collision_index,collision_year,collision_ref_no,vehicle_reference,vehicle_type,towing_and_articulation,vehicle_manoeuvre_historic,vehicle_manoeuvre,vehicle_direction_from,vehicle_direction_to,vehicle_location_restricted_lane_historic,vehicle_location_restricted_lane,junction_location,skidding_and_overturning,hit_object_in_carriageway,vehicle_leaving_carriageway,hit_object_off_carriageway,first_point_of_impact,vehicle_left_hand_drive,journey_purpose_of_driver_historic,journey_purpose_of_driver,sex_of_driver,age_of_driver,age_band_of_driver,engine_capacity_cc,propulsion_code,age_of_vehicle,generic_make_model,driver_imd_decile,lsoa_of_driver,escooter_flag,driver_distance_banding
2021041106960,2021,041106960,2,9,0,18,19,1,1,0,0,1,0,0,0,0,2,1,5,6,1,56,9,1997,2,13,FORD S-MAX,2,E01025051,0,-1
2021111082393,2021,111082393,3,9,0,18,19,8,3,0,0,0,0,0,0,0,3,1,5,6,1,35,6,1997,2,11,FORD S-MAX,2,E01020795,0,-1
2021201112516,2021,201112516,2,9,0,9,9,3,2,0,0,5,0,10,7,10,4,1,6,6,1,52,8,1997,2,10,FORD S-MAX,2,E01010476,0,-1
2021141108518,2021,141108518,1,9,0,18,19,3,7,0,0,0,0,0,0,0,1,1,6,6,1,46,8,1997,2,10,FORD S-MAX,1,E01007716,0,-1
2021411070752,2021,411070752,1,9,0,18,19,4,8,0,0,0,0,0,0,0,1,1,5,6,2,32,6,1997,2,13,FORD S-MAX,-1,-1,0,-1
2021351093838,2021,351093838,1,9,0,5,5,3,1,0,0,0,0,0,0,0,4,1,6,6,2,32,6,1753,2,14,FORD S-MAX,2,E01018091,0,-1
2021430406611,2021,430406611,2,9,0,18,19,4,8,0,0,0,0,0,0,0,2,1,6,6,1,54,8,1997,2,11,FORD S-MAX,8,E01024744,0,-1
2021991038761,2021,991038761,2,9,0,18,19,3,7,0,0,0,0,0,1,0,4,1,5,6,1,44,7,1997,2,13,FORD S-MAX,7,-1,0,-1
2021031029927,2021,031029927,2,9,0,18,19,5,5,0,0,2,0,0,0,0,4,1,2,2,2,35,6,1997,2,5,FORD S-MAX,2,E01019210,0,-1
2021041103364,2021,041103364,2,9,0,4,4,4,8,0,0,3,0,0,0,0,4,1,5,6,1,53,8,1997,2,10,FORD S-MAX,1,E01033231,0,-1
2021302102127,2021,302102127,2,9,0,11,11,8,4,0,0,8,0,0,0,0,4,1,6,6,1,35,6,1997,2,14,FORD S-MAX,-1,-1,0,-1
2021061047879,2021,061047879,1,9,0,18,19,7,3,0,0,1,0,0,0,0,1,1,6,6,1,30,6,1753,2,13,FORD S-MAX,1,E01005933,0,-1
2021501046112,2021,501046112,2,9,0,3,3,5,3,0,0,1,0,0,0,0,2,1,6,6,2,35,6,1997,2,14,FORD S-MAX,2,E01020103,0,-1
2021361045062,2021,361045062,1,9,0,18,19,3,7,0,0,0,0,0,0,0,3,1,1,1,1,48,8,1997,2,13,FORD S-MAX,9,E01026509,0,-1
2021010334673,2021,010334673,1,9,0,9,9,1,8,0,0,1,0,0,0,0,3,1,6,6,2,54,8,1995,2,0,FORD S-MAX,8,E01004502,0,-1
2021501130085,2021,501130085,1,5,0,7,7,8,4,0,0,5,1,0,0,0,4,1,5,6,2,62,9,644,1,21,-1,6,E01015184,0,-1
2021430300766,2021,430300766,1,3,0,9,9,7,6,0,0,8,0,0,0,0,3,1,2,2,1,18,4,125,1,16,HONDA SES125,6,E01016268,0,-1
2021010340695,2021,010340695,2,3,0,18,19,7,3,0,0,1,0,0,0,0,1,1,6,6,1,66,10,125,1,15,HONDA SES125,-1,-1,0,-1
2021440187664,2021,440187664,1,3,0,17,19,7,3,0,0,0,0,0,1,9,1,1,6,6,1,30,6,125,1,18,HONDA SES125,-1,-1,0,-1
2021010314622,2021,010314622,1,4,0,18,19,5,1,0,0,1,0,0,0,0,1,1,6,6,1,22,5,125,1,16,HONDA SES125,8,E01030393,0,-1
2021320575496,2021,320575496,2,3,0,13,13,3,7,0,0,0,5,0,0,0,2,1,6,6,1,20,4,125,1,17,HONDA SES125,7,E01026106,0,-1
2021501048228,2021,501048228,2,3,0,18,19,8,4,0,0,8,0,0,0,0,1,1,6,6,2,55,8,125,1,16,HONDA SES125,1,E01015080,0,-1
2021411023182,2021,411023182,1,4,0,3,3,5,1,0,0,2,0,0,0,0,1,1,2,2,1,19,4,125,1,16,-1,3,E01023866,0,-1
2021010327374,2021,010327374,1,3,0,4,4,7,3,0,0,2,0,0,1,0,2,1,2,2,1,25,5,125,1,15,HONDA SES125,4,E01001241,0,-1
2021461105700,2021,461105700,2,3,0,3,3,1,5,0,0,0,0,0,0,0,3,1,2,2,1,29,6,125,1,16,HONDA SES125,1,E01024295,0,-1
2021010341623,2021,010341623,2,3,0,15,15,5,1,0,0,2,0,0,0,0,1,1,2,2,1,34,6,125,1,14,HONDA SES125,5,E01031583,0,-1
2021430513849,2021,430513849,1,3,0,14,14,4,8,0,0,0,0,0,0,0,4,1,2,2,1,47,8,125,1,18,HONDA SES125,2,E01000482,0,-1
2021010332952,2021,010332952,1,3,9,99,99,9,9,99,99,9,9,99,9,99,9,9,1,1,1,23,5,125,1,15,HONDA SES125,7,E01002182,0,-1
2021010330403,2021,010330403,1,3,0,17,19,1,5,0,0,0,0,0,0,0,4,1,1,1,1,47,8,125,1,16,HONDA SES125,3,E01004571,0,-1
2021501116683,2021,501116683,2,17,0,18,19,3,7,0,0,2,0,0,0,0,1,1,1,1,1,74,10,-1,2,37,-1,4,E01020288,0,-1
2021101080891,2021,101080891,2,17,5,18,19,4,8,0,0,0,0,0,0,0,2,1,1,1,1,27,6,8984,2,5,-1,4,E01027380,0,-1
2021010295984,2021,010295984,1,9,0,5,5,3,7,0,0,8,0,0,0,0,1,1,1,1,1,29,6,1997,1,2,LAND ROVER RANGE ROVER VELAR,2,E01001750,0,-1
2021552100508,2021,552100508,2,9,0,9,9,8,6,0,0,8,0,0,0,0,3,1,6,6,1,63,9,2993,2,3,LAND ROVER RANGE ROVER VELAR,10,E01015455,0,-1
2021471036545,2021,471036545,2,9,0,4,4,1,5,0,0,1,0,0,0,0,2,1,5,6,2,61,9,2993,2,3,LAND ROVER RANGE ROVER VELAR,9,E01031751,0,-1
2021302100040,2021,302100040,2,9,0,18,19,4,8,0,0,8,0,0,0,0,4,1,6,6,1,26,6,1999,2,2,LAND ROVER RANGE ROVER VELAR,5,E01019791,0,-1
2021010288361,2021,010288361,2,9,9,18,19,5,1,0,0,9,9,99,9,99,9,9,6,6,1,37,7,1997,1,1,LAND ROVER RANGE ROVER VELAR,10,E01002387,0,-1
2021031115062,2021,031115062,3,9,0,18,19,7,6,0,0,0,0,0,0,0,1,1,6,6,1,52,8,1999,2,3,LAND ROVER RANGE ROVER VELAR,-1,-1,0,-1
2021061055391,2021,061055391,3,9,0,9,9,3,1,0,0,8,0,0,0,0,3,1,6,6,1,34,6,1999,2,1,LAND ROVER RANGE ROVER VELAR,-1,-1,0,-1
2021451047360,2021,451047360,3,9,0,2,2,1,1,0,0,0,0,0,0,0,4,1,6,6,1,39,7,1999,2,1,LAND ROVER RANGE ROVER VELAR,10,E01028460,0,-1
2021010320836,2021,010320836,1,9,0,3,3,3,7,0,0,0,0,0,0,0,3,1,1,1,2,47,8,2993,2,3,LAND ROVER RANGE ROVER VELAR,9,E01001127,0,-1
2021201133946,2021,201133946,3,9,0,18,19,6,2,0,0,0,0,0,0,0,2,1,6,6,1,55,8,1999,2,3,LAND ROVER RANGE ROVER VELAR,10,E01013465,0,-1
2021010313336,2021,010313336,1,9,0,18,19,5,1,0,0,8,0,0,0,0,1,1,6,6,1,76,11,1999,2,4,LAND ROVER RANGE ROVER VELAR,10,E01022873,0,-1
2021471082517,2021,471082517,1,9,0,18,19,7,3,0,0,0,0,0,0,0,3,1,6,6,1,47,8,1999,2,2,LAND ROVER RANGE ROVER VELAR,6,E01016178,0,-1
2021201125633,2021,201125633,1,9,0,18,19,4,8,0,0,8,1,0,7,0,4,1,6,6,1,28,6,1999,2,3,LAND ROVER RANGE ROVER VELAR,1,E01009881,0,-1
2021522103341,2021,522103341,3,9,0,7,7,7,1,0,0,8,0,0,0,0,2,1,6,6,2,49,8,1997,1,1,LAND ROVER RANGE ROVER VELAR,10,E01014377,0,-1
2021421126174,2021,421126174,1,9,0,18,19,1,5,0,0,2,0,0,0,0,1,1,5,6,1,67,10,1997,1,2,LAND ROVER RANGE ROVER VELAR,8,E01021537,0,-1
2021122100772,2021,122100772,3,9,0,3,3,3,7,0,0,0,0,0,0,0,2,1,6,6,2,41,7,1999,2,2,LAND ROVER RANGE ROVER VELAR,1,E01011746,0,-1
2021131071086,2021,131071086,4,9,0,18,19,1,5,0,0,0,0,4,0,0,1,1,6,6,2,32,6,2993,2,3,LAND ROVER RANGE ROVER VELAR,8,E01013421,0,-1
2021421090735,2021,421090735,2,9,0,18,19,1,5,0,0,1,0,0,0,0,1,1,5,6,1,56,9,1999,2,1,LAND ROVER RANGE ROVER VELAR,6,E01004361,0,-1
2021031074826,2021,031074826,1,9,0,18,19,4,8,0,0,0,1,0,7,4,1,1,5,6,1,40,7,5000,1,1,LAND ROVER RANGE ROVER VELAR,3,E01024880,0,-1
2021411108313,2021,411108313,2,9,0,5,5,-1,-1,0,0,0,0,0,0,0,3,1,2,2,1,35,6,1999,2,4,LAND ROVER RANGE ROVER VELAR,10,E01023741,0,-1
2021461109870,2021,461109870,2,9,0,16,19,7,3,0,0,0,0,0,0,0,3,1,6,6,1,39,7,1999,2,4,LAND ROVER RANGE ROVER VELAR,8,E01024076,0,-1
2021221036891,2021,221036891,4,9,0,17,19,8,4,0,0,0,0,0,0,0,3,1,5,6,1,65,9,2993,2,3,LAND ROVER RANGE ROVER VELAR,8,E01014111,0,-1
2021211097218,2021,211097218,2,9,0,18,19,1,5,0,0,0,0,0,0,0,1,1,6,6,1,53,8,1999,2,2,LAND ROVER RANGE ROVER VELAR,6,E01014351,0,-1
2021531052396,2021,531052396,1,9,0,18,19,5,5,0,0,0,1,11,5,6,1,1,5,6,2,33,6,1999,2,3,LAND ROVER RANGE ROVER VELAR,5,E01003650,0,-1
2021361097070,2021,361097070,1,9,0,18,19,6,2,0,0,0,0,0,0,0,3,1,5,6,1,36,7,1999,2,2,LAND ROVER RANGE ROVER VELAR,6,E01026580,0,-1
2021010322017,2021,010322017,2,9,0,10,10,1,7,0,0,1,0,0,0,0,3,1,6,6,1,35,6,1999,2,4,LAND ROVER RANGE ROVER VELAR,4,E01001353,0,-1
2021201075398,2021,201075398,1,9,0,18,19,8,4,0,0,0,0,0,0,0,1,1,6,6,1,61,9,1999,2,2,LAND ROVER RANGE ROVER VELAR,9,E01008991,0,-1
2021320315071,2021,320315071,1,9,0,18,19,4,8,0,0,1,0,0,0,0,4,1,2,2,1,48,8,2993,2,2,LAND ROVER RANGE ROVER VELAR,8,E01026238,0,-1
2021430007297,2021,430007297,1,9,0,18,19,7,3,0,0,0,1,0,7,2,1,1,6,6,2,29,6,1999,2,2,LAND ROVER RANGE ROVER VELAR,7,E01016545,0,-1
2021501034037,2021,501034037,2,9,0,18,19,7,3,0,0,8,0,0,0,0,3,1,6,6,1,34,6,1997,1,3,LAND ROVER RANGE ROVER VELAR,4,E01018890,0,-1
2021010300334,2021,010300334,2,9,0,18,19,7,3,0,0,1,0,0,0,0,1,1,6,6,2,39,7,1997,1,3,LAND ROVER RANGE ROVER VELAR,10,E01003465,0,-1
2021991061890,2021,991061890,1,9,0,18,19,5,1,0,0,8,0,0,0,0,1,1,1,1,2,35,6,1999,2,3,LAND ROVER RANGE ROVER VELAR,8,-1,0,-1
2021141061806,2021,141061806,2,9,0,12,12,1,5,0,0,0,0,0,0,0,3,1,5,6,1,40,7,1999,2,2,LAND ROVER RANGE ROVER VELAR,10,E01007933,0,-1
2021010324813,2021,010324813,2,9,0,9,9,4,1,0,0,4,0,0,0,0,1,1,6,6,1,27,6,1999,2,3,LAND ROVER RANGE ROVER VELAR,3,E01016474,0,-1
2021010295899,2021,010295899,1,9,0,5,5,1,5,0,0,1,0,0,0,0,3,1,6,6,1,31,6,1999,2,3,LAND ROVER RANGE ROVER VELAR,8,E01004582,0,-1
2021411019921,2021,411019921,1,9,0,9,9,5,3,0,0,5,0,0,0,0,4,1,5,6,2,40,7,1999,2,3,LAND ROVER RANGE ROVER VELAR,4,E01023302,0,-1
2021201104634,2021,201104634,1,9,0,18,19,1,5,0,0,0,0,0,0,0,4,1,6,6,2,30,6,1999,2,3,LAND ROVER RANGE ROVER VELAR,7,W01001817,0,-1
2021451081750,2021,451081750,2,9,0,18,19,3,7,0,0,0,0,0,0,0,2,1,5,6,1,62,9,1997,1,2,LAND ROVER RANGE ROVER VELAR,9,E01021512,0,-1
2021010321437,2021,010321437,1,9,0,9,9,1,6,0,0,8,0,0,0,0,3,1,6,6,2,33,6,1997,1,2,LAND ROVER RANGE ROVER VELAR,10,E01017762,0,-1
2021991091530,2021,991091530,4,9,0,3,3,6,2,0,0,0,0,0,0,0,2,1,5,6,2,47,8,1997,8,0,LAND ROVER RANGE ROVER VELAR,9,-1,0,-1
2021440016665,2021,440016665,2,9,0,16,19,1,5,0,0,0,0,0,0,0,1,1,6,6,1,47,8,1999,2,4,LAND ROVER RANGE ROVER VELAR,10,E01022856,0,-1
2021010324336,2021,010324336,2,9,0,3,3,1,5,0,0,0,0,0,0,0,1,1,6,6,1,35,6,1999,2,4,LAND ROVER RANGE ROVER VELAR,4,E01023336,0,-1
2021221104726,2021,221104726,1,9,0,18,19,3,7,0,0,0,5,0,1,7,1,1,5,6,1,51,8,1999,2,1,LAND ROVER RANGE ROVER VELAR,9,E01032362,0,-1
2021231060132,2021,231060132,2,9,0,9,9,3,1,0,0,6,0,0,0,0,4,1,5,6,1,65,9,1999,2,2,LAND ROVER RANGE ROVER VELAR,8,E01031011,0,-1
2021451095456,2021,451095456,1,9,0,17,19,2,6,0,0,1,0,0,0,0,1,1,5,6,1,66,10,1997,1,2,LAND ROVER RANGE ROVER VELAR,10,E01030691,0,-1
2021440323721,2021,440323721,2,9,0,18,19,5,1,0,0,8,0,0,5,1,4,1,6,6,1,53,8,2993,2,1,LAND ROVER RANGE ROVER VELAR,6,E01023199,0,-1
2021010316093,2021,010316093,2,9,0,18,19,8,4,0,0,1,0,0,0,0,1,1,6,6,2,62,9,1999,2,2,LAND ROVER RANGE ROVER VELAR,4,E01003740,0,-1
2021010332036,2021,010332036,1,9,0,9,9,3,1,0,0,5,0,0,0,0,1,1,6,6,1,25,5,2993,2,3,LAND ROVER RANGE ROVER VELAR,-1,-1,0,-1
2021010347198,2021,010347198,1,9,0,5,5,2,6,0,0,1,0,4,0,0,1,1,6,6,2,23,5,1999,2,2,LAND ROVER RANGE ROVER VELAR,3,E01033583,0,-1
2021131079545,2021,131079545,2,9,0,18,19,1,5,0,0,1,0,0,0,0,4,1,6,6,1,54,8,1999,2,4,LAND ROVER RANGE ROVER VELAR,9,E01011311,0,-1
2021010305726,2021,010305726,1,9,0,18,19,1,5,0,0,1,0,0,0,0,2,1,6,6,2,36,7,1999,2,3,LAND ROVER RANGE ROVER VELAR,3,E01000495,0,-1
2021421058642,2021,421058642,1,9,0,7,7,3,7,0,0,0,0,0,0,0,0,1,6,6,1,39,7,1999,2,1,LAND ROVER RANGE ROVER VELAR,3,E01021594,0,-1
2021371068070,2021,371068070,2,9,0,5,5,5,1,0,0,4,0,0,0,0,2,1,5,6,2,41,7,1999,2,3,LAND ROVER RANGE ROVER VELAR,6,E01030057,0,-1
2021010335953,2021,010335953,1,9,0,18,19,1,5,0,0,1,0,4,0,0,4,1,6,6,1,22,5,1999,2,3,LAND ROVER RANGE ROVER VELAR,2,E01001464,0,-1
2021131040992,2021,131040992,1,9,0,4,4,1,5,0,0,1,0,0,0,0,2,1,6,6,2,27,6,1999,2,3,LAND ROVER RANGE ROVER VELAR,9,E01011311,0,-1
2021010334638,2021,010334638,2,9,0,99,99,9,9,99,99,8,9,99,9,99,1,9,6,6,3,-1,-1,1997,1,4,LAND ROVER RANGE ROVER VELAR,-1,-1,0,-1
2021010336530,2021,010336530,1,9,9,18,19,7,3,99,99,9,9,99,9,99,4,9,6,6,3,-1,-1,2995,1,4,LAND ROVER RANGE ROVER VELAR,-1,-1,0,-1
2021991032798,2021,991032798,3,9,0,18,19,5,1,0,0,0,0,0,0,0,0,1,6,6,1,43,7,1999,2,1,LAND ROVER RANGE ROVER VELAR,8,-1,0,-1
2021010287312,2021,010287312,1,9,0,5,5,3,7,0,0,3,0,0,0,0,0,1,6,6,1,42,7,1999,2,2,LAND ROVER RANGE ROVER VELAR,4,E01021651,0,-1
2021201104591,2021,201104591,2,9,0,9,9,4,2,0,0,6,0,0,0,0,1,1,6,6,1,66,10,2993,2,3,LAND ROVER RANGE ROVER VELAR,9,E01010215,0,-1
2021131043673,2021,131043673,1,9,0,17,19,1,5,0,0,8,0,0,1,4,-1,2,6,6,1,25,5,2993,2,4,LAND ROVER RANGE ROVER VELAR,8,E01011252,0,-1
2021320359566,2021,320359566,2,9,0,18,19,3,7,0,0,0,0,0,0,0,2,1,6,6,1,59,9,1999,2,2,LAND ROVER RANGE ROVER VELAR,10,E01007147,0,-1
2021041024864,2021,041024864,1,9,0,18,19,7,3,0,0,0,5,0,7,4,1,1,6,6,1,58,9,1999,2,2,LAND ROVER RANGE ROVER VELAR,8,E01024993,0,-1
2021010315883,2021,010315883,1,9,0,99,99,9,9,99,99,9,9,99,9,99,1,9,2,2,2,41,7,1999,2,4,LAND ROVER RANGE ROVER VELAR,2,E01003313,0,-1
2021010340272,2021,010340272,2,9,3,9,9,6,4,0,0,1,0,0,0,0,3,1,6,6,1,33,6,1999,2,4,LAND ROVER RANGE ROVER VELAR,1,E01003048,0,-1
2021471068716,2021,471068716,2,9,0,4,4,8,4,1,1,0,0,0,0,0,2,1,5,6,2,36,7,1999,2,2,LAND ROVER RANGE ROVER VELAR,9,E01031742,0,-1
2021201083551,2021,201083551,3,9,0,3,3,2,6,0,0,1,0,0,0,0,3,1,6,6,2,31,6,1997,1,0,LAND ROVER RANGE ROVER VELAR,9,E01031268,0,-1
2021010333451,2021,010333451,1,9,0,18,19,1,5,0,0,1,0,11,0,0,1,1,6,6,1,51,8,1999,2,2,LAND ROVER RANGE ROVER VELAR,8,E01000412,0,-1
2021010320895,2021,010320895,2,9,0,99,99,9,9,99,99,9,9,99,9,99,9,9,6,6,3,48,8,1997,1,3,LAND ROVER RANGE ROVER VELAR,9,E01000670,0,-1
2021451115621,2021,451115621,3,9,0,18,19,5,1,0,0,0,0,0,0,0,1,1,5,6,2,69,10,2993,2,4,LAND ROVER RANGE ROVER VELAR,10,E01031502,0,-1
2021011020801,2021,011020801,1,9,0,14,14,7,3,0,0,0,1,11,8,0,1,1,5,6,1,29,6,2995,1,3,LAND ROVER RANGE ROVER VELAR,6,E01024472,0,-1
2021461093728,2021,461093728,2,9,0,18,19,5,1,0,0,0,0,0,0,0,1,1,6,6,1,46,8,2993,2,2,LAND ROVER RANGE ROVER VELAR,3,E01000312,0,-1
2021401092573,2021,401092573,1,9,0,18,19,3,7,0,0,3,0,0,0,0,3,1,2,2,1,63,9,1999,2,3,LAND ROVER RANGE ROVER VELAR,8,E01016780,0,-1
2021122101517,2021,122101517,1,9,0,4,4,7,3,0,0,0,0,0,0,0,2,1,6,6,2,59,9,1997,1,3,LAND ROVER RANGE ROVER VELAR,8,E01027900,0,-1
2021471106758,2021,471106758,1,9,0,18,19,3,7,0,0,1,0,0,0,0,4,1,6,6,1,34,6,1999,2,2,LAND ROVER RANGE ROVER VELAR,1,E01006693,0,-1
2021421026038,2021,421026038,1,9,0,17,19,5,2,0,0,0,0,0,0,0,1,1,2,2,1,45,7,1999,2,3,LAND ROVER RANGE ROVER VELAR,1,E01024278,0,-1
2021010293492,2021,010293492,1,9,0,7,7,5,6,0,0,5,0,0,0,0,3,1,6,6,1,66,10,1997,1,3,LAND ROVER RANGE ROVER VELAR,10,E01000280,0,-1
2021501110886,2021,501110886,3,9,0,2,2,0,0,0,0,0,0,0,0,0,3,1,5,6,1,77,11,1997,1,2,LAND ROVER RANGE ROVER VELAR,9,E01022139,0,-1
2021010336756,2021,010336756,2,9,0,99,99,9,9,0,0,0,0,0,0,0,9,9,6,6,3,-1,-1,1999,2,1,LAND ROVER RANGE ROVER VELAR,-1,-1,0,-1
2021421097760,2021,421097760,1,9,0,18,19,1,5,0,0,0,0,0,0,0,1,1,6,6,1,44,7,1999,2,2,LAND ROVER RANGE ROVER VELAR,9,E01021748,0,-1
2021010348536,2021,010348536,1,9,0,99,99,9,9,99,99,9,9,99,9,99,2,9,6,6,1,31,6,1999,2,2,LAND ROVER RANGE ROVER VELAR,6,E01003002,0,-1
2021061046128,2021,061046128,1,9,0,18,19,1,5,0,0,1,0,0,0,0,4,1,5,6,2,49,8,1999,2,3,LAND ROVER RANGE ROVER VELAR,3,E01005760,0,-1
2021070408148,2021,070408148,2,9,0,18,19,1,5,0,0,0,0,0,0,0,1,1,2,2,2,41,7,1999,2,3,LAND ROVER RANGE ROVER VELAR,10,E01018603,0,-1
2021010305434,2021,010305434,1,9,0,9,9,5,3,0,0,6,0,0,0,0,1,1,6,6,1,70,10,1999,2,1,LAND ROVER RANGE ROVER VELAR,7,E01000986,0,-1
2021430549602,2021,430549602,1,9,0,9,9,2,8,0,0,4,0,0,0,0,4,1,6,6,1,43,7,1998,2,0,LAND ROVER RANGE ROVER VELAR,9,E01009801,0,-1
2021421103814,2021,421103814,1,9,0,3,3,3,7,0,0,0,0,0,0,0,1,1,3,7,2,34,6,1999,2,1,LAND ROVER RANGE ROVER VELAR,4,E01015953,0,-1
2021411130199,2021,411130199,2,9,0,5,5,1,5,0,0,4,0,0,0,0,2,1,5,6,1,42,7,1999,2,4,LAND ROVER RANGE ROVER VELAR,6,E01023340,0,-1
2021041088112,2021,041088112,1,9,0,18,19,1,5,0,0,0,0,0,0,0,1,1,5,6,2,45,7,1999,2,2,LAND ROVER RANGE ROVER VELAR,8,E01025241,0,-1
2021421033477,2021,421033477,1,9,0,10,10,1,3,0,0,4,0,0,0,0,1,1,6,6,2,33,6,1999,2,2,LAND ROVER RANGE ROVER VELAR,3,E01016012,0,-1
2021411020949,2021,411020949,1,9,0,5,5,8,1,0,0,0,0,0,0,0,1,1,5,6,2,38,7,1999,2,3,LAND ROVER RANGE ROVER VELAR,9,E01023831,0,-1
2021138270688,2021,138270688,1,9,0,18,19,5,3,0,0,0,0,11,0,0,1,1,6,6,1,27,6,1999,2,1,LAND ROVER RANGE ROVER VELAR,-1,-1,0,-1
2021010302502,2021,010302502,1,9,0,99,99,9,9,99,99,9,9,99,9,99,1,9,6,6,1,34,6,1999,2,4,LAND ROVER RANGE ROVER VELAR,3,E01004200,0,-1
2021010308715,2021,010308715,2,9,0,99,99,9,9,99,99,9,9,99,9,99,9,9,6,6,3,-1,-1,1999,2,1,LAND ROVER RANGE ROVER VELAR,7,E01002911,0,-1
2021211092612,2021,211092612,2,9,0,18,19,6,2,0,0,1,0,0,0,0,1,1,5,6,2,33,6,1999,2,2,LAND ROVER RANGE ROVER VELAR,7,E01029519,0,-1
2021010339077,2021,010339077,2,9,0,99,99,9,9,99,99,9,9,99,9,99,1,9,6,6,2,20,4,1999,2,4,LAND ROVER RANGE ROVER VELAR,6,E01030643,0,-1
2021221033922,2021,221033922,3,9,0,18,19,4,8,0,0,2,1,0,0,0,1,1,5,6,1,69,10,1999,2,2,LAND ROVER RANGE ROVER VELAR,9,E01018339,0,-1
2021531066979,2021,531066979,2,9,0,10,10,1,5,0,0,5,0,0,0,0,2,1,5,6,1,38,7,1999,2,1,LAND ROVER RANGE ROVER VELAR,8,E01022247,0,-1
2021411092901,2021,411092901,2,9,0,3,3,3,7,0,0,0,0,0,0,0,2,1,6,6,1,49,8,1999,2,1,LAND ROVER RANGE ROVER VELAR,10,E01023647,0,-1
2021991033438,2021,991033438,1,9,0,1,1,6,2,0,0,0,0,0,0,0,2,1,6,6,1,55,8,1999,2,2,LAND ROVER RANGE ROVER VELAR,3,-1,0,-1
2021520102274,2021,520102274,2,9,0,4,4,6,2,0,0,0,0,0,0,0,1,1,6,6,3,30,6,2995,1,3,LAND ROVER RANGE ROVER VELAR,-1,-1,0,-1
2021991092397,2021,991092397,1,9,0,4,4,8,3,0,0,1,0,0,0,0,1,1,6,6,1,62,9,1999,2,2,LAND ROVER RANGE ROVER VELAR,6,-1,0,-1
2021070301125,2021,070301125,1,9,0,9,9,1,7,0,0,6,0,0,0,0,1,1,6,6,2,50,8,1999,2,2,LAND ROVER RANGE ROVER VELAR,10,E01012513,0,-1
2021552200065,2021,552200065,1,9,0,6,6,6,6,0,0,8,0,0,0,0,3,1,6,6,2,31,6,1999,2,1,LAND ROVER RANGE ROVER VELAR,10,E01020402,0,-1
2021061140361,2021,061140361,1,2,0,3,3,3,7,0,0,0,0,0,0,0,2,1,6,6,1,18,4,50,1,7,-1,2,E01004858,0,-1
2021471092411,2021,471092411,1,9,0,17,19,4,8,0,0,0,1,0,1,4,1,1,5,6,2,37,7,1997,2,9,-1,9,E01031623,0,-1
2021011122241,2021,011122241,1,3,0,18,19,1,5,0,0,0,0,0,0,0,1,1,5,6,1,28,6,125,1,4,-1,3,E01004229,0,-1
2021351082471,2021,351082471,1,3,0,5,5,3,8,0,0,0,0,0,0,0,3,1,6,6,1,29,6,125,1,2,-1,5,E01018009,0,-1
2021010335483,2021,010335483,1,4,0,18,19,7,3,5,5,5,2,10,7,0,1,1,6,6,1,33,6,-1,-1,-1,MAKE AND MODEL REDACTED,-1,-1,0,-1
2021010316663,2021,010316663,1,4,0,18,19,7,3,0,0,8,0,0,0,0,1,1,6,6,1,23,5,-1,-1,-1,MAKE AND MODEL REDACTED,2,E01004024,0,-1
2021010288306,2021,010288306,1,4,0,18,19,3,7,9,9,8,0,10,1,4,4,1,1,1,1,30,6,-1,-1,-1,MAKE AND MODEL REDACTED,-1,-1,0,-1
2021471100914,2021,471100914,2,4,0,18,19,2,6,0,0,0,0,0,0,0,1,1,6,6,1,31,6,-1,-1,-1,MAKE AND MODEL REDACTED,9,E01016940,0,-1
2021010343589,2021,010343589,2,2,0,13,13,1,5,0,0,2,0,0,7,0,1,1,2,2,1,48,8,124,1,14,-1,6,E01002113,0,-1
2021010339601,2021,010339601,2,3,9,99,99,9,9,99,99,9,9,99,9,99,9,1,6,6,3,42,7,124,1,9,-1,1,E01033598,0,-1
2021010306718,2021,010306718,1,9,0,18,19,2,6,0,0,0,0,0,0,0,1,1,6,6,1,41,7,493,1,8,-1,-1,-1,0,-1
2021010331830,2021,010331830,2,5,0,13,13,3,7,0,0,1,0,0,7,0,1,1,6,6,1,54,8,996,1,16,-1,2,E01001575,0,-1
2021471067924,2021,471067924,2,5,0,18,19,5,1,0,0,0,0,0,0,0,2,1,6,6,1,29,6,996,1,18,-1,9,E01024827,0,-1