collision_index,collision_year,collision_ref_no,vehicle_reference,vehicle_type,towing_and_articulation,vehicle_manoeuvre_historic,vehicle_manoeuvre,vehicle_direction_from,vehicle_direction_to,vehicle_location_restricted_lane_historic,vehicle_location_restricted_lane,junction_location,skidding_and_overturning,hit_object_in_carriageway,vehicle_leaving_carriageway,hit_object_off_carriageway,first_point_of_impact,vehicle_left_hand_drive,journey_purpose_of_driver_historic,journey_purpose_of_driver,sex_of_driver,age_of_driver,age_band_of_driver,engine_capacity_cc,propulsion_code,age_of_vehicle,generic_make_model,driver_imd_decile,lsoa_of_driver,escooter_flag,driver_distance_banding
2021161076431,2021,161076431,1,5,0,18,19,3,7,0,0,0,1,0,0,0,0,1,5,6,1,63,9,996,1,16,-1,9,E01013120,0,-1
2021010338150,2021,010338150,1,5,0,13,13,3,7,0,0,1,0,0,0,0,1,1,1,1,1,41,7,996,1,17,-1,-1,-1,0,-1
2021471050559,2021,471050559,2,5,0,18,19,7,3,0,0,0,0,0,0,0,2,1,5,6,1,41,7,996,1,17,-1,2,E01003196,0,-1
2021361076355,2021,361076355,1,5,0,18,19,7,3,0,0,7,1,0,0,0,1,1,5,6,1,50,8,996,1,17,-1,2,E01029938,0,-1
2021041047963,2021,041047963,2,5,0,18,19,7,3,0,0,1,0,0,0,0,1,1,5,6,1,35,6,996,1,18,-1,6,E01032928,0,-1
2021141076760,2021,141076760,2,5,0,18,19,2,7,0,0,1,0,0,0,0,1,1,5,6,1,47,8,996,1,15,-1,8,E01007362,0,-1
2021501086049,2021,501086049,1,9,0,18,19,5,1,0,0,0,1,0,0,0,1,1,6,6,1,39,7,2400,2,9,VOLVO V60,7,E01029871,0,-1
202134NNC0411,2021,34NNC0411,2,9,0,5,5,7,1,0,0,4,0,0,0,0,2,1,6,6,2,28,6,1560,2,9,VOLVO V60,5,E01026981,0,-1
2021548404921,2021,548404921,2,9,0,9,9,6,4,0,0,6,0,0,0,0,3,1,6,6,1,74,10,1969,2,7,VOLVO V60,7,E01032025,0,-1
2021201078667,2021,201078667,3,9,0,3,3,1,5,0,0,0,0,0,0,0,3,1,6,6,2,-1,-1,2400,12,5,VOLVO V60,-1,-1,0,-1
2021320459259,2021,320459259,2,9,0,17,19,7,3,0,0,0,0,0,0,0,3,1,6,6,1,69,10,1969,2,3,VOLVO V60,2,E01028319,0,-1
202131C044821,2021,31C044821,2,9,0,18,19,5,1,0,0,8,0,0,7,0,1,1,6,6,1,35,6,2400,2,9,VOLVO V60,1,E01013880,0,-1
2021010296435,2021,010296435,1,9,9,1,1,1,5,99,99,9,9,99,9,99,2,1,6,6,1,85,11,1969,2,3,VOLVO V60,6,E01001083,0,-1
2021991112113,2021,991112113,2,9,0,18,19,8,4,0,0,8,0,0,0,0,1,1,5,6,1,62,9,1969,2,5,VOLVO V60,7,-1,0,-1
2021520200954,2021,520200954,1,9,0,18,19,1,7,0,0,4,0,0,0,2,1,1,6,6,1,66,10,2400,12,5,VOLVO V60,6,E01029121,0,-1
2021531122087,2021,531122087,4,9,0,5,5,1,5,0,0,0,0,2,0,0,2,1,5,6,1,55,8,1969,2,2,VOLVO V60,4,E01022241,0,-1
2021361025248,2021,361025248,1,9,0,18,19,5,1,0,0,0,0,0,0,0,3,1,5,6,1,46,8,1969,2,3,VOLVO V60,5,E01026720,0,-1
20211382A0432,2021,1382A0432,2,9,0,18,19,8,4,0,0,1,0,0,0,0,1,1,6,6,1,47,8,1560,2,9,VOLVO V60,3,E01010779,0,-1
2021451037768,2021,451037768,1,9,0,18,19,1,5,0,0,0,0,0,0,0,1,1,3,7,1,55,8,1560,2,7,VOLVO V60,7,E01030594,0,-1
2021010336700,2021,010336700,1,9,0,99,99,9,9,99,99,0,9,99,9,99,9,9,6,6,1,46,8,1969,2,4,VOLVO V60,5,E01001086,0,-1
2021010342304,2021,010342304,1,9,0,9,9,3,2,0,0,1,0,0,0,0,1,1,6,6,2,59,9,1969,8,0,VOLVO V60,4,E01001137,0,-1
2021440488967,2021,440488967,1,9,0,18,19,5,1,4,4,8,0,0,0,0,1,1,6,6,1,43,7,1969,2,6,VOLVO V60,10,E01022509,0,-1
2021141061877,2021,141061877,2,9,0,2,2,1,5,0,0,0,0,0,0,0,4,1,6,6,3,-1,-1,1969,12,1,VOLVO V60,-1,-1,0,-1
2021231076095,2021,231076095,2,9,0,3,3,1,5,0,0,1,0,0,0,0,2,1,6,6,2,39,7,1984,2,8,VOLVO V60,7,E01029491,0,-1
2021010332449,2021,010332449,2,9,0,99,99,9,9,99,99,9,9,99,9,99,2,9,6,6,1,45,7,1969,2,7,VOLVO V60,7,E01023445,0,-1
2021302100573,2021,302100573,1,9,0,15,15,6,2,0,0,1,0,0,0,0,4,1,6,6,1,-1,-1,1969,2,5,VOLVO V60,10,E01019833,0,-1
2021101094851,2021,101094851,1,9,0,9,9,4,2,0,0,0,0,0,0,0,1,1,6,6,1,61,9,2400,12,6,VOLVO V60,10,E01027471,0,-1
2021430263199,2021,430263199,1,9,0,1,1,3,7,0,0,1,0,0,0,0,2,1,6,6,1,-1,-1,2400,2,7,VOLVO V60,-1,-1,0,-1
202154B799821,2021,54B799821,2,9,0,2,2,0,0,0,0,0,0,0,0,0,2,1,6,6,2,48,8,2400,12,4,VOLVO V60,8,E01032050,0,-1
2021421047977,2021,421047977,3,8,0,18,19,5,1,0,0,0,0,0,0,0,3,1,1,1,1,43,7,1969,2,6,VOLVO V60,4,E01017475,0,-1
2021161035481,2021,161035481,2,9,0,3,3,4,8,0,0,0,0,0,0,0,2,1,6,6,2,39,7,1969,2,6,VOLVO V60,8,E01026368,0,-1
202134WNC3851,2021,34WNC3851,2,9,0,17,19,5,1,0,0,0,0,0,2,10,3,1,2,2,1,41,7,1969,2,7,VOLVO V60,3,E01027154,0,-1
2021131064849,2021,131064849,2,9,0,9,9,1,5,0,0,8,0,0,0,0,4,1,2,2,2,37,7,1560,2,9,VOLVO V60,1,E01010730,0,-1
2021430556474,2021,430556474,1,9,0,18,19,1,5,0,0,1,0,0,0,0,1,1,6,6,2,52,8,1969,1,4,VOLVO V60,9,E01028772,0,-1
202131B120221,2021,31B120221,1,9,0,9,9,7,5,0,0,6,0,0,0,0,3,1,2,2,2,46,8,2400,2,6,VOLVO V60,8,E01028253,0,-1
2021302100856,2021,302100856,4,9,0,18,19,1,5,0,0,8,0,0,0,0,1,1,6,6,1,80,11,2400,2,9,VOLVO V60,6,E01019629,0,-1
2021451051161,2021,451051161,1,9,0,9,9,3,1,0,0,1,0,0,0,0,3,1,6,6,1,45,7,1560,2,9,VOLVO V60,8,E01030950,0,-1
2021010335863,2021,010335863,2,9,9,18,19,1,5,0,0,0,0,0,0,0,0,9,6,6,1,-1,-1,2400,2,5,VOLVO V60,-1,-1,0,-1
2021141089083,2021,141089083,1,9,0,18,19,2,6,0,0,1,0,0,1,0,1,1,2,2,1,39,7,1560,2,8,VOLVO V60,4,E01019555,0,-1
2021031046817,2021,031046817,1,9,0,17,19,6,2,0,0,0,5,0,1,9,1,1,5,6,1,24,5,1560,2,8,VOLVO V60,6,E01019308,0,-1
2021421073992,2021,421073992,2,9,0,18,19,7,3,0,0,0,0,0,0,0,1,1,5,6,1,46,8,1595,1,11,VOLVO V60,3,E01023496,0,-1
2021101052161,2021,101052161,1,9,0,18,19,7,3,0,0,0,0,0,0,0,1,1,2,2,1,35,6,1969,2,7,VOLVO V60,2,E01008693,0,-1
2021010312899,2021,010312899,1,9,0,18,19,3,7,0,0,1,0,0,0,0,1,1,6,6,1,31,6,1969,2,3,VOLVO V60,7,E01001307,0,-1
2021320428306,2021,320428306,2,9,0,2,2,0,0,0,0,0,0,0,0,0,0,1,6,6,1,30,6,1969,2,5,VOLVO V60,4,E01026377,0,-1
2021010301487,2021,010301487,1,9,0,99,99,9,9,99,99,9,9,99,9,99,9,9,6,6,1,44,7,1590,1,9,VOLVO V60,2,E01004011,0,-1
2021101070930,2021,101070930,1,9,0,18,19,2,8,0,0,8,0,0,0,0,3,1,5,6,1,65,9,2400,2,7,VOLVO V60,8,E01008249,0,-1
2021421094203,2021,421094203,2,9,0,18,19,1,6,0,0,8,0,0,0,0,1,1,6,6,1,38,7,1560,2,8,VOLVO V60,2,E01015931,0,-1
2021421018037,2021,421018037,3,9,0,18,19,6,2,0,0,0,0,0,0,0,0,1,6,6,1,67,10,2400,2,8,VOLVO V60,10,E01023502,0,-1
2021141092341,2021,141092341,1,9,0,11,11,3,7,0,0,0,0,0,0,0,1,1,6,6,1,32,6,1969,8,0,VOLVO V60,6,E01013334,0,-1
2021430303722,2021,430303722,2,9,0,18,19,6,2,0,0,8,0,0,0,0,4,1,3,7,1,44,7,2400,2,10,VOLVO V60,9,E01028688,0,-1
2021421103066,2021,421103066,1,9,0,18,19,1,5,0,0,0,0,0,0,0,1,1,6,6,1,61,9,1969,2,7,VOLVO V60,5,E01018051,0,-1
2021461077226,2021,461077226,1,9,0,4,4,5,1,0,0,1,0,0,0,0,1,1,1,1,1,31,6,1969,2,1,VOLVO V60,5,E01024281,0,-1
2021522200460,2021,522200460,4,9,0,18,19,3,7,0,0,8,0,0,0,0,1,1,6,6,1,30,6,1969,2,7,VOLVO V60,1,E01014706,0,-1
2021052101026,2021,052101026,2,9,0,18,19,8,3,0,0,1,0,0,0,0,0,1,6,6,1,50,8,1969,2,2,VOLVO V60,6,E01007163,0,-1
2021361078193,2021,361078193,1,9,0,18,19,1,5,0,0,0,0,0,0,0,1,1,5,6,2,35,6,1969,2,6,VOLVO V60,8,E01026929,0,-1
2021141069568,2021,141069568,2,9,0,2,2,0,0,0,0,8,0,0,0,0,2,1,6,6,3,-1,-1,1969,2,6,VOLVO V60,-1,-1,0,-1
2021302100963,2021,302100963,2,9,0,18,19,8,4,0,0,1,0,0,0,0,1,1,6,6,2,51,8,1984,2,11,VOLVO V60,8,E01019449,0,-1
2021010288137,2021,010288137,4,9,0,2,2,0,0,0,0,0,0,0,0,0,3,1,6,6,3,-1,-1,1969,1,1,VOLVO V60,-1,-1,0,-1
2021522103169,2021,522103169,1,9,0,18,19,6,2,0,0,0,0,0,0,0,1,1,6,6,1,27,6,1969,2,5,VOLVO V60,2,E01014595,0,-1
2021440355489,2021,440355489,2,9,0,18,19,8,4,0,0,1,0,0,0,0,1,1,6,6,1,46,8,1560,2,7,VOLVO V60,1,E01017250,0,-1
2021401105074,2021,401105074,2,9,0,17,19,8,4,0,0,0,0,0,0,0,1,1,5,6,2,52,8,1969,1,3,VOLVO V60,7,E01017491,0,-1
202163B024221,2021,63B024221,1,9,0,16,19,6,1,0,0,0,1,0,8,10,1,1,1,1,2,45,7,1984,2,7,VOLVO V60,2,W01000625,0,-1
2021061097635,2021,061097635,1,8,0,18,19,3,7,0,0,8,0,0,0,0,3,1,1,1,1,46,8,1969,2,6,-1,5,E01004831,0,-1
2021302101279,2021,302101279,2,9,0,14,14,2,6,0,0,0,0,0,0,0,4,1,6,6,3,53,8,1560,2,10,VOLVO V60,4,E01019433,0,-1
2021421076406,2021,421076406,1,9,0,9,9,6,4,0,0,0,0,0,0,0,1,1,2,2,1,54,8,1560,2,8,VOLVO V60,6,E01021398,0,-1
2021070597991,2021,070597991,2,9,0,18,19,6,2,0,0,0,0,0,0,0,1,1,6,6,2,58,9,1969,2,7,VOLVO V60,10,E01018370,0,-1
2021411021498,2021,411021498,2,9,0,16,19,7,4,0,0,8,0,0,0,0,3,1,5,6,1,48,8,1969,2,3,VOLVO V60,8,E01023660,0,-1
202134NNC5111,2021,34NNC5111,1,9,0,18,19,2,6,0,0,0,0,0,0,0,4,1,6,6,1,35,6,1969,8,0,VOLVO V60,3,E01027124,0,-1
2021522104071,2021,522104071,1,9,0,17,19,4,1,0,0,0,0,4,1,1,1,1,6,6,1,21,5,2953,1,7,VOLVO V60,7,E01017803,0,-1
2021361017918,2021,361017918,2,9,0,18,19,3,7,0,0,1,0,0,0,0,3,1,5,6,1,47,8,1969,2,2,VOLVO V60,6,E01026877,0,-1
2021351039677,2021,351039677,3,9,0,18,19,7,3,0,0,0,0,0,0,0,2,1,6,6,1,50,8,1969,1,3,VOLVO V60,3,E01017952,0,-1
2021430167056,2021,430167056,3,9,0,8,8,2,6,0,0,1,0,0,0,0,4,1,6,6,1,59,9,2400,2,10,VOLVO V60,5,E01028636,0,-1
2021471069158,2021,471069158,3,9,0,18,19,4,8,0,0,0,0,0,0,0,1,1,5,6,1,24,5,1969,12,0,VOLVO V60,3,E01004432,0,-1
2021411038047,2021,411038047,2,9,0,2,2,0,0,0,0,0,0,0,0,0,2,1,6,6,3,-1,-1,1969,2,3,VOLVO V60,-1,-1,0,-1
2021451038559,2021,451038559,1,9,0,18,19,5,1,0,0,1,0,0,1,0,1,1,5,6,1,82,11,1984,2,10,VOLVO V60,8,E01030803,0,-1
2021010334619,2021,010334619,1,9,0,99,99,9,9,99,99,9,9,99,9,99,2,9,6,6,3,-1,-1,1560,2,9,VOLVO V60,6,E01004529,0,-1
2021451101239,2021,451101239,2,9,0,18,19,1,5,0,0,0,0,0,0,0,1,1,5,6,2,61,9,1969,1,1,VOLVO V60,8,E01030732,0,-1
2021451091234,2021,451091234,1,9,0,17,19,1,5,0,0,0,0,0,1,0,1,1,2,2,2,50,8,1969,1,3,VOLVO V60,8,E01030373,0,-1
2021461082895,2021,461082895,1,9,0,18,19,3,7,0,0,0,0,7,0,0,1,1,5,6,1,37,7,1969,2,2,VOLVO V60,8,E01033611,0,-1
2021010308082,2021,010308082,2,9,0,99,99,9,9,99,99,9,9,99,9,99,1,9,6,6,3,-1,-1,1984,2,9,VOLVO V60,2,E01003190,0,-1
2021361062679,2021,361062679,2,9,0,4,4,3,7,0,0,1,0,0,0,0,2,1,2,2,1,52,8,1969,2,6,VOLVO V60,7,E01030096,0,-1
2021411051688,2021,411051688,2,9,0,13,13,5,1,0,0,1,0,0,0,0,1,1,1,1,2,23,5,1969,2,1,VOLVO V60,8,E01023478,0,-1
2021501108610,2021,501108610,2,9,0,18,19,7,3,0,0,7,1,0,0,0,1,1,3,7,1,42,7,1560,2,10,VOLVO V60,8,E01020260,0,-1
2021211128927,2021,211128927,3,9,0,18,19,2,6,0,0,0,0,0,0,0,0,1,1,1,1,-1,-1,1969,2,1,VOLVO V60,7,E01029732,0,-1
2021552100479,2021,552100479,2,9,0,10,10,2,8,0,0,5,0,0,0,0,2,1,6,6,2,74,10,1969,2,7,VOLVO V60,6,E01020442,0,-1
2021411076555,2021,411076555,2,9,0,15,15,6,2,0,0,0,0,0,0,0,1,1,1,1,1,40,7,1969,2,1,VOLVO V60,2,E01023758,0,-1
2021052100410,2021,052100410,1,9,0,18,19,5,1,0,0,8,0,0,0,0,4,1,2,2,1,29,6,1984,2,8,VOLVO V60,1,E01006903,0,-1
2021430309657,2021,430309657,2,9,0,18,19,6,2,0,0,0,1,0,5,6,4,1,1,1,1,47,8,1560,2,8,VOLVO V60,3,E01022540,0,-1
2021501088995,2021,501088995,2,9,0,16,19,3,7,0,0,0,1,0,0,0,3,1,5,6,1,39,7,1969,2,4,VOLVO V60,7,E01019892,0,-1
2021501063789,2021,501063789,3,9,0,13,13,1,5,0,0,0,1,0,0,0,3,1,1,1,2,42,7,1969,2,2,VOLVO V60,4,E01018892,0,-1
2021061131864,2021,061131864,1,9,-1,-1,-1,-1,-1,-1,-1,0,-1,-1,-1,0,-1,1,6,6,1,30,6,1969,2,2,VOLVO V60,-1,-1,0,-1
2021552100951,2021,552100951,2,9,0,18,19,5,1,0,0,0,0,0,7,10,1,1,6,6,2,45,7,1969,2,5,VOLVO V60,4,E01020551,0,-1
2021991078840,2021,991078840,1,9,0,16,19,7,3,0,0,0,0,0,0,0,3,1,1,1,1,41,7,1560,2,10,VOLVO V60,7,-1,0,-1
2021101078759,2021,101078759,2,9,0,18,19,1,5,0,0,1,0,0,0,0,2,1,2,2,2,38,7,2400,2,9,VOLVO V60,1,E01008682,0,-1
2021122100640,2021,122100640,2,9,0,8,8,3,7,0,0,1,0,0,0,0,2,1,6,6,1,58,9,1969,1,1,VOLVO V60,10,E01016222,0,-1
2021440472025,2021,440472025,2,9,0,18,19,7,3,0,0,8,0,0,0,0,3,1,6,6,1,79,11,1984,2,8,VOLVO V60,4,E01017071,0,-1
2021501133858,2021,501133858,2,3,0,18,19,6,8,0,0,1,1,0,0,0,1,1,5,6,1,58,9,124,1,5,-1,4,E01020017,0,-1
202131A047521,2021,31A047521,1,3,0,18,19,6,2,0,0,0,1,10,7,9,1,1,2,2,1,22,5,124,1,7,-1,4,E01028041,0,-1
2021010343704,2021,010343704,1,3,0,18,19,5,1,0,0,8,0,0,0,0,1,1,2,2,1,34,6,124,1,6,-1,2,E01000033,0,-1
2021501086164,2021,501086164,2,2,0,4,4,5,1,0,0,1,0,0,0,0,4,1,6,6,1,16,4,50,1,2,-1,6,E01015184,0,-1
202131B192721,2021,31B192721,2,2,0,18,19,7,2,0,0,8,0,0,0,0,1,1,6,6,1,16,4,50,1,1,-1,-1,-1,0,-1
2021421080994,2021,421080994,1,2,0,13,13,3,7,0,0,0,0,10,0,0,0,1,5,6,1,17,4,50,1,5,-1,9,E01021654,0,-1
2021311127868,2021,311127868,2,2,0,18,19,7,2,0,0,2,0,0,0,0,1,1,6,6,1,16,4,50,1,1,-1,-1,-1,0,-1
202131C129321,2021,31C129321,2,2,0,15,15,8,4,0,0,8,0,0,1,0,1,1,6,6,1,16,4,50,1,11,-1,2,E01013858,0,-1
2021547673921,2021,547673921,2,4,0,18,19,1,5,0,0,2,0,0,0,0,1,1,6,6,1,16,4,-1,-1,-1,-1,6,E01031971,0,-1
2021440305226,2021,440305226,1,2,0,17,19,1,5,0,0,0,0,0,0,0,1,1,6,6,1,16,4,50,1,4,-1,9,E01022610,0,-1
2021991035669,2021,991035669,1,2,0,18,19,5,1,0,0,0,0,0,0,0,1,1,5,6,1,16,4,50,1,11,-1,5,-1,0,-1
2021061086252,2021,061086252,1,9,0,4,4,6,2,0,0,0,0,0,0,0,2,1,5,6,2,49,8,2598,1,26,-1,9,E01006122,0,-1
2021010339087,2021,010339087,1,4,0,18,19,7,3,0,0,1,0,0,0,0,4,1,2,2,1,47,8,350,1,2,-1,10,E01003805,0,-1
2021010333449,2021,010333449,1,4,0,99,99,9,9,99,99,9,9,99,9,99,9,1,6,6,1,37,7,350,1,2,-1,8,E01002975,0,-1
2021010347971,2021,010347971,2,4,0,13,13,1,5,0,0,8,0,0,0,0,1,1,6,6,1,29,6,350,1,1,-1,-1,-1,0,-1
2021010320702,2021,010320702,1,4,0,17,19,7,3,0,0,0,2,0,1,0,0,1,1,1,1,49,8,350,1,2,-1,5,E01001859,0,-1
2021520100337,2021,520100337,1,2,0,18,19,8,4,0,0,8,0,0,7,7,1,1,6,6,1,60,9,650,1,62,-1,6,E01029057,0,-1
2021031071306,2021,031071306,1,4,0,18,19,7,3,0,0,8,0,0,0,0,3,1,5,6,1,47,8,500,1,61,-1,3,E01019099,0,-1
2021552100505,2021,552100505,2,5,0,16,19,8,4,0,0,0,0,0,1,9,1,1,6,6,1,63,9,350,1,-1,-1,6,E01020398,0,-1
2021221073654,2021,221073654,1,4,0,17,19,1,7,0,0,0,1,0,0,0,4,1,5,6,1,71,10,250,1,-1,-1,9,E01032207,0,-1
2021430455436,2021,430455436,1,5,0,18,19,4,8,0,0,0,0,0,0,0,0,1,6,6,1,54,8,888,1,29,-1,6,E01031209,0,-1
2021991072556,2021,991072556,1,5,0,18,19,2,6,0,0,0,0,0,0,0,4,1,6,6,2,56,9,1202,1,6,HARLEY-DAVIDSON XL,7,E01031525,0,-1
2021361100818,2021,361100818,2,5,0,12,12,3,6,0,0,0,5,0,0,0,4,1,5,6,1,47,8,1202,1,2,HARLEY-DAVIDSON XL,10,E01026574,0,-1
2021610045321,2021,610045321,2,5,0,13,13,5,3,0,0,2,0,0,0,0,1,1,6,6,1,68,10,883,1,19,HARLEY-DAVIDSON XL,1,W01001873,0,-1
2021622100253,2021,622100253,2,5,0,18,19,8,4,0,0,8,0,0,0,0,1,1,6,6,1,68,10,1202,1,2,HARLEY-DAVIDSON XL,7,W01001077,0,-1
2021161033146,2021,161033146,1,5,0,15,15,7,3,0,0,2,1,0,0,0,3,1,5,6,1,68,10,1200,1,16,HARLEY-DAVIDSON XL,2,E01013281,0,-1
202154C430921,2021,54C430921,1,5,0,18,19,4,8,0,0,2,0,0,1,11,1,1,6,6,1,47,8,1202,1,2,HARLEY-DAVIDSON XL,8,E01031954,0,-1
2021351099579,2021,351099579,1,5,0,3,3,7,3,0,0,0,0,0,0,0,2,1,5,6,1,50,8,883,1,6,HARLEY-DAVIDSON XL,5,E01033176,0,-1
2021440262414,2021,440262414,1,5,0,16,19,6,2,0,0,1,0,0,4,7,1,1,6,6,1,26,6,1202,1,4,HARLEY-DAVIDSON XL,7,E01017256,0,-1
2021010310803,2021,010310803,2,5,0,16,19,6,2,0,0,2,1,0,0,0,1,1,6,6,1,32,6,1202,1,3,HARLEY-DAVIDSON XL,6,E01004509,0,-1
2021010337466,2021,010337466,1,5,0,14,14,5,1,0,0,1,0,0,0,0,4,1,2,2,1,44,7,1202,1,6,HARLEY-DAVIDSON XL,2,E01004023,0,-1
2021010288504,2021,010288504,1,5,0,99,99,9,9,99,99,0,9,99,9,99,1,1,2,2,1,31,6,883,1,10,HARLEY-DAVIDSON XL,2,E01003021,0,-1
2021440432016,2021,440432016,2,5,0,18,19,4,8,0,0,0,0,0,0,0,1,1,6,6,1,63,9,1202,1,9,HARLEY-DAVIDSON XL,8,E01023282,0,-1
2021231084931,2021,231084931,1,5,0,18,19,5,1,0,0,8,0,4,0,0,1,1,5,6,1,32,6,883,1,5,HARLEY-DAVIDSON XL,6,E01032405,0,-1
2021991093228,2021,991093228,1,5,0,7,7,8,3,0,0,3,2,0,0,0,3,1,5,6,1,46,8,883,1,7,HARLEY-DAVIDSON XL,9,-1,0,-1
202163D066521,2021,63D066521,2,5,0,7,7,1,4,0,0,8,1,0,0,0,4,1,6,6,1,65,9,1202,1,4,HARLEY-DAVIDSON XL,5,W01000537,0,-1
2021010295618,2021,010295618,2,5,0,18,19,5,1,0,0,2,0,0,0,0,1,1,6,6,1,38,7,883,1,9,HARLEY-DAVIDSON XL,3,E01033492,0,-1
2021320414851,2021,320414851,1,5,0,18,19,3,7,0,0,0,2,0,0,0,1,1,6,6,1,47,8,883,1,11,HARLEY-DAVIDSON XL,7,E01026369,0,-1
2021010321347,2021,010321347,1,5,0,99,99,9,9,99,99,9,9,99,9,99,1,1,2,2,1,31,6,883,1,7,HARLEY-DAVIDSON XL,4,E01002244,0,-1
2021471040643,2021,471040643,2,5,0,18,19,8,4,0,0,8,0,0,0,0,4,1,6,6,1,34,6,1200,1,22,HARLEY-DAVIDSON XL,5,E01021064,0,-1
2021010316819,2021,010316819,2,5,0,14,14,1,5,0,0,0,0,0,0,0,1,1,6,6,1,35,6,883,1,21,HARLEY-DAVIDSON XL,3,E01003374,0,-1
2021461047649,2021,461047649,2,5,0,5,5,4,1,0,0,2,0,0,0,0,2,1,5,6,1,59,9,1202,1,6,HARLEY-DAVIDSON XL,10,E01024321,0,-1
2021501017992,2021,501017992,1,5,0,13,13,4,8,0,0,1,5,10,2,11,1,1,6,6,1,18,4,883,1,10,HARLEY-DAVIDSON XL,9,E01015199,0,-1
2021131074080,2021,131074080,1,5,0,18,19,5,1,0,0,0,0,10,1,11,1,1,5,6,1,56,9,1200,1,17,HARLEY-DAVIDSON XL,7,E01011214,0,-1
2021552100963,2021,552100963,2,5,0,9,9,5,3,0,0,8,0,0,0,0,4,1,2,2,1,34,6,883,1,15,HARLEY-DAVIDSON XL,4,E01015382,0,-1
2021302101351,2021,302101351,2,5,0,18,19,6,2,0,0,1,0,0,0,0,1,1,6,6,1,37,7,883,1,16,HARLEY-DAVIDSON XL,3,E01013532,0,-1
2021461051609,2021,461051609,2,5,0,18,19,1,5,0,0,0,0,0,0,0,2,1,6,6,1,63,9,1200,1,15,HARLEY-DAVIDSON XL,7,E01024805,0,-1
2021010341363,2021,010341363,1,5,0,18,19,7,3,0,0,8,0,0,1,0,4,1,6,6,1,50,8,883,1,5,HARLEY-DAVIDSON XL,7,E01002954,0,-1
2021552100765,2021,552100765,1,5,0,18,19,6,2,0,0,0,1,11,0,0,0,1,6,6,1,59,9,1200,1,15,HARLEY-DAVIDSON XL,-1,-1,0,-1
2021061098058,2021,061098058,1,2,0,18,19,1,1,0,0,1,0,0,0,0,1,1,6,6,1,29,6,1200,1,13,HARLEY-DAVIDSON XL,9,E01005419,0,-1
2021552100778,2021,552100778,1,4,0,18,19,7,3,0,0,0,1,0,0,0,0,1,6,6,1,28,6,1200,1,14,HARLEY-DAVIDSON XL,8,E01020333,0,-1
2021430427579,2021,430427579,2,5,0,18,19,7,3,0,0,1,0,0,0,0,1,1,6,6,1,61,9,1202,1,4,HARLEY-DAVIDSON XL,8,E01033305,0,-1
2021211065396,2021,211065396,1,5,0,17,19,7,3,0,0,1,1,0,0,0,4,1,5,6,1,24,5,1202,1,3,HARLEY-DAVIDSON XL,5,E01029726,0,-1
2021440475735,2021,440475735,2,5,0,18,19,7,3,0,0,8,0,0,0,0,1,1,2,2,1,32,6,1202,1,2,HARLEY-DAVIDSON XL,9,E01022743,0,-1
2021010343714,2021,010343714,2,5,0,18,19,1,5,0,0,0,2,0,0,0,3,1,6,6,1,52,8,883,1,2,HARLEY-DAVIDSON XL,3,E01001640,0,-1
2021471101567,2021,471101567,2,5,0,18,19,8,4,0,0,0,0,10,0,0,0,1,5,6,1,54,8,1200,1,12,HARLEY-DAVIDSON XL,10,E01021083,0,-1
2021311048083,2021,311048083,2,5,0,4,4,4,8,0,0,0,2,0,0,0,1,1,6,6,1,57,9,883,1,13,HARLEY-DAVIDSON XL,4,E01028185,0,-1
2021501099809,2021,501099809,2,5,0,17,19,3,7,0,0,1,0,0,0,0,1,1,1,1,1,52,8,1200,5,17,HARLEY-DAVIDSON XL,6,E01020276,0,-1
2021430047905,2021,430047905,1,2,0,13,13,4,8,0,0,8,0,0,0,0,1,1,1,1,1,33,6,249,1,21,-1,5,E01016374,0,-1
2021101124100,2021,101124100,1,9,0,18,19,5,1,0,0,1,0,0,0,0,1,1,5,6,2,49,8,1997,1,17,-1,5,E01030259,0,-1
2021010289564,2021,010289564,1,9,0,9,9,5,3,0,0,8,0,0,0,0,1,1,6,6,1,51,8,1998,1,20,-1,6,E01000706,0,-1
2021161019716,2021,161019716,2,9,0,5,5,8,4,0,0,8,0,0,0,0,1,1,5,6,1,48,8,1668,1,19,-1,1,E01013218,0,-1
2021401073684,2021,401073684,2,9,0,4,4,8,4,0,0,0,0,0,0,0,2,1,5,6,2,71,10,1998,1,19,-1,2,E01017474,0,-1
2021010345452,2021,010345452,1,5,0,18,19,1,5,0,0,8,5,0,0,0,1,1,6,6,1,56,9,649,1,10,KAWASAKI ER,2,E01001757,0,-1
2021440463419,2021,440463419,2,5,0,18,19,6,2,0,0,0,0,0,0,0,1,1,6,6,1,29,6,649,1,3,KAWASAKI ER,4,E01022649,0,-1
2021991087122,2021,991087122,1,4,0,18,19,8,6,0,0,8,1,0,0,0,3,1,5,6,1,41,7,498,1,20,KAWASAKI ER,8,-1,0,-1
2021361050100,2021,361050100,2,5,0,18,19,2,6,0,0,0,0,0,0,0,1,1,5,6,1,30,6,649,1,11,KAWASAKI ER,3,E01026861,0,-1
2021201137256,2021,201137256,3,4,0,12,12,4,8,0,0,0,2,0,0,0,0,1,6,6,1,35,6,498,1,22,KAWASAKI ER,4,E01009729,0,-1