collision_index,collision_year,collision_ref_no,vehicle_reference,vehicle_type,towing_and_articulation,vehicle_manoeuvre_historic,vehicle_manoeuvre,vehicle_direction_from,vehicle_direction_to,vehicle_location_restricted_lane_historic,vehicle_location_restricted_lane,junction_location,skidding_and_overturning,hit_object_in_carriageway,vehicle_leaving_carriageway,hit_object_off_carriageway,first_point_of_impact,vehicle_left_hand_drive,journey_purpose_of_driver_historic,journey_purpose_of_driver,sex_of_driver,age_of_driver,age_band_of_driver,engine_capacity_cc,propulsion_code,age_of_vehicle,generic_make_model,driver_imd_decile,lsoa_of_driver,escooter_flag,driver_distance_banding
2021351124436,2021,351124436,1,9,0,7,7,7,1,0,0,1,0,0,0,0,1,1,6,6,1,29,6,2494,8,4,TOYOTA RAV4,3,E01015665,0,-1
2021471106853,2021,471106853,2,9,0,16,19,3,6,0,0,1,0,0,0,0,1,1,5,6,1,44,7,2494,8,3,TOYOTA RAV4,6,E01021198,0,-1
2021461034573,2021,461034573,1,9,0,18,19,5,1,0,0,4,0,0,0,0,1,1,6,6,1,68,10,2231,2,13,TOYOTA RAV4,4,E01016168,0,-1
2021461090643,2021,461090643,1,9,0,6,6,3,7,0,0,1,5,0,0,0,1,1,5,6,1,54,8,2487,8,2,TOYOTA RAV4,9,E01016169,0,-1
2021010312899,2021,010312899,2,9,0,18,19,7,3,0,0,1,0,0,0,0,3,1,2,2,1,49,8,2487,8,0,TOYOTA RAV4,9,E01002417,0,-1
2021540006821,2021,540006821,2,9,0,2,2,0,0,0,0,2,0,0,1,0,2,1,6,6,1,33,6,1998,1,21,TOYOTA RAV4,6,E01031990,0,-1
2021451092775,2021,451092775,2,9,0,18,19,5,5,9,9,0,0,0,7,0,1,1,6,6,2,77,11,1998,1,16,TOYOTA RAV4,8,E01030735,0,-1
2021471034287,2021,471034287,2,9,0,1,1,3,7,0,0,1,0,0,0,0,0,1,5,6,2,48,8,2231,2,14,TOYOTA RAV4,7,E01021022,0,-1
2021991102591,2021,991102591,1,9,0,9,9,8,5,0,0,6,0,0,0,0,3,1,5,6,2,38,7,2487,8,2,TOYOTA RAV4,-1,-1,0,-1
20211383M1650,2021,1383M1650,1,9,0,18,19,5,1,0,0,0,0,0,0,0,1,1,6,6,1,57,9,1998,1,18,TOYOTA RAV4,2,E01010958,0,-1
2021421029339,2021,421029339,2,9,0,18,19,5,1,0,0,0,0,0,0,0,3,1,2,2,2,52,8,2487,8,2,TOYOTA RAV4,10,E01023825,0,-1
2021451034914,2021,451034914,2,9,0,7,7,1,5,0,0,1,0,0,0,0,4,1,6,6,1,69,10,1987,1,3,TOYOTA RAV4,10,E01022849,0,-1
2021231073134,2021,231073134,2,9,3,3,3,3,7,0,0,0,5,0,0,0,2,1,6,6,1,57,9,1998,1,19,TOYOTA RAV4,8,E01019872,0,-1
2021361043701,2021,361043701,1,9,0,4,4,2,6,0,0,0,0,0,0,0,2,1,5,6,2,88,11,1998,1,18,TOYOTA RAV4,3,E01026684,0,-1
2021351056940,2021,351056940,1,9,-1,1,1,5,1,9,9,0,0,0,0,0,2,1,6,6,1,62,9,2487,8,1,TOYOTA RAV4,8,E01018217,0,-1
2021201149864,2021,201149864,1,9,0,4,4,6,2,0,0,0,0,0,0,0,2,1,1,1,2,-1,-1,2494,8,5,TOYOTA RAV4,7,E01009442,0,-1
2021411086905,2021,411086905,1,9,0,18,19,8,4,0,0,0,0,0,0,0,1,1,2,2,2,47,8,2231,2,15,TOYOTA RAV4,-1,-1,0,-1
2021211070719,2021,211070719,1,9,0,4,4,2,7,0,0,0,1,0,0,0,1,1,5,6,1,58,9,1995,2,16,TOYOTA RAV4,1,E01010440,0,-1
202154A227721,2021,54A227721,2,9,0,2,2,0,0,0,0,0,0,0,0,0,2,1,6,6,2,74,10,1995,2,17,TOYOTA RAV4,9,E01015473,0,-1
2021302100292,2021,302100292,2,9,0,18,19,4,8,0,0,0,0,0,0,0,4,1,3,7,2,40,7,2231,2,9,TOYOTA RAV4,5,E01019738,0,-1
2021351097177,2021,351097177,1,9,0,18,19,4,6,0,0,4,0,0,0,0,4,1,6,6,2,-1,-1,1998,1,17,TOYOTA RAV4,-1,-1,0,-1
2021440358858,2021,440358858,1,9,0,6,6,2,4,0,0,8,0,0,0,0,2,1,6,6,2,49,8,1998,1,18,TOYOTA RAV4,8,E01022889,0,-1
2021010317929,2021,010317929,1,9,0,4,4,5,1,0,0,1,0,0,0,0,1,1,6,6,2,46,8,1998,1,19,TOYOTA RAV4,5,E01003131,0,-1
2021161119931,2021,161119931,1,9,0,18,19,5,1,0,0,4,1,9,1,2,1,1,5,6,1,26,6,2231,2,11,TOYOTA RAV4,7,E01013307,0,-1
2021131078305,2021,131078305,2,9,0,4,4,1,5,0,0,0,0,0,0,0,2,1,5,6,1,74,10,2487,8,1,TOYOTA RAV4,7,E01027673,0,-1
202131B048021,2021,31B048021,1,9,0,13,13,1,5,0,0,0,0,0,0,0,4,1,6,6,1,39,7,2231,2,9,TOYOTA RAV4,8,E01013344,0,-1
2021010303587,2021,010303587,4,9,0,2,2,0,0,0,0,0,0,0,0,0,2,1,6,6,3,-1,-1,1998,1,13,TOYOTA RAV4,-1,-1,0,-1
2021520201221,2021,520201221,2,9,0,18,19,2,6,0,0,4,0,0,0,0,3,1,6,6,2,76,11,1998,1,18,TOYOTA RAV4,7,E01029026,0,-1
2021471063437,2021,471063437,2,9,0,18,19,8,4,0,0,0,0,0,0,0,3,2,5,6,2,75,10,2231,2,11,TOYOTA RAV4,10,E01031760,0,-1
2021010340804,2021,010340804,2,9,0,18,19,5,1,0,0,8,0,0,0,0,1,1,6,6,1,64,9,2494,8,3,TOYOTA RAV4,-1,-1,0,-1
2021010330191,2021,010330191,1,9,0,6,6,7,7,0,0,1,0,0,0,0,1,1,6,6,1,58,9,1998,1,15,TOYOTA RAV4,4,E01002643,0,-1
2021010328887,2021,010328887,1,9,0,18,19,1,5,0,0,1,1,0,1,11,1,1,6,6,1,50,8,2231,2,11,TOYOTA RAV4,5,E01004520,0,-1
2021471038671,2021,471038671,2,9,0,18,19,1,5,0,0,0,0,0,1,0,3,1,5,6,2,48,8,2494,8,3,TOYOTA RAV4,9,E01031662,0,-1
2021440143745,2021,440143745,2,9,0,18,19,4,8,0,0,8,0,0,0,0,1,1,6,6,2,41,7,2231,2,10,TOYOTA RAV4,9,E01023147,0,-1
2021161032513,2021,161032513,2,9,0,18,19,1,5,0,0,0,0,0,1,0,1,1,2,2,1,46,8,2231,2,11,TOYOTA RAV4,5,E01027796,0,-1
2021522104690,2021,522104690,1,9,0,6,6,-1,-1,0,0,0,0,0,0,0,4,1,6,6,1,76,11,2487,8,2,TOYOTA RAV4,10,E01014395,0,-1
2021170M31761,2021,170M31761,1,9,0,18,19,2,6,0,0,0,0,0,0,0,1,1,6,6,1,77,11,1998,1,14,TOYOTA RAV4,7,E01012055,0,-1
2021531055621,2021,531055621,1,9,0,5,5,5,3,0,0,6,0,0,0,0,3,1,5,6,2,66,10,1998,1,15,TOYOTA RAV4,2,E01022346,0,-1
2021421097920,2021,421097920,1,9,0,17,19,1,5,0,0,1,0,0,0,0,3,1,6,6,1,-1,-1,2231,2,13,TOYOTA RAV4,-1,-1,0,-1
2021041109757,2021,041109757,1,9,0,18,19,5,1,0,0,0,0,0,0,0,1,1,6,6,1,41,7,2231,2,8,TOYOTA RAV4,3,E01025209,0,-1
2021201117750,2021,201117750,1,9,0,18,19,6,2,0,0,0,0,4,0,0,3,1,6,6,1,73,10,2487,8,0,TOYOTA RAV4,10,E01029514,0,-1
2021471120654,2021,471120654,1,9,0,12,12,6,2,0,0,0,0,0,0,0,4,1,5,6,2,40,7,1998,1,19,TOYOTA RAV4,6,E01031743,0,-1
2021010330899,2021,010330899,5,9,0,2,2,0,0,0,0,1,0,0,0,0,1,1,6,6,3,-1,-1,2494,8,4,TOYOTA RAV4,-1,-1,0,-1
2021471038511,2021,471038511,3,9,0,2,2,0,0,0,0,0,0,0,0,0,1,1,6,6,3,-1,-1,1998,1,17,TOYOTA RAV4,-1,-1,0,-1
2021411129351,2021,411129351,2,9,0,4,4,1,5,0,0,6,0,0,0,0,2,1,5,6,1,53,8,2231,2,8,TOYOTA RAV4,10,E01023558,0,-1
2021041083852,2021,041083852,1,9,0,18,19,7,3,0,0,1,0,0,0,0,1,1,5,6,2,61,9,1998,1,15,TOYOTA RAV4,8,E01025344,0,-1
2021371145992,2021,371145992,1,9,0,18,19,3,7,0,0,0,0,0,0,0,3,1,2,2,2,22,5,1998,1,17,TOYOTA RAV4,5,E01030272,0,-1
2021461061014,2021,461061014,1,9,0,10,10,3,1,0,0,8,0,0,0,0,1,1,6,6,2,37,7,2487,8,2,TOYOTA RAV4,7,E01024411,0,-1
2021451112892,2021,451112892,1,9,0,18,19,1,5,0,0,0,5,4,0,0,4,1,5,6,1,46,8,2487,8,1,TOYOTA RAV4,10,E01030855,0,-1
2021451126367,2021,451126367,2,9,0,2,2,0,0,0,0,1,0,0,0,0,4,1,6,6,3,-1,-1,1998,1,19,TOYOTA RAV4,-1,-1,0,-1
2021531072953,2021,531072953,1,9,0,17,19,1,5,0,0,1,0,0,0,0,1,1,6,6,1,39,7,1998,1,20,TOYOTA RAV4,5,E01022420,0,-1
2021430096193,2021,430096193,2,9,0,18,19,3,7,0,0,0,0,0,0,0,1,1,2,2,2,28,6,2487,8,1,TOYOTA RAV4,-1,-1,0,-1
2021061036763,2021,061036763,2,9,0,18,19,4,8,0,0,8,0,0,0,0,3,1,6,6,2,55,8,2487,8,1,TOYOTA RAV4,8,E01004780,0,-1
2021141115790,2021,141115790,1,9,0,9,9,1,6,0,0,0,0,0,0,0,2,1,5,6,1,42,7,2231,2,13,TOYOTA RAV4,7,E01008039,0,-1
2021991039732,2021,991039732,1,9,0,18,19,1,5,0,0,0,0,0,0,0,1,1,5,6,2,88,11,2494,8,3,TOYOTA RAV4,7,-1,0,-1
2021221042497,2021,221042497,2,9,0,3,3,8,4,0,0,0,0,0,0,0,2,1,5,6,2,62,9,1998,2,8,TOYOTA RAV4,8,W01000404,0,-1
2021552101409,2021,552101409,1,9,0,18,19,1,5,0,0,0,2,0,1,0,1,1,6,6,1,33,6,1995,2,17,TOYOTA RAV4,7,E01023196,0,-1
2021440085130,2021,440085130,2,9,0,18,19,8,4,0,0,0,0,0,0,0,3,1,6,6,3,-1,-1,1995,2,16,TOYOTA RAV4,-1,-1,0,-1
2021070257390,2021,070257390,2,9,0,2,2,0,0,0,0,1,0,0,1,11,2,1,6,6,3,-1,-1,1998,1,17,TOYOTA RAV4,8,E01018567,0,-1
2021010347610,2021,010347610,2,9,0,18,19,3,7,0,0,3,0,0,0,0,2,1,6,6,1,67,10,1998,1,18,TOYOTA RAV4,4,E01002098,0,-1
2021471047957,2021,471047957,5,9,0,4,4,2,6,0,0,0,0,0,0,0,2,1,5,6,1,78,11,2487,8,2,TOYOTA RAV4,3,E01031830,0,-1
2021411106502,2021,411106502,2,9,0,18,19,-1,-1,0,0,6,1,0,0,0,1,1,5,6,1,35,6,2231,2,8,TOYOTA RAV4,6,E01023601,0,-1
2021552101128,2021,552101128,1,9,0,9,9,4,2,0,0,5,0,0,7,0,4,1,1,1,1,54,8,1995,2,16,TOYOTA RAV4,6,E01032010,0,-1
2021501065506,2021,501065506,2,9,0,4,4,1,5,0,0,1,0,0,0,0,1,1,5,6,2,58,9,2231,2,12,TOYOTA RAV4,5,E01018842,0,-1
2021041075129,2021,041075129,2,9,0,7,7,3,7,0,0,1,0,0,0,0,1,1,6,6,1,60,9,2487,8,2,TOYOTA RAV4,8,E01025420,0,-1
2021991024049,2021,991024049,3,9,0,18,19,7,3,0,0,0,0,0,0,0,0,1,6,6,1,61,9,1998,1,16,TOYOTA RAV4,7,-1,0,-1
2021070847166,2021,070847166,1,9,0,4,4,7,3,9,9,1,0,4,1,4,1,1,6,6,2,80,11,1998,1,17,TOYOTA RAV4,6,E01012416,0,-1
2021351039677,2021,351039677,2,9,0,18,19,7,3,0,0,0,0,0,0,0,2,1,5,6,2,45,7,2494,8,4,TOYOTA RAV4,6,E01017967,0,-1
2021522102004,2021,522102004,2,9,0,9,9,1,7,0,0,8,0,0,0,0,2,1,6,6,1,40,7,2487,8,1,TOYOTA RAV4,9,E01014725,0,-1
2021501039762,2021,501039762,1,9,0,18,19,7,3,0,0,4,0,0,0,0,1,1,5,6,1,19,4,1998,1,17,TOYOTA RAV4,7,E01020124,0,-1
2021451081949,2021,451081949,2,9,0,18,19,5,1,0,0,1,0,0,0,0,1,1,6,6,2,20,4,1995,2,17,TOYOTA RAV4,10,E01030958,0,-1
202131C197221,2021,31C197221,1,9,0,18,19,6,2,0,0,0,0,0,0,0,2,1,6,6,1,43,7,2494,8,3,TOYOTA RAV4,9,E01013980,0,-1
2021547181121,2021,547181121,1,9,0,18,19,3,7,0,0,1,0,0,0,0,1,1,6,6,1,26,6,2231,2,10,TOYOTA RAV4,5,E01026423,0,-1
2021111048730,2021,111048730,2,9,0,3,3,5,1,0,0,1,0,0,0,0,2,1,2,2,1,59,9,2487,8,0,TOYOTA RAV4,9,E01020600,0,-1
2021302101530,2021,302101530,1,9,0,17,19,6,4,0,0,0,1,0,7,11,1,1,6,6,1,74,10,1998,2,6,TOYOTA RAV4,6,E01007981,0,-1
2021421033550,2021,421033550,2,9,0,3,3,5,1,0,0,1,0,0,0,0,2,1,6,6,2,53,8,1998,1,18,TOYOTA RAV4,3,E01021889,0,-1
202154A406921,2021,54A406921,1,9,0,18,19,8,4,0,0,0,0,0,0,0,1,1,6,6,1,57,9,2494,8,5,TOYOTA RAV4,7,E01032699,0,-1
2021461128454,2021,461128454,1,9,0,5,5,8,3,0,0,1,0,0,0,0,1,1,5,6,2,73,10,2487,8,0,TOYOTA RAV4,2,E01016042,0,-1
2021131041276,2021,131041276,1,9,0,18,19,1,1,0,0,0,0,0,0,0,2,1,5,6,2,39,7,2487,8,0,TOYOTA RAV4,5,E01011078,0,-1
2021010315368,2021,010315368,1,9,0,7,7,5,6,0,0,2,0,0,0,0,4,1,6,6,1,-1,-1,1998,1,17,TOYOTA RAV4,6,E01003000,0,-1
2021010320551,2021,010320551,1,9,0,18,19,7,3,0,0,1,0,4,0,0,1,1,6,6,2,39,7,2231,2,7,TOYOTA RAV4,3,E01000089,0,-1
2021010325690,2021,010325690,1,9,0,4,4,5,1,0,0,1,0,0,0,0,2,1,6,6,2,58,9,2487,8,2,TOYOTA RAV4,10,E01002149,0,-1
2021052102111,2021,052102111,1,9,0,18,19,6,2,0,0,4,0,0,0,0,3,1,2,2,2,52,8,1998,2,6,TOYOTA RAV4,8,E01006931,0,-1
2021131035843,2021,131035843,1,9,0,18,19,7,3,0,0,0,0,0,0,0,4,1,6,6,3,66,10,2494,8,3,TOYOTA RAV4,2,E01010619,0,-1
2021201137560,2021,201137560,4,9,0,2,2,0,0,0,0,0,0,0,0,0,4,1,5,6,1,76,11,2494,8,4,TOYOTA RAV4,-1,-1,0,-1
2021411062747,2021,411062747,1,9,0,18,19,3,7,0,0,0,0,0,0,0,1,1,6,6,1,67,10,2231,2,15,TOYOTA RAV4,5,E01000589,0,-1
2021471097246,2021,471097246,2,9,0,4,4,5,2,0,0,1,0,0,0,0,2,1,5,6,1,68,10,2487,8,1,TOYOTA RAV4,10,E01021219,0,-1
2021991116345,2021,991116345,1,9,0,1,1,1,5,0,0,1,0,0,0,0,2,1,5,6,1,83,11,2231,2,8,TOYOTA RAV4,6,-1,0,-1
202106L080017,2021,06L080017,1,9,0,18,19,4,8,0,0,8,0,0,0,0,1,1,6,6,1,59,9,1998,1,15,TOYOTA RAV4,8,E01006314,0,-1
2021010315044,2021,010315044,2,9,0,6,6,2,2,0,0,1,0,0,0,0,3,1,2,2,1,47,8,1998,1,14,TOYOTA RAV4,5,E01033740,0,-1
2021070729564,2021,070729564,3,9,0,18,19,2,6,0,0,0,0,0,0,0,2,1,6,6,2,56,9,1998,2,7,TOYOTA RAV4,10,E01018416,0,-1
2021041098031,2021,041098031,1,9,0,9,9,3,6,0,0,1,0,0,0,0,1,1,5,6,2,61,9,2231,2,6,TOYOTA RAV4,9,E01025133,0,-1
2021501061777,2021,501061777,1,9,0,16,19,6,2,0,0,0,0,0,0,0,1,1,1,1,1,71,10,2231,2,15,TOYOTA RAV4,5,E01023251,0,-1
2021302101676,2021,302101676,1,9,0,9,9,8,7,0,0,6,0,0,0,0,1,1,6,6,2,-1,-1,1995,2,4,TOYOTA RAV4,6,E01029413,0,-1
2021440496783,2021,440496783,1,9,0,3,3,3,6,0,0,0,0,0,0,0,2,1,6,6,2,51,8,1998,1,17,TOYOTA RAV4,7,E01023054,0,-1
2021010316949,2021,010316949,1,9,0,9,9,5,2,0,0,8,0,0,0,0,1,1,6,6,2,52,8,2487,8,0,TOYOTA RAV4,-1,-1,0,-1
2021010365510,2021,010365510,2,9,0,99,99,9,9,99,99,9,9,99,9,99,4,9,6,6,3,-1,-1,2231,2,14,TOYOTA RAV4,-1,-1,0,-1
2021991038723,2021,991038723,1,9,0,18,19,5,1,0,0,0,0,0,0,0,3,1,5,6,2,39,7,1987,1,4,TOYOTA RAV4,10,-1,0,-1
2021302101576,2021,302101576,1,9,0,18,19,8,4,0,0,1,0,0,0,0,3,1,6,6,1,86,11,2494,8,3,TOYOTA RAV4,6,E01028108,0,-1
2021421041901,2021,421041901,1,9,0,18,19,1,5,0,0,0,1,0,7,0,1,1,6,6,2,63,9,2231,2,6,TOYOTA RAV4,5,E01022008,0,-1
2021010348797,2021,010348797,2,9,0,5,5,3,7,0,0,6,0,0,0,0,1,1,6,6,2,79,11,2487,8,0,TOYOTA RAV4,3,E01001045,0,-1
2021471114922,2021,471114922,1,9,0,5,5,8,6,0,0,4,0,0,0,0,1,1,5,6,1,75,10,1998,1,16,TOYOTA RAV4,7,E01031536,0,-1
2021461054213,2021,461054213,3,9,0,18,19,7,3,0,0,0,0,0,0,0,1,1,5,6,2,62,9,2231,2,15,TOYOTA RAV4,1,E01024581,0,-1
2021451047360,2021,451047360,1,9,0,18,19,5,5,0,0,0,0,4,0,0,1,1,2,2,1,54,8,2494,8,5,TOYOTA RAV4,9,E01001119,0,-1
2021161024503,2021,161024503,2,9,0,18,19,2,6,0,0,0,0,0,0,0,1,1,5,6,1,46,8,2487,8,1,TOYOTA RAV4,6,E01013302,0,-1
2021361029114,2021,361029114,1,9,0,4,4,8,4,0,0,0,1,0,0,0,1,1,2,2,1,24,5,2231,2,9,TOYOTA RAV4,8,E01026929,0,-1
2021361135590,2021,361135590,1,9,0,18,19,3,8,0,0,1,0,0,0,0,1,1,5,6,1,-1,-1,1998,1,15,TOYOTA RAV4,5,E01026541,0,-1
2021010305112,2021,010305112,2,9,0,18,19,5,1,99,99,9,9,99,9,99,1,9,6,6,3,57,9,1998,1,17,TOYOTA RAV4,9,E01000648,0,-1
202134WNC7401,2021,34WNC7401,3,9,0,3,3,1,5,0,0,0,0,0,0,0,2,1,6,6,2,42,7,2487,8,2,TOYOTA RAV4,5,E01033573,0,-1
2021161066954,2021,161066954,2,9,0,18,19,6,2,0,0,1,0,0,0,0,1,1,6,6,1,61,9,2231,2,15,TOYOTA RAV4,6,E01013105,0,-1
2021010318460,2021,010318460,1,8,0,5,5,1,5,0,0,2,0,0,0,0,2,1,6,6,1,43,7,2494,8,5,-1,5,E01000467,0,-1
2021302100177,2021,302100177,2,8,0,18,19,4,8,0,0,4,0,0,0,0,1,1,6,6,1,62,9,2231,2,7,TOYOTA RAV4,4,E01019822,0,-1
2021061082972,2021,061082972,1,9,0,18,19,6,2,0,0,8,0,0,0,0,1,1,6,6,1,65,9,2231,2,13,TOYOTA RAV4,10,E01006072,0,-1
2021421081520,2021,421081520,2,9,0,18,19,3,8,0,0,0,0,0,0,0,2,1,5,6,2,33,6,2487,8,0,TOYOTA RAV4,7,E01000427,0,-1
2021501096198,2021,501096198,2,9,0,9,9,3,8,0,0,8,0,0,0,0,2,1,6,6,2,54,8,2231,2,10,TOYOTA RAV4,6,E01020338,0,-1
2021111080180,2021,111080180,1,9,0,18,19,6,2,0,0,8,0,0,0,0,1,1,1,1,1,49,8,2231,2,14,TOYOTA RAV4,4,E01020646,0,-1
2021201063586,2021,201063586,1,9,0,9,9,4,2,0,0,5,0,0,0,0,1,1,6,6,1,78,11,2231,2,8,TOYOTA RAV4,5,E01010026,0,-1
2021421097767,2021,421097767,1,9,0,18,19,6,2,0,0,0,0,0,0,0,1,1,2,2,1,52,8,1990,1,24,TOYOTA RAV4,8,E01021377,0,-1
202134WNC0791,2021,34WNC0791,1,9,0,1,1,0,5,0,0,0,0,0,0,0,2,1,6,6,2,-1,-1,2231,2,14,TOYOTA RAV4,8,E01027000,0,-1
2021010351179,2021,010351179,1,9,0,9,9,6,3,0,0,8,0,0,0,0,1,1,6,6,1,31,6,1995,2,18,TOYOTA RAV4,3,E01029093,0,-1
2021471075589,2021,471075589,1,9,0,17,19,3,7,0,0,0,2,0,1,0,4,1,5,6,2,29,6,2487,8,0,TOYOTA RAV4,5,E01021139,0,-1
2021501049137,2021,501049137,1,9,0,18,19,8,3,9,9,6,0,0,0,0,4,1,6,6,2,47,8,2231,2,9,TOYOTA RAV4,7,E01020245,0,-1
2021501100709,2021,501100709,1,9,0,1,1,2,6,0,0,5,0,4,7,0,2,1,5,6,1,70,10,2487,8,1,TOYOTA RAV4,5,E01020084,0,-1
2021070322420,2021,070322420,1,9,0,18,19,7,3,0,0,6,0,0,0,0,4,1,2,2,2,50,8,2231,2,12,TOYOTA RAV4,3,E01018482,0,-1
2021430338797,2021,430338797,6,9,0,3,3,7,3,0,0,0,0,0,0,0,2,1,6,6,1,51,8,1998,1,16,TOYOTA RAV4,5,E01016554,0,-1
2021122200067,2021,122200067,2,9,0,4,4,6,2,0,0,1,0,0,0,0,2,1,1,1,1,24,5,2231,2,8,TOYOTA RAV4,7,E01012024,0,-1
2021401112559,2021,401112559,2,9,0,2,2,0,0,0,0,0,0,0,0,0,4,1,6,6,3,-1,-1,2231,2,15,TOYOTA RAV4,-1,-1,0,-1
2021221085445,2021,221085445,1,9,0,4,4,1,5,0,0,0,0,0,0,0,2,1,5,6,2,37,7,2487,8,0,TOYOTA RAV4,10,E01032246,0,-1
2021010336446,2021,010336446,1,9,0,14,14,1,5,0,0,2,0,0,0,0,1,1,6,6,2,28,6,2487,8,2,TOYOTA RAV4,5,E01002591,0,-1
2021221132138,2021,221132138,1,9,0,18,19,1,5,0,0,0,0,0,1,0,1,1,5,6,2,47,8,2487,8,2,TOYOTA RAV4,5,E01028858,0,-1
2021221079622,2021,221079622,1,9,0,18,19,8,4,0,0,0,0,0,0,0,2,1,5,6,2,40,7,2494,8,3,TOYOTA RAV4,6,E01028927,0,-1
2021010320200,2021,010320200,2,9,0,99,99,9,9,99,99,9,9,99,9,99,1,9,6,6,2,44,7,1986,1,7,TOYOTA RAV4,3,E01000373,0,-1
2021302101529,2021,302101529,2,9,0,2,2,0,0,0,0,1,0,0,0,0,2,1,6,6,3,-1,-1,2487,8,0,TOYOTA RAV4,-1,-1,0,-1
2021010325371,2021,010325371,2,9,0,10,10,7,4,0,0,5,0,0,0,0,3,1,6,6,1,35,6,1998,1,15,TOYOTA RAV4,4,E01023530,0,-1
2021070885772,2021,070885772,1,9,0,1,1,3,5,0,0,1,0,0,0,0,2,1,6,6,1,34,6,1998,1,14,TOYOTA RAV4,7,W01000256,0,-1
2021010347396,2021,010347396,2,9,0,99,99,9,9,99,99,0,9,99,9,99,1,9,6,6,3,-1,-1,2487,8,1,TOYOTA RAV4,6,E01002373,0,-1
2021010312839,2021,010312839,1,9,0,99,99,9,9,99,99,9,9,99,9,99,2,9,6,6,2,38,7,2494,8,5,TOYOTA RAV4,4,E01000313,0,-1
202106K079698,2021,06K079698,2,9,0,3,3,1,5,0,0,0,0,0,0,0,2,1,6,6,2,19,4,2231,2,14,TOYOTA RAV4,1,E01004797,0,-1
2021010318751,2021,010318751,1,9,0,18,19,2,6,0,0,1,5,0,0,0,4,1,6,6,1,49,8,1998,1,18,TOYOTA RAV4,3,E01002768,0,-1
2021111119419,2021,111119419,1,9,0,18,19,5,1,0,0,0,0,0,7,2,1,1,5,6,1,64,9,2487,8,0,TOYOTA RAV4,-1,-1,0,-1
2021471124421,2021,471124421,2,9,0,4,4,1,4,0,0,8,0,0,0,0,1,1,5,6,1,64,9,1998,1,14,TOYOTA RAV4,10,E01021162,0,-1
2021010318071,2021,010318071,5,9,0,2,2,0,0,0,0,0,0,0,0,0,4,1,6,6,3,-1,-1,2494,8,3,TOYOTA RAV4,-1,-1,0,-1
2021461044658,2021,461044658,4,9,0,18,19,3,7,0,0,0,0,0,0,0,1,1,6,6,2,70,10,2231,2,10,TOYOTA RAV4,6,E01024589,0,-1
2021131112336,2021,131112336,1,9,0,18,19,1,5,0,0,1,0,0,3,11,1,1,2,2,2,48,8,2494,8,5,TOYOTA RAV4,10,E01011271,0,-1
2021421089705,2021,421089705,2,9,0,17,19,1,3,0,0,2,5,0,0,0,1,1,5,6,1,48,8,2494,8,4,TOYOTA RAV4,7,E01021830,0,-1
2021461039427,2021,461039427,1,9,0,18,19,3,7,0,0,0,1,0,4,6,1,1,5,6,1,31,6,1995,2,17,TOYOTA RAV4,4,E01016137,0,-1
2021440208900,2021,440208900,2,9,0,18,19,3,7,0,0,0,0,0,0,0,0,1,6,6,2,74,10,1998,1,19,TOYOTA RAV4,7,E01022592,0,-1
2021070517973,2021,070517973,1,9,0,5,5,8,4,0,0,6,0,0,0,0,4,1,6,6,2,61,9,2487,8,2,TOYOTA RAV4,9,E01028966,0,-1
2021161033888,2021,161033888,1,9,0,3,3,5,1,0,0,0,0,0,0,0,2,1,5,6,2,68,10,2494,8,3,TOYOTA RAV4,5,E01012764,0,-1
2021451054106,2021,451054106,6,9,0,18,19,1,5,0,0,0,0,0,0,0,2,1,1,1,2,28,6,2487,8,0,TOYOTA RAV4,10,E01017413,0,-1
2021371039960,2021,371039960,2,9,0,9,9,3,7,0,0,1,0,0,0,0,4,1,5,6,2,52,8,2231,2,9,TOYOTA RAV4,9,E01033450,0,-1
2021430261863,2021,430261863,1,9,0,18,19,3,7,0,0,0,0,0,8,11,3,1,6,6,1,34,6,2494,8,5,TOYOTA RAV4,6,E01017793,0,-1
2021461052544,2021,461052544,3,9,0,14,14,5,1,0,0,1,0,11,0,0,1,1,5,6,1,-1,-1,2487,8,1,TOYOTA RAV4,2,E01024165,0,-1
2021141041995,2021,141041995,2,9,0,5,5,4,8,0,0,1,0,0,0,0,4,1,5,6,1,54,8,2494,8,5,TOYOTA RAV4,6,E01007695,0,-1
2021991094573,2021,991094573,1,9,0,9,9,2,8,0,0,1,0,0,0,0,2,1,2,2,1,39,7,2487,8,0,TOYOTA RAV4,3,-1,0,-1
2021010305750,2021,010305750,1,9,0,5,5,3,7,0,0,1,0,0,0,0,1,1,1,1,1,55,8,2494,8,3,TOYOTA RAV4,2,E01004011,0,-1
2021010330899,2021,010330899,2,9,0,2,2,0,0,0,0,1,0,4,0,0,2,1,6,6,3,-1,-1,1998,1,15,TOYOTA RAV4,-1,-1,0,-1
2021101079327,2021,101079327,1,9,0,18,19,7,3,0,0,8,0,0,0,0,1,1,5,6,1,62,9,2487,8,1,TOYOTA RAV4,8,E01008734,0,-1
2021010338230,2021,010338230,1,9,0,2,2,0,0,0,0,0,0,0,0,0,3,1,6,6,3,-1,-1,2487,8,1,TOYOTA RAV4,-1,-1,0,-1
2021141079438,2021,141079438,3,9,0,18,19,7,3,0,0,0,0,0,0,0,3,1,6,6,3,51,8,2494,8,4,TOYOTA RAV4,-1,-1,0,-1
2021221119865,2021,221119865,2,9,0,18,19,4,8,0,0,0,0,0,0,0,0,1,5,6,2,58,9,2494,8,4,TOYOTA RAV4,3,E01032456,0,-1
2021010322373,2021,010322373,2,9,0,11,11,1,5,0,0,0,0,0,0,0,1,1,6,6,2,34,6,1987,1,4,TOYOTA RAV4,10,E01030953,0,-1