collision_index,collision_year,collision_ref_no,vehicle_reference,vehicle_type,towing_and_articulation,vehicle_manoeuvre_historic,vehicle_manoeuvre,vehicle_direction_from,vehicle_direction_to,vehicle_location_restricted_lane_historic,vehicle_location_restricted_lane,junction_location,skidding_and_overturning,hit_object_in_carriageway,vehicle_leaving_carriageway,hit_object_off_carriageway,first_point_of_impact,vehicle_left_hand_drive,journey_purpose_of_driver_historic,journey_purpose_of_driver,sex_of_driver,age_of_driver,age_band_of_driver,engine_capacity_cc,propulsion_code,age_of_vehicle,generic_make_model,driver_imd_decile,lsoa_of_driver,escooter_flag,driver_distance_banding
2021141012600,2021,141012600,2,9,0,18,19,3,7,0,0,4,0,0,0,0,1,1,6,6,1,-1,-1,1998,1,16,TOYOTA RAV4,-1,-1,0,-1
2021010350643,2021,010350643,1,9,0,99,99,9,9,99,99,9,9,99,9,99,2,9,2,2,2,43,7,2494,8,3,TOYOTA RAV4,2,E01001014,0,-1
2021010353046,2021,010353046,2,9,0,99,99,9,9,99,99,9,9,99,9,99,9,9,6,6,1,54,8,2494,8,4,TOYOTA RAV4,4,E01003123,0,-1
2021010313150,2021,010313150,1,3,0,99,99,9,9,99,99,9,9,99,9,99,9,1,6,6,1,33,6,124,1,8,YAMAHA HW,1,E01002036,0,-1
2021010322809,2021,010322809,2,3,0,13,13,7,3,0,0,0,2,0,0,0,4,1,6,6,1,36,7,125,1,5,YAMAHA HW,7,E01000214,0,-1
2021010297537,2021,010297537,1,3,0,99,99,9,9,99,99,0,9,99,9,99,2,1,6,6,1,22,5,125,1,4,YAMAHA HW,1,E01004722,0,-1
2021522102134,2021,522102134,2,3,0,18,19,1,5,0,0,1,0,0,0,0,1,1,6,6,1,18,4,124,1,7,YAMAHA HW,5,E01001265,0,-1
2021522200684,2021,522200684,3,3,0,18,19,3,7,0,0,0,0,0,0,0,1,1,6,6,1,52,8,125,1,5,YAMAHA HW,7,E01014949,0,-1
2021010350288,2021,010350288,1,3,0,14,14,5,1,0,0,1,0,0,0,0,3,1,6,6,1,23,5,124,1,7,YAMAHA HW,7,E01002962,0,-1
2021201107584,2021,201107584,2,3,0,4,4,8,4,0,0,8,0,0,0,0,1,1,6,6,1,39,7,125,1,5,YAMAHA HW,3,E01010336,0,-1
2021010312206,2021,010312206,2,3,0,18,19,3,7,0,0,0,0,0,0,0,3,1,1,1,1,19,4,124,1,8,YAMAHA HW,7,E01002367,0,-1
2021010296816,2021,010296816,1,3,0,99,99,9,9,99,99,9,9,99,9,99,1,1,6,6,1,36,7,125,1,5,YAMAHA HW,7,E01000214,0,-1
2021010290156,2021,010290156,1,3,0,18,19,5,1,0,0,2,1,0,0,0,3,1,6,6,1,23,5,124,1,9,YAMAHA HW,2,E01033599,0,-1
2021991091637,2021,991091637,1,3,0,18,19,4,8,0,0,1,0,0,0,0,1,1,6,6,1,34,6,124,1,8,YAMAHA HW,8,-1,0,-1
2021010296384,2021,010296384,1,3,0,99,99,9,9,99,99,9,9,99,9,99,9,1,6,6,1,18,4,124,1,7,YAMAHA HW,3,E01004429,0,-1
2021010309078,2021,010309078,2,9,0,18,19,3,7,99,99,0,9,99,9,99,1,1,6,6,1,34,6,2494,1,18,BMW Z4,5,E01003700,0,-1
2021010349825,2021,010349825,1,9,0,99,99,9,9,99,99,9,9,99,9,99,2,9,6,6,1,36,7,2996,1,12,BMW Z4,4,E01003776,0,-1
2021061100095,2021,061100095,1,9,0,9,9,6,3,0,0,1,0,0,0,0,1,1,5,6,2,29,6,1998,1,0,BMW Z4,4,E01005718,0,-1
2021451067673,2021,451067673,1,9,0,18,19,5,1,0,0,0,0,0,0,0,1,1,5,6,2,75,10,1997,1,7,BMW Z4,7,E01030553,0,-1
2021010318409,2021,010318409,1,9,0,9,9,7,5,0,0,8,0,0,0,0,4,1,6,6,1,34,6,1997,1,8,BMW Z4,4,E01004538,0,-1
2021461029786,2021,461029786,2,9,0,18,19,2,6,0,0,0,0,0,0,0,1,1,6,6,1,23,5,1997,1,9,BMW Z4,6,E01024034,0,-1
2021471030802,2021,471030802,1,9,0,9,9,3,1,0,0,1,0,0,0,0,3,1,6,6,2,72,10,2996,1,11,BMW Z4,10,E01021083,0,-1
2021211147741,2021,211147741,1,9,0,18,19,-1,-1,0,0,4,0,0,0,0,1,1,6,6,3,-1,-1,1997,1,7,BMW Z4,-1,-1,0,-1
2021552100437,2021,552100437,1,9,0,18,19,8,4,0,0,4,0,0,0,0,1,1,6,6,1,26,6,1997,1,7,BMW Z4,7,E01015391,0,-1
2021302100033,2021,302100033,3,9,0,2,2,0,0,6,6,1,0,0,0,0,4,1,6,6,3,-1,-1,2979,1,12,BMW Z4,-1,-1,0,-1
2021440228788,2021,440228788,1,9,0,4,4,8,5,0,0,1,0,0,0,0,1,1,2,2,2,27,6,1998,1,1,BMW Z4,9,E01016255,0,-1
2021320334982,2021,320334982,1,9,0,18,19,8,6,0,0,1,0,0,0,0,1,1,6,6,1,40,7,1995,1,15,BMW Z4,-1,-1,0,-1
2021461054442,2021,461054442,1,9,0,6,6,-1,-1,0,0,0,0,4,0,0,-1,1,6,6,1,-1,-1,1997,1,9,BMW Z4,-1,-1,0,-1
2021010305031,2021,010305031,4,9,0,2,2,0,0,0,0,8,1,4,0,0,2,1,6,6,3,-1,-1,1997,1,7,BMW Z4,-1,-1,0,-1
2021070622134,2021,070622134,1,9,0,4,4,3,7,0,0,1,0,0,0,0,2,1,6,6,1,30,6,2979,1,7,BMW Z4,7,E01006689,0,-1
2021010312968,2021,010312968,1,9,0,18,19,5,1,0,0,1,0,0,0,0,1,1,6,6,2,37,7,2996,1,15,BMW Z4,2,E01002710,0,-1
2021552100407,2021,552100407,1,9,0,18,19,2,6,0,0,0,0,12,0,0,1,1,2,2,1,33,6,1997,1,5,BMW Z4,3,E01015285,0,-1
2021351060291,2021,351060291,1,9,0,9,9,-1,-1,0,0,0,0,0,0,0,1,1,6,6,1,-1,-1,2497,1,15,BMW Z4,7,E01018192,0,-1
2021010317856,2021,010317856,1,9,0,99,99,9,9,99,99,9,9,99,9,99,9,9,6,6,1,57,9,1998,1,2,BMW Z4,10,E01001124,0,-1
2021101052923,2021,101052923,1,9,0,5,5,5,1,0,0,6,0,0,0,0,3,1,6,6,1,23,5,1997,1,6,BMW Z4,4,E01027442,0,-1
2021010338532,2021,010338532,1,9,0,18,19,3,7,0,0,2,0,4,0,0,4,1,6,6,1,25,5,2497,1,12,BMW Z4,6,E01001990,0,-1
2021471032943,2021,471032943,1,9,0,18,19,3,7,0,0,0,0,0,0,0,1,1,2,2,1,29,6,1997,1,9,BMW Z4,5,E01021120,0,-1
2021010330450,2021,010330450,2,9,0,99,99,9,9,99,99,0,9,99,9,99,1,9,6,6,3,45,7,2171,1,17,BMW Z4,4,E01002406,0,-1
202134NNC5101,2021,34NNC5101,2,9,0,3,3,5,1,0,0,0,0,0,0,0,2,1,2,2,2,57,9,1998,1,1,BMW Z4,8,E01026223,0,-1
2021302100684,2021,302100684,1,9,0,18,19,6,2,0,0,0,0,0,0,0,3,1,6,6,1,58,9,2497,1,12,BMW Z4,7,E01019770,0,-1
2021421062283,2021,421062283,1,9,0,18,19,7,3,0,0,8,0,0,0,0,1,1,5,6,1,63,9,1998,1,2,BMW Z4,4,E01015831,0,-1
2021440263044,2021,440263044,1,9,0,18,19,7,3,0,0,0,1,0,2,7,1,1,6,6,2,34,6,1997,1,7,BMW Z4,3,E01022976,0,-1
2021430234910,2021,430234910,2,9,0,4,4,8,4,0,0,0,0,0,0,0,2,1,6,6,1,33,6,2996,1,14,BMW Z4,-1,-1,0,-1
2021010295970,2021,010295970,2,9,0,99,99,9,9,99,99,9,9,99,9,99,9,9,6,6,3,-1,-1,2494,1,17,BMW Z4,1,E01002036,0,-1
2021010323589,2021,010323589,1,9,0,99,99,9,9,99,99,9,9,99,9,99,2,9,2,2,1,34,6,2979,1,17,BMW Z4,3,E01004448,0,-1
2021010287901,2021,010287901,1,9,0,99,99,9,9,99,99,9,9,99,9,99,2,9,6,6,1,44,7,2497,1,10,BMW Z4,2,E01003082,0,-1
2021440046063,2021,440046063,2,9,0,18,19,3,7,0,0,0,0,0,0,0,3,1,6,6,1,56,9,2979,1,12,BMW Z4,3,E01017123,0,-1
2021010317304,2021,010317304,2,9,0,18,19,5,1,0,0,0,0,0,0,0,0,1,6,6,1,31,6,1995,1,13,BMW Z4,-1,-1,0,-1
2021041126887,2021,041126887,1,9,0,18,19,1,5,0,0,0,0,0,0,0,1,1,5,6,1,66,10,2171,1,17,BMW Z4,4,E01025405,0,-1
2021010323427,2021,010323427,1,9,0,99,99,9,9,99,99,9,9,99,9,99,1,9,6,6,2,35,6,2979,1,8,BMW Z4,6,E01002331,0,-1
2021010331650,2021,010331650,1,9,0,18,19,7,3,0,0,0,1,0,4,0,1,1,6,6,1,41,7,2996,1,11,BMW Z4,-1,-1,0,-1
2021010329171,2021,010329171,1,9,0,4,4,5,1,0,0,0,0,0,0,0,2,1,6,6,2,55,8,1998,1,0,BMW Z4,10,E01030589,0,-1
2021461114442,2021,461114442,1,9,-1,-1,-1,-1,-1,-1,-1,0,-1,-1,-1,0,-1,1,6,6,1,-1,-1,1997,1,6,BMW Z4,8,E01024057,0,-1
2021461060803,2021,461060803,2,9,0,18,19,3,7,0,0,0,0,0,0,0,2,1,6,6,1,34,6,2497,1,11,BMW Z4,7,E01024802,0,-1
2021501070120,2021,501070120,2,9,0,2,2,0,0,0,0,0,0,0,0,0,3,1,5,6,2,50,8,1997,1,5,BMW Z4,7,E01018970,0,-1
2021010327956,2021,010327956,2,9,0,99,99,9,9,99,99,9,9,99,9,99,1,9,6,6,3,-1,-1,1997,1,7,BMW Z4,8,E01003823,0,-1
2021501094467,2021,501094467,2,9,0,2,2,0,0,6,6,8,0,0,0,0,4,1,5,6,1,29,6,2979,1,18,BMW Z4,7,E01018795,0,-1
2021371071942,2021,371071942,2,9,0,18,19,4,8,0,0,0,0,0,0,0,1,1,5,6,1,58,9,2979,1,18,BMW Z4,7,E01029901,0,-1
2021440329239,2021,440329239,1,9,0,4,4,3,7,0,0,0,0,0,0,0,2,1,6,6,2,45,7,2497,1,11,BMW Z4,-1,-1,0,-1
2021501063848,2021,501063848,1,9,0,18,19,5,1,0,0,0,0,0,0,0,4,1,5,6,1,57,9,2497,1,11,BMW Z4,4,E01018776,0,-1
2021201096441,2021,201096441,1,9,0,5,5,2,6,0,0,1,0,0,0,0,1,1,6,6,1,54,8,2979,1,16,BMW Z4,6,E01031229,0,-1
2021302101417,2021,302101417,2,9,0,16,19,8,4,0,0,0,0,0,0,0,1,1,6,6,1,46,8,2979,1,18,BMW Z4,8,E01019735,0,-1
2021231047296,2021,231047296,3,9,0,2,2,0,0,0,0,0,0,0,0,0,3,1,5,6,2,34,6,1995,1,12,BMW Z4,10,E01031202,0,-1
2021991177950,2021,991177950,1,9,0,13,13,5,8,8,6,0,1,7,7,0,1,1,6,6,1,51,8,2497,1,13,BMW Z4,5,-1,0,-1
2021131034495,2021,131034495,2,9,0,17,19,7,3,0,0,0,0,0,0,0,1,1,2,2,1,46,8,2497,1,11,BMW Z4,7,E01011069,0,-1
2021501048789,2021,501048789,1,9,0,16,19,5,8,0,0,0,1,0,1,0,3,1,5,6,1,38,7,2996,1,10,BMW Z4,6,E01004618,0,-1
2021451018233,2021,451018233,1,9,0,3,3,1,3,0,0,1,0,0,0,0,2,1,6,6,1,29,6,2497,1,10,BMW Z4,10,E01030940,0,-1
2021520200293,2021,520200293,2,9,0,2,2,0,0,0,0,0,0,0,0,0,2,1,6,6,3,-1,-1,2996,1,15,BMW Z4,-1,-1,0,-1
2021421119103,2021,421119103,1,9,0,18,19,2,8,0,0,0,0,0,0,0,1,1,6,6,2,67,10,2497,1,14,BMW Z4,7,E01022088,0,-1
2021010348975,2021,010348975,1,9,0,10,10,3,1,0,0,2,0,0,0,0,3,1,6,6,2,57,9,1997,1,6,BMW Z4,6,E01002496,0,-1
2021440515117,2021,440515117,1,9,0,18,19,7,3,0,0,0,0,0,4,4,1,1,6,6,1,49,8,1997,1,8,BMW Z4,7,E01017050,0,-1
2021201106331,2021,201106331,2,9,0,5,5,8,3,0,0,1,0,0,0,0,1,1,6,6,1,35,6,1995,1,12,BMW Z4,3,E01010127,0,-1
2021201133325,2021,201133325,1,9,0,5,5,4,8,0,0,0,0,0,0,0,1,1,6,6,2,28,6,1997,1,7,BMW Z4,5,E01010554,0,-1
2021141047155,2021,141047155,2,9,0,6,6,8,4,0,0,2,0,0,0,0,1,1,6,6,1,66,10,1998,1,1,BMW Z4,10,E01007865,0,-1
2021991089218,2021,991089218,1,9,0,9,9,2,8,0,0,6,0,0,7,0,1,1,5,6,1,56,9,2996,1,15,BMW Z4,4,-1,0,-1
2021101125106,2021,101125106,1,9,0,17,19,7,3,0,0,0,2,0,7,11,1,1,6,6,2,68,10,1997,2,3,FORD EDGE,4,E01027362,0,-1
2021547483621,2021,547483621,1,9,0,16,19,6,2,0,0,0,0,0,0,0,3,1,2,2,1,45,7,1997,2,4,FORD EDGE,4,E01032070,0,-1
202131C129121,2021,31C129121,2,9,0,9,9,2,8,0,0,5,0,0,0,0,3,1,2,2,2,48,8,1997,2,5,FORD EDGE,4,E01028143,0,-1
2021041146636,2021,041146636,4,9,0,18,19,3,7,0,0,0,0,0,0,0,2,1,1,1,2,55,8,1997,2,3,FORD EDGE,5,E01024888,0,-1
2021221039331,2021,221039331,2,9,0,18,19,6,2,0,0,0,0,0,1,0,3,1,2,2,1,38,7,1997,2,5,FORD EDGE,8,E01032221,0,-1
2021010349095,2021,010349095,3,9,0,2,2,0,0,99,99,0,9,99,9,99,2,9,6,6,3,-1,-1,1997,2,4,FORD EDGE,-1,-1,0,-1
2021421047434,2021,421047434,2,9,0,9,9,7,5,0,0,1,0,0,0,0,2,1,3,7,2,45,7,1997,2,5,FORD EDGE,7,E01015966,0,-1
2021010301975,2021,010301975,2,9,0,99,99,9,9,99,99,0,9,99,9,99,4,9,6,6,1,37,7,1997,2,4,FORD EDGE,8,E01021382,0,-1
2021522103693,2021,522103693,1,9,0,3,3,3,6,0,0,1,0,0,0,0,2,1,6,6,2,34,6,1997,2,3,FORD EDGE,4,E01014521,0,-1
2021131117344,2021,131117344,2,9,0,18,19,3,7,0,0,1,0,0,0,0,0,1,6,6,1,41,7,1997,2,5,FORD EDGE,3,E01011018,0,-1
2021361100799,2021,361100799,2,9,0,18,19,3,7,0,0,1,0,0,0,0,1,1,5,6,2,39,7,1997,2,4,FORD EDGE,5,E01030066,0,-1
2021170L50571,2021,170L50571,2,9,0,18,19,6,2,0,0,8,0,0,7,11,4,1,6,6,2,36,7,1997,2,4,FORD EDGE,-1,-1,0,-1
2021010297558,2021,010297558,1,9,0,9,9,8,5,2,2,5,0,0,0,0,4,1,6,6,1,28,6,1997,2,5,FORD EDGE,9,E01003360,0,-1
2021610047621,2021,610047621,2,9,0,18,19,7,3,0,0,1,0,0,7,0,4,1,6,6,1,63,9,1997,2,4,FORD EDGE,10,W01001543,0,-1
2021430359069,2021,430359069,2,9,0,4,4,4,8,0,0,0,0,0,0,0,2,1,6,6,1,40,7,1997,2,5,FORD EDGE,5,E01026894,0,-1
2021531060106,2021,531060106,2,9,0,18,19,7,3,0,0,1,1,0,0,0,1,1,1,1,2,45,7,1997,2,4,FORD EDGE,9,E01022378,0,-1
2021010350837,2021,010350837,2,98,0,18,19,7,3,0,0,0,0,0,0,0,4,2,6,6,1,31,6,3500,1,6,-1,6,E01033453,0,-1
2021421076435,2021,421076435,2,5,0,14,14,2,6,0,0,0,5,0,0,0,1,1,5,6,1,32,6,1745,1,4,-1,6,E01021331,0,-1
2021552100717,2021,552100717,1,4,0,18,19,3,7,0,0,0,0,0,0,0,1,1,6,6,1,60,9,1745,1,1,-1,4,E01015326,0,-1
2021440454166,2021,440454166,1,5,0,18,19,1,5,0,0,0,1,0,0,0,0,1,2,2,1,34,6,1252,1,0,-1,2,E01031437,0,-1
2021461084396,2021,461084396,1,5,0,18,19,1,5,0,0,0,1,0,0,0,1,1,6,6,1,19,4,649,1,1,-1,8,E01016094,0,-1
2021122100584,2021,122100584,1,5,0,16,19,5,1,0,0,0,0,0,7,0,3,1,6,6,1,24,5,649,1,0,-1,10,E01012302,0,-1
2021991030303,2021,991030303,1,5,0,9,9,7,3,0,0,0,1,0,1,7,4,1,5,6,1,49,8,649,1,1,-1,5,-1,0,-1
2021622100799,2021,622100799,2,5,0,18,19,8,4,0,0,0,0,0,0,0,1,1,6,6,1,62,9,736,1,46,-1,2,W01001705,0,-1
2021141051561,2021,141051561,2,5,0,18,19,3,7,0,0,1,0,0,0,0,3,1,5,6,1,61,9,736,1,45,-1,5,E01007489,0,-1
2021010289109,2021,010289109,5,3,0,2,2,0,0,0,0,0,0,0,0,0,3,1,6,6,3,-1,-1,108,1,11,-1,-1,-1,0,-1
2021010337375,2021,010337375,1,3,0,18,19,1,5,0,0,1,0,10,0,0,1,1,6,6,1,19,4,125,1,13,HONDA PES 125,2,E01004725,0,-1
2021010287891,2021,010287891,2,3,0,4,4,7,3,0,0,0,0,0,0,0,1,1,6,6,2,30,6,125,1,15,HONDA PES 125,4,E01003114,0,-1
2021010334855,2021,010334855,2,3,0,18,19,5,1,0,0,0,0,0,0,0,3,1,6,6,1,19,4,125,1,13,HONDA PES 125,2,E01001151,0,-1
2021010351990,2021,010351990,2,3,0,18,19,1,5,0,0,1,0,0,0,0,1,1,2,2,1,30,6,125,1,12,HONDA PES 125,-1,-1,0,-1
2021201098914,2021,201098914,2,3,0,18,19,7,3,0,0,8,0,0,0,0,4,1,1,1,1,22,5,125,1,13,HONDA PES 125,1,E01008940,0,-1
2021010335480,2021,010335480,1,3,0,4,4,7,3,0,0,8,0,0,0,0,1,1,2,2,1,42,7,125,1,13,HONDA PES 125,-1,-1,0,-1
2021010343033,2021,010343033,1,2,0,18,19,5,1,0,0,0,0,0,0,0,1,1,6,6,1,24,5,125,1,9,HONDA PES 125,1,E01002734,0,-1
2021010340810,2021,010340810,1,3,0,18,19,2,6,0,0,0,1,0,0,0,1,1,1,1,1,31,6,125,1,10,HONDA PES 125,3,E01003571,0,-1
2021010292854,2021,010292854,2,2,0,9,9,7,4,0,0,2,0,0,0,0,3,1,6,6,1,29,6,125,1,13,HONDA PES 125,2,E01004696,0,-1
2021061095015,2021,061095015,1,3,0,18,19,7,3,9,9,0,0,0,0,0,1,1,6,6,3,30,6,125,1,13,HONDA PES 125,-1,-1,0,-1
2021010327650,2021,010327650,3,3,0,18,19,7,3,0,0,1,1,0,0,0,1,1,6,6,1,21,5,125,1,8,HONDA PES 125,3,E01003570,0,-1
2021010290051,2021,010290051,2,3,0,18,19,3,7,0,0,8,0,0,0,0,4,1,6,6,1,58,9,125,1,10,HONDA PES 125,3,E01002370,0,-1
2021010334626,2021,010334626,1,3,0,5,5,1,5,0,0,0,0,4,0,0,1,1,1,1,1,35,6,125,1,11,HONDA PES 125,2,E01004055,0,-1
2021010288098,2021,010288098,1,3,0,99,99,9,9,99,99,9,9,99,9,99,1,9,6,6,1,18,4,125,1,10,HONDA PES 125,8,E01001413,0,-1
2021010310345,2021,010310345,1,3,0,13,13,3,7,0,0,0,0,0,0,0,1,1,1,1,1,23,5,125,1,10,HONDA PES 125,5,E01001091,0,-1
2021010348898,2021,010348898,2,3,3,13,13,1,5,0,0,1,5,0,0,0,4,1,6,6,1,62,9,125,1,11,HONDA PES 125,6,E01001872,0,-1
2021010287833,2021,010287833,1,3,0,99,99,9,9,99,99,9,9,99,9,99,1,1,6,6,1,19,4,125,1,9,HONDA PES 125,2,E01003950,0,-1
2021010317934,2021,010317934,2,3,0,5,5,1,5,0,0,7,5,0,0,0,1,1,6,6,1,18,4,125,1,10,HONDA PES 125,6,E01004017,0,-1
2021010325581,2021,010325581,2,4,0,15,15,7,3,0,0,2,0,10,1,0,3,1,6,6,1,19,4,125,1,11,HONDA PES 125,3,E01001900,0,-1
2021010292356,2021,010292356,1,3,0,99,99,9,9,99,99,9,9,99,9,99,1,1,6,6,1,38,7,125,1,11,HONDA PES 125,3,E01000630,0,-1
2021010350673,2021,010350673,1,3,0,99,99,9,9,99,99,0,9,99,9,99,1,1,1,1,1,36,7,125,1,8,HONDA PES 125,2,E01001653,0,-1
2021010287554,2021,010287554,1,3,0,99,99,9,9,99,99,0,9,99,9,99,1,1,6,6,1,-1,-1,125,1,14,HONDA PES 125,1,E01000858,0,-1
2021010287809,2021,010287809,2,3,0,18,19,5,1,0,0,1,5,0,0,0,1,1,6,6,1,29,6,125,1,13,HONDA PES 125,1,E01000891,0,-1
2021010336112,2021,010336112,1,3,0,99,99,9,9,99,99,9,9,99,9,99,1,1,1,1,1,40,7,125,1,7,HONDA PES 125,4,E01000799,0,-1
2021010311111,2021,010311111,2,3,0,7,7,3,5,0,0,5,0,0,0,0,1,1,6,6,1,17,4,125,1,13,HONDA PES 125,4,E01001469,0,-1
2021101105360,2021,101105360,2,3,0,17,19,6,6,0,0,1,0,0,0,0,1,1,6,6,1,53,8,125,1,13,HONDA PES 125,3,E01008182,0,-1
2021010311287,2021,010311287,2,3,0,18,19,1,5,0,0,1,1,0,0,0,4,1,6,6,1,47,8,125,1,9,HONDA PES 125,2,E01000021,0,-1
2021010295210,2021,010295210,2,3,0,13,13,3,7,0,0,8,5,0,0,0,3,1,6,6,1,19,4,125,1,15,HONDA PES 125,8,E01004587,0,-1
2021010342949,2021,010342949,1,3,0,18,19,1,5,0,0,0,0,0,0,0,1,1,1,1,1,42,7,125,1,9,HONDA PES 125,-1,-1,0,-1
2021010318998,2021,010318998,2,3,0,13,13,7,3,0,0,8,0,0,0,0,4,1,6,6,1,31,6,125,1,13,HONDA PES 125,-1,-1,0,-1
2021010310900,2021,010310900,1,3,0,13,13,3,7,0,0,8,0,0,0,0,4,1,6,6,1,29,6,125,1,9,HONDA PES 125,2,E01004539,0,-1
2021010318864,2021,010318864,1,3,0,99,99,9,9,99,99,9,9,99,9,99,9,1,6,6,1,30,6,125,1,12,HONDA PES 125,2,E01001977,0,-1
2021302101588,2021,302101588,2,3,0,18,19,4,8,0,0,0,0,0,0,0,2,1,6,6,1,18,4,125,1,15,HONDA PES 125,2,E01013521,0,-1
2021010297642,2021,010297642,1,3,0,99,99,9,9,99,99,0,9,99,9,99,1,1,2,2,1,36,7,125,1,9,HONDA PES 125,6,E01001678,0,-1
2021010295791,2021,010295791,2,3,0,5,5,1,5,0,0,1,1,0,0,0,0,1,2,2,1,62,9,125,1,15,HONDA PES 125,5,E01003316,0,-1
2021010308110,2021,010308110,1,3,0,18,19,3,7,0,0,2,0,0,0,0,1,1,6,6,1,22,5,125,1,9,HONDA PES 125,1,E01003963,0,-1
2021010305137,2021,010305137,1,3,0,13,13,7,3,0,0,1,0,0,0,0,1,1,6,6,1,23,5,125,1,13,HONDA PES 125,4,E01004234,0,-1
2021010342361,2021,010342361,1,3,0,99,99,9,9,99,99,9,9,99,9,99,1,1,1,1,1,40,7,125,1,9,HONDA PES 125,3,E01001807,0,-1
2021010324842,2021,010324842,1,3,0,99,99,9,9,99,99,9,9,99,9,99,1,1,6,6,1,39,7,125,1,12,HONDA PES 125,3,E01002044,0,-1
2021451057247,2021,451057247,1,3,0,7,7,1,5,0,0,1,2,0,0,0,4,1,5,6,1,26,6,125,1,13,HONDA PES 125,4,E01030634,0,-1
2021010300791,2021,010300791,1,3,0,13,13,3,7,0,0,1,0,0,0,0,2,1,1,1,1,36,7,125,1,13,HONDA PES 125,4,E01002088,0,-1
2021010300818,2021,010300818,1,3,0,14,14,7,3,0,0,8,0,0,0,0,4,1,6,6,1,41,7,125,1,10,HONDA PES 125,2,E01000861,0,-1
2021010350533,2021,010350533,1,4,0,99,99,9,9,99,99,9,9,99,9,99,1,1,6,6,1,20,4,125,1,12,HONDA PES 125,1,E01001811,0,-1
2021131050161,2021,131050161,2,2,0,18,19,1,1,0,0,1,0,0,0,0,1,1,6,6,1,15,3,125,1,13,HONDA PES 125,1,E01011474,0,-1
2021010298645,2021,010298645,2,3,0,4,4,1,5,0,0,2,0,0,0,0,4,1,1,1,1,24,5,125,1,10,HONDA PES 125,5,E01003083,0,-1
2021010330119,2021,010330119,2,3,0,18,19,5,1,0,0,2,0,0,0,0,1,1,1,1,1,36,7,125,1,9,HONDA PES 125,2,E01003024,0,-1
2021010350031,2021,010350031,1,3,0,99,99,9,9,99,99,9,9,99,9,99,9,1,1,1,1,35,6,125,1,11,HONDA PES 125,1,E01033153,0,-1
2021010290143,2021,010290143,1,3,0,99,99,9,9,99,99,9,9,99,9,99,9,1,2,2,1,55,8,125,1,12,HONDA PES 125,7,E01015964,0,-1
2021010337678,2021,010337678,2,4,0,18,19,7,3,0,0,8,0,0,3,0,1,1,6,6,1,31,6,125,1,10,HONDA PES 125,6,E01004724,0,-1
2021010352461,2021,010352461,1,3,0,99,99,9,9,99,99,1,9,99,9,99,1,1,6,6,1,53,8,125,1,12,HONDA PES 125,3,E01001369,0,-1
2021010329189,2021,010329189,2,3,0,17,19,5,3,0,0,1,0,0,0,0,1,1,6,6,1,26,6,125,1,13,HONDA PES 125,-1,-1,0,-1
2021010337891,2021,010337891,2,4,0,4,4,1,5,0,0,0,0,0,0,0,2,1,6,6,1,47,8,125,1,11,HONDA PES 125,7,E01003396,0,-1
2021010302563,2021,010302563,1,3,0,4,4,3,7,0,0,0,1,0,0,0,1,1,6,6,1,50,8,125,1,9,HONDA PES 125,3,E01003264,0,-1
2021010307438,2021,010307438,1,3,0,99,99,9,9,0,0,8,0,0,0,0,1,1,2,2,1,45,7,125,1,8,HONDA PES 125,2,E01001653,0,-1
2021010288150,2021,010288150,1,3,0,18,19,8,4,9,9,6,0,0,1,0,1,1,6,6,1,18,4,125,1,8,HONDA PES 125,6,E01004491,0,-1
2021010316368,2021,010316368,1,2,0,15,15,1,5,0,0,2,0,0,0,0,4,1,2,2,1,18,4,125,1,7,HONDA PES 125,7,E01023462,0,-1
2021010306906,2021,010306906,1,3,0,99,99,9,9,99,99,9,9,99,9,99,1,1,2,2,1,27,6,125,1,12,HONDA PES 125,3,E01001162,0,-1
2021010312708,2021,010312708,1,3,0,4,4,3,7,0,0,1,5,0,0,0,3,1,2,2,1,49,8,125,1,10,HONDA PES 125,2,E01004271,0,-1
2021010351666,2021,010351666,1,3,0,99,99,9,9,99,99,9,9,99,9,99,2,1,6,6,1,28,6,125,1,9,HONDA PES 125,3,E01004575,0,-1
2021041065523,2021,041065523,1,2,0,18,19,1,5,0,0,1,1,0,0,0,1,1,6,6,1,20,4,125,1,13,HONDA PES 125,1,E01012641,0,-1
2021010333851,2021,010333851,1,3,0,99,99,9,9,99,99,9,9,99,9,99,2,9,6,6,1,24,5,125,1,10,HONDA PES 125,4,E01000580,0,-1
2021010321796,2021,010321796,1,3,0,13,13,7,3,0,0,1,0,0,0,0,2,1,1,1,1,36,7,125,1,9,HONDA PES 125,1,E01002720,0,-1
2021010287404,2021,010287404,2,3,0,18,19,5,1,0,0,8,0,0,0,0,1,1,1,1,1,25,5,125,1,12,HONDA PES 125,1,E01002736,0,-1