collision_index,collision_year,collision_ref_no,vehicle_reference,vehicle_type,towing_and_articulation,vehicle_manoeuvre_historic,vehicle_manoeuvre,vehicle_direction_from,vehicle_direction_to,vehicle_location_restricted_lane_historic,vehicle_location_restricted_lane,junction_location,skidding_and_overturning,hit_object_in_carriageway,vehicle_leaving_carriageway,hit_object_off_carriageway,first_point_of_impact,vehicle_left_hand_drive,journey_purpose_of_driver_historic,journey_purpose_of_driver,sex_of_driver,age_of_driver,age_band_of_driver,engine_capacity_cc,propulsion_code,age_of_vehicle,generic_make_model,driver_imd_decile,lsoa_of_driver,escooter_flag,driver_distance_banding
2021531093940,2021,531093940,2,9,0,7,7,3,7,0,0,2,0,0,0,0,1,1,5,6,1,78,11,1248,1,11,HYUNDAI I10,7,E01022230,0,-1
2021440020498,2021,440020498,2,9,0,18,19,1,4,0,0,8,0,0,0,0,1,1,6,6,2,84,11,1248,1,11,HYUNDAI I10,9,E01022767,0,-1
2021440288970,2021,440288970,3,9,0,4,4,5,1,0,0,1,0,0,0,0,1,1,6,6,1,36,7,1248,1,11,HYUNDAI I10,3,E01017242,0,-1
2021052102153,2021,052102153,2,9,0,18,19,7,3,0,0,0,0,0,0,0,3,1,6,6,2,39,7,1248,1,12,HYUNDAI I10,6,E01006911,0,-1
2021991054908,2021,991054908,2,9,0,4,4,8,6,0,0,1,0,0,0,0,2,1,6,6,1,41,7,1248,1,12,HYUNDAI I10,3,-1,0,-1
2021221088339,2021,221088339,1,9,0,4,4,4,8,0,0,6,1,0,3,11,1,1,1,1,2,59,9,1248,1,8,HYUNDAI I10,8,W01000458,0,-1
2021070816537,2021,070816537,3,9,0,18,19,5,1,0,0,0,0,0,0,0,0,1,6,6,3,-1,-1,998,1,5,HYUNDAI I10,-1,-1,0,-1
2021471048969,2021,471048969,2,9,0,18,19,3,7,0,0,1,0,0,0,0,4,1,5,6,2,71,10,1248,1,11,HYUNDAI I10,6,E01001065,0,-1
2021440145071,2021,440145071,1,9,0,9,9,8,6,0,0,8,0,0,0,0,1,1,6,6,2,79,11,1248,1,6,HYUNDAI I10,8,E01017196,0,-1
2021010311902,2021,010311902,1,9,0,6,6,7,7,9,9,0,0,0,1,11,1,1,6,6,1,87,11,1248,1,10,HYUNDAI I10,4,E01001624,0,-1
2021131099320,2021,131099320,2,9,0,18,19,7,3,0,0,0,1,0,0,0,1,1,5,6,1,36,7,1248,1,8,HYUNDAI I10,5,E01011269,0,-1
2021991057460,2021,991057460,2,9,0,6,6,3,7,0,0,3,0,0,0,0,1,1,5,6,2,40,7,998,1,4,HYUNDAI I10,7,-1,0,-1
2021520103378,2021,520103378,2,9,0,18,19,2,6,0,0,8,0,0,0,0,4,1,6,6,1,62,9,1248,1,12,HYUNDAI I10,9,E01029082,0,-1
2021361086297,2021,361086297,1,9,0,18,19,2,6,0,0,0,0,0,7,4,1,1,6,6,2,68,10,998,1,6,HYUNDAI I10,2,E01026698,0,-1
2021461062058,2021,461062058,1,9,0,18,19,1,5,0,0,0,0,0,7,0,1,1,5,6,1,21,5,998,1,5,HYUNDAI I10,7,E01024435,0,-1
2021141062756,2021,141062756,1,9,0,3,3,4,8,0,0,0,0,0,0,0,2,1,5,6,1,51,8,1248,1,10,HYUNDAI I10,1,E01007413,0,-1
2021451109654,2021,451109654,1,9,0,18,19,7,3,0,0,0,0,0,0,0,3,1,5,6,1,60,9,1248,1,10,HYUNDAI I10,6,E01030455,0,-1
20211381U0962,2021,1381U0962,1,9,0,3,3,0,0,0,0,2,0,0,0,11,0,1,6,6,2,42,7,1248,1,9,HYUNDAI I10,3,E01011369,0,-1
2021501079895,2021,501079895,2,9,0,3,3,5,1,0,0,4,0,0,0,0,2,1,2,2,2,39,7,1248,1,12,HYUNDAI I10,5,E01018833,0,-1
2021622100312,2021,622100312,2,9,0,10,10,2,8,0,0,1,0,0,0,0,2,1,6,6,2,60,9,1248,1,6,HYUNDAI I10,1,W01001471,0,-1
2021440431025,2021,440431025,1,9,0,5,5,7,3,0,0,4,0,0,0,0,2,1,6,6,2,22,5,998,1,0,HYUNDAI I10,8,E01017215,0,-1
2021451074135,2021,451074135,2,9,0,9,9,7,1,8,6,1,0,0,0,0,3,1,5,6,1,35,6,1086,1,12,HYUNDAI I10,3,E01002725,0,-1
2021371129032,2021,371129032,1,9,0,18,19,2,6,0,0,0,0,0,0,0,1,1,5,6,2,69,10,1248,1,10,HYUNDAI I10,8,E01030000,0,-1
2021552101309,2021,552101309,1,9,0,9,9,4,2,0,0,8,0,0,0,0,1,1,6,6,1,17,4,998,1,7,HYUNDAI I10,7,E01015391,0,-1
2021010303902,2021,010303902,2,9,0,18,19,6,2,0,0,8,0,0,0,0,1,1,2,2,1,41,7,1248,1,7,HYUNDAI I10,-1,-1,0,-1
2021010299418,2021,010299418,1,9,0,1,1,3,7,0,0,0,0,0,0,0,2,1,6,6,1,77,11,1248,1,9,HYUNDAI I10,3,E01003572,0,-1
2021501104489,2021,501104489,1,9,0,18,19,7,3,0,0,0,2,12,7,0,1,1,5,6,2,30,6,1248,1,10,HYUNDAI I10,2,E01015053,0,-1
2021031105698,2021,031105698,1,9,0,18,19,7,3,0,0,0,2,10,0,0,4,1,5,6,1,35,6,1248,1,5,HYUNDAI I10,3,E01019302,0,-1
2021461061383,2021,461061383,1,9,0,9,9,1,7,0,0,8,0,0,0,0,4,1,5,6,2,71,10,1248,1,9,HYUNDAI I10,8,E01024362,0,-1
2021991092583,2021,991092583,1,9,0,18,19,4,7,0,0,0,1,4,0,0,3,1,1,1,2,20,4,1248,1,10,HYUNDAI I10,2,-1,0,-1
2021361039301,2021,361039301,2,9,0,18,19,3,7,0,0,0,0,0,0,0,1,1,5,6,1,19,4,1248,1,2,HYUNDAI I10,8,E01026860,0,-1
2021211082130,2021,211082130,1,9,0,18,19,0,0,0,0,1,0,0,1,1,4,1,6,6,1,51,8,1086,1,13,HYUNDAI I10,1,E01014231,0,-1
2021421039031,2021,421039031,2,9,0,18,19,7,3,0,0,0,0,0,0,0,2,1,6,6,2,49,8,1248,1,6,HYUNDAI I10,10,E01021673,0,-1
2021122101081,2021,122101081,2,9,0,18,19,5,1,0,0,0,0,0,0,0,1,1,6,6,2,63,9,998,1,5,HYUNDAI I10,9,E01027792,0,-1
2021070525024,2021,070525024,1,9,0,18,19,5,1,0,0,0,1,0,7,11,4,1,6,6,1,28,6,1248,1,8,HYUNDAI I10,2,E01018467,0,-1
2021141018405,2021,141018405,2,9,0,2,2,1,5,0,0,0,0,0,1,0,2,1,6,6,3,-1,-1,1248,1,9,HYUNDAI I10,-1,-1,0,-1
2021221049175,2021,221049175,1,9,0,18,19,1,5,0,0,0,1,0,0,0,1,1,2,2,2,22,5,1248,1,9,HYUNDAI I10,8,W01001553,0,-1
2021141032676,2021,141032676,2,9,0,18,19,1,5,0,0,0,0,0,0,0,2,1,5,6,2,19,4,998,1,3,HYUNDAI I10,3,E01007457,0,-1
2021461062095,2021,461062095,2,9,0,18,19,3,7,0,0,8,0,0,0,0,1,1,6,6,2,57,9,1248,1,12,HYUNDAI I10,6,E01024674,0,-1
2021371099782,2021,371099782,1,9,0,6,6,1,3,0,0,1,0,0,0,0,3,1,5,6,1,59,9,1248,1,11,HYUNDAI I10,9,E01029897,0,-1
2021161091778,2021,161091778,1,9,0,4,4,5,1,0,0,0,0,0,0,0,2,1,5,6,2,47,8,998,1,3,HYUNDAI I10,9,E01012960,0,-1
202131D012921,2021,31D012921,2,9,0,2,2,0,0,0,0,0,0,0,0,0,2,1,6,6,3,-1,-1,1248,1,11,HYUNDAI I10,-1,-1,0,-1
2021161071247,2021,161071247,2,9,0,9,9,1,2,0,0,0,0,0,0,0,3,1,5,6,2,38,7,1248,1,11,HYUNDAI I10,8,E01013262,0,-1
2021411113608,2021,411113608,4,9,0,18,19,1,5,0,0,1,0,0,0,0,1,1,6,6,2,46,8,1248,1,10,HYUNDAI I10,5,E01023869,0,-1
2021201052093,2021,201052093,1,9,0,18,19,2,6,0,0,8,0,0,0,0,1,1,5,6,2,50,8,998,1,5,HYUNDAI I10,3,E01010044,0,-1
2021211099510,2021,211099510,1,9,0,9,9,1,5,0,0,3,5,0,7,0,2,1,2,2,2,22,5,1248,1,8,HYUNDAI I10,8,E01029736,0,-1
2021101095990,2021,101095990,1,9,0,5,5,7,3,0,0,4,0,0,0,0,3,1,6,6,2,-1,-1,1248,1,8,HYUNDAI I10,-1,-1,0,-1
2021070523853,2021,070523853,2,9,0,4,4,3,7,0,0,1,0,0,0,0,2,1,6,6,2,54,8,1248,1,8,HYUNDAI I10,4,E01018511,0,-1
2021451079457,2021,451079457,1,9,0,18,19,3,1,0,0,8,0,0,0,0,2,1,6,6,1,57,9,998,1,5,HYUNDAI I10,8,E01002925,0,-1
2021430551393,2021,430551393,1,9,0,12,12,4,8,0,0,0,0,0,0,0,3,1,6,6,2,50,8,1248,1,8,HYUNDAI I10,5,E01027138,0,-1
2021221069279,2021,221069279,2,9,0,18,19,7,3,0,0,6,0,0,0,0,1,1,2,2,2,48,8,1248,1,8,HYUNDAI I10,3,E01032449,0,-1
2021520201369,2021,520201369,1,9,0,1,1,4,8,0,0,0,0,0,0,0,2,1,6,6,2,67,10,1248,1,9,HYUNDAI I10,9,E01029184,0,-1
2021361138752,2021,361138752,1,9,0,18,19,7,3,0,0,0,0,0,0,0,1,1,2,2,2,64,9,1248,1,12,HYUNDAI I10,4,E01026794,0,-1
2021501082691,2021,501082691,1,9,0,18,19,1,5,0,0,2,0,0,0,0,1,1,6,6,2,69,10,1248,1,6,HYUNDAI I10,1,E01015043,0,-1
202131C044821,2021,31C044821,1,9,0,7,7,6,1,0,0,4,0,0,7,0,1,1,6,6,1,46,8,1248,1,10,HYUNDAI I10,2,E01032621,0,-1
2021421035289,2021,421035289,2,9,0,17,19,3,1,0,0,1,0,0,7,0,1,1,5,6,2,40,7,1248,1,11,HYUNDAI I10,3,E01015962,0,-1
2021471012625,2021,471012625,1,9,0,14,14,4,8,0,0,0,0,0,0,0,1,1,5,6,1,46,8,1248,1,4,HYUNDAI I10,4,E01021071,0,-1
2021501090973,2021,501090973,1,9,0,9,9,6,4,0,0,5,0,0,0,0,1,1,5,6,2,81,11,1248,1,3,HYUNDAI I10,7,E01020317,0,-1
2021991087640,2021,991087640,1,9,0,18,19,1,5,0,0,0,2,0,7,4,1,1,5,6,2,19,4,1248,1,7,HYUNDAI I10,5,-1,0,-1
2021543730221,2021,543730221,2,9,0,18,19,2,6,0,0,0,0,0,0,0,1,1,6,6,2,76,11,998,1,6,HYUNDAI I10,3,E01015502,0,-1
2021471105263,2021,471105263,1,9,0,18,19,2,6,0,0,0,0,0,8,1,1,1,1,1,1,29,6,1248,1,9,HYUNDAI I10,8,E01030853,0,-1
2021501094904,2021,501094904,1,9,0,18,19,1,5,0,0,0,2,11,0,0,1,1,1,1,2,21,5,1248,1,11,HYUNDAI I10,5,E01018782,0,-1
2021471077460,2021,471077460,2,9,0,3,3,3,7,0,0,2,0,0,0,0,2,1,2,2,2,26,6,1248,1,3,HYUNDAI I10,7,E01016997,0,-1
2021991072826,2021,991072826,1,9,0,18,19,1,5,0,0,2,0,0,0,0,1,1,5,6,2,18,4,998,1,0,HYUNDAI I10,10,-1,0,-1
2021161039791,2021,161039791,1,9,0,5,5,5,7,0,0,4,0,0,0,0,2,1,6,6,2,62,9,1248,1,10,HYUNDAI I10,4,E01013146,0,-1
2021421082602,2021,421082602,3,9,0,2,2,0,0,9,9,0,0,0,0,0,2,1,6,6,3,-1,-1,998,1,5,HYUNDAI I10,-1,-1,0,-1
2021320074335,2021,320074335,1,9,0,8,8,7,1,0,0,6,0,0,0,0,3,1,6,6,2,75,10,1248,1,6,HYUNDAI I10,9,E01026219,0,-1
2021101088164,2021,101088164,1,9,0,7,7,1,5,0,0,5,0,0,0,0,1,1,5,6,2,32,6,998,1,2,HYUNDAI I10,3,E01008349,0,-1
2021141088878,2021,141088878,3,9,0,4,4,6,2,0,0,0,0,0,0,0,2,1,5,6,2,49,8,1248,1,7,HYUNDAI I10,9,E01013077,0,-1
2021501111989,2021,501111989,1,9,0,3,3,1,5,0,0,0,0,0,0,0,2,1,5,6,2,48,8,1248,1,8,HYUNDAI I10,4,E01015147,0,-1
2021461055463,2021,461055463,2,9,0,-1,-1,-1,-1,-1,-1,-1,-1,-1,-1,0,-1,1,6,6,2,27,6,1248,1,8,HYUNDAI I10,2,E01024685,0,-1
2021010305870,2021,010305870,1,9,0,99,99,9,9,99,99,9,9,99,9,99,9,9,6,6,3,-1,-1,1248,1,11,HYUNDAI I10,-1,-1,0,-1
2021440161931,2021,440161931,1,9,0,18,19,8,4,0,0,0,0,0,0,0,1,1,6,6,1,86,11,998,1,7,HYUNDAI I10,4,E01023192,0,-1
2021201119679,2021,201119679,3,9,0,2,2,0,0,0,0,1,0,0,0,0,0,1,5,6,2,85,11,1248,1,8,HYUNDAI I10,-1,-1,0,-1
2021411105125,2021,411105125,1,9,0,7,7,3,7,0,0,2,0,0,0,0,3,1,5,6,1,33,6,1248,1,11,HYUNDAI I10,2,E01023860,0,-1
2021991059481,2021,991059481,1,9,0,14,14,3,7,0,0,1,0,0,0,0,1,1,5,6,1,23,5,1248,1,10,HYUNDAI I10,3,-1,0,-1
2021010294317,2021,010294317,1,9,0,9,9,3,1,0,0,2,0,0,0,0,1,1,6,6,2,21,5,998,1,5,HYUNDAI I10,7,E01000236,0,-1
2021991013790,2021,991013790,1,9,0,13,13,7,3,0,0,2,1,0,1,11,1,1,5,6,1,43,7,998,1,2,HYUNDAI I10,6,-1,0,-1
2021471057502,2021,471057502,1,9,0,18,19,6,1,0,0,4,0,0,0,0,3,1,5,6,2,58,9,998,1,3,HYUNDAI I10,4,E01020971,0,-1
2021430442771,2021,430442771,1,9,0,9,9,4,2,0,0,5,0,0,0,0,1,1,2,2,2,31,6,998,1,5,HYUNDAI I10,10,E01017611,0,-1
2021010300618,2021,010300618,1,9,0,99,99,9,9,99,99,9,9,99,9,99,2,9,6,6,2,20,4,998,1,3,HYUNDAI I10,3,E01002623,0,-1
2021131073294,2021,131073294,1,9,0,9,9,5,1,0,0,8,0,0,0,0,1,1,2,2,2,59,9,998,1,4,HYUNDAI I10,2,E01010796,0,-1
2021161099125,2021,161099125,1,9,0,18,19,5,1,0,0,8,0,0,0,0,4,1,5,6,2,23,5,998,1,4,HYUNDAI I10,6,E01012922,0,-1
2021061077929,2021,061077929,1,9,0,18,19,3,7,0,0,0,1,0,1,7,1,1,6,6,1,56,9,1248,1,9,HYUNDAI I10,1,E01005657,0,-1
2021471034254,2021,471034254,1,9,0,16,19,4,7,0,0,0,0,0,0,0,1,1,5,6,2,74,10,1248,1,8,HYUNDAI I10,3,E01020975,0,-1
2021101059372,2021,101059372,1,9,0,18,19,8,4,0,0,1,0,0,0,0,3,1,6,6,1,35,6,1248,1,9,HYUNDAI I10,-1,-1,0,-1
2021201042091,2021,201042091,2,9,0,3,3,6,2,0,0,1,0,0,0,0,2,1,6,6,2,33,6,998,1,3,HYUNDAI I10,2,E01009445,0,-1
2021101105630,2021,101105630,1,9,0,18,19,8,4,0,0,0,0,0,0,0,1,1,6,6,1,61,9,1086,1,11,HYUNDAI I10,5,E01027365,0,-1
2021052100583,2021,052100583,2,9,0,18,19,1,5,0,0,1,0,0,0,0,2,1,6,6,2,59,9,1248,1,5,HYUNDAI I10,7,E01007067,0,-1
2021122100419,2021,122100419,2,9,0,10,10,5,1,0,0,1,0,0,0,0,3,1,6,6,2,67,10,1248,1,6,HYUNDAI I10,8,E01027714,0,-1
2021501111830,2021,501111830,1,9,0,16,19,6,2,0,0,0,0,0,0,0,1,1,3,7,2,34,6,998,1,3,HYUNDAI I10,5,E01018896,0,-1
2021221056741,2021,221056741,1,9,0,18,19,2,6,0,0,4,0,0,0,0,1,1,5,6,2,52,8,1248,1,5,HYUNDAI I10,6,E01014080,0,-1
2021122100249,2021,122100249,1,9,0,18,19,5,8,0,0,0,1,0,0,0,1,1,1,1,1,36,7,998,1,4,HYUNDAI I10,10,E01008269,0,-1
2021440333149,2021,440333149,1,9,0,18,19,5,1,0,0,0,1,0,7,4,1,1,6,6,1,19,4,1248,1,7,HYUNDAI I10,8,E01023167,0,-1
2021430454087,2021,430454087,1,9,0,10,10,6,4,0,0,1,0,0,0,0,4,1,2,2,1,57,9,998,1,2,HYUNDAI I10,5,E01030494,0,-1
2021430409103,2021,430409103,1,9,0,18,19,4,8,0,0,1,0,0,0,0,1,1,6,6,1,30,6,1248,1,4,HYUNDAI I10,-1,-1,0,-1
2021501079744,2021,501079744,1,9,0,9,9,3,7,0,0,8,0,0,0,0,3,1,5,6,2,32,6,998,1,5,HYUNDAI I10,9,E01013464,0,-1
2021531099849,2021,531099849,1,9,0,18,19,5,1,0,0,0,0,0,0,0,1,1,5,6,2,57,9,1248,1,12,HYUNDAI I10,6,E01022442,0,-1
2021991051163,2021,991051163,2,9,0,2,2,0,0,0,0,2,0,0,0,0,2,1,6,6,3,-1,-1,998,1,3,HYUNDAI I10,-1,-1,0,-1
202163A007821,2021,63A007821,1,9,0,18,19,4,8,0,0,0,5,0,1,2,4,1,6,6,2,65,9,1248,1,9,HYUNDAI I10,-1,-1,0,-1
2021522101794,2021,522101794,1,9,0,18,19,6,2,0,0,0,0,0,0,0,3,1,6,6,2,58,9,1248,1,11,HYUNDAI I10,4,E01032516,0,-1
2021201028842,2021,201028842,2,9,0,18,19,6,2,0,0,3,0,0,0,0,4,1,6,6,1,21,5,1248,1,5,HYUNDAI I10,1,E01009328,0,-1
2021131116305,2021,131116305,3,9,0,18,19,4,6,0,0,8,0,0,0,0,4,1,5,6,2,21,5,1248,1,5,HYUNDAI I10,8,E01011694,0,-1
2021501077980,2021,501077980,2,9,0,18,19,5,1,0,0,0,0,0,0,0,1,1,5,6,2,76,11,1248,1,8,HYUNDAI I10,3,E01018932,0,-1
2021050820800,2021,050820800,1,9,0,18,19,5,1,0,0,0,5,0,0,7,1,1,2,2,2,49,8,1248,1,6,HYUNDAI I10,9,E01007187,0,-1
2021010335928,2021,010335928,2,9,0,99,99,9,9,99,99,0,9,99,9,99,1,9,6,6,3,-1,-1,1248,1,11,HYUNDAI I10,-1,-1,0,-1
2021302101064,2021,302101064,1,9,0,18,19,2,6,0,0,1,0,0,0,0,1,1,6,6,2,64,9,1248,1,4,HYUNDAI I10,8,E01019540,0,-1
2021320039416,2021,320039416,1,9,0,18,19,2,6,0,0,0,1,10,1,0,0,1,2,2,1,31,6,1248,1,10,HYUNDAI I10,8,E01026368,0,-1
2021471051442,2021,471051442,1,9,0,18,19,7,3,0,0,1,1,0,0,0,1,1,5,6,1,18,4,998,1,4,HYUNDAI I10,3,E01031483,0,-1
2021041076887,2021,041076887,1,9,0,10,10,3,7,0,0,1,0,0,0,0,2,1,5,6,2,69,10,998,1,6,HYUNDAI I10,4,E01025308,0,-1
2021411090492,2021,411090492,1,9,0,17,19,1,6,0,0,0,0,0,0,0,3,1,6,6,2,49,8,1248,1,9,HYUNDAI I10,5,E01023806,0,-1
2021010351843,2021,010351843,1,9,0,99,99,9,9,99,99,9,9,99,9,99,1,9,6,6,2,26,6,998,1,5,HYUNDAI I10,1,E01024615,0,-1
2021010343092,2021,010343092,2,9,0,99,99,9,9,99,99,9,9,99,9,99,1,9,6,6,2,52,8,1248,1,10,HYUNDAI I10,10,E01031649,0,-1
202131D121121,2021,31D121121,1,9,0,17,19,3,8,0,0,8,0,0,1,1,3,1,2,2,2,56,9,998,1,3,HYUNDAI I10,8,E01028119,0,-1
2021471101641,2021,471101641,2,9,0,18,19,7,3,0,0,1,0,0,0,0,1,1,6,6,2,64,9,998,1,0,HYUNDAI I10,4,E01021060,0,-1
2021201114632,2021,201114632,1,9,0,18,19,4,8,0,0,0,0,0,0,0,1,1,6,6,2,42,7,1086,1,12,HYUNDAI I10,3,E01009553,0,-1
2021501132713,2021,501132713,1,9,0,18,19,3,1,0,0,1,0,0,0,0,3,1,5,6,1,87,11,1248,1,3,HYUNDAI I10,10,E01020336,0,-1
2021461085741,2021,461085741,1,9,0,18,19,3,1,0,0,0,0,0,0,0,1,1,5,6,1,33,6,1248,1,2,HYUNDAI I10,9,E01016060,0,-1
202154A092721,2021,54A092721,2,9,0,18,19,1,5,0,0,0,0,0,0,0,3,1,6,6,2,22,5,1248,1,10,HYUNDAI I10,5,E01015375,0,-1
2021430405417,2021,430405417,2,9,0,18,19,1,5,0,0,4,0,9,0,1,3,1,1,1,2,62,9,998,1,3,HYUNDAI I10,6,E01016248,0,-1
2021411122147,2021,411122147,1,9,0,17,19,2,6,0,0,0,1,12,0,0,1,1,2,2,1,30,6,1248,1,2,HYUNDAI I10,7,E01023801,0,-1
2021361135698,2021,361135698,2,9,0,18,19,2,4,0,0,8,0,0,0,0,1,1,5,6,2,80,11,1248,1,6,HYUNDAI I10,6,E01026797,0,-1
2021451126520,2021,451126520,1,9,0,18,19,4,8,0,0,0,1,0,0,0,1,1,5,6,2,35,6,1248,1,10,HYUNDAI I10,5,E01030481,0,-1
2021461058125,2021,461058125,1,9,0,9,9,7,5,0,0,8,0,0,0,0,4,1,5,6,2,56,9,1248,1,7,HYUNDAI I10,3,E01032830,0,-1
2021010295326,2021,010295326,1,9,0,9,9,5,4,0,0,1,0,0,0,0,3,1,1,1,2,29,6,1248,1,2,HYUNDAI I10,9,E01030559,0,-1
2021461080205,2021,461080205,2,9,0,16,19,3,7,0,0,0,0,0,0,0,3,1,6,6,2,76,11,1248,1,7,HYUNDAI I10,9,E01024369,0,-1
2021010316102,2021,010316102,1,9,0,99,99,9,9,99,99,6,9,99,9,99,2,9,6,6,2,21,5,998,1,3,HYUNDAI I10,3,E01001109,0,-1
2021522103336,2021,522103336,1,9,0,18,19,6,4,0,0,5,5,0,3,4,1,1,6,6,1,82,11,1248,1,5,HYUNDAI I10,10,E01014990,0,-1
2021622100551,2021,622100551,3,9,0,2,2,0,0,0,0,0,0,0,0,0,1,1,6,6,3,-1,-1,998,1,3,HYUNDAI I10,-1,-1,0,-1
2021440354137,2021,440354137,2,9,0,18,19,7,3,0,0,1,0,0,0,0,1,1,6,6,2,49,8,1248,1,8,HYUNDAI I10,6,E01016328,0,-1
2021041079426,2021,041079426,1,9,0,5,5,7,3,0,0,0,0,0,0,0,1,1,5,6,1,65,9,998,1,3,HYUNDAI I10,2,E01012742,0,-1
2021010304762,2021,010304762,2,9,0,99,99,9,9,99,99,9,9,99,9,99,1,9,6,6,3,-1,-1,1248,1,6,HYUNDAI I10,-1,-1,0,-1
2021461044693,2021,461044693,1,9,0,9,9,3,5,0,0,5,0,0,0,0,1,1,6,6,1,76,11,1248,1,8,HYUNDAI I10,2,E01024081,0,-1
202131C083321,2021,31C083321,2,9,0,18,19,6,2,0,0,2,0,0,0,0,2,1,6,6,1,46,8,1086,1,13,HYUNDAI I10,3,E01013969,0,-1
2021451045686,2021,451045686,2,9,0,2,2,0,0,9,9,0,0,0,0,0,4,1,6,6,2,60,9,998,1,7,HYUNDAI I10,5,E01030984,0,-1
2021010335702,2021,010335702,1,9,0,9,9,8,6,0,0,1,0,0,0,0,1,2,2,2,2,43,7,1248,1,5,HYUNDAI I10,2,E01000501,0,-1
2021041063786,2021,041063786,3,9,0,2,2,0,0,0,0,1,0,4,0,0,2,1,6,6,3,-1,-1,998,1,6,HYUNDAI I10,-1,-1,0,-1
2021010335773,2021,010335773,1,9,0,18,19,5,1,0,0,0,0,0,0,0,1,1,6,6,2,64,9,1248,1,10,HYUNDAI I10,5,E01003955,0,-1
2021451062425,2021,451062425,1,9,0,18,19,5,1,0,0,0,0,0,0,0,1,1,5,6,2,45,7,998,1,3,HYUNDAI I10,8,E01030565,0,-1
2021320130259,2021,320130259,1,9,0,7,7,8,2,0,0,2,0,0,0,0,3,1,6,6,2,76,11,1248,1,4,HYUNDAI I10,7,E01026220,0,-1
2021361095069,2021,361095069,2,9,0,18,19,3,7,0,0,8,0,0,0,0,1,1,5,6,2,73,10,1248,1,8,HYUNDAI I10,3,E01026717,0,-1
202106X079265,2021,06X079265,3,9,0,18,19,5,1,0,0,0,0,0,0,6,3,1,6,6,2,25,5,998,1,3,HYUNDAI I10,10,E01004807,0,-1
2021371055586,2021,371055586,1,9,0,18,19,5,1,0,0,4,0,0,0,0,4,1,5,6,2,81,11,998,1,3,HYUNDAI I10,9,E01029973,0,-1
2021141164383,2021,141164383,1,9,0,18,19,3,7,0,0,0,0,0,0,0,4,1,2,2,2,59,9,1248,1,3,HYUNDAI I10,10,E01007939,0,-1
202163A100121,2021,63A100121,1,9,0,18,19,2,6,0,0,0,0,0,0,0,1,1,6,6,2,21,5,1248,1,8,HYUNDAI I10,-1,-1,0,-1
202163A089921,2021,63A089921,3,9,0,4,4,8,4,0,0,8,0,0,0,0,0,1,6,6,1,62,9,1248,1,4,HYUNDAI I10,4,W01000672,0,-1
2021041113421,2021,041113421,2,9,0,18,19,1,1,0,0,0,0,0,0,0,2,2,3,7,2,41,7,1248,1,9,HYUNDAI I10,3,E01024883,0,-1
2021471116776,2021,471116776,2,9,0,9,9,7,5,0,0,0,0,0,0,0,3,1,5,6,1,59,9,1248,1,8,HYUNDAI I10,4,E01024042,0,-1
2021451018228,2021,451018228,2,9,0,18,19,5,1,0,0,0,0,0,0,0,1,1,1,1,2,37,7,998,1,2,HYUNDAI I10,5,E01030786,0,-1
2021052100299,2021,052100299,2,9,0,18,19,8,4,0,0,1,0,0,0,0,2,1,6,6,1,56,9,1248,1,11,HYUNDAI I10,1,E01007126,0,-1
2021141027901,2021,141027901,2,9,0,17,19,1,5,0,0,8,0,0,0,0,4,1,5,6,1,68,10,1248,1,10,HYUNDAI I10,2,E01008077,0,-1
2021010338300,2021,010338300,2,9,0,18,19,7,3,0,0,2,0,11,0,0,1,1,2,2,1,38,7,1248,1,7,HYUNDAI I10,5,E01002769,0,-1
2021461078947,2021,461078947,1,9,0,18,19,1,5,0,0,0,0,0,0,0,3,1,5,6,2,85,11,1248,1,9,HYUNDAI I10,5,E01024205,0,-1
2021010334989,2021,010334989,2,9,0,99,99,9,9,99,99,9,9,99,9,99,9,9,6,6,3,-1,-1,1248,1,11,HYUNDAI I10,4,E01004418,0,-1
2021421041212,2021,421041212,1,9,0,18,19,3,7,0,0,0,0,0,7,4,1,1,5,6,1,18,4,1248,1,10,HYUNDAI I10,8,E01021735,0,-1
2021451105095,2021,451105095,2,9,0,18,19,7,3,0,0,0,0,0,0,0,1,1,5,6,2,21,5,1248,1,8,HYUNDAI I10,3,E01022811,0,-1
2021161013803,2021,161013803,1,9,0,18,19,3,7,0,0,0,0,0,0,0,1,1,5,6,2,75,10,1248,1,6,HYUNDAI I10,-1,-1,0,-1
2021451067164,2021,451067164,2,9,0,18,19,5,1,0,0,0,0,0,0,0,4,1,2,2,1,37,7,1248,1,11,HYUNDAI I10,1,E01002588,0,-1
2021010329738,2021,010329738,1,9,0,18,19,7,3,0,0,0,0,0,0,0,3,1,6,6,2,24,5,998,1,5,HYUNDAI I10,3,E01004344,0,-1
2021201128415,2021,201128415,2,9,0,16,19,5,7,0,0,1,1,10,1,2,3,1,6,6,2,65,9,1248,1,3,HYUNDAI I10,1,E01010125,0,-1
2021461078453,2021,461078453,1,9,0,18,19,1,6,0,0,0,0,4,0,0,4,1,5,6,2,84,11,1248,1,5,HYUNDAI I10,7,E01024109,0,-1
20211383V0715,2021,1383V0715,1,9,0,9,9,8,5,0,0,8,0,0,0,0,1,1,6,6,1,43,7,1248,1,11,HYUNDAI I10,10,E01011699,0,-1
2021471103232,2021,471103232,1,9,0,18,19,5,1,0,0,0,5,0,1,10,1,1,5,6,1,27,6,1248,1,10,HYUNDAI I10,9,E01021175,0,-1