collision_index,collision_year,collision_ref_no,vehicle_reference,vehicle_type,towing_and_articulation,vehicle_manoeuvre_historic,vehicle_manoeuvre,vehicle_direction_from,vehicle_direction_to,vehicle_location_restricted_lane_historic,vehicle_location_restricted_lane,junction_location,skidding_and_overturning,hit_object_in_carriageway,vehicle_leaving_carriageway,hit_object_off_carriageway,first_point_of_impact,vehicle_left_hand_drive,journey_purpose_of_driver_historic,journey_purpose_of_driver,sex_of_driver,age_of_driver,age_band_of_driver,engine_capacity_cc,propulsion_code,age_of_vehicle,generic_make_model,driver_imd_decile,lsoa_of_driver,escooter_flag,driver_distance_banding
2021010293973,2021,010293973,2,9,0,18,19,3,7,0,0,2,0,0,0,0,1,1,6,6,2,63,9,1248,1,5,HYUNDAI I10,5,E01003217,0,-1
2021520104035,2021,520104035,2,9,0,7,7,8,2,0,0,6,0,0,0,0,1,1,6,6,2,40,7,1248,1,10,HYUNDAI I10,6,E01032631,0,-1
2021010293883,2021,010293883,1,9,0,99,99,9,9,99,99,9,9,99,9,99,9,9,2,2,2,51,8,1248,1,5,HYUNDAI I10,2,E01001695,0,-1
2021201111789,2021,201111789,1,9,0,1,1,2,6,0,0,1,0,0,0,0,0,1,6,6,1,46,8,1248,1,7,HYUNDAI I10,6,E01009676,0,-1
2021622100229,2021,622100229,4,9,0,2,2,0,0,0,0,0,0,0,0,0,2,1,6,6,3,-1,-1,998,1,3,HYUNDAI I10,-1,-1,0,-1
2021440129311,2021,440129311,2,9,0,13,13,1,5,0,0,0,0,0,0,0,4,1,6,6,2,-1,-1,998,1,4,HYUNDAI I10,-1,-1,0,-1
2021141082179,2021,141082179,1,9,0,18,19,6,2,0,0,2,0,0,0,0,1,1,5,6,1,78,11,1248,1,7,HYUNDAI I10,1,E01008085,0,-1
2021010290152,2021,010290152,2,9,0,18,19,7,3,0,0,8,0,0,0,0,3,1,6,6,1,58,9,998,1,3,HYUNDAI I10,2,E01001560,0,-1
2021010306539,2021,010306539,1,9,0,18,19,3,7,0,0,8,9,0,0,0,1,9,2,2,2,41,7,1248,1,12,HYUNDAI I10,1,E01000661,0,-1
2021061067479,2021,061067479,2,9,0,18,19,6,2,0,0,8,0,0,0,0,1,1,6,6,3,30,6,1248,1,12,HYUNDAI I10,-1,-1,0,-1
2021131101665,2021,131101665,2,9,0,5,5,7,3,0,0,0,0,0,1,0,1,1,5,6,2,77,11,1248,1,9,HYUNDAI I10,4,E01011098,0,-1
2021010327479,2021,010327479,1,9,0,18,19,1,5,0,0,5,0,0,0,0,4,1,6,6,2,56,9,1248,1,4,HYUNDAI I10,3,E01003938,0,-1
2021010304163,2021,010304163,2,9,0,2,2,0,0,0,0,0,0,0,0,0,0,1,6,6,3,-1,-1,1248,1,10,HYUNDAI I10,-1,-1,0,-1
2021010296344,2021,010296344,2,9,9,18,19,8,4,0,0,0,9,99,0,0,9,9,6,6,1,31,6,1248,1,10,HYUNDAI I10,5,E01023303,0,-1
2021430169060,2021,430169060,1,9,0,18,19,4,8,0,0,0,0,0,0,0,1,1,2,2,2,25,5,998,1,2,HYUNDAI I10,7,E01017643,0,-1
2021141116737,2021,141116737,2,9,0,18,19,8,5,0,0,8,0,0,0,0,1,1,5,6,2,62,9,998,1,0,HYUNDAI I10,5,E01008144,0,-1
2021440129918,2021,440129918,2,9,0,4,4,2,6,0,0,0,1,0,0,0,1,1,6,6,1,29,6,998,1,6,HYUNDAI I10,10,E01022772,0,-1
2021471058266,2021,471058266,1,9,0,7,7,8,2,0,0,8,0,0,0,0,3,1,6,6,2,66,10,1197,1,1,HYUNDAI I10,8,E01021141,0,-1
2021221026702,2021,221026702,2,9,0,18,19,2,6,0,0,0,0,0,0,0,2,1,5,6,1,78,11,1248,1,5,HYUNDAI I10,3,E01032423,0,-1
2021552101112,2021,552101112,1,9,0,18,19,2,4,0,0,0,0,0,0,0,1,1,6,6,2,29,6,1248,1,7,HYUNDAI I10,5,E01015286,0,-1
2021421069829,2021,421069829,1,9,0,9,9,5,2,0,0,5,0,0,0,0,3,1,5,6,1,52,8,1248,1,12,HYUNDAI I10,6,E01022010,0,-1
2021070414644,2021,070414644,1,9,0,18,19,5,1,0,0,0,0,7,4,6,3,1,6,6,1,95,11,1248,1,12,HYUNDAI I10,1,E01005601,0,-1
2021031084686,2021,031084686,1,9,0,4,4,3,7,0,0,0,0,0,0,0,1,1,5,6,1,72,10,1248,1,8,HYUNDAI I10,1,E01012059,0,-1
2021010306377,2021,010306377,2,9,0,13,13,1,5,0,0,4,0,0,0,0,3,1,6,6,1,22,5,1248,1,12,HYUNDAI I10,-1,-1,0,-1
2021610053821,2021,610053821,1,9,0,18,19,7,3,0,0,0,2,0,0,0,4,1,6,6,2,47,8,998,1,5,HYUNDAI I10,9,W01001398,0,-1
2021421031687,2021,421031687,2,9,0,2,2,0,0,6,6,0,0,0,0,0,3,1,6,6,3,-1,-1,1248,1,6,HYUNDAI I10,-1,-1,0,-1
2021320396081,2021,320396081,1,9,0,1,1,5,1,9,9,0,0,0,7,0,2,1,6,6,2,73,10,1197,1,0,HYUNDAI I10,2,E01026006,0,-1
2021421108994,2021,421108994,1,9,0,18,19,1,5,0,0,0,0,4,0,0,2,1,6,6,2,89,11,1248,1,7,HYUNDAI I10,8,E01021395,0,-1
2021991159940,2021,991159940,2,9,0,18,19,1,5,0,0,8,0,0,0,0,1,1,6,6,2,25,5,1248,1,6,HYUNDAI I10,6,-1,0,-1
2021070649238,2021,070649238,1,9,0,18,19,7,3,0,0,0,2,0,1,4,4,1,6,6,1,19,4,1248,1,11,HYUNDAI I10,9,E01018441,0,-1
2021010316662,2021,010316662,1,9,0,13,13,5,1,0,0,0,0,11,0,0,1,1,6,6,1,78,11,1248,1,11,HYUNDAI I10,8,E01032571,0,-1
2021010341497,2021,010341497,2,9,0,5,5,5,1,0,0,6,0,7,1,9,4,1,2,2,2,24,5,1086,1,13,HYUNDAI I10,9,E01001020,0,-1
2021622100537,2021,622100537,2,9,0,18,19,4,8,0,0,1,0,0,0,0,4,1,6,6,1,48,8,1248,1,5,HYUNDAI I10,4,W01001013,0,-1
2021010333332,2021,010333332,1,9,0,18,19,7,3,0,0,2,0,0,0,0,1,1,6,6,2,23,5,1086,1,13,HYUNDAI I10,3,E01002585,0,-1
2021552101008,2021,552101008,1,9,0,5,5,8,4,0,0,6,0,0,0,0,3,1,6,6,2,84,11,1248,1,12,HYUNDAI I10,7,E01015272,0,-1
2021461061522,2021,461061522,2,9,0,2,2,0,0,0,0,0,0,4,0,0,2,1,6,6,2,27,6,998,1,3,HYUNDAI I10,10,E01024404,0,-1
2021131085308,2021,131085308,1,9,0,18,19,7,3,0,0,0,0,0,0,0,1,1,6,6,2,69,10,998,1,2,HYUNDAI I10,9,E01011568,0,-1
2021501130498,2021,501130498,2,9,0,18,19,3,7,0,0,1,0,4,0,0,1,1,1,1,2,56,9,1086,1,11,HYUNDAI I10,3,E01020212,0,-1
2021991088521,2021,991088521,2,9,0,18,19,4,8,0,0,2,0,0,0,0,1,1,6,6,1,29,6,1248,1,11,HYUNDAI I10,4,-1,0,-1
2021122101100,2021,122101100,1,9,0,18,19,3,7,0,0,3,0,0,0,0,1,1,6,6,2,23,5,1248,1,12,HYUNDAI I10,6,E01033183,0,-1
2021010317013,2021,010317013,1,9,0,18,19,8,4,0,0,1,0,0,0,0,1,1,6,6,1,20,4,1248,1,11,HYUNDAI I10,9,E01000202,0,-1
2021111044197,2021,111044197,1,9,0,6,6,5,1,0,0,0,0,0,0,0,3,1,5,6,2,81,11,1248,1,5,HYUNDAI I10,3,E01020831,0,-1
2021010306867,2021,010306867,2,9,0,18,19,3,7,0,0,0,0,0,0,0,1,1,6,6,1,53,8,1248,1,12,HYUNDAI I10,2,E01000152,0,-1
2021041107475,2021,041107475,1,9,0,18,19,7,3,0,0,0,0,0,0,0,1,1,5,6,1,20,4,1248,1,11,HYUNDAI I10,2,E01025220,0,-1
2021440234660,2021,440234660,2,9,0,18,19,8,4,0,0,8,0,0,0,0,4,1,3,7,2,28,6,1248,1,12,HYUNDAI I10,2,E01032878,0,-1
2021552100278,2021,552100278,2,9,0,18,19,8,4,0,0,8,0,0,0,0,3,1,1,1,2,63,9,1086,1,12,HYUNDAI I10,6,E01020424,0,-1
2021111100919,2021,111100919,2,9,0,18,19,7,3,0,0,1,0,0,0,0,4,1,1,1,2,24,5,1248,1,3,HYUNDAI I10,7,E01020854,0,-1
2021070132869,2021,070132869,2,9,0,3,3,3,7,0,0,4,0,0,0,0,2,1,6,6,1,25,5,998,1,5,HYUNDAI I10,10,E01012447,0,-1
2021421090422,2021,421090422,2,9,0,18,19,3,7,0,0,0,0,0,0,0,1,1,6,6,2,77,11,998,1,4,HYUNDAI I10,4,E01002326,0,-1
2021991081871,2021,991081871,2,9,0,17,19,8,5,0,0,0,0,0,0,0,4,1,5,6,2,69,10,1248,1,8,HYUNDAI I10,6,-1,0,-1
2021231068403,2021,231068403,1,9,0,4,4,1,5,0,0,1,0,0,0,0,1,1,6,6,2,72,10,1248,1,9,HYUNDAI I10,5,E01009594,0,-1
2021520104375,2021,520104375,3,9,0,5,5,4,8,0,0,6,0,0,0,0,0,1,6,6,2,21,5,1086,1,13,HYUNDAI I10,8,E01029296,0,-1
2021501043655,2021,501043655,1,9,0,17,19,1,5,0,0,1,0,0,0,0,1,1,5,6,1,68,10,1086,1,11,HYUNDAI I10,3,E01020139,0,-1
2021141096785,2021,141096785,3,9,0,2,2,0,0,0,0,8,0,0,0,0,2,1,6,6,3,-1,-1,1248,1,6,HYUNDAI I10,-1,-1,0,-1
2021302101273,2021,302101273,1,9,0,18,19,4,8,0,0,6,0,0,1,0,4,1,6,6,2,30,6,1248,1,4,HYUNDAI I10,10,E01019787,0,-1
2021430458645,2021,430458645,2,9,0,18,19,6,2,0,0,8,0,0,0,0,1,1,6,6,1,60,9,1248,1,8,HYUNDAI I10,3,E01028546,0,-1
2021622100992,2021,622100992,2,9,0,18,19,3,7,0,0,8,0,0,0,0,3,1,6,6,2,60,9,998,1,3,HYUNDAI I10,6,W01001865,0,-1
2021622100747,2021,622100747,1,9,0,18,19,0,0,0,0,0,2,0,0,0,1,1,1,1,1,34,6,1248,1,4,HYUNDAI I10,1,W01001239,0,-1
2021141085469,2021,141085469,2,9,0,18,19,3,7,0,0,8,0,0,1,0,3,1,5,6,2,66,10,1248,1,2,HYUNDAI I10,7,E01007741,0,-1
2021440474227,2021,440474227,2,9,0,9,9,5,3,0,0,8,0,0,0,0,1,1,6,6,2,92,11,1248,1,8,HYUNDAI I10,9,E01017064,0,-1
2021122100543,2021,122100543,2,9,0,18,19,1,5,0,0,0,0,0,0,0,1,1,6,6,1,54,8,1248,1,8,HYUNDAI I10,8,E01027621,0,-1
2021141089778,2021,141089778,1,9,0,9,9,2,4,0,0,8,0,0,0,0,1,1,1,1,1,38,7,1248,1,2,HYUNDAI I10,5,E01007331,0,-1
2021552101330,2021,552101330,1,5,0,18,19,5,1,0,0,8,0,0,0,0,1,1,6,6,1,52,8,1043,1,0,-1,5,E01015423,0,-1
202134NNC2951,2021,34NNC2951,1,5,0,13,13,7,3,0,0,1,0,0,0,0,4,1,6,6,1,65,9,1043,1,1,-1,5,E01027947,0,-1
202163D017821,2021,63D017821,2,4,0,16,19,4,7,0,0,0,0,0,0,0,0,1,6,6,1,64,9,998,1,2,-1,8,E01032329,0,-1
2021010328829,2021,010328829,3,5,0,18,19,5,1,0,0,1,0,0,0,0,3,1,6,6,1,40,7,1043,1,1,-1,3,E01024169,0,-1
2021302101046,2021,302101046,1,5,0,13,13,2,6,0,0,0,0,0,0,0,1,1,2,2,1,47,8,1043,1,1,-1,9,E01019446,0,-1
2021221064853,2021,221064853,1,5,0,16,19,8,3,0,0,8,0,0,0,0,1,1,5,6,1,56,9,1043,1,0,-1,6,E01032407,0,-1
2021122101263,2021,122101263,1,5,0,12,12,8,6,0,0,0,0,0,7,0,4,1,6,6,1,47,8,1043,1,1,-1,2,E01004928,0,-1
202134WNC3381,2021,34WNC3381,1,5,0,11,11,7,3,0,0,7,2,0,0,0,1,1,2,2,1,33,6,998,1,0,-1,9,E01027201,0,-1
2021351054763,2021,351054763,2,5,0,18,19,5,1,0,0,0,0,0,0,0,3,1,6,6,1,52,8,1043,1,0,-1,9,E01018171,0,-1
2021421038907,2021,421038907,1,9,0,10,10,2,6,0,0,6,0,0,0,0,3,1,6,6,1,61,9,3311,1,15,-1,6,E01021907,0,-1
2021010305829,2021,010305829,2,9,0,99,99,9,9,99,99,9,9,99,9,99,9,9,6,6,3,56,9,2362,1,16,-1,2,E01001982,0,-1
2021461130026,2021,461130026,1,9,0,9,9,3,1,0,0,1,0,0,0,0,1,1,6,6,1,38,7,1988,1,19,-1,4,E01024373,0,-1
2021010345320,2021,010345320,1,9,0,18,19,1,5,0,0,1,1,0,0,0,3,9,6,6,1,47,8,3311,1,14,-1,5,E01000036,0,-1
2021131045142,2021,131045142,1,9,0,17,19,6,3,0,0,0,0,0,0,0,1,1,5,6,2,19,4,1598,1,11,MINI FIRST,5,E01011928,0,-1
2021010293822,2021,010293822,2,9,0,2,2,0,0,0,0,0,0,0,0,0,2,1,6,6,3,-1,-1,1598,1,8,MINI FIRST,-1,-1,0,-1
2021041106168,2021,041106168,2,9,0,18,19,5,5,0,0,0,0,0,0,0,2,1,5,6,2,22,5,1600,1,10,MINI FIRST,5,E01024954,0,-1
2021141025162,2021,141025162,1,9,0,18,19,1,2,0,0,5,0,0,0,0,4,1,6,6,2,43,7,1598,1,10,MINI FIRST,3,E01007774,0,-1
2021131071865,2021,131071865,2,9,0,18,19,3,7,0,0,8,0,0,0,0,3,1,5,6,2,23,5,1397,1,12,MINI FIRST,4,E01011678,0,-1
2021201145514,2021,201145514,1,9,0,5,5,6,2,0,0,8,0,0,0,0,1,1,6,6,2,22,5,1598,1,10,MINI FIRST,5,E01009293,0,-1
2021122100263,2021,122100263,1,9,0,9,9,5,1,0,0,1,0,0,0,0,1,1,6,6,1,20,4,1598,1,9,MINI FIRST,8,E01027896,0,-1
2021552101240,2021,552101240,2,9,0,18,19,2,6,0,0,0,0,0,0,0,1,1,6,6,2,56,9,1397,1,12,MINI FIRST,8,E01032001,0,-1
2021991091845,2021,991091845,2,9,0,18,19,1,5,0,0,0,1,0,1,0,2,1,5,6,2,61,9,1598,1,11,MINI FIRST,-1,-1,0,-1
2021010298473,2021,010298473,2,9,0,99,99,9,9,99,99,9,9,99,9,99,9,9,6,6,3,-1,-1,1397,1,11,MINI FIRST,5,E01004548,0,-1
2021461125235,2021,461125235,1,9,0,18,19,1,5,0,0,0,0,0,0,0,1,1,6,6,1,27,6,1600,1,10,MINI FIRST,9,E01003775,0,-1
2021161044101,2021,161044101,2,9,0,18,19,4,8,0,0,3,0,0,0,0,3,1,5,6,2,22,5,1598,1,8,MINI FIRST,8,E01013123,0,-1
2021471050139,2021,471050139,1,9,0,9,9,2,8,0,0,6,0,0,0,0,1,1,5,6,2,47,8,1598,1,10,MINI FIRST,1,E01012948,0,-1
2021401017620,2021,401017620,2,9,0,2,2,1,2,0,0,1,0,0,0,0,1,1,6,6,2,21,5,1397,1,12,MINI FIRST,3,E01016452,0,-1
202131D092021,2021,31D092021,2,9,0,17,19,6,2,0,0,0,0,0,1,10,1,1,6,6,2,50,8,1598,1,9,MINI FIRST,8,E01028172,0,-1
2021522105258,2021,522105258,2,9,0,4,4,2,8,0,0,1,0,0,0,0,2,1,6,6,2,30,6,1397,1,11,MINI FIRST,-1,-1,0,-1
2021010295265,2021,010295265,1,9,0,99,99,9,9,99,99,9,9,99,9,99,2,9,6,6,2,18,4,1397,1,12,MINI FIRST,6,E01002169,0,-1
2021122101478,2021,122101478,1,2,0,18,19,1,5,0,0,0,0,0,1,10,1,1,6,6,1,50,8,50,1,4,-1,1,E01007472,0,-1
2021161048741,2021,161048741,2,2,0,16,19,2,5,0,0,0,0,0,0,0,1,1,6,6,1,17,4,50,1,4,-1,-1,-1,0,-1
2021161026462,2021,161026462,2,17,4,18,19,1,5,0,0,1,0,0,0,0,2,1,1,1,1,22,5,3621,2,3,-1,8,E01013035,0,-1
2021421070282,2021,421070282,1,21,0,2,2,0,0,0,0,0,0,0,0,0,0,1,1,1,1,43,7,-1,-1,-1,-1,5,E01021422,0,-1
2021501137478,2021,501137478,1,9,0,17,19,5,1,0,0,0,2,0,2,0,4,1,6,6,1,18,4,1124,1,20,PEUGEOT 106,4,E01020135,0,-1
2021351100271,2021,351100271,3,9,0,3,3,7,3,0,0,1,0,0,0,0,2,1,3,7,1,51,8,1124,1,20,PEUGEOT 106,-1,-1,0,-1
2021471113734,2021,471113734,2,9,0,3,3,3,7,0,0,0,0,0,0,0,2,1,6,6,1,28,6,1124,1,21,PEUGEOT 106,4,E01016977,0,-1
2021622100088,2021,622100088,2,9,0,9,9,4,2,0,0,1,0,0,7,0,1,1,6,6,2,29,6,1124,1,18,PEUGEOT 106,3,W01001285,0,-1
2021501061970,2021,501061970,1,9,0,16,19,2,5,0,0,0,1,0,1,11,1,1,5,6,1,23,5,1124,1,19,PEUGEOT 106,5,E01029230,0,-1
2021221026701,2021,221026701,1,9,0,18,19,7,3,0,0,0,0,4,0,0,1,1,2,2,1,23,5,1124,1,19,PEUGEOT 106,5,E01014023,0,-1
202131C146321,2021,31C146321,2,9,0,18,19,4,8,0,0,8,0,0,0,0,1,1,6,6,2,55,8,1124,1,20,PEUGEOT 106,1,E01013878,0,-1
2021440085784,2021,440085784,2,9,0,9,9,7,4,0,0,8,0,0,0,0,1,1,6,6,1,31,6,1124,1,20,PEUGEOT 106,1,E01023029,0,-1
2021991109368,2021,991109368,1,9,0,16,19,5,1,0,0,0,0,0,7,0,4,1,2,2,2,20,4,1124,1,19,PEUGEOT 106,3,-1,0,-1
2021061068756,2021,061068756,1,9,0,18,19,2,5,0,0,2,0,0,0,0,2,1,6,6,1,30,6,1124,1,19,PEUGEOT 106,7,E01005851,0,-1
2021101050147,2021,101050147,2,9,0,3,3,5,1,0,0,1,0,0,0,0,2,1,5,6,1,35,6,1124,1,19,PEUGEOT 106,3,E01020593,0,-1
2021552100553,2021,552100553,1,9,0,18,19,4,7,0,0,3,5,0,0,0,1,1,6,6,1,51,8,1124,1,19,PEUGEOT 106,8,E01020379,0,-1
2021440018718,2021,440018718,2,9,0,3,3,8,4,0,0,1,0,9,7,1,2,1,2,2,1,41,7,1124,1,19,PEUGEOT 106,2,E01003049,0,-1
2021501099213,2021,501099213,2,9,0,2,2,0,0,0,0,0,0,0,0,0,1,1,5,6,1,31,6,1124,1,19,PEUGEOT 106,4,E01018866,0,-1
2021430544292,2021,430544292,1,9,0,4,4,4,8,0,0,1,0,0,0,0,2,1,6,6,2,38,7,1124,1,18,PEUGEOT 106,10,E01028674,0,-1
2021522200264,2021,522200264,2,9,0,18,19,1,5,0,0,8,0,0,0,0,1,1,6,6,1,28,6,1124,1,19,PEUGEOT 106,9,E01014436,0,-1
2021010297350,2021,010297350,1,9,0,18,19,4,8,0,0,0,0,0,0,0,1,1,6,6,3,54,8,1124,1,19,PEUGEOT 106,5,E01001074,0,-1
2021430317150,2021,430317150,1,9,0,1,1,6,2,0,0,0,0,0,0,0,2,1,6,6,2,86,11,1124,1,20,PEUGEOT 106,6,E01017793,0,-1
2021061043908,2021,061043908,1,9,0,18,19,6,2,0,0,0,0,0,0,0,1,1,2,2,2,33,6,1124,1,24,PEUGEOT 106,6,E01007226,0,-1
2021031065039,2021,031065039,1,9,0,18,19,5,1,0,0,0,5,7,0,0,1,1,6,6,1,22,5,1124,1,23,PEUGEOT 106,3,E01019205,0,-1
2021122101282,2021,122101282,1,9,0,4,4,5,1,0,0,0,0,0,0,0,1,1,6,6,2,59,9,1587,1,24,PEUGEOT 106,2,E01013347,0,-1
2021522102847,2021,522102847,1,9,0,18,19,5,1,0,0,0,0,0,0,0,1,1,6,6,1,27,6,1124,1,24,PEUGEOT 106,8,E01014418,0,-1
2021440328432,2021,440328432,2,9,0,9,9,5,1,0,0,8,0,0,0,0,1,1,6,6,1,21,5,1124,1,20,PEUGEOT 106,3,E01017346,0,-1
2021451029542,2021,451029542,1,9,0,18,19,1,1,0,0,0,0,0,0,0,2,1,5,6,2,58,9,1124,1,20,PEUGEOT 106,3,E01002568,0,-1
2021471069622,2021,471069622,1,9,0,9,9,8,6,0,0,8,0,0,0,0,3,1,2,2,1,30,6,1587,1,23,PEUGEOT 106,6,E01021193,0,-1
2021421085408,2021,421085408,2,9,0,18,19,3,7,0,0,0,0,0,0,0,4,1,5,6,1,53,8,2894,8,3,PORSCHE PANAMERA,7,E01003287,0,-1
2021070408660,2021,070408660,2,9,0,10,10,3,5,0,0,1,0,0,0,0,1,1,3,7,2,44,7,2967,2,9,PORSCHE PANAMERA,6,E01018736,0,-1
2021070445985,2021,070445985,1,9,0,12,12,5,1,0,0,2,0,0,0,0,1,1,6,6,1,70,10,2894,1,4,PORSCHE PANAMERA,7,E01018580,0,-1
2021201023820,2021,201023820,2,9,0,18,19,8,4,0,0,8,0,0,0,0,3,1,6,6,1,48,8,3956,2,5,PORSCHE PANAMERA,9,E01010154,0,-1
2021041177020,2021,041177020,1,9,0,9,9,3,7,0,0,8,0,0,0,0,3,1,6,6,1,35,6,3605,1,10,PORSCHE PANAMERA,3,E01025312,0,-1
2021010309624,2021,010309624,3,9,0,3,3,7,3,0,0,2,0,0,0,0,2,1,1,1,1,54,8,4806,1,10,PORSCHE PANAMERA,4,E01001317,0,-1
2021010301924,2021,010301924,1,9,0,99,99,9,9,99,99,9,9,99,9,99,2,9,6,6,1,39,7,4806,1,5,PORSCHE PANAMERA,7,E01000862,0,-1
2021010310037,2021,010310037,1,9,0,18,19,7,3,0,0,0,0,0,0,0,1,1,6,6,1,43,7,4806,1,12,PORSCHE PANAMERA,4,E01001355,0,-1
2021131118510,2021,131118510,3,9,0,18,19,3,7,0,0,0,0,0,0,0,3,1,5,6,1,60,9,4806,1,5,PORSCHE PANAMERA,8,E01018582,0,-1
2021552100875,2021,552100875,1,9,0,18,19,1,4,0,0,1,0,0,0,0,1,1,6,6,1,69,10,4806,1,11,PORSCHE PANAMERA,9,E01029295,0,-1
2021351065668,2021,351065668,1,9,0,3,3,5,1,0,0,0,0,0,1,10,1,1,5,6,2,59,9,2894,8,1,PORSCHE PANAMERA,9,E01017398,0,-1
2021461103656,2021,461103656,5,9,0,18,19,3,7,0,0,0,0,0,0,0,1,1,5,6,1,35,6,2967,2,9,PORSCHE PANAMERA,5,E01001720,0,-1
2021061059964,2021,061059964,1,9,0,18,19,1,1,0,0,1,0,0,0,0,4,1,6,6,1,62,9,2967,2,8,PORSCHE PANAMERA,2,E01005318,0,-1
2021010341403,2021,010341403,1,9,0,18,19,7,3,0,0,0,0,0,0,0,1,1,2,2,1,57,9,3996,1,3,PORSCHE PANAMERA,8,E01004514,0,-1
2021302100680,2021,302100680,2,9,0,2,2,0,0,0,0,0,0,0,0,0,3,1,6,6,1,42,7,2967,2,8,PORSCHE PANAMERA,7,E01013562,0,-1
2021461073354,2021,461073354,3,9,0,18,19,1,5,0,0,1,0,0,0,0,1,1,5,6,1,70,10,2894,8,0,PORSCHE PANAMERA,10,E01024272,0,-1
2021010303584,2021,010303584,3,9,0,99,99,9,9,99,99,0,9,99,9,99,2,9,6,6,3,-1,-1,2967,2,9,PORSCHE PANAMERA,-1,-1,0,-1
2021041093559,2021,041093559,2,9,0,16,19,5,1,0,0,0,1,0,1,0,4,1,2,2,1,31,6,2894,8,3,PORSCHE PANAMERA,8,E01025280,0,-1
2021010294267,2021,010294267,1,9,0,7,7,3,6,0,0,1,0,0,0,0,4,1,6,6,1,40,7,2967,2,7,PORSCHE PANAMERA,5,E01002769,0,-1
2021141013746,2021,141013746,1,9,0,18,19,2,6,0,0,0,0,0,0,0,1,1,5,6,2,44,7,2967,2,7,PORSCHE PANAMERA,5,E01008113,0,-1
2021141045445,2021,141045445,2,9,0,5,5,5,1,0,0,8,0,0,0,0,1,1,5,6,1,44,7,3996,8,1,PORSCHE PANAMERA,8,E01007858,0,-1
2021061093699,2021,061093699,2,9,0,3,3,3,7,0,0,1,0,0,0,0,2,1,2,2,2,34,6,999,1,0,SKODA SCALA,2,E01012591,0,-1
2021201070040,2021,201070040,2,9,0,18,19,2,6,0,0,0,0,0,0,0,2,1,6,6,1,59,9,999,1,1,SKODA SCALA,3,E01009792,0,-1
2021430326670,2021,430326670,3,9,0,4,4,8,4,0,0,2,0,0,0,0,2,1,6,6,2,63,9,999,1,2,SKODA SCALA,1,E01016811,0,-1
2021052100446,2021,052100446,1,9,0,9,9,3,7,0,0,1,0,0,0,0,3,1,1,1,2,30,6,1598,2,1,SKODA SCALA,-1,-1,0,-1
2021010340275,2021,010340275,1,9,0,3,3,5,1,0,0,7,0,0,0,0,2,1,6,6,1,61,9,999,1,1,SKODA SCALA,4,E01003721,0,-1
2021991043281,2021,991043281,1,9,0,18,19,1,5,0,0,1,0,0,0,0,1,1,6,6,1,70,10,999,1,0,SKODA SCALA,4,-1,0,-1
2021302101006,2021,302101006,2,9,0,9,9,4,1,0,0,8,0,0,0,0,4,1,6,6,1,39,7,1498,1,1,SKODA SCALA,10,E01028136,0,-1
2021122100550,2021,122100550,4,9,0,2,2,0,0,0,0,2,0,0,0,0,1,1,6,6,3,-1,-1,999,1,2,SKODA SCALA,-1,-1,0,-1
2021991073861,2021,991073861,2,9,0,2,2,0,0,0,0,0,0,0,0,0,3,1,6,6,3,-1,-1,999,1,2,SKODA SCALA,-1,-1,0,-1
2021041097261,2021,041097261,2,9,0,18,19,3,7,0,0,0,0,0,0,0,4,1,3,7,2,39,7,999,1,0,SKODA SCALA,-1,-1,0,-1
20211382J1752,2021,1382J1752,1,9,0,14,14,6,2,0,0,0,0,0,0,0,4,1,6,6,1,66,10,1498,1,2,SKODA SCALA,8,E01011514,0,-1
2021440202400,2021,440202400,2,9,0,3,3,5,1,0,0,1,0,0,0,0,2,1,6,6,2,55,8,999,1,1,SKODA SCALA,3,E01022732,0,-1
2021421095661,2021,421095661,1,9,0,15,15,2,6,0,0,0,0,0,0,0,1,1,5,6,1,64,9,999,1,0,SKODA SCALA,2,E01021977,0,-1
2021430498223,2021,430498223,1,9,0,18,19,5,1,0,0,0,0,0,0,0,1,1,2,2,2,31,6,999,1,1,SKODA SCALA,-1,-1,0,-1
2021471040499,2021,471040499,1,9,0,18,19,2,6,0,0,0,0,0,8,4,3,1,6,6,1,64,9,999,1,1,SKODA SCALA,4,E01024843,0,-1
2021451092460,2021,451092460,2,9,0,9,9,3,1,0,0,8,0,0,0,0,1,1,6,6,2,50,8,1498,1,0,SKODA SCALA,10,E01030489,0,-1
2021070480950,2021,070480950,2,9,0,4,4,4,8,0,0,0,0,0,0,0,2,1,6,6,2,55,8,999,1,0,SKODA SCALA,10,E01018431,0,-1
2021201142241,2021,201142241,1,9,0,18,19,5,1,0,0,1,0,0,0,0,1,1,6,6,3,-1,-1,999,1,0,SKODA SCALA,-1,-1,0,-1
2021010351463,2021,010351463,2,9,0,99,99,9,9,99,99,9,9,99,9,99,9,9,6,6,2,51,8,999,1,1,SKODA SCALA,7,E01000123,0,-1
2021010349224,2021,010349224,1,9,0,3,3,5,1,0,0,0,0,4,0,0,1,1,6,6,1,80,11,999,1,0,SKODA SCALA,3,E01001649,0,-1
2021052101749,2021,052101749,2,9,0,18,19,1,5,0,0,1,0,0,0,0,1,1,1,1,1,31,6,999,1,0,SKODA SCALA,2,E01006508,0,-1