collision_index,collision_year,collision_ref_no,vehicle_reference,vehicle_type,towing_and_articulation,vehicle_manoeuvre_historic,vehicle_manoeuvre,vehicle_direction_from,vehicle_direction_to,vehicle_location_restricted_lane_historic,vehicle_location_restricted_lane,junction_location,skidding_and_overturning,hit_object_in_carriageway,vehicle_leaving_carriageway,hit_object_off_carriageway,first_point_of_impact,vehicle_left_hand_drive,journey_purpose_of_driver_historic,journey_purpose_of_driver,sex_of_driver,age_of_driver,age_band_of_driver,engine_capacity_cc,propulsion_code,age_of_vehicle,generic_make_model,driver_imd_decile,lsoa_of_driver,escooter_flag,driver_distance_banding
2021451076048,2021,451076048,1,9,0,5,5,5,1,0,0,8,1,0,0,0,1,1,5,6,1,74,10,1197,1,6,SKODA YETI,10,E01030841,0,-1
2021131115988,2021,131115988,1,9,0,18,19,3,7,0,0,0,0,0,0,0,1,1,5,6,2,67,10,1197,1,5,SKODA YETI,1,E01011468,0,-1
2021991067413,2021,991067413,2,9,0,17,19,3,7,0,0,0,1,0,1,0,1,1,5,6,1,75,10,1968,2,5,SKODA YETI,10,-1,0,-1
2021231119753,2021,231119753,1,9,0,18,19,8,4,0,0,8,0,4,0,0,1,1,5,6,1,30,6,1968,2,7,SKODA YETI,8,E01031162,0,-1
2021122200125,2021,122200125,1,9,0,9,9,3,1,0,0,1,0,0,0,0,1,1,6,6,1,78,11,1968,2,7,SKODA YETI,9,E01027708,0,-1
2021622100716,2021,622100716,3,9,0,18,19,6,2,0,0,1,0,0,0,0,1,1,6,6,1,60,9,1197,1,4,SKODA YETI,10,W01001106,0,-1
2021471104468,2021,471104468,3,9,0,2,2,0,0,0,0,1,0,0,0,0,1,1,6,6,3,-1,-1,1197,1,6,SKODA YETI,-1,-1,0,-1
2021501134761,2021,501134761,1,9,0,9,9,3,1,0,0,6,0,0,0,0,3,1,5,6,1,69,10,1968,2,6,SKODA YETI,8,E01020054,0,-1
2021201148826,2021,201148826,1,9,0,9,9,7,5,0,0,6,0,0,0,0,1,1,6,6,1,56,9,1197,1,8,SKODA YETI,6,E01009749,0,-1
2021010329670,2021,010329670,1,9,0,99,99,9,9,99,99,9,9,99,9,99,9,9,6,6,2,61,9,1968,2,9,SKODA YETI,6,E01001016,0,-1
2021501026257,2021,501026257,1,9,0,9,9,5,2,0,0,1,0,0,0,0,1,1,5,6,1,75,10,1968,2,11,SKODA YETI,9,E01020316,0,-1
2021201074922,2021,201074922,2,9,0,18,19,5,1,0,0,2,0,0,0,0,4,1,6,6,1,58,9,1968,2,8,SKODA YETI,1,E01010410,0,-1
2021540181121,2021,540181121,2,9,0,18,19,5,3,0,0,8,0,0,0,0,3,1,6,6,1,70,10,1968,2,12,SKODA YETI,9,E01031930,0,-1
2021131119796,2021,131119796,2,9,0,4,4,3,7,0,0,0,0,0,0,0,1,1,1,1,2,23,5,1968,2,9,SKODA YETI,10,E01011797,0,-1
2021221091479,2021,221091479,1,9,0,18,19,7,3,0,0,8,0,0,0,0,3,1,5,6,2,52,8,1598,2,7,SKODA YETI,2,E01032239,0,-1
2021501084574,2021,501084574,1,9,0,17,19,6,2,0,0,1,0,0,0,0,0,1,6,6,2,43,7,1197,1,8,SKODA YETI,6,E01020329,0,-1
202131P099721,2021,31P099721,3,9,0,2,2,0,0,0,0,0,0,0,0,0,1,1,6,6,2,42,7,1968,2,4,SKODA YETI,5,E01029433,0,-1
2021101100006,2021,101100006,1,9,0,7,7,5,1,0,0,5,5,0,1,0,1,1,5,6,1,38,7,1968,2,12,SKODA YETI,-1,-1,0,-1
2021138280883,2021,138280883,1,9,0,13,13,5,1,0,0,0,0,0,0,0,1,1,6,6,1,52,8,1598,2,10,SKODA YETI,8,E01011414,0,-1
2021141042333,2021,141042333,2,9,0,2,2,1,1,0,0,0,0,0,0,0,2,1,6,6,3,-1,-1,1968,2,9,SKODA YETI,-1,-1,0,-1
2021991053909,2021,991053909,1,9,0,7,7,1,4,0,0,2,0,0,1,0,1,1,5,6,1,77,11,1197,1,5,SKODA YETI,9,-1,0,-1
2021430576725,2021,430576725,1,9,0,17,19,2,7,0,0,2,0,0,0,0,2,1,6,6,2,23,5,1197,1,4,SKODA YETI,10,E01016335,0,-1
2021010307365,2021,010307365,1,9,0,12,12,7,3,0,0,0,0,0,0,0,4,1,6,6,1,77,11,1197,1,5,SKODA YETI,7,E01022230,0,-1
2021070830396,2021,070830396,1,9,0,10,10,5,3,0,0,1,0,0,0,0,1,1,6,6,1,83,11,1197,1,5,SKODA YETI,-1,-1,0,-1
2021231125644,2021,231125644,1,9,0,18,19,2,6,0,0,8,0,0,0,0,4,1,5,6,1,73,10,1197,1,12,SKODA YETI,8,E01032376,0,-1
2021010331749,2021,010331749,2,9,0,2,2,0,0,0,0,2,0,0,0,0,4,1,6,6,3,-1,-1,1197,1,4,SKODA YETI,-1,-1,0,-1
2021041115183,2021,041115183,3,9,0,2,2,0,0,0,0,2,0,0,0,0,1,1,6,6,3,-1,-1,1968,2,7,SKODA YETI,-1,-1,0,-1
2021552100591,2021,552100591,1,9,0,18,19,3,7,0,0,8,0,0,0,0,1,1,6,6,1,67,10,1968,2,7,SKODA YETI,9,E01032032,0,-1
2021302100349,2021,302100349,1,9,0,13,13,6,2,0,0,0,0,0,0,0,4,1,6,6,1,85,11,1968,2,8,SKODA YETI,1,E01007919,0,-1
2021451114335,2021,451114335,1,9,0,1,1,1,5,0,0,0,0,0,0,0,2,1,5,6,2,71,10,1197,1,6,SKODA YETI,6,E01030912,0,-1
202134NNC0261,2021,34NNC0261,2,9,0,18,19,2,6,0,0,8,0,0,0,0,1,1,6,6,2,26,6,1968,2,11,SKODA YETI,-1,-1,0,-1
2021501131340,2021,501131340,1,9,0,13,13,3,7,0,0,0,0,0,0,0,4,1,5,6,1,26,6,1197,1,6,SKODA YETI,4,E01020189,0,-1
2021471046177,2021,471046177,2,9,0,13,13,8,4,0,0,1,0,0,0,0,3,1,5,6,1,74,10,1968,2,5,SKODA YETI,8,E01031457,0,-1
2021411023370,2021,411023370,1,9,0,18,19,1,3,0,0,1,0,0,0,0,1,1,6,6,1,64,9,1197,1,8,SKODA YETI,6,E01023941,0,-1
2021501117896,2021,501117896,1,9,0,14,14,1,5,0,0,0,0,0,0,0,1,1,5,6,2,88,11,1968,2,8,SKODA YETI,6,E01020315,0,-1
2021141033022,2021,141033022,1,9,0,18,19,5,5,0,0,0,0,0,0,0,1,1,6,6,2,82,11,1197,1,4,SKODA YETI,10,E01007930,0,-1
2021520103734,2021,520103734,1,9,0,5,5,5,1,0,0,4,0,0,0,0,3,1,6,6,1,85,11,1968,2,4,SKODA YETI,6,E01029153,0,-1
2021471065055,2021,471065055,3,9,0,2,2,0,0,0,0,0,0,4,0,0,1,1,6,6,3,-1,-1,1197,1,7,SKODA YETI,-1,-1,0,-1
2021440239906,2021,440239906,1,9,0,18,19,8,4,0,0,8,0,0,0,0,1,1,6,6,1,72,10,1968,2,9,SKODA YETI,1,E01017236,0,-1
2021361059560,2021,361059560,2,9,0,18,19,8,4,0,0,8,0,0,7,9,1,1,5,6,1,67,10,1968,2,10,SKODA YETI,9,E01018012,0,-1
2021131074810,2021,131074810,1,9,0,18,19,5,1,0,0,1,0,0,0,0,2,1,5,6,1,60,9,1197,1,4,SKODA YETI,-1,-1,0,-1
2021010316383,2021,010316383,2,9,0,99,99,9,9,99,99,0,9,99,9,99,9,9,6,6,3,-1,-1,1390,1,8,SKODA YETI,-1,-1,0,-1
2021061088311,2021,061088311,1,9,0,18,19,1,5,0,0,0,5,4,0,0,4,1,3,7,2,30,6,1197,1,7,SKODA YETI,4,E01004819,0,-1
2021061108941,2021,061108941,1,9,0,18,19,2,8,0,0,8,0,0,0,0,1,1,5,6,1,71,10,1968,2,8,SKODA YETI,2,E01006298,0,-1
2021231147116,2021,231147116,2,9,0,18,19,4,8,0,0,0,0,0,1,0,3,1,5,6,1,76,11,1968,2,7,SKODA YETI,7,E01000675,0,-1
2021991059712,2021,991059712,1,9,0,18,19,6,2,0,0,0,5,4,0,0,1,1,6,6,2,64,9,1968,2,5,SKODA YETI,4,-1,0,-1
2021440204534,2021,440204534,1,9,0,9,9,1,7,0,0,8,0,0,0,0,3,1,2,2,1,55,8,1968,2,6,SKODA YETI,-1,-1,0,-1
2021010290582,2021,010290582,1,9,0,99,99,9,9,99,99,9,9,99,9,99,9,9,6,6,1,27,6,1197,1,6,SKODA YETI,3,E01001864,0,-1
2021430292228,2021,430292228,2,9,0,18,19,5,1,0,0,0,0,0,0,0,1,1,6,6,2,43,7,1598,2,7,SKODA YETI,9,E01031496,0,-1
2021231053469,2021,231053469,3,9,0,4,4,4,8,0,0,0,0,0,0,0,2,1,5,6,2,68,10,1197,1,6,SKODA YETI,6,E01032374,0,-1
2021430213378,2021,430213378,1,9,0,3,3,5,1,0,0,7,0,0,0,0,2,1,6,6,2,43,7,1197,1,7,SKODA YETI,7,E01016399,0,-1
2021401027048,2021,401027048,2,9,0,18,19,-1,-1,0,0,1,0,0,0,0,2,1,6,6,2,37,7,1968,2,10,SKODA YETI,5,E01018135,0,-1
2021501100037,2021,501100037,1,9,0,9,9,5,3,0,0,8,0,0,0,0,1,1,5,6,1,84,11,1197,1,8,SKODA YETI,5,E01020072,0,-1
2021161118462,2021,161118462,1,9,0,5,5,3,6,0,0,4,0,0,0,0,1,1,2,2,1,46,8,1968,2,6,SKODA YETI,5,E01013211,0,-1
2021141017020,2021,141017020,1,9,0,18,19,3,7,0,0,0,0,0,0,0,1,1,1,1,2,40,7,1968,2,7,SKODA YETI,7,E01028023,0,-1
2021371073967,2021,371073967,1,9,0,18,19,4,1,0,0,8,0,0,0,0,3,1,5,6,2,82,11,1197,1,11,SKODA YETI,4,E01030295,0,-1
2021440443321,2021,440443321,1,9,0,18,19,1,5,0,0,0,0,0,0,0,4,1,6,6,2,53,8,1968,2,6,SKODA YETI,7,E01017316,0,-1
2021401076690,2021,401076690,2,9,0,9,9,3,7,0,0,1,0,0,0,0,1,1,5,6,1,72,10,1968,2,8,SKODA YETI,10,E01017442,0,-1
2021320643340,2021,320643340,1,9,0,18,19,3,7,2,2,0,0,0,0,0,1,1,6,6,1,78,11,1968,2,4,SKODA YETI,4,E01026180,0,-1
2021501073959,2021,501073959,1,9,0,5,5,2,6,0,0,0,0,4,7,11,1,1,6,6,2,84,11,1197,1,4,SKODA YETI,10,E01019957,0,-1
2021101054711,2021,101054711,2,9,0,18,19,5,1,0,0,0,0,0,0,0,2,1,5,6,2,28,6,1968,2,5,SKODA YETI,8,E01033717,0,-1
2021010348586,2021,010348586,1,9,0,18,19,6,2,0,0,0,0,0,0,0,0,1,6,6,2,79,11,1395,1,5,SKODA YETI,7,E01000710,0,-1
2021461071017,2021,461071017,1,9,0,5,5,7,3,0,0,1,0,0,0,0,4,1,6,6,2,77,11,1197,1,5,SKODA YETI,7,E01021098,0,-1
2021170L30531,2021,170L30531,1,9,0,18,19,7,3,0,0,0,0,0,0,0,4,1,6,6,1,27,6,1968,2,12,SKODA YETI,1,E01012121,0,-1
2021061089561,2021,061089561,1,9,0,18,19,4,8,0,0,8,0,0,0,0,3,1,6,6,1,39,7,1968,2,7,SKODA YETI,8,E01005411,0,-1
2021052100928,2021,052100928,1,9,0,18,19,1,5,0,0,8,0,0,0,0,1,1,6,6,1,66,10,1197,1,4,SKODA YETI,7,E01006883,0,-1
2021052102155,2021,052102155,1,9,0,9,9,5,3,0,0,6,0,0,0,0,3,1,2,2,3,-1,-1,1197,1,9,SKODA YETI,-1,-1,0,-1
2021520200425,2021,520200425,2,9,0,18,19,8,4,0,0,1,0,0,0,0,1,1,6,6,1,60,9,1968,2,4,SKODA YETI,6,E01029153,0,-1
2021041016172,2021,041016172,1,9,0,7,7,3,5,0,0,8,0,0,0,0,4,1,2,2,1,40,7,1968,2,12,SKODA YETI,8,E01025406,0,-1
2021501126526,2021,501126526,1,9,0,18,19,3,7,0,0,0,2,0,1,10,1,1,5,6,1,48,8,1968,2,11,SKODA YETI,6,E01019971,0,-1
2021070863621,2021,070863621,2,9,0,2,2,7,3,6,6,0,0,0,0,0,2,1,6,6,1,72,10,1968,2,5,SKODA YETI,4,E01011841,0,-1
2021421076030,2021,421076030,2,9,0,2,2,0,0,9,9,2,0,0,0,0,2,1,5,6,1,70,10,1968,2,7,SKODA YETI,7,E01021613,0,-1
2021461108713,2021,461108713,2,9,0,18,19,1,6,0,0,0,0,0,0,0,1,1,6,6,1,60,9,1197,1,4,SKODA YETI,7,E01024332,0,-1
2021010329427,2021,010329427,1,9,0,17,19,3,1,0,0,1,0,0,0,0,1,1,6,6,2,60,9,1197,1,11,SKODA YETI,8,E01001585,0,-1
2021501071524,2021,501071524,2,9,0,18,19,5,1,0,0,0,0,0,0,0,1,1,5,6,1,69,10,1968,2,8,SKODA YETI,7,E01020074,0,-1
2021430423807,2021,430423807,1,9,0,8,8,2,4,0,0,1,0,0,0,0,2,1,3,7,2,43,7,1197,1,7,SKODA YETI,7,E01016399,0,-1
2021440492673,2021,440492673,1,9,0,14,14,1,5,0,0,0,0,4,0,0,1,1,6,6,2,66,10,1197,1,5,SKODA YETI,5,E01022842,0,-1
2021522105798,2021,522105798,2,9,0,13,13,2,6,0,0,1,0,0,0,0,1,1,6,6,2,50,8,1197,1,4,SKODA YETI,-1,-1,0,-1
2021501131884,2021,501131884,1,9,0,18,19,5,1,0,0,0,5,0,2,0,1,1,5,6,1,83,11,1968,2,10,SKODA YETI,7,E01020071,0,-1
2021041041305,2021,041041305,2,9,0,18,19,1,5,0,0,1,0,0,0,0,3,1,5,6,2,60,9,1968,2,11,SKODA YETI,4,E01033072,0,-1
2021010351961,2021,010351961,1,9,0,99,99,9,9,99,99,9,9,99,9,99,2,9,6,6,2,47,8,1968,2,8,SKODA YETI,6,E01024346,0,-1
2021501147561,2021,501147561,1,9,0,18,19,7,3,0,0,0,0,0,0,0,1,1,6,6,1,71,10,1598,2,6,SKODA YETI,9,E01019896,0,-1
2021351075856,2021,351075856,1,9,0,3,3,0,0,0,0,0,0,0,0,0,1,1,5,6,3,-1,-1,1968,2,4,SKODA YETI,-1,-1,0,-1
2021170L10851,2021,170L10851,1,9,0,18,19,2,6,0,0,8,0,0,0,0,4,1,6,6,2,62,9,1968,2,7,SKODA YETI,5,E01012160,0,-1
2021411101001,2021,411101001,1,9,0,3,3,2,6,0,0,1,0,0,0,0,1,1,5,6,1,76,11,1197,1,5,SKODA YETI,7,E01023880,0,-1
2021031058912,2021,031058912,1,9,0,9,9,3,1,0,0,4,0,0,0,0,3,1,5,6,2,49,8,1197,1,11,SKODA YETI,8,E01019370,0,-1
202134WNC7141,2021,34WNC7141,2,9,0,18,19,5,1,0,0,8,0,0,0,0,4,1,6,6,1,59,9,1968,2,6,SKODA YETI,4,E01021915,0,-1
2021461128926,2021,461128926,1,9,0,11,11,7,3,0,0,0,0,0,0,0,1,1,6,6,1,33,6,1197,1,9,SKODA YETI,9,E01024791,0,-1
2021461044867,2021,461044867,2,9,0,18,19,4,8,0,0,0,0,0,0,0,3,1,5,6,2,55,8,1197,1,10,SKODA YETI,8,E01024055,0,-1
2021201021683,2021,201021683,1,9,0,18,19,1,5,0,0,8,5,0,0,0,1,1,6,6,1,32,6,1197,1,9,SKODA YETI,1,E01033628,0,-1
2021991051074,2021,991051074,2,9,0,17,19,4,1,0,0,1,0,0,0,0,3,1,5,6,2,33,6,1968,2,11,SKODA YETI,4,-1,0,-1
2021531119018,2021,531119018,2,9,0,18,19,2,6,0,0,0,1,0,0,0,1,1,5,6,2,62,9,1197,1,5,SKODA YETI,6,E01022268,0,-1
2021041091684,2021,041091684,1,9,0,18,19,7,3,0,0,0,0,0,0,0,1,1,5,6,2,76,11,1968,2,4,SKODA YETI,8,E01019343,0,-1
2021371035417,2021,371035417,1,9,0,18,19,7,3,0,0,0,5,4,0,0,4,1,5,6,1,80,11,1197,1,5,SKODA YETI,10,E01030158,0,-1
2021141030392,2021,141030392,2,9,0,18,19,5,1,0,0,1,0,0,0,0,1,1,6,6,1,68,10,1968,2,8,SKODA YETI,8,E01007705,0,-1
2021471029923,2021,471029923,1,9,0,7,7,6,1,0,0,5,0,0,0,0,4,1,6,6,2,28,6,1197,1,7,SKODA YETI,6,E01031509,0,-1
2021302102038,2021,302102038,3,9,0,10,10,8,6,0,0,1,0,0,0,0,1,1,2,2,1,53,8,1968,2,8,SKODA YETI,9,E01019627,0,-1
2021501058675,2021,501058675,2,9,0,9,9,1,4,0,0,8,5,0,0,0,4,1,6,6,2,71,10,1968,2,11,SKODA YETI,4,E01018925,0,-1
2021320006639,2021,320006639,1,9,0,9,9,8,5,0,0,2,0,0,0,0,1,1,6,6,2,53,8,1968,2,4,SKODA YETI,3,E01026033,0,-1
2021401052204,2021,401052204,1,9,0,18,19,7,4,0,0,0,1,0,2,0,1,1,2,2,1,34,6,1197,1,7,SKODA YETI,8,E01001384,0,-1
2021991048603,2021,991048603,2,9,0,7,7,6,8,0,0,1,0,0,0,0,0,1,6,6,2,49,8,1968,2,6,SKODA YETI,10,-1,0,-1
2021221093515,2021,221093515,1,9,0,5,5,8,4,0,0,6,0,0,0,0,3,1,5,6,1,85,11,1197,1,5,SKODA YETI,7,E01032253,0,-1
2021302101621,2021,302101621,1,9,0,9,9,2,8,0,0,5,0,0,0,0,0,1,6,6,2,54,8,1968,2,9,SKODA YETI,4,E01013548,0,-1
2021991032582,2021,991032582,1,9,0,7,7,7,1,0,0,0,0,0,7,11,1,1,5,6,1,81,11,1598,2,6,SKODA YETI,9,-1,0,-1
2021520105400,2021,520105400,2,9,0,18,19,3,7,0,0,0,0,0,0,0,1,1,6,6,1,79,11,1197,1,5,SKODA YETI,7,E01029166,0,-1
2021461039519,2021,461039519,1,9,0,18,19,1,5,0,0,0,1,0,0,0,1,1,5,6,1,81,11,1197,1,8,SKODA YETI,6,E01024163,0,-1
2021544644621,2021,544644621,2,9,0,2,2,0,0,0,0,0,0,0,0,0,2,1,6,6,2,69,10,1197,1,4,SKODA YETI,9,E01020464,0,-1
2021070899316,2021,070899316,1,9,0,13,13,1,5,0,0,0,5,0,7,9,2,1,6,6,1,35,6,1968,2,9,SKODA YETI,6,E01018373,0,-1
2021010294146,2021,010294146,2,9,0,99,99,9,9,99,99,0,9,99,9,99,9,9,6,6,3,88,11,1197,1,9,SKODA YETI,10,E01002978,0,-1
2021440434842,2021,440434842,3,9,0,2,2,0,0,0,0,0,0,0,0,0,3,1,6,6,3,-1,-1,1598,2,8,SKODA YETI,-1,-1,0,-1
2021471069460,2021,471069460,1,9,0,18,19,6,2,0,0,8,0,0,1,4,1,1,6,6,1,61,9,1197,1,5,SKODA YETI,9,E01021191,0,-1
2021411112643,2021,411112643,1,9,0,18,19,4,8,0,0,1,0,0,0,0,1,1,6,6,2,60,9,1197,1,4,SKODA YETI,8,E01023627,0,-1
2021471089363,2021,471089363,1,9,0,18,19,7,3,0,0,0,0,0,0,0,1,1,5,6,1,64,9,1968,2,5,SKODA YETI,3,E01029111,0,-1
202163A054421,2021,63A054421,2,4,0,13,13,7,4,0,0,0,0,0,0,0,4,1,6,6,1,51,8,124,1,11,-1,8,W01000624,0,-1
2021522104071,2021,522104071,2,3,0,2,2,0,0,0,0,0,0,0,0,0,1,1,6,6,3,-1,-1,124,1,15,-1,-1,-1,0,-1
2021440042177,2021,440042177,1,3,0,18,19,4,8,0,0,8,0,0,0,0,1,1,6,6,1,18,4,124,1,20,-1,2,E01017202,0,-1
2021161042430,2021,161042430,2,3,0,18,19,2,6,0,0,0,0,0,0,0,1,1,2,2,1,29,6,124,1,12,-1,5,E01013030,0,-1
2021041064471,2021,041064471,2,3,0,18,19,1,5,0,0,1,2,0,0,0,0,1,5,6,1,28,6,124,1,13,-1,3,E01025087,0,-1
2021221063774,2021,221063774,1,3,0,4,4,5,1,0,0,1,0,0,0,0,3,1,5,6,1,30,6,124,1,19,-1,6,E01029708,0,-1
2021451017779,2021,451017779,1,3,0,18,19,1,5,0,0,0,5,0,0,0,4,1,1,1,2,18,4,124,1,17,-1,8,E01030556,0,-1
2021221081108,2021,221081108,2,4,0,18,19,1,5,0,0,0,0,0,0,0,2,1,5,6,2,38,7,124,1,17,-1,5,E01032309,0,-1
2021010324807,2021,010324807,2,3,0,18,19,3,7,0,0,1,0,0,0,0,1,1,2,2,1,23,5,124,1,13,-1,3,E01024169,0,-1
2021302101359,2021,302101359,1,3,0,16,19,8,4,0,0,0,0,0,0,0,1,1,6,6,1,28,6,124,1,11,-1,9,E01019610,0,-1
2021531126951,2021,531126951,2,3,0,17,19,6,2,0,0,0,1,0,0,0,1,1,2,2,1,56,9,124,1,14,-1,2,E01022324,0,-1
2021131034500,2021,131034500,2,4,0,18,19,3,7,0,0,1,0,0,0,0,1,1,2,2,2,47,8,124,1,11,-1,2,E01011149,0,-1
2021461083129,2021,461083129,1,4,0,18,19,4,8,0,0,0,1,0,0,0,3,1,6,6,1,32,6,124,1,21,-1,1,E01016032,0,-1
2021201118141,2021,201118141,2,4,0,18,19,4,8,0,0,8,0,0,0,0,1,1,1,1,1,34,6,124,1,11,-1,4,E01009111,0,-1
2021991091969,2021,991091969,2,9,0,3,3,5,1,0,0,4,0,0,0,0,2,1,6,6,1,31,6,1798,8,4,TOYOTA AURIS,3,-1,0,-1
2021622100958,2021,622100958,2,9,0,18,19,2,6,0,0,1,0,0,0,0,1,1,6,6,1,41,7,1798,8,5,TOYOTA AURIS,8,W01001190,0,-1
2021010321354,2021,010321354,1,9,9,99,99,9,9,99,99,9,9,99,9,99,2,9,6,6,2,49,8,1797,8,9,TOYOTA AURIS,4,E01001317,0,-1
202134WNC1551,2021,34WNC1551,2,9,0,17,19,3,7,0,0,0,0,0,1,0,1,1,2,2,1,55,8,1598,2,5,TOYOTA AURIS,6,E01031099,0,-1
202131C031921,2021,31C031921,1,8,0,9,9,8,6,0,0,5,0,0,0,0,3,1,6,6,1,40,7,1798,8,4,TOYOTA AURIS,2,E01013933,0,-1
2021061112199,2021,061112199,2,9,0,18,19,7,3,0,0,1,0,0,0,0,1,1,6,6,1,37,7,1797,8,9,TOYOTA AURIS,5,E01006200,0,-1
2021131078158,2021,131078158,2,8,0,2,2,7,3,0,0,8,0,0,0,0,1,1,6,6,3,-1,-1,1797,8,9,TOYOTA AURIS,-1,-1,0,-1
2021010316116,2021,010316116,1,9,0,18,19,7,3,0,0,1,0,0,0,0,4,1,6,6,1,45,7,1598,1,14,TOYOTA AURIS,1,E01002852,0,-1
2021552100797,2021,552100797,1,9,0,18,19,2,6,0,0,0,0,0,0,0,1,1,1,1,1,31,6,1798,8,3,TOYOTA AURIS,4,E01015326,0,-1
2021010335786,2021,010335786,2,9,0,99,99,9,9,99,99,0,9,99,9,99,1,9,6,6,1,53,8,1398,1,13,TOYOTA AURIS,7,E01000983,0,-1
2021010324825,2021,010324825,1,8,0,99,99,9,9,99,99,0,9,99,9,99,2,9,1,1,1,41,7,1797,8,7,TOYOTA AURIS,2,E01000091,0,-1
2021061035225,2021,061035225,1,9,0,18,19,5,1,0,0,0,0,0,0,0,1,1,6,6,1,60,9,1598,1,14,TOYOTA AURIS,3,E01005704,0,-1
2021010325655,2021,010325655,1,9,0,1,1,1,5,0,0,0,0,0,0,0,2,1,6,6,1,78,11,1798,8,5,TOYOTA AURIS,3,E01003280,0,-1
2021221073614,2021,221073614,2,8,0,18,19,4,8,0,0,0,1,0,1,0,2,1,1,1,1,39,7,1797,8,7,TOYOTA AURIS,2,E01009517,0,-1
2021421125421,2021,421125421,1,9,0,11,11,8,4,0,0,0,0,0,0,0,4,1,6,6,1,80,11,1598,1,11,TOYOTA AURIS,8,E01021478,0,-1
2021522104787,2021,522104787,2,8,0,18,19,3,7,2,2,1,0,0,0,0,1,1,6,6,1,41,7,1797,8,11,TOYOTA AURIS,1,E01014655,0,-1
2021010324067,2021,010324067,2,9,0,99,99,9,9,99,99,9,9,99,9,99,9,9,6,6,3,-1,-1,1598,1,12,TOYOTA AURIS,-1,-1,0,-1
2021421111504,2021,421111504,1,9,0,18,19,6,6,0,0,0,2,0,7,3,1,1,6,6,1,79,11,1598,1,7,TOYOTA AURIS,5,E01021644,0,-1
2021010350010,2021,010350010,2,9,0,99,99,9,9,99,99,9,9,99,9,99,1,9,6,6,3,45,7,1797,8,10,TOYOTA AURIS,1,E01021325,0,-1
2021010348584,2021,010348584,1,9,9,18,19,7,3,0,0,0,5,99,9,99,2,2,6,6,2,46,8,1398,1,13,TOYOTA AURIS,4,E01033320,0,-1
2021401064177,2021,401064177,1,9,0,18,19,3,7,0,0,1,0,0,0,0,1,1,6,6,2,35,6,1798,8,4,TOYOTA AURIS,2,E01015727,0,-1
2021131105827,2021,131105827,2,9,0,18,19,7,3,0,0,4,0,0,0,0,1,1,6,6,1,49,8,1798,8,5,TOYOTA AURIS,1,E01010608,0,-1
2021010306549,2021,010306549,1,9,0,7,7,7,1,0,0,6,0,0,0,0,1,1,1,1,1,60,9,1797,8,7,TOYOTA AURIS,-1,-1,0,-1
2021010345903,2021,010345903,1,8,0,18,19,5,1,99,99,9,9,99,9,99,1,1,1,1,1,50,8,1798,8,4,TOYOTA AURIS,3,E01032784,0,-1
202131A104521,2021,31A104521,1,8,0,18,19,6,2,0,0,0,0,0,0,0,0,1,6,6,1,-1,-1,1797,8,7,TOYOTA AURIS,2,E01013835,0,-1
2021461097646,2021,461097646,2,9,0,18,19,5,1,0,0,0,0,0,0,0,2,1,3,7,1,43,7,1197,1,6,TOYOTA AURIS,2,E01016018,0,-1
2021991100972,2021,991100972,4,9,0,2,2,0,0,0,0,1,0,0,0,0,2,1,6,6,3,-1,-1,1329,1,11,TOYOTA AURIS,-1,-1,0,-1
2021141083656,2021,141083656,1,9,0,5,5,1,5,0,0,2,0,0,0,0,4,1,1,1,1,64,9,1798,8,5,TOYOTA AURIS,-1,-1,0,-1
2021430445786,2021,430445786,2,9,0,18,19,2,6,0,0,8,0,0,1,0,1,1,6,6,1,47,8,1798,8,3,TOYOTA AURIS,2,E01016463,0,-1
2021010289858,2021,010289858,1,8,0,9,9,5,3,0,0,8,0,0,0,0,1,1,1,1,1,61,9,1798,8,3,TOYOTA AURIS,2,E01003922,0,-1
2021221082507,2021,221082507,1,9,0,18,19,1,5,0,0,8,0,0,0,0,3,1,5,6,2,45,7,1197,1,5,TOYOTA AURIS,10,E01032227,0,-1
2021010295399,2021,010295399,2,9,0,99,99,9,9,99,99,9,9,99,9,99,9,9,6,6,3,40,7,1797,8,8,TOYOTA AURIS,2,E01004260,0,-1
2021552200134,2021,552200134,1,9,0,9,9,2,8,0,0,5,0,0,0,0,2,1,6,6,1,39,7,1329,1,10,TOYOTA AURIS,1,E01015279,0,-1
2021361052920,2021,361052920,1,9,0,11,11,1,5,0,0,0,0,0,0,0,4,1,5,6,2,23,5,1998,2,12,TOYOTA AURIS,8,E01033538,0,-1
2021010348083,2021,010348083,1,9,0,18,19,5,1,0,0,0,0,0,0,0,1,1,6,6,3,-1,-1,1798,8,4,TOYOTA AURIS,-1,-1,0,-1
2021131112457,2021,131112457,2,9,0,18,19,5,1,0,0,1,0,0,0,0,1,1,1,1,1,45,7,1798,8,5,TOYOTA AURIS,1,E01011428,0,-1