collision_index,collision_year,collision_ref_no,vehicle_reference,vehicle_type,towing_and_articulation,vehicle_manoeuvre_historic,vehicle_manoeuvre,vehicle_direction_from,vehicle_direction_to,vehicle_location_restricted_lane_historic,vehicle_location_restricted_lane,junction_location,skidding_and_overturning,hit_object_in_carriageway,vehicle_leaving_carriageway,hit_object_off_carriageway,first_point_of_impact,vehicle_left_hand_drive,journey_purpose_of_driver_historic,journey_purpose_of_driver,sex_of_driver,age_of_driver,age_band_of_driver,engine_capacity_cc,propulsion_code,age_of_vehicle,generic_make_model,driver_imd_decile,lsoa_of_driver,escooter_flag,driver_distance_banding
2021201133225,2021,201133225,2,9,0,18,19,6,2,0,0,0,0,0,0,0,4,1,6,6,2,46,8,1329,1,11,TOYOTA AURIS,4,E01010510,0,-1
2021440138617,2021,440138617,1,9,0,18,19,2,6,0,0,4,0,0,0,0,1,1,6,6,1,52,8,1598,1,7,TOYOTA AURIS,6,E01017204,0,-1
2021010312777,2021,010312777,2,9,0,18,19,8,4,0,0,8,0,0,0,0,1,1,6,6,1,33,6,1798,8,6,TOYOTA AURIS,2,E01000025,0,-1
202134NNC0101,2021,34NNC0101,2,9,0,18,19,1,5,0,0,8,0,0,0,0,3,1,2,2,1,53,8,1398,1,13,TOYOTA AURIS,3,E01027317,0,-1
2021411016233,2021,411016233,3,9,0,18,19,5,1,0,0,0,0,0,0,0,1,1,6,6,2,24,5,1797,8,11,TOYOTA AURIS,4,E01000307,0,-1
2021131071693,2021,131071693,1,9,0,18,19,3,7,0,0,1,0,0,0,0,3,1,6,6,1,41,7,1797,8,7,TOYOTA AURIS,3,E01011139,0,-1
2021010323241,2021,010323241,1,9,0,99,99,9,9,99,99,9,9,99,9,99,9,9,6,6,2,21,5,1598,1,13,TOYOTA AURIS,4,E01002699,0,-1
2021211106497,2021,211106497,2,9,0,16,19,2,5,0,0,1,0,0,1,0,1,1,1,1,1,36,7,1798,8,5,TOYOTA AURIS,7,E01029544,0,-1
2021010298576,2021,010298576,2,9,0,99,99,9,9,99,99,9,9,99,0,0,2,9,6,6,3,-1,-1,1798,8,4,TOYOTA AURIS,3,E01025976,0,-1
2021031080279,2021,031080279,1,9,0,9,9,2,4,0,0,1,0,0,0,0,2,1,5,6,1,48,8,1197,1,5,TOYOTA AURIS,2,E01005593,0,-1
2021991134991,2021,991134991,1,9,0,18,19,6,2,0,0,0,5,0,1,0,1,1,6,6,1,62,9,1598,1,14,TOYOTA AURIS,4,-1,0,-1
2021141056162,2021,141056162,2,9,0,5,5,6,4,0,0,8,0,0,0,0,1,1,5,6,2,71,10,1598,1,8,TOYOTA AURIS,9,E01007711,0,-1
2021131091378,2021,131091378,1,9,0,18,19,1,1,0,0,1,1,0,0,0,1,1,1,1,1,43,7,1798,8,2,TOYOTA AURIS,1,E01011340,0,-1
2021211071626,2021,211071626,1,9,0,-1,-1,-1,-1,-1,-1,0,-1,-1,-1,0,-1,1,6,6,2,-1,-1,1798,8,3,TOYOTA AURIS,10,E01029589,0,-1
2021430341141,2021,430341141,1,9,0,7,7,2,4,0,0,6,0,0,0,0,4,1,6,6,2,-1,-1,1598,1,14,TOYOTA AURIS,-1,-1,0,-1
2021440398765,2021,440398765,2,9,0,18,19,2,6,0,0,0,0,0,0,0,1,1,6,6,2,28,6,1364,2,7,TOYOTA AURIS,2,E01022934,0,-1
2021010315729,2021,010315729,2,9,5,5,5,7,3,0,0,1,0,0,0,0,3,1,1,1,1,55,8,1798,8,5,TOYOTA AURIS,5,E01000036,0,-1
2021010338803,2021,010338803,1,8,0,18,19,3,7,0,0,1,0,0,0,0,3,1,1,1,1,31,6,1798,8,4,TOYOTA AURIS,1,E01002092,0,-1
2021010305277,2021,010305277,2,8,0,18,19,5,1,0,0,2,0,0,0,0,2,1,1,1,1,51,8,1798,8,4,TOYOTA AURIS,7,E01001346,0,-1
2021231057134,2021,231057134,1,9,0,17,19,6,2,0,0,0,0,0,1,11,1,1,5,6,2,81,11,1798,8,3,TOYOTA AURIS,7,E01031194,0,-1
2021622100687,2021,622100687,1,9,0,18,19,2,6,0,0,0,0,0,0,0,1,1,6,6,1,40,7,1797,8,8,TOYOTA AURIS,7,W01000875,0,-1
2021201091370,2021,201091370,1,8,0,2,2,0,0,0,0,0,0,0,0,0,0,1,1,1,1,41,7,1598,1,11,TOYOTA AURIS,3,E01008921,0,-1
2021131065561,2021,131065561,1,9,0,7,7,3,7,0,0,8,2,0,1,0,4,1,1,1,1,37,7,1798,8,3,TOYOTA AURIS,3,E01011722,0,-1
2021141119009,2021,141119009,2,9,0,7,7,7,1,0,0,2,0,0,2,11,1,1,5,6,2,35,6,1797,8,10,TOYOTA AURIS,2,E01007871,0,-1
2021411042571,2021,411042571,3,9,0,3,3,5,4,0,0,1,0,0,0,0,2,1,2,2,1,31,6,1797,8,6,TOYOTA AURIS,2,E01017618,0,-1
2021131037044,2021,131037044,1,9,0,1,1,1,5,0,0,0,0,0,0,0,0,1,5,6,1,91,11,1598,1,9,TOYOTA AURIS,8,E01011556,0,-1
2021010313037,2021,010313037,3,9,0,18,19,1,5,0,0,8,0,0,0,0,0,1,6,6,3,31,6,1598,1,13,TOYOTA AURIS,3,E01000635,0,-1
2021421015856,2021,421015856,2,9,0,18,19,3,7,0,0,1,0,0,0,0,1,1,1,1,1,31,6,2231,2,13,TOYOTA AURIS,4,E01016011,0,-1
2021010314732,2021,010314732,1,9,0,99,99,9,9,99,99,0,9,99,9,99,1,9,6,6,3,68,10,1798,8,6,TOYOTA AURIS,3,E01003172,0,-1
2021041083760,2021,041083760,1,9,0,18,19,3,7,0,0,1,0,0,0,0,1,1,1,1,2,27,6,1798,8,3,TOYOTA AURIS,9,E01025596,0,-1
2021201149266,2021,201149266,2,8,0,17,19,6,2,0,0,0,0,0,0,0,3,1,1,1,1,38,7,1798,8,5,TOYOTA AURIS,4,E01009231,0,-1
2021010302673,2021,010302673,2,9,0,99,99,9,9,99,99,9,9,99,9,99,9,9,6,6,3,-1,-1,1797,8,10,TOYOTA AURIS,-1,-1,0,-1
2021070667431,2021,070667431,2,9,0,18,19,5,1,0,0,1,0,0,0,0,2,1,6,6,2,33,6,1798,8,6,TOYOTA AURIS,9,E01018692,0,-1
2021010333051,2021,010333051,1,9,0,18,19,3,7,0,0,0,0,0,0,0,1,1,2,2,1,33,6,1797,8,11,TOYOTA AURIS,2,E01003566,0,-1
202131C006721,2021,31C006721,1,9,0,18,19,1,5,0,0,0,0,4,0,0,1,1,2,2,1,50,8,1798,8,5,TOYOTA AURIS,1,E01013810,0,-1
2021131036600,2021,131036600,1,9,0,18,19,5,1,0,0,0,0,0,0,0,1,1,1,1,1,43,7,1598,1,7,TOYOTA AURIS,5,E01011099,0,-1
2021010304972,2021,010304972,1,9,0,99,99,9,9,99,99,9,9,99,9,99,2,9,6,6,1,35,6,1797,8,6,TOYOTA AURIS,2,E01000007,0,-1
2021010343150,2021,010343150,1,9,0,18,19,5,1,0,0,8,0,0,0,0,4,1,1,1,1,61,9,1797,8,8,TOYOTA AURIS,1,E01004449,0,-1
2021010335775,2021,010335775,2,8,0,9,9,5,2,0,0,5,0,0,7,0,1,1,6,6,1,61,9,1798,8,3,TOYOTA AURIS,4,E01001618,0,-1
2021201109943,2021,201109943,1,9,0,18,19,6,2,0,0,1,1,0,0,0,1,1,6,6,1,26,6,2231,2,12,TOYOTA AURIS,8,E01010241,0,-1
2021052101679,2021,052101679,2,8,0,18,19,7,3,0,0,8,0,0,0,0,4,1,1,1,1,45,7,1798,8,4,TOYOTA AURIS,1,E01006950,0,-1
2021401074997,2021,401074997,2,9,0,5,5,7,3,0,0,4,0,0,0,0,1,1,6,6,1,57,9,1197,1,4,TOYOTA AURIS,8,E01016823,0,-1
2021122100207,2021,122100207,1,8,0,2,2,0,0,0,0,0,0,0,0,0,0,1,1,1,3,-1,-1,1798,8,4,TOYOTA AURIS,-1,-1,0,-1
2021501111594,2021,501111594,1,9,0,9,9,1,7,0,0,2,0,0,0,0,1,1,2,2,2,63,9,1598,1,14,TOYOTA AURIS,6,E01020159,0,-1
2021131042622,2021,131042622,2,9,0,18,19,3,7,0,0,4,0,0,0,0,3,1,6,6,1,37,7,1598,1,8,TOYOTA AURIS,3,E01010836,0,-1
2021010313384,2021,010313384,1,9,0,5,5,5,1,0,0,1,0,7,0,0,1,1,1,1,1,31,6,1797,8,8,TOYOTA AURIS,2,E01004240,0,-1
2021061109154,2021,061109154,2,9,0,18,19,8,2,0,0,8,0,0,0,0,3,1,1,1,1,43,7,1797,8,8,TOYOTA AURIS,1,E01005463,0,-1
2021141018845,2021,141018845,2,9,0,18,19,3,7,0,0,0,0,0,0,0,4,1,1,1,1,32,6,1798,8,3,TOYOTA AURIS,1,E01007902,0,-1
2021010330230,2021,010330230,1,9,0,9,9,8,5,4,4,5,0,0,0,0,2,1,6,6,2,36,7,1398,1,12,TOYOTA AURIS,7,E01001231,0,-1
2021010321803,2021,010321803,1,9,0,18,19,4,8,0,0,1,0,0,0,0,1,1,6,6,2,31,6,1598,1,14,TOYOTA AURIS,10,E01016701,0,-1
2021061071695,2021,061071695,1,9,0,18,19,5,1,0,0,1,0,4,1,1,1,1,6,6,1,34,6,1364,2,7,TOYOTA AURIS,2,E01033657,0,-1
2021991098409,2021,991098409,2,9,0,5,5,5,1,0,0,1,0,4,0,0,1,1,5,6,1,47,8,2231,2,13,TOYOTA AURIS,-1,-1,0,-1
2021010321620,2021,010321620,1,9,0,9,9,3,1,0,0,6,0,0,0,0,1,1,2,2,1,32,6,1797,8,8,TOYOTA AURIS,1,E01004702,0,-1
2021010305384,2021,010305384,3,9,0,99,99,9,9,99,99,9,9,99,9,99,2,9,6,6,3,-1,-1,1598,1,13,TOYOTA AURIS,-1,-1,0,-1
2021010296616,2021,010296616,2,9,0,5,5,0,1,0,0,1,0,0,0,0,3,1,6,6,1,23,5,1598,1,13,TOYOTA AURIS,3,E01000929,0,-1
2021421091641,2021,421091641,2,9,0,18,19,6,1,0,0,2,0,0,0,0,1,1,1,1,1,25,5,1798,8,6,TOYOTA AURIS,4,E01022037,0,-1
2021522104763,2021,522104763,1,9,0,11,11,7,2,0,0,3,0,0,0,0,1,1,6,6,1,52,8,1798,8,6,TOYOTA AURIS,1,E01033356,0,-1
2021010305890,2021,010305890,2,9,0,99,99,9,9,99,99,9,9,99,9,99,0,9,6,6,3,-1,-1,1798,8,5,TOYOTA AURIS,-1,-1,0,-1
2021010322467,2021,010322467,1,8,9,99,99,9,9,99,99,9,9,99,9,99,9,9,6,6,3,-1,-1,1798,8,3,TOYOTA AURIS,-1,-1,0,-1
2021991111800,2021,991111800,1,9,0,4,4,5,1,0,0,0,0,0,1,0,1,1,5,6,2,34,6,1329,1,11,TOYOTA AURIS,8,-1,0,-1
2021010315466,2021,010315466,1,9,0,99,99,9,9,0,0,0,9,0,0,0,9,9,6,6,1,34,6,1797,8,9,TOYOTA AURIS,3,E01003583,0,-1
2021010337491,2021,010337491,1,9,0,18,19,3,7,9,9,8,0,0,1,10,1,1,1,1,1,65,9,1798,8,3,TOYOTA AURIS,2,E01004404,0,-1
2021061082720,2021,061082720,1,9,0,4,4,1,1,0,0,0,0,0,0,0,1,1,5,6,1,84,11,1798,8,2,TOYOTA AURIS,4,E01005036,0,-1
2021131056134,2021,131056134,3,9,0,4,4,5,1,0,0,0,0,0,0,0,1,1,1,1,1,45,7,1797,8,7,TOYOTA AURIS,3,E01033542,0,-1
2021991052703,2021,991052703,1,8,0,7,7,3,6,9,9,0,0,0,0,0,1,1,6,6,1,43,7,1798,8,5,TOYOTA AURIS,-1,-1,0,-1
2021131049139,2021,131049139,1,9,0,6,6,6,6,0,0,1,0,0,0,0,3,1,6,6,1,36,7,1329,1,10,TOYOTA AURIS,7,E01011550,0,-1
2021010326379,2021,010326379,1,9,0,7,7,5,7,0,0,1,1,0,0,0,3,1,3,7,2,30,6,1797,8,7,TOYOTA AURIS,2,E01003983,0,-1
2021201058963,2021,201058963,2,9,0,2,2,0,0,0,0,0,0,0,0,0,2,1,6,6,3,-1,-1,1798,8,5,TOYOTA AURIS,-1,-1,0,-1
2021421053935,2021,421053935,2,8,0,4,4,7,3,0,0,4,0,0,0,0,2,1,1,1,1,44,7,1798,8,3,TOYOTA AURIS,4,E01015782,0,-1
2021041108540,2021,041108540,1,9,0,18,19,7,3,0,0,1,0,0,0,0,1,1,5,6,1,22,5,1329,1,11,TOYOTA AURIS,5,E01025304,0,-1
2021010318604,2021,010318604,2,9,0,99,99,9,9,99,99,0,9,99,9,99,1,9,6,6,3,44,7,1598,1,13,TOYOTA AURIS,9,E01004155,0,-1
2021010296137,2021,010296137,1,9,0,18,19,6,2,0,0,0,0,0,0,0,1,1,6,6,2,45,7,1797,8,9,TOYOTA AURIS,6,E01003840,0,-1
2021131101685,2021,131101685,1,9,0,9,9,7,1,0,0,1,0,0,0,0,1,1,1,1,1,37,7,1797,8,6,TOYOTA AURIS,1,E01011423,0,-1
2021211062554,2021,211062554,1,8,0,4,4,0,0,9,9,0,0,0,0,0,4,1,6,6,1,57,9,1364,2,7,TOYOTA AURIS,2,E01014355,0,-1
2021010338330,2021,010338330,1,8,0,99,99,9,9,99,99,1,9,99,9,99,2,1,1,1,1,61,9,1798,8,5,TOYOTA AURIS,5,E01002344,0,-1
2021010343934,2021,010343934,2,9,0,99,99,9,9,99,99,9,9,99,9,99,9,9,6,6,3,-1,-1,1797,8,11,TOYOTA AURIS,4,E01000029,0,-1
2021451036514,2021,451036514,3,9,0,18,19,5,1,0,0,2,0,0,0,0,1,1,5,6,1,43,7,1598,1,10,TOYOTA AURIS,2,E01001172,0,-1
2021010321116,2021,010321116,2,9,9,99,99,9,9,99,99,9,9,99,9,99,9,9,6,6,3,-1,-1,1598,1,12,TOYOTA AURIS,-1,-1,0,-1
2021501117964,2021,501117964,2,9,0,18,19,1,5,0,0,4,0,0,0,0,1,1,5,6,2,65,9,1797,8,8,TOYOTA AURIS,4,E01015178,0,-1
2021451020306,2021,451020306,2,9,0,18,19,5,1,0,0,0,0,0,0,0,1,1,2,2,1,38,7,1598,1,14,TOYOTA AURIS,5,E01030983,0,-1
2021302100086,2021,302100086,2,9,0,4,4,2,6,0,0,0,0,0,0,0,2,1,6,6,2,57,9,1798,8,5,TOYOTA AURIS,4,E01013501,0,-1
2021361147069,2021,361147069,1,9,0,18,19,1,4,0,0,0,0,0,0,0,3,1,5,6,1,88,11,1598,1,14,TOYOTA AURIS,7,E01026910,0,-1
2021010307826,2021,010307826,1,9,9,99,99,9,9,99,99,0,9,99,9,99,2,9,6,6,1,42,7,1798,8,5,TOYOTA AURIS,-1,-1,0,-1
2021211082962,2021,211082962,1,9,0,4,4,1,1,0,0,1,0,0,0,0,2,1,5,6,1,36,7,1797,8,11,TOYOTA AURIS,1,E01014251,0,-1
2021552100826,2021,552100826,2,8,0,9,9,3,8,0,0,6,0,0,0,0,1,1,1,1,1,48,8,1798,8,3,TOYOTA AURIS,5,E01015374,0,-1
2021451085435,2021,451085435,2,9,0,17,19,1,7,0,0,0,0,0,0,0,1,1,1,1,1,51,8,1329,1,12,TOYOTA AURIS,6,E01001292,0,-1
202131C135721,2021,31C135721,1,9,0,18,19,7,3,0,0,8,0,0,0,0,1,1,6,6,1,22,5,1364,2,8,TOYOTA AURIS,4,E01013941,0,-1
2021411108166,2021,411108166,2,9,0,5,5,8,5,0,0,4,0,0,0,0,0,1,6,6,1,34,6,1798,8,5,TOYOTA AURIS,4,E01015793,0,-1
2021010319845,2021,010319845,1,9,0,18,19,3,7,9,9,8,0,10,0,0,1,1,6,6,1,76,11,1797,8,7,TOYOTA AURIS,4,E01001353,0,-1
2021991055731,2021,991055731,2,9,0,18,19,4,8,0,0,3,0,0,0,0,1,1,1,1,1,34,6,1798,8,4,TOYOTA AURIS,4,-1,0,-1
2021430245784,2021,430245784,2,8,0,3,3,3,7,0,0,1,0,0,0,0,3,1,1,1,1,48,8,1798,8,3,TOYOTA AURIS,5,E01016766,0,-1
2021138291545,2021,138291545,2,8,0,18,19,7,3,0,0,8,0,0,1,11,1,1,1,1,1,29,6,1798,8,6,TOYOTA AURIS,3,E01011670,0,-1
2021010297738,2021,010297738,1,9,0,5,5,5,1,0,0,8,0,0,0,0,2,1,6,6,1,42,7,1798,8,5,TOYOTA AURIS,4,E01001047,0,-1
2021010344204,2021,010344204,1,8,0,99,99,9,9,99,99,9,9,99,9,99,2,9,1,1,1,51,8,1798,8,4,TOYOTA AURIS,6,E01000203,0,-1
2021061134975,2021,061134975,1,9,0,18,19,5,1,0,0,0,0,0,0,0,3,1,6,6,1,18,4,1197,1,4,TOYOTA AURIS,4,E01004832,0,-1
2021010351474,2021,010351474,1,9,4,18,19,7,3,0,0,5,1,0,0,0,4,1,2,2,1,48,8,1798,8,5,TOYOTA AURIS,2,E01003591,0,-1
2021201023509,2021,201023509,1,8,0,7,7,7,2,0,0,2,0,0,0,0,1,1,1,1,1,42,7,1798,8,4,TOYOTA AURIS,1,E01009060,0,-1
2021522105918,2021,522105918,1,8,0,3,3,3,7,0,0,1,0,0,0,0,1,1,6,6,1,33,6,1797,8,6,TOYOTA AURIS,1,E01014589,0,-1
2021141052352,2021,141052352,2,9,0,18,19,1,5,0,0,8,0,0,0,0,1,1,5,6,2,23,5,1598,1,13,TOYOTA AURIS,6,E01032551,0,-1
2021010289461,2021,010289461,1,9,0,18,19,5,1,0,0,0,0,0,0,0,1,1,6,6,1,27,6,1797,8,10,TOYOTA AURIS,3,E01000644,0,-1
2021061056755,2021,061056755,1,9,0,9,9,5,3,0,0,8,0,0,0,0,1,1,6,6,1,63,9,1598,1,8,TOYOTA AURIS,5,E01005044,0,-1
2021010335666,2021,010335666,1,9,0,1,1,4,8,0,0,1,0,0,0,0,2,1,1,1,1,45,7,1798,8,4,TOYOTA AURIS,5,E01000892,0,-1
2021201098947,2021,201098947,1,9,0,18,19,-1,-1,0,0,1,0,0,0,0,0,1,6,6,3,-1,-1,1598,1,14,TOYOTA AURIS,-1,-1,0,-1
2021010319004,2021,010319004,2,8,0,99,99,9,9,99,99,9,9,99,9,99,1,9,6,6,3,-1,-1,1798,8,5,TOYOTA AURIS,-1,-1,0,-1
2021471109627,2021,471109627,1,9,0,18,19,1,5,0,0,0,5,4,0,0,4,1,5,6,2,74,10,1797,8,7,TOYOTA AURIS,8,E01021170,0,-1
2021010313342,2021,010313342,1,9,0,99,99,9,9,99,99,9,9,99,9,99,2,9,6,6,1,36,7,1798,8,3,TOYOTA AURIS,6,E01001522,0,-1
2021010292626,2021,010292626,2,9,0,18,19,1,5,0,0,8,0,0,0,0,1,1,2,2,2,26,6,1598,1,7,TOYOTA AURIS,3,E01001282,0,-1
202154C496321,2021,54C496321,1,9,0,4,4,7,3,0,0,2,0,0,0,0,1,1,6,6,1,26,6,1598,1,11,TOYOTA AURIS,7,E01015490,0,-1
2021451052270,2021,451052270,2,9,0,13,13,5,1,0,0,0,0,0,0,0,4,1,6,6,1,78,11,1197,1,6,TOYOTA AURIS,10,E01030881,0,-1
2021041066251,2021,041066251,2,9,0,18,19,4,1,0,0,1,0,0,0,0,3,1,6,6,2,44,7,1797,8,7,TOYOTA AURIS,1,E01025041,0,-1
2021131041483,2021,131041483,1,9,0,18,19,7,3,0,0,1,1,7,7,2,3,1,5,6,1,20,4,1364,2,13,TOYOTA AURIS,-1,-1,0,-1
2021010314238,2021,010314238,2,8,0,99,99,9,9,99,99,9,9,99,9,99,1,9,6,6,1,50,8,1798,8,2,TOYOTA AURIS,1,E01001210,0,-1
2021440385494,2021,440385494,1,9,0,18,19,1,5,0,0,0,5,0,6,0,1,1,6,6,2,21,5,1998,2,13,TOYOTA AURIS,4,E01017087,0,-1
202131C080921,2021,31C080921,1,8,0,18,19,8,4,0,0,2,0,0,0,0,1,1,1,1,1,47,8,1798,8,5,TOYOTA AURIS,1,E01013810,0,-1
2021010300575,2021,010300575,1,9,0,1,1,1,5,0,0,2,0,0,0,0,2,1,2,2,1,25,5,1364,2,13,TOYOTA AURIS,3,E01001981,0,-1
2021221076237,2021,221076237,1,9,0,18,19,5,1,0,0,0,2,0,2,7,1,1,5,6,1,40,7,1329,1,12,TOYOTA AURIS,1,E01010527,0,-1
2021010312893,2021,010312893,1,9,0,5,5,0,1,9,9,6,0,0,0,0,1,1,3,7,1,43,7,1797,8,11,TOYOTA AURIS,8,E01000188,0,-1
2021052102154,2021,052102154,1,8,0,18,19,4,8,0,0,0,0,0,0,0,1,1,1,1,1,30,6,1798,8,3,TOYOTA AURIS,4,E01006681,0,-1
2021010324748,2021,010324748,1,8,0,99,99,9,9,99,99,9,9,99,9,99,9,9,6,6,1,-1,-1,1798,8,4,TOYOTA AURIS,2,E01001576,0,-1
2021101030116,2021,101030116,3,9,0,2,2,0,0,0,0,0,1,0,0,0,2,1,5,6,1,50,8,1398,1,13,TOYOTA AURIS,-1,-1,0,-1
2021161017148,2021,161017148,1,9,0,18,19,4,8,0,0,1,0,0,0,0,1,1,6,6,2,36,7,1798,8,4,TOYOTA AURIS,9,E01032683,0,-1
2021010302132,2021,010302132,2,9,0,6,6,7,7,0,0,1,0,0,0,0,1,1,6,6,1,29,6,1797,8,8,TOYOTA AURIS,8,E01000540,0,-1
2021131084009,2021,131084009,2,9,0,2,2,0,0,0,0,1,0,0,0,0,2,1,1,1,1,59,9,1798,8,3,TOYOTA AURIS,2,E01010619,0,-1
2021131106147,2021,131106147,2,9,0,18,19,7,7,0,0,1,1,0,0,0,3,1,5,6,2,32,6,1598,1,8,TOYOTA AURIS,4,E01010602,0,-1
2021451099372,2021,451099372,1,9,0,9,9,6,6,0,0,8,0,0,0,0,1,1,5,6,2,36,7,1797,8,8,TOYOTA AURIS,10,E01016524,0,-1
2021201142003,2021,201142003,4,9,0,2,2,0,0,0,0,0,0,0,0,0,3,1,6,6,1,-1,-1,1797,8,6,TOYOTA AURIS,8,E01009908,0,-1
2021101142583,2021,101142583,2,9,0,18,19,1,5,0,0,4,0,10,3,0,1,1,6,6,2,51,8,1798,8,3,TOYOTA AURIS,8,E01008562,0,-1
2021010288485,2021,010288485,1,9,0,18,19,7,3,0,0,2,0,0,0,0,4,1,1,1,1,40,7,1798,8,6,TOYOTA AURIS,2,E01004746,0,-1
2021302101296,2021,302101296,2,9,0,18,19,6,2,0,0,1,0,0,0,0,1,1,6,6,1,44,7,1797,8,8,TOYOTA AURIS,2,E01013483,0,-1
2021010338049,2021,010338049,1,9,0,2,2,0,0,0,0,2,0,0,0,0,3,1,6,6,3,-1,-1,1598,1,14,TOYOTA AURIS,-1,-1,0,-1
2021131062459,2021,131062459,1,9,0,18,19,5,1,0,0,8,0,4,0,0,1,1,1,1,1,39,7,1798,8,5,TOYOTA AURIS,1,E01010809,0,-1
2021471116319,2021,471116319,1,9,0,18,19,1,5,0,0,8,1,0,1,0,3,1,6,6,1,50,8,1797,8,7,TOYOTA AURIS,6,E01021066,0,-1
2021411047559,2021,411047559,1,9,0,5,5,-1,-1,0,0,0,0,0,0,0,4,1,6,6,2,36,7,1797,8,7,TOYOTA AURIS,2,E01023338,0,-1
2021471114328,2021,471114328,1,9,0,18,19,4,6,0,0,4,0,0,0,0,4,1,5,6,2,57,9,1797,8,6,TOYOTA AURIS,10,E01031805,0,-1
2021061033554,2021,061033554,1,9,0,18,19,5,5,0,0,1,0,0,0,0,1,1,6,6,3,-1,-1,1329,1,6,TOYOTA AURIS,-1,-1,0,-1
2021371091466,2021,371091466,2,9,0,18,19,8,4,0,0,1,0,0,0,0,3,1,5,6,1,25,5,1364,2,8,TOYOTA AURIS,1,E01029994,0,-1
2021401112804,2021,401112804,2,8,0,3,3,4,8,0,0,0,0,0,0,0,2,1,5,6,1,50,8,1797,8,6,TOYOTA AURIS,4,E01017535,0,-1
2021070640334,2021,070640334,1,9,0,17,19,3,7,0,0,0,1,0,0,0,1,1,6,6,2,21,5,1598,1,14,TOYOTA AURIS,10,E01019712,0,-1
2021010293019,2021,010293019,2,9,9,99,99,9,9,99,99,9,9,99,9,99,9,9,6,6,3,-1,-1,1598,1,14,TOYOTA AURIS,2,E01003093,0,-1
2021211156668,2021,211156668,2,9,-1,-1,-1,7,3,-1,-1,0,-1,-1,-1,0,-1,1,6,6,1,53,8,1798,8,3,TOYOTA AURIS,7,E01005851,0,-1
2021221049688,2021,221049688,2,9,0,16,19,2,3,0,0,0,0,0,0,0,1,1,5,6,2,29,6,1798,8,5,TOYOTA AURIS,1,E01032232,0,-1
2021010308691,2021,010308691,2,9,0,99,99,9,9,99,99,1,9,99,9,99,1,9,6,6,3,42,7,1797,8,9,TOYOTA AURIS,5,E01002262,0,-1
2021411030322,2021,411030322,1,9,0,18,19,8,4,0,0,0,0,0,0,0,1,1,2,2,1,81,11,1598,1,11,TOYOTA AURIS,9,E01023962,0,-1
2021401076621,2021,401076621,5,9,0,11,11,3,7,0,0,0,0,0,0,0,2,1,1,1,1,46,8,1798,8,5,TOYOTA AURIS,7,E01018140,0,-1
2021131061029,2021,131061029,1,9,0,18,19,5,1,0,0,8,0,0,0,0,1,1,6,6,1,50,8,2231,2,12,TOYOTA AURIS,5,E01010598,0,-1
2021141071100,2021,141071100,1,9,0,18,19,6,2,0,0,1,0,0,0,0,3,1,5,6,1,32,6,1329,1,12,TOYOTA AURIS,2,E01033270,0,-1
2021010292902,2021,010292902,2,9,0,18,19,1,5,0,0,1,0,0,0,0,1,1,6,6,1,39,7,1798,8,3,TOYOTA AURIS,5,E01000629,0,-1
2021430247282,2021,430247282,2,9,0,18,19,6,2,0,0,1,0,0,0,0,2,1,6,6,1,68,10,1798,8,4,TOYOTA AURIS,5,E01016483,0,-1
2021131088906,2021,131088906,2,9,0,18,19,6,2,0,0,2,0,0,0,0,2,1,1,1,1,43,7,1798,8,4,TOYOTA AURIS,4,E01010671,0,-1
2021131082186,2021,131082186,4,9,0,2,2,0,0,0,0,0,0,0,0,0,3,1,6,6,3,-1,-1,1598,7,11,TOYOTA AURIS,-1,-1,0,-1
2021131069464,2021,131069464,1,9,0,-1,-1,-1,-1,-1,-1,-1,-1,-1,-1,-1,-1,1,5,6,2,21,5,1598,1,12,TOYOTA AURIS,2,E01011421,0,-1
2021991099456,2021,991099456,1,9,0,18,19,8,4,0,0,1,0,0,0,0,1,1,2,2,2,49,8,1797,8,8,TOYOTA AURIS,7,-1,0,-1
2021010296200,2021,010296200,1,9,0,99,99,9,9,99,99,9,9,99,9,99,9,9,6,6,2,43,7,1797,8,10,TOYOTA AURIS,1,E01003516,0,-1
2021010295543,2021,010295543,2,9,0,18,19,3,7,0,0,1,0,0,1,0,1,1,2,2,1,35,6,1797,8,6,TOYOTA AURIS,-1,-1,0,-1
2021010346883,2021,010346883,1,9,0,9,9,2,7,0,0,8,0,0,0,0,1,1,3,7,2,68,10,1598,1,11,TOYOTA AURIS,10,E01000814,0,-1
2021041038862,2021,041038862,1,9,0,18,19,1,5,0,0,0,0,0,0,0,1,1,1,1,1,26,6,1797,8,8,TOYOTA AURIS,1,E01010700,0,-1
2021161075659,2021,161075659,1,9,0,9,9,8,6,0,0,8,0,0,0,0,1,1,6,6,1,37,7,1998,2,13,TOYOTA AURIS,1,E01012854,0,-1
2021052102174,2021,052102174,2,9,0,3,3,3,7,0,0,0,0,0,0,0,2,1,6,6,1,55,8,1798,8,3,TOYOTA AURIS,2,E01012525,0,-1
2021131055309,2021,131055309,2,9,0,9,9,4,2,0,0,0,0,0,0,0,4,1,5,6,1,32,6,1798,8,4,TOYOTA AURIS,1,E01011431,0,-1
2021041115430,2021,041115430,1,9,0,9,9,5,7,0,0,1,0,0,0,0,1,1,6,6,1,34,6,1798,8,5,TOYOTA AURIS,1,E01025286,0,-1