collision_index,collision_year,collision_ref_no,vehicle_reference,vehicle_type,towing_and_articulation,vehicle_manoeuvre_historic,vehicle_manoeuvre,vehicle_direction_from,vehicle_direction_to,vehicle_location_restricted_lane_historic,vehicle_location_restricted_lane,junction_location,skidding_and_overturning,hit_object_in_carriageway,vehicle_leaving_carriageway,hit_object_off_carriageway,first_point_of_impact,vehicle_left_hand_drive,journey_purpose_of_driver_historic,journey_purpose_of_driver,sex_of_driver,age_of_driver,age_band_of_driver,engine_capacity_cc,propulsion_code,age_of_vehicle,generic_make_model,driver_imd_decile,lsoa_of_driver,escooter_flag,driver_distance_banding
2021010349127,2021,010349127,2,9,0,2,2,0,0,0,0,0,0,0,1,2,3,1,6,6,3,-1,-1,1798,8,3,TOYOTA AURIS,-1,-1,0,-1
2021302101205,2021,302101205,2,9,0,7,7,4,6,0,0,5,0,0,0,0,2,1,2,2,1,24,5,1998,2,12,TOYOTA AURIS,-1,-1,0,-1
2021131041026,2021,131041026,1,9,0,2,2,0,0,0,0,1,0,0,0,0,0,1,1,1,1,30,6,1797,8,7,TOYOTA AURIS,7,E01011642,0,-1
2021471120314,2021,471120314,3,9,0,8,8,3,5,0,0,1,0,0,0,0,0,1,6,6,2,30,6,1998,2,14,TOYOTA AURIS,4,E01016967,0,-1
2021010313099,2021,010313099,1,9,0,2,2,0,0,5,5,0,0,0,0,0,3,1,6,6,3,-1,-1,1798,8,6,TOYOTA AURIS,-1,-1,0,-1
2021201065611,2021,201065611,2,9,0,18,19,8,4,0,0,8,0,0,0,0,3,1,6,6,1,62,9,1329,1,10,TOYOTA AURIS,4,E01009497,0,-1
2021461042783,2021,461042783,2,9,0,18,19,5,1,0,0,0,0,0,0,0,4,1,6,6,1,24,5,1598,1,13,TOYOTA AURIS,3,E01033092,0,-1
2021131098529,2021,131098529,1,9,0,4,4,7,3,0,0,0,0,0,0,0,0,1,1,1,1,48,8,1798,8,4,TOYOTA AURIS,1,E01010838,0,-1
2021010334002,2021,010334002,1,8,0,99,99,9,9,99,99,9,9,99,9,99,1,9,1,1,1,43,7,1798,8,6,TOYOTA AURIS,2,E01000030,0,-1
2021041076434,2021,041076434,1,9,0,18,19,3,7,0,0,6,0,0,0,0,1,1,5,6,2,49,8,1797,8,9,TOYOTA AURIS,5,E01025243,0,-1
2021010313109,2021,010313109,1,8,0,9,9,5,3,0,0,8,0,0,0,0,1,1,1,1,1,64,9,1797,8,6,TOYOTA AURIS,3,E01030400,0,-1
2021070850683,2021,070850683,1,9,0,18,19,5,1,0,0,4,0,0,0,0,1,1,6,6,1,75,10,1598,1,12,TOYOTA AURIS,10,E01018366,0,-1
2021010322979,2021,010322979,1,9,0,18,19,5,1,0,0,8,0,0,0,0,1,1,6,6,1,43,7,1798,8,5,TOYOTA AURIS,3,E01002185,0,-1
2021010303231,2021,010303231,1,9,0,16,19,7,3,0,0,8,0,0,0,0,1,1,1,1,2,28,6,1797,8,7,TOYOTA AURIS,1,E01001155,0,-1
2021201111341,2021,201111341,2,9,0,7,7,7,1,0,0,1,0,0,0,0,2,1,1,1,1,54,8,1598,1,10,TOYOTA AURIS,1,E01010064,0,-1
2021622100134,2021,622100134,1,9,0,18,19,8,4,0,0,0,0,0,0,0,1,1,2,2,1,39,7,1598,1,11,TOYOTA AURIS,10,W01001223,0,-1
2021010333719,2021,010333719,1,9,0,18,19,3,7,0,0,4,0,0,0,0,3,1,6,6,1,39,7,1798,8,4,TOYOTA AURIS,5,E01002622,0,-1
2021041032814,2021,041032814,1,9,0,18,19,3,7,0,0,1,0,0,0,0,1,1,1,1,1,46,8,1798,8,3,TOYOTA AURIS,1,E01012737,0,-1
202131D173021,2021,31D173021,1,9,0,1,1,8,4,0,0,1,0,0,0,0,2,1,1,1,2,61,9,1798,8,3,TOYOTA AURIS,9,E01028332,0,-1
2021131125932,2021,131125932,1,9,0,9,9,1,5,0,0,1,0,0,0,0,1,1,1,1,1,36,7,1798,8,3,TOYOTA AURIS,1,E01010618,0,-1
2021471050907,2021,471050907,1,9,0,6,6,8,4,0,0,0,0,0,0,0,4,1,6,6,1,-1,-1,1364,2,7,TOYOTA AURIS,8,E01021041,0,-1
2021010299581,2021,010299581,1,8,0,18,19,5,1,0,0,1,0,0,0,0,0,1,6,6,1,72,10,1798,8,4,TOYOTA AURIS,3,E01003567,0,-1
2021430421057,2021,430421057,2,9,0,3,3,2,6,0,0,8,0,0,0,0,2,1,6,6,1,25,5,1798,8,3,TOYOTA AURIS,7,E01017593,0,-1
2021010289722,2021,010289722,2,9,0,18,19,3,7,0,0,8,0,0,0,0,1,1,6,6,1,65,9,1798,8,5,TOYOTA AURIS,3,E01000635,0,-1
2021131034845,2021,131034845,2,9,0,5,5,7,3,0,0,0,0,0,3,0,2,1,6,6,1,43,7,1197,1,5,TOYOTA AURIS,2,E01010740,0,-1
2021010321621,2021,010321621,1,9,0,18,19,2,6,0,0,8,0,8,0,0,1,2,6,6,1,63,9,1797,8,6,TOYOTA AURIS,9,E01001028,0,-1
2021201058241,2021,201058241,1,9,0,18,19,2,6,0,0,0,0,0,0,0,4,1,6,6,2,36,7,1398,1,13,TOYOTA AURIS,3,E01010051,0,-1
2021131061015,2021,131061015,2,9,0,17,19,1,5,0,0,0,0,0,0,0,1,1,6,6,1,47,8,1598,1,14,TOYOTA AURIS,1,E01010839,0,-1
2021010330115,2021,010330115,1,9,0,18,19,3,7,0,0,0,0,0,0,0,1,1,3,7,1,29,6,1798,8,3,TOYOTA AURIS,5,E01000636,0,-1
2021010295439,2021,010295439,2,9,0,99,99,9,9,99,99,9,9,99,9,99,1,9,6,6,3,66,10,1598,1,14,TOYOTA AURIS,3,E01003584,0,-1
2021361017967,2021,361017967,1,9,0,18,19,5,1,0,0,1,0,0,0,0,1,1,5,6,2,38,7,1798,8,5,TOYOTA AURIS,3,E01026596,0,-1
2021201177551,2021,201177551,1,9,0,13,13,3,7,0,0,8,0,0,0,0,1,1,6,6,1,24,5,1598,1,12,TOYOTA AURIS,3,E01009242,0,-1
2021131117527,2021,131117527,2,9,0,9,9,3,8,0,0,1,0,0,0,0,1,1,1,1,1,33,6,1798,8,2,TOYOTA AURIS,9,E01011555,0,-1
2021010332059,2021,010332059,2,9,0,18,19,1,5,0,0,8,0,0,0,0,1,1,1,1,1,36,7,1797,8,7,TOYOTA AURIS,3,E01002070,0,-1
2021201132729,2021,201132729,2,9,0,5,5,2,8,0,0,6,0,10,1,11,1,1,6,6,1,37,7,1998,2,13,TOYOTA AURIS,1,E01009491,0,-1
2021461056352,2021,461056352,2,9,0,18,19,7,3,0,0,0,0,0,0,0,1,1,1,1,1,51,8,1798,8,4,TOYOTA AURIS,3,E01016146,0,-1
2021522105281,2021,522105281,1,8,0,18,19,5,1,2,2,8,0,0,0,0,1,1,1,1,1,51,8,1798,8,3,TOYOTA AURIS,1,E01014655,0,-1
2021302102039,2021,302102039,2,8,0,18,19,2,6,0,0,0,0,0,0,0,2,1,1,1,1,39,7,1797,8,8,TOYOTA AURIS,1,E01013568,0,-1
2021451110288,2021,451110288,2,9,0,9,9,1,5,0,0,8,0,0,0,0,1,1,5,6,2,19,4,1364,2,10,TOYOTA AURIS,5,E01030983,0,-1
2021010317746,2021,010317746,2,9,0,99,99,9,9,99,99,9,9,99,9,99,9,9,6,6,3,-1,-1,1797,8,7,TOYOTA AURIS,1,E01004722,0,-1
2021010297910,2021,010297910,1,9,0,5,5,1,5,99,99,9,9,99,9,99,2,1,6,6,1,75,10,1797,8,10,TOYOTA AURIS,8,E01003710,0,-1
2021131043537,2021,131043537,2,9,0,18,19,3,7,0,0,7,0,0,0,0,1,1,1,1,1,46,8,1798,8,3,TOYOTA AURIS,1,E01011363,0,-1
2021991097504,2021,991097504,1,8,0,18,19,8,3,0,0,2,0,0,0,0,1,1,1,1,1,41,7,1364,2,6,TOYOTA AURIS,2,-1,0,-1
2021440334144,2021,440334144,2,9,0,18,19,5,1,0,0,0,0,0,0,0,1,1,6,6,1,35,6,1797,8,6,TOYOTA AURIS,9,E01016682,0,-1
2021201119608,2021,201119608,1,9,0,18,19,1,5,0,0,0,0,0,0,0,3,1,6,6,2,-1,-1,1798,8,4,TOYOTA AURIS,2,E01009225,0,-1
2021211050504,2021,211050504,1,9,0,3,3,1,5,0,0,7,0,0,0,0,1,1,6,6,2,78,11,1329,1,11,TOYOTA AURIS,9,E01029677,0,-1
2021052100368,2021,052100368,1,9,0,9,9,8,5,0,0,8,0,0,0,0,1,1,6,6,2,61,9,1329,1,12,TOYOTA AURIS,5,E01007042,0,-1
20211383M1193,2021,1383M1193,1,8,0,18,19,3,7,0,0,0,0,0,0,0,4,1,1,1,1,41,7,1798,8,6,TOYOTA AURIS,1,E01011349,0,-1
2021201113108,2021,201113108,1,9,0,16,19,4,6,0,0,4,0,0,0,0,3,1,2,2,2,52,8,1598,1,14,TOYOTA AURIS,1,E01010098,0,-1
202134WNC3311,2021,34WNC3311,2,9,0,3,3,2,6,0,0,0,0,0,0,0,2,1,6,6,2,48,8,1364,2,6,TOYOTA AURIS,4,E01023646,0,-1
2021010328039,2021,010328039,2,8,0,5,5,3,7,0,0,1,0,0,0,0,4,1,1,1,1,34,6,1798,8,4,TOYOTA AURIS,4,E01003561,0,-1
2021138331057,2021,138331057,2,8,0,18,19,1,5,0,0,0,0,0,0,0,1,1,6,6,1,58,9,1598,1,8,TOYOTA AURIS,1,E01010996,0,-1
2021061053034,2021,061053034,1,9,0,7,7,3,5,0,0,1,0,0,0,0,1,1,2,2,2,37,7,1329,1,9,TOYOTA AURIS,5,E01032687,0,-1
2021061126966,2021,061126966,3,9,0,18,19,5,1,0,0,0,0,0,0,0,1,1,5,6,1,26,6,1598,1,14,TOYOTA AURIS,1,E01004811,0,-1
2021010316979,2021,010316979,1,9,0,99,99,9,9,99,99,9,9,99,9,99,1,9,6,6,3,-1,-1,1798,8,5,TOYOTA AURIS,-1,-1,0,-1
2021421050909,2021,421050909,1,9,0,18,19,5,1,0,0,0,0,0,0,0,1,1,5,6,2,64,9,1797,8,8,TOYOTA AURIS,2,E01021989,0,-1
2021010346452,2021,010346452,1,9,0,3,3,1,5,0,0,1,0,0,0,0,2,1,6,6,1,37,7,1598,1,12,TOYOTA AURIS,4,E01001459,0,-1
2021061043134,2021,061043134,1,9,0,9,9,5,3,0,0,1,0,0,0,0,1,1,6,6,1,52,8,1798,8,5,TOYOTA AURIS,1,E01005097,0,-1
2021010349529,2021,010349529,1,9,0,99,99,9,9,99,99,0,9,99,9,99,2,9,1,1,1,36,7,1798,8,3,TOYOTA AURIS,2,E01003498,0,-1
2021201136747,2021,201136747,2,9,0,18,19,2,6,0,0,8,0,0,0,0,3,1,6,6,1,50,8,1398,1,12,TOYOTA AURIS,2,E01009391,0,-1
2021041029738,2021,041029738,2,9,0,4,4,5,1,0,0,1,0,0,0,0,2,1,6,6,1,30,6,1197,1,5,TOYOTA AURIS,2,E01012605,0,-1
2021501086174,2021,501086174,2,8,0,18,19,3,7,0,0,0,0,0,0,0,1,1,1,1,1,51,8,1798,8,2,TOYOTA AURIS,3,E01015204,0,-1
2021010347761,2021,010347761,1,9,0,18,19,5,1,0,0,8,0,0,0,0,4,1,6,6,1,88,11,1797,8,8,TOYOTA AURIS,6,E01000232,0,-1
2021131093159,2021,131093159,1,8,0,4,4,1,7,0,0,1,0,0,0,0,1,1,1,1,1,46,8,1798,8,4,TOYOTA AURIS,2,E01010619,0,-1
2021622100700,2021,622100700,1,9,0,5,5,1,3,0,0,4,0,0,0,0,1,1,6,6,1,45,7,1797,8,6,TOYOTA AURIS,3,W01001790,0,-1
2021501132803,2021,501132803,1,9,0,18,19,1,5,0,0,0,0,0,0,0,3,1,6,6,1,31,6,1364,2,12,TOYOTA AURIS,4,E01020032,0,-1
2021010304566,2021,010304566,1,9,0,99,99,9,9,99,99,9,9,99,9,99,2,9,6,6,1,31,6,1797,8,8,TOYOTA AURIS,5,E01002529,0,-1
2021430469861,2021,430469861,1,9,0,18,19,3,7,0,0,8,0,0,0,0,0,1,6,6,1,49,8,1797,8,6,TOYOTA AURIS,3,E01016738,0,-1
2021061117445,2021,061117445,2,9,0,10,10,2,1,0,0,0,0,0,0,0,1,1,2,2,1,36,7,1364,2,12,TOYOTA AURIS,5,E01005648,0,-1
2021010294072,2021,010294072,3,9,0,18,19,7,3,0,0,0,0,4,0,0,1,1,6,6,1,51,8,1797,8,8,TOYOTA AURIS,8,E01026490,0,-1
2021131093634,2021,131093634,1,9,0,18,19,5,1,0,0,0,0,0,0,0,1,1,5,6,1,56,9,1797,8,9,TOYOTA AURIS,2,E01004828,0,-1
2021010324488,2021,010324488,1,9,0,18,19,2,6,0,0,1,0,4,0,0,1,1,6,6,1,48,8,1797,8,9,TOYOTA AURIS,4,E01002211,0,-1
2021010342371,2021,010342371,3,9,0,18,19,3,7,0,0,2,0,0,0,0,2,1,1,1,1,41,7,1798,8,3,TOYOTA AURIS,2,E01003607,0,-1
2021061104342,2021,061104342,2,9,0,3,3,5,1,0,0,0,0,0,0,0,2,1,6,6,1,43,7,1998,2,12,TOYOTA AURIS,4,E01005688,0,-1
2021061127920,2021,061127920,2,8,0,18,19,3,7,0,0,1,0,0,0,0,1,1,1,1,1,37,7,1797,8,6,TOYOTA AURIS,1,E01005201,0,-1
2021440489894,2021,440489894,2,9,0,18,19,1,5,0,0,0,0,0,0,0,1,1,6,6,1,42,7,1798,8,3,TOYOTA AURIS,1,E01017250,0,-1
2021131103922,2021,131103922,1,8,0,18,19,7,3,0,0,2,0,0,0,0,4,2,1,1,1,48,8,1797,8,7,TOYOTA AURIS,1,E01010622,0,-1
2021201053776,2021,201053776,1,9,0,18,19,3,7,0,0,8,0,0,0,0,1,1,6,6,1,-1,-1,1329,1,12,TOYOTA AURIS,-1,-1,0,-1
2021131121871,2021,131121871,1,9,0,18,19,1,5,0,0,0,0,0,0,0,4,1,6,6,3,-1,-1,1329,1,7,TOYOTA AURIS,-1,-1,0,-1
2021131126542,2021,131126542,2,9,0,9,9,7,3,0,0,5,0,0,0,0,3,1,1,1,1,29,6,1598,1,11,TOYOTA AURIS,1,E01011340,0,-1
2021401045246,2021,401045246,2,9,0,2,2,0,0,9,9,0,0,4,0,0,2,1,5,6,1,46,8,1598,1,14,TOYOTA AURIS,4,E01015782,0,-1
2021131116511,2021,131116511,2,9,0,2,2,0,0,0,0,0,0,0,0,0,3,2,6,6,3,-1,-1,1364,2,13,TOYOTA AURIS,-1,-1,0,-1
2021991050075,2021,991050075,1,9,0,11,11,6,2,0,0,0,1,0,1,7,4,1,5,6,2,31,6,1364,2,13,TOYOTA AURIS,1,-1,0,-1
2021430331419,2021,430331419,1,9,0,18,19,3,7,0,0,0,5,0,1,0,0,1,6,6,1,26,6,1598,1,13,TOYOTA AURIS,6,E01003755,0,-1
2021501049115,2021,501049115,2,9,0,17,19,5,2,0,0,8,0,0,0,0,1,1,5,6,1,52,8,1797,8,10,TOYOTA AURIS,6,E01020056,0,-1
2021010290972,2021,010290972,2,9,0,7,7,3,5,0,0,8,0,0,0,0,1,1,1,1,1,28,6,1798,8,4,TOYOTA AURIS,4,E01001174,0,-1
2021221062562,2021,221062562,3,8,0,18,19,8,4,0,0,8,0,0,0,0,4,1,1,1,1,44,7,1797,8,10,TOYOTA AURIS,2,E01009340,0,-1
2021451082217,2021,451082217,2,9,0,18,19,1,5,0,0,0,0,0,0,0,3,1,1,1,1,53,8,1797,8,8,TOYOTA AURIS,10,E01023926,0,-1
2021052100283,2021,052100283,1,9,0,18,19,2,6,0,0,8,0,0,0,0,4,1,2,2,1,32,6,1798,8,5,TOYOTA AURIS,1,E01006720,0,-1
2021302101868,2021,302101868,1,9,0,18,19,5,1,0,0,0,0,0,0,0,1,1,6,6,1,61,9,1798,8,6,TOYOTA AURIS,-1,-1,0,-1
2021131114025,2021,131114025,2,9,0,3,3,1,5,0,0,7,0,0,0,0,2,1,6,6,2,34,6,1598,1,8,TOYOTA AURIS,7,E01011161,0,-1
2021010324983,2021,010324983,1,9,0,9,9,3,1,0,0,8,0,0,0,0,1,1,6,6,2,22,5,1598,1,13,TOYOTA AURIS,-1,-1,0,-1
2021010317897,2021,010317897,1,8,0,4,4,7,3,0,0,1,0,0,0,0,4,1,1,1,1,37,7,1797,8,8,TOYOTA AURIS,7,E01004500,0,-1
2021010349764,2021,010349764,1,9,0,18,19,1,5,0,0,2,0,0,0,0,1,1,1,1,1,65,9,1797,8,7,TOYOTA AURIS,8,E01000989,0,-1
2021501121269,2021,501121269,1,9,0,9,9,3,1,0,0,1,1,0,0,0,1,1,6,6,1,57,9,1598,1,13,TOYOTA AURIS,2,E01015171,0,-1
2021411033814,2021,411033814,1,9,0,11,11,5,1,0,0,0,1,0,5,0,3,1,6,6,1,40,7,1798,8,6,TOYOTA AURIS,2,E01015807,0,-1
2021201090127,2021,201090127,2,9,0,18,19,8,4,0,0,0,0,8,0,0,3,1,6,6,1,59,9,1797,8,9,TOYOTA AURIS,2,E01009101,0,-1
2021010320471,2021,010320471,2,9,9,99,99,9,9,99,99,0,9,99,9,99,9,9,6,6,1,-1,-1,1798,8,3,TOYOTA AURIS,3,E01004331,0,-1
2021010342646,2021,010342646,3,9,0,2,2,0,0,0,0,0,0,0,0,0,0,1,6,6,3,-1,-1,1798,8,6,TOYOTA AURIS,-1,-1,0,-1
2021131086908,2021,131086908,1,9,0,9,9,7,5,0,0,8,0,0,0,0,4,1,1,1,1,47,8,1797,8,7,TOYOTA AURIS,2,E01010837,0,-1
2021010323278,2021,010323278,1,9,0,18,19,7,3,0,0,4,0,0,0,0,1,1,1,1,1,41,7,1797,8,7,TOYOTA AURIS,1,E01004456,0,-1
2021138330448,2021,138330448,2,9,0,2,2,0,0,0,0,0,0,0,0,0,0,1,6,6,1,46,8,1798,8,4,TOYOTA AURIS,4,E01010602,0,-1
2021010287405,2021,010287405,3,9,0,2,2,0,0,0,0,0,0,0,0,0,4,1,6,6,3,-1,-1,1797,8,10,TOYOTA AURIS,-1,-1,0,-1
2021131095216,2021,131095216,2,9,0,4,4,8,4,0,0,8,0,0,0,0,1,1,1,1,1,61,9,1798,8,3,TOYOTA AURIS,3,E01010630,0,-1
2021552101382,2021,552101382,1,9,0,18,19,1,5,0,0,0,0,0,0,0,3,1,6,6,2,66,10,1398,1,14,TOYOTA AURIS,6,E01015349,0,-1
2021501115214,2021,501115214,1,9,0,16,19,5,1,0,0,0,0,0,1,0,1,1,6,6,1,48,8,1598,1,14,TOYOTA AURIS,5,E01029173,0,-1
2021320350977,2021,320350977,2,8,0,18,19,6,2,0,0,8,0,0,0,0,1,1,2,2,1,43,7,1798,8,4,TOYOTA AURIS,5,E01026327,0,-1
2021010339442,2021,010339442,1,9,0,4,4,5,1,0,0,1,0,0,0,0,1,1,6,6,1,25,5,1329,1,9,TOYOTA AURIS,9,E01016086,0,-1
2021991047985,2021,991047985,1,9,0,5,5,7,3,0,0,1,0,0,3,0,1,1,1,1,1,32,6,1798,8,4,TOYOTA AURIS,1,-1,0,-1
2021141099520,2021,141099520,1,9,0,9,9,6,4,0,0,8,0,0,0,0,1,1,2,2,1,60,9,1598,1,10,TOYOTA AURIS,3,E01007569,0,-1
2021201132952,2021,201132952,3,9,0,3,3,5,1,0,0,2,0,0,0,0,2,1,6,6,1,39,7,1798,8,4,TOYOTA AURIS,1,E01009410,0,-1
2021010293414,2021,010293414,2,9,0,99,99,9,9,99,99,6,9,99,9,99,1,9,6,6,3,-1,-1,1797,8,7,TOYOTA AURIS,2,E01033485,0,-1
2021430351685,2021,430351685,1,9,0,9,9,2,8,0,0,8,0,0,0,0,1,1,6,6,2,51,8,1798,8,4,TOYOTA AURIS,2,E01015760,0,-1
2021061110679,2021,061110679,2,9,0,9,9,4,2,0,0,8,0,0,0,0,1,1,6,6,3,30,6,1798,8,5,TOYOTA AURIS,-1,-1,0,-1
2021131124102,2021,131124102,1,9,0,13,13,3,7,0,0,8,0,0,0,0,1,1,5,6,1,21,5,1797,8,6,TOYOTA AURIS,1,E01010803,0,-1
2021010298812,2021,010298812,2,9,9,18,19,9,9,0,0,1,0,0,0,0,1,9,6,6,1,39,7,1798,8,5,TOYOTA AURIS,4,E01001953,0,-1
2021622100268,2021,622100268,1,9,0,9,9,3,1,0,0,8,0,0,0,0,1,1,6,6,1,46,8,1598,1,13,TOYOTA AURIS,6,W01001712,0,-1
2021101041287,2021,101041287,2,9,0,18,19,5,8,0,0,8,0,0,0,0,3,1,6,6,1,52,8,1598,1,13,TOYOTA AURIS,8,E01008507,0,-1
2021131109587,2021,131109587,1,9,0,18,19,3,7,0,0,8,0,0,0,0,3,1,6,6,1,47,8,1797,8,7,TOYOTA AURIS,4,E01011909,0,-1
2021552100533,2021,552100533,1,9,0,9,9,1,7,0,0,8,0,0,0,0,4,1,1,1,1,49,8,1798,8,5,TOYOTA AURIS,8,E01015378,0,-1
2021451032664,2021,451032664,2,9,0,18,19,6,2,0,0,0,0,0,0,0,1,1,5,6,2,48,8,1797,8,6,TOYOTA AURIS,10,E01030919,0,-1
2021122100948,2021,122100948,1,9,0,9,9,8,6,0,0,8,0,0,0,0,3,1,6,6,1,65,9,1797,8,6,TOYOTA AURIS,7,E01027799,0,-1
2021141026018,2021,141026018,1,9,0,18,19,4,8,0,0,0,0,0,0,0,3,1,6,6,1,39,7,1798,8,4,TOYOTA AURIS,1,E01007715,0,-1
2021010315382,2021,010315382,2,9,0,9,9,3,1,0,0,6,1,0,0,0,1,1,1,1,1,53,8,1797,8,7,TOYOTA AURIS,1,E01004469,0,-1
2021061137856,2021,061137856,1,9,0,3,3,7,3,0,0,8,0,0,0,0,3,1,2,2,1,41,7,1798,8,4,TOYOTA AURIS,5,E01018418,0,-1
2021010300459,2021,010300459,2,9,0,99,99,9,9,99,99,9,9,99,9,99,1,9,6,6,3,34,6,1797,8,7,TOYOTA AURIS,1,E01004722,0,-1
2021010315964,2021,010315964,1,9,0,9,9,1,7,0,0,8,0,0,0,0,1,1,6,6,1,53,8,1798,8,3,TOYOTA AURIS,3,E01000372,0,-1
2021131089739,2021,131089739,1,9,0,9,9,5,1,0,0,1,0,0,0,0,1,1,5,6,1,27,6,1398,1,13,TOYOTA AURIS,1,E01010623,0,-1
20211381I1637,2021,1381I1637,2,9,0,18,19,6,2,0,0,7,0,0,0,0,4,1,1,1,1,50,8,1797,8,6,TOYOTA AURIS,3,E01010836,0,-1
2021131090243,2021,131090243,2,9,0,18,19,2,7,0,0,1,0,0,0,0,4,1,5,6,1,64,9,1798,8,5,TOYOTA AURIS,2,E01011167,0,-1
202131C037721,2021,31C037721,1,8,0,6,6,8,8,0,0,0,0,0,0,0,1,1,1,1,1,32,6,1797,8,6,TOYOTA AURIS,5,E01013914,0,-1
2021522101225,2021,522101225,1,9,0,9,9,6,4,0,0,8,0,0,0,0,1,2,6,6,2,57,9,1798,8,5,TOYOTA AURIS,6,E01032078,0,-1
2021061045050,2021,061045050,1,8,0,6,6,8,8,0,0,2,0,0,0,0,3,1,1,1,1,34,6,1797,8,8,TOYOTA AURIS,7,E01005847,0,-1
2021461075538,2021,461075538,1,9,0,4,4,7,3,0,0,0,0,0,0,0,1,1,1,1,2,33,6,1364,2,9,TOYOTA AURIS,1,E01024611,0,-1
2021131108216,2021,131108216,2,8,0,18,19,3,3,0,0,8,0,0,0,0,1,1,1,1,1,50,8,1798,8,4,TOYOTA AURIS,2,E01011913,0,-1
2021401097856,2021,401097856,1,9,0,18,19,7,4,0,0,1,1,0,0,0,1,1,2,2,1,40,7,1598,1,7,TOYOTA AURIS,5,E01015700,0,-1
2021010319086,2021,010319086,1,9,0,17,19,5,1,0,0,2,0,0,0,0,1,1,1,1,1,37,7,1798,8,3,TOYOTA AURIS,6,E01033582,0,-1
2021041055319,2021,041055319,4,9,0,18,19,7,3,0,0,0,0,0,0,0,2,1,5,6,2,22,5,1598,1,8,TOYOTA AURIS,2,E01004847,0,-1
2021041098399,2021,041098399,1,9,0,9,9,3,1,0,0,2,0,0,7,1,1,1,1,1,1,49,8,1798,8,5,TOYOTA AURIS,5,E01025604,0,-1
2021131091543,2021,131091543,1,8,0,4,4,6,6,0,0,8,0,0,0,0,4,1,1,1,1,45,7,1797,8,8,TOYOTA AURIS,2,E01011470,0,-1
2021991013790,2021,991013790,2,9,0,18,19,7,3,0,0,2,0,0,0,0,3,1,5,6,2,58,9,1598,2,5,TOYOTA AURIS,10,-1,0,-1
2021201095853,2021,201095853,1,9,0,18,19,6,2,0,0,0,0,0,0,0,1,1,6,6,1,41,7,1598,1,14,TOYOTA AURIS,6,E01009126,0,-1
2021430416384,2021,430416384,1,9,0,9,9,5,3,0,0,8,0,0,0,0,3,1,2,2,1,45,7,1598,1,8,TOYOTA AURIS,6,E01016832,0,-1
2021010298339,2021,010298339,2,9,0,18,19,3,7,0,0,2,0,0,0,0,2,1,6,6,2,38,7,1797,8,9,TOYOTA AURIS,3,E01003728,0,-1
2021010312005,2021,010312005,1,9,0,9,9,3,8,0,0,1,0,0,0,0,4,1,1,1,1,49,8,1798,8,4,TOYOTA AURIS,2,E01004296,0,-1
2021041014600,2021,041014600,1,9,0,9,9,5,3,0,0,1,0,0,0,0,1,1,1,1,1,47,8,1798,8,5,TOYOTA AURIS,2,E01012746,0,-1
2021010309898,2021,010309898,2,9,0,7,7,7,2,0,0,1,0,0,0,0,4,1,2,2,1,26,6,1798,8,5,TOYOTA AURIS,1,E01001431,0,-1
202131C195821,2021,31C195821,3,9,0,3,3,5,1,0,0,1,0,0,0,0,3,1,6,6,2,22,5,1797,8,10,TOYOTA AURIS,3,E01013932,0,-1
2021010344669,2021,010344669,1,9,0,1,1,1,5,0,0,1,0,0,0,0,2,1,1,1,1,57,9,1798,8,5,TOYOTA AURIS,10,E01002460,0,-1
2021010315412,2021,010315412,1,9,9,99,99,9,9,99,99,4,0,0,9,99,3,9,6,6,3,35,6,1797,8,7,TOYOTA AURIS,2,E01000904,0,-1
2021010297331,2021,010297331,2,9,0,18,19,7,3,0,0,8,0,0,0,0,1,1,6,6,1,35,6,1797,8,10,TOYOTA AURIS,5,E01000847,0,-1
2021351074287,2021,351074287,2,9,0,7,7,2,6,0,0,0,0,0,0,0,4,1,2,2,1,47,8,1798,8,5,TOYOTA AURIS,5,E01017997,0,-1
2021131075570,2021,131075570,2,9,0,18,19,1,5,0,0,0,0,0,0,0,1,1,1,1,1,35,6,1797,8,8,TOYOTA AURIS,4,E01010669,0,-1
2021010321201,2021,010321201,1,8,0,11,11,5,1,0,0,1,0,0,0,0,2,1,1,1,1,57,9,1798,8,5,TOYOTA AURIS,1,E01003070,0,-1
2021430396947,2021,430396947,1,9,0,18,19,4,8,0,0,3,0,0,0,0,4,1,6,6,1,67,10,1798,8,3,TOYOTA AURIS,5,E01028505,0,-1
2021471050186,2021,471050186,1,9,0,9,9,7,5,0,0,8,0,0,4,1,3,1,6,6,2,75,10,1797,8,6,TOYOTA AURIS,10,E01031380,0,-1
2021061114832,2021,061114832,1,9,0,18,19,4,8,0,0,0,0,0,0,0,4,1,6,6,2,74,10,1598,1,11,TOYOTA AURIS,9,E01018644,0,-1
2021041081219,2021,041081219,1,9,0,9,9,2,2,0,0,2,0,0,0,0,1,1,1,1,1,53,8,1798,8,4,TOYOTA AURIS,1,E01012738,0,-1
2021010294851,2021,010294851,1,9,0,99,99,9,9,99,99,9,9,99,9,99,2,9,2,2,1,52,8,1197,1,6,TOYOTA AURIS,6,E01001665,0,-1
2021401047718,2021,401047718,2,9,-1,18,19,1,5,0,0,1,0,0,0,0,2,1,2,2,2,30,6,1197,1,3,TOYOTA AURIS,10,E01017406,0,-1
2021131119999,2021,131119999,1,9,0,18,19,7,3,0,0,8,0,0,0,0,3,1,5,6,1,54,8,1797,8,7,TOYOTA AURIS,1,E01011432,0,-1