collision_index,collision_year,collision_ref_no,vehicle_reference,vehicle_type,towing_and_articulation,vehicle_manoeuvre_historic,vehicle_manoeuvre,vehicle_direction_from,vehicle_direction_to,vehicle_location_restricted_lane_historic,vehicle_location_restricted_lane,junction_location,skidding_and_overturning,hit_object_in_carriageway,vehicle_leaving_carriageway,hit_object_off_carriageway,first_point_of_impact,vehicle_left_hand_drive,journey_purpose_of_driver_historic,journey_purpose_of_driver,sex_of_driver,age_of_driver,age_band_of_driver,engine_capacity_cc,propulsion_code,age_of_vehicle,generic_make_model,driver_imd_decile,lsoa_of_driver,escooter_flag,driver_distance_banding
2021010330417,2021,010330417,1,8,0,99,99,9,9,99,99,9,9,99,9,99,2,9,1,1,1,34,6,1797,8,7,TOYOTA AURIS,10,E01002146,0,-1
2021131114111,2021,131114111,1,9,0,9,9,5,1,0,0,8,0,0,0,0,1,1,2,2,1,54,8,1797,8,10,TOYOTA AURIS,1,E01010608,0,-1
2021010313502,2021,010313502,1,9,0,99,99,9,9,99,99,9,9,99,9,99,4,9,6,6,1,23,5,1598,1,13,TOYOTA AURIS,7,E01000983,0,-1
2021430529491,2021,430529491,3,9,0,2,2,0,0,0,0,0,0,0,0,0,2,1,6,6,2,-1,-1,1798,8,6,TOYOTA AURIS,6,E01016385,0,-1
2021061063019,2021,061063019,1,9,0,18,19,4,8,0,0,8,0,0,0,0,3,1,1,1,1,49,8,1797,8,10,TOYOTA AURIS,1,E01005024,0,-1
2021010319753,2021,010319753,1,9,0,99,99,9,9,99,99,9,9,99,9,99,9,9,6,6,1,29,6,1797,8,7,TOYOTA AURIS,3,E01004630,0,-1
2021061082056,2021,061082056,1,8,0,5,5,3,6,0,0,2,0,7,0,0,1,1,1,1,1,33,6,1797,8,7,TOYOTA AURIS,1,E01005586,0,-1
2021131111541,2021,131111541,1,9,0,-1,-1,-1,-1,-1,-1,-1,-1,-1,-1,-1,-1,1,6,6,3,-1,-1,1598,1,14,TOYOTA AURIS,-1,-1,0,-1
2021010299246,2021,010299246,1,9,0,7,7,5,6,0,0,2,0,0,0,0,2,1,6,6,1,31,6,1598,1,11,TOYOTA AURIS,9,E01004095,0,-1
2021201096298,2021,201096298,2,9,0,3,3,6,2,0,0,1,0,0,0,0,2,1,6,6,2,26,6,1598,1,12,TOYOTA AURIS,1,E01009019,0,-1
2021440261568,2021,440261568,1,9,0,18,19,2,6,0,0,4,0,0,0,0,3,1,1,1,1,49,8,1798,8,5,TOYOTA AURIS,6,E01022669,0,-1
2021141057009,2021,141057009,1,9,0,18,19,1,5,0,0,8,1,0,0,0,3,1,1,1,1,42,7,1798,8,3,TOYOTA AURIS,5,E01008042,0,-1
2021041026693,2021,041026693,2,9,0,18,19,5,6,0,0,4,0,0,0,0,1,1,1,1,1,55,8,1798,8,5,TOYOTA AURIS,6,E01012667,0,-1
2021201133793,2021,201133793,1,8,0,18,19,6,2,0,0,1,0,0,0,0,1,1,1,1,1,-1,-1,1797,8,7,TOYOTA AURIS,3,E01009095,0,-1
2021070792648,2021,070792648,2,9,0,7,7,3,5,0,0,1,5,0,0,0,3,1,6,6,2,46,8,2231,2,12,TOYOTA AURIS,7,E01014202,0,-1
2021440487223,2021,440487223,2,9,0,13,13,6,2,0,0,0,0,0,0,0,3,1,1,1,1,43,7,1798,8,3,TOYOTA AURIS,5,E01017025,0,-1
2021010293276,2021,010293276,2,9,0,99,99,9,9,99,99,9,9,99,9,99,9,9,6,6,1,-1,-1,1797,8,8,TOYOTA AURIS,2,E01000907,0,-1
2021010318197,2021,010318197,2,9,0,99,99,9,9,99,99,0,9,99,9,99,1,9,6,6,3,-1,-1,1798,8,3,TOYOTA AURIS,-1,-1,0,-1
2021201046441,2021,201046441,1,9,0,18,19,6,2,0,0,0,0,0,0,0,1,1,1,1,1,36,7,1798,8,5,TOYOTA AURIS,1,E01009479,0,-1
2021501056278,2021,501056278,2,9,0,9,9,5,3,0,0,8,0,0,0,0,1,1,6,6,2,61,9,1797,8,10,TOYOTA AURIS,4,E01015269,0,-1
2021010346088,2021,010346088,1,9,0,99,99,9,9,0,0,6,0,0,0,0,2,1,6,6,2,53,8,1598,1,9,TOYOTA AURIS,3,E01002557,0,-1
2021201098520,2021,201098520,1,8,0,9,9,1,6,0,0,5,0,0,0,0,1,1,6,6,1,-1,-1,1798,8,5,TOYOTA AURIS,2,E01009014,0,-1
2021302100839,2021,302100839,2,9,0,4,4,2,6,0,0,8,0,0,0,0,2,1,6,6,1,37,7,1598,1,12,TOYOTA AURIS,2,E01013569,0,-1
2021061043439,2021,061043439,1,9,0,18,19,3,7,0,0,0,0,0,0,0,1,1,1,1,3,30,6,1798,8,5,TOYOTA AURIS,1,E01005186,0,-1
2021101110625,2021,101110625,2,8,0,18,19,1,5,0,0,0,0,0,0,0,1,1,1,1,1,33,6,1798,8,3,TOYOTA AURIS,2,E01027393,0,-1
2021111106128,2021,111106128,2,9,0,9,9,8,3,0,0,0,0,0,0,0,2,1,5,6,1,59,9,1797,8,10,TOYOTA AURIS,9,E01030142,0,-1
202134WNC6141,2021,34WNC6141,3,9,0,10,10,8,4,0,0,1,0,0,0,0,2,1,6,6,1,36,7,1598,1,13,TOYOTA AURIS,3,E01027224,0,-1
2021461103344,2021,461103344,1,8,0,3,3,3,7,0,0,0,0,0,0,0,1,1,6,6,1,32,6,1797,8,6,TOYOTA AURIS,3,E01016045,0,-1
2021131098650,2021,131098650,1,9,0,7,7,4,2,0,0,8,0,0,0,0,1,1,1,1,1,46,8,1798,8,4,TOYOTA AURIS,5,E01011031,0,-1
20211382P1443,2021,1382P1443,1,8,0,9,9,5,3,0,0,0,0,0,0,0,3,1,1,1,1,-1,-1,1798,8,6,TOYOTA AURIS,-1,-1,0,-1
2021520104797,2021,520104797,1,9,0,17,19,4,2,0,0,0,5,0,1,0,1,1,6,6,1,56,9,1598,1,9,TOYOTA AURIS,6,E01029064,0,-1
2021010295031,2021,010295031,1,9,0,99,99,9,9,99,99,0,9,99,9,99,2,9,6,6,1,30,6,1798,8,4,TOYOTA AURIS,3,E01003618,0,-1
2021010346889,2021,010346889,1,9,0,3,3,1,5,0,0,2,0,0,0,0,2,1,6,6,1,48,8,1798,8,4,TOYOTA AURIS,3,E01002627,0,-1
2021010290484,2021,010290484,1,9,0,18,19,4,8,9,9,4,0,0,3,10,1,1,2,2,2,36,7,1798,8,4,TOYOTA AURIS,2,E01001692,0,-1
2021010338947,2021,010338947,1,9,0,9,9,4,2,0,0,1,0,0,0,0,3,1,6,6,2,52,8,1797,8,6,TOYOTA AURIS,2,E01000523,0,-1
2021010336728,2021,010336728,1,8,0,99,99,9,9,99,99,9,9,99,9,99,9,9,1,1,1,44,7,1798,8,5,TOYOTA AURIS,5,E01016233,0,-1
2021411118127,2021,411118127,1,9,0,5,5,0,1,6,6,0,0,0,0,0,0,1,6,6,1,-1,-1,1798,8,6,TOYOTA AURIS,5,E01015763,0,-1
2021010342028,2021,010342028,1,9,0,2,2,0,0,0,0,0,0,0,0,0,4,1,6,6,1,45,7,1797,8,6,TOYOTA AURIS,-1,-1,0,-1
2021061041622,2021,061041622,1,9,0,18,19,6,2,0,0,1,0,0,0,0,1,1,5,6,1,48,8,1797,8,6,TOYOTA AURIS,4,E01005341,0,-1
2021451087097,2021,451087097,1,9,0,18,19,7,3,0,0,1,0,0,0,0,3,1,2,2,2,30,6,1598,1,14,TOYOTA AURIS,8,E01030440,0,-1
2021451106624,2021,451106624,1,9,0,18,19,3,6,0,0,0,0,0,0,0,1,1,2,2,1,41,7,1797,8,7,TOYOTA AURIS,6,E01030600,0,-1
2021010305981,2021,010305981,2,9,0,18,19,8,4,0,0,1,0,0,0,0,1,1,6,6,2,24,5,1197,1,5,TOYOTA AURIS,5,E01000662,0,-1
2021522103583,2021,522103583,2,9,0,18,19,7,3,0,0,8,0,0,0,0,1,1,6,6,1,32,6,1798,8,4,TOYOTA AURIS,2,E01014636,0,-1
2021221139849,2021,221139849,1,9,0,16,19,4,8,0,0,0,0,0,2,4,4,1,5,6,1,62,9,1598,1,13,TOYOTA AURIS,7,E01014037,0,-1
2021522104584,2021,522104584,2,8,0,6,6,9,9,0,0,0,0,0,0,0,1,1,6,6,1,52,8,1798,8,4,TOYOTA AURIS,4,E01014924,0,-1
2021010318863,2021,010318863,1,8,0,9,9,8,5,0,0,5,0,0,0,0,2,1,1,1,1,57,9,1798,8,4,TOYOTA AURIS,3,E01001836,0,-1
2021010337390,2021,010337390,1,9,9,99,99,9,9,99,99,9,9,99,9,99,9,9,6,6,1,57,9,1798,8,4,TOYOTA AURIS,-1,-1,0,-1
2021421022656,2021,421022656,1,9,0,18,19,5,1,0,0,8,0,0,0,0,1,1,6,6,1,25,5,1598,1,14,TOYOTA AURIS,-1,-1,0,-1
2021361067537,2021,361067537,1,9,0,18,19,4,8,0,0,0,1,0,0,0,1,1,6,6,1,78,11,1598,1,13,TOYOTA AURIS,4,E01026589,0,-1
2021010340119,2021,010340119,1,9,0,18,19,5,1,0,0,1,0,0,0,0,1,1,6,6,1,52,8,1798,8,5,TOYOTA AURIS,5,E01002629,0,-1
2021010330180,2021,010330180,1,9,0,4,4,3,7,0,0,8,0,0,0,0,1,1,3,7,2,39,7,1798,8,5,TOYOTA AURIS,4,E01001435,0,-1
2021061070085,2021,061070085,1,9,0,18,19,2,6,0,0,0,0,0,0,0,1,1,6,6,1,30,6,1797,8,7,TOYOTA AURIS,1,E01005467,0,-1
2021141072404,2021,141072404,1,9,0,18,19,1,1,0,0,2,0,0,0,0,1,1,1,1,1,39,7,1797,8,7,TOYOTA AURIS,6,E01007908,0,-1
2021131124322,2021,131124322,2,9,0,9,9,1,7,0,0,6,0,0,0,0,3,1,1,1,1,62,9,1797,8,8,TOYOTA AURIS,3,E01033542,0,-1
2021131112472,2021,131112472,2,9,0,2,2,0,0,0,0,0,0,0,0,0,3,1,1,1,1,24,5,1798,8,5,TOYOTA AURIS,1,E01011357,0,-1
2021010349899,2021,010349899,1,9,0,5,5,5,1,0,0,8,0,0,0,0,3,1,2,2,1,44,7,1798,8,5,TOYOTA AURIS,6,E01000914,0,-1
2021122100141,2021,122100141,1,8,0,17,19,5,1,0,0,0,2,0,2,11,4,1,1,1,1,27,6,1798,8,6,TOYOTA AURIS,1,E01010712,0,-1
20211381A1392,2021,1381A1392,2,8,0,9,9,5,3,0,0,0,0,0,7,0,3,1,1,1,1,54,8,1798,8,2,TOYOTA AURIS,7,E01011506,0,-1
2021010333242,2021,010333242,2,9,0,99,99,9,9,99,99,0,9,99,9,99,2,9,6,6,1,45,7,1598,1,7,TOYOTA AURIS,3,E01003627,0,-1
2021010341270,2021,010341270,1,9,0,4,4,1,5,0,0,1,0,0,0,0,2,1,6,6,3,-1,-1,1598,1,8,TOYOTA AURIS,-1,-1,0,-1
2021061053353,2021,061053353,1,9,0,3,3,1,5,0,0,1,0,0,0,0,1,1,6,6,1,58,9,1364,2,6,TOYOTA AURIS,1,E01005234,0,-1
2021451034094,2021,451034094,2,9,0,18,19,2,6,0,0,1,0,0,0,0,2,1,6,6,2,41,7,1598,1,6,TOYOTA AURIS,4,E01016011,0,-1
202131C024521,2021,31C024521,2,9,0,6,6,8,8,0,0,8,0,0,0,0,3,1,1,1,1,36,7,1197,1,6,TOYOTA AURIS,1,E01013861,0,-1
2021131106096,2021,131106096,1,9,0,18,19,6,6,0,0,1,0,0,0,0,0,1,6,6,1,36,7,1329,1,12,TOYOTA AURIS,2,E01010621,0,-1
2021010348702,2021,010348702,2,9,0,99,99,9,9,99,99,9,9,99,9,99,9,9,6,6,3,-1,-1,1798,8,5,TOYOTA AURIS,-1,-1,0,-1
2021991110225,2021,991110225,1,9,0,1,1,2,6,0,0,2,0,0,0,0,2,1,5,6,2,35,6,1797,8,7,TOYOTA AURIS,5,-1,0,-1
2021131042682,2021,131042682,2,9,0,5,5,7,3,0,0,0,0,0,0,0,1,1,1,1,1,45,7,1797,8,7,TOYOTA AURIS,1,E01010842,0,-1
2021041018161,2021,041018161,2,9,0,18,19,7,3,0,0,0,0,0,1,7,3,1,6,6,1,52,8,1598,1,13,TOYOTA AURIS,1,E01025224,0,-1
2021302102060,2021,302102060,1,9,0,18,19,6,2,0,0,2,2,0,7,4,1,1,6,6,1,22,5,1998,2,13,TOYOTA AURIS,4,E01013459,0,-1
2021061146994,2021,061146994,2,9,0,18,19,5,1,0,0,8,0,0,0,0,2,1,1,1,1,51,8,1798,8,4,TOYOTA AURIS,4,E01005296,0,-1
2021302100250,2021,302100250,1,9,0,7,7,0,0,0,0,6,0,0,0,0,3,1,6,6,1,39,7,1797,8,11,TOYOTA AURIS,5,E01013545,0,-1
2021010306136,2021,010306136,2,9,9,99,99,9,9,0,0,9,0,99,0,0,9,9,6,6,3,-1,-1,1798,8,3,TOYOTA AURIS,3,E01003280,0,-1
2021471100226,2021,471100226,1,9,0,4,4,3,7,0,0,0,0,0,0,0,1,1,6,6,2,46,8,1598,1,14,TOYOTA AURIS,1,E01016964,0,-1
2021991016573,2021,991016573,1,9,0,7,7,3,5,0,0,6,0,0,0,0,4,1,6,6,1,34,6,1598,2,4,TOYOTA AURIS,3,-1,0,-1
2021122101243,2021,122101243,1,9,0,5,5,3,7,0,0,1,0,0,1,11,1,1,6,6,1,93,11,1797,8,8,TOYOTA AURIS,10,E01013378,0,-1
2021522200749,2021,522200749,1,9,0,18,19,5,7,0,0,8,0,0,0,0,1,1,6,6,2,27,6,1598,1,12,TOYOTA AURIS,1,E01015255,0,-1
2021010306964,2021,010306964,1,9,0,7,7,4,6,0,0,5,0,0,0,0,3,1,6,6,1,24,5,1797,8,7,TOYOTA AURIS,2,E01032772,0,-1
2021010324393,2021,010324393,2,9,9,7,7,3,5,0,0,7,0,0,0,0,9,9,6,6,3,-1,-1,1798,8,5,TOYOTA AURIS,-1,-1,0,-1
2021131124306,2021,131124306,1,9,0,9,9,3,1,0,0,1,0,0,0,0,1,1,1,1,1,56,9,1797,8,8,TOYOTA AURIS,1,E01011624,0,-1
2021010296451,2021,010296451,2,9,0,5,5,5,1,0,0,6,0,0,0,0,3,1,6,6,1,34,6,1798,8,6,TOYOTA AURIS,1,E01032512,0,-1
2021061116090,2021,061116090,1,9,0,18,19,6,2,0,0,0,0,0,0,0,2,1,6,6,1,35,6,1797,8,11,TOYOTA AURIS,9,E01004770,0,-1
2021061119950,2021,061119950,1,9,0,18,19,7,3,0,0,8,0,0,0,0,1,1,6,6,2,37,7,1798,8,5,TOYOTA AURIS,1,E01004996,0,-1
2021010350539,2021,010350539,2,9,0,11,11,4,8,0,0,8,0,0,0,0,1,1,6,6,2,65,9,1598,1,10,TOYOTA AURIS,4,E01001087,0,-1
2021351125367,2021,351125367,3,9,0,18,19,4,8,0,0,0,0,0,0,0,2,1,6,6,1,67,10,1797,8,7,TOYOTA AURIS,10,E01018285,0,-1
2021351104760,2021,351104760,1,8,0,2,2,0,0,4,4,0,0,0,0,0,3,1,1,1,3,-1,-1,1798,8,5,TOYOTA AURIS,-1,-1,0,-1
2021461093305,2021,461093305,2,9,0,2,2,0,0,0,0,0,0,0,0,0,1,1,5,6,3,-1,-1,1598,1,14,TOYOTA AURIS,-1,-1,0,-1
2021041043145,2021,041043145,2,9,0,18,19,1,5,0,0,1,0,0,0,0,2,1,1,1,1,30,6,1798,8,4,TOYOTA AURIS,1,E01012720,0,-1
2021320412272,2021,320412272,2,9,0,18,19,4,8,0,0,0,0,0,0,0,2,1,2,2,1,33,6,1798,8,3,TOYOTA AURIS,8,E01026237,0,-1
202106A079938,2021,06A079938,1,9,0,9,9,3,2,0,0,8,0,0,0,0,1,1,6,6,1,48,8,1329,1,11,TOYOTA AURIS,1,E01005141,0,-1
2021010350824,2021,010350824,1,9,0,18,19,3,7,0,0,0,0,0,9,0,9,1,6,6,3,-1,-1,1798,8,6,TOYOTA AURIS,-1,-1,0,-1
2021301127723,2021,301127723,4,8,0,18,19,5,1,0,0,0,1,0,0,0,3,1,6,6,1,34,6,1798,8,3,TOYOTA AURIS,1,E01013811,0,-1
2021141047374,2021,141047374,1,9,0,9,9,1,5,0,0,0,0,0,0,0,2,1,5,6,2,44,7,1398,1,12,TOYOTA AURIS,3,E01007773,0,-1
2021501132783,2021,501132783,2,9,0,18,19,7,3,0,0,1,0,0,0,0,2,1,6,6,1,71,10,1329,1,11,TOYOTA AURIS,3,E01020285,0,-1
2021010293680,2021,010293680,1,8,0,17,19,6,2,0,0,1,0,7,0,0,1,1,6,6,1,57,9,1798,8,3,TOYOTA AURIS,9,E01001209,0,-1
2021010287328,2021,010287328,2,9,0,18,19,1,5,0,0,1,0,0,0,0,1,1,6,6,1,48,8,1798,8,6,TOYOTA AURIS,3,E01021764,0,-1
2021061042839,2021,061042839,2,9,0,18,19,7,3,0,0,0,0,0,0,0,1,1,5,6,1,35,6,1598,1,14,TOYOTA AURIS,-1,-1,0,-1
202163B046821,2021,63B046821,1,9,0,14,14,4,8,0,0,0,5,0,8,10,1,1,6,6,1,73,10,1798,8,4,TOYOTA AURIS,9,W01001072,0,-1
2021131098643,2021,131098643,3,9,0,2,2,0,0,0,0,8,0,4,0,0,2,1,6,6,3,-1,-1,1798,8,4,TOYOTA AURIS,-1,-1,0,-1
2021010333342,2021,010333342,1,9,0,4,4,1,5,0,0,6,0,0,0,0,1,1,6,6,1,37,7,1598,1,11,TOYOTA AURIS,6,E01003647,0,-1
2021451053211,2021,451053211,1,9,0,18,19,6,2,0,0,1,0,0,0,0,3,1,5,6,2,50,8,1598,1,14,TOYOTA AURIS,5,E01030982,0,-1
2021991018434,2021,991018434,2,9,0,18,19,5,1,0,0,0,0,0,0,0,1,1,6,6,1,33,6,1329,1,11,TOYOTA AURIS,4,-1,0,-1
2021201087368,2021,201087368,2,9,0,18,19,-1,-1,0,0,3,0,0,0,0,1,1,6,6,1,48,8,1598,1,13,TOYOTA AURIS,3,E01010018,0,-1
2021010345125,2021,010345125,2,9,0,2,2,0,0,0,0,1,0,0,0,0,4,1,6,6,3,-1,-1,1797,8,10,TOYOTA AURIS,-1,-1,0,-1
2021501044296,2021,501044296,1,8,0,9,9,5,3,0,0,6,0,0,0,0,1,1,1,1,1,64,9,1798,8,5,TOYOTA AURIS,6,E01015244,0,-1
2021131073384,2021,131073384,2,9,0,5,5,5,1,0,0,8,0,0,0,0,2,1,1,1,1,58,9,1598,1,7,TOYOTA AURIS,7,E01011511,0,-1
2021430379936,2021,430379936,2,9,0,3,3,8,4,0,0,1,0,0,0,0,2,1,6,6,2,54,8,1598,1,11,TOYOTA AURIS,10,E01028611,0,-1
2021111116310,2021,111116310,1,9,0,18,19,4,8,0,0,0,1,0,1,0,0,1,6,6,1,25,5,1329,1,11,TOYOTA AURIS,-1,-1,0,-1
2021010331129,2021,010331129,2,9,0,99,99,9,9,99,99,9,9,99,9,99,9,9,6,6,3,-1,-1,1798,8,3,TOYOTA AURIS,-1,-1,0,-1
2021451038825,2021,451038825,1,9,0,18,19,8,5,0,0,0,0,0,0,0,1,1,6,6,1,49,8,1598,1,14,TOYOTA AURIS,8,E01030534,0,-1
2021501106232,2021,501106232,2,8,0,18,19,5,1,0,0,1,0,0,0,0,2,1,1,1,1,42,7,1798,8,5,TOYOTA AURIS,7,E01018818,0,-1
2021461048440,2021,461048440,2,9,0,3,3,6,8,0,0,8,0,0,0,0,2,1,6,6,1,34,6,1798,8,4,TOYOTA AURIS,2,E01013891,0,-1
2021201134414,2021,201134414,1,9,0,18,19,5,1,0,0,4,0,0,0,0,1,1,6,6,1,58,9,1598,2,4,TOYOTA AURIS,2,E01010531,0,-1
2021131111259,2021,131111259,1,9,0,4,4,3,7,0,0,1,0,0,0,0,3,1,2,2,1,29,6,1797,8,7,TOYOTA AURIS,3,E01004445,0,-1
2021131068624,2021,131068624,1,8,0,6,6,2,6,0,0,2,0,0,0,0,4,1,1,1,1,55,8,1798,8,4,TOYOTA AURIS,1,E01010811,0,-1
2021010337636,2021,010337636,2,9,0,99,99,9,9,99,99,9,9,99,9,99,1,9,6,6,2,47,8,1797,8,7,TOYOTA AURIS,5,E01000251,0,-1
202131C107721,2021,31C107721,1,9,0,2,2,0,0,0,0,8,0,0,0,0,0,1,6,6,2,40,7,1598,1,11,TOYOTA AURIS,3,E01000107,0,-1
202154B638021,2021,54B638021,2,9,0,18,19,8,4,0,0,1,0,0,0,0,1,1,2,2,2,69,10,1329,1,9,TOYOTA AURIS,10,E01032080,0,-1
2021320395789,2021,320395789,2,9,0,9,9,6,4,0,0,2,0,0,0,0,1,1,6,6,1,58,9,1364,2,8,TOYOTA AURIS,5,E01013297,0,-1
2021061094226,2021,061094226,1,8,0,18,19,7,3,0,0,8,0,0,0,0,1,1,1,1,1,59,9,1364,2,5,TOYOTA AURIS,3,E01005536,0,-1
2021010316197,2021,010316197,2,8,0,99,99,9,9,99,99,9,9,99,9,99,1,9,6,6,1,51,8,1798,8,6,TOYOTA AURIS,-1,-1,0,-1
2021131056564,2021,131056564,1,9,0,18,19,1,5,0,0,0,0,0,0,0,4,1,1,1,1,70,10,1797,8,7,TOYOTA AURIS,1,E01011422,0,-1
2021121092765,2021,121092765,1,9,0,18,19,3,7,0,0,0,0,0,0,0,1,1,6,6,3,-1,-1,1598,1,13,TOYOTA AURIS,9,E01027652,0,-1
202131C002921,2021,31C002921,1,9,0,4,4,2,6,0,0,0,0,0,0,0,2,1,6,6,1,35,6,1798,8,4,TOYOTA AURIS,2,E01013947,0,-1
2021131040547,2021,131040547,1,9,0,18,19,2,8,0,0,0,0,0,0,0,4,1,1,1,1,57,9,1798,8,3,TOYOTA AURIS,8,E01011514,0,-1
2021041127285,2021,041127285,1,8,0,14,14,3,7,2,2,0,0,0,0,0,1,1,1,1,2,27,6,1798,8,2,TOYOTA AURIS,8,E01024993,0,-1
2021061043999,2021,061043999,2,9,0,18,19,7,1,0,0,1,0,0,0,0,2,1,6,6,1,53,8,1798,8,4,TOYOTA AURIS,1,E01004866,0,-1
2021010324497,2021,010324497,2,9,0,18,19,5,1,0,0,0,0,0,0,0,1,1,6,6,1,37,7,1797,8,9,TOYOTA AURIS,4,E01000498,0,-1
2021141093944,2021,141093944,1,9,0,18,19,1,5,0,0,8,0,0,0,0,1,1,6,6,1,64,9,1798,8,4,TOYOTA AURIS,5,E01007990,0,-1
2021131052620,2021,131052620,2,9,0,18,19,1,5,0,0,1,0,0,0,0,1,1,1,1,1,40,7,1797,8,9,TOYOTA AURIS,1,E01010808,0,-1
2021010298005,2021,010298005,1,9,0,7,7,7,1,0,0,8,0,0,0,0,1,1,6,6,1,50,8,1797,8,6,TOYOTA AURIS,5,E01001265,0,-1
2021461027445,2021,461027445,1,9,0,18,19,3,7,0,0,1,0,0,0,0,1,1,6,6,1,-1,-1,1598,1,14,TOYOTA AURIS,-1,-1,0,-1
2021010288971,2021,010288971,3,9,0,2,2,0,0,0,0,0,0,4,7,0,2,1,6,6,3,-1,-1,1797,8,7,TOYOTA AURIS,-1,-1,0,-1
2021010298897,2021,010298897,1,9,0,4,4,6,2,0,0,2,1,7,0,0,2,1,2,2,1,38,7,1797,8,10,TOYOTA AURIS,-1,-1,0,-1
2021010346107,2021,010346107,5,9,0,2,2,0,0,0,0,1,0,0,0,0,2,1,6,6,3,-1,-1,1798,8,4,TOYOTA AURIS,-1,-1,0,-1
2021010304964,2021,010304964,2,9,0,3,3,1,5,0,0,1,0,0,0,0,2,1,6,6,2,38,7,1798,8,4,TOYOTA AURIS,4,E01002247,0,-1
202131D158121,2021,31D158121,2,9,0,14,14,8,4,0,0,1,0,0,0,0,1,1,6,6,1,56,9,1797,8,6,TOYOTA AURIS,4,E01013974,0,-1
2021991043215,2021,991043215,2,9,0,18,19,2,7,0,0,1,0,0,0,0,1,1,1,1,1,43,7,1798,8,4,TOYOTA AURIS,3,-1,0,-1
2021131099709,2021,131099709,1,9,0,18,19,5,1,0,0,8,0,0,0,0,3,1,5,6,1,35,6,1398,1,13,TOYOTA AURIS,1,E01011361,0,-1
2021010295354,2021,010295354,1,8,0,99,99,9,9,99,99,9,9,99,9,99,9,9,6,6,1,41,7,1797,8,7,TOYOTA AURIS,3,E01003639,0,-1
2021201049500,2021,201049500,2,9,0,8,8,4,6,0,0,1,0,0,0,0,2,1,6,6,2,37,7,1598,1,14,TOYOTA AURIS,1,E01010054,0,-1
2021411053778,2021,411053778,2,9,0,5,5,2,4,0,0,2,0,0,0,0,1,1,2,2,2,46,8,1797,8,7,TOYOTA AURIS,5,E01023542,0,-1
2021010289032,2021,010289032,1,8,0,7,7,1,3,0,0,5,0,0,0,0,2,1,2,2,1,53,8,1797,8,7,TOYOTA AURIS,3,E01003352,0,-1
2021010308285,2021,010308285,2,8,0,4,4,1,5,6,6,1,0,4,0,0,3,1,6,6,1,51,8,1797,8,6,TOYOTA AURIS,1,E01002026,0,-1
2021010314902,2021,010314902,2,9,0,99,99,9,9,99,99,8,9,99,9,99,1,1,6,6,3,31,6,1329,1,6,TOYOTA AURIS,6,E01001059,0,-1
2021010289104,2021,010289104,1,9,0,18,19,1,5,0,0,0,0,0,0,0,3,1,6,6,1,52,8,1797,8,7,TOYOTA AURIS,2,E01000085,0,-1
2021061117023,2021,061117023,2,9,0,4,4,3,7,0,0,1,0,0,0,0,2,1,2,2,2,47,8,1598,2,4,TOYOTA AURIS,1,E01005240,0,-1
2021010307583,2021,010307583,2,9,0,18,19,1,5,0,0,2,0,0,0,0,1,1,6,6,1,54,8,1797,8,7,TOYOTA AURIS,1,E01000551,0,-1
2021440199557,2021,440199557,1,9,0,18,19,8,4,0,0,0,0,0,0,0,1,1,6,6,2,58,9,1797,8,8,TOYOTA AURIS,8,E01031776,0,-1
2021010289631,2021,010289631,1,9,0,16,19,5,1,0,0,4,1,9,0,0,1,1,6,6,1,24,5,1398,1,12,TOYOTA AURIS,5,E01001335,0,-1
2021201145507,2021,201145507,1,9,0,9,9,7,6,8,6,6,0,0,0,0,3,1,6,6,1,-1,-1,1797,8,8,TOYOTA AURIS,8,E01010117,0,-1
2021010305743,2021,010305743,2,9,0,99,99,9,9,99,99,9,9,99,9,99,9,9,6,6,2,50,8,1797,8,9,TOYOTA AURIS,1,E01001885,0,-1
2021010300041,2021,010300041,1,9,0,9,9,1,7,0,0,8,0,0,7,4,1,1,6,6,2,53,8,1598,1,8,TOYOTA AURIS,2,E01002877,0,-1
202131C059921,2021,31C059921,1,8,0,18,19,4,8,0,0,2,0,0,0,0,1,1,1,1,1,33,6,1798,8,5,TOYOTA AURIS,2,E01013918,0,-1
2021440379276,2021,440379276,2,9,0,18,19,1,5,0,0,4,0,0,0,0,2,1,6,6,1,25,5,1598,1,14,TOYOTA AURIS,10,E01022867,0,-1
2021520200797,2021,520200797,2,9,0,9,9,1,5,0,0,6,0,0,0,0,3,1,6,6,1,18,4,1598,1,9,TOYOTA AURIS,7,E01029262,0,-1
2021351065593,2021,351065593,2,9,-1,-1,-1,7,3,-1,-1,-1,-1,-1,-1,0,-1,1,1,1,1,35,6,1798,8,3,TOYOTA AURIS,1,E01015603,0,-1
2021010328690,2021,010328690,1,9,0,99,99,9,9,99,99,0,9,99,9,99,9,9,6,6,2,41,7,1797,8,10,TOYOTA AURIS,3,E01003251,0,-1
2021201112989,2021,201112989,1,9,0,18,19,-1,-1,0,0,0,0,0,0,0,3,1,6,6,1,37,7,1598,1,9,TOYOTA AURIS,1,E01033621,0,-1
2021010339958,2021,010339958,1,9,0,13,13,4,8,0,0,0,0,0,0,0,4,1,1,1,1,41,7,1798,8,4,TOYOTA AURIS,2,E01004289,0,-1
2021052101602,2021,052101602,1,8,0,18,19,1,5,0,0,0,0,0,0,0,1,1,1,1,1,35,6,1798,8,5,TOYOTA AURIS,1,E01006769,0,-1
2021010336867,2021,010336867,1,9,0,99,99,9,9,99,99,0,9,99,9,99,2,9,6,6,1,45,7,1798,8,5,TOYOTA AURIS,10,E01016605,0,-1