collision_index,collision_year,collision_ref_no,vehicle_reference,vehicle_type,towing_and_articulation,vehicle_manoeuvre_historic,vehicle_manoeuvre,vehicle_direction_from,vehicle_direction_to,vehicle_location_restricted_lane_historic,vehicle_location_restricted_lane,junction_location,skidding_and_overturning,hit_object_in_carriageway,vehicle_leaving_carriageway,hit_object_off_carriageway,first_point_of_impact,vehicle_left_hand_drive,journey_purpose_of_driver_historic,journey_purpose_of_driver,sex_of_driver,age_of_driver,age_band_of_driver,engine_capacity_cc,propulsion_code,age_of_vehicle,generic_make_model,driver_imd_decile,lsoa_of_driver,escooter_flag,driver_distance_banding
2021302100008,2021,302100008,1,8,0,1,1,8,4,0,0,0,0,0,0,0,2,1,1,1,1,39,7,1598,1,10,TOYOTA AURIS,1,E01013584,0,-1
2021411018958,2021,411018958,1,9,0,18,19,4,8,0,0,0,0,12,0,0,1,1,1,1,1,45,7,1798,8,5,TOYOTA AURIS,2,E01001506,0,-1
2021501110891,2021,501110891,1,9,0,4,4,2,6,0,0,0,0,0,0,0,1,1,5,6,1,76,11,1797,8,10,TOYOTA AURIS,6,E01015220,0,-1
2021991032093,2021,991032093,1,9,0,9,9,3,1,0,0,8,0,10,1,11,4,1,5,6,2,86,11,1598,7,6,TOYOTA AURIS,7,-1,0,-1
2021010346160,2021,010346160,1,8,0,18,19,8,4,0,0,0,0,0,0,0,1,1,1,1,1,50,8,1798,8,3,TOYOTA AURIS,3,E01001264,0,-1
2021131095675,2021,131095675,2,9,0,5,5,3,7,0,0,0,0,0,0,0,2,1,5,6,2,43,7,1364,2,14,TOYOTA AURIS,1,E01010627,0,-1
2021201024704,2021,201024704,1,9,0,18,19,2,6,0,0,6,1,10,1,0,1,1,6,6,2,25,5,1598,1,10,TOYOTA AURIS,1,E01009367,0,-1
202134WNC5521,2021,34WNC5521,2,9,0,3,3,4,8,0,0,8,0,0,0,0,2,1,2,2,1,19,4,1329,1,12,TOYOTA AURIS,1,E01027153,0,-1
2021522102039,2021,522102039,2,9,0,18,19,3,7,0,0,0,0,0,0,0,1,1,6,6,1,32,6,1598,1,14,TOYOTA AURIS,8,E01033078,0,-1
2021161043186,2021,161043186,2,8,0,18,19,1,5,0,0,1,0,0,0,0,1,1,1,1,2,56,9,1364,2,6,TOYOTA AURIS,3,E01013319,0,-1
2021131035870,2021,131035870,1,9,0,18,19,1,5,0,0,1,0,0,0,0,1,1,1,1,1,42,7,1798,8,5,TOYOTA AURIS,3,E01033542,0,-1
2021131060956,2021,131060956,2,9,0,9,9,7,5,0,0,8,0,0,0,0,2,1,2,2,1,35,6,1797,8,10,TOYOTA AURIS,1,E01011134,0,-1
2021211115908,2021,211115908,2,9,0,18,19,7,8,0,0,0,0,0,0,0,2,1,6,6,2,39,7,1598,1,12,TOYOTA AURIS,3,E01014364,0,-1
2021131082186,2021,131082186,2,9,0,18,19,5,1,0,0,0,0,0,0,0,3,1,6,6,2,42,7,1329,1,11,TOYOTA AURIS,1,E01010702,0,-1
2021010334011,2021,010334011,1,9,0,18,19,5,1,0,0,1,5,4,0,0,1,1,6,6,1,69,10,1798,8,6,TOYOTA AURIS,2,E01001202,0,-1
2021010305000,2021,010305000,1,9,9,99,99,9,9,99,99,9,9,99,9,99,9,9,6,6,3,33,6,1798,8,4,TOYOTA AURIS,2,E01002606,0,-1
2021131066269,2021,131066269,1,9,0,2,2,1,5,9,9,8,0,0,0,0,1,1,1,1,1,29,6,1797,8,6,TOYOTA AURIS,-1,-1,0,-1
2021010318753,2021,010318753,2,9,0,9,9,1,7,0,0,5,0,0,0,0,4,1,6,6,1,49,8,1798,8,4,TOYOTA AURIS,3,E01000127,0,-1
2021201142160,2021,201142160,1,9,0,11,11,1,5,0,0,3,0,0,0,0,1,1,6,6,1,-1,-1,1598,1,8,TOYOTA AURIS,-1,-1,0,-1
202106J079497,2021,06J079497,1,9,0,18,19,2,6,0,0,0,0,0,0,0,1,1,6,6,1,62,9,2231,2,14,TOYOTA AURIS,9,E01005788,0,-1
2021201142078,2021,201142078,1,9,0,18,19,6,2,0,0,8,0,0,0,0,1,1,6,6,1,26,6,1364,2,14,TOYOTA AURIS,4,E01033617,0,-1
2021302101720,2021,302101720,2,8,0,16,19,6,2,0,0,0,0,0,0,0,3,1,1,1,1,37,7,1798,8,5,TOYOTA AURIS,1,E01013486,0,-1
2021131085934,2021,131085934,1,9,0,18,19,1,5,0,0,0,0,0,0,0,1,1,1,1,1,36,7,1598,1,9,TOYOTA AURIS,1,E01010964,0,-1
2021201141978,2021,201141978,1,8,0,7,7,7,1,0,0,6,0,0,0,0,4,1,1,1,1,40,7,1798,8,3,TOYOTA AURIS,1,E01009274,0,-1
2021170L40401,2021,170L40401,1,9,0,17,19,1,5,0,0,0,0,0,1,0,1,1,6,6,1,39,7,1598,1,12,TOYOTA AURIS,1,E01033473,0,-1
2021351076159,2021,351076159,1,9,-1,-1,-1,-1,-1,-1,-1,-1,-1,-1,-1,0,-1,1,6,6,1,68,10,1798,8,3,TOYOTA AURIS,2,E01015605,0,-1
2021010320076,2021,010320076,1,9,0,3,3,3,7,0,0,1,0,0,0,0,0,1,1,1,1,39,7,1797,8,6,TOYOTA AURIS,2,E01004230,0,-1
2021131064352,2021,131064352,1,9,0,-1,-1,-1,-1,-1,-1,-1,-1,-1,-1,-1,-1,1,6,6,3,-1,-1,1797,8,7,TOYOTA AURIS,-1,-1,0,-1
2021010340819,2021,010340819,1,9,0,18,19,5,1,0,0,8,0,0,0,0,3,1,6,6,1,42,7,1398,1,13,TOYOTA AURIS,7,E01000822,0,-1
2021010307731,2021,010307731,1,9,0,18,19,5,1,0,0,1,0,0,0,0,1,1,6,6,1,39,7,1598,1,10,TOYOTA AURIS,3,E01001717,0,-1
2021010300411,2021,010300411,1,9,0,9,9,7,5,0,0,1,0,11,0,0,1,1,1,1,1,56,9,1798,8,5,TOYOTA AURIS,3,E01002706,0,-1
2021010302551,2021,010302551,1,9,0,18,19,7,3,0,0,0,0,0,0,0,2,9,6,6,1,23,5,1598,1,14,TOYOTA AURIS,3,E01000088,0,-1
2021010300726,2021,010300726,2,9,0,99,99,9,9,99,99,9,9,99,9,99,4,9,6,6,3,-1,-1,1797,8,7,TOYOTA AURIS,7,E01000536,0,-1
2021461088213,2021,461088213,1,9,0,18,19,5,1,0,0,0,0,0,0,0,1,1,5,6,1,-1,-1,1598,1,13,TOYOTA AURIS,2,E01000080,0,-1
2021131076800,2021,131076800,1,9,0,4,4,1,5,0,0,0,0,0,0,0,3,1,1,1,1,52,8,1798,8,3,TOYOTA AURIS,1,E01011657,0,-1
2021411019979,2021,411019979,1,9,0,4,4,5,1,0,0,0,0,0,0,0,2,1,2,2,1,32,6,1598,1,9,TOYOTA AURIS,6,E01002639,0,-1
2021451030704,2021,451030704,2,9,0,18,19,5,1,0,0,0,0,0,0,0,3,1,5,6,1,71,10,1598,1,6,TOYOTA AURIS,7,E01002165,0,-1
2021201104886,2021,201104886,2,8,0,3,3,8,4,0,0,0,0,0,0,0,2,1,1,1,1,-1,-1,1797,8,6,TOYOTA AURIS,6,E01009278,0,-1
2021440365758,2021,440365758,1,8,0,8,8,3,1,0,0,1,0,0,0,0,2,1,1,1,1,30,6,1798,8,2,TOYOTA AURIS,6,E01017212,0,-1
2021451077586,2021,451077586,1,9,0,18,19,5,1,0,0,1,0,0,1,10,1,1,5,6,1,76,11,1598,1,10,TOYOTA AURIS,10,E01031639,0,-1
2021471066965,2021,471066965,1,9,0,5,5,4,8,0,0,0,0,4,0,0,1,1,5,6,1,35,6,1797,8,7,TOYOTA AURIS,4,E01000997,0,-1
2021411100088,2021,411100088,1,9,0,4,4,3,7,0,0,1,0,0,0,0,2,1,6,6,1,47,8,1798,8,5,TOYOTA AURIS,6,E01015721,0,-1
2021471125547,2021,471125547,1,9,0,18,19,6,2,0,0,0,0,0,1,0,1,1,5,6,1,79,11,1798,8,5,TOYOTA AURIS,5,E01018102,0,-1
2021010341775,2021,010341775,1,9,0,99,99,9,9,99,99,9,9,99,9,99,1,9,2,2,1,28,6,1598,1,13,TOYOTA AURIS,6,E01000219,0,-1
2021131111213,2021,131111213,1,9,0,7,7,2,4,0,0,1,0,0,0,0,1,1,6,6,3,-1,-1,1798,8,5,TOYOTA AURIS,-1,-1,0,-1
2021201015315,2021,201015315,2,9,0,2,2,0,0,0,0,8,0,0,0,0,4,1,6,6,1,-1,-1,1364,2,10,TOYOTA AURIS,1,E01009485,0,-1
2021131109631,2021,131109631,1,9,0,4,4,1,5,0,0,0,0,0,0,0,3,1,5,6,1,53,8,1598,1,7,TOYOTA AURIS,2,E01011128,0,-1
2021131033492,2021,131033492,2,9,0,18,19,2,6,0,0,8,0,0,0,0,3,1,5,6,2,23,5,1329,1,12,TOYOTA AURIS,6,E01011425,0,-1
2021401044865,2021,401044865,1,9,0,3,3,8,4,0,0,8,0,0,0,0,4,1,6,6,1,35,6,1798,8,5,TOYOTA AURIS,2,E01015802,0,-1
2021010321511,2021,010321511,2,9,0,99,99,9,9,99,99,9,9,99,9,99,1,9,6,6,2,66,10,1798,8,6,TOYOTA AURIS,7,E01000909,0,-1
2021010319349,2021,010319349,1,9,0,5,5,7,3,0,0,8,0,0,0,0,1,1,6,6,1,59,9,1798,8,3,TOYOTA AURIS,2,E01015726,0,-1
2021131071690,2021,131071690,2,9,0,18,19,7,3,0,0,8,0,0,0,0,1,1,1,1,1,23,5,1598,1,9,TOYOTA AURIS,4,E01010664,0,-1
2021131072351,2021,131072351,1,9,0,5,5,7,3,0,0,1,0,0,0,0,0,1,1,1,1,54,8,1797,8,10,TOYOTA AURIS,1,E01010608,0,-1
2021461014938,2021,461014938,1,9,0,18,19,7,3,0,0,2,0,0,0,0,4,1,5,6,1,65,9,1598,1,10,TOYOTA AURIS,5,E01024601,0,-1
2021010351135,2021,010351135,1,8,0,5,5,7,3,0,0,0,0,0,0,0,0,1,6,6,1,42,7,1798,8,6,TOYOTA AURIS,4,E01002650,0,-1
2021010295870,2021,010295870,2,9,0,3,3,3,7,0,0,0,0,0,0,0,2,1,1,1,2,36,7,1598,1,14,TOYOTA AURIS,9,E01021745,0,-1
2021451085873,2021,451085873,2,9,0,9,9,7,5,0,0,8,0,0,0,0,1,1,6,6,1,75,10,1798,8,4,TOYOTA AURIS,10,E01030368,0,-1
2021451030034,2021,451030034,1,9,0,18,19,7,3,0,0,8,0,0,1,4,4,1,5,6,2,51,8,1797,8,7,TOYOTA AURIS,10,E01030989,0,-1
2021201118597,2021,201118597,1,9,0,17,19,6,3,0,0,0,5,10,1,2,1,1,1,1,1,27,6,1598,1,14,TOYOTA AURIS,1,E01009484,0,-1
2021201081526,2021,201081526,2,9,0,3,3,-1,-1,0,0,0,0,0,0,0,2,1,1,1,1,44,7,1798,8,3,TOYOTA AURIS,1,E01009397,0,-1
2021010339977,2021,010339977,2,9,0,99,99,9,9,99,99,9,9,99,9,99,1,9,6,6,3,-1,-1,1398,1,14,TOYOTA AURIS,2,E01003313,0,-1
202131D084521,2021,31D084521,1,9,0,4,4,5,1,0,0,1,0,0,0,0,1,1,1,1,1,35,6,1797,8,6,TOYOTA AURIS,1,E01013942,0,-1
2021010321742,2021,010321742,2,8,0,99,99,9,9,99,99,9,9,99,9,99,9,9,6,6,3,47,8,1798,8,5,TOYOTA AURIS,3,E01002070,0,-1
2021061074884,2021,061074884,2,9,0,18,19,7,3,0,0,1,0,0,7,11,1,1,6,6,1,37,7,1598,1,13,TOYOTA AURIS,2,E01005326,0,-1
202131A125821,2021,31A125821,2,9,0,18,19,4,8,0,0,0,1,0,0,0,1,1,6,6,1,36,7,1598,1,13,TOYOTA AURIS,6,E01028244,0,-1
2021552100573,2021,552100573,1,9,0,9,9,5,3,0,0,8,0,0,0,0,3,1,2,2,2,35,6,1798,8,4,TOYOTA AURIS,9,E01015323,0,-1
2021010303934,2021,010303934,1,9,0,18,19,7,3,0,0,1,0,0,0,0,3,1,6,6,1,37,7,1798,8,5,TOYOTA AURIS,5,E01002619,0,-1
2021461116500,2021,461116500,1,9,0,18,19,5,1,0,0,0,0,0,0,0,4,1,6,6,2,60,9,1798,8,3,TOYOTA AURIS,7,E01024635,0,-1
2021440498085,2021,440498085,1,9,0,18,19,1,5,0,0,0,0,0,0,0,1,1,6,6,1,83,11,1598,1,10,TOYOTA AURIS,9,E01022633,0,-1
2021131048044,2021,131048044,2,9,0,18,19,6,2,0,0,8,0,0,0,0,1,1,1,1,1,52,8,1197,1,5,TOYOTA AURIS,1,E01011922,0,-1
2021361121415,2021,361121415,2,9,0,18,19,8,5,0,0,8,0,0,0,0,3,1,5,6,2,48,8,1598,1,13,TOYOTA AURIS,6,E01026520,0,-1
2021010325633,2021,010325633,2,9,0,18,19,7,3,0,0,2,0,0,0,0,1,1,6,6,1,37,7,1598,1,8,TOYOTA AURIS,4,E01001140,0,-1
2021131041323,2021,131041323,1,9,0,18,19,7,3,0,0,8,0,0,0,0,1,1,6,6,1,38,7,1797,8,9,TOYOTA AURIS,9,E01011580,0,-1
2021010294407,2021,010294407,2,8,0,4,4,7,3,0,0,7,0,0,0,0,2,1,1,1,1,38,7,1797,8,6,TOYOTA AURIS,1,E01004464,0,-1
2021010318806,2021,010318806,1,9,0,9,9,3,8,0,0,1,0,0,0,0,3,1,6,6,1,45,7,1797,8,10,TOYOTA AURIS,6,E01003366,0,-1
2021411013337,2021,411013337,1,9,-1,7,7,3,5,0,0,2,0,0,0,0,-1,1,6,6,2,54,8,1798,8,3,TOYOTA AURIS,5,E01023956,0,-1
2021010296374,2021,010296374,2,9,0,18,19,6,2,0,0,8,0,0,0,0,1,1,6,6,2,56,9,1798,8,6,TOYOTA AURIS,5,E01003773,0,-1
2021131058575,2021,131058575,2,9,0,18,19,1,5,0,0,8,0,0,0,0,1,1,1,1,1,47,8,1797,8,8,TOYOTA AURIS,2,E01010728,0,-1
2021991062449,2021,991062449,2,9,0,3,3,2,6,0,0,0,0,0,0,0,2,1,6,6,1,34,6,1798,8,5,TOYOTA AURIS,6,-1,0,-1
2021201108600,2021,201108600,1,9,0,7,7,2,4,0,0,5,0,0,0,0,1,1,6,6,1,42,7,1364,2,14,TOYOTA AURIS,1,E01009062,0,-1
2021010295634,2021,010295634,1,9,0,18,19,2,6,0,0,2,0,0,0,0,4,1,6,6,2,45,7,1598,1,12,TOYOTA AURIS,5,E01023324,0,-1
2021501063780,2021,501063780,2,9,0,17,19,7,3,0,0,0,5,0,0,0,4,1,1,1,1,59,9,1798,8,3,TOYOTA AURIS,2,E01015210,0,-1
2021411083572,2021,411083572,2,9,0,4,4,5,1,0,0,0,0,0,0,0,2,1,6,6,1,23,5,1797,8,6,TOYOTA AURIS,3,E01032719,0,-1
2021161114623,2021,161114623,1,9,0,7,7,6,3,0,0,0,0,0,0,0,1,1,6,6,2,41,7,1598,1,10,TOYOTA AURIS,10,E01013113,0,-1
2021201040935,2021,201040935,3,8,0,5,5,5,1,0,0,1,0,0,0,0,1,1,1,1,1,32,6,1797,8,7,TOYOTA AURIS,1,E01010063,0,-1
2021010310007,2021,010310007,1,9,0,18,19,1,5,0,0,0,0,0,0,0,1,1,2,2,1,51,8,1598,1,8,TOYOTA AURIS,-1,-1,0,-1
2021131109671,2021,131109671,1,9,0,18,19,5,1,0,0,8,0,0,0,0,1,1,6,6,1,55,8,1797,8,6,TOYOTA AURIS,1,E01011673,0,-1
2021361121566,2021,361121566,3,9,0,2,2,0,0,0,0,1,0,0,0,0,2,1,6,6,3,-1,-1,1329,1,12,TOYOTA AURIS,-1,-1,0,-1
2021451047772,2021,451047772,1,9,0,18,19,5,1,0,0,0,0,0,0,0,1,1,2,2,1,47,8,1797,8,6,TOYOTA AURIS,8,E01030450,0,-1
2021010287916,2021,010287916,3,9,0,2,2,0,0,6,6,1,0,0,0,0,0,1,6,6,3,-1,-1,1797,8,10,TOYOTA AURIS,-1,-1,0,-1
2021041091822,2021,041091822,2,9,0,18,19,7,3,0,0,1,0,0,0,0,0,1,1,1,1,54,8,1798,8,5,TOYOTA AURIS,1,E01012687,0,-1
2021010322405,2021,010322405,2,9,0,99,99,9,9,0,0,0,0,0,1,99,2,9,6,6,3,41,7,1797,8,6,TOYOTA AURIS,-1,-1,0,-1
2021010293620,2021,010293620,1,9,0,18,19,3,7,0,0,1,0,0,0,0,3,1,6,6,1,25,5,1798,8,2,TOYOTA AURIS,6,E01004529,0,-1
2021131105273,2021,131105273,1,9,0,17,19,5,8,0,0,0,0,0,0,0,3,1,1,1,1,49,8,1798,8,3,TOYOTA AURIS,2,E01010804,0,-1
202131C076221,2021,31C076221,1,8,0,18,19,7,3,0,0,0,0,0,0,0,3,1,1,1,1,61,9,1797,8,6,TOYOTA AURIS,5,E01013913,0,-1
2021010287511,2021,010287511,1,8,0,99,99,9,9,99,99,0,9,99,9,99,9,9,6,6,1,50,8,1798,8,6,TOYOTA AURIS,1,E01004250,0,-1
2021201142077,2021,201142077,1,9,0,7,7,5,8,0,0,3,0,0,0,0,3,1,1,1,2,65,9,1598,1,12,TOYOTA AURIS,1,E01010080,0,-1
2021131079862,2021,131079862,2,9,0,9,9,1,5,0,0,0,0,0,7,0,1,1,1,1,1,35,6,1598,1,14,TOYOTA AURIS,3,E01011670,0,-1
2021010337222,2021,010337222,2,8,0,3,3,3,7,0,0,2,0,0,0,0,2,1,1,1,1,59,9,1798,8,5,TOYOTA AURIS,6,E01021743,0,-1
2021041125694,2021,041125694,2,9,0,2,2,7,3,0,0,1,0,0,0,0,1,1,6,6,3,-1,-1,1798,8,5,TOYOTA AURIS,-1,-1,0,-1
2021010302358,2021,010302358,1,9,0,13,13,5,1,0,0,0,0,0,0,0,4,1,6,6,1,62,9,1798,8,5,TOYOTA AURIS,5,E01001471,0,-1
2021201116395,2021,201116395,2,9,0,9,9,2,8,0,0,5,0,0,0,0,3,1,1,1,1,27,6,1598,2,6,TOYOTA AURIS,1,E01009364,0,-1
2021010305858,2021,010305858,1,8,0,99,99,9,9,99,99,9,9,99,9,99,2,9,6,6,1,45,7,1798,8,5,TOYOTA AURIS,2,E01004365,0,-1
2021131115524,2021,131115524,1,9,0,18,19,3,7,0,0,1,1,0,0,0,1,1,5,6,1,61,9,1797,8,7,TOYOTA AURIS,9,E01011296,0,-1
2021010287204,2021,010287204,4,9,0,3,3,3,7,0,0,1,0,0,0,0,2,1,6,6,1,45,7,1798,8,4,TOYOTA AURIS,6,E01000541,0,-1
2021131081848,2021,131081848,1,9,0,18,19,7,3,0,0,0,0,0,0,0,1,1,2,2,1,59,9,1364,2,8,TOYOTA AURIS,6,E01011228,0,-1
2021122101381,2021,122101381,1,9,0,9,9,1,7,0,0,2,0,0,0,0,1,1,1,1,1,50,8,1797,8,7,TOYOTA AURIS,9,E01013380,0,-1
2021201088330,2021,201088330,2,9,0,9,9,3,8,0,0,3,0,0,0,0,1,1,6,6,2,32,6,1798,8,4,TOYOTA AURIS,1,E01009564,0,-1
2021070666215,2021,070666215,2,9,0,18,19,7,3,0,0,1,0,0,0,0,4,1,6,6,1,31,6,1598,1,11,TOYOTA AURIS,7,E01005857,0,-1
2021522101577,2021,522101577,1,8,0,18,19,5,1,0,0,0,0,0,0,0,2,1,1,1,1,33,6,1797,8,7,TOYOTA AURIS,1,E01014729,0,-1
2021361128491,2021,361128491,2,9,0,18,19,8,5,0,0,8,0,0,0,0,4,1,6,6,1,55,8,1364,2,8,TOYOTA AURIS,4,E01026458,0,-1
2021440488967,2021,440488967,2,9,0,9,9,1,7,0,0,5,0,0,0,0,3,1,1,1,2,64,9,1598,1,6,TOYOTA AURIS,6,E01022548,0,-1
2021440396502,2021,440396502,1,9,0,18,19,1,5,0,0,1,0,0,0,0,2,1,6,6,1,28,6,1598,1,13,TOYOTA AURIS,1,E01017077,0,-1
2021411118712,2021,411118712,3,9,0,18,19,3,7,0,0,0,1,0,0,0,0,1,6,6,1,57,9,1798,8,5,TOYOTA AURIS,10,E01002460,0,-1
2021010287929,2021,010287929,1,9,9,8,8,5,6,99,99,9,9,99,0,0,2,9,1,1,1,55,8,1798,8,3,TOYOTA AURIS,9,E01002471,0,-1
2021440313172,2021,440313172,1,8,0,18,19,1,3,0,0,5,0,0,0,0,3,1,1,1,1,46,8,1798,8,3,TOYOTA AURIS,1,E01017154,0,-1
2021201103123,2021,201103123,1,8,0,18,19,3,7,0,0,2,0,0,0,0,1,1,2,2,1,62,9,1598,1,8,TOYOTA AURIS,1,E01009057,0,-1
2021201111016,2021,201111016,2,9,0,3,3,1,5,0,0,1,0,0,0,0,2,1,6,6,2,41,7,1398,1,13,TOYOTA AURIS,1,E01008935,0,-1
2021061106366,2021,061106366,2,9,0,10,10,5,3,0,0,1,0,0,0,0,2,1,1,1,1,60,9,1364,2,6,TOYOTA AURIS,2,E01005590,0,-1
2021070307967,2021,070307967,2,9,0,18,19,7,3,0,0,6,0,0,0,0,4,1,6,6,2,62,9,1197,1,5,TOYOTA AURIS,1,W01000336,0,-1
20211382Q1419,2021,1382Q1419,2,8,0,18,19,8,4,0,0,8,0,0,0,0,1,1,6,6,2,44,7,1364,2,6,TOYOTA AURIS,2,E01011502,0,-1
2021010321376,2021,010321376,1,9,0,9,9,7,5,0,0,8,0,0,0,0,1,1,6,6,1,35,6,1598,1,8,TOYOTA AURIS,7,E01003778,0,-1
2021471038854,2021,471038854,1,9,0,2,2,0,0,0,0,1,1,0,0,0,4,1,2,2,2,22,5,1598,1,14,TOYOTA AURIS,7,E01016883,0,-1
2021991107483,2021,991107483,2,9,0,18,19,3,7,0,0,8,0,0,0,0,3,1,1,1,1,58,9,1798,8,4,TOYOTA AURIS,4,-1,0,-1
2021461027249,2021,461027249,1,9,0,1,1,4,8,0,0,1,0,0,0,0,2,1,6,6,1,-1,-1,1364,2,7,TOYOTA AURIS,-1,-1,0,-1
2021471086589,2021,471086589,1,9,0,18,19,5,1,0,0,1,0,0,0,0,1,1,1,1,1,41,7,1798,8,4,TOYOTA AURIS,2,E01031348,0,-1
2021430309775,2021,430309775,1,9,0,18,19,6,2,0,0,1,0,0,0,0,1,1,2,2,2,32,6,1598,1,10,TOYOTA AURIS,2,E01016741,0,-1
2021010304655,2021,010304655,1,9,0,9,9,3,1,99,99,0,0,99,9,99,3,1,6,6,1,71,10,1329,1,12,TOYOTA AURIS,2,E01001118,0,-1
2021061080449,2021,061080449,1,8,0,9,9,1,7,0,0,5,0,0,0,0,1,1,1,1,1,40,7,1364,2,6,TOYOTA AURIS,1,E01033258,0,-1
2021131115691,2021,131115691,1,9,0,5,5,7,3,0,0,1,0,0,0,0,4,1,1,1,1,55,8,1364,2,10,TOYOTA AURIS,3,E01011016,0,-1
2021131036588,2021,131036588,3,9,0,3,3,5,1,0,0,1,0,0,0,0,1,1,5,6,1,32,6,1798,8,5,TOYOTA AURIS,2,E01011424,0,-1
2021552100838,2021,552100838,1,9,0,5,5,2,6,0,0,4,0,0,0,0,1,1,6,6,1,35,6,1598,1,11,TOYOTA AURIS,4,E01016356,0,-1
2021201141826,2021,201141826,1,9,0,18,19,6,3,0,0,1,0,0,0,0,1,1,6,6,1,44,7,1798,8,4,TOYOTA AURIS,1,E01010486,0,-1
2021351097607,2021,351097607,1,8,0,6,6,5,1,0,0,0,0,0,0,0,1,1,1,1,1,43,7,1798,8,3,TOYOTA AURIS,8,E01033116,0,-1
2021010321655,2021,010321655,2,9,0,99,99,9,9,99,99,0,9,99,9,99,2,9,6,6,2,45,7,1797,8,10,TOYOTA AURIS,3,E01000961,0,-1
2021440291307,2021,440291307,2,9,0,16,19,3,7,0,0,0,0,0,0,0,0,1,1,1,1,46,8,1798,8,3,TOYOTA AURIS,1,E01017039,0,-1
2021010340933,2021,010340933,2,9,0,99,99,9,9,99,99,9,9,99,9,99,2,9,6,6,3,-1,-1,1797,8,8,TOYOTA AURIS,-1,-1,0,-1
2021201082676,2021,201082676,1,9,0,18,19,-1,-1,0,0,8,0,0,0,0,3,1,2,2,1,41,7,1598,1,11,TOYOTA AURIS,3,E01010083,0,-1
202131C176821,2021,31C176821,2,9,0,7,7,6,7,0,0,6,0,0,0,0,1,1,1,1,1,-1,-1,1798,8,4,TOYOTA AURIS,2,E01013847,0,-1
2021351116092,2021,351116092,1,9,0,9,9,7,5,0,0,1,0,0,0,0,1,1,5,6,1,65,9,1798,8,3,TOYOTA AURIS,10,E01018251,0,-1
2021010312087,2021,010312087,1,8,9,99,99,9,9,99,99,9,9,99,9,99,9,9,6,6,1,39,7,1797,8,7,TOYOTA AURIS,1,E01001788,0,-1
2021991121558,2021,991121558,2,9,0,10,10,3,1,0,0,1,0,0,0,0,2,1,2,2,2,50,8,1364,2,7,TOYOTA AURIS,3,-1,0,-1
2021471090795,2021,471090795,1,9,0,7,7,6,8,0,0,8,0,0,0,0,1,1,1,1,1,46,8,1798,8,6,TOYOTA AURIS,7,E01020986,0,-1
2021061141310,2021,061141310,1,9,0,9,9,5,2,0,0,0,1,0,0,0,2,1,1,1,1,42,7,1798,8,6,TOYOTA AURIS,1,E01006028,0,-1
2021141027590,2021,141027590,1,9,0,18,19,5,2,0,0,0,0,0,0,0,1,1,6,6,1,92,11,1329,1,9,TOYOTA AURIS,5,E01007819,0,-1
2021010320127,2021,010320127,1,9,0,18,19,5,1,0,0,8,0,10,0,0,1,1,6,6,1,33,6,1797,8,8,TOYOTA AURIS,3,E01001327,0,-1
2021541166521,2021,541166521,1,9,0,18,19,6,1,0,0,6,0,0,0,0,3,1,6,6,2,80,11,1998,2,14,TOYOTA AURIS,5,E01032063,0,-1
20211381G1356,2021,1381G1356,1,9,0,18,19,1,5,0,0,8,0,0,0,0,3,1,6,6,1,39,7,1598,1,12,TOYOTA AURIS,1,E01010679,0,-1
2021411021057,2021,411021057,1,9,0,18,19,3,7,0,0,0,0,0,0,0,1,1,1,1,1,21,5,1598,1,13,TOYOTA AURIS,2,E01001333,0,-1
2021031011999,2021,031011999,2,9,0,17,19,1,2,0,0,2,1,0,0,0,3,1,6,6,2,33,6,1798,8,3,TOYOTA AURIS,2,E01022160,0,-1
2021010346914,2021,010346914,1,9,0,99,99,9,9,99,99,9,9,99,9,99,9,9,6,6,1,47,8,1797,8,11,TOYOTA AURIS,1,E01001740,0,-1
2021131081155,2021,131081155,1,9,0,9,9,2,1,0,0,1,0,0,0,0,1,1,6,6,1,32,6,1798,8,4,TOYOTA AURIS,1,E01010828,0,-1
2021011067428,2021,011067428,1,9,0,1,1,5,1,0,0,0,0,0,0,0,2,1,6,6,1,-1,-1,1798,8,4,TOYOTA AURIS,-1,-1,0,-1
2021010294943,2021,010294943,2,9,0,99,99,9,9,99,99,9,9,99,9,99,1,9,6,6,3,-1,-1,1329,1,12,TOYOTA AURIS,-1,-1,0,-1
2021010328852,2021,010328852,1,9,0,17,19,7,3,0,0,8,0,0,0,0,1,1,2,2,1,35,6,1598,1,14,TOYOTA AURIS,1,E01000105,0,-1
2021411095602,2021,411095602,2,8,0,18,19,4,8,0,0,1,0,0,0,0,2,1,1,1,1,53,8,1797,8,6,TOYOTA AURIS,9,E01002107,0,-1
2021010297910,2021,010297910,2,9,9,99,99,9,9,0,0,9,9,99,9,99,9,1,6,6,1,50,8,1598,1,13,TOYOTA AURIS,2,E01004211,0,-1
2021010288664,2021,010288664,1,9,0,10,10,7,5,0,0,6,0,0,0,0,1,1,1,1,1,55,8,1797,8,7,TOYOTA AURIS,4,E01002611,0,-1
2021010349858,2021,010349858,1,9,0,3,3,1,5,0,0,2,0,8,0,0,3,1,1,1,1,49,8,1797,8,7,TOYOTA AURIS,4,E01002987,0,-1
20211381L0845,2021,1381L0845,1,9,0,18,19,6,2,0,0,8,0,0,0,0,1,1,6,6,2,21,5,1798,8,3,TOYOTA AURIS,6,E01032499,0,-1