collision_index,collision_year,collision_ref_no,vehicle_reference,vehicle_type,towing_and_articulation,vehicle_manoeuvre_historic,vehicle_manoeuvre,vehicle_direction_from,vehicle_direction_to,vehicle_location_restricted_lane_historic,vehicle_location_restricted_lane,junction_location,skidding_and_overturning,hit_object_in_carriageway,vehicle_leaving_carriageway,hit_object_off_carriageway,first_point_of_impact,vehicle_left_hand_drive,journey_purpose_of_driver_historic,journey_purpose_of_driver,sex_of_driver,age_of_driver,age_band_of_driver,engine_capacity_cc,propulsion_code,age_of_vehicle,generic_make_model,driver_imd_decile,lsoa_of_driver,escooter_flag,driver_distance_banding
2021461100517,2021,461100517,1,9,0,-1,-1,-1,-1,-1,-1,-1,-1,-1,-1,0,-1,1,6,6,3,-1,-1,1598,1,10,TOYOTA AURIS,-1,-1,0,-1
2021411068503,2021,411068503,1,9,0,5,5,6,2,0,0,4,1,0,0,0,4,1,6,6,1,51,8,1797,8,8,TOYOTA AURIS,3,E01023865,0,-1
2021401021077,2021,401021077,1,9,0,12,12,7,3,0,0,1,1,7,1,0,1,1,6,6,2,20,4,1598,1,14,TOYOTA AURIS,2,E01000934,0,-1
2021401059337,2021,401059337,1,9,0,3,3,8,4,0,0,0,0,0,0,0,2,1,6,6,3,-1,-1,1798,8,5,TOYOTA AURIS,-1,-1,0,-1
2021010346321,2021,010346321,1,9,0,7,7,1,4,0,0,5,0,0,0,0,4,1,2,2,1,26,6,1798,8,3,TOYOTA AURIS,5,E01001217,0,-1
2021010315047,2021,010315047,2,9,0,6,6,5,5,0,0,1,0,0,0,0,3,1,6,6,1,40,7,1797,8,7,TOYOTA AURIS,3,E01004303,0,-1
2021010332872,2021,010332872,1,9,0,3,3,4,8,0,0,1,0,0,0,0,2,1,6,6,1,38,7,1598,1,12,TOYOTA AURIS,1,E01004241,0,-1
2021440376049,2021,440376049,1,8,0,2,2,0,0,0,0,0,0,0,0,0,4,1,1,1,1,28,6,1798,8,5,TOYOTA AURIS,1,E01032750,0,-1
2021461022324,2021,461022324,2,9,0,2,2,0,0,0,0,0,0,0,0,0,2,1,6,6,1,-1,-1,1797,8,7,TOYOTA AURIS,1,E01024666,0,-1
2021052101531,2021,052101531,1,8,0,18,19,3,7,0,0,0,0,0,0,0,1,1,1,1,1,51,8,1797,8,6,TOYOTA AURIS,5,E01007109,0,-1
2021141072977,2021,141072977,1,9,0,17,19,6,2,0,0,0,5,0,1,10,1,1,5,6,1,23,5,1329,1,11,TOYOTA AURIS,1,E01011368,0,-1
2021522105954,2021,522105954,2,8,0,18,19,7,1,0,0,1,0,0,0,0,1,1,6,6,3,-1,-1,1797,8,7,TOYOTA AURIS,-1,-1,0,-1
2021131106799,2021,131106799,1,9,0,9,9,1,7,0,0,6,0,0,0,0,1,1,1,1,1,66,10,1797,8,7,TOYOTA AURIS,4,E01011165,0,-1
2021131133351,2021,131133351,1,9,0,18,19,5,7,0,0,2,0,0,0,0,1,1,1,1,1,46,8,1798,8,4,TOYOTA AURIS,6,E01011408,0,-1
2021131062347,2021,131062347,2,9,0,17,19,3,1,0,0,1,0,0,0,0,1,1,1,1,1,34,6,1798,8,4,TOYOTA AURIS,1,E01033003,0,-1
2021522201478,2021,522201478,1,9,0,18,19,6,2,0,0,1,0,7,0,0,1,1,6,6,1,34,6,1797,8,7,TOYOTA AURIS,1,E01014729,0,-1
2021010310740,2021,010310740,1,8,0,18,19,3,7,0,0,8,0,0,0,0,1,1,1,1,1,55,8,1797,8,7,TOYOTA AURIS,2,E01001432,0,-1
2021131126981,2021,131126981,1,9,0,18,19,5,1,0,0,1,0,0,0,0,1,1,1,1,1,45,7,1798,8,5,TOYOTA AURIS,7,E01011142,0,-1
2021010343239,2021,010343239,2,9,0,5,5,7,3,0,0,1,0,0,0,0,4,1,2,2,1,31,6,1598,1,8,TOYOTA AURIS,4,E01004631,0,-1
2021320355725,2021,320355725,1,9,0,9,9,6,4,0,0,6,0,0,3,0,4,1,6,6,1,74,10,1364,2,14,TOYOTA AURIS,2,E01026084,0,-1
2021302100836,2021,302100836,2,8,0,14,14,8,4,0,0,0,0,0,0,0,1,1,1,1,1,51,8,1798,8,4,TOYOTA AURIS,5,E01013587,0,-1
2021131060535,2021,131060535,1,9,0,18,19,1,5,0,0,8,0,0,0,0,-1,1,6,6,3,-1,-1,1598,1,11,TOYOTA AURIS,-1,-1,0,-1
2021231070703,2021,231070703,1,9,0,18,19,8,4,0,0,0,0,0,0,0,1,1,5,6,1,35,6,1598,2,6,TOYOTA AURIS,4,E01009162,0,-1
2021061095782,2021,061095782,1,9,0,18,19,5,6,0,0,4,0,0,0,0,4,1,5,6,1,35,6,1598,1,8,TOYOTA AURIS,9,E01010904,0,-1
2021010338539,2021,010338539,1,8,0,18,19,7,3,9,9,0,0,10,1,2,1,1,2,2,1,63,9,1798,8,5,TOYOTA AURIS,9,E01003442,0,-1
2021201050827,2021,201050827,1,9,0,13,13,6,2,0,0,0,5,0,0,0,1,1,1,1,1,38,7,1398,1,12,TOYOTA AURIS,2,E01009044,0,-1
2021201131016,2021,201131016,2,9,0,18,19,7,4,0,0,0,0,4,0,0,4,1,6,6,1,21,5,1398,1,13,TOYOTA AURIS,8,E01029441,0,-1
2021141112091,2021,141112091,2,9,0,7,7,5,7,0,0,8,0,0,0,0,3,1,1,1,1,-1,-1,1798,8,3,TOYOTA AURIS,10,E01008043,0,-1
2021401100562,2021,401100562,1,9,0,18,19,1,5,9,9,0,0,0,1,10,1,1,5,6,2,75,10,1797,8,7,TOYOTA AURIS,10,E01016796,0,-1
2021440480005,2021,440480005,2,9,0,9,9,1,7,0,0,8,0,0,0,0,3,1,2,2,2,43,7,1598,1,14,TOYOTA AURIS,2,E01022966,0,-1
2021430335387,2021,430335387,2,9,0,1,1,3,7,0,0,0,0,0,0,0,2,1,1,1,1,-1,-1,1329,1,11,TOYOTA AURIS,-1,-1,0,-1
2021411024120,2021,411024120,1,8,-1,18,19,7,2,0,0,4,0,0,0,0,-1,1,6,6,1,55,8,1797,8,6,TOYOTA AURIS,5,E01023705,0,-1
2021201116661,2021,201116661,2,9,0,18,19,8,4,0,0,8,0,0,0,0,1,1,6,6,2,70,10,1329,1,8,TOYOTA AURIS,5,E01010438,0,-1
2021351020584,2021,351020584,1,8,0,17,19,8,3,0,0,8,0,0,0,0,3,1,1,1,1,51,8,1798,8,5,TOYOTA AURIS,3,E01017952,0,-1
2021010322152,2021,010322152,2,8,0,4,4,1,5,0,0,0,0,0,0,0,2,1,1,1,1,49,8,1798,8,4,TOYOTA AURIS,5,E01015926,0,-1
2021010331842,2021,010331842,3,9,0,16,19,2,4,0,0,1,0,0,0,0,1,1,6,6,1,50,8,1798,8,5,TOYOTA AURIS,2,E01033587,0,-1
202131C005921,2021,31C005921,1,9,0,4,4,6,8,0,0,6,0,0,0,0,2,1,1,1,1,38,7,1797,8,6,TOYOTA AURIS,2,E01013836,0,-1
2021161117719,2021,161117719,1,8,0,1,1,0,2,0,0,0,0,0,0,0,3,1,1,1,1,52,8,1797,8,6,TOYOTA AURIS,-1,-1,0,-1
2021010317349,2021,010317349,1,9,0,16,19,1,4,0,0,1,0,0,0,0,4,1,6,6,2,43,7,1797,8,6,TOYOTA AURIS,1,E01002773,0,-1
2021010319132,2021,010319132,1,9,0,18,19,1,5,0,0,8,0,0,0,0,3,1,2,2,2,45,7,1329,1,12,TOYOTA AURIS,5,E01016488,0,-1
2021010310166,2021,010310166,1,8,0,18,19,1,5,0,0,0,0,0,0,0,3,1,1,1,1,47,8,1197,1,6,TOYOTA AURIS,9,E01030391,0,-1
2021471115845,2021,471115845,1,9,0,18,19,6,2,0,0,1,0,0,0,0,1,1,5,6,2,40,7,1798,8,3,TOYOTA AURIS,8,E01020953,0,-1
2021138110608,2021,138110608,2,9,0,18,19,5,3,0,0,1,0,0,0,0,1,1,6,6,1,38,7,1797,8,6,TOYOTA AURIS,1,E01010843,0,-1
2021010305070,2021,010305070,2,9,0,99,99,9,9,99,99,0,9,99,9,99,1,9,6,6,3,-1,-1,1797,8,8,TOYOTA AURIS,2,E01001977,0,-1
2021411080233,2021,411080233,2,9,0,18,19,8,4,0,0,0,0,0,0,0,2,1,6,6,1,53,8,1797,8,7,TOYOTA AURIS,3,E01021823,0,-1
202131C038221,2021,31C038221,1,8,0,9,9,8,6,0,0,6,0,7,0,0,1,1,1,1,1,42,7,1798,8,5,TOYOTA AURIS,1,E01013859,0,-1
2021131045814,2021,131045814,3,9,0,18,19,8,4,0,0,1,0,0,0,0,1,1,6,6,1,48,8,1797,8,8,TOYOTA AURIS,10,E01011567,0,-1
2021411023138,2021,411023138,2,9,0,18,19,5,1,0,0,0,0,0,0,0,2,1,2,2,1,49,8,1364,2,14,TOYOTA AURIS,8,E01002148,0,-1
2021522104445,2021,522104445,1,8,0,18,19,5,7,0,0,8,0,0,0,0,1,1,6,6,1,54,8,1798,8,4,TOYOTA AURIS,2,E01014529,0,-1
2021501130519,2021,501130519,1,9,0,18,19,1,5,0,0,0,0,0,0,0,1,1,6,6,2,51,8,1798,8,6,TOYOTA AURIS,7,E01020047,0,-1
2021548163021,2021,548163021,1,9,0,18,19,4,8,0,0,6,0,0,7,0,1,1,1,1,2,52,8,1598,1,8,TOYOTA AURIS,7,E01031976,0,-1
2021041027046,2021,041027046,1,9,0,9,9,1,3,0,0,8,0,0,7,0,1,1,1,1,1,23,5,1598,1,11,TOYOTA AURIS,2,E01012579,0,-1
2021122100163,2021,122100163,1,9,0,5,5,3,7,0,0,2,0,0,0,0,1,1,1,1,1,30,6,1798,8,6,TOYOTA AURIS,5,E01027594,0,-1
2021522104901,2021,522104901,1,9,0,3,3,1,5,0,0,1,0,0,0,0,2,1,6,6,1,33,6,1598,1,13,TOYOTA AURIS,1,E01014703,0,-1
2021361021698,2021,361021698,1,9,0,18,19,5,1,0,0,0,0,0,0,0,1,1,5,6,1,66,10,1797,8,7,TOYOTA AURIS,5,E01026594,0,-1
2021401071147,2021,401071147,1,9,0,18,19,3,7,0,0,0,0,0,7,1,1,1,6,6,1,35,6,1798,8,5,TOYOTA AURIS,2,E01015703,0,-1
2021010328314,2021,010328314,1,9,0,18,19,7,3,0,0,1,0,0,5,7,1,1,1,1,1,64,9,1598,1,8,TOYOTA AURIS,4,E01002236,0,-1
202131C126321,2021,31C126321,2,8,0,10,10,8,4,0,0,1,0,0,0,0,2,1,1,1,1,37,7,1797,8,6,TOYOTA AURIS,1,E01013959,0,-1
2021010319012,2021,010319012,1,9,0,18,19,5,1,0,0,1,0,0,0,0,1,1,2,2,2,40,7,1798,8,5,TOYOTA AURIS,7,E01002122,0,-1
2021201131626,2021,201131626,1,9,0,9,9,8,6,0,0,8,0,0,0,0,1,1,1,1,1,59,9,1798,8,6,TOYOTA AURIS,3,E01010495,0,-1
2021010314537,2021,010314537,2,9,0,18,19,3,7,0,0,8,0,0,0,0,4,1,6,6,2,50,8,1797,8,6,TOYOTA AURIS,3,E01004123,0,-1
2021010296886,2021,010296886,2,8,0,99,99,9,9,99,99,9,9,99,9,99,1,9,6,6,3,-1,-1,1798,8,3,TOYOTA AURIS,2,E01004267,0,-1
2021361146464,2021,361146464,2,9,0,18,19,8,4,0,0,8,0,0,0,0,1,1,1,1,2,59,9,1798,8,3,TOYOTA AURIS,5,E01030259,0,-1
2021122100407,2021,122100407,1,9,0,9,9,7,5,0,0,8,0,0,0,0,3,1,1,1,1,48,8,1798,8,5,TOYOTA AURIS,1,E01011434,0,-1
2021440199557,2021,440199557,3,9,0,18,19,4,8,0,0,0,0,0,1,0,1,1,6,6,1,32,6,1797,8,6,TOYOTA AURIS,2,E01017155,0,-1
2021131057628,2021,131057628,1,9,0,9,9,3,5,0,0,6,0,0,0,0,1,1,6,6,3,-1,-1,1797,8,6,TOYOTA AURIS,-1,-1,0,-1
2021201067841,2021,201067841,1,9,0,15,15,4,8,0,0,0,0,10,1,10,1,1,6,6,1,17,4,1364,2,9,TOYOTA AURIS,1,E01009332,0,-1
2021131054549,2021,131054549,1,9,0,7,7,1,1,0,0,8,0,0,0,0,1,1,5,6,1,47,8,1598,1,13,TOYOTA AURIS,1,E01010732,0,-1
2021531089919,2021,531089919,2,9,0,18,19,1,5,0,0,8,0,0,0,0,1,1,6,6,1,77,11,1798,8,4,TOYOTA AURIS,5,E01022312,0,-1
2021421018436,2021,421018436,1,9,0,18,19,1,7,0,0,1,0,0,0,0,1,1,6,6,2,40,7,1797,8,10,TOYOTA AURIS,-1,-1,0,-1
2021430221562,2021,430221562,1,9,0,9,9,1,7,0,0,6,0,0,0,0,3,1,6,6,1,39,7,1598,2,6,TOYOTA VERSO,3,E01016475,0,-1
2021552100555,2021,552100555,1,9,0,12,12,8,6,0,0,4,0,0,0,0,1,1,6,6,1,33,6,1598,1,12,TOYOTA VERSO,8,E01015332,0,-1
2021010320090,2021,010320090,1,8,0,18,19,7,3,0,0,2,0,0,0,0,4,1,6,6,1,61,9,1598,1,4,TOYOTA VERSO,1,E01003577,0,-1
2021430428752,2021,430428752,1,9,0,17,19,5,2,0,0,8,0,0,0,0,4,1,3,7,1,27,6,1598,2,6,TOYOTA VERSO,7,E01027182,0,-1
2021201059494,2021,201059494,3,9,0,9,9,6,4,0,0,7,0,0,0,0,4,1,1,1,1,46,8,1998,2,11,TOYOTA VERSO,3,E01010085,0,-1
2021552100736,2021,552100736,2,9,0,18,19,4,8,0,0,8,0,0,0,0,1,1,2,2,1,64,9,1998,2,8,TOYOTA VERSO,5,E01015423,0,-1
2021010313505,2021,010313505,1,9,0,7,7,5,7,0,0,1,0,0,0,0,4,1,3,7,1,42,7,1798,1,9,TOYOTA VERSO,2,E01003990,0,-1
2021201095428,2021,201095428,3,9,0,2,2,0,0,0,0,0,0,0,0,0,1,1,5,6,1,43,7,1998,2,12,TOYOTA VERSO,-1,-1,0,-1
2021430316480,2021,430316480,2,9,0,18,19,4,8,0,0,1,0,0,0,0,1,1,6,6,1,69,10,1598,2,7,TOYOTA VERSO,4,E01017661,0,-1
2021010336245,2021,010336245,3,9,0,18,19,5,1,0,0,0,0,0,0,0,1,1,1,1,1,20,4,1998,2,10,TOYOTA VERSO,4,E01001002,0,-1
2021471081565,2021,471081565,1,9,0,9,9,8,6,4,4,5,0,0,0,0,4,1,5,6,2,56,9,1798,1,8,TOYOTA VERSO,10,E01021158,0,-1
2021010301259,2021,010301259,1,9,0,18,19,3,7,0,0,8,0,0,0,0,1,1,6,6,2,27,6,1596,1,8,TOYOTA VERSO,3,E01001244,0,-1
2021010323322,2021,010323322,1,8,0,99,99,9,9,99,99,9,9,99,9,99,3,9,1,1,1,48,8,1798,1,4,TOYOTA VERSO,3,E01024166,0,-1
2021061039448,2021,061039448,2,9,0,3,3,3,3,0,0,5,0,0,0,0,2,1,6,6,1,32,6,1998,2,10,TOYOTA VERSO,2,E01005143,0,-1
2021401125406,2021,401125406,1,9,0,3,3,1,5,0,0,8,0,0,0,0,2,1,5,6,2,45,7,1598,2,6,TOYOTA VERSO,2,E01015733,0,-1
2021401076368,2021,401076368,2,9,0,18,19,1,5,0,0,1,0,0,0,0,1,1,6,6,1,56,9,1798,1,8,TOYOTA VERSO,3,E01015731,0,-1
2021010331280,2021,010331280,2,9,0,99,99,9,9,99,99,9,9,99,9,99,1,9,6,6,3,-1,-1,1598,2,7,TOYOTA VERSO,7,E01002412,0,-1
2021302100513,2021,302100513,1,9,0,5,5,4,2,0,0,6,0,0,0,0,3,1,6,6,1,42,7,1998,2,11,TOYOTA VERSO,7,E01019677,0,-1
2021041107965,2021,041107965,1,9,0,18,19,3,7,0,0,0,0,0,0,0,1,1,1,1,1,32,6,1598,2,5,TOYOTA VERSO,1,E01024895,0,-1
2021041192536,2021,041192536,1,9,0,18,19,3,7,0,0,1,0,0,0,0,1,1,5,6,1,36,7,1798,1,5,TOYOTA VERSO,4,E01007001,0,-1
2021221036098,2021,221036098,2,9,0,18,19,6,2,0,0,0,0,11,0,0,1,1,5,6,1,32,6,2231,2,9,TOYOTA VERSO,5,E01014096,0,-1
2021440478001,2021,440478001,1,9,0,18,19,4,8,0,0,0,0,0,0,0,1,1,6,6,1,50,8,1998,2,12,TOYOTA VERSO,3,E01017123,0,-1
2021991127299,2021,991127299,2,9,0,18,19,8,4,0,0,8,0,0,0,0,1,1,5,6,1,80,11,1329,1,10,TOYOTA VERSO,6,-1,0,-1
2021010309887,2021,010309887,1,9,0,18,19,7,3,0,0,8,0,0,0,0,1,1,3,7,2,38,7,1798,1,5,TOYOTA VERSO,5,E01003080,0,-1
2021302101642,2021,302101642,1,9,0,18,19,6,2,0,0,1,0,0,0,0,1,1,6,6,1,69,10,1598,2,6,TOYOTA VERSO,2,E01013497,0,-1
2021430321353,2021,430321353,1,9,0,7,7,6,2,0,0,5,5,0,3,9,1,1,6,6,1,34,6,1598,2,6,TOYOTA VERSO,-1,-1,0,-1
2021421037216,2021,421037216,2,9,0,4,4,6,2,0,0,0,0,0,0,0,2,1,5,6,2,44,7,1598,2,7,TOYOTA VERSO,7,E01021650,0,-1
2021061050238,2021,061050238,1,9,0,6,6,7,3,0,0,1,0,0,0,0,1,1,6,6,1,45,7,1998,2,8,TOYOTA VERSO,1,E01005180,0,-1
2021201025247,2021,201025247,8,9,0,2,2,0,0,0,0,0,0,0,0,0,1,1,6,6,3,-1,-1,1596,1,10,TOYOTA VERSO,-1,-1,0,-1
2021201056838,2021,201056838,1,9,0,18,19,4,8,0,0,8,0,0,0,0,1,1,6,6,1,40,7,1798,7,8,TOYOTA VERSO,1,E01010107,0,-1
2021010301732,2021,010301732,1,8,0,99,99,9,9,99,99,9,9,99,9,99,2,9,6,6,1,44,7,1798,1,5,TOYOTA VERSO,2,E01000781,0,-1
2021010330448,2021,010330448,1,9,0,6,6,1,1,0,0,0,0,0,0,0,3,1,2,2,1,49,8,1998,2,9,TOYOTA VERSO,4,E01003492,0,-1
2021010305614,2021,010305614,1,9,0,99,99,9,9,99,99,9,9,99,9,99,2,9,6,6,2,34,6,1798,1,6,TOYOTA VERSO,7,E01023880,0,-1
2021141055440,2021,141055440,1,9,0,18,19,3,7,0,0,1,0,0,0,0,2,1,6,6,1,37,7,1598,2,7,TOYOTA VERSO,1,E01008059,0,-1
2021201065942,2021,201065942,2,9,0,18,19,4,8,0,0,1,0,0,0,0,4,1,6,6,1,42,7,1797,7,7,TOYOTA VERSO,2,E01008883,0,-1
2021010299001,2021,010299001,2,9,0,18,19,8,4,0,0,8,0,0,3,2,3,1,6,6,2,54,8,1798,1,12,TOYOTA VERSO,9,E01002415,0,-1
2021010317162,2021,010317162,2,9,0,6,6,5,5,9,9,8,0,0,0,0,3,1,6,6,2,19,4,1596,1,9,TOYOTA VERSO,1,E01001545,0,-1
2021131126217,2021,131126217,1,9,0,18,19,5,1,0,0,8,0,0,0,0,3,1,5,6,2,37,7,1798,1,5,TOYOTA VERSO,2,E01011450,0,-1
2021061078208,2021,061078208,1,9,0,12,12,7,3,0,0,0,0,0,0,0,2,1,5,6,1,39,7,1329,1,10,TOYOTA VERSO,2,E01005288,0,-1
2021041069727,2021,041069727,1,9,0,1,1,7,3,0,0,0,0,0,0,0,2,1,6,6,3,-1,-1,1596,1,7,TOYOTA VERSO,-1,-1,0,-1
2021010293823,2021,010293823,3,9,0,4,4,7,3,0,0,1,0,0,0,0,2,1,3,7,2,36,7,1998,2,9,TOYOTA VERSO,5,E01001998,0,-1
2021201083163,2021,201083163,1,9,0,18,19,8,4,0,0,1,0,0,0,0,1,1,6,6,2,25,5,1998,2,8,TOYOTA VERSO,1,E01010541,0,-1
2021141106907,2021,141106907,1,9,0,6,6,1,5,0,0,0,0,0,0,0,3,1,5,6,1,64,9,1598,1,4,TOYOTA VERSO,8,E01007379,0,-1
2021201066770,2021,201066770,2,9,0,4,4,2,6,0,0,3,0,0,0,0,2,1,6,6,1,51,8,1596,1,10,TOYOTA VERSO,1,E01009079,0,-1
2021361031931,2021,361031931,1,9,0,5,5,7,3,0,0,4,0,0,0,0,1,1,5,6,2,32,6,1998,2,11,TOYOTA VERSO,5,E01026485,0,-1
2021010318258,2021,010318258,1,9,0,7,7,1,4,0,0,3,0,0,0,0,4,1,6,6,1,32,6,1797,1,6,TOYOTA VERSO,2,E01001712,0,-1
2021010340911,2021,010340911,1,9,0,6,6,1,1,0,0,1,0,0,0,0,3,1,6,6,2,48,8,1798,1,9,TOYOTA VERSO,4,E01004525,0,-1
2021010308898,2021,010308898,5,9,0,2,2,0,0,0,0,2,0,0,0,0,4,1,6,6,3,-1,-1,1596,1,8,TOYOTA VERSO,-1,-1,0,-1
2021010310242,2021,010310242,2,9,0,99,99,9,9,99,99,9,9,99,9,99,2,9,6,6,1,43,7,1598,1,5,TOYOTA VERSO,1,E01003048,0,-1
2021991060051,2021,991060051,1,9,0,18,19,7,3,0,0,0,5,0,2,1,1,1,6,6,1,40,7,1329,1,10,TOYOTA VERSO,4,-1,0,-1
2021201060424,2021,201060424,1,8,0,5,5,5,1,0,0,0,0,0,0,0,0,1,1,1,1,-1,-1,1998,2,12,TOYOTA VERSO,1,E01009718,0,-1
2021010349130,2021,010349130,2,8,0,99,99,9,9,99,99,0,9,99,9,99,9,9,6,6,1,53,8,1596,1,10,TOYOTA VERSO,5,E01001962,0,-1
2021991103849,2021,991103849,1,9,0,18,19,1,5,0,0,8,0,0,0,0,4,1,5,6,2,33,6,1598,1,4,TOYOTA VERSO,6,-1,0,-1
202134WNC1531,2021,34WNC1531,2,8,0,13,13,5,1,0,0,8,0,0,0,0,4,1,1,1,1,44,7,1598,2,4,TOYOTA VERSO,1,E01027244,0,-1
2021501086853,2021,501086853,2,9,0,18,19,5,1,0,0,8,0,0,0,0,1,1,6,6,1,88,11,1598,2,7,TOYOTA VERSO,5,E01018920,0,-1
2021201078422,2021,201078422,4,9,0,2,2,0,0,9,9,0,0,0,0,0,2,1,6,6,1,-1,-1,1598,1,4,TOYOTA VERSO,-1,-1,0,-1
2021461065494,2021,461065494,2,9,0,4,4,5,1,0,0,0,0,0,0,0,3,1,6,6,1,33,6,1998,2,10,TOYOTA VERSO,7,E01024691,0,-1
2021201142557,2021,201142557,3,9,0,3,3,7,3,0,0,1,0,0,0,0,3,1,6,6,1,52,8,1596,1,12,TOYOTA VERSO,1,E01001790,0,-1
2021201137574,2021,201137574,2,9,0,18,19,4,8,0,0,8,0,0,0,0,4,1,1,1,1,46,8,1998,2,8,TOYOTA VERSO,2,E01010311,0,-1
2021061062279,2021,061062279,2,8,0,18,19,1,1,0,0,8,0,0,0,0,4,1,1,1,1,50,8,1598,2,6,TOYOTA VERSO,1,E01025230,0,-1
2021061050482,2021,061050482,1,9,0,18,19,1,5,0,0,0,0,0,0,0,4,1,5,6,2,46,8,1598,2,4,TOYOTA VERSO,3,E01004902,0,-1
2021010321127,2021,010321127,1,8,0,9,9,7,4,0,0,8,0,0,0,0,1,1,1,1,1,45,7,1596,1,11,TOYOTA VERSO,6,E01013418,0,-1
2021010323771,2021,010323771,1,9,0,7,7,2,5,4,4,8,0,0,0,0,4,1,6,6,1,34,6,1798,1,4,TOYOTA VERSO,2,E01001795,0,-1
2021041066270,2021,041066270,2,9,0,18,19,1,5,0,0,1,0,0,0,0,1,1,1,1,1,41,7,1998,2,8,TOYOTA VERSO,1,E01033231,0,-1
2021010308437,2021,010308437,2,9,0,99,99,9,9,99,99,9,9,99,9,99,9,9,6,6,3,25,5,1798,1,12,TOYOTA VERSO,5,E01005648,0,-1
2021221041827,2021,221041827,2,9,0,18,19,6,2,0,0,0,0,0,0,0,2,1,5,6,2,43,7,1798,1,7,TOYOTA VERSO,9,E01006095,0,-1
2021010291646,2021,010291646,1,9,0,5,5,5,1,0,0,2,0,0,0,0,2,1,6,6,1,37,7,1798,1,5,TOYOTA VERSO,1,E01003075,0,-1
2021010296862,2021,010296862,2,9,0,99,99,9,9,0,0,1,0,0,0,0,1,1,6,6,2,49,8,1596,1,10,TOYOTA VERSO,2,E01033700,0,-1
2021061108271,2021,061108271,3,9,0,18,19,1,5,0,0,1,0,0,0,0,1,1,6,6,2,47,8,1598,2,5,TOYOTA VERSO,1,E01005243,0,-1
2021061091103,2021,061091103,1,9,0,18,19,5,1,0,0,0,0,0,0,0,3,1,5,6,1,40,7,1998,2,9,TOYOTA VERSO,3,E01005998,0,-1
2021522103675,2021,522103675,2,8,0,9,9,2,8,0,0,6,0,0,0,0,1,1,6,6,1,30,6,1598,1,4,TOYOTA VERSO,-1,-1,0,-1
2021549890621,2021,549890621,1,9,0,18,19,8,4,0,0,1,1,0,0,0,1,1,6,6,1,60,9,1798,1,7,TOYOTA VERSO,7,E01032073,0,-1
2021010306424,2021,010306424,1,9,0,99,99,9,9,99,99,9,9,99,9,99,0,9,6,6,3,-1,-1,1798,1,7,TOYOTA VERSO,2,E01002767,0,-1
2021430194237,2021,430194237,2,8,0,18,19,3,7,0,0,8,0,0,0,0,4,1,1,1,1,56,9,1797,1,6,TOYOTA VERSO,2,E01016463,0,-1
2021991047787,2021,991047787,2,8,0,2,2,0,0,0,0,0,0,0,0,0,0,1,1,1,1,42,7,1598,2,4,TOYOTA VERSO,2,-1,0,-1
2021302100390,2021,302100390,3,9,0,18,19,2,5,0,0,0,0,0,0,0,1,1,6,6,2,54,8,1798,1,4,TOYOTA VERSO,3,E01019541,0,-1
2021010312154,2021,010312154,1,9,0,10,10,5,3,0,0,3,0,0,0,0,1,1,2,2,2,30,6,1798,1,10,TOYOTA VERSO,6,E01002609,0,-1
2021411052915,2021,411052915,4,9,0,2,2,0,0,0,0,0,0,0,0,0,1,1,5,6,1,45,7,1798,1,5,TOYOTA VERSO,-1,-1,0,-1
2021010350673,2021,010350673,2,9,0,99,99,9,9,99,99,0,9,99,9,99,9,9,6,6,1,57,9,1596,1,5,TOYOTA VERSO,3,E01003605,0,-1
2021991062163,2021,991062163,1,9,0,9,9,6,5,0,0,1,0,0,1,0,1,1,6,6,2,50,8,1598,1,5,TOYOTA VERSO,1,-1,0,-1
2021201134854,2021,201134854,1,9,0,1,1,8,4,9,9,6,0,0,0,0,2,1,6,6,1,35,6,1998,2,12,TOYOTA VERSO,5,E01009008,0,-1
2021461061362,2021,461061362,1,8,0,18,19,3,7,2,2,1,0,0,0,0,1,1,1,1,1,42,7,1998,2,8,TOYOTA VERSO,8,E01016175,0,-1
2021122101179,2021,122101179,2,9,0,5,5,7,1,0,0,0,0,0,0,0,0,1,6,6,2,36,7,1598,2,6,TOYOTA VERSO,2,E01027909,0,-1
2021010332610,2021,010332610,2,9,0,5,5,5,1,0,0,1,0,0,3,0,1,1,6,6,2,42,7,1598,1,4,TOYOTA VERSO,3,E01001941,0,-1
2021010319638,2021,010319638,1,8,0,4,4,6,2,0,0,1,0,0,0,0,1,1,1,1,1,48,8,1598,1,5,TOYOTA VERSO,-1,-1,0,-1
2021430573190,2021,430573190,3,9,0,3,3,8,4,0,0,0,0,0,0,0,2,1,6,6,1,35,6,1329,1,10,TOYOTA VERSO,3,E01016459,0,-1
2021041029155,2021,041029155,1,9,0,2,2,2,6,0,0,0,0,0,0,0,1,1,2,2,2,62,9,1798,1,3,TOYOTA VERSO,8,E01027568,0,-1
2021010338734,2021,010338734,1,8,9,99,99,9,9,99,99,9,9,99,9,99,9,9,6,6,3,-1,-1,1998,2,10,TOYOTA VERSO,-1,-1,0,-1
2021201131419,2021,201131419,2,9,0,7,7,7,4,0,0,6,1,0,0,0,1,1,6,6,1,35,6,1598,1,3,TOYOTA VERSO,1,E01009366,0,-1
2021010318201,2021,010318201,2,9,0,99,99,9,9,99,99,9,9,99,9,99,1,9,6,6,2,43,7,1798,1,8,TOYOTA VERSO,2,E01001692,0,-1