collision_index,collision_year,collision_ref_no,vehicle_reference,vehicle_type,towing_and_articulation,vehicle_manoeuvre_historic,vehicle_manoeuvre,vehicle_direction_from,vehicle_direction_to,vehicle_location_restricted_lane_historic,vehicle_location_restricted_lane,junction_location,skidding_and_overturning,hit_object_in_carriageway,vehicle_leaving_carriageway,hit_object_off_carriageway,first_point_of_impact,vehicle_left_hand_drive,journey_purpose_of_driver_historic,journey_purpose_of_driver,sex_of_driver,age_of_driver,age_band_of_driver,engine_capacity_cc,propulsion_code,age_of_vehicle,generic_make_model,driver_imd_decile,lsoa_of_driver,escooter_flag,driver_distance_banding
2021010323822,2021,010323822,2,8,0,99,99,9,9,99,99,9,9,99,9,99,9,9,1,1,1,53,8,1596,1,7,TOYOTA VERSO,1,E01003535,0,-1
2021201065311,2021,201065311,1,9,0,5,5,3,8,0,0,4,0,0,0,0,1,1,6,6,1,40,7,1998,2,9,TOYOTA VERSO,1,E01033647,0,-1
2021440391571,2021,440391571,2,9,0,2,2,1,5,0,0,8,0,0,0,0,2,1,6,6,1,44,7,1596,1,10,TOYOTA VERSO,4,E01017085,0,-1
2021010331527,2021,010331527,2,9,0,99,99,9,9,99,99,9,9,99,9,99,1,9,6,6,2,24,5,1798,1,11,TOYOTA VERSO,-1,-1,0,-1
2021010296155,2021,010296155,4,9,0,2,2,0,0,6,6,0,0,0,0,0,4,1,6,6,3,-1,-1,1798,1,10,TOYOTA VERSO,-1,-1,0,-1
2021461092891,2021,461092891,2,9,0,18,19,3,7,0,0,1,0,0,0,0,4,1,6,6,1,73,10,1598,2,5,TOYOTA VERSO,9,E01024213,0,-1
2021471091188,2021,471091188,1,9,0,18,19,3,7,0,0,0,0,0,0,0,1,1,6,6,3,-1,-1,1598,2,5,TOYOTA VERSO,8,W01000450,0,-1
2021201128098,2021,201128098,2,9,0,18,19,6,2,0,0,0,0,0,0,0,1,1,6,6,1,52,8,1798,7,10,TOYOTA VERSO,1,E01009482,0,-1
2021010325732,2021,010325732,3,9,0,3,3,7,3,0,0,0,0,0,0,0,2,1,1,1,1,44,7,1798,1,12,TOYOTA VERSO,-1,-1,0,-1
2021010340316,2021,010340316,1,9,0,18,19,7,3,0,0,8,0,0,0,0,1,1,2,2,1,43,7,1798,1,8,TOYOTA VERSO,2,E01001441,0,-1
2021461071830,2021,461071830,2,9,0,18,19,7,5,0,0,4,0,0,0,0,4,1,6,6,2,38,7,1797,1,6,TOYOTA VERSO,5,E01032654,0,-1
2021010314081,2021,010314081,1,9,0,4,4,1,5,0,0,4,0,0,0,0,2,1,6,6,2,34,6,1797,1,7,TOYOTA VERSO,9,E01024145,0,-1
2021201027737,2021,201027737,2,9,0,18,19,-1,-1,0,0,0,0,0,0,0,1,1,6,6,1,39,7,1998,2,10,TOYOTA VERSO,2,E01009082,0,-1
2021211120393,2021,211120393,1,9,0,13,13,5,1,0,0,0,0,0,0,0,4,1,6,6,1,36,7,1998,2,10,TOYOTA VERSO,3,E01010381,0,-1
2021010294374,2021,010294374,1,9,0,17,19,3,7,0,0,4,0,0,0,0,1,1,2,2,1,61,9,1329,1,9,TOYOTA VERSO,6,E01002170,0,-1
2021201144439,2021,201144439,1,9,0,9,9,3,8,0,0,6,0,0,0,0,1,1,1,1,1,50,8,1598,2,5,TOYOTA VERSO,3,E01009242,0,-1
2021010346496,2021,010346496,1,9,0,12,12,1,5,0,0,1,0,4,0,0,1,1,6,6,2,40,7,1998,2,11,TOYOTA VERSO,9,E01031593,0,-1
2021201119568,2021,201119568,2,9,0,18,19,4,8,0,0,6,0,0,0,0,3,1,6,6,1,54,8,1598,2,6,TOYOTA VERSO,1,E01009365,0,-1
2021401050379,2021,401050379,3,9,0,18,19,5,1,0,0,0,0,0,0,0,1,1,6,6,1,48,8,1596,1,11,TOYOTA VERSO,-1,-1,0,-1
2021131085020,2021,131085020,1,9,0,5,5,7,3,0,0,0,0,11,0,0,1,1,3,7,1,40,7,1998,2,12,TOYOTA VERSO,6,E01033696,0,-1
202131D063121,2021,31D063121,1,9,0,9,9,8,4,0,0,5,0,0,7,0,4,1,6,6,1,52,8,1598,1,5,TOYOTA VERSO,10,E01028377,0,-1
2021010309083,2021,010309083,1,9,0,99,99,9,9,99,99,0,9,99,9,99,2,9,6,6,1,39,7,1798,1,6,TOYOTA VERSO,3,E01003720,0,-1
2021430508768,2021,430508768,1,9,0,18,19,8,4,0,0,1,0,0,0,0,1,1,6,6,2,18,4,1598,2,7,TOYOTA VERSO,7,E01016778,0,-1
2021010349551,2021,010349551,1,9,0,18,19,1,5,0,0,1,0,0,0,0,0,1,1,1,1,57,9,1798,1,8,TOYOTA VERSO,-1,-1,0,-1
2021010341684,2021,010341684,1,8,0,99,99,9,9,99,99,9,9,99,9,99,2,9,1,1,1,58,9,1798,1,8,TOYOTA VERSO,1,E01004670,0,-1
2021430384476,2021,430384476,1,9,0,9,9,2,8,0,0,8,0,0,0,0,2,1,6,6,1,31,6,1998,2,10,TOYOTA VERSO,4,E01016448,0,-1
2021461180812,2021,461180812,1,9,0,18,19,1,5,0,0,0,0,4,0,0,1,1,6,6,1,60,9,1598,2,5,TOYOTA VERSO,10,E01016054,0,-1
2021052101193,2021,052101193,1,9,0,18,19,3,7,0,0,0,0,0,0,0,4,1,3,7,2,36,7,1596,1,7,TOYOTA VERSO,8,E01007170,0,-1
2021991051994,2021,991051994,1,8,0,5,5,4,5,0,0,1,0,0,0,0,1,1,1,1,1,42,7,1598,2,5,TOYOTA VERSO,2,-1,0,-1
2021351078123,2021,351078123,1,9,0,18,19,6,2,0,0,1,0,11,0,0,1,1,1,1,1,48,8,1998,2,9,TOYOTA VERSO,4,E01015655,0,-1
2021211080817,2021,211080817,3,9,0,3,3,5,8,0,0,0,0,0,0,0,2,1,6,6,1,33,6,1998,2,10,TOYOTA VERSO,8,E01029749,0,-1
2021070450968,2021,070450968,1,9,0,9,9,3,1,0,0,2,0,0,0,0,1,1,6,6,1,-1,-1,1598,2,4,TOYOTA VERSO,1,E01018521,0,-1
2021010344171,2021,010344171,1,9,0,18,19,5,1,0,0,8,0,0,0,0,1,1,1,1,1,50,8,1798,1,8,TOYOTA VERSO,3,E01003438,0,-1
2021201132033,2021,201132033,2,9,0,18,19,6,2,0,0,8,0,0,0,0,4,1,1,1,1,36,7,1798,1,7,TOYOTA VERSO,1,E01009021,0,-1
2021231017505,2021,231017505,1,9,0,18,19,7,3,0,0,0,0,0,0,0,3,1,3,7,1,59,9,1329,1,9,TOYOTA VERSO,7,E01031007,0,-1
2021991060534,2021,991060534,1,9,0,4,4,8,4,0,0,0,0,0,0,0,1,1,6,6,1,51,8,1598,2,4,TOYOTA VERSO,2,-1,0,-1
2021010347760,2021,010347760,2,9,0,2,2,0,0,9,9,0,0,0,0,0,4,1,6,6,3,-1,-1,1596,1,10,TOYOTA VERSO,-1,-1,0,-1
2021061095374,2021,061095374,2,9,0,18,19,7,3,0,0,0,0,0,0,0,1,1,6,6,2,42,7,1798,1,11,TOYOTA VERSO,3,E01006145,0,-1
2021451023724,2021,451023724,1,9,0,18,19,1,4,0,0,8,0,0,0,0,1,1,6,6,1,36,7,1798,1,12,TOYOTA VERSO,8,E01030580,0,-1
2021010289096,2021,010289096,1,9,0,99,99,9,9,99,99,0,9,99,9,99,9,9,6,6,2,39,7,1998,2,9,TOYOTA VERSO,4,E01004419,0,-1
2021201096349,2021,201096349,1,8,0,3,3,8,4,0,0,1,0,0,0,0,2,1,6,6,1,54,8,1596,1,6,TOYOTA VERSO,1,E01008905,0,-1
2021161035683,2021,161035683,4,9,0,18,19,3,7,0,0,2,0,0,0,0,1,1,6,6,1,28,6,1998,2,11,TOYOTA VERSO,5,E01033414,0,-1
2021201047648,2021,201047648,2,8,0,18,19,8,4,0,0,8,0,0,0,0,1,1,6,6,1,41,7,1329,1,10,TOYOTA VERSO,1,E01009350,0,-1
2021201023347,2021,201023347,1,9,0,4,4,4,8,0,0,2,0,0,0,0,1,1,2,2,2,36,7,1598,2,5,TOYOTA VERSO,2,E01010522,0,-1
2021010304927,2021,010304927,1,9,0,18,19,5,1,0,0,2,0,0,0,0,2,1,6,6,1,45,7,1598,2,5,TOYOTA VERSO,2,E01001114,0,-1
2021201138849,2021,201138849,2,9,0,18,19,4,8,0,0,8,0,0,0,0,3,1,1,1,1,45,7,1598,2,5,TOYOTA VERSO,1,E01033638,0,-1
2021010296624,2021,010296624,2,9,0,18,19,1,5,0,0,1,0,0,0,0,9,1,6,6,2,43,7,1798,1,12,TOYOTA VERSO,2,E01001219,0,-1
2021201114527,2021,201114527,1,8,0,18,19,-1,-1,0,0,0,0,10,0,0,0,1,1,1,3,-1,-1,1798,1,6,TOYOTA VERSO,-1,-1,0,-1
2021421048967,2021,421048967,2,9,0,18,19,1,5,0,0,0,0,0,0,0,1,1,5,6,1,50,8,1598,2,6,TOYOTA VERSO,7,E01021722,0,-1
2021010305119,2021,010305119,1,9,0,99,99,9,9,99,99,9,9,99,9,99,9,9,6,6,1,70,10,1596,1,10,TOYOTA VERSO,3,E01003439,0,-1
2021522104765,2021,522104765,2,9,0,18,19,1,5,0,0,0,0,0,0,0,1,1,6,6,3,-1,-1,1329,1,10,TOYOTA VERSO,-1,-1,0,-1
2021041109421,2021,041109421,2,9,0,18,19,4,8,0,0,8,0,0,0,0,1,1,5,6,1,42,7,1598,2,6,TOYOTA VERSO,9,E01025453,0,-1
2021010351593,2021,010351593,2,9,0,6,6,1,1,0,0,0,0,0,0,0,3,1,6,6,1,48,8,2231,2,11,TOYOTA VERSO,6,E01002169,0,-1
2021010342755,2021,010342755,1,9,9,99,99,9,9,0,0,9,9,99,0,0,9,9,6,6,3,-1,-1,-1,3,1,VOLKSWAGEN ID3,10,E01016767,0,-1
2021131091917,2021,131091917,1,9,0,18,19,5,1,0,0,2,0,0,0,0,1,1,6,6,1,49,8,-1,3,1,VOLKSWAGEN ID3,9,E01011221,0,-1
2021131093579,2021,131093579,1,9,0,18,19,1,5,0,0,0,0,0,7,0,1,1,2,2,1,29,6,-1,3,1,VOLKSWAGEN ID3,6,E01006042,0,-1
2021451064518,2021,451064518,1,9,0,5,5,5,1,0,0,6,0,0,0,0,1,1,5,6,2,43,7,-1,3,1,VOLKSWAGEN ID3,9,E01030672,0,-1
2021501113051,2021,501113051,1,9,0,11,11,5,1,0,0,0,0,0,0,0,4,1,5,6,1,58,9,-1,3,0,VOLKSWAGEN ID3,8,E01015097,0,-1
2021221084808,2021,221084808,1,9,0,13,13,4,8,0,0,0,0,0,0,0,3,1,1,1,1,35,6,-1,3,0,VOLKSWAGEN ID3,10,E01032939,0,-1
2021471126908,2021,471126908,2,9,0,10,10,6,4,0,0,5,0,0,0,0,2,1,5,6,1,53,8,-1,3,0,VOLKSWAGEN ID3,6,E01021206,0,-1
2021451100558,2021,451100558,1,9,0,5,5,1,5,0,0,6,0,0,0,0,1,1,5,6,1,53,8,-1,3,1,VOLKSWAGEN ID3,9,E01030306,0,-1
2021010332120,2021,010332120,2,9,0,99,99,9,9,99,99,9,9,99,9,99,1,9,6,6,3,-1,-1,-1,3,1,VOLKSWAGEN ID3,-1,-1,0,-1
2021010330961,2021,010330961,2,9,0,17,19,1,7,0,0,0,0,4,0,0,4,1,6,6,1,35,6,-1,3,0,VOLKSWAGEN ID3,7,E01004597,0,-1
2021471033360,2021,471033360,1,9,0,5,5,5,1,0,0,4,0,0,0,0,1,1,3,7,1,47,8,-1,3,1,VOLKSWAGEN ID3,10,E01031638,0,-1
2021131062418,2021,131062418,2,9,0,4,4,5,6,0,0,1,0,0,0,0,2,1,5,6,2,52,8,-1,3,0,VOLKSWAGEN ID3,6,E01011505,0,-1
2021131061026,2021,131061026,1,9,0,1,1,0,0,0,0,8,0,0,0,0,2,1,5,6,2,51,8,-1,3,0,VOLKSWAGEN ID3,1,E01011559,0,-1
2021531117394,2021,531117394,1,9,0,5,5,0,0,9,9,0,0,0,0,0,1,1,5,6,1,33,6,-1,3,0,VOLKSWAGEN ID3,10,E01014429,0,-1
2021471059919,2021,471059919,1,9,0,18,19,6,2,0,0,0,0,0,0,0,4,1,6,6,1,83,11,-1,3,0,VOLKSWAGEN ID3,7,E01031490,0,-1
2021549594621,2021,549594621,3,9,0,4,4,7,3,0,0,0,0,0,0,0,2,1,6,6,2,67,10,-1,3,0,VOLKSWAGEN ID3,10,E01028710,0,-1
2021122101052,2021,122101052,1,9,0,3,3,8,4,0,0,2,0,0,0,0,2,1,6,6,2,27,6,-1,3,0,VOLKSWAGEN ID3,10,E01013433,0,-1
2021522200897,2021,522200897,1,9,0,18,19,5,1,0,0,4,0,0,0,0,1,1,6,6,1,47,8,-1,3,0,VOLKSWAGEN ID3,5,E01032111,0,-1
2021131096107,2021,131096107,1,9,0,9,9,2,6,0,0,0,0,0,0,0,4,1,6,6,3,-1,-1,-1,3,0,VOLKSWAGEN ID3,-1,-1,0,-1
2021231099783,2021,231099783,2,9,0,17,19,5,2,0,0,0,0,0,0,0,1,1,5,6,1,29,6,-1,3,0,VOLKSWAGEN ID3,6,E01031193,0,-1
2021471082742,2021,471082742,1,9,0,10,10,3,5,0,0,4,1,0,0,0,3,1,5,6,2,69,10,-1,3,1,VOLKSWAGEN ID3,10,E01022587,0,-1
2021010319541,2021,010319541,5,9,0,3,3,5,1,0,0,1,0,0,0,0,2,1,6,6,1,49,8,-1,3,1,VOLKSWAGEN ID3,6,E01002919,0,-1
2021520105235,2021,520105235,1,9,0,17,19,6,2,0,0,2,0,0,7,10,1,1,6,6,2,47,8,-1,3,0,VOLKSWAGEN ID3,9,E01029129,0,-1
2021010313567,2021,010313567,1,9,0,99,99,9,9,99,99,9,9,99,9,99,2,9,2,2,1,38,7,-1,3,1,VOLKSWAGEN ID3,3,E01003293,0,-1
2021010322725,2021,010322725,2,9,0,3,3,7,3,0,0,1,0,0,0,0,2,1,6,6,2,26,6,-1,3,0,VOLKSWAGEN ID3,3,E01002721,0,-1
2021461102932,2021,461102932,1,9,0,18,19,3,7,0,0,7,1,0,2,0,1,1,5,6,1,23,5,-1,3,1,VOLKSWAGEN ID3,3,E01004280,0,-1
2021010337781,2021,010337781,1,8,0,7,7,3,6,0,0,5,0,0,0,0,4,1,2,2,1,39,7,-1,3,0,-1,2,E01002606,0,-1
2021010346559,2021,010346559,1,9,0,18,19,1,5,0,0,8,0,0,0,0,1,1,6,6,1,30,6,-1,3,0,VOLKSWAGEN ID3,2,E01004696,0,-1
2021010337696,2021,010337696,1,9,9,99,99,9,9,99,99,9,9,99,9,99,9,9,6,6,3,39,7,-1,3,1,VOLKSWAGEN ID3,9,E01002239,0,-1
2021131098818,2021,131098818,2,11,0,18,19,3,7,0,0,0,0,0,0,0,0,1,1,1,1,28,6,5132,2,3,WRIGHTBUS STREETDECK,2,E01010738,0,-1
2021010342128,2021,010342128,1,11,0,18,19,3,7,3,2,0,0,0,0,0,0,1,1,1,1,56,9,5132,2,2,WRIGHTBUS STREETDECK,9,E01023442,0,-1
2021131059002,2021,131059002,2,11,0,18,19,5,1,0,0,0,0,0,0,0,0,1,1,1,1,61,9,5132,2,3,WRIGHTBUS STREETDECK,7,E01032496,0,-1
2021471036186,2021,471036186,1,11,0,5,5,3,6,2,2,6,0,0,0,0,1,1,1,1,1,55,8,5132,2,4,WRIGHTBUS STREETDECK,2,E01016873,0,-1
2021131070312,2021,131070312,1,11,0,5,5,1,5,0,0,2,0,0,0,0,1,1,1,1,1,60,9,5132,2,3,WRIGHTBUS STREETDECK,3,E01011718,0,-1
2021010350549,2021,010350549,1,11,0,16,19,6,2,0,0,2,0,0,0,0,3,1,1,1,1,40,7,5132,2,5,WRIGHTBUS STREETDECK,6,E01002327,0,-1
2021131109019,2021,131109019,2,11,0,-1,-1,-1,-1,-1,-1,8,-1,-1,-1,0,-1,1,1,1,1,52,8,5132,2,3,WRIGHTBUS STREETDECK,1,E01011467,0,-1
2021471096479,2021,471096479,1,11,0,5,5,7,5,0,0,1,0,0,0,0,0,1,1,1,1,29,6,5132,2,4,WRIGHTBUS STREETDECK,3,E01031347,0,-1
2021131036537,2021,131036537,1,11,0,18,19,8,4,0,0,2,0,0,0,0,1,1,1,1,1,42,7,5132,2,2,WRIGHTBUS STREETDECK,2,E01011370,0,-1
2021061047214,2021,061047214,1,11,0,5,5,8,3,0,0,8,0,0,0,0,1,1,1,1,1,46,8,5132,2,1,WRIGHTBUS STREETDECK,3,E01005378,0,-1
2021471115143,2021,471115143,1,11,0,18,19,1,6,0,0,1,0,0,0,0,0,1,1,1,2,53,8,5132,2,5,WRIGHTBUS STREETDECK,3,E01031811,0,-1
2021471038074,2021,471038074,1,11,0,2,2,0,0,0,0,0,0,0,0,0,0,1,1,1,2,43,7,5132,2,5,WRIGHTBUS STREETDECK,2,E01016873,0,-1
2021471097869,2021,471097869,1,11,0,5,5,3,7,0,0,0,0,0,0,0,0,1,1,1,1,62,9,5132,2,6,WRIGHTBUS STREETDECK,7,E01021029,0,-1
2021141126572,2021,141126572,1,11,0,18,19,8,4,0,0,8,0,0,1,0,1,1,1,1,1,61,9,5132,2,6,WRIGHTBUS STREETDECK,1,E01008076,0,-1
2021471085513,2021,471085513,1,11,0,18,19,1,5,0,0,1,0,0,0,0,1,1,5,6,1,59,9,5132,2,4,WRIGHTBUS STREETDECK,6,E01016874,0,-1
2021010328098,2021,010328098,1,11,9,99,99,9,9,99,99,0,9,99,9,99,9,9,6,6,3,43,7,5132,2,3,WRIGHTBUS STREETDECK,5,E01004521,0,-1
2021101118103,2021,101118103,1,11,0,18,19,1,5,0,0,0,0,0,0,0,-1,1,1,1,1,55,8,5132,2,4,WRIGHTBUS STREETDECK,1,E01020671,0,-1
2021131104143,2021,131104143,2,11,0,18,19,7,3,0,0,8,1,0,0,0,1,1,1,1,1,36,7,5132,2,3,WRIGHTBUS STREETDECK,1,E01011292,0,-1
2021010298618,2021,010298618,1,11,0,5,5,7,3,0,0,1,0,0,0,0,0,1,1,1,1,40,7,5132,2,3,WRIGHTBUS STREETDECK,6,E01003459,0,-1
2021471116558,2021,471116558,1,11,0,4,4,6,2,2,2,1,0,0,0,0,0,1,1,1,1,39,7,5132,2,5,WRIGHTBUS STREETDECK,1,E01016908,0,-1
2021111131978,2021,111131978,1,11,0,4,4,8,4,2,2,0,0,0,0,0,4,1,1,1,1,52,8,5132,2,5,WRIGHTBUS STREETDECK,2,E01008665,0,-1
2021010338301,2021,010338301,1,11,0,4,4,7,3,2,2,0,0,0,0,0,0,1,6,6,1,36,7,5132,2,3,WRIGHTBUS STREETDECK,7,E01004134,0,-1
2021010337891,2021,010337891,1,11,5,18,19,1,5,0,0,0,0,0,0,0,1,1,1,1,1,25,5,5132,2,3,WRIGHTBUS STREETDECK,3,E01004533,0,-1
2021010350453,2021,010350453,1,11,0,99,99,9,9,99,99,0,9,99,9,99,1,9,1,1,1,26,6,-1,3,0,WRIGHTBUS STREETDECK,1,E01001330,0,-1
2021010316356,2021,010316356,1,11,0,5,5,0,3,0,0,1,0,0,0,0,0,1,1,1,1,57,9,-1,3,1,WRIGHTBUS STREETDECK,3,E01001327,0,-1
2021010308933,2021,010308933,2,11,0,18,19,3,7,0,0,0,0,0,0,0,1,1,1,1,1,44,7,5132,2,3,WRIGHTBUS STREETDECK,4,E01001146,0,-1
2021471108551,2021,471108551,1,11,0,18,19,6,1,0,0,0,0,0,0,0,1,1,1,1,1,46,8,5132,2,5,WRIGHTBUS STREETDECK,2,E01021179,0,-1
2021131081308,2021,131081308,1,11,0,7,7,5,7,0,0,8,0,0,0,0,4,1,1,1,1,32,6,5132,2,3,WRIGHTBUS STREETDECK,7,E01011067,0,-1
2021061052991,2021,061052991,3,11,0,18,19,1,1,0,0,0,0,0,0,0,0,1,1,1,2,25,5,5132,2,1,WRIGHTBUS STREETDECK,7,E01005373,0,-1
2021010319899,2021,010319899,1,11,0,5,5,1,5,0,0,1,0,0,0,0,0,1,1,1,2,59,9,5132,2,3,WRIGHTBUS STREETDECK,3,E01000977,0,-1
2021131110842,2021,131110842,1,11,0,12,12,5,1,0,0,0,0,0,0,0,1,1,5,6,1,49,8,5132,2,2,WRIGHTBUS STREETDECK,1,E01011721,0,-1
2021471069468,2021,471069468,1,11,0,4,4,2,6,6,6,0,0,0,0,0,0,1,1,1,1,42,7,5132,2,4,WRIGHTBUS STREETDECK,4,E01031786,0,-1
2021471046853,2021,471046853,1,11,0,5,5,2,6,2,2,0,0,0,0,0,0,1,1,1,1,41,7,5132,2,4,WRIGHTBUS STREETDECK,5,E01016886,0,-1
2021131098715,2021,131098715,2,11,0,18,19,7,3,0,0,0,0,0,0,0,4,1,1,1,1,53,8,5132,2,3,WRIGHTBUS STREETDECK,1,E01011368,0,-1
2021010345435,2021,010345435,1,11,0,18,19,3,7,0,0,1,0,11,0,0,1,1,1,1,1,60,9,5132,2,2,WRIGHTBUS STREETDECK,2,E01004725,0,-1
2021010351236,2021,010351236,1,11,0,5,5,1,5,0,0,8,0,0,0,0,0,1,1,1,1,60,9,5132,2,5,WRIGHTBUS STREETDECK,3,E01003570,0,-1
2021101117333,2021,101117333,1,11,0,5,5,5,1,0,0,0,0,0,0,0,4,1,1,1,1,58,9,5132,2,4,WRIGHTBUS STREETDECK,6,E01020619,0,-1
2021010344436,2021,010344436,1,11,0,6,6,4,4,2,2,3,0,0,0,0,0,1,6,6,1,49,8,5132,2,2,WRIGHTBUS STREETDECK,5,E01004383,0,-1
2021471012625,2021,471012625,3,11,0,2,2,4,8,0,0,0,0,0,0,0,2,1,1,1,2,57,9,5132,2,6,WRIGHTBUS STREETDECK,5,E01021059,0,-1
2021010341024,2021,010341024,1,11,0,9,9,1,7,0,0,8,0,0,0,0,1,1,1,1,1,25,5,5132,2,3,WRIGHTBUS STREETDECK,3,E01004533,0,-1
2021131107444,2021,131107444,2,11,0,18,19,1,5,0,0,1,0,0,0,0,0,1,1,1,1,50,8,5132,2,2,WRIGHTBUS STREETDECK,9,E01011945,0,-1
2021361087555,2021,361087555,2,11,-1,-1,-1,-1,-1,-1,-1,0,-1,-1,-1,0,1,1,1,1,1,61,9,5132,2,5,WRIGHTBUS STREETDECK,4,E01026792,0,-1
2021471047313,2021,471047313,1,11,0,18,19,4,8,0,0,0,0,0,0,0,0,2,1,1,1,62,9,5132,2,4,WRIGHTBUS STREETDECK,3,E01020941,0,-1
2021010312786,2021,010312786,2,11,0,3,3,1,5,0,0,1,0,0,0,0,2,1,1,1,2,-1,-1,5132,2,2,WRIGHTBUS STREETDECK,4,E01002000,0,-1
2021131127960,2021,131127960,2,11,0,15,15,3,7,0,0,0,0,0,0,0,0,1,1,1,1,38,7,5132,2,5,WRIGHTBUS STREETDECK,7,E01010932,0,-1
2021131035663,2021,131035663,1,11,0,18,19,3,7,2,2,0,0,0,0,0,3,1,1,1,1,42,7,5132,2,2,WRIGHTBUS STREETDECK,1,E01011739,0,-1
2021471114167,2021,471114167,1,11,0,18,19,8,4,0,0,0,0,0,1,11,1,1,1,1,1,63,9,5132,2,6,WRIGHTBUS STREETDECK,5,E01021059,0,-1
2021010324348,2021,010324348,1,11,0,5,5,0,1,2,2,1,0,0,0,0,0,1,1,1,1,53,8,5132,2,5,WRIGHTBUS STREETDECK,9,E01023580,0,-1
2021131118326,2021,131118326,2,11,0,5,5,5,2,0,0,8,0,0,0,0,3,1,1,1,1,56,9,5132,2,3,WRIGHTBUS STREETDECK,1,E01011471,0,-1
2021471083993,2021,471083993,2,11,0,18,19,1,5,0,0,0,0,0,0,0,4,1,1,1,1,45,7,5132,2,5,WRIGHTBUS STREETDECK,7,E01016917,0,-1
2021471115401,2021,471115401,1,11,0,5,5,8,4,2,2,0,0,0,0,0,0,1,1,1,1,44,7,5132,2,6,WRIGHTBUS STREETDECK,3,E01020930,0,-1
2021131074374,2021,131074374,1,11,0,18,19,4,4,0,0,0,0,0,0,0,4,1,1,1,1,45,7,5132,2,3,WRIGHTBUS STREETDECK,3,E01016046,0,-1
2021471029491,2021,471029491,1,11,0,5,5,1,5,2,2,0,0,0,0,0,0,1,1,1,1,39,7,5132,2,5,WRIGHTBUS STREETDECK,1,E01016908,0,-1
2021471082588,2021,471082588,1,11,0,18,19,7,3,0,0,0,0,0,0,0,1,1,1,1,1,56,9,5132,2,4,WRIGHTBUS STREETDECK,10,E01021083,0,-1
2021131107021,2021,131107021,1,11,0,4,4,1,5,0,0,1,0,0,0,0,0,1,1,1,1,35,6,5132,2,2,WRIGHTBUS STREETDECK,1,E01011426,0,-1
2021471018018,2021,471018018,2,11,0,4,4,7,3,0,0,1,0,0,0,0,0,1,1,1,1,58,9,5132,2,4,WRIGHTBUS STREETDECK,8,E01016956,0,-1
2021131078817,2021,131078817,2,11,0,18,19,2,6,0,0,0,0,0,0,0,1,1,1,1,1,25,5,5132,2,2,WRIGHTBUS STREETDECK,3,E01011327,0,-1
2021471099069,2021,471099069,2,11,0,18,19,1,5,0,0,0,0,0,0,0,0,1,1,1,1,39,7,5132,2,5,WRIGHTBUS STREETDECK,1,E01020912,0,-1
2021522102282,2021,522102282,1,11,0,18,19,1,5,0,0,0,0,0,0,0,1,1,1,1,1,59,9,5132,2,6,WRIGHTBUS STREETDECK,6,E01014447,0,-1
2021010345381,2021,010345381,1,11,0,18,19,7,3,0,0,0,0,10,0,0,0,1,1,1,1,58,9,5132,2,2,WRIGHTBUS STREETDECK,-1,-1,0,-1
2021522200233,2021,522200233,1,11,0,18,19,5,1,0,0,0,0,0,0,0,0,1,6,6,1,36,7,5132,2,6,WRIGHTBUS STREETDECK,5,E01014537,0,-1
2021131085941,2021,131085941,1,11,0,18,19,7,7,0,0,0,0,0,0,0,0,1,1,1,1,59,9,5132,2,3,WRIGHTBUS STREETDECK,1,E01011467,0,-1
2021461113671,2021,461113671,1,9,0,18,19,5,7,0,0,0,0,0,0,0,3,1,6,6,1,20,4,1910,2,18,-1,6,E01024628,0,-1
2021302101119,2021,302101119,2,9,0,3,3,4,8,0,0,0,0,0,0,0,2,1,6,6,1,45,7,1598,1,15,-1,2,E01027937,0,-1
2021231075922,2021,231075922,1,9,0,5,5,3,7,0,0,6,0,0,0,0,1,1,5,6,1,27,6,1970,1,18,-1,4,E01031859,0,-1
2021061052000,2021,061052000,3,9,0,5,5,5,1,0,0,2,0,0,0,0,2,1,6,6,1,51,8,1970,1,15,-1,1,E01005119,0,-1
2021461116534,2021,461116534,6,9,0,18,19,3,7,0,0,0,0,0,0,0,1,1,6,6,1,21,5,1910,2,13,-1,6,E01024571,0,-1
2021111022992,2021,111022992,1,9,0,4,4,3,7,0,0,1,0,0,0,0,1,1,5,6,1,34,6,1910,2,18,-1,-1,-1,0,-1
2021461061791,2021,461061791,2,9,0,18,19,2,6,0,0,1,0,0,0,0,3,1,5,6,1,62,9,1970,1,15,-1,2,E01020111,0,-1
2021501144586,2021,501144586,2,9,0,5,5,5,3,0,0,1,0,0,0,0,1,1,6,6,1,50,8,1970,1,18,-1,4,E01018972,0,-1
2021471080650,2021,471080650,2,5,0,18,19,6,1,0,0,0,1,0,0,0,1,1,2,2,1,46,8,650,1,24,APRILIA MODEL MISSING,1,E01016900,0,-1
2021070491535,2021,070491535,2,3,0,18,19,7,3,0,0,2,1,0,0,0,1,1,6,6,1,21,5,124,1,5,APRILIA MODEL MISSING,2,E01012536,0,-1
2021010299214,2021,010299214,2,3,0,18,19,7,3,0,0,0,0,0,0,0,1,1,6,6,1,27,6,125,1,3,APRILIA MODEL MISSING,4,E01004631,0,-1
2021471014578,2021,471014578,1,2,0,17,19,4,1,0,0,0,1,0,1,10,1,1,5,6,1,16,4,49,1,20,APRILIA MODEL MISSING,1,E01021136,0,-1