collision_index,collision_year,collision_ref_no,vehicle_reference,vehicle_type,towing_and_articulation,vehicle_manoeuvre_historic,vehicle_manoeuvre,vehicle_direction_from,vehicle_direction_to,vehicle_location_restricted_lane_historic,vehicle_location_restricted_lane,junction_location,skidding_and_overturning,hit_object_in_carriageway,vehicle_leaving_carriageway,hit_object_off_carriageway,first_point_of_impact,vehicle_left_hand_drive,journey_purpose_of_driver_historic,journey_purpose_of_driver,sex_of_driver,age_of_driver,age_band_of_driver,engine_capacity_cc,propulsion_code,age_of_vehicle,generic_make_model,driver_imd_decile,lsoa_of_driver,escooter_flag,driver_distance_banding
2021991084994,2021,991084994,1,5,0,17,19,4,8,0,0,0,0,0,0,0,3,1,5,6,1,54,8,1000,1,22,APRILIA MODEL MISSING,7,-1,0,-1
2021501040781,2021,501040781,2,2,0,18,19,6,2,0,0,1,0,0,0,0,2,1,1,1,1,22,5,49,1,21,APRILIA MODEL MISSING,3,E01019051,0,-1
2021471071994,2021,471071994,2,3,0,13,13,2,6,0,0,8,0,0,0,0,1,1,6,6,1,26,6,125,1,20,APRILIA MODEL MISSING,9,E01031393,0,-1
2021161097759,2021,161097759,2,3,0,18,19,5,1,2,2,8,0,0,0,0,1,1,6,6,1,18,4,125,1,19,APRILIA MODEL MISSING,1,E01013218,0,-1
2021122100148,2021,122100148,1,5,0,16,19,2,5,0,0,2,1,0,0,0,4,1,6,6,1,28,6,650,1,23,APRILIA MODEL MISSING,9,E01027737,0,-1
2021221027497,2021,221027497,1,4,0,18,19,2,6,0,0,0,0,0,0,0,3,1,5,6,1,21,5,650,1,20,APRILIA MODEL MISSING,5,E01014026,0,-1
2021010336388,2021,010336388,1,5,0,99,99,9,9,99,99,0,9,99,9,99,9,1,6,6,1,48,8,1000,1,21,APRILIA MODEL MISSING,5,E01004354,0,-1
2021991076951,2021,991076951,1,5,0,13,13,5,1,0,0,0,0,0,0,0,1,1,6,6,1,38,7,1000,1,20,APRILIA MODEL MISSING,8,-1,0,-1
2021501081602,2021,501081602,1,3,0,16,19,3,7,0,0,0,5,12,0,0,1,1,5,6,1,20,4,125,1,20,APRILIA MODEL MISSING,5,E01019923,0,-1
2021421103896,2021,421103896,2,3,0,18,19,1,5,0,0,0,0,0,0,0,1,1,5,6,1,17,4,124,1,19,APRILIA MODEL MISSING,8,E01021677,0,-1
2021421036569,2021,421036569,1,4,0,5,5,3,7,0,0,8,0,0,0,0,3,1,6,6,1,44,7,250,1,23,APRILIA MODEL MISSING,8,E01021478,0,-1
2021211070308,2021,211070308,1,5,0,18,19,8,7,0,0,1,0,0,0,0,1,1,6,6,1,32,6,1000,1,21,APRILIA MODEL MISSING,5,E01014332,0,-1
2021221080030,2021,221080030,2,3,0,18,19,4,8,0,0,0,0,0,0,0,1,1,5,6,1,44,7,998,1,19,APRILIA MODEL MISSING,5,E01014063,0,-1
2021501033970,2021,501033970,2,3,0,18,19,7,3,0,0,0,0,0,0,0,1,1,6,6,1,31,6,124,1,20,APRILIA MODEL MISSING,1,E01015180,0,-1
2021010322047,2021,010322047,2,4,0,18,19,3,7,0,0,2,0,0,0,0,1,1,6,6,1,24,5,125,1,1,-1,1,E01001364,0,-1
2021010324051,2021,010324051,2,3,0,18,19,1,5,0,0,0,2,0,0,0,4,1,6,6,1,36,7,125,1,0,-1,5,E01001960,0,-1
2021461128439,2021,461128439,2,3,0,13,13,7,3,0,0,1,0,0,0,0,1,1,5,6,1,22,5,125,1,1,-1,2,E01033212,0,-1
2021471083869,2021,471083869,1,3,0,17,19,8,6,0,0,0,1,0,1,0,4,1,5,6,2,19,4,125,1,1,-1,6,E01021033,0,-1
2021461074237,2021,461074237,2,9,0,4,4,1,5,0,0,0,0,0,0,0,2,1,6,6,1,28,6,1108,1,19,-1,6,E01024410,0,-1
2021421104810,2021,421104810,1,9,0,1,1,3,1,0,0,0,0,0,0,0,2,1,6,6,1,77,11,1108,1,18,-1,2,E01021977,0,-1
2021010332798,2021,010332798,1,9,0,18,19,7,3,0,0,1,1,0,0,0,1,1,6,6,1,33,6,1108,1,19,-1,3,E01003723,0,-1
2021161065917,2021,161065917,1,9,0,18,19,5,1,0,0,3,1,10,5,6,1,1,5,6,1,18,4,1108,1,18,-1,9,E01001132,0,-1
2021320341899,2021,320341899,1,9,0,18,19,8,4,0,0,2,0,0,0,0,1,1,6,6,1,73,10,2544,1,21,-1,10,E01026294,0,-1
2021010345625,2021,010345625,2,5,0,5,5,5,1,0,0,1,0,0,0,0,1,1,2,2,1,57,9,1261,1,18,-1,10,E01023443,0,-1
2021522104231,2021,522104231,1,5,0,18,19,2,6,0,0,1,0,0,0,0,4,1,6,6,1,52,8,1261,1,19,-1,7,E01015013,0,-1
2021031023467,2021,031023467,1,5,0,18,19,3,7,0,0,0,0,0,0,0,4,1,2,2,1,59,9,1261,1,18,-1,1,E01019142,0,-1
2021161098518,2021,161098518,2,5,0,17,19,2,8,0,0,1,1,0,1,10,4,1,2,2,1,49,8,499,1,36,-1,4,E01013050,0,-1
2021471016096,2021,471016096,1,9,0,18,19,2,6,0,0,0,1,0,0,0,1,1,5,6,2,30,6,1991,2,17,-1,3,E01031372,0,-1
2021461085038,2021,461085038,1,9,0,18,19,3,7,0,0,8,0,0,0,0,3,1,6,6,1,48,8,1468,1,34,-1,1,E01024580,0,-1
2021010306439,2021,010306439,2,9,0,99,99,9,9,99,99,9,9,99,9,99,0,9,6,6,3,-1,-1,2359,1,12,-1,8,E01004170,0,-1
2021440068977,2021,440068977,2,9,0,18,19,1,5,0,0,1,0,0,0,0,1,1,6,6,2,42,7,1968,2,14,-1,2,E01017276,0,-1
2021361075930,2021,361075930,3,9,0,2,2,5,5,0,0,2,0,0,0,0,2,1,6,6,3,-1,-1,1968,2,12,-1,-1,-1,0,-1
2021010288038,2021,010288038,1,9,0,10,10,3,1,0,0,6,0,0,0,0,1,1,6,6,2,50,8,2359,1,11,-1,2,E01003132,0,-1
2021440015677,2021,440015677,1,9,0,18,19,1,5,0,0,8,0,0,0,0,1,1,6,6,1,65,9,2143,2,10,-1,8,E01017293,0,-1
2021461084100,2021,461084100,1,3,0,13,13,3,7,0,0,1,0,0,0,0,1,1,6,6,1,27,6,125,1,2,-1,1,E01030018,0,-1
2021501074228,2021,501074228,2,3,0,18,19,1,5,0,0,1,0,0,0,0,1,1,5,6,1,65,9,125,1,1,-1,1,E01018870,0,-1
2021041065919,2021,041065919,1,4,0,13,13,5,1,0,0,1,0,0,0,0,1,1,6,6,1,82,11,296,1,3,-1,3,E01012726,0,-1
2021991124148,2021,991124148,1,4,0,13,13,7,3,0,0,1,0,0,0,0,1,1,2,2,1,57,9,296,1,5,-1,1,-1,0,-1
2021302101246,2021,302101246,2,4,0,9,9,6,2,0,0,8,0,0,0,0,0,1,6,6,1,39,7,249,1,5,-1,2,E01013552,0,-1
2021501052077,2021,501052077,1,3,0,18,19,4,2,0,0,0,0,0,0,0,0,1,6,6,1,29,6,124,1,3,-1,2,E01018860,0,-1
2021122100551,2021,122100551,1,3,0,18,19,3,7,0,0,0,0,0,0,0,4,1,6,6,1,49,8,125,1,10,-1,6,E01013412,0,-1
2021010342696,2021,010342696,1,3,0,5,5,7,3,0,0,2,0,0,0,0,3,1,6,6,1,45,7,125,1,5,-1,6,E01000582,0,-1
2021552101254,2021,552101254,1,3,0,4,4,4,8,0,0,0,0,0,0,0,0,1,6,6,1,57,9,125,1,8,-1,3,E01015294,0,-1
2021991069738,2021,991069738,2,3,0,18,19,8,4,0,0,8,0,0,0,0,1,1,5,6,1,52,8,125,1,5,-1,-1,-1,0,-1
202131B111721,2021,31B111721,2,3,0,16,19,6,8,0,0,8,0,0,0,0,4,1,6,6,1,44,7,125,1,7,-1,2,E01028300,0,-1
2021211048067,2021,211048067,1,3,0,18,19,4,1,0,0,8,0,0,0,0,3,1,5,6,1,48,8,125,1,3,-1,2,E01029827,0,-1
2021411135680,2021,411135680,2,3,0,4,4,8,4,0,0,8,5,0,0,0,4,1,6,6,1,28,6,125,1,16,-1,6,E01023932,0,-1
2021471026556,2021,471026556,2,3,0,14,14,3,7,0,0,1,0,0,0,0,4,1,5,6,1,55,8,125,1,11,-1,4,E01021002,0,-1
2021421079559,2021,421079559,2,2,0,9,9,1,5,0,0,3,0,0,0,0,3,1,6,6,1,63,9,125,1,5,-1,-1,-1,0,-1
2021041183465,2021,041183465,2,97,0,18,19,8,1,0,0,1,0,0,0,0,1,1,5,6,1,25,5,125,1,11,-1,8,E01025038,0,-1
2021302101523,2021,302101523,1,8,0,18,19,2,6,0,0,1,0,0,0,0,1,1,6,6,1,73,10,2664,2,23,-1,6,E01031144,0,-1
2021461018732,2021,461018732,2,9,0,18,19,2,6,0,0,0,0,0,0,0,4,1,6,6,1,74,10,-1,-1,-1,-1,4,E01016070,0,-1
2021201082488,2021,201082488,2,8,0,18,19,6,2,0,0,6,0,0,0,0,3,1,1,1,1,62,9,2499,7,12,LONDON TAXIS INT. TX4,1,E01009507,0,-1
2021991103248,2021,991103248,2,8,0,18,19,3,7,5,5,0,0,0,1,4,1,1,6,6,1,50,8,2499,2,10,LONDON TAXIS INT. TX4,2,-1,0,-1
2021010314320,2021,010314320,1,8,0,99,99,9,9,0,0,0,0,0,0,0,2,1,6,6,1,52,8,2499,2,11,LONDON TAXIS INT. TX4,4,E01002594,0,-1
2021010325882,2021,010325882,1,8,0,18,19,3,7,0,0,1,0,0,0,0,4,1,1,1,1,48,8,2776,2,4,LONDON TAXIS INT. TX4,8,E01024185,0,-1
2021010294037,2021,010294037,1,8,0,18,19,3,7,0,0,2,0,0,0,0,1,1,1,1,1,62,9,2499,2,12,LONDON TAXIS INT. TX4,4,E01023333,0,-1
2021010315234,2021,010315234,2,8,0,99,99,9,9,99,99,9,9,99,9,99,4,9,6,6,1,65,9,2499,2,7,LONDON TAXIS INT. TX4,9,E01000249,0,-1
2021010317917,2021,010317917,1,8,0,18,19,3,7,0,0,8,0,0,0,0,4,1,1,1,1,49,8,2499,2,14,LONDON TAXIS INT. TX4,2,E01004305,0,-1
2021010347625,2021,010347625,1,8,0,6,6,1,1,0,0,0,0,0,0,0,1,1,1,1,1,37,7,2499,2,8,LONDON TAXIS INT. TX4,-1,-1,0,-1
2021010311917,2021,010311917,2,8,0,99,99,9,9,99,99,9,9,99,9,99,9,9,6,6,3,-1,-1,2499,2,6,LONDON TAXIS INT. TX4,-1,-1,0,-1
2021010310142,2021,010310142,1,8,0,18,19,5,1,0,0,6,0,0,0,0,1,1,1,1,1,69,10,2499,2,8,LONDON TAXIS INT. TX4,9,E01021789,0,-1
2021010302397,2021,010302397,2,8,0,99,99,9,9,99,99,9,9,99,9,99,1,9,6,6,3,52,8,2776,2,4,LONDON TAXIS INT. TX4,4,E01002873,0,-1
2021010321949,2021,010321949,2,8,0,18,19,1,5,0,0,2,0,0,0,0,4,1,1,1,1,52,8,2776,2,6,LONDON TAXIS INT. TX4,8,E01002321,0,-1
2021052101092,2021,052101092,1,8,0,18,19,4,8,0,0,0,0,0,0,0,4,1,1,1,3,-1,-1,2499,2,13,LONDON TAXIS INT. TX4,-1,-1,0,-1
2021141070089,2021,141070089,2,9,0,-1,-1,-1,-1,-1,-1,4,-1,-1,-1,0,-1,1,6,6,3,-1,-1,-1,-1,-1,LONDON TAXIS INT. TX4,-1,-1,0,-1
2021041102762,2021,041102762,1,9,0,9,9,3,5,0,0,5,0,0,0,0,4,1,1,1,1,39,7,-1,-1,-1,LONDON TAXIS INT. TX4,5,E01012706,0,-1
2021201143680,2021,201143680,2,8,0,18,19,5,1,0,0,0,0,0,0,0,1,1,6,6,1,57,9,2499,2,13,LONDON TAXIS INT. TX4,1,E01009569,0,-1
2021141089558,2021,141089558,1,8,0,5,5,4,8,0,0,0,0,0,0,0,2,1,6,6,1,39,7,2499,2,9,LONDON TAXIS INT. TX4,5,E01007978,0,-1
2021052102244,2021,052102244,4,8,0,18,19,6,2,0,0,0,0,0,0,0,2,1,1,1,3,-1,-1,2499,2,11,LONDON TAXIS INT. TX4,-1,-1,0,-1
2021010334674,2021,010334674,1,8,0,18,19,1,5,0,0,1,0,0,0,0,1,1,1,1,1,63,9,2499,2,7,LONDON TAXIS INT. TX4,2,E01001051,0,-1
2021010320465,2021,010320465,4,8,0,3,3,3,7,0,0,4,0,0,0,0,4,1,6,6,1,58,9,2499,2,10,LONDON TAXIS INT. TX4,8,E01021783,0,-1
2021430445251,2021,430445251,1,8,0,9,9,3,1,0,0,5,0,0,0,0,1,1,2,2,1,68,10,2499,2,11,LONDON TAXIS INT. TX4,3,E01017790,0,-1
2021010296044,2021,010296044,5,8,0,5,5,1,5,0,0,1,0,0,0,0,1,1,1,1,1,41,7,2499,2,9,LONDON TAXIS INT. TX4,5,E01002791,0,-1
2021010323216,2021,010323216,1,8,0,18,19,5,1,0,0,6,0,0,0,0,1,1,1,1,1,56,9,2499,2,14,LONDON TAXIS INT. TX4,4,E01000171,0,-1
2021010347630,2021,010347630,2,8,0,99,99,9,9,99,99,9,9,99,9,99,1,9,6,6,1,59,9,2499,2,12,LONDON TAXIS INT. TX4,7,E01002255,0,-1
2021481118867,2021,481118867,2,8,0,3,3,7,3,0,0,1,0,0,0,0,2,1,1,1,1,50,8,2499,2,10,LONDON TAXIS INT. TX4,-1,-1,0,-1
2021010309793,2021,010309793,1,8,0,3,3,5,1,0,0,1,0,0,0,0,0,1,1,1,1,59,9,2499,2,6,LONDON TAXIS INT. TX4,1,E01002694,0,-1
2021010305382,2021,010305382,1,8,0,18,19,5,1,2,2,0,0,0,1,2,1,1,1,1,1,49,8,2499,2,13,LONDON TAXIS INT. TX4,6,E01004176,0,-1
2021010329717,2021,010329717,2,8,9,99,99,9,9,99,99,0,9,99,0,0,9,9,6,6,1,46,8,2499,2,11,LONDON TAXIS INT. TX4,3,E01032719,0,-1
2021010328006,2021,010328006,1,8,0,3,3,1,5,0,0,1,0,0,0,0,2,1,2,2,2,59,9,2776,2,4,LONDON TAXIS INT. TX4,3,E01021806,0,-1
2021061048986,2021,061048986,2,8,0,18,19,5,1,0,0,1,0,0,0,0,1,1,5,6,1,51,8,2499,2,10,LONDON TAXIS INT. TX4,1,E01005287,0,-1
2021010346941,2021,010346941,4,8,0,10,10,7,5,0,0,1,0,0,0,0,4,1,1,1,1,51,8,2499,2,11,LONDON TAXIS INT. TX4,2,E01003497,0,-1
2021010305762,2021,010305762,1,8,0,99,99,9,9,99,99,0,9,99,9,99,1,9,6,6,1,70,10,2499,2,7,LONDON TAXIS INT. TX4,7,E01003709,0,-1
2021010301921,2021,010301921,3,8,0,18,19,3,7,0,0,0,0,0,0,0,3,1,1,1,1,56,9,2499,2,7,LONDON TAXIS INT. TX4,10,E01003362,0,-1
2021010321846,2021,010321846,1,8,0,5,5,1,5,0,0,5,0,0,0,0,0,1,6,6,1,69,10,2499,2,7,LONDON TAXIS INT. TX4,2,E01003120,0,-1
2021010328889,2021,010328889,2,8,0,18,19,5,1,0,0,1,0,0,7,2,1,1,1,1,1,67,10,2499,2,8,LONDON TAXIS INT. TX4,5,E01001935,0,-1
2021010310302,2021,010310302,2,8,0,2,2,0,0,0,0,1,0,0,0,0,0,1,6,6,3,-1,-1,2499,2,8,LONDON TAXIS INT. TX4,-1,-1,0,-1
2021131100396,2021,131100396,2,8,0,18,19,3,7,2,2,8,0,0,0,0,1,1,1,1,1,66,10,2499,2,13,LONDON TAXIS INT. TX4,5,E01011648,0,-1
2021010336100,2021,010336100,1,8,0,6,6,5,5,0,0,2,0,0,0,0,3,1,2,2,1,64,9,2499,2,13,LONDON TAXIS INT. TX4,3,E01004415,0,-1
2021061104880,2021,061104880,2,8,0,18,19,4,8,0,0,1,0,0,0,0,0,1,1,1,1,30,6,2499,2,14,LONDON TAXIS INT. TX4,-1,-1,0,-1
2021010309439,2021,010309439,1,8,0,3,3,5,1,0,0,1,0,0,0,0,2,1,1,1,1,52,8,2499,2,6,LONDON TAXIS INT. TX4,-1,-1,0,-1
2021010338046,2021,010338046,1,8,0,18,19,7,3,0,0,1,0,0,0,0,1,1,6,6,1,63,9,2499,2,7,LONDON TAXIS INT. TX4,8,E01024761,0,-1
2021010329170,2021,010329170,2,8,0,1,1,5,1,0,0,1,0,0,0,0,2,1,1,1,1,47,8,2499,2,8,LONDON TAXIS INT. TX4,1,E01002673,0,-1
2021010317081,2021,010317081,2,9,0,99,99,9,9,0,0,0,0,0,0,0,4,1,6,6,3,-1,-1,-1,-1,-1,LONDON TAXIS INT. TX4,-1,-1,0,-1
2021302101732,2021,302101732,2,8,0,18,19,4,8,0,0,0,0,0,0,0,1,1,1,1,1,47,8,2499,2,11,LONDON TAXIS INT. TX4,8,E01013546,0,-1
2021052101325,2021,052101325,2,8,0,18,19,7,3,0,0,6,0,0,0,0,1,1,6,6,1,60,9,2499,2,12,LONDON TAXIS INT. TX4,4,E01006619,0,-1
2021481057092,2021,481057092,2,8,0,7,7,7,2,0,0,8,0,0,0,0,3,1,1,1,1,42,7,2499,2,15,LONDON TAXIS INT. TX4,3,E01000125,0,-1
2021991093996,2021,991093996,1,8,0,4,4,2,7,1,1,0,0,0,0,0,1,1,1,1,1,78,11,2776,2,5,LONDON TAXIS INT. TX4,7,-1,0,-1
2021991076033,2021,991076033,2,8,0,18,19,8,4,0,0,1,0,0,0,0,1,1,1,1,1,58,9,1998,7,10,LONDON TAXIS INT. TX4,7,-1,0,-1
2021481096023,2021,481096023,1,8,0,18,19,3,7,0,0,1,0,0,0,0,4,1,1,1,1,49,8,2499,2,8,LONDON TAXIS INT. TX4,2,E01000959,0,-1
2021010325960,2021,010325960,1,8,0,18,19,3,7,2,2,2,0,11,0,0,1,1,6,6,1,55,8,2776,2,5,LONDON TAXIS INT. TX4,2,E01002712,0,-1
2021010308668,2021,010308668,1,8,0,99,99,9,9,99,99,9,9,99,9,99,0,9,6,6,3,-1,-1,2499,2,10,LONDON TAXIS INT. TX4,-1,-1,0,-1
2021010320854,2021,010320854,2,8,0,18,19,8,4,0,0,8,0,0,0,0,1,1,1,1,1,46,8,2776,2,4,LONDON TAXIS INT. TX4,7,E01023897,0,-1
2021991078814,2021,991078814,1,8,0,9,9,2,7,0,0,6,0,0,0,0,1,1,1,1,1,50,8,2499,2,6,LONDON TAXIS INT. TX4,10,-1,0,-1
2021481153967,2021,481153967,1,8,0,9,9,1,7,0,0,8,0,0,0,0,4,1,1,1,1,52,8,2499,2,11,LONDON TAXIS INT. TX4,-1,-1,0,-1
2021201017383,2021,201017383,2,9,0,18,19,6,2,0,0,8,0,0,0,0,1,1,1,1,1,48,8,-1,-1,-1,LONDON TAXIS INT. TX4,1,E01009571,0,-1
2021010297760,2021,010297760,1,8,0,5,5,3,7,0,0,8,0,0,0,0,3,1,6,6,2,61,9,2499,2,12,LONDON TAXIS INT. TX4,3,E01003339,0,-1
2021010343041,2021,010343041,1,8,0,18,19,5,1,0,0,1,0,0,0,0,0,1,1,1,1,54,8,2499,2,11,LONDON TAXIS INT. TX4,10,E01002253,0,-1
2021010337578,2021,010337578,1,8,0,6,6,7,7,0,0,8,0,0,0,0,3,1,1,1,1,61,9,2499,2,9,LONDON TAXIS INT. TX4,9,E01030477,0,-1
2021010315505,2021,010315505,3,8,0,3,3,7,3,0,0,1,0,0,0,0,0,1,1,1,1,61,9,2499,2,12,LONDON TAXIS INT. TX4,-1,-1,0,-1
2021481116451,2021,481116451,1,8,0,6,6,7,7,0,0,2,0,0,0,0,3,1,1,1,1,46,8,2499,2,13,LONDON TAXIS INT. TX4,6,E01001597,0,-1
2021201146043,2021,201146043,2,9,0,18,19,8,4,0,0,6,0,0,0,0,4,1,1,1,1,56,9,-1,-1,-1,LONDON TAXIS INT. TX4,2,E01009568,0,-1
2021481105652,2021,481105652,2,8,0,7,7,7,1,0,0,8,0,0,0,0,3,1,1,1,1,60,9,2499,2,9,LONDON TAXIS INT. TX4,-1,-1,0,-1
202106A078730,2021,06A078730,2,9,0,18,19,4,8,0,0,8,0,0,0,0,1,1,1,1,1,47,8,-1,-1,-1,LONDON TAXIS INT. TX4,3,E01005282,0,-1
2021991091664,2021,991091664,1,8,0,18,19,3,7,1,1,1,0,0,2,0,1,1,1,1,1,48,8,2499,2,10,LONDON TAXIS INT. TX4,8,-1,0,-1
2021010322484,2021,010322484,2,8,0,4,4,1,5,0,0,1,0,0,0,0,2,1,6,6,1,63,9,2499,2,6,LONDON TAXIS INT. TX4,-1,-1,0,-1
2021041036581,2021,041036581,1,9,0,5,5,3,7,0,0,1,0,0,0,0,1,1,1,1,1,64,9,-1,-1,-1,LONDON TAXIS INT. TX4,4,E01012699,0,-1
2021010333876,2021,010333876,1,8,0,18,19,1,5,5,5,0,0,11,0,0,1,1,1,1,1,57,9,2499,2,6,LONDON TAXIS INT. TX4,-1,-1,0,-1
2021052100668,2021,052100668,2,8,0,18,19,7,3,0,0,0,0,0,0,0,3,1,1,1,1,35,6,2499,2,7,LONDON TAXIS INT. TX4,1,E01007291,0,-1
2021010343841,2021,010343841,2,8,0,99,99,9,9,0,0,0,0,0,0,0,4,9,6,6,1,47,8,2499,2,7,LONDON TAXIS INT. TX4,2,E01021771,0,-1
2021041051581,2021,041051581,2,9,0,18,19,7,3,0,0,8,0,0,0,0,3,1,1,1,1,60,9,-1,-1,-1,LONDON TAXIS INT. TX4,1,E01012754,0,-1
2021010304725,2021,010304725,2,8,0,6,6,5,5,0,0,8,0,0,0,0,3,1,6,6,1,74,10,2499,2,14,LONDON TAXIS INT. TX4,10,E01002978,0,-1
2021010321911,2021,010321911,1,8,0,18,19,3,7,0,0,8,0,0,0,0,3,1,1,1,1,54,8,2499,2,7,LONDON TAXIS INT. TX4,5,E01002667,0,-1
2021010341103,2021,010341103,1,8,0,3,3,5,1,0,0,1,0,0,0,0,2,1,6,6,1,61,9,2499,2,7,LONDON TAXIS INT. TX4,1,E01000153,0,-1
2021010308689,2021,010308689,2,8,0,99,99,9,9,99,99,9,9,99,9,99,1,9,6,6,3,44,7,2499,2,7,LONDON TAXIS INT. TX4,4,E01000406,0,-1
2021010319653,2021,010319653,1,8,0,5,5,1,5,0,0,2,0,0,1,0,4,1,3,7,1,52,8,2499,2,6,LONDON TAXIS INT. TX4,2,E01002784,0,-1
2021010323182,2021,010323182,1,8,0,6,6,5,5,0,0,0,0,0,0,0,3,1,1,1,1,60,9,2499,2,11,LONDON TAXIS INT. TX4,9,E01000344,0,-1
2021010340126,2021,010340126,2,8,0,2,2,0,0,0,0,1,0,0,0,0,1,1,6,6,3,-1,-1,2499,2,10,LONDON TAXIS INT. TX4,-1,-1,0,-1
2021010307486,2021,010307486,2,8,0,18,19,3,7,0,0,2,0,0,0,0,1,1,1,1,1,66,10,2499,2,8,LONDON TAXIS INT. TX4,8,E01002461,0,-1
2021052101596,2021,052101596,1,8,0,9,9,2,8,0,0,5,0,10,1,1,3,1,1,1,1,68,10,2499,2,10,LONDON TAXIS INT. TX4,4,E01006897,0,-1
2021010307008,2021,010307008,1,8,0,18,19,5,1,0,0,8,0,0,0,0,4,1,1,1,1,56,9,2776,2,5,LONDON TAXIS INT. TX4,9,E01002539,0,-1
2021052100612,2021,052100612,2,8,0,13,13,1,5,0,0,0,0,0,0,0,1,1,1,1,1,52,8,2499,2,15,LONDON TAXIS INT. TX4,1,E01006961,0,-1
2021010328568,2021,010328568,2,8,0,99,99,9,9,99,99,9,9,99,9,99,2,9,6,6,3,-1,-1,2776,2,6,LONDON TAXIS INT. TX4,6,E01001251,0,-1
2021010314055,2021,010314055,1,8,0,18,19,1,5,0,0,0,0,0,0,0,1,1,6,6,1,70,10,2499,2,14,LONDON TAXIS INT. TX4,6,E01001648,0,-1
2021010305008,2021,010305008,1,8,0,99,99,9,9,99,99,0,9,99,9,99,2,9,6,6,1,51,8,2499,2,7,LONDON TAXIS INT. TX4,3,E01003606,0,-1
2021010324740,2021,010324740,1,8,0,18,19,1,5,0,0,0,0,0,0,0,9,1,6,6,1,47,8,2499,2,11,LONDON TAXIS INT. TX4,7,E01002328,0,-1
2021201116662,2021,201116662,2,8,0,18,19,4,8,0,0,8,0,0,0,0,4,1,1,1,1,62,9,2499,2,12,LONDON TAXIS INT. TX4,2,E01009508,0,-1
2021010342441,2021,010342441,1,8,0,99,99,9,9,99,99,9,9,99,9,99,9,9,6,6,3,-1,-1,2499,2,6,LONDON TAXIS INT. TX4,2,E01004036,0,-1
2021481142664,2021,481142664,1,8,0,3,3,6,2,0,0,1,0,0,0,0,1,1,1,1,1,40,7,2499,2,8,LONDON TAXIS INT. TX4,-1,-1,0,-1
2021201146138,2021,201146138,1,8,0,5,5,7,4,0,0,6,0,0,0,0,1,1,6,6,1,-1,-1,2499,2,11,LONDON TAXIS INT. TX4,-1,-1,0,-1
2021010329752,2021,010329752,1,8,0,18,19,5,1,0,0,2,0,0,0,0,1,1,6,6,3,-1,-1,2499,2,8,LONDON TAXIS INT. TX4,-1,-1,0,-1
2021010338229,2021,010338229,1,8,0,18,19,7,3,0,0,0,0,0,0,0,1,1,2,2,1,66,10,2499,2,7,LONDON TAXIS INT. TX4,-1,-1,0,-1
2021010330516,2021,010330516,2,8,0,99,99,9,9,99,99,9,9,99,9,99,9,9,6,6,1,57,9,2499,2,6,LONDON TAXIS INT. TX4,10,E01021754,0,-1
2021010309855,2021,010309855,1,9,0,99,99,9,9,99,99,9,9,99,9,99,1,9,6,6,1,65,9,-1,-1,-1,LONDON TAXIS INT. TX4,3,E01001436,0,-1
2021141099384,2021,141099384,2,9,0,18,19,1,5,0,0,0,0,0,0,0,1,1,1,1,1,48,8,-1,-1,-1,LONDON TAXIS INT. TX4,2,E01007849,0,-1
2021481095604,2021,481095604,1,8,0,18,19,3,7,0,0,2,0,0,0,0,4,1,1,1,1,59,9,2499,2,10,LONDON TAXIS INT. TX4,9,E01004542,0,-1
2021010345878,2021,010345878,2,8,0,99,99,9,9,99,99,9,9,99,9,99,9,9,6,6,1,62,9,2499,2,10,LONDON TAXIS INT. TX4,6,E01004359,0,-1
2021548848121,2021,548848121,1,8,0,9,9,5,3,0,0,4,0,0,0,0,1,1,1,1,1,47,8,2499,2,6,LONDON TAXIS INT. TX4,4,E01015475,0,-1
2021010348561,2021,010348561,1,8,9,99,99,9,9,99,99,9,9,99,9,99,9,9,6,6,3,-1,-1,2776,2,6,LONDON TAXIS INT. TX4,-1,-1,0,-1
2021010319257,2021,010319257,2,8,9,99,99,9,9,99,99,9,9,99,9,99,9,9,6,6,3,-1,-1,2499,2,9,LONDON TAXIS INT. TX4,2,E01003160,0,-1
2021010328490,2021,010328490,3,8,0,3,3,5,1,0,0,1,0,0,0,0,2,1,2,2,1,52,8,2499,2,6,LONDON TAXIS INT. TX4,9,E01002956,0,-1
2021010345869,2021,010345869,1,8,0,18,19,5,1,2,2,8,0,0,0,0,1,1,1,1,1,40,7,2499,2,7,LONDON TAXIS INT. TX4,3,E01000287,0,-1
2021010333110,2021,010333110,2,8,0,99,99,9,9,99,99,9,9,99,9,99,9,9,6,6,3,-1,-1,2499,2,7,LONDON TAXIS INT. TX4,-1,-1,0,-1
2021010304763,2021,010304763,2,8,0,18,19,4,8,0,0,1,0,0,0,0,1,1,1,1,1,51,8,2499,2,7,LONDON TAXIS INT. TX4,3,E01003606,0,-1