collision_index,collision_year,collision_ref_no,vehicle_reference,vehicle_type,towing_and_articulation,vehicle_manoeuvre_historic,vehicle_manoeuvre,vehicle_direction_from,vehicle_direction_to,vehicle_location_restricted_lane_historic,vehicle_location_restricted_lane,junction_location,skidding_and_overturning,hit_object_in_carriageway,vehicle_leaving_carriageway,hit_object_off_carriageway,first_point_of_impact,vehicle_left_hand_drive,journey_purpose_of_driver_historic,journey_purpose_of_driver,sex_of_driver,age_of_driver,age_band_of_driver,engine_capacity_cc,propulsion_code,age_of_vehicle,generic_make_model,driver_imd_decile,lsoa_of_driver,escooter_flag,driver_distance_banding
2021548628821,2021,548628821,1,8,0,18,19,2,6,0,0,0,0,0,0,0,1,1,1,1,1,47,8,2499,2,6,LONDON TAXIS INT. TX4,4,E01015475,0,-1
2021061047429,2021,061047429,2,8,0,3,3,2,2,0,0,0,0,0,0,0,2,1,1,1,1,39,7,2499,2,8,LONDON TAXIS INT. TX4,3,E01006106,0,-1
2021201134555,2021,201134555,1,8,0,6,6,4,4,0,0,0,0,0,0,0,3,1,6,6,1,50,8,2499,2,10,LONDON TAXIS INT. TX4,7,E01009693,0,-1
2021421115610,2021,421115610,1,8,0,18,19,7,3,0,0,0,0,0,0,0,4,1,1,1,1,42,7,2499,2,11,LONDON TAXIS INT. TX4,4,E01021843,0,-1
2021061115906,2021,061115906,1,8,0,18,19,3,7,0,0,0,0,0,0,0,4,1,6,6,1,50,8,2499,2,12,LONDON TAXIS INT. TX4,1,E01006310,0,-1
2021010338741,2021,010338741,1,8,0,18,19,5,1,2,2,1,0,0,0,0,1,1,1,1,1,60,9,2499,2,13,LONDON TAXIS INT. TX4,9,E01026226,0,-1
2021010334491,2021,010334491,2,8,9,18,19,7,3,0,0,0,0,0,0,0,4,9,6,6,3,-1,-1,2776,2,5,LONDON TAXIS INT. TX4,-1,-1,0,-1
2021010313150,2021,010313150,2,8,0,99,99,9,9,99,99,9,9,99,9,99,9,9,6,6,3,-1,-1,2776,2,5,LONDON TAXIS INT. TX4,-1,-1,0,-1
2021010317689,2021,010317689,2,9,0,18,19,6,2,0,0,1,0,0,0,0,1,1,6,6,3,48,8,-1,-1,-1,LONDON TAXIS INT. TX4,3,E01004571,0,-1
2021010329783,2021,010329783,2,8,9,2,2,0,0,99,99,0,0,0,0,0,9,9,6,6,3,-1,-1,2776,2,5,LONDON TAXIS INT. TX4,-1,-1,0,-1
2021430202808,2021,430202808,1,8,0,18,19,8,4,0,0,1,0,0,0,0,1,1,1,1,1,51,8,2499,2,12,LONDON TAXIS INT. TX4,4,E01016359,0,-1
2021010345923,2021,010345923,1,8,0,6,6,3,3,0,0,1,0,0,0,0,1,1,1,1,1,36,7,2776,2,5,LONDON TAXIS INT. TX4,-1,-1,0,-1
2021010333327,2021,010333327,1,8,0,99,99,9,9,99,99,9,9,99,9,99,9,9,1,1,1,33,6,2499,2,6,LONDON TAXIS INT. TX4,2,E01004252,0,-1
2021010308618,2021,010308618,1,8,0,18,19,3,7,2,2,1,0,0,0,0,3,1,1,1,1,69,10,2499,2,6,LONDON TAXIS INT. TX4,3,E01004756,0,-1
2021010307604,2021,010307604,2,8,0,99,99,9,9,99,99,9,9,99,9,99,1,9,6,6,3,-1,-1,2776,2,4,LONDON TAXIS INT. TX4,-1,-1,0,-1
2021010346354,2021,010346354,3,8,0,18,19,1,5,0,0,1,0,0,0,0,3,1,1,1,1,49,8,2499,2,8,LONDON TAXIS INT. TX4,6,E01000324,0,-1
2021481095610,2021,481095610,2,8,0,18,19,5,1,0,0,2,0,0,0,0,4,1,1,1,1,47,8,2499,2,6,LONDON TAXIS INT. TX4,2,E01004711,0,-1
2021010316625,2021,010316625,1,8,0,18,19,5,1,0,0,1,0,0,0,0,4,1,1,1,1,54,8,2499,2,7,LONDON TAXIS INT. TX4,9,E01022060,0,-1
2021411083487,2021,411083487,1,8,0,3,3,1,5,0,0,0,0,0,0,0,1,1,1,1,1,-1,-1,2499,2,13,LONDON TAXIS INT. TX4,2,E01004239,0,-1
2021201111024,2021,201111024,2,8,0,3,3,8,4,0,0,0,0,0,0,0,2,1,6,6,1,49,8,2499,2,12,LONDON TAXIS INT. TX4,5,E01009593,0,-1
2021201065703,2021,201065703,2,8,0,18,19,-1,-1,0,0,0,0,0,0,0,1,1,6,6,1,-1,-1,2499,2,11,LONDON TAXIS INT. TX4,-1,-1,0,-1
2021430077237,2021,430077237,1,8,0,18,19,2,6,0,0,2,0,0,0,0,1,1,1,1,1,53,8,2499,2,14,LONDON TAXIS INT. TX4,4,E01016406,0,-1
2021010317460,2021,010317460,2,8,0,99,99,9,9,99,99,9,9,99,9,99,9,9,6,6,3,72,10,2776,2,5,LONDON TAXIS INT. TX4,6,E01003711,0,-1
2021010308205,2021,010308205,1,8,0,6,6,7,7,0,0,0,0,0,0,0,1,1,1,1,1,58,9,2499,2,10,LONDON TAXIS INT. TX4,9,E01021746,0,-1
2021010341971,2021,010341971,2,8,0,99,99,9,9,99,99,9,9,99,9,99,1,9,6,6,3,-1,-1,2499,2,6,LONDON TAXIS INT. TX4,-1,-1,0,-1
2021010348978,2021,010348978,2,8,0,2,2,0,0,0,0,1,0,0,0,0,3,1,6,6,3,-1,-1,2499,2,8,LONDON TAXIS INT. TX4,-1,-1,0,-1
2021041117439,2021,041117439,1,9,0,18,19,4,8,0,0,1,0,0,0,0,1,1,1,1,1,52,8,-1,-1,-1,LONDON TAXIS INT. TX4,1,E01025248,0,-1
2021061101830,2021,061101830,2,8,0,18,19,8,4,0,0,1,0,0,0,0,1,1,1,1,1,72,10,2499,2,12,LONDON TAXIS INT. TX4,1,E01025218,0,-1
2021461071093,2021,461071093,2,8,0,18,19,3,7,0,0,0,0,0,0,0,2,1,6,6,1,60,9,2499,2,8,LONDON TAXIS INT. TX4,6,E01001679,0,-1
2021061108233,2021,061108233,2,8,0,18,19,6,2,0,0,1,0,0,0,0,3,1,1,1,1,42,7,2499,2,12,LONDON TAXIS INT. TX4,5,E01006013,0,-1
2021010298439,2021,010298439,2,8,0,99,99,9,9,99,99,1,0,99,9,99,2,1,6,6,1,63,9,2499,2,6,LONDON TAXIS INT. TX4,9,E01024442,0,-1
2021010305338,2021,010305338,2,8,9,99,99,9,9,99,99,9,9,99,9,99,9,9,6,6,3,-1,-1,2776,2,4,LONDON TAXIS INT. TX4,-1,-1,0,-1
2021010349019,2021,010349019,1,8,0,4,4,5,1,0,0,1,0,0,0,0,1,1,6,6,1,57,9,2499,2,12,LONDON TAXIS INT. TX4,10,E01002460,0,-1
2021052102621,2021,052102621,2,8,0,2,2,0,0,0,0,0,0,0,0,0,1,1,1,1,1,64,9,2499,2,12,LONDON TAXIS INT. TX4,-1,-1,0,-1
2021010291993,2021,010291993,2,9,0,99,99,9,9,99,99,9,9,99,9,99,9,9,6,6,3,-1,-1,-1,-1,-1,LONDON TAXIS INT. TX4,6,E01004749,0,-1
2021010346654,2021,010346654,1,8,0,7,7,3,6,0,0,1,0,0,0,0,1,1,6,6,3,-1,-1,2499,2,12,LONDON TAXIS INT. TX4,9,E01002469,0,-1
2021481114593,2021,481114593,1,8,0,6,6,3,3,0,0,0,0,0,0,0,3,1,1,1,1,50,8,2499,2,10,LONDON TAXIS INT. TX4,-1,-1,0,-1
2021010334411,2021,010334411,2,8,9,18,19,1,5,99,99,9,9,99,9,99,9,9,6,6,3,-1,-1,2499,2,11,LONDON TAXIS INT. TX4,-1,-1,0,-1
2021010316587,2021,010316587,1,8,0,18,19,6,2,0,0,0,0,0,0,0,2,1,1,1,1,39,7,222,2,4,LONDON TAXIS INT. TX4,-1,-1,0,-1
2021991089752,2021,991089752,2,8,0,18,19,7,3,2,2,1,0,7,1,0,1,1,1,1,1,57,9,2499,2,6,LONDON TAXIS INT. TX4,10,-1,0,-1
2021010310625,2021,010310625,2,8,0,99,99,9,9,99,99,9,9,99,9,99,9,9,6,6,1,63,9,2776,2,4,LONDON TAXIS INT. TX4,2,E01003984,0,-1
2021010329190,2021,010329190,2,8,9,99,99,9,9,99,99,9,9,99,9,99,9,9,6,6,3,55,8,2499,2,14,LONDON TAXIS INT. TX4,5,E01001685,0,-1
2021010309624,2021,010309624,2,8,0,3,3,3,7,0,0,3,0,0,0,0,1,1,1,1,1,54,8,2499,2,7,LONDON TAXIS INT. TX4,7,E01000391,0,-1
2021371071845,2021,371071845,2,8,0,18,19,7,3,0,0,8,0,0,0,0,1,1,1,1,1,56,9,2499,2,13,LONDON TAXIS INT. TX4,7,E01030083,0,-1
2021010337302,2021,010337302,2,8,9,99,99,9,9,99,99,9,9,99,9,99,9,1,6,6,3,59,9,2499,2,12,LONDON TAXIS INT. TX4,8,E01004135,0,-1
2021041080908,2021,041080908,1,9,0,18,19,8,4,0,0,0,0,0,0,0,1,1,5,6,1,50,8,-1,-1,-1,LONDON TAXIS INT. TX4,2,E01012696,0,-1
2021430413514,2021,430413514,1,8,0,18,19,4,8,2,2,0,0,0,0,0,1,1,1,1,1,46,8,2499,2,13,LONDON TAXIS INT. TX4,10,E01016669,0,-1
2021061107025,2021,061107025,2,8,0,18,19,8,4,0,0,1,0,0,0,0,1,1,1,1,1,41,7,2499,2,12,LONDON TAXIS INT. TX4,2,E01005105,0,-1
2021010304561,2021,010304561,2,8,0,99,99,9,9,99,99,9,9,99,9,99,2,9,6,6,3,-1,-1,2499,2,8,LONDON TAXIS INT. TX4,6,E01003698,0,-1
2021141094378,2021,141094378,1,9,0,18,19,8,4,0,0,0,0,0,0,0,1,1,1,1,1,59,9,-1,-1,-1,LONDON TAXIS INT. TX4,2,E01007872,0,-1
2021010309363,2021,010309363,2,9,0,2,2,0,0,0,0,0,0,4,0,0,3,1,6,6,3,-1,-1,-1,-1,-1,LONDON TAXIS INT. TX4,-1,-1,0,-1
2021010341238,2021,010341238,1,8,9,18,19,3,7,0,0,6,0,99,0,0,4,9,6,6,1,63,9,2776,2,5,LONDON TAXIS INT. TX4,4,E01001241,0,-1
2021481132983,2021,481132983,1,8,0,4,4,3,7,0,0,0,0,0,0,0,4,1,1,1,1,50,8,2776,2,4,LONDON TAXIS INT. TX4,-1,-1,0,-1
2021010345702,2021,010345702,1,8,0,10,10,7,5,0,0,1,0,0,0,0,1,1,1,1,1,59,9,2499,2,7,LONDON TAXIS INT. TX4,2,E01000525,0,-1
2021010339494,2021,010339494,1,8,0,99,99,9,9,99,99,9,9,99,9,99,2,9,1,1,1,59,9,2499,2,10,LONDON TAXIS INT. TX4,7,E01003673,0,-1
2021041125049,2021,041125049,2,9,0,18,19,7,7,0,0,2,0,0,0,0,4,1,1,1,1,58,9,-1,-1,-1,LONDON TAXIS INT. TX4,1,E01025296,0,-1
2021991104478,2021,991104478,2,8,0,17,19,5,2,0,0,0,0,0,0,0,1,1,1,1,1,64,9,2499,2,6,LONDON TAXIS INT. TX4,4,-1,0,-1
2021041076945,2021,041076945,1,9,0,9,9,3,7,0,0,2,0,0,0,0,4,1,1,1,2,44,7,-1,-1,-1,LONDON TAXIS INT. TX4,1,E01012735,0,-1
2021061126966,2021,061126966,1,8,0,18,19,1,5,0,0,0,0,4,0,0,1,1,1,1,1,52,8,2499,2,13,LONDON TAXIS INT. TX4,2,E01006039,0,-1
2021010329614,2021,010329614,1,8,0,9,9,7,5,0,0,5,0,0,0,0,4,1,1,1,1,48,8,2499,2,12,LONDON TAXIS INT. TX4,3,E01004313,0,-1
2021010340473,2021,010340473,1,8,0,18,19,7,3,0,0,1,0,0,0,0,4,1,1,1,1,68,10,2499,2,7,LONDON TAXIS INT. TX4,5,E01002913,0,-1
2021010345853,2021,010345853,1,8,0,3,3,3,7,0,0,1,5,0,0,0,2,1,1,1,1,53,8,2499,2,7,LONDON TAXIS INT. TX4,8,E01002383,0,-1
2021111102908,2021,111102908,1,3,0,13,13,8,8,0,0,8,1,0,0,0,1,1,6,6,1,22,5,95,1,20,-1,4,E01008286,0,-1
2021221024970,2021,221024970,1,4,0,18,19,4,8,0,0,0,0,10,0,0,4,1,5,6,1,73,10,249,1,3,-1,9,E01032482,0,-1
2021010300896,2021,010300896,1,9,0,18,19,1,5,0,0,0,0,0,0,0,2,1,6,6,1,51,8,2261,1,13,-1,3,E01003525,0,-1
2021061078866,2021,061078866,1,9,0,18,19,5,8,9,9,1,0,0,1,0,1,1,5,6,1,16,4,2184,2,9,-1,-1,-1,0,-1
2021991088187,2021,991088187,2,9,0,17,19,5,2,0,0,0,0,0,0,0,3,1,6,6,1,64,9,2184,2,10,-1,2,-1,0,-1
2021991029205,2021,991029205,2,9,0,18,19,6,6,0,0,0,0,0,0,0,3,1,5,6,1,52,8,2184,2,10,-1,9,-1,0,-1
2021010297226,2021,010297226,2,5,0,13,13,8,4,0,0,1,0,0,0,0,1,1,1,1,1,28,6,-1,-1,-1,-1,-1,-1,0,-1
2021411132982,2021,411132982,2,5,0,18,19,4,8,0,0,8,0,0,0,0,1,1,5,6,1,52,8,-1,-1,-1,-1,6,E01015373,0,-1
2021010321641,2021,010321641,1,5,0,99,99,9,9,99,99,9,9,99,9,99,9,1,2,2,1,48,8,-1,-1,-1,-1,3,E01000058,0,-1
2021440409308,2021,440409308,2,5,0,18,19,1,5,0,0,8,0,0,1,0,1,1,2,2,1,41,7,-1,-1,-1,-1,10,E01022661,0,-1
202131C062721,2021,31C062721,1,19,0,18,19,5,1,0,0,8,0,0,0,0,1,1,6,6,1,60,9,-1,-1,-1,-1,9,E01028355,0,-1
2021170L10871,2021,170L10871,1,5,0,16,19,3,7,0,0,0,0,0,4,6,1,1,6,6,1,45,7,599,1,15,-1,3,E01012119,0,-1
2021010298495,2021,010298495,1,5,0,18,19,3,7,0,0,0,0,0,0,0,1,1,2,2,1,41,7,599,1,17,-1,5,E01004461,0,-1
2021101098482,2021,101098482,1,5,0,18,19,3,7,0,0,0,1,0,0,0,3,1,5,6,1,20,4,599,1,16,-1,2,E01027422,0,-1
2021351118816,2021,351118816,1,4,0,3,3,7,3,0,0,4,0,0,0,0,2,1,2,2,1,-1,-1,599,1,17,-1,4,E01018044,0,-1
2021440357191,2021,440357191,1,11,0,4,4,3,7,0,0,0,0,0,0,0,0,1,1,1,1,36,7,10837,2,2,-1,5,E01031016,0,-1
2021522102196,2021,522102196,2,9,0,5,5,1,5,0,0,0,0,0,0,0,0,1,6,6,1,26,6,2401,2,15,VOLVO XC90,2,E01014692,0,-1
2021010317600,2021,010317600,1,9,0,2,2,0,0,0,0,1,9,0,0,99,2,9,3,7,1,46,8,1969,2,5,VOLVO XC90,3,E01001327,0,-1
2021122100663,2021,122100663,1,9,0,18,19,5,1,0,0,3,0,0,0,0,1,1,2,2,1,50,8,1969,2,3,VOLVO XC90,8,E01027691,0,-1
2021061109687,2021,061109687,3,9,0,18,19,5,5,0,0,0,0,4,0,0,1,1,6,6,1,65,9,2401,2,16,VOLVO XC90,1,E01033687,0,-1
2021501104925,2021,501104925,1,9,0,18,19,6,2,0,0,8,0,0,0,0,1,1,5,6,1,49,8,2401,2,14,VOLVO XC90,9,E01022613,0,-1
2021010322197,2021,010322197,2,9,0,9,9,5,3,0,0,5,0,0,0,0,3,1,6,6,2,65,9,2400,2,9,VOLVO XC90,5,E01001350,0,-1
2021010338421,2021,010338421,1,9,0,4,4,6,2,0,0,3,0,0,0,0,4,1,6,6,1,48,8,1969,12,0,VOLVO XC90,2,E01000600,0,-1
2021351096340,2021,351096340,2,9,0,18,19,5,1,0,0,0,0,0,0,0,3,1,5,6,1,36,7,2401,2,14,VOLVO XC90,2,E01015612,0,-1
2021161027807,2021,161027807,1,9,0,6,6,6,6,0,0,1,0,0,0,0,1,1,3,7,1,41,7,1969,2,5,VOLVO XC90,8,E01013269,0,-1
2021010316060,2021,010316060,2,9,0,99,99,9,9,99,99,9,9,99,9,99,9,9,6,6,1,46,8,2400,2,11,VOLVO XC90,4,E01001165,0,-1
2021471109470,2021,471109470,2,9,0,2,2,0,0,0,0,1,0,0,0,0,0,1,6,6,3,-1,-1,2401,2,17,VOLVO XC90,-1,-1,0,-1
2021451057407,2021,451057407,1,9,0,5,5,3,7,9,9,0,0,0,0,0,1,1,3,7,2,45,7,2401,2,15,VOLVO XC90,7,E01030833,0,-1
2021471018018,2021,471018018,1,9,0,11,11,7,3,0,0,1,0,0,0,0,0,1,6,6,2,38,7,2401,2,14,VOLVO XC90,10,E01031619,0,-1
2021411104928,2021,411104928,1,9,0,14,14,8,4,0,0,1,0,0,0,0,1,1,1,1,1,31,6,1969,8,0,VOLVO XC90,2,E01023758,0,-1
2021440413238,2021,440413238,3,9,0,4,4,2,6,0,0,0,0,0,0,0,2,1,6,6,2,45,7,2400,2,9,VOLVO XC90,7,E01017367,0,-1
2021010344907,2021,010344907,2,9,0,18,19,7,3,0,0,0,0,0,0,0,1,1,6,6,2,46,8,2400,2,8,VOLVO XC90,9,E01001422,0,-1
2021411100637,2021,411100637,2,9,0,2,2,0,0,0,0,0,1,0,0,0,1,1,5,6,3,-1,-1,2400,2,11,VOLVO XC90,-1,-1,0,-1
2021010304530,2021,010304530,1,9,0,3,3,7,3,0,0,2,0,0,0,0,1,1,2,2,1,46,8,1969,8,1,VOLVO XC90,2,E01004679,0,-1
2021430262364,2021,430262364,1,9,0,18,19,7,3,0,0,0,0,0,0,0,1,1,6,6,3,-1,-1,1969,8,3,VOLVO XC90,-1,-1,0,-1
2021411167958,2021,411167958,2,9,0,3,3,4,8,0,0,1,0,0,0,0,2,1,6,6,2,38,7,2400,2,10,VOLVO XC90,10,E01023742,0,-1
2021010323462,2021,010323462,2,9,9,99,99,9,9,99,99,9,9,99,9,0,9,1,6,6,3,-1,-1,2401,2,18,VOLVO XC90,-1,-1,0,-1
2021010308737,2021,010308737,1,9,0,3,3,2,6,0,0,1,0,0,0,0,3,1,6,6,1,29,6,2401,2,15,VOLVO XC90,2,E01002793,0,-1
2021421033163,2021,421033163,3,9,0,17,19,2,6,0,0,0,0,0,0,0,3,1,5,6,1,46,8,1969,8,4,VOLVO XC90,7,E01002338,0,-1
2021501090953,2021,501090953,1,9,0,5,5,6,2,0,0,0,0,0,0,0,0,1,5,6,1,71,10,2401,2,15,VOLVO XC90,5,E01020342,0,-1
2021010310023,2021,010310023,2,9,0,99,99,9,9,99,99,9,9,99,9,99,2,9,6,6,2,47,8,2400,2,10,VOLVO XC90,8,E01000343,0,-1
2021430546994,2021,430546994,1,9,0,1,1,2,8,0,0,0,0,0,0,0,2,1,6,6,1,89,11,1969,12,0,VOLVO XC90,5,E01028530,0,-1
2021141079183,2021,141079183,1,9,0,18,19,1,6,0,0,1,0,0,0,0,1,1,2,2,1,54,8,2401,2,16,VOLVO XC90,6,E01007585,0,-1
2021440463899,2021,440463899,1,9,0,9,9,8,6,0,0,8,0,0,0,0,3,1,6,6,1,56,9,1969,8,1,VOLVO XC90,9,E01031497,0,-1
2021131089742,2021,131089742,2,9,0,18,19,3,7,0,0,2,0,0,0,0,3,1,5,6,1,43,7,1969,12,1,VOLVO XC90,6,E01011108,0,-1
2021471012965,2021,471012965,1,9,0,18,19,1,5,0,0,0,0,4,0,0,1,1,5,6,1,46,8,1969,2,2,VOLVO XC90,4,E01031572,0,-1
2021010347180,2021,010347180,1,9,0,7,7,4,6,0,0,1,0,0,0,0,3,1,2,2,1,44,7,1969,8,0,VOLVO XC90,8,E01004602,0,-1
2021501092163,2021,501092163,2,9,0,18,19,3,7,0,0,0,0,0,0,0,3,1,5,6,1,46,8,1969,2,2,VOLVO XC90,4,E01018969,0,-1
2021010307502,2021,010307502,1,9,0,99,99,9,9,0,0,8,0,0,0,0,3,1,2,2,1,44,7,1969,2,2,VOLVO XC90,7,E01002965,0,-1
2021311089771,2021,311089771,1,9,0,9,9,5,1,0,0,0,0,0,0,0,3,1,5,6,1,54,8,2401,2,13,VOLVO XC90,9,E01028149,0,-1
2021101050607,2021,101050607,1,9,0,18,19,5,1,0,0,4,2,7,5,6,3,1,5,6,1,71,10,2400,2,11,VOLVO XC90,8,E01027425,0,-1
2021231045325,2021,231045325,3,9,0,18,19,4,8,0,0,0,0,0,0,0,0,1,1,1,1,31,6,1969,8,1,VOLVO XC90,5,E01031312,0,-1
2021411121282,2021,411121282,2,9,0,9,9,1,7,0,0,8,0,0,0,0,1,1,5,6,1,20,4,2401,2,14,VOLVO XC90,9,E01023493,0,-1
2021141041373,2021,141041373,2,9,0,7,7,8,2,0,0,6,0,0,0,0,3,1,6,6,3,-1,-1,2401,2,16,VOLVO XC90,-1,-1,0,-1
2021010301405,2021,010301405,1,9,0,99,99,9,9,99,99,9,9,99,9,99,2,9,6,6,1,32,6,2401,2,14,VOLVO XC90,6,E01004534,0,-1
202106K078864,2021,06K078864,1,9,0,4,4,4,8,0,0,0,0,0,0,0,2,1,1,1,1,27,6,2401,2,16,VOLVO XC90,1,E01005665,0,-1
2021552100545,2021,552100545,3,9,0,16,19,3,6,0,0,0,0,0,0,0,0,1,6,6,2,40,7,1969,8,1,VOLVO XC90,7,E01021546,0,-1
2021010306895,2021,010306895,1,9,0,99,99,9,9,0,0,1,9,0,9,0,1,1,6,6,1,62,9,1969,2,5,VOLVO XC90,5,E01000402,0,-1
2021010303318,2021,010303318,1,9,0,9,9,7,5,0,0,5,0,0,0,0,4,1,1,1,1,27,6,1969,12,0,VOLVO XC90,4,E01000124,0,-1
2021070227046,2021,070227046,2,9,0,3,3,8,4,0,0,7,0,2,0,0,2,1,6,6,1,53,8,1969,2,2,VOLVO XC90,4,E01005690,0,-1
2021461075319,2021,461075319,1,9,0,18,19,1,5,0,0,0,0,7,7,0,4,1,6,6,2,70,10,2401,2,13,VOLVO XC90,5,E01023992,0,-1
2021221068352,2021,221068352,1,9,0,8,8,4,7,0,0,0,0,0,0,0,2,1,5,6,2,54,8,1969,12,0,VOLVO XC90,6,E01032200,0,-1
2021471049891,2021,471049891,8,9,0,2,2,0,0,9,9,1,0,0,0,0,0,1,6,6,3,-1,-1,2400,2,11,VOLVO XC90,-1,-1,0,-1
2021451022535,2021,451022535,1,9,0,18,19,1,5,0,0,1,0,0,0,0,1,1,2,2,1,65,9,2400,2,12,VOLVO XC90,3,E01031548,0,-1
2021361101918,2021,361101918,2,9,0,5,5,7,3,0,0,2,0,0,0,0,1,1,5,6,1,82,11,1969,2,2,VOLVO XC90,6,E01026436,0,-1
2021122200159,2021,122200159,1,9,0,18,19,2,6,0,0,0,0,0,0,0,4,1,6,6,2,41,7,2400,2,11,VOLVO XC90,8,E01013348,0,-1
2021351096311,2021,351096311,3,9,0,4,4,6,2,0,0,0,0,0,0,0,1,1,6,6,2,52,8,2400,2,8,VOLVO XC90,10,E01018303,0,-1
2021430418294,2021,430418294,1,9,0,18,19,8,4,0,0,0,0,0,0,0,1,1,1,1,1,39,7,1969,2,4,VOLVO XC90,1,W01000504,0,-1
2021010318466,2021,010318466,2,9,0,9,9,6,3,0,0,8,0,0,0,0,1,1,6,6,1,42,7,1969,2,6,VOLVO XC90,4,E01023530,0,-1
2021010291125,2021,010291125,1,9,0,18,19,1,5,0,0,8,0,0,0,0,1,1,6,6,2,31,6,1969,8,5,VOLVO XC90,2,E01000925,0,-1
2021010307867,2021,010307867,2,9,0,17,19,5,1,0,0,0,0,0,0,0,1,1,6,6,1,47,8,2401,2,15,VOLVO XC90,5,E01003484,0,-1
2021231065773,2021,231065773,2,9,0,9,9,3,5,0,0,5,0,0,0,0,3,1,2,2,1,51,8,2401,2,17,VOLVO XC90,8,E01031029,0,-1
2021991109871,2021,991109871,2,9,0,13,13,6,2,0,0,0,0,0,0,0,4,1,5,6,2,55,8,2400,2,8,VOLVO XC90,7,-1,0,-1
2021421111057,2021,421111057,2,9,0,18,19,5,1,0,0,0,0,0,0,0,3,1,2,2,1,40,7,1969,12,0,VOLVO XC90,9,E01023444,0,-1
2021010306026,2021,010306026,1,9,0,9,9,3,1,0,0,6,0,0,0,0,1,1,3,7,2,48,8,1969,8,4,VOLVO XC90,-1,-1,0,-1
2021991099696,2021,991099696,1,9,0,18,19,8,4,0,0,1,0,0,0,0,1,1,5,6,2,34,6,2400,2,12,VOLVO XC90,7,-1,0,-1
2021010303427,2021,010303427,1,9,0,99,99,9,9,99,99,9,9,99,9,99,1,9,6,6,2,29,6,2401,2,13,VOLVO XC90,6,E01000726,0,-1
2021461073608,2021,461073608,1,9,0,18,19,1,5,0,0,1,0,4,0,0,1,1,2,2,1,39,7,2400,2,12,VOLVO XC90,3,E01024309,0,-1
2021201082677,2021,201082677,1,9,0,5,5,8,4,0,0,0,0,0,0,0,0,1,6,6,1,-1,-1,2401,2,16,VOLVO XC90,2,E01009608,0,-1
2021122100116,2021,122100116,2,9,0,18,19,1,5,0,0,0,0,0,1,9,3,1,1,1,1,51,8,1969,2,5,VOLVO XC90,7,E01007356,0,-1
2021351118611,2021,351118611,1,9,0,18,19,7,3,0,0,0,0,4,0,0,1,1,5,6,1,63,9,2400,2,11,VOLVO XC90,9,E01018162,0,-1
2021461077228,2021,461077228,1,9,0,18,19,7,3,0,0,0,0,0,0,0,1,1,6,6,2,25,5,2400,2,7,VOLVO XC90,9,E01016172,0,-1
2021131059915,2021,131059915,1,9,0,18,19,6,2,0,0,0,0,0,0,0,1,1,6,6,1,45,7,2400,2,7,VOLVO XC90,1,E01010800,0,-1
2021031011925,2021,031011925,2,9,0,18,19,7,3,0,0,0,0,0,0,0,1,1,1,1,1,40,7,1969,1,3,VOLVO XC90,4,E01019332,0,-1
2021131100985,2021,131100985,2,9,0,3,3,0,0,0,0,0,0,0,0,0,2,1,1,1,1,60,9,2400,2,11,VOLVO XC90,4,E01011804,0,-1
2021471098100,2021,471098100,2,9,0,17,19,5,1,0,0,0,0,0,2,4,3,1,3,7,1,44,7,1969,1,2,VOLVO XC90,10,E01021162,0,-1
2021010342367,2021,010342367,6,9,0,2,2,0,0,0,0,1,0,0,0,0,4,1,6,6,3,-1,-1,2400,2,14,VOLVO XC90,-1,-1,0,-1
2021401063804,2021,401063804,2,9,0,7,7,6,8,0,0,5,0,0,0,0,0,1,1,1,1,42,7,1969,8,1,VOLVO XC90,9,E01015811,0,-1
2021010344131,2021,010344131,1,9,0,3,3,4,8,1,1,0,0,0,0,0,1,1,6,6,1,33,6,1969,12,0,VOLVO XC90,3,E01002276,0,-1
2021411096287,2021,411096287,2,9,0,3,3,1,5,0,0,4,0,0,0,0,2,1,6,6,2,41,7,1969,8,0,VOLVO XC90,10,E01023524,0,-1
2021070821323,2021,070821323,1,9,0,4,4,7,3,0,0,8,0,0,0,0,1,1,2,2,1,66,10,1969,8,1,VOLVO XC90,7,E01012434,0,-1
2021552100414,2021,552100414,2,9,0,4,4,2,6,0,0,0,0,0,0,0,2,1,6,6,1,52,8,2400,2,11,VOLVO XC90,6,E01020490,0,-1
2021010293883,2021,010293883,2,9,0,99,99,9,9,99,99,9,9,99,9,99,9,9,6,6,3,-1,-1,2400,2,10,VOLVO XC90,4,E01003441,0,-1
2021451039362,2021,451039362,1,9,0,18,19,1,5,0,0,0,0,0,0,0,1,1,5,6,1,58,9,2400,2,11,VOLVO XC90,8,E01002946,0,-1
2021122100432,2021,122100432,1,9,0,5,5,1,5,0,0,4,0,0,0,0,1,1,6,6,2,63,9,2401,2,14,VOLVO XC90,7,E01027821,0,-1
2021351060873,2021,351060873,1,9,0,18,19,8,4,0,0,0,0,0,0,0,2,1,6,6,1,27,6,2400,2,7,VOLVO XC90,1,E01021696,0,-1