collision_index,collision_year,collision_ref_no,vehicle_reference,vehicle_type,towing_and_articulation,vehicle_manoeuvre_historic,vehicle_manoeuvre,vehicle_direction_from,vehicle_direction_to,vehicle_location_restricted_lane_historic,vehicle_location_restricted_lane,junction_location,skidding_and_overturning,hit_object_in_carriageway,vehicle_leaving_carriageway,hit_object_off_carriageway,first_point_of_impact,vehicle_left_hand_drive,journey_purpose_of_driver_historic,journey_purpose_of_driver,sex_of_driver,age_of_driver,age_band_of_driver,engine_capacity_cc,propulsion_code,age_of_vehicle,generic_make_model,driver_imd_decile,lsoa_of_driver,escooter_flag,driver_distance_banding
2021010290489,2021,010290489,1,9,0,9,9,1,8,99,99,9,9,99,0,0,1,1,2,2,2,44,7,1598,1,17,AUDI A2,9,E01002364,0,-1
2021320225053,2021,320225053,2,9,0,12,12,1,5,0,0,1,0,0,0,0,1,1,1,1,2,18,4,1390,2,18,AUDI A2,5,E01026190,0,-1
2021501036767,2021,501036767,4,9,0,18,19,1,5,0,0,0,0,0,0,0,0,1,5,6,2,34,6,1390,2,19,AUDI A2,9,E01019940,0,-1
2021131083005,2021,131083005,1,9,0,18,19,5,1,0,0,1,0,0,0,0,1,1,5,6,1,39,7,1390,2,19,AUDI A2,1,E01011560,0,-1
2021010300759,2021,010300759,2,9,0,18,19,1,5,0,0,0,0,0,0,0,1,1,6,6,2,50,8,1598,1,17,AUDI A2,9,E01003890,0,-1
2021221111260,2021,221111260,1,9,0,18,19,5,1,0,0,0,0,0,0,0,1,1,6,6,1,79,11,1390,2,17,AUDI A2,-1,-1,0,-1
2021010330412,2021,010330412,1,9,0,5,5,1,5,0,0,5,0,0,0,0,3,1,6,6,1,45,7,1390,1,19,AUDI A2,6,E01004636,0,-1
2021461101451,2021,461101451,1,9,0,18,19,7,3,0,0,0,0,0,1,0,1,1,5,6,1,52,8,1390,2,19,AUDI A2,7,E01024465,0,-1
2021440322687,2021,440322687,2,9,0,18,19,3,7,0,0,8,1,0,0,0,1,1,6,6,1,23,5,1390,2,16,AUDI A2,7,E01030472,0,-1
202131A121321,2021,31A121321,4,9,0,2,2,0,0,0,0,0,0,0,0,0,2,1,6,6,3,-1,-1,1390,1,20,AUDI A2,-1,-1,0,-1
2021010309462,2021,010309462,1,9,0,9,9,4,1,0,0,6,0,0,0,0,4,1,6,6,1,39,7,1390,2,18,AUDI A2,2,E01001812,0,-1
2021010338690,2021,010338690,1,9,0,5,5,7,3,0,0,0,0,0,0,0,1,1,6,6,1,53,8,1390,2,19,AUDI A2,9,E01000455,0,-1
2021320524276,2021,320524276,1,9,0,18,19,8,6,0,0,2,0,0,0,0,1,1,6,6,1,72,10,1422,2,19,AUDI A2,7,E01026066,0,-1
2021052102455,2021,052102455,1,9,0,9,9,7,5,0,0,8,0,0,0,0,1,1,6,6,1,86,11,1390,1,18,AUDI A2,6,E01006396,0,-1
2021141094817,2021,141094817,1,9,0,18,19,5,1,0,0,2,0,0,7,0,1,1,5,6,2,18,4,1422,2,19,AUDI A2,4,E01007731,0,-1
2021221100979,2021,221100979,1,9,0,9,9,1,7,0,0,5,0,0,0,0,4,1,5,6,1,48,8,1390,2,17,AUDI A2,9,E01014176,0,-1
2021501054272,2021,501054272,2,9,0,18,19,7,3,0,0,0,0,0,0,0,1,1,3,7,2,42,7,1390,1,19,AUDI A2,4,E01018894,0,-1
2021531099947,2021,531099947,1,9,0,18,19,3,7,9,9,2,1,0,7,0,1,1,5,6,1,65,9,1390,2,18,AUDI A2,-1,-1,0,-1
2021041140309,2021,041140309,1,9,0,9,9,8,4,0,0,8,0,0,0,0,1,1,1,1,1,56,9,1390,2,17,AUDI A2,5,E01025573,0,-1
202134WNC4531,2021,34WNC4531,3,9,0,4,4,7,3,0,0,0,0,0,0,0,2,1,6,6,2,-1,-1,1390,1,17,AUDI A2,7,E01027011,0,-1
2021010336318,2021,010336318,2,9,0,5,5,5,1,0,0,0,0,0,0,0,4,1,6,6,3,-1,-1,1390,2,17,AUDI A2,-1,-1,0,-1
2021302100181,2021,302100181,2,9,0,12,12,8,2,0,0,3,0,0,0,0,4,1,6,6,3,42,7,1390,2,19,AUDI A2,2,E01010263,0,-1
2021421063379,2021,421063379,2,9,0,4,4,7,3,0,0,1,0,0,0,0,2,1,5,6,1,38,7,1390,2,18,AUDI A2,3,E01021704,0,-1
2021010307257,2021,010307257,1,9,0,9,9,5,4,0,0,1,0,0,0,0,1,1,2,2,1,48,8,1390,2,18,AUDI A2,3,E01002251,0,-1
2021211101695,2021,211101695,1,9,0,18,19,5,1,0,0,1,5,0,0,0,1,1,6,6,1,85,11,1422,2,19,AUDI A2,-1,-1,0,-1
2021010349965,2021,010349965,2,9,0,5,5,3,7,0,0,1,0,0,0,0,1,1,6,6,1,45,7,3956,2,3,AUDI SQ7,3,E01004645,0,-1
2021351030734,2021,351030734,1,9,0,18,19,6,2,0,0,4,0,0,3,7,1,1,6,6,2,28,6,3956,2,3,AUDI SQ7,10,E01018251,0,-1
2021010310684,2021,010310684,5,9,0,2,2,0,0,9,9,1,0,0,0,0,1,1,6,6,3,-1,-1,3956,2,3,AUDI SQ7,-1,-1,0,-1
2021010308954,2021,010308954,1,9,0,18,19,7,3,0,0,5,0,0,0,0,1,1,6,6,1,30,6,3996,1,0,AUDI SQ7,6,E01002381,0,-1
20211381H1458,2021,1381H1458,2,9,0,18,19,6,2,0,0,0,0,0,0,0,1,1,2,2,1,37,7,3996,1,0,AUDI SQ7,6,E01011226,0,-1
2021401057111,2021,401057111,1,9,0,4,4,1,5,0,0,1,0,0,0,0,1,1,3,7,1,47,8,3956,2,3,AUDI SQ7,9,E01017398,0,-1
2021201130055,2021,201130055,1,9,0,18,19,1,5,0,0,0,0,0,0,0,1,1,6,6,3,-1,-1,3956,2,4,AUDI SQ7,-1,-1,0,-1
2021010321969,2021,010321969,1,9,0,10,10,2,1,0,0,5,0,0,0,0,1,1,6,6,1,43,7,3956,2,4,AUDI SQ7,2,E01001433,0,-1
2021430366011,2021,430366011,1,9,0,18,19,4,8,0,0,8,0,0,7,11,1,1,6,6,1,42,7,3956,2,1,AUDI SQ7,5,E01028718,0,-1
2021111094001,2021,111094001,2,9,0,18,19,7,3,0,0,8,0,0,0,0,1,1,5,6,1,33,6,3956,2,3,AUDI SQ7,4,E01020646,0,-1
2021131087976,2021,131087976,1,9,0,18,19,8,4,0,0,0,0,0,0,0,1,1,6,6,3,-1,-1,3956,2,5,AUDI SQ7,-1,-1,0,-1
2021111017115,2021,111017115,2,21,0,4,4,3,6,7,6,0,0,0,4,0,2,1,1,1,1,62,9,12580,2,15,-1,2,E01012134,0,-1
2021201058683,2021,201058683,1,9,0,4,4,6,2,0,0,1,0,0,0,0,1,1,6,6,2,47,8,1968,2,11,-1,2,E01010521,0,-1
2021010319144,2021,010319144,1,9,0,99,99,9,9,99,99,9,9,99,9,99,2,9,6,6,1,41,7,1968,2,11,-1,7,E01001290,0,-1
2021471053666,2021,471053666,1,9,0,18,19,7,3,0,0,0,0,0,0,0,4,1,2,2,1,42,7,1968,2,11,-1,8,E01031356,0,-1
2021131045024,2021,131045024,2,5,0,14,14,3,7,0,0,8,0,0,0,0,1,1,2,2,1,46,8,1200,1,22,-1,8,E01010686,0,-1
2021991104139,2021,991104139,2,4,0,18,19,6,2,0,0,0,0,0,0,0,1,1,6,6,1,59,9,471,1,1,-1,6,-1,0,-1
2021430551924,2021,430551924,1,9,0,18,19,6,2,0,0,0,2,0,1,0,1,1,6,6,1,41,7,1668,1,15,HONDA FR-V,10,E01030966,0,-1
2021052100622,2021,052100622,1,9,0,18,19,3,7,0,0,1,0,0,0,0,1,1,6,6,1,39,7,2204,2,15,HONDA FR-V,4,E01012481,0,-1
2021371118982,2021,371118982,1,9,0,16,19,7,3,0,0,0,5,0,1,7,1,1,5,6,1,75,10,1998,1,15,HONDA FR-V,3,E01029998,0,-1
2021201139745,2021,201139745,6,9,0,3,3,4,8,0,0,0,0,0,0,0,4,1,6,6,1,48,8,1998,1,14,HONDA FR-V,1,E01009192,0,-1
2021440420602,2021,440420602,1,9,0,7,7,1,3,0,0,5,0,0,0,0,4,1,6,6,1,-1,-1,1998,1,15,HONDA FR-V,-1,-1,0,-1
2021010333469,2021,010333469,1,9,0,9,9,6,5,0,0,3,0,11,0,0,1,1,6,6,2,46,8,1799,1,13,HONDA FR-V,7,E01002172,0,-1
202131D188021,2021,31D188021,1,9,0,18,19,6,2,0,0,1,0,0,0,0,1,1,6,6,1,58,9,2204,2,16,HONDA FR-V,1,E01033166,0,-1
2021010299349,2021,010299349,3,9,0,18,19,5,1,0,0,1,1,4,0,0,3,1,6,6,3,23,5,1998,1,15,HONDA FR-V,-1,-1,0,-1
2021041037726,2021,041037726,1,9,0,18,19,7,3,0,0,0,0,4,0,0,4,1,6,6,1,73,10,1799,1,14,HONDA FR-V,9,E01025451,0,-1
2021010307571,2021,010307571,1,9,0,99,99,9,9,99,99,9,9,99,9,99,9,9,6,6,1,34,6,1799,1,12,HONDA FR-V,1,E01004286,0,-1
2021010319312,2021,010319312,1,9,0,8,8,7,1,0,0,1,0,0,0,0,2,1,2,2,2,33,6,1799,1,14,HONDA FR-V,6,E01000575,0,-1
2021010297154,2021,010297154,1,9,0,18,19,5,1,0,0,0,0,0,0,0,1,1,6,6,1,47,8,1799,1,14,HONDA FR-V,5,E01001542,0,-1
2021440288872,2021,440288872,2,9,0,18,19,4,8,0,0,0,0,0,0,0,0,1,6,6,1,32,6,2204,2,14,HONDA FR-V,4,E01017193,0,-1
2021010297858,2021,010297858,2,9,0,99,99,9,9,99,99,9,9,99,9,99,9,9,6,6,3,-1,-1,2204,2,16,HONDA FR-V,-1,-1,0,-1
2021131126239,2021,131126239,2,9,0,7,7,8,2,0,0,8,0,0,0,0,1,2,5,6,1,36,7,2204,2,13,HONDA FR-V,2,E01010628,0,-1
2021010323977,2021,010323977,1,9,0,99,99,9,9,99,99,0,9,99,9,99,4,9,6,6,2,38,7,1799,1,14,HONDA FR-V,7,E01004297,0,-1
2021010308019,2021,010308019,1,9,0,18,19,4,8,0,0,0,0,0,0,0,4,1,6,6,1,47,8,1799,1,13,HONDA FR-V,6,E01000414,0,-1
202131C037821,2021,31C037821,2,9,0,17,19,2,8,0,0,8,0,0,0,0,1,1,1,1,1,45,7,2204,2,13,HONDA FR-V,4,E01013967,0,-1
2021440497499,2021,440497499,1,9,0,10,10,4,2,0,0,1,0,0,0,0,2,1,6,6,2,47,8,1998,1,16,HONDA FR-V,10,E01022580,0,-1
2021010329685,2021,010329685,4,9,0,4,4,3,7,0,0,1,0,0,0,0,1,1,6,6,2,48,8,1799,1,14,HONDA FR-V,2,E01000548,0,-1
2021010318354,2021,010318354,3,9,0,2,2,0,0,0,0,0,0,0,0,0,2,1,6,6,3,-1,-1,1799,1,14,HONDA FR-V,-1,-1,0,-1
2021010312526,2021,010312526,2,9,0,99,99,9,9,99,99,9,9,99,9,99,1,9,6,6,1,42,7,1799,1,14,HONDA FR-V,3,E01003603,0,-1
2021351080602,2021,351080602,2,9,0,5,5,2,4,0,0,2,0,0,0,0,2,1,5,6,1,47,8,1799,1,14,HONDA FR-V,3,E01017978,0,-1
2021010324298,2021,010324298,2,9,0,99,99,9,9,99,99,0,9,99,9,99,9,9,6,6,1,41,7,1799,1,12,HONDA FR-V,5,E01004178,0,-1
2021131070287,2021,131070287,1,9,0,7,7,3,7,0,0,1,0,0,0,0,1,1,5,6,2,40,7,2204,2,12,HONDA FR-V,1,E01010742,0,-1
2021061087419,2021,061087419,1,9,0,3,3,3,8,0,0,1,0,0,0,0,1,1,6,6,2,55,8,2204,2,13,HONDA FR-V,6,E01005861,0,-1
2021451100811,2021,451100811,1,9,0,18,19,3,7,0,0,1,1,0,0,0,1,1,1,1,1,33,6,2204,2,14,HONDA FR-V,10,E01030388,0,-1
2021991062143,2021,991062143,1,9,0,17,19,1,5,0,0,0,0,0,1,4,1,1,5,6,1,74,10,1998,1,16,HONDA FR-V,8,-1,0,-1
2021041087107,2021,041087107,1,9,0,18,19,5,1,0,0,1,0,0,0,0,1,1,6,6,2,28,6,1998,1,15,HONDA FR-V,5,E01025517,0,-1
2021221022039,2021,221022039,2,9,0,13,13,8,5,0,0,2,0,0,0,0,0,1,6,6,2,25,5,2204,2,16,HONDA FR-V,2,E01032481,0,-1
2021991034031,2021,991034031,1,9,0,18,19,4,8,0,0,8,0,0,0,0,1,1,1,1,1,69,10,2204,2,13,HONDA FR-V,7,-1,0,-1
2021010306276,2021,010306276,2,9,0,99,99,9,9,99,99,9,9,99,9,99,1,9,6,6,1,42,7,1799,1,12,HONDA FR-V,2,E01001172,0,-1
2021201088622,2021,201088622,2,9,0,2,2,0,0,0,0,0,0,0,0,0,4,1,1,1,1,45,7,1668,1,16,HONDA FR-V,1,E01009300,0,-1
2021361119237,2021,361119237,2,9,0,3,3,5,1,0,0,0,0,0,0,0,2,1,3,7,2,49,8,2204,2,13,HONDA FR-V,6,E01026486,0,-1
2021552200269,2021,552200269,2,9,0,18,19,6,2,0,0,0,0,0,0,0,1,1,6,6,2,39,7,2204,2,15,HONDA FR-V,5,E01015274,0,-1
2021010304373,2021,010304373,1,9,0,99,99,9,9,99,99,9,9,99,9,99,9,9,6,6,1,47,8,1668,1,15,HONDA FR-V,2,E01004264,0,-1
2021010330342,2021,010330342,2,9,0,99,99,9,9,99,99,9,9,99,9,99,1,9,6,6,3,-1,-1,2204,2,13,HONDA FR-V,2,E01004400,0,-1
2021070511099,2021,070511099,2,9,0,7,7,5,1,0,0,2,0,0,0,0,2,1,6,6,1,42,7,2204,2,16,HONDA FR-V,3,E01018447,0,-1
2021010309111,2021,010309111,1,9,0,9,9,1,6,0,0,2,0,0,0,0,4,1,6,6,1,24,5,1799,1,14,HONDA FR-V,1,E01033153,0,-1
2021010290538,2021,010290538,2,9,9,99,99,9,9,99,99,9,9,99,9,99,9,9,6,6,3,-1,-1,1668,1,15,HONDA FR-V,-1,-1,0,-1
2021471117055,2021,471117055,1,9,0,9,9,7,5,0,0,8,0,0,0,0,1,1,6,6,2,-1,-1,1668,1,16,HONDA FR-V,3,E01016922,0,-1
2021041154448,2021,041154448,2,9,0,12,12,5,1,8,6,1,0,0,0,0,2,1,5,6,1,71,10,2204,2,12,HONDA FR-V,9,E01025277,0,-1
2021461066524,2021,461066524,1,9,0,18,19,3,7,0,0,1,0,0,0,0,1,1,6,6,1,-1,-1,1668,1,17,HONDA FR-V,-1,-1,0,-1
2021061146911,2021,061146911,2,9,0,3,3,1,1,0,0,1,0,0,0,0,2,1,3,7,1,47,8,2204,2,15,HONDA FR-V,5,E01006006,0,-1
2021471118425,2021,471118425,2,9,0,18,19,3,7,0,0,8,0,0,0,0,1,1,5,6,2,41,7,1799,1,13,HONDA FR-V,9,E01031561,0,-1
2021070009999,2021,070009999,1,9,0,7,7,2,4,0,0,1,0,11,0,0,1,1,6,6,1,56,9,1998,1,17,HONDA FR-V,1,E01012430,0,-1
2021201128125,2021,201128125,2,9,0,18,19,6,2,0,0,0,0,0,0,0,3,1,6,6,1,40,7,1799,1,14,HONDA FR-V,2,E01033635,0,-1
2021440344428,2021,440344428,1,9,0,9,9,2,6,0,0,8,0,0,0,0,4,1,6,6,2,68,10,2204,2,13,HONDA FR-V,3,E01017089,0,-1
2021041076418,2021,041076418,1,9,0,9,9,7,3,0,0,6,0,0,0,0,1,1,2,2,1,20,4,2204,2,12,HONDA FR-V,4,E01025544,0,-1
2021471091235,2021,471091235,2,9,0,18,19,6,2,0,0,0,5,0,1,1,2,1,5,6,2,56,9,1799,1,13,HONDA FR-V,4,E01021057,0,-1
2021211058612,2021,211058612,1,9,0,5,5,7,3,0,0,0,1,0,1,0,1,1,6,6,1,33,6,2204,2,14,HONDA FR-V,2,E01013571,0,-1
2021201081141,2021,201081141,2,9,0,18,19,8,4,0,0,6,0,0,0,0,1,1,6,6,1,49,8,2204,2,14,HONDA FR-V,1,E01009059,0,-1
2021440261919,2021,440261919,1,3,0,18,19,1,5,0,0,0,0,0,0,0,1,1,6,6,2,47,8,50,1,15,-1,7,E01017291,0,-1
2021010350435,2021,010350435,2,4,0,15,15,8,4,0,0,1,0,0,0,0,1,1,1,1,1,23,5,330,1,0,-1,2,E01003239,0,-1
2021010351330,2021,010351330,1,4,0,99,99,9,9,99,99,0,9,99,9,99,9,9,1,1,1,37,7,330,1,0,-1,2,E01001246,0,-1
2021481142658,2021,481142658,2,4,0,18,19,7,3,0,0,8,0,0,0,0,3,1,6,6,1,38,7,330,1,0,-1,5,E01001381,0,-1
2021531067662,2021,531067662,2,10,0,11,11,5,1,0,0,0,0,0,0,0,2,1,1,1,1,51,8,2998,2,11,-1,3,W01001634,0,-1
2021201148608,2021,201148608,1,11,0,18,19,6,2,0,0,8,0,0,0,0,1,1,1,1,1,49,8,7790,2,14,-1,3,E01014141,0,-1
2021122100574,2021,122100574,3,9,0,18,19,1,5,0,0,1,0,0,0,0,1,1,6,6,2,47,8,-1,3,0,JAGUAR I-PACE,8,E01033066,0,-1
2021231071423,2021,231071423,3,9,0,4,4,4,8,0,0,0,0,0,1,0,1,1,5,6,1,29,6,-1,3,1,JAGUAR I-PACE,9,E01025913,0,-1
2021201060295,2021,201060295,2,9,0,18,19,-1,-1,0,0,0,1,10,2,2,1,1,1,1,1,28,6,-1,3,1,JAGUAR I-PACE,4,E01009658,0,-1
2021201111009,2021,201111009,1,9,0,5,5,4,8,9,9,0,0,0,0,0,1,1,6,6,1,28,6,-1,3,1,JAGUAR I-PACE,2,E01009082,0,-1
2021421059036,2021,421059036,2,9,0,18,19,1,5,0,0,3,0,0,0,0,1,1,5,6,2,40,7,-1,3,0,JAGUAR I-PACE,4,E01021839,0,-1
2021991033533,2021,991033533,1,9,0,17,19,7,3,9,9,0,0,0,7,10,1,1,6,6,1,34,6,-1,3,1,JAGUAR I-PACE,2,-1,0,-1
202154A152221,2021,54A152221,3,9,0,4,4,3,7,0,0,0,0,0,0,0,2,1,6,6,2,56,9,-1,3,1,JAGUAR I-PACE,6,E01029057,0,-1
2021201032219,2021,201032219,2,9,0,18,19,6,2,0,0,4,0,0,0,0,4,1,6,6,1,24,5,-1,3,1,JAGUAR I-PACE,3,E01009883,0,-1
2021522104362,2021,522104362,2,9,0,16,19,3,7,0,0,8,0,0,0,0,1,1,1,1,2,59,9,-1,3,1,JAGUAR I-PACE,7,E01014772,0,-1
2021421024856,2021,421024856,1,9,0,18,19,5,1,0,0,0,0,0,2,7,1,1,6,6,1,60,9,-1,3,2,JAGUAR I-PACE,6,E01021761,0,-1
2021320297010,2021,320297010,2,9,0,18,19,6,2,0,0,0,0,0,0,0,2,1,6,6,1,59,9,-1,3,1,JAGUAR I-PACE,8,E01015650,0,-1
2021461119070,2021,461119070,1,9,0,5,5,5,1,0,0,0,0,0,0,0,1,1,6,6,1,-1,-1,-1,3,1,JAGUAR I-PACE,-1,-1,0,-1
2021201114115,2021,201114115,2,9,0,2,2,0,0,9,9,0,0,0,0,0,1,1,6,6,1,-1,-1,-1,3,1,JAGUAR I-PACE,-1,-1,0,-1
2021010326024,2021,010326024,1,9,0,9,9,3,2,0,0,8,0,0,0,0,1,1,1,1,1,51,8,-1,3,1,JAGUAR I-PACE,10,E01000263,0,-1
2021231047298,2021,231047298,1,9,0,18,19,2,6,0,0,0,1,0,4,6,1,1,1,1,1,24,5,-1,3,1,JAGUAR I-PACE,1,E01008913,0,-1
2021471046580,2021,471046580,2,9,0,4,4,5,2,0,0,1,0,0,0,0,3,1,2,2,2,50,8,-1,3,2,JAGUAR I-PACE,7,E01020964,0,-1
2021451100828,2021,451100828,1,9,0,18,19,7,4,0,0,0,0,0,0,0,1,1,5,6,2,48,8,-1,3,3,JAGUAR I-PACE,7,E01030865,0,-1
2021131120887,2021,131120887,1,9,0,6,6,8,1,0,0,0,0,0,0,0,3,1,1,1,2,59,9,-1,3,1,JAGUAR I-PACE,8,E01011403,0,-1
2021201139638,2021,201139638,2,9,0,5,5,2,6,0,0,4,0,0,0,0,1,1,6,6,1,49,8,-1,3,0,JAGUAR I-PACE,10,E01032886,0,-1
2021041117235,2021,041117235,1,9,0,11,11,1,5,0,0,0,0,0,0,0,1,1,2,2,2,36,7,-1,3,1,JAGUAR I-PACE,10,E01024977,0,-1
2021201147287,2021,201147287,3,9,0,3,3,1,5,0,0,0,0,0,0,0,2,1,1,1,1,67,10,-1,3,1,JAGUAR I-PACE,10,E01009421,0,-1
2021991118439,2021,991118439,1,9,0,5,5,8,4,0,0,0,0,0,0,0,1,1,5,6,1,44,7,-1,3,2,JAGUAR I-PACE,5,-1,0,-1
2021161107419,2021,161107419,2,9,0,9,9,4,2,0,0,6,0,0,0,0,1,1,5,6,1,65,9,-1,3,0,JAGUAR I-PACE,10,E01033496,0,-1
2021010337659,2021,010337659,2,9,0,99,99,9,9,99,99,9,9,99,9,99,1,9,6,6,3,55,8,-1,3,2,JAGUAR I-PACE,7,E01001968,0,-1
2021010342317,2021,010342317,1,9,0,18,19,5,1,0,0,8,0,0,0,0,1,1,6,6,1,40,7,-1,3,1,JAGUAR I-PACE,9,E01001379,0,-1
2021052100518,2021,052100518,3,9,0,4,4,7,3,0,0,0,0,0,0,0,2,1,6,6,1,45,7,-1,3,2,JAGUAR I-PACE,5,E01018648,0,-1
2021461015470,2021,461015470,2,9,0,18,19,7,3,0,0,0,0,0,0,0,2,1,2,2,1,55,8,-1,3,2,JAGUAR I-PACE,6,E01024452,0,-1
2021547031421,2021,547031421,1,9,0,18,19,2,6,0,0,0,2,0,0,0,1,1,1,1,1,51,8,-1,3,1,JAGUAR I-PACE,8,E01032077,0,-1
2021061035179,2021,061035179,1,9,0,1,1,3,1,0,0,0,0,0,0,0,2,1,5,6,1,66,10,-1,3,2,JAGUAR I-PACE,3,E01005797,0,-1
2021411047646,2021,411047646,2,9,0,4,4,4,8,0,0,0,0,0,0,0,1,1,1,1,1,31,6,-1,3,2,JAGUAR I-PACE,6,E01000232,0,-1
2021451087984,2021,451087984,1,9,0,18,19,5,1,0,0,0,0,0,0,0,3,1,5,6,2,43,7,-1,3,2,JAGUAR I-PACE,5,E01031519,0,-1
2021451045781,2021,451045781,3,9,0,2,2,0,0,0,0,2,0,0,0,0,1,1,6,6,3,-1,-1,-1,3,1,JAGUAR I-PACE,-1,-1,0,-1
2021361084900,2021,361084900,2,9,0,18,19,1,5,0,0,4,0,0,0,0,3,1,5,6,2,37,7,-1,3,1,JAGUAR I-PACE,9,E01026933,0,-1
202134NNC1981,2021,34NNC1981,1,9,0,18,19,5,1,0,0,4,0,0,0,0,4,1,6,6,2,45,7,-1,3,1,JAGUAR I-PACE,10,E01027116,0,-1
2021451061662,2021,451061662,2,9,0,18,19,5,1,0,0,3,0,0,0,0,3,1,2,2,2,40,7,-1,3,2,JAGUAR I-PACE,5,E01030663,0,-1
2021440498495,2021,440498495,1,9,0,3,3,2,6,0,0,1,0,0,0,0,2,1,6,6,1,48,8,-1,3,1,JAGUAR I-PACE,8,E01023232,0,-1
2021231042894,2021,231042894,1,9,0,18,19,6,2,0,0,8,0,0,0,0,4,1,5,6,1,26,6,-1,3,1,JAGUAR I-PACE,6,E01031031,0,-1
2021522201149,2021,522201149,2,9,0,3,3,7,3,0,0,0,0,0,0,0,2,1,6,6,2,47,8,-1,3,1,JAGUAR I-PACE,7,E01014070,0,-1
2021430334161,2021,430334161,2,9,0,18,19,4,8,0,0,0,0,0,0,0,2,1,2,2,1,31,6,-1,3,1,JAGUAR I-PACE,4,E01003165,0,-1
2021010348774,2021,010348774,1,9,0,5,5,3,7,9,9,8,0,11,7,11,1,1,3,7,2,49,8,-1,3,0,JAGUAR I-PACE,9,E01003400,0,-1
2021411104694,2021,411104694,3,9,0,2,2,2,6,0,0,0,0,0,0,0,2,1,2,2,1,52,8,-1,3,0,JAGUAR I-PACE,9,E01033191,0,-1
2021552101270,2021,552101270,2,9,0,18,19,5,1,0,0,0,0,0,0,0,1,1,6,6,1,54,8,-1,3,0,JAGUAR I-PACE,7,E01032116,0,-1
2021430530169,2021,430530169,2,9,0,18,19,2,6,0,0,8,1,0,1,4,4,1,6,6,1,40,7,-1,3,1,JAGUAR I-PACE,10,E01016208,0,-1
2021052101852,2021,052101852,1,9,0,18,19,7,3,0,0,2,0,0,0,0,1,1,6,6,1,31,6,-1,3,1,JAGUAR I-PACE,1,E01006741,0,-1
2021440069291,2021,440069291,1,9,0,7,7,8,2,0,0,6,0,0,0,0,3,1,6,6,1,40,7,-1,3,1,JAGUAR I-PACE,-1,-1,0,-1
2021010311753,2021,010311753,1,9,0,7,7,5,8,0,0,8,0,0,0,0,4,2,1,1,1,32,6,-1,3,1,JAGUAR I-PACE,6,E01000514,0,-1
2021052102433,2021,052102433,1,9,0,16,19,1,5,0,0,0,0,0,0,0,0,1,6,6,1,39,7,-1,3,1,JAGUAR I-PACE,4,E01006501,0,-1
2021201133760,2021,201133760,1,9,0,18,19,5,1,0,0,1,0,0,0,0,0,1,6,6,1,-1,-1,-1,3,1,JAGUAR I-PACE,-1,-1,0,-1
2021440501610,2021,440501610,2,9,0,18,19,4,8,0,0,8,0,0,0,0,1,1,2,2,1,55,8,-1,3,1,JAGUAR I-PACE,10,E01023173,0,-1
2021501064858,2021,501064858,2,5,0,18,19,1,5,0,0,1,0,11,0,0,1,1,2,2,1,55,8,649,1,1,KAWASAKI EX650,6,E01020338,0,-1
2021544208121,2021,544208121,2,5,0,18,19,7,3,0,0,8,0,0,0,0,-1,1,6,6,1,20,4,649,1,1,KAWASAKI EX650,9,E01031915,0,-1
2021141050272,2021,141050272,2,5,0,18,19,1,5,0,0,0,0,0,0,0,1,1,2,2,1,38,7,649,1,15,KAWASAKI EX650,4,E01007607,0,-1
2021411029949,2021,411029949,2,5,0,13,13,2,6,0,0,2,0,4,0,0,4,1,2,2,1,51,8,649,1,2,KAWASAKI EX650,10,E01023685,0,-1
2021531069875,2021,531069875,1,5,0,13,13,5,1,0,0,1,2,0,7,0,4,1,5,6,1,20,4,649,1,12,KAWASAKI EX650,6,E01022410,0,-1
2021461071918,2021,461071918,1,5,0,5,5,7,3,0,0,4,0,0,0,0,4,1,6,6,1,38,7,649,1,2,KAWASAKI EX650,10,E01024418,0,-1
2021471044347,2021,471044347,2,5,0,18,19,7,3,0,0,8,0,0,0,0,1,1,2,2,1,26,6,649,1,3,KAWASAKI EX650,10,E01021067,0,-1
2021522103015,2021,522103015,2,4,0,18,19,1,5,0,0,0,0,0,0,0,1,1,6,6,1,35,6,649,1,15,-1,5,W01001412,0,-1
2021531099868,2021,531099868,2,5,0,12,12,5,1,0,0,0,1,0,0,0,1,1,5,6,1,20,4,649,1,0,KAWASAKI EX650,6,E01022380,0,-1
2021041026098,2021,041026098,1,5,0,18,19,1,1,0,0,0,0,0,0,0,1,1,6,6,1,55,8,649,1,11,KAWASAKI EX650,5,E01025200,0,-1
2021010337690,2021,010337690,1,4,0,5,5,5,1,0,0,8,1,0,0,0,1,1,6,6,1,23,5,649,1,0,KAWASAKI EX650,4,E01002511,0,-1
202106L079140,2021,06L079140,2,5,0,7,7,4,6,0,0,0,0,0,0,0,2,1,6,6,1,24,5,649,1,3,KAWASAKI EX650,2,E01006369,0,-1
2021440269577,2021,440269577,1,5,0,18,19,6,2,0,0,0,0,0,7,4,1,1,6,6,1,29,6,649,1,1,KAWASAKI EX650,10,E01022563,0,-1
2021531036289,2021,531036289,2,5,0,18,19,1,5,0,0,8,0,0,0,0,1,1,6,6,1,22,5,649,1,0,KAWASAKI EX650,10,E01022112,0,-1
2021471056179,2021,471056179,1,5,0,16,19,1,4,0,0,0,1,0,0,0,1,1,5,6,1,38,7,649,1,3,KAWASAKI EX650,6,E01024460,0,-1