collision_index,collision_year,collision_ref_no,vehicle_reference,vehicle_type,towing_and_articulation,vehicle_manoeuvre_historic,vehicle_manoeuvre,vehicle_direction_from,vehicle_direction_to,vehicle_location_restricted_lane_historic,vehicle_location_restricted_lane,junction_location,skidding_and_overturning,hit_object_in_carriageway,vehicle_leaving_carriageway,hit_object_off_carriageway,first_point_of_impact,vehicle_left_hand_drive,journey_purpose_of_driver_historic,journey_purpose_of_driver,sex_of_driver,age_of_driver,age_band_of_driver,engine_capacity_cc,propulsion_code,age_of_vehicle,generic_make_model,driver_imd_decile,lsoa_of_driver,escooter_flag,driver_distance_banding
2021411058945,2021,411058945,1,5,0,13,13,3,7,0,0,0,0,0,8,0,3,1,1,1,1,26,6,649,1,1,KAWASAKI EX650,7,E01022067,0,-1
2021141140720,2021,141140720,1,5,0,18,19,6,2,0,0,0,0,0,0,0,1,1,6,6,1,30,6,649,1,15,KAWASAKI EX650,7,E01007972,0,-1
2021461096890,2021,461096890,1,5,0,18,19,1,5,0,0,1,0,10,1,0,1,1,5,6,1,36,7,649,1,14,KAWASAKI EX650,2,E01024517,0,-1
2021010337560,2021,010337560,1,5,0,18,19,7,3,0,0,8,0,0,0,0,1,1,2,2,1,39,7,649,1,0,KAWASAKI EX650,5,E01002490,0,-1
2021471112912,2021,471112912,1,4,0,13,13,7,3,0,0,0,0,0,0,0,1,1,6,6,1,-1,-1,299,1,3,-1,-1,-1,0,-1
2021622100595,2021,622100595,2,4,0,10,10,6,2,0,0,6,0,0,0,0,1,1,6,6,1,36,7,299,1,4,-1,7,W01001838,0,-1
2021471082543,2021,471082543,1,3,0,17,19,2,7,0,0,8,0,10,1,3,1,1,6,6,1,15,3,299,1,2,-1,3,E01031459,0,-1
2021552100647,2021,552100647,2,4,0,18,19,7,3,0,0,8,0,0,0,0,1,1,6,6,1,48,8,299,1,2,-1,6,E01015358,0,-1
2021991077032,2021,991077032,1,21,0,17,19,6,2,0,0,0,0,0,0,0,4,1,1,1,1,21,5,4580,2,5,MAN MODEL MISSING,7,-1,0,-1
2021010293350,2021,010293350,1,19,0,7,7,5,8,0,0,1,0,0,0,0,4,1,1,1,1,46,8,-1,-1,-1,MAN MODEL MISSING,10,E01017755,0,-1
2021101029086,2021,101029086,2,11,0,18,19,1,5,0,0,0,0,0,0,0,3,1,1,1,1,59,9,6871,2,13,MAN MODEL MISSING,1,E01008415,0,-1
202163B100421,2021,63B100421,3,21,1,18,19,4,8,0,0,0,0,0,0,0,0,1,2,2,1,38,7,12419,2,3,MAN MODEL MISSING,1,E01014832,0,-1
2021221040177,2021,221040177,1,21,1,14,14,1,6,0,0,8,0,8,0,0,4,1,1,1,1,27,6,12419,2,6,MAN MODEL MISSING,3,E01028912,0,-1
202131B118721,2021,31B118721,2,21,1,17,19,2,6,0,0,0,0,0,0,0,1,1,1,1,1,35,6,12419,2,5,MAN MODEL MISSING,8,E01005913,0,-1
2021070826231,2021,070826231,2,21,1,2,2,0,0,0,0,0,0,5,0,0,0,1,1,1,1,33,6,10518,2,9,MAN MODEL MISSING,2,E01018596,0,-1
2021141063425,2021,141063425,1,11,0,14,14,3,7,0,0,1,0,0,0,0,0,1,1,1,2,23,5,6871,2,12,MAN MODEL MISSING,3,E01007701,0,-1
2021440338980,2021,440338980,1,21,0,18,19,3,7,0,0,0,0,0,0,0,1,1,1,1,1,38,7,12419,2,3,MAN MODEL MISSING,2,E01014125,0,-1
2021991106241,2021,991106241,1,20,0,18,19,3,7,0,0,0,0,0,0,0,1,1,1,1,1,59,9,4580,2,3,MAN MODEL MISSING,8,-1,0,-1
2021401090556,2021,401090556,1,21,1,13,13,7,3,0,0,0,0,0,0,0,4,1,1,1,1,59,9,12419,2,3,MAN MODEL MISSING,9,E01026301,0,-1
2021430455816,2021,430455816,2,21,1,11,11,2,8,0,0,0,0,0,0,0,4,1,1,1,1,45,7,12419,2,2,MAN MODEL MISSING,5,E01013308,0,-1
2021320210349,2021,320210349,1,21,0,18,19,1,5,0,0,0,1,0,4,0,1,1,6,6,1,41,7,12419,2,1,MAN MODEL MISSING,2,E01028313,0,-1
2021231013257,2021,231013257,1,21,1,18,19,8,4,0,0,0,0,0,1,7,1,1,1,1,1,63,9,12419,2,4,MAN MODEL MISSING,9,E01029860,0,-1
2021070069421,2021,070069421,1,21,0,6,6,4,8,0,0,0,0,0,0,0,3,1,1,1,1,52,8,12419,2,6,MAN MODEL MISSING,8,E01018493,0,-1
2021211121062,2021,211121062,1,21,1,4,4,1,5,0,0,0,0,0,0,0,1,1,1,1,1,47,8,12419,2,3,MAN MODEL MISSING,2,-1,0,-1
2021320248799,2021,320248799,2,21,0,1,1,2,6,0,0,0,0,0,0,0,3,1,1,1,1,45,7,12419,2,2,MAN MODEL MISSING,8,E01020862,0,-1
202163D018921,2021,63D018921,2,21,1,17,19,5,8,0,0,0,0,0,0,0,3,1,1,1,1,56,9,12419,2,9,MAN MODEL MISSING,9,E01033528,0,-1
2021430366402,2021,430366402,1,21,1,18,19,1,5,0,0,0,0,0,0,0,1,1,1,1,1,48,8,15256,2,4,MAN MODEL MISSING,9,E01031909,0,-1
2021170H10781,2021,170H10781,2,11,0,18,19,3,7,0,0,8,0,0,0,0,0,1,1,1,1,22,5,6871,2,13,MAN MODEL MISSING,-1,-1,0,-1
2021451079836,2021,451079836,2,21,0,18,19,5,1,0,0,0,0,0,0,0,1,1,1,1,1,50,8,6871,2,5,MAN MODEL MISSING,-1,-1,0,-1
2021010294574,2021,010294574,1,21,1,11,11,5,1,0,0,8,1,0,0,0,1,1,1,1,1,55,8,12419,2,2,MAN MODEL MISSING,10,E01023410,0,-1
2021991088489,2021,991088489,1,20,0,3,3,8,3,0,0,1,0,0,0,0,1,1,1,1,1,33,6,4600,2,3,MAN MODEL MISSING,-1,-1,0,-1
2021991064961,2021,991064961,2,21,1,9,9,6,3,0,0,1,0,0,0,0,1,1,1,1,1,57,9,12419,2,3,MAN MODEL MISSING,7,-1,0,-1
2021070397996,2021,070397996,2,20,1,18,19,4,8,0,0,2,0,0,0,0,1,2,1,1,1,55,8,-1,-1,-1,MAN MODEL MISSING,-1,-1,0,-1
202131C183721,2021,31C183721,1,21,1,11,11,6,2,0,0,0,0,0,0,0,4,1,1,1,1,54,8,10518,2,10,MAN MODEL MISSING,3,E01032423,0,-1
2021231068455,2021,231068455,2,20,0,4,4,3,7,0,0,0,0,0,0,0,2,1,1,1,1,32,6,10518,2,6,MAN MODEL MISSING,8,E01009785,0,-1
2021221041494,2021,221041494,1,21,1,18,19,2,6,0,0,0,0,0,0,0,1,1,1,1,1,26,6,12419,2,5,MAN MODEL MISSING,4,W01000968,0,-1
2021501046335,2021,501046335,2,21,0,3,3,1,7,0,0,1,0,0,0,0,1,1,1,1,1,20,4,6871,2,7,MAN MODEL MISSING,1,E01002081,0,-1
2021991121635,2021,991121635,1,21,1,11,11,8,4,0,0,0,0,0,0,0,4,1,1,1,1,26,6,10518,2,10,MAN MODEL MISSING,3,-1,0,-1
2021141111788,2021,141111788,1,11,0,18,19,1,1,0,0,0,0,0,0,0,1,1,1,1,1,54,8,6871,2,13,MAN MODEL MISSING,2,E01007340,0,-1
2021302102050,2021,302102050,1,11,0,18,19,4,8,0,0,0,0,0,0,0,0,1,1,1,1,57,9,6871,2,13,MAN MODEL MISSING,-1,-1,0,-1
2021070863850,2021,070863850,2,11,0,4,4,7,3,0,0,8,0,0,0,0,1,1,1,1,1,-1,-1,12816,5,8,MAN MODEL MISSING,-1,-1,0,-1
2021548305521,2021,548305521,2,21,0,18,19,3,7,0,0,1,0,0,0,0,3,1,1,1,1,24,5,4600,2,2,MAN MODEL MISSING,1,E01015507,0,-1
2021070478938,2021,070478938,2,21,1,18,19,1,5,0,0,0,0,0,0,0,3,1,1,1,1,21,5,12419,2,2,MAN MODEL MISSING,-1,-1,0,-1
2021211052142,2021,211052142,1,21,1,12,12,3,7,0,0,3,1,0,0,0,3,1,1,1,1,22,5,12419,2,6,MAN MODEL MISSING,5,E01010542,0,-1
2021221073579,2021,221073579,3,19,0,2,2,0,0,0,0,1,0,0,0,0,0,1,1,1,1,60,9,-1,-1,-1,MAN MODEL MISSING,8,E01022432,0,-1
2021122100574,2021,122100574,2,21,0,9,9,1,7,0,0,5,0,0,0,0,4,1,1,1,2,27,6,4580,2,16,MAN MODEL MISSING,8,E01027611,0,-1
2021101065031,2021,101065031,1,19,0,5,5,5,1,0,0,8,0,0,0,0,4,1,1,1,1,26,6,6870,2,8,MAN MODEL MISSING,-1,-1,0,-1
2021131050142,2021,131050142,3,21,0,18,19,5,5,0,0,0,0,0,0,0,0,1,1,1,1,59,9,12419,2,6,MAN MODEL MISSING,2,E01029410,0,-1
202134WNC2471,2021,34WNC2471,1,21,1,17,19,1,5,0,0,0,5,0,1,10,1,1,1,1,1,46,8,12419,2,6,MAN MODEL MISSING,4,E01030022,0,-1
2021101011488,2021,101011488,1,21,0,18,19,3,7,0,0,0,0,0,1,0,1,1,1,1,1,58,9,10518,2,4,MAN MODEL MISSING,1,E01008666,0,-1
2021430390427,2021,430390427,2,21,0,2,2,0,0,6,6,0,0,0,0,0,2,1,1,1,1,56,9,12419,2,2,MAN MODEL MISSING,1,E01009203,0,-1
2021501097520,2021,501097520,2,11,0,2,2,0,0,0,0,0,0,0,0,0,2,1,5,6,1,54,8,12816,5,9,MAN MODEL MISSING,4,E01015077,0,-1
2021101117195,2021,101117195,1,11,0,18,19,5,1,0,0,8,0,0,0,0,1,1,1,1,1,58,9,-1,2,12,MAN MODEL MISSING,3,E01008683,0,-1
2021501090866,2021,501090866,2,20,1,12,12,1,5,0,0,1,0,0,0,0,1,1,1,1,1,52,8,-1,-1,-1,MAN MODEL MISSING,8,E01015549,0,-1
2021010327759,2021,010327759,2,20,0,18,19,5,1,0,0,0,0,0,0,0,1,1,6,6,3,-1,-1,-1,-1,-1,MAN MODEL MISSING,-1,-1,0,-1
2021131121545,2021,131121545,2,21,1,11,11,7,3,0,0,0,0,0,0,0,4,1,1,1,1,61,9,12419,2,1,MAN MODEL MISSING,6,E01006988,0,-1
2021141106978,2021,141106978,1,11,0,4,4,5,1,0,0,2,0,0,0,0,0,1,1,1,1,30,6,6871,2,13,MAN MODEL MISSING,2,E01007340,0,-1
2021170H10161,2021,170H10161,1,11,0,13,13,1,5,0,0,0,0,0,0,0,1,1,1,1,1,27,6,6871,2,13,MAN MODEL MISSING,1,E01011952,0,-1
2021010300540,2021,010300540,1,19,0,5,5,1,5,0,0,0,0,0,0,0,2,1,1,1,1,68,10,4580,2,7,MAN MODEL MISSING,9,E01022072,0,-1
2021461077042,2021,461077042,2,21,0,17,19,3,7,0,0,0,0,0,0,0,1,1,5,6,1,66,10,4580,2,15,MAN MODEL MISSING,5,E01024014,0,-1
2021622100166,2021,622100166,1,21,0,18,19,8,4,0,0,8,0,0,0,0,1,1,1,1,1,56,9,12419,2,3,MAN MODEL MISSING,1,W01001207,0,-1
2021231032073,2021,231032073,2,21,1,4,4,8,4,0,0,0,0,0,0,0,2,1,1,1,1,31,6,12419,2,3,MAN MODEL MISSING,1,E01017167,0,-1
2021010333891,2021,010333891,3,21,0,18,19,3,7,0,0,0,0,0,0,0,1,1,1,1,1,53,8,6871,2,3,MAN MODEL MISSING,-1,-1,0,-1
2021111112435,2021,111112435,1,21,0,18,19,5,1,0,0,0,0,0,0,0,1,1,5,6,1,59,9,4580,2,8,MAN MODEL MISSING,-1,-1,0,-1
2021231032073,2021,231032073,1,21,1,18,19,8,4,0,0,0,0,0,0,0,1,1,1,1,1,65,9,10518,2,10,MAN MODEL MISSING,6,E01015937,0,-1
2021010347904,2021,010347904,1,21,1,18,19,5,1,0,0,0,1,0,0,0,1,1,1,1,1,52,8,12419,2,6,MAN MODEL MISSING,4,E01001636,0,-1
2021622100623,2021,622100623,2,20,0,18,19,6,8,0,0,8,0,0,0,0,4,1,1,1,1,42,7,4580,2,5,MAN MODEL MISSING,1,W01001299,0,-1
2021302100527,2021,302100527,2,19,0,4,4,6,2,0,0,0,0,0,0,0,1,1,1,1,1,62,9,12419,2,2,MAN MODEL MISSING,-1,-1,0,-1
2021501080101,2021,501080101,4,20,0,3,3,5,3,0,0,8,0,0,0,0,0,1,1,1,1,55,8,-1,-1,-1,MAN MODEL MISSING,5,E01020137,0,-1
2021141018051,2021,141018051,1,11,0,18,19,3,7,0,0,8,0,0,0,0,0,1,1,1,1,32,6,6871,2,13,MAN MODEL MISSING,6,E01007695,0,-1
2021991038139,2021,991038139,2,21,0,9,9,1,6,0,0,8,0,0,0,0,1,1,1,1,1,58,9,12419,2,2,MAN MODEL MISSING,4,-1,0,-1
2021320692869,2021,320692869,2,21,0,18,19,8,4,0,0,0,0,0,0,0,3,1,1,1,1,54,8,12419,2,3,MAN MODEL MISSING,6,E01026387,0,-1
2021471020923,2021,471020923,1,19,0,9,9,7,5,0,0,5,0,0,0,0,3,1,1,1,1,63,9,6871,2,2,MAN MODEL MISSING,5,E01021059,0,-1
2021440070698,2021,440070698,2,21,0,18,19,5,1,0,0,0,0,0,0,0,2,1,1,1,1,38,7,10518,2,9,MAN MODEL MISSING,4,E01017104,0,-1
2021231046358,2021,231046358,1,21,1,18,19,8,4,0,0,8,0,0,0,0,1,1,1,1,1,59,9,12419,2,7,MAN MODEL MISSING,1,E01013619,0,-1
2021401062046,2021,401062046,3,21,1,18,19,4,8,0,0,0,0,0,0,0,3,1,6,6,1,43,7,12419,2,5,MAN MODEL MISSING,3,E01016804,0,-1
2021522103167,2021,522103167,1,19,0,9,9,5,3,0,0,6,0,0,0,0,1,1,6,6,1,47,8,4580,2,5,MAN MODEL MISSING,10,E01014987,0,-1
2021302101857,2021,302101857,2,11,0,18,19,1,5,0,0,0,0,0,0,0,3,1,6,6,1,34,6,6871,2,13,MAN MODEL MISSING,3,E01033387,0,-1
202163B097021,2021,63B097021,1,21,0,18,19,3,7,0,0,0,0,0,0,0,1,1,1,1,1,56,9,12419,2,1,MAN MODEL MISSING,8,W01000663,0,-1
2021302100330,2021,302100330,1,21,4,4,4,8,4,0,0,0,0,0,0,0,2,1,1,1,1,40,7,6871,2,6,MAN MODEL MISSING,6,E01029413,0,-1
2021430550314,2021,430550314,1,21,0,18,19,2,6,0,0,0,2,0,2,7,4,1,1,1,1,28,6,-1,-1,-1,MAN MODEL MISSING,9,E01028666,0,-1
2021010298897,2021,010298897,2,19,0,4,4,2,6,0,0,1,0,0,0,0,1,1,1,1,1,52,8,6871,2,1,MAN MODEL MISSING,8,E01030803,0,-1
2021070644854,2021,070644854,1,20,0,9,9,3,1,0,0,5,0,0,0,0,1,1,1,1,1,41,7,6871,2,1,MAN MODEL MISSING,8,E01004783,0,-1
2021421061090,2021,421061090,1,21,1,18,19,1,5,0,0,0,0,0,0,0,1,1,1,1,1,48,8,12419,2,3,MAN MODEL MISSING,5,E01018080,0,-1
2021101044289,2021,101044289,3,11,0,7,7,5,1,0,0,1,0,0,0,0,3,1,1,1,2,58,9,6871,2,12,MAN MODEL MISSING,3,E01008350,0,-1
2021041093780,2021,041093780,1,11,0,18,19,5,1,0,0,0,1,0,0,0,0,1,6,6,1,40,7,12419,2,5,MAN MODEL MISSING,8,E01025513,0,-1
2021070402969,2021,070402969,1,21,0,7,7,5,7,0,0,8,0,0,0,0,4,1,1,1,1,52,8,6871,2,6,MAN MODEL MISSING,2,E01005376,0,-1
202134WNC4501,2021,34WNC4501,1,19,0,12,12,5,1,0,0,1,0,0,0,0,1,1,1,1,1,28,6,1968,2,2,MAN MODEL MISSING,2,E01010508,0,-1
2021231106115,2021,231106115,2,21,1,1,1,8,2,0,0,8,0,0,0,0,3,1,1,1,1,43,7,12419,2,4,MAN MODEL MISSING,1,E01011431,0,-1
2021430059255,2021,430059255,2,21,1,2,2,0,0,0,0,0,0,0,0,0,2,1,6,6,1,-1,-1,12419,2,6,MAN MODEL MISSING,1,E01027140,0,-1
2021302101076,2021,302101076,1,21,1,16,19,4,8,0,0,0,0,0,0,0,1,1,1,1,1,54,8,12419,2,8,MAN MODEL MISSING,2,E01028233,0,-1
2021430547667,2021,430547667,2,21,0,7,7,6,8,0,0,5,0,0,0,0,2,1,6,6,1,-1,-1,6870,2,9,MAN MODEL MISSING,-1,-1,0,-1
2021070236406,2021,070236406,1,21,0,18,19,6,2,0,0,1,0,0,0,0,1,1,1,1,1,45,7,12419,2,1,MAN MODEL MISSING,-1,-1,0,-1
2021501073406,2021,501073406,2,21,0,18,19,1,5,0,0,0,0,0,0,0,3,1,6,6,1,52,8,6870,2,12,MAN MODEL MISSING,6,E01018750,0,-1
202134WNC1511,2021,34WNC1511,2,21,1,4,4,3,7,0,0,0,0,0,0,0,2,1,1,1,1,43,7,12419,2,5,MAN MODEL MISSING,4,E01002551,0,-1
2021430443518,2021,430443518,2,21,1,3,3,4,8,0,0,0,0,0,0,0,2,1,1,1,1,49,8,12419,2,2,MAN MODEL MISSING,1,E01005952,0,-1
2021031057457,2021,031057457,2,21,1,18,19,1,5,0,0,0,0,0,0,0,3,1,1,1,1,57,9,12419,2,1,MAN MODEL MISSING,3,E01006282,0,-1
2021430300134,2021,430300134,1,21,1,4,4,7,3,0,0,0,5,0,1,3,4,1,1,1,1,46,8,12419,2,2,MAN MODEL MISSING,-1,-1,0,-1
2021221124957,2021,221124957,1,21,0,18,19,4,8,0,0,0,0,0,0,0,3,1,1,1,1,57,9,12419,2,3,MAN MODEL MISSING,4,E01014128,0,-1
202154B837921,2021,54B837921,1,21,0,18,19,4,8,0,0,0,0,0,0,0,1,1,1,1,1,34,6,12419,2,4,MAN MODEL MISSING,10,E01014874,0,-1
2021610058021,2021,610058021,2,21,1,11,11,1,7,0,0,3,0,0,0,0,4,1,1,1,1,44,7,12419,2,3,MAN MODEL MISSING,1,W01001203,0,-1
2021141063332,2021,141063332,1,11,0,18,19,5,1,0,0,1,0,0,0,0,0,1,1,1,1,45,7,6871,2,13,MAN MODEL MISSING,6,E01007771,0,-1
2021421062090,2021,421062090,2,21,0,10,10,1,6,0,0,3,0,0,0,0,1,1,1,1,1,52,8,9037,2,2,MAN MODEL MISSING,2,E01021699,0,-1
2021010321500,2021,010321500,2,19,0,99,99,9,9,99,99,0,9,99,9,99,9,9,6,6,1,33,6,10518,2,7,MAN MODEL MISSING,6,E01033463,0,-1
202131D076521,2021,31D076521,1,21,1,9,9,7,5,0,0,8,0,0,0,0,3,1,1,1,1,57,9,12419,2,1,MAN MODEL MISSING,3,E01007457,0,-1
2021131099079,2021,131099079,1,21,0,11,11,7,3,0,0,0,0,0,1,0,1,1,2,2,1,30,6,4580,2,15,MAN MODEL MISSING,6,E01007620,0,-1
2021302100043,2021,302100043,1,20,0,18,19,7,3,0,0,0,0,0,0,0,1,1,1,1,1,31,6,4600,2,2,MAN MODEL MISSING,5,E01028114,0,-1
2021111131677,2021,111131677,1,21,1,18,19,1,3,0,0,1,5,0,0,0,3,1,1,1,1,30,6,12419,2,3,MAN MODEL MISSING,9,E01012233,0,-1
2021010331474,2021,010331474,3,21,0,18,19,3,7,0,0,1,0,0,0,0,1,1,1,1,1,51,8,4580,2,3,MAN MODEL MISSING,6,E01030218,0,-1
2021010301360,2021,010301360,2,21,5,11,11,7,3,0,0,1,1,0,0,0,1,1,6,6,3,-1,-1,6871,2,6,MAN MODEL MISSING,-1,-1,0,-1
2021131033851,2021,131033851,3,21,0,5,5,7,3,0,0,0,0,0,0,0,1,1,5,6,2,58,9,10518,2,9,MAN MODEL MISSING,6,E01010634,0,-1
2021221093112,2021,221093112,1,21,4,7,7,4,7,0,0,6,0,0,0,0,1,1,1,1,1,64,9,12419,2,5,MAN MODEL MISSING,6,E01020814,0,-1
2021320387185,2021,320387185,2,21,0,18,19,4,8,0,0,0,0,0,0,0,1,1,1,1,1,65,9,12419,2,2,MAN MODEL MISSING,7,E01029805,0,-1
2021991101424,2021,991101424,1,21,0,11,11,5,1,0,0,0,0,0,0,0,4,1,1,1,1,57,9,10518,2,7,MAN MODEL MISSING,3,-1,0,-1
2021320614987,2021,320614987,2,21,0,17,19,4,1,0,0,0,0,0,0,0,3,1,1,1,1,49,8,12419,2,0,MAN MODEL MISSING,7,E01026089,0,-1
2021170S10031,2021,170S10031,2,11,0,18,19,8,4,0,0,0,0,0,0,0,1,1,1,1,1,45,7,6871,2,17,MAN MODEL MISSING,3,E01012196,0,-1
2021440286463,2021,440286463,1,19,0,18,19,4,8,0,0,0,0,0,0,0,1,1,1,1,1,25,5,1968,2,0,MAN MODEL MISSING,8,E01030668,0,-1
2021010344393,2021,010344393,3,21,0,18,19,1,5,0,0,1,0,0,0,0,0,1,6,6,1,28,6,9037,2,0,MAN MODEL MISSING,4,E01003666,0,-1
2021010347577,2021,010347577,3,20,0,4,4,1,5,0,0,2,0,0,0,0,2,1,1,1,1,49,8,4580,2,7,MAN MODEL MISSING,2,E01001081,0,-1
2021302101756,2021,302101756,1,11,0,18,19,8,4,0,0,0,0,0,0,0,1,1,1,1,1,58,9,6871,2,13,MAN MODEL MISSING,9,E01019825,0,-1
2021440141923,2021,440141923,1,21,0,1,1,1,5,6,6,5,0,0,0,0,1,1,1,1,1,49,8,12419,2,3,MAN MODEL MISSING,1,E01022933,0,-1
2021141068243,2021,141068243,1,11,0,18,19,3,7,0,0,1,0,0,0,0,0,1,1,1,1,54,8,6871,2,13,MAN MODEL MISSING,1,E01007333,0,-1
2021552100846,2021,552100846,2,21,0,18,19,3,7,0,0,8,0,0,0,0,3,1,2,2,1,54,8,4580,2,17,MAN MODEL MISSING,9,E01022998,0,-1
2021131050142,2021,131050142,1,21,0,11,11,5,5,0,0,0,0,0,0,0,4,1,1,1,1,59,9,12419,2,6,MAN MODEL MISSING,3,E01007793,0,-1
2021552100818,2021,552100818,1,19,0,18,19,7,3,0,0,0,0,0,0,0,1,1,2,2,1,41,7,4580,2,21,MAN MODEL MISSING,1,E01020569,0,-1
2021061114760,2021,061114760,1,21,1,11,11,3,7,0,0,0,0,0,0,0,1,1,1,1,1,61,9,12419,2,4,MAN MODEL MISSING,3,E01019739,0,-1
2021122101124,2021,122101124,1,20,0,4,4,7,3,0,0,0,1,0,7,11,1,1,1,1,1,25,5,4580,2,15,MAN MODEL MISSING,4,E01011545,0,-1
2021320561054,2021,320561054,2,20,0,17,19,8,4,0,0,2,0,0,0,0,1,1,2,2,1,45,7,4580,2,4,MAN MODEL MISSING,1,E01013201,0,-1
2021522101955,2021,522101955,1,21,0,18,19,5,1,0,0,0,0,0,0,0,1,1,1,1,1,29,6,10518,2,8,MAN MODEL MISSING,4,W01001001,0,-1
2021101096724,2021,101096724,1,11,0,18,19,7,3,0,0,0,0,0,0,0,1,1,1,1,2,53,8,-1,2,12,MAN MODEL MISSING,-1,-1,0,-1
2021520106276,2021,520106276,3,21,1,18,19,4,8,0,0,8,0,0,0,0,1,1,6,6,1,55,8,12419,2,1,MAN MODEL MISSING,10,E01029263,0,-1
2021552100103,2021,552100103,1,21,0,7,7,1,3,0,0,5,0,0,0,0,4,1,1,1,1,42,7,4580,2,8,MAN MODEL MISSING,6,E01015324,0,-1
2021061033581,2021,061033581,2,21,0,5,5,1,1,0,0,8,0,0,0,0,2,1,1,1,1,47,8,6871,2,6,MAN MODEL MISSING,1,E01021500,0,-1
2021221079231,2021,221079231,2,21,0,18,19,5,1,0,0,0,0,0,0,0,2,1,1,1,1,55,8,10518,2,8,MAN MODEL MISSING,7,E01012501,0,-1
202134NNC3271,2021,34NNC3271,2,19,0,18,19,1,5,0,0,0,0,0,0,0,1,1,2,2,1,61,9,-1,-1,-1,MAN MODEL MISSING,1,E01015795,0,-1
2021991111625,2021,991111625,1,21,0,11,11,7,3,0,0,0,0,0,0,0,1,1,1,1,1,48,8,10518,2,4,MAN MODEL MISSING,3,-1,0,-1
2021546971121,2021,546971121,1,20,0,18,19,5,1,0,0,0,0,0,0,0,1,1,1,1,1,59,9,10518,2,7,MAN MODEL MISSING,7,E01032692,0,-1
2021421116348,2021,421116348,1,21,1,4,4,3,7,0,0,0,0,0,0,0,1,1,1,1,1,33,6,12419,2,2,MAN MODEL MISSING,2,E01021318,0,-1
2021031125154,2021,031125154,1,21,0,18,19,5,8,0,0,0,0,0,7,0,1,1,1,1,1,24,5,6871,2,0,MAN MODEL MISSING,-1,-1,0,-1
2021421082647,2021,421082647,1,21,1,16,19,5,1,0,0,0,0,0,0,0,1,1,1,1,1,43,7,6870,2,10,MAN MODEL MISSING,9,E01021740,0,-1
2021131066286,2021,131066286,2,21,0,18,19,6,2,0,0,8,0,0,0,0,1,1,1,1,1,36,7,12419,2,1,MAN MODEL MISSING,6,E01020676,0,-1
2021010329879,2021,010329879,3,20,0,5,5,5,1,0,0,0,0,0,0,0,1,1,1,1,1,61,9,4580,2,5,MAN MODEL MISSING,2,E01022023,0,-1
2021421049467,2021,421049467,1,21,0,5,5,4,7,0,0,1,0,0,0,0,1,1,1,1,1,62,9,12419,2,2,MAN MODEL MISSING,-1,-1,0,-1
2021141150100,2021,141150100,1,11,-1,-1,-1,-1,-1,-1,-1,0,-1,-1,-1,0,-1,1,1,1,1,47,8,6871,2,13,MAN MODEL MISSING,4,E01019544,0,-1
2021070837541,2021,070837541,1,21,0,18,19,4,8,0,0,0,0,5,0,10,1,1,1,1,1,55,8,12419,2,3,MAN MODEL MISSING,5,E01006848,0,-1
2021430102500,2021,430102500,1,21,0,13,13,7,3,0,0,0,0,0,0,0,4,1,1,1,1,67,10,10518,2,2,MAN MODEL MISSING,10,E01017876,0,-1
2021161058486,2021,161058486,1,11,0,5,5,6,2,0,0,0,0,0,0,0,4,1,1,1,3,30,6,6871,2,12,MAN MODEL MISSING,-1,-1,0,-1
2021061034155,2021,061034155,2,20,5,18,19,8,4,0,0,0,0,0,0,0,1,1,1,1,1,60,9,-1,-1,-1,MAN MODEL MISSING,-1,-1,0,-1
2021991022058,2021,991022058,2,21,0,18,19,3,7,0,0,0,0,0,0,0,1,1,1,1,1,43,7,6871,2,5,MAN MODEL MISSING,2,-1,0,-1
2021430272909,2021,430272909,2,21,0,18,19,2,6,0,0,0,1,0,0,0,2,1,2,2,1,55,8,12419,2,8,MAN MODEL MISSING,10,E01022687,0,-1
2021170M11571,2021,170M11571,2,21,1,18,19,5,1,0,0,0,0,0,0,0,2,1,1,1,1,54,8,12419,2,1,MAN MODEL MISSING,7,E01027743,0,-1
2021070881548,2021,070881548,1,21,1,11,11,1,5,0,0,0,0,0,0,0,4,1,1,1,1,78,11,12419,2,2,MAN MODEL MISSING,3,E01005478,0,-1
2021170H10871,2021,170H10871,1,11,0,18,19,7,3,0,0,8,0,0,0,0,4,1,1,1,1,48,8,6871,2,13,MAN MODEL MISSING,4,E01011988,0,-1
2021461026262,2021,461026262,1,21,0,18,19,7,7,0,0,0,0,0,2,0,1,1,1,1,1,65,9,12419,2,4,MAN MODEL MISSING,3,E01015988,0,-1