collision_index,collision_year,collision_ref_no,vehicle_reference,vehicle_type,towing_and_articulation,vehicle_manoeuvre_historic,vehicle_manoeuvre,vehicle_direction_from,vehicle_direction_to,vehicle_location_restricted_lane_historic,vehicle_location_restricted_lane,junction_location,skidding_and_overturning,hit_object_in_carriageway,vehicle_leaving_carriageway,hit_object_off_carriageway,first_point_of_impact,vehicle_left_hand_drive,journey_purpose_of_driver_historic,journey_purpose_of_driver,sex_of_driver,age_of_driver,age_band_of_driver,engine_capacity_cc,propulsion_code,age_of_vehicle,generic_make_model,driver_imd_decile,lsoa_of_driver,escooter_flag,driver_distance_banding
2021471088541,2021,471088541,1,9,0,18,19,7,3,0,0,6,0,0,7,0,4,1,1,1,1,29,6,1910,2,13,VAUXHALL ZAFIRA,-1,-1,0,-1
2021010313747,2021,010313747,2,9,0,99,99,9,9,99,99,9,9,99,9,99,9,9,6,6,1,-1,-1,1598,1,10,VAUXHALL ZAFIRA,8,E01004171,0,-1
2021351060749,2021,351060749,3,9,0,4,4,6,2,0,0,0,0,0,0,0,2,1,6,6,1,34,6,1910,2,14,VAUXHALL ZAFIRA,3,E01026596,0,-1
2021302100662,2021,302100662,1,9,0,4,4,8,4,0,0,1,0,0,0,0,1,1,6,6,2,37,7,1598,1,15,VAUXHALL ZAFIRA,2,E01019483,0,-1
2021461047627,2021,461047627,2,9,0,7,7,6,1,0,0,4,0,0,0,0,4,1,3,7,1,28,6,1796,1,14,VAUXHALL ZAFIRA,3,E01024548,0,-1
2021461070374,2021,461070374,2,9,0,9,9,5,1,0,0,0,0,0,0,0,3,1,6,6,2,32,6,1910,2,14,VAUXHALL ZAFIRA,8,E01024542,0,-1
2021461051501,2021,461051501,2,9,0,4,4,6,2,0,0,0,0,0,0,0,2,1,5,6,1,29,6,1998,1,16,VAUXHALL ZAFIRA,7,E01000362,0,-1
2021421125089,2021,421125089,2,9,0,18,19,3,7,0,0,8,0,0,0,0,1,1,5,6,1,69,10,1956,2,7,VAUXHALL ZAFIRA,4,E01021529,0,-1
2021131090777,2021,131090777,1,9,0,-1,-1,-1,-1,-1,-1,0,-1,-1,-1,-1,-1,1,6,6,3,-1,-1,1598,1,15,VAUXHALL ZAFIRA,-1,-1,0,-1
2021371099711,2021,371099711,2,9,0,18,19,7,4,0,0,8,0,0,0,0,1,1,5,6,1,30,6,1796,1,11,VAUXHALL ZAFIRA,1,E01030277,0,-1
2021430517843,2021,430517843,2,9,0,18,19,2,6,0,0,8,0,0,0,0,1,1,3,7,2,49,8,1598,1,13,VAUXHALL ZAFIRA,7,E01016739,0,-1
2021361112012,2021,361112012,1,9,0,4,4,1,5,0,0,2,0,0,0,0,1,1,6,6,3,50,8,1910,2,13,VAUXHALL ZAFIRA,4,E01026794,0,-1
2021401031703,2021,401031703,1,8,0,11,11,1,5,0,0,3,0,0,0,0,2,1,1,1,1,41,7,1956,2,6,VAUXHALL ZAFIRA,4,E01015784,0,-1
2021371149368,2021,371149368,2,9,0,2,2,7,6,0,0,0,0,0,0,0,2,1,6,6,1,36,7,1910,2,13,VAUXHALL ZAFIRA,4,E01030244,0,-1
2021522102610,2021,522102610,1,9,0,8,8,4,1,0,0,8,0,0,0,0,2,1,6,6,1,53,8,1956,2,7,VAUXHALL ZAFIRA,-1,-1,0,-1
2021041051046,2021,041051046,1,9,0,18,19,3,7,0,0,0,0,0,0,0,3,1,5,6,1,38,7,1686,2,8,VAUXHALL ZAFIRA,1,E01025181,0,-1
2021010346539,2021,010346539,2,9,0,2,2,0,0,0,0,0,0,0,0,0,3,1,6,6,3,-1,-1,1796,1,13,VAUXHALL ZAFIRA,-1,-1,0,-1
2021461084535,2021,461084535,2,9,0,8,8,1,5,0,0,1,0,0,0,0,2,1,5,6,1,34,6,1796,1,13,VAUXHALL ZAFIRA,3,E01016173,0,-1
2021161115173,2021,161115173,2,9,0,18,19,3,1,0,0,8,0,0,0,0,4,2,5,6,2,40,7,1598,1,17,VAUXHALL ZAFIRA,6,E01012961,0,-1
2021471096338,2021,471096338,1,9,0,1,1,7,3,0,0,0,0,0,0,0,-1,1,6,6,1,-1,-1,1598,1,12,VAUXHALL ZAFIRA,7,E01031462,0,-1
2021010308456,2021,010308456,1,9,0,99,99,9,9,99,99,0,9,99,9,99,9,9,6,6,1,41,7,1364,1,4,VAUXHALL ZAFIRA,2,E01000019,0,-1
2021622100061,2021,622100061,1,9,0,9,9,4,3,0,0,6,0,0,0,0,3,1,6,6,1,59,9,1796,1,18,VAUXHALL ZAFIRA,2,W01001079,0,-1
2021451076906,2021,451076906,1,9,0,3,3,7,7,0,0,0,0,0,0,0,4,1,5,6,1,54,8,1796,1,7,VAUXHALL ZAFIRA,10,E01030365,0,-1
2021010301259,2021,010301259,2,9,0,5,5,5,1,0,0,8,0,0,0,0,1,1,6,6,1,71,10,1796,1,16,VAUXHALL ZAFIRA,1,E01002734,0,-1
2021622100275,2021,622100275,1,9,0,16,19,8,4,0,0,1,0,0,0,0,1,1,6,6,1,31,6,1910,2,15,VAUXHALL ZAFIRA,4,W01001155,0,-1
2021010351726,2021,010351726,1,9,0,9,9,8,6,0,0,2,0,0,0,0,1,1,6,6,1,56,9,1598,1,9,VAUXHALL ZAFIRA,6,E01003786,0,-1
2021430284235,2021,430284235,1,9,0,10,10,6,4,0,0,1,0,0,0,0,2,1,6,6,2,38,7,1956,2,8,VAUXHALL ZAFIRA,10,E01016640,0,-1
2021161024837,2021,161024837,1,9,0,18,19,2,6,0,0,0,0,0,0,0,1,1,5,6,1,82,11,1686,2,8,VAUXHALL ZAFIRA,9,E01013275,0,-1
2021231016961,2021,231016961,1,9,0,18,19,3,7,0,0,0,1,0,4,6,3,1,2,2,1,42,7,1910,2,12,VAUXHALL ZAFIRA,1,E01009362,0,-1
2021141145680,2021,141145680,2,9,0,9,9,6,4,0,0,8,0,0,0,0,2,1,6,6,1,-1,-1,1910,2,15,VAUXHALL ZAFIRA,-1,-1,0,-1
2021131117454,2021,131117454,2,9,0,18,19,3,7,0,0,8,0,0,0,0,1,1,5,6,1,76,11,1598,1,14,VAUXHALL ZAFIRA,2,E01011865,0,-1
2021010290076,2021,010290076,1,9,0,17,19,4,3,0,0,8,0,0,0,0,1,1,2,2,1,58,9,2198,1,15,VAUXHALL ZAFIRA,8,E01030848,0,-1
202134NNC0361,2021,34NNC0361,2,9,0,10,10,5,3,0,0,8,0,0,0,0,2,1,6,6,1,39,7,1686,2,8,VAUXHALL ZAFIRA,-1,-1,0,-1
2021041013133,2021,041013133,1,9,0,9,9,7,3,0,0,1,0,0,1,0,1,1,2,2,1,52,8,1686,2,9,VAUXHALL ZAFIRA,-1,-1,0,-1
2021141031185,2021,141031185,2,9,0,9,9,8,4,0,0,0,0,0,3,0,1,1,5,6,1,38,7,1598,1,12,VAUXHALL ZAFIRA,6,E01025690,0,-1
2021161046048,2021,161046048,2,9,0,18,19,6,2,0,0,8,0,0,0,0,1,1,6,6,2,33,6,1598,1,12,VAUXHALL ZAFIRA,1,E01012849,0,-1
2021161066280,2021,161066280,1,9,0,18,19,5,1,0,0,8,0,0,0,0,1,1,5,6,1,38,7,1910,2,12,VAUXHALL ZAFIRA,2,E01012869,0,-1
2021010340057,2021,010340057,2,9,0,99,99,9,9,99,99,9,9,99,9,99,9,9,6,6,3,-1,-1,1598,1,9,VAUXHALL ZAFIRA,-1,-1,0,-1
2021552101128,2021,552101128,2,9,0,18,19,8,4,0,0,8,0,0,0,0,1,1,6,6,2,53,8,1598,1,16,VAUXHALL ZAFIRA,6,E01020221,0,-1
2021211064369,2021,211064369,1,9,0,18,19,4,8,0,0,1,0,0,0,0,1,1,5,6,2,30,6,1598,1,15,VAUXHALL ZAFIRA,2,E01009906,0,-1
2021131052742,2021,131052742,2,9,0,18,19,1,5,0,0,0,0,0,0,0,3,1,6,6,1,39,7,1956,2,9,VAUXHALL ZAFIRA,1,E01033693,0,-1
2021411061704,2021,411061704,1,9,-1,-1,-1,-1,-1,-1,-1,-1,-1,-1,-1,0,-1,1,6,6,3,-1,-1,1598,1,8,VAUXHALL ZAFIRA,-1,-1,0,-1
2021161014603,2021,161014603,1,9,0,18,19,2,4,0,0,0,0,0,0,0,1,1,2,2,1,32,6,1598,1,14,VAUXHALL ZAFIRA,1,E01012915,0,-1
2021471063811,2021,471063811,3,9,0,3,3,1,7,0,0,8,0,0,0,0,1,1,1,1,2,38,7,1598,1,9,VAUXHALL ZAFIRA,7,E01031766,0,-1
2021991081888,2021,991081888,1,9,0,4,4,7,3,0,0,2,0,0,0,0,1,1,6,6,1,33,6,1796,1,17,VAUXHALL ZAFIRA,3,-1,0,-1
2021131060508,2021,131060508,1,9,0,18,19,7,3,0,0,2,0,0,0,0,4,1,2,2,1,40,7,1598,1,12,VAUXHALL ZAFIRA,2,E01011370,0,-1
2021010346760,2021,010346760,2,9,0,17,19,3,7,0,0,0,0,0,0,0,1,1,6,6,1,51,8,2198,1,14,VAUXHALL ZAFIRA,6,E01003386,0,-1
2021430136518,2021,430136518,1,9,0,4,4,8,2,0,0,1,0,0,0,0,1,1,2,2,1,20,4,1796,1,14,VAUXHALL ZAFIRA,9,E01028723,0,-1
2021440154399,2021,440154399,2,9,0,18,19,7,3,0,0,8,0,0,0,0,4,1,6,6,1,83,11,1364,1,5,VAUXHALL ZAFIRA,10,E01022860,0,-1
2021991054172,2021,991054172,1,9,0,1,1,8,8,0,0,2,0,0,0,0,2,1,5,6,2,43,7,1598,1,13,VAUXHALL ZAFIRA,3,-1,0,-1
2021201098909,2021,201098909,2,9,0,18,19,2,6,0,0,6,0,0,0,0,1,1,6,6,2,26,6,1598,2,6,VAUXHALL ZAFIRA,1,E01010286,0,-1
2021522200146,2021,522200146,2,9,0,18,19,8,4,0,0,2,0,0,0,0,1,1,6,6,1,41,7,1956,2,6,VAUXHALL ZAFIRA,7,E01014905,0,-1
2021201082415,2021,201082415,1,9,0,18,19,2,6,0,0,8,0,0,0,0,1,1,6,6,1,67,10,1598,1,12,VAUXHALL ZAFIRA,3,E01004367,0,-1
2021361066057,2021,361066057,2,9,0,3,3,5,1,0,0,2,0,0,0,0,2,1,5,6,1,35,6,1796,1,14,VAUXHALL ZAFIRA,6,E01026430,0,-1
2021991068976,2021,991068976,1,9,0,18,19,3,6,0,0,1,0,0,0,0,1,1,5,6,2,42,7,1364,1,8,VAUXHALL ZAFIRA,1,-1,0,-1
2021520101773,2021,520101773,1,9,0,18,19,4,8,0,0,0,1,0,7,10,3,1,6,6,1,29,6,1598,1,14,VAUXHALL ZAFIRA,3,E01029029,0,-1
2021010342272,2021,010342272,1,9,0,18,19,1,5,0,0,1,0,0,0,0,1,1,6,6,2,41,7,1686,2,10,VAUXHALL ZAFIRA,8,E01000655,0,-1
2021010343373,2021,010343373,2,8,0,99,99,9,9,99,99,0,9,99,9,99,9,9,6,6,3,-1,-1,1956,2,5,VAUXHALL ZAFIRA,1,E01001562,0,-1
2021101148583,2021,101148583,1,9,0,9,9,5,3,0,0,5,0,0,0,0,1,1,5,6,2,62,9,1956,2,4,VAUXHALL ZAFIRA,5,E01027387,0,-1
202163A016521,2021,63A016521,2,9,0,18,19,1,5,0,0,8,0,0,0,0,3,1,6,6,2,33,6,1796,1,17,VAUXHALL ZAFIRA,4,W01000718,0,-1
2021302101109,2021,302101109,1,9,0,18,19,8,4,0,0,0,0,0,0,0,1,1,6,6,2,32,6,1598,1,21,VAUXHALL ZAFIRA,2,E01013585,0,-1
2021170L31351,2021,170L31351,1,9,0,13,13,5,1,0,0,8,0,0,0,0,1,1,6,6,2,24,5,1910,2,12,VAUXHALL ZAFIRA,6,E01012130,0,-1
2021010332986,2021,010332986,2,9,0,99,99,9,9,99,99,9,9,99,9,99,1,9,6,6,3,-1,-1,1364,1,5,VAUXHALL ZAFIRA,-1,-1,0,-1
2021010330694,2021,010330694,1,9,0,18,19,7,3,0,0,0,0,0,0,0,1,1,2,2,1,52,8,1796,1,12,VAUXHALL ZAFIRA,9,E01002339,0,-1
2021010298643,2021,010298643,2,9,0,99,99,9,9,99,99,9,9,99,9,99,1,9,6,6,3,50,8,1796,1,12,VAUXHALL ZAFIRA,3,E01003485,0,-1
2021010288739,2021,010288739,2,9,0,99,99,9,9,99,99,9,9,99,9,99,1,9,6,6,3,75,10,1796,1,14,VAUXHALL ZAFIRA,10,E01030340,0,-1
2021061080397,2021,061080397,1,9,0,18,19,3,7,0,0,0,0,0,0,0,1,1,5,6,1,45,7,1910,2,15,VAUXHALL ZAFIRA,1,E01007648,0,-1
2021421110931,2021,421110931,1,9,0,4,4,1,5,0,0,4,0,0,0,0,1,1,6,6,1,35,6,1910,2,11,VAUXHALL ZAFIRA,-1,-1,0,-1
2021010335353,2021,010335353,1,9,0,18,19,3,7,0,0,8,0,0,0,0,1,1,6,6,2,35,6,1364,1,7,VAUXHALL ZAFIRA,2,E01001577,0,-1
2021411055841,2021,411055841,1,9,0,18,19,3,8,0,0,8,0,0,0,0,1,1,6,6,1,33,6,1686,2,7,VAUXHALL ZAFIRA,4,E01023669,0,-1
2021061125740,2021,061125740,2,9,0,4,4,5,1,0,0,2,0,0,0,0,2,1,6,6,1,26,6,1686,2,8,VAUXHALL ZAFIRA,4,E01006026,0,-1
2021401119763,2021,401119763,1,9,0,18,19,2,6,0,0,8,0,0,0,0,1,1,6,6,1,68,10,1364,1,5,VAUXHALL ZAFIRA,2,E01017519,0,-1
2021461017018,2021,461017018,1,9,0,18,19,1,5,0,0,0,0,0,1,0,1,1,5,6,1,61,9,1796,1,8,VAUXHALL ZAFIRA,8,E01024394,0,-1
2021010299247,2021,010299247,1,9,9,99,99,9,9,99,99,9,9,99,9,99,1,9,6,6,1,33,6,1598,1,15,VAUXHALL ZAFIRA,5,E01003274,0,-1
2021461032854,2021,461032854,1,9,0,18,19,7,3,0,0,0,0,0,0,0,4,1,6,6,2,48,8,1910,2,11,VAUXHALL ZAFIRA,6,E01032798,0,-1
2021531120707,2021,531120707,2,9,0,18,19,5,2,0,0,0,1,0,0,0,1,1,5,6,1,44,7,1364,1,6,VAUXHALL ZAFIRA,7,E01014962,0,-1
20211383V1172,2021,1383V1172,1,9,0,18,19,3,7,0,0,0,0,0,0,0,1,1,6,6,2,43,7,1686,2,11,VAUXHALL ZAFIRA,1,E01011143,0,-1
2021430027892,2021,430027892,1,9,0,18,19,6,2,0,0,0,0,0,0,0,1,1,6,6,1,61,9,1796,1,7,VAUXHALL ZAFIRA,4,E01017661,0,-1
2021440455289,2021,440455289,2,9,0,9,9,6,2,0,0,5,0,0,0,0,3,1,6,6,1,41,7,1956,2,8,VAUXHALL ZAFIRA,1,E01017205,0,-1
2021010339440,2021,010339440,1,9,3,18,19,1,5,0,0,0,0,0,0,0,1,1,6,6,1,30,6,1364,1,4,VAUXHALL ZAFIRA,8,E01004587,0,-1
2021201098356,2021,201098356,1,9,0,18,19,8,4,0,0,4,0,0,0,0,3,1,6,6,2,42,7,1598,1,11,VAUXHALL ZAFIRA,6,E01009496,0,-1
2021421070421,2021,421070421,2,9,0,18,19,8,5,0,0,8,0,0,0,0,4,1,5,6,2,41,7,1598,1,8,VAUXHALL ZAFIRA,5,E01015993,0,-1
2021201117743,2021,201117743,2,9,0,5,5,1,5,0,0,0,0,4,7,0,1,1,6,6,1,55,8,1598,1,14,VAUXHALL ZAFIRA,2,E01008883,0,-1
2021070711605,2021,070711605,2,9,0,18,19,5,1,0,0,8,0,0,0,0,1,1,6,6,1,58,9,1598,1,16,VAUXHALL ZAFIRA,4,E01011208,0,-1
2021361075370,2021,361075370,1,9,0,18,19,6,8,0,0,2,1,0,0,0,3,1,5,6,1,36,7,1796,1,14,VAUXHALL ZAFIRA,7,E01026432,0,-1
2021201101367,2021,201101367,2,9,0,4,4,6,2,0,0,0,0,0,0,0,3,1,6,6,1,25,5,1364,1,4,VAUXHALL ZAFIRA,5,E01009936,0,-1
2021471102804,2021,471102804,1,9,0,18,19,2,6,0,0,0,0,0,0,0,1,1,5,6,1,34,6,1910,2,15,VAUXHALL ZAFIRA,4,E01017034,0,-1
2021010304880,2021,010304880,1,9,0,99,99,9,9,99,99,9,9,99,9,99,9,9,6,6,1,40,7,1598,1,9,VAUXHALL ZAFIRA,10,E01004104,0,-1
2021161025395,2021,161025395,2,9,0,18,19,4,2,0,0,0,0,0,0,0,1,1,6,6,2,39,7,1598,1,16,VAUXHALL ZAFIRA,-1,-1,0,-1
2021421057430,2021,421057430,1,9,0,18,19,3,1,0,0,0,0,0,0,0,1,1,6,6,1,54,8,1796,1,19,VAUXHALL ZAFIRA,3,E01003531,0,-1
2021122101200,2021,122101200,1,9,0,18,19,1,5,0,0,0,0,0,1,7,3,1,6,6,2,39,7,1686,2,8,VAUXHALL ZAFIRA,10,E01027901,0,-1
2021141024381,2021,141024381,1,9,0,18,19,1,1,0,0,1,0,0,0,0,3,1,6,6,1,38,7,1796,1,13,VAUXHALL ZAFIRA,1,E01008059,0,-1
2021141101731,2021,141101731,2,9,0,18,19,3,7,0,0,0,0,0,5,6,3,1,5,6,2,36,7,1598,1,14,VAUXHALL ZAFIRA,2,E01004980,0,-1
2021461025409,2021,461025409,2,9,0,7,7,4,8,0,0,3,5,11,1,0,4,1,2,2,1,44,7,1598,1,10,VAUXHALL ZAFIRA,3,E01016045,0,-1
2021430182579,2021,430182579,1,9,0,9,9,4,2,0,0,5,0,0,0,0,1,1,6,6,2,51,8,1910,2,13,VAUXHALL ZAFIRA,4,E01032732,0,-1
2021461040796,2021,461040796,2,9,0,18,19,7,3,0,0,1,0,0,0,0,3,1,6,6,2,40,7,1910,2,12,VAUXHALL ZAFIRA,1,E01024308,0,-1
2021991038056,2021,991038056,2,9,0,18,19,6,2,0,0,1,0,0,0,0,3,1,6,6,1,70,10,1364,1,4,VAUXHALL ZAFIRA,1,-1,0,-1
2021440454149,2021,440454149,1,9,0,18,19,5,1,0,0,0,1,0,1,4,3,1,2,2,1,27,6,1598,1,17,VAUXHALL ZAFIRA,8,E01022935,0,-1
2021552100621,2021,552100621,1,9,0,17,19,2,6,0,0,0,5,0,7,11,1,1,6,6,1,33,6,1598,1,13,VAUXHALL ZAFIRA,5,E01020589,0,-1
2021010316341,2021,010316341,2,9,0,3,3,1,5,0,0,1,0,0,0,0,1,1,6,6,1,48,8,1598,1,11,VAUXHALL ZAFIRA,5,E01001301,0,-1
2021141104838,2021,141104838,1,9,0,9,9,2,8,0,0,5,0,0,0,0,4,1,6,6,1,61,9,1796,1,15,VAUXHALL ZAFIRA,1,E01007851,0,-1
2021622100622,2021,622100622,2,9,0,8,8,2,6,0,0,1,0,0,0,0,2,1,1,1,1,26,6,1598,1,12,VAUXHALL ZAFIRA,2,W01001765,0,-1
2021161045000,2021,161045000,2,9,0,4,4,2,6,0,0,0,0,0,0,0,2,1,5,6,2,34,6,1598,1,13,VAUXHALL ZAFIRA,1,E01012834,0,-1
2021440224235,2021,440224235,1,9,0,18,19,5,1,0,0,0,0,0,0,0,3,1,6,6,1,38,7,1598,1,17,VAUXHALL ZAFIRA,7,E01017041,0,-1
2021622100514,2021,622100514,1,9,0,18,19,6,2,0,0,0,1,0,7,0,1,1,6,6,3,-1,-1,1598,1,14,VAUXHALL ZAFIRA,-1,-1,0,-1
2021351019292,2021,351019292,1,9,0,16,19,8,4,0,0,0,2,0,1,10,1,1,6,6,1,41,7,1598,1,14,VAUXHALL ZAFIRA,-1,-1,0,-1
202106A079935,2021,06A079935,2,9,0,18,19,3,7,0,0,8,0,0,0,0,3,1,6,6,1,56,9,1598,1,16,VAUXHALL ZAFIRA,1,E01005941,0,-1
2021622100771,2021,622100771,3,9,0,2,2,0,0,0,0,0,0,0,0,0,2,1,6,6,3,-1,-1,1686,2,9,VAUXHALL ZAFIRA,-1,-1,0,-1
2021461127548,2021,461127548,1,9,0,18,19,1,1,0,0,1,0,0,7,0,1,1,5,6,1,48,8,1910,2,14,VAUXHALL ZAFIRA,1,E01020983,0,-1
2021010291807,2021,010291807,1,9,0,5,5,5,1,0,0,1,5,0,0,0,1,1,6,6,2,85,11,1995,2,21,VAUXHALL ZAFIRA,8,E01003399,0,-1
2021010321271,2021,010321271,2,9,0,2,2,0,0,9,9,0,0,99,9,99,3,1,6,6,3,-1,-1,1598,1,12,VAUXHALL ZAFIRA,-1,-1,0,-1
2021201097881,2021,201097881,1,9,0,5,5,5,1,0,0,0,0,0,0,0,0,1,6,6,1,50,8,1796,1,11,VAUXHALL ZAFIRA,5,E01010337,0,-1
2021010311252,2021,010311252,1,9,0,3,3,5,1,0,0,8,0,0,0,0,1,1,6,6,1,28,6,1796,1,13,VAUXHALL ZAFIRA,3,E01003999,0,-1
2021361111040,2021,361111040,2,9,0,18,19,5,1,0,0,0,0,0,0,0,1,1,5,6,2,43,7,1686,2,10,VAUXHALL ZAFIRA,8,E01026434,0,-1
2021201017864,2021,201017864,3,9,0,2,2,0,0,9,9,2,0,0,0,0,3,1,6,6,2,-1,-1,1598,1,8,VAUXHALL ZAFIRA,-1,-1,0,-1
2021010333320,2021,010333320,2,9,0,99,99,9,9,99,99,9,9,99,9,99,9,9,6,6,3,-1,-1,1598,1,11,VAUXHALL ZAFIRA,6,E01004518,0,-1
2021430192391,2021,430192391,2,9,0,3,3,6,2,0,0,0,0,0,0,0,2,1,6,6,1,61,9,1910,2,15,VAUXHALL ZAFIRA,5,E01028441,0,-1
2021221037539,2021,221037539,1,9,0,11,11,7,2,0,0,5,2,0,2,1,1,1,1,1,1,31,6,1686,2,10,VAUXHALL ZAFIRA,1,E01009024,0,-1
202163A024421,2021,63A024421,1,9,0,9,9,2,8,0,0,8,0,0,0,0,1,1,2,2,2,28,6,1796,1,10,VAUXHALL ZAFIRA,7,W01000675,0,-1
2021440407193,2021,440407193,1,9,0,18,19,2,6,0,0,0,5,0,0,0,2,1,6,6,1,56,9,1598,1,12,VAUXHALL ZAFIRA,3,E01001366,0,-1
2021361140859,2021,361140859,3,9,0,2,2,0,0,0,0,0,0,0,0,0,1,1,6,6,2,57,9,1686,2,8,VAUXHALL ZAFIRA,4,E01026654,0,-1
2021440507209,2021,440507209,1,9,0,18,19,3,7,0,0,0,0,0,0,0,2,1,6,6,2,36,7,1686,2,11,VAUXHALL ZAFIRA,5,E01017131,0,-1
2021421023309,2021,421023309,2,9,0,-1,-1,-1,-1,-1,-1,0,-1,-1,-1,0,1,1,6,6,2,45,7,1364,1,4,VAUXHALL ZAFIRA,7,E01021900,0,-1
2021010342455,2021,010342455,2,9,0,3,3,1,5,0,0,1,0,0,0,0,2,1,3,7,1,46,8,1364,1,3,VAUXHALL ZAFIRA,1,E01001430,0,-1
2021451091838,2021,451091838,1,9,0,18,19,3,3,0,0,0,0,7,0,0,1,1,1,1,1,51,8,1364,1,3,VAUXHALL ZAFIRA,3,E01002402,0,-1
2021991050564,2021,991050564,2,9,0,2,2,6,6,6,6,5,0,0,0,0,4,1,6,6,3,-1,-1,1956,2,7,VAUXHALL ZAFIRA,-1,-1,0,-1
2021010309609,2021,010309609,1,9,0,9,9,7,5,0,0,6,0,0,0,0,4,1,6,6,1,39,7,1796,1,13,VAUXHALL ZAFIRA,7,E01004156,0,-1
2021010344751,2021,010344751,2,9,0,99,99,9,9,99,99,9,9,99,9,99,1,9,6,6,3,-1,-1,1364,1,5,VAUXHALL ZAFIRA,-1,-1,0,-1
2021421113500,2021,421113500,1,9,0,4,4,1,5,0,0,4,0,0,0,0,3,1,6,6,1,54,8,1598,1,11,VAUXHALL ZAFIRA,3,E01021713,0,-1
2021430512517,2021,430512517,2,9,0,9,9,5,3,0,0,5,0,0,0,0,4,1,1,1,2,35,6,1796,1,17,VAUXHALL ZAFIRA,-1,-1,0,-1
2021010299043,2021,010299043,2,9,0,99,99,9,9,99,99,0,9,99,9,99,1,9,6,6,3,-1,-1,1598,1,10,VAUXHALL ZAFIRA,4,E01003628,0,-1
2021201058844,2021,201058844,2,9,0,3,3,4,8,0,0,1,0,0,0,0,1,1,1,1,1,41,7,1598,1,8,VAUXHALL ZAFIRA,2,E01009481,0,-1
2021531109451,2021,531109451,1,9,0,16,19,3,7,0,0,0,0,0,0,0,3,1,5,6,1,61,9,1364,1,3,VAUXHALL ZAFIRA,2,E01033491,0,-1
2021161108977,2021,161108977,1,9,0,18,19,7,4,0,0,1,0,0,0,0,1,1,3,7,2,42,7,1910,2,13,VAUXHALL ZAFIRA,2,E01013202,0,-1
2021411141108,2021,411141108,2,9,0,18,19,1,5,0,0,8,0,0,0,0,4,1,6,6,1,54,8,1796,1,7,VAUXHALL ZAFIRA,9,E01023969,0,-1
2021201029148,2021,201029148,1,9,0,5,5,3,7,0,0,4,0,0,0,0,1,1,1,1,2,50,8,1598,1,9,VAUXHALL ZAFIRA,8,E01010329,0,-1
2021122100454,2021,122100454,1,9,0,17,19,5,1,0,0,8,0,0,0,0,1,1,6,6,2,34,6,1956,2,6,VAUXHALL ZAFIRA,5,E01027777,0,-1
202134NNC5171,2021,34NNC5171,2,9,0,18,19,3,7,0,0,0,0,0,0,0,1,1,6,6,1,53,8,1598,1,11,VAUXHALL ZAFIRA,-1,-1,0,-1
2021351091105,2021,351091105,2,9,0,2,2,0,0,9,9,0,0,0,0,0,1,1,5,6,3,-1,-1,1686,2,11,VAUXHALL ZAFIRA,-1,-1,0,-1
2021320584005,2021,320584005,2,9,0,18,19,8,6,0,0,8,0,0,7,4,1,1,6,6,2,49,8,1796,1,11,VAUXHALL ZAFIRA,6,E01026404,0,-1
2021010317950,2021,010317950,1,9,0,7,7,1,3,0,0,3,0,0,0,0,1,1,1,1,1,34,6,1796,1,7,VAUXHALL ZAFIRA,-1,-1,0,-1
2021010337644,2021,010337644,1,9,0,9,9,3,1,0,0,5,0,0,0,0,4,1,6,6,1,72,10,1796,1,17,VAUXHALL ZAFIRA,5,E01000803,0,-1
2021111053842,2021,111053842,1,9,0,1,1,3,7,0,0,0,0,0,0,0,2,1,6,6,1,30,6,1686,2,9,VAUXHALL ZAFIRA,4,E01020644,0,-1
202134WNC5431,2021,34WNC5431,2,9,0,18,19,1,5,0,0,8,0,0,0,0,1,1,6,6,1,29,6,1598,1,9,VAUXHALL ZAFIRA,5,E01027017,0,-1
2021010303555,2021,010303555,2,9,0,1,1,5,1,8,6,1,0,0,0,0,1,1,6,6,3,-1,-1,1598,1,11,VAUXHALL ZAFIRA,-1,-1,0,-1
2021320366863,2021,320366863,1,9,0,18,19,6,2,0,0,4,0,0,0,0,1,1,6,6,1,74,10,1910,2,11,VAUXHALL ZAFIRA,3,E01007774,0,-1
2021111067141,2021,111067141,1,9,0,18,19,8,4,0,0,1,0,0,0,0,1,1,5,6,1,59,9,1598,1,17,VAUXHALL ZAFIRA,2,E01020809,0,-1
2021010352132,2021,010352132,1,9,0,18,19,3,7,0,0,0,0,0,0,0,2,1,6,6,2,30,6,1956,2,7,VAUXHALL ZAFIRA,4,E01001336,0,-1
2021440036866,2021,440036866,2,9,0,17,19,2,6,0,0,0,0,0,0,0,3,1,2,2,1,56,9,1910,2,11,VAUXHALL ZAFIRA,6,E01023155,0,-1
2021320631157,2021,320631157,2,9,0,18,19,2,6,0,0,1,0,0,0,0,1,1,6,6,2,40,7,1956,2,6,VAUXHALL ZAFIRA,-1,-1,0,-1
2021010349098,2021,010349098,2,9,0,99,99,9,9,0,0,6,0,0,0,0,1,9,6,6,3,-1,-1,1796,7,10,VAUXHALL ZAFIRA,-1,-1,0,-1
2021161028272,2021,161028272,1,9,0,9,9,7,5,0,0,6,0,0,0,0,1,1,6,6,2,-1,-1,1796,1,10,VAUXHALL ZAFIRA,5,E01012773,0,-1
2021622100957,2021,622100957,1,9,0,18,19,6,2,0,0,1,0,0,4,6,1,1,6,6,2,33,6,1598,1,10,VAUXHALL ZAFIRA,1,W01001808,0,-1
2021031077237,2021,031077237,1,8,0,18,19,1,5,0,0,1,0,0,0,0,3,1,1,1,1,46,8,1910,2,12,VAUXHALL ZAFIRA,1,E01019263,0,-1
2021161097210,2021,161097210,1,9,0,14,14,4,8,0,0,1,0,0,0,0,1,1,6,6,3,-1,-1,1686,2,8,VAUXHALL ZAFIRA,-1,-1,0,-1
2021421089702,2021,421089702,1,9,0,18,19,2,6,0,0,0,1,4,7,0,1,1,5,6,1,81,11,2198,1,18,VAUXHALL ZAFIRA,4,E01022036,0,-1