collision_index,collision_year,collision_ref_no,vehicle_reference,vehicle_type,towing_and_articulation,vehicle_manoeuvre_historic,vehicle_manoeuvre,vehicle_direction_from,vehicle_direction_to,vehicle_location_restricted_lane_historic,vehicle_location_restricted_lane,junction_location,skidding_and_overturning,hit_object_in_carriageway,vehicle_leaving_carriageway,hit_object_off_carriageway,first_point_of_impact,vehicle_left_hand_drive,journey_purpose_of_driver_historic,journey_purpose_of_driver,sex_of_driver,age_of_driver,age_band_of_driver,engine_capacity_cc,propulsion_code,age_of_vehicle,generic_make_model,driver_imd_decile,lsoa_of_driver,escooter_flag,driver_distance_banding
2021010292005,2021,010292005,2,9,0,3,3,8,4,0,0,1,0,0,0,0,2,1,6,6,1,42,7,1598,1,12,VAUXHALL ZAFIRA,5,E01000636,0,-1
2021471077955,2021,471077955,2,9,0,2,2,0,0,0,0,0,0,0,0,0,3,1,6,6,3,-1,-1,1796,1,9,VAUXHALL ZAFIRA,-1,-1,0,-1
2021201108919,2021,201108919,2,9,0,18,19,4,8,0,0,8,0,0,0,0,3,1,3,7,1,46,8,1598,1,16,VAUXHALL ZAFIRA,1,E01009943,0,-1
2021010294090,2021,010294090,1,9,0,18,19,7,3,0,0,8,0,0,0,0,3,1,6,6,1,33,6,1910,2,14,VAUXHALL ZAFIRA,2,E01001079,0,-1
2021131059703,2021,131059703,3,9,0,17,19,3,3,0,0,0,0,0,0,0,3,1,6,6,2,52,8,1598,1,8,VAUXHALL ZAFIRA,5,E01011820,0,-1
2021440421329,2021,440421329,2,9,0,7,7,8,4,0,0,3,0,0,0,0,2,1,6,6,2,26,6,1598,1,14,VAUXHALL ZAFIRA,6,E01022814,0,-1
2021991103716,2021,991103716,2,9,0,18,19,5,1,0,0,1,0,0,0,0,4,1,5,6,1,49,8,1364,1,4,VAUXHALL ZAFIRA,8,-1,0,-1
2021430203755,2021,430203755,1,9,0,5,5,2,6,0,0,8,0,0,0,0,4,1,1,1,1,58,9,1686,2,11,VAUXHALL ZAFIRA,4,E01017850,0,-1
2021010336719,2021,010336719,2,9,0,2,2,0,0,0,0,0,0,4,0,0,2,1,6,6,3,-1,-1,1686,2,9,VAUXHALL ZAFIRA,-1,-1,0,-1
2021070613854,2021,070613854,2,9,0,18,19,6,2,0,0,0,0,0,0,0,2,1,6,6,1,52,8,1910,2,15,VAUXHALL ZAFIRA,2,E01018564,0,-1
2021211027661,2021,211027661,2,9,0,3,3,4,8,0,0,4,0,0,0,0,3,1,6,6,1,34,6,1910,2,11,VAUXHALL ZAFIRA,4,E01014277,0,-1
2021311100433,2021,311100433,1,9,0,16,19,7,3,0,0,0,1,0,8,10,1,1,6,6,1,23,5,1796,1,15,VAUXHALL ZAFIRA,2,E01028267,0,-1
2021010316184,2021,010316184,1,9,0,9,9,7,5,0,0,2,0,0,0,0,1,1,3,7,1,55,8,1796,1,16,VAUXHALL ZAFIRA,3,E01000148,0,-1
2021461031290,2021,461031290,1,9,0,18,19,3,7,0,0,0,0,0,0,0,1,1,5,6,1,75,10,1686,2,9,VAUXHALL ZAFIRA,1,E01024610,0,-1
2021201059186,2021,201059186,1,9,0,18,19,4,8,0,0,4,0,0,0,0,1,1,1,1,1,34,6,1598,1,15,VAUXHALL ZAFIRA,3,E01010479,0,-1
2021421037665,2021,421037665,1,9,0,13,13,5,8,0,0,0,5,0,0,0,4,1,2,2,1,29,6,1995,2,17,VAUXHALL ZAFIRA,4,E01023337,0,-1
2021471039726,2021,471039726,1,9,0,18,19,5,1,0,0,8,0,0,0,0,3,1,6,6,2,59,9,1598,1,14,VAUXHALL ZAFIRA,5,E01031807,0,-1
2021361027676,2021,361027676,1,9,0,18,19,1,5,0,0,1,0,0,1,9,1,1,5,6,2,32,6,1956,2,6,VAUXHALL ZAFIRA,5,E01033435,0,-1
2021411139361,2021,411139361,1,9,0,18,19,2,6,0,0,8,0,0,0,0,1,1,6,6,1,62,9,1686,2,11,VAUXHALL ZAFIRA,2,E01023860,0,-1
2021501095946,2021,501095946,2,9,0,18,19,1,5,0,0,0,0,0,0,0,1,1,6,6,1,30,6,1910,2,11,VAUXHALL ZAFIRA,6,E01020204,0,-1
2021131119883,2021,131119883,2,9,0,18,19,7,3,0,0,8,0,0,0,0,4,1,2,2,1,55,8,1598,1,10,VAUXHALL ZAFIRA,5,E01010923,0,-1
2021141022962,2021,141022962,2,9,0,18,19,1,5,0,0,0,0,0,0,0,1,1,5,6,1,40,7,1796,1,19,VAUXHALL ZAFIRA,1,E01008059,0,-1
2021141043348,2021,141043348,3,9,0,2,2,0,0,0,0,1,0,4,0,0,1,1,6,6,3,-1,-1,1598,1,14,VAUXHALL ZAFIRA,-1,-1,0,-1
2021461095753,2021,461095753,2,9,0,5,5,5,2,0,0,0,0,0,0,0,2,1,6,6,1,49,8,1956,2,6,VAUXHALL ZAFIRA,3,E01016022,0,-1
2021501090916,2021,501090916,2,9,0,9,9,8,7,0,0,1,0,0,0,0,1,1,5,6,1,27,6,1598,1,10,VAUXHALL ZAFIRA,3,E01020139,0,-1
2021361109124,2021,361109124,2,9,0,18,19,1,5,0,0,0,0,0,0,0,4,1,6,6,1,45,7,1796,1,14,VAUXHALL ZAFIRA,5,E01026831,0,-1
2021010330935,2021,010330935,3,9,9,18,19,5,1,0,0,9,9,0,9,0,1,9,6,6,3,-1,-1,1598,1,15,VAUXHALL ZAFIRA,3,E01001508,0,-1
2021545630921,2021,545630921,1,9,0,2,2,0,0,0,0,0,0,0,0,0,3,1,6,6,1,57,9,1686,2,10,VAUXHALL ZAFIRA,4,E01015475,0,-1
2021201138806,2021,201138806,1,9,0,18,19,1,4,0,0,0,0,0,0,0,4,1,6,6,3,-1,-1,1796,1,10,VAUXHALL ZAFIRA,-1,-1,0,-1
2021061073774,2021,061073774,1,9,0,9,9,6,8,0,0,5,0,0,0,0,4,1,6,6,1,51,8,1598,1,13,VAUXHALL ZAFIRA,3,E01004854,0,-1
2021471029238,2021,471029238,1,9,0,18,19,8,4,0,0,1,0,0,0,0,1,1,5,6,2,23,5,2198,1,15,VAUXHALL ZAFIRA,8,E01016959,0,-1
2021131057118,2021,131057118,1,9,0,5,5,3,7,0,0,8,0,0,0,0,4,1,5,6,1,36,7,1598,1,8,VAUXHALL ZAFIRA,4,E01011546,0,-1
2021010305625,2021,010305625,1,9,0,8,8,7,1,99,99,9,9,99,0,0,2,9,2,2,1,59,9,1598,1,8,VAUXHALL ZAFIRA,4,E01003322,0,-1
2021421100412,2021,421100412,3,9,0,3,3,2,4,0,0,8,0,0,0,0,2,1,6,6,1,73,10,1598,1,15,VAUXHALL ZAFIRA,6,E01015937,0,-1
2021161115993,2021,161115993,2,9,0,7,7,5,7,0,0,1,0,0,0,0,1,1,6,6,1,59,9,1796,1,17,VAUXHALL ZAFIRA,8,E01013055,0,-1
2021531026731,2021,531026731,1,9,0,5,5,1,1,0,0,8,0,0,0,0,1,1,2,2,1,34,6,1598,1,8,VAUXHALL ZAFIRA,10,E01022112,0,-1
2021010344786,2021,010344786,1,9,0,10,10,3,1,0,0,5,0,0,0,0,1,1,1,1,1,61,9,1598,1,12,VAUXHALL ZAFIRA,4,E01000612,0,-1
2021010325176,2021,010325176,2,9,0,3,3,7,3,0,0,0,0,0,0,0,2,1,6,6,1,30,6,1598,1,9,VAUXHALL ZAFIRA,7,E01004545,0,-1
2021221093452,2021,221093452,1,8,0,5,5,8,4,0,0,4,0,0,0,0,1,1,1,1,1,49,8,1686,2,10,VAUXHALL ZAFIRA,6,E01028971,0,-1
2021440319499,2021,440319499,2,9,0,18,19,3,7,0,0,8,0,0,0,0,1,1,2,2,1,65,9,1796,1,14,VAUXHALL ZAFIRA,3,E01017052,0,-1
2021141094020,2021,141094020,1,9,0,18,19,6,2,0,0,2,0,0,0,0,1,1,1,1,1,49,8,1910,2,14,VAUXHALL ZAFIRA,6,E01007598,0,-1
2021547258221,2021,547258221,2,9,0,18,19,1,5,0,0,1,0,0,0,0,1,1,6,6,1,48,8,1598,1,16,VAUXHALL ZAFIRA,4,E01015511,0,-1
2021421014348,2021,421014348,2,9,0,18,19,8,4,0,0,0,0,0,0,0,1,1,6,6,2,62,9,1598,1,8,VAUXHALL ZAFIRA,10,E01021384,0,-1
2021010342195,2021,010342195,1,9,0,99,99,9,9,99,99,0,9,99,9,99,9,9,6,6,2,38,7,1364,1,4,VAUXHALL ZAFIRA,5,E01001677,0,-1
2021010350178,2021,010350178,1,9,0,4,4,1,5,0,0,2,0,0,0,0,1,1,6,6,1,74,10,1598,1,8,VAUXHALL ZAFIRA,8,E01021441,0,-1
2021461093858,2021,461093858,3,9,0,18,19,3,7,0,0,0,0,0,0,0,2,1,6,6,1,67,10,1598,1,8,VAUXHALL ZAFIRA,1,E01004222,0,-1
2021531084046,2021,531084046,2,9,0,18,19,6,2,0,0,0,5,0,1,4,2,1,2,2,1,35,6,1956,2,5,VAUXHALL ZAFIRA,3,E01026967,0,-1
2021201113584,2021,201113584,1,9,0,5,5,5,1,0,0,8,0,0,0,0,3,1,2,2,2,38,7,1598,1,15,VAUXHALL ZAFIRA,2,E01009980,0,-1
2021471056132,2021,471056132,2,9,0,3,3,7,2,0,0,1,0,0,0,0,2,1,1,1,1,36,7,1598,1,14,VAUXHALL ZAFIRA,4,E01031547,0,-1
2021371020582,2021,371020582,1,9,0,17,19,5,1,0,0,1,0,0,0,0,1,1,1,1,1,57,9,1995,2,17,VAUXHALL ZAFIRA,1,E01029994,0,-1
2021411051757,2021,411051757,1,9,0,18,19,3,7,0,0,4,0,0,0,0,0,1,6,6,1,49,8,1796,1,10,VAUXHALL ZAFIRA,7,E01023484,0,-1
2021041058677,2021,041058677,2,9,0,2,2,1,5,0,0,1,1,0,0,0,2,1,6,6,3,-1,-1,1910,2,13,VAUXHALL ZAFIRA,-1,-1,0,-1
2021111094346,2021,111094346,2,9,0,18,19,1,5,0,0,0,0,0,0,0,1,1,6,6,1,37,7,1598,2,5,VAUXHALL ZAFIRA,-1,-1,0,-1
2021471028688,2021,471028688,1,9,0,18,19,6,2,0,0,0,0,0,0,0,4,1,5,6,2,72,10,1796,1,8,VAUXHALL ZAFIRA,5,E01016884,0,-1
2021131106202,2021,131106202,2,9,0,4,4,6,2,0,0,0,0,0,0,0,2,1,6,6,2,54,8,1956,2,7,VAUXHALL ZAFIRA,7,E01013024,0,-1
2021010328576,2021,010328576,2,9,0,4,4,7,3,0,0,1,0,0,0,0,1,1,6,6,2,48,8,1910,2,12,VAUXHALL ZAFIRA,4,E01003757,0,-1
2021421062480,2021,421062480,1,9,0,16,19,8,4,0,0,1,1,0,0,0,3,1,5,6,1,18,4,1598,1,14,VAUXHALL ZAFIRA,8,E01021400,0,-1
2021522102357,2021,522102357,1,9,0,7,7,6,8,0,0,8,0,0,0,0,3,1,6,6,2,49,8,1598,1,12,VAUXHALL ZAFIRA,6,E01020443,0,-1
2021361114203,2021,361114203,2,9,0,18,19,8,4,0,0,8,0,0,0,0,1,1,5,6,1,40,7,1956,2,7,VAUXHALL ZAFIRA,5,E01026745,0,-1
2021421049426,2021,421049426,2,9,0,8,8,7,1,0,0,1,0,0,0,0,3,1,5,6,2,40,7,1364,1,3,VAUXHALL ZAFIRA,5,E01021393,0,-1
2021421062569,2021,421062569,1,9,0,18,19,2,6,0,0,0,1,0,0,0,1,1,1,1,1,27,6,1364,1,4,VAUXHALL ZAFIRA,4,E01021425,0,-1
2021052100685,2021,052100685,1,9,0,18,19,3,7,0,0,8,0,0,0,0,3,1,6,6,3,-1,-1,1364,1,5,VAUXHALL ZAFIRA,-1,-1,0,-1
2021461096871,2021,461096871,1,9,0,18,19,6,2,0,0,0,1,0,7,0,1,1,5,6,1,59,9,1598,1,14,VAUXHALL ZAFIRA,7,E01015969,0,-1
2021061116353,2021,061116353,2,9,0,18,19,3,7,0,0,0,0,0,0,0,2,1,6,6,1,47,8,1910,2,13,VAUXHALL ZAFIRA,1,E01005515,0,-1
2021141098467,2021,141098467,1,9,0,4,4,8,4,0,0,1,0,0,0,0,2,1,5,6,1,-1,-1,1686,2,10,VAUXHALL ZAFIRA,2,E01033270,0,-1
2021622100978,2021,622100978,2,9,0,18,19,6,2,0,0,8,0,0,0,0,1,1,6,6,1,48,8,2198,1,12,VAUXHALL ZAFIRA,1,W01000862,0,-1
2021991117231,2021,991117231,4,9,0,18,19,4,8,0,0,8,0,0,0,0,4,1,1,1,2,30,6,1686,2,7,VAUXHALL ZAFIRA,8,-1,0,-1
2021131070252,2021,131070252,1,9,0,9,9,5,3,0,0,8,0,0,0,0,1,1,5,6,1,50,8,1910,2,13,VAUXHALL ZAFIRA,2,E01010728,0,-1
2021622100443,2021,622100443,3,9,0,4,4,6,2,0,0,0,0,0,0,0,2,1,6,6,1,32,6,1910,2,14,VAUXHALL ZAFIRA,6,W01000598,0,-1
2021201062099,2021,201062099,1,9,0,3,3,8,4,0,0,0,1,7,4,6,1,1,1,1,1,58,9,1796,1,7,VAUXHALL ZAFIRA,1,E01009047,0,-1
2021371144857,2021,371144857,1,9,0,9,9,7,4,0,0,8,0,0,0,0,1,1,4,7,2,33,6,1598,1,15,VAUXHALL ZAFIRA,5,E01029958,0,-1
2021122100304,2021,122100304,1,9,0,3,3,5,1,0,0,1,0,0,0,0,2,1,6,6,1,43,7,1686,2,8,VAUXHALL ZAFIRA,1,E01012114,0,-1
2021430124763,2021,430124763,1,9,0,7,7,3,5,0,0,8,0,0,0,0,3,1,2,2,2,27,6,1598,1,15,VAUXHALL ZAFIRA,7,E01028725,0,-1
2021471056451,2021,471056451,2,9,0,18,19,7,3,0,0,1,0,0,0,0,1,1,5,6,2,40,7,1598,1,9,VAUXHALL ZAFIRA,6,E01031516,0,-1
2021471127355,2021,471127355,1,9,0,18,19,5,1,0,0,1,1,0,0,0,1,1,5,6,2,32,6,1956,2,7,VAUXHALL ZAFIRA,5,E01031771,0,-1
2021201114575,2021,201114575,1,9,0,18,19,8,4,0,0,8,0,0,0,0,1,1,6,6,1,-1,-1,1364,1,5,VAUXHALL ZAFIRA,1,E01009362,0,-1
2021201115813,2021,201115813,2,9,0,3,3,6,2,0,0,1,0,0,0,0,2,1,6,6,2,32,6,1364,1,3,VAUXHALL ZAFIRA,5,E01009548,0,-1
2021201114136,2021,201114136,3,9,0,2,2,0,0,0,0,0,0,0,0,0,0,1,5,6,2,67,10,1364,1,4,VAUXHALL ZAFIRA,-1,-1,0,-1
2021221022207,2021,221022207,1,9,0,16,19,8,3,0,0,0,1,10,0,0,1,1,5,6,1,27,6,1796,1,14,VAUXHALL ZAFIRA,3,E01028880,0,-1
2021041064178,2021,041064178,2,9,0,18,19,5,1,0,0,0,0,0,0,0,2,1,5,6,1,34,6,1598,1,11,VAUXHALL ZAFIRA,2,E01028983,0,-1
2021430517643,2021,430517643,2,9,0,18,19,1,5,0,0,2,0,0,0,0,1,1,6,6,1,-1,-1,1598,1,12,VAUXHALL ZAFIRA,-1,-1,0,-1
2021221044078,2021,221044078,1,9,0,18,19,5,1,0,0,8,0,0,0,0,1,1,5,6,2,38,7,1796,1,11,VAUXHALL ZAFIRA,8,E01028887,0,-1
2021461021038,2021,461021038,3,9,0,2,2,0,0,0,0,8,0,0,0,0,4,1,5,6,3,-1,-1,1910,2,12,VAUXHALL ZAFIRA,-1,-1,0,-1
2021471089032,2021,471089032,1,9,0,18,19,3,7,0,0,2,0,0,0,0,3,1,2,2,2,36,7,1686,2,10,VAUXHALL ZAFIRA,3,E01021137,0,-1
2021010348571,2021,010348571,2,9,9,99,99,9,9,99,99,9,9,99,9,99,9,9,6,6,3,-1,-1,1364,1,5,VAUXHALL ZAFIRA,8,E01004160,0,-1
2021401024700,2021,401024700,2,9,0,4,4,7,3,0,0,0,0,1,0,0,2,1,6,6,1,47,8,1598,1,9,VAUXHALL ZAFIRA,5,E01017378,0,-1
2021320221466,2021,320221466,1,9,0,18,19,5,1,0,0,0,5,12,1,9,1,1,6,6,1,66,10,1910,2,13,VAUXHALL ZAFIRA,9,E01008184,0,-1
2021161045987,2021,161045987,2,9,0,5,5,1,5,0,0,0,0,0,0,0,1,1,6,6,1,41,7,1362,1,9,VAUXHALL ZAFIRA,-1,-1,0,-1
2021010315484,2021,010315484,1,9,0,99,99,9,9,99,99,9,9,99,9,99,2,9,6,6,1,39,7,1598,1,12,VAUXHALL ZAFIRA,4,E01002042,0,-1
2021211093214,2021,211093214,1,9,0,5,5,2,6,0,0,6,0,0,0,0,4,1,6,6,1,59,9,1796,1,17,VAUXHALL ZAFIRA,3,E01029448,0,-1
202131B075621,2021,31B075621,2,9,0,2,2,0,0,0,0,0,0,0,0,0,2,1,6,6,2,-1,-1,1686,2,7,VAUXHALL ZAFIRA,-1,-1,0,-1
2021010306876,2021,010306876,1,8,0,99,99,9,9,99,99,0,9,99,9,99,9,9,6,6,1,50,8,1598,2,5,VAUXHALL ZAFIRA,1,E01004420,0,-1
202134NNC6201,2021,34NNC6201,1,9,0,18,19,2,6,0,0,0,0,0,0,0,1,1,6,6,1,51,8,1598,1,16,VAUXHALL ZAFIRA,2,E01027106,0,-1
2021010334369,2021,010334369,1,9,0,7,7,6,1,2,2,5,0,0,0,0,4,1,6,6,1,60,9,1956,2,7,VAUXHALL ZAFIRA,10,E01033319,0,-1
2021010352914,2021,010352914,2,9,0,99,99,9,9,99,99,9,9,99,9,99,2,9,6,6,2,31,6,1956,2,5,VAUXHALL ZAFIRA,7,E01023739,0,-1
2021302101547,2021,302101547,2,9,0,4,4,8,3,0,0,3,0,0,0,0,2,1,6,6,2,42,7,1686,2,7,VAUXHALL ZAFIRA,1,E01013496,0,-1
2021302101035,2021,302101035,1,9,0,18,19,2,8,0,0,0,0,0,0,0,1,1,3,7,2,-1,-1,1686,2,10,VAUXHALL ZAFIRA,3,E01019807,0,-1
2021061071241,2021,061071241,1,9,0,18,19,7,3,0,0,0,0,0,0,0,1,1,6,6,2,34,6,1686,2,11,VAUXHALL ZAFIRA,1,E01005202,0,-1
2021101013792,2021,101013792,1,9,0,3,3,3,7,0,0,0,0,0,0,0,4,1,5,6,1,39,7,1598,1,11,VAUXHALL ZAFIRA,-1,-1,0,-1
2021052102120,2021,052102120,1,9,0,18,19,5,1,0,0,4,0,0,0,0,1,1,6,6,1,85,11,1995,2,18,VAUXHALL ZAFIRA,9,E01007182,0,-1
2021201052093,2021,201052093,2,9,0,18,19,4,8,0,0,8,0,0,0,0,1,1,1,1,2,46,8,1686,2,7,VAUXHALL ZAFIRA,9,E01009959,0,-1
2021221020965,2021,221020965,2,9,0,17,19,5,1,0,0,0,0,0,0,0,1,1,5,6,1,58,9,1910,2,13,VAUXHALL ZAFIRA,3,E01028880,0,-1
2021131101145,2021,131101145,2,9,0,18,19,1,5,9,9,8,0,0,1,0,3,1,1,1,1,40,7,1956,2,8,VAUXHALL ZAFIRA,2,E01011781,0,-1
2021010332456,2021,010332456,2,9,0,99,99,9,9,99,99,9,9,99,9,99,1,9,6,6,1,57,9,1598,1,15,VAUXHALL ZAFIRA,1,E01033456,0,-1
2021471104072,2021,471104072,1,9,0,4,4,1,5,0,0,4,0,0,7,0,1,1,1,1,1,76,11,1956,2,6,VAUXHALL ZAFIRA,9,E01031588,0,-1
2021010346488,2021,010346488,1,9,0,18,19,1,5,0,0,0,0,0,0,0,3,1,2,2,1,49,8,1910,2,16,VAUXHALL ZAFIRA,3,E01001370,0,-1
2021541947821,2021,541947821,2,9,0,9,9,2,8,0,0,1,0,0,0,0,3,1,6,6,2,33,6,1919,2,13,VAUXHALL ZAFIRA,6,E01032083,0,-1
2021211030241,2021,211030241,2,9,0,2,2,-1,-1,-1,-1,0,-1,-1,-1,0,1,1,6,6,1,61,9,1910,2,13,VAUXHALL ZAFIRA,6,E01014338,0,-1
2021070090604,2021,070090604,1,9,0,9,9,7,5,0,0,6,0,0,0,0,3,1,6,6,1,26,6,1796,1,10,VAUXHALL ZAFIRA,3,E01018461,0,-1
2021010314183,2021,010314183,1,9,0,9,9,1,7,0,0,8,0,0,0,0,1,1,6,6,1,60,9,1956,2,7,VAUXHALL ZAFIRA,6,E01003386,0,-1
2021451092435,2021,451092435,2,9,0,17,19,5,1,0,0,0,0,11,0,0,1,1,2,2,1,37,7,1364,1,5,VAUXHALL ZAFIRA,7,E01030429,0,-1
2021421026126,2021,421026126,1,9,0,18,19,5,1,0,0,1,0,0,0,0,1,1,5,6,2,68,10,1598,1,8,VAUXHALL ZAFIRA,1,E01015841,0,-1
2021061101725,2021,061101725,1,9,0,3,3,3,8,0,0,1,0,0,0,0,2,1,6,6,1,38,7,1796,1,18,VAUXHALL ZAFIRA,2,E01006862,0,-1
2021461064306,2021,461064306,1,9,0,9,9,1,7,0,0,0,0,0,0,0,3,1,6,6,2,80,11,1686,2,10,VAUXHALL ZAFIRA,10,E01024467,0,-1
2021070505628,2021,070505628,1,9,0,5,5,2,4,0,0,1,0,0,0,0,1,1,6,6,1,42,7,1956,2,4,VAUXHALL ZAFIRA,1,E01005240,0,-1
2021991063457,2021,991063457,3,9,0,18,19,7,3,0,0,0,0,0,0,0,1,1,5,6,2,64,9,1598,1,12,VAUXHALL ZAFIRA,3,-1,0,-1
2021161116138,2021,161116138,1,9,0,2,2,0,0,0,0,0,0,0,0,0,2,1,6,6,2,35,6,1686,2,8,VAUXHALL ZAFIRA,1,E01013312,0,-1
2021401022716,2021,401022716,1,9,0,7,7,8,4,0,0,8,0,0,0,0,1,1,5,6,1,46,8,1686,2,10,VAUXHALL ZAFIRA,1,E01015729,0,-1
2021221093478,2021,221093478,1,9,0,18,19,7,3,0,0,0,0,0,0,0,3,1,5,6,2,59,9,1364,1,3,VAUXHALL ZAFIRA,7,E01014202,0,-1
2021231087135,2021,231087135,1,9,0,9,9,7,5,0,0,6,0,0,0,0,1,1,2,2,1,43,7,1910,2,11,VAUXHALL ZAFIRA,2,E01009050,0,-1
2021010333280,2021,010333280,3,9,0,2,2,0,0,0,0,8,0,0,0,0,9,1,6,6,3,-1,-1,1796,1,14,VAUXHALL ZAFIRA,-1,-1,0,-1
2021421083776,2021,421083776,2,9,0,2,2,0,0,0,0,2,1,4,0,0,4,1,6,6,3,-1,-1,1910,2,12,VAUXHALL ZAFIRA,-1,-1,0,-1
2021010313321,2021,010313321,1,9,0,18,19,7,3,0,0,1,0,0,0,0,2,1,6,6,1,45,7,1796,1,14,VAUXHALL ZAFIRA,2,E01004090,0,-1
2021440298039,2021,440298039,1,9,0,18,19,3,7,0,0,0,0,0,0,0,1,1,6,6,1,63,9,1598,1,12,VAUXHALL ZAFIRA,1,E01017112,0,-1
202131A045421,2021,31A045421,1,9,0,18,19,4,6,0,0,1,0,0,0,0,1,1,6,6,2,32,6,1686,2,8,VAUXHALL ZAFIRA,4,E01027985,0,-1
2021201058189,2021,201058189,2,9,0,3,3,5,1,0,0,1,0,0,0,0,3,1,1,1,1,59,9,1598,1,8,VAUXHALL ZAFIRA,2,E01009090,0,-1
2021010334043,2021,010334043,2,9,0,99,99,9,9,99,99,0,9,99,9,99,9,9,6,6,3,38,7,1998,1,17,VAUXHALL ZAFIRA,4,E01000031,0,-1
2021010293278,2021,010293278,2,9,0,18,19,3,7,0,0,8,0,0,0,0,1,1,6,6,1,49,8,1796,1,14,VAUXHALL ZAFIRA,3,E01001311,0,-1
2021010300571,2021,010300571,2,9,0,9,9,1,6,0,0,0,0,0,0,0,1,1,6,6,3,-1,-1,1796,1,13,VAUXHALL ZAFIRA,-1,-1,0,-1
2021471083406,2021,471083406,3,9,0,18,19,4,8,0,0,0,0,0,0,0,1,1,1,1,2,54,8,1796,1,10,VAUXHALL ZAFIRA,1,E01020972,0,-1
2021161029707,2021,161029707,1,9,0,18,19,3,8,0,0,4,0,0,0,0,1,1,6,6,3,-1,-1,1686,2,11,VAUXHALL ZAFIRA,-1,-1,0,-1
2021031126571,2021,031126571,1,9,0,13,13,7,5,0,0,0,0,0,0,0,1,1,5,6,1,34,6,1956,2,7,VAUXHALL ZAFIRA,3,E01019161,0,-1
2021471105802,2021,471105802,1,9,0,5,5,7,3,0,0,2,0,0,0,0,1,1,5,6,1,42,7,1796,1,11,VAUXHALL ZAFIRA,7,E01021220,0,-1
2021131101657,2021,131101657,1,9,0,4,4,6,6,0,0,0,0,0,0,0,3,1,1,1,1,53,8,1796,1,7,VAUXHALL ZAFIRA,1,E01010966,0,-1
2021211055341,2021,211055341,1,8,0,4,4,3,4,0,0,1,0,0,0,0,2,1,1,1,1,49,8,1598,2,6,VAUXHALL ZAFIRA,2,E01029445,0,-1
2021440282315,2021,440282315,2,9,0,18,19,7,3,0,0,8,0,0,0,0,3,1,6,6,2,29,6,1956,2,5,VAUXHALL ZAFIRA,4,E01002406,0,-1
2021320036467,2021,320036467,2,9,0,18,19,4,8,0,0,1,0,0,0,0,2,1,2,2,1,46,8,1598,1,16,VAUXHALL ZAFIRA,1,E01026176,0,-1
2021451090242,2021,451090242,3,9,0,3,3,3,7,0,0,0,0,0,0,0,2,1,6,6,1,25,5,2198,1,16,VAUXHALL ZAFIRA,6,E01030312,0,-1
2021440172897,2021,440172897,1,9,0,18,19,3,7,0,0,0,0,0,0,0,2,1,6,6,2,36,7,1598,1,15,VAUXHALL ZAFIRA,-1,-1,0,-1
2021501037118,2021,501037118,2,9,0,2,2,0,0,0,0,0,0,0,0,0,1,1,6,6,1,62,9,1686,2,10,VAUXHALL ZAFIRA,4,E01018890,0,-1
2021201028864,2021,201028864,2,9,0,7,7,4,7,0,0,3,0,0,0,0,4,1,1,1,1,44,7,1796,7,7,VAUXHALL ZAFIRA,2,E01010057,0,-1
2021201145974,2021,201145974,1,9,0,1,1,2,6,0,0,0,0,0,0,0,4,1,6,6,1,34,6,1796,1,7,VAUXHALL ZAFIRA,2,E01010057,0,-1
2021010291450,2021,010291450,1,9,9,18,19,5,1,99,99,9,9,99,9,99,9,9,6,6,1,59,9,1598,1,13,VAUXHALL ZAFIRA,3,E01003388,0,-1
2021221091519,2021,221091519,2,9,0,7,7,3,6,0,0,6,0,0,0,0,3,1,5,6,2,41,7,1364,1,6,VAUXHALL ZAFIRA,7,E01014092,0,-1
2021010346998,2021,010346998,2,9,0,9,9,1,7,0,0,5,0,0,0,0,4,1,3,7,1,35,6,1364,1,4,VAUXHALL ZAFIRA,2,E01000033,0,-1
2021522105838,2021,522105838,1,9,0,18,19,3,7,0,0,1,0,0,0,0,1,1,6,6,1,25,5,1598,2,6,VAUXHALL ZAFIRA,2,E01014692,0,-1
2021320339984,2021,320339984,2,9,0,18,19,1,4,0,0,1,0,0,0,0,1,1,6,6,1,41,7,1598,1,9,VAUXHALL ZAFIRA,4,E01026230,0,-1
2021471056077,2021,471056077,1,9,0,5,5,2,8,0,0,6,0,0,0,0,3,1,1,1,1,63,9,1364,1,6,VAUXHALL ZAFIRA,8,E01001122,0,-1
2021010296747,2021,010296747,2,9,0,5,5,1,5,0,0,6,0,0,0,0,1,1,6,6,1,23,5,1364,1,4,VAUXHALL ZAFIRA,4,E01000634,0,-1
2021461090985,2021,461090985,1,9,0,18,19,1,5,0,0,1,0,0,0,0,1,1,6,6,2,74,10,1910,2,15,VAUXHALL ZAFIRA,9,E01024041,0,-1
2021010290738,2021,010290738,1,9,0,2,2,0,0,0,0,8,0,0,0,0,2,1,6,6,3,-1,-1,1598,1,13,VAUXHALL ZAFIRA,-1,-1,0,-1
2021131052574,2021,131052574,1,9,0,2,2,0,0,0,0,2,0,0,0,0,0,2,6,6,3,-1,-1,1956,2,3,VAUXHALL ZAFIRA,-1,-1,0,-1
2021430144571,2021,430144571,2,9,0,7,7,1,7,0,0,1,0,0,0,0,2,1,2,2,2,30,6,1686,2,10,VAUXHALL ZAFIRA,9,E01027268,0,-1
2021471038643,2021,471038643,1,9,0,9,9,2,8,0,0,8,0,0,0,0,1,1,3,7,2,29,6,1910,2,14,VAUXHALL ZAFIRA,1,E01021015,0,-1
2021461071971,2021,461071971,1,9,0,12,12,7,3,0,0,0,0,0,0,0,1,1,6,6,1,59,9,1364,1,4,VAUXHALL ZAFIRA,4,E01024681,0,-1
2021010324956,2021,010324956,1,9,0,9,9,3,1,0,0,8,0,0,0,0,4,1,6,6,2,51,8,1796,1,10,VAUXHALL ZAFIRA,3,E01003068,0,-1
2021010338388,2021,010338388,1,9,0,99,99,9,9,99,99,9,9,99,9,99,1,9,6,6,2,49,8,1598,1,12,VAUXHALL ZAFIRA,5,E01000067,0,-1