collision_index,collision_year,collision_ref_no,vehicle_reference,vehicle_type,towing_and_articulation,vehicle_manoeuvre_historic,vehicle_manoeuvre,vehicle_direction_from,vehicle_direction_to,vehicle_location_restricted_lane_historic,vehicle_location_restricted_lane,junction_location,skidding_and_overturning,hit_object_in_carriageway,vehicle_leaving_carriageway,hit_object_off_carriageway,first_point_of_impact,vehicle_left_hand_drive,journey_purpose_of_driver_historic,journey_purpose_of_driver,sex_of_driver,age_of_driver,age_band_of_driver,engine_capacity_cc,propulsion_code,age_of_vehicle,generic_make_model,driver_imd_decile,lsoa_of_driver,escooter_flag,driver_distance_banding
2021041090190,2021,041090190,2,9,0,18,19,7,3,0,0,1,0,0,0,0,4,1,5,6,1,41,7,1598,1,16,VAUXHALL ZAFIRA,4,E01019137,0,-1
2021351106076,2021,351106076,1,9,0,4,4,3,7,0,0,8,0,0,0,0,1,1,5,6,1,76,11,1686,2,10,VAUXHALL ZAFIRA,4,E01017953,0,-1
2021070802953,2021,070802953,1,9,0,9,9,2,6,0,0,0,0,0,1,10,1,1,6,6,2,29,6,1956,2,8,VAUXHALL ZAFIRA,4,E01029588,0,-1
2021461035330,2021,461035330,1,9,0,9,9,6,4,0,0,1,0,0,0,0,1,1,5,6,1,41,7,1598,1,9,VAUXHALL ZAFIRA,4,E01024296,0,-1
2021052101891,2021,052101891,2,9,0,4,4,7,3,0,0,0,0,0,0,0,2,1,6,6,2,35,6,1686,2,11,VAUXHALL ZAFIRA,1,E01007274,0,-1
2021131105010,2021,131105010,2,9,0,18,19,5,5,0,0,1,0,0,0,0,2,1,3,7,1,30,6,1686,2,10,VAUXHALL ZAFIRA,1,E01010845,0,-1
2021302101217,2021,302101217,2,9,0,18,19,8,6,0,0,1,0,0,0,0,1,1,6,6,2,61,9,1598,1,13,VAUXHALL ZAFIRA,9,E01019589,0,-1
2021010304464,2021,010304464,3,9,0,18,19,7,3,0,0,0,0,0,0,0,2,1,6,6,1,39,7,1598,1,16,VAUXHALL ZAFIRA,3,E01003606,0,-1
2021010303972,2021,010303972,1,9,0,3,3,1,5,0,0,8,0,0,3,0,3,1,2,2,1,27,6,2198,1,14,VAUXHALL ZAFIRA,3,E01003544,0,-1
2021520106023,2021,520106023,1,9,0,4,4,2,6,0,0,0,0,0,0,0,2,1,6,6,1,44,7,1796,1,11,VAUXHALL ZAFIRA,6,E01029078,0,-1
2021010350157,2021,010350157,2,9,0,99,99,9,9,99,99,9,9,99,9,99,9,9,6,6,3,-1,-1,1598,1,17,VAUXHALL ZAFIRA,4,E01002346,0,-1
2021161020156,2021,161020156,2,9,0,18,19,3,1,0,0,0,0,0,0,0,2,1,5,6,1,53,8,1796,1,10,VAUXHALL ZAFIRA,1,E01012805,0,-1
2021440458579,2021,440458579,2,9,0,9,9,3,1,0,0,8,0,0,0,0,3,1,6,6,1,77,11,1910,2,12,VAUXHALL ZAFIRA,4,E01017217,0,-1
2021440419501,2021,440419501,1,9,0,10,10,8,4,0,0,1,0,0,0,0,1,1,2,2,1,46,8,1910,2,15,VAUXHALL ZAFIRA,6,E01023143,0,-1
2021010306304,2021,010306304,2,9,0,1,1,1,5,0,0,9,0,4,0,0,2,1,6,6,2,28,6,1598,1,11,VAUXHALL ZAFIRA,3,E01003135,0,-1
2021451028205,2021,451028205,3,9,0,18,19,3,8,0,0,0,0,0,0,0,1,1,2,2,2,48,8,1598,1,9,VAUXHALL ZAFIRA,3,E01030711,0,-1
2021461014435,2021,461014435,2,9,0,2,2,0,0,9,9,0,0,0,0,0,2,1,6,6,1,-1,-1,1364,1,5,VAUXHALL ZAFIRA,-1,-1,0,-1
2021010334555,2021,010334555,4,8,0,3,3,3,7,0,0,1,0,0,0,0,1,1,6,6,1,44,7,1598,1,9,VAUXHALL ZAFIRA,2,E01003735,0,-1
2021170L11161,2021,170L11161,1,9,0,18,19,4,8,0,0,0,0,0,0,0,3,1,6,6,1,41,7,1686,2,9,VAUXHALL ZAFIRA,-1,-1,0,-1
202131C171421,2021,31C171421,2,9,0,4,4,1,5,0,0,1,0,0,0,0,2,1,6,6,1,41,7,1598,1,16,VAUXHALL ZAFIRA,9,E01028376,0,-1
2021010307235,2021,010307235,2,9,0,99,99,9,9,99,99,2,9,99,9,99,1,9,6,6,2,36,7,1364,1,4,VAUXHALL ZAFIRA,1,E01001634,0,-1
2021501090478,2021,501090478,2,9,0,9,9,3,7,0,0,0,0,0,0,0,3,1,5,6,1,31,6,1598,1,10,VAUXHALL ZAFIRA,9,E01020266,0,-1
2021138220246,2021,138220246,1,9,0,18,19,7,3,0,0,8,1,0,0,0,1,1,6,6,1,31,6,1598,1,12,VAUXHALL ZAFIRA,1,E01011148,0,-1
2021302101466,2021,302101466,1,9,0,16,19,8,4,0,0,2,0,0,1,11,1,1,6,6,1,77,11,1598,1,17,VAUXHALL ZAFIRA,1,E01013583,0,-1
2021010313882,2021,010313882,2,9,0,99,99,9,9,99,99,0,9,99,9,99,9,9,6,6,1,39,7,1364,1,3,VAUXHALL ZAFIRA,8,E01001596,0,-1
2021522200154,2021,522200154,1,9,0,4,4,4,8,0,0,0,0,0,0,0,2,1,6,6,2,35,6,1686,2,10,VAUXHALL ZAFIRA,3,E01014736,0,-1
2021421091080,2021,421091080,3,9,0,3,3,1,5,0,0,1,0,0,0,0,1,1,5,6,2,41,7,1796,1,8,VAUXHALL ZAFIRA,5,E01021778,0,-1
2021401057999,2021,401057999,1,9,0,9,9,6,1,0,0,5,0,0,0,0,1,1,3,7,2,62,9,1796,1,12,VAUXHALL ZAFIRA,2,E01015791,0,-1
2021010293902,2021,010293902,1,9,0,99,99,9,9,99,99,0,9,99,9,99,2,9,6,6,3,-1,-1,1364,1,5,VAUXHALL ZAFIRA,3,E01002605,0,-1
2021471052291,2021,471052291,1,9,0,17,19,6,3,0,0,0,0,11,0,0,1,1,5,6,2,37,7,1598,1,12,VAUXHALL ZAFIRA,10,E01031686,0,-1
2021041058832,2021,041058832,1,9,0,18,19,5,1,0,0,0,0,0,0,0,1,1,1,1,1,68,10,1598,1,17,VAUXHALL ZAFIRA,8,E01025241,0,-1
2021010302639,2021,010302639,1,9,0,4,4,8,4,0,0,0,0,0,0,0,2,1,6,6,2,37,7,1598,1,15,VAUXHALL ZAFIRA,2,E01004403,0,-1
2021501049256,2021,501049256,1,9,0,18,19,3,7,0,0,1,0,0,0,0,1,1,3,7,2,45,7,1364,1,5,VAUXHALL ZAFIRA,7,E01020027,0,-1
2021471019719,2021,471019719,1,9,0,9,9,2,8,0,0,0,0,0,0,0,1,1,5,6,2,33,6,1364,1,8,VAUXHALL ZAFIRA,4,E01020928,0,-1
2021461088205,2021,461088205,2,9,0,9,9,1,4,0,0,0,0,0,0,0,3,1,6,6,1,53,8,1796,1,7,VAUXHALL ZAFIRA,5,E01001099,0,-1
2021471051547,2021,471051547,1,9,0,18,19,5,1,0,0,8,0,0,0,0,1,1,5,6,1,50,8,1796,1,16,VAUXHALL ZAFIRA,4,E01031428,0,-1
2021430263088,2021,430263088,2,9,0,9,9,6,3,0,0,4,0,0,0,0,1,1,6,6,2,31,6,1910,2,13,VAUXHALL ZAFIRA,-1,-1,0,-1
2021010321225,2021,010321225,3,9,0,18,19,1,5,0,0,1,0,0,0,0,2,1,1,1,1,49,8,1598,1,13,VAUXHALL ZAFIRA,1,E01000524,0,-1
2021302100665,2021,302100665,1,9,0,18,19,8,4,0,0,4,0,10,0,0,3,1,6,6,1,37,7,1598,1,15,VAUXHALL ZAFIRA,1,E01019568,0,-1
2021201024682,2021,201024682,2,9,0,5,5,8,4,0,0,0,0,0,0,0,4,1,6,6,1,49,8,1364,1,4,VAUXHALL ZAFIRA,1,E01009502,0,-1
2021471066965,2021,471066965,3,9,0,2,2,0,0,0,0,0,0,4,0,0,3,1,6,6,3,-1,-1,1686,2,9,VAUXHALL ZAFIRA,-1,-1,0,-1
20211381H1779,2021,1381H1779,1,9,0,16,19,3,7,0,0,0,2,0,7,10,1,1,6,6,1,24,5,1910,2,12,VAUXHALL ZAFIRA,1,E01011492,0,-1
2021501121353,2021,501121353,3,9,0,4,4,7,2,0,0,1,0,0,0,0,2,1,5,6,2,24,5,1910,2,13,VAUXHALL ZAFIRA,4,E01018894,0,-1
2021010299909,2021,010299909,1,9,0,1,1,3,7,0,0,0,0,0,0,0,3,1,1,1,1,70,10,1598,1,9,VAUXHALL ZAFIRA,7,E01003371,0,-1
2021302100193,2021,302100193,2,9,0,18,19,4,8,0,0,0,0,0,0,0,2,1,6,6,1,32,6,1686,2,10,VAUXHALL ZAFIRA,2,E01013843,0,-1
2021010303398,2021,010303398,1,8,0,9,9,1,6,0,0,6,0,0,0,0,4,1,6,6,1,54,8,1364,1,5,VAUXHALL ZAFIRA,7,E01004473,0,-1
2021010313892,2021,010313892,1,9,0,4,4,7,3,0,0,1,0,0,0,0,2,1,1,1,1,49,8,1956,2,5,VAUXHALL ZAFIRA,4,E01016360,0,-1
2021010306185,2021,010306185,1,9,0,18,19,1,5,99,99,9,9,99,9,99,2,9,6,6,2,34,6,1598,1,14,VAUXHALL ZAFIRA,2,E01003336,0,-1
2021061112827,2021,061112827,1,9,0,18,19,8,4,0,0,0,0,0,0,0,1,1,3,7,1,68,10,1598,1,14,VAUXHALL ZAFIRA,1,E01005196,0,-1
2021131086618,2021,131086618,2,9,0,18,19,7,3,0,0,0,0,0,0,0,4,1,2,2,1,34,6,1598,1,17,VAUXHALL ZAFIRA,9,E01011555,0,-1
2021010295468,2021,010295468,2,9,0,4,4,1,5,0,0,8,0,0,0,0,1,1,6,6,1,-1,-1,1598,1,15,VAUXHALL ZAFIRA,2,E01002051,0,-1
2021010327111,2021,010327111,1,9,0,3,3,8,4,0,0,5,0,0,0,0,2,1,1,1,1,59,9,1364,1,5,VAUXHALL ZAFIRA,2,E01033586,0,-1
2021471083945,2021,471083945,3,9,0,18,19,7,3,0,0,8,0,0,7,0,3,1,5,6,2,25,5,1910,2,13,VAUXHALL ZAFIRA,6,E01021113,0,-1
2021010346755,2021,010346755,2,9,0,18,19,3,7,0,0,1,0,0,0,0,1,1,6,6,1,51,8,1598,2,7,VAUXHALL ZAFIRA,3,E01003521,0,-1
2021471042603,2021,471042603,1,9,0,9,9,7,5,0,0,8,0,0,0,0,3,1,5,6,2,50,8,1598,1,11,VAUXHALL ZAFIRA,4,E01031553,0,-1
2021991108578,2021,991108578,1,9,0,18,19,5,1,0,0,4,1,0,0,0,3,1,1,1,1,36,7,1598,1,16,VAUXHALL ZAFIRA,6,-1,0,-1
2021061027654,2021,061027654,1,9,0,18,19,7,3,0,0,8,0,0,0,0,1,1,6,6,1,28,6,1598,1,12,VAUXHALL ZAFIRA,1,E01005613,0,-1
2021440286748,2021,440286748,1,9,0,18,19,3,7,0,0,1,0,0,0,0,1,1,6,6,1,55,8,1598,1,20,VAUXHALL ZAFIRA,2,E01022903,0,-1
2021540128221,2021,540128221,1,9,0,4,4,5,1,0,0,0,0,0,0,0,1,1,6,6,1,37,7,1598,1,13,VAUXHALL ZAFIRA,3,E01015488,0,-1
2021522104284,2021,522104284,2,9,0,18,19,6,1,0,0,1,0,0,0,0,1,1,6,6,1,-1,-1,1598,2,4,VAUXHALL ZAFIRA,-1,-1,0,-1
2021131069393,2021,131069393,2,9,0,4,4,6,6,0,0,8,0,0,0,0,1,1,5,6,1,42,7,1598,1,13,VAUXHALL ZAFIRA,1,E01011371,0,-1
2021010310101,2021,010310101,1,9,0,18,19,7,3,0,0,0,0,0,0,0,4,1,6,6,1,41,7,1364,1,6,VAUXHALL ZAFIRA,6,E01002358,0,-1
2021440034176,2021,440034176,1,9,0,18,19,2,4,0,0,8,0,0,7,0,3,1,2,2,1,29,6,1364,1,5,VAUXHALL ZAFIRA,9,E01022692,0,-1
2021010288527,2021,010288527,1,9,0,5,5,3,7,0,0,2,2,10,8,11,4,1,6,6,1,27,6,1910,2,13,VAUXHALL ZAFIRA,4,E01003203,0,-1
2021351085888,2021,351085888,1,9,0,16,19,7,2,0,0,1,0,0,7,9,1,1,5,6,1,62,9,1598,1,19,VAUXHALL ZAFIRA,6,E01029180,0,-1
2021010337957,2021,010337957,1,8,0,5,5,3,7,0,0,0,0,0,0,0,1,1,1,1,1,38,7,1956,2,5,VAUXHALL ZAFIRA,2,E01001862,0,-1
2021430273104,2021,430273104,1,9,0,18,19,8,4,0,0,0,2,10,0,7,1,1,6,6,1,46,8,1796,1,14,VAUXHALL ZAFIRA,2,E01028569,0,-1
2021320385879,2021,320385879,1,9,0,18,19,5,1,0,0,0,0,0,0,0,1,1,6,6,1,41,7,1686,2,11,VAUXHALL ZAFIRA,3,E01026246,0,-1
2021231071569,2021,231071569,3,9,0,2,2,0,0,0,0,0,0,4,0,0,2,1,6,6,3,-1,-1,1598,1,12,VAUXHALL ZAFIRA,-1,-1,0,-1
202131C153721,2021,31C153721,1,9,0,18,19,8,4,0,0,0,0,0,1,4,1,1,6,6,2,31,6,1910,2,11,VAUXHALL ZAFIRA,1,E01013885,0,-1
2021010316087,2021,010316087,2,9,0,4,4,7,3,0,0,5,0,0,0,0,2,1,6,6,1,52,8,1598,1,8,VAUXHALL ZAFIRA,10,E01023551,0,-1
2021201143553,2021,201143553,1,9,0,18,19,4,8,0,0,4,0,0,0,0,1,1,6,6,1,-1,-1,1598,1,15,VAUXHALL ZAFIRA,-1,-1,0,-1
2021010304794,2021,010304794,2,9,0,4,4,1,5,0,0,1,0,0,0,0,2,1,6,6,2,41,7,1796,1,13,VAUXHALL ZAFIRA,8,E01000412,0,-1
2021070580799,2021,070580799,1,9,0,18,19,4,8,0,0,0,0,0,0,0,4,1,6,6,1,34,6,1910,2,11,VAUXHALL ZAFIRA,1,E01005063,0,-1
2021052100578,2021,052100578,1,9,0,18,19,3,7,0,0,8,0,0,0,0,3,1,6,6,2,44,7,1598,1,10,VAUXHALL ZAFIRA,1,E01007138,0,-1
2021111054367,2021,111054367,1,9,0,3,3,3,7,0,0,1,0,0,0,0,1,1,6,6,2,30,6,1598,1,11,VAUXHALL ZAFIRA,2,E01020761,0,-1
2021361081224,2021,361081224,1,9,0,7,7,6,1,0,0,2,1,0,0,0,1,1,6,6,1,31,6,1796,1,14,VAUXHALL ZAFIRA,4,E01026743,0,-1
2021141055167,2021,141055167,2,9,0,18,19,3,7,0,0,1,0,0,0,0,4,1,1,1,1,46,8,1956,2,6,VAUXHALL ZAFIRA,1,E01007906,0,-1
2021302101082,2021,302101082,1,9,0,4,4,4,8,0,0,4,0,0,0,0,1,1,6,6,1,42,7,1598,1,14,VAUXHALL ZAFIRA,5,E01019780,0,-1
2021161134391,2021,161134391,1,9,0,18,19,8,4,0,0,0,0,0,0,0,1,1,6,6,2,43,7,1598,1,8,VAUXHALL ZAFIRA,1,E01012906,0,-1
2021141024867,2021,141024867,1,9,0,18,19,5,1,9,9,0,0,0,7,11,1,1,6,6,3,-1,-1,1910,2,12,VAUXHALL ZAFIRA,-1,-1,0,-1
2021361100535,2021,361100535,2,9,0,18,19,7,3,0,0,0,0,0,0,0,3,1,1,1,1,46,8,1598,2,5,VAUXHALL ZAFIRA,8,E01026714,0,-1
2021440496645,2021,440496645,3,9,0,4,4,3,7,0,0,8,0,0,0,0,2,1,6,6,1,24,5,1364,1,4,VAUXHALL ZAFIRA,10,E01032859,0,-1
2021440282561,2021,440282561,1,9,0,18,19,3,7,0,0,3,0,0,0,0,4,1,6,6,2,32,6,1910,2,13,VAUXHALL ZAFIRA,8,E01032841,0,-1
2021546559921,2021,546559921,1,9,0,12,12,3,7,0,0,4,0,0,0,0,3,1,2,2,1,58,9,1598,1,12,VAUXHALL ZAFIRA,7,E01015493,0,-1
2021451057332,2021,451057332,1,9,0,5,5,2,6,0,0,1,0,0,0,0,1,1,5,6,1,40,7,1686,2,8,VAUXHALL ZAFIRA,5,E01030747,0,-1
2021451044847,2021,451044847,2,9,0,18,19,1,1,0,0,0,0,0,0,0,1,1,6,6,2,45,7,1796,1,14,VAUXHALL ZAFIRA,-1,-1,0,-1
2021351065593,2021,351065593,1,9,-1,-1,-1,7,3,-1,-1,-1,-1,-1,-1,0,-1,1,5,6,3,-1,-1,1796,1,15,VAUXHALL ZAFIRA,-1,-1,0,-1
2021010291252,2021,010291252,1,9,0,99,99,9,9,99,99,9,9,99,9,99,2,9,6,6,1,50,8,1598,1,18,VAUXHALL ZAFIRA,1,E01002732,0,-1
2021421057275,2021,421057275,2,9,0,2,2,8,3,0,0,0,0,0,0,0,0,1,6,6,3,-1,-1,1598,1,8,VAUXHALL ZAFIRA,-1,-1,0,-1
2021201107274,2021,201107274,2,9,0,18,19,2,6,0,0,8,0,0,0,0,3,1,6,6,2,31,6,1910,2,16,VAUXHALL ZAFIRA,1,E01009957,0,-1
2021622100282,2021,622100282,2,9,0,18,19,6,2,0,0,8,0,0,1,1,3,1,6,6,1,25,5,1995,2,18,VAUXHALL ZAFIRA,2,W01001768,0,-1
2021430394681,2021,430394681,2,9,0,10,10,3,8,0,0,0,0,0,0,0,3,1,6,6,2,56,9,1364,1,5,VAUXHALL ZAFIRA,9,E01028591,0,-1
2021122101142,2021,122101142,2,9,0,4,4,7,3,0,0,4,0,0,0,0,2,1,3,7,2,53,8,1598,1,8,VAUXHALL ZAFIRA,8,E01027691,0,-1
2021161100125,2021,161100125,2,9,0,9,9,-1,-1,0,0,8,0,0,0,0,1,1,6,6,2,-1,-1,1686,2,8,VAUXHALL ZAFIRA,1,E01013311,0,-1
2021991092134,2021,991092134,2,9,0,18,19,7,3,0,0,0,0,1,0,0,1,1,2,2,1,59,9,1956,2,4,VAUXHALL ZAFIRA,9,-1,0,-1
2021461034916,2021,461034916,1,9,0,18,19,7,3,0,0,0,0,0,0,0,4,1,6,6,1,46,8,1796,1,10,VAUXHALL ZAFIRA,4,E01024262,0,-1
2021221048450,2021,221048450,1,9,0,4,4,5,1,0,0,0,0,0,0,0,2,1,6,6,3,25,5,1910,2,14,VAUXHALL ZAFIRA,-1,-1,0,-1
2021010314850,2021,010314850,1,8,0,99,99,9,9,99,99,0,9,99,9,99,2,9,6,6,1,40,7,1796,1,7,VAUXHALL ZAFIRA,5,E01003435,0,-1
2021131103221,2021,131103221,1,9,0,9,9,6,2,0,0,5,0,0,0,0,1,1,5,6,1,52,8,1364,1,5,VAUXHALL ZAFIRA,2,E01011255,0,-1
2021430216499,2021,430216499,2,9,0,3,3,6,2,0,0,2,0,0,0,0,2,1,6,6,2,41,7,1796,1,11,VAUXHALL ZAFIRA,-1,-1,0,-1
2021351034663,2021,351034663,1,9,0,9,9,4,2,0,0,4,0,0,0,0,1,1,5,6,1,44,7,1598,1,9,VAUXHALL ZAFIRA,5,E01029953,0,-1
2021111040603,2021,111040603,2,9,0,3,3,1,5,0,0,0,0,0,0,0,1,1,3,7,2,35,6,1796,1,10,VAUXHALL ZAFIRA,1,E01020671,0,-1
2021161056999,2021,161056999,2,9,0,18,19,5,1,0,0,0,2,0,1,3,3,1,2,2,1,36,7,1910,2,14,VAUXHALL ZAFIRA,1,E01012944,0,-1
2021451048960,2021,451048960,1,9,0,4,4,5,1,0,0,0,0,0,0,0,2,1,5,6,1,33,6,1364,1,4,VAUXHALL ZAFIRA,10,E01030487,0,-1
2021361121783,2021,361121783,1,9,0,7,7,3,5,0,0,4,0,0,0,0,0,1,1,1,1,36,7,1910,2,14,VAUXHALL ZAFIRA,4,E01026807,0,-1
2021010331617,2021,010331617,2,9,9,18,19,1,5,0,0,0,9,99,0,0,1,1,6,6,1,-1,-1,1598,1,11,VAUXHALL ZAFIRA,-1,-1,0,-1
2021522102612,2021,522102612,1,9,0,18,19,6,2,0,0,0,0,0,0,0,1,1,6,6,2,45,7,1598,1,13,VAUXHALL ZAFIRA,10,E01014785,0,-1
2021411084129,2021,411084129,3,9,0,2,2,0,0,6,6,8,0,0,0,0,3,1,2,2,1,49,8,1796,1,17,VAUXHALL ZAFIRA,10,E01023464,0,-1
2021201049621,2021,201049621,1,9,0,18,19,-1,-1,0,0,8,0,0,0,0,0,1,6,6,3,-1,-1,1598,1,9,VAUXHALL ZAFIRA,-1,-1,0,-1
2021141041418,2021,141041418,1,9,0,7,7,7,3,0,0,1,0,0,0,0,2,1,6,6,1,35,6,1956,2,6,VAUXHALL ZAFIRA,10,E01008146,0,-1
2021201071782,2021,201071782,1,9,0,5,5,4,8,0,0,0,0,0,0,0,1,1,6,6,1,47,8,1956,2,7,VAUXHALL ZAFIRA,1,E01010292,0,-1
2021070821714,2021,070821714,1,9,0,3,3,7,3,0,0,4,0,0,0,0,1,1,6,6,2,33,6,1686,2,11,VAUXHALL ZAFIRA,1,E01012430,0,-1
2021302101886,2021,302101886,1,9,0,18,19,8,4,0,0,0,1,0,1,4,1,1,6,6,1,66,10,1598,1,13,VAUXHALL ZAFIRA,2,E01032500,0,-1
2021101122062,2021,101122062,1,9,0,18,19,4,8,0,0,0,0,0,0,0,1,1,1,1,2,44,7,1598,1,8,VAUXHALL ZAFIRA,-1,-1,0,-1
2021010315486,2021,010315486,1,9,0,4,4,7,3,0,0,2,0,0,0,0,1,1,6,6,1,56,9,1598,1,12,VAUXHALL ZAFIRA,5,E01001291,0,-1
20211383A0394,2021,1383A0394,2,9,0,4,4,1,3,0,0,0,0,0,0,0,0,1,2,2,2,66,10,1598,1,15,VAUXHALL ZAFIRA,7,E01011183,0,-1
2021221065344,2021,221065344,2,9,0,4,4,1,5,0,0,0,0,0,0,0,2,1,5,6,2,46,8,1364,1,5,VAUXHALL ZAFIRA,2,E01014042,0,-1
202131D178821,2021,31D178821,2,9,0,18,19,8,4,0,0,8,1,0,0,0,1,1,6,6,1,32,6,1598,1,11,VAUXHALL ZAFIRA,3,E01013732,0,-1
2021552100283,2021,552100283,1,9,0,9,9,8,6,0,0,6,0,0,0,0,3,1,2,2,2,43,7,1598,1,17,VAUXHALL ZAFIRA,5,E01020577,0,-1
2021131034645,2021,131034645,2,9,0,18,19,5,2,0,0,6,0,0,0,0,2,1,6,6,1,43,7,1686,2,10,VAUXHALL ZAFIRA,2,E01011943,0,-1
2021010338254,2021,010338254,1,9,0,5,5,5,1,0,0,1,0,0,0,0,1,1,1,1,1,32,6,1796,1,10,VAUXHALL ZAFIRA,4,E01002326,0,-1
2021461087341,2021,461087341,1,9,0,18,19,8,4,0,0,1,0,0,0,0,4,1,6,6,2,35,6,1598,1,11,VAUXHALL ZAFIRA,1,E01024657,0,-1
202131D047921,2021,31D047921,1,9,0,13,13,7,3,0,0,8,0,0,0,0,4,1,2,2,1,41,7,1598,1,15,VAUXHALL ZAFIRA,3,E01013816,0,-1
2021440506419,2021,440506419,2,9,0,7,7,2,6,0,0,7,0,0,0,0,2,1,6,6,2,38,7,1686,2,8,VAUXHALL ZAFIRA,3,E01017105,0,-1
2021320621264,2021,320621264,2,9,0,2,2,0,0,0,0,0,0,0,0,0,2,1,6,6,1,62,9,1598,1,17,VAUXHALL ZAFIRA,2,E01026375,0,-1
2021201143412,2021,201143412,1,9,0,18,19,3,7,0,0,0,0,0,0,0,1,1,6,6,1,34,6,1796,1,10,VAUXHALL ZAFIRA,1,E01009400,0,-1
2021141107994,2021,141107994,2,9,0,18,19,8,4,0,0,8,0,0,0,0,1,1,6,6,2,49,8,1956,2,7,VAUXHALL ZAFIRA,4,E01008031,0,-1
2021411102943,2021,411102943,2,9,0,2,2,0,0,0,0,0,0,0,0,0,2,1,2,2,2,50,8,1598,1,15,VAUXHALL ZAFIRA,5,E01023788,0,-1
2021201120982,2021,201120982,1,9,0,6,6,8,8,0,0,0,0,0,0,0,3,1,6,6,3,-1,-1,1910,2,16,VAUXHALL ZAFIRA,-1,-1,0,-1
2021461118664,2021,461118664,1,9,0,18,19,5,1,0,0,0,0,0,0,0,1,1,5,6,2,35,6,1910,2,14,VAUXHALL ZAFIRA,2,E01024028,0,-1
202154B207021,2021,54B207021,2,9,0,4,4,4,8,0,0,1,0,0,0,0,2,1,3,7,2,37,7,1686,2,7,VAUXHALL ZAFIRA,9,E01015482,0,-1
2021010325041,2021,010325041,1,9,0,18,19,3,7,0,0,4,0,0,0,0,1,1,6,6,1,69,10,1686,2,10,VAUXHALL ZAFIRA,7,E01002203,0,-1
2021211125465,2021,211125465,1,9,0,9,9,2,7,0,0,6,0,0,0,0,1,1,6,6,1,30,6,1686,2,8,VAUXHALL ZAFIRA,-1,-1,0,-1
2021421102236,2021,421102236,1,9,0,14,14,3,7,0,0,0,1,0,5,6,1,1,3,7,2,30,6,1598,1,15,VAUXHALL ZAFIRA,1,E01022032,0,-1
2021522102159,2021,522102159,2,9,0,18,19,8,2,0,0,8,0,0,0,0,1,1,6,6,2,33,6,1598,1,8,VAUXHALL ZAFIRA,10,E01014933,0,-1
2021421087770,2021,421087770,1,9,0,18,19,1,5,0,0,4,0,0,0,0,1,1,5,6,1,72,10,1598,1,17,VAUXHALL ZAFIRA,6,E01015968,0,-1
2021010345708,2021,010345708,1,9,9,99,99,9,9,99,99,9,9,99,9,99,9,9,6,6,3,-1,-1,1598,1,15,VAUXHALL ZAFIRA,-1,-1,0,-1
2021010301176,2021,010301176,2,9,0,16,19,5,1,0,0,1,1,0,0,0,1,1,6,6,1,40,7,1995,2,17,VAUXHALL ZAFIRA,6,E01033742,0,-1
2021010344335,2021,010344335,1,9,4,9,9,7,5,0,0,5,0,11,0,0,1,1,1,1,1,64,9,1598,1,13,VAUXHALL ZAFIRA,6,E01000706,0,-1
2021320653711,2021,320653711,2,9,0,18,19,3,7,0,0,0,0,0,1,9,1,1,6,6,2,24,5,1598,1,14,VAUXHALL ZAFIRA,1,E01026074,0,-1
2021101126870,2021,101126870,1,9,0,5,5,7,7,9,9,6,0,0,0,0,4,1,6,6,1,53,8,1364,1,4,VAUXHALL ZAFIRA,1,E01033076,0,-1
2021010296763,2021,010296763,1,9,0,16,19,1,5,0,0,0,0,4,7,10,1,1,2,2,2,55,8,1598,1,16,VAUXHALL ZAFIRA,7,E01000702,0,-1
2021371062696,2021,371062696,1,9,0,18,19,1,5,0,0,0,0,0,0,0,1,1,5,6,2,33,6,1686,2,9,VAUXHALL ZAFIRA,3,E01030139,0,-1
2021010310686,2021,010310686,1,9,0,99,99,9,9,99,99,0,9,99,9,99,9,9,6,6,1,35,6,1598,1,14,VAUXHALL ZAFIRA,4,E01004187,0,-1
2021010321534,2021,010321534,2,9,0,4,4,7,3,0,0,1,0,0,0,0,1,1,6,6,1,35,6,1598,1,8,VAUXHALL ZAFIRA,6,E01000487,0,-1
2021161092499,2021,161092499,1,8,0,7,7,6,2,0,0,1,0,0,0,0,1,1,1,1,1,54,8,1796,1,7,VAUXHALL ZAFIRA,1,E01013219,0,-1
202131B075021,2021,31B075021,1,9,0,1,1,6,2,0,0,0,0,0,0,0,2,1,2,2,1,45,7,1598,1,9,VAUXHALL ZAFIRA,1,E01028068,0,-1
2021501039952,2021,501039952,3,9,0,10,10,0,0,0,0,1,0,0,1,0,1,1,6,6,2,54,8,1598,1,8,VAUXHALL ZAFIRA,6,E01020237,0,-1
2021010343830,2021,010343830,1,9,0,18,19,5,1,0,0,8,0,0,0,0,1,1,6,6,1,45,7,1598,1,16,VAUXHALL ZAFIRA,5,E01000567,0,-1
2021430314955,2021,430314955,1,9,0,16,19,2,6,0,0,0,1,0,1,9,1,1,6,6,2,40,7,1796,1,11,VAUXHALL ZAFIRA,6,E01028676,0,-1
2021430083227,2021,430083227,1,9,0,16,19,7,2,0,0,0,0,0,0,0,1,1,6,6,1,66,10,1598,1,14,VAUXHALL ZAFIRA,10,E01016709,0,-1
2021546555421,2021,546555421,1,9,0,17,19,7,3,0,0,0,0,0,0,0,3,1,6,6,2,39,7,1796,1,9,VAUXHALL ZAFIRA,8,E01031931,0,-1
2021991053187,2021,991053187,4,9,0,18,19,5,8,0,0,0,0,0,0,0,2,1,2,2,1,36,7,1910,2,11,VAUXHALL ZAFIRA,2,-1,0,-1
2021430244307,2021,430244307,1,9,0,18,19,6,2,0,0,8,0,0,0,0,1,1,1,1,1,58,9,1686,2,10,VAUXHALL ZAFIRA,7,E01016778,0,-1
2021201117884,2021,201117884,1,9,0,2,2,0,0,6,6,0,0,0,0,0,2,1,1,1,1,38,7,1796,1,7,VAUXHALL ZAFIRA,5,E01031088,0,-1