collision_index,collision_year,collision_ref_no,vehicle_reference,vehicle_type,towing_and_articulation,vehicle_manoeuvre_historic,vehicle_manoeuvre,vehicle_direction_from,vehicle_direction_to,vehicle_location_restricted_lane_historic,vehicle_location_restricted_lane,junction_location,skidding_and_overturning,hit_object_in_carriageway,vehicle_leaving_carriageway,hit_object_off_carriageway,first_point_of_impact,vehicle_left_hand_drive,journey_purpose_of_driver_historic,journey_purpose_of_driver,sex_of_driver,age_of_driver,age_band_of_driver,engine_capacity_cc,propulsion_code,age_of_vehicle,generic_make_model,driver_imd_decile,lsoa_of_driver,escooter_flag,driver_distance_banding
2021231126846,2021,231126846,2,9,0,18,19,6,2,0,0,4,0,0,0,0,1,1,5,6,2,58,9,1598,1,11,VAUXHALL ZAFIRA,7,E01029823,0,-1
2021131052374,2021,131052374,2,9,0,18,19,2,6,0,0,1,0,0,0,0,1,1,5,6,2,32,6,1598,1,15,VAUXHALL ZAFIRA,1,E01011003,0,-1
202163A000121,2021,63A000121,1,9,0,17,19,0,0,0,0,0,0,0,1,4,4,1,6,6,2,39,7,1796,1,18,VAUXHALL ZAFIRA,10,W01000432,0,-1
2021302100905,2021,302100905,2,9,0,18,19,4,2,0,0,8,0,0,0,0,2,1,6,6,2,41,7,1686,2,10,VAUXHALL ZAFIRA,7,E01019548,0,-1
2021552100492,2021,552100492,3,9,0,2,2,0,0,0,0,0,0,0,0,0,1,1,6,6,3,-1,-1,1956,2,9,VAUXHALL ZAFIRA,-1,-1,0,-1
2021548345521,2021,548345521,3,9,0,4,4,2,6,0,0,4,0,0,0,0,2,1,6,6,2,35,6,1598,1,8,VAUXHALL ZAFIRA,2,E01015476,0,-1
2021010325711,2021,010325711,2,9,0,18,19,5,1,0,0,0,0,0,0,0,1,1,6,6,2,30,6,1796,1,14,VAUXHALL ZAFIRA,3,E01004031,0,-1
2021010349532,2021,010349532,2,9,0,18,19,5,1,0,0,1,0,0,0,0,1,1,6,6,1,68,10,2198,1,15,VAUXHALL ZAFIRA,6,E01004530,0,-1
2021131043635,2021,131043635,1,9,0,18,19,7,3,0,0,1,0,0,0,0,1,1,5,6,1,40,7,1910,2,15,VAUXHALL ZAFIRA,1,E01011366,0,-1
2021141088917,2021,141088917,2,9,0,18,19,3,7,0,0,0,0,0,1,0,1,1,5,6,2,24,5,1796,1,13,VAUXHALL ZAFIRA,1,E01008007,0,-1
2021501039531,2021,501039531,1,9,0,10,10,3,7,0,0,1,0,0,0,0,1,1,5,6,2,59,9,1796,1,14,VAUXHALL ZAFIRA,5,E01020283,0,-1
2021201077595,2021,201077595,2,9,0,10,10,6,4,0,0,1,0,0,0,0,2,1,6,6,2,44,7,1796,1,15,VAUXHALL ZAFIRA,1,E01010511,0,-1
2021201142248,2021,201142248,2,9,0,9,9,2,7,0,0,6,0,0,0,0,2,1,6,6,1,38,7,1686,2,10,VAUXHALL ZAFIRA,2,E01010503,0,-1
2021401109892,2021,401109892,1,9,0,14,14,1,5,0,0,0,0,0,0,0,0,1,5,6,2,51,8,1796,1,13,VAUXHALL ZAFIRA,9,E01017403,0,-1
2021501089341,2021,501089341,1,9,0,18,19,8,4,0,0,0,0,0,0,0,1,1,1,1,2,69,10,1956,2,6,VAUXHALL ZAFIRA,4,E01020337,0,-1
2021401134094,2021,401134094,1,9,0,18,19,8,5,0,0,0,0,0,0,0,1,1,1,1,1,34,6,1364,1,7,VAUXHALL ZAFIRA,9,E01017558,0,-1
2021052101194,2021,052101194,1,9,0,9,9,2,8,0,0,8,0,0,0,0,3,1,2,2,1,54,8,1686,2,11,VAUXHALL ZAFIRA,1,E01006734,0,-1
2021461095851,2021,461095851,2,9,0,-1,-1,-1,-1,-1,-1,0,-1,-1,-1,0,2,1,6,6,2,45,7,1796,1,13,VAUXHALL ZAFIRA,7,E01016162,0,-1
2021010330199,2021,010330199,3,9,0,2,2,0,0,6,6,1,0,0,0,0,3,1,6,6,3,-1,-1,1598,1,14,VAUXHALL ZAFIRA,-1,-1,0,-1
2021421015064,2021,421015064,1,9,0,18,19,5,1,0,0,4,0,0,0,0,1,1,2,2,2,47,8,1910,2,11,VAUXHALL ZAFIRA,3,E01015959,0,-1
2021011090944,2021,011090944,1,9,0,16,19,2,4,0,0,4,1,0,0,0,1,1,5,6,1,36,7,1910,2,12,VAUXHALL ZAFIRA,9,E01024462,0,-1
2021122100769,2021,122100769,1,9,0,9,9,5,3,0,0,6,1,0,0,0,1,1,6,6,1,32,6,1598,1,15,VAUXHALL ZAFIRA,4,E01027910,0,-1
2021041030845,2021,041030845,2,9,0,18,19,1,5,0,0,1,0,0,0,0,3,1,1,1,1,54,8,1686,2,7,VAUXHALL ZAFIRA,2,E01012573,0,-1
2021430403494,2021,430403494,1,9,0,13,13,5,1,0,0,0,0,0,0,0,4,1,6,6,3,-1,-1,1995,2,17,VAUXHALL ZAFIRA,-1,-1,0,-1
2021320319698,2021,320319698,1,9,0,18,19,5,1,0,0,2,0,0,0,0,1,1,6,6,1,30,6,1598,1,16,VAUXHALL ZAFIRA,1,E01026126,0,-1
2021440407039,2021,440407039,2,8,0,10,10,8,4,0,0,1,0,0,0,0,2,1,1,1,1,59,9,1956,2,5,VAUXHALL ZAFIRA,3,E01023120,0,-1
2021471096508,2021,471096508,1,9,0,7,7,1,3,0,0,1,0,0,3,0,1,1,6,6,1,29,6,1796,1,7,VAUXHALL ZAFIRA,2,E01021135,0,-1
2021101016795,2021,101016795,1,9,0,7,7,7,1,0,0,2,0,0,0,0,0,1,5,6,2,39,7,1956,2,6,VAUXHALL ZAFIRA,6,E01008453,0,-1
2021010316534,2021,010316534,1,9,0,18,19,7,3,0,0,0,0,0,0,0,1,1,6,6,3,-1,-1,1598,1,8,VAUXHALL ZAFIRA,-1,-1,0,-1
2021201131485,2021,201131485,1,9,0,18,19,2,4,0,0,5,0,0,0,0,1,1,6,6,2,64,9,1686,2,10,VAUXHALL ZAFIRA,10,E01009428,0,-1
2021211147688,2021,211147688,1,9,0,10,10,2,8,0,0,5,0,0,0,0,1,1,2,2,1,28,6,1598,1,14,VAUXHALL ZAFIRA,8,E01029590,0,-1
2021010295938,2021,010295938,2,9,0,99,99,9,9,99,99,9,9,99,9,99,9,9,6,6,3,-1,-1,1598,1,13,VAUXHALL ZAFIRA,3,E01032784,0,-1
2021411033618,2021,411033618,2,9,0,4,4,1,5,0,0,1,0,0,0,0,1,1,6,6,2,42,7,1956,2,6,VAUXHALL ZAFIRA,5,E01023843,0,-1
2021311153048,2021,311153048,1,9,0,18,19,6,2,0,0,0,2,0,0,0,2,1,5,6,2,39,7,1956,2,5,VAUXHALL ZAFIRA,-1,-1,0,-1
202131D158821,2021,31D158821,1,9,0,18,19,3,7,0,0,6,0,0,0,0,0,1,6,6,3,-1,-1,1796,1,7,VAUXHALL ZAFIRA,-1,-1,0,-1
2021421076917,2021,421076917,2,9,0,18,19,3,7,0,0,0,0,0,0,0,0,1,5,6,1,73,10,1796,1,7,VAUXHALL ZAFIRA,10,E01021585,0,-1
2021411039085,2021,411039085,1,9,0,18,19,7,3,0,0,0,0,0,0,0,4,1,1,1,1,35,6,1796,1,16,VAUXHALL ZAFIRA,5,E01023772,0,-1
2021010310366,2021,010310366,1,9,0,13,13,6,2,0,0,2,0,0,7,11,1,1,6,6,1,29,6,1598,1,13,VAUXHALL ZAFIRA,-1,-1,0,-1
2021010338700,2021,010338700,1,9,0,9,9,1,6,0,0,8,0,0,0,0,1,1,2,2,1,42,7,1598,1,13,VAUXHALL ZAFIRA,1,E01004757,0,-1
2021141107458,2021,141107458,2,9,0,13,13,4,4,0,0,0,0,0,0,0,1,1,5,6,1,28,6,1956,2,6,VAUXHALL ZAFIRA,4,E01007693,0,-1
2021201087012,2021,201087012,4,9,0,2,2,0,0,0,0,1,0,0,0,0,1,1,6,6,1,45,7,1910,2,11,VAUXHALL ZAFIRA,1,E01008910,0,-1
20211382P0787,2021,1382P0787,2,9,0,18,19,1,5,0,0,1,0,0,0,0,0,1,6,6,1,47,8,1956,2,6,VAUXHALL ZAFIRA,8,E01011716,0,-1
2021371072676,2021,371072676,1,9,0,9,9,4,3,0,0,0,0,0,0,0,1,1,5,6,1,35,6,1598,1,12,VAUXHALL ZAFIRA,7,E01030009,0,-1
2021522102043,2021,522102043,1,9,0,1,1,1,5,0,0,1,0,0,0,0,3,1,6,6,2,26,6,1364,1,4,VAUXHALL ZAFIRA,1,E01014658,0,-1
2021411099776,2021,411099776,1,9,0,18,19,1,5,0,0,0,0,0,0,0,1,1,5,6,1,38,7,1598,1,11,VAUXHALL ZAFIRA,5,E01001646,0,-1
2021440362915,2021,440362915,2,9,0,18,19,6,2,0,0,8,0,0,0,0,4,1,3,7,2,42,7,2198,1,13,VAUXHALL ZAFIRA,1,E01022915,0,-1
2021010295625,2021,010295625,1,9,0,7,7,7,1,0,0,6,0,0,0,0,4,1,6,6,2,34,6,1796,1,13,VAUXHALL ZAFIRA,2,E01003390,0,-1
2021471041138,2021,471041138,2,9,0,3,3,3,7,0,0,1,0,0,0,0,2,1,1,1,1,45,7,1598,1,16,VAUXHALL ZAFIRA,5,E01031574,0,-1
2021541818421,2021,541818421,2,9,0,18,19,2,6,0,0,4,0,0,0,0,1,1,1,1,2,33,6,1598,1,15,VAUXHALL ZAFIRA,6,E01032109,0,-1
202134NNC5161,2021,34NNC5161,2,9,0,3,3,3,7,0,0,4,0,0,0,0,2,1,6,6,2,58,9,1956,2,7,VAUXHALL ZAFIRA,1,E01027249,0,-1
2021041118489,2021,041118489,2,9,0,18,19,8,4,0,0,0,0,0,0,0,4,1,3,7,1,57,9,1910,2,13,VAUXHALL ZAFIRA,1,E01025083,0,-1
2021131126226,2021,131126226,1,9,0,18,19,1,5,0,0,0,0,0,0,0,2,1,5,6,1,54,8,1910,2,11,VAUXHALL ZAFIRA,4,E01010601,0,-1
2021471124990,2021,471124990,1,9,0,18,19,4,8,0,0,1,0,10,1,1,4,1,5,6,2,40,7,1796,1,9,VAUXHALL ZAFIRA,3,E01021037,0,-1
2021520103384,2021,520103384,2,9,0,18,19,2,6,0,0,0,0,0,0,0,1,1,6,6,3,40,7,1796,1,15,VAUXHALL ZAFIRA,-1,-1,0,-1
2021351064246,2021,351064246,1,9,0,18,19,7,3,0,0,8,0,0,0,0,4,1,6,6,2,34,6,1598,1,9,VAUXHALL ZAFIRA,6,E01029956,0,-1
2021010305135,2021,010305135,2,9,0,18,19,5,1,0,0,1,0,0,0,0,1,1,6,6,1,38,7,1910,2,15,VAUXHALL ZAFIRA,-1,-1,0,-1
2021552101315,2021,552101315,1,9,0,17,19,6,3,0,0,0,0,0,0,0,3,1,6,6,2,32,6,1910,2,13,VAUXHALL ZAFIRA,2,E01020582,0,-1
2021161058245,2021,161058245,1,9,0,4,4,3,7,0,0,0,0,0,0,0,2,1,6,6,2,36,7,1364,1,4,VAUXHALL ZAFIRA,1,E01012778,0,-1
2021451069243,2021,451069243,2,9,0,18,19,7,3,0,0,1,0,4,0,0,3,1,5,6,1,52,8,1796,1,14,VAUXHALL ZAFIRA,6,E01001075,0,-1
2021430531293,2021,430531293,1,9,0,16,19,5,8,0,0,0,0,0,1,0,1,1,6,6,1,32,6,1598,1,18,VAUXHALL ZAFIRA,7,E01028725,0,-1
2021361080020,2021,361080020,2,9,0,4,4,5,2,0,0,0,0,0,0,0,2,1,6,6,2,34,6,1910,2,13,VAUXHALL ZAFIRA,2,E01026803,0,-1
2021010331137,2021,010331137,1,9,0,17,19,6,3,0,0,8,0,0,0,0,3,1,6,6,2,45,7,1598,1,13,VAUXHALL ZAFIRA,2,E01004524,0,-1
2021211083391,2021,211083391,3,9,0,2,2,4,3,0,0,1,0,0,0,0,1,1,5,6,3,50,8,1364,1,4,VAUXHALL ZAFIRA,-1,-1,0,-1
202154B854021,2021,54B854021,1,9,0,16,19,8,4,0,0,0,0,0,0,0,1,1,6,6,2,28,6,1364,1,5,VAUXHALL ZAFIRA,6,E01014939,0,-1
2021320679568,2021,320679568,2,9,0,9,9,7,5,0,0,8,0,0,1,0,4,1,2,2,2,37,7,1796,1,13,VAUXHALL ZAFIRA,6,E01026020,0,-1
2021451125973,2021,451125973,1,9,0,18,19,5,1,6,6,0,0,0,0,0,1,1,6,6,1,40,7,1598,1,15,VAUXHALL ZAFIRA,6,E01030426,0,-1
2021501020488,2021,501020488,2,9,0,-1,-1,5,7,0,0,1,0,0,0,0,3,1,6,6,2,36,7,1598,1,12,VAUXHALL ZAFIRA,5,E01015237,0,-1
2021231100787,2021,231100787,1,9,0,9,9,6,4,0,0,6,0,0,0,0,1,1,6,6,1,45,7,1956,2,7,VAUXHALL ZAFIRA,-1,-1,0,-1
2021041034408,2021,041034408,2,9,0,1,1,0,0,0,0,0,0,0,0,0,3,1,6,6,3,-1,-1,1598,1,17,VAUXHALL ZAFIRA,-1,-1,0,-1
2021131085422,2021,131085422,1,9,0,18,19,1,5,0,0,8,0,0,0,0,4,1,6,6,1,27,6,1910,2,12,VAUXHALL ZAFIRA,1,E01010925,0,-1
2021501112993,2021,501112993,1,9,0,18,19,1,5,0,0,0,0,0,0,0,3,1,5,6,1,57,9,1686,2,9,VAUXHALL ZAFIRA,8,E01018886,0,-1
2021161018964,2021,161018964,2,9,0,7,7,3,7,0,0,1,0,0,0,0,4,1,2,2,1,32,6,1910,2,16,VAUXHALL ZAFIRA,1,E01012789,0,-1
2021010301913,2021,010301913,2,9,0,99,99,9,9,99,99,0,9,99,9,99,1,9,6,6,3,-1,-1,1598,1,13,VAUXHALL ZAFIRA,5,E01004549,0,-1
2021161094433,2021,161094433,1,9,0,3,3,4,8,0,0,0,0,0,0,0,2,1,1,1,1,-1,-1,1910,2,13,VAUXHALL ZAFIRA,6,E01013276,0,-1
2021131034451,2021,131034451,2,9,0,2,2,0,0,0,0,0,0,0,0,0,1,1,6,6,3,-1,-1,1910,2,13,VAUXHALL ZAFIRA,-1,-1,0,-1
2021991117248,2021,991117248,1,9,0,16,19,2,6,0,0,0,1,0,7,0,1,1,6,6,2,31,6,1598,1,11,VAUXHALL ZAFIRA,5,-1,0,-1
2021401050919,2021,401050919,1,9,0,18,19,6,2,0,0,0,0,0,0,0,1,1,3,7,1,54,8,1686,2,8,VAUXHALL ZAFIRA,2,E01015725,0,-1
2021201143757,2021,201143757,2,9,0,18,19,4,8,0,0,0,0,0,0,0,3,1,6,6,1,27,6,1686,2,11,VAUXHALL ZAFIRA,4,E01009238,0,-1
2021451057089,2021,451057089,2,9,0,18,19,5,1,0,0,2,0,0,3,0,3,1,3,7,2,42,7,1598,1,12,VAUXHALL ZAFIRA,5,E01030663,0,-1
2021010323832,2021,010323832,1,9,0,7,7,1,3,0,0,6,0,0,1,0,4,1,2,2,1,41,7,1910,2,12,VAUXHALL ZAFIRA,2,E01015794,0,-1
2021522104403,2021,522104403,2,9,0,4,4,1,5,0,0,1,0,0,0,0,2,1,6,6,1,65,9,1598,2,6,VAUXHALL ZAFIRA,-1,-1,0,-1
2021010301217,2021,010301217,1,9,0,99,99,9,9,99,99,9,9,99,9,99,9,9,6,6,1,48,8,1796,1,7,VAUXHALL ZAFIRA,3,E01004303,0,-1
2021501031564,2021,501031564,1,9,0,16,19,4,8,0,0,0,0,0,0,0,1,1,2,2,1,55,8,1796,1,13,VAUXHALL ZAFIRA,3,E01020073,0,-1
2021041043687,2021,041043687,1,9,0,9,9,1,7,0,0,0,0,0,0,0,1,1,5,6,1,30,6,1910,2,13,VAUXHALL ZAFIRA,1,E01025224,0,-1
2021010349284,2021,010349284,2,9,0,18,19,5,1,0,0,1,0,0,0,0,1,1,6,6,1,30,6,1956,2,6,VAUXHALL ZAFIRA,8,E01000989,0,-1
2021010308678,2021,010308678,1,9,0,9,9,5,2,0,0,1,0,0,0,0,2,1,2,2,2,52,8,1598,1,13,VAUXHALL ZAFIRA,6,E01003459,0,-1
2021161039817,2021,161039817,1,9,0,9,9,2,1,0,0,5,0,0,0,0,4,1,6,6,2,35,6,1598,1,14,VAUXHALL ZAFIRA,2,E01013240,0,-1
2021501121349,2021,501121349,2,9,0,18,19,5,1,0,0,0,0,0,0,0,1,1,6,6,2,31,6,1598,1,16,VAUXHALL ZAFIRA,3,E01029170,0,-1
2021010289683,2021,010289683,2,9,0,18,19,5,1,0,0,0,0,0,0,0,2,1,6,6,1,54,8,1796,1,17,VAUXHALL ZAFIRA,4,E01001956,0,-1
2021547702121,2021,547702121,2,8,0,17,19,3,8,0,0,0,0,0,0,0,4,1,1,1,1,61,9,1598,2,5,VAUXHALL ZAFIRA,9,E01031999,0,-1
202163D007921,2021,63D007921,2,9,0,18,19,6,2,0,0,1,1,0,0,0,1,1,6,6,1,32,6,1598,1,15,VAUXHALL ZAFIRA,3,W01000478,0,-1
2021061053784,2021,061053784,1,9,0,18,19,1,5,0,0,1,0,0,0,0,1,1,6,6,1,37,7,1598,1,8,VAUXHALL ZAFIRA,-1,-1,0,-1
202131C107721,2021,31C107721,5,9,0,4,4,6,2,0,0,8,0,0,0,0,1,1,6,6,2,39,7,1910,2,15,VAUXHALL ZAFIRA,2,E01013919,0,-1
2021101088303,2021,101088303,1,9,0,18,19,3,8,0,0,0,0,0,0,0,0,1,6,6,2,30,6,1686,2,8,VAUXHALL ZAFIRA,-1,-1,0,-1
2021451023518,2021,451023518,1,9,0,18,19,4,8,0,0,0,0,0,1,11,1,1,6,6,1,47,8,2198,1,19,VAUXHALL ZAFIRA,8,E01030920,0,-1
2021361083681,2021,361083681,1,9,0,5,5,3,1,0,0,2,0,0,0,0,3,1,5,6,1,82,11,1910,2,11,VAUXHALL ZAFIRA,7,E01026502,0,-1
2021302100583,2021,302100583,2,9,0,18,19,7,3,0,0,1,1,0,0,0,1,1,6,6,1,31,6,1598,1,16,VAUXHALL ZAFIRA,9,E01029465,0,-1
2021161131085,2021,161131085,1,9,0,16,19,3,7,0,0,4,0,0,0,0,1,1,3,7,2,38,7,1796,1,9,VAUXHALL ZAFIRA,1,E01013300,0,-1
202134NNC3711,2021,34NNC3711,1,9,0,18,19,5,1,0,0,2,0,4,0,0,1,1,6,6,2,49,8,1364,1,3,VAUXHALL ZAFIRA,3,E01027041,0,-1
202131C047621,2021,31C047621,1,9,0,18,19,8,4,0,0,1,0,0,0,0,1,1,2,2,1,58,9,1796,1,7,VAUXHALL ZAFIRA,1,E01013819,0,-1
2021010300047,2021,010300047,1,8,9,99,99,9,9,99,99,0,9,99,9,99,2,9,6,6,1,44,7,1598,1,9,VAUXHALL ZAFIRA,2,E01003633,0,-1
2021010322885,2021,010322885,1,9,0,18,19,3,7,0,0,8,0,0,0,0,3,1,6,6,2,57,9,1598,1,8,VAUXHALL ZAFIRA,-1,-1,0,-1
2021010336584,2021,010336584,1,8,0,9,9,5,3,0,0,1,0,0,0,0,2,1,1,1,1,54,8,1956,2,6,VAUXHALL ZAFIRA,2,E01015735,0,-1
2021411082344,2021,411082344,2,9,0,18,19,-1,-1,0,0,8,0,0,0,0,2,1,6,6,2,70,10,1364,1,4,VAUXHALL ZAFIRA,8,E01023571,0,-1
2021010320892,2021,010320892,2,9,9,18,19,1,5,99,99,1,0,99,9,99,1,9,6,6,3,-1,-1,1796,1,13,VAUXHALL ZAFIRA,-1,-1,0,-1
2021061059800,2021,061059800,1,9,0,4,4,6,2,0,0,2,0,0,0,0,2,1,6,6,2,47,8,1598,1,14,VAUXHALL ZAFIRA,1,E01005581,0,-1
2021170S11811,2021,170S11811,1,9,0,18,19,3,7,0,0,2,0,0,0,0,3,1,6,6,2,47,8,1598,1,9,VAUXHALL ZAFIRA,3,E01012253,0,-1
2021201094981,2021,201094981,1,9,0,5,5,6,2,0,0,1,0,0,0,0,3,1,6,6,1,33,6,1598,1,15,VAUXHALL ZAFIRA,1,E01010478,0,-1
2021471060762,2021,471060762,1,9,0,18,19,7,3,0,0,1,0,0,0,0,1,1,5,6,1,41,7,1686,2,11,VAUXHALL ZAFIRA,8,E01016995,0,-1
2021141077479,2021,141077479,2,9,0,18,19,4,8,0,0,1,0,0,0,0,1,1,5,6,2,40,7,1598,1,10,VAUXHALL ZAFIRA,1,E01007764,0,-1
2021061040498,2021,061040498,1,9,0,18,19,5,1,0,0,0,0,0,0,0,2,1,6,6,2,33,6,1910,2,13,VAUXHALL ZAFIRA,10,E01006135,0,-1
2021101020113,2021,101020113,1,9,0,18,19,5,1,0,0,0,0,0,1,0,0,1,6,6,1,23,5,1686,2,9,VAUXHALL ZAFIRA,-1,-1,0,-1
2021201132939,2021,201132939,1,9,0,7,7,4,2,0,0,3,0,7,7,0,1,1,6,6,2,35,6,1956,2,9,VAUXHALL ZAFIRA,1,E01009201,0,-1
2021111046329,2021,111046329,2,9,0,18,19,8,6,0,0,1,0,0,0,0,1,1,5,6,2,38,7,1598,1,9,VAUXHALL ZAFIRA,1,E01011953,0,-1
2021010329857,2021,010329857,1,9,0,16,19,5,1,0,0,1,0,0,0,0,1,1,3,7,2,34,6,1364,1,5,VAUXHALL ZAFIRA,1,E01002093,0,-1
2021371057160,2021,371057160,2,9,0,13,13,5,1,0,0,0,0,0,0,0,4,1,5,6,1,38,7,1598,1,11,VAUXHALL ZAFIRA,1,E01029980,0,-1
2021010295349,2021,010295349,1,9,0,99,99,9,9,99,99,9,9,99,9,99,0,9,2,2,1,36,7,1598,1,11,VAUXHALL ZAFIRA,3,E01001338,0,-1
2021540905021,2021,540905021,1,9,0,18,19,1,5,0,0,1,0,0,0,0,1,1,6,6,2,41,7,1995,2,17,VAUXHALL ZAFIRA,7,E01014635,0,-1
2021211147705,2021,211147705,1,9,0,2,2,5,1,0,0,0,0,0,0,0,2,1,6,6,2,31,6,1598,1,20,VAUXHALL ZAFIRA,9,E01029791,0,-1
2021401121487,2021,401121487,2,9,0,16,19,7,3,0,0,0,0,0,0,0,4,1,5,6,1,54,8,1598,1,16,VAUXHALL ZAFIRA,3,E01017518,0,-1
2021010301854,2021,010301854,1,9,0,9,9,1,7,0,0,1,0,0,0,0,2,1,2,2,1,34,6,1598,1,15,VAUXHALL ZAFIRA,5,E01000855,0,-1
2021440270057,2021,440270057,2,9,0,18,19,5,1,0,0,0,0,0,0,0,1,1,6,6,1,-1,-1,1956,2,7,VAUXHALL ZAFIRA,-1,-1,0,-1
2021430472372,2021,430472372,2,9,0,18,19,7,3,0,0,0,0,0,0,0,1,1,6,6,1,-1,-1,1796,1,7,VAUXHALL ZAFIRA,-1,-1,0,-1
2021010297574,2021,010297574,2,8,0,9,9,1,7,0,0,1,0,0,0,0,3,1,1,1,1,43,7,1364,1,3,VAUXHALL ZAFIRA,4,E01004642,0,-1
202134WNC4191,2021,34WNC4191,2,9,0,18,19,7,3,0,0,8,0,0,0,0,4,1,6,6,1,44,7,1910,2,15,VAUXHALL ZAFIRA,4,E01027132,0,-1
2021371061550,2021,371061550,2,9,0,18,19,7,3,0,0,1,0,0,0,0,1,1,1,1,1,39,7,1598,1,12,VAUXHALL ZAFIRA,5,E01030185,0,-1
2021010299970,2021,010299970,2,9,0,99,99,9,9,0,0,0,0,0,0,0,2,1,6,6,3,-1,-1,1796,1,8,VAUXHALL ZAFIRA,-1,-1,0,-1
2021041082095,2021,041082095,2,9,0,18,19,5,1,0,0,0,0,0,0,0,1,1,5,6,2,43,7,1796,1,10,VAUXHALL ZAFIRA,7,E01025123,0,-1
2021421022799,2021,421022799,2,9,0,18,19,7,3,0,0,1,0,0,0,0,4,1,6,6,2,56,9,1686,2,10,VAUXHALL ZAFIRA,5,E01021922,0,-1
2021421013104,2021,421013104,2,9,0,18,19,5,1,0,0,0,0,0,0,0,1,1,5,6,1,31,6,1598,1,8,VAUXHALL ZAFIRA,4,E01001484,0,-1
2021010320432,2021,010320432,1,9,0,99,99,9,9,99,99,9,9,99,9,99,1,9,6,6,2,32,6,1598,1,10,VAUXHALL ZAFIRA,6,E01002169,0,-1
2021131103955,2021,131103955,1,9,0,11,11,5,2,0,0,6,0,0,0,0,4,1,5,6,1,47,8,2198,1,13,VAUXHALL ZAFIRA,1,E01010613,0,-1
2021622100760,2021,622100760,2,9,0,18,19,6,2,0,0,0,1,0,7,9,1,1,1,1,1,25,5,1598,2,5,VAUXHALL ZAFIRA,4,W01000652,0,-1
2021421130790,2021,421130790,2,9,0,18,19,1,3,0,0,0,0,0,0,0,3,1,6,6,1,33,6,1910,2,13,VAUXHALL ZAFIRA,2,E01000091,0,-1
2021010302689,2021,010302689,2,9,0,99,99,9,9,99,99,9,9,99,9,99,2,9,6,6,3,-1,-1,1598,1,12,VAUXHALL ZAFIRA,-1,-1,0,-1
2021201125693,2021,201125693,1,9,0,18,19,2,6,0,0,0,0,0,0,0,4,1,6,6,2,-1,-1,1598,1,13,VAUXHALL ZAFIRA,-1,-1,0,-1
2021221063750,2021,221063750,2,9,0,18,19,7,3,0,0,0,1,0,0,0,1,1,5,6,1,39,7,1598,1,15,VAUXHALL ZAFIRA,4,E01014122,0,-1
2021411128986,2021,411128986,1,9,0,9,9,3,5,0,0,8,0,0,0,0,3,1,6,6,2,-1,-1,1796,1,12,VAUXHALL ZAFIRA,8,E01023709,0,-1
2021221097378,2021,221097378,3,9,0,17,19,1,6,0,0,8,0,0,0,0,1,1,5,6,2,31,6,1686,2,11,VAUXHALL ZAFIRA,6,E01028852,0,-1
2021141100661,2021,141100661,2,9,0,2,2,0,0,9,9,0,0,0,0,0,2,1,6,6,3,-1,-1,1598,1,13,VAUXHALL ZAFIRA,-1,-1,0,-1
2021430535721,2021,430535721,3,9,0,3,3,8,4,0,0,0,0,0,0,0,2,1,6,6,1,69,10,1598,1,12,VAUXHALL ZAFIRA,9,E01028601,0,-1
2021501039978,2021,501039978,1,9,0,18,19,3,7,0,0,0,2,0,0,0,1,1,5,6,2,51,8,1598,1,11,VAUXHALL ZAFIRA,5,E01015174,0,-1
2021421126513,2021,421126513,1,8,0,18,19,1,5,0,0,0,0,0,0,0,1,1,1,1,1,55,8,1956,2,8,VAUXHALL ZAFIRA,5,E01000037,0,-1
2021461051588,2021,461051588,1,9,0,17,19,1,5,0,0,1,0,0,0,0,1,1,2,2,1,48,8,1956,2,5,VAUXHALL ZAFIRA,1,E01001876,0,-1
2021440044736,2021,440044736,1,9,0,18,19,2,6,0,0,0,0,0,0,0,4,1,2,2,1,52,8,2198,1,20,VAUXHALL ZAFIRA,7,E01017285,0,-1
2021401098002,2021,401098002,3,9,0,2,2,0,0,0,0,0,0,0,0,0,2,1,6,6,3,-1,-1,1598,1,13,VAUXHALL ZAFIRA,-1,-1,0,-1
2021101045583,2021,101045583,2,9,0,18,19,1,5,0,0,0,0,0,0,0,3,1,5,6,2,27,6,1796,1,10,VAUXHALL ZAFIRA,5,E01027373,0,-1
2021451109098,2021,451109098,1,9,0,9,9,5,7,0,0,0,0,0,0,0,4,1,5,6,1,40,7,1598,1,13,VAUXHALL ZAFIRA,9,E01030406,0,-1
2021201016283,2021,201016283,1,9,0,18,19,2,6,0,0,0,0,7,4,0,1,1,6,6,1,-1,-1,1598,1,15,VAUXHALL ZAFIRA,-1,-1,0,-1
2021461013126,2021,461013126,1,9,0,4,4,7,3,0,0,1,0,0,0,0,1,1,6,6,1,-1,-1,1796,1,18,VAUXHALL ZAFIRA,-1,-1,0,-1
2021131053163,2021,131053163,2,9,0,18,19,3,7,0,0,0,0,0,0,0,2,1,5,6,2,54,8,1598,1,14,VAUXHALL ZAFIRA,4,E01010949,0,-1
2021430267500,2021,430267500,2,9,0,18,19,4,8,0,0,0,0,0,0,0,1,1,6,6,2,37,7,1686,2,10,VAUXHALL ZAFIRA,2,E01017709,0,-1
2021549731721,2021,549731721,3,9,0,18,19,5,1,0,0,0,0,0,0,0,2,1,6,6,1,55,8,1686,2,9,VAUXHALL ZAFIRA,1,E01015572,0,-1
2021101033512,2021,101033512,2,9,0,18,19,4,6,0,0,0,0,0,0,0,3,1,2,2,2,49,8,1796,1,13,VAUXHALL ZAFIRA,6,E01033161,0,-1
2021610063221,2021,610063221,1,9,0,18,19,1,5,0,0,0,0,0,0,0,1,1,6,6,1,37,7,1796,1,11,VAUXHALL ZAFIRA,1,W01001386,0,-1
2021221017632,2021,221017632,1,9,0,18,19,7,3,0,0,6,1,0,0,0,1,1,2,2,1,50,8,1686,2,9,VAUXHALL ZAFIRA,9,W01001554,0,-1