collision_index,collision_year,collision_ref_no,vehicle_reference,vehicle_type,towing_and_articulation,vehicle_manoeuvre_historic,vehicle_manoeuvre,vehicle_direction_from,vehicle_direction_to,vehicle_location_restricted_lane_historic,vehicle_location_restricted_lane,junction_location,skidding_and_overturning,hit_object_in_carriageway,vehicle_leaving_carriageway,hit_object_off_carriageway,first_point_of_impact,vehicle_left_hand_drive,journey_purpose_of_driver_historic,journey_purpose_of_driver,sex_of_driver,age_of_driver,age_band_of_driver,engine_capacity_cc,propulsion_code,age_of_vehicle,generic_make_model,driver_imd_decile,lsoa_of_driver,escooter_flag,driver_distance_banding
2021010340320,2021,010340320,1,9,0,99,99,9,9,99,99,9,9,99,9,99,9,1,6,6,3,40,7,1598,1,18,VAUXHALL ZAFIRA,5,E01004521,0,-1
2021141062069,2021,141062069,2,9,0,9,9,7,5,0,0,0,0,0,0,0,1,1,6,6,1,-1,-1,1796,1,14,VAUXHALL ZAFIRA,-1,-1,0,-1
2021351066178,2021,351066178,2,9,0,17,19,5,2,0,0,0,0,0,0,0,1,1,6,6,2,38,7,1796,1,15,VAUXHALL ZAFIRA,2,E01018068,0,-1
2021320318343,2021,320318343,1,9,0,7,7,4,8,0,0,2,0,0,0,0,0,1,3,7,2,29,6,1686,2,10,VAUXHALL ZAFIRA,-1,-1,0,-1
2021010334374,2021,010334374,2,9,0,99,99,9,9,99,99,9,9,99,9,99,9,9,6,6,3,56,9,1796,1,7,VAUXHALL ZAFIRA,3,E01003567,0,-1
2021010292391,2021,010292391,1,9,0,5,5,6,2,0,0,1,0,0,0,0,1,1,6,6,1,45,7,1598,1,14,VAUXHALL ZAFIRA,3,E01001768,0,-1
2021451025196,2021,451025196,2,9,0,7,7,5,1,0,0,1,0,0,0,0,2,1,5,6,2,50,8,1364,1,5,VAUXHALL ZAFIRA,6,E01030857,0,-1
20211382N0642,2021,1382N0642,2,9,0,18,19,5,1,0,0,0,0,0,0,0,1,1,6,6,1,50,8,1598,1,14,VAUXHALL ZAFIRA,2,E01011926,0,-1
2021010310869,2021,010310869,1,9,0,9,9,1,6,0,0,5,0,0,0,0,3,1,6,6,1,66,10,1910,2,13,VAUXHALL ZAFIRA,7,E01000275,0,-1
2021520200632,2021,520200632,1,9,0,18,19,6,2,0,0,0,0,0,0,0,3,1,6,6,2,40,7,1598,1,8,VAUXHALL ZAFIRA,6,E01029040,0,-1
2021461065529,2021,461065529,1,9,0,18,19,3,7,0,0,0,0,0,0,0,1,1,6,6,1,44,7,1598,1,13,VAUXHALL ZAFIRA,1,E01024196,0,-1
202134WNC2071,2021,34WNC2071,1,9,0,5,5,1,5,0,0,8,0,0,0,0,1,1,6,6,1,65,9,1910,2,13,VAUXHALL ZAFIRA,3,E01027197,0,-1
2021122101171,2021,122101171,1,9,0,4,4,3,7,0,0,0,0,0,0,0,2,1,6,6,1,62,9,1796,1,7,VAUXHALL ZAFIRA,2,E01025173,0,-1
2021131052003,2021,131052003,1,9,0,5,5,1,3,0,0,0,0,0,0,0,1,1,2,2,1,50,8,1598,1,9,VAUXHALL ZAFIRA,1,E01010735,0,-1
2021010343131,2021,010343131,2,9,0,4,4,3,7,0,0,8,0,0,0,0,2,1,6,6,2,45,7,1598,1,8,VAUXHALL ZAFIRA,7,E01024137,0,-1
2021101027935,2021,101027935,2,9,0,18,19,6,2,0,0,0,0,0,0,0,1,1,5,6,1,37,7,1598,1,15,VAUXHALL ZAFIRA,8,E01027356,0,-1
2021421071355,2021,421071355,1,9,0,18,19,1,5,0,0,0,1,7,0,0,1,1,5,6,1,30,6,1364,1,4,VAUXHALL ZAFIRA,3,E01003352,0,-1
2021201085278,2021,201085278,2,9,0,13,13,6,2,0,0,0,0,7,6,4,1,1,2,2,1,43,7,1796,1,8,VAUXHALL ZAFIRA,1,E01009476,0,-1
2021201121716,2021,201121716,2,9,0,9,9,4,2,0,0,5,0,4,5,0,1,1,6,6,2,50,8,1910,2,12,VAUXHALL ZAFIRA,7,E01010544,0,-1
2021010295692,2021,010295692,1,9,0,99,99,9,9,99,99,9,9,99,9,99,2,9,6,6,1,38,7,1364,1,4,VAUXHALL ZAFIRA,4,E01001484,0,-1
2021111080539,2021,111080539,2,9,0,4,4,8,8,0,0,0,0,0,0,0,2,1,1,1,2,41,7,1598,1,12,VAUXHALL ZAFIRA,1,E01020874,0,-1
2021010344045,2021,010344045,1,9,0,18,19,3,7,0,0,8,0,0,0,0,1,1,6,6,1,66,10,1364,1,4,VAUXHALL ZAFIRA,6,E01000487,0,-1
2021010313854,2021,010313854,1,9,0,11,11,3,7,0,0,1,0,0,0,0,1,1,6,6,2,63,9,1364,1,6,VAUXHALL ZAFIRA,3,E01033735,0,-1
2021201119560,2021,201119560,1,9,0,18,19,6,2,0,0,8,0,0,0,0,1,1,6,6,1,35,6,1598,1,14,VAUXHALL ZAFIRA,2,E01010363,0,-1
2021411120831,2021,411120831,2,9,0,9,9,5,3,0,0,0,1,0,0,0,4,1,5,6,1,28,6,1910,2,14,VAUXHALL ZAFIRA,3,E01023346,0,-1
202154B326021,2021,54B326021,2,9,0,18,19,6,2,0,0,0,1,0,0,0,1,1,1,1,2,46,8,1598,1,21,VAUXHALL ZAFIRA,8,E01015534,0,-1
2021522200322,2021,522200322,1,9,0,18,19,3,7,0,0,8,0,0,0,0,1,1,6,6,1,50,8,1796,1,14,VAUXHALL ZAFIRA,7,E01014945,0,-1
2021010328177,2021,010328177,2,9,0,2,2,0,0,9,9,1,0,0,0,0,0,1,6,6,3,-1,-1,1796,1,14,VAUXHALL ZAFIRA,-1,-1,0,-1
2021070561662,2021,070561662,1,9,0,5,5,7,2,0,0,4,0,0,0,0,1,1,6,6,1,36,7,1796,1,11,VAUXHALL ZAFIRA,2,E01018478,0,-1
2021052100105,2021,052100105,2,9,0,4,4,3,7,0,0,0,0,0,0,0,2,1,6,6,1,49,8,1598,1,12,VAUXHALL ZAFIRA,2,E01007294,0,-1
2021041064329,2021,041064329,2,9,0,4,4,6,2,0,0,0,0,0,0,0,2,1,2,2,1,37,7,1364,1,4,VAUXHALL ZAFIRA,10,E01025278,0,-1
2021522104431,2021,522104431,2,9,0,9,9,1,7,0,0,8,0,0,0,0,2,1,6,6,2,63,9,1956,2,9,VAUXHALL ZAFIRA,8,E01029089,0,-1
2021061041130,2021,061041130,1,9,0,18,19,3,7,0,0,0,0,0,0,0,1,1,6,6,1,45,7,1956,2,7,VAUXHALL ZAFIRA,4,E01005214,0,-1
2021010349674,2021,010349674,1,9,0,99,99,9,9,99,99,9,9,99,9,99,9,9,6,6,1,39,7,1796,1,10,VAUXHALL ZAFIRA,2,E01032787,0,-1
2021201085198,2021,201085198,2,9,0,7,7,4,6,0,0,1,0,0,0,0,2,1,6,6,2,37,7,1910,2,13,VAUXHALL ZAFIRA,5,E01010558,0,-1
2021440520382,2021,440520382,2,9,0,9,9,1,7,0,0,8,0,0,0,0,3,1,6,6,1,32,6,1598,1,14,VAUXHALL ZAFIRA,2,E01022833,0,-1
2021361041867,2021,361041867,2,9,-1,18,19,-1,-1,0,0,0,0,0,0,0,0,1,6,6,1,52,8,1598,1,10,VAUXHALL ZAFIRA,4,E01026665,0,-1
2021010310861,2021,010310861,1,9,0,9,9,7,5,0,0,3,0,0,0,0,1,1,3,7,1,67,10,1796,1,7,VAUXHALL ZAFIRA,3,E01003521,0,-1
2021010312538,2021,010312538,1,9,0,4,4,7,3,0,0,2,0,0,0,0,3,1,3,7,1,63,9,1364,1,4,VAUXHALL ZAFIRA,3,E01002550,0,-1
2021501099552,2021,501099552,2,9,0,5,5,5,1,0,0,8,0,0,0,0,1,1,2,2,1,66,10,1686,2,8,VAUXHALL ZAFIRA,3,E01018762,0,-1
2021061042911,2021,061042911,2,9,0,3,3,6,2,0,0,8,0,0,0,0,2,1,6,6,1,55,8,1995,2,17,VAUXHALL ZAFIRA,-1,-1,0,-1
2021471051445,2021,471051445,2,9,0,2,2,0,0,0,0,0,0,0,0,0,2,1,5,6,1,27,6,1796,1,8,VAUXHALL ZAFIRA,7,E01030515,0,-1
2021401051768,2021,401051768,2,9,0,9,9,5,1,0,0,1,0,0,0,0,2,1,1,1,2,38,7,1598,1,9,VAUXHALL ZAFIRA,1,E01015699,0,-1
2021522105219,2021,522105219,1,9,0,3,3,8,3,0,0,6,0,0,0,0,2,1,6,6,2,50,8,1796,1,16,VAUXHALL ZAFIRA,4,E01014786,0,-1
2021421070325,2021,421070325,1,9,0,18,19,3,7,0,0,8,0,0,0,0,1,1,6,6,2,50,8,1598,1,12,VAUXHALL ZAFIRA,9,E01015909,0,-1
2021401057762,2021,401057762,3,9,0,4,4,1,6,0,0,0,1,10,0,0,2,1,1,1,1,49,8,1956,2,8,VAUXHALL ZAFIRA,5,E01018179,0,-1
2021471126003,2021,471126003,1,9,0,17,19,1,5,0,0,2,0,0,0,0,4,1,5,6,1,29,6,1956,2,8,VAUXHALL ZAFIRA,1,E01016867,0,-1
2021430435734,2021,430435734,1,9,0,18,19,1,5,0,0,0,1,4,1,0,1,1,2,2,1,30,6,1686,2,11,VAUXHALL ZAFIRA,7,E01016331,0,-1
2021010346455,2021,010346455,1,9,0,5,5,4,8,0,0,3,0,0,0,0,1,1,6,6,2,56,9,1796,1,12,VAUXHALL ZAFIRA,8,E01001985,0,-1
2021351028524,2021,351028524,2,9,0,18,19,4,8,0,0,0,0,0,0,0,1,1,5,6,1,40,7,1910,2,16,VAUXHALL ZAFIRA,8,E01018132,0,-1
2021451101967,2021,451101967,2,9,0,2,2,0,0,0,0,0,0,0,0,0,2,1,5,6,2,55,8,1598,1,10,VAUXHALL ZAFIRA,6,E01003223,0,-1
2021010348470,2021,010348470,1,9,0,3,3,2,6,0,0,1,0,0,0,0,1,1,6,6,1,36,7,2198,1,14,VAUXHALL ZAFIRA,2,E01000023,0,-1
2021622100948,2021,622100948,1,9,0,18,19,8,4,0,0,2,0,0,0,0,1,1,6,6,1,35,6,1956,2,7,VAUXHALL ZAFIRA,4,W01001148,0,-1
2021010341912,2021,010341912,1,9,0,18,19,3,7,0,0,2,1,0,0,0,4,1,6,6,1,40,7,1796,1,10,VAUXHALL ZAFIRA,3,E01003592,0,-1
202134WNC5561,2021,34WNC5561,1,9,0,1,1,2,6,0,0,0,0,0,0,0,2,1,6,6,1,-1,-1,1598,1,14,VAUXHALL ZAFIRA,6,E01032977,0,-1
2021161034401,2021,161034401,2,9,0,2,2,0,0,0,0,1,0,0,0,0,2,1,5,6,3,-1,-1,1796,1,10,VAUXHALL ZAFIRA,-1,-1,0,-1
2021010346766,2021,010346766,2,9,0,18,19,3,7,0,0,8,0,0,0,0,1,1,6,6,1,44,7,1796,1,13,VAUXHALL ZAFIRA,6,E01003227,0,-1
2021131133351,2021,131133351,2,11,0,18,19,7,5,0,0,1,0,0,0,0,0,1,6,6,3,-1,-1,5132,2,1,WRIGHTBUS MODEL MISSING,-1,-1,0,-1
2021010306757,2021,010306757,1,11,0,18,19,5,1,0,0,0,0,0,0,0,0,1,1,1,1,50,8,5132,2,5,WRIGHTBUS MODEL MISSING,10,E01004104,0,-1
2021101070283,2021,101070283,1,11,0,7,7,2,5,0,0,8,0,0,0,0,0,1,1,1,1,33,6,5132,2,1,WRIGHTBUS MODEL MISSING,1,E01008682,0,-1
2021131086751,2021,131086751,2,11,0,18,19,1,5,0,0,2,0,0,0,0,1,1,1,1,1,60,9,5132,2,1,WRIGHTBUS MODEL MISSING,1,E01011318,0,-1
2021010294854,2021,010294854,1,11,0,4,4,5,1,2,2,1,0,0,0,0,2,1,1,1,1,68,10,5132,2,5,WRIGHTBUS MODEL MISSING,5,E01002977,0,-1
2021131095673,2021,131095673,2,11,0,18,19,4,8,2,2,8,0,0,0,0,1,1,1,1,1,32,6,5132,2,1,WRIGHTBUS MODEL MISSING,4,E01011286,0,-1
2021131056167,2021,131056167,2,11,0,5,5,7,3,0,0,8,0,0,0,0,1,1,1,1,1,52,8,5132,2,1,WRIGHTBUS MODEL MISSING,2,E01032492,0,-1
2021131086751,2021,131086751,1,11,0,18,19,3,7,9,9,6,0,0,0,0,1,1,6,6,1,20,4,5132,2,1,WRIGHTBUS MODEL MISSING,1,E01011362,0,-1
2021101120530,2021,101120530,1,11,0,4,4,3,7,0,0,8,0,0,0,0,0,1,1,1,1,56,9,5132,2,1,WRIGHTBUS MODEL MISSING,4,E01020667,0,-1
2021061132124,2021,061132124,2,11,-1,-1,-1,-1,-1,-1,-1,0,-1,-1,-1,0,-1,1,1,1,1,-1,-1,5132,2,1,WRIGHTBUS MODEL MISSING,-1,-1,0,-1
2021061027041,2021,061027041,1,11,0,18,19,7,3,0,0,0,0,0,0,0,1,1,6,6,1,57,9,5132,2,1,WRIGHTBUS MODEL MISSING,-1,-1,0,-1
2021101060990,2021,101060990,2,11,0,18,19,1,5,0,0,2,0,0,0,0,0,1,1,1,1,57,9,5132,2,1,WRIGHTBUS MODEL MISSING,4,E01008880,0,-1
2021010299822,2021,010299822,1,3,0,99,99,9,9,99,99,0,9,99,9,99,1,1,6,6,1,40,7,124,1,11,-1,4,E01003212,0,-1
2021440474715,2021,440474715,1,3,0,18,19,7,3,0,0,0,0,0,0,0,0,1,6,6,1,25,5,124,1,6,-1,4,E01017309,0,-1
2021010307424,2021,010307424,1,3,0,18,19,5,1,0,0,1,5,10,0,0,3,1,6,6,1,26,6,124,1,7,-1,6,E01003416,0,-1
2021010326068,2021,010326068,2,3,0,18,19,1,5,0,0,1,0,0,0,0,1,1,6,6,1,26,6,124,1,8,-1,2,E01004398,0,-1
2021461082671,2021,461082671,1,3,0,15,15,8,4,0,0,0,2,4,0,0,3,1,5,6,1,19,4,125,1,7,-1,4,E01016071,0,-1
2021440477925,2021,440477925,1,3,0,18,19,2,6,0,0,1,0,0,0,0,1,1,6,6,1,21,5,124,1,10,-1,7,E01017144,0,-1
2021010315701,2021,010315701,1,3,0,18,19,1,5,0,0,1,0,0,0,0,0,1,2,2,1,42,7,124,1,9,-1,1,E01033604,0,-1
2021010309154,2021,010309154,2,4,0,18,19,1,5,0,0,1,2,0,0,0,1,1,2,2,1,28,6,124,1,11,-1,5,E01023936,0,-1
2021531115306,2021,531115306,1,5,0,18,19,1,5,0,0,0,1,0,0,0,4,1,6,6,1,25,5,1300,1,11,-1,9,E01032701,0,-1
2021101050643,2021,101050643,2,5,0,18,19,1,5,0,0,1,2,0,0,0,0,1,5,6,1,54,8,1300,1,12,-1,4,E01008766,0,-1
2021520102016,2021,520102016,2,11,0,18,19,3,6,0,0,3,0,0,0,0,3,1,1,1,3,-1,-1,10837,2,3,-1,-1,-1,0,-1
2021520102203,2021,520102203,1,11,0,18,19,1,5,0,0,0,0,0,0,0,3,1,6,6,1,55,8,10837,2,3,-1,6,E01029316,0,-1
2021531039863,2021,531039863,2,3,0,18,19,3,7,0,0,1,0,0,0,0,1,1,5,6,1,18,4,125,1,5,-1,6,E01022410,0,-1
2021552100579,2021,552100579,1,3,0,18,19,8,4,0,0,1,0,0,0,0,1,1,2,2,1,37,7,125,1,6,-1,8,E01020583,0,-1
2021461096863,2021,461096863,1,9,0,4,4,3,7,0,0,0,0,0,0,0,1,1,6,6,1,45,7,5935,1,14,-1,7,E01024675,0,-1
2021221068752,2021,221068752,2,9,0,18,19,3,7,0,0,0,0,0,0,0,1,1,6,6,1,53,8,2967,2,13,-1,7,E01014137,0,-1
2021421082852,2021,421082852,1,9,0,4,4,8,2,0,0,1,0,0,0,0,1,1,5,6,1,74,10,5998,1,12,BENTLEY CONTINENTAL,7,E01021571,0,-1
2021010331698,2021,010331698,1,9,0,99,99,9,9,99,99,0,9,99,9,99,1,9,6,6,1,40,7,5998,1,12,BENTLEY CONTINENTAL,9,E01004277,0,-1
2021010333338,2021,010333338,2,9,0,99,99,9,9,99,99,9,9,99,9,99,2,9,6,6,3,-1,-1,5998,1,15,BENTLEY CONTINENTAL,-1,-1,0,-1
2021421059968,2021,421059968,2,9,0,4,4,3,7,0,0,0,0,0,0,0,2,1,5,6,1,67,10,5998,1,7,BENTLEY CONTINENTAL,10,E01021960,0,-1
2021371090009,2021,371090009,2,9,0,18,19,8,4,0,0,8,0,0,0,0,3,1,5,6,1,52,8,5998,1,10,BENTLEY CONTINENTAL,3,E01026639,0,-1
2021010311019,2021,010311019,3,9,0,2,2,0,0,0,0,2,0,0,0,0,2,1,6,6,3,-1,-1,5998,1,15,BENTLEY CONTINENTAL,-1,-1,0,-1
2021010318912,2021,010318912,1,9,0,7,7,7,1,0,0,8,0,0,0,0,4,1,6,6,1,57,9,5998,1,12,BENTLEY CONTINENTAL,7,E01002579,0,-1
2021440190749,2021,440190749,1,9,0,15,15,2,6,0,0,0,0,0,0,0,3,1,6,6,1,51,8,5998,1,10,BENTLEY CONTINENTAL,8,E01023089,0,-1
2021010299041,2021,010299041,1,9,0,9,9,5,3,0,0,8,0,0,0,0,1,1,6,6,2,25,5,5950,1,1,BENTLEY CONTINENTAL,-1,-1,0,-1
2021221061988,2021,221061988,1,9,0,18,19,4,8,0,0,4,0,9,1,4,1,1,5,6,1,59,9,5998,1,14,BENTLEY CONTINENTAL,7,E01028835,0,-1
2021010294659,2021,010294659,2,9,0,99,99,9,9,99,99,9,9,99,9,99,1,9,6,6,3,49,8,5998,1,17,BENTLEY CONTINENTAL,1,E01001714,0,-1
202131D120721,2021,31D120721,1,9,0,6,6,1,1,0,0,8,0,0,0,0,3,1,6,6,1,42,7,5998,1,13,BENTLEY CONTINENTAL,8,E01032622,0,-1
2021471088768,2021,471088768,2,9,0,18,19,1,7,0,0,0,0,0,0,0,1,1,5,6,2,71,10,5998,1,16,BENTLEY CONTINENTAL,5,E01001091,0,-1
2021111057382,2021,111057382,1,9,0,16,19,7,3,0,0,1,1,4,7,0,3,1,6,6,1,43,7,5998,1,12,BENTLEY CONTINENTAL,2,E01020894,0,-1
2021411129422,2021,411129422,2,9,0,18,19,5,1,0,0,0,1,7,0,0,1,1,6,6,3,-1,-1,5998,1,10,BENTLEY CONTINENTAL,-1,-1,0,-1
2021010320027,2021,010320027,2,9,0,99,99,9,9,99,99,9,9,99,9,99,2,9,6,6,3,-1,-1,3996,1,0,BENTLEY CONTINENTAL,-1,-1,0,-1
2021201118191,2021,201118191,1,9,0,5,5,2,6,0,0,6,0,0,0,0,1,1,6,6,3,-1,-1,5950,1,1,BENTLEY CONTINENTAL,-1,-1,0,-1
2021052101145,2021,052101145,2,9,0,18,19,1,5,0,0,2,0,0,0,0,1,1,6,6,1,57,9,5998,1,16,BENTLEY CONTINENTAL,2,E01012377,0,-1
2021520102494,2021,520102494,1,9,0,9,9,1,8,0,0,8,0,0,0,0,1,1,6,6,1,75,10,5998,1,13,BENTLEY CONTINENTAL,3,E01029041,0,-1
2021010332743,2021,010332743,1,9,0,9,9,5,3,0,0,1,0,0,0,0,1,1,1,1,1,41,7,5998,1,6,BENTLEY CONTINENTAL,8,E01002900,0,-1
2021430161656,2021,430161656,1,9,0,1,1,7,3,0,0,0,0,4,1,0,2,1,6,6,1,61,9,5998,1,16,BENTLEY CONTINENTAL,3,E01032743,0,-1
2021061087839,2021,061087839,2,9,0,4,4,1,3,0,0,0,0,0,0,0,2,1,6,6,1,36,7,5950,1,2,BENTLEY CONTINENTAL,2,E01032907,0,-1
2021010341287,2021,010341287,2,9,0,10,10,4,2,0,0,1,0,0,0,0,2,1,6,6,1,57,9,5950,1,3,BENTLEY CONTINENTAL,9,E01023463,0,-1
2021010315640,2021,010315640,2,9,0,18,19,7,3,0,0,2,0,0,0,0,3,1,2,2,2,34,6,5998,1,13,BENTLEY CONTINENTAL,5,E01000067,0,-1
2021141087163,2021,141087163,1,9,0,9,9,7,5,0,0,6,0,0,0,0,1,1,5,6,1,78,11,5998,1,11,BENTLEY CONTINENTAL,5,E01007366,0,-1
2021052100734,2021,052100734,3,9,0,18,19,7,3,0,0,0,0,0,0,0,2,1,6,6,1,72,10,5998,1,8,BENTLEY CONTINENTAL,-1,-1,0,-1
2021451086529,2021,451086529,2,9,0,18,19,5,1,0,0,0,0,0,0,0,1,1,1,1,1,53,8,3993,1,7,BENTLEY CONTINENTAL,9,E01030861,0,-1
2021201149690,2021,201149690,1,9,0,3,3,-1,-1,0,0,0,0,0,0,0,2,1,6,6,1,-1,-1,5998,1,15,BENTLEY CONTINENTAL,3,E01009768,0,-1
2021320504700,2021,320504700,1,9,0,5,5,1,5,0,0,4,0,0,0,0,3,1,1,1,1,59,9,1360,1,18,CITROEN C3,2,E01026037,0,-1
2021401103156,2021,401103156,1,9,0,16,19,1,5,0,0,0,2,0,2,0,4,1,2,2,2,45,7,1124,1,14,CITROEN C3,7,E01017575,0,-1
2021351060302,2021,351060302,1,9,0,18,19,8,4,0,0,0,0,0,0,0,1,1,6,6,3,-1,-1,1124,1,17,CITROEN C3,-1,-1,0,-1
2021231116656,2021,231116656,6,9,0,18,19,2,6,0,0,0,1,0,0,0,1,1,5,6,1,41,7,1560,2,7,CITROEN C3,6,E01009676,0,-1
2021122100437,2021,122100437,1,9,0,4,4,5,1,0,0,1,0,0,0,0,2,1,6,6,2,25,5,1560,2,6,CITROEN C3,7,E01027808,0,-1
2021991035585,2021,991035585,2,9,0,18,19,3,8,0,0,0,0,0,0,0,2,1,5,6,2,47,8,1199,1,2,CITROEN C3,2,-1,0,-1
2021122101076,2021,122101076,1,9,0,3,3,1,5,0,0,1,0,0,0,0,1,1,6,6,2,35,6,1398,2,10,CITROEN C3,2,E01027580,0,-1
2021501105399,2021,501105399,1,9,0,5,5,5,1,0,0,0,0,0,0,0,3,1,6,6,2,74,10,1587,1,17,CITROEN C3,5,E01020077,0,-1
2021991025518,2021,991025518,2,9,0,18,19,8,4,0,0,1,0,0,0,0,1,1,1,1,2,52,8,1200,1,4,CITROEN C3,3,-1,0,-1
2021501083802,2021,501083802,2,9,0,18,19,8,4,0,0,8,0,0,1,10,1,1,6,6,1,65,9,1560,2,7,CITROEN C3,6,E01020121,0,-1
2021201069928,2021,201069928,3,9,0,2,2,0,0,0,0,0,0,0,0,0,1,1,5,6,3,-1,-1,1360,1,18,CITROEN C3,-1,-1,0,-1
202154C074621,2021,54C074621,1,9,0,9,9,3,1,0,0,1,0,0,0,0,1,1,6,6,2,43,7,1200,1,1,CITROEN C3,6,E01032051,0,-1
2021201059588,2021,201059588,1,9,0,18,19,3,7,0,0,0,0,0,0,0,1,1,1,1,2,54,8,1124,1,11,CITROEN C3,1,E01009202,0,-1
2021141024627,2021,141024627,2,9,0,16,19,5,1,0,0,0,0,0,7,11,1,1,5,6,1,29,6,1560,2,7,CITROEN C3,7,E01007400,0,-1
2021161101628,2021,161101628,2,9,0,5,5,6,3,0,0,4,0,0,0,0,1,1,5,6,2,57,9,1199,1,3,CITROEN C3,3,E01012839,0,-1
2021221132084,2021,221132084,2,9,0,18,19,7,2,0,0,4,0,0,0,0,1,1,5,6,1,62,9,1560,2,7,CITROEN C3,2,E01009499,0,-1
2021552101185,2021,552101185,2,9,0,4,4,8,4,0,0,0,0,0,0,0,2,1,6,6,1,81,11,1200,1,2,CITROEN C3,6,E01020445,0,-1
2021131117290,2021,131117290,1,9,0,18,19,3,7,0,0,0,0,0,0,0,1,1,5,6,1,21,5,1124,1,14,CITROEN C3,9,E01022393,0,-1
2021010289604,2021,010289604,2,9,9,99,99,9,9,99,99,9,9,99,9,99,9,9,6,6,1,44,7,1587,1,18,CITROEN C3,-1,-1,0,-1
2021041032177,2021,041032177,1,9,0,18,19,5,1,0,0,4,0,0,0,0,1,1,5,6,1,54,8,1398,2,13,CITROEN C3,1,E01012574,0,-1
2021101031136,2021,101031136,2,9,0,3,3,5,5,0,0,0,0,0,0,0,2,1,6,6,2,44,7,1199,1,8,CITROEN C3,3,E01027396,0,-1
2021010317776,2021,010317776,3,9,0,99,99,9,9,99,99,0,9,99,9,99,9,9,6,6,3,-1,-1,1199,1,2,CITROEN C3,-1,-1,0,-1
2021141072470,2021,141072470,2,9,0,18,19,5,1,0,0,0,0,0,0,0,1,1,5,6,1,22,5,1200,1,4,CITROEN C3,5,E01033034,0,-1
2021361044124,2021,361044124,1,9,0,18,19,3,7,0,0,8,1,0,0,0,4,1,5,6,1,75,10,1360,1,11,CITROEN C3,4,E01026640,0,-1
2021522104413,2021,522104413,1,9,0,18,19,7,3,0,0,0,0,0,0,0,4,1,6,6,2,63,9,1398,2,18,CITROEN C3,10,E01022417,0,-1
2021991125021,2021,991125021,2,9,0,18,19,5,5,0,0,1,0,0,0,0,1,1,6,6,2,48,8,1199,1,2,CITROEN C3,7,-1,0,-1
2021501115283,2021,501115283,6,9,0,18,19,7,3,0,0,0,0,0,0,0,1,1,5,6,1,41,7,1199,1,2,CITROEN C3,9,E01029654,0,-1
2021451124600,2021,451124600,3,9,0,18,19,3,7,0,0,0,0,0,0,0,3,1,5,6,2,75,10,1397,1,10,CITROEN C3,9,E01030733,0,-1
2021320302306,2021,320302306,3,9,0,2,2,0,0,0,0,1,0,0,0,0,0,1,6,6,2,59,9,1360,1,15,CITROEN C3,9,E01026292,0,-1
2021161032102,2021,161032102,2,9,0,18,19,1,5,0,0,0,0,0,0,0,1,1,5,6,2,39,7,1360,1,15,CITROEN C3,2,E01012869,0,-1
2021552100892,2021,552100892,1,9,0,18,19,4,8,0,0,1,0,0,0,0,1,1,6,6,2,74,10,1598,1,8,CITROEN C3,7,E01020509,0,-1
2021010304641,2021,010304641,2,9,0,4,4,5,1,0,0,1,0,0,0,0,1,1,6,6,2,73,10,1360,1,17,CITROEN C3,7,E01002971,0,-1
2021501089949,2021,501089949,1,9,0,4,4,1,6,0,0,1,0,0,0,0,2,1,5,6,1,32,6,1199,1,1,CITROEN C3,4,E01032553,0,-1
2021440358879,2021,440358879,1,9,0,18,19,1,5,0,0,6,0,0,0,0,1,1,6,6,1,18,4,1199,1,8,CITROEN C3,8,E01022997,0,-1
2021430345072,2021,430345072,2,9,0,4,4,7,3,0,0,0,0,0,0,0,2,1,6,6,2,-1,-1,1587,1,15,CITROEN C3,-1,-1,0,-1
2021070316387,2021,070316387,2,9,0,9,9,3,1,0,0,1,0,0,0,0,3,1,6,6,2,64,9,1560,2,3,CITROEN C3,5,E01019149,0,-1
2021010327848,2021,010327848,1,9,0,18,19,5,1,0,0,1,1,0,0,0,1,1,6,6,2,39,7,1360,1,10,CITROEN C3,3,E01001045,0,-1
2021201056492,2021,201056492,1,9,0,18,19,8,4,0,0,1,0,0,0,0,1,1,6,6,2,34,6,1124,1,16,CITROEN C3,3,E01009216,0,-1
2021440421185,2021,440421185,2,9,0,18,19,8,4,0,0,0,0,0,0,0,2,1,6,6,1,79,11,1560,2,10,CITROEN C3,6,E01031860,0,-1
2021302100229,2021,302100229,2,9,0,3,3,8,4,0,0,0,0,0,0,0,2,1,6,6,2,49,8,1200,1,6,CITROEN C3,6,E01019876,0,-1
2021201085319,2021,201085319,2,9,0,18,19,5,1,0,0,8,0,0,0,0,3,1,6,6,2,25,5,1199,1,2,CITROEN C3,2,E01009405,0,-1
2021552100964,2021,552100964,1,9,0,13,13,6,2,0,0,0,0,0,0,0,4,1,6,6,3,-1,-1,1398,2,11,CITROEN C3,-1,-1,0,-1
2021471086321,2021,471086321,2,9,0,4,4,2,1,0,0,1,0,0,0,0,2,1,6,6,2,25,5,1200,1,4,CITROEN C3,7,E01021022,0,-1
2021052101030,2021,052101030,1,9,0,13,13,2,6,0,0,0,0,0,0,0,4,1,6,6,1,31,6,1398,2,17,CITROEN C3,6,E01006935,0,-1
2021131124266,2021,131124266,1,9,0,9,9,5,1,0,0,6,0,0,0,0,4,1,5,6,2,50,8,1560,2,10,CITROEN C3,1,E01010809,0,-1