collision_index,collision_year,collision_ref_no,vehicle_reference,vehicle_type,towing_and_articulation,vehicle_manoeuvre_historic,vehicle_manoeuvre,vehicle_direction_from,vehicle_direction_to,vehicle_location_restricted_lane_historic,vehicle_location_restricted_lane,junction_location,skidding_and_overturning,hit_object_in_carriageway,vehicle_leaving_carriageway,hit_object_off_carriageway,first_point_of_impact,vehicle_left_hand_drive,journey_purpose_of_driver_historic,journey_purpose_of_driver,sex_of_driver,age_of_driver,age_band_of_driver,engine_capacity_cc,propulsion_code,age_of_vehicle,generic_make_model,driver_imd_decile,lsoa_of_driver,escooter_flag,driver_distance_banding
2021161065219,2021,161065219,1,9,0,10,10,6,2,0,0,4,0,0,0,0,2,1,6,6,2,30,6,1360,1,10,CITROEN C3,3,E01013158,0,-1
2021411054073,2021,411054073,2,9,0,3,3,5,1,0,0,0,0,0,0,0,2,1,6,6,1,57,9,1398,2,11,CITROEN C3,3,E01002235,0,-1
2021201104552,2021,201104552,2,9,0,13,13,1,5,0,0,0,0,4,2,10,1,1,6,6,1,38,7,1200,1,2,CITROEN C3,1,E01010031,0,-1
2021461100173,2021,461100173,2,9,0,18,19,2,6,0,0,0,0,0,1,0,3,1,6,6,2,85,11,1598,1,10,CITROEN C3,8,E01024744,0,-1
2021501091043,2021,501091043,2,9,0,18,19,6,2,0,0,1,0,0,0,0,1,1,5,6,1,56,9,1560,2,11,CITROEN C3,1,E01015257,0,-1
2021522104702,2021,522104702,2,9,0,18,19,5,1,0,0,0,5,0,0,0,0,1,6,6,2,63,9,1360,1,9,CITROEN C3,4,E01014612,0,-1
2021430082843,2021,430082843,1,9,0,5,5,4,8,0,0,4,0,0,0,0,1,1,6,6,2,39,7,1560,2,11,CITROEN C3,8,E01017683,0,-1
2021031064337,2021,031064337,1,9,0,18,19,4,3,0,0,0,1,0,7,4,3,1,5,6,2,75,10,1560,2,13,CITROEN C3,8,E01019345,0,-1
2021440168710,2021,440168710,3,9,0,18,19,0,0,0,0,0,0,0,0,0,1,1,6,6,3,-1,-1,1199,1,3,CITROEN C3,-1,-1,0,-1
202131C094521,2021,31C094521,1,9,0,7,7,2,4,0,0,5,0,0,0,0,4,1,1,1,1,63,9,1560,2,4,CITROEN C3,2,E01028281,0,-1
2021501017671,2021,501017671,1,9,0,17,19,2,6,0,0,1,5,0,1,11,1,1,6,6,1,39,7,1360,1,19,CITROEN C3,4,E01018887,0,-1
2021010339248,2021,010339248,1,9,0,99,99,9,9,99,99,0,9,99,9,99,2,9,6,6,3,27,6,1398,2,9,CITROEN C3,6,E01002601,0,-1
2021070479184,2021,070479184,1,9,0,9,9,5,3,0,0,6,0,0,0,0,1,1,6,6,1,79,11,1560,2,10,CITROEN C3,4,E01029598,0,-1
2021991024046,2021,991024046,2,9,0,5,5,1,4,0,0,0,0,0,0,0,4,1,6,6,2,67,10,1397,1,12,CITROEN C3,10,-1,0,-1
2021501105397,2021,501105397,1,9,0,18,19,3,7,0,0,1,0,0,0,0,1,1,6,6,2,31,6,1199,1,1,CITROEN C3,3,E01015115,0,-1
2021461129180,2021,461129180,1,9,0,18,19,5,1,0,0,1,0,0,0,0,1,1,6,6,1,18,4,1124,1,11,CITROEN C3,7,E01024273,0,-1
2021320147958,2021,320147958,1,9,0,18,19,3,7,0,0,2,1,4,0,0,1,1,6,6,1,78,11,1560,2,11,CITROEN C3,3,E01026110,0,-1
2021131050573,2021,131050573,1,9,0,14,14,3,4,0,0,0,0,0,0,0,4,1,6,6,1,18,4,1199,1,8,CITROEN C3,9,E01010642,0,-1
2021201104103,2021,201104103,1,9,0,18,19,5,1,0,0,0,1,7,0,0,1,1,5,6,1,23,5,1360,1,16,CITROEN C3,9,E01032362,0,-1
2021061074493,2021,061074493,3,9,0,2,2,0,0,0,0,0,0,0,0,0,2,1,6,6,1,28,6,1199,1,1,CITROEN C3,1,E01004853,0,-1
2021430190483,2021,430190483,2,9,0,3,3,8,4,0,0,1,0,0,0,0,2,1,1,1,2,54,8,1200,1,6,CITROEN C3,5,E01016807,0,-1
2021161012931,2021,161012931,1,9,0,9,9,3,1,0,0,5,0,0,0,0,1,1,5,6,1,40,7,1398,2,11,CITROEN C3,1,E01013311,0,-1
2021131101654,2021,131101654,3,9,0,2,2,0,0,0,0,8,0,0,0,0,2,1,6,6,3,-1,-1,1199,1,3,CITROEN C3,-1,-1,0,-1
2021052100652,2021,052100652,1,9,0,18,19,3,7,0,0,1,1,0,0,0,4,1,6,6,1,18,4,1200,1,3,CITROEN C3,1,E01006967,0,-1
2021131050282,2021,131050282,1,9,0,-1,-1,-1,-1,-1,-1,0,-1,-1,-1,-1,-1,1,6,6,3,-1,-1,1199,1,2,CITROEN C3,-1,-1,0,-1
2021201110372,2021,201110372,2,9,0,18,19,4,8,0,0,1,0,0,0,0,1,1,6,6,1,25,5,1200,1,5,CITROEN C3,8,E01010134,0,-1
2021221085093,2021,221085093,2,9,0,10,10,1,7,0,0,8,0,0,0,0,2,1,5,6,1,57,9,1560,2,3,CITROEN C3,3,E01009732,0,-1
2021501096198,2021,501096198,1,9,0,4,4,3,1,0,0,8,0,0,0,0,0,1,6,6,2,58,9,1560,2,15,CITROEN C3,4,E01018965,0,-1
2021061083419,2021,061083419,1,9,0,9,9,1,3,0,0,6,0,0,0,0,3,1,2,2,2,58,9,1560,2,4,CITROEN C3,5,E01004767,0,-1
2021471032475,2021,471032475,3,9,0,18,19,6,2,0,0,1,0,0,0,0,1,1,5,6,1,29,6,1397,1,11,CITROEN C3,2,E01021179,0,-1
2021010327547,2021,010327547,2,9,0,5,5,5,1,0,0,0,0,0,0,0,1,1,6,6,1,67,10,1200,1,6,CITROEN C3,2,E01004398,0,-1
2021421121199,2021,421121199,1,9,0,16,19,7,3,0,0,0,0,0,0,0,1,1,6,6,1,36,7,1560,2,7,CITROEN C3,4,E01021835,0,-1
2021101026566,2021,101026566,1,9,0,18,19,1,5,0,0,0,0,4,0,0,1,1,1,1,1,39,7,1560,2,4,CITROEN C3,4,E01008455,0,-1
2021320297268,2021,320297268,2,9,0,17,19,1,5,0,0,1,0,0,1,0,1,1,6,6,2,49,8,1200,1,0,CITROEN C3,3,E01000054,0,-1
2021531056444,2021,531056444,1,9,0,7,7,5,6,0,0,8,0,0,0,0,1,1,2,2,1,61,9,1124,1,16,CITROEN C3,9,E01022436,0,-1
2021201080735,2021,201080735,1,9,0,18,19,8,4,0,0,8,0,0,0,0,1,1,6,6,1,-1,-1,1124,1,15,CITROEN C3,2,E01008944,0,-1
2021471072003,2021,471072003,3,9,0,2,2,0,0,0,0,2,0,0,0,0,2,1,6,6,3,-1,-1,1560,2,8,CITROEN C3,-1,-1,0,-1
2021052102568,2021,052102568,2,9,0,3,3,7,3,0,0,1,0,0,0,0,2,1,6,6,2,23,5,1199,1,2,CITROEN C3,6,E01006894,0,-1
2021161085021,2021,161085021,1,9,0,18,19,2,6,0,0,0,0,0,0,0,1,1,5,6,1,48,8,1560,2,10,CITROEN C3,2,E01032595,0,-1
2021461102531,2021,461102531,2,9,0,18,19,1,5,0,0,1,0,0,0,0,1,1,6,6,2,27,6,1360,1,10,CITROEN C3,1,E01024597,0,-1
2021320332149,2021,320332149,1,9,0,18,19,8,4,0,0,8,0,0,0,0,1,1,6,6,1,56,9,1200,1,4,CITROEN C3,6,E01026167,0,-1
2021991108534,2021,991108534,2,9,0,10,10,3,1,0,0,1,0,0,0,0,3,1,5,6,2,59,9,1360,1,11,CITROEN C3,6,-1,0,-1
2021451064908,2021,451064908,1,9,0,18,19,1,5,0,0,0,0,0,0,0,1,1,5,6,1,45,7,1398,2,18,CITROEN C3,8,E01030575,0,-1
2021122101294,2021,122101294,3,9,0,2,2,0,0,0,0,0,0,0,0,0,3,1,6,6,3,-1,-1,1560,2,11,CITROEN C3,-1,-1,0,-1
2021041015793,2021,041015793,3,9,0,2,2,0,0,9,9,2,0,0,0,0,4,1,6,6,3,-1,-1,1360,1,16,CITROEN C3,-1,-1,0,-1
2021010345264,2021,010345264,2,9,0,99,99,9,9,99,99,9,0,99,0,0,9,1,6,6,2,-1,-1,1200,1,3,CITROEN C3,1,E01009060,0,-1
2021411152125,2021,411152125,2,9,0,18,19,5,2,0,0,0,0,0,0,0,3,1,6,6,1,60,9,1199,1,2,CITROEN C3,7,E01023832,0,-1
2021211091757,2021,211091757,1,9,0,18,19,2,6,0,0,0,0,0,0,0,4,1,5,6,1,81,11,1397,1,11,CITROEN C3,3,E01029361,0,-1
2021201115382,2021,201115382,2,9,0,5,5,6,2,0,0,0,0,0,0,0,1,1,6,6,2,45,7,1560,2,8,CITROEN C3,5,E01009843,0,-1
2021201082676,2021,201082676,2,9,0,18,19,-1,-1,0,0,8,0,0,0,0,1,1,2,2,2,29,6,1360,1,10,CITROEN C3,1,E01009325,0,-1
2021052102777,2021,052102777,2,9,0,18,19,3,6,0,0,1,0,0,0,0,3,1,6,6,1,61,9,1398,2,10,CITROEN C3,3,E01006960,0,-1
2021211059178,2021,211059178,1,9,0,5,5,6,3,0,0,1,0,0,0,0,1,1,3,7,2,34,6,1587,1,19,CITROEN C3,-1,-1,0,-1
2021161120300,2021,161120300,1,8,0,7,7,1,3,4,4,6,0,0,0,0,4,1,1,1,1,82,11,1560,2,8,CITROEN C3,4,E01012760,0,-1
2021421015427,2021,421015427,2,9,0,13,13,6,1,0,0,0,1,7,5,6,3,1,1,1,1,54,8,1360,1,14,CITROEN C3,4,E01019202,0,-1
2021141082960,2021,141082960,2,9,0,11,11,4,8,0,0,0,0,0,0,0,3,1,6,6,2,23,5,1200,1,1,CITROEN C3,1,E01013140,0,-1
2021302101509,2021,302101509,2,9,0,3,3,4,6,0,0,4,0,0,0,0,3,1,6,6,1,47,8,1560,2,7,CITROEN C3,2,E01019579,0,-1
2021421083400,2021,421083400,2,9,0,16,19,1,5,0,0,3,0,0,0,0,4,1,5,6,2,54,8,1360,1,10,CITROEN C3,7,E01021650,0,-1
2021041016446,2021,041016446,2,9,0,18,19,3,7,0,0,0,0,0,0,0,1,1,5,6,2,54,8,1199,1,2,CITROEN C3,7,E01012722,0,-1
2021991107752,2021,991107752,1,9,0,18,19,5,1,0,0,0,0,0,1,0,1,1,5,6,1,82,11,1560,2,8,CITROEN C3,4,-1,0,-1
2021461057860,2021,461057860,1,9,0,5,5,5,1,0,0,1,0,0,0,0,3,1,6,6,1,59,9,1199,1,2,CITROEN C3,6,E01024130,0,-1
2021320359566,2021,320359566,3,9,0,18,19,3,7,0,0,0,0,0,0,0,2,1,1,1,1,35,6,1398,2,9,CITROEN C3,1,E01026699,0,-1
2021161062876,2021,161062876,2,9,0,3,3,3,1,0,0,4,0,0,0,0,2,1,5,6,1,63,9,1200,1,4,CITROEN C3,7,E01013173,0,-1
2021549760021,2021,549760021,3,9,0,4,4,3,7,0,0,5,0,0,0,0,2,1,6,6,1,40,7,1199,1,2,CITROEN C3,9,E01031913,0,-1
2021041048566,2021,041048566,2,9,0,18,19,7,3,0,0,0,0,10,7,0,1,1,6,6,2,76,11,1200,1,3,CITROEN C3,10,E01025341,0,-1
2021101121613,2021,101121613,1,9,0,9,9,7,5,0,0,2,0,0,0,0,1,1,6,6,1,79,11,1560,2,5,CITROEN C3,8,E01027372,0,-1
2021471057560,2021,471057560,3,9,0,18,19,1,5,0,0,0,0,0,0,0,3,1,5,6,1,44,7,1397,1,8,CITROEN C3,4,E01031835,0,-1
2021451116318,2021,451116318,1,9,0,18,19,1,5,0,0,0,0,0,0,0,1,1,6,6,2,54,8,1360,1,12,CITROEN C3,4,E01030710,0,-1
2021471088110,2021,471088110,1,9,0,18,19,5,1,0,0,1,0,0,0,0,1,1,5,6,1,40,7,1199,1,2,CITROEN C3,4,E01031598,0,-1
2021991081737,2021,991081737,1,9,0,18,19,5,8,0,0,8,0,0,0,0,4,1,5,6,1,51,8,1560,2,6,CITROEN C3,7,-1,0,-1
2021201032859,2021,201032859,2,9,0,18,19,6,2,0,0,1,0,0,0,0,1,1,6,6,1,65,9,1560,2,11,CITROEN C3,4,E01010426,0,-1
2021041088467,2021,041088467,1,9,0,11,11,1,7,0,0,1,0,0,0,0,4,1,6,6,1,74,10,1560,2,12,CITROEN C3,5,E01019152,0,-1
2021010309693,2021,010309693,1,9,3,9,9,8,6,0,0,5,0,0,0,0,1,1,6,6,1,32,6,1200,1,4,CITROEN C3,7,E01030707,0,-1
2021991068720,2021,991068720,1,9,0,9,9,5,3,0,0,6,0,0,0,0,3,1,2,2,1,47,8,1200,1,4,CITROEN C3,10,-1,0,-1
2021211106716,2021,211106716,2,9,-1,-1,-1,-1,-1,-1,-1,0,-1,-1,-1,0,-1,1,1,1,2,35,6,1560,2,10,CITROEN C3,2,E01033216,0,-1
2021622100128,2021,622100128,4,9,0,18,19,4,8,0,0,0,0,0,0,0,2,1,6,6,1,78,11,1560,2,9,CITROEN C3,2,W01001212,0,-1
2021501058248,2021,501058248,1,9,0,16,19,7,3,0,0,0,0,0,1,9,1,1,6,6,1,39,7,1587,1,18,CITROEN C3,3,E01020225,0,-1
2021501046876,2021,501046876,1,9,0,18,19,1,5,0,0,0,0,0,0,0,1,1,2,2,1,19,4,1360,1,14,CITROEN C3,1,E01019020,0,-1
2021320623894,2021,320623894,1,9,0,18,19,4,8,0,0,0,5,12,1,4,1,1,1,1,2,37,7,1360,1,13,CITROEN C3,-1,-1,0,-1
2021520106016,2021,520106016,2,9,0,18,19,3,7,0,0,3,0,0,0,0,1,1,6,6,2,50,8,1598,1,9,CITROEN C3,8,E01029319,0,-1
2021320700397,2021,320700397,1,9,0,17,19,8,4,0,0,0,2,0,7,10,0,1,6,6,2,37,7,1360,1,12,CITROEN C3,-1,-1,0,-1
2021052100845,2021,052100845,1,9,0,18,19,8,4,0,0,1,0,0,0,0,1,1,2,2,1,21,5,1124,1,13,CITROEN C3,3,E01006722,0,-1
2021221034971,2021,221034971,2,9,0,4,4,8,4,9,9,0,0,10,7,0,0,1,6,6,1,34,6,1199,1,1,CITROEN C3,5,E01028909,0,-1
2021010301095,2021,010301095,1,9,0,99,99,9,9,99,99,8,9,99,9,99,9,9,6,6,1,63,9,1360,1,12,CITROEN C3,4,E01003658,0,-1
2021010337787,2021,010337787,4,9,0,2,2,0,0,0,0,0,0,0,0,0,1,1,6,6,3,-1,-1,1360,1,12,CITROEN C3,-1,-1,0,-1
202163A077621,2021,63A077621,3,9,0,10,10,4,2,0,0,8,0,0,0,0,2,1,1,1,1,65,9,1398,2,10,CITROEN C3,2,W01000659,0,-1
2021010327913,2021,010327913,2,9,0,10,10,2,8,0,0,1,0,0,0,0,1,1,6,6,2,26,6,1200,1,4,CITROEN C3,2,E01003390,0,-1
2021201021502,2021,201021502,1,9,0,18,19,5,1,0,0,8,0,0,0,0,1,1,6,6,2,71,10,1200,1,6,CITROEN C3,2,E01009684,0,-1
2021421027330,2021,421027330,2,9,0,2,2,0,0,0,0,1,0,0,0,0,1,1,6,6,3,-1,-1,1398,2,18,CITROEN C3,-1,-1,0,-1
2021131055792,2021,131055792,1,9,0,18,19,1,5,0,0,8,5,0,0,0,1,1,6,6,1,66,10,1200,1,0,CITROEN C3,1,E01011910,0,-1
2021101032769,2021,101032769,2,9,0,18,19,4,8,0,0,0,0,0,0,0,1,1,5,6,2,48,8,1199,1,3,CITROEN C3,8,E01008249,0,-1
2021421099479,2021,421099479,1,9,0,18,19,7,3,0,0,4,0,0,0,0,1,1,5,6,1,20,4,1398,2,11,CITROEN C3,4,E01021293,0,-1
2021522105749,2021,522105749,1,9,0,18,19,1,5,0,0,0,0,0,0,0,1,1,6,6,1,77,11,1397,1,9,CITROEN C3,10,E01014913,0,-1
2021401098510,2021,401098510,2,9,0,18,19,5,2,0,0,8,0,0,0,0,4,1,6,6,1,50,8,1587,1,13,CITROEN C3,4,E01017542,0,-1
2021520103738,2021,520103738,1,9,0,18,19,8,4,0,0,0,0,0,7,10,1,1,6,6,1,25,5,1360,1,16,CITROEN C3,9,E01029182,0,-1
2021411127139,2021,411127139,1,9,0,18,19,7,3,0,0,0,0,0,0,0,1,1,6,6,1,35,6,1200,1,3,CITROEN C3,10,E01031214,0,-1
2021501085599,2021,501085599,2,9,0,17,19,5,1,0,0,0,0,0,0,0,3,1,5,6,2,57,9,1598,1,9,CITROEN C3,2,E01033292,0,-1
2021041104693,2021,041104693,2,9,0,18,19,1,5,0,0,8,0,0,1,4,3,1,5,6,1,68,10,1397,1,7,CITROEN C3,9,E01025558,0,-1
2021440310940,2021,440310940,1,9,0,18,19,3,7,0,0,1,0,0,0,0,1,1,6,6,2,77,11,1598,1,11,CITROEN C3,3,E01017315,0,-1
2021501031564,2021,501031564,2,9,0,17,19,8,4,0,0,0,1,0,0,0,2,1,3,7,1,57,9,1560,2,11,CITROEN C3,5,E01020072,0,-1
2021161016373,2021,161016373,2,9,0,9,9,5,3,0,0,8,0,0,0,0,3,1,6,6,1,36,7,1560,2,12,CITROEN C3,1,E01012851,0,-1
2021421041659,2021,421041659,1,9,0,18,19,8,4,0,0,0,0,0,0,0,1,1,6,6,1,69,10,1598,1,7,CITROEN C3,9,E01021682,0,-1
2021440454324,2021,440454324,1,9,0,18,19,3,7,0,0,0,0,0,0,0,1,1,6,6,2,45,7,1560,2,15,CITROEN C3,2,E01017326,0,-1
2021221020953,2021,221020953,2,9,0,9,9,4,1,0,0,8,0,0,0,0,4,1,5,6,1,26,6,1360,1,13,CITROEN C3,4,E01028944,0,-1
2021451119714,2021,451119714,1,9,0,18,19,5,1,0,0,1,0,0,0,0,2,1,3,7,2,37,7,1360,1,14,CITROEN C3,10,E01030558,0,-1
2021041015230,2021,041015230,2,9,0,9,9,7,3,0,0,8,0,7,0,0,4,1,5,6,2,52,8,1360,1,13,CITROEN C3,1,E01025575,0,-1
2021161126197,2021,161126197,1,9,0,18,19,5,1,0,0,0,0,0,0,0,1,1,5,6,2,75,10,1360,1,16,CITROEN C3,5,E01013236,0,-1
202106L079939,2021,06L079939,2,9,0,9,9,7,5,0,0,8,0,0,0,0,3,1,6,6,2,18,4,1124,1,16,CITROEN C3,3,E01006380,0,-1
2021201107083,2021,201107083,1,9,0,18,19,1,5,0,0,0,0,0,1,4,1,1,6,6,1,23,5,1360,1,14,CITROEN C3,1,E01010098,0,-1
2021421027148,2021,421027148,1,9,0,4,4,7,3,0,0,0,0,4,0,0,1,1,5,6,2,31,6,1124,1,10,CITROEN C3,5,E01021921,0,-1
2021520104345,2021,520104345,3,9,0,2,2,0,0,0,0,0,0,0,0,0,2,1,6,6,2,77,11,1560,2,9,CITROEN C3,6,E01029218,0,-1
2021201142044,2021,201142044,1,9,0,18,19,6,2,0,0,2,0,10,1,11,1,1,6,6,2,30,6,1360,1,10,CITROEN C3,2,E01009121,0,-1
2021421051542,2021,421051542,2,9,0,2,2,7,2,4,4,0,0,0,0,0,2,1,5,6,2,18,4,1360,1,12,CITROEN C3,6,E01022000,0,-1
2021061113083,2021,061113083,1,9,0,1,1,1,7,8,6,6,0,0,0,0,3,1,5,6,2,46,8,1199,1,2,CITROEN C3,2,E01005890,0,-1
2021430388035,2021,430388035,2,9,0,18,19,4,8,0,0,8,0,0,5,6,4,1,6,6,1,51,8,1560,2,7,CITROEN C3,8,E01011826,0,-1
2021320674086,2021,320674086,1,9,0,18,19,3,7,0,0,0,0,0,0,0,1,1,6,6,2,-1,-1,1398,2,9,CITROEN C3,6,E01026159,0,-1
2021991082606,2021,991082606,1,9,0,18,19,6,2,0,0,0,0,0,0,0,4,1,2,2,2,62,9,1200,1,4,CITROEN C3,6,-1,0,-1
2021552200260,2021,552200260,1,9,0,18,19,2,6,0,0,0,0,0,7,10,1,1,6,6,1,30,6,1200,1,4,CITROEN C3,6,E01003261,0,-1
2021430126607,2021,430126607,2,9,0,12,12,7,3,0,0,3,0,0,0,0,3,1,6,6,2,-1,-1,1124,1,19,CITROEN C3,-1,-1,0,-1
2021421053087,2021,421053087,2,9,0,4,4,1,5,0,0,1,0,0,0,0,1,1,2,2,2,28,6,1360,1,13,CITROEN C3,7,E01030007,0,-1
2021991028865,2021,991028865,1,9,0,9,9,6,3,0,0,1,0,0,0,0,4,1,6,6,2,20,4,1199,1,2,CITROEN C3,-1,-1,0,-1
2021010297317,2021,010297317,2,9,0,8,8,7,1,0,0,1,0,0,0,0,4,1,2,2,1,51,8,1199,1,3,CITROEN C3,6,E01002676,0,-1
2021320307483,2021,320307483,1,9,0,18,19,2,6,0,0,2,0,0,0,0,1,1,6,6,1,59,9,1560,2,8,CITROEN C3,7,E01026333,0,-1
2021010292251,2021,010292251,1,9,0,9,9,3,8,0,0,1,0,0,0,0,1,1,2,2,2,55,8,1200,1,4,CITROEN C3,5,E01023537,0,-1
2021622100373,2021,622100373,2,9,0,4,4,8,4,0,0,1,0,0,0,0,2,1,1,1,1,66,10,1560,2,7,CITROEN C3,7,W01001118,0,-1
2021622100913,2021,622100913,2,9,0,18,19,8,4,0,0,0,0,0,0,0,2,1,1,1,2,60,9,1124,1,10,CITROEN C3,7,W01001316,0,-1
2021991027895,2021,991027895,1,9,0,18,19,1,5,0,0,0,0,0,0,0,4,1,2,2,2,62,9,1598,1,8,CITROEN C3,-1,-1,0,-1
2021201067919,2021,201067919,2,9,0,9,9,2,8,0,0,5,0,0,0,0,3,1,2,2,2,62,9,1200,1,3,CITROEN C3,3,E01010042,0,-1
2021552200275,2021,552200275,2,9,0,18,19,1,5,0,0,1,0,0,0,0,1,1,1,1,1,44,7,1199,1,1,CITROEN C3,9,E01015463,0,-1
2021501091271,2021,501091271,2,9,0,3,3,0,0,0,0,1,0,0,0,0,0,1,6,6,2,71,10,1560,2,8,CITROEN C3,3,E01019062,0,-1
2021221097416,2021,221097416,1,9,0,4,4,7,3,0,0,0,0,0,0,0,2,1,5,6,1,88,11,1398,2,18,CITROEN C3,9,E01027254,0,-1
2021451026021,2021,451026021,2,9,0,18,19,7,3,0,0,0,0,0,0,0,1,1,5,6,1,31,6,1360,1,14,CITROEN C3,5,E01000360,0,-1
2021122101435,2021,122101435,3,9,0,18,19,3,7,0,0,1,0,0,0,0,1,1,1,1,2,36,7,1200,1,4,CITROEN C3,-1,-1,0,-1
2021061099589,2021,061099589,3,9,0,18,19,5,1,0,0,0,0,0,0,0,2,2,5,6,2,61,9,1200,1,1,CITROEN C3,1,E01005313,0,-1
2021141086377,2021,141086377,1,9,0,18,19,5,1,0,0,0,0,0,0,0,3,1,5,6,2,49,8,1360,1,17,CITROEN C3,1,E01027235,0,-1
2021461031998,2021,461031998,1,9,0,18,19,7,3,0,0,0,0,0,0,0,1,1,1,1,1,35,6,1397,1,12,CITROEN C3,6,E01024225,0,-1
2021430039387,2021,430039387,2,9,0,8,8,5,7,0,0,4,0,0,0,0,2,1,6,6,2,42,7,1587,1,14,CITROEN C3,9,E01017716,0,-1
2021201083251,2021,201083251,1,9,0,7,7,2,4,0,0,4,0,0,0,0,3,1,6,6,1,30,6,1360,1,18,CITROEN C3,2,E01010038,0,-1
2021131091508,2021,131091508,2,9,0,18,19,3,7,0,0,0,0,0,0,0,4,1,5,6,1,22,5,1200,1,4,CITROEN C3,4,E01033018,0,-1
2021991077144,2021,991077144,2,9,0,9,9,2,6,0,0,8,0,0,0,0,1,2,5,6,2,67,10,1360,1,9,CITROEN C3,-1,-1,0,-1
2021131113192,2021,131113192,1,9,0,16,19,3,7,0,0,0,0,4,0,0,1,1,6,6,1,82,11,1398,2,14,CITROEN C3,3,E01011834,0,-1
2021411074219,2021,411074219,2,9,0,18,19,1,5,0,0,8,0,10,7,10,4,1,2,2,1,61,9,1199,1,7,CITROEN C3,10,E01023377,0,-1
2021101038326,2021,101038326,2,9,0,4,4,3,5,0,0,1,0,0,0,0,4,1,3,7,2,38,7,1560,2,8,CITROEN C3,1,E01008212,0,-1
2021041090398,2021,041090398,1,9,0,9,9,1,7,0,0,8,0,0,0,0,4,1,5,6,1,76,11,1500,2,2,CITROEN C3,8,E01024935,0,-1
2021361142294,2021,361142294,2,9,0,18,19,5,1,0,0,2,0,0,0,0,3,1,6,6,1,29,6,1199,1,1,CITROEN C3,2,E01026822,0,-1
2021320331532,2021,320331532,1,9,0,13,13,2,6,0,0,0,5,0,7,0,4,1,2,2,1,22,5,1199,1,8,CITROEN C3,5,E01026100,0,-1
2021311120519,2021,311120519,4,9,0,4,4,5,1,0,0,0,0,0,0,0,1,1,6,6,1,72,10,1560,2,8,CITROEN C3,-1,-1,0,-1
2021201099599,2021,201099599,1,9,0,18,19,4,8,0,0,8,0,0,0,0,4,1,6,6,1,25,5,1200,1,4,CITROEN C3,1,E01010294,0,-1
2021421088460,2021,421088460,1,9,0,16,19,7,3,0,0,0,0,0,0,0,3,1,6,6,2,43,7,1560,2,10,CITROEN C3,4,E01021915,0,-1
2021010324290,2021,010324290,2,9,0,99,99,9,9,99,99,9,9,99,9,99,1,9,6,6,3,-1,-1,1360,1,17,CITROEN C3,-1,-1,0,-1
2021421048774,2021,421048774,2,9,0,3,3,3,6,0,0,0,0,0,0,0,2,1,5,6,2,54,8,1360,1,9,CITROEN C3,8,E01016001,0,-1
2021471103246,2021,471103246,2,9,0,4,4,8,4,0,0,0,0,0,0,0,2,1,5,6,2,27,6,1199,1,3,CITROEN C3,5,E01017055,0,-1
2021010341761,2021,010341761,1,9,0,99,99,9,9,99,99,9,9,99,9,99,2,9,6,6,2,21,5,1199,1,1,CITROEN C3,2,E01003991,0,-1
2021010321093,2021,010321093,1,9,0,18,19,1,5,0,0,9,0,0,0,0,2,9,6,6,2,40,7,1124,1,11,CITROEN C3,2,E01032805,0,-1
2021991024505,2021,991024505,1,9,0,18,19,2,6,0,0,0,0,0,0,0,1,1,5,6,1,50,8,1200,1,4,CITROEN C3,-1,-1,0,-1
2021501121128,2021,501121128,2,9,0,3,3,2,5,0,0,1,0,0,0,0,3,1,6,6,2,76,11,1200,1,3,CITROEN C3,5,E01033291,0,-1
2021461022487,2021,461022487,1,9,0,14,14,1,3,0,0,0,0,0,0,0,1,1,5,6,2,23,5,1560,2,15,CITROEN C3,5,E01024304,0,-1
2021111060569,2021,111060569,1,9,0,9,9,5,3,0,0,2,0,0,0,0,1,1,6,6,1,50,8,1200,1,2,CITROEN C3,9,E01020611,0,-1
2021430157364,2021,430157364,1,9,0,9,9,1,7,0,0,8,0,0,0,0,3,1,6,6,2,50,8,1360,1,12,CITROEN C3,5,E01028697,0,-1
2021031092026,2021,031092026,2,9,0,18,19,1,5,0,0,0,0,0,0,0,2,1,5,6,2,47,8,1199,1,1,CITROEN C3,8,-1,0,-1
2021161057305,2021,161057305,1,9,0,16,19,3,7,0,0,0,1,0,2,4,3,1,6,6,2,36,7,1360,1,16,CITROEN C3,1,E01012782,0,-1
2021430489735,2021,430489735,2,9,0,11,11,8,4,0,0,0,0,0,5,6,4,1,6,6,2,25,5,1124,1,15,CITROEN C3,9,E01017417,0,-1
2021552101003,2021,552101003,1,9,0,18,19,3,7,0,0,6,0,0,1,0,1,1,2,2,1,38,7,1398,2,14,CITROEN C3,-1,-1,0,-1
2021302101604,2021,302101604,1,9,0,18,19,6,2,0,0,0,5,0,1,9,4,1,2,2,1,36,7,1560,2,9,CITROEN C3,5,E01019861,0,-1