collision_index,collision_year,collision_ref_no,vehicle_reference,vehicle_type,towing_and_articulation,vehicle_manoeuvre_historic,vehicle_manoeuvre,vehicle_direction_from,vehicle_direction_to,vehicle_location_restricted_lane_historic,vehicle_location_restricted_lane,junction_location,skidding_and_overturning,hit_object_in_carriageway,vehicle_leaving_carriageway,hit_object_off_carriageway,first_point_of_impact,vehicle_left_hand_drive,journey_purpose_of_driver_historic,journey_purpose_of_driver,sex_of_driver,age_of_driver,age_band_of_driver,engine_capacity_cc,propulsion_code,age_of_vehicle,generic_make_model,driver_imd_decile,lsoa_of_driver,escooter_flag,driver_distance_banding
2021440398221,2021,440398221,1,9,0,18,19,5,1,0,0,6,0,0,2,11,3,1,6,6,2,78,11,1360,1,9,CITROEN C3,7,E01022823,0,-1
2021311098174,2021,311098174,2,9,0,18,19,3,3,0,0,0,0,7,0,0,3,1,2,2,1,28,6,1199,1,7,CITROEN C3,6,E01026387,0,-1
2021221046984,2021,221046984,1,9,0,16,19,8,3,0,0,0,2,6,1,9,1,1,5,6,1,23,5,1360,1,9,CITROEN C3,3,E01032378,0,-1
2021501130539,2021,501130539,1,9,0,9,9,1,6,0,0,6,0,0,0,0,3,1,6,6,1,66,10,1560,2,6,CITROEN C3,1,E01015087,0,-1
2021361117404,2021,361117404,1,9,0,14,14,2,6,0,0,0,2,0,7,0,1,1,6,6,1,84,11,1200,1,2,CITROEN C3,9,E01026906,0,-1
2021101041036,2021,101041036,1,9,0,18,19,3,7,0,0,0,0,0,0,0,1,1,5,6,2,63,9,1200,1,3,CITROEN C3,3,E01008742,0,-1
2021211058993,2021,211058993,1,9,0,14,14,8,5,0,0,0,0,0,0,0,3,1,6,6,1,34,6,1200,1,1,CITROEN C3,9,E01029455,0,-1
2021221034026,2021,221034026,1,9,0,5,5,1,5,0,0,0,0,0,0,0,1,1,5,6,1,28,6,1200,1,2,CITROEN C3,4,E01014085,0,-1
2021052101863,2021,052101863,2,9,0,9,9,6,4,0,0,5,0,0,0,0,1,1,6,6,2,80,11,1560,2,10,CITROEN C3,5,E01007314,0,-1
2021471014924,2021,471014924,1,9,0,18,19,1,5,0,0,0,1,0,0,0,3,1,5,6,2,52,8,1360,1,18,CITROEN C3,6,E01021133,0,-1
2021131070116,2021,131070116,1,9,0,9,9,7,1,0,0,8,0,0,0,0,3,1,5,6,1,85,11,1598,1,8,CITROEN C3,4,E01010989,0,-1
2021141097002,2021,141097002,1,9,0,7,7,7,1,0,0,6,0,0,0,0,3,1,6,6,1,89,11,1360,1,16,CITROEN C3,3,E01007487,0,-1
2021052102795,2021,052102795,1,9,0,18,19,1,5,0,0,8,5,4,0,0,1,1,2,2,1,21,5,1199,1,2,CITROEN C3,7,E01007062,0,-1
2021440496645,2021,440496645,1,9,0,4,4,3,7,0,0,8,0,0,0,0,2,1,6,6,1,30,6,1360,1,17,CITROEN C3,4,E01017104,0,-1
2021201102593,2021,201102593,1,9,0,18,19,8,2,0,0,8,0,0,0,0,1,1,1,1,1,64,9,1200,1,1,CITROEN C3,7,E01025937,0,-1
202131B178921,2021,31B178921,2,9,0,18,19,4,2,0,0,8,0,0,0,0,3,1,6,6,1,53,8,1199,1,2,CITROEN C3,7,E01028290,0,-1
2021522200174,2021,522200174,1,9,0,18,19,4,2,0,0,0,0,0,0,0,1,1,6,6,1,33,6,1124,1,11,CITROEN C3,1,W01001762,0,-1
2021320304810,2021,320304810,1,9,0,9,9,7,6,0,0,2,0,0,0,0,3,1,6,6,2,42,7,1560,2,8,CITROEN C3,6,E01026040,0,-1
2021201017988,2021,201017988,1,9,0,9,9,5,4,0,0,6,0,0,0,0,0,1,1,1,3,68,10,1398,2,17,CITROEN C3,1,E01010098,0,-1
2021549104621,2021,549104621,2,9,0,18,19,3,7,0,0,0,0,0,0,0,4,1,6,6,1,55,8,1360,1,16,CITROEN C3,2,E01015573,0,-1
2021471094207,2021,471094207,11,9,0,4,4,2,6,0,0,0,0,0,0,0,2,1,2,2,1,70,10,1398,2,12,CITROEN C3,10,E01031823,0,-1
2021520201394,2021,520201394,1,9,0,18,19,5,1,0,0,0,0,0,1,10,4,1,6,6,1,76,11,1360,1,18,CITROEN C3,8,E01029201,0,-1
2021440405859,2021,440405859,2,9,0,18,19,2,6,0,0,1,0,0,0,0,1,1,6,6,1,59,9,1360,1,17,CITROEN C3,8,E01022631,0,-1
2021101060162,2021,101060162,2,9,0,2,2,0,0,0,0,0,0,0,0,0,2,1,6,6,3,-1,-1,1398,2,9,CITROEN C3,-1,-1,0,-1
2021010314227,2021,010314227,2,9,0,18,19,3,7,0,0,1,0,0,7,0,1,1,3,7,2,74,10,1200,1,5,CITROEN C3,2,E01003197,0,-1
2021320343859,2021,320343859,4,9,0,2,2,0,0,0,0,0,0,0,0,0,1,1,6,6,2,45,7,1360,1,18,CITROEN C3,7,E01026267,0,-1
2021041038990,2021,041038990,1,9,0,16,19,3,7,0,0,2,0,0,0,0,3,1,5,6,2,28,6,1360,1,14,CITROEN C3,8,E01025375,0,-1
2021461087776,2021,461087776,1,9,0,18,19,3,7,0,0,1,0,0,0,0,1,1,6,6,1,77,11,1200,1,6,CITROEN C3,8,E01024564,0,-1
2021010298075,2021,010298075,1,9,0,99,99,9,9,99,99,9,9,99,9,99,9,9,6,6,2,49,8,1587,1,15,CITROEN C3,5,E01002619,0,-1
2021010342154,2021,010342154,2,9,0,99,99,9,9,99,99,0,9,99,9,99,9,9,6,6,3,-1,-1,1360,1,10,CITROEN C3,-1,-1,0,-1
2021101040050,2021,101040050,2,9,0,18,19,1,5,0,0,0,0,0,0,0,1,1,2,2,2,31,6,1200,1,3,CITROEN C3,2,E01008254,0,-1
2021010338945,2021,010338945,2,9,9,99,99,9,9,99,99,9,9,99,9,99,1,9,6,6,3,57,9,1560,2,12,CITROEN C3,3,E01000367,0,-1
2021531092875,2021,531092875,1,9,0,13,13,-1,-1,0,0,0,0,0,0,0,4,1,6,6,1,69,10,1199,1,1,CITROEN C3,3,W01001592,0,-1
2021010349598,2021,010349598,2,9,0,18,19,5,1,0,0,0,0,0,0,0,3,1,6,6,2,31,6,1199,1,8,CITROEN C3,-1,-1,0,-1
2021440001755,2021,440001755,1,9,0,18,19,7,3,0,0,0,0,0,0,0,3,1,6,6,2,44,7,1360,1,18,CITROEN C3,8,E01022713,0,-1
2021461097312,2021,461097312,1,9,0,5,5,1,5,0,0,0,0,0,1,0,1,1,6,6,2,37,7,1560,2,12,CITROEN C3,5,E01024191,0,-1
2021550080934,2021,550080934,2,9,0,18,19,8,4,0,0,1,0,0,0,0,2,1,6,6,1,-1,-1,1200,1,2,CITROEN C3,9,E01020419,0,-1
202163C037921,2021,63C037921,1,9,0,4,4,8,4,0,0,0,0,0,0,0,2,1,6,6,1,33,6,1199,1,8,CITROEN C3,2,W01000600,0,-1
2021052101327,2021,052101327,1,9,0,9,9,1,7,0,0,5,0,0,0,0,3,1,6,6,1,62,9,1398,2,18,CITROEN C3,1,E01018563,0,-1
2021440296538,2021,440296538,2,9,0,18,19,3,7,0,0,1,0,0,0,0,2,1,6,6,1,67,10,1560,2,12,CITROEN C3,10,E01022791,0,-1
2021101126057,2021,101126057,2,9,0,3,3,7,3,0,0,1,0,0,0,0,2,1,5,6,1,53,8,1200,1,3,CITROEN C3,5,E01008646,0,-1
2021122100845,2021,122100845,1,9,0,17,19,7,5,0,0,0,0,0,0,0,1,1,6,6,2,34,6,1200,1,2,CITROEN C3,8,E01012360,0,-1
2021411104694,2021,411104694,1,9,0,18,19,2,6,0,0,0,0,0,0,0,1,1,6,6,2,43,7,1360,1,16,CITROEN C3,5,E01002449,0,-1
2021161087731,2021,161087731,1,9,0,17,19,3,7,0,0,8,0,0,0,0,1,1,5,6,2,32,6,1598,1,11,CITROEN C3,1,E01013222,0,-1
202163C036821,2021,63C036821,1,9,0,1,1,5,3,0,0,5,0,0,0,0,2,1,6,6,1,43,7,1200,1,3,CITROEN C3,4,W01000586,0,-1
2021401068973,2021,401068973,2,9,0,3,3,5,1,0,0,1,0,0,0,0,2,1,6,6,1,35,6,1560,2,12,CITROEN C3,7,E01017593,0,-1
2021461074280,2021,461074280,1,9,0,4,4,4,8,7,6,5,1,0,7,0,3,1,6,6,1,74,10,1360,1,16,CITROEN C3,7,E01024636,0,-1
2021451067358,2021,451067358,1,9,0,18,19,5,1,0,0,2,0,0,0,0,1,1,6,6,1,88,11,1360,1,10,CITROEN C3,9,E01016540,0,-1
2021430516020,2021,430516020,3,9,0,18,19,6,2,0,0,0,0,0,0,0,1,1,6,6,2,25,5,1199,1,0,CITROEN C3,7,E01017645,0,-1
2021010308197,2021,010308197,1,9,0,4,4,4,8,0,0,0,0,0,0,0,1,1,6,6,1,28,6,1587,1,17,CITROEN C3,2,E01001528,0,-1
2021421109477,2021,421109477,2,9,0,18,19,7,3,0,0,0,0,0,4,0,4,1,5,6,2,64,9,1200,1,0,CITROEN C3,2,E01000077,0,-1
2021010308951,2021,010308951,1,9,0,9,9,2,8,0,0,1,0,0,0,0,1,1,6,6,1,48,8,1360,1,17,CITROEN C3,3,E01000089,0,-1
2021201144402,2021,201144402,1,9,0,18,19,2,6,0,0,8,0,10,4,0,4,1,6,6,1,34,6,1360,1,12,CITROEN C3,6,E01009278,0,-1
2021141102168,2021,141102168,1,9,0,7,7,1,3,0,0,6,0,0,0,0,1,1,5,6,2,76,11,1199,1,2,CITROEN C3,4,E01007513,0,-1
2021991105258,2021,991105258,2,9,0,17,19,3,7,0,0,0,0,0,0,0,1,1,1,1,1,26,6,1560,2,12,CITROEN C3,4,-1,0,-1
2021231082462,2021,231082462,3,9,0,2,2,0,0,0,0,0,0,0,0,0,3,1,6,6,3,-1,-1,1360,1,9,CITROEN C3,-1,-1,0,-1
2021010345413,2021,010345413,2,9,0,99,99,9,9,99,99,0,9,99,9,99,1,9,6,6,3,-1,-1,1587,1,14,CITROEN C3,4,E01032613,0,-1
2021010302389,2021,010302389,2,9,0,9,9,2,8,0,0,6,0,0,0,0,1,1,3,7,2,36,7,1199,1,0,CITROEN C3,4,E01000378,0,-1
2021122100090,2021,122100090,1,9,0,7,7,1,7,0,0,6,0,0,0,0,3,1,1,1,1,35,6,1598,1,11,CITROEN C3,5,E01011300,0,-1
2021302100915,2021,302100915,1,9,0,18,19,2,6,0,0,2,0,0,0,0,0,1,6,6,2,52,8,1560,2,15,CITROEN C3,5,E01019402,0,-1
2021010327755,2021,010327755,2,9,0,99,99,9,9,99,99,9,9,99,9,99,9,9,6,6,2,36,7,1360,1,17,CITROEN C3,5,E01001322,0,-1
2021101027225,2021,101027225,2,9,0,3,3,1,5,0,0,1,0,0,0,0,2,1,2,2,1,59,9,1360,1,10,CITROEN C3,1,E01008736,0,-1
2021991055731,2021,991055731,1,9,0,9,9,8,6,0,0,1,0,0,0,0,1,1,5,6,2,70,10,1398,2,16,CITROEN C3,6,-1,0,-1
2021991053187,2021,991053187,2,9,0,18,19,4,8,0,0,0,0,0,0,0,2,1,5,6,1,85,11,1200,1,2,CITROEN C3,2,-1,0,-1
2021501085549,2021,501085549,1,9,0,18,19,6,2,0,0,1,0,0,0,0,1,1,6,6,1,77,11,1360,1,16,CITROEN C3,8,E01018805,0,-1
2021122100817,2021,122100817,2,9,0,18,19,5,1,0,0,0,0,0,0,0,1,1,6,6,2,63,9,1360,1,15,CITROEN C3,2,E01019500,0,-1
2021221065756,2021,221065756,1,9,0,18,19,2,6,0,0,2,0,10,1,11,1,1,5,6,1,18,4,1360,1,16,CITROEN C3,8,E01032427,0,-1
2021041050684,2021,041050684,2,9,0,9,9,1,3,0,0,8,1,0,0,0,4,1,5,6,1,32,6,1199,1,3,CITROEN C3,6,E01032928,0,-1
2021161089111,2021,161089111,2,9,0,18,19,5,1,0,0,1,1,0,0,0,1,1,1,1,2,58,9,1199,1,1,CITROEN C3,3,E01012997,0,-1
2021430517128,2021,430517128,1,9,0,18,19,8,4,0,0,4,0,7,0,0,1,1,6,6,2,75,10,1598,1,8,CITROEN C3,10,E01016333,0,-1
2021461061073,2021,461061073,2,9,0,18,19,1,5,0,0,0,0,0,0,0,3,1,6,6,1,28,6,1360,1,16,CITROEN C3,6,E01024410,0,-1
202163D104621,2021,63D104621,1,9,0,18,19,5,8,0,0,0,0,0,0,0,3,1,6,6,2,24,5,1199,1,2,CITROEN C3,10,W01000008,0,-1
2021552100890,2021,552100890,1,9,0,18,19,7,3,0,0,0,1,12,0,0,1,1,6,6,1,55,8,1398,2,13,CITROEN C3,4,E01020496,0,-1
2021221071664,2021,221071664,1,9,0,12,12,2,6,0,0,1,0,0,0,0,3,1,5,6,2,60,9,1199,1,2,CITROEN C3,1,W01001480,0,-1
2021991092820,2021,991092820,1,9,0,3,3,1,4,0,0,4,0,0,0,0,2,1,6,6,2,29,6,1199,1,2,CITROEN C3,4,-1,0,-1
2021552100817,2021,552100817,2,9,0,18,19,8,4,0,0,8,0,0,0,0,1,1,6,6,1,32,6,1360,1,18,CITROEN C3,5,E01020459,0,-1
2021101034354,2021,101034354,2,9,0,18,19,5,1,0,0,0,0,0,0,0,1,1,2,2,2,24,5,1199,1,2,CITROEN C3,6,E01020608,0,-1
2021061053649,2021,061053649,3,9,0,7,7,3,5,0,0,1,0,0,0,0,3,1,6,6,2,38,7,1360,1,9,CITROEN C3,5,E01006346,0,-1
2021522104534,2021,522104534,2,9,0,18,19,2,6,0,0,6,0,0,0,0,1,1,6,6,1,47,8,1199,1,1,CITROEN C3,2,E01014624,0,-1
2021010328899,2021,010328899,1,9,0,99,99,9,9,99,99,9,9,99,9,99,1,9,6,6,3,23,5,1124,1,15,CITROEN C3,4,E01001756,0,-1
2021101048159,2021,101048159,1,9,0,3,3,6,2,0,0,0,0,0,0,0,1,1,6,6,1,73,10,1560,2,12,CITROEN C3,4,E01027474,0,-1
2021522200456,2021,522200456,1,9,0,18,19,3,7,0,0,8,0,0,1,2,2,1,6,6,1,50,8,1360,1,14,CITROEN C3,6,E01032679,0,-1
2021351086070,2021,351086070,1,9,0,18,19,6,2,0,0,3,1,0,0,0,3,1,2,2,2,43,7,1560,2,10,CITROEN C3,2,E01006214,0,-1
2021131114766,2021,131114766,1,9,0,4,4,3,7,0,0,0,0,0,0,0,1,1,6,6,2,36,7,1200,1,4,CITROEN C3,6,E01025367,0,-1
2021052102363,2021,052102363,1,9,0,18,19,3,7,0,0,8,0,0,0,0,1,1,6,6,1,41,7,1200,1,1,CITROEN C3,1,E01006834,0,-1
2021501137109,2021,501137109,2,9,0,18,19,2,6,0,0,2,0,0,0,0,1,1,6,6,1,74,10,1560,2,10,CITROEN C3,3,E01019922,0,-1
2021041120603,2021,041120603,1,9,0,15,15,1,5,0,0,1,0,0,0,0,1,1,5,6,1,90,11,1200,1,4,CITROEN C3,7,E01012747,0,-1
2021501088832,2021,501088832,1,9,0,18,19,1,4,0,0,0,0,0,0,0,1,1,6,6,1,89,11,1598,1,7,CITROEN C3,7,E01020043,0,-1
2021041038558,2021,041038558,1,9,0,16,19,3,7,0,0,0,0,0,0,0,3,1,2,2,2,57,9,1397,1,11,CITROEN C3,4,E01033072,0,-1
2021141028351,2021,141028351,2,9,0,4,4,7,3,0,0,0,0,0,0,0,2,1,6,6,1,21,5,1398,2,12,CITROEN C3,1,E01007721,0,-1
2021010313006,2021,010313006,1,9,0,17,19,1,6,0,0,4,0,0,0,0,2,1,6,6,2,58,9,1360,1,14,CITROEN C3,8,E01000173,0,-1
2021440360311,2021,440360311,1,9,0,18,19,5,1,0,0,0,5,0,0,0,1,1,3,7,1,55,8,1560,2,12,CITROEN C3,10,E01023189,0,-1
2021430405614,2021,430405614,2,9,0,4,4,5,1,0,0,1,0,0,0,0,3,1,6,6,2,21,5,1124,1,13,CITROEN C3,9,E01016683,0,-1
2021141098421,2021,141098421,1,9,0,5,5,4,8,0,0,8,0,0,0,0,2,1,5,6,2,20,4,1360,1,17,CITROEN C3,2,E01007395,0,-1
2021170L30361,2021,170L30361,1,9,0,18,19,2,6,0,0,0,0,0,7,11,1,1,6,6,1,-1,-1,1398,2,13,CITROEN C3,-1,-1,0,-1
2021361052942,2021,361052942,1,9,0,18,19,6,2,0,0,1,0,0,0,0,1,1,6,6,2,78,11,1199,1,8,CITROEN C3,4,E01026499,0,-1
2021221084235,2021,221084235,3,9,0,18,19,2,6,0,0,0,0,0,0,0,1,1,5,6,1,45,7,1200,1,4,CITROEN C3,-1,-1,0,-1
2021061055549,2021,061055549,3,9,0,18,19,3,7,0,0,0,0,0,0,0,1,1,6,6,1,32,6,1199,1,1,CITROEN C3,1,E01005613,0,-1
2021221112383,2021,221112383,2,9,0,4,4,2,6,0,0,0,0,0,1,10,2,1,5,6,1,56,9,1560,2,12,CITROEN C3,5,E01032927,0,-1
2021010316819,2021,010316819,1,9,0,6,6,5,5,0,0,0,0,0,0,0,1,1,2,2,1,32,6,1398,2,10,CITROEN C3,-1,-1,0,-1
2021221015317,2021,221015317,1,9,0,16,19,2,6,0,0,1,1,0,1,10,1,1,5,6,1,43,7,1360,1,18,CITROEN C3,1,E01032424,0,-1
2021101068169,2021,101068169,1,9,0,18,19,1,5,0,0,0,0,0,0,0,1,1,6,6,2,56,9,1398,2,7,CITROEN C3,5,E01008622,0,-1
2021010350492,2021,010350492,2,9,0,99,99,9,9,99,99,9,9,99,9,99,1,9,6,6,2,30,6,1360,1,18,CITROEN C3,3,E01001154,0,-1
2021052100260,2021,052100260,2,9,0,18,19,1,5,0,0,8,0,0,0,0,3,1,6,6,1,34,6,1398,2,14,CITROEN C3,9,E01011812,0,-1
2021622100137,2021,622100137,1,9,0,18,19,5,1,0,0,1,0,0,3,10,1,1,6,6,2,30,6,1199,1,1,CITROEN C3,1,W01001073,0,-1
2021131083375,2021,131083375,1,9,0,-1,-1,-1,-1,-1,-1,-1,-1,-1,-1,-1,-1,1,6,6,3,-1,-1,1124,1,10,CITROEN C3,-1,-1,0,-1
2021440059768,2021,440059768,1,9,0,18,19,8,4,0,0,0,0,0,0,0,1,1,6,6,2,26,6,1200,1,3,CITROEN C3,2,E01022820,0,-1
2021041058614,2021,041058614,1,9,0,7,7,7,1,0,0,6,0,0,0,0,1,1,6,6,1,84,11,1397,1,12,CITROEN C3,6,E01025548,0,-1
2021531034240,2021,531034240,1,9,0,9,9,7,5,0,0,6,0,0,0,0,1,1,6,6,1,34,6,1360,1,18,CITROEN C3,3,E01022375,0,-1
2021501049956,2021,501049956,1,9,0,18,19,6,2,0,0,0,2,0,0,0,0,1,5,6,2,24,5,1398,2,14,CITROEN C3,5,E01018847,0,-1
2021061095890,2021,061095890,2,9,0,7,7,7,1,0,0,6,0,0,0,0,1,1,6,6,2,60,9,1200,1,4,CITROEN C3,3,E01005604,0,-1
2021201110647,2021,201110647,2,9,0,4,4,5,1,0,0,1,0,0,0,0,1,1,6,6,1,33,6,1199,1,3,CITROEN C3,1,E01009305,0,-1
2021131089091,2021,131089091,3,9,0,18,19,7,3,0,0,2,0,1,0,0,2,1,5,6,1,19,4,1360,1,11,CITROEN C3,10,E01027683,0,-1
2021122101085,2021,122101085,1,9,0,9,9,6,2,0,0,1,0,0,0,0,4,1,6,6,1,90,11,1200,1,4,CITROEN C3,5,E01011409,0,-1
2021440283457,2021,440283457,1,9,0,18,19,3,7,0,0,6,0,0,0,0,1,1,6,6,2,34,6,1560,2,12,CITROEN C3,4,E01017258,0,-1
2021531116865,2021,531116865,1,9,0,2,2,0,0,0,0,0,0,0,0,0,0,1,6,6,3,-1,-1,1360,1,16,CITROEN C3,-1,-1,0,-1
2021041016692,2021,041016692,2,9,0,18,19,1,1,0,0,2,0,0,0,0,2,1,5,6,1,36,7,1560,2,15,CITROEN C3,1,E01012681,0,-1
2021041120041,2021,041120041,2,9,0,18,19,2,6,0,0,1,0,0,0,0,2,1,3,7,2,38,7,1200,1,6,CITROEN C3,3,E01024931,0,-1
2021061028860,2021,061028860,1,9,0,9,9,1,3,0,0,1,0,0,0,0,0,1,6,6,1,31,6,1398,2,8,CITROEN C3,2,E01005125,0,-1
2021471111637,2021,471111637,2,9,0,18,19,5,2,0,0,1,0,0,0,0,1,1,5,6,1,63,9,1560,2,10,CITROEN C3,5,E01031524,0,-1
2021141116703,2021,141116703,2,9,0,18,19,2,6,0,0,1,5,0,0,0,3,1,5,6,2,80,11,1124,1,15,CITROEN C3,2,E01007343,0,-1
2021361081258,2021,361081258,1,5,0,18,19,3,7,0,0,0,0,0,0,0,1,1,5,6,1,37,7,955,1,0,DUCATI PANIGALE,4,E01026694,0,-1
2021461090920,2021,461090920,1,5,0,5,5,5,1,0,0,2,0,0,3,0,2,1,2,2,1,51,8,1103,1,1,DUCATI PANIGALE,6,E01024260,0,-1
2021440097439,2021,440097439,1,5,0,18,19,7,3,0,0,1,0,0,0,0,0,1,2,2,1,31,6,955,1,1,DUCATI PANIGALE,9,E01022730,0,-1
2021041055145,2021,041055145,1,5,0,15,15,3,7,0,0,0,0,0,0,0,1,1,5,6,1,46,8,1103,1,1,DUCATI PANIGALE,6,E01025334,0,-1
2021122100645,2021,122100645,2,5,0,18,19,4,8,0,0,0,0,0,0,0,2,1,6,6,1,53,8,955,1,1,DUCATI PANIGALE,8,E01027691,0,-1
2021440319014,2021,440319014,2,5,0,13,13,5,1,0,0,0,0,0,0,0,4,1,6,6,1,48,8,955,1,0,DUCATI PANIGALE,10,E01022744,0,-1
2021010336725,2021,010336725,2,5,0,6,6,1,1,0,0,0,0,0,0,0,0,1,6,6,3,44,7,1103,1,0,DUCATI PANIGALE,6,E01001269,0,-1
2021320224887,2021,320224887,3,5,0,18,19,5,1,0,0,0,0,0,0,0,3,1,6,6,1,34,6,1103,1,3,DUCATI PANIGALE,8,E01032994,0,-1
2021430245033,2021,430245033,1,5,0,18,19,3,7,0,0,8,0,0,0,0,1,1,2,2,1,27,6,955,1,0,DUCATI PANIGALE,10,E01017841,0,-1
2021461080550,2021,461080550,1,5,0,18,19,7,5,0,0,1,0,0,0,0,3,1,6,6,1,40,7,955,1,1,DUCATI PANIGALE,7,E01024675,0,-1
2021440339964,2021,440339964,1,5,0,17,19,7,3,0,0,1,0,0,0,0,1,1,6,6,1,31,6,1198,1,6,DUCATI PANIGALE,5,E01017023,0,-1
2021010350395,2021,010350395,1,5,0,4,4,5,1,0,0,0,0,0,0,0,0,1,6,6,1,42,7,1103,1,2,DUCATI PANIGALE,10,E01030999,0,-1
2021501089791,2021,501089791,1,5,0,13,13,5,1,0,0,1,0,0,8,0,1,1,6,6,1,56,9,955,1,3,DUCATI PANIGALE,8,E01018848,0,-1
2021351079157,2021,351079157,2,5,0,13,13,2,6,0,0,0,0,0,0,0,1,1,6,6,1,73,10,996,1,16,-1,2,E01015673,0,-1
2021111078384,2021,111078384,3,9,0,18,19,5,5,0,0,1,0,0,0,0,1,1,5,6,1,20,4,1993,1,32,-1,5,E01020803,0,-1
2021010315154,2021,010315154,2,9,0,3,3,1,5,0,0,6,0,0,0,0,3,1,1,1,1,56,9,2933,1,32,-1,2,E01000065,0,-1
2021440160408,2021,440160408,1,9,0,4,4,1,5,0,0,0,0,0,0,0,2,1,6,6,1,33,6,1769,1,28,-1,3,E01017347,0,-1
2021471056153,2021,471056153,1,9,0,18,19,6,2,0,0,1,0,0,0,0,1,1,5,6,1,22,5,2933,1,30,-1,10,E01031517,0,-1
2021430059964,2021,430059964,1,9,0,9,9,3,5,0,0,8,0,0,0,0,1,1,6,6,1,65,9,1993,1,32,-1,7,E01028512,0,-1
2021991055949,2021,991055949,2,3,0,3,3,2,2,0,0,3,0,0,0,0,2,1,6,6,1,66,10,1868,1,1,-1,6,-1,0,-1
2021010317855,2021,010317855,2,4,0,13,13,1,5,0,0,8,0,0,0,0,3,1,1,1,1,59,9,471,1,3,-1,4,E01004715,0,-1
2021991036319,2021,991036319,2,5,0,17,19,4,8,0,0,8,5,0,0,0,4,1,6,6,1,49,8,471,1,4,-1,4,-1,0,-1
2021411120398,2021,411120398,2,4,0,12,12,-1,-1,0,0,0,0,0,1,0,4,1,1,1,1,28,6,471,1,5,-1,6,E01031579,0,-1
202131D086221,2021,31D086221,2,5,0,17,19,8,5,0,0,0,0,0,0,0,3,1,6,6,1,48,8,1520,1,31,-1,4,E01028272,0,-1
2021461057717,2021,461057717,2,3,0,18,19,2,6,0,0,8,0,0,0,0,1,1,6,6,1,18,4,124,1,32,-1,8,E01024419,0,-1
2021520200305,2021,520200305,2,4,0,18,19,5,1,0,0,0,0,0,0,0,1,1,6,6,1,17,4,124,1,30,-1,6,E01029121,0,-1
2021231051788,2021,231051788,1,90,0,18,19,2,6,0,0,0,1,4,0,0,4,1,5,6,1,11,3,518,1,0,-1,-1,-1,0,-1
2021161027085,2021,161027085,1,9,0,18,19,2,6,0,0,8,0,0,0,0,1,1,1,1,1,35,6,1990,1,18,MAKE AND MODEL REDACTED,1,E01012917,0,-1
2021991021425,2021,991021425,2,9,0,18,19,7,3,0,0,8,0,0,1,1,1,1,6,6,2,32,6,1330,1,12,MAKE AND MODEL REDACTED,5,-1,0,-1
2021010332837,2021,010332837,2,3,0,7,7,5,7,0,0,1,0,0,7,0,1,1,6,6,1,24,5,125,1,6,MAKE AND MODEL REDACTED,3,E01003251,0,-1
2021041052629,2021,041052629,2,5,0,18,19,1,5,0,0,4,0,0,0,0,2,1,5,6,1,52,8,1043,1,6,KAWASAKI ZX1000,3,E01024943,0,-1
2021122100563,2021,122100563,1,5,0,18,19,5,1,0,0,0,0,12,0,0,1,1,6,6,1,31,6,1043,1,3,KAWASAKI ZX1000,-1,-1,0,-1
2021010347340,2021,010347340,1,5,0,14,14,5,1,9,9,0,1,0,0,0,1,1,6,6,1,47,8,998,1,14,KAWASAKI ZX1000,5,E01000302,0,-1
2021401033954,2021,401033954,1,5,0,18,19,4,8,0,0,0,1,0,0,0,0,1,6,6,1,56,9,998,1,4,KAWASAKI ZX1000,7,E01017416,0,-1
20211383V1101,2021,1383V1101,1,5,0,17,19,8,4,0,0,0,1,0,1,9,1,1,6,6,1,58,9,1043,1,1,KAWASAKI ZX1000,1,E01011133,0,-1
202163D023621,2021,63D023621,1,5,0,17,19,4,1,0,0,0,0,0,0,0,0,1,6,6,1,45,7,1043,1,2,KAWASAKI ZX1000,1,W01001879,0,-1
2021440225772,2021,440225772,1,5,0,16,19,7,3,0,0,0,0,0,7,0,0,1,6,6,1,69,10,1043,1,2,KAWASAKI ZX1000,3,E01017335,0,-1
2021430410561,2021,430410561,1,5,0,13,13,5,1,0,0,1,0,0,0,0,1,1,6,6,1,54,8,1043,1,3,KAWASAKI ZX1000,8,E01028817,0,-1
2021052100166,2021,052100166,2,4,0,18,19,3,7,0,0,8,0,0,0,0,1,1,6,6,1,28,6,1043,1,1,-1,1,E01006865,0,-1
2021070494196,2021,070494196,3,5,0,18,19,6,2,0,0,0,1,0,0,0,1,1,6,6,1,46,8,1043,1,3,KAWASAKI ZX1000,1,E01033300,0,-1
2021052100721,2021,052100721,2,5,0,18,19,1,5,0,0,1,0,0,0,0,1,1,6,6,1,55,8,998,1,2,KAWASAKI ZX1000,5,E01006013,0,-1
2021320465300,2021,320465300,1,5,0,17,19,8,4,0,0,0,0,0,1,0,1,1,6,6,1,68,10,1043,1,2,KAWASAKI ZX1000,5,E01026435,0,-1