collision_index,collision_year,collision_ref_no,vehicle_reference,vehicle_type,towing_and_articulation,vehicle_manoeuvre_historic,vehicle_manoeuvre,vehicle_direction_from,vehicle_direction_to,vehicle_location_restricted_lane_historic,vehicle_location_restricted_lane,junction_location,skidding_and_overturning,hit_object_in_carriageway,vehicle_leaving_carriageway,hit_object_off_carriageway,first_point_of_impact,vehicle_left_hand_drive,journey_purpose_of_driver_historic,journey_purpose_of_driver,sex_of_driver,age_of_driver,age_band_of_driver,engine_capacity_cc,propulsion_code,age_of_vehicle,generic_make_model,driver_imd_decile,lsoa_of_driver,escooter_flag,driver_distance_banding
2021622100154,2021,622100154,2,4,0,18,19,6,2,0,0,0,0,0,0,0,3,1,6,6,1,58,9,1043,1,2,KAWASAKI ZX1000,9,W01001655,0,-1
2021201098026,2021,201098026,2,9,0,2,2,0,0,0,0,0,0,0,0,0,1,1,6,6,1,52,8,4293,1,15,-1,1,E01009379,0,-1
2021371128672,2021,371128672,4,9,0,3,3,4,8,0,0,8,0,0,0,0,3,1,5,6,2,72,10,3456,8,6,-1,8,E01030101,0,-1
2021010298843,2021,010298843,1,9,0,9,9,3,8,0,0,8,0,0,0,0,1,1,6,6,2,29,6,3456,8,5,-1,3,E01000973,0,-1
2021430421335,2021,430421335,1,9,0,7,7,8,2,0,0,8,0,0,0,0,1,1,6,6,1,69,10,3456,8,1,-1,9,E01016308,0,-1
2021141116336,2021,141116336,2,9,0,17,19,2,5,0,0,0,0,0,1,0,2,1,6,6,1,36,7,3456,8,4,-1,1,E01028247,0,-1
2021052101323,2021,052101323,2,9,0,3,3,3,7,0,0,2,0,0,0,0,2,1,6,6,2,34,6,3456,8,3,-1,7,E01007307,0,-1
2021501095429,2021,501095429,1,9,0,18,19,5,1,0,0,4,0,0,0,0,1,1,6,6,1,67,10,3456,8,2,-1,5,E01018847,0,-1
2021301127723,2021,301127723,2,9,0,12,12,5,1,0,0,0,1,0,0,0,4,1,6,6,1,57,9,3456,8,10,-1,6,E01001084,0,-1
2021451050570,2021,451050570,2,9,0,9,9,3,7,0,0,0,0,0,0,0,3,1,1,1,2,48,8,3456,8,8,-1,9,E01030477,0,-1
2021451014555,2021,451014555,1,9,0,4,4,8,4,0,0,3,0,0,0,0,1,1,1,1,2,48,8,3456,8,4,-1,10,E01030370,0,-1
2021041100897,2021,041100897,1,3,0,18,19,7,3,0,0,0,1,0,0,0,4,1,5,6,1,32,6,125,1,8,-1,1,E01025494,0,-1
2021201080173,2021,201080173,2,3,0,14,14,2,6,0,0,8,0,0,0,0,1,1,6,6,1,18,4,125,1,10,-1,3,E01009140,0,-1
2021131045760,2021,131045760,2,9,0,18,19,5,1,0,0,0,0,0,0,0,1,1,6,6,1,32,6,4244,1,12,-1,8,E01011102,0,-1
2021041120124,2021,041120124,3,9,0,2,2,0,0,0,0,2,0,0,0,0,1,1,6,6,3,-1,-1,4240,1,15,-1,-1,-1,0,-1
2021010323889,2021,010323889,1,9,0,1,1,1,5,0,0,1,0,0,0,0,2,1,6,6,1,-1,-1,2987,2,3,-1,-1,-1,0,-1
2021520105534,2021,520105534,1,9,0,9,9,2,8,0,0,8,0,0,0,0,1,1,6,6,2,68,10,2497,2,30,-1,6,E01029077,0,-1
2021471109513,2021,471109513,1,9,0,17,19,7,5,0,0,1,0,0,0,0,1,1,5,6,2,42,7,1997,1,32,-1,8,E01017000,0,-1
2021010287309,2021,010287309,1,9,0,18,19,3,7,0,0,2,0,0,0,0,1,1,6,6,1,71,10,1997,1,28,-1,5,E01001278,0,-1
2021010334926,2021,010334926,2,9,0,99,99,9,9,99,99,9,9,99,9,99,1,9,6,6,3,-1,-1,1797,1,29,-1,3,E01000866,0,-1
2021170S20211,2021,170S20211,1,9,0,9,9,3,1,0,0,8,0,0,0,0,1,1,6,6,1,75,10,1997,2,30,-1,6,E01012242,0,-1
2021421101789,2021,421101789,3,9,0,18,19,1,5,0,0,0,0,0,0,0,3,1,6,6,1,24,5,1997,1,28,-1,10,E01021633,0,-1
2021552100709,2021,552100709,1,3,0,16,19,5,8,0,0,0,1,0,0,0,0,1,6,6,1,18,4,124,1,1,-1,5,E01020459,0,-1
202163C022121,2021,63C022121,1,4,0,18,19,2,6,0,0,1,1,0,0,0,1,1,6,6,1,67,10,499,1,6,-1,4,W01000605,0,-1
2021302100351,2021,302100351,1,5,0,16,19,6,2,0,0,0,0,0,0,0,1,1,6,6,1,38,7,499,1,4,-1,10,E01005748,0,-1
2021320510134,2021,320510134,1,4,0,16,19,6,2,0,0,0,0,0,7,0,1,1,6,6,1,70,10,499,1,18,-1,8,E01013805,0,-1
2021440204534,2021,440204534,2,5,5,13,13,1,5,0,0,8,0,0,0,0,1,1,6,6,1,65,9,499,1,17,-1,10,E01022981,0,-1
2021451074288,2021,451074288,1,4,0,2,2,0,0,0,0,0,0,0,0,0,4,1,5,6,2,31,6,411,1,1,-1,5,E01030815,0,-1
2021351116998,2021,351116998,1,4,0,16,19,1,5,0,0,1,1,0,0,0,4,1,6,6,2,23,5,411,1,2,-1,8,E01015645,0,-1
2021991067782,2021,991067782,2,4,0,18,19,8,4,0,0,8,0,0,0,0,1,1,5,6,2,46,8,411,1,3,-1,2,-1,0,-1
2021461093042,2021,461093042,2,4,0,9,9,7,3,0,0,0,0,0,0,0,3,1,5,6,1,38,7,411,1,3,-1,7,E01024141,0,-1
2021411082688,2021,411082688,1,4,0,16,19,4,8,0,0,0,0,0,7,4,1,1,2,2,1,51,8,411,1,1,-1,5,E01023593,0,-1
2021461049483,2021,461049483,2,4,0,18,19,5,1,7,6,0,0,0,1,0,3,1,6,6,1,38,7,411,1,0,-1,4,E01016130,0,-1
2021031090475,2021,031090475,1,9,0,18,19,3,7,0,0,1,2,0,0,0,1,1,6,6,1,75,10,996,1,10,-1,1,E01006392,0,-1
2021010316309,2021,010316309,1,9,0,5,5,0,8,0,0,0,0,0,7,11,1,1,2,2,2,49,8,1490,1,16,SUZUKI IGNIS,3,E01001669,0,-1
2021501107168,2021,501107168,2,9,0,18,19,1,5,0,0,1,1,0,0,0,1,1,6,6,1,75,10,1328,1,20,SUZUKI IGNIS,8,E01018792,0,-1
2021461091085,2021,461091085,1,9,0,18,19,1,5,0,0,1,0,0,0,0,1,1,6,6,1,88,11,1197,8,0,SUZUKI IGNIS,8,E01024235,0,-1
2021501062524,2021,501062524,1,9,0,18,19,3,7,0,0,0,1,0,0,0,1,1,2,2,1,34,6,1328,1,21,SUZUKI IGNIS,3,E01018809,0,-1
202163C021221,2021,63C021221,2,9,0,18,19,7,3,0,0,0,0,0,1,10,1,1,6,6,2,48,8,1242,1,3,SUZUKI IGNIS,2,W01001253,0,-1
2021421114718,2021,421114718,2,9,0,18,19,7,3,0,0,8,0,0,0,0,1,1,5,6,2,52,8,1242,1,3,SUZUKI IGNIS,2,E01021370,0,-1
2021161074505,2021,161074505,1,9,0,9,9,3,1,0,0,1,0,0,0,0,1,1,5,6,2,75,10,1242,8,1,SUZUKI IGNIS,1,E01026115,0,-1
2021471105087,2021,471105087,2,9,0,10,10,1,7,0,0,8,0,0,0,0,2,1,6,6,2,65,9,1242,1,4,SUZUKI IGNIS,2,E01021091,0,-1
2021161115347,2021,161115347,1,9,0,9,9,4,2,0,0,6,0,0,0,0,0,1,6,6,2,41,7,1490,1,16,SUZUKI IGNIS,1,E01012847,0,-1
2021010319108,2021,010319108,1,9,0,9,9,5,3,0,0,8,0,0,0,0,1,1,6,6,1,80,11,1328,1,17,SUZUKI IGNIS,9,E01024431,0,-1
202163D004321,2021,63D004321,1,9,0,18,19,2,6,0,0,8,0,0,0,0,3,1,6,6,2,63,9,1242,8,3,SUZUKI IGNIS,7,W01000494,0,-1
2021131126425,2021,131126425,2,9,0,2,2,0,0,9,9,2,0,0,0,0,2,1,6,6,3,-1,-1,1328,1,14,SUZUKI IGNIS,-1,-1,0,-1
2021052102694,2021,052102694,1,9,0,9,9,7,3,0,0,5,0,0,0,0,1,1,2,2,2,22,5,1242,1,3,SUZUKI IGNIS,2,E01006970,0,-1
2021430279096,2021,430279096,1,9,0,1,1,5,1,0,0,0,0,0,0,0,2,1,6,6,3,-1,-1,1328,1,15,SUZUKI IGNIS,-1,-1,0,-1
2021070528004,2021,070528004,1,9,0,18,19,5,1,0,0,0,0,0,7,4,1,1,6,6,2,76,11,1242,1,4,SUZUKI IGNIS,6,E01012515,0,-1
2021320046231,2021,320046231,1,9,0,18,19,5,1,0,0,0,0,0,0,0,1,1,6,6,1,40,7,1328,1,18,SUZUKI IGNIS,3,E01026075,0,-1
2021371126371,2021,371126371,2,9,0,16,19,4,7,0,0,1,0,10,1,0,3,1,5,6,1,50,8,1328,1,17,SUZUKI IGNIS,5,E01030151,0,-1
2021421119948,2021,421119948,1,9,0,18,19,3,7,0,0,0,0,0,0,0,1,1,1,1,2,40,7,1242,8,1,SUZUKI IGNIS,4,E01022028,0,-1
2021520105324,2021,520105324,1,9,0,18,19,3,7,0,0,6,0,0,0,0,1,1,6,6,1,18,4,1490,1,17,SUZUKI IGNIS,8,E01029274,0,-1
2021221146510,2021,221146510,3,9,0,18,19,8,4,0,0,0,0,0,0,0,3,1,5,6,2,52,8,1490,1,17,SUZUKI IGNIS,8,E01019872,0,-1
2021451083870,2021,451083870,1,9,0,18,19,7,3,0,0,8,0,0,0,0,3,1,5,6,2,42,7,1328,1,17,SUZUKI IGNIS,5,E01030984,0,-1
2021041150266,2021,041150266,1,9,0,5,5,5,1,0,0,2,0,0,0,0,4,1,5,6,1,69,10,1328,1,15,SUZUKI IGNIS,2,E01012711,0,-1
2021545923721,2021,545923721,1,9,0,1,1,3,7,0,0,0,0,0,0,0,2,1,6,6,2,40,7,1197,8,1,SUZUKI IGNIS,4,E01022192,0,-1
2021411100043,2021,411100043,1,9,0,18,19,-1,-1,0,0,0,0,0,0,0,1,1,6,6,2,39,7,1242,1,3,SUZUKI IGNIS,8,E01023837,0,-1
2021471016313,2021,471016313,2,9,0,4,4,8,4,0,0,0,0,0,0,0,2,1,5,6,2,31,6,1490,1,17,SUZUKI IGNIS,2,E01020990,0,-1
2021451016553,2021,451016553,2,9,0,18,19,1,5,0,0,1,5,0,0,0,1,1,2,2,1,48,8,1490,1,16,SUZUKI IGNIS,10,E01021192,0,-1
2021131069457,2021,131069457,2,9,0,18,19,3,7,0,0,1,1,0,0,0,1,1,2,2,2,48,8,1242,8,4,SUZUKI IGNIS,9,E01010769,0,-1
2021522103147,2021,522103147,1,9,0,18,19,6,2,0,0,8,0,0,1,2,1,1,6,6,2,85,11,1242,1,1,SUZUKI IGNIS,-1,-1,0,-1
2021430329495,2021,430329495,2,9,0,7,7,4,6,0,0,8,0,0,0,0,4,1,6,6,2,43,7,1490,1,16,SUZUKI IGNIS,8,E01033519,0,-1
2021201025316,2021,201025316,2,9,0,18,19,-1,-1,0,0,1,0,0,0,0,1,1,6,6,2,36,7,1490,1,17,SUZUKI IGNIS,1,E01009079,0,-1
2021421097333,2021,421097333,1,9,0,18,19,3,7,0,0,0,0,0,0,0,1,1,6,6,1,20,4,1328,1,15,SUZUKI IGNIS,-1,-1,0,-1
2021010349701,2021,010349701,2,9,0,99,99,9,9,99,99,9,9,99,9,99,9,9,6,6,3,-1,-1,1242,1,4,SUZUKI IGNIS,1,E01003087,0,-1
2021501152946,2021,501152946,2,9,0,9,9,6,4,0,0,1,0,0,0,0,1,1,6,6,2,46,8,1242,1,3,SUZUKI IGNIS,10,E01020166,0,-1
2021221018619,2021,221018619,1,9,0,9,9,1,6,0,0,5,0,10,0,0,1,1,5,6,2,74,10,1242,1,2,SUZUKI IGNIS,6,E01032383,0,-1
2021411061300,2021,411061300,1,9,0,18,19,3,8,0,0,4,0,0,0,0,3,1,2,2,2,59,9,1242,8,3,SUZUKI IGNIS,-1,-1,0,-1
2021221113865,2021,221113865,1,9,0,18,19,6,2,0,0,1,0,0,0,0,3,1,5,6,2,65,9,1242,1,2,SUZUKI IGNIS,5,E01014014,0,-1
2021101114362,2021,101114362,2,9,0,2,2,0,0,0,0,2,0,0,2,0,1,1,6,6,3,55,8,1242,1,3,SUZUKI IGNIS,-1,-1,0,-1
2021211024051,2021,211024051,1,9,0,10,10,0,6,0,0,1,0,0,0,0,2,1,2,2,1,49,8,1242,1,4,SUZUKI IGNIS,5,E01014369,0,-1
2021320647058,2021,320647058,2,9,0,18,19,7,3,0,0,1,1,0,0,0,3,1,1,1,1,69,10,1242,8,3,SUZUKI IGNIS,2,E01026026,0,-1
2021111014433,2021,111014433,1,9,0,16,19,6,7,0,0,1,1,0,0,0,3,1,6,6,2,30,6,1242,1,4,SUZUKI IGNIS,-1,-1,0,-1
2021471038725,2021,471038725,2,9,0,4,4,2,6,0,0,0,0,0,0,0,2,1,2,2,2,30,6,1490,1,16,SUZUKI IGNIS,6,E01031827,0,-1
2021041062482,2021,041062482,1,9,0,6,6,5,1,0,0,0,0,0,0,0,1,1,6,6,1,46,8,1490,1,17,SUZUKI IGNIS,4,E01012693,0,-1
2021501064387,2021,501064387,2,9,0,3,3,1,5,0,0,0,1,0,0,0,1,1,6,6,2,22,5,1328,1,20,SUZUKI IGNIS,2,E01033292,0,-1
2021451062425,2021,451062425,2,9,0,18,19,5,1,0,0,0,0,0,0,0,2,1,6,6,2,82,11,1328,1,19,SUZUKI IGNIS,9,E01030568,0,-1
2021201114162,2021,201114162,1,9,0,18,19,1,5,0,0,0,0,4,0,0,1,1,1,1,2,40,7,1328,1,18,SUZUKI IGNIS,1,E01009743,0,-1
2021471091531,2021,471091531,1,9,0,18,19,5,1,0,0,2,0,0,0,0,1,1,5,6,2,69,10,1242,1,4,SUZUKI IGNIS,9,E01021153,0,-1
2021131067768,2021,131067768,3,9,0,2,2,0,0,0,0,0,0,0,0,0,1,1,6,6,3,-1,-1,1197,8,0,SUZUKI IGNIS,-1,-1,0,-1
2021201085359,2021,201085359,1,9,0,18,19,1,4,0,0,0,5,10,0,0,1,1,6,6,2,65,9,1328,1,18,SUZUKI IGNIS,5,E01009745,0,-1
2021440511070,2021,440511070,1,9,0,18,19,7,3,0,0,8,0,0,0,0,1,1,6,6,1,81,11,1197,8,1,SUZUKI IGNIS,4,E01022734,0,-1
2021201065266,2021,201065266,1,9,0,18,19,2,6,0,0,8,5,7,8,7,4,1,2,2,2,45,7,1328,1,16,SUZUKI IGNIS,2,E01009627,0,-1
2021501060555,2021,501060555,1,9,0,9,9,2,8,0,0,8,0,0,0,0,3,1,6,6,1,71,10,1242,8,4,SUZUKI IGNIS,3,E01018950,0,-1
2021361044883,2021,361044883,2,9,0,18,19,1,6,0,0,8,0,0,0,0,3,1,2,2,2,35,6,1242,8,4,SUZUKI IGNIS,7,E01026484,0,-1
2021471094596,2021,471094596,2,9,0,18,19,4,8,0,0,8,0,0,0,0,4,1,2,2,2,26,6,1242,1,3,SUZUKI IGNIS,5,E01021064,0,-1
2021141117588,2021,141117588,1,9,0,15,15,5,1,0,0,2,0,0,0,0,1,1,6,6,1,68,10,1328,1,19,SUZUKI IGNIS,1,E01007735,0,-1
2021549598321,2021,549598321,1,9,0,18,19,5,1,0,0,0,0,0,1,0,4,1,2,2,2,60,9,1242,1,4,SUZUKI IGNIS,9,E01031841,0,-1
2021101052577,2021,101052577,3,9,0,2,2,0,0,0,0,0,0,0,0,0,2,1,6,6,2,-1,-1,1242,1,4,SUZUKI IGNIS,6,E01027472,0,-1
2021010351457,2021,010351457,1,9,0,18,19,5,1,0,0,2,5,7,0,0,1,1,6,6,1,89,11,1490,1,15,SUZUKI IGNIS,7,E01000215,0,-1
2021471120298,2021,471120298,1,9,0,9,9,8,6,0,0,8,0,0,0,0,3,1,5,6,2,19,4,1328,1,14,SUZUKI IGNIS,6,E01020999,0,-1
2021461125198,2021,461125198,2,9,0,2,2,0,0,0,0,0,0,0,0,0,3,1,6,6,2,-1,-1,1242,8,1,SUZUKI IGNIS,8,E01024419,0,-1
2021320722553,2021,320722553,1,9,0,18,19,6,2,0,0,1,0,0,0,0,0,1,6,6,2,60,9,1328,1,19,SUZUKI IGNIS,-1,-1,0,-1
2021010296669,2021,010296669,1,9,0,18,19,7,3,0,0,8,0,0,0,0,1,1,6,6,1,33,6,1328,1,18,SUZUKI IGNIS,5,E01001350,0,-1
202154A658321,2021,54A658321,1,9,0,1,1,3,5,0,0,0,0,10,0,0,2,1,6,6,2,93,11,1242,1,4,SUZUKI IGNIS,8,E01032102,0,-1
2021471018534,2021,471018534,1,9,0,17,19,7,3,0,0,0,0,0,0,0,3,1,5,6,2,36,7,1490,1,16,SUZUKI IGNIS,2,E01020977,0,-1
2021361048388,2021,361048388,2,9,0,18,19,5,1,0,0,1,0,0,0,0,2,1,6,6,2,65,9,1242,1,3,SUZUKI IGNIS,6,E01017517,0,-1
202163B070521,2021,63B070521,1,9,0,18,19,6,2,0,0,2,0,0,0,0,4,1,6,6,1,48,8,1328,1,17,SUZUKI IGNIS,-1,-1,0,-1
2021010353169,2021,010353169,1,9,0,18,19,5,1,0,0,0,0,0,0,0,4,1,6,6,2,59,9,1242,8,1,SUZUKI IGNIS,3,E01001169,0,-1
2021440361167,2021,440361167,2,9,0,18,19,5,1,0,0,0,0,0,1,0,1,1,6,6,1,58,9,1242,1,5,SUZUKI IGNIS,4,E01023037,0,-1
2021201065537,2021,201065537,2,9,0,18,19,7,3,0,0,8,0,0,0,0,4,1,2,2,1,63,9,1328,1,15,SUZUKI IGNIS,10,E01031100,0,-1
20211381C0461,2021,1381C0461,1,9,0,7,7,5,7,0,0,8,0,0,0,0,1,1,6,6,1,72,10,1242,1,2,SUZUKI IGNIS,5,E01011732,0,-1
2021522201061,2021,522201061,2,9,0,18,19,3,7,0,0,8,0,0,0,0,1,1,6,6,2,58,9,1197,8,0,SUZUKI IGNIS,4,E01014485,0,-1
2021070130876,2021,070130876,4,9,0,2,2,0,0,0,0,0,0,0,0,0,0,1,6,6,3,-1,-1,1242,8,1,SUZUKI IGNIS,-1,-1,0,-1
2021501021798,2021,501021798,2,3,0,18,19,2,7,0,0,3,0,0,0,0,1,1,1,1,2,29,6,101,1,11,-1,5,E01015237,0,-1
2021122100850,2021,122100850,2,2,0,18,19,5,1,0,0,8,0,0,0,0,1,1,6,6,1,16,4,49,1,13,-1,4,E01027910,0,-1
2021170M11491,2021,170M11491,1,11,0,7,7,7,1,0,0,2,0,0,0,0,4,1,1,1,1,60,9,6700,2,11,-1,1,E01012127,0,-1
2021170M11711,2021,170M11711,2,11,0,12,12,4,8,0,0,0,0,0,0,0,3,1,1,1,1,46,8,6700,2,11,-1,1,E01012131,0,-1
2021131056123,2021,131056123,2,9,0,9,9,5,4,0,0,8,0,0,0,0,1,1,5,6,1,55,8,2967,2,11,-1,8,E01010860,0,-1
2021552100671,2021,552100671,4,9,0,2,2,0,0,0,0,0,0,0,0,0,2,1,6,6,3,-1,-1,2967,2,9,-1,-1,-1,0,-1
2021010347541,2021,010347541,1,9,0,7,7,8,3,0,0,5,0,0,0,0,0,1,6,6,1,63,9,3189,1,15,-1,6,E01004693,0,-1
2021170M10031,2021,170M10031,1,9,0,9,9,8,6,0,0,8,0,0,0,0,1,1,6,6,1,55,8,2697,2,14,-1,7,E01012053,0,-1
2021430311016,2021,430311016,1,9,0,18,19,1,5,0,0,2,0,0,0,0,1,1,6,6,1,-1,-1,3189,1,17,-1,-1,-1,0,-1
2021461023827,2021,461023827,1,9,0,1,1,1,5,0,0,0,0,0,0,0,2,1,6,6,2,31,6,2967,2,14,-1,3,E01024279,0,-1
2021010291571,2021,010291571,1,11,0,17,19,7,3,0,0,4,0,0,0,0,0,1,1,1,1,54,8,5132,2,4,WRIGHTBUS STREETLITE,4,E01033727,0,-1
2021010345191,2021,010345191,1,11,0,5,5,3,7,0,0,8,0,0,0,0,0,1,1,1,1,40,7,5132,2,4,WRIGHTBUS STREETLITE,7,E01003673,0,-1
2021141020413,2021,141020413,1,11,0,18,19,3,7,0,0,2,0,7,0,0,3,1,1,1,1,47,8,5132,2,3,WRIGHTBUS STREETLITE,1,E01007906,0,-1
2021141112795,2021,141112795,1,11,0,5,5,2,6,0,0,0,0,0,0,0,0,1,6,6,3,-1,-1,5132,2,3,WRIGHTBUS STREETLITE,-1,-1,0,-1
2021440492432,2021,440492432,1,11,0,18,19,6,2,0,0,0,0,0,0,0,4,1,1,1,1,62,9,4461,2,7,WRIGHTBUS STREETLITE,7,E01022733,0,-1
2021461033942,2021,461033942,1,11,0,13,13,1,5,2,2,1,0,0,0,0,0,1,6,6,1,51,8,4461,2,6,WRIGHTBUS STREETLITE,6,E01024276,0,-1
2021010315321,2021,010315321,1,11,0,15,15,7,3,0,0,2,0,0,0,0,0,1,1,1,1,51,8,5132,2,4,WRIGHTBUS STREETLITE,10,E01004084,0,-1
2021010305968,2021,010305968,1,11,0,5,5,7,3,3,2,1,0,0,0,0,0,1,6,6,1,29,6,5132,2,2,WRIGHTBUS STREETLITE,3,E01016036,0,-1
2021421037233,2021,421037233,1,11,0,18,19,1,5,0,0,2,0,0,0,0,1,1,1,1,1,53,8,4461,2,7,WRIGHTBUS STREETLITE,5,E01015859,0,-1
2021061098016,2021,061098016,1,11,0,18,19,1,5,0,0,0,0,0,0,0,0,1,6,6,1,30,6,4461,2,5,WRIGHTBUS STREETLITE,1,E01033258,0,-1
2021522101559,2021,522101559,2,11,0,2,2,0,0,0,0,0,0,0,0,0,3,1,1,1,1,50,8,4461,2,9,WRIGHTBUS STREETLITE,1,E01014706,0,-1
2021440413191,2021,440413191,2,11,0,18,19,1,5,0,0,0,0,0,0,0,4,1,1,1,1,47,8,4461,2,7,WRIGHTBUS STREETLITE,3,E01017082,0,-1
2021991096840,2021,991096840,1,11,0,7,7,7,1,0,0,1,0,0,0,0,1,1,1,1,1,62,9,4461,2,7,WRIGHTBUS STREETLITE,1,-1,0,-1
2021201059563,2021,201059563,1,11,0,18,19,6,2,0,0,2,0,0,0,0,1,1,1,1,1,26,6,5132,2,2,WRIGHTBUS STREETLITE,8,E01009794,0,-1
2021131052903,2021,131052903,1,11,0,18,19,4,8,0,0,0,0,0,0,0,1,1,6,6,3,-1,-1,5132,2,6,WRIGHTBUS STREETLITE,-1,-1,0,-1
2021991074851,2021,991074851,1,11,0,18,19,4,8,0,0,0,1,0,0,0,1,1,1,1,1,43,7,4461,2,7,WRIGHTBUS STREETLITE,-1,-1,0,-1
2021421076030,2021,421076030,1,11,0,18,19,3,7,0,0,6,0,0,3,0,3,1,1,1,1,61,9,4461,2,6,WRIGHTBUS STREETLITE,4,E01021287,0,-1
2021991112889,2021,991112889,2,11,0,4,4,2,7,0,0,1,0,0,0,0,1,1,1,1,1,62,9,5132,2,6,WRIGHTBUS STREETLITE,2,-1,0,-1
2021461052268,2021,461052268,2,11,0,18,19,7,3,0,0,8,0,0,0,0,1,1,1,1,1,36,7,4461,2,6,WRIGHTBUS STREETLITE,8,E01024158,0,-1
2021141086527,2021,141086527,1,11,0,2,2,4,7,0,0,0,0,0,0,0,0,1,1,1,1,61,9,4461,2,8,WRIGHTBUS STREETLITE,1,E01008096,0,-1
2021461120540,2021,461120540,2,11,0,18,19,3,7,0,0,0,0,0,0,0,3,1,6,6,1,51,8,4461,2,6,WRIGHTBUS STREETLITE,6,E01024276,0,-1
2021622100312,2021,622100312,1,11,0,18,19,6,2,0,0,1,1,0,0,0,1,1,1,1,1,45,7,4461,2,9,WRIGHTBUS STREETLITE,6,W01001439,0,-1
2021010317237,2021,010317237,1,11,0,2,2,0,0,0,0,1,0,0,0,0,2,1,6,6,1,32,6,5132,2,2,WRIGHTBUS STREETLITE,-1,-1,0,-1
2021201116619,2021,201116619,2,11,0,4,4,8,4,0,0,0,0,0,0,0,1,1,1,1,3,-1,-1,4461,2,9,WRIGHTBUS STREETLITE,-1,-1,0,-1
2021430205096,2021,430205096,2,11,0,4,4,5,1,0,0,3,0,0,0,0,0,1,1,1,1,-1,-1,4461,2,8,WRIGHTBUS STREETLITE,5,E01032840,0,-1
2021010347545,2021,010347545,2,11,4,18,19,5,1,0,0,0,0,0,0,0,4,1,1,1,1,69,10,5132,2,3,WRIGHTBUS STREETLITE,5,E01023806,0,-1
2021010304529,2021,010304529,1,11,0,18,19,4,8,8,6,1,0,0,0,0,0,1,1,1,1,42,7,5132,2,4,WRIGHTBUS STREETLITE,4,E01001183,0,-1
2021010318434,2021,010318434,1,11,0,5,5,8,4,0,0,1,0,7,0,0,1,1,1,1,1,36,7,5132,2,4,WRIGHTBUS STREETLITE,5,E01003198,0,-1
2021101092426,2021,101092426,1,11,0,5,5,4,4,0,0,2,0,0,0,0,1,1,1,1,1,29,6,4461,2,6,WRIGHTBUS STREETLITE,-1,-1,0,-1
2021101061060,2021,101061060,2,11,0,18,19,7,3,0,0,0,0,0,0,0,0,1,1,1,1,72,10,4461,2,6,WRIGHTBUS STREETLITE,4,E01020643,0,-1
2021141078389,2021,141078389,1,11,0,5,5,2,6,0,0,1,0,0,0,0,3,1,1,1,1,34,6,4461,2,8,WRIGHTBUS STREETLITE,2,E01007740,0,-1
2021141055550,2021,141055550,1,11,0,2,2,2,6,0,0,0,0,0,0,0,0,1,6,6,3,-1,-1,4461,2,7,WRIGHTBUS STREETLITE,-1,-1,0,-1
2021411025211,2021,411025211,2,11,0,18,19,3,7,0,0,0,0,0,7,0,1,1,1,1,1,58,9,4461,2,9,WRIGHTBUS STREETLITE,6,E01023945,0,-1
2021111036324,2021,111036324,1,11,0,18,19,7,3,0,0,0,1,0,0,0,1,1,1,1,1,23,5,4461,2,6,WRIGHTBUS STREETLITE,7,E01020684,0,-1
2021141015059,2021,141015059,1,11,0,18,19,2,6,0,0,3,0,0,0,0,0,1,1,1,1,38,7,4461,2,7,WRIGHTBUS STREETLITE,1,E01007627,0,-1
2021010347175,2021,010347175,1,11,0,9,9,6,3,0,0,1,0,0,0,0,1,1,1,1,1,59,9,5132,2,2,WRIGHTBUS STREETLITE,4,E01000792,0,-1
2021101040219,2021,101040219,1,11,0,15,15,7,2,3,2,1,0,0,0,0,4,1,1,1,1,45,7,5132,2,4,WRIGHTBUS STREETLITE,3,E01008208,0,-1
2021430273722,2021,430273722,3,11,0,18,19,6,2,0,0,0,0,4,0,0,3,1,1,1,1,60,9,4461,2,6,WRIGHTBUS STREETLITE,9,E01017935,0,-1
2021010319835,2021,010319835,2,11,0,18,19,1,5,0,0,0,0,0,0,0,1,1,1,1,1,55,8,5132,2,2,WRIGHTBUS STREETLITE,7,E01002226,0,-1
2021991057178,2021,991057178,1,11,0,4,4,7,3,0,0,1,0,0,0,0,1,1,1,1,1,69,10,5132,2,6,WRIGHTBUS STREETLITE,7,-1,0,-1
2021052102601,2021,052102601,2,11,0,18,19,3,7,0,0,0,0,0,0,0,0,1,1,1,1,51,8,4461,2,6,WRIGHTBUS STREETLITE,4,E01007206,0,-1
2021552100446,2021,552100446,2,11,0,18,19,4,8,0,0,8,0,0,0,0,0,1,1,1,1,33,6,4461,2,8,WRIGHTBUS STREETLITE,1,E01015279,0,-1
2021010307063,2021,010307063,2,11,0,5,5,3,7,0,0,8,0,0,0,0,1,2,6,6,1,28,6,5132,2,4,WRIGHTBUS STREETLITE,3,E01003201,0,-1
2021201080296,2021,201080296,2,11,0,5,5,1,5,0,0,8,0,0,0,0,1,1,1,1,2,55,8,4461,2,9,WRIGHTBUS STREETLITE,2,E01010017,0,-1
2021991042944,2021,991042944,1,11,0,5,5,2,7,0,0,8,0,0,0,0,1,1,1,1,1,49,8,4461,2,7,WRIGHTBUS STREETLITE,10,-1,0,-1
2021010311757,2021,010311757,1,11,0,5,5,1,5,0,0,1,0,0,0,0,3,1,1,1,1,52,8,5132,2,4,WRIGHTBUS STREETLITE,5,E01000067,0,-1