collision_index,collision_year,collision_ref_no,vehicle_reference,vehicle_type,towing_and_articulation,vehicle_manoeuvre_historic,vehicle_manoeuvre,vehicle_direction_from,vehicle_direction_to,vehicle_location_restricted_lane_historic,vehicle_location_restricted_lane,junction_location,skidding_and_overturning,hit_object_in_carriageway,vehicle_leaving_carriageway,hit_object_off_carriageway,first_point_of_impact,vehicle_left_hand_drive,journey_purpose_of_driver_historic,journey_purpose_of_driver,sex_of_driver,age_of_driver,age_band_of_driver,engine_capacity_cc,propulsion_code,age_of_vehicle,generic_make_model,driver_imd_decile,lsoa_of_driver,escooter_flag,driver_distance_banding
2021461049538,2021,461049538,1,11,0,3,3,5,1,0,0,0,0,0,0,0,1,1,1,1,1,48,8,4461,2,6,WRIGHTBUS STREETLITE,3,E01016114,0,-1
2021010310796,2021,010310796,1,11,0,18,19,1,5,2,2,0,0,0,0,0,0,1,1,1,1,40,7,5132,2,4,WRIGHTBUS STREETLITE,2,E01001143,0,-1
2021440107951,2021,440107951,1,11,0,5,5,4,8,0,0,0,0,0,0,0,0,1,1,1,1,56,9,4461,2,8,WRIGHTBUS STREETLITE,2,E01017165,0,-1
2021101049521,2021,101049521,1,11,0,5,5,3,7,0,0,0,0,0,0,0,4,1,1,1,1,65,9,5132,2,4,WRIGHTBUS STREETLITE,1,E01008841,0,-1
2021421076327,2021,421076327,2,11,0,2,2,8,4,2,2,0,0,0,0,0,0,1,1,1,1,46,8,4461,2,7,WRIGHTBUS STREETLITE,-1,-1,0,-1
2021122100474,2021,122100474,1,11,0,4,4,8,3,0,0,0,0,0,0,0,4,1,1,1,1,65,9,4461,2,7,WRIGHTBUS STREETLITE,1,E01033473,0,-1
2021440157975,2021,440157975,1,11,0,18,19,7,3,0,0,0,0,0,0,0,4,1,1,1,2,35,6,4461,2,7,WRIGHTBUS STREETLITE,9,E01022755,0,-1
2021131045424,2021,131045424,1,11,0,18,19,7,3,0,0,0,0,0,0,0,1,1,1,1,1,21,5,5132,2,6,WRIGHTBUS STREETLITE,7,E01011247,0,-1
2021461107711,2021,461107711,1,11,0,18,19,7,3,0,0,1,0,0,0,0,1,1,5,6,1,61,9,4461,2,6,WRIGHTBUS STREETLITE,1,E01016063,0,-1
2021101022352,2021,101022352,2,11,0,18,19,1,5,0,0,3,0,0,0,0,1,1,1,1,1,49,8,4461,2,7,WRIGHTBUS STREETLITE,5,E01008490,0,-1
2021010336016,2021,010336016,1,11,0,18,19,7,3,0,0,2,0,0,0,0,0,1,1,1,1,37,7,5132,2,4,WRIGHTBUS STREETLITE,5,E01000620,0,-1
2021101063653,2021,101063653,1,11,0,18,19,5,1,0,0,0,0,0,0,0,1,1,1,1,1,55,8,5132,2,4,WRIGHTBUS STREETLITE,-1,-1,0,-1
2021101076866,2021,101076866,1,11,0,18,19,1,5,0,0,0,0,0,0,0,0,1,1,1,1,21,5,5132,2,4,WRIGHTBUS STREETLITE,8,E01027438,0,-1
2021361083345,2021,361083345,1,11,0,18,19,2,6,0,0,1,0,0,0,0,1,1,1,1,1,62,9,5132,2,6,WRIGHTBUS STREETLITE,3,E01026843,0,-1
2021041117770,2021,041117770,1,11,0,16,19,4,2,0,0,0,0,0,0,0,4,1,1,1,1,64,9,5132,2,1,WRIGHTBUS STREETLITE,1,E01025293,0,-1
2021010334990,2021,010334990,3,11,0,18,19,5,1,0,0,1,0,0,0,0,0,1,1,1,1,-1,-1,5132,2,5,WRIGHTBUS STREETLITE,-1,-1,0,-1
2021991104236,2021,991104236,1,11,0,4,4,4,8,0,0,0,0,0,0,0,1,1,1,1,1,56,9,4461,2,7,WRIGHTBUS STREETLITE,4,-1,0,-1
2021101028346,2021,101028346,2,11,0,18,19,5,1,0,0,0,0,0,0,0,4,1,1,1,1,58,9,4461,2,8,WRIGHTBUS STREETLITE,2,E01008699,0,-1
2021221059599,2021,221059599,1,11,0,2,2,0,0,6,6,0,0,0,0,0,2,1,1,1,1,39,7,4461,2,5,WRIGHTBUS STREETLITE,2,E01032239,0,-1
2021141041948,2021,141041948,2,11,0,18,19,6,2,0,0,0,0,4,0,0,1,1,1,1,1,47,8,4461,2,7,WRIGHTBUS STREETLITE,6,E01007565,0,-1
2021010336980,2021,010336980,1,11,0,18,19,1,5,0,0,8,0,0,0,0,1,1,1,1,1,45,7,5132,2,5,WRIGHTBUS STREETLITE,6,E01004029,0,-1
2021201098966,2021,201098966,1,11,0,18,19,2,6,0,0,8,0,0,0,0,1,1,1,1,1,57,9,5132,2,2,WRIGHTBUS STREETLITE,4,E01009894,0,-1
2021361062286,2021,361062286,1,11,0,9,9,3,5,0,0,8,1,0,0,0,1,1,1,1,1,60,9,5132,2,6,WRIGHTBUS STREETLITE,7,E01026939,0,-1
2021552101344,2021,552101344,1,11,0,5,5,6,2,0,0,8,0,0,0,0,0,1,1,1,1,42,7,4461,2,7,WRIGHTBUS STREETLITE,8,E01015299,0,-1
2021141085184,2021,141085184,1,11,0,2,2,1,1,0,0,1,0,0,0,0,0,1,1,1,1,52,8,4461,2,8,WRIGHTBUS STREETLITE,9,E01007808,0,-1
2021111107988,2021,111107988,1,11,0,18,19,4,8,0,0,2,0,0,0,0,3,1,1,1,1,38,7,4461,2,8,WRIGHTBUS STREETLITE,5,E01008622,0,-1
2021010300659,2021,010300659,2,11,0,18,19,6,2,0,0,1,0,0,0,0,0,1,1,1,1,21,5,5132,2,5,WRIGHTBUS STREETLITE,-1,-1,0,-1
2021461107623,2021,461107623,1,11,0,18,19,3,7,0,0,8,0,0,0,0,1,1,6,6,1,-1,-1,4461,2,7,WRIGHTBUS STREETLITE,4,E01016120,0,-1
2021101087684,2021,101087684,1,11,0,18,19,3,7,0,0,4,0,0,0,0,4,1,1,1,1,40,7,5132,2,4,WRIGHTBUS STREETLITE,-1,-1,0,-1
2021461090014,2021,461090014,5,11,0,18,19,7,3,0,0,0,0,0,0,0,2,1,6,6,1,57,9,4461,2,8,WRIGHTBUS STREETLITE,3,E01024713,0,-1
2021552101253,2021,552101253,1,11,0,18,19,2,6,0,0,0,0,0,0,0,1,1,1,1,1,48,8,4461,2,8,WRIGHTBUS STREETLITE,4,E01015382,0,-1
2021440475643,2021,440475643,2,11,0,5,5,5,1,0,0,1,0,0,0,0,1,1,1,1,1,57,9,4461,2,7,WRIGHTBUS STREETLITE,2,E01017098,0,-1
2021010309780,2021,010309780,1,11,0,5,5,0,1,0,0,0,0,0,0,0,0,1,1,1,1,56,9,5132,2,4,WRIGHTBUS STREETLITE,5,E01003359,0,-1
2021010311374,2021,010311374,1,11,0,18,19,5,1,0,0,0,0,0,0,0,3,1,1,1,1,25,5,5132,2,4,WRIGHTBUS STREETLITE,4,E01003249,0,-1
2021471085165,2021,471085165,2,11,0,7,7,3,5,0,0,1,0,0,0,0,3,1,1,1,1,45,7,5132,2,5,WRIGHTBUS STREETLITE,6,E01031557,0,-1
2021010308540,2021,010308540,1,11,0,5,5,2,6,2,2,0,0,0,1,0,0,1,1,1,1,49,8,5132,2,4,WRIGHTBUS STREETLITE,1,E01001813,0,-1
2021520102774,2021,520102774,1,17,0,18,19,5,1,0,0,0,0,0,0,0,1,1,6,6,1,57,9,-1,2,34,-1,5,E01029144,0,-1
2021061080958,2021,061080958,2,17,0,18,19,2,5,0,0,8,0,0,0,0,3,1,1,1,1,65,9,-1,2,28,-1,-1,-1,0,-1
2021161028015,2021,161028015,1,3,0,7,7,5,7,0,0,5,0,0,0,0,4,1,6,6,1,17,4,124,1,13,-1,3,E01013272,0,-1
2021101031377,2021,101031377,2,3,0,18,19,2,6,0,0,0,2,4,0,0,1,1,5,6,1,17,4,124,1,9,-1,-1,-1,0,-1
2021201118321,2021,201118321,1,3,0,18,19,3,7,0,0,0,0,0,0,0,1,1,2,2,1,53,8,124,1,12,-1,3,E01009940,0,-1
2021501107480,2021,501107480,1,3,0,16,19,7,3,0,0,8,2,0,0,0,1,1,5,6,1,22,5,124,1,7,-1,3,E01020096,0,-1
2021522102126,2021,522102126,1,9,0,18,19,3,7,0,0,8,0,0,1,11,1,1,6,6,1,42,7,2698,2,12,-1,-1,-1,0,-1
2021141109536,2021,141109536,1,9,0,9,9,2,8,0,0,6,0,0,0,0,1,1,6,6,1,34,6,2698,2,14,-1,1,E01007790,0,-1
2021361087555,2021,361087555,1,9,-1,-1,-1,-1,-1,-1,-1,0,-1,-1,-1,0,1,1,6,6,2,18,4,2698,2,13,-1,3,E01026799,0,-1
2021501033574,2021,501033574,3,9,0,18,19,5,8,0,0,0,0,0,0,0,1,1,5,6,1,58,9,2969,2,14,-1,8,E01020080,0,-1
2021302101804,2021,302101804,2,3,0,18,19,4,8,0,0,8,0,0,0,0,1,1,6,6,1,40,7,125,1,2,-1,1,E01013550,0,-1
2021010299261,2021,010299261,1,3,0,18,19,3,7,0,0,0,0,10,0,0,4,1,6,6,1,42,7,125,1,1,-1,1,E01001840,0,-1
2021471040573,2021,471040573,1,2,0,4,4,2,6,0,0,0,1,0,0,0,3,1,4,7,1,17,4,49,1,1,-1,5,E01031798,0,-1
2021501121353,2021,501121353,2,3,0,4,4,7,2,0,0,1,0,0,0,0,2,1,5,6,1,21,5,125,1,3,-1,1,E01018910,0,-1
2021461099591,2021,461099591,1,2,0,16,19,3,5,0,0,1,0,0,0,0,1,1,6,6,1,16,4,49,1,0,-1,6,E01024546,0,-1
202154B488821,2021,54B488821,2,4,0,18,19,5,1,0,0,1,0,0,1,0,1,1,2,2,1,17,4,125,1,0,-1,4,E01031936,0,-1
2021451076994,2021,451076994,1,9,0,16,19,7,3,0,0,0,1,0,0,0,1,1,5,6,1,77,11,1368,1,10,-1,10,E01023096,0,-1
2021061081011,2021,061081011,1,9,0,2,2,1,1,0,0,0,0,0,0,0,2,1,6,6,2,23,5,1368,1,10,-1,10,E01006195,0,-1
2021141093059,2021,141093059,1,9,0,18,19,3,7,0,0,1,0,0,0,0,2,1,5,6,2,46,8,1956,2,9,-1,2,E01007417,0,-1
2021302100281,2021,302100281,1,9,0,9,9,2,8,0,0,2,1,0,0,0,3,1,6,6,1,44,7,1598,2,9,-1,4,E01019544,0,-1
202134WNC5431,2021,34WNC5431,1,9,0,18,19,6,2,0,0,8,1,0,0,0,4,1,6,6,1,30,6,602,1,43,-1,3,E01027147,0,-1
2021010289665,2021,010289665,2,5,0,18,19,3,7,0,0,8,0,0,0,0,1,1,6,6,1,37,7,937,1,5,-1,1,E01001732,0,-1
2021010287927,2021,010287927,1,5,0,18,19,1,5,0,0,8,0,0,0,0,1,1,2,2,1,43,7,745,1,4,-1,5,E01004624,0,-1
2021010330764,2021,010330764,1,5,0,7,7,2,4,0,0,5,1,0,0,0,4,1,6,6,1,20,4,745,1,0,-1,3,E01004182,0,-1
2021010298747,2021,010298747,2,5,0,18,19,7,3,2,2,1,0,0,0,0,1,1,6,6,1,36,7,745,1,3,-1,9,E01023448,0,-1
2021010324336,2021,010324336,4,5,0,3,3,1,5,0,0,0,5,0,0,0,1,1,6,6,3,-1,-1,745,1,4,-1,-1,-1,0,-1
2021010330202,2021,010330202,1,4,0,18,19,1,5,0,0,8,0,0,0,0,1,1,6,6,1,21,5,745,1,3,-1,-1,-1,0,-1
2021471102004,2021,471102004,2,5,0,4,4,7,4,0,0,0,0,0,0,0,1,1,5,6,1,55,8,745,1,3,-1,10,E01031755,0,-1
2021430322477,2021,430322477,1,5,0,13,13,6,2,0,0,2,0,0,1,4,1,1,6,6,1,70,10,745,1,0,-1,7,E01022216,0,-1
2021501111783,2021,501111783,2,3,0,18,19,6,3,0,0,8,0,0,0,0,1,1,5,6,1,18,4,124,1,19,-1,3,E01015166,0,-1
2021010297900,2021,010297900,1,3,0,99,99,9,9,99,99,9,9,99,9,99,2,1,6,6,1,20,4,124,1,20,-1,3,E01001715,0,-1
2021302100026,2021,302100026,1,3,0,6,6,4,4,0,0,0,0,0,0,0,2,1,6,6,1,17,4,124,1,19,-1,3,E01019777,0,-1
2021501068019,2021,501068019,2,9,0,18,19,8,4,0,0,0,0,0,0,0,1,1,5,6,1,41,7,1591,1,6,HYUNDAI I30,9,E01015160,0,-1
2021451053342,2021,451053342,1,9,0,9,9,1,2,0,0,0,0,0,0,0,1,1,2,2,2,42,7,1582,2,7,HYUNDAI I30,8,E01030313,0,-1
2021991079314,2021,991079314,1,9,0,5,5,2,7,0,0,1,0,0,0,0,3,1,5,6,2,70,10,1998,1,3,HYUNDAI I30,7,-1,0,-1
2021440355606,2021,440355606,2,9,0,18,19,3,7,0,0,0,0,0,0,0,3,1,6,6,1,59,9,1582,2,12,HYUNDAI I30,8,E01021169,0,-1
2021010288654,2021,010288654,3,9,0,4,4,5,1,0,0,0,0,0,0,0,1,1,2,2,1,25,5,1582,2,10,HYUNDAI I30,7,E01002177,0,-1
2021201136042,2021,201136042,1,9,0,9,9,5,2,0,0,6,0,0,0,0,1,1,6,6,1,53,8,1582,2,5,HYUNDAI I30,2,E01009151,0,-1
2021520201063,2021,520201063,1,9,0,5,5,8,4,0,0,1,0,0,0,0,1,1,1,1,1,30,6,1353,1,1,HYUNDAI I30,-1,-1,0,-1
2021052100825,2021,052100825,2,9,0,6,6,5,5,0,0,8,1,0,0,0,3,1,6,6,1,25,5,1396,1,11,HYUNDAI I30,1,E01006844,0,-1
2021061047802,2021,061047802,2,9,0,5,5,8,4,0,0,0,0,0,0,0,3,1,6,6,1,54,8,1582,2,5,HYUNDAI I30,-1,-1,0,-1
2021461017840,2021,461017840,1,9,0,7,7,7,3,0,0,0,0,0,0,0,1,1,2,2,1,66,10,1396,1,9,HYUNDAI I30,8,E01016093,0,-1
2021991082114,2021,991082114,1,9,0,16,19,6,1,0,0,3,0,0,0,0,1,1,1,1,1,63,9,1582,2,6,HYUNDAI I30,9,-1,0,-1
2021371047145,2021,371047145,1,9,0,18,19,5,3,0,0,8,0,0,0,0,3,1,5,6,2,82,11,1591,1,6,HYUNDAI I30,6,E01030100,0,-1
2021010295265,2021,010295265,2,9,0,99,99,9,9,99,99,9,9,99,9,99,1,9,6,6,3,31,6,1396,1,11,HYUNDAI I30,3,E01002130,0,-1
2021131035668,2021,131035668,1,9,0,18,19,5,1,0,0,8,0,0,0,0,1,1,5,6,1,33,6,1998,1,2,HYUNDAI I30,8,E01032493,0,-1
2021201126061,2021,201126061,1,9,0,18,19,5,1,0,0,0,5,4,0,0,3,1,6,6,1,80,11,1591,1,12,HYUNDAI I30,1,E01010236,0,-1
2021451116771,2021,451116771,3,9,0,18,19,5,1,0,0,0,0,0,0,0,2,1,5,6,2,65,9,1582,2,10,HYUNDAI I30,5,E01021890,0,-1
2021010337439,2021,010337439,2,9,0,99,99,9,9,99,99,9,9,99,9,99,1,9,6,6,3,-1,-1,1582,2,3,HYUNDAI I30,-1,-1,0,-1
2021461111929,2021,461111929,1,9,0,1,1,4,1,0,0,0,0,0,0,0,2,1,5,6,3,-1,-1,1396,1,6,HYUNDAI I30,-1,-1,0,-1
2021141041763,2021,141041763,1,9,0,18,19,5,1,0,0,0,0,0,0,0,1,1,3,7,2,42,7,1582,2,9,HYUNDAI I30,8,E01008149,0,-1
2021622101011,2021,622101011,3,9,0,2,2,0,0,0,0,1,0,0,0,0,2,1,6,6,3,-1,-1,1582,2,7,HYUNDAI I30,-1,-1,0,-1
20211381K1520,2021,1381K1520,1,9,0,9,9,3,7,0,0,1,0,0,0,0,1,1,1,1,1,48,8,1582,2,11,HYUNDAI I30,5,E01011063,0,-1
2021522200549,2021,522200549,1,9,0,18,19,5,1,0,0,0,0,0,0,0,1,1,6,6,1,62,9,1582,2,5,HYUNDAI I30,2,E01014834,0,-1
2021430298226,2021,430298226,1,9,0,17,19,4,1,0,0,0,0,0,0,0,4,1,6,6,3,-1,-1,1396,1,10,HYUNDAI I30,-1,-1,0,-1
202163A032921,2021,63A032921,3,9,0,3,3,2,6,0,0,0,0,0,0,0,2,1,1,1,1,28,6,1582,2,8,HYUNDAI I30,2,W01000811,0,-1
2021991022287,2021,991022287,1,8,0,7,7,4,7,0,0,8,0,0,0,0,4,1,1,1,1,52,8,1582,2,6,HYUNDAI I30,1,-1,0,-1
2021471066256,2021,471066256,1,9,0,18,19,4,8,0,0,6,0,0,0,0,1,1,6,6,2,37,7,1582,2,12,HYUNDAI I30,9,E01030582,0,-1
2021131092737,2021,131092737,2,9,0,9,9,1,5,0,0,0,0,0,0,0,3,1,5,6,2,56,9,1582,2,8,HYUNDAI I30,1,E01011355,0,-1
2021501114164,2021,501114164,1,9,0,9,9,1,7,0,0,1,0,0,0,0,1,1,5,6,2,35,6,1582,2,5,HYUNDAI I30,6,E01019893,0,-1
2021010288034,2021,010288034,1,9,0,9,9,6,5,0,0,1,0,0,0,0,1,1,6,6,1,83,11,1353,1,4,HYUNDAI I30,7,E01001036,0,-1
2021231025467,2021,231025467,2,9,0,2,2,0,0,0,0,2,0,0,0,0,4,1,1,1,1,35,6,1582,2,5,HYUNDAI I30,5,E01031171,0,-1
2021440409342,2021,440409342,1,9,0,18,19,7,3,0,0,0,0,0,0,0,1,1,6,6,1,25,5,998,1,4,HYUNDAI I30,10,E01031970,0,-1
2021010333406,2021,010333406,2,9,0,18,19,1,5,0,0,8,0,0,0,0,3,1,6,6,2,29,6,1368,1,5,HYUNDAI I30,3,E01021859,0,-1
2021122100507,2021,122100507,2,9,0,2,2,0,0,0,0,0,0,0,0,0,2,1,6,6,3,-1,-1,1582,2,10,HYUNDAI I30,-1,-1,0,-1
2021201145556,2021,201145556,1,9,0,18,19,7,3,0,0,6,0,0,0,0,4,1,6,6,3,-1,-1,1582,2,10,HYUNDAI I30,-1,-1,0,-1
2021061040240,2021,061040240,1,9,0,18,19,6,2,0,0,8,0,0,0,0,1,1,1,1,2,33,6,1396,2,7,HYUNDAI I30,1,E01005427,0,-1
2021010347210,2021,010347210,1,9,0,99,99,9,9,99,99,9,9,99,9,99,1,9,6,6,1,31,6,1396,1,12,HYUNDAI I30,5,E01016223,0,-1
2021131083892,2021,131083892,2,9,0,18,19,1,5,0,0,0,0,0,0,0,2,1,1,1,1,47,8,1582,2,8,HYUNDAI I30,1,E01010713,0,-1
202134WNC7401,2021,34WNC7401,1,9,0,18,19,1,5,0,0,0,0,0,0,0,1,1,6,6,2,43,7,1582,2,11,HYUNDAI I30,8,E01017736,0,-1
2021061098177,2021,061098177,2,9,0,18,19,1,1,0,0,0,0,0,0,0,3,1,6,6,1,25,5,1998,1,1,HYUNDAI I30,3,E01006145,0,-1
202131B159021,2021,31B159021,2,9,0,12,12,8,4,0,0,0,0,0,0,0,2,1,6,6,3,-1,-1,1582,2,6,HYUNDAI I30,-1,-1,0,-1
202163A105721,2021,63A105721,1,9,0,16,19,2,5,0,0,0,5,11,2,10,1,1,6,6,1,26,6,998,1,4,HYUNDAI I30,8,W01000727,0,-1
2021070607746,2021,070607746,1,9,0,18,19,4,8,0,0,0,0,0,0,0,1,1,6,6,1,81,11,1396,1,12,HYUNDAI I30,-1,-1,0,-1
2021122101406,2021,122101406,2,9,0,2,2,0,0,0,0,0,0,0,0,0,0,1,6,6,2,54,8,1582,2,6,HYUNDAI I30,7,E01027816,0,-1
2021061101744,2021,061101744,2,9,0,4,4,1,5,0,0,8,0,0,0,0,2,1,6,6,2,30,6,1582,2,7,HYUNDAI I30,-1,-1,0,-1
2021010330098,2021,010330098,2,9,0,18,19,1,5,0,0,8,0,0,0,0,2,1,1,1,2,-1,-1,1396,1,11,HYUNDAI I30,2,E01001529,0,-1
2021221081492,2021,221081492,1,9,0,9,9,5,2,0,0,5,0,0,7,0,4,1,2,2,2,27,6,1582,2,5,HYUNDAI I30,3,E01009922,0,-1
2021501119222,2021,501119222,1,9,0,17,19,5,1,0,0,0,2,0,0,0,1,1,5,6,1,40,7,998,1,3,HYUNDAI I30,8,E01016192,0,-1
2021522100247,2021,522100247,2,9,0,18,19,8,4,0,0,0,0,0,0,0,0,1,6,6,1,40,7,1353,1,2,HYUNDAI I30,-1,-1,0,-1
2021451022890,2021,451022890,1,9,0,9,9,7,5,0,0,8,0,0,0,0,1,1,1,1,1,28,6,1396,1,7,HYUNDAI I30,-1,-1,0,-1
2021451117983,2021,451117983,2,9,0,4,4,5,1,0,0,0,0,0,0,0,1,1,5,6,1,82,11,1591,1,5,HYUNDAI I30,10,E01030798,0,-1
2021131127237,2021,131127237,1,9,0,5,5,1,7,0,0,0,0,0,7,0,4,1,5,6,2,39,7,1582,2,5,HYUNDAI I30,1,E01010830,0,-1
2021131117221,2021,131117221,1,9,0,18,19,7,7,0,0,0,0,0,0,0,1,1,2,2,1,63,9,1582,2,6,HYUNDAI I30,1,E01011911,0,-1
202131B043221,2021,31B043221,1,9,0,17,19,8,5,0,0,0,1,0,1,4,1,1,6,6,2,31,6,1582,2,9,HYUNDAI I30,7,E01028329,0,-1
2021361041297,2021,361041297,4,9,0,18,19,3,7,0,0,0,0,0,1,0,3,1,5,6,2,32,6,1396,1,10,HYUNDAI I30,5,E01026715,0,-1
2021070339245,2021,070339245,1,9,0,18,19,1,5,0,0,4,0,0,0,0,1,2,6,6,1,66,10,1582,2,8,HYUNDAI I30,8,E01018375,0,-1
2021061137861,2021,061137861,1,9,0,18,19,8,4,0,0,8,0,0,1,11,3,1,3,7,2,48,8,1591,1,12,HYUNDAI I30,1,E01005564,0,-1
2021302101256,2021,302101256,1,9,0,18,19,2,6,0,0,0,0,0,0,0,1,1,6,6,2,50,8,1582,2,6,HYUNDAI I30,10,E01029731,0,-1
2021411066421,2021,411066421,1,9,0,18,19,1,5,0,0,0,0,0,1,0,1,1,6,6,1,46,8,1591,1,12,HYUNDAI I30,3,E01000915,0,-1
2021010301964,2021,010301964,1,9,0,18,19,5,1,0,0,1,0,0,0,0,1,1,1,1,2,28,6,1353,1,0,HYUNDAI I30,6,E01000871,0,-1
2021471060847,2021,471060847,1,9,0,4,4,6,8,0,0,1,0,0,0,0,4,1,6,6,1,49,8,1582,2,11,HYUNDAI I30,3,E01021178,0,-1
2021351125367,2021,351125367,2,9,0,18,19,4,8,0,0,0,0,0,0,0,2,1,6,6,2,33,6,1396,1,9,HYUNDAI I30,10,E01018198,0,-1
2021401040890,2021,401040890,1,9,0,18,19,1,5,0,0,5,0,0,0,0,1,1,6,6,1,24,5,1582,2,12,HYUNDAI I30,4,E01017506,0,-1
2021501100544,2021,501100544,1,9,0,18,19,2,6,0,0,0,0,4,0,0,3,1,3,7,2,34,6,1396,1,11,HYUNDAI I30,-1,-1,0,-1
2021302101016,2021,302101016,1,9,0,18,19,4,8,0,0,8,0,0,0,0,3,1,6,6,3,-1,-1,1582,2,6,HYUNDAI I30,5,E01019456,0,-1
2021010301219,2021,010301219,1,9,0,18,19,7,3,0,0,2,0,0,0,0,1,1,6,6,1,60,9,1591,1,5,HYUNDAI I30,4,E01003757,0,-1
2021041067011,2021,041067011,2,9,0,18,19,1,5,0,0,0,1,0,0,0,1,1,2,2,1,56,9,1582,2,9,HYUNDAI I30,9,E01024972,0,-1
2021552100598,2021,552100598,3,9,0,4,4,3,7,0,0,4,0,0,0,0,2,1,6,6,1,71,10,998,1,4,HYUNDAI I30,4,E01015465,0,-1
2021070766393,2021,070766393,1,9,0,3,3,4,8,0,0,2,0,0,0,0,1,1,2,2,1,28,6,1396,1,8,HYUNDAI I30,9,E01018737,0,-1
2021141092339,2021,141092339,1,9,0,17,19,1,5,0,0,0,0,0,0,0,4,1,2,2,1,32,6,1582,2,8,HYUNDAI I30,8,E01007818,0,-1
2021451021452,2021,451021452,1,9,0,9,9,1,5,0,0,3,0,0,0,0,4,1,1,1,1,52,8,1396,1,8,HYUNDAI I30,8,E01030803,0,-1
2021131054171,2021,131054171,2,9,0,18,19,6,6,0,0,0,0,0,0,0,2,1,6,6,3,-1,-1,1582,2,11,HYUNDAI I30,-1,-1,0,-1
2021161070701,2021,161070701,2,9,0,4,4,4,8,0,0,4,0,0,0,0,1,1,6,6,2,39,7,1582,2,6,HYUNDAI I30,1,E01013220,0,-1
2021211153865,2021,211153865,2,9,-1,18,19,2,6,0,0,1,0,0,0,0,2,1,6,6,2,19,4,1396,1,12,HYUNDAI I30,4,E01014268,0,-1
2021440225264,2021,440225264,1,9,0,5,5,1,3,0,0,4,0,0,0,0,3,1,1,1,2,35,6,1582,2,5,HYUNDAI I30,1,E01022905,0,-1
2021201066494,2021,201066494,1,9,0,18,19,5,1,0,0,0,0,0,0,0,1,1,6,6,3,-1,-1,1582,2,12,HYUNDAI I30,-1,-1,0,-1
2021201098921,2021,201098921,1,9,0,18,19,6,2,0,0,0,0,0,0,0,3,1,6,6,1,56,9,1396,1,9,HYUNDAI I30,1,E01009329,0,-1
2021991097290,2021,991097290,2,9,0,18,19,4,8,0,0,1,0,0,0,0,3,1,5,6,2,47,8,1591,1,7,HYUNDAI I30,3,-1,0,-1
2021061079504,2021,061079504,1,9,0,18,19,3,7,9,9,8,0,10,3,1,1,1,6,6,1,25,5,1582,2,8,HYUNDAI I30,-1,-1,0,-1
2021471046246,2021,471046246,2,9,0,9,9,5,7,0,0,8,0,0,0,0,2,1,1,1,1,36,7,1396,1,12,HYUNDAI I30,3,E01016919,0,-1
2021061080493,2021,061080493,2,9,0,17,19,1,5,0,0,8,0,0,0,0,1,1,5,6,1,24,5,1396,1,12,HYUNDAI I30,1,E01004870,0,-1
2021010298485,2021,010298485,2,9,0,18,19,3,7,0,0,1,0,0,0,0,1,1,1,1,1,46,8,1353,1,1,HYUNDAI I30,-1,-1,0,-1
2021070869484,2021,070869484,2,9,0,18,19,5,1,0,0,1,0,0,0,0,1,1,6,6,2,36,7,1396,1,8,HYUNDAI I30,6,E01018425,0,-1
2021101128355,2021,101128355,1,9,0,9,9,1,7,0,0,1,0,0,0,0,4,1,6,6,2,32,6,1591,1,11,HYUNDAI I30,7,E01009417,0,-1
2021461027361,2021,461027361,2,9,0,4,4,3,7,0,0,1,1,0,0,0,1,1,5,6,1,43,7,1582,2,8,HYUNDAI I30,6,E01024005,0,-1
2021430163228,2021,430163228,1,9,0,1,1,2,6,0,0,0,0,0,0,0,2,1,6,6,1,39,7,1396,1,8,HYUNDAI I30,8,E01017931,0,-1
2021471059423,2021,471059423,2,9,0,9,9,5,3,0,0,8,0,0,0,0,1,1,5,6,2,69,10,1368,1,5,HYUNDAI I30,10,E01031682,0,-1
2021131037743,2021,131037743,2,9,0,18,19,3,5,0,0,0,0,0,0,0,1,1,6,6,3,30,6,1998,1,3,HYUNDAI I30,-1,-1,0,-1
2021440375584,2021,440375584,3,9,0,18,19,3,7,0,0,1,0,0,1,0,1,1,6,6,1,46,8,1353,1,3,HYUNDAI I30,3,E01017220,0,-1
2021010343246,2021,010343246,1,9,0,4,4,4,8,0,0,1,0,0,0,0,1,1,1,1,1,60,9,1582,2,5,HYUNDAI I30,6,E01004163,0,-1
2021451051476,2021,451051476,1,9,0,18,19,8,4,0,0,2,0,0,0,0,1,1,5,6,1,39,7,1582,2,11,HYUNDAI I30,9,E01031563,0,-1
2021101101786,2021,101101786,1,9,0,10,10,3,8,0,0,8,0,0,0,0,1,1,5,6,2,62,9,1582,2,7,HYUNDAI I30,1,E01008608,0,-1
2021421097394,2021,421097394,1,9,0,12,12,5,1,0,0,0,0,0,0,0,3,1,6,6,2,41,7,1591,1,14,HYUNDAI I30,3,E01004355,0,-1
2021010343738,2021,010343738,2,9,0,3,3,7,3,0,0,1,0,0,0,0,2,1,6,6,2,29,6,1591,1,12,HYUNDAI I30,3,E01000392,0,-1
2021010292801,2021,010292801,1,9,0,3,3,3,7,0,0,2,0,0,0,0,1,1,2,2,1,49,8,1396,1,10,HYUNDAI I30,7,E01002329,0,-1
2021451074203,2021,451074203,1,9,0,10,10,4,2,0,0,1,0,0,0,0,2,1,5,6,1,34,6,1396,1,11,HYUNDAI I30,6,E01030737,0,-1