collision_index,collision_year,collision_ref_no,vehicle_reference,vehicle_type,towing_and_articulation,vehicle_manoeuvre_historic,vehicle_manoeuvre,vehicle_direction_from,vehicle_direction_to,vehicle_location_restricted_lane_historic,vehicle_location_restricted_lane,junction_location,skidding_and_overturning,hit_object_in_carriageway,vehicle_leaving_carriageway,hit_object_off_carriageway,first_point_of_impact,vehicle_left_hand_drive,journey_purpose_of_driver_historic,journey_purpose_of_driver,sex_of_driver,age_of_driver,age_band_of_driver,engine_capacity_cc,propulsion_code,age_of_vehicle,generic_make_model,driver_imd_decile,lsoa_of_driver,escooter_flag,driver_distance_banding
2021122100768,2021,122100768,2,9,0,18,19,5,1,0,0,1,0,0,0,0,4,1,2,2,2,18,4,1582,2,9,HYUNDAI I30,7,E01027924,0,-1
2021430093793,2021,430093793,3,9,0,3,3,2,6,0,0,1,0,0,0,0,1,1,6,6,2,38,7,1582,2,10,HYUNDAI I30,6,E01016388,0,-1
2021461047490,2021,461047490,1,9,0,12,12,6,2,0,0,0,0,0,0,0,1,1,5,6,2,49,8,1582,2,11,HYUNDAI I30,10,E01024820,0,-1
2021411062880,2021,411062880,2,9,0,18,19,6,6,0,0,0,0,0,0,0,1,1,2,2,2,44,7,1582,2,9,HYUNDAI I30,6,E01000306,0,-1
2021461127827,2021,461127827,1,9,0,18,19,5,1,0,0,2,0,0,0,0,4,1,1,1,1,47,8,1582,2,11,HYUNDAI I30,3,E01016021,0,-1
2021471125806,2021,471125806,1,9,0,9,9,3,1,0,0,6,0,0,0,0,4,1,1,1,1,32,6,1582,2,13,HYUNDAI I30,6,E01031509,0,-1
2021451106427,2021,451106427,1,9,0,10,10,7,5,0,0,1,0,0,0,0,2,1,2,2,1,26,6,1582,2,6,HYUNDAI I30,-1,-1,0,-1
2021010340458,2021,010340458,1,9,0,7,7,3,5,0,0,6,0,0,0,0,1,1,6,6,1,69,10,1396,1,12,HYUNDAI I30,10,E01000652,0,-1
2021201137050,2021,201137050,2,8,0,7,7,2,4,0,0,5,0,0,0,0,2,1,6,6,1,58,9,1582,2,8,HYUNDAI I30,1,E01010543,0,-1
2021161048295,2021,161048295,1,9,0,18,19,6,2,0,0,0,0,0,0,0,1,1,6,6,1,28,6,1582,2,5,HYUNDAI I30,2,E01012886,0,-1
2021131064579,2021,131064579,1,9,0,3,3,7,3,0,0,8,0,0,0,0,1,1,5,6,1,24,5,1396,1,12,HYUNDAI I30,8,E01032945,0,-1
2021131035582,2021,131035582,1,9,0,4,4,8,4,0,0,0,0,0,0,0,1,1,6,6,3,30,6,1396,1,12,HYUNDAI I30,-1,-1,0,-1
2021522102040,2021,522102040,2,9,0,18,19,8,4,0,0,8,0,0,0,0,1,1,6,6,2,40,7,1396,1,6,HYUNDAI I30,-1,-1,0,-1
2021070614228,2021,070614228,2,9,0,2,2,0,0,0,0,0,0,0,0,0,2,1,6,6,1,39,7,1582,2,11,HYUNDAI I30,6,E01012440,0,-1
2021131126405,2021,131126405,1,9,0,18,19,6,2,0,0,8,0,7,0,0,4,1,6,6,1,40,7,1582,2,7,HYUNDAI I30,1,E01011677,0,-1
2021440329151,2021,440329151,2,9,0,18,19,3,7,0,0,8,0,0,0,0,1,1,6,6,1,76,11,1582,2,10,HYUNDAI I30,-1,-1,0,-1
2021552101319,2021,552101319,2,9,0,9,9,6,4,0,0,5,0,0,0,0,1,1,6,6,2,35,6,1582,2,11,HYUNDAI I30,4,E01015326,0,-1
2021991024420,2021,991024420,1,9,0,9,9,5,2,0,0,2,0,0,0,0,1,1,5,6,1,26,6,1582,2,6,HYUNDAI I30,3,-1,0,-1
2021061029490,2021,061029490,2,9,0,9,9,3,5,0,0,0,1,0,0,0,1,1,6,6,1,30,6,1582,2,12,HYUNDAI I30,3,E01005139,0,-1
2021010321745,2021,010321745,3,9,0,18,19,7,3,0,0,1,0,0,0,0,0,1,1,1,1,40,7,1353,1,0,HYUNDAI I30,4,E01001247,0,-1
2021010304894,2021,010304894,1,9,0,99,99,9,9,99,99,9,9,99,9,99,2,9,6,6,2,36,7,1582,2,11,HYUNDAI I30,6,E01001016,0,-1
2021201052137,2021,201052137,1,9,0,18,19,8,4,0,0,0,0,0,0,0,1,1,5,6,1,42,7,1582,2,5,HYUNDAI I30,1,E01010527,0,-1
2021010309256,2021,010309256,1,9,0,18,19,5,1,0,0,8,1,0,0,0,3,1,6,6,2,48,8,1396,1,12,HYUNDAI I30,7,E01004159,0,-1
2021547829221,2021,547829221,2,9,0,3,3,7,2,0,0,1,0,0,0,0,2,1,6,6,2,30,6,1582,2,9,HYUNDAI I30,8,E01015472,0,-1
2021131085500,2021,131085500,2,8,0,15,15,1,1,0,0,8,0,0,0,0,1,2,1,1,1,27,6,1582,2,6,HYUNDAI I30,9,E01011923,0,-1
2021131098886,2021,131098886,2,9,0,2,2,0,0,0,0,0,0,0,0,0,2,1,1,1,1,44,7,1396,1,9,HYUNDAI I30,8,E01027661,0,-1
2021440473552,2021,440473552,2,9,0,7,7,6,8,0,0,8,0,0,0,0,0,1,6,6,3,-1,-1,1591,1,10,HYUNDAI I30,-1,-1,0,-1
2021430350984,2021,430350984,2,9,0,18,19,6,2,0,0,0,0,0,0,0,2,1,2,2,1,27,6,1396,1,12,HYUNDAI I30,7,E01028750,0,-1
2021991091812,2021,991091812,1,9,0,9,9,3,1,0,0,1,0,0,0,0,1,1,5,6,2,24,5,1396,1,8,HYUNDAI I30,1,-1,0,-1
2021201148056,2021,201148056,1,9,0,18,19,2,6,0,0,1,0,0,0,0,1,1,6,6,2,30,6,1582,2,14,HYUNDAI I30,3,E01009760,0,-1
2021622100520,2021,622100520,2,9,0,2,2,0,0,0,0,1,0,0,0,0,1,1,6,6,3,-1,-1,1396,1,11,HYUNDAI I30,-1,-1,0,-1
2021430269763,2021,430269763,2,9,0,17,19,1,6,0,0,0,0,0,0,0,3,1,6,6,2,61,9,1582,2,6,HYUNDAI I30,9,E01016601,0,-1
2021451108963,2021,451108963,1,9,0,3,3,5,1,0,0,1,0,0,0,0,2,1,1,1,1,50,8,1582,2,3,HYUNDAI I30,3,E01030385,0,-1
2021361156504,2021,361156504,1,9,0,18,19,2,6,0,0,0,0,0,0,0,1,1,5,6,1,77,11,1582,2,9,HYUNDAI I30,5,E01026845,0,-1
2021010316054,2021,010316054,3,9,0,2,2,0,0,0,0,2,0,0,0,0,1,1,6,6,3,-1,-1,1353,1,4,HYUNDAI I30,-1,-1,0,-1
2021411071595,2021,411071595,1,9,0,9,9,1,5,0,0,2,0,0,0,0,1,1,2,2,1,25,5,1582,2,11,HYUNDAI I30,6,E01023601,0,-1
2021461019039,2021,461019039,1,9,0,7,7,5,3,0,0,4,0,0,0,0,1,1,5,6,1,85,11,1591,1,13,HYUNDAI I30,7,E01024242,0,-1
2021201099623,2021,201099623,2,9,0,18,19,5,1,0,0,0,0,0,0,0,3,1,6,6,2,23,5,1396,1,11,HYUNDAI I30,6,E01027057,0,-1
2021461130970,2021,461130970,3,9,0,2,2,0,0,0,0,0,0,0,0,0,3,1,6,6,1,50,8,1582,2,7,HYUNDAI I30,1,E01016063,0,-1
2021622101011,2021,622101011,2,8,0,4,4,3,7,0,0,1,0,0,0,0,4,1,1,1,1,45,7,1582,2,8,HYUNDAI I30,8,W01001011,0,-1
2021201143958,2021,201143958,1,9,0,9,9,1,8,0,0,5,0,0,0,0,1,1,6,6,1,-1,-1,1396,1,10,HYUNDAI I30,-1,-1,0,-1
2021010316011,2021,010316011,2,9,0,5,5,0,1,9,9,0,0,0,0,0,3,1,6,6,1,50,8,1582,2,7,HYUNDAI I30,4,E01004388,0,-1
2021401064542,2021,401064542,2,9,0,3,3,2,6,0,0,0,0,0,0,0,1,1,1,1,2,25,5,1582,2,4,HYUNDAI I30,-1,-1,0,-1
2021501066724,2021,501066724,1,9,0,18,19,7,3,0,0,0,0,0,0,0,1,1,5,6,1,39,7,1582,2,12,HYUNDAI I30,5,W01001649,0,-1
2021221088043,2021,221088043,2,9,0,13,13,2,6,0,0,0,0,0,7,0,1,1,5,6,1,22,5,1998,1,3,HYUNDAI I30,6,E01014095,0,-1
2021070835624,2021,070835624,2,9,0,17,19,2,6,0,0,1,0,0,0,0,4,1,6,6,1,33,6,1582,2,9,HYUNDAI I30,2,E01012442,0,-1
2021061097145,2021,061097145,1,9,0,7,7,7,1,0,0,1,0,0,0,0,4,1,1,1,1,54,8,1582,2,9,HYUNDAI I30,7,E01005819,0,-1
2021542737321,2021,542737321,2,9,0,18,19,7,3,0,0,0,0,0,0,0,3,1,2,2,1,40,7,1582,2,12,HYUNDAI I30,9,E01032020,0,-1
2021991069859,2021,991069859,1,9,0,7,7,1,4,0,0,2,0,0,0,0,4,1,2,2,1,33,6,1582,2,5,HYUNDAI I30,2,-1,0,-1
2021461122128,2021,461122128,1,9,0,18,19,3,7,0,0,1,1,11,4,6,3,1,2,2,1,-1,-1,1582,2,10,HYUNDAI I30,6,E01024807,0,-1
2021440287291,2021,440287291,2,9,0,7,7,3,5,5,5,1,0,0,0,0,1,1,6,6,1,32,6,1482,8,0,HYUNDAI I30,9,E01022837,0,-1
2021131113888,2021,131113888,1,9,0,18,19,2,4,0,0,0,0,0,0,0,1,1,1,1,1,47,8,1582,2,6,HYUNDAI I30,6,E01010957,0,-1
2021622100770,2021,622100770,3,9,0,4,4,7,3,0,0,0,0,0,0,0,2,1,2,2,2,48,8,1396,1,8,HYUNDAI I30,1,W01001699,0,-1
2021501096323,2021,501096323,1,9,0,3,3,1,5,0,0,8,0,0,0,0,1,1,6,6,1,19,4,1582,2,12,HYUNDAI I30,4,E01018874,0,-1
2021201060206,2021,201060206,1,9,0,9,9,8,6,0,0,6,0,0,0,0,1,1,3,7,2,32,6,1368,1,5,HYUNDAI I30,2,E01009304,0,-1
2021201138459,2021,201138459,1,9,0,9,9,6,4,0,0,6,0,0,0,0,1,1,6,6,1,30,6,1582,2,9,HYUNDAI I30,2,E01009980,0,-1
2021010293441,2021,010293441,1,9,0,5,5,5,1,0,0,4,0,0,0,0,3,1,6,6,1,27,6,1396,1,11,HYUNDAI I30,5,E01000322,0,-1
2021471038816,2021,471038816,3,9,0,18,19,1,5,0,0,8,0,0,0,0,4,1,1,1,1,42,7,1582,2,9,HYUNDAI I30,6,E01021034,0,-1
2021622200066,2021,622200066,1,9,0,18,19,3,7,0,0,8,0,0,0,0,1,1,6,6,2,28,6,1582,2,8,HYUNDAI I30,4,W01001178,0,-1
2021101028884,2021,101028884,1,9,0,18,19,1,5,0,0,0,0,0,1,10,1,1,5,6,1,74,10,1598,2,2,HYUNDAI I30,-1,-1,0,-1
2021430037335,2021,430037335,1,9,0,18,19,4,8,0,0,0,5,0,1,9,1,1,6,6,1,24,5,1396,1,7,HYUNDAI I30,10,E01017754,0,-1
2021440449384,2021,440449384,1,9,0,9,9,8,4,0,0,8,0,0,0,0,4,1,1,1,1,40,7,1582,2,8,HYUNDAI I30,10,E01022790,0,-1
2021361080715,2021,361080715,2,9,0,18,19,4,8,0,0,1,0,0,0,0,1,1,6,6,1,43,7,1353,1,2,HYUNDAI I30,1,E01026832,0,-1
2021201148638,2021,201148638,2,9,0,9,9,1,6,0,0,6,0,0,0,0,1,1,6,6,2,24,5,1582,2,6,HYUNDAI I30,3,E01009199,0,-1
2021070536071,2021,070536071,1,9,0,18,19,3,7,0,0,0,5,10,0,11,4,1,6,6,2,23,5,1396,1,12,HYUNDAI I30,9,E01018389,0,-1
2021161110461,2021,161110461,1,9,0,5,5,7,3,0,0,4,0,0,0,0,1,1,5,6,1,72,10,1396,1,10,HYUNDAI I30,6,E01012811,0,-1
2021522105167,2021,522105167,1,9,0,18,19,6,1,0,0,7,0,0,0,0,2,1,6,6,1,40,7,1582,2,9,HYUNDAI I30,6,E01014670,0,-1
2021070169791,2021,070169791,1,9,0,16,19,1,5,0,0,6,0,0,7,11,3,1,6,6,1,74,10,1582,2,8,HYUNDAI I30,2,W01000184,0,-1
2021131105271,2021,131105271,1,9,0,1,1,5,1,0,0,0,0,0,0,0,4,1,5,6,2,50,8,1582,2,13,HYUNDAI I30,1,E01033691,0,-1
2021461115762,2021,461115762,1,9,0,16,19,7,4,0,0,2,5,0,7,0,3,1,5,6,1,21,5,1582,2,11,HYUNDAI I30,3,E01031609,0,-1
2021131108967,2021,131108967,3,9,0,18,19,2,6,0,0,1,0,0,0,0,1,1,5,6,1,59,9,1582,2,8,HYUNDAI I30,1,E01011029,0,-1
2021010317884,2021,010317884,1,9,0,6,6,3,3,0,0,1,0,0,0,0,0,1,6,6,2,42,7,1582,2,9,HYUNDAI I30,10,E01002978,0,-1
2021061102627,2021,061102627,1,9,0,18,19,7,3,0,0,1,0,0,0,0,4,1,6,6,2,28,6,1582,2,6,HYUNDAI I30,2,E01004795,0,-1
2021010289256,2021,010289256,2,9,0,4,4,3,7,0,0,1,0,0,0,0,1,1,6,6,2,29,6,1582,2,6,HYUNDAI I30,-1,-1,0,-1
2021520103754,2021,520103754,1,9,0,18,19,1,5,0,0,8,0,0,0,0,1,1,1,1,1,31,6,1353,1,1,HYUNDAI I30,10,E01014793,0,-1
2021311078987,2021,311078987,1,9,0,18,19,2,6,0,0,4,0,0,0,0,1,1,5,6,2,47,8,998,1,2,HYUNDAI I30,2,E01019647,0,-1
2021010337720,2021,010337720,1,9,0,3,3,6,2,0,0,1,9,99,0,0,2,9,6,6,2,34,6,1591,1,12,HYUNDAI I30,5,E01000467,0,-1
2021010308066,2021,010308066,2,9,0,17,19,5,1,0,0,2,1,4,0,0,1,1,6,6,1,56,9,1582,2,13,HYUNDAI I30,7,E01000734,0,-1
2021552100590,2021,552100590,2,9,0,8,8,5,7,0,0,1,0,0,0,0,2,1,6,6,1,30,6,1396,1,11,HYUNDAI I30,2,E01020347,0,-1
202163B096321,2021,63B096321,1,9,0,16,19,4,7,0,0,0,5,0,2,10,1,1,2,2,1,30,6,1582,2,7,HYUNDAI I30,6,W01000541,0,-1
2021320421907,2021,320421907,3,9,0,2,2,0,0,9,9,1,0,0,0,0,3,1,6,6,3,-1,-1,1582,2,10,HYUNDAI I30,-1,-1,0,-1
2021141098138,2021,141098138,2,9,0,2,2,4,8,0,0,0,0,0,0,0,2,1,6,6,2,28,6,1582,2,12,HYUNDAI I30,6,E01007455,0,-1
2021430105924,2021,430105924,1,9,0,7,7,7,1,0,0,4,0,0,0,0,3,1,6,6,2,17,4,1591,1,11,HYUNDAI I30,10,E01017801,0,-1
2021010292780,2021,010292780,1,9,0,18,19,1,5,0,0,1,0,0,0,0,1,1,6,6,2,29,6,1582,2,7,HYUNDAI I30,4,E01003770,0,-1
2021131091176,2021,131091176,1,8,0,4,4,5,1,0,0,0,0,0,0,0,2,1,5,6,1,51,8,1582,2,7,HYUNDAI I30,2,E01010728,0,-1
2021451038185,2021,451038185,1,9,0,9,9,1,3,0,0,0,0,0,0,0,4,1,5,6,2,65,9,1591,1,10,HYUNDAI I30,10,E01030522,0,-1
202163B013121,2021,63B013121,2,9,0,17,19,8,5,0,0,0,0,0,0,0,2,1,6,6,2,33,6,1582,2,11,HYUNDAI I30,6,W01000543,0,-1
2021471039215,2021,471039215,1,9,0,12,12,3,7,0,0,0,0,11,0,0,3,1,5,6,1,57,9,1582,2,11,HYUNDAI I30,3,E01031400,0,-1
2021471109407,2021,471109407,1,9,0,1,1,5,7,0,0,0,0,0,0,0,2,1,6,6,2,62,9,1582,2,8,HYUNDAI I30,6,E01031533,0,-1
2021161088131,2021,161088131,2,9,0,18,19,3,7,0,0,0,0,0,1,9,2,1,2,2,1,58,9,998,1,2,HYUNDAI I30,1,E01013177,0,-1
2021461034022,2021,461034022,1,9,0,18,19,7,3,0,0,8,0,0,6,0,3,1,5,6,2,72,10,1582,2,6,HYUNDAI I30,7,E01024798,0,-1
2021010297502,2021,010297502,1,9,0,9,9,7,6,0,0,1,0,0,0,0,1,1,6,6,2,33,6,1582,2,7,HYUNDAI I30,-1,-1,0,-1
2021991068423,2021,991068423,1,9,0,9,9,5,1,0,0,1,0,0,0,0,4,1,6,6,1,23,5,1582,2,6,HYUNDAI I30,1,-1,0,-1
2021201085697,2021,201085697,1,9,0,18,19,2,6,0,0,4,0,7,7,1,3,1,6,6,2,31,6,1396,1,11,HYUNDAI I30,7,E01010356,0,-1
2021010302218,2021,010302218,1,9,0,2,2,0,0,0,0,0,0,0,0,0,9,1,6,6,3,-1,-1,1396,1,12,HYUNDAI I30,-1,-1,0,-1
2021052100836,2021,052100836,3,9,0,4,4,5,1,0,0,1,0,0,0,0,2,1,6,6,1,64,9,1582,2,7,HYUNDAI I30,10,E01006926,0,-1
2021610063021,2021,610063021,2,9,0,18,19,1,5,0,0,8,0,0,0,0,4,1,6,6,2,50,8,1396,1,13,HYUNDAI I30,10,E01022367,0,-1
2021351097042,2021,351097042,2,9,0,18,19,6,3,0,0,1,0,0,0,0,1,1,5,6,1,40,7,1396,1,8,HYUNDAI I30,-1,-1,0,-1
2021371071624,2021,371071624,1,9,0,7,7,4,6,0,0,0,0,0,0,0,3,1,5,6,2,26,6,1396,1,10,HYUNDAI I30,9,E01030062,0,-1
2021010304898,2021,010304898,5,9,0,5,5,5,1,0,0,2,0,0,0,0,3,1,6,6,1,35,6,1591,1,5,HYUNDAI I30,-1,-1,0,-1
2021991102560,2021,991102560,1,9,0,18,19,7,3,0,0,1,0,0,0,0,1,1,3,7,2,54,8,1582,2,9,HYUNDAI I30,1,-1,0,-1
2021501019901,2021,501019901,1,9,0,18,19,6,8,0,0,1,0,11,1,0,1,1,6,6,1,21,5,1582,2,8,HYUNDAI I30,7,E01021222,0,-1
2021041015601,2021,041015601,1,9,0,18,19,1,5,0,0,0,0,0,0,0,3,1,2,2,2,25,5,1582,2,4,HYUNDAI I30,4,E01006219,0,-1
2021122100436,2021,122100436,2,9,0,17,19,4,8,0,0,2,2,0,1,11,4,1,6,6,1,35,6,1582,2,9,HYUNDAI I30,2,E01027812,0,-1
2021991036020,2021,991036020,1,9,0,14,14,7,3,0,0,0,0,0,0,0,1,1,1,1,1,68,10,1582,2,5,HYUNDAI I30,2,-1,0,-1
2021061104880,2021,061104880,1,9,0,5,5,1,5,0,0,1,0,0,0,0,0,1,5,6,1,30,6,1396,1,12,HYUNDAI I30,5,E01005873,0,-1
2021201098086,2021,201098086,1,9,0,16,19,5,1,0,0,0,0,0,0,0,1,1,1,1,1,58,9,1396,1,12,HYUNDAI I30,1,E01009345,0,-1
202134NNC7311,2021,34NNC7311,1,9,0,18,19,5,1,0,0,8,0,0,0,0,1,1,6,6,1,32,6,1396,1,11,HYUNDAI I30,6,E01032798,0,-1
2021221036512,2021,221036512,3,9,0,18,19,3,7,0,0,0,1,0,0,0,1,1,5,6,2,78,11,1396,1,8,HYUNDAI I30,6,E01032436,0,-1
2021520102249,2021,520102249,1,9,0,18,19,6,2,0,0,8,0,0,0,0,4,1,6,6,1,64,9,1582,2,11,HYUNDAI I30,-1,-1,0,-1
2021052101240,2021,052101240,1,9,0,5,5,3,7,0,0,1,0,0,0,0,1,1,6,6,1,25,5,1396,1,8,HYUNDAI I30,1,E01007228,0,-1
2021351032313,2021,351032313,1,9,0,10,10,7,3,0,0,0,0,0,0,0,2,1,6,6,1,-1,-1,1396,1,10,HYUNDAI I30,8,E01026346,0,-1
2021302101130,2021,302101130,1,9,0,18,19,8,6,0,0,3,1,0,0,0,2,1,6,6,2,61,9,1396,1,11,HYUNDAI I30,2,E01028110,0,-1
2021471038916,2021,471038916,2,9,0,4,4,2,6,0,0,0,0,0,0,0,2,1,5,6,2,28,6,1582,2,6,HYUNDAI I30,10,E01031774,0,-1
2021991086439,2021,991086439,1,9,0,18,19,2,6,0,0,0,0,0,0,0,1,1,6,6,2,26,6,1582,2,11,HYUNDAI I30,6,-1,0,-1
2021161047727,2021,161047727,1,9,0,18,19,8,4,0,0,0,1,0,0,0,3,1,6,6,1,18,4,1396,1,9,HYUNDAI I30,7,E01013325,0,-1
2021522101458,2021,522101458,2,9,0,18,19,8,4,0,0,8,0,0,0,0,0,1,6,6,1,30,6,1353,1,1,HYUNDAI I30,-1,-1,0,-1
2021320152303,2021,320152303,2,9,0,4,4,2,6,0,0,1,0,0,0,0,3,1,6,6,1,46,8,1582,2,11,HYUNDAI I30,8,E01026262,0,-1
2021041031832,2021,041031832,2,9,0,18,19,1,5,0,0,0,0,0,0,0,1,1,5,6,1,69,10,998,1,4,HYUNDAI I30,6,E01024859,0,-1
2021211054564,2021,211054564,2,9,0,18,19,7,4,0,0,8,1,0,0,0,4,1,2,2,2,27,6,1582,2,5,HYUNDAI I30,2,E01029842,0,-1
2021041120816,2021,041120816,2,9,0,8,8,5,1,0,0,1,0,0,0,0,4,1,2,2,2,29,6,1368,1,5,HYUNDAI I30,4,E01025119,0,-1
2021991101424,2021,991101424,2,9,0,18,19,5,1,0,0,0,0,0,0,0,3,1,2,2,1,68,10,1396,1,7,HYUNDAI I30,3,-1,0,-1
2021401098002,2021,401098002,4,9,0,2,2,0,0,0,0,0,0,0,0,0,4,1,6,6,3,-1,-1,1582,2,4,HYUNDAI I30,-1,-1,0,-1
2021471030970,2021,471030970,2,9,0,18,19,2,6,0,0,8,0,0,0,0,-1,1,6,6,2,45,7,1582,2,6,HYUNDAI I30,10,E01021234,0,-1
2021131043063,2021,131043063,1,9,0,2,2,0,0,0,0,8,0,0,0,0,0,1,6,6,3,35,6,1582,2,7,HYUNDAI I30,-1,-1,0,-1
2021411024669,2021,411024669,1,9,0,4,4,3,5,0,0,4,0,0,0,0,1,1,6,6,1,36,7,1353,1,3,HYUNDAI I30,10,E01023673,0,-1
2021041113341,2021,041113341,1,9,0,4,4,5,1,0,0,2,0,0,0,0,1,1,5,6,2,62,9,1353,1,4,HYUNDAI I30,7,E01025147,0,-1
2021522103820,2021,522103820,1,9,0,7,7,7,8,0,0,6,0,0,0,0,4,1,6,6,2,33,6,998,1,3,HYUNDAI I30,8,E01014868,0,-1
2021991079641,2021,991079641,2,9,0,2,2,0,0,0,0,0,0,0,0,0,1,1,6,6,3,-1,-1,1582,2,7,HYUNDAI I30,-1,-1,0,-1
2021501130047,2021,501130047,1,9,0,12,12,1,5,0,0,1,0,0,0,0,3,1,6,6,2,60,9,1582,2,12,HYUNDAI I30,3,E01015172,0,-1
2021131059457,2021,131059457,1,9,0,9,9,3,5,0,0,6,0,0,0,0,3,1,1,1,1,49,8,1582,2,10,HYUNDAI I30,1,E01007376,0,-1
2021122200095,2021,122200095,2,9,0,18,19,7,4,0,0,8,0,0,0,0,4,1,6,6,3,32,6,1591,1,11,HYUNDAI I30,7,E01013419,0,-1
2021010343466,2021,010343466,1,9,0,18,19,1,5,0,0,1,0,0,0,0,1,1,6,6,2,74,10,1591,1,11,HYUNDAI I30,8,E01001094,0,-1
2021991018101,2021,991018101,2,9,0,18,19,3,7,0,0,0,0,0,0,0,1,1,1,1,1,61,9,1396,1,12,HYUNDAI I30,3,-1,0,-1
2021052102820,2021,052102820,1,9,0,18,19,8,4,0,0,1,0,0,0,0,1,1,6,6,1,41,7,1582,2,10,HYUNDAI I30,1,E01006690,0,-1
2021351042236,2021,351042236,1,9,0,18,19,3,7,0,0,8,0,0,0,0,4,1,5,6,2,53,8,1582,2,8,HYUNDAI I30,8,E01017992,0,-1
2021991114731,2021,991114731,2,9,0,10,10,7,5,0,0,1,0,0,0,0,4,1,6,6,1,28,6,1582,2,8,HYUNDAI I30,1,-1,0,-1
2021401074379,2021,401074379,2,9,0,18,19,2,6,0,0,1,0,0,0,0,4,1,6,6,2,-1,-1,1582,2,12,HYUNDAI I30,7,E01015719,0,-1
2021520200474,2021,520200474,2,9,0,18,19,7,3,0,0,8,0,0,0,0,0,1,6,6,1,33,6,1353,1,1,HYUNDAI I30,-1,-1,0,-1
2021451057325,2021,451057325,1,9,0,18,19,7,3,0,0,0,0,0,0,0,1,1,6,6,1,82,11,1396,1,9,HYUNDAI I30,10,E01030500,0,-1
2021440323284,2021,440323284,2,9,0,18,19,0,0,0,0,0,0,0,1,9,3,1,6,6,1,48,8,1591,1,5,HYUNDAI I30,-1,-1,0,-1
2021031032537,2021,031032537,2,9,0,18,19,2,6,0,0,0,1,0,1,9,1,1,5,6,2,25,5,1582,2,7,HYUNDAI I30,6,E01019096,0,-1
2021522200313,2021,522200313,3,9,0,18,19,5,1,0,0,8,0,0,0,0,1,1,6,6,1,28,6,1353,1,2,HYUNDAI I30,-1,-1,0,-1
2021430567446,2021,430567446,1,9,0,9,9,5,3,0,0,8,0,0,0,0,3,1,6,6,2,30,6,1591,1,11,HYUNDAI I30,6,E01028551,0,-1
2021361035433,2021,361035433,2,9,0,18,19,4,8,0,0,1,0,0,1,9,3,1,5,6,2,27,6,1582,2,11,HYUNDAI I30,4,E01026656,0,-1
2021101112471,2021,101112471,1,9,0,5,5,4,3,0,0,8,0,0,0,0,1,1,1,1,1,60,9,1582,2,8,HYUNDAI I30,3,E01008263,0,-1
2021451076010,2021,451076010,4,9,0,18,19,7,3,0,0,0,0,0,0,0,1,1,5,6,1,75,10,1582,2,9,HYUNDAI I30,10,E01030624,0,-1
2021061027342,2021,061027342,2,9,0,18,19,3,5,0,0,1,0,0,0,0,0,1,1,1,1,27,6,1396,2,7,HYUNDAI I30,-1,-1,0,-1
2021520103465,2021,520103465,1,9,0,7,7,3,5,0,0,8,0,0,0,0,1,1,1,1,1,51,8,1353,1,1,HYUNDAI I30,2,E01029177,0,-1
2021411036764,2021,411036764,2,9,0,3,3,-1,-1,0,0,0,0,0,0,0,2,1,6,6,1,60,9,1582,2,6,HYUNDAI I30,10,E01023841,0,-1
2021440294094,2021,440294094,1,9,0,6,6,5,5,0,0,0,0,0,0,0,3,1,6,6,1,40,7,1591,1,13,HYUNDAI I30,3,E01017111,0,-1
2021421044711,2021,421044711,1,9,0,4,4,3,7,0,0,0,0,0,0,0,1,1,6,6,1,40,7,1582,2,10,HYUNDAI I30,1,E01021665,0,-1
2021010335274,2021,010335274,2,9,0,99,99,9,9,99,99,9,9,99,9,99,1,9,6,6,1,29,6,998,1,3,HYUNDAI I30,2,E01004332,0,-1
2021122101214,2021,122101214,2,9,0,5,5,8,4,0,0,6,0,0,0,0,4,1,6,6,1,64,9,1396,1,11,HYUNDAI I30,7,E01027647,0,-1
2021010339084,2021,010339084,1,9,0,99,99,9,9,99,99,9,9,99,9,99,1,9,6,6,2,37,7,1396,1,9,HYUNDAI I30,4,E01004016,0,-1
2021991078563,2021,991078563,1,9,0,18,19,2,6,0,0,0,0,0,0,0,4,1,5,6,2,28,6,1582,2,5,HYUNDAI I30,-1,-1,0,-1
2021411063413,2021,411063413,1,9,0,11,11,1,5,0,0,0,0,0,0,0,2,1,2,2,2,51,8,1582,2,6,HYUNDAI I30,10,E01022847,0,-1
2021552101114,2021,552101114,2,9,0,4,4,8,4,0,0,0,0,0,0,0,2,1,1,1,1,33,6,1598,2,1,HYUNDAI I30,3,E01015285,0,-1
2021010348899,2021,010348899,1,9,0,18,19,4,8,0,0,1,0,0,0,0,1,1,6,6,1,76,11,1591,1,6,HYUNDAI I30,-1,-1,0,-1
2021041124996,2021,041124996,2,9,0,18,19,5,1,0,0,1,1,11,1,2,3,1,5,6,2,29,6,1582,2,6,HYUNDAI I30,3,E01025196,0,-1
2021010289567,2021,010289567,2,9,0,12,12,3,7,0,0,0,0,0,0,0,2,1,2,2,1,30,6,1582,2,9,HYUNDAI I30,8,E01003814,0,-1
2021430492117,2021,430492117,1,9,0,18,19,7,3,0,0,8,1,10,2,1,4,1,6,6,2,21,5,998,1,3,HYUNDAI I30,6,E01016737,0,-1
2021061092853,2021,061092853,1,9,0,18,19,7,3,0,0,0,0,0,0,0,2,1,6,6,1,20,4,1396,1,11,HYUNDAI I30,1,E01005352,0,-1