collision_index,collision_year,collision_ref_no,vehicle_reference,vehicle_type,towing_and_articulation,vehicle_manoeuvre_historic,vehicle_manoeuvre,vehicle_direction_from,vehicle_direction_to,vehicle_location_restricted_lane_historic,vehicle_location_restricted_lane,junction_location,skidding_and_overturning,hit_object_in_carriageway,vehicle_leaving_carriageway,hit_object_off_carriageway,first_point_of_impact,vehicle_left_hand_drive,journey_purpose_of_driver_historic,journey_purpose_of_driver,sex_of_driver,age_of_driver,age_band_of_driver,engine_capacity_cc,propulsion_code,age_of_vehicle,generic_make_model,driver_imd_decile,lsoa_of_driver,escooter_flag,driver_distance_banding
2021221040022,2021,221040022,1,9,0,18,19,3,7,0,0,0,1,0,8,4,1,1,5,6,1,18,4,1998,1,3,HYUNDAI I30,6,E01013999,0,-1
2021440153289,2021,440153289,1,9,0,3,3,3,7,0,0,8,0,0,0,0,2,1,6,6,1,73,10,1582,2,6,HYUNDAI I30,7,E01022962,0,-1
2021052102655,2021,052102655,2,9,0,18,19,1,5,0,0,0,0,0,0,0,3,1,6,6,1,54,8,1582,2,6,HYUNDAI I30,9,E01006806,0,-1
2021501084523,2021,501084523,2,9,0,9,9,7,5,0,0,1,0,0,0,0,3,1,6,6,1,67,10,1582,2,5,HYUNDAI I30,8,E01015165,0,-1
2021461092484,2021,461092484,3,9,0,18,19,1,5,0,0,0,0,0,0,0,2,1,6,6,1,76,11,1591,1,12,HYUNDAI I30,10,E01024323,0,-1
2021471096508,2021,471096508,2,9,0,18,19,3,7,0,0,1,0,0,0,0,4,1,1,1,2,23,5,1598,2,0,HYUNDAI I30,3,E01021003,0,-1
2021302101583,2021,302101583,1,9,0,11,11,2,6,0,0,3,0,0,0,0,4,1,6,6,1,40,7,1991,2,13,HYUNDAI I30,-1,-1,0,-1
2021421023892,2021,421023892,2,9,0,3,3,5,1,0,0,4,0,0,0,0,2,1,2,2,1,25,5,1353,1,1,HYUNDAI I30,5,E01021680,0,-1
2021052100803,2021,052100803,1,9,0,4,4,3,7,0,0,1,0,0,0,0,4,1,6,6,2,57,9,998,1,3,HYUNDAI I30,1,E01007005,0,-1
2021440512930,2021,440512930,1,9,0,18,19,7,3,0,0,4,0,0,0,0,1,1,6,6,1,22,5,998,8,0,HYUNDAI I30,4,E01017278,0,-1
2021991047376,2021,991047376,1,9,0,9,9,3,5,0,0,6,0,0,0,0,3,1,2,2,1,61,9,1582,2,9,HYUNDAI I30,-1,-1,0,-1
2021991095317,2021,991095317,2,9,0,18,19,1,5,0,0,1,0,0,1,11,1,1,2,2,1,55,8,998,1,4,HYUNDAI I30,9,-1,0,-1
2021101060518,2021,101060518,1,9,0,18,19,5,1,0,0,1,0,0,0,0,0,1,6,6,2,40,7,1396,1,13,HYUNDAI I30,7,E01008323,0,-1
2021131087216,2021,131087216,2,9,0,9,9,1,6,0,0,0,0,0,0,0,3,1,5,6,1,26,6,1582,2,9,HYUNDAI I30,1,E01011338,0,-1
2021201140724,2021,201140724,2,9,0,18,19,5,1,0,0,0,0,0,0,0,1,1,1,1,1,-1,-1,1582,2,5,HYUNDAI I30,1,E01009309,0,-1
2021991032700,2021,991032700,1,9,0,18,19,8,4,0,0,0,0,0,0,0,1,1,5,6,2,35,6,1582,2,9,HYUNDAI I30,5,-1,0,-1
2021471108500,2021,471108500,2,9,0,18,19,4,8,0,0,0,0,0,0,0,4,1,2,2,1,32,6,1582,2,9,HYUNDAI I30,9,E01020939,0,-1
2021201147458,2021,201147458,2,9,0,10,10,6,4,0,0,8,0,0,0,0,2,1,6,6,2,-1,-1,1396,1,9,HYUNDAI I30,3,E01009015,0,-1
2021991035585,2021,991035585,1,9,0,18,19,3,8,0,0,0,0,0,0,0,1,1,5,6,2,31,6,1582,2,8,HYUNDAI I30,8,-1,0,-1
2021052100896,2021,052100896,1,8,0,18,19,7,3,0,0,8,0,0,0,0,4,1,1,1,1,61,9,1582,2,4,-1,1,E01006834,0,-1
2021401118701,2021,401118701,1,9,0,1,1,-1,-1,0,0,0,0,0,0,0,2,1,6,6,3,-1,-1,1582,2,11,HYUNDAI I30,-1,-1,0,-1
2021991090278,2021,991090278,3,9,0,2,2,0,0,0,0,1,0,0,0,0,1,1,6,6,3,-1,-1,1582,2,8,HYUNDAI I30,-1,-1,0,-1
2021461015120,2021,461015120,2,9,0,5,5,7,1,0,0,1,0,0,1,0,1,1,2,2,2,66,10,1396,1,11,HYUNDAI I30,7,E01024737,0,-1
2021451031717,2021,451031717,1,9,0,18,19,1,5,0,0,0,0,0,0,0,2,1,2,2,1,27,6,1998,1,3,HYUNDAI I30,7,E01016365,0,-1
2021549498821,2021,549498821,2,9,0,5,5,7,3,0,0,1,0,0,0,0,3,1,2,2,1,49,8,1582,2,9,HYUNDAI I30,8,E01015561,0,-1
202163B102221,2021,63B102221,2,9,0,4,4,2,6,0,0,0,0,0,0,0,1,1,6,6,2,67,10,1582,2,6,HYUNDAI I30,-1,-1,0,-1
2021010303164,2021,010303164,3,9,0,2,2,0,0,0,0,1,0,0,0,0,3,1,6,6,3,-1,-1,1396,1,8,HYUNDAI I30,-1,-1,0,-1
2021622100888,2021,622100888,1,9,0,9,9,3,5,0,0,2,0,7,0,0,1,1,6,6,1,86,11,1582,2,9,HYUNDAI I30,10,W01001734,0,-1
2021622100674,2021,622100674,1,9,0,18,19,2,6,0,0,8,0,0,0,0,1,1,6,6,2,56,9,1582,2,11,HYUNDAI I30,4,W01001050,0,-1
2021451050870,2021,451050870,3,9,0,7,7,3,7,0,0,1,0,0,0,0,0,1,1,1,1,23,5,1582,2,4,HYUNDAI I30,-1,-1,0,-1
2021461090894,2021,461090894,2,9,0,4,4,2,6,0,0,1,0,0,0,0,2,1,2,2,2,34,6,1582,2,8,HYUNDAI I30,6,E01024250,0,-1
2021451050870,2021,451050870,2,9,0,18,19,1,5,0,0,1,0,0,0,0,1,1,1,1,1,35,6,1582,2,6,HYUNDAI I30,8,E01025861,0,-1
2021041112099,2021,041112099,2,9,0,18,19,1,7,0,0,0,0,0,0,0,2,2,2,2,1,36,7,1396,1,6,HYUNDAI I30,6,E01007064,0,-1
2021471037010,2021,471037010,2,9,0,18,19,3,7,0,0,8,0,0,2,0,1,1,5,6,2,40,7,1396,1,8,HYUNDAI I30,5,E01031611,0,-1
2021411044489,2021,411044489,1,9,0,10,10,5,1,0,0,1,0,0,0,0,2,1,6,6,2,30,6,1582,2,6,HYUNDAI I30,3,E01023613,0,-1
2021451059838,2021,451059838,2,9,0,18,19,3,5,0,0,8,0,0,0,0,4,1,6,6,1,26,6,1591,1,10,HYUNDAI I30,6,E01002919,0,-1
2021471096596,2021,471096596,2,9,0,4,4,7,1,0,0,0,0,0,0,0,2,1,1,1,1,58,9,1582,2,9,HYUNDAI I30,7,E01032717,0,-1
2021041067016,2021,041067016,1,9,0,18,19,7,3,0,0,0,0,0,0,0,1,1,5,6,1,90,11,1582,2,12,HYUNDAI I30,7,E01012592,0,-1
2021010323568,2021,010323568,1,9,0,5,5,7,3,0,0,2,0,0,0,0,2,1,2,2,1,35,6,998,1,0,HYUNDAI I30,-1,-1,0,-1
2021161034077,2021,161034077,1,9,0,18,19,1,5,0,0,1,0,0,0,0,4,1,6,6,2,69,10,1582,2,10,HYUNDAI I30,1,E01013278,0,-1
2021361061074,2021,361061074,2,9,0,18,19,5,1,0,0,1,0,0,0,0,1,1,2,2,2,50,8,1396,1,9,HYUNDAI I30,7,E01026462,0,-1
2021471084442,2021,471084442,4,9,0,3,3,3,7,0,0,0,0,0,0,0,2,1,5,6,1,-1,-1,1582,2,9,HYUNDAI I30,10,E01022720,0,-1
2021440416888,2021,440416888,1,9,0,18,19,7,3,0,0,0,0,0,0,0,4,1,6,6,1,51,8,1598,2,2,HYUNDAI I30,9,E01023272,0,-1
2021461084321,2021,461084321,1,9,0,18,19,8,4,0,0,0,1,0,5,0,1,1,2,2,2,30,6,998,1,3,HYUNDAI I30,2,E01024246,0,-1
2021440237671,2021,440237671,2,9,0,5,5,5,1,0,0,8,0,0,0,0,1,1,6,6,1,-1,-1,1396,1,12,HYUNDAI I30,7,E01022098,0,-1
2021101016494,2021,101016494,1,9,0,17,19,1,7,0,0,0,0,0,0,0,1,1,2,2,2,24,5,1591,1,11,HYUNDAI I30,2,E01020618,0,-1
2021371121544,2021,371121544,1,9,0,18,19,5,1,0,0,0,1,0,0,0,1,1,2,2,2,24,5,1353,1,2,HYUNDAI I30,6,E01021430,0,-1
2021201144541,2021,201144541,1,9,0,18,19,6,2,0,0,8,0,0,0,0,0,1,6,6,1,45,7,1396,1,10,HYUNDAI I30,3,E01009992,0,-1
2021471018836,2021,471018836,2,9,0,4,4,5,1,0,0,0,0,0,0,0,2,1,1,1,1,28,6,1396,1,11,HYUNDAI I30,9,E01031422,0,-1
2021351029145,2021,351029145,1,9,0,5,5,7,3,0,0,0,0,0,0,0,1,1,1,1,1,19,4,1582,2,6,HYUNDAI I30,3,E01015615,0,-1
202131D058021,2021,31D058021,2,9,0,17,19,7,2,0,0,8,0,0,0,0,3,1,6,6,1,26,6,1396,1,14,HYUNDAI I30,1,E01013862,0,-1
2021211053128,2021,211053128,1,9,0,18,19,0,0,0,0,0,0,0,0,0,1,1,5,6,1,78,11,1582,2,6,HYUNDAI I30,1,E01014269,0,-1
2021320379445,2021,320379445,1,9,0,18,19,8,4,0,0,0,0,0,0,0,0,1,6,6,1,68,10,1396,1,8,HYUNDAI I30,1,E01026048,0,-1
2021131056881,2021,131056881,2,9,0,18,19,5,1,0,0,8,0,0,0,0,1,1,5,6,2,21,5,1582,2,8,HYUNDAI I30,1,E01011361,0,-1
2021010344015,2021,010344015,2,9,0,9,9,7,4,0,0,6,0,0,0,0,1,1,3,7,2,45,7,1591,1,11,HYUNDAI I30,3,E01000305,0,-1
2021421105675,2021,421105675,3,9,0,18,19,1,5,0,0,1,0,0,0,0,1,1,6,6,2,45,7,1582,2,9,HYUNDAI I30,3,E01021975,0,-1
2021461021514,2021,461021514,1,9,0,9,9,3,8,0,0,0,0,0,0,0,1,1,2,2,1,66,10,1396,1,9,HYUNDAI I30,8,E01016093,0,-1
2021991018692,2021,991018692,3,9,0,16,19,5,1,0,0,0,0,0,1,0,1,1,1,1,1,39,7,1582,2,6,HYUNDAI I30,10,-1,0,-1
2021411147048,2021,411147048,1,9,0,5,5,1,5,0,0,0,0,0,0,0,1,1,5,6,1,53,8,1582,2,6,HYUNDAI I30,7,E01023897,0,-1
2021411110440,2021,411110440,2,9,0,3,3,5,1,0,0,2,0,0,0,0,2,1,6,6,1,58,9,1582,2,11,HYUNDAI I30,2,E01017601,0,-1
2021522102045,2021,522102045,2,9,0,7,7,2,4,0,0,8,0,0,0,0,0,1,1,1,1,30,6,1353,1,1,HYUNDAI I30,-1,-1,0,-1
2021131093013,2021,131093013,1,9,0,18,19,5,1,0,0,0,0,0,0,0,1,1,5,6,1,74,10,1582,2,9,HYUNDAI I30,9,E01011302,0,-1
2021010340901,2021,010340901,1,9,0,4,4,3,7,0,0,1,0,0,0,0,4,1,6,6,3,-1,-1,1591,1,8,HYUNDAI I30,-1,-1,0,-1
2021991052739,2021,991052739,1,9,0,18,19,1,4,0,0,8,0,0,0,0,1,1,6,6,1,66,10,1582,2,4,HYUNDAI I30,3,-1,0,-1
2021221049802,2021,221049802,2,9,0,17,19,2,7,0,0,8,0,0,0,0,1,1,5,6,2,21,5,1396,1,12,HYUNDAI I30,6,E01032213,0,-1
2021546503921,2021,546503921,2,9,0,18,19,5,1,0,0,8,0,0,0,0,1,1,6,6,2,27,6,1582,2,6,HYUNDAI I30,-1,-1,0,-1
2021351024591,2021,351024591,2,9,0,2,2,1,3,0,0,0,0,0,0,0,3,1,1,1,1,30,6,1582,2,8,HYUNDAI I30,-1,-1,0,-1
2021201141701,2021,201141701,2,9,0,7,7,5,7,0,0,6,5,0,0,0,1,1,6,6,1,29,6,1396,1,12,HYUNDAI I30,1,E01009514,0,-1
2021221033922,2021,221033922,1,9,0,4,4,8,4,0,0,1,0,0,0,0,3,1,1,1,1,62,9,1582,2,5,HYUNDAI I30,6,E01014119,0,-1
2021544362521,2021,544362521,2,9,0,18,19,2,6,0,0,8,0,0,0,0,1,1,6,6,1,46,8,1998,1,2,HYUNDAI I30,6,E01031844,0,-1
2021201077296,2021,201077296,1,9,0,6,6,-1,-1,0,0,0,0,0,0,0,4,1,6,6,1,-1,-1,1396,1,11,HYUNDAI I30,2,E01009064,0,-1
2021461046200,2021,461046200,1,9,0,16,19,8,4,0,0,0,0,0,0,0,3,1,6,6,1,20,4,1482,8,0,HYUNDAI I30,3,E01024149,0,-1
2021991064026,2021,991064026,1,9,0,18,19,4,8,0,0,0,0,0,0,0,1,1,2,2,1,54,8,1582,2,6,HYUNDAI I30,8,-1,0,-1
202134WNC7481,2021,34WNC7481,2,9,0,9,9,5,3,0,0,8,0,0,0,0,2,1,6,6,2,50,8,1396,1,12,HYUNDAI I30,4,E01032980,0,-1
2021131068733,2021,131068733,1,9,0,18,19,1,5,0,0,0,0,0,0,0,2,1,2,2,1,45,7,1582,2,11,HYUNDAI I30,1,E01011906,0,-1
2021161060060,2021,161060060,2,9,0,10,10,8,4,0,0,1,1,0,7,0,2,1,6,6,2,40,7,1368,1,6,HYUNDAI I30,9,E01013193,0,-1
2021041052575,2021,041052575,1,9,0,9,9,4,2,0,0,8,0,0,0,0,3,1,5,6,1,43,7,1582,2,6,HYUNDAI I30,3,E01012587,0,-1
2021201057887,2021,201057887,2,9,0,18,19,5,1,0,0,1,0,0,0,0,1,1,1,1,1,27,6,1998,1,2,HYUNDAI I30,1,E01010308,0,-1
2021461054966,2021,461054966,1,9,0,2,2,7,3,9,9,0,0,0,0,0,3,1,6,6,2,86,11,1591,1,12,HYUNDAI I30,7,E01024675,0,-1
2021430336406,2021,430336406,2,9,0,18,19,7,3,0,0,3,0,0,0,0,4,1,2,2,2,33,6,998,1,4,HYUNDAI I30,8,E01028472,0,-1
2021231118839,2021,231118839,1,9,0,16,19,2,4,0,0,0,1,0,7,4,1,1,5,6,2,49,8,1582,2,5,HYUNDAI I30,8,E01031195,0,-1
2021141077161,2021,141077161,2,9,0,2,2,0,0,0,0,0,0,0,0,0,2,1,6,6,3,-1,-1,1582,2,8,HYUNDAI I30,-1,-1,0,-1
2021010325961,2021,010325961,1,9,0,6,6,7,7,0,0,0,0,0,0,0,3,1,6,6,1,25,5,1591,1,7,HYUNDAI I30,5,E01000274,0,-1
2021501095795,2021,501095795,1,17,0,4,4,3,7,0,0,0,-1,0,0,0,0,1,6,6,1,70,10,854,2,5,-1,5,E01020050,0,-1
2021010342502,2021,010342502,2,17,0,99,99,9,9,99,99,9,9,99,9,99,9,9,6,6,3,-1,-1,854,2,1,-1,1,E01002037,0,-1
2021041031848,2021,041031848,2,17,4,9,9,2,6,0,0,0,0,0,0,0,1,2,1,1,1,58,9,854,2,6,-1,9,E01025133,0,-1
2021552100633,2021,552100633,2,17,0,9,9,8,6,0,0,5,0,0,0,0,1,1,1,1,2,19,4,854,2,1,-1,9,E01020399,0,-1
2021371077890,2021,371077890,1,5,0,18,19,8,4,0,0,0,0,0,0,0,3,1,5,6,1,76,11,773,1,8,-1,10,E01030204,0,-1
2021201111533,2021,201111533,2,2,0,18,19,6,2,0,0,0,0,0,0,0,1,1,1,1,2,59,9,49,1,0,LEXMOTO ECHO,7,E01009417,0,-1
2021010328347,2021,010328347,2,3,0,18,19,1,5,0,0,0,0,0,0,0,3,1,6,6,1,17,4,-1,-1,-1,LEXMOTO ECHO,3,E01001409,0,-1
2021411118590,2021,411118590,1,2,0,16,19,2,5,0,0,3,1,0,0,0,1,1,1,1,1,32,6,50,1,1,LEXMOTO ECHO,7,E01023683,0,-1
202131C155421,2021,31C155421,2,2,0,18,19,4,8,0,0,4,0,0,1,0,3,1,6,6,1,19,4,50,1,3,LEXMOTO ECHO,1,E01013824,0,-1
202131A183421,2021,31A183421,2,2,0,18,19,4,8,0,0,8,1,0,0,0,1,1,6,6,1,17,4,50,1,1,LEXMOTO ECHO,6,E01028273,0,-1
2021522201345,2021,522201345,2,3,0,18,19,8,4,0,0,8,0,0,0,0,1,1,6,6,1,21,5,-1,-1,-1,LEXMOTO ECHO,1,W01001659,0,-1
2021421090052,2021,421090052,2,2,0,18,19,1,5,0,0,1,0,0,0,0,3,1,4,7,1,16,4,49,1,0,LEXMOTO ECHO,9,E01021654,0,-1
2021501014090,2021,501014090,2,2,0,18,19,1,7,0,0,1,0,0,0,0,1,1,5,6,1,16,4,49,1,1,LEXMOTO ECHO,9,E01015104,0,-1
2021440500474,2021,440500474,1,2,0,18,19,7,3,0,0,2,0,0,0,0,1,1,6,6,2,20,4,50,1,1,LEXMOTO ECHO,8,E01022889,0,-1
2021320634436,2021,320634436,1,2,0,18,19,8,4,0,0,0,0,0,0,0,1,1,6,6,1,16,4,50,1,1,LEXMOTO ECHO,3,E01026104,0,-1
2021991027717,2021,991027717,2,2,0,18,19,7,2,0,0,8,0,0,0,0,1,1,6,6,1,34,6,50,1,0,LEXMOTO ECHO,5,-1,0,-1
2021061118932,2021,061118932,1,2,0,18,19,7,3,0,0,0,1,4,0,0,1,1,4,7,1,16,4,50,1,0,LEXMOTO ECHO,9,E01005867,0,-1
202134NNC2661,2021,34NNC2661,2,2,0,18,19,7,3,0,0,0,0,0,0,0,1,1,6,6,1,16,4,49,1,0,LEXMOTO ECHO,4,E01027056,0,-1
2021430562692,2021,430562692,1,2,0,18,19,5,1,0,0,8,0,0,0,0,1,1,4,7,1,16,4,49,1,0,LEXMOTO ECHO,8,E01032725,0,-1
2021070850608,2021,070850608,1,2,0,3,3,3,4,0,0,1,2,0,0,0,4,1,6,6,1,16,4,50,1,1,LEXMOTO ECHO,2,E01018485,0,-1
2021522101643,2021,522101643,1,3,0,18,19,7,3,0,0,1,0,0,0,0,1,1,6,6,1,17,4,-1,-1,-1,LEXMOTO ECHO,5,E01014592,0,-1
2021010323997,2021,010323997,1,2,0,18,19,1,5,0,0,1,0,0,0,0,3,1,6,6,1,41,7,50,1,1,LEXMOTO ECHO,8,E01000311,0,-1
2021070851050,2021,070851050,2,3,0,18,19,3,3,0,0,1,0,0,0,0,1,1,6,6,1,18,4,-1,-1,-1,LEXMOTO ECHO,3,E01006342,0,-1
2021440352688,2021,440352688,2,2,0,18,19,7,3,0,0,1,1,0,0,0,1,1,6,6,1,18,4,50,1,1,LEXMOTO ECHO,1,E01017053,0,-1
2021010301814,2021,010301814,2,2,0,18,19,7,3,0,0,2,0,0,0,0,1,1,1,1,1,43,7,49,1,1,LEXMOTO ECHO,-1,-1,0,-1
2021421058660,2021,421058660,2,2,0,18,19,6,2,0,0,3,1,0,0,0,2,1,5,6,1,17,4,49,1,1,LEXMOTO ECHO,10,E01021580,0,-1
2021122100559,2021,122100559,1,2,0,4,4,3,7,0,0,4,1,0,0,0,0,1,6,6,1,16,4,49,1,1,LEXMOTO ECHO,10,E01013379,0,-1
2021231061747,2021,231061747,2,2,0,18,19,8,4,0,0,8,0,0,0,0,1,1,5,6,1,16,4,49,1,1,LEXMOTO ECHO,7,E01032249,0,-1
2021461071397,2021,461071397,1,2,0,18,19,3,7,0,0,0,0,10,0,0,1,1,6,6,1,74,10,50,1,2,LEXMOTO ECHO,4,E01024219,0,-1
2021141064963,2021,141064963,1,97,0,18,19,7,2,0,0,0,2,0,1,0,3,1,2,2,2,32,6,49,1,0,-1,6,E01007335,0,-1
2021131099843,2021,131099843,1,2,0,7,7,3,5,0,0,6,1,0,0,0,4,1,1,1,2,18,4,50,1,2,LEXMOTO ECHO,3,E01011843,0,-1
2021231128360,2021,231128360,1,3,0,18,19,6,2,0,0,0,1,0,1,0,4,1,2,2,1,34,6,-1,-1,-1,LEXMOTO ECHO,2,E01029842,0,-1
2021010343436,2021,010343436,1,2,0,99,99,9,9,99,99,9,9,99,9,99,1,1,6,6,1,21,5,50,1,0,LEXMOTO ECHO,4,E01003937,0,-1
2021320723611,2021,320723611,1,2,0,18,19,2,6,0,0,0,2,0,0,0,3,1,6,6,1,16,4,50,1,0,LEXMOTO ECHO,10,E01026204,0,-1
2021440100011,2021,440100011,1,2,0,3,3,5,1,0,0,1,0,0,0,0,2,1,6,6,2,17,4,49,1,1,LEXMOTO ECHO,2,E01017117,0,-1
2021010322927,2021,010322927,2,2,0,9,9,1,6,0,0,2,0,0,0,0,1,1,6,6,1,16,4,50,1,3,LEXMOTO ECHO,10,E01000463,0,-1
2021141114190,2021,141114190,1,9,0,9,9,6,5,0,0,1,0,0,0,0,2,1,6,6,2,44,7,1332,1,2,RENAULT KADJAR,8,E01007502,0,-1
2021161042301,2021,161042301,1,9,0,9,9,5,2,0,0,8,0,0,0,0,3,2,6,6,1,73,10,1332,1,2,RENAULT KADJAR,4,E01013227,0,-1
202131D124421,2021,31D124421,1,9,0,16,19,8,2,0,0,0,0,0,0,0,1,1,6,6,2,59,9,1461,2,3,RENAULT KADJAR,8,E01028190,0,-1
2021201082480,2021,201082480,2,9,0,4,4,-1,-1,0,0,0,0,0,0,0,2,1,6,6,1,40,7,1332,1,2,RENAULT KADJAR,3,E01010127,0,-1
2021010331808,2021,010331808,1,9,0,18,19,5,1,0,0,3,0,0,0,0,4,1,1,1,1,72,10,1332,1,1,RENAULT KADJAR,9,E01000363,0,-1
2021421076823,2021,421076823,1,9,0,4,4,2,6,0,0,1,0,0,0,0,1,1,5,6,2,25,5,1461,2,5,RENAULT KADJAR,6,E01033723,0,-1
2021010312414,2021,010312414,1,9,0,7,7,5,7,0,0,8,0,0,0,0,4,1,6,6,1,62,9,1332,1,1,RENAULT KADJAR,2,E01000073,0,-1
2021522105779,2021,522105779,1,9,0,18,19,2,6,0,0,1,0,0,0,0,1,1,6,6,2,50,8,1330,1,2,RENAULT KADJAR,3,E01014690,0,-1
2021461091393,2021,461091393,3,9,0,8,8,8,4,0,0,0,0,0,0,0,1,1,5,6,1,39,7,1461,2,5,RENAULT KADJAR,9,E01024438,0,-1
2021991055015,2021,991055015,2,9,0,18,19,4,8,0,0,0,0,0,0,0,2,1,2,2,1,67,10,1330,1,1,RENAULT KADJAR,2,-1,0,-1
2021041116838,2021,041116838,1,9,0,5,5,7,3,0,0,1,0,0,0,0,0,1,5,6,1,66,10,1461,2,6,RENAULT KADJAR,2,E01025480,0,-1
2021070460350,2021,070460350,1,9,0,9,9,3,1,0,0,6,0,0,0,0,1,1,2,2,1,56,9,1461,2,5,RENAULT KADJAR,6,E01018749,0,-1
2021161032127,2021,161032127,2,9,0,4,4,7,3,0,0,2,0,0,0,0,2,1,5,6,2,35,6,1198,1,5,RENAULT KADJAR,7,E01013096,0,-1
2021141088544,2021,141088544,1,9,0,3,3,2,6,0,0,2,0,0,0,0,2,1,5,6,2,56,9,1330,1,2,RENAULT KADJAR,3,E01027931,0,-1
2021070543120,2021,070543120,2,9,0,18,19,5,1,0,0,0,1,0,7,0,1,1,2,2,2,62,9,1197,1,3,RENAULT KADJAR,9,E01018545,0,-1
2021461072531,2021,461072531,1,9,0,18,19,3,7,0,0,0,1,4,0,0,4,1,6,6,1,74,10,1332,1,1,RENAULT KADJAR,3,E01024149,0,-1
2021421115082,2021,421115082,1,9,0,18,19,7,3,0,0,8,0,0,0,0,3,1,5,6,2,47,8,1198,1,3,RENAULT KADJAR,8,E01021513,0,-1
2021221078763,2021,221078763,5,9,0,16,19,8,4,0,0,0,0,0,0,0,0,1,5,6,2,44,7,1332,1,2,RENAULT KADJAR,8,E01028875,0,-1
2021010349095,2021,010349095,1,9,0,99,99,9,9,99,99,0,9,99,9,99,9,9,6,6,3,-1,-1,1330,1,2,RENAULT KADJAR,8,E01003896,0,-1
2021211049383,2021,211049383,1,9,0,7,7,8,3,0,0,5,0,0,0,0,1,1,5,6,2,30,6,1461,2,5,RENAULT KADJAR,10,E01018505,0,-1
2021141052373,2021,141052373,1,9,0,18,19,3,7,0,0,1,0,0,1,11,4,1,2,2,2,35,6,1461,2,5,RENAULT KADJAR,1,E01007873,0,-1
2021622100351,2021,622100351,2,8,0,18,19,6,2,0,0,0,0,0,0,0,2,1,6,6,1,33,6,1461,2,5,RENAULT KADJAR,2,W01001020,0,-1
2021421104803,2021,421104803,1,9,0,9,9,5,7,0,0,1,0,0,0,0,3,1,6,6,2,27,6,1461,2,4,RENAULT KADJAR,8,E01030122,0,-1
2021991116373,2021,991116373,1,9,0,9,9,8,6,0,0,1,0,0,0,0,3,1,1,1,2,68,10,1198,1,3,RENAULT KADJAR,3,-1,0,-1
2021451095903,2021,451095903,1,9,0,18,19,1,5,0,0,0,0,0,0,0,1,1,6,6,2,45,7,1332,1,1,RENAULT KADJAR,-1,-1,0,-1
2021010311281,2021,010311281,1,9,0,18,19,4,8,0,0,1,0,0,0,0,1,1,6,6,1,45,7,1198,1,4,RENAULT KADJAR,4,E01004016,0,-1
2021440126516,2021,440126516,2,9,0,18,19,3,6,0,0,6,0,0,0,0,4,1,2,2,1,53,8,1198,1,4,RENAULT KADJAR,7,E01022506,0,-1
2021010318785,2021,010318785,1,9,0,99,99,9,9,99,99,9,9,99,9,99,2,9,2,2,1,57,9,1461,2,4,RENAULT KADJAR,10,E01017869,0,-1
2021131036980,2021,131036980,1,9,0,18,19,3,7,0,0,0,0,0,0,0,1,1,6,6,2,44,7,1332,1,2,RENAULT KADJAR,4,E01010949,0,-1
2021501017185,2021,501017185,2,9,0,3,3,2,6,0,0,0,0,0,0,0,2,1,6,6,2,46,8,1461,2,6,RENAULT KADJAR,3,E01015061,0,-1
2021010314574,2021,010314574,1,9,0,14,14,3,7,0,0,0,0,4,0,0,1,1,6,6,1,35,6,1461,2,5,RENAULT KADJAR,3,E01000635,0,-1
2021991071846,2021,991071846,2,9,0,2,2,0,0,0,0,0,1,0,1,11,2,1,5,6,1,74,10,1330,1,3,RENAULT KADJAR,7,-1,0,-1
2021201117686,2021,201117686,2,9,0,3,3,6,2,0,0,1,0,0,0,0,2,1,6,6,1,36,7,1461,2,5,RENAULT KADJAR,8,E01009728,0,-1
2021201146178,2021,201146178,1,9,0,18,19,4,8,0,0,8,0,10,1,0,3,1,6,6,1,68,10,1332,1,2,RENAULT KADJAR,6,E01010012,0,-1
2021052101563,2021,052101563,2,9,0,16,19,-1,-1,0,0,0,0,0,0,0,1,1,6,6,1,61,9,1461,2,4,RENAULT KADJAR,5,E01006840,0,-1
2021991113606,2021,991113606,2,9,0,18,19,7,3,0,0,0,0,0,0,0,3,1,2,2,2,46,8,1461,2,5,RENAULT KADJAR,5,-1,0,-1
2021052102930,2021,052102930,2,9,0,2,2,0,0,0,0,0,0,0,0,0,3,1,6,6,2,28,6,1197,1,4,RENAULT KADJAR,4,E01007174,0,-1
2021052100417,2021,052100417,2,9,0,2,2,0,0,0,0,1,0,0,0,0,2,1,6,6,3,-1,-1,1461,2,4,RENAULT KADJAR,-1,-1,0,-1
2021010308809,2021,010308809,1,9,0,99,99,9,9,99,99,9,9,99,9,99,9,9,6,6,1,70,10,1461,2,4,RENAULT KADJAR,2,E01024477,0,-1
2021141018044,2021,141018044,2,9,0,4,4,6,2,0,0,0,0,0,0,0,2,1,2,2,1,50,8,1461,2,5,RENAULT KADJAR,9,E01011935,0,-1
2021440030737,2021,440030737,1,9,0,18,19,8,4,0,0,8,1,0,7,4,1,1,6,6,1,42,7,1197,1,3,RENAULT KADJAR,2,E01022934,0,-1
2021061096937,2021,061096937,1,9,0,1,1,3,7,0,0,8,0,0,0,0,2,1,6,6,3,30,6,1197,1,3,RENAULT KADJAR,-1,-1,0,-1
2021440150562,2021,440150562,1,9,0,18,19,2,6,0,0,1,0,0,0,0,1,1,6,6,2,32,6,1197,1,3,RENAULT KADJAR,10,E01022686,0,-1
2021451045687,2021,451045687,1,9,0,18,19,1,5,0,0,0,0,0,8,10,3,1,5,6,1,74,10,1618,1,3,RENAULT KADJAR,10,E01022624,0,-1