collision_index,collision_year,collision_ref_no,vehicle_reference,vehicle_type,towing_and_articulation,vehicle_manoeuvre_historic,vehicle_manoeuvre,vehicle_direction_from,vehicle_direction_to,vehicle_location_restricted_lane_historic,vehicle_location_restricted_lane,junction_location,skidding_and_overturning,hit_object_in_carriageway,vehicle_leaving_carriageway,hit_object_off_carriageway,first_point_of_impact,vehicle_left_hand_drive,journey_purpose_of_driver_historic,journey_purpose_of_driver,sex_of_driver,age_of_driver,age_band_of_driver,engine_capacity_cc,propulsion_code,age_of_vehicle,generic_make_model,driver_imd_decile,lsoa_of_driver,escooter_flag,driver_distance_banding
2021471051287,2021,471051287,1,9,0,7,7,3,4,0,0,6,0,0,0,0,1,1,6,6,1,25,5,1360,1,11,CITROEN NEMO,5,E01031798,0,-1
2021131043667,2021,131043667,2,19,0,4,4,3,3,0,0,1,0,0,0,0,2,1,1,1,1,39,7,1248,2,5,CITROEN NEMO,5,E01013200,0,-1
20211382F0362,2021,1382F0362,2,9,0,18,19,6,2,0,0,0,0,0,0,0,2,1,6,6,2,42,7,1248,2,9,CITROEN NEMO,1,E01011510,0,-1
2021501080558,2021,501080558,2,19,0,3,3,7,2,0,0,1,0,0,0,0,2,1,5,6,1,34,6,1248,2,6,CITROEN NEMO,7,E01019045,0,-1
2021421026975,2021,421026975,2,19,0,4,4,5,3,0,0,0,0,0,0,0,3,1,1,1,1,29,6,1248,2,5,CITROEN NEMO,3,E01033722,0,-1
2021622100669,2021,622100669,1,19,0,1,1,6,2,0,0,1,0,0,0,0,2,1,1,1,1,46,8,1399,2,13,CITROEN NEMO,4,W01001395,0,-1
2021461025504,2021,461025504,1,19,0,9,9,1,8,0,0,5,0,0,0,0,1,1,5,6,1,33,6,1248,2,6,CITROEN NEMO,-1,-1,0,-1
2021010322443,2021,010322443,2,19,0,99,99,9,9,99,99,0,9,99,9,99,1,9,6,6,3,-1,-1,1248,2,7,CITROEN NEMO,-1,-1,0,-1
2021041106179,2021,041106179,1,19,0,9,9,1,2,0,0,1,0,0,1,0,4,1,2,2,1,28,6,1248,2,6,CITROEN NEMO,7,E01025014,0,-1
2021010293697,2021,010293697,2,19,0,9,9,3,1,0,0,8,0,0,0,0,1,1,6,6,3,-1,-1,1399,2,12,CITROEN NEMO,-1,-1,0,-1
2021161017900,2021,161017900,1,19,0,16,19,4,7,0,0,0,5,0,1,10,1,1,6,6,1,36,7,1399,2,11,CITROEN NEMO,8,E01012975,0,-1
2021461029759,2021,461029759,1,19,0,18,19,1,5,0,0,0,0,0,0,0,1,1,6,6,1,81,11,1248,2,9,CITROEN NEMO,6,E01024220,0,-1
2021010307309,2021,010307309,2,19,0,7,7,5,8,0,0,1,0,0,0,0,4,1,1,1,1,49,8,1399,2,11,CITROEN NEMO,6,E01004216,0,-1
2021991025518,2021,991025518,4,19,0,3,3,4,8,0,0,1,0,0,0,0,1,1,1,1,1,60,9,1248,2,5,CITROEN NEMO,6,-1,0,-1
2021052100574,2021,052100574,1,19,0,18,19,5,1,0,0,0,0,0,0,0,4,1,1,1,1,74,10,1399,2,11,CITROEN NEMO,7,E01005627,0,-1
2021361147567,2021,361147567,1,19,0,18,19,1,5,0,0,0,0,0,0,0,0,1,6,6,1,57,9,1248,2,7,CITROEN NEMO,6,E01026534,0,-1
2021552100320,2021,552100320,2,19,0,3,3,4,2,0,0,5,0,0,0,0,2,1,6,6,1,34,6,1248,2,7,CITROEN NEMO,6,E01015454,0,-1
2021440155304,2021,440155304,2,9,0,2,2,0,0,0,0,0,0,0,0,0,3,1,6,6,2,74,10,1360,1,12,CITROEN NEMO,-1,-1,0,-1
2021031080010,2021,031080010,1,19,0,18,19,1,6,0,0,2,0,0,1,11,1,1,6,6,1,38,7,1399,2,11,CITROEN NEMO,2,E01027551,0,-1
202134WNC0221,2021,34WNC0221,3,19,0,2,2,0,0,0,0,0,0,0,0,0,2,1,6,6,1,31,6,1248,2,11,CITROEN NEMO,5,E01013890,0,-1
2021451069074,2021,451069074,2,19,0,4,4,6,2,0,0,0,0,0,0,0,2,1,6,6,1,45,7,1248,2,5,CITROEN NEMO,8,E01002174,0,-1
2021430352812,2021,430352812,1,19,0,18,19,1,5,0,0,0,0,0,0,0,3,1,6,6,1,30,6,1399,2,12,CITROEN NEMO,5,E01016577,0,-1
2021320199632,2021,320199632,1,19,0,17,19,6,4,0,0,0,0,0,7,10,1,1,2,2,1,64,9,1399,2,12,CITROEN NEMO,6,E01007512,0,-1
2021411075478,2021,411075478,1,19,0,13,13,7,3,0,0,2,1,0,1,7,1,1,5,6,1,26,6,1248,2,6,CITROEN NEMO,5,E01004624,0,-1
2021052101157,2021,052101157,1,19,0,9,9,6,4,0,0,8,0,0,0,0,1,1,1,1,1,26,6,1248,2,9,CITROEN NEMO,1,E01006215,0,-1
2021010303089,2021,010303089,1,9,0,99,99,9,9,99,99,0,9,99,9,99,1,9,6,6,3,-1,-1,1399,2,12,CITROEN NEMO,-1,-1,0,-1
2021411037946,2021,411037946,1,19,0,9,9,8,7,0,0,1,0,0,0,0,3,1,6,6,1,36,7,1248,2,7,CITROEN NEMO,3,E01023348,0,-1
2021122101518,2021,122101518,2,19,0,18,19,3,7,0,0,0,0,0,0,0,0,1,6,6,1,20,4,1248,2,10,CITROEN NEMO,4,E01007353,0,-1
2021451114727,2021,451114727,1,19,0,18,19,3,7,0,0,1,0,0,0,0,1,1,3,7,1,55,8,1399,2,13,CITROEN NEMO,9,E01030574,0,-1
2021991058322,2021,991058322,2,3,0,18,19,7,2,0,0,1,0,0,0,0,1,1,2,2,1,28,6,124,1,7,-1,-1,-1,0,-1
2021161110613,2021,161110613,2,3,0,18,19,4,8,2,2,1,5,0,1,0,1,1,6,6,2,30,6,124,1,6,-1,5,E01012800,0,-1
2021501047189,2021,501047189,1,3,0,18,19,2,6,0,0,8,0,0,0,0,1,1,6,6,1,38,7,124,1,7,-1,1,E01015153,0,-1
2021451060889,2021,451060889,2,3,0,16,19,5,1,0,0,0,0,0,0,0,1,1,2,2,1,25,5,124,1,6,-1,10,E01030907,0,-1
202131D200121,2021,31D200121,1,3,0,14,14,1,5,0,0,8,0,0,0,0,4,1,6,6,1,38,7,124,1,7,-1,8,E01028206,0,-1
2021451046013,2021,451046013,2,3,0,18,19,1,5,0,0,0,1,0,0,0,4,1,2,2,1,33,6,124,1,7,-1,5,E01030812,0,-1
2021041082133,2021,041082133,2,5,0,18,19,3,7,0,0,1,0,0,0,0,1,1,2,2,1,35,6,599,1,23,-1,1,E01025283,0,-1
2021041194671,2021,041194671,1,97,0,18,19,1,1,0,0,0,1,0,0,0,4,1,6,6,1,27,6,599,1,22,-1,9,E01025533,0,-1
2021451075517,2021,451075517,1,4,0,16,19,6,2,0,0,0,1,0,0,0,3,1,5,6,1,19,4,471,1,4,-1,8,E01022769,0,-1
2021351103402,2021,351103402,1,3,0,18,19,1,5,0,0,1,2,0,0,0,4,1,5,6,2,33,6,125,1,9,-1,4,E01015618,0,-1
2021430284862,2021,430284862,1,4,0,9,9,1,7,0,0,8,0,0,0,0,0,1,6,6,2,18,4,125,1,6,-1,7,E01033509,0,-1
2021520200266,2021,520200266,1,9,0,18,19,6,2,0,0,0,0,0,0,0,1,1,6,6,1,38,7,1975,1,16,HYUNDAI COUPE,6,E01029285,0,-1
2021471052394,2021,471052394,1,9,0,18,19,1,5,0,0,0,0,0,0,0,1,1,5,6,1,41,7,1975,1,14,HYUNDAI COUPE,7,E01031421,0,-1
2021471119499,2021,471119499,1,9,0,16,19,1,4,0,0,0,1,0,7,4,1,1,5,6,1,24,5,1599,1,13,HYUNDAI COUPE,6,E01031784,0,-1
2021520201970,2021,520201970,1,9,0,18,19,1,5,0,0,0,0,0,0,0,1,1,6,6,1,29,6,1975,1,16,HYUNDAI COUPE,2,E01029100,0,-1
202134NNC2801,2021,34NNC2801,1,9,0,9,9,2,6,0,0,6,0,0,0,0,3,1,6,6,1,22,5,1975,1,16,HYUNDAI COUPE,7,E01026979,0,-1
2021461037952,2021,461037952,2,9,0,2,2,0,0,0,0,0,0,0,0,0,1,1,6,6,1,28,6,1599,1,17,HYUNDAI COUPE,2,E01024093,0,-1
2021991040298,2021,991040298,2,9,0,2,2,0,0,9,9,0,0,0,0,0,4,1,3,7,2,27,6,1599,1,13,HYUNDAI COUPE,2,-1,0,-1
2021461023784,2021,461023784,2,9,0,18,19,5,1,0,0,1,0,0,0,0,4,1,6,6,2,45,7,1975,1,15,HYUNDAI COUPE,2,E01016140,0,-1
2021302101548,2021,302101548,1,9,0,16,19,6,2,0,0,8,2,10,1,1,1,1,6,6,1,37,7,1975,1,16,HYUNDAI COUPE,8,E01019811,0,-1
2021170L41031,2021,170L41031,3,9,0,2,2,0,0,0,0,1,0,0,0,0,3,1,6,6,1,-1,-1,1975,1,20,HYUNDAI COUPE,-1,-1,0,-1
202131B146921,2021,31B146921,1,9,0,9,9,1,8,0,0,6,0,0,0,0,3,1,1,1,1,20,4,1975,1,12,HYUNDAI COUPE,1,E01028055,0,-1
2021010346320,2021,010346320,1,9,0,9,9,1,6,2,2,5,0,0,0,0,1,1,6,6,1,24,5,1975,1,14,HYUNDAI COUPE,1,E01004665,0,-1
2021101127316,2021,101127316,1,9,0,4,4,1,5,0,0,0,0,0,0,0,1,1,6,6,1,61,9,1975,1,16,HYUNDAI COUPE,9,E01008775,0,-1
2021471097632,2021,471097632,2,9,0,18,19,5,1,0,0,0,0,0,0,0,4,1,1,1,1,65,9,1975,1,17,HYUNDAI COUPE,9,E01031719,0,-1
2021471016627,2021,471016627,1,9,0,18,19,2,6,0,0,0,0,4,0,0,4,1,1,1,1,31,6,1975,1,16,HYUNDAI COUPE,6,E01030721,0,-1
2021061033411,2021,061033411,1,9,0,2,2,1,5,0,0,0,0,0,0,0,3,1,2,2,2,54,8,1957,1,17,HYUNDAI COUPE,4,E01005870,0,-1
2021320343859,2021,320343859,1,9,0,18,19,2,6,0,0,0,0,4,0,0,1,1,6,6,1,27,6,1975,1,14,HYUNDAI COUPE,7,E01026275,0,-1
2021461118690,2021,461118690,4,9,0,18,19,7,3,0,0,0,0,0,0,0,1,1,6,6,2,28,6,1975,1,13,HYUNDAI COUPE,-1,-1,0,-1
2021302100485,2021,302100485,2,9,0,9,9,6,2,0,0,5,0,0,0,0,4,1,6,6,1,44,7,1975,1,19,HYUNDAI COUPE,7,E01019769,0,-1
2021451116850,2021,451116850,2,9,0,18,19,7,3,0,0,0,0,1,0,0,1,1,1,1,2,58,9,1975,1,14,HYUNDAI COUPE,6,E01030818,0,-1
2021461074206,2021,461074206,2,9,0,3,3,7,3,0,0,1,0,0,0,0,2,1,6,6,2,48,8,1975,1,20,HYUNDAI COUPE,5,E01024503,0,-1
2021302101495,2021,302101495,1,9,0,5,5,0,0,0,0,2,0,0,0,0,3,1,6,6,3,-1,-1,1599,1,15,HYUNDAI COUPE,5,E01019456,0,-1
2021041015793,2021,041015793,2,9,0,18,19,5,5,0,0,1,0,0,3,11,1,1,6,6,3,-1,-1,1975,1,18,HYUNDAI COUPE,-1,-1,0,-1
2021010314765,2021,010314765,2,9,0,99,99,9,9,99,99,9,9,99,9,99,9,9,6,6,3,-1,-1,1599,1,20,HYUNDAI COUPE,-1,-1,0,-1
2021320672558,2021,320672558,2,9,0,3,3,3,7,0,0,1,0,0,0,0,2,1,6,6,2,42,7,1599,1,13,HYUNDAI COUPE,3,E01026317,0,-1
2021320348542,2021,320348542,1,9,0,18,19,6,2,0,0,4,0,0,8,10,1,1,6,6,1,36,7,2656,1,15,HYUNDAI COUPE,3,E01026271,0,-1
2021401064543,2021,401064543,1,9,0,18,19,3,7,0,0,8,1,10,1,7,1,1,1,1,1,24,5,1975,1,14,HYUNDAI COUPE,3,E01015730,0,-1
2021010295953,2021,010295953,1,9,0,7,7,1,4,9,9,2,0,7,1,5,1,1,6,6,2,20,4,1599,1,14,HYUNDAI COUPE,8,E01003421,0,-1
2021231047329,2021,231047329,2,9,0,18,19,3,7,0,0,8,0,0,0,0,1,1,5,6,1,39,7,1975,1,19,HYUNDAI COUPE,3,E01031174,0,-1
2021031046082,2021,031046082,1,9,0,7,7,3,5,0,0,1,0,0,0,0,1,1,6,6,1,46,8,1975,1,16,HYUNDAI COUPE,3,E01019161,0,-1
2021031072382,2021,031072382,1,9,0,18,19,7,3,0,0,1,1,0,0,0,1,1,5,6,1,22,5,1975,1,12,HYUNDAI COUPE,6,E01019319,0,-1
2021170H10631,2021,170H10631,2,9,0,14,14,3,7,0,0,0,0,0,0,0,1,1,6,6,1,30,6,1975,1,15,HYUNDAI COUPE,-1,-1,0,-1
2021991035224,2021,991035224,1,9,0,16,19,3,7,0,0,0,1,0,2,0,3,1,2,2,2,32,6,1975,1,16,HYUNDAI COUPE,6,-1,0,-1
2021440333847,2021,440333847,1,9,0,7,7,5,1,0,0,4,0,0,0,0,1,1,6,6,2,64,9,1975,1,20,HYUNDAI COUPE,-1,-1,0,-1
2021421024909,2021,421024909,2,9,0,3,3,8,4,0,0,0,0,0,0,0,2,1,6,6,2,54,8,1975,1,13,HYUNDAI COUPE,7,E01021978,0,-1
202106L079583,2021,06L079583,1,9,0,18,19,5,1,0,0,8,1,0,8,10,1,1,6,6,1,23,5,1975,1,12,HYUNDAI COUPE,2,E01006297,0,-1
2021201148521,2021,201148521,2,9,0,9,9,2,8,0,0,5,0,0,0,0,1,1,6,6,1,37,7,1975,1,14,HYUNDAI COUPE,1,E01033646,0,-1
2021471121582,2021,471121582,1,9,0,18,19,6,2,0,0,4,1,0,0,0,1,1,5,6,2,72,10,1975,1,15,HYUNDAI COUPE,3,E01031789,0,-1
2021461025343,2021,461025343,2,9,0,13,13,3,7,0,0,0,2,4,1,0,2,1,2,2,1,27,6,1975,1,12,HYUNDAI COUPE,1,E01024196,0,-1
2021010321643,2021,010321643,1,9,0,18,19,7,3,0,0,1,0,0,0,0,1,1,6,6,1,61,9,1975,1,16,-1,-1,-1,0,-1
202131D189721,2021,31D189721,2,9,0,9,9,1,7,0,0,8,0,0,0,0,4,1,6,6,1,56,9,1975,1,17,-1,2,E01013854,0,-1
2021010314509,2021,010314509,1,9,0,18,19,7,3,0,0,0,0,0,0,0,1,1,1,1,1,39,7,1991,2,18,-1,-1,-1,0,-1
2021471043245,2021,471043245,1,9,0,18,19,2,6,0,0,0,0,0,0,0,4,1,5,6,2,65,9,1975,1,17,-1,4,E01000780,0,-1
2021522102196,2021,522102196,3,9,0,2,2,0,0,0,0,0,0,0,0,0,1,1,6,6,1,78,11,1975,1,17,-1,1,E01014689,0,-1
2021141058701,2021,141058701,2,4,0,18,19,5,1,0,0,1,0,0,0,0,1,1,6,6,1,24,5,450,1,13,-1,-1,-1,0,-1
2021041104252,2021,041104252,1,5,0,18,19,1,1,9,9,0,1,0,0,0,0,1,5,6,1,54,8,996,1,11,-1,6,E01007526,0,-1
2021461054237,2021,461054237,2,9,0,2,2,0,0,0,0,0,0,0,0,0,4,1,6,6,3,-1,-1,1598,2,3,JEEP RENEGADE,-1,-1,0,-1
2021991073760,2021,991073760,2,9,0,18,19,5,1,0,0,0,0,0,0,0,2,1,2,2,1,59,9,1598,2,3,JEEP RENEGADE,5,-1,0,-1
2021622100649,2021,622100649,1,9,0,4,4,6,2,0,0,6,0,0,0,0,2,1,6,6,2,38,7,1368,1,5,JEEP RENEGADE,1,E01014831,0,-1
2021411102561,2021,411102561,1,9,0,18,19,4,8,0,0,0,0,0,0,0,1,1,6,6,2,57,9,999,1,2,JEEP RENEGADE,1,E01002734,0,-1
2021010318112,2021,010318112,1,9,0,18,19,5,1,0,0,4,0,0,0,0,0,1,6,6,2,33,6,1368,1,5,JEEP RENEGADE,3,E01003221,0,-1
2021461129937,2021,461129937,1,9,0,9,9,4,8,0,0,1,5,0,0,0,3,1,5,6,1,34,6,1332,1,0,JEEP RENEGADE,6,E01024830,0,-1
2021041087297,2021,041087297,3,9,0,2,2,0,0,0,0,0,0,0,0,0,4,1,6,6,3,-1,-1,1598,2,6,JEEP RENEGADE,-1,-1,0,-1
2021131039878,2021,131039878,2,9,0,18,19,1,5,0,0,1,0,0,0,0,3,1,6,6,2,44,7,1598,2,4,JEEP RENEGADE,2,E01011925,0,-1
2021131093596,2021,131093596,1,9,0,13,13,7,8,0,0,8,0,0,0,0,4,1,5,6,1,57,9,1956,2,5,JEEP RENEGADE,7,E01011265,0,-1
2021010336041,2021,010336041,2,9,0,99,99,9,9,99,99,9,9,99,9,99,2,9,6,6,3,-1,-1,1368,1,4,JEEP RENEGADE,-1,-1,0,-1
202134WNC5111,2021,34WNC5111,1,9,0,1,1,2,7,0,0,0,0,0,0,0,2,1,6,6,1,65,9,1956,2,4,JEEP RENEGADE,7,E01027281,0,-1
2021430496174,2021,430496174,3,9,0,7,7,7,1,0,0,1,0,0,0,0,1,1,2,2,2,23,5,1368,1,5,JEEP RENEGADE,7,E01016493,0,-1
2021010316387,2021,010316387,1,9,0,9,9,1,7,0,0,5,0,0,0,0,1,1,3,7,2,49,8,1368,1,4,JEEP RENEGADE,8,E01033029,0,-1
2021070583877,2021,070583877,1,9,0,17,19,3,8,0,0,2,5,0,0,0,4,1,6,6,1,26,6,1368,1,5,JEEP RENEGADE,-1,-1,0,-1
2021061141270,2021,061141270,1,9,0,13,13,6,2,0,0,0,0,0,0,0,1,1,6,6,3,30,6,1598,1,6,JEEP RENEGADE,-1,-1,0,-1
2021471055321,2021,471055321,2,9,0,2,2,0,0,0,0,0,0,0,0,0,3,1,6,6,3,-1,-1,1598,2,5,JEEP RENEGADE,-1,-1,0,-1
2021122100130,2021,122100130,1,9,0,18,19,5,1,0,0,0,1,0,1,4,1,1,1,1,1,38,7,1598,2,4,JEEP RENEGADE,10,E01027671,0,-1
2021411124553,2021,411124553,6,9,0,18,19,5,1,0,0,0,0,0,0,0,0,1,6,6,2,42,7,1956,2,6,JEEP RENEGADE,10,E01023567,0,-1
2021070554245,2021,070554245,2,9,0,3,3,5,1,0,0,0,0,0,0,0,2,1,2,2,1,56,9,1598,2,4,JEEP RENEGADE,9,E01013594,0,-1
2021522103155,2021,522103155,1,9,0,18,19,5,1,0,0,0,0,0,0,6,1,1,6,6,2,68,10,999,1,1,JEEP RENEGADE,2,E01009809,0,-1
202134WNC1871,2021,34WNC1871,3,9,0,2,2,0,0,0,0,0,0,0,1,11,1,1,1,1,3,-1,-1,1598,2,5,JEEP RENEGADE,-1,-1,0,-1
2021471024284,2021,471024284,2,9,0,8,8,7,3,0,0,8,0,0,0,0,2,1,6,6,2,63,9,1368,1,5,JEEP RENEGADE,10,E01031367,0,-1
2021211085557,2021,211085557,1,9,0,18,19,2,6,0,0,0,0,0,0,0,1,1,6,6,1,28,6,1598,2,6,JEEP RENEGADE,6,E01028842,0,-1
2021991110145,2021,991110145,1,9,0,9,9,1,7,0,0,5,0,0,3,0,4,1,6,6,2,58,9,999,1,1,JEEP RENEGADE,2,-1,0,-1
2021010346071,2021,010346071,1,9,0,18,19,6,2,0,0,0,0,0,0,0,2,1,2,2,2,65,9,1956,2,6,JEEP RENEGADE,9,E01023854,0,-1
2021010293531,2021,010293531,1,9,0,9,9,1,6,0,0,6,0,0,0,0,3,1,6,6,2,52,8,1956,2,6,JEEP RENEGADE,3,E01002521,0,-1
2021010316817,2021,010316817,3,9,0,2,2,0,0,0,0,0,0,0,0,0,4,1,6,6,3,-1,-1,1368,1,3,JEEP RENEGADE,-1,-1,0,-1
2021991019888,2021,991019888,2,9,0,18,19,4,8,0,0,1,0,0,0,0,1,1,1,1,1,48,8,1598,2,6,JEEP RENEGADE,1,-1,0,-1
2021451104382,2021,451104382,2,9,0,11,11,4,5,0,0,8,0,0,0,0,1,1,6,6,1,27,6,1598,2,6,JEEP RENEGADE,8,E01030794,0,-1
2021421101774,2021,421101774,3,9,0,18,19,5,1,0,0,0,0,0,0,0,2,1,5,6,2,55,8,1368,1,5,JEEP RENEGADE,5,E01030656,0,-1
2021010331529,2021,010331529,2,9,0,3,3,3,7,0,0,0,0,0,0,0,2,1,1,1,2,61,9,1368,1,6,JEEP RENEGADE,5,E01002977,0,-1
2021111049038,2021,111049038,2,9,0,17,19,3,1,0,0,0,0,0,0,0,3,1,3,7,2,53,8,1332,8,0,JEEP RENEGADE,7,E01020637,0,-1
2021010317251,2021,010317251,2,9,0,99,99,9,9,99,99,0,9,99,9,99,1,9,6,6,3,-1,-1,1598,1,5,JEEP RENEGADE,-1,-1,0,-1
2021010360720,2021,010360720,1,9,0,99,99,9,9,99,99,9,9,99,9,99,3,9,6,6,3,38,7,1368,1,6,JEEP RENEGADE,4,E01000588,0,-1
2021061124513,2021,061124513,1,9,0,18,19,2,6,0,0,0,0,0,0,0,4,1,6,6,3,30,6,1598,2,4,JEEP RENEGADE,-1,-1,0,-1
2021351046041,2021,351046041,1,9,0,16,19,4,8,0,0,8,0,0,0,0,1,1,6,6,1,63,9,1368,1,4,JEEP RENEGADE,4,E01026254,0,-1
2021302101191,2021,302101191,4,9,0,18,19,8,4,0,0,0,0,0,0,0,3,1,6,6,2,27,6,1368,1,5,JEEP RENEGADE,6,E01019617,0,-1
2021010343368,2021,010343368,1,9,0,9,9,1,7,0,0,5,0,0,0,0,4,1,6,6,2,51,8,1598,2,4,JEEP RENEGADE,9,E01015998,0,-1
2021320419518,2021,320419518,1,9,0,18,19,3,7,0,0,8,0,0,0,0,1,1,6,6,1,21,5,1598,1,5,JEEP RENEGADE,4,E01015623,0,-1
2021010313903,2021,010313903,1,9,0,3,3,3,7,5,5,0,0,0,0,0,2,1,6,6,1,25,5,999,1,3,JEEP RENEGADE,6,E01033736,0,-1
2021461118690,2021,461118690,6,9,0,18,19,6,2,0,0,0,1,0,7,6,3,1,6,6,1,46,8,1368,1,6,JEEP RENEGADE,5,E01024638,0,-1
202134NNC1971,2021,34NNC1971,2,9,0,4,4,1,5,0,0,8,0,0,0,0,2,1,2,2,1,36,7,1598,2,5,JEEP RENEGADE,3,E01026959,0,-1
202154B731921,2021,54B731921,1,9,0,9,9,2,8,0,0,4,0,0,0,0,3,1,1,1,2,59,9,1956,2,5,JEEP RENEGADE,6,E01031884,0,-1
2021371062721,2021,371062721,1,9,0,8,8,1,2,0,0,0,0,0,0,0,-1,1,5,6,2,79,11,1368,1,5,JEEP RENEGADE,5,E01030176,0,-1
2021201125778,2021,201125778,1,9,0,18,19,1,5,0,0,1,5,4,0,0,1,1,6,6,1,45,7,1332,1,0,JEEP RENEGADE,4,E01010457,0,-1
2021111108700,2021,111108700,1,9,0,1,1,3,7,0,0,1,0,0,0,0,2,1,6,6,1,37,7,1598,2,6,JEEP RENEGADE,5,E01020740,0,-1
2021991042495,2021,991042495,1,9,0,9,9,3,7,0,0,6,5,7,2,7,4,1,6,6,1,70,10,1598,1,5,JEEP RENEGADE,5,-1,0,-1
2021010339527,2021,010339527,1,9,0,18,19,5,1,0,0,0,0,11,6,5,1,1,6,6,1,34,6,1368,1,5,JEEP RENEGADE,3,E01001768,0,-1
2021411120822,2021,411120822,2,9,0,4,4,7,3,0,0,0,0,0,0,0,1,1,2,2,2,39,7,1598,2,6,JEEP RENEGADE,2,E01015743,0,-1
2021061061185,2021,061061185,1,9,0,18,19,1,7,0,0,0,0,0,0,0,4,1,6,6,1,71,10,1956,2,2,JEEP RENEGADE,9,E01005735,0,-1
2021161118525,2021,161118525,1,9,0,7,7,3,3,0,0,0,0,0,0,0,4,1,6,6,3,33,6,1598,2,4,JEEP RENEGADE,5,E01013081,0,-1
2021351021857,2021,351021857,2,9,0,17,19,3,7,0,0,0,0,0,1,0,1,1,5,6,2,25,5,1598,1,3,JEEP RENEGADE,5,E01018059,0,-1
2021522103386,2021,522103386,1,9,0,2,2,0,0,0,0,0,0,0,0,0,3,1,6,6,2,47,8,1368,1,5,JEEP RENEGADE,5,E01014437,0,-1
2021070547156,2021,070547156,2,9,0,5,5,3,7,0,0,1,0,0,0,0,1,1,2,2,1,34,6,1598,2,5,JEEP RENEGADE,5,E01029702,0,-1
2021122200086,2021,122200086,1,9,0,17,19,2,6,1,1,0,1,0,1,9,4,1,6,6,1,37,7,1598,2,5,JEEP RENEGADE,-1,-1,0,-1
2021401122163,2021,401122163,1,9,0,5,5,3,7,0,0,4,0,0,0,0,3,1,6,6,1,40,7,1598,2,5,JEEP RENEGADE,1,E01010067,0,-1
2021141082180,2021,141082180,2,9,0,9,9,8,5,0,0,6,0,0,0,0,1,1,5,6,2,25,5,1598,2,6,JEEP RENEGADE,2,E01008057,0,-1
2021010353903,2021,010353903,1,9,0,18,19,6,2,0,0,0,0,0,0,0,4,1,2,2,2,26,6,999,1,2,JEEP RENEGADE,6,E01001563,0,-1
2021101037447,2021,101037447,2,9,0,18,19,1,5,0,0,0,0,0,0,0,1,1,5,6,2,52,8,1598,2,4,JEEP RENEGADE,3,E01008242,0,-1
2021170S10801,2021,170S10801,1,9,0,18,19,5,1,0,0,2,0,0,0,0,1,1,6,6,2,21,5,1598,2,5,JEEP RENEGADE,1,E01012258,0,-1
2021501049494,2021,501049494,1,9,0,17,19,7,3,0,0,0,0,0,7,7,1,1,6,6,1,68,10,1598,2,5,JEEP RENEGADE,4,E01018955,0,-1
2021010319129,2021,010319129,2,9,0,99,99,9,9,99,99,9,9,99,9,99,1,9,6,6,3,84,11,1332,1,0,JEEP RENEGADE,5,E01024478,0,-1
2021122101093,2021,122101093,2,9,0,9,9,5,3,0,0,1,0,0,0,0,4,1,6,6,1,28,6,1332,1,2,JEEP RENEGADE,1,E01011362,0,-1
2021010290347,2021,010290347,1,9,0,99,99,9,9,99,99,9,9,99,9,99,2,9,6,6,1,24,5,1598,1,5,JEEP RENEGADE,1,E01001790,0,-1
2021111127006,2021,111127006,1,9,0,9,9,3,7,0,0,4,0,0,0,0,3,1,5,6,1,57,9,1598,2,5,JEEP RENEGADE,-1,-1,0,-1
2021430409024,2021,430409024,1,9,0,18,19,2,6,0,0,8,0,0,0,0,1,1,6,6,1,48,8,1598,2,6,JEEP RENEGADE,10,E01017740,0,-1
202106L080082,2021,06L080082,2,9,0,18,19,4,8,0,0,0,0,0,0,0,3,1,6,6,3,30,6,2987,2,7,-1,-1,-1,0,-1
2021041025206,2021,041025206,1,9,0,18,19,5,1,0,0,0,0,0,1,0,3,1,5,6,1,38,7,5461,1,8,-1,7,E01025029,0,-1
2021010295876,2021,010295876,1,9,0,18,19,3,7,0,0,0,0,2,0,0,1,1,3,7,1,44,7,2987,2,7,-1,6,E01002295,0,-1
2021411108225,2021,411108225,1,9,0,18,19,2,6,0,0,0,0,0,0,0,1,1,6,6,2,-1,-1,2987,2,4,-1,5,E01023560,0,-1
2021061030142,2021,061030142,2,9,0,5,5,2,6,0,0,0,0,0,0,0,0,1,6,6,3,30,6,2925,2,0,-1,-1,-1,0,-1
2021411025989,2021,411025989,3,9,0,4,4,6,2,0,0,0,0,0,0,0,1,1,2,2,2,20,4,1998,1,4,MINI JOHN COOPER WORKS,4,E01021839,0,-1
2021451088979,2021,451088979,1,9,0,7,7,1,5,0,0,1,0,0,0,0,0,1,5,6,2,49,8,1998,1,6,MINI JOHN COOPER WORKS,9,E01030309,0,-1
2021440154977,2021,440154977,2,9,0,18,19,8,4,0,0,0,0,0,1,0,1,1,6,6,1,29,6,1998,1,3,MINI JOHN COOPER WORKS,10,E01022512,0,-1
2021461175293,2021,461175293,1,9,0,18,19,3,7,0,0,0,0,0,0,0,4,1,6,6,1,30,6,1998,1,6,MINI JOHN COOPER WORKS,6,E01024530,0,-1
2021010300565,2021,010300565,2,9,0,99,99,9,9,99,99,9,9,99,9,99,3,9,6,6,2,25,5,1998,1,0,MINI JOHN COOPER WORKS,2,E01033597,0,-1