collision_index,collision_year,collision_ref_no,vehicle_reference,vehicle_type,towing_and_articulation,vehicle_manoeuvre_historic,vehicle_manoeuvre,vehicle_direction_from,vehicle_direction_to,vehicle_location_restricted_lane_historic,vehicle_location_restricted_lane,junction_location,skidding_and_overturning,hit_object_in_carriageway,vehicle_leaving_carriageway,hit_object_off_carriageway,first_point_of_impact,vehicle_left_hand_drive,journey_purpose_of_driver_historic,journey_purpose_of_driver,sex_of_driver,age_of_driver,age_band_of_driver,engine_capacity_cc,propulsion_code,age_of_vehicle,generic_make_model,driver_imd_decile,lsoa_of_driver,escooter_flag,driver_distance_banding
2021451061203,2021,451061203,1,9,0,18,19,8,4,0,0,0,0,0,4,0,1,1,1,1,1,29,6,2354,1,14,HONDA Model Missing,9,E01030545,0,-1
2021531099890,2021,531099890,1,9,0,5,5,5,1,0,0,6,0,0,0,0,1,1,5,6,2,65,9,1973,1,20,HONDA Model Missing,9,E01022363,0,-1
2021351112000,2021,351112000,2,5,0,18,19,4,7,0,0,1,0,0,0,0,1,1,5,6,1,74,10,544,1,42,HONDA Model Missing,6,E01018169,0,-1
2021991063886,2021,991063886,1,5,0,7,7,4,7,0,0,0,2,0,0,0,3,1,5,6,1,81,11,781,1,21,HONDA Model Missing,10,E01027697,0,-1
2021471082948,2021,471082948,2,5,0,15,15,6,2,0,0,1,0,0,7,1,1,1,5,6,1,81,11,647,1,31,HONDA Model Missing,8,E01021129,0,-1
2021122100849,2021,122100849,1,5,0,16,19,5,8,0,0,0,1,0,7,11,4,1,6,6,1,58,9,899,1,24,-1,-1,-1,0,-1
2021351097534,2021,351097534,1,5,0,4,4,5,1,0,0,0,1,0,0,0,1,1,6,6,1,-1,-1,899,1,19,-1,-1,-1,0,-1
2021451066015,2021,451066015,1,5,0,11,11,2,6,0,0,5,2,0,0,0,3,1,6,6,1,55,8,899,1,22,-1,8,E01026551,0,-1
2021141045445,2021,141045445,1,5,0,18,19,3,7,0,0,8,0,0,0,0,4,1,5,6,1,36,7,899,1,23,-1,2,E01008158,0,-1
2021201074393,2021,201074393,1,5,0,18,19,2,6,0,0,0,0,10,1,11,4,1,6,6,1,54,8,899,1,22,-1,-1,-1,0,-1
2021471110279,2021,471110279,1,9,0,7,7,7,1,4,4,0,0,0,0,0,1,1,6,6,1,28,6,1685,2,4,KIA OPTIMA,4,E01016855,0,-1
2021401038101,2021,401038101,1,9,0,18,19,1,5,0,0,1,0,0,7,0,3,1,3,7,1,52,8,1598,2,2,KIA OPTIMA,4,E01027336,0,-1
2021421084993,2021,421084993,2,9,0,3,3,2,6,0,0,1,0,0,0,0,2,1,2,2,2,42,7,1685,2,3,KIA OPTIMA,9,E01029872,0,-1
202163C017421,2021,63C017421,1,9,0,5,5,1,1,9,9,8,0,0,0,0,2,1,6,6,2,45,7,1598,2,2,KIA OPTIMA,5,W01001016,0,-1
2021141067231,2021,141067231,2,9,0,7,7,1,1,0,0,0,0,0,0,0,2,1,1,1,2,38,7,1685,2,9,KIA OPTIMA,3,E01033397,0,-1
2021122101176,2021,122101176,1,9,0,9,9,3,1,0,0,6,0,0,0,0,2,1,6,6,2,55,8,1685,2,4,KIA OPTIMA,1,E01008018,0,-1
2021070681216,2021,070681216,1,9,0,18,19,3,7,0,0,0,1,0,1,4,3,1,2,2,2,31,6,1598,2,2,KIA OPTIMA,-1,-1,0,-1
202106X079371,2021,06X079371,2,9,0,18,19,2,6,0,0,0,0,0,0,0,2,1,1,1,1,39,7,1598,2,3,KIA OPTIMA,9,E01010904,0,-1
2021010346667,2021,010346667,2,9,0,99,99,9,9,99,99,9,9,99,9,99,1,9,6,6,3,-1,-1,1999,8,5,KIA OPTIMA,1,E01000798,0,-1
2021430582605,2021,430582605,2,9,0,17,19,2,8,0,0,0,0,0,1,0,3,1,6,6,1,33,6,1598,2,3,KIA OPTIMA,10,E01016329,0,-1
2021101115177,2021,101115177,2,9,0,9,9,1,7,0,0,8,0,0,1,0,3,1,1,1,1,56,9,1685,2,4,KIA OPTIMA,7,E01027495,0,-1
2021430207926,2021,430207926,1,9,0,3,3,7,7,0,0,1,0,0,0,0,2,1,6,6,2,41,7,1685,2,5,KIA OPTIMA,4,E01016516,0,-1
2021461031562,2021,461031562,2,9,0,18,19,3,7,0,0,0,0,0,0,0,2,1,5,6,2,31,6,1598,2,2,KIA OPTIMA,10,E01024270,0,-1
2021061084530,2021,061084530,1,9,0,18,19,3,7,0,0,0,0,0,0,0,2,1,6,6,2,62,9,1598,2,2,KIA OPTIMA,4,E01020279,0,-1
2021221094170,2021,221094170,1,9,0,18,19,8,4,0,0,0,2,0,7,4,1,1,6,6,1,46,8,1598,2,3,KIA OPTIMA,6,E01032436,0,-1
202134NNC3821,2021,34NNC3821,2,9,0,4,4,7,3,0,0,0,0,0,0,0,2,1,6,6,1,57,9,1685,2,4,KIA OPTIMA,7,E01018128,0,-1
2021052102213,2021,052102213,1,9,0,18,19,1,5,0,0,8,0,0,0,0,1,1,2,2,2,38,7,1685,2,3,KIA OPTIMA,5,E01007057,0,-1
20211382J1533,2021,1382J1533,1,9,0,17,19,8,4,0,0,8,1,0,2,11,1,1,2,2,2,28,6,1685,2,4,KIA OPTIMA,7,E01011193,0,-1
2021231072634,2021,231072634,4,9,0,18,19,3,7,0,0,0,0,0,0,0,1,1,1,1,1,40,7,1685,2,6,KIA OPTIMA,9,E01028839,0,-1
2021461083589,2021,461083589,2,9,0,18,19,2,6,0,0,0,0,0,0,0,2,1,6,6,1,73,10,1685,2,9,KIA OPTIMA,10,E01032826,0,-1
2021421048573,2021,421048573,2,9,0,2,2,0,0,9,9,0,0,0,0,0,2,1,6,6,3,-1,-1,1685,2,3,KIA OPTIMA,-1,-1,0,-1
2021471091136,2021,471091136,1,9,0,18,19,4,8,0,0,2,5,0,0,0,4,1,5,6,1,88,11,1685,2,4,KIA OPTIMA,8,E01031399,0,-1
2021010328408,2021,010328408,1,9,0,18,19,7,3,0,0,1,0,0,0,0,4,1,6,6,1,26,6,1999,8,5,KIA OPTIMA,5,E01003640,0,-1
2021231120906,2021,231120906,2,9,0,18,19,7,3,0,0,8,0,0,0,0,1,1,2,2,1,47,8,1598,2,3,KIA OPTIMA,3,E01031006,0,-1
2021552101198,2021,552101198,1,9,0,9,9,2,8,0,0,5,0,0,0,0,1,1,6,6,1,34,6,1685,2,3,KIA OPTIMA,9,E01015323,0,-1
2021101011396,2021,101011396,2,9,0,18,19,3,7,0,0,0,0,0,0,0,0,1,5,6,1,28,6,1685,2,5,KIA OPTIMA,10,E01027471,0,-1
2021542019121,2021,542019121,2,9,0,9,9,5,3,0,0,4,0,0,0,0,1,1,6,6,1,24,5,1685,2,7,KIA OPTIMA,8,E01015557,0,-1
2021141109003,2021,141109003,1,9,0,12,12,8,4,0,0,0,0,0,0,0,1,1,6,6,1,70,10,1685,2,4,KIA OPTIMA,6,E01011083,0,-1
2021430061010,2021,430061010,2,9,0,18,19,3,7,0,0,2,0,0,0,0,2,1,6,6,2,36,7,1685,2,3,KIA OPTIMA,9,E01016735,0,-1
202131P131621,2021,31P131621,2,9,0,18,19,4,8,0,0,8,0,0,1,7,4,1,1,1,1,61,9,1685,2,3,KIA OPTIMA,9,E01027792,0,-1
2021361068780,2021,361068780,2,9,0,18,19,8,4,0,0,0,0,0,0,0,2,1,2,2,2,62,9,1598,2,2,KIA OPTIMA,8,E01026559,0,-1
2021461075693,2021,461075693,1,3,0,13,13,1,5,0,0,1,0,4,0,0,1,1,5,6,1,18,4,125,1,0,-1,5,E01024640,0,-1
2021131039744,2021,131039744,2,3,0,18,19,4,8,0,0,8,0,0,0,0,3,1,6,6,1,19,4,125,1,15,-1,3,E01011307,0,-1
2021401017709,2021,401017709,3,3,0,18,19,7,3,0,0,0,5,0,0,0,2,1,2,2,1,22,5,125,1,1,-1,2,E01017433,0,-1
2021141111300,2021,141111300,2,3,0,18,19,4,8,0,0,1,0,0,0,0,1,1,5,6,1,29,6,125,1,1,-1,1,E01007941,0,-1
2021622100850,2021,622100850,1,3,0,18,19,2,6,0,0,1,0,0,0,0,1,1,6,6,1,21,5,125,1,-1,-1,1,W01001704,0,-1
2021451075443,2021,451075443,1,3,0,18,19,1,2,0,0,0,1,0,0,0,1,1,5,6,1,22,5,125,1,0,-1,6,E01030827,0,-1
2021161075606,2021,161075606,1,2,0,4,4,7,3,0,0,0,0,0,0,0,1,1,6,6,1,16,4,49,1,5,-1,6,E01013334,0,-1
2021471115719,2021,471115719,2,3,0,13,13,4,8,0,0,0,0,0,0,0,1,1,5,6,1,25,5,125,1,7,-1,2,E01021183,0,-1
2021411044907,2021,411044907,2,4,0,18,19,3,4,0,0,4,0,0,0,0,2,1,6,6,1,19,4,125,1,2,-1,4,E01023861,0,-1
2021061050959,2021,061050959,2,3,0,18,19,1,5,0,0,1,0,0,0,0,4,1,2,2,1,35,6,125,1,1,-1,2,E01005670,0,-1
2021010288729,2021,010288729,2,3,0,13,13,7,3,0,0,1,2,0,0,0,1,1,2,2,1,37,7,125,1,2,-1,5,E01004601,0,-1
2021501030696,2021,501030696,1,3,0,18,19,6,2,0,0,1,1,0,0,0,0,1,5,6,1,32,6,125,1,2,-1,3,E01015143,0,-1
2021041031762,2021,041031762,1,3,0,14,14,5,1,0,0,2,0,0,0,0,1,1,6,6,1,28,6,125,1,4,-1,5,E01025288,0,-1
2021141055008,2021,141055008,1,3,0,18,19,8,4,9,9,0,0,0,0,0,2,1,2,2,1,19,4,125,1,5,-1,3,E01007843,0,-1
2021501091319,2021,501091319,1,3,0,18,19,3,7,0,0,1,0,0,0,0,4,1,1,1,1,44,7,124,1,7,-1,4,E01018941,0,-1
2021451050718,2021,451050718,1,3,0,18,19,5,1,0,0,0,2,0,0,0,3,1,2,2,1,21,5,125,1,1,-1,4,E01030608,0,-1
2021041121738,2021,041121738,1,3,0,18,19,6,2,0,0,1,0,12,0,0,1,1,2,2,1,34,6,125,1,2,-1,1,E01012638,0,-1
2021041080041,2021,041080041,1,3,0,18,19,7,3,0,0,8,0,0,0,0,1,1,6,6,1,30,6,125,1,2,-1,1,E01025527,0,-1
2021411055632,2021,411055632,1,3,0,5,5,4,8,0,0,1,0,0,0,0,1,1,1,1,1,25,5,125,1,1,-1,9,E01023676,0,-1
2021052100022,2021,052100022,1,9,0,18,19,3,7,0,0,0,0,0,0,0,3,1,6,6,1,54,8,1990,7,20,MAKE AND MODEL REDACTED,1,E01006697,0,-1
2021061050605,2021,061050605,1,19,0,16,19,6,8,0,0,0,5,0,1,4,4,1,5,6,1,37,7,-1,-1,-1,-1,10,E01006190,0,-1
2021471096822,2021,471096822,2,3,0,13,13,3,7,0,0,8,0,0,0,0,1,1,2,2,1,18,4,125,1,4,-1,4,E01031795,0,-1
2021041083882,2021,041083882,2,17,5,18,19,1,5,0,0,0,0,0,0,0,0,1,5,6,1,45,7,-1,2,14,MAKE AND MODEL REDACTED,5,E01025320,0,-1
2021122100998,2021,122100998,1,17,4,17,19,4,1,0,0,0,1,0,0,0,3,1,1,1,1,61,9,6728,2,3,MAKE AND MODEL REDACTED,6,E01027604,0,-1
2021520101806,2021,520101806,2,17,0,18,19,3,7,0,0,0,1,0,0,0,4,1,1,1,1,25,5,-1,2,17,MAKE AND MODEL REDACTED,-1,-1,0,-1
2021361102500,2021,361102500,1,17,4,18,19,5,1,0,0,0,3,0,0,0,3,1,1,1,1,23,5,6728,2,1,MAKE AND MODEL REDACTED,5,E01026766,0,-1
2021501092960,2021,501092960,2,17,4,9,9,5,3,0,0,5,0,0,0,0,1,1,1,1,1,58,9,6728,2,6,MAKE AND MODEL REDACTED,1,E01018841,0,-1
2021141038758,2021,141038758,1,17,4,16,19,1,5,0,0,0,0,0,0,0,1,1,1,1,1,51,8,6728,2,8,MAKE AND MODEL REDACTED,7,E01008140,0,-1
2021052100547,2021,052100547,1,9,0,13,13,2,6,0,0,0,0,0,0,0,1,1,6,6,1,71,10,2953,2,12,-1,1,E01006574,0,-1
2021520105969,2021,520105969,2,9,0,18,19,1,5,0,0,1,0,0,0,0,1,1,6,6,1,50,8,2826,2,24,-1,5,E01029259,0,-1
2021010301517,2021,010301517,1,9,0,7,7,1,4,0,0,8,0,0,0,0,3,1,2,2,1,56,9,2953,2,20,-1,3,E01002058,0,-1
2021501088443,2021,501088443,1,3,0,18,19,1,5,0,0,8,2,0,0,0,3,1,5,6,1,17,4,124,1,16,-1,7,E01015117,0,-1
2021122101032,2021,122101032,1,4,0,4,4,5,1,0,0,1,0,0,0,0,1,1,6,6,1,60,9,648,1,2,-1,-1,-1,0,-1
2021320088202,2021,320088202,3,9,0,2,2,0,0,0,0,0,0,0,0,0,2,1,6,6,2,56,9,1995,1,9,SUBARU FORESTER,3,E01026055,0,-1
2021041080021,2021,041080021,1,9,0,11,11,1,5,0,0,0,0,0,0,0,2,1,5,6,1,81,11,1994,1,22,SUBARU FORESTER,10,E01025316,0,-1
2021531091608,2021,531091608,2,9,0,17,19,1,5,0,0,1,0,0,0,0,1,1,5,6,1,67,10,1994,1,14,SUBARU FORESTER,8,E01022195,0,-1
2021548430121,2021,548430121,1,9,0,18,19,2,6,0,0,1,0,0,0,0,1,1,6,6,1,31,6,1994,1,16,SUBARU FORESTER,6,E01031893,0,-1
2021161026087,2021,161026087,2,9,0,9,9,4,2,0,0,6,0,0,0,0,1,1,6,6,1,59,9,1998,2,5,SUBARU FORESTER,9,E01013265,0,-1
2021461109899,2021,461109899,3,9,0,3,3,0,0,0,0,8,0,0,0,0,2,1,3,7,1,67,10,1998,1,21,SUBARU FORESTER,7,E01024805,0,-1
2021991032170,2021,991032170,1,9,0,6,6,5,4,0,0,0,0,0,0,0,1,1,5,6,1,42,7,1998,2,6,SUBARU FORESTER,7,-1,0,-1
2021471026743,2021,471026743,1,9,0,15,15,3,7,0,0,1,0,0,0,0,1,1,6,6,3,-1,-1,1994,1,17,SUBARU FORESTER,-1,-1,0,-1
2021371027637,2021,371027637,1,9,0,18,19,5,1,0,0,0,0,0,0,0,1,1,5,6,2,45,7,1998,2,8,SUBARU FORESTER,7,E01021407,0,-1
20211383V1127,2021,1383V1127,1,9,0,18,19,2,6,0,0,0,0,11,0,0,1,1,6,6,2,33,6,2457,1,13,SUBARU FORESTER,2,E01011249,0,-1
2021522200216,2021,522200216,3,9,0,2,2,0,0,0,0,0,0,0,0,0,3,1,6,6,3,50,8,1994,1,21,SUBARU FORESTER,-1,-1,0,-1
2021991082596,2021,991082596,1,9,0,18,19,6,2,0,0,0,0,0,0,0,1,1,5,6,1,70,10,1998,1,7,SUBARU FORESTER,8,E01022604,0,-1
2021440067330,2021,440067330,2,9,0,18,19,4,8,0,0,2,0,0,7,0,1,1,1,1,1,24,5,2457,1,16,SUBARU FORESTER,7,E01031978,0,-1
2021161088425,2021,161088425,1,9,0,17,19,1,4,0,0,8,0,0,0,0,4,1,6,6,1,53,8,1998,2,11,SUBARU FORESTER,8,E01013292,0,-1
2021138330383,2021,138330383,1,9,0,5,5,3,7,0,0,0,0,0,0,0,1,1,6,6,1,64,9,1998,1,2,SUBARU FORESTER,8,E01032503,0,-1
2021351106015,2021,351106015,2,9,0,18,19,7,3,0,0,1,0,0,1,0,1,1,2,2,2,60,9,1995,1,4,SUBARU FORESTER,7,E01018057,0,-1
2021991050970,2021,991050970,1,9,0,18,19,8,4,0,0,0,0,0,0,0,1,1,2,2,2,62,9,1995,1,5,SUBARU FORESTER,7,-1,0,-1
2021451014534,2021,451014534,3,9,0,3,3,5,1,0,0,1,0,0,0,0,2,1,6,6,1,36,7,2457,1,16,SUBARU FORESTER,8,E01030528,0,-1
2021531099306,2021,531099306,2,9,0,3,3,5,1,0,0,1,0,0,0,0,2,1,5,6,2,51,8,1994,1,20,SUBARU FORESTER,7,E01022230,0,-1
2021320466039,2021,320466039,1,9,0,7,7,2,6,0,0,2,1,0,1,9,1,1,1,1,1,23,5,1994,1,16,SUBARU FORESTER,5,E01026276,0,-1
2021010345070,2021,010345070,1,9,0,9,9,3,1,0,0,1,0,0,0,0,1,1,6,6,1,50,8,1998,2,5,SUBARU FORESTER,5,E01001556,0,-1
2021010332559,2021,010332559,1,9,0,9,9,3,1,0,0,4,0,0,0,0,1,1,1,1,1,47,8,1994,1,18,SUBARU FORESTER,4,E01004591,0,-1
2021471045449,2021,471045449,1,9,0,16,19,5,8,0,0,0,1,0,7,0,-1,1,6,6,1,18,4,1994,1,15,SUBARU FORESTER,10,E01031627,0,-1
2021131098533,2021,131098533,1,9,0,-1,-1,-1,-1,-1,-1,0,-1,-1,-1,0,-1,1,6,6,3,-1,-1,1994,1,19,SUBARU FORESTER,-1,-1,0,-1
2021010340948,2021,010340948,1,9,0,9,9,8,6,0,0,5,0,0,0,0,1,1,6,6,1,59,9,2457,1,14,SUBARU FORESTER,3,E01000022,0,-1
202154C439321,2021,54C439321,1,9,0,13,13,6,2,0,0,0,1,0,7,10,1,1,6,6,1,19,4,1994,1,15,SUBARU FORESTER,7,E01032029,0,-1
2021111118997,2021,111118997,2,9,0,18,19,5,1,0,0,0,1,0,0,0,2,1,2,2,1,22,5,1994,1,16,SUBARU FORESTER,3,E01020811,0,-1
2021101094372,2021,101094372,1,9,0,18,19,3,7,0,0,0,2,7,0,0,4,1,6,6,1,-1,-1,1994,7,13,SUBARU FORESTER,-1,-1,0,-1
2021451024296,2021,451024296,3,9,0,18,19,6,2,0,0,1,0,0,0,0,4,1,6,6,1,56,9,2457,1,15,SUBARU FORESTER,9,E01030381,0,-1
2021031081816,2021,031081816,1,9,0,9,9,3,7,0,0,0,0,0,0,0,3,1,5,6,1,64,9,1994,1,10,SUBARU FORESTER,4,E01029338,0,-1
2021221043573,2021,221043573,2,9,0,9,9,3,1,0,0,5,0,0,2,11,3,1,2,2,2,43,7,1995,8,2,SUBARU FORESTER,8,E01032175,0,-1
20211381O1381,2021,1381O1381,1,9,0,9,9,6,3,0,0,6,0,0,0,0,1,1,6,6,1,31,6,1994,1,19,SUBARU FORESTER,1,E01011746,0,-1
2021031055636,2021,031055636,2,9,0,18,19,1,5,0,0,0,0,0,0,0,1,1,6,6,2,37,7,1998,2,12,SUBARU FORESTER,4,E01019293,0,-1
2021302101426,2021,302101426,1,9,0,3,3,5,1,0,0,0,0,0,0,0,2,1,6,6,1,33,6,1998,2,8,SUBARU FORESTER,6,E01019594,0,-1
2021451073352,2021,451073352,1,9,0,18,19,1,5,0,0,0,2,0,0,0,4,1,6,6,1,54,8,1995,1,5,SUBARU FORESTER,9,E01030932,0,-1
2021501031558,2021,501031558,1,9,0,5,5,8,3,0,0,6,0,0,0,0,3,1,5,6,1,89,11,1994,1,16,SUBARU FORESTER,8,E01020238,0,-1
2021552101347,2021,552101347,1,9,0,18,19,4,8,0,0,0,0,0,0,0,1,1,6,6,1,83,11,1998,2,6,SUBARU FORESTER,6,E01020433,0,-1
2021010337438,2021,010337438,1,9,0,5,5,1,5,0,0,0,1,0,0,0,1,1,6,6,1,56,9,1994,1,15,SUBARU FORESTER,1,E01004757,0,-1
2021411053943,2021,411053943,1,9,0,18,19,3,7,0,0,1,0,0,0,0,4,1,6,6,1,78,11,1995,1,6,SUBARU FORESTER,8,E01023596,0,-1
2021131104719,2021,131104719,1,9,0,16,19,5,1,0,0,0,5,0,1,0,1,1,2,2,1,38,7,1994,1,18,SUBARU FORESTER,1,E01011864,0,-1
2021031092977,2021,031092977,1,9,0,17,19,2,5,0,0,0,0,0,1,0,1,1,1,1,1,23,5,1994,1,16,SUBARU FORESTER,5,E01019380,0,-1
2021141097008,2021,141097008,1,9,0,-1,-1,-1,-1,-1,-1,0,-1,-1,-1,0,-1,1,6,6,3,-1,-1,1994,1,16,SUBARU FORESTER,-1,-1,0,-1
2021201070968,2021,201070968,1,90,0,13,13,4,8,0,0,8,0,0,0,0,1,1,6,6,1,64,9,997,1,1,-1,6,E01010177,0,-1
2021320466852,2021,320466852,1,5,0,18,19,3,7,0,0,0,0,0,0,0,1,1,6,6,1,78,11,1050,1,9,-1,5,E01026403,0,-1
2021221066591,2021,221066591,1,5,0,17,19,3,8,0,0,8,0,0,0,0,1,1,1,1,1,27,6,1050,1,7,-1,1,E01027533,0,-1
2021440384581,2021,440384581,2,5,0,18,19,7,3,0,0,0,0,0,0,0,1,1,2,2,1,56,9,1050,1,11,-1,7,E01023057,0,-1
2021471120680,2021,471120680,1,9,0,18,19,4,7,0,0,4,0,0,0,0,1,1,5,6,1,27,6,2435,1,27,-1,9,E01016999,0,-1
2021461053218,2021,461053218,2,9,0,16,19,1,7,0,0,1,0,0,0,0,1,1,6,6,1,43,7,2319,1,25,-1,7,E01024101,0,-1
2021461061112,2021,461061112,2,9,0,18,19,6,6,0,0,0,0,0,0,0,1,1,5,6,1,71,10,1984,1,28,-1,8,E01024328,0,-1
2021010304552,2021,010304552,1,9,0,10,10,1,7,0,0,1,0,0,0,0,0,1,6,6,1,53,8,1984,1,25,-1,3,E01001186,0,-1
2021161128721,2021,161128721,1,9,0,5,5,1,7,0,0,6,0,0,0,0,2,1,5,6,1,42,7,2461,2,25,-1,1,E01012951,0,-1
2021141074625,2021,141074625,2,5,0,18,19,7,5,0,0,0,1,0,7,1,1,1,6,6,1,59,9,1198,1,16,-1,4,E01007353,0,-1
2021451062572,2021,451062572,1,5,0,9,9,4,8,0,0,8,5,11,0,0,0,1,2,2,1,62,9,1200,1,19,-1,5,E01030739,0,-1
2021461097395,2021,461097395,3,9,0,2,2,0,0,0,0,0,0,0,0,0,4,1,6,6,1,-1,-1,2387,2,14,-1,7,E01024288,0,-1
2021471070386,2021,471070386,2,9,0,2,2,0,0,0,0,0,0,0,0,0,2,1,6,6,3,-1,-1,3195,1,13,-1,-1,-1,0,-1
2021201089429,2021,201089429,1,9,0,18,19,4,8,0,0,0,0,0,0,0,1,1,6,6,1,50,8,2387,2,14,-1,4,E01010040,0,-1
2021221081043,2021,221081043,1,9,0,18,19,3,7,0,0,0,1,0,1,9,1,1,5,6,2,39,7,2198,1,15,-1,5,E01014055,0,-1
2021991102717,2021,991102717,1,9,0,18,19,3,7,0,0,0,0,0,0,0,1,1,6,6,1,47,8,3195,1,14,-1,10,-1,0,-1
2021421012805,2021,421012805,1,3,0,7,7,7,3,0,0,4,0,0,0,0,4,1,5,6,1,20,4,125,1,15,-1,1,E01021305,0,-1
2021041095532,2021,041095532,1,3,0,18,19,1,5,0,0,0,2,4,0,0,1,1,5,6,1,19,4,125,1,17,-1,10,E01025332,0,-1
2021552100526,2021,552100526,3,9,0,2,2,0,0,0,0,1,0,0,0,0,2,1,6,6,3,-1,-1,1997,2,8,CITROEN C4,-1,-1,0,-1
2021501077591,2021,501077591,1,9,0,18,19,3,7,0,0,0,0,0,0,0,1,1,6,6,2,39,7,1560,2,8,CITROEN C4,6,E01020246,0,-1
2021010328797,2021,010328797,1,9,0,7,7,1,4,0,0,5,0,0,0,0,2,1,6,6,1,28,6,1560,2,11,CITROEN C4,7,E01000877,0,-1
2021991050695,2021,991050695,1,8,0,17,19,7,4,0,0,1,0,0,0,0,4,1,1,1,1,67,10,1560,2,7,CITROEN C4,3,-1,0,-1
2021010332412,2021,010332412,1,9,0,3,3,7,3,0,0,0,0,0,0,0,2,1,6,6,1,36,7,1997,2,5,CITROEN C4,7,E01000391,0,-1
2021010293362,2021,010293362,2,9,0,99,99,9,9,99,99,9,9,99,9,99,9,9,6,6,3,-1,-1,1560,2,6,CITROEN C4,8,E01000311,0,-1
2021531054362,2021,531054362,1,9,0,18,19,1,5,0,0,8,0,0,0,0,1,1,5,6,2,38,7,1560,2,11,CITROEN C4,6,E01022454,0,-1
2021141112767,2021,141112767,1,9,0,3,3,7,3,0,0,0,0,0,0,0,2,1,6,6,2,42,7,1560,2,7,CITROEN C4,2,E01007796,0,-1
2021501015826,2021,501015826,1,9,0,18,19,5,1,0,0,0,0,0,1,0,1,1,6,6,2,76,11,1560,2,12,CITROEN C4,7,E01020298,0,-1
2021201072710,2021,201072710,1,9,0,18,19,-1,-1,0,0,0,0,0,0,0,3,1,6,6,1,35,6,1997,1,14,CITROEN C4,3,E01009006,0,-1
2021010329039,2021,010329039,2,9,0,18,19,5,1,0,0,1,0,0,0,0,1,1,6,6,1,24,5,1560,2,13,CITROEN C4,4,E01001674,0,-1
2021201137471,2021,201137471,2,9,0,18,19,3,7,0,0,0,0,0,0,0,3,1,6,6,1,74,10,1560,2,7,CITROEN C4,10,E01031250,0,-1
2021010315672,2021,010315672,2,9,0,99,99,9,9,99,99,9,9,99,9,99,9,9,6,6,1,42,7,1560,2,11,CITROEN C4,3,E01000127,0,-1
2021461108635,2021,461108635,1,9,0,9,9,5,2,0,0,5,0,0,0,0,3,1,6,6,1,79,11,1560,2,3,CITROEN C4,6,E01032807,0,-1
2021371047503,2021,371047503,2,9,0,17,19,1,5,0,0,0,0,0,0,0,1,1,5,6,2,44,7,1560,2,4,CITROEN C4,10,E01018256,0,-1
2021011067428,2021,011067428,2,9,0,3,3,1,5,0,0,0,0,0,0,0,1,1,6,6,1,49,8,1560,2,8,CITROEN C4,5,E01000467,0,-1
2021991036306,2021,991036306,1,9,0,18,19,8,4,0,0,0,0,0,0,0,1,1,5,6,1,71,10,1560,2,6,CITROEN C4,4,-1,0,-1
2021131064192,2021,131064192,1,9,0,18,19,6,2,0,0,8,0,0,0,0,1,1,5,6,1,77,11,1560,2,4,CITROEN C4,10,E01011196,0,-1
2021041130821,2021,041130821,2,9,0,4,4,3,7,0,0,1,0,0,0,0,2,1,5,6,1,37,7,1560,2,10,CITROEN C4,2,E01012608,0,-1
2021221097967,2021,221097967,1,9,0,18,19,1,5,0,0,8,0,0,0,0,1,1,5,6,1,34,6,1560,2,12,CITROEN C4,-1,-1,0,-1
2021010311744,2021,010311744,2,9,0,5,5,2,6,0,0,0,0,0,0,0,1,1,6,6,1,79,11,1560,2,11,CITROEN C4,5,E01003663,0,-1
2021320664974,2021,320664974,1,9,0,18,19,3,7,0,0,0,0,4,0,0,1,1,6,6,1,54,8,1560,2,11,CITROEN C4,5,E01026306,0,-1
2021101039936,2021,101039936,2,9,0,18,19,4,8,0,0,0,0,0,0,0,1,1,6,6,1,55,8,1560,2,10,CITROEN C4,8,E01027356,0,-1
2021010337330,2021,010337330,2,9,0,2,2,0,0,0,0,2,0,0,0,0,1,1,6,6,3,-1,-1,1798,1,13,CITROEN C4,-1,-1,0,-1
2021302100901,2021,302100901,1,9,0,9,9,6,4,0,0,5,0,0,0,0,3,1,2,2,1,31,6,1560,2,7,CITROEN C4,2,E01019497,0,-1
2021522106101,2021,522106101,2,9,0,18,19,4,8,0,0,4,0,0,0,0,1,1,6,6,1,40,7,1560,2,11,CITROEN C4,-1,-1,0,-1
2021430258727,2021,430258727,2,9,0,18,19,8,4,0,0,0,0,0,0,0,1,1,6,6,2,51,8,1587,1,16,CITROEN C4,4,E01017905,0,-1
2021010304457,2021,010304457,1,9,0,18,19,7,3,9,9,1,0,0,1,11,1,1,6,6,1,84,11,1560,2,11,CITROEN C4,8,E01002273,0,-1
2021440113355,2021,440113355,2,9,0,18,19,7,3,0,0,8,0,0,0,0,1,1,6,6,2,40,7,1560,2,5,CITROEN C4,8,E01023001,0,-1