collision_index,collision_year,collision_ref_no,vehicle_reference,vehicle_type,towing_and_articulation,vehicle_manoeuvre_historic,vehicle_manoeuvre,vehicle_direction_from,vehicle_direction_to,vehicle_location_restricted_lane_historic,vehicle_location_restricted_lane,junction_location,skidding_and_overturning,hit_object_in_carriageway,vehicle_leaving_carriageway,hit_object_off_carriageway,first_point_of_impact,vehicle_left_hand_drive,journey_purpose_of_driver_historic,journey_purpose_of_driver,sex_of_driver,age_of_driver,age_band_of_driver,engine_capacity_cc,propulsion_code,age_of_vehicle,generic_make_model,driver_imd_decile,lsoa_of_driver,escooter_flag,driver_distance_banding
2021101016028,2021,101016028,2,9,0,3,3,8,4,0,0,4,0,0,0,0,2,1,6,6,1,57,9,1560,2,4,CITROEN C4,2,E01020716,0,-1
2021430166144,2021,430166144,1,9,0,1,1,4,8,0,0,6,0,0,0,0,2,1,2,2,2,26,6,1560,2,13,CITROEN C4,5,E01028538,0,-1
2021010288699,2021,010288699,3,9,0,4,4,5,1,0,0,0,0,0,0,0,3,1,6,6,1,58,9,1560,2,6,CITROEN C4,6,E01002128,0,-1
2021461044662,2021,461044662,1,9,0,13,13,7,3,0,0,1,0,0,0,0,2,1,5,6,2,45,7,1560,2,9,CITROEN C4,8,E01024077,0,-1
2021101106586,2021,101106586,2,9,0,3,3,3,7,0,0,1,0,0,0,0,2,1,5,6,2,40,7,1560,2,4,CITROEN C4,1,E01008436,0,-1
2021231093926,2021,231093926,1,9,0,18,19,6,2,0,0,0,0,4,0,0,1,1,5,6,2,37,7,1997,2,14,CITROEN C4,7,E01031297,0,-1
2021111034843,2021,111034843,2,9,0,2,2,3,7,0,0,1,0,0,0,0,2,1,6,6,3,-1,-1,1560,2,8,CITROEN C4,-1,-1,0,-1
2021122100281,2021,122100281,1,9,0,15,15,6,2,0,0,1,0,0,0,0,4,1,6,6,3,-1,-1,1560,2,6,CITROEN C4,-1,-1,0,-1
2021131051424,2021,131051424,1,9,0,9,9,4,7,0,0,0,0,0,0,0,1,1,2,2,1,58,9,1560,2,13,CITROEN C4,1,E01010650,0,-1
2021471103945,2021,471103945,2,9,0,18,19,1,5,0,0,1,0,0,0,0,1,1,5,6,2,42,7,1560,2,9,CITROEN C4,6,E01031345,0,-1
2021991071290,2021,991071290,3,9,0,3,3,3,1,0,0,1,0,0,0,0,2,1,6,6,2,44,7,1200,1,2,CITROEN C4,1,-1,0,-1
2021052101370,2021,052101370,1,9,0,18,19,5,1,0,0,0,0,8,0,0,4,1,2,2,1,59,9,1997,2,13,CITROEN C4,1,E01006638,0,-1
2021451014413,2021,451014413,1,9,0,1,1,1,5,0,0,0,0,0,0,0,3,1,6,6,1,42,7,1560,2,7,CITROEN C4,7,E01030361,0,-1
2021101127316,2021,101127316,2,9,0,3,3,1,5,0,0,0,0,0,0,0,2,1,5,6,1,46,8,1560,2,7,CITROEN C4,1,E01008212,0,-1
2021622100894,2021,622100894,3,9,0,18,19,4,8,0,0,0,0,0,0,0,2,1,2,2,1,28,6,1560,2,16,CITROEN C4,5,W01001291,0,-1
2021111113771,2021,111113771,2,9,0,18,19,3,7,0,0,0,0,0,0,0,2,1,5,6,1,58,9,1560,2,14,CITROEN C4,1,E01020673,0,-1
2021131061312,2021,131061312,2,9,0,3,3,2,6,0,0,0,0,0,0,0,2,1,5,6,1,27,6,1560,2,10,CITROEN C4,2,E01011015,0,-1
2021451109855,2021,451109855,3,9,0,2,2,2,6,0,0,1,0,0,0,0,2,1,1,1,1,45,7,1560,2,3,CITROEN C4,4,E01004380,0,-1
2021421110827,2021,421110827,1,9,0,12,12,5,1,0,0,8,0,0,0,0,3,1,6,6,1,49,8,1560,2,6,CITROEN C4,4,E01021915,0,-1
202131C020421,2021,31C020421,1,9,0,18,19,7,3,0,0,8,0,0,0,0,1,1,6,6,2,33,6,1360,1,16,CITROEN C4,1,E01013878,0,-1
2021161075631,2021,161075631,2,9,0,18,19,7,3,0,0,0,0,0,0,0,1,1,5,6,2,35,6,1560,2,5,CITROEN C4,8,E01013190,0,-1
2021552100604,2021,552100604,1,9,0,18,19,4,8,0,0,8,1,0,0,0,1,1,6,6,2,33,6,1560,2,5,CITROEN C4,5,E01015301,0,-1
2021161075086,2021,161075086,2,9,0,3,3,8,5,0,0,0,0,0,0,0,2,1,6,6,2,36,7,1560,2,6,CITROEN C4,1,E01012788,0,-1
2021010328408,2021,010328408,2,9,0,9,9,6,3,0,0,1,0,0,0,0,0,1,6,6,1,49,8,1560,2,8,CITROEN C4,-1,-1,0,-1
2021471104164,2021,471104164,2,9,0,18,19,4,7,0,0,0,0,0,0,0,2,1,5,6,2,45,7,1560,2,12,CITROEN C4,2,E01016160,0,-1
2021461101520,2021,461101520,1,9,0,18,19,4,8,0,0,0,0,0,0,0,1,1,5,6,2,62,9,1560,2,9,CITROEN C4,2,E01016039,0,-1
2021421082178,2021,421082178,1,9,0,2,2,5,2,0,0,0,0,0,0,0,0,1,5,6,1,30,6,1560,2,10,CITROEN C4,8,E01033538,0,-1
202131D082721,2021,31D082721,3,9,0,4,4,8,4,0,0,0,0,0,0,0,2,1,6,6,1,46,8,1560,2,7,CITROEN C4,10,E01028390,0,-1
2021361066535,2021,361066535,1,9,0,9,9,1,7,0,0,8,0,0,0,0,3,1,2,2,1,50,8,1560,2,14,CITROEN C4,5,E01026783,0,-1
2021111079820,2021,111079820,2,9,0,3,3,1,7,0,0,1,0,0,0,0,2,1,2,2,2,29,6,1560,2,6,CITROEN C4,8,E01008749,0,-1
2021010301118,2021,010301118,6,9,0,4,4,7,3,0,0,0,0,0,0,0,1,1,6,6,1,56,9,1560,2,9,CITROEN C4,2,E01004394,0,-1
2021201100981,2021,201100981,1,9,0,18,19,8,4,0,0,1,0,0,0,0,1,1,6,6,1,44,7,1997,2,13,CITROEN C4,1,E01009074,0,-1
2021461088167,2021,461088167,1,9,0,4,4,5,1,0,0,1,0,0,0,0,1,1,6,6,1,84,11,1587,1,16,CITROEN C4,1,E01024671,0,-1
2021010344254,2021,010344254,3,9,0,2,2,0,0,0,0,2,0,0,0,0,2,1,6,6,3,-1,-1,1560,2,3,CITROEN C4,-1,-1,0,-1
2021351083106,2021,351083106,1,9,0,18,19,3,7,0,0,1,0,0,0,0,1,1,2,2,1,28,6,1560,2,13,CITROEN C4,1,E01015637,0,-1
2021010324003,2021,010324003,1,9,0,9,9,5,3,0,0,5,0,0,0,0,3,1,6,6,1,51,8,1560,2,4,CITROEN C4,1,E01002040,0,-1
2021430159658,2021,430159658,1,9,0,18,19,5,1,0,0,0,0,0,0,0,3,1,2,2,1,57,9,1560,2,10,CITROEN C4,6,E01016473,0,-1
2021471107038,2021,471107038,1,9,0,9,9,5,3,0,0,8,0,0,0,0,1,1,5,6,1,54,8,1598,1,8,CITROEN C4,-1,-1,0,-1
2021122100676,2021,122100676,1,9,0,13,13,4,8,0,0,0,0,0,0,0,1,1,2,2,1,24,5,-1,3,0,CITROEN C4,6,E01013398,0,-1
2021461022324,2021,461022324,6,9,0,2,2,0,0,0,0,0,0,0,0,0,2,1,6,6,2,-1,-1,1560,2,10,CITROEN C4,1,E01024666,0,-1
2021302101903,2021,302101903,2,9,0,18,19,4,8,0,0,3,0,0,0,0,4,1,6,6,1,44,7,1560,2,8,CITROEN C4,4,E01013515,0,-1
2021430527894,2021,430527894,1,9,0,18,19,6,2,0,0,2,0,0,0,0,1,1,6,6,2,44,7,1560,2,9,CITROEN C4,8,E01017741,0,-1
2021622200007,2021,622200007,1,9,0,5,5,2,6,0,0,6,0,0,0,0,1,1,6,6,1,79,11,1560,2,4,CITROEN C4,2,W01001141,0,-1
2021170H10101,2021,170H10101,1,9,0,18,19,5,1,0,0,2,0,0,0,0,4,1,6,6,1,77,11,1560,2,4,CITROEN C4,9,E01012003,0,-1
2021991038866,2021,991038866,1,9,0,9,9,6,4,0,0,1,0,0,0,0,3,1,6,6,1,50,8,1560,2,9,CITROEN C4,3,-1,0,-1
2021430478706,2021,430478706,2,9,0,14,14,5,1,0,0,0,0,0,0,0,4,1,6,6,1,44,7,1997,2,12,CITROEN C4,4,E01016360,0,-1
202134NNC3301,2021,34NNC3301,2,9,0,2,2,0,0,0,0,0,0,0,0,0,4,1,6,6,1,65,9,1560,2,14,CITROEN C4,9,E01027108,0,-1
2021461029881,2021,461029881,2,9,0,10,10,7,3,0,0,1,0,0,2,7,3,1,2,2,1,46,8,1560,2,13,CITROEN C4,6,E01024130,0,-1
2021041038739,2021,041038739,2,9,0,2,2,0,0,9,9,0,0,0,0,0,1,1,6,6,3,-1,-1,1560,2,13,CITROEN C4,-1,-1,0,-1
2021351021943,2021,351021943,1,9,-1,9,9,1,3,0,0,1,0,0,0,0,1,1,6,6,1,25,5,1560,2,10,CITROEN C4,-1,-1,0,-1
2021501051305,2021,501051305,1,9,0,18,19,3,7,0,0,1,0,0,0,0,1,1,6,6,2,56,9,1560,2,4,CITROEN C4,9,E01020257,0,-1
2021201142196,2021,201142196,2,9,0,18,19,1,5,0,0,8,0,0,0,0,4,1,2,2,2,54,8,1200,1,6,CITROEN C4,2,E01008999,0,-1
2021361096026,2021,361096026,2,9,0,18,19,6,2,0,0,8,0,0,0,0,1,1,5,6,1,71,10,1587,1,13,CITROEN C4,5,E01026777,0,-1
2021161097672,2021,161097672,1,9,0,18,19,8,4,0,0,0,0,0,0,0,2,1,2,2,1,-1,-1,1560,2,13,CITROEN C4,3,E01012866,0,-1
2021440065400,2021,440065400,2,9,0,18,19,7,3,0,0,1,0,0,0,0,1,1,6,6,1,43,7,1560,2,12,CITROEN C4,2,E01017188,0,-1
2021010338272,2021,010338272,1,9,0,9,9,7,5,0,0,6,0,0,0,0,4,1,1,1,2,48,8,1200,1,2,CITROEN C4,3,E01002104,0,-1
2021010329417,2021,010329417,2,9,0,18,19,1,5,0,0,1,0,0,0,0,4,1,6,6,1,54,8,1560,2,9,CITROEN C4,4,E01002592,0,-1
2021522201361,2021,522201361,1,9,0,9,9,4,2,0,0,6,0,0,0,0,1,1,6,6,1,31,6,1587,1,13,CITROEN C4,3,E01014493,0,-1
2021430098606,2021,430098606,1,9,0,7,7,6,8,0,0,6,1,7,8,10,1,1,6,6,1,80,11,1598,1,12,CITROEN C4,6,E01016241,0,-1
2021351063618,2021,351063618,1,9,0,5,5,5,1,0,0,4,0,0,0,0,1,1,3,7,2,35,6,1560,2,4,CITROEN C4,8,E01015685,0,-1
2021010297989,2021,010297989,1,9,0,99,99,9,9,99,99,0,9,99,9,99,1,9,6,6,3,35,6,1200,1,5,CITROEN C4,2,E01003046,0,-1
2021622100176,2021,622100176,1,9,0,18,19,2,6,0,0,0,1,0,1,4,1,1,6,6,1,26,6,1200,1,4,CITROEN C4,5,W01001320,0,-1
2021531109715,2021,531109715,1,9,0,18,19,3,7,0,0,1,1,0,3,4,1,1,1,1,1,41,7,1560,2,6,CITROEN C4,10,E01005794,0,-1
2021471019390,2021,471019390,2,9,0,17,19,8,6,0,0,1,0,0,0,0,3,1,5,6,2,25,5,1560,2,11,CITROEN C4,5,E01021120,0,-1
2021052102206,2021,052102206,2,9,0,18,19,7,3,0,0,8,0,0,0,0,1,1,6,6,1,89,11,1997,2,11,CITROEN C4,8,E01006921,0,-1
2021141014761,2021,141014761,1,9,0,5,5,1,1,0,0,1,0,0,0,0,2,1,1,1,2,23,5,1200,1,2,CITROEN C4,4,E01007765,0,-1
2021061072868,2021,061072868,1,9,0,18,19,1,5,0,0,0,0,0,0,0,1,1,6,6,2,65,9,1560,2,8,CITROEN C4,2,E01005674,0,-1
2021440368877,2021,440368877,2,9,0,9,9,7,6,0,0,1,0,0,0,0,3,1,6,6,2,30,6,1560,2,7,CITROEN C4,9,E01030900,0,-1
202134WNC1971,2021,34WNC1971,1,9,0,18,19,7,3,0,0,1,0,0,0,0,1,1,6,6,1,26,6,1200,1,6,CITROEN C4,8,E01026990,0,-1
2021201143593,2021,201143593,1,9,0,18,19,5,1,0,0,0,5,0,0,0,1,1,6,6,1,30,6,1200,1,6,CITROEN C4,1,E01010238,0,-1
2021201029789,2021,201029789,1,9,0,18,19,4,8,0,0,0,0,0,0,0,1,1,1,1,1,35,6,1997,2,7,CITROEN C4,2,E01010472,0,-1
2021421108124,2021,421108124,1,9,0,3,3,3,5,0,0,4,0,0,0,0,1,1,6,6,2,42,7,1200,1,5,CITROEN C4,-1,-1,0,-1
2021061098425,2021,061098425,1,9,0,2,2,0,0,4,4,0,0,0,0,0,3,1,6,6,2,30,6,1560,2,4,CITROEN C4,1,E01032915,0,-1
2021461046056,2021,461046056,2,9,0,3,3,3,7,0,0,0,0,0,0,0,2,1,5,6,2,44,7,1997,1,14,CITROEN C4,2,E01016064,0,-1
2021211053667,2021,211053667,1,8,0,-1,-1,-1,-1,0,0,0,0,0,0,0,3,1,5,6,1,46,8,1560,2,4,CITROEN C4,2,E01029447,0,-1
2021991066527,2021,991066527,2,9,0,17,19,1,5,0,0,0,0,0,0,0,3,1,6,6,2,49,8,1560,2,4,CITROEN C4,9,-1,0,-1
2021302100652,2021,302100652,2,9,0,17,19,6,2,0,0,0,0,0,1,11,1,1,6,6,1,60,9,1560,2,8,CITROEN C4,10,E01019731,0,-1
2021231121563,2021,231121563,1,9,0,9,9,4,2,0,0,5,0,0,0,0,3,1,3,7,2,37,7,1560,2,6,CITROEN C4,6,E01031189,0,-1
2021041136688,2021,041136688,2,9,0,18,19,3,7,0,0,1,0,0,0,0,1,1,5,6,1,73,10,1560,2,11,CITROEN C4,1,E01025283,0,-1
202131C142021,2021,31C142021,3,9,0,18,19,8,4,0,0,0,0,0,0,0,1,1,1,1,2,45,7,1200,1,3,CITROEN C4,9,E01028360,0,-1
2021522101724,2021,522101724,2,9,0,4,4,2,6,0,0,1,0,0,0,0,2,1,6,6,2,27,6,1560,2,9,CITROEN C4,9,E01014748,0,-1
2021170L11161,2021,170L11161,2,9,0,13,13,4,8,0,0,0,0,0,0,0,3,1,6,6,1,38,7,1560,2,4,CITROEN C4,-1,-1,0,-1
2021101049793,2021,101049793,3,9,0,3,3,1,5,0,0,0,0,0,0,0,2,1,2,2,1,49,8,1560,2,6,CITROEN C4,-1,-1,0,-1
2021461040725,2021,461040725,1,9,0,9,9,5,3,0,0,6,0,0,0,0,3,1,6,6,2,34,6,1560,2,5,CITROEN C4,7,E01024388,0,-1
2021501160568,2021,501160568,2,9,0,18,19,3,6,0,0,0,0,0,0,0,1,1,5,6,2,53,8,1560,2,8,CITROEN C4,4,E01020293,0,-1
2021101021245,2021,101021245,2,9,0,18,19,1,5,0,0,2,0,0,0,0,1,1,2,2,2,35,6,1560,2,5,CITROEN C4,-1,-1,0,-1
2021122101236,2021,122101236,2,9,0,18,19,3,7,0,0,0,1,0,1,0,3,1,6,6,1,56,9,1560,2,5,CITROEN C4,4,E01011891,0,-1
2021302100175,2021,302100175,1,9,0,9,9,2,8,0,0,5,0,0,0,0,4,1,6,6,1,33,6,1560,2,14,CITROEN C4,2,E01019543,0,-1
2021440225668,2021,440225668,1,9,0,1,1,2,6,0,0,8,0,0,0,0,1,1,6,6,1,88,11,1560,2,8,CITROEN C4,5,E01017365,0,-1
2021471085496,2021,471085496,2,9,0,4,4,1,5,0,0,0,0,0,0,0,2,1,5,6,2,47,8,1560,2,7,CITROEN C4,4,E01020916,0,-1
2021461054075,2021,461054075,1,8,0,16,19,4,8,0,0,0,0,0,0,0,1,1,6,6,2,43,7,1560,2,8,CITROEN C4,2,E01024249,0,-1
2021131056977,2021,131056977,2,9,0,9,9,4,8,0,0,0,1,0,0,0,4,1,2,2,1,52,8,1560,2,14,CITROEN C4,6,E01010643,0,-1
2021991062989,2021,991062989,3,9,0,5,5,7,3,0,0,0,0,0,0,0,2,1,6,6,2,44,7,1560,2,5,CITROEN C4,8,-1,0,-1
2021041076939,2021,041076939,3,9,0,18,19,1,5,0,0,0,0,0,0,0,2,1,5,6,2,32,6,1200,1,2,CITROEN C4,8,E01024948,0,-1
2021401033391,2021,401033391,1,9,0,18,19,3,7,0,0,1,0,7,1,11,1,1,5,6,2,39,7,1560,2,11,CITROEN C4,9,E01017415,0,-1
2021430347460,2021,430347460,2,9,0,4,4,1,5,0,0,0,0,0,0,0,3,1,6,6,2,-1,-1,1560,2,7,CITROEN C4,5,E01016556,0,-1
2021010333738,2021,010333738,1,9,0,9,9,3,1,0,0,0,0,0,0,0,1,1,6,6,2,25,5,1200,1,5,CITROEN C4,4,E01001165,0,-1
2021361033304,2021,361033304,1,9,0,18,19,5,1,0,0,0,1,0,1,6,1,1,6,6,1,32,6,1560,2,5,CITROEN C4,5,E01026428,0,-1
2021411109270,2021,411109270,1,9,0,18,19,3,7,0,0,8,0,0,0,0,1,1,6,6,2,30,6,1560,2,8,CITROEN C4,7,E01023662,0,-1
2021471035521,2021,471035521,2,9,0,9,9,5,3,0,0,8,0,0,0,0,1,1,5,6,2,32,6,1200,1,6,CITROEN C4,5,E01021011,0,-1
2021010290505,2021,010290505,2,8,0,99,99,9,9,99,99,4,9,99,9,99,9,9,6,6,3,66,10,1560,2,4,CITROEN C4,2,E01000014,0,-1
2021421034691,2021,421034691,1,9,0,1,1,4,7,0,0,6,0,0,0,0,2,1,5,6,1,88,11,1560,2,11,CITROEN C4,4,E01022011,0,-1
2021302100544,2021,302100544,1,9,0,9,9,8,6,0,0,8,0,0,0,0,0,1,6,6,1,43,7,1587,1,14,CITROEN C4,1,E01010368,0,-1
2021061028098,2021,061028098,2,9,0,18,19,5,1,0,0,8,0,0,0,0,1,1,6,6,3,30,6,1587,1,13,CITROEN C4,-1,-1,0,-1
2021546925421,2021,546925421,2,9,0,18,19,3,7,0,0,1,0,0,0,0,3,1,6,6,2,47,8,1200,1,4,CITROEN C4,7,E01032693,0,-1
2021201039946,2021,201039946,1,9,0,7,7,2,4,0,0,6,1,0,0,0,1,1,6,6,3,-1,-1,1560,2,7,CITROEN C4,-1,-1,0,-1
2021351056742,2021,351056742,1,9,0,14,14,3,7,0,0,0,0,0,0,0,4,1,6,6,1,75,10,1997,2,5,CITROEN C4,6,E01015653,0,-1
2021546623321,2021,546623321,2,9,0,18,19,3,7,0,0,4,0,0,0,0,2,1,6,6,1,74,10,1997,2,13,CITROEN C4,9,E01032107,0,-1
2021010292844,2021,010292844,1,9,0,99,99,9,9,99,99,9,9,99,9,99,9,9,2,2,1,29,6,1587,1,15,CITROEN C4,2,E01004211,0,-1
2021122101508,2021,122101508,1,9,0,18,19,3,7,0,0,8,0,0,0,0,1,1,4,7,2,62,9,1560,2,5,CITROEN C4,8,E01027691,0,-1
2021501080119,2021,501080119,1,9,0,18,19,1,5,0,0,0,0,0,0,0,1,1,5,6,1,23,5,1560,2,16,CITROEN C4,8,E01020171,0,-1
2021070801018,2021,070801018,2,9,0,3,3,1,5,0,0,1,0,0,0,0,2,1,2,2,2,36,7,1560,2,7,CITROEN C4,4,E01018402,0,-1
2021302101920,2021,302101920,1,9,0,11,11,2,6,0,0,0,0,0,0,0,4,1,6,6,3,-1,-1,1560,2,5,CITROEN C4,5,E01019456,0,-1
2021540713421,2021,540713421,2,9,0,4,4,1,5,0,0,0,0,0,0,0,2,1,6,6,2,25,5,1560,2,7,CITROEN C4,1,E01015546,0,-1
2021122101289,2021,122101289,2,9,0,18,19,5,1,0,0,1,0,0,0,0,1,1,6,6,2,50,8,1200,1,3,CITROEN C4,4,E01027910,0,-1
2021041129389,2021,041129389,1,9,0,9,9,1,5,0,0,1,0,0,0,0,1,1,5,6,1,41,7,1560,2,12,CITROEN C4,3,E01012632,0,-1
2021070232921,2021,070232921,2,9,0,2,2,0,0,0,0,0,0,0,0,0,1,1,6,6,1,33,6,1560,2,11,CITROEN C4,1,E01018466,0,-1
2021041114142,2021,041114142,1,9,0,18,19,3,7,0,0,1,0,0,0,0,1,1,6,6,1,43,7,1997,2,10,CITROEN C4,4,E01025554,0,-1
2021010314924,2021,010314924,1,9,0,8,8,1,3,99,99,9,0,99,9,99,9,1,6,6,1,37,7,1560,2,5,CITROEN C4,5,E01001902,0,-1
2021041193038,2021,041193038,1,9,0,18,19,1,5,9,9,0,0,0,1,2,1,1,5,6,2,81,11,1997,1,14,CITROEN C4,4,E01033072,0,-1
2021461127079,2021,461127079,2,9,0,3,3,3,7,0,0,1,0,0,0,0,2,1,6,6,2,56,9,1560,2,7,CITROEN C4,9,E01024186,0,-1
202131A180721,2021,31A180721,2,9,0,18,19,6,2,0,0,8,0,0,0,0,1,1,6,6,2,28,6,1200,1,0,CITROEN C4,2,E01028234,0,-1
2021101032610,2021,101032610,2,9,0,3,3,5,1,0,0,1,0,0,0,0,2,1,6,6,1,30,6,1560,2,8,CITROEN C4,3,E01008441,0,-1
2021430473408,2021,430473408,3,9,0,18,19,8,4,0,0,0,0,0,1,0,1,1,6,6,2,73,10,1200,1,1,CITROEN C4,10,E01016623,0,-1
202131D054621,2021,31D054621,1,9,0,18,19,4,8,0,0,0,0,0,0,0,1,1,6,6,2,49,8,1598,1,7,CITROEN C4,4,E01028159,0,-1
2021010328861,2021,010328861,2,9,0,16,19,5,1,0,0,8,0,0,0,0,1,1,6,6,1,31,6,1560,2,11,CITROEN C4,6,E01004077,0,-1
2021221103951,2021,221103951,2,9,0,2,2,0,0,0,0,2,0,0,0,0,1,1,5,6,2,78,11,1587,1,14,CITROEN C4,-1,-1,0,-1
2021161090672,2021,161090672,1,9,0,9,9,2,3,0,0,6,0,0,0,0,1,1,5,6,1,32,6,1587,1,13,CITROEN C4,3,E01013192,0,-1
2021361097792,2021,361097792,2,9,0,18,19,3,7,0,0,0,0,0,0,0,2,1,5,6,1,26,6,1200,1,0,CITROEN C4,1,E01026819,0,-1
2021101068448,2021,101068448,3,9,0,2,2,0,0,9,9,0,0,0,0,0,2,1,5,6,2,58,9,1560,2,4,CITROEN C4,5,E01027500,0,-1
2021010314994,2021,010314994,2,9,0,99,99,9,9,99,99,9,9,99,9,99,0,9,6,6,3,-1,-1,1200,1,4,CITROEN C4,3,E01003036,0,-1
2021122101464,2021,122101464,1,9,0,16,19,1,4,0,0,0,0,0,7,9,1,1,6,6,1,41,7,1560,2,10,CITROEN C4,5,E01011287,0,-1
2021010343477,2021,010343477,2,9,0,4,4,3,7,0,0,1,0,0,0,0,1,1,6,6,1,47,8,1560,2,6,CITROEN C4,4,E01001286,0,-1
2021430261863,2021,430261863,3,9,0,18,19,7,3,0,0,0,0,0,0,0,3,1,6,6,1,69,10,1598,1,7,CITROEN C4,6,E01017781,0,-1
202134WNC7361,2021,34WNC7361,2,9,0,18,19,2,6,0,0,8,0,0,0,0,1,1,6,6,1,32,6,1560,2,7,CITROEN C4,7,E01026978,0,-1
2021320058349,2021,320058349,1,9,0,18,19,3,7,0,0,0,0,4,0,0,1,1,6,6,2,67,10,1560,2,7,CITROEN C4,4,E01026259,0,-1
2021122100428,2021,122100428,1,9,0,18,19,5,1,0,0,0,0,0,0,0,3,1,6,6,1,-1,-1,1200,1,4,CITROEN C4,4,E01011613,0,-1
2021061132356,2021,061132356,2,9,0,3,3,3,7,0,0,8,0,0,0,0,1,1,6,6,1,43,7,1560,2,13,CITROEN C4,5,E01005961,0,-1
2021061133270,2021,061133270,2,9,0,18,19,5,1,0,0,0,0,0,0,0,1,1,5,6,1,45,7,1499,2,1,CITROEN C4,-1,-1,0,-1
2021010300541,2021,010300541,2,9,0,18,19,1,5,0,0,8,0,0,0,0,1,1,6,6,1,77,11,1200,1,5,CITROEN C4,6,E01002125,0,-1
2021471023080,2021,471023080,1,9,0,1,1,6,8,0,0,1,0,0,0,0,2,1,6,6,1,64,9,1997,2,14,CITROEN C4,6,E01021128,0,-1
2021041069539,2021,041069539,2,9,0,18,19,5,1,0,0,8,0,0,0,0,1,1,5,6,2,35,6,1200,1,4,CITROEN C4,2,E01004814,0,-1
2021201082325,2021,201082325,1,9,0,16,19,8,4,0,0,1,0,0,0,0,1,1,1,1,1,34,6,1560,2,5,CITROEN C4,1,E01009484,0,-1
2021461098950,2021,461098950,2,9,0,18,19,2,6,0,0,0,0,0,1,0,1,1,3,7,1,-1,-1,1560,2,9,CITROEN C4,4,E01024429,0,-1
2021520104884,2021,520104884,2,9,0,18,19,5,1,0,0,4,0,0,0,0,1,1,6,6,3,-1,-1,1560,2,14,CITROEN C4,-1,-1,0,-1
2021061089358,2021,061089358,1,9,0,18,19,2,6,0,0,0,0,0,0,0,1,1,5,6,1,79,11,1560,2,14,CITROEN C4,6,E01006048,0,-1
2021010338644,2021,010338644,2,9,0,18,19,1,5,0,0,4,0,0,0,0,1,1,2,2,2,52,8,1560,2,12,CITROEN C4,-1,-1,0,-1
2021421038729,2021,421038729,1,9,0,5,5,5,1,0,0,0,0,0,0,0,2,1,2,2,1,41,7,1560,2,8,CITROEN C4,4,E01021392,0,-1
2021010310655,2021,010310655,2,9,0,99,99,9,9,99,99,0,9,99,9,99,1,9,6,6,3,33,6,1560,2,5,CITROEN C4,4,E01004366,0,-1
2021161094794,2021,161094794,1,9,0,9,9,3,1,0,0,5,0,0,0,0,1,1,6,6,2,37,7,1560,2,10,CITROEN C4,3,E01012774,0,-1
2021010317060,2021,010317060,1,9,0,7,7,1,3,0,0,2,0,0,0,0,2,1,6,6,1,39,7,1560,2,10,CITROEN C4,8,E01024403,0,-1
2021061053966,2021,061053966,1,9,0,18,19,7,3,0,0,0,0,0,0,0,1,1,2,2,2,54,8,1560,2,12,CITROEN C4,9,E01006301,0,-1
2021010341599,2021,010341599,2,9,0,2,2,0,0,0,0,0,0,0,0,0,3,1,6,6,3,-1,-1,1200,1,5,CITROEN C4,-1,-1,0,-1
2021501048727,2021,501048727,1,9,0,18,19,1,5,0,0,0,0,0,0,0,4,1,6,6,2,36,7,1997,2,6,CITROEN C4,2,E01018774,0,-1
2021010291107,2021,010291107,1,9,0,2,2,0,0,99,99,9,9,99,9,99,2,9,6,6,3,-1,-1,1560,2,5,CITROEN C4,-1,-1,0,-1
2021141116336,2021,141116336,1,9,0,17,19,2,5,0,0,0,0,0,0,0,2,1,6,6,1,50,8,1200,1,6,CITROEN C4,1,E01027806,0,-1
2021552101412,2021,552101412,1,9,0,18,19,4,8,0,0,1,0,0,0,0,1,1,6,6,2,24,5,1798,1,14,CITROEN C4,3,E01015449,0,-1
2021522101271,2021,522101271,1,9,0,18,19,5,8,0,0,0,0,0,0,0,1,1,6,6,1,98,11,1997,1,14,CITROEN C4,5,E01014973,0,-1
2021221029861,2021,221029861,2,9,0,18,19,5,1,0,0,0,0,0,0,0,3,1,5,6,1,84,11,1560,2,7,CITROEN C4,4,E01028838,0,-1
2021471013058,2021,471013058,1,9,0,9,9,6,4,0,0,8,0,9,1,2,1,2,5,6,2,72,10,1397,1,7,CITROEN C4,5,E01021195,0,-1
2021622100087,2021,622100087,3,9,0,2,2,0,0,0,0,0,0,0,0,0,4,1,6,6,3,-1,-1,1560,2,8,CITROEN C4,-1,-1,0,-1
2021201124896,2021,201124896,2,9,0,18,19,6,2,0,0,0,0,0,0,0,1,1,6,6,2,32,6,1560,2,7,CITROEN C4,3,E01009086,0,-1
2021421012999,2021,421012999,3,9,0,16,19,8,4,0,0,0,0,0,0,0,1,1,6,6,1,66,10,1200,1,2,CITROEN C4,4,E01021374,0,-1
202131A051021,2021,31A051021,1,9,0,9,9,1,6,0,0,5,0,0,0,0,1,1,2,2,2,55,8,1587,1,13,CITROEN C4,4,E01027960,0,-1