collision_index,collision_year,collision_ref_no,vehicle_reference,vehicle_type,towing_and_articulation,vehicle_manoeuvre_historic,vehicle_manoeuvre,vehicle_direction_from,vehicle_direction_to,vehicle_location_restricted_lane_historic,vehicle_location_restricted_lane,junction_location,skidding_and_overturning,hit_object_in_carriageway,vehicle_leaving_carriageway,hit_object_off_carriageway,first_point_of_impact,vehicle_left_hand_drive,journey_purpose_of_driver_historic,journey_purpose_of_driver,sex_of_driver,age_of_driver,age_band_of_driver,engine_capacity_cc,propulsion_code,age_of_vehicle,generic_make_model,driver_imd_decile,lsoa_of_driver,escooter_flag,driver_distance_banding
2021461115966,2021,461115966,1,9,0,10,10,5,3,0,0,6,0,0,0,0,3,1,6,6,2,46,8,1200,1,5,CITROEN C4,2,E01024616,0,-1
2021201026769,2021,201026769,2,9,0,18,19,6,2,0,0,0,0,4,0,0,1,1,6,6,3,-1,-1,1798,1,14,CITROEN C4,-1,-1,0,-1
2021991060400,2021,991060400,1,9,0,18,19,1,5,9,9,5,0,0,7,1,1,1,5,6,2,35,6,1200,1,5,CITROEN C4,-1,-1,0,-1
2021131036619,2021,131036619,2,9,0,3,3,1,3,0,0,1,0,0,0,0,2,1,2,2,2,35,6,1360,1,14,CITROEN C4,1,E01010924,0,-1
2021351038467,2021,351038467,2,9,0,4,4,3,7,0,0,1,0,0,0,0,2,1,5,6,1,54,8,1560,2,5,CITROEN C4,1,E01015664,0,-1
2021371060589,2021,371060589,1,9,0,18,19,5,3,0,0,0,0,0,0,0,1,1,5,6,1,88,11,1560,2,7,CITROEN C4,5,E01029992,0,-1
2021201136516,2021,201136516,3,9,0,5,5,2,6,0,0,0,0,0,0,0,1,1,6,6,1,63,9,1560,2,12,CITROEN C4,3,E01009145,0,-1
2021471102403,2021,471102403,2,9,0,18,19,7,3,0,0,0,1,0,0,0,1,1,5,6,2,54,8,1200,1,3,CITROEN C4,6,E01031402,0,-1
2021201146089,2021,201146089,1,9,0,5,5,3,7,0,0,1,0,0,0,0,2,1,6,6,2,33,6,1200,1,6,CITROEN C4,2,E01009991,0,-1
2021070247644,2021,070247644,2,9,0,5,5,6,2,0,0,0,0,0,0,0,3,1,1,1,2,43,7,1560,2,5,CITROEN C4,6,E01018713,0,-1
2021552100804,2021,552100804,2,9,0,18,19,2,6,0,0,8,0,0,0,0,4,1,6,6,2,29,6,1200,1,5,CITROEN C4,-1,-1,0,-1
202163A063621,2021,63A063621,2,9,0,4,4,2,5,0,0,1,0,0,0,0,2,1,6,6,1,26,6,1560,2,6,CITROEN C4,7,W01000692,0,-1
2021421029407,2021,421029407,1,9,0,18,19,2,6,0,0,1,0,0,0,0,1,1,5,6,1,43,7,1200,1,6,CITROEN C4,8,E01021389,0,-1
2021010314362,2021,010314362,1,9,0,7,7,7,1,0,0,6,0,0,0,0,1,1,2,2,1,38,7,1598,1,8,CITROEN C4,5,E01004347,0,-1
2021991030258,2021,991030258,2,9,0,9,9,8,6,0,0,1,0,0,0,0,4,1,1,1,1,50,8,1560,2,10,CITROEN C4,3,-1,0,-1
2021041096681,2021,041096681,1,9,0,9,9,7,1,0,0,8,0,0,0,0,0,1,5,6,1,38,7,1560,2,6,CITROEN C4,4,E01025460,0,-1
2021451112088,2021,451112088,1,9,0,18,19,1,5,0,0,8,0,0,0,0,1,1,5,6,1,41,7,1560,2,7,CITROEN C4,3,E01030657,0,-1
2021552200242,2021,552200242,1,8,0,18,19,6,2,0,0,4,0,0,0,0,1,1,2,2,1,43,7,1560,2,10,CITROEN C4,8,E01015378,0,-1
2021070634334,2021,070634334,1,9,0,18,19,2,6,0,0,0,5,0,1,2,4,1,6,6,2,37,7,1997,1,14,CITROEN C4,-1,-1,0,-1
2021471027400,2021,471027400,2,9,0,18,19,1,5,0,0,1,0,0,0,0,1,1,6,6,2,49,8,1587,1,15,CITROEN C4,5,E01021064,0,-1
2021161045727,2021,161045727,1,9,0,16,19,7,3,0,0,1,0,0,0,0,1,1,5,6,1,33,6,1560,2,11,CITROEN C4,2,E01013291,0,-1
2021471063975,2021,471063975,1,9,0,7,7,6,2,0,0,0,0,0,0,0,1,1,5,6,1,52,8,1560,2,10,CITROEN C4,7,E01016899,0,-1
2021070194736,2021,070194736,1,9,0,9,9,4,1,0,0,1,0,0,7,0,1,1,2,2,1,60,9,1997,2,5,CITROEN C4,2,E01014329,0,-1
2021141048090,2021,141048090,3,9,0,18,19,1,5,0,0,1,0,0,0,0,2,1,5,6,2,43,7,1560,2,9,CITROEN C4,1,E01007737,0,-1
2021440517841,2021,440517841,1,9,0,18,19,3,2,0,0,4,0,0,0,0,1,1,2,2,2,29,6,1560,2,5,CITROEN C4,5,E01017084,0,-1
2021201032906,2021,201032906,2,9,0,18,19,4,8,0,0,4,0,0,0,0,0,1,6,6,1,40,7,1560,2,5,CITROEN C4,2,E01009385,0,-1
2021131094290,2021,131094290,1,9,0,18,19,1,3,0,0,0,0,0,0,0,1,1,6,6,1,41,7,1560,2,9,CITROEN C4,1,E01011494,0,-1
2021451063507,2021,451063507,2,9,0,18,19,7,1,0,0,4,0,0,0,0,3,1,5,6,1,69,10,1560,2,4,CITROEN C4,10,E01030623,0,-1
2021531023348,2021,531023348,1,9,0,16,19,4,8,0,0,0,0,0,0,0,4,1,5,6,2,52,8,1560,2,5,CITROEN C4,10,E01022366,0,-1
2021061139757,2021,061139757,1,9,0,18,19,1,1,0,0,0,0,0,0,0,1,1,6,6,1,41,7,1560,2,7,CITROEN C4,1,E01005722,0,-1
2021421104816,2021,421104816,1,9,0,9,9,1,7,0,0,1,0,0,0,0,1,1,5,6,2,33,6,1560,2,6,CITROEN C4,5,E01021647,0,-1
2021041106112,2021,041106112,2,9,0,18,19,7,7,0,0,0,0,0,0,0,2,1,5,6,2,33,6,1560,2,3,CITROEN C4,8,E01025010,0,-1
2021161024440,2021,161024440,1,9,0,18,19,1,5,0,0,0,0,0,0,0,1,1,2,2,1,35,6,1560,2,7,CITROEN C4,1,E01012875,0,-1
2021622100041,2021,622100041,2,9,0,5,5,7,3,0,0,0,0,0,0,0,3,1,6,6,2,32,6,1798,1,13,CITROEN C4,4,W01000773,0,-1
2021531121610,2021,531121610,3,9,0,4,4,5,1,0,0,0,0,0,0,0,2,1,2,2,1,49,8,1560,2,6,CITROEN C4,1,W01001274,0,-1
2021010299067,2021,010299067,1,9,0,18,19,5,1,0,0,6,0,7,0,0,1,1,6,6,1,34,6,1560,2,7,CITROEN C4,3,E01001856,0,-1
2021991050328,2021,991050328,2,9,0,2,2,5,1,0,0,1,0,0,0,0,2,1,6,6,1,76,11,1560,2,5,CITROEN C4,2,-1,0,-1
2021451045822,2021,451045822,1,9,0,18,19,3,2,0,0,0,1,0,1,9,3,1,5,6,2,43,7,1560,2,13,CITROEN C4,9,E01030761,0,-1
2021070831468,2021,070831468,1,9,0,18,19,5,1,0,0,0,0,0,0,0,1,1,6,6,1,-1,-1,1560,2,10,CITROEN C4,-1,-1,0,-1
2021061073246,2021,061073246,1,9,0,18,19,7,3,9,9,0,0,0,0,0,4,1,6,6,1,30,6,1499,2,2,CITROEN C4,1,E01004863,0,-1
2021041055319,2021,041055319,3,9,0,18,19,7,3,0,0,0,0,0,0,0,2,1,5,6,1,31,6,1560,2,5,CITROEN C4,6,E01029428,0,-1
2021520200933,2021,520200933,1,9,0,18,19,5,1,0,0,1,0,7,0,10,1,1,6,6,1,34,6,1560,2,5,CITROEN C4,1,E01010238,0,-1
2021421048582,2021,421048582,2,9,0,2,2,0,0,0,0,2,0,0,0,0,2,1,6,6,3,-1,-1,1997,2,14,CITROEN C4,-1,-1,0,-1
2021461093498,2021,461093498,2,9,0,18,19,5,1,0,0,0,0,0,4,0,4,1,6,6,1,73,10,1560,2,9,CITROEN C4,5,E01000398,0,-1
2021201087990,2021,201087990,1,9,0,18,19,8,4,0,0,8,0,0,0,0,1,1,6,6,1,51,8,1560,2,15,CITROEN C4,7,E01009529,0,-1
2021138210286,2021,138210286,2,9,0,18,19,5,1,0,0,1,0,0,0,0,1,1,6,6,1,30,6,1200,1,6,CITROEN C4,2,E01011136,0,-1
2021440369081,2021,440369081,1,9,0,18,19,0,0,0,0,0,0,0,0,0,3,1,6,6,2,34,6,1560,2,6,CITROEN C4,3,E01027625,0,-1
2021201062836,2021,201062836,2,9,0,18,19,3,7,0,0,8,0,0,0,0,4,1,6,6,1,60,9,1560,2,11,CITROEN C4,2,E01009509,0,-1
2021010300092,2021,010300092,1,9,0,99,99,9,9,99,99,9,9,99,9,99,9,9,6,6,1,50,8,1560,2,6,CITROEN C4,3,E01003531,0,-1
2021010319095,2021,010319095,1,9,0,9,9,5,2,0,0,1,0,0,0,0,3,2,1,1,1,30,6,1560,2,5,CITROEN C4,2,E01003377,0,-1
2021411036924,2021,411036924,1,9,0,9,9,2,7,0,0,5,0,0,0,0,0,1,6,6,1,77,11,1598,1,9,CITROEN C4,7,E01023504,0,-1
2021351091359,2021,351091359,1,9,0,18,19,6,2,0,0,0,0,0,0,0,1,1,2,2,2,54,8,1560,2,7,CITROEN C4,7,E01018269,0,-1
2021201076334,2021,201076334,2,9,0,18,19,-1,-1,0,0,0,0,0,0,0,1,1,6,6,2,-1,-1,1798,1,14,CITROEN C4,-1,-1,0,-1
2021161026873,2021,161026873,2,9,0,4,4,5,1,0,0,1,0,0,0,0,1,1,6,6,1,55,8,1560,2,5,CITROEN C4,-1,-1,0,-1
2021371095608,2021,371095608,3,9,0,18,19,6,2,0,0,0,0,0,0,0,1,1,5,6,1,51,8,1560,2,5,CITROEN C4,3,E01030114,0,-1
2021471029353,2021,471029353,1,9,0,18,19,5,1,0,0,1,0,0,0,0,1,1,5,6,1,66,10,1200,1,6,CITROEN C4,6,E01021213,0,-1
2021461118589,2021,461118589,1,9,0,7,7,2,3,0,0,1,0,0,1,0,4,1,5,6,2,49,8,1199,1,6,CITROEN C4,3,E01024218,0,-1
2021231024267,2021,231024267,2,9,0,3,3,4,8,0,0,1,0,0,0,0,2,1,5,6,2,43,7,1499,2,2,CITROEN C4,7,E01031024,0,-1
2021041027436,2021,041027436,2,9,0,2,2,0,0,9,9,0,0,0,0,0,0,1,3,7,2,39,7,1560,2,10,CITROEN C4,5,E01012701,0,-1
2021141104052,2021,141104052,2,9,0,18,19,2,5,0,0,1,0,0,0,0,1,1,5,6,1,59,9,1560,2,11,CITROEN C4,6,E01007665,0,-1
2021070505466,2021,070505466,3,9,0,4,4,8,4,0,0,0,0,2,0,0,1,1,6,6,1,53,8,1560,2,5,CITROEN C4,4,E01005897,0,-1
2021552100033,2021,552100033,1,9,0,18,19,7,3,0,0,8,5,0,3,4,1,1,6,6,1,42,7,1560,2,6,CITROEN C4,4,E01020496,0,-1
2021320512226,2021,320512226,1,9,0,18,19,2,6,0,0,0,5,0,7,9,1,1,6,6,2,35,6,1560,2,13,CITROEN C4,5,E01026264,0,-1
2021451031020,2021,451031020,2,9,0,17,19,7,3,0,0,2,0,0,0,0,1,1,1,1,1,46,8,1560,2,7,CITROEN C4,3,E01017348,0,-1
2021520200921,2021,520200921,2,9,0,18,19,7,3,0,0,0,0,0,0,0,1,1,6,6,2,36,7,1560,2,4,CITROEN C4,5,E01029324,0,-1
2021221021654,2021,221021654,2,9,0,18,19,4,8,0,0,2,0,0,0,0,1,1,5,6,2,39,7,1598,1,12,CITROEN C4,4,E01014072,0,-1
2021010309000,2021,010309000,1,9,0,99,99,9,9,99,99,0,9,99,9,99,1,9,6,6,2,42,7,1200,1,2,CITROEN C4,-1,-1,0,-1
2021061114852,2021,061114852,2,9,0,18,19,4,8,0,0,8,0,0,0,0,4,1,6,6,1,64,9,1560,2,8,CITROEN C4,2,E01004824,0,-1
2021430326670,2021,430326670,1,9,0,18,19,8,4,0,0,2,0,0,0,0,1,1,6,6,1,27,6,1560,2,14,CITROEN C4,2,E01016839,0,-1
2021302100338,2021,302100338,2,9,0,18,19,2,6,0,0,0,1,0,0,0,1,1,6,6,1,61,9,1997,2,16,CITROEN C4,8,E01019868,0,-1
2021111062687,2021,111062687,2,9,0,7,7,2,5,0,0,1,0,0,0,0,3,1,2,2,2,40,7,1560,2,7,CITROEN C4,7,E01012334,0,-1
2021010333123,2021,010333123,1,8,0,4,4,5,1,0,0,0,0,0,1,0,1,1,1,1,1,47,8,1560,2,6,CITROEN C4,2,E01002832,0,-1
2021161116375,2021,161116375,1,9,0,18,19,5,1,0,0,2,0,0,0,0,4,1,6,6,1,47,8,1587,1,14,CITROEN C4,3,E01012899,0,-1
2021421026619,2021,421026619,2,9,0,3,3,7,3,0,0,0,0,0,0,0,2,1,6,6,1,50,8,1560,2,6,CITROEN C4,3,E01001508,0,-1
2021440475719,2021,440475719,1,9,0,18,19,3,7,0,0,0,0,0,0,0,4,1,2,2,1,32,6,1560,2,6,CITROEN C4,9,E01031847,0,-1
2021471080650,2021,471080650,1,9,0,17,19,1,5,0,0,0,0,0,0,0,1,1,5,6,1,71,10,1200,1,3,CITROEN C4,8,E01021061,0,-1
2021201133560,2021,201133560,2,9,0,18,19,2,6,0,0,1,0,0,0,0,1,1,3,7,2,53,8,1200,1,3,CITROEN C4,5,E01009923,0,-1
2021010319091,2021,010319091,1,9,0,99,99,9,9,0,0,8,0,0,0,0,4,1,6,6,1,69,10,1560,2,4,CITROEN C4,-1,-1,0,-1
2021010292533,2021,010292533,1,9,0,10,10,3,1,0,0,1,0,0,0,0,2,1,2,2,2,41,7,1560,2,14,CITROEN C4,2,E01000386,0,-1
2021041115911,2021,041115911,2,9,0,5,5,5,1,0,0,1,0,0,0,0,1,1,5,6,2,27,6,1560,2,6,CITROEN C4,1,E01012738,0,-1
2021141030392,2021,141030392,1,9,0,18,19,5,1,0,0,1,0,0,0,0,2,1,5,6,1,50,8,1560,2,11,CITROEN C4,4,E01007704,0,-1
2021520100044,2021,520100044,4,9,0,18,19,1,5,0,0,0,0,0,0,0,1,1,6,6,1,52,8,1560,2,6,CITROEN C4,4,E01020052,0,-1
2021451058625,2021,451058625,1,9,0,16,19,1,5,0,0,0,5,0,0,0,1,1,5,6,1,24,5,1997,2,11,CITROEN C4,7,E01031607,0,-1
2021451037234,2021,451037234,1,9,0,18,19,1,5,0,0,1,0,0,0,0,1,1,2,2,2,27,6,1200,1,6,CITROEN C4,3,E01031559,0,-1
2021131112472,2021,131112472,1,9,0,18,19,4,8,0,0,0,0,0,0,0,1,1,5,6,2,63,9,1560,2,5,CITROEN C4,3,E01032608,0,-1
202134WNC9171,2021,34WNC9171,2,9,0,18,19,1,5,0,0,8,0,0,0,0,1,1,6,6,1,32,6,1560,2,5,CITROEN C4,6,E01033525,0,-1
2021041128691,2021,041128691,1,9,0,17,19,5,1,0,0,2,1,12,0,0,1,1,6,6,2,37,7,1560,2,8,CITROEN C4,2,E01025092,0,-1
2021991050564,2021,991050564,4,9,0,2,2,0,0,6,6,5,0,0,0,0,2,1,6,6,3,-1,-1,1560,2,7,CITROEN C4,-1,-1,0,-1
2021161017847,2021,161017847,1,9,0,7,7,1,3,0,0,2,0,0,0,0,3,1,2,2,2,53,8,1560,2,7,CITROEN C4,5,E01013313,0,-1
2021547719121,2021,547719121,1,9,0,7,7,4,6,0,0,2,0,0,0,0,3,1,2,2,2,31,6,1798,1,13,CITROEN C4,4,E01031980,0,-1
2021010298635,2021,010298635,2,9,0,18,19,7,3,0,0,1,0,0,0,0,1,1,6,6,2,34,6,1560,2,8,CITROEN C4,1,E01004449,0,-1
2021440405931,2021,440405931,2,9,0,17,19,4,1,0,0,2,0,0,0,0,1,1,6,6,2,73,10,1560,2,12,CITROEN C4,10,E01023226,0,-1
2021161099352,2021,161099352,1,9,0,18,19,4,6,0,0,2,0,0,0,0,1,1,5,6,1,41,7,1560,2,5,CITROEN C4,7,E01012989,0,-1
2021070793022,2021,070793022,2,9,0,18,19,8,4,0,0,0,0,0,0,0,4,1,1,1,1,22,5,1560,2,7,CITROEN C4,5,E01006833,0,-1
2021471038928,2021,471038928,1,9,0,6,6,1,1,0,0,0,0,0,0,0,3,1,5,6,1,44,7,1560,2,11,CITROEN C4,4,E01031344,0,-1
2021361100209,2021,361100209,3,9,0,18,19,5,1,0,0,0,0,0,0,0,0,1,5,6,2,38,7,1200,1,1,CITROEN C4,3,E01026447,0,-1
2021010288146,2021,010288146,1,9,0,3,3,3,7,0,0,1,0,0,0,0,2,1,6,6,3,-1,-1,1560,2,11,CITROEN C4,-1,-1,0,-1
2021141106215,2021,141106215,2,9,0,9,9,1,7,0,0,6,0,0,0,0,1,1,2,2,2,27,6,1560,2,5,CITROEN C4,4,E01028028,0,-1
2021461039540,2021,461039540,1,9,0,18,19,7,3,0,0,0,0,0,0,0,0,1,1,1,1,42,7,1200,1,2,CITROEN C4,4,E01001623,0,-1
2021622100149,2021,622100149,1,9,0,18,19,6,2,0,0,0,0,0,4,6,3,1,2,2,2,27,6,1560,2,6,CITROEN C4,7,W01000712,0,-1
2021221074794,2021,221074794,1,9,0,18,19,1,5,0,0,4,0,0,0,0,1,1,5,6,2,59,9,1560,2,4,CITROEN C4,4,E01032473,0,-1
2021320580484,2021,320580484,1,9,0,7,7,4,6,0,0,6,0,0,0,0,1,1,6,6,1,72,10,1560,2,10,CITROEN C4,4,E01026268,0,-1
2021411098383,2021,411098383,1,9,0,18,19,3,7,0,0,1,0,0,0,0,1,1,2,2,2,40,7,1560,2,12,CITROEN C4,2,E01023339,0,-1
2021201095587,2021,201095587,1,9,0,16,19,6,1,0,0,8,0,0,0,0,1,1,6,6,2,35,6,1200,1,0,CITROEN C4,3,E01009940,0,-1
2021131037007,2021,131037007,1,9,0,5,5,3,1,0,0,4,0,0,0,0,1,1,2,2,2,51,8,1560,2,3,CITROEN C4,8,E01011638,0,-1
2021440149450,2021,440149450,1,9,0,3,3,5,8,0,0,1,0,0,0,0,2,1,6,6,2,25,5,1200,1,4,CITROEN C4,8,E01022918,0,-1
2021010310683,2021,010310683,1,9,0,4,4,7,3,0,0,1,0,0,0,0,1,2,6,6,1,59,9,1560,2,15,CITROEN C4,2,E01003964,0,-1
2021461134717,2021,461134717,1,9,0,18,19,2,6,0,0,0,1,0,0,0,3,1,6,6,1,35,6,1200,1,5,CITROEN C4,10,E01024144,0,-1
2021361129057,2021,361129057,2,9,0,18,19,1,6,0,0,8,0,0,0,0,1,1,5,6,1,63,9,1560,2,7,CITROEN C4,4,E01026762,0,-1
2021231063415,2021,231063415,3,8,0,10,10,4,2,0,0,1,0,0,0,0,1,1,1,1,1,45,7,1560,2,5,CITROEN C4,2,E01009512,0,-1
2021501057004,2021,501057004,1,9,0,18,19,5,1,0,0,0,1,4,0,0,1,1,5,6,1,19,4,1560,2,16,CITROEN C4,4,E01019006,0,-1
2021141092389,2021,141092389,2,9,0,12,12,1,5,0,0,0,5,0,0,0,1,1,5,6,2,38,7,1560,2,16,CITROEN C4,5,E01019529,0,-1
2021010344089,2021,010344089,1,9,0,99,99,9,9,99,99,9,9,99,9,99,2,9,2,2,1,33,6,1997,1,14,CITROEN C4,6,E01016482,0,-1
2021141094569,2021,141094569,1,9,0,18,19,3,7,0,0,0,0,0,0,0,2,1,6,6,1,45,7,1560,2,7,CITROEN C4,1,E01008061,0,-1
2021061143291,2021,061143291,1,9,0,17,19,8,5,0,0,8,0,0,0,0,1,1,6,6,3,30,6,1560,2,13,CITROEN C4,-1,-1,0,-1
2021061093302,2021,061093302,2,9,0,2,2,0,0,0,0,0,0,0,0,0,3,1,5,6,2,27,6,1200,1,6,CITROEN C4,6,E01006371,0,-1
2021221050199,2021,221050199,2,9,0,3,3,6,2,0,0,0,0,0,0,0,2,1,5,6,2,71,10,1997,2,4,CITROEN C4,7,E01028998,0,-1
2021421050411,2021,421050411,1,9,0,18,19,2,2,0,0,3,0,0,0,0,1,1,5,6,2,46,8,1560,2,12,CITROEN C4,3,E01021888,0,-1
2021451051465,2021,451051465,2,9,0,9,9,1,3,0,0,0,0,0,0,0,3,1,2,2,1,55,8,1587,1,15,CITROEN C4,4,E01030615,0,-1
2021302100305,2021,302100305,2,9,0,3,3,4,6,0,0,1,0,0,0,0,2,1,6,6,2,47,8,1560,2,9,CITROEN C4,4,E01013555,0,-1
2021991027942,2021,991027942,2,9,0,18,19,3,7,0,0,0,1,0,7,0,3,1,6,6,2,24,5,1560,2,15,CITROEN C4,1,-1,0,-1
2021430482687,2021,430482687,1,9,0,2,2,0,0,0,0,0,0,0,0,0,0,1,3,7,2,41,7,1560,2,7,CITROEN C4,-1,-1,0,-1
2021131101985,2021,131101985,2,9,0,18,19,1,5,0,0,1,2,0,0,0,4,1,5,6,2,21,5,1200,1,0,CITROEN C4,1,E01010733,0,-1
2021991019112,2021,991019112,1,9,0,5,5,7,3,0,0,2,0,0,0,0,1,1,6,6,2,70,10,1587,1,13,CITROEN C4,1,-1,0,-1
2021544776921,2021,544776921,1,9,0,9,9,7,5,0,0,8,0,0,0,0,3,1,6,6,1,30,6,1798,1,14,CITROEN C4,8,E01015534,0,-1
202163B056621,2021,63B056621,1,9,0,18,19,2,6,0,0,2,0,0,0,0,4,1,6,6,2,27,6,1560,2,9,CITROEN C4,7,W01000548,0,-1
2021010339566,2021,010339566,2,9,0,99,99,9,9,99,99,9,9,99,9,99,9,9,6,6,3,-1,-1,1200,1,0,CITROEN C4,-1,-1,0,-1
2021302101943,2021,302101943,1,9,0,18,19,6,2,0,0,0,1,10,1,4,1,1,6,6,2,27,6,1560,2,5,CITROEN C4,3,E01019401,0,-1
2021010344264,2021,010344264,1,8,0,18,19,5,1,0,0,0,0,0,0,0,3,1,1,1,1,59,9,1560,2,6,CITROEN C4,2,E01000925,0,-1
2021430385222,2021,430385222,2,9,0,18,19,8,4,0,0,8,0,0,0,0,4,1,6,6,2,44,7,1560,2,9,CITROEN C4,4,E01016673,0,-1
2021010334800,2021,010334800,1,9,0,5,5,0,1,9,9,6,0,0,0,0,1,1,6,6,2,35,6,1200,1,6,CITROEN C4,4,E01004187,0,-1
2021122101294,2021,122101294,1,9,0,5,5,7,3,0,0,0,2,4,0,0,1,1,6,6,2,61,9,1997,1,14,CITROEN C4,3,E01027846,0,-1
2021461020334,2021,461020334,2,9,0,4,4,7,3,0,0,0,0,0,0,0,2,1,1,1,2,44,7,1560,2,11,CITROEN C4,5,E01024168,0,-1
2021010329371,2021,010329371,1,9,0,18,19,3,7,9,9,0,0,7,0,0,2,1,6,6,1,47,8,1560,2,8,CITROEN C4,4,E01001376,0,-1
2021211028142,2021,211028142,1,9,0,5,5,3,1,9,9,6,0,0,0,0,0,1,6,6,1,51,8,1997,2,13,CITROEN C4,3,E01014104,0,-1
2021440521726,2021,440521726,2,9,0,18,19,2,6,0,0,2,0,0,0,0,1,1,6,6,2,-1,-1,1997,2,14,CITROEN C4,-1,-1,0,-1
2021522105851,2021,522105851,1,9,0,13,13,1,5,0,0,0,0,0,0,0,4,1,6,6,1,39,7,1560,2,13,CITROEN C4,5,E01031901,0,-1
2021411050794,2021,411050794,2,9,0,18,19,7,3,0,0,0,0,0,0,0,2,1,6,6,1,56,9,1560,2,10,CITROEN C4,6,E01016473,0,-1
2021161103042,2021,161103042,2,9,0,9,9,4,8,0,0,1,0,0,0,0,4,1,6,6,2,32,6,1560,2,7,CITROEN C4,6,E01012961,0,-1
2021041117922,2021,041117922,1,9,0,18,19,4,8,0,0,8,0,11,0,0,4,2,5,6,2,37,7,1560,2,4,CITROEN C4,1,E01024987,0,-1
2021010335801,2021,010335801,2,9,0,99,99,9,9,99,99,9,9,99,9,99,9,9,6,6,3,-1,-1,1560,2,8,CITROEN C4,8,E01001949,0,-1
2021010333936,2021,010333936,2,9,9,99,99,9,9,99,99,9,9,99,9,99,9,9,6,6,2,31,6,1200,1,5,CITROEN C4,5,E01000239,0,-1
2021552100222,2021,552100222,1,9,0,7,7,2,6,2,2,5,0,0,0,0,4,1,6,6,2,43,7,1997,2,5,CITROEN C4,5,E01015380,0,-1
2021471107362,2021,471107362,2,9,0,10,10,1,7,0,0,0,0,0,0,0,2,1,6,6,2,48,8,1560,2,4,CITROEN C4,6,E01031392,0,-1
2021361103200,2021,361103200,3,9,0,18,19,3,7,0,0,1,0,0,0,0,3,1,6,6,1,49,8,1560,2,6,CITROEN C4,4,E01026787,0,-1
2021451029250,2021,451029250,2,9,0,18,19,5,1,0,0,0,0,0,0,0,0,1,5,6,2,40,7,1560,2,9,CITROEN C4,1,E01029845,0,-1
2021461099532,2021,461099532,1,9,0,18,19,7,3,0,0,0,0,0,0,0,3,1,6,6,2,-1,-1,1598,1,8,CITROEN C4,4,E01016496,0,-1
2021010340003,2021,010340003,1,9,0,9,9,1,7,0,0,5,0,0,0,0,4,1,1,1,2,49,8,1560,2,3,CITROEN C4,2,E01000073,0,-1
2021421073331,2021,421073331,1,9,0,18,19,6,2,0,0,1,0,0,0,0,1,1,6,6,1,60,9,1560,2,10,CITROEN C4,2,E01021977,0,-1
2021471078888,2021,471078888,1,9,0,17,19,8,4,0,0,0,0,0,1,2,1,1,6,6,1,40,7,1997,2,9,CITROEN C4,10,E01021234,0,-1
2021122101230,2021,122101230,3,9,0,2,2,0,0,0,0,0,0,0,0,0,0,1,6,6,3,-1,-1,1560,2,7,CITROEN C4,-1,-1,0,-1
2021131105343,2021,131105343,2,9,0,2,2,0,0,0,0,0,0,0,1,11,3,1,6,6,3,-1,-1,1560,2,6,CITROEN C4,-1,-1,0,-1
2021122101416,2021,122101416,2,9,0,4,4,1,8,0,0,4,0,0,0,0,1,1,2,2,2,57,9,1560,2,13,CITROEN C4,1,E01027804,0,-1
2021471081573,2021,471081573,1,9,0,10,10,5,2,0,0,2,0,0,0,0,1,1,5,6,1,59,9,1499,2,2,CITROEN C4,9,E01007475,0,-1
2021010303872,2021,010303872,2,9,0,9,9,7,6,0,0,1,0,0,0,0,0,1,6,6,1,46,8,1598,1,12,CITROEN C4,5,E01003134,0,-1
2021991014808,2021,991014808,2,9,0,18,19,2,6,0,0,1,0,0,0,0,1,1,1,1,1,32,6,1560,2,16,CITROEN C4,1,-1,0,-1
2021101021186,2021,101021186,2,9,0,18,19,4,8,0,0,1,0,0,0,0,3,1,6,6,2,32,6,1587,1,14,CITROEN C4,1,E01008170,0,-1
2021201030019,2021,201030019,1,9,0,4,4,8,4,0,0,0,0,0,0,0,2,1,6,6,2,35,6,1360,1,14,CITROEN C4,1,E01009107,0,-1
2021440352149,2021,440352149,1,9,0,18,19,5,1,0,0,1,0,0,0,0,1,1,6,6,1,47,8,1560,2,4,CITROEN C4,6,E01023028,0,-1
2021010328425,2021,010328425,2,9,0,99,99,9,9,99,99,9,9,99,9,99,2,9,6,6,3,-1,-1,1560,2,13,CITROEN C4,6,E01001571,0,-1
2021010293455,2021,010293455,1,9,0,12,12,4,8,0,0,7,0,0,0,0,1,1,6,6,1,41,7,1560,2,5,CITROEN C4,-1,-1,0,-1
2021451044242,2021,451044242,2,9,0,10,10,5,2,0,0,0,0,0,0,0,2,1,5,6,2,36,7,1560,2,11,CITROEN C4,5,E01030982,0,-1
2021010327549,2021,010327549,2,9,0,18,19,7,3,0,0,0,0,0,0,0,4,1,6,6,3,-1,-1,1560,2,5,CITROEN C4,-1,-1,0,-1
2021111061231,2021,111061231,1,9,0,6,6,4,3,0,0,0,0,0,0,0,3,1,6,6,1,79,11,1798,1,13,CITROEN C4,4,E01012319,0,-1