collision_index,collision_year,collision_ref_no,vehicle_reference,vehicle_type,towing_and_articulation,vehicle_manoeuvre_historic,vehicle_manoeuvre,vehicle_direction_from,vehicle_direction_to,vehicle_location_restricted_lane_historic,vehicle_location_restricted_lane,junction_location,skidding_and_overturning,hit_object_in_carriageway,vehicle_leaving_carriageway,hit_object_off_carriageway,first_point_of_impact,vehicle_left_hand_drive,journey_purpose_of_driver_historic,journey_purpose_of_driver,sex_of_driver,age_of_driver,age_band_of_driver,engine_capacity_cc,propulsion_code,age_of_vehicle,generic_make_model,driver_imd_decile,lsoa_of_driver,escooter_flag,driver_distance_banding
2021302101729,2021,302101729,2,9,0,17,19,4,8,0,0,0,0,0,0,0,1,1,6,6,2,42,7,1560,2,7,CITROEN C4,2,E01019498,0,-1
2021302101811,2021,302101811,1,9,0,7,7,4,6,0,0,6,0,0,0,0,0,1,6,6,2,-1,-1,1560,2,11,CITROEN C4,9,E01019839,0,-1
2021552100233,2021,552100233,3,9,0,4,4,5,1,0,0,0,0,0,0,0,2,1,6,6,1,65,9,1560,2,12,CITROEN C4,7,E01015428,0,-1
2021141080247,2021,141080247,2,9,0,-1,-1,-1,-1,-1,-1,8,-1,-1,-1,0,-1,1,6,6,3,-1,-1,1560,2,12,CITROEN C4,-1,-1,0,-1
2021010300137,2021,010300137,1,9,0,99,99,9,9,99,99,9,9,99,9,99,2,9,2,2,1,34,6,1560,2,14,CITROEN C4,3,E01023326,0,-1
2021070460675,2021,070460675,3,9,0,18,19,7,3,0,0,0,0,0,0,0,1,1,6,6,2,33,6,1598,1,6,CITROEN C4,7,E01006279,0,-1
2021411024978,2021,411024978,1,9,0,18,19,8,4,0,0,0,0,0,0,0,2,1,5,6,1,66,10,1560,2,4,CITROEN C4,8,E01032689,0,-1
2021421088636,2021,421088636,2,9,0,18,19,7,3,0,0,1,0,11,0,0,4,1,2,2,2,39,7,1560,2,7,CITROEN C4,4,E01021844,0,-1
2021361094861,2021,361094861,2,9,0,18,19,1,5,0,0,0,0,0,0,0,2,1,5,6,2,33,6,1560,2,4,CITROEN C4,7,E01026903,0,-1
2021320102312,2021,320102312,1,9,0,18,19,5,1,0,0,1,0,0,0,0,4,1,6,6,2,25,5,1560,2,7,CITROEN C4,2,E01026177,0,-1
2021201135608,2021,201135608,1,9,0,5,5,5,1,0,0,1,0,0,0,0,1,1,3,7,2,38,7,1560,2,5,CITROEN C4,6,E01009520,0,-1
2021061104249,2021,061104249,2,9,0,18,19,2,6,0,0,0,0,0,0,0,1,1,6,6,2,30,6,1997,2,4,CITROEN C4,3,E01006217,0,-1
2021170S12081,2021,170S12081,1,9,0,18,19,7,3,0,0,8,0,0,0,0,1,1,6,6,2,56,9,1560,2,9,CITROEN C4,-1,-1,0,-1
2021522101683,2021,522101683,2,9,0,3,3,8,4,0,0,0,0,0,0,0,0,1,6,6,3,-1,-1,1560,2,13,CITROEN C4,-1,-1,0,-1
2021010296334,2021,010296334,1,9,0,15,15,7,3,0,0,1,0,0,0,0,3,1,3,7,1,45,7,1560,2,13,CITROEN C4,9,E01003804,0,-1
202134WNC1871,2021,34WNC1871,5,9,0,2,2,0,0,0,0,0,0,0,0,0,1,1,1,1,3,-1,-1,1997,2,13,CITROEN C4,-1,-1,0,-1
2021440453302,2021,440453302,1,9,0,9,9,2,6,0,0,1,0,0,0,0,1,1,3,7,2,39,7,1560,2,12,CITROEN C4,8,E01032845,0,-1
2021501161739,2021,501161739,2,9,0,18,19,6,2,0,0,1,0,0,0,0,1,1,6,6,1,42,7,1560,2,9,CITROEN C4,4,E01015241,0,-1
202131C048221,2021,31C048221,1,9,0,18,19,2,6,0,0,2,0,0,0,0,1,1,6,6,2,-1,-1,1560,2,5,CITROEN C4,-1,-1,0,-1
202131C009321,2021,31C009321,2,9,0,3,3,4,8,0,0,1,0,0,0,0,2,1,6,6,1,48,8,1560,2,14,CITROEN C4,1,E01013881,0,-1
2021471100914,2021,471100914,1,9,0,18,19,2,6,0,0,0,0,0,0,0,1,1,5,6,1,55,8,1560,2,11,CITROEN C4,4,E01031834,0,-1
2021471022779,2021,471022779,2,9,0,18,19,3,7,0,0,0,0,0,0,0,2,1,5,6,1,34,6,1560,2,8,CITROEN C4,10,E01017063,0,-1
2021010330916,2021,010330916,1,9,0,9,9,5,3,0,0,1,0,0,0,0,3,1,3,7,2,34,6,1200,1,4,CITROEN C4,9,E01004080,0,-1
2021421058810,2021,421058810,1,9,0,1,1,3,6,0,0,0,0,0,0,0,2,1,6,6,2,60,9,1499,2,2,CITROEN C4,5,E01030076,0,-1
202131C040921,2021,31C040921,2,9,0,18,19,7,3,0,0,8,0,0,0,0,1,1,6,6,2,33,6,1587,1,13,CITROEN C4,6,E01013978,0,-1
2021991038278,2021,991038278,1,9,0,9,9,6,4,0,0,8,0,0,0,0,4,1,6,6,1,33,6,1997,1,13,CITROEN C4,6,-1,0,-1
202131C135721,2021,31C135721,2,9,0,18,19,1,5,0,0,8,0,0,0,0,3,1,6,6,1,61,9,1200,1,5,CITROEN C4,2,E01013845,0,-1
2021052100176,2021,052100176,1,9,0,18,19,7,3,0,0,1,0,0,3,0,1,1,6,6,2,31,6,1560,2,9,CITROEN C4,1,E01006766,0,-1
2021430509666,2021,430509666,2,9,0,18,19,4,8,0,0,1,0,0,0,0,1,1,6,6,1,-1,-1,1560,2,14,CITROEN C4,3,E01016382,0,-1
202163A060421,2021,63A060421,1,9,0,9,9,6,4,0,0,6,0,0,0,0,3,1,1,1,2,28,6,1560,2,6,CITROEN C4,7,W01000651,0,-1
2021101020673,2021,101020673,2,9,0,18,19,1,5,0,0,8,0,0,0,0,3,1,6,6,1,29,6,1560,2,12,CITROEN C4,-1,-1,0,-1
2021471017780,2021,471017780,1,9,0,18,19,4,8,0,0,0,0,7,0,0,1,1,5,6,1,74,10,1560,2,5,CITROEN C4,2,E01020923,0,-1
2021451126313,2021,451126313,6,9,0,2,2,0,0,0,0,0,0,0,0,0,4,1,5,6,2,46,8,1560,2,5,CITROEN C4,3,E01030354,0,-1
2021522105839,2021,522105839,1,9,0,7,7,3,5,0,0,0,0,0,0,0,0,1,6,6,3,-1,-1,1560,2,5,CITROEN C4,-1,-1,0,-1
2021991107528,2021,991107528,1,9,0,9,9,5,2,0,0,8,0,0,0,0,1,1,5,6,2,35,6,1560,2,6,CITROEN C4,5,-1,0,-1
2021302100424,2021,302100424,1,9,0,18,19,4,8,0,0,0,0,0,0,0,1,1,6,6,1,36,7,1200,1,5,CITROEN C4,3,E01033397,0,-1
2021010302118,2021,010302118,1,9,0,7,7,4,6,0,0,1,0,0,0,0,3,1,6,6,1,42,7,1200,1,5,CITROEN C4,2,E01003120,0,-1
2021440492654,2021,440492654,1,9,0,3,3,3,7,0,0,0,0,0,0,0,2,1,6,6,1,27,6,1560,2,10,CITROEN C4,8,E01022935,0,-1
2021302101047,2021,302101047,1,9,0,7,7,7,2,0,0,1,0,0,0,0,1,1,6,6,1,64,9,1587,1,15,CITROEN C4,3,E01013554,0,-1
2021010307908,2021,010307908,1,9,0,17,19,1,5,0,0,3,0,7,1,10,1,1,6,6,1,21,5,1560,2,9,CITROEN C4,1,E01004285,0,-1
2021041023538,2021,041023538,2,9,0,3,3,3,7,0,0,1,0,0,0,0,2,1,5,6,1,27,6,1587,1,14,CITROEN C4,2,E01012692,0,-1
2021991093197,2021,991093197,1,9,0,18,19,1,5,0,0,0,0,0,0,0,1,1,5,6,2,30,6,1200,1,0,CITROEN C4,-1,-1,0,-1
2021041032503,2021,041032503,2,9,0,7,7,5,7,0,0,2,0,0,3,0,1,1,5,6,2,48,8,1997,2,14,CITROEN C4,1,E01012678,0,-1
2021131098655,2021,131098655,1,9,0,18,19,5,8,0,0,2,1,0,7,2,1,1,5,6,1,49,8,1560,2,9,CITROEN C4,1,E01010802,0,-1
2021461093894,2021,461093894,3,9,0,18,19,8,3,0,0,0,0,0,0,0,1,1,5,6,1,41,7,1560,2,3,CITROEN C4,10,E01024068,0,-1
2021421087754,2021,421087754,1,9,0,18,19,7,3,0,0,0,0,0,0,0,4,1,6,6,2,34,6,1560,2,7,CITROEN C4,1,E01022045,0,-1
2021010352968,2021,010352968,2,9,0,99,99,9,9,99,99,9,9,99,9,99,2,9,6,6,3,-1,-1,1560,2,3,CITROEN C4,-1,-1,0,-1
2021231030621,2021,231030621,1,9,0,18,19,4,8,0,0,0,0,0,2,7,4,1,1,1,1,30,6,1560,2,14,CITROEN C4,1,E01009978,0,-1
2021131111709,2021,131111709,1,9,0,1,1,2,6,0,0,0,0,0,0,0,1,1,6,6,3,-1,-1,1560,2,5,CITROEN C4,-1,-1,0,-1
2021221073685,2021,221073685,2,8,0,16,19,5,8,0,0,0,0,0,2,10,1,1,6,6,2,55,8,1200,1,1,CITROEN C4,5,E01014001,0,-1
2021320303300,2021,320303300,2,9,0,9,9,8,4,0,0,1,1,0,7,9,1,1,6,6,2,42,7,1798,1,13,CITROEN C4,10,E01018216,0,-1
2021131098533,2021,131098533,2,9,0,-1,-1,-1,-1,-1,-1,0,-1,-1,-1,0,-1,1,2,2,1,45,7,1560,2,14,CITROEN C4,1,E01011850,0,-1
2021440280097,2021,440280097,1,9,0,18,19,1,5,0,0,0,1,0,1,4,4,1,2,2,1,37,7,1560,2,9,CITROEN C4,9,E01022788,0,-1
2021351022446,2021,351022446,2,9,0,4,4,3,7,0,0,0,0,0,0,0,1,1,5,6,1,30,6,1200,1,5,CITROEN C4,3,E01017979,0,-1
202106A079306,2021,06A079306,3,9,0,18,19,3,7,0,0,8,0,0,0,0,1,1,6,6,1,31,6,1200,1,5,CITROEN C4,4,E01005300,0,-1
2021131050520,2021,131050520,1,9,0,17,19,1,1,0,0,0,0,0,2,1,1,1,5,6,2,60,9,1587,1,15,CITROEN C4,8,E01011055,0,-1
2021201098072,2021,201098072,1,9,0,7,7,4,6,0,0,2,0,0,0,0,2,1,6,6,1,26,6,1560,2,7,CITROEN C4,1,E01009334,0,-1
2021421037507,2021,421037507,2,8,0,10,10,1,7,0,0,1,0,10,0,0,2,1,1,1,1,52,8,1560,2,5,CITROEN C4,3,E01003728,0,-1
2021471068242,2021,471068242,2,9,0,18,19,2,6,0,0,1,0,0,0,0,2,1,6,6,2,59,9,1200,1,5,CITROEN C4,5,E01031832,0,-1
2021302101511,2021,302101511,1,9,0,4,4,4,8,0,0,8,0,0,0,0,4,1,6,6,1,78,11,1798,1,13,CITROEN C4,1,E01013475,0,-1
2021320511133,2021,320511133,1,9,0,9,9,7,6,0,0,6,0,0,0,0,1,1,2,2,1,59,9,1560,2,14,CITROEN C4,2,E01015633,0,-1
2021471067555,2021,471067555,1,9,0,3,3,2,7,0,0,0,0,0,0,0,1,1,5,6,1,68,10,1587,1,13,CITROEN C4,8,E01030654,0,-1
2021131061479,2021,131061479,1,9,0,18,19,7,3,0,0,1,0,0,0,0,1,1,6,6,2,62,9,1200,1,5,CITROEN C4,4,E01011808,0,-1
2021010342933,2021,010342933,2,9,5,9,9,5,3,0,0,6,0,0,0,0,3,1,6,6,2,22,5,1560,2,10,CITROEN C4,9,E01002983,0,-1
2021501079725,2021,501079725,1,9,0,9,9,5,1,0,0,5,0,0,0,0,1,1,5,6,1,66,10,1199,1,7,CITROEN C4,5,E01015091,0,-1
2021552100698,2021,552100698,1,9,0,8,8,2,5,0,0,1,0,0,0,0,1,1,6,6,2,43,7,1560,2,10,CITROEN C4,8,E01020344,0,-1
2021201121042,2021,201121042,1,9,0,18,19,2,6,0,0,0,0,10,1,2,1,1,6,6,1,21,5,1560,2,7,CITROEN C4,2,E01010309,0,-1
2021430308884,2021,430308884,2,9,0,18,19,1,5,0,0,0,0,0,0,0,2,1,6,6,1,42,7,1200,1,2,CITROEN C4,4,E01016710,0,-1
2021471120222,2021,471120222,1,9,0,6,6,2,2,0,0,0,0,0,0,0,1,1,5,6,1,84,11,1598,1,10,CITROEN C4,6,E01031825,0,-1
2021471117999,2021,471117999,2,9,0,3,3,8,4,0,0,2,0,0,0,0,2,1,5,6,2,28,6,1560,2,6,CITROEN C4,9,E01021028,0,-1
2021351090719,2021,351090719,2,9,0,1,1,2,6,0,0,0,0,0,0,0,0,1,5,6,1,64,9,1499,2,3,CITROEN C4,6,E01018126,0,-1
2021141126664,2021,141126664,1,9,0,16,19,1,5,0,0,2,0,0,0,0,1,1,5,6,1,47,8,1560,2,13,CITROEN C4,1,E01007809,0,-1
2021041112042,2021,041112042,1,9,0,1,1,7,3,0,0,0,0,0,0,0,2,1,6,6,3,-1,-1,1560,2,7,CITROEN C4,-1,-1,0,-1
2021501027560,2021,501027560,1,8,0,16,19,3,7,0,0,0,1,0,0,0,1,1,2,2,2,31,6,1560,2,7,CITROEN C4,5,E01020049,0,-1
2021320242410,2021,320242410,3,9,0,18,19,3,8,0,0,0,0,0,0,0,2,1,6,6,2,50,8,1560,2,6,CITROEN C4,1,E01013819,0,-1
2021371025927,2021,371025927,1,9,0,18,19,2,6,0,0,0,0,4,0,0,1,1,5,6,1,74,10,1560,2,12,CITROEN C4,5,E01030001,0,-1
2021070811006,2021,070811006,2,9,0,4,4,8,4,0,0,3,0,9,0,0,2,1,6,6,1,39,7,1560,2,7,CITROEN C4,2,E01012390,0,-1
2021501030542,2021,501030542,2,9,0,3,3,4,7,0,0,1,0,0,0,0,3,1,5,6,2,43,7,1560,2,13,CITROEN C4,3,E01015085,0,-1
202163D004021,2021,63D004021,2,9,0,4,4,2,6,0,0,0,0,0,0,0,2,1,1,1,1,46,8,1560,2,13,CITROEN C4,9,W01000179,0,-1
2021161113457,2021,161113457,1,9,0,18,19,1,5,0,0,0,0,0,0,0,2,1,1,1,1,42,7,1560,2,4,CITROEN C4,5,E01013009,0,-1
2021231080108,2021,231080108,1,9,0,18,19,6,2,0,0,4,0,0,0,0,1,1,6,6,1,34,6,1997,2,13,CITROEN C4,3,E01031117,0,-1
2021010317593,2021,010317593,1,9,0,5,5,3,7,0,0,1,0,0,0,0,1,1,6,6,1,62,9,1560,2,11,CITROEN C4,2,E01030497,0,-1
2021031105102,2021,031105102,2,9,0,18,19,3,7,0,0,0,0,0,0,0,1,1,6,6,2,51,8,1560,2,7,CITROEN C4,7,E01019117,0,-1
2021471046177,2021,471046177,3,9,0,4,4,8,4,0,0,1,0,0,0,0,0,1,5,6,1,73,10,1997,2,13,CITROEN C4,6,E01031343,0,-1
2021320064423,2021,320064423,2,9,0,18,19,3,7,0,0,0,2,0,2,0,1,1,2,2,2,32,6,1587,1,14,CITROEN C4,3,E01026043,0,-1
2021161113446,2021,161113446,1,9,0,7,7,7,1,0,0,1,0,0,3,0,4,1,5,6,2,54,8,1560,2,13,CITROEN C4,1,E01013162,0,-1
2021201101344,2021,201101344,3,9,0,3,3,5,1,0,0,1,0,0,0,0,3,1,1,1,1,48,8,1560,2,5,CITROEN C4,1,E01009651,0,-1
2021421075566,2021,421075566,1,9,0,18,19,2,6,0,0,0,0,10,0,0,1,1,5,6,2,71,10,1560,2,4,CITROEN C4,2,E01022023,0,-1
2021170M10841,2021,170M10841,1,9,0,18,19,4,2,0,0,1,0,0,0,0,3,1,6,6,1,71,10,1560,2,7,CITROEN C4,1,E01012018,0,-1
2021161097308,2021,161097308,2,9,0,9,9,8,7,0,0,8,0,0,0,0,1,1,2,2,1,44,7,1560,2,16,CITROEN C4,1,E01012898,0,-1
2021440445532,2021,440445532,3,9,0,4,4,1,5,0,0,0,0,0,0,0,2,1,6,6,1,38,7,1560,2,10,CITROEN C4,6,E01033286,0,-1
2021430430602,2021,430430602,3,9,0,2,2,0,0,0,0,0,0,0,0,0,3,1,3,7,2,50,8,1200,1,2,CITROEN C4,8,E01017838,0,-1
2021991074705,2021,991074705,1,9,0,18,19,5,1,0,0,0,0,0,0,0,1,1,5,6,1,19,4,1560,2,8,CITROEN C4,4,-1,0,-1
2021010321525,2021,010321525,2,9,9,99,99,9,9,99,99,9,9,99,9,99,9,9,6,6,3,-1,-1,1560,2,8,CITROEN C4,1,E01004245,0,-1
2021221056817,2021,221056817,2,9,0,18,19,4,8,0,0,4,0,0,0,0,1,1,5,6,1,75,10,1560,2,3,CITROEN C4,6,E01032247,0,-1
2021622100388,2021,622100388,1,9,0,18,19,8,4,0,0,6,0,0,0,0,4,1,6,6,1,46,8,1200,1,1,CITROEN C4,5,W01001818,0,-1
2021622100258,2021,622100258,1,9,0,18,19,8,4,0,0,8,0,0,0,0,1,1,6,6,1,53,8,1560,2,10,CITROEN C4,4,W01001065,0,-1
2021430039002,2021,430039002,1,9,0,18,19,1,5,0,0,4,0,9,1,1,1,1,1,1,1,51,8,1200,1,4,CITROEN C4,4,E01016715,0,-1
202134WNC2491,2021,34WNC2491,1,9,0,18,19,5,1,0,0,0,0,0,0,0,1,1,6,6,1,54,8,1560,2,9,CITROEN C4,2,E01027161,0,-1
2021010347428,2021,010347428,1,9,0,18,19,6,2,0,0,1,0,0,0,0,1,1,6,6,1,44,7,1560,2,5,CITROEN C4,2,E01004364,0,-1
2021411103490,2021,411103490,1,9,0,8,8,8,4,9,9,8,0,0,0,0,1,1,5,6,2,59,9,1560,2,9,CITROEN C4,10,E01017429,0,-1
2021461093358,2021,461093358,1,9,0,18,19,3,7,0,0,1,0,0,0,0,4,1,5,6,1,80,11,-1,3,0,CITROEN C4,4,E01024118,0,-1
2021440157925,2021,440157925,3,9,0,4,4,6,2,0,0,0,0,0,0,0,2,1,6,6,2,61,9,1200,1,2,CITROEN C4,10,E01020358,0,-1
2021201138683,2021,201138683,2,9,0,18,19,2,6,0,0,8,5,0,0,0,4,1,6,6,1,41,7,1560,2,6,CITROEN C4,2,E01008884,0,-1
2021061116794,2021,061116794,2,9,0,3,3,5,1,0,0,1,0,0,0,0,2,1,6,6,1,43,7,1200,1,0,CITROEN C4,2,E01005542,0,-1
2021351057206,2021,351057206,1,9,0,18,19,8,4,0,0,0,0,0,0,0,1,1,5,6,2,79,11,1200,1,4,CITROEN C4,10,E01018252,0,-1
2021010339598,2021,010339598,2,9,0,99,99,9,9,99,99,9,9,99,9,99,2,9,6,6,3,-1,-1,1560,2,12,CITROEN C4,-1,-1,0,-1
2021221077313,2021,221077313,1,9,0,13,13,3,7,0,0,0,1,0,1,0,1,1,5,6,1,43,7,1560,2,6,CITROEN C4,6,E01028970,0,-1
2021041057362,2021,041057362,3,9,0,2,2,0,0,6,6,0,0,0,0,0,1,1,6,6,3,-1,-1,1200,1,3,CITROEN C4,-1,-1,0,-1
2021161031663,2021,161031663,2,9,0,10,10,3,1,0,0,0,0,0,0,0,3,1,5,6,2,33,6,1560,2,6,CITROEN C4,5,E01013236,0,-1
2021411076127,2021,411076127,1,9,0,18,19,7,3,0,0,0,0,0,0,0,2,1,5,6,1,47,8,1997,2,10,CITROEN C4,4,E01023781,0,-1
2021461076097,2021,461076097,1,9,0,18,19,6,2,0,0,0,0,0,0,0,4,1,6,6,2,42,7,1587,1,15,CITROEN C4,4,E01001694,0,-1
2021010336223,2021,010336223,1,9,0,5,5,7,3,0,0,8,0,0,0,0,3,1,1,1,1,36,7,1560,2,6,CITROEN C4,4,E01000940,0,-1
2021111036979,2021,111036979,1,9,0,18,19,4,8,0,0,0,0,4,0,0,1,2,3,7,2,37,7,1560,2,13,CITROEN C4,-1,-1,0,-1
2021461113011,2021,461113011,1,9,0,9,9,5,1,0,0,1,0,0,0,0,1,1,5,6,2,41,7,1560,2,9,CITROEN C4,3,E01016045,0,-1
2021041057541,2021,041057541,2,9,0,18,19,5,1,0,0,8,0,0,0,0,1,1,5,6,2,30,6,1560,2,14,CITROEN C4,1,E01012601,0,-1
2021221139482,2021,221139482,2,9,0,9,9,1,8,0,0,6,0,0,0,0,1,1,6,6,1,34,6,1200,1,2,CITROEN C4,5,E01014060,0,-1
2021041046103,2021,041046103,2,9,0,10,10,5,1,0,0,4,0,0,0,0,3,1,5,6,1,32,6,1200,1,2,CITROEN C4,3,E01025578,0,-1
2021010323763,2021,010323763,1,9,0,18,19,5,1,0,0,0,0,0,0,0,2,1,6,6,2,41,7,1798,1,14,CITROEN C4,6,E01003459,0,-1
2021548605221,2021,548605221,1,9,0,18,19,1,5,0,0,0,0,0,1,11,1,1,6,6,3,-1,-1,1560,2,12,CITROEN C4,-1,-1,0,-1
2021161084768,2021,161084768,1,9,0,16,19,6,8,0,0,0,0,0,2,11,1,1,6,6,1,38,7,1560,2,10,CITROEN C4,7,E01012814,0,-1
2021111066719,2021,111066719,2,9,0,3,3,3,7,0,0,0,0,0,0,0,1,1,5,6,1,26,6,1587,1,14,CITROEN C4,6,E01033161,0,-1
2021430566365,2021,430566365,1,9,0,18,19,8,4,0,0,0,0,0,0,0,1,1,2,2,1,51,8,1560,2,8,CITROEN C4,7,E01016239,0,-1
2021010345237,2021,010345237,2,9,0,99,99,9,9,99,99,9,9,99,9,99,9,9,6,6,3,-1,-1,1587,1,15,CITROEN C4,2,E01002316,0,-1
2021351041861,2021,351041861,2,9,0,18,19,1,5,0,0,1,0,0,0,0,3,1,2,2,1,21,5,1560,2,13,CITROEN C4,5,E01018067,0,-1
2021552100318,2021,552100318,1,9,0,18,19,6,2,0,0,0,0,0,0,0,1,1,6,6,1,26,6,1560,2,6,CITROEN C4,1,E01015282,0,-1
2021440406282,2021,440406282,3,9,0,11,11,4,8,0,0,8,0,0,0,0,0,1,6,6,1,-1,-1,1560,2,11,CITROEN C4,-1,-1,0,-1
2021010303606,2021,010303606,1,9,0,5,5,5,1,0,0,1,0,0,0,0,1,1,6,6,1,42,7,1798,1,13,CITROEN C4,5,E01003949,0,-1
2021461037523,2021,461037523,3,9,0,2,2,0,0,9,9,0,0,0,0,0,4,1,6,6,1,-1,-1,1560,2,4,CITROEN C4,-1,-1,0,-1
2021351081010,2021,351081010,1,9,0,13,13,3,7,0,0,1,0,0,0,0,4,1,6,6,2,33,6,1560,2,9,CITROEN C4,1,E01021696,0,-1
2021010341055,2021,010341055,1,9,0,99,99,9,9,99,99,0,9,99,9,99,2,9,1,1,1,46,8,-1,3,0,CITROEN C4,4,E01003919,0,-1
2021361096026,2021,361096026,1,9,0,7,7,8,3,0,0,8,0,0,0,0,1,1,5,6,1,72,10,1560,2,3,CITROEN C4,6,E01022035,0,-1
202134NNC2101,2021,34NNC2101,2,9,0,4,4,2,6,0,0,0,0,0,0,0,2,1,2,2,2,39,7,1560,2,6,CITROEN C4,9,E01027020,0,-1
2021440181370,2021,440181370,2,9,0,18,19,6,2,0,0,0,0,0,0,0,2,1,6,6,1,55,8,1560,2,14,CITROEN C4,2,E01022942,0,-1
2021991109033,2021,991109033,1,9,0,18,19,1,5,0,0,2,0,0,0,0,1,1,5,6,1,65,9,1200,1,0,CITROEN C4,-1,-1,0,-1
2021320524276,2021,320524276,2,9,0,7,7,2,6,0,0,6,0,0,0,0,3,1,6,6,2,58,9,1560,2,6,CITROEN C4,3,E01026042,0,-1
2021010302221,2021,010302221,2,9,0,99,99,9,9,99,99,9,9,99,9,99,9,9,6,6,3,-1,-1,1560,2,14,CITROEN C4,-1,-1,0,-1
202131A180721,2021,31A180721,1,9,0,9,9,2,8,0,0,5,0,0,0,0,1,1,3,7,1,61,9,1200,1,2,CITROEN C4,6,E01028322,0,-1
2021461044751,2021,461044751,1,9,0,9,9,6,4,0,0,6,0,0,0,0,3,1,6,6,1,32,6,1560,2,12,CITROEN C4,7,E01024578,0,-1
2021430175279,2021,430175279,1,9,0,18,19,7,3,0,0,1,1,0,0,0,1,1,2,2,2,42,7,1560,2,12,CITROEN C4,4,E01031176,0,-1
2021302101780,2021,302101780,1,9,0,18,19,4,8,9,9,0,0,0,0,0,1,1,6,6,3,-1,-1,1560,2,14,CITROEN C4,5,E01019456,0,-1
2021161124761,2021,161124761,2,9,0,18,19,8,4,0,0,0,0,0,0,0,2,1,6,6,3,-1,-1,1560,2,13,CITROEN C4,-1,-1,0,-1
2021320401283,2021,320401283,2,9,0,13,13,2,6,0,0,0,0,0,0,0,3,1,6,6,1,60,9,1560,2,14,CITROEN C4,2,E01019505,0,-1
2021101030116,2021,101030116,2,9,0,2,2,0,0,0,0,0,1,0,0,0,2,1,1,1,1,58,9,1560,2,11,CITROEN C4,-1,-1,0,-1
2021430535066,2021,430535066,2,9,0,3,3,1,5,0,0,1,0,0,0,0,4,1,6,6,2,42,7,1200,1,5,CITROEN C4,10,E01025847,0,-1
2021131051062,2021,131051062,2,9,0,18,19,0,0,0,0,8,0,0,0,0,3,1,6,6,3,-1,-1,1560,2,10,CITROEN C4,-1,-1,0,-1
2021170M11781,2021,170M11781,3,9,0,2,2,0,0,0,0,2,0,0,0,0,2,1,6,6,1,26,6,1598,1,8,CITROEN C4,1,E01012091,0,-1
2021201191201,2021,201191201,2,9,0,18,19,2,6,0,0,8,0,10,7,5,4,1,6,6,2,46,8,1200,1,4,CITROEN C4,6,E01010075,0,-1
2021041081684,2021,041081684,3,9,0,3,3,7,3,0,0,0,0,0,0,0,2,1,5,6,2,63,9,1997,2,7,CITROEN C4,9,E01025064,0,-1
202134WNC1541,2021,34WNC1541,2,9,0,18,19,7,3,0,0,0,0,0,0,0,2,1,6,6,1,-1,-1,1560,2,5,CITROEN C4,8,E01031162,0,-1
2021010322819,2021,010322819,1,8,0,99,99,9,9,99,99,9,9,99,9,99,9,9,6,6,1,38,7,1560,2,5,CITROEN C4,2,E01003636,0,-1
2021421093662,2021,421093662,2,9,0,9,9,5,4,0,0,3,1,0,0,0,4,1,6,6,1,53,8,1560,2,3,CITROEN C4,3,E01015825,0,-1
2021010334499,2021,010334499,1,9,0,99,99,9,9,99,99,9,9,99,9,99,2,9,6,6,1,30,6,1560,2,4,CITROEN C4,1,E01002720,0,-1
2021141038588,2021,141038588,1,9,0,9,9,1,5,0,0,5,0,0,0,0,3,1,5,6,1,51,8,1560,2,8,CITROEN C4,2,E01007579,0,-1
2021010310213,2021,010310213,1,9,0,7,7,7,1,0,0,5,0,0,0,0,4,1,6,6,2,34,6,1997,2,13,CITROEN C4,3,E01001188,0,-1
2021440225691,2021,440225691,2,9,0,18,19,8,4,0,0,0,0,0,0,0,1,1,6,6,1,39,7,1200,1,4,CITROEN C4,10,E01022759,0,-1
2021010310468,2021,010310468,2,9,0,18,19,7,3,1,1,0,0,0,0,0,1,1,6,6,1,46,8,1560,2,11,CITROEN C4,3,E01001640,0,-1
2021371038491,2021,371038491,2,9,0,18,19,5,1,0,0,0,0,0,0,0,0,1,5,6,1,50,8,1560,2,11,CITROEN C4,4,E01030295,0,-1
2021052101987,2021,052101987,1,9,0,18,19,7,3,0,0,8,0,0,0,0,4,1,6,6,2,46,8,1798,1,14,CITROEN C4,1,E01007055,0,-1
2021010335822,2021,010335822,4,9,0,18,19,3,7,0,0,0,0,0,0,0,1,1,6,6,2,27,6,1200,1,2,CITROEN C4,2,E01021686,0,-1
2021141029533,2021,141029533,1,9,0,2,2,0,0,0,0,2,0,0,0,0,2,1,6,6,1,47,8,1997,2,6,CITROEN C4,2,E01007495,0,-1
2021201135879,2021,201135879,1,9,0,18,19,4,8,0,0,0,0,0,0,0,4,1,6,6,2,41,7,1560,2,7,CITROEN C4,2,E01010508,0,-1
2021991055742,2021,991055742,3,9,0,18,19,5,1,0,0,0,0,0,0,0,3,1,6,6,1,78,11,1560,2,8,CITROEN C4,4,-1,0,-1
2021122100544,2021,122100544,1,9,0,9,9,1,4,0,0,1,0,0,0,0,1,1,6,6,1,67,10,1200,1,3,CITROEN C4,9,E01012063,0,-1