collision_index,collision_year,collision_ref_no,vehicle_reference,vehicle_type,towing_and_articulation,vehicle_manoeuvre_historic,vehicle_manoeuvre,vehicle_direction_from,vehicle_direction_to,vehicle_location_restricted_lane_historic,vehicle_location_restricted_lane,junction_location,skidding_and_overturning,hit_object_in_carriageway,vehicle_leaving_carriageway,hit_object_off_carriageway,first_point_of_impact,vehicle_left_hand_drive,journey_purpose_of_driver_historic,journey_purpose_of_driver,sex_of_driver,age_of_driver,age_band_of_driver,engine_capacity_cc,propulsion_code,age_of_vehicle,generic_make_model,driver_imd_decile,lsoa_of_driver,escooter_flag,driver_distance_banding
2021231083288,2021,231083288,1,9,0,18,19,2,6,0,0,8,0,0,0,0,1,1,6,6,1,35,6,1798,1,13,CITROEN C4,7,E01031293,0,-1
2021010318180,2021,010318180,2,9,0,4,4,1,5,0,0,0,0,0,0,0,2,1,6,6,1,56,9,1997,2,13,CITROEN C4,4,E01001146,0,-1
2021461085949,2021,461085949,1,9,0,18,19,3,7,0,0,1,0,0,0,0,3,1,5,6,2,-1,-1,1560,2,7,CITROEN C4,2,E01016061,0,-1
2021052200253,2021,052200253,1,9,0,4,4,1,2,0,0,0,0,0,0,0,3,1,2,2,2,51,8,1200,1,4,CITROEN C4,10,E01007172,0,-1
2021141061809,2021,141061809,1,9,0,4,4,3,7,0,0,1,0,0,0,0,2,1,2,2,2,42,7,1200,1,2,CITROEN C4,9,E01007711,0,-1
2021101131410,2021,101131410,1,9,0,18,19,2,5,0,0,1,1,0,0,0,1,1,6,6,2,40,7,1499,2,3,CITROEN C4,3,E01020652,0,-1
2021201102481,2021,201102481,1,9,0,9,9,-1,-1,0,0,6,0,0,0,0,1,1,6,6,2,-1,-1,1560,2,5,CITROEN C4,10,E01010550,0,-1
2021041027812,2021,041027812,2,9,0,16,19,5,1,0,0,4,0,0,0,0,3,1,1,1,2,48,8,1598,1,8,CITROEN C4,1,E01025049,0,-1
2021991029827,2021,991029827,2,9,0,18,19,2,6,0,0,0,0,0,0,0,3,1,3,7,2,42,7,1200,1,0,CITROEN C4,-1,-1,0,-1
2021111033222,2021,111033222,1,9,0,16,19,1,2,0,0,0,0,0,0,0,1,1,1,1,1,51,8,1560,2,6,CITROEN C4,2,E01020784,0,-1
2021991103957,2021,991103957,1,9,0,18,19,3,7,0,0,2,0,0,0,0,4,1,5,6,1,47,8,1560,2,11,CITROEN C4,1,-1,0,-1
2021010339694,2021,010339694,1,9,0,18,19,2,6,0,0,0,0,0,0,0,1,1,6,6,1,59,9,1200,1,0,CITROEN C4,-1,-1,0,-1
2021501104925,2021,501104925,2,9,0,18,19,4,8,0,0,8,0,0,0,0,4,1,6,6,2,35,6,1560,2,4,CITROEN C4,8,E01020240,0,-1
2021010328021,2021,010328021,2,8,0,18,19,1,5,0,0,0,0,0,0,0,4,1,1,1,1,52,8,1560,2,3,CITROEN C4,1,E01001430,0,-1
2021501070401,2021,501070401,1,9,0,18,19,7,3,0,0,1,1,0,3,11,1,1,6,6,1,24,5,1997,2,13,CITROEN C4,6,E01020223,0,-1
2021221132072,2021,221132072,1,9,0,17,19,2,7,0,0,0,1,0,1,4,1,1,2,2,2,24,5,1560,2,8,CITROEN C4,5,E01014062,0,-1
2021471030795,2021,471030795,1,9,0,1,1,4,8,9,9,0,0,0,0,0,2,1,5,6,2,36,7,1560,2,10,CITROEN C4,4,E01021017,0,-1
2021141043726,2021,141043726,2,9,0,10,10,6,4,0,0,1,0,0,0,0,3,1,5,6,2,30,6,1560,2,14,CITROEN C4,5,E01007785,0,-1
2021231113605,2021,231113605,1,9,0,18,19,1,5,0,0,4,0,0,0,0,1,1,5,6,1,82,11,1560,2,11,CITROEN C4,3,E01031047,0,-1
2021221087051,2021,221087051,2,9,0,4,4,2,6,0,0,8,0,0,0,0,2,1,5,6,2,45,7,1560,2,11,CITROEN C4,6,E01032476,0,-1
2021041052741,2021,041052741,1,9,0,2,2,0,0,0,0,1,0,0,0,0,3,1,5,6,2,73,10,1200,1,1,CITROEN C4,9,E01025127,0,-1
2021041122349,2021,041122349,1,9,0,18,19,8,4,0,0,0,0,0,0,0,1,1,1,1,1,36,7,1560,2,6,CITROEN C4,7,E01012592,0,-1
2021010313146,2021,010313146,2,9,0,7,7,3,5,0,0,8,0,0,0,0,4,1,6,6,1,61,9,1560,2,7,CITROEN C4,7,E01004586,0,-1
2021061102551,2021,061102551,1,9,0,5,5,4,8,0,0,4,0,0,0,0,1,1,6,6,2,31,6,1560,2,4,CITROEN C4,8,E01006130,0,-1
2021320461459,2021,320461459,2,9,0,9,9,4,8,0,0,0,0,0,0,0,3,1,6,6,1,78,11,1560,2,14,CITROEN C4,3,E01026246,0,-1
2021052101900,2021,052101900,2,9,0,17,19,6,3,0,0,8,1,0,0,0,4,1,6,6,1,47,8,1560,2,6,CITROEN C4,2,E01007271,0,-1
2021070563787,2021,070563787,1,9,0,16,19,8,4,0,0,2,1,10,7,0,1,1,1,1,2,22,5,1560,2,3,CITROEN C4,8,E01018515,0,-1
2021201023564,2021,201023564,1,9,0,9,9,6,5,0,0,3,0,0,0,0,1,1,5,6,1,25,5,1560,2,11,CITROEN C4,5,E01010069,0,-1
2021101063580,2021,101063580,1,9,0,3,3,3,7,0,0,0,0,0,0,0,1,1,6,6,1,35,6,1560,2,13,CITROEN C4,-1,-1,0,-1
2021461105463,2021,461105463,1,9,0,10,10,5,1,0,0,1,0,0,0,0,1,1,5,6,1,65,9,1587,1,12,CITROEN C4,8,E01024237,0,-1
2021451081749,2021,451081749,1,9,0,9,9,3,1,0,0,8,1,10,0,0,4,1,2,2,1,38,7,1560,2,3,CITROEN C4,4,E01030432,0,-1
2021351034710,2021,351034710,2,9,0,3,3,1,5,0,0,1,0,0,0,0,2,1,5,6,2,31,6,1560,2,6,CITROEN C4,9,E01018201,0,-1
2021010307084,2021,010307084,1,9,0,99,99,9,9,99,99,0,9,99,9,99,1,9,6,6,2,28,6,1200,1,6,CITROEN C4,3,E01001508,0,-1
2021552100972,2021,552100972,2,9,0,2,2,0,0,0,0,0,0,0,0,0,4,1,6,6,3,-1,-1,1560,2,8,CITROEN C4,-1,-1,0,-1
2021141017418,2021,141017418,1,9,0,18,19,3,7,0,0,0,0,0,0,0,1,1,1,1,1,73,10,1997,2,8,CITROEN C4,5,E01007588,0,-1
2021201061206,2021,201061206,1,9,0,18,19,6,2,0,0,1,0,0,0,0,1,1,6,6,2,48,8,1560,2,6,CITROEN C4,1,E01009222,0,-1
2021520201326,2021,520201326,1,9,0,18,19,7,3,0,0,8,0,0,0,0,1,1,6,6,1,59,9,1560,2,4,CITROEN C4,8,E01029089,0,-1
2021371017005,2021,371017005,1,9,0,5,5,6,3,0,0,8,0,0,0,0,1,1,5,6,2,34,6,1560,2,11,CITROEN C4,5,E01030281,0,-1
2021361043563,2021,361043563,1,9,0,9,9,7,3,0,0,1,0,0,0,0,4,1,2,2,1,53,8,1560,2,13,CITROEN C4,4,E01026841,0,-1
2021471063249,2021,471063249,1,9,0,3,3,7,3,0,0,1,0,0,0,0,4,1,6,6,1,64,9,1560,2,13,CITROEN C4,7,E01016870,0,-1
2021031056275,2021,031056275,2,9,0,2,2,0,0,0,0,1,0,0,0,0,1,1,5,6,2,36,7,1560,2,11,CITROEN C4,4,E01019389,0,-1
2021302100489,2021,302100489,1,9,0,7,7,6,3,0,0,8,0,0,0,0,1,1,6,6,2,61,9,1560,2,13,CITROEN C4,6,E01013589,0,-1
2021161020320,2021,161020320,2,9,0,18,19,1,5,0,0,8,1,0,0,0,1,1,1,1,1,46,8,1560,2,7,CITROEN C4,5,E01011666,0,-1
2021201063327,2021,201063327,1,9,0,18,19,3,7,0,0,0,0,0,0,0,4,1,3,7,2,40,7,1499,2,3,CITROEN C4,1,E01010450,0,-1
2021302100296,2021,302100296,1,8,0,18,19,8,4,0,0,2,0,0,0,0,1,1,1,1,1,39,7,1560,2,8,CITROEN C4,9,E01029414,0,-1
2021991119828,2021,991119828,1,9,0,18,19,3,7,0,0,0,0,0,0,0,1,1,5,6,2,48,8,1560,2,5,CITROEN C4,7,-1,0,-1
2021471100378,2021,471100378,2,9,0,3,3,3,7,0,0,0,0,0,0,0,2,2,6,6,2,51,8,1560,2,13,CITROEN C4,7,E01031462,0,-1
2021501084063,2021,501084063,3,9,0,2,2,0,0,0,0,0,0,0,0,0,3,1,6,6,1,25,5,1560,2,4,CITROEN C4,8,E01019910,0,-1
2021010337956,2021,010337956,2,9,0,18,19,7,3,0,0,1,0,0,0,0,3,1,6,6,1,39,7,1587,1,13,CITROEN C4,2,E01033085,0,-1
2021201109129,2021,201109129,1,9,0,9,9,4,2,0,0,6,0,10,7,4,1,1,6,6,1,65,9,1560,2,11,CITROEN C4,5,E01009046,0,-1
2021421113037,2021,421113037,1,9,0,18,19,7,3,0,0,0,0,0,0,0,1,1,6,6,2,24,5,1560,2,13,CITROEN C4,-1,-1,0,-1
2021170S20291,2021,170S20291,1,9,0,17,19,2,8,0,0,0,0,0,0,0,1,1,6,6,1,72,10,1587,1,13,CITROEN C4,2,E01012216,0,-1
2021430188672,2021,430188672,1,9,0,18,19,7,3,0,0,0,1,0,7,4,4,1,6,6,1,32,6,1560,2,11,CITROEN C4,5,E01022488,0,-1
2021430469383,2021,430469383,1,9,0,9,9,1,7,0,0,8,0,0,0,0,4,1,6,6,1,36,7,1560,2,12,CITROEN C4,10,E01016792,0,-1
2021101053671,2021,101053671,2,9,0,2,2,1,5,0,0,0,0,0,1,0,2,1,5,6,1,60,9,1200,1,6,CITROEN C4,-1,-1,0,-1
2021201031757,2021,201031757,1,9,0,18,19,3,7,0,0,0,0,0,0,0,1,1,2,2,1,24,5,1200,1,4,CITROEN C4,6,E01033618,0,-1
2021221121317,2021,221121317,3,9,0,18,19,2,6,0,0,0,0,0,0,0,1,1,5,6,2,24,5,1560,2,8,CITROEN C4,4,E01014191,0,-1
2021141122372,2021,141122372,2,9,0,9,9,3,1,0,0,6,0,0,0,0,1,1,6,6,1,66,10,1560,2,6,CITROEN C4,3,E01007449,0,-1
2021461108840,2021,461108840,1,9,0,5,5,6,2,0,0,2,0,0,0,0,1,1,6,6,2,40,7,1587,1,16,CITROEN C4,4,E01024665,0,-1
2021111094503,2021,111094503,2,9,0,10,10,5,3,0,0,1,0,0,0,0,3,1,6,6,1,28,6,1560,2,6,CITROEN C4,4,E01020730,0,-1
2021052101957,2021,052101957,1,9,0,18,19,3,7,0,0,0,0,10,7,0,1,1,6,6,2,35,6,1560,2,6,CITROEN C4,2,E01006441,0,-1
2021010301895,2021,010301895,2,8,0,99,99,9,9,99,99,9,9,99,9,99,1,9,6,6,3,41,7,1560,2,5,CITROEN C4,5,E01004503,0,-1
2021440504055,2021,440504055,2,9,0,18,19,3,7,0,0,0,0,0,8,5,1,1,6,6,1,30,6,1560,2,6,CITROEN C4,4,E01023146,0,-1
2021311093435,2021,311093435,1,9,0,9,9,7,1,0,0,8,0,0,0,0,3,1,2,2,1,28,6,1560,2,10,CITROEN C4,3,E01015665,0,-1
2021371059635,2021,371059635,2,9,0,4,4,5,1,0,0,1,0,0,0,0,2,1,2,2,1,43,7,1560,2,8,CITROEN C4,7,E01026588,0,-1
2021221042365,2021,221042365,1,9,0,18,19,5,1,0,0,0,0,0,0,0,1,1,5,6,1,79,11,1798,1,14,CITROEN C4,9,E01032272,0,-1
2021440282989,2021,440282989,2,9,0,18,19,6,2,0,0,8,0,0,0,0,1,1,1,1,1,43,7,1560,2,10,CITROEN C4,10,E01022862,0,-1
2021010336786,2021,010336786,2,9,0,99,99,9,9,99,99,9,9,99,9,99,3,9,6,6,3,65,9,1560,2,12,CITROEN C4,-1,-1,0,-1
2021101114655,2021,101114655,2,9,0,5,5,5,1,0,0,4,0,0,0,0,4,1,5,6,2,31,6,1560,2,10,CITROEN C4,2,E01008460,0,-1
202131C124521,2021,31C124521,2,9,0,18,19,6,2,0,0,1,0,0,0,0,1,1,6,6,2,47,8,1560,2,5,CITROEN C4,2,E01013852,0,-1
2021010313793,2021,010313793,2,9,0,99,99,9,9,99,99,9,9,99,9,99,9,9,6,6,1,51,8,1997,2,6,CITROEN C4,4,E01000746,0,-1
2021161028536,2021,161028536,1,8,0,18,19,3,7,0,0,1,0,0,0,0,1,1,1,1,3,-1,-1,1560,2,10,CITROEN C4,-1,-1,0,-1
2021041045804,2021,041045804,2,9,0,18,19,3,7,0,0,0,0,0,0,0,2,1,5,6,2,37,7,1200,1,3,CITROEN C4,10,E01025337,0,-1
2021201086211,2021,201086211,2,9,0,3,3,7,3,0,0,1,0,0,0,0,2,1,6,6,2,45,7,1560,2,11,CITROEN C4,2,E01010277,0,-1
2021010328850,2021,010328850,1,9,0,9,9,8,5,0,0,6,0,0,0,0,3,1,6,6,1,28,6,1560,2,12,CITROEN C4,-1,-1,0,-1
2021211080738,2021,211080738,1,9,0,7,7,4,6,0,0,8,0,0,0,0,2,1,6,6,1,26,6,1560,2,9,CITROEN C4,1,E01009491,0,-1
2021411032362,2021,411032362,2,9,0,2,2,0,0,0,0,0,0,0,0,0,2,1,6,6,2,70,10,1200,1,3,CITROEN C4,4,E01027853,0,-1
2021161098122,2021,161098122,1,9,0,18,19,6,2,0,0,0,5,4,0,0,1,1,5,6,1,30,6,1200,1,0,CITROEN C4,7,E01013173,0,-1
2021061033644,2021,061033644,2,9,0,18,19,7,7,0,0,8,0,0,0,0,-1,1,6,6,2,44,7,1560,2,5,CITROEN C4,7,E01005827,0,-1
2021320650394,2021,320650394,1,9,0,18,19,7,3,0,0,0,0,0,0,0,1,1,2,2,2,37,7,1560,2,7,CITROEN C4,1,E01026092,0,-1
2021010319575,2021,010319575,2,9,0,9,9,6,5,0,0,8,0,0,0,0,3,1,1,1,1,56,9,1560,2,8,CITROEN C4,3,E01004342,0,-1
2021501097520,2021,501097520,1,9,0,14,14,3,6,0,0,0,0,0,0,0,1,1,5,6,2,82,11,1560,2,4,CITROEN C4,6,E01015039,0,-1
2021421022759,2021,421022759,2,9,0,17,19,1,2,0,0,0,0,11,0,0,1,1,6,6,2,27,6,1200,1,5,CITROEN C4,3,E01000373,0,-1
2021421055271,2021,421055271,2,9,0,18,19,7,3,0,0,0,0,0,0,0,2,1,1,1,1,34,6,1560,2,7,CITROEN C4,2,E01015900,0,-1
2021991112250,2021,991112250,3,9,0,3,3,6,2,0,0,1,0,0,0,0,2,1,5,6,1,40,7,1200,1,5,CITROEN C4,10,-1,0,-1
2021061035781,2021,061035781,1,9,0,2,2,1,5,0,0,0,0,0,0,0,4,1,6,6,2,30,6,1560,2,12,CITROEN C4,1,E01005198,0,-1
2021131106536,2021,131106536,1,9,0,5,5,3,7,0,0,1,0,0,0,0,4,1,5,6,2,36,7,1560,2,6,CITROEN C4,1,E01007332,0,-1
2021461044867,2021,461044867,3,9,0,18,19,8,4,0,0,0,0,0,0,0,3,1,2,2,1,54,8,1560,2,6,CITROEN C4,7,E01024073,0,-1
2021041024493,2021,041024493,2,9,0,18,19,1,5,0,0,0,0,0,0,0,1,1,6,6,1,27,6,1560,2,12,CITROEN C4,5,E01025573,0,-1
2021302101099,2021,302101099,1,9,0,18,19,6,2,0,0,0,0,0,0,0,4,1,6,6,2,-1,-1,1560,2,4,CITROEN C4,4,E01033171,0,-1
2021430558855,2021,430558855,1,9,0,3,3,5,1,0,0,1,0,0,0,0,2,1,6,6,1,51,8,1560,2,10,CITROEN C4,9,E01017722,0,-1
2021111087444,2021,111087444,1,9,0,2,2,0,0,0,0,0,0,0,0,0,2,1,6,6,2,31,6,1560,2,6,CITROEN C4,9,E01020664,0,-1
2021201141714,2021,201141714,2,9,0,7,7,6,1,0,0,1,0,0,0,0,3,1,1,1,1,44,7,1560,2,6,CITROEN C4,3,E01010051,0,-1
2021122101258,2021,122101258,1,9,0,18,19,5,1,0,0,0,0,0,1,11,1,1,6,6,1,77,11,1560,2,13,CITROEN C4,2,E01013443,0,-1
2021041063007,2021,041063007,1,9,0,7,7,1,7,0,0,0,5,7,1,10,1,1,5,6,1,30,6,1560,2,13,CITROEN C4,2,E01033223,0,-1
2021411038352,2021,411038352,4,9,0,2,2,0,0,0,0,0,0,0,0,0,4,1,5,6,3,-1,-1,1560,2,7,CITROEN C4,-1,-1,0,-1
2021010291340,2021,010291340,2,9,0,18,19,5,1,0,0,0,0,4,0,0,1,1,6,6,3,-1,-1,1598,1,13,CITROEN C4,-1,-1,0,-1
2021501089840,2021,501089840,1,9,0,18,19,3,7,0,0,1,0,0,4,0,1,1,5,6,2,38,7,1560,2,8,CITROEN C4,5,E01016884,0,-1
2021501102135,2021,501102135,1,9,0,9,9,3,7,0,0,5,0,0,0,0,1,1,3,7,2,32,6,1560,2,7,CITROEN C4,1,E01015083,0,-1
2021111111450,2021,111111450,2,9,0,5,5,3,1,0,0,0,0,0,0,0,3,1,5,6,1,62,9,1560,2,7,CITROEN C4,4,E01020826,0,-1
2021991094606,2021,991094606,2,9,0,11,11,6,2,0,0,1,0,0,0,0,1,1,5,6,2,43,7,1798,1,13,CITROEN C4,5,-1,0,-1
2021430448848,2021,430448848,2,9,0,18,19,1,5,0,0,8,0,0,0,0,1,1,2,2,2,66,10,1560,2,6,CITROEN C4,9,E01017778,0,-1
2021531122404,2021,531122404,2,9,0,2,2,0,0,0,0,0,0,0,0,0,2,2,6,6,3,-1,-1,1560,2,7,CITROEN C4,-1,-1,0,-1
2021461086694,2021,461086694,2,9,0,7,7,1,3,0,0,1,0,0,0,0,2,1,6,6,2,45,7,1587,1,14,CITROEN C4,8,E01016095,0,-1
2021041115183,2021,041115183,1,9,0,12,12,1,5,0,0,2,0,4,0,0,1,1,6,6,1,35,6,1587,1,15,CITROEN C4,2,E01025115,0,-1
2021201127039,2021,201127039,1,9,0,5,5,4,8,0,0,0,0,0,0,0,0,1,6,6,3,-1,-1,1560,2,14,CITROEN C4,-1,-1,0,-1
2021010344920,2021,010344920,2,9,0,18,19,7,3,0,0,8,1,0,0,0,2,1,6,6,1,49,8,1997,1,13,CITROEN C4,8,E01000823,0,-1
2021221074794,2021,221074794,4,9,0,5,5,4,7,0,0,4,0,0,0,0,3,1,5,6,1,61,9,1560,2,5,CITROEN C4,7,E01032366,0,-1
2021371144064,2021,371144064,1,9,0,18,19,5,1,0,0,0,0,0,0,0,1,1,2,2,1,33,6,1560,2,6,CITROEN C4,6,E01030091,0,-1
2021131124238,2021,131124238,1,9,0,18,19,7,3,0,0,0,0,0,0,0,3,1,1,1,1,56,9,1500,2,0,CITROEN C4,5,E01033015,0,-1
2021421116105,2021,421116105,1,9,0,16,19,6,1,0,0,0,0,0,0,0,1,1,5,6,1,43,7,1560,2,7,CITROEN C4,7,E01021913,0,-1
2021010317905,2021,010317905,1,9,0,9,9,7,5,4,4,5,0,0,0,0,1,1,6,6,2,30,6,1997,2,4,CITROEN C4,2,E01003911,0,-1
2021552101371,2021,552101371,3,9,0,3,3,7,3,0,0,1,0,0,0,0,1,1,6,6,2,34,6,1560,2,10,CITROEN C4,3,E01015449,0,-1
2021052102591,2021,052102591,1,9,0,18,19,3,7,0,0,1,1,0,0,0,1,1,6,6,1,39,7,1560,2,13,CITROEN C4,3,E01007253,0,-1
2021141073957,2021,141073957,2,9,0,12,12,3,6,0,0,1,0,0,0,0,1,1,6,6,1,-1,-1,1560,2,8,CITROEN C4,-1,-1,0,-1
2021302100647,2021,302100647,2,9,0,2,2,0,0,0,0,0,0,0,0,0,2,1,6,6,2,34,6,1560,2,11,CITROEN C4,2,E01019563,0,-1
2021361065345,2021,361065345,1,9,0,18,19,1,5,0,0,1,0,0,0,0,1,1,5,6,1,34,6,1560,2,11,CITROEN C4,2,E01026828,0,-1
2021010309629,2021,010309629,1,9,0,18,19,4,8,0,0,2,0,0,0,0,4,1,2,2,1,60,9,1560,2,14,CITROEN C4,2,E01000600,0,-1
2021501027394,2021,501027394,1,9,0,16,19,6,2,0,0,3,0,0,0,0,2,1,5,6,2,27,6,1587,1,15,CITROEN C4,4,E01020199,0,-1
2021991118509,2021,991118509,2,9,0,18,19,7,3,0,0,2,0,0,1,0,3,1,2,2,1,62,9,1560,2,3,CITROEN C4,3,-1,0,-1
2021101085692,2021,101085692,1,9,0,9,9,1,1,0,0,1,0,4,1,0,1,1,6,6,2,25,5,1560,2,4,CITROEN C4,4,E01008455,0,-1
2021201055615,2021,201055615,2,9,0,3,3,6,2,0,0,0,0,0,0,0,3,1,6,6,1,60,9,1560,2,9,CITROEN C4,4,E01010303,0,-1
2021010295612,2021,010295612,2,9,9,99,99,9,9,99,99,9,9,99,9,99,9,9,6,6,1,53,8,1560,2,4,CITROEN C4,-1,-1,0,-1
2021010314497,2021,010314497,2,9,9,10,10,1,6,0,0,9,9,99,0,0,9,9,6,6,1,-1,-1,1997,2,3,CITROEN C4,3,E01000404,0,-1
2021991042337,2021,991042337,1,9,0,18,19,7,2,0,0,2,0,0,0,0,1,1,3,7,2,32,6,1560,2,7,CITROEN C4,4,-1,0,-1
2021451081695,2021,451081695,1,9,0,18,19,3,7,0,0,0,0,0,0,0,1,1,5,6,1,30,6,1560,2,4,CITROEN C4,2,E01016040,0,-1
2021361078963,2021,361078963,2,9,0,18,19,5,1,0,0,0,0,0,0,0,2,1,6,6,1,64,9,1200,1,0,CITROEN C4,2,E01026607,0,-1
2021461013075,2021,461013075,2,9,0,2,2,0,0,0,0,0,0,0,0,0,4,1,5,6,2,41,7,1997,2,14,CITROEN C4,-1,-1,0,-1
2021361074075,2021,361074075,2,9,0,18,19,3,7,0,0,1,0,0,0,0,1,1,6,6,1,41,7,1560,2,5,CITROEN C4,1,E01026830,0,-1
2021010330854,2021,010330854,1,9,0,18,19,3,7,0,0,0,0,0,0,0,0,1,3,7,1,42,7,1997,2,2,CITROEN C4,1,E01000093,0,-1
2021010300793,2021,010300793,1,9,0,18,19,5,1,99,99,9,9,99,0,0,4,9,2,2,2,34,6,1798,1,13,CITROEN C4,3,E01000742,0,-1
2021461048188,2021,461048188,1,9,0,18,19,3,7,0,0,0,0,0,0,0,1,1,6,6,1,-1,-1,1560,2,13,CITROEN C4,3,E01024596,0,-1
2021201052890,2021,201052890,3,9,0,8,8,4,6,0,0,1,0,0,0,0,4,1,6,6,2,50,8,1360,1,14,CITROEN C4,2,E01009832,0,-1
2021201064592,2021,201064592,2,8,0,18,19,6,2,0,0,8,0,0,0,0,1,1,2,2,1,35,6,1560,2,5,CITROEN C4,1,E01009492,0,-1
2021371089383,2021,371089383,1,9,0,16,19,8,2,0,0,0,0,0,0,0,1,1,2,2,2,32,6,1560,2,13,CITROEN C4,5,E01030187,0,-1
2021141107034,2021,141107034,1,9,0,18,19,2,6,0,0,0,0,0,1,10,1,1,5,6,2,47,8,1560,2,10,CITROEN C4,2,E01007531,0,-1
2021991102007,2021,991102007,3,9,0,2,2,0,0,0,0,0,0,0,0,0,2,1,6,6,3,-1,-1,1560,2,5,CITROEN C4,-1,-1,0,-1
2021010335442,2021,010335442,1,9,0,7,7,4,5,0,0,5,0,0,0,0,1,1,6,6,2,32,6,1587,1,14,CITROEN C4,-1,-1,0,-1
2021401122266,2021,401122266,2,9,0,2,2,0,0,0,0,0,0,0,0,0,1,1,6,6,1,39,7,1560,2,9,CITROEN C4,6,E01015766,0,-1
2021201134519,2021,201134519,2,9,0,18,19,7,3,0,0,8,0,0,0,0,4,1,6,6,1,57,9,1200,1,0,CITROEN C4,1,E01009301,0,-1
2021401039207,2021,401039207,1,9,0,4,4,0,0,0,0,0,0,0,0,0,2,1,1,1,1,46,8,1997,2,9,CITROEN C4,1,E01015795,0,-1
2021061132528,2021,061132528,1,9,0,18,19,1,5,0,0,8,0,0,0,0,3,1,6,6,1,52,8,1560,2,14,CITROEN C4,1,E01005081,0,-1
2021201134910,2021,201134910,1,9,0,12,12,4,8,0,0,2,0,0,0,0,3,1,2,2,1,34,6,1587,1,15,CITROEN C4,2,E01010314,0,-1
2021221047171,2021,221047171,1,9,0,5,5,8,4,0,0,0,0,0,0,0,1,1,5,6,1,47,8,1560,2,5,CITROEN C4,6,E01022198,0,-1
2021440300589,2021,440300589,1,9,0,4,4,7,5,0,0,1,0,0,0,0,2,1,6,6,2,49,8,1560,2,3,CITROEN C4,9,E01022689,0,-1
2021031060464,2021,031060464,2,9,0,4,4,5,1,0,0,0,0,0,0,0,2,1,5,6,2,51,8,1560,2,8,CITROEN C4,9,E01019191,0,-1
2021010304795,2021,010304795,2,9,0,99,99,9,9,99,99,9,9,99,9,99,9,9,6,6,3,49,8,1560,2,12,CITROEN C4,2,E01023404,0,-1
2021010313210,2021,010313210,1,9,0,99,99,9,9,99,99,9,9,99,9,99,0,9,6,6,1,45,7,1560,2,12,CITROEN C4,9,E01023407,0,-1
2021622100309,2021,622100309,2,9,0,1,1,5,1,0,0,1,0,0,0,0,2,1,6,6,1,24,5,1560,2,12,CITROEN C4,2,W01001692,0,-1
2021010291491,2021,010291491,2,9,0,99,99,9,9,99,99,0,9,99,9,99,1,9,6,6,3,-1,-1,1200,1,6,CITROEN C4,4,E01033730,0,-1
2021211050714,2021,211050714,5,9,0,2,2,0,0,0,0,0,0,0,0,0,2,1,6,6,2,-1,-1,1560,2,11,CITROEN C4,4,E01014343,0,-1
2021010306979,2021,010306979,2,9,0,2,2,0,0,0,0,0,0,0,0,0,2,1,6,6,3,-1,-1,1560,2,5,CITROEN C4,-1,-1,0,-1
2021221077481,2021,221077481,3,9,0,3,3,3,7,0,0,0,0,0,0,0,2,1,1,1,1,51,8,1499,2,3,CITROEN C4,4,E01009497,0,-1
2021010302621,2021,010302621,3,9,0,2,2,0,0,9,9,0,0,0,0,0,3,1,6,6,3,-1,-1,1200,1,5,CITROEN C4,-1,-1,0,-1
2021201144743,2021,201144743,2,9,0,3,3,2,6,0,0,0,0,0,0,0,2,1,6,6,1,28,6,1560,2,6,CITROEN C4,2,E01031092,0,-1
2021201080551,2021,201080551,1,9,0,3,3,4,8,0,0,0,0,0,0,0,2,1,1,1,2,25,5,1200,1,5,CITROEN C4,1,E01009301,0,-1
2021440285483,2021,440285483,1,9,0,9,9,4,2,0,0,0,0,0,0,0,0,1,2,2,2,30,6,1200,1,6,CITROEN C4,2,E01017168,0,-1
2021101036030,2021,101036030,2,9,0,15,15,5,1,0,0,0,0,0,0,0,3,1,6,6,1,26,6,1560,2,6,CITROEN C4,-1,-1,0,-1
2021622200059,2021,622200059,1,9,0,18,19,1,5,0,0,0,0,0,0,0,1,1,6,6,1,86,11,1560,2,4,CITROEN C4,5,W01001229,0,-1
2021061084627,2021,061084627,2,9,0,18,19,3,7,0,0,1,0,0,0,0,1,1,1,1,1,48,8,1560,2,13,CITROEN C4,1,E01005682,0,-1
2021122200014,2021,122200014,1,9,0,18,19,1,5,0,0,0,0,0,0,0,1,1,6,6,2,38,7,1560,2,6,CITROEN C4,10,E01027683,0,-1
2021101092470,2021,101092470,2,9,0,18,19,7,3,0,0,0,0,0,0,0,1,1,6,6,1,62,9,1560,2,4,CITROEN C4,5,E01027477,0,-1
2021010302276,2021,010302276,1,9,0,18,19,2,6,0,0,0,0,0,0,0,4,1,6,6,1,65,9,1200,1,2,CITROEN C4,7,E01002691,0,-1
2021501118571,2021,501118571,1,9,0,15,15,7,3,0,0,0,0,4,0,0,1,1,6,6,1,61,9,1560,2,10,CITROEN C4,2,E01020277,0,-1