collision_index,collision_year,collision_ref_no,vehicle_reference,vehicle_type,towing_and_articulation,vehicle_manoeuvre_historic,vehicle_manoeuvre,vehicle_direction_from,vehicle_direction_to,vehicle_location_restricted_lane_historic,vehicle_location_restricted_lane,junction_location,skidding_and_overturning,hit_object_in_carriageway,vehicle_leaving_carriageway,hit_object_off_carriageway,first_point_of_impact,vehicle_left_hand_drive,journey_purpose_of_driver_historic,journey_purpose_of_driver,sex_of_driver,age_of_driver,age_band_of_driver,engine_capacity_cc,propulsion_code,age_of_vehicle,generic_make_model,driver_imd_decile,lsoa_of_driver,escooter_flag,driver_distance_banding
2021201116168,2021,201116168,1,9,0,16,19,1,4,0,0,0,0,4,1,10,1,1,6,6,3,-1,-1,1598,2,4,VOLKSWAGEN PASSAT,-1,-1,0,-1
2021201179440,2021,201179440,1,9,0,18,19,6,2,0,0,1,5,4,0,0,1,1,6,6,1,29,6,1986,2,12,VOLKSWAGEN PASSAT,2,E01009342,0,-1
2021430265092,2021,430265092,2,9,0,1,1,1,5,0,0,8,0,0,0,0,2,1,6,6,1,-1,-1,1896,2,17,VOLKSWAGEN PASSAT,-1,-1,0,-1
2021991026061,2021,991026061,2,9,0,18,19,1,5,0,0,2,1,0,2,10,1,1,6,6,1,23,5,1968,2,15,VOLKSWAGEN PASSAT,-1,-1,0,-1
2021552100780,2021,552100780,1,9,0,1,1,7,3,0,0,0,0,0,0,0,2,1,6,6,1,36,7,1896,2,15,VOLKSWAGEN PASSAT,6,E01015291,0,-1
202134WNC0891,2021,34WNC0891,2,9,0,7,7,4,6,0,0,4,0,0,0,0,4,1,6,6,1,39,7,1968,2,10,VOLKSWAGEN PASSAT,-1,-1,0,-1
2021010316428,2021,010316428,1,9,0,3,3,1,5,0,0,0,0,0,0,0,0,1,6,6,1,27,6,1968,2,8,VOLKSWAGEN PASSAT,-1,-1,0,-1
2021471106667,2021,471106667,1,9,0,18,19,5,1,0,0,1,0,0,0,0,1,1,6,6,3,-1,-1,1896,2,15,VOLKSWAGEN PASSAT,-1,-1,0,-1
2021552100602,2021,552100602,2,9,0,9,9,7,3,0,0,5,0,0,0,0,3,1,6,6,2,29,6,1968,2,11,VOLKSWAGEN PASSAT,6,E01015331,0,-1
2021361054259,2021,361054259,1,9,0,18,19,8,5,0,0,0,0,0,0,0,1,1,5,6,1,25,5,1968,2,13,VOLKSWAGEN PASSAT,3,E01026740,0,-1
2021141044566,2021,141044566,2,9,0,9,9,2,7,0,0,2,0,0,0,0,1,1,1,1,1,68,10,1968,2,8,VOLKSWAGEN PASSAT,3,E01007907,0,-1
2021041055777,2021,041055777,2,9,0,18,19,5,1,0,0,2,0,0,0,0,1,1,2,2,1,59,9,1968,2,8,VOLKSWAGEN PASSAT,6,E01025145,0,-1
2021421058742,2021,421058742,2,9,0,10,10,4,7,0,0,0,0,0,7,0,2,1,6,6,2,52,8,1968,2,10,VOLKSWAGEN PASSAT,10,E01021431,0,-1
2021010288373,2021,010288373,2,9,0,10,10,3,1,0,0,1,0,0,0,0,2,1,6,6,2,34,6,1968,2,12,VOLKSWAGEN PASSAT,6,E01004078,0,-1
2021440174873,2021,440174873,1,9,0,7,7,2,5,0,0,8,0,0,0,0,4,1,6,6,1,41,7,1968,2,12,VOLKSWAGEN PASSAT,9,E01017252,0,-1
2021430316480,2021,430316480,1,9,0,9,9,6,4,0,0,6,0,0,0,0,3,1,1,1,1,35,6,1598,2,7,VOLKSWAGEN PASSAT,6,E01017698,0,-1
2021440374480,2021,440374480,1,9,0,18,19,2,6,0,0,8,0,0,0,0,4,1,6,6,1,41,7,1968,2,5,VOLKSWAGEN PASSAT,8,E01023090,0,-1
202131A065921,2021,31A065921,1,9,0,4,4,7,3,0,0,0,0,0,0,0,2,1,2,2,1,49,8,1968,2,10,VOLKSWAGEN PASSAT,10,E01033390,0,-1
2021010328196,2021,010328196,3,9,0,2,2,0,0,0,0,8,0,0,0,0,2,1,6,6,3,-1,-1,1968,2,12,VOLKSWAGEN PASSAT,-1,-1,0,-1
2021010331951,2021,010331951,1,9,0,4,4,3,7,0,0,8,0,0,0,0,1,1,6,6,1,32,6,1968,2,5,VOLKSWAGEN PASSAT,8,E01000451,0,-1
2021231057227,2021,231057227,3,9,0,18,19,4,8,0,0,0,0,0,7,0,1,1,5,6,1,40,7,1986,2,16,VOLKSWAGEN PASSAT,2,E01032565,0,-1
2021122100392,2021,122100392,2,9,0,18,19,2,8,0,0,2,0,0,0,0,3,1,6,6,1,37,7,1968,2,12,VOLKSWAGEN PASSAT,5,E01013390,0,-1
2021221055670,2021,221055670,1,8,0,18,19,1,5,0,0,4,0,0,0,0,1,1,1,1,1,41,7,1968,2,7,VOLKSWAGEN PASSAT,7,E01014114,0,-1
2021041052698,2021,041052698,1,9,0,4,4,1,5,0,0,1,0,0,0,0,1,2,6,6,1,32,6,1968,2,9,VOLKSWAGEN PASSAT,1,E01008896,0,-1
2021170S10611,2021,170S10611,1,9,0,18,19,8,4,0,0,8,0,0,0,0,1,1,6,6,1,43,7,1968,2,11,VOLKSWAGEN PASSAT,1,E01009000,0,-1
202131B197721,2021,31B197721,2,9,0,2,2,0,0,0,0,0,0,0,0,0,3,1,6,6,1,68,10,2771,1,17,VOLKSWAGEN PASSAT,6,E01028308,0,-1
2021010346695,2021,010346695,1,9,0,18,19,3,7,0,0,1,0,0,0,0,1,1,6,6,3,-1,-1,1986,2,11,VOLKSWAGEN PASSAT,-1,-1,0,-1
2021052102637,2021,052102637,2,9,0,7,7,1,3,0,0,6,0,0,0,0,1,1,6,6,1,49,8,1968,2,11,VOLKSWAGEN PASSAT,1,E01006765,0,-1
2021451115061,2021,451115061,1,9,0,18,19,1,5,0,0,4,0,10,1,4,1,1,5,6,1,25,5,1968,2,12,VOLKSWAGEN PASSAT,7,E01030465,0,-1
2021010333047,2021,010333047,1,9,0,99,99,9,9,99,99,9,9,99,9,99,2,9,6,6,3,47,8,1968,2,12,VOLKSWAGEN PASSAT,6,E01002640,0,-1
2021070314232,2021,070314232,2,9,0,13,13,3,7,0,0,0,0,0,0,0,1,1,1,1,2,49,8,1968,2,14,VOLKSWAGEN PASSAT,10,W01000417,0,-1
2021010320776,2021,010320776,1,9,0,18,19,7,3,0,0,0,0,0,0,0,4,1,6,6,2,31,6,1395,8,0,VOLKSWAGEN PASSAT,4,E01001234,0,-1
2021010336048,2021,010336048,1,9,0,18,19,7,3,0,0,1,0,0,0,0,4,1,6,6,1,36,7,1968,2,11,VOLKSWAGEN PASSAT,3,E01001673,0,-1
2021010290508,2021,010290508,2,9,0,13,13,7,3,0,0,0,0,0,0,0,1,1,6,6,1,20,4,1968,2,14,VOLKSWAGEN PASSAT,7,E01000983,0,-1
2021320589838,2021,320589838,1,9,0,4,4,2,6,0,0,0,0,0,0,0,1,1,6,6,2,57,9,1968,2,7,VOLKSWAGEN PASSAT,1,E01026069,0,-1
2021010327752,2021,010327752,2,9,0,18,19,5,1,0,0,1,0,0,0,0,1,1,6,6,1,34,6,1968,2,5,VOLKSWAGEN PASSAT,-1,-1,0,-1
2021010328069,2021,010328069,1,9,0,18,19,5,1,0,0,1,0,0,0,0,1,1,6,6,3,-1,-1,1968,2,11,VOLKSWAGEN PASSAT,2,E01007847,0,-1
2021221115426,2021,221115426,1,9,0,18,19,6,2,0,0,0,0,0,0,0,3,1,4,7,1,48,8,1968,2,13,VOLKSWAGEN PASSAT,6,E01032350,0,-1
2021061092969,2021,061092969,1,9,0,16,19,5,8,0,0,5,0,0,0,0,1,1,6,6,1,30,6,1968,2,12,VOLKSWAGEN PASSAT,-1,-1,0,-1
202131B144921,2021,31B144921,3,9,0,4,4,5,1,0,0,1,0,0,0,0,2,1,6,6,1,25,5,1598,2,3,VOLKSWAGEN PASSAT,8,E01007606,0,-1
2021061054466,2021,061054466,2,9,0,9,9,8,5,0,0,8,0,0,0,0,1,1,6,6,1,74,10,1968,2,8,VOLKSWAGEN PASSAT,10,E01006152,0,-1
2021201073615,2021,201073615,1,9,0,9,9,4,1,0,0,8,0,0,0,0,4,1,6,6,1,-1,-1,1968,2,12,VOLKSWAGEN PASSAT,-1,-1,0,-1
2021371038524,2021,371038524,2,9,0,4,4,1,5,0,0,0,0,0,0,0,2,1,2,2,1,39,7,1968,2,14,VOLKSWAGEN PASSAT,3,E01029962,0,-1
2021131124125,2021,131124125,3,9,0,2,2,0,0,0,0,2,0,0,0,0,2,1,6,6,3,-1,-1,1598,2,5,VOLKSWAGEN PASSAT,-1,-1,0,-1
2021131062346,2021,131062346,1,9,0,18,19,2,6,0,0,8,0,0,0,0,1,1,6,6,3,-1,-1,1968,2,13,VOLKSWAGEN PASSAT,-1,-1,0,-1
2021041109823,2021,041109823,1,9,0,10,10,5,1,0,0,2,0,0,0,0,1,1,1,1,1,55,8,1968,2,7,VOLKSWAGEN PASSAT,1,E01024875,0,-1
2021010346755,2021,010346755,3,9,0,18,19,3,7,0,0,1,0,0,0,0,2,1,6,6,3,-1,-1,1896,2,13,VOLKSWAGEN PASSAT,-1,-1,0,-1
2021546389121,2021,546389121,2,9,0,4,4,3,7,0,0,0,0,0,0,0,2,1,6,6,1,48,8,1968,2,9,VOLKSWAGEN PASSAT,1,E01003517,0,-1
2021201115998,2021,201115998,2,9,0,18,19,5,1,0,0,8,0,0,0,0,1,1,6,6,1,26,6,1968,2,13,VOLKSWAGEN PASSAT,-1,-1,0,-1
2021302100595,2021,302100595,1,9,0,18,19,8,4,0,0,0,0,0,0,0,1,1,6,6,1,38,7,1968,2,11,VOLKSWAGEN PASSAT,1,E01010832,0,-1
2021131066306,2021,131066306,1,9,0,18,19,1,5,0,0,0,0,4,1,0,4,1,1,1,1,35,6,1968,2,7,VOLKSWAGEN PASSAT,1,E01010653,0,-1
2021010311733,2021,010311733,2,9,0,99,99,9,9,99,99,8,9,99,9,99,2,9,6,6,3,-1,-1,1598,2,5,VOLKSWAGEN PASSAT,-1,-1,0,-1
2021520106014,2021,520106014,2,9,0,18,19,1,5,0,0,8,0,0,0,0,1,1,6,6,1,34,6,1896,2,17,VOLKSWAGEN PASSAT,7,E01029085,0,-1
2021201087916,2021,201087916,1,9,0,18,19,8,4,0,0,8,0,0,0,0,1,1,6,6,1,36,7,1598,2,3,VOLKSWAGEN PASSAT,7,E01010551,0,-1
2021411118712,2021,411118712,1,9,0,12,12,3,7,0,0,0,0,0,0,0,1,1,6,6,1,47,8,1395,8,4,VOLKSWAGEN PASSAT,8,E01017843,0,-1
2021520106295,2021,520106295,1,9,0,18,19,6,2,0,0,8,0,0,0,0,1,1,6,6,1,60,9,1896,2,16,VOLKSWAGEN PASSAT,5,E01032657,0,-1
2021141011293,2021,141011293,2,9,0,18,19,8,4,0,0,1,0,0,0,0,3,1,6,6,3,-1,-1,1968,2,8,VOLKSWAGEN PASSAT,1,E01007949,0,-1
2021141037849,2021,141037849,1,9,0,18,19,1,5,0,0,8,0,4,0,0,3,1,5,6,1,28,6,1896,2,18,VOLKSWAGEN PASSAT,2,E01007770,0,-1
2021010328594,2021,010328594,1,9,0,7,7,1,3,0,0,6,0,0,1,0,1,1,6,6,1,38,7,1896,2,15,VOLKSWAGEN PASSAT,2,E01000057,0,-1
2021070619538,2021,070619538,3,9,0,18,19,6,2,0,0,1,0,0,0,0,1,1,6,6,2,50,8,1598,2,10,VOLKSWAGEN PASSAT,3,E01018461,0,-1
2021052102269,2021,052102269,3,9,0,4,4,7,3,0,0,0,0,0,0,0,2,1,2,2,1,46,8,1395,1,3,VOLKSWAGEN PASSAT,5,E01006687,0,-1
2021421132816,2021,421132816,1,9,0,11,11,5,1,0,0,0,0,0,0,0,3,1,6,6,1,77,11,1968,2,11,VOLKSWAGEN PASSAT,9,E01021661,0,-1
2021201040869,2021,201040869,2,9,0,18,19,3,7,0,0,4,0,0,0,0,3,1,5,6,1,31,6,1968,2,11,VOLKSWAGEN PASSAT,2,E01010019,0,-1
2021440252680,2021,440252680,2,9,0,3,3,7,3,0,0,0,0,0,0,0,2,1,6,6,1,34,6,1896,2,13,VOLKSWAGEN PASSAT,8,E01022502,0,-1
2021522102394,2021,522102394,1,9,0,18,19,1,5,0,0,0,5,4,0,0,1,1,6,6,1,20,4,1968,2,15,VOLKSWAGEN PASSAT,1,E01014589,0,-1
2021141073284,2021,141073284,2,9,0,18,19,5,5,0,0,0,0,0,0,0,2,1,2,2,1,63,9,1968,2,10,VOLKSWAGEN PASSAT,1,E01011667,0,-1
2021052100638,2021,052100638,1,9,0,18,19,7,3,0,0,1,0,0,0,0,1,1,6,6,1,33,6,1968,2,12,VOLKSWAGEN PASSAT,1,E01007013,0,-1
2021471067793,2021,471067793,1,9,0,4,4,6,2,0,0,0,0,0,0,0,2,1,5,6,1,32,6,1598,2,6,VOLKSWAGEN PASSAT,8,E01031694,0,-1
2021010294149,2021,010294149,1,9,0,18,19,1,5,0,0,0,1,0,0,0,1,1,6,6,1,30,6,3597,1,13,VOLKSWAGEN PASSAT,1,E01002071,0,-1
2021041069898,2021,041069898,2,9,0,2,2,1,5,9,9,0,0,0,0,0,2,1,6,6,3,-1,-1,1968,2,14,VOLKSWAGEN PASSAT,-1,-1,0,-1
2021070278059,2021,070278059,1,9,0,9,9,3,7,0,0,1,0,0,0,0,0,1,6,6,1,46,8,1395,8,3,VOLKSWAGEN PASSAT,-1,-1,0,-1
2021440423392,2021,440423392,2,9,0,18,19,6,2,0,0,0,0,0,0,0,2,1,6,6,1,29,6,1598,2,3,VOLKSWAGEN PASSAT,9,E01022494,0,-1
2021501070514,2021,501070514,3,9,0,3,3,3,7,0,0,0,0,0,0,0,2,1,5,6,1,31,6,1968,2,4,VOLKSWAGEN PASSAT,5,E01026409,0,-1
202134WNC4401,2021,34WNC4401,1,9,0,18,19,5,1,0,0,0,0,0,0,0,4,1,6,6,1,43,7,1896,2,17,VOLKSWAGEN PASSAT,8,E01022636,0,-1
2021320400259,2021,320400259,2,9,0,18,19,4,8,0,0,0,1,0,0,0,1,1,6,6,1,30,6,1968,2,12,VOLKSWAGEN PASSAT,9,E01026274,0,-1
2021010300594,2021,010300594,1,8,0,18,19,7,3,0,0,0,0,0,0,0,4,1,6,6,2,38,7,1984,1,16,VOLKSWAGEN PASSAT,-1,-1,0,-1
2021010347992,2021,010347992,1,9,0,4,4,1,5,0,0,1,0,0,0,0,2,1,6,6,2,43,7,1968,2,8,VOLKSWAGEN PASSAT,-1,-1,0,-1
2021041052328,2021,041052328,1,9,0,18,19,5,1,0,0,0,0,0,0,0,1,1,2,2,1,52,8,1896,2,20,VOLKSWAGEN PASSAT,4,E01024896,0,-1
2021131119017,2021,131119017,2,9,0,-1,-1,-1,-1,-1,-1,0,-1,-1,-1,-1,-1,1,5,6,2,40,7,1968,2,9,VOLKSWAGEN PASSAT,2,E01011424,0,-1
2021461050258,2021,461050258,3,9,0,2,2,0,0,0,0,0,0,4,0,0,2,1,5,6,1,59,9,1598,2,4,VOLKSWAGEN PASSAT,8,E01024313,0,-1
2021302100431,2021,302100431,2,9,0,18,19,8,6,0,0,1,0,0,0,0,1,1,6,6,1,35,6,1968,2,5,VOLKSWAGEN PASSAT,4,E01013515,0,-1
2021622100903,2021,622100903,3,9,0,2,2,0,0,0,0,0,0,0,0,0,2,1,6,6,3,-1,-1,1896,2,16,VOLKSWAGEN PASSAT,-1,-1,0,-1
2021451041524,2021,451041524,1,9,0,18,19,5,1,0,0,0,0,0,5,6,3,1,5,6,1,55,8,1800,1,21,VOLKSWAGEN PASSAT,9,E01004155,0,-1
2021401121971,2021,401121971,2,9,0,18,19,6,2,0,0,8,0,0,7,0,1,1,5,6,1,35,6,1896,2,14,VOLKSWAGEN PASSAT,3,E01017562,0,-1
2021010300269,2021,010300269,2,8,0,99,99,9,9,99,99,9,9,99,9,99,1,9,6,6,3,-1,-1,1968,2,7,VOLKSWAGEN PASSAT,-1,-1,0,-1
2021430449068,2021,430449068,1,9,0,18,19,4,8,0,0,1,0,0,0,0,4,1,6,6,1,40,7,1968,2,12,VOLKSWAGEN PASSAT,4,E01016448,0,-1
202163A045521,2021,63A045521,3,9,0,2,2,0,0,0,0,2,0,0,0,0,2,1,6,6,3,-1,-1,1968,2,14,VOLKSWAGEN PASSAT,-1,-1,0,-1
2021141057579,2021,141057579,1,9,0,18,19,6,2,0,0,0,0,0,0,0,1,1,6,6,2,24,5,1968,2,12,VOLKSWAGEN PASSAT,1,E01007627,0,-1
2021201017864,2021,201017864,2,9,0,18,19,6,3,0,0,2,0,10,1,0,1,1,6,6,3,-1,-1,1968,2,10,VOLKSWAGEN PASSAT,-1,-1,0,-1
2021622100109,2021,622100109,1,9,0,18,19,8,4,0,0,0,0,0,2,7,1,1,6,6,1,20,4,1598,2,7,VOLKSWAGEN PASSAT,7,W01001062,0,-1
2021010296773,2021,010296773,2,9,0,18,19,7,3,0,0,0,0,0,0,0,1,1,6,6,1,31,6,1968,2,12,VOLKSWAGEN PASSAT,-1,-1,0,-1
2021440107674,2021,440107674,2,9,0,18,19,4,8,0,0,0,0,0,0,0,1,1,6,6,1,83,11,1984,1,20,VOLKSWAGEN PASSAT,7,E01017197,0,-1
2021351060006,2021,351060006,2,9,0,18,19,7,3,0,0,0,0,0,0,0,4,1,6,6,1,35,6,1598,2,9,VOLKSWAGEN PASSAT,4,E01018100,0,-1
2021531020626,2021,531020626,1,9,0,18,19,-1,-1,0,0,8,0,0,0,0,1,1,6,6,1,28,6,1968,2,1,VOLKSWAGEN PASSAT,8,E01022177,0,-1
2021170M21681,2021,170M21681,2,8,0,9,9,4,4,0,0,8,0,0,0,0,1,1,1,1,1,26,6,1968,2,6,VOLKSWAGEN PASSAT,4,E01012056,0,-1
2021010345588,2021,010345588,1,9,0,5,5,1,5,0,0,0,0,0,0,0,2,1,1,1,1,24,5,1968,2,1,VOLKSWAGEN PASSAT,3,E01002554,0,-1
2021320559876,2021,320559876,2,9,0,17,19,8,4,0,0,1,0,0,0,0,3,1,6,6,1,49,8,1968,2,14,VOLKSWAGEN PASSAT,1,E01026010,0,-1
2021461114394,2021,461114394,1,8,0,18,19,5,1,0,0,2,0,0,0,0,1,1,6,6,2,53,8,1598,2,7,VOLKSWAGEN PASSAT,6,E01024513,0,-1
2021411078066,2021,411078066,2,9,0,1,1,6,2,9,9,6,0,0,0,0,2,1,6,6,1,58,9,1598,2,9,VOLKSWAGEN PASSAT,9,E01023912,0,-1
2021201115776,2021,201115776,2,9,0,10,10,6,4,0,0,1,0,0,0,0,3,1,6,6,1,25,5,1968,2,14,VOLKSWAGEN PASSAT,1,E01009107,0,-1
2021542956521,2021,542956521,2,8,0,18,19,7,3,0,0,3,0,0,0,0,1,1,6,6,1,27,6,1598,2,7,VOLKSWAGEN PASSAT,4,E01015480,0,-1
2021991041218,2021,991041218,2,8,0,18,19,7,3,0,0,2,0,0,3,10,1,1,1,1,1,56,9,1598,2,3,VOLKSWAGEN PASSAT,1,-1,0,-1
2021041016590,2021,041016590,1,9,0,18,19,7,3,0,0,1,0,0,1,5,4,1,2,2,1,46,8,1968,2,15,VOLKSWAGEN PASSAT,1,E01024942,0,-1
2021351102949,2021,351102949,1,9,0,18,19,5,1,0,0,1,0,0,0,0,1,1,6,6,2,47,8,1984,1,14,VOLKSWAGEN PASSAT,9,E01018254,0,-1
2021411025563,2021,411025563,3,9,0,4,4,6,2,0,0,2,0,0,0,0,0,1,6,6,1,52,8,1968,2,5,VOLKSWAGEN PASSAT,10,E01023603,0,-1
2021201073945,2021,201073945,1,9,0,9,9,3,8,0,0,6,0,0,0,0,3,1,6,6,3,-1,-1,1968,2,9,VOLKSWAGEN PASSAT,-1,-1,0,-1
2021501115977,2021,501115977,1,9,4,4,4,1,5,0,0,0,1,0,0,0,1,1,6,6,1,54,8,1896,2,14,VOLKSWAGEN PASSAT,5,E01020072,0,-1
2021161052379,2021,161052379,1,9,0,18,19,6,2,0,0,5,0,0,0,0,1,1,6,6,3,-1,-1,1968,2,10,VOLKSWAGEN PASSAT,-1,-1,0,-1
2021111022564,2021,111022564,1,9,0,9,9,7,3,0,0,0,0,0,0,0,2,1,5,6,1,76,11,1968,2,6,VOLKSWAGEN PASSAT,10,E01020712,0,-1
2021141111558,2021,141111558,1,9,0,11,11,8,4,0,0,8,0,0,0,0,0,1,1,1,1,41,7,1968,2,9,VOLKSWAGEN PASSAT,5,E01007650,0,-1
2021221020390,2021,221020390,1,9,0,4,4,6,2,0,0,0,1,0,0,0,2,1,2,2,1,31,6,1968,2,5,VOLKSWAGEN PASSAT,7,E01032253,0,-1
2021552100682,2021,552100682,2,9,0,18,19,8,4,0,0,8,0,0,0,0,1,1,2,2,2,42,7,1598,2,4,VOLKSWAGEN PASSAT,6,E01020447,0,-1
2021520104760,2021,520104760,1,9,0,5,5,2,6,0,0,1,0,0,0,0,1,1,6,6,1,34,6,1395,8,3,VOLKSWAGEN PASSAT,6,E01032631,0,-1
2021061081772,2021,061081772,1,9,0,-1,-1,-1,-1,-1,-1,0,-1,-1,-1,0,-1,1,6,6,2,33,6,1896,2,14,VOLKSWAGEN PASSAT,1,E01005097,0,-1
2021461058211,2021,461058211,1,9,0,18,19,2,6,0,0,1,0,0,0,0,1,1,6,6,1,36,7,1896,2,18,VOLKSWAGEN PASSAT,7,E01024809,0,-1
2021351025408,2021,351025408,1,8,-1,-1,-1,-1,-1,-1,-1,-1,-1,-1,-1,0,1,1,1,1,1,-1,-1,1968,2,13,VOLKSWAGEN PASSAT,2,E01015634,0,-1
2021622100540,2021,622100540,1,9,0,18,19,8,4,0,0,2,0,0,0,0,1,1,6,6,1,44,7,1986,2,12,VOLKSWAGEN PASSAT,2,W01000940,0,-1
2021061120333,2021,061120333,3,9,0,2,2,0,0,0,0,0,0,4,0,0,2,1,6,6,3,-1,-1,1598,2,9,VOLKSWAGEN PASSAT,-1,-1,0,-1
202131D012921,2021,31D012921,3,9,0,2,2,0,0,0,0,0,0,0,0,0,3,1,6,6,3,-1,-1,1968,2,11,VOLKSWAGEN PASSAT,-1,-1,0,-1
2021141024485,2021,141024485,2,9,0,18,19,1,5,0,0,0,0,0,0,0,2,1,6,6,1,52,8,1598,2,6,VOLKSWAGEN PASSAT,3,E01011786,0,-1
2021211079411,2021,211079411,1,9,0,4,4,4,8,0,0,1,0,0,0,0,1,1,6,6,1,50,8,1968,2,6,VOLKSWAGEN PASSAT,1,E01014275,0,-1
2021131076003,2021,131076003,1,9,0,-1,-1,-1,-1,-1,-1,0,-1,-1,-1,-1,-1,1,6,6,3,-1,-1,1968,2,15,VOLKSWAGEN PASSAT,-1,-1,0,-1
2021010345851,2021,010345851,1,9,0,18,19,1,5,0,0,2,0,0,0,0,1,1,1,1,1,42,7,1395,8,3,VOLKSWAGEN PASSAT,3,E01001203,0,-1
2021361080500,2021,361080500,1,9,0,18,19,4,8,0,0,0,5,7,0,0,1,1,5,6,1,34,6,1968,2,10,VOLKSWAGEN PASSAT,7,E01026801,0,-1
2021141030353,2021,141030353,1,9,0,18,19,8,3,0,0,2,0,0,0,0,1,1,6,6,1,61,9,1986,2,12,VOLKSWAGEN PASSAT,2,E01007539,0,-1
2021522104575,2021,522104575,1,9,0,2,2,0,0,0,0,2,0,0,0,0,3,1,6,6,1,43,7,1968,2,7,VOLKSWAGEN PASSAT,6,E01014591,0,-1
2021302101740,2021,302101740,2,9,0,18,19,4,8,0,0,8,0,0,0,0,2,1,6,6,2,25,5,1968,2,0,VOLKSWAGEN PASSAT,2,E01019403,0,-1
2021141106575,2021,141106575,2,9,0,18,19,1,5,0,0,0,0,0,0,0,1,1,6,6,1,28,6,1968,2,10,VOLKSWAGEN PASSAT,1,E01007529,0,-1
2021010322579,2021,010322579,1,9,0,99,99,9,9,99,99,9,9,99,9,99,1,9,6,6,2,47,8,1968,2,6,VOLKSWAGEN PASSAT,6,E01004583,0,-1
2021501110420,2021,501110420,1,9,0,18,19,1,5,0,0,0,0,0,0,0,1,1,5,6,2,43,7,1968,2,12,VOLKSWAGEN PASSAT,2,E01018836,0,-1
2021221059587,2021,221059587,2,9,0,7,7,1,3,0,0,5,0,0,0,0,1,1,6,6,3,25,5,1968,2,14,VOLKSWAGEN PASSAT,-1,-1,0,-1
2021010294345,2021,010294345,1,9,0,18,19,1,5,0,0,1,0,0,1,0,1,1,6,6,1,62,9,1395,8,4,VOLKSWAGEN PASSAT,3,E01001282,0,-1
2021430228994,2021,430228994,1,9,0,7,7,6,7,0,0,2,0,0,0,0,0,1,6,6,1,-1,-1,1999,1,18,VOLKSWAGEN PASSAT,-1,-1,0,-1
2021320360445,2021,320360445,1,9,0,14,14,7,2,0,0,0,0,0,0,0,3,1,6,6,3,40,7,1968,2,15,VOLKSWAGEN PASSAT,-1,-1,0,-1
2021211113576,2021,211113576,2,9,0,18,19,4,8,0,0,0,0,0,0,0,2,1,6,6,1,61,9,1968,2,4,VOLKSWAGEN PASSAT,9,E01029641,0,-1
2021540982921,2021,540982921,2,9,0,9,9,8,4,0,0,8,0,0,0,0,3,1,1,1,1,50,8,1598,2,7,VOLKSWAGEN PASSAT,1,E01015575,0,-1
2021371032129,2021,371032129,1,9,0,18,19,3,7,0,0,1,0,0,7,11,1,1,5,6,1,57,9,1896,2,17,VOLKSWAGEN PASSAT,5,E01029990,0,-1
2021161028924,2021,161028924,1,8,0,7,7,6,8,0,0,5,0,0,0,0,4,1,6,6,1,-1,-1,1598,2,7,VOLKSWAGEN PASSAT,-1,-1,0,-1
2021201146808,2021,201146808,1,9,0,9,9,1,7,0,0,6,0,0,0,0,1,1,6,6,1,-1,-1,1896,2,15,VOLKSWAGEN PASSAT,-1,-1,0,-1
2021471034796,2021,471034796,4,9,0,18,19,6,2,0,0,1,0,0,0,0,1,1,2,2,2,27,6,1968,2,9,VOLKSWAGEN PASSAT,8,E01031642,0,-1
2021231111868,2021,231111868,1,9,0,9,9,6,4,0,0,6,0,0,1,9,3,1,1,1,2,36,7,1968,2,10,VOLKSWAGEN PASSAT,9,E01031082,0,-1
2021991114324,2021,991114324,1,9,0,5,5,7,4,0,0,3,0,0,0,0,1,1,5,6,1,39,7,1598,2,7,VOLKSWAGEN PASSAT,5,-1,0,-1
2021991088151,2021,991088151,2,8,0,4,4,8,4,0,0,1,0,0,0,0,3,1,1,1,1,45,7,1968,2,5,VOLKSWAGEN PASSAT,2,-1,0,-1
2021041044405,2021,041044405,2,9,0,18,19,7,3,0,0,0,0,0,0,0,1,1,5,6,1,48,8,1896,2,18,VOLKSWAGEN PASSAT,5,E01025212,0,-1
2021302100623,2021,302100623,1,9,0,18,19,4,8,0,0,1,0,0,0,0,3,1,6,6,1,39,7,1968,2,12,VOLKSWAGEN PASSAT,1,E01013566,0,-1
2021010337866,2021,010337866,1,9,0,9,9,5,2,0,0,6,0,0,0,0,3,1,1,1,1,67,10,1968,2,8,VOLKSWAGEN PASSAT,10,E01017822,0,-1
2021201048249,2021,201048249,1,9,0,18,19,8,4,0,0,0,0,10,1,11,1,1,2,2,1,34,6,1968,2,12,VOLKSWAGEN PASSAT,2,E01010086,0,-1
2021522102596,2021,522102596,1,9,0,18,19,5,1,0,0,8,0,0,0,0,1,1,6,6,1,44,7,1896,2,17,VOLKSWAGEN PASSAT,2,E01014390,0,-1
2021101129094,2021,101129094,2,9,0,3,3,1,5,0,0,1,0,0,0,0,1,1,1,1,1,43,7,1968,2,7,VOLKSWAGEN PASSAT,2,E01008330,0,-1
202131D062621,2021,31D062621,1,9,0,9,9,8,6,0,0,6,0,0,0,0,4,1,6,6,1,40,7,1968,2,10,VOLKSWAGEN PASSAT,1,E01005754,0,-1
2021061097330,2021,061097330,1,9,0,7,7,7,1,0,0,1,0,0,3,0,1,1,6,6,1,25,5,1498,1,2,VOLKSWAGEN PASSAT,-1,-1,0,-1
2021010307413,2021,010307413,2,9,0,18,19,5,1,0,0,1,0,0,0,0,1,1,6,6,1,-1,-1,2000,2,13,VOLKSWAGEN PASSAT,6,E01009778,0,-1
2021131079350,2021,131079350,4,9,0,18,19,7,3,0,0,0,0,0,0,0,2,1,6,6,1,46,8,1968,2,9,VOLKSWAGEN PASSAT,3,E01011100,0,-1
2021010308962,2021,010308962,1,9,0,18,19,1,5,0,0,2,0,0,4,0,4,1,6,6,1,27,6,1968,2,14,VOLKSWAGEN PASSAT,4,E01001404,0,-1