collision_index,collision_year,collision_ref_no,vehicle_reference,vehicle_type,towing_and_articulation,vehicle_manoeuvre_historic,vehicle_manoeuvre,vehicle_direction_from,vehicle_direction_to,vehicle_location_restricted_lane_historic,vehicle_location_restricted_lane,junction_location,skidding_and_overturning,hit_object_in_carriageway,vehicle_leaving_carriageway,hit_object_off_carriageway,first_point_of_impact,vehicle_left_hand_drive,journey_purpose_of_driver_historic,journey_purpose_of_driver,sex_of_driver,age_of_driver,age_band_of_driver,engine_capacity_cc,propulsion_code,age_of_vehicle,generic_make_model,driver_imd_decile,lsoa_of_driver,escooter_flag,driver_distance_banding
202154C312921,2021,54C312921,1,9,0,18,19,4,8,0,0,0,0,0,0,0,1,1,6,6,1,49,8,1968,2,13,VOLKSWAGEN PASSAT,3,E01014807,0,-1
2021041114790,2021,041114790,1,9,0,18,19,1,3,0,0,0,0,0,7,1,4,1,6,6,1,91,11,1968,2,12,VOLKSWAGEN PASSAT,4,E01012990,0,-1
2021010301111,2021,010301111,1,9,0,3,3,5,1,0,0,1,0,0,0,0,1,1,6,6,1,42,7,1968,2,9,VOLKSWAGEN PASSAT,6,E01002373,0,-1
2021401059237,2021,401059237,1,9,0,4,4,3,7,0,0,0,0,0,0,0,2,1,6,6,1,41,7,1968,2,13,VOLKSWAGEN PASSAT,2,E01015720,0,-1
2021070846651,2021,070846651,2,9,0,4,4,8,4,0,0,0,0,0,0,0,2,1,2,2,1,30,6,1896,2,14,VOLKSWAGEN PASSAT,1,E01018466,0,-1
2021141103223,2021,141103223,1,9,0,9,9,3,7,0,0,0,0,0,0,0,3,1,6,6,1,37,7,1968,2,7,VOLKSWAGEN PASSAT,1,E01007466,0,-1
2021010344049,2021,010344049,2,9,9,18,19,5,1,99,99,0,9,4,9,0,4,9,6,6,2,73,10,1968,2,12,VOLKSWAGEN PASSAT,5,E01003155,0,-1
2021991040967,2021,991040967,2,9,0,17,19,3,8,0,0,0,0,0,0,0,1,1,2,2,1,50,8,1968,2,3,VOLKSWAGEN PASSAT,4,-1,0,-1
2021161026327,2021,161026327,2,9,0,5,5,5,1,0,0,1,0,0,0,0,1,1,6,6,2,47,8,1968,2,11,VOLKSWAGEN PASSAT,7,E01013224,0,-1
2021401112804,2021,401112804,1,9,0,18,19,4,8,0,0,0,0,0,0,0,1,1,5,6,3,-1,-1,1896,2,20,VOLKSWAGEN PASSAT,-1,-1,0,-1
2021361046424,2021,361046424,2,9,0,18,19,7,3,0,0,0,0,0,0,0,1,1,5,6,2,43,7,1896,2,18,VOLKSWAGEN PASSAT,5,E01026523,0,-1
2021401035974,2021,401035974,1,8,0,11,11,1,5,0,0,0,0,0,0,0,1,1,5,6,1,38,7,1968,2,8,VOLKSWAGEN PASSAT,3,E01015728,0,-1
2021010332521,2021,010332521,1,9,0,5,5,1,5,0,0,1,0,11,1,11,1,1,4,7,1,35,6,1984,1,15,VOLKSWAGEN PASSAT,-1,-1,0,-1
2021061041555,2021,061041555,2,9,0,18,19,3,7,0,0,1,0,0,0,0,1,1,6,6,3,30,6,1896,2,18,VOLKSWAGEN PASSAT,-1,-1,0,-1
2021461128374,2021,461128374,2,9,0,2,2,0,0,0,0,2,0,0,0,0,2,1,6,6,3,-1,-1,1968,2,13,VOLKSWAGEN PASSAT,-1,-1,0,-1
2021991119026,2021,991119026,1,9,0,18,19,3,7,0,0,1,1,0,0,0,2,1,2,2,1,45,7,1984,1,15,VOLKSWAGEN PASSAT,-1,-1,0,-1
2021131049375,2021,131049375,2,8,0,18,19,3,7,0,0,8,0,0,0,0,3,1,1,1,1,34,6,1968,2,11,VOLKSWAGEN PASSAT,5,E01011924,0,-1
2021201078285,2021,201078285,2,9,0,3,3,7,3,0,0,0,0,0,0,0,2,1,6,6,1,41,7,1968,2,6,VOLKSWAGEN PASSAT,3,E01010321,0,-1
2021302101497,2021,302101497,1,9,0,16,19,8,2,0,0,0,5,7,1,2,4,1,6,6,2,22,5,1968,2,7,VOLKSWAGEN PASSAT,1,E01013567,0,-1
2021440269613,2021,440269613,1,9,0,4,4,2,6,0,0,0,0,0,0,0,1,1,6,6,2,55,8,1968,2,8,VOLKSWAGEN PASSAT,8,E01023286,0,-1
202163C038221,2021,63C038221,1,9,0,18,19,5,1,0,0,8,0,0,0,0,1,1,1,1,1,30,6,1968,2,5,VOLKSWAGEN PASSAT,8,W01001252,0,-1
2021010313229,2021,010313229,1,9,0,18,19,3,7,0,0,1,0,0,0,0,4,1,1,1,1,60,9,1968,2,5,VOLKSWAGEN PASSAT,10,E01001456,0,-1
2021061069554,2021,061069554,3,9,0,18,19,1,5,0,0,0,0,0,0,0,2,1,6,6,1,35,6,1896,2,18,VOLKSWAGEN PASSAT,6,E01006234,0,-1
2021101067927,2021,101067927,1,9,0,4,4,7,3,0,0,1,0,0,0,0,1,1,6,6,3,-1,-1,1968,2,14,VOLKSWAGEN PASSAT,-1,-1,0,-1
2021101016795,2021,101016795,3,8,0,7,7,3,1,0,0,1,0,0,0,0,2,1,1,1,1,51,8,1968,2,6,VOLKSWAGEN PASSAT,10,E01008264,0,-1
2021421107370,2021,421107370,2,9,0,2,2,0,0,0,0,0,0,0,0,0,3,1,6,6,3,-1,-1,1968,2,4,VOLKSWAGEN PASSAT,-1,-1,0,-1
2021201058754,2021,201058754,2,9,0,18,19,3,7,0,0,0,0,0,0,0,1,1,6,6,1,28,6,1968,2,11,VOLKSWAGEN PASSAT,1,E01009485,0,-1
2021991126333,2021,991126333,1,9,0,15,15,7,3,0,0,0,0,4,0,0,4,1,6,6,2,41,7,1968,2,13,VOLKSWAGEN PASSAT,1,-1,0,-1
2021552100911,2021,552100911,1,8,0,5,5,6,2,8,6,0,0,0,0,0,1,1,1,1,1,44,7,1968,2,7,VOLKSWAGEN PASSAT,7,E01015330,0,-1
2021010295858,2021,010295858,2,8,0,18,19,5,1,0,0,1,0,0,0,0,4,1,1,1,1,25,5,1968,2,5,VOLKSWAGEN PASSAT,5,E01003681,0,-1
2021010287743,2021,010287743,2,9,0,2,2,0,0,0,0,2,0,0,0,0,2,1,6,6,3,-1,-1,1968,2,4,VOLKSWAGEN PASSAT,-1,-1,0,-1
2021052102244,2021,052102244,3,8,0,18,19,6,2,0,0,0,0,0,0,0,2,1,1,1,3,-1,-1,1968,2,6,VOLKSWAGEN PASSAT,-1,-1,0,-1
2021421091347,2021,421091347,2,9,0,16,19,1,5,0,0,0,0,0,0,0,3,1,1,1,1,56,9,1968,2,10,VOLKSWAGEN PASSAT,4,E01021808,0,-1
2021010290655,2021,010290655,2,9,0,18,19,5,1,0,0,9,0,99,0,0,9,1,6,6,1,-1,-1,1798,1,12,VOLKSWAGEN PASSAT,3,E01000392,0,-1
2021031023971,2021,031023971,1,9,0,18,19,1,5,0,0,0,0,0,0,0,2,1,5,6,1,64,9,1968,2,9,VOLKSWAGEN PASSAT,1,E01019112,0,-1
2021501118049,2021,501118049,4,9,0,2,2,0,0,0,0,1,0,0,0,0,4,1,6,6,1,42,7,1968,2,12,VOLKSWAGEN PASSAT,1,E01015151,0,-1
2021010345593,2021,010345593,1,9,0,18,19,3,7,0,0,1,0,0,1,10,1,1,6,6,1,28,6,1968,2,9,VOLKSWAGEN PASSAT,5,E01000302,0,-1
2021421067791,2021,421067791,1,9,0,9,9,1,5,0,0,1,0,0,0,0,1,1,2,2,1,33,6,1968,2,12,VOLKSWAGEN PASSAT,-1,-1,0,-1
2021991112501,2021,991112501,1,8,0,18,19,5,2,0,0,0,0,0,0,0,3,1,1,1,1,51,8,1968,2,4,VOLKSWAGEN PASSAT,3,-1,0,-1
2021170H11041,2021,170H11041,2,9,0,4,4,8,4,0,0,0,0,0,0,0,2,1,6,6,1,27,6,1968,2,15,VOLKSWAGEN PASSAT,6,E01020776,0,-1
2021061028061,2021,061028061,1,9,0,7,7,1,3,0,0,1,1,0,1,0,2,1,5,6,1,26,6,1968,2,6,VOLKSWAGEN PASSAT,1,E01006734,0,-1
2021061097774,2021,061097774,2,9,0,18,19,1,5,0,0,0,0,0,0,0,2,1,6,6,3,30,6,1968,2,5,VOLKSWAGEN PASSAT,7,E01006884,0,-1
2021461035401,2021,461035401,2,9,0,10,10,5,3,0,0,1,0,0,0,0,2,1,6,6,2,29,6,1896,2,14,VOLKSWAGEN PASSAT,5,E01024191,0,-1
202131D090721,2021,31D090721,2,9,0,3,3,6,2,0,0,1,0,0,0,0,2,1,6,6,2,67,10,1395,8,3,VOLKSWAGEN PASSAT,10,E01028123,0,-1
2021552101302,2021,552101302,1,9,0,18,19,6,2,0,0,0,0,0,0,0,3,1,6,6,1,42,7,1395,8,4,VOLKSWAGEN PASSAT,9,E01020352,0,-1
2021991029616,2021,991029616,1,9,0,18,19,2,6,0,0,0,0,0,0,0,1,1,5,6,1,54,8,1968,2,5,VOLKSWAGEN PASSAT,5,-1,0,-1
2021111063994,2021,111063994,1,9,0,18,19,3,7,9,9,2,0,10,1,10,3,1,5,6,1,21,5,1968,2,10,VOLKSWAGEN PASSAT,2,E01020806,0,-1
2021201104552,2021,201104552,1,9,0,4,4,1,5,0,0,0,0,0,0,0,2,1,6,6,1,41,7,1896,2,14,VOLKSWAGEN PASSAT,2,E01009833,0,-1
2021231105485,2021,231105485,1,9,0,18,19,1,5,0,0,0,0,0,0,0,1,1,5,6,2,52,8,1968,2,4,VOLKSWAGEN PASSAT,6,E01028943,0,-1
2021010333424,2021,010333424,2,9,0,18,19,1,5,0,0,2,0,0,0,0,1,1,2,2,1,38,7,1896,2,16,VOLKSWAGEN PASSAT,4,E01000997,0,-1
2021101044270,2021,101044270,2,9,0,18,19,5,1,0,0,8,0,0,0,0,4,1,1,1,1,40,7,1896,2,17,VOLKSWAGEN PASSAT,10,E01008322,0,-1
2021131038926,2021,131038926,1,9,0,6,6,7,3,0,0,0,0,0,7,0,3,1,1,1,1,56,9,1968,2,7,VOLKSWAGEN PASSAT,5,E01010788,0,-1
20211382O0867,2021,1382O0867,2,9,0,8,8,1,7,0,0,6,0,0,0,0,3,1,6,6,1,71,10,1968,2,14,VOLKSWAGEN PASSAT,1,E01011312,0,-1
2021201108705,2021,201108705,2,9,0,18,19,6,2,0,0,8,0,0,0,0,4,1,1,1,1,29,6,1968,2,10,VOLKSWAGEN PASSAT,9,E01010328,0,-1
2021141080935,2021,141080935,1,9,0,-1,-1,-1,-1,-1,-1,0,-1,-1,-1,0,1,1,6,6,3,-1,-1,1896,2,16,VOLKSWAGEN PASSAT,-1,-1,0,-1
2021101093138,2021,101093138,2,9,0,18,19,1,4,0,0,8,0,0,0,0,3,1,1,1,1,37,7,1598,2,7,VOLKSWAGEN PASSAT,2,E01008221,0,-1
2021061054503,2021,061054503,2,9,0,18,19,3,7,0,0,1,0,0,0,0,1,1,6,6,1,40,7,1968,2,13,VOLKSWAGEN PASSAT,1,E01004859,0,-1
2021520103593,2021,520103593,2,9,0,18,19,5,1,0,0,0,0,0,0,0,1,1,6,6,1,39,7,1896,2,14,VOLKSWAGEN PASSAT,-1,-1,0,-1
2021520105138,2021,520105138,1,9,0,7,7,7,1,0,0,6,0,0,0,0,1,1,1,1,1,37,7,1968,2,11,VOLKSWAGEN PASSAT,3,E01032094,0,-1
2021401180599,2021,401180599,2,9,0,9,9,2,8,0,0,3,0,0,0,0,4,1,5,6,2,53,8,1598,2,9,VOLKSWAGEN PASSAT,8,E01007712,0,-1
2021461033911,2021,461033911,2,8,0,4,4,6,2,0,0,0,0,0,0,0,2,1,1,1,1,57,9,1968,2,7,VOLKSWAGEN PASSAT,6,E01016506,0,-1
202131C189021,2021,31C189021,2,9,0,18,19,2,6,0,0,8,0,0,0,0,1,1,6,6,1,51,8,1968,2,7,VOLKSWAGEN PASSAT,1,E01013811,0,-1
2021010348843,2021,010348843,1,9,0,7,7,5,7,0,0,1,1,0,0,0,1,1,6,6,2,57,9,1395,1,4,VOLKSWAGEN PASSAT,5,E01002410,0,-1
2021501121080,2021,501121080,2,9,0,18,19,1,5,0,0,8,0,4,0,0,1,1,6,6,3,-1,-1,1896,2,17,VOLKSWAGEN PASSAT,-1,-1,0,-1
2021010339933,2021,010339933,1,9,9,99,99,9,9,0,0,9,9,99,9,99,9,9,2,2,1,34,6,1598,2,6,VOLKSWAGEN PASSAT,1,E01001431,0,-1
202163C042921,2021,63C042921,2,9,0,18,19,2,6,0,0,0,0,0,0,0,1,1,1,1,1,61,9,1968,2,13,VOLKSWAGEN PASSAT,1,W01000592,0,-1
2021111092605,2021,111092605,2,9,0,18,19,4,1,0,0,0,0,0,0,0,2,1,2,2,1,45,7,1968,2,3,VOLKSWAGEN PASSAT,3,E01020769,0,-1
2021010304698,2021,010304698,2,9,9,18,19,7,3,99,99,0,9,99,9,99,2,9,6,6,1,40,7,1968,2,10,VOLKSWAGEN PASSAT,4,E01003684,0,-1
2021991014611,2021,991014611,1,8,0,18,19,8,4,0,0,0,0,0,0,0,1,1,1,1,1,34,6,1968,2,6,VOLKSWAGEN PASSAT,2,-1,0,-1
2021221087335,2021,221087335,1,9,0,18,19,8,3,0,0,4,0,0,0,0,1,1,5,6,1,39,7,1968,2,12,VOLKSWAGEN PASSAT,8,E01009904,0,-1
2021010306617,2021,010306617,2,9,0,18,19,5,1,0,0,0,0,0,0,0,2,1,6,6,1,37,7,1968,2,10,VOLKSWAGEN PASSAT,7,E01002944,0,-1
2021991032514,2021,991032514,2,8,0,18,19,4,1,0,0,1,0,0,0,0,4,1,1,1,1,31,6,1598,2,4,VOLKSWAGEN PASSAT,9,-1,0,-1
20211383D1440,2021,1383D1440,2,9,0,18,19,7,3,0,0,1,0,0,0,0,3,1,6,6,1,27,6,1968,2,11,VOLKSWAGEN PASSAT,2,E01010792,0,-1
2021991119065,2021,991119065,1,9,0,13,13,4,8,0,0,0,1,0,0,0,3,1,5,6,1,45,7,1968,2,4,VOLKSWAGEN PASSAT,6,E01010578,0,-1
2021371147153,2021,371147153,2,9,0,3,3,7,3,0,0,1,0,0,0,0,2,1,5,6,1,44,7,1968,2,13,VOLKSWAGEN PASSAT,5,E01030187,0,-1
2021131048130,2021,131048130,2,9,0,11,11,1,1,0,0,0,0,0,0,0,4,1,2,2,1,47,8,1968,2,13,VOLKSWAGEN PASSAT,1,E01010800,0,-1
2021471116291,2021,471116291,2,9,0,3,3,3,1,0,0,1,0,0,0,0,2,1,5,6,2,66,10,1968,2,10,VOLKSWAGEN PASSAT,7,E01021063,0,-1
2021201034088,2021,201034088,1,9,0,7,7,4,6,0,0,6,1,0,0,0,1,1,6,6,1,43,7,1968,2,15,VOLKSWAGEN PASSAT,3,E01010427,0,-1
2021461082803,2021,461082803,3,9,0,18,19,7,3,0,0,0,0,0,0,0,3,1,5,6,1,30,6,1598,2,5,VOLKSWAGEN PASSAT,6,E01024401,0,-1
2021201115732,2021,201115732,2,9,0,4,4,4,8,0,0,1,0,0,0,0,3,1,5,6,1,31,6,1598,2,6,VOLKSWAGEN PASSAT,3,E01008988,0,-1
2021101029086,2021,101029086,1,9,0,18,19,1,5,0,0,0,0,0,0,0,1,1,6,6,1,47,8,1968,2,13,VOLKSWAGEN PASSAT,5,E01008265,0,-1
2021501104889,2021,501104889,2,9,0,18,19,4,8,0,0,8,0,0,0,0,4,1,6,6,2,43,7,1968,2,2,VOLKSWAGEN PASSAT,5,E01018945,0,-1
2021231014931,2021,231014931,3,9,0,2,2,0,0,0,0,0,0,0,0,0,3,1,5,6,1,46,8,1968,2,14,VOLKSWAGEN PASSAT,1,E01031043,0,-1
2021061091124,2021,061091124,2,9,0,18,19,4,8,0,0,1,0,0,0,0,3,1,6,6,3,30,6,1896,2,15,VOLKSWAGEN PASSAT,-1,-1,0,-1
2021141094068,2021,141094068,3,9,0,5,5,3,7,0,0,0,0,0,0,0,2,1,6,6,1,46,8,1968,2,14,VOLKSWAGEN PASSAT,1,E01007338,0,-1
2021010320509,2021,010320509,2,9,0,99,99,9,9,99,99,9,9,99,9,99,9,9,6,6,3,-1,-1,1968,2,11,VOLKSWAGEN PASSAT,4,E01001139,0,-1
2021031018331,2021,031018331,3,9,0,18,19,3,7,0,0,0,0,0,0,0,1,1,5,6,1,44,7,1968,2,10,VOLKSWAGEN PASSAT,8,E01019367,0,-1
2021430279873,2021,430279873,2,9,0,18,19,3,7,0,0,1,5,0,0,0,4,1,6,6,2,68,10,1968,2,9,VOLKSWAGEN PASSAT,8,E01028630,0,-1
2021991058481,2021,991058481,2,9,0,4,4,6,2,0,0,1,0,0,0,0,1,1,5,6,1,59,9,1968,2,10,VOLKSWAGEN PASSAT,3,-1,0,-1
2021010330154,2021,010330154,1,9,0,11,11,3,7,0,0,0,0,0,0,0,4,1,6,6,1,68,10,1896,2,16,VOLKSWAGEN PASSAT,-1,-1,0,-1
2021061105526,2021,061105526,2,8,0,9,9,1,6,0,0,1,0,0,0,0,1,1,5,6,1,39,7,1598,2,9,VOLKSWAGEN PASSAT,7,E01005869,0,-1
2021501085530,2021,501085530,1,9,0,7,7,5,7,0,0,0,0,0,1,2,1,1,6,6,1,24,5,1968,2,12,VOLKSWAGEN PASSAT,7,E01014520,0,-1
2021211109799,2021,211109799,1,9,0,9,9,2,6,0,0,8,0,0,0,0,4,1,1,1,1,29,6,1968,2,10,VOLKSWAGEN PASSAT,1,E01014305,0,-1
2021221120270,2021,221120270,1,9,0,5,5,1,5,0,0,6,0,0,0,0,4,1,5,6,1,57,9,1598,2,6,VOLKSWAGEN PASSAT,8,E01032171,0,-1
2021211039300,2021,211039300,1,9,0,5,5,2,5,0,0,8,0,0,0,0,1,1,1,1,2,54,8,1968,2,15,VOLKSWAGEN PASSAT,7,E01029530,0,-1
2021991079485,2021,991079485,2,9,0,18,19,3,7,0,0,0,0,0,0,0,3,1,5,6,1,38,7,1598,2,10,VOLKSWAGEN PASSAT,4,-1,0,-1
2021991116194,2021,991116194,2,9,0,13,13,8,3,0,0,0,0,0,7,0,1,1,1,1,1,66,10,1598,2,8,VOLKSWAGEN PASSAT,10,-1,0,-1
2021141074790,2021,141074790,1,9,0,18,19,1,5,0,0,0,0,0,0,0,1,1,5,6,1,61,9,1896,2,17,VOLKSWAGEN PASSAT,4,E01007353,0,-1
2021546408921,2021,546408921,2,9,0,4,4,1,5,0,0,1,0,0,0,0,2,1,6,6,1,50,8,1968,2,2,VOLKSWAGEN PASSAT,7,E01015581,0,-1
2021542560321,2021,542560321,2,9,0,2,2,0,0,0,0,2,0,0,0,0,1,1,6,6,1,46,8,1598,2,9,VOLKSWAGEN PASSAT,1,E01015575,0,-1
2021430514256,2021,430514256,3,9,0,2,2,0,0,-1,-1,2,0,0,0,0,2,1,6,6,2,24,5,1598,2,8,VOLKSWAGEN PASSAT,2,E01016415,0,-1
2021221081007,2021,221081007,3,9,0,18,19,1,5,0,0,2,0,0,0,0,0,1,5,6,2,44,7,1598,2,5,VOLKSWAGEN PASSAT,1,E01032424,0,-1
2021351014554,2021,351014554,1,8,0,18,19,5,1,0,0,1,0,0,0,0,1,1,6,6,1,-1,-1,1968,2,7,VOLKSWAGEN PASSAT,5,E01015651,0,-1
2021401017890,2021,401017890,1,9,0,18,19,3,7,0,0,8,0,0,0,0,1,1,1,1,1,50,8,1968,2,6,VOLKSWAGEN PASSAT,5,E01015746,0,-1
2021131098652,2021,131098652,2,9,0,18,19,7,3,0,0,0,0,0,0,0,2,1,5,6,1,38,7,1896,2,16,VOLKSWAGEN PASSAT,3,E01010825,0,-1
2021010336726,2021,010336726,1,9,0,6,6,7,7,0,0,0,0,0,0,0,3,1,6,6,1,53,8,1968,2,11,VOLKSWAGEN PASSAT,3,E01003201,0,-1
2021041083995,2021,041083995,1,9,0,18,19,4,2,0,0,0,0,0,0,0,1,1,6,6,3,-1,-1,1896,2,13,VOLKSWAGEN PASSAT,-1,-1,0,-1
2021440271210,2021,440271210,2,9,0,9,9,3,1,0,0,5,0,0,0,0,4,1,6,6,1,-1,-1,1968,2,13,VOLKSWAGEN PASSAT,-1,-1,0,-1
2021430388877,2021,430388877,1,9,0,9,9,7,2,0,0,8,0,0,0,0,4,1,6,6,1,-1,-1,1896,2,18,VOLKSWAGEN PASSAT,-1,-1,0,-1
2021451051897,2021,451051897,1,9,0,18,19,1,5,0,0,0,0,0,0,0,3,1,5,6,1,55,8,1781,1,23,VOLKSWAGEN PASSAT,10,E01030790,0,-1
2021421051493,2021,421051493,2,9,0,18,19,6,1,0,0,0,0,0,0,0,2,1,5,6,2,36,7,1968,2,7,VOLKSWAGEN PASSAT,10,E01000425,0,-1
2021010317044,2021,010317044,3,9,0,5,5,7,3,0,0,0,0,0,0,0,2,1,6,6,1,54,8,1968,2,4,VOLKSWAGEN PASSAT,3,E01018090,0,-1
2021131106851,2021,131106851,1,9,0,4,4,5,1,0,0,0,0,0,0,0,2,1,5,6,1,27,6,1598,2,7,VOLKSWAGEN PASSAT,6,E01011830,0,-1
2021522100634,2021,522100634,1,9,0,18,19,1,5,0,0,0,0,0,0,9,4,1,6,6,1,43,7,1968,2,7,VOLKSWAGEN PASSAT,-1,-1,0,-1
2021141063976,2021,141063976,3,9,0,2,2,0,0,9,9,0,0,0,0,0,3,1,6,6,3,-1,-1,1968,2,7,VOLKSWAGEN PASSAT,-1,-1,0,-1
2021531126251,2021,531126251,1,9,0,18,19,5,1,0,0,0,0,0,0,0,2,1,5,6,1,49,8,1968,2,6,VOLKSWAGEN PASSAT,6,E01022380,0,-1
2021471055753,2021,471055753,1,9,0,18,19,4,8,0,0,8,0,0,0,0,1,1,5,6,1,20,4,1984,1,15,VOLKSWAGEN PASSAT,4,E01031453,0,-1
2021010328119,2021,010328119,1,9,0,8,8,7,2,0,0,1,0,0,0,0,1,1,6,6,1,45,7,1968,2,15,VOLKSWAGEN PASSAT,4,E01003782,0,-1
2021522200057,2021,522200057,1,9,0,18,19,7,3,0,0,8,0,0,7,1,1,1,6,6,1,27,6,1395,1,3,VOLKSWAGEN PASSAT,3,E01014942,0,-1
2021991016357,2021,991016357,1,9,0,18,19,5,1,0,0,0,0,0,0,0,1,1,2,2,1,61,9,1598,2,4,VOLKSWAGEN PASSAT,2,-1,0,-1
2021061078628,2021,061078628,2,9,0,18,19,5,1,0,0,1,0,0,0,0,1,1,6,6,1,45,7,1968,2,15,VOLKSWAGEN PASSAT,2,E01005958,0,-1
2021131098614,2021,131098614,1,9,0,9,9,7,3,0,0,5,0,0,0,0,1,1,5,6,1,57,9,1598,2,12,VOLKSWAGEN PASSAT,1,E01010677,0,-1
2021010297432,2021,010297432,2,9,0,18,19,5,1,0,0,8,0,0,0,0,1,1,6,6,1,39,7,1968,2,3,VOLKSWAGEN PASSAT,-1,-1,0,-1
2021430088834,2021,430088834,1,9,0,11,11,5,1,0,0,0,1,0,1,7,2,1,6,6,1,40,7,1968,2,13,VOLKSWAGEN PASSAT,-1,-1,0,-1
2021101126057,2021,101126057,1,9,0,4,4,6,2,0,0,1,0,0,0,0,1,1,6,6,1,54,8,1896,2,16,VOLKSWAGEN PASSAT,4,E01008654,0,-1
2021061110047,2021,061110047,2,9,0,18,19,6,4,0,0,1,0,0,0,0,2,1,2,2,2,30,6,1896,2,18,VOLKSWAGEN PASSAT,6,E01005831,0,-1
2021201065512,2021,201065512,3,9,0,2,2,0,0,9,9,1,0,0,0,0,3,1,6,6,2,34,6,1968,2,14,VOLKSWAGEN PASSAT,1,E01009566,0,-1
2021131052585,2021,131052585,1,9,0,9,9,6,3,0,0,8,-1,-1,-1,-1,1,1,6,6,3,-1,-1,1968,2,10,VOLKSWAGEN PASSAT,-1,-1,0,-1
2021010328196,2021,010328196,2,9,0,2,2,0,0,0,0,8,0,0,0,0,2,1,6,6,3,-1,-1,1896,2,16,VOLKSWAGEN PASSAT,-1,-1,0,-1
2021401119649,2021,401119649,2,9,-1,3,3,8,4,0,0,0,0,0,0,0,2,1,5,6,1,42,7,1968,2,5,VOLKSWAGEN PASSAT,8,E01017561,0,-1
2021201030131,2021,201030131,2,9,0,18,19,5,1,0,0,8,0,10,7,11,4,1,6,6,3,43,7,1968,2,13,VOLKSWAGEN PASSAT,1,E01008976,0,-1
2021041100236,2021,041100236,2,9,0,18,19,7,3,0,0,3,0,0,0,0,1,1,2,2,1,23,5,1598,2,10,VOLKSWAGEN PASSAT,1,E01025182,0,-1
2021610045621,2021,610045621,1,9,0,18,19,4,8,0,0,0,1,10,8,11,1,1,6,6,1,21,5,1968,2,12,VOLKSWAGEN PASSAT,1,W01001376,0,-1
2021351061517,2021,351061517,1,9,0,4,4,1,6,0,0,2,0,0,0,0,1,1,1,1,1,56,9,1968,2,6,VOLKSWAGEN PASSAT,7,E01018243,0,-1
2021201111115,2021,201111115,1,9,0,18,19,6,2,0,0,0,0,4,0,0,1,1,6,6,1,35,6,1968,2,13,VOLKSWAGEN PASSAT,3,E01010070,0,-1
2021401088438,2021,401088438,2,9,0,18,19,8,4,0,0,0,0,0,0,0,1,1,6,6,1,84,11,1968,2,8,VOLKSWAGEN PASSAT,9,E01016799,0,-1
2021141069632,2021,141069632,1,9,0,5,5,4,2,0,0,2,0,0,0,0,1,1,5,6,1,20,4,1598,2,7,VOLKSWAGEN PASSAT,5,E01007644,0,-1
2021201116603,2021,201116603,2,9,0,2,2,0,0,0,0,1,0,0,0,0,2,1,6,6,2,42,7,1968,2,13,VOLKSWAGEN PASSAT,4,E01009011,0,-1
2021471100333,2021,471100333,1,9,0,7,7,1,3,0,0,2,0,0,0,0,1,1,6,6,1,54,8,1968,2,10,VOLKSWAGEN PASSAT,7,E01021108,0,-1
2021361156066,2021,361156066,1,9,0,4,4,2,6,0,0,0,0,0,0,0,3,1,5,6,1,45,7,1968,2,11,VOLKSWAGEN PASSAT,5,E01026766,0,-1
2021430208915,2021,430208915,2,9,0,18,19,8,4,0,0,1,0,0,0,0,2,1,6,6,1,41,7,1968,2,9,VOLKSWAGEN PASSAT,5,E01016502,0,-1
2021138281704,2021,138281704,1,9,0,9,9,6,1,0,0,1,0,0,0,0,4,1,6,6,1,53,8,1968,2,9,VOLKSWAGEN PASSAT,3,E01011240,0,-1
2021552100500,2021,552100500,1,9,0,18,19,7,3,0,0,8,0,0,0,0,1,1,6,6,1,19,4,1968,2,10,VOLKSWAGEN PASSAT,9,E01015431,0,-1
2021201140857,2021,201140857,2,9,0,18,19,2,6,0,0,8,1,0,0,0,1,1,6,6,1,33,6,1968,2,16,VOLKSWAGEN PASSAT,2,E01010406,0,-1
2021471048381,2021,471048381,1,9,0,5,5,7,3,0,0,2,0,0,0,0,4,1,5,6,1,69,10,1968,2,4,VOLKSWAGEN PASSAT,5,E01021116,0,-1
2021010325578,2021,010325578,1,9,0,4,4,3,7,0,0,1,0,11,0,0,1,1,6,6,1,-1,-1,1968,2,15,VOLKSWAGEN PASSAT,2,E01004264,0,-1
2021010311808,2021,010311808,1,8,0,18,19,1,5,0,0,0,0,0,0,0,4,1,1,1,1,62,9,1598,2,4,VOLKSWAGEN PASSAT,4,E01004401,0,-1
2021991030513,2021,991030513,1,9,0,15,15,2,8,0,0,4,0,0,0,0,1,1,2,2,1,54,8,1896,2,17,VOLKSWAGEN PASSAT,3,-1,0,-1
2021170S11591,2021,170S11591,1,9,0,18,19,8,4,0,0,1,0,0,0,0,1,1,6,6,2,32,6,1968,2,12,VOLKSWAGEN PASSAT,2,E01012217,0,-1
2021111026053,2021,111026053,1,9,0,18,19,1,5,0,0,0,0,0,7,11,1,1,6,6,3,-1,-1,1896,2,19,VOLKSWAGEN PASSAT,-1,-1,0,-1
2021471033428,2021,471033428,1,9,0,5,5,1,3,0,0,1,0,0,0,0,1,2,6,6,1,42,7,1896,2,19,VOLKSWAGEN PASSAT,6,E01031687,0,-1
2021131103560,2021,131103560,1,9,0,-1,-1,-1,-1,-1,-1,-1,-1,-1,-1,-1,-1,1,6,6,3,-1,-1,1968,2,7,VOLKSWAGEN PASSAT,-1,-1,0,-1
2021131050710,2021,131050710,1,9,0,6,6,3,6,0,0,0,0,0,0,0,3,1,5,6,1,56,9,1968,2,11,VOLKSWAGEN PASSAT,1,E01010677,0,-1
2021010339007,2021,010339007,1,9,0,7,7,1,3,4,4,5,0,0,1,0,1,1,6,6,2,49,8,1968,2,16,VOLKSWAGEN PASSAT,3,E01001282,0,-1