collision_index,collision_year,collision_ref_no,vehicle_reference,vehicle_type,towing_and_articulation,vehicle_manoeuvre_historic,vehicle_manoeuvre,vehicle_direction_from,vehicle_direction_to,vehicle_location_restricted_lane_historic,vehicle_location_restricted_lane,junction_location,skidding_and_overturning,hit_object_in_carriageway,vehicle_leaving_carriageway,hit_object_off_carriageway,first_point_of_impact,vehicle_left_hand_drive,journey_purpose_of_driver_historic,journey_purpose_of_driver,sex_of_driver,age_of_driver,age_band_of_driver,engine_capacity_cc,propulsion_code,age_of_vehicle,generic_make_model,driver_imd_decile,lsoa_of_driver,escooter_flag,driver_distance_banding
2021461080945,2021,461080945,1,9,0,18,19,2,6,0,0,0,0,0,0,0,1,1,1,1,1,26,6,1968,2,13,VOLKSWAGEN PASSAT,1,E01024658,0,-1
2021461078640,2021,461078640,1,9,0,18,19,3,7,0,0,0,0,0,1,0,1,1,6,6,1,37,7,1968,2,9,VOLKSWAGEN PASSAT,9,E01016112,0,-1
2021010298286,2021,010298286,1,9,0,18,19,1,5,0,0,1,0,0,0,0,1,1,3,7,1,49,8,2000,2,15,VOLKSWAGEN PASSAT,4,E01033725,0,-1
2021991091157,2021,991091157,1,9,0,11,11,7,3,2,2,1,0,0,0,0,4,1,6,6,1,61,9,1986,2,12,VOLKSWAGEN PASSAT,10,-1,0,-1
2021161122014,2021,161122014,3,9,0,18,19,1,5,0,0,0,0,1,0,0,1,1,5,6,1,40,7,1968,2,9,VOLKSWAGEN PASSAT,1,E01007509,0,-1
2021010319805,2021,010319805,1,9,0,5,5,4,8,0,0,4,0,0,0,0,4,1,6,6,1,27,6,1598,2,7,VOLKSWAGEN PASSAT,5,E01002184,0,-1
2021010290670,2021,010290670,1,9,9,99,99,9,9,99,99,0,9,99,9,99,9,9,6,6,3,-1,-1,1896,2,17,VOLKSWAGEN PASSAT,3,E01000062,0,-1
2021101060494,2021,101060494,2,9,0,18,19,2,6,0,0,1,0,0,0,0,2,1,5,6,1,51,8,1598,2,3,VOLKSWAGEN PASSAT,-1,-1,0,-1
2021991052382,2021,991052382,1,9,0,18,19,1,5,0,0,1,0,0,7,0,1,1,6,6,1,57,9,1968,2,9,VOLKSWAGEN PASSAT,7,-1,0,-1
2021221045157,2021,221045157,2,9,0,9,9,7,4,0,0,5,1,0,0,0,3,1,5,6,1,34,6,1896,2,19,VOLKSWAGEN PASSAT,10,E01032419,0,-1
2021041031824,2021,041031824,1,9,0,18,19,3,7,0,0,8,0,0,0,0,4,1,1,1,1,35,6,1968,2,15,VOLKSWAGEN PASSAT,3,E01012708,0,-1
2021522103767,2021,522103767,1,9,0,18,19,7,3,0,0,0,0,0,0,0,1,1,6,6,1,79,11,1968,2,1,VOLKSWAGEN PASSAT,9,E01014998,0,-1
2021131081729,2021,131081729,2,9,0,2,2,5,5,0,0,0,0,0,1,0,1,1,6,6,3,-1,-1,1968,2,7,VOLKSWAGEN PASSAT,-1,-1,0,-1
2021461019039,2021,461019039,2,9,0,11,11,7,6,0,0,3,0,0,0,0,1,1,3,7,1,52,8,1968,2,5,VOLKSWAGEN PASSAT,6,E01024065,0,-1
2021122100044,2021,122100044,1,9,0,17,19,5,1,0,0,0,2,0,0,0,1,1,6,6,2,33,6,1968,2,11,VOLKSWAGEN PASSAT,8,E01027635,0,-1
2021501017102,2021,501017102,1,9,4,4,4,1,5,0,0,0,2,0,0,0,1,1,5,6,1,61,9,2000,2,13,VOLKSWAGEN PASSAT,4,E01018781,0,-1
2021201058841,2021,201058841,1,9,0,1,1,6,2,0,0,0,0,4,0,0,2,1,6,6,1,-1,-1,1598,2,7,VOLKSWAGEN PASSAT,-1,-1,0,-1
2021061053353,2021,061053353,2,9,0,1,1,5,1,0,0,1,0,0,0,0,2,1,6,6,3,30,6,1968,2,13,VOLKSWAGEN PASSAT,-1,-1,0,-1
2021421063315,2021,421063315,1,9,0,18,19,3,2,0,0,1,0,0,0,0,0,1,6,6,1,52,8,1598,2,4,VOLKSWAGEN PASSAT,9,E01021961,0,-1
2021010334765,2021,010334765,2,9,0,6,6,1,1,0,0,0,0,0,0,0,3,1,6,6,1,53,8,1896,2,19,VOLKSWAGEN PASSAT,-1,-1,0,-1
2021522200414,2021,522200414,3,9,0,18,19,4,8,0,0,8,1,0,0,0,2,1,6,6,1,78,11,1968,2,13,VOLKSWAGEN PASSAT,6,E01014531,0,-1
2021131039800,2021,131039800,1,9,0,18,19,7,3,0,0,6,0,0,3,10,4,1,1,1,1,29,6,1968,2,7,VOLKSWAGEN PASSAT,5,E01008045,0,-1
2021061048351,2021,061048351,1,9,0,18,19,7,3,0,0,8,0,0,0,0,1,1,1,1,1,45,7,1896,2,13,VOLKSWAGEN PASSAT,2,E01004881,0,-1
2021221120588,2021,221120588,1,9,0,9,9,8,6,0,0,6,0,0,0,0,3,1,6,6,2,41,7,1896,2,21,VOLKSWAGEN PASSAT,5,E01032214,0,-1
2021622100234,2021,622100234,2,9,0,2,2,0,0,0,0,0,0,0,0,0,2,1,6,6,3,-1,-1,1395,8,4,VOLKSWAGEN PASSAT,-1,-1,0,-1
2021201141731,2021,201141731,2,9,0,18,19,4,8,0,0,8,0,0,0,0,1,1,6,6,1,50,8,1598,2,5,VOLKSWAGEN PASSAT,1,E01008887,0,-1
2021991179433,2021,991179433,1,9,0,5,5,3,1,0,0,0,0,0,0,0,1,1,5,6,1,40,7,1968,2,14,VOLKSWAGEN PASSAT,-1,-1,0,-1
2021430055587,2021,430055587,2,9,0,4,4,7,3,0,0,2,0,0,0,0,2,1,6,6,2,73,10,1968,2,6,VOLKSWAGEN PASSAT,9,E01016193,0,-1
2021610043121,2021,610043121,1,9,0,18,19,8,4,0,0,1,0,0,0,0,1,1,2,2,1,39,7,1896,2,18,VOLKSWAGEN PASSAT,1,W01001308,0,-1
2021520201550,2021,520201550,1,9,0,18,19,3,7,0,0,0,0,0,0,0,1,1,6,6,1,40,7,1968,2,4,VOLKSWAGEN PASSAT,5,E01014804,0,-1
2021010305016,2021,010305016,1,9,0,7,7,7,2,0,0,7,2,5,0,0,0,1,6,6,1,25,5,1968,2,3,VOLKSWAGEN PASSAT,-1,-1,0,-1
2021552100860,2021,552100860,1,9,0,18,19,4,8,0,0,0,0,0,0,0,0,1,6,6,3,-1,-1,1984,1,19,VOLKSWAGEN PASSAT,-1,-1,0,-1
2021440361652,2021,440361652,1,9,0,18,19,7,3,0,0,0,0,0,0,0,3,1,1,1,1,44,7,1968,2,6,VOLKSWAGEN PASSAT,10,E01022664,0,-1
2021351088411,2021,351088411,2,9,0,4,4,7,3,0,0,1,0,0,0,0,2,1,5,6,2,46,8,1968,2,10,VOLKSWAGEN PASSAT,10,E01018416,0,-1
2021101061816,2021,101061816,2,9,0,4,4,3,7,0,0,1,0,0,0,0,2,1,2,2,1,45,7,1968,2,6,VOLKSWAGEN PASSAT,7,E01008558,0,-1
2021421125994,2021,421125994,2,9,0,18,19,1,5,0,0,8,0,0,0,0,1,1,6,6,2,62,9,1598,2,10,VOLKSWAGEN PASSAT,6,E01029906,0,-1
2021461197022,2021,461197022,1,9,0,18,19,1,5,0,0,0,0,0,0,0,1,1,5,6,1,30,6,1968,2,7,VOLKSWAGEN PASSAT,6,E01024022,0,-1
2021501083143,2021,501083143,1,9,0,9,9,4,8,0,0,0,0,0,0,0,1,1,3,7,1,35,6,1968,2,14,VOLKSWAGEN PASSAT,3,E01018769,0,-1
2021991061011,2021,991061011,1,9,0,18,19,4,8,0,0,1,1,0,0,0,1,1,2,2,1,31,6,1968,2,13,VOLKSWAGEN PASSAT,5,-1,0,-1
2021010289054,2021,010289054,2,9,0,18,19,8,4,0,0,0,0,0,0,0,1,1,6,6,1,41,7,1968,2,10,VOLKSWAGEN PASSAT,10,E01023558,0,-1
2021501083570,2021,501083570,1,9,0,18,19,1,5,0,0,0,0,0,0,0,2,1,5,6,1,23,5,1968,2,12,VOLKSWAGEN PASSAT,6,E01015132,0,-1
2021141025783,2021,141025783,1,9,0,18,19,4,8,0,0,0,0,0,0,0,1,1,1,1,1,51,8,1968,2,12,VOLKSWAGEN PASSAT,1,E01007738,0,-1
2021010348450,2021,010348450,1,9,0,99,99,9,9,99,99,9,9,99,9,99,9,9,2,2,1,45,7,1968,2,4,VOLKSWAGEN PASSAT,3,E01004452,0,-1
2021131041809,2021,131041809,1,9,0,-1,-1,7,7,0,0,1,-1,12,0,0,4,1,5,6,1,19,4,1984,1,14,VOLKSWAGEN PASSAT,7,E01010636,0,-1
2021010293833,2021,010293833,2,9,0,7,7,5,7,0,0,1,0,0,0,0,4,1,6,6,1,25,5,1968,2,1,VOLKSWAGEN PASSAT,3,E01002052,0,-1
2021430307623,2021,430307623,3,9,0,18,19,8,4,0,0,1,0,0,0,0,3,1,2,2,1,28,6,1968,2,8,VOLKSWAGEN PASSAT,4,E01016516,0,-1
2021522103853,2021,522103853,1,9,0,18,19,3,7,0,0,2,0,0,0,0,3,1,6,6,2,40,7,1598,2,11,VOLKSWAGEN PASSAT,2,E01014608,0,-1
2021461116629,2021,461116629,3,9,0,4,4,1,5,0,0,1,0,0,0,0,2,1,6,6,1,66,10,1968,2,10,VOLKSWAGEN PASSAT,7,E01001383,0,-1
2021471032604,2021,471032604,4,9,0,2,2,0,0,0,0,2,0,0,0,0,2,1,6,6,3,-1,-1,1968,2,13,VOLKSWAGEN PASSAT,-1,-1,0,-1
2021302100551,2021,302100551,1,8,0,3,3,1,5,0,0,1,0,0,0,0,2,1,1,1,1,-1,-1,1968,2,13,VOLKSWAGEN PASSAT,1,E01007902,0,-1
2021401056739,2021,401056739,3,9,0,4,4,1,5,0,0,0,0,0,0,0,2,1,2,2,1,55,8,1968,2,14,VOLKSWAGEN PASSAT,6,E01033525,0,-1
2021211058941,2021,211058941,1,9,-1,7,7,7,1,0,0,8,0,0,0,0,-1,1,1,1,2,53,8,1968,2,12,VOLKSWAGEN PASSAT,9,E01029523,0,-1
2021211064132,2021,211064132,1,9,0,7,7,7,3,0,0,0,0,0,0,0,4,1,5,6,1,22,5,1968,2,9,VOLKSWAGEN PASSAT,8,E01014314,0,-1
2021451023341,2021,451023341,1,9,0,18,19,3,1,0,0,0,0,0,3,0,1,1,6,6,1,45,7,1968,2,14,VOLKSWAGEN PASSAT,5,E01023110,0,-1
2021101095678,2021,101095678,2,8,0,16,19,8,1,0,0,3,0,0,1,0,4,1,1,1,1,48,8,1968,2,10,VOLKSWAGEN PASSAT,1,E01033547,0,-1
2021552101075,2021,552101075,1,9,0,7,7,2,3,0,0,8,0,0,0,0,4,1,6,6,2,39,7,1598,2,5,VOLKSWAGEN PASSAT,4,E01010556,0,-1
2021440329621,2021,440329621,1,9,0,3,3,3,7,0,0,1,0,0,0,0,2,1,2,2,2,29,6,1968,2,15,VOLKSWAGEN PASSAT,-1,-1,0,-1
2021101088317,2021,101088317,1,9,0,1,1,1,5,0,0,6,0,0,0,0,2,1,5,6,1,37,7,1896,2,13,VOLKSWAGEN PASSAT,-1,-1,0,-1
2021061097747,2021,061097747,2,9,0,10,10,4,2,0,0,8,0,0,0,0,3,1,5,6,1,47,8,1598,2,10,VOLKSWAGEN PASSAT,5,E01005687,0,-1
2021010310480,2021,010310480,2,9,0,18,19,3,7,99,99,1,0,0,0,0,1,1,6,6,1,-1,-1,1968,2,14,VOLKSWAGEN PASSAT,-1,-1,0,-1
2021010292346,2021,010292346,2,9,0,9,9,7,4,0,0,6,0,0,0,0,4,1,6,6,3,-1,-1,2000,2,13,VOLKSWAGEN PASSAT,-1,-1,0,-1
2021101120580,2021,101120580,2,9,0,18,19,7,3,0,0,0,0,0,0,0,1,1,5,6,1,40,7,1498,1,0,VOLKSWAGEN PASSAT,9,E01027465,0,-1
2021010294310,2021,010294310,1,9,0,18,19,5,1,0,0,5,0,0,1,5,3,1,6,6,1,35,6,1968,2,10,VOLKSWAGEN PASSAT,1,E01001554,0,-1
2021501081428,2021,501081428,2,9,0,18,19,5,1,0,0,0,0,0,0,0,1,1,5,6,2,39,7,1968,2,7,VOLKSWAGEN PASSAT,3,E01018942,0,-1
2021351071016,2021,351071016,1,9,0,18,19,1,5,0,0,0,0,0,0,0,1,1,1,1,1,58,9,1968,2,7,VOLKSWAGEN PASSAT,6,E01015653,0,-1
2021501117583,2021,501117583,2,9,0,18,19,2,6,0,0,1,0,0,0,0,0,1,1,1,1,-1,-1,1968,2,6,VOLKSWAGEN PASSAT,-1,-1,0,-1
2021211063521,2021,211063521,1,9,0,5,5,8,5,0,0,1,0,0,0,0,4,1,1,1,1,22,5,1968,2,9,VOLKSWAGEN PASSAT,8,E01014314,0,-1
2021061139769,2021,061139769,1,9,0,18,19,1,1,0,0,0,0,0,0,0,1,1,6,6,1,30,6,1986,2,12,VOLKSWAGEN PASSAT,-1,-1,0,-1
2021461054251,2021,461054251,2,9,0,18,19,7,3,0,0,1,0,0,0,0,1,1,2,2,1,27,6,3189,1,15,VOLKSWAGEN PASSAT,8,E01024261,0,-1
2021052101267,2021,052101267,1,9,0,18,19,5,1,0,0,0,0,0,0,0,1,1,2,2,1,24,5,1968,2,15,VOLKSWAGEN PASSAT,1,E01006025,0,-1
2021991128856,2021,991128856,1,9,0,9,9,7,5,0,0,2,0,0,0,0,1,1,2,2,1,49,8,1968,2,11,VOLKSWAGEN PASSAT,6,-1,0,-1
2021421089793,2021,421089793,2,9,0,18,19,5,7,0,0,3,0,0,0,0,3,1,6,6,2,43,7,1968,2,6,VOLKSWAGEN PASSAT,2,E01029996,0,-1
2021231034997,2021,231034997,1,9,0,17,19,8,6,0,0,0,0,0,0,0,1,1,5,6,1,49,8,1968,2,9,VOLKSWAGEN PASSAT,3,E01031177,0,-1
2021231048635,2021,231048635,1,9,0,5,5,8,5,0,0,6,0,0,0,0,3,1,5,6,2,45,7,1968,2,11,VOLKSWAGEN PASSAT,7,E01031091,0,-1
202131A010321,2021,31A010321,2,9,0,18,19,7,3,0,0,0,1,0,4,6,4,1,1,1,1,32,6,1968,2,11,VOLKSWAGEN PASSAT,2,E01027980,0,-1
2021302100720,2021,302100720,2,9,0,18,19,8,4,0,0,8,0,0,3,10,1,1,1,1,1,26,6,1598,2,3,VOLKSWAGEN PASSAT,-1,-1,0,-1
2021211091788,2021,211091788,1,9,0,9,9,3,5,0,0,1,0,0,0,0,3,1,5,6,1,31,6,2000,2,13,VOLKSWAGEN PASSAT,3,E01010422,0,-1
2021440488676,2021,440488676,2,9,0,18,19,7,3,0,0,1,0,0,0,0,1,1,6,6,1,33,6,1968,2,13,VOLKSWAGEN PASSAT,4,E01017087,0,-1
2021501108356,2021,501108356,1,9,0,16,19,1,5,0,0,0,0,0,8,0,1,1,5,6,1,66,10,1896,2,16,VOLKSWAGEN PASSAT,10,E01022856,0,-1
2021010347938,2021,010347938,1,9,0,99,99,9,9,0,0,9,0,0,0,0,1,9,6,6,1,48,8,1968,2,12,VOLKSWAGEN PASSAT,6,E01001573,0,-1
2021041101392,2021,041101392,1,9,0,17,19,7,1,0,0,0,0,0,2,10,1,1,5,6,1,58,9,1968,2,7,VOLKSWAGEN PASSAT,2,E01025524,0,-1
2021451104322,2021,451104322,2,9,0,18,19,5,1,0,0,0,0,0,0,0,3,1,5,6,1,47,8,1968,2,2,VOLKSWAGEN PASSAT,7,E01004138,0,-1
2021471019602,2021,471019602,1,9,0,18,19,5,1,0,0,0,0,0,0,0,4,1,5,6,2,50,8,1968,2,13,VOLKSWAGEN PASSAT,9,E01021023,0,-1
2021141072161,2021,141072161,1,9,0,3,3,4,1,0,0,0,0,0,0,0,2,1,5,6,1,77,11,1968,2,14,VOLKSWAGEN PASSAT,10,E01027704,0,-1
2021131099522,2021,131099522,1,9,0,18,19,8,8,0,0,1,0,0,0,0,1,1,6,6,1,39,7,1999,2,14,VOLKSWAGEN PASSAT,4,E01011606,0,-1
2021201059597,2021,201059597,1,9,0,18,19,-1,-1,0,0,0,0,0,0,0,0,1,6,6,1,-1,-1,1598,2,1,VOLKSWAGEN PASSAT,-1,-1,0,-1
2021221046697,2021,221046697,1,9,0,1,1,4,6,0,0,6,0,0,0,0,2,1,5,6,2,37,7,1896,2,16,VOLKSWAGEN PASSAT,4,E01032322,0,-1
2021531065007,2021,531065007,1,9,0,18,19,5,1,0,0,0,0,11,0,0,1,1,2,2,1,59,9,1498,1,1,VOLKSWAGEN PASSAT,8,E01022144,0,-1
2021201025332,2021,201025332,1,9,0,18,19,8,4,0,0,0,0,4,0,0,1,1,1,1,1,48,8,1968,2,6,VOLKSWAGEN PASSAT,2,E01009890,0,-1
2021010336999,2021,010336999,1,9,0,18,19,1,5,0,0,2,0,0,0,0,1,1,6,6,1,53,8,1598,2,7,VOLKSWAGEN PASSAT,2,E01000141,0,-1
2021201033336,2021,201033336,2,9,0,16,19,1,4,0,0,0,0,0,0,0,1,1,1,1,1,42,7,1968,2,6,VOLKSWAGEN PASSAT,3,E01009732,0,-1
2021401081214,2021,401081214,1,9,0,5,5,7,8,0,0,0,0,0,0,0,2,1,6,6,1,-1,-1,1968,2,6,VOLKSWAGEN PASSAT,-1,-1,0,-1
2021201055925,2021,201055925,1,9,0,18,19,8,4,0,0,0,0,0,0,0,1,1,3,7,1,50,8,1896,2,18,VOLKSWAGEN PASSAT,8,E01009949,0,-1
2021010295398,2021,010295398,3,9,0,2,2,0,0,9,9,2,0,0,0,0,2,1,6,6,3,-1,-1,1896,2,16,VOLKSWAGEN PASSAT,-1,-1,0,-1
2021991043027,2021,991043027,1,9,0,18,19,7,3,0,0,1,1,0,0,0,4,1,6,6,1,31,6,1968,2,11,VOLKSWAGEN PASSAT,7,-1,0,-1
2021430468825,2021,430468825,3,9,0,4,4,8,4,0,0,1,0,0,0,0,2,1,6,6,1,44,7,1798,1,9,VOLKSWAGEN PASSAT,10,E01017885,0,-1
2021451038046,2021,451038046,1,9,0,18,19,1,1,0,0,0,0,0,0,0,3,1,5,6,2,54,8,1968,2,1,VOLKSWAGEN PASSAT,9,E01030688,0,-1
2021010348766,2021,010348766,1,9,0,99,99,9,9,0,0,9,9,99,9,99,2,9,6,6,3,-1,-1,1968,2,15,VOLKSWAGEN PASSAT,7,E01029871,0,-1
2021401033088,2021,401033088,2,9,0,4,4,4,8,0,0,1,0,0,0,0,3,1,2,2,2,21,5,1968,2,10,VOLKSWAGEN PASSAT,4,E01017499,0,-1
2021111078384,2021,111078384,2,9,0,18,19,5,5,0,0,8,0,0,0,0,3,1,5,6,2,55,8,1896,2,12,VOLKSWAGEN PASSAT,4,E01020696,0,-1
2021010306113,2021,010306113,1,8,0,99,99,9,9,99,99,9,9,99,9,99,9,9,6,6,1,36,7,1968,2,6,VOLKSWAGEN PASSAT,1,E01000105,0,-1
2021461090939,2021,461090939,1,9,0,18,19,1,5,0,0,6,0,0,7,0,4,1,6,6,2,59,9,1598,2,10,VOLKSWAGEN PASSAT,9,E01024416,0,-1
2021201091400,2021,201091400,2,9,0,18,19,6,2,0,0,0,0,0,0,0,2,1,1,1,1,38,7,1968,2,15,VOLKSWAGEN PASSAT,1,E01010080,0,-1
2021010297266,2021,010297266,1,9,0,9,9,3,1,0,0,6,0,0,0,0,1,1,1,1,1,59,9,1798,1,21,VOLKSWAGEN PASSAT,2,E01001792,0,-1
2021991057596,2021,991057596,1,9,0,18,19,7,3,0,0,0,5,0,1,3,4,1,1,1,1,41,7,1968,2,15,VOLKSWAGEN PASSAT,3,-1,0,-1
2021622100383,2021,622100383,1,9,0,18,19,6,2,0,0,1,0,0,0,0,1,1,6,6,1,27,6,1968,2,12,VOLKSWAGEN PASSAT,1,W01000884,0,-1
2021461079814,2021,461079814,1,9,0,18,19,1,5,0,0,0,0,0,0,0,1,1,1,1,1,56,9,1968,2,10,VOLKSWAGEN PASSAT,5,E01024379,0,-1
2021421059390,2021,421059390,1,9,0,18,19,7,3,0,0,0,0,0,0,0,1,1,5,6,1,61,9,1598,2,3,VOLKSWAGEN PASSAT,5,E01021962,0,-1
2021138160560,2021,138160560,1,9,0,18,19,6,6,0,0,0,0,0,0,0,4,1,1,1,1,31,6,1968,2,3,VOLKSWAGEN PASSAT,6,E01011607,0,-1
2021101089152,2021,101089152,1,9,0,2,2,4,8,0,0,0,0,0,0,0,3,1,5,6,1,44,7,1968,2,9,VOLKSWAGEN PASSAT,1,E01008348,0,-1
2021522105663,2021,522105663,2,8,0,3,3,6,1,0,0,1,0,0,0,0,2,1,6,6,1,33,6,1968,2,7,VOLKSWAGEN PASSAT,4,E01014573,0,-1
2021522103685,2021,522103685,2,9,0,1,1,1,5,0,0,0,0,0,0,0,2,1,6,6,1,21,5,1968,2,4,VOLKSWAGEN PASSAT,4,E01014623,0,-1
2021351057943,2021,351057943,3,9,0,18,19,7,3,0,0,0,0,0,0,0,0,1,5,6,1,40,7,1498,1,1,VOLKSWAGEN PASSAT,9,E01018178,0,-1
2021101103660,2021,101103660,1,9,0,16,19,1,5,0,0,0,0,0,0,0,3,1,6,6,1,22,5,1968,2,12,VOLKSWAGEN PASSAT,1,E01008333,0,-1
2021421118996,2021,421118996,2,9,0,18,19,7,3,0,0,1,0,0,0,0,1,1,6,6,1,43,7,1968,2,7,VOLKSWAGEN PASSAT,-1,-1,0,-1
2021010320240,2021,010320240,1,9,0,13,13,1,5,0,0,4,0,0,0,0,1,1,6,6,1,31,6,1968,2,14,VOLKSWAGEN PASSAT,4,E01003389,0,-1
2021061030575,2021,061030575,2,9,0,18,19,1,1,0,0,1,0,0,0,0,1,1,6,6,1,45,7,1498,1,1,VOLKSWAGEN PASSAT,-1,-1,0,-1
2021010290508,2021,010290508,1,9,0,6,6,7,7,0,0,0,0,0,0,0,3,1,6,6,1,26,6,1968,2,14,VOLKSWAGEN PASSAT,5,E01002237,0,-1
2021461102662,2021,461102662,3,9,0,2,2,0,0,0,0,1,0,0,0,0,2,1,5,6,1,-1,-1,1968,2,13,VOLKSWAGEN PASSAT,-1,-1,0,-1
2021501089806,2021,501089806,1,9,0,18,19,7,3,0,0,0,1,0,0,0,1,1,6,6,1,22,5,1968,2,14,VOLKSWAGEN PASSAT,3,E01015085,0,-1
2021041113279,2021,041113279,1,9,0,5,5,6,1,0,0,6,0,0,0,0,1,1,5,6,2,33,6,1968,2,10,VOLKSWAGEN PASSAT,1,E01033231,0,-1
2021302101716,2021,302101716,2,9,0,4,4,4,8,0,0,1,0,0,0,0,2,1,6,6,1,44,7,1968,2,12,VOLKSWAGEN PASSAT,4,E01013459,0,-1
2021471060002,2021,471060002,2,9,0,3,3,3,7,0,0,0,0,0,0,0,2,1,5,6,1,41,7,1896,2,16,VOLKSWAGEN PASSAT,2,E01020998,0,-1
2021545495121,2021,545495121,2,9,0,3,3,3,7,0,0,1,0,0,0,0,2,1,1,1,1,49,8,1598,2,4,VOLKSWAGEN PASSAT,7,E01015490,0,-1
2021052100231,2021,052100231,1,8,0,5,5,7,1,0,0,5,0,0,0,0,4,1,1,1,1,50,8,1968,2,4,VOLKSWAGEN PASSAT,1,E01006560,0,-1
2021010321746,2021,010321746,2,9,0,10,10,3,1,0,0,1,0,0,0,0,4,1,2,2,1,61,9,1968,2,1,VOLKSWAGEN PASSAT,10,E01017871,0,-1
2021471110859,2021,471110859,2,9,0,18,19,8,4,0,0,1,0,0,1,10,2,1,2,2,2,55,8,1781,1,20,VOLKSWAGEN PASSAT,10,E01031748,0,-1
2021351115503,2021,351115503,2,9,0,18,19,1,5,0,0,0,0,0,0,0,2,1,1,1,1,37,7,1968,2,11,VOLKSWAGEN PASSAT,4,E01030108,0,-1
2021440176238,2021,440176238,1,8,0,18,19,8,2,0,0,4,0,0,0,0,3,1,1,1,1,25,5,1968,2,9,VOLKSWAGEN PASSAT,2,E01017156,0,-1
2021052100826,2021,052100826,1,9,0,18,19,1,5,0,0,8,0,0,0,0,1,1,2,2,1,26,6,1968,2,6,VOLKSWAGEN PASSAT,1,E01006563,0,-1
2021351042214,2021,351042214,4,9,0,2,2,0,0,0,0,1,0,0,0,0,0,1,6,6,3,-1,-1,1968,2,10,VOLKSWAGEN PASSAT,-1,-1,0,-1
2021061070062,2021,061070062,1,9,0,3,3,3,7,0,0,1,0,0,0,0,2,1,3,7,2,34,6,1598,2,7,VOLKSWAGEN PASSAT,3,E01006035,0,-1
2021052102786,2021,052102786,1,9,0,17,19,1,5,0,0,0,1,7,1,11,1,1,3,7,3,-1,-1,1968,2,0,VOLKSWAGEN PASSAT,-1,-1,0,-1
202134WNC1551,2021,34WNC1551,1,9,0,16,19,7,3,0,0,0,0,0,0,0,1,1,6,6,2,81,11,1968,2,13,VOLKSWAGEN PASSAT,7,E01026999,0,-1
2021548596121,2021,548596121,2,9,0,18,19,5,1,0,0,8,0,0,0,0,1,1,2,2,1,65,9,1968,2,14,VOLKSWAGEN PASSAT,4,E01015511,0,-1
2021461090499,2021,461090499,2,9,0,3,3,1,4,0,0,1,0,0,0,0,2,1,2,2,1,24,5,1968,2,7,VOLKSWAGEN PASSAT,10,E01024745,0,-1
2021070120217,2021,070120217,1,9,0,5,5,2,5,0,0,4,0,0,0,0,1,1,6,6,1,37,7,1598,2,6,VOLKSWAGEN PASSAT,-1,-1,0,-1
2021361080336,2021,361080336,1,9,0,18,19,1,5,0,0,1,0,0,0,0,3,1,5,6,1,60,9,1968,2,11,VOLKSWAGEN PASSAT,1,E01026467,0,-1
2021361113412,2021,361113412,1,9,0,18,19,2,6,0,0,0,0,0,7,0,3,1,5,6,1,79,11,1968,2,9,VOLKSWAGEN PASSAT,6,E01026456,0,-1
2021201060779,2021,201060779,2,9,0,16,19,5,1,0,0,8,0,0,0,0,1,1,6,6,1,41,7,1968,2,14,VOLKSWAGEN PASSAT,1,E01009201,0,-1
2021201079853,2021,201079853,2,9,0,4,4,2,6,0,0,0,0,0,0,0,2,1,6,6,1,42,7,1968,2,7,VOLKSWAGEN PASSAT,5,E01009032,0,-1
2021211088991,2021,211088991,3,8,0,18,19,3,7,0,0,1,0,0,0,0,1,1,6,6,1,32,6,1968,2,5,VOLKSWAGEN PASSAT,4,E01029820,0,-1
2021440154740,2021,440154740,1,9,0,18,19,5,1,0,0,1,0,0,0,0,1,1,2,2,2,43,7,1896,2,12,VOLKSWAGEN PASSAT,3,E01022811,0,-1
2021070072136,2021,070072136,1,9,0,18,19,7,3,0,0,1,0,0,0,0,1,1,6,6,1,45,7,1968,2,12,VOLKSWAGEN PASSAT,1,E01007273,0,-1
2021991108025,2021,991108025,1,9,0,18,19,5,1,0,0,8,0,0,0,0,1,1,6,6,2,62,9,1896,2,17,VOLKSWAGEN PASSAT,-1,-1,0,-1
2021421037786,2021,421037786,2,9,0,2,2,3,7,0,0,0,0,0,0,0,2,1,1,1,1,52,8,1968,2,10,VOLKSWAGEN PASSAT,7,E01029875,0,-1
2021061041573,2021,061041573,2,9,0,18,19,7,1,0,0,4,0,0,0,0,3,1,6,6,1,30,6,1968,2,14,VOLKSWAGEN PASSAT,1,E01007411,0,-1
2021010298007,2021,010298007,2,9,0,99,99,9,9,99,99,9,9,99,9,99,2,9,6,6,3,-1,-1,1968,2,15,VOLKSWAGEN PASSAT,-1,-1,0,-1
202134NNC2671,2021,34NNC2671,1,8,0,5,5,0,7,0,0,0,0,0,0,0,4,1,1,1,1,-1,-1,1968,2,10,VOLKSWAGEN PASSAT,9,E01027346,0,-1
2021201067869,2021,201067869,1,9,0,9,9,2,8,0,0,8,0,0,0,0,2,1,1,1,1,37,7,1968,2,6,VOLKSWAGEN PASSAT,2,E01009090,0,-1
2021141092715,2021,141092715,1,8,0,10,10,5,2,0,0,1,0,0,0,0,4,1,1,1,1,44,7,1968,2,4,VOLKSWAGEN PASSAT,2,E01008109,0,-1
2021481121351,2021,481121351,1,9,0,7,7,5,7,0,0,8,0,0,0,0,1,1,1,1,1,36,7,1598,2,1,VOLKSWAGEN PASSAT,-1,-1,0,-1
2021061091288,2021,061091288,1,9,0,10,10,2,8,0,0,1,0,0,0,0,3,1,5,6,1,28,6,1968,2,9,VOLKSWAGEN PASSAT,2,E01004815,0,-1
2021010329366,2021,010329366,1,9,0,18,19,3,7,0,0,0,0,0,0,0,1,1,2,2,1,45,7,1968,2,13,VOLKSWAGEN PASSAT,3,E01000009,0,-1