collision_index,collision_year,collision_ref_no,vehicle_reference,vehicle_type,towing_and_articulation,vehicle_manoeuvre_historic,vehicle_manoeuvre,vehicle_direction_from,vehicle_direction_to,vehicle_location_restricted_lane_historic,vehicle_location_restricted_lane,junction_location,skidding_and_overturning,hit_object_in_carriageway,vehicle_leaving_carriageway,hit_object_off_carriageway,first_point_of_impact,vehicle_left_hand_drive,journey_purpose_of_driver_historic,journey_purpose_of_driver,sex_of_driver,age_of_driver,age_band_of_driver,engine_capacity_cc,propulsion_code,age_of_vehicle,generic_make_model,driver_imd_decile,lsoa_of_driver,escooter_flag,driver_distance_banding
2021552101154,2021,552101154,2,9,0,17,19,4,8,0,0,0,0,0,1,0,1,1,6,6,2,40,7,1968,2,9,VOLKSWAGEN PASSAT,7,E01020550,0,-1
2021041031217,2021,041031217,1,9,0,18,19,6,2,0,0,1,0,0,0,0,1,1,5,6,1,49,8,1968,2,5,VOLKSWAGEN PASSAT,5,E01025095,0,-1
2021131047765,2021,131047765,4,9,0,18,19,5,1,0,0,0,0,0,0,0,2,1,6,6,1,47,8,1968,2,9,VOLKSWAGEN PASSAT,2,E01010716,0,-1
2021010303930,2021,010303930,1,9,0,99,99,9,9,99,99,9,9,99,9,99,9,9,6,6,1,28,6,1598,2,6,VOLKSWAGEN PASSAT,5,E01003790,0,-1
2021141060064,2021,141060064,2,9,0,18,19,6,2,0,0,0,0,0,0,0,1,1,6,6,2,39,7,1968,2,1,VOLKSWAGEN PASSAT,1,E01007877,0,-1
2021991031254,2021,991031254,1,9,0,18,19,5,1,0,0,1,0,0,0,0,1,1,5,6,1,53,8,1598,2,8,VOLKSWAGEN PASSAT,4,-1,0,-1
2021041109176,2021,041109176,2,9,0,18,19,1,5,0,0,3,0,0,0,0,2,1,3,7,1,42,7,1968,2,10,VOLKSWAGEN PASSAT,8,E01012581,0,-1
2021471105287,2021,471105287,1,9,0,18,19,8,4,0,0,8,0,0,0,0,1,1,6,6,1,24,5,1598,2,6,VOLKSWAGEN PASSAT,3,E01031791,0,-1
2021520104731,2021,520104731,2,9,0,18,19,6,2,0,0,0,0,0,0,0,1,1,6,6,1,57,9,1896,2,18,VOLKSWAGEN PASSAT,4,E01019049,0,-1
20211382L0847,2021,1382L0847,2,9,0,18,19,4,8,0,0,8,0,0,0,0,1,1,6,6,1,35,6,1968,2,12,VOLKSWAGEN PASSAT,2,E01011914,0,-1
2021010310037,2021,010310037,3,8,0,3,3,7,3,0,0,0,0,0,0,0,2,1,6,6,1,56,9,1598,2,7,VOLKSWAGEN PASSAT,4,E01004172,0,-1
2021991074381,2021,991074381,2,9,0,3,3,2,5,0,0,4,0,0,0,0,2,1,2,2,1,27,6,1968,2,13,VOLKSWAGEN PASSAT,8,-1,0,-1
2021061058830,2021,061058830,1,9,0,1,1,6,2,0,0,1,0,0,0,0,4,1,6,6,1,31,6,1896,2,17,VOLKSWAGEN PASSAT,3,E01005535,0,-1
2021461021821,2021,461021821,1,9,0,18,19,2,6,0,0,8,0,0,0,0,4,1,6,6,3,-1,-1,1968,2,12,VOLKSWAGEN PASSAT,-1,-1,0,-1
2021622100869,2021,622100869,2,9,0,4,4,6,2,0,0,0,0,0,0,0,2,1,2,2,2,34,6,1968,2,10,VOLKSWAGEN PASSAT,4,W01000652,0,-1
202131A173721,2021,31A173721,2,9,0,18,19,1,5,0,0,8,0,0,0,0,1,1,6,6,1,36,7,1968,2,8,VOLKSWAGEN PASSAT,2,E01028227,0,-1
2021401087063,2021,401087063,1,9,-1,-1,-1,-1,-1,-1,-1,-1,-1,-1,-1,0,-1,1,6,6,3,-1,-1,1968,2,14,VOLKSWAGEN PASSAT,-1,-1,0,-1
20211381Q1321,2021,1381Q1321,2,8,0,2,2,5,1,0,0,0,0,0,0,0,2,1,6,6,1,48,8,1968,2,7,VOLKSWAGEN PASSAT,4,E01011647,0,-1
2021161036517,2021,161036517,1,9,0,1,1,3,7,0,0,0,0,0,0,0,4,1,6,6,2,25,5,1968,2,6,VOLKSWAGEN PASSAT,4,E01028028,0,-1
2021231085076,2021,231085076,2,9,0,18,19,5,1,0,0,0,0,0,0,0,3,1,5,6,1,40,7,1598,2,4,VOLKSWAGEN PASSAT,4,E01031231,0,-1
2021052102548,2021,052102548,2,9,0,18,19,3,7,0,0,8,0,0,0,0,3,1,6,6,1,41,7,1968,2,15,VOLKSWAGEN PASSAT,6,E01006576,0,-1
2021131044348,2021,131044348,1,9,0,5,5,2,6,9,9,0,0,0,0,0,1,1,6,6,3,40,7,1968,2,11,VOLKSWAGEN PASSAT,-1,-1,0,-1
2021010306460,2021,010306460,1,9,0,9,9,3,8,0,0,5,0,0,0,0,1,1,1,1,1,53,8,1598,2,5,VOLKSWAGEN PASSAT,2,E01003601,0,-1
2021991069154,2021,991069154,4,9,0,18,19,8,4,0,0,0,0,0,0,0,0,1,5,6,1,40,7,1968,2,13,VOLKSWAGEN PASSAT,2,-1,0,-1
2021302100588,2021,302100588,1,8,0,5,5,4,8,0,0,4,0,0,0,0,1,1,6,6,1,-1,-1,1968,2,7,VOLKSWAGEN PASSAT,2,E01029410,0,-1
2021201107547,2021,201107547,1,9,0,18,19,2,6,0,0,0,0,0,0,0,1,1,2,2,2,30,6,1999,2,14,VOLKSWAGEN PASSAT,1,E01009195,0,-1
2021522101407,2021,522101407,1,9,0,18,19,4,8,0,0,0,0,0,0,0,4,1,6,6,1,35,6,1968,2,12,VOLKSWAGEN PASSAT,5,E01014530,0,-1
2021471022549,2021,471022549,1,9,0,9,9,1,7,0,0,8,0,0,0,0,1,1,5,6,1,36,7,1968,2,5,VOLKSWAGEN PASSAT,8,E01016958,0,-1
2021471049156,2021,471049156,2,9,0,4,4,7,3,0,0,0,0,0,0,0,2,1,2,2,2,43,7,1395,8,4,VOLKSWAGEN PASSAT,9,E01031416,0,-1
2021141117306,2021,141117306,1,9,0,2,2,8,4,0,0,0,0,0,0,0,2,1,6,6,1,82,11,1968,2,8,VOLKSWAGEN PASSAT,2,E01007694,0,-1
2021320367574,2021,320367574,2,9,0,9,9,8,4,0,0,1,0,0,0,0,2,1,6,6,1,44,7,1968,2,2,VOLKSWAGEN PASSAT,-1,-1,0,-1
2021430205043,2021,430205043,2,9,0,18,19,7,3,0,0,6,0,0,0,0,1,1,6,6,1,-1,-1,1968,2,4,VOLKSWAGEN PASSAT,-1,-1,0,-1
2021411119254,2021,411119254,2,9,0,18,19,5,1,0,0,0,0,0,0,0,1,1,6,6,3,-1,-1,1968,2,12,VOLKSWAGEN PASSAT,-1,-1,0,-1
2021320465769,2021,320465769,1,9,0,18,19,3,7,0,0,1,1,0,0,0,1,1,6,6,2,44,7,1968,2,8,VOLKSWAGEN PASSAT,5,E01026327,0,-1
2021221055580,2021,221055580,1,9,0,9,9,7,6,0,0,5,0,0,0,0,1,1,5,6,2,43,7,1598,2,8,VOLKSWAGEN PASSAT,5,E01014062,0,-1
2021522102005,2021,522102005,3,9,0,18,19,6,2,0,0,0,0,0,0,0,2,1,6,6,1,25,5,1896,2,14,VOLKSWAGEN PASSAT,3,E01014622,0,-1
2021010324315,2021,010324315,1,9,0,3,3,1,5,0,0,2,0,4,0,0,1,1,2,2,1,26,6,1598,2,9,VOLKSWAGEN PASSAT,3,E01003532,0,-1
2021471040686,2021,471040686,1,9,0,15,15,5,1,0,0,0,0,0,4,4,3,1,2,2,1,53,8,1968,2,4,VOLKSWAGEN PASSAT,10,E01031621,0,-1
2021361031349,2021,361031349,2,9,0,3,3,-1,-1,0,0,-1,0,0,0,0,2,1,6,6,2,35,6,1968,2,9,VOLKSWAGEN PASSAT,10,E01026543,0,-1
2021141063219,2021,141063219,1,9,0,5,5,1,1,0,0,8,0,10,0,0,3,1,1,1,1,38,7,1598,2,7,VOLKSWAGEN PASSAT,2,E01008014,0,-1
2021501066042,2021,501066042,1,9,0,9,9,5,3,0,0,0,0,0,0,0,1,1,5,6,1,81,11,1395,8,1,VOLKSWAGEN PASSAT,9,E01024851,0,-1
2021411124980,2021,411124980,1,9,0,18,19,1,5,0,0,0,0,0,0,0,1,1,6,6,1,59,9,1896,2,16,VOLKSWAGEN PASSAT,7,E01021035,0,-1
2021411087530,2021,411087530,1,9,0,18,19,3,7,0,0,0,0,0,0,0,1,1,6,6,1,51,8,1968,2,12,VOLKSWAGEN PASSAT,-1,-1,0,-1
2021141028930,2021,141028930,3,9,0,18,19,2,6,0,0,1,0,0,0,0,1,1,6,6,2,38,7,1968,2,11,VOLKSWAGEN PASSAT,8,E01007383,0,-1
2021010319607,2021,010319607,1,9,0,18,19,5,1,0,0,2,0,0,0,0,0,1,6,6,1,45,7,1968,2,5,VOLKSWAGEN PASSAT,2,E01033586,0,-1
2021010303009,2021,010303009,1,9,0,9,9,6,3,0,0,2,0,0,0,0,1,1,3,7,1,46,8,1598,1,16,VOLKSWAGEN PASSAT,7,E01002223,0,-1
2021430027303,2021,430027303,2,8,0,4,4,2,6,0,0,1,0,0,0,0,2,1,6,6,1,45,7,1598,2,7,VOLKSWAGEN PASSAT,-1,-1,0,-1
2021421042181,2021,421042181,2,9,0,4,4,1,3,0,0,0,0,0,0,0,2,1,2,2,1,39,7,1984,1,19,VOLKSWAGEN PASSAT,3,E01001488,0,-1
2021141017015,2021,141017015,1,9,0,-1,-1,-1,-1,-1,-1,0,-1,-1,-1,0,-1,1,1,1,1,65,9,1968,2,12,VOLKSWAGEN PASSAT,-1,-1,0,-1
2021052100541,2021,052100541,2,9,0,18,19,5,1,0,0,8,0,0,8,1,3,1,6,6,1,54,8,1968,2,9,VOLKSWAGEN PASSAT,1,E01006754,0,-1
2021010349611,2021,010349611,1,9,0,7,7,5,7,0,0,5,0,0,0,0,1,1,6,6,1,51,8,1968,2,6,VOLKSWAGEN PASSAT,4,E01000921,0,-1
2021111075365,2021,111075365,1,9,0,9,9,7,3,0,0,1,0,0,0,0,1,1,6,6,1,30,6,1896,2,16,VOLKSWAGEN PASSAT,-1,-1,0,-1
2021421083900,2021,421083900,2,9,0,18,19,3,7,0,0,0,0,0,0,0,1,1,5,6,1,41,7,1968,2,8,VOLKSWAGEN PASSAT,7,E01022020,0,-1
202134WNC6501,2021,34WNC6501,2,8,0,5,5,1,5,0,0,2,0,0,0,0,3,1,1,1,1,28,6,1968,2,10,VOLKSWAGEN PASSAT,1,E01017523,0,-1
2021010319782,2021,010319782,3,9,0,18,19,1,5,0,0,1,0,0,0,0,4,1,6,6,1,30,6,1968,2,13,VOLKSWAGEN PASSAT,4,E01002168,0,-1
2021010331098,2021,010331098,2,9,0,99,99,9,9,99,99,9,9,99,9,99,1,9,6,6,3,-1,-1,1968,2,6,VOLKSWAGEN PASSAT,-1,-1,0,-1
2021052100441,2021,052100441,1,8,0,14,14,7,3,0,0,0,0,0,0,0,1,1,6,6,1,31,6,1968,2,10,VOLKSWAGEN PASSAT,1,E01006755,0,-1
20211383L0891,2021,1383L0891,1,9,0,2,2,3,3,0,0,1,0,0,0,0,1,1,6,6,1,38,7,1968,2,14,VOLKSWAGEN PASSAT,2,E01010658,0,-1
2021041092585,2021,041092585,1,9,0,18,19,5,1,0,0,0,0,0,0,0,1,1,5,6,1,58,9,1968,2,12,VOLKSWAGEN PASSAT,2,E01024929,0,-1
2021440451111,2021,440451111,1,9,0,5,5,1,4,0,0,8,0,0,0,0,1,1,3,7,1,51,8,1968,2,4,VOLKSWAGEN PASSAT,10,E01023211,0,-1
2021552101193,2021,552101193,2,9,0,17,19,5,1,0,0,0,0,0,0,0,1,1,2,2,1,29,6,1968,2,11,VOLKSWAGEN PASSAT,6,E01015353,0,-1
2021010348536,2021,010348536,2,9,0,99,99,9,9,99,99,9,9,99,9,99,1,9,6,6,2,30,6,1968,2,8,VOLKSWAGEN PASSAT,8,E01002945,0,-1
2021170S20631,2021,170S20631,1,9,0,9,9,3,1,0,0,8,0,0,0,0,4,1,2,2,1,63,9,1896,2,14,VOLKSWAGEN PASSAT,9,E01008235,0,-1
2021010313648,2021,010313648,2,9,0,18,19,1,5,0,0,6,0,0,0,0,1,1,6,6,1,30,6,1896,2,18,VOLKSWAGEN PASSAT,5,E01002232,0,-1
2021201030920,2021,201030920,1,9,0,18,19,6,2,0,0,8,0,0,0,0,1,1,6,6,1,41,7,1968,2,14,VOLKSWAGEN PASSAT,1,E01008978,0,-1
2021552100410,2021,552100410,1,9,0,16,19,3,7,0,0,0,1,0,7,11,1,1,6,6,1,49,8,1968,2,10,VOLKSWAGEN PASSAT,7,E01020507,0,-1
2021371043887,2021,371043887,1,9,0,4,4,6,2,0,0,0,0,0,0,0,0,1,6,6,1,28,6,1968,2,13,VOLKSWAGEN PASSAT,3,E01030163,0,-1
202154B338421,2021,54B338421,1,9,0,5,5,5,1,0,0,4,0,0,0,0,1,1,6,6,2,57,9,1968,2,9,VOLKSWAGEN PASSAT,8,E01015561,0,-1
2021221056741,2021,221056741,2,9,0,18,19,6,2,0,0,3,0,0,0,0,4,1,5,6,1,51,8,1968,2,13,VOLKSWAGEN PASSAT,5,E01014050,0,-1
2021351021563,2021,351021563,1,9,0,9,9,1,5,0,0,1,0,0,0,0,1,1,1,1,1,52,8,1968,2,14,VOLKSWAGEN PASSAT,6,E01030112,0,-1
2021201120426,2021,201120426,2,9,0,9,9,2,8,0,0,5,0,0,0,0,3,1,6,6,1,72,10,1968,2,11,VOLKSWAGEN PASSAT,2,E01009158,0,-1
2021531042167,2021,531042167,3,9,0,3,3,-1,-1,0,0,1,0,0,0,0,2,1,6,6,1,-1,-1,1986,2,12,VOLKSWAGEN PASSAT,5,E01022441,0,-1
2021131118009,2021,131118009,2,8,0,18,19,5,1,0,0,1,0,0,0,0,4,1,6,6,1,72,10,1598,2,7,VOLKSWAGEN PASSAT,8,E01010575,0,-1
2021430151068,2021,430151068,1,9,0,7,7,3,6,0,0,4,0,0,0,0,3,1,1,1,1,32,6,1598,2,8,VOLKSWAGEN PASSAT,8,E01015693,0,-1
2021401039724,2021,401039724,1,9,0,18,19,8,5,0,0,0,0,0,0,0,1,1,6,6,3,-1,-1,1598,2,7,VOLKSWAGEN PASSAT,-1,-1,0,-1
2021161071764,2021,161071764,2,9,0,18,19,8,4,0,0,0,0,0,0,0,1,1,6,6,2,37,7,1968,2,10,VOLKSWAGEN PASSAT,2,E01026375,0,-1
2021010327574,2021,010327574,1,9,0,18,19,7,3,0,0,1,0,4,0,0,1,1,6,6,1,28,6,1598,2,5,VOLKSWAGEN PASSAT,4,E01000780,0,-1
2021549576121,2021,549576121,1,9,0,18,19,5,1,0,0,1,0,4,0,0,1,1,6,6,1,30,6,1968,2,7,VOLKSWAGEN PASSAT,-1,-1,0,-1
2021471024403,2021,471024403,3,9,0,18,19,2,6,0,0,0,0,0,0,0,2,1,5,6,1,29,6,1968,2,5,VOLKSWAGEN PASSAT,5,E01021195,0,-1
2021991048919,2021,991048919,1,9,0,18,19,7,4,0,0,0,0,0,0,0,1,2,1,1,2,36,7,1968,2,7,VOLKSWAGEN PASSAT,7,-1,0,-1
2021622100499,2021,622100499,1,9,0,9,9,8,6,0,0,8,0,0,0,0,1,1,6,6,3,-1,-1,1968,2,11,VOLKSWAGEN PASSAT,-1,-1,0,-1
2021010313743,2021,010313743,1,9,0,9,9,8,6,0,0,8,0,0,0,0,4,1,6,6,1,29,6,1968,2,6,VOLKSWAGEN PASSAT,3,E01003221,0,-1
2021501109593,2021,501109593,3,9,0,5,5,1,5,0,0,1,0,0,0,0,3,1,6,6,2,43,7,1598,2,9,VOLKSWAGEN PASSAT,5,E01029197,0,-1
2021461071822,2021,461071822,4,9,0,2,2,0,0,0,0,1,0,0,0,0,4,1,6,6,1,52,8,1896,2,14,VOLKSWAGEN PASSAT,2,E01024505,0,-1
2021411078192,2021,411078192,1,9,0,4,4,2,6,0,0,0,0,0,0,0,1,1,5,6,1,29,6,1968,2,13,VOLKSWAGEN PASSAT,5,E01033741,0,-1
2021101111325,2021,101111325,2,9,0,18,19,1,5,0,0,2,0,0,0,0,4,1,5,6,1,28,6,1968,2,11,VOLKSWAGEN PASSAT,4,E01008455,0,-1
202163A038121,2021,63A038121,2,9,0,4,4,4,8,0,0,0,0,0,0,0,2,1,6,6,1,48,8,1896,2,16,VOLKSWAGEN PASSAT,3,W01000711,0,-1
20211382R1298,2021,1382R1298,2,9,0,2,2,0,0,0,0,0,0,0,0,0,4,1,6,6,1,-1,-1,1968,2,7,VOLKSWAGEN PASSAT,-1,-1,0,-1
2021041091805,2021,041091805,2,9,0,3,3,3,7,0,0,0,0,0,0,0,2,1,2,2,1,34,6,1968,2,9,VOLKSWAGEN PASSAT,9,E01025538,0,-1
2021461057532,2021,461057532,1,9,0,9,9,4,8,0,0,5,0,0,6,0,1,1,5,6,1,43,7,1896,2,20,VOLKSWAGEN PASSAT,4,E01024593,0,-1
2021440398765,2021,440398765,1,8,0,12,12,2,6,0,0,0,0,0,0,0,3,1,1,1,1,26,6,1968,2,10,VOLKSWAGEN PASSAT,2,E01022934,0,-1
2021131115117,2021,131115117,1,9,0,-1,-1,-1,-1,-1,-1,-1,-1,-1,-1,-1,-1,1,6,6,3,-1,-1,1598,2,4,VOLKSWAGEN PASSAT,-1,-1,0,-1
2021461053247,2021,461053247,1,9,0,18,19,1,5,0,0,0,0,0,0,0,1,1,6,6,1,38,7,1896,2,17,VOLKSWAGEN PASSAT,2,E01024699,0,-1
2021302100344,2021,302100344,1,9,0,18,19,2,6,0,0,0,0,0,0,0,1,1,1,1,1,28,6,1968,2,2,VOLKSWAGEN PASSAT,10,E01019881,0,-1
2021070162317,2021,070162317,1,9,0,5,5,1,5,0,0,1,0,0,0,0,0,2,2,2,2,27,6,1984,1,15,VOLKSWAGEN PASSAT,2,E01012506,0,-1
2021302100560,2021,302100560,1,9,0,18,19,4,8,0,0,0,0,0,0,0,1,1,1,1,1,29,6,1968,2,10,VOLKSWAGEN PASSAT,1,E01013568,0,-1
2021010335447,2021,010335447,3,9,0,2,2,0,0,0,0,1,0,0,0,0,2,1,6,6,3,-1,-1,1595,1,15,VOLKSWAGEN PASSAT,-1,-1,0,-1
2021501027150,2021,501027150,2,9,0,4,4,3,7,0,0,0,0,0,0,0,1,1,1,1,1,38,7,1598,2,4,VOLKSWAGEN PASSAT,4,E01020279,0,-1
2021141042751,2021,141042751,2,9,0,15,15,5,1,0,0,0,0,7,1,10,4,1,2,2,1,37,7,1968,2,3,VOLKSWAGEN PASSAT,2,E01028299,0,-1
2021010293057,2021,010293057,3,9,0,99,99,9,9,99,99,9,9,99,9,99,1,9,6,6,3,-1,-1,1598,2,7,VOLKSWAGEN PASSAT,-1,-1,0,-1
2021131057043,2021,131057043,1,9,0,18,19,1,5,0,0,8,0,0,0,0,1,1,2,2,2,36,7,1968,2,13,VOLKSWAGEN PASSAT,7,E01027647,0,-1
2021101096040,2021,101096040,1,9,0,9,9,5,8,0,0,5,0,0,1,6,3,1,1,1,1,53,8,1968,2,10,VOLKSWAGEN PASSAT,3,E01008488,0,-1
2021520201999,2021,520201999,2,9,0,18,19,8,4,0,0,8,0,0,0,0,1,1,6,6,2,38,7,1968,2,14,VOLKSWAGEN PASSAT,5,E01029325,0,-1
2021010345635,2021,010345635,2,9,9,99,99,9,9,99,99,9,9,99,9,99,9,9,6,6,3,-1,-1,1598,2,5,VOLKSWAGEN PASSAT,-1,-1,0,-1
2021201145717,2021,201145717,1,9,0,18,19,6,2,0,0,1,0,0,0,0,1,1,6,6,3,-1,-1,1968,2,11,VOLKSWAGEN PASSAT,-1,-1,0,-1
2021052101367,2021,052101367,1,8,0,18,19,8,4,0,0,0,0,0,0,0,1,1,1,1,1,32,6,1598,2,5,VOLKSWAGEN PASSAT,1,E01006563,0,-1
2021201135825,2021,201135825,1,9,0,18,19,2,6,0,0,1,0,0,0,0,1,1,6,6,2,25,5,1968,2,14,VOLKSWAGEN PASSAT,3,E01033565,0,-1
2021451037675,2021,451037675,2,9,0,18,19,3,7,0,0,1,0,0,0,0,0,1,6,6,1,35,6,1896,2,16,VOLKSWAGEN PASSAT,6,E01004109,0,-1
2021522101523,2021,522101523,2,9,0,15,15,2,6,0,0,1,0,0,0,0,1,1,6,6,1,29,6,1968,2,5,VOLKSWAGEN PASSAT,10,E01014902,0,-1
2021501087333,2021,501087333,3,9,0,18,19,5,1,0,0,0,1,0,0,0,1,1,5,6,1,42,7,1968,2,13,VOLKSWAGEN PASSAT,7,E01018786,0,-1
2021101043113,2021,101043113,1,9,0,1,1,3,1,0,0,1,0,0,0,0,2,1,6,6,1,37,7,1968,2,5,VOLKSWAGEN PASSAT,3,E01008406,0,-1
2021010306383,2021,010306383,1,9,0,99,99,9,9,99,99,1,9,99,9,99,2,9,6,6,1,35,6,1968,2,10,VOLKSWAGEN PASSAT,2,E01003097,0,-1
2021401090488,2021,401090488,2,9,0,11,11,2,6,0,0,0,0,0,0,0,3,1,5,6,1,46,8,1968,2,8,VOLKSWAGEN PASSAT,2,E01015725,0,-1
2021440243253,2021,440243253,3,9,0,18,19,1,5,0,0,8,0,0,0,0,3,1,6,6,2,25,5,1968,2,9,VOLKSWAGEN PASSAT,10,E01022497,0,-1
202134NNC7201,2021,34NNC7201,1,9,0,9,9,5,3,0,0,5,0,0,0,0,1,1,6,6,1,45,7,1968,2,13,VOLKSWAGEN PASSAT,2,E01026951,0,-1
2021552101295,2021,552101295,1,9,0,9,9,3,1,0,0,5,0,0,0,0,4,1,6,6,3,33,6,1598,2,7,VOLKSWAGEN PASSAT,-1,-1,0,-1
2021461118690,2021,461118690,3,9,0,18,19,7,3,0,0,0,0,0,0,0,1,1,6,6,1,68,10,1968,2,9,VOLKSWAGEN PASSAT,7,E01024553,0,-1
2021547251421,2021,547251421,2,9,0,4,4,8,3,0,0,1,0,0,0,0,2,1,6,6,1,36,7,1999,1,18,VOLKSWAGEN PASSAT,3,E01032094,0,-1
2021141074519,2021,141074519,1,9,0,18,19,8,4,0,0,8,1,0,4,0,2,1,6,6,1,25,5,1968,2,7,VOLKSWAGEN PASSAT,2,E01007872,0,-1
2021501080558,2021,501080558,1,9,0,16,19,7,2,0,0,1,0,0,0,0,3,1,5,6,1,46,8,1968,2,11,VOLKSWAGEN PASSAT,5,E01020143,0,-1
2021411099680,2021,411099680,1,9,0,18,19,1,3,0,0,1,0,0,0,0,1,1,6,6,1,26,6,1968,2,15,VOLKSWAGEN PASSAT,5,E01023643,0,-1
2021161016373,2021,161016373,1,9,0,13,13,5,1,0,0,1,0,0,0,0,1,1,6,6,1,47,8,1968,2,9,VOLKSWAGEN PASSAT,1,E01012917,0,-1
2021371055480,2021,371055480,1,9,0,18,19,1,5,0,0,0,0,0,0,0,1,1,5,6,1,62,9,1598,2,10,VOLKSWAGEN PASSAT,4,E01026638,0,-1
2021430250941,2021,430250941,1,9,0,11,11,4,8,0,0,3,0,0,0,0,4,1,2,2,2,46,8,1498,1,2,VOLKSWAGEN PASSAT,5,E01016212,0,-1
2021411078973,2021,411078973,1,9,0,1,1,6,4,0,0,1,0,0,0,0,2,1,3,7,1,38,7,1498,1,1,VOLKSWAGEN PASSAT,10,E01023745,0,-1
2021201118711,2021,201118711,1,9,0,18,19,4,8,0,0,8,0,0,0,0,3,1,6,6,1,28,6,1968,2,10,VOLKSWAGEN PASSAT,1,E01009096,0,-1
2021451036879,2021,451036879,1,9,0,4,4,5,1,0,0,1,0,0,0,0,1,1,1,1,1,44,7,1968,2,11,VOLKSWAGEN PASSAT,8,E01030979,0,-1
2021041085031,2021,041085031,2,9,0,18,19,1,5,0,0,1,0,0,0,0,3,1,5,6,1,29,6,1598,2,11,VOLKSWAGEN PASSAT,7,E01012602,0,-1
2021061104250,2021,061104250,2,9,0,9,9,6,4,0,0,2,0,0,0,0,3,1,6,6,2,34,6,1598,2,6,VOLKSWAGEN PASSAT,1,E01005485,0,-1
2021141013008,2021,141013008,1,9,0,7,7,3,5,0,0,5,0,0,0,0,1,1,5,6,1,30,6,1598,2,3,VOLKSWAGEN PASSAT,5,E01007486,0,-1
2021471020439,2021,471020439,1,9,0,18,19,6,2,0,0,0,1,0,0,0,1,1,3,7,1,52,8,1968,2,5,VOLKSWAGEN PASSAT,6,E01021118,0,-1
2021411059507,2021,411059507,1,9,0,18,19,2,5,0,0,4,0,0,0,0,0,1,5,6,3,-1,-1,1968,2,15,VOLKSWAGEN PASSAT,-1,-1,0,-1
2021451099346,2021,451099346,1,9,0,5,5,3,7,9,9,0,0,0,0,0,4,1,5,6,1,90,11,1896,2,19,VOLKSWAGEN PASSAT,10,E01030969,0,-1
2021131101215,2021,131101215,2,9,0,9,9,1,7,0,0,8,0,0,0,0,2,1,6,6,1,50,8,1968,2,7,VOLKSWAGEN PASSAT,3,E01010714,0,-1
2021052101794,2021,052101794,3,9,0,10,10,2,8,0,0,1,0,0,0,0,1,1,2,2,1,45,7,1968,2,2,VOLKSWAGEN PASSAT,9,E01025476,0,-1
2021010298262,2021,010298262,1,9,0,9,9,5,2,0,0,1,0,0,0,0,1,2,1,1,2,35,6,1598,2,9,VOLKSWAGEN PASSAT,5,E01003413,0,-1
2021111131442,2021,111131442,3,9,0,10,10,4,8,0,0,1,0,0,0,0,2,1,5,6,1,31,6,1968,2,14,VOLKSWAGEN PASSAT,9,E01012329,0,-1
2021041157254,2021,041157254,1,9,0,9,9,5,7,0,0,1,0,0,0,0,4,1,6,6,1,64,9,1968,2,11,VOLKSWAGEN PASSAT,6,E01025107,0,-1
2021141018129,2021,141018129,2,9,0,11,11,4,8,0,0,0,0,0,0,0,1,1,6,6,1,27,6,1968,2,10,VOLKSWAGEN PASSAT,2,E01033278,0,-1
2021161027834,2021,161027834,1,9,0,9,9,4,2,0,0,8,0,0,0,0,4,1,5,6,1,22,5,1968,2,4,VOLKSWAGEN PASSAT,10,E01013425,0,-1
2021231057227,2021,231057227,1,9,0,18,19,4,8,0,0,0,0,0,1,10,1,1,5,6,3,35,6,1968,2,15,VOLKSWAGEN PASSAT,-1,-1,0,-1
2021461057735,2021,461057735,1,9,0,18,19,5,1,0,0,0,0,11,1,3,1,1,2,2,1,61,9,1896,2,16,VOLKSWAGEN PASSAT,2,E01016039,0,-1
2021201031952,2021,201031952,2,9,0,4,4,6,2,0,0,0,0,0,0,0,2,1,6,6,1,59,9,1896,2,14,VOLKSWAGEN PASSAT,5,E01009973,0,-1
2021991100312,2021,991100312,1,9,0,9,9,5,3,0,0,5,0,0,0,0,1,1,5,6,2,20,4,1968,2,11,VOLKSWAGEN PASSAT,9,-1,0,-1
2021010294874,2021,010294874,2,9,0,99,99,9,9,99,99,0,9,99,9,99,1,9,6,6,2,28,6,1968,2,15,VOLKSWAGEN PASSAT,3,E01000114,0,-1
2021010293284,2021,010293284,2,9,0,99,99,9,9,99,99,9,9,99,9,99,9,9,6,6,3,-1,-1,1896,2,17,VOLKSWAGEN PASSAT,-1,-1,0,-1
2021451064771,2021,451064771,1,9,0,4,4,1,3,0,0,0,0,0,0,0,0,1,5,6,1,38,7,1968,2,9,VOLKSWAGEN PASSAT,3,E01002559,0,-1
2021010325461,2021,010325461,2,9,0,3,3,3,7,0,0,6,0,0,0,0,4,1,6,6,2,44,7,1598,2,10,VOLKSWAGEN PASSAT,10,E01023948,0,-1
202131C138521,2021,31C138521,1,9,0,18,19,6,2,0,0,1,0,0,0,0,2,1,6,6,2,34,6,1598,2,12,VOLKSWAGEN PASSAT,-1,-1,0,-1
2021401070698,2021,401070698,2,9,0,3,3,2,6,0,0,0,0,0,0,0,2,1,5,6,2,46,8,1968,2,10,VOLKSWAGEN PASSAT,6,E01017578,0,-1
2021522101548,2021,522101548,1,9,0,2,2,0,0,0,0,2,0,0,0,0,3,1,6,6,1,32,6,1598,2,7,VOLKSWAGEN PASSAT,2,E01033347,0,-1
2021131099642,2021,131099642,2,9,0,18,19,1,5,0,0,0,0,0,0,0,3,1,1,1,1,51,8,1968,2,2,VOLKSWAGEN PASSAT,9,E01019778,0,-1
2021131069115,2021,131069115,1,9,0,5,5,1,5,0,0,0,0,0,0,0,1,1,2,2,1,23,5,1598,2,8,VOLKSWAGEN PASSAT,1,E01010674,0,-1
2021361119237,2021,361119237,3,9,0,3,3,6,1,0,0,0,0,0,0,0,2,1,1,1,2,32,6,1968,2,15,VOLKSWAGEN PASSAT,7,E01026432,0,-1