collision_index,collision_year,collision_ref_no,vehicle_reference,vehicle_type,towing_and_articulation,vehicle_manoeuvre_historic,vehicle_manoeuvre,vehicle_direction_from,vehicle_direction_to,vehicle_location_restricted_lane_historic,vehicle_location_restricted_lane,junction_location,skidding_and_overturning,hit_object_in_carriageway,vehicle_leaving_carriageway,hit_object_off_carriageway,first_point_of_impact,vehicle_left_hand_drive,journey_purpose_of_driver_historic,journey_purpose_of_driver,sex_of_driver,age_of_driver,age_band_of_driver,engine_capacity_cc,propulsion_code,age_of_vehicle,generic_make_model,driver_imd_decile,lsoa_of_driver,escooter_flag,driver_distance_banding
2021351085443,2021,351085443,1,9,0,5,5,7,3,0,0,0,0,0,0,0,4,1,3,7,2,40,7,1598,2,6,VOLKSWAGEN PASSAT,6,E01018196,0,-1
2021522105539,2021,522105539,2,9,0,11,11,1,5,0,0,3,0,0,0,0,4,1,6,6,1,45,7,1984,1,13,VOLKSWAGEN PASSAT,-1,-1,0,-1
2021471067226,2021,471067226,2,9,0,18,19,7,7,0,0,1,0,0,0,0,1,1,5,6,1,43,7,1896,2,16,VOLKSWAGEN PASSAT,6,E01031538,0,-1
2021101024744,2021,101024744,1,9,0,18,19,5,1,0,0,8,0,0,0,0,1,1,2,2,1,58,9,1896,2,14,VOLKSWAGEN PASSAT,6,E01008577,0,-1
2021041076887,2021,041076887,2,9,0,18,19,3,7,0,0,1,0,0,0,0,1,1,5,6,2,42,7,1968,2,9,VOLKSWAGEN PASSAT,2,E01025305,0,-1
2021101076593,2021,101076593,1,9,0,18,19,3,2,0,0,0,0,0,0,0,3,1,6,6,1,41,7,1968,2,6,VOLKSWAGEN PASSAT,4,E01008568,0,-1
2021010302706,2021,010302706,2,9,0,99,99,9,9,99,99,9,9,99,9,99,9,9,6,6,1,-1,-1,1598,2,6,VOLKSWAGEN PASSAT,-1,-1,0,-1
2021201031744,2021,201031744,2,9,0,18,19,-1,-1,0,0,0,0,0,0,0,1,1,6,6,1,26,6,1896,2,15,VOLKSWAGEN PASSAT,2,E01010047,0,-1
2021531030869,2021,531030869,1,9,0,18,19,5,7,0,0,8,0,0,0,0,3,1,6,6,1,62,9,1968,2,15,VOLKSWAGEN PASSAT,-1,-1,0,-1
2021461021074,2021,461021074,1,9,0,18,19,3,7,0,0,0,0,0,4,0,1,1,5,6,1,32,6,1968,2,11,VOLKSWAGEN PASSAT,3,E01002311,0,-1
2021351046827,2021,351046827,1,9,0,4,4,4,8,0,0,1,0,0,0,0,2,1,5,6,1,29,6,1896,2,16,VOLKSWAGEN PASSAT,5,E01017960,0,-1
202131B161121,2021,31B161121,1,9,0,17,19,6,2,0,0,4,0,0,0,0,1,1,6,6,1,44,7,1968,2,10,VOLKSWAGEN PASSAT,4,E01028294,0,-1
2021421039556,2021,421039556,1,9,0,18,19,5,1,0,0,0,0,0,0,0,1,1,5,6,2,27,6,1968,2,10,VOLKSWAGEN PASSAT,2,E01015931,0,-1
2021141026164,2021,141026164,1,9,0,6,6,5,1,0,0,0,0,0,0,0,3,1,6,6,1,41,7,1968,2,10,VOLKSWAGEN PASSAT,1,E01007913,0,-1
2021010307664,2021,010307664,1,9,0,10,10,8,5,0,0,1,0,0,0,0,1,1,6,6,1,35,6,1968,2,9,VOLKSWAGEN PASSAT,3,E01003734,0,-1
2021991096111,2021,991096111,2,9,0,4,4,7,3,0,0,0,0,0,0,0,3,1,5,6,1,48,8,1968,2,6,VOLKSWAGEN PASSAT,7,-1,0,-1
2021221021654,2021,221021654,5,9,0,3,3,8,4,0,0,1,0,0,0,0,3,1,5,6,1,28,6,1896,2,14,VOLKSWAGEN PASSAT,8,E01013996,0,-1
2021451105332,2021,451105332,1,9,0,18,19,3,7,0,0,1,0,0,0,0,1,1,5,6,1,31,6,1968,2,13,VOLKSWAGEN PASSAT,10,E01031002,0,-1
2021471104340,2021,471104340,2,9,0,4,4,6,2,0,0,0,0,0,0,0,2,1,5,6,1,58,9,1598,2,5,VOLKSWAGEN PASSAT,9,E01021023,0,-1
2021061078540,2021,061078540,1,9,0,9,9,3,5,0,0,1,0,0,0,0,1,1,6,6,2,30,6,1968,2,12,VOLKSWAGEN PASSAT,-1,-1,0,-1
2021010293313,2021,010293313,2,9,0,99,99,9,9,99,99,9,9,99,9,99,1,1,6,6,3,-1,-1,1968,2,11,VOLKSWAGEN PASSAT,-1,-1,0,-1
2021320725247,2021,320725247,2,9,0,9,9,7,4,0,0,6,0,0,0,0,3,1,2,2,2,53,8,1968,2,13,VOLKSWAGEN PASSAT,3,E01026146,0,-1
2021122101290,2021,122101290,5,9,0,18,19,5,1,0,0,1,0,0,0,0,0,1,6,6,1,62,9,1968,2,10,VOLKSWAGEN PASSAT,9,E01027660,0,-1
2021041042472,2021,041042472,1,9,0,18,19,5,5,0,0,1,0,0,0,0,4,1,6,6,1,63,9,1968,2,4,VOLKSWAGEN PASSAT,9,E01025318,0,-1
2021201144796,2021,201144796,2,9,0,4,4,6,2,0,0,1,0,0,0,0,3,1,6,6,1,26,6,1968,2,5,VOLKSWAGEN PASSAT,1,E01009200,0,-1
2021461128494,2021,461128494,3,9,0,18,19,1,5,0,0,0,0,0,0,0,2,1,3,7,2,42,7,1968,2,11,VOLKSWAGEN PASSAT,7,E01024388,0,-1
2021010314081,2021,010314081,2,8,0,4,4,1,5,0,0,4,0,0,0,0,1,1,1,1,1,40,7,1598,2,8,VOLKSWAGEN PASSAT,4,E01024179,0,-1
2021320445761,2021,320445761,1,9,0,18,19,2,6,0,0,8,0,0,7,4,3,1,6,6,2,32,6,1896,2,17,VOLKSWAGEN PASSAT,3,E01026174,0,-1
2021010296310,2021,010296310,1,9,0,18,19,3,7,0,0,8,5,0,4,1,3,1,6,6,3,-1,-1,1896,2,15,VOLKSWAGEN PASSAT,-1,-1,0,-1
2021010300300,2021,010300300,2,9,0,18,19,5,1,0,0,0,0,0,0,0,4,2,6,6,1,63,9,1800,1,21,VOLKSWAGEN PASSAT,2,E01003049,0,-1
202106Q079422,2021,06Q079422,2,9,0,16,19,7,3,0,0,8,0,0,0,0,1,1,6,6,2,40,7,1968,2,13,VOLKSWAGEN PASSAT,2,E01005320,0,-1
2021010325209,2021,010325209,2,9,0,18,19,3,7,0,0,1,0,0,0,0,1,1,1,1,1,32,6,1968,2,11,VOLKSWAGEN PASSAT,5,E01001322,0,-1
2021010297712,2021,010297712,2,9,0,9,9,5,3,0,0,2,0,0,0,0,3,1,6,6,1,55,8,1968,2,9,VOLKSWAGEN PASSAT,9,E01003799,0,-1
2021520201213,2021,520201213,1,9,0,18,19,5,1,0,0,1,0,0,0,0,1,1,6,6,1,53,8,1395,8,4,VOLKSWAGEN PASSAT,5,E01032054,0,-1
2021544644221,2021,544644221,1,9,0,18,19,7,3,0,0,0,1,0,1,1,1,1,6,6,1,23,5,1968,2,12,VOLKSWAGEN PASSAT,2,E01033200,0,-1
2021010328029,2021,010328029,2,9,0,99,99,9,9,99,99,9,9,99,9,99,2,9,6,6,1,53,8,1968,2,9,VOLKSWAGEN PASSAT,6,E01001272,0,-1
2021141074588,2021,141074588,1,9,0,18,19,1,5,0,0,0,1,0,1,11,1,1,5,6,1,35,6,1896,2,15,VOLKSWAGEN PASSAT,1,E01020980,0,-1
2021991121019,2021,991121019,1,8,0,5,5,3,5,0,0,8,0,0,0,0,1,2,1,1,1,63,9,1968,2,13,VOLKSWAGEN PASSAT,4,-1,0,-1
2021201131966,2021,201131966,2,9,0,18,19,-1,-1,0,0,8,0,0,0,0,1,1,6,6,1,-1,-1,1968,2,10,VOLKSWAGEN PASSAT,1,E01009117,0,-1
2021361128507,2021,361128507,1,9,0,18,19,2,6,0,0,0,0,0,1,0,1,1,5,6,1,80,11,1896,2,15,VOLKSWAGEN PASSAT,6,E01033453,0,-1
2021430399785,2021,430399785,1,9,0,17,19,8,5,0,0,8,0,0,0,0,3,1,6,6,1,32,6,1968,2,16,VOLKSWAGEN PASSAT,8,E01016544,0,-1
2021411030724,2021,411030724,1,9,0,4,4,3,7,0,0,1,0,0,0,0,1,1,2,2,1,29,6,1984,1,15,VOLKSWAGEN PASSAT,8,E01000269,0,-1
2021010308963,2021,010308963,2,9,0,18,19,6,2,0,0,1,0,0,0,0,3,1,6,6,1,20,4,1984,1,15,VOLKSWAGEN PASSAT,-1,-1,0,-1
2021440264334,2021,440264334,2,9,0,10,10,1,7,0,0,1,0,0,0,0,3,1,1,1,1,31,6,1598,2,10,VOLKSWAGEN PASSAT,10,E01022867,0,-1
2021070548094,2021,070548094,1,9,0,4,4,7,3,0,0,0,0,0,0,0,2,1,6,6,1,34,6,1968,2,0,VOLKSWAGEN PASSAT,5,E01005520,0,-1
2021041099364,2021,041099364,1,9,0,18,19,3,7,0,0,0,0,0,0,0,4,1,6,6,3,24,5,1968,2,9,VOLKSWAGEN PASSAT,3,E01012632,0,-1
2021141053180,2021,141053180,1,3,0,16,19,6,1,0,0,0,5,0,0,0,1,1,6,6,1,27,6,124,1,10,-1,3,E01007758,0,-1
2021010318674,2021,010318674,2,3,0,18,19,9,9,0,0,0,9,0,0,99,1,9,6,6,1,-1,-1,124,1,10,-1,-1,-1,0,-1
2021041088109,2021,041088109,2,3,0,18,19,3,7,0,0,2,1,0,0,0,0,1,5,6,2,57,9,125,1,6,-1,2,E01025059,0,-1
2021451109098,2021,451109098,2,3,0,18,19,5,1,0,0,0,0,0,0,0,1,1,2,2,1,22,5,124,1,11,-1,5,E01031600,0,-1
2021052101448,2021,052101448,2,3,0,18,19,3,7,0,0,0,0,0,0,0,1,1,6,6,2,53,8,124,1,9,-1,1,E01007278,0,-1
2021501036876,2021,501036876,1,3,0,18,19,4,8,0,0,0,0,10,0,0,1,1,6,6,1,85,11,124,1,13,-1,2,E01018860,0,-1
2021141097252,2021,141097252,1,3,0,16,19,7,3,0,0,0,0,0,0,0,1,1,5,6,1,33,6,124,1,8,-1,1,E01007790,0,-1
2021061094174,2021,061094174,2,4,0,18,19,7,3,0,0,8,0,0,0,0,1,1,5,6,1,28,6,124,1,9,-1,4,E01005712,0,-1
2021351045948,2021,351045948,1,5,0,9,9,7,3,0,0,0,0,0,0,0,1,1,5,6,1,64,9,1254,1,1,BMW R 1250,7,E01023856,0,-1
2021520202160,2021,520202160,1,5,0,17,19,1,5,0,0,0,1,0,1,0,1,1,6,6,1,50,8,1254,1,0,BMW R 1250,10,E01022790,0,-1
2021531089276,2021,531089276,1,5,0,13,13,5,1,0,0,0,5,0,0,0,3,1,5,6,1,45,7,1254,1,1,BMW R 1250,1,E01027231,0,-1
2021401103466,2021,401103466,2,5,0,18,19,1,5,0,0,0,0,0,1,0,2,1,1,1,1,35,6,1254,1,1,BMW R 1250,-1,-1,0,-1
2021991055654,2021,991055654,1,5,0,5,5,2,6,0,0,2,0,0,0,0,3,1,5,6,1,75,10,1254,1,2,BMW R 1250,6,E01027484,0,-1
2021122100668,2021,122100668,1,5,0,17,19,6,8,0,0,0,1,0,0,0,1,1,6,6,1,61,9,1254,1,1,BMW R 1250,10,E01011711,0,-1
2021531050648,2021,531050648,1,5,0,16,19,5,1,0,0,0,1,0,0,0,3,1,5,6,1,69,10,1254,1,0,BMW R 1250,10,E01022608,0,-1
2021061079300,2021,061079300,1,5,0,18,19,5,1,0,0,8,0,0,0,0,1,1,6,6,1,55,8,1254,1,1,BMW R 1250,3,E01005102,0,-1
2021041071982,2021,041071982,2,5,0,16,19,1,5,1,1,0,2,0,0,0,1,1,5,6,1,52,8,1254,1,2,BMW R 1250,2,E01006356,0,-1
2021471043743,2021,471043743,1,5,0,18,19,2,6,0,0,1,5,0,0,0,3,1,5,6,1,59,9,1254,1,1,BMW R 1250,3,E01017360,0,-1
2021041029883,2021,041029883,1,5,0,16,19,1,5,0,0,0,0,0,0,0,1,1,6,6,1,63,9,1254,1,1,BMW R 1250,8,E01024944,0,-1
2021411081206,2021,411081206,1,5,0,4,4,-1,-1,0,0,0,0,0,0,0,2,1,1,1,3,-1,-1,1254,1,1,BMW R 1250,-1,-1,0,-1
2021041113454,2021,041113454,1,5,0,18,19,3,7,9,9,4,0,0,0,0,4,1,5,6,1,71,10,1254,1,2,BMW R 1250,7,E01004933,0,-1
2021522102000,2021,522102000,2,4,0,13,13,3,7,0,0,8,0,0,0,0,3,1,6,6,1,30,6,1254,1,2,-1,5,W01001649,0,-1
2021451070865,2021,451070865,2,5,0,18,19,6,2,6,6,0,0,11,0,0,1,1,1,1,1,50,8,1254,1,1,BMW R 1250,10,E01030435,0,-1
2021401103466,2021,401103466,1,5,0,18,19,1,5,0,0,0,0,0,7,0,1,1,1,1,1,-1,-1,1254,1,1,BMW R 1250,-1,-1,0,-1
2021361109332,2021,361109332,2,3,0,18,19,7,3,0,0,0,0,0,0,0,1,1,6,6,1,35,6,125,1,5,-1,2,E01026796,0,-1
2021411092122,2021,411092122,2,9,0,18,19,5,1,0,0,8,0,0,0,0,4,1,6,6,2,30,6,1997,2,20,-1,6,E01023942,0,-1
2021161100830,2021,161100830,2,9,0,18,19,1,1,0,0,0,0,0,0,0,2,1,5,6,2,52,8,1998,1,28,-1,3,E01012866,0,-1
2021991050856,2021,991050856,1,5,0,7,7,1,3,0,0,5,0,0,0,0,4,1,5,6,1,58,9,883,1,6,-1,-1,-1,0,-1
2021010337869,2021,010337869,1,5,0,99,99,9,9,99,99,0,9,99,9,99,9,1,6,6,1,31,6,1202,1,4,-1,3,E01021861,0,-1
2021201137102,2021,201137102,2,5,0,18,19,2,6,0,0,8,0,0,0,0,1,1,1,1,1,47,8,1202,1,3,-1,5,E01010159,0,-1
2021430506577,2021,430506577,1,5,0,17,19,7,6,0,0,8,1,0,1,10,1,1,6,6,1,62,9,1200,1,16,-1,6,E01017827,0,-1
2021520101622,2021,520101622,2,4,0,18,19,1,5,0,0,0,0,0,0,0,1,1,6,6,1,65,9,124,1,22,-1,4,E01029174,0,-1
2021052100206,2021,052100206,2,5,0,18,19,4,8,0,0,8,0,0,0,0,4,1,6,6,1,30,6,649,1,5,-1,4,E01006998,0,-1
2021041076945,2021,041076945,2,5,0,18,19,1,5,0,0,1,5,0,0,0,3,1,2,2,1,48,8,649,1,5,-1,4,E01012731,0,-1
2021991086583,2021,991086583,1,5,0,17,19,6,2,0,0,8,0,0,1,0,1,1,5,6,1,34,6,998,1,13,-1,4,E01008583,0,-1
2021010331719,2021,010331719,1,5,0,99,99,9,9,99,99,9,9,99,9,99,1,1,2,2,1,53,8,998,1,10,-1,5,E01003642,0,-1
2021041083882,2021,041083882,1,5,0,18,19,1,5,0,0,0,0,0,7,9,0,1,5,6,1,59,9,998,1,14,-1,7,E01019010,0,-1
2021991076330,2021,991076330,1,5,0,13,13,2,5,0,0,1,0,0,0,0,1,1,5,6,1,71,10,998,1,11,-1,7,-1,0,-1
2021351091387,2021,351091387,2,5,0,14,14,5,1,0,0,0,2,0,0,0,1,1,5,6,1,57,9,998,1,12,-1,7,E01018082,0,-1
2021501039446,2021,501039446,1,3,0,17,19,1,5,0,0,0,0,0,0,0,3,1,5,6,1,20,4,125,1,20,-1,3,E01018950,0,-1
2021440329461,2021,440329461,1,3,0,18,19,7,3,0,0,1,1,0,0,0,1,1,2,2,1,23,5,125,1,20,-1,8,E01022780,0,-1
2021451036604,2021,451036604,2,5,0,9,9,3,7,0,0,8,0,0,0,0,3,1,5,6,1,65,9,1690,1,9,-1,8,E01001072,0,-1
2021122100638,2021,122100638,2,20,0,18,19,2,6,0,0,0,0,0,0,0,3,1,1,1,1,28,6,3920,2,7,IVECO Model Missing,3,E01011627,0,-1
2021411058311,2021,411058311,2,21,1,18,19,7,3,0,0,0,0,0,0,0,3,1,1,1,1,24,5,8710,5,2,IVECO Model Missing,1,E01013684,0,-1
2021131116796,2021,131116796,1,19,0,-1,-1,-1,-1,-1,-1,-1,-1,-1,-1,-1,-1,1,6,6,3,-1,-1,2287,2,3,IVECO Model Missing,-1,-1,0,-1
2021041051094,2021,041051094,3,19,0,4,4,5,1,0,0,1,0,0,0,0,2,1,6,6,1,38,7,2300,2,17,IVECO Model Missing,1,E01006254,0,-1
2021141013308,2021,141013308,1,20,0,18,19,5,1,0,0,0,1,0,0,0,4,1,1,1,1,61,9,5880,2,15,IVECO Model Missing,1,E01007327,0,-1
2021010298239,2021,010298239,1,19,0,99,99,9,9,0,0,9,0,0,0,0,9,9,6,6,3,-1,-1,4485,2,5,IVECO Model Missing,3,E01000689,0,-1
2021201083233,2021,201083233,1,20,0,9,9,2,8,0,0,6,0,0,0,0,3,1,1,1,1,60,9,3920,2,11,IVECO Model Missing,1,E01010107,0,-1
2021622100332,2021,622100332,1,20,0,1,1,5,1,0,0,0,0,0,0,0,2,1,1,1,1,43,7,3920,2,8,IVECO Model Missing,6,W01000916,0,-1
2021131051444,2021,131051444,1,19,0,17,19,5,5,0,0,0,1,0,0,0,1,1,1,1,1,52,8,2300,2,18,IVECO Model Missing,2,E01027812,0,-1
2021531029656,2021,531029656,1,21,0,16,19,5,1,0,0,0,0,0,0,0,0,1,1,1,1,68,10,12900,5,2,IVECO Model Missing,2,E01014629,0,-1
2021031037131,2021,031037131,1,20,0,18,19,2,5,0,0,0,0,0,1,0,0,1,1,1,1,38,7,4485,2,5,IVECO Model Missing,-1,-1,0,-1
2021010292839,2021,010292839,1,19,0,18,19,7,3,0,0,8,0,0,0,0,3,1,1,1,1,59,9,-1,-1,-1,IVECO Model Missing,7,E01031701,0,-1
2021531092588,2021,531092588,2,20,0,18,19,6,2,0,0,1,0,0,0,0,1,1,1,1,1,46,8,3920,2,12,IVECO Model Missing,-1,-1,0,-1
2021451028271,2021,451028271,1,21,1,18,19,3,7,0,0,0,4,10,0,0,3,1,1,1,1,56,9,12882,2,3,IVECO Model Missing,7,E01024058,0,-1
2021991080478,2021,991080478,2,21,0,2,2,0,0,0,0,0,5,0,0,0,2,1,5,6,1,43,7,3920,2,17,IVECO Model Missing,6,E01014891,0,-1
2021061043819,2021,061043819,2,21,0,18,19,4,8,0,0,2,0,0,0,0,1,1,6,6,1,30,6,10308,2,10,IVECO Model Missing,-1,-1,0,-1
2021161091945,2021,161091945,2,9,0,18,19,5,1,0,0,8,0,0,0,0,1,1,6,6,1,26,6,2720,2,13,JAGUAR XF SERIES,1,E01012850,0,-1
2021552101178,2021,552101178,1,9,0,18,19,2,6,9,9,0,0,4,7,5,1,1,6,6,3,-1,-1,2720,2,12,JAGUAR XF SERIES,-1,-1,0,-1
2021131043617,2021,131043617,1,9,0,5,5,3,7,0,0,1,0,0,0,0,4,1,5,6,1,72,10,2993,2,10,JAGUAR XF SERIES,8,E01011066,0,-1
2021211086888,2021,211086888,2,9,0,18,19,7,3,0,0,0,0,0,0,0,4,1,6,6,1,75,10,2179,2,9,JAGUAR XF SERIES,6,E01028913,0,-1
2021991031172,2021,991031172,4,9,0,18,19,5,1,0,0,0,0,0,0,0,0,1,1,1,1,49,8,2993,2,9,JAGUAR XF SERIES,2,-1,0,-1
2021531011418,2021,531011418,1,9,0,18,19,1,5,0,0,0,1,0,1,9,3,1,2,2,1,59,9,2720,2,13,JAGUAR XF SERIES,5,E01014076,0,-1
2021041121203,2021,041121203,2,9,0,18,19,5,1,0,0,2,0,0,0,0,0,1,2,2,1,38,7,2179,2,10,JAGUAR XF SERIES,7,E01012717,0,-1
2021371142019,2021,371142019,2,9,0,18,19,5,1,0,0,1,1,0,0,0,1,1,5,6,1,29,6,2720,2,12,JAGUAR XF SERIES,4,E01030161,0,-1
2021010332711,2021,010332711,2,9,0,18,19,5,1,0,0,8,9,0,0,0,1,9,6,6,3,-1,-1,2993,2,7,JAGUAR XF SERIES,-1,-1,0,-1
2021440165510,2021,440165510,1,9,0,3,3,5,1,0,0,1,0,0,0,0,2,1,6,6,1,-1,-1,2993,2,4,JAGUAR XF SERIES,4,E01003448,0,-1
2021061067058,2021,061067058,1,9,0,18,19,8,4,0,0,0,0,0,0,0,3,1,6,6,1,57,9,2720,2,12,JAGUAR XF SERIES,7,E01005857,0,-1
2021231078936,2021,231078936,1,9,0,5,5,1,8,0,0,4,0,0,0,0,1,1,6,6,1,44,7,2993,2,11,JAGUAR XF SERIES,6,E01009618,0,-1
2021622100667,2021,622100667,2,9,0,4,4,6,2,0,0,4,0,0,0,0,2,1,6,6,1,59,9,1999,2,3,JAGUAR XF SERIES,3,W01001045,0,-1
2021010336073,2021,010336073,1,9,0,9,9,4,1,0,0,2,0,0,0,0,1,1,6,6,1,30,6,2993,2,10,JAGUAR XF SERIES,4,E01003784,0,-1
2021320074335,2021,320074335,2,9,0,18,19,5,1,0,0,1,0,0,0,0,1,1,6,6,1,60,9,2993,2,10,JAGUAR XF SERIES,5,E01026151,0,-1
2021302101763,2021,302101763,2,9,0,18,19,8,4,0,0,1,0,0,0,0,1,1,6,6,1,26,6,1999,2,5,JAGUAR XF SERIES,6,E01019882,0,-1
2021440074557,2021,440074557,2,9,0,18,19,6,2,0,0,0,1,0,0,0,0,1,6,6,1,69,10,2179,2,9,JAGUAR XF SERIES,6,E01022814,0,-1
2021221039654,2021,221039654,1,9,0,9,9,2,8,0,0,8,0,0,0,0,1,1,1,1,1,37,7,2179,2,6,JAGUAR XF SERIES,6,E01009126,0,-1
2021361090408,2021,361090408,1,9,0,18,19,2,6,0,0,0,0,0,0,0,4,1,5,6,1,54,8,2179,2,10,JAGUAR XF SERIES,6,E01026555,0,-1
2021451110067,2021,451110067,4,9,0,18,19,5,1,0,0,0,0,0,0,0,4,1,1,1,1,55,8,2179,2,9,JAGUAR XF SERIES,10,E01030997,0,-1
2021461026262,2021,461026262,2,9,0,18,19,7,3,0,0,0,0,0,0,0,0,1,6,6,2,78,11,1999,2,4,JAGUAR XF SERIES,4,E01016120,0,-1
2021430365485,2021,430365485,2,9,0,8,8,6,2,0,0,7,0,0,0,0,2,1,6,6,1,77,11,2993,2,10,JAGUAR XF SERIES,5,E01017908,0,-1
2021041051984,2021,041051984,1,9,0,18,19,2,6,0,0,1,0,0,0,0,1,1,5,6,1,49,8,2993,2,10,JAGUAR XF SERIES,2,E01025369,0,-1
2021010328036,2021,010328036,2,9,0,18,19,5,1,0,0,1,0,0,0,0,1,1,6,6,1,42,7,2179,2,7,JAGUAR XF SERIES,5,E01015767,0,-1
2021471117277,2021,471117277,1,9,0,7,7,1,3,0,0,6,0,0,0,0,3,1,6,6,2,33,6,2179,2,10,JAGUAR XF SERIES,8,E01016995,0,-1
2021320571262,2021,320571262,1,9,0,9,9,4,1,0,0,6,0,0,0,0,1,1,2,2,2,44,7,2179,2,7,JAGUAR XF SERIES,9,E01026263,0,-1
2021101021155,2021,101021155,1,9,0,4,4,3,7,0,0,4,0,0,0,0,1,1,6,6,1,52,8,2720,2,13,JAGUAR XF SERIES,3,E01008637,0,-1
2021161045400,2021,161045400,1,9,0,18,19,3,7,0,0,0,0,0,0,0,1,1,5,6,1,54,8,2993,2,10,JAGUAR XF SERIES,4,E01013320,0,-1
2021552100656,2021,552100656,1,9,0,9,9,1,7,0,0,6,0,0,0,0,3,1,6,6,1,70,10,2993,2,11,JAGUAR XF SERIES,6,E01020471,0,-1
202163D033921,2021,63D033921,1,9,0,18,19,2,6,0,0,4,1,0,0,0,4,1,6,6,1,87,11,2967,1,12,JAGUAR XF SERIES,10,E01012449,0,-1
2021361108465,2021,361108465,1,9,0,9,9,3,1,0,0,0,0,0,0,0,3,1,1,1,1,32,6,2993,2,10,JAGUAR XF SERIES,8,E01026454,0,-1
2021351106277,2021,351106277,1,9,0,18,19,7,3,0,0,1,0,0,0,0,1,1,5,6,1,75,10,2179,2,9,JAGUAR XF SERIES,5,E01026718,0,-1
2021440140190,2021,440140190,2,9,0,5,5,3,7,0,0,8,0,0,0,0,1,1,6,6,1,55,8,2993,2,7,JAGUAR XF SERIES,10,E01022867,0,-1
2021440113724,2021,440113724,2,9,0,3,3,4,4,0,0,0,0,0,0,0,2,1,3,7,1,26,6,1997,1,0,JAGUAR XF SERIES,8,E01032871,0,-1
202163D095721,2021,63D095721,2,9,0,9,9,8,6,0,0,6,0,0,0,0,1,1,6,6,1,76,11,1999,2,3,JAGUAR XF SERIES,10,E01028972,0,-1
2021320433577,2021,320433577,2,9,0,18,19,4,8,0,0,8,0,0,0,0,3,1,6,6,1,31,6,2993,2,12,JAGUAR XF SERIES,4,E01026148,0,-1
2021430156127,2021,430156127,2,9,0,18,19,6,4,0,0,6,0,0,0,0,3,1,1,1,1,33,6,2993,2,6,JAGUAR XF SERIES,7,E01033720,0,-1
2021991077963,2021,991077963,2,9,0,18,19,7,3,0,0,8,0,0,0,0,3,1,5,6,1,40,7,2179,2,6,JAGUAR XF SERIES,2,-1,0,-1
2021201143583,2021,201143583,2,9,0,18,19,6,2,0,0,8,0,0,0,0,4,1,1,1,1,51,8,1999,2,2,JAGUAR XF SERIES,8,E01009958,0,-1
2021401083476,2021,401083476,2,9,0,18,19,6,2,0,0,0,0,0,0,0,3,1,5,6,1,30,6,1997,1,2,JAGUAR XF SERIES,10,E01017553,0,-1
2021131041308,2021,131041308,1,9,0,18,19,2,6,0,0,8,0,0,0,0,4,1,6,6,3,20,4,2720,2,13,JAGUAR XF SERIES,-1,-1,0,-1
2021461034285,2021,461034285,2,9,0,18,19,1,5,0,0,1,0,0,0,0,1,1,1,1,1,25,5,1999,2,4,JAGUAR XF SERIES,4,E01021272,0,-1
2021041059410,2021,041059410,2,9,0,18,19,1,4,0,0,3,0,0,0,0,4,1,2,2,1,37,7,1999,2,5,JAGUAR XF SERIES,2,E01024926,0,-1
2021991053360,2021,991053360,1,9,0,18,19,8,6,0,0,2,0,0,4,0,1,1,5,6,1,85,11,2179,2,7,JAGUAR XF SERIES,10,-1,0,-1
2021531105237,2021,531105237,2,9,0,2,2,0,0,0,0,0,0,0,0,0,2,1,6,6,3,-1,-1,2720,2,12,JAGUAR XF SERIES,-1,-1,0,-1
2021101059727,2021,101059727,2,9,0,7,7,7,3,0,0,8,0,0,0,0,1,1,6,6,1,71,10,2179,2,8,JAGUAR XF SERIES,1,E01008390,0,-1
2021161017712,2021,161017712,1,9,0,13,13,6,2,0,0,0,0,0,0,0,4,1,6,6,1,-1,-1,2179,2,9,JAGUAR XF SERIES,-1,-1,0,-1
2021320659216,2021,320659216,1,9,0,18,19,1,5,0,0,8,0,0,0,0,1,1,2,2,1,35,6,1999,2,5,JAGUAR XF SERIES,8,E01026321,0,-1
2021131115597,2021,131115597,1,9,0,2,2,0,0,9,9,8,0,0,0,0,4,1,6,6,3,-1,-1,1999,2,5,JAGUAR XF SERIES,-1,-1,0,-1
2021471081207,2021,471081207,1,9,0,9,9,5,2,0,0,8,0,0,0,0,3,1,5,6,1,75,10,2179,2,9,JAGUAR XF SERIES,4,E01016925,0,-1
2021461104271,2021,461104271,1,9,0,5,5,3,7,0,0,1,0,0,0,0,1,1,5,6,1,67,10,2720,2,13,JAGUAR XF SERIES,4,E01024087,0,-1
2021010303724,2021,010303724,2,9,0,18,19,3,7,99,99,8,9,99,9,99,1,1,6,6,2,-1,-1,2993,2,4,JAGUAR XF SERIES,-1,-1,0,-1
2021991082974,2021,991082974,5,9,0,18,19,8,4,0,0,0,0,0,0,0,3,1,1,1,1,62,9,2179,2,7,JAGUAR XF SERIES,7,-1,0,-1
2021451072448,2021,451072448,6,9,0,18,19,1,5,0,0,0,0,0,0,0,3,1,6,6,1,58,9,2179,2,6,JAGUAR XF SERIES,10,E01031729,0,-1