collision_index,collision_year,collision_ref_no,vehicle_reference,vehicle_type,towing_and_articulation,vehicle_manoeuvre_historic,vehicle_manoeuvre,vehicle_direction_from,vehicle_direction_to,vehicle_location_restricted_lane_historic,vehicle_location_restricted_lane,junction_location,skidding_and_overturning,hit_object_in_carriageway,vehicle_leaving_carriageway,hit_object_off_carriageway,first_point_of_impact,vehicle_left_hand_drive,journey_purpose_of_driver_historic,journey_purpose_of_driver,sex_of_driver,age_of_driver,age_band_of_driver,engine_capacity_cc,propulsion_code,age_of_vehicle,generic_make_model,driver_imd_decile,lsoa_of_driver,escooter_flag,driver_distance_banding
2021461051736,2021,461051736,1,9,0,18,19,8,4,0,0,8,0,0,0,0,1,1,6,6,2,56,9,2179,2,6,JAGUAR XF SERIES,4,E01024042,0,-1
2021122200058,2021,122200058,1,9,0,5,5,6,1,0,0,4,0,0,0,0,2,1,6,6,1,63,9,2993,2,12,JAGUAR XF SERIES,10,E01028722,0,-1
2021010330353,2021,010330353,1,9,0,3,3,3,7,99,99,0,9,0,0,0,2,9,3,7,1,30,6,2179,2,6,JAGUAR XF SERIES,4,E01003560,0,-1
2021010333704,2021,010333704,2,9,0,5,5,2,6,0,0,0,0,0,0,0,1,1,6,6,1,36,7,1999,2,5,JAGUAR XF SERIES,2,E01003079,0,-1
2021302100852,2021,302100852,2,9,0,9,9,8,4,0,0,8,0,0,2,7,4,1,2,2,1,39,7,2967,1,13,JAGUAR XF SERIES,5,E01013518,0,-1
2021061130316,2021,061130316,1,9,0,8,8,5,7,0,0,1,0,0,0,0,2,1,5,6,1,42,7,2993,2,12,JAGUAR XF SERIES,2,E01004956,0,-1
2021361140108,2021,361140108,1,9,0,18,19,5,1,0,0,8,0,0,0,0,3,1,5,6,1,65,9,2967,1,13,JAGUAR XF SERIES,7,E01026910,0,-1
2021401059291,2021,401059291,2,9,0,13,13,6,2,0,0,0,1,0,0,0,1,1,1,1,1,23,5,2179,2,9,JAGUAR XF SERIES,3,E01017515,0,-1
2021141086406,2021,141086406,2,9,0,18,19,4,8,0,0,1,0,0,0,0,2,1,5,6,1,74,10,1999,2,3,JAGUAR XF SERIES,5,E01013107,0,-1
2021351114170,2021,351114170,1,9,0,4,4,4,8,0,0,0,0,0,0,0,2,1,6,6,1,51,8,2993,2,11,JAGUAR XF SERIES,6,E01018208,0,-1
2021010344677,2021,010344677,1,9,0,18,19,7,3,4,4,0,0,0,0,0,4,1,1,1,1,32,6,2179,2,6,JAGUAR XF SERIES,9,E01016575,0,-1
2021411019171,2021,411019171,1,9,0,18,19,1,5,0,0,0,1,0,0,0,3,1,6,6,1,37,7,2993,2,12,JAGUAR XF SERIES,9,E01023731,0,-1
2021041020172,2021,041020172,3,9,0,2,2,0,0,6,6,2,0,0,0,0,3,1,6,6,3,-1,-1,1999,2,5,JAGUAR XF SERIES,-1,-1,0,-1
2021061055695,2021,061055695,5,9,0,4,4,3,3,0,0,0,0,0,0,0,2,1,2,2,2,46,8,1999,2,5,JAGUAR XF SERIES,8,E01005155,0,-1
2021170S10391,2021,170S10391,2,9,0,9,9,5,2,0,0,4,0,0,0,0,1,1,6,6,1,27,6,2993,2,12,JAGUAR XF SERIES,1,E01012036,0,-1
2021440242106,2021,440242106,1,9,0,10,10,5,2,0,0,1,0,0,0,0,2,1,6,6,1,32,6,2179,2,9,JAGUAR XF SERIES,6,E01031509,0,-1
202131B100221,2021,31B100221,2,9,0,18,19,6,2,0,0,2,0,0,0,0,2,1,6,6,1,57,9,2179,2,8,JAGUAR XF SERIES,5,E01028155,0,-1
2021320713981,2021,320713981,2,9,0,18,19,5,1,0,0,0,0,0,0,0,1,2,6,6,2,58,9,2179,2,8,JAGUAR XF SERIES,3,E01026110,0,-1
2021552100627,2021,552100627,2,9,0,18,19,1,5,0,0,0,0,0,0,0,1,1,6,6,1,62,9,2179,2,6,JAGUAR XF SERIES,4,E01015303,0,-1
2021201060817,2021,201060817,1,9,0,13,13,4,8,0,0,0,0,0,0,0,4,1,5,6,1,68,10,2179,2,9,JAGUAR XF SERIES,2,E01010277,0,-1
2021010311105,2021,010311105,1,9,0,18,19,2,6,0,0,2,0,0,0,0,2,1,6,6,1,53,8,1997,1,2,JAGUAR XF SERIES,9,E01004136,0,-1
2021101057487,2021,101057487,2,9,0,4,4,1,5,0,0,1,0,0,0,0,4,1,6,6,1,32,6,2993,2,10,JAGUAR XF SERIES,1,E01008165,0,-1
2021010296036,2021,010296036,2,9,0,7,7,4,6,0,0,6,9,0,0,99,1,9,6,6,1,43,7,2993,2,10,JAGUAR XF SERIES,2,E01003479,0,-1
2021302101272,2021,302101272,1,9,0,18,19,4,8,0,0,2,1,10,7,1,1,1,6,6,1,44,7,2993,2,12,JAGUAR XF SERIES,1,E01028276,0,-1
2021311030835,2021,311030835,2,9,0,18,19,5,1,0,0,1,0,0,0,0,1,1,1,1,1,61,9,2179,2,6,JAGUAR XF SERIES,1,E01013962,0,-1
2021201132063,2021,201132063,2,9,0,18,19,8,4,0,0,1,0,0,0,0,1,1,6,6,1,38,7,2993,2,11,JAGUAR XF SERIES,5,E01010431,0,-1
2021010328139,2021,010328139,1,9,0,5,5,7,3,2,2,2,0,0,0,0,3,1,6,6,1,57,9,2179,2,6,JAGUAR XF SERIES,10,E01017815,0,-1
2021622100136,2021,622100136,2,9,0,18,19,4,8,0,0,1,0,0,0,0,1,1,6,6,1,39,7,2993,2,11,JAGUAR XF SERIES,7,W01000878,0,-1
2021430586535,2021,430586535,2,9,0,18,19,1,5,0,0,0,0,0,0,0,3,1,6,6,1,24,5,2179,2,10,JAGUAR XF SERIES,-1,-1,0,-1
2021010319467,2021,010319467,1,9,0,6,6,3,3,0,0,8,0,0,0,0,3,1,6,6,1,22,5,1999,2,5,JAGUAR XF SERIES,2,E01004235,0,-1
2021201111516,2021,201111516,1,9,0,18,19,3,7,0,0,2,0,0,0,0,3,1,6,6,1,57,9,1999,2,5,JAGUAR XF SERIES,10,E01029674,0,-1
2021052100308,2021,052100308,2,9,0,17,19,1,7,0,0,8,0,0,0,0,3,1,2,2,1,36,7,2179,2,10,JAGUAR XF SERIES,3,E01015095,0,-1
2021061074551,2021,061074551,2,9,0,18,19,7,3,0,0,8,0,0,0,0,1,1,6,6,2,52,8,1997,1,2,JAGUAR XF SERIES,6,E01006143,0,-1
2021501046549,2021,501046549,2,9,0,4,4,2,6,0,0,1,0,0,0,0,1,1,5,6,1,76,11,2179,2,9,JAGUAR XF SERIES,6,E01015079,0,-1
2021421016604,2021,421016604,3,9,0,2,2,0,0,0,0,0,0,0,0,0,2,1,6,6,3,-1,-1,1999,2,3,JAGUAR XF SERIES,-1,-1,0,-1
2021421108302,2021,421108302,1,9,0,2,2,3,7,0,0,0,0,0,0,0,3,1,2,2,1,31,6,2993,2,10,JAGUAR XF SERIES,9,E01015982,0,-1
2021421035142,2021,421035142,1,9,0,18,19,3,7,0,0,1,0,0,0,0,0,1,6,6,3,-1,-1,2993,2,9,JAGUAR XF SERIES,-1,-1,0,-1
2021430405965,2021,430405965,1,9,0,18,19,3,7,0,0,6,0,0,0,0,3,1,6,6,1,30,6,2993,2,11,JAGUAR XF SERIES,9,E01016641,0,-1
2021211147749,2021,211147749,1,9,0,17,19,3,8,0,0,0,0,0,7,0,1,1,6,6,1,59,9,2993,2,12,JAGUAR XF SERIES,7,E01029772,0,-1
2021361092123,2021,361092123,1,9,0,12,12,8,4,0,0,1,0,0,0,0,3,1,5,6,1,65,9,2993,2,7,JAGUAR XF SERIES,6,E01026904,0,-1
2021010305834,2021,010305834,1,9,0,99,99,9,9,99,99,9,9,99,9,99,2,9,2,2,1,46,8,2993,2,12,JAGUAR XF SERIES,2,E01002097,0,-1
2021451091203,2021,451091203,1,9,0,7,7,7,3,0,0,1,0,0,7,10,1,1,2,2,1,31,6,2993,2,4,JAGUAR XF SERIES,3,E01003519,0,-1
2021010333182,2021,010333182,2,9,0,99,99,9,9,99,99,0,9,99,9,99,9,9,6,6,3,29,6,2179,2,9,JAGUAR XF SERIES,1,E01005186,0,-1
2021461074840,2021,461074840,2,9,0,18,19,6,2,0,0,0,0,0,0,0,1,1,5,6,1,71,10,2993,2,10,JAGUAR XF SERIES,8,E01024542,0,-1
2021101066441,2021,101066441,1,9,0,16,19,3,7,0,0,0,0,0,0,0,3,1,5,6,1,35,6,2993,2,7,JAGUAR XF SERIES,9,E01008674,0,-1
2021231119296,2021,231119296,4,9,0,3,3,5,1,0,0,8,0,0,0,0,2,1,5,6,1,71,10,2179,2,6,JAGUAR XF SERIES,7,E01031055,0,-1
2021991026026,2021,991026026,1,9,0,18,19,1,4,0,0,2,0,0,0,0,1,1,6,6,1,31,6,2720,2,13,JAGUAR XF SERIES,1,-1,0,-1
2021201116083,2021,201116083,1,9,0,5,5,4,8,0,0,6,0,10,3,2,1,1,2,2,1,57,9,2179,2,8,JAGUAR XF SERIES,1,E01009752,0,-1
202131C200921,2021,31C200921,2,9,0,18,19,3,7,0,0,1,0,0,0,0,1,1,6,6,2,-1,-1,2993,2,7,JAGUAR XF SERIES,-1,-1,0,-1
2021041114782,2021,041114782,2,9,0,18,19,2,6,0,0,1,1,0,1,9,3,1,5,6,1,28,6,2993,2,12,JAGUAR XF SERIES,8,E01025344,0,-1
2021070470547,2021,070470547,1,9,0,18,19,3,7,0,0,8,0,0,0,0,1,1,1,1,1,56,9,1999,2,5,JAGUAR XF SERIES,4,E01029807,0,-1
2021041115009,2021,041115009,1,9,0,18,19,5,1,0,0,0,0,0,0,0,4,1,6,6,1,58,9,2179,2,8,JAGUAR XF SERIES,4,E01006501,0,-1
2021010305296,2021,010305296,1,9,0,18,19,5,1,0,0,1,0,0,0,0,1,1,6,6,2,26,6,1997,1,2,JAGUAR XF SERIES,5,E01002234,0,-1
2021991151575,2021,991151575,1,9,0,18,19,6,2,0,0,0,5,0,1,0,1,1,6,6,1,30,6,2993,2,12,JAGUAR XF SERIES,3,-1,0,-1
2021302100825,2021,302100825,1,9,0,7,7,8,2,0,0,0,0,0,0,0,1,1,6,6,1,29,6,2179,2,7,JAGUAR XF SERIES,3,E01007966,0,-1
2021371035564,2021,371035564,3,9,0,18,19,3,7,0,0,1,0,0,0,0,1,1,6,6,1,47,8,2967,1,11,JAGUAR XF SERIES,5,E01030001,0,-1
2021371110711,2021,371110711,1,9,0,4,4,1,4,0,0,1,0,0,0,0,1,1,2,2,2,42,7,2179,2,7,JAGUAR XF SERIES,7,E01030159,0,-1
2021052100646,2021,052100646,2,9,0,2,2,0,0,0,0,1,0,0,0,0,2,1,2,2,3,-1,-1,2993,2,8,JAGUAR XF SERIES,-1,-1,0,-1
2021201062617,2021,201062617,1,9,0,14,14,-1,-1,0,0,0,0,0,0,0,0,1,6,6,1,-1,-1,2993,2,11,JAGUAR XF SERIES,6,E01008925,0,-1
2021052102095,2021,052102095,1,9,0,18,19,5,1,0,0,1,0,0,0,0,1,1,1,1,2,33,6,2179,2,6,JAGUAR XF SERIES,2,E01032510,0,-1
2021471024024,2021,471024024,1,9,0,17,19,6,1,0,0,0,0,0,0,0,4,1,5,6,1,77,11,2967,1,13,JAGUAR XF SERIES,4,E01031428,0,-1
2021041077581,2021,041077581,1,9,0,12,12,1,5,0,0,0,0,0,5,6,1,1,2,2,1,58,9,2993,2,11,JAGUAR XF SERIES,2,E01012746,0,-1
2021201069995,2021,201069995,2,9,0,13,13,8,4,0,0,8,0,0,0,0,1,1,6,6,1,32,6,2179,2,9,JAGUAR XF SERIES,5,E01009185,0,-1
2021101103160,2021,101103160,1,9,0,5,5,7,3,0,0,1,0,0,0,0,2,1,5,6,2,66,10,2179,2,8,JAGUAR XF SERIES,10,E01020870,0,-1
2021010315221,2021,010315221,2,9,0,99,99,9,9,99,99,0,9,99,9,99,1,9,6,6,3,-1,-1,2179,2,6,JAGUAR XF SERIES,-1,-1,0,-1
2021041022954,2021,041022954,1,9,0,1,1,8,2,0,0,6,0,11,0,0,2,1,5,6,1,59,9,2993,2,10,JAGUAR XF SERIES,9,E01024966,0,-1
2021010320465,2021,010320465,1,9,0,5,5,3,7,0,0,4,0,0,0,0,1,1,6,6,3,-1,-1,2993,2,5,JAGUAR XF SERIES,-1,-1,0,-1
2021421102199,2021,421102199,1,9,0,5,5,8,5,0,0,0,0,0,0,0,3,1,5,6,1,59,9,2720,2,13,JAGUAR XF SERIES,6,E01021369,0,-1
2021061090925,2021,061090925,2,9,0,13,13,5,1,0,0,0,0,0,0,0,4,1,6,6,1,30,6,2993,2,12,JAGUAR XF SERIES,5,E01006406,0,-1
2021061099589,2021,061099589,1,9,0,13,13,5,1,0,0,0,0,0,0,0,1,1,5,6,1,34,6,2179,2,9,JAGUAR XF SERIES,4,E01003914,0,-1
2021461128921,2021,461128921,1,9,0,18,19,5,1,0,0,0,0,0,0,0,4,1,6,6,1,27,6,1997,1,2,JAGUAR XF SERIES,3,E01016084,0,-1
2021010338897,2021,010338897,3,9,0,2,2,0,0,0,0,0,0,0,0,0,2,1,6,6,3,-1,-1,2993,2,10,JAGUAR XF SERIES,-1,-1,0,-1
2021440353959,2021,440353959,2,9,0,18,19,1,5,0,0,0,0,0,0,0,2,1,6,6,1,35,6,2993,2,11,JAGUAR XF SERIES,2,E01029842,0,-1
2021421014117,2021,421014117,3,9,0,13,13,3,7,0,0,0,0,0,0,0,3,1,5,6,1,33,6,2720,2,13,JAGUAR XF SERIES,4,E01021367,0,-1
2021531067195,2021,531067195,1,9,0,5,5,1,5,0,0,4,0,0,0,0,1,1,5,6,1,75,10,2179,2,9,JAGUAR XF SERIES,5,E01022448,0,-1
2021522103986,2021,522103986,3,9,0,3,3,6,2,0,0,1,0,0,0,0,2,1,6,6,1,69,10,2179,2,8,JAGUAR XF SERIES,10,E01016586,0,-1
2021061076787,2021,061076787,1,9,3,18,19,6,5,0,0,0,0,0,0,0,0,1,6,6,1,50,8,2993,2,8,JAGUAR XF SERIES,9,E01005577,0,-1
2021461111816,2021,461111816,2,9,0,18,19,3,7,0,0,1,0,0,0,0,1,1,6,6,2,39,7,2993,2,5,JAGUAR XF SERIES,4,E01024582,0,-1
2021471040062,2021,471040062,1,9,0,9,9,8,7,0,0,8,0,0,0,0,1,1,5,6,1,25,5,1999,2,5,JAGUAR XF SERIES,7,E01020964,0,-1
2021451053745,2021,451053745,1,9,0,13,13,5,1,0,0,1,0,0,0,0,4,1,5,6,2,48,8,1999,2,4,JAGUAR XF SERIES,5,E01030786,0,-1
2021010341445,2021,010341445,1,9,0,18,19,7,3,0,0,8,0,0,6,2,3,2,3,7,2,45,7,2967,1,13,JAGUAR XF SERIES,3,E01002711,0,-1
2021440410589,2021,440410589,1,9,0,18,19,1,5,0,0,5,0,0,0,0,1,1,1,1,1,30,6,2179,2,8,JAGUAR XF SERIES,4,E01022841,0,-1
2021531058374,2021,531058374,1,9,0,13,13,1,5,0,0,8,0,0,0,0,1,1,5,6,2,58,9,2993,2,12,JAGUAR XF SERIES,6,E01022234,0,-1
2021411059128,2021,411059128,1,9,0,18,19,2,6,0,0,0,0,0,1,0,3,1,6,6,1,39,7,2993,2,11,JAGUAR XF SERIES,6,E01026707,0,-1
2021010287691,2021,010287691,1,9,0,9,9,5,4,0,0,8,0,0,0,0,1,1,6,6,1,54,8,1999,2,5,JAGUAR XF SERIES,8,E01030580,0,-1
2021201091291,2021,201091291,2,8,0,6,6,5,5,0,0,0,0,0,0,0,3,1,1,1,1,48,8,1999,2,4,JAGUAR XF SERIES,8,E01010333,0,-1
2021161040542,2021,161040542,1,9,0,7,7,4,6,0,0,0,0,0,0,0,4,1,2,2,1,50,8,2993,2,11,JAGUAR XF SERIES,7,E01013010,0,-1
2021010333875,2021,010333875,1,9,0,99,99,9,9,99,99,9,9,99,9,99,9,9,6,6,1,49,8,1999,2,6,JAGUAR XF SERIES,5,E01003701,0,-1
2021061023584,2021,061023584,1,9,0,18,19,1,5,0,0,1,0,0,0,0,1,1,6,6,1,32,6,2993,2,11,JAGUAR XF SERIES,1,E01005167,0,-1
2021991047306,2021,991047306,1,9,0,18,19,6,2,0,0,0,1,0,1,0,2,1,5,6,2,34,6,2993,2,12,JAGUAR XF SERIES,6,E01027517,0,-1
2021010347176,2021,010347176,2,9,0,99,99,9,9,99,99,9,9,99,9,99,9,9,6,6,3,-1,-1,2995,1,5,JAGUAR XF SERIES,8,E01004506,0,-1
2021201056646,2021,201056646,2,9,0,18,19,8,4,0,0,0,0,0,0,0,3,1,6,6,1,37,7,1997,1,3,JAGUAR XF SERIES,7,E01010027,0,-1
202131D053721,2021,31D053721,1,9,0,16,19,5,8,0,0,0,0,0,0,0,1,1,6,6,1,63,9,2993,2,11,JAGUAR XF SERIES,3,E01013932,0,-1
2021351035087,2021,351035087,1,9,0,18,19,1,5,0,0,0,0,0,0,0,1,1,6,6,1,70,10,2993,2,6,JAGUAR XF SERIES,10,E01018177,0,-1
2021010348289,2021,010348289,1,9,0,18,19,7,3,0,0,8,5,0,6,0,1,1,6,6,3,-1,-1,1999,2,1,JAGUAR XF SERIES,-1,-1,0,-1
2021131103950,2021,131103950,3,9,0,4,4,3,7,0,0,0,0,0,0,0,1,1,6,6,1,64,9,2179,2,6,JAGUAR XF SERIES,4,E01007817,0,-1
2021070792648,2021,070792648,1,9,0,7,7,3,5,0,0,1,0,0,0,0,4,1,6,6,1,45,7,1999,2,4,JAGUAR XF SERIES,5,E01018444,0,-1
2021101029802,2021,101029802,1,9,0,7,7,4,6,0,0,6,0,0,0,0,1,1,6,6,3,-1,-1,2179,2,9,JAGUAR XF SERIES,-1,-1,0,-1
2021201102663,2021,201102663,1,9,0,17,19,4,2,0,0,8,1,10,7,4,1,1,6,6,1,28,6,2179,2,6,JAGUAR XF SERIES,2,E01009674,0,-1
2021430206727,2021,430206727,2,9,0,18,19,7,3,0,0,0,0,0,0,0,2,1,6,6,1,67,10,2993,2,11,JAGUAR XF SERIES,10,E01016318,0,-1
202131D113221,2021,31D113221,1,9,0,18,19,6,2,0,0,8,1,0,0,0,1,1,6,6,1,86,11,2179,2,6,JAGUAR XF SERIES,9,E01028419,0,-1
2021522102005,2021,522102005,6,9,0,18,19,6,2,0,0,0,0,0,0,0,1,1,6,6,1,48,8,2993,2,7,JAGUAR XF SERIES,-1,-1,0,-1
2021451113857,2021,451113857,2,9,0,18,19,1,5,0,0,1,0,0,0,0,4,1,2,2,2,38,7,2179,2,9,JAGUAR XF SERIES,8,E01030994,0,-1
2021440517501,2021,440517501,1,9,0,9,9,3,1,0,0,8,0,0,0,0,1,1,6,6,1,29,6,2179,2,10,JAGUAR XF SERIES,6,E01017173,0,-1
2021351077195,2021,351077195,2,9,0,2,2,0,0,0,0,0,0,0,0,0,0,1,6,6,3,-1,-1,1999,2,5,JAGUAR XF SERIES,-1,-1,0,-1
2021041117991,2021,041117991,1,9,0,9,9,4,8,0,0,8,0,0,0,0,3,1,5,6,1,65,9,2993,2,11,JAGUAR XF SERIES,1,E01025248,0,-1
2021302101593,2021,302101593,3,9,0,2,2,0,0,0,0,0,0,0,0,0,2,1,6,6,3,-1,-1,2993,2,9,JAGUAR XF SERIES,-1,-1,0,-1
2021501104453,2021,501104453,1,9,0,5,5,1,3,0,0,0,0,0,0,0,3,1,6,6,1,87,11,2993,2,8,JAGUAR XF SERIES,5,E01020149,0,-1
2021010331798,2021,010331798,4,9,0,2,2,0,0,0,0,2,0,0,0,0,3,1,6,6,3,-1,-1,2720,2,12,JAGUAR XF SERIES,-1,-1,0,-1
2021010304317,2021,010304317,1,9,0,9,9,7,5,0,0,6,0,0,0,0,1,1,6,6,1,41,7,2967,1,11,JAGUAR XF SERIES,9,E01003844,0,-1
2021141100923,2021,141100923,1,9,0,16,19,7,3,0,0,0,1,0,8,11,1,1,5,6,1,25,5,2993,2,11,JAGUAR XF SERIES,1,E01027978,0,-1
2021351035427,2021,351035427,1,9,0,7,7,7,1,0,0,0,1,0,7,0,1,1,5,6,1,34,6,2993,2,11,JAGUAR XF SERIES,3,E01017105,0,-1
2021201114632,2021,201114632,2,9,0,3,3,4,6,0,0,0,0,0,0,0,2,1,6,6,2,65,9,2720,2,13,JAGUAR XF SERIES,6,E01027213,0,-1
2021122100115,2021,122100115,1,9,0,18,19,1,5,0,0,0,0,4,0,0,1,1,6,6,1,83,11,2179,2,8,JAGUAR XF SERIES,7,E01027633,0,-1
202131B101821,2021,31B101821,1,9,0,4,4,1,5,0,0,1,0,0,0,0,1,1,6,6,1,76,11,2993,2,11,JAGUAR XF SERIES,8,E01025892,0,-1
2021131037489,2021,131037489,1,9,0,1,1,3,7,0,0,6,0,0,0,0,2,1,6,6,3,30,6,2179,2,9,JAGUAR XF SERIES,-1,-1,0,-1
2021991046531,2021,991046531,1,9,0,13,13,1,6,0,0,0,0,0,0,0,1,1,6,6,1,74,10,1999,2,4,JAGUAR XF SERIES,10,-1,0,-1
2021122101505,2021,122101505,1,9,0,18,19,1,5,0,0,0,0,0,1,0,1,1,6,6,1,77,11,1999,2,3,JAGUAR XF SERIES,3,E01007490,0,-1
2021131073753,2021,131073753,1,9,0,12,12,4,8,0,0,0,1,0,0,0,1,1,6,6,1,30,6,2179,2,7,JAGUAR XF SERIES,8,E01011397,0,-1
2021421084975,2021,421084975,2,8,0,18,19,7,3,0,0,8,0,0,0,0,3,1,1,1,1,60,9,1999,2,4,JAGUAR XF SERIES,4,E01021670,0,-1
2021211093240,2021,211093240,2,9,0,13,13,7,3,0,0,0,0,0,0,0,4,1,5,6,1,40,7,2993,2,11,JAGUAR XF SERIES,6,E01029516,0,-1
2021430061305,2021,430061305,2,9,0,2,2,0,0,0,0,0,0,0,0,0,1,1,6,6,3,-1,-1,2993,2,10,JAGUAR XF SERIES,-1,-1,0,-1
2021010308943,2021,010308943,2,9,9,99,99,9,9,99,99,0,9,99,9,0,9,9,6,6,3,-1,-1,2179,2,9,JAGUAR XF SERIES,-1,-1,0,-1
2021010330757,2021,010330757,2,9,0,5,5,1,5,0,0,1,0,0,0,0,1,1,6,6,1,23,5,1999,2,5,JAGUAR XF SERIES,-1,-1,0,-1
2021461110904,2021,461110904,2,9,0,18,19,5,1,0,0,0,0,0,0,0,2,1,6,6,1,22,5,2993,2,5,JAGUAR XF SERIES,6,E01024127,0,-1
2021070867809,2021,070867809,1,9,0,5,5,5,1,0,0,1,0,0,0,0,1,1,6,6,1,-1,-1,2720,2,12,JAGUAR XF SERIES,1,E01018466,0,-1
2021141067299,2021,141067299,2,9,0,17,19,6,2,0,0,0,0,0,0,0,3,1,5,6,1,65,9,2993,2,7,JAGUAR XF SERIES,3,E01007433,0,-1
2021041121202,2021,041121202,2,9,0,18,19,5,1,0,0,2,0,0,0,0,0,1,2,2,1,38,7,2179,2,10,JAGUAR XF SERIES,7,E01012717,0,-1
2021010348577,2021,010348577,2,9,0,99,99,9,9,99,99,9,9,99,9,99,3,9,6,6,2,44,7,2179,2,6,JAGUAR XF SERIES,6,E01003738,0,-1
2021111165655,2021,111165655,3,9,0,4,4,6,2,0,0,0,0,0,0,0,2,1,5,6,1,51,8,2993,2,11,JAGUAR XF SERIES,3,E01020835,0,-1
2021421035639,2021,421035639,2,9,0,18,19,7,3,0,0,0,0,0,0,0,4,1,5,6,1,74,10,2993,2,10,JAGUAR XF SERIES,1,E01021988,0,-1
2021061063669,2021,061063669,2,9,0,3,3,3,7,0,0,1,0,0,0,0,2,1,2,2,1,40,7,2179,2,6,JAGUAR XF SERIES,8,E01005770,0,-1
2021471091147,2021,471091147,1,9,0,4,4,5,1,0,0,0,0,0,0,0,1,1,6,6,1,-1,-1,2993,2,10,JAGUAR XF SERIES,-1,-1,0,-1
2021440122001,2021,440122001,1,9,0,17,19,3,1,0,0,8,0,0,7,0,1,1,2,2,1,34,6,2720,2,13,JAGUAR XF SERIES,10,E01022860,0,-1
2021041041938,2021,041041938,1,9,0,18,19,1,5,0,0,0,0,11,0,0,1,2,6,6,2,50,8,2993,2,11,JAGUAR XF SERIES,5,E01006665,0,-1
2021111087506,2021,111087506,3,9,0,3,3,6,2,0,0,0,0,0,0,0,2,1,5,6,1,55,8,2993,2,3,JAGUAR XF SERIES,10,E01012348,0,-1
2021221062195,2021,221062195,1,9,0,9,9,1,7,0,0,6,0,0,0,0,1,1,5,6,1,61,9,2179,2,9,JAGUAR XF SERIES,9,E01032299,0,-1
2021302100606,2021,302100606,2,9,0,9,9,2,8,0,0,6,0,0,0,0,1,1,6,6,1,90,11,2993,2,11,JAGUAR XF SERIES,7,E01013529,0,-1
2021451052640,2021,451052640,1,9,0,18,19,1,5,0,0,0,0,0,0,0,1,1,5,6,1,19,4,2720,2,13,JAGUAR XF SERIES,7,E01029267,0,-1
2021010298436,2021,010298436,1,9,0,18,19,3,7,0,0,1,0,0,1,10,1,1,6,6,1,36,7,1999,2,6,JAGUAR XF SERIES,4,E01032566,0,-1
2021052101450,2021,052101450,2,9,0,3,3,3,7,0,0,1,0,0,0,0,2,1,6,6,2,49,8,1999,2,2,JAGUAR XF SERIES,1,E01006700,0,-1
2021461131976,2021,461131976,2,9,0,17,19,1,5,0,0,0,0,0,0,0,1,1,6,6,2,41,7,2993,2,11,JAGUAR XF SERIES,4,E01024566,0,-1
2021010309810,2021,010309810,1,9,0,10,10,7,5,0,0,8,1,0,0,0,1,1,1,1,1,73,10,1999,2,5,JAGUAR XF SERIES,6,E01004361,0,-1
2021461062096,2021,461062096,1,9,0,9,9,3,7,0,0,2,0,0,0,0,0,1,1,1,1,26,6,2720,2,13,JAGUAR XF SERIES,10,E01032827,0,-1
2021520104401,2021,520104401,2,9,0,4,4,7,3,0,0,0,0,0,0,0,1,1,6,6,3,-1,-1,2993,2,7,JAGUAR XF SERIES,-1,-1,0,-1
2021991092664,2021,991092664,2,9,0,18,19,7,3,0,0,1,0,0,0,0,1,1,5,6,1,64,9,1999,2,4,JAGUAR XF SERIES,8,-1,0,-1
2021131103726,2021,131103726,1,9,0,7,7,7,1,0,0,6,0,0,0,0,3,1,6,6,1,82,11,1999,2,5,JAGUAR XF SERIES,10,E01010774,0,-1
2021320376136,2021,320376136,2,9,0,18,19,4,8,0,0,1,0,0,0,0,1,1,6,6,1,70,10,2179,2,6,JAGUAR XF SERIES,7,E01026130,0,-1
2021371057262,2021,371057262,2,9,0,3,3,7,4,0,0,1,0,0,0,0,3,1,5,6,1,67,10,1997,1,3,JAGUAR XF SERIES,6,E01030240,0,-1
2021041073767,2021,041073767,1,9,0,18,19,1,1,0,0,2,0,0,0,0,4,1,1,1,1,61,9,2179,2,10,JAGUAR XF SERIES,5,E01025415,0,-1
2021451117677,2021,451117677,3,9,0,18,19,7,3,0,0,0,0,0,0,0,1,1,5,6,1,38,7,1999,2,5,JAGUAR XF SERIES,1,E01000308,0,-1
2021010318549,2021,010318549,1,9,0,99,99,9,9,99,99,9,9,99,9,99,9,9,6,6,3,63,9,2967,1,11,JAGUAR XF SERIES,1,E01002854,0,-1
2021010333957,2021,010333957,1,9,0,15,15,7,3,2,2,1,0,0,0,0,1,1,6,6,1,28,6,1999,2,1,JAGUAR XF SERIES,2,E01004219,0,-1
2021010297103,2021,010297103,1,9,0,9,9,8,5,0,0,1,0,0,0,0,1,1,1,1,1,38,7,2967,1,13,JAGUAR XF SERIES,3,E01002215,0,-1
2021201078071,2021,201078071,1,9,0,15,15,3,7,9,9,0,0,0,0,0,3,1,6,6,2,-1,-1,2720,2,13,JAGUAR XF SERIES,-1,-1,0,-1