collision_index,collision_year,collision_ref_no,vehicle_reference,vehicle_type,towing_and_articulation,vehicle_manoeuvre_historic,vehicle_manoeuvre,vehicle_direction_from,vehicle_direction_to,vehicle_location_restricted_lane_historic,vehicle_location_restricted_lane,junction_location,skidding_and_overturning,hit_object_in_carriageway,vehicle_leaving_carriageway,hit_object_off_carriageway,first_point_of_impact,vehicle_left_hand_drive,journey_purpose_of_driver_historic,journey_purpose_of_driver,sex_of_driver,age_of_driver,age_band_of_driver,engine_capacity_cc,propulsion_code,age_of_vehicle,generic_make_model,driver_imd_decile,lsoa_of_driver,escooter_flag,driver_distance_banding
2021041053719,2021,041053719,1,9,0,18,19,5,1,0,0,0,0,0,0,0,1,1,1,1,1,51,8,1200,1,0,PEUGEOT 208,2,E01025205,0,-1
202163C095221,2021,63C095221,1,9,0,9,9,4,2,0,0,5,0,0,0,0,1,1,1,1,2,17,4,1498,2,1,PEUGEOT 208,7,W01000623,0,-1
2021471019741,2021,471019741,1,9,0,5,5,6,8,0,0,0,0,0,0,0,1,1,6,6,2,-1,-1,1200,1,8,PEUGEOT 208,5,E01031568,0,-1
2021010342054,2021,010342054,1,9,0,99,99,9,9,99,99,0,9,99,9,99,2,9,2,2,2,31,6,1200,1,6,PEUGEOT 208,2,E01002493,0,-1
2021010315788,2021,010315788,3,9,0,9,9,8,7,0,0,5,0,0,7,2,2,1,2,2,2,39,7,1199,1,4,PEUGEOT 208,-1,-1,0,-1
2021010309890,2021,010309890,1,9,0,9,9,1,6,0,0,6,0,0,0,0,1,1,6,6,1,50,8,1560,2,7,PEUGEOT 208,6,E01021796,0,-1
20211382A0976,2021,1382A0976,2,9,0,18,19,2,6,0,0,0,0,0,7,0,2,1,6,6,2,36,7,1200,1,1,PEUGEOT 208,1,E01010782,0,-1
2021991115045,2021,991115045,1,9,0,18,19,7,3,0,0,0,0,11,0,0,1,1,5,6,2,50,8,1398,2,7,PEUGEOT 208,7,-1,0,-1
2021201057750,2021,201057750,3,9,0,4,4,6,1,0,0,1,0,0,0,0,2,1,6,6,2,37,7,1200,1,9,PEUGEOT 208,7,E01010078,0,-1
2021201086111,2021,201086111,1,9,0,18,19,2,6,0,0,4,0,0,0,0,1,1,6,6,2,23,5,1200,1,5,PEUGEOT 208,3,E01009086,0,-1
2021111061495,2021,111061495,1,9,0,18,19,3,7,0,0,0,0,0,0,0,1,1,5,6,1,37,7,1397,1,9,PEUGEOT 208,9,E01020664,0,-1
2021520104482,2021,520104482,1,9,0,9,9,7,5,0,0,6,0,0,0,0,1,1,6,6,2,18,4,1398,2,7,PEUGEOT 208,4,E01029343,0,-1
2021141122388,2021,141122388,2,9,0,18,19,3,7,0,0,0,0,0,0,0,2,1,1,1,2,29,6,1398,2,9,PEUGEOT 208,8,E01013127,0,-1
2021991027855,2021,991027855,1,9,0,18,19,7,3,0,0,8,0,0,0,0,1,1,6,6,2,41,7,-1,3,1,PEUGEOT 208,2,-1,0,-1
2021141099022,2021,141099022,1,9,0,18,19,1,5,0,0,1,0,0,0,0,1,1,6,6,3,-1,-1,-1,3,0,PEUGEOT 208,-1,-1,0,-1
2021010333062,2021,010333062,2,9,0,9,9,3,1,0,0,1,0,0,0,0,4,1,2,2,2,25,5,1200,1,8,PEUGEOT 208,3,E01003430,0,-1
2021041063971,2021,041063971,1,9,0,18,19,5,1,0,0,1,0,0,0,0,1,2,2,2,1,64,9,1200,1,9,PEUGEOT 208,5,E01025370,0,-1
2021371149368,2021,371149368,1,9,0,18,19,1,5,0,0,0,0,0,0,0,1,1,5,6,1,43,7,1200,1,7,PEUGEOT 208,6,E01029975,0,-1
2021070859046,2021,070859046,1,9,0,18,19,8,2,0,0,2,0,0,0,0,4,1,6,6,1,76,11,1000,1,8,PEUGEOT 208,10,E01018505,0,-1
2021131054152,2021,131054152,1,9,0,6,6,3,7,0,0,0,0,0,0,0,3,1,5,6,1,21,5,1200,1,4,PEUGEOT 208,10,E01011696,0,-1
2021991118015,2021,991118015,1,9,0,1,1,8,4,0,0,0,0,0,0,0,2,1,5,6,2,24,5,1200,1,4,PEUGEOT 208,4,-1,0,-1
2021161034401,2021,161034401,3,9,0,2,2,0,0,0,0,2,0,0,0,0,2,1,5,6,1,75,10,1000,1,8,PEUGEOT 208,-1,-1,0,-1
2021201103308,2021,201103308,1,9,0,7,7,1,3,0,0,2,0,0,1,0,1,1,6,6,1,32,6,1199,1,3,PEUGEOT 208,9,E01009416,0,-1
2021061128356,2021,061128356,2,9,0,18,19,7,3,0,0,0,0,0,0,0,3,1,5,6,2,60,9,1199,1,2,PEUGEOT 208,4,E01005534,0,-1
2021010337977,2021,010337977,2,9,9,99,99,9,9,0,0,9,9,99,9,99,9,9,6,6,2,-1,-1,1200,1,5,PEUGEOT 208,-1,-1,0,-1
2021010319075,2021,010319075,2,9,0,9,9,1,7,99,99,9,9,0,0,0,1,9,6,6,3,-1,-1,1598,1,4,PEUGEOT 208,2,E01001054,0,-1
202131C083321,2021,31C083321,1,9,0,18,19,6,2,0,0,2,0,0,0,0,1,1,1,1,2,34,6,1200,1,8,PEUGEOT 208,2,E01013827,0,-1
2021231102951,2021,231102951,2,9,0,18,19,4,8,0,0,8,0,0,1,0,1,1,5,6,1,28,6,1200,1,6,PEUGEOT 208,8,E01025857,0,-1
2021320587842,2021,320587842,2,9,0,18,19,4,8,0,0,0,0,0,0,0,2,1,6,6,2,46,8,1200,1,6,PEUGEOT 208,5,E01021357,0,-1
2021991102647,2021,991102647,1,9,0,9,9,8,6,0,0,1,0,0,0,0,1,1,6,6,1,19,4,1000,1,5,PEUGEOT 208,2,-1,0,-1
2021061058367,2021,061058367,1,9,0,18,19,8,4,0,0,8,0,0,0,0,2,1,6,6,1,46,8,1398,2,6,PEUGEOT 208,1,E01005935,0,-1
2021061078699,2021,061078699,1,9,0,9,9,7,5,0,0,1,0,0,0,0,1,1,6,6,1,19,4,1200,1,0,PEUGEOT 208,9,E01006075,0,-1
2021361065122,2021,361065122,1,9,0,7,7,1,3,0,0,1,5,0,7,10,1,1,5,6,2,90,11,1200,1,2,PEUGEOT 208,2,E01026821,0,-1
2021141122063,2021,141122063,1,9,0,18,19,8,4,0,0,0,0,0,0,0,2,1,5,6,2,53,8,1199,1,3,PEUGEOT 208,3,E01007510,0,-1
2021302101646,2021,302101646,1,9,0,18,19,6,2,0,0,0,0,0,0,0,3,1,1,1,1,-1,-1,1560,2,4,PEUGEOT 208,5,E01019456,0,-1
2021991036658,2021,991036658,2,9,0,18,19,5,1,0,0,0,0,0,0,0,1,1,2,2,2,27,6,1199,1,3,PEUGEOT 208,5,-1,0,-1
2021010288077,2021,010288077,2,9,0,18,19,1,5,0,0,0,0,0,0,0,4,1,6,6,1,33,6,1200,1,1,PEUGEOT 208,5,E01002083,0,-1
2021101113961,2021,101113961,1,9,0,18,19,8,3,0,0,8,0,10,3,0,1,1,5,6,2,38,7,1560,2,8,PEUGEOT 208,7,E01008323,0,-1
2021041116903,2021,041116903,1,9,0,18,19,1,1,0,0,2,0,0,0,0,4,1,6,6,3,-1,-1,1000,1,5,PEUGEOT 208,-1,-1,0,-1
2021991055358,2021,991055358,1,9,0,9,9,1,5,0,0,0,0,0,7,11,1,1,5,6,2,25,5,1200,1,6,PEUGEOT 208,1,-1,0,-1
2021211099419,2021,211099419,1,9,0,7,7,8,3,0,0,5,0,10,0,0,4,1,6,6,3,20,4,1560,2,5,PEUGEOT 208,-1,-1,0,-1
2021501121617,2021,501121617,2,9,0,3,3,1,2,0,0,0,0,0,0,0,2,1,2,2,2,39,7,1398,2,7,PEUGEOT 208,6,E01019016,0,-1
2021401067716,2021,401067716,2,9,0,18,19,6,2,0,0,8,0,0,1,0,3,1,6,6,1,42,7,1200,1,1,PEUGEOT 208,4,E01015776,0,-1
2021041012061,2021,041012061,1,9,0,16,19,7,3,0,0,0,0,0,2,0,4,1,5,6,2,66,10,1398,2,7,PEUGEOT 208,1,E01025186,0,-1
2021371051815,2021,371051815,2,9,0,18,19,3,7,0,0,1,0,0,0,0,1,1,5,6,1,74,10,1398,2,8,PEUGEOT 208,5,E01029928,0,-1
2021471039840,2021,471039840,1,9,0,18,19,1,5,0,0,0,0,0,0,0,1,1,5,6,2,28,6,1200,1,3,PEUGEOT 208,6,E01016887,0,-1
2021231057203,2021,231057203,1,9,0,17,19,3,7,0,0,0,0,0,0,0,3,1,5,6,1,41,7,1200,1,0,PEUGEOT 208,1,E01031043,0,-1
2021010333286,2021,010333286,1,9,9,99,99,9,9,99,99,9,9,99,9,99,2,9,6,6,2,-1,-1,1200,1,8,PEUGEOT 208,5,E01003791,0,-1
2021421019358,2021,421019358,1,9,0,5,5,7,3,0,0,0,0,0,0,0,1,1,1,1,1,23,5,1199,1,3,PEUGEOT 208,2,E01015899,0,-1
2021122101041,2021,122101041,3,9,0,4,4,2,6,0,0,0,0,0,0,0,2,1,6,6,1,20,4,1000,1,7,PEUGEOT 208,5,E01013384,0,-1
2021041074154,2021,041074154,2,9,0,5,5,1,7,0,0,8,0,0,0,0,3,1,5,6,1,92,11,1200,1,6,PEUGEOT 208,8,E01012584,0,-1
202134WNC4391,2021,34WNC4391,1,9,0,18,19,3,7,0,0,1,0,0,0,0,1,1,6,6,1,18,4,1200,1,5,PEUGEOT 208,7,E01022513,0,-1
2021421103157,2021,421103157,2,9,0,18,19,1,5,0,0,1,0,0,0,0,3,1,6,6,2,23,5,1397,1,9,PEUGEOT 208,9,E01021383,0,-1
2021138350280,2021,138350280,2,9,0,3,3,4,8,0,0,1,0,0,0,0,2,1,1,1,2,44,7,1560,2,3,PEUGEOT 208,1,E01010730,0,-1
2021131114257,2021,131114257,1,9,0,9,9,7,5,0,0,0,0,0,0,0,3,1,5,6,2,76,11,1200,1,6,PEUGEOT 208,6,E01011885,0,-1
2021522101531,2021,522101531,1,9,0,5,5,5,1,0,0,1,0,0,0,0,1,1,6,6,2,26,6,1200,1,8,PEUGEOT 208,3,E01028621,0,-1
2021430209326,2021,430209326,1,9,0,18,19,3,7,0,0,0,0,0,0,0,3,1,2,2,2,26,6,1000,1,6,PEUGEOT 208,6,E01028703,0,-1
2021522103481,2021,522103481,1,9,0,18,19,1,5,0,0,0,0,0,0,0,1,1,6,6,1,20,4,1200,1,7,PEUGEOT 208,6,E01032669,0,-1
2021320579218,2021,320579218,2,9,0,5,5,4,8,0,0,0,0,0,0,0,3,1,6,6,2,60,9,1200,1,4,PEUGEOT 208,-1,-1,0,-1
2021531088944,2021,531088944,1,9,0,17,19,1,5,0,0,0,0,0,0,0,3,1,2,2,2,23,5,1200,1,3,PEUGEOT 208,3,E01032321,0,-1
2021052102781,2021,052102781,1,9,0,9,9,3,7,0,0,1,0,0,0,0,1,1,6,6,2,86,11,1200,1,6,PEUGEOT 208,4,E01006793,0,-1
2021131087406,2021,131087406,2,9,0,9,9,1,5,0,0,0,0,0,1,0,3,1,5,6,2,79,11,1200,1,0,PEUGEOT 208,9,E01010971,0,-1
2021471047894,2021,471047894,1,9,0,17,19,1,6,0,0,0,0,10,2,11,4,1,5,6,2,19,4,1200,1,9,PEUGEOT 208,5,E01031574,0,-1
2021061040845,2021,061040845,1,9,0,1,1,2,6,0,0,0,0,0,0,0,2,1,6,6,1,32,6,1200,1,6,PEUGEOT 208,7,E01005550,0,-1
2021131052760,2021,131052760,1,9,0,18,19,3,6,0,0,8,0,0,0,0,4,1,5,6,2,53,8,1199,1,2,PEUGEOT 208,7,E01024860,0,-1
2021430245853,2021,430245853,2,9,0,18,19,5,1,0,0,8,0,0,0,0,1,1,6,6,1,24,5,1200,1,6,PEUGEOT 208,-1,-1,0,-1
2021461122009,2021,461122009,2,9,0,18,19,2,6,0,0,0,0,0,0,0,2,1,6,6,1,63,9,1398,2,8,PEUGEOT 208,7,E01024554,0,-1
2021471118269,2021,471118269,1,9,0,7,7,7,1,0,0,1,0,0,0,0,1,1,2,2,2,36,7,1200,1,4,PEUGEOT 208,4,E01020919,0,-1
2021010287604,2021,010287604,1,9,0,18,19,6,2,0,0,8,5,4,0,0,4,1,2,2,2,21,5,1200,1,8,PEUGEOT 208,2,E01000739,0,-1
2021622101006,2021,622101006,1,8,0,9,9,4,2,0,0,5,0,0,0,0,1,1,2,2,2,22,5,1560,2,9,PEUGEOT 208,2,W01000924,0,-1
2021302102104,2021,302102104,2,9,0,3,3,6,2,0,0,4,0,0,0,0,2,1,6,6,2,49,8,1200,1,9,PEUGEOT 208,7,E01019448,0,-1
2021430357416,2021,430357416,2,9,0,18,19,1,5,0,0,0,0,0,0,0,1,1,6,6,1,64,9,1199,1,2,PEUGEOT 208,-1,-1,0,-1
2021101114411,2021,101114411,1,9,0,18,19,1,5,-1,-1,0,-1,-1,-1,0,2,1,1,1,2,37,7,-1,3,0,PEUGEOT 208,2,E01020842,0,-1
2021041069976,2021,041069976,2,9,0,18,19,5,1,0,0,8,0,0,0,0,4,1,1,1,1,60,9,1398,2,8,PEUGEOT 208,7,E01025079,0,-1
2021610058021,2021,610058021,1,9,0,7,7,5,7,0,0,3,0,0,0,0,3,1,6,6,2,20,4,1560,2,4,PEUGEOT 208,4,W01001329,0,-1
2021101075684,2021,101075684,2,9,0,4,4,7,3,0,0,0,0,0,0,0,2,1,5,6,1,21,5,1200,1,1,PEUGEOT 208,-1,-1,0,-1
202131A153121,2021,31A153121,1,9,0,4,4,6,2,0,0,8,0,0,0,0,0,1,6,6,2,52,8,1200,1,3,PEUGEOT 208,4,E01027985,0,-1
2021201141978,2021,201141978,2,9,0,18,19,5,1,0,0,8,0,4,0,0,1,1,6,6,1,23,5,1000,1,7,PEUGEOT 208,1,E01009354,0,-1
2021471094728,2021,471094728,2,9,0,3,3,8,3,0,0,4,0,0,0,0,2,1,6,6,2,29,6,1200,1,3,PEUGEOT 208,6,E01016887,0,-1
2021122100394,2021,122100394,2,9,0,17,19,5,8,0,0,0,0,11,0,0,1,1,1,1,1,46,8,1398,2,7,PEUGEOT 208,8,E01027877,0,-1
2021461019318,2021,461019318,2,9,0,18,19,3,7,0,0,1,1,0,0,0,1,1,5,6,2,23,5,1199,1,2,PEUGEOT 208,4,E01032823,0,-1
2021411045882,2021,411045882,3,9,0,3,3,-1,-1,0,0,0,0,0,0,0,2,1,6,6,3,-1,-1,1200,1,9,PEUGEOT 208,-1,-1,0,-1
2021141063426,2021,141063426,2,9,0,5,5,5,1,0,0,8,0,0,0,0,4,1,6,6,2,32,6,1200,1,6,PEUGEOT 208,8,E01007868,0,-1
2021041038247,2021,041038247,1,9,0,18,19,3,5,0,0,6,0,0,0,0,1,1,5,6,2,19,4,1200,1,6,PEUGEOT 208,9,E01012609,0,-1
2021061135313,2021,061135313,2,9,0,9,9,2,8,0,0,8,0,0,0,0,3,1,6,6,2,31,6,1200,1,8,PEUGEOT 208,4,E01005673,0,-1
2021161073718,2021,161073718,2,9,0,4,4,5,1,0,0,0,0,0,0,0,2,1,5,6,2,79,11,1000,1,7,PEUGEOT 208,7,E01013224,0,-1
2021010339473,2021,010339473,3,9,0,9,9,3,1,0,0,6,0,0,0,0,1,1,2,2,2,23,5,1397,1,9,PEUGEOT 208,3,E01003154,0,-1
2021041019599,2021,041019599,1,9,0,14,14,6,2,0,0,1,0,0,7,0,1,1,6,6,2,69,10,1560,2,8,PEUGEOT 208,1,E01025112,0,-1
2021440446733,2021,440446733,1,9,0,18,19,6,2,0,0,0,0,0,1,4,4,1,6,6,1,22,5,1200,1,4,PEUGEOT 208,9,E01022676,0,-1
2021201069961,2021,201069961,1,9,0,18,19,4,8,0,0,0,0,2,7,4,1,1,6,6,1,51,8,1200,1,5,PEUGEOT 208,3,E01010050,0,-1
2021070756836,2021,070756836,2,9,0,4,4,1,5,0,0,0,0,0,0,0,2,1,6,6,2,52,8,1560,2,7,PEUGEOT 208,5,E01022459,0,-1
2021302101489,2021,302101489,1,9,0,5,5,6,2,0,0,1,0,0,0,0,3,1,6,6,2,41,7,1200,1,3,PEUGEOT 208,7,E01019711,0,-1
2021351080799,2021,351080799,1,9,0,5,5,1,5,0,0,0,0,10,1,0,1,1,6,6,2,73,10,1200,1,4,PEUGEOT 208,2,E01018078,0,-1
2021041109823,2021,041109823,2,9,0,9,9,3,5,0,0,2,0,0,0,0,2,1,1,1,2,34,6,1560,2,3,PEUGEOT 208,8,E01025038,0,-1
2021070493346,2021,070493346,1,9,0,14,14,1,5,0,0,0,0,0,0,0,1,1,2,2,2,56,9,1560,2,4,PEUGEOT 208,1,E01006871,0,-1
2021451104829,2021,451104829,1,9,0,18,19,1,6,0,0,1,0,0,0,0,1,1,6,6,1,29,6,1398,2,8,PEUGEOT 208,8,E01004143,0,-1
2021201113699,2021,201113699,1,9,0,9,9,8,6,0,0,5,0,0,0,0,1,1,6,6,2,24,5,1200,1,6,PEUGEOT 208,2,E01010312,0,-1
2021041065015,2021,041065015,1,9,0,5,5,7,3,0,0,8,0,0,0,0,4,1,5,6,2,27,6,1397,1,9,PEUGEOT 208,3,E01025289,0,-1
2021501102203,2021,501102203,1,9,0,18,19,3,7,0,0,0,0,0,0,0,1,1,6,6,1,38,7,1199,1,3,PEUGEOT 208,1,E01006755,0,-1
2021622100265,2021,622100265,2,9,0,18,19,5,1,0,0,8,0,0,0,0,1,1,6,6,2,20,4,1398,2,7,PEUGEOT 208,5,W01001320,0,-1
2021141109476,2021,141109476,1,9,0,5,5,8,4,0,0,0,0,0,0,0,4,1,6,6,1,41,7,1000,1,8,PEUGEOT 208,5,E01007484,0,-1
2021010318366,2021,010318366,2,9,0,2,2,0,0,0,0,1,0,0,0,0,1,1,6,6,3,-1,-1,1598,1,4,PEUGEOT 208,-1,-1,0,-1
2021141029269,2021,141029269,1,9,0,18,19,1,5,0,0,1,0,0,0,0,1,1,3,7,2,36,7,1560,2,6,PEUGEOT 208,3,E01007371,0,-1
2021451042658,2021,451042658,1,9,0,9,9,3,7,0,0,2,0,0,0,0,1,1,5,6,2,17,4,1000,1,7,PEUGEOT 208,3,E01030711,0,-1
2021622100865,2021,622100865,2,9,0,18,19,1,5,0,0,1,0,0,0,0,1,1,6,6,2,31,6,1200,1,6,PEUGEOT 208,7,W01001831,0,-1
2021461020508,2021,461020508,2,9,0,4,4,7,3,0,0,2,0,0,0,0,3,1,6,6,2,34,6,1200,1,8,PEUGEOT 208,4,E01024645,0,-1
2021041038786,2021,041038786,1,9,0,18,19,3,7,0,0,0,0,0,0,0,1,1,5,6,1,22,5,1199,1,2,PEUGEOT 208,7,E01004781,0,-1
2021520200206,2021,520200206,1,9,0,18,19,7,3,0,0,0,0,0,0,0,1,1,6,6,2,26,6,1200,1,7,PEUGEOT 208,8,E01023051,0,-1
202131B193521,2021,31B193521,2,9,0,4,4,4,8,0,0,1,0,0,0,0,2,1,6,6,2,31,6,1200,1,5,PEUGEOT 208,3,E01028296,0,-1
2021302101651,2021,302101651,1,9,0,18,19,6,2,0,0,4,0,0,0,0,1,1,6,6,2,45,7,1200,1,2,PEUGEOT 208,9,E01013514,0,-1
2021101126737,2021,101126737,1,9,0,18,19,5,1,0,0,2,1,0,1,0,2,1,5,6,1,21,5,1200,1,6,PEUGEOT 208,2,E01027461,0,-1
2021991079645,2021,991079645,1,9,0,18,19,7,3,0,0,0,0,0,0,0,1,1,5,6,2,25,5,1398,2,6,PEUGEOT 208,6,-1,0,-1
2021041076845,2021,041076845,1,9,0,18,19,2,6,0,0,0,0,0,0,0,1,1,2,2,1,24,5,1199,1,2,PEUGEOT 208,7,E01024999,0,-1
2021061051158,2021,061051158,3,9,0,18,19,7,3,0,0,8,0,0,0,0,4,1,6,6,2,54,8,1000,1,6,PEUGEOT 208,7,E01005836,0,-1
2021302100570,2021,302100570,1,9,0,18,19,2,6,0,0,1,0,0,0,0,4,1,6,6,2,37,7,1560,2,8,PEUGEOT 208,2,E01019761,0,-1
2021111051259,2021,111051259,1,9,0,18,19,8,4,0,0,0,0,0,0,0,1,1,5,6,2,40,7,1200,1,5,PEUGEOT 208,7,E01020859,0,-1
2021421050909,2021,421050909,2,9,0,18,19,5,1,0,0,0,0,0,0,0,2,1,6,6,2,75,10,1560,2,3,PEUGEOT 208,10,E01030050,0,-1
2021041040309,2021,041040309,2,9,0,18,19,1,5,0,0,8,0,0,0,0,1,1,5,6,2,45,7,1598,1,8,PEUGEOT 208,3,E01012753,0,-1
2021351015285,2021,351015285,2,9,0,3,3,2,6,0,0,0,0,0,0,0,2,1,6,6,2,36,7,1398,2,9,PEUGEOT 208,8,E01018132,0,-1
2021461053978,2021,461053978,2,9,0,18,19,1,5,0,0,0,2,0,1,0,4,1,6,6,2,23,5,1200,1,6,PEUGEOT 208,1,E01024563,0,-1
2021430406433,2021,430406433,2,9,0,3,3,1,5,0,0,1,0,0,0,0,2,1,2,2,2,29,6,1200,1,5,PEUGEOT 208,9,E01017372,0,-1
2021010318272,2021,010318272,1,9,0,99,99,9,9,99,99,9,9,99,9,99,9,9,6,6,1,48,8,1397,1,8,PEUGEOT 208,10,E01000684,0,-1
2021440009499,2021,440009499,1,9,0,18,19,3,7,0,0,8,0,0,1,11,1,1,6,6,1,18,4,1200,1,3,PEUGEOT 208,10,E01017063,0,-1
2021052101999,2021,052101999,3,9,0,3,3,3,7,0,0,1,0,0,0,0,2,1,1,1,2,44,7,1560,2,6,PEUGEOT 208,-1,-1,0,-1
2021302102114,2021,302102114,1,9,0,16,19,4,8,0,0,0,0,0,0,0,1,1,6,6,2,57,9,1560,2,8,PEUGEOT 208,9,E01019721,0,-1
2021010287740,2021,010287740,3,9,0,2,2,0,0,0,0,2,0,0,0,0,3,1,6,6,3,-1,-1,1200,1,5,PEUGEOT 208,-1,-1,0,-1
2021041073777,2021,041073777,1,9,0,18,19,2,6,0,0,2,0,0,0,0,2,1,6,6,3,-1,-1,1200,1,6,PEUGEOT 208,-1,-1,0,-1
202131D106221,2021,31D106221,2,9,0,2,2,0,0,0,0,0,0,0,0,0,2,1,6,6,3,-1,-1,1560,2,8,PEUGEOT 208,-1,-1,0,-1
2021211066888,2021,211066888,5,9,0,2,2,0,0,0,0,0,0,0,0,0,3,1,6,6,1,59,9,1200,1,8,PEUGEOT 208,7,E01029694,0,-1
2021061071279,2021,061071279,5,9,0,2,2,0,0,0,0,2,0,0,0,0,2,1,6,6,1,38,7,1199,1,2,PEUGEOT 208,3,E01012417,0,-1
2021070838882,2021,070838882,1,9,0,5,5,3,7,0,0,0,0,0,0,0,1,1,6,6,2,38,7,1000,1,6,PEUGEOT 208,9,E01012392,0,-1
2021122101038,2021,122101038,2,9,0,18,19,6,2,0,0,1,0,0,0,0,1,1,2,2,2,57,9,1200,1,8,PEUGEOT 208,7,E01027911,0,-1
2021451099645,2021,451099645,1,9,0,18,19,1,5,0,0,4,0,0,0,0,1,1,1,1,2,34,6,1200,1,8,PEUGEOT 208,-1,-1,0,-1
2021421098116,2021,421098116,2,9,0,12,12,3,7,0,0,0,0,0,0,0,2,1,6,6,2,61,9,1200,1,1,PEUGEOT 208,6,E01021448,0,-1
2021461073495,2021,461073495,1,9,0,4,4,7,3,0,0,0,2,0,0,0,1,1,6,6,2,29,6,1498,2,2,PEUGEOT 208,7,E01032820,0,-1
2021052100704,2021,052100704,2,9,0,10,10,3,7,0,0,8,0,10,7,0,2,1,6,6,1,55,8,1200,1,7,PEUGEOT 208,7,E01006800,0,-1
2021461097380,2021,461097380,1,9,0,18,19,1,5,0,0,0,0,0,0,0,1,1,5,6,2,21,5,1598,1,8,PEUGEOT 208,2,E01024020,0,-1
2021461091260,2021,461091260,1,9,0,9,9,7,5,0,0,6,0,0,0,0,3,1,6,6,2,41,7,1398,2,6,PEUGEOT 208,4,E01024771,0,-1
2021201102207,2021,201102207,2,9,0,3,3,2,6,0,0,1,0,0,0,0,2,1,6,6,2,23,5,1200,1,5,PEUGEOT 208,4,E01031030,0,-1
2021221052943,2021,221052943,2,9,0,17,19,4,2,0,0,8,0,0,0,0,3,1,5,6,2,28,6,1200,1,7,PEUGEOT 208,7,E01032170,0,-1
2021201134037,2021,201134037,1,9,0,18,19,-1,-1,0,0,8,0,0,0,0,1,1,6,6,1,-1,-1,1200,1,5,PEUGEOT 208,6,E01009319,0,-1
2021471116139,2021,471116139,2,9,0,2,2,3,5,0,0,0,0,0,0,0,3,1,5,6,2,35,6,1200,1,9,PEUGEOT 208,2,E01031371,0,-1
2021411097361,2021,411097361,1,9,0,18,19,8,4,0,0,0,0,0,0,0,3,1,2,2,1,21,5,1560,2,5,PEUGEOT 208,-1,-1,0,-1
2021211057616,2021,211057616,1,9,0,9,9,7,3,0,0,1,5,0,0,0,4,1,5,6,1,67,10,-1,3,0,PEUGEOT 208,5,E01010393,0,-1
2021041153378,2021,041153378,1,9,0,9,9,1,5,0,0,0,0,0,0,0,4,1,2,2,1,38,7,1200,1,7,PEUGEOT 208,6,E01025334,0,-1
2021141120489,2021,141120489,2,9,0,18,19,8,4,0,0,0,0,0,0,0,1,1,5,6,1,58,9,1200,1,0,PEUGEOT 208,1,E01008094,0,-1
2021041126330,2021,041126330,1,9,0,18,19,5,1,0,0,0,1,7,4,6,1,1,6,6,2,78,11,1398,2,9,PEUGEOT 208,6,E01010581,0,-1
2021041038522,2021,041038522,2,9,0,18,19,1,5,0,0,1,0,0,0,0,1,1,5,6,1,52,8,1200,1,7,PEUGEOT 208,4,E01024919,0,-1
2021991013790,2021,991013790,3,9,0,18,19,3,7,0,0,1,1,0,7,11,3,1,2,2,2,31,6,1560,2,8,PEUGEOT 208,4,-1,0,-1
202131B090321,2021,31B090321,1,9,0,9,9,7,5,0,0,5,0,0,0,0,3,1,6,6,1,72,10,1200,1,5,PEUGEOT 208,9,E01028346,0,-1
2021141024048,2021,141024048,2,9,0,5,5,5,3,0,0,6,0,0,0,0,1,1,5,6,1,27,6,1560,2,4,PEUGEOT 208,3,E01007637,0,-1
2021461076469,2021,461076469,1,9,0,18,19,5,1,0,0,1,0,0,0,0,1,1,6,6,1,-1,-1,1560,2,6,PEUGEOT 208,-1,-1,0,-1
2021231082807,2021,231082807,1,9,0,13,13,4,8,0,0,0,0,0,0,0,4,1,5,6,2,26,6,1200,1,6,PEUGEOT 208,6,E01031159,0,-1
2021161048015,2021,161048015,1,9,0,5,5,7,3,0,0,4,0,0,0,0,1,1,5,6,1,26,6,1398,2,8,PEUGEOT 208,1,E01012894,0,-1
2021010347367,2021,010347367,1,9,0,7,7,1,3,0,0,1,0,0,0,0,1,1,6,6,1,21,5,1200,1,6,PEUGEOT 208,6,E01004173,0,-1
2021041089192,2021,041089192,1,9,0,18,19,7,3,0,0,1,0,0,0,0,4,1,1,1,1,20,4,1560,2,4,PEUGEOT 208,5,E01025363,0,-1
2021122100273,2021,122100273,2,9,0,3,3,8,4,0,0,0,0,0,0,0,2,1,6,6,2,47,8,1200,1,7,PEUGEOT 208,5,E01027729,0,-1
2021010337487,2021,010337487,1,9,0,99,99,9,9,99,99,9,9,99,9,99,3,9,6,6,1,67,10,1200,1,5,PEUGEOT 208,6,E01001563,0,-1
2021451015445,2021,451015445,2,9,0,18,19,1,3,0,0,0,0,0,0,0,1,1,6,6,1,33,6,1200,1,2,PEUGEOT 208,4,E01032847,0,-1
2021131067457,2021,131067457,1,9,0,18,19,7,3,0,0,0,0,11,0,0,1,1,5,6,1,56,9,1200,1,5,PEUGEOT 208,8,E01011527,0,-1
2021421085048,2021,421085048,2,9,0,18,19,3,7,0,0,0,0,0,0,0,2,1,2,2,2,46,8,1200,1,5,PEUGEOT 208,8,E01024784,0,-1
2021041058762,2021,041058762,2,9,0,18,19,5,2,0,0,0,5,0,0,0,4,1,5,6,1,29,6,1200,1,5,PEUGEOT 208,6,E01025402,0,-1
2021221029872,2021,221029872,1,9,0,5,5,1,3,0,0,4,0,0,0,0,1,1,5,6,2,26,6,1498,2,3,PEUGEOT 208,2,E01014129,0,-1