collision_index,collision_year,collision_ref_no,vehicle_reference,vehicle_type,towing_and_articulation,vehicle_manoeuvre_historic,vehicle_manoeuvre,vehicle_direction_from,vehicle_direction_to,vehicle_location_restricted_lane_historic,vehicle_location_restricted_lane,junction_location,skidding_and_overturning,hit_object_in_carriageway,vehicle_leaving_carriageway,hit_object_off_carriageway,first_point_of_impact,vehicle_left_hand_drive,journey_purpose_of_driver_historic,journey_purpose_of_driver,sex_of_driver,age_of_driver,age_band_of_driver,engine_capacity_cc,propulsion_code,age_of_vehicle,generic_make_model,driver_imd_decile,lsoa_of_driver,escooter_flag,driver_distance_banding
2021361064829,2021,361064829,2,9,0,18,19,7,3,0,0,0,0,0,1,0,1,1,5,6,2,31,6,1560,2,8,PEUGEOT 208,6,E01011645,0,-1
2021061071279,2021,061071279,4,9,0,2,2,0,0,0,0,2,0,0,0,0,3,1,6,6,1,21,5,1200,1,6,PEUGEOT 208,1,E01005224,0,-1
2021302101380,2021,302101380,1,9,0,18,19,8,2,0,0,3,0,0,0,0,3,1,6,6,2,37,7,1200,1,3,PEUGEOT 208,2,E01010942,0,-1
2021131110785,2021,131110785,2,9,0,7,7,7,1,0,0,0,0,0,0,0,3,1,5,6,2,52,8,1200,1,0,PEUGEOT 208,1,E01011657,0,-1
2021991118048,2021,991118048,1,9,0,18,19,7,3,0,0,0,2,0,8,0,1,1,5,6,1,20,4,1200,1,5,PEUGEOT 208,2,-1,0,-1
2021501034583,2021,501034583,1,9,0,18,19,8,4,0,0,7,0,0,0,0,2,1,2,2,2,36,7,1560,2,5,PEUGEOT 208,1,E01015145,0,-1
2021302101343,2021,302101343,1,9,0,7,7,8,2,0,0,2,0,0,0,0,1,1,6,6,1,19,4,1200,1,1,PEUGEOT 208,3,E01013457,0,-1
2021131125757,2021,131125757,1,9,0,18,19,1,5,0,0,0,0,0,0,0,2,1,5,6,2,27,6,1200,1,1,PEUGEOT 208,4,E01008361,0,-1
2021320283366,2021,320283366,1,9,0,9,9,6,4,0,0,8,0,0,0,0,1,1,6,6,1,21,5,1200,1,8,PEUGEOT 208,8,E01026193,0,-1
2021201125239,2021,201125239,2,9,0,9,9,2,7,0,0,1,0,0,0,0,1,1,6,6,2,44,7,1200,1,5,PEUGEOT 208,1,E01010541,0,-1
2021552100754,2021,552100754,2,9,0,17,19,6,2,0,0,1,0,0,0,0,1,1,6,6,2,21,5,1560,2,5,PEUGEOT 208,7,E01029164,0,-1
2021421101224,2021,421101224,1,9,0,9,9,5,1,0,0,2,0,0,7,3,1,1,2,2,2,46,8,1200,1,7,PEUGEOT 208,3,E01015856,0,-1
2021211097614,2021,211097614,1,9,0,5,5,7,3,0,0,6,0,0,0,0,3,1,6,6,1,81,11,1200,1,4,PEUGEOT 208,6,E01029667,0,-1
2021320211827,2021,320211827,2,9,0,3,3,8,4,0,0,0,0,0,0,0,2,1,6,6,1,21,5,1200,1,5,PEUGEOT 208,5,E01026243,0,-1
2021010295512,2021,010295512,1,9,0,18,19,1,5,0,0,0,0,0,0,0,3,1,6,6,1,28,6,1200,1,8,PEUGEOT 208,3,E01002457,0,-1
2021320377245,2021,320377245,2,9,0,2,2,0,0,0,0,1,0,0,0,0,2,1,6,6,2,54,8,1398,2,8,PEUGEOT 208,4,E01026016,0,-1
2021170S11971,2021,170S11971,1,9,0,12,12,6,2,0,0,4,0,0,0,0,3,1,6,6,1,73,10,1200,1,3,PEUGEOT 208,2,E01012035,0,-1
2021131073782,2021,131073782,1,9,0,-1,-1,-1,-1,-1,-1,5,0,-1,-1,-1,-1,1,6,6,3,-1,-1,1560,2,7,PEUGEOT 208,-1,-1,0,-1
2021010338296,2021,010338296,3,9,0,4,4,5,1,0,0,0,0,0,0,0,2,1,6,6,1,28,6,1200,1,2,PEUGEOT 208,1,E01000105,0,-1
2021991164490,2021,991164490,2,9,0,3,3,7,3,0,0,1,0,0,0,0,2,1,5,6,2,27,6,1199,1,2,PEUGEOT 208,2,-1,0,-1
2021421040928,2021,421040928,2,9,0,4,4,1,5,0,0,4,0,0,0,0,2,1,2,2,2,36,7,1200,1,2,PEUGEOT 208,2,E01021864,0,-1
2021010317401,2021,010317401,2,9,0,18,19,8,4,0,0,0,0,0,7,0,3,1,2,2,2,22,5,1200,1,8,PEUGEOT 208,3,E01003526,0,-1
2021461080002,2021,461080002,1,9,0,13,13,8,4,0,0,0,0,0,0,0,3,1,6,6,1,-1,-1,1200,1,1,PEUGEOT 208,-1,-1,0,-1
2021461025249,2021,461025249,2,9,0,4,4,5,1,0,0,0,0,0,0,0,2,1,6,6,2,56,9,1200,1,5,PEUGEOT 208,1,E01016069,0,-1
2021371088799,2021,371088799,2,9,0,4,4,5,1,0,0,0,0,0,0,0,2,1,5,6,2,36,7,1200,1,6,PEUGEOT 208,10,E01030078,0,-1
2021610046221,2021,610046221,2,9,0,18,19,8,4,0,0,0,0,0,0,0,1,1,6,6,2,24,5,1560,2,6,PEUGEOT 208,3,W01001408,0,-1
2021440162367,2021,440162367,1,9,0,9,9,2,7,0,0,5,0,0,0,0,1,1,6,6,1,68,10,1498,2,1,PEUGEOT 208,10,E01032850,0,-1
2021041042287,2021,041042287,1,9,0,1,1,1,5,0,0,0,0,0,0,0,4,1,5,6,2,27,6,1398,2,9,PEUGEOT 208,2,E01025101,0,-1
2021141051119,2021,141051119,1,9,0,18,19,5,1,0,0,0,0,0,1,1,1,1,5,6,2,77,11,1200,1,7,PEUGEOT 208,6,E01007426,0,-1
2021421100495,2021,421100495,1,9,0,3,3,1,4,0,0,1,0,0,0,0,4,1,6,6,2,55,8,1598,1,5,PEUGEOT 208,2,E01021319,0,-1
2021041045804,2021,041045804,1,9,0,18,19,3,7,0,0,0,0,0,0,0,1,1,5,6,1,40,7,1560,2,6,PEUGEOT 208,7,E01025339,0,-1
2021440063429,2021,440063429,1,9,0,2,2,0,0,0,0,0,0,0,0,0,2,1,6,6,1,21,5,1000,1,8,PEUGEOT 208,8,E01017059,0,-1
2021041069049,2021,041069049,3,9,0,2,2,0,0,0,0,1,0,0,0,0,4,1,6,6,3,-1,-1,1200,1,5,PEUGEOT 208,-1,-1,0,-1
2021471024336,2021,471024336,1,9,0,18,19,8,4,0,0,1,0,0,0,0,1,1,6,6,1,91,11,1398,2,8,PEUGEOT 208,7,E01021108,0,-1
2021122100485,2021,122100485,1,9,0,2,2,0,0,0,0,0,0,0,0,0,0,1,3,7,1,54,8,1200,1,4,PEUGEOT 208,7,E01027673,0,-1
2021010293369,2021,010293369,1,9,0,99,99,9,9,99,99,1,9,99,9,99,2,9,6,6,1,22,5,1200,1,6,PEUGEOT 208,3,E01003485,0,-1
2021501018269,2021,501018269,1,9,0,18,19,1,5,0,0,0,0,0,0,0,1,1,5,6,1,86,11,1200,1,8,PEUGEOT 208,5,E01018782,0,-1
2021010330117,2021,010330117,3,9,0,2,2,0,0,0,0,0,0,4,0,0,3,1,6,6,3,-1,-1,1200,1,0,PEUGEOT 208,-1,-1,0,-1
202131A191121,2021,31A191121,1,9,0,4,4,2,6,0,0,8,0,0,0,0,2,1,6,6,1,63,9,1200,1,8,PEUGEOT 208,10,E01028345,0,-1
2021010333098,2021,010333098,2,9,0,18,19,7,3,0,0,8,0,0,0,0,1,1,6,6,2,59,9,1200,1,8,PEUGEOT 208,5,E01002488,0,-1
2021141101795,2021,141101795,1,9,0,18,19,2,8,0,0,2,5,0,0,0,1,1,5,6,2,40,7,1398,2,6,PEUGEOT 208,6,E01008129,0,-1
2021221058286,2021,221058286,2,9,0,3,3,6,2,0,0,0,0,0,0,0,2,1,5,6,1,59,9,1560,2,6,PEUGEOT 208,7,E01032249,0,-1
2021141097287,2021,141097287,1,9,0,18,19,1,5,0,0,0,0,0,0,0,4,1,1,1,2,42,7,1200,1,1,PEUGEOT 208,8,E01033259,0,-1
2021451027238,2021,451027238,2,9,0,18,19,3,7,0,0,0,0,0,0,0,3,1,5,6,1,34,6,1200,1,8,PEUGEOT 208,8,E01002989,0,-1
2021440469547,2021,440469547,3,9,0,4,4,6,2,0,0,8,0,2,2,7,1,1,2,2,2,69,10,1200,1,8,PEUGEOT 208,7,E01023032,0,-1
2021302101527,2021,302101527,1,9,0,18,19,4,8,0,0,0,0,0,0,0,4,1,6,6,2,61,9,1398,2,9,PEUGEOT 208,5,E01033413,0,-1
2021201063068,2021,201063068,2,9,0,18,19,6,2,0,0,8,0,0,0,0,1,1,2,2,2,30,6,1560,2,8,PEUGEOT 208,2,E01010429,0,-1
2021131099366,2021,131099366,1,9,0,9,9,5,3,0,0,2,0,0,0,0,3,1,5,6,1,21,5,1200,1,4,PEUGEOT 208,1,E01010820,0,-1
2021010347337,2021,010347337,2,9,0,99,99,9,9,99,99,9,9,99,9,99,2,9,6,6,3,-1,-1,1598,1,7,PEUGEOT 208,3,E01002503,0,-1
2021991171978,2021,991171978,1,9,0,18,19,6,2,0,0,8,0,0,0,0,1,1,6,6,1,40,7,1200,1,1,PEUGEOT 208,7,-1,0,-1
2021052100566,2021,052100566,2,9,0,3,3,1,8,0,0,0,0,0,0,0,2,1,6,6,2,24,5,1199,1,2,PEUGEOT 208,1,E01006515,0,-1
2021451030519,2021,451030519,2,9,0,9,9,4,2,0,0,6,0,0,0,0,4,1,2,2,2,43,7,1398,2,8,PEUGEOT 208,9,E01030391,0,-1
2021010324891,2021,010324891,1,9,0,99,99,9,9,99,99,9,9,99,9,99,2,9,2,2,1,46,8,1200,1,7,PEUGEOT 208,4,E01004531,0,-1
2021161088228,2021,161088228,1,9,0,3,3,4,8,0,0,0,0,0,0,0,2,1,6,6,2,19,4,1200,1,6,PEUGEOT 208,10,E01013114,0,-1
2021471088364,2021,471088364,2,9,0,3,3,7,3,0,0,0,0,0,0,0,2,1,6,6,2,50,8,1200,1,6,PEUGEOT 208,3,E01031360,0,-1
2021201070065,2021,201070065,2,9,0,7,7,8,2,0,0,3,0,0,0,0,3,1,6,6,2,51,8,1200,1,6,PEUGEOT 208,1,E01010030,0,-1
2021430580800,2021,430580800,2,9,0,18,19,8,4,0,0,0,0,0,0,0,3,1,6,6,1,30,6,1200,1,7,PEUGEOT 208,-1,-1,0,-1
2021440230208,2021,440230208,1,9,0,18,19,4,1,0,0,8,0,0,0,0,3,1,6,6,2,34,6,1200,1,7,PEUGEOT 208,4,E01017124,0,-1
2021440394088,2021,440394088,1,9,0,18,19,3,7,0,0,0,0,0,0,0,3,1,6,6,1,37,7,1200,1,7,PEUGEOT 208,3,E01017266,0,-1
2021451041383,2021,451041383,2,9,0,16,19,1,5,0,0,1,0,0,0,0,1,1,5,6,1,23,5,1397,1,9,PEUGEOT 208,9,E01030413,0,-1
2021361045282,2021,361045282,2,9,0,18,19,2,6,0,0,1,0,0,0,0,3,1,5,6,1,48,8,1560,2,8,PEUGEOT 208,9,E01026552,0,-1
2021010328423,2021,010328423,1,9,0,99,99,9,9,99,99,9,9,99,9,99,9,9,2,2,1,49,8,1200,1,5,PEUGEOT 208,4,E01016129,0,-1
2021430109350,2021,430109350,2,9,0,18,19,6,2,0,0,1,0,0,0,0,4,1,6,6,2,51,8,1200,1,7,PEUGEOT 208,6,E01016509,0,-1
2021522102023,2021,522102023,1,9,0,3,3,3,7,0,0,8,0,0,0,0,2,1,6,6,1,42,7,1560,2,3,PEUGEOT 208,10,E01014980,0,-1
2021131108980,2021,131108980,1,9,0,18,19,3,7,0,0,0,0,0,0,0,1,1,3,7,2,23,5,1199,1,2,PEUGEOT 208,1,E01010850,0,-1
2021302100203,2021,302100203,1,9,0,4,4,2,6,0,0,4,0,0,0,0,1,1,6,6,2,21,5,1398,2,8,PEUGEOT 208,1,E01013567,0,-1
2021131058575,2021,131058575,1,9,0,9,9,5,6,0,0,8,0,0,0,0,2,1,3,7,1,28,6,1398,2,8,PEUGEOT 208,5,E01010708,0,-1
2021421038229,2021,421038229,1,9,0,18,19,5,8,0,0,4,0,0,0,0,1,1,6,6,2,61,9,1200,1,2,PEUGEOT 208,8,E01022079,0,-1
2021101110892,2021,101110892,2,9,0,3,3,3,7,0,0,4,0,0,0,0,2,1,5,6,2,31,6,1560,2,8,PEUGEOT 208,4,E01027523,0,-1
2021161020674,2021,161020674,2,9,0,2,2,0,0,0,0,0,0,0,1,0,2,1,1,1,1,39,7,1560,2,6,PEUGEOT 208,1,E01012787,0,-1
2021010333688,2021,010333688,2,9,0,3,3,3,7,0,0,1,0,0,0,0,1,1,2,2,2,45,7,1398,2,9,PEUGEOT 208,5,E01000398,0,-1
2021122100694,2021,122100694,1,9,0,3,3,4,8,0,0,0,0,0,0,0,2,1,6,6,2,39,7,1200,1,1,PEUGEOT 208,6,E01027834,0,-1
2021170M10501,2021,170M10501,2,9,0,7,7,4,6,4,4,8,0,0,0,0,4,1,6,6,1,59,9,1398,2,7,PEUGEOT 208,-1,-1,0,-1
2021501137706,2021,501137706,1,9,0,18,19,1,5,0,0,0,1,11,0,0,1,1,2,2,2,49,8,1398,2,8,PEUGEOT 208,8,E01018855,0,-1
2021201143412,2021,201143412,4,9,0,2,2,0,0,0,0,0,0,0,0,0,1,1,6,6,2,55,8,1200,1,3,PEUGEOT 208,1,E01009400,0,-1
2021131034334,2021,131034334,1,9,0,9,9,4,6,0,0,2,1,0,0,0,3,1,5,6,1,31,6,1397,1,9,PEUGEOT 208,1,E01011361,0,-1
2021451059079,2021,451059079,1,9,0,7,7,1,3,0,0,6,0,0,0,0,4,1,5,6,2,26,6,1200,1,5,PEUGEOT 208,4,E01030709,0,-1
2021052100434,2021,052100434,1,9,0,18,19,2,6,0,0,0,0,0,0,0,4,1,6,6,1,30,6,1199,1,2,PEUGEOT 208,1,E01006552,0,-1
2021201114115,2021,201114115,1,9,0,18,19,6,2,0,0,0,0,4,0,0,1,1,1,1,1,45,7,1560,2,6,PEUGEOT 208,2,E01009445,0,-1
2021421034400,2021,421034400,2,9,0,4,4,2,4,6,6,0,0,0,0,0,2,1,1,1,1,24,5,1200,1,2,PEUGEOT 208,9,E01021934,0,-1
2021010317120,2021,010317120,1,9,0,99,99,9,9,99,99,9,9,99,9,99,9,9,6,6,2,24,5,1200,1,3,PEUGEOT 208,1,E01001458,0,-1
2021010311671,2021,010311671,2,9,0,3,3,1,5,0,0,1,0,0,0,0,2,1,6,6,1,52,8,1200,1,6,PEUGEOT 208,2,E01003124,0,-1
2021520104760,2021,520104760,2,9,0,4,4,6,2,0,0,1,0,0,0,0,1,1,6,6,1,40,7,1398,2,9,PEUGEOT 208,-1,-1,0,-1
2021161124774,2021,161124774,2,9,0,18,19,8,4,0,0,0,0,0,0,0,2,1,2,2,1,29,6,1560,2,4,PEUGEOT 208,8,E01013101,0,-1
2021430578222,2021,430578222,2,9,0,11,11,4,8,0,0,1,0,0,0,0,1,1,6,6,2,-1,-1,1200,1,7,PEUGEOT 208,-1,-1,0,-1
2021010336180,2021,010336180,2,9,0,99,99,9,9,99,99,9,9,99,9,99,1,9,6,6,3,31,6,1200,1,9,PEUGEOT 208,-1,-1,0,-1
2021311065817,2021,311065817,4,9,0,18,19,1,5,0,0,0,0,4,0,0,1,1,2,2,1,20,4,1200,1,6,PEUGEOT 208,6,E01028416,0,-1
2021010304329,2021,010304329,1,9,0,17,19,5,1,0,0,0,0,0,0,0,1,1,3,7,1,49,8,1398,2,8,PEUGEOT 208,3,E01004446,0,-1
2021622100551,2021,622100551,2,9,0,18,19,4,8,0,0,0,0,0,0,0,1,1,6,6,1,45,7,1200,1,4,PEUGEOT 208,1,W01001179,0,-1
2021471114824,2021,471114824,3,9,0,2,2,0,0,0,0,2,0,0,0,0,3,1,6,6,3,-1,-1,1200,1,8,PEUGEOT 208,-1,-1,0,-1
202131A200721,2021,31A200721,3,9,0,18,19,8,4,0,0,1,0,0,0,0,1,1,6,6,2,43,7,1200,1,4,PEUGEOT 208,2,E01028233,0,-1
2021231117005,2021,231117005,2,9,0,17,19,8,4,0,0,0,0,0,0,0,3,1,2,2,1,39,7,1397,1,8,PEUGEOT 208,7,E01032425,0,-1
2021421059826,2021,421059826,3,9,0,2,2,0,0,0,0,1,0,0,0,0,3,1,6,6,3,-1,-1,1200,1,4,PEUGEOT 208,-1,-1,0,-1
2021231082779,2021,231082779,2,9,0,4,4,5,7,0,0,2,0,0,0,0,2,1,1,1,2,35,6,1200,1,0,PEUGEOT 208,10,E01031304,0,-1
2021131044198,2021,131044198,3,9,0,18,19,1,5,0,0,1,0,0,0,0,1,1,6,6,2,21,5,1200,1,7,PEUGEOT 208,7,E01011603,0,-1
2021501031872,2021,501031872,2,9,0,9,9,3,2,0,0,1,0,0,0,0,3,1,2,2,1,24,5,1200,1,7,PEUGEOT 208,8,E01015271,0,-1
2021041142982,2021,041142982,1,9,0,18,19,8,8,0,0,0,0,0,0,0,1,1,6,6,2,-1,-1,1200,1,2,PEUGEOT 208,-1,-1,0,-1
2021421050641,2021,421050641,1,9,0,4,4,1,5,0,0,0,0,0,0,0,1,1,5,6,2,78,11,1200,1,2,PEUGEOT 208,8,E01021347,0,-1
2021010317200,2021,010317200,2,9,0,99,99,9,9,99,99,9,9,99,9,99,1,9,6,6,3,-1,-1,1200,1,0,PEUGEOT 208,2,E01004326,0,-1
2021622100855,2021,622100855,3,9,0,2,2,0,0,0,0,0,0,0,0,0,2,1,6,6,3,-1,-1,1200,1,8,PEUGEOT 208,-1,-1,0,-1
2021440431488,2021,440431488,3,9,0,2,2,0,0,0,0,0,0,0,0,0,1,1,6,6,2,26,6,1200,1,5,PEUGEOT 208,2,E01017331,0,-1
202154A117121,2021,54A117121,1,9,0,18,19,2,8,0,0,0,0,0,0,0,1,1,6,6,1,83,11,1199,1,3,PEUGEOT 208,7,E01031872,0,-1
2021161038201,2021,161038201,2,9,0,4,4,3,7,0,0,0,0,0,0,0,1,1,6,6,1,30,6,1200,1,4,PEUGEOT 208,9,E01012974,0,-1
2021451047200,2021,451047200,2,9,0,18,19,8,4,0,0,0,0,0,0,0,1,1,2,2,2,27,6,1200,1,2,PEUGEOT 208,7,E01023125,0,-1
2021141065707,2021,141065707,3,9,0,2,2,0,0,6,6,0,0,4,0,0,1,1,6,6,3,-1,-1,1200,1,8,PEUGEOT 208,-1,-1,0,-1
2021440101940,2021,440101940,1,9,0,18,19,3,7,0,0,8,0,0,0,0,1,1,6,6,1,-1,-1,1398,2,8,PEUGEOT 208,-1,-1,0,-1
2021320008012,2021,320008012,2,9,0,18,19,3,7,0,0,1,0,0,0,0,3,1,6,6,1,73,10,1498,2,1,PEUGEOT 208,8,E01026322,0,-1
2021131078890,2021,131078890,4,9,0,2,2,0,0,0,0,0,0,0,0,0,3,1,6,6,3,-1,-1,-1,3,1,PEUGEOT 208,-1,-1,0,-1
2021201016234,2021,201016234,2,9,0,18,19,8,4,0,0,4,0,0,0,0,1,1,1,1,1,49,8,1200,1,4,PEUGEOT 208,4,E01010499,0,-1
2021122100648,2021,122100648,2,9,0,7,7,5,7,0,0,1,0,0,0,0,4,1,6,6,2,33,6,1398,2,7,PEUGEOT 208,3,E01013350,0,-1
2021041054971,2021,041054971,1,9,0,9,9,5,7,0,0,5,0,0,0,0,2,1,6,6,2,35,6,1200,1,8,PEUGEOT 208,3,E01025269,0,-1
2021211066888,2021,211066888,2,9,0,2,2,0,0,0,0,0,0,0,0,0,3,1,6,6,1,55,8,1200,1,6,PEUGEOT 208,7,E01029694,0,-1
2021430177063,2021,430177063,1,9,0,18,19,2,6,0,0,0,0,0,0,0,1,1,6,6,2,53,8,1000,1,8,PEUGEOT 208,8,E01016751,0,-1
2021201113653,2021,201113653,1,9,0,3,3,4,1,0,0,1,0,0,0,0,2,1,6,6,2,17,4,1200,1,5,PEUGEOT 208,9,E01029619,0,-1
2021991029827,2021,991029827,1,9,0,13,13,2,6,0,0,0,1,0,0,0,1,1,2,2,2,36,7,1398,2,9,PEUGEOT 208,6,-1,0,-1
2021131120110,2021,131120110,1,9,0,18,19,4,8,0,0,8,0,4,0,0,1,1,5,6,1,65,9,1200,1,6,PEUGEOT 208,6,E01011074,0,-1
2021451028661,2021,451028661,2,9,0,7,7,7,1,0,0,0,0,0,0,0,2,1,5,6,1,45,7,1397,1,9,PEUGEOT 208,4,E01004142,0,-1
2021041014078,2021,041014078,2,9,0,18,19,2,7,0,0,0,0,0,0,0,1,1,2,2,2,50,8,1200,1,5,PEUGEOT 208,6,E01012616,0,-1
2021061030257,2021,061030257,1,9,0,18,19,1,5,0,0,1,0,0,0,0,3,1,6,6,1,40,7,1200,1,1,PEUGEOT 208,5,E01024917,0,-1
2021302100066,2021,302100066,1,9,0,18,19,8,7,0,0,4,0,0,0,0,1,1,2,2,2,-1,-1,1200,1,5,PEUGEOT 208,-1,-1,0,-1
2021302101386,2021,302101386,1,9,0,9,9,6,4,0,0,6,0,0,0,0,3,1,2,2,2,18,4,1200,1,8,PEUGEOT 208,2,E01019497,0,-1
2021610046521,2021,610046521,1,9,0,18,19,5,2,0,0,0,0,0,0,0,2,1,6,6,2,66,10,1560,2,6,PEUGEOT 208,9,W01001514,0,-1
2021451067192,2021,451067192,2,9,0,8,8,1,5,0,0,0,0,0,0,0,4,1,2,2,1,28,6,1200,1,0,PEUGEOT 208,6,E01003393,0,-1
2021101101531,2021,101101531,2,9,0,4,4,3,7,0,0,0,0,0,0,0,2,1,6,6,2,25,5,1200,1,4,PEUGEOT 208,5,E01008490,0,-1
2021501129859,2021,501129859,2,9,0,9,9,3,1,0,0,1,0,0,0,0,1,1,6,6,1,29,6,1398,2,6,PEUGEOT 208,4,E01019981,0,-1
2021010323778,2021,010323778,2,9,0,4,4,7,3,0,0,2,0,0,0,0,3,1,6,6,1,79,11,1200,1,6,PEUGEOT 208,10,E01003797,0,-1
2021421042303,2021,421042303,1,9,0,5,5,1,5,0,0,8,0,0,0,0,1,1,3,7,2,44,7,1200,1,6,PEUGEOT 208,6,E01021472,0,-1
2021101103378,2021,101103378,1,9,0,18,19,3,7,0,0,0,0,0,0,0,1,1,5,6,2,72,10,1200,1,2,PEUGEOT 208,-1,-1,0,-1
2021141022740,2021,141022740,1,9,0,18,19,5,1,0,0,0,0,0,1,0,3,1,5,6,2,21,5,1398,2,8,PEUGEOT 208,2,E01019579,0,-1
2021052101501,2021,052101501,1,9,0,18,19,1,5,0,0,0,0,0,0,0,1,1,6,6,2,84,11,1200,1,8,PEUGEOT 208,7,E01007192,0,-1
2021421094564,2021,421094564,1,9,0,18,19,2,7,0,0,8,0,4,7,0,4,1,6,6,1,25,5,1200,1,8,PEUGEOT 208,4,E01022048,0,-1
2021131107000,2021,131107000,2,9,0,18,19,1,5,0,0,0,0,0,0,0,4,1,6,6,2,56,9,1200,1,5,PEUGEOT 208,5,E01010783,0,-1
2021991105816,2021,991105816,1,9,0,9,9,5,2,0,0,8,0,0,0,0,2,1,5,6,2,68,10,1398,2,9,PEUGEOT 208,8,-1,0,-1
2021302101239,2021,302101239,1,9,0,9,9,2,8,0,0,6,0,0,0,0,3,1,6,6,2,21,5,1200,1,9,PEUGEOT 208,2,E01019542,0,-1
2021302101563,2021,302101563,1,9,0,9,9,4,2,0,0,6,0,0,0,0,1,1,6,6,2,53,8,1199,1,4,PEUGEOT 208,10,E01025944,0,-1
2021161115690,2021,161115690,2,9,0,18,19,2,6,0,0,8,0,0,0,0,4,1,2,2,2,31,6,1560,2,9,PEUGEOT 208,7,E01013321,0,-1
2021461086147,2021,461086147,1,9,0,4,4,7,3,0,0,1,0,0,0,0,4,1,6,6,1,29,6,1398,2,8,PEUGEOT 208,4,E01024296,0,-1
2021421095262,2021,421095262,2,9,0,18,19,5,1,0,0,3,0,0,0,0,4,1,6,6,2,57,9,1200,1,1,PEUGEOT 208,4,E01021260,0,-1
2021041060540,2021,041060540,1,9,0,16,19,5,1,0,0,0,0,0,0,0,1,1,5,6,1,74,10,1199,1,3,PEUGEOT 208,9,E01025340,0,-1
2021010315464,2021,010315464,1,9,0,99,99,9,9,99,99,9,9,99,9,99,9,9,6,6,1,37,7,1199,1,3,PEUGEOT 208,9,E01021390,0,-1
2021010342001,2021,010342001,3,9,0,2,2,0,0,0,0,1,0,0,0,0,2,1,6,6,3,-1,-1,1398,2,6,PEUGEOT 208,-1,-1,0,-1
2021061137838,2021,061137838,2,9,0,18,19,5,1,0,0,8,0,0,0,0,1,1,6,6,2,30,6,1200,1,7,PEUGEOT 208,-1,-1,0,-1
2021421125005,2021,421125005,1,9,0,6,6,8,8,0,0,0,0,0,0,0,3,1,1,1,2,39,7,1200,1,5,PEUGEOT 208,3,E01021359,0,-1
2021471038981,2021,471038981,2,9,0,18,19,3,7,0,0,1,0,0,7,11,1,1,5,6,1,18,4,1200,1,7,PEUGEOT 208,10,E01020946,0,-1
202134WNC4341,2021,34WNC4341,2,9,0,18,19,5,1,0,0,8,0,0,0,0,3,1,2,2,2,48,8,1200,1,0,PEUGEOT 208,9,E01027250,0,-1
2021010297409,2021,010297409,2,9,0,9,9,3,1,0,0,8,0,0,0,0,1,1,6,6,1,28,6,1200,1,8,PEUGEOT 208,2,E01004023,0,-1
2021061134059,2021,061134059,1,9,0,18,19,1,1,0,0,8,0,0,0,0,1,1,6,6,1,71,10,1199,1,2,PEUGEOT 208,8,E01006170,0,-1
2021131114766,2021,131114766,3,9,0,4,4,3,7,0,0,0,0,0,0,0,2,1,6,6,1,26,6,1398,2,9,PEUGEOT 208,1,E01010618,0,-1
202131D054021,2021,31D054021,1,9,0,13,13,8,4,0,0,0,5,0,0,0,4,1,6,6,2,17,4,1200,1,8,PEUGEOT 208,10,E01028403,0,-1
2021010324503,2021,010324503,1,9,0,18,19,7,3,0,0,8,0,0,0,0,3,1,2,2,2,28,6,1560,2,9,PEUGEOT 208,6,E01002639,0,-1
2021461013918,2021,461013918,1,9,0,18,19,5,1,0,0,0,1,0,0,0,1,1,1,1,1,21,5,1200,1,3,PEUGEOT 208,4,E01024620,0,-1
2021052102440,2021,052102440,1,9,0,9,9,3,1,0,0,8,0,0,0,0,1,1,6,6,2,60,9,1200,1,1,PEUGEOT 208,5,E01006491,0,-1
2021010351607,2021,010351607,2,9,0,99,99,9,9,99,99,9,9,99,9,99,1,9,6,6,2,36,7,1200,1,5,PEUGEOT 208,2,E01003558,0,-1
2021131102260,2021,131102260,1,9,0,18,19,8,4,0,0,8,0,0,0,0,1,1,5,6,2,37,7,1200,1,8,PEUGEOT 208,1,E01011093,0,-1
2021440327231,2021,440327231,2,9,0,17,19,7,4,0,0,1,0,0,0,0,1,1,2,2,1,26,6,1200,1,9,PEUGEOT 208,7,E01022584,0,-1
2021351108684,2021,351108684,1,9,0,7,7,5,1,0,0,8,0,0,0,0,4,1,6,6,2,21,5,1200,1,8,PEUGEOT 208,8,E01031505,0,-1
2021061041104,2021,061041104,2,9,0,18,19,5,3,0,0,0,0,0,0,0,1,1,6,6,1,43,7,1200,1,4,PEUGEOT 208,8,E01005056,0,-1
202106A079260,2021,06A079260,1,9,0,18,19,5,7,0,0,7,0,0,0,0,2,1,6,6,1,30,6,1200,1,9,PEUGEOT 208,-1,-1,0,-1
2021461103317,2021,461103317,1,9,0,18,19,3,7,0,0,0,0,0,0,0,1,1,6,6,2,27,6,1200,1,3,PEUGEOT 208,7,E01000361,0,-1
2021440388732,2021,440388732,1,9,0,18,19,1,5,0,0,8,0,0,0,0,1,1,6,6,1,30,6,1598,1,7,PEUGEOT 208,7,E01017041,0,-1
2021041116828,2021,041116828,1,9,0,5,5,5,1,0,0,1,0,0,0,0,1,1,2,2,1,26,6,1200,1,4,PEUGEOT 208,3,E01025397,0,-1
2021131098555,2021,131098555,2,9,0,18,19,7,3,0,0,0,0,0,0,0,1,1,5,6,2,20,4,1398,2,7,PEUGEOT 208,2,E01010667,0,-1
2021031085617,2021,031085617,3,9,0,2,2,0,0,0,0,0,0,0,0,0,2,1,6,6,1,29,6,1200,1,9,PEUGEOT 208,5,E01019182,0,-1