collision_index,collision_year,collision_ref_no,vehicle_reference,vehicle_type,towing_and_articulation,vehicle_manoeuvre_historic,vehicle_manoeuvre,vehicle_direction_from,vehicle_direction_to,vehicle_location_restricted_lane_historic,vehicle_location_restricted_lane,junction_location,skidding_and_overturning,hit_object_in_carriageway,vehicle_leaving_carriageway,hit_object_off_carriageway,first_point_of_impact,vehicle_left_hand_drive,journey_purpose_of_driver_historic,journey_purpose_of_driver,sex_of_driver,age_of_driver,age_band_of_driver,engine_capacity_cc,propulsion_code,age_of_vehicle,generic_make_model,driver_imd_decile,lsoa_of_driver,escooter_flag,driver_distance_banding
2021302100378,2021,302100378,2,9,0,14,14,2,6,0,0,0,0,0,0,0,0,1,6,6,3,-1,-1,1798,8,1,TOYOTA C-HR,5,E01019456,0,-1
2021451069035,2021,451069035,2,9,0,9,9,3,7,0,0,6,0,0,0,0,3,1,2,2,1,40,7,1798,8,0,TOYOTA C-HR,2,E01017153,0,-1
2021302100779,2021,302100779,1,9,0,7,7,8,2,0,0,8,0,0,0,0,4,1,6,6,3,-1,-1,1798,8,4,TOYOTA C-HR,5,E01019456,0,-1
2021522200407,2021,522200407,2,9,0,9,9,5,8,0,0,6,0,0,0,0,4,1,6,6,2,19,4,1987,8,1,TOYOTA C-HR,7,E01014945,0,-1
2021320306079,2021,320306079,1,9,0,18,19,3,7,0,0,0,0,0,0,0,1,1,6,6,1,-1,-1,1798,8,0,TOYOTA C-HR,8,E01009686,0,-1
2021010305067,2021,010305067,1,9,0,8,8,5,7,0,0,1,0,0,0,0,2,1,6,6,1,26,6,1798,8,4,TOYOTA C-HR,-1,-1,0,-1
2021211114625,2021,211114625,1,9,0,17,19,3,8,0,0,0,0,0,0,0,1,1,6,6,3,-1,-1,1798,8,0,TOYOTA C-HR,-1,-1,0,-1
2021201141799,2021,201141799,2,9,0,18,19,3,7,0,0,1,0,0,0,0,3,1,2,2,2,60,9,1798,8,0,TOYOTA C-HR,7,E01029856,0,-1
2021010338624,2021,010338624,2,9,0,99,99,9,9,99,99,9,9,99,9,99,9,9,6,6,3,-1,-1,1798,8,0,TOYOTA C-HR,3,E01003293,0,-1
202131C107321,2021,31C107321,1,9,0,18,19,5,2,0,0,2,0,0,0,0,3,1,6,6,1,44,7,1197,1,4,TOYOTA C-HR,4,E01027929,0,-1
2021201103382,2021,201103382,2,9,0,3,3,2,6,0,0,0,0,0,0,0,2,1,6,6,2,23,5,1197,1,3,TOYOTA C-HR,-1,-1,0,-1
2021421064417,2021,421064417,1,9,0,18,19,6,2,0,0,4,0,0,0,0,3,1,6,6,2,41,7,1197,1,3,TOYOTA C-HR,10,E01021580,0,-1
2021010291213,2021,010291213,1,9,0,18,19,3,7,0,0,0,1,2,0,0,1,1,1,1,2,23,5,1798,8,3,TOYOTA C-HR,7,E01023532,0,-1
2021010287509,2021,010287509,2,9,0,99,99,9,9,99,99,0,9,99,9,99,1,9,6,6,1,58,9,1987,8,1,TOYOTA C-HR,10,E01024272,0,-1
2021471069387,2021,471069387,2,9,0,18,19,1,5,0,0,0,0,0,0,0,2,1,5,6,2,21,5,1798,8,0,TOYOTA C-HR,5,E01031750,0,-1
2021101031548,2021,101031548,1,9,0,17,19,1,5,0,0,0,5,0,0,0,1,1,6,6,1,48,8,1798,8,0,TOYOTA C-HR,7,E01027490,0,-1
2021471073751,2021,471073751,4,9,0,18,19,1,5,0,0,0,0,0,0,0,2,1,2,2,1,58,9,1798,8,2,TOYOTA C-HR,5,E01031467,0,-1
2021440158082,2021,440158082,2,9,0,5,5,5,1,0,0,8,0,0,0,0,1,1,6,6,2,75,10,1798,8,1,TOYOTA C-HR,4,E01017185,0,-1
2021201061144,2021,201061144,2,9,0,18,19,2,6,0,0,8,0,0,0,0,1,1,1,1,2,56,9,1987,8,1,TOYOTA C-HR,2,E01010372,0,-1
2021010337695,2021,010337695,1,9,0,18,19,3,7,0,0,7,0,0,0,0,2,1,6,6,1,36,7,1798,8,1,TOYOTA C-HR,7,E01023901,0,-1
2021201095362,2021,201095362,3,9,0,2,2,0,0,0,0,2,0,0,0,0,2,1,6,6,3,-1,-1,1798,8,4,TOYOTA C-HR,-1,-1,0,-1
2021052102606,2021,052102606,1,9,0,9,9,8,6,0,0,1,0,0,0,0,3,1,6,6,2,47,8,1197,1,4,TOYOTA C-HR,1,E01006645,0,-1
2021371025576,2021,371025576,1,9,0,18,19,8,4,0,0,0,5,0,1,0,1,1,5,6,1,61,9,1798,8,2,TOYOTA C-HR,10,E01030070,0,-1
2021010351717,2021,010351717,1,9,0,99,99,9,9,99,99,9,9,99,9,99,1,9,6,6,2,37,7,1798,8,2,TOYOTA C-HR,3,E01000947,0,-1
2021122101049,2021,122101049,1,9,0,9,9,1,7,0,0,8,0,0,0,0,4,1,6,6,1,45,7,1798,8,0,TOYOTA C-HR,3,E01013447,0,-1
2021991055254,2021,991055254,1,9,0,9,9,7,5,0,0,1,0,0,0,0,4,1,6,6,2,42,7,1798,8,0,TOYOTA C-HR,2,-1,0,-1
2021041110342,2021,041110342,2,9,0,17,19,1,5,0,0,0,0,0,0,0,1,1,5,6,2,57,9,1798,8,2,TOYOTA C-HR,4,E01012731,0,-1
2021131105899,2021,131105899,2,9,0,18,19,7,3,0,0,0,0,0,0,0,4,1,1,1,1,32,6,1798,8,0,TOYOTA C-HR,3,E01011786,0,-1
2021351096311,2021,351096311,5,9,0,4,4,6,2,0,0,0,0,0,0,0,2,1,6,6,1,38,7,1798,8,3,TOYOTA C-HR,9,E01018015,0,-1
2021010345310,2021,010345310,2,9,0,18,19,1,5,0,0,1,0,0,0,0,1,1,6,6,2,46,8,1798,8,4,TOYOTA C-HR,9,E01004161,0,-1
2021061081517,2021,061081517,1,9,0,18,19,1,1,0,0,1,0,0,0,0,1,1,6,6,1,30,6,1798,8,2,TOYOTA C-HR,-1,-1,0,-1
2021471052628,2021,471052628,2,9,0,2,2,0,0,0,0,1,0,0,0,0,2,1,5,6,2,27,6,1197,1,4,TOYOTA C-HR,2,E01016873,0,-1
2021471083761,2021,471083761,1,9,0,16,19,1,3,0,0,8,0,0,0,0,1,1,5,6,2,30,6,1798,8,1,TOYOTA C-HR,5,E01031481,0,-1
2021201066812,2021,201066812,2,9,0,18,19,3,7,0,0,0,0,0,0,0,3,1,6,6,2,43,7,1798,8,1,TOYOTA C-HR,1,E01033632,0,-1
2021141127359,2021,141127359,1,9,0,18,19,3,7,0,0,0,0,0,0,0,1,1,5,6,1,41,7,1798,8,3,TOYOTA C-HR,-1,-1,0,-1
2021531112404,2021,531112404,2,9,0,3,3,5,1,0,0,0,0,0,0,0,2,1,5,6,1,49,8,1798,8,3,TOYOTA C-HR,7,E01022206,0,-1
2021201074911,2021,201074911,1,9,0,18,19,7,3,0,0,1,1,0,0,0,2,1,2,2,2,30,6,1987,8,1,TOYOTA C-HR,1,E01009511,0,-1
2021411079837,2021,411079837,2,9,0,9,9,6,4,0,0,4,0,0,0,0,1,1,2,2,2,44,7,1798,8,1,TOYOTA C-HR,9,E01017445,0,-1
2021401118749,2021,401118749,2,9,0,18,19,4,8,0,0,1,0,0,0,0,1,1,6,6,2,61,9,1798,8,4,TOYOTA C-HR,10,E01017544,0,-1
2021138181938,2021,138181938,1,9,0,18,19,3,7,0,0,8,0,0,0,0,1,1,6,6,1,60,9,1798,8,1,TOYOTA C-HR,3,E01010836,0,-1
2021221051436,2021,221051436,1,9,0,4,4,8,4,0,0,1,0,0,0,0,2,1,5,6,2,50,8,1987,8,0,TOYOTA C-HR,5,E01028828,0,-1
2021201050630,2021,201050630,2,9,0,18,19,8,4,0,0,0,0,0,0,0,2,1,5,6,1,32,6,1798,8,1,TOYOTA C-HR,-1,-1,0,-1
2021471077257,2021,471077257,2,9,0,16,19,2,6,0,0,1,0,0,0,0,1,1,5,6,1,91,11,1798,8,3,TOYOTA C-HR,8,E01031802,0,-1
2021052102286,2021,052102286,1,9,0,18,19,8,4,0,0,0,0,0,0,0,1,1,2,2,1,42,7,1798,8,2,TOYOTA C-HR,7,E01007242,0,-1
2021010292131,2021,010292131,1,9,0,18,19,1,5,0,0,0,0,0,0,0,1,1,6,6,1,21,5,1798,8,1,TOYOTA C-HR,2,E01001828,0,-1
2021010356241,2021,010356241,1,9,0,18,19,3,7,0,0,0,0,0,0,0,1,9,6,6,3,-1,-1,1798,8,3,TOYOTA C-HR,-1,-1,0,-1
2021991067413,2021,991067413,1,9,0,16,19,7,3,0,0,0,1,0,7,0,1,1,5,6,1,61,9,1987,8,1,TOYOTA C-HR,10,E01024947,0,-1
2021010289632,2021,010289632,1,9,0,18,19,5,1,0,0,0,0,4,0,0,1,1,1,1,1,38,7,1798,8,3,TOYOTA C-HR,2,E01004470,0,-1
2021010311673,2021,010311673,1,9,0,99,99,9,9,99,99,4,9,99,9,99,9,9,6,6,1,26,6,1798,8,3,TOYOTA C-HR,3,E01004425,0,-1
2021010338081,2021,010338081,4,9,0,3,3,1,5,0,0,0,0,0,0,0,2,1,6,6,1,33,6,1798,8,0,TOYOTA C-HR,3,E01003526,0,-1
2021010346329,2021,010346329,2,9,0,7,7,8,1,0,0,8,0,0,0,0,0,1,6,6,1,37,7,1798,8,4,TOYOTA C-HR,4,E01000471,0,-1
2021430022056,2021,430022056,1,9,0,9,9,7,5,0,0,8,0,0,0,0,1,1,6,6,1,29,6,1798,8,1,TOYOTA C-HR,2,E01016480,0,-1
2021430177063,2021,430177063,2,9,0,3,3,2,6,0,0,0,0,0,0,0,2,1,1,1,2,37,7,1798,8,1,TOYOTA C-HR,2,E01016819,0,-1
202134WNC2771,2021,34WNC2771,1,9,0,18,19,7,3,0,0,0,0,0,1,0,1,1,6,6,1,27,6,1798,8,1,TOYOTA C-HR,9,E01027265,0,-1
202134WNC0071,2021,34WNC0071,1,9,0,18,19,7,7,0,0,4,1,0,1,2,0,1,6,6,2,41,7,1987,8,1,TOYOTA C-HR,4,E01033081,0,-1
2021141030935,2021,141030935,1,9,0,-1,-1,-1,-1,-1,-1,-1,-1,-1,-1,0,-1,1,6,6,2,39,7,1798,8,3,TOYOTA C-HR,1,E01007902,0,-1
2021061104069,2021,061104069,2,9,0,4,4,3,7,0,0,1,0,0,0,0,2,1,6,6,1,24,5,1798,8,3,TOYOTA C-HR,3,E01005297,0,-1
2021430176813,2021,430176813,2,9,0,3,3,8,4,0,0,1,0,0,0,0,2,1,6,6,2,74,10,1798,8,2,TOYOTA C-HR,8,E01017818,0,-1
2021010339953,2021,010339953,1,9,0,17,19,1,5,0,0,0,0,0,0,0,2,1,6,6,1,40,7,1197,1,3,TOYOTA C-HR,6,E01002373,0,-1
2021010323473,2021,010323473,1,9,0,99,99,9,9,99,99,9,9,99,9,99,9,9,6,6,2,30,6,1197,1,4,TOYOTA C-HR,2,E01004424,0,-1
2021451074868,2021,451074868,1,9,0,18,19,1,5,0,0,1,0,0,0,0,1,1,5,6,2,62,9,1798,8,3,TOYOTA C-HR,8,E01002915,0,-1
2021131119885,2021,131119885,2,9,0,4,4,4,8,0,0,8,0,0,0,0,2,1,6,6,1,45,7,1197,1,2,TOYOTA C-HR,4,E01011804,0,-1
2021010289058,2021,010289058,1,9,0,18,19,5,1,0,0,1,5,4,0,0,4,1,6,6,1,33,6,1987,8,1,TOYOTA C-HR,2,E01003591,0,-1
2021161124682,2021,161124682,1,9,0,18,19,5,1,0,0,0,0,0,0,0,2,1,6,6,1,53,8,1798,8,4,TOYOTA C-HR,7,E01012835,0,-1
2021991107404,2021,991107404,2,9,0,9,9,7,4,0,0,1,0,0,0,0,0,1,2,2,2,32,6,1798,8,1,TOYOTA C-HR,5,-1,0,-1
2021351092596,2021,351092596,2,9,0,18,19,1,5,0,0,0,0,0,0,0,1,1,5,6,1,53,8,1798,8,1,TOYOTA C-HR,8,E01026269,0,-1
2021421101934,2021,421101934,2,9,0,9,9,3,5,0,0,5,0,0,0,0,3,1,5,6,2,28,6,1798,8,1,TOYOTA C-HR,8,E01021350,0,-1
2021111048711,2021,111048711,2,9,0,3,3,5,1,0,0,1,0,0,0,0,2,1,1,1,1,38,7,1798,8,1,TOYOTA C-HR,8,E01008642,0,-1
202134NNC1661,2021,34NNC1661,1,9,0,18,19,7,3,0,0,3,0,0,0,0,3,1,3,7,2,40,7,1798,8,3,TOYOTA C-HR,10,E01027116,0,-1
2021061045505,2021,061045505,1,9,0,18,19,2,6,0,0,0,0,0,0,0,1,1,6,6,1,36,7,1798,8,1,TOYOTA C-HR,3,E01012470,0,-1
2021522104936,2021,522104936,1,9,0,18,19,4,8,0,0,0,0,0,0,0,1,1,6,6,2,59,9,1798,8,4,TOYOTA C-HR,6,E01014708,0,-1
2021440292852,2021,440292852,1,9,0,16,19,7,3,0,0,0,0,0,7,9,1,1,6,6,1,39,7,1798,8,3,TOYOTA C-HR,9,E01022492,0,-1
2021201070017,2021,201070017,2,9,0,18,19,6,2,0,0,8,0,0,0,0,3,1,6,6,2,51,8,1798,8,1,TOYOTA C-HR,9,E01010346,0,-1
2021041127398,2021,041127398,2,9,0,2,2,0,0,0,0,2,0,0,0,0,2,1,6,6,3,-1,-1,1798,8,4,TOYOTA C-HR,-1,-1,0,-1
2021991115864,2021,991115864,1,9,0,4,4,3,6,0,0,1,0,0,0,0,1,1,6,6,1,31,6,1798,8,2,TOYOTA C-HR,6,-1,0,-1
2021522100983,2021,522100983,1,9,0,18,19,6,2,0,0,8,0,0,0,0,1,1,6,6,1,54,8,1798,8,1,TOYOTA C-HR,10,E01032097,0,-1
2021010317766,2021,010317766,1,9,0,3,3,1,5,0,0,1,0,0,0,0,2,1,1,1,1,57,9,1798,8,2,TOYOTA C-HR,5,E01001248,0,-1
2021010337228,2021,010337228,1,9,0,18,19,1,5,1,1,8,0,10,6,1,1,1,6,6,2,55,8,1798,8,1,TOYOTA C-HR,3,E01003201,0,-1
2021010304520,2021,010304520,1,9,0,17,19,7,5,0,0,3,0,0,0,0,4,1,6,6,1,30,6,1798,8,2,TOYOTA C-HR,3,E01001434,0,-1
202134WNC6361,2021,34WNC6361,1,9,0,18,19,5,1,0,0,4,0,0,8,1,1,1,6,6,1,29,6,1798,8,0,TOYOTA C-HR,5,W01000505,0,-1
2021501063156,2021,501063156,3,9,0,18,19,5,1,0,0,0,0,0,0,0,1,1,5,6,1,54,8,1798,8,3,TOYOTA C-HR,7,E01020540,0,-1
2021440447189,2021,440447189,2,9,0,18,19,1,5,0,0,0,0,0,0,0,1,1,6,6,3,-1,-1,1798,8,3,TOYOTA C-HR,-1,-1,0,-1
2021141067172,2021,141067172,1,9,0,18,19,3,7,0,0,8,5,0,0,0,4,1,5,6,2,27,6,1798,8,4,TOYOTA C-HR,9,E01025630,0,-1
2021411037716,2021,411037716,1,9,0,9,9,1,7,0,0,0,0,0,0,0,3,1,6,6,1,42,7,1798,8,0,TOYOTA C-HR,10,E01023664,0,-1
2021302101772,2021,302101772,1,9,0,7,7,3,5,0,0,6,1,0,7,9,4,1,6,6,2,33,6,1798,8,2,TOYOTA C-HR,2,E01019799,0,-1
2021302101411,2021,302101411,2,9,0,2,2,0,0,0,0,8,0,0,0,0,4,1,6,6,3,-1,-1,1798,8,1,TOYOTA C-HR,-1,-1,0,-1
2021010288794,2021,010288794,1,9,0,18,19,5,1,0,0,8,0,0,0,0,1,1,2,2,1,48,8,1798,8,4,TOYOTA C-HR,4,E01000997,0,-1
2021010345351,2021,010345351,2,9,0,99,99,9,9,99,99,0,9,99,9,99,9,9,6,6,1,23,5,1798,8,0,TOYOTA C-HR,4,E01000940,0,-1
2021131098995,2021,131098995,3,9,0,2,2,0,0,0,0,0,0,0,0,0,2,1,6,6,3,-1,-1,1798,8,3,TOYOTA C-HR,-1,-1,0,-1
2021371108317,2021,371108317,3,9,0,18,19,1,5,0,0,0,0,0,0,0,2,1,5,6,2,47,8,1798,8,3,TOYOTA C-HR,6,E01022053,0,-1
2021010345110,2021,010345110,1,9,0,99,99,9,9,99,99,9,9,99,9,99,9,9,6,6,1,-1,-1,1798,8,3,TOYOTA C-HR,-1,-1,0,-1
2021010318867,2021,010318867,3,9,5,99,99,9,9,99,99,9,9,99,9,99,9,9,6,6,1,21,5,1798,8,1,TOYOTA C-HR,4,E01001404,0,-1
2021138181596,2021,138181596,1,9,0,18,19,6,2,0,0,0,1,0,0,0,2,1,2,2,1,44,7,1798,8,2,TOYOTA C-HR,2,E01011105,0,-1
2021201119244,2021,201119244,1,9,0,9,9,7,3,0,0,6,0,0,0,0,3,1,6,6,1,63,9,1798,8,4,TOYOTA C-HR,2,E01008942,0,-1
202134NNC3711,2021,34NNC3711,2,9,0,2,2,0,0,0,0,2,0,0,0,0,2,1,6,6,3,-1,-1,1798,8,1,TOYOTA C-HR,8,E01027040,0,-1
2021201084137,2021,201084137,1,9,0,7,7,7,1,0,0,6,0,0,0,0,1,1,2,2,1,49,8,1798,8,3,TOYOTA C-HR,2,E01009512,0,-1
2021231063090,2021,231063090,2,9,0,2,2,0,0,0,0,1,0,0,0,0,2,1,5,6,3,45,7,1798,8,1,TOYOTA C-HR,-1,-1,0,-1
2021052102531,2021,052102531,2,9,0,18,19,7,3,0,0,0,0,0,0,0,2,1,1,1,2,31,6,1798,8,1,TOYOTA C-HR,1,E01006735,0,-1
2021131098780,2021,131098780,1,9,0,-1,-1,-1,-1,-1,-1,8,-1,-1,-1,0,-1,1,6,6,3,-1,-1,1798,8,0,TOYOTA C-HR,-1,-1,0,-1
2021161027806,2021,161027806,2,9,0,4,4,4,8,0,0,2,0,0,0,0,2,1,2,2,1,22,5,1798,8,1,TOYOTA C-HR,8,E01027370,0,-1
2021010297083,2021,010297083,1,9,0,9,9,1,7,0,0,8,0,0,0,0,1,1,6,6,2,46,8,1798,8,3,TOYOTA C-HR,3,E01000163,0,-1
2021351076269,2021,351076269,1,9,0,14,14,4,8,0,0,2,5,4,0,0,1,1,5,6,2,44,7,1798,8,0,TOYOTA C-HR,5,E01018047,0,-1
2021201118882,2021,201118882,1,9,0,7,7,1,3,0,0,6,0,0,0,0,1,1,6,6,2,51,8,1798,8,3,TOYOTA C-HR,3,E01009282,0,-1
2021401057906,2021,401057906,1,9,0,18,19,4,8,0,0,1,0,0,0,0,1,1,2,2,1,37,7,1798,8,3,TOYOTA C-HR,5,E01015753,0,-1
2021221106879,2021,221106879,1,9,0,18,19,1,5,0,0,0,0,0,0,0,4,1,6,6,1,80,11,1798,8,3,TOYOTA C-HR,6,E01028878,0,-1
2021522103846,2021,522103846,1,9,0,18,19,3,7,0,0,0,0,0,0,0,4,1,6,6,2,46,8,1798,8,1,TOYOTA C-HR,5,E01014751,0,-1
2021411131958,2021,411131958,1,9,0,9,9,6,1,0,0,1,0,0,0,0,1,1,5,6,1,55,8,1798,8,0,TOYOTA C-HR,6,E01023784,0,-1
2021440397794,2021,440397794,1,9,0,16,19,8,4,0,0,3,0,0,0,0,4,1,3,7,2,-1,-1,1798,8,2,TOYOTA C-HR,-1,-1,0,-1
2021201124548,2021,201124548,1,9,0,18,19,4,8,9,9,1,1,0,0,0,1,1,6,6,1,66,10,1798,8,3,TOYOTA C-HR,10,E01010186,0,-1
2021010352442,2021,010352442,2,9,0,9,9,3,1,0,0,1,0,0,0,0,1,1,6,6,2,35,6,1798,8,0,TOYOTA C-HR,2,E01004010,0,-1
2021061059814,2021,061059814,1,9,0,9,9,7,5,0,0,0,0,0,0,0,1,1,6,6,1,86,11,1798,8,1,TOYOTA C-HR,4,E01005029,0,-1
2021010331101,2021,010331101,1,9,0,18,19,3,7,0,0,4,0,0,0,0,1,1,6,6,1,27,6,1798,8,3,TOYOTA C-HR,3,E01001602,0,-1
2021010305806,2021,010305806,2,9,0,99,99,9,9,99,99,9,9,99,9,99,9,9,6,6,3,-1,-1,1798,8,4,TOYOTA C-HR,-1,-1,0,-1
2021041139888,2021,041139888,2,9,0,18,19,5,1,0,0,0,0,0,0,0,2,1,5,6,1,48,8,1798,8,3,TOYOTA C-HR,4,E01004777,0,-1
2021010302907,2021,010302907,1,9,0,18,19,5,1,0,0,5,1,0,0,0,3,2,6,6,1,36,7,1798,8,0,TOYOTA C-HR,5,E01000211,0,-1
2021552101415,2021,552101415,2,9,0,2,2,0,0,0,0,0,0,0,0,0,2,1,6,6,3,-1,-1,1798,8,3,TOYOTA C-HR,-1,-1,0,-1
2021471054806,2021,471054806,2,9,0,18,19,1,5,0,0,1,0,0,0,0,3,1,5,6,2,61,9,1798,8,0,TOYOTA C-HR,6,E01031509,0,-1
2021411062911,2021,411062911,2,9,0,18,19,5,1,0,0,0,0,0,0,0,1,1,1,1,1,54,8,1796,1,6,VAUXHALL INSIGNIA,3,E01023920,0,-1
2021991070315,2021,991070315,1,9,0,18,19,3,7,0,0,1,0,0,0,0,1,1,2,2,1,41,7,1956,2,11,VAUXHALL INSIGNIA,3,-1,0,-1
2021552100039,2021,552100039,1,9,0,5,5,1,5,0,0,4,0,0,0,0,1,1,6,6,2,31,6,1956,2,12,VAUXHALL INSIGNIA,8,E01020495,0,-1
2021141125040,2021,141125040,1,9,0,5,5,4,7,0,0,1,0,7,0,0,1,2,6,6,1,23,5,1956,2,12,VAUXHALL INSIGNIA,1,E01011811,0,-1
2021421076790,2021,421076790,1,9,0,16,19,7,3,0,0,0,0,0,0,0,1,1,5,6,1,79,11,1956,2,6,VAUXHALL INSIGNIA,6,E01021502,0,-1
2021131036313,2021,131036313,3,9,0,18,19,7,3,0,0,0,0,0,0,0,1,1,5,6,2,30,6,1956,2,12,VAUXHALL INSIGNIA,5,E01033682,0,-1
2021991039346,2021,991039346,1,9,0,7,7,7,1,0,0,0,0,4,0,0,1,1,5,6,1,31,6,1364,1,9,VAUXHALL INSIGNIA,2,-1,0,-1
2021211143758,2021,211143758,1,8,0,5,5,6,2,0,0,1,0,0,0,0,3,1,1,1,1,67,10,1956,2,9,VAUXHALL INSIGNIA,3,E01014282,0,-1
2021440440188,2021,440440188,1,9,0,9,9,4,2,0,0,8,0,0,0,0,1,1,6,6,2,39,7,1598,1,12,VAUXHALL INSIGNIA,8,E01017249,0,-1
2021041057724,2021,041057724,1,9,0,5,5,7,3,0,0,8,0,0,0,0,1,1,6,6,2,30,6,1598,2,6,VAUXHALL INSIGNIA,5,E01024969,0,-1
2021991035496,2021,991035496,2,9,0,3,3,7,3,0,0,0,0,0,0,0,2,1,1,1,2,35,6,1490,1,2,VAUXHALL INSIGNIA,5,-1,0,-1
2021991091698,2021,991091698,1,9,0,18,19,1,5,0,0,0,0,0,0,0,1,1,5,6,1,57,9,2792,1,6,VAUXHALL INSIGNIA,4,-1,0,-1
2021141063332,2021,141063332,2,9,0,18,19,2,7,0,0,8,0,0,0,0,0,1,6,6,3,-1,-1,1956,2,11,VAUXHALL INSIGNIA,-1,-1,0,-1
2021401076594,2021,401076594,2,9,0,4,4,2,6,0,0,8,0,0,0,0,1,1,6,6,1,-1,-1,1956,2,10,VAUXHALL INSIGNIA,2,E01015794,0,-1
2021010293696,2021,010293696,3,9,0,18,19,3,7,0,0,0,0,0,0,0,1,1,6,6,1,31,6,1490,1,2,VAUXHALL INSIGNIA,5,E01002515,0,-1
2021501104064,2021,501104064,1,9,0,13,13,8,4,0,0,0,0,0,0,0,1,1,5,6,1,38,7,1956,2,11,VAUXHALL INSIGNIA,8,E01029844,0,-1
2021111028433,2021,111028433,3,9,0,18,19,7,6,0,0,1,0,0,0,0,2,1,2,2,1,32,6,1956,2,7,VAUXHALL INSIGNIA,2,E01012051,0,-1
2021070741832,2021,070741832,2,9,0,18,19,1,5,0,0,1,0,0,0,0,1,1,6,6,1,75,10,1598,2,5,VAUXHALL INSIGNIA,3,E01012417,0,-1
2021501105875,2021,501105875,1,9,0,16,19,7,3,0,0,0,0,0,0,0,1,1,1,1,2,65,9,1956,2,6,VAUXHALL INSIGNIA,1,E01015233,0,-1
2021010340466,2021,010340466,1,9,0,18,19,5,1,0,0,2,0,0,0,0,2,1,6,6,2,44,7,1956,2,6,VAUXHALL INSIGNIA,1,E01004670,0,-1
2021010291257,2021,010291257,1,9,0,18,19,4,8,0,0,1,0,0,0,0,1,1,6,6,1,54,8,1956,2,11,VAUXHALL INSIGNIA,5,E01003435,0,-1
2021010338919,2021,010338919,1,9,0,99,99,9,9,99,99,9,9,99,9,99,1,9,6,6,3,-1,-1,1956,2,12,VAUXHALL INSIGNIA,-1,-1,0,-1
2021531115678,2021,531115678,1,9,0,11,11,3,7,0,0,0,0,0,0,0,4,1,5,6,1,56,9,1956,2,5,VAUXHALL INSIGNIA,10,E01031949,0,-1
2021052102072,2021,052102072,2,9,0,3,3,1,3,0,0,1,0,0,0,0,2,1,6,6,1,54,8,1956,2,8,VAUXHALL INSIGNIA,1,E01006542,0,-1
202134WNC2411,2021,34WNC2411,2,9,0,2,2,0,0,0,0,0,0,0,0,0,3,1,6,6,1,40,7,1956,2,10,VAUXHALL INSIGNIA,2,E01027229,0,-1
2021461067711,2021,461067711,1,9,0,18,19,5,1,0,0,2,0,0,0,0,1,1,5,6,2,31,6,1956,2,8,VAUXHALL INSIGNIA,2,E01016110,0,-1
2021552100400,2021,552100400,2,9,0,9,9,8,4,0,0,5,0,0,0,0,3,1,2,2,1,45,7,1956,2,11,VAUXHALL INSIGNIA,8,E01015436,0,-1
2021010299461,2021,010299461,1,9,0,9,9,7,4,0,0,1,0,0,0,0,1,1,6,6,2,36,7,1956,2,9,VAUXHALL INSIGNIA,9,E01000656,0,-1
2021610046221,2021,610046221,1,9,0,18,19,4,8,0,0,0,5,0,7,3,1,1,6,6,2,45,7,1796,1,12,VAUXHALL INSIGNIA,6,W01001380,0,-1
202134WNC5321,2021,34WNC5321,2,9,0,18,19,3,7,0,0,8,0,0,0,0,1,1,6,6,1,45,7,1956,2,6,VAUXHALL INSIGNIA,10,E01016767,0,-1
2021010322392,2021,010322392,1,9,0,6,6,7,7,0,0,0,0,0,0,0,3,1,2,2,1,35,6,1796,1,9,VAUXHALL INSIGNIA,7,E01001455,0,-1
2021351034710,2021,351034710,1,9,0,3,3,1,5,0,0,1,0,0,0,0,1,1,1,1,1,27,6,1956,2,10,VAUXHALL INSIGNIA,2,E01015657,0,-1
2021211054983,2021,211054983,3,9,0,18,19,6,5,0,0,0,0,0,0,0,2,1,2,2,1,36,7,1598,2,2,VAUXHALL INSIGNIA,9,E01029785,0,-1
2021061049731,2021,061049731,2,9,0,18,19,4,8,0,0,0,0,0,0,0,1,1,6,6,1,45,7,1956,2,12,VAUXHALL INSIGNIA,1,E01005754,0,-1
2021430132710,2021,430132710,2,9,0,18,19,1,5,0,0,1,0,0,0,0,1,1,6,6,1,58,9,1956,2,12,VAUXHALL INSIGNIA,1,E01028576,0,-1
2021991048497,2021,991048497,1,9,0,18,19,8,4,0,0,0,0,0,0,0,4,1,5,6,1,42,7,1956,2,9,VAUXHALL INSIGNIA,3,-1,0,-1
2021501063763,2021,501063763,3,9,0,4,4,1,5,0,0,0,0,0,0,0,2,1,5,6,1,37,7,1956,2,6,VAUXHALL INSIGNIA,3,W01001408,0,-1
2021991052085,2021,991052085,1,9,0,18,19,6,2,0,0,0,0,0,0,0,1,1,2,2,1,29,6,1956,2,7,VAUXHALL INSIGNIA,4,-1,0,-1
2021320620832,2021,320620832,1,9,0,15,15,6,2,0,0,8,0,0,7,0,1,1,6,6,1,68,10,1956,2,10,VAUXHALL INSIGNIA,3,E01026142,0,-1
2021052100808,2021,052100808,1,9,0,9,9,5,1,0,0,8,0,0,0,0,1,1,6,6,1,38,7,1956,2,8,VAUXHALL INSIGNIA,1,E01006707,0,-1
2021461126775,2021,461126775,3,9,0,18,19,7,2,0,0,0,0,0,0,0,3,1,6,6,1,31,6,1956,2,8,VAUXHALL INSIGNIA,6,E01021308,0,-1
2021101037553,2021,101037553,2,9,0,18,19,1,5,0,0,0,0,0,0,0,1,1,6,6,2,38,7,1796,1,11,VAUXHALL INSIGNIA,1,E01008257,0,-1
2021371103245,2021,371103245,2,9,0,18,19,8,4,0,0,0,0,0,0,0,1,1,5,6,1,54,8,1956,2,6,VAUXHALL INSIGNIA,2,E01029938,0,-1