collision_index,collision_year,collision_ref_no,vehicle_reference,vehicle_type,towing_and_articulation,vehicle_manoeuvre_historic,vehicle_manoeuvre,vehicle_direction_from,vehicle_direction_to,vehicle_location_restricted_lane_historic,vehicle_location_restricted_lane,junction_location,skidding_and_overturning,hit_object_in_carriageway,vehicle_leaving_carriageway,hit_object_off_carriageway,first_point_of_impact,vehicle_left_hand_drive,journey_purpose_of_driver_historic,journey_purpose_of_driver,sex_of_driver,age_of_driver,age_band_of_driver,engine_capacity_cc,propulsion_code,age_of_vehicle,generic_make_model,driver_imd_decile,lsoa_of_driver,escooter_flag,driver_distance_banding
2021141088912,2021,141088912,1,9,0,18,19,1,6,0,0,0,0,0,0,0,3,1,2,2,1,29,6,1956,2,10,VAUXHALL INSIGNIA,1,E01007645,0,-1
2021440062807,2021,440062807,1,9,0,9,9,6,5,0,0,8,0,0,0,0,3,1,6,6,1,31,6,1598,2,6,VAUXHALL INSIGNIA,5,E01023262,0,-1
2021101082567,2021,101082567,1,9,0,7,7,3,5,0,0,8,0,0,0,0,1,1,6,6,1,29,6,1956,2,7,VAUXHALL INSIGNIA,2,E01008602,0,-1
2021061047639,2021,061047639,1,9,0,5,5,5,1,0,0,1,0,0,0,0,3,1,5,6,2,64,9,1956,2,3,VAUXHALL INSIGNIA,2,E01005302,0,-1
2021201034088,2021,201034088,2,9,0,18,19,2,6,0,0,8,0,10,1,2,2,1,1,1,1,39,7,1956,2,6,VAUXHALL INSIGNIA,1,E01010527,0,-1
2021991025775,2021,991025775,2,9,0,2,2,0,0,0,0,0,0,0,0,0,1,1,6,6,3,-1,-1,1956,2,10,VAUXHALL INSIGNIA,-1,-1,0,-1
2021010327800,2021,010327800,1,9,0,9,9,1,6,0,0,8,0,0,0,0,4,2,6,6,1,36,7,1796,1,9,VAUXHALL INSIGNIA,7,E01000197,0,-1
2021131073384,2021,131073384,1,9,0,18,19,5,1,0,0,8,0,0,0,0,3,1,2,2,1,23,5,1956,2,10,VAUXHALL INSIGNIA,1,E01011361,0,-1
2021991026047,2021,991026047,1,9,0,9,9,3,1,0,0,5,0,0,0,0,1,1,6,6,1,18,4,1956,2,11,VAUXHALL INSIGNIA,6,-1,0,-1
2021471021769,2021,471021769,1,9,0,18,19,4,1,0,0,1,0,0,0,0,1,1,1,1,1,25,5,1598,2,6,VAUXHALL INSIGNIA,3,E01021044,0,-1
2021061039063,2021,061039063,2,9,0,9,9,1,3,0,0,1,0,0,0,0,4,1,5,6,1,53,8,1998,1,12,VAUXHALL INSIGNIA,2,E01006311,0,-1
2021501097885,2021,501097885,1,9,0,18,19,3,7,0,0,0,0,0,0,0,1,1,5,6,1,26,6,1956,2,8,VAUXHALL INSIGNIA,4,E01019013,0,-1
2021520200182,2021,520200182,2,9,0,18,19,4,8,0,0,1,0,0,0,0,1,1,6,6,1,86,11,1956,2,5,VAUXHALL INSIGNIA,5,E01019887,0,-1
2021010352413,2021,010352413,2,9,0,99,99,9,9,99,99,9,9,99,9,99,9,9,6,6,3,-1,-1,1796,1,8,VAUXHALL INSIGNIA,2,E01001439,0,-1
2021221058035,2021,221058035,3,9,0,2,2,0,0,0,0,0,0,0,0,0,3,1,5,6,2,38,7,1956,2,11,VAUXHALL INSIGNIA,8,E01032308,0,-1
2021411069421,2021,411069421,2,9,0,2,2,0,0,0,0,1,0,4,0,0,2,1,5,6,3,-1,-1,1956,2,10,VAUXHALL INSIGNIA,-1,-1,0,-1
2021461067468,2021,461067468,2,9,0,2,2,0,0,0,0,1,0,0,0,0,3,1,5,6,3,-1,-1,1956,2,12,VAUXHALL INSIGNIA,-1,-1,0,-1
2021101062546,2021,101062546,1,9,0,18,19,5,1,0,0,8,0,0,0,0,4,1,5,6,1,26,6,1796,1,11,VAUXHALL INSIGNIA,5,E01033556,0,-1
2021211137630,2021,211137630,2,9,0,16,19,3,7,0,0,0,1,0,0,0,1,1,6,6,2,63,9,1956,2,6,VAUXHALL INSIGNIA,5,E01029645,0,-1
2021070496167,2021,070496167,1,9,0,4,4,7,4,0,0,0,1,0,0,0,1,1,6,6,1,28,6,1598,2,5,VAUXHALL INSIGNIA,5,E01018426,0,-1
2021141084432,2021,141084432,3,9,0,18,19,5,1,0,0,0,0,0,0,0,2,1,5,6,1,30,6,1956,2,5,VAUXHALL INSIGNIA,7,E01030096,0,-1
2021302101683,2021,302101683,2,9,0,18,19,8,4,0,0,0,0,0,0,0,1,1,1,1,1,23,5,1956,2,9,VAUXHALL INSIGNIA,2,E01019842,0,-1
2021201083561,2021,201083561,1,9,0,18,19,7,3,0,0,0,0,0,0,0,1,1,6,6,1,68,10,1796,1,9,VAUXHALL INSIGNIA,5,E01010354,0,-1
2021010289201,2021,010289201,2,9,0,99,99,9,9,99,99,0,9,99,9,99,9,9,6,6,1,65,9,1796,1,12,VAUXHALL INSIGNIA,1,E01003065,0,-1
2021522105234,2021,522105234,2,9,0,2,2,0,0,0,0,0,0,0,0,0,2,1,6,6,2,55,8,1956,2,10,VAUXHALL INSIGNIA,3,E01014830,0,-1
2021041067016,2021,041067016,2,9,0,3,3,7,3,0,0,0,0,0,0,0,2,1,5,6,1,74,10,1796,1,6,VAUXHALL INSIGNIA,7,E01025384,0,-1
2021010324104,2021,010324104,2,9,0,7,7,7,1,0,0,2,0,0,0,0,1,1,1,1,1,49,8,1598,2,4,VAUXHALL INSIGNIA,3,E01001552,0,-1
202163C045421,2021,63C045421,1,9,0,18,19,2,6,0,0,8,0,0,0,0,1,1,6,6,2,31,6,1956,2,9,VAUXHALL INSIGNIA,5,W01000599,0,-1
2021131060535,2021,131060535,2,9,0,9,9,7,7,0,0,8,1,0,0,0,3,1,5,6,1,40,7,1956,2,8,VAUXHALL INSIGNIA,1,E01011140,0,-1
2021010306687,2021,010306687,1,9,0,99,99,9,9,99,99,9,9,99,9,99,1,9,6,6,1,26,6,1956,2,11,VAUXHALL INSIGNIA,4,E01021802,0,-1
2021041157183,2021,041157183,1,9,0,18,19,7,3,0,0,2,0,0,0,0,1,1,5,6,1,36,7,1956,2,9,VAUXHALL INSIGNIA,4,E01012713,0,-1
2021430240517,2021,430240517,2,9,0,18,19,6,2,0,0,8,0,0,0,0,3,1,2,2,1,23,5,1598,2,5,VAUXHALL INSIGNIA,10,E01028711,0,-1
2021501061968,2021,501061968,1,8,0,2,2,0,0,0,0,1,0,0,0,0,4,1,1,1,1,43,7,1490,1,4,VAUXHALL INSIGNIA,5,E01020308,0,-1
2021991079467,2021,991079467,2,8,0,9,9,7,5,0,0,1,0,0,0,0,0,1,5,6,1,42,7,1598,2,3,VAUXHALL INSIGNIA,2,-1,0,-1
2021201065798,2021,201065798,2,9,0,10,10,4,2,0,0,1,5,0,0,0,2,1,6,6,2,64,9,1956,2,9,VAUXHALL INSIGNIA,3,E01010055,0,-1
2021010309591,2021,010309591,2,9,0,18,19,1,5,0,0,8,0,0,0,0,1,1,6,6,3,-1,-1,1956,2,9,VAUXHALL INSIGNIA,4,E01000171,0,-1
2021522102931,2021,522102931,2,9,0,18,19,1,5,0,0,8,0,0,0,0,1,1,6,6,1,49,8,1956,2,7,VAUXHALL INSIGNIA,7,E01014858,0,-1
2021471063978,2021,471063978,2,9,0,17,19,8,4,0,0,0,0,0,1,0,3,1,1,1,2,29,6,1956,2,8,VAUXHALL INSIGNIA,8,E01031642,0,-1
2021010332894,2021,010332894,1,9,0,3,3,5,1,0,0,1,0,0,0,0,2,1,2,2,2,27,6,1956,2,11,VAUXHALL INSIGNIA,3,E01001045,0,-1
2021440382981,2021,440382981,2,9,0,18,19,5,1,0,0,1,0,0,0,0,1,1,6,6,2,23,5,1956,2,12,VAUXHALL INSIGNIA,10,E01023213,0,-1
2021010292102,2021,010292102,2,9,0,18,19,3,7,99,99,0,9,99,9,99,9,1,6,6,1,-1,-1,1956,2,9,VAUXHALL INSIGNIA,-1,-1,0,-1
2021411152243,2021,411152243,2,9,0,9,9,2,6,0,0,1,0,0,0,0,4,1,6,6,3,-1,-1,1956,2,6,VAUXHALL INSIGNIA,-1,-1,0,-1
2021170S10111,2021,170S10111,2,9,0,18,19,8,4,0,0,0,0,0,0,0,4,1,1,1,1,53,8,1956,2,9,VAUXHALL INSIGNIA,6,E01012261,0,-1
2021122100579,2021,122100579,1,9,0,17,19,7,3,0,0,0,2,0,7,11,1,1,2,2,1,43,7,1956,2,12,VAUXHALL INSIGNIA,3,E01019161,0,-1
2021101119776,2021,101119776,2,9,0,2,2,3,7,0,0,0,0,0,0,0,2,1,6,6,3,-1,-1,1956,2,8,VAUXHALL INSIGNIA,-1,-1,0,-1
202131C073521,2021,31C073521,1,9,0,9,9,6,4,0,0,6,0,0,0,0,1,1,6,6,1,43,7,1956,2,7,VAUXHALL INSIGNIA,1,E01013812,0,-1
2021501104961,2021,501104961,1,9,0,9,9,7,5,0,0,1,0,4,0,0,3,1,6,6,1,37,7,1956,2,10,VAUXHALL INSIGNIA,8,E01019908,0,-1
2021622100252,2021,622100252,2,9,0,18,19,2,6,0,0,1,0,0,0,0,1,1,6,6,2,48,8,1490,1,3,VAUXHALL INSIGNIA,4,W01001013,0,-1
2021141068736,2021,141068736,2,9,0,18,19,8,4,0,0,0,0,0,0,0,1,1,1,1,1,29,6,1598,2,5,VAUXHALL INSIGNIA,1,E01033277,0,-1
2021010333516,2021,010333516,2,9,0,18,19,7,3,99,99,9,9,99,9,99,2,9,6,6,1,-1,-1,1956,2,9,VAUXHALL INSIGNIA,-1,-1,0,-1
2021461116694,2021,461116694,1,9,0,9,9,1,6,0,0,5,0,0,0,0,1,1,2,2,1,63,9,1956,2,10,VAUXHALL INSIGNIA,9,E01024832,0,-1
2021430413828,2021,430413828,2,9,0,18,19,6,2,0,0,1,0,0,0,0,1,1,6,6,1,35,6,1796,1,7,VAUXHALL INSIGNIA,8,E01017921,0,-1
2021211088991,2021,211088991,2,9,0,18,19,7,3,0,0,1,0,0,0,0,1,1,6,6,1,25,5,1796,1,10,VAUXHALL INSIGNIA,9,E01032901,0,-1
2021501048793,2021,501048793,2,9,0,18,19,2,6,0,0,0,0,0,0,0,1,1,5,6,1,40,7,1956,2,9,VAUXHALL INSIGNIA,4,E01026288,0,-1
2021430351685,2021,430351685,2,9,0,18,19,2,6,0,0,8,0,0,0,0,4,1,6,6,1,32,6,1796,1,11,VAUXHALL INSIGNIA,5,W01001347,0,-1
2021522105352,2021,522105352,1,9,0,18,19,7,3,0,0,0,0,0,0,0,1,1,6,6,1,25,5,1956,2,10,VAUXHALL INSIGNIA,-1,-1,0,-1
2021501092458,2021,501092458,2,9,0,18,19,3,7,0,0,1,1,0,1,0,3,1,5,6,1,26,6,1490,1,2,VAUXHALL INSIGNIA,10,E01020366,0,-1
2021221111242,2021,221111242,1,9,0,16,19,1,4,0,0,0,0,0,7,11,1,1,5,6,2,25,5,1598,2,5,VAUXHALL INSIGNIA,1,E01032469,0,-1
2021101071356,2021,101071356,1,9,0,5,5,5,1,0,0,8,0,0,0,0,3,1,5,6,1,54,8,1796,1,12,VAUXHALL INSIGNIA,1,E01008303,0,-1
2021052101889,2021,052101889,1,9,0,5,5,5,1,0,0,8,0,0,0,0,1,1,2,2,1,60,9,1796,1,8,VAUXHALL INSIGNIA,2,E01006667,0,-1
2021101073503,2021,101073503,1,9,0,15,15,7,3,0,0,0,0,0,0,0,1,1,6,6,1,40,7,1956,2,9,VAUXHALL INSIGNIA,1,E01008829,0,-1
2021461122338,2021,461122338,1,9,0,5,5,3,7,0,0,0,0,0,0,0,1,1,6,6,1,37,7,1598,2,6,VAUXHALL INSIGNIA,3,E01033092,0,-1
2021991051985,2021,991051985,1,9,0,18,19,7,3,0,0,1,0,0,0,0,1,1,5,6,1,24,5,1956,2,10,VAUXHALL INSIGNIA,1,-1,0,-1
2021371043578,2021,371043578,2,9,0,10,10,3,1,0,0,1,0,0,0,0,2,1,5,6,1,65,9,1956,2,11,VAUXHALL INSIGNIA,5,E01029928,0,-1
2021070424768,2021,070424768,1,9,0,3,3,5,1,0,0,2,0,0,0,0,1,1,6,6,2,44,7,1490,1,3,VAUXHALL INSIGNIA,10,E01018614,0,-1
2021041118517,2021,041118517,2,9,0,5,5,5,5,9,9,3,0,0,0,0,1,1,6,6,1,25,5,1598,2,5,VAUXHALL INSIGNIA,5,E01025311,0,-1
2021440221896,2021,440221896,2,9,0,9,9,5,3,0,0,5,0,0,0,0,1,1,6,6,3,-1,-1,1956,2,10,VAUXHALL INSIGNIA,-1,-1,0,-1
2021010299365,2021,010299365,2,9,0,99,99,9,9,99,99,9,9,99,9,99,0,9,6,6,3,-1,-1,1956,2,7,VAUXHALL INSIGNIA,-1,-1,0,-1
2021302101568,2021,302101568,2,9,0,18,19,4,8,0,0,0,0,0,0,0,2,1,2,2,1,28,6,1956,2,12,VAUXHALL INSIGNIA,3,E01019536,0,-1
2021451103229,2021,451103229,1,9,0,18,19,3,1,0,0,1,0,0,0,0,1,1,6,6,3,26,6,1598,2,4,VAUXHALL INSIGNIA,5,E01017837,0,-1
2021131043700,2021,131043700,1,9,0,18,19,3,7,0,0,1,0,0,0,0,3,1,5,6,1,43,7,1956,2,6,VAUXHALL INSIGNIA,1,E01011476,0,-1
2021070714905,2021,070714905,2,9,0,18,19,6,2,0,0,0,0,0,0,0,4,1,6,6,1,56,9,1598,2,5,VAUXHALL INSIGNIA,1,E01006737,0,-1
2021161096995,2021,161096995,2,8,0,9,9,3,7,0,0,1,0,0,0,0,4,1,1,1,1,60,9,1956,2,9,VAUXHALL INSIGNIA,5,E01013030,0,-1
2021991061426,2021,991061426,2,9,0,18,19,4,8,0,0,0,0,0,0,0,1,1,6,6,1,36,7,1956,2,8,VAUXHALL INSIGNIA,9,-1,0,-1
2021421058107,2021,421058107,1,9,0,4,4,5,1,0,0,1,0,0,0,0,2,1,6,6,2,31,6,1956,2,9,VAUXHALL INSIGNIA,7,E01021412,0,-1
2021430511437,2021,430511437,2,9,0,3,3,4,8,0,0,8,0,0,0,0,2,1,2,2,1,34,6,1956,2,12,VAUXHALL INSIGNIA,6,E01028597,0,-1
2021552101180,2021,552101180,2,9,0,9,9,1,7,0,0,5,0,0,0,0,1,1,1,1,1,69,10,1598,2,4,VAUXHALL INSIGNIA,9,E01020163,0,-1
2021141122380,2021,141122380,2,9,0,4,4,4,8,0,0,1,0,0,0,0,1,1,6,6,2,25,5,1956,2,11,VAUXHALL INSIGNIA,3,E01028030,0,-1
2021111014433,2021,111014433,2,9,0,10,10,6,1,0,0,1,1,0,0,0,3,1,5,6,2,34,6,1490,1,3,VAUXHALL INSIGNIA,3,E01020791,0,-1
2021401109319,2021,401109319,1,9,0,9,9,7,5,0,0,6,0,0,0,0,3,1,5,6,1,27,6,1956,2,6,VAUXHALL INSIGNIA,7,E01015719,0,-1
2021101064401,2021,101064401,1,9,0,18,19,5,1,0,0,0,0,0,0,0,1,1,6,6,1,42,7,1956,2,10,VAUXHALL INSIGNIA,2,E01008634,0,-1
2021101025625,2021,101025625,1,9,0,3,3,1,1,0,0,4,0,0,0,0,1,1,2,2,1,60,9,1598,2,5,VAUXHALL INSIGNIA,1,E01008227,0,-1
2021522103174,2021,522103174,2,9,0,18,19,2,6,0,0,8,0,0,0,0,1,1,6,6,3,99,11,1956,2,9,VAUXHALL INSIGNIA,-1,-1,0,-1
2021371088615,2021,371088615,3,9,0,2,2,1,1,0,0,0,0,0,0,0,2,1,6,6,1,41,7,1598,2,3,VAUXHALL INSIGNIA,3,E01030139,0,-1
2021201057897,2021,201057897,2,9,0,3,3,-1,-1,0,0,0,0,0,0,0,2,1,6,6,1,20,4,1598,2,4,VAUXHALL INSIGNIA,5,E01009023,0,-1
2021211036035,2021,211036035,1,9,0,2,2,8,4,0,0,0,5,0,0,0,2,1,6,6,1,64,9,1956,2,10,VAUXHALL INSIGNIA,1,E01014255,0,-1
2021201119338,2021,201119338,2,9,0,2,2,0,0,0,0,0,0,0,0,0,4,1,6,6,3,-1,-1,1956,2,10,VAUXHALL INSIGNIA,-1,-1,0,-1
2021010301547,2021,010301547,1,9,0,3,3,5,1,0,0,0,0,0,0,0,1,1,6,6,1,28,6,1956,2,11,VAUXHALL INSIGNIA,7,E01004156,0,-1
2021421112256,2021,421112256,1,9,0,18,19,3,7,0,0,0,0,0,0,0,1,1,5,6,1,40,7,1956,2,10,VAUXHALL INSIGNIA,5,E01021261,0,-1
2021361039799,2021,361039799,2,9,0,10,10,5,1,0,0,0,0,0,0,0,1,1,5,6,1,59,9,1956,2,10,VAUXHALL INSIGNIA,8,E01026578,0,-1
2021010290983,2021,010290983,1,9,0,99,99,9,9,99,99,0,9,99,9,99,2,9,2,2,1,47,8,1956,2,6,VAUXHALL INSIGNIA,2,E01004224,0,-1
2021231043517,2021,231043517,1,9,0,18,19,2,6,0,0,1,0,0,0,0,1,1,5,6,2,37,7,1956,2,6,VAUXHALL INSIGNIA,4,E01031079,0,-1
2021401044088,2021,401044088,1,9,0,16,19,5,5,0,0,0,1,0,0,0,1,1,5,6,2,55,8,1956,2,12,VAUXHALL INSIGNIA,7,E01027321,0,-1
2021031141437,2021,031141437,2,9,0,3,3,3,7,0,0,1,0,0,0,0,2,1,5,6,1,44,7,1956,2,6,VAUXHALL INSIGNIA,3,E01008401,0,-1
2021991062390,2021,991062390,2,9,0,17,19,5,2,0,0,1,0,0,0,0,4,1,5,6,1,66,10,1956,2,10,VAUXHALL INSIGNIA,-1,-1,0,-1
2021201103834,2021,201103834,2,9,0,4,4,5,1,0,0,1,0,0,0,0,4,1,2,2,1,21,5,1796,1,11,VAUXHALL INSIGNIA,1,E01010289,0,-1
2021161027085,2021,161027085,3,9,0,3,3,4,8,0,0,1,0,0,0,0,1,1,3,7,2,34,6,1956,2,10,VAUXHALL INSIGNIA,5,E01013306,0,-1
2021471051924,2021,471051924,2,9,0,18,19,5,1,0,0,0,0,0,0,0,2,1,2,2,1,29,6,1956,2,10,VAUXHALL INSIGNIA,3,E01020930,0,-1
2021070747589,2021,070747589,1,9,0,9,9,5,1,0,0,5,0,0,0,0,1,1,6,6,2,52,8,1956,2,7,VAUXHALL INSIGNIA,4,E01033299,0,-1
2021361125972,2021,361125972,1,9,0,18,19,3,7,0,0,0,2,0,1,10,1,1,5,6,1,22,5,1956,2,10,VAUXHALL INSIGNIA,5,E01018067,0,-1
2021461084560,2021,461084560,1,9,0,18,19,8,4,0,0,0,0,0,0,0,1,1,6,6,1,29,6,1956,2,12,VAUXHALL INSIGNIA,6,E01024038,0,-1
2021622200012,2021,622200012,2,9,0,18,19,4,8,0,0,1,0,0,0,0,1,1,2,2,1,49,8,1956,2,6,VAUXHALL INSIGNIA,4,W01001314,0,-1
2021991091845,2021,991091845,1,9,0,18,19,1,5,0,0,0,0,0,0,0,1,1,2,2,1,38,7,1956,2,5,VAUXHALL INSIGNIA,3,-1,0,-1
2021461039540,2021,461039540,2,9,0,18,19,3,7,0,0,0,0,0,0,0,1,1,1,1,1,31,6,1598,2,3,VAUXHALL INSIGNIA,-1,-1,0,-1
202131C109021,2021,31C109021,2,9,0,9,9,2,8,0,0,6,0,0,0,0,3,1,6,6,1,24,5,1956,2,9,VAUXHALL INSIGNIA,1,E01013846,0,-1
202134NNC2501,2021,34NNC2501,2,9,0,3,3,5,1,0,0,4,0,0,0,0,2,1,2,2,2,51,8,1956,2,8,VAUXHALL INSIGNIA,3,E01027035,0,-1
2021501088967,2021,501088967,1,9,0,18,19,3,7,0,0,0,0,0,0,0,1,1,6,6,1,27,6,1956,2,10,VAUXHALL INSIGNIA,9,E01015110,0,-1
2021401025655,2021,401025655,1,9,0,18,19,7,3,0,0,0,0,0,1,9,1,1,6,6,1,37,7,1956,2,12,VAUXHALL INSIGNIA,10,E01017438,0,-1
2021101016654,2021,101016654,2,9,0,3,3,1,1,0,0,4,0,0,0,0,2,1,5,6,1,36,7,1956,2,6,VAUXHALL INSIGNIA,3,E01008739,0,-1
2021161052325,2021,161052325,1,9,0,18,19,3,7,0,0,0,0,0,0,0,1,1,6,6,1,43,7,1956,2,11,VAUXHALL INSIGNIA,3,E01013310,0,-1
2021320526958,2021,320526958,1,9,0,7,7,6,8,0,0,8,0,0,0,0,1,1,1,1,1,36,7,1598,2,5,VAUXHALL INSIGNIA,4,E01007817,0,-1
2021440107305,2021,440107305,1,9,0,18,19,0,0,0,0,0,0,0,0,0,4,1,6,6,2,21,5,1796,1,12,VAUXHALL INSIGNIA,7,E01022724,0,-1
2021471064924,2021,471064924,2,9,0,18,19,7,3,0,0,0,1,0,0,0,1,1,5,6,2,25,5,1956,2,6,VAUXHALL INSIGNIA,5,E01031611,0,-1
2021461024278,2021,461024278,1,9,0,13,13,5,1,0,0,3,0,0,1,0,4,1,5,6,1,41,7,1490,1,2,VAUXHALL INSIGNIA,7,E01024706,0,-1
2021010340170,2021,010340170,2,9,0,99,99,9,9,99,99,0,9,99,9,99,1,9,6,6,3,-1,-1,1490,1,2,VAUXHALL INSIGNIA,2,E01002053,0,-1
2021131034791,2021,131034791,2,9,0,18,19,3,8,0,0,0,0,0,0,0,1,1,6,6,1,29,6,1956,2,11,VAUXHALL INSIGNIA,2,E01011136,0,-1
2021991061888,2021,991061888,2,9,0,13,13,2,6,0,0,0,2,0,7,11,4,1,5,6,1,29,6,2792,1,12,VAUXHALL INSIGNIA,2,-1,0,-1
2021052100108,2021,052100108,2,9,0,2,2,0,0,0,0,0,0,0,0,0,3,1,6,6,3,-1,-1,1796,1,12,VAUXHALL INSIGNIA,-1,-1,0,-1
2021411067583,2021,411067583,1,9,0,18,19,1,5,0,0,0,0,0,0,0,1,1,1,1,1,60,9,1956,2,12,VAUXHALL INSIGNIA,4,E01023646,0,-1
2021052100095,2021,052100095,1,9,0,1,1,1,5,0,0,1,0,0,0,0,2,1,6,6,1,34,6,1598,2,3,VAUXHALL INSIGNIA,3,E01006568,0,-1
2021010309349,2021,010309349,1,8,0,99,99,9,9,99,99,9,9,99,9,99,9,9,6,6,1,42,7,1956,2,5,VAUXHALL INSIGNIA,1,E01002067,0,-1
2021461040725,2021,461040725,3,9,0,18,19,3,7,0,0,1,0,0,0,0,0,1,6,6,1,31,6,1956,2,11,VAUXHALL INSIGNIA,7,E01024388,0,-1
2021371048434,2021,371048434,2,9,0,18,19,3,7,0,0,0,0,0,0,0,4,1,5,6,1,30,6,1598,2,5,VAUXHALL INSIGNIA,7,E01033451,0,-1
2021111048396,2021,111048396,1,9,0,18,19,7,3,0,0,1,0,0,0,0,1,1,2,2,2,38,7,1956,2,12,VAUXHALL INSIGNIA,9,E01020600,0,-1
2021401072671,2021,401072671,4,9,0,2,2,0,0,0,0,0,0,0,0,0,0,1,6,6,2,38,7,1796,1,12,VAUXHALL INSIGNIA,8,E01033116,0,-1
2021451074222,2021,451074222,2,9,0,18,19,7,3,0,0,6,0,0,0,0,1,1,6,6,1,74,10,1796,1,7,VAUXHALL INSIGNIA,9,E01002994,0,-1
2021201035797,2021,201035797,2,9,0,18,19,2,6,0,0,0,0,0,0,0,2,1,6,6,1,25,5,1796,1,12,VAUXHALL INSIGNIA,1,E01032434,0,-1
2021010320066,2021,010320066,2,9,0,9,9,1,6,0,0,2,0,0,0,0,1,1,6,6,1,47,8,1490,1,3,VAUXHALL INSIGNIA,-1,-1,0,-1
2021070694443,2021,070694443,2,9,0,18,19,8,4,0,0,1,0,0,0,0,1,1,2,2,1,60,9,1598,2,2,VAUXHALL INSIGNIA,6,W01000315,0,-1
2021522104350,2021,522104350,1,9,0,11,11,7,3,0,0,1,0,0,0,0,4,1,6,6,1,45,7,1956,2,12,VAUXHALL INSIGNIA,4,E01014843,0,-1
2021622100980,2021,622100980,1,9,0,18,19,8,4,0,0,0,0,0,0,0,1,1,2,2,1,59,9,1956,2,6,VAUXHALL INSIGNIA,7,W01001754,0,-1
2021371089383,2021,371089383,2,9,0,18,19,2,6,0,0,0,0,0,0,0,1,1,5,6,1,77,11,1956,2,7,VAUXHALL INSIGNIA,5,E01030219,0,-1
2021531054626,2021,531054626,3,9,0,2,2,6,2,9,9,0,0,4,0,0,2,1,6,6,3,-1,-1,1956,2,12,VAUXHALL INSIGNIA,-1,-1,0,-1
2021061050000,2021,061050000,2,9,0,3,3,5,1,0,0,4,0,0,0,0,1,1,6,6,3,30,6,1956,2,9,VAUXHALL INSIGNIA,-1,-1,0,-1
2021320192804,2021,320192804,1,9,0,18,19,2,6,0,0,1,0,0,0,0,1,1,1,1,1,30,6,1956,2,7,VAUXHALL INSIGNIA,-1,-1,0,-1
2021201082430,2021,201082430,2,8,0,9,9,6,3,0,0,8,0,0,0,0,3,1,1,1,1,44,7,1956,2,5,VAUXHALL INSIGNIA,1,E01033642,0,-1
2021010292593,2021,010292593,1,9,0,3,3,3,7,0,0,2,0,0,0,0,1,9,2,2,1,36,7,1956,2,7,VAUXHALL INSIGNIA,4,E01015930,0,-1
2021010297860,2021,010297860,2,9,9,99,99,9,9,99,99,0,9,99,9,99,9,9,6,6,3,-1,-1,1956,2,8,VAUXHALL INSIGNIA,2,E01001136,0,-1
2021361086297,2021,361086297,3,9,0,18,19,6,2,0,0,0,0,0,0,0,3,1,6,6,2,41,7,1956,2,9,VAUXHALL INSIGNIA,8,E01026691,0,-1
2021122100360,2021,122100360,1,9,0,16,19,5,8,0,0,1,1,0,7,4,3,1,2,2,1,31,6,1956,2,10,VAUXHALL INSIGNIA,4,E01012264,0,-1
2021141103626,2021,141103626,1,9,0,5,5,1,5,0,0,1,1,11,3,11,1,1,5,6,1,25,5,1956,2,11,VAUXHALL INSIGNIA,1,E01008090,0,-1
2021991130676,2021,991130676,1,9,0,18,19,2,5,0,0,4,0,0,0,0,3,1,6,6,1,52,8,1490,1,3,VAUXHALL INSIGNIA,10,-1,0,-1
2021061109581,2021,061109581,1,9,0,9,9,6,3,0,0,6,0,0,0,0,1,1,6,6,1,26,6,1956,2,8,VAUXHALL INSIGNIA,1,E01005121,0,-1
2021161041594,2021,161041594,2,9,0,3,3,2,6,0,0,0,0,0,0,0,2,1,1,1,1,52,8,1598,2,4,VAUXHALL INSIGNIA,4,E01013258,0,-1
2021141115959,2021,141115959,1,9,0,5,5,2,6,0,0,1,0,0,0,0,1,1,2,2,1,43,7,1598,2,5,VAUXHALL INSIGNIA,3,E01007490,0,-1
2021201126045,2021,201126045,2,9,0,18,19,2,6,0,0,8,0,0,0,0,4,1,2,2,2,31,6,1956,2,7,VAUXHALL INSIGNIA,6,E01032134,0,-1
2021401045246,2021,401045246,3,9,0,2,2,0,0,9,9,0,0,0,0,0,1,1,5,6,3,-1,-1,1598,2,3,VAUXHALL INSIGNIA,-1,-1,0,-1
2021471079517,2021,471079517,1,9,0,16,19,7,2,0,0,2,0,0,7,3,1,1,6,6,1,33,6,1956,2,10,VAUXHALL INSIGNIA,2,E01021103,0,-1
2021010335157,2021,010335157,2,9,0,99,99,9,9,99,99,9,9,99,9,99,1,9,6,6,3,-1,-1,1796,1,12,VAUXHALL INSIGNIA,-1,-1,0,-1
20211383E1087,2021,1383E1087,1,9,0,18,19,2,6,0,0,0,0,0,0,0,1,1,6,6,1,-1,-1,1956,2,10,VAUXHALL INSIGNIA,-1,-1,0,-1
2021131113841,2021,131113841,1,9,0,-1,-1,-1,-1,-1,-1,0,-1,-1,-1,-1,-1,1,6,6,3,-1,-1,1956,2,10,VAUXHALL INSIGNIA,-1,-1,0,-1
2021010331691,2021,010331691,1,9,0,9,9,6,4,0,0,1,0,0,0,0,3,1,2,2,1,54,8,1956,2,9,VAUXHALL INSIGNIA,-1,-1,0,-1
2021471090670,2021,471090670,2,9,0,17,19,2,7,0,0,0,0,0,0,0,1,1,5,6,1,48,8,1956,2,9,VAUXHALL INSIGNIA,1,E01021019,0,-1
2021010295759,2021,010295759,2,9,0,99,99,9,9,99,99,9,9,99,9,99,1,9,6,6,3,-1,-1,1956,2,9,VAUXHALL INSIGNIA,2,E01002002,0,-1