collision_index,collision_year,collision_ref_no,vehicle_reference,vehicle_type,towing_and_articulation,vehicle_manoeuvre_historic,vehicle_manoeuvre,vehicle_direction_from,vehicle_direction_to,vehicle_location_restricted_lane_historic,vehicle_location_restricted_lane,junction_location,skidding_and_overturning,hit_object_in_carriageway,vehicle_leaving_carriageway,hit_object_off_carriageway,first_point_of_impact,vehicle_left_hand_drive,journey_purpose_of_driver_historic,journey_purpose_of_driver,sex_of_driver,age_of_driver,age_band_of_driver,engine_capacity_cc,propulsion_code,age_of_vehicle,generic_make_model,driver_imd_decile,lsoa_of_driver,escooter_flag,driver_distance_banding
2021421044300,2021,421044300,3,9,0,18,19,3,7,0,0,0,0,0,0,0,1,1,2,2,2,43,7,1956,2,11,VAUXHALL INSIGNIA,6,E01016000,0,-1
2021461017400,2021,461017400,1,9,0,9,9,5,3,0,0,1,0,0,0,0,1,1,6,6,2,32,6,1956,2,4,VAUXHALL INSIGNIA,4,E01016070,0,-1
2021201118725,2021,201118725,1,9,0,6,6,8,8,0,0,1,0,0,0,0,4,1,2,2,1,63,9,1956,2,8,VAUXHALL INSIGNIA,1,E01010511,0,-1
2021010346227,2021,010346227,1,9,9,5,5,4,8,0,0,0,0,99,9,99,9,2,6,6,3,-1,-1,1364,1,5,VAUXHALL INSIGNIA,2,E01004008,0,-1
2021411049726,2021,411049726,1,9,0,18,19,7,3,0,0,8,0,0,0,0,1,1,6,6,1,56,9,1956,2,9,VAUXHALL INSIGNIA,7,E01023963,0,-1
2021522105918,2021,522105918,3,8,0,18,19,3,7,0,0,1,0,0,0,0,1,1,6,6,3,30,6,1956,2,6,VAUXHALL INSIGNIA,-1,-1,0,-1
2021461064237,2021,461064237,2,9,0,18,19,7,3,0,0,0,0,0,0,0,1,1,6,6,1,55,8,1956,2,11,VAUXHALL INSIGNIA,8,E01024803,0,-1
2021010334404,2021,010334404,2,9,0,18,19,7,3,0,0,5,1,0,0,0,1,1,6,6,1,24,5,1956,2,5,VAUXHALL INSIGNIA,7,E01000714,0,-1
2021221100910,2021,221100910,2,9,0,4,4,2,6,0,0,0,0,0,0,0,2,1,5,6,1,45,7,1956,2,7,VAUXHALL INSIGNIA,-1,-1,0,-1
2021010322933,2021,010322933,1,9,0,18,19,7,3,0,0,2,0,0,0,0,1,1,6,6,1,34,6,1956,2,10,VAUXHALL INSIGNIA,5,E01002361,0,-1
2021221021731,2021,221021731,1,9,0,18,19,6,2,0,0,8,0,0,0,0,1,1,2,2,1,47,8,1598,2,6,VAUXHALL INSIGNIA,1,E01010530,0,-1
2021221115735,2021,221115735,2,9,0,7,7,6,8,0,0,1,0,0,1,0,2,1,2,2,1,58,9,1364,1,5,VAUXHALL INSIGNIA,4,E01028978,0,-1
2021548309721,2021,548309721,1,9,0,1,1,3,5,0,0,0,0,0,0,0,2,1,6,6,1,29,6,1956,2,6,VAUXHALL INSIGNIA,7,E01023179,0,-1
2021401108871,2021,401108871,1,9,0,4,4,7,1,0,0,0,0,0,0,0,1,1,5,6,1,25,5,1956,2,9,VAUXHALL INSIGNIA,8,E01023433,0,-1
2021302101044,2021,302101044,1,9,0,9,9,4,2,0,0,5,0,0,0,0,3,1,6,6,1,30,6,1598,2,4,VAUXHALL INSIGNIA,1,E01010450,0,-1
2021991094797,2021,991094797,1,9,0,9,9,8,6,0,0,8,1,0,1,2,4,1,5,6,1,42,7,1956,2,8,VAUXHALL INSIGNIA,2,-1,0,-1
2021052100440,2021,052100440,2,9,0,7,7,3,5,0,0,1,0,0,0,0,4,1,6,6,1,35,6,1956,2,9,VAUXHALL INSIGNIA,1,E01006647,0,-1
2021991020829,2021,991020829,1,9,0,18,19,8,4,0,0,0,0,0,0,0,1,1,1,1,1,51,8,1496,2,1,VAUXHALL INSIGNIA,10,-1,0,-1
2021141061266,2021,141061266,1,9,0,18,19,5,5,0,0,0,0,12,0,0,1,1,5,6,1,44,7,1956,2,6,VAUXHALL INSIGNIA,2,E01007965,0,-1
2021010293128,2021,010293128,2,9,9,99,99,9,9,99,99,9,9,99,9,99,9,9,6,6,3,40,7,1956,2,7,VAUXHALL INSIGNIA,6,E01032817,0,-1
2021010314318,2021,010314318,1,9,0,99,99,9,9,99,99,9,9,99,9,99,4,9,6,6,1,37,7,1956,2,12,VAUXHALL INSIGNIA,6,E01001347,0,-1
2021010350989,2021,010350989,4,9,0,2,2,0,0,6,6,2,0,0,0,0,3,1,6,6,3,-1,-1,1796,1,11,VAUXHALL INSIGNIA,-1,-1,0,-1
2021061049907,2021,061049907,2,9,0,18,19,7,3,0,0,0,0,0,0,0,1,1,6,6,1,77,11,1796,1,7,VAUXHALL INSIGNIA,6,E01005970,0,-1
2021041118518,2021,041118518,1,9,0,18,19,8,4,0,0,8,0,0,0,0,3,1,5,6,1,34,6,1956,2,10,VAUXHALL INSIGNIA,1,E01025042,0,-1
2021552100678,2021,552100678,1,9,0,18,19,2,6,0,0,8,0,0,0,0,1,1,2,2,1,37,7,1956,2,10,VAUXHALL INSIGNIA,9,E01031998,0,-1
2021461100475,2021,461100475,2,9,0,18,19,5,1,0,0,1,0,0,0,0,3,1,2,2,1,29,6,1956,2,10,VAUXHALL INSIGNIA,9,E01024268,0,-1
202154B799421,2021,54B799421,1,9,0,6,6,4,4,8,6,0,0,0,0,0,3,1,1,1,1,34,6,1956,2,10,VAUXHALL INSIGNIA,7,E01032693,0,-1
2021070624157,2021,070624157,1,9,0,18,19,3,7,0,0,0,0,0,2,4,1,1,6,6,1,29,6,1796,1,8,VAUXHALL INSIGNIA,9,E01012392,0,-1
2021041031661,2021,041031661,1,9,0,4,4,1,1,0,0,0,0,0,1,0,1,1,6,6,3,-1,-1,1796,1,12,VAUXHALL INSIGNIA,-1,-1,0,-1
2021052101021,2021,052101021,2,9,0,18,19,1,5,0,0,8,0,0,0,0,1,1,6,6,2,52,8,1956,2,9,VAUXHALL INSIGNIA,7,E01007077,0,-1
2021052101422,2021,052101422,1,9,0,18,19,3,7,0,0,1,0,0,1,11,1,1,6,6,3,-1,-1,1598,2,5,VAUXHALL INSIGNIA,-1,-1,0,-1
2021401109909,2021,401109909,3,9,0,10,10,3,7,0,0,1,0,0,0,0,2,1,5,6,1,49,8,1956,2,9,VAUXHALL INSIGNIA,3,E01015758,0,-1
2021111019226,2021,111019226,2,9,0,17,19,1,6,0,0,1,0,0,0,0,1,1,6,6,2,32,6,1956,2,11,VAUXHALL INSIGNIA,2,E01020771,0,-1
2021010340274,2021,010340274,1,9,0,99,99,9,9,99,99,9,9,99,9,99,2,9,6,6,1,34,6,1956,2,6,VAUXHALL INSIGNIA,3,E01033464,0,-1
2021161011357,2021,161011357,3,9,0,4,4,8,4,0,0,0,0,0,0,0,2,1,1,1,1,54,8,1956,2,8,VAUXHALL INSIGNIA,2,E01013315,0,-1
2021201115738,2021,201115738,4,9,0,2,2,0,0,0,0,2,0,4,0,0,1,1,6,6,1,38,7,1598,2,5,VAUXHALL INSIGNIA,1,E01009889,0,-1
2021991034928,2021,991034928,1,9,0,12,12,5,2,0,0,8,1,11,7,1,3,1,5,6,1,22,5,1490,1,2,VAUXHALL INSIGNIA,-1,-1,0,-1
2021010320903,2021,010320903,2,9,0,99,99,9,9,99,99,9,9,99,9,99,1,9,6,6,3,-1,-1,1956,2,6,VAUXHALL INSIGNIA,9,E01021748,0,-1
2021141019761,2021,141019761,1,9,0,16,19,2,6,0,0,0,1,0,8,4,1,1,6,6,1,30,6,1490,1,2,VAUXHALL INSIGNIA,1,E01007530,0,-1
202131A142121,2021,31A142121,1,9,0,18,19,8,4,0,0,0,0,0,0,0,1,1,6,6,1,37,7,1956,2,7,VAUXHALL INSIGNIA,4,E01027929,0,-1
2021211153012,2021,211153012,2,9,0,18,19,2,6,0,0,1,0,0,0,0,0,1,1,1,1,30,6,1956,2,4,VAUXHALL INSIGNIA,7,E01029732,0,-1
2021101049814,2021,101049814,2,9,0,18,19,3,7,-1,-1,0,0,0,0,0,1,1,6,6,1,39,7,1598,2,5,VAUXHALL INSIGNIA,3,E01008769,0,-1
2021522105008,2021,522105008,3,9,0,2,2,0,0,0,0,0,0,0,0,0,1,1,6,6,1,20,4,1956,2,10,VAUXHALL INSIGNIA,3,E01014835,0,-1
2021031041342,2021,031041342,1,9,0,9,9,2,7,0,0,6,0,0,0,0,3,1,5,6,1,38,7,1956,2,6,VAUXHALL INSIGNIA,-1,-1,0,-1
2021010339321,2021,010339321,1,9,0,9,9,7,6,0,0,1,0,0,0,0,3,1,6,6,1,55,8,1490,1,2,VAUXHALL INSIGNIA,8,E01017838,0,-1
2021471098148,2021,471098148,2,9,0,17,19,1,6,0,0,0,0,0,1,0,3,1,1,1,1,32,6,1598,2,5,VAUXHALL INSIGNIA,2,E01013907,0,-1
2021430493447,2021,430493447,1,9,0,18,19,8,6,0,0,2,0,0,0,0,1,1,6,6,1,-1,-1,1956,2,7,VAUXHALL INSIGNIA,-1,-1,0,-1
2021320434032,2021,320434032,1,9,0,18,19,4,8,0,0,1,1,0,0,10,1,1,2,2,1,42,7,1796,1,11,VAUXHALL INSIGNIA,10,E01026709,0,-1
2021991086671,2021,991086671,2,9,0,2,2,0,0,0,0,0,0,0,0,0,4,1,6,6,3,-1,-1,1598,2,6,VAUXHALL INSIGNIA,-1,-1,0,-1
2021461039733,2021,461039733,2,9,0,7,7,7,3,0,0,5,1,0,1,0,4,1,5,6,1,57,9,1956,2,5,VAUXHALL INSIGNIA,6,E01024606,0,-1
2021501097151,2021,501097151,2,9,0,17,19,1,5,0,0,0,0,0,0,0,1,1,1,1,1,61,9,1956,2,6,VAUXHALL INSIGNIA,4,E01020247,0,-1
2021041111656,2021,041111656,1,9,0,8,8,7,4,0,0,0,0,0,0,0,1,1,2,2,2,34,6,1956,2,6,VAUXHALL INSIGNIA,5,E01012633,0,-1
2021411119215,2021,411119215,3,9,0,3,3,7,3,0,0,0,0,0,0,0,2,1,6,6,1,32,6,1956,2,10,VAUXHALL INSIGNIA,4,E01030118,0,-1
2021041101392,2021,041101392,2,9,0,16,19,1,5,0,0,0,0,0,0,0,1,1,5,6,1,31,6,1956,2,9,VAUXHALL INSIGNIA,10,E01006237,0,-1
2021010291752,2021,010291752,2,9,0,99,99,9,9,99,99,9,9,99,9,99,9,9,6,6,3,-1,-1,1956,2,11,VAUXHALL INSIGNIA,8,E01030602,0,-1
2021371086275,2021,371086275,1,9,0,9,9,5,3,0,0,8,0,0,0,0,1,1,5,6,1,30,6,1364,1,4,VAUXHALL INSIGNIA,5,E01030027,0,-1
2021061041093,2021,061041093,1,9,0,18,19,1,5,0,0,0,0,0,0,0,1,1,6,6,3,30,6,1956,2,6,VAUXHALL INSIGNIA,-1,-1,0,-1
2021430325810,2021,430325810,1,9,0,18,19,4,8,0,0,0,0,0,0,0,1,1,1,1,1,66,10,1598,2,2,VAUXHALL INSIGNIA,8,E01021731,0,-1
2021041050548,2021,041050548,1,9,0,18,19,7,3,0,0,0,0,0,0,0,1,1,6,6,1,66,10,1956,2,4,VAUXHALL INSIGNIA,2,E01012625,0,-1
2021471102738,2021,471102738,1,9,0,9,9,4,3,0,0,2,0,0,0,0,1,1,6,6,1,39,7,1598,2,3,VAUXHALL INSIGNIA,8,E01031840,0,-1
2021010317854,2021,010317854,1,9,0,16,19,2,6,7,6,5,0,0,0,0,1,1,6,6,1,29,6,1956,2,5,VAUXHALL INSIGNIA,5,E01000968,0,-1
2021461118567,2021,461118567,1,9,0,18,19,7,3,0,0,1,0,0,0,0,1,1,6,6,1,-1,-1,1956,2,9,VAUXHALL INSIGNIA,6,E01024038,0,-1
2021991061884,2021,991061884,1,9,0,13,13,7,3,0,0,8,1,0,0,0,1,1,5,6,1,31,6,1956,2,7,VAUXHALL INSIGNIA,2,-1,0,-1
2021231056093,2021,231056093,2,9,0,7,7,2,5,0,0,3,0,0,0,0,3,1,2,2,1,29,6,1956,2,11,VAUXHALL INSIGNIA,1,E01009700,0,-1
2021461084124,2021,461084124,2,9,0,12,12,6,2,0,0,8,2,0,7,0,4,1,5,6,1,49,8,1956,2,3,VAUXHALL INSIGNIA,4,E01024384,0,-1
2021201146887,2021,201146887,1,9,0,5,5,7,3,0,0,1,0,0,0,0,2,1,6,6,1,24,5,1598,2,4,VAUXHALL INSIGNIA,2,E01010016,0,-1
2021201065703,2021,201065703,1,9,0,3,3,-1,-1,0,0,0,0,0,0,0,2,1,6,6,1,32,6,1598,2,6,VAUXHALL INSIGNIA,2,E01032538,0,-1
2021010346935,2021,010346935,2,9,9,99,99,9,9,99,99,9,9,99,9,0,9,9,6,6,1,-1,-1,1956,2,12,VAUXHALL INSIGNIA,3,E01002491,0,-1
2021010296034,2021,010296034,2,9,0,99,99,9,9,99,99,9,9,99,9,99,9,9,6,6,1,26,6,1956,2,13,VAUXHALL INSIGNIA,2,E01001713,0,-1
2021531087727,2021,531087727,3,9,0,18,19,7,1,0,0,0,0,4,0,0,1,1,2,2,1,37,7,1956,2,11,VAUXHALL INSIGNIA,7,E01022252,0,-1
2021161092152,2021,161092152,2,9,0,18,19,4,8,0,0,1,0,0,0,0,1,1,6,6,1,-1,-1,1598,2,4,VAUXHALL INSIGNIA,-1,-1,0,-1
2021401095982,2021,401095982,1,9,0,18,19,-1,-1,0,0,0,0,0,0,0,1,1,6,6,3,-1,-1,1598,2,4,VAUXHALL INSIGNIA,-1,-1,0,-1
2021421087392,2021,421087392,2,9,0,2,2,0,0,0,0,2,0,0,0,0,3,1,6,6,3,-1,-1,1956,2,9,VAUXHALL INSIGNIA,-1,-1,0,-1
2021161026149,2021,161026149,3,9,0,2,2,0,0,0,0,0,0,0,0,0,2,1,6,6,3,-1,-1,1598,2,4,VAUXHALL INSIGNIA,-1,-1,0,-1
2021461083339,2021,461083339,1,9,0,18,19,1,3,0,0,0,0,0,0,0,1,1,1,1,1,32,6,1956,2,6,VAUXHALL INSIGNIA,3,E01024241,0,-1
2021471031710,2021,471031710,3,9,0,4,4,7,3,0,0,1,0,0,0,0,2,1,2,2,1,55,8,1796,1,9,VAUXHALL INSIGNIA,4,E01031386,0,-1
2021141053191,2021,141053191,1,9,0,18,19,1,5,0,0,1,0,0,0,0,1,1,6,6,1,38,7,1796,1,9,VAUXHALL INSIGNIA,5,E01007786,0,-1
2021010311378,2021,010311378,1,9,9,99,99,9,9,99,99,9,9,99,9,99,9,9,2,2,1,65,9,1956,2,6,VAUXHALL INSIGNIA,2,E01033327,0,-1
2021061051714,2021,061051714,2,9,0,15,15,2,6,0,0,0,0,0,0,0,4,1,6,6,3,30,6,1956,2,9,VAUXHALL INSIGNIA,-1,-1,0,-1
2021138260373,2021,138260373,1,9,0,18,19,3,7,0,0,0,0,0,5,6,1,1,1,1,1,34,6,1956,2,11,VAUXHALL INSIGNIA,1,E01011811,0,-1
2021101062260,2021,101062260,2,9,0,18,19,1,5,0,0,8,0,0,0,0,3,1,5,6,1,42,7,1956,2,8,VAUXHALL INSIGNIA,3,E01008282,0,-1
2021371126899,2021,371126899,1,9,0,18,19,2,4,0,0,8,0,4,3,4,1,1,6,6,3,-1,-1,1956,2,12,VAUXHALL INSIGNIA,-1,-1,0,-1
2021201040785,2021,201040785,3,9,0,2,2,0,0,0,0,0,0,0,0,0,1,1,1,1,1,30,6,1956,2,5,VAUXHALL INSIGNIA,7,E01029732,0,-1
2021430578229,2021,430578229,1,9,0,3,3,7,3,0,0,1,0,0,0,0,2,1,2,2,2,29,6,1956,2,6,VAUXHALL INSIGNIA,3,E01030793,0,-1
2021070504453,2021,070504453,2,9,0,2,2,0,0,0,0,0,0,0,0,0,2,1,6,6,1,50,8,1956,2,8,VAUXHALL INSIGNIA,9,E01018376,0,-1
2021411055557,2021,411055557,2,9,0,2,2,0,0,0,0,0,0,0,0,0,0,1,6,6,3,-1,-1,1956,2,10,VAUXHALL INSIGNIA,-1,-1,0,-1
2021320309131,2021,320309131,3,9,0,2,2,0,0,0,0,0,0,0,0,0,0,1,6,6,1,39,7,1956,2,6,VAUXHALL INSIGNIA,4,E01026416,0,-1
2021440133783,2021,440133783,1,9,0,1,1,3,7,0,0,1,0,0,0,0,2,1,6,6,1,28,6,1956,2,9,VAUXHALL INSIGNIA,1,E01017040,0,-1
2021010351783,2021,010351783,1,9,0,18,19,7,3,0,0,2,0,0,5,6,1,1,6,6,1,35,6,1956,2,4,VAUXHALL INSIGNIA,7,E01000156,0,-1
2021991038861,2021,991038861,1,9,0,18,19,8,4,4,4,0,0,0,0,0,1,1,1,1,1,34,6,1598,2,5,VAUXHALL INSIGNIA,1,-1,0,-1
2021201149839,2021,201149839,2,9,0,18,19,4,8,0,0,8,0,10,1,1,4,1,1,1,2,29,6,1598,2,3,VAUXHALL INSIGNIA,2,E01009509,0,-1
202131B198821,2021,31B198821,2,9,0,13,13,3,7,0,0,0,0,0,0,0,1,1,2,2,1,26,6,1956,2,9,VAUXHALL INSIGNIA,3,E01028020,0,-1
2021201087950,2021,201087950,1,9,0,18,19,4,8,0,0,8,0,0,0,0,1,1,6,6,1,71,10,1956,2,11,VAUXHALL INSIGNIA,1,E01010433,0,-1
2021101011983,2021,101011983,2,9,0,9,9,1,7,0,0,8,0,-1,0,0,4,1,5,6,1,36,7,1998,1,12,VAUXHALL INSIGNIA,3,E01008337,0,-1
202134WNC2721,2021,34WNC2721,1,9,0,18,19,5,1,0,0,0,0,0,0,0,1,1,6,6,1,-1,-1,1956,2,8,VAUXHALL INSIGNIA,2,E01013919,0,-1
2021320580484,2021,320580484,2,9,0,18,19,2,6,0,0,1,0,0,0,0,1,1,6,6,1,78,11,1956,2,4,VAUXHALL INSIGNIA,5,E01026276,0,-1
2021141017574,2021,141017574,1,9,0,9,9,1,1,0,0,1,0,0,7,0,3,1,2,2,1,30,6,1956,2,7,VAUXHALL INSIGNIA,9,E01007893,0,-1
2021141014535,2021,141014535,1,9,0,5,5,4,8,0,0,0,0,0,0,0,2,1,6,6,2,67,10,1956,2,8,VAUXHALL INSIGNIA,2,E01007470,0,-1
2021320594362,2021,320594362,2,9,0,18,19,2,6,0,0,0,0,0,0,0,4,1,6,6,1,28,6,1956,2,9,VAUXHALL INSIGNIA,5,E01032988,0,-1
2021041083396,2021,041083396,1,9,0,18,19,3,7,0,0,1,0,0,0,0,4,1,5,6,2,35,6,1956,2,8,VAUXHALL INSIGNIA,8,E01025411,0,-1
2021481095993,2021,481095993,1,9,0,6,6,1,1,0,0,2,0,0,0,0,1,1,5,6,1,26,6,1490,1,3,VAUXHALL INSIGNIA,3,E01003574,0,-1
2021010294401,2021,010294401,2,9,0,99,99,9,9,99,99,0,9,99,9,99,1,9,6,6,3,-1,-1,1796,1,12,VAUXHALL INSIGNIA,-1,-1,0,-1
2021041030437,2021,041030437,1,9,0,18,19,1,1,0,0,0,0,0,0,0,1,2,6,6,3,-1,-1,1956,2,7,VAUXHALL INSIGNIA,-1,-1,0,-1
2021991081561,2021,991081561,1,9,0,9,9,7,5,0,0,8,0,0,0,0,4,1,6,6,1,32,6,1956,2,7,VAUXHALL INSIGNIA,5,-1,0,-1
2021041047896,2021,041047896,2,9,0,18,19,5,1,0,0,1,0,0,7,2,1,1,5,6,1,68,10,1956,2,11,VAUXHALL INSIGNIA,4,E01025460,0,-1
202131D192021,2021,31D192021,2,9,0,3,3,3,7,0,0,2,0,0,0,0,3,1,6,6,1,-1,-1,1956,2,10,VAUXHALL INSIGNIA,-1,-1,0,-1
2021421089454,2021,421089454,2,9,0,16,19,2,6,0,0,0,0,0,0,0,4,1,6,6,1,46,8,1956,2,7,VAUXHALL INSIGNIA,6,E01021733,0,-1
2021991061788,2021,991061788,3,9,0,18,19,5,8,0,0,0,0,0,0,0,2,1,1,1,1,22,5,1956,2,10,VAUXHALL INSIGNIA,10,-1,0,-1
2021501047243,2021,501047243,1,9,0,18,19,2,6,0,0,0,2,0,1,0,1,1,6,6,1,32,6,1956,2,6,VAUXHALL INSIGNIA,3,E01019062,0,-1
2021622100241,2021,622100241,1,9,0,18,19,7,3,0,0,0,0,0,0,0,2,1,6,6,1,64,9,1956,2,7,VAUXHALL INSIGNIA,1,W01001292,0,-1
2021522104454,2021,522104454,1,8,0,5,5,3,7,0,0,8,0,0,0,0,2,1,1,1,1,42,7,1598,2,5,VAUXHALL INSIGNIA,10,E01014877,0,-1
2021101027889,2021,101027889,2,9,-1,-1,-1,-1,-1,-1,-1,0,-1,-1,-1,0,-1,1,5,6,1,61,9,1598,2,2,VAUXHALL INSIGNIA,8,E01020725,0,-1
2021991047985,2021,991047985,2,9,0,5,5,5,1,0,0,2,0,0,3,0,1,1,5,6,1,51,8,1956,2,12,VAUXHALL INSIGNIA,4,-1,0,-1
2021302101789,2021,302101789,2,9,0,12,12,6,2,0,0,0,0,0,0,0,2,1,6,6,1,36,7,1598,2,4,VAUXHALL INSIGNIA,6,E01033536,0,-1
2021461042212,2021,461042212,2,9,0,18,19,2,0,0,0,0,0,0,0,0,2,1,6,6,2,34,6,1956,2,9,VAUXHALL INSIGNIA,3,E01016154,0,-1
2021122100850,2021,122100850,1,9,0,18,19,1,5,0,0,8,0,0,0,0,1,1,6,6,1,34,6,1956,2,10,VAUXHALL INSIGNIA,2,E01027909,0,-1
2021311098088,2021,311098088,1,9,0,3,3,1,5,0,0,0,0,0,0,0,2,1,6,6,1,53,8,1956,2,8,VAUXHALL INSIGNIA,2,E01019498,0,-1
2021141021359,2021,141021359,2,9,0,18,19,6,3,0,0,6,0,0,0,0,4,1,5,6,1,35,6,1956,2,4,VAUXHALL INSIGNIA,1,E01007333,0,-1
2021010334555,2021,010334555,3,9,0,1,1,7,5,0,0,6,0,0,0,0,3,1,6,6,1,61,9,1490,1,2,VAUXHALL INSIGNIA,3,E01000089,0,-1
2021010329724,2021,010329724,1,9,0,99,99,9,9,99,99,9,9,99,9,99,2,9,2,2,1,33,6,1956,2,12,VAUXHALL INSIGNIA,5,E01024181,0,-1
2021991112084,2021,991112084,1,9,0,9,9,5,3,0,0,8,0,0,0,0,1,1,1,1,1,50,8,1956,2,7,VAUXHALL INSIGNIA,3,-1,0,-1
2021622100182,2021,622100182,2,9,0,18,19,3,7,0,0,0,0,0,0,0,2,1,1,1,2,53,8,1598,2,4,VAUXHALL INSIGNIA,10,W01001851,0,-1
2021201095974,2021,201095974,2,9,0,9,9,8,5,0,0,6,0,0,0,0,4,1,6,6,2,22,5,1956,2,10,VAUXHALL INSIGNIA,1,E01013817,0,-1
202154C443721,2021,54C443721,1,9,0,7,7,3,5,0,0,6,0,0,0,0,0,1,6,6,1,-1,-1,1956,2,8,VAUXHALL INSIGNIA,4,E01015509,0,-1
2021111131886,2021,111131886,1,9,0,18,19,1,4,0,0,1,0,0,0,0,1,1,6,6,3,40,7,1598,2,5,VAUXHALL INSIGNIA,-1,-1,0,-1
2021211070308,2021,211070308,2,9,0,7,7,2,5,0,0,2,0,0,0,0,3,1,6,6,1,52,8,1796,1,12,VAUXHALL INSIGNIA,1,E01014269,0,-1
2021031112639,2021,031112639,2,9,0,18,19,5,1,0,0,0,0,0,0,0,2,1,6,6,2,-1,-1,1956,2,8,VAUXHALL INSIGNIA,4,E01012703,0,-1
2021451011466,2021,451011466,1,9,0,5,5,1,5,0,0,6,0,0,0,0,3,1,1,1,1,52,8,1364,1,6,VAUXHALL INSIGNIA,10,E01030454,0,-1
2021531064160,2021,531064160,2,8,0,9,9,5,2,0,0,0,0,0,0,0,3,1,1,1,1,62,9,1598,2,6,VAUXHALL INSIGNIA,3,E01022237,0,-1
2021421088921,2021,421088921,2,8,0,3,3,5,1,0,0,1,0,0,0,0,2,1,1,1,1,64,9,1956,2,7,VAUXHALL INSIGNIA,5,E01021715,0,-1
2021351077542,2021,351077542,2,9,0,18,19,5,1,0,0,8,5,0,7,0,4,1,5,6,1,52,8,1956,2,10,VAUXHALL INSIGNIA,1,E01027249,0,-1
2021430232477,2021,430232477,2,9,0,18,19,5,8,0,0,1,0,0,0,0,0,1,6,6,1,53,8,1796,1,9,VAUXHALL INSIGNIA,9,E01028814,0,-1
2021052101148,2021,052101148,1,9,0,18,19,5,1,0,0,0,0,0,0,0,1,1,6,6,1,-1,-1,1598,2,5,VAUXHALL INSIGNIA,1,E01012422,0,-1
2021070849270,2021,070849270,1,9,0,6,6,6,4,0,0,8,0,0,0,0,3,1,6,6,1,31,6,1956,2,3,VAUXHALL INSIGNIA,5,E01018319,0,-1
2021991043024,2021,991043024,1,9,0,13,13,5,1,0,0,0,0,0,0,0,3,1,2,2,1,31,6,1490,1,3,VAUXHALL INSIGNIA,7,-1,0,-1
2021351066756,2021,351066756,2,9,0,18,19,4,8,0,0,0,0,0,0,0,1,1,6,6,1,31,6,1956,2,8,VAUXHALL INSIGNIA,9,E01018124,0,-1
2021440312634,2021,440312634,1,9,0,12,12,1,5,0,0,8,0,0,0,0,2,1,6,6,2,61,9,1956,2,6,VAUXHALL INSIGNIA,3,E01033381,0,-1
2021461036849,2021,461036849,1,9,0,5,5,8,4,0,0,1,0,0,0,0,1,1,6,6,2,42,7,1956,2,11,VAUXHALL INSIGNIA,4,E01024087,0,-1
2021320716800,2021,320716800,2,9,0,18,19,5,1,0,0,0,0,0,0,0,2,1,2,2,1,38,7,1956,2,7,VAUXHALL INSIGNIA,3,E01026123,0,-1
202154B552821,2021,54B552821,3,9,0,4,4,2,6,0,0,1,0,0,0,0,2,1,6,6,2,66,10,1956,2,7,VAUXHALL INSIGNIA,7,E01018934,0,-1
2021061053193,2021,061053193,6,9,0,2,2,0,0,9,9,0,0,0,0,0,1,1,6,6,3,-1,-1,1956,2,10,VAUXHALL INSIGNIA,-1,-1,0,-1
202163D096121,2021,63D096121,3,9,0,18,19,6,2,0,0,0,0,0,0,0,1,1,6,6,1,45,7,1956,2,8,VAUXHALL INSIGNIA,2,E01014048,0,-1
2021451077168,2021,451077168,2,9,0,18,19,1,3,0,0,0,0,0,0,0,1,1,6,6,2,25,5,1956,2,9,VAUXHALL INSIGNIA,3,E01007465,0,-1
2021552100943,2021,552100943,2,9,0,4,4,2,6,0,0,0,0,0,0,0,2,1,6,6,1,35,6,1956,2,7,VAUXHALL INSIGNIA,4,E01002594,0,-1
2021411090913,2021,411090913,1,9,0,18,19,1,5,0,0,0,0,0,0,0,1,1,5,6,1,57,9,1956,2,10,VAUXHALL INSIGNIA,9,E01013797,0,-1
2021421106958,2021,421106958,2,9,0,2,2,0,0,0,0,1,0,0,0,0,1,1,6,6,3,-1,-1,1598,2,5,VAUXHALL INSIGNIA,-1,-1,0,-1
2021052101820,2021,052101820,1,9,0,1,1,5,1,0,0,4,0,0,0,0,1,1,6,6,2,51,8,1956,2,10,VAUXHALL INSIGNIA,1,E01006834,0,-1
202134WNC7021,2021,34WNC7021,2,9,0,18,19,3,7,0,0,8,0,0,0,0,1,1,6,6,1,59,9,1956,2,6,VAUXHALL INSIGNIA,2,E01027178,0,-1
2021010287921,2021,010287921,1,9,0,18,19,5,1,0,0,1,5,4,0,0,1,1,6,6,1,16,4,1956,2,6,VAUXHALL INSIGNIA,5,E01001348,0,-1
2021361091003,2021,361091003,1,9,0,18,19,5,1,0,0,0,0,0,0,0,1,1,1,1,1,24,5,1956,2,7,VAUXHALL INSIGNIA,4,E01030231,0,-1
2021351039648,2021,351039648,1,9,0,18,19,6,1,0,0,3,0,0,6,0,1,1,2,2,1,72,10,1956,2,10,VAUXHALL INSIGNIA,7,E01015683,0,-1
202163A031521,2021,63A031521,2,9,0,4,4,4,8,0,0,0,0,0,0,0,2,1,6,6,1,39,7,1956,2,9,VAUXHALL INSIGNIA,8,W01000634,0,-1
2021211059126,2021,211059126,1,9,0,13,13,1,5,0,0,1,2,0,3,0,3,1,6,6,1,29,6,2792,1,11,VAUXHALL INSIGNIA,-1,-1,0,-1
2021010312780,2021,010312780,1,9,0,99,99,9,9,0,0,0,0,0,0,0,1,1,6,6,1,34,6,1796,1,11,VAUXHALL INSIGNIA,3,E01003496,0,-1
2021320613270,2021,320613270,1,9,0,16,19,2,4,0,0,0,5,0,7,9,1,2,2,2,1,42,7,1956,2,10,VAUXHALL INSIGNIA,3,E01016036,0,-1