collision_index,collision_year,collision_ref_no,vehicle_reference,vehicle_type,towing_and_articulation,vehicle_manoeuvre_historic,vehicle_manoeuvre,vehicle_direction_from,vehicle_direction_to,vehicle_location_restricted_lane_historic,vehicle_location_restricted_lane,junction_location,skidding_and_overturning,hit_object_in_carriageway,vehicle_leaving_carriageway,hit_object_off_carriageway,first_point_of_impact,vehicle_left_hand_drive,journey_purpose_of_driver_historic,journey_purpose_of_driver,sex_of_driver,age_of_driver,age_band_of_driver,engine_capacity_cc,propulsion_code,age_of_vehicle,generic_make_model,driver_imd_decile,lsoa_of_driver,escooter_flag,driver_distance_banding
2021451026095,2021,451026095,1,9,0,18,19,1,3,0,0,0,0,0,0,0,0,1,5,6,2,39,7,1956,2,10,VAUXHALL INSIGNIA,6,E01030371,0,-1
2021201089405,2021,201089405,1,9,0,18,19,8,4,0,0,1,0,0,0,0,1,1,6,6,1,63,9,1956,2,12,VAUXHALL INSIGNIA,2,E01010101,0,-1
2021122101466,2021,122101466,1,9,0,17,19,6,3,0,0,2,1,10,1,11,1,1,6,6,1,66,10,1956,2,10,VAUXHALL INSIGNIA,9,E01027894,0,-1
2021991089298,2021,991089298,3,9,0,2,2,0,0,0,0,0,0,0,0,0,1,1,6,6,3,-1,-1,1956,2,11,VAUXHALL INSIGNIA,-1,-1,0,-1
2021302101617,2021,302101617,2,9,0,2,2,0,0,0,0,2,0,0,0,0,3,1,6,6,3,-1,-1,1490,1,2,VAUXHALL INSIGNIA,-1,-1,0,-1
202131B141621,2021,31B141621,2,9,0,18,19,6,2,0,0,0,0,0,0,0,2,1,6,6,1,48,8,1598,2,5,VAUXHALL INSIGNIA,7,E01028250,0,-1
2021161119680,2021,161119680,1,9,0,18,19,6,2,0,0,1,0,0,0,0,1,1,6,6,1,38,7,1956,2,11,VAUXHALL INSIGNIA,3,E01013198,0,-1
2021522105215,2021,522105215,2,9,0,18,19,3,5,0,0,4,0,0,0,0,1,1,6,6,2,59,9,1956,2,10,VAUXHALL INSIGNIA,6,E01014952,0,-1
2021221065466,2021,221065466,3,9,0,18,19,3,7,0,0,0,0,0,0,0,1,1,5,6,1,45,7,1956,2,6,VAUXHALL INSIGNIA,3,E01032241,0,-1
2021211112426,2021,211112426,2,9,0,18,19,3,7,0,0,0,0,0,0,0,1,1,6,6,1,23,5,1956,2,11,VAUXHALL INSIGNIA,1,E01009410,0,-1
2021430455372,2021,430455372,1,9,0,18,19,2,6,0,0,8,0,0,0,0,3,1,6,6,1,65,9,1956,2,6,VAUXHALL INSIGNIA,8,E01033519,0,-1
2021131109489,2021,131109489,1,9,0,18,19,7,3,0,0,2,0,0,0,0,1,1,5,6,1,40,7,1956,2,7,VAUXHALL INSIGNIA,3,E01011477,0,-1
2021070439514,2021,070439514,2,9,0,3,3,7,3,0,0,1,0,0,0,0,0,1,6,6,1,34,6,1956,2,4,VAUXHALL INSIGNIA,1,E01018462,0,-1
2021070666215,2021,070666215,1,9,0,9,9,2,6,0,0,6,0,0,0,0,1,1,6,6,1,29,6,1956,2,10,VAUXHALL INSIGNIA,1,E01018740,0,-1
2021052101134,2021,052101134,3,9,0,9,9,3,1,0,0,8,0,0,0,0,4,1,6,6,2,-1,-1,1956,2,12,VAUXHALL INSIGNIA,6,E01007194,0,-1
2021101093915,2021,101093915,1,9,0,16,19,6,2,0,0,8,0,0,7,0,4,1,1,1,1,29,6,1598,2,3,VAUXHALL INSIGNIA,9,E01020702,0,-1
2021501087853,2021,501087853,2,9,0,18,19,1,5,0,0,0,0,0,0,0,2,1,6,6,1,57,9,1956,2,5,VAUXHALL INSIGNIA,10,E01020185,0,-1
2021161045063,2021,161045063,4,9,0,18,19,2,6,0,0,0,0,0,0,0,3,1,5,6,1,64,9,1796,1,11,VAUXHALL INSIGNIA,1,E01012798,0,-1
2021201037166,2021,201037166,1,9,0,18,19,8,4,0,0,1,0,0,0,0,1,1,6,6,3,-1,-1,1598,2,5,VAUXHALL INSIGNIA,-1,-1,0,-1
2021440435431,2021,440435431,1,9,0,18,19,2,6,0,0,0,0,0,0,0,1,1,6,6,2,28,6,1956,2,5,VAUXHALL INSIGNIA,7,E01020538,0,-1
2021131082995,2021,131082995,3,9,0,4,4,1,5,0,0,0,0,0,0,0,2,1,5,6,2,40,7,1956,2,10,VAUXHALL INSIGNIA,5,E01011287,0,-1
2021991064764,2021,991064764,1,9,0,18,19,6,2,0,0,0,0,0,0,0,1,1,6,6,1,60,9,1956,2,7,VAUXHALL INSIGNIA,3,-1,0,-1
2021991014964,2021,991014964,1,9,0,9,9,1,7,0,0,8,0,0,0,0,1,1,6,6,1,34,6,1956,2,9,VAUXHALL INSIGNIA,4,-1,0,-1
2021451093884,2021,451093884,2,9,0,18,19,5,1,0,0,0,0,0,0,0,2,1,5,6,1,70,10,1490,1,4,VAUXHALL INSIGNIA,9,E01022836,0,-1
2021531085131,2021,531085131,4,9,0,18,19,6,2,0,0,0,0,0,7,0,1,1,6,6,1,23,5,1956,2,9,VAUXHALL INSIGNIA,4,W01001665,0,-1
2021201142487,2021,201142487,1,9,0,14,14,8,4,0,0,2,0,10,7,3,1,1,1,1,2,-1,-1,1598,2,5,VAUXHALL INSIGNIA,2,E01009509,0,-1
2021070273253,2021,070273253,2,9,0,11,11,6,2,0,0,0,0,0,0,0,2,1,2,2,1,45,7,1956,2,12,VAUXHALL INSIGNIA,4,W01000262,0,-1
2021010292502,2021,010292502,2,9,0,99,99,9,9,99,99,9,9,99,9,99,2,9,6,6,3,-1,-1,1956,2,7,VAUXHALL INSIGNIA,7,E01001569,0,-1
2021131075765,2021,131075765,2,9,0,3,3,3,7,0,0,1,0,0,0,0,2,1,2,2,2,33,6,1956,2,4,VAUXHALL INSIGNIA,1,E01010872,0,-1
2021201112563,2021,201112563,2,9,0,3,3,6,2,0,0,0,0,0,0,0,3,1,5,6,1,22,5,1956,2,11,VAUXHALL INSIGNIA,1,E01010033,0,-1
2021991074823,2021,991074823,1,9,0,16,19,4,7,0,0,0,5,6,7,0,1,1,6,6,1,33,6,1956,2,4,VAUXHALL INSIGNIA,2,-1,0,-1
2021010294302,2021,010294302,1,9,0,18,19,5,1,0,0,1,0,0,0,0,1,1,2,2,1,25,5,1598,2,5,VAUXHALL INSIGNIA,-1,-1,0,-1
2021201064505,2021,201064505,1,9,0,7,7,4,4,0,0,6,0,0,0,0,1,1,6,6,1,-1,-1,1956,2,10,VAUXHALL INSIGNIA,4,E01009634,0,-1
2021531018127,2021,531018127,2,9,0,3,3,6,2,0,0,8,0,0,0,0,2,1,2,2,1,42,7,1956,2,7,VAUXHALL INSIGNIA,3,E01022286,0,-1
2021520201066,2021,520201066,2,9,0,18,19,7,3,0,0,2,0,0,0,0,1,1,6,6,2,54,8,1490,1,3,VAUXHALL INSIGNIA,6,E01029228,0,-1
2021101125065,2021,101125065,2,9,0,18,19,5,1,0,0,2,0,0,0,0,1,1,5,6,1,21,5,1956,2,10,VAUXHALL INSIGNIA,3,E01027544,0,-1
2021070644773,2021,070644773,2,9,0,5,5,1,5,0,0,0,0,0,0,0,2,1,1,1,1,48,8,1956,2,6,VAUXHALL INSIGNIA,7,E01006800,0,-1
2021991196247,2021,991196247,1,8,0,7,7,2,5,0,0,1,0,0,0,0,1,1,1,1,1,28,6,1598,2,5,VAUXHALL INSIGNIA,9,-1,0,-1
2021070065430,2021,070065430,1,9,0,18,19,8,4,0,0,0,1,0,7,0,4,1,6,6,1,39,7,1956,2,7,VAUXHALL INSIGNIA,8,E01018432,0,-1
2021010299409,2021,010299409,2,9,0,13,13,7,3,0,0,0,0,0,0,0,1,1,6,6,1,31,6,1956,2,12,VAUXHALL INSIGNIA,-1,-1,0,-1
2021010318071,2021,010318071,4,9,0,2,2,0,0,0,0,0,0,0,0,0,1,1,6,6,3,-1,-1,1956,2,7,VAUXHALL INSIGNIA,-1,-1,0,-1
2021461023088,2021,461023088,1,9,0,11,11,1,8,0,0,0,1,10,0,0,4,1,6,6,1,36,7,1956,2,7,VAUXHALL INSIGNIA,3,E01016465,0,-1
2021010307097,2021,010307097,3,9,0,2,2,0,0,0,0,1,0,0,0,0,4,1,6,6,3,-1,-1,1598,2,5,VAUXHALL INSIGNIA,-1,-1,0,-1
2021041024442,2021,041024442,1,9,0,18,19,6,2,9,9,0,0,10,1,10,3,1,6,6,1,29,6,1956,2,9,VAUXHALL INSIGNIA,2,E01025292,0,-1
2021041127337,2021,041127337,3,9,0,18,19,5,1,0,0,1,0,0,0,0,2,1,1,1,1,45,7,1956,2,9,VAUXHALL INSIGNIA,3,E01012677,0,-1
2021052102890,2021,052102890,1,9,0,9,9,2,7,0,0,8,0,0,0,0,1,1,6,6,1,30,6,1956,2,12,VAUXHALL INSIGNIA,6,E01007163,0,-1
2021101041184,2021,101041184,1,9,0,18,19,3,7,0,0,6,0,0,0,0,1,1,6,6,1,19,4,1956,2,7,VAUXHALL INSIGNIA,4,E01008659,0,-1
2021161021458,2021,161021458,1,9,0,18,19,5,1,0,0,3,5,10,0,0,4,1,5,6,1,27,6,1956,2,5,VAUXHALL INSIGNIA,1,E01012932,0,-1
2021201113769,2021,201113769,2,9,0,18,19,6,2,0,0,1,0,0,0,0,3,1,6,6,2,52,8,1796,1,12,VAUXHALL INSIGNIA,5,E01009615,0,-1
2021471014960,2021,471014960,1,9,0,18,19,5,1,0,0,0,0,0,0,0,4,1,2,2,1,42,7,1956,2,7,VAUXHALL INSIGNIA,4,E01020914,0,-1
2021430215959,2021,430215959,1,9,0,18,19,6,4,0,0,0,5,0,1,4,1,1,6,6,1,65,9,1956,2,11,VAUXHALL INSIGNIA,9,E01017684,0,-1
2021522104615,2021,522104615,1,8,0,7,7,1,3,0,0,6,0,0,0,0,1,1,1,1,1,29,6,1598,2,5,VAUXHALL INSIGNIA,6,E01014960,0,-1
2021052100279,2021,052100279,1,9,0,18,19,1,5,0,0,0,0,0,0,0,1,1,6,6,1,66,10,1956,2,10,VAUXHALL INSIGNIA,1,E01006569,0,-1
2021461048692,2021,461048692,1,9,0,18,19,3,1,0,0,1,0,0,0,0,1,1,6,6,1,27,6,1598,1,11,VAUXHALL INSIGNIA,1,E01003060,0,-1
2021010330354,2021,010330354,1,9,0,99,99,9,9,99,99,9,9,99,9,99,2,9,6,6,1,51,8,1490,1,2,VAUXHALL INSIGNIA,7,E01003456,0,-1
2021421106839,2021,421106839,2,9,0,18,19,6,3,0,0,0,0,0,0,0,0,1,1,1,1,34,6,1956,2,3,VAUXHALL INSIGNIA,8,E01021544,0,-1
2021061034945,2021,061034945,2,9,0,18,19,1,5,0,0,1,0,0,0,0,2,1,6,6,1,66,10,1796,1,6,VAUXHALL INSIGNIA,-1,-1,0,-1
2021201183091,2021,201183091,1,9,0,18,19,2,6,0,0,1,0,0,0,0,1,1,1,1,1,59,9,1490,1,1,VAUXHALL INSIGNIA,7,E01031033,0,-1
2021231037084,2021,231037084,1,8,0,11,11,1,3,0,0,3,0,0,0,0,4,1,1,1,3,40,7,1956,2,8,VAUXHALL INSIGNIA,-1,-1,0,-1
2021991064737,2021,991064737,1,9,0,18,19,4,8,0,0,0,0,0,0,0,1,1,5,6,1,42,7,1956,2,11,VAUXHALL INSIGNIA,5,-1,0,-1
2021231128904,2021,231128904,1,9,0,9,9,8,7,0,0,5,0,0,0,0,1,1,5,6,1,55,8,1598,2,4,VAUXHALL INSIGNIA,6,E01013276,0,-1
2021122100410,2021,122100410,1,9,0,18,19,1,5,0,0,0,0,0,0,0,1,1,6,6,1,68,10,1956,2,10,VAUXHALL INSIGNIA,8,E01027887,0,-1
2021361032063,2021,361032063,2,9,0,18,19,8,4,0,0,1,0,0,0,0,4,1,3,7,1,66,10,1956,2,7,VAUXHALL INSIGNIA,6,E01026616,0,-1
202154B379321,2021,54B379321,1,9,0,18,19,3,7,0,0,1,0,0,0,0,1,1,1,1,1,36,7,1956,2,12,VAUXHALL INSIGNIA,8,E01031954,0,-1
2021141059952,2021,141059952,2,9,0,2,2,0,0,9,9,0,0,0,2,0,1,1,6,6,3,-1,-1,1956,2,7,VAUXHALL INSIGNIA,-1,-1,0,-1
2021320362545,2021,320362545,2,9,0,18,19,6,2,0,0,1,0,0,0,0,4,1,6,6,1,37,7,1956,2,7,VAUXHALL INSIGNIA,4,E01026019,0,-1
2021101045590,2021,101045590,1,9,0,9,9,1,3,0,0,6,0,0,0,0,1,1,6,6,1,40,7,1956,2,8,VAUXHALL INSIGNIA,-1,-1,0,-1
2021010324094,2021,010324094,2,9,0,99,99,9,9,99,99,9,9,99,9,99,1,9,6,6,3,57,9,1956,2,6,VAUXHALL INSIGNIA,9,E01003360,0,-1
2021991109700,2021,991109700,1,9,0,6,6,7,3,0,0,6,0,0,0,0,3,1,5,6,1,35,6,1598,2,3,VAUXHALL INSIGNIA,1,-1,0,-1
2021361125990,2021,361125990,1,9,0,18,19,2,6,0,0,0,2,0,1,4,4,1,6,6,1,28,6,1956,2,7,VAUXHALL INSIGNIA,4,E01026749,0,-1
2021201035797,2021,201035797,1,9,0,3,3,2,6,0,0,0,1,10,1,11,1,1,6,6,2,30,6,1956,2,9,VAUXHALL INSIGNIA,1,E01033187,0,-1
2021302100118,2021,302100118,3,9,0,18,19,4,8,0,0,0,0,0,0,0,1,1,6,6,1,56,9,1956,2,5,VAUXHALL INSIGNIA,10,E01028139,0,-1
2021501057004,2021,501057004,2,9,0,2,2,0,0,0,0,0,0,0,0,0,1,1,5,6,1,-1,-1,1956,2,11,VAUXHALL INSIGNIA,9,E01019895,0,-1
2021622100121,2021,622100121,1,9,0,12,12,2,6,0,0,0,0,0,0,0,3,1,6,6,1,54,8,1796,1,12,VAUXHALL INSIGNIA,3,W01001875,0,-1
2021622100885,2021,622100885,1,9,0,18,19,4,8,0,0,0,0,0,7,0,1,1,6,6,1,34,6,1956,2,7,VAUXHALL INSIGNIA,10,W01001120,0,-1
2021622100520,2021,622100520,1,9,0,7,7,5,7,0,0,2,5,4,0,0,1,1,6,6,1,44,7,1598,2,4,VAUXHALL INSIGNIA,1,W01001267,0,-1
2021201078109,2021,201078109,2,9,0,18,19,1,4,0,0,3,0,0,0,0,2,1,2,2,1,46,8,1598,2,4,VAUXHALL INSIGNIA,3,E01010005,0,-1
2021041115641,2021,041115641,1,9,0,18,19,1,5,0,0,1,0,0,0,0,1,1,5,6,1,56,9,1490,1,3,VAUXHALL INSIGNIA,7,E01012592,0,-1
2021320585992,2021,320585992,3,9,0,18,19,8,4,0,0,0,0,0,0,0,2,1,6,6,1,44,7,1598,2,2,VAUXHALL INSIGNIA,6,E01026686,0,-1
2021201068082,2021,201068082,2,9,0,7,7,1,3,0,0,8,0,0,0,0,3,1,6,6,1,34,6,1956,2,10,VAUXHALL INSIGNIA,2,E01010270,0,-1
2021111015703,2021,111015703,1,9,0,18,19,8,4,0,0,0,0,0,1,0,1,1,6,6,1,27,6,1796,1,9,VAUXHALL INSIGNIA,3,E01020766,0,-1
2021010313334,2021,010313334,2,9,0,99,99,9,9,99,99,0,9,99,9,99,9,9,6,6,3,27,6,1956,2,6,VAUXHALL INSIGNIA,2,E01002634,0,-1
2021161110525,2021,161110525,1,9,0,17,19,6,2,0,0,1,0,0,1,4,1,1,1,1,1,48,8,1956,2,6,VAUXHALL INSIGNIA,1,E01013298,0,-1
2021461053333,2021,461053333,3,9,0,18,19,7,3,0,0,0,0,0,0,0,1,1,6,6,2,47,8,1956,2,7,VAUXHALL INSIGNIA,2,E01024192,0,-1
2021201053791,2021,201053791,1,9,0,9,9,8,5,0,0,2,0,0,0,0,1,1,6,6,2,48,8,1598,2,5,VAUXHALL INSIGNIA,2,E01010531,0,-1
2021201070380,2021,201070380,1,9,0,18,19,6,2,0,0,0,0,0,0,0,1,1,1,1,1,-1,-1,1598,2,4,VAUXHALL INSIGNIA,-1,-1,0,-1
2021991096671,2021,991096671,1,9,0,17,19,2,7,0,0,0,0,0,0,0,1,1,1,1,1,87,11,1956,2,11,VAUXHALL INSIGNIA,2,-1,0,-1
2021991026026,2021,991026026,2,9,0,9,9,1,6,0,0,5,0,0,0,0,3,1,2,2,1,34,6,1956,2,4,VAUXHALL INSIGNIA,1,-1,0,-1
2021138241337,2021,138241337,2,9,0,18,19,1,5,0,0,1,0,0,0,0,1,1,6,6,1,38,7,1956,2,10,VAUXHALL INSIGNIA,3,E01011313,0,-1
2021361070433,2021,361070433,2,9,0,2,2,8,4,0,0,0,0,0,0,0,3,1,6,6,1,61,9,1956,2,9,VAUXHALL INSIGNIA,5,E01026681,0,-1
2021131049800,2021,131049800,1,9,0,18,19,1,5,0,0,2,0,7,0,0,1,1,5,6,1,52,8,1956,2,12,VAUXHALL INSIGNIA,2,E01011256,0,-1
2021501056268,2021,501056268,1,9,0,4,4,1,5,0,0,0,0,0,0,0,1,1,2,2,1,38,7,1956,2,6,VAUXHALL INSIGNIA,3,E01015161,0,-1
2021991081177,2021,991081177,1,9,0,18,19,8,4,0,0,2,0,0,0,0,1,1,6,6,1,45,7,1956,2,12,VAUXHALL INSIGNIA,10,-1,0,-1
2021170L50301,2021,170L50301,2,9,0,18,19,8,4,0,0,8,0,0,1,0,1,1,1,1,2,33,6,1490,1,4,VAUXHALL INSIGNIA,6,E01012098,0,-1
2021221016080,2021,221016080,3,9,0,18,19,3,7,0,0,8,0,0,0,0,1,1,5,6,1,69,10,1956,2,10,VAUXHALL INSIGNIA,6,E01032476,0,-1
2021991086671,2021,991086671,1,9,0,1,1,1,5,0,0,0,0,0,0,0,3,1,5,6,1,26,6,1956,2,10,VAUXHALL INSIGNIA,2,-1,0,-1
202134NNC7251,2021,34NNC7251,3,9,0,3,3,5,1,0,0,0,0,0,0,0,2,1,6,6,1,62,9,1956,2,6,VAUXHALL INSIGNIA,-1,-1,0,-1
2021201127407,2021,201127407,2,9,0,2,2,0,0,0,0,2,0,0,0,0,2,1,5,6,1,-1,-1,1956,2,6,VAUXHALL INSIGNIA,-1,-1,0,-1
2021161067308,2021,161067308,2,9,0,2,2,0,0,0,0,0,0,0,0,0,3,1,6,6,3,-1,-1,1796,1,11,VAUXHALL INSIGNIA,-1,-1,0,-1
2021461116504,2021,461116504,1,9,0,16,19,7,3,0,0,1,0,0,3,0,3,1,6,6,1,-1,-1,1956,2,9,VAUXHALL INSIGNIA,2,E01024662,0,-1
2021052100255,2021,052100255,2,9,0,18,19,1,5,0,0,8,0,0,0,0,1,1,6,6,2,34,6,1956,2,7,VAUXHALL INSIGNIA,1,E01006768,0,-1
2021201087329,2021,201087329,1,9,0,18,19,8,4,0,0,1,0,4,6,1,1,1,6,6,1,64,9,1956,2,11,VAUXHALL INSIGNIA,10,E01027333,0,-1
2021201066880,2021,201066880,2,9,0,9,9,-1,-1,0,0,0,0,0,0,0,3,1,6,6,1,48,8,1956,2,10,VAUXHALL INSIGNIA,4,E01010499,0,-1
2021461071729,2021,461071729,2,9,0,3,3,5,1,0,0,0,0,0,0,0,2,1,2,2,2,43,7,1796,1,7,VAUXHALL INSIGNIA,9,E01016027,0,-1
2021141078849,2021,141078849,2,9,0,18,19,3,7,0,0,8,0,10,0,0,1,1,5,6,1,25,5,1796,1,7,VAUXHALL INSIGNIA,3,E01007375,0,-1
2021010350449,2021,010350449,1,9,0,18,19,8,4,0,0,8,0,0,0,0,1,1,3,7,2,30,6,1796,1,12,VAUXHALL INSIGNIA,8,E01002320,0,-1
2021010307664,2021,010307664,2,9,0,18,19,7,3,0,0,1,0,0,0,0,4,1,6,6,1,27,6,1956,2,9,VAUXHALL INSIGNIA,-1,-1,0,-1
2021141088880,2021,141088880,2,9,0,18,19,5,1,0,0,0,0,0,0,0,2,1,5,6,1,51,8,1956,2,9,VAUXHALL INSIGNIA,1,E01015887,0,-1
2021010331896,2021,010331896,1,9,9,99,99,9,9,99,99,9,9,99,9,99,1,9,6,6,3,-1,-1,1956,2,9,VAUXHALL INSIGNIA,6,E01002670,0,-1
2021501089912,2021,501089912,4,9,0,4,4,3,7,0,0,0,0,0,0,0,2,1,6,6,1,34,6,1598,2,3,VAUXHALL INSIGNIA,3,E01018998,0,-1
2021351139280,2021,351139280,1,9,0,9,9,1,6,0,0,1,0,0,0,0,1,1,6,6,2,34,6,1956,2,7,VAUXHALL INSIGNIA,6,E01018207,0,-1
2021231111361,2021,231111361,1,9,0,5,5,6,2,0,0,6,0,0,0,0,1,1,6,6,1,41,7,1598,2,5,VAUXHALL INSIGNIA,6,E01031146,0,-1
2021201065950,2021,201065950,1,9,0,18,19,-1,-1,0,0,0,0,0,0,0,1,1,6,6,3,-1,-1,1956,2,6,VAUXHALL INSIGNIA,-1,-1,0,-1
2021010351484,2021,010351484,2,9,0,99,99,9,9,99,99,9,9,99,9,99,1,9,6,6,3,35,6,1956,2,11,VAUXHALL INSIGNIA,1,E01003347,0,-1
2021122200114,2021,122200114,1,9,0,3,3,1,5,0,0,4,0,0,0,0,3,1,6,6,2,43,7,1956,2,7,VAUXHALL INSIGNIA,5,E01020865,0,-1
2021010311036,2021,010311036,2,8,0,99,99,9,9,99,99,9,9,99,9,99,9,9,6,6,3,28,6,1956,2,3,VAUXHALL INSIGNIA,1,E01002713,0,-1
2021421036002,2021,421036002,2,9,0,18,19,5,1,0,0,1,0,0,0,0,3,1,6,6,1,49,8,1796,1,8,VAUXHALL INSIGNIA,5,E01015975,0,-1
2021101040912,2021,101040912,1,9,0,2,2,7,3,0,0,0,0,0,0,0,2,1,6,6,1,61,9,1956,2,7,VAUXHALL INSIGNIA,3,E01027396,0,-1
2021471050861,2021,471050861,2,9,0,2,2,0,0,0,0,0,0,0,0,0,3,1,6,6,3,-1,-1,1956,2,7,VAUXHALL INSIGNIA,-1,-1,0,-1
2021201078753,2021,201078753,1,9,0,4,4,8,4,0,0,1,0,0,0,0,1,1,1,1,1,36,7,1956,2,6,VAUXHALL INSIGNIA,10,E01010296,0,-1
202106Q079065,2021,06Q079065,2,9,0,10,10,1,5,0,0,1,0,0,0,0,1,1,6,6,1,32,6,1956,2,12,VAUXHALL INSIGNIA,5,E01005347,0,-1
2021361089639,2021,361089639,3,9,0,4,4,8,1,0,0,1,0,0,0,0,1,1,5,6,2,30,6,1598,2,5,VAUXHALL INSIGNIA,4,E01026638,0,-1
2021351150061,2021,351150061,2,9,0,3,3,5,1,0,0,0,0,0,0,0,2,1,6,6,2,33,6,1956,2,8,VAUXHALL INSIGNIA,5,E01017949,0,-1
2021531028624,2021,531028624,2,9,0,17,19,8,4,0,0,1,1,0,7,11,1,1,5,6,1,40,7,1998,1,11,VAUXHALL INSIGNIA,3,E01022121,0,-1
2021070015572,2021,070015572,1,8,0,18,19,4,8,0,0,0,0,10,1,0,0,1,1,1,1,48,8,1956,2,5,VAUXHALL INSIGNIA,1,E01018317,0,-1
2021161094289,2021,161094289,1,9,0,9,9,7,5,0,0,8,0,0,0,0,1,1,5,6,1,42,7,1956,2,10,VAUXHALL INSIGNIA,2,E01007482,0,-1
2021991050438,2021,991050438,1,9,0,7,7,7,8,0,0,1,0,0,0,0,1,1,6,6,2,36,7,1598,2,5,VAUXHALL INSIGNIA,4,-1,0,-1
2021141050521,2021,141050521,1,9,0,18,19,3,7,0,0,1,0,0,0,0,4,1,6,6,1,65,9,1956,2,9,VAUXHALL INSIGNIA,4,E01007576,0,-1
2021070185881,2021,070185881,1,9,0,9,9,3,7,0,0,1,0,0,0,0,4,1,2,2,2,33,6,1598,2,2,VAUXHALL INSIGNIA,9,E01018473,0,-1
2021170H11011,2021,170H11011,1,9,0,18,19,4,8,9,9,0,0,0,0,0,1,1,3,7,2,32,6,1956,2,5,VAUXHALL INSIGNIA,1,E01011953,0,-1
2021430027316,2021,430027316,1,9,0,18,19,6,8,0,0,6,0,0,0,0,3,1,6,6,1,47,8,1598,2,3,VAUXHALL INSIGNIA,8,E01016757,0,-1
2021401061754,2021,401061754,1,9,-1,-1,-1,-1,-1,-1,-1,-1,-1,-1,-1,0,-1,1,6,6,1,-1,-1,1956,2,10,VAUXHALL INSIGNIA,-1,-1,0,-1
2021161088284,2021,161088284,1,9,0,3,3,2,6,0,0,0,0,0,0,0,2,1,6,6,1,27,6,1598,2,6,VAUXHALL INSIGNIA,1,E01012862,0,-1
2021622100954,2021,622100954,1,9,0,18,19,3,7,0,0,0,1,0,1,4,1,1,1,1,1,26,6,1598,2,4,VAUXHALL INSIGNIA,9,W01001008,0,-1
2021302100765,2021,302100765,1,9,0,18,19,2,4,0,0,6,0,0,0,0,3,1,6,6,1,39,7,1956,2,8,VAUXHALL INSIGNIA,9,E01013559,0,-1
202131A113421,2021,31A113421,2,9,0,9,9,6,4,0,0,6,0,0,0,0,3,1,1,1,1,48,8,1956,2,12,VAUXHALL INSIGNIA,6,E01028322,0,-1
2021010313182,2021,010313182,1,9,0,18,19,7,3,0,0,8,0,0,0,0,1,1,6,6,2,66,10,1956,2,10,VAUXHALL INSIGNIA,3,E01003829,0,-1
2021991069599,2021,991069599,1,9,0,17,19,1,6,0,0,8,0,0,0,0,3,1,1,1,1,41,7,1796,1,11,VAUXHALL INSIGNIA,8,-1,0,-1
2021010296753,2021,010296753,1,9,0,18,19,4,8,0,0,0,0,0,0,0,2,1,6,6,1,44,7,1956,2,12,VAUXHALL INSIGNIA,-1,-1,0,-1
2021430423375,2021,430423375,2,9,0,9,9,4,2,0,0,5,0,0,0,0,3,1,2,2,1,47,8,1956,2,11,VAUXHALL INSIGNIA,10,E01017771,0,-1
2021421067912,2021,421067912,2,9,0,7,7,8,4,0,0,1,1,0,0,0,3,1,2,2,2,29,6,1796,1,8,VAUXHALL INSIGNIA,3,E01021423,0,-1
2021520200374,2021,520200374,2,9,0,18,19,1,5,0,0,8,0,0,0,0,1,1,6,6,2,47,8,1956,2,4,VAUXHALL INSIGNIA,10,E01014384,0,-1
2021221110077,2021,221110077,3,9,0,18,19,2,6,0,0,8,0,0,0,0,1,1,1,1,1,34,6,1598,2,5,VAUXHALL INSIGNIA,9,E01032257,0,-1
2021061038766,2021,061038766,2,9,0,4,4,3,7,0,0,0,0,0,0,0,2,1,5,6,1,35,6,1956,2,10,VAUXHALL INSIGNIA,2,E01005146,0,-1
2021531056676,2021,531056676,2,9,0,18,19,1,5,0,0,0,0,0,0,0,2,1,1,1,1,39,7,1956,2,7,VAUXHALL INSIGNIA,2,E01022328,0,-1
2021161014495,2021,161014495,1,9,0,18,19,7,3,0,0,2,0,0,1,4,1,1,5,6,1,-1,-1,1956,2,10,VAUXHALL INSIGNIA,1,E01012874,0,-1
2021302102125,2021,302102125,2,9,0,15,15,8,4,0,0,0,1,0,0,0,1,1,6,6,1,30,6,1956,2,12,VAUXHALL INSIGNIA,7,E01013489,0,-1
2021430209160,2021,430209160,1,9,0,1,1,5,1,0,0,0,0,0,0,0,2,1,6,6,2,31,6,1956,2,3,VAUXHALL INSIGNIA,9,E01017914,0,-1
2021201031757,2021,201031757,3,9,0,18,19,3,7,0,0,0,0,0,0,0,2,1,2,2,1,50,8,1956,2,11,VAUXHALL INSIGNIA,10,E01010388,0,-1
2021010297055,2021,010297055,1,9,0,99,99,9,9,99,99,9,9,99,9,99,2,9,6,6,1,45,7,1364,1,5,VAUXHALL INSIGNIA,2,E01003309,0,-1
2021201142155,2021,201142155,3,9,0,18,19,1,5,0,0,1,0,0,0,0,0,1,1,1,1,-1,-1,1598,2,2,VAUXHALL INSIGNIA,-1,-1,0,-1
2021430170053,2021,430170053,1,9,0,18,19,4,8,0,0,1,0,0,0,0,3,1,3,7,2,35,6,1956,2,6,VAUXHALL INSIGNIA,6,E01016492,0,-1
2021010301658,2021,010301658,2,9,0,99,99,9,9,99,99,9,9,99,9,99,9,9,6,6,3,-1,-1,1956,2,11,VAUXHALL INSIGNIA,1,E01003347,0,-1
2021061048123,2021,061048123,1,9,0,18,19,5,1,0,0,8,0,0,0,0,1,1,5,6,1,42,7,1496,2,1,VAUXHALL INSIGNIA,3,E01005441,0,-1