collision_index,collision_year,collision_ref_no,vehicle_reference,vehicle_type,towing_and_articulation,vehicle_manoeuvre_historic,vehicle_manoeuvre,vehicle_direction_from,vehicle_direction_to,vehicle_location_restricted_lane_historic,vehicle_location_restricted_lane,junction_location,skidding_and_overturning,hit_object_in_carriageway,vehicle_leaving_carriageway,hit_object_off_carriageway,first_point_of_impact,vehicle_left_hand_drive,journey_purpose_of_driver_historic,journey_purpose_of_driver,sex_of_driver,age_of_driver,age_band_of_driver,engine_capacity_cc,propulsion_code,age_of_vehicle,generic_make_model,driver_imd_decile,lsoa_of_driver,escooter_flag,driver_distance_banding
2021201098242,2021,201098242,2,9,0,18,19,8,4,0,0,1,0,0,0,0,2,1,6,6,2,48,8,1796,1,7,VAUXHALL INSIGNIA,6,E01009880,0,-1
2021061082433,2021,061082433,3,9,0,3,3,5,5,0,0,0,0,0,0,0,2,1,5,6,1,52,8,1956,2,5,VAUXHALL INSIGNIA,1,E01032509,0,-1
2021111102338,2021,111102338,2,9,0,2,2,0,0,0,0,0,0,0,0,0,2,1,6,6,3,-1,-1,1956,2,7,VAUXHALL INSIGNIA,-1,-1,0,-1
2021320016373,2021,320016373,1,9,0,18,19,6,2,0,0,1,0,0,0,0,4,1,6,6,1,31,6,1956,2,11,VAUXHALL INSIGNIA,10,E01026395,0,-1
2021471082302,2021,471082302,1,9,0,5,5,7,3,0,0,1,0,0,0,0,0,1,1,1,1,53,8,1598,2,5,VAUXHALL INSIGNIA,3,E01016869,0,-1
2021461085036,2021,461085036,1,9,0,5,5,5,1,0,0,0,0,0,0,0,1,1,6,6,1,75,10,1598,2,5,VAUXHALL INSIGNIA,5,E01024198,0,-1
2021320709779,2021,320709779,1,8,0,9,9,7,5,0,0,6,0,0,0,0,1,1,1,1,1,38,7,1956,2,7,VAUXHALL INSIGNIA,1,E01026308,0,-1
2021170H10331,2021,170H10331,2,9,0,4,4,5,1,0,0,1,0,0,0,0,2,1,6,6,1,56,9,1956,2,12,VAUXHALL INSIGNIA,-1,-1,0,-1
2021991125774,2021,991125774,2,8,0,8,8,8,2,0,0,2,0,0,0,0,1,1,1,1,1,44,7,1598,2,5,VAUXHALL INSIGNIA,3,-1,0,-1
2021991121159,2021,991121159,1,9,0,18,19,7,3,0,0,0,0,0,0,0,1,1,5,6,2,32,6,1598,2,5,VAUXHALL INSIGNIA,2,-1,0,-1
2021421113499,2021,421113499,2,9,0,4,4,4,8,0,0,1,0,0,0,0,2,1,5,6,2,29,6,1956,2,7,VAUXHALL INSIGNIA,6,E01021404,0,-1
2021371027275,2021,371027275,3,9,0,-1,-1,-1,-1,-1,-1,0,-1,-1,-1,0,1,1,6,6,3,-1,-1,1956,2,10,VAUXHALL INSIGNIA,-1,-1,0,-1
2021440035286,2021,440035286,1,9,0,9,9,7,5,0,0,8,0,0,0,0,1,1,6,6,1,30,6,1956,2,10,VAUXHALL INSIGNIA,-1,-1,0,-1
2021320710165,2021,320710165,1,9,0,18,19,6,2,0,0,0,0,0,1,0,1,1,2,2,1,42,7,1956,2,10,VAUXHALL INSIGNIA,9,E01026118,0,-1
2021430584123,2021,430584123,2,9,0,1,1,8,2,0,0,0,0,0,0,0,4,1,6,6,1,40,7,1956,2,10,VAUXHALL INSIGNIA,4,E01016809,0,-1
2021991042714,2021,991042714,2,9,0,2,2,0,0,6,6,5,0,0,0,0,2,1,1,1,1,34,6,1956,2,9,VAUXHALL INSIGNIA,8,-1,0,-1
2021010315069,2021,010315069,1,9,0,3,3,5,1,0,0,3,0,0,0,0,2,1,6,6,2,50,8,1956,2,7,VAUXHALL INSIGNIA,4,E01000066,0,-1
2021101049803,2021,101049803,1,8,0,9,9,3,7,0,0,2,0,0,1,0,3,1,1,1,1,49,8,1956,2,11,VAUXHALL INSIGNIA,4,E01008347,0,-1
2021201143266,2021,201143266,2,9,0,18,19,6,2,0,0,0,0,0,0,0,2,1,6,6,1,28,6,1598,2,5,VAUXHALL INSIGNIA,2,E01010310,0,-1
202131D034421,2021,31D034421,1,9,0,18,19,6,2,0,0,4,0,0,0,0,1,1,6,6,1,42,7,1956,2,8,VAUXHALL INSIGNIA,5,E01028129,0,-1
2021231057635,2021,231057635,2,9,0,4,4,6,2,0,0,1,0,0,0,0,2,1,5,6,1,25,5,1796,1,8,VAUXHALL INSIGNIA,3,E01031264,0,-1
2021031030173,2021,031030173,1,9,0,18,19,2,6,0,0,0,0,4,0,0,1,1,6,6,1,58,9,1956,2,8,VAUXHALL INSIGNIA,5,E01019268,0,-1
2021440279107,2021,440279107,1,9,0,18,19,7,3,0,0,8,0,0,3,0,4,1,6,6,1,31,6,1598,1,7,VAUXHALL INSIGNIA,9,E01022836,0,-1
2021361053615,2021,361053615,2,9,0,18,19,3,7,0,0,2,0,0,0,0,1,1,5,6,1,30,6,1956,2,10,VAUXHALL INSIGNIA,5,E01028134,0,-1
2021531099306,2021,531099306,1,9,0,18,19,3,7,0,0,1,0,0,0,0,1,1,5,6,1,31,6,1956,2,7,VAUXHALL INSIGNIA,3,E01022286,0,-1
2021010287330,2021,010287330,2,9,0,99,99,9,9,99,99,9,9,99,9,99,9,9,6,6,3,-1,-1,1956,2,10,VAUXHALL INSIGNIA,-1,-1,0,-1
2021211031980,2021,211031980,2,9,0,18,19,8,3,0,0,0,0,0,0,0,4,1,1,1,1,33,6,1956,2,5,VAUXHALL INSIGNIA,-1,-1,0,-1
2021131108031,2021,131108031,1,9,0,18,19,5,1,0,0,0,1,7,8,1,1,1,6,6,1,23,5,1956,2,11,VAUXHALL INSIGNIA,5,E01032495,0,-1
2021010345630,2021,010345630,2,9,0,99,99,9,9,99,99,9,9,99,9,99,2,9,6,6,3,-1,-1,1796,1,12,VAUXHALL INSIGNIA,-1,-1,0,-1
2021302101012,2021,302101012,1,9,0,18,19,6,2,0,0,0,2,4,2,6,1,1,6,6,1,76,11,1956,2,10,VAUXHALL INSIGNIA,1,E01029835,0,-1
2021141082929,2021,141082929,2,9,0,18,19,3,7,0,0,1,0,0,0,0,1,1,6,6,2,57,9,1956,2,6,VAUXHALL INSIGNIA,1,E01007629,0,-1
2021010294467,2021,010294467,1,9,0,11,11,2,6,0,0,1,0,0,0,0,4,1,6,6,1,24,5,1796,1,12,VAUXHALL INSIGNIA,2,E01003546,0,-1
2021070430945,2021,070430945,1,9,0,18,19,5,1,0,0,8,1,10,0,11,2,1,6,6,1,23,5,1956,2,10,VAUXHALL INSIGNIA,3,E01007208,0,-1
2021010308042,2021,010308042,4,9,0,3,3,7,3,0,0,1,0,0,0,0,3,1,2,2,1,56,9,1956,2,5,VAUXHALL INSIGNIA,9,E01002339,0,-1
2021991093754,2021,991093754,1,9,0,9,9,6,8,0,0,5,0,0,0,0,1,1,6,6,1,52,8,1956,2,10,VAUXHALL INSIGNIA,3,-1,0,-1
2021052102197,2021,052102197,1,9,0,18,19,5,1,0,0,1,0,0,0,0,1,1,1,1,1,36,7,1956,2,10,VAUXHALL INSIGNIA,1,E01006731,0,-1
2021401044333,2021,401044333,4,9,0,2,2,0,0,0,0,0,0,0,0,0,2,1,6,6,3,-1,-1,1956,2,11,VAUXHALL INSIGNIA,-1,-1,0,-1
2021320645670,2021,320645670,2,9,0,4,4,6,2,0,0,0,0,0,0,0,2,1,6,6,1,44,7,1956,2,8,VAUXHALL INSIGNIA,2,E01009022,0,-1
2021991091667,2021,991091667,1,9,0,4,4,7,3,0,0,0,0,0,0,0,1,1,5,6,1,46,8,1956,2,4,VAUXHALL INSIGNIA,1,-1,0,-1
2021351117049,2021,351117049,2,9,0,3,3,3,7,0,0,0,0,0,0,0,2,1,2,2,1,47,8,1956,2,8,VAUXHALL INSIGNIA,2,E01015662,0,-1
2021141092795,2021,141092795,2,9,0,2,2,0,0,0,0,0,0,4,0,0,2,1,6,6,3,-1,-1,1956,2,10,VAUXHALL INSIGNIA,-1,-1,0,-1
2021461019208,2021,461019208,1,9,0,11,11,5,1,0,0,0,1,0,1,0,2,1,5,6,1,24,5,1490,1,3,VAUXHALL INSIGNIA,4,E01024647,0,-1
2021138180621,2021,138180621,1,9,0,18,19,6,3,0,0,0,0,0,0,0,3,1,6,6,1,47,8,1956,2,9,VAUXHALL INSIGNIA,3,E01010714,0,-1
2021440508974,2021,440508974,1,9,0,18,19,1,5,0,0,1,0,0,0,0,4,1,6,6,3,-1,-1,1796,1,5,VAUXHALL INSIGNIA,-1,-1,0,-1
2021161089117,2021,161089117,1,9,0,18,19,1,5,0,0,8,0,0,0,0,3,1,6,6,1,26,6,1956,2,12,VAUXHALL INSIGNIA,1,E01012846,0,-1
2021131098686,2021,131098686,1,9,0,16,19,5,1,0,0,8,0,11,0,0,4,1,1,1,1,61,9,1956,2,10,VAUXHALL INSIGNIA,1,E01010731,0,-1
2021440065344,2021,440065344,1,9,0,4,4,7,4,0,0,0,0,0,0,0,2,1,6,6,2,28,6,1956,2,10,VAUXHALL INSIGNIA,10,E01022687,0,-1
2021131048812,2021,131048812,2,9,0,9,9,5,3,0,0,8,0,0,0,0,1,1,1,1,1,23,5,1598,2,4,VAUXHALL INSIGNIA,1,E01010674,0,-1
2021170S10721,2021,170S10721,2,9,0,9,9,7,5,0,0,8,0,0,0,0,3,1,6,6,1,63,9,1956,2,9,VAUXHALL INSIGNIA,7,E01027603,0,-1
2021461114487,2021,461114487,2,9,0,9,9,3,1,0,0,0,0,0,0,0,3,1,6,6,1,30,6,1956,2,7,VAUXHALL INSIGNIA,7,E01032737,0,-1
2021461073081,2021,461073081,2,9,0,18,19,4,8,0,0,0,1,0,1,7,1,1,6,6,1,45,7,1598,2,6,VAUXHALL INSIGNIA,7,E01014651,0,-1
2021131038239,2021,131038239,3,9,0,2,2,0,0,9,9,0,0,0,0,0,2,1,6,6,3,-1,-1,1956,2,2,VAUXHALL INSIGNIA,-1,-1,0,-1
2021451126575,2021,451126575,2,9,0,18,19,7,3,0,0,8,0,0,0,0,1,1,5,6,1,37,7,1796,1,10,VAUXHALL INSIGNIA,7,E01001058,0,-1
2021471114802,2021,471114802,1,9,0,5,5,5,1,0,0,8,0,0,0,0,1,1,2,2,1,34,6,1796,1,12,VAUXHALL INSIGNIA,5,E01031394,0,-1
2021546045021,2021,546045021,2,9,0,4,4,4,2,0,0,1,0,0,0,0,2,1,6,6,2,57,9,1956,2,7,VAUXHALL INSIGNIA,9,E01032713,0,-1
202134WNC2811,2021,34WNC2811,1,9,0,9,9,5,3,0,0,8,0,0,0,0,1,1,6,6,1,37,7,1490,1,4,VAUXHALL INSIGNIA,4,E01032976,0,-1
2021010289130,2021,010289130,1,9,0,5,5,1,5,8,6,1,0,0,0,0,1,1,1,1,1,29,6,1956,2,10,VAUXHALL INSIGNIA,4,E01030745,0,-1
2021201028553,2021,201028553,1,9,0,7,7,7,1,0,0,6,0,0,0,0,1,1,6,6,1,28,6,1956,2,12,VAUXHALL INSIGNIA,2,E01010404,0,-1
2021061049003,2021,061049003,2,9,0,18,19,6,2,0,0,8,1,0,0,0,1,1,5,6,1,27,6,1956,2,11,VAUXHALL INSIGNIA,3,E01005604,0,-1
2021141063302,2021,141063302,3,9,0,18,19,3,7,0,0,2,0,0,0,0,2,1,5,6,2,32,6,1598,2,6,VAUXHALL INSIGNIA,3,E01007969,0,-1
2021101071674,2021,101071674,1,9,0,4,4,7,3,0,0,0,0,0,0,0,3,1,5,6,1,58,9,1796,1,12,VAUXHALL INSIGNIA,4,E01008347,0,-1
2021991035496,2021,991035496,1,9,0,18,19,7,3,0,0,0,0,0,0,0,1,1,1,1,1,25,5,1796,1,9,VAUXHALL INSIGNIA,2,-1,0,-1
2021010315860,2021,010315860,1,9,0,18,19,5,1,0,0,0,5,0,7,0,1,1,6,6,1,35,6,1956,2,9,VAUXHALL INSIGNIA,-1,-1,0,-1
2021531054703,2021,531054703,1,8,0,1,1,-1,-1,9,9,0,0,0,0,0,2,1,3,7,1,57,9,1956,2,7,VAUXHALL INSIGNIA,7,E01022300,0,-1
202131D172321,2021,31D172321,1,9,0,4,4,8,4,0,0,0,0,0,0,0,2,1,6,6,1,61,9,1598,2,6,VAUXHALL INSIGNIA,8,E01028176,0,-1
2021320683782,2021,320683782,3,9,0,18,19,2,6,0,0,0,0,0,0,0,2,1,6,6,1,50,8,1956,2,4,VAUXHALL INSIGNIA,-1,-1,0,-1
2021501066376,2021,501066376,2,9,0,18,19,3,7,0,0,0,0,0,0,0,2,1,2,2,1,58,9,1956,2,12,VAUXHALL INSIGNIA,4,E01020140,0,-1
2021010298319,2021,010298319,2,9,0,99,99,9,9,99,99,9,9,99,9,99,9,9,6,6,3,-1,-1,1956,2,11,VAUXHALL INSIGNIA,6,E01001607,0,-1
2021991110701,2021,991110701,1,9,0,18,19,2,6,0,0,8,0,0,0,0,1,1,5,6,1,66,10,1956,2,8,VAUXHALL INSIGNIA,-1,-1,0,-1
2021010327919,2021,010327919,1,8,0,9,9,5,2,0,0,5,0,0,0,0,1,1,6,6,1,47,8,1956,2,6,VAUXHALL INSIGNIA,3,E01003616,0,-1
2021201143234,2021,201143234,3,9,0,18,19,4,8,0,0,0,0,0,0,0,0,1,6,6,1,-1,-1,1598,2,4,VAUXHALL INSIGNIA,-1,-1,0,-1
2021320337944,2021,320337944,1,9,0,1,1,1,1,0,0,1,0,0,0,0,2,1,6,6,1,30,6,1956,2,12,VAUXHALL INSIGNIA,2,E01026030,0,-1
2021111030721,2021,111030721,1,9,0,4,4,8,2,6,6,7,1,11,3,4,1,1,5,6,1,31,6,1956,2,10,VAUXHALL INSIGNIA,10,E01012336,0,-1
2021440501884,2021,440501884,2,9,0,7,7,5,7,0,0,6,0,0,0,0,1,1,6,6,2,38,7,1598,2,6,VAUXHALL INSIGNIA,3,E01023107,0,-1
2021201060686,2021,201060686,4,9,0,2,2,0,0,9,9,0,0,0,0,0,3,1,6,6,3,-1,-1,1956,2,6,VAUXHALL INSIGNIA,-1,-1,0,-1
2021010305176,2021,010305176,1,9,0,3,3,1,5,0,0,3,0,0,0,0,2,1,2,2,1,46,8,1956,2,10,VAUXHALL INSIGNIA,5,E01022420,0,-1
2021061028703,2021,061028703,1,9,0,9,9,1,1,0,0,8,0,0,0,0,4,1,6,6,1,66,10,1956,2,10,VAUXHALL INSIGNIA,2,E01005105,0,-1
2021131037444,2021,131037444,2,9,0,18,19,7,7,0,0,2,0,0,0,0,2,1,6,6,2,42,7,1956,2,10,VAUXHALL INSIGNIA,2,E01010724,0,-1
2021010330977,2021,010330977,1,9,0,18,19,1,5,0,0,2,0,0,0,0,1,1,6,6,1,81,11,1956,2,10,VAUXHALL INSIGNIA,4,E01002699,0,-1
2021440170431,2021,440170431,4,9,0,4,4,7,3,0,0,0,0,0,0,0,2,1,6,6,1,52,8,1956,2,8,VAUXHALL INSIGNIA,2,E01017165,0,-1
2021371099008,2021,371099008,1,9,0,18,19,2,6,0,0,4,0,0,0,0,1,1,5,6,2,30,6,1956,2,7,VAUXHALL INSIGNIA,10,E01030129,0,-1
2021201081147,2021,201081147,1,9,0,18,19,-1,-1,0,0,8,0,0,0,0,1,1,1,1,1,49,8,1956,2,12,VAUXHALL INSIGNIA,2,E01009102,0,-1
202106L080143,2021,06L080143,2,9,0,9,9,2,6,0,0,0,0,0,0,0,1,1,6,6,2,30,6,1956,2,11,VAUXHALL INSIGNIA,2,E01006344,0,-1
2021401021623,2021,401021623,1,9,0,18,19,-1,-1,0,0,0,0,0,0,0,1,1,6,6,1,-1,-1,1796,1,12,VAUXHALL INSIGNIA,-1,-1,0,-1
2021131034451,2021,131034451,1,9,0,18,19,5,1,0,0,0,0,0,0,0,1,1,6,6,1,44,7,1796,1,9,VAUXHALL INSIGNIA,8,E01011514,0,-1
2021010287726,2021,010287726,2,9,0,10,10,7,5,0,0,6,0,0,0,0,3,1,6,6,1,21,5,1796,1,12,VAUXHALL INSIGNIA,3,E01003431,0,-1
202154A835821,2021,54A835821,1,9,0,18,19,5,1,0,0,4,0,0,0,0,1,1,1,1,1,39,7,1490,1,2,VAUXHALL INSIGNIA,4,E01033362,0,-1
2021101066098,2021,101066098,3,9,0,3,3,7,3,0,0,1,0,4,0,0,2,1,3,7,1,45,7,1956,2,9,VAUXHALL INSIGNIA,1,E01027424,0,-1
2021201084628,2021,201084628,1,9,0,18,19,4,8,0,0,0,0,7,6,4,4,1,6,6,1,53,8,1796,1,7,VAUXHALL INSIGNIA,4,E01032152,0,-1
2021501063616,2021,501063616,1,9,0,18,19,3,8,0,0,8,0,0,0,0,1,1,5,6,1,74,10,1956,2,6,VAUXHALL INSIGNIA,2,E01018897,0,-1
2021351107181,2021,351107181,2,9,0,18,19,5,1,0,0,8,0,0,0,0,2,1,2,2,1,54,8,1956,2,12,VAUXHALL INSIGNIA,4,E01015618,0,-1
2021501049202,2021,501049202,1,9,0,13,13,8,4,0,0,1,2,7,7,0,1,1,5,6,2,35,6,1956,2,9,VAUXHALL INSIGNIA,5,E01020020,0,-1
2021131102374,2021,131102374,1,9,0,-1,-1,-1,-1,-1,-1,-1,-1,-1,-1,-1,-1,1,6,6,3,-1,-1,1956,2,11,VAUXHALL INSIGNIA,-1,-1,0,-1
2021061068813,2021,061068813,3,9,0,18,19,2,6,0,0,0,0,0,0,0,1,1,6,6,1,50,8,1796,1,11,VAUXHALL INSIGNIA,5,E01004888,0,-1
2021010293722,2021,010293722,4,9,0,4,4,5,1,0,0,1,0,0,0,0,1,1,1,1,1,36,7,1956,2,7,VAUXHALL INSIGNIA,4,E01004643,0,-1
2021991069537,2021,991069537,1,9,0,18,19,7,3,0,0,8,0,0,0,0,1,1,6,6,1,21,5,1598,2,4,VAUXHALL INSIGNIA,2,-1,0,-1
2021101118995,2021,101118995,1,9,0,1,1,5,1,0,0,0,0,0,0,0,2,1,6,6,1,26,6,1956,2,12,VAUXHALL INSIGNIA,1,E01008399,0,-1
2021070808175,2021,070808175,2,9,0,18,19,1,5,0,0,8,0,0,0,0,1,1,6,6,1,54,8,1598,2,5,VAUXHALL INSIGNIA,9,E01012569,0,-1
2021052100612,2021,052100612,1,9,0,6,6,1,1,0,0,0,0,0,0,0,3,1,2,2,1,31,6,1490,1,3,VAUXHALL INSIGNIA,5,E01032905,0,-1
2021010288585,2021,010288585,2,9,0,18,19,8,4,0,0,8,0,0,0,0,1,1,6,6,3,-1,-1,1956,2,6,VAUXHALL INSIGNIA,-1,-1,0,-1
2021430138468,2021,430138468,2,9,0,18,19,3,7,0,0,0,0,0,0,0,4,1,6,6,1,35,6,1956,2,5,VAUXHALL INSIGNIA,10,E01016290,0,-1
2021201092923,2021,201092923,2,9,0,18,19,8,4,0,0,8,0,0,0,0,3,1,6,6,1,-1,-1,1956,2,7,VAUXHALL INSIGNIA,-1,-1,0,-1
2021351093838,2021,351093838,2,9,0,16,19,7,1,0,0,0,0,0,0,0,3,1,1,1,2,32,6,1956,2,11,VAUXHALL INSIGNIA,1,E01015642,0,-1
2021041107201,2021,041107201,1,9,0,9,9,5,1,0,0,0,0,0,0,0,3,1,1,1,1,30,6,1956,2,12,VAUXHALL INSIGNIA,8,E01012636,0,-1
2021010328294,2021,010328294,1,9,0,4,4,7,3,0,0,0,0,0,0,0,2,1,2,2,1,31,6,1956,2,7,VAUXHALL INSIGNIA,4,E01032507,0,-1
2021430382995,2021,430382995,1,9,0,5,5,3,7,0,0,1,0,0,0,0,1,1,6,6,1,55,8,1956,2,10,VAUXHALL INSIGNIA,4,E01015443,0,-1
2021041073705,2021,041073705,2,9,0,3,3,3,7,0,0,0,0,0,0,0,2,1,5,6,1,37,7,1956,2,7,VAUXHALL INSIGNIA,9,E01007893,0,-1
2021161122387,2021,161122387,2,9,0,18,19,7,3,0,0,3,0,0,0,0,4,1,5,6,1,63,9,1956,2,7,VAUXHALL INSIGNIA,9,E01013243,0,-1
2021010305394,2021,010305394,1,9,0,99,99,9,9,99,99,9,9,99,9,99,9,9,6,6,1,35,6,1956,2,9,VAUXHALL INSIGNIA,6,E01000590,0,-1
2021111080892,2021,111080892,2,9,0,3,3,1,5,0,0,1,0,0,0,0,2,1,1,1,1,58,9,1956,2,10,VAUXHALL INSIGNIA,9,E01008674,0,-1
2021061059872,2021,061059872,1,9,0,16,19,3,7,0,0,1,0,0,0,0,1,1,6,6,1,20,4,1956,2,12,VAUXHALL INSIGNIA,-1,-1,0,-1
2021161064527,2021,161064527,2,9,0,5,5,7,3,0,0,8,0,0,0,0,1,1,6,6,1,47,8,1490,1,3,VAUXHALL INSIGNIA,-1,-1,0,-1
2021052102300,2021,052102300,1,8,0,18,19,3,7,0,0,1,0,0,0,0,1,1,1,1,1,35,6,1956,2,6,VAUXHALL INSIGNIA,2,E01006744,0,-1
2021161090623,2021,161090623,1,9,0,9,9,6,3,0,0,5,0,0,0,0,1,1,1,1,1,48,8,1956,2,8,VAUXHALL INSIGNIA,1,E01013221,0,-1
2021041101666,2021,041101666,1,9,0,18,19,5,1,0,0,0,0,0,0,0,1,1,2,2,2,31,6,1956,2,12,VAUXHALL INSIGNIA,9,E01005715,0,-1
2021430571095,2021,430571095,3,9,0,18,19,0,0,0,0,0,0,0,0,0,0,1,6,6,3,-1,-1,1796,1,10,VAUXHALL INSIGNIA,-1,-1,0,-1
2021531073744,2021,531073744,2,9,0,18,19,7,3,0,0,0,0,0,1,9,3,1,6,6,2,36,7,1956,2,9,VAUXHALL INSIGNIA,7,E01022179,0,-1
2021201145903,2021,201145903,1,9,0,18,19,6,2,0,0,4,0,0,0,0,1,1,6,6,2,-1,-1,1796,1,9,VAUXHALL INSIGNIA,8,E01009464,0,-1
2021101124681,2021,101124681,1,9,0,18,19,4,8,0,0,1,0,0,0,0,1,1,5,6,1,48,8,1956,2,10,VAUXHALL INSIGNIA,2,E01008509,0,-1
2021991089262,2021,991089262,1,9,0,9,9,7,5,0,0,2,0,0,0,0,3,1,2,2,1,49,8,1956,2,6,VAUXHALL INSIGNIA,1,-1,0,-1
2021520101844,2021,520101844,3,9,0,18,19,4,8,0,0,0,0,0,0,0,2,1,6,6,1,28,6,1956,2,8,VAUXHALL INSIGNIA,3,E01014841,0,-1
2021010324921,2021,010324921,1,9,0,99,99,9,9,99,99,0,9,99,9,99,0,9,6,6,1,61,9,1956,2,6,VAUXHALL INSIGNIA,1,E01010283,0,-1
2021131038843,2021,131038843,3,9,0,2,2,0,0,9,9,8,0,0,1,0,4,2,6,6,3,-1,-1,1956,2,11,VAUXHALL INSIGNIA,-1,-1,0,-1
2021010319071,2021,010319071,1,9,0,8,8,1,4,0,0,5,0,0,0,0,2,1,6,6,1,43,7,1956,2,2,VAUXHALL INSIGNIA,2,E01002051,0,-1
2021061115870,2021,061115870,1,9,0,18,19,8,4,0,0,5,0,0,0,0,1,1,6,6,3,30,6,1956,2,10,VAUXHALL INSIGNIA,1,E01033217,0,-1
202131A085021,2021,31A085021,1,9,0,18,19,6,2,0,0,0,0,0,0,0,1,1,6,6,2,36,7,1598,2,4,VAUXHALL INSIGNIA,5,E01027932,0,-1
2021141088530,2021,141088530,2,9,0,9,9,7,5,0,0,6,0,0,0,0,4,1,2,2,1,55,8,1598,2,3,VAUXHALL INSIGNIA,1,E01007377,0,-1
2021201133271,2021,201133271,1,9,0,3,3,1,5,0,0,0,0,0,0,0,3,1,6,6,1,26,6,1956,2,7,VAUXHALL INSIGNIA,8,E01009434,0,-1
2021612100071,2021,612100071,2,9,0,18,19,6,2,0,0,0,0,0,0,0,1,1,6,6,1,55,8,1956,2,8,VAUXHALL INSIGNIA,1,W01001292,0,-1
2021141109790,2021,141109790,1,9,0,5,5,4,2,0,0,6,0,0,0,0,1,1,5,6,1,29,6,1796,1,10,VAUXHALL INSIGNIA,7,E01028154,0,-1
2021320630196,2021,320630196,2,9,0,2,2,0,0,0,0,0,0,0,0,0,1,1,6,6,3,-1,-1,1956,2,7,VAUXHALL INSIGNIA,-1,-1,0,-1
2021411087494,2021,411087494,1,9,0,18,19,6,2,0,0,6,0,0,0,0,1,1,6,6,2,43,7,1956,2,9,VAUXHALL INSIGNIA,1,E01002071,0,-1
2021061138431,2021,061138431,1,9,0,9,9,6,4,0,0,1,0,0,0,0,1,1,6,6,3,30,6,1956,2,8,VAUXHALL INSIGNIA,-1,-1,0,-1
2021161107419,2021,161107419,1,9,0,18,19,2,6,0,0,1,0,0,0,0,4,1,5,6,1,50,8,1956,2,3,VAUXHALL INSIGNIA,2,E01011378,0,-1
2021010299564,2021,010299564,1,9,0,6,6,7,7,0,0,1,0,0,0,0,1,1,6,6,1,29,6,1598,2,5,VAUXHALL INSIGNIA,6,E01000942,0,-1
2021231047319,2021,231047319,2,9,0,9,9,5,3,0,0,5,0,0,0,0,3,1,5,6,2,63,9,1796,1,12,VAUXHALL INSIGNIA,7,E01031247,0,-1
2021461058176,2021,461058176,1,9,0,18,19,7,3,0,0,0,0,4,0,0,4,1,3,7,1,70,10,1956,2,10,VAUXHALL INSIGNIA,10,E01024147,0,-1
2021501073959,2021,501073959,3,9,0,2,2,0,0,0,0,0,0,4,0,0,2,1,6,6,1,56,9,1956,2,9,VAUXHALL INSIGNIA,9,E01019958,0,-1
2021052100127,2021,052100127,2,9,0,18,19,6,2,0,0,4,0,0,0,0,1,1,1,1,1,47,8,1956,2,6,VAUXHALL INSIGNIA,2,E01006751,0,-1
2021531072240,2021,531072240,3,9,0,2,2,0,0,0,0,0,0,4,0,0,1,1,6,6,3,-1,-1,1956,2,12,VAUXHALL INSIGNIA,-1,-1,0,-1
2021052101307,2021,052101307,1,9,0,4,4,5,1,0,0,1,0,0,0,0,4,1,6,6,1,65,9,1796,1,10,VAUXHALL INSIGNIA,7,E01006884,0,-1
2021302100949,2021,302100949,1,9,0,11,11,5,1,0,0,0,0,0,0,0,4,1,6,6,3,-1,-1,1956,2,9,VAUXHALL INSIGNIA,5,E01019456,0,-1
2021421090064,2021,421090064,1,9,0,18,19,7,3,0,0,1,0,0,0,0,1,1,6,6,1,27,6,1598,2,5,VAUXHALL INSIGNIA,3,E01001493,0,-1
2021101100381,2021,101100381,1,9,0,4,4,-1,-1,0,0,0,0,4,0,0,1,1,6,6,1,-1,-1,1956,2,8,VAUXHALL INSIGNIA,-1,-1,0,-1
202131B082221,2021,31B082221,1,9,0,18,19,1,5,0,0,4,0,0,0,0,1,1,6,6,1,39,7,1956,2,8,VAUXHALL INSIGNIA,2,E01026375,0,-1
2021411097389,2021,411097389,2,9,0,3,3,5,1,0,0,3,0,0,0,0,2,1,2,2,1,34,6,1598,2,6,VAUXHALL INSIGNIA,6,E01023855,0,-1
2021991055685,2021,991055685,1,9,0,13,13,1,5,0,0,0,0,0,0,0,1,1,6,6,1,33,6,1490,1,4,VAUXHALL INSIGNIA,6,-1,0,-1
2021161059325,2021,161059325,2,9,0,18,19,1,4,0,0,1,0,0,0,0,1,1,1,1,1,32,6,1956,2,12,VAUXHALL INSIGNIA,1,E01012894,0,-1
2021122200073,2021,122200073,1,9,0,18,19,5,1,0,0,0,0,0,0,0,1,1,6,6,1,28,6,1956,2,9,VAUXHALL INSIGNIA,3,E01020768,0,-1
2021440313850,2021,440313850,1,9,0,6,6,6,6,0,0,0,0,0,0,0,3,1,6,6,1,41,7,1956,2,8,VAUXHALL INSIGNIA,-1,-1,0,-1
2021131100420,2021,131100420,1,9,0,18,19,5,1,0,0,0,0,0,1,0,1,1,5,6,1,29,6,1598,2,5,VAUXHALL INSIGNIA,9,E01011296,0,-1
2021070361081,2021,070361081,2,9,0,18,19,6,2,0,0,0,0,0,0,0,2,1,6,6,1,50,8,1598,2,5,VAUXHALL INSIGNIA,5,E01018717,0,-1
2021052100706,2021,052100706,1,9,0,9,9,1,7,0,0,8,0,0,0,0,1,1,6,6,1,52,8,1796,1,10,VAUXHALL INSIGNIA,3,E01006719,0,-1
2021411067943,2021,411067943,1,9,0,18,19,-1,-1,0,0,0,0,0,0,0,1,1,6,6,1,-1,-1,1598,2,5,VAUXHALL INSIGNIA,-1,-1,0,-1
2021201132840,2021,201132840,1,9,0,5,5,7,4,9,9,6,0,0,0,0,1,1,2,2,3,-1,-1,1796,7,9,VAUXHALL INSIGNIA,-1,-1,0,-1