collision_index,collision_year,collision_ref_no,vehicle_reference,vehicle_type,towing_and_articulation,vehicle_manoeuvre_historic,vehicle_manoeuvre,vehicle_direction_from,vehicle_direction_to,vehicle_location_restricted_lane_historic,vehicle_location_restricted_lane,junction_location,skidding_and_overturning,hit_object_in_carriageway,vehicle_leaving_carriageway,hit_object_off_carriageway,first_point_of_impact,vehicle_left_hand_drive,journey_purpose_of_driver_historic,journey_purpose_of_driver,sex_of_driver,age_of_driver,age_band_of_driver,engine_capacity_cc,propulsion_code,age_of_vehicle,generic_make_model,driver_imd_decile,lsoa_of_driver,escooter_flag,driver_distance_banding
2021430463581,2021,430463581,1,9,0,18,19,4,8,0,0,0,0,0,0,0,1,1,6,6,1,19,4,1390,1,10,VOLKSWAGEN SCIROCCO,6,E01016268,0,-1
202134WNC3051,2021,34WNC3051,1,9,0,6,6,1,5,0,0,8,0,0,0,0,1,1,6,6,1,18,4,1968,2,10,VOLKSWAGEN SCIROCCO,9,E01027353,0,-1
2021131078158,2021,131078158,1,9,0,1,1,7,3,0,0,8,0,0,0,0,2,1,6,6,3,-1,-1,1390,1,8,VOLKSWAGEN SCIROCCO,-1,-1,0,-1
2021501112590,2021,501112590,3,9,0,2,2,0,0,0,0,0,0,0,0,0,2,1,6,6,1,-1,-1,1395,1,6,VOLKSWAGEN SCIROCCO,3,E01012653,0,-1
2021010340940,2021,010340940,1,9,0,9,9,7,4,0,0,8,0,0,0,0,1,1,6,6,1,36,7,1984,1,12,VOLKSWAGEN SCIROCCO,3,E01001805,0,-1
2021010322751,2021,010322751,2,9,0,99,99,9,9,99,99,9,9,99,9,99,3,9,6,6,3,33,6,1968,2,12,VOLKSWAGEN SCIROCCO,6,E01021380,0,-1
2021010348379,2021,010348379,2,9,0,5,5,0,5,0,0,1,0,0,0,0,1,1,6,6,3,-1,-1,1968,2,12,VOLKSWAGEN SCIROCCO,-1,-1,0,-1
2021531132292,2021,531132292,1,9,0,9,9,-1,-1,0,0,1,0,0,0,0,1,1,6,6,1,29,6,1968,2,12,VOLKSWAGEN SCIROCCO,4,E01022440,0,-1
2021061076496,2021,061076496,2,9,0,18,19,7,3,0,0,1,0,0,0,0,1,1,5,6,2,22,5,1968,2,9,VOLKSWAGEN SCIROCCO,1,E01011466,0,-1
2021461061513,2021,461061513,1,9,0,18,19,1,4,0,0,2,0,0,0,0,0,1,2,2,1,29,6,1984,1,6,VOLKSWAGEN SCIROCCO,1,E01024657,0,-1
2021070801018,2021,070801018,1,9,0,4,4,1,5,0,0,1,0,0,0,0,1,1,2,2,1,23,5,1968,2,9,VOLKSWAGEN SCIROCCO,4,E01018402,0,-1
2021451060114,2021,451060114,1,9,0,18,19,1,5,0,0,1,5,0,0,0,1,1,6,6,1,49,8,1390,1,10,VOLKSWAGEN SCIROCCO,5,E01030609,0,-1
2021471097409,2021,471097409,2,9,0,18,19,3,7,0,0,1,0,0,0,0,1,2,2,2,1,-1,-1,1984,1,12,VOLKSWAGEN SCIROCCO,2,E01021014,0,-1
2021131039279,2021,131039279,1,9,0,18,19,5,1,0,0,4,0,0,0,0,1,1,6,6,3,32,6,1968,2,6,VOLKSWAGEN SCIROCCO,-1,-1,0,-1
2021440032680,2021,440032680,1,9,0,18,19,3,7,0,0,0,0,0,0,0,1,1,6,6,1,29,6,1984,1,12,VOLKSWAGEN SCIROCCO,4,E01032847,0,-1
2021991039397,2021,991039397,1,9,0,17,19,2,7,0,0,1,0,0,0,0,1,1,5,6,1,18,4,1968,2,7,VOLKSWAGEN SCIROCCO,8,-1,0,-1
2021371080319,2021,371080319,1,9,0,18,19,6,2,0,0,0,0,0,0,0,1,1,1,1,1,30,6,1390,1,8,VOLKSWAGEN SCIROCCO,4,E01021642,0,-1
2021161108161,2021,161108161,2,9,0,9,9,4,1,0,0,1,0,0,0,0,3,1,6,6,2,43,7,1390,1,11,VOLKSWAGEN SCIROCCO,1,E01012850,0,-1
2021052101031,2021,052101031,3,9,0,18,19,3,7,0,0,0,0,0,0,0,2,1,6,6,2,27,6,1968,2,11,VOLKSWAGEN SCIROCCO,7,E01007002,0,-1
2021991113922,2021,991113922,1,9,0,9,9,6,4,0,0,8,0,0,0,0,1,1,5,6,1,24,5,1968,2,12,VOLKSWAGEN SCIROCCO,5,-1,0,-1
2021201147331,2021,201147331,1,9,0,18,19,4,8,0,0,8,0,0,0,0,1,1,6,6,1,27,6,1390,1,11,VOLKSWAGEN SCIROCCO,2,E01010284,0,-1
202134NNC6181,2021,34NNC6181,2,9,0,18,19,7,3,0,0,0,0,0,0,0,2,1,2,2,2,34,6,1395,1,5,VOLKSWAGEN SCIROCCO,4,E01027327,0,-1
2021131099090,2021,131099090,1,9,0,-1,-1,-1,-1,-1,-1,8,-1,-1,-1,0,-1,1,6,6,3,-1,-1,1984,1,5,VOLKSWAGEN SCIROCCO,-1,-1,0,-1
2021549141421,2021,549141421,1,9,0,12,12,5,3,0,0,3,0,0,0,0,3,1,6,6,1,32,6,1968,2,12,VOLKSWAGEN SCIROCCO,6,E01031842,0,-1
2021622100479,2021,622100479,1,9,0,18,19,4,8,0,0,4,0,0,0,0,2,1,6,6,1,69,10,1968,2,5,VOLKSWAGEN SCIROCCO,7,W01000982,0,-1
2021440454347,2021,440454347,2,9,0,6,6,1,5,0,0,0,0,0,0,0,0,1,6,6,2,46,8,1968,2,9,VOLKSWAGEN SCIROCCO,5,E01017084,0,-1
2021061079312,2021,061079312,1,9,0,18,19,2,6,0,0,0,0,0,0,0,1,1,6,6,2,39,7,1968,2,8,VOLKSWAGEN SCIROCCO,4,E01006049,0,-1
2021451016437,2021,451016437,2,9,0,18,19,6,2,0,0,8,0,0,0,0,1,1,5,6,1,44,7,1984,1,4,VOLKSWAGEN SCIROCCO,5,E01030739,0,-1
2021221088065,2021,221088065,3,9,0,18,19,7,3,0,0,4,0,0,0,0,1,1,2,2,2,30,6,1968,2,5,VOLKSWAGEN SCIROCCO,7,E01029694,0,-1
2021461124114,2021,461124114,1,9,0,18,19,5,1,0,0,0,0,0,0,0,4,1,5,6,1,28,6,1968,2,11,VOLKSWAGEN SCIROCCO,6,E01016142,0,-1
2021131058618,2021,131058618,1,9,0,14,14,8,4,0,0,1,0,0,0,0,4,1,5,6,1,31,6,1968,2,10,VOLKSWAGEN SCIROCCO,8,E01011514,0,-1
2021461069967,2021,461069967,1,9,0,18,19,5,1,0,0,0,0,0,0,0,1,1,6,6,1,23,5,1968,2,9,VOLKSWAGEN SCIROCCO,9,E01023993,0,-1
2021471042508,2021,471042508,1,9,0,18,19,1,5,0,0,0,0,0,0,0,1,1,1,1,1,47,8,1968,2,10,VOLKSWAGEN SCIROCCO,6,E01031692,0,-1
2021361040862,2021,361040862,2,9,0,18,19,7,3,0,0,1,0,0,0,0,1,1,6,6,2,26,6,1968,2,11,VOLKSWAGEN SCIROCCO,5,E01026724,0,-1
2021201136160,2021,201136160,1,9,0,12,12,8,4,0,0,7,0,0,0,0,1,1,2,2,1,31,6,1968,2,10,VOLKSWAGEN SCIROCCO,5,E01010014,0,-1
2021430428752,2021,430428752,2,9,0,9,9,8,5,0,0,6,0,0,0,0,1,1,6,6,1,65,9,1390,1,12,VOLKSWAGEN SCIROCCO,9,E01017714,0,-1
2021070706918,2021,070706918,2,9,0,18,19,4,8,0,0,2,0,0,0,0,1,1,6,6,1,29,6,1968,2,9,VOLKSWAGEN SCIROCCO,2,E01018525,0,-1
2021201044752,2021,201044752,1,9,0,18,19,2,6,0,0,8,0,10,1,0,1,1,6,6,1,-1,-1,1984,1,13,VOLKSWAGEN SCIROCCO,-1,-1,0,-1
2021991076050,2021,991076050,1,9,0,18,19,4,8,0,0,0,5,0,1,11,1,1,6,6,2,48,8,1968,2,4,VOLKSWAGEN SCIROCCO,7,-1,0,-1
2021010298730,2021,010298730,1,9,0,18,19,1,5,0,0,1,0,0,0,0,2,1,6,6,1,24,5,1984,1,5,VOLKSWAGEN SCIROCCO,1,E01004757,0,-1
2021010343353,2021,010343353,1,9,0,99,99,9,9,99,99,9,9,99,9,99,9,9,6,6,3,-1,-1,1390,1,12,VOLKSWAGEN SCIROCCO,9,E01003894,0,-1
2021161114231,2021,161114231,2,9,0,18,19,8,4,0,0,0,0,0,0,0,1,1,6,6,2,-1,-1,1968,2,11,VOLKSWAGEN SCIROCCO,-1,-1,0,-1
2021070667261,2021,070667261,1,9,0,9,9,7,5,0,0,8,0,0,0,0,3,1,6,6,2,59,9,1395,1,4,VOLKSWAGEN SCIROCCO,8,E01018623,0,-1
2021141085996,2021,141085996,2,9,0,18,19,6,2,0,0,8,0,0,1,1,4,1,5,6,2,29,6,1968,2,9,VOLKSWAGEN SCIROCCO,5,E01008051,0,-1
2021161111715,2021,161111715,1,9,0,5,5,8,4,0,0,8,0,0,0,0,1,1,2,2,1,59,9,1968,2,6,VOLKSWAGEN SCIROCCO,5,E01013306,0,-1
2021201083178,2021,201083178,2,9,0,18,19,2,6,0,0,2,0,10,7,5,1,1,6,6,1,23,5,1968,2,10,VOLKSWAGEN SCIROCCO,2,E01010500,0,-1
2021991113074,2021,991113074,3,9,0,2,2,6,2,0,0,0,0,0,0,0,2,1,5,6,2,50,8,1395,1,5,VOLKSWAGEN SCIROCCO,10,-1,0,-1
2021031057457,2021,031057457,1,9,0,18,19,1,5,0,0,0,1,0,0,0,1,1,5,6,2,33,6,1968,2,11,VOLKSWAGEN SCIROCCO,2,-1,0,-1
2021421114797,2021,421114797,2,9,0,18,19,4,8,0,0,8,0,0,0,0,1,1,6,6,1,25,5,1390,1,7,VOLKSWAGEN SCIROCCO,10,E01021614,0,-1
2021320673626,2021,320673626,1,9,0,16,19,1,5,0,0,0,0,0,7,9,3,1,2,2,2,34,6,1968,2,10,VOLKSWAGEN SCIROCCO,1,E01026383,0,-1
2021501143192,2021,501143192,1,9,0,18,19,4,8,0,0,0,0,0,0,0,1,1,2,2,1,23,5,1968,2,9,VOLKSWAGEN SCIROCCO,6,E01020202,0,-1
2021070853151,2021,070853151,1,9,0,18,19,5,1,0,0,0,0,0,0,0,1,1,6,6,1,-1,-1,1984,1,3,VOLKSWAGEN SCIROCCO,6,E01018352,0,-1
2021061126671,2021,061126671,1,9,0,17,19,4,7,0,0,8,1,10,3,1,1,1,5,6,1,52,8,1968,2,12,VOLKSWAGEN SCIROCCO,-1,-1,0,-1
2021622100485,2021,622100485,2,9,0,18,19,2,6,0,0,0,0,0,0,0,1,1,6,6,1,24,5,1968,2,9,VOLKSWAGEN SCIROCCO,3,W01001489,0,-1
2021010344988,2021,010344988,1,9,0,18,19,1,5,0,0,0,5,10,2,11,1,1,6,6,1,28,6,1968,2,11,VOLKSWAGEN SCIROCCO,-1,-1,0,-1
2021411113298,2021,411113298,3,9,0,4,4,5,1,0,0,0,0,0,0,0,2,1,6,6,1,-1,-1,1395,1,6,VOLKSWAGEN SCIROCCO,8,E01023478,0,-1
2021138381558,2021,138381558,2,9,0,18,19,5,1,0,0,1,0,0,0,0,1,1,6,6,1,20,4,1390,1,11,VOLKSWAGEN SCIROCCO,2,E01011837,0,-1
2021361099934,2021,361099934,4,9,0,18,19,8,4,0,0,0,0,0,0,0,1,1,5,6,1,34,6,1968,2,11,VOLKSWAGEN SCIROCCO,8,E01030132,0,-1
2021010300995,2021,010300995,1,9,0,18,19,5,1,0,0,1,1,0,1,1,1,1,6,6,1,32,6,1968,2,6,VOLKSWAGEN SCIROCCO,-1,-1,0,-1
2021461052685,2021,461052685,1,9,0,18,19,5,1,0,0,0,0,0,0,0,3,1,5,6,2,46,8,1968,2,7,VOLKSWAGEN SCIROCCO,9,E01016053,0,-1
2021501129704,2021,501129704,1,9,0,18,19,2,6,0,0,0,0,0,0,0,1,1,5,6,2,22,5,1968,2,5,VOLKSWAGEN SCIROCCO,7,E01020043,0,-1
2021401047718,2021,401047718,1,9,0,18,19,1,5,0,0,1,0,0,0,0,1,1,6,6,1,-1,-1,1968,2,10,VOLKSWAGEN SCIROCCO,-1,-1,0,-1
2021622100617,2021,622100617,1,9,0,18,19,4,8,0,0,0,2,0,1,2,4,1,6,6,1,32,6,1984,1,12,VOLKSWAGEN SCIROCCO,6,W01000666,0,-1
2021421022905,2021,421022905,1,9,0,7,7,8,3,0,0,4,0,0,0,0,1,1,6,6,1,29,6,1968,2,10,VOLKSWAGEN SCIROCCO,6,E01021705,0,-1
2021010348008,2021,010348008,2,9,9,99,99,9,9,99,99,0,9,99,9,99,1,9,6,6,3,-1,-1,1390,1,10,VOLKSWAGEN SCIROCCO,4,E01032343,0,-1
2021070206277,2021,070206277,2,9,0,11,11,4,8,9,9,0,5,0,1,11,4,1,6,6,2,20,4,1968,2,10,VOLKSWAGEN SCIROCCO,2,E01033303,0,-1
2021991098008,2021,991098008,1,9,0,9,9,7,5,0,0,5,0,0,0,0,1,1,6,6,1,35,6,1968,2,11,VOLKSWAGEN SCIROCCO,6,-1,0,-1
202131C099421,2021,31C099421,2,9,0,4,4,7,3,0,0,1,0,0,0,0,1,1,6,6,1,32,6,1984,1,8,VOLKSWAGEN SCIROCCO,3,E01033397,0,-1
2021010313839,2021,010313839,1,9,0,18,19,1,5,0,0,0,5,0,1,0,1,1,2,2,1,38,7,1968,2,6,VOLKSWAGEN SCIROCCO,-1,-1,0,-1
2021161078360,2021,161078360,1,9,0,18,19,8,4,0,0,2,0,0,0,0,1,1,6,6,2,55,8,1968,2,5,VOLKSWAGEN SCIROCCO,4,E01013146,0,-1
2021010346773,2021,010346773,1,9,0,16,19,1,5,9,9,0,0,10,0,0,4,1,6,6,1,24,5,1395,1,4,VOLKSWAGEN SCIROCCO,5,E01001105,0,-1
2021610064521,2021,610064521,1,9,0,18,19,7,3,0,0,0,0,0,0,0,1,1,6,6,1,-1,-1,1968,2,5,VOLKSWAGEN SCIROCCO,-1,-1,0,-1
2021010345267,2021,010345267,1,9,0,99,99,9,9,99,99,0,9,99,9,99,2,9,2,2,1,21,5,1968,2,12,VOLKSWAGEN SCIROCCO,7,E01021582,0,-1
2021061119498,2021,061119498,2,9,0,18,19,7,3,0,0,0,0,0,0,0,1,1,5,6,1,32,6,1390,1,11,VOLKSWAGEN SCIROCCO,6,E01001270,0,-1
2021122200068,2021,122200068,1,9,0,17,19,5,1,0,0,0,1,0,2,7,1,1,6,6,1,34,6,1968,2,10,VOLKSWAGEN SCIROCCO,1,E01008398,0,-1
2021371039632,2021,371039632,2,9,0,2,2,0,0,6,6,0,0,0,0,0,3,1,6,6,3,-1,-1,1968,2,10,VOLKSWAGEN SCIROCCO,-1,-1,0,-1
2021991038931,2021,991038931,1,9,0,18,19,8,4,0,0,4,0,0,0,0,1,1,6,6,2,42,7,1968,2,12,VOLKSWAGEN SCIROCCO,5,-1,0,-1
2021010337964,2021,010337964,2,9,0,18,19,1,5,0,0,1,0,0,0,0,1,1,6,6,1,26,6,1390,1,10,VOLKSWAGEN SCIROCCO,5,E01002625,0,-1
2021451043762,2021,451043762,1,9,0,9,9,4,6,0,0,0,0,0,0,0,1,1,6,6,2,22,5,1390,1,11,VOLKSWAGEN SCIROCCO,5,E01022576,0,-1
2021131081703,2021,131081703,1,9,0,7,7,3,2,0,0,8,0,0,0,0,1,1,6,6,1,24,5,1984,1,9,VOLKSWAGEN SCIROCCO,3,E01011806,0,-1
2021411078192,2021,411078192,2,9,0,18,19,2,6,0,0,0,0,0,0,0,2,1,5,6,1,22,5,1984,2,5,VOLKSWAGEN SCIROCCO,6,E01023929,0,-1
2021010325057,2021,010325057,2,9,0,18,19,1,5,0,0,4,1,0,3,0,1,1,6,6,1,27,6,1968,2,11,VOLKSWAGEN SCIROCCO,-1,-1,0,-1
2021430145580,2021,430145580,2,9,0,18,19,8,4,0,0,8,0,0,0,0,1,1,6,6,2,24,5,1395,1,5,VOLKSWAGEN SCIROCCO,8,E01023136,0,-1
2021201076278,2021,201076278,2,9,0,18,19,4,8,0,0,8,0,10,1,10,3,1,1,1,1,34,6,1390,1,10,VOLKSWAGEN SCIROCCO,1,E01009540,0,-1
2021302100210,2021,302100210,1,9,0,18,19,4,8,0,0,1,0,0,0,0,3,1,6,6,1,22,5,1968,2,11,VOLKSWAGEN SCIROCCO,3,E01019730,0,-1
2021161124972,2021,161124972,1,9,0,3,3,8,4,0,0,4,0,0,6,0,2,1,2,2,1,44,7,1984,1,11,VOLKSWAGEN SCIROCCO,7,E01012815,0,-1
2021010346293,2021,010346293,2,9,0,5,5,3,7,0,0,6,0,0,0,0,3,1,6,6,2,40,7,1390,1,11,VOLKSWAGEN SCIROCCO,2,E01002784,0,-1
2021161035316,2021,161035316,1,9,0,18,19,2,6,0,0,0,0,4,0,0,4,1,5,6,1,24,5,1968,2,12,VOLKSWAGEN SCIROCCO,1,E01012798,0,-1
2021131079659,2021,131079659,1,9,0,11,11,1,5,0,0,0,0,0,0,0,3,1,6,6,1,29,6,1390,1,10,VOLKSWAGEN SCIROCCO,1,E01011623,0,-1
2021170S11411,2021,170S11411,2,9,0,18,19,1,5,0,0,8,0,0,0,0,1,1,6,6,1,-1,-1,1968,2,11,VOLKSWAGEN SCIROCCO,1,E01012352,0,-1
2021440282960,2021,440282960,2,9,0,2,2,0,0,0,0,0,0,0,7,0,2,1,6,6,3,-1,-1,1984,1,13,VOLKSWAGEN SCIROCCO,-1,-1,0,-1
2021461046111,2021,461046111,1,9,0,7,7,4,8,0,0,4,0,0,0,0,1,1,5,6,1,23,5,1395,1,6,VOLKSWAGEN SCIROCCO,3,E01024222,0,-1
2021061106091,2021,061106091,2,9,0,18,19,7,3,0,0,1,0,0,0,0,3,1,6,6,1,23,5,1968,2,12,VOLKSWAGEN SCIROCCO,4,E01005916,0,-1
2021320200209,2021,320200209,2,9,0,10,10,1,6,0,0,1,0,0,0,0,2,1,6,6,1,34,6,1968,2,9,VOLKSWAGEN SCIROCCO,10,E01026356,0,-1
2021201142557,2021,201142557,4,9,0,3,3,7,3,0,0,1,0,0,0,0,3,1,6,6,1,-1,-1,1984,1,12,VOLKSWAGEN SCIROCCO,-1,-1,0,-1
2021451034176,2021,451034176,1,9,0,1,1,5,1,0,0,0,0,0,1,11,2,1,5,6,1,45,7,1984,1,5,VOLKSWAGEN SCIROCCO,6,E01002601,0,-1
2021302102115,2021,302102115,1,9,0,18,19,2,6,0,0,0,0,0,0,0,1,1,6,6,1,26,6,1968,2,12,VOLKSWAGEN SCIROCCO,5,E01019605,0,-1
2021031048574,2021,031048574,1,9,0,18,19,7,3,0,0,2,0,0,0,0,1,1,5,6,2,23,5,1984,1,12,VOLKSWAGEN SCIROCCO,7,E01025088,0,-1
2021010298790,2021,010298790,2,9,0,4,4,1,5,0,0,1,0,0,0,0,3,1,6,6,2,29,6,1390,1,11,VOLKSWAGEN SCIROCCO,9,E01030688,0,-1
2021141102538,2021,141102538,2,9,0,4,4,3,7,0,0,0,0,0,0,0,2,1,2,2,1,56,9,1968,2,4,VOLKSWAGEN SCIROCCO,9,E01007749,0,-1
2021201147384,2021,201147384,1,9,0,18,19,8,4,0,0,8,0,10,0,0,1,1,6,6,1,23,5,1390,1,11,VOLKSWAGEN SCIROCCO,4,E01009226,0,-1
2021141018304,2021,141018304,1,9,0,4,4,8,5,0,0,8,0,0,0,0,0,1,1,1,1,36,7,1968,2,12,VOLKSWAGEN SCIROCCO,4,E01011777,0,-1
202163D000322,2021,63D000322,1,9,0,18,19,6,2,0,0,1,2,0,0,0,2,1,6,6,1,21,5,1968,2,5,VOLKSWAGEN SCIROCCO,5,W01000946,0,-1
2021991117615,2021,991117615,1,9,0,17,19,7,4,0,0,0,5,0,1,0,4,1,5,6,1,18,4,1390,1,10,VOLKSWAGEN SCIROCCO,7,-1,0,-1
2021361066786,2021,361066786,1,9,0,9,9,1,7,0,0,1,0,0,0,0,1,1,5,6,1,27,6,1390,1,11,VOLKSWAGEN SCIROCCO,4,E01026841,0,-1
2021411033119,2021,411033119,2,9,0,5,5,5,1,0,0,4,0,0,0,0,1,1,6,6,1,28,6,1968,2,11,VOLKSWAGEN SCIROCCO,6,E01023539,0,-1
2021991031253,2021,991031253,1,9,0,18,19,6,2,0,0,0,2,0,2,0,1,1,6,6,1,25,5,1968,2,9,VOLKSWAGEN SCIROCCO,4,-1,0,-1
2021991109033,2021,991109033,2,9,0,18,19,5,1,0,0,2,0,0,0,0,1,1,2,2,1,55,8,1968,2,5,VOLKSWAGEN SCIROCCO,5,-1,0,-1
2021161111657,2021,161111657,1,9,0,7,7,4,6,0,0,0,0,0,0,0,1,1,5,6,2,50,8,1968,2,6,VOLKSWAGEN SCIROCCO,9,E01026402,0,-1
2021131037054,2021,131037054,1,9,0,9,9,2,6,0,0,5,1,0,0,0,3,1,5,6,1,32,6,1968,2,7,VOLKSWAGEN SCIROCCO,6,E01011228,0,-1
202163C042721,2021,63C042721,1,9,0,5,5,5,8,0,0,8,0,0,0,0,3,1,6,6,1,25,5,1984,1,4,VOLKSWAGEN SCIROCCO,4,W01000605,0,-1
2021010303738,2021,010303738,2,9,0,18,19,5,1,0,0,0,0,0,0,0,1,1,6,6,1,39,7,1968,2,9,VOLKSWAGEN SCIROCCO,3,E01000111,0,-1
2021201077272,2021,201077272,2,9,0,4,4,4,8,0,0,1,0,0,0,0,1,1,6,6,1,24,5,1395,1,6,VOLKSWAGEN SCIROCCO,2,E01010277,0,-1
2021991031251,2021,991031251,1,9,0,17,19,6,2,6,6,0,2,0,1,0,1,1,6,6,1,25,5,1968,2,9,VOLKSWAGEN SCIROCCO,4,-1,0,-1
2021991072500,2021,991072500,1,9,0,16,19,7,2,0,0,0,0,0,0,0,1,1,5,6,1,20,4,1968,2,4,VOLKSWAGEN SCIROCCO,6,-1,0,-1
2021231071847,2021,231071847,1,9,0,5,5,2,6,0,0,6,0,0,0,0,1,1,6,6,1,23,5,1968,2,10,VOLKSWAGEN SCIROCCO,6,E01031234,0,-1
2021302101577,2021,302101577,1,9,0,18,19,3,7,0,0,8,5,0,0,0,1,1,6,6,2,29,6,1968,2,12,VOLKSWAGEN SCIROCCO,1,E01013536,0,-1
2021122101305,2021,122101305,2,9,0,18,19,5,1,0,0,1,1,0,0,0,1,1,6,6,1,22,5,1390,1,11,VOLKSWAGEN SCIROCCO,10,E01013355,0,-1
2021141124868,2021,141124868,2,9,0,18,19,8,4,0,0,0,0,0,0,0,2,1,1,1,1,26,6,1968,2,9,VOLKSWAGEN SCIROCCO,6,E01007471,0,-1
2021141122380,2021,141122380,1,9,0,9,9,4,2,0,0,1,0,0,0,0,2,1,6,6,2,21,5,1968,2,11,VOLKSWAGEN SCIROCCO,7,E01007660,0,-1
2021211108572,2021,211108572,1,9,0,18,19,1,5,0,0,0,0,0,5,6,3,1,6,6,1,76,11,1984,1,3,VOLKSWAGEN SCIROCCO,7,E01029669,0,-1
2021201058683,2021,201058683,4,9,0,9,9,6,4,0,0,1,0,0,0,0,2,1,6,6,2,33,6,1968,2,6,VOLKSWAGEN SCIROCCO,-1,-1,0,-1
2021010307947,2021,010307947,1,9,0,18,19,7,3,0,0,8,0,0,0,0,2,1,6,6,1,25,5,1968,2,5,VOLKSWAGEN SCIROCCO,5,E01001232,0,-1
2021010317142,2021,010317142,2,9,0,99,99,9,9,99,99,9,9,99,9,99,1,9,6,6,3,-1,-1,1984,1,13,VOLKSWAGEN SCIROCCO,-1,-1,0,-1
2021131060112,2021,131060112,2,9,0,2,2,1,5,9,9,0,1,0,0,0,3,1,6,6,3,-1,-1,1968,2,4,VOLKSWAGEN SCIROCCO,-1,-1,0,-1
2021010292398,2021,010292398,1,9,0,18,19,2,6,0,0,1,0,0,1,0,1,1,6,6,1,23,5,1390,1,8,VOLKSWAGEN SCIROCCO,3,E01003331,0,-1
2021010336542,2021,010336542,3,9,0,3,3,7,3,0,0,1,0,0,0,0,2,1,6,6,1,20,4,1390,1,11,VOLKSWAGEN SCIROCCO,4,E01002304,0,-1
2021542265621,2021,542265621,1,9,0,18,19,6,2,0,0,1,0,0,0,0,1,1,6,6,1,28,6,1968,2,7,VOLKSWAGEN SCIROCCO,5,E01033291,0,-1
202163D087121,2021,63D087121,1,9,0,17,19,1,6,0,0,0,1,0,1,10,1,1,6,6,1,22,5,1984,1,6,VOLKSWAGEN SCIROCCO,5,W01001580,0,-1
202106X079845,2021,06X079845,2,9,0,18,19,7,3,0,0,0,0,0,0,0,3,1,2,2,2,49,8,1968,2,5,VOLKSWAGEN SCIROCCO,5,E01019733,0,-1
2021161094106,2021,161094106,1,9,0,5,5,3,7,0,0,4,0,0,1,10,1,1,1,1,2,24,5,1968,2,4,VOLKSWAGEN SCIROCCO,6,E01013041,0,-1
2021231018591,2021,231018591,2,9,0,17,19,4,1,0,0,8,1,0,0,0,1,1,2,2,1,42,7,1968,2,11,VOLKSWAGEN SCIROCCO,4,E01029526,0,-1
2021361058096,2021,361058096,1,9,0,18,19,7,3,0,0,0,2,0,0,0,1,1,5,6,1,23,5,1968,2,10,VOLKSWAGEN SCIROCCO,3,E01027152,0,-1
2021351015597,2021,351015597,2,9,0,18,19,1,5,0,0,0,1,0,1,4,2,1,6,6,1,40,7,1984,1,9,VOLKSWAGEN SCIROCCO,7,E01001537,0,-1
2021131053139,2021,131053139,2,9,0,18,19,1,5,0,0,0,0,0,1,0,3,1,1,1,1,25,5,1390,1,8,VOLKSWAGEN SCIROCCO,7,E01032496,0,-1
2021231045238,2021,231045238,2,3,0,9,9,2,8,0,0,5,0,0,0,0,3,1,5,6,1,26,6,125,1,16,-1,1,E01031015,0,-1
2021320244374,2021,320244374,1,9,0,5,5,2,6,0,0,6,0,0,0,0,3,1,2,2,1,57,9,1499,8,5,BMW I8,4,E01026057,0,-1
2021010292854,2021,010292854,1,9,0,1,1,7,3,0,0,2,0,0,0,0,3,1,6,6,1,68,10,1499,8,6,BMW I8,5,E01032790,0,-1
2021010311378,2021,010311378,2,9,9,99,99,9,9,99,99,9,9,99,9,99,9,9,6,6,3,-1,-1,1499,8,6,BMW I8,1,E01004399,0,-1
2021991050558,2021,991050558,2,9,0,9,9,1,7,0,0,5,0,0,0,0,3,1,5,6,1,38,7,1499,8,6,BMW I8,7,E01027924,0,-1
2021351038123,2021,351038123,1,9,0,18,19,1,5,0,0,0,0,12,0,0,1,1,6,6,1,48,8,1499,8,6,BMW I8,3,E01017952,0,-1
2021010312584,2021,010312584,1,9,0,99,99,9,9,99,99,9,9,99,9,99,9,9,6,6,1,22,5,1499,8,4,BMW I8,8,E01001568,0,-1
202131D131121,2021,31D131121,2,9,0,18,19,3,7,0,0,0,0,0,0,0,3,1,6,6,1,26,6,1499,8,6,BMW I8,-1,-1,0,-1
2021010320173,2021,010320173,1,9,0,5,5,5,1,0,0,1,0,0,0,0,3,1,6,6,1,35,6,1499,8,4,BMW I8,1,E01000953,0,-1
2021010321225,2021,010321225,1,9,0,13,13,1,5,0,0,1,0,0,0,0,1,1,2,2,1,31,6,1499,8,4,BMW I8,4,E01033572,0,-1
2021131109344,2021,131109344,1,9,0,9,9,5,1,0,0,8,0,0,0,0,4,1,6,6,1,25,5,1499,8,6,BMW I8,8,E01021389,0,-1
202134WNC4561,2021,34WNC4561,1,9,0,17,19,5,1,0,0,0,1,0,0,0,1,1,6,6,1,43,7,1499,8,7,BMW I8,9,E01033512,0,-1
2021010348227,2021,010348227,1,9,0,99,99,9,9,99,99,9,9,99,9,99,1,9,6,6,1,25,5,1499,8,4,BMW I8,2,E01003729,0,-1
2021010320637,2021,010320637,1,11,0,15,15,7,3,0,0,0,0,0,0,0,4,1,6,6,2,47,8,12742,2,5,-1,-1,-1,0,-1
2021161086178,2021,161086178,1,9,0,5,5,3,7,0,0,4,0,0,0,0,1,1,6,6,3,-1,-1,898,1,8,DACIA SANDERO,-1,-1,0,-1
2021411067572,2021,411067572,2,9,0,1,1,1,5,0,0,1,0,0,0,0,2,1,6,6,2,23,5,1149,1,8,DACIA SANDERO,5,E01023295,0,-1
2021201068823,2021,201068823,2,9,0,18,19,6,2,0,0,8,0,0,0,0,3,1,6,6,1,30,6,898,1,3,DACIA SANDERO,7,E01029613,0,-1
2021520103472,2021,520103472,2,9,5,7,7,5,8,0,0,6,0,0,0,0,3,1,6,6,2,58,9,1149,1,5,DACIA SANDERO,8,E01029225,0,-1
2021542451121,2021,542451121,2,9,0,4,4,8,4,0,0,0,0,0,0,0,2,1,6,6,2,22,5,898,1,4,DACIA SANDERO,10,E01014866,0,-1