collision_index,collision_year,collision_ref_no,vehicle_reference,vehicle_type,towing_and_articulation,vehicle_manoeuvre_historic,vehicle_manoeuvre,vehicle_direction_from,vehicle_direction_to,vehicle_location_restricted_lane_historic,vehicle_location_restricted_lane,junction_location,skidding_and_overturning,hit_object_in_carriageway,vehicle_leaving_carriageway,hit_object_off_carriageway,first_point_of_impact,vehicle_left_hand_drive,journey_purpose_of_driver_historic,journey_purpose_of_driver,sex_of_driver,age_of_driver,age_band_of_driver,engine_capacity_cc,propulsion_code,age_of_vehicle,generic_make_model,driver_imd_decile,lsoa_of_driver,escooter_flag,driver_distance_banding
2021361048688,2021,361048688,2,9,0,4,4,7,3,0,0,1,0,0,0,0,2,1,5,6,2,51,8,1149,1,8,DACIA SANDERO,4,E01030278,0,-1
2021161118014,2021,161118014,1,9,0,18,19,1,5,0,0,0,0,0,7,0,1,1,5,6,2,62,9,1461,2,6,DACIA SANDERO,4,E01013049,0,-1
2021421113532,2021,421113532,1,9,0,1,1,5,4,0,0,0,0,0,0,0,2,1,1,1,1,31,6,998,1,4,DACIA SANDERO,9,E01021661,0,-1
202131A020021,2021,31A020021,1,9,0,18,19,3,7,0,0,2,0,0,1,2,2,1,2,2,1,40,7,998,1,4,DACIA SANDERO,8,E01028119,0,-1
2021440360786,2021,440360786,1,9,0,17,19,2,6,0,0,0,0,0,2,4,1,1,6,6,1,18,4,1461,2,4,DACIA SANDERO,9,E01020373,0,-1
2021461040358,2021,461040358,2,9,0,18,19,4,6,0,0,0,1,0,0,0,2,1,5,6,2,61,9,898,1,3,DACIA SANDERO,10,E01023996,0,-1
2021052100812,2021,052100812,1,9,0,5,5,7,3,0,0,6,0,0,0,0,1,1,6,6,2,58,9,1461,2,5,DACIA SANDERO,9,E01006828,0,-1
2021101041005,2021,101041005,1,9,-1,-1,-1,-1,-1,-1,-1,-1,-1,-1,-1,0,3,1,6,6,1,53,8,999,7,1,DACIA SANDERO,1,E01008389,0,-1
2021421077550,2021,421077550,1,9,0,18,19,3,5,0,0,2,1,0,3,4,1,1,6,6,1,19,4,1461,2,8,DACIA SANDERO,1,E01022025,0,-1
2021461073354,2021,461073354,2,9,0,3,3,5,1,0,0,1,0,0,0,0,2,1,5,6,1,59,9,898,1,1,DACIA SANDERO,7,E01024189,0,-1
2021010310424,2021,010310424,2,9,0,3,3,4,8,0,0,0,0,0,0,0,1,9,6,6,3,-1,-1,898,1,4,DACIA SANDERO,7,E01002176,0,-1
2021991113886,2021,991113886,1,9,0,11,11,7,3,7,6,0,0,0,1,4,1,1,5,6,1,89,11,898,1,8,DACIA SANDERO,1,-1,0,-1
2021070811737,2021,070811737,2,9,0,10,10,6,4,0,0,1,0,0,0,0,1,1,6,6,2,28,6,998,1,4,DACIA SANDERO,3,E01006535,0,-1
2021622100654,2021,622100654,1,9,0,5,5,8,6,0,0,1,0,0,0,0,1,1,6,6,2,26,6,898,1,2,DACIA SANDERO,4,W01000953,0,-1
2021461065551,2021,461065551,1,9,0,16,19,7,3,0,0,1,0,0,0,0,1,1,6,6,1,42,7,999,1,0,DACIA SANDERO,10,E01016132,0,-1
2021991038841,2021,991038841,2,9,0,18,19,7,3,0,0,0,0,0,0,0,1,1,6,6,2,55,8,898,1,1,DACIA SANDERO,4,-1,0,-1
2021031098279,2021,031098279,1,9,0,12,12,2,6,0,0,0,0,0,0,0,1,1,6,6,2,52,8,898,1,2,DACIA SANDERO,6,E01019096,0,-1
2021221103538,2021,221103538,1,9,0,4,4,6,2,0,0,1,0,0,0,0,2,1,5,6,1,66,10,898,1,3,DACIA SANDERO,1,W01000977,0,-1
2021070318653,2021,070318653,2,9,0,18,19,5,1,0,0,0,0,0,0,0,2,1,6,6,1,65,9,898,1,4,DACIA SANDERO,5,E01018480,0,-1
2021122101005,2021,122101005,2,9,0,4,4,7,3,0,0,4,0,0,0,0,2,1,6,6,2,67,10,898,1,7,DACIA SANDERO,5,E01008687,0,-1
2021061125303,2021,061125303,2,9,0,2,2,0,0,0,0,1,0,0,0,0,2,1,5,6,1,47,8,898,1,8,DACIA SANDERO,1,E01005088,0,-1
2021031113295,2021,031113295,1,9,0,18,19,6,6,0,0,1,0,0,0,0,1,1,5,6,2,46,8,1461,2,6,DACIA SANDERO,8,E01019106,0,-1
2021461047088,2021,461047088,1,9,0,18,19,7,3,0,0,1,0,0,0,0,1,1,6,6,1,54,8,1461,2,5,DACIA SANDERO,6,E01024457,0,-1
2021131086651,2021,131086651,1,9,0,18,19,2,6,9,9,3,0,0,8,10,1,1,1,1,2,34,6,898,1,6,DACIA SANDERO,3,E01010871,0,-1
2021041068256,2021,041068256,1,9,0,16,19,6,8,0,0,2,0,0,0,0,1,1,2,2,2,21,5,1149,1,6,DACIA SANDERO,4,E01007040,0,-1
2021622100391,2021,622100391,1,9,0,18,19,8,4,0,0,0,2,0,4,6,1,1,6,6,2,36,7,898,1,7,DACIA SANDERO,8,W01000704,0,-1
202163A056321,2021,63A056321,2,9,0,2,2,0,0,0,0,0,0,0,1,10,2,1,6,6,1,30,6,898,1,1,DACIA SANDERO,6,W01000716,0,-1
2021622100684,2021,622100684,3,9,0,4,4,6,2,0,0,0,0,0,0,0,2,1,6,6,2,41,7,898,1,2,DACIA SANDERO,4,W01001220,0,-1
2021221080967,2021,221080967,1,9,0,4,4,7,3,0,0,0,1,0,0,0,1,1,5,6,2,29,6,898,1,4,DACIA SANDERO,1,E01013568,0,-1
2021061054466,2021,061054466,3,9,0,9,9,2,5,0,0,8,0,0,0,0,1,1,6,6,2,31,6,898,1,6,DACIA SANDERO,1,E01006108,0,-1
2021231082832,2021,231082832,2,9,0,3,3,5,1,0,0,0,0,0,0,0,2,1,5,6,1,49,8,1461,2,8,DACIA SANDERO,8,E01022101,0,-1
2021461111219,2021,461111219,2,9,0,4,4,7,3,0,0,0,0,0,0,0,2,1,6,6,1,81,11,898,1,3,DACIA SANDERO,8,E01016138,0,-1
2021991104030,2021,991104030,1,9,0,18,19,8,4,0,0,6,0,0,3,0,3,1,5,6,2,81,11,898,1,5,DACIA SANDERO,-1,-1,0,-1
2021430582790,2021,430582790,2,9,0,18,19,8,4,0,0,0,0,0,0,0,1,1,6,6,1,83,11,898,1,1,DACIA SANDERO,7,E01017730,0,-1
2021122101035,2021,122101035,1,9,0,18,19,5,1,0,0,0,0,0,1,11,1,1,6,6,1,19,4,998,1,4,DACIA SANDERO,7,E01027705,0,-1
2021361094480,2021,361094480,1,9,0,9,9,2,8,0,0,2,0,0,0,0,1,1,5,6,1,31,6,1461,2,7,DACIA SANDERO,5,E01026649,0,-1
2021371128707,2021,371128707,1,9,0,9,9,1,5,0,0,6,0,0,0,0,3,1,2,2,2,34,6,998,1,4,DACIA SANDERO,8,E01030065,0,-1
2021361087575,2021,361087575,1,9,0,18,19,1,5,0,0,1,0,0,0,0,1,1,5,6,2,24,5,998,1,3,DACIA SANDERO,3,E01026495,0,-1
2021221019080,2021,221019080,2,9,0,18,19,1,5,0,0,2,0,0,0,0,1,1,5,6,1,82,11,898,1,5,DACIA SANDERO,6,E01028971,0,-1
2021061050000,2021,061050000,1,9,0,3,3,5,3,0,0,4,0,0,0,0,2,1,6,6,1,52,8,898,1,2,DACIA SANDERO,3,E01006272,0,-1
2021552100837,2021,552100837,2,9,0,3,3,7,3,0,0,1,0,0,0,0,1,1,6,6,1,64,9,999,1,0,DACIA SANDERO,8,E01022984,0,-1
2021501017521,2021,501017521,1,9,0,7,7,4,8,0,0,4,1,0,0,0,1,1,2,2,2,35,6,898,1,3,DACIA SANDERO,2,E01020277,0,-1
2021070677712,2021,070677712,2,9,0,5,5,1,3,0,0,3,0,0,0,0,1,1,6,6,2,68,10,998,1,2,DACIA SANDERO,9,E01007195,0,-1
2021141081650,2021,141081650,1,9,0,9,9,4,2,0,0,0,0,0,0,0,2,1,6,6,2,58,9,1149,1,5,DACIA SANDERO,1,E01007327,0,-1
2021501081429,2021,501081429,2,9,0,4,4,4,8,0,0,0,0,0,0,0,1,1,6,6,2,66,10,898,1,6,DACIA SANDERO,6,E01029261,0,-1
2021041073768,2021,041073768,1,9,0,18,19,3,7,0,0,0,0,0,0,0,1,1,5,6,2,45,7,1149,1,8,DACIA SANDERO,5,E01025212,0,-1
2021371066585,2021,371066585,1,9,0,17,19,5,3,0,0,2,0,0,1,11,1,1,5,6,2,73,10,998,1,4,DACIA SANDERO,3,E01029968,0,-1
2021201148067,2021,201148067,3,9,0,3,3,2,6,0,0,1,0,0,0,0,1,1,3,7,2,49,8,1461,2,5,DACIA SANDERO,3,E01009118,0,-1
2021010299681,2021,010299681,1,9,0,17,19,5,1,0,0,2,0,0,0,0,1,1,6,6,1,19,4,1149,1,7,DACIA SANDERO,7,E01001610,0,-1
202131C035221,2021,31C035221,1,9,0,18,19,7,3,0,0,0,0,0,0,0,1,1,6,6,1,43,7,999,7,0,DACIA SANDERO,1,E01013960,0,-1
2021451120944,2021,451120944,1,9,0,18,19,1,5,0,0,0,0,0,0,0,3,1,5,6,1,80,11,999,7,0,DACIA SANDERO,10,E01030866,0,-1
2021421012647,2021,421012647,1,9,0,16,19,1,3,0,0,2,5,10,0,0,1,1,5,6,1,84,11,898,1,2,DACIA SANDERO,5,E01021493,0,-1
2021302100563,2021,302100563,2,9,0,6,6,8,8,0,0,1,0,0,0,0,1,1,3,7,1,-1,-1,898,1,8,DACIA SANDERO,8,E01019630,0,-1
2021031078005,2021,031078005,3,9,0,18,19,5,1,0,0,1,0,0,0,0,2,1,5,6,2,51,8,1461,2,5,DACIA SANDERO,2,E01008670,0,-1
202163A084421,2021,63A084421,1,9,0,18,19,8,4,0,0,0,2,0,0,0,3,1,6,6,1,76,11,898,1,6,DACIA SANDERO,4,W01000652,0,-1
2021010338139,2021,010338139,2,9,0,9,9,7,4,0,0,8,0,0,0,0,1,1,6,6,1,49,8,898,1,3,DACIA SANDERO,2,E01001660,0,-1
2021371039165,2021,371039165,2,9,0,9,9,3,1,0,0,1,0,0,0,0,3,1,5,6,2,53,8,1461,2,3,DACIA SANDERO,6,E01033448,0,-1
2021622100796,2021,622100796,2,9,0,18,19,4,8,0,0,1,0,0,0,0,1,1,6,6,2,35,6,1461,2,5,DACIA SANDERO,1,W01000992,0,-1
2021991026136,2021,991026136,2,9,0,18,19,3,7,0,0,8,5,0,0,0,1,1,6,6,2,21,5,998,1,3,DACIA SANDERO,7,-1,0,-1
2021211087229,2021,211087229,1,9,0,9,9,7,4,0,0,1,0,0,0,0,1,1,6,6,1,87,11,898,1,3,DACIA SANDERO,8,E01028689,0,-1
2021440315396,2021,440315396,1,9,0,9,9,5,1,0,0,8,0,0,0,0,3,1,6,6,1,42,7,1149,1,8,DACIA SANDERO,1,E01017154,0,-1
2021010335098,2021,010335098,3,9,0,3,3,7,3,0,0,0,0,0,0,0,3,1,6,6,1,61,9,898,1,4,DACIA SANDERO,2,E01000008,0,-1
2021991033916,2021,991033916,1,9,0,16,19,6,1,0,0,0,0,0,7,10,1,1,6,6,1,71,10,1461,2,7,DACIA SANDERO,6,-1,0,-1
2021131076895,2021,131076895,1,9,0,4,4,5,1,0,0,1,0,0,0,0,4,1,1,1,2,58,9,1149,7,5,DACIA SANDERO,9,E01011557,0,-1
2021320400216,2021,320400216,1,9,0,9,9,2,8,0,0,8,0,0,0,0,4,1,6,6,1,70,10,1461,2,5,DACIA SANDERO,6,E01026040,0,-1
2021991108559,2021,991108559,1,9,0,18,19,4,7,0,0,1,0,0,0,0,1,1,6,6,2,77,11,1149,1,5,DACIA SANDERO,3,-1,0,-1
2021451087898,2021,451087898,2,9,0,18,19,7,3,0,0,4,0,0,0,0,1,1,2,2,2,67,10,1149,1,5,DACIA SANDERO,10,E01030525,0,-1
2021010322711,2021,010322711,1,9,0,10,10,3,1,0,0,8,0,0,0,0,4,1,6,6,1,65,9,998,1,1,DACIA SANDERO,4,E01004631,0,-1
2021302102056,2021,302102056,1,9,0,5,5,6,2,0,0,8,0,0,0,0,1,1,1,1,1,42,7,1461,2,4,DACIA SANDERO,5,E01019470,0,-1
2021231035800,2021,231035800,1,9,0,18,19,6,2,0,0,0,0,0,0,0,1,1,1,1,2,28,6,998,1,3,DACIA SANDERO,1,E01010490,0,-1
2021411024721,2021,411024721,2,9,0,4,4,8,4,0,0,0,0,0,0,0,2,1,6,6,1,41,7,898,1,6,DACIA SANDERO,6,E01017589,0,-1
2021520100598,2021,520100598,1,9,0,18,19,7,3,0,0,0,0,0,0,0,1,1,6,6,1,24,5,1461,2,7,DACIA SANDERO,5,E01029193,0,-1
2021501108604,2021,501108604,2,9,0,3,3,5,1,0,0,0,0,0,0,0,2,1,5,6,1,41,7,1461,2,5,DACIA SANDERO,4,E01018866,0,-1
2021010294871,2021,010294871,1,9,0,7,7,3,5,0,0,6,0,0,0,0,0,1,1,1,1,41,7,998,1,2,DACIA SANDERO,-1,-1,0,-1
2021371101060,2021,371101060,1,9,0,5,5,3,7,0,0,4,0,0,0,0,1,1,5,6,1,61,9,898,1,6,DACIA SANDERO,9,E01030033,0,-1
2021052102326,2021,052102326,2,9,0,4,4,8,4,0,0,1,0,0,0,0,2,1,6,6,2,57,9,999,1,0,DACIA SANDERO,2,E01006441,0,-1
2021221076341,2021,221076341,1,9,0,17,19,2,6,0,0,0,5,0,0,0,1,1,5,6,1,45,7,898,1,7,DACIA SANDERO,7,E01028976,0,-1
2021010291352,2021,010291352,1,9,0,99,99,9,9,99,99,0,9,99,9,99,2,9,2,2,1,50,8,898,1,6,DACIA SANDERO,7,E01016883,0,-1
2021411070079,2021,411070079,2,9,0,18,19,4,8,0,0,0,0,0,0,0,2,1,6,6,2,44,7,898,1,5,DACIA SANDERO,9,E01028794,0,-1
2021991105811,2021,991105811,2,9,0,18,19,4,8,0,0,1,0,0,0,0,1,1,6,6,2,47,8,898,1,2,DACIA SANDERO,5,-1,0,-1
202163A056721,2021,63A056721,2,9,0,9,9,2,8,0,0,6,0,0,1,10,3,1,6,6,2,24,5,1149,1,6,DACIA SANDERO,2,W01000660,0,-1
2021031076947,2021,031076947,2,9,0,9,9,6,4,0,0,8,0,0,0,0,3,1,5,6,2,35,6,1461,2,4,DACIA SANDERO,5,E01019314,0,-1
2021010288275,2021,010288275,2,9,9,99,99,9,9,99,99,9,9,99,9,99,9,1,6,6,2,33,6,898,1,7,DACIA SANDERO,3,E01016353,0,-1
2021201057026,2021,201057026,2,9,0,4,4,8,4,0,0,0,0,0,0,0,2,1,2,2,2,52,8,898,1,8,DACIA SANDERO,1,E01009477,0,-1
2021010331785,2021,010331785,1,9,0,99,99,9,9,99,99,0,9,99,9,99,1,9,6,6,2,50,8,1461,2,5,DACIA SANDERO,8,E01004110,0,-1
2021451016097,2021,451016097,1,9,0,9,9,5,1,0,0,1,0,0,0,0,4,1,5,6,2,67,10,898,1,6,DACIA SANDERO,6,E01003002,0,-1
2021201079766,2021,201079766,2,9,0,18,19,-1,-1,0,0,0,0,0,0,0,2,1,6,6,2,48,8,1461,2,4,DACIA SANDERO,10,E01029665,0,-1
2021451023755,2021,451023755,2,9,0,9,9,3,7,0,0,4,0,0,0,0,4,1,5,6,1,34,6,1461,2,7,DACIA SANDERO,5,E01030983,0,-1
2021461059539,2021,461059539,1,9,0,3,3,3,7,0,0,4,0,0,0,0,1,1,6,6,1,88,11,998,1,3,DACIA SANDERO,7,E01024131,0,-1
2021131102213,2021,131102213,2,9,0,8,8,1,5,0,0,0,0,0,0,0,2,1,1,1,1,20,4,998,1,2,DACIA SANDERO,6,E01011062,0,-1
2021311093572,2021,311093572,2,9,0,9,9,1,6,0,0,0,1,0,0,0,1,1,2,2,2,48,8,898,1,3,DACIA SANDERO,10,E01028393,0,-1
2021991050887,2021,991050887,1,9,0,9,9,7,4,0,0,1,0,0,0,0,3,1,1,1,2,58,9,998,1,2,DACIA SANDERO,4,-1,0,-1
202163A087021,2021,63A087021,1,9,0,7,7,2,6,0,0,5,0,0,3,7,1,1,6,6,2,69,10,1461,2,5,DACIA SANDERO,8,W01000644,0,-1
2021520200712,2021,520200712,1,9,0,18,19,3,7,0,0,0,5,0,2,10,1,1,6,6,2,24,5,898,1,7,DACIA SANDERO,8,E01014854,0,-1
202131C013821,2021,31C013821,1,9,0,9,9,3,1,0,0,8,0,0,0,0,1,1,6,6,1,30,6,1461,2,4,DACIA SANDERO,2,E01027952,0,-1
2021461046661,2021,461046661,2,9,0,4,4,7,3,0,0,0,0,0,0,0,2,1,5,6,1,42,7,898,1,6,DACIA SANDERO,6,E01016076,0,-1
2021522103619,2021,522103619,1,9,0,18,19,5,8,0,0,1,0,0,0,0,2,1,6,6,2,50,8,898,1,8,DACIA SANDERO,6,E01032669,0,-1
2021461057549,2021,461057549,2,9,0,4,4,8,2,0,0,1,0,0,0,0,2,1,5,6,1,38,7,898,1,8,DACIA SANDERO,8,E01024255,0,-1
2021531078704,2021,531078704,1,9,0,2,2,0,0,0,0,0,0,0,0,0,2,1,2,2,1,49,8,1461,2,3,DACIA SANDERO,2,E01022324,0,-1
2021991088539,2021,991088539,1,9,0,9,9,7,4,0,0,5,0,0,0,0,1,1,6,6,1,24,5,898,1,1,DACIA SANDERO,7,-1,0,-1
2021052102833,2021,052102833,2,9,0,18,19,5,1,0,0,1,0,0,0,0,0,1,6,6,2,67,10,1149,1,7,DACIA SANDERO,3,E01007208,0,-1
2021122100403,2021,122100403,4,9,0,18,19,4,8,0,0,0,0,0,1,0,1,1,6,6,2,35,6,1149,1,8,DACIA SANDERO,4,E01011613,0,-1
2021451031039,2021,451031039,1,9,0,9,9,8,5,0,0,4,0,0,0,0,1,1,5,6,2,43,7,898,1,8,DACIA SANDERO,6,E01030312,0,-1
2021501109566,2021,501109566,2,9,0,9,9,5,3,0,0,8,5,0,0,0,1,1,1,1,2,67,10,998,1,3,DACIA SANDERO,10,E01020222,0,-1
2021451090264,2021,451090264,2,9,0,9,9,3,5,0,0,2,0,0,0,0,1,1,6,6,1,59,9,898,1,4,DACIA SANDERO,8,E01002945,0,-1
2021461016736,2021,461016736,1,9,0,18,19,8,4,0,0,0,0,0,0,0,1,1,6,6,1,57,9,898,1,8,DACIA SANDERO,6,E01032814,0,-1
2021501049889,2021,501049889,3,9,0,2,2,0,0,6,6,0,0,4,0,0,2,1,6,6,1,56,9,1149,1,7,DACIA SANDERO,3,E01015150,0,-1
2021501039606,2021,501039606,1,9,0,13,13,1,5,0,0,1,0,0,0,0,0,1,5,6,1,81,11,898,1,1,DACIA SANDERO,4,E01020292,0,-1
2021991140611,2021,991140611,2,9,0,18,19,1,5,0,0,1,0,0,7,0,1,1,5,6,1,43,7,1461,2,4,DACIA SANDERO,7,-1,0,-1
2021531094294,2021,531094294,2,9,0,18,19,4,6,0,0,1,2,0,1,10,4,1,5,6,1,28,6,1461,2,7,DACIA SANDERO,7,E01022179,0,-1
2021061097699,2021,061097699,1,9,0,18,19,1,5,0,0,0,0,0,0,0,0,1,6,6,3,28,6,1461,2,7,DACIA SANDERO,-1,-1,0,-1
202134WNC5291,2021,34WNC5291,1,9,0,6,6,1,1,0,0,8,0,0,0,0,1,1,6,6,1,31,6,999,1,0,DACIA SANDERO,5,E01003692,0,-1
2021501120368,2021,501120368,1,9,0,18,19,5,1,0,0,0,0,4,0,0,1,1,5,6,1,80,11,898,1,2,DACIA SANDERO,7,E01020105,0,-1
2021430370144,2021,430370144,2,9,0,18,19,8,4,0,0,0,0,0,0,0,3,1,6,6,2,51,8,1461,2,6,DACIA SANDERO,8,E01022356,0,-1
2021101014387,2021,101014387,2,9,0,7,7,2,5,0,0,0,0,0,0,0,2,1,6,6,2,41,7,1461,2,4,DACIA SANDERO,3,E01008461,0,-1
2021461102468,2021,461102468,2,9,0,10,10,1,5,0,0,1,0,0,0,0,2,1,5,6,2,37,7,998,1,3,DACIA SANDERO,6,E01024363,0,-1
2021010342710,2021,010342710,1,9,0,9,9,1,7,0,0,8,0,0,1,11,4,1,6,6,2,29,6,999,1,0,DACIA SANDERO,7,E01000711,0,-1
2021010288921,2021,010288921,3,9,0,2,2,0,0,0,0,0,0,0,0,0,1,1,6,6,3,-1,-1,998,1,4,DACIA SANDERO,-1,-1,0,-1
2021161072979,2021,161072979,1,9,0,2,2,0,0,0,0,1,0,0,0,0,3,1,6,6,1,49,8,1461,2,8,DACIA SANDERO,1,E01012809,0,-1
2021421112903,2021,421112903,2,9,0,18,19,6,5,0,0,0,0,0,0,0,3,1,6,6,3,40,7,1461,2,4,DACIA SANDERO,10,E01021591,0,-1
2021440471021,2021,440471021,1,9,0,9,9,4,2,0,0,5,0,0,0,0,4,1,6,6,1,20,4,1149,1,5,DACIA SANDERO,4,E01022973,0,-1
2021991164483,2021,991164483,1,9,0,9,9,3,1,0,0,1,0,0,0,0,1,1,5,6,1,37,7,898,1,7,DACIA SANDERO,7,-1,0,-1
2021501110549,2021,501110549,2,9,0,9,9,5,1,0,0,8,0,6,1,11,1,1,6,6,2,43,7,898,1,3,DACIA SANDERO,4,E01018954,0,-1
2021101103583,2021,101103583,1,9,0,9,9,1,7,0,0,5,0,0,0,0,4,1,6,6,1,32,6,898,1,6,DACIA SANDERO,-1,-1,0,-1
2021302100743,2021,302100743,2,9,0,3,3,3,7,0,0,1,0,0,0,0,2,1,6,6,1,34,6,898,1,7,DACIA SANDERO,4,E01008468,0,-1
2021041034408,2021,041034408,1,9,0,18,19,4,3,0,0,0,5,0,0,0,4,1,3,7,2,44,7,998,1,4,DACIA SANDERO,10,E01025337,0,-1
202131C140321,2021,31C140321,1,9,0,4,4,5,7,0,0,5,0,0,0,0,2,1,6,6,2,44,7,998,1,2,DACIA SANDERO,9,E01028386,0,-1
2021320559676,2021,320559676,2,9,0,9,9,2,8,0,0,1,0,0,0,0,3,1,6,6,2,29,6,1461,2,5,DACIA SANDERO,7,E01013323,0,-1
2021031124796,2021,031124796,2,9,0,18,19,8,6,0,0,1,0,0,0,0,1,1,5,6,2,52,8,898,1,4,DACIA SANDERO,4,E01019260,0,-1
2021061049064,2021,061049064,2,9,0,13,13,7,3,0,0,8,0,0,0,0,1,1,6,6,3,30,6,1461,2,5,DACIA SANDERO,-1,-1,0,-1
202134NNC9071,2021,34NNC9071,1,9,0,18,19,1,5,0,0,1,0,0,0,0,1,1,6,6,1,86,11,1149,1,8,DACIA SANDERO,3,E01027104,0,-1
2021520102025,2021,520102025,1,9,0,16,19,8,4,0,0,8,0,10,7,10,1,1,6,6,1,20,4,998,1,2,DACIA SANDERO,7,E01029085,0,-1
2021522201104,2021,522201104,2,9,0,18,19,7,3,0,0,8,0,0,0,0,1,1,6,6,1,38,7,998,1,4,DACIA SANDERO,4,E01014590,0,-1
2021440103122,2021,440103122,2,9,0,17,19,2,6,0,0,3,0,0,0,0,4,1,6,6,1,45,7,999,7,1,DACIA SANDERO,4,E01017085,0,-1
2021221056166,2021,221056166,1,9,0,4,4,1,5,0,0,1,5,0,0,0,2,1,5,6,1,59,9,1461,2,5,DACIA SANDERO,2,E01010091,0,-1
2021451064862,2021,451064862,3,9,0,18,19,2,6,0,0,1,0,0,0,0,1,1,5,6,2,54,8,898,1,6,DACIA SANDERO,9,E01023111,0,-1
2021161018366,2021,161018366,2,9,0,18,19,3,7,0,0,8,0,0,0,0,1,1,2,2,2,59,9,898,1,7,DACIA SANDERO,7,E01033106,0,-1
2021471119036,2021,471119036,1,9,0,5,5,6,2,0,0,8,1,0,0,0,3,1,5,6,1,20,4,1149,1,7,DACIA SANDERO,7,E01024813,0,-1
2021991012257,2021,991012257,1,9,0,18,19,2,6,0,0,0,0,0,0,0,4,1,6,6,2,62,9,998,1,3,DACIA SANDERO,4,-1,0,-1
2021070804029,2021,070804029,1,9,0,9,9,5,6,0,0,6,0,0,0,0,1,1,6,6,2,57,9,898,1,2,DACIA SANDERO,9,E01018408,0,-1
2021622100444,2021,622100444,2,9,0,18,19,2,6,0,0,0,0,0,0,0,2,1,6,6,1,31,6,898,1,2,DACIA SANDERO,3,W01001051,0,-1
2021111103162,2021,111103162,1,9,0,18,19,3,6,0,0,0,0,0,0,0,1,1,6,6,2,30,6,898,1,2,DACIA SANDERO,5,E01012191,0,-1
202131D072521,2021,31D072521,2,9,0,2,2,0,0,0,0,0,0,0,0,0,2,1,6,6,1,-1,-1,998,1,1,DACIA SANDERO,8,E01028150,0,-1
2021430110342,2021,430110342,2,9,0,18,19,7,3,0,0,0,1,0,0,0,1,1,6,6,2,25,5,1149,1,8,DACIA SANDERO,-1,-1,0,-1
2021302100936,2021,302100936,1,9,0,9,9,4,2,0,0,5,0,0,0,0,3,1,6,6,1,61,9,1149,1,6,DACIA SANDERO,5,E01006038,0,-1
2021991047045,2021,991047045,1,9,0,9,9,7,5,0,0,5,1,0,7,0,1,1,1,1,2,41,7,998,1,2,DACIA SANDERO,4,-1,0,-1
2021122100858,2021,122100858,2,9,0,4,4,7,3,0,0,1,0,0,0,0,2,1,6,6,2,39,7,1149,1,5,DACIA SANDERO,4,E01010595,0,-1
2021371051713,2021,371051713,1,9,0,9,9,1,6,0,0,8,0,0,0,0,3,1,5,6,2,46,8,898,1,3,DACIA SANDERO,7,E01030159,0,-1
2021221028206,2021,221028206,2,9,0,3,3,4,8,0,0,1,0,0,0,0,2,1,1,1,2,55,8,1149,1,4,DACIA SANDERO,5,E01028890,0,-1
2021991110329,2021,991110329,1,9,0,9,9,1,7,0,0,8,0,0,0,0,1,1,5,6,2,53,8,898,1,7,DACIA SANDERO,10,-1,0,-1
2021471018791,2021,471018791,1,9,0,7,7,7,1,0,0,1,0,0,0,0,1,1,2,2,2,48,8,898,1,2,DACIA SANDERO,2,E01031790,0,-1
2021122100357,2021,122100357,1,9,0,18,19,7,3,0,0,6,0,0,0,0,4,1,6,6,2,43,7,1149,1,8,DACIA SANDERO,5,E01027807,0,-1
2021471113316,2021,471113316,2,9,0,16,19,3,6,0,0,0,0,0,1,0,1,1,2,2,1,54,8,1149,1,7,DACIA SANDERO,3,E01016907,0,-1
2021440379811,2021,440379811,2,9,0,6,6,6,6,0,0,0,0,0,0,0,3,1,6,6,1,56,9,1461,2,6,DACIA SANDERO,9,E01022577,0,-1
2021131058601,2021,131058601,3,9,0,3,3,0,0,0,0,1,0,0,0,0,1,1,6,6,1,34,6,1149,1,8,DACIA SANDERO,8,E01011579,0,-1
2021122101194,2021,122101194,1,9,0,10,10,1,7,0,0,6,0,0,0,0,1,1,6,6,1,81,11,1149,1,7,DACIA SANDERO,8,E01013409,0,-1
2021061084287,2021,061084287,1,9,0,1,1,0,1,0,0,0,0,0,0,0,2,1,6,6,3,30,6,898,1,3,DACIA SANDERO,-1,-1,0,-1
202163A022021,2021,63A022021,1,9,0,13,13,4,8,0,0,0,0,0,0,0,4,1,6,6,1,73,10,898,1,5,DACIA SANDERO,4,W01000730,0,-1
2021141107295,2021,141107295,3,9,0,18,19,1,5,0,0,1,0,0,0,0,1,1,1,1,1,26,6,998,1,1,DACIA SANDERO,1,E01007500,0,-1
2021421076997,2021,421076997,1,9,0,17,19,7,4,0,0,0,0,0,2,0,4,1,2,2,1,19,4,898,1,4,DACIA SANDERO,9,E01022061,0,-1
2021052100200,2021,052100200,1,9,0,18,19,5,1,0,0,1,0,0,0,0,4,1,6,6,1,61,9,1149,1,6,DACIA SANDERO,2,E01006862,0,-1