collision_index,collision_year,collision_ref_no,vehicle_reference,vehicle_type,towing_and_articulation,vehicle_manoeuvre_historic,vehicle_manoeuvre,vehicle_direction_from,vehicle_direction_to,vehicle_location_restricted_lane_historic,vehicle_location_restricted_lane,junction_location,skidding_and_overturning,hit_object_in_carriageway,vehicle_leaving_carriageway,hit_object_off_carriageway,first_point_of_impact,vehicle_left_hand_drive,journey_purpose_of_driver_historic,journey_purpose_of_driver,sex_of_driver,age_of_driver,age_band_of_driver,engine_capacity_cc,propulsion_code,age_of_vehicle,generic_make_model,driver_imd_decile,lsoa_of_driver,escooter_flag,driver_distance_banding
2021010320682,2021,010320682,2,19,0,2,2,0,0,0,0,0,0,0,0,0,1,1,6,6,3,-1,-1,1499,2,1,PEUGEOT EXPERT,-1,-1,0,-1
202106X080064,2021,06X080064,4,19,0,18,19,8,4,0,0,0,0,0,0,0,1,1,6,6,1,32,6,1560,2,4,PEUGEOT EXPERT,3,E01025069,0,-1
2021610060121,2021,610060121,4,19,0,2,2,0,0,0,0,0,0,0,0,0,4,1,6,6,1,-1,-1,1997,2,2,PEUGEOT EXPERT,-1,-1,0,-1
2021010321469,2021,010321469,1,19,0,18,19,1,5,0,0,8,0,0,0,0,1,1,1,1,1,44,7,1560,2,2,PEUGEOT EXPERT,2,E01004390,0,-1
2021221096816,2021,221096816,1,19,0,18,19,5,1,0,0,0,0,0,8,0,1,1,2,2,1,41,7,1560,2,6,PEUGEOT EXPERT,5,E01014079,0,-1
2021546307521,2021,546307521,1,19,0,18,19,5,1,0,0,0,5,0,0,0,1,1,1,1,1,50,8,1868,2,14,PEUGEOT EXPERT,2,E01015540,0,-1
2021131091437,2021,131091437,1,19,0,1,1,-1,-1,0,0,-1,-1,-1,-1,-1,4,1,3,7,2,33,6,1560,2,10,PEUGEOT EXPERT,8,E01011769,0,-1
2021010318022,2021,010318022,1,19,0,7,7,8,3,0,0,1,0,0,0,0,4,1,1,1,1,36,7,1560,2,2,PEUGEOT EXPERT,7,E01030651,0,-1
2021010343510,2021,010343510,2,19,0,99,99,9,9,99,99,9,9,99,9,99,9,9,6,6,3,-1,-1,1997,2,15,PEUGEOT EXPERT,6,E01001093,0,-1
2021141125687,2021,141125687,1,9,0,18,19,4,8,0,0,0,0,0,4,0,2,1,6,6,1,48,8,-1,-1,-1,PEUGEOT EXPERT,3,E01007494,0,-1
2021302100631,2021,302100631,1,19,0,1,1,6,2,0,0,2,0,0,0,0,2,1,1,1,1,47,8,1560,2,5,PEUGEOT EXPERT,7,E01023662,0,-1
2021451116571,2021,451116571,1,19,0,18,19,7,3,0,0,1,0,0,0,0,1,1,2,2,1,36,7,1499,2,1,PEUGEOT EXPERT,10,E01030638,0,-1
2021421094545,2021,421094545,1,19,0,5,5,5,8,0,0,0,0,0,0,0,3,1,1,1,1,50,8,1560,2,3,PEUGEOT EXPERT,6,E01021917,0,-1
2021141099384,2021,141099384,1,9,0,18,19,7,3,0,0,0,0,0,0,0,4,1,1,1,1,46,8,-1,-1,-1,PEUGEOT EXPERT,2,E01008101,0,-1
2021201149162,2021,201149162,1,19,0,5,5,4,8,0,0,1,0,0,0,0,1,1,1,1,1,47,8,1499,2,1,PEUGEOT EXPERT,-1,-1,0,-1
2021320634436,2021,320634436,2,8,0,18,19,4,8,0,0,0,0,0,0,0,3,1,1,1,1,20,4,1997,2,9,PEUGEOT EXPERT,1,E01026109,0,-1
2021201085360,2021,201085360,2,19,0,1,1,2,4,0,0,0,0,0,0,0,2,1,6,6,1,38,7,1560,2,11,PEUGEOT EXPERT,1,E01010308,0,-1
2021440329461,2021,440329461,2,19,0,9,9,5,3,0,0,8,0,0,0,0,0,1,6,6,1,62,9,1560,2,2,PEUGEOT EXPERT,9,E01032877,0,-1
2021010352429,2021,010352429,1,19,0,10,10,1,6,0,0,2,0,0,0,0,3,1,1,1,1,23,5,1499,2,1,PEUGEOT EXPERT,2,E01021268,0,-1
2021052100198,2021,052100198,1,8,0,1,1,1,5,0,0,0,0,0,0,0,2,1,1,1,1,57,9,1997,2,11,PEUGEOT EXPERT,1,E01006731,0,-1
2021302101835,2021,302101835,1,9,0,18,19,2,6,0,0,1,0,0,0,0,1,1,6,6,3,-1,-1,-1,-1,-1,PEUGEOT EXPERT,5,E01019456,0,-1
20211383C0976,2021,1383C0976,1,8,0,18,19,2,7,0,0,0,0,0,0,0,1,1,1,1,1,60,9,1997,2,11,PEUGEOT EXPERT,3,E01011257,0,-1
2021010322556,2021,010322556,1,19,0,5,5,0,1,0,0,0,0,0,0,0,3,1,1,1,1,58,9,1997,2,5,PEUGEOT EXPERT,2,E01000184,0,-1
2021501048857,2021,501048857,5,20,0,18,19,3,7,0,0,0,1,0,0,0,1,1,6,6,1,39,7,-1,-1,-1,PEUGEOT EXPERT,4,E01018892,0,-1
2021430197454,2021,430197454,1,19,0,9,9,1,7,0,0,8,0,0,0,0,3,1,2,2,1,64,9,1997,2,13,PEUGEOT EXPERT,6,E01028498,0,-1
2021430300485,2021,430300485,2,19,0,7,7,5,7,0,0,5,0,0,1,0,2,1,1,1,1,28,6,1560,2,3,PEUGEOT EXPERT,8,E01015549,0,-1
2021361118102,2021,361118102,1,19,0,18,19,3,8,0,0,0,0,0,1,0,1,1,5,6,1,36,7,1997,2,2,PEUGEOT EXPERT,7,E01026897,0,-1
2021421086521,2021,421086521,2,19,0,18,19,7,3,0,0,0,0,0,0,0,2,1,1,1,1,37,7,1997,2,5,PEUGEOT EXPERT,8,E01021931,0,-1
2021141127435,2021,141127435,2,19,0,7,7,6,1,0,0,1,0,0,0,0,1,1,1,1,1,56,9,1997,2,4,PEUGEOT EXPERT,8,E01007891,0,-1
2021471046241,2021,471046241,1,19,0,17,19,6,3,0,0,0,0,0,0,0,1,1,5,6,1,23,5,1560,2,3,PEUGEOT EXPERT,5,E01022781,0,-1
2021131052742,2021,131052742,1,9,0,-1,-1,1,5,0,0,0,0,0,0,0,4,1,6,6,3,-1,-1,1560,2,4,PEUGEOT EXPERT,-1,-1,0,-1
2021421058568,2021,421058568,1,19,0,9,9,7,5,0,0,1,0,7,0,0,4,1,5,6,1,78,11,1997,2,0,PEUGEOT EXPERT,7,E01033052,0,-1
2021501049090,2021,501049090,1,19,0,1,1,3,7,0,0,0,0,0,0,0,2,1,6,6,1,44,7,1560,2,4,PEUGEOT EXPERT,8,E01015035,0,-1
2021430383092,2021,430383092,1,19,0,5,5,4,2,0,0,2,0,0,0,0,3,1,1,1,1,28,6,1560,2,4,PEUGEOT EXPERT,9,E01028759,0,-1
2021471016096,2021,471016096,2,19,0,3,3,2,6,0,0,0,1,0,0,0,2,1,1,1,1,53,8,1997,2,13,PEUGEOT EXPERT,4,E01022973,0,-1
2021161090748,2021,161090748,1,19,0,18,19,7,3,0,0,0,1,0,0,0,1,1,2,2,1,30,6,1868,2,17,PEUGEOT EXPERT,1,E01013136,0,-1
2021101027024,2021,101027024,2,19,0,18,19,5,1,0,0,1,0,0,0,0,3,1,1,1,1,54,8,1997,2,5,PEUGEOT EXPERT,3,E01008708,0,-1
2021010335080,2021,010335080,2,9,0,18,19,5,1,0,0,1,0,0,0,0,3,1,1,1,1,42,7,1997,2,5,PEUGEOT EXPERT,5,E01030983,0,-1
202134WNC2891,2021,34WNC2891,1,19,0,18,19,1,5,0,0,2,0,0,0,0,4,1,1,1,1,60,9,1560,2,14,PEUGEOT EXPERT,6,E01027234,0,-1
2021302101622,2021,302101622,1,8,0,18,19,8,4,0,0,7,0,0,0,0,1,1,1,1,1,48,8,1997,2,16,PEUGEOT EXPERT,1,E01013566,0,-1
2021501019159,2021,501019159,2,19,0,18,19,1,7,0,0,1,1,0,0,0,4,1,1,1,1,29,6,1997,2,4,PEUGEOT EXPERT,4,E01019037,0,-1
2021401118148,2021,401118148,2,19,0,4,4,-1,-1,0,0,0,0,0,0,0,2,1,1,1,1,26,6,1997,2,0,PEUGEOT EXPERT,6,E01033505,0,-1
2021501120437,2021,501120437,1,19,0,3,3,6,2,0,0,1,0,0,0,0,1,1,1,1,1,66,10,1560,2,7,PEUGEOT EXPERT,9,E01015141,0,-1
2021411101226,2021,411101226,2,19,0,9,9,-1,-1,0,0,8,0,0,0,0,4,1,1,1,1,38,7,1560,2,3,PEUGEOT EXPERT,10,E01017438,0,-1
2021451113238,2021,451113238,2,19,0,18,19,4,8,0,0,0,2,0,0,0,4,1,5,6,1,56,9,1997,2,15,PEUGEOT EXPERT,3,E01022153,0,-1
2021010297472,2021,010297472,2,19,0,99,99,9,9,99,99,9,9,99,9,99,9,9,6,6,3,-1,-1,1560,2,12,PEUGEOT EXPERT,3,E01001501,0,-1
2021010316165,2021,010316165,2,19,0,99,99,9,9,99,99,0,9,99,9,99,2,9,6,6,3,-1,-1,1560,2,3,PEUGEOT EXPERT,-1,-1,0,-1
2021010339076,2021,010339076,2,19,0,99,99,9,9,99,99,0,9,99,9,99,2,9,6,6,3,-1,-1,1560,2,3,PEUGEOT EXPERT,4,E01021272,0,-1
2021440379515,2021,440379515,3,19,0,18,19,5,1,0,0,0,0,0,0,0,1,1,1,1,1,43,7,1560,2,4,PEUGEOT EXPERT,5,W01000662,0,-1
2021161084552,2021,161084552,2,9,0,18,19,4,8,0,0,1,0,0,0,0,1,1,5,6,1,33,6,1997,2,13,PEUGEOT EXPERT,1,E01012858,0,-1
2021010348518,2021,010348518,2,19,0,99,99,9,9,99,99,9,9,99,9,99,9,9,6,6,3,-1,-1,1560,2,4,PEUGEOT EXPERT,4,E01002743,0,-1
2021461094900,2021,461094900,3,19,0,4,4,3,7,0,0,0,0,0,0,0,3,1,6,6,3,-1,-1,1997,2,2,PEUGEOT EXPERT,-1,-1,0,-1
2021320205441,2021,320205441,2,20,0,7,7,1,7,0,0,1,0,0,0,0,2,1,1,1,1,46,8,-1,-1,-1,PEUGEOT EXPERT,4,E01026248,0,-1
2021010335192,2021,010335192,2,19,0,18,19,3,7,0,0,1,0,0,0,0,1,1,1,1,1,19,4,1560,2,2,PEUGEOT EXPERT,2,E01000796,0,-1
2021501135114,2021,501135114,1,9,0,5,5,3,7,0,0,0,0,0,0,0,3,1,2,2,1,34,6,1997,2,7,PEUGEOT EXPERT,1,E01015180,0,-1
202163D012022,2021,63D012022,2,19,0,13,13,4,8,0,0,8,2,0,7,10,4,1,2,2,1,42,7,1560,2,11,PEUGEOT EXPERT,6,W01000431,0,-1
2021430524373,2021,430524373,2,19,0,2,2,0,0,0,0,0,0,0,1,0,2,1,1,1,1,43,7,1868,2,18,PEUGEOT EXPERT,-1,-1,0,-1
2021231057077,2021,231057077,3,19,0,4,4,6,2,0,0,0,0,0,0,0,2,1,5,6,1,30,6,1560,2,2,PEUGEOT EXPERT,-1,-1,0,-1
2021411040351,2021,411040351,2,19,0,2,2,0,0,9,9,0,0,0,0,0,2,1,6,6,3,-1,-1,1560,2,3,PEUGEOT EXPERT,-1,-1,0,-1
2021501031277,2021,501031277,1,19,0,15,15,7,3,0,0,0,1,0,0,0,2,1,1,1,2,65,9,1997,2,14,PEUGEOT EXPERT,4,E01018979,0,-1
2021411016233,2021,411016233,1,19,0,18,19,5,1,0,0,0,0,0,0,0,0,1,1,1,1,23,5,1997,2,1,PEUGEOT EXPERT,7,E01002177,0,-1
2021201017347,2021,201017347,1,19,0,17,19,5,2,0,0,8,0,0,0,0,1,1,1,1,1,35,6,1560,2,2,PEUGEOT EXPERT,2,E01010533,0,-1
2021010308556,2021,010308556,2,19,0,99,99,9,9,99,99,9,9,99,9,99,2,9,6,6,3,-1,-1,1997,2,1,PEUGEOT EXPERT,5,E01004057,0,-1
2021201026878,2021,201026878,2,9,0,14,14,6,2,0,0,8,0,10,7,0,1,1,6,6,1,-1,-1,1896,2,16,-1,-1,-1,0,-1
2021471103614,2021,471103614,2,9,0,18,19,1,5,0,0,1,0,0,0,0,1,1,5,6,2,49,8,1896,2,19,-1,6,E01031402,0,-1
2021501063587,2021,501063587,1,9,0,18,19,3,7,0,0,1,0,0,0,0,1,1,5,6,1,52,8,-1,3,2,TESLA MODEL X,7,E01015226,0,-1
2021421051814,2021,421051814,2,9,0,18,19,8,5,0,0,0,0,0,0,0,2,1,5,6,1,21,5,-1,3,4,TESLA MODEL X,8,E01022059,0,-1
2021451072433,2021,451072433,2,9,0,18,19,7,3,0,0,2,0,0,1,10,4,1,5,6,1,65,9,-1,3,2,TESLA MODEL X,9,E01030305,0,-1
202131C041821,2021,31C041821,2,9,0,18,19,2,6,2,2,8,0,0,0,0,1,1,6,6,1,43,7,-1,3,4,TESLA MODEL X,1,E01013850,0,-1
2021549691421,2021,549691421,1,9,0,18,19,5,1,0,0,2,0,0,0,0,1,1,6,6,2,55,8,-1,3,2,TESLA MODEL X,9,E01032707,0,-1
2021351063878,2021,351063878,1,9,0,7,7,7,1,0,0,6,1,0,0,0,3,1,6,6,1,36,7,-1,3,3,TESLA MODEL X,7,E01018247,0,-1
2021141102314,2021,141102314,2,9,0,2,2,0,0,0,0,1,0,0,0,0,3,1,5,6,2,38,7,-1,3,1,TESLA MODEL X,3,E01007488,0,-1
2021501044301,2021,501044301,1,9,0,18,19,5,1,0,0,0,2,0,8,4,1,1,5,6,1,37,7,-1,3,4,TESLA MODEL X,3,E01018815,0,-1
2021531052509,2021,531052509,1,9,0,3,3,8,4,0,0,1,0,0,0,0,2,1,6,6,1,38,7,-1,3,4,TESLA MODEL X,6,E01004712,0,-1
2021421026041,2021,421026041,3,9,0,5,5,5,1,0,0,1,0,0,0,0,2,1,2,2,1,36,7,-1,3,2,TESLA MODEL X,7,E01029945,0,-1
2021411039236,2021,411039236,1,9,0,5,5,5,1,0,0,0,0,0,0,0,1,1,6,6,1,38,7,-1,3,1,TESLA MODEL X,5,E01002229,0,-1
2021991026563,2021,991026563,2,9,0,18,19,2,6,0,0,1,0,0,0,0,1,1,6,6,1,36,7,-1,3,4,TESLA MODEL X,8,-1,0,-1
2021010328637,2021,010328637,1,9,0,18,19,1,5,0,0,1,0,0,0,0,1,1,1,1,1,57,9,-1,3,4,TESLA MODEL X,9,E01000199,0,-1
2021010342298,2021,010342298,2,9,0,5,5,7,3,0,0,8,0,0,0,0,1,1,6,6,1,69,10,-1,3,1,TESLA MODEL X,8,E01001680,0,-1
2021061076576,2021,061076576,2,9,0,1,1,3,8,0,0,1,0,0,0,0,2,1,5,6,1,30,6,-1,3,2,TESLA MODEL X,-1,-1,0,-1
2021231050733,2021,231050733,1,9,0,5,5,8,4,0,0,8,0,0,0,0,1,1,5,6,1,48,8,-1,3,2,TESLA MODEL X,10,E01031100,0,-1
2021010306815,2021,010306815,1,9,0,4,4,3,7,0,0,2,0,0,0,0,2,1,6,6,1,67,10,-1,3,3,TESLA MODEL X,7,E01000427,0,-1
2021552100736,2021,552100736,3,9,0,7,7,8,2,0,0,6,0,0,0,0,3,1,6,6,1,57,9,-1,3,3,TESLA MODEL X,6,E01015368,0,-1
2021010346653,2021,010346653,1,9,0,5,5,0,1,0,0,6,0,0,0,0,3,1,1,1,1,61,9,-1,3,4,TESLA MODEL X,7,E01004692,0,-1
2021010335616,2021,010335616,2,9,0,99,99,9,9,99,99,9,9,99,9,99,9,9,6,6,3,-1,-1,-1,3,3,TESLA MODEL X,3,E01033132,0,-1
2021531032831,2021,531032831,1,9,0,18,19,7,3,0,0,1,0,0,0,0,4,1,6,6,1,23,5,-1,3,3,TESLA MODEL X,-1,-1,0,-1
2021010347449,2021,010347449,1,9,0,9,9,2,7,0,0,5,0,0,0,0,3,1,3,7,2,37,7,-1,3,2,TESLA MODEL X,6,E01001160,0,-1
2021010344775,2021,010344775,1,9,0,6,6,7,7,0,0,0,0,0,0,0,4,1,6,6,1,52,8,-1,3,4,TESLA MODEL X,9,E01003802,0,-1
2021161040877,2021,161040877,2,9,0,4,4,1,5,0,0,0,0,0,0,0,1,1,1,1,1,-1,-1,-1,3,2,TESLA MODEL X,-1,-1,0,-1
2021010299836,2021,010299836,2,9,0,99,99,9,9,99,99,9,9,99,9,99,9,9,6,6,3,-1,-1,-1,3,3,TESLA MODEL X,-1,-1,0,-1
2021061084805,2021,061084805,1,9,0,18,19,8,4,0,0,8,0,0,0,0,4,1,2,2,1,51,8,-1,3,1,TESLA MODEL X,9,E01005740,0,-1
2021440155304,2021,440155304,3,9,0,2,2,0,0,0,0,0,0,0,0,0,2,1,6,6,3,-1,-1,-1,3,2,TESLA MODEL X,-1,-1,0,-1
2021440269403,2021,440269403,2,9,0,4,4,5,1,0,0,0,0,0,0,0,2,1,6,6,1,70,10,-1,3,3,TESLA MODEL X,10,E01022860,0,-1
2021010351724,2021,010351724,1,9,0,18,19,3,7,0,0,8,0,0,0,0,4,1,6,6,1,44,7,-1,3,4,TESLA MODEL X,3,E01001465,0,-1
2021461078700,2021,461078700,2,5,0,4,4,2,2,0,0,0,0,0,0,0,2,1,5,6,1,57,9,955,1,24,-1,5,E01024198,0,-1
2021141044987,2021,141044987,2,9,0,3,3,2,6,0,0,1,0,0,0,0,2,1,5,6,2,53,8,2400,2,10,VOLVO S60,3,E01007538,0,-1
202134WNC2871,2021,34WNC2871,2,9,0,18,19,5,1,0,0,3,0,0,0,0,4,1,6,6,2,33,6,2401,2,18,VOLVO S60,9,E01027264,0,-1
2021111082254,2021,111082254,1,9,0,18,19,7,3,0,0,0,0,4,0,0,1,1,6,6,1,18,4,2401,2,19,VOLVO S60,3,E01020791,0,-1
2021201142288,2021,201142288,2,9,0,16,19,4,7,0,0,8,0,0,0,0,1,1,6,6,1,72,10,1969,1,1,VOLVO S60,5,E01009721,0,-1
2021010319459,2021,010319459,1,9,0,99,99,9,9,99,99,0,9,99,9,99,2,9,2,2,1,34,6,2400,2,6,VOLVO S60,7,E01000536,0,-1
2021170S20851,2021,170S20851,1,9,0,18,19,5,1,0,0,8,0,0,0,0,3,1,2,2,1,26,6,1984,2,9,VOLVO S60,2,E01012275,0,-1
2021610047921,2021,610047921,2,9,0,18,19,7,3,0,0,0,0,0,0,0,1,1,6,6,1,49,8,1969,8,0,VOLVO S60,10,W01001404,0,-1
2021411090913,2021,411090913,2,9,0,18,19,1,5,0,0,0,0,0,0,0,2,1,5,6,2,37,7,1560,2,10,VOLVO S60,7,E01023347,0,-1
2021101114151,2021,101114151,2,9,0,4,4,5,1,0,0,0,0,0,0,0,2,1,2,2,1,54,8,1984,2,10,VOLVO S60,8,E01008868,0,-1
2021430344821,2021,430344821,2,9,0,13,13,2,6,0,0,0,0,0,0,0,4,1,6,6,1,30,6,1969,2,3,VOLVO S60,-1,-1,0,-1
2021421106958,2021,421106958,1,9,0,18,19,5,1,0,0,2,0,4,0,0,1,1,6,6,1,39,7,2319,1,19,VOLVO S60,4,E01015907,0,-1
2021010322896,2021,010322896,1,9,0,9,9,5,2,0,0,1,0,0,0,0,3,1,6,6,1,74,10,2521,1,18,VOLVO S60,2,E01003432,0,-1
2021010296892,2021,010296892,3,9,0,3,3,1,5,0,0,8,0,4,0,0,2,1,6,6,1,34,6,1984,1,15,VOLVO S60,5,E01001157,0,-1
2021070156738,2021,070156738,2,9,0,18,19,5,1,0,0,8,0,0,0,0,3,1,6,6,2,74,10,1984,2,10,VOLVO S60,8,E01018582,0,-1
2021451018714,2021,451018714,1,9,0,18,19,1,1,0,0,0,0,0,0,0,2,1,1,1,1,27,6,1984,2,9,VOLVO S60,7,E01023125,0,-1
2021201149475,2021,201149475,2,9,0,3,3,4,8,0,0,0,0,0,0,0,2,1,6,6,1,34,6,2401,2,17,VOLVO S60,1,E01009500,0,-1
2021201150291,2021,201150291,2,9,0,5,5,8,4,0,0,8,0,7,0,0,1,1,2,2,1,22,5,2401,2,15,VOLVO S60,1,E01010524,0,-1
2021411099683,2021,411099683,2,9,0,2,2,0,0,0,0,1,0,0,1,10,2,1,6,6,3,-1,-1,1984,2,10,VOLVO S60,-1,-1,0,-1
2021101039914,2021,101039914,1,9,0,4,4,3,7,0,0,0,0,0,0,0,1,1,5,6,1,28,6,1560,2,9,VOLVO S60,5,E01008329,0,-1
2021991039850,2021,991039850,1,9,0,18,19,2,6,0,0,1,0,7,0,0,4,1,5,6,2,80,11,2401,1,15,VOLVO S60,7,-1,0,-1
2021430497251,2021,430497251,1,9,0,9,9,3,1,0,0,5,0,0,0,0,1,1,6,6,1,87,11,1984,2,10,VOLVO S60,9,E01017660,0,-1
2021471069449,2021,471069449,1,9,0,9,9,4,2,0,0,8,0,0,0,0,1,1,5,6,1,63,9,2401,2,15,VOLVO S60,9,E01033310,0,-1
2021122101289,2021,122101289,1,9,0,6,6,5,5,0,0,1,0,0,0,0,3,1,3,7,1,37,7,1969,2,4,VOLVO S60,4,E01027910,0,-1
2021010310168,2021,010310168,1,9,0,9,9,5,4,0,0,1,0,0,0,0,4,1,6,6,2,47,8,2401,1,15,VOLVO S60,2,E01033726,0,-1
2021010318085,2021,010318085,1,9,0,18,19,3,7,0,0,0,0,11,0,0,4,1,6,6,1,24,5,1969,2,6,VOLVO S60,4,E01033579,0,-1
2021461073880,2021,461073880,1,9,0,11,11,1,5,0,0,0,0,4,0,0,4,1,6,6,1,22,5,1969,1,1,VOLVO S60,6,E01024457,0,-1
2021010347863,2021,010347863,1,9,0,18,19,7,3,0,0,0,0,0,0,0,1,1,6,6,1,43,7,1969,2,7,VOLVO S60,3,E01000719,0,-1
2021622100480,2021,622100480,3,9,0,2,2,0,0,0,0,0,0,0,0,0,1,1,6,6,3,-1,-1,1984,2,9,VOLVO S60,-1,-1,0,-1
202134WNC7541,2021,34WNC7541,1,9,0,18,19,4,8,0,0,8,0,0,0,0,3,1,6,6,1,-1,-1,1984,2,7,VOLVO S60,-1,-1,0,-1
2021461025822,2021,461025822,1,8,0,6,6,5,3,0,0,1,0,0,0,0,1,1,6,6,1,29,6,1969,2,5,VOLVO S60,1,E01024682,0,-1
2021430416757,2021,430416757,1,9,0,17,19,6,2,0,0,0,2,0,0,6,1,1,2,2,1,39,7,1984,1,17,VOLVO S60,10,E01028464,0,-1
2021991040986,2021,991040986,3,9,0,18,19,2,6,0,0,0,0,0,0,0,1,1,2,2,1,42,7,1984,1,17,VOLVO S60,7,-1,0,-1
2021430512637,2021,430512637,1,9,0,8,8,2,5,0,0,1,0,0,0,0,1,1,3,7,1,42,7,1560,2,9,VOLVO S60,5,E01016280,0,-1
2021101094188,2021,101094188,3,9,0,18,19,1,5,0,0,1,0,0,0,0,1,1,6,6,1,50,8,1969,2,5,VOLVO S60,8,-1,0,-1
2021361031972,2021,361031972,3,9,0,18,19,7,3,0,0,1,0,0,0,0,1,1,1,1,1,54,8,1984,1,17,VOLVO S60,4,E01026651,0,-1
2021010351974,2021,010351974,1,9,0,99,99,9,9,99,99,9,9,99,9,99,1,9,2,2,1,28,6,1969,1,2,VOLVO S60,7,E01003643,0,-1
2021122100594,2021,122100594,1,9,0,7,7,1,2,0,0,6,0,0,0,0,1,1,1,1,2,71,10,1969,2,3,VOLVO S60,9,E01013362,0,-1
2021141050378,2021,141050378,1,9,0,18,19,1,5,0,0,3,0,10,0,0,1,1,6,6,1,34,6,1560,2,9,VOLVO S60,1,E01007886,0,-1
2021201059549,2021,201059549,2,9,0,18,19,4,8,0,0,8,0,10,1,2,3,1,6,6,1,38,7,1560,2,10,VOLVO S60,2,E01009342,0,-1
2021161060060,2021,161060060,1,9,0,18,19,4,8,0,0,2,0,0,1,0,3,1,2,2,1,49,8,1969,2,5,VOLVO S60,9,E01013168,0,-1
2021320354302,2021,320354302,3,9,0,18,19,4,2,0,0,0,0,0,0,0,3,1,6,6,1,36,7,2401,2,16,VOLVO S60,8,E01026212,0,-1
2021041112123,2021,041112123,1,9,0,18,19,5,1,0,0,1,0,0,3,0,1,1,5,6,1,53,8,2401,1,17,VOLVO S60,5,E01025541,0,-1
2021991106820,2021,991106820,2,9,0,18,19,4,8,0,0,0,0,0,1,0,1,1,6,6,1,45,7,1560,2,7,VOLVO S60,7,E01008850,0,-1
2021041058973,2021,041058973,1,9,0,18,19,8,4,0,0,1,0,0,0,0,1,1,6,6,3,-1,-1,1969,2,5,VOLVO S60,-1,-1,0,-1
2021991090843,2021,991090843,2,9,0,18,19,8,4,0,0,1,1,0,1,1,1,1,6,6,1,50,8,2401,2,16,VOLVO S60,5,-1,0,-1
202163A089921,2021,63A089921,1,9,0,13,13,8,4,0,0,8,1,0,7,10,1,1,6,6,1,25,5,1969,2,5,VOLVO S60,6,W01000539,0,-1
2021041106077,2021,041106077,1,9,0,18,19,5,1,0,0,4,0,0,0,0,2,1,5,6,1,29,6,1984,1,14,VOLVO S60,6,E01025265,0,-1
2021471094110,2021,471094110,1,9,0,18,19,4,8,0,0,1,0,0,0,0,1,1,6,6,2,46,8,2401,2,15,VOLVO S60,2,E01021020,0,-1
2021101059969,2021,101059969,1,9,0,7,7,4,6,0,0,0,1,0,0,0,1,1,6,6,1,20,4,2401,2,17,VOLVO S60,-1,-1,0,-1
2021501085653,2021,501085653,1,9,0,17,19,5,3,0,0,0,5,0,0,0,1,1,2,2,1,30,6,1984,2,10,VOLVO S60,4,E01026728,0,-1
2021201083551,2021,201083551,2,9,0,3,3,2,6,0,0,1,0,0,0,0,4,1,6,6,2,35,6,2401,2,16,VOLVO S60,5,E01008888,0,-1
2021070643391,2021,070643391,2,9,0,18,19,1,6,0,0,1,0,0,0,0,3,1,6,6,2,34,6,1969,2,6,VOLVO S60,-1,-1,0,-1
2021041125683,2021,041125683,1,9,0,18,19,3,5,0,0,8,0,0,0,0,1,1,5,6,1,61,9,1969,2,3,VOLVO S60,6,E01025495,0,-1
2021101119776,2021,101119776,3,9,0,2,2,3,7,0,0,0,0,0,0,0,2,1,6,6,3,-1,-1,2401,2,17,VOLVO S60,-1,-1,0,-1
2021131114352,2021,131114352,2,9,0,2,2,1,5,0,0,0,0,0,0,0,3,2,6,6,3,-1,-1,1560,2,7,VOLVO S60,-1,-1,0,-1
202163D094321,2021,63D094321,1,9,0,12,12,2,6,0,0,8,0,0,0,0,4,1,6,6,2,35,6,2521,1,16,VOLVO S60,8,W01000458,0,-1
2021101137669,2021,101137669,1,9,0,18,19,1,5,0,0,3,0,0,0,0,4,1,6,6,1,32,6,1560,2,8,VOLVO S60,5,E01008514,0,-1
2021411042835,2021,411042835,2,9,0,18,19,5,1,0,0,0,1,10,0,0,3,1,3,7,2,48,8,1984,2,10,VOLVO S60,4,E01023883,0,-1
2021461037380,2021,461037380,1,9,0,18,19,3,7,0,0,0,0,0,0,0,1,1,6,6,1,57,9,2400,2,10,VOLVO S60,4,E01016115,0,-1
2021131112225,2021,131112225,2,9,0,18,19,6,2,0,0,1,0,0,0,0,1,1,5,6,2,47,8,1969,2,5,VOLVO S60,10,E01007430,0,-1
2021122100578,2021,122100578,1,9,0,3,3,5,1,0,0,4,0,0,0,0,2,1,6,6,1,32,6,2435,1,20,VOLVO S60,7,E01027707,0,-1
2021461109188,2021,461109188,1,9,0,18,19,2,5,0,0,0,0,0,0,0,1,1,6,6,3,26,6,1984,1,15,VOLVO S60,1,E01028568,0,-1
2021101117832,2021,101117832,1,9,0,9,9,6,8,0,0,2,0,0,0,0,1,1,5,6,1,50,8,2400,2,6,VOLVO S60,9,E01027449,0,-1
2021440393642,2021,440393642,1,9,0,18,19,3,7,0,0,1,1,0,0,0,1,1,6,6,2,38,7,1560,2,7,VOLVO S60,10,E01022926,0,-1
2021430204565,2021,430204565,1,9,0,7,7,8,2,0,0,4,0,0,0,0,3,1,6,6,1,64,9,1969,2,5,VOLVO S60,-1,-1,0,-1
2021411059644,2021,411059644,2,9,0,18,19,1,5,0,0,1,0,0,0,0,1,1,5,6,2,37,7,1969,2,7,VOLVO S60,10,E01023456,0,-1