collision_index,collision_year,collision_ref_no,vehicle_reference,vehicle_type,towing_and_articulation,vehicle_manoeuvre_historic,vehicle_manoeuvre,vehicle_direction_from,vehicle_direction_to,vehicle_location_restricted_lane_historic,vehicle_location_restricted_lane,junction_location,skidding_and_overturning,hit_object_in_carriageway,vehicle_leaving_carriageway,hit_object_off_carriageway,first_point_of_impact,vehicle_left_hand_drive,journey_purpose_of_driver_historic,journey_purpose_of_driver,sex_of_driver,age_of_driver,age_band_of_driver,engine_capacity_cc,propulsion_code,age_of_vehicle,generic_make_model,driver_imd_decile,lsoa_of_driver,escooter_flag,driver_distance_banding
2021371121920,2021,371121920,1,9,0,2,2,5,1,0,0,0,0,0,0,0,4,1,6,6,1,43,7,1984,2,9,VOLVO S60,6,E01030071,0,-1
202106A079856,2021,06A079856,1,9,0,18,19,6,6,0,0,1,1,10,4,1,3,1,6,6,1,22,5,2401,2,19,VOLVO S60,-1,-1,0,-1
2021201119183,2021,201119183,2,9,0,9,9,5,4,0,0,5,1,10,0,0,1,1,6,6,1,32,6,1969,1,2,VOLVO S60,8,E01028844,0,-1
2021010333366,2021,010333366,1,9,0,3,3,1,5,0,0,0,0,0,0,0,4,1,1,1,1,35,6,1969,2,4,VOLVO S60,1,E01000105,0,-1
202131C181721,2021,31C181721,1,9,0,6,6,2,2,0,0,1,0,0,0,0,3,1,6,6,1,30,6,1969,1,6,VOLVO S60,2,E01013870,0,-1
2021991030258,2021,991030258,1,9,0,9,9,6,4,0,0,2,0,0,0,0,1,1,1,1,1,38,7,2401,2,16,VOLVO S60,2,-1,0,-1
2021161062749,2021,161062749,2,9,0,5,5,5,1,0,0,8,0,0,0,0,3,1,1,1,2,46,8,2401,2,13,VOLVO S60,4,E01012947,0,-1
2021052101969,2021,052101969,1,9,0,18,19,8,4,0,0,8,0,0,0,0,1,1,6,6,1,38,7,2953,1,10,VOLVO S60,1,E01006732,0,-1
2021010319142,2021,010319142,2,9,0,99,99,9,9,99,99,0,9,99,9,99,2,9,6,6,1,41,7,1560,2,9,VOLVO S60,4,E01001903,0,-1
2021010290031,2021,010290031,2,9,0,18,19,5,1,0,0,0,0,0,0,0,3,9,6,6,2,23,5,2400,2,10,VOLVO S60,3,E01003627,0,-1
2021371091551,2021,371091551,2,9,0,4,4,3,7,0,0,8,0,0,0,0,3,1,5,6,1,54,8,1560,2,8,VOLVO S60,10,E01030192,0,-1
2021440485612,2021,440485612,1,9,0,18,19,4,8,0,0,0,1,0,7,4,1,1,6,6,1,34,6,2401,2,17,VOLVO S60,2,E01022970,0,-1
2021302100815,2021,302100815,2,9,0,18,19,2,6,0,0,8,0,0,0,0,1,1,6,6,3,-1,-1,1798,1,16,VOLVO V50,5,E01019456,0,-1
2021061093136,2021,061093136,1,9,0,18,19,3,7,0,0,0,0,0,0,0,1,1,6,6,1,35,6,1998,2,16,VOLVO V50,8,E01006131,0,-1
2021041047902,2021,041047902,1,9,0,18,19,5,1,0,0,0,1,0,4,0,1,1,6,6,2,26,6,1998,2,12,VOLVO V50,7,E01025169,0,-1
2021440463144,2021,440463144,2,9,0,9,9,3,7,0,0,1,0,0,0,0,1,1,6,6,1,30,6,1998,2,15,VOLVO V50,7,E01023225,0,-1
2021552101350,2021,552101350,1,9,0,17,19,3,7,0,0,8,2,0,7,11,3,1,6,6,1,65,9,1998,2,15,VOLVO V50,6,E01020452,0,-1
2021371038067,2021,371038067,2,9,0,18,19,4,8,0,0,0,0,0,0,0,3,1,2,2,2,36,7,1998,2,13,VOLVO V50,7,E01029911,0,-1
2021552100544,2021,552100544,1,9,0,5,5,8,4,0,0,4,0,0,0,0,1,1,6,6,1,23,5,1997,2,11,VOLVO V50,2,E01015338,0,-1
2021440234640,2021,440234640,1,9,0,18,19,5,1,0,0,0,0,0,0,0,3,1,6,6,1,-1,-1,1998,2,13,VOLVO V50,-1,-1,0,-1
2021010294292,2021,010294292,2,9,0,99,99,9,9,99,99,9,9,99,9,99,1,9,6,6,3,-1,-1,1560,2,10,VOLVO V50,-1,-1,0,-1
2021010343360,2021,010343360,1,9,0,1,1,5,1,0,0,1,0,0,0,0,2,1,6,6,3,-1,-1,1998,2,16,VOLVO V50,-1,-1,0,-1
2021549755521,2021,549755521,1,9,0,1,1,5,1,0,0,0,0,0,0,0,2,1,6,6,1,62,9,1998,2,13,VOLVO V50,8,E01031910,0,-1
202154B605521,2021,54B605521,2,9,0,4,4,1,5,0,0,0,0,0,0,0,2,1,6,6,1,-1,-1,1998,2,13,VOLVO V50,-1,-1,0,-1
2021221095031,2021,221095031,1,9,0,18,19,5,1,0,0,0,2,0,1,9,1,1,5,6,1,33,6,1998,2,15,VOLVO V50,4,E01007780,0,-1
2021201046484,2021,201046484,1,9,0,18,19,-1,-1,0,0,0,0,0,0,0,1,1,6,6,3,-1,-1,1997,2,15,VOLVO V50,-1,-1,0,-1
2021552101028,2021,552101028,1,9,0,1,1,6,2,0,0,0,0,0,0,0,2,1,6,6,1,44,7,1998,2,15,VOLVO V50,2,E01015367,0,-1
2021070825070,2021,070825070,2,9,0,17,19,8,5,0,0,1,0,0,0,0,1,1,6,6,2,-1,-1,1798,1,13,VOLVO V50,9,E01018675,0,-1
2021201073940,2021,201073940,2,9,0,3,3,1,5,0,0,2,0,0,0,0,3,1,6,6,2,42,7,1998,2,15,VOLVO V50,3,E01009831,0,-1
2021201023939,2021,201023939,3,9,0,3,3,2,6,0,0,1,0,0,0,0,1,1,6,6,1,50,8,1997,2,12,VOLVO V50,10,E01009436,0,-1
202134WNC3071,2021,34WNC3071,2,9,0,18,19,2,6,0,0,0,0,0,0,0,1,1,3,7,2,44,7,1560,2,9,VOLVO V50,6,E01032968,0,-1
2021010318817,2021,010318817,2,9,0,9,9,3,2,0,0,8,0,0,0,0,1,1,2,2,1,43,7,2435,1,17,VOLVO V50,9,E01001096,0,-1
2021991032545,2021,991032545,2,9,0,18,19,2,6,0,0,0,0,0,0,0,1,1,2,2,1,29,6,1999,1,14,VOLVO V50,7,-1,0,-1
2021010318853,2021,010318853,2,9,0,99,99,9,9,99,99,0,9,99,9,99,1,9,6,6,3,37,7,2521,1,14,VOLVO V50,8,E01001925,0,-1
2021010333445,2021,010333445,1,9,0,18,19,2,6,0,0,0,0,0,0,0,1,1,6,6,1,71,10,1560,2,11,VOLVO V50,10,E01030753,0,-1
2021461121958,2021,461121958,4,9,0,2,2,0,0,0,0,0,0,0,0,0,2,1,5,6,3,-1,-1,1998,2,15,VOLVO V50,-1,-1,0,-1
2021351102852,2021,351102852,1,9,0,9,9,7,4,0,0,8,0,0,0,0,4,1,5,6,1,53,8,1998,2,14,VOLVO V50,-1,-1,0,-1
2021141057309,2021,141057309,1,9,0,18,19,2,6,0,0,1,0,0,0,0,3,1,5,6,2,53,8,1998,2,16,VOLVO V50,6,E01022186,0,-1
2021461096212,2021,461096212,1,9,0,5,5,5,7,0,0,1,0,0,0,0,1,1,6,6,1,53,8,1560,2,10,VOLVO V50,-1,-1,0,-1
2021131038258,2021,131038258,2,9,0,2,2,0,0,0,0,0,0,0,0,0,1,1,6,6,3,-1,-1,1998,2,13,VOLVO V50,-1,-1,0,-1
2021371087816,2021,371087816,3,9,0,18,19,5,2,0,0,8,0,0,0,0,2,1,5,6,2,52,8,1998,2,14,VOLVO V50,5,E01026440,0,-1
2021070174849,2021,070174849,2,9,0,18,19,2,6,0,0,1,0,0,0,0,0,1,6,6,1,40,7,1998,2,16,VOLVO V50,1,E01018563,0,-1
2021061044302,2021,061044302,2,9,0,3,3,2,4,0,0,1,0,0,0,0,2,1,6,6,1,47,8,1998,2,16,VOLVO V50,2,E01005251,0,-1
2021991091112,2021,991091112,2,9,0,18,19,8,4,0,0,0,0,0,0,0,4,1,5,6,2,46,8,1798,1,16,VOLVO V50,6,-1,0,-1
2021061102746,2021,061102746,1,9,0,18,19,2,6,0,0,1,0,0,0,0,1,1,6,6,3,30,6,1998,2,16,VOLVO V50,-1,-1,0,-1
2021544826421,2021,544826421,1,9,0,1,1,5,1,9,9,0,0,4,0,0,2,1,6,6,1,29,6,1998,2,13,VOLVO V50,7,E01015474,0,-1
2021302101851,2021,302101851,1,9,0,9,9,2,8,0,0,8,0,0,0,0,1,1,6,6,1,27,6,1984,2,10,VOLVO V50,3,E01019404,0,-1
2021401062736,2021,401062736,1,9,0,18,19,8,4,0,0,0,0,0,0,0,4,1,5,6,1,56,9,1560,2,10,VOLVO V50,1,E01017471,0,-1
2021520105391,2021,520105391,2,9,0,18,19,1,5,0,0,8,0,0,0,0,1,1,6,6,1,42,7,1998,2,13,VOLVO V50,8,E01029194,0,-1
2021052101830,2021,052101830,2,9,0,3,3,1,5,0,0,1,0,0,0,0,2,1,6,6,1,46,8,2400,2,13,VOLVO V50,2,E01006744,0,-1
2021501019159,2021,501019159,1,9,0,18,19,3,7,0,0,6,0,0,0,0,1,1,6,6,1,83,11,1998,2,15,VOLVO V50,4,E01020311,0,-1
2021201030209,2021,201030209,4,9,0,2,2,0,0,0,0,0,0,0,0,0,4,1,5,6,1,-1,-1,1798,1,12,VOLVO V50,-1,-1,0,-1
2021221089882,2021,221089882,4,9,0,2,2,0,0,0,0,0,0,0,0,0,4,1,5,6,1,59,9,1998,2,17,VOLVO V50,2,E01032161,0,-1
2021430564843,2021,430564843,2,9,0,18,19,2,6,0,0,1,0,0,0,0,1,1,6,6,1,43,7,1998,2,15,VOLVO V50,3,E01016474,0,-1
2021161103564,2021,161103564,1,9,0,16,19,6,3,0,0,0,0,10,1,2,1,1,5,6,1,64,9,1998,2,16,VOLVO V50,5,E01012772,0,-1
2021111114104,2021,111114104,1,9,0,9,9,5,3,0,0,6,0,0,0,0,3,1,2,2,1,51,8,1560,2,11,VOLVO V50,5,E01020695,0,-1
2021361090631,2021,361090631,1,9,0,9,9,1,6,0,0,6,0,0,0,0,1,1,5,6,2,75,10,1560,2,9,VOLVO V50,6,E01026457,0,-1
2021451055779,2021,451055779,2,9,0,18,19,1,4,0,0,8,0,0,0,0,3,1,5,6,1,28,6,2401,2,12,VOLVO V50,6,E01002353,0,-1
2021131053101,2021,131053101,1,9,0,17,19,7,3,0,0,4,0,0,0,0,2,1,6,6,2,28,6,2521,1,13,VOLVO V50,1,E01011491,0,-1
2021031090554,2021,031090554,2,9,0,4,4,1,5,0,0,0,0,0,0,0,2,1,1,1,1,55,8,1560,2,11,VOLVO V50,5,E01019310,0,-1
2021531085131,2021,531085131,3,9,0,18,19,6,2,0,0,0,0,0,0,0,1,1,6,6,1,35,6,1798,1,13,VOLVO V50,3,E01014731,0,-1
2021522105727,2021,522105727,2,9,0,9,9,7,5,0,0,8,0,0,0,0,1,1,6,6,1,57,9,1560,2,12,VOLVO V50,4,E01014587,0,-1
2021401119731,2021,401119731,1,9,0,5,5,3,7,0,0,0,0,0,0,0,3,1,6,6,1,44,7,1984,2,10,VOLVO V50,4,E01017542,0,-1
2021371065706,2021,371065706,1,9,0,5,5,7,4,0,0,0,0,0,0,0,1,1,5,6,2,83,11,1997,2,12,VOLVO V50,8,E01029997,0,-1
2021010308898,2021,010308898,1,9,0,18,19,1,5,0,0,2,0,0,0,0,1,1,6,6,1,21,5,1997,2,12,VOLVO V50,-1,-1,0,-1
2021451023234,2021,451023234,2,9,0,18,19,2,6,0,0,0,0,0,0,0,3,1,1,1,1,28,6,1560,2,11,VOLVO V50,8,E01030666,0,-1
2021440452185,2021,440452185,2,9,0,18,19,6,2,0,0,8,0,0,0,0,1,1,6,6,1,22,5,1560,2,12,VOLVO V50,3,E01022901,0,-1
2021111018250,2021,111018250,2,9,0,2,2,1,5,0,0,1,0,0,0,0,3,1,6,6,3,-1,-1,1998,2,15,VOLVO V50,-1,-1,0,-1
2021471038924,2021,471038924,2,9,0,18,19,5,1,0,0,4,0,0,0,0,1,1,5,6,2,89,11,1984,2,10,VOLVO V50,6,E01021097,0,-1
2021351085758,2021,351085758,1,9,0,9,9,2,8,0,0,5,0,0,0,0,1,1,6,6,1,45,7,1560,2,9,VOLVO V50,8,E01018242,0,-1
2021010328653,2021,010328653,2,9,0,9,9,5,3,0,0,1,0,0,0,0,1,1,6,6,1,71,10,2435,1,15,VOLVO V50,1,E01003065,0,-1
2021010345272,2021,010345272,1,9,0,99,99,9,9,99,99,0,9,99,9,99,1,9,6,6,2,42,7,1798,1,13,VOLVO V50,8,E01002019,0,-1
2021451077870,2021,451077870,1,9,0,18,19,4,8,0,0,0,0,0,0,0,1,1,5,6,2,49,8,1998,2,15,VOLVO V50,10,W01001090,0,-1
2021201112526,2021,201112526,1,9,0,9,9,4,2,0,0,6,0,0,0,0,1,1,6,6,1,-1,-1,1998,2,16,VOLVO V50,-1,-1,0,-1
2021451045686,2021,451045686,1,9,0,18,19,8,4,0,0,0,5,4,0,0,3,1,6,6,1,23,5,1998,2,16,VOLVO V50,5,E01030983,0,-1
2021010293824,2021,010293824,2,9,0,99,99,9,9,99,99,0,9,99,9,99,1,9,6,6,3,-1,-1,1998,2,16,VOLVO V50,2,E01003304,0,-1
2021501128146,2021,501128146,1,9,0,4,4,5,1,0,0,0,0,0,0,0,2,1,6,6,1,73,10,1798,1,16,VOLVO V50,6,E01029077,0,-1
2021461073526,2021,461073526,1,9,0,15,15,3,5,0,0,8,0,0,0,0,1,1,6,6,3,-1,-1,2401,2,14,VOLVO V50,-1,-1,0,-1
202131B030421,2021,31B030421,2,9,0,18,19,8,4,0,0,0,0,0,0,0,0,1,6,6,1,62,9,1998,2,14,VOLVO V50,8,E01028303,0,-1
2021461111824,2021,461111824,2,9,0,5,5,6,2,0,0,0,0,0,0,0,2,1,6,6,1,64,9,1998,2,16,VOLVO V50,4,E01016120,0,-1
2021501130498,2021,501130498,3,9,0,2,2,0,0,0,0,1,0,0,0,0,3,1,6,6,1,-1,-1,1798,1,13,VOLVO V50,6,E01020237,0,-1
2021122100873,2021,122100873,1,9,0,1,1,7,3,0,0,0,0,0,0,0,2,1,6,6,1,84,11,1998,2,13,VOLVO V50,4,E01012981,0,-1
2021430317716,2021,430317716,1,9,0,4,4,6,2,0,0,0,0,0,0,0,2,1,6,6,2,64,9,1560,2,9,VOLVO V50,10,E01017819,0,-1
2021522103457,2021,522103457,2,9,0,18,19,1,5,0,0,8,0,0,0,0,1,1,6,6,1,25,5,1997,2,12,VOLVO V50,-1,-1,0,-1
2021010316893,2021,010316893,2,9,0,99,99,9,9,99,99,9,9,99,9,99,2,9,6,6,2,-1,-1,1798,1,13,VOLVO V50,4,E01001879,0,-1
2021501092885,2021,501092885,1,9,0,16,19,3,7,0,0,0,0,0,7,0,1,1,2,2,1,61,9,1998,2,13,VOLVO V50,4,E01020287,0,-1
2021541518021,2021,541518021,1,9,0,9,9,1,6,0,0,6,0,0,0,0,1,1,6,6,2,56,9,1560,2,10,VOLVO V50,10,E01031907,0,-1
2021041078402,2021,041078402,1,9,0,9,9,3,1,0,0,1,0,0,0,0,3,1,6,6,2,34,6,1999,1,13,VOLVO V50,7,E01025123,0,-1
202106L079178,2021,06L079178,1,9,0,4,4,2,6,0,0,1,0,0,0,0,2,1,6,6,1,24,5,1798,1,13,VOLVO V50,1,E01006305,0,-1
2021131060083,2021,131060083,2,9,0,18,19,1,5,0,0,8,0,0,0,0,1,1,5,6,2,53,8,1998,2,14,VOLVO V50,10,E01011198,0,-1
2021430168408,2021,430168408,2,9,0,8,8,7,1,0,0,1,0,0,0,0,2,1,6,6,1,66,10,1998,2,12,VOLVO V50,9,E01027222,0,-1
2021361096477,2021,361096477,1,9,0,9,9,1,6,0,0,8,0,0,0,0,4,1,5,6,1,53,8,1998,2,13,VOLVO V50,3,E01026784,0,-1
2021070482714,2021,070482714,1,9,0,18,19,7,3,0,0,0,0,2,0,0,1,1,6,6,1,33,6,1998,2,13,VOLVO V50,10,E01018471,0,-1
2021471106992,2021,471106992,1,9,0,13,13,6,3,0,0,0,0,0,0,0,1,1,6,6,1,24,5,1998,2,12,VOLVO V50,10,E01031517,0,-1
2021991091959,2021,991091959,1,9,0,18,19,3,7,0,0,8,0,0,0,0,1,1,6,6,1,72,10,1999,1,11,VOLVO V50,7,-1,0,-1
2021201066435,2021,201066435,2,9,0,3,3,1,5,0,0,0,0,0,0,0,2,1,6,6,1,58,9,1560,2,9,VOLVO V50,9,E01012487,0,-1
2021221105724,2021,221105724,1,9,0,9,9,1,7,0,0,5,0,0,0,0,1,1,5,6,1,65,9,1997,2,11,VOLVO V50,7,E01028954,0,-1
2021122101352,2021,122101352,1,9,0,17,19,8,5,0,0,0,0,0,2,11,1,1,6,6,1,18,4,1560,2,13,VOLVO V50,7,E01027572,0,-1
20211382C0564,2021,1382C0564,1,9,0,18,19,3,7,0,0,0,0,0,4,1,1,1,6,6,1,77,11,1560,2,11,VOLVO V50,8,E01011934,0,-1
2021010295042,2021,010295042,2,9,0,99,99,9,9,99,99,9,9,99,9,99,9,9,6,6,1,45,7,1998,2,15,VOLVO V50,9,E01030718,0,-1
2021201146117,2021,201146117,1,9,0,9,9,7,5,0,0,5,1,0,0,0,4,1,6,6,1,51,8,1560,2,12,VOLVO V50,2,E01010263,0,-1
2021461066848,2021,461066848,1,9,0,9,9,3,1,0,0,4,1,0,0,0,3,1,6,6,1,46,8,1798,1,13,VOLVO V50,10,E01024270,0,-1
2021131098697,2021,131098697,2,9,0,9,9,5,2,0,0,8,0,0,0,0,0,1,5,6,1,35,6,1998,2,15,VOLVO V50,1,E01010802,0,-1
2021501089901,2021,501089901,1,9,0,7,7,7,1,0,0,0,0,0,0,0,1,1,6,6,1,51,8,1560,2,11,VOLVO V50,1,E01015146,0,-1
2021461021039,2021,461021039,1,9,0,18,19,4,8,0,0,0,0,0,0,0,1,1,6,6,1,26,6,1560,2,11,VOLVO V50,4,E01020974,0,-1
2021531084915,2021,531084915,2,9,0,18,19,7,3,0,0,1,0,0,0,0,4,1,1,1,1,33,6,1998,2,14,VOLVO V50,1,E01022323,0,-1
2021430097207,2021,430097207,1,9,0,18,19,3,7,0,0,0,0,0,0,0,1,1,6,6,1,57,9,1560,2,11,VOLVO V50,10,E01017869,0,-1
2021552101304,2021,552101304,2,9,0,2,2,0,0,0,0,0,0,0,0,0,1,1,6,6,3,-1,-1,1997,2,12,VOLVO V50,-1,-1,0,-1
2021131066986,2021,131066986,2,9,0,3,3,1,5,0,0,0,0,0,0,0,2,1,5,6,1,44,7,1984,2,11,VOLVO V50,1,E01011658,0,-1
2021501119132,2021,501119132,1,9,0,18,19,1,5,0,0,0,2,10,0,0,1,1,5,6,1,68,10,1998,2,13,VOLVO V50,3,E01019022,0,-1
2021471028615,2021,471028615,2,17,0,18,19,1,5,0,0,2,0,4,0,0,1,1,1,1,1,70,10,4156,2,6,-1,8,E01031543,0,-1
2021122100613,2021,122100613,2,17,0,18,19,5,1,0,0,0,0,0,0,0,1,1,1,1,1,16,4,4000,2,6,-1,5,E01027857,0,-1
2021052100143,2021,052100143,1,3,0,5,5,3,7,0,0,4,0,0,0,0,1,1,6,6,1,34,6,124,1,18,-1,1,E01006872,0,-1
2021041039275,2021,041039275,1,9,0,13,13,7,3,0,0,0,0,0,0,0,1,1,5,6,1,20,4,1896,2,12,AUDI A3,2,E01024863,0,-1
2021201065349,2021,201065349,1,9,0,18,19,7,3,0,0,8,0,0,0,0,3,1,6,6,1,45,7,1598,2,2,AUDI A3,9,E01008991,0,-1
2021010317545,2021,010317545,2,9,0,4,4,1,5,0,0,0,0,0,0,0,0,1,6,6,2,45,7,1598,2,11,AUDI A3,4,E01002631,0,-1
2021010314787,2021,010314787,2,9,0,99,99,9,9,99,99,9,9,99,9,99,9,9,6,6,2,27,6,1984,1,13,AUDI A3,7,E01003816,0,-1
2021471046172,2021,471046172,2,9,0,-1,-1,-1,-1,-1,-1,-1,-1,-1,-1,0,-1,1,6,6,1,33,6,1968,2,7,AUDI A3,4,E01031785,0,-1
2021161040254,2021,161040254,2,9,0,18,19,3,7,0,0,1,0,0,0,0,1,1,5,6,1,22,5,1968,2,10,AUDI A3,3,E01013254,0,-1
2021991014027,2021,991014027,1,9,0,11,11,1,5,0,0,0,0,0,0,0,4,1,2,2,1,22,5,999,1,3,AUDI A3,10,-1,0,-1
2021991032115,2021,991032115,1,9,0,16,19,2,6,0,0,0,0,0,0,0,1,1,5,6,1,81,11,1798,1,8,AUDI A3,8,-1,0,-1
2021451062984,2021,451062984,2,9,0,14,14,1,1,0,0,0,0,8,0,0,3,1,6,6,1,28,6,1390,1,10,AUDI A3,10,E01030620,0,-1
2021131109810,2021,131109810,2,9,0,18,19,3,7,0,0,1,0,0,0,0,4,1,5,6,1,48,8,1968,2,7,AUDI A3,3,E01011139,0,-1
2021231052195,2021,231052195,2,9,0,18,19,2,6,0,0,8,0,0,0,0,3,1,5,6,1,30,6,1896,2,13,AUDI A3,2,E01031092,0,-1
2021471056065,2021,471056065,1,9,0,18,19,5,1,0,0,1,0,0,0,0,1,1,3,7,2,35,6,1595,1,10,AUDI A3,7,E01024430,0,-1
2021430512305,2021,430512305,2,9,0,18,19,7,3,0,0,8,0,0,0,0,1,1,6,6,1,30,6,1968,2,4,AUDI A3,-1,-1,0,-1
2021131044108,2021,131044108,1,9,0,3,3,2,5,0,0,1,0,0,0,0,1,1,5,6,2,43,7,1968,2,16,AUDI A3,5,E01011798,0,-1
2021161087172,2021,161087172,1,9,0,6,6,3,3,0,0,0,0,0,0,0,3,1,5,6,1,19,4,1595,2,11,AUDI A3,7,E01013288,0,-1
2021461081431,2021,461081431,1,9,0,7,7,1,3,9,9,1,5,0,0,0,1,1,2,2,1,48,8,1984,1,13,AUDI A3,-1,-1,0,-1
2021010293789,2021,010293789,1,9,0,99,99,9,9,99,99,9,9,99,9,99,1,9,6,6,1,28,6,1498,1,3,AUDI A3,4,E01032788,0,-1
2021010291669,2021,010291669,2,9,0,7,7,7,1,0,0,5,0,0,0,0,4,1,1,1,1,49,8,1595,2,12,AUDI A3,4,E01000478,0,-1
202134WNC6071,2021,34WNC6071,1,9,0,18,19,7,3,0,0,1,0,0,0,0,3,1,6,6,1,-1,-1,1595,2,11,AUDI A3,1,E01016742,0,-1
2021221121966,2021,221121966,2,9,0,18,19,3,7,0,0,0,0,0,0,0,3,1,5,6,2,29,6,1968,2,8,AUDI A3,1,E01014113,0,-1
2021010334808,2021,010334808,1,9,0,99,99,9,9,99,99,9,9,99,9,99,2,9,2,2,1,26,6,1968,2,0,AUDI A3,6,E01004359,0,-1
2021201045214,2021,201045214,1,9,0,5,5,8,4,0,0,0,0,0,0,0,1,1,6,6,1,42,7,1968,2,12,AUDI A3,1,E01032332,0,-1
2021411033701,2021,411033701,1,9,0,9,9,1,5,0,0,8,0,10,2,1,1,1,1,1,1,25,5,1595,1,11,AUDI A3,6,E01023934,0,-1
2021622200008,2021,622200008,1,9,0,18,19,3,7,0,0,0,0,0,0,0,1,1,6,6,1,22,5,1598,2,4,AUDI A3,5,W01001033,0,-1
2021201117806,2021,201117806,1,9,0,18,19,4,8,0,0,0,0,0,0,0,4,1,6,6,1,27,6,1968,2,13,AUDI A3,2,E01010047,0,-1
2021010319912,2021,010319912,2,9,0,6,6,3,3,0,0,2,0,0,0,0,3,1,6,6,3,-1,-1,1798,1,12,AUDI A3,-1,-1,0,-1
2021010318821,2021,010318821,1,9,0,9,9,1,7,0,0,3,0,0,7,1,1,1,6,6,1,28,6,1968,2,17,AUDI A3,-1,-1,0,-1
2021070786227,2021,070786227,1,9,0,18,19,6,2,0,0,8,0,9,0,0,3,1,6,6,1,54,8,1896,2,12,AUDI A3,10,E01018427,0,-1
2021101031095,2021,101031095,2,9,0,3,3,2,8,0,0,0,0,0,0,0,2,1,5,6,1,43,7,1896,2,12,AUDI A3,-1,-1,0,-1
2021622100937,2021,622100937,2,9,0,2,2,0,0,0,0,0,0,0,0,0,1,1,6,6,3,-1,-1,1896,2,12,AUDI A3,-1,-1,0,-1
2021201121357,2021,201121357,2,9,0,14,14,8,4,0,0,8,0,0,0,0,1,1,6,6,1,23,5,1598,2,2,AUDI A3,1,E01008966,0,-1
2021111078716,2021,111078716,1,9,0,1,1,5,1,0,0,0,0,0,0,0,2,1,6,6,2,23,5,1598,2,2,AUDI A3,-1,-1,0,-1
2021061025622,2021,061025622,1,9,0,7,7,7,1,0,0,3,0,0,0,0,3,1,6,6,1,30,6,1798,1,10,AUDI A3,2,E01006068,0,-1
2021131099284,2021,131099284,1,9,0,18,19,5,1,0,0,0,0,0,0,0,1,1,2,2,1,36,7,1598,2,8,AUDI A3,1,E01010745,0,-1
2021440502596,2021,440502596,1,9,0,18,19,2,6,0,0,0,0,0,0,0,4,1,6,6,1,34,6,1968,2,6,AUDI A3,6,E01022880,0,-1
2021061039280,2021,061039280,2,9,0,18,19,1,5,0,0,8,0,0,0,0,1,1,6,6,3,-1,-1,1984,1,14,AUDI A3,-1,-1,0,-1
2021201065232,2021,201065232,1,9,0,18,19,3,7,0,0,8,0,0,0,0,3,1,6,6,1,28,6,1595,2,11,AUDI A3,1,E01009327,0,-1
2021440023959,2021,440023959,2,9,0,4,4,3,7,0,0,0,0,0,0,0,1,1,6,6,2,28,6,1968,2,11,AUDI A3,8,E01017180,0,-1
2021101091842,2021,101091842,1,9,0,18,19,5,1,0,0,0,0,0,0,0,1,1,6,6,1,36,7,999,1,2,AUDI A3,1,E01008297,0,-1
2021061046072,2021,061046072,3,9,0,10,10,5,3,0,0,0,0,0,0,0,1,1,6,6,1,29,6,1498,1,3,AUDI A3,7,E01005306,0,-1
2021440247269,2021,440247269,2,9,0,9,9,7,3,0,0,8,0,0,0,0,1,1,6,6,3,-1,-1,1968,2,13,AUDI A3,-1,-1,0,-1
2021041076936,2021,041076936,2,9,0,18,19,7,3,0,0,8,0,0,7,0,1,1,5,6,1,19,4,1595,1,15,AUDI A3,1,E01012687,0,-1
2021991041443,2021,991041443,1,9,0,18,19,5,1,0,0,1,0,10,1,0,3,1,6,6,1,28,6,1896,2,15,AUDI A3,1,-1,0,-1
2021201045896,2021,201045896,1,9,0,5,5,4,8,8,6,0,0,0,0,0,1,1,6,6,2,39,7,1968,2,9,AUDI A3,2,E01010503,0,-1
202131A056621,2021,31A056621,2,9,0,17,19,8,4,0,0,0,0,0,0,0,1,1,6,6,2,28,6,1968,2,8,AUDI A3,5,E01028314,0,-1
2021010338345,2021,010338345,3,9,0,2,2,0,0,0,0,2,0,4,0,0,2,1,6,6,3,-1,-1,1968,2,10,AUDI A3,-1,-1,0,-1
2021010331097,2021,010331097,1,9,0,9,9,7,6,0,0,6,0,0,0,0,1,1,6,6,1,34,6,1595,1,16,AUDI A3,3,E01004125,0,-1
2021201072928,2021,201072928,1,9,0,5,5,2,5,0,0,6,0,0,0,0,1,1,2,2,1,27,6,1896,2,15,AUDI A3,3,E01010427,0,-1
2021010316663,2021,010316663,2,9,0,18,19,5,1,0,0,8,0,0,0,0,1,1,6,6,2,53,8,1896,2,16,AUDI A3,5,E01000468,0,-1
2021131085957,2021,131085957,1,9,0,5,5,3,2,0,0,0,0,0,0,0,1,1,5,6,1,27,6,1598,2,8,AUDI A3,1,E01010832,0,-1
2021201105927,2021,201105927,1,9,0,18,19,5,1,0,0,8,0,0,0,0,1,1,6,6,1,22,5,1595,1,16,AUDI A3,1,E01009943,0,-1
2021501120346,2021,501120346,1,9,0,18,19,5,1,0,0,1,0,0,0,0,1,1,6,6,3,-1,-1,1984,1,12,AUDI A3,-1,-1,0,-1
2021070210965,2021,070210965,1,9,0,18,19,4,8,0,0,1,0,0,0,0,1,1,6,6,2,20,4,1968,2,7,AUDI A3,8,E01012529,0,-1