collision_index,collision_year,collision_ref_no,vehicle_reference,vehicle_type,towing_and_articulation,vehicle_manoeuvre_historic,vehicle_manoeuvre,vehicle_direction_from,vehicle_direction_to,vehicle_location_restricted_lane_historic,vehicle_location_restricted_lane,junction_location,skidding_and_overturning,hit_object_in_carriageway,vehicle_leaving_carriageway,hit_object_off_carriageway,first_point_of_impact,vehicle_left_hand_drive,journey_purpose_of_driver_historic,journey_purpose_of_driver,sex_of_driver,age_of_driver,age_band_of_driver,engine_capacity_cc,propulsion_code,age_of_vehicle,generic_make_model,driver_imd_decile,lsoa_of_driver,escooter_flag,driver_distance_banding
2021221131662,2021,221131662,2,9,0,9,9,3,1,0,0,5,0,0,0,0,4,1,2,2,1,63,9,1598,2,9,AUDI A3,2,E01014064,0,-1
2021501117285,2021,501117285,2,9,0,17,19,1,5,0,0,0,1,0,0,0,3,1,6,6,1,46,8,1781,1,20,AUDI A3,4,E01018881,0,-1
2021010335551,2021,010335551,1,9,9,99,99,9,9,99,99,0,9,99,9,99,9,9,6,6,1,20,4,1798,1,7,AUDI A3,5,E01001091,0,-1
2021451060032,2021,451060032,1,9,0,18,19,1,5,0,0,0,1,0,5,6,3,1,1,1,1,37,7,1395,1,8,AUDI A3,7,E01002891,0,-1
2021221071769,2021,221071769,2,9,0,18,19,6,2,0,0,0,0,0,0,0,1,1,5,6,1,22,5,1498,1,1,AUDI A3,10,E01022455,0,-1
2021221139482,2021,221139482,1,9,0,18,19,8,4,0,0,8,0,10,0,0,4,1,5,6,2,32,6,1896,2,12,AUDI A3,2,E01014074,0,-1
2021991041030,2021,991041030,2,9,0,9,9,6,3,0,0,8,0,0,0,0,3,1,6,6,1,27,6,1968,2,6,AUDI A3,10,-1,0,-1
202154C137121,2021,54C137121,2,9,0,5,5,1,5,0,0,8,0,0,0,0,3,1,2,2,2,36,7,1968,2,8,AUDI A3,9,E01031880,0,-1
2021471100895,2021,471100895,2,9,0,17,19,3,7,0,0,1,0,0,0,0,0,1,5,6,2,43,7,1498,1,2,AUDI A3,10,E01031747,0,-1
2021010334697,2021,010334697,1,9,0,4,4,7,3,0,0,0,0,0,0,0,1,1,2,2,1,32,6,1595,1,18,AUDI A3,8,E01001302,0,-1
2021302102019,2021,302102019,1,9,0,18,19,4,8,0,0,0,0,0,0,0,1,1,6,6,1,20,4,1598,2,8,AUDI A3,2,E01029436,0,-1
202163B052021,2021,63B052021,1,9,0,18,19,6,2,0,0,8,5,0,8,10,3,1,6,6,1,26,6,1968,2,17,AUDI A3,-1,-1,0,-1
2021440476941,2021,440476941,2,9,0,18,19,5,1,0,0,1,0,0,0,0,4,1,6,6,1,30,6,1968,2,10,AUDI A3,9,E01031493,0,-1
2021052100276,2021,052100276,2,9,0,18,19,7,3,0,0,8,0,0,0,0,1,1,2,2,1,55,8,1968,2,15,AUDI A3,1,E01006436,0,-1
2021010310762,2021,010310762,2,9,0,18,19,5,1,0,0,0,0,0,0,0,4,1,6,6,1,27,6,1498,1,3,AUDI A3,4,E01001047,0,-1
2021440210498,2021,440210498,2,9,0,7,7,1,2,0,0,8,0,0,0,0,1,1,6,6,3,-1,-1,1598,2,10,AUDI A3,-1,-1,0,-1
2021061042845,2021,061042845,1,9,0,3,3,5,1,0,0,8,0,0,0,0,2,1,6,6,2,32,6,1968,2,5,AUDI A3,3,E01006020,0,-1
2021451111696,2021,451111696,1,9,0,18,19,6,2,0,0,0,0,0,0,0,1,1,2,2,2,83,11,1395,1,5,AUDI A3,4,E01001945,0,-1
202131A068221,2021,31A068221,1,9,0,16,19,3,6,0,0,0,0,0,7,3,1,1,6,6,1,22,5,1896,2,15,AUDI A3,9,E01027934,0,-1
2021201070554,2021,201070554,1,9,0,18,19,6,2,0,0,1,0,0,0,0,1,1,6,6,1,24,5,1968,2,14,AUDI A3,1,E01010283,0,-1
2021421049315,2021,421049315,3,9,0,18,19,5,1,0,0,0,1,0,1,11,2,1,5,6,1,22,5,1968,1,16,AUDI A3,-1,-1,0,-1
2021041076926,2021,041076926,3,9,0,4,4,5,1,0,0,0,0,0,0,0,1,1,1,1,2,28,6,1498,1,1,AUDI A3,5,E01025235,0,-1
2021161076950,2021,161076950,2,9,0,18,19,8,4,0,0,0,0,0,0,0,4,1,5,6,1,24,5,1968,2,17,AUDI A3,2,E01013291,0,-1
202106K079861,2021,06K079861,2,9,0,18,19,7,3,0,0,8,0,0,0,0,4,1,6,6,1,24,5,1968,2,8,AUDI A3,1,E01004823,0,-1
2021440281745,2021,440281745,1,9,0,18,19,4,8,0,0,0,0,0,7,0,1,1,6,6,1,36,7,1595,1,13,AUDI A3,2,E01022655,0,-1
2021041082008,2021,041082008,1,9,0,18,19,1,1,0,0,1,0,4,0,0,1,1,6,6,1,40,7,1896,2,14,AUDI A3,1,E01012737,0,-1
2021010296166,2021,010296166,2,9,0,7,7,1,3,0,0,5,9,0,0,99,4,9,6,6,3,24,5,1598,2,3,AUDI A3,5,E01004515,0,-1
2021131094056,2021,131094056,1,9,0,18,19,2,8,0,0,0,1,0,7,4,4,1,6,6,2,22,5,1968,2,17,AUDI A3,1,E01011792,0,-1
2021440413396,2021,440413396,2,9,0,18,19,5,1,0,0,1,0,0,0,0,1,1,6,6,1,-1,-1,1781,1,20,AUDI A3,-1,-1,0,-1
2021320447747,2021,320447747,1,9,0,17,19,8,4,0,0,0,0,0,1,9,1,1,6,6,1,26,6,1896,2,17,AUDI A3,7,E01013270,0,-1
2021451018233,2021,451018233,2,9,0,3,3,1,3,0,0,1,0,0,0,0,1,1,6,6,1,51,8,1896,2,15,AUDI A3,10,E01030762,0,-1
2021451102383,2021,451102383,1,9,0,5,5,3,7,0,0,8,0,0,0,0,1,1,5,6,1,59,9,1968,2,16,AUDI A3,8,E01030611,0,-1
2021041051533,2021,041051533,1,9,0,18,19,2,6,0,0,0,0,0,0,0,1,1,5,6,2,26,6,1968,2,7,AUDI A3,3,E01012606,0,-1
2021201094868,2021,201094868,1,9,0,9,9,1,6,0,0,6,0,0,0,0,4,1,6,6,1,21,5,1598,2,10,AUDI A3,2,E01009054,0,-1
2021010325531,2021,010325531,1,9,0,9,9,3,1,0,0,8,0,0,0,0,3,1,6,6,1,19,4,1595,1,12,AUDI A3,-1,-1,0,-1
2021101156994,2021,101156994,1,9,0,18,19,5,1,0,0,0,0,0,0,0,1,1,6,6,1,21,5,1595,1,9,AUDI A3,2,E01008776,0,-1
2021101070573,2021,101070573,1,9,0,3,3,5,1,0,0,4,0,0,0,0,1,1,5,6,2,32,6,1968,2,9,AUDI A3,-1,-1,0,-1
2021201023601,2021,201023601,2,9,0,2,2,0,0,0,0,0,0,0,0,0,3,1,6,6,2,47,8,1598,2,9,AUDI A3,2,E01010086,0,-1
2021010316132,2021,010316132,2,9,0,99,99,9,9,0,0,9,0,99,0,0,1,9,6,6,3,-1,-1,1781,1,19,AUDI A3,-1,-1,0,-1
2021201144953,2021,201144953,1,9,0,18,19,1,5,0,0,1,0,0,0,0,1,1,6,6,1,-1,-1,1598,2,6,AUDI A3,-1,-1,0,-1
2021501068913,2021,501068913,1,9,0,5,5,2,5,0,0,3,0,0,0,0,1,1,6,6,1,40,7,1968,2,14,AUDI A3,2,E01018770,0,-1
2021131038952,2021,131038952,2,9,0,18,19,2,2,0,0,8,0,0,0,0,1,1,6,6,2,34,6,1968,2,6,AUDI A3,5,E01010708,0,-1
2021991125534,2021,991125534,1,9,0,5,5,7,3,0,0,6,0,0,0,0,1,1,5,6,1,24,5,1598,2,7,AUDI A3,-1,-1,0,-1
2021361085769,2021,361085769,1,9,0,9,9,1,7,0,0,8,0,0,0,0,3,1,2,2,2,32,6,1598,2,10,AUDI A3,1,E01026848,0,-1
2021201053532,2021,201053532,2,9,0,9,9,6,4,0,0,6,0,0,0,0,4,1,6,6,2,22,5,1598,2,7,AUDI A3,4,E01009313,0,-1
2021430371113,2021,430371113,1,9,0,3,3,7,3,0,0,0,0,0,0,0,2,1,6,6,2,-1,-1,1395,1,7,AUDI A3,8,E01016319,0,-1
2021471040692,2021,471040692,1,9,0,5,5,2,6,0,0,4,0,0,0,0,3,1,2,2,1,59,9,1968,2,13,AUDI A3,1,E01031404,0,-1
2021010342793,2021,010342793,2,9,0,99,99,9,9,99,99,9,9,99,9,99,2,9,6,6,3,43,7,1798,1,12,AUDI A3,4,E01003389,0,-1
2021520200206,2021,520200206,2,9,0,18,19,7,3,0,0,0,0,0,0,0,1,1,6,6,1,33,6,1968,2,6,AUDI A3,7,E01011152,0,-1
2021211114625,2021,211114625,2,9,0,17,19,3,8,0,0,0,0,0,0,0,2,1,6,6,1,57,9,1896,2,13,AUDI A3,2,E01029843,0,-1
202131A088721,2021,31A088721,1,9,0,18,19,6,2,0,0,0,0,0,0,0,1,1,6,6,2,28,6,999,1,2,AUDI A3,2,E01028112,0,-1
2021991087275,2021,991087275,1,9,0,18,19,6,2,0,0,0,1,0,0,0,1,1,6,6,1,46,8,1968,2,6,AUDI A3,7,-1,0,-1
2021050256835,2021,050256835,3,9,0,3,3,3,6,0,0,0,0,0,0,0,1,1,6,6,1,28,6,1968,2,5,AUDI A3,4,E01007231,0,-1
2021302101268,2021,302101268,2,9,0,18,19,2,6,0,0,3,0,0,0,0,2,1,6,6,1,35,6,1968,2,13,AUDI A3,3,E01013517,0,-1
2021440004431,2021,440004431,1,9,0,18,19,4,8,0,0,2,0,0,0,0,4,1,6,6,1,24,5,1395,1,8,AUDI A3,-1,-1,0,-1
2021302100370,2021,302100370,2,9,0,2,2,0,0,0,0,0,0,0,1,11,2,1,6,6,1,21,5,1395,1,4,AUDI A3,7,E01019843,0,-1
2021010318751,2021,010318751,2,9,0,2,2,0,0,0,0,1,0,0,0,0,3,1,6,6,3,-1,-1,1498,1,3,AUDI A3,-1,-1,0,-1
2021411095602,2021,411095602,1,9,0,13,13,4,8,0,0,1,0,0,0,0,-1,1,6,6,1,29,6,1595,1,14,AUDI A3,9,E01023557,0,-1
2021010320180,2021,010320180,2,9,0,99,99,9,9,0,0,0,0,0,0,0,9,9,6,6,3,-1,-1,1598,2,7,AUDI A3,3,E01003579,0,-1
2021010335777,2021,010335777,1,9,0,99,99,9,9,0,0,2,0,0,0,0,3,9,6,6,1,22,5,1197,1,7,AUDI A3,1,E01033585,0,-1
2021430263772,2021,430263772,1,9,0,9,9,6,4,0,0,6,0,0,0,0,1,1,2,2,1,20,4,1395,1,8,AUDI A3,10,E01032962,0,-1
2021141035477,2021,141035477,1,9,0,5,5,2,4,0,0,6,0,0,7,0,3,1,2,2,1,57,9,1968,2,6,AUDI A3,5,E01017908,0,-1
2021201136168,2021,201136168,2,9,0,18,19,2,6,0,0,8,1,10,1,5,4,1,6,6,1,24,5,1598,2,7,AUDI A3,1,E01010374,0,-1
2021320562454,2021,320562454,3,9,0,10,10,8,6,0,0,1,0,0,0,0,2,1,6,6,1,54,8,1968,2,7,AUDI A3,4,E01026016,0,-1
2021440173239,2021,440173239,1,9,0,18,19,1,5,0,0,1,0,0,0,0,1,1,6,6,1,33,6,1896,2,12,AUDI A3,3,E01022550,0,-1
2021010327835,2021,010327835,3,9,0,2,2,0,0,0,0,0,0,0,0,0,3,1,6,6,3,-1,-1,1595,1,13,AUDI A3,-1,-1,0,-1
2021061075940,2021,061075940,1,9,0,18,19,6,8,0,0,6,1,10,1,11,3,1,5,6,1,16,4,1968,2,16,AUDI A3,1,E01005259,0,-1
2021461115258,2021,461115258,1,9,0,7,7,1,3,0,0,1,0,0,0,0,3,1,6,6,1,40,7,1595,1,15,AUDI A3,9,E01016086,0,-1
2021010330857,2021,010330857,1,9,9,18,19,5,1,99,99,9,9,99,9,99,9,9,6,6,1,33,6,1896,2,15,AUDI A3,2,E01000013,0,-1
2021122100374,2021,122100374,1,9,0,18,19,6,2,0,0,0,0,0,0,0,1,1,6,6,1,18,4,1595,2,11,AUDI A3,8,E01027838,0,-1
2021010318500,2021,010318500,2,9,0,18,19,8,4,0,0,2,0,0,0,0,2,1,6,6,2,52,8,1595,1,17,AUDI A3,3,E01003379,0,-1
2021201028606,2021,201028606,2,9,0,2,2,0,0,0,0,0,0,4,0,0,1,1,6,6,1,26,6,1984,1,4,AUDI A3,1,E01033648,0,-1
2021430151792,2021,430151792,2,9,0,18,19,3,7,0,0,0,0,0,0,0,3,1,1,1,1,28,6,1896,2,15,AUDI A3,5,E01016768,0,-1
2021141029425,2021,141029425,2,9,0,18,19,3,7,0,0,2,0,0,0,0,1,1,5,6,2,75,10,1395,8,1,AUDI A3,9,E01007926,0,-1
2021622101008,2021,622101008,2,9,0,16,19,7,1,0,0,3,0,0,0,0,1,1,6,6,2,43,7,1968,2,14,AUDI A3,6,W01001039,0,-1
2021201130482,2021,201130482,1,9,0,7,7,7,1,1,1,6,0,0,0,0,1,1,6,6,2,24,5,1598,2,8,AUDI A3,1,E01009346,0,-1
2021522102811,2021,522102811,4,9,0,18,19,6,2,0,0,1,0,0,0,0,2,1,6,6,2,54,8,1395,1,5,AUDI A3,-1,-1,0,-1
2021991034028,2021,991034028,1,9,0,16,19,8,3,0,0,0,1,0,7,11,1,1,6,6,1,38,7,1896,2,20,AUDI A3,3,-1,0,-1
2021161051584,2021,161051584,2,9,0,2,2,0,0,0,0,0,0,0,0,0,2,1,6,6,3,-1,-1,1595,1,11,AUDI A3,-1,-1,0,-1
202131C181621,2021,31C181621,2,9,0,18,19,2,6,0,0,8,0,0,0,0,1,1,6,6,1,23,5,1896,2,16,AUDI A3,6,E01013887,0,-1
2021010335495,2021,010335495,2,9,0,6,6,6,6,0,0,0,0,0,0,0,3,1,2,2,1,36,7,1598,2,3,AUDI A3,6,E01003469,0,-1
2021010310099,2021,010310099,1,9,0,99,99,9,9,99,99,9,9,99,9,99,9,9,6,6,2,24,5,1595,1,17,AUDI A3,5,E01003642,0,-1
2021161011305,2021,161011305,1,9,0,9,9,8,6,0,0,8,0,0,0,0,4,1,5,6,1,36,7,1968,2,15,AUDI A3,3,E01012866,0,-1
2021061045465,2021,061045465,1,9,0,17,19,8,5,0,0,0,0,0,2,10,1,1,6,6,2,18,4,1595,1,11,AUDI A3,9,E01030421,0,-1
2021010297316,2021,010297316,1,9,0,2,2,0,0,0,0,2,0,0,0,0,0,1,6,6,3,-1,-1,1595,1,13,AUDI A3,-1,-1,0,-1
2021501063877,2021,501063877,1,9,0,1,1,1,5,0,0,1,0,0,0,0,2,1,6,6,1,35,6,1968,2,14,AUDI A3,5,E01015191,0,-1
2021010328042,2021,010328042,1,9,0,5,5,0,1,0,0,2,0,0,0,0,1,1,6,6,2,24,5,1395,1,4,AUDI A3,4,E01015756,0,-1
202134WNC2721,2021,34WNC2721,2,9,0,3,3,5,1,0,0,0,0,0,0,0,2,1,6,6,2,38,7,1595,1,16,AUDI A3,-1,-1,0,-1
202131D077221,2021,31D077221,2,9,0,4,4,2,6,0,0,0,0,0,0,0,2,1,6,6,1,41,7,1968,1,16,AUDI A3,1,E01013817,0,-1
2021440403140,2021,440403140,1,9,0,12,12,4,8,0,0,0,0,0,0,0,1,1,6,6,1,33,6,1595,1,15,AUDI A3,-1,-1,0,-1
2021131128151,2021,131128151,2,9,0,9,9,3,7,0,0,1,0,0,0,0,0,1,5,6,2,31,6,1896,2,14,AUDI A3,6,E01011645,0,-1
2021041056130,2021,041056130,2,9,0,18,19,5,1,0,0,1,0,0,0,0,4,1,5,6,2,25,5,1598,2,8,AUDI A3,1,E01012594,0,-1
2021010330138,2021,010330138,1,9,0,18,19,1,5,0,0,0,0,0,0,0,1,1,2,2,1,26,6,1598,2,5,AUDI A3,8,E01001400,0,-1
2021361115308,2021,361115308,1,9,0,16,19,1,4,0,0,0,0,0,7,11,1,1,2,2,1,32,6,1896,2,12,AUDI A3,6,E01026534,0,-1
2021010344104,2021,010344104,1,9,9,99,99,9,9,99,99,9,9,99,9,99,2,9,6,6,3,-1,-1,1984,1,15,AUDI A3,4,E01004215,0,-1
2021010346146,2021,010346146,1,9,0,9,9,1,6,0,0,5,0,0,0,0,1,1,6,6,1,32,6,1598,2,4,AUDI A3,6,E01003646,0,-1
2021471092124,2021,471092124,2,9,0,18,19,7,3,0,0,8,0,0,0,0,4,1,5,6,2,32,6,1498,1,3,AUDI A3,8,E01022628,0,-1
2021070285779,2021,070285779,1,9,0,18,19,2,6,0,0,0,1,0,1,7,1,1,6,6,2,21,5,1395,1,3,AUDI A3,3,E01004834,0,-1
2021221031032,2021,221031032,1,9,0,16,19,1,4,0,0,0,2,0,7,3,1,1,5,6,1,23,5,1968,2,18,AUDI A3,2,E01013993,0,-1
2021141032620,2021,141032620,2,9,0,18,19,5,5,0,0,0,0,0,0,0,2,1,5,6,2,28,6,1968,2,8,AUDI A3,8,E01008149,0,-1
2021401053420,2021,401053420,2,9,0,2,2,0,0,0,0,2,0,4,0,0,2,1,6,6,3,-1,-1,1968,2,14,AUDI A3,-1,-1,0,-1
2021221096005,2021,221096005,2,9,0,4,4,4,6,0,0,1,0,0,0,0,2,1,2,2,1,23,5,1598,2,7,AUDI A3,8,E01014167,0,-1
2021031116839,2021,031116839,3,9,0,4,4,1,5,0,0,0,1,1,0,0,1,1,2,2,1,18,4,1595,1,13,AUDI A3,-1,-1,0,-1
2021141049991,2021,141049991,2,9,0,13,13,1,3,0,0,1,0,0,0,0,4,1,6,6,3,-1,-1,1968,2,18,AUDI A3,-1,-1,0,-1
2021010320546,2021,010320546,2,9,0,9,9,1,7,0,0,5,0,0,3,1,3,1,6,6,1,25,5,999,1,0,AUDI A3,5,E01003703,0,-1
2021440056296,2021,440056296,1,9,0,18,19,5,1,0,0,1,0,0,0,0,1,1,6,6,1,-1,-1,1968,2,13,AUDI A3,-1,-1,0,-1
2021501109986,2021,501109986,1,9,0,18,19,3,7,0,0,0,0,0,0,0,1,1,6,6,1,30,6,1595,2,11,AUDI A3,1,E01018933,0,-1
2021141047374,2021,141047374,2,9,0,5,5,1,5,0,0,0,0,0,0,0,1,1,6,6,1,32,6,1968,2,15,AUDI A3,1,E01007729,0,-1
2021041102391,2021,041102391,1,9,0,13,13,1,5,0,0,1,0,0,0,0,-1,1,6,6,3,22,5,1498,1,3,AUDI A3,8,E01025204,0,-1
2021010322339,2021,010322339,3,9,0,4,4,7,3,0,0,8,1,0,0,0,1,1,6,6,1,29,6,1968,1,15,AUDI A3,3,E01001504,0,-1
2021302101084,2021,302101084,1,9,0,13,13,6,2,0,0,1,0,0,0,0,1,1,2,2,1,32,6,1984,1,16,AUDI A3,3,E01019877,0,-1
2021221045157,2021,221045157,1,9,0,9,9,4,2,0,0,6,1,0,0,0,1,1,5,6,1,28,6,1968,2,9,AUDI A3,1,E01008918,0,-1
2021131049157,2021,131049157,2,9,0,16,19,5,1,0,0,0,0,0,0,0,3,1,6,6,2,26,6,1968,2,10,AUDI A3,1,E01010720,0,-1
2021138251359,2021,138251359,2,9,0,18,19,6,2,0,0,8,0,10,7,0,4,1,2,2,2,22,5,1395,1,8,AUDI A3,3,E01006061,0,-1
2021131063986,2021,131063986,1,9,0,18,19,3,7,0,0,8,1,0,0,0,1,1,6,6,1,20,4,1598,2,9,AUDI A3,6,E01010920,0,-1
2021010299695,2021,010299695,2,8,0,99,99,9,9,99,99,9,9,99,9,99,9,9,6,6,3,25,5,1395,1,6,AUDI A3,6,E01021047,0,-1
2021201098041,2021,201098041,3,9,0,2,2,0,0,0,0,2,0,0,0,0,1,1,6,6,1,-1,-1,1968,2,11,AUDI A3,-1,-1,0,-1
2021552100856,2021,552100856,2,9,0,4,4,6,2,0,0,0,0,0,0,0,1,1,2,2,2,25,5,1598,2,9,AUDI A3,9,E01029184,0,-1
2021471116319,2021,471116319,2,9,0,18,19,7,3,0,0,1,0,0,0,0,1,1,5,6,1,23,5,1598,2,8,AUDI A3,8,E01021061,0,-1
2021542059121,2021,542059121,2,9,0,18,19,2,6,0,0,0,0,0,0,0,2,1,6,6,1,38,7,1896,2,14,AUDI A3,5,E01000321,0,-1
2021531054626,2021,531054626,1,9,0,18,19,-1,-1,0,0,0,-1,-1,-1,0,1,1,6,6,3,-1,-1,1968,2,15,AUDI A3,-1,-1,0,-1
2021401096966,2021,401096966,2,9,0,18,19,3,7,0,0,0,0,0,0,0,2,1,6,6,1,23,5,1968,2,3,AUDI A3,3,E01009636,0,-1
2021501037306,2021,501037306,1,9,0,18,19,8,4,0,0,1,0,0,0,0,1,1,6,6,3,-1,-1,1968,2,14,AUDI A3,-1,-1,0,-1
2021461014057,2021,461014057,2,9,0,10,10,2,8,0,0,2,0,0,0,0,1,1,5,6,2,50,8,1896,2,16,AUDI A3,8,E01024063,0,-1
2021991034392,2021,991034392,1,9,0,18,19,1,5,0,0,1,0,10,2,4,1,1,6,6,1,21,5,1595,1,14,AUDI A3,3,-1,0,-1
2021991069453,2021,991069453,2,9,0,18,19,8,4,0,0,8,0,0,0,0,3,1,5,6,1,20,4,1598,2,5,AUDI A3,6,-1,0,-1
2021411118149,2021,411118149,1,9,0,18,19,7,3,0,0,0,5,0,7,2,1,1,5,6,1,27,6,1984,1,18,AUDI A3,6,E01023940,0,-1
2021201025316,2021,201025316,1,9,0,18,19,-1,-1,0,0,1,0,0,0,0,1,1,6,6,1,-1,-1,1968,2,8,AUDI A3,-1,-1,0,-1
2021052102858,2021,052102858,1,9,0,9,9,7,5,0,0,6,0,0,0,0,3,1,6,6,2,45,7,999,1,2,AUDI A3,4,E01006584,0,-1
2021361092142,2021,361092142,2,9,0,9,9,8,5,0,0,8,0,0,0,0,3,1,5,6,2,38,7,1968,2,9,AUDI A3,6,E01026492,0,-1
2021010291419,2021,010291419,2,9,0,99,99,9,9,99,99,9,9,99,9,99,9,9,6,6,1,38,7,1395,1,8,AUDI A3,3,E01003109,0,-1
202106K080027,2021,06K080027,1,9,0,18,19,3,7,0,0,0,0,0,0,0,1,1,6,6,2,23,5,1598,2,9,AUDI A3,1,E01004827,0,-1
2021010304424,2021,010304424,1,9,0,99,99,9,9,99,99,9,9,99,9,99,9,9,6,6,3,-1,-1,1896,2,12,AUDI A3,5,E01029928,0,-1
2021010330060,2021,010330060,2,9,0,18,19,1,5,0,0,0,0,0,1,11,1,1,1,1,2,30,6,1598,2,6,AUDI A3,1,E01002093,0,-1
2021430466721,2021,430466721,1,9,0,9,9,6,4,0,0,6,0,0,0,0,1,1,2,2,1,26,6,1896,2,12,AUDI A3,7,E01028598,0,-1
2021211100579,2021,211100579,2,9,0,9,9,6,4,0,0,8,0,0,0,0,1,1,2,2,2,26,6,1598,2,8,AUDI A3,1,E01014201,0,-1
2021991125525,2021,991125525,1,9,0,1,1,5,1,9,9,0,0,0,0,0,2,1,1,1,1,39,7,1896,2,12,AUDI A3,1,-1,0,-1
2021161109452,2021,161109452,3,9,0,2,2,0,0,0,0,0,0,0,0,0,1,1,6,6,3,-1,-1,1968,2,14,AUDI A3,-1,-1,0,-1
2021131038908,2021,131038908,2,9,0,4,4,2,3,0,0,1,0,0,0,0,2,1,5,6,2,31,6,1968,2,7,AUDI A3,7,E01011637,0,-1
2021552200256,2021,552200256,1,9,0,18,19,4,8,0,0,3,0,0,0,0,1,1,6,6,3,33,6,1595,1,15,AUDI A3,-1,-1,0,-1
2021201023372,2021,201023372,1,9,0,18,19,-1,-1,0,0,0,0,0,0,0,1,1,6,6,1,-1,-1,1968,2,18,AUDI A3,-1,-1,0,-1
2021991019269,2021,991019269,1,9,0,18,19,6,2,0,0,1,0,4,0,0,1,1,5,6,1,52,8,1968,2,6,AUDI A3,4,-1,0,-1
202134NNC2591,2021,34NNC2591,1,9,0,5,5,6,2,0,0,6,0,0,0,0,3,1,6,6,1,57,9,1598,2,11,AUDI A3,9,E01016750,0,-1
2021991089003,2021,991089003,1,9,0,7,7,6,1,4,4,0,0,0,1,0,1,1,5,6,1,32,6,1498,1,0,AUDI A3,2,E01014285,0,-1
2021302101416,2021,302101416,1,9,0,9,9,6,4,0,0,1,0,0,0,0,3,1,6,6,2,20,4,1498,1,3,AUDI A3,7,E01025954,0,-1
202131C122921,2021,31C122921,1,9,0,11,11,4,2,0,0,8,0,0,0,0,4,1,6,6,2,28,6,1968,2,18,AUDI A3,7,E01013975,0,-1
2021010321956,2021,010321956,1,9,9,99,99,9,9,0,0,4,9,0,0,99,2,9,6,6,1,36,7,1595,1,14,AUDI A3,3,E01028449,0,-1
2021131114785,2021,131114785,2,9,0,13,13,1,5,9,9,5,0,0,0,0,1,1,6,6,1,23,5,1968,2,7,AUDI A3,3,E01010629,0,-1
2021131078861,2021,131078861,2,9,0,13,13,5,1,0,0,8,0,0,0,0,4,1,6,6,1,24,5,1968,2,5,AUDI A3,1,E01010673,0,-1
2021440213522,2021,440213522,1,9,0,3,3,7,3,0,0,1,0,0,0,0,2,1,6,6,1,33,6,1498,1,2,AUDI A3,6,E01017261,0,-1
2021430083435,2021,430083435,1,9,0,9,9,1,7,0,0,8,0,0,0,0,1,1,6,6,1,52,8,1498,1,1,AUDI A3,10,E01028628,0,-1
2021052102872,2021,052102872,2,9,0,4,4,1,5,0,0,0,0,0,0,0,2,1,6,6,2,46,8,1498,1,1,AUDI A3,9,E01012562,0,-1
2021010345908,2021,010345908,1,9,0,10,10,5,3,0,0,4,0,0,0,0,3,1,6,6,1,39,7,1395,1,6,AUDI A3,3,E01001004,0,-1
2021131089207,2021,131089207,2,9,0,9,9,7,5,0,0,8,0,0,0,0,4,1,5,6,1,21,5,1598,2,8,AUDI A3,1,E01010802,0,-1
2021031092879,2021,031092879,1,9,0,18,19,7,3,0,0,0,0,0,0,0,1,1,6,6,1,19,4,1896,2,13,AUDI A3,3,E01019221,0,-1
2021411111159,2021,411111159,1,9,0,17,19,5,1,0,0,0,1,10,7,0,4,1,6,6,3,-1,-1,1968,1,16,AUDI A3,-1,-1,0,-1
2021010323078,2021,010323078,1,9,0,18,19,1,5,0,0,0,5,4,0,0,1,1,6,6,1,22,5,1896,2,12,AUDI A3,7,E01000400,0,-1
2021531035420,2021,531035420,1,9,0,18,19,1,5,0,0,0,0,0,1,1,1,1,2,2,2,26,6,1595,1,12,AUDI A3,8,E01026193,0,-1
2021421113864,2021,421113864,3,9,0,4,4,2,6,0,0,0,0,0,0,0,1,1,6,6,2,48,8,1598,2,5,AUDI A3,-1,-1,0,-1
2021010300636,2021,010300636,2,9,0,99,99,9,9,0,0,9,0,0,0,0,1,9,6,6,2,26,6,1598,2,4,AUDI A3,1,E01001790,0,-1
2021451030516,2021,451030516,2,9,0,18,19,4,8,0,0,4,0,10,1,2,4,1,5,6,2,40,7,1395,1,6,AUDI A3,9,E01030766,0,-1
2021361077381,2021,361077381,2,9,0,18,19,7,3,0,0,0,0,0,0,0,3,1,5,6,1,41,7,1896,2,13,AUDI A3,5,E01026944,0,-1
2021320377130,2021,320377130,1,9,0,18,19,2,6,0,0,1,0,0,0,0,1,1,6,6,1,85,11,1595,1,17,AUDI A3,6,E01026329,0,-1
2021201080951,2021,201080951,1,9,0,18,19,8,4,0,0,0,0,0,0,0,1,1,6,6,1,-1,-1,3189,1,16,AUDI A3,-1,-1,0,-1
2021010334543,2021,010334543,1,9,0,18,19,5,1,0,0,0,0,0,0,0,1,1,6,6,1,27,6,1598,2,7,AUDI A3,2,E01003922,0,-1
2021201125368,2021,201125368,1,9,0,5,5,4,8,0,0,6,1,10,1,11,1,1,6,6,1,39,7,1968,2,0,AUDI A3,1,E01010342,0,-1
2021520104917,2021,520104917,1,9,0,18,19,3,7,0,0,3,5,0,3,10,1,1,6,6,1,38,7,1968,2,7,AUDI A3,4,E01029090,0,-1
2021041110293,2021,041110293,2,9,0,15,15,5,1,0,0,0,0,0,0,0,3,1,5,6,2,30,6,1984,1,3,AUDI A3,9,E01033234,0,-1
2021010346306,2021,010346306,2,9,0,99,99,9,9,99,99,9,9,99,9,99,1,9,6,6,3,-1,-1,1395,1,7,AUDI A3,2,E01003086,0,-1