collision_index,collision_year,collision_ref_no,vehicle_reference,vehicle_type,towing_and_articulation,vehicle_manoeuvre_historic,vehicle_manoeuvre,vehicle_direction_from,vehicle_direction_to,vehicle_location_restricted_lane_historic,vehicle_location_restricted_lane,junction_location,skidding_and_overturning,hit_object_in_carriageway,vehicle_leaving_carriageway,hit_object_off_carriageway,first_point_of_impact,vehicle_left_hand_drive,journey_purpose_of_driver_historic,journey_purpose_of_driver,sex_of_driver,age_of_driver,age_band_of_driver,engine_capacity_cc,propulsion_code,age_of_vehicle,generic_make_model,driver_imd_decile,lsoa_of_driver,escooter_flag,driver_distance_banding
2021010330647,2021,010330647,2,9,0,99,99,9,9,99,99,9,9,99,9,99,1,9,6,6,3,-1,-1,1395,1,5,AUDI A3,-1,-1,0,-1
2021201045957,2021,201045957,1,9,0,18,19,8,4,0,0,0,5,4,0,0,1,1,6,6,1,25,5,1595,1,12,AUDI A3,5,E01009169,0,-1
2021461022071,2021,461022071,1,9,0,18,19,1,5,0,0,0,0,0,7,0,1,1,1,1,1,38,7,1781,1,21,AUDI A3,7,E01024422,0,-1
2021471091036,2021,471091036,1,9,0,18,19,1,5,0,0,0,0,0,0,0,1,1,6,6,3,-1,-1,1595,1,15,AUDI A3,-1,-1,0,-1
2021010298312,2021,010298312,2,9,0,2,2,0,0,0,0,2,0,0,0,0,4,1,6,6,3,-1,-1,1390,1,10,AUDI A3,-1,-1,0,-1
2021991065414,2021,991065414,1,9,0,18,19,7,3,0,0,1,0,0,0,0,1,1,2,2,1,26,6,1798,1,11,AUDI A3,6,-1,0,-1
2021041088129,2021,041088129,2,9,0,18,19,2,6,0,0,1,0,0,0,0,1,1,1,1,1,56,9,1598,2,11,AUDI A3,1,E01012578,0,-1
2021010340187,2021,010340187,2,9,0,18,19,3,7,0,0,0,0,4,0,0,1,1,6,6,1,18,4,1968,2,16,AUDI A3,2,E01003499,0,-1
2021138121069,2021,138121069,2,9,0,2,2,0,0,0,0,0,0,0,0,0,1,1,6,6,3,-1,-1,1968,2,5,AUDI A3,-1,-1,0,-1
2021430408724,2021,430408724,2,9,0,18,19,1,5,0,0,0,0,0,0,0,1,1,6,6,1,-1,-1,1395,1,8,AUDI A3,-1,-1,0,-1
2021131102885,2021,131102885,1,9,0,-1,-1,-1,-1,-1,-1,0,-1,-1,-1,-1,-1,1,6,6,3,-1,-1,1896,2,13,AUDI A3,-1,-1,0,-1
2021131090382,2021,131090382,1,9,0,6,6,8,4,0,0,0,0,0,0,0,3,1,2,2,2,39,7,1896,2,12,AUDI A3,1,E01010631,0,-1
2021451099268,2021,451099268,1,9,0,5,5,2,2,0,0,0,0,0,0,0,1,1,5,6,2,53,8,1598,2,2,AUDI A3,10,E01030404,0,-1
2021991048963,2021,991048963,2,9,0,17,19,6,2,0,0,0,1,0,1,0,1,1,5,6,1,21,5,1598,2,5,AUDI A3,1,-1,0,-1
2021131042683,2021,131042683,1,9,0,18,19,-1,-1,0,0,8,0,0,0,0,1,1,6,6,3,30,6,1968,2,6,AUDI A3,-1,-1,0,-1
2021010349124,2021,010349124,1,9,0,99,99,9,9,99,99,9,9,99,9,99,2,9,2,2,2,33,6,1395,1,7,AUDI A3,5,E01001524,0,-1
2021010309601,2021,010309601,2,9,0,99,99,9,9,99,99,9,9,99,9,99,2,9,6,6,3,24,5,1498,1,0,AUDI A3,8,E01023541,0,-1
2021070342307,2021,070342307,2,9,0,3,3,4,6,0,0,1,0,0,0,0,2,1,6,6,2,31,6,1598,2,8,AUDI A3,2,E01018739,0,-1
2021201099570,2021,201099570,1,9,0,18,19,4,8,0,0,8,0,0,0,0,1,1,2,2,2,24,5,1598,2,6,AUDI A3,2,E01010021,0,-1
2021122101355,2021,122101355,1,9,0,1,1,2,3,9,9,5,0,0,0,0,2,1,6,6,2,84,11,1968,2,8,AUDI A3,10,E01013423,0,-1
2021622100805,2021,622100805,1,9,0,17,19,4,8,0,0,1,0,0,1,1,1,1,6,6,2,37,7,1598,2,5,AUDI A3,2,W01000914,0,-1
2021201103765,2021,201103765,1,9,0,18,19,8,4,0,0,0,0,0,0,0,1,1,6,6,1,-1,-1,1968,2,11,AUDI A3,-1,-1,0,-1
2021421056937,2021,421056937,1,9,0,18,19,3,5,8,6,1,0,0,1,5,3,1,5,6,1,71,10,1598,2,7,AUDI A3,9,E01021523,0,-1
2021501130101,2021,501130101,2,9,0,17,19,3,7,0,0,0,0,0,1,0,1,1,5,6,1,77,11,1798,1,8,AUDI A3,10,E01020381,0,-1
2021041070316,2021,041070316,1,9,0,15,15,8,4,0,0,1,0,0,0,0,1,1,5,6,2,30,6,1598,2,6,AUDI A3,6,E01025402,0,-1
2021430052090,2021,430052090,2,9,0,18,19,5,1,0,0,0,0,0,0,0,1,1,6,6,1,-1,-1,1968,2,17,AUDI A3,-1,-1,0,-1
2021010324898,2021,010324898,2,9,0,9,9,5,3,0,0,8,0,0,0,0,4,1,6,6,1,22,5,1395,1,8,AUDI A3,1,E01004273,0,-1
2021061104119,2021,061104119,1,9,0,18,19,7,3,0,0,0,1,0,1,0,1,1,5,6,1,20,4,1598,2,10,AUDI A3,6,E01004910,0,-1
2021320313701,2021,320313701,2,9,0,9,9,3,1,0,0,5,0,0,0,0,2,1,6,6,2,43,7,1968,2,14,AUDI A3,4,E01026105,0,-1
2021501102047,2021,501102047,7,9,0,17,19,3,7,0,0,0,0,0,0,0,1,1,6,6,1,-1,-1,1968,2,13,AUDI A3,8,E01015137,0,-1
2021131034252,2021,131034252,1,9,0,18,19,3,7,0,0,0,0,0,1,0,1,1,6,6,2,29,6,1498,1,4,AUDI A3,4,E01010664,0,-1
2021411063733,2021,411063733,1,9,0,18,19,3,7,0,0,0,0,0,0,0,1,1,5,6,1,45,7,1598,2,9,AUDI A3,9,E01023467,0,-1
202154C090721,2021,54C090721,2,9,0,3,3,5,1,0,0,1,0,0,0,0,1,1,6,6,1,72,10,1968,2,13,AUDI A3,7,E01031950,0,-1
2021471038660,2021,471038660,2,9,0,14,14,6,2,0,0,0,0,4,0,0,4,1,2,2,1,27,6,1968,2,12,AUDI A3,7,E01031421,0,-1
2021430452511,2021,430452511,1,9,0,18,19,1,5,0,0,8,0,0,0,0,4,1,2,2,2,27,6,1598,2,8,AUDI A3,10,E01016561,0,-1
2021041054065,2021,041054065,2,9,0,18,19,5,1,0,0,0,0,0,0,0,1,1,5,6,1,18,4,1595,2,11,AUDI A3,5,E01025331,0,-1
2021111114458,2021,111114458,1,9,0,18,19,0,7,0,0,0,0,0,0,0,1,1,6,6,1,30,6,1595,2,11,AUDI A3,-1,-1,0,-1
2021451017809,2021,451017809,1,9,0,9,9,7,5,0,0,3,0,0,0,0,3,1,5,6,1,40,7,1798,1,13,AUDI A3,3,E01016455,0,-1
2021101032973,2021,101032973,1,9,0,5,5,3,1,0,0,2,0,0,0,0,1,1,2,2,2,27,6,1896,2,13,AUDI A3,8,E01008469,0,-1
2021302100168,2021,302100168,3,9,0,2,2,0,0,0,0,1,0,0,0,0,0,1,6,6,3,-1,-1,1968,2,14,AUDI A3,-1,-1,0,-1
2021101052815,2021,101052815,1,9,0,18,19,5,5,0,0,2,0,0,0,0,4,1,5,6,1,26,6,1498,1,3,AUDI A3,-1,-1,0,-1
2021141013011,2021,141013011,1,9,0,18,19,6,2,0,0,1,0,0,0,0,1,1,6,6,1,36,7,1968,2,13,AUDI A3,3,E01007680,0,-1
2021991113761,2021,991113761,2,9,0,18,19,7,2,0,0,8,0,0,0,0,1,1,5,6,2,21,5,1197,1,6,AUDI A3,6,-1,0,-1
2021421078710,2021,421078710,1,9,0,9,9,5,3,0,0,8,0,0,0,0,1,1,5,6,1,36,7,1498,1,0,AUDI A3,9,E01021789,0,-1
2021131035582,2021,131035582,2,9,0,4,4,8,4,0,0,0,0,0,0,0,2,1,6,6,2,23,5,1798,1,14,AUDI A3,1,E01011725,0,-1
2021041051581,2021,041051581,1,9,0,18,19,5,3,0,0,8,0,0,0,0,1,1,5,6,1,39,7,1598,2,10,AUDI A3,1,E01024893,0,-1
2021010300047,2021,010300047,2,9,9,99,99,9,9,99,99,0,9,99,9,99,9,9,6,6,3,-1,-1,1498,1,0,AUDI A3,-1,-1,0,-1
2021070893920,2021,070893920,1,9,0,18,19,1,5,0,0,0,0,0,0,0,0,1,6,6,1,27,6,1598,2,7,AUDI A3,1,E01018476,0,-1
2021545120821,2021,545120821,1,9,0,18,19,4,8,0,0,1,0,0,0,0,1,1,6,6,1,50,8,1598,2,8,AUDI A3,4,E01032087,0,-1
2021201053472,2021,201053472,1,9,0,18,19,-1,-1,0,0,0,0,0,0,0,4,1,6,6,1,32,6,1598,2,4,AUDI A3,10,E01009431,0,-1
2021031136579,2021,031136579,1,9,0,9,9,5,3,0,0,6,0,0,0,0,1,1,6,6,3,-1,-1,1968,2,10,AUDI A3,-1,-1,0,-1
2021010317924,2021,010317924,2,9,0,99,99,9,9,99,99,9,9,99,9,99,1,9,6,6,3,-1,-1,1498,1,3,AUDI A3,-1,-1,0,-1
2021061078522,2021,061078522,2,9,0,18,19,5,1,0,0,1,0,0,0,0,0,1,6,6,2,29,6,1598,2,6,AUDI A3,2,E01013917,0,-1
2021302100222,2021,302100222,2,9,0,18,19,4,8,0,0,0,0,0,0,0,3,1,6,6,2,35,6,1896,2,13,AUDI A3,1,E01013485,0,-1
2021010335123,2021,010335123,1,9,0,99,99,9,9,99,99,9,9,99,9,99,2,9,6,6,2,30,6,1395,1,6,AUDI A3,8,E01000673,0,-1
2021131083839,2021,131083839,1,9,0,18,19,3,7,0,0,1,0,0,0,0,1,1,6,6,1,53,8,1968,2,1,AUDI A3,8,E01011244,0,-1
2021010330193,2021,010330193,1,9,0,99,99,9,9,99,99,0,9,99,9,99,9,9,6,6,2,33,6,1598,2,5,AUDI A3,4,E01004457,0,-1
2021351042258,2021,351042258,3,9,0,14,14,2,6,0,0,0,0,0,0,0,1,1,5,6,1,19,4,1968,2,15,AUDI A3,7,E01026676,0,-1
2021061126204,2021,061126204,1,9,0,18,19,6,2,0,0,0,0,4,0,0,1,1,6,6,1,-1,-1,1968,2,6,AUDI A3,-1,-1,0,-1
2021131062503,2021,131062503,2,9,0,2,2,6,2,9,9,1,0,0,0,0,0,1,6,6,3,-1,-1,999,1,3,AUDI A3,-1,-1,0,-1
202131C195821,2021,31C195821,2,9,0,3,3,5,1,0,0,1,0,0,0,0,3,1,6,6,2,21,5,1598,2,9,AUDI A3,3,E01013929,0,-1
2021161060060,2021,161060060,3,9,0,18,19,8,4,0,0,1,0,0,0,0,1,1,6,6,1,77,11,1498,1,1,AUDI A3,9,E01013172,0,-1
2021451086529,2021,451086529,1,9,0,10,10,7,5,0,0,0,0,0,0,0,1,1,6,6,2,73,10,1395,1,5,AUDI A3,7,E01030850,0,-1
2021010341488,2021,010341488,2,9,0,99,99,9,9,99,99,9,9,99,9,99,1,9,6,6,3,-1,-1,1984,1,16,AUDI A3,-1,-1,0,-1
2021101116198,2021,101116198,2,9,0,18,19,1,5,0,0,0,0,0,0,0,4,1,5,6,1,24,5,1598,2,7,AUDI A3,2,E01008335,0,-1
2021522105978,2021,522105978,2,9,0,18,19,5,1,0,0,8,0,0,0,0,1,1,6,6,3,30,6,1598,2,8,AUDI A3,-1,-1,0,-1
2021411124553,2021,411124553,3,9,0,18,19,5,1,0,0,0,0,0,0,0,1,1,5,6,2,33,6,1498,1,2,AUDI A3,7,E01023514,0,-1
2021041096439,2021,041096439,2,9,0,13,13,1,5,0,0,0,0,0,0,0,3,1,6,6,1,31,6,1595,1,10,AUDI A3,5,E01025541,0,-1
2021141069347,2021,141069347,1,9,0,9,9,8,7,0,0,1,0,0,0,0,1,1,6,6,2,-1,-1,1395,1,7,AUDI A3,-1,-1,0,-1
2021111096189,2021,111096189,2,9,0,18,19,4,8,0,0,2,0,0,0,0,3,1,5,6,1,30,6,1798,1,8,AUDI A3,3,E01020835,0,-1
2021131099404,2021,131099404,2,9,0,18,19,5,1,0,0,1,0,0,0,0,1,1,5,6,1,44,7,1395,1,5,AUDI A3,1,E01011375,0,-1
2021351090705,2021,351090705,1,9,0,18,19,4,8,0,0,0,0,0,1,1,1,1,2,2,1,28,6,1595,1,11,AUDI A3,5,E01017960,0,-1
2021351125329,2021,351125329,2,9,0,3,3,-1,-1,0,0,0,0,0,0,0,2,1,6,6,1,32,6,1595,1,15,AUDI A3,4,E01015655,0,-1
2021201095314,2021,201095314,2,9,0,18,19,3,7,0,0,2,0,0,0,0,1,1,6,6,1,-1,-1,1968,2,13,AUDI A3,-1,-1,0,-1
2021461096268,2021,461096268,2,9,0,18,19,5,1,0,0,1,0,0,0,0,2,1,5,6,2,24,5,1498,1,1,AUDI A3,8,E01024772,0,-1
2021320674366,2021,320674366,1,9,0,9,9,1,7,0,0,8,0,0,0,0,1,1,2,2,2,25,5,1598,2,8,AUDI A3,8,E01026212,0,-1
2021010345243,2021,010345243,1,9,0,13,13,5,1,0,0,1,0,0,0,0,2,1,6,6,1,19,4,1498,1,0,AUDI A3,3,E01004454,0,-1
2021440401578,2021,440401578,1,9,0,14,14,4,8,0,0,0,0,0,0,0,4,1,6,6,3,-1,-1,1968,2,12,AUDI A3,-1,-1,0,-1
2021430028565,2021,430028565,1,9,0,18,19,0,0,0,0,0,1,0,1,9,1,1,2,2,1,22,5,1498,1,1,AUDI A3,9,E01033194,0,-1
2021052102134,2021,052102134,2,9,0,18,19,3,7,0,0,1,0,0,4,11,1,1,6,6,1,42,7,1968,2,9,AUDI A3,5,E01033096,0,-1
2021131042329,2021,131042329,1,9,0,6,6,7,5,0,0,1,0,0,0,0,3,1,5,6,2,33,6,999,1,2,AUDI A3,7,E01010976,0,-1
2021471028976,2021,471028976,2,9,0,2,2,0,0,0,0,0,0,0,0,0,2,1,6,6,2,48,8,999,1,3,AUDI A3,3,E01024001,0,-1
2021401080015,2021,401080015,2,9,-1,-1,-1,-1,-1,-1,-1,-1,-1,-1,-1,0,-1,1,6,6,2,-1,-1,1595,1,13,AUDI A3,1,E01015699,0,-1
2021111065252,2021,111065252,2,9,0,4,4,5,7,0,0,1,0,0,0,0,1,1,2,2,1,37,7,1395,8,4,AUDI A3,8,E01020750,0,-1
2021320045857,2021,320045857,1,9,0,2,2,0,0,6,6,2,0,0,0,0,3,1,2,2,1,59,9,1598,2,8,AUDI A3,8,E01026191,0,-1
2021141124707,2021,141124707,3,9,0,18,19,2,6,0,0,0,0,0,0,0,1,1,5,6,1,46,8,1395,1,7,AUDI A3,6,E01019920,0,-1
2021061086896,2021,061086896,2,9,0,18,19,2,6,0,0,0,0,0,0,0,1,1,5,6,3,30,6,1968,2,15,AUDI A3,7,E01029484,0,-1
2021010330817,2021,010330817,1,9,0,17,19,7,3,0,0,2,0,0,0,0,1,1,6,6,1,41,7,1968,2,8,AUDI A3,-1,-1,0,-1
2021552101394,2021,552101394,2,9,0,18,19,2,6,0,0,1,0,0,0,0,2,1,6,6,1,35,6,1968,2,5,AUDI A3,6,E01033286,0,-1
202163B019321,2021,63B019321,1,9,0,13,13,6,2,0,0,0,0,0,1,10,1,1,6,6,2,31,6,1598,2,7,AUDI A3,8,W01000506,0,-1
2021401100541,2021,401100541,1,9,0,18,19,4,8,0,0,0,0,0,0,0,3,1,5,6,1,31,6,1968,2,8,AUDI A3,9,E01017585,0,-1
2021302101878,2021,302101878,1,9,0,18,19,2,6,0,0,0,0,0,1,7,3,1,2,2,2,51,8,1968,2,1,AUDI A3,10,E01019794,0,-1
2021061134518,2021,061134518,2,9,0,18,19,1,5,0,0,1,0,0,0,0,1,1,5,6,1,33,6,1896,2,12,AUDI A3,-1,-1,0,-1
2021061053460,2021,061053460,1,9,0,9,9,7,5,0,0,8,0,0,0,0,3,1,6,6,1,22,5,1197,1,6,AUDI A3,9,E01005906,0,-1
2021221055432,2021,221055432,1,9,0,10,10,3,1,0,0,8,0,0,0,0,2,1,5,6,2,35,6,1968,2,16,AUDI A3,1,E01032302,0,-1
2021201077990,2021,201077990,1,9,0,18,19,8,4,0,0,0,0,0,0,0,1,1,6,6,1,69,10,1598,2,7,AUDI A3,4,E01010457,0,-1
2021481146644,2021,481146644,1,9,0,18,19,3,7,0,0,2,0,0,0,0,0,1,5,6,2,28,6,1498,1,2,AUDI A3,-1,-1,0,-1
2021411068391,2021,411068391,3,9,0,18,19,5,1,0,0,0,0,0,0,0,2,1,6,6,3,24,5,1498,1,1,AUDI A3,1,E01001955,0,-1
2021131106877,2021,131106877,1,9,0,-1,-1,-1,-1,-1,-1,8,-1,-1,-1,0,1,1,5,6,1,28,6,1968,2,0,AUDI A3,2,E01011237,0,-1
2021141042381,2021,141042381,3,9,0,9,9,3,1,0,0,8,0,0,0,0,3,1,3,7,2,49,8,1968,2,5,AUDI A3,8,E01007594,0,-1
2021161017366,2021,161017366,2,9,0,18,19,8,4,0,0,1,0,0,0,0,1,1,1,1,1,26,6,1968,2,16,AUDI A3,1,E01012864,0,-1
2021101087746,2021,101087746,1,9,0,18,19,3,7,0,0,1,0,4,0,0,1,1,5,6,2,41,7,1968,2,16,AUDI A3,2,E01008613,0,-1
2021010325689,2021,010325689,2,9,0,1,1,3,7,0,0,6,0,0,0,0,2,1,6,6,1,77,11,1390,1,11,AUDI A3,-1,-1,0,-1
2021991109685,2021,991109685,2,9,0,18,19,4,8,0,0,0,0,0,0,0,0,1,5,6,1,34,6,1598,2,9,AUDI A3,1,-1,0,-1
2021401033630,2021,401033630,2,9,0,18,19,3,7,0,0,8,0,0,0,0,1,1,6,6,2,20,4,1395,1,7,AUDI A3,4,E01015786,0,-1
2021451083066,2021,451083066,2,9,0,18,19,1,5,0,0,0,0,0,0,0,3,1,5,6,1,72,10,1984,1,4,AUDI A3,10,E01030342,0,-1
2021010306682,2021,010306682,1,9,0,99,99,9,9,99,99,9,9,99,9,99,2,9,6,6,2,33,6,1598,2,7,AUDI A3,2,E01004067,0,-1
2021401083211,2021,401083211,1,9,0,9,9,7,3,0,0,1,1,10,0,0,4,1,5,6,1,25,5,1395,1,8,AUDI A3,6,E01017616,0,-1
2021522104916,2021,522104916,1,9,0,13,13,3,7,0,0,1,1,10,7,9,1,1,6,6,1,51,8,1968,2,16,AUDI A3,3,E01014830,0,-1
2021211115087,2021,211115087,1,9,0,4,4,8,7,0,0,0,1,4,0,0,4,1,5,6,1,33,6,1498,1,3,AUDI A3,2,E01014248,0,-1
2021461072805,2021,461072805,1,9,0,18,19,5,1,0,0,0,0,0,0,0,1,1,6,6,1,-1,-1,1984,1,16,AUDI A3,7,E01002300,0,-1
2021201116671,2021,201116671,2,9,0,9,9,7,5,0,0,6,0,0,0,0,1,1,6,6,2,44,7,1595,1,15,AUDI A3,2,E01009986,0,-1
2021010315146,2021,010315146,1,9,9,99,99,9,9,99,99,0,9,99,9,99,1,9,6,6,2,46,8,1498,1,0,AUDI A3,8,E01004074,0,-1
2021010338330,2021,010338330,2,9,0,99,99,9,9,99,99,9,9,99,9,99,9,1,6,6,3,-1,-1,1595,1,9,AUDI A3,-1,-1,0,-1
202131C144421,2021,31C144421,2,9,0,18,19,1,5,0,0,8,0,0,0,0,1,1,6,6,1,23,5,1968,2,10,AUDI A3,7,E01028124,0,-1
2021201133463,2021,201133463,1,9,0,9,9,4,2,0,0,5,0,0,0,0,1,1,6,6,2,24,5,1595,1,11,AUDI A3,4,E01010426,0,-1
2021010340131,2021,010340131,2,9,0,9,9,2,1,0,0,6,0,0,0,0,2,1,6,6,1,47,8,1595,1,13,AUDI A3,6,E01003764,0,-1
2021131118455,2021,131118455,1,9,0,18,19,3,3,0,0,0,0,0,0,0,1,1,2,2,1,27,6,1968,2,16,AUDI A3,4,E01011319,0,-1
2021061060900,2021,061060900,2,9,0,18,19,8,4,0,0,8,0,0,0,0,4,1,6,6,1,63,9,1896,2,17,AUDI A3,2,E01005670,0,-1
2021201146972,2021,201146972,1,9,0,18,19,6,2,0,0,8,0,0,0,0,1,1,6,6,3,-1,-1,1968,2,9,AUDI A3,-1,-1,0,-1
2021991060534,2021,991060534,2,9,0,4,4,8,4,0,0,0,0,0,0,0,2,1,6,6,1,28,6,1798,1,6,AUDI A3,10,-1,0,-1
2021440009155,2021,440009155,2,9,0,18,19,5,1,0,0,8,0,0,0,0,1,1,6,6,1,-1,-1,1968,2,14,AUDI A3,3,E01017080,0,-1
2021440294782,2021,440294782,2,9,0,18,19,5,1,0,0,8,0,0,0,0,1,1,6,6,1,36,7,1595,1,16,AUDI A3,3,E01017195,0,-1
2021211109645,2021,211109645,2,9,0,3,3,2,2,0,0,4,0,0,0,0,1,1,6,6,2,27,6,1598,2,9,AUDI A3,3,E01029408,0,-1
2021201032088,2021,201032088,1,9,0,9,9,2,8,0,0,6,1,0,0,0,1,1,6,6,1,22,5,1968,2,16,AUDI A3,2,E01010522,0,-1
2021010308224,2021,010308224,2,9,0,13,13,5,1,0,0,2,0,0,0,0,4,1,6,6,3,-1,-1,1498,1,2,AUDI A3,-1,-1,0,-1
2021622100245,2021,622100245,2,9,0,18,19,2,6,0,0,8,0,0,0,0,4,1,6,6,1,22,5,1598,2,5,AUDI A3,4,W01001440,0,-1
2021010341287,2021,010341287,1,9,0,18,19,5,1,0,0,1,0,0,0,0,1,1,6,6,1,-1,-1,1798,1,13,AUDI A3,-1,-1,0,-1
2021421126416,2021,421126416,1,9,0,18,19,4,7,0,0,7,1,0,2,7,3,1,5,6,1,57,9,1984,1,17,AUDI A3,8,E01001400,0,-1
2021520101252,2021,520101252,1,9,0,2,2,0,0,0,0,0,0,0,0,0,1,1,6,6,1,39,7,1968,2,16,AUDI A3,-1,-1,0,-1
2021101034722,2021,101034722,2,9,0,17,19,7,3,0,0,1,0,0,0,0,1,1,6,6,2,51,8,1896,2,12,AUDI A3,5,E01027477,0,-1
2021440472353,2021,440472353,4,9,0,4,4,6,2,0,0,0,0,0,0,0,2,1,6,6,1,-1,-1,1968,2,8,AUDI A3,4,E01023261,0,-1
202131A078321,2021,31A078321,1,9,0,18,19,2,6,0,0,2,0,0,0,0,1,1,6,6,1,31,6,1968,2,6,AUDI A3,7,E01025647,0,-1
2021421045585,2021,421045585,1,9,0,9,9,7,7,0,0,0,0,0,7,0,0,1,6,6,1,43,7,1798,1,13,AUDI A3,8,E01021544,0,-1
2021430534780,2021,430534780,4,9,0,3,3,0,0,0,0,8,0,0,0,0,3,1,6,6,3,-1,-1,1595,1,15,AUDI A3,6,E01017812,0,-1
2021421077031,2021,421077031,1,9,0,17,19,7,3,0,0,0,5,0,1,0,1,1,1,1,1,21,5,1598,2,7,AUDI A3,-1,-1,0,-1
2021010339556,2021,010339556,1,9,0,18,19,1,5,0,0,2,0,4,0,0,4,1,1,1,1,21,5,1390,1,13,AUDI A3,2,E01021322,0,-1
2021131121093,2021,131121093,3,9,0,-1,-1,-1,-1,-1,-1,8,-1,-1,-1,0,-1,1,6,6,1,43,7,1395,1,8,AUDI A3,3,E01010630,0,-1
2021101020774,2021,101020774,2,9,0,18,19,3,7,0,0,4,0,0,0,0,4,1,6,6,2,24,5,999,1,4,AUDI A3,-1,-1,0,-1
2021010296300,2021,010296300,2,9,0,10,10,7,5,0,0,1,0,0,0,0,3,1,3,7,2,50,8,1395,8,4,AUDI A3,3,E01002058,0,-1
2021201154085,2021,201154085,2,9,0,10,10,8,6,0,0,8,0,0,0,0,3,1,6,6,2,25,5,1968,2,11,AUDI A3,6,E01010012,0,-1
2021010324415,2021,010324415,1,9,9,18,19,9,9,99,99,9,9,99,9,99,9,1,6,6,2,35,6,1968,2,12,AUDI A3,4,E01003672,0,-1
2021052102489,2021,052102489,1,9,0,9,9,1,7,0,0,8,0,0,0,0,1,1,6,6,2,17,4,1395,1,6,AUDI A3,9,E01006986,0,-1
2021131080056,2021,131080056,2,9,0,18,19,1,5,0,0,0,0,0,0,0,4,1,6,6,2,40,7,1968,2,10,AUDI A3,3,E01010629,0,-1
2021201023956,2021,201023956,2,9,0,18,19,1,5,0,0,0,1,0,2,7,2,1,6,6,1,26,6,1598,2,9,AUDI A3,1,E01009638,0,-1
2021161019133,2021,161019133,2,9,0,18,19,3,7,0,0,8,0,0,0,0,1,2,6,6,1,47,8,1598,2,10,AUDI A3,7,E01013333,0,-1
2021061043803,2021,061043803,2,9,0,18,19,4,8,0,0,1,0,0,0,0,3,1,3,7,2,35,6,1968,2,8,AUDI A3,3,E01005524,0,-1
2021131067193,2021,131067193,2,9,0,18,19,5,1,0,0,1,0,0,0,0,4,1,5,6,1,21,5,1598,2,10,AUDI A3,2,E01010722,0,-1
2021361062049,2021,361062049,1,9,0,18,19,8,4,0,0,1,0,0,0,0,1,1,5,6,2,65,9,1968,2,17,AUDI A3,3,E01026683,0,-1
2021010337555,2021,010337555,2,9,0,9,9,2,8,0,0,1,0,0,1,0,1,1,6,6,1,24,5,1390,1,10,AUDI A3,-1,-1,0,-1
2021302100751,2021,302100751,1,9,0,3,3,2,6,0,0,1,0,0,0,0,1,1,6,6,3,-1,-1,1498,1,2,AUDI A3,5,E01019456,0,-1
2021552100599,2021,552100599,2,9,0,18,19,5,1,0,0,8,0,0,0,0,3,1,6,6,2,33,6,1498,1,4,AUDI A3,5,E01020589,0,-1
2021141063980,2021,141063980,3,9,0,18,19,2,3,0,0,1,0,0,0,0,1,1,5,6,2,58,9,1395,1,6,AUDI A3,6,E01008003,0,-1
2021440339524,2021,440339524,1,9,0,9,9,2,6,0,0,1,0,0,0,0,2,1,6,6,2,45,7,1968,2,14,AUDI A3,8,E01030893,0,-1
2021471120703,2021,471120703,3,9,0,3,3,3,7,0,0,0,0,0,0,0,2,1,6,6,1,43,7,1395,8,0,AUDI A3,6,E01021008,0,-1
2021552101326,2021,552101326,2,9,0,18,19,2,6,0,0,8,0,0,0,0,3,1,2,2,2,29,6,1498,1,1,AUDI A3,10,E01015464,0,-1
2021010312561,2021,010312561,2,9,0,18,19,5,1,0,0,1,0,11,0,0,1,1,6,6,2,43,7,1395,1,6,AUDI A3,2,E01000431,0,-1
2021010333641,2021,010333641,1,9,0,99,99,9,9,99,99,9,9,99,9,99,2,9,6,6,2,32,6,999,1,4,AUDI A3,1,E01003347,0,-1
2021141096482,2021,141096482,2,9,0,18,19,1,5,0,0,0,0,0,0,0,4,1,6,6,1,34,6,1968,2,11,AUDI A3,2,E01033279,0,-1
2021421080037,2021,421080037,1,9,0,5,5,3,7,0,0,0,0,0,1,0,0,1,6,6,1,29,6,1968,2,6,AUDI A3,-1,-1,0,-1
2021131098555,2021,131098555,1,9,0,18,19,7,3,0,0,0,0,0,0,0,1,1,5,6,1,22,5,1395,8,6,AUDI A3,8,E01011241,0,-1
202163D017821,2021,63D017821,4,9,0,18,19,3,7,0,0,0,0,0,0,0,0,1,6,6,1,35,6,1395,8,0,AUDI A3,-1,-1,0,-1
2021010328649,2021,010328649,1,9,0,99,99,9,9,99,99,9,9,99,9,99,1,9,6,6,1,50,8,1896,2,12,AUDI A3,5,E01001060,0,-1
2021010290253,2021,010290253,2,9,0,99,99,9,9,99,99,9,9,99,9,99,1,9,6,6,3,-1,-1,1598,2,6,AUDI A3,-1,-1,0,-1
2021401080131,2021,401080131,1,9,0,13,13,-1,-1,0,0,0,0,0,0,0,0,1,5,6,3,-1,-1,1968,2,9,AUDI A3,-1,-1,0,-1
2021221078812,2021,221078812,2,9,0,18,19,1,5,0,0,0,0,0,0,0,3,1,5,6,1,24,5,1798,1,13,AUDI A3,8,E01022413,0,-1
2021201014882,2021,201014882,2,9,0,3,3,7,3,0,0,0,0,0,0,0,4,1,5,6,1,20,4,1968,2,14,AUDI A3,1,E01009622,0,-1
2021411070075,2021,411070075,4,9,0,4,4,5,1,0,0,0,0,0,0,0,2,1,2,2,1,34,6,1968,2,11,AUDI A3,7,E01017548,0,-1