collision_index,collision_year,collision_ref_no,vehicle_reference,vehicle_type,towing_and_articulation,vehicle_manoeuvre_historic,vehicle_manoeuvre,vehicle_direction_from,vehicle_direction_to,vehicle_location_restricted_lane_historic,vehicle_location_restricted_lane,junction_location,skidding_and_overturning,hit_object_in_carriageway,vehicle_leaving_carriageway,hit_object_off_carriageway,first_point_of_impact,vehicle_left_hand_drive,journey_purpose_of_driver_historic,journey_purpose_of_driver,sex_of_driver,age_of_driver,age_band_of_driver,engine_capacity_cc,propulsion_code,age_of_vehicle,generic_make_model,driver_imd_decile,lsoa_of_driver,escooter_flag,driver_distance_banding
2021201122123,2021,201122123,2,9,0,18,19,6,2,0,0,0,0,0,0,0,2,1,5,6,2,21,5,1598,2,9,AUDI A3,9,E01014978,0,-1
2021211083652,2021,211083652,1,9,0,15,15,3,7,0,0,0,0,0,0,0,3,1,2,2,1,39,7,1595,1,12,AUDI A3,10,E01029741,0,-1
2021320470895,2021,320470895,1,9,0,18,19,2,6,0,0,8,1,0,0,0,4,1,6,6,1,21,5,1598,2,6,AUDI A3,1,E01026152,0,-1
2021351164148,2021,351164148,2,9,0,18,19,6,2,0,0,8,0,0,0,0,4,1,2,2,2,28,6,1896,2,14,AUDI A3,2,E01015657,0,-1
2021471021463,2021,471021463,2,9,0,9,9,7,5,0,0,8,0,0,0,0,1,1,6,6,1,31,6,1598,2,9,AUDI A3,7,E01016899,0,-1
2021221101888,2021,221101888,1,9,0,18,19,7,3,0,0,0,0,6,1,11,1,1,5,6,1,23,5,1968,2,12,AUDI A3,4,E01032381,0,-1
2021010341665,2021,010341665,1,9,0,18,19,5,1,0,0,0,0,0,0,0,1,1,6,6,1,19,4,1395,1,7,AUDI A3,3,E01003391,0,-1
2021010310039,2021,010310039,2,9,0,99,99,9,9,99,99,9,9,99,9,99,3,9,6,6,2,-1,-1,1498,1,4,AUDI A3,3,E01001436,0,-1
2021501109438,2021,501109438,1,9,0,18,19,2,6,0,0,0,0,0,7,9,1,1,5,6,1,75,10,1395,1,7,AUDI A3,8,E01019962,0,-1
2021411119672,2021,411119672,1,9,0,18,19,7,1,0,0,1,0,0,0,0,1,1,1,1,1,63,9,1498,1,2,AUDI A3,10,E01023734,0,-1
2021141112351,2021,141112351,1,9,0,18,19,4,8,0,0,0,0,0,0,0,1,1,5,6,1,32,6,1968,2,13,AUDI A3,3,E01007635,0,-1
2021461073808,2021,461073808,1,9,0,18,19,3,7,0,0,2,0,0,7,0,1,1,6,6,2,71,10,1395,1,7,AUDI A3,10,E01024233,0,-1
2021451034286,2021,451034286,2,9,0,1,1,3,1,0,0,0,0,0,0,0,2,1,6,6,1,32,6,1968,2,16,AUDI A3,6,E01030857,0,-1
2021010292308,2021,010292308,2,9,0,6,6,5,5,0,0,1,0,0,0,0,3,1,6,6,2,35,6,1598,2,9,AUDI A3,6,E01001597,0,-1
2021522102559,2021,522102559,2,9,0,18,19,3,7,0,0,0,0,0,0,0,4,1,6,6,1,29,6,1595,1,12,AUDI A3,4,E01014567,0,-1
2021221121880,2021,221121880,1,9,0,18,19,5,1,0,0,0,1,0,7,4,1,1,2,2,1,21,5,999,1,2,AUDI A3,7,E01014092,0,-1
2021010336549,2021,010336549,1,9,0,18,19,3,7,0,0,0,0,0,0,0,1,1,6,6,3,-1,-1,1968,2,9,AUDI A3,-1,-1,0,-1
2021131043528,2021,131043528,2,9,0,18,19,6,2,0,0,0,0,0,0,0,2,1,5,6,1,29,6,1598,2,5,AUDI A3,1,E01010821,0,-1
2021461105483,2021,461105483,2,9,0,18,19,7,3,0,0,1,0,0,0,0,3,1,6,6,2,18,4,1197,1,9,AUDI A3,8,E01024816,0,-1
2021430052157,2021,430052157,1,9,0,9,9,3,1,0,0,0,0,0,0,0,3,1,6,6,1,32,6,1598,2,7,AUDI A3,5,E01017659,0,-1
2021161018074,2021,161018074,2,9,0,18,19,5,1,0,0,8,0,0,0,0,1,1,5,6,2,20,4,1896,2,12,AUDI A3,4,E01026379,0,-1
2021010331244,2021,010331244,1,9,0,5,5,0,3,0,0,1,0,4,0,0,1,1,6,6,2,26,6,999,1,2,AUDI A3,2,E01004055,0,-1
2021122101301,2021,122101301,3,9,0,3,3,7,3,0,0,0,0,0,0,0,2,1,6,6,1,54,8,1598,2,7,AUDI A3,5,E01008679,0,-1
2021471083445,2021,471083445,2,9,0,5,5,6,2,0,0,0,0,0,0,0,3,1,5,6,1,65,9,1395,1,8,AUDI A3,10,E01031649,0,-1
2021520200726,2021,520200726,1,9,0,18,19,8,4,0,0,0,0,0,0,0,3,1,6,6,2,31,6,1595,1,16,AUDI A3,5,E01020584,0,-1
20211381R1114,2021,1381R1114,1,9,0,18,19,8,4,0,0,0,0,0,0,0,1,1,6,6,1,31,6,1896,2,13,AUDI A3,2,E01011656,0,-1
2021010337566,2021,010337566,1,9,0,9,9,1,6,0,0,1,0,0,0,0,1,1,6,6,1,19,4,1498,1,1,AUDI A3,5,E01018233,0,-1
2021061062470,2021,061062470,2,9,0,18,19,1,5,0,0,2,0,0,0,0,4,1,5,6,1,32,6,1968,2,5,AUDI A3,9,E01006123,0,-1
2021201085240,2021,201085240,2,9,0,18,19,1,4,0,0,0,0,0,0,0,2,1,6,6,2,23,5,1595,1,15,AUDI A3,2,E01010529,0,-1
2021440230794,2021,440230794,2,9,0,18,19,3,7,0,0,0,0,0,0,0,4,1,6,6,3,-1,-1,1984,1,13,AUDI A3,-1,-1,0,-1
2021451031183,2021,451031183,2,9,0,18,19,5,2,0,0,0,0,0,0,0,1,1,1,1,2,20,4,1968,2,9,AUDI A3,9,E01022615,0,-1
2021122100591,2021,122100591,2,9,0,10,10,1,5,0,0,5,0,0,7,0,2,1,6,6,2,36,7,1968,2,10,AUDI A3,8,E01027611,0,-1
2021070511995,2021,070511995,1,9,0,18,19,4,8,0,0,0,0,0,0,0,1,1,6,6,1,22,5,999,1,2,AUDI A3,-1,-1,0,-1
2021131076197,2021,131076197,1,9,0,-1,-1,-1,-1,-1,-1,-1,-1,-1,-1,-1,-1,1,6,6,3,-1,-1,1896,2,15,AUDI A3,-1,-1,0,-1
2021351098225,2021,351098225,2,9,0,3,3,5,1,0,0,1,0,0,0,0,2,1,2,2,1,32,6,1968,2,6,AUDI A3,2,E01015599,0,-1
2021141095243,2021,141095243,2,9,0,18,19,8,4,0,0,1,0,0,0,0,3,1,1,1,1,35,6,1968,2,7,AUDI A3,9,E01008156,0,-1
2021010345227,2021,010345227,2,9,0,9,9,5,3,0,0,8,0,0,0,0,1,1,6,6,1,41,7,999,1,1,AUDI A3,7,E01004727,0,-1
2021061128217,2021,061128217,1,9,0,18,19,5,1,0,0,8,0,0,0,0,4,1,2,2,2,50,8,999,1,0,AUDI A3,7,E01005395,0,-1
2021991081697,2021,991081697,1,9,0,5,5,3,7,0,0,2,0,0,0,0,3,1,5,6,2,19,4,1498,1,3,AUDI A3,8,-1,0,-1
2021010295678,2021,010295678,3,9,0,5,5,5,1,0,0,1,0,0,0,0,1,1,6,6,1,75,10,1968,2,7,AUDI A3,4,E01004699,0,-1
2021131042698,2021,131042698,1,9,0,16,19,1,5,0,0,0,0,0,0,0,1,1,5,6,1,37,7,1968,2,12,AUDI A3,4,E01033694,0,-1
2021351061793,2021,351061793,2,9,0,4,4,2,3,0,0,1,0,0,0,0,4,1,3,7,2,41,7,1598,2,9,AUDI A3,2,E01015657,0,-1
2021141071446,2021,141071446,1,9,0,-1,-1,-1,-1,0,0,1,-1,-1,-1,0,-1,1,6,6,1,36,7,1598,2,10,AUDI A3,1,E01007873,0,-1
2021522103710,2021,522103710,1,9,0,9,9,1,5,0,0,6,0,0,0,0,3,1,6,6,1,28,6,1896,2,12,AUDI A3,2,E01014630,0,-1
2021421038652,2021,421038652,1,9,0,15,15,7,3,0,0,0,0,0,0,0,1,1,6,6,2,52,8,1498,1,0,AUDI A3,6,E01021794,0,-1
2021061097819,2021,061097819,2,9,0,18,19,1,5,0,0,0,0,0,0,0,2,1,6,6,2,33,6,1598,2,8,AUDI A3,4,E01012661,0,-1
2021461116542,2021,461116542,1,9,0,10,10,7,5,0,0,8,0,0,1,0,1,1,6,6,2,-1,-1,1498,1,2,AUDI A3,-1,-1,0,-1
2021052102581,2021,052102581,1,9,0,18,19,8,4,0,0,8,0,0,0,0,1,1,6,6,2,-1,-1,1595,1,12,AUDI A3,4,E01033762,0,-1
20211381F0824,2021,1381F0824,2,9,0,3,3,2,6,0,0,1,0,0,0,0,2,1,6,6,1,63,9,1598,2,6,AUDI A3,8,E01010937,0,-1
2021010309713,2021,010309713,2,8,0,18,19,7,3,0,0,1,9,99,9,99,1,1,6,6,2,33,6,1598,2,5,AUDI A3,5,E01003701,0,-1
2021131108116,2021,131108116,1,9,0,18,19,6,2,0,0,0,0,0,0,0,1,1,5,6,2,66,10,1896,2,18,AUDI A3,1,E01011730,0,-1
2021010307120,2021,010307120,1,9,0,99,99,9,9,99,99,9,9,99,9,99,2,9,6,6,2,33,6,1197,1,9,AUDI A3,8,E01001044,0,-1
2021010335865,2021,010335865,1,9,0,7,7,1,4,0,0,6,0,0,0,0,1,1,6,6,1,72,10,1598,2,2,AUDI A3,9,E01030828,0,-1
2021411068400,2021,411068400,2,9,0,2,2,0,0,0,0,1,0,0,0,0,2,1,6,6,1,47,8,1968,2,6,AUDI A3,-1,-1,0,-1
2021052100151,2021,052100151,3,9,0,18,19,4,8,0,0,1,0,0,0,0,1,1,6,6,1,26,6,1598,2,6,AUDI A3,1,E01006549,0,-1
2021010340541,2021,010340541,1,9,0,9,9,6,4,0,0,6,0,0,0,0,1,1,6,6,2,61,9,1984,1,12,AUDI A3,5,E01001168,0,-1
2021211145160,2021,211145160,1,9,0,18,19,1,5,0,0,4,5,9,3,11,1,1,6,6,3,-1,-1,1395,1,5,AUDI A3,-1,-1,0,-1
2021461097827,2021,461097827,1,9,0,5,5,1,5,0,0,8,0,10,0,0,3,1,6,6,1,56,9,1968,2,12,AUDI A3,3,E01024310,0,-1
2021131058282,2021,131058282,1,9,0,18,19,3,7,0,0,1,0,0,0,0,1,1,6,6,3,-1,-1,1598,2,6,AUDI A3,-1,-1,0,-1
2021451077621,2021,451077621,2,9,0,4,4,1,5,0,0,0,0,0,0,0,1,1,6,6,2,60,9,1395,1,6,AUDI A3,4,E01020041,0,-1
2021320617348,2021,320617348,1,9,0,2,2,0,0,0,0,0,0,0,0,0,3,1,6,6,2,31,6,1598,2,6,AUDI A3,7,E01026096,0,-1
2021010313062,2021,010313062,1,9,0,7,7,2,5,0,0,3,0,10,7,11,1,1,6,6,1,75,10,999,1,3,AUDI A3,8,E01000212,0,-1
2021131054177,2021,131054177,1,9,0,18,19,7,3,0,0,1,0,0,0,0,-1,1,6,6,3,-1,-1,1984,1,15,AUDI A3,-1,-1,0,-1
2021131078415,2021,131078415,4,9,0,2,2,0,0,0,0,0,0,0,0,0,2,1,6,6,3,-1,-1,1968,2,10,AUDI A3,-1,-1,0,-1
2021221126711,2021,221126711,2,9,0,8,8,1,4,0,0,1,0,0,0,0,2,1,2,2,1,28,6,1395,1,5,AUDI A3,3,E01014153,0,-1
2021471085439,2021,471085439,3,9,0,3,3,5,1,0,0,2,0,0,0,0,3,1,2,2,1,33,6,1598,2,5,AUDI A3,-1,-1,0,-1
202163A052221,2021,63A052221,1,9,0,9,9,6,3,0,0,5,0,0,0,0,1,1,6,6,1,32,6,1781,1,18,AUDI A3,1,W01001280,0,-1
2021041121978,2021,041121978,1,9,0,7,7,5,7,0,0,8,0,0,0,0,4,1,5,6,2,40,7,1896,2,14,AUDI A3,2,E01025185,0,-1
2021501062850,2021,501062850,1,9,0,1,1,3,7,0,0,8,0,0,0,0,1,1,5,6,2,37,7,1968,2,16,AUDI A3,2,E01018928,0,-1
2021991026161,2021,991026161,1,9,0,18,19,2,5,9,9,1,0,0,0,0,3,1,5,6,1,28,6,1598,2,9,AUDI A3,1,-1,0,-1
2021010309798,2021,010309798,2,9,0,16,19,1,5,0,0,9,0,0,0,0,3,1,6,6,1,-1,-1,1598,2,7,AUDI A3,-1,-1,0,-1
2021061051546,2021,061051546,1,9,0,9,9,4,8,0,0,5,0,0,0,0,1,1,6,6,2,30,6,1896,2,14,AUDI A3,-1,-1,0,-1
2021411093398,2021,411093398,4,9,0,2,2,0,0,0,0,0,0,0,0,0,1,1,6,6,3,-1,-1,1968,2,16,AUDI A3,-1,-1,0,-1
2021122101476,2021,122101476,3,9,0,3,3,3,7,0,0,1,0,0,0,0,2,1,6,6,2,64,9,1498,1,3,AUDI A3,8,E01011630,0,-1
2021041047001,2021,041047001,2,9,0,2,2,1,5,0,0,0,0,0,0,0,2,1,1,1,1,41,7,1598,2,4,AUDI A3,8,E01029680,0,-1
2021302100633,2021,302100633,1,9,0,5,5,8,4,0,0,0,0,0,0,0,1,1,2,2,2,23,5,1968,2,5,AUDI A3,8,E01019875,0,-1
2021320376136,2021,320376136,1,9,0,18,19,8,6,0,0,1,0,0,1,0,1,1,6,6,2,72,10,1896,2,12,AUDI A3,5,E01026162,0,-1
2021522101871,2021,522101871,2,9,0,18,19,5,1,0,0,0,0,0,0,0,4,1,6,6,2,35,6,1968,2,13,AUDI A3,-1,-1,0,-1
2021461093934,2021,461093934,1,9,0,18,19,1,6,0,0,0,0,0,0,0,1,1,3,7,1,38,7,1395,1,4,AUDI A3,6,E01016076,0,-1
2021421022950,2021,421022950,1,9,0,5,5,7,3,0,0,0,0,0,7,0,1,1,6,6,1,25,5,1896,2,15,AUDI A3,-1,-1,0,-1
2021010333688,2021,010333688,1,9,0,5,5,3,7,0,0,1,0,0,0,0,1,1,2,2,1,27,6,999,1,0,AUDI A3,9,E01000350,0,-1
2021010304525,2021,010304525,1,9,0,7,7,7,1,0,0,8,0,0,0,0,4,1,6,6,1,29,6,1968,2,15,AUDI A3,3,E01003728,0,-1
2021201137470,2021,201137470,1,9,0,18,19,2,6,0,0,8,0,10,1,0,1,1,6,6,1,20,4,1896,2,15,AUDI A3,8,E01029680,0,-1
2021101038900,2021,101038900,2,9,0,2,2,1,2,0,0,0,0,0,0,0,2,1,3,7,1,32,6,1595,1,13,AUDI A3,-1,-1,0,-1
2021421025859,2021,421025859,1,9,0,9,9,5,3,0,0,5,0,0,3,4,1,1,5,6,1,72,10,1968,2,10,AUDI A3,7,E01033052,0,-1
2021622100748,2021,622100748,2,9,0,13,13,8,4,0,0,0,5,0,0,0,1,1,6,6,1,30,6,1896,2,18,AUDI A3,6,W01001240,0,-1
2021101096060,2021,101096060,1,9,0,5,5,1,5,0,0,6,1,0,0,0,1,1,2,2,2,53,8,1968,2,10,AUDI A3,7,E01008873,0,-1
2021211110445,2021,211110445,1,9,0,18,19,8,8,0,0,0,0,0,0,0,1,1,3,7,2,30,6,1598,2,6,AUDI A3,9,E01033257,0,-1
2021041101555,2021,041101555,2,9,0,9,9,5,1,0,0,5,0,0,0,0,4,1,5,6,2,42,7,1968,2,10,AUDI A3,6,E01025367,0,-1
2021131046638,2021,131046638,1,9,0,9,9,4,2,0,0,6,0,0,0,0,1,1,5,6,1,75,10,1984,1,18,AUDI A3,4,E01019570,0,-1
2021430492478,2021,430492478,1,9,0,1,1,7,3,0,0,0,0,0,0,0,2,1,6,6,1,47,8,1595,1,15,AUDI A3,-1,-1,0,-1
2021201075466,2021,201075466,1,9,0,3,3,2,6,0,0,0,0,0,0,0,1,1,6,6,2,41,7,999,1,2,AUDI A3,1,E01009092,0,-1
20211382G1077,2021,1382G1077,1,9,0,18,19,5,1,0,0,1,0,0,0,0,1,1,6,6,1,32,6,1968,2,4,AUDI A3,1,E01010677,0,-1
2021231076095,2021,231076095,1,9,0,18,19,1,5,0,0,4,0,0,0,0,1,1,6,6,1,26,6,1968,2,11,AUDI A3,5,E01031028,0,-1
2021131099913,2021,131099913,1,9,0,18,19,7,3,0,0,8,0,0,0,0,4,1,2,2,1,64,9,1395,1,8,AUDI A3,7,E01011056,0,-1
2021430151959,2021,430151959,2,9,0,3,3,6,2,0,0,0,0,0,0,0,4,1,6,6,1,30,6,1968,2,15,AUDI A3,8,E01028614,0,-1
2021302101536,2021,302101536,1,9,0,18,19,6,2,0,0,0,0,0,0,0,2,1,6,6,1,42,7,1498,1,0,AUDI A3,3,E01007550,0,-1
2021061131864,2021,061131864,2,9,-1,-1,-1,-1,-1,-1,-1,0,-1,-1,-1,0,-1,1,6,6,1,30,6,1968,2,8,AUDI A3,1,E01006028,0,-1
2021010346363,2021,010346363,1,9,0,16,19,3,7,0,0,5,1,0,3,11,1,1,6,6,1,25,5,1598,2,3,AUDI A3,2,E01001128,0,-1
2021520101605,2021,520101605,1,9,0,18,19,4,1,0,0,8,0,0,0,0,1,1,6,6,2,31,6,1984,1,14,AUDI A3,7,E01029199,0,-1
2021411085252,2021,411085252,3,9,0,4,4,5,1,0,0,0,0,0,0,0,2,1,6,6,2,18,4,1598,2,9,AUDI A3,9,E01026274,0,-1
2021010293694,2021,010293694,1,9,0,5,5,1,5,0,0,2,1,10,0,0,3,1,2,2,1,38,7,1968,2,7,AUDI A3,3,E01000099,0,-1
2021010304106,2021,010304106,1,9,0,5,5,5,1,8,6,0,0,0,0,0,4,1,6,6,3,-1,-1,1896,2,19,AUDI A3,-1,-1,0,-1
2021010288496,2021,010288496,1,9,0,4,4,1,5,0,0,0,0,0,0,0,2,1,6,6,2,30,6,1395,1,7,AUDI A3,7,E01004727,0,-1
2021430071032,2021,430071032,1,9,0,18,19,5,1,0,0,0,0,0,0,0,1,1,6,6,1,23,5,1984,1,16,AUDI A3,5,E01002635,0,-1
2021522105491,2021,522105491,2,9,0,18,19,6,2,0,0,1,0,0,0,0,1,1,6,6,1,30,6,1598,2,9,AUDI A3,-1,-1,0,-1
2021170H10671,2021,170H10671,2,9,0,18,19,1,5,0,0,8,0,0,0,0,1,1,1,1,2,50,8,1595,1,11,AUDI A3,8,E01027836,0,-1
2021320288464,2021,320288464,1,9,0,18,19,2,6,0,0,0,1,4,0,0,1,1,6,6,2,20,4,1896,2,12,AUDI A3,4,E01026379,0,-1
2021041094205,2021,041094205,1,9,0,18,19,1,5,0,0,1,0,0,0,0,1,1,5,6,2,34,6,1968,2,14,AUDI A3,1,E01012603,0,-1
2021010288556,2021,010288556,1,9,0,7,7,3,6,0,0,5,0,0,0,0,3,1,2,2,1,22,5,1595,1,12,AUDI A3,2,E01000781,0,-1
2021201097645,2021,201097645,2,9,0,18,19,7,3,0,0,8,0,0,3,0,1,1,2,2,2,30,6,1968,2,7,AUDI A3,1,E01009352,0,-1
2021302102092,2021,302102092,2,9,0,18,19,6,2,0,0,1,0,0,0,0,1,1,6,6,1,29,6,1896,2,12,AUDI A3,3,E01008063,0,-1
2021010295914,2021,010295914,1,9,0,2,2,0,0,0,0,6,0,0,0,0,2,1,6,6,3,-1,-1,1968,2,15,AUDI A3,-1,-1,0,-1
2021010342182,2021,010342182,2,9,0,2,2,0,0,0,0,1,0,0,0,0,2,1,6,6,3,-1,-1,1595,1,13,AUDI A3,-1,-1,0,-1
2021010314448,2021,010314448,1,9,0,99,99,9,9,99,99,9,9,99,9,99,2,9,6,6,2,33,6,1598,2,5,AUDI A3,4,E01001512,0,-1
2021211032061,2021,211032061,2,9,0,7,7,6,7,0,0,4,0,0,0,0,2,1,6,6,1,35,6,1896,2,18,AUDI A3,9,E01032901,0,-1
2021552200029,2021,552200029,2,9,0,18,19,2,6,0,0,8,0,0,0,0,4,1,6,6,1,38,7,1598,2,6,AUDI A3,6,E01015317,0,-1
2021440106002,2021,440106002,2,9,0,18,19,5,1,0,0,0,0,0,0,0,1,1,6,6,1,24,5,1968,1,16,AUDI A3,3,E01017346,0,-1
2021010335688,2021,010335688,1,9,0,9,9,3,1,0,0,3,0,7,0,0,1,1,6,6,1,32,6,1595,1,23,AUDI A3,5,E01001095,0,-1
2021010289610,2021,010289610,3,9,0,2,2,0,0,0,0,0,0,0,0,0,0,1,6,6,3,-1,-1,1798,1,13,AUDI A3,-1,-1,0,-1
2021522103980,2021,522103980,1,9,0,3,3,8,4,0,0,1,0,0,0,0,2,1,6,6,1,29,6,1984,1,12,AUDI A3,2,E01014630,0,-1
2021010316505,2021,010316505,1,9,0,4,4,3,7,0,0,1,0,0,0,0,2,1,1,1,2,29,6,1395,1,4,AUDI A3,3,E01001941,0,-1
2021010334847,2021,010334847,1,9,0,99,99,9,9,99,99,9,9,99,9,99,2,9,6,6,1,20,4,1968,2,6,AUDI A3,2,E01001557,0,-1
2021161097880,2021,161097880,1,9,0,9,9,2,8,0,0,5,0,0,0,0,1,1,2,2,2,20,4,1598,2,7,AUDI A3,2,E01013147,0,-1
2021201118628,2021,201118628,1,9,0,18,19,4,8,0,0,0,0,0,0,0,1,1,6,6,2,38,7,1968,2,7,AUDI A3,3,E01014145,0,-1
2021501086069,2021,501086069,2,9,0,17,19,1,7,0,0,0,0,0,0,0,3,1,6,6,2,65,9,1968,2,6,AUDI A3,6,E01020188,0,-1
2021010336245,2021,010336245,1,9,0,18,19,1,5,0,0,0,0,0,0,0,1,1,6,6,1,50,8,1197,1,8,AUDI A3,1,E01000917,0,-1
2021471095901,2021,471095901,1,9,0,18,19,6,2,0,0,0,0,10,1,9,1,1,6,6,1,49,8,1896,2,18,AUDI A3,-1,-1,0,-1
2021010341629,2021,010341629,1,9,0,99,99,9,9,99,99,9,9,99,9,99,9,9,6,6,1,29,6,1798,1,14,AUDI A3,3,E01003976,0,-1
2021430177845,2021,430177845,2,9,0,18,19,4,8,0,0,8,0,0,0,0,1,1,6,6,2,-1,-1,1498,1,2,AUDI A3,-1,-1,0,-1
2021010303486,2021,010303486,2,9,0,99,99,9,9,99,99,9,9,99,9,99,1,9,6,6,3,-1,-1,3189,1,13,AUDI A3,-1,-1,0,-1
2021201149691,2021,201149691,1,9,0,9,9,4,1,0,0,5,0,0,0,0,1,1,6,6,2,52,8,1390,1,12,AUDI A3,-1,-1,0,-1
202163B006121,2021,63B006121,1,9,0,16,19,4,7,0,0,0,0,0,0,0,1,1,6,6,1,39,7,1968,2,16,AUDI A3,5,W01000542,0,-1
2021010296653,2021,010296653,2,9,0,99,99,9,9,99,99,0,9,99,9,99,2,9,6,6,3,-1,-1,1595,1,11,AUDI A3,-1,-1,0,-1
2021401125753,2021,401125753,2,9,0,4,4,8,4,0,0,1,0,0,0,0,2,1,5,6,2,37,7,1968,2,15,AUDI A3,3,E01015801,0,-1
2021201117788,2021,201117788,1,9,0,18,19,6,2,0,0,8,0,0,0,0,4,1,6,6,1,47,8,1968,2,14,AUDI A3,6,E01009419,0,-1
2021421015259,2021,421015259,2,9,0,7,7,5,1,0,0,1,0,0,0,0,4,1,6,6,2,30,6,1598,2,3,AUDI A3,3,E01021418,0,-1
2021041019734,2021,041019734,2,9,0,18,19,7,3,0,0,0,0,0,0,0,2,1,5,6,1,36,7,999,1,4,AUDI A3,8,E01024978,0,-1
2021010301605,2021,010301605,2,9,0,18,19,7,3,0,0,2,0,0,0,0,4,1,6,6,1,32,6,999,1,2,AUDI A3,3,E01004200,0,-1
2021371027309,2021,371027309,1,9,0,16,19,3,5,0,0,8,0,0,0,0,1,1,1,1,1,21,5,1968,2,9,AUDI A3,2,E01029938,0,-1
202154A137621,2021,54A137621,1,9,0,18,19,7,3,0,0,2,0,0,1,7,1,1,6,6,2,31,6,1968,2,9,AUDI A3,2,E01014977,0,-1
2021231129520,2021,231129520,2,9,0,3,3,8,4,0,0,1,0,0,0,0,3,1,5,6,1,38,7,1498,1,3,AUDI A3,8,E01029517,0,-1
2021041175547,2021,041175547,1,9,0,1,1,1,5,0,0,2,0,0,0,0,2,1,5,6,1,44,7,1896,2,13,AUDI A3,1,E01024876,0,-1
2021131111193,2021,131111193,2,9,0,18,19,7,3,0,0,1,0,0,0,0,-1,1,6,6,3,-1,-1,1968,2,0,AUDI A3,-1,-1,0,-1
2021471096451,2021,471096451,2,9,0,18,19,1,5,0,0,0,0,0,0,0,4,1,5,6,1,47,8,1595,1,19,AUDI A3,9,E01031764,0,-1
2021361095571,2021,361095571,3,9,0,18,19,6,2,0,0,1,0,0,0,0,1,1,2,2,1,24,5,1395,1,6,AUDI A3,-1,-1,0,-1
2021010306451,2021,010306451,2,9,0,99,99,9,9,99,99,0,9,99,9,99,1,9,6,6,3,75,10,1395,8,7,AUDI A3,4,E01004622,0,-1
2021122100366,2021,122100366,1,9,0,4,4,1,5,0,0,0,0,0,0,0,2,1,3,7,2,33,6,1968,2,13,AUDI A3,9,E01027747,0,-1
2021010314909,2021,010314909,1,9,0,99,99,9,9,99,99,9,9,99,9,99,9,9,6,6,1,24,5,1598,2,4,AUDI A3,3,E01002085,0,-1
2021471100403,2021,471100403,1,9,0,18,19,7,3,0,0,8,0,0,0,0,1,1,5,6,1,46,8,1968,2,12,AUDI A3,8,E01031474,0,-1
2021010330409,2021,010330409,1,9,0,10,10,1,6,0,0,8,0,0,0,0,1,1,1,1,1,39,7,1595,2,12,AUDI A3,8,E01016760,0,-1
2021430295033,2021,430295033,1,9,0,18,19,3,7,0,0,2,0,4,1,0,4,1,6,6,2,59,9,1598,2,6,AUDI A3,4,E01016391,0,-1
2021430585318,2021,430585318,1,9,0,3,3,2,6,0,0,1,0,0,0,0,2,1,6,6,1,27,6,1968,2,4,AUDI A3,10,E01017874,0,-1
2021010309913,2021,010309913,2,9,0,6,6,7,7,0,0,2,0,0,0,0,1,1,6,6,1,32,6,1395,1,6,AUDI A3,3,E01004756,0,-1
2021201117750,2021,201117750,2,9,0,2,2,0,0,0,0,0,0,0,0,0,3,1,6,6,2,51,8,1598,2,5,AUDI A3,3,E01009221,0,-1
2021302101967,2021,302101967,1,9,0,18,19,4,8,0,0,0,0,0,0,0,1,1,6,6,3,-1,-1,1598,2,9,AUDI A3,5,E01019456,0,-1
2021461107074,2021,461107074,2,9,0,18,19,3,7,0,0,0,0,0,1,0,4,1,5,6,2,43,7,1968,2,10,AUDI A3,1,E01024257,0,-1
2021440474422,2021,440474422,2,9,0,18,19,4,8,0,0,0,0,0,0,0,1,1,6,6,1,39,7,1968,2,5,AUDI A3,9,E01023241,0,-1
2021440435212,2021,440435212,1,9,0,4,4,6,2,0,0,1,0,0,0,0,1,1,6,6,1,63,9,1896,2,12,AUDI A3,10,W01000903,0,-1
2021361080753,2021,361080753,1,9,0,5,5,5,1,0,0,2,0,0,0,0,3,1,5,6,1,44,7,1498,1,3,AUDI A3,6,E01002293,0,-1
2021010330033,2021,010330033,1,9,0,18,19,6,2,0,0,3,0,0,0,0,1,1,6,6,3,-1,-1,1896,2,16,AUDI A3,-1,-1,0,-1
2021161051404,2021,161051404,1,9,0,18,19,8,4,0,0,0,0,0,0,0,4,1,6,6,1,-1,-1,1896,2,15,AUDI A3,-1,-1,0,-1
2021501131938,2021,501131938,1,9,0,18,19,8,4,0,0,1,0,0,0,0,1,1,6,6,2,60,9,1896,2,14,AUDI A3,7,E01015099,0,-1
2021211080966,2021,211080966,1,9,0,18,19,4,8,0,0,1,5,0,0,0,1,1,6,6,1,24,5,1968,2,11,AUDI A3,4,E01029797,0,-1
2021421069098,2021,421069098,1,9,0,18,19,7,4,0,0,1,5,4,0,0,1,1,6,6,1,66,10,1395,1,7,AUDI A3,8,E01022081,0,-1
2021010298756,2021,010298756,1,9,0,18,19,7,3,0,0,8,0,0,0,0,1,1,1,1,1,19,4,1595,1,12,AUDI A3,4,E01002304,0,-1
2021201107598,2021,201107598,1,9,0,14,14,4,8,0,0,1,0,0,0,0,1,1,6,6,2,29,6,1968,2,5,AUDI A3,1,E01008928,0,-1
2021131058126,2021,131058126,2,9,0,3,3,1,5,0,0,1,0,0,0,0,4,1,6,6,2,35,6,1968,2,15,AUDI A3,7,E01011042,0,-1
2021170H10171,2021,170H10171,1,9,0,18,19,4,8,0,0,4,0,9,3,1,1,1,6,6,1,32,6,1598,2,7,AUDI A3,1,E01020901,0,-1