collision_index,collision_year,collision_ref_no,vehicle_reference,vehicle_type,towing_and_articulation,vehicle_manoeuvre_historic,vehicle_manoeuvre,vehicle_direction_from,vehicle_direction_to,vehicle_location_restricted_lane_historic,vehicle_location_restricted_lane,junction_location,skidding_and_overturning,hit_object_in_carriageway,vehicle_leaving_carriageway,hit_object_off_carriageway,first_point_of_impact,vehicle_left_hand_drive,journey_purpose_of_driver_historic,journey_purpose_of_driver,sex_of_driver,age_of_driver,age_band_of_driver,engine_capacity_cc,propulsion_code,age_of_vehicle,generic_make_model,driver_imd_decile,lsoa_of_driver,escooter_flag,driver_distance_banding
2021161104005,2021,161104005,2,9,0,18,19,3,8,0,0,8,0,0,0,0,1,1,5,6,1,21,5,1968,2,17,AUDI A3,10,E01013261,0,-1
2021010288208,2021,010288208,2,9,0,18,19,3,7,0,0,8,0,0,0,0,1,1,6,6,1,42,7,1598,2,6,AUDI A3,3,E01001244,0,-1
2021302101627,2021,302101627,1,9,0,18,19,4,8,0,0,0,0,0,1,2,1,1,6,6,1,18,4,1395,1,4,AUDI A3,2,E01019799,0,-1
2021061037571,2021,061037571,1,9,0,18,19,1,1,0,0,0,0,0,0,0,1,1,6,6,3,30,6,1968,2,10,AUDI A3,9,E01005339,0,-1
2021061116353,2021,061116353,1,9,0,4,4,3,7,0,0,0,0,0,0,0,1,1,5,6,1,34,6,1896,2,13,AUDI A3,4,E01005331,0,-1
2021131083599,2021,131083599,2,9,0,4,4,3,7,0,0,0,0,0,1,2,2,1,2,2,3,23,5,1968,2,9,AUDI A3,1,E01010732,0,-1
2021991079321,2021,991079321,2,9,0,18,19,3,7,0,0,0,0,0,0,0,3,1,2,2,1,46,8,1595,1,13,AUDI A3,2,-1,0,-1
2021010306437,2021,010306437,1,9,0,9,9,5,3,0,0,1,0,0,0,0,4,1,6,6,1,63,9,1390,1,12,AUDI A3,4,E01000923,0,-1
2021010321604,2021,010321604,1,9,9,18,19,1,5,0,0,1,9,0,0,0,3,9,6,6,3,52,8,1968,2,9,AUDI A3,2,E01003990,0,-1
2021411074979,2021,411074979,1,9,0,18,19,2,6,0,0,0,0,0,0,0,1,1,2,2,2,22,5,1968,2,5,AUDI A3,5,E01002619,0,-1
2021052101949,2021,052101949,1,9,0,18,19,5,1,0,0,1,0,0,0,0,3,1,6,6,1,74,10,1197,1,10,AUDI A3,4,E01024960,0,-1
2021010329599,2021,010329599,1,9,0,18,19,5,1,0,0,8,0,0,0,0,2,1,2,2,1,43,7,1781,1,20,AUDI A3,4,E01004417,0,-1
2021131091635,2021,131091635,1,9,0,9,9,2,6,0,0,0,0,0,7,0,3,1,5,6,2,34,6,1896,2,12,AUDI A3,7,E01010636,0,-1
2021461051930,2021,461051930,1,9,0,18,19,4,8,0,0,0,0,0,1,7,1,1,5,6,1,35,6,1798,1,7,AUDI A3,4,E01024702,0,-1
2021201143775,2021,201143775,2,9,0,18,19,8,5,0,0,8,0,0,0,0,3,1,6,6,2,47,8,1968,2,8,AUDI A3,8,E01027297,0,-1
2021991117248,2021,991117248,2,9,0,17,19,6,2,0,0,0,0,0,1,9,1,1,6,6,1,29,6,1598,2,7,AUDI A3,5,-1,0,-1
2021052102677,2021,052102677,1,9,0,18,19,6,2,0,0,0,1,0,0,0,1,1,6,6,1,65,9,1968,2,12,AUDI A3,5,E01025531,0,-1
2021231047612,2021,231047612,2,9,0,18,19,5,1,0,0,8,0,0,0,0,4,1,5,6,2,57,9,1598,2,7,AUDI A3,6,E01028579,0,-1
2021430475779,2021,430475779,2,9,0,18,19,4,8,0,0,0,0,0,0,0,3,1,6,6,1,40,7,1968,2,0,AUDI A3,10,E01016425,0,-1
2021041074718,2021,041074718,1,9,0,9,9,6,1,0,0,8,0,0,0,0,1,1,5,6,1,21,5,1968,2,12,AUDI A3,1,E01012720,0,-1
2021451079480,2021,451079480,2,9,0,18,19,5,5,0,0,1,0,0,0,0,1,1,5,6,1,20,4,1390,1,12,AUDI A3,6,E01030827,0,-1
2021131112433,2021,131112433,1,9,0,-1,-1,-1,-1,-1,-1,-1,-1,-1,-1,-1,-1,1,6,6,3,-1,-1,1395,1,6,AUDI A3,-1,-1,0,-1
2021430541858,2021,430541858,2,9,0,3,3,5,1,0,0,1,0,0,0,0,1,1,6,6,2,62,9,1968,2,12,AUDI A3,9,E01028754,0,-1
2021010336158,2021,010336158,1,9,9,99,99,9,9,99,99,9,9,99,9,99,2,9,6,6,1,59,9,999,1,3,AUDI A3,2,E01004268,0,-1
2021141072092,2021,141072092,1,9,0,18,19,5,5,0,0,0,0,0,0,0,2,1,5,6,2,29,6,999,1,1,AUDI A3,3,E01028248,0,-1
2021010348697,2021,010348697,1,9,0,18,19,1,5,0,0,2,0,0,0,0,1,1,2,2,1,-1,-1,1595,1,13,AUDI A3,2,E01000018,0,-1
2021991047376,2021,991047376,2,9,0,18,19,8,5,0,0,1,0,0,0,0,1,1,2,2,2,40,7,999,1,4,AUDI A3,1,-1,0,-1
2021010343615,2021,010343615,1,9,0,99,99,9,9,99,99,0,9,99,9,99,9,9,6,6,1,23,5,1595,1,11,AUDI A3,9,E01016081,0,-1
2021361036784,2021,361036784,2,9,0,18,19,5,1,0,0,1,0,0,0,0,1,1,5,6,1,31,6,1968,2,11,AUDI A3,1,E01026704,0,-1
2021361039170,2021,361039170,2,9,0,18,19,3,7,0,0,1,0,0,1,10,1,1,2,2,1,66,10,1598,2,9,AUDI A3,8,E01026839,0,-1
202131A010121,2021,31A010121,1,9,0,4,4,5,1,0,0,6,0,0,0,0,3,1,2,2,2,62,9,1598,2,9,AUDI A3,2,E01027986,0,-1
2021010345788,2021,010345788,1,9,0,99,99,9,9,99,99,9,9,99,9,99,2,9,6,6,2,31,6,1968,2,0,AUDI A3,4,E01000307,0,-1
2021302101446,2021,302101446,1,9,0,18,19,8,4,0,0,0,0,4,1,0,4,1,6,6,2,25,5,1781,1,19,AUDI A3,3,E01013549,0,-1
2021010330679,2021,010330679,2,9,0,18,19,1,5,0,0,0,0,0,0,0,1,1,6,6,1,47,8,1395,1,8,AUDI A3,7,E01004597,0,-1
2021421070845,2021,421070845,2,9,0,17,19,3,7,0,0,0,0,0,0,0,1,1,5,6,2,40,7,1498,1,3,AUDI A3,3,E01021594,0,-1
2021201149149,2021,201149149,1,9,0,4,4,5,1,0,0,0,0,0,0,0,2,1,6,6,1,-1,-1,1896,2,15,AUDI A3,-1,-1,0,-1
2021010326963,2021,010326963,1,9,0,10,10,3,1,0,0,5,0,0,0,0,4,1,1,1,1,28,6,1498,1,2,AUDI A3,-1,-1,0,-1
2021010314194,2021,010314194,2,9,0,8,8,5,7,0,0,8,1,0,0,0,4,1,1,1,2,30,6,1598,2,6,AUDI A3,7,E01000438,0,-1
2021522102496,2021,522102496,3,9,0,18,19,4,8,0,0,1,0,0,0,0,1,1,6,6,2,32,6,1598,2,4,AUDI A3,9,E01014956,0,-1
2021371139235,2021,371139235,1,9,0,4,4,7,3,0,0,8,0,0,0,0,1,1,2,2,1,24,5,1896,2,14,AUDI A3,6,E01029925,0,-1
2021302100387,2021,302100387,1,9,0,18,19,8,4,0,0,2,0,12,0,0,1,1,2,2,1,21,5,1968,2,13,AUDI A3,5,E01019613,0,-1
2021440079413,2021,440079413,1,9,0,4,4,3,7,0,0,1,0,0,0,0,2,1,6,6,1,58,9,1968,2,14,AUDI A3,10,E01023238,0,-1
202163A064321,2021,63A064321,2,9,0,4,4,5,2,0,0,0,0,0,0,0,2,1,1,1,1,63,9,1896,2,19,AUDI A3,7,W01000675,0,-1
2021010325391,2021,010325391,2,9,0,18,19,3,7,0,0,8,0,0,0,0,4,1,6,6,1,19,4,1896,2,13,AUDI A3,4,E01000331,0,-1
2021421095054,2021,421095054,1,9,0,16,19,7,3,0,0,0,0,0,0,0,1,1,5,6,1,29,6,1968,2,7,AUDI A3,6,E01021796,0,-1
2021411128228,2021,411128228,1,9,0,18,19,3,7,0,0,0,0,0,1,4,1,1,5,6,2,58,9,1595,1,13,AUDI A3,8,E01023051,0,-1
2021010328361,2021,010328361,1,9,0,4,4,4,8,0,0,1,0,0,0,0,3,1,6,6,1,23,5,1595,2,11,AUDI A3,7,E01002965,0,-1
2021010305283,2021,010305283,1,9,0,18,19,3,7,0,0,1,0,0,0,0,2,1,6,6,2,-1,-1,1968,2,5,AUDI A3,8,E01002348,0,-1
2021010334431,2021,010334431,2,9,0,6,6,3,3,0,0,2,0,0,0,0,3,1,6,6,2,29,6,1498,1,3,AUDI A3,4,E01004027,0,-1
2021131054201,2021,131054201,1,9,0,18,19,7,3,0,0,1,0,0,0,0,1,1,5,6,1,24,5,1598,2,6,AUDI A3,1,E01010622,0,-1
2021010331632,2021,010331632,2,9,0,99,99,9,9,99,99,0,9,99,9,99,9,9,6,6,3,-1,-1,1498,1,2,AUDI A3,-1,-1,0,-1
2021461090965,2021,461090965,1,9,0,9,9,1,7,0,0,0,0,0,0,0,0,1,6,6,1,89,11,1395,1,5,AUDI A3,8,E01032620,0,-1
2021201049632,2021,201049632,2,9,0,18,19,1,5,0,0,8,0,0,0,0,4,1,2,2,2,52,8,1968,2,13,AUDI A3,1,E01010031,0,-1
2021991047045,2021,991047045,2,9,0,18,19,3,7,0,0,8,1,0,1,0,1,1,5,6,2,29,6,1968,2,15,AUDI A3,1,-1,0,-1
2021411107650,2021,411107650,1,9,0,12,12,4,8,0,0,0,1,12,6,0,2,1,6,6,3,45,7,1968,2,9,AUDI A3,8,E01017624,0,-1
2021201056062,2021,201056062,1,9,0,5,5,3,8,0,0,6,0,0,0,0,3,1,2,2,2,39,7,1598,2,9,AUDI A3,9,E01029631,0,-1
2021991066684,2021,991066684,2,9,0,8,8,3,2,0,0,1,0,0,0,0,2,1,5,6,2,32,6,1598,2,3,AUDI A3,-1,-1,0,-1
2021010291595,2021,010291595,1,9,0,9,9,7,5,0,0,2,0,0,0,0,2,1,6,6,1,19,4,1395,1,5,AUDI A3,2,E01019761,0,-1
2021461059492,2021,461059492,2,9,0,4,4,7,3,0,0,0,0,0,0,0,2,1,5,6,1,28,6,1896,2,12,AUDI A3,1,E01016017,0,-1
2021552101244,2021,552101244,3,9,0,16,19,3,7,0,0,0,0,0,0,0,3,1,6,6,1,80,11,1395,1,5,AUDI A3,7,E01020354,0,-1
2021010294375,2021,010294375,1,9,0,4,4,1,5,0,0,1,0,0,0,0,2,1,6,6,1,23,5,1395,1,7,AUDI A3,5,E01016015,0,-1
2021070667713,2021,070667713,1,9,0,18,19,3,7,0,0,0,2,0,4,0,4,1,6,6,1,48,8,1595,1,12,AUDI A3,5,E01006590,0,-1
2021141028627,2021,141028627,1,9,0,18,19,4,8,0,0,1,0,0,0,0,1,1,5,6,1,24,5,1968,2,15,AUDI A3,4,E01007852,0,-1
2021440433174,2021,440433174,2,9,0,18,19,7,3,0,0,8,0,0,0,0,3,1,6,6,2,27,6,999,1,0,AUDI A3,9,E01022642,0,-1
2021041024444,2021,041024444,3,9,0,18,19,3,7,0,0,0,0,0,0,0,3,1,5,6,2,49,8,1395,1,7,AUDI A3,8,W01000119,0,-1
2021131040242,2021,131040242,1,9,0,18,19,4,8,0,0,2,0,0,0,0,1,1,6,6,3,-1,-1,1968,2,17,AUDI A3,-1,-1,0,-1
2021161127586,2021,161127586,1,9,0,9,9,3,1,0,0,2,0,0,0,0,1,1,6,6,2,34,6,1598,2,9,AUDI A3,4,E01013320,0,-1
2021430131967,2021,430131967,1,9,0,9,9,2,8,0,0,5,0,0,0,0,1,1,6,6,2,25,5,1598,2,7,AUDI A3,1,E01001364,0,-1
2021201088033,2021,201088033,1,9,0,3,3,4,8,0,0,1,0,0,0,0,1,1,1,1,1,36,7,1968,2,9,AUDI A3,6,E01009699,0,-1
2021010330255,2021,010330255,3,9,0,2,2,0,0,9,9,1,0,0,0,0,3,1,6,6,3,-1,-1,1395,8,3,AUDI A3,-1,-1,0,-1
2021221106623,2021,221106623,2,9,0,2,2,0,0,0,0,2,0,0,0,0,2,1,5,6,1,23,5,3189,1,14,AUDI A3,4,E01032215,0,-1
2021010331013,2021,010331013,1,9,0,18,19,5,1,0,0,0,0,10,7,0,1,1,6,6,1,37,7,1984,1,16,AUDI A3,-1,-1,0,-1
2021010316857,2021,010316857,2,9,0,99,99,9,9,99,99,9,9,99,9,99,9,9,6,6,3,-1,-1,1395,1,6,AUDI A3,10,E01033189,0,-1
2021131052363,2021,131052363,1,9,0,18,19,1,1,0,0,0,0,0,0,0,2,1,2,2,1,23,5,1595,1,10,AUDI A3,7,E01011127,0,-1
2021522105842,2021,522105842,1,9,0,7,7,4,6,0,0,8,0,0,0,0,1,1,6,6,1,20,4,1968,2,11,AUDI A3,9,E01014473,0,-1
2021052101205,2021,052101205,1,9,0,18,19,1,5,0,0,0,0,0,1,7,1,1,6,6,1,37,7,1598,2,11,AUDI A3,1,E01006741,0,-1
2021531119662,2021,531119662,2,9,0,4,4,7,3,0,0,0,0,0,0,0,1,1,5,6,1,36,7,1598,2,10,AUDI A3,10,E01028789,0,-1
2021991117585,2021,991117585,1,9,0,16,19,6,1,0,0,0,0,0,0,0,4,1,6,6,2,51,8,1595,1,11,AUDI A3,8,-1,0,-1
2021302100480,2021,302100480,2,9,0,18,19,2,6,0,0,0,1,0,0,0,1,1,2,2,1,63,9,1498,1,2,AUDI A3,7,E01019612,0,-1
2021421019931,2021,421019931,2,9,0,5,5,4,8,0,0,4,0,10,0,0,3,1,2,2,2,42,7,1395,8,1,AUDI A3,1,E01021271,0,-1
2021440271814,2021,440271814,2,9,0,2,2,0,0,0,0,0,0,0,0,0,2,1,6,6,2,39,7,1598,2,10,AUDI A3,9,E01031475,0,-1
2021041110419,2021,041110419,1,9,0,15,15,1,5,0,0,0,0,0,0,0,4,1,5,6,2,34,6,1968,2,8,AUDI A3,1,E01025181,0,-1
2021430577513,2021,430577513,3,9,0,18,19,6,2,0,0,2,0,0,0,0,1,1,2,2,1,18,4,1598,2,7,AUDI A3,7,E01017646,0,-1
2021201155620,2021,201155620,2,9,0,2,2,0,0,0,0,0,0,0,0,0,1,1,6,6,3,-1,-1,1498,1,0,AUDI A3,-1,-1,0,-1
2021041092934,2021,041092934,1,9,0,18,19,1,5,0,0,0,0,0,1,4,1,2,3,7,2,37,7,1968,2,13,AUDI A3,3,E01012658,0,-1
2021131080465,2021,131080465,1,9,0,18,19,4,8,0,0,0,0,0,0,0,1,1,6,6,1,21,5,1968,2,6,AUDI A3,10,E01011272,0,-1
2021543793421,2021,543793421,1,9,0,18,19,4,8,0,0,1,0,0,0,0,1,1,3,7,2,30,6,1395,1,7,AUDI A3,8,E01032689,0,-1
2021170H10921,2021,170H10921,2,9,0,18,19,1,5,0,0,8,0,0,0,0,1,1,6,6,2,65,9,1968,2,9,AUDI A3,-1,-1,0,-1
2021451054678,2021,451054678,1,9,0,5,5,3,1,8,6,0,0,0,0,0,1,1,2,2,2,36,7,1896,2,12,AUDI A3,7,E01030576,0,-1
2021361107130,2021,361107130,2,9,0,18,19,2,6,0,0,0,0,0,0,0,3,1,2,2,2,26,6,1968,2,9,AUDI A3,2,E01026614,0,-1
2021070639315,2021,070639315,1,9,0,18,19,8,4,0,0,0,1,0,7,0,1,1,6,6,3,-1,-1,1968,2,15,AUDI A3,-1,-1,0,-1
2021010318094,2021,010318094,1,9,0,18,19,2,6,0,0,4,0,0,0,0,1,1,6,6,1,19,4,1395,1,8,AUDI A3,4,E01003907,0,-1
2021131050114,2021,131050114,1,9,0,18,19,2,6,0,0,0,0,0,0,0,1,1,6,6,3,-1,-1,1968,2,10,AUDI A3,-1,-1,0,-1
2021201067669,2021,201067669,1,9,0,18,19,-1,-1,0,0,0,0,0,0,0,1,1,6,6,3,-1,-1,1595,1,17,AUDI A3,-1,-1,0,-1
2021421027503,2021,421027503,3,9,0,4,4,1,5,0,0,0,0,0,0,0,2,1,6,6,1,43,7,1595,1,12,AUDI A3,6,E01015978,0,-1
2021010340946,2021,010340946,2,9,0,9,9,8,5,0,0,0,0,0,0,0,3,1,6,6,1,36,7,1798,1,8,AUDI A3,3,E01004656,0,-1
2021221039476,2021,221039476,2,9,0,16,19,6,1,0,0,0,1,0,1,10,1,1,5,6,1,19,4,1968,2,14,AUDI A3,10,E01032227,0,-1
2021432049471,2021,432049471,1,9,0,2,2,0,0,0,0,1,0,0,0,0,3,1,1,1,2,31,6,1598,2,5,AUDI A3,-1,-1,0,-1
2021010307308,2021,010307308,1,9,0,2,2,0,0,0,0,8,0,0,0,0,4,1,6,6,3,-1,-1,1798,1,13,AUDI A3,-1,-1,0,-1
2021041109697,2021,041109697,1,9,0,18,19,7,3,0,0,0,0,0,0,0,4,1,5,6,1,53,8,1968,2,4,AUDI A3,9,E01006362,0,-1
2021201137308,2021,201137308,1,9,0,5,5,8,4,0,0,0,0,0,0,0,3,1,6,6,2,26,6,1598,2,5,AUDI A3,4,E01016516,0,-1
2021122101160,2021,122101160,2,9,0,9,9,2,8,0,0,8,0,0,0,0,1,1,6,6,2,49,8,1595,2,12,AUDI A3,7,E01013406,0,-1
2021501032303,2021,501032303,2,9,0,18,19,4,8,0,0,0,0,0,0,0,3,1,2,2,2,20,4,1595,1,11,AUDI A3,4,E01018887,0,-1
2021320581523,2021,320581523,1,9,0,2,2,0,0,0,0,0,0,0,0,0,3,1,6,6,2,26,6,1395,1,5,AUDI A3,8,E01026337,0,-1
2021122100509,2021,122100509,1,9,0,18,19,1,5,0,0,4,0,0,0,0,1,1,6,6,3,-1,-1,1968,2,9,AUDI A3,-1,-1,0,-1
2021991099072,2021,991099072,3,9,0,3,3,3,7,0,0,1,0,0,0,0,2,1,6,6,1,36,7,1598,2,2,AUDI A3,2,-1,0,-1
2021991080111,2021,991080111,2,9,0,18,19,8,4,0,0,0,0,0,0,0,2,1,1,1,1,19,4,1595,1,15,AUDI A3,5,-1,0,-1
2021991200639,2021,991200639,1,9,0,18,19,4,8,0,0,8,0,0,0,0,1,1,6,6,2,24,5,1197,1,7,AUDI A3,4,-1,0,-1
2021430272501,2021,430272501,2,9,0,18,19,8,4,0,0,0,0,0,0,0,2,1,1,1,2,39,7,1395,8,0,AUDI A3,-1,-1,0,-1
2021070431393,2021,070431393,1,9,0,18,19,8,4,0,0,2,0,0,0,0,1,1,6,6,1,48,8,1598,2,6,AUDI A3,2,E01018546,0,-1
2021052101980,2021,052101980,1,9,0,18,19,3,7,0,0,0,0,0,0,0,4,1,6,6,1,46,8,1598,2,6,AUDI A3,7,E01006589,0,-1
202163D059321,2021,63D059321,1,9,0,18,19,2,6,0,0,0,1,0,1,3,1,1,6,6,2,37,7,1968,2,5,AUDI A3,7,W01000488,0,-1
2021411017046,2021,411017046,1,9,0,18,19,5,1,0,0,0,0,0,0,0,1,1,5,6,1,21,5,1395,1,8,AUDI A3,3,E01003586,0,-1
2021041022966,2021,041022966,1,9,0,18,19,7,3,0,0,0,0,0,0,0,1,1,6,6,1,23,5,1968,2,11,AUDI A3,1,E01012577,0,-1
2021231124504,2021,231124504,1,9,0,18,19,2,6,0,0,0,0,0,7,0,1,1,5,6,3,25,5,1968,2,15,AUDI A3,-1,-1,0,-1
2021010320181,2021,010320181,1,9,0,14,14,3,7,0,0,8,0,0,0,0,4,1,2,2,2,34,6,1598,2,10,AUDI A3,3,E01000335,0,-1
2021201100121,2021,201100121,1,9,0,7,7,4,7,0,0,6,0,0,0,0,1,1,6,6,1,25,5,1598,2,7,AUDI A3,2,E01009348,0,-1
2021041100399,2021,041100399,1,9,0,18,19,7,3,0,0,1,0,0,0,0,1,1,6,6,3,-1,-1,1968,2,5,AUDI A3,-1,-1,0,-1
2021522104940,2021,522104940,1,9,0,18,19,8,4,0,0,1,0,0,1,10,1,1,6,6,1,32,6,1968,2,17,AUDI A3,1,E01014706,0,-1
2021201139219,2021,201139219,1,9,0,18,19,3,7,0,0,0,0,7,1,2,3,1,6,6,1,33,6,1968,2,10,AUDI A3,2,E01025032,0,-1
2021010295888,2021,010295888,2,9,0,99,99,9,9,99,99,9,9,99,9,99,9,9,6,6,3,34,6,1390,1,11,AUDI A3,2,E01003971,0,-1
2021010290437,2021,010290437,2,9,0,99,99,9,9,0,0,0,0,0,0,0,2,1,6,6,1,30,6,1896,2,14,AUDI A3,2,E01003947,0,-1
2021070655427,2021,070655427,1,9,0,18,19,1,5,0,0,2,0,0,0,0,1,1,2,2,2,42,7,1968,2,11,AUDI A3,1,E01012545,0,-1
2021371046364,2021,371046364,2,9,0,3,3,2,6,0,0,0,0,0,0,0,2,1,5,6,1,39,7,1968,2,4,AUDI A3,6,E01023855,0,-1
2021440492423,2021,440492423,2,9,0,4,4,4,8,0,0,0,0,0,0,0,2,1,2,2,1,32,6,1896,2,14,AUDI A3,10,E01022742,0,-1
2021052100730,2021,052100730,2,9,0,18,19,5,1,0,0,0,0,0,0,0,2,1,6,6,1,50,8,1598,2,9,AUDI A3,9,E01006400,0,-1
2021141081853,2021,141081853,3,9,0,18,19,5,1,0,0,0,0,0,0,0,3,1,5,6,1,84,11,1968,2,7,AUDI A3,9,E01018124,0,-1
2021302100610,2021,302100610,1,9,0,18,19,4,8,0,0,4,0,0,0,0,1,1,6,6,1,21,5,1968,2,15,AUDI A3,3,E01027977,0,-1
2021041034468,2021,041034468,1,9,0,9,9,3,5,0,0,8,0,0,8,0,1,1,2,2,2,41,7,1598,2,5,AUDI A3,3,E01025306,0,-1
2021010300599,2021,010300599,2,9,0,99,99,9,9,99,99,9,9,99,9,99,9,9,6,6,3,-1,-1,1498,1,0,AUDI A3,-1,-1,0,-1
2021501116975,2021,501116975,1,9,0,9,9,6,2,0,0,1,0,0,0,0,1,1,6,6,2,23,5,1968,2,7,AUDI A3,6,E01019058,0,-1
2021221122134,2021,221122134,1,9,0,18,19,1,5,0,0,0,1,10,0,0,1,1,5,6,2,27,6,1968,2,12,AUDI A3,4,E01028999,0,-1
202134NNC3821,2021,34NNC3821,1,9,0,18,19,7,3,0,0,0,0,0,0,0,1,1,6,6,1,25,5,1984,1,4,AUDI A3,8,E01027044,0,-1
2021141091658,2021,141091658,2,9,0,18,19,4,8,0,0,8,0,0,0,0,3,1,6,6,1,18,4,1968,2,12,AUDI A3,1,E01007332,0,-1
2021544510021,2021,544510021,1,9,0,7,7,5,8,0,0,8,0,0,0,0,1,1,6,6,2,31,6,1984,2,15,AUDI A3,6,E01032083,0,-1
2021201112545,2021,201112545,2,9,0,5,5,7,3,0,0,1,0,0,0,0,4,1,6,6,1,26,6,1896,2,12,AUDI A3,3,E01009838,0,-1
2021070438461,2021,070438461,1,9,0,11,11,3,5,0,0,3,0,0,0,0,3,1,6,6,2,39,7,1595,2,12,AUDI A3,1,E01012382,0,-1
2021131033087,2021,131033087,1,9,0,18,19,3,7,0,0,0,0,0,0,0,1,1,5,6,1,41,7,1968,2,11,AUDI A3,1,E01010824,0,-1
2021501047189,2021,501047189,2,9,0,9,9,5,2,0,0,8,0,0,0,0,4,1,6,6,1,25,5,999,1,1,AUDI A3,5,E01015024,0,-1
2021041117235,2021,041117235,2,9,0,3,3,1,5,0,0,0,0,0,0,0,2,1,5,6,1,24,5,1598,2,8,AUDI A3,9,E01024967,0,-1
2021440123899,2021,440123899,1,9,0,18,19,3,7,0,0,0,0,0,0,0,1,1,6,6,1,38,7,1595,1,14,AUDI A3,1,E01017039,0,-1
2021201075846,2021,201075846,2,9,0,18,19,6,2,0,0,0,0,10,2,0,2,1,6,6,1,36,7,1968,2,7,AUDI A3,2,E01010293,0,-1
2021411097114,2021,411097114,1,9,0,9,9,5,1,0,0,6,0,0,0,0,0,1,6,6,1,78,11,1598,2,4,AUDI A3,10,E01023355,0,-1
2021031041490,2021,031041490,1,9,0,7,7,1,3,0,0,1,0,0,0,0,1,1,5,6,2,47,8,1968,2,17,AUDI A3,3,E01019161,0,-1
2021010323194,2021,010323194,2,9,9,99,99,9,9,99,99,9,9,99,9,99,9,9,6,6,2,52,8,1595,1,11,AUDI A3,3,E01001805,0,-1
2021430431067,2021,430431067,1,9,0,18,19,8,4,0,0,0,0,0,0,0,1,1,6,6,2,20,4,1197,1,11,AUDI A3,9,E01016790,0,-1
2021131078890,2021,131078890,3,9,0,2,2,0,0,0,0,0,0,0,0,0,3,1,6,6,3,-1,-1,1968,2,10,AUDI A3,-1,-1,0,-1
2021501028037,2021,501028037,1,9,0,18,19,7,3,0,0,0,0,0,0,0,1,1,6,6,3,-1,-1,1968,2,15,AUDI A3,-1,-1,0,-1
2021201064181,2021,201064181,1,9,0,16,19,8,2,0,0,1,1,4,0,0,1,1,6,6,3,-1,-1,1968,2,15,AUDI A3,-1,-1,0,-1
2021411020078,2021,411020078,2,9,0,18,19,-1,-1,0,0,0,0,0,0,0,2,1,6,6,1,-1,-1,1395,1,7,AUDI A3,10,E01023949,0,-1
2021170H10931,2021,170H10931,2,9,0,3,3,4,8,0,0,1,0,0,0,0,2,1,6,6,1,24,5,1896,2,12,AUDI A3,-1,-1,0,-1
2021201072603,2021,201072603,1,9,0,17,19,3,8,0,0,0,0,0,0,0,3,1,6,6,3,-1,-1,1968,2,5,AUDI A3,-1,-1,0,-1
202131C008721,2021,31C008721,1,9,0,18,19,7,3,0,0,1,0,0,0,0,1,1,6,6,3,-1,-1,1896,2,16,AUDI A3,-1,-1,0,-1
2021041186007,2021,041186007,1,9,0,16,19,7,3,0,0,0,2,0,0,0,0,1,5,6,1,23,5,1598,2,4,AUDI A3,9,E01025175,0,-1
2021010330513,2021,010330513,1,9,0,99,99,9,9,99,99,9,9,99,9,99,9,9,2,2,1,37,7,1968,2,14,AUDI A3,8,E01002925,0,-1
2021010314829,2021,010314829,2,9,9,99,99,9,9,99,99,9,9,99,9,99,9,9,6,6,3,-1,-1,1498,1,0,AUDI A3,-1,-1,0,-1
2021201044870,2021,201044870,1,9,0,18,19,5,1,0,0,1,0,0,0,0,1,1,6,6,1,40,7,1598,2,6,AUDI A3,1,E01010295,0,-1
2021471106116,2021,471106116,1,9,0,9,9,8,6,0,0,2,0,0,0,0,1,1,5,6,1,21,5,1968,2,14,AUDI A3,5,E01031705,0,-1
2021302100763,2021,302100763,1,9,0,13,13,8,4,0,0,8,1,0,0,0,1,1,6,6,1,21,5,1968,2,14,AUDI A3,1,E01013567,0,-1
2021545833521,2021,545833521,1,9,0,9,9,3,1,0,0,6,1,0,0,0,3,1,6,6,1,77,11,1968,2,12,AUDI A3,6,E01032027,0,-1
2021501049481,2021,501049481,1,9,0,18,19,1,5,0,0,0,0,0,0,0,1,1,5,6,1,35,6,1968,2,18,AUDI A3,3,E01019914,0,-1
2021010324016,2021,010324016,1,9,0,4,4,1,5,0,0,1,0,0,0,0,3,1,1,1,1,49,8,1395,8,1,AUDI A3,6,E01000294,0,-1
2021141050312,2021,141050312,1,8,0,9,9,8,5,0,0,1,0,0,0,0,0,1,6,6,1,31,6,1598,2,6,AUDI A3,9,E01007711,0,-1
2021052102940,2021,052102940,1,9,0,18,19,1,5,0,0,1,0,0,0,0,1,1,6,6,1,24,5,1395,1,6,AUDI A3,1,E01007004,0,-1
2021451073352,2021,451073352,4,9,0,18,19,5,1,0,0,0,0,0,0,0,3,1,5,6,1,48,8,1395,1,8,AUDI A3,10,E01030931,0,-1
2021041065354,2021,041065354,1,9,0,18,19,5,1,0,0,2,0,0,0,0,1,1,2,2,1,33,6,1896,2,15,AUDI A3,1,E01024858,0,-1
2021351074984,2021,351074984,1,9,0,5,5,-1,-1,0,0,0,0,0,0,0,1,1,6,6,3,-1,-1,1968,2,9,AUDI A3,-1,-1,0,-1
2021131126121,2021,131126121,1,9,0,18,19,2,6,0,0,0,1,0,0,0,1,1,5,6,1,20,4,1598,2,9,AUDI A3,1,E01011361,0,-1