collision_index,collision_year,collision_ref_no,vehicle_reference,vehicle_type,towing_and_articulation,vehicle_manoeuvre_historic,vehicle_manoeuvre,vehicle_direction_from,vehicle_direction_to,vehicle_location_restricted_lane_historic,vehicle_location_restricted_lane,junction_location,skidding_and_overturning,hit_object_in_carriageway,vehicle_leaving_carriageway,hit_object_off_carriageway,first_point_of_impact,vehicle_left_hand_drive,journey_purpose_of_driver_historic,journey_purpose_of_driver,sex_of_driver,age_of_driver,age_band_of_driver,engine_capacity_cc,propulsion_code,age_of_vehicle,generic_make_model,driver_imd_decile,lsoa_of_driver,escooter_flag,driver_distance_banding
2021401084862,2021,401084862,2,9,0,2,2,0,0,0,0,0,0,0,0,0,3,1,6,6,3,-1,-1,1598,2,9,AUDI A3,-1,-1,0,-1
2021320336137,2021,320336137,2,9,0,4,4,4,8,0,0,0,0,0,0,0,2,1,6,6,1,40,7,1968,2,9,AUDI A3,2,E01026094,0,-1
2021430230705,2021,430230705,1,9,0,13,13,4,8,0,0,0,0,0,0,0,3,1,6,6,1,33,6,1395,1,6,AUDI A3,10,E01028823,0,-1
2021101029026,2021,101029026,1,9,0,7,7,5,1,0,0,1,0,0,0,0,1,1,6,6,1,37,7,1968,2,9,AUDI A3,-1,-1,0,-1
2021421113680,2021,421113680,1,9,0,9,9,3,7,0,0,1,0,0,0,0,1,1,1,1,2,43,7,1595,1,11,AUDI A3,4,E01003541,0,-1
2021471097914,2021,471097914,1,9,0,5,5,5,1,0,0,0,0,0,0,0,1,1,6,6,2,28,6,1896,2,14,AUDI A3,9,E01021124,0,-1
2021320449791,2021,320449791,1,9,0,9,9,8,6,0,0,2,0,0,0,0,1,1,6,6,2,38,7,1968,2,7,AUDI A3,7,E01027033,0,-1
2021361104954,2021,361104954,3,9,0,18,19,7,3,0,0,0,0,0,0,0,1,1,5,6,2,38,7,1595,1,14,AUDI A3,5,E01026491,0,-1
2021041126990,2021,041126990,2,9,0,18,19,7,3,0,0,2,1,11,1,2,1,1,5,6,1,32,6,1968,2,9,AUDI A3,4,E01025262,0,-1
2021231113258,2021,231113258,1,9,0,5,5,5,1,0,0,6,0,0,0,0,3,1,5,6,2,25,5,1896,2,14,AUDI A3,7,E01031320,0,-1
2021320706343,2021,320706343,1,9,0,18,19,6,2,0,0,1,0,0,0,0,1,1,6,6,1,-1,-1,1968,2,7,AUDI A3,-1,-1,0,-1
2021520200454,2021,520200454,2,9,0,18,19,3,7,0,0,8,0,0,0,0,1,1,6,6,1,25,5,1896,2,14,AUDI A3,5,E01029226,0,-1
2021131099160,2021,131099160,3,9,0,18,19,1,1,0,0,0,0,0,0,0,1,1,6,6,1,22,5,1968,2,7,AUDI A3,4,E01011165,0,-1
2021411119200,2021,411119200,2,9,0,18,19,1,5,0,0,4,0,0,0,0,1,1,6,6,1,32,6,1598,2,10,AUDI A3,2,E01015735,0,-1
2021070278265,2021,070278265,2,9,0,4,4,2,6,0,0,0,0,0,0,0,2,1,6,6,1,22,5,999,1,3,AUDI A3,1,E01006817,0,-1
2021010317125,2021,010317125,2,9,0,99,99,9,9,99,99,9,9,99,9,99,9,9,6,6,2,30,6,1498,1,4,AUDI A3,3,E01003171,0,-1
202134WNC4421,2021,34WNC4421,1,9,0,18,19,5,1,0,0,3,0,9,1,10,1,1,6,6,1,31,6,1968,2,11,AUDI A3,7,E01026989,0,-1
2021010296150,2021,010296150,1,9,0,17,19,8,4,0,0,2,5,0,1,4,1,1,6,6,2,20,4,999,1,4,AUDI A3,3,E01003585,0,-1
2021201134844,2021,201134844,1,9,0,14,14,4,8,0,0,1,0,0,0,0,1,1,6,6,1,-1,-1,1968,2,8,AUDI A3,-1,-1,0,-1
2021010293091,2021,010293091,2,9,0,99,99,9,9,99,99,9,9,99,9,99,9,9,6,6,3,-1,-1,1968,2,8,AUDI A3,2,E01004384,0,-1
2021302100522,2021,302100522,2,9,0,18,19,4,8,0,0,0,0,0,0,0,1,1,6,6,2,29,6,999,1,4,AUDI A3,1,E01013533,0,-1
2021351092486,2021,351092486,1,9,0,3,3,7,3,0,0,1,0,0,0,0,3,1,1,1,2,45,7,1595,1,11,AUDI A3,7,E01018023,0,-1
2021010341578,2021,010341578,1,9,0,4,4,8,4,0,0,1,0,0,0,0,1,1,6,6,1,20,4,1395,1,8,AUDI A3,4,E01000976,0,-1
2021010339703,2021,010339703,1,9,0,18,19,7,3,0,0,8,0,0,0,0,1,1,6,6,2,34,6,1395,8,6,AUDI A3,8,E01003670,0,-1
2021991073762,2021,991073762,2,9,0,17,19,5,2,0,0,0,0,0,0,0,1,1,5,6,1,21,5,1395,1,6,AUDI A3,8,-1,0,-1
2021211070021,2021,211070021,1,9,0,-1,-1,-1,-1,0,0,4,-1,-1,-1,0,-1,1,6,6,2,-1,-1,1968,2,6,AUDI A3,6,E01029446,0,-1
2021010318155,2021,010318155,1,9,0,3,3,1,5,0,0,0,0,0,0,0,2,1,2,2,1,32,6,1395,1,4,AUDI A3,2,E01033703,0,-1
2021061091342,2021,061091342,1,9,0,5,5,7,3,0,0,0,0,0,0,0,1,1,1,1,1,24,5,1395,1,7,AUDI A3,2,E01005600,0,-1
2021201065775,2021,201065775,1,9,0,3,3,-1,-1,0,0,1,0,0,0,0,2,1,6,6,2,41,7,1395,1,6,AUDI A3,2,E01033629,0,-1
2021201119090,2021,201119090,2,9,0,18,19,8,4,0,0,0,0,0,0,0,1,1,6,6,2,-1,-1,1968,2,15,AUDI A3,1,E01009372,0,-1
2021320501243,2021,320501243,1,9,0,12,12,4,2,0,0,0,0,0,0,0,0,1,6,6,1,24,5,1498,1,2,AUDI A3,7,E01028290,0,-1
2021131061427,2021,131061427,2,9,0,5,5,5,1,0,0,8,0,0,7,1,4,1,6,6,2,26,6,1598,2,7,AUDI A3,9,E01011628,0,-1
2021430448848,2021,430448848,1,9,0,9,9,5,3,0,0,5,0,0,0,0,4,1,6,6,1,54,8,1395,1,6,AUDI A3,10,E01017728,0,-1
2021052102047,2021,052102047,1,9,0,18,19,7,3,0,0,0,1,0,0,0,1,1,6,6,2,34,6,1595,1,11,AUDI A3,4,E01011153,0,-1
2021351118775,2021,351118775,2,9,0,14,14,4,8,0,0,0,0,0,0,0,3,1,5,6,1,18,4,1395,8,0,AUDI A3,6,E01018111,0,-1
2021401064586,2021,401064586,1,9,0,16,19,5,1,0,0,0,1,0,0,0,3,1,2,2,1,58,9,1896,2,16,AUDI A3,9,E01023653,0,-1
2021170S21471,2021,170S21471,1,9,0,18,19,1,5,0,0,0,0,0,0,0,1,1,6,6,3,-1,-1,1968,2,16,AUDI A3,-1,-1,0,-1
2021501065962,2021,501065962,3,9,0,4,4,1,5,0,0,0,1,0,0,0,1,1,6,6,1,48,8,1896,2,16,AUDI A3,5,E01020308,0,-1
2021131080090,2021,131080090,1,9,0,18,19,5,1,0,0,0,0,0,1,2,1,1,5,6,1,26,6,1498,1,0,AUDI A3,6,E01010634,0,-1
2021141128724,2021,141128724,5,9,0,2,2,7,3,0,0,0,0,0,0,0,2,1,6,6,3,-1,-1,1968,2,10,AUDI A3,-1,-1,0,-1
202106A079464,2021,06A079464,2,9,0,18,19,2,8,0,0,1,0,0,0,0,4,1,6,6,1,33,6,1968,2,6,AUDI A3,1,E01005225,0,-1
2021991090061,2021,991090061,1,9,0,13,13,1,5,0,0,0,0,0,0,0,3,1,5,6,1,24,5,1595,1,13,AUDI A3,3,-1,0,-1
2021451069016,2021,451069016,1,9,0,18,19,7,3,0,0,1,0,0,0,0,1,1,2,2,2,64,9,1498,1,3,AUDI A3,10,E01030398,0,-1
2021461051501,2021,461051501,1,9,0,4,4,6,2,0,0,0,0,0,0,0,1,1,5,6,1,46,8,1968,2,16,AUDI A3,10,E01030533,0,-1
2021440359782,2021,440359782,1,9,0,18,19,7,3,0,0,0,0,0,0,0,1,1,6,6,2,29,6,1896,2,11,AUDI A3,10,E01022892,0,-1
2021549602721,2021,549602721,2,9,0,1,1,1,3,0,0,1,0,0,0,0,3,1,6,6,1,22,5,1798,1,7,AUDI A3,8,E01031988,0,-1
2021141124736,2021,141124736,1,9,0,18,19,1,5,0,0,0,0,0,8,7,1,1,5,6,1,65,9,1595,2,11,AUDI A3,2,E01007392,0,-1
2021010338424,2021,010338424,1,9,0,18,19,3,7,0,0,4,0,0,0,0,9,9,6,6,2,47,8,1896,2,17,AUDI A3,5,E01001530,0,-1
2021302100732,2021,302100732,2,9,0,18,19,4,8,0,0,1,0,11,0,0,1,1,6,6,2,77,11,1498,1,3,AUDI A3,10,E01019606,0,-1
2021302100534,2021,302100534,1,9,0,9,9,6,3,0,0,5,0,0,0,0,1,1,6,6,2,31,6,1968,2,8,AUDI A3,3,E01013510,0,-1
2021061024129,2021,061024129,1,9,0,18,19,3,7,0,0,1,0,0,0,0,3,1,6,6,1,30,6,1968,2,9,AUDI A3,1,E01005024,0,-1
2021201034648,2021,201034648,2,9,0,18,19,6,2,0,0,8,0,10,0,0,1,1,6,6,2,25,5,1598,2,5,AUDI A3,7,E01009858,0,-1
2021471039400,2021,471039400,3,9,0,2,2,0,0,0,0,0,0,0,0,0,1,1,6,6,3,-1,-1,1968,2,16,AUDI A3,-1,-1,0,-1
2021201120825,2021,201120825,1,9,0,18,19,-1,-1,0,0,0,0,0,0,0,3,1,6,6,3,-1,-1,1598,2,5,AUDI A3,-1,-1,0,-1
2021010348124,2021,010348124,2,9,0,18,19,3,7,0,0,0,0,0,0,0,1,1,6,6,3,-1,-1,1598,2,6,AUDI A3,-1,-1,0,-1
2021430283523,2021,430283523,2,9,0,9,9,4,2,0,0,5,0,0,0,0,1,1,6,6,2,43,7,1968,2,6,AUDI A3,5,E01016500,0,-1
2021471126686,2021,471126686,3,9,0,2,2,0,0,0,0,2,0,0,0,0,1,1,6,6,3,-1,-1,1395,1,6,AUDI A3,-1,-1,0,-1
2021302101392,2021,302101392,3,9,0,4,4,4,8,0,0,0,0,0,0,0,2,1,3,7,1,42,7,1598,2,7,AUDI A3,10,E01019425,0,-1
2021201049493,2021,201049493,2,9,0,8,8,7,1,0,0,1,0,0,0,0,2,1,6,6,2,32,6,1968,2,11,AUDI A3,6,E01009961,0,-1
2021421081867,2021,421081867,1,9,0,18,19,8,4,0,0,0,1,0,7,0,1,1,5,6,1,31,6,1968,2,15,AUDI A3,9,E01022094,0,-1
2021501056226,2021,501056226,1,9,0,4,4,8,4,0,0,0,0,0,0,0,1,1,5,6,1,22,5,1896,2,12,AUDI A3,3,E01018769,0,-1
2021440203480,2021,440203480,1,9,0,4,4,6,2,0,0,0,0,0,0,0,2,1,2,2,2,43,7,1498,1,1,AUDI A3,9,E01031973,0,-1
2021371064562,2021,371064562,2,9,0,18,19,4,8,0,0,0,0,0,2,0,3,1,2,2,1,32,6,1498,1,2,AUDI A3,7,E01029885,0,-1
2021430245379,2021,430245379,1,9,0,9,9,7,5,0,0,5,5,0,1,4,4,1,6,6,1,18,4,1395,1,6,AUDI A3,9,E01028659,0,-1
2021061144549,2021,061144549,1,9,-1,18,19,1,1,0,0,0,0,0,0,0,1,1,6,6,3,30,6,1598,2,10,AUDI A3,1,E01005253,0,-1
2021041092626,2021,041092626,1,9,0,18,19,1,1,0,0,1,0,0,0,0,1,1,6,6,2,48,8,1968,2,9,AUDI A3,1,E01012586,0,-1
2021061043085,2021,061043085,1,9,0,17,19,3,7,0,0,8,0,0,0,0,1,1,6,6,3,30,6,1968,1,14,AUDI A3,-1,-1,0,-1
2021201071644,2021,201071644,1,9,0,6,6,3,3,0,0,0,0,0,0,0,2,1,6,6,2,35,6,1896,2,16,AUDI A3,4,E01032359,0,-1
2021141126090,2021,141126090,1,9,0,16,19,5,1,0,0,2,1,0,0,0,1,1,5,6,1,38,7,1896,2,21,AUDI A3,2,E01007364,0,-1
2021010296808,2021,010296808,1,9,0,99,99,9,9,99,99,9,9,99,9,99,1,9,6,6,1,52,8,999,1,1,AUDI A3,3,E01001502,0,-1
2021471067366,2021,471067366,3,9,0,3,3,5,1,0,0,1,0,0,0,0,0,1,2,2,2,36,7,1984,1,12,AUDI A3,10,E01031650,0,-1
2021131042277,2021,131042277,2,9,0,18,19,1,5,0,0,8,0,0,0,0,1,1,3,7,2,36,7,1598,2,2,AUDI A3,1,E01010734,0,-1
2021440438170,2021,440438170,2,9,0,5,5,5,0,0,0,1,0,0,0,0,1,1,6,6,1,54,8,1498,1,3,AUDI A3,9,E01030646,0,-1
2021070471578,2021,070471578,1,9,0,18,19,5,8,0,0,0,0,0,0,0,1,1,6,6,1,53,8,1968,2,6,AUDI A3,7,E01018409,0,-1
2021010287534,2021,010287534,2,9,0,99,99,9,9,99,99,9,9,99,9,99,1,9,6,6,1,-1,-1,1968,2,9,AUDI A3,3,E01003025,0,-1
2021070613854,2021,070613854,1,9,0,18,19,6,2,0,0,0,0,0,0,0,1,1,6,6,2,22,5,1968,2,6,AUDI A3,5,E01027613,0,-1
2021161037291,2021,161037291,1,9,0,18,19,3,7,0,0,2,0,0,1,0,1,1,2,2,1,18,4,1595,1,14,AUDI A3,9,E01013304,0,-1
2021201128913,2021,201128913,1,9,0,5,5,4,7,0,0,4,0,0,0,0,3,1,6,6,2,75,10,1598,2,2,AUDI A3,4,E01010324,0,-1
2021101083164,2021,101083164,1,9,0,17,19,3,7,0,0,0,0,0,0,0,1,1,6,6,1,24,5,1968,2,10,AUDI A3,7,E01027490,0,-1
2021010328809,2021,010328809,1,9,0,13,13,5,1,0,0,1,0,0,0,0,4,1,2,2,1,78,11,1395,1,8,AUDI A3,5,E01002636,0,-1
202134WNC4241,2021,34WNC4241,2,9,0,7,7,5,7,0,0,1,0,0,0,0,4,1,6,6,1,23,5,999,1,4,AUDI A3,5,E01027134,0,-1
2021141032003,2021,141032003,2,9,0,6,6,2,4,0,0,1,0,0,0,0,3,1,6,6,3,-1,-1,1595,1,14,AUDI A3,-1,-1,0,-1
2021201081014,2021,201081014,1,9,0,7,7,6,8,0,0,6,0,0,0,0,1,1,6,6,2,35,6,1595,1,13,AUDI A3,4,E01009035,0,-1
2021131051071,2021,131051071,2,9,0,2,2,3,7,0,0,0,0,0,1,0,2,1,5,6,2,29,6,1390,1,13,AUDI A3,2,E01007414,0,-1
2021070240739,2021,070240739,1,9,0,12,12,7,3,0,0,0,2,0,1,9,1,1,2,2,1,27,6,1984,1,3,AUDI A3,10,W01000282,0,-1
2021991101810,2021,991101810,2,9,0,6,6,5,3,0,0,0,0,0,0,0,3,1,5,6,1,27,6,1395,1,8,AUDI A3,-1,-1,0,-1
2021991082629,2021,991082629,2,9,0,9,9,1,6,0,0,8,0,0,0,0,1,1,5,6,1,19,4,1595,1,14,AUDI A3,2,-1,0,-1
2021430245059,2021,430245059,1,9,0,14,14,6,2,0,0,0,0,0,0,0,1,1,6,6,1,32,6,1896,2,15,AUDI A3,5,E01016405,0,-1
2021201078503,2021,201078503,2,9,0,7,7,2,4,0,0,4,0,0,0,0,4,1,6,6,1,52,8,1598,2,10,AUDI A3,1,E01009382,0,-1
2021411016233,2021,411016233,2,9,0,18,19,5,1,0,0,0,0,0,0,0,1,1,6,6,2,23,5,1395,1,5,AUDI A3,10,E01000186,0,-1
2021010311397,2021,010311397,2,9,0,99,99,9,9,99,99,9,9,99,9,99,1,9,6,6,3,24,5,1395,1,7,AUDI A3,2,E01003335,0,-1
202131B047821,2021,31B047821,1,9,0,13,13,3,7,0,0,8,0,0,0,0,1,1,6,6,1,24,5,1595,1,15,AUDI A3,2,E01028053,0,-1
2021141125325,2021,141125325,2,9,0,18,19,7,3,0,0,0,0,0,0,0,1,1,6,6,3,-1,-1,1896,2,14,AUDI A3,-1,-1,0,-1
2021201125239,2021,201125239,1,9,0,4,4,7,3,0,0,1,0,0,0,0,1,1,6,6,2,39,7,1968,2,7,AUDI A3,2,E01010419,0,-1
2021010292282,2021,010292282,1,9,0,2,2,0,0,6,6,2,0,0,0,0,3,1,6,6,3,-1,-1,1595,1,14,AUDI A3,-1,-1,0,-1
2021371074914,2021,371074914,2,9,0,3,3,2,8,0,0,1,0,0,0,0,3,1,2,2,1,53,8,1968,2,10,AUDI A3,8,E01030089,0,-1
2021041116614,2021,041116614,2,9,0,16,19,5,1,0,0,1,0,0,0,0,1,1,6,6,2,42,7,1968,2,16,AUDI A3,5,E01025080,0,-1
2021552100848,2021,552100848,2,9,0,18,19,2,8,0,0,8,0,0,0,0,4,1,6,6,2,31,6,1390,1,11,AUDI A3,2,E01015288,0,-1
2021440256268,2021,440256268,1,9,0,18,19,1,5,0,0,8,0,0,0,0,0,1,2,2,2,40,7,1395,1,4,AUDI A3,10,E01023247,0,-1
2021522201108,2021,522201108,1,9,0,9,9,5,3,0,0,8,0,0,0,0,1,1,6,6,2,26,6,1498,1,2,AUDI A3,8,E01032680,0,-1
2021050646701,2021,050646701,2,9,0,3,3,7,3,0,0,0,0,2,0,0,2,2,6,6,2,26,6,1968,2,7,AUDI A3,9,E01012393,0,-1
2021461044252,2021,461044252,1,9,0,5,5,5,1,0,0,1,0,0,0,0,1,1,6,6,1,40,7,1896,2,12,AUDI A3,5,E01024673,0,-1
2021010320811,2021,010320811,2,9,9,18,19,9,9,0,0,1,9,0,0,99,9,9,6,6,3,-1,-1,1968,2,13,AUDI A3,-1,-1,0,-1
2021430104231,2021,430104231,1,9,0,18,19,2,6,0,0,0,0,0,0,0,1,1,1,1,1,28,6,1968,2,5,AUDI A3,10,E01016589,0,-1
2021451098392,2021,451098392,1,9,0,10,10,3,1,0,0,8,0,0,0,0,3,1,3,7,2,50,8,1395,1,5,AUDI A3,10,E01030626,0,-1
2021010290317,2021,010290317,1,9,0,6,6,7,7,0,0,6,0,0,0,0,3,1,6,6,1,35,6,1395,1,7,AUDI A3,3,E01002645,0,-1
2021461094211,2021,461094211,1,9,0,18,19,7,3,0,0,0,0,0,0,0,3,1,5,6,1,31,6,1968,2,8,AUDI A3,3,-1,0,-1
2021131092193,2021,131092193,1,9,0,-1,-1,-1,-1,-1,-1,-1,-1,-1,-1,-1,-1,1,6,6,3,-1,-1,1598,2,4,AUDI A3,-1,-1,0,-1
2021141065052,2021,141065052,1,9,0,7,7,8,4,0,0,5,0,0,7,11,1,1,6,6,1,-1,-1,1968,2,9,AUDI A3,1,E01007411,0,-1
2021991031172,2021,991031172,2,9,0,18,19,1,5,0,0,0,0,0,0,0,0,1,1,1,2,39,7,1498,1,2,AUDI A3,9,-1,0,-1
2021320002716,2021,320002716,2,9,0,4,4,5,1,0,0,0,0,0,0,0,2,1,2,2,1,37,7,1968,2,9,AUDI A3,5,E01026266,0,-1
2021141022979,2021,141022979,1,9,0,18,19,2,6,9,9,0,0,0,4,0,1,1,6,6,1,19,4,1968,2,7,AUDI A3,4,E01007699,0,-1
2021411042257,2021,411042257,1,9,0,3,3,8,4,0,0,8,0,0,0,0,2,1,5,6,1,26,6,1595,1,13,AUDI A3,5,E01023936,0,-1
2021471107352,2021,471107352,1,9,0,9,9,8,6,0,0,6,0,0,0,0,1,1,5,6,2,41,7,1984,1,12,AUDI A3,5,E01020951,0,-1
2021320301327,2021,320301327,1,9,0,7,7,4,6,0,0,1,0,0,0,0,1,1,6,6,2,40,7,1968,2,11,AUDI A3,-1,-1,0,-1
2021221040049,2021,221040049,2,9,0,17,19,2,7,0,0,2,0,0,0,0,1,1,2,2,1,25,5,1968,1,15,AUDI A3,9,E01028936,0,-1
2021010340147,2021,010340147,2,9,0,99,99,9,9,99,99,9,9,99,9,99,9,9,6,6,3,-1,-1,1598,2,4,AUDI A3,-1,-1,0,-1
2021471089775,2021,471089775,2,9,0,18,19,8,5,0,0,0,0,0,0,0,1,1,1,1,1,19,4,1595,1,14,AUDI A3,6,E01021118,0,-1
2021010341099,2021,010341099,1,9,0,99,99,9,9,99,99,9,9,99,9,99,2,9,2,2,1,47,8,1395,1,6,AUDI A3,4,E01000864,0,-1
2021070884740,2021,070884740,2,9,0,18,19,2,6,0,0,1,1,0,0,0,1,1,6,6,2,-1,-1,1498,1,2,AUDI A3,-1,-1,0,-1
2021010327684,2021,010327684,2,9,0,99,99,9,9,99,99,9,9,99,9,99,1,9,6,6,3,-1,-1,1968,2,17,AUDI A3,4,E01004569,0,-1
2021430385629,2021,430385629,2,9,0,2,2,0,0,0,0,1,0,0,0,0,4,1,6,6,2,25,5,999,1,0,AUDI A3,3,E01016501,0,-1
2021461092168,2021,461092168,1,9,0,18,19,3,7,0,0,4,0,0,0,0,1,1,6,6,1,31,6,1984,1,14,AUDI A3,4,E01024387,0,-1
2021131093960,2021,131093960,3,9,0,18,19,2,6,0,0,8,0,0,0,0,2,1,2,2,1,43,7,1395,1,5,AUDI A3,7,E01011941,0,-1
2021501102554,2021,501102554,1,9,0,18,19,7,3,0,0,0,0,0,0,0,3,1,5,6,2,32,6,1968,2,9,AUDI A3,7,E01019899,0,-1
2021041091925,2021,041091925,2,9,0,18,19,5,1,0,0,0,0,0,0,0,2,1,5,6,2,77,11,1595,1,12,AUDI A3,9,E01025158,0,-1
2021421093331,2021,421093331,2,9,0,18,19,1,5,0,0,0,0,0,0,0,4,1,6,6,1,41,7,1395,8,6,AUDI A3,7,E01021476,0,-1
2021131058678,2021,131058678,1,9,0,13,13,1,5,0,0,1,0,0,7,0,4,1,5,6,1,19,4,1968,2,11,AUDI A3,4,E01011231,0,-1
2021471059538,2021,471059538,2,9,0,18,19,2,4,0,0,0,0,0,0,0,1,1,2,2,1,60,9,1968,2,13,AUDI A3,10,E01021159,0,-1
2021411110924,2021,411110924,1,9,0,9,9,6,3,0,0,8,0,0,0,0,1,1,6,6,2,37,7,1598,2,9,AUDI A3,5,E01023788,0,-1
2021010295854,2021,010295854,1,9,0,9,9,1,7,0,0,1,0,0,0,0,1,1,6,6,1,41,7,1598,2,10,AUDI A3,-1,-1,0,-1
2021201133746,2021,201133746,1,9,0,18,19,8,4,0,0,2,0,0,0,0,1,1,6,6,1,-1,-1,1598,2,10,AUDI A3,-1,-1,0,-1
2021501039686,2021,501039686,1,9,0,18,19,7,3,0,0,0,0,0,8,1,1,1,6,6,1,20,4,1968,2,15,AUDI A3,10,E01020042,0,-1
2021451073113,2021,451073113,1,9,0,17,19,3,4,0,0,1,0,0,2,11,1,1,5,6,2,47,8,1968,2,6,AUDI A3,9,E01031582,0,-1
2021440342631,2021,440342631,2,9,0,18,19,4,8,0,0,8,0,0,0,0,1,1,6,6,1,83,11,1968,2,10,AUDI A3,10,E01023187,0,-1
2021471034774,2021,471034774,1,9,0,18,19,8,3,0,0,1,0,0,0,0,1,1,6,6,1,64,9,1781,1,19,AUDI A3,7,E01016960,0,-1
2021052101781,2021,052101781,1,9,0,18,19,8,3,0,0,8,0,0,0,0,4,1,2,2,1,26,6,999,1,0,AUDI A3,8,E01006622,0,-1
2021302101803,2021,302101803,1,9,0,17,19,6,2,0,0,0,0,0,3,11,1,1,6,6,1,23,5,1968,2,14,AUDI A3,5,E01019456,0,-1
2021302100073,2021,302100073,1,9,0,18,19,6,2,0,0,0,0,0,0,0,1,1,6,6,1,23,5,1968,2,9,AUDI A3,1,E01028068,0,-1
2021211082110,2021,211082110,1,9,0,5,5,7,4,0,0,8,0,0,0,0,1,1,6,6,1,31,6,1598,2,9,AUDI A3,1,E01014261,0,-1
2021471088140,2021,471088140,1,9,0,18,19,7,3,0,0,0,0,0,0,0,1,1,6,6,3,-1,-1,1968,2,15,AUDI A3,-1,-1,0,-1
2021320752933,2021,320752933,1,9,0,17,19,8,4,0,0,0,1,0,7,11,1,1,6,6,1,20,4,1968,1,16,AUDI A3,-1,-1,0,-1
2021430179308,2021,430179308,1,9,0,18,19,6,2,0,0,4,0,0,0,0,3,1,2,2,2,21,5,1968,2,5,AUDI A3,9,E01016424,0,-1
2021201127390,2021,201127390,1,9,0,18,19,6,2,0,0,8,0,0,0,0,1,1,6,6,1,26,6,1968,2,7,AUDI A3,1,E01009338,0,-1
2021471011431,2021,471011431,3,9,0,4,4,2,6,0,0,0,0,0,0,0,2,1,5,6,1,35,6,999,1,3,AUDI A3,2,E01021049,0,-1
2021522101794,2021,522101794,2,9,0,18,19,2,6,0,0,0,0,0,0,0,3,1,6,6,2,19,4,1595,1,16,AUDI A3,8,E01014981,0,-1
20211382A0566,2021,1382A0566,1,9,0,15,15,3,7,0,0,3,0,0,0,0,3,1,1,1,2,41,7,1395,8,1,AUDI A3,3,E01033005,0,-1
2021061104019,2021,061104019,1,9,0,18,19,8,4,0,0,0,0,0,0,0,4,1,6,6,1,43,7,1598,2,7,AUDI A3,-1,-1,0,-1
2021161039653,2021,161039653,2,9,0,4,4,4,8,0,0,4,0,0,0,0,1,1,6,6,3,35,6,1968,2,17,AUDI A3,-1,-1,0,-1
2021201119546,2021,201119546,2,9,0,5,5,5,1,0,0,0,0,0,0,0,2,1,6,6,2,33,6,1968,2,9,AUDI A3,3,E01010479,0,-1
2021061070161,2021,061070161,2,9,0,18,19,1,5,0,0,1,0,0,0,0,1,1,6,6,1,63,9,1968,2,9,AUDI A3,7,E01005375,0,-1
2021221073500,2021,221073500,2,9,0,18,19,6,2,0,0,0,0,0,0,0,1,1,5,6,2,26,6,1968,2,8,AUDI A3,9,E01032299,0,-1
2021991073435,2021,991073435,1,9,0,9,9,1,6,0,0,6,0,0,0,0,1,1,2,2,1,30,6,1968,2,17,AUDI A3,2,-1,0,-1
2021138431451,2021,138431451,1,9,0,18,19,3,7,0,0,0,0,0,0,0,1,1,6,6,1,41,7,1968,2,11,AUDI A3,1,E01010824,0,-1
2021061097870,2021,061097870,2,9,0,18,19,1,5,0,0,1,0,0,0,0,2,1,6,6,1,17,4,1595,1,15,AUDI A3,7,E01005053,0,-1
2021201118100,2021,201118100,2,9,0,18,19,2,6,0,0,8,1,0,0,0,1,1,6,6,1,25,5,1968,2,12,AUDI A3,8,E01009949,0,-1
2021141028858,2021,141028858,1,9,0,18,19,3,7,0,0,0,0,0,0,0,4,1,6,6,1,53,8,1968,2,13,AUDI A3,1,E01007877,0,-1
2021451016901,2021,451016901,1,9,0,4,4,7,3,0,0,0,0,0,0,0,2,1,2,2,2,37,7,1595,1,16,AUDI A3,5,E01016503,0,-1
2021320749284,2021,320749284,1,9,0,18,19,6,2,0,0,8,5,7,0,1,1,1,6,6,3,-1,-1,1968,2,14,AUDI A3,-1,-1,0,-1
2021131119021,2021,131119021,2,9,0,18,19,2,2,0,0,0,0,0,0,0,2,1,6,6,2,22,5,1968,2,4,AUDI A3,1,E01010618,0,-1
2021061053519,2021,061053519,3,9,0,18,19,4,8,0,0,1,0,0,0,0,2,1,6,6,3,30,6,999,1,5,AUDI A3,-1,-1,0,-1
2021061048772,2021,061048772,1,9,0,18,19,6,2,0,0,1,0,0,0,0,1,1,1,1,3,30,6,1968,2,10,AUDI A3,2,E01033667,0,-1
2021031108408,2021,031108408,3,9,0,18,19,7,3,0,0,0,0,0,0,0,1,1,5,6,1,52,8,1968,2,6,AUDI A3,8,E01019312,0,-1
2021201102666,2021,201102666,1,9,0,3,3,6,2,0,0,8,0,0,0,0,2,1,6,6,1,19,4,1968,2,6,AUDI A3,5,E01009716,0,-1
2021141097943,2021,141097943,1,9,0,18,19,5,1,0,0,0,0,0,0,0,2,1,5,6,2,23,5,1595,1,11,AUDI A3,7,E01011969,0,-1
202131C083521,2021,31C083521,2,9,0,3,3,8,4,0,0,1,0,0,0,0,2,1,1,1,1,49,8,1896,2,12,AUDI A3,4,E01028167,0,-1
2021010313233,2021,010313233,1,9,0,6,6,8,8,0,0,0,0,0,0,0,0,1,6,6,1,31,6,1395,1,7,AUDI A3,2,E01002766,0,-1
2021461026633,2021,461026633,1,9,0,18,19,5,1,0,0,0,0,0,0,0,1,1,6,6,3,37,7,1595,1,15,AUDI A3,-1,-1,0,-1
20211382C0315,2021,1382C0315,1,9,0,18,19,4,8,0,0,0,0,0,0,0,1,1,6,6,1,-1,-1,1598,2,6,AUDI A3,3,E01010761,0,-1