collision_index,collision_year,collision_ref_no,vehicle_reference,vehicle_type,towing_and_articulation,vehicle_manoeuvre_historic,vehicle_manoeuvre,vehicle_direction_from,vehicle_direction_to,vehicle_location_restricted_lane_historic,vehicle_location_restricted_lane,junction_location,skidding_and_overturning,hit_object_in_carriageway,vehicle_leaving_carriageway,hit_object_off_carriageway,first_point_of_impact,vehicle_left_hand_drive,journey_purpose_of_driver_historic,journey_purpose_of_driver,sex_of_driver,age_of_driver,age_band_of_driver,engine_capacity_cc,propulsion_code,age_of_vehicle,generic_make_model,driver_imd_decile,lsoa_of_driver,escooter_flag,driver_distance_banding
2021201028734,2021,201028734,1,9,0,4,4,6,2,0,0,0,0,0,0,0,1,1,6,6,1,21,5,1968,2,13,AUDI A3,4,E01009879,0,-1
2021471081887,2021,471081887,1,9,0,9,9,5,3,0,0,1,0,0,0,0,2,1,2,2,2,20,4,1598,2,9,AUDI A3,6,E01031408,0,-1
2021302101481,2021,302101481,3,9,0,2,2,0,0,0,0,0,0,0,0,0,2,1,6,6,3,-1,-1,1968,2,15,AUDI A3,-1,-1,0,-1
202134WNC9051,2021,34WNC9051,1,9,0,16,19,5,1,0,0,1,1,0,7,1,1,1,6,6,1,73,10,1968,1,15,AUDI A3,7,E01028484,0,-1
2021231121563,2021,231121563,2,9,0,18,19,8,4,0,0,8,0,0,0,0,4,1,2,2,2,62,9,1896,2,13,AUDI A3,6,E01031189,0,-1
2021522102026,2021,522102026,1,9,0,18,19,3,7,0,0,8,0,0,0,0,1,1,6,6,1,29,6,1595,1,16,AUDI A3,6,E01032679,0,-1
202131C005421,2021,31C005421,1,9,0,7,7,5,7,0,0,6,0,0,0,0,1,1,6,6,2,27,6,1595,1,14,AUDI A3,9,E01013982,0,-1
2021131069748,2021,131069748,1,9,0,7,7,1,5,0,0,0,0,0,0,0,1,1,6,6,2,36,7,1968,2,11,AUDI A3,7,E01011581,0,-1
2021041027929,2021,041027929,1,9,0,18,19,6,2,0,0,1,0,0,0,0,1,1,5,6,1,38,7,1598,2,8,AUDI A3,5,E01025517,0,-1
2021201023590,2021,201023590,2,9,0,2,2,0,0,0,0,0,0,0,0,0,2,1,6,6,2,56,9,999,1,3,AUDI A3,5,E01010517,0,-1
2021430522880,2021,430522880,1,9,0,18,19,4,8,0,0,0,1,0,7,11,1,1,6,6,1,19,4,1598,2,8,AUDI A3,5,E01016460,0,-1
2021501052034,2021,501052034,1,9,0,16,19,6,1,0,0,0,1,0,0,0,1,1,2,2,1,28,6,1968,2,1,AUDI A3,4,E01015241,0,-1
2021010308814,2021,010308814,2,9,0,18,19,1,5,0,0,0,0,0,0,0,2,1,6,6,2,36,7,999,1,2,AUDI A3,4,E01021802,0,-1
2021201071177,2021,201071177,3,9,0,2,2,0,0,0,0,2,0,0,0,0,1,1,6,6,2,34,6,1968,2,10,AUDI A3,1,E01010374,0,-1
2021010341841,2021,010341841,2,9,0,99,99,9,9,99,99,9,9,99,9,99,9,9,6,6,2,36,7,1390,1,11,AUDI A3,5,E01000159,0,-1
2021010302464,2021,010302464,1,9,0,9,9,2,8,0,0,1,0,0,0,0,2,1,1,1,2,19,4,1390,1,13,AUDI A3,-1,-1,0,-1
2021061102596,2021,061102596,1,9,0,18,19,5,1,0,0,1,0,0,0,0,1,1,6,6,2,40,7,1395,1,4,AUDI A3,-1,-1,0,-1
2021010301779,2021,010301779,1,9,0,5,5,1,5,0,0,1,0,0,0,0,1,1,6,6,2,37,7,1968,2,7,AUDI A3,-1,-1,0,-1
2021351020296,2021,351020296,1,9,0,18,19,8,4,0,0,0,0,0,1,9,4,1,5,6,1,45,7,1968,2,16,AUDI A3,7,E01018210,0,-1
2021401110674,2021,401110674,1,9,0,18,19,7,3,0,0,1,0,0,0,0,1,1,6,6,2,30,6,1598,2,4,AUDI A3,4,E01015784,0,-1
2021371110088,2021,371110088,2,9,0,18,19,1,5,0,0,0,0,0,1,0,3,1,5,6,1,29,6,1595,1,16,AUDI A3,7,E01030083,0,-1
2021010328916,2021,010328916,3,9,0,99,99,9,9,99,99,9,9,99,9,99,1,9,6,6,3,-1,-1,1968,2,13,AUDI A3,-1,-1,0,-1
2021401128513,2021,401128513,1,9,0,18,19,8,4,0,0,0,0,0,1,9,1,1,6,6,1,27,6,1968,2,13,AUDI A3,8,E01017411,0,-1
2021131061019,2021,131061019,1,9,0,18,19,3,7,0,0,3,0,0,0,0,4,1,2,2,1,24,5,1595,2,11,AUDI A3,3,E01011139,0,-1
2021010308421,2021,010308421,2,9,0,9,9,8,5,0,0,1,0,0,0,0,4,1,6,6,2,25,5,1498,1,1,AUDI A3,4,E01021293,0,-1
2021131124322,2021,131124322,1,9,0,13,13,7,3,0,0,2,0,0,0,0,4,1,5,6,1,60,9,1968,2,17,AUDI A3,10,E01011711,0,-1
2021361033983,2021,361033983,1,9,0,11,11,3,7,0,0,0,0,0,0,0,3,1,1,1,1,24,5,1968,2,11,AUDI A3,4,E01026925,0,-1
2021401097510,2021,401097510,1,9,0,18,19,-1,-1,0,0,8,0,0,0,0,2,1,6,6,1,-1,-1,1968,2,3,AUDI A3,3,E01009636,0,-1
2021010312396,2021,010312396,1,9,0,9,9,5,3,0,0,5,0,0,0,0,1,1,6,6,1,20,4,1595,1,15,AUDI A3,3,E01016720,0,-1
2021421059055,2021,421059055,2,9,0,4,4,7,3,0,0,0,0,0,0,0,2,1,2,2,2,27,6,1598,2,8,AUDI A3,3,E01002308,0,-1
2021552100987,2021,552100987,2,9,0,18,19,7,3,0,0,8,0,0,0,0,1,1,6,6,1,90,11,1968,2,5,AUDI A3,8,E01019961,0,-1
2021471113316,2021,471113316,1,9,0,13,13,6,3,0,0,0,0,0,0,0,1,1,2,2,2,52,8,1968,2,15,AUDI A3,4,E01021071,0,-1
2021101061504,2021,101061504,1,9,0,10,10,1,5,0,0,1,0,0,0,0,2,1,2,2,2,37,7,1968,2,7,AUDI A3,-1,-1,0,-1
2021461035736,2021,461035736,2,9,0,16,19,1,3,0,0,0,0,0,0,0,1,1,5,6,1,28,6,1968,2,7,AUDI A3,5,E01024562,0,-1
2021440401234,2021,440401234,1,9,0,18,19,8,4,0,0,3,0,0,0,0,1,1,2,2,1,22,5,1781,1,20,AUDI A3,8,E01022570,0,-1
2021041098516,2021,041098516,1,9,0,18,19,7,3,0,0,1,0,0,0,0,1,1,5,6,1,22,5,1498,1,4,AUDI A3,2,E01025381,0,-1
2021411067505,2021,411067505,1,9,0,18,19,1,5,0,0,4,0,0,0,0,1,1,6,6,1,19,4,1598,2,6,AUDI A3,10,E01023841,0,-1
2021131085023,2021,131085023,1,9,0,12,12,7,3,0,0,0,0,11,0,0,1,1,6,6,2,29,6,1968,2,7,AUDI A3,3,E01011257,0,-1
2021440491159,2021,440491159,1,9,0,18,19,2,6,0,0,0,0,0,0,0,1,1,6,6,1,23,5,1968,2,15,AUDI A3,9,E01022564,0,-1
2021131098692,2021,131098692,1,9,0,1,1,7,1,0,0,0,0,0,0,0,2,1,6,6,1,38,7,1598,2,7,AUDI A3,4,E01010591,0,-1
2021041099379,2021,041099379,3,9,0,18,19,6,2,0,0,0,1,0,0,0,3,1,5,6,2,56,9,1896,2,11,AUDI A3,6,E01024921,0,-1
2021231065109,2021,231065109,1,9,0,16,19,8,2,0,0,1,0,0,0,0,1,1,5,6,1,29,6,1968,2,11,AUDI A3,9,E01031151,0,-1
2021010288231,2021,010288231,2,9,0,99,99,9,9,99,99,9,9,99,9,99,9,9,6,6,3,-1,-1,1498,1,3,AUDI A3,-1,-1,0,-1
2021010295060,2021,010295060,2,9,0,18,19,3,7,0,0,8,0,0,0,0,1,1,6,6,1,38,7,999,1,2,AUDI A3,8,E01002109,0,-1
2021141033023,2021,141033023,1,9,0,17,19,7,3,0,0,2,0,0,0,0,1,1,3,7,2,31,6,1968,2,6,AUDI A3,7,E01019801,0,-1
2021041021089,2021,041021089,1,9,0,18,19,2,6,0,0,8,0,0,0,0,1,1,2,2,2,23,5,1968,2,6,AUDI A3,3,E01025069,0,-1
2021131050466,2021,131050466,1,9,0,13,13,7,3,0,0,2,0,0,7,11,1,1,5,6,1,33,6,1968,2,10,AUDI A3,1,E01011626,0,-1
2021430132869,2021,430132869,1,9,0,9,9,1,7,0,0,5,0,0,0,0,2,1,6,6,2,34,6,1968,2,10,AUDI A3,8,E01017770,0,-1
2021041059931,2021,041059931,1,9,0,7,7,4,1,0,0,8,0,0,0,0,1,1,5,6,1,60,9,1968,2,9,AUDI A3,1,E01025298,0,-1
2021041025704,2021,041025704,2,9,0,18,19,3,7,0,0,8,0,0,0,0,1,1,1,1,1,37,7,1968,2,13,AUDI A3,2,E01025290,0,-1
2021201108105,2021,201108105,2,9,0,18,19,6,2,0,0,8,5,10,8,4,4,1,6,6,1,24,5,1395,1,5,AUDI A3,10,E01010217,0,-1
2021461061756,2021,461061756,2,9,0,18,19,4,8,0,0,1,0,0,0,0,4,1,2,2,2,25,5,1395,1,12,AUDI A3,2,E01024517,0,-1
2021061096120,2021,061096120,4,9,0,18,19,6,2,0,0,8,0,0,0,0,2,1,5,6,1,23,5,1498,1,4,AUDI A3,-1,-1,0,-1
2021201105874,2021,201105874,1,9,0,7,7,8,2,0,0,5,0,0,0,0,1,1,6,6,1,-1,-1,1968,2,14,AUDI A3,-1,-1,0,-1
2021131040993,2021,131040993,1,9,0,18,19,5,1,0,0,0,0,0,1,0,1,1,5,6,2,27,6,1598,2,9,AUDI A3,5,E01011158,0,-1
2021010336617,2021,010336617,1,9,0,18,19,1,5,0,0,2,0,0,0,0,4,1,6,6,1,64,9,1595,1,13,AUDI A3,-1,-1,0,-1
2021052100833,2021,052100833,1,9,0,18,19,3,7,0,0,0,0,0,0,0,4,1,6,6,2,37,7,1968,2,15,AUDI A3,8,E01007036,0,-1
2021010292234,2021,010292234,1,9,0,18,19,1,5,0,0,0,0,0,0,0,3,1,3,7,2,40,7,1984,1,13,AUDI A3,9,E01030706,0,-1
2021010318136,2021,010318136,1,9,0,18,19,1,5,0,0,1,0,0,0,0,4,1,2,2,2,31,6,1395,1,5,AUDI A3,4,E01001187,0,-1
2021141101937,2021,141101937,3,9,0,18,19,5,1,0,0,0,0,0,0,0,2,1,6,6,2,35,6,1896,2,15,AUDI A3,3,E01026465,0,-1
2021461115072,2021,461115072,1,9,0,18,19,7,3,0,0,1,0,0,0,0,3,1,5,6,2,47,8,1598,2,4,AUDI A3,9,E01016104,0,-1
2021141012910,2021,141012910,3,9,0,18,19,5,1,0,0,0,0,0,0,0,1,1,5,6,1,28,6,1968,2,6,AUDI A3,1,E01007532,0,-1
2021471055321,2021,471055321,4,9,0,2,2,0,0,0,0,0,0,0,0,0,2,1,6,6,3,-1,-1,1968,2,16,AUDI A3,-1,-1,0,-1
2021461057782,2021,461057782,2,9,0,18,19,5,1,0,0,1,0,0,1,0,3,1,6,6,1,53,8,1395,1,6,AUDI A3,7,E01001383,0,-1
2021010303479,2021,010303479,1,9,0,99,99,9,9,99,99,9,9,99,9,99,2,9,6,6,2,55,8,1968,2,7,AUDI A3,4,E01001623,0,-1
2021552100932,2021,552100932,2,9,0,7,7,1,5,0,0,8,0,0,0,0,2,1,6,6,2,57,9,1968,2,4,AUDI A3,5,E01015275,0,-1
2021201109867,2021,201109867,1,9,0,18,19,2,6,0,0,2,0,0,0,0,1,1,6,6,3,-1,-1,1968,2,3,AUDI A3,-1,-1,0,-1
2021430390908,2021,430390908,2,9,0,9,9,7,5,0,0,1,0,0,0,0,3,1,6,6,2,74,10,1390,1,12,AUDI A3,10,E01016671,0,-1
2021451116783,2021,451116783,1,9,0,18,19,1,5,0,0,0,0,0,0,0,1,1,2,2,1,37,7,1498,1,2,AUDI A3,3,E01016456,0,-1
2021061120716,2021,061120716,1,9,0,15,15,5,1,0,0,2,0,0,0,0,1,1,5,6,1,31,6,1498,1,1,AUDI A3,2,E01005230,0,-1
2021542985621,2021,542985621,2,9,0,4,4,4,8,0,0,1,0,0,0,0,2,1,3,7,2,27,6,1968,2,5,AUDI A3,5,E01032013,0,-1
2021411066818,2021,411066818,2,9,0,10,10,2,6,0,0,1,0,0,0,0,1,1,5,6,2,49,8,1598,2,5,AUDI A3,9,E01023674,0,-1
20211381R1242,2021,1381R1242,1,9,0,14,14,6,2,0,0,0,0,0,0,0,1,1,6,6,3,-1,-1,1896,2,14,AUDI A3,-1,-1,0,-1
2021131039265,2021,131039265,2,9,0,9,9,1,1,0,0,5,0,0,0,0,2,1,6,6,2,45,7,1968,2,11,AUDI A3,4,E01011335,0,-1
2021010346175,2021,010346175,1,9,0,9,9,7,4,0,0,8,0,0,0,0,4,1,6,6,1,37,7,1395,1,5,AUDI A3,1,E01001821,0,-1
2021531031169,2021,531031169,1,9,0,13,13,1,5,0,0,0,0,0,0,0,1,1,5,6,2,32,6,1968,2,9,AUDI A3,7,E01031248,0,-1
2021031053961,2021,031053961,1,9,0,13,13,7,3,0,0,0,0,0,0,0,0,1,6,6,3,-1,-1,1968,2,7,AUDI A3,-1,-1,0,-1
202131A148821,2021,31A148821,1,9,0,9,9,8,6,0,0,6,0,0,0,0,3,1,6,6,1,29,6,1968,2,10,AUDI A3,6,E01028220,0,-1
2021461067427,2021,461067427,2,9,0,18,19,1,5,0,0,0,0,0,0,0,4,1,6,6,1,39,7,1896,2,17,AUDI A3,4,E01016168,0,-1
2021010335288,2021,010335288,1,9,9,18,19,5,1,99,99,9,9,99,9,99,1,9,6,6,1,36,7,1968,2,14,AUDI A3,4,E01001674,0,-1
2021411083158,2021,411083158,2,9,0,9,9,3,1,0,0,2,0,0,0,0,1,1,5,6,2,38,7,1968,2,15,AUDI A3,3,E01023873,0,-1
2021531121584,2021,531121584,1,9,0,9,9,3,7,0,0,8,0,0,0,0,1,1,5,6,1,67,10,1395,1,8,AUDI A3,4,E01022450,0,-1
2021201062711,2021,201062711,3,9,0,2,2,0,0,9,9,0,0,0,0,0,2,1,6,6,2,-1,-1,1595,1,13,AUDI A3,1,E01010366,0,-1
2021010341524,2021,010341524,2,9,0,18,19,3,7,0,0,8,0,0,0,0,0,1,6,6,1,35,6,1498,1,3,AUDI A3,2,E01000152,0,-1
2021131050218,2021,131050218,2,9,0,18,19,5,1,0,0,1,0,0,0,0,1,1,2,2,1,46,8,1968,2,10,AUDI A3,1,E01011344,0,-1
2021070871485,2021,070871485,1,9,0,5,5,2,6,0,0,8,1,0,7,0,4,1,6,6,2,26,6,1968,2,7,AUDI A3,6,E01018394,0,-1
2021421110097,2021,421110097,1,9,0,18,19,7,1,0,0,0,0,0,0,0,0,1,6,6,1,33,6,1968,2,16,AUDI A3,2,E01029988,0,-1
2021131058282,2021,131058282,2,9,0,18,19,1,5,0,0,1,0,0,0,0,4,1,6,6,1,49,8,1968,2,14,AUDI A3,5,E01010873,0,-1
2021461023346,2021,461023346,1,9,0,18,19,3,6,0,0,3,0,0,7,0,0,1,6,6,1,33,6,1968,2,16,AUDI A3,1,E01024611,0,-1
2021061103578,2021,061103578,1,9,0,11,11,5,1,0,0,0,0,0,0,0,1,1,6,6,1,22,5,1968,2,16,AUDI A3,6,E01019360,0,-1
2021991055015,2021,991055015,3,9,0,18,19,4,8,0,0,0,0,0,0,0,0,1,5,6,1,50,8,1598,2,9,AUDI A3,5,-1,0,-1
2021201059566,2021,201059566,1,9,0,17,19,6,3,0,0,1,0,0,0,0,3,1,6,6,2,43,7,1598,2,9,AUDI A3,3,E01010094,0,-1
2021161018215,2021,161018215,2,9,0,2,2,0,0,0,0,0,0,0,0,0,4,1,6,6,3,-1,-1,1598,2,8,AUDI A3,-1,-1,0,-1
2021461045732,2021,461045732,3,9,0,17,19,2,6,0,0,0,0,0,0,0,1,1,5,6,2,52,8,1968,2,4,AUDI A3,4,E01024486,0,-1
2021201149186,2021,201149186,1,9,0,18,19,1,5,0,0,6,5,10,3,9,1,1,5,6,1,24,5,1598,2,10,AUDI A3,1,E01013679,0,-1
2021161124463,2021,161124463,1,9,0,18,19,2,6,0,0,1,0,0,7,10,1,1,6,6,1,-1,-1,1896,2,13,AUDI A3,-1,-1,0,-1
2021010325802,2021,010325802,2,9,0,99,99,9,9,99,99,9,9,99,9,99,1,9,6,6,1,29,6,1595,1,11,AUDI A3,4,E01002042,0,-1
2021401034065,2021,401034065,2,9,0,18,19,3,1,0,0,1,5,10,0,0,1,1,5,6,2,25,5,1498,1,0,AUDI A3,8,E01017591,0,-1
2021010350097,2021,010350097,2,9,0,2,2,0,0,0,0,1,0,0,0,0,4,1,6,6,3,-1,-1,1968,2,9,AUDI A3,-1,-1,0,-1
2021211065024,2021,211065024,1,9,0,9,9,6,4,0,0,2,0,0,0,0,4,1,5,6,1,20,4,1968,2,13,AUDI A3,7,E01029846,0,-1
2021201128846,2021,201128846,1,9,0,18,19,2,6,0,0,3,1,10,0,0,4,1,6,6,1,-1,-1,1968,2,15,AUDI A3,-1,-1,0,-1
2021501090133,2021,501090133,1,9,0,17,19,2,6,0,0,0,2,0,1,0,1,1,5,6,1,18,4,1968,2,14,AUDI A3,2,E01018867,0,-1
2021070856365,2021,070856365,1,9,0,12,12,2,6,0,0,0,1,7,1,7,1,1,6,6,1,32,6,1968,2,6,AUDI A3,9,E01012583,0,-1
2021520103968,2021,520103968,1,9,0,5,5,8,4,0,0,8,0,0,0,0,3,1,6,6,1,21,5,1896,2,13,AUDI A3,7,E01029317,0,-1
2021991126165,2021,991126165,1,9,0,18,19,8,4,0,0,0,0,0,0,0,1,1,6,6,2,20,4,1598,2,6,AUDI A3,4,-1,0,-1
2021141126406,2021,141126406,2,9,0,18,19,1,5,0,0,1,0,0,0,0,1,1,5,6,1,23,5,1197,1,5,AUDI A3,1,E01008061,0,-1
2021991113932,2021,991113932,2,9,0,2,2,0,0,0,0,0,0,4,0,0,2,1,6,6,3,-1,-1,1896,2,14,AUDI A3,-1,-1,0,-1
2021041048540,2021,041048540,2,9,0,3,3,7,3,0,0,0,0,0,0,0,2,1,2,2,1,26,6,1896,2,14,AUDI A3,1,E01025184,0,-1
2021161097759,2021,161097759,1,9,0,5,5,1,5,0,0,8,0,0,0,0,3,1,6,6,2,57,9,1595,1,14,AUDI A3,6,E01028024,0,-1
2021101037457,2021,101037457,2,9,0,4,4,5,1,0,0,0,0,0,0,0,2,1,5,6,1,35,6,1598,2,6,AUDI A3,7,E01008374,0,-1
2021221053444,2021,221053444,1,9,0,2,2,0,0,0,0,0,0,0,0,0,4,1,5,6,2,28,6,1968,2,8,AUDI A3,8,E01032233,0,-1
2021430113956,2021,430113956,1,9,0,5,5,5,1,0,0,4,0,0,0,0,1,1,2,2,1,32,6,1896,2,12,AUDI A3,7,E01017839,0,-1
2021052102836,2021,052102836,1,9,0,18,19,3,7,0,0,8,0,10,1,0,3,1,6,6,2,35,6,1598,2,9,AUDI A3,1,E01006693,0,-1
2021461071741,2021,461071741,1,9,0,11,11,-1,-1,0,0,3,0,0,0,0,-1,1,6,6,1,-1,-1,1968,2,15,AUDI A3,9,E01016053,0,-1
2021010317158,2021,010317158,3,9,0,2,2,0,0,0,0,2,0,0,0,0,2,1,6,6,3,-1,-1,999,1,0,AUDI A3,-1,-1,0,-1
2021010305468,2021,010305468,1,9,0,9,9,5,3,0,0,2,0,0,0,0,2,1,6,6,1,27,6,1498,1,2,AUDI A3,1,E01002855,0,-1
2021010305097,2021,010305097,1,9,0,7,7,3,5,5,5,5,0,0,0,0,1,1,6,6,2,38,7,1395,1,5,AUDI A3,2,E01004403,0,-1
2021401121837,2021,401121837,1,9,0,18,19,6,1,0,0,1,0,0,0,0,1,1,6,6,1,18,4,1390,1,11,AUDI A3,2,E01017519,0,-1
2021991086459,2021,991086459,2,9,0,3,3,8,4,0,0,0,0,0,0,0,2,1,5,6,1,27,6,1395,1,5,AUDI A3,9,E01025253,0,-1
2021201102496,2021,201102496,1,9,0,18,19,4,8,0,0,0,0,0,0,0,4,1,2,2,2,24,5,1197,1,9,AUDI A3,1,E01009358,0,-1
2021371131011,2021,371131011,1,9,0,18,19,2,6,0,0,1,0,0,0,0,1,1,5,6,1,46,8,1968,2,7,AUDI A3,5,E01030093,0,-1
2021141026596,2021,141026596,1,9,0,9,9,6,2,0,0,1,0,10,1,2,1,1,6,6,3,-1,-1,1896,2,16,AUDI A3,-1,-1,0,-1
2021010309290,2021,010309290,2,9,0,17,19,3,7,0,0,1,1,0,0,0,1,1,6,6,1,22,5,1498,1,2,AUDI A3,10,E01000815,0,-1
2021010336660,2021,010336660,2,9,0,18,19,3,7,0,0,0,0,0,0,0,1,1,6,6,3,-1,-1,1598,2,7,AUDI A3,-1,-1,0,-1
2021430321893,2021,430321893,1,9,0,18,19,3,7,0,0,0,0,0,0,0,1,1,6,6,2,54,8,1395,1,5,AUDI A3,5,E01030834,0,-1
2021302100178,2021,302100178,2,9,0,18,19,2,6,0,0,0,1,0,0,0,1,1,2,2,1,-1,-1,1595,1,14,AUDI A3,8,E01013575,0,-1
2021991038534,2021,991038534,3,9,0,18,19,3,7,0,0,8,5,0,1,1,3,1,2,2,1,65,9,1968,2,6,AUDI A3,9,-1,0,-1
2021041108498,2021,041108498,1,9,0,18,19,5,1,0,0,1,0,0,7,0,1,1,1,1,2,34,6,1598,2,7,AUDI A3,6,E01025383,0,-1
2021010290056,2021,010290056,1,9,0,99,99,9,9,99,99,9,9,99,9,99,4,9,6,6,2,29,6,1595,1,10,AUDI A3,6,E01004481,0,-1
2021131127319,2021,131127319,1,9,0,9,9,7,5,0,0,1,0,0,0,0,1,1,6,6,3,-1,-1,1968,2,9,AUDI A3,-1,-1,0,-1
2021010290796,2021,010290796,2,9,0,99,99,9,9,99,99,9,9,99,9,99,1,9,6,6,3,-1,-1,1984,1,15,AUDI A3,5,E01000738,0,-1
2021520104140,2021,520104140,1,9,0,18,19,2,6,0,0,0,1,0,1,10,3,1,6,6,1,28,6,1968,2,16,AUDI A3,9,E01014825,0,-1
2021131099528,2021,131099528,1,9,0,7,7,1,5,0,0,5,0,0,0,0,4,1,5,6,1,30,6,1968,2,11,AUDI A3,3,E01010747,0,-1
2021351062770,2021,351062770,1,9,0,9,9,1,7,0,0,6,0,0,0,0,1,1,5,6,2,23,5,1968,2,10,AUDI A3,2,E01015654,0,-1
2021010299195,2021,010299195,2,9,0,9,9,7,6,0,0,1,0,0,0,0,0,1,2,2,1,40,7,1598,2,11,AUDI A3,10,E01017631,0,-1
2021010321821,2021,010321821,2,9,0,2,2,0,0,0,0,0,0,4,0,0,4,1,6,6,3,-1,-1,1798,1,13,AUDI A3,-1,-1,0,-1
2021451102426,2021,451102426,2,9,0,18,19,1,5,0,0,0,0,0,0,0,3,1,2,2,1,45,7,1968,2,3,AUDI A3,9,E01030571,0,-1
2021010322124,2021,010322124,2,9,0,18,19,5,1,0,0,8,0,0,0,0,4,1,6,6,1,22,5,1395,1,5,AUDI A3,-1,-1,0,-1
202134WNC9151,2021,34WNC9151,2,9,0,18,19,1,5,0,0,8,0,0,0,0,1,1,6,6,2,29,6,1968,2,13,AUDI A3,3,E01027154,0,-1
2021010323013,2021,010323013,2,9,0,18,19,1,5,0,0,1,0,0,0,0,1,1,6,6,2,28,6,1896,2,14,AUDI A3,8,E01004110,0,-1
2021131040284,2021,131040284,1,9,0,7,7,1,3,0,0,3,0,0,0,0,1,1,2,2,2,30,6,1968,2,12,AUDI A3,1,E01011917,0,-1
2021101013932,2021,101013932,2,9,0,9,9,5,5,0,0,1,0,0,0,0,4,1,5,6,1,18,4,1395,1,5,AUDI A3,-1,-1,0,-1
2021010320499,2021,010320499,2,9,0,99,99,9,9,99,99,9,9,99,9,99,9,9,6,6,3,35,6,1968,1,16,AUDI A3,4,E01001909,0,-1
2021010345274,2021,010345274,1,9,0,18,19,1,5,0,0,0,5,4,0,0,1,1,6,6,1,76,11,1395,1,5,AUDI A3,10,E01030756,0,-1
2021101089059,2021,101089059,2,9,0,7,7,1,3,0,0,2,0,0,0,0,3,1,6,6,1,36,7,1498,1,3,AUDI A3,8,E01008239,0,-1
2021010320646,2021,010320646,1,9,0,18,19,7,3,0,0,8,0,0,0,0,1,1,6,6,1,48,8,1968,2,11,AUDI A3,3,E01000148,0,-1
2021430522721,2021,430522721,2,9,0,18,19,7,3,0,0,0,0,0,0,0,2,1,6,6,1,23,5,1395,1,5,AUDI A3,7,E01016331,0,-1
2021131083892,2021,131083892,1,9,0,12,12,1,5,0,0,0,0,0,7,11,1,1,5,6,1,21,5,1968,2,8,AUDI A3,7,E01010593,0,-1
2021371107891,2021,371107891,1,9,0,18,19,3,7,0,0,8,0,0,0,0,1,1,5,6,1,49,8,1598,2,10,AUDI A3,5,E01030016,0,-1
2021320701122,2021,320701122,2,9,0,3,3,6,2,0,0,1,0,0,0,0,4,1,6,6,2,31,6,1498,1,1,AUDI A3,6,E01026135,0,-1
2021522200253,2021,522200253,1,9,0,6,6,4,4,0,0,1,0,0,0,0,1,1,6,6,1,34,6,1968,2,9,AUDI A3,3,E01014609,0,-1
2021010296471,2021,010296471,2,9,0,18,19,5,1,0,0,8,0,0,1,0,1,1,6,6,1,19,4,999,1,3,AUDI A3,4,E01002020,0,-1
2021161134421,2021,161134421,2,9,0,4,4,5,1,0,0,1,0,0,0,0,1,1,6,6,2,29,6,1598,2,11,AUDI A3,2,E01007522,0,-1
2021010340283,2021,010340283,1,9,0,5,5,0,5,0,0,0,1,0,0,0,1,2,6,6,2,30,6,1598,2,7,AUDI A3,3,E01002550,0,-1
2021451083393,2021,451083393,1,9,0,18,19,5,1,0,0,0,0,0,0,0,3,1,6,6,1,35,6,1968,2,17,AUDI A3,5,E01030786,0,-1
2021061048686,2021,061048686,1,9,0,18,19,5,1,0,0,0,0,0,0,0,2,1,6,6,1,26,6,1498,1,2,AUDI A3,6,E01004962,0,-1
2021440176454,2021,440176454,1,9,0,4,4,6,2,0,0,0,1,0,0,0,1,1,6,6,2,20,4,1395,1,5,AUDI A3,8,E01022871,0,-1
2021010348073,2021,010348073,1,9,0,99,99,9,9,99,99,9,9,99,9,99,1,9,6,6,1,47,8,1968,2,14,AUDI A3,2,E01029984,0,-1
2021531044226,2021,531044226,1,9,0,9,9,3,7,0,0,8,0,0,0,0,3,1,6,6,1,34,6,1968,2,14,AUDI A3,2,E01022292,0,-1
2021351075934,2021,351075934,1,9,-1,-1,-1,1,5,-1,-1,-1,-1,-1,-1,0,-1,1,6,6,1,-1,-1,1498,1,0,AUDI A3,4,E01033174,0,-1
2021991062981,2021,991062981,1,9,0,18,19,3,6,0,0,0,0,0,0,0,1,1,5,6,2,39,7,1498,1,1,AUDI A3,2,-1,0,-1
202131D101021,2021,31D101021,1,9,0,16,19,6,8,0,0,1,0,0,7,4,1,1,6,6,1,21,5,999,1,2,AUDI A3,10,E01028384,0,-1
2021041021367,2021,041021367,1,9,0,18,19,5,1,0,0,0,0,0,7,4,1,1,6,6,3,-1,-1,1968,1,15,AUDI A3,-1,-1,0,-1
2021122200024,2021,122200024,1,9,0,5,5,1,3,0,0,4,0,0,0,0,3,1,6,6,1,28,6,1595,2,11,AUDI A3,8,E01027750,0,-1
2021201049500,2021,201049500,1,9,0,18,19,4,8,0,0,1,0,0,0,0,1,1,6,6,1,22,5,1598,2,7,AUDI A3,1,E01010054,0,-1
2021161090083,2021,161090083,3,9,0,4,4,7,3,0,0,0,0,0,0,0,2,1,2,2,1,50,8,1395,1,8,AUDI A3,10,E01013012,0,-1
2021201060662,2021,201060662,4,9,0,2,2,0,0,0,0,0,0,0,0,0,1,1,6,6,2,-1,-1,1968,2,5,AUDI A3,-1,-1,0,-1
2021231017297,2021,231017297,1,9,0,17,19,6,2,0,0,0,1,0,1,10,1,1,5,6,1,27,6,1968,2,8,AUDI A3,1,E01010130,0,-1