collision_index,collision_year,collision_ref_no,vehicle_reference,vehicle_type,towing_and_articulation,vehicle_manoeuvre_historic,vehicle_manoeuvre,vehicle_direction_from,vehicle_direction_to,vehicle_location_restricted_lane_historic,vehicle_location_restricted_lane,junction_location,skidding_and_overturning,hit_object_in_carriageway,vehicle_leaving_carriageway,hit_object_off_carriageway,first_point_of_impact,vehicle_left_hand_drive,journey_purpose_of_driver_historic,journey_purpose_of_driver,sex_of_driver,age_of_driver,age_band_of_driver,engine_capacity_cc,propulsion_code,age_of_vehicle,generic_make_model,driver_imd_decile,lsoa_of_driver,escooter_flag,driver_distance_banding
2021010340209,2021,010340209,2,9,0,18,19,7,3,0,0,8,0,0,0,0,4,1,6,6,1,31,6,1395,1,5,AUDI A3,4,E01002802,0,-1
2021552100648,2021,552100648,2,9,0,18,19,2,6,0,0,8,0,0,0,0,4,1,6,6,1,26,6,1968,2,10,AUDI A3,8,E01020583,0,-1
2021170H10851,2021,170H10851,1,9,0,18,19,7,3,0,0,1,0,0,0,0,1,1,6,6,1,77,11,1498,1,3,AUDI A3,9,E01011965,0,-1
2021010342773,2021,010342773,1,9,0,9,9,4,2,0,0,1,0,0,0,0,1,1,6,6,1,23,5,1498,1,2,AUDI A3,2,E01003168,0,-1
2021041038942,2021,041038942,2,9,0,18,19,1,5,0,0,6,0,0,0,0,4,1,1,1,1,31,6,1968,2,11,AUDI A3,1,E01033231,0,-1
2021010322186,2021,010322186,2,9,0,15,15,8,4,2,2,0,0,4,7,11,4,1,6,6,1,-1,-1,1395,1,7,AUDI A3,-1,-1,0,-1
2021010318762,2021,010318762,1,9,9,99,99,9,9,99,99,9,9,99,9,99,9,9,6,6,3,-1,-1,1595,1,16,AUDI A3,-1,-1,0,-1
2021531029559,2021,531029559,2,9,0,3,3,5,1,0,0,0,0,0,0,0,2,1,6,6,2,36,7,1598,2,8,AUDI A3,6,E01022377,0,-1
2021461059988,2021,461059988,1,9,0,7,7,7,1,0,0,4,0,0,0,0,4,1,2,2,1,28,6,1968,2,17,AUDI A3,3,E01024149,0,-1
2021401108294,2021,401108294,1,9,0,4,4,3,5,0,0,1,0,0,0,0,2,1,2,2,1,28,6,1896,2,15,AUDI A3,3,E01017500,0,-1
2021231101582,2021,231101582,2,5,0,18,19,5,1,0,0,3,0,0,0,0,4,1,5,6,1,61,9,1649,1,2,BMW K SERIES,9,E01028469,0,-1
2021991069807,2021,991069807,2,5,0,9,9,2,8,0,0,8,0,0,0,0,3,1,5,6,1,73,10,750,1,32,BMW K SERIES,9,-1,0,-1
2021302101261,2021,302101261,2,5,0,13,13,2,6,0,0,0,0,0,0,0,4,1,6,6,1,71,10,1293,1,12,BMW K SERIES,3,E01019468,0,-1
2021161110520,2021,161110520,2,5,0,11,11,6,2,0,0,3,0,0,1,0,3,1,5,6,1,51,8,1293,1,11,BMW K SERIES,2,E01007391,0,-1
2021421022930,2021,421022930,1,5,0,17,19,6,3,0,0,0,0,0,1,0,1,1,5,6,1,55,8,1293,1,6,BMW K SERIES,3,E01021888,0,-1
2021501066728,2021,501066728,1,5,0,18,19,7,3,0,0,0,0,0,7,0,1,1,5,6,1,69,10,1200,1,24,BMW K SERIES,4,E01020087,0,-1
2021522201149,2021,522201149,1,5,0,18,19,7,3,0,0,0,2,0,0,0,1,1,6,6,1,54,8,1171,1,18,BMW K SERIES,6,E01031967,0,-1
2021070544822,2021,070544822,2,5,0,18,19,3,7,0,0,0,0,0,0,0,4,1,6,6,1,57,9,1649,1,4,BMW K SERIES,10,W01000321,0,-1
2021010322725,2021,010322725,4,5,0,3,3,7,3,0,0,1,5,0,0,0,2,1,6,6,1,65,9,1157,1,15,BMW K SERIES,3,E01002738,0,-1
2021170S21281,2021,170S21281,2,4,0,18,19,3,7,0,0,8,0,0,0,0,1,1,6,6,1,60,9,1157,1,13,BMW K SERIES,5,E01008490,0,-1
202163D029821,2021,63D029821,1,5,0,18,19,6,2,0,0,0,1,0,0,0,3,1,6,6,1,51,8,1293,1,11,BMW K SERIES,8,E01014444,0,-1
2021320284353,2021,320284353,1,5,0,17,19,8,4,0,0,0,0,0,0,0,1,1,6,6,1,67,10,1290,1,12,BMW K SERIES,8,E01007839,0,-1
2021221014976,2021,221014976,1,5,0,18,19,2,6,0,0,8,0,0,0,0,1,1,5,6,1,18,4,1157,1,15,BMW K SERIES,6,E01032395,0,-1
2021131081449,2021,131081449,2,5,0,18,19,3,7,0,0,8,0,0,0,0,4,1,2,2,1,63,9,1649,1,7,BMW K SERIES,9,E01011812,0,-1
2021010348091,2021,010348091,1,5,0,13,13,1,5,0,0,0,0,7,0,0,1,1,2,2,1,64,9,1649,1,7,BMW K SERIES,7,E01003839,0,-1
2021471021360,2021,471021360,1,5,0,18,19,2,6,0,0,0,1,0,0,0,1,1,5,6,1,56,9,1649,1,4,BMW K SERIES,5,E01031631,0,-1
2021161109809,2021,161109809,2,5,0,18,19,2,6,0,0,8,1,0,0,0,1,1,6,6,1,61,9,1649,1,3,BMW K SERIES,4,E01012901,0,-1
2021991072338,2021,991072338,2,5,0,12,12,5,1,0,0,0,2,0,0,0,3,1,5,6,1,60,9,1649,1,10,BMW K SERIES,5,-1,0,-1
2021010289562,2021,010289562,1,5,0,99,99,9,9,99,99,9,9,99,9,99,9,1,2,2,1,49,8,1293,1,11,BMW K SERIES,8,E01001022,0,-1
2021010336031,2021,010336031,1,5,0,99,99,9,9,99,99,9,9,99,9,99,9,1,2,2,1,54,8,1649,1,2,BMW K SERIES,7,E01023347,0,-1
2021451070310,2021,451070310,1,5,0,18,19,1,5,0,0,1,0,0,0,0,3,1,5,6,1,25,5,1802,1,0,-1,9,E01001018,0,-1
2021010340829,2021,010340829,1,9,0,99,99,9,9,99,99,9,9,99,9,99,2,9,6,6,1,58,9,1998,1,3,BMW X2,5,E01003741,0,-1
2021991040714,2021,991040714,1,9,0,7,7,1,3,0,0,2,0,0,0,0,3,1,5,6,2,49,8,1998,1,2,BMW X2,2,-1,0,-1
2021201141792,2021,201141792,2,9,0,18,19,4,8,0,0,0,0,0,0,0,4,1,6,6,1,33,6,1998,1,2,BMW X2,6,E01009976,0,-1
2021440199557,2021,440199557,2,9,0,18,19,4,8,0,0,0,0,0,7,3,1,1,6,6,2,50,8,1995,2,3,BMW X2,6,E01032051,0,-1
2021451126668,2021,451126668,2,9,0,18,19,6,2,0,0,0,0,0,0,0,1,1,5,6,1,51,8,1995,2,3,BMW X2,10,E01016259,0,-1
2021010341148,2021,010341148,1,9,0,5,5,4,8,0,0,3,0,0,0,0,3,1,6,6,2,44,7,1995,2,1,BMW X2,5,E01022539,0,-1
202154A626921,2021,54A626921,2,9,0,4,4,1,5,0,0,1,0,0,0,0,2,1,6,6,1,87,11,1995,2,1,BMW X2,8,E01031993,0,-1
2021201085555,2021,201085555,2,9,0,4,4,8,4,0,0,1,0,0,0,0,2,1,6,6,2,32,6,1499,1,0,BMW X2,2,E01009955,0,-1
2021131106632,2021,131106632,4,9,0,18,19,3,7,0,0,0,0,0,0,0,3,1,5,6,1,30,6,1499,8,0,BMW X2,5,-1,0,-1
2021141055090,2021,141055090,3,9,0,2,2,6,6,0,0,0,0,0,0,0,2,1,6,6,3,-1,-1,1995,2,1,BMW X2,-1,-1,0,-1
2021041100424,2021,041100424,1,9,0,18,19,1,5,0,0,0,0,0,0,0,4,1,2,2,2,62,9,1995,2,3,BMW X2,-1,-1,0,-1
2021411099822,2021,411099822,2,9,0,18,19,6,8,0,0,0,0,0,0,0,2,1,1,1,2,67,10,1998,1,1,BMW X2,7,E01023736,0,-1
2021430498223,2021,430498223,2,9,0,12,12,5,1,0,0,0,0,0,0,0,2,1,6,6,1,-1,-1,1995,2,3,BMW X2,-1,-1,0,-1
2021548953121,2021,548953121,1,9,0,18,19,8,4,0,0,0,0,10,7,11,1,1,6,6,2,55,8,1998,1,1,BMW X2,4,E01031917,0,-1
2021451031842,2021,451031842,1,9,0,18,19,7,3,0,0,6,0,0,0,0,1,1,5,6,1,49,8,1995,2,3,BMW X2,8,E01030335,0,-1
2021010307418,2021,010307418,2,9,0,99,99,9,9,99,99,9,9,99,9,99,2,9,6,6,3,37,7,1998,1,2,BMW X2,2,E01001775,0,-1
2021451076961,2021,451076961,1,9,0,18,19,3,7,0,0,3,0,0,0,0,4,1,5,6,2,31,6,1998,1,2,BMW X2,6,E01030548,0,-1
2021010319030,2021,010319030,1,9,0,5,5,7,3,0,0,0,0,0,0,0,1,1,6,6,2,57,9,1995,2,1,BMW X2,6,E01000566,0,-1
2021122100422,2021,122100422,1,9,0,18,19,5,1,0,0,1,0,0,0,0,1,1,6,6,1,65,9,1995,2,1,BMW X2,9,E01013265,0,-1
2021421036612,2021,421036612,2,9,0,3,3,6,2,0,0,0,0,0,0,0,2,1,5,6,2,43,7,1998,1,2,BMW X2,10,E01021402,0,-1
2021991037816,2021,991037816,1,9,0,18,19,2,7,0,0,1,0,0,0,0,1,1,5,6,2,34,6,1499,8,0,BMW X2,5,-1,0,-1
2021041018122,2021,041018122,1,9,0,18,19,3,7,0,0,0,0,0,1,0,1,2,5,6,2,41,7,1995,2,3,BMW X2,9,E01025596,0,-1
2021302100735,2021,302100735,1,9,0,18,19,3,7,0,0,3,0,0,0,0,1,1,6,6,2,29,6,1998,1,0,BMW X2,2,E01013597,0,-1
2021430422423,2021,430422423,2,9,0,18,19,4,8,0,0,0,0,0,0,0,1,1,6,6,3,-1,-1,1499,8,0,BMW X2,-1,-1,0,-1
2021010342454,2021,010342454,3,9,0,5,5,3,7,0,0,3,0,0,0,0,2,1,3,7,2,48,8,1998,1,3,BMW X2,7,E01004683,0,-1
2021520201535,2021,520201535,2,9,0,18,19,1,5,0,0,8,0,0,0,0,1,1,6,6,1,57,9,1995,2,3,BMW X2,2,E01014977,0,-1
2021201139271,2021,201139271,1,9,0,11,11,6,2,0,0,4,0,0,0,0,4,1,6,6,1,-1,-1,1998,1,2,BMW X2,-1,-1,0,-1
2021991109479,2021,991109479,3,9,0,4,4,8,4,0,0,0,0,0,0,0,2,1,6,6,1,53,8,1998,1,2,BMW X2,10,-1,0,-1
2021010314119,2021,010314119,1,9,0,9,9,3,2,0,0,5,0,0,0,0,4,1,6,6,2,42,7,1995,2,0,BMW X2,1,E01002673,0,-1
2021622100580,2021,622100580,2,9,0,7,7,8,2,0,0,3,0,0,0,0,2,1,6,6,2,67,10,1995,2,3,BMW X2,9,W01001119,0,-1
2021211150491,2021,211150491,1,9,0,18,19,4,8,0,0,8,0,0,7,10,1,1,6,6,1,41,7,1995,2,3,BMW X2,5,E01029607,0,-1
2021010325572,2021,010325572,1,9,0,99,99,9,9,99,99,9,9,99,9,99,2,9,6,6,2,26,6,1998,1,0,BMW X2,3,E01001548,0,-1
2021010329125,2021,010329125,2,9,0,99,99,9,9,99,99,9,9,99,9,99,9,9,6,6,3,-1,-1,1998,1,3,BMW X2,-1,-1,0,-1
2021111046299,2021,111046299,3,9,0,10,10,0,0,0,0,0,0,0,0,0,2,1,5,6,1,57,9,1499,1,2,BMW X2,4,E01033197,0,-1
2021991059191,2021,991059191,1,9,0,18,19,1,5,0,0,1,0,0,0,0,3,1,2,2,1,45,7,1995,2,0,BMW X2,5,-1,0,-1
202134WNC5371,2021,34WNC5371,3,9,0,3,3,1,5,0,0,0,0,0,0,0,2,1,6,6,1,63,9,1995,2,2,BMW X2,9,E01025778,0,-1
2021010320835,2021,010320835,2,9,9,99,99,9,9,99,99,9,9,99,9,99,9,9,6,6,3,47,8,1998,1,2,BMW X2,2,E01002049,0,-1
2021170S30321,2021,170S30321,1,9,0,18,19,4,8,0,0,1,0,0,0,0,4,1,6,6,2,30,6,1499,1,2,BMW X2,9,E01012231,0,-1
2021070550493,2021,070550493,3,9,0,10,10,1,5,0,0,1,0,0,0,0,0,1,6,6,2,-1,-1,1998,1,3,BMW X2,9,E01012488,0,-1
2021031018959,2021,031018959,2,9,0,18,19,7,3,0,0,1,0,0,0,0,1,1,5,6,1,71,10,1998,1,1,BMW X2,9,E01019369,0,-1
202131A028621,2021,31A028621,1,9,0,3,3,2,6,0,0,1,0,0,0,0,2,1,6,6,1,54,8,1998,1,2,BMW X2,2,E01028274,0,-1
2021131065395,2021,131065395,2,9,0,4,4,7,3,0,0,0,0,0,0,0,2,1,2,2,2,42,7,1998,1,2,BMW X2,-1,-1,0,-1
2021070866195,2021,070866195,2,9,0,5,5,6,2,0,0,0,0,0,0,0,2,1,6,6,1,65,9,1995,2,1,BMW X2,6,E01018713,0,-1
2021351120411,2021,351120411,1,9,0,9,9,3,7,0,0,8,0,0,0,0,1,1,5,6,2,70,10,1998,1,3,BMW X2,7,E01018002,0,-1
2021430511884,2021,430511884,1,9,0,18,19,7,3,0,0,8,0,0,0,0,4,1,6,6,1,35,6,1995,2,3,BMW X2,7,E01016493,0,-1
2021010335757,2021,010335757,2,9,0,99,99,9,9,99,99,9,9,99,9,99,9,9,6,6,2,33,6,1995,2,0,BMW X2,4,E01003803,0,-1
2021471059945,2021,471059945,3,9,0,18,19,3,7,0,0,0,0,0,1,0,1,1,2,2,2,31,6,1998,1,2,BMW X2,9,E01031683,0,-1
2021501062597,2021,501062597,1,9,0,5,5,5,1,0,0,0,0,0,0,0,1,1,1,1,1,64,9,1995,2,2,BMW X2,2,E01015181,0,-1
2021010326999,2021,010326999,1,9,0,4,4,5,1,0,0,1,0,0,0,0,1,1,6,6,1,51,8,1998,1,2,BMW X2,1,E01004541,0,-1
2021131119874,2021,131119874,2,9,0,18,19,5,1,0,0,0,0,0,0,0,2,1,5,6,1,60,9,1995,2,3,BMW X2,7,E01033177,0,-1
2021440473392,2021,440473392,2,9,0,7,7,4,6,0,0,5,0,0,0,0,1,1,6,6,2,53,8,1998,1,3,BMW X2,8,E01022758,0,-1
2021471055604,2021,471055604,1,9,0,18,19,2,6,0,0,0,0,0,0,0,1,1,6,6,1,-1,-1,1995,2,1,BMW X2,7,E01021098,0,-1
2021052100562,2021,052100562,1,9,0,18,19,5,1,0,0,0,0,0,0,0,1,1,6,6,2,39,7,1998,1,3,BMW X2,5,E01032905,0,-1
2021010337647,2021,010337647,1,9,0,7,7,1,4,0,0,2,0,4,0,0,1,1,6,6,1,48,8,1998,1,1,BMW X2,5,E01002488,0,-1
2021552100789,2021,552100789,1,9,0,18,19,7,3,0,0,0,0,0,0,0,1,1,6,6,1,47,8,1499,1,2,BMW X2,5,E01002221,0,-1
2021131104253,2021,131104253,1,9,0,18,19,1,5,0,0,0,1,0,0,0,1,1,5,6,1,39,7,1998,1,2,BMW X2,1,E01011084,0,-1
2021141075227,2021,141075227,1,9,0,3,3,3,7,0,0,0,0,0,0,0,2,1,6,6,1,55,8,1108,1,12,FIAT PANDA,1,E01007320,0,-1
2021201142044,2021,201142044,2,9,0,2,2,0,0,9,9,2,0,0,0,0,4,1,6,6,3,-1,-1,1242,1,14,FIAT PANDA,-1,-1,0,-1
2021991116498,2021,991116498,1,9,0,18,19,3,7,0,0,2,0,0,0,0,4,1,2,2,1,61,9,1242,1,9,FIAT PANDA,3,-1,0,-1
2021411118667,2021,411118667,2,9,0,18,19,4,8,0,0,0,0,0,0,0,3,1,5,6,2,25,5,1108,1,15,FIAT PANDA,5,E01023930,0,-1
2021471094360,2021,471094360,1,9,0,18,19,5,1,0,0,0,0,0,0,0,4,1,5,6,2,24,5,1108,1,12,FIAT PANDA,6,E01031390,0,-1
2021401102893,2021,401102893,1,9,0,9,9,5,3,0,0,8,0,0,0,0,4,1,5,6,1,48,8,1242,1,17,FIAT PANDA,10,E01023735,0,-1
2021461065723,2021,461065723,3,9,0,2,2,0,0,0,0,0,0,0,0,0,3,1,6,6,1,61,9,1242,1,12,FIAT PANDA,7,E01024251,0,-1
202131B139321,2021,31B139321,2,9,0,18,19,5,1,0,0,8,0,0,0,0,1,1,6,6,1,58,9,1108,1,15,FIAT PANDA,6,E01028048,0,-1
2021010314795,2021,010314795,1,9,9,99,99,9,9,99,99,9,9,99,0,0,9,9,6,6,2,53,8,1242,1,8,FIAT PANDA,2,E01000221,0,-1
2021451094031,2021,451094031,2,9,0,18,19,5,1,0,0,0,0,0,0,0,2,1,5,6,2,52,8,1242,1,4,FIAT PANDA,6,-1,0,-1
2021471034774,2021,471034774,2,9,0,7,7,2,7,0,0,6,0,0,0,0,1,1,6,6,1,33,6,1242,1,13,FIAT PANDA,5,E01031378,0,-1
2021211121806,2021,211121806,1,9,0,9,9,8,5,0,0,5,0,0,0,0,1,1,6,6,1,18,4,1108,1,11,FIAT PANDA,2,E01029716,0,-1
2021302100796,2021,302100796,2,9,0,18,19,2,6,0,0,4,0,0,0,0,1,1,6,6,1,48,8,1108,1,15,FIAT PANDA,7,E01019460,0,-1
2021170H10021,2021,170H10021,1,9,0,7,7,6,1,0,0,8,0,0,0,0,1,1,6,6,1,56,9,875,1,2,FIAT PANDA,-1,-1,0,-1
2021161016484,2021,161016484,1,9,0,18,19,2,6,0,0,0,2,0,1,0,1,1,5,6,1,19,4,1108,1,16,FIAT PANDA,4,E01013197,0,-1
2021041016086,2021,041016086,1,9,0,18,19,3,7,0,0,1,1,0,0,0,1,1,6,6,1,74,10,1242,1,10,FIAT PANDA,5,E01025009,0,-1
2021501055988,2021,501055988,1,9,0,14,14,3,7,0,0,1,0,0,0,0,0,1,5,6,2,66,10,1242,1,8,FIAT PANDA,4,E01018820,0,-1
2021361146897,2021,361146897,1,9,0,17,19,5,1,0,0,0,5,0,0,0,4,1,5,6,1,18,4,1108,1,16,FIAT PANDA,4,E01026743,0,-1
2021141027688,2021,141027688,2,9,0,4,4,6,2,0,0,1,0,0,0,0,1,1,6,6,1,38,7,1108,1,12,FIAT PANDA,1,E01007716,0,-1
2021221046520,2021,221046520,1,9,0,14,14,6,2,0,0,8,0,0,0,0,1,1,5,6,2,78,11,1242,1,10,FIAT PANDA,4,E01009175,0,-1
2021201073595,2021,201073595,1,9,0,18,19,6,2,0,0,0,0,10,1,11,1,1,6,6,2,19,4,1108,1,11,FIAT PANDA,9,E01031998,0,-1
2021351043603,2021,351043603,1,9,0,7,7,4,8,0,0,0,0,0,0,0,4,1,6,6,2,-1,-1,1368,1,14,FIAT PANDA,8,E01026350,0,-1
2021351056804,2021,351056804,1,9,0,18,19,4,8,0,0,0,0,0,0,0,1,1,1,1,1,48,8,1108,1,16,FIAT PANDA,3,E01015677,0,-1
2021010335494,2021,010335494,2,9,0,18,19,5,1,0,0,4,0,0,0,0,1,1,6,6,1,65,9,1248,2,14,FIAT PANDA,4,E01002231,0,-1
2021010308460,2021,010308460,3,9,0,2,2,0,0,0,0,8,0,0,0,0,2,1,6,6,3,-1,-1,1242,1,6,FIAT PANDA,-1,-1,0,-1
2021010346984,2021,010346984,4,9,0,2,2,0,0,0,0,1,0,0,0,0,0,1,6,6,3,-1,-1,1242,1,13,FIAT PANDA,-1,-1,0,-1
2021010350437,2021,010350437,2,9,0,7,7,1,4,0,0,6,0,0,0,0,2,1,3,7,2,41,7,1242,1,8,FIAT PANDA,-1,-1,0,-1
2021031073587,2021,031073587,1,9,0,9,9,1,1,0,0,0,0,0,0,0,3,1,5,6,2,81,11,1242,1,10,FIAT PANDA,8,E01019397,0,-1
202131D179821,2021,31D179821,2,9,0,18,19,3,7,0,0,8,0,0,0,0,3,1,6,6,2,24,5,1242,1,6,FIAT PANDA,10,E01028391,0,-1
2021320752618,2021,320752618,1,9,0,18,19,2,6,0,0,3,5,0,0,0,1,1,6,6,1,22,5,1242,1,11,FIAT PANDA,9,E01019478,0,-1
2021471080888,2021,471080888,1,9,0,18,19,3,7,0,0,1,0,0,0,0,1,1,5,6,1,44,7,1242,1,17,FIAT PANDA,1,E01020972,0,-1
2021991120018,2021,991120018,1,9,0,18,19,1,1,0,0,0,0,0,0,0,1,1,5,6,2,76,11,1108,1,11,FIAT PANDA,4,-1,0,-1
2021351114126,2021,351114126,1,9,0,18,19,3,7,0,0,0,2,0,1,6,3,1,5,6,1,35,6,1242,1,15,FIAT PANDA,1,E01009607,0,-1
2021622100160,2021,622100160,2,9,0,4,4,4,2,0,0,0,0,0,0,0,3,1,6,6,1,33,6,1108,1,14,FIAT PANDA,4,W01000980,0,-1
2021231020353,2021,231020353,2,9,0,18,19,5,1,0,0,8,5,0,0,0,4,1,5,6,1,70,10,1108,1,12,FIAT PANDA,4,E01031045,0,-1
2021461031557,2021,461031557,1,9,0,5,5,3,7,0,0,0,0,0,0,0,3,1,6,6,1,64,9,1242,1,16,FIAT PANDA,7,E01024636,0,-1
2021221051674,2021,221051674,1,9,0,14,14,2,6,0,0,0,0,0,0,0,1,1,1,1,1,59,9,1248,2,11,FIAT PANDA,1,E01014118,0,-1
202131A107921,2021,31A107921,2,9,0,9,9,2,8,0,0,5,0,0,0,0,1,1,6,6,2,70,10,1242,1,8,FIAT PANDA,4,E01027933,0,-1
2021461108131,2021,461108131,3,9,0,3,3,3,7,0,0,1,0,0,0,0,2,1,2,2,2,37,7,1242,1,10,FIAT PANDA,5,E01024786,0,-1
2021471069705,2021,471069705,3,9,0,2,2,0,0,6,6,0,0,0,0,0,3,1,6,6,3,-1,-1,1242,1,16,FIAT PANDA,-1,-1,0,-1
2021541473421,2021,541473421,2,9,0,18,19,4,8,0,0,0,0,0,1,0,2,1,6,6,1,40,7,1242,1,14,FIAT PANDA,10,E01014477,0,-1
2021461119110,2021,461119110,1,9,0,12,12,7,3,0,0,0,0,0,0,0,1,1,6,6,2,64,9,1242,1,14,FIAT PANDA,4,E01024702,0,-1
2021010342238,2021,010342238,2,9,0,5,5,1,5,0,0,6,0,0,0,0,1,1,6,6,3,25,5,1248,2,13,FIAT PANDA,5,E01002533,0,-1
2021031098205,2021,031098205,2,9,0,18,19,7,2,0,0,8,0,0,0,0,1,1,6,6,2,44,7,1242,1,17,FIAT PANDA,7,E01019357,0,-1
2021031131004,2021,031131004,1,9,0,18,19,4,7,0,0,1,0,0,0,0,1,1,5,6,1,33,6,1242,1,12,FIAT PANDA,1,E01019097,0,-1
202163C079521,2021,63C079521,1,9,0,18,19,4,8,0,0,8,0,0,0,0,1,1,1,1,2,59,9,1242,1,9,FIAT PANDA,5,W01000593,0,-1
2021421034342,2021,421034342,1,9,0,9,9,2,6,0,0,0,0,0,0,0,1,1,6,6,2,21,5,875,1,9,FIAT PANDA,-1,-1,0,-1
2021451024012,2021,451024012,2,9,0,7,7,7,1,0,0,8,0,0,0,0,1,1,5,6,1,85,11,1242,1,15,FIAT PANDA,4,E01030645,0,-1
2021501133728,2021,501133728,1,9,0,18,19,1,5,0,0,0,0,0,0,0,1,1,2,2,1,24,5,1242,1,14,FIAT PANDA,4,E01020334,0,-1
2021440123154,2021,440123154,1,9,0,9,9,5,7,0,0,8,0,0,0,0,1,1,6,6,1,32,6,1242,1,17,FIAT PANDA,4,E01017081,0,-1
2021211097761,2021,211097761,1,9,0,9,9,5,6,0,0,8,0,0,0,0,1,1,6,6,1,59,9,1242,1,6,FIAT PANDA,4,E01033617,0,-1
2021411068419,2021,411068419,1,9,0,9,9,6,3,0,0,1,0,0,0,0,4,1,5,6,2,21,5,1242,1,17,FIAT PANDA,7,E01031349,0,-1
2021161048952,2021,161048952,2,9,0,16,19,2,5,0,0,0,0,0,1,0,1,1,3,7,2,30,6,1108,1,11,FIAT PANDA,5,E01012768,0,-1
2021101101941,2021,101101941,1,9,0,4,4,1,4,0,0,4,0,0,0,0,1,1,5,6,2,75,10,1242,1,2,FIAT PANDA,3,E01008488,0,-1
2021501120346,2021,501120346,2,9,0,3,3,5,1,0,0,1,0,0,0,0,2,1,6,6,2,36,7,1242,1,11,FIAT PANDA,8,E01018855,0,-1
2021010349966,2021,010349966,1,9,0,18,19,3,7,0,0,1,0,0,0,0,1,1,1,1,1,24,5,1242,1,16,FIAT PANDA,5,E01003341,0,-1
2021302100023,2021,302100023,1,9,0,18,19,2,6,0,0,2,0,0,0,0,1,1,6,6,1,23,5,1108,1,15,FIAT PANDA,6,E01019408,0,-1
2021531019565,2021,531019565,2,9,0,4,4,-1,-1,0,0,1,0,0,3,0,2,1,2,2,2,57,9,1248,2,8,FIAT PANDA,5,E01022228,0,-1
2021131038926,2021,131038926,2,9,0,18,19,7,3,9,9,0,0,0,1,0,1,1,2,2,1,20,4,1108,1,15,FIAT PANDA,1,E01010874,0,-1
2021461100556,2021,461100556,2,9,0,18,19,7,3,0,0,1,0,0,0,0,4,1,6,6,2,24,5,1108,1,12,FIAT PANDA,10,E01024778,0,-1
2021141068271,2021,141068271,1,9,0,18,19,4,8,0,0,2,0,0,0,0,1,1,6,6,2,17,4,1248,2,8,FIAT PANDA,3,E01032550,0,-1
2021302100317,2021,302100317,1,9,0,18,19,2,6,0,0,0,0,0,0,0,2,1,6,6,2,52,8,1248,2,7,FIAT PANDA,7,E01019424,0,-1
2021101026314,2021,101026314,2,9,0,5,5,2,6,0,0,2,1,0,0,0,1,1,1,1,2,34,6,1108,1,14,FIAT PANDA,2,E01027427,0,-1
2021211101488,2021,211101488,2,9,0,4,4,7,3,0,0,1,0,0,0,0,2,1,6,6,2,41,7,1108,1,11,FIAT PANDA,1,E01014287,0,-1
2021101026824,2021,101026824,1,9,0,18,19,4,6,0,0,4,0,0,0,0,3,1,5,6,1,63,9,1242,1,3,FIAT PANDA,2,E01033716,0,-1
2021131053206,2021,131053206,1,9,0,18,19,8,8,0,0,2,5,4,0,0,1,1,6,6,1,81,11,875,1,7,FIAT PANDA,8,E01011066,0,-1
2021052102101,2021,052102101,1,9,0,18,19,7,3,0,0,1,0,0,0,0,1,1,6,6,1,33,6,1242,1,14,FIAT PANDA,3,E01004854,0,-1
2021531093912,2021,531093912,3,9,0,18,19,5,1,0,0,0,0,0,0,0,2,1,2,2,1,25,5,1242,1,7,FIAT PANDA,9,E01014430,0,-1
2021371142663,2021,371142663,1,9,0,18,19,7,3,0,0,0,0,0,0,0,1,1,5,6,1,29,6,1108,1,16,FIAT PANDA,1,E01030247,0,-1
2021170L10351,2021,170L10351,1,9,0,17,19,2,8,0,0,0,5,0,1,9,1,1,6,6,2,60,9,875,1,2,FIAT PANDA,5,E01027870,0,-1
2021131098783,2021,131098783,1,9,0,18,19,7,3,0,0,8,0,0,0,0,1,1,5,6,1,47,8,1242,1,7,FIAT PANDA,1,E01011348,0,-1
2021161121832,2021,161121832,1,9,0,9,9,1,7,0,0,5,0,0,0,0,1,1,5,6,1,25,5,999,1,0,FIAT PANDA,5,E01012916,0,-1
202131D084621,2021,31D084621,2,9,0,18,19,6,2,0,0,2,0,0,0,0,1,1,2,2,2,35,6,1108,1,15,FIAT PANDA,5,E01028092,0,-1
2021201082454,2021,201082454,2,9,0,18,19,4,8,0,0,8,0,0,0,0,0,1,6,6,2,23,5,1242,1,9,FIAT PANDA,1,E01033645,0,-1
2021440342870,2021,440342870,2,9,0,18,19,5,1,0,0,1,0,0,0,0,1,1,6,6,1,-1,-1,1242,1,10,FIAT PANDA,-1,-1,0,-1
2021302100516,2021,302100516,2,9,0,4,4,8,4,0,0,0,0,0,0,0,2,1,6,6,1,72,10,1108,1,13,FIAT PANDA,3,E01019468,0,-1
2021461061047,2021,461061047,1,9,0,17,19,4,8,0,0,0,5,10,7,2,1,1,6,6,1,20,4,1108,1,15,FIAT PANDA,6,E01023986,0,-1
2021010347229,2021,010347229,1,9,0,4,4,1,5,0,0,0,0,0,0,0,1,1,2,2,2,62,9,1108,1,16,FIAT PANDA,3,E01004344,0,-1
2021122100801,2021,122100801,2,9,0,18,19,4,8,0,0,0,0,0,0,0,1,1,2,2,1,25,5,1248,2,8,FIAT PANDA,3,E01029448,0,-1