collision_index,collision_year,collision_ref_no,vehicle_reference,vehicle_type,towing_and_articulation,vehicle_manoeuvre_historic,vehicle_manoeuvre,vehicle_direction_from,vehicle_direction_to,vehicle_location_restricted_lane_historic,vehicle_location_restricted_lane,junction_location,skidding_and_overturning,hit_object_in_carriageway,vehicle_leaving_carriageway,hit_object_off_carriageway,first_point_of_impact,vehicle_left_hand_drive,journey_purpose_of_driver_historic,journey_purpose_of_driver,sex_of_driver,age_of_driver,age_band_of_driver,engine_capacity_cc,propulsion_code,age_of_vehicle,generic_make_model,driver_imd_decile,lsoa_of_driver,escooter_flag,driver_distance_banding
2021461108592,2021,461108592,2,9,0,18,19,1,3,0,0,4,0,0,0,0,2,1,5,6,2,58,9,1242,1,10,FIAT PANDA,1,E01024676,0,-1
2021501049986,2021,501049986,1,9,0,16,19,4,7,0,0,0,2,0,1,11,1,1,1,1,2,52,8,1108,1,13,FIAT PANDA,4,E01020302,0,-1
2021610053721,2021,610053721,1,9,0,18,19,5,1,0,0,0,0,0,0,0,1,1,6,6,2,28,6,1108,1,12,FIAT PANDA,9,W01001349,0,-1
2021991013984,2021,991013984,3,9,0,17,19,2,6,0,0,1,0,0,1,0,3,1,5,6,1,38,7,1242,1,9,FIAT PANDA,7,-1,0,-1
2021041038973,2021,041038973,2,9,0,18,19,3,7,0,0,8,5,0,0,0,3,1,5,6,1,30,6,1108,1,11,FIAT PANDA,8,E01025542,0,-1
2021421016299,2021,421016299,2,9,0,18,19,3,7,0,0,0,0,0,0,0,1,1,5,6,2,63,9,1242,1,15,FIAT PANDA,8,E01015892,0,-1
2021010309648,2021,010309648,2,9,0,99,99,9,9,99,99,9,9,99,9,99,9,9,6,6,3,-1,-1,1108,1,11,FIAT PANDA,3,E01002909,0,-1
2021161080494,2021,161080494,3,9,0,18,19,5,1,0,0,0,0,0,0,0,1,1,5,6,1,18,4,1242,1,12,FIAT PANDA,1,E01012892,0,-1
2021461059680,2021,461059680,1,9,0,9,9,7,1,9,9,5,0,4,0,0,4,1,5,6,1,86,11,875,1,9,FIAT PANDA,6,E01024568,0,-1
2021221040469,2021,221040469,2,9,0,2,2,0,0,0,0,1,0,0,0,0,1,1,5,6,1,48,8,1248,2,14,FIAT PANDA,1,E01014165,0,-1
2021501075735,2021,501075735,1,9,0,10,10,6,2,0,0,1,0,0,0,0,2,1,5,6,2,53,8,1108,1,12,FIAT PANDA,1,E01015260,0,-1
2021471081406,2021,471081406,1,9,0,18,19,2,6,0,0,0,0,0,0,0,1,1,6,6,1,29,6,1108,1,16,FIAT PANDA,9,E01031714,0,-1
2021010312746,2021,010312746,1,9,0,3,3,5,1,0,0,8,0,0,0,0,0,1,2,2,1,41,7,1368,1,13,FIAT PANDA,3,E01016459,0,-1
2021440051833,2021,440051833,1,9,0,18,19,5,8,0,0,0,1,0,7,10,1,1,2,2,2,58,9,1242,1,10,FIAT PANDA,4,E01023037,0,-1
2021031033247,2021,031033247,2,9,0,18,19,5,1,0,0,1,0,0,0,0,1,1,5,6,2,41,7,1108,1,14,FIAT PANDA,2,E01019210,0,-1
2021548745421,2021,548745421,2,9,0,4,4,3,7,0,0,0,0,0,0,0,2,1,6,6,2,59,9,1242,1,7,FIAT PANDA,4,E01029241,0,-1
2021501113656,2021,501113656,1,9,0,9,9,1,5,0,0,6,0,0,0,0,1,1,6,6,2,17,4,1242,1,12,FIAT PANDA,7,E01032628,0,-1
2021320079680,2021,320079680,1,9,0,18,19,2,6,0,0,0,1,0,7,9,0,1,2,2,2,59,9,1242,1,10,FIAT PANDA,3,E01026113,0,-1
2021211117946,2021,211117946,2,9,0,4,4,5,1,0,0,0,0,0,0,0,1,1,6,6,1,19,4,1242,1,14,FIAT PANDA,1,E01007275,0,-1
2021010341713,2021,010341713,2,9,0,7,7,7,1,0,0,2,0,0,0,0,1,1,2,2,2,43,7,1242,1,15,FIAT PANDA,6,E01001408,0,-1
2021501017225,2021,501017225,2,9,0,2,2,0,0,0,0,0,0,0,0,0,2,1,6,6,1,-1,-1,1242,1,5,FIAT PANDA,3,E01015084,0,-1
2021010337589,2021,010337589,1,9,0,7,7,6,1,0,0,1,0,0,0,0,4,1,3,7,1,69,10,1242,1,17,FIAT PANDA,-1,-1,0,-1
2021461042002,2021,461042002,1,9,0,18,19,3,7,0,0,8,0,0,0,0,1,1,6,6,1,-1,-1,1242,1,8,FIAT PANDA,-1,-1,0,-1
2021371107612,2021,371107612,1,9,0,7,7,1,4,0,0,8,0,0,0,0,3,1,5,6,2,53,8,1242,1,6,FIAT PANDA,5,E01030222,0,-1
2021421081027,2021,421081027,2,9,0,3,3,5,1,0,0,1,0,0,0,0,2,1,5,6,1,18,4,1108,1,11,FIAT PANDA,10,E01021248,0,-1
2021141063304,2021,141063304,2,9,0,2,2,0,0,0,0,0,0,0,0,0,-1,1,5,6,1,78,11,1108,1,14,FIAT PANDA,9,E01007956,0,-1
2021131120121,2021,131120121,2,9,0,18,19,1,5,0,0,1,0,0,0,0,1,1,5,6,2,69,10,1242,1,5,FIAT PANDA,6,E01010948,0,-1
2021221130902,2021,221130902,2,9,0,17,19,2,7,0,0,1,0,0,0,0,1,1,5,6,2,56,9,1242,1,6,FIAT PANDA,6,E01032222,0,-1
2021141022013,2021,141022013,2,9,0,5,5,1,5,0,0,0,0,0,0,0,1,1,2,2,2,53,8,1242,1,15,FIAT PANDA,2,E01007871,0,-1
2021991068712,2021,991068712,2,9,0,2,2,0,0,0,0,0,0,0,0,0,1,1,6,6,3,-1,-1,1242,1,9,FIAT PANDA,-1,-1,0,-1
2021131111770,2021,131111770,1,9,0,16,19,8,4,0,0,0,1,0,7,3,1,1,5,6,2,19,4,1242,1,12,FIAT PANDA,7,E01011159,0,-1
2021320452077,2021,320452077,1,9,0,18,19,2,6,0,0,1,0,0,1,11,4,1,6,6,1,44,7,1108,1,11,FIAT PANDA,5,E01026018,0,-1
2021131098774,2021,131098774,1,9,0,7,7,7,3,4,4,6,0,0,0,0,4,1,5,6,1,30,6,1242,1,8,FIAT PANDA,8,E01011694,0,-1
2021010313932,2021,010313932,2,9,0,99,99,9,9,99,99,9,9,99,9,99,9,9,6,6,3,-1,-1,1242,1,5,FIAT PANDA,-1,-1,0,-1
202134WNC4541,2021,34WNC4541,1,9,0,18,19,7,3,0,0,0,0,0,0,0,4,1,6,6,1,85,11,1108,1,12,FIAT PANDA,5,E01027145,0,-1
2021440114944,2021,440114944,2,9,0,18,19,5,1,0,0,0,0,0,0,0,3,1,6,6,3,-1,-1,875,1,2,FIAT PANDA,-1,-1,0,-1
2021221034150,2021,221034150,1,9,0,9,9,4,1,0,0,5,0,0,1,0,1,1,5,6,2,86,11,875,1,2,FIAT PANDA,4,E01014009,0,-1
2021451092696,2021,451092696,2,9,0,7,7,1,4,0,0,0,0,0,0,0,4,1,6,6,1,40,7,1242,1,10,FIAT PANDA,7,E01003407,0,-1
2021430439802,2021,430439802,1,9,0,9,9,1,8,0,0,4,0,0,0,0,3,1,6,6,1,19,4,1242,1,5,FIAT PANDA,10,E01017885,0,-1
2021430038648,2021,430038648,1,9,0,18,19,6,2,0,0,1,0,0,0,0,1,1,1,1,1,41,7,1242,1,16,FIAT PANDA,10,E01016299,0,-1
2021101050928,2021,101050928,1,9,0,18,19,5,1,0,0,8,0,0,0,0,1,1,5,6,2,42,7,1242,1,9,FIAT PANDA,1,E01027540,0,-1
2021141011447,2021,141011447,2,9,0,9,9,4,1,0,0,6,0,0,0,0,1,1,5,6,2,72,10,1242,1,8,FIAT PANDA,5,E01007978,0,-1
2021131095697,2021,131095697,2,9,0,5,5,1,1,0,0,1,0,0,0,0,1,1,6,6,1,36,7,1368,1,14,FIAT PANDA,1,E01013162,0,-1
2021010292359,2021,010292359,1,9,0,18,19,1,5,0,0,0,0,4,1,0,1,1,6,6,1,64,9,1108,1,12,FIAT PANDA,10,E01000115,0,-1
2021461092291,2021,461092291,1,9,0,9,9,3,7,0,0,6,0,0,0,0,1,1,5,6,2,32,6,1242,1,11,FIAT PANDA,6,E01024520,0,-1
2021041094205,2021,041094205,2,9,0,18,19,3,7,0,0,1,0,0,0,0,3,1,5,6,1,65,9,875,1,8,FIAT PANDA,2,E01025055,0,-1
2021052100304,2021,052100304,1,9,0,18,19,5,1,0,0,4,0,0,0,0,2,1,6,6,1,57,9,1108,1,12,FIAT PANDA,1,E01007003,0,-1
2021501119941,2021,501119941,1,9,0,18,19,5,1,0,0,0,0,0,7,2,1,1,5,6,1,22,5,1108,1,17,FIAT PANDA,6,E01019897,0,-1
2021010322482,2021,010322482,1,9,0,99,99,9,9,0,0,8,0,0,0,0,9,1,6,6,1,60,9,875,1,8,FIAT PANDA,7,E01003831,0,-1
2021522105302,2021,522105302,1,9,0,18,19,8,4,0,0,1,0,4,1,2,1,1,6,6,1,83,11,1108,1,11,FIAT PANDA,10,E01014380,0,-1
202134NNC5391,2021,34NNC5391,2,9,0,10,10,1,7,0,0,8,0,0,0,0,2,1,6,6,1,67,10,1248,2,16,FIAT PANDA,8,E01027098,0,-1
2021440163653,2021,440163653,2,9,0,4,4,7,3,0,0,0,0,0,0,0,2,1,2,2,2,57,9,1242,1,7,FIAT PANDA,6,E01031408,0,-1
2021201073161,2021,201073161,1,9,0,14,14,8,4,0,0,0,0,0,0,0,1,1,1,1,1,54,8,1108,1,14,FIAT PANDA,1,E01009539,0,-1
2021471053441,2021,471053441,1,9,0,9,9,7,5,0,0,1,0,0,0,0,1,1,5,6,1,40,7,1242,1,5,FIAT PANDA,7,E01031701,0,-1
2021991029770,2021,991029770,1,9,0,4,4,7,3,0,0,4,1,0,1,2,1,1,6,6,1,43,7,1108,1,17,FIAT PANDA,6,-1,0,-1
2021101071628,2021,101071628,1,9,0,18,19,1,5,0,0,1,2,0,0,0,1,1,5,6,1,35,6,1242,1,14,FIAT PANDA,-1,-1,0,-1
2021031030607,2021,031030607,1,9,0,16,19,2,6,0,0,0,0,0,7,4,1,1,5,6,1,18,4,1242,1,6,FIAT PANDA,4,E01019293,0,-1
2021041024739,2021,041024739,3,9,0,18,19,1,3,0,0,0,0,0,0,0,2,1,2,2,1,51,8,1242,1,17,FIAT PANDA,3,E01024959,0,-1
2021421057685,2021,421057685,1,9,0,18,19,1,5,0,0,0,0,0,0,0,1,1,5,6,1,33,6,1242,1,3,FIAT PANDA,5,E01004441,0,-1
2021061124672,2021,061124672,1,9,0,5,5,1,7,0,0,1,0,0,0,0,1,1,6,6,3,30,6,1242,1,4,FIAT PANDA,-1,-1,0,-1
2021451021322,2021,451021322,1,9,0,18,19,1,5,0,0,0,0,0,0,0,2,1,5,6,1,50,8,875,1,1,FIAT PANDA,8,E01030384,0,-1
2021991116813,2021,991116813,1,9,0,17,19,8,4,0,0,0,2,0,1,0,4,1,5,6,2,61,9,1242,1,9,FIAT PANDA,6,-1,0,-1
2021411044664,2021,411044664,1,9,0,4,4,6,1,0,0,0,0,0,0,0,1,1,6,6,1,20,4,1108,1,17,FIAT PANDA,3,E01021836,0,-1
2021401108336,2021,401108336,1,9,0,18,19,8,4,0,0,0,0,0,0,0,1,1,5,6,1,81,11,1242,1,16,FIAT PANDA,4,E01017520,0,-1
2021010352501,2021,010352501,1,9,0,10,10,5,3,0,0,1,0,0,0,0,2,1,6,6,1,51,8,1242,1,6,FIAT PANDA,3,W01001460,0,-1
2021361087434,2021,361087434,2,9,0,18,19,3,7,0,0,0,0,0,0,0,1,1,5,6,2,62,9,1108,1,12,FIAT PANDA,2,E01026828,0,-1
2021430309251,2021,430309251,2,9,0,18,19,5,1,0,0,4,0,0,0,0,1,1,6,6,1,31,6,1242,1,14,FIAT PANDA,-1,-1,0,-1
2021440511453,2021,440511453,1,9,0,9,9,5,1,0,0,8,0,0,1,0,1,1,6,6,1,69,10,1108,1,12,FIAT PANDA,6,E01033239,0,-1
2021201116671,2021,201116671,1,9,0,18,19,5,1,0,0,8,0,0,0,0,1,1,6,6,2,60,9,1108,1,11,FIAT PANDA,2,E01009960,0,-1
2021401068520,2021,401068520,1,9,0,7,7,7,3,0,0,1,1,0,1,3,1,1,5,6,1,23,5,1248,2,16,FIAT PANDA,9,E01017556,0,-1
2021010314308,2021,010314308,1,9,0,9,9,5,4,0,0,1,0,0,0,0,3,1,6,6,1,31,6,1242,1,5,FIAT PANDA,2,E01004231,0,-1
2021010327006,2021,010327006,2,9,0,5,5,7,3,0,0,8,0,0,0,0,1,1,6,6,2,69,10,1242,1,15,FIAT PANDA,2,E01001651,0,-1
2021161111334,2021,161111334,1,9,0,9,9,8,5,0,0,2,0,0,0,0,1,1,5,6,2,37,7,1242,1,7,FIAT PANDA,3,E01012817,0,-1
202163B009821,2021,63B009821,1,9,0,17,19,5,2,0,0,0,1,0,0,0,4,1,6,6,2,62,9,1108,1,12,FIAT PANDA,5,W01000537,0,-1
2021440224948,2021,440224948,4,9,0,18,19,2,6,0,0,1,0,0,0,0,1,1,6,6,2,23,5,1242,1,10,FIAT PANDA,9,E01016196,0,-1
2021451056244,2021,451056244,2,9,0,18,19,7,3,0,0,0,0,0,0,0,2,1,5,6,1,36,7,1108,1,13,FIAT PANDA,4,E01001041,0,-1
20211381C1627,2021,1381C1627,1,9,0,18,19,3,7,0,0,0,0,0,0,0,1,1,6,6,1,56,9,1242,1,16,FIAT PANDA,5,E01011031,0,-1
2021421028625,2021,421028625,2,9,0,18,19,4,8,0,0,4,0,0,0,0,2,1,5,6,1,61,9,1242,1,17,FIAT PANDA,1,E01016007,0,-1
2021991038235,2021,991038235,1,9,0,4,4,5,1,4,4,2,0,0,0,0,4,1,5,6,2,58,9,1242,1,6,FIAT PANDA,8,-1,0,-1
2021361075569,2021,361075569,2,9,0,18,19,3,7,0,0,8,0,0,0,0,4,1,5,6,2,70,10,1108,1,12,FIAT PANDA,7,E01026627,0,-1
2021361034705,2021,361034705,2,9,0,18,19,2,6,0,0,0,1,0,7,0,1,1,5,6,2,87,11,875,1,5,FIAT PANDA,6,E01026446,0,-1
2021231127162,2021,231127162,2,9,0,9,9,3,8,0,0,6,0,0,0,0,2,1,5,6,1,70,10,1242,1,2,FIAT PANDA,8,E01031069,0,-1
2021161117109,2021,161117109,1,9,0,5,5,5,1,0,0,0,0,0,0,0,2,1,6,6,2,75,10,1242,1,11,FIAT PANDA,6,E01013247,0,-1
2021471091171,2021,471091171,1,9,0,7,7,5,7,0,0,8,0,0,0,0,4,1,5,6,2,87,11,1242,1,15,FIAT PANDA,9,E01031416,0,-1
2021041084028,2021,041084028,3,9,0,2,2,0,0,0,0,0,0,0,0,0,4,1,6,6,3,-1,-1,1242,1,8,FIAT PANDA,-1,-1,0,-1
2021052101941,2021,052101941,1,9,0,18,19,1,5,0,0,0,5,0,0,0,1,1,6,6,1,78,11,1242,1,9,FIAT PANDA,5,E01006427,0,-1
2021211129857,2021,211129857,1,9,-1,14,14,6,2,-1,-1,0,-1,-1,-1,0,-1,1,5,6,1,70,10,1242,1,9,FIAT PANDA,7,E01029771,0,-1
2021061047827,2021,061047827,2,9,0,18,19,5,1,0,0,0,0,0,0,0,3,1,6,6,1,51,8,1242,1,4,FIAT PANDA,1,E01005585,0,-1
2021161019133,2021,161019133,1,9,0,18,19,5,1,0,0,8,0,0,0,0,3,2,6,6,2,59,9,1242,1,4,FIAT PANDA,7,E01013289,0,-1
2021440329367,2021,440329367,2,9,0,18,19,7,3,0,0,0,1,0,0,0,2,1,2,2,1,55,8,875,1,3,FIAT PANDA,9,E01022920,0,-1
2021371099903,2021,371099903,1,9,0,18,19,2,7,0,0,1,0,0,0,0,3,1,5,6,1,73,10,875,1,3,FIAT PANDA,4,E01002802,0,-1
2021221086678,2021,221086678,1,9,0,17,19,2,7,0,0,0,0,0,1,11,1,1,5,6,2,56,9,1108,1,11,FIAT PANDA,5,E01032454,0,-1
2021622100178,2021,622100178,1,9,0,9,9,4,2,0,0,8,0,0,0,0,1,1,6,6,2,46,8,1242,1,17,FIAT PANDA,6,W01001236,0,-1
2021061054836,2021,061054836,1,9,0,18,19,7,6,0,0,4,0,0,0,0,3,1,1,1,1,34,6,1242,1,15,FIAT PANDA,3,E01012658,0,-1
202131D057821,2021,31D057821,1,9,0,9,9,2,8,0,0,5,0,0,0,0,1,1,6,6,2,83,11,1108,1,11,FIAT PANDA,9,E01028196,0,-1
202163C013221,2021,63C013221,3,9,0,18,19,2,6,0,0,8,0,0,1,10,1,1,6,6,2,64,9,1242,1,6,FIAT PANDA,6,W01000613,0,-1
2021061112265,2021,061112265,2,9,0,18,19,3,7,0,0,1,0,0,0,0,1,1,2,2,2,20,4,1108,1,12,FIAT PANDA,5,E01006206,0,-1
2021141068298,2021,141068298,1,9,0,18,19,3,7,0,0,1,0,0,0,0,1,1,5,6,1,34,6,1242,1,16,FIAT PANDA,1,E01007878,0,-1
2021010338486,2021,010338486,3,9,0,5,5,7,3,0,0,0,0,4,0,0,1,1,6,6,1,71,10,1242,1,11,FIAT PANDA,5,E01001389,0,-1
2021991038955,2021,991038955,1,9,0,16,19,6,1,0,0,3,0,4,2,1,1,1,2,2,2,53,8,1108,1,17,FIAT PANDA,9,-1,0,-1
2021552100238,2021,552100238,1,9,0,2,2,0,0,0,0,0,0,0,0,0,3,1,6,6,2,59,9,1242,1,15,FIAT PANDA,6,E01020441,0,-1
2021522200908,2021,522200908,1,9,0,10,10,8,7,0,0,1,0,0,0,0,2,1,6,6,2,54,8,1242,1,12,FIAT PANDA,5,E01014753,0,-1
2021010289102,2021,010289102,1,9,0,9,9,7,4,0,0,8,0,0,0,0,1,1,6,6,2,44,7,1242,1,15,FIAT PANDA,1,E01002041,0,-1
2021211114380,2021,211114380,2,9,0,12,12,5,1,0,0,7,1,0,6,0,3,1,5,6,1,87,11,1242,1,2,FIAT PANDA,-1,-1,0,-1
2021991038278,2021,991038278,2,9,0,18,19,2,6,0,0,8,0,0,0,0,1,1,6,6,2,22,5,1108,1,12,FIAT PANDA,9,-1,0,-1
2021371026005,2021,371026005,2,9,0,18,19,1,5,0,0,8,0,0,0,0,1,1,5,6,1,58,9,1108,1,12,FIAT PANDA,3,E01033046,0,-1
2021421098315,2021,421098315,1,9,0,18,19,3,8,0,0,0,0,0,0,0,1,1,5,6,1,66,10,1242,1,4,FIAT PANDA,4,E01021648,0,-1
2021430233168,2021,430233168,2,9,0,9,9,3,8,0,0,1,1,0,0,0,2,1,6,6,1,44,7,1242,1,14,FIAT PANDA,10,E01017897,0,-1
2021421096358,2021,421096358,2,9,0,3,3,7,3,0,0,0,0,0,0,0,2,1,6,6,2,24,5,1242,1,8,FIAT PANDA,9,E01021527,0,-1
2021991090711,2021,991090711,1,9,0,9,9,3,1,0,0,1,0,0,0,0,3,1,6,6,1,59,9,1108,1,17,FIAT PANDA,-1,-1,0,-1
2021471070386,2021,471070386,1,9,0,18,19,5,1,0,0,0,1,4,0,0,1,1,5,6,1,87,11,1108,1,15,FIAT PANDA,4,E01031657,0,-1
2021201113707,2021,201113707,2,9,0,18,19,4,8,0,0,8,0,0,0,0,1,1,5,6,2,49,8,1242,1,7,FIAT PANDA,5,E01010026,0,-1
2021461108358,2021,461108358,2,9,0,18,19,7,3,0,0,1,0,0,0,0,3,1,5,6,2,75,10,1242,1,9,FIAT PANDA,7,E01024706,0,-1
2021461088727,2021,461088727,3,9,0,4,4,5,1,0,0,1,0,0,0,0,3,1,2,2,2,57,9,1242,1,6,FIAT PANDA,8,E01024527,0,-1
2021501104571,2021,501104571,1,9,0,18,19,3,7,0,0,0,0,0,0,0,1,1,5,6,1,21,5,1248,2,11,FIAT PANDA,9,E01020001,0,-1
2021131120448,2021,131120448,1,9,0,18,19,7,3,0,0,0,0,0,0,0,2,1,5,6,1,86,11,1242,1,3,FIAT PANDA,6,E01011308,0,-1
2021471089253,2021,471089253,1,9,0,18,19,1,5,0,0,0,0,0,1,1,1,1,5,6,2,77,11,1242,1,7,FIAT PANDA,9,E01031353,0,-1
2021122200034,2021,122200034,1,9,0,17,19,8,4,0,0,0,2,0,0,0,1,1,6,6,1,66,10,1368,1,13,FIAT PANDA,5,E01027843,0,-1
2021161117220,2021,161117220,1,9,0,18,19,8,4,0,0,1,0,0,0,0,1,2,5,6,1,20,4,1108,1,12,FIAT PANDA,1,E01013139,0,-1
2021101090862,2021,101090862,1,9,0,16,19,3,7,0,0,0,5,4,0,0,1,1,5,6,2,76,11,1242,1,14,FIAT PANDA,10,E01008272,0,-1
2021061049434,2021,061049434,1,9,0,13,13,3,7,1,1,0,0,0,0,0,1,1,5,6,2,74,10,1242,1,14,FIAT PANDA,1,E01005086,0,-1
2021141067231,2021,141067231,1,9,0,8,8,1,1,0,0,0,0,0,0,0,1,1,1,1,2,48,8,1248,2,8,FIAT PANDA,4,E01028366,0,-1
2021440493483,2021,440493483,1,9,0,18,19,3,1,0,0,8,0,0,0,0,4,1,6,6,2,30,6,875,1,6,FIAT PANDA,-1,-1,0,-1
2021010311086,2021,010311086,2,9,0,5,5,2,6,0,0,0,0,0,0,0,3,1,6,6,1,79,11,1242,1,3,FIAT PANDA,3,E01003177,0,-1
2021371119670,2021,371119670,2,9,0,3,3,6,-1,0,0,1,0,0,0,0,2,1,5,6,2,79,11,1108,1,12,FIAT PANDA,5,E01029992,0,-1
2021461073059,2021,461073059,2,9,0,18,19,1,5,0,0,0,0,0,0,0,2,1,6,6,2,40,7,1242,1,4,FIAT PANDA,2,E01024249,0,-1
2021471053709,2021,471053709,1,9,0,7,7,5,7,0,0,0,0,0,0,0,4,1,5,6,1,77,11,1242,1,7,FIAT PANDA,4,E01016882,0,-1
2021010291103,2021,010291103,1,9,0,99,99,9,9,99,99,9,9,99,9,99,2,9,6,6,2,38,7,1108,1,12,FIAT PANDA,5,E01003262,0,-1
2021471101317,2021,471101317,2,9,0,17,19,6,4,0,0,1,0,0,0,0,1,1,5,6,2,46,8,1248,2,15,FIAT PANDA,6,E01021033,0,-1
2021421099437,2021,421099437,1,9,0,18,19,7,3,0,0,0,0,4,0,0,1,1,6,6,1,41,7,1242,1,3,FIAT PANDA,5,E01021921,0,-1
2021010347773,2021,010347773,1,9,0,9,9,5,2,0,0,1,0,0,0,0,3,1,6,6,2,61,9,1242,1,14,FIAT PANDA,4,E01003900,0,-1
2021471125352,2021,471125352,3,9,0,3,3,4,8,0,0,0,0,0,0,0,1,1,1,1,2,26,6,1248,2,7,FIAT PANDA,10,E01031823,0,-1
2021070476968,2021,070476968,1,9,0,18,19,1,5,0,0,0,0,0,0,0,1,1,6,6,1,-1,-1,1108,1,11,FIAT PANDA,9,E01006091,0,-1
2021221078795,2021,221078795,2,9,0,9,9,7,5,0,0,5,0,0,0,0,1,1,5,6,2,62,9,875,1,5,FIAT PANDA,3,E01032236,0,-1
2021522201208,2021,522201208,2,9,0,3,3,3,7,0,0,0,0,0,0,0,2,1,6,6,1,37,7,1242,1,8,FIAT PANDA,7,E01029158,0,-1
2021522103850,2021,522103850,2,9,0,18,19,5,1,0,0,2,0,0,0,0,2,1,6,6,1,25,5,1108,1,11,FIAT PANDA,6,E01014558,0,-1
2021361128491,2021,361128491,1,9,0,7,7,3,5,0,0,6,0,0,0,0,1,1,5,6,1,88,11,1242,1,6,FIAT PANDA,6,E01026446,0,-1
2021010340413,2021,010340413,1,9,0,18,19,5,1,0,0,4,0,0,0,0,4,1,2,2,2,52,8,1242,1,8,FIAT PANDA,-1,-1,0,-1
2021010349182,2021,010349182,2,9,0,99,99,9,9,99,99,9,9,99,9,99,1,9,6,6,3,69,10,1242,1,15,FIAT PANDA,3,E01004678,0,-1
2021131045233,2021,131045233,1,9,0,18,19,1,5,0,0,6,0,0,1,11,1,1,6,6,1,71,10,1242,1,7,FIAT PANDA,1,E01011093,0,-1
2021211032100,2021,211032100,1,9,-1,-1,-1,6,2,-1,-1,0,-1,-1,-1,0,-1,1,6,6,1,87,11,1108,1,10,FIAT PANDA,7,E01029467,0,-1
2021401080601,2021,401080601,3,9,0,2,2,0,0,0,0,2,0,0,0,0,2,1,6,6,3,-1,-1,1108,1,12,FIAT PANDA,-1,-1,0,-1
2021161049861,2021,161049861,2,9,0,7,7,1,3,0,0,8,0,0,1,0,1,1,6,6,2,28,6,1108,1,13,FIAT PANDA,4,E01012760,0,-1
2021111064313,2021,111064313,1,9,0,4,4,8,4,0,0,0,0,0,1,0,1,1,6,6,1,86,11,1248,2,5,FIAT PANDA,4,E01020903,0,-1
2021101060011,2021,101060011,1,9,0,18,19,7,3,0,0,0,2,10,2,0,1,1,5,6,2,30,6,1248,2,14,FIAT PANDA,7,E01008179,0,-1
2021221039654,2021,221039654,2,5,0,13,13,2,6,0,0,3,0,0,0,0,4,1,5,6,2,45,7,1584,1,13,-1,4,E01014025,0,-1
2021440260894,2021,440260894,1,5,0,4,4,7,3,0,0,2,0,11,0,0,4,1,6,6,1,66,10,1450,1,16,-1,7,E01023255,0,-1
2021440386328,2021,440386328,1,5,0,18,19,1,5,0,0,3,0,10,0,0,1,1,6,6,1,65,9,1450,1,16,-1,9,E01022674,0,-1
2021440461458,2021,440461458,1,5,0,14,14,4,8,0,0,0,0,0,0,0,4,1,6,6,1,74,10,1450,1,20,-1,8,E01022754,0,-1
2021031061388,2021,031061388,1,5,0,18,19,5,1,0,0,1,0,0,0,0,0,1,6,6,1,73,10,1450,1,16,-1,7,E01025088,0,-1
2021131037340,2021,131037340,1,5,0,15,15,3,7,0,0,1,2,0,0,0,0,1,6,6,1,35,6,883,1,8,-1,8,E01011826,0,-1
2021501090139,2021,501090139,1,5,0,7,7,1,5,0,0,0,1,0,3,6,0,1,5,6,1,46,8,1130,1,15,-1,3,E01019985,0,-1
2021461034895,2021,461034895,2,5,0,5,5,3,7,0,0,3,0,0,0,0,2,1,6,6,1,48,8,1130,1,18,-1,2,E01000730,0,-1
2021351039050,2021,351039050,1,4,0,18,19,1,5,0,0,1,1,0,1,0,0,1,6,6,1,57,9,125,1,6,-1,8,E01022077,0,-1
202163D071021,2021,63D071021,1,9,0,13,13,7,4,0,0,8,1,0,0,0,3,1,2,2,1,33,6,1598,1,29,-1,9,W01000481,0,-1
2021401074997,2021,401074997,1,5,0,5,5,7,3,0,0,4,0,0,0,0,2,1,6,6,1,70,10,998,1,4,-1,9,E01032958,0,-1
2021170M10221,2021,170M10221,2,3,0,9,9,7,5,0,0,8,0,0,0,0,3,1,6,6,1,18,4,-1,-1,-1,-1,1,E01033469,0,-1
2021501063081,2021,501063081,1,2,0,18,19,7,3,0,0,0,0,4,0,0,1,1,2,2,1,16,4,49,1,1,-1,4,E01020284,0,-1
2021401033300,2021,401033300,2,2,0,14,14,8,4,0,0,1,0,0,0,0,1,1,5,6,1,16,4,49,1,1,-1,4,E01015810,0,-1
2021552101263,2021,552101263,1,2,0,17,19,3,7,0,0,8,1,0,0,0,3,1,4,7,1,16,4,49,1,1,-1,10,E01020366,0,-1
2021320400293,2021,320400293,2,2,0,18,19,7,3,0,0,8,0,0,0,0,3,1,6,6,1,16,4,49,1,2,-1,3,E01026055,0,-1
2021201070561,2021,201070561,2,97,0,18,19,5,1,0,0,8,0,0,0,0,0,1,6,6,1,16,4,49,1,1,-1,6,E01010358,0,-1
2021122101140,2021,122101140,1,2,0,18,19,3,7,0,0,0,0,0,2,11,4,1,2,2,1,17,4,49,1,2,-1,6,E01027557,0,-1
2021430416194,2021,430416194,1,3,0,9,9,7,5,0,0,8,1,0,0,0,1,1,6,6,1,16,4,-1,-1,-1,-1,10,E01016188,0,-1