collision_index,collision_year,collision_ref_no,vehicle_reference,vehicle_type,towing_and_articulation,vehicle_manoeuvre_historic,vehicle_manoeuvre,vehicle_direction_from,vehicle_direction_to,vehicle_location_restricted_lane_historic,vehicle_location_restricted_lane,junction_location,skidding_and_overturning,hit_object_in_carriageway,vehicle_leaving_carriageway,hit_object_off_carriageway,first_point_of_impact,vehicle_left_hand_drive,journey_purpose_of_driver_historic,journey_purpose_of_driver,sex_of_driver,age_of_driver,age_band_of_driver,engine_capacity_cc,propulsion_code,age_of_vehicle,generic_make_model,driver_imd_decile,lsoa_of_driver,escooter_flag,driver_distance_banding
2021010303518,2021,010303518,1,2,0,99,99,9,9,99,99,0,9,99,9,99,9,1,2,2,1,35,6,49,1,1,-1,3,E01003250,0,-1
202131C077721,2021,31C077721,1,3,0,18,19,6,2,0,0,0,0,0,0,0,3,1,1,1,1,29,6,124,1,3,LEXMOTO VIPER 125,1,E01013896,0,-1
2021440323267,2021,440323267,1,4,0,18,19,1,5,0,0,0,0,12,0,0,1,1,1,1,1,23,5,124,1,1,LEXMOTO VIPER 125,5,E01022576,0,-1
2021010301780,2021,010301780,1,3,0,18,19,7,3,0,0,0,1,0,0,0,1,1,6,6,1,18,4,124,1,1,LEXMOTO VIPER 125,3,E01029968,0,-1
2021461024548,2021,461024548,2,3,0,4,4,3,7,0,0,0,0,0,0,0,0,1,2,2,1,38,7,124,1,3,LEXMOTO VIPER 125,3,E01016146,0,-1
2021302100967,2021,302100967,2,3,0,13,13,4,8,0,0,0,0,0,0,0,4,1,6,6,1,28,6,124,1,3,LEXMOTO VIPER 125,1,E01019444,0,-1
2021131092914,2021,131092914,2,4,0,18,19,1,1,0,0,0,0,0,0,0,1,1,5,6,1,17,4,124,1,3,LEXMOTO VIPER 125,1,E01010938,0,-1
2021131121643,2021,131121643,1,2,0,9,9,3,1,0,0,8,0,0,3,0,1,1,5,6,1,18,4,124,1,2,LEXMOTO VIPER 125,2,E01011424,0,-1
2021520101764,2021,520101764,2,3,0,18,19,8,4,0,0,0,0,0,0,0,1,1,6,6,1,17,4,124,1,3,LEXMOTO VIPER 125,3,E01029333,0,-1
2021991032170,2021,991032170,2,3,0,18,19,8,5,0,0,0,0,0,0,0,3,1,5,6,1,21,5,124,1,3,LEXMOTO VIPER 125,2,-1,0,-1
2021161074143,2021,161074143,1,3,0,14,14,4,1,0,0,0,0,0,0,0,1,1,2,2,1,24,5,124,1,1,LEXMOTO VIPER 125,8,E01013098,0,-1
2021471025028,2021,471025028,2,3,0,18,19,4,8,0,0,8,0,0,0,0,1,1,1,1,1,22,5,124,1,2,LEXMOTO VIPER 125,9,E01031486,0,-1
2021010317952,2021,010317952,1,3,0,18,19,3,7,0,0,1,0,0,0,0,1,1,6,6,1,20,4,124,1,2,LEXMOTO VIPER 125,3,E01002079,0,-1
2021010299473,2021,010299473,1,3,0,16,19,7,3,0,0,0,0,0,0,0,1,1,2,2,1,47,8,124,1,2,LEXMOTO VIPER 125,7,E01003396,0,-1
2021320400216,2021,320400216,2,3,0,18,19,6,2,0,0,1,0,0,0,0,1,1,6,6,1,23,5,124,1,4,LEXMOTO VIPER 125,4,E01026016,0,-1
2021122101037,2021,122101037,1,3,0,9,9,8,5,0,0,0,1,0,1,4,1,1,6,6,1,17,4,124,1,3,LEXMOTO VIPER 125,9,E01013351,0,-1
2021010309870,2021,010309870,2,9,0,18,19,5,1,0,0,1,0,0,1,1,3,1,6,6,1,59,9,4691,1,8,-1,9,E01002339,0,-1
2021430326007,2021,430326007,1,9,0,18,19,4,8,0,0,0,0,0,0,0,3,1,6,6,1,55,8,4800,1,71,-1,10,E01016634,0,-1
2021461102897,2021,461102897,2,9,0,18,19,2,6,0,0,0,0,0,0,0,1,1,5,6,1,62,9,-1,-1,-1,-1,10,E01021192,0,-1
2021031033142,2021,031033142,1,9,0,18,19,5,1,0,0,1,0,0,0,0,0,1,6,6,1,55,8,-1,-1,-1,-1,6,E01019360,0,-1
2021461085620,2021,461085620,1,9,0,18,19,8,4,0,0,1,0,0,0,0,1,1,5,6,1,50,8,1598,1,11,-1,8,E01024057,0,-1
2021010342683,2021,010342683,2,9,0,99,99,9,9,99,99,5,9,99,9,99,9,9,6,6,1,77,11,1598,1,11,-1,3,E01001728,0,-1
2021440440318,2021,440440318,1,4,0,18,19,3,7,0,0,1,0,10,0,0,1,1,6,6,1,43,7,125,1,9,-1,2,E01017168,0,-1
2021991023452,2021,991023452,2,3,0,18,19,6,2,0,0,1,0,0,0,0,3,1,6,6,1,32,6,125,1,8,-1,2,-1,0,-1
2021522202065,2021,522202065,1,3,0,18,19,2,6,0,0,8,0,0,0,0,1,1,6,6,1,19,4,125,1,7,-1,4,E01014496,0,-1
2021461063012,2021,461063012,2,4,0,4,4,4,7,0,0,4,0,0,0,0,2,1,6,6,1,42,7,-1,-1,-1,-1,3,E01024092,0,-1
2021440434842,2021,440434842,2,9,0,2,2,0,0,0,0,0,0,0,0,0,3,1,6,6,3,-1,-1,1870,2,11,RENAULT GRAND SCENIC,-1,-1,0,-1
2021440309489,2021,440309489,1,9,0,18,19,5,7,0,0,6,0,0,0,0,1,1,6,6,2,20,4,1997,1,11,RENAULT GRAND SCENIC,6,E01017018,0,-1
2021461127532,2021,461127532,1,9,0,10,10,3,1,0,0,7,1,7,0,0,4,1,5,6,2,51,8,1461,2,14,RENAULT GRAND SCENIC,2,E01021322,0,-1
2021101093459,2021,101093459,2,9,0,18,19,2,6,0,0,8,0,0,1,11,3,1,5,6,2,47,8,1461,2,8,RENAULT GRAND SCENIC,1,E01008212,0,-1
2021201081077,2021,201081077,1,9,0,3,3,-1,-1,0,0,0,0,0,0,0,1,1,6,6,2,36,7,1598,1,14,RENAULT GRAND SCENIC,2,E01009158,0,-1
2021421081355,2021,421081355,1,9,0,18,19,7,2,0,0,0,0,0,0,0,1,1,3,7,2,39,7,1461,2,11,RENAULT GRAND SCENIC,9,E01015999,0,-1
2021451127345,2021,451127345,4,9,0,3,3,1,4,0,0,0,0,0,0,0,2,1,5,6,1,42,7,1461,2,11,RENAULT GRAND SCENIC,4,E01032645,0,-1
2021061145564,2021,061145564,2,9,-1,8,8,2,4,0,0,0,1,0,3,0,3,1,6,6,2,32,6,1598,1,13,RENAULT GRAND SCENIC,5,E01004890,0,-1
2021501049929,2021,501049929,1,9,0,18,19,7,3,0,0,0,0,0,7,1,1,1,2,2,1,33,6,1598,1,16,RENAULT GRAND SCENIC,4,E01015147,0,-1
2021010305592,2021,010305592,1,9,0,5,5,3,7,9,9,1,0,0,7,0,1,1,6,6,1,80,11,1997,1,11,RENAULT GRAND SCENIC,5,E01000158,0,-1
2021302101250,2021,302101250,2,9,0,18,19,8,4,0,0,0,0,0,0,0,3,1,6,6,2,26,6,1598,1,13,RENAULT GRAND SCENIC,4,E01013515,0,-1
2021010320172,2021,010320172,1,9,0,3,3,1,5,0,0,8,0,10,0,0,4,1,3,7,2,37,7,1995,2,11,RENAULT GRAND SCENIC,1,E01033605,0,-1
202134WNC6411,2021,34WNC6411,2,9,0,2,2,0,0,0,0,0,0,0,0,0,2,1,6,6,1,46,8,1330,1,3,RENAULT GRAND SCENIC,8,E01032975,0,-1
2021041029251,2021,041029251,2,9,0,18,19,5,1,0,0,8,0,0,1,0,1,1,5,6,1,36,7,1598,1,16,RENAULT GRAND SCENIC,4,E01025407,0,-1
2021131050475,2021,131050475,1,9,0,9,9,7,7,0,0,6,5,0,0,0,3,1,6,6,1,53,8,1461,2,11,RENAULT GRAND SCENIC,2,E01011424,0,-1
2021501026980,2021,501026980,2,9,0,3,3,1,5,0,0,1,0,0,0,0,2,1,6,6,2,38,7,1461,2,11,RENAULT GRAND SCENIC,8,E01020035,0,-1
2021010296003,2021,010296003,1,9,0,9,9,7,5,0,0,2,0,0,0,0,3,2,2,2,1,43,7,1598,1,15,RENAULT GRAND SCENIC,-1,-1,0,-1
2021010293493,2021,010293493,2,9,0,18,19,1,5,0,0,0,0,0,0,0,4,1,1,1,1,61,9,1998,1,13,RENAULT GRAND SCENIC,2,E01004011,0,-1
2021430562568,2021,430562568,2,9,0,9,9,8,6,0,0,8,0,0,0,0,4,1,6,6,2,36,7,1461,2,11,RENAULT GRAND SCENIC,8,E01017690,0,-1
2021991024058,2021,991024058,1,9,0,16,19,2,6,0,0,0,2,0,1,11,1,1,2,2,1,43,7,1598,1,15,RENAULT GRAND SCENIC,2,-1,0,-1
2021430356706,2021,430356706,1,9,0,5,5,7,3,0,0,4,0,0,0,0,1,1,6,6,1,67,10,1397,1,11,RENAULT GRAND SCENIC,9,E01028739,0,-1
2021991114604,2021,991114604,2,9,0,10,10,4,8,0,0,0,0,0,0,0,1,1,5,6,2,42,7,1461,2,8,RENAULT GRAND SCENIC,-1,-1,0,-1
2021361065305,2021,361065305,3,9,0,3,3,4,8,0,0,1,0,0,7,10,4,1,5,6,1,33,6,1870,2,14,RENAULT GRAND SCENIC,4,E01026780,0,-1
2021201082258,2021,201082258,2,9,0,9,9,8,6,0,0,8,0,0,0,0,1,1,6,6,2,49,8,1461,2,7,RENAULT GRAND SCENIC,2,E01010528,0,-1
2021010321551,2021,010321551,2,9,0,99,99,9,9,99,99,9,9,99,9,99,1,9,6,6,3,72,10,1461,2,6,RENAULT GRAND SCENIC,10,E01030378,0,-1
2021440456392,2021,440456392,1,9,0,18,19,1,5,0,0,0,0,0,0,0,1,1,6,6,1,44,7,1461,2,11,RENAULT GRAND SCENIC,5,E01032840,0,-1
2021531111722,2021,531111722,2,9,0,18,19,8,4,0,0,0,0,0,0,0,4,1,5,6,1,50,8,1598,1,13,RENAULT GRAND SCENIC,10,E01022297,0,-1
2021461073365,2021,461073365,1,9,0,18,19,5,8,0,0,0,0,0,0,0,1,1,2,2,1,29,6,1461,2,9,RENAULT GRAND SCENIC,5,E01016029,0,-1
2021302101844,2021,302101844,1,9,0,18,19,2,6,0,0,2,0,0,0,0,3,1,6,6,1,35,6,1461,2,11,RENAULT GRAND SCENIC,1,E01013590,0,-1
2021302101767,2021,302101767,2,9,0,11,11,2,6,0,0,0,0,0,0,0,4,1,6,6,1,26,6,1461,2,13,RENAULT GRAND SCENIC,1,E01013486,0,-1
2021131085370,2021,131085370,1,9,0,4,4,5,1,0,0,1,0,0,0,0,1,1,6,6,1,44,7,1870,2,13,RENAULT GRAND SCENIC,1,E01010711,0,-1
2021440344622,2021,440344622,1,9,0,3,3,3,7,0,0,0,0,0,0,0,2,1,6,6,2,45,7,1598,2,7,RENAULT GRAND SCENIC,6,E01017018,0,-1
2021010334915,2021,010334915,1,9,0,18,19,1,5,0,0,8,0,0,7,0,1,1,6,6,1,51,8,1461,2,5,RENAULT GRAND SCENIC,3,E01021859,0,-1
2021041047399,2021,041047399,2,9,0,18,19,5,5,0,0,1,0,0,0,0,4,1,6,6,2,24,5,1598,1,14,RENAULT GRAND SCENIC,1,E01024899,0,-1
2021411093023,2021,411093023,1,9,0,18,19,7,3,0,0,1,0,4,0,0,1,1,5,6,2,39,7,1461,2,5,RENAULT GRAND SCENIC,3,E01023323,0,-1
2021201087448,2021,201087448,2,9,0,18,19,6,2,0,0,2,0,0,0,0,1,1,6,6,1,46,8,1461,2,5,RENAULT GRAND SCENIC,1,E01008913,0,-1
2021070307401,2021,070307401,1,9,0,9,9,5,3,0,0,5,0,0,0,0,1,1,3,7,1,30,6,1461,2,11,RENAULT GRAND SCENIC,-1,-1,0,-1
2021141079393,2021,141079393,1,9,0,3,3,8,4,0,0,0,0,0,0,0,2,1,6,6,1,35,6,1461,2,11,RENAULT GRAND SCENIC,3,E01007533,0,-1
2021540445221,2021,540445221,2,9,0,3,3,7,3,0,0,4,0,0,0,0,2,2,6,6,2,48,8,1461,2,11,RENAULT GRAND SCENIC,2,E01015476,0,-1
2021461027577,2021,461027577,1,9,0,18,19,6,2,0,0,1,0,0,0,0,4,1,6,6,1,-1,-1,1998,1,13,RENAULT GRAND SCENIC,3,E01024279,0,-1
2021371097834,2021,371097834,2,9,-1,-1,-1,-1,-1,-1,-1,0,-1,-1,-1,0,4,1,5,6,1,49,8,1598,2,8,RENAULT GRAND SCENIC,3,E01030287,0,-1
2021320574332,2021,320574332,1,9,0,13,13,8,4,0,0,0,0,0,0,0,4,1,6,6,1,70,10,1460,2,14,RENAULT GRAND SCENIC,-1,-1,0,-1
2021010323808,2021,010323808,1,9,0,5,5,5,1,0,0,1,0,0,0,0,1,1,6,6,2,44,7,1998,1,15,RENAULT GRAND SCENIC,6,E01001342,0,-1
2021991052038,2021,991052038,1,9,0,18,19,5,1,0,0,1,1,0,0,0,1,1,5,6,1,34,6,1598,1,16,RENAULT GRAND SCENIC,1,-1,0,-1
2021201064219,2021,201064219,1,9,0,18,19,8,4,0,0,1,0,0,0,0,1,1,6,6,1,31,6,1598,1,14,RENAULT GRAND SCENIC,1,E01009322,0,-1
2021440409836,2021,440409836,2,9,0,5,5,2,6,0,0,0,0,0,0,0,3,1,1,1,2,49,8,1461,2,14,RENAULT GRAND SCENIC,1,E01017205,0,-1
2021010319917,2021,010319917,1,9,0,5,5,7,3,0,0,1,0,0,0,0,1,1,6,6,2,31,6,1461,2,7,RENAULT GRAND SCENIC,1,E01000528,0,-1
2021221127458,2021,221127458,1,9,0,1,1,3,7,0,0,0,0,0,0,0,2,1,5,6,1,35,6,1598,1,15,RENAULT GRAND SCENIC,2,E01014048,0,-1
2021371131254,2021,371131254,1,9,0,9,9,5,1,0,0,8,0,0,0,0,2,1,5,6,1,85,11,1461,2,5,RENAULT GRAND SCENIC,6,E01030037,0,-1
2021141113409,2021,141113409,1,9,0,18,19,2,5,0,0,1,0,0,0,0,2,1,6,6,2,34,6,1598,1,14,RENAULT GRAND SCENIC,2,E01007470,0,-1
2021010324437,2021,010324437,1,9,0,99,99,9,9,0,0,0,9,99,9,99,2,1,6,6,1,52,8,1870,2,16,RENAULT GRAND SCENIC,4,E01015580,0,-1
2021010293551,2021,010293551,2,9,0,9,9,1,7,0,0,7,0,0,0,0,2,1,6,6,1,35,6,1598,1,10,RENAULT GRAND SCENIC,4,E01016008,0,-1
2021471041381,2021,471041381,1,9,0,18,19,7,3,0,0,4,1,0,0,0,1,1,5,6,2,21,5,1461,2,10,RENAULT GRAND SCENIC,10,E01028714,0,-1
2021141126090,2021,141126090,2,9,0,2,2,0,0,0,0,2,0,0,0,0,1,1,6,6,3,-1,-1,1598,1,14,RENAULT GRAND SCENIC,-1,-1,0,-1
2021991032485,2021,991032485,2,9,0,4,4,2,6,0,0,0,0,4,0,0,1,1,6,6,2,43,7,1461,2,6,RENAULT GRAND SCENIC,1,-1,0,-1
2021440276158,2021,440276158,3,9,0,4,4,4,8,0,0,1,0,0,0,0,2,1,6,6,2,26,6,1995,2,11,RENAULT GRAND SCENIC,1,E01017118,0,-1
2021461054673,2021,461054673,2,9,0,11,11,7,3,0,0,0,0,0,0,0,1,1,5,6,1,57,9,1995,2,11,RENAULT GRAND SCENIC,4,E01024579,0,-1
2021211076784,2021,211076784,3,9,0,4,4,3,3,0,0,0,0,0,0,0,2,1,5,6,2,28,6,1461,2,4,RENAULT GRAND SCENIC,2,E01029809,0,-1
2021461051636,2021,461051636,4,9,0,3,3,3,7,0,0,6,0,0,0,0,2,1,2,2,1,49,8,1749,2,2,RENAULT GRAND SCENIC,10,E01032827,0,-1
2021201137112,2021,201137112,1,9,0,9,9,6,4,0,0,6,0,0,0,0,3,1,6,6,1,-1,-1,1598,1,17,RENAULT GRAND SCENIC,-1,-1,0,-1
202131C008421,2021,31C008421,1,9,0,9,9,7,5,0,0,5,0,0,0,0,1,1,1,1,2,37,7,1598,1,15,RENAULT GRAND SCENIC,1,E01013819,0,-1
2021451067726,2021,451067726,1,9,0,18,19,2,6,0,0,0,0,0,1,0,4,1,3,7,2,40,7,1461,2,9,RENAULT GRAND SCENIC,9,E01030306,0,-1
2021101022846,2021,101022846,1,9,0,6,6,3,1,0,0,1,0,0,0,0,1,1,5,6,1,85,11,1598,1,17,RENAULT GRAND SCENIC,1,E01008303,0,-1
2021371027592,2021,371027592,2,9,0,18,19,5,1,0,0,0,5,0,6,6,3,1,5,6,1,26,6,1598,1,14,RENAULT GRAND SCENIC,9,E01029882,0,-1
2021201102594,2021,201102594,3,9,0,2,2,0,0,0,0,0,0,0,0,0,2,1,5,6,1,-1,-1,1598,2,10,RENAULT GRAND SCENIC,3,E01010336,0,-1
2021401118378,2021,401118378,2,9,0,17,19,6,1,0,0,5,0,0,0,0,1,1,2,2,2,38,7,1461,2,6,RENAULT GRAND SCENIC,5,E01015768,0,-1
2021010347395,2021,010347395,1,9,0,18,19,1,5,0,0,2,0,0,0,0,1,1,6,6,1,37,7,1461,2,11,RENAULT GRAND SCENIC,4,E01002168,0,-1
2021161058416,2021,161058416,1,9,0,7,7,3,4,0,0,6,0,0,0,0,1,1,6,6,1,-1,-1,1461,2,11,RENAULT GRAND SCENIC,5,E01012916,0,-1
2021010329293,2021,010329293,1,8,0,99,99,9,9,99,99,9,9,99,9,99,1,9,1,1,1,46,8,1461,2,6,RENAULT GRAND SCENIC,9,E01000344,0,-1
2021161080504,2021,161080504,1,9,0,11,11,7,3,0,0,1,0,10,1,5,1,2,6,6,1,31,6,1461,2,10,RENAULT GRAND SCENIC,1,E01012841,0,-1
2021421082580,2021,421082580,2,9,0,5,5,7,1,0,0,0,0,0,0,0,3,1,6,6,1,63,9,1598,1,6,RENAULT GRAND SCENIC,-1,-1,0,-1
2021010333777,2021,010333777,2,9,0,9,9,3,8,0,0,8,0,0,0,0,1,1,6,6,1,75,10,1998,1,13,RENAULT GRAND SCENIC,-1,-1,0,-1
2021421061053,2021,421061053,2,9,0,8,8,3,1,0,0,0,0,0,0,0,4,1,6,6,2,61,9,1461,2,10,RENAULT GRAND SCENIC,5,E01021866,0,-1
2021010299460,2021,010299460,1,9,0,9,9,7,6,0,0,6,0,0,0,0,1,1,6,6,2,45,7,1461,2,6,RENAULT GRAND SCENIC,-1,-1,0,-1
2021440308247,2021,440308247,1,9,0,18,19,7,3,0,0,0,0,0,0,0,2,1,6,6,1,49,8,1598,1,10,RENAULT GRAND SCENIC,4,E01022474,0,-1
2021501066730,2021,501066730,3,9,0,5,5,3,1,0,0,0,0,0,0,0,0,1,6,6,1,-1,-1,1461,2,10,RENAULT GRAND SCENIC,-1,-1,0,-1
2021041117436,2021,041117436,1,9,0,18,19,1,7,0,0,3,0,0,0,0,1,1,5,6,2,61,9,1461,2,7,RENAULT GRAND SCENIC,5,E01024917,0,-1
2021440074563,2021,440074563,2,9,0,5,5,6,2,0,0,1,0,0,0,0,1,1,6,6,2,54,8,1870,2,11,RENAULT GRAND SCENIC,10,E01022752,0,-1
2021070392760,2021,070392760,1,9,0,18,19,8,4,0,0,8,0,0,0,0,1,1,2,2,1,73,10,1461,2,5,RENAULT GRAND SCENIC,9,E01018383,0,-1
2021101097763,2021,101097763,3,9,0,18,19,8,4,0,0,0,0,0,0,0,2,1,6,6,2,47,8,1461,2,8,RENAULT GRAND SCENIC,1,E01008212,0,-1
2021010347514,2021,010347514,1,8,0,5,5,2,6,0,0,1,0,0,0,0,1,1,1,1,1,58,9,1461,2,4,RENAULT GRAND SCENIC,3,E01003978,0,-1
2021430084806,2021,430084806,2,9,0,3,3,6,2,0,0,0,0,0,0,0,2,1,6,6,1,63,9,1995,2,14,RENAULT GRAND SCENIC,4,E01016715,0,-1
2021201116549,2021,201116549,2,9,0,18,19,6,2,0,0,0,0,0,0,0,1,1,6,6,1,57,9,1330,1,2,RENAULT GRAND SCENIC,3,E01010144,0,-1
2021302100106,2021,302100106,4,9,0,18,19,6,2,0,0,0,1,0,0,0,1,1,6,6,2,63,9,1998,1,14,RENAULT GRAND SCENIC,1,E01019566,0,-1
2021430027303,2021,430027303,1,9,0,3,3,2,6,0,0,1,0,0,0,0,2,1,2,2,1,38,7,1998,1,14,RENAULT GRAND SCENIC,10,E01017773,0,-1
2021421090762,2021,421090762,2,9,0,9,9,1,5,0,0,1,0,0,0,0,3,1,5,6,1,32,6,1870,2,11,RENAULT GRAND SCENIC,3,E01015891,0,-1
2021501049494,2021,501049494,2,9,0,16,19,3,7,0,0,0,0,0,0,0,1,1,6,6,1,39,7,1870,2,13,RENAULT GRAND SCENIC,5,E01018973,0,-1
2021401127466,2021,401127466,2,9,0,3,3,-1,-1,0,0,1,0,0,0,0,2,1,5,6,1,44,7,1461,2,11,RENAULT GRAND SCENIC,2,E01017531,0,-1
2021010341464,2021,010341464,1,9,0,99,99,9,9,99,99,9,9,99,9,99,2,9,6,6,1,46,8,1997,1,11,RENAULT GRAND SCENIC,2,E01001625,0,-1
2021010347977,2021,010347977,1,9,0,99,99,9,9,99,99,9,9,99,9,99,9,9,6,6,3,-1,-1,1461,2,6,RENAULT GRAND SCENIC,-1,-1,0,-1
2021170M10651,2021,170M10651,1,9,0,9,9,1,6,0,0,4,0,0,0,0,1,1,6,6,1,23,5,1461,2,14,RENAULT GRAND SCENIC,1,E01012112,0,-1
2021211100831,2021,211100831,1,9,0,7,7,8,5,9,9,1,0,10,0,0,2,1,3,7,1,72,10,1598,1,15,RENAULT GRAND SCENIC,1,E01014331,0,-1
2021141028351,2021,141028351,3,9,0,4,4,7,3,0,0,0,0,0,0,0,2,1,6,6,1,39,7,1598,1,15,RENAULT GRAND SCENIC,1,E01007760,0,-1
2021520106023,2021,520106023,2,9,0,18,19,2,6,0,0,0,0,0,0,0,1,1,6,6,2,40,7,1461,2,5,RENAULT GRAND SCENIC,-1,-1,0,-1
2021201051377,2021,201051377,2,9,0,18,19,4,8,0,0,1,0,0,0,0,4,1,6,6,1,57,9,1461,2,11,RENAULT GRAND SCENIC,1,E01010413,0,-1
2021421127053,2021,421127053,1,9,0,18,19,5,1,0,0,1,0,0,0,0,1,1,6,6,2,40,7,1461,2,11,RENAULT GRAND SCENIC,3,E01015854,0,-1
2021501090397,2021,501090397,2,9,0,3,3,0,0,0,0,1,0,0,0,0,0,1,5,6,1,47,8,1598,1,10,RENAULT GRAND SCENIC,7,E01011588,0,-1
2021010328955,2021,010328955,1,9,0,1,1,7,1,0,0,0,0,0,0,0,2,2,6,6,1,40,7,1997,1,10,RENAULT GRAND SCENIC,2,E01003240,0,-1
2021461120998,2021,461120998,1,9,0,9,9,7,5,0,0,1,0,0,0,0,1,1,6,6,2,54,8,1461,2,7,RENAULT GRAND SCENIC,10,E01024735,0,-1
202154A030121,2021,54A030121,2,4,0,9,9,2,1,0,0,8,0,0,0,0,1,1,2,2,1,59,9,349,1,0,-1,9,E01022223,0,-1
2021201116919,2021,201116919,2,4,0,18,19,8,4,0,0,8,0,0,0,0,3,1,6,6,1,63,9,349,1,0,-1,5,E01010267,0,-1
2021461090864,2021,461090864,2,5,0,18,19,2,6,0,0,1,0,0,0,0,4,1,6,6,1,57,9,749,1,7,SUZUKI GSR 750,9,E01024112,0,-1
2021501103371,2021,501103371,1,5,0,14,14,1,5,0,0,0,1,0,0,0,1,1,6,6,1,27,6,749,1,8,SUZUKI GSR 750,5,E01018946,0,-1
2021411037542,2021,411037542,2,5,0,18,19,3,7,0,0,1,2,0,0,0,4,1,6,6,1,-1,-1,749,1,9,SUZUKI GSR 750,10,E01023562,0,-1
2021111050671,2021,111050671,1,5,0,17,19,8,4,0,0,0,0,0,0,0,1,1,5,6,1,63,9,749,1,7,SUZUKI GSR 750,8,E01027631,0,-1
2021461152065,2021,461152065,2,5,0,18,19,3,7,0,0,0,0,0,0,0,1,1,6,6,1,35,6,749,1,9,SUZUKI GSR 750,4,E01024217,0,-1
2021302101253,2021,302101253,1,5,0,16,19,8,4,0,0,0,1,0,7,0,1,1,6,6,1,33,6,749,1,10,SUZUKI GSR 750,2,E01006207,0,-1
2021302101292,2021,302101292,1,5,0,13,13,2,6,0,0,0,0,0,0,0,1,1,6,6,1,33,6,749,1,5,SUZUKI GSR 750,4,E01018512,0,-1
2021451039739,2021,451039739,1,5,0,13,13,3,7,0,0,0,5,0,1,0,3,1,2,2,2,49,8,749,1,8,SUZUKI GSR 750,8,E01031613,0,-1
2021010297103,2021,010297103,2,5,0,18,19,4,8,9,9,1,0,0,0,0,1,1,1,1,1,56,9,749,1,9,SUZUKI GSR 750,5,E01000354,0,-1
2021471060932,2021,471060932,1,5,0,11,11,3,7,0,0,0,1,0,0,0,1,1,5,6,1,25,5,749,1,5,SUZUKI GSR 750,6,E01021034,0,-1
2021421081281,2021,421081281,1,5,0,9,9,7,8,0,0,8,0,0,0,0,4,1,1,1,1,62,9,749,1,5,SUZUKI GSR 750,-1,-1,0,-1
2021622100754,2021,622100754,2,5,0,18,19,2,6,0,0,3,0,0,4,1,1,1,6,6,1,60,9,749,1,9,SUZUKI GSR 750,2,W01000957,0,-1
2021031044107,2021,031044107,1,5,0,13,13,3,7,0,0,8,0,0,0,0,1,1,5,6,1,33,6,749,1,7,SUZUKI GSR 750,5,E01019359,0,-1
2021501046667,2021,501046667,1,5,0,18,19,5,1,0,0,0,0,0,1,0,3,1,2,2,1,38,7,749,1,9,SUZUKI GSR 750,2,E01015023,0,-1
202134WNC1811,2021,34WNC1811,2,5,0,18,19,2,6,0,0,8,0,0,0,0,4,1,6,6,1,33,6,749,1,9,SUZUKI GSR 750,4,E01016724,0,-1
2021010293059,2021,010293059,1,5,0,99,99,9,9,99,99,9,9,99,9,99,1,1,2,2,1,34,6,749,1,6,SUZUKI GSR 750,2,E01000096,0,-1
2021451014413,2021,451014413,2,5,0,18,19,7,3,0,0,0,0,0,0,0,1,1,6,6,1,40,7,749,1,9,SUZUKI GSR 750,2,E01004390,0,-1
2021131066291,2021,131066291,2,5,0,18,19,5,1,0,0,8,0,0,0,0,4,1,2,2,1,35,6,749,1,8,SUZUKI GSR 750,6,E01010797,0,-1
2021010324847,2021,010324847,1,5,0,18,19,7,3,0,0,0,0,0,0,0,1,1,6,6,1,29,6,749,1,6,SUZUKI GSR 750,4,E01003541,0,-1
2021421034315,2021,421034315,1,5,0,18,19,3,5,0,0,1,0,0,0,0,1,1,5,6,1,35,6,749,1,6,SUZUKI GSR 750,8,E01021340,0,-1
2021421024781,2021,421024781,1,5,0,13,13,1,5,0,0,0,2,0,0,0,4,1,6,6,1,27,6,749,1,9,SUZUKI GSR 750,4,E01021642,0,-1
2021041062439,2021,041062439,1,5,0,18,19,3,7,0,0,0,0,0,7,11,1,1,6,6,1,28,6,749,1,5,SUZUKI GSR 750,2,E01025229,0,-1
2021010297439,2021,010297439,2,4,0,3,3,7,3,0,0,1,0,0,0,0,2,1,1,1,1,43,7,248,1,2,-1,7,E01002939,0,-1
2021411033701,2021,411033701,2,9,0,18,19,5,3,0,0,8,0,10,0,0,4,1,5,6,1,20,4,1229,1,7,VAUXHALL ADAM,3,E01023958,0,-1
2021320231213,2021,320231213,1,9,0,18,19,3,7,0,0,3,0,0,0,0,2,1,6,6,2,21,5,1398,1,7,VAUXHALL ADAM,7,E01026199,0,-1
2021161040857,2021,161040857,2,9,0,2,2,0,0,0,0,0,0,0,0,0,1,1,1,1,2,25,5,1229,1,2,VAUXHALL ADAM,4,E01013106,0,-1
2021041070852,2021,041070852,2,9,0,18,19,1,5,0,0,1,0,0,0,0,2,1,6,6,2,32,6,1229,1,2,VAUXHALL ADAM,2,E01025285,0,-1