collision_index,collision_year,collision_ref_no,vehicle_reference,vehicle_type,towing_and_articulation,vehicle_manoeuvre_historic,vehicle_manoeuvre,vehicle_direction_from,vehicle_direction_to,vehicle_location_restricted_lane_historic,vehicle_location_restricted_lane,junction_location,skidding_and_overturning,hit_object_in_carriageway,vehicle_leaving_carriageway,hit_object_off_carriageway,first_point_of_impact,vehicle_left_hand_drive,journey_purpose_of_driver_historic,journey_purpose_of_driver,sex_of_driver,age_of_driver,age_band_of_driver,engine_capacity_cc,propulsion_code,age_of_vehicle,generic_make_model,driver_imd_decile,lsoa_of_driver,escooter_flag,driver_distance_banding
2021122100179,2021,122100179,1,9,0,18,19,6,2,0,0,0,1,0,1,3,1,1,6,6,1,22,5,1229,1,2,VAUXHALL ADAM,10,E01027709,0,-1
2021411037542,2021,411037542,1,9,0,5,5,6,2,0,0,1,0,0,0,0,1,1,6,6,2,18,4,1229,1,2,VAUXHALL ADAM,10,E01023566,0,-1
202131A078121,2021,31A078121,2,9,0,10,10,2,6,0,0,1,0,0,0,0,1,1,6,6,2,58,9,1229,1,2,VAUXHALL ADAM,9,E01028241,0,-1
2021101035432,2021,101035432,1,9,0,9,9,1,3,0,0,2,0,0,0,0,1,1,6,6,2,23,5,1229,1,4,VAUXHALL ADAM,7,E01011959,0,-1
2021430408128,2021,430408128,1,9,0,18,19,5,1,0,0,8,0,0,0,0,3,1,6,6,2,26,6,1398,1,6,VAUXHALL ADAM,8,E01017804,0,-1
2021052101624,2021,052101624,2,9,0,18,19,1,5,0,0,1,0,0,1,0,2,1,6,6,2,65,9,1398,1,8,VAUXHALL ADAM,1,E01006821,0,-1
202134NNC1791,2021,34NNC1791,2,9,0,9,9,6,2,0,0,8,1,0,0,0,3,1,6,6,2,55,8,1229,1,4,VAUXHALL ADAM,3,E01026967,0,-1
2021031111179,2021,031111179,2,9,0,9,9,5,3,0,0,5,0,0,0,0,3,1,2,2,2,26,6,1229,1,4,VAUXHALL ADAM,5,E01019278,0,-1
202134WNC3451,2021,34WNC3451,2,9,0,18,19,8,4,0,0,1,0,0,0,0,1,1,6,6,2,27,6,1398,1,8,VAUXHALL ADAM,8,E01026990,0,-1
2021131111290,2021,131111290,2,9,0,9,9,2,3,0,0,1,0,0,0,0,0,1,6,6,1,46,8,1229,1,3,VAUXHALL ADAM,5,E01010688,0,-1
2021111095832,2021,111095832,2,9,0,18,19,5,5,0,0,0,5,0,0,0,4,1,2,2,2,23,5,1229,1,2,VAUXHALL ADAM,8,E01020597,0,-1
2021010352176,2021,010352176,1,9,0,18,19,3,7,0,0,0,5,0,0,0,1,1,6,6,2,20,4,1398,1,8,VAUXHALL ADAM,8,E01004194,0,-1
2021141035293,2021,141035293,1,9,0,14,14,3,7,0,0,0,0,0,0,0,1,1,5,6,2,70,10,1229,1,6,VAUXHALL ADAM,2,E01007759,0,-1
2021430532452,2021,430532452,1,9,0,18,19,6,2,0,0,0,0,0,0,0,1,1,6,6,1,30,6,1229,1,6,VAUXHALL ADAM,10,E01016622,0,-1
2021101070842,2021,101070842,2,9,0,4,4,1,5,0,0,0,0,0,0,0,1,1,6,6,2,23,5,1229,1,5,VAUXHALL ADAM,9,E01011982,0,-1
2021131061906,2021,131061906,2,9,0,9,9,1,5,0,0,5,0,0,0,0,4,1,6,6,2,17,4,1229,1,5,VAUXHALL ADAM,3,E01011125,0,-1
2021141050076,2021,141050076,2,9,0,-1,-1,-1,-1,-1,-1,0,-1,-1,-1,0,-1,1,6,6,2,-1,-1,1229,1,7,VAUXHALL ADAM,6,E01007725,0,-1
2021991077430,2021,991077430,2,9,0,17,19,2,7,0,0,0,0,0,1,0,1,1,5,6,2,26,6,1398,1,8,VAUXHALL ADAM,8,-1,0,-1
2021161044982,2021,161044982,2,9,0,18,19,2,6,0,0,0,0,0,0,0,1,1,6,6,1,29,6,1229,1,5,VAUXHALL ADAM,5,E01012773,0,-1
2021201094605,2021,201094605,1,9,0,9,9,8,6,0,0,6,0,0,0,0,1,1,2,2,2,28,6,1398,1,5,VAUXHALL ADAM,3,E01008945,0,-1
2021221082715,2021,221082715,1,9,0,18,19,6,2,0,0,8,0,0,0,0,1,1,5,6,2,28,6,1229,1,6,VAUXHALL ADAM,5,E01014056,0,-1
2021552200181,2021,552200181,1,9,0,9,9,3,1,9,9,5,0,0,0,0,1,1,6,6,3,-1,-1,1398,1,7,VAUXHALL ADAM,-1,-1,0,-1
2021401176791,2021,401176791,2,9,0,4,4,6,2,0,0,0,1,0,0,0,2,1,5,6,1,52,8,1398,1,3,VAUXHALL ADAM,7,E01017420,0,-1
2021411040225,2021,411040225,2,9,0,4,4,7,3,0,0,0,0,0,0,0,2,1,1,1,2,19,4,1229,1,5,VAUXHALL ADAM,4,E01023785,0,-1
2021522201345,2021,522201345,1,9,0,7,7,2,4,0,0,6,0,0,0,0,3,1,6,6,2,26,6,1229,1,8,VAUXHALL ADAM,5,E01014679,0,-1
2021461066721,2021,461066721,2,9,0,2,2,0,0,0,0,0,0,0,0,0,2,1,6,6,1,50,8,1229,1,3,VAUXHALL ADAM,7,E01024267,0,-1
2021101105794,2021,101105794,2,9,0,4,4,5,1,0,0,0,0,0,0,0,2,1,5,6,2,26,6,1229,1,8,VAUXHALL ADAM,3,E01008298,0,-1
2021201124896,2021,201124896,1,9,0,18,19,6,2,0,0,0,0,0,0,0,2,1,6,6,2,22,5,1229,1,7,VAUXHALL ADAM,7,E01010123,0,-1
2021421082549,2021,421082549,1,9,0,18,19,2,6,0,0,1,0,0,1,0,1,1,5,6,2,19,4,1229,1,2,VAUXHALL ADAM,7,E01021897,0,-1
2021161056718,2021,161056718,1,9,0,9,9,3,1,0,0,8,0,0,0,0,3,1,2,2,2,22,5,1229,1,4,VAUXHALL ADAM,2,E01013128,0,-1
2021991091816,2021,991091816,1,9,0,16,19,4,8,0,0,0,5,0,7,0,1,1,6,6,1,19,4,1229,1,2,VAUXHALL ADAM,5,-1,0,-1
2021622100955,2021,622100955,1,9,0,18,19,8,4,0,0,0,0,0,0,0,1,1,6,6,2,21,5,1229,1,8,VAUXHALL ADAM,9,W01000776,0,-1
2021461025808,2021,461025808,2,9,0,3,3,6,2,0,0,0,0,0,0,0,2,1,2,2,2,19,4,1229,1,2,VAUXHALL ADAM,7,E01024064,0,-1
2021131087599,2021,131087599,1,9,0,16,19,-1,-1,0,0,0,0,0,1,0,3,1,5,6,1,26,6,1229,1,2,VAUXHALL ADAM,6,E01027720,0,-1
2021622100779,2021,622100779,1,9,0,18,19,6,2,0,0,1,0,0,0,0,1,1,2,2,1,57,9,1229,1,2,VAUXHALL ADAM,2,W01001217,0,-1
2021302101908,2021,302101908,1,9,0,18,19,6,3,0,0,1,1,0,7,11,2,1,6,6,2,19,4,1229,1,7,VAUXHALL ADAM,10,E01018177,0,-1
2021622100344,2021,622100344,2,9,0,18,19,5,1,0,0,3,0,0,0,0,3,1,6,6,2,18,4,1398,1,8,VAUXHALL ADAM,7,W01001230,0,-1
202134NNC2931,2021,34NNC2931,1,9,0,18,19,3,7,0,0,0,0,0,0,0,3,1,6,6,2,18,4,1229,1,7,VAUXHALL ADAM,8,E01027344,0,-1
2021010295455,2021,010295455,1,9,0,18,19,1,5,9,9,1,1,0,7,11,4,1,2,2,2,29,6,1229,1,8,VAUXHALL ADAM,3,E01001141,0,-1
2021101048213,2021,101048213,1,9,0,18,19,1,5,0,0,6,0,0,0,0,4,1,5,6,2,74,10,1229,1,6,VAUXHALL ADAM,1,E01008714,0,-1
2021131036987,2021,131036987,1,9,0,18,19,3,7,0,0,0,5,4,0,0,1,1,5,6,2,32,6,1398,1,7,VAUXHALL ADAM,1,E01010666,0,-1
2021061034974,2021,061034974,2,9,0,18,19,1,7,0,0,1,0,0,0,0,1,1,6,6,1,30,6,1229,1,6,VAUXHALL ADAM,9,E01018602,0,-1
2021531037854,2021,531037854,1,9,0,5,5,6,2,0,0,6,0,0,0,0,4,1,5,6,2,29,6,1229,1,4,VAUXHALL ADAM,10,E01014992,0,-1
2021430447162,2021,430447162,3,9,0,18,19,4,8,0,0,0,0,0,0,0,1,1,6,6,2,19,4,1229,1,7,VAUXHALL ADAM,2,E01016806,0,-1
2021010336295,2021,010336295,1,9,0,18,19,3,7,0,0,0,0,0,0,0,1,1,1,1,1,30,6,1229,1,2,VAUXHALL ADAM,7,E01033432,0,-1
2021522201064,2021,522201064,1,9,0,18,19,3,7,0,0,8,0,0,0,0,4,1,6,6,2,27,6,1229,1,2,VAUXHALL ADAM,5,E01015019,0,-1
2021170M11421,2021,170M11421,1,9,0,4,4,6,2,0,0,0,0,0,0,0,2,1,2,2,2,26,6,1229,1,6,VAUXHALL ADAM,-1,-1,0,-1
2021421030774,2021,421030774,2,9,0,4,4,3,7,0,0,4,0,0,0,0,2,1,5,6,2,18,4,1229,1,4,VAUXHALL ADAM,4,E01021848,0,-1
2021501069918,2021,501069918,2,9,0,3,3,7,3,0,0,3,0,0,0,0,2,1,5,6,2,36,7,1229,1,7,VAUXHALL ADAM,1,E01015048,0,-1
2021461056285,2021,461056285,2,9,0,18,19,5,1,0,0,0,0,0,0,0,4,1,6,6,2,20,4,1229,1,5,VAUXHALL ADAM,6,E01024568,0,-1
2021440368489,2021,440368489,2,9,0,18,19,1,5,0,0,8,0,0,0,0,4,1,6,6,1,18,4,1398,1,6,VAUXHALL ADAM,2,E01017356,0,-1
2021401129343,2021,401129343,1,9,0,5,5,1,5,0,0,1,0,4,0,0,1,1,6,6,1,55,8,1229,1,5,VAUXHALL ADAM,3,E01015752,0,-1
2021010347212,2021,010347212,2,9,0,4,4,3,7,0,0,0,0,0,0,0,2,1,6,6,2,25,5,1229,1,5,VAUXHALL ADAM,9,E01023407,0,-1
2021520106236,2021,520106236,1,9,0,18,19,3,7,0,0,8,0,0,0,0,3,1,6,6,1,25,5,1398,1,7,VAUXHALL ADAM,8,E01032651,0,-1
2021010341402,2021,010341402,1,9,0,4,4,1,5,0,0,2,0,0,0,0,1,1,2,2,2,29,6,1229,1,7,VAUXHALL ADAM,8,E01002287,0,-1
2021440309692,2021,440309692,1,9,0,9,9,1,7,0,0,8,0,0,0,0,2,1,6,6,2,48,8,1398,1,8,VAUXHALL ADAM,8,E01022627,0,-1
2021311127817,2021,311127817,2,9,0,18,19,1,5,0,0,6,0,0,0,0,1,1,1,1,1,23,5,1229,1,6,VAUXHALL ADAM,-1,-1,0,-1
2021440021747,2021,440021747,1,9,0,18,19,4,8,0,0,0,0,0,0,0,1,1,6,6,1,24,5,1229,1,7,VAUXHALL ADAM,10,E01022497,0,-1
2021522201126,2021,522201126,1,9,0,3,3,5,1,0,0,8,0,0,0,0,2,1,6,6,2,25,5,1398,1,4,VAUXHALL ADAM,6,E01014813,0,-1
2021031115983,2021,031115983,1,9,0,18,19,7,3,0,0,1,0,0,0,0,1,1,6,6,2,22,5,1229,1,5,VAUXHALL ADAM,6,E01019180,0,-1
2021131113192,2021,131113192,2,9,0,2,2,0,0,0,0,0,0,0,0,0,1,1,6,6,3,-1,-1,1229,1,8,VAUXHALL ADAM,-1,-1,0,-1
2021211143062,2021,211143062,2,9,0,4,4,1,1,0,0,0,0,0,0,0,2,1,6,6,1,23,5,1229,1,4,VAUXHALL ADAM,6,E01029389,0,-1
2021430110593,2021,430110593,2,9,0,4,4,8,4,0,0,0,2,0,2,7,3,1,6,6,2,29,6,1398,1,8,VAUXHALL ADAM,10,E01028476,0,-1
2021461045895,2021,461045895,1,9,0,1,1,8,4,0,0,0,0,0,0,0,2,1,6,6,2,24,5,1229,1,5,VAUXHALL ADAM,8,E01024133,0,-1
2021440067690,2021,440067690,1,9,0,9,9,6,4,0,0,8,0,0,0,0,3,1,2,2,2,23,5,1398,1,4,VAUXHALL ADAM,10,E01023220,0,-1
2021052100188,2021,052100188,4,9,0,2,2,0,0,0,0,0,0,0,0,0,2,1,6,6,3,-1,-1,1229,1,3,VAUXHALL ADAM,-1,-1,0,-1
2021170L10211,2021,170L10211,2,9,0,18,19,8,4,0,0,0,0,0,1,11,1,1,6,6,2,30,6,1229,1,8,VAUXHALL ADAM,1,E01020777,0,-1
2021111087444,2021,111087444,2,9,0,18,19,7,3,0,0,0,0,0,0,0,1,1,6,6,2,21,5,1229,1,7,VAUXHALL ADAM,5,E01020706,0,-1
2021161122367,2021,161122367,1,9,0,7,7,1,3,0,0,6,0,0,0,0,1,1,5,6,2,29,6,1398,1,8,VAUXHALL ADAM,1,E01013181,0,-1
2021101047799,2021,101047799,1,9,0,18,19,1,5,0,0,0,0,0,0,0,1,1,2,2,2,38,7,1229,1,4,VAUXHALL ADAM,9,E01027404,0,-1
2021041099368,2021,041099368,1,9,0,18,19,1,5,0,0,0,0,0,0,0,2,1,6,6,2,47,8,1398,1,6,VAUXHALL ADAM,8,E01024934,0,-1
2021201142057,2021,201142057,1,9,0,18,19,8,4,0,0,1,0,0,0,0,1,1,1,1,2,55,8,1229,1,3,VAUXHALL ADAM,4,E01009243,0,-1
2021101091695,2021,101091695,1,9,0,18,19,1,5,0,0,0,0,0,0,0,4,1,5,6,2,29,6,1229,1,5,VAUXHALL ADAM,2,E01008847,0,-1
2021131063502,2021,131063502,1,9,0,18,19,1,5,0,0,0,0,0,0,0,1,2,2,2,2,21,5,1229,1,4,VAUXHALL ADAM,5,E01011178,0,-1
2021041104834,2021,041104834,2,9,0,18,19,5,1,0,0,8,0,0,0,0,4,1,5,6,1,66,10,1229,1,3,VAUXHALL ADAM,1,E01025575,0,-1
2021302101900,2021,302101900,1,9,0,18,19,2,8,0,0,8,0,0,0,0,3,1,6,6,1,25,5,1229,1,6,VAUXHALL ADAM,4,E01019690,0,-1
2021010300646,2021,010300646,2,9,0,99,99,9,9,99,99,9,9,99,9,99,9,9,6,6,3,-1,-1,1229,1,7,VAUXHALL ADAM,9,E01024438,0,-1
2021501083169,2021,501083169,1,9,0,18,19,5,7,0,0,0,0,0,0,0,3,1,5,6,1,27,6,1229,1,7,VAUXHALL ADAM,7,E01019892,0,-1
2021010339248,2021,010339248,2,9,0,99,99,9,9,99,99,0,9,99,9,99,1,9,6,6,3,-1,-1,1229,1,5,VAUXHALL ADAM,10,E01017816,0,-1
2021231056449,2021,231056449,1,9,0,18,19,6,2,0,0,0,0,0,0,0,1,1,1,1,1,31,6,1398,1,8,VAUXHALL ADAM,9,E01032894,0,-1
2021302100459,2021,302100459,2,9,0,9,9,2,8,0,0,1,0,0,0,0,4,1,6,6,2,23,5,1229,1,5,VAUXHALL ADAM,10,E01019881,0,-1
202134NNC5281,2021,34NNC5281,1,9,0,18,19,7,3,0,0,0,1,0,2,7,1,1,6,6,2,18,4,1229,1,7,VAUXHALL ADAM,3,E01027191,0,-1
2021010303679,2021,010303679,1,9,9,99,99,9,9,0,0,9,9,99,9,99,9,9,6,6,3,-1,-1,1229,1,5,VAUXHALL ADAM,8,E01022059,0,-1
2021461097335,2021,461097335,1,9,0,3,3,6,2,0,0,0,0,0,0,0,1,1,2,2,2,25,5,1398,1,5,VAUXHALL ADAM,10,E01016054,0,-1
2021552100802,2021,552100802,2,9,0,2,2,0,0,0,0,0,0,0,0,0,2,1,6,6,3,-1,-1,1398,1,4,VAUXHALL ADAM,-1,-1,0,-1
2021101117607,2021,101117607,2,9,0,16,19,6,2,0,0,0,0,0,0,0,1,1,5,6,2,29,6,1229,1,3,VAUXHALL ADAM,6,E01008268,0,-1
2021320286465,2021,320286465,2,9,0,18,19,3,7,0,0,0,0,0,0,0,1,1,6,6,2,55,8,1398,1,4,VAUXHALL ADAM,3,E01026381,0,-1
202163D017221,2021,63D017221,2,9,0,18,19,3,7,0,0,8,1,0,0,0,1,1,6,6,2,18,4,1398,1,4,VAUXHALL ADAM,-1,-1,0,-1
2021302101672,2021,302101672,2,9,0,18,19,8,4,0,0,1,0,0,0,0,1,1,6,6,2,24,5,1229,1,4,VAUXHALL ADAM,8,E01019811,0,-1
202134WNC4601,2021,34WNC4601,1,9,0,12,12,5,1,0,0,0,0,0,0,0,1,1,6,6,2,21,5,1398,1,6,VAUXHALL ADAM,6,E01016178,0,-1
2021221056817,2021,221056817,1,9,0,3,3,4,8,0,0,1,0,0,0,0,2,1,5,6,2,17,4,1229,1,8,VAUXHALL ADAM,9,E01032261,0,-1
2021161020177,2021,161020177,1,9,0,7,7,3,7,0,0,0,1,11,0,0,1,1,1,1,1,19,4,1229,1,4,VAUXHALL ADAM,7,E01033108,0,-1
2021421116155,2021,421116155,1,9,0,7,7,7,1,0,0,2,0,0,0,0,1,1,6,6,2,27,6,1398,1,6,VAUXHALL ADAM,2,E01002277,0,-1
2021161080494,2021,161080494,2,9,0,4,4,5,1,0,0,0,0,0,0,0,2,1,5,6,2,27,6,1398,1,5,VAUXHALL ADAM,7,E01033105,0,-1
2021161055985,2021,161055985,1,9,0,18,19,2,6,0,0,0,0,0,0,0,1,1,6,6,1,24,5,1229,1,4,VAUXHALL ADAM,2,E01013202,0,-1
2021421059692,2021,421059692,1,9,0,18,19,7,3,0,0,0,0,0,0,0,1,1,6,6,1,48,8,1229,1,3,VAUXHALL ADAM,10,E01021935,0,-1
2021991077799,2021,991077799,1,9,0,3,3,8,3,0,0,0,0,0,0,0,2,1,1,1,2,28,6,1229,1,2,VAUXHALL ADAM,-1,-1,0,-1
2021131120506,2021,131120506,1,9,0,18,19,7,3,0,0,0,0,0,7,0,1,1,2,2,2,20,4,1229,1,7,VAUXHALL ADAM,2,E01011856,0,-1
2021061113571,2021,061113571,1,9,0,3,3,8,4,0,0,1,0,0,0,0,3,1,5,6,1,26,6,1229,1,3,VAUXHALL ADAM,1,E01006275,0,-1
2021221112576,2021,221112576,2,9,0,4,4,7,3,0,0,1,0,0,0,0,1,1,5,6,2,25,5,1229,1,2,VAUXHALL ADAM,3,E01032236,0,-1
2021141091193,2021,141091193,2,9,0,17,19,6,4,0,0,2,1,0,0,0,1,1,5,6,2,32,6,1229,1,3,VAUXHALL ADAM,3,E01033263,0,-1
2021522103863,2021,522103863,2,9,0,18,19,5,1,0,0,0,0,0,0,0,2,1,6,6,2,56,9,1398,1,8,VAUXHALL ADAM,6,E01014865,0,-1
2021010329173,2021,010329173,2,9,0,99,99,9,9,0,0,2,9,0,0,0,9,9,6,6,3,-1,-1,1398,1,7,VAUXHALL ADAM,9,E01002364,0,-1
2021440140477,2021,440140477,1,9,0,13,13,5,1,0,0,8,0,0,0,0,1,1,6,6,1,21,5,1364,1,6,VAUXHALL ADAM,9,E01022639,0,-1
2021111018189,2021,111018189,2,9,0,18,19,7,3,0,0,0,0,0,0,0,1,1,5,6,2,60,9,1229,1,6,VAUXHALL ADAM,5,E01020660,0,-1
2021111089991,2021,111089991,1,9,0,4,4,5,1,0,0,1,0,0,0,0,1,1,6,6,2,50,8,1229,1,3,VAUXHALL ADAM,-1,-1,0,-1
2021161101829,2021,161101829,1,9,0,1,1,6,4,0,0,1,0,0,0,0,2,1,5,6,2,62,9,1398,1,4,VAUXHALL ADAM,3,E01013254,0,-1
2021010364519,2021,010364519,1,9,9,99,99,9,9,99,99,1,0,99,0,0,9,9,6,6,3,-1,-1,1364,1,6,VAUXHALL ADAM,-1,-1,0,-1
2021061113937,2021,061113937,2,9,0,18,19,4,8,0,0,8,0,0,2,1,1,1,5,6,2,25,5,1229,1,8,VAUXHALL ADAM,8,E01005359,0,-1
2021010336447,2021,010336447,2,9,0,99,99,9,9,99,99,9,9,99,9,99,2,9,6,6,3,20,4,1229,1,7,VAUXHALL ADAM,2,E01004390,0,-1
2021101131339,2021,101131339,1,9,0,9,9,5,2,0,0,2,0,0,0,0,3,1,5,6,2,20,4,1229,1,4,VAUXHALL ADAM,3,E01032649,0,-1
2021141104151,2021,141104151,1,9,0,4,4,3,7,0,0,1,0,0,0,0,2,1,6,6,1,22,5,1229,1,2,VAUXHALL ADAM,1,E01007668,0,-1
2021991114920,2021,991114920,2,9,0,18,19,8,4,0,0,8,2,10,0,0,4,1,6,6,2,60,9,1229,1,3,VAUXHALL ADAM,-1,-1,0,-1
2021122100978,2021,122100978,2,9,0,9,9,5,3,0,0,1,5,0,7,0,1,1,1,1,2,41,7,1229,1,4,VAUXHALL ADAM,1,E01027869,0,-1
2021201139999,2021,201139999,1,9,0,18,19,6,2,0,0,1,0,4,0,0,1,1,6,6,2,-1,-1,1398,1,8,VAUXHALL ADAM,-1,-1,0,-1
2021201032088,2021,201032088,2,9,0,18,19,8,4,0,0,8,1,0,0,0,4,1,1,1,2,23,5,1398,1,7,VAUXHALL ADAM,2,E01010508,0,-1
2021302101145,2021,302101145,2,9,0,2,2,0,0,0,0,2,0,0,0,0,2,1,6,6,2,23,5,1229,1,7,VAUXHALL ADAM,-1,-1,0,-1
2021131040683,2021,131040683,2,9,0,9,9,4,8,0,0,8,0,0,0,0,3,1,6,6,2,19,4,1229,1,7,VAUXHALL ADAM,7,E01010644,0,-1
2021401091555,2021,401091555,1,9,0,11,11,5,1,0,0,3,0,0,0,0,4,1,2,2,2,31,6,1229,1,8,VAUXHALL ADAM,10,E01017399,0,-1
2021138461129,2021,138461129,1,9,0,9,9,1,7,0,0,8,0,0,0,0,1,1,6,6,2,23,5,1229,1,4,VAUXHALL ADAM,10,E01027574,0,-1
2021520103964,2021,520103964,2,9,0,9,9,4,2,0,0,6,0,0,0,0,3,1,6,6,2,20,4,1229,1,6,VAUXHALL ADAM,9,E01029294,0,-1
2021041032624,2021,041032624,2,9,0,2,2,0,0,9,9,0,0,0,0,0,2,1,6,6,3,-1,-1,1229,1,4,VAUXHALL ADAM,-1,-1,0,-1
2021451104321,2021,451104321,2,9,0,18,19,1,5,0,0,0,0,0,0,0,1,1,6,6,2,20,4,1229,1,7,VAUXHALL ADAM,-1,-1,0,-1
2021991125987,2021,991125987,1,9,0,18,19,7,2,0,0,0,2,0,1,9,4,1,5,6,2,20,4,1229,1,4,VAUXHALL ADAM,7,-1,0,-1
2021101125075,2021,101125075,1,9,0,16,19,5,1,0,0,0,0,0,0,0,1,1,6,6,2,19,4,1398,1,5,VAUXHALL ADAM,9,E01033714,0,-1
2021041107579,2021,041107579,2,9,0,5,5,5,1,0,0,8,0,0,0,0,1,1,2,2,2,26,6,1229,1,5,VAUXHALL ADAM,3,E01012689,0,-1
2021371111976,2021,371111976,1,9,0,4,4,8,4,0,0,0,0,0,4,0,1,1,5,6,2,22,5,1229,1,7,VAUXHALL ADAM,6,E01030056,0,-1
2021522101785,2021,522101785,1,9,0,2,2,0,0,0,0,0,0,0,1,0,3,1,6,6,2,53,8,1229,1,7,VAUXHALL ADAM,9,E01014956,0,-1
2021302100430,2021,302100430,1,9,0,9,9,8,6,0,0,2,0,0,0,0,1,1,6,6,2,22,5,1229,1,4,VAUXHALL ADAM,10,E01013578,0,-1
2021461070409,2021,461070409,2,9,0,18,19,7,3,0,0,3,0,0,0,0,4,1,6,6,1,21,5,1229,1,3,VAUXHALL ADAM,7,E01024550,0,-1
2021052102228,2021,052102228,1,9,0,9,9,6,3,0,0,1,0,0,0,0,1,1,6,6,2,18,4,1229,1,6,VAUXHALL ADAM,6,E01011071,0,-1
202163A059921,2021,63A059921,1,9,0,9,9,1,7,0,0,6,0,0,0,0,1,1,6,6,2,58,9,1229,1,8,VAUXHALL ADAM,3,W01000928,0,-1
2021461078504,2021,461078504,2,9,0,2,2,0,0,0,0,2,0,0,0,0,3,1,5,6,2,-1,-1,1229,1,5,VAUXHALL ADAM,9,E01024175,0,-1
2021622100979,2021,622100979,1,9,0,18,19,1,5,0,0,0,0,0,0,0,4,1,6,6,2,21,5,1398,1,8,VAUXHALL ADAM,1,W01001300,0,-1
2021991075640,2021,991075640,2,9,0,18,19,7,3,0,0,0,0,0,0,0,1,1,5,6,1,56,9,1229,1,5,VAUXHALL ADAM,3,-1,0,-1
2021201131356,2021,201131356,1,9,0,18,19,8,4,0,0,0,2,4,0,0,1,1,6,6,2,-1,-1,1229,1,8,VAUXHALL ADAM,-1,-1,0,-1
2021201053604,2021,201053604,1,9,0,7,7,1,4,0,0,8,0,0,0,0,1,1,6,6,2,-1,-1,1229,1,6,VAUXHALL ADAM,3,E01008953,0,-1
2021522101099,2021,522101099,2,9,0,9,9,1,7,0,0,8,0,0,1,0,3,1,6,6,2,27,6,1229,1,6,VAUXHALL ADAM,9,E01014998,0,-1
2021131082905,2021,131082905,2,9,0,18,19,5,1,0,0,1,0,0,0,0,2,1,5,6,2,25,5,1229,1,3,VAUXHALL ADAM,2,E01011815,0,-1
2021010338158,2021,010338158,1,9,0,99,99,9,9,99,99,9,9,99,9,99,1,9,6,6,2,29,6,1229,1,5,VAUXHALL ADAM,2,E01024277,0,-1
2021440467218,2021,440467218,1,9,0,18,19,7,2,0,0,8,0,0,4,4,1,1,6,6,1,35,6,1984,1,0,VOLKSWAGEN T-ROC,8,E01032841,0,-1
2021221117712,2021,221117712,1,9,0,5,5,1,3,0,0,6,0,0,0,0,3,1,5,6,2,27,6,999,1,0,VOLKSWAGEN T-ROC,2,E01013993,0,-1
2021991114773,2021,991114773,1,9,0,18,19,4,8,0,0,0,0,7,0,0,1,1,5,6,2,56,9,1498,1,0,VOLKSWAGEN T-ROC,4,-1,0,-1
2021361066639,2021,361066639,2,9,0,18,19,4,8,0,0,0,5,0,1,0,1,1,6,6,2,72,10,1498,1,0,VOLKSWAGEN T-ROC,7,E01026672,0,-1
2021070639884,2021,070639884,2,9,0,18,19,4,8,0,0,0,0,0,0,0,2,1,2,2,2,55,8,999,1,2,VOLKSWAGEN T-ROC,8,E01006194,0,-1
2021010351648,2021,010351648,1,9,0,9,9,1,7,0,0,2,0,0,0,0,1,1,6,6,1,46,8,1498,1,0,VOLKSWAGEN T-ROC,3,E01001884,0,-1
2021991057268,2021,991057268,3,9,0,3,3,3,7,0,0,4,0,0,0,0,2,1,5,6,2,24,5,999,1,3,VOLKSWAGEN T-ROC,-1,-1,0,-1
2021041116315,2021,041116315,2,9,0,3,3,7,3,0,0,0,0,0,0,0,2,1,5,6,2,51,8,999,1,3,VOLKSWAGEN T-ROC,9,E01004952,0,-1
2021461113975,2021,461113975,2,9,0,4,4,1,5,0,0,0,0,0,0,0,2,1,6,6,1,-1,-1,1498,1,1,VOLKSWAGEN T-ROC,4,E01024591,0,-1
2021411105200,2021,411105200,2,9,0,3,3,2,6,0,0,0,0,0,0,0,2,1,6,6,1,72,10,1498,1,2,VOLKSWAGEN T-ROC,9,E01023748,0,-1
2021361060562,2021,361060562,3,9,0,2,2,1,5,0,0,0,0,0,0,0,4,1,6,6,1,76,11,1498,1,3,VOLKSWAGEN T-ROC,4,E01026741,0,-1
2021302101549,2021,302101549,2,9,0,2,2,0,0,0,0,0,0,0,0,0,2,1,6,6,3,-1,-1,1598,2,3,VOLKSWAGEN T-ROC,-1,-1,0,-1
2021010318294,2021,010318294,1,9,0,13,13,3,7,0,0,8,0,0,0,0,1,1,6,6,1,27,6,999,1,2,VOLKSWAGEN T-ROC,2,E01003066,0,-1
2021991103998,2021,991103998,4,9,0,4,4,3,7,0,0,0,0,0,0,0,2,1,6,6,1,35,6,1598,2,2,VOLKSWAGEN T-ROC,10,-1,0,-1
2021440463144,2021,440463144,1,9,0,9,9,3,7,0,0,1,0,0,0,0,3,1,6,6,2,73,10,1498,1,1,VOLKSWAGEN T-ROC,8,E01023280,0,-1
2021201058376,2021,201058376,2,9,0,4,4,-1,-1,0,0,3,1,0,0,0,2,1,6,6,1,40,7,1498,1,0,VOLKSWAGEN T-ROC,1,E01009303,0,-1
2021421069769,2021,421069769,2,9,0,18,19,1,5,0,0,1,0,0,0,0,1,1,5,6,2,30,6,1498,1,2,VOLKSWAGEN T-ROC,9,E01021256,0,-1
2021991100343,2021,991100343,1,9,0,18,19,5,1,0,0,0,0,0,0,0,1,1,6,6,1,73,10,1498,1,1,VOLKSWAGEN T-ROC,4,-1,0,-1
2021010319157,2021,010319157,1,9,0,9,9,1,7,0,0,5,0,0,0,0,2,1,6,6,2,29,6,1498,1,1,VOLKSWAGEN T-ROC,2,E01001773,0,-1
2021061101468,2021,061101468,1,9,0,8,8,1,1,0,0,0,0,0,0,0,1,1,6,6,2,61,9,1498,1,0,VOLKSWAGEN T-ROC,4,E01005632,0,-1