collision_index,collision_year,collision_ref_no,vehicle_reference,vehicle_type,towing_and_articulation,vehicle_manoeuvre_historic,vehicle_manoeuvre,vehicle_direction_from,vehicle_direction_to,vehicle_location_restricted_lane_historic,vehicle_location_restricted_lane,junction_location,skidding_and_overturning,hit_object_in_carriageway,vehicle_leaving_carriageway,hit_object_off_carriageway,first_point_of_impact,vehicle_left_hand_drive,journey_purpose_of_driver_historic,journey_purpose_of_driver,sex_of_driver,age_of_driver,age_band_of_driver,engine_capacity_cc,propulsion_code,age_of_vehicle,generic_make_model,driver_imd_decile,lsoa_of_driver,escooter_flag,driver_distance_banding
2021302100532,2021,302100532,1,9,0,18,19,1,5,0,0,0,1,10,0,0,3,1,6,6,1,27,6,1995,2,8,BMW 4 SERIES,2,E01019483,0,-1
2021201050790,2021,201050790,2,9,0,18,19,2,6,0,0,8,0,0,0,0,2,1,6,6,2,43,7,2993,2,6,BMW 4 SERIES,4,E01008891,0,-1
2021231099793,2021,231099793,2,9,0,2,2,0,0,0,0,0,0,0,0,0,2,1,5,6,1,50,8,1995,2,7,BMW 4 SERIES,5,E01031132,0,-1
2021411120822,2021,411120822,3,9,0,4,4,7,3,0,0,0,0,0,0,0,1,1,6,6,2,41,7,1995,2,4,BMW 4 SERIES,9,E01017692,0,-1
2021010348497,2021,010348497,1,9,0,18,19,1,5,0,0,8,0,0,0,0,1,1,6,6,1,24,5,1995,2,6,BMW 4 SERIES,2,E01000154,0,-1
2021552100820,2021,552100820,2,9,0,18,19,5,1,0,0,8,0,0,0,0,1,1,6,6,2,36,7,2993,2,5,BMW 4 SERIES,8,E01020514,0,-1
2021361040862,2021,361040862,1,9,0,18,19,7,3,0,0,1,0,0,0,0,2,1,6,6,2,25,5,1995,2,5,BMW 4 SERIES,9,E01026503,0,-1
2021010294361,2021,010294361,3,9,0,13,13,7,3,0,0,0,0,0,0,0,1,1,6,6,3,-1,-1,1995,2,7,BMW 4 SERIES,-1,-1,0,-1
2021141043182,2021,141043182,3,9,0,18,19,1,5,0,0,0,1,0,0,0,1,1,5,6,1,33,6,2993,2,6,BMW 4 SERIES,2,E01007593,0,-1
2021461065160,2021,461065160,1,9,0,18,19,3,7,0,0,0,1,7,5,6,3,1,6,6,1,30,6,2993,2,5,BMW 4 SERIES,7,E01033733,0,-1
2021201149169,2021,201149169,3,9,0,2,2,0,0,0,0,2,0,0,0,0,2,1,6,6,3,-1,-1,1995,2,5,BMW 4 SERIES,-1,-1,0,-1
2021010325734,2021,010325734,2,9,0,18,19,7,3,0,0,0,0,0,0,0,1,1,6,6,1,23,5,1995,2,5,BMW 4 SERIES,3,E01001436,0,-1
2021101082482,2021,101082482,2,9,0,18,19,7,7,0,0,1,0,0,0,0,1,1,6,6,1,26,6,2993,2,5,BMW 4 SERIES,4,E01012277,0,-1
2021052101484,2021,052101484,3,9,0,9,9,5,1,0,0,1,0,0,0,0,3,1,6,6,1,48,8,2993,2,2,BMW 4 SERIES,9,E01006301,0,-1
2021010327688,2021,010327688,1,9,0,18,19,3,7,0,0,8,0,0,0,0,1,1,6,6,2,27,6,1998,1,2,BMW 4 SERIES,3,E01003769,0,-1
2021411040372,2021,411040372,1,9,-1,5,5,4,5,0,0,0,0,0,0,0,-1,1,6,6,3,-1,-1,1995,2,1,BMW 4 SERIES,-1,-1,0,-1
2021991031176,2021,991031176,1,9,0,18,19,5,1,0,0,0,0,0,0,0,3,1,6,6,1,25,5,1998,1,5,BMW 4 SERIES,10,-1,0,-1
2021010303490,2021,010303490,1,9,0,3,3,5,1,0,0,4,0,0,0,0,1,1,6,6,1,30,6,1995,2,5,BMW 4 SERIES,7,E01001600,0,-1
2021010348085,2021,010348085,2,9,0,18,19,3,7,99,99,9,9,0,0,0,2,1,6,6,3,-1,-1,1995,2,8,BMW 4 SERIES,3,E01003544,0,-1
2021010292529,2021,010292529,1,9,0,18,19,1,5,0,0,1,0,0,0,0,3,1,6,6,1,26,6,1998,1,1,BMW 4 SERIES,10,E01030607,0,-1
2021010325167,2021,010325167,1,9,0,99,99,9,9,99,99,0,9,99,9,99,2,9,6,6,1,43,7,2979,1,6,BMW 4 SERIES,4,E01000039,0,-1
2021440199334,2021,440199334,2,9,0,9,9,5,3,0,0,8,0,0,0,0,4,1,6,6,1,55,8,1995,2,7,BMW 4 SERIES,8,E01032845,0,-1
202131A032021,2021,31A032021,2,9,0,18,19,4,8,0,0,0,0,0,0,0,1,1,6,6,1,-1,-1,1997,1,6,BMW 4 SERIES,-1,-1,0,-1
2021131110832,2021,131110832,3,9,0,18,19,6,2,0,0,0,0,0,0,0,4,1,5,6,2,31,6,1995,2,6,BMW 4 SERIES,2,E01010716,0,-1
2021010314476,2021,010314476,1,9,0,99,99,9,9,99,99,9,9,99,9,99,9,9,6,6,1,23,5,1995,2,5,BMW 4 SERIES,1,E01004257,0,-1
2021010305882,2021,010305882,1,9,0,5,5,3,7,0,0,4,0,0,0,0,1,1,2,2,1,46,8,1998,1,4,BMW 4 SERIES,7,E01002412,0,-1
2021061029242,2021,061029242,1,9,0,7,7,1,3,0,0,0,0,0,0,0,1,1,6,6,1,27,6,2993,2,4,BMW 4 SERIES,4,E01005299,0,-1
2021520200655,2021,520200655,1,9,0,17,19,6,2,0,0,0,0,0,2,1,1,1,6,6,1,28,6,1997,1,6,BMW 4 SERIES,4,E01029232,0,-1
2021010313946,2021,010313946,1,9,0,4,4,3,7,0,0,4,0,99,0,0,0,1,6,6,1,67,10,1995,2,5,BMW 4 SERIES,-1,-1,0,-1
2021501142838,2021,501142838,1,9,0,18,19,1,5,0,0,8,0,0,0,0,1,1,5,6,1,21,5,1995,2,7,BMW 4 SERIES,6,E01015132,0,-1
2021440521726,2021,440521726,1,9,0,4,4,2,6,0,0,2,0,0,0,0,2,1,6,6,2,52,8,1998,1,3,BMW 4 SERIES,5,E01023079,0,-1
2021041116271,2021,041116271,2,9,0,18,19,4,8,0,0,0,0,0,0,0,1,1,6,6,2,29,6,1995,2,6,BMW 4 SERIES,8,E01025038,0,-1
2021211053614,2021,211053614,2,9,0,4,4,3,7,0,0,1,0,0,5,0,2,1,1,1,1,36,7,1995,2,7,BMW 4 SERIES,2,E01028101,0,-1
2021411015213,2021,411015213,1,9,0,18,19,1,5,0,0,1,1,10,0,0,4,1,6,6,3,-1,-1,1995,2,7,BMW 4 SERIES,-1,-1,0,-1
2021461097397,2021,461097397,1,9,0,5,5,1,7,0,0,1,0,0,0,0,1,1,5,6,1,21,5,2993,2,7,BMW 4 SERIES,2,E01024500,0,-1
2021461099531,2021,461099531,3,9,0,18,19,3,7,0,0,0,0,0,0,0,2,1,5,6,2,41,7,1995,2,1,BMW 4 SERIES,2,E01024584,0,-1
2021461014139,2021,461014139,2,9,0,18,19,1,5,0,0,1,0,0,0,0,3,1,6,6,1,25,5,1995,2,6,BMW 4 SERIES,7,E01024592,0,-1
2021010288484,2021,010288484,1,9,0,5,5,3,7,0,0,1,0,0,0,0,1,1,6,6,2,27,6,2979,1,6,BMW 4 SERIES,4,E01000676,0,-1
2021161036296,2021,161036296,3,9,0,18,19,5,1,0,0,8,0,0,0,0,1,1,6,6,1,52,8,1995,2,2,BMW 4 SERIES,8,E01025549,0,-1
202131D126221,2021,31D126221,3,9,0,2,2,0,0,0,0,2,0,0,0,0,2,1,6,6,1,24,5,1998,1,2,BMW 4 SERIES,7,E01028402,0,-1
2021161053678,2021,161053678,1,9,0,18,19,3,7,0,0,1,0,0,0,0,1,1,2,2,2,48,8,2993,2,6,BMW 4 SERIES,10,E01012970,0,-1
2021010301137,2021,010301137,1,9,0,18,19,5,1,0,0,1,0,4,0,0,3,1,6,6,1,24,5,1995,2,4,BMW 4 SERIES,1,E01002074,0,-1
2021421109816,2021,421109816,1,9,0,6,6,6,2,0,0,0,0,0,0,0,3,1,1,1,1,25,5,1998,1,3,BMW 4 SERIES,5,E01023332,0,-1
2021440463419,2021,440463419,1,9,0,6,6,6,2,0,0,0,0,0,0,0,3,1,6,6,3,-1,-1,1995,2,4,BMW 4 SERIES,-1,-1,0,-1
2021010312647,2021,010312647,1,9,0,7,7,7,1,0,0,5,0,7,1,1,1,1,2,2,1,29,6,1995,2,5,BMW 4 SERIES,-1,-1,0,-1
2021010306671,2021,010306671,1,9,0,99,99,9,9,99,99,9,9,99,9,99,9,9,6,6,1,57,9,1997,1,8,BMW 4 SERIES,4,E01004294,0,-1
2021010333540,2021,010333540,1,9,0,9,9,1,8,0,0,5,0,0,7,0,4,1,6,6,1,31,6,1995,2,6,BMW 4 SERIES,8,E01028168,0,-1
2021041101105,2021,041101105,2,9,0,3,3,0,0,0,0,1,0,0,0,0,1,1,5,6,2,35,6,1995,2,4,BMW 4 SERIES,9,E01025545,0,-1
2021622100663,2021,622100663,1,9,0,18,19,3,7,0,0,8,0,0,0,0,1,1,6,6,2,20,4,1995,2,4,BMW 4 SERIES,7,W01001118,0,-1
2021231037586,2021,231037586,1,9,0,17,19,1,7,0,0,8,0,0,7,11,1,1,5,6,2,36,7,1995,2,6,BMW 4 SERIES,6,E01031017,0,-1
2021131064205,2021,131064205,1,9,0,18,19,1,5,0,0,0,1,0,1,11,1,1,5,6,1,34,6,2993,2,5,BMW 4 SERIES,1,E01010673,0,-1
2021141088060,2021,141088060,1,9,0,4,4,5,6,0,0,0,0,0,7,0,4,1,2,2,2,37,7,2993,2,5,BMW 4 SERIES,6,E01007570,0,-1
2021201046731,2021,201046731,1,9,0,18,19,6,2,0,0,7,0,0,0,0,3,1,5,6,1,23,5,1995,2,6,BMW 4 SERIES,1,E01009094,0,-1
2021440490905,2021,440490905,2,9,0,18,19,1,5,0,0,0,0,0,0,0,1,1,6,6,2,29,6,1997,1,6,BMW 4 SERIES,9,E01023259,0,-1
2021052102631,2021,052102631,1,9,0,18,19,3,7,0,0,2,0,0,0,0,3,1,6,6,3,-1,-1,1998,1,0,BMW 4 SERIES,-1,-1,0,-1
2021421080000,2021,421080000,1,9,0,4,4,1,5,0,0,0,0,4,0,0,1,1,6,6,2,63,9,1998,1,3,BMW 4 SERIES,9,E01001567,0,-1
2021211127523,2021,211127523,1,9,0,18,19,4,8,0,0,0,5,0,1,0,4,1,6,6,1,21,5,1995,2,6,BMW 4 SERIES,2,E01003607,0,-1
2021141038604,2021,141038604,2,9,0,18,19,2,6,0,0,0,0,4,0,0,1,1,6,6,3,-1,-1,2993,2,6,BMW 4 SERIES,-1,-1,0,-1
2021010337965,2021,010337965,2,9,0,2,2,0,0,0,0,0,0,0,0,0,1,1,6,6,3,-1,-1,1997,1,6,BMW 4 SERIES,-1,-1,0,-1
2021131084468,2021,131084468,2,9,0,-1,-1,-1,-1,-1,-1,0,-1,-1,-1,-1,2,1,6,6,2,31,6,1995,2,4,BMW 4 SERIES,3,E01010835,0,-1
2021430206953,2021,430206953,1,9,0,9,9,1,7,0,0,2,1,4,1,11,1,1,6,6,1,23,5,1995,2,8,BMW 4 SERIES,4,E01016447,0,-1
2021010290531,2021,010290531,2,9,0,9,9,8,6,0,0,1,0,0,0,0,2,1,1,1,1,37,7,1997,1,7,BMW 4 SERIES,2,E01003151,0,-1
2021522106181,2021,522106181,1,9,0,4,4,6,2,0,0,1,0,0,0,0,2,1,6,6,1,57,9,2993,2,7,BMW 4 SERIES,10,E01014875,0,-1
2021221035622,2021,221035622,1,9,0,18,19,8,4,0,0,0,0,0,0,0,1,1,5,6,2,27,6,2993,2,6,BMW 4 SERIES,1,E01032424,0,-1
2021101058017,2021,101058017,3,9,0,10,10,2,8,0,0,1,0,0,0,0,2,1,6,6,1,30,6,1995,2,7,BMW 4 SERIES,-1,-1,0,-1
2021522101422,2021,522101422,1,9,0,9,9,3,1,0,0,8,0,0,0,0,1,1,6,6,2,52,8,2993,2,1,BMW 4 SERIES,8,E01014867,0,-1
2021501092471,2021,501092471,2,9,0,18,19,8,4,0,0,8,0,0,0,0,1,1,5,6,1,26,6,1998,1,4,BMW 4 SERIES,4,E01020189,0,-1
2021211053768,2021,211053768,1,9,0,9,9,6,3,0,0,0,0,0,0,0,4,1,6,6,1,25,5,2993,2,4,BMW 4 SERIES,9,E01010255,0,-1
202154A134621,2021,54A134621,1,9,0,18,19,8,4,0,0,0,5,0,1,0,1,1,6,6,1,33,6,2993,2,6,BMW 4 SERIES,9,E01031841,0,-1
2021131112071,2021,131112071,1,9,0,1,1,5,1,0,0,0,0,0,0,0,2,1,6,6,3,-1,-1,1998,1,5,BMW 4 SERIES,-1,-1,0,-1
2021010295400,2021,010295400,1,9,0,18,19,1,5,0,0,2,0,0,0,0,1,1,6,6,2,33,6,1995,2,4,BMW 4 SERIES,4,E01003257,0,-1
2021010295296,2021,010295296,1,9,0,9,9,3,1,0,0,5,0,0,0,0,1,1,6,6,1,24,5,1997,1,7,BMW 4 SERIES,2,E01001815,0,-1
2021010297124,2021,010297124,1,9,0,99,99,9,9,99,99,9,9,99,9,99,9,9,6,6,2,28,6,1995,2,7,BMW 4 SERIES,2,E01002830,0,-1
2021141023470,2021,141023470,3,9,0,18,19,5,1,0,0,0,0,0,0,0,4,1,6,6,1,24,5,1998,1,2,BMW 4 SERIES,1,E01007369,0,-1
2021221090652,2021,221090652,2,9,0,16,19,2,6,0,0,8,0,0,0,0,1,1,5,6,2,26,6,1998,1,4,BMW 4 SERIES,9,E01009799,0,-1
2021101051280,2021,101051280,1,9,0,18,19,3,7,0,0,1,0,0,0,0,1,1,5,6,2,33,6,1995,2,3,BMW 4 SERIES,-1,-1,0,-1
2021010333630,2021,010333630,2,9,0,3,3,1,5,0,0,6,0,0,0,0,0,1,6,6,2,49,8,1995,12,0,BMW 4 SERIES,7,E01003831,0,-1
2021411066529,2021,411066529,1,9,0,18,19,5,1,0,0,8,0,0,0,0,3,1,2,2,1,41,7,2993,2,3,BMW 4 SERIES,9,E01030720,0,-1
2021010337765,2021,010337765,1,9,0,2,2,0,0,0,0,2,0,0,0,0,1,1,6,6,3,-1,-1,1995,2,7,BMW 4 SERIES,-1,-1,0,-1
2021010310052,2021,010310052,2,9,0,99,99,9,9,99,99,9,9,99,9,99,9,9,6,6,3,-1,-1,2993,2,5,BMW 4 SERIES,-1,-1,0,-1
2021010311158,2021,010311158,1,9,0,10,10,5,2,0,0,1,0,0,0,0,1,1,6,6,1,28,6,1995,2,5,BMW 4 SERIES,-1,-1,0,-1
2021010303415,2021,010303415,1,9,0,2,2,0,0,0,0,0,0,0,0,0,2,1,6,6,3,-1,-1,1998,1,3,BMW 4 SERIES,-1,-1,0,-1
2021041013427,2021,041013427,2,9,0,18,19,7,3,0,0,0,0,0,0,0,4,1,5,6,1,24,5,1997,1,6,BMW 4 SERIES,2,E01012573,0,-1
2021010349877,2021,010349877,1,9,9,99,99,9,9,99,99,9,9,99,9,99,2,9,6,6,2,51,8,1995,2,4,BMW 4 SERIES,1,E01002720,0,-1
2021991119910,2021,991119910,1,9,0,16,19,3,6,0,0,1,1,0,7,4,3,1,5,6,1,25,5,2998,1,3,BMW 4 SERIES,-1,-1,0,-1
2021520101882,2021,520101882,1,9,0,9,9,2,1,0,0,8,0,0,0,0,3,1,6,6,1,60,9,2998,1,3,BMW 4 SERIES,4,E01015236,0,-1
2021440443070,2021,440443070,1,9,0,9,9,6,4,0,0,8,0,0,0,0,4,1,6,6,1,29,6,1995,2,7,BMW 4 SERIES,10,E01022714,0,-1
2021430558163,2021,430558163,2,9,0,18,19,8,4,0,0,0,0,0,0,0,2,1,6,6,2,27,6,1995,2,6,BMW 4 SERIES,9,E01030646,0,-1
2021010315577,2021,010315577,2,9,0,9,9,7,5,0,0,1,0,0,0,0,3,1,6,6,1,29,6,1998,1,3,BMW 4 SERIES,5,E01002143,0,-1
2021010332936,2021,010332936,1,9,0,9,9,7,5,0,0,8,0,0,0,0,4,1,6,6,1,52,8,1995,2,6,BMW 4 SERIES,3,E01003572,0,-1
2021461128981,2021,461128981,3,9,0,18,19,6,3,0,0,1,0,0,0,0,1,1,6,6,1,25,5,2979,1,6,BMW 4 SERIES,4,E01024587,0,-1
2021991062390,2021,991062390,1,9,0,18,19,5,1,0,0,2,0,0,0,0,1,1,1,1,2,53,8,1995,2,3,BMW 4 SERIES,5,-1,0,-1
2021552100308,2021,552100308,1,9,0,17,19,4,8,0,0,0,2,0,1,10,1,1,6,6,1,20,4,1995,2,4,BMW 4 SERIES,8,E01020579,0,-1
2021430266898,2021,430266898,2,9,0,18,19,7,3,0,0,0,0,0,0,0,1,1,6,6,1,36,7,1995,2,5,BMW 4 SERIES,9,E01028739,0,-1
2021070396831,2021,070396831,1,9,0,13,13,5,1,0,0,0,0,0,0,0,4,1,2,2,2,33,6,1995,12,0,BMW 4 SERIES,-1,-1,0,-1
2021161129171,2021,161129171,2,9,0,18,19,5,1,0,0,0,0,4,0,0,1,1,6,6,3,-1,-1,1995,2,6,BMW 4 SERIES,-1,-1,0,-1
2021201070176,2021,201070176,1,9,0,9,9,5,2,0,0,6,0,0,0,0,1,1,6,6,2,40,7,1995,2,6,BMW 4 SERIES,2,E01010204,0,-1
2021101019782,2021,101019782,1,9,0,5,5,7,3,0,0,0,0,0,1,0,1,1,2,2,2,23,5,1995,2,7,BMW 4 SERIES,1,E01008600,0,-1
2021471062458,2021,471062458,2,9,0,2,2,0,0,0,0,0,0,0,0,0,3,1,6,6,3,-1,-1,1995,2,5,BMW 4 SERIES,-1,-1,0,-1
2021552200035,2021,552200035,1,9,0,9,9,8,6,0,0,5,0,0,0,0,1,1,6,6,1,43,7,2993,2,6,BMW 4 SERIES,9,E01015453,0,-1
2021440031378,2021,440031378,1,9,0,4,4,2,6,0,0,8,0,0,0,0,1,1,2,2,1,49,8,1998,1,3,BMW 4 SERIES,7,E01023048,0,-1
202134WNC1941,2021,34WNC1941,1,9,0,13,13,1,5,0,0,0,0,0,0,0,1,1,2,2,1,53,8,2993,2,6,BMW 4 SERIES,10,E01032984,0,-1
2021010322236,2021,010322236,2,9,0,9,9,1,8,0,0,6,0,0,0,0,1,1,6,6,1,35,6,2993,2,5,BMW 4 SERIES,2,E01000484,0,-1
2021010302139,2021,010302139,2,9,0,99,99,9,9,99,99,9,9,99,9,99,2,9,6,6,3,-1,-1,1995,2,6,BMW 4 SERIES,-1,-1,0,-1
2021421016337,2021,421016337,1,9,0,5,5,7,3,0,0,2,0,0,0,0,4,1,5,6,1,36,7,2993,2,3,BMW 4 SERIES,6,E01015860,0,-1
2021421080000,2021,421080000,2,9,0,2,2,7,7,0,0,0,0,0,0,0,2,1,6,6,3,-1,-1,1998,1,3,BMW 4 SERIES,-1,-1,0,-1
2021501049115,2021,501049115,1,9,0,18,19,3,7,0,0,8,0,0,7,1,1,1,5,6,2,31,6,2993,2,7,BMW 4 SERIES,1,E01029105,0,-1
2021411029887,2021,411029887,2,9,0,18,19,5,1,0,0,0,0,0,0,0,4,1,6,6,1,21,5,1995,2,5,BMW 4 SERIES,3,E01004331,0,-1
2021010321229,2021,010321229,1,9,0,18,19,6,2,0,0,1,2,10,7,2,1,2,6,6,1,22,5,2993,2,7,BMW 4 SERIES,5,E01000975,0,-1
2021991038112,2021,991038112,3,9,0,18,19,3,7,0,0,0,0,0,0,0,1,1,6,6,1,67,10,1998,1,3,BMW 4 SERIES,6,-1,0,-1
202134NNC2211,2021,34NNC2211,1,9,0,18,19,7,3,0,0,2,0,0,0,0,1,1,2,2,1,57,9,1995,2,5,BMW 4 SERIES,9,E01027345,0,-1
2021141037459,2021,141037459,1,9,0,18,19,3,7,0,0,2,0,0,1,2,3,1,5,6,1,22,5,1995,2,8,BMW 4 SERIES,2,E01007578,0,-1
2021010343258,2021,010343258,2,9,0,12,12,7,3,0,0,0,0,0,0,0,2,1,6,6,1,23,5,1995,2,5,BMW 4 SERIES,5,E01015832,0,-1
2021451112478,2021,451112478,3,9,0,4,4,1,5,0,0,0,0,0,0,0,2,1,1,1,1,56,9,1995,2,6,BMW 4 SERIES,8,E01031873,0,-1
202106M079987,2021,06M079987,1,9,0,5,5,6,2,0,0,6,0,0,0,0,1,1,6,6,1,50,8,1995,2,5,BMW 4 SERIES,3,E01005554,0,-1
2021041052555,2021,041052555,2,9,0,18,19,1,5,0,0,1,0,11,0,0,1,1,5,6,2,55,8,1998,1,4,BMW 4 SERIES,7,E01025028,0,-1
2021010311386,2021,010311386,1,9,0,18,19,5,1,9,9,1,0,10,7,10,1,1,6,6,1,25,5,1998,1,3,BMW 4 SERIES,8,E01000569,0,-1
2021041051511,2021,041051511,2,9,0,18,19,5,1,0,0,8,0,0,7,0,4,1,5,6,1,58,9,2993,2,6,BMW 4 SERIES,5,E01025555,0,-1
2021131099791,2021,131099791,1,9,0,-1,-1,5,1,-1,-1,0,-1,-1,-1,0,-1,1,6,6,3,-1,-1,2993,2,5,BMW 4 SERIES,-1,-1,0,-1
2021010289806,2021,010289806,2,9,0,4,4,5,1,0,0,2,0,4,0,0,2,1,6,6,2,32,6,1995,2,6,BMW 4 SERIES,10,E01017749,0,-1
2021010305211,2021,010305211,1,9,0,18,19,1,5,0,0,0,0,0,0,0,1,1,6,6,1,52,8,2979,1,7,BMW 4 SERIES,7,E01003396,0,-1
2021471107999,2021,471107999,1,9,0,9,9,7,4,4,4,8,0,0,0,0,1,1,6,6,1,45,7,1995,2,5,BMW 4 SERIES,5,E01016886,0,-1
2021010336151,2021,010336151,2,9,0,4,4,1,5,9,9,1,0,0,7,11,1,1,3,7,1,26,6,1995,2,6,BMW 4 SERIES,-1,-1,0,-1
2021471045521,2021,471045521,1,9,0,18,19,2,6,0,0,0,0,0,1,1,1,1,5,6,1,23,5,1995,2,5,BMW 4 SERIES,3,E01004397,0,-1
2021421089965,2021,421089965,1,9,0,18,19,5,1,0,0,0,5,0,7,4,4,1,6,6,1,46,8,2993,2,6,BMW 4 SERIES,5,E01021901,0,-1
2021440481444,2021,440481444,2,9,0,7,7,1,5,0,0,8,0,0,0,0,1,1,6,6,1,47,8,1995,2,4,BMW 4 SERIES,9,E01022787,0,-1
2021421032281,2021,421032281,2,9,0,4,4,3,7,0,0,0,0,0,0,0,2,1,5,6,1,54,8,1995,2,7,BMW 4 SERIES,7,E01021531,0,-1
2021010323653,2021,010323653,1,9,0,18,19,3,7,0,0,0,1,0,1,11,4,1,6,6,1,30,6,1995,2,2,BMW 4 SERIES,5,E01000240,0,-1
2021052100858,2021,052100858,1,9,0,9,9,7,3,0,0,6,0,0,0,0,3,1,6,6,1,49,8,1998,1,3,BMW 4 SERIES,7,E01007071,0,-1
2021052102702,2021,052102702,1,9,0,18,19,6,2,0,0,6,0,0,0,0,1,1,6,6,1,20,4,1995,2,3,BMW 4 SERIES,9,E01006365,0,-1
2021991110256,2021,991110256,2,9,0,4,4,2,6,0,0,0,0,0,0,0,2,1,5,6,2,34,6,1997,1,7,BMW 4 SERIES,5,-1,0,-1
2021430558163,2021,430558163,1,9,0,18,19,8,4,0,0,0,1,0,0,0,1,1,6,6,1,36,7,1995,2,6,BMW 4 SERIES,10,E01017872,0,-1
2021520104905,2021,520104905,1,9,0,17,19,8,3,0,0,0,1,0,7,4,4,1,6,6,1,31,6,2993,2,3,BMW 4 SERIES,4,E01029326,0,-1
2021421045640,2021,421045640,1,9,0,11,11,8,4,0,0,0,1,0,2,0,4,1,6,6,1,37,7,1998,1,5,BMW 4 SERIES,8,E01023872,0,-1
2021131126981,2021,131126981,2,9,0,18,19,5,1,0,0,1,0,0,0,0,2,1,5,6,1,37,7,1995,2,3,BMW 4 SERIES,1,E01011560,0,-1
202131C117421,2021,31C117421,2,9,0,18,19,6,2,0,0,1,0,0,0,0,1,1,6,6,1,30,6,1995,2,5,BMW 4 SERIES,2,E01033400,0,-1
2021010322056,2021,010322056,2,9,0,18,19,3,7,0,0,1,0,0,0,0,1,1,6,6,1,22,5,1995,2,6,BMW 4 SERIES,10,E01002188,0,-1
2021010309025,2021,010309025,1,9,0,18,19,3,7,0,0,8,0,0,0,0,1,1,6,6,1,40,7,1998,1,5,BMW 4 SERIES,8,E01003710,0,-1
2021010292911,2021,010292911,3,9,0,18,19,5,1,0,0,0,0,0,0,0,1,1,6,6,1,37,7,1997,1,6,BMW 4 SERIES,4,E01003482,0,-1
2021461104942,2021,461104942,2,9,0,18,19,7,3,0,0,0,0,0,0,0,2,1,2,2,2,59,9,2993,2,4,BMW 4 SERIES,8,E01016992,0,-1
2021111075832,2021,111075832,1,9,0,9,9,5,3,0,0,8,0,0,0,0,1,1,5,6,1,20,4,1995,2,7,BMW 4 SERIES,2,E01020878,0,-1
2021302101375,2021,302101375,2,9,0,18,19,6,2,0,0,0,0,0,0,0,2,1,6,6,3,-1,-1,1995,2,5,BMW 4 SERIES,5,E01019456,0,-1
2021052102042,2021,052102042,1,9,0,18,19,3,7,0,0,0,1,0,1,11,1,1,6,6,1,35,6,1995,2,3,BMW 4 SERIES,6,E01006773,0,-1
2021351045927,2021,351045927,1,9,0,18,19,7,3,0,0,0,1,0,1,11,1,1,6,6,1,22,5,1995,2,4,BMW 4 SERIES,6,E01018131,0,-1
2021010346304,2021,010346304,1,9,0,18,19,6,2,0,0,0,0,0,0,0,1,1,6,6,2,45,7,1995,2,5,BMW 4 SERIES,4,E01033730,0,-1
2021401118735,2021,401118735,2,9,0,18,19,1,5,0,0,0,0,0,0,0,4,1,5,6,1,26,6,1995,2,4,BMW 4 SERIES,10,E01017405,0,-1
2021201033238,2021,201033238,2,9,0,10,10,8,6,0,0,1,0,0,0,0,2,1,6,6,2,30,6,1997,1,7,BMW 4 SERIES,10,E01031139,0,-1
2021371134950,2021,371134950,1,9,0,12,12,2,5,0,0,1,0,0,0,0,3,1,5,6,1,21,5,1995,2,6,BMW 4 SERIES,5,E01030259,0,-1
2021991056097,2021,991056097,1,9,0,5,5,8,4,0,0,0,0,0,0,0,4,1,5,6,1,21,5,1995,2,7,BMW 4 SERIES,2,-1,0,-1
2021010301119,2021,010301119,2,9,9,99,99,9,9,99,99,9,9,99,0,0,9,9,6,6,1,57,9,1998,1,5,BMW 4 SERIES,8,E01002981,0,-1
2021010348187,2021,010348187,1,9,0,18,19,7,3,0,0,0,0,0,0,0,0,1,6,6,1,28,6,1998,1,3,BMW 4 SERIES,6,E01004731,0,-1
2021161100409,2021,161100409,2,9,0,18,19,5,1,0,0,0,0,0,0,0,0,1,6,6,1,49,8,2998,1,2,BMW 4 SERIES,7,E01013322,0,-1
2021010304780,2021,010304780,1,9,0,9,9,3,8,0,0,5,0,0,0,0,4,1,6,6,1,39,7,1995,2,1,BMW 4 SERIES,10,E01002476,0,-1
2021010324493,2021,010324493,3,9,0,14,14,7,3,0,0,8,0,0,0,0,1,1,6,6,3,-1,-1,1995,2,2,BMW 4 SERIES,-1,-1,0,-1
2021401042166,2021,401042166,1,9,0,16,19,1,5,8,6,0,5,0,7,11,1,1,5,6,1,23,5,1995,2,6,BMW 4 SERIES,6,E01017550,0,-1
2021010302549,2021,010302549,1,9,0,18,19,1,5,0,0,1,0,0,0,0,1,1,6,6,1,26,6,1998,1,2,BMW 4 SERIES,3,E01033593,0,-1
2021061024982,2021,061024982,2,9,0,18,19,1,5,0,0,8,0,0,0,0,1,1,6,6,1,22,5,1995,2,5,BMW 4 SERIES,4,E01005632,0,-1
2021440268868,2021,440268868,1,9,0,9,9,5,3,0,0,6,0,0,0,0,3,1,6,6,1,65,9,1995,2,2,BMW 4 SERIES,10,E01023244,0,-1
2021201071950,2021,201071950,2,9,0,4,4,-1,-1,0,0,0,0,0,0,0,1,1,6,6,1,-1,-1,1995,2,7,BMW 4 SERIES,-1,-1,0,-1
2021461067411,2021,461067411,3,9,0,2,2,0,0,9,9,0,0,0,0,0,2,1,6,6,1,-1,-1,1998,1,3,BMW 4 SERIES,9,E01024006,0,-1
2021430561157,2021,430561157,1,9,0,18,19,8,4,0,0,0,1,0,1,0,1,1,6,6,1,22,5,1998,1,0,BMW 4 SERIES,10,E01016640,0,-1
2021440500705,2021,440500705,3,9,0,2,2,0,0,0,0,8,0,0,0,0,2,1,6,6,2,44,7,1998,1,2,BMW 4 SERIES,10,E01022691,0,-1