collision_index,collision_year,collision_ref_no,vehicle_reference,vehicle_type,towing_and_articulation,vehicle_manoeuvre_historic,vehicle_manoeuvre,vehicle_direction_from,vehicle_direction_to,vehicle_location_restricted_lane_historic,vehicle_location_restricted_lane,junction_location,skidding_and_overturning,hit_object_in_carriageway,vehicle_leaving_carriageway,hit_object_off_carriageway,first_point_of_impact,vehicle_left_hand_drive,journey_purpose_of_driver_historic,journey_purpose_of_driver,sex_of_driver,age_of_driver,age_band_of_driver,engine_capacity_cc,propulsion_code,age_of_vehicle,generic_make_model,driver_imd_decile,lsoa_of_driver,escooter_flag,driver_distance_banding
2021141091688,2021,141091688,1,9,0,18,19,7,3,0,0,0,0,0,1,1,1,1,6,6,1,33,6,1995,2,5,BMW 4 SERIES,5,E01007853,0,-1
2021010305087,2021,010305087,1,9,9,99,99,9,9,99,99,9,9,99,9,99,9,9,6,6,1,36,7,1995,2,7,BMW 4 SERIES,2,E01001509,0,-1
2021231049775,2021,231049775,1,9,0,18,19,6,2,0,0,0,1,0,7,11,4,1,5,6,1,19,4,1995,2,5,BMW 4 SERIES,6,E01031283,0,-1
2021991069154,2021,991069154,2,9,0,16,19,4,8,0,0,0,0,0,0,0,1,1,5,6,2,35,6,1995,2,3,BMW 4 SERIES,10,-1,0,-1
2021052100143,2021,052100143,2,9,0,8,8,3,7,0,0,4,0,0,0,0,2,1,6,6,2,24,5,1998,1,2,BMW 4 SERIES,2,E01006855,0,-1
2021131071337,2021,131071337,1,9,0,12,12,2,4,0,0,0,1,0,0,0,1,1,5,6,1,26,6,2993,2,4,BMW 4 SERIES,6,E01027915,0,-1
2021221060716,2021,221060716,1,9,0,11,11,1,5,0,0,0,1,0,0,0,1,1,5,6,2,37,7,1995,2,6,BMW 4 SERIES,6,E01007665,0,-1
2021440262685,2021,440262685,1,9,0,9,9,1,5,0,0,6,1,0,1,11,1,1,6,6,1,35,6,2998,1,1,BMW 4 SERIES,5,E01023201,0,-1
2021011052478,2021,011052478,1,9,0,18,19,1,5,0,0,4,0,0,0,0,1,1,6,6,1,67,10,1995,2,5,BMW 4 SERIES,7,E01000732,0,-1
2021041076919,2021,041076919,1,9,0,9,9,7,3,0,0,6,0,0,0,0,3,1,5,6,1,24,5,1995,2,5,BMW 4 SERIES,9,E01024966,0,-1
2021010348159,2021,010348159,1,9,0,99,99,9,9,99,99,9,9,99,9,99,2,9,6,6,2,47,8,1997,1,7,BMW 4 SERIES,10,E01004084,0,-1
2021451059940,2021,451059940,1,9,0,18,19,7,3,0,0,0,1,0,1,9,1,1,5,6,1,42,7,2993,2,5,BMW 4 SERIES,10,E01016604,0,-1
202134WNC4141,2021,34WNC4141,2,9,0,10,10,1,5,0,0,5,0,0,0,0,2,1,6,6,1,33,6,1995,2,8,BMW 4 SERIES,3,E01027245,0,-1
2021101125065,2021,101125065,1,9,0,9,9,3,1,0,0,2,0,0,0,0,1,1,5,6,2,25,5,1995,2,6,BMW 4 SERIES,1,E01008542,0,-1
2021061082036,2021,061082036,1,9,0,13,13,3,7,0,0,0,0,10,7,0,1,1,6,6,1,50,8,1997,1,7,BMW 4 SERIES,10,E01004885,0,-1
2021471126505,2021,471126505,3,9,0,18,19,7,3,0,0,0,0,0,0,0,0,1,5,6,1,37,7,1995,2,5,BMW 4 SERIES,9,E01021023,0,-1
2021010347671,2021,010347671,3,9,0,3,3,5,1,0,0,1,0,0,0,0,4,1,6,6,1,41,7,1998,1,3,BMW 4 SERIES,5,E01000239,0,-1
2021010305233,2021,010305233,2,9,0,3,3,5,1,0,0,1,0,0,0,0,1,1,6,6,1,28,6,1995,2,6,BMW 4 SERIES,3,E01001492,0,-1
2021520101920,2021,520101920,1,8,0,9,9,7,5,0,0,2,0,0,0,0,1,1,1,1,1,34,6,-1,-1,-1,-1,8,E01029201,0,-1
2021201017651,2021,201017651,2,9,0,3,3,2,6,0,0,1,0,0,0,0,2,1,6,6,1,51,8,1997,1,6,BMW 4 SERIES,5,E01031088,0,-1
2021010297385,2021,010297385,1,9,0,18,19,4,8,0,0,1,0,0,0,0,1,1,6,6,1,40,7,2993,2,5,BMW 4 SERIES,8,E01021436,0,-1
2021430239172,2021,430239172,2,9,0,18,19,4,8,0,0,0,0,0,0,0,1,1,6,6,2,27,6,1995,2,7,BMW 4 SERIES,7,E01027354,0,-1
2021211070415,2021,211070415,1,9,0,18,19,7,3,0,0,0,0,0,0,0,1,1,6,6,1,25,5,1998,1,3,BMW 4 SERIES,2,E01010448,0,-1
2021010339722,2021,010339722,2,9,0,6,6,3,3,0,0,1,0,0,0,0,1,1,6,6,1,21,5,1995,2,6,BMW 4 SERIES,2,E01003607,0,-1
2021010311523,2021,010311523,1,9,0,9,9,3,1,0,0,8,0,0,0,0,4,2,6,6,1,67,10,1995,2,5,BMW 4 SERIES,3,E01032568,0,-1
2021351053829,2021,351053829,1,9,0,13,13,3,7,0,0,0,0,0,0,0,3,1,6,6,1,25,5,2979,1,6,BMW 4 SERIES,4,E01018146,0,-1
2021010313050,2021,010313050,1,9,0,18,19,3,7,0,0,0,0,0,0,0,3,1,6,6,2,38,7,1995,2,7,BMW 4 SERIES,2,E01000121,0,-1
2021302101782,2021,302101782,1,9,0,4,4,5,6,0,0,1,0,0,0,0,1,1,1,1,1,36,7,1998,1,0,BMW 4 SERIES,7,E01029584,0,-1
2021010294709,2021,010294709,1,9,0,18,19,3,7,0,0,2,0,0,0,0,1,1,6,6,1,40,7,1998,1,1,BMW 4 SERIES,1,E01024295,0,-1
2021201086152,2021,201086152,3,9,0,3,3,4,1,0,0,1,0,0,0,0,2,1,6,6,2,29,6,1998,1,0,BMW 4 SERIES,1,E01033621,0,-1
2021411118255,2021,411118255,1,9,0,18,19,1,5,0,0,1,0,10,7,11,1,1,6,6,2,72,10,1998,1,3,BMW 4 SERIES,6,E01023622,0,-1
2021010295646,2021,010295646,1,9,0,18,19,3,7,0,0,1,0,0,0,0,1,1,6,6,2,22,5,1998,1,2,BMW 4 SERIES,10,E01002458,0,-1
2021061035796,2021,061035796,1,9,0,13,13,2,6,0,0,0,0,0,0,0,4,1,2,2,1,23,5,1995,2,3,BMW 4 SERIES,4,E01005298,0,-1
2021302101020,2021,302101020,1,9,0,17,19,6,2,0,0,0,0,0,0,0,3,1,6,6,1,49,8,1995,2,5,BMW 4 SERIES,5,E01019883,0,-1
2021430586960,2021,430586960,1,9,0,9,9,1,7,0,0,0,0,0,0,0,1,1,6,6,1,26,6,1995,2,7,BMW 4 SERIES,10,E01016429,0,-1
2021421099184,2021,421099184,1,9,0,18,19,3,6,0,0,0,1,0,1,0,1,1,6,6,1,29,6,2993,2,6,BMW 4 SERIES,3,E01016005,0,-1
2021351088695,2021,351088695,3,9,0,16,19,1,5,0,0,0,0,0,0,0,1,1,5,6,2,24,5,1995,2,2,BMW 4 SERIES,2,E01033581,0,-1
2021010352095,2021,010352095,2,9,0,16,19,5,1,9,9,1,1,4,1,10,1,1,6,6,2,24,5,1995,2,3,BMW 4 SERIES,6,E01003954,0,-1
2021070285072,2021,070285072,1,9,0,15,15,4,8,0,0,1,0,0,0,0,4,1,6,6,2,-1,-1,1995,2,4,BMW 4 SERIES,-1,-1,0,-1
2021010331396,2021,010331396,1,9,0,13,13,5,1,0,0,0,0,0,0,0,2,1,6,6,1,40,7,1998,1,2,BMW 4 SERIES,7,E01003287,0,-1
2021052101841,2021,052101841,1,9,0,7,7,6,8,0,0,2,0,0,0,0,3,1,6,6,1,27,6,2993,2,6,BMW 4 SERIES,1,E01006850,0,-1
2021010309718,2021,010309718,1,9,0,99,99,9,9,99,99,9,9,99,9,99,9,9,6,6,1,55,8,2993,2,7,BMW 4 SERIES,4,E01021790,0,-1
202134NNC0371,2021,34NNC0371,1,9,0,9,9,5,3,0,0,6,0,0,0,0,3,1,6,6,1,25,5,2993,2,7,BMW 4 SERIES,2,E01013845,0,-1
2021052101949,2021,052101949,2,9,0,18,19,3,7,0,0,3,0,0,0,0,4,1,6,6,1,50,8,1998,1,2,BMW 4 SERIES,7,E01007071,0,-1
2021131032518,2021,131032518,2,9,0,18,19,4,8,0,0,0,0,0,0,0,3,1,1,1,2,38,7,1995,2,5,BMW 4 SERIES,5,E01027594,0,-1
2021010311229,2021,010311229,2,9,0,99,99,9,9,99,99,9,9,99,9,99,1,9,6,6,3,-1,-1,1995,2,8,BMW 4 SERIES,-1,-1,0,-1
2021010340120,2021,010340120,1,9,0,7,7,7,1,0,0,8,0,0,0,0,1,1,6,6,2,51,8,1998,1,1,BMW 4 SERIES,7,E01003831,0,-1
2021221055856,2021,221055856,1,9,0,5,5,3,8,0,0,8,0,0,0,0,1,1,1,1,1,24,5,1995,2,7,BMW 4 SERIES,7,E01028950,0,-1
2021010288042,2021,010288042,1,9,0,18,19,5,1,0,0,1,0,0,0,0,1,1,1,1,1,37,7,1995,2,7,BMW 4 SERIES,4,E01003277,0,-1
2021010316234,2021,010316234,2,9,0,99,99,9,9,99,99,0,9,99,9,99,2,9,6,6,3,-1,-1,1995,2,7,BMW 4 SERIES,3,E01003521,0,-1
2021010305740,2021,010305740,2,9,0,99,99,9,9,99,99,9,9,99,9,99,4,9,6,6,3,-1,-1,1995,2,5,BMW 4 SERIES,4,E01000029,0,-1
2021010309396,2021,010309396,2,9,0,8,8,8,2,0,0,1,0,0,0,0,2,1,6,6,2,56,9,1995,2,5,BMW 4 SERIES,8,E01004502,0,-1
2021010331355,2021,010331355,1,9,0,99,99,9,9,99,99,0,9,99,9,99,2,9,6,6,1,41,7,2979,1,6,BMW 4 SERIES,7,E01001600,0,-1
2021010300219,2021,010300219,2,9,0,9,9,1,6,0,0,8,1,0,0,0,2,1,6,6,1,57,9,1997,1,6,BMW 4 SERIES,4,E01000999,0,-1
2021471061028,2021,471061028,1,9,0,2,2,3,7,0,0,0,0,0,0,0,1,1,6,6,3,-1,-1,1995,2,6,BMW 4 SERIES,-1,-1,0,-1
2021010339251,2021,010339251,2,9,0,2,2,0,0,0,0,1,0,4,0,0,2,1,6,6,3,-1,-1,1995,2,5,BMW 4 SERIES,-1,-1,0,-1
2021421036419,2021,421036419,1,9,0,4,4,3,7,0,0,0,0,0,0,0,1,1,6,6,1,23,5,1995,2,6,BMW 4 SERIES,1,E01015917,0,-1
2021440204351,2021,440204351,3,9,0,18,19,4,8,0,0,0,0,0,0,0,1,1,2,2,1,63,9,2993,2,6,BMW 4 SERIES,10,E01023248,0,-1
2021041013070,2021,041013070,1,9,0,18,19,3,7,0,0,0,1,0,1,4,2,1,1,1,1,52,8,1995,2,5,BMW 4 SERIES,7,E01007104,0,-1
2021010300262,2021,010300262,1,9,0,18,19,1,5,0,0,1,0,0,0,0,3,1,6,6,2,35,6,1995,2,4,BMW 4 SERIES,5,E01004461,0,-1
2021010313387,2021,010313387,1,9,0,15,15,7,3,0,0,1,1,7,5,6,1,1,6,6,1,31,6,1998,1,5,BMW 4 SERIES,2,E01033588,0,-1
2021010350470,2021,010350470,1,9,0,18,19,7,3,0,0,4,0,9,0,0,1,1,6,6,1,22,5,2993,2,6,BMW 4 SERIES,3,-1,0,-1
2021101065257,2021,101065257,1,9,0,18,19,4,8,0,0,1,0,0,0,0,4,1,3,7,2,38,7,1995,2,1,BMW 4 SERIES,3,E01008804,0,-1
2021201116892,2021,201116892,2,9,0,3,3,2,6,0,0,0,0,0,0,0,2,1,6,6,1,53,8,1998,1,1,BMW 4 SERIES,9,E01031243,0,-1
2021471038402,2021,471038402,1,9,0,18,19,1,5,0,0,0,0,0,0,0,1,1,6,6,1,31,6,1995,2,8,BMW 4 SERIES,8,E01031767,0,-1
2021302100689,2021,302100689,2,9,0,18,19,2,6,0,0,1,0,0,0,0,2,1,6,6,1,27,6,1995,2,4,BMW 4 SERIES,-1,-1,0,-1
2021461057781,2021,461057781,1,9,0,18,19,7,3,0,0,0,0,0,0,0,1,1,6,6,1,26,6,1995,2,6,BMW 4 SERIES,2,E01002811,0,-1
2021052102270,2021,052102270,3,9,0,18,19,4,8,0,0,5,0,0,0,0,1,1,6,6,1,29,6,1998,1,2,BMW 4 SERIES,1,E01033764,0,-1
2021041050685,2021,041050685,2,9,0,2,2,0,0,9,9,0,0,0,0,0,2,1,6,6,3,-1,-1,1995,2,3,BMW 4 SERIES,-1,-1,0,-1
2021991096703,2021,991096703,2,9,0,5,5,7,5,0,0,2,0,0,0,0,1,1,5,6,2,52,8,1995,2,1,BMW 4 SERIES,9,-1,0,-1
2021041015086,2021,041015086,1,9,0,13,13,5,1,0,0,0,0,0,0,0,4,1,5,6,1,34,6,1998,1,2,BMW 4 SERIES,3,E01025087,0,-1
2021170M30451,2021,170M30451,2,9,0,4,4,3,7,0,0,0,0,0,0,0,2,1,6,6,1,67,10,1995,2,5,BMW 4 SERIES,2,E01012171,0,-1
2021430525883,2021,430525883,2,9,0,1,1,6,4,0,0,8,0,0,0,0,3,1,6,6,1,51,8,2993,2,5,BMW 4 SERIES,9,E01028749,0,-1
2021010300898,2021,010300898,2,9,0,99,99,9,9,99,99,9,9,99,9,99,9,9,6,6,3,-1,-1,1997,1,6,BMW 4 SERIES,-1,-1,0,-1
202134WNC2861,2021,34WNC2861,1,9,0,18,19,3,7,0,0,0,0,0,0,0,1,1,2,2,1,26,6,1995,2,5,BMW 4 SERIES,10,E01027001,0,-1
2021131117199,2021,131117199,2,9,0,18,19,3,7,0,0,8,0,0,0,0,2,1,6,6,2,49,8,2993,2,6,BMW 4 SERIES,5,E01011065,0,-1
2021010292587,2021,010292587,2,9,0,18,19,3,7,0,0,0,0,0,0,0,1,1,6,6,1,50,8,1995,2,6,BMW 4 SERIES,3,E01001629,0,-1
2021010325582,2021,010325582,1,9,0,9,9,8,6,0,0,5,0,0,0,0,3,1,6,6,1,25,5,1995,2,8,BMW 4 SERIES,9,E01002512,0,-1
2021070189894,2021,070189894,2,9,0,4,4,8,4,0,0,1,0,0,0,0,2,1,6,6,1,63,9,1998,1,3,BMW 4 SERIES,9,E01012568,0,-1
2021991127735,2021,991127735,2,9,0,18,19,5,1,0,0,0,0,0,0,0,4,1,2,2,2,60,9,1995,2,4,BMW 4 SERIES,6,-1,0,-1
2021401102584,2021,401102584,2,9,0,2,2,0,0,0,0,2,0,0,0,0,3,1,6,6,3,-1,-1,1995,2,8,BMW 4 SERIES,-1,-1,0,-1
2021501064014,2021,501064014,2,9,0,16,19,4,8,0,0,0,0,0,0,0,1,1,6,6,2,51,8,2993,2,5,BMW 4 SERIES,9,E01015141,0,-1
2021461101438,2021,461101438,2,9,0,18,19,5,1,0,0,1,0,0,0,0,1,1,5,6,1,82,11,1998,1,5,BMW 4 SERIES,8,E01024475,0,-1
2021351110733,2021,351110733,3,9,0,3,3,5,1,0,0,1,0,0,0,0,1,1,6,6,1,58,9,2993,2,4,BMW 4 SERIES,2,E01026716,0,-1
2021070820727,2021,070820727,1,9,0,18,19,6,2,0,0,0,0,0,0,0,1,1,6,6,1,28,6,1995,2,5,BMW 4 SERIES,5,E01006258,0,-1
2021041102456,2021,041102456,1,9,0,5,5,6,2,0,0,6,0,0,0,0,1,1,5,6,1,56,9,2998,1,4,BMW 4 SERIES,9,E01025441,0,-1
2021010289761,2021,010289761,1,9,0,18,19,5,1,0,0,2,0,0,0,0,1,1,6,6,1,29,6,1995,2,6,BMW 4 SERIES,2,E01004068,0,-1
2021122100904,2021,122100904,1,9,0,4,4,7,3,0,0,0,0,0,0,0,2,1,6,6,1,43,7,1995,2,6,BMW 4 SERIES,2,E01013349,0,-1
2021010350150,2021,010350150,2,9,0,99,99,9,9,99,99,9,9,99,9,99,1,9,6,6,3,-1,-1,1998,1,2,BMW 4 SERIES,9,E01000209,0,-1
2021010299905,2021,010299905,1,9,0,18,19,1,5,0,0,8,0,0,0,0,1,1,6,6,1,27,6,1995,2,6,BMW 4 SERIES,8,E01002193,0,-1
2021010339703,2021,010339703,2,9,0,18,19,1,5,0,0,8,0,0,0,0,3,1,6,6,2,34,6,1998,1,2,BMW 4 SERIES,6,E01003738,0,-1
2021211081307,2021,211081307,1,9,0,13,13,4,1,0,0,0,0,0,0,0,3,1,2,2,1,24,5,1995,2,6,BMW 4 SERIES,8,E01014348,0,-1
2021010348388,2021,010348388,1,9,0,5,5,7,3,9,9,6,0,0,0,0,1,1,6,6,1,56,9,1997,1,6,BMW 4 SERIES,10,E01016208,0,-1
2021010333107,2021,010333107,1,9,0,99,99,9,9,99,99,9,9,99,9,99,1,9,2,2,1,39,7,1997,1,7,BMW 4 SERIES,3,E01003976,0,-1
2021010320637,2021,010320637,2,9,0,3,3,7,3,0,0,0,0,0,0,0,3,1,6,6,1,43,7,2993,2,2,BMW 4 SERIES,-1,-1,0,-1
2021201059296,2021,201059296,1,9,0,14,14,5,7,0,0,0,0,0,0,0,4,1,6,6,1,31,6,1998,1,1,BMW 4 SERIES,10,E01010205,0,-1
2021010344694,2021,010344694,1,9,0,99,99,9,9,99,99,0,9,99,9,99,2,9,2,2,1,52,8,1995,2,4,BMW 4 SERIES,5,E01000738,0,-1
2021201133516,2021,201133516,2,9,0,9,9,6,4,0,0,5,0,0,0,0,2,1,6,6,2,26,6,1995,2,6,BMW 4 SERIES,2,E01010300,0,-1
2021991145024,2021,991145024,1,9,0,18,19,1,3,0,0,6,0,0,0,0,3,1,5,6,2,38,7,2993,2,2,BMW 4 SERIES,8,-1,0,-1
2021010299344,2021,010299344,3,9,0,18,19,1,5,0,0,1,9,0,0,99,1,9,1,1,1,32,6,2979,1,7,BMW 4 SERIES,10,E01000841,0,-1
2021461028548,2021,461028548,2,9,0,18,19,3,7,0,0,1,0,0,0,0,1,1,6,6,1,30,6,2993,2,6,BMW 4 SERIES,1,E01024657,0,-1
2021351137255,2021,351137255,2,9,0,10,10,8,4,0,0,0,0,0,0,0,2,1,2,2,1,28,6,1995,2,6,BMW 4 SERIES,4,E01029920,0,-1
2021351170228,2021,351170228,1,9,0,7,7,4,8,0,0,0,0,0,0,0,1,1,6,6,2,42,7,2993,2,5,BMW 4 SERIES,2,E01017946,0,-1
2021052100641,2021,052100641,2,9,0,18,19,3,7,0,0,0,0,0,0,0,2,1,6,6,1,28,6,1995,2,5,BMW 4 SERIES,8,E01012495,0,-1
2021201116208,2021,201116208,1,9,0,7,7,2,8,0,0,6,0,10,1,0,1,1,5,6,2,20,4,1998,1,3,BMW 4 SERIES,2,E01009997,0,-1
2021010344393,2021,010344393,1,9,0,18,19,1,5,0,0,1,0,0,1,9,1,1,6,6,3,-1,-1,1995,2,4,BMW 4 SERIES,-1,-1,0,-1
2021010321036,2021,010321036,2,9,0,18,19,5,1,0,0,0,0,0,0,0,9,9,2,2,1,26,6,1995,2,5,BMW 4 SERIES,5,E01002586,0,-1
2021010317714,2021,010317714,2,9,0,7,7,6,1,0,0,5,0,0,0,0,1,1,6,6,3,-1,-1,1997,1,6,BMW 4 SERIES,-1,-1,0,-1
2021010304021,2021,010304021,2,9,0,3,3,1,5,0,0,0,0,0,0,0,4,1,6,6,1,49,8,1997,1,6,BMW 4 SERIES,-1,-1,0,-1
2021010299133,2021,010299133,2,9,0,99,99,9,9,99,99,2,9,99,9,99,1,9,6,6,3,-1,-1,1995,2,1,BMW 4 SERIES,-1,-1,0,-1
2021010319739,2021,010319739,1,9,9,99,99,9,9,99,99,0,9,99,9,99,9,9,6,6,3,43,7,2993,2,5,BMW 4 SERIES,2,E01000013,0,-1
2021070065690,2021,070065690,2,9,0,17,19,5,1,0,0,0,1,0,1,3,4,1,1,1,1,34,6,1998,1,3,BMW 4 SERIES,1,E01005085,0,-1
2021041097456,2021,041097456,3,9,0,2,2,1,1,0,0,1,0,0,0,0,4,1,6,6,3,-1,-1,1995,2,6,BMW 4 SERIES,-1,-1,0,-1
2021161050560,2021,161050560,1,9,0,17,19,4,1,0,0,0,5,0,1,3,1,1,5,6,2,36,7,1995,2,7,BMW 4 SERIES,8,E01012939,0,-1
2021161045467,2021,161045467,1,9,0,18,19,6,2,0,0,1,0,0,0,0,4,1,6,6,1,23,5,1997,1,7,BMW 4 SERIES,1,E01012789,0,-1
2021010350839,2021,010350839,1,9,0,18,19,7,3,0,0,1,1,0,4,1,2,1,6,6,1,56,9,1997,1,6,BMW 4 SERIES,7,E01000292,0,-1
2021471099159,2021,471099159,2,9,0,16,19,1,5,0,0,0,0,0,1,0,1,1,5,6,1,52,8,2993,2,7,BMW 4 SERIES,9,E01021144,0,-1
2021471094168,2021,471094168,2,9,0,9,9,5,3,0,0,8,0,0,0,0,2,1,5,6,2,57,9,1995,2,4,BMW 4 SERIES,5,E01031568,0,-1
2021461051636,2021,461051636,1,9,0,4,4,3,7,0,0,6,0,0,0,0,2,1,5,6,1,41,7,2979,1,6,BMW 4 SERIES,7,E01001600,0,-1
2021201080521,2021,201080521,4,9,0,2,2,0,0,0,0,0,0,0,0,0,2,1,5,6,1,-1,-1,1995,2,4,BMW 4 SERIES,-1,-1,0,-1
2021161034401,2021,161034401,4,9,0,2,2,0,0,0,0,2,0,0,0,0,1,1,5,6,3,-1,-1,1998,1,3,BMW 4 SERIES,-1,-1,0,-1
2021170M31691,2021,170M31691,1,9,0,18,19,8,4,0,0,0,2,0,1,9,4,1,1,1,1,40,7,2993,2,5,BMW 4 SERIES,3,E01012239,0,-1
2021991019307,2021,991019307,1,9,0,9,9,6,3,0,0,5,0,0,0,0,1,1,5,6,1,43,7,1998,1,2,BMW 4 SERIES,2,-1,0,-1
2021052102514,2021,052102514,1,9,0,16,19,3,5,0,0,6,0,0,0,0,1,1,6,6,1,26,6,1995,2,6,BMW 4 SERIES,5,E01007312,0,-1
20211381L0483,2021,1381L0483,2,9,0,10,10,5,3,0,0,2,0,0,0,0,1,1,6,6,1,24,5,1995,2,7,BMW 4 SERIES,1,E01010711,0,-1
2021430296120,2021,430296120,1,9,0,18,19,5,1,0,0,8,0,0,0,0,1,1,6,6,1,-1,-1,1997,1,7,BMW 4 SERIES,8,E01002892,0,-1
2021010341135,2021,010341135,1,9,0,99,99,9,9,99,99,0,9,99,9,99,0,9,2,2,2,26,6,1995,2,6,BMW 4 SERIES,1,E01004244,0,-1
2021010320346,2021,010320346,1,9,0,99,99,9,9,99,99,9,9,99,9,99,2,9,6,6,1,20,4,1997,1,6,BMW 4 SERIES,3,E01022739,0,-1
2021991059942,2021,991059942,3,9,0,4,4,1,5,0,0,0,0,0,0,0,2,1,5,6,1,48,8,1995,2,7,BMW 4 SERIES,9,-1,0,-1
2021451120632,2021,451120632,1,9,0,18,19,1,3,0,0,0,0,0,0,0,0,1,5,6,1,76,11,1998,1,3,BMW 4 SERIES,10,E01017894,0,-1
2021010329353,2021,010329353,1,9,0,99,99,9,9,99,99,9,9,99,9,99,2,9,6,6,1,23,5,2993,2,8,BMW 4 SERIES,4,E01003907,0,-1
2021320298927,2021,320298927,2,9,0,3,3,7,3,0,0,0,0,0,0,0,2,1,6,6,2,30,6,2993,2,4,BMW 4 SERIES,1,E01007719,0,-1
2021131089743,2021,131089743,2,9,0,4,4,4,8,0,0,0,0,0,0,0,2,1,5,6,1,37,7,2993,2,5,BMW 4 SERIES,3,E01010600,0,-1
2021201133930,2021,201133930,2,9,0,18,19,4,8,0,0,8,0,0,0,0,4,1,6,6,1,31,6,1995,2,4,BMW 4 SERIES,-1,-1,0,-1
2021010336820,2021,010336820,1,9,0,4,4,5,1,0,0,3,0,0,0,0,2,1,6,6,1,23,5,1998,1,3,BMW 4 SERIES,3,E01000499,0,-1
2021010298238,2021,010298238,1,9,0,18,19,1,5,0,0,0,0,0,0,0,2,1,6,6,2,56,9,1995,2,2,BMW 4 SERIES,3,E01003275,0,-1
2021010318393,2021,010318393,1,9,0,9,9,6,3,0,0,1,0,0,0,0,4,1,6,6,2,55,8,2993,2,4,BMW 4 SERIES,9,E01017825,0,-1
2021411086199,2021,411086199,1,9,0,4,4,5,1,0,0,0,0,0,0,0,1,1,2,2,1,50,8,2993,2,3,BMW 4 SERIES,9,E01017398,0,-1
2021031051314,2021,031051314,1,9,0,18,19,5,1,0,0,0,2,0,1,9,1,1,5,6,1,26,6,1995,2,5,BMW 4 SERIES,3,-1,0,-1
2021471065055,2021,471065055,1,9,0,18,19,6,2,0,0,0,0,4,0,0,1,1,5,6,1,32,6,1997,1,7,BMW 4 SERIES,2,E01031437,0,-1
2021440137048,2021,440137048,1,9,0,16,19,6,2,0,0,0,0,0,0,0,3,1,6,6,2,30,6,2998,1,2,BMW 4 SERIES,9,E01022653,0,-1
2021010328204,2021,010328204,1,9,0,18,19,1,5,0,0,0,0,0,0,0,1,1,6,6,1,31,6,1995,2,5,BMW 4 SERIES,4,E01001247,0,-1
2021361110633,2021,361110633,2,9,0,18,19,6,2,0,0,8,0,0,0,0,1,1,5,6,1,52,8,1995,2,4,BMW 4 SERIES,6,E01026593,0,-1
2021201084141,2021,201084141,3,9,0,2,2,0,0,6,6,0,0,0,0,0,2,1,6,6,2,50,8,2993,2,5,BMW 4 SERIES,4,E01009238,0,-1
2021041027473,2021,041027473,1,9,0,18,19,7,3,0,0,1,1,0,0,0,1,1,6,6,1,25,5,1995,2,4,BMW 4 SERIES,9,E01024964,0,-1
2021141055348,2021,141055348,1,9,0,18,19,5,1,0,0,0,1,10,8,11,1,1,6,6,1,25,5,2993,2,4,BMW 4 SERIES,5,E01007476,0,-1
2021440375250,2021,440375250,1,9,0,18,19,5,1,0,0,0,0,0,0,0,1,1,6,6,1,52,8,1995,12,1,BMW 4 SERIES,4,E01017246,0,-1
2021122101516,2021,122101516,1,9,0,5,5,4,7,0,0,6,0,0,0,0,3,1,6,6,1,25,5,1995,2,3,BMW 4 SERIES,8,E01011857,0,-1
2021461018372,2021,461018372,2,9,0,18,19,8,4,0,0,0,0,0,0,0,1,1,5,6,1,40,7,2993,2,2,BMW 4 SERIES,7,E01001593,0,-1
2021201066747,2021,201066747,1,9,0,13,13,2,6,0,0,0,0,0,0,0,4,1,6,6,1,-1,-1,1995,2,3,BMW 4 SERIES,10,E01009854,0,-1
2021010313431,2021,010313431,2,9,9,99,99,9,9,99,99,2,9,99,9,99,9,9,6,6,3,-1,-1,1995,2,4,BMW 4 SERIES,5,E01009948,0,-1
2021351044027,2021,351044027,1,9,0,7,7,3,1,0,0,0,0,0,0,0,1,1,5,6,1,52,8,1995,2,5,BMW 4 SERIES,6,E01018110,0,-1
2021161023604,2021,161023604,1,9,0,18,19,8,4,0,0,0,2,0,1,9,4,1,6,6,1,23,5,1995,2,5,BMW 4 SERIES,6,E01013074,0,-1
2021010297322,2021,010297322,1,9,0,18,19,5,1,0,0,0,0,0,0,0,0,1,6,6,1,68,10,1997,2,13,-1,6,E01004077,0,-1
2021351096401,2021,351096401,1,9,0,18,19,6,2,0,0,0,0,0,0,0,4,1,5,6,1,53,8,1997,2,16,-1,10,E01018284,0,-1
2021430213647,2021,430213647,1,9,0,14,14,2,6,0,0,0,0,0,0,0,2,1,6,6,2,29,6,1997,2,18,-1,-1,-1,0,-1
2021010325819,2021,010325819,2,9,0,13,13,5,1,0,0,8,0,0,0,0,1,9,6,6,1,40,7,1997,1,14,-1,1,E01003487,0,-1
2021031048756,2021,031048756,2,9,0,18,19,3,7,0,0,8,0,0,0,0,4,1,6,6,1,54,8,1997,1,13,-1,1,E01008305,0,-1
2021520104587,2021,520104587,1,9,0,3,3,5,1,0,0,0,0,0,0,0,2,1,6,6,1,68,10,1997,2,18,-1,2,E01029131,0,-1
2021141037972,2021,141037972,2,9,0,14,14,4,8,0,0,0,0,0,0,0,3,1,6,6,1,-1,-1,1997,2,20,-1,-1,-1,0,-1
2021991045369,2021,991045369,1,5,0,18,19,7,3,0,0,8,0,7,7,7,1,1,6,6,1,36,7,1868,1,2,-1,8,-1,0,-1
2021211052142,2021,211052142,2,5,0,11,11,3,7,0,0,3,0,0,0,0,1,1,2,2,1,46,8,1868,1,1,-1,9,E01029865,0,-1