collision_index,collision_year,collision_ref_no,vehicle_reference,vehicle_type,towing_and_articulation,vehicle_manoeuvre_historic,vehicle_manoeuvre,vehicle_direction_from,vehicle_direction_to,vehicle_location_restricted_lane_historic,vehicle_location_restricted_lane,junction_location,skidding_and_overturning,hit_object_in_carriageway,vehicle_leaving_carriageway,hit_object_off_carriageway,first_point_of_impact,vehicle_left_hand_drive,journey_purpose_of_driver_historic,journey_purpose_of_driver,sex_of_driver,age_of_driver,age_band_of_driver,engine_capacity_cc,propulsion_code,age_of_vehicle,generic_make_model,driver_imd_decile,lsoa_of_driver,escooter_flag,driver_distance_banding
2021501102657,2021,501102657,1,5,0,17,19,4,8,0,0,0,0,0,0,0,3,1,5,6,1,41,7,1868,1,0,-1,4,E01020328,0,-1
2021361102347,2021,361102347,1,3,0,18,19,8,4,0,0,0,0,11,0,0,1,1,5,6,1,22,5,124,1,2,-1,-1,-1,0,-1
2021552101397,2021,552101397,2,4,0,18,19,4,8,0,0,8,0,0,0,0,1,1,6,6,1,61,9,248,1,32,-1,6,E01015358,0,-1
2021451085411,2021,451085411,1,5,0,18,19,2,4,0,0,4,5,0,0,0,4,1,5,6,1,46,8,582,1,17,-1,8,E01030335,0,-1
2021201095779,2021,201095779,2,9,0,18,19,4,8,0,0,8,0,0,0,0,1,1,6,6,1,36,7,1399,1,15,HYUNDAI ACCENT,9,E01009422,0,-1
2021131124290,2021,131124290,2,9,0,9,9,2,8,0,0,8,0,0,0,0,3,1,5,6,1,26,6,1399,1,14,HYUNDAI ACCENT,1,E01033021,0,-1
2021361107236,2021,361107236,2,9,0,3,3,4,8,0,0,1,0,0,0,0,2,1,5,6,2,48,8,1341,1,19,HYUNDAI ACCENT,1,E01026832,0,-1
2021421093507,2021,421093507,1,9,0,18,19,5,1,0,0,8,1,0,0,0,1,1,6,6,1,-1,-1,1399,1,12,HYUNDAI ACCENT,-1,-1,0,-1
2021461118177,2021,461118177,1,9,0,9,9,6,4,0,0,8,0,0,0,0,3,1,5,6,1,84,11,1399,1,15,HYUNDAI ACCENT,8,E01016131,0,-1
2021471050443,2021,471050443,1,9,0,7,7,7,1,0,0,8,0,0,8,0,4,1,2,2,2,23,5,1341,1,22,HYUNDAI ACCENT,9,E01003158,0,-1
2021552101032,2021,552101032,1,9,0,18,19,7,3,0,0,0,1,4,0,0,1,1,6,6,1,36,7,1341,1,17,HYUNDAI ACCENT,7,E01015376,0,-1
2021461116995,2021,461116995,2,9,0,2,2,0,0,0,0,0,0,0,0,0,1,1,6,6,2,-1,-1,1341,1,16,HYUNDAI ACCENT,7,E01024437,0,-1
2021440114559,2021,440114559,1,9,0,18,19,7,3,0,0,8,0,0,0,0,1,1,6,6,1,40,7,1495,1,20,HYUNDAI ACCENT,8,E01017148,0,-1
2021371129014,2021,371129014,1,9,0,18,19,1,5,0,0,0,1,0,1,9,1,1,5,6,1,33,6,1341,1,15,HYUNDAI ACCENT,6,E01029944,0,-1
2021544073821,2021,544073821,2,9,0,18,19,3,7,0,0,8,0,0,0,0,3,1,6,6,1,58,9,1341,1,16,HYUNDAI ACCENT,4,E01032715,0,-1
2021061127150,2021,061127150,1,9,0,4,4,7,3,9,9,0,0,0,0,0,1,1,6,6,1,80,11,1341,1,15,HYUNDAI ACCENT,4,E01005036,0,-1
2021061067067,2021,061067067,2,9,0,18,19,7,3,0,0,8,0,0,0,0,1,1,6,6,1,77,11,1399,1,13,HYUNDAI ACCENT,1,E01004927,0,-1
2021461033501,2021,461033501,1,9,0,9,9,1,7,0,0,5,0,0,0,0,4,1,5,6,2,50,8,1341,1,22,HYUNDAI ACCENT,2,E01016018,0,-1
2021111044389,2021,111044389,2,9,0,18,19,7,3,0,0,1,0,0,0,0,1,1,6,6,1,76,11,1341,1,17,HYUNDAI ACCENT,-1,-1,0,-1
2021041014072,2021,041014072,2,9,0,18,19,3,7,0,0,0,0,0,4,0,4,2,5,6,1,49,8,1599,1,16,HYUNDAI ACCENT,1,E01025447,0,-1
2021522101497,2021,522101497,3,9,0,2,2,0,0,0,0,0,0,0,0,0,3,1,6,6,3,-1,-1,1341,1,16,HYUNDAI ACCENT,-1,-1,0,-1
2021451083203,2021,451083203,2,5,0,13,13,3,7,0,0,8,0,0,0,0,4,1,2,2,1,50,8,1301,1,0,KTM 1290 SUPERDUKE,9,E01030421,0,-1
2021201053632,2021,201053632,1,4,0,12,12,6,2,0,0,0,0,10,1,10,1,1,6,6,1,36,7,1301,1,7,KTM 1290 SUPERDUKE,1,E01010291,0,-1
2021440324016,2021,440324016,2,5,0,18,19,3,7,0,0,1,0,0,0,0,1,1,2,2,1,57,9,1301,1,1,KTM 1290 SUPERDUKE,10,E01016282,0,-1
2021201084694,2021,201084694,2,5,0,18,19,7,3,0,0,8,1,0,0,0,1,1,6,6,1,41,7,1301,1,2,KTM 1290 SUPERDUKE,2,E01010158,0,-1
2021041069470,2021,041069470,1,5,0,18,19,1,5,0,0,0,0,12,0,0,1,1,5,6,1,54,8,1301,1,5,KTM 1290 SUPERDUKE,6,E01025026,0,-1
2021411073104,2021,411073104,2,5,0,17,19,3,7,0,0,0,2,0,8,4,1,1,6,6,1,58,9,1301,1,4,KTM 1290 SUPERDUKE,5,E01023331,0,-1
2021101153395,2021,101153395,2,5,0,4,4,7,1,0,0,0,0,0,0,0,1,1,5,6,1,34,6,1301,1,4,KTM 1290 SUPERDUKE,6,E01008559,0,-1
2021552101071,2021,552101071,2,5,0,13,13,4,8,0,0,0,0,0,7,4,4,1,6,6,1,56,9,1301,1,3,KTM 1290 SUPERDUKE,-1,-1,0,-1
2021122100905,2021,122100905,1,5,0,16,19,1,3,0,0,0,1,0,0,0,3,1,6,6,1,52,8,1301,1,3,KTM 1290 SUPERDUKE,10,E01013357,0,-1
202134NNC2991,2021,34NNC2991,2,5,0,18,19,8,4,0,0,8,0,0,0,0,1,1,6,6,1,63,9,1301,1,1,KTM 1290 SUPERDUKE,7,E01027076,0,-1
2021371056714,2021,371056714,2,4,0,16,19,7,4,0,0,2,5,0,0,0,1,1,6,6,1,44,7,1301,1,2,KTM 1290 SUPERDUKE,7,E01026910,0,-1
2021991067750,2021,991067750,1,5,0,18,19,5,8,0,0,0,0,0,0,0,1,1,5,6,1,47,8,1301,1,1,KTM 1290 SUPERDUKE,9,-1,0,-1
2021461058276,2021,461058276,1,5,0,17,19,5,7,0,0,0,2,0,0,0,0,1,2,2,1,56,9,1301,1,1,KTM 1290 SUPERDUKE,5,E01024364,0,-1
2021320216683,2021,320216683,1,5,0,18,19,6,2,0,0,0,0,0,7,0,1,1,6,6,1,52,8,1301,1,0,KTM 1290 SUPERDUKE,8,E01013326,0,-1
2021302101330,2021,302101330,1,5,0,18,19,6,2,0,0,0,0,0,0,0,1,1,6,6,1,52,8,1301,1,0,KTM 1290 SUPERDUKE,5,E01013509,0,-1
2021461026464,2021,461026464,1,5,0,16,19,5,8,0,0,0,2,0,0,0,0,1,6,6,1,53,8,1301,1,5,KTM 1290 SUPERDUKE,3,E01024497,0,-1
2021471124406,2021,471124406,2,5,0,18,19,7,3,0,0,2,0,0,7,0,1,1,5,6,1,64,9,1301,1,2,KTM 1290 SUPERDUKE,7,E01021029,0,-1
2021231082759,2021,231082759,1,5,0,16,19,2,6,0,0,0,0,0,7,0,3,1,1,1,1,44,7,1301,1,0,KTM 1290 SUPERDUKE,7,E01033102,0,-1
2021010308606,2021,010308606,1,5,0,14,14,5,1,0,0,0,0,0,0,0,4,1,6,6,1,47,8,1301,1,0,KTM 1290 SUPERDUKE,8,E01017010,0,-1
2021141037882,2021,141037882,1,5,0,18,19,3,7,0,0,0,0,0,0,0,1,1,5,6,1,34,6,1301,1,6,KTM 1290 SUPERDUKE,7,E01007798,0,-1
2021522102527,2021,522102527,2,4,0,7,7,3,5,0,0,8,0,0,0,0,3,1,6,6,1,53,8,1301,1,4,KTM 1290 SUPERDUKE,6,E01032669,0,-1
2021302101227,2021,302101227,1,5,0,18,19,8,4,0,0,0,0,0,0,0,2,1,6,6,1,44,7,1301,1,3,KTM 1290 SUPERDUKE,5,E01024888,0,-1
2021991053701,2021,991053701,1,5,0,13,13,6,2,0,0,1,0,0,8,0,4,1,5,6,1,61,9,1301,1,1,KTM 1290 SUPERDUKE,4,-1,0,-1
2021101036092,2021,101036092,2,5,0,18,19,1,5,0,0,0,0,0,0,0,3,1,5,6,1,58,9,1301,1,3,KTM 1290 SUPERDUKE,4,E01008226,0,-1
2021201075003,2021,201075003,1,5,0,5,5,6,2,0,0,1,0,0,0,0,1,1,6,6,1,40,7,1301,1,5,KTM 1290 SUPERDUKE,4,E01009497,0,-1
2021041055683,2021,041055683,1,5,0,18,19,8,4,0,0,0,0,0,0,0,4,1,5,6,1,25,5,1301,1,2,KTM 1290 SUPERDUKE,10,E01025336,0,-1
202134WNC0721,2021,34WNC0721,1,5,0,18,19,7,4,0,0,0,0,0,0,0,1,1,6,6,1,62,9,1301,1,2,KTM 1290 SUPERDUKE,-1,-1,0,-1
2021520201069,2021,520201069,2,5,0,18,19,2,6,0,0,0,1,0,0,0,4,1,6,6,1,35,6,1301,1,2,KTM 1290 SUPERDUKE,6,E01014923,0,-1
2021122100433,2021,122100433,1,5,0,16,19,6,4,0,0,0,0,0,7,9,1,1,6,6,1,29,6,1301,1,1,KTM 1290 SUPERDUKE,6,E01011057,0,-1
2021471076999,2021,471076999,3,5,0,18,19,5,1,0,0,1,0,0,0,0,0,1,5,6,1,54,8,1301,1,7,KTM 1290 SUPERDUKE,6,E01019903,0,-1
2021101084310,2021,101084310,1,5,0,7,7,1,5,0,0,0,0,0,1,0,1,1,5,6,1,58,9,889,1,0,-1,5,-1,0,-1
2021231103166,2021,231103166,1,5,0,18,19,3,7,0,0,8,0,0,0,0,4,1,2,2,1,60,9,889,1,0,-1,7,E01028509,0,-1
2021031138385,2021,031138385,1,2,0,18,19,1,5,0,0,0,0,4,0,0,1,1,6,6,1,16,4,49,1,7,-1,2,E01019109,0,-1
2021010295678,2021,010295678,1,3,0,4,4,5,1,0,0,1,0,0,0,0,2,1,6,6,1,30,6,125,1,7,-1,4,E01004699,0,-1
2021052101218,2021,052101218,1,9,0,18,19,5,1,0,0,0,0,0,0,0,1,1,6,6,1,34,6,2953,2,16,-1,4,E01006959,0,-1
2021471026259,2021,471026259,1,9,0,9,9,5,3,0,0,0,1,0,7,0,1,1,6,6,1,-1,-1,2664,2,20,-1,-1,-1,0,-1
2021010342381,2021,010342381,1,9,0,18,19,5,1,0,0,0,0,10,1,0,4,1,6,6,1,78,11,2389,1,25,-1,5,E01030750,0,-1
2021041125959,2021,041125959,1,19,0,14,14,2,6,0,0,0,0,0,0,0,1,1,6,6,1,67,10,1399,2,9,PEUGEOT BIPPER,5,E01025515,0,-1
2021440495523,2021,440495523,1,19,0,18,19,5,1,0,0,0,0,0,0,0,1,1,6,6,1,56,9,1399,2,12,PEUGEOT BIPPER,8,E01022975,0,-1
2021421087793,2021,421087793,2,19,0,5,5,1,3,0,0,0,0,0,0,0,3,1,6,6,1,29,6,1399,2,11,PEUGEOT BIPPER,1,E01015887,0,-1
2021070788408,2021,070788408,1,19,0,5,5,8,5,0,0,1,0,0,0,0,1,1,2,2,1,73,10,1248,2,9,PEUGEOT BIPPER,7,E01018673,0,-1
2021201029976,2021,201029976,3,19,0,2,2,0,0,0,0,2,0,0,0,0,3,1,6,6,1,-1,-1,1248,2,9,PEUGEOT BIPPER,5,E01009037,0,-1
2021131114025,2021,131114025,1,19,0,-1,-1,-1,-1,-1,-1,-1,-1,-1,-1,-1,-1,1,6,6,3,-1,-1,1248,2,7,PEUGEOT BIPPER,-1,-1,0,-1
2021010291776,2021,010291776,1,19,0,99,99,9,9,99,99,9,9,99,9,99,1,9,6,6,3,25,5,1399,2,10,PEUGEOT BIPPER,1,E01001574,0,-1
2021201061409,2021,201061409,2,19,0,18,19,7,3,0,0,8,0,0,0,0,3,1,1,1,2,26,6,1399,2,12,PEUGEOT BIPPER,7,E01029669,0,-1
2021501071770,2021,501071770,1,19,0,18,19,1,5,0,0,0,0,0,0,0,1,1,5,6,1,35,6,1248,2,8,PEUGEOT BIPPER,1,E01019056,0,-1
2021501022068,2021,501022068,1,19,0,15,15,7,3,0,0,1,0,0,0,0,4,1,6,6,1,71,10,1248,2,8,PEUGEOT BIPPER,7,E01020011,0,-1
2021991025199,2021,991025199,2,19,0,18,19,4,8,0,0,8,0,0,0,0,1,1,2,2,1,42,7,1399,2,10,PEUGEOT BIPPER,3,-1,0,-1
202134WNC3581,2021,34WNC3581,1,19,0,18,19,7,3,0,0,0,0,0,0,0,1,1,1,1,1,54,8,1399,2,10,PEUGEOT BIPPER,4,E01017487,0,-1
2021041096743,2021,041096743,3,19,0,2,2,0,0,0,0,8,0,0,0,0,4,1,6,6,3,-1,-1,1248,2,6,PEUGEOT BIPPER,-1,-1,0,-1
2021231039087,2021,231039087,1,19,0,18,19,7,3,0,0,0,5,4,0,0,4,1,2,2,1,38,7,1248,2,5,PEUGEOT BIPPER,10,E01031292,0,-1
2021552100995,2021,552100995,1,19,0,18,19,2,5,0,0,4,0,0,0,0,1,1,2,2,1,35,6,1399,2,11,PEUGEOT BIPPER,5,E01015374,0,-1
2021351150856,2021,351150856,1,19,0,1,1,3,7,0,0,0,0,0,0,0,2,1,1,1,1,55,8,1399,2,12,PEUGEOT BIPPER,9,E01018201,0,-1
2021991073435,2021,991073435,2,19,0,18,19,6,3,0,0,1,0,0,0,0,1,1,1,1,1,63,9,1248,2,7,PEUGEOT BIPPER,3,-1,0,-1
2021522101497,2021,522101497,1,19,0,18,19,7,3,0,0,0,0,0,0,0,4,1,6,6,1,33,6,1248,2,6,PEUGEOT BIPPER,2,E01014529,0,-1
202131C137121,2021,31C137121,1,19,0,18,19,5,1,0,0,8,0,0,0,0,1,1,6,6,1,36,7,1399,2,10,PEUGEOT BIPPER,7,E01028163,0,-1
202131D007421,2021,31D007421,2,19,0,18,19,3,7,0,0,0,0,0,0,0,1,1,2,2,1,55,8,1399,2,9,PEUGEOT BIPPER,5,E01019883,0,-1
2021201050817,2021,201050817,1,19,0,9,9,8,6,0,0,2,0,0,0,0,1,1,6,6,1,70,10,1399,2,11,PEUGEOT BIPPER,3,E01010218,0,-1
2021122101112,2021,122101112,2,19,0,18,19,1,5,0,0,0,0,0,0,0,1,1,6,6,2,31,6,1248,2,6,PEUGEOT BIPPER,8,E01027566,0,-1
2021122101196,2021,122101196,1,19,0,18,19,7,3,0,0,0,1,0,0,0,1,1,1,1,1,53,8,1248,2,6,PEUGEOT BIPPER,3,E01011612,0,-1
2021161066280,2021,161066280,2,19,0,9,9,7,5,0,0,6,0,0,0,0,1,1,1,1,1,28,6,1399,2,11,PEUGEOT BIPPER,3,E01012860,0,-1
2021430281155,2021,430281155,2,19,0,18,19,1,5,0,0,1,0,0,0,0,4,1,6,6,1,-1,-1,1399,2,11,PEUGEOT BIPPER,-1,-1,0,-1
2021461082893,2021,461082893,3,9,0,2,2,0,0,9,9,0,0,0,0,0,2,1,6,6,3,-1,-1,1248,2,8,-1,-1,-1,0,-1
2021501046277,2021,501046277,1,9,0,13,13,8,4,0,0,0,0,0,0,0,4,1,5,6,1,83,11,1248,2,9,-1,4,E01019073,0,-1
2021161072172,2021,161072172,1,19,0,1,1,8,2,0,0,5,0,0,7,0,2,1,5,6,1,73,10,1399,2,12,PEUGEOT BIPPER,5,E01013308,0,-1
2021361088766,2021,361088766,2,19,0,9,9,8,5,0,0,8,0,0,0,0,3,1,6,6,1,37,7,1248,2,6,PEUGEOT BIPPER,1,E01026622,0,-1
2021131111624,2021,131111624,1,19,0,18,19,5,1,0,0,0,0,0,0,0,-1,1,6,6,3,-1,-1,1248,2,6,PEUGEOT BIPPER,-1,-1,0,-1
2021141069256,2021,141069256,1,19,0,18,19,8,4,0,0,2,0,0,0,0,1,1,6,6,1,37,7,1248,2,6,PEUGEOT BIPPER,1,E01026383,0,-1
2021010337569,2021,010337569,1,19,0,18,19,5,1,0,0,1,0,0,0,0,3,1,1,1,2,38,7,1399,2,12,PEUGEOT BIPPER,-1,-1,0,-1
202163B063221,2021,63B063221,1,19,0,9,9,2,6,0,0,5,0,0,0,0,3,1,6,6,1,21,5,1248,2,7,PEUGEOT BIPPER,5,W01000529,0,-1
2021421031206,2021,421031206,2,19,0,3,3,1,5,0,0,4,0,0,0,0,2,1,2,2,2,51,8,1248,2,4,PEUGEOT BIPPER,2,E01021327,0,-1
2021991045758,2021,991045758,1,19,0,1,1,3,7,0,0,0,0,0,0,0,2,1,1,1,1,45,7,1248,2,6,PEUGEOT BIPPER,5,-1,0,-1
2021161035139,2021,161035139,1,19,0,18,19,1,5,0,0,0,0,0,0,0,4,1,2,2,1,-1,-1,1248,2,4,PEUGEOT BIPPER,5,E01013048,0,-1
2021501087308,2021,501087308,1,19,0,18,19,7,1,0,0,2,0,0,0,0,1,1,6,6,1,-1,-1,1248,2,5,PEUGEOT BIPPER,-1,-1,0,-1
2021451109704,2021,451109704,2,9,0,2,2,5,1,0,0,0,0,0,0,0,1,1,6,6,3,-1,-1,1248,2,7,PEUGEOT BIPPER,-1,-1,0,-1
2021041046583,2021,041046583,1,19,0,18,19,7,3,0,0,8,0,0,7,11,1,1,1,1,1,51,8,1248,2,6,PEUGEOT BIPPER,10,E01025255,0,-1
2021010293422,2021,010293422,2,19,0,10,10,5,3,0,0,8,0,0,0,0,2,1,1,1,1,28,6,1248,2,6,PEUGEOT BIPPER,5,E01000454,0,-1
2021010292095,2021,010292095,1,19,0,99,99,9,9,99,99,9,9,99,9,99,1,9,6,6,1,28,6,1248,2,7,PEUGEOT BIPPER,5,E01017908,0,-1
2021501016605,2021,501016605,1,19,0,18,19,1,5,0,0,0,0,0,0,0,4,1,6,6,1,75,10,1399,2,11,PEUGEOT BIPPER,4,E01019064,0,-1
2021622100130,2021,622100130,1,19,0,18,19,4,8,0,0,0,5,0,1,0,1,1,1,1,1,39,7,1248,2,6,PEUGEOT BIPPER,3,W01001792,0,-1
2021201040779,2021,201040779,2,9,0,2,2,0,0,0,0,0,0,0,0,0,4,1,6,6,3,-1,-1,1248,2,11,-1,-1,-1,0,-1
2021471031689,2021,471031689,2,19,0,18,19,4,8,0,0,0,0,0,0,0,2,1,2,2,1,39,7,1248,2,6,PEUGEOT BIPPER,5,E01031467,0,-1
2021211031791,2021,211031791,1,19,0,18,19,5,1,0,0,8,0,0,0,0,3,1,1,1,1,55,8,1248,2,9,PEUGEOT BIPPER,9,E01029724,0,-1
2021201076733,2021,201076733,2,19,0,18,19,4,8,0,0,0,0,0,0,0,3,1,6,6,1,42,7,1248,2,4,PEUGEOT BIPPER,10,E01010191,0,-1
2021070720291,2021,070720291,1,19,0,10,10,5,2,0,0,1,0,0,0,0,0,1,6,6,1,38,7,1399,2,11,PEUGEOT BIPPER,3,W01000298,0,-1
2021061040398,2021,061040398,2,19,0,3,3,2,6,0,0,1,0,0,0,0,2,1,1,1,1,30,6,1248,2,6,PEUGEOT BIPPER,1,E01005581,0,-1
2021440221977,2021,440221977,2,19,0,4,4,5,1,0,0,1,0,0,0,0,1,1,6,6,1,-1,-1,1399,2,12,PEUGEOT BIPPER,-1,-1,0,-1
2021351118748,2021,351118748,1,19,-1,18,19,1,5,0,0,1,0,0,0,0,1,1,6,6,1,-1,-1,1399,2,10,PEUGEOT BIPPER,6,E01033036,0,-1
2021221057161,2021,221057161,1,19,0,16,19,5,8,7,6,0,0,4,0,0,1,1,1,1,1,48,8,1399,2,9,PEUGEOT BIPPER,8,E01013990,0,-1
2021061104263,2021,061104263,2,19,0,18,19,6,2,0,0,0,0,0,0,0,1,1,6,6,1,30,6,1248,2,7,PEUGEOT BIPPER,-1,-1,0,-1
2021161122383,2021,161122383,1,19,0,18,19,7,3,0,0,1,0,0,0,0,1,1,2,2,1,37,7,1248,2,8,PEUGEOT BIPPER,4,E01013049,0,-1
2021131063003,2021,131063003,1,19,0,9,9,1,6,0,0,8,0,0,0,0,1,1,2,2,1,34,6,1399,2,12,PEUGEOT BIPPER,3,E01011125,0,-1
2021461097958,2021,461097958,1,19,0,14,14,4,8,0,0,0,0,0,0,0,1,1,5,6,2,65,9,1399,2,11,PEUGEOT BIPPER,6,E01024022,0,-1
2021010305573,2021,010305573,1,19,0,18,19,3,7,0,0,1,0,0,0,0,3,1,6,6,1,-1,-1,1399,2,10,PEUGEOT BIPPER,5,E01003392,0,-1
2021552100387,2021,552100387,2,19,0,4,4,6,2,0,0,8,0,0,0,0,2,1,1,1,2,35,6,1248,2,6,PEUGEOT BIPPER,5,E01015374,0,-1
2021221118160,2021,221118160,1,19,0,4,4,3,7,0,0,0,0,0,0,0,2,1,2,2,1,50,8,1248,2,7,PEUGEOT BIPPER,5,E01032280,0,-1
2021411121928,2021,411121928,2,19,0,18,19,2,6,0,0,8,0,0,0,0,1,1,1,1,1,40,7,1399,2,11,PEUGEOT BIPPER,6,E01030112,0,-1
2021471047083,2021,471047083,2,20,0,18,19,2,6,0,0,1,0,0,0,0,3,1,2,2,1,65,9,-1,-1,-1,PEUGEOT BIPPER,4,E01016973,0,-1
2021201078236,2021,201078236,1,19,0,18,19,8,4,0,0,0,0,10,0,0,0,1,6,6,1,-1,-1,1248,2,7,PEUGEOT BIPPER,-1,-1,0,-1
2021401102566,2021,401102566,2,19,0,3,3,3,7,0,0,0,0,0,0,0,2,1,6,6,1,47,8,1248,2,7,PEUGEOT BIPPER,4,E01017581,0,-1
2021501018571,2021,501018571,1,19,0,18,19,5,1,0,0,0,0,0,0,0,1,1,1,1,1,46,8,1248,2,8,PEUGEOT BIPPER,-1,-1,0,-1
2021440099203,2021,440099203,2,19,0,18,19,1,5,0,0,8,0,0,0,0,3,1,2,2,1,22,5,1248,2,8,PEUGEOT BIPPER,9,E01017248,0,-1
2021010304500,2021,010304500,2,3,0,15,15,3,7,0,0,1,2,0,0,0,4,1,6,6,1,30,6,124,1,9,-1,2,E01002054,0,-1
2021302100586,2021,302100586,1,2,0,18,19,2,6,0,0,0,0,0,0,0,3,1,2,2,1,16,4,50,1,12,PIAGGIO LIBERTY,1,E01019578,0,-1
2021010291261,2021,010291261,1,3,0,18,19,4,8,0,0,1,0,0,0,0,1,1,1,1,1,25,5,124,1,4,PIAGGIO LIBERTY,4,E01000633,0,-1
2021010309227,2021,010309227,1,3,0,99,99,9,9,99,99,9,9,99,9,99,9,1,6,6,1,19,4,124,1,1,PIAGGIO LIBERTY,1,E01000798,0,-1
2021010294943,2021,010294943,1,3,0,99,99,9,9,99,99,9,9,99,9,99,9,1,6,6,1,19,4,124,1,1,PIAGGIO LIBERTY,2,E01004290,0,-1
2021440251836,2021,440251836,1,3,0,18,19,6,2,0,0,0,0,0,0,0,0,1,1,1,1,18,4,124,1,0,PIAGGIO LIBERTY,6,E01023250,0,-1
2021501084054,2021,501084054,2,3,0,14,14,4,8,0,0,1,1,0,0,0,0,1,1,1,1,24,5,124,1,0,PIAGGIO LIBERTY,5,E01019026,0,-1
2021010329334,2021,010329334,1,3,0,99,99,9,9,99,99,9,9,99,9,99,9,1,1,1,2,32,6,124,1,2,PIAGGIO LIBERTY,2,E01003591,0,-1
2021010293448,2021,010293448,2,3,0,3,3,3,7,0,0,0,0,0,0,0,2,1,6,6,1,36,7,124,1,2,PIAGGIO LIBERTY,-1,-1,0,-1
2021010318413,2021,010318413,1,3,0,18,19,1,5,0,0,1,5,0,0,0,1,1,1,1,1,25,5,124,1,1,PIAGGIO LIBERTY,3,E01003524,0,-1
2021010335955,2021,010335955,1,3,0,18,19,1,5,0,0,8,0,0,0,0,1,1,1,1,1,26,6,124,1,1,PIAGGIO LIBERTY,3,E01001972,0,-1
2021010289108,2021,010289108,2,3,0,4,4,2,6,0,0,1,0,0,0,0,1,1,6,6,1,53,8,124,1,1,PIAGGIO LIBERTY,1,E01002089,0,-1
2021010348894,2021,010348894,1,3,0,99,99,9,9,99,99,9,9,99,9,99,1,1,6,6,1,30,6,124,1,0,PIAGGIO LIBERTY,1,E01000508,0,-1
2021010299115,2021,010299115,1,3,0,99,99,9,9,99,99,9,9,99,9,99,1,1,6,6,1,32,6,124,1,4,PIAGGIO LIBERTY,2,E01000509,0,-1
2021010322709,2021,010322709,2,3,0,13,13,5,1,0,0,0,0,0,0,0,1,1,2,2,2,25,5,124,1,0,PIAGGIO LIBERTY,1,E01004247,0,-1
2021111051795,2021,111051795,1,3,0,18,19,5,1,0,0,0,1,0,0,0,1,1,5,6,2,53,8,124,1,2,PIAGGIO LIBERTY,4,E01008513,0,-1
2021010293564,2021,010293564,1,3,0,14,14,5,1,0,0,8,0,0,0,0,4,1,1,1,1,29,6,124,1,4,PIAGGIO LIBERTY,2,E01000556,0,-1
2021010307538,2021,010307538,1,3,0,99,99,9,9,99,99,9,9,99,9,99,9,1,6,6,2,43,7,124,1,0,PIAGGIO LIBERTY,2,E01002068,0,-1
2021411037946,2021,411037946,2,3,0,18,19,8,6,0,0,1,0,0,0,0,1,1,2,2,1,20,4,124,1,1,PIAGGIO LIBERTY,4,E01023877,0,-1
2021010342736,2021,010342736,2,3,0,9,9,1,6,0,0,1,0,0,0,0,4,1,6,6,1,27,6,124,1,1,PIAGGIO LIBERTY,3,E01002064,0,-1
2021440396310,2021,440396310,1,3,0,18,19,4,8,0,0,8,0,0,0,0,4,1,1,1,1,35,6,124,1,0,PIAGGIO LIBERTY,5,E01023201,0,-1
2021010322706,2021,010322706,1,3,0,18,19,1,5,0,0,1,0,0,0,0,4,1,6,6,1,26,6,124,1,4,PIAGGIO LIBERTY,6,E01003367,0,-1
2021010341472,2021,010341472,2,3,0,18,19,7,3,0,0,1,0,0,0,0,1,1,6,6,1,59,9,124,1,5,PIAGGIO LIBERTY,2,E01002765,0,-1
2021010330215,2021,010330215,1,3,0,99,99,9,9,99,99,9,9,99,9,99,9,1,1,1,1,39,7,124,1,1,PIAGGIO LIBERTY,5,E01000224,0,-1
2021010295573,2021,010295573,1,3,9,99,99,9,9,99,99,0,9,99,9,99,1,1,6,6,1,24,5,124,1,1,PIAGGIO LIBERTY,2,E01003566,0,-1
2021010312269,2021,010312269,1,3,0,18,19,7,3,0,0,1,0,4,0,0,1,1,2,2,1,37,7,124,1,1,PIAGGIO LIBERTY,3,E01003571,0,-1
2021430176808,2021,430176808,2,3,0,4,4,6,2,0,0,1,0,0,0,0,2,1,6,6,1,17,4,124,1,17,PIAGGIO LIBERTY,4,E01016391,0,-1
2021501083789,2021,501083789,1,3,0,9,9,1,7,0,0,5,2,0,1,11,1,1,6,6,1,23,5,124,1,17,PIAGGIO LIBERTY,1,E01015231,0,-1
2021010333071,2021,010333071,1,2,0,15,15,7,3,0,0,1,0,0,0,0,1,1,1,1,1,25,5,124,1,0,PIAGGIO LIBERTY,4,E01000676,0,-1
2021501120161,2021,501120161,1,2,0,18,19,1,5,0,0,1,1,0,0,0,1,1,6,6,2,23,5,124,1,4,PIAGGIO LIBERTY,4,E01000559,0,-1
2021421035642,2021,421035642,1,3,0,18,19,6,2,0,0,2,0,0,0,0,1,1,5,6,1,23,5,124,1,1,PIAGGIO LIBERTY,3,E01003723,0,-1
2021320673710,2021,320673710,1,3,0,18,19,1,5,0,0,1,0,0,0,0,1,1,6,6,1,19,4,124,1,2,PIAGGIO LIBERTY,6,E01026020,0,-1
2021010352249,2021,010352249,1,3,0,99,99,9,9,99,99,9,9,99,9,99,2,1,2,2,1,41,7,124,1,2,PIAGGIO LIBERTY,3,E01000640,0,-1
2021010294337,2021,010294337,1,3,0,99,99,9,9,0,0,0,0,0,0,0,3,1,6,6,1,37,7,124,1,1,PIAGGIO LIBERTY,3,E01003571,0,-1
2021010338413,2021,010338413,1,3,0,99,99,9,9,99,99,9,9,99,9,99,1,1,6,6,1,35,6,124,1,4,PIAGGIO LIBERTY,2,E01000527,0,-1