collision_index,collision_year,collision_ref_no,vehicle_reference,vehicle_type,towing_and_articulation,vehicle_manoeuvre_historic,vehicle_manoeuvre,vehicle_direction_from,vehicle_direction_to,vehicle_location_restricted_lane_historic,vehicle_location_restricted_lane,junction_location,skidding_and_overturning,hit_object_in_carriageway,vehicle_leaving_carriageway,hit_object_off_carriageway,first_point_of_impact,vehicle_left_hand_drive,journey_purpose_of_driver_historic,journey_purpose_of_driver,sex_of_driver,age_of_driver,age_band_of_driver,engine_capacity_cc,propulsion_code,age_of_vehicle,generic_make_model,driver_imd_decile,lsoa_of_driver,escooter_flag,driver_distance_banding
2021010312686,2021,010312686,1,3,0,99,99,9,9,99,99,9,9,99,9,99,1,1,6,6,1,39,7,124,1,4,PIAGGIO LIBERTY,1,E01033455,0,-1
2021010339336,2021,010339336,1,3,0,18,19,5,1,0,0,1,0,0,0,0,1,1,6,6,1,31,6,124,1,1,PIAGGIO LIBERTY,-1,-1,0,-1
2021010333229,2021,010333229,2,2,0,7,7,8,2,0,0,8,0,0,0,0,1,1,6,6,2,39,7,124,1,4,PIAGGIO LIBERTY,8,E01000320,0,-1
2021010303131,2021,010303131,1,3,0,99,99,9,9,99,99,9,9,99,9,99,1,1,6,6,1,26,6,124,1,1,PIAGGIO LIBERTY,2,E01000509,0,-1
2021010348689,2021,010348689,2,3,0,18,19,1,5,0,0,1,0,0,0,0,1,1,2,2,2,42,7,124,1,11,PIAGGIO LIBERTY,4,E01001085,0,-1
2021010297685,2021,010297685,1,3,0,99,99,9,9,99,99,9,9,99,9,99,1,1,6,6,2,25,5,124,1,1,PIAGGIO LIBERTY,2,E01000509,0,-1
2021010308677,2021,010308677,1,3,0,99,99,9,9,99,99,9,9,99,9,99,1,1,6,6,1,25,5,124,1,0,PIAGGIO LIBERTY,4,E01000676,0,-1
2021010339331,2021,010339331,1,3,0,18,19,5,1,0,0,0,0,0,0,0,4,1,1,1,1,18,4,124,1,4,PIAGGIO LIBERTY,7,E01003370,0,-1
2021461042930,2021,461042930,1,3,0,18,19,1,5,0,0,1,0,0,0,0,1,1,1,1,1,30,6,124,1,0,PIAGGIO LIBERTY,2,E01024397,0,-1
2021010313827,2021,010313827,2,2,0,18,19,3,7,0,0,2,0,0,0,0,1,1,6,6,1,23,5,124,1,2,PIAGGIO LIBERTY,4,E01000472,0,-1
2021010315266,2021,010315266,1,3,0,5,5,5,1,0,0,1,0,0,0,0,0,1,2,2,1,22,5,124,1,1,PIAGGIO LIBERTY,3,E01000640,0,-1
2021010334052,2021,010334052,2,3,0,9,9,3,1,0,0,5,5,0,0,0,4,1,2,2,1,23,5,124,1,4,PIAGGIO LIBERTY,3,E01003536,0,-1
2021010344581,2021,010344581,1,3,0,99,99,9,9,99,99,0,9,99,9,99,1,1,2,2,1,25,5,124,1,1,PIAGGIO LIBERTY,2,E01000527,0,-1
2021010296441,2021,010296441,1,3,0,18,19,5,1,0,0,8,0,0,0,0,1,1,6,6,1,25,5,124,1,4,PIAGGIO LIBERTY,1,E01033604,0,-1
2021010295519,2021,010295519,2,3,0,4,4,8,4,0,0,2,5,0,0,0,2,1,1,1,2,37,7,124,1,4,PIAGGIO LIBERTY,4,E01001355,0,-1
2021061035741,2021,061035741,2,3,0,4,4,2,6,0,0,1,0,0,0,0,1,1,5,6,1,29,6,124,1,0,PIAGGIO LIBERTY,2,E01004829,0,-1
2021010332654,2021,010332654,2,3,0,18,19,5,1,0,0,1,0,0,0,0,9,1,6,6,1,-1,-1,124,1,1,PIAGGIO LIBERTY,-1,-1,0,-1
2021010307284,2021,010307284,1,3,0,99,99,9,9,99,99,0,9,99,9,99,1,1,6,6,3,36,7,124,1,1,PIAGGIO LIBERTY,1,E01000524,0,-1
2021010290596,2021,010290596,1,3,0,99,99,9,9,99,99,0,9,99,9,99,1,1,6,6,1,26,6,124,1,2,PIAGGIO LIBERTY,3,E01001637,0,-1
2021010321699,2021,010321699,1,3,0,99,99,9,9,99,99,9,9,99,9,99,2,1,1,1,1,36,7,124,1,1,PIAGGIO LIBERTY,2,E01003924,0,-1
2021451096539,2021,451096539,1,3,0,18,19,1,5,0,0,1,0,7,0,0,1,1,1,1,1,30,6,124,1,2,PIAGGIO LIBERTY,6,E01002974,0,-1
2021351095868,2021,351095868,1,3,0,3,3,2,8,0,0,1,0,0,0,0,1,1,1,1,1,27,6,124,1,2,PIAGGIO LIBERTY,7,E01017965,0,-1
2021451026944,2021,451026944,2,3,0,15,15,5,1,0,0,2,2,10,0,0,1,1,1,1,1,46,8,124,1,4,PIAGGIO LIBERTY,10,E01016184,0,-1
2021471042612,2021,471042612,1,3,0,18,19,7,3,0,0,1,1,0,0,0,1,1,6,6,1,19,4,124,1,10,PIAGGIO LIBERTY,3,E01016951,0,-1
2021010321088,2021,010321088,1,3,0,99,99,9,9,99,99,9,9,99,9,99,2,1,6,6,2,25,5,124,1,0,PIAGGIO LIBERTY,1,E01000508,0,-1
2021010316002,2021,010316002,2,3,0,18,19,3,7,0,0,1,0,0,0,0,4,1,6,6,1,24,5,124,1,1,PIAGGIO LIBERTY,6,E01004216,0,-1
2021440510421,2021,440510421,1,3,0,9,9,3,1,0,0,1,0,0,0,0,0,1,6,6,1,54,8,-1,-1,-1,PIAGGIO LIBERTY,4,E01023153,0,-1
2021461064113,2021,461064113,2,3,0,-1,-1,-1,-1,-1,-1,-1,-1,-1,-1,0,1,1,1,1,1,36,7,124,1,1,PIAGGIO LIBERTY,2,E01024091,0,-1
2021010305023,2021,010305023,1,3,0,3,3,4,8,0,0,1,0,0,0,0,2,1,1,1,1,33,6,124,1,1,PIAGGIO LIBERTY,-1,-1,0,-1
2021010321427,2021,010321427,1,3,0,18,19,5,1,0,0,1,0,0,0,0,1,1,6,6,1,22,5,124,1,0,PIAGGIO LIBERTY,4,E01004395,0,-1
2021010335051,2021,010335051,1,3,0,18,19,6,2,0,0,1,0,0,0,0,1,1,1,1,1,44,7,124,1,1,PIAGGIO LIBERTY,2,E01002786,0,-1
2021010340191,2021,010340191,2,2,0,18,19,3,7,0,0,8,0,0,0,0,1,1,2,2,2,31,6,124,1,2,PIAGGIO LIBERTY,6,E01002295,0,-1
2021010289050,2021,010289050,2,3,0,18,19,1,5,0,0,1,0,0,0,0,1,1,2,2,1,25,5,124,1,1,PIAGGIO LIBERTY,6,E01001065,0,-1
2021010311321,2021,010311321,2,3,0,14,14,1,5,0,0,8,0,0,0,0,1,1,6,6,1,61,9,124,1,4,PIAGGIO LIBERTY,4,E01001090,0,-1
2021010340285,2021,010340285,2,3,0,18,19,5,1,0,0,0,0,0,0,0,1,1,6,6,1,35,6,124,1,0,PIAGGIO LIBERTY,3,E01000640,0,-1
2021141049795,2021,141049795,1,3,0,18,19,1,5,0,0,1,0,0,0,0,1,1,6,6,1,41,7,124,1,3,PIAGGIO LIBERTY,1,E01008086,0,-1
2021010318661,2021,010318661,1,2,0,18,19,7,3,0,0,0,0,11,0,0,1,1,1,1,1,37,7,124,1,4,PIAGGIO LIBERTY,2,E01001783,0,-1
2021010330752,2021,010330752,2,3,9,99,99,9,9,99,99,9,9,99,9,99,4,9,6,6,3,-1,-1,124,1,2,PIAGGIO LIBERTY,-1,-1,0,-1
2021010344435,2021,010344435,1,3,0,99,99,9,9,99,99,9,9,99,9,99,1,1,6,6,2,21,5,124,1,1,PIAGGIO LIBERTY,6,E01001917,0,-1
2021010306394,2021,010306394,2,4,0,18,19,1,5,0,0,1,0,0,0,0,3,1,6,6,1,28,6,124,1,4,PIAGGIO LIBERTY,2,E01004686,0,-1
2021010294280,2021,010294280,1,3,0,6,6,5,5,0,0,0,0,0,0,0,1,1,1,1,1,32,6,124,1,4,PIAGGIO LIBERTY,2,E01004269,0,-1
2021010342714,2021,010342714,2,3,0,18,19,5,1,0,0,1,0,0,0,0,3,1,6,6,2,29,6,124,1,0,PIAGGIO LIBERTY,3,E01002564,0,-1
2021010344193,2021,010344193,1,3,0,99,99,9,9,99,99,9,9,99,9,99,9,1,6,6,3,28,6,124,1,1,PIAGGIO LIBERTY,1,E01000643,0,-1
2021010323532,2021,010323532,1,3,0,18,19,4,8,0,0,0,0,10,0,0,3,1,6,6,1,29,6,-1,-1,-1,PIAGGIO LIBERTY,3,E01003094,0,-1
2021010316248,2021,010316248,2,3,0,5,5,1,5,0,0,1,0,4,0,0,1,1,2,2,1,28,6,124,1,1,PIAGGIO LIBERTY,3,E01000111,0,-1
2021010319515,2021,010319515,1,3,0,99,99,9,9,99,99,9,9,99,9,99,9,1,6,6,1,26,6,124,1,1,PIAGGIO LIBERTY,1,E01001958,0,-1
2021010329223,2021,010329223,1,3,0,7,7,3,5,0,0,3,2,0,0,0,4,1,1,1,1,32,6,124,1,4,PIAGGIO LIBERTY,-1,-1,0,-1
2021552100323,2021,552100323,2,3,0,17,19,5,3,0,0,8,0,0,0,0,2,1,1,1,1,27,6,124,1,4,PIAGGIO LIBERTY,2,E01015367,0,-1
2021010342270,2021,010342270,1,3,0,99,99,9,9,99,99,9,9,99,9,99,1,1,1,1,1,42,7,124,1,2,PIAGGIO LIBERTY,2,E01001114,0,-1
2021010295641,2021,010295641,1,3,0,99,99,9,9,99,99,9,9,99,9,99,9,1,2,2,1,35,6,124,1,1,PIAGGIO LIBERTY,3,E01000473,0,-1
2021010333265,2021,010333265,1,3,0,99,99,9,9,99,99,9,9,99,9,99,9,9,1,1,1,25,5,124,1,3,PIAGGIO LIBERTY,3,E01003519,0,-1
2021010298596,2021,010298596,1,3,0,99,99,9,9,99,99,9,9,99,9,99,2,1,2,2,2,35,6,124,1,1,PIAGGIO LIBERTY,7,E01023901,0,-1
2021010300256,2021,010300256,1,3,0,99,99,9,9,99,99,9,9,99,9,99,9,1,6,6,1,39,7,124,1,0,PIAGGIO LIBERTY,4,E01001723,0,-1
2021010304798,2021,010304798,2,3,0,18,19,1,5,0,0,1,2,0,0,0,3,1,2,2,2,23,5,124,1,0,PIAGGIO LIBERTY,5,E01001500,0,-1
2021010296566,2021,010296566,1,3,0,18,19,7,3,0,0,0,0,0,0,0,2,1,1,1,2,26,6,124,1,1,PIAGGIO LIBERTY,2,E01003601,0,-1
2021010343465,2021,010343465,1,3,0,18,19,1,5,0,0,2,1,0,0,0,1,1,6,6,1,27,6,124,1,0,PIAGGIO LIBERTY,6,E01000555,0,-1
2021010300913,2021,010300913,1,3,0,99,99,9,9,99,99,0,9,99,9,99,9,1,6,6,1,50,8,124,1,1,PIAGGIO LIBERTY,3,E01000535,0,-1
2021010304340,2021,010304340,2,2,0,4,4,1,5,0,0,0,5,0,0,0,2,1,6,6,1,24,5,49,1,6,PIAGGIO LIBERTY,3,E01002048,0,-1
2021010293067,2021,010293067,2,3,0,18,19,8,4,0,0,1,0,0,0,0,1,1,1,1,1,25,5,124,1,3,PIAGGIO LIBERTY,4,E01002642,0,-1
2021010332598,2021,010332598,2,3,0,18,19,7,3,0,0,1,0,0,0,0,1,1,1,1,1,21,5,124,1,4,PIAGGIO LIBERTY,1,E01002092,0,-1
2021010315055,2021,010315055,1,3,0,15,15,1,5,0,0,8,1,0,0,0,4,1,6,6,1,24,5,124,1,0,PIAGGIO LIBERTY,3,E01004397,0,-1
2021010300718,2021,010300718,1,3,0,99,99,9,9,99,99,0,9,99,9,99,1,1,6,6,3,-1,-1,124,1,1,PIAGGIO LIBERTY,-1,-1,0,-1
2021302101226,2021,302101226,1,3,0,18,19,4,8,0,0,0,0,0,0,0,1,1,2,2,1,29,6,124,1,0,PIAGGIO LIBERTY,1,E01028276,0,-1
2021010335203,2021,010335203,1,4,0,99,99,9,9,99,99,9,9,99,9,99,1,1,1,1,1,30,6,124,1,0,PIAGGIO LIBERTY,3,E01003569,0,-1
2021010342927,2021,010342927,1,3,0,99,99,9,9,99,99,9,9,99,9,99,1,1,6,6,1,31,6,124,1,1,PIAGGIO LIBERTY,3,E01003596,0,-1
2021010287753,2021,010287753,1,3,0,99,99,9,9,99,99,9,9,99,9,99,9,1,6,6,1,39,7,124,1,1,PIAGGIO LIBERTY,8,E01002985,0,-1
2021010327018,2021,010327018,1,3,0,99,99,9,9,99,99,9,9,99,9,99,1,9,1,1,1,24,5,124,1,0,PIAGGIO LIBERTY,2,E01003558,0,-1
2021010344873,2021,010344873,1,3,0,99,99,9,9,99,99,9,9,99,9,99,2,1,6,6,1,26,6,124,1,0,PIAGGIO LIBERTY,-1,-1,0,-1
2021010318335,2021,010318335,1,3,0,18,19,7,3,0,0,0,0,0,0,0,3,1,6,6,2,40,7,124,1,1,PIAGGIO LIBERTY,2,E01000930,0,-1
2021010328656,2021,010328656,1,3,0,18,19,7,3,0,0,8,0,0,0,0,1,1,6,6,1,21,5,124,1,3,PIAGGIO LIBERTY,3,E01001327,0,-1
2021141021149,2021,141021149,1,3,0,18,19,5,1,0,0,1,0,0,0,0,1,1,6,6,1,19,4,124,1,2,PIAGGIO LIBERTY,4,E01007396,0,-1
2021010295765,2021,010295765,1,3,0,99,99,9,9,99,99,0,9,99,9,99,1,1,2,2,2,29,6,124,1,13,PIAGGIO LIBERTY,7,E01003395,0,-1
2021010351750,2021,010351750,2,4,0,18,19,3,7,0,0,2,1,0,0,0,1,1,1,1,1,24,5,124,1,1,PIAGGIO LIBERTY,3,E01003104,0,-1
2021991056608,2021,991056608,2,3,0,18,19,7,3,0,0,8,0,0,0,0,4,1,5,6,1,65,9,124,1,10,PIAGGIO LIBERTY,3,-1,0,-1
2021010290906,2021,010290906,2,3,0,18,19,7,3,0,0,0,0,0,0,0,1,1,6,6,1,35,6,124,1,3,PIAGGIO LIBERTY,4,E01003447,0,-1
2021010322525,2021,010322525,1,3,0,18,19,3,7,0,0,3,0,0,0,0,3,1,1,1,2,40,7,124,1,1,PIAGGIO LIBERTY,1,E01000595,0,-1
2021010312886,2021,010312886,2,3,0,18,19,1,5,0,0,1,0,0,0,0,1,1,6,6,1,28,6,124,1,2,PIAGGIO LIBERTY,7,E01000459,0,-1
2021501100501,2021,501100501,1,3,0,18,19,3,7,0,0,0,0,2,0,0,4,1,6,6,1,26,6,124,1,0,PIAGGIO LIBERTY,8,E01020281,0,-1
2021010324151,2021,010324151,1,3,0,99,99,9,9,99,99,9,9,99,9,99,9,1,1,1,1,51,8,124,1,2,PIAGGIO LIBERTY,2,E01033485,0,-1
2021010318760,2021,010318760,1,3,0,99,99,9,9,99,99,9,9,99,9,99,9,1,6,6,1,48,8,124,1,5,PIAGGIO LIBERTY,6,E01004474,0,-1
2021010304724,2021,010304724,1,3,0,99,99,9,9,99,99,9,9,99,9,99,2,1,6,6,1,28,6,124,1,14,PIAGGIO LIBERTY,3,E01003182,0,-1
2021010323519,2021,010323519,1,3,0,8,8,7,1,0,0,1,0,0,0,0,4,1,1,1,2,25,5,124,1,3,PIAGGIO LIBERTY,1,E01000521,0,-1
2021010341516,2021,010341516,1,3,0,99,99,9,9,99,99,9,9,99,9,99,9,1,1,1,1,25,5,124,1,1,PIAGGIO LIBERTY,2,E01003768,0,-1
2021010347517,2021,010347517,1,3,0,99,99,9,9,99,99,9,9,99,9,99,1,1,2,2,1,37,7,124,1,1,PIAGGIO LIBERTY,4,E01000926,0,-1
2021010303663,2021,010303663,1,3,0,99,99,9,9,99,99,0,9,99,9,99,9,1,6,6,1,29,6,124,1,1,PIAGGIO LIBERTY,2,E01001700,0,-1
2021010297684,2021,010297684,2,3,0,18,19,5,1,0,0,0,0,0,0,0,1,1,6,6,1,29,6,124,1,1,PIAGGIO LIBERTY,4,E01002698,0,-1
2021010300571,2021,010300571,1,3,0,13,13,1,5,0,0,0,0,0,0,0,4,1,6,6,1,30,6,124,1,2,PIAGGIO LIBERTY,6,E01033457,0,-1
2021010318198,2021,010318198,2,3,0,13,13,1,5,0,0,1,0,0,0,0,4,1,6,6,1,47,8,124,1,1,PIAGGIO LIBERTY,3,E01001362,0,-1
2021010307427,2021,010307427,1,3,0,18,19,7,3,0,0,1,0,0,1,0,1,1,6,6,1,21,5,124,1,13,PIAGGIO LIBERTY,-1,-1,0,-1
2021041064916,2021,041064916,1,97,0,18,19,1,5,9,9,1,0,0,2,11,1,1,5,6,1,39,7,124,1,0,-1,2,E01012600,0,-1
2021421097912,2021,421097912,2,3,0,18,19,4,8,0,0,1,0,0,0,0,4,1,1,1,1,47,8,124,1,1,PIAGGIO LIBERTY,8,E01021574,0,-1
2021361097901,2021,361097901,1,2,0,18,19,2,6,0,0,0,0,12,0,0,3,1,1,1,2,34,6,124,1,0,PIAGGIO LIBERTY,-1,-1,0,-1
2021991095679,2021,991095679,1,3,0,18,19,3,7,0,0,2,0,0,0,0,1,1,5,6,1,69,10,124,1,2,PIAGGIO LIBERTY,2,-1,0,-1
2021010292370,2021,010292370,1,3,9,99,99,9,9,99,99,4,9,99,9,99,1,1,6,6,1,29,6,124,1,1,PIAGGIO LIBERTY,2,E01002316,0,-1
2021010315673,2021,010315673,1,3,0,17,19,3,7,0,0,1,0,0,0,0,1,1,2,2,1,42,7,124,1,4,PIAGGIO LIBERTY,7,E01000493,0,-1
2021010335069,2021,010335069,1,3,0,18,19,7,3,0,0,0,0,0,1,11,1,1,6,6,1,18,4,124,1,0,PIAGGIO LIBERTY,4,E01003031,0,-1
2021010313145,2021,010313145,1,3,0,18,19,7,3,2,2,8,0,0,0,0,1,1,6,6,1,31,6,124,1,1,PIAGGIO LIBERTY,4,E01004569,0,-1
2021010317593,2021,010317593,2,3,0,18,19,3,7,0,0,1,0,0,0,0,3,1,2,2,1,29,6,124,1,0,PIAGGIO LIBERTY,3,E01003769,0,-1
2021010302587,2021,010302587,1,4,0,14,14,5,1,0,0,2,1,0,0,0,4,1,6,6,1,21,5,124,1,1,PIAGGIO LIBERTY,1,E01004541,0,-1
2021010308020,2021,010308020,1,3,0,18,19,5,1,0,0,8,0,0,0,0,1,1,6,6,1,29,6,124,1,4,PIAGGIO LIBERTY,2,E01000151,0,-1
2021010346124,2021,010346124,1,3,0,99,99,9,9,99,99,9,9,99,9,99,9,1,6,6,2,47,8,124,1,1,PIAGGIO LIBERTY,2,E01003179,0,-1
2021010351693,2021,010351693,1,3,0,99,99,9,9,99,99,9,9,99,9,99,9,1,6,6,1,26,6,124,1,1,PIAGGIO LIBERTY,3,E01003109,0,-1
2021010295695,2021,010295695,1,3,0,5,5,1,5,0,0,0,0,0,0,0,4,1,6,6,1,51,8,124,1,4,PIAGGIO LIBERTY,5,E01000607,0,-1
2021010333817,2021,010333817,1,3,0,99,99,9,9,99,99,9,9,99,9,99,9,9,6,6,1,50,8,124,1,0,PIAGGIO LIBERTY,5,E01000583,0,-1
2021201064227,2021,201064227,1,3,0,4,4,3,7,0,0,8,0,0,0,0,0,1,6,6,1,52,8,124,1,0,PIAGGIO LIBERTY,1,E01010485,0,-1
2021010309860,2021,010309860,2,3,0,99,99,9,9,99,99,9,9,99,9,99,9,1,6,6,3,-1,-1,124,1,5,PIAGGIO LIBERTY,8,E01022570,0,-1
2021101088483,2021,101088483,1,3,0,18,19,7,3,0,0,8,0,0,0,0,1,1,1,1,1,32,6,124,1,0,PIAGGIO LIBERTY,1,E01008438,0,-1
2021010296970,2021,010296970,2,3,0,18,19,6,2,0,0,1,0,0,0,0,1,1,6,6,2,53,8,124,1,1,PIAGGIO LIBERTY,2,E01004289,0,-1
2021010297536,2021,010297536,1,3,0,99,99,9,9,99,99,9,9,99,9,99,9,1,6,6,2,30,6,124,1,4,PIAGGIO LIBERTY,1,E01026848,0,-1
2021010299260,2021,010299260,1,3,0,18,19,3,7,0,0,1,1,7,1,10,1,1,1,1,1,31,6,124,1,4,PIAGGIO LIBERTY,2,E01000484,0,-1
2021010340080,2021,010340080,1,4,0,18,19,1,5,0,0,1,0,0,0,0,2,1,1,1,1,50,8,124,1,4,PIAGGIO LIBERTY,2,E01033485,0,-1
2021010328780,2021,010328780,2,4,0,18,19,5,1,0,0,1,0,0,0,0,1,1,1,1,1,43,7,124,1,1,PIAGGIO LIBERTY,5,E01004188,0,-1
2021010322744,2021,010322744,1,3,0,18,19,1,5,0,0,8,0,0,0,0,1,1,1,1,1,21,5,124,1,1,PIAGGIO LIBERTY,5,E01000920,0,-1
2021010343639,2021,010343639,1,3,0,18,19,3,7,2,2,1,0,0,0,0,1,1,1,1,1,33,6,124,1,4,PIAGGIO LIBERTY,6,E01003228,0,-1
2021010350155,2021,010350155,2,2,0,99,99,9,9,99,99,0,9,99,9,99,1,1,6,6,3,-1,-1,124,1,1,PIAGGIO LIBERTY,-1,-1,0,-1
2021010332041,2021,010332041,2,3,0,10,10,6,3,0,0,1,0,0,0,0,1,1,6,6,1,24,5,124,1,2,PIAGGIO LIBERTY,5,E01002410,0,-1
2021010301098,2021,010301098,1,4,0,18,19,5,1,0,0,8,0,0,0,0,2,1,1,1,1,26,6,124,1,1,PIAGGIO LIBERTY,7,E01001313,0,-1
2021052100063,2021,052100063,1,3,0,18,19,1,5,0,0,0,0,0,0,0,1,1,1,1,1,49,8,124,1,4,PIAGGIO LIBERTY,1,E01006614,0,-1
2021010289445,2021,010289445,2,3,0,5,5,3,7,0,0,6,0,0,0,0,1,1,6,6,1,25,5,124,1,1,PIAGGIO LIBERTY,3,E01024482,0,-1
2021010317150,2021,010317150,1,3,0,99,99,9,9,99,99,0,9,99,9,99,1,1,2,2,1,35,6,124,1,2,PIAGGIO LIBERTY,9,E01001273,0,-1
2021010295738,2021,010295738,1,3,0,99,99,9,9,99,99,9,9,99,9,99,9,1,6,6,1,51,8,124,1,3,PIAGGIO LIBERTY,3,E01004200,0,-1
2021041074154,2021,041074154,1,9,0,18,19,7,3,0,0,8,0,0,7,11,4,1,6,6,1,26,6,6592,1,9,-1,1,E01012639,0,-1
2021201023563,2021,201023563,1,9,0,18,19,8,4,0,0,1,0,0,0,0,1,1,6,6,1,-1,-1,6592,1,6,-1,1,E01009274,0,-1
2021010303821,2021,010303821,2,9,0,99,99,9,9,99,99,9,9,99,9,99,9,9,6,6,3,-1,-1,6592,1,2,-1,-1,-1,0,-1
2021461061633,2021,461061633,2,9,0,3,3,5,1,0,0,0,0,0,0,0,2,1,6,6,1,54,8,6749,1,0,-1,8,E01000680,0,-1
2021411103776,2021,411103776,2,8,0,3,3,5,1,0,0,0,0,0,0,0,2,1,5,6,1,51,8,6592,1,4,-1,6,E01000110,0,-1
2021041082902,2021,041082902,1,9,0,17,19,5,3,0,0,2,0,0,0,0,1,1,6,6,1,31,6,6592,1,9,-1,2,E01025247,0,-1
2021010342253,2021,010342253,1,3,0,99,99,9,9,99,99,0,9,99,9,99,2,9,6,6,3,40,7,125,1,7,SYM SYMPHONY,2,E01003057,0,-1
2021010288587,2021,010288587,1,3,0,18,19,3,7,0,0,0,9,99,0,0,1,1,6,6,1,36,7,125,1,4,SYM SYMPHONY,4,E01003685,0,-1
2021430427013,2021,430427013,1,3,0,14,14,7,3,0,0,8,0,0,0,0,1,1,6,6,2,23,5,125,1,0,SYM SYMPHONY,8,E01016339,0,-1
2021101118130,2021,101118130,2,4,0,8,8,1,5,0,0,1,0,0,0,0,2,1,5,6,1,73,10,125,1,0,SYM SYMPHONY,1,E01008823,0,-1
2021461088600,2021,461088600,2,3,0,18,19,4,8,0,0,0,0,0,0,0,1,1,5,6,1,18,4,125,1,5,SYM SYMPHONY,2,E01024775,0,-1
2021471021461,2021,471021461,1,2,0,18,19,7,2,0,0,0,0,10,1,0,1,1,2,2,1,28,6,49,1,10,SYM SYMPHONY,3,E01016937,0,-1
2021010288862,2021,010288862,2,3,0,13,13,3,7,0,0,1,0,0,0,0,1,1,6,6,1,21,5,125,1,3,SYM SYMPHONY,1,E01002907,0,-1
2021201154085,2021,201154085,1,2,0,14,14,8,4,0,0,8,2,0,0,0,1,1,6,6,1,16,4,125,1,4,SYM SYMPHONY,1,E01009130,0,-1
2021544106121,2021,544106121,1,3,0,18,19,3,7,0,0,8,2,12,0,0,4,1,1,1,2,46,8,125,1,3,SYM SYMPHONY,7,E01031942,0,-1
2021552100310,2021,552100310,2,2,0,15,15,4,8,4,4,8,0,0,0,0,2,1,6,6,1,23,5,49,1,11,-1,-1,-1,0,-1
2021010345735,2021,010345735,2,3,0,13,13,3,7,0,0,1,0,0,0,0,1,1,1,1,1,19,4,125,1,8,SYM SYMPHONY,3,E01001983,0,-1
2021010340472,2021,010340472,1,3,0,14,14,1,5,0,0,1,1,0,0,0,0,1,2,2,1,46,8,125,1,6,SYM SYMPHONY,4,E01001165,0,-1
2021221017132,2021,221017132,1,3,0,17,19,8,5,0,0,0,0,0,1,0,4,1,2,2,1,54,8,125,1,7,SYM SYMPHONY,5,E01028904,0,-1
2021010302173,2021,010302173,1,3,0,18,19,7,3,0,0,1,0,0,0,0,0,1,6,6,1,27,6,125,1,0,SYM SYMPHONY,2,E01003930,0,-1
2021010315048,2021,010315048,1,3,9,99,99,9,9,99,99,9,9,99,9,99,1,1,6,6,1,26,6,125,1,1,SYM SYMPHONY,5,E01000589,0,-1
2021622100303,2021,622100303,1,19,0,18,19,4,8,0,0,1,0,0,0,0,4,1,6,6,1,45,7,1896,2,22,-1,6,W01000774,0,-1
2021010291887,2021,010291887,1,19,0,99,99,9,9,99,99,9,9,99,9,99,3,9,6,6,1,26,6,1896,2,21,-1,7,E01028762,0,-1
2021411116125,2021,411116125,2,19,0,2,2,0,0,0,0,0,0,0,0,0,2,1,6,6,3,-1,-1,1896,2,20,-1,-1,-1,0,-1
2021501072462,2021,501072462,2,19,0,2,2,0,0,0,0,0,0,0,0,0,2,1,6,6,1,49,8,1896,2,23,-1,1,E01015087,0,-1
2021122101040,2021,122101040,2,4,0,18,19,1,5,0,0,1,0,0,1,0,1,1,6,6,1,60,9,350,1,36,YAMAHA MODEL MISSING,10,E01013339,0,-1
2021141124882,2021,141124882,1,17,0,-1,-1,-1,-1,-1,-1,1,-1,-1,-1,0,-1,1,6,6,1,35,6,686,1,0,YAMAHA MODEL MISSING,1,E01007496,0,-1
2021461086805,2021,461086805,1,5,0,18,19,7,3,0,0,0,5,0,1,0,1,1,6,6,1,63,9,998,1,22,YAMAHA MODEL MISSING,8,E01021086,0,-1
2021991054957,2021,991054957,1,5,0,13,13,4,8,0,0,0,0,0,0,0,3,1,5,6,1,56,9,598,1,28,YAMAHA MODEL MISSING,-1,-1,0,-1
2021991061796,2021,991061796,1,5,0,16,19,6,2,0,0,0,2,10,0,0,0,1,6,6,1,60,9,1063,1,29,YAMAHA MODEL MISSING,-1,-1,0,-1
2021101088303,2021,101088303,2,5,0,18,19,8,5,0,0,0,2,0,0,0,0,1,6,6,1,62,9,1063,1,21,YAMAHA MODEL MISSING,2,E01008822,0,-1
2021622100657,2021,622100657,1,90,0,18,19,6,2,0,0,1,2,4,0,0,1,1,6,6,1,24,5,-1,-1,-1,YAMAHA MODEL MISSING,1,W01001886,0,-1
2021201111352,2021,201111352,1,90,0,15,15,2,8,9,9,0,0,0,1,0,1,1,6,6,1,26,6,450,1,11,YAMAHA MODEL MISSING,1,E01009115,0,-1
2021161029708,2021,161029708,2,4,0,17,19,5,1,0,0,1,0,0,0,0,1,1,6,6,1,56,9,492,1,35,YAMAHA MODEL MISSING,4,E01013239,0,-1
202134WNC2431,2021,34WNC2431,2,5,0,18,19,6,2,0,0,1,0,0,0,0,2,1,6,6,1,64,9,1304,1,13,YAMAHA MODEL MISSING,7,E01027149,0,-1
2021221055580,2021,221055580,2,5,0,18,19,3,7,0,0,8,0,0,0,0,1,1,5,6,1,38,7,1690,1,15,YAMAHA MODEL MISSING,3,E01010127,0,-1