collision_index,collision_year,collision_ref_no,vehicle_reference,vehicle_type,towing_and_articulation,vehicle_manoeuvre_historic,vehicle_manoeuvre,vehicle_direction_from,vehicle_direction_to,vehicle_location_restricted_lane_historic,vehicle_location_restricted_lane,junction_location,skidding_and_overturning,hit_object_in_carriageway,vehicle_leaving_carriageway,hit_object_off_carriageway,first_point_of_impact,vehicle_left_hand_drive,journey_purpose_of_driver_historic,journey_purpose_of_driver,sex_of_driver,age_of_driver,age_band_of_driver,engine_capacity_cc,propulsion_code,age_of_vehicle,generic_make_model,driver_imd_decile,lsoa_of_driver,escooter_flag,driver_distance_banding
2021131037440,2021,131037440,2,90,0,18,19,2,6,0,0,2,5,0,7,10,1,1,6,6,1,31,6,686,1,13,YAMAHA MODEL MISSING,1,E01010833,0,-1
2021461119087,2021,461119087,2,5,0,4,4,3,7,0,0,0,0,0,0,0,1,1,6,6,1,39,7,600,1,18,YAMAHA MODEL MISSING,9,E01000647,0,-1
202163D067721,2021,63D067721,1,5,0,16,19,1,4,0,0,0,5,0,7,10,3,1,6,6,1,62,9,123,1,35,YAMAHA MODEL MISSING,6,E01028888,0,-1
2021141073077,2021,141073077,2,90,0,18,19,5,5,0,0,0,0,0,1,0,3,1,5,6,1,52,8,-1,-1,-1,YAMAHA MODEL MISSING,6,E01007560,0,-1
2021430262828,2021,430262828,2,5,0,15,15,2,6,0,0,1,0,0,1,0,1,1,6,6,1,32,6,749,1,29,YAMAHA MODEL MISSING,10,E01028721,0,-1
202131C084221,2021,31C084221,1,5,0,7,7,8,2,0,0,6,1,0,0,0,1,1,6,6,1,60,9,1063,1,24,YAMAHA MODEL MISSING,8,E01028150,0,-1
2021991041331,2021,991041331,1,5,0,17,19,5,2,0,0,0,1,0,1,1,1,1,5,6,2,60,9,749,1,27,YAMAHA MODEL MISSING,3,-1,0,-1
2021161109424,2021,161109424,2,4,0,18,19,5,1,0,0,8,0,0,0,0,1,1,2,2,1,54,8,239,1,25,YAMAHA MODEL MISSING,7,E01033108,0,-1
2021991052715,2021,991052715,2,5,0,16,19,2,6,0,0,0,0,0,0,0,2,1,5,6,1,57,9,1198,1,27,YAMAHA MODEL MISSING,4,-1,0,-1
2021991050173,2021,991050173,1,5,0,18,19,7,3,0,0,0,1,12,0,0,1,1,1,1,1,59,9,599,1,25,YAMAHA MODEL MISSING,8,-1,0,-1
2021010342586,2021,010342586,1,3,0,13,13,3,7,0,0,0,0,11,0,0,1,1,6,6,1,70,10,79,1,31,YAMAHA MODEL MISSING,6,E01001195,0,-1
2021622100730,2021,622100730,1,3,0,18,19,8,4,0,0,0,0,0,0,0,1,1,6,6,1,82,11,124,1,27,YAMAHA MODEL MISSING,10,W01001100,0,-1
2021211033764,2021,211033764,1,5,0,18,19,6,2,0,0,0,2,0,7,0,1,1,5,6,1,53,8,686,1,13,YAMAHA MODEL MISSING,2,E01029362,0,-1
20211383B0299,2021,1383B0299,2,5,0,18,19,5,1,0,0,8,0,0,0,0,1,1,6,6,1,31,6,892,1,25,YAMAHA MODEL MISSING,1,E01010817,0,-1
2021440327084,2021,440327084,1,5,0,16,19,5,1,0,0,0,0,0,7,7,3,1,6,6,1,32,6,598,1,31,YAMAHA MODEL MISSING,2,E01022820,0,-1
2021991078808,2021,991078808,1,5,0,15,15,1,5,0,0,0,1,0,0,0,1,1,2,2,1,57,9,1000,1,17,YAMAHA MODEL MISSING,4,-1,0,-1
2021991047036,2021,991047036,1,5,0,13,13,5,1,0,0,8,1,0,7,0,1,1,6,6,1,51,8,600,1,20,YAMAHA MODEL MISSING,1,-1,0,-1
2021010340665,2021,010340665,2,90,0,15,15,5,1,0,0,1,0,0,0,0,1,1,6,6,1,40,7,686,1,10,YAMAHA MODEL MISSING,4,E01004565,0,-1
2021421113618,2021,421113618,2,5,0,4,4,0,0,0,0,0,0,0,0,0,1,1,5,6,2,58,9,535,1,26,YAMAHA MODEL MISSING,7,E01021538,0,-1
202131C149521,2021,31C149521,1,4,0,15,15,4,8,2,2,0,0,0,0,0,1,1,6,6,1,18,4,450,1,5,YAMAHA MODEL MISSING,3,E01013932,0,-1
2021461028792,2021,461028792,2,4,0,5,5,7,3,0,0,2,0,0,0,0,1,1,6,6,1,59,9,497,1,42,YAMAHA MODEL MISSING,7,E01016162,0,-1
2021010336359,2021,010336359,2,90,0,7,7,7,2,0,0,1,0,0,0,0,1,1,6,6,1,35,6,700,1,4,YAMAHA MODEL MISSING,3,E01003275,0,-1
2021122100426,2021,122100426,2,4,0,4,4,1,5,0,0,1,0,0,0,0,2,1,6,6,1,60,9,-1,-1,-1,YAMAHA MODEL MISSING,9,E01008799,0,-1
2021501067441,2021,501067441,2,5,0,18,19,7,3,0,0,1,0,0,0,0,1,1,6,6,2,45,7,1188,1,26,YAMAHA MODEL MISSING,6,E01019897,0,-1
2021552101190,2021,552101190,2,3,0,10,10,1,7,0,0,5,0,0,7,10,1,1,6,6,1,53,8,125,1,5,YAMAHA MODEL MISSING,2,E01015367,0,-1
2021302100828,2021,302100828,1,5,0,18,19,3,5,0,0,5,0,0,4,1,3,1,6,6,1,70,10,535,1,21,YAMAHA MODEL MISSING,4,E01019851,0,-1
2021131068165,2021,131068165,2,5,0,18,19,1,5,0,0,1,1,0,0,0,4,1,5,6,1,55,8,598,1,28,YAMAHA MODEL MISSING,1,E01011355,0,-1
2021522102604,2021,522102604,2,2,0,18,19,5,1,9,9,2,0,0,1,0,1,1,6,6,1,16,4,49,1,11,YAMAHA MODEL MISSING,8,E01015003,0,-1
2021010294620,2021,010294620,1,3,0,5,5,4,8,0,0,2,0,0,0,0,1,1,6,6,1,30,6,124,1,5,YAMAHA MODEL MISSING,3,E01001942,0,-1
20211381U1239,2021,1381U1239,1,4,0,18,19,4,8,0,0,0,0,0,1,5,1,1,6,6,1,29,6,686,1,8,YAMAHA MODEL MISSING,-1,-1,0,-1
20211383O1046,2021,1383O1046,1,5,0,18,19,8,4,0,0,8,0,0,3,0,1,1,6,6,1,32,6,598,1,25,YAMAHA MODEL MISSING,1,E01010612,0,-1
20211383G1226,2021,1383G1226,1,9,0,18,19,3,7,0,0,0,0,0,0,0,1,1,6,6,1,34,6,686,1,3,YAMAHA MODEL MISSING,-1,-1,0,-1
2021010312680,2021,010312680,1,5,0,18,19,1,5,0,0,1,0,9,0,0,4,1,6,6,1,27,6,599,1,24,YAMAHA MODEL MISSING,-1,-1,0,-1
2021070139269,2021,070139269,1,5,0,18,19,7,3,0,0,0,0,0,0,0,1,1,6,6,1,29,6,998,1,17,YAMAHA MODEL MISSING,9,E01018377,0,-1
2021061093864,2021,061093864,1,3,0,4,4,6,2,0,0,8,0,0,0,0,1,1,6,6,1,37,7,1002,1,25,YAMAHA MODEL MISSING,2,E01011149,0,-1
2021161113778,2021,161113778,1,5,0,18,19,4,8,0,0,1,1,0,0,0,1,1,6,6,1,27,6,598,1,28,YAMAHA MODEL MISSING,6,E01026411,0,-1
202131A136321,2021,31A136321,1,5,0,16,19,2,6,0,0,8,1,0,0,0,1,1,1,1,1,24,5,535,1,26,YAMAHA MODEL MISSING,3,E01028259,0,-1
2021201118588,2021,201118588,1,90,0,13,13,7,3,0,0,8,0,10,7,0,1,1,6,6,1,23,5,686,1,13,YAMAHA MODEL MISSING,4,E01009085,0,-1
2021101050999,2021,101050999,1,4,0,15,15,3,7,0,0,0,2,0,0,0,0,1,6,6,1,62,9,398,1,44,YAMAHA MODEL MISSING,3,E01027462,0,-1
2021552101299,2021,552101299,1,3,0,18,19,7,3,0,0,0,0,0,0,0,1,1,6,6,1,47,8,124,1,23,YAMAHA MODEL MISSING,5,E01020410,0,-1
2021010328281,2021,010328281,1,3,0,12,12,5,1,0,0,8,0,0,0,0,2,1,1,1,2,19,4,124,1,26,YAMAHA MODEL MISSING,7,E01004162,0,-1
2021141079434,2021,141079434,1,90,0,15,15,1,4,0,0,0,0,0,0,0,1,1,5,6,1,36,7,-1,1,2,YAMAHA MODEL MISSING,2,E01007498,0,-1
2021440209303,2021,440209303,3,5,0,13,13,2,6,0,0,0,0,0,0,0,1,1,6,6,1,67,10,1200,1,22,YAMAHA MODEL MISSING,6,E01017298,0,-1
2021010328343,2021,010328343,1,5,0,18,19,5,1,0,0,0,2,10,1,11,1,1,6,6,1,34,6,600,1,23,YAMAHA MODEL MISSING,5,E01001086,0,-1
2021351064275,2021,351064275,1,5,0,16,19,2,6,0,0,0,0,0,7,6,3,1,6,6,1,39,7,1002,1,24,YAMAHA MODEL MISSING,3,E01015643,0,-1
2021991038806,2021,991038806,1,5,0,7,7,5,8,0,0,8,2,0,0,0,4,1,5,6,1,51,8,535,1,27,YAMAHA MODEL MISSING,8,-1,0,-1
2021991083891,2021,991083891,1,5,0,13,13,1,5,0,0,1,1,0,0,0,4,1,6,6,1,56,9,600,1,20,YAMAHA MODEL MISSING,7,-1,0,-1
2021010322390,2021,010322390,2,5,0,4,4,1,5,0,0,0,0,0,0,0,2,1,6,6,1,28,6,535,1,23,YAMAHA MODEL MISSING,6,E01002380,0,-1
2021302100894,2021,302100894,2,5,0,18,19,8,6,0,0,3,0,0,0,0,2,1,2,2,1,52,8,1188,1,33,YAMAHA MODEL MISSING,6,E01031017,0,-1
20211382R1298,2021,1382R1298,1,90,0,18,19,6,2,0,0,0,5,0,0,0,3,1,6,6,1,37,7,686,1,7,YAMAHA MODEL MISSING,8,E01011050,0,-1
2021211055016,2021,211055016,2,3,0,9,9,3,1,0,0,3,0,0,0,0,4,1,6,6,1,26,6,124,1,28,YAMAHA MODEL MISSING,4,E01014271,0,-1
2021010309292,2021,010309292,1,5,0,18,19,2,6,0,0,0,1,0,0,0,1,1,6,6,1,55,8,599,1,25,YAMAHA MODEL MISSING,2,E01000434,0,-1
202154B101121,2021,54B101121,1,5,0,17,19,3,8,0,0,8,0,0,0,0,1,1,2,2,1,31,6,1200,1,23,YAMAHA MODEL MISSING,-1,-1,0,-1
2021552100806,2021,552100806,1,4,0,17,19,3,7,0,0,0,1,0,0,0,4,1,6,6,1,65,9,749,1,28,YAMAHA MODEL MISSING,7,E01020549,0,-1
2021501071127,2021,501071127,2,5,0,14,14,5,1,0,0,1,0,0,0,0,1,1,5,6,1,22,5,598,1,26,YAMAHA MODEL MISSING,1,E01020094,0,-1
2021501031894,2021,501031894,2,4,0,18,19,2,6,0,0,1,1,11,0,0,1,1,2,2,1,32,6,399,1,23,YAMAHA MODEL MISSING,3,E01020139,0,-1
2021010344624,2021,010344624,1,5,0,16,19,5,1,9,9,1,0,10,0,0,3,1,2,2,2,58,9,535,1,23,YAMAHA MODEL MISSING,10,E01000763,0,-1
2021522105112,2021,522105112,2,4,0,18,19,5,1,0,0,1,0,0,0,0,1,1,6,6,1,55,8,347,1,41,YAMAHA MODEL MISSING,9,E01014747,0,-1
2021320223924,2021,320223924,1,5,0,16,19,2,6,0,0,0,1,0,7,0,0,1,6,6,1,51,8,892,1,26,YAMAHA MODEL MISSING,3,E01026178,0,-1
2021231057132,2021,231057132,1,5,0,18,19,4,8,0,0,0,0,10,1,11,1,1,5,6,1,34,6,599,1,24,YAMAHA MODEL MISSING,2,E01010265,0,-1
202134NNC2731,2021,34NNC2731,1,4,0,18,19,7,3,6,6,0,0,0,0,0,1,1,6,6,1,16,4,250,1,-1,YAMAHA MODEL MISSING,5,E01026956,0,-1
2021421073378,2021,421073378,2,3,0,18,19,3,7,0,0,8,0,0,0,0,1,1,6,6,1,18,4,124,1,14,YAMAHA MODEL MISSING,4,E01021868,0,-1
2021411185101,2021,411185101,1,4,0,16,19,7,3,0,0,0,0,0,0,0,1,1,5,6,1,60,9,347,1,36,YAMAHA MODEL MISSING,10,E01023711,0,-1
2021430228662,2021,430228662,1,5,0,18,19,3,7,0,0,0,1,0,0,0,3,1,6,6,2,35,6,599,1,13,YAMAHA MODEL MISSING,5,E01000636,0,-1
2021231074006,2021,231074006,2,5,0,18,19,6,2,0,0,8,0,0,0,0,1,1,1,1,1,26,6,599,1,19,YAMAHA MODEL MISSING,2,E01009608,0,-1
2021010341913,2021,010341913,1,3,0,99,99,9,9,99,99,9,9,99,9,99,1,1,1,1,1,37,7,125,1,1,YAMAHA MODEL MISSING,5,E01001682,0,-1
2021440120512,2021,440120512,1,5,0,4,4,1,5,0,0,1,0,0,0,0,0,1,6,6,1,39,7,749,1,27,YAMAHA MODEL MISSING,9,E01023274,0,-1
2021501108607,2021,501108607,1,5,0,4,4,1,5,0,0,0,5,0,0,0,1,1,5,6,1,31,6,998,1,13,YAMAHA MODEL MISSING,5,E01015205,0,-1
2021471049856,2021,471049856,2,3,0,18,19,5,1,0,0,8,0,0,0,0,1,1,5,6,1,28,6,124,1,27,YAMAHA MODEL MISSING,5,E01020968,0,-1
2021440352536,2021,440352536,1,5,0,17,19,3,7,0,0,1,1,0,0,0,1,1,6,6,1,65,9,535,1,27,YAMAHA MODEL MISSING,6,E01017361,0,-1
2021320287978,2021,320287978,1,3,0,18,19,2,6,0,0,0,1,0,0,0,1,1,6,6,1,27,6,125,1,14,YAMAHA MODEL MISSING,1,E01026074,0,-1
2021991065438,2021,991065438,1,5,0,17,19,7,3,0,0,0,0,0,0,0,3,1,6,6,1,58,9,849,1,30,YAMAHA MODEL MISSING,1,-1,0,-1
2021543154221,2021,543154221,1,5,0,16,19,2,6,0,0,0,2,0,7,0,1,1,6,6,1,65,9,1188,1,26,YAMAHA MODEL MISSING,2,E01014624,0,-1
2021201085701,2021,201085701,2,5,0,18,19,1,5,0,0,1,0,0,0,0,3,1,6,6,1,25,5,598,1,30,YAMAHA MODEL MISSING,2,E01009986,0,-1
2021471093190,2021,471093190,1,5,0,16,19,4,8,0,0,0,0,0,7,4,1,1,5,6,1,28,6,1000,1,17,YAMAHA MODEL MISSING,4,E01031453,0,-1
2021131081329,2021,131081329,2,4,0,14,14,7,3,0,0,1,0,0,0,0,1,1,5,6,1,27,6,223,1,20,YAMAHA MODEL MISSING,7,E01027735,0,-1
2021111105344,2021,111105344,2,90,0,18,19,1,5,0,0,1,5,0,0,0,1,1,6,6,1,30,6,-1,1,1,YAMAHA MODEL MISSING,5,E01012310,0,-1
2021440085526,2021,440085526,1,4,0,18,19,4,8,0,0,0,0,0,1,9,0,1,6,6,1,33,6,400,1,19,YAMAHA MODEL MISSING,3,E01023091,0,-1
2021231085799,2021,231085799,1,3,0,18,19,6,2,0,0,8,0,0,0,0,1,1,5,6,1,39,7,124,1,20,YAMAHA MODEL MISSING,7,E01031253,0,-1
2021991105855,2021,991105855,1,90,0,18,19,8,5,5,5,0,0,0,0,0,1,1,6,6,1,27,6,-1,-1,-1,YAMAHA MODEL MISSING,-1,-1,0,-1
2021010323891,2021,010323891,2,5,0,16,19,5,1,2,2,1,0,0,0,0,3,1,6,6,1,40,7,1000,1,16,YAMAHA MODEL MISSING,4,E01016207,0,-1
2021991021014,2021,991021014,1,90,0,18,19,7,3,6,6,0,1,0,1,0,0,1,5,6,1,29,6,686,1,15,YAMAHA MODEL MISSING,2,-1,0,-1
2021122100910,2021,122100910,1,5,0,4,4,6,2,0,0,1,1,0,1,0,4,1,6,6,1,60,9,1198,1,17,YAMAHA MODEL MISSING,10,E01012182,0,-1
2021544687421,2021,544687421,1,5,0,18,19,3,7,0,0,8,0,0,0,0,0,1,6,6,1,28,6,600,1,17,YAMAHA MODEL MISSING,-1,-1,0,-1
2021122101175,2021,122101175,1,5,0,18,19,3,7,0,0,0,0,0,1,4,1,1,6,6,1,55,8,-1,-1,-1,YAMAHA MODEL MISSING,3,E01008337,0,-1
202163C104221,2021,63C104221,2,5,0,17,19,8,5,0,0,8,0,0,0,0,4,1,6,6,1,62,9,749,1,26,YAMAHA MODEL MISSING,6,W01000612,0,-1
2021010345837,2021,010345837,1,5,0,10,10,8,5,0,0,1,0,0,0,0,3,1,6,6,1,43,7,998,1,13,YAMAHA MODEL MISSING,2,E01003041,0,-1
2021461118088,2021,461118088,2,3,0,14,14,4,8,0,0,1,0,0,0,0,1,1,6,6,1,28,6,124,1,33,YAMAHA MODEL MISSING,3,E01024695,0,-1
2021141088878,2021,141088878,1,9,0,4,4,6,2,0,0,0,0,0,0,0,2,1,5,6,1,49,8,1968,2,8,AUDI Q3,10,E01013067,0,-1
2021010330846,2021,010330846,1,9,0,5,5,3,7,0,0,1,0,0,3,0,1,1,6,6,3,-1,-1,1498,1,0,AUDI Q3,-1,-1,0,-1
20211383E0860,2021,1383E0860,3,9,0,18,19,6,2,0,0,0,0,0,0,0,3,1,6,6,2,36,7,1968,2,7,AUDI Q3,1,E01010631,0,-1
2021991121675,2021,991121675,2,9,0,11,11,3,7,0,0,0,0,0,1,7,2,1,6,6,1,31,6,1395,1,7,AUDI Q3,10,-1,0,-1
2021471080025,2021,471080025,2,9,0,4,4,2,6,0,0,0,0,0,0,0,2,1,6,6,1,57,9,1968,2,5,AUDI Q3,10,E01021158,0,-1
2021371017321,2021,371017321,2,9,0,10,10,1,7,0,0,1,0,0,0,0,2,1,5,6,1,42,7,1968,2,1,AUDI Q3,8,E01022015,0,-1
2021041095261,2021,041095261,1,9,0,12,12,7,3,0,0,0,0,0,0,0,1,1,5,6,2,27,6,1968,2,7,AUDI Q3,9,E01019396,0,-1
2021622100518,2021,622100518,2,9,0,18,19,4,8,0,0,0,0,0,7,11,1,1,1,1,2,26,6,1968,2,9,AUDI Q3,9,W01001031,0,-1
2021010335992,2021,010335992,2,9,0,99,99,9,9,0,0,8,0,0,0,0,1,9,6,6,1,26,6,1498,1,0,AUDI Q3,2,E01000126,0,-1
20211381J1255,2021,1381J1255,1,9,0,18,19,7,3,0,0,8,0,0,1,11,1,1,6,6,1,22,5,1968,2,1,AUDI Q3,1,E01010745,0,-1
2021101074155,2021,101074155,3,9,0,10,10,4,1,0,0,1,0,0,0,0,3,1,2,2,2,25,5,1395,1,3,AUDI Q3,1,E01008645,0,-1
2021010339279,2021,010339279,2,9,0,99,99,9,9,99,99,9,9,99,9,99,1,9,6,6,3,-1,-1,1984,1,2,AUDI Q3,2,E01003912,0,-1
2021141115284,2021,141115284,1,9,0,18,19,2,6,0,0,0,2,10,0,0,1,1,2,2,2,27,6,1968,2,7,AUDI Q3,10,E01007957,0,-1
2021451050940,2021,451050940,1,9,0,10,10,3,1,0,0,5,0,0,0,0,3,1,2,2,2,56,9,1968,2,9,AUDI Q3,6,E01030843,0,-1
2021461129180,2021,461129180,2,9,0,18,19,1,5,0,0,1,0,0,0,0,1,1,6,6,2,60,9,1395,1,3,AUDI Q3,8,E01024286,0,-1
2021010315274,2021,010315274,2,9,0,99,99,9,9,99,99,9,9,99,9,99,2,9,6,6,1,25,5,1498,1,0,AUDI Q3,8,E01002385,0,-1
2021061039433,2021,061039433,5,9,0,2,2,1,5,0,0,8,0,0,0,0,1,1,6,6,3,30,6,1968,2,5,AUDI Q3,3,E01004932,0,-1
2021138171400,2021,138171400,1,9,0,18,19,5,1,0,0,8,0,0,0,0,1,1,2,2,1,59,9,1395,1,5,AUDI Q3,10,E01010771,0,-1
2021440149229,2021,440149229,2,9,0,3,3,2,6,0,0,0,0,2,1,1,4,1,6,6,2,70,10,1968,2,8,AUDI Q3,8,E01023016,0,-1
2021010347628,2021,010347628,3,9,0,9,9,1,7,0,0,5,0,0,0,0,0,1,6,6,3,-1,-1,1498,1,0,AUDI Q3,-1,-1,0,-1
2021061144823,2021,061144823,1,9,0,11,11,7,3,0,0,3,0,0,0,0,1,1,6,6,3,30,6,1968,2,7,AUDI Q3,-1,-1,0,-1
2021461069178,2021,461069178,1,9,0,5,5,3,7,0,0,0,0,0,0,0,1,1,6,6,1,71,10,1395,1,3,AUDI Q3,8,E01024822,0,-1
2021010350618,2021,010350618,1,9,0,99,99,9,9,0,0,8,0,0,0,0,3,1,6,6,1,51,8,1968,2,8,AUDI Q3,5,E01002636,0,-1
2021010338249,2021,010338249,2,9,0,99,99,9,9,99,99,9,9,99,9,99,9,9,6,6,2,36,7,1498,1,1,AUDI Q3,8,E01003404,0,-1
2021131055857,2021,131055857,2,9,0,2,2,0,0,0,0,0,0,0,0,0,3,1,6,6,3,-1,-1,1395,1,4,AUDI Q3,-1,-1,0,-1
2021471113363,2021,471113363,1,9,0,4,4,1,5,0,0,1,0,0,0,0,2,1,6,6,2,36,7,1968,2,7,AUDI Q3,1,E01016947,0,-1
2021501079715,2021,501079715,2,9,0,2,2,0,0,0,0,1,0,0,0,0,4,1,5,6,2,57,9,1968,2,1,AUDI Q3,6,E01020231,0,-1
2021141101497,2021,141101497,1,9,0,10,10,3,1,0,0,5,0,0,0,0,3,1,3,7,2,59,9,1968,2,6,AUDI Q3,9,E01019805,0,-1
2021122100717,2021,122100717,2,9,0,18,19,3,1,0,0,1,0,0,0,0,1,1,6,6,1,60,9,1968,2,2,AUDI Q3,3,E01027625,0,-1
2021141075822,2021,141075822,1,9,0,18,19,6,2,0,0,0,0,0,0,0,0,1,6,6,2,56,9,1968,2,6,AUDI Q3,3,E01007550,0,-1
2021361039170,2021,361039170,1,9,0,9,9,7,5,0,0,1,0,0,0,0,1,1,5,6,2,32,6,1968,2,5,AUDI Q3,5,E01026760,0,-1
2021070439702,2021,070439702,2,9,0,17,19,6,2,0,0,0,0,0,0,0,3,1,6,6,2,37,7,1968,2,4,AUDI Q3,7,E01007211,0,-1
2021991032369,2021,991032369,2,9,0,16,19,2,4,0,0,0,0,0,0,0,3,1,5,6,2,24,5,1984,1,4,AUDI Q3,-1,-1,0,-1
2021101180924,2021,101180924,1,9,0,18,19,7,3,0,0,0,0,0,0,0,1,1,5,6,1,70,10,1498,1,0,AUDI Q3,2,E01027543,0,-1
2021411087558,2021,411087558,1,9,0,18,19,6,2,0,0,0,0,0,0,0,4,1,5,6,2,22,5,1395,1,3,AUDI Q3,4,E01023350,0,-1
2021221112834,2021,221112834,1,9,0,7,7,8,2,0,0,6,0,0,0,0,3,1,3,7,2,31,6,1968,2,8,AUDI Q3,8,E01032463,0,-1
2021010350734,2021,010350734,1,9,0,1,1,1,5,0,0,1,0,0,0,0,1,1,6,6,1,20,4,1498,1,0,AUDI Q3,9,E01031391,0,-1
2021010352824,2021,010352824,2,9,0,99,99,9,9,99,99,9,9,99,9,99,2,9,6,6,1,-1,-1,1968,2,5,AUDI Q3,-1,-1,0,-1
2021201107773,2021,201107773,2,9,0,4,4,6,8,0,0,1,1,0,0,0,2,1,6,6,1,33,6,1968,2,5,AUDI Q3,7,E01009646,0,-1
2021070680340,2021,070680340,2,9,0,10,10,4,7,0,0,1,0,0,0,0,2,2,6,6,2,60,9,1498,1,2,AUDI Q3,-1,-1,0,-1
2021161048579,2021,161048579,2,9,0,9,9,2,6,0,0,1,2,0,0,0,3,1,6,6,2,21,5,1968,2,8,AUDI Q3,6,E01012987,0,-1
2021461050923,2021,461050923,1,9,0,18,19,5,1,0,0,4,0,0,0,0,1,1,6,6,3,-1,-1,1968,2,5,AUDI Q3,1,E01024148,0,-1
202131D072221,2021,31D072221,2,9,0,9,9,4,2,0,0,6,0,0,0,0,1,1,6,6,1,77,11,1968,2,2,AUDI Q3,6,E01028105,0,-1
2021991080158,2021,991080158,4,9,0,3,3,4,8,0,0,0,0,0,0,0,1,1,5,6,1,51,8,1968,2,6,AUDI Q3,10,-1,0,-1
202154B757021,2021,54B757021,3,9,0,18,19,1,5,0,0,0,5,0,0,0,3,1,6,6,2,75,10,1984,1,9,AUDI Q3,6,E01022225,0,-1
202134WNC7121,2021,34WNC7121,2,9,0,18,19,5,1,0,0,8,0,0,0,0,1,1,6,6,2,54,8,1968,2,4,AUDI Q3,7,E01027004,0,-1
2021010303529,2021,010303529,1,9,0,18,19,4,8,0,0,8,0,0,0,0,1,1,6,6,2,40,7,1498,1,2,AUDI Q3,8,E01000708,0,-1
2021070584588,2021,070584588,2,9,0,3,3,3,7,0,0,1,0,0,0,0,1,1,6,6,2,34,6,1968,2,9,AUDI Q3,1,E01018738,0,-1
2021141066414,2021,141066414,2,9,0,9,9,4,2,0,0,8,0,0,0,0,1,1,6,6,1,82,11,1984,1,8,AUDI Q3,9,E01019737,0,-1
2021101021513,2021,101021513,2,9,0,18,19,3,7,0,0,1,0,0,1,0,3,1,5,6,2,24,5,1968,2,8,AUDI Q3,4,E01008778,0,-1
2021461049537,2021,461049537,1,9,0,10,10,5,3,0,0,1,0,0,0,0,1,1,6,6,1,46,8,1395,1,6,AUDI Q3,5,E01000375,0,-1
2021010309705,2021,010309705,1,9,0,3,3,1,5,0,0,1,0,4,0,0,1,1,2,2,1,38,7,1968,2,8,AUDI Q3,9,E01003870,0,-1
2021440213439,2021,440213439,2,9,0,18,19,6,2,0,0,8,0,0,0,0,3,1,6,6,2,63,9,1395,1,4,AUDI Q3,9,E01022719,0,-1
2021161035683,2021,161035683,5,9,0,18,19,7,3,0,0,8,0,0,0,0,1,1,6,6,1,68,10,1498,1,0,AUDI Q3,6,E01013160,0,-1
2021991100413,2021,991100413,1,9,0,18,19,3,7,0,0,1,0,0,0,0,1,1,5,6,2,43,7,1968,2,8,AUDI Q3,10,-1,0,-1
2021010343191,2021,010343191,2,9,0,9,9,7,4,0,0,6,0,0,0,0,1,1,6,6,1,31,6,1498,1,0,AUDI Q3,1,E01003207,0,-1
2021070580003,2021,070580003,1,9,0,18,19,4,1,0,0,0,0,0,0,0,1,1,6,6,3,-1,-1,1968,2,8,AUDI Q3,-1,-1,0,-1
2021041016836,2021,041016836,1,9,0,4,4,3,3,0,0,0,0,0,0,0,1,2,5,6,1,31,6,1968,2,7,AUDI Q3,6,E01024921,0,-1
2021061065770,2021,061065770,1,9,0,17,19,7,3,0,0,0,0,0,0,0,1,1,5,6,2,36,7,1968,2,9,AUDI Q3,10,E01006079,0,-1
2021361015578,2021,361015578,2,9,0,4,4,5,1,0,0,1,0,0,0,0,2,1,2,2,2,57,9,1968,2,6,AUDI Q3,6,E01026512,0,-1
2021421066692,2021,421066692,3,9,0,2,2,6,5,0,0,0,0,0,0,0,3,1,5,6,2,28,6,1968,2,8,AUDI Q3,10,E01022070,0,-1
2021010295305,2021,010295305,1,9,0,18,19,5,1,0,0,8,5,11,0,0,3,1,6,6,2,44,7,1984,1,4,AUDI Q3,2,E01000952,0,-1
2021231020293,2021,231020293,3,9,0,18,19,2,2,0,0,0,0,0,0,0,1,1,5,6,1,47,8,1968,2,8,AUDI Q3,5,E01007909,0,-1
2021991061468,2021,991061468,1,9,0,2,2,0,0,0,0,0,0,0,0,0,3,1,6,6,2,35,6,1968,2,6,AUDI Q3,9,-1,0,-1
2021122100333,2021,122100333,1,9,0,9,9,5,3,0,0,6,0,0,0,0,9,1,6,6,2,29,6,1968,2,9,AUDI Q3,4,E01011839,0,-1
2021161099483,2021,161099483,1,9,0,5,5,8,4,0,0,0,0,0,0,0,1,2,6,6,1,81,11,1498,1,0,AUDI Q3,5,E01013082,0,-1
2021320222978,2021,320222978,1,9,0,9,9,5,4,0,0,6,0,0,0,0,0,1,6,6,1,68,10,1968,2,5,AUDI Q3,1,E01026157,0,-1
2021010298467,2021,010298467,4,9,0,2,2,0,0,0,0,0,0,0,0,0,3,1,6,6,3,-1,-1,1395,1,5,AUDI Q3,-1,-1,0,-1
2021010315338,2021,010315338,1,9,0,9,9,3,8,0,0,2,0,0,0,0,2,1,2,2,2,36,7,1984,1,9,AUDI Q3,2,E01003971,0,-1
2021201124960,2021,201124960,3,9,0,18,19,1,5,0,0,8,0,0,0,0,1,1,6,6,2,29,6,1395,1,5,AUDI Q3,6,E01009531,0,-1