collision_index,collision_year,collision_ref_no,vehicle_reference,vehicle_type,towing_and_articulation,vehicle_manoeuvre_historic,vehicle_manoeuvre,vehicle_direction_from,vehicle_direction_to,vehicle_location_restricted_lane_historic,vehicle_location_restricted_lane,junction_location,skidding_and_overturning,hit_object_in_carriageway,vehicle_leaving_carriageway,hit_object_off_carriageway,first_point_of_impact,vehicle_left_hand_drive,journey_purpose_of_driver_historic,journey_purpose_of_driver,sex_of_driver,age_of_driver,age_band_of_driver,engine_capacity_cc,propulsion_code,age_of_vehicle,generic_make_model,driver_imd_decile,lsoa_of_driver,escooter_flag,driver_distance_banding
2021131057158,2021,131057158,1,9,0,4,4,2,6,0,0,8,0,0,0,0,1,1,6,6,3,-1,-1,1968,2,6,AUDI Q3,-1,-1,0,-1
2021991079474,2021,991079474,1,9,0,9,9,5,2,0,0,8,0,0,7,0,1,1,6,6,1,61,9,1968,2,4,AUDI Q3,10,-1,0,-1
2021201115750,2021,201115750,1,9,0,18,19,8,4,0,0,2,0,0,0,0,1,1,1,1,2,-1,-1,1395,1,3,AUDI Q3,-1,-1,0,-1
2021201114206,2021,201114206,1,9,0,17,19,2,8,0,0,8,0,0,0,0,1,1,6,6,1,32,6,1395,1,3,AUDI Q3,5,E01010468,0,-1
2021010334318,2021,010334318,2,9,0,18,19,7,3,0,0,1,0,0,0,0,1,1,6,6,1,63,9,1968,2,6,AUDI Q3,5,E01003085,0,-1
2021991089168,2021,991089168,1,9,0,7,7,5,7,0,0,6,0,0,0,0,1,1,6,6,2,24,5,1395,1,4,AUDI Q3,10,-1,0,-1
2021010340489,2021,010340489,1,9,0,9,9,7,5,0,0,8,0,0,0,0,4,1,6,6,1,78,11,1984,1,0,AUDI Q3,7,E01000963,0,-1
2021010345861,2021,010345861,1,9,0,9,9,3,1,0,0,6,0,0,0,0,1,1,6,6,2,37,7,1498,1,0,AUDI Q3,2,E01000526,0,-1
2021010325325,2021,010325325,1,9,0,9,9,3,1,0,0,5,0,0,0,0,2,1,6,6,2,34,6,1498,1,1,AUDI Q3,3,E01003727,0,-1
2021052102028,2021,052102028,1,9,0,5,5,3,7,0,0,2,0,0,0,0,1,1,6,6,1,23,5,1968,2,4,AUDI Q3,2,E01006667,0,-1
2021991043027,2021,991043027,3,9,0,4,4,3,7,0,0,1,0,0,0,0,1,1,6,6,2,46,8,1498,1,2,AUDI Q3,10,-1,0,-1
202131C076321,2021,31C076321,1,9,0,5,5,7,3,0,0,1,0,0,0,0,1,1,2,2,2,29,6,1968,2,5,AUDI Q3,-1,-1,0,-1
2021451112038,2021,451112038,2,9,0,4,4,7,3,0,0,0,0,0,0,0,2,1,5,6,2,61,9,1984,1,2,AUDI Q3,10,E01030935,0,-1
2021010293987,2021,010293987,2,9,0,18,19,5,1,0,0,8,0,0,0,0,1,1,6,6,1,50,8,1395,1,6,AUDI Q3,1,E01000744,0,-1
2021461090072,2021,461090072,2,9,0,18,19,1,5,0,0,0,0,0,0,0,1,1,6,6,2,43,7,1968,2,7,AUDI Q3,9,E01016112,0,-1
2021371130522,2021,371130522,2,9,0,4,4,4,8,0,0,2,0,0,0,0,2,1,5,6,1,33,6,1498,1,0,AUDI Q3,6,E01029975,0,-1
2021501125681,2021,501125681,3,9,0,18,19,7,3,0,0,0,0,0,0,0,1,1,5,6,1,58,9,1968,2,1,AUDI Q3,9,E01022295,0,-1
2021461120919,2021,461120919,2,9,0,18,19,1,5,0,0,0,0,0,0,0,2,1,6,6,2,42,7,1968,2,7,AUDI Q3,7,E01024550,0,-1
2021421031607,2021,421031607,2,9,0,3,3,5,1,0,0,0,0,0,0,0,2,1,1,1,1,48,8,1498,1,0,AUDI Q3,10,E01023464,0,-1
2021041082013,2021,041082013,1,9,0,5,5,7,3,0,0,0,0,0,0,0,1,1,5,6,1,26,6,1968,2,6,AUDI Q3,5,E01025428,0,-1
2021531061410,2021,531061410,1,9,0,18,19,3,7,0,0,3,5,0,1,3,1,1,6,6,1,43,7,1498,1,0,AUDI Q3,-1,-1,0,-1
2021010328094,2021,010328094,5,9,0,4,4,5,1,0,0,1,0,0,0,0,2,1,6,6,1,36,7,1984,1,8,AUDI Q3,1,E01002082,0,-1
2021010314632,2021,010314632,1,9,9,99,99,9,9,99,99,9,9,99,0,0,9,9,6,6,2,36,7,1968,2,10,AUDI Q3,1,E01001772,0,-1
2021010310057,2021,010310057,1,9,0,99,99,9,9,99,99,0,9,99,9,99,2,9,6,6,1,25,5,1498,1,2,AUDI Q3,7,E01001587,0,-1
2021010291849,2021,010291849,1,9,0,99,99,9,9,99,99,9,9,99,9,99,9,9,6,6,2,27,6,1968,2,6,AUDI Q3,1,E01002855,0,-1
2021361027699,2021,361027699,2,9,0,18,19,3,8,0,0,1,0,0,0,0,0,1,5,6,1,40,7,1968,2,2,AUDI Q3,5,E01026668,0,-1
2021131067754,2021,131067754,2,9,0,18,19,3,7,0,0,8,0,0,0,0,2,1,6,6,2,43,7,1968,2,7,AUDI Q3,2,E01011502,0,-1
2021421017459,2021,421017459,1,9,0,4,4,1,5,0,0,8,1,10,0,0,1,1,5,6,2,26,6,1968,2,5,AUDI Q3,2,E01021316,0,-1
2021991050970,2021,991050970,2,9,0,9,9,4,2,0,0,0,1,0,1,0,1,1,5,6,1,19,4,1498,1,1,AUDI Q3,4,-1,0,-1
2021201090049,2021,201090049,1,9,0,18,19,3,7,0,0,8,1,0,0,0,1,1,6,6,1,47,8,1498,1,0,AUDI Q3,1,E01010453,0,-1
2021471055181,2021,471055181,3,9,0,17,19,5,1,0,0,1,0,0,0,0,1,1,5,6,2,70,10,1395,1,6,AUDI Q3,5,E01004086,0,-1
2021010343725,2021,010343725,1,9,0,18,19,7,3,0,0,1,1,10,0,0,1,1,6,6,1,32,6,1968,2,1,AUDI Q3,-1,-1,0,-1
2021201130972,2021,201130972,4,9,0,4,4,3,7,0,0,0,0,0,0,0,2,1,6,6,1,19,4,1984,1,1,AUDI Q3,10,E01004788,0,-1
2021361025150,2021,361025150,1,9,0,18,19,5,1,0,0,1,0,0,0,0,2,1,5,6,2,52,8,1968,2,6,AUDI Q3,3,E01026719,0,-1
202154A931821,2021,54A931821,2,9,0,6,6,2,2,0,0,4,0,0,0,0,3,1,6,6,2,31,6,1395,1,3,AUDI Q3,9,E01015535,0,-1
2021061037610,2021,061037610,2,9,0,-1,-1,-1,-1,-1,-1,0,-1,-1,-1,0,-1,1,6,6,2,54,8,1968,2,5,AUDI Q3,7,E01005701,0,-1
2021421109694,2021,421109694,1,9,0,18,19,7,3,0,0,0,0,0,0,0,3,1,5,6,1,35,6,1968,2,7,AUDI Q3,-1,-1,0,-1
2021010320741,2021,010320741,1,9,0,9,9,1,7,0,0,1,0,0,0,0,3,1,1,1,1,43,7,1395,1,4,AUDI Q3,5,E01003833,0,-1
2021010310682,2021,010310682,2,9,0,99,99,9,9,99,99,9,9,99,9,99,2,9,6,6,1,37,7,1498,1,2,AUDI Q3,2,E01001667,0,-1
2021141063512,2021,141063512,1,9,0,18,19,1,5,0,0,8,0,0,0,0,1,1,5,6,2,33,6,1968,2,2,AUDI Q3,5,E01011787,0,-1
2021010291346,2021,010291346,1,9,0,99,99,9,9,0,0,0,0,0,0,0,3,9,6,6,1,34,6,1498,1,1,AUDI Q3,2,E01000998,0,-1
2021010321310,2021,010321310,2,9,0,99,99,9,9,99,99,9,9,99,9,99,1,9,6,6,3,-1,-1,1395,1,3,AUDI Q3,-1,-1,0,-1
2021451057221,2021,451057221,6,9,0,18,19,4,8,0,0,0,0,0,0,0,2,1,5,6,2,48,8,1968,2,1,AUDI Q3,5,E01001301,0,-1
2021211080966,2021,211080966,2,9,0,4,4,4,8,0,0,1,0,0,0,0,1,1,6,6,2,39,7,1968,2,9,AUDI Q3,3,E01029804,0,-1
2021302100493,2021,302100493,2,9,0,11,11,6,2,0,0,0,0,0,1,9,4,1,6,6,2,27,6,1968,2,0,AUDI Q3,4,E01013555,0,-1
202163C097721,2021,63C097721,2,9,0,4,4,4,8,0,0,1,0,0,0,0,2,1,6,6,1,60,9,1968,2,3,AUDI Q3,6,W01000612,0,-1
2021201147303,2021,201147303,1,9,0,18,19,2,6,0,0,2,0,0,0,0,4,1,6,6,2,33,6,1395,1,7,AUDI Q3,1,E01009345,0,-1
2021010324868,2021,010324868,1,9,0,9,9,5,2,0,0,6,0,0,0,0,3,1,6,6,2,36,7,1395,1,4,AUDI Q3,-1,-1,0,-1
2021991052375,2021,991052375,2,9,0,18,19,3,7,0,0,1,0,0,0,0,4,1,5,6,2,56,9,1395,1,5,AUDI Q3,1,-1,0,-1
2021061074009,2021,061074009,3,9,0,3,3,3,7,0,0,1,0,0,0,0,2,1,5,6,2,37,7,1498,1,0,AUDI Q3,8,E01005336,0,-1
2021302100978,2021,302100978,1,9,0,18,19,2,6,0,0,8,0,0,0,0,4,1,6,6,1,37,7,1968,2,5,AUDI Q3,-1,-1,0,-1
2021201108084,2021,201108084,1,9,0,18,19,8,4,0,0,8,0,0,0,0,1,1,6,6,1,25,5,1968,2,1,AUDI Q3,3,E01033620,0,-1
2021991126662,2021,991126662,2,9,0,18,19,3,8,0,0,0,0,0,0,0,4,1,5,6,2,49,8,1395,1,3,AUDI Q3,10,-1,0,-1
2021991052008,2021,991052008,1,9,0,18,19,6,1,0,0,1,0,0,0,0,1,1,5,6,2,67,10,1968,2,6,AUDI Q3,7,-1,0,-1
2021052100276,2021,052100276,1,9,0,18,19,1,5,0,0,8,0,0,0,0,3,1,6,6,2,30,6,1968,2,5,AUDI Q3,9,E01012503,0,-1
2021201064120,2021,201064120,1,9,0,1,1,8,6,0,0,5,0,0,0,0,3,1,6,6,2,42,7,1395,1,3,AUDI Q3,8,E01010209,0,-1
2021522102536,2021,522102536,1,9,0,3,3,1,5,0,0,0,0,0,0,0,2,1,6,6,2,23,5,1395,1,4,AUDI Q3,9,E01014779,0,-1
2021371145123,2021,371145123,2,9,0,3,3,7,3,0,0,0,0,0,0,0,2,1,5,6,1,24,5,1395,1,6,AUDI Q3,5,E01029955,0,-1
2021461116943,2021,461116943,1,9,0,18,19,7,3,0,0,3,0,0,0,0,3,1,6,6,1,42,7,1968,2,8,AUDI Q3,5,E01024031,0,-1
2021451015445,2021,451015445,1,9,0,3,3,1,3,0,0,0,0,0,0,0,1,1,6,6,2,36,7,1968,2,5,AUDI Q3,5,E01030656,0,-1
2021010326059,2021,010326059,1,9,0,9,9,1,7,2,2,5,0,0,0,0,1,1,6,6,2,50,8,1968,2,4,AUDI Q3,2,E01003320,0,-1
2021522103448,2021,522103448,1,9,0,18,19,2,6,0,0,8,0,0,0,0,3,1,6,6,2,62,9,1395,1,4,AUDI Q3,4,E01014632,0,-1
2021991054479,2021,991054479,1,9,0,5,5,3,7,0,0,1,0,0,0,0,1,1,6,6,1,32,6,1968,2,6,AUDI Q3,9,-1,0,-1
2021010329240,2021,010329240,1,9,3,7,7,7,1,9,9,2,0,12,0,0,1,1,2,2,2,61,9,1968,2,8,AUDI Q3,2,E01003338,0,-1
2021430475639,2021,430475639,1,9,0,9,9,4,2,0,0,1,0,0,0,0,3,1,3,7,2,46,8,1968,2,7,AUDI Q3,8,E01028737,0,-1
2021131057937,2021,131057937,1,9,0,18,19,6,2,0,0,0,0,0,0,0,1,1,5,6,1,49,8,1968,2,2,AUDI Q3,3,E01011123,0,-1
2021421026031,2021,421026031,1,9,0,18,19,7,3,0,0,0,0,0,0,0,1,1,5,6,1,47,8,1968,2,7,AUDI Q3,10,E01023667,0,-1
2021371095164,2021,371095164,1,9,0,18,19,5,2,0,0,0,0,0,0,0,1,1,6,6,1,81,11,1984,1,1,AUDI Q3,7,E01018011,0,-1
2021451083908,2021,451083908,1,9,0,18,19,8,4,0,0,4,0,0,7,0,3,1,5,6,1,74,10,1968,2,7,AUDI Q3,8,E01030675,0,-1
2021991041218,2021,991041218,1,9,0,18,19,5,1,0,0,1,0,0,7,0,1,1,5,6,2,21,5,1498,1,1,AUDI Q3,10,-1,0,-1
2021061055059,2021,061055059,2,9,0,2,2,0,0,6,6,0,0,0,0,0,3,1,6,6,3,-1,-1,1968,2,8,AUDI Q3,-1,-1,0,-1
2021061092855,2021,061092855,1,9,0,16,19,6,2,0,0,1,0,0,0,0,4,1,6,6,1,30,6,1498,1,0,AUDI Q3,-1,-1,0,-1
2021430406986,2021,430406986,2,9,0,7,7,8,2,0,0,8,0,0,0,0,2,1,6,6,2,66,10,1395,1,4,AUDI Q3,8,E01028595,0,-1
2021501091164,2021,501091164,2,9,0,4,4,2,6,0,0,0,0,0,0,0,2,1,5,6,1,51,8,1968,2,7,AUDI Q3,6,E01020244,0,-1
2021471022980,2021,471022980,1,9,0,18,19,8,4,0,0,0,0,0,0,0,3,1,5,6,1,42,7,1968,2,7,AUDI Q3,-1,-1,0,-1
2021010343320,2021,010343320,2,9,0,6,6,5,5,0,0,0,0,0,0,0,1,1,6,6,1,33,6,1395,1,6,AUDI Q3,3,E01001298,0,-1
2021010341756,2021,010341756,3,9,0,6,6,5,5,0,0,1,0,0,0,0,0,1,6,6,1,39,7,1968,2,6,AUDI Q3,-1,-1,0,-1
2021461036060,2021,461036060,2,9,0,18,19,7,3,0,0,1,0,0,0,0,1,1,5,6,1,63,9,1498,1,1,AUDI Q3,4,E01024179,0,-1
2021010308262,2021,010308262,2,9,0,99,99,9,9,99,99,9,9,99,9,99,9,9,6,6,1,48,8,1395,1,3,AUDI Q3,7,E01021173,0,-1
2021010325349,2021,010325349,1,9,0,18,19,5,1,0,0,1,0,0,1,10,1,1,6,6,2,70,10,1984,1,5,AUDI Q3,10,E01023526,0,-1
2021010346647,2021,010346647,2,9,0,18,19,3,7,0,0,0,1,0,0,0,1,1,6,6,1,35,6,1395,1,4,AUDI Q3,2,E01033090,0,-1
2021451054791,2021,451054791,2,9,0,10,10,1,5,0,0,1,0,0,0,0,3,1,6,6,2,55,8,1395,1,4,AUDI Q3,9,E01030334,0,-1
2021430365044,2021,430365044,1,9,0,18,19,6,2,0,0,4,0,0,3,4,1,1,6,6,1,21,5,1984,1,9,AUDI Q3,4,E01001956,0,-1
2021461062607,2021,461062607,2,9,0,2,2,0,0,0,0,0,0,0,0,0,2,1,5,6,1,48,8,1395,1,7,AUDI Q3,10,E01024320,0,-1
2021010305427,2021,010305427,1,9,0,9,9,1,7,0,0,8,0,0,0,0,1,1,2,2,1,28,6,1498,1,2,AUDI Q3,2,E01001842,0,-1
2021070215991,2021,070215991,2,9,0,18,19,7,3,0,0,1,0,0,0,0,3,1,6,6,1,67,10,1395,1,4,AUDI Q3,6,E01018617,0,-1
2021622100274,2021,622100274,1,9,0,6,6,2,2,0,0,0,0,0,0,0,2,1,6,6,1,25,5,1395,1,4,AUDI Q3,6,W01000915,0,-1
2021010321922,2021,010321922,1,9,0,10,10,5,2,2,2,5,0,0,0,0,4,1,6,6,2,57,9,1498,1,2,AUDI Q3,4,E01004375,0,-1
2021041096117,2021,041096117,1,9,0,5,5,3,7,0,0,1,0,0,0,0,1,1,5,6,1,30,6,1498,1,0,AUDI Q3,3,E01012694,0,-1
2021552101247,2021,552101247,1,9,0,18,19,6,2,0,0,0,0,0,0,0,1,1,6,6,1,49,8,1395,1,3,AUDI Q3,6,E01017793,0,-1
2021010331842,2021,010331842,2,9,0,9,9,7,4,0,0,6,0,0,0,0,1,1,6,6,2,42,7,1395,1,3,AUDI Q3,8,E01003678,0,-1
2021991080651,2021,991080651,3,9,0,17,19,7,4,0,0,1,0,0,0,0,4,1,6,6,1,28,6,1968,2,2,AUDI Q3,5,-1,0,-1
2021461038348,2021,461038348,1,9,0,18,19,5,1,0,0,2,0,0,0,0,4,1,5,6,2,34,6,1498,1,2,AUDI Q3,5,E01003939,0,-1
2021351057207,2021,351057207,2,9,0,18,19,7,3,9,9,5,1,11,1,1,1,1,5,6,1,27,6,1968,2,7,AUDI Q3,6,E01018126,0,-1
2021501036832,2021,501036832,1,9,0,10,10,1,5,0,0,0,0,0,0,0,2,1,3,7,1,44,7,1395,1,3,AUDI Q3,9,E01000209,0,-1
2021061060405,2021,061060405,2,9,0,11,11,3,6,0,0,1,0,0,0,0,1,1,5,6,3,30,6,1395,1,6,AUDI Q3,-1,-1,0,-1
2021052200118,2021,052200118,1,9,0,18,19,3,7,0,0,6,0,0,0,0,1,1,6,6,2,28,6,1968,2,8,AUDI Q3,4,E01006619,0,-1
2021161015746,2021,161015746,1,9,0,10,10,4,8,0,0,5,0,0,0,0,2,1,5,6,2,57,9,1984,1,4,AUDI Q3,4,E01012901,0,-1
2021010341748,2021,010341748,2,9,0,99,99,9,9,99,99,9,9,99,9,99,9,9,6,6,3,-1,-1,1968,2,5,AUDI Q3,3,E01003025,0,-1
2021320705017,2021,320705017,1,9,0,18,19,6,2,0,0,0,0,0,0,0,1,1,6,6,2,51,8,1968,2,9,AUDI Q3,1,E01026048,0,-1
2021340182095,2021,340182095,2,9,0,7,7,4,8,0,0,1,0,0,0,0,2,1,6,6,2,78,11,1968,2,7,AUDI Q3,7,E01028479,0,-1
2021461181879,2021,461181879,1,9,0,17,19,8,4,0,0,0,0,0,0,0,1,1,6,6,1,29,6,1498,1,0,AUDI Q3,5,E01024774,0,-1
2021461076694,2021,461076694,2,9,0,18,19,1,5,0,0,1,0,0,0,0,3,1,6,6,1,30,6,1968,2,5,AUDI Q3,7,E01024554,0,-1
2021461058371,2021,461058371,2,9,0,9,9,4,2,0,0,8,0,0,3,9,3,1,6,6,1,62,9,1395,1,5,AUDI Q3,10,E01021219,0,-1
2021131082186,2021,131082186,5,9,0,2,2,0,0,0,0,0,0,0,0,0,1,1,6,6,3,-1,-1,1968,2,2,AUDI Q3,-1,-1,0,-1
2021201095761,2021,201095761,1,9,0,16,19,8,2,0,0,0,0,4,0,0,1,1,6,6,2,41,7,1968,2,8,AUDI Q3,1,E01009321,0,-1
2021010312738,2021,010312738,2,9,0,2,2,0,0,0,0,0,0,0,0,0,1,1,6,6,3,-1,-1,1984,1,2,AUDI Q3,-1,-1,0,-1
2021070636544,2021,070636544,1,9,0,5,5,1,3,0,0,2,0,0,0,0,1,2,6,6,1,56,9,1498,1,0,AUDI Q3,4,E01006619,0,-1
2021010310684,2021,010310684,3,9,0,2,2,0,0,9,9,1,0,0,0,0,1,1,6,6,3,-1,-1,1984,1,1,AUDI Q3,-1,-1,0,-1
2021991130897,2021,991130897,2,9,0,9,9,7,1,0,0,6,0,0,0,0,1,1,5,6,1,37,7,1395,1,3,AUDI Q3,6,-1,0,-1
2021461050744,2021,461050744,1,9,0,4,4,5,1,0,0,1,0,0,0,0,1,1,6,6,1,57,9,1968,2,7,AUDI Q3,5,E01024427,0,-1
2021010319296,2021,010319296,1,9,0,18,19,1,5,0,0,2,0,0,0,0,1,1,6,6,1,47,8,1498,1,1,AUDI Q3,4,E01000491,0,-1
2021361099934,2021,361099934,2,9,0,18,19,8,4,0,0,0,0,0,0,0,2,1,5,6,2,27,6,1968,2,8,AUDI Q3,-1,-1,0,-1
2021471130323,2021,471130323,1,9,0,18,19,5,1,0,0,0,0,0,0,0,1,1,5,6,2,67,10,1984,1,1,AUDI Q3,6,E01031516,0,-1
2021461121267,2021,461121267,1,9,0,18,19,3,7,0,0,0,0,0,0,0,1,1,5,6,1,76,11,1984,1,1,AUDI Q3,6,E01024704,0,-1
2021622100732,2021,622100732,1,9,0,18,19,4,8,0,0,0,0,0,0,0,1,1,2,2,2,29,6,1968,2,9,AUDI Q3,9,W01000854,0,-1
202134WNC3401,2021,34WNC3401,2,9,0,2,2,0,0,0,0,0,0,0,0,0,2,1,6,6,1,65,9,1968,2,7,AUDI Q3,5,E01027179,0,-1
2021052102700,2021,052102700,2,9,0,18,19,1,5,0,0,8,0,0,0,0,4,1,6,6,2,58,9,1395,1,7,AUDI Q3,4,E01006620,0,-1
2021471031783,2021,471031783,3,9,0,3,3,6,2,0,0,1,0,0,0,0,2,1,6,6,2,56,9,1395,1,4,AUDI Q3,4,E01030619,0,-1
2021010343367,2021,010343367,2,9,0,99,99,9,9,99,99,9,9,99,9,99,2,9,6,6,3,-1,-1,1984,1,9,AUDI Q3,7,E01002836,0,-1
2021201116646,2021,201116646,2,9,0,18,19,1,5,0,0,8,0,0,0,0,1,1,6,6,1,44,7,1968,2,3,AUDI Q3,5,E01009895,0,-1
2021461050090,2021,461050090,1,9,0,1,1,5,1,0,0,0,0,0,0,0,2,1,6,6,2,68,10,1968,2,8,AUDI Q3,8,E01024723,0,-1
2021010321053,2021,010321053,2,9,0,3,3,3,7,0,0,1,0,0,0,0,1,1,6,6,1,51,8,1968,2,5,AUDI Q3,1,E01001955,0,-1
2021010348310,2021,010348310,3,9,0,18,19,2,6,0,0,0,0,0,0,0,2,1,6,6,2,47,8,1968,2,6,AUDI Q3,3,E01000872,0,-1
2021440203685,2021,440203685,1,9,0,9,9,5,1,0,0,8,0,0,0,0,4,1,6,6,1,62,9,1968,2,6,AUDI Q3,4,E01025054,0,-1
2021430341598,2021,430341598,3,9,0,18,19,8,4,0,0,0,0,0,0,0,2,1,6,6,2,30,6,1968,2,5,AUDI Q3,5,W01000894,0,-1
2021421116299,2021,421116299,1,9,0,7,7,5,7,0,0,6,0,0,0,0,3,1,5,6,2,33,6,1968,2,8,AUDI Q3,8,E01022079,0,-1
2021201094408,2021,201094408,1,9,0,9,9,6,4,0,0,6,0,0,0,0,1,1,6,6,2,52,8,1968,2,7,AUDI Q3,4,E01010459,0,-1
2021141054583,2021,141054583,1,9,0,5,5,8,6,0,0,8,0,0,0,0,1,1,6,6,1,29,6,1498,1,0,AUDI Q3,7,E01007468,0,-1
2021010343861,2021,010343861,3,9,0,2,2,0,0,0,0,0,0,0,0,0,0,1,6,6,3,-1,-1,1395,1,4,AUDI Q3,-1,-1,0,-1
2021201080257,2021,201080257,2,9,0,18,19,3,7,0,0,1,0,0,0,0,1,1,6,6,2,66,10,1968,2,0,AUDI Q3,3,E01009763,0,-1
2021471033739,2021,471033739,1,9,0,5,5,4,1,0,0,4,0,0,0,0,1,1,5,6,1,58,9,1984,1,1,AUDI Q3,8,E01021075,0,-1
2021451033140,2021,451033140,1,9,0,18,19,3,1,0,0,8,0,0,0,0,3,1,5,6,2,29,6,1498,1,2,AUDI Q3,10,E01030590,0,-1
2021010327485,2021,010327485,3,9,0,18,19,3,7,0,0,0,0,0,0,0,4,1,6,6,1,38,7,1968,2,6,AUDI Q3,1,E01002037,0,-1
2021131067078,2021,131067078,1,9,0,17,19,1,3,0,0,1,0,0,0,0,1,1,6,6,1,101,11,1968,2,8,AUDI Q3,-1,-1,0,-1
2021061094525,2021,061094525,1,9,0,18,19,7,3,0,0,8,0,0,0,0,1,1,6,6,2,51,8,1968,2,5,AUDI Q3,1,E01004957,0,-1
2021221130733,2021,221130733,3,9,0,18,19,6,2,0,0,0,0,0,0,0,3,1,5,6,2,42,7,1968,2,4,AUDI Q3,5,E01014027,0,-1
2021031100168,2021,031100168,2,9,0,18,19,5,1,0,0,0,0,0,0,0,4,1,2,2,2,26,6,1968,2,4,AUDI Q3,8,E01025166,0,-1
2021430508366,2021,430508366,1,9,0,18,19,8,4,0,0,1,0,0,0,0,1,1,6,6,1,22,5,1395,1,3,AUDI Q3,6,E01028597,0,-1
2021991043171,2021,991043171,1,9,0,18,19,5,1,0,0,8,0,0,3,0,1,1,5,6,1,25,5,1968,2,8,AUDI Q3,7,-1,0,-1
2021041108108,2021,041108108,1,9,0,7,7,3,5,0,0,8,0,0,0,0,2,1,5,6,1,39,7,1968,2,8,AUDI Q3,7,E01025270,0,-1
2021552101396,2021,552101396,1,9,0,9,9,6,4,0,0,6,0,0,0,0,1,1,6,6,2,44,7,1395,1,3,AUDI Q3,2,E01015341,0,-1
2021131054289,2021,131054289,2,9,0,18,19,3,7,0,0,8,0,0,0,0,1,1,1,1,2,52,8,1968,2,8,AUDI Q3,5,E01011928,0,-1
2021010347695,2021,010347695,2,9,0,99,99,9,9,0,0,1,0,0,0,0,3,1,6,6,2,63,9,1984,1,6,AUDI Q3,10,E01000445,0,-1
2021061131947,2021,061131947,2,9,0,3,3,8,8,0,0,1,0,0,0,0,1,1,5,6,1,37,7,1968,2,9,AUDI Q3,-1,-1,0,-1
2021991049766,2021,991049766,1,9,0,18,19,4,7,0,0,1,1,0,0,0,1,1,6,6,2,20,4,1968,2,4,AUDI Q3,5,-1,0,-1
2021010322784,2021,010322784,1,9,0,99,99,9,9,99,99,9,9,99,9,99,2,9,6,6,3,-1,-1,1984,1,8,AUDI Q3,-1,-1,0,-1
2021161047706,2021,161047706,3,9,0,18,19,2,6,0,0,1,0,0,0,0,1,1,6,6,2,33,6,1395,1,6,AUDI Q3,10,E01013116,0,-1
2021010315142,2021,010315142,2,9,9,18,19,5,1,0,0,9,9,99,0,0,9,9,6,6,1,20,4,1498,1,1,AUDI Q3,5,E01003772,0,-1
2021501115283,2021,501115283,8,9,0,18,19,7,3,0,0,0,0,0,0,0,1,1,5,6,1,72,10,1395,1,3,AUDI Q3,10,E01030388,0,-1
2021991051530,2021,991051530,3,9,0,3,3,2,6,0,0,0,0,0,0,0,2,1,2,2,2,23,5,1395,1,6,AUDI Q3,5,-1,0,-1
2021070764792,2021,070764792,1,9,0,5,5,1,5,0,0,1,0,0,1,11,2,1,1,1,2,45,7,1968,2,5,AUDI Q3,10,E01018506,0,-1
202131B135421,2021,31B135421,1,9,0,18,19,4,8,0,0,1,2,4,6,0,1,1,2,2,1,46,8,1968,2,6,AUDI Q3,7,E01026326,0,-1
2021501107135,2021,501107135,1,9,0,11,11,2,6,0,0,1,0,0,0,0,4,1,5,6,2,31,6,1968,2,7,AUDI Q3,1,E01015087,0,-1
2021430214674,2021,430214674,2,9,0,16,19,7,2,0,0,0,0,0,0,0,3,1,6,6,1,60,9,1395,1,3,AUDI Q3,10,E01017691,0,-1
2021211082361,2021,211082361,2,9,0,9,9,-1,-1,0,0,1,0,0,0,0,2,1,6,6,1,59,9,1395,1,3,AUDI Q3,10,E01029770,0,-1
2021520101886,2021,520101886,1,9,0,18,19,5,1,0,0,0,0,0,0,0,1,1,6,6,1,25,5,1968,2,8,AUDI Q3,8,E01014560,0,-1
2021471031622,2021,471031622,1,9,0,18,19,7,3,0,0,0,0,0,0,0,1,1,2,2,2,28,6,1968,2,8,AUDI Q3,9,E01031339,0,-1
2021041080870,2021,041080870,2,9,0,18,19,1,5,0,0,2,0,0,0,0,2,1,5,6,1,61,9,1498,1,1,AUDI Q3,10,E01025259,0,-1
2021010322047,2021,010322047,1,9,0,6,6,7,7,0,0,2,0,0,0,0,4,1,6,6,3,-1,-1,1395,1,4,AUDI Q3,-1,-1,0,-1
2021421113205,2021,421113205,2,9,0,5,5,5,1,0,0,0,0,0,0,0,3,1,6,6,2,29,6,1395,1,3,AUDI Q3,2,E01021488,0,-1
2021041121332,2021,041121332,1,9,0,18,19,5,1,0,0,0,0,0,0,0,1,1,6,6,3,-1,-1,1968,2,9,AUDI Q3,-1,-1,0,-1
2021201131912,2021,201131912,1,9,0,18,19,5,1,0,0,8,0,0,0,0,1,1,6,6,2,20,4,1968,2,6,AUDI Q3,2,E01010158,0,-1
2021440388936,2021,440388936,2,9,0,2,2,0,0,0,0,0,0,0,0,0,2,1,6,6,1,-1,-1,1968,2,9,AUDI Q3,-1,-1,0,-1
2021010315835,2021,010315835,2,9,0,9,9,5,2,0,0,1,0,0,0,0,1,1,6,6,2,36,7,1395,1,5,AUDI Q3,7,E01000797,0,-1
2021141109027,2021,141109027,2,9,0,18,19,8,4,0,0,8,0,0,0,0,4,1,5,6,2,45,7,1968,2,5,AUDI Q3,1,E01033269,0,-1
2021052100999,2021,052100999,1,9,0,9,9,5,2,0,0,1,0,0,0,0,1,1,6,6,2,50,8,1968,2,5,AUDI Q3,2,E01006464,0,-1
202131A032821,2021,31A032821,2,9,0,9,9,1,7,0,0,6,0,0,0,0,3,1,6,6,1,20,4,1968,2,8,AUDI Q3,2,E01028231,0,-1
2021991063465,2021,991063465,2,9,0,18,19,7,3,0,0,1,0,0,0,0,3,1,5,6,2,29,6,1968,2,6,AUDI Q3,1,-1,0,-1