collision_index,collision_year,collision_ref_no,vehicle_reference,vehicle_type,towing_and_articulation,vehicle_manoeuvre_historic,vehicle_manoeuvre,vehicle_direction_from,vehicle_direction_to,vehicle_location_restricted_lane_historic,vehicle_location_restricted_lane,junction_location,skidding_and_overturning,hit_object_in_carriageway,vehicle_leaving_carriageway,hit_object_off_carriageway,first_point_of_impact,vehicle_left_hand_drive,journey_purpose_of_driver_historic,journey_purpose_of_driver,sex_of_driver,age_of_driver,age_band_of_driver,engine_capacity_cc,propulsion_code,age_of_vehicle,generic_make_model,driver_imd_decile,lsoa_of_driver,escooter_flag,driver_distance_banding
2021451117677,2021,451117677,4,9,0,18,19,6,2,0,0,0,0,0,0,0,1,1,5,6,1,50,8,1968,2,4,AUDI Q3,8,E01031560,0,-1
2021302102113,2021,302102113,2,9,0,16,19,8,3,0,0,0,0,0,0,0,3,1,6,6,2,41,7,1984,1,3,AUDI Q3,6,E01013589,0,-1
2021411079926,2021,411079926,1,9,0,18,19,1,5,0,0,0,0,0,1,4,4,1,5,6,2,30,6,1968,2,0,AUDI Q3,6,E01033308,0,-1
2021010306656,2021,010306656,2,9,0,99,99,9,9,99,99,9,9,99,9,99,2,9,6,6,1,41,7,1968,2,2,AUDI Q3,3,E01002532,0,-1
2021131110219,2021,131110219,3,9,0,2,2,0,0,0,0,8,0,0,0,0,4,1,6,6,3,-1,-1,1498,1,0,AUDI Q3,-1,-1,0,-1
2021471094315,2021,471094315,2,9,0,18,19,3,7,0,0,1,0,0,0,0,1,1,5,6,2,57,9,1968,2,6,AUDI Q3,8,E01031778,0,-1
2021411038098,2021,411038098,1,9,0,5,5,7,8,0,0,4,0,0,0,0,3,1,6,6,1,22,5,1498,1,1,AUDI Q3,9,E01023833,0,-1
2021031117579,2021,031117579,2,9,0,18,19,3,7,0,0,0,0,0,0,0,1,1,5,6,1,55,8,1498,1,0,AUDI Q3,-1,-1,0,-1
2021201057773,2021,201057773,2,9,0,18,19,7,3,0,0,8,0,0,0,0,1,1,6,6,1,26,6,1968,2,7,AUDI Q3,6,E01031099,0,-1
2021320239290,2021,320239290,1,9,0,9,9,8,6,0,0,8,0,0,0,0,4,1,3,7,2,41,7,1968,2,6,AUDI Q3,3,E01026032,0,-1
2021010320862,2021,010320862,2,9,0,99,99,9,9,99,99,9,9,99,9,99,1,9,6,6,2,26,6,1968,2,8,AUDI Q3,2,E01001700,0,-1
2021361090962,2021,361090962,1,9,0,7,7,2,5,0,0,8,0,0,0,0,1,1,6,6,2,35,6,1968,2,7,AUDI Q3,1,E01026800,0,-1
2021991102401,2021,991102401,1,9,0,18,19,1,5,0,0,1,0,0,0,0,1,1,5,6,2,59,9,1968,2,7,AUDI Q3,7,-1,0,-1
2021010347555,2021,010347555,2,9,0,99,99,9,9,99,99,0,9,99,9,99,2,9,6,6,3,66,10,1968,2,7,AUDI Q3,4,E01021785,0,-1
2021010308312,2021,010308312,1,9,0,99,99,9,9,99,99,9,9,99,9,99,4,9,6,6,2,25,5,1498,1,0,AUDI Q3,1,E01009272,0,-1
2021061144824,2021,061144824,1,9,0,18,19,1,1,0,0,1,0,0,0,0,1,1,5,6,1,30,6,1968,2,7,AUDI Q3,8,E01005989,0,-1
2021201086335,2021,201086335,2,9,0,18,19,1,5,0,0,8,0,0,0,0,4,1,6,6,2,42,7,1968,2,6,AUDI Q3,3,E01033562,0,-1
2021010329813,2021,010329813,1,9,0,9,9,8,7,0,0,8,0,0,0,0,4,1,6,6,1,38,7,1395,1,4,AUDI Q3,10,E01003877,0,-1
202134WNC2271,2021,34WNC2271,2,9,0,18,19,7,3,0,0,8,1,0,5,6,3,1,6,6,2,35,6,1968,2,4,AUDI Q3,9,E01027208,0,-1
2021471108015,2021,471108015,1,9,0,18,19,5,1,0,0,0,0,0,2,0,1,1,6,6,2,30,6,1395,1,5,AUDI Q3,3,E01004167,0,-1
2021320576802,2021,320576802,1,9,0,9,9,8,6,0,0,6,1,0,0,0,1,1,2,2,1,64,9,1498,1,1,AUDI Q3,6,E01013167,0,-1
2021411106109,2021,411106109,2,9,0,2,2,0,0,0,0,0,0,0,1,0,2,1,6,6,3,-1,-1,1395,1,5,AUDI Q3,-1,-1,0,-1
2021010302399,2021,010302399,1,9,0,7,7,1,4,0,0,8,0,0,3,0,3,1,2,2,2,55,8,1984,1,8,AUDI Q3,4,E01000498,0,-1
2021501133346,2021,501133346,1,9,0,7,7,1,7,0,0,1,0,0,0,0,1,1,1,1,1,32,6,1984,1,8,AUDI Q3,6,E01015187,0,-1
2021031131110,2021,031131110,1,9,0,9,9,8,6,0,0,6,0,0,0,0,1,1,2,2,1,24,5,1968,2,5,AUDI Q3,2,E01019265,0,-1
2021061081058,2021,061081058,2,9,0,5,5,7,7,0,0,1,0,0,0,0,4,1,6,6,1,33,6,1968,2,7,AUDI Q3,1,E01005473,0,-1
2021061052860,2021,061052860,1,9,0,18,19,6,2,0,0,0,0,0,0,0,2,1,6,6,2,35,6,1968,2,7,AUDI Q3,2,E01010916,0,-1
2021221024916,2021,221024916,2,9,0,3,3,5,1,0,0,4,0,0,0,0,2,1,6,6,2,54,8,1968,2,5,AUDI Q3,10,E01032139,0,-1
2021991050148,2021,991050148,2,9,0,3,3,4,8,0,0,1,0,0,0,0,1,1,5,6,2,27,6,1968,2,4,AUDI Q3,2,-1,0,-1
2021010325180,2021,010325180,3,9,0,10,10,4,1,0,0,1,0,0,0,0,0,1,6,6,1,44,7,1498,1,3,AUDI Q3,7,E01003456,0,-1
202154A147921,2021,54A147921,1,9,0,1,1,5,1,0,0,0,0,4,0,0,2,1,6,6,1,84,11,1395,1,4,AUDI Q3,4,E01032070,0,-1
2021520103724,2021,520103724,1,9,0,10,10,2,8,0,0,8,0,0,0,0,3,1,6,6,2,84,11,1395,1,6,AUDI Q3,5,E01029342,0,-1
2021440281884,2021,440281884,1,9,0,10,10,1,7,0,0,8,0,0,0,0,2,1,6,6,1,57,9,1968,2,4,AUDI Q3,8,E01023277,0,-1
2021141036488,2021,141036488,1,9,3,18,19,1,5,0,0,0,0,0,0,0,4,1,5,6,1,59,9,1968,2,8,AUDI Q3,8,E01027750,0,-1
2021991069804,2021,991069804,2,9,0,18,19,1,5,0,0,1,0,0,0,0,1,1,2,2,2,30,6,1968,2,8,AUDI Q3,4,-1,0,-1
2021070762431,2021,070762431,2,9,0,18,19,1,5,0,0,0,1,0,0,0,1,1,6,6,2,54,8,1968,2,7,AUDI Q3,9,E01012519,0,-1
2021401088042,2021,401088042,1,9,0,5,5,3,7,0,0,1,0,0,7,1,3,1,5,6,1,81,11,1968,2,5,AUDI Q3,6,E01023431,0,-1
2021201110375,2021,201110375,1,9,0,9,9,1,6,0,0,6,0,0,0,0,1,1,6,6,2,25,5,1968,2,5,AUDI Q3,6,E01008925,0,-1
2021991124919,2021,991124919,3,9,0,3,3,7,3,0,0,0,0,0,0,0,2,1,6,6,2,34,6,1395,1,4,AUDI Q3,8,-1,0,-1
2021041045096,2021,041045096,2,9,0,18,19,8,3,0,0,1,0,0,0,0,4,1,6,6,2,42,7,1968,2,7,AUDI Q3,8,E01025519,0,-1
2021471062210,2021,471062210,1,9,0,7,7,7,1,0,0,8,0,0,0,0,4,1,6,6,1,56,9,1984,1,1,AUDI Q3,8,E01031399,0,-1
2021401057892,2021,401057892,2,9,0,16,19,4,8,0,0,0,0,0,0,0,3,1,6,6,2,22,5,1498,1,1,AUDI Q3,6,E01027057,0,-1
2021411117754,2021,411117754,1,9,0,9,9,7,5,0,0,1,0,0,0,0,1,1,5,6,2,67,10,1968,2,5,AUDI Q3,9,E01001417,0,-1
2021010294762,2021,010294762,1,9,0,17,19,5,1,0,0,4,0,0,0,0,1,1,2,2,1,33,6,1968,2,6,AUDI Q3,5,E01004050,0,-1
2021061137822,2021,061137822,1,9,0,18,19,1,5,0,0,8,0,0,0,0,1,1,6,6,1,26,6,1968,2,8,AUDI Q3,2,E01005559,0,-1
2021221082374,2021,221082374,2,9,0,18,19,4,8,0,0,0,0,0,0,0,1,1,6,6,1,73,10,1968,2,2,AUDI Q3,10,E01029483,0,-1
202134NNC3261,2021,34NNC3261,1,9,0,18,19,5,1,0,0,4,5,9,0,10,1,1,6,6,1,27,6,1968,2,6,AUDI Q3,7,E01025807,0,-1
2021430399314,2021,430399314,2,9,0,9,9,6,2,0,0,1,0,0,0,0,2,1,6,6,2,20,4,1968,2,9,AUDI Q3,6,E01028691,0,-1
2021991056949,2021,991056949,2,9,0,18,19,6,2,0,0,0,0,0,0,0,2,1,6,6,2,61,9,1395,1,4,AUDI Q3,9,-1,0,-1
2021461113982,2021,461113982,2,9,0,18,19,2,6,0,0,0,0,0,0,0,3,1,6,6,2,59,9,1968,2,4,AUDI Q3,7,E01024572,0,-1
2021052100811,2021,052100811,1,9,0,18,19,7,3,0,0,0,0,0,0,0,3,1,6,6,2,43,7,1968,2,7,AUDI Q3,2,E01007263,0,-1
2021070516376,2021,070516376,1,9,0,5,5,4,8,0,0,0,0,0,0,0,1,1,6,6,2,25,5,1498,1,2,AUDI Q3,10,E01029303,0,-1
2021122100670,2021,122100670,2,9,0,5,5,3,7,0,0,4,0,0,0,0,1,1,6,6,1,60,9,1968,2,3,AUDI Q3,6,E01027780,0,-1
2021401103853,2021,401103853,2,9,-1,-1,-1,-1,-1,-1,-1,0,-1,-1,-1,0,-1,1,5,6,2,34,6,1968,2,2,AUDI Q3,7,E01018393,0,-1
2021010344239,2021,010344239,2,9,0,99,99,9,9,99,99,9,9,99,9,99,1,9,6,6,3,-1,-1,1395,1,4,AUDI Q3,-1,-1,0,-1
2021471074701,2021,471074701,3,9,0,4,4,8,4,0,0,1,0,0,0,0,2,2,6,6,1,57,9,1984,1,8,AUDI Q3,5,E01016963,0,-1
2021010304449,2021,010304449,1,9,0,7,7,1,3,0,0,1,0,0,0,0,4,1,6,6,2,29,6,1968,2,8,AUDI Q3,1,E01014654,0,-1
2021010290974,2021,010290974,4,9,0,2,2,0,0,0,0,0,0,0,1,10,1,1,6,6,3,-1,-1,1395,1,4,AUDI Q3,-1,-1,0,-1
2021421087428,2021,421087428,1,9,0,5,5,1,5,0,0,0,0,0,0,0,1,1,6,6,3,-1,-1,1968,2,6,AUDI Q3,-1,-1,0,-1
2021302101906,2021,302101906,2,9,0,14,14,8,4,0,0,0,0,0,0,0,4,1,6,6,1,68,10,1498,1,1,AUDI Q3,3,E01019776,0,-1
202106J079317,2021,06J079317,1,9,0,4,4,1,5,0,0,0,0,0,0,0,1,1,6,6,1,69,10,1498,1,2,AUDI Q3,10,E01018658,0,-1
2021401038372,2021,401038372,1,9,0,9,9,4,2,0,0,5,0,0,0,0,1,1,3,7,2,39,7,1968,2,5,AUDI Q3,3,E01017522,0,-1
2021421089025,2021,421089025,1,9,0,18,19,4,8,0,0,1,0,0,0,0,3,1,5,6,2,34,6,1498,1,0,AUDI Q3,5,E01021741,0,-1
2021131098552,2021,131098552,2,9,0,18,19,3,7,0,0,8,0,0,0,0,1,1,6,6,2,41,7,1968,2,2,AUDI Q3,5,E01032789,0,-1
2021522102498,2021,522102498,1,9,0,6,6,1,1,0,0,0,0,0,0,0,4,1,6,6,1,30,6,1395,1,4,AUDI Q3,8,E01014693,0,-1
2021010345215,2021,010345215,1,9,0,9,9,1,7,0,0,8,0,0,0,0,3,1,6,6,2,57,9,1968,2,5,AUDI Q3,7,E01001131,0,-1
2021010314337,2021,010314337,2,9,0,99,99,9,9,99,99,9,9,99,9,99,1,9,6,6,2,-1,-1,1968,2,2,AUDI Q3,4,E01002398,0,-1
2021440219553,2021,440219553,1,9,0,18,19,1,5,0,0,8,0,0,0,0,1,1,6,6,2,19,4,1968,2,7,AUDI Q3,5,E01017353,0,-1
2021440328043,2021,440328043,4,9,0,18,19,1,5,0,0,0,1,0,0,0,2,1,2,2,2,26,6,1968,2,6,AUDI Q3,9,E01022617,0,-1
2021401062890,2021,401062890,1,9,0,12,12,7,3,0,0,0,1,11,0,0,1,1,3,7,1,31,6,1968,2,8,AUDI Q3,7,E01017516,0,-1
2021211057389,2021,211057389,2,9,0,18,19,5,1,0,0,8,0,0,0,0,1,1,6,6,2,37,7,1498,1,0,AUDI Q3,5,E01014324,0,-1
2021010350377,2021,010350377,3,9,0,18,19,5,1,0,0,0,0,0,0,0,1,1,2,2,1,36,7,1395,1,3,AUDI Q3,10,E01002482,0,-1
2021010315788,2021,010315788,1,9,0,18,19,8,4,0,0,1,0,0,0,0,1,1,6,6,1,31,6,2480,1,0,-1,4,E01033099,0,-1
2021531023764,2021,531023764,2,9,0,18,19,2,6,0,0,0,0,0,0,0,1,1,5,6,2,37,7,2480,1,1,-1,6,E01032372,0,-1
2021010339761,2021,010339761,1,9,0,99,99,9,9,99,99,9,9,99,9,99,9,9,6,6,3,23,5,2480,1,1,-1,4,E01003203,0,-1
2021061069544,2021,061069544,1,9,0,18,19,8,4,0,0,0,0,0,0,0,2,1,6,6,1,51,8,2480,1,5,-1,8,E01025420,0,-1
2021010312886,2021,010312886,1,9,0,9,9,7,5,0,0,6,0,0,0,0,1,1,6,6,1,18,4,2480,1,0,-1,9,E01000424,0,-1
2021010317024,2021,010317024,2,9,0,9,9,5,3,0,0,5,0,0,0,0,3,1,6,6,2,45,7,2480,1,7,-1,4,E01002179,0,-1
2021991117253,2021,991117253,1,9,0,18,19,7,3,0,0,0,2,0,1,4,1,1,6,6,1,32,6,2480,1,1,-1,3,-1,0,-1
2021430552128,2021,430552128,2,9,0,16,19,2,5,0,0,0,0,0,0,0,1,1,6,6,1,64,9,1498,1,0,-1,9,E01016263,0,-1
2021010349563,2021,010349563,1,9,0,18,19,5,1,0,0,1,1,11,2,3,3,1,6,6,1,25,5,1498,1,0,-1,3,E01003686,0,-1
2021320359863,2021,320359863,2,9,0,3,3,8,4,0,0,1,0,0,0,0,2,1,6,6,2,35,6,1498,1,0,-1,1,E01026069,0,-1
2021131106536,2021,131106536,2,9,0,18,19,3,7,0,0,1,0,0,0,0,1,1,5,6,1,23,5,1498,1,0,-1,-1,-1,0,-1
2021421109694,2021,421109694,2,9,0,2,2,0,0,0,0,0,0,0,0,0,0,1,6,6,3,-1,-1,1395,8,0,-1,-1,-1,0,-1
2021010349361,2021,010349361,1,9,0,18,19,1,5,0,0,1,0,0,0,0,1,1,6,6,3,31,6,1498,1,0,-1,7,E01002683,0,-1
2021991038218,2021,991038218,3,9,0,3,3,7,3,0,0,0,0,0,0,0,2,1,6,6,2,37,7,1395,8,0,-1,7,-1,0,-1
2021501053537,2021,501053537,2,9,0,4,4,3,7,0,0,1,0,0,0,0,2,1,5,6,1,23,5,1399,1,18,-1,7,E01015253,0,-1
2021010302042,2021,010302042,1,9,0,5,5,7,3,8,6,0,0,0,0,0,1,1,6,6,1,57,9,1399,1,18,-1,6,E01003397,0,-1
2021010297833,2021,010297833,1,9,0,18,19,1,5,0,0,1,0,0,0,0,4,1,6,6,1,29,6,1150,1,17,-1,2,E01003069,0,-1
2021451097714,2021,451097714,2,9,0,15,15,3,7,0,0,1,0,0,0,0,1,1,5,6,1,66,10,1399,1,17,-1,10,E01030462,0,-1
2021351121867,2021,351121867,1,9,0,18,19,3,7,0,0,0,1,11,6,0,1,1,1,1,2,23,5,1399,1,18,-1,2,E01021370,0,-1
2021501112507,2021,501112507,1,9,0,17,19,7,3,0,0,0,5,7,8,0,4,1,5,6,2,17,4,1150,1,18,-1,8,E01019908,0,-1
2021421124161,2021,421124161,1,9,0,9,9,3,1,0,0,8,0,0,0,0,1,1,6,6,2,86,11,1399,1,17,-1,8,E01021333,0,-1
2021371118187,2021,371118187,1,9,0,18,19,4,8,0,0,0,0,0,0,0,1,1,6,6,1,-1,-1,1399,1,18,-1,-1,-1,0,-1
2021211108598,2021,211108598,1,9,0,18,19,5,1,9,9,0,1,10,1,0,1,1,5,6,1,55,8,1997,1,17,-1,2,E01029543,0,-1
2021161102366,2021,161102366,1,9,0,18,19,4,8,0,0,2,0,10,7,2,1,1,1,1,1,62,9,1499,2,2,-1,3,E01012986,0,-1
2021471018539,2021,471018539,1,9,0,18,19,5,8,0,0,8,0,0,0,0,1,1,1,1,1,47,8,1499,2,2,-1,5,E01016884,0,-1
2021522201024,2021,522201024,1,8,0,18,19,5,1,2,2,0,0,0,0,0,1,1,6,6,1,45,7,1499,2,3,-1,1,E01033356,0,-1
2021471069526,2021,471069526,1,9,0,18,19,3,7,0,0,2,0,0,0,0,1,1,2,2,1,53,8,1499,2,4,-1,3,E01016922,0,-1
2021201147388,2021,201147388,1,9,0,18,19,7,3,0,0,0,0,0,0,0,1,1,6,6,1,-1,-1,1388,1,12,FORD MODEL MISSING,9,E01009724,0,-1
2021201149520,2021,201149520,2,9,0,18,19,2,6,0,0,8,0,10,7,4,4,1,6,6,2,25,5,1596,1,12,FORD MODEL MISSING,2,E01010299,0,-1
2021411142619,2021,411142619,2,17,0,9,9,7,3,0,0,5,5,0,0,0,3,1,5,6,1,67,10,-1,2,-1,FORD MODEL MISSING,7,E01023623,0,-1
2021201100978,2021,201100978,1,9,0,18,19,-1,-1,0,0,0,0,0,0,0,1,1,6,6,1,-1,-1,1596,1,17,FORD MODEL MISSING,-1,-1,0,-1
2021371091422,2021,371091422,1,9,0,18,19,7,1,0,0,1,0,0,0,0,0,1,5,6,1,-1,-1,1596,1,14,FORD MODEL MISSING,5,E01030105,0,-1
2021461078513,2021,461078513,1,9,0,18,19,5,1,0,0,0,0,0,0,0,4,1,6,6,1,29,6,1399,2,10,FORD MODEL MISSING,7,E01024435,0,-1
2021061110389,2021,061110389,2,19,0,18,19,6,2,0,0,0,0,0,0,0,4,1,6,6,3,30,6,2198,2,6,FORD MODEL MISSING,-1,-1,0,-1
202131B075321,2021,31B075321,1,19,4,13,13,8,5,0,0,0,0,0,0,0,4,1,1,1,1,31,6,2402,2,19,FORD MODEL MISSING,1,E01028318,0,-1
2021522101462,2021,522101462,2,9,0,18,19,5,1,0,0,0,0,0,0,0,1,1,6,6,2,30,6,1753,2,17,FORD MODEL MISSING,-1,-1,0,-1
202131D054021,2021,31D054021,2,17,4,18,19,8,4,0,0,0,0,0,0,0,3,1,1,1,1,67,10,-1,2,44,FORD MODEL MISSING,10,E01028403,0,-1
2021461139919,2021,461139919,1,9,0,10,10,1,5,0,0,1,0,0,0,0,4,1,6,6,1,78,11,1596,1,16,FORD MODEL MISSING,4,E01024570,0,-1
2021302100671,2021,302100671,1,9,0,18,19,4,8,0,0,2,0,0,0,0,4,1,2,2,2,41,7,1596,1,18,FORD MODEL MISSING,10,E01013527,0,-1
2021041096701,2021,041096701,2,9,0,9,9,3,7,0,0,1,0,0,0,0,2,1,5,6,2,39,7,1560,2,9,FORD MODEL MISSING,1,E01024953,0,-1
2021361031429,2021,361031429,3,9,0,18,19,1,5,0,0,1,0,0,0,0,0,1,5,6,1,66,10,1596,1,14,FORD MODEL MISSING,7,E01026627,0,-1
2021351108235,2021,351108235,1,9,0,5,5,4,8,0,0,0,0,0,0,0,1,1,5,6,1,59,9,4000,1,27,FORD MODEL MISSING,9,E01018006,0,-1
2021411117028,2021,411117028,2,9,0,5,5,7,5,0,0,2,0,0,0,0,1,1,1,1,1,31,6,2295,1,4,FORD MODEL MISSING,10,E01002482,0,-1
2021411166703,2021,411166703,1,9,0,9,9,5,1,0,0,8,0,0,0,0,1,1,6,6,1,51,8,1753,2,13,FORD MODEL MISSING,10,E01023423,0,-1
2021430296297,2021,430296297,2,9,0,16,19,2,5,0,0,1,0,0,1,0,1,1,6,6,2,28,6,3720,1,10,FORD MODEL MISSING,7,E01028762,0,-1
2021430173465,2021,430173465,1,9,0,18,19,8,4,0,0,0,1,0,0,0,1,2,6,6,1,67,10,4000,1,13,FORD MODEL MISSING,6,E01017826,0,-1
2021991045067,2021,991045067,1,8,0,18,19,2,7,0,0,0,0,0,0,0,4,1,2,2,1,47,8,1995,2,3,FORD MODEL MISSING,7,-1,0,-1
2021421117483,2021,421117483,1,9,0,18,19,3,3,0,0,0,0,0,0,0,1,1,2,2,1,26,6,1000,1,0,FORD MODEL MISSING,3,E01021358,0,-1
2021991066664,2021,991066664,1,19,0,17,19,6,2,0,0,0,0,0,0,0,3,2,5,6,1,63,9,-1,-1,-1,FORD MODEL MISSING,8,E01021030,0,-1
2021122100273,2021,122100273,1,9,0,18,19,8,4,0,0,0,0,0,0,0,1,1,6,6,1,29,6,1560,2,14,FORD MODEL MISSING,3,E01020791,0,-1
2021622100516,2021,622100516,2,10,0,5,5,8,3,0,0,1,0,0,0,0,1,1,1,1,1,37,7,-1,-1,-1,FORD MODEL MISSING,7,W01001877,0,-1
2021221055652,2021,221055652,2,9,0,3,3,4,8,0,0,8,0,0,1,10,3,1,5,6,1,38,7,1999,1,8,FORD MODEL MISSING,-1,-1,0,-1
2021161022768,2021,161022768,1,9,0,4,4,5,1,0,0,0,0,0,0,0,2,1,6,6,1,45,7,1388,1,16,FORD MODEL MISSING,1,E01012894,0,-1
2021471074871,2021,471074871,2,9,0,18,19,2,6,0,0,2,1,0,7,0,4,1,5,6,1,38,7,1596,1,13,FORD MODEL MISSING,1,E01020982,0,-1
2021201103839,2021,201103839,1,9,0,15,15,8,4,0,0,2,0,0,0,0,3,1,3,7,1,-1,-1,1896,2,19,FORD MODEL MISSING,-1,-1,0,-1
2021010345187,2021,010345187,1,9,0,99,99,9,9,0,0,0,9,99,9,99,1,1,6,6,1,23,5,2000,1,3,FORD MODEL MISSING,6,E01033452,0,-1
2021211052598,2021,211052598,3,9,0,18,19,6,6,0,0,3,0,0,0,0,3,1,6,6,1,-1,-1,5766,1,31,FORD MODEL MISSING,-1,-1,0,-1
2021201078320,2021,201078320,2,9,0,18,19,4,8,0,0,8,0,0,0,0,4,1,6,6,1,44,7,1753,2,13,FORD MODEL MISSING,4,E01009711,0,-1
2021371047145,2021,371047145,2,9,0,18,19,3,7,0,0,8,0,0,0,0,1,1,3,7,2,36,7,3700,1,7,FORD MODEL MISSING,3,E01030114,0,-1
2021010303940,2021,010303940,2,9,0,9,9,1,7,2,2,0,0,0,0,0,1,1,6,6,1,48,8,1596,1,16,FORD MODEL MISSING,4,E01000722,0,-1
2021522104403,2021,522104403,1,9,0,18,19,1,5,0,0,1,0,0,0,0,1,1,6,6,2,39,7,1242,1,17,FORD MODEL MISSING,7,E01014402,0,-1
2021440369056,2021,440369056,2,19,0,9,9,1,5,0,0,0,0,0,0,0,3,1,1,1,1,34,6,2198,2,10,FORD MODEL MISSING,10,E01022873,0,-1
2021461061221,2021,461061221,1,9,0,9,9,1,7,0,0,6,0,0,0,0,3,1,6,6,1,77,11,1560,2,12,FORD MODEL MISSING,9,E01024343,0,-1
2021552101088,2021,552101088,4,17,4,18,19,6,2,0,0,0,0,0,0,0,0,1,1,1,1,31,6,-1,2,36,FORD MODEL MISSING,6,E01020441,0,-1
2021471013791,2021,471013791,1,9,0,18,19,7,3,0,0,1,0,0,0,0,4,1,5,6,2,50,8,1250,1,21,FORD MODEL MISSING,3,E01016869,0,-1
2021041103603,2021,041103603,2,9,0,9,9,5,7,0,0,1,0,0,0,0,4,1,5,6,1,37,7,1560,2,8,FORD MODEL MISSING,3,E01012658,0,-1
2021201031978,2021,201031978,1,9,0,18,19,6,2,0,0,4,0,9,3,1,1,1,6,6,1,80,11,1796,1,19,FORD MODEL MISSING,1,E01009129,0,-1
2021991084461,2021,991084461,2,9,0,13,13,3,7,0,0,0,1,0,4,6,1,1,6,6,1,53,8,6571,1,91,FORD MODEL MISSING,7,-1,0,-1
2021440228829,2021,440228829,2,9,0,18,19,7,3,0,0,8,0,0,0,0,1,1,6,6,1,80,11,1596,1,19,FORD MODEL MISSING,9,E01016193,0,-1
202131A036721,2021,31A036721,2,9,0,10,10,3,7,0,0,1,0,0,0,0,2,1,1,1,2,47,8,1297,1,18,FORD MODEL MISSING,4,E01028278,0,-1
2021010336909,2021,010336909,1,9,0,5,5,5,1,0,0,6,0,0,0,0,1,1,3,7,2,54,8,1998,1,19,HONDA CRV,5,E01002801,0,-1
2021320302306,2021,320302306,4,9,0,4,4,1,5,0,0,2,0,0,0,0,0,1,1,1,1,45,7,1997,1,7,HONDA CRV,7,E01005912,0,-1
2021010325467,2021,010325467,2,9,9,11,11,3,7,99,99,9,9,0,9,99,9,9,6,6,3,-1,-1,1998,7,18,HONDA CRV,-1,-1,0,-1
2021440249775,2021,440249775,1,9,0,18,19,3,7,0,0,0,0,0,0,0,2,1,6,6,2,64,9,1997,1,7,HONDA CRV,2,E01017119,0,-1
2021548889621,2021,548889621,1,9,0,9,9,1,6,0,0,4,1,0,0,10,3,1,6,6,1,68,10,1998,1,17,HONDA CRV,5,E01031937,0,-1
2021371042583,2021,371042583,2,9,0,18,19,1,5,0,0,8,0,0,0,0,4,1,6,6,2,56,9,1998,1,15,HONDA CRV,7,E01030055,0,-1
2021010297759,2021,010297759,3,9,0,18,19,3,7,0,0,0,0,0,4,6,2,1,6,6,1,36,7,2199,2,11,HONDA CRV,4,E01017926,0,-1
2021010335967,2021,010335967,2,9,0,99,99,9,9,99,99,9,9,99,9,99,9,9,6,6,3,44,7,1997,1,9,HONDA CRV,7,E01003371,0,-1
2021052101876,2021,052101876,1,9,0,9,9,3,7,0,0,1,0,0,0,0,1,1,2,2,1,62,9,2204,2,13,HONDA CRV,9,E01006823,0,-1
2021141063268,2021,141063268,2,9,0,18,19,1,5,0,0,8,0,0,0,0,1,1,5,6,1,76,11,1997,1,9,HONDA CRV,8,E01007671,0,-1
2021461096971,2021,461096971,1,9,-1,-1,-1,-1,-1,-1,-1,-1,-1,-1,-1,0,-1,1,6,6,2,-1,-1,1997,1,12,HONDA CRV,2,E01024294,0,-1
2021440023532,2021,440023532,1,9,0,18,19,5,1,0,0,0,2,0,1,10,1,1,2,2,1,40,7,1998,1,19,HONDA CRV,2,E01017331,0,-1
2021010318752,2021,010318752,1,9,0,13,13,1,5,0,0,1,0,0,0,0,1,1,6,6,1,68,10,1997,1,6,HONDA CRV,4,E01001404,0,-1
2021010340364,2021,010340364,1,9,0,99,99,9,9,99,99,9,9,99,9,99,2,9,6,6,2,43,7,1997,1,8,HONDA CRV,3,E01002503,0,-1
2021141124787,2021,141124787,2,9,0,16,19,3,7,0,0,0,0,4,0,0,1,1,5,6,1,71,10,2199,2,8,HONDA CRV,2,E01007968,0,-1
2021461012167,2021,461012167,1,9,0,9,9,5,3,0,0,0,0,0,0,0,1,1,6,6,1,76,11,2204,2,14,HONDA CRV,8,E01024490,0,-1
2021201031780,2021,201031780,1,9,0,5,5,-1,-1,0,0,0,0,0,0,0,1,1,1,1,2,31,6,2204,2,12,HONDA CRV,1,E01033621,0,-1
2021010342170,2021,010342170,2,9,0,17,19,1,5,0,0,0,0,0,0,0,3,1,6,6,2,38,7,1997,1,10,HONDA CRV,5,E01003706,0,-1
2021070846651,2021,070846651,1,9,0,18,19,8,4,0,0,0,0,0,0,0,1,1,2,2,2,39,7,2199,2,9,HONDA CRV,8,E01029736,0,-1
2021201028578,2021,201028578,1,9,0,9,9,3,2,0,0,6,0,0,0,0,1,1,6,6,2,-1,-1,1997,1,5,HONDA CRV,-1,-1,0,-1
2021451115013,2021,451115013,1,9,0,2,2,5,1,9,9,1,0,0,0,0,4,1,5,6,2,49,8,1597,2,5,HONDA CRV,5,E01030812,0,-1
2021991100425,2021,991100425,2,9,0,5,5,7,3,0,0,0,0,0,0,0,2,1,5,6,1,78,11,1997,1,5,HONDA CRV,6,-1,0,-1
2021440503813,2021,440503813,2,9,0,4,4,3,7,0,0,0,0,0,0,0,2,1,6,6,1,49,8,1597,2,7,HONDA CRV,6,E01022925,0,-1