collision_index,collision_year,collision_ref_no,vehicle_reference,vehicle_type,towing_and_articulation,vehicle_manoeuvre_historic,vehicle_manoeuvre,vehicle_direction_from,vehicle_direction_to,vehicle_location_restricted_lane_historic,vehicle_location_restricted_lane,junction_location,skidding_and_overturning,hit_object_in_carriageway,vehicle_leaving_carriageway,hit_object_off_carriageway,first_point_of_impact,vehicle_left_hand_drive,journey_purpose_of_driver_historic,journey_purpose_of_driver,sex_of_driver,age_of_driver,age_band_of_driver,engine_capacity_cc,propulsion_code,age_of_vehicle,generic_make_model,driver_imd_decile,lsoa_of_driver,escooter_flag,driver_distance_banding
2021411066373,2021,411066373,1,9,0,18,19,1,5,0,0,1,1,0,7,0,4,1,6,6,1,58,9,1597,2,4,HONDA CRV,9,E01023352,0,-1
2021501103346,2021,501103346,2,9,0,18,19,5,1,0,0,2,0,0,0,0,1,1,6,6,3,-1,-1,1998,1,17,HONDA CRV,-1,-1,0,-1
2021010295313,2021,010295313,2,9,0,9,9,7,5,0,0,1,9,99,0,0,3,9,6,6,3,41,7,1997,1,5,HONDA CRV,7,E01001399,0,-1
2021131109716,2021,131109716,2,9,0,18,19,3,7,0,0,8,0,0,0,0,1,1,5,6,1,25,5,1998,1,16,HONDA CRV,9,E01011353,0,-1
2021010303918,2021,010303918,1,9,0,7,7,5,7,0,0,8,0,0,0,0,0,1,6,6,2,58,9,1998,1,15,HONDA CRV,10,E01030454,0,-1
2021201134425,2021,201134425,1,9,0,18,19,6,2,0,0,8,0,0,0,0,1,1,6,6,1,31,6,2204,2,12,HONDA CRV,1,E01009482,0,-1
2021052101924,2021,052101924,3,9,0,18,19,1,5,0,0,0,0,0,0,0,2,1,6,6,2,34,6,1997,1,7,HONDA CRV,9,E01007027,0,-1
2021430584850,2021,430584850,2,9,0,18,19,8,4,0,0,8,0,0,0,0,1,1,6,6,2,75,10,2199,2,10,HONDA CRV,10,E01032759,0,-1
2021041091980,2021,041091980,1,9,0,17,19,6,4,0,0,1,0,0,0,0,1,1,6,6,2,54,8,1597,2,3,HONDA CRV,7,E01024905,0,-1
202131B012521,2021,31B012521,1,9,0,18,19,6,2,0,0,1,0,0,0,0,1,1,6,6,2,72,10,1998,1,18,HONDA CRV,6,E01028043,0,-1
2021010320537,2021,010320537,2,9,0,1,1,9,9,0,0,1,9,99,9,99,2,9,6,6,2,-1,-1,1998,1,16,HONDA CRV,-1,-1,0,-1
2021122100682,2021,122100682,1,9,0,7,7,3,6,0,0,2,0,0,0,0,1,1,6,6,1,34,6,2204,2,12,HONDA CRV,4,E01027832,0,-1
2021461055512,2021,461055512,1,9,0,3,3,1,5,0,0,0,0,0,0,0,1,1,6,6,2,33,6,2199,2,10,HONDA CRV,6,E01024357,0,-1
2021451115092,2021,451115092,1,9,0,18,19,1,5,0,0,1,0,0,0,0,1,1,5,6,1,27,6,2199,2,10,HONDA CRV,6,E01003378,0,-1
2021041171532,2021,041171532,1,9,0,18,19,5,1,0,0,0,0,0,0,0,0,1,2,2,1,54,8,1998,1,17,HONDA CRV,1,E01024908,0,-1
2021010295610,2021,010295610,2,9,0,2,2,0,0,0,0,0,0,0,0,0,0,1,6,6,3,-1,-1,1998,1,15,HONDA CRV,-1,-1,0,-1
2021010304217,2021,010304217,1,9,0,4,4,1,5,0,0,1,0,0,0,0,1,1,2,2,1,56,9,1997,1,9,HONDA CRV,4,E01002908,0,-1
2021320267578,2021,320267578,1,9,0,9,9,8,4,0,0,6,0,0,0,0,3,1,6,6,2,67,10,1597,2,8,HONDA CRV,3,E01026017,0,-1
2021371142019,2021,371142019,1,9,0,9,9,1,5,0,0,1,1,0,0,0,1,1,6,6,1,53,8,2204,2,14,HONDA CRV,8,E01030046,0,-1
2021161019554,2021,161019554,1,9,0,5,5,1,5,0,0,4,0,0,0,0,1,1,6,6,1,-1,-1,2199,2,9,HONDA CRV,9,E01013217,0,-1
2021010303291,2021,010303291,1,9,0,5,5,8,4,0,0,8,0,0,0,0,1,1,6,6,1,45,7,1997,1,7,HONDA CRV,9,E01000168,0,-1
2021501121268,2021,501121268,1,9,0,18,19,5,2,0,0,7,0,0,0,0,2,1,5,6,1,55,8,1998,1,19,HONDA CRV,6,E01015220,0,-1
2021430278266,2021,430278266,2,9,0,18,19,1,5,0,0,8,0,0,0,0,1,1,6,6,2,50,8,2199,2,8,HONDA CRV,7,E01017642,0,-1
2021552101118,2021,552101118,1,9,0,13,13,2,6,0,0,0,0,0,1,10,3,1,6,6,1,62,9,2199,2,11,HONDA CRV,2,E01024249,0,-1
2021991112250,2021,991112250,1,9,0,5,5,6,2,0,0,1,1,0,0,0,1,1,5,6,1,61,9,1997,1,4,HONDA CRV,5,-1,0,-1
2021351103126,2021,351103126,2,9,0,18,19,3,7,0,0,0,0,0,0,0,1,1,6,6,1,30,6,2204,2,15,HONDA CRV,7,E01033177,0,-1
2021451073333,2021,451073333,2,9,0,5,5,1,4,0,0,0,0,0,0,0,2,1,5,6,2,63,9,1997,1,13,HONDA CRV,10,E01030513,0,-1
202131C024521,2021,31C024521,1,9,0,18,19,8,4,0,0,8,0,0,0,0,1,1,6,6,1,44,7,1997,1,11,HONDA CRV,1,E01013851,0,-1
2021501084097,2021,501084097,1,9,0,18,19,1,5,0,0,0,0,0,0,0,1,1,5,6,2,48,8,1998,1,18,HONDA CRV,5,E01018780,0,-1
2021101068479,2021,101068479,1,9,0,5,5,3,1,0,0,6,0,0,0,0,1,1,5,6,1,69,10,2204,2,16,HONDA CRV,7,E01008745,0,-1
2021010326043,2021,010326043,2,9,0,2,2,0,0,0,0,2,0,0,0,0,0,1,6,6,3,-1,-1,1997,1,3,HONDA CRV,-1,-1,0,-1
2021010345841,2021,010345841,2,9,0,18,19,3,7,0,0,8,0,0,0,0,1,1,6,6,2,40,7,1998,1,17,HONDA CRV,6,E01002124,0,-1
2021461101096,2021,461101096,4,9,0,2,2,0,0,0,0,0,0,0,0,0,2,1,6,6,1,-1,-1,1998,1,18,HONDA CRV,10,E01024147,0,-1
2021141109474,2021,141109474,1,9,0,4,4,1,5,0,0,2,0,0,0,0,3,1,1,1,1,44,7,2199,2,6,HONDA CRV,5,E01007978,0,-1
2021461064628,2021,461064628,1,9,0,16,19,5,2,0,0,0,2,0,8,10,1,1,6,6,1,-1,-1,1998,1,17,HONDA CRV,-1,-1,0,-1
2021010308839,2021,010308839,2,9,0,2,2,0,0,0,0,1,0,10,1,0,1,2,6,6,3,-1,-1,1998,1,19,HONDA CRV,-1,-1,0,-1
2021440134699,2021,440134699,2,9,0,4,4,3,7,0,0,0,0,0,0,0,2,1,6,6,1,60,9,1997,1,10,HONDA CRV,7,E01023225,0,-1
2021501063046,2021,501063046,2,9,0,9,9,7,5,0,0,0,0,0,0,0,1,1,6,6,1,55,8,2204,2,16,HONDA CRV,2,E01015053,0,-1
2021461016582,2021,461016582,2,9,0,18,19,1,5,0,0,1,0,0,0,0,1,1,5,6,2,77,11,1998,1,18,HONDA CRV,7,E01024809,0,-1
2021010312822,2021,010312822,2,9,0,99,99,9,9,99,99,9,9,99,9,99,1,9,6,6,3,-1,-1,2199,2,10,HONDA CRV,-1,-1,0,-1
2021531080452,2021,531080452,1,9,0,18,19,6,4,0,0,0,0,0,0,0,4,1,2,2,1,49,8,1998,1,15,HONDA CRV,4,E01014567,0,-1
2021547859621,2021,547859621,1,9,0,9,9,1,7,0,0,1,0,0,0,0,1,1,6,6,2,51,8,1998,1,15,HONDA CRV,8,E01033158,0,-1
2021161063348,2021,161063348,3,9,0,4,4,4,8,0,0,2,0,0,0,0,2,1,5,6,1,34,6,2204,2,12,HONDA CRV,1,E01013199,0,-1
2021531024401,2021,531024401,2,9,0,18,19,5,1,0,0,0,0,0,0,0,1,1,6,6,1,45,7,1973,1,20,HONDA CRV,3,E01022256,0,-1
2021501121354,2021,501121354,1,9,0,14,14,1,5,0,0,0,0,0,0,0,4,1,5,6,2,31,6,2204,2,15,HONDA CRV,7,E01020233,0,-1
2021471082136,2021,471082136,1,9,0,16,19,5,8,0,0,2,0,0,0,0,1,1,5,6,1,70,10,1998,1,17,HONDA CRV,4,E01031386,0,-1
2021421031520,2021,421031520,2,9,0,18,19,1,5,0,0,1,0,0,0,0,2,1,5,6,1,68,10,1998,1,18,HONDA CRV,2,E01022046,0,-1
2021501080544,2021,501080544,2,9,0,3,3,7,3,0,0,1,0,0,1,0,2,1,5,6,2,56,9,2204,2,14,HONDA CRV,1,E01019033,0,-1
2021471099607,2021,471099607,1,9,0,18,19,7,3,0,0,1,0,0,0,0,1,1,5,6,2,56,9,2204,2,16,HONDA CRV,8,E01021230,0,-1
2021411131558,2021,411131558,1,9,0,16,19,4,6,0,0,6,0,0,0,0,3,1,5,6,2,59,9,1997,1,14,HONDA CRV,4,E01023955,0,-1
2021421068428,2021,421068428,1,9,0,9,9,1,5,0,0,8,0,0,0,0,1,1,6,6,1,39,7,2199,2,6,HONDA CRV,4,E01021277,0,-1
2021010301459,2021,010301459,1,9,0,18,19,3,7,0,0,1,0,0,0,0,2,1,6,6,2,46,8,1997,1,14,HONDA CRV,4,E01003543,0,-1
2021548002221,2021,548002221,1,9,0,9,9,5,3,0,0,8,0,0,0,0,4,1,6,6,2,46,8,1998,1,16,HONDA CRV,10,E01015512,0,-1
2021471049891,2021,471049891,4,9,0,2,2,0,0,9,9,2,0,0,0,0,1,1,6,6,3,-1,-1,2204,2,14,HONDA CRV,-1,-1,0,-1
2021010312680,2021,010312680,2,9,0,9,9,1,7,0,0,3,0,0,0,0,4,1,6,6,1,41,7,1597,2,4,HONDA CRV,2,E01004068,0,-1
2021430122775,2021,430122775,2,9,0,9,9,8,6,0,0,5,0,0,0,0,4,1,6,6,1,66,10,1597,2,3,HONDA CRV,8,E01016515,0,-1
2021461090611,2021,461090611,2,9,0,10,10,5,1,0,0,1,0,0,0,0,2,1,5,6,2,60,9,1998,1,19,HONDA CRV,8,E01024004,0,-1
2021520104432,2021,520104432,1,9,5,18,19,6,2,0,0,0,0,0,4,4,4,1,6,6,1,66,10,1998,1,15,HONDA CRV,8,E01029201,0,-1
2021520104521,2021,520104521,1,9,0,1,1,1,5,0,0,0,0,0,0,0,2,1,6,6,2,54,8,2204,2,14,HONDA CRV,7,E01029085,0,-1
2021991037299,2021,991037299,2,9,0,18,19,1,5,0,0,0,0,0,0,0,2,1,5,6,2,40,7,2204,2,12,HONDA CRV,6,-1,0,-1
2021320343859,2021,320343859,2,9,0,2,2,0,0,0,0,0,0,0,0,0,1,1,6,6,1,30,6,2204,2,16,HONDA CRV,7,E01026267,0,-1
2021010323858,2021,010323858,1,9,0,5,5,7,3,0,0,4,0,0,0,0,4,1,6,6,2,52,8,1997,1,9,HONDA CRV,5,E01002374,0,-1
2021010351893,2021,010351893,1,9,0,18,19,1,5,0,0,3,0,0,0,0,1,1,6,6,1,29,6,1997,1,12,HONDA CRV,-1,-1,0,-1
2021461077369,2021,461077369,2,9,0,2,2,0,0,0,0,0,0,0,0,0,1,1,6,6,1,73,10,2204,2,12,HONDA CRV,4,E01024561,0,-1
2021440274937,2021,440274937,2,9,0,18,19,3,7,0,0,1,0,0,0,0,1,1,6,6,1,69,10,1997,1,11,HONDA CRV,9,E01023053,0,-1
2021501102907,2021,501102907,1,9,0,18,19,3,7,0,0,2,0,0,0,0,1,1,5,6,2,36,7,2204,2,15,HONDA CRV,3,E01015150,0,-1
2021010340735,2021,010340735,2,9,0,7,7,7,1,0,0,2,0,0,0,0,1,1,6,6,2,41,7,1597,2,3,HONDA CRV,-1,-1,0,-1
2021122100593,2021,122100593,1,9,0,11,11,3,7,0,0,1,0,0,0,0,2,1,6,6,2,66,10,2199,2,7,HONDA CRV,7,E01027815,0,-1
2021501068519,2021,501068519,1,9,0,18,19,4,8,0,0,4,0,0,0,0,3,1,6,6,2,44,7,1597,2,8,HONDA CRV,6,E01020187,0,-1
2021430524965,2021,430524965,2,9,0,18,19,6,2,0,0,8,0,0,5,6,4,1,2,2,2,34,6,1997,1,8,HONDA CRV,10,E01028797,0,-1
2021501097663,2021,501097663,1,9,0,7,7,1,5,0,0,0,0,0,0,0,1,1,5,6,1,63,9,2204,2,12,HONDA CRV,8,E01018855,0,-1
2021531087727,2021,531087727,1,9,5,2,2,0,0,0,0,0,0,0,0,0,2,1,6,6,2,28,6,2204,2,12,HONDA CRV,9,E01022340,0,-1
2021361048311,2021,361048311,2,9,0,18,19,1,5,0,0,0,0,0,0,0,2,1,6,6,1,47,8,1998,1,15,HONDA CRV,7,E01029966,0,-1
2021411070079,2021,411070079,3,9,0,18,19,4,8,0,0,0,0,0,0,0,2,1,6,6,1,-1,-1,1597,2,3,HONDA CRV,-1,-1,0,-1
2021041097295,2021,041097295,1,9,0,7,7,7,1,0,0,0,0,0,0,0,1,1,2,2,1,57,9,2204,2,15,HONDA CRV,2,E01006397,0,-1
2021131056530,2021,131056530,2,9,0,13,13,5,1,0,0,1,0,0,0,0,4,1,5,6,2,38,7,1597,2,6,HONDA CRV,4,E01011778,0,-1
2021461023683,2021,461023683,1,9,0,16,19,7,3,0,0,0,1,0,0,0,3,1,5,6,2,46,8,1998,1,19,HONDA CRV,6,E01024455,0,-1
2021430335919,2021,430335919,1,9,0,11,11,4,8,0,0,3,0,0,0,0,4,1,6,6,2,62,9,1997,1,6,HONDA CRV,5,E01002145,0,-1
2021471054847,2021,471054847,1,9,0,9,9,5,4,0,0,6,0,0,0,0,3,1,6,6,2,-1,-1,2204,2,14,HONDA CRV,9,E01030823,0,-1
2021052102264,2021,052102264,2,9,0,3,3,5,1,0,0,1,0,0,0,0,4,1,6,6,2,48,8,2199,2,9,HONDA CRV,2,E01012412,0,-1
2021070543120,2021,070543120,1,9,0,12,12,5,1,0,0,0,1,0,0,0,4,1,2,2,2,56,9,2204,2,13,HONDA CRV,5,E01007299,0,-1
2021010331830,2021,010331830,1,9,0,9,9,3,1,0,0,5,0,0,0,0,3,1,6,6,1,40,7,1997,1,13,HONDA CRV,8,E01000366,0,-1
2021010291127,2021,010291127,1,9,0,99,99,9,9,99,99,9,9,99,9,99,9,9,2,2,1,50,8,1997,1,6,HONDA CRV,3,E01016456,0,-1
202154A353621,2021,54A353621,1,9,0,9,9,5,3,0,0,8,0,0,0,0,3,1,6,6,1,55,8,1597,2,6,HONDA CRV,7,E01015568,0,-1
2021311065817,2021,311065817,5,9,0,18,19,1,5,0,0,0,0,4,0,0,4,1,5,6,1,58,9,2199,2,8,HONDA CRV,7,E01026220,0,-1
2021421075053,2021,421075053,3,9,0,4,4,6,6,0,0,0,0,0,0,0,2,1,6,6,1,50,8,1597,2,5,HONDA CRV,2,E01015839,0,-1
2021122100531,2021,122100531,2,9,0,4,4,2,6,0,0,0,0,0,0,0,2,1,6,6,2,65,9,1597,2,4,HONDA CRV,8,E01011403,0,-1
2021471028628,2021,471028628,2,9,0,9,9,3,1,0,0,2,0,0,0,0,3,1,6,6,2,42,7,1997,1,12,HONDA CRV,8,E01016875,0,-1
2021430258596,2021,430258596,2,9,0,18,19,6,4,0,0,8,0,0,0,0,1,1,6,6,1,39,7,2204,2,14,HONDA CRV,5,E01017867,0,-1
2021361057856,2021,361057856,1,9,0,7,7,2,5,0,0,4,0,0,0,0,3,1,2,2,2,44,7,2199,2,10,HONDA CRV,8,E01026577,0,-1
2021451119492,2021,451119492,2,9,0,6,6,4,4,0,0,0,0,0,0,0,3,1,2,2,2,53,8,2199,2,9,HONDA CRV,2,E01001577,0,-1
2021221067677,2021,221067677,1,9,0,18,19,3,7,0,0,4,0,0,0,0,4,1,6,6,2,34,6,2204,2,14,HONDA CRV,-1,-1,0,-1
2021471115590,2021,471115590,1,9,0,1,1,7,3,0,0,0,0,0,0,0,2,1,5,6,1,70,10,2204,2,12,HONDA CRV,8,E01031491,0,-1
202163C032721,2021,63C032721,1,9,0,18,19,4,8,0,0,0,0,12,0,0,1,1,6,6,1,71,10,2204,2,15,HONDA CRV,6,W01000720,0,-1
2021010301652,2021,010301652,1,9,0,5,5,7,3,0,0,4,0,0,0,0,1,1,6,6,2,60,9,1997,1,12,HONDA CRV,3,E01003976,0,-1
2021221119607,2021,221119607,2,9,0,18,19,1,5,0,0,0,0,0,0,0,1,1,5,6,1,67,10,1998,1,18,HONDA CRV,7,W01000484,0,-1
2021041120476,2021,041120476,1,9,0,18,19,7,3,0,0,0,0,0,0,0,0,1,6,6,2,54,8,1998,1,17,HONDA CRV,8,E01024861,0,-1
2021471089215,2021,471089215,1,9,0,9,9,3,1,0,0,8,0,0,0,0,3,1,5,6,1,78,11,1997,1,9,HONDA CRV,3,E01004656,0,-1
2021991045994,2021,991045994,2,9,0,18,19,6,2,0,0,0,0,0,0,0,3,1,2,2,1,21,5,2204,2,16,HONDA CRV,-1,-1,0,-1
2021010337965,2021,010337965,1,9,0,18,19,3,7,0,0,0,5,4,0,0,1,1,6,6,2,24,5,2204,2,12,HONDA CRV,3,E01002402,0,-1
2021010349169,2021,010349169,1,9,0,5,5,0,5,0,0,0,0,8,0,0,3,1,6,6,1,45,7,1998,1,16,HONDA CRV,8,E01002478,0,-1
2021371054326,2021,371054326,1,9,0,18,19,6,2,0,0,8,5,0,0,0,2,1,5,6,1,55,8,1998,1,19,HONDA CRV,5,E01030185,0,-1
2021041023229,2021,041023229,2,9,0,9,9,3,5,0,0,4,0,0,0,0,1,1,2,2,1,52,8,1597,2,4,HONDA CRV,7,E01012592,0,-1
202154C629621,2021,54C629621,1,9,0,18,19,3,7,0,0,0,0,0,0,0,1,1,6,6,1,74,10,2199,2,9,HONDA CRV,9,E01016257,0,-1
2021010291485,2021,010291485,1,9,0,99,99,9,9,99,99,9,9,99,9,99,2,9,6,6,2,41,7,1998,1,18,HONDA CRV,3,E01003280,0,-1
2021991060300,2021,991060300,2,9,0,10,10,5,2,0,0,0,0,0,0,0,2,1,5,6,1,33,6,2199,2,6,HONDA CRV,7,-1,0,-1
2021010347426,2021,010347426,2,9,0,4,4,7,3,0,0,4,0,0,0,0,1,1,2,2,1,56,9,1997,1,11,HONDA CRV,8,E01002658,0,-1
2021421012348,2021,421012348,1,9,0,18,19,7,3,0,0,2,0,0,0,0,1,1,5,6,2,50,8,1998,1,17,HONDA CRV,-1,-1,0,-1
2021430558163,2021,430558163,3,9,0,18,19,8,4,0,0,0,0,0,0,0,2,1,6,6,1,52,8,1997,1,6,HONDA CRV,6,E01002485,0,-1
2021231033362,2021,231033362,3,9,0,10,10,4,2,0,0,1,0,0,0,0,3,1,2,2,1,45,7,2199,2,8,HONDA CRV,9,E01029848,0,-1
2021010316795,2021,010316795,1,9,0,1,1,7,3,0,0,1,0,0,0,0,2,1,2,2,1,41,7,1597,2,5,HONDA CRV,2,E01003542,0,-1
2021201149668,2021,201149668,2,9,0,18,19,5,1,0,0,8,0,0,0,0,3,1,6,6,2,-1,-1,1998,1,14,HONDA CRV,10,E01010190,0,-1
2021501042862,2021,501042862,1,9,0,5,5,5,1,0,0,0,0,0,0,0,1,1,1,1,2,26,6,2204,2,13,HONDA CRV,2,E01019055,0,-1
2021461144525,2021,461144525,2,9,0,18,19,1,5,0,0,1,0,0,0,0,1,1,5,6,2,75,10,1998,1,17,HONDA CRV,9,E01021203,0,-1
2021041114401,2021,041114401,2,9,0,17,19,1,5,0,0,0,0,0,0,0,1,1,5,6,2,69,10,2199,2,11,HONDA CRV,3,E01025388,0,-1
2021371098361,2021,371098361,1,9,0,10,10,5,3,0,0,2,0,0,0,0,4,1,6,6,1,79,11,1997,1,9,HONDA CRV,9,E01030191,0,-1
2021010307063,2021,010307063,1,9,0,9,9,5,2,0,0,8,0,0,0,0,3,1,1,1,2,75,10,1997,1,7,HONDA CRV,4,E01001582,0,-1
2021549761321,2021,549761321,1,9,0,18,19,3,7,0,0,0,0,0,0,0,1,1,6,6,2,36,7,2199,2,9,HONDA CRV,8,E01031932,0,-1
2021070733719,2021,070733719,2,9,0,2,2,1,5,6,6,0,0,0,0,0,2,1,6,6,1,53,8,2204,2,13,HONDA CRV,2,E01005656,0,-1
2021221060490,2021,221060490,2,9,0,3,3,6,2,0,0,1,0,0,0,0,2,1,5,6,1,46,8,1597,2,4,HONDA CRV,3,E01014005,0,-1
202131D122721,2021,31D122721,2,9,0,18,19,6,2,0,0,2,0,10,0,0,2,1,6,6,1,62,9,2199,2,9,HONDA CRV,9,E01019835,0,-1
2021501094835,2021,501094835,1,9,3,18,19,1,5,0,0,1,0,0,0,0,4,1,6,6,1,59,9,2204,2,15,HONDA CRV,2,E01015176,0,-1
202134NNC1581,2021,34NNC1581,1,9,0,16,19,6,2,0,0,0,0,0,0,0,1,1,6,6,1,45,7,2204,2,12,HONDA CRV,6,E01027043,0,-1
2021010349647,2021,010349647,1,9,0,16,19,2,4,0,0,3,0,10,1,0,1,1,6,6,1,75,10,1998,1,18,HONDA CRV,8,E01033724,0,-1
2021010323026,2021,010323026,1,9,0,99,99,9,9,99,99,9,9,99,9,99,0,9,6,6,1,-1,-1,1997,1,5,HONDA CRV,7,E01001307,0,-1
202131B182621,2021,31B182621,2,9,0,4,4,8,4,0,0,1,0,0,0,0,1,1,6,6,2,61,9,2204,2,13,HONDA CRV,3,E01019302,0,-1
2021622100635,2021,622100635,2,9,0,3,3,2,6,0,0,1,0,0,0,0,2,1,6,6,1,49,8,1998,1,19,HONDA CRV,6,W01001241,0,-1
2021552101320,2021,552101320,2,9,0,18,19,1,5,0,0,8,0,0,0,0,1,1,6,6,2,33,6,1998,1,17,HONDA CRV,-1,-1,0,-1
2021161053678,2021,161053678,2,9,0,9,9,7,5,0,0,1,0,0,0,0,1,1,2,2,2,43,7,2204,2,12,HONDA CRV,9,E01029551,0,-1
2021131119883,2021,131119883,1,9,0,18,19,1,5,0,0,8,0,0,0,0,1,1,2,2,1,31,6,2204,2,14,HONDA CRV,10,E01010586,0,-1
2021520200572,2021,520200572,1,9,0,18,19,2,6,0,0,0,0,0,4,7,1,1,6,6,1,53,8,2204,2,15,HONDA CRV,-1,-1,0,-1
2021501101448,2021,501101448,2,9,0,7,7,4,5,0,0,5,0,0,0,0,2,1,5,6,1,70,10,1997,1,9,HONDA CRV,5,E01020303,0,-1
2021010338519,2021,010338519,1,9,0,99,99,9,9,0,0,1,0,0,0,0,9,1,6,6,1,77,11,1997,1,5,HONDA CRV,10,E01001456,0,-1
2021201031801,2021,201031801,2,9,0,8,8,3,6,0,0,1,0,0,0,0,2,1,6,6,2,45,7,1998,1,17,HONDA CRV,2,E01009966,0,-1
2021501060550,2021,501060550,1,9,0,5,5,5,1,0,0,0,0,10,0,0,3,1,5,6,1,82,11,1597,2,3,HONDA CRV,6,E01019035,0,-1
2021430020514,2021,430020514,2,9,0,18,19,4,8,0,0,3,0,0,0,0,4,1,6,6,1,44,7,1997,1,14,HONDA CRV,6,E01016224,0,-1
2021440110919,2021,440110919,2,9,0,18,19,4,8,0,0,8,0,0,0,0,4,1,2,2,1,78,11,2199,2,11,HONDA CRV,7,E01023048,0,-1
2021221125175,2021,221125175,1,9,0,1,1,5,1,0,0,0,0,0,0,0,2,1,6,6,2,34,6,1998,1,18,HONDA CRV,-1,-1,0,-1
2021531056444,2021,531056444,2,9,0,12,12,5,1,0,0,1,0,0,0,0,1,1,5,6,2,34,6,2199,2,9,HONDA CRV,7,E01022449,0,-1
2021010343540,2021,010343540,1,9,0,99,99,9,9,99,99,0,9,99,9,99,9,9,2,2,2,45,7,1997,1,12,HONDA CRV,3,E01000515,0,-1
2021371089975,2021,371089975,2,9,0,18,19,3,6,0,0,2,0,0,0,0,2,1,2,2,1,37,7,2199,2,6,HONDA CRV,6,E01018030,0,-1
2021231053432,2021,231053432,1,9,0,18,19,7,3,0,0,0,0,0,0,0,3,1,5,6,2,57,9,1997,1,6,HONDA CRV,2,E01010059,0,-1
2021041086767,2021,041086767,2,9,0,18,19,1,5,0,0,1,5,10,0,0,3,1,2,2,1,51,8,1597,2,6,HONDA CRV,5,E01025360,0,-1
2021221093456,2021,221093456,1,9,0,6,6,7,7,0,0,5,0,0,0,0,3,1,5,6,2,42,7,2204,2,12,HONDA CRV,3,E01032187,0,-1
2021201085727,2021,201085727,1,9,0,9,9,5,3,0,0,1,0,0,0,0,1,1,6,6,1,71,10,1998,1,18,HONDA CRV,2,E01010463,0,-1
2021991047036,2021,991047036,2,9,0,9,9,5,3,0,0,1,0,0,0,0,1,1,6,6,1,51,8,1998,1,16,HONDA CRV,7,-1,0,-1
2021461052729,2021,461052729,3,9,0,10,10,4,8,0,0,1,0,0,0,0,2,1,1,1,2,58,9,2204,2,14,HONDA CRV,6,E01024236,0,-1
2021440124010,2021,440124010,1,9,0,18,19,7,3,0,0,0,0,0,0,0,1,1,6,6,1,33,6,1998,1,17,HONDA CRV,6,E01032844,0,-1
2021471038225,2021,471038225,1,9,0,6,6,4,4,0,0,8,0,0,0,0,3,1,5,6,1,29,6,1998,1,18,HONDA CRV,9,E01031704,0,-1
2021221111260,2021,221111260,2,9,0,18,19,1,5,0,0,0,0,0,0,0,1,1,5,6,2,50,8,2204,2,15,HONDA CRV,5,E01014051,0,-1
2021440379276,2021,440379276,1,9,0,18,19,1,5,0,0,4,0,0,0,0,1,1,6,6,2,49,8,2204,2,12,HONDA CRV,10,E01022873,0,-1
2021041096825,2021,041096825,1,9,0,18,19,1,1,0,0,0,0,0,0,0,4,1,6,6,3,-1,-1,1998,1,17,HONDA CRV,-1,-1,0,-1
2021010337802,2021,010337802,1,9,0,7,7,3,6,0,0,8,0,0,0,0,2,1,6,6,1,55,8,1997,1,13,HONDA CRV,7,E01001587,0,-1
2021010323382,2021,010323382,1,9,0,18,19,2,6,0,0,0,5,4,0,0,4,1,2,2,2,30,6,1973,1,21,HONDA CRV,3,E01016358,0,-1
2021361077265,2021,361077265,1,9,-1,-1,-1,-1,-1,-1,-1,0,-1,-1,-1,0,-1,1,2,2,1,37,7,2204,2,16,HONDA CRV,9,E01026644,0,-1
2021161076836,2021,161076836,1,9,0,18,19,4,8,0,0,0,1,4,0,0,3,1,6,6,1,20,4,1997,1,14,HONDA CRV,1,E01013162,0,-1
2021320600945,2021,320600945,3,9,0,3,3,2,6,0,0,1,0,0,0,0,2,1,3,7,2,38,7,1597,2,3,HONDA CRV,3,E01026323,0,-1
2021231027154,2021,231027154,1,9,0,13,13,8,4,0,0,0,0,0,0,0,4,1,5,6,1,55,8,1997,1,3,HONDA CRV,6,E01031031,0,-1
2021501021792,2021,501021792,1,9,0,4,4,5,8,0,0,1,0,0,0,0,4,1,5,6,2,63,9,1997,1,7,HONDA CRV,5,E01019901,0,-1
2021545648621,2021,545648621,1,9,0,1,1,1,5,0,0,1,0,0,0,0,2,1,6,6,1,25,5,1998,1,18,HONDA CRV,6,E01031846,0,-1
2021052101884,2021,052101884,1,9,0,18,19,7,3,0,0,8,0,0,0,0,1,1,6,6,2,39,7,2204,2,14,HONDA CRV,4,E01007000,0,-1
2021461127257,2021,461127257,1,9,0,9,9,1,3,0,0,6,1,0,0,0,3,1,6,6,1,33,6,1998,1,17,HONDA CRV,6,E01001077,0,-1
2021411053112,2021,411053112,3,9,0,2,2,0,0,0,0,1,0,0,0,0,3,1,6,6,3,-1,-1,1997,1,13,HONDA CRV,-1,-1,0,-1
2021501121278,2021,501121278,1,9,0,5,5,4,8,0,0,4,0,0,0,0,3,1,5,6,1,43,7,2204,2,14,HONDA CRV,6,E01020108,0,-1