collision_index,collision_year,collision_ref_no,vehicle_reference,vehicle_type,towing_and_articulation,vehicle_manoeuvre_historic,vehicle_manoeuvre,vehicle_direction_from,vehicle_direction_to,vehicle_location_restricted_lane_historic,vehicle_location_restricted_lane,junction_location,skidding_and_overturning,hit_object_in_carriageway,vehicle_leaving_carriageway,hit_object_off_carriageway,first_point_of_impact,vehicle_left_hand_drive,journey_purpose_of_driver_historic,journey_purpose_of_driver,sex_of_driver,age_of_driver,age_band_of_driver,engine_capacity_cc,propulsion_code,age_of_vehicle,generic_make_model,driver_imd_decile,lsoa_of_driver,escooter_flag,driver_distance_banding
2021010313705,2021,010313705,4,9,0,2,2,0,0,0,0,1,0,0,0,0,4,1,6,6,3,-1,-1,1997,1,11,HONDA CRV,-1,-1,0,-1
2021440492549,2021,440492549,2,9,0,4,4,4,8,0,0,1,0,0,0,0,2,1,6,6,2,57,9,1998,1,15,HONDA CRV,5,E01022603,0,-1
2021430285310,2021,430285310,1,9,0,9,9,5,3,0,0,1,0,0,0,0,1,1,6,6,1,49,8,1997,1,5,HONDA CRV,-1,-1,0,-1
2021991106820,2021,991106820,1,9,0,18,19,8,4,0,0,0,0,0,1,0,1,1,6,6,1,50,8,2199,2,11,HONDA CRV,6,-1,0,-1
2021451106733,2021,451106733,1,9,0,8,8,5,7,0,0,1,0,10,7,10,3,1,5,6,1,72,10,2204,2,13,HONDA CRV,5,E01001542,0,-1
202134WNC5061,2021,34WNC5061,1,9,0,18,19,7,3,0,0,8,0,0,0,0,1,1,6,6,2,46,8,1998,1,16,HONDA CRV,1,E01027177,0,-1
202154A530721,2021,54A530721,1,9,0,1,1,8,4,0,0,0,0,0,0,0,2,1,6,6,1,69,10,2199,2,10,HONDA CRV,6,E01015555,0,-1
2021451032812,2021,451032812,2,9,0,18,19,7,3,0,0,1,0,0,0,0,4,1,5,6,1,70,10,1597,2,5,HONDA CRV,10,E01030377,0,-1
2021501034528,2021,501034528,1,9,0,9,9,1,8,0,0,6,0,0,0,0,3,1,5,6,1,65,9,2199,2,9,HONDA CRV,5,E01020098,0,-1
2021211145315,2021,211145315,1,9,0,18,19,7,3,0,0,1,0,0,0,0,1,1,5,6,2,59,9,1998,1,17,HONDA CRV,6,E01014264,0,-1
2021421102773,2021,421102773,1,9,0,9,9,7,3,0,0,0,0,0,0,0,4,1,1,1,1,75,10,1998,1,19,HONDA CRV,10,E01021754,0,-1
2021440506449,2021,440506449,1,9,0,5,5,2,6,0,0,0,0,0,0,0,3,1,6,6,2,70,10,1998,1,16,HONDA CRV,10,E01022860,0,-1
2021131113485,2021,131113485,1,9,0,18,19,1,5,9,9,0,0,10,0,0,1,2,6,6,1,21,5,2204,2,15,HONDA CRV,10,E01011113,0,-1
2021451116850,2021,451116850,1,9,0,17,19,7,3,0,0,0,0,0,1,3,1,1,2,2,1,42,7,1998,1,19,HONDA CRV,7,E01021236,0,-1
2021471091818,2021,471091818,1,9,0,18,19,6,4,0,0,1,0,0,0,0,1,1,5,6,1,80,11,1998,1,19,HONDA CRV,9,E01021085,0,-1
2021320751002,2021,320751002,2,9,0,9,9,4,2,0,0,5,0,0,0,0,2,1,6,6,2,56,9,1998,1,19,HONDA CRV,5,E01026286,0,-1
2021522102795,2021,522102795,1,9,0,18,19,6,2,0,0,0,0,0,0,0,1,1,6,6,2,25,5,2204,2,13,HONDA CRV,3,E01014502,0,-1
2021141079969,2021,141079969,1,9,0,9,9,4,2,0,0,1,0,0,0,0,4,1,6,6,2,57,9,2204,2,15,HONDA CRV,1,E01007462,0,-1
2021430226501,2021,430226501,2,9,0,18,19,6,2,0,0,1,0,0,0,0,4,1,6,6,1,-1,-1,1998,1,18,HONDA CRV,6,E01014910,0,-1
2021501142513,2021,501142513,2,9,0,3,3,2,6,0,0,0,0,0,0,0,2,1,5,6,1,61,9,1997,1,14,HONDA CRV,6,E01020145,0,-1
2021411075950,2021,411075950,2,9,0,5,5,3,7,0,0,8,0,0,0,0,1,1,6,6,3,-1,-1,1997,1,10,HONDA CRV,-1,-1,0,-1
2021451064824,2021,451064824,1,9,0,18,19,6,3,0,0,8,0,0,0,0,4,1,5,6,1,49,8,2204,2,13,HONDA CRV,10,E01030855,0,-1
2021041127806,2021,041127806,2,9,0,3,3,5,1,0,0,0,0,0,1,0,2,1,6,6,1,35,6,1997,1,13,HONDA CRV,2,E01012709,0,-1
2021052100710,2021,052100710,2,9,0,18,19,1,5,0,0,0,0,0,4,6,3,1,6,6,2,71,10,1998,1,18,HONDA CRV,6,E01007287,0,-1
2021161104155,2021,161104155,2,9,0,18,19,2,7,0,0,0,0,0,1,0,3,1,5,6,1,67,10,1998,1,16,HONDA CRV,-1,-1,0,-1
2021052101330,2021,052101330,2,9,0,3,3,3,5,0,0,8,0,0,0,0,2,1,6,6,2,45,7,2204,2,14,HONDA CRV,1,E01006775,0,-1
2021010334386,2021,010334386,2,9,0,9,9,5,3,0,0,6,0,0,0,0,1,1,3,7,2,41,7,2199,2,6,HONDA CRV,5,E01004346,0,-1
2021010301004,2021,010301004,1,9,0,1,1,7,3,0,0,6,1,0,1,11,2,1,6,6,1,37,7,2204,2,13,HONDA CRV,2,E01001433,0,-1
2021041086748,2021,041086748,1,9,0,15,15,3,7,0,0,0,0,0,0,0,4,1,6,6,3,-1,-1,1997,1,11,HONDA CRV,-1,-1,0,-1
2021010314084,2021,010314084,2,9,0,9,9,1,7,0,0,1,0,0,0,0,3,1,6,6,2,45,7,1997,1,14,HONDA CRV,5,E01004021,0,-1
2021061026913,2021,061026913,1,9,0,18,19,4,2,0,0,0,0,0,0,0,1,1,6,6,1,30,6,1998,1,17,HONDA CRV,4,E01007444,0,-1
2021440052762,2021,440052762,2,9,0,18,19,7,3,0,0,8,0,0,0,0,1,1,2,2,2,39,7,1998,1,18,HONDA CRV,7,E01023198,0,-1
2021471034651,2021,471034651,2,9,0,9,9,2,8,0,0,8,0,0,0,0,1,1,5,6,2,61,9,2204,2,13,HONDA CRV,6,E01021068,0,-1
202131D122021,2021,31D122021,1,9,0,7,7,1,3,0,0,6,0,0,0,0,1,1,2,2,1,52,8,2204,2,12,HONDA CRV,4,E01028158,0,-1
2021010302610,2021,010302610,2,9,0,99,99,9,9,99,99,9,9,99,9,99,1,9,6,6,3,-1,-1,1997,1,12,HONDA CRV,7,E01004138,0,-1
2021041012057,2021,041012057,2,9,0,18,19,6,1,0,0,0,0,0,0,0,1,1,5,6,1,23,5,1998,1,19,HONDA CRV,1,E01012698,0,-1
2021010287525,2021,010287525,1,9,0,18,19,1,5,0,0,1,0,0,0,0,1,1,6,6,1,46,8,1997,1,8,HONDA CRV,8,E01002975,0,-1
2021440155663,2021,440155663,2,9,0,2,2,0,0,0,0,0,0,4,0,0,2,1,6,6,1,65,9,1998,1,17,HONDA CRV,4,E01022845,0,-1
2021101094188,2021,101094188,2,9,0,16,19,1,5,0,0,2,0,0,0,0,3,1,6,6,1,72,10,2199,2,8,HONDA CRV,7,-1,0,-1
2021522200429,2021,522200429,1,9,0,18,19,5,1,0,0,0,0,0,0,0,1,1,6,6,2,70,10,1998,1,15,HONDA CRV,1,E01014726,0,-1
202134NNC5161,2021,34NNC5161,1,9,0,18,19,3,7,0,0,4,0,0,0,0,1,1,6,6,2,40,7,2204,2,14,HONDA CRV,6,E01027032,0,-1
2021471024684,2021,471024684,2,9,0,3,3,3,7,0,0,1,0,0,0,0,2,1,5,6,2,70,10,1998,1,17,HONDA CRV,6,E01031770,0,-1
2021320060835,2021,320060835,1,9,0,17,19,8,6,0,0,2,0,0,0,9,1,1,6,6,1,67,10,1998,1,17,HONDA CRV,6,E01026107,0,-1
202131C115521,2021,31C115521,1,9,0,6,6,4,4,0,0,0,0,0,0,0,3,1,6,6,2,39,7,1997,1,11,HONDA CRV,3,E01028187,0,-1
2021451112143,2021,451112143,1,9,0,18,19,1,3,0,0,1,0,0,0,0,2,1,6,6,1,55,8,2199,2,11,HONDA CRV,9,E01030326,0,-1
2021041059670,2021,041059670,1,9,0,18,19,7,3,0,0,4,0,0,0,0,1,1,6,6,1,24,5,2204,2,12,HONDA CRV,1,E01025219,0,-1
2021010297877,2021,010297877,1,9,0,18,19,5,1,0,0,0,0,11,0,0,4,1,6,6,1,72,10,1997,1,6,HONDA CRV,9,E01000351,0,-1
2021522102830,2021,522102830,1,9,0,18,19,1,5,0,0,8,0,0,0,0,4,1,6,6,1,35,6,2204,2,16,HONDA CRV,2,W01001506,0,-1
2021141066944,2021,141066944,3,9,0,18,19,1,4,0,0,1,0,0,0,0,0,1,6,6,3,-1,-1,2199,2,8,HONDA CRV,-1,-1,0,-1
2021131048076,2021,131048076,3,9,0,18,19,1,5,0,0,8,0,0,0,0,0,1,6,6,1,45,7,1597,2,6,HONDA CRV,1,E01010926,0,-1
2021991060520,2021,991060520,1,9,0,9,9,7,5,0,0,6,0,0,0,0,1,1,5,6,1,37,7,1998,1,17,HONDA CRV,7,-1,0,-1
2021221049552,2021,221049552,1,9,0,9,9,7,5,0,0,5,0,0,0,0,1,1,5,6,2,41,7,1998,1,15,HONDA CRV,6,E01032166,0,-1
2021430025343,2021,430025343,1,9,0,18,19,8,4,0,0,4,0,0,0,0,1,1,6,6,2,57,9,1997,1,12,HONDA CRV,6,E01016348,0,-1
202134NNC5311,2021,34NNC5311,2,9,0,18,19,8,4,0,0,8,1,0,0,0,1,1,6,6,1,34,6,1998,1,17,HONDA CRV,3,E01027081,0,-1
2021371051381,2021,371051381,1,9,0,5,5,7,3,0,0,0,0,0,0,0,2,1,5,6,1,55,8,2204,2,16,HONDA CRV,8,E01030048,0,-1
2021440243253,2021,440243253,1,9,0,18,19,6,2,0,0,8,0,0,0,0,1,1,6,6,2,43,7,2204,2,12,HONDA CRV,5,E01022542,0,-1
2021440179891,2021,440179891,1,9,0,18,19,7,2,0,0,0,0,0,0,0,1,1,6,6,2,41,7,2199,2,11,HONDA CRV,1,E01017210,0,-1
2021552101285,2021,552101285,2,9,0,18,19,1,5,0,0,8,0,0,7,0,1,1,6,6,1,50,8,2204,2,12,HONDA CRV,5,E01020562,0,-1
2021421062493,2021,421062493,1,9,0,18,19,5,7,0,0,0,0,0,1,0,1,1,5,6,1,46,8,2204,2,14,HONDA CRV,1,E01021700,0,-1
202163D049521,2021,63D049521,2,9,0,4,4,2,6,0,0,0,0,12,0,0,2,1,6,6,1,62,9,1998,1,17,HONDA CRV,-1,-1,0,-1
2021201146418,2021,201146418,1,9,0,18,19,7,3,0,0,0,0,0,0,0,1,1,6,6,1,-1,-1,2199,2,9,HONDA CRV,-1,-1,0,-1
2021010298397,2021,010298397,2,9,0,18,19,3,7,0,0,0,2,0,0,0,1,1,6,6,1,64,9,1997,1,14,HONDA CRV,8,E01000246,0,-1
2021061029380,2021,061029380,2,9,0,9,9,7,5,0,0,8,0,0,0,0,4,1,6,6,1,48,8,1597,2,7,HONDA CRV,1,E01033669,0,-1
2021052102021,2021,052102021,1,9,0,6,6,3,3,0,0,0,0,4,0,0,1,1,6,6,2,40,7,2199,2,11,HONDA CRV,1,E01006694,0,-1
2021522101411,2021,522101411,2,9,0,18,19,7,3,0,0,8,0,0,0,0,1,1,6,6,1,60,9,2204,2,12,HONDA CRV,10,W01001574,0,-1
2021411111585,2021,411111585,2,9,0,18,19,4,8,0,0,0,1,0,0,0,3,1,2,2,2,46,8,1597,2,5,HONDA CRV,2,E01001482,0,-1
2021991057273,2021,991057273,1,9,0,16,19,4,8,0,0,0,0,0,7,11,1,1,6,6,2,67,10,2199,2,10,HONDA CRV,5,-1,0,-1
2021451115007,2021,451115007,1,9,0,18,19,2,6,0,0,0,0,0,0,0,1,1,5,6,2,55,8,1998,1,19,HONDA CRV,7,E01030569,0,-1
2021440345739,2021,440345739,2,9,0,18,19,1,5,0,0,0,0,0,0,0,1,1,6,6,1,52,8,1997,1,8,HONDA CRV,4,E01017362,0,-1
2021010328887,2021,010328887,2,9,0,18,19,5,1,0,0,1,1,0,0,0,1,1,6,6,1,68,10,1998,1,19,HONDA CRV,-1,-1,0,-1
2021221088373,2021,221088373,1,9,0,6,6,5,5,0,0,6,0,0,0,0,1,1,5,6,2,32,6,1997,1,12,HONDA CRV,8,E01028861,0,-1
2021311111651,2021,311111651,1,9,0,6,6,3,7,0,0,0,0,0,0,0,1,1,5,6,1,69,10,2199,2,10,HONDA CRV,6,E01013838,0,-1
2021010309915,2021,010309915,2,9,0,99,99,9,9,99,99,9,9,99,9,99,2,9,6,6,3,-1,-1,1997,1,7,HONDA CRV,-1,-1,0,-1
2021141079235,2021,141079235,1,9,0,18,19,6,2,0,0,0,5,0,0,0,1,1,2,2,1,35,6,1998,1,18,HONDA CRV,3,E01026381,0,-1
2021622100318,2021,622100318,1,9,0,18,19,4,3,0,0,0,0,0,7,11,1,1,6,6,2,86,11,1998,1,17,HONDA CRV,10,W01000827,0,-1
2021552100649,2021,552100649,1,9,0,18,19,7,3,0,0,8,0,0,0,0,1,1,6,6,2,29,6,2204,2,12,HONDA CRV,3,E01015442,0,-1
2021471067759,2021,471067759,2,9,0,5,5,7,1,0,0,4,0,0,0,0,1,1,6,6,1,83,11,1997,1,14,HONDA CRV,4,E01031610,0,-1
2021471118017,2021,471118017,2,9,0,3,3,4,8,0,0,0,0,0,0,0,2,1,5,6,1,40,7,1997,1,11,HONDA CRV,7,E01021173,0,-1
2021070764020,2021,070764020,1,9,0,9,9,5,3,0,0,1,0,0,0,0,3,1,6,6,1,68,10,1997,1,6,HONDA CRV,5,E01018733,0,-1
2021131125549,2021,131125549,3,9,0,2,2,0,0,0,0,0,0,0,0,0,1,1,6,6,3,-1,-1,1597,2,7,HONDA CRV,-1,-1,0,-1
2021991072302,2021,991072302,1,9,0,18,19,1,5,0,0,1,0,0,0,0,1,1,5,6,1,34,6,2204,2,12,HONDA CRV,-1,-1,0,-1
2021991050348,2021,991050348,2,9,0,18,19,8,4,0,0,0,0,0,0,0,1,1,6,6,1,39,7,1597,2,4,HONDA CRV,4,-1,0,-1
2021552100892,2021,552100892,3,9,0,18,19,4,8,0,0,1,0,0,0,0,2,1,6,6,2,71,10,2199,2,8,HONDA CRV,7,E01020539,0,-1
2021041116802,2021,041116802,2,9,0,9,9,3,7,0,0,8,0,0,0,0,4,1,5,6,1,81,11,1997,1,13,HONDA CRV,5,E01012729,0,-1
2021522103934,2021,522103934,4,9,0,18,19,5,1,0,0,0,0,0,0,0,1,1,6,6,1,81,11,1998,1,15,HONDA CRV,8,E01032047,0,-1
2021371093783,2021,371093783,1,9,0,18,19,3,7,0,0,0,1,0,0,0,4,1,5,6,1,77,11,1597,2,4,HONDA CRV,6,E01030041,0,-1
2021471091986,2021,471091986,1,3,0,18,19,8,4,0,0,0,2,0,0,0,3,1,5,6,2,34,6,125,1,17,-1,1,E01017103,0,-1
2021451064367,2021,451064367,1,3,0,18,19,2,6,0,0,0,0,0,0,0,1,1,2,2,1,44,7,125,1,17,-1,7,E01030694,0,-1
2021061111299,2021,061111299,1,3,0,18,19,3,7,0,0,0,1,0,0,0,4,1,1,1,1,20,4,125,1,16,-1,7,E01006252,0,-1
2021010287793,2021,010287793,2,3,0,16,19,1,5,0,0,1,0,0,0,0,3,1,6,6,1,56,9,125,1,16,-1,1,E01001821,0,-1
2021122100684,2021,122100684,2,3,0,18,19,3,7,0,0,6,0,0,0,0,3,1,6,6,1,19,4,124,1,19,-1,8,E01013450,0,-1
2021010307689,2021,010307689,1,3,0,18,19,7,3,0,0,1,0,0,0,0,1,1,6,6,1,17,4,125,1,17,-1,7,E01003839,0,-1
2021471081771,2021,471081771,3,3,0,2,2,0,0,0,0,0,0,0,0,0,4,1,6,6,3,-1,-1,124,1,20,-1,-1,-1,0,-1
2021440394636,2021,440394636,1,9,0,4,4,2,6,0,0,1,0,0,0,0,2,1,6,6,1,84,11,1399,1,15,HYUNDAI GETZ,2,E01017318,0,-1
2021552100790,2021,552100790,1,9,0,13,13,5,1,0,0,0,0,0,1,9,3,1,6,6,1,31,6,1086,1,17,HYUNDAI GETZ,2,E01014636,0,-1
2021552100697,2021,552100697,3,9,0,2,2,0,0,0,0,0,0,0,0,0,2,1,6,6,3,-1,-1,1086,1,17,HYUNDAI GETZ,-1,-1,0,-1
2021471021321,2021,471021321,1,9,0,-1,-1,7,-1,0,0,1,0,0,0,0,1,1,1,1,1,63,9,1399,1,15,HYUNDAI GETZ,7,E01031460,0,-1
2021041097738,2021,041097738,1,9,0,5,5,0,0,0,0,8,0,0,3,0,1,1,5,6,1,76,11,1399,1,14,HYUNDAI GETZ,-1,-1,0,-1
2021041034194,2021,041034194,2,9,0,5,5,5,1,0,0,0,0,0,0,0,3,1,5,6,2,38,7,1341,1,17,HYUNDAI GETZ,5,E01025605,0,-1
2021141087718,2021,141087718,1,9,0,18,19,7,3,0,0,8,0,0,0,0,1,1,6,6,2,56,9,1086,1,13,HYUNDAI GETZ,1,E01008076,0,-1
2021201136282,2021,201136282,1,9,0,17,19,2,8,0,0,2,0,10,1,10,1,1,6,6,2,28,6,1341,1,16,HYUNDAI GETZ,9,E01009917,0,-1
2021161040246,2021,161040246,1,9,0,1,1,5,3,0,0,2,0,0,0,0,0,1,6,6,3,-1,-1,1086,1,16,HYUNDAI GETZ,-1,-1,0,-1
2021061079922,2021,061079922,1,9,0,9,9,3,1,0,0,5,0,0,0,0,4,1,6,6,2,64,9,1399,1,14,HYUNDAI GETZ,5,E01004923,0,-1
2021070592334,2021,070592334,3,9,0,18,19,7,3,0,0,0,0,0,0,0,1,1,6,6,2,28,6,1086,1,13,HYUNDAI GETZ,9,E01018415,0,-1
2021161032443,2021,161032443,1,9,0,18,19,3,7,0,0,0,5,0,7,9,1,1,6,6,1,26,6,1086,1,13,HYUNDAI GETZ,1,E01012875,0,-1
2021161116699,2021,161116699,2,9,0,18,19,7,3,0,0,6,1,0,0,0,1,1,6,6,2,27,6,1086,1,14,HYUNDAI GETZ,6,E01012822,0,-1
2021401066063,2021,401066063,1,9,0,18,19,5,1,0,0,0,0,0,0,0,1,1,1,1,1,37,7,1399,1,15,HYUNDAI GETZ,5,E01017525,0,-1
2021451096686,2021,451096686,2,9,0,18,19,3,7,0,0,8,0,0,0,0,4,1,5,6,2,33,6,1399,1,15,HYUNDAI GETZ,4,E01030615,0,-1
2021991022027,2021,991022027,1,9,0,16,19,6,1,0,0,0,5,0,0,0,1,1,5,6,2,68,10,1399,1,15,HYUNDAI GETZ,3,-1,0,-1
2021421046444,2021,421046444,1,9,0,7,7,3,5,0,0,2,0,0,0,0,1,1,6,6,1,91,11,1599,1,15,HYUNDAI GETZ,4,E01021707,0,-1
2021411128988,2021,411128988,1,9,0,18,19,7,3,0,0,0,0,0,0,0,1,1,2,2,1,45,7,1399,1,14,HYUNDAI GETZ,5,E01023687,0,-1
2021041076926,2021,041076926,2,9,0,4,4,1,5,0,0,0,0,0,0,0,2,1,5,6,2,75,10,1086,1,17,HYUNDAI GETZ,5,E01025252,0,-1
2021520103800,2021,520103800,1,9,0,18,19,5,1,0,0,8,0,0,0,0,1,1,6,6,1,22,5,1399,1,15,HYUNDAI GETZ,9,E01006075,0,-1
2021041101879,2021,041101879,1,9,0,7,7,1,5,0,0,6,0,0,0,0,1,1,5,6,2,37,7,1399,1,14,HYUNDAI GETZ,6,E01025402,0,-1
2021010342969,2021,010342969,2,9,0,99,99,9,9,99,99,9,9,99,9,99,3,9,6,6,3,-1,-1,1086,1,14,HYUNDAI GETZ,-1,-1,0,-1
2021010320862,2021,010320862,1,9,0,99,99,9,9,99,99,9,9,99,9,99,2,9,6,6,2,40,7,1086,1,14,HYUNDAI GETZ,4,E01033729,0,-1
2021501099259,2021,501099259,1,9,0,4,4,4,2,9,9,0,0,0,1,0,4,1,1,1,2,19,4,1086,1,14,HYUNDAI GETZ,4,E01020036,0,-1
2021010327738,2021,010327738,1,9,0,18,19,5,1,0,0,8,0,0,0,0,2,1,1,1,2,46,8,1399,1,13,HYUNDAI GETZ,3,E01033084,0,-1
2021010314480,2021,010314480,1,9,0,3,3,1,5,0,0,0,0,0,0,0,1,1,6,6,1,22,5,1341,1,18,HYUNDAI GETZ,8,E01028578,0,-1
2021451036948,2021,451036948,2,9,0,11,11,7,3,0,0,0,0,0,0,0,4,1,6,6,2,50,8,1399,1,14,HYUNDAI GETZ,4,E01004187,0,-1
2021302100409,2021,302100409,3,9,0,3,3,8,4,0,0,4,0,0,0,0,3,1,6,6,1,36,7,1493,2,17,HYUNDAI GETZ,2,E01013523,0,-1
2021320453931,2021,320453931,1,9,0,18,19,4,8,0,0,1,1,10,1,11,1,1,1,1,1,23,5,1086,1,15,HYUNDAI GETZ,7,E01026319,0,-1
2021010302295,2021,010302295,2,9,0,99,99,9,9,99,99,9,9,99,9,99,1,9,6,6,3,42,7,1086,1,16,HYUNDAI GETZ,6,E01002241,0,-1
2021010331312,2021,010331312,2,9,0,9,9,6,4,0,0,1,0,0,0,0,1,1,6,6,2,53,8,1086,1,15,HYUNDAI GETZ,-1,-1,0,-1
2021471122099,2021,471122099,1,9,0,18,19,4,8,0,0,1,0,0,0,0,1,1,5,6,1,43,7,1341,1,17,HYUNDAI GETZ,10,E01022599,0,-1
2021361016951,2021,361016951,2,9,0,18,19,4,8,0,0,0,0,0,0,0,1,1,2,2,1,31,6,1086,1,18,HYUNDAI GETZ,7,E01026528,0,-1
202106X078951,2021,06X078951,2,9,0,18,19,6,2,0,0,0,0,0,0,0,2,1,6,6,1,43,7,1399,1,14,HYUNDAI GETZ,2,E01006112,0,-1
2021201146369,2021,201146369,1,9,0,18,19,5,1,0,0,1,0,0,0,0,1,1,6,6,2,-1,-1,1086,1,13,HYUNDAI GETZ,-1,-1,0,-1
2021320402102,2021,320402102,1,9,0,18,19,1,5,0,0,2,0,0,7,0,1,1,6,6,2,20,4,1086,1,17,HYUNDAI GETZ,8,E01007661,0,-1
2021010304277,2021,010304277,1,9,0,99,99,9,9,99,99,0,9,99,9,99,2,9,6,6,2,41,7,1399,1,15,HYUNDAI GETZ,7,E01000296,0,-1
2021471022831,2021,471022831,1,9,0,17,19,4,1,9,9,1,0,0,1,11,1,1,5,6,1,18,4,1599,1,18,HYUNDAI GETZ,3,E01021037,0,-1
2021371143606,2021,371143606,1,9,0,5,5,5,3,0,0,1,0,0,0,0,0,1,2,2,1,23,5,1086,1,15,HYUNDAI GETZ,6,E01030005,0,-1
2021411103391,2021,411103391,1,9,0,18,19,7,4,0,0,0,0,0,1,0,1,1,6,6,1,83,11,1399,1,13,HYUNDAI GETZ,8,E01023709,0,-1
2021411105639,2021,411105639,1,9,0,9,9,2,6,0,0,5,0,0,0,0,1,1,2,2,1,52,8,1341,1,17,HYUNDAI GETZ,4,E01023403,0,-1
2021010293812,2021,010293812,2,9,0,7,7,5,7,0,0,8,0,0,0,0,1,1,1,1,1,31,6,1341,1,16,HYUNDAI GETZ,4,E01002677,0,-1
2021411040484,2021,411040484,1,9,0,18,19,8,4,0,0,0,0,0,1,0,2,1,5,6,2,23,5,1341,1,16,HYUNDAI GETZ,9,E01023740,0,-1
2021070051748,2021,070051748,1,9,0,18,19,1,5,0,0,1,0,0,0,0,1,1,2,2,2,42,7,1086,1,17,HYUNDAI GETZ,-1,-1,0,-1
2021471064985,2021,471064985,1,9,0,18,19,8,4,4,4,0,0,0,0,0,4,1,6,6,1,47,8,1341,1,16,HYUNDAI GETZ,5,E01016994,0,-1
2021552200043,2021,552200043,1,9,0,5,5,5,1,0,0,4,0,0,0,0,1,1,6,6,2,33,6,1086,1,15,HYUNDAI GETZ,5,E01015329,0,-1
2021211063930,2021,211063930,2,9,0,16,19,7,7,0,0,0,0,0,0,0,1,1,3,7,2,42,7,1493,2,13,HYUNDAI GETZ,1,E01014254,0,-1
2021430266898,2021,430266898,1,9,0,13,13,3,7,0,0,0,0,0,7,9,1,1,6,6,1,22,5,1086,1,16,HYUNDAI GETZ,10,E01032859,0,-1
2021411060420,2021,411060420,1,9,0,3,3,7,3,0,0,0,0,0,0,0,2,1,1,1,1,29,6,1086,1,16,HYUNDAI GETZ,10,E01023425,0,-1
2021201083545,2021,201083545,1,9,0,5,5,1,5,0,0,6,0,10,3,11,1,1,6,6,2,41,7,1341,1,17,HYUNDAI GETZ,3,E01010018,0,-1
2021010292303,2021,010292303,1,9,0,9,9,1,7,0,0,1,0,0,0,0,3,1,2,2,1,41,7,1086,1,14,HYUNDAI GETZ,8,E01001470,0,-1
2021010305394,2021,010305394,2,9,9,99,99,9,9,99,99,9,9,99,9,99,9,9,6,6,1,45,7,1341,1,17,HYUNDAI GETZ,7,E01002176,0,-1
2021546387321,2021,546387321,1,9,0,18,19,2,6,0,0,0,1,0,0,0,1,1,1,1,2,21,5,1341,1,17,HYUNDAI GETZ,4,E01022331,0,-1
2021201142033,2021,201142033,2,9,0,9,9,-1,-1,0,0,6,0,0,0,0,3,1,6,6,2,34,6,1086,1,16,HYUNDAI GETZ,2,E01010240,0,-1
2021010316827,2021,010316827,1,9,0,10,10,5,3,0,0,5,0,0,0,0,1,1,6,6,2,38,7,1399,1,14,HYUNDAI GETZ,3,E01001117,0,-1
202131C093121,2021,31C093121,1,9,0,11,11,8,4,0,0,1,0,0,0,0,4,1,6,6,3,-1,-1,1086,1,17,HYUNDAI GETZ,-1,-1,0,-1
2021052101296,2021,052101296,2,9,0,7,7,5,7,0,0,6,0,0,0,0,3,1,6,6,2,80,11,1341,1,17,HYUNDAI GETZ,2,E01006948,0,-1
2021371044547,2021,371044547,1,9,0,1,1,3,1,0,0,0,0,0,0,0,2,1,5,6,1,91,11,1341,1,18,HYUNDAI GETZ,4,E01030278,0,-1
2021461116012,2021,461116012,2,9,0,4,4,3,7,0,0,0,0,0,0,0,2,1,6,6,2,19,4,1086,1,15,HYUNDAI GETZ,5,E01033089,0,-1
2021231042791,2021,231042791,2,9,0,4,4,8,4,0,0,3,0,0,0,0,2,1,5,6,1,26,6,1341,1,16,HYUNDAI GETZ,6,E01031144,0,-1
2021451057020,2021,451057020,2,9,0,7,7,7,1,0,0,6,0,0,0,0,1,1,6,6,1,21,5,1086,1,14,HYUNDAI GETZ,10,E01030990,0,-1
2021461034880,2021,461034880,1,9,0,18,19,1,5,9,9,0,0,10,1,5,1,1,6,6,2,20,4,1086,1,16,HYUNDAI GETZ,10,E01021158,0,-1
2021010312992,2021,010312992,2,9,0,18,19,1,5,0,0,1,0,0,0,0,4,1,6,6,1,29,6,1086,1,13,HYUNDAI GETZ,3,E01016455,0,-1
2021351112862,2021,351112862,1,9,0,18,19,1,5,0,0,0,2,0,1,9,1,1,5,6,1,18,4,1399,1,14,HYUNDAI GETZ,7,E01018115,0,-1
2021451016560,2021,451016560,1,9,0,18,19,1,5,0,0,0,1,0,7,0,1,1,6,6,1,20,4,1086,1,16,HYUNDAI GETZ,8,E01030390,0,-1
2021401072550,2021,401072550,1,9,0,18,19,5,1,0,0,1,0,0,0,0,1,1,6,6,2,35,6,1086,1,17,HYUNDAI GETZ,4,E01017599,0,-1
2021211052724,2021,211052724,2,9,0,4,4,7,6,0,0,0,0,0,0,0,1,1,6,6,1,24,5,1341,1,16,HYUNDAI GETZ,-1,-1,0,-1
2021471105139,2021,471105139,1,9,0,18,19,7,3,0,0,1,0,0,0,0,1,1,6,6,2,-1,-1,1341,1,18,HYUNDAI GETZ,4,E01016882,0,-1
2021122100922,2021,122100922,1,9,0,17,19,8,4,0,0,0,0,0,1,11,1,1,2,2,1,63,9,1086,1,13,HYUNDAI GETZ,8,E01027748,0,-1
2021991101903,2021,991101903,1,9,0,12,12,8,4,0,0,7,0,0,0,0,3,1,5,6,1,32,6,1086,1,14,HYUNDAI GETZ,1,E01006692,0,-1