collision_index,collision_year,collision_ref_no,vehicle_reference,vehicle_type,towing_and_articulation,vehicle_manoeuvre_historic,vehicle_manoeuvre,vehicle_direction_from,vehicle_direction_to,vehicle_location_restricted_lane_historic,vehicle_location_restricted_lane,junction_location,skidding_and_overturning,hit_object_in_carriageway,vehicle_leaving_carriageway,hit_object_off_carriageway,first_point_of_impact,vehicle_left_hand_drive,journey_purpose_of_driver_historic,journey_purpose_of_driver,sex_of_driver,age_of_driver,age_band_of_driver,engine_capacity_cc,propulsion_code,age_of_vehicle,generic_make_model,driver_imd_decile,lsoa_of_driver,escooter_flag,driver_distance_banding
2021451104303,2021,451104303,2,9,0,18,19,2,3,0,0,6,0,0,0,0,4,1,6,6,2,32,6,-1,3,0,KIA NIRO,-1,-1,0,-1
2021161097013,2021,161097013,1,9,0,2,2,3,7,0,0,8,0,0,0,0,2,1,5,6,1,75,10,1580,8,2,KIA NIRO,7,E01013046,0,-1
2021401073094,2021,401073094,1,9,0,18,19,3,7,0,0,0,2,7,1,6,1,1,5,6,1,28,6,1580,8,0,KIA NIRO,5,E01015768,0,-1
2021010351127,2021,010351127,1,9,0,18,19,5,1,0,0,1,0,0,0,0,2,1,6,6,1,44,7,-1,3,1,KIA NIRO,2,E01003558,0,-1
2021010318053,2021,010318053,2,9,0,99,99,9,9,99,99,9,9,99,9,99,1,9,6,6,3,35,6,1580,8,2,KIA NIRO,3,E01003998,0,-1
2021461129918,2021,461129918,1,9,0,18,19,5,1,0,0,6,0,0,0,0,4,1,5,6,1,70,10,1580,8,1,KIA NIRO,3,E01024529,0,-1
2021122100370,2021,122100370,3,9,0,18,19,8,4,0,0,1,0,0,0,0,1,1,6,6,1,55,8,1580,8,1,KIA NIRO,9,E01027597,0,-1
2021481066480,2021,481066480,1,9,0,9,9,1,7,0,0,8,0,0,0,0,4,1,5,6,1,36,7,1580,8,2,KIA NIRO,2,E01003093,0,-1
2021401040147,2021,401040147,1,9,0,6,6,-1,-1,0,0,0,0,0,0,0,1,1,6,6,2,32,6,1580,8,3,KIA NIRO,4,E01015792,0,-1
2021131107448,2021,131107448,2,9,0,18,19,5,1,0,0,1,0,0,0,0,1,1,5,6,2,38,7,1580,8,2,KIA NIRO,6,E01010699,0,-1
2021451055247,2021,451055247,2,9,0,13,13,1,5,0,0,2,0,0,0,0,3,1,5,6,2,31,6,-1,3,1,KIA NIRO,4,E01001023,0,-1
2021041112366,2021,041112366,1,9,0,18,19,5,5,0,0,0,0,0,0,0,1,1,6,6,3,-1,-1,1580,8,0,KIA NIRO,-1,-1,0,-1
2021010310845,2021,010310845,4,9,0,18,19,5,1,0,0,8,0,0,0,0,3,1,6,6,1,44,7,1580,8,3,KIA NIRO,6,E01003705,0,-1
2021010321259,2021,010321259,1,9,0,18,19,3,7,0,0,1,0,0,3,11,1,1,6,6,1,52,8,1580,8,3,KIA NIRO,3,E01000312,0,-1
2021481070417,2021,481070417,1,9,0,18,19,3,7,0,0,1,0,0,0,0,4,1,1,1,1,35,6,1580,8,3,KIA NIRO,-1,-1,0,-1
2021010295134,2021,010295134,1,9,0,18,19,5,1,0,0,2,0,0,0,0,1,1,1,1,1,46,8,1580,8,2,KIA NIRO,7,E01000886,0,-1
2021052102845,2021,052102845,2,9,0,18,19,5,1,0,0,8,0,0,0,0,4,1,1,1,1,47,8,1580,8,2,KIA NIRO,1,E01006632,0,-1
2021010338337,2021,010338337,2,9,0,2,2,0,0,0,0,1,0,0,0,0,4,1,6,6,3,-1,-1,-1,3,0,KIA NIRO,-1,-1,0,-1
2021010322445,2021,010322445,1,9,0,5,5,5,1,0,0,2,0,0,0,0,1,1,6,6,1,50,8,-1,3,2,KIA NIRO,2,E01004003,0,-1
2021522103731,2021,522103731,1,9,0,1,1,5,1,0,0,0,0,0,0,0,3,1,6,6,2,49,8,-1,3,1,KIA NIRO,7,E01014858,0,-1
2021451028988,2021,451028988,2,9,0,9,9,3,5,0,0,2,0,0,0,0,3,1,5,6,2,47,8,-1,3,1,KIA NIRO,8,E01030915,0,-1
2021351121037,2021,351121037,2,9,0,4,4,5,1,0,0,0,0,0,0,0,2,1,5,6,2,70,10,1580,8,0,KIA NIRO,9,E01018119,0,-1
2021201174756,2021,201174756,1,9,0,2,2,0,0,0,0,8,0,0,0,0,2,1,6,6,1,39,7,1580,8,2,KIA NIRO,2,E01009656,0,-1
2021101199067,2021,101199067,2,9,0,4,4,8,4,0,0,0,0,0,0,0,2,1,5,6,1,65,9,1580,8,2,KIA NIRO,2,E01008575,0,-1
2021010343030,2021,010343030,2,9,0,99,99,9,9,99,99,6,9,99,9,99,1,9,6,6,1,61,9,-1,3,0,KIA NIRO,2,E01000079,0,-1
2021061109490,2021,061109490,1,8,0,16,19,5,2,0,0,0,0,0,0,0,1,1,1,1,1,34,6,1580,8,0,KIA NIRO,7,E01005771,0,-1
2021010348145,2021,010348145,1,8,0,16,19,5,1,0,0,1,0,0,0,0,1,1,6,6,1,44,7,-1,3,1,KIA NIRO,3,E01031556,0,-1
2021302101517,2021,302101517,2,9,0,3,3,8,4,0,0,4,0,0,0,0,2,1,6,6,2,65,9,-1,3,0,KIA NIRO,10,E01019604,0,-1
2021440514329,2021,440514329,2,9,0,9,9,6,2,0,0,8,0,0,0,0,1,1,6,6,1,52,8,1580,8,0,KIA NIRO,-1,-1,0,-1
2021430492629,2021,430492629,1,9,0,9,9,2,1,0,0,8,0,0,0,0,1,1,2,2,2,36,7,-1,3,1,KIA NIRO,10,E01016693,0,-1
2021010343376,2021,010343376,2,9,0,18,19,3,7,0,0,8,0,0,0,0,1,1,1,1,1,36,7,-1,3,0,KIA NIRO,3,E01004333,0,-1
2021131046197,2021,131046197,1,9,0,18,19,1,6,0,0,0,0,0,0,0,1,1,6,6,3,-1,-1,-1,3,1,KIA NIRO,-1,-1,0,-1
2021161128723,2021,161128723,2,9,0,18,19,3,7,0,0,8,0,0,0,0,1,1,2,2,1,33,6,1580,8,0,KIA NIRO,7,E01033106,0,-1
202154A812821,2021,54A812821,1,9,0,6,6,1,1,0,0,8,0,0,0,0,3,1,6,6,1,44,7,1580,8,0,KIA NIRO,10,E01015512,0,-1
2021010335401,2021,010335401,2,9,0,99,99,9,9,99,99,0,9,99,9,99,1,9,6,6,3,57,9,-1,3,1,KIA NIRO,5,E01002202,0,-1
2021010311080,2021,010311080,1,8,0,18,19,7,3,0,0,0,0,0,0,0,1,1,6,6,1,-1,-1,-1,3,1,KIA NIRO,-1,-1,0,-1
2021161117175,2021,161117175,1,9,0,4,4,1,5,0,0,1,0,0,0,0,3,1,5,6,2,36,7,-1,3,1,KIA NIRO,1,E01012858,0,-1
2021221088074,2021,221088074,1,9,0,10,10,2,8,0,0,8,0,0,0,0,2,1,5,6,1,36,7,-1,3,1,KIA NIRO,10,E01031759,0,-1
2021010348183,2021,010348183,1,9,0,4,4,5,1,0,0,1,0,0,0,0,1,1,1,1,1,57,9,-1,3,1,KIA NIRO,2,E01033737,0,-1
2021010320432,2021,010320432,2,9,9,10,10,1,7,0,0,9,0,0,0,0,9,9,6,6,1,77,11,-1,3,1,KIA NIRO,-1,-1,0,-1
2021010300741,2021,010300741,2,9,0,99,99,9,9,99,99,9,9,99,9,99,2,9,6,6,3,37,7,1580,8,2,KIA NIRO,4,E01004412,0,-1
2021010314075,2021,010314075,1,8,0,3,3,1,5,0,0,1,0,0,0,0,1,1,1,1,1,42,7,-1,3,1,KIA NIRO,3,E01003101,0,-1
2021010321287,2021,010321287,1,9,9,3,3,1,5,0,0,1,9,99,0,0,4,9,6,6,1,59,9,-1,3,1,KIA NIRO,-1,-1,0,-1
2021010347861,2021,010347861,2,9,0,18,19,1,5,0,0,6,0,0,0,0,1,1,6,6,3,-1,-1,-1,3,1,KIA NIRO,-1,-1,0,-1
2021061137027,2021,061137027,1,9,0,18,19,7,3,0,0,8,0,0,0,0,4,1,6,6,1,48,8,1580,8,1,KIA NIRO,1,E01005381,0,-1
2021430554501,2021,430554501,1,9,0,18,19,5,1,0,0,0,0,0,0,0,4,1,6,6,1,69,10,1580,8,4,KIA NIRO,8,E01000182,0,-1
2021522100757,2021,522100757,1,9,0,18,19,8,4,0,0,8,1,0,0,0,3,1,6,6,1,40,7,-1,3,1,KIA NIRO,8,E01014868,0,-1
2021221058760,2021,221058760,1,9,0,5,5,1,5,0,0,6,0,0,0,0,1,1,2,2,2,60,9,1580,8,2,KIA NIRO,3,E01014126,0,-1
2021411075160,2021,411075160,3,9,0,18,19,7,8,0,0,4,0,0,0,0,1,1,6,6,1,47,8,1580,8,3,KIA NIRO,7,E01023636,0,-1
2021052102207,2021,052102207,2,8,0,18,19,5,1,0,0,8,0,0,0,0,1,1,1,1,1,31,6,1580,8,3,KIA NIRO,1,E01006716,0,-1
2021010320255,2021,010320255,1,9,0,99,99,9,9,99,99,9,9,99,9,99,1,9,6,6,1,38,7,1580,8,1,KIA NIRO,2,E01000077,0,-1
2021461127030,2021,461127030,2,9,0,4,4,7,3,0,0,0,0,0,0,0,2,1,5,6,1,-1,-1,-1,3,1,KIA NIRO,8,E01030527,0,-1
2021440488618,2021,440488618,2,9,0,18,19,5,1,0,0,8,0,0,0,0,4,1,6,6,2,37,7,1580,8,1,KIA NIRO,7,E01023150,0,-1
2021101047023,2021,101047023,2,9,0,18,19,1,5,0,0,8,0,0,0,0,4,1,2,2,2,36,7,1580,8,0,KIA NIRO,10,E01008563,0,-1
2021052102832,2021,052102832,3,9,0,18,19,3,7,0,0,6,0,0,0,0,2,1,6,6,2,43,7,1580,8,0,KIA NIRO,6,E01007159,0,-1
2021041084433,2021,041084433,2,9,0,17,19,5,1,0,0,8,0,0,0,0,1,1,5,6,2,52,8,1580,8,0,KIA NIRO,1,E01025182,0,-1
2021010336525,2021,010336525,2,9,0,4,4,7,3,0,0,1,0,0,0,0,2,1,1,1,1,50,8,1580,8,3,KIA NIRO,8,E01001400,0,-1
2021545163421,2021,545163421,1,9,0,5,5,4,2,0,0,8,0,0,0,0,3,1,6,6,1,38,7,1580,8,3,KIA NIRO,2,E01031914,0,-1
2021010307761,2021,010307761,2,9,0,99,99,9,9,99,99,0,9,99,9,99,9,9,6,6,3,-1,-1,-1,3,1,KIA NIRO,-1,-1,0,-1
2021421055552,2021,421055552,1,9,0,11,11,3,7,0,0,0,0,0,0,0,1,1,6,6,2,38,7,1580,8,4,KIA NIRO,10,E01021965,0,-1
2021010317893,2021,010317893,1,9,0,2,2,0,0,0,0,0,0,0,0,0,1,1,6,6,3,-1,-1,1580,8,4,KIA NIRO,-1,-1,0,-1
2021031065993,2021,031065993,1,9,0,9,9,3,1,0,0,6,0,0,0,0,4,1,6,6,1,39,7,-1,3,0,KIA NIRO,2,E01019175,0,-1
2021010316787,2021,010316787,1,9,0,17,19,1,5,0,0,0,0,0,1,4,1,2,6,6,2,25,5,1580,8,0,KIA NIRO,8,E01023415,0,-1
2021010305580,2021,010305580,1,8,0,18,19,3,7,0,0,1,0,0,0,0,1,1,1,1,1,41,7,1580,8,1,KIA NIRO,2,E01001172,0,-1
2021010344070,2021,010344070,1,9,0,7,7,1,4,0,0,2,0,0,0,0,4,1,1,1,1,45,7,-1,3,0,KIA NIRO,-1,-1,0,-1
2021052101297,2021,052101297,2,9,0,18,19,3,7,0,0,0,0,0,0,0,1,1,6,6,1,62,9,1580,8,2,KIA NIRO,1,E01007010,0,-1
2021010334062,2021,010334062,2,8,0,99,99,9,9,99,99,9,9,99,9,99,1,9,6,6,3,52,8,-1,3,0,KIA NIRO,2,E01001339,0,-1
2021231046740,2021,231046740,2,9,0,4,4,1,5,0,0,0,0,0,0,0,2,1,5,6,1,71,10,1580,8,2,KIA NIRO,3,E01031058,0,-1
2021351063665,2021,351063665,2,9,0,9,9,6,4,0,0,1,0,0,0,0,4,1,2,2,1,64,9,1580,8,1,KIA NIRO,3,E01018093,0,-1
2021010352420,2021,010352420,2,8,0,99,99,9,9,99,99,0,9,99,9,99,2,9,1,1,1,28,6,-1,3,0,KIA NIRO,3,E01001244,0,-1
2021010321792,2021,010321792,1,8,0,99,99,9,9,99,99,9,9,99,9,99,2,9,1,1,1,51,8,-1,3,0,KIA NIRO,3,E01000128,0,-1
2021052101398,2021,052101398,2,9,0,18,19,7,3,0,0,1,0,0,0,0,1,1,6,6,1,63,9,-1,3,0,KIA NIRO,9,E01006592,0,-1
2021061060287,2021,061060287,1,9,0,3,3,3,7,0,0,1,0,0,0,0,2,1,5,6,2,55,8,-1,3,1,KIA NIRO,4,E01005673,0,-1
2021010340312,2021,010340312,1,9,0,18,19,1,5,0,0,8,0,0,0,0,1,1,6,6,1,42,7,1580,8,2,KIA NIRO,-1,-1,0,-1
2021010319713,2021,010319713,1,9,0,18,19,5,1,0,0,4,0,0,0,0,1,1,6,6,2,30,6,-1,3,1,KIA NIRO,10,E01000283,0,-1
202134WNC3311,2021,34WNC3311,3,9,0,3,3,2,6,0,0,0,0,0,0,0,2,1,6,6,1,63,9,1580,8,2,KIA NIRO,10,E01019787,0,-1
2021010347299,2021,010347299,2,9,0,18,19,7,3,0,0,0,0,0,0,0,4,1,6,6,1,29,6,-1,3,0,KIA NIRO,2,E01000603,0,-1
2021010305460,2021,010305460,2,9,0,99,99,9,9,99,99,9,9,99,9,99,9,9,6,6,1,52,8,1580,8,5,KIA NIRO,6,E01004216,0,-1
2021010318747,2021,010318747,1,9,0,18,19,7,3,0,0,2,0,0,0,0,1,1,6,6,1,34,6,1580,8,2,KIA NIRO,3,E01004600,0,-1
2021010340223,2021,010340223,2,8,0,99,99,9,9,99,99,9,9,99,9,99,1,9,6,6,3,-1,-1,1580,8,1,KIA NIRO,-1,-1,0,-1
2021010342499,2021,010342499,1,9,0,4,4,8,4,0,0,0,0,0,0,0,0,1,1,1,1,41,7,1580,8,3,KIA NIRO,4,E01000331,0,-1
2021010331715,2021,010331715,1,9,0,9,9,3,8,0,0,6,0,0,0,0,4,1,1,1,1,45,7,-1,3,0,KIA NIRO,5,E01000619,0,-1
2021010345686,2021,010345686,2,9,0,99,99,9,9,99,99,9,9,99,9,99,9,9,6,6,3,-1,-1,1580,8,2,KIA NIRO,-1,-1,0,-1
202134NNC3021,2021,34NNC3021,1,9,0,15,15,1,5,0,0,1,0,0,0,0,1,1,6,6,1,61,9,1580,8,5,KIA NIRO,9,E01025809,0,-1
2021471116791,2021,471116791,2,9,0,18,19,8,4,0,0,1,0,0,0,0,1,1,5,6,2,59,9,1580,8,2,KIA NIRO,10,E01021210,0,-1
2021544166021,2021,544166021,1,9,0,18,19,5,1,0,0,1,5,0,4,1,1,1,6,6,1,88,11,1580,8,2,KIA NIRO,10,E01032700,0,-1
2021061099042,2021,061099042,4,9,0,18,19,7,3,0,0,0,0,0,0,0,2,1,6,6,1,56,9,-1,3,1,KIA NIRO,10,E01006062,0,-1
2021010313117,2021,010313117,2,9,0,10,10,8,6,0,0,1,0,0,0,0,0,1,6,6,1,29,6,-1,3,2,KIA NIRO,5,E01002183,0,-1
2021211107594,2021,211107594,1,9,-1,-1,-1,4,1,-1,-1,-1,-1,-1,-1,0,-1,1,6,6,2,-1,-1,1580,8,2,KIA NIRO,10,E01029442,0,-1
2021201133490,2021,201133490,1,9,0,9,9,8,6,0,0,6,0,0,0,0,4,1,6,6,1,74,10,1580,8,0,KIA NIRO,3,E01009781,0,-1
2021010296963,2021,010296963,1,9,0,7,7,5,7,0,0,1,0,0,0,0,1,1,6,6,2,38,7,1580,8,4,KIA NIRO,8,E01002109,0,-1
2021010313886,2021,010313886,1,9,0,13,13,2,6,0,0,3,0,11,0,0,1,1,6,6,1,19,4,1580,8,1,KIA NIRO,5,E01003342,0,-1
2021010319581,2021,010319581,1,9,0,6,6,3,3,0,0,0,0,0,0,0,3,1,1,1,1,40,7,1580,8,3,KIA NIRO,4,E01003231,0,-1
2021010300184,2021,010300184,1,9,0,14,14,6,2,0,0,0,0,0,0,0,1,1,6,6,1,26,6,1580,8,1,KIA NIRO,3,E01016012,0,-1
2021122100741,2021,122100741,2,9,0,18,19,7,3,0,0,4,0,0,0,0,4,1,6,6,1,50,8,-1,3,1,KIA NIRO,7,E01013442,0,-1
2021010351950,2021,010351950,2,9,0,18,19,1,5,0,0,0,0,0,1,0,1,1,6,6,1,58,9,1580,8,1,KIA NIRO,6,E01015671,0,-1
2021991064287,2021,991064287,1,9,0,18,19,7,2,0,0,8,1,0,0,0,1,1,1,1,1,29,6,-1,3,0,KIA NIRO,6,-1,0,-1
2021401118219,2021,401118219,2,9,0,3,3,5,1,0,0,4,0,0,0,0,2,1,5,6,2,41,7,1580,8,4,KIA NIRO,4,E01015750,0,-1
2021010319897,2021,010319897,1,9,0,18,19,7,3,0,0,0,0,0,0,0,1,1,1,1,1,41,7,1580,8,3,KIA NIRO,8,E01004103,0,-1
2021471112924,2021,471112924,3,9,0,2,2,0,0,0,0,0,0,0,0,0,2,1,6,6,3,-1,-1,1580,8,1,KIA NIRO,-1,-1,0,-1
2021430134195,2021,430134195,2,9,0,18,19,2,6,0,0,0,0,0,0,0,2,1,6,6,1,45,7,-1,3,1,KIA NIRO,10,E01028655,0,-1
2021141124759,2021,141124759,1,9,0,18,19,8,4,0,0,0,0,0,0,0,3,1,5,6,1,64,9,1580,8,0,KIA NIRO,1,E01007822,0,-1
2021010349638,2021,010349638,1,9,0,99,99,9,9,99,99,9,9,99,9,99,9,9,6,6,2,21,5,1580,8,0,KIA NIRO,3,E01001629,0,-1
2021991116518,2021,991116518,1,9,0,9,9,5,2,0,0,1,0,0,0,0,1,1,5,6,1,66,10,1580,8,2,KIA NIRO,6,-1,0,-1
2021010322051,2021,010322051,2,9,0,99,99,9,9,99,99,9,9,99,9,99,9,9,6,6,3,24,5,2995,1,16,LEXUS GS 300,5,E01002625,0,-1
2021201056357,2021,201056357,1,9,0,18,19,8,4,0,0,0,0,0,0,0,1,1,2,2,1,37,7,2995,1,15,LEXUS GS 300,6,E01009523,0,-1
2021371051815,2021,371051815,1,9,0,9,9,7,5,0,0,1,0,0,0,0,4,1,5,6,2,28,6,2995,1,15,LEXUS GS 300,6,E01033453,0,-1
2021991095609,2021,991095609,3,9,0,3,3,3,7,0,0,1,0,0,0,0,3,1,6,6,1,59,9,2995,1,16,LEXUS GS 300,3,-1,0,-1
2021548002221,2021,548002221,2,9,0,18,19,1,5,0,0,8,0,0,4,0,1,1,6,6,1,30,6,2995,1,16,LEXUS GS 300,9,E01032713,0,-1
2021531091897,2021,531091897,2,9,0,17,19,5,1,0,0,0,0,0,1,0,2,1,5,6,1,51,8,2995,1,14,LEXUS GS 300,8,E01031885,0,-1
2021010346355,2021,010346355,2,9,0,18,19,7,3,0,0,8,0,0,0,0,1,1,6,6,1,45,7,2494,8,6,LEXUS GS 300,2,E01002056,0,-1
2021131036032,2021,131036032,1,9,0,5,5,6,2,0,0,1,0,0,0,0,0,1,1,1,1,44,7,2494,8,5,LEXUS GS 300,1,E01010965,0,-1
2021010321202,2021,010321202,2,9,0,99,99,9,9,99,99,9,9,99,9,99,1,9,6,6,3,76,11,2997,1,18,LEXUS GS 300,3,E01001804,0,-1
2021430345989,2021,430345989,2,9,0,17,19,4,1,0,0,0,0,0,0,0,1,1,6,6,1,48,8,2493,8,7,LEXUS GS 300,6,E01017852,0,-1
2021471056582,2021,471056582,1,9,0,9,9,7,4,0,0,5,0,0,0,0,0,1,6,6,1,73,10,2995,1,16,LEXUS GS 300,9,E01003271,0,-1
2021010327642,2021,010327642,2,9,0,18,19,1,5,0,0,1,0,0,0,0,1,1,1,1,1,62,9,2494,8,5,LEXUS GS 300,7,E01023589,0,-1
2021991114757,2021,991114757,1,9,0,12,12,7,3,0,0,0,0,0,0,0,3,1,2,2,1,52,8,1998,1,5,-1,5,-1,0,-1
2021201145694,2021,201145694,2,3,0,18,19,1,5,0,0,0,0,0,0,0,1,1,2,2,1,23,5,124,1,8,-1,2,E01009505,0,-1
2021111057367,2021,111057367,1,2,0,18,19,3,7,0,0,0,0,12,1,0,1,1,2,2,1,62,9,125,1,1,-1,1,E01012000,0,-1
2021461085162,2021,461085162,1,3,0,18,19,1,5,0,0,0,0,0,0,0,4,1,6,6,1,58,9,125,1,0,-1,1,E01024615,0,-1
2021545120821,2021,545120821,2,2,0,3,3,4,8,0,0,1,0,0,0,0,2,1,6,6,2,50,8,49,1,1,-1,6,E01032119,0,-1
2021101128060,2021,101128060,2,2,0,18,19,6,6,0,0,3,1,0,0,0,1,1,6,6,1,17,4,49,1,1,-1,9,E01027379,0,-1
2021170S31361,2021,170S31361,1,9,0,7,7,5,7,0,0,8,0,0,0,0,1,1,6,6,1,66,10,999,1,11,SMART FORTWO,-1,-1,0,-1
2021170S32021,2021,170S32021,1,9,0,18,19,5,1,0,0,0,0,0,0,0,3,1,6,6,1,75,10,698,1,17,SMART FORTWO,6,E01012290,0,-1
2021010294958,2021,010294958,2,9,0,18,19,3,7,99,99,0,9,99,0,0,2,9,6,6,3,-1,-1,999,1,5,SMART FORTWO,-1,-1,0,-1
2021411084240,2021,411084240,1,9,0,18,19,2,6,0,0,0,0,0,0,0,1,1,6,6,1,22,5,999,1,12,SMART FORTWO,5,E01023737,0,-1
2021471120712,2021,471120712,2,9,0,2,2,0,0,6,6,0,0,0,0,0,2,1,6,6,3,-1,-1,799,2,9,SMART FORTWO,-1,-1,0,-1
2021010314320,2021,010314320,3,9,0,99,99,9,9,0,0,0,0,0,0,0,2,9,6,6,3,-1,-1,999,1,10,SMART FORTWO,6,E01002567,0,-1
2021231110153,2021,231110153,1,9,0,5,5,1,5,0,0,0,0,0,0,0,3,1,5,6,1,22,5,999,1,7,SMART FORTWO,5,E01031266,0,-1
2021010300814,2021,010300814,2,9,0,5,5,1,5,0,0,2,0,0,0,0,1,1,6,6,1,25,5,999,1,8,SMART FORTWO,2,E01001712,0,-1
2021010312776,2021,010312776,1,9,0,9,9,2,7,5,5,8,0,0,0,0,4,1,2,2,1,37,7,898,1,6,SMART FORTWO,3,E01002100,0,-1
2021421021754,2021,421021754,1,9,0,17,19,7,3,0,0,0,2,0,1,0,4,1,2,2,2,57,9,999,1,8,SMART FORTWO,7,E01001538,0,-1
2021440451815,2021,440451815,1,9,0,18,19,8,4,0,0,0,0,0,0,0,1,1,6,6,1,46,8,698,1,16,SMART FORTWO,8,E01023249,0,-1
2021320734812,2021,320734812,1,9,0,12,12,6,2,0,0,2,0,0,7,8,1,1,6,6,1,18,4,799,2,9,SMART FORTWO,8,E01026269,0,-1
2021401125667,2021,401125667,1,9,0,18,19,7,3,0,0,0,2,0,1,0,4,1,2,2,1,49,8,799,2,9,SMART FORTWO,9,E01016750,0,-1
2021010312415,2021,010312415,1,9,0,17,19,7,3,6,6,7,0,0,0,0,1,1,6,6,1,55,8,898,1,5,SMART FORTWO,5,E01001091,0,-1
2021010323443,2021,010323443,2,9,0,2,2,0,0,0,0,0,0,0,7,0,2,1,6,6,3,-1,-1,999,1,8,SMART FORTWO,-1,-1,0,-1
2021131062392,2021,131062392,2,9,0,18,19,7,3,0,0,0,1,0,0,0,2,1,5,6,1,52,8,999,1,3,SMART FORTWO,8,E01012373,0,-1
2021440206401,2021,440206401,1,9,0,9,9,8,4,0,0,8,0,0,7,11,3,1,6,6,2,55,8,999,1,13,SMART FORTWO,3,E01017189,0,-1
2021552100379,2021,552100379,1,9,0,18,19,6,2,0,0,0,0,0,0,0,1,1,6,6,2,57,9,999,1,8,SMART FORTWO,3,E01033242,0,-1
2021010340071,2021,010340071,2,9,0,18,19,5,1,0,0,1,0,0,0,0,1,1,6,6,1,33,6,999,1,8,SMART FORTWO,9,E01003860,0,-1
2021010310973,2021,010310973,2,9,0,18,19,5,1,0,0,8,0,0,0,0,1,1,6,6,1,41,7,999,1,13,SMART FORTWO,3,E01000333,0,-1
2021010324319,2021,010324319,1,9,0,18,19,7,3,0,0,0,0,0,0,0,0,1,6,6,1,58,9,999,1,14,SMART FORTWO,3,E01001479,0,-1
2021201148735,2021,201148735,1,9,0,18,19,4,8,0,0,8,0,10,1,10,1,1,6,6,1,32,6,698,1,16,SMART FORTWO,1,E01009259,0,-1
2021010299339,2021,010299339,2,9,0,7,7,5,7,99,99,1,9,99,0,0,4,1,6,6,3,-1,-1,799,2,8,SMART FORTWO,-1,-1,0,-1
2021201083109,2021,201083109,1,9,0,4,4,-1,-1,0,0,0,1,10,0,0,2,1,1,1,1,37,7,799,2,11,SMART FORTWO,1,E01008882,0,-1
202154C689621,2021,54C689621,1,9,0,9,9,7,5,0,0,1,0,0,0,0,3,1,6,6,1,19,4,999,1,11,SMART FORTWO,6,E01032091,0,-1
2021421084134,2021,421084134,2,9,0,18,19,2,5,0,0,1,0,0,0,0,1,1,5,6,2,54,8,898,1,3,SMART FORTWO,5,E01021770,0,-1
2021010335263,2021,010335263,1,9,0,9,9,3,1,0,0,6,0,0,0,0,1,1,6,6,2,36,7,999,1,8,SMART FORTWO,6,E01001275,0,-1
2021010303546,2021,010303546,2,9,0,14,14,1,5,0,0,4,5,0,0,0,4,1,6,6,1,20,4,898,1,2,SMART FORTWO,8,E01021766,0,-1
2021411098383,2021,411098383,2,9,0,18,19,3,7,0,0,1,0,0,0,0,1,1,3,7,2,23,5,999,1,8,SMART FORTWO,3,E01023326,0,-1
2021231098226,2021,231098226,1,9,0,18,19,3,6,0,0,0,0,4,7,0,0,1,5,6,1,27,6,999,1,11,SMART FORTWO,3,E01031264,0,-1
2021461124587,2021,461124587,2,9,0,18,19,5,1,0,0,1,0,0,0,0,1,1,5,6,2,68,10,999,1,12,SMART FORTWO,7,E01024630,0,-1
2021010295184,2021,010295184,2,9,0,99,99,9,9,99,99,9,9,99,9,99,1,9,6,6,3,-1,-1,799,2,8,SMART FORTWO,-1,-1,0,-1
2021061044093,2021,061044093,1,9,0,18,19,1,5,0,0,0,0,0,0,0,1,1,6,6,1,27,6,999,1,5,SMART FORTWO,2,E01005337,0,-1
2021451028205,2021,451028205,2,9,0,18,19,3,8,0,0,0,0,0,0,0,2,1,3,7,2,49,8,999,1,3,SMART FORTWO,5,E01030739,0,-1
2021010325910,2021,010325910,2,9,0,99,99,9,9,99,99,9,9,99,9,99,1,9,6,6,3,-1,-1,999,1,5,SMART FORTWO,-1,-1,0,-1
2021141063512,2021,141063512,2,9,0,12,12,1,5,0,0,8,0,0,0,0,4,1,6,6,1,54,8,799,2,10,SMART FORTWO,9,E01026396,0,-1
2021061136898,2021,061136898,1,9,0,5,5,5,1,0,0,0,0,0,0,0,4,1,6,6,1,22,5,799,2,11,SMART FORTWO,8,E01018348,0,-1
2021991050968,2021,991050968,1,9,0,18,19,7,3,0,0,0,0,0,0,0,1,1,1,1,1,59,9,999,1,3,SMART FORTWO,10,-1,0,-1
2021471073751,2021,471073751,3,9,0,18,19,1,5,0,0,0,0,0,0,0,2,1,2,2,2,53,8,999,1,8,SMART FORTWO,7,E01031351,0,-1
2021430280357,2021,430280357,2,9,0,18,19,5,1,0,0,0,0,0,0,0,4,1,1,1,2,40,7,999,1,8,SMART FORTWO,4,E01016448,0,-1
2021010310326,2021,010310326,1,9,0,1,1,7,3,0,0,1,0,0,0,0,1,1,6,6,1,70,10,999,1,8,SMART FORTWO,8,E01021766,0,-1
2021451055018,2021,451055018,2,9,0,9,9,1,3,0,0,8,0,0,0,0,4,1,6,6,2,30,6,999,1,11,SMART FORTWO,8,E01030393,0,-1
2021111073033,2021,111073033,1,9,0,12,12,5,1,0,0,0,0,0,0,0,2,1,6,6,1,76,11,999,1,13,SMART FORTWO,7,E01020905,0,-1
2021421105833,2021,421105833,1,9,0,18,19,3,7,0,0,0,5,0,3,1,1,1,6,6,2,63,9,999,1,10,SMART FORTWO,3,E01002375,0,-1