collision_index,collision_year,collision_ref_no,vehicle_reference,vehicle_type,towing_and_articulation,vehicle_manoeuvre_historic,vehicle_manoeuvre,vehicle_direction_from,vehicle_direction_to,vehicle_location_restricted_lane_historic,vehicle_location_restricted_lane,junction_location,skidding_and_overturning,hit_object_in_carriageway,vehicle_leaving_carriageway,hit_object_off_carriageway,first_point_of_impact,vehicle_left_hand_drive,journey_purpose_of_driver_historic,journey_purpose_of_driver,sex_of_driver,age_of_driver,age_band_of_driver,engine_capacity_cc,propulsion_code,age_of_vehicle,generic_make_model,driver_imd_decile,lsoa_of_driver,escooter_flag,driver_distance_banding
2021451052717,2021,451052717,1,9,0,18,19,7,3,0,0,1,0,0,0,0,1,1,5,6,2,65,9,999,1,6,SMART FORTWO,9,E01002967,0,-1
2021141057409,2021,141057409,1,9,0,18,19,7,3,0,0,1,0,0,0,0,3,1,5,6,1,66,10,898,1,5,SMART FORTWO,9,E01007984,0,-1
2021122101427,2021,122101427,1,9,0,5,5,2,6,8,6,0,0,0,1,9,4,1,6,6,1,37,7,999,1,8,SMART FORTWO,3,E01027833,0,-1
2021010287148,2021,010287148,3,9,0,2,2,0,0,0,0,1,0,0,0,0,2,1,6,6,3,-1,-1,-1,3,1,SMART FORTWO,-1,-1,0,-1
2021010338790,2021,010338790,2,9,0,99,99,9,9,99,99,9,9,99,9,99,1,9,6,6,3,43,7,999,1,7,SMART FORTWO,5,E01001068,0,-1
2021010291508,2021,010291508,1,9,0,8,8,1,3,0,0,4,0,0,0,0,1,1,2,2,1,25,5,999,1,7,SMART FORTWO,3,E01000622,0,-1
2021411094559,2021,411094559,1,9,0,7,7,-1,-1,0,0,3,0,0,0,0,4,1,6,6,1,-1,-1,698,1,16,SMART FORTWO,-1,-1,0,-1
2021501150475,2021,501150475,2,9,0,18,19,5,1,0,0,1,0,0,0,0,1,1,5,6,2,50,8,999,1,11,SMART FORTWO,8,E01019015,0,-1
2021010332662,2021,010332662,1,9,0,16,19,3,7,0,0,1,0,0,0,0,3,1,6,6,2,35,6,999,1,4,SMART FORTWO,10,E01030377,0,-1
2021010298022,2021,010298022,1,9,0,18,19,7,3,0,0,0,0,0,0,0,1,1,6,6,1,28,6,-1,3,1,SMART FORTWO,7,E01000198,0,-1
2021421026096,2021,421026096,2,9,0,18,19,1,4,0,0,1,0,0,0,0,2,1,5,6,2,50,8,999,1,7,SMART FORTWO,6,E01021542,0,-1
2021010337977,2021,010337977,1,9,0,99,99,9,9,99,99,9,9,99,9,99,2,9,6,6,1,65,9,999,1,8,SMART FORTWO,4,E01001635,0,-1
2021421083146,2021,421083146,1,9,0,18,19,1,5,0,0,0,1,0,1,11,3,1,5,6,1,29,6,898,1,3,SMART FORTWO,7,E01021792,0,-1
2021411071428,2021,411071428,3,9,0,3,3,1,5,0,0,0,0,0,0,0,2,1,6,6,1,26,6,999,1,9,SMART FORTWO,9,E01023292,0,-1
202131B127121,2021,31B127121,2,9,0,4,4,8,4,0,0,2,0,0,0,0,2,1,2,2,1,33,6,799,2,12,SMART FORTWO,-1,-1,0,-1
2021010342288,2021,010342288,2,9,0,18,19,1,5,0,0,8,0,0,0,0,4,1,6,6,1,44,7,799,2,9,SMART FORTWO,3,E01002133,0,-1
2021010324717,2021,010324717,3,9,0,18,19,5,1,0,0,1,5,4,0,0,1,1,2,2,1,50,8,999,1,14,SMART FORTWO,8,E01003670,0,-1
2021010350886,2021,010350886,2,9,0,99,99,9,9,99,99,0,0,99,9,0,9,1,6,6,3,-1,-1,999,1,13,SMART FORTWO,-1,-1,0,-1
2021010342241,2021,010342241,1,9,0,18,19,5,1,0,0,4,0,0,0,0,1,1,6,6,1,17,4,999,1,9,SMART FORTWO,3,E01002547,0,-1
2021010313240,2021,010313240,2,9,0,3,3,5,1,0,0,1,0,0,1,1,2,1,6,6,1,52,8,999,1,9,SMART FORTWO,-1,-1,0,-1
2021010307215,2021,010307215,1,9,0,13,13,5,1,0,0,2,1,0,0,0,1,1,6,6,1,24,5,898,1,5,SMART FORTWO,8,E01030450,0,-1
2021010310267,2021,010310267,1,9,0,18,19,7,3,9,9,7,0,0,3,0,1,1,6,6,2,33,6,898,1,5,SMART FORTWO,5,E01000468,0,-1
2021010351498,2021,010351498,1,9,0,4,4,1,5,0,0,1,0,0,0,0,2,1,6,6,2,50,8,799,2,12,SMART FORTWO,10,E01000753,0,-1
2021010324900,2021,010324900,1,9,0,18,19,1,5,0,0,0,0,0,1,11,1,1,2,2,1,28,6,999,1,9,SMART FORTWO,2,E01001246,0,-1
2021010336249,2021,010336249,2,9,0,99,99,9,9,99,99,9,9,99,9,99,9,9,6,6,3,30,6,999,1,2,SMART FORTWO,4,E01001002,0,-1
2021320643184,2021,320643184,2,9,0,18,19,1,5,0,0,8,0,0,0,0,1,1,6,6,1,77,11,799,2,10,SMART FORTWO,7,E01026397,0,-1
2021041027482,2021,041027482,4,9,0,18,19,7,3,0,0,1,0,0,0,0,1,1,5,6,1,77,11,799,2,12,SMART FORTWO,3,E01025368,0,-1
2021010301622,2021,010301622,1,9,0,18,19,7,3,0,0,4,0,0,0,0,3,1,6,6,2,64,9,999,1,11,SMART FORTWO,5,E01003787,0,-1
2021010337192,2021,010337192,1,9,9,18,19,1,5,99,99,9,9,99,9,99,9,1,6,6,3,-1,-1,999,1,3,SMART FORTWO,-1,-1,0,-1
2021430111840,2021,430111840,1,9,0,18,19,3,7,0,0,0,0,0,2,11,1,1,6,6,2,64,9,898,1,3,SMART FORTWO,8,E01031873,0,-1
2021440168710,2021,440168710,4,9,0,18,19,0,0,0,0,0,0,0,0,0,1,1,6,6,3,-1,-1,999,1,10,SMART FORTWO,-1,-1,0,-1
2021010288416,2021,010288416,2,9,0,99,99,9,9,99,99,9,9,99,9,99,9,9,6,6,3,-1,-1,698,1,14,SMART FORTWO,-1,-1,0,-1
2021010345046,2021,010345046,2,9,0,99,99,9,9,99,99,9,9,99,9,99,9,9,6,6,3,-1,-1,999,1,9,SMART FORTWO,4,E01001855,0,-1
2021010352416,2021,010352416,2,9,0,99,99,9,9,99,99,9,9,99,9,99,0,9,6,6,3,-1,-1,999,1,13,SMART FORTWO,-1,-1,0,-1
2021010293051,2021,010293051,1,9,0,99,99,9,9,99,99,0,9,99,9,99,3,9,2,2,1,33,6,999,1,2,SMART FORTWO,6,E01002293,0,-1
2021010306427,2021,010306427,1,9,0,18,19,3,7,0,0,1,0,0,0,0,1,1,6,6,1,20,4,999,1,14,SMART FORTWO,1,E01001458,0,-1
2021061034893,2021,061034893,2,9,0,18,19,3,7,0,0,8,0,0,7,0,4,1,2,2,1,35,6,999,1,11,SMART FORTWO,3,E01033664,0,-1
2021010304164,2021,010304164,1,9,0,18,19,7,3,0,0,1,0,0,0,0,1,1,2,2,1,55,8,799,2,9,SMART FORTWO,-1,-1,0,-1
2021231095491,2021,231095491,1,9,0,18,19,6,2,0,0,0,5,0,0,0,1,1,5,6,1,77,11,999,1,13,SMART FORTWO,1,E01033697,0,-1
2021010343896,2021,010343896,2,9,0,9,9,1,7,0,0,6,1,0,0,0,2,1,6,6,2,40,7,999,1,11,SMART FORTWO,-1,-1,0,-1
2021010324567,2021,010324567,4,9,0,2,2,0,0,0,0,0,0,0,0,0,1,1,6,6,3,-1,-1,999,1,11,SMART FORTWO,-1,-1,0,-1
2021010300593,2021,010300593,3,9,0,5,5,7,3,0,0,8,0,0,0,0,1,1,2,2,2,35,6,898,1,2,SMART FORTWO,8,E01002418,0,-1
2021010331168,2021,010331168,2,9,0,99,99,9,9,99,99,0,9,99,9,99,4,9,6,6,3,-1,-1,-1,3,4,SMART FORTWO,-1,-1,0,-1
2021010297460,2021,010297460,3,9,0,3,3,7,3,0,0,3,0,0,0,0,0,1,2,2,1,30,6,999,1,11,SMART FORTWO,8,E01002206,0,-1
2021101047247,2021,101047247,2,9,0,18,19,6,6,0,0,0,0,0,0,0,2,1,6,6,1,56,9,698,1,16,SMART FORTWO,3,E01020591,0,-1
2021471111752,2021,471111752,2,9,0,9,9,8,6,0,0,1,0,0,0,0,1,1,1,1,1,43,7,799,2,10,SMART FORTWO,5,E01021074,0,-1
2021221012298,2021,221012298,2,9,-1,18,19,1,5,0,0,0,0,0,0,0,3,1,2,2,1,-1,-1,999,1,6,SMART FORTWO,7,E01031253,0,-1
2021451064775,2021,451064775,1,9,0,18,19,1,5,0,0,0,0,0,0,0,1,1,5,6,2,72,10,999,1,8,SMART FORTWO,10,E01030365,0,-1
2021421051522,2021,421051522,3,9,0,4,4,2,6,0,0,1,0,0,0,0,2,1,5,6,1,38,7,999,1,8,SMART FORTWO,4,E01021790,0,-1
2021122101206,2021,122101206,1,9,0,8,8,2,6,0,0,1,0,0,0,0,2,1,6,6,1,62,9,999,1,12,SMART FORTWO,7,E01027799,0,-1
2021421101842,2021,421101842,1,9,0,18,19,5,1,0,0,0,0,0,1,0,1,1,5,6,2,78,11,999,1,5,SMART FORTWO,5,E01021399,0,-1
2021411105681,2021,411105681,2,9,0,4,4,1,5,0,0,0,0,0,0,0,2,1,1,1,1,35,6,898,1,4,SMART FORTWO,9,E01017603,0,-1
2021522104285,2021,522104285,2,9,0,18,19,5,1,0,0,1,0,0,0,0,1,1,6,6,1,44,7,799,2,11,SMART FORTWO,1,E01014726,0,-1
2021010331311,2021,010331311,2,9,9,99,99,9,9,0,0,1,9,99,0,0,9,9,6,6,1,65,9,-1,3,1,SMART FORTWO,5,E01004647,0,-1
2021451075443,2021,451075443,2,9,0,2,2,0,0,0,0,0,0,0,0,0,3,1,6,6,3,-1,-1,999,1,7,SMART FORTWO,-1,-1,0,-1
2021010300173,2021,010300173,2,9,0,18,19,6,2,0,0,1,0,4,0,0,1,1,6,6,1,20,4,898,1,5,SMART FORTWO,-1,-1,0,-1
2021010351208,2021,010351208,1,9,4,4,4,3,7,0,0,1,0,0,0,0,2,1,6,6,1,51,8,698,1,17,SMART FORTWO,8,E01003446,0,-1
2021440339226,2021,440339226,2,9,0,18,19,3,7,0,0,1,0,0,0,0,1,1,6,6,2,84,11,999,1,10,SMART FORTWO,5,E01023011,0,-1
2021010340065,2021,010340065,1,9,0,18,19,8,4,0,0,0,0,0,0,0,2,1,6,6,1,40,7,999,1,8,SMART FORTWO,2,E01000743,0,-1
2021411063648,2021,411063648,2,9,0,5,5,5,8,0,0,4,0,0,0,0,1,1,5,6,1,31,6,999,1,13,SMART FORTWO,3,E01023310,0,-1
2021522101878,2021,522101878,2,9,0,4,4,1,5,0,0,1,0,0,0,0,2,1,6,6,2,67,10,999,1,8,SMART FORTWO,7,E01014905,0,-1
2021010344864,2021,010344864,2,9,0,99,99,9,9,99,99,9,9,99,9,99,9,9,6,6,3,-1,-1,999,1,11,SMART FORTWO,-1,-1,0,-1
2021010289099,2021,010289099,1,9,0,18,19,5,1,0,0,0,0,0,0,0,1,1,2,2,1,31,6,999,1,9,SMART FORTWO,-1,-1,0,-1
2021411125358,2021,411125358,1,9,0,3,3,1,5,0,0,4,0,0,0,0,2,1,6,6,1,40,7,999,1,7,SMART FORTWO,9,E01023910,0,-1
2021501134761,2021,501134761,2,9,0,17,19,5,1,0,0,1,0,0,0,0,1,1,2,2,1,47,8,999,1,12,SMART FORTWO,9,E01029315,0,-1
2021451081937,2021,451081937,1,9,0,16,19,5,2,0,0,0,0,0,8,11,1,1,5,6,2,25,5,999,1,8,SMART FORTWO,9,E01030835,0,-1
2021010345218,2021,010345218,1,9,0,99,99,9,9,0,0,8,0,0,0,0,4,1,6,6,2,51,8,698,1,17,SMART FORTWO,2,E01016295,0,-1
2021041127683,2021,041127683,1,9,0,6,6,5,1,0,0,0,0,0,0,0,1,1,5,6,1,71,10,999,1,12,SMART FORTWO,3,E01025442,0,-1
2021010314367,2021,010314367,1,9,0,18,19,5,1,0,0,1,0,0,0,0,3,1,2,2,2,27,6,999,1,10,SMART FORTWO,8,E01030860,0,-1
2021440105429,2021,440105429,1,9,0,13,13,2,6,0,0,1,0,0,0,0,1,1,6,6,2,54,8,999,1,7,SMART FORTWO,5,E01023027,0,-1
2021552101175,2021,552101175,3,9,0,16,19,7,3,0,0,0,0,0,0,0,2,1,6,6,1,52,8,999,1,13,SMART FORTWO,7,E01020429,0,-1
2021010300758,2021,010300758,3,9,0,10,10,1,7,0,0,1,0,0,0,0,2,1,6,6,2,41,7,898,1,4,SMART FORTWO,2,E01000007,0,-1
2021010317300,2021,010317300,2,9,0,18,19,7,3,0,0,0,0,0,0,0,1,1,6,6,2,39,7,799,2,12,SMART FORTWO,2,E01032562,0,-1
2021010325216,2021,010325216,1,9,0,18,19,1,5,0,0,8,0,0,0,0,1,1,6,6,1,22,5,898,1,5,SMART FORTWO,4,E01003672,0,-1
2021440012301,2021,440012301,1,9,0,5,5,5,1,0,0,8,0,0,0,0,1,1,6,6,2,32,6,999,1,11,SMART FORTWO,2,E01017106,0,-1
2021010342374,2021,010342374,2,9,0,99,99,9,9,0,0,0,9,99,9,99,1,9,6,6,3,-1,-1,-1,3,1,SMART FORTWO,9,E01030672,0,-1
2021010288127,2021,010288127,5,9,0,18,19,7,3,0,0,0,0,0,0,0,0,1,6,6,1,31,6,999,1,10,SMART FORTWO,2,E01002078,0,-1
2021010288027,2021,010288027,1,9,0,18,19,1,5,0,0,0,0,0,0,0,2,2,6,6,2,33,6,999,1,3,SMART FORTWO,10,E01021780,0,-1
2021430210883,2021,430210883,2,9,0,3,3,5,1,0,0,0,0,0,0,0,2,1,6,6,1,43,7,999,1,13,SMART FORTWO,-1,-1,0,-1
2021010299115,2021,010299115,2,9,0,99,99,9,9,99,99,9,9,99,9,99,2,9,6,6,3,-1,-1,999,1,13,SMART FORTWO,-1,-1,0,-1
2021010345072,2021,010345072,1,9,0,18,19,7,3,0,0,8,0,0,0,0,3,1,6,6,2,40,7,999,1,8,SMART FORTWO,1,E01004722,0,-1
2021010300229,2021,010300229,2,9,0,99,99,9,9,99,99,0,9,99,9,99,9,9,6,6,3,-1,-1,698,1,16,SMART FORTWO,-1,-1,0,-1
2021010328430,2021,010328430,2,9,0,99,99,9,9,99,99,9,9,99,9,99,1,9,6,6,3,-1,-1,799,2,10,SMART FORTWO,5,E01023295,0,-1
202106L079029,2021,06L079029,2,9,0,16,19,4,8,0,0,8,0,0,0,0,0,1,1,1,1,30,6,999,1,4,SMART FORTWO,-1,-1,0,-1
2021430266652,2021,430266652,3,9,0,2,2,0,0,0,0,0,0,0,0,0,2,1,6,6,1,-1,-1,999,1,12,SMART FORTWO,-1,-1,0,-1
2021461029054,2021,461029054,2,9,0,18,19,3,7,0,0,1,0,0,0,0,3,1,6,6,1,68,10,999,1,13,SMART FORTWO,4,E01024528,0,-1
2021010317221,2021,010317221,1,9,0,5,5,5,1,0,0,1,0,0,0,0,2,1,6,6,2,27,6,999,1,12,SMART FORTWO,1,E01002715,0,-1
2021440487718,2021,440487718,2,9,0,9,9,5,3,0,0,8,0,0,0,0,3,1,6,6,2,53,8,999,1,4,SMART FORTWO,6,E01022657,0,-1
2021010334753,2021,010334753,2,9,0,99,99,9,9,99,99,9,9,99,9,99,1,9,6,6,1,23,5,999,1,2,SMART FORTWO,6,E01000166,0,-1
2021010318643,2021,010318643,1,9,0,9,9,4,1,0,0,2,0,0,0,0,1,1,6,6,2,19,4,999,1,4,SMART FORTWO,5,E01033494,0,-1
2021320265270,2021,320265270,1,9,0,17,19,2,6,0,0,0,5,0,1,4,4,1,6,6,1,95,11,999,1,7,SMART FORTWO,1,E01026072,0,-1
2021440338041,2021,440338041,2,9,0,4,4,1,5,0,0,1,0,0,0,0,1,1,6,6,2,46,8,999,1,4,SMART FORTWO,2,E01022900,0,-1
2021421049896,2021,421049896,1,9,0,18,19,6,2,0,0,0,0,0,0,0,1,1,5,6,1,27,6,999,1,12,SMART FORTWO,10,E01021438,0,-1
2021540336821,2021,540336821,2,9,0,3,3,4,8,0,0,0,0,0,0,0,2,1,6,6,1,55,8,999,1,9,SMART FORTWO,8,E01031883,0,-1
2021010330000,2021,010330000,1,9,0,99,99,9,9,99,99,9,9,99,9,99,2,9,6,6,1,21,5,999,1,2,SMART FORTWO,2,E01000129,0,-1
2021010294148,2021,010294148,1,9,0,99,99,9,9,99,99,0,9,99,9,99,3,9,2,2,1,25,5,999,1,11,SMART FORTWO,3,E01001229,0,-1
202131D159821,2021,31D159821,1,9,0,18,19,6,2,0,0,0,5,7,0,0,1,1,1,1,2,58,9,999,1,8,SMART FORTWO,7,E01028203,0,-1
2021302102092,2021,302102092,1,9,0,9,9,4,2,0,0,6,0,0,0,0,4,1,6,6,2,52,8,999,1,5,SMART FORTWO,9,E01019737,0,-1
2021411118182,2021,411118182,2,9,0,18,19,4,8,0,0,0,0,0,0,0,3,1,6,6,2,34,6,999,1,12,SMART FORTWO,7,E01000123,0,-1
2021131078067,2021,131078067,2,9,0,18,19,7,3,0,0,8,0,0,0,0,3,1,6,6,1,43,7,999,1,12,SMART FORTWO,3,E01010871,0,-1
2021471033360,2021,471033360,2,9,0,3,3,1,5,0,0,4,0,0,0,0,2,1,6,6,1,-1,-1,999,1,9,SMART FORTWO,7,E01031647,0,-1
2021221039243,2021,221039243,1,9,0,13,13,5,1,0,0,1,0,0,0,0,4,1,5,6,2,32,6,999,1,2,SMART FORTWO,4,E01014122,0,-1
2021351130565,2021,351130565,1,9,0,5,5,7,1,0,0,1,0,0,0,0,2,1,5,6,2,69,10,799,2,12,SMART FORTWO,4,E01015667,0,-1
2021010296006,2021,010296006,1,9,0,18,19,3,7,0,0,1,1,0,0,0,1,1,6,6,1,31,6,999,1,12,SMART FORTWO,6,E01023314,0,-1
2021010313262,2021,010313262,2,9,0,9,9,6,3,0,0,8,1,0,0,0,1,1,6,6,1,28,6,999,1,4,SMART FORTWO,6,E01001751,0,-1
2021010347688,2021,010347688,2,9,0,18,19,3,7,0,0,8,0,0,0,0,1,1,6,6,1,22,5,799,2,11,SMART FORTWO,7,E01001569,0,-1
2021010318391,2021,010318391,1,9,0,99,99,9,9,99,99,9,9,99,9,99,9,9,2,2,2,44,7,999,1,7,SMART FORTWO,4,E01023337,0,-1
2021501046415,2021,501046415,1,9,0,18,19,5,1,0,0,6,0,10,3,11,1,1,6,6,2,78,11,999,1,7,SMART FORTWO,6,E01020244,0,-1
2021010322015,2021,010322015,1,9,0,18,19,7,3,0,0,1,5,10,0,0,4,1,6,6,2,19,4,999,1,13,SMART FORTWO,3,E01001805,0,-1
2021010352284,2021,010352284,1,9,0,99,99,9,9,99,99,9,9,99,9,99,1,9,6,6,1,23,5,999,1,14,SMART FORTWO,3,E01004266,0,-1
2021010300404,2021,010300404,1,9,0,99,99,9,9,99,99,9,9,99,9,99,9,9,6,6,1,45,7,799,2,8,SMART FORTWO,5,E01004517,0,-1
2021010301990,2021,010301990,2,9,9,99,99,9,9,99,99,9,9,99,9,99,9,9,6,6,3,-1,-1,999,1,11,SMART FORTWO,-1,-1,0,-1
2021010297564,2021,010297564,2,9,0,99,99,9,9,99,99,9,9,99,9,99,1,9,6,6,3,-1,-1,999,1,13,SMART FORTWO,6,E01002940,0,-1
2021010328309,2021,010328309,2,9,0,4,4,1,5,0,0,0,0,0,0,0,2,1,6,6,1,59,9,999,1,6,SMART FORTWO,5,E01004343,0,-1
2021010314357,2021,010314357,1,9,0,18,19,7,3,0,0,0,0,4,2,10,1,1,6,6,1,25,5,999,1,12,SMART FORTWO,5,E01000468,0,-1
2021010290479,2021,010290479,1,9,0,5,5,3,7,0,0,5,0,0,0,0,1,1,2,2,1,33,6,999,1,4,SMART FORTWO,6,E01004379,0,-1
2021991055742,2021,991055742,1,9,0,12,12,5,1,0,0,0,5,0,0,0,1,1,6,6,2,61,9,799,2,9,SMART FORTWO,7,-1,0,-1
2021221071258,2021,221071258,2,9,0,4,4,7,3,0,0,8,0,0,0,0,2,1,5,6,2,60,9,999,1,9,SMART FORTWO,4,E01014020,0,-1
2021421032146,2021,421032146,2,9,0,18,19,7,3,0,0,1,0,0,0,0,1,1,6,6,1,54,8,999,1,4,SMART FORTWO,8,E01021744,0,-1
2021010345157,2021,010345157,2,9,0,99,99,9,9,99,99,0,9,99,9,99,9,9,6,6,3,-1,-1,999,1,5,SMART FORTWO,6,E01003693,0,-1
2021010322026,2021,010322026,1,9,0,5,5,1,5,0,0,1,0,0,0,0,1,1,6,6,1,29,6,999,1,11,SMART FORTWO,3,E01003616,0,-1
2021471026556,2021,471026556,1,9,0,9,9,3,1,0,0,8,0,0,0,0,3,1,6,6,2,49,8,999,1,3,SMART FORTWO,6,E01021087,0,-1
2021421029286,2021,421029286,1,9,0,18,19,4,8,0,0,1,0,0,0,0,1,1,6,6,2,40,7,999,1,3,SMART FORTWO,4,E01015923,0,-1
2021010346023,2021,010346023,1,9,0,99,99,9,9,99,99,9,9,99,9,99,2,9,6,6,2,39,7,999,1,4,SMART FORTWO,6,E01003657,0,-1
2021010347617,2021,010347617,1,9,0,3,3,1,5,0,0,2,0,0,0,0,1,1,6,6,1,79,11,898,1,2,SMART FORTWO,7,E01004352,0,-1
2021552200105,2021,552200105,2,9,0,18,19,7,3,0,0,8,0,0,0,0,1,1,6,6,1,33,6,999,1,4,SMART FORTWO,9,E01015351,0,-1
2021451021005,2021,451021005,2,9,0,18,19,1,1,0,0,0,0,0,0,0,1,1,6,6,1,58,9,999,1,11,SMART FORTWO,9,E01002983,0,-1
2021010321403,2021,010321403,1,9,0,99,99,9,9,99,99,0,9,99,9,99,1,9,6,6,2,61,9,999,1,4,SMART FORTWO,8,E01000254,0,-1
2021421090217,2021,421090217,2,9,0,4,4,3,7,0,0,0,0,0,0,0,2,1,6,6,1,30,6,799,2,12,SMART FORTWO,1,E01015852,0,-1
2021010335670,2021,010335670,1,9,0,99,99,9,9,99,99,9,9,99,9,99,2,9,1,1,1,27,6,898,1,5,SMART FORTWO,4,E01032782,0,-1
2021041101929,2021,041101929,1,9,0,18,19,2,6,0,0,1,0,0,0,0,1,1,6,6,1,66,10,799,2,12,SMART FORTWO,3,E01024904,0,-1
2021501062042,2021,501062042,1,9,0,9,9,5,2,0,0,4,5,0,7,7,3,1,5,6,1,68,10,799,2,11,SMART FORTWO,1,E01015196,0,-1
2021010335363,2021,010335363,1,9,0,3,3,1,5,0,0,1,0,0,0,0,1,1,6,6,1,23,5,898,1,2,SMART FORTWO,10,E01000839,0,-1
2021010321625,2021,010321625,1,9,0,7,7,5,8,0,0,1,0,0,0,0,3,1,1,1,1,33,6,999,1,5,SMART FORTWO,4,E01000588,0,-1
2021440311679,2021,440311679,1,9,0,9,9,5,3,0,0,5,0,0,0,0,3,1,1,1,3,32,6,999,1,2,SMART FORTWO,10,E01022729,0,-1
2021010340652,2021,010340652,1,9,0,99,99,9,9,99,99,9,9,99,9,99,2,9,6,6,1,42,7,999,1,13,SMART FORTWO,5,E01002619,0,-1
2021440023728,2021,440023728,1,9,0,18,19,8,4,0,0,2,0,7,0,0,1,1,6,6,1,82,11,999,1,2,SMART FORTWO,9,E01030970,0,-1
2021041114950,2021,041114950,1,9,0,1,1,2,6,0,0,1,0,0,0,0,2,1,5,6,1,43,7,999,1,12,SMART FORTWO,5,E01025459,0,-1
2021010306440,2021,010306440,1,9,0,99,99,9,9,99,99,9,9,99,9,99,1,9,2,2,1,30,6,999,1,11,SMART FORTWO,1,E01003515,0,-1
2021471040711,2021,471040711,3,9,0,18,19,2,6,0,0,0,0,0,0,0,1,1,2,2,2,48,8,999,1,12,SMART FORTWO,7,E01016916,0,-1
2021552100300,2021,552100300,1,9,0,9,9,1,5,0,0,6,0,0,0,0,1,1,1,1,2,27,6,999,1,11,SMART FORTWO,5,E01020364,0,-1
2021522200504,2021,522200504,1,9,0,18,19,5,1,0,0,0,0,0,7,11,1,1,6,6,1,64,9,999,1,9,SMART FORTWO,3,E01014730,0,-1
2021061099772,2021,061099772,1,9,0,18,19,6,2,0,0,0,0,0,0,0,3,1,5,6,2,53,8,898,1,5,SMART FORTWO,9,E01005058,0,-1
2021010316346,2021,010316346,1,9,0,2,2,0,0,0,0,1,0,0,0,0,2,1,6,6,3,-1,-1,999,1,12,SMART FORTWO,-1,-1,0,-1
2021471069602,2021,471069602,1,9,0,2,2,0,0,0,0,0,0,0,0,0,3,1,6,6,2,64,9,999,1,4,SMART FORTWO,8,E01031776,0,-1
2021411095812,2021,411095812,2,9,0,3,3,5,1,0,0,8,0,0,0,0,2,1,6,6,1,49,8,999,1,13,SMART FORTWO,1,E01001559,0,-1
2021010343077,2021,010343077,1,9,0,99,99,9,9,99,99,9,9,99,9,99,3,9,6,6,3,-1,-1,999,1,13,SMART FORTWO,-1,-1,0,-1
2021010346840,2021,010346840,1,9,0,99,99,9,9,99,99,9,9,99,9,99,9,9,6,6,1,51,8,999,1,5,SMART FORTWO,5,E01001293,0,-1
2021061090359,2021,061090359,1,9,0,18,19,4,8,0,0,0,0,0,0,0,0,1,2,2,1,57,9,999,1,13,SMART FORTWO,4,E01005751,0,-1
2021461127148,2021,461127148,1,9,0,18,19,3,7,0,0,0,0,0,0,0,1,1,6,6,1,49,8,799,2,11,SMART FORTWO,5,E01024383,0,-1
2021010292203,2021,010292203,2,9,0,99,99,9,9,99,99,9,9,99,9,99,2,9,6,6,3,-1,-1,999,1,5,SMART FORTWO,4,E01001618,0,-1
2021451100374,2021,451100374,2,9,0,5,5,5,1,0,0,1,0,0,0,0,3,1,6,6,1,46,8,898,1,3,SMART FORTWO,8,E01030972,0,-1
2021010338418,2021,010338418,2,9,0,18,19,1,5,0,0,8,0,0,0,0,1,1,6,6,2,34,6,999,1,12,SMART FORTWO,7,E01000123,0,-1
2021991094535,2021,991094535,1,9,0,2,2,0,0,0,0,1,0,0,0,0,3,1,6,6,1,45,7,799,2,8,SMART FORTWO,4,-1,0,-1
2021010331613,2021,010331613,1,9,0,99,99,9,9,99,99,9,9,99,9,99,2,9,2,2,2,42,7,999,1,10,SMART FORTWO,3,E01000333,0,-1
2021010342623,2021,010342623,2,9,0,9,9,3,1,0,0,1,1,0,0,0,1,1,6,6,3,21,5,999,1,11,SMART FORTWO,-1,-1,0,-1
2021010322969,2021,010322969,2,9,0,99,99,9,9,99,99,9,9,99,9,99,1,9,6,6,3,90,11,999,1,8,SMART FORTWO,3,E01001793,0,-1
2021451116318,2021,451116318,2,9,0,2,2,0,0,0,0,0,0,0,0,0,4,1,5,6,2,38,7,999,1,6,SMART FORTWO,4,E01030709,0,-1
202134WNC1871,2021,34WNC1871,4,9,0,2,2,0,0,0,0,0,0,0,0,0,1,1,1,1,3,-1,-1,999,1,8,SMART FORTWO,-1,-1,0,-1
2021010331643,2021,010331643,2,9,0,9,9,1,8,0,0,1,0,0,0,0,4,1,6,6,1,44,7,999,1,8,SMART FORTWO,7,E01002013,0,-1
2021010342441,2021,010342441,2,9,0,99,99,9,9,99,99,9,9,99,9,99,9,9,6,6,3,-1,-1,999,1,3,SMART FORTWO,10,E01000841,0,-1