collision_index,collision_year,collision_ref_no,vehicle_reference,vehicle_type,towing_and_articulation,vehicle_manoeuvre_historic,vehicle_manoeuvre,vehicle_direction_from,vehicle_direction_to,vehicle_location_restricted_lane_historic,vehicle_location_restricted_lane,junction_location,skidding_and_overturning,hit_object_in_carriageway,vehicle_leaving_carriageway,hit_object_off_carriageway,first_point_of_impact,vehicle_left_hand_drive,journey_purpose_of_driver_historic,journey_purpose_of_driver,sex_of_driver,age_of_driver,age_band_of_driver,engine_capacity_cc,propulsion_code,age_of_vehicle,generic_make_model,driver_imd_decile,lsoa_of_driver,escooter_flag,driver_distance_banding
2021010318092,2021,010318092,2,9,0,18,19,1,5,0,0,9,0,99,0,0,9,9,6,6,1,75,10,999,1,12,SMART FORTWO,5,E01000268,0,-1
2021201114517,2021,201114517,1,9,0,18,19,1,4,0,0,8,0,0,0,0,4,1,5,6,1,42,7,999,1,12,SMART FORTWO,1,E01033643,0,-1
2021421080770,2021,421080770,1,9,0,9,9,2,8,0,0,1,0,0,0,0,1,1,6,6,2,24,5,999,1,13,SMART FORTWO,7,E01021904,0,-1
2021010298564,2021,010298564,1,9,0,9,9,1,6,9,9,1,0,0,0,0,1,1,6,6,3,-1,-1,898,1,2,SMART FORTWO,-1,-1,0,-1
2021471107982,2021,471107982,1,9,0,18,19,6,2,0,0,0,0,0,0,0,1,1,1,1,1,70,10,-1,3,3,SMART FORTWO,10,E01031803,0,-1
2021010318109,2021,010318109,1,9,0,18,19,2,6,0,0,0,0,0,0,0,1,1,6,6,1,65,9,999,1,10,SMART FORTWO,3,E01003315,0,-1
2021461016688,2021,461016688,2,9,0,18,19,7,3,0,0,8,0,0,0,0,1,1,6,6,1,45,7,799,2,11,SMART FORTWO,2,E01024662,0,-1
2021161116007,2021,161116007,1,9,0,18,19,8,4,0,0,1,0,0,0,0,4,1,6,6,2,44,7,698,1,15,SMART FORTWO,7,E01013186,0,-1
2021010290356,2021,010290356,2,9,0,16,19,7,3,2,2,2,0,0,0,0,2,1,6,6,1,44,7,999,1,10,SMART FORTWO,1,E01000551,0,-1
2021010332437,2021,010332437,1,9,0,5,5,1,5,0,0,4,0,0,0,0,1,1,6,6,1,37,7,999,1,5,SMART FORTWO,1,E01003051,0,-1
2021461035559,2021,461035559,1,9,0,9,9,1,5,0,0,1,0,0,0,0,1,1,6,6,1,27,6,799,2,12,SMART FORTWO,4,E01024027,0,-1
2021010309497,2021,010309497,2,9,0,99,99,9,9,99,99,9,9,99,9,99,2,9,6,6,3,-1,-1,999,1,11,SMART FORTWO,-1,-1,0,-1
2021421070049,2021,421070049,1,9,0,7,7,3,7,0,0,0,2,0,0,0,1,1,5,6,2,18,4,999,1,11,SMART FORTWO,4,E01004366,0,-1
2021430197447,2021,430197447,1,9,0,18,19,4,8,0,0,0,0,4,0,0,1,1,6,6,1,25,5,999,1,11,SMART FORTWO,8,E01016568,0,-1
2021471102493,2021,471102493,1,9,0,18,19,3,7,0,0,0,0,0,0,0,1,1,2,2,1,24,5,999,1,13,SMART FORTWO,3,E01021137,0,-1
2021451045077,2021,451045077,1,9,0,9,9,5,3,0,0,8,0,0,0,0,1,1,2,2,2,58,9,999,1,7,SMART FORTWO,6,E01002921,0,-1
2021010349967,2021,010349967,1,9,0,9,9,5,4,0,0,8,0,0,1,0,1,2,1,1,1,38,7,2457,1,13,SUBARU LEGACY,-1,-1,0,-1
2021440322687,2021,440322687,1,9,0,18,19,5,1,0,0,2,0,0,0,0,3,1,6,6,1,50,8,1994,1,16,SUBARU LEGACY,7,E01032663,0,-1
2021401102242,2021,401102242,1,9,0,9,9,6,4,0,0,2,0,0,0,0,2,1,5,6,1,50,8,2457,1,13,SUBARU LEGACY,4,E01015792,0,-1
2021991027849,2021,991027849,4,9,0,3,3,7,3,0,0,0,0,0,0,0,2,1,2,2,1,58,9,1994,1,8,SUBARU LEGACY,8,-1,0,-1
2021320340265,2021,320340265,2,9,0,2,2,0,0,0,0,0,0,0,0,0,3,1,6,6,1,21,5,1998,1,17,SUBARU LEGACY,7,E01026080,0,-1
2021221048495,2021,221048495,2,9,0,18,19,6,2,0,0,8,0,4,1,0,1,1,5,6,1,66,10,2457,1,13,SUBARU LEGACY,4,E01009813,0,-1
2021411080204,2021,411080204,1,9,4,18,19,1,5,0,0,2,0,0,1,0,0,1,1,1,1,39,7,1994,1,13,SUBARU LEGACY,7,E01023682,0,-1
2021041042095,2021,041042095,3,9,0,18,19,1,5,0,0,0,0,0,0,0,3,1,5,6,1,75,10,2457,1,11,SUBARU LEGACY,1,E01025083,0,-1
2021122100158,2021,122100158,1,9,0,18,19,8,4,0,0,0,0,0,0,0,1,1,6,6,1,62,9,2457,1,9,SUBARU LEGACY,4,E01027779,0,-1
2021320001426,2021,320001426,2,9,0,8,8,6,8,0,0,6,0,0,0,0,2,1,6,6,1,32,6,3000,1,16,SUBARU LEGACY,4,E01028366,0,-1
2021461122023,2021,461122023,1,9,0,17,19,2,5,0,0,0,1,10,7,0,1,1,6,6,1,25,5,1990,1,18,SUBARU LEGACY,4,E01024593,0,-1
2021131048073,2021,131048073,1,9,0,18,19,1,1,0,0,0,0,0,0,0,1,1,5,6,2,75,10,3000,1,18,SUBARU LEGACY,1,E01010845,0,-1
2021010303059,2021,010303059,2,9,0,7,7,6,8,0,0,5,0,0,0,0,3,1,6,6,2,65,9,1242,1,13,SUZUKI SPLASH,3,E01004645,0,-1
2021131111042,2021,131111042,1,9,0,5,5,0,1,0,0,0,0,0,0,0,3,1,5,6,2,49,8,1242,1,12,SUZUKI SPLASH,1,E01010941,0,-1
2021320093887,2021,320093887,1,9,0,18,19,1,5,0,0,8,0,0,0,0,1,1,6,6,1,41,7,1248,2,12,SUZUKI SPLASH,10,E01026395,0,-1
2021302102049,2021,302102049,1,9,0,9,9,2,8,0,0,2,0,0,0,0,1,1,6,6,1,81,11,996,1,11,SUZUKI SPLASH,4,E01019690,0,-1
2021552100997,2021,552100997,1,9,0,18,19,6,2,0,0,0,0,0,0,0,1,1,2,2,1,47,8,1242,1,9,SUZUKI SPLASH,1,E01015279,0,-1
2021548196021,2021,548196021,1,9,0,18,19,5,1,0,0,1,1,0,0,0,1,1,6,6,1,77,11,1242,1,12,SUZUKI SPLASH,-1,-1,0,-1
2021552100857,2021,552100857,1,9,0,18,19,3,7,0,0,0,0,0,0,0,1,1,6,6,1,78,11,1242,1,13,SUZUKI SPLASH,5,E01020500,0,-1
2021170L30251,2021,170L30251,2,9,0,18,19,5,1,0,0,0,0,0,0,0,1,1,6,6,1,46,8,996,1,9,SUZUKI SPLASH,-1,-1,0,-1
2021461023524,2021,461023524,1,9,0,1,1,7,3,0,0,0,0,0,0,0,2,1,6,6,1,30,6,1242,1,13,SUZUKI SPLASH,3,E01016047,0,-1
2021161017925,2021,161017925,2,9,0,17,19,7,4,0,0,8,0,0,0,0,1,1,6,6,2,-1,-1,1242,1,13,SUZUKI SPLASH,1,E01012846,0,-1
2021201115738,2021,201115738,3,9,0,2,2,0,0,0,0,2,0,4,0,0,4,1,6,6,2,39,7,1242,1,12,SUZUKI SPLASH,1,E01009889,0,-1
2021371091368,2021,371091368,2,9,0,4,4,6,2,0,0,2,0,0,0,0,2,1,6,6,2,58,9,996,1,9,SUZUKI SPLASH,9,E01029999,0,-1
2021471094168,2021,471094168,1,9,0,18,19,5,1,0,0,8,1,0,0,0,1,1,5,6,1,66,10,1242,1,9,SUZUKI SPLASH,7,E01031597,0,-1
2021461121912,2021,461121912,1,9,0,18,19,1,5,0,0,2,0,0,0,0,3,1,5,6,2,66,10,996,1,7,SUZUKI SPLASH,10,E01024733,0,-1
2021070639896,2021,070639896,1,9,0,5,5,5,1,0,0,1,0,0,0,0,1,1,6,6,1,63,9,996,1,8,SUZUKI SPLASH,2,E01012525,0,-1
202154A464921,2021,54A464921,1,9,0,14,14,3,7,0,0,0,5,10,7,11,1,1,6,6,1,70,10,1242,1,9,SUZUKI SPLASH,5,E01015554,0,-1
202131C191321,2021,31C191321,1,9,0,4,4,4,8,0,0,4,0,0,0,0,2,1,6,6,2,43,7,996,1,11,SUZUKI SPLASH,1,E01013819,0,-1
2021101089157,2021,101089157,1,9,0,18,19,3,7,0,0,0,0,0,0,0,1,1,6,6,1,46,8,1242,1,11,SUZUKI SPLASH,4,E01008174,0,-1
2021010346733,2021,010346733,2,9,9,99,99,9,9,99,99,9,9,99,9,99,9,9,6,6,3,58,9,1242,1,8,SUZUKI SPLASH,5,E01001973,0,-1
2021161086361,2021,161086361,1,9,0,18,19,7,3,0,0,4,0,0,0,0,1,1,5,6,2,82,11,1242,1,10,SUZUKI SPLASH,10,E01013091,0,-1
2021010294673,2021,010294673,1,9,0,18,19,1,5,9,9,0,0,11,1,4,1,1,6,6,2,42,7,1242,1,9,SUZUKI SPLASH,4,E01001618,0,-1
2021101074441,2021,101074441,1,9,0,9,9,7,3,0,0,1,0,0,0,0,1,1,6,6,1,50,8,1242,1,10,SUZUKI SPLASH,-1,-1,0,-1
2021440266913,2021,440266913,1,9,0,7,7,7,1,0,0,8,0,0,0,0,1,1,6,6,1,20,4,1242,1,12,SUZUKI SPLASH,5,E01017027,0,-1
2021501019164,2021,501019164,1,9,0,18,19,1,5,0,0,0,0,0,0,0,1,1,6,6,1,56,9,996,1,7,SUZUKI SPLASH,1,E01015267,0,-1
2021010348696,2021,010348696,2,9,0,4,4,7,3,0,0,1,0,0,0,0,1,1,6,6,1,23,5,1248,2,13,SUZUKI SPLASH,10,E01024469,0,-1
2021461038343,2021,461038343,1,9,0,17,19,1,5,0,0,0,0,0,1,10,1,1,6,6,1,47,8,996,1,8,SUZUKI SPLASH,9,E01032735,0,-1
2021991065893,2021,991065893,2,9,0,14,14,6,2,0,0,1,0,0,0,0,3,1,5,6,2,39,7,996,1,10,SUZUKI SPLASH,2,-1,0,-1
2021041061843,2021,041061843,1,9,0,18,19,1,5,0,0,0,0,0,0,0,1,1,5,6,2,68,10,1242,1,8,SUZUKI SPLASH,8,E01005571,0,-1
2021421070307,2021,421070307,1,9,0,17,19,1,2,0,0,0,2,0,7,0,3,1,5,6,1,26,6,1242,1,7,SUZUKI SPLASH,6,E01021659,0,-1
2021501115977,2021,501115977,2,9,0,4,4,5,1,0,0,0,1,0,1,10,1,1,6,6,1,79,11,1248,2,12,SUZUKI SPLASH,5,E01020076,0,-1
2021501078324,2021,501078324,1,9,0,18,19,1,5,0,0,0,0,10,0,0,1,1,5,6,1,85,11,1242,1,12,SUZUKI SPLASH,9,E01019911,0,-1
2021320697572,2021,320697572,3,9,0,18,19,6,2,0,0,1,0,0,0,0,3,1,2,2,2,26,6,1242,1,8,SUZUKI SPLASH,6,E01025912,0,-1
2021320451567,2021,320451567,1,9,0,18,19,3,7,0,0,0,0,0,0,0,1,1,6,6,1,40,7,996,1,8,SUZUKI SPLASH,1,E01007573,0,-1
2021101119514,2021,101119514,2,9,0,18,19,6,2,0,0,0,0,0,0,0,2,1,2,2,1,55,8,1242,1,12,SUZUKI SPLASH,2,E01027443,0,-1
2021471067353,2021,471067353,1,9,0,18,19,7,3,0,0,4,0,0,0,0,1,1,5,6,2,89,11,1242,1,13,SUZUKI SPLASH,8,E01016995,0,-1
2021421017027,2021,421017027,2,9,0,3,3,7,3,0,0,0,1,0,0,0,2,1,6,6,1,18,4,1242,1,10,SUZUKI SPLASH,7,E01021470,0,-1
2021471074756,2021,471074756,1,9,0,18,19,1,5,0,0,0,0,0,0,0,1,1,5,6,1,22,5,1242,1,12,SUZUKI SPLASH,8,E01031776,0,-1
2021061038478,2021,061038478,1,9,0,4,4,3,7,0,0,0,0,0,0,0,3,1,5,6,2,65,9,1242,1,11,SUZUKI SPLASH,2,E01005471,0,-1
2021141098467,2021,141098467,2,9,0,5,5,8,4,0,0,1,0,0,0,0,1,1,5,6,2,69,10,996,1,7,SUZUKI SPLASH,5,E01008034,0,-1
20211381K0723,2021,1381K0723,1,9,0,17,19,7,3,0,0,0,0,0,0,0,3,1,6,6,1,79,11,996,1,7,SUZUKI SPLASH,5,E01011158,0,-1
2021010336025,2021,010336025,1,9,0,18,19,1,5,0,0,0,0,0,0,0,1,1,3,7,2,41,7,1242,1,12,SUZUKI SPLASH,2,E01001152,0,-1
2021531110488,2021,531110488,1,9,0,5,5,-1,-1,0,0,5,0,0,0,0,1,1,6,6,1,47,8,996,1,9,SUZUKI SPLASH,10,E01022135,0,-1
2021320208855,2021,320208855,1,9,0,18,19,4,8,0,0,0,2,0,0,0,1,1,2,2,1,18,4,1242,1,7,SUZUKI SPLASH,-1,-1,0,-1
2021411121725,2021,411121725,3,9,0,2,2,0,0,0,0,0,0,0,0,0,2,1,6,6,3,-1,-1,996,1,9,SUZUKI SPLASH,-1,-1,0,-1
2021122100550,2021,122100550,2,9,0,3,3,5,1,0,0,8,0,0,0,0,2,1,6,6,2,32,6,996,1,10,SUZUKI SPLASH,1,E01027874,0,-1
202154A555921,2021,54A555921,2,9,0,4,4,2,6,0,0,0,0,0,0,0,2,1,6,6,2,37,7,996,1,7,SUZUKI SPLASH,6,E01015579,0,-1
2021131086618,2021,131086618,1,9,0,6,6,7,4,0,0,0,0,0,0,0,3,1,5,6,1,44,7,1242,1,12,SUZUKI SPLASH,1,E01011721,0,-1
2021371121962,2021,371121962,2,9,0,18,19,3,7,0,0,8,0,0,0,0,1,1,1,1,2,48,8,996,1,9,SUZUKI SPLASH,3,E01030114,0,-1
2021501093254,2021,501093254,1,9,0,1,1,7,3,0,0,0,0,0,0,0,2,1,6,6,2,-1,-1,1242,1,9,SUZUKI SPLASH,-1,-1,0,-1
2021131105823,2021,131105823,1,9,0,4,4,5,5,0,0,1,0,0,0,0,2,1,5,6,2,35,6,1242,1,13,SUZUKI SPLASH,2,E01011424,0,-1
202134WNC6001,2021,34WNC6001,1,9,0,9,9,1,7,0,0,1,0,0,0,11,4,1,6,6,1,91,11,1242,1,11,SUZUKI SPLASH,3,E01027191,0,-1
2021061100600,2021,061100600,1,9,0,5,5,4,8,0,0,1,0,0,0,0,3,1,5,6,1,46,8,996,1,12,SUZUKI SPLASH,1,E01006392,0,-1
2021010330681,2021,010330681,1,9,0,17,19,7,3,0,0,1,1,0,5,2,1,1,6,6,2,28,6,1242,1,13,SUZUKI SPLASH,1,E01004665,0,-1
2021122100925,2021,122100925,1,9,0,1,1,7,3,0,0,2,0,0,0,0,2,1,6,6,2,62,9,1242,1,9,SUZUKI SPLASH,7,E01027745,0,-1
2021411103505,2021,411103505,3,9,0,13,13,8,4,0,0,0,0,0,0,0,2,1,5,6,1,25,5,1998,1,4,TOYOTA GT86,8,E01017376,0,-1
2021041032433,2021,041032433,2,9,0,5,5,7,3,0,0,4,0,0,0,0,3,1,5,6,1,21,5,1998,1,2,TOYOTA GT86,8,E01004780,0,-1
2021201136701,2021,201136701,1,9,0,18,19,4,8,0,0,0,0,0,0,0,4,1,6,6,1,25,5,1998,1,9,TOYOTA GT86,3,E01015449,0,-1
2021401089839,2021,401089839,3,9,0,18,19,1,5,0,0,0,0,0,0,0,3,1,6,6,1,32,6,1998,1,7,TOYOTA GT86,8,E01018290,0,-1
2021061116151,2021,061116151,3,9,0,3,3,5,1,0,0,0,0,0,0,0,2,1,5,6,1,50,8,1998,1,5,TOYOTA GT86,4,E01004939,0,-1
2021411054450,2021,411054450,2,9,0,18,19,5,1,0,0,0,0,0,0,0,1,1,5,6,2,60,9,1998,1,9,TOYOTA GT86,10,E01023526,0,-1
2021549162421,2021,549162421,1,9,0,5,5,6,1,0,0,4,0,0,0,0,3,1,2,2,1,64,9,1998,1,3,TOYOTA GT86,9,E01032219,0,-1
2021411051773,2021,411051773,2,9,0,2,2,0,0,6,6,0,1,0,0,0,1,1,5,6,1,23,5,1998,1,4,TOYOTA GT86,9,E01023292,0,-1
2021231119256,2021,231119256,1,9,0,18,19,1,5,0,0,0,2,0,7,4,1,1,5,6,1,20,4,1998,1,7,TOYOTA GT86,10,E01031124,0,-1
2021991142329,2021,991142329,1,9,0,18,19,7,3,0,0,0,1,0,7,11,1,1,6,6,1,24,5,1998,1,3,TOYOTA GT86,4,-1,0,-1
2021070843251,2021,070843251,2,9,0,18,19,5,1,0,0,1,0,0,4,6,1,1,6,6,1,25,5,1998,1,8,TOYOTA GT86,9,E01006806,0,-1
2021451034350,2021,451034350,1,9,0,18,19,1,5,0,0,0,0,0,1,4,4,1,5,6,1,25,5,1998,1,8,TOYOTA GT86,7,E01030993,0,-1
2021522103212,2021,522103212,1,9,0,5,5,3,7,0,0,8,0,0,0,0,2,1,6,6,2,54,8,1998,1,6,TOYOTA GT86,7,E01014884,0,-1
2021622100340,2021,622100340,1,9,0,18,19,4,8,0,0,2,0,0,0,0,1,1,6,6,2,28,6,1998,1,9,TOYOTA GT86,5,W01000765,0,-1
2021461105408,2021,461105408,2,9,0,17,19,3,7,0,0,8,0,0,0,0,1,1,5,6,1,34,6,1998,1,8,TOYOTA GT86,6,E01024034,0,-1
2021201121716,2021,201121716,1,9,0,2,2,0,0,0,0,1,0,0,0,0,1,1,2,2,1,22,5,1998,1,9,TOYOTA GT86,9,E01029631,0,-1
2021421066866,2021,421066866,2,9,0,4,4,3,7,0,0,0,0,0,0,0,2,1,2,2,1,25,5,1998,1,7,TOYOTA GT86,5,E01021838,0,-1
2021451053895,2021,451053895,1,9,0,5,5,1,3,0,0,4,0,0,0,0,3,1,6,6,1,29,6,1998,1,5,TOYOTA GT86,10,E01030473,0,-1
2021070844605,2021,070844605,1,9,0,4,4,5,1,0,0,0,0,0,0,0,1,1,6,6,1,33,6,1998,1,6,TOYOTA GT86,3,E01009883,0,-1
2021440301322,2021,440301322,2,5,0,18,19,2,6,0,0,0,0,0,0,0,1,1,6,6,1,44,7,1700,1,11,TRIUMPH THUNDERBIRD,8,E01017226,0,-1
2021531101837,2021,531101837,2,5,0,18,19,4,8,0,0,1,0,0,0,0,1,1,6,6,1,68,10,1700,1,4,TRIUMPH THUNDERBIRD,10,E01014777,0,-1
2021451096542,2021,451096542,2,5,0,18,19,5,2,0,0,4,0,0,0,0,1,1,5,6,1,49,8,885,1,21,TRIUMPH THUNDERBIRD,9,E01030339,0,-1
2021122101030,2021,122101030,1,5,0,18,19,5,1,0,0,0,0,11,1,1,4,1,6,6,1,60,9,1700,1,10,TRIUMPH THUNDERBIRD,8,E01027621,0,-1
2021991078380,2021,991078380,2,5,0,18,19,6,2,0,0,1,0,0,0,0,1,1,5,6,1,55,8,1700,1,5,TRIUMPH THUNDERBIRD,3,-1,0,-1
2021991094791,2021,991094791,1,3,0,6,6,4,4,0,0,1,0,0,0,0,1,1,6,6,1,52,8,1700,1,11,TRIUMPH THUNDERBIRD,2,-1,0,-1
2021520200134,2021,520200134,2,5,0,14,14,5,1,0,0,0,0,0,0,0,1,1,6,6,1,59,9,1600,1,8,TRIUMPH THUNDERBIRD,5,E01029286,0,-1
2021141088910,2021,141088910,2,5,0,18,19,1,2,0,0,0,0,0,0,0,4,1,5,6,1,65,9,1600,1,7,TRIUMPH THUNDERBIRD,2,E01007364,0,-1
2021501023845,2021,501023845,1,5,0,18,19,5,1,0,0,0,5,0,0,0,3,1,6,6,1,56,9,885,1,21,TRIUMPH THUNDERBIRD,2,E01019047,0,-1
2021430507964,2021,430507964,2,5,0,18,19,6,2,0,0,8,0,0,0,0,1,1,2,2,1,63,9,1700,1,3,TRIUMPH THUNDERBIRD,9,E01016682,0,-1
2021211097159,2021,211097159,2,5,0,18,19,8,4,0,0,0,0,0,0,0,1,1,6,6,1,55,8,1700,1,6,TRIUMPH THUNDERBIRD,5,E01017151,0,-1
2021501100469,2021,501100469,2,5,0,3,3,1,5,0,0,2,0,0,0,0,2,1,5,6,1,60,9,1700,1,5,TRIUMPH THUNDERBIRD,9,E01030760,0,-1
2021471029228,2021,471029228,1,5,0,18,19,4,8,0,0,0,1,0,0,0,3,1,5,6,1,73,10,1700,1,6,TRIUMPH THUNDERBIRD,6,E01031839,0,-1
2021991050638,2021,991050638,1,5,0,13,13,5,1,0,0,1,0,0,7,11,1,1,6,6,1,51,8,1700,1,4,TRIUMPH THUNDERBIRD,8,-1,0,-1
2021041070848,2021,041070848,1,5,0,17,19,3,1,0,0,0,0,0,0,0,4,1,1,1,1,56,9,1700,1,4,TRIUMPH THUNDERBIRD,1,E01025296,0,-1
2021320049392,2021,320049392,1,5,0,16,19,2,6,0,0,1,1,0,7,0,0,1,6,6,1,59,9,885,1,21,TRIUMPH THUNDERBIRD,7,E01013145,0,-1
202134NNC3671,2021,34NNC3671,2,5,0,3,3,1,5,0,0,4,0,0,0,0,2,1,6,6,1,58,9,1600,1,8,TRIUMPH THUNDERBIRD,2,E01027248,0,-1
2021522103013,2021,522103013,3,9,0,2,2,0,0,0,0,8,0,0,0,0,1,1,6,6,2,45,7,2968,1,30,-1,9,E01014920,0,-1
2021351118323,2021,351118323,1,9,0,5,5,3,7,0,0,1,0,0,0,0,4,1,5,6,2,38,7,2967,2,6,AUDI A7,1,E01015600,0,-1
2021461035707,2021,461035707,1,9,0,18,19,8,4,6,6,0,0,0,0,0,1,1,5,6,1,30,6,2967,2,9,AUDI A7,2,E01000482,0,-1
2021221055794,2021,221055794,1,9,0,9,9,3,1,0,0,2,0,0,0,0,4,1,5,6,1,53,8,2967,2,8,AUDI A7,8,E01032410,0,-1
2021010320998,2021,010320998,1,9,0,7,7,3,4,0,0,1,0,0,0,0,1,1,6,6,1,21,5,2967,2,2,AUDI A7,5,E01001914,0,-1
2021421049796,2021,421049796,1,9,0,9,9,7,5,0,0,8,0,0,0,0,3,1,2,2,1,55,8,2967,2,5,AUDI A7,6,E01024589,0,-1
2021421088903,2021,421088903,3,9,0,18,19,6,2,0,0,0,0,0,0,0,2,1,6,6,3,47,8,2967,2,4,AUDI A7,8,E01002379,0,-1
2021010310212,2021,010310212,1,9,0,3,3,7,3,0,0,8,0,0,0,0,2,1,6,6,1,42,7,2967,2,4,AUDI A7,-1,-1,0,-1
2021010304592,2021,010304592,1,9,0,7,7,5,7,0,0,5,0,0,0,0,3,1,2,2,1,51,8,2995,1,3,AUDI A7,1,E01001458,0,-1
2021131038952,2021,131038952,1,9,0,18,19,2,2,0,0,8,0,0,0,0,2,1,6,6,1,31,6,2967,2,9,AUDI A7,3,E01033690,0,-1
2021461033313,2021,461033313,2,9,0,18,19,3,7,0,0,0,0,0,0,0,2,1,6,6,1,36,7,2967,2,4,AUDI A7,6,E01024276,0,-1
2021141096093,2021,141096093,1,9,0,18,19,1,5,0,0,0,0,0,5,6,1,1,2,2,1,25,5,2967,2,5,AUDI A7,2,-1,0,-1
2021041128686,2021,041128686,2,9,0,1,1,1,5,9,9,0,0,0,0,0,3,1,5,6,1,38,7,2967,2,4,AUDI A7,3,E01025578,0,-1
2021991041939,2021,991041939,3,9,0,4,4,6,6,0,0,0,0,0,0,0,2,1,6,6,1,57,9,2967,2,5,AUDI A7,6,-1,0,-1
2021201023685,2021,201023685,1,9,0,4,4,4,8,0,0,0,0,0,0,0,2,1,6,6,1,42,7,2967,2,3,AUDI A7,3,E01009255,0,-1
2021201070446,2021,201070446,1,9,0,18,19,6,2,0,0,1,0,0,0,0,1,1,6,6,1,-1,-1,2967,2,7,AUDI A7,-1,-1,0,-1
202163C028821,2021,63C028821,2,9,0,18,19,2,6,0,0,8,1,0,0,0,1,1,6,6,1,63,9,2967,2,5,AUDI A7,9,W01001072,0,-1
2021411121928,2021,411121928,1,9,0,12,12,2,8,0,0,8,0,0,0,0,2,1,1,1,1,38,7,2967,2,5,AUDI A7,5,E01017384,0,-1
2021010308299,2021,010308299,1,9,0,18,19,7,3,0,0,1,0,0,0,0,2,1,6,6,1,24,5,2967,2,5,AUDI A7,4,E01001503,0,-1
2021010334431,2021,010334431,1,9,0,18,19,5,1,0,0,1,0,0,0,0,1,2,6,6,1,23,5,1968,2,0,AUDI A7,3,E01003969,0,-1
2021201128998,2021,201128998,1,9,0,18,19,4,8,0,0,8,0,7,6,1,1,1,6,6,1,-1,-1,1968,2,0,AUDI A7,-1,-1,0,-1
2021991060542,2021,991060542,1,9,0,18,19,3,7,0,0,1,0,0,0,0,1,1,6,6,2,38,7,1984,1,0,AUDI A7,10,-1,0,-1
2021461055913,2021,461055913,1,9,0,18,19,1,5,0,0,0,0,11,0,0,1,1,6,6,1,41,7,2967,2,7,AUDI A7,3,E01003562,0,-1
2021201052215,2021,201052215,2,9,0,18,19,-1,-1,0,0,0,0,0,0,0,3,1,6,6,3,37,7,2967,2,8,AUDI A7,6,E01009776,0,-1
2021552100426,2021,552100426,1,9,0,18,19,8,4,0,0,0,1,0,7,11,1,1,6,6,1,32,6,2967,2,5,AUDI A7,9,E01015406,0,-1
2021010287613,2021,010287613,1,9,0,9,9,7,5,0,0,6,0,0,0,0,3,1,6,6,1,38,7,2967,2,8,AUDI A7,2,E01003258,0,-1
2021231082778,2021,231082778,2,9,0,18,19,8,3,0,0,1,0,0,0,0,1,1,5,6,1,42,7,2967,2,3,AUDI A7,8,E01026990,0,-1
2021131126582,2021,131126582,1,9,0,17,19,7,3,9,9,2,1,0,1,11,1,1,6,6,1,26,6,2967,2,7,AUDI A7,3,E01010940,0,-1
2021430511643,2021,430511643,2,9,0,3,3,1,5,0,0,0,0,0,0,0,1,1,6,6,2,33,6,1984,1,0,AUDI A7,6,E01028717,0,-1
20211381L0799,2021,1381L0799,1,9,0,18,19,2,6,0,0,6,0,0,0,0,1,1,6,6,1,74,10,2967,2,4,AUDI A7,4,E01007559,0,-1
2021461110383,2021,461110383,2,9,0,18,19,2,6,0,0,0,0,0,0,0,1,1,6,6,1,35,6,2967,2,4,AUDI A7,10,E01024365,0,-1
2021522101431,2021,522101431,1,9,0,18,19,5,1,0,0,8,0,0,0,0,1,1,6,6,1,27,6,2967,2,8,AUDI A7,-1,-1,0,-1
2021411095048,2021,411095048,1,9,0,18,19,5,1,0,0,0,5,7,1,0,1,1,6,6,1,74,10,2967,2,4,AUDI A7,8,E01018228,0,-1
2021430389900,2021,430389900,2,9,0,18,19,4,1,0,0,0,0,0,1,0,1,1,6,6,1,46,8,2967,2,5,AUDI A7,10,E01010229,0,-1
2021122100803,2021,122100803,1,9,0,18,19,1,5,0,0,0,0,0,0,0,1,1,6,6,1,20,4,2967,2,6,AUDI A7,10,E01027733,0,-1
2021211079268,2021,211079268,1,9,0,1,1,5,2,0,0,8,0,0,0,0,3,1,6,6,1,35,6,2967,2,10,AUDI A7,4,E01025953,0,-1
2021061101175,2021,061101175,2,9,0,5,5,3,5,0,0,1,0,0,0,0,1,1,5,6,3,30,6,2967,2,7,AUDI A7,4,E01006110,0,-1
2021430226718,2021,430226718,1,9,0,18,19,2,6,0,0,1,0,0,0,0,3,1,6,6,1,39,7,2967,2,7,AUDI A7,10,E01016260,0,-1
2021201061543,2021,201061543,2,9,0,10,10,2,7,0,0,8,0,0,0,0,1,1,6,6,1,40,7,2967,2,7,AUDI A7,5,E01033058,0,-1
2021010303971,2021,010303971,2,9,9,99,99,9,9,99,99,9,9,99,9,99,9,9,6,6,2,-1,-1,2967,2,9,AUDI A7,-1,-1,0,-1
2021451077570,2021,451077570,3,9,0,2,2,0,0,9,9,1,0,0,0,0,3,1,6,6,3,-1,-1,2967,2,5,AUDI A7,-1,-1,0,-1
2021231023677,2021,231023677,3,9,0,18,19,4,8,0,0,0,0,0,0,0,4,1,5,6,1,50,8,2967,2,6,AUDI A7,9,E01032231,0,-1
2021991120285,2021,991120285,2,9,0,4,4,5,1,0,0,1,0,0,0,0,2,1,5,6,1,26,6,2967,2,8,AUDI A7,6,-1,0,-1
2021010296585,2021,010296585,1,9,0,18,19,7,3,0,0,8,0,0,0,0,1,1,6,6,1,27,6,2967,2,10,AUDI A7,6,E01002241,0,-1