collision_index,collision_year,collision_ref_no,vehicle_reference,vehicle_type,towing_and_articulation,vehicle_manoeuvre_historic,vehicle_manoeuvre,vehicle_direction_from,vehicle_direction_to,vehicle_location_restricted_lane_historic,vehicle_location_restricted_lane,junction_location,skidding_and_overturning,hit_object_in_carriageway,vehicle_leaving_carriageway,hit_object_off_carriageway,first_point_of_impact,vehicle_left_hand_drive,journey_purpose_of_driver_historic,journey_purpose_of_driver,sex_of_driver,age_of_driver,age_band_of_driver,engine_capacity_cc,propulsion_code,age_of_vehicle,generic_make_model,driver_imd_decile,lsoa_of_driver,escooter_flag,driver_distance_banding
2021401027074,2021,401027074,1,9,0,4,4,3,7,0,0,0,0,0,0,0,2,1,2,2,1,41,7,2967,2,8,AUDI A7,4,E01015798,0,-1
2021221088998,2021,221088998,1,9,0,16,19,1,4,0,0,0,1,0,7,1,1,1,5,6,1,50,8,2967,2,5,AUDI A7,5,E01010432,0,-1
2021101038288,2021,101038288,2,9,0,3,3,3,7,0,0,0,0,0,0,0,2,1,5,6,1,67,10,2967,2,4,AUDI A7,4,E01008842,0,-1
2021010349534,2021,010349534,2,9,0,9,9,7,6,0,0,6,0,0,0,0,3,1,6,6,1,49,8,2995,1,3,AUDI A7,7,E01032781,0,-1
2021010319788,2021,010319788,3,9,0,18,19,3,7,0,0,0,0,0,0,0,1,1,6,6,1,35,6,2967,2,5,AUDI A7,-1,-1,0,-1
2021010350513,2021,010350513,2,9,0,99,99,9,9,99,99,9,9,99,9,99,2,9,6,6,1,25,5,1968,2,1,AUDI A7,2,E01004308,0,-1
202134WNC4221,2021,34WNC4221,1,9,0,18,19,1,5,0,0,3,0,4,0,0,1,1,6,6,3,-1,-1,2967,2,7,AUDI A7,9,E01027167,0,-1
2021361108448,2021,361108448,1,9,0,18,19,2,3,0,0,0,0,0,0,0,1,1,2,2,1,27,6,2967,2,3,AUDI A7,6,E01018111,0,-1
2021201065571,2021,201065571,1,9,0,18,19,4,8,0,0,0,0,10,0,0,1,1,6,6,1,24,5,2967,2,7,AUDI A7,3,E01009857,0,-1
2021010319884,2021,010319884,2,9,0,7,7,5,6,0,0,8,0,0,0,0,4,1,6,6,1,26,6,2967,2,2,AUDI A7,7,E01001134,0,-1
2021041094800,2021,041094800,1,9,0,18,19,7,3,0,0,0,0,0,0,0,1,1,6,6,3,35,6,2967,2,5,AUDI A7,7,E01025028,0,-1
2021010296624,2021,010296624,1,9,0,99,99,9,9,99,99,1,9,99,9,99,9,1,6,6,1,34,6,2967,2,10,AUDI A7,4,E01001285,0,-1
2021010324563,2021,010324563,1,9,0,99,99,9,9,99,99,9,9,99,9,99,9,9,6,6,1,35,6,2967,2,3,AUDI A7,3,E01003572,0,-1
2021501112538,2021,501112538,2,9,0,12,12,1,5,0,0,0,0,0,0,0,3,1,6,6,1,42,7,4163,1,6,AUDI RS5,5,E01015070,0,-1
2021401087093,2021,401087093,1,9,0,18,19,1,5,0,0,0,1,0,0,0,1,1,5,6,1,45,7,2894,1,2,AUDI RS5,5,E01017440,0,-1
2021131048500,2021,131048500,1,9,0,15,15,7,3,0,0,0,2,0,2,0,1,1,6,6,3,40,7,2894,1,0,AUDI RS5,-1,-1,0,-1
2021430441377,2021,430441377,1,9,0,14,14,5,1,0,0,0,0,0,0,0,1,1,6,6,1,36,7,4163,1,10,AUDI RS5,9,E01028730,0,-1
2021061024967,2021,061024967,1,9,0,9,9,2,6,0,0,8,0,0,0,0,3,1,6,6,1,60,9,2894,1,2,AUDI RS5,6,E01006276,0,-1
2021401071212,2021,401071212,2,9,0,18,19,-1,-1,0,0,8,0,0,0,0,4,1,5,6,1,41,7,4163,1,11,AUDI RS5,9,E01017422,0,-1
2021231060376,2021,231060376,1,9,0,14,14,4,8,0,0,1,0,0,4,0,2,1,2,2,1,47,8,4163,1,7,AUDI RS5,3,E01031080,0,-1
2021522101703,2021,522101703,1,9,0,18,19,1,5,0,0,8,0,0,0,0,1,1,6,6,1,49,8,2894,1,2,AUDI RS5,7,E01014577,0,-1
2021351085179,2021,351085179,1,9,0,18,19,7,3,0,0,0,0,0,0,0,1,1,6,6,1,48,8,4163,1,7,AUDI RS5,-1,-1,0,-1
2021451084049,2021,451084049,3,9,0,18,19,2,6,0,0,0,0,0,0,0,2,1,5,6,1,29,6,4163,1,10,AUDI RS5,9,E01022601,0,-1
2021201065131,2021,201065131,1,9,0,18,19,7,3,0,0,0,0,0,0,0,1,1,6,6,1,32,6,4163,1,8,AUDI RS5,9,E01009816,0,-1
2021471070270,2021,471070270,1,3,0,13,13,7,3,0,0,0,1,0,0,0,1,1,5,6,1,21,5,125,1,0,BENELLI BN,3,E01031830,0,-1
202134NNC1561,2021,34NNC1561,1,3,0,18,19,6,2,0,0,2,1,0,0,0,3,1,6,6,1,23,5,125,1,1,BENELLI BN,9,E01032965,0,-1
2021201084130,2021,201084130,1,3,0,18,19,6,2,0,0,4,0,0,0,0,1,1,6,6,1,22,5,125,1,0,BENELLI BN,1,E01010107,0,-1
2021052102774,2021,052102774,2,4,0,18,19,7,3,0,0,8,0,0,0,0,1,1,2,2,1,17,4,125,1,0,-1,8,E01006345,0,-1
202131C130821,2021,31C130821,1,3,0,17,19,6,8,0,0,2,0,0,0,0,1,1,2,2,1,29,6,125,1,0,BENELLI BN,8,E01028177,0,-1
2021041081336,2021,041081336,1,3,0,9,9,3,7,0,0,2,0,0,0,0,2,1,5,6,1,26,6,125,1,1,BENELLI BN,3,E01012732,0,-1
2021552100827,2021,552100827,1,3,0,15,15,2,6,0,0,8,0,0,0,0,1,1,6,6,1,25,5,125,1,0,BENELLI BN,2,E01015384,0,-1
2021052100484,2021,052100484,1,3,0,18,19,1,5,0,0,0,0,0,0,0,4,1,2,2,1,18,4,125,1,1,BENELLI BN,6,E01007213,0,-1
2021211075166,2021,211075166,1,3,0,16,19,7,3,0,0,0,1,0,0,0,4,1,6,6,1,30,6,125,1,1,BENELLI BN,1,E01014108,0,-1
2021531098483,2021,531098483,1,3,0,18,19,4,8,0,0,0,0,0,7,4,1,1,6,6,1,18,4,125,1,0,BENELLI BN,8,E01022362,0,-1
2021211146585,2021,211146585,2,3,0,18,19,1,5,0,0,1,0,0,0,0,1,1,6,6,1,19,4,125,1,1,BENELLI BN,-1,-1,0,-1
2021161062899,2021,161062899,2,3,0,15,15,6,2,0,0,1,0,0,0,0,1,1,5,6,1,25,5,125,1,0,BENELLI BN,1,E01012867,0,-1
2021231102951,2021,231102951,1,3,0,18,19,2,6,0,0,8,0,0,7,0,4,1,5,6,1,19,4,125,1,0,BENELLI BN,3,E01032534,0,-1
2021430559209,2021,430559209,2,3,0,18,19,7,3,0,0,1,0,0,0,0,0,1,6,6,1,46,8,125,1,1,BENELLI BN,10,E01028573,0,-1
2021501099634,2021,501099634,1,3,0,18,19,6,1,0,0,3,0,0,2,10,1,1,5,6,1,18,4,125,1,1,BENELLI BN,6,E01020244,0,-1
2021010304584,2021,010304584,2,3,0,13,13,1,5,0,0,1,0,0,0,0,4,1,6,6,1,56,9,125,1,2,BENELLI BN,2,E01001152,0,-1
2021170M11121,2021,170M11121,2,4,0,18,19,3,7,0,0,0,0,0,0,0,1,1,6,6,1,29,6,125,1,2,BENELLI BN,1,E01012093,0,-1
2021461092056,2021,461092056,2,3,0,14,14,1,5,0,0,1,0,0,0,0,1,1,6,6,1,17,4,125,1,0,BENELLI BN,3,E01032830,0,-1
2021302101592,2021,302101592,1,3,0,18,19,6,2,0,0,0,1,0,0,0,1,1,6,6,1,17,4,125,1,0,BENELLI BN,6,E01019465,0,-1
2021031108265,2021,031108265,2,3,0,18,19,3,7,0,0,1,0,0,0,0,1,1,6,6,1,18,4,125,1,0,BENELLI BN,5,E01019282,0,-1
2021141077711,2021,141077711,1,3,0,18,19,7,3,0,0,0,5,0,0,0,2,1,6,6,1,25,5,125,1,0,BENELLI BN,4,E01011098,0,-1
2021231105130,2021,231105130,2,3,0,18,19,1,4,0,0,8,0,0,0,0,3,1,5,6,2,34,6,125,1,1,BENELLI BN,9,E01031330,0,-1
2021471042334,2021,471042334,2,3,0,18,19,8,4,0,0,1,1,0,0,0,4,1,5,6,1,18,4,125,1,0,BENELLI BN,6,E01021105,0,-1
2021440471191,2021,440471191,1,3,0,18,19,2,6,0,0,0,1,0,0,0,0,1,6,6,1,28,6,125,1,2,BENELLI BN,2,E01017241,0,-1
2021122101346,2021,122101346,1,3,0,16,19,1,5,0,0,0,1,0,1,9,4,1,6,6,1,23,5,125,1,0,BENELLI BN,7,E01007306,0,-1
2021101119584,2021,101119584,1,3,0,9,9,3,7,0,0,1,0,0,0,0,1,1,2,2,1,21,5,125,1,0,BENELLI BN,1,E01008610,0,-1
2021501070941,2021,501070941,2,9,0,3,3,6,2,0,0,0,0,0,1,0,2,1,5,6,1,47,8,1997,2,4,-1,1,E01015233,0,-1
2021201030209,2021,201030209,3,9,0,2,2,0,0,0,0,0,0,4,0,0,4,1,5,6,1,-1,-1,1560,2,3,-1,2,E01009314,0,-1
2021131078750,2021,131078750,1,9,0,13,13,1,5,0,0,8,0,0,0,0,0,1,5,6,1,41,7,1560,2,3,-1,5,E01011078,0,-1
2021061100581,2021,061100581,1,9,0,2,2,1,1,0,0,0,0,0,0,0,2,1,6,6,2,36,7,1997,2,2,-1,6,E01005519,0,-1
2021131052744,2021,131052744,2,9,0,16,19,7,3,0,0,3,0,0,0,0,3,1,5,6,1,29,6,1997,2,3,-1,1,E01010814,0,-1
2021320727642,2021,320727642,2,9,0,18,19,6,2,0,0,0,0,0,0,0,1,1,6,6,1,30,6,1598,1,2,-1,5,E01032987,0,-1
2021201094526,2021,201094526,3,9,0,18,19,1,5,0,0,0,0,0,0,0,0,1,6,6,3,-1,-1,1598,1,2,-1,-1,-1,0,-1
2021201039946,2021,201039946,2,9,0,18,19,8,4,0,0,8,0,0,0,0,1,1,6,6,1,31,6,1997,2,3,-1,4,E01008947,0,-1
2021221062168,2021,221062168,5,9,0,4,4,4,8,0,0,0,0,0,0,0,0,1,5,6,1,60,9,1598,1,2,-1,9,E01014957,0,-1
2021010312942,2021,010312942,1,9,0,18,19,3,7,0,0,4,0,0,0,0,1,1,6,6,2,48,8,1600,8,1,-1,7,E01004639,0,-1
2021010333368,2021,010333368,1,9,0,4,4,1,5,0,0,0,0,8,0,0,4,1,6,6,2,42,7,1499,2,0,-1,3,E01004411,0,-1
2021010287918,2021,010287918,2,5,0,99,99,9,9,99,99,9,9,99,9,99,1,1,6,6,3,47,8,695,1,14,-1,2,E01033085,0,-1
2021440352525,2021,440352525,2,9,0,4,4,3,7,0,0,0,0,0,0,0,2,1,6,6,2,61,9,1368,1,3,-1,4,E01017074,0,-1
2021010324535,2021,010324535,1,9,0,9,9,5,2,0,0,8,0,0,0,0,1,1,6,6,1,21,5,1368,1,3,-1,10,E01030809,0,-1
2021061054954,2021,061054954,3,9,0,18,19,8,4,0,0,0,0,0,0,0,4,1,6,6,2,23,5,1368,1,3,-1,7,E01018393,0,-1
2021201073545,2021,201073545,2,19,0,18,19,-1,-1,0,0,0,0,0,0,0,1,1,6,6,1,37,7,1248,2,8,FIAT FIORINO,1,E01033650,0,-1
2021451026215,2021,451026215,1,19,0,18,19,5,1,0,0,0,5,0,1,1,1,1,5,6,1,21,5,1248,2,11,FIAT FIORINO,2,E01030599,0,-1
2021141079055,2021,141079055,1,19,0,18,19,1,5,0,0,0,0,0,0,0,2,2,5,6,1,42,7,1248,2,5,FIAT FIORINO,6,E01011861,0,-1
2021371087204,2021,371087204,2,19,0,18,19,2,6,0,0,1,0,0,0,0,3,1,1,1,1,55,8,1248,2,11,FIAT FIORINO,9,E01030175,0,-1
2021451069330,2021,451069330,3,19,0,1,1,1,5,0,0,0,0,0,0,0,2,1,6,6,1,32,6,1248,2,11,FIAT FIORINO,-1,-1,0,-1
2021411033319,2021,411033319,1,19,0,18,19,6,2,0,0,0,0,0,0,0,2,1,6,6,3,-1,-1,1248,2,8,FIAT FIORINO,-1,-1,0,-1
2021010332949,2021,010332949,1,19,0,99,99,9,9,99,99,9,9,99,9,99,2,9,1,1,1,34,6,1248,2,4,FIAT FIORINO,4,E01004338,0,-1
2021041122319,2021,041122319,1,19,0,9,9,6,1,0,0,1,0,0,0,0,1,1,1,1,2,62,9,1248,2,0,FIAT FIORINO,2,E01025059,0,-1
2021302100398,2021,302100398,2,19,0,13,13,2,6,0,0,1,0,0,0,0,1,1,1,1,1,71,10,1248,2,2,FIAT FIORINO,5,E01019719,0,-1
2021010319937,2021,010319937,3,19,0,2,2,0,0,0,0,0,0,0,0,0,2,1,6,6,3,-1,-1,1248,2,2,FIAT FIORINO,-1,-1,0,-1
2021302100397,2021,302100397,2,19,0,14,14,6,8,0,0,2,0,0,0,0,4,1,2,2,1,66,10,1248,2,6,FIAT FIORINO,5,E01027945,0,-1
2021010323325,2021,010323325,1,19,0,9,9,3,1,0,0,5,0,0,0,0,1,1,6,6,1,26,6,1248,2,9,FIAT FIORINO,4,E01001180,0,-1
2021471045031,2021,471045031,1,19,0,18,19,4,8,0,0,1,5,0,0,0,3,1,1,1,1,31,6,1248,2,8,FIAT FIORINO,10,E01031773,0,-1
2021440384654,2021,440384654,1,9,0,5,5,1,5,0,0,6,0,0,0,0,1,1,1,1,2,47,8,-1,-1,-1,FIAT FIORINO,5,E01017206,0,-1
2021302101952,2021,302101952,1,9,0,18,19,4,8,0,0,1,0,0,0,0,3,1,6,6,2,35,6,1248,2,9,-1,7,E01019477,0,-1
2021201045957,2021,201045957,2,19,0,2,2,0,0,0,0,0,0,0,0,0,2,1,6,6,1,56,9,1248,2,8,FIAT FIORINO,7,E01009260,0,-1
2021501059570,2021,501059570,1,9,0,4,4,1,5,0,0,0,0,0,0,0,1,1,6,6,2,50,8,-1,-1,-1,FIAT FIORINO,3,E01019036,0,-1
2021451054196,2021,451054196,2,19,0,2,2,0,0,0,0,1,0,4,0,0,1,1,6,6,3,-1,-1,1248,2,3,FIAT FIORINO,-1,-1,0,-1
2021501045247,2021,501045247,1,9,0,9,9,3,1,0,0,8,0,0,0,0,3,1,5,6,1,55,8,-1,-1,-1,FIAT FIORINO,6,E01020295,0,-1
2021471083938,2021,471083938,2,9,0,18,19,6,4,0,0,4,0,0,1,0,3,1,5,6,1,31,6,-1,-1,-1,FIAT FIORINO,5,E01031442,0,-1
2021010339671,2021,010339671,1,19,0,99,99,9,9,99,99,9,9,99,9,99,2,9,6,6,1,40,7,1248,2,10,FIAT FIORINO,3,E01002756,0,-1
2021440097611,2021,440097611,2,19,0,18,19,2,6,0,0,8,0,0,0,0,1,1,6,6,1,19,4,1248,2,3,FIAT FIORINO,6,E01022911,0,-1
2021010348452,2021,010348452,3,19,0,4,4,5,1,9,9,1,0,0,0,0,2,1,2,2,1,42,7,1248,2,11,FIAT FIORINO,2,E01000501,0,-1
2021401110093,2021,401110093,1,19,0,18,19,5,1,0,0,4,0,0,0,0,1,1,6,6,3,-1,-1,1248,2,11,FIAT FIORINO,-1,-1,0,-1
2021221109156,2021,221109156,2,19,0,2,2,0,0,0,0,0,0,0,0,0,2,1,6,6,1,71,10,1698,2,21,FIAT FIORINO,2,E01014064,0,-1
2021010326854,2021,010326854,2,19,0,18,19,1,5,0,0,8,0,0,0,0,4,1,1,1,1,31,6,1248,2,0,FIAT FIORINO,7,E01016139,0,-1
2021991092720,2021,991092720,2,9,0,18,19,6,2,0,0,0,0,0,0,0,0,1,1,1,2,38,7,-1,-1,-1,FIAT FIORINO,6,-1,0,-1
2021161042364,2021,161042364,2,19,0,18,19,1,5,0,0,8,0,0,0,0,1,2,5,6,1,24,5,1248,2,8,FIAT FIORINO,4,E01007513,0,-1
2021991063086,2021,991063086,1,19,0,9,9,2,7,0,0,5,0,0,0,0,4,1,2,2,1,53,8,1248,2,5,FIAT FIORINO,6,-1,0,-1
2021411113608,2021,411113608,3,19,0,2,2,0,0,0,0,1,0,0,0,0,2,1,6,6,1,-1,-1,1248,2,11,FIAT FIORINO,3,E01002185,0,-1
2021501051665,2021,501051665,2,19,0,18,19,8,4,0,0,0,0,0,0,0,3,1,5,6,1,61,9,-1,-1,-1,-1,9,W01000839,0,-1
2021221044159,2021,221044159,2,9,0,18,19,6,2,0,0,0,0,0,0,0,3,1,5,6,1,69,10,1993,1,39,-1,6,E01022263,0,-1
2021401062647,2021,401062647,1,5,0,13,13,8,4,0,0,1,0,0,0,0,1,1,1,1,1,59,9,1868,1,1,-1,10,E01023698,0,-1
2021421088503,2021,421088503,2,5,0,13,13,1,5,0,0,0,2,0,0,0,1,1,5,6,1,22,5,1745,1,0,-1,4,E01004358,0,-1
2021122100953,2021,122100953,1,5,0,4,4,3,7,0,0,1,1,0,0,0,1,1,6,6,1,62,9,1450,1,19,-1,-1,-1,0,-1
2021421078101,2021,421078101,2,5,0,18,19,3,8,0,0,0,0,0,0,0,3,1,2,2,1,28,6,582,1,6,-1,1,E01015880,0,-1
2021531111255,2021,531111255,2,5,0,18,19,4,8,0,0,8,2,0,0,0,1,1,5,6,1,58,9,582,1,18,-1,8,E01015487,0,-1
2021061034904,2021,061034904,2,5,0,18,19,5,1,0,0,1,0,0,0,0,1,1,1,1,1,58,9,582,1,10,-1,1,E01005121,0,-1
2021010347557,2021,010347557,1,5,0,99,99,9,9,99,99,0,9,99,9,99,9,1,6,6,3,50,8,582,1,14,-1,3,E01001954,0,-1
202131B023421,2021,31B023421,1,5,0,17,19,1,7,0,0,8,0,0,1,9,1,1,6,6,1,73,10,582,1,19,-1,6,E01013250,0,-1
2021010348031,2021,010348031,2,5,0,6,6,3,3,0,0,0,0,0,0,0,2,1,1,1,1,38,7,582,1,12,-1,2,E01002735,0,-1
2021061039063,2021,061039063,1,5,0,15,15,1,1,0,0,1,0,0,0,0,1,1,5,6,1,20,4,582,1,18,-1,3,E01006398,0,-1
2021010322286,2021,010322286,2,5,0,15,15,3,7,0,0,1,0,0,0,0,3,1,2,2,1,59,9,582,1,9,-1,7,E01024804,0,-1
202131D113621,2021,31D113621,2,5,0,16,19,3,6,0,0,3,0,0,0,0,4,1,6,6,1,51,8,582,1,11,-1,2,E01013917,0,-1
2021010287778,2021,010287778,1,3,0,18,19,5,1,0,0,2,5,0,0,0,1,1,6,6,1,21,5,108,1,7,HONDA NSC110E,6,E01001997,0,-1
2021471091773,2021,471091773,2,3,0,18,19,3,7,0,0,1,0,0,0,0,1,1,6,6,1,52,8,108,1,7,HONDA NSC110E,5,E01016849,0,-1
2021401110019,2021,401110019,2,3,0,18,19,2,6,0,0,1,0,0,0,0,1,1,5,6,1,27,6,108,1,5,HONDA NSC110E,2,E01015698,0,-1
2021010309634,2021,010309634,2,3,0,99,99,9,9,0,0,1,0,0,0,0,1,1,6,6,1,31,6,108,1,7,HONDA NSC110E,3,E01002048,0,-1
2021010314625,2021,010314625,1,3,0,99,99,9,9,99,99,9,9,99,9,99,9,1,6,6,1,44,7,108,1,5,HONDA NSC110E,5,E01000636,0,-1
2021010323037,2021,010323037,2,3,0,99,99,9,9,99,99,9,9,99,9,99,9,1,1,1,1,38,7,108,1,5,HONDA NSC110E,4,E01032732,0,-1
2021010288731,2021,010288731,2,3,0,15,15,1,5,0,0,0,0,0,0,0,0,1,6,6,1,27,6,108,1,6,HONDA NSC110E,4,E01000547,0,-1
2021141023976,2021,141023976,1,3,0,18,19,6,2,0,0,2,0,0,0,0,1,1,6,6,1,21,5,108,1,7,HONDA NSC110E,4,E01007445,0,-1
2021010290298,2021,010290298,1,3,0,99,99,9,9,99,99,0,9,99,9,99,1,1,6,6,1,47,8,108,1,7,HONDA NSC110E,6,E01003394,0,-1
2021010313481,2021,010313481,1,3,0,99,99,9,9,99,99,0,9,99,9,99,2,1,6,6,1,30,6,108,1,8,HONDA NSC110E,3,E01001147,0,-1
2021010339204,2021,010339204,1,3,0,99,99,9,9,99,99,9,9,99,9,99,1,1,1,1,1,24,5,108,1,7,HONDA NSC110E,4,E01003621,0,-1
2021451055292,2021,451055292,2,3,0,4,4,3,7,0,0,1,0,0,0,0,2,1,1,1,1,30,6,108,1,7,HONDA NSC110E,7,E01030332,0,-1
2021161069156,2021,161069156,2,3,0,18,19,6,2,0,0,8,0,0,0,0,3,1,1,1,1,30,6,108,1,5,HONDA NSC110E,1,E01012850,0,-1
2021010288340,2021,010288340,1,3,0,99,99,9,9,99,99,9,9,99,9,99,1,1,6,6,2,21,5,108,1,7,HONDA NSC110E,2,E01000523,0,-1
2021411118723,2021,411118723,2,3,0,18,19,1,5,0,0,3,1,0,0,0,1,1,1,1,1,24,5,108,1,7,HONDA NSC110E,5,E01023924,0,-1
2021010328319,2021,010328319,1,3,0,3,3,3,7,0,0,8,0,0,0,0,1,1,6,6,1,23,5,108,1,5,HONDA NSC110E,2,E01004471,0,-1
2021010309321,2021,010309321,1,3,0,99,99,9,9,99,99,9,9,99,9,99,9,1,6,6,1,20,4,108,1,6,HONDA NSC110E,2,E01000556,0,-1
2021371118341,2021,371118341,2,3,0,18,19,2,6,0,0,0,0,0,0,0,1,1,2,2,1,51,8,108,1,5,HONDA NSC110E,5,E01030281,0,-1
2021451104422,2021,451104422,1,3,0,7,7,3,7,0,0,1,1,0,0,0,1,1,1,1,2,25,5,108,1,5,HONDA NSC110E,9,E01030916,0,-1
2021131051343,2021,131051343,1,5,0,13,13,6,2,0,0,1,2,11,0,0,1,1,6,6,3,-1,-1,738,1,20,-1,-1,-1,0,-1
2021421056314,2021,421056314,2,5,0,18,19,7,3,0,0,1,1,0,0,0,0,1,6,6,1,41,7,525,1,17,KTM EXC,4,E01021835,0,-1
2021545188321,2021,545188321,1,4,0,18,19,3,7,0,0,1,1,7,7,10,1,1,6,6,1,43,7,300,1,16,KTM EXC,10,E01031966,0,-1
2021544464721,2021,544464721,3,4,0,12,12,3,1,0,0,1,0,0,4,0,2,1,6,6,1,49,8,249,1,2,KTM EXC,5,E01020427,0,-1
2021161068475,2021,161068475,1,4,0,18,19,5,3,0,0,0,0,0,0,0,1,1,6,6,1,31,6,449,1,12,KTM EXC,1,E01012778,0,-1
2021122101039,2021,122101039,2,4,0,18,19,3,7,0,0,8,0,0,0,0,4,1,6,6,1,26,6,249,1,1,KTM EXC,9,E01013389,0,-1
2021461086481,2021,461086481,2,4,0,18,19,1,5,0,0,0,5,0,0,0,1,1,6,6,1,24,5,450,1,17,KTM EXC,5,E01024342,0,-1
2021501108117,2021,501108117,1,4,0,13,13,8,4,0,0,1,0,4,0,0,1,1,6,6,1,24,5,249,1,8,KTM EXC,1,E01015043,0,-1
2021544464721,2021,544464721,2,4,0,12,12,3,1,0,0,1,0,0,4,0,2,1,6,6,1,50,8,293,1,1,KTM EXC,8,E01008287,0,-1
2021101091434,2021,101091434,1,4,0,18,19,7,3,0,0,1,0,0,0,0,1,1,5,6,1,25,5,449,1,9,KTM EXC,3,E01008462,0,-1
2021622100501,2021,622100501,1,4,0,18,19,5,1,0,0,1,1,0,0,0,1,1,6,6,1,27,6,293,1,1,KTM EXC,3,W01001066,0,-1
2021461040812,2021,461040812,2,4,0,18,19,1,5,0,0,0,0,0,0,0,1,1,5,6,1,40,7,293,1,4,KTM EXC,7,E01024680,0,-1
2021010352268,2021,010352268,2,9,0,18,19,1,5,0,0,8,0,0,0,0,1,1,6,6,1,25,5,3456,8,15,LEXUS GS 450,2,E01001442,0,-1
2021221105431,2021,221105431,1,9,0,9,9,1,8,0,0,6,0,10,1,10,1,1,5,6,1,84,11,3456,8,13,LEXUS GS 450,5,E01014059,0,-1
2021010325729,2021,010325729,3,9,0,18,19,7,3,0,0,2,0,0,0,0,1,1,6,6,1,36,7,3456,8,13,LEXUS GS 450,3,E01003631,0,-1
2021010323467,2021,010323467,1,9,0,99,99,9,9,99,99,0,9,99,9,99,3,9,6,6,3,-1,-1,3456,8,14,LEXUS GS 450,-1,-1,0,-1
202134WNC5491,2021,34WNC5491,2,9,0,18,19,1,5,0,0,8,0,0,0,0,1,1,6,6,1,40,7,3456,8,14,LEXUS GS 450,2,E01027223,0,-1
2021010310544,2021,010310544,1,9,0,18,19,3,7,0,0,2,0,0,0,0,3,1,6,6,1,40,7,3456,8,12,LEXUS GS 450,3,E01004443,0,-1
2021010304942,2021,010304942,2,9,0,2,2,0,0,99,99,0,9,99,9,99,4,9,6,6,3,-1,-1,3456,8,13,LEXUS GS 450,-1,-1,0,-1
2021010331391,2021,010331391,3,9,0,18,19,1,5,0,0,0,0,0,0,0,3,1,6,6,1,43,7,3456,8,12,LEXUS GS 450,3,E01001763,0,-1
2021531029559,2021,531029559,1,9,0,18,19,1,3,0,0,0,0,0,0,0,1,1,5,6,1,32,6,3456,8,14,LEXUS GS 450,3,E01022159,0,-1
2021520104375,2021,520104375,1,9,0,18,19,6,2,0,0,1,0,0,0,0,1,1,6,6,1,40,7,3456,8,14,LEXUS GS 450,9,E01029315,0,-1
2021010303050,2021,010303050,1,9,0,9,9,5,2,0,0,6,0,0,0,0,1,1,6,6,2,35,6,3456,8,15,LEXUS GS 450,3,E01003609,0,-1
2021010348139,2021,010348139,2,9,0,99,99,9,9,99,99,0,9,99,9,99,1,9,6,6,1,28,6,3456,8,11,LEXUS GS 450,3,E01001804,0,-1
2021421104927,2021,421104927,1,9,0,18,19,7,4,0,0,0,0,0,0,0,1,1,6,6,1,54,8,3456,8,15,LEXUS GS 450,2,E01021864,0,-1
2021461023343,2021,461023343,1,9,0,18,19,5,8,0,0,0,1,0,1,10,4,1,2,2,1,29,6,2494,8,3,-1,7,E01003677,0,-1
2021471094207,2021,471094207,2,9,0,18,19,2,6,0,0,0,0,0,0,0,4,1,5,6,1,75,10,2494,8,5,-1,9,E01031353,0,-1
2021411119156,2021,411119156,1,9,0,18,19,4,8,0,0,1,0,0,0,0,1,1,6,6,2,77,11,2494,8,5,-1,9,E01023406,0,-1
2021421096101,2021,421096101,1,9,0,18,19,8,4,0,0,0,0,0,0,0,1,1,5,6,2,70,10,4293,1,15,-1,-1,-1,0,-1
2021041094762,2021,041094762,1,9,0,18,19,7,3,0,0,4,0,0,0,0,3,1,5,6,1,70,10,4293,1,15,-1,7,E01006973,0,-1
2021361046424,2021,361046424,1,9,0,18,19,7,3,0,0,0,0,0,0,0,2,1,5,6,1,66,10,4293,1,19,-1,7,E01026533,0,-1
2021471061425,2021,471061425,2,3,0,17,19,5,2,0,0,1,0,0,0,0,1,1,6,6,1,57,9,125,1,16,-1,4,E01031575,0,-1
2021501098239,2021,501098239,2,3,0,4,4,5,1,0,0,0,2,0,0,0,1,1,2,2,2,26,6,125,1,0,-1,4,E01020180,0,-1
2021010321082,2021,010321082,1,3,0,99,99,9,9,0,0,1,9,0,0,0,9,1,6,6,1,20,4,125,1,1,-1,6,E01000851,0,-1
2021221021457,2021,221021457,1,9,0,9,9,2,8,0,0,1,0,0,0,0,1,1,5,6,1,55,8,1769,2,30,-1,5,E01032169,0,-1
2021520104381,2021,520104381,2,9,0,18,19,4,8,0,0,0,0,0,0,0,1,1,6,6,1,81,11,1360,1,30,-1,-1,-1,0,-1
2021501023389,2021,501023389,2,9,0,4,4,8,4,0,0,0,0,0,0,0,1,1,1,1,2,20,4,1124,1,32,-1,9,E01020086,0,-1
2021501110865,2021,501110865,1,9,0,18,19,6,2,0,0,0,0,12,0,0,1,1,5,6,2,24,5,1769,2,26,-1,8,E01014634,0,-1