collision_index,collision_year,collision_ref_no,vehicle_reference,vehicle_type,towing_and_articulation,vehicle_manoeuvre_historic,vehicle_manoeuvre,vehicle_direction_from,vehicle_direction_to,vehicle_location_restricted_lane_historic,vehicle_location_restricted_lane,junction_location,skidding_and_overturning,hit_object_in_carriageway,vehicle_leaving_carriageway,hit_object_off_carriageway,first_point_of_impact,vehicle_left_hand_drive,journey_purpose_of_driver_historic,journey_purpose_of_driver,sex_of_driver,age_of_driver,age_band_of_driver,engine_capacity_cc,propulsion_code,age_of_vehicle,generic_make_model,driver_imd_decile,lsoa_of_driver,escooter_flag,driver_distance_banding
2021041112228,2021,041112228,1,9,0,18,19,1,5,0,0,0,1,0,0,0,1,1,6,6,1,46,8,1905,1,30,-1,4,E01004917,0,-1
2021552101039,2021,552101039,2,4,0,18,19,3,7,0,0,8,1,0,1,0,3,1,1,1,1,44,7,-1,-1,-1,PIAGGIO MP3,6,E01015291,0,-1
2021010327953,2021,010327953,2,4,0,5,5,7,3,0,0,1,0,0,0,0,3,1,6,6,1,40,7,-1,-1,-1,PIAGGIO MP3,6,E01004693,0,-1
2021010294454,2021,010294454,2,4,0,18,19,6,2,0,0,1,0,0,0,0,1,1,1,1,1,57,9,-1,-1,-1,PIAGGIO MP3,4,E01001323,0,-1
2021010351152,2021,010351152,1,4,0,3,3,3,7,0,0,2,0,0,0,0,3,1,6,6,1,43,7,-1,-1,-1,PIAGGIO MP3,4,E01003447,0,-1
2021010344365,2021,010344365,3,4,0,18,19,7,3,0,0,0,5,0,0,0,1,1,2,2,2,44,7,-1,-1,-1,PIAGGIO MP3,10,E01030415,0,-1
2021010336191,2021,010336191,1,4,0,99,99,9,9,99,99,9,9,99,9,99,9,1,1,1,1,49,8,-1,-1,-1,PIAGGIO MP3,2,E01003243,0,-1
2021010345415,2021,010345415,1,4,0,99,99,9,9,99,99,9,9,99,9,99,2,1,6,6,1,58,9,-1,-1,-1,PIAGGIO MP3,3,E01001887,0,-1
2021010324023,2021,010324023,2,2,0,18,19,5,1,0,0,1,0,0,0,0,4,1,2,2,1,26,6,244,1,14,PIAGGIO MP3,2,E01033726,0,-1
2021010335512,2021,010335512,1,9,0,18,19,5,1,0,0,0,0,0,0,0,1,1,2,2,1,46,8,278,1,1,PIAGGIO MP3,7,E01003064,0,-1
2021122101050,2021,122101050,2,4,0,18,19,8,4,0,0,8,0,0,0,0,1,1,6,6,1,65,9,-1,-1,-1,PIAGGIO MP3,7,E01033296,0,-1
2021010308205,2021,010308205,2,9,0,13,13,7,3,0,0,0,5,0,0,0,2,1,2,2,1,31,6,278,1,1,PIAGGIO MP3,4,E01001756,0,-1
2021010289430,2021,010289430,1,4,0,99,99,9,9,99,99,9,9,99,9,99,9,1,2,2,1,40,7,-1,-1,-1,PIAGGIO MP3,6,E01015950,0,-1
2021010302918,2021,010302918,1,4,0,99,99,9,9,99,99,9,9,99,9,99,1,1,2,2,1,37,7,-1,-1,-1,PIAGGIO MP3,4,E01000171,0,-1
2021010348303,2021,010348303,1,4,0,18,19,7,3,2,2,2,0,0,1,0,3,1,2,2,1,57,9,-1,-1,-1,PIAGGIO MP3,9,E01000899,0,-1
2021010302672,2021,010302672,1,3,0,14,14,1,5,0,0,0,0,0,0,0,3,1,2,2,1,24,5,124,1,12,PIAGGIO MP3,2,E01000992,0,-1
2021010318162,2021,010318162,1,4,0,99,99,9,9,99,99,9,9,99,9,99,1,1,6,6,1,37,7,-1,-1,-1,PIAGGIO MP3,4,E01000171,0,-1
2021010303500,2021,010303500,2,4,0,99,99,9,9,99,99,9,9,99,9,99,9,1,6,6,3,-1,-1,-1,-1,-1,PIAGGIO MP3,-1,-1,0,-1
2021010326082,2021,010326082,1,3,0,18,19,1,5,0,0,8,0,0,7,0,1,1,6,6,1,-1,-1,399,1,14,PIAGGIO MP3,-1,-1,0,-1
2021010291141,2021,010291141,2,4,0,18,19,2,6,0,0,8,0,0,0,0,1,1,6,6,1,63,9,-1,-1,-1,PIAGGIO MP3,5,E01004644,0,-1
2021010302569,2021,010302569,2,4,0,15,15,7,3,0,0,0,0,0,0,0,1,1,1,1,1,35,6,-1,-1,-1,PIAGGIO MP3,-1,-1,0,-1
2021010316575,2021,010316575,1,3,0,99,99,9,9,99,99,9,9,99,9,99,1,1,6,6,1,24,5,124,1,12,PIAGGIO MP3,2,E01000992,0,-1
2021010304221,2021,010304221,2,3,0,14,14,7,3,0,0,1,0,0,0,0,1,1,2,2,1,49,8,124,1,14,PIAGGIO MP3,4,E01004565,0,-1
2021010325012,2021,010325012,1,4,0,99,99,9,9,99,99,9,9,99,9,99,9,1,6,6,1,33,6,-1,-1,-1,PIAGGIO MP3,8,E01002159,0,-1
2021010312213,2021,010312213,1,5,0,4,4,7,3,0,0,1,0,0,0,0,1,1,6,6,1,38,7,-1,-1,-1,PIAGGIO MP3,6,E01001598,0,-1
2021320327863,2021,320327863,2,4,0,18,19,6,2,0,0,1,0,0,0,0,1,1,6,6,2,58,9,-1,-1,-1,PIAGGIO MP3,2,E01026111,0,-1
2021302100820,2021,302100820,1,4,0,16,19,6,8,0,0,0,0,0,0,0,1,1,6,6,1,72,10,-1,-1,-1,PIAGGIO MP3,4,E01028130,0,-1
2021010302926,2021,010302926,1,9,0,3,3,7,3,0,0,1,0,0,0,0,4,1,2,2,1,28,6,278,1,7,PIAGGIO MP3,5,E01000159,0,-1
2021010287937,2021,010287937,1,4,0,99,99,9,9,0,0,8,0,0,0,0,1,1,6,6,1,30,6,-1,-1,-1,PIAGGIO MP3,5,E01003833,0,-1
2021010322157,2021,010322157,2,3,0,18,19,7,3,0,0,1,0,0,0,0,1,1,6,6,1,31,6,124,1,13,PIAGGIO MP3,1,E01004256,0,-1
2021010291168,2021,010291168,2,5,0,18,19,1,5,0,0,1,0,0,0,0,3,1,6,6,1,50,8,-1,-1,-1,PIAGGIO MP3,3,E01004645,0,-1
2021010334279,2021,010334279,1,4,0,99,99,9,9,99,99,9,9,99,9,99,9,1,2,2,1,31,6,-1,-1,-1,PIAGGIO MP3,5,E01033734,0,-1
202131C040021,2021,31C040021,1,11,0,18,19,2,6,2,2,2,0,0,0,0,0,1,1,1,2,38,7,9300,5,2,SCANIA MODEL MISSING,1,E01013920,0,-1
2021010302047,2021,010302047,2,19,0,18,19,1,5,0,0,8,0,0,0,0,1,1,6,6,1,48,8,7700,2,1,SCANIA MODEL MISSING,1,E01022032,0,-1
2021010331156,2021,010331156,3,21,0,3,3,7,3,0,0,8,0,0,0,0,0,1,2,2,1,40,7,12742,2,2,SCANIA MODEL MISSING,4,E01033127,0,-1
2021311096735,2021,311096735,1,11,0,4,4,6,2,0,0,0,0,0,0,0,0,1,1,1,1,47,8,9000,5,4,SCANIA MODEL MISSING,-1,-1,0,-1
2021010335071,2021,010335071,2,11,0,99,99,9,9,99,99,0,9,99,9,99,9,9,6,6,3,-1,-1,9000,2,11,SCANIA MODEL MISSING,-1,-1,0,-1
2021302100660,2021,302100660,1,11,0,18,19,8,4,0,0,1,0,0,0,0,1,1,3,7,1,51,8,9000,2,7,SCANIA MODEL MISSING,2,E01019567,0,-1
2021471052541,2021,471052541,1,11,0,4,4,3,7,0,0,1,0,0,0,0,1,1,1,1,1,50,8,9000,2,12,SCANIA MODEL MISSING,3,E01020996,0,-1
2021231068644,2021,231068644,2,21,1,11,11,7,3,0,0,0,0,0,0,0,2,1,1,1,1,48,8,12740,2,3,SCANIA MODEL MISSING,10,E01027203,0,-1
2021010299667,2021,010299667,2,21,0,18,19,1,5,0,0,0,0,0,0,0,9,1,1,1,3,-1,-1,12742,2,2,SCANIA MODEL MISSING,4,E01024162,0,-1
2021122200070,2021,122200070,1,20,0,18,19,5,1,0,0,1,1,0,0,0,1,1,1,1,1,38,7,9290,2,5,SCANIA MODEL MISSING,3,E01011547,0,-1
2021302100539,2021,302100539,2,19,0,5,5,6,8,0,0,4,0,0,0,0,1,1,1,1,1,58,9,11705,2,12,SCANIA MODEL MISSING,6,E01019594,0,-1
2021141094799,2021,141094799,1,11,0,18,19,7,3,0,0,0,0,5,0,0,1,1,1,1,1,49,8,11000,2,17,SCANIA MODEL MISSING,7,E01011112,0,-1
2021211049390,2021,211049390,2,21,1,4,4,1,5,0,0,0,0,0,0,0,1,1,6,6,1,53,8,12742,2,3,SCANIA MODEL MISSING,10,E01029030,0,-1
2021031124566,2021,031124566,3,21,1,16,19,4,5,0,0,0,0,0,0,0,3,1,1,1,1,65,9,12740,2,8,SCANIA MODEL MISSING,-1,-1,0,-1
2021221035996,2021,221035996,2,21,1,17,19,2,7,0,0,0,0,0,0,0,1,1,1,1,1,55,8,12742,2,2,SCANIA MODEL MISSING,2,E01014047,0,-1
2021320734812,2021,320734812,2,21,0,4,4,2,6,0,0,1,0,0,0,0,1,1,1,1,1,54,8,12742,2,2,SCANIA MODEL MISSING,6,E01031178,0,-1
2021010325303,2021,010325303,1,11,0,18,19,1,5,0,0,8,0,0,0,0,0,1,1,1,1,56,9,9000,2,11,SCANIA MODEL MISSING,4,E01030752,0,-1
2021421051070,2021,421051070,1,21,1,18,19,3,7,0,0,0,1,0,0,0,3,1,1,1,1,34,6,12742,2,4,SCANIA MODEL MISSING,2,E01001428,0,-1
2021201150001,2021,201150001,1,11,0,3,3,3,7,0,0,1,0,0,0,0,2,1,1,1,1,25,5,9000,2,11,SCANIA MODEL MISSING,1,E01008972,0,-1
2021170M30061,2021,170M30061,2,21,0,16,19,5,8,0,0,0,0,0,0,0,1,1,1,1,1,36,7,11021,2,15,SCANIA MODEL MISSING,-1,-1,0,-1
2021471037400,2021,471037400,2,11,0,18,19,1,5,0,0,2,0,0,0,0,1,1,1,1,1,50,8,9000,2,12,SCANIA MODEL MISSING,8,E01031732,0,-1
2021221051778,2021,221051778,1,21,1,18,19,6,2,0,0,0,5,0,1,10,1,1,1,1,1,59,9,-1,2,7,SCANIA MODEL MISSING,8,E01029370,0,-1
2021320591842,2021,320591842,4,21,0,18,19,6,2,0,0,1,0,0,0,0,0,1,1,1,1,37,7,12742,2,4,SCANIA MODEL MISSING,-1,-1,0,-1
2021101027495,2021,101027495,1,21,1,18,19,7,3,0,0,0,5,0,0,0,3,1,1,1,1,26,6,16400,2,4,SCANIA MODEL MISSING,5,-1,0,-1
202106X079265,2021,06X079265,1,21,1,18,19,5,1,0,0,0,3,0,0,0,3,1,1,1,1,73,10,15607,2,15,SCANIA MODEL MISSING,5,E01004899,0,-1
2021320542047,2021,320542047,1,21,0,17,19,7,3,0,0,0,0,0,4,6,1,1,1,1,1,53,8,12742,2,2,SCANIA MODEL MISSING,2,E01011943,0,-1
20211382I0284,2021,1382I0284,2,21,1,18,19,7,3,0,0,0,2,0,0,0,1,1,6,6,2,22,5,12742,2,3,SCANIA MODEL MISSING,5,E01025320,0,-1
2021991062967,2021,991062967,2,21,1,17,19,1,5,0,0,0,1,0,0,0,1,1,1,1,1,57,9,12742,2,3,SCANIA MODEL MISSING,6,-1,0,-1
2021991129490,2021,991129490,1,21,4,16,19,5,1,0,0,0,1,0,0,0,3,1,1,1,1,68,10,11705,2,14,SCANIA MODEL MISSING,5,-1,0,-1
2021131047351,2021,131047351,1,21,0,18,19,8,4,0,0,8,0,0,0,0,1,1,1,1,1,24,5,12742,2,0,SCANIA MODEL MISSING,2,E01010979,0,-1
2021991127001,2021,991127001,1,21,1,18,19,3,7,0,0,0,0,0,0,0,1,1,1,1,1,42,7,16353,2,2,SCANIA MODEL MISSING,-1,-1,0,-1
2021501061998,2021,501061998,1,11,0,5,5,1,5,0,0,1,0,0,0,0,0,1,1,1,1,57,9,9000,2,4,SCANIA MODEL MISSING,10,E01020203,0,-1
2021440147554,2021,440147554,2,21,0,18,19,1,5,0,0,7,0,0,0,0,1,1,1,1,1,25,5,12740,2,5,SCANIA MODEL MISSING,8,E01029562,0,-1
2021010324695,2021,010324695,4,19,0,18,19,3,7,0,0,2,0,0,0,0,2,1,6,6,1,42,7,9290,2,5,SCANIA MODEL MISSING,5,E01002249,0,-1
202163B070821,2021,63B070821,1,21,1,16,19,2,5,0,0,0,0,0,0,0,3,1,1,1,1,55,8,16353,2,3,SCANIA MODEL MISSING,4,W01001046,0,-1
2021201146175,2021,201146175,1,20,4,18,19,2,6,0,0,0,0,0,0,0,1,1,1,1,1,27,6,-1,-1,-1,SCANIA MODEL MISSING,7,-1,0,-1
202131C064121,2021,31C064121,1,11,0,5,5,1,5,8,6,0,0,0,0,0,0,1,1,1,2,-1,-1,9300,5,2,SCANIA MODEL MISSING,7,E01028392,0,-1
2021131088139,2021,131088139,2,11,0,2,2,1,5,0,0,0,0,0,0,0,0,1,2,2,1,46,8,9000,2,18,SCANIA MODEL MISSING,6,E01013393,0,-1
2021991080086,2021,991080086,1,21,1,18,19,2,6,0,0,0,1,0,0,0,1,1,1,1,1,57,9,12742,2,1,SCANIA MODEL MISSING,3,E01019302,0,-1
2021010326442,2021,010326442,2,11,0,99,99,9,9,0,0,1,0,0,0,0,9,9,6,6,3,-1,-1,9000,2,13,SCANIA MODEL MISSING,-1,-1,0,-1
2021041112713,2021,041112713,1,11,0,18,19,1,5,0,0,1,0,0,0,0,1,1,1,1,1,35,6,9000,2,12,SCANIA MODEL MISSING,9,E01025436,0,-1
2021141036488,2021,141036488,2,21,1,18,19,1,5,0,0,0,1,4,0,0,1,1,1,1,1,24,5,-1,2,18,SCANIA MODEL MISSING,-1,-1,0,-1
202131B072021,2021,31B072021,1,21,1,16,19,5,1,0,0,3,5,10,1,0,4,1,6,6,1,30,6,12742,2,2,SCANIA MODEL MISSING,8,E01025745,0,-1
2021221044830,2021,221044830,1,11,0,18,19,8,4,0,0,0,0,0,0,0,1,1,1,1,1,51,8,11000,2,21,SCANIA MODEL MISSING,8,E01032286,0,-1
2021041105649,2021,041105649,2,11,0,18,19,1,8,0,0,1,0,0,0,0,4,1,1,1,1,47,8,9000,2,8,SCANIA MODEL MISSING,2,E01025290,0,-1
202131B017521,2021,31B017521,3,21,1,16,19,4,8,0,0,0,0,0,0,0,3,1,1,1,1,42,7,12742,2,2,SCANIA MODEL MISSING,5,E01018035,0,-1
2021231047298,2021,231047298,2,21,1,18,19,2,6,0,0,0,1,0,4,6,2,1,1,1,1,46,8,12742,2,4,SCANIA MODEL MISSING,8,E01015553,0,-1
2021471083748,2021,471083748,1,11,0,18,19,1,5,0,0,0,0,0,0,0,0,1,1,1,1,35,6,9000,2,14,SCANIA MODEL MISSING,9,E01020939,0,-1
2021411042269,2021,411042269,2,20,1,18,19,1,5,0,0,0,0,0,0,0,2,1,1,1,1,46,8,-1,-1,-1,SCANIA MODEL MISSING,8,E01033460,0,-1
2021141047955,2021,141047955,1,11,0,18,19,1,4,0,0,8,0,0,0,0,0,1,1,1,1,32,6,9000,2,11,SCANIA MODEL MISSING,2,E01007340,0,-1
202131C072621,2021,31C072621,1,11,0,18,19,4,8,0,0,0,0,0,0,0,1,1,1,1,1,40,7,9300,5,2,SCANIA MODEL MISSING,9,E01013981,0,-1
202134WNC4581,2021,34WNC4581,2,19,0,18,19,3,7,0,0,1,0,0,0,0,1,1,1,1,1,51,8,12740,2,6,SCANIA MODEL MISSING,9,E01027263,0,-1
202131C081321,2021,31C081321,1,11,0,18,19,4,8,0,0,0,0,0,0,0,0,1,1,1,1,50,8,9000,2,6,SCANIA MODEL MISSING,4,E01013939,0,-1
202131C126721,2021,31C126721,1,11,0,18,19,1,5,3,2,6,0,0,0,0,3,1,6,6,1,52,8,9300,5,2,SCANIA MODEL MISSING,6,E01028074,0,-1
2021430351353,2021,430351353,2,21,1,2,2,6,2,0,0,2,0,0,0,0,2,1,1,1,1,48,8,12742,2,4,SCANIA MODEL MISSING,2,E01014536,0,-1
2021231111140,2021,231111140,1,21,1,18,19,8,4,0,0,0,0,0,0,0,1,1,1,1,1,26,6,12740,2,5,SCANIA MODEL MISSING,1,E01013573,0,-1
2021991073741,2021,991073741,1,21,0,3,3,3,7,0,0,1,0,0,0,0,1,1,1,1,1,57,9,12742,2,0,SCANIA MODEL MISSING,8,-1,0,-1
2021201064243,2021,201064243,2,21,0,5,5,4,7,0,0,0,0,0,0,0,4,1,1,1,1,49,8,16353,2,0,SCANIA MODEL MISSING,10,E01032138,0,-1
2021010299264,2021,010299264,3,21,0,18,19,1,5,0,0,1,0,0,0,0,1,1,1,1,1,50,8,12740,2,5,SCANIA MODEL MISSING,2,E01003990,0,-1
2021101055281,2021,101055281,1,11,0,5,5,3,7,0,0,6,0,0,0,0,4,1,1,1,1,56,9,9000,5,7,SCANIA MODEL MISSING,2,E01008698,0,-1
2021461095327,2021,461095327,1,21,1,8,8,7,1,0,0,0,0,0,1,0,4,1,1,1,1,54,8,12742,2,0,SCANIA MODEL MISSING,2,E01023976,0,-1
2021320200392,2021,320200392,1,21,0,5,5,1,2,0,0,2,0,0,0,0,3,2,1,1,1,54,8,15607,2,9,SCANIA MODEL MISSING,-1,-1,0,-1
2021471036960,2021,471036960,1,11,0,18,19,4,8,0,0,2,0,0,0,0,0,1,1,1,1,58,9,9000,2,14,SCANIA MODEL MISSING,7,E01021043,0,-1
2021471078878,2021,471078878,1,20,1,17,19,1,5,0,0,0,2,0,1,4,4,1,1,1,1,35,6,-1,-1,-1,SCANIA MODEL MISSING,10,E01017528,0,-1
2021302100404,2021,302100404,2,21,1,5,5,8,2,0,0,4,0,0,0,0,1,1,1,1,1,31,6,12740,2,8,SCANIA MODEL MISSING,3,E01011304,0,-1
2021101117462,2021,101117462,2,21,1,18,19,1,5,0,0,0,0,0,0,0,1,1,1,1,1,59,9,12742,2,3,SCANIA MODEL MISSING,2,E01008602,0,-1
2021991027619,2021,991027619,1,21,4,18,19,4,8,0,0,0,1,0,7,0,3,1,1,1,1,44,7,12742,2,2,SCANIA MODEL MISSING,3,-1,0,-1
2021522106138,2021,522106138,1,11,0,18,19,5,1,0,0,8,0,0,0,0,1,1,6,6,1,49,8,9300,5,1,SCANIA MODEL MISSING,6,E01014952,0,-1
2021320288464,2021,320288464,2,21,0,2,2,0,0,0,0,0,0,0,0,0,2,1,1,1,1,22,5,12742,2,2,SCANIA MODEL MISSING,10,-1,0,-1
2021461110928,2021,461110928,1,20,4,4,4,4,8,0,0,3,0,0,1,0,1,1,1,1,1,61,9,-1,-1,-1,SCANIA MODEL MISSING,2,E01026277,0,-1
2021543630621,2021,543630621,1,21,0,5,5,5,3,0,0,8,0,0,0,0,4,1,1,1,1,26,6,12742,2,0,SCANIA MODEL MISSING,8,E01015561,0,-1
202131D105021,2021,31D105021,2,21,1,18,19,2,6,0,0,0,0,0,0,0,2,1,6,6,1,57,9,12740,2,4,SCANIA MODEL MISSING,7,E01006531,0,-1
2021161049416,2021,161049416,1,21,1,18,19,4,8,0,0,0,2,0,1,9,4,1,1,1,1,58,9,12742,2,0,SCANIA MODEL MISSING,7,E01027743,0,-1
2021221031480,2021,221031480,1,21,1,9,9,8,6,0,0,5,0,0,0,0,1,1,1,1,1,45,7,12740,2,5,SCANIA MODEL MISSING,-1,-1,0,-1
2021421085711,2021,421085711,1,21,0,9,9,3,1,0,0,8,0,0,0,0,1,1,1,1,1,55,8,12742,2,2,SCANIA MODEL MISSING,7,E01015876,0,-1
2021170L20171,2021,170L20171,1,21,1,4,4,6,2,0,0,0,0,0,0,0,1,1,1,1,1,59,9,12742,2,3,SCANIA MODEL MISSING,3,E01008182,0,-1
2021351070791,2021,351070791,1,21,0,18,19,7,3,0,0,0,0,0,7,0,3,1,1,1,1,62,9,12740,2,5,SCANIA MODEL MISSING,3,E01026663,0,-1
2021010330295,2021,010330295,2,21,9,99,99,9,9,99,99,9,9,99,9,99,0,9,6,6,3,-1,-1,12740,2,7,SCANIA MODEL MISSING,-1,-1,0,-1
2021302101608,2021,302101608,2,21,0,4,4,5,1,0,0,1,0,0,0,0,1,1,1,1,1,55,8,12740,2,5,SCANIA MODEL MISSING,5,E01025884,0,-1
2021010330435,2021,010330435,2,11,0,99,99,9,9,0,0,9,0,99,0,0,3,9,6,6,1,36,7,9000,2,12,SCANIA MODEL MISSING,2,E01016039,0,-1
2021520101516,2021,520101516,2,21,1,18,19,1,5,0,0,0,0,0,0,0,3,1,1,1,1,54,8,11021,2,15,SCANIA MODEL MISSING,3,E01033422,0,-1
2021010323297,2021,010323297,2,20,0,7,7,7,1,0,0,6,0,0,0,0,1,1,1,1,1,32,6,12740,2,6,SCANIA MODEL MISSING,8,E01002499,0,-1
202131B129521,2021,31B129521,1,11,0,4,4,4,8,0,0,0,0,0,0,0,0,1,1,1,1,25,5,9000,2,10,SCANIA MODEL MISSING,3,E01028062,0,-1
2021421085448,2021,421085448,2,21,0,9,9,6,2,0,0,0,0,0,0,0,3,1,1,1,1,48,8,12740,2,11,SCANIA MODEL MISSING,7,E01021655,0,-1
2021991104195,2021,991104195,1,21,1,17,19,7,3,0,0,2,5,0,1,0,4,1,1,1,1,35,6,12742,2,2,SCANIA MODEL MISSING,3,-1,0,-1
2021471064345,2021,471064345,2,11,0,4,4,8,4,7,6,0,0,0,0,0,2,1,1,1,1,55,8,9000,2,10,SCANIA MODEL MISSING,7,E01021010,0,-1
2021461068090,2021,461068090,2,11,0,18,19,5,1,0,0,0,0,0,0,0,0,1,1,1,1,-1,-1,9000,2,13,SCANIA MODEL MISSING,2,E01024214,0,-1
2021520102067,2021,520102067,1,21,0,18,19,2,6,0,0,0,0,0,0,0,1,1,1,1,1,60,9,12740,2,5,SCANIA MODEL MISSING,2,E01009495,0,-1
2021061111335,2021,061111335,1,21,1,18,19,7,3,0,0,0,0,0,0,0,1,1,1,1,1,36,7,12740,2,6,SCANIA MODEL MISSING,4,E01028587,0,-1
2021231052963,2021,231052963,2,21,1,18,19,2,6,0,0,0,0,0,0,0,3,1,1,1,1,54,8,12742,2,2,SCANIA MODEL MISSING,4,E01031127,0,-1
2021141056072,2021,141056072,1,11,0,18,19,1,5,0,0,0,0,0,0,0,0,1,1,1,1,50,8,9000,2,7,SCANIA MODEL MISSING,9,E01007612,0,-1
2021061064762,2021,061064762,2,21,1,18,19,5,1,0,0,0,0,0,0,0,1,1,1,1,1,36,7,9290,2,1,SCANIA MODEL MISSING,2,E01004876,0,-1
2021010343974,2021,010343974,1,20,9,99,99,9,9,99,99,9,9,99,9,99,9,9,6,6,3,43,7,-1,-1,-1,SCANIA MODEL MISSING,2,E01005548,0,-1
2021991094647,2021,991094647,1,21,1,17,19,6,3,0,0,0,0,0,1,0,4,1,1,1,1,45,7,16353,2,1,SCANIA MODEL MISSING,9,-1,0,-1
2021010329230,2021,010329230,1,11,0,17,19,1,5,0,0,0,0,0,0,0,3,1,1,1,1,40,7,9000,2,12,SCANIA MODEL MISSING,6,E01003000,0,-1
202154C443721,2021,54C443721,2,11,0,18,19,5,1,0,0,1,0,0,0,0,0,1,1,1,1,40,7,9000,2,13,SCANIA MODEL MISSING,1,W01001694,0,-1
2021010318859,2021,010318859,1,11,0,8,8,1,4,0,0,1,0,0,0,0,0,1,1,1,1,50,8,9000,2,11,SCANIA MODEL MISSING,3,E01002502,0,-1
2021471099068,2021,471099068,2,11,0,18,19,6,2,0,0,8,0,0,0,0,4,1,1,1,1,40,7,9000,2,12,SCANIA MODEL MISSING,4,E01020966,0,-1
2021131111058,2021,131111058,1,11,0,7,7,3,5,0,0,5,0,0,0,0,4,1,1,1,1,51,8,9000,2,14,SCANIA MODEL MISSING,9,E01027921,0,-1
2021991088532,2021,991088532,1,21,0,16,19,8,2,0,0,2,0,7,1,10,1,1,1,1,1,30,6,9290,2,5,SCANIA MODEL MISSING,7,-1,0,-1
2021522200311,2021,522200311,1,21,5,18,19,5,1,0,0,0,0,0,0,0,1,1,6,6,1,29,6,16400,2,6,SCANIA MODEL MISSING,7,E01024234,0,-1
202131C172221,2021,31C172221,2,11,0,18,19,2,6,0,0,8,0,0,0,0,4,1,6,6,1,60,9,9000,2,7,SCANIA MODEL MISSING,1,E01013920,0,-1
2021041039144,2021,041039144,2,11,0,18,19,3,7,0,0,0,0,0,0,0,2,1,1,1,1,36,7,9000,2,12,SCANIA MODEL MISSING,4,E01025450,0,-1
2021421108165,2021,421108165,2,21,0,18,19,6,2,0,0,0,0,0,0,0,2,1,1,1,1,47,8,12742,2,0,SCANIA MODEL MISSING,7,E01021897,0,-1
2021031077364,2021,031077364,2,21,1,18,19,3,7,0,0,0,0,0,0,0,3,1,1,1,1,44,7,12740,2,5,SCANIA MODEL MISSING,5,E01025095,0,-1
202131D080021,2021,31D080021,2,11,0,18,19,1,5,0,0,1,0,0,0,0,1,1,1,1,1,42,7,9000,2,11,SCANIA MODEL MISSING,3,E01027955,0,-1
202131C093821,2021,31C093821,1,11,0,5,5,6,2,0,0,8,0,0,0,0,0,1,1,1,1,56,9,9000,5,3,SCANIA MODEL MISSING,2,E01013907,0,-1
202131P136721,2021,31P136721,2,21,1,18,19,6,2,0,0,2,0,4,0,0,1,1,1,1,1,45,7,12742,2,3,SCANIA MODEL MISSING,-1,-1,0,-1
2021131071707,2021,131071707,2,21,0,18,19,3,3,0,0,1,0,0,0,0,1,1,1,1,1,60,9,12742,2,2,SCANIA MODEL MISSING,7,E01007553,0,-1
2021221052939,2021,221052939,2,21,1,18,19,5,1,0,0,0,0,0,0,0,3,1,1,1,1,44,7,12742,2,2,SCANIA MODEL MISSING,8,E01029277,0,-1
2021221116704,2021,221116704,3,21,1,16,19,2,5,0,0,8,0,0,0,0,1,1,1,1,1,42,7,15607,2,8,SCANIA MODEL MISSING,6,E01019321,0,-1
2021361098430,2021,361098430,1,21,1,18,19,8,4,0,0,8,5,0,0,0,4,1,1,1,1,27,6,12742,2,3,SCANIA MODEL MISSING,6,E01015644,0,-1
2021010329679,2021,010329679,1,21,1,18,19,5,1,0,0,1,0,0,0,0,4,1,1,1,1,35,6,9290,2,2,SCANIA MODEL MISSING,1,E01011122,0,-1
2021991099108,2021,991099108,2,21,1,2,2,0,0,0,0,0,0,0,0,0,2,1,1,1,1,64,9,12742,2,0,SCANIA MODEL MISSING,-1,-1,0,-1
2021430500090,2021,430500090,2,11,0,7,7,1,4,0,0,6,0,0,0,0,3,1,1,1,1,-1,-1,9000,2,12,SCANIA MODEL MISSING,-1,-1,0,-1
2021440490512,2021,440490512,1,21,0,17,19,1,5,0,0,0,0,0,7,4,1,1,1,1,1,69,10,11021,2,20,SCANIA MODEL MISSING,6,E01022548,0,-1
2021991116194,2021,991116194,3,21,1,18,19,3,7,0,0,0,0,0,0,0,0,1,1,1,1,49,8,16353,2,3,SCANIA MODEL MISSING,5,-1,0,-1
2021231107806,2021,231107806,2,11,0,17,19,7,1,0,0,0,0,0,1,0,1,1,1,1,1,47,8,9000,2,8,SCANIA MODEL MISSING,1,E01009298,0,-1
2021010319008,2021,010319008,1,20,1,18,19,7,3,0,0,8,0,0,0,0,1,1,1,1,1,63,9,12742,2,2,SCANIA MODEL MISSING,4,E01005816,0,-1