collision_index,collision_year,collision_ref_no,vehicle_reference,vehicle_type,towing_and_articulation,vehicle_manoeuvre_historic,vehicle_manoeuvre,vehicle_direction_from,vehicle_direction_to,vehicle_location_restricted_lane_historic,vehicle_location_restricted_lane,junction_location,skidding_and_overturning,hit_object_in_carriageway,vehicle_leaving_carriageway,hit_object_off_carriageway,first_point_of_impact,vehicle_left_hand_drive,journey_purpose_of_driver_historic,journey_purpose_of_driver,sex_of_driver,age_of_driver,age_band_of_driver,engine_capacity_cc,propulsion_code,age_of_vehicle,generic_make_model,driver_imd_decile,lsoa_of_driver,escooter_flag,driver_distance_banding
2021351130216,2021,351130216,2,21,0,15,15,3,7,0,0,0,0,0,0,0,1,1,1,1,1,55,8,9290,2,5,SCANIA MODEL MISSING,9,E01027218,0,-1
2021211056503,2021,211056503,1,21,1,4,4,5,1,0,0,0,0,0,0,0,1,1,1,1,1,51,8,12740,2,6,SCANIA MODEL MISSING,6,E01029400,0,-1
2021544924021,2021,544924021,2,21,0,18,19,2,1,0,0,3,0,0,0,0,1,1,1,1,1,58,9,12742,2,2,SCANIA MODEL MISSING,8,E01032053,0,-1
202131D101421,2021,31D101421,1,11,0,18,19,4,8,0,0,0,0,0,0,0,0,1,1,1,1,50,8,9000,5,4,SCANIA MODEL MISSING,1,E01013839,0,-1
2021991075639,2021,991075639,1,21,0,18,19,4,8,0,0,0,1,0,0,0,1,1,1,1,1,37,7,11705,2,12,SCANIA MODEL MISSING,8,-1,0,-1
2021451041166,2021,451041166,2,21,0,18,19,6,2,0,0,1,0,0,0,0,4,1,6,6,1,44,7,15607,2,8,SCANIA MODEL MISSING,-1,-1,0,-1
2021351037259,2021,351037259,1,11,0,5,5,3,1,0,0,0,0,0,0,0,4,1,1,1,1,47,8,9000,2,12,SCANIA MODEL MISSING,10,E01018262,0,-1
2021320396793,2021,320396793,2,21,0,18,19,6,2,0,0,0,0,0,0,0,3,1,1,1,2,56,9,12740,2,7,SCANIA MODEL MISSING,4,E01013207,0,-1
2021010344708,2021,010344708,1,21,0,18,19,3,7,0,0,0,0,5,0,0,4,1,1,1,1,30,6,7700,2,2,SCANIA MODEL MISSING,9,E01017813,0,-1
2021010332315,2021,010332315,2,20,0,18,19,5,1,0,0,1,0,0,0,0,4,1,1,1,1,32,6,12740,2,7,SCANIA MODEL MISSING,4,E01004338,0,-1
2021101122407,2021,101122407,1,21,0,7,7,5,1,0,0,5,0,0,0,0,2,1,1,1,1,44,7,9290,2,2,SCANIA MODEL MISSING,1,E01007406,0,-1
2021361087098,2021,361087098,1,11,0,18,19,6,2,0,0,0,0,0,0,0,1,1,1,1,1,71,10,9000,2,14,SCANIA MODEL MISSING,7,E01026754,0,-1
2021501085597,2021,501085597,2,21,0,17,19,2,6,0,0,0,1,0,1,0,4,1,5,6,1,30,6,12740,2,5,SCANIA MODEL MISSING,5,E01020278,0,-1
2021440193576,2021,440193576,2,21,0,9,9,2,8,0,0,6,0,0,0,0,2,1,1,1,1,52,8,12740,2,7,SCANIA MODEL MISSING,6,E01022677,0,-1
202154C485621,2021,54C485621,1,21,0,12,12,1,3,0,0,1,0,0,0,0,3,1,6,6,1,-1,-1,12740,2,8,SCANIA MODEL MISSING,-1,-1,0,-1
202131B065621,2021,31B065621,2,21,1,18,19,8,4,0,0,1,1,0,0,0,2,1,1,1,1,56,9,12742,2,3,SCANIA MODEL MISSING,1,E01026149,0,-1
2021070415154,2021,070415154,1,21,1,4,4,5,1,0,0,1,1,4,0,0,1,1,1,1,1,46,8,12742,2,2,SCANIA MODEL MISSING,3,W01000059,0,-1
2021302101602,2021,302101602,1,21,0,16,19,6,2,0,0,0,0,0,0,0,4,1,1,1,1,48,8,11705,2,12,SCANIA MODEL MISSING,8,E01019820,0,-1
2021320009069,2021,320009069,1,21,1,18,19,7,3,0,0,3,4,0,2,0,3,1,1,1,1,30,6,12742,2,4,SCANIA MODEL MISSING,8,E01026439,0,-1
2021010330069,2021,010330069,1,11,0,16,19,5,1,0,0,1,0,0,0,0,1,1,1,1,1,58,9,9000,2,12,SCANIA MODEL MISSING,10,E01022590,0,-1
2021361120571,2021,361120571,1,11,0,18,19,5,1,0,0,0,0,0,0,0,3,1,1,1,1,25,5,13000,2,7,SCANIA MODEL MISSING,7,E01029191,0,-1
2021522101555,2021,522101555,2,21,1,18,19,5,1,0,0,0,5,0,1,0,3,1,1,1,1,39,7,12740,2,6,SCANIA MODEL MISSING,2,E01011914,0,-1
2021371103194,2021,371103194,2,21,1,2,2,0,0,0,0,0,0,0,0,0,4,1,1,1,1,56,9,12740,2,11,SCANIA MODEL MISSING,-1,-1,0,-1
2021351035936,2021,351035936,2,21,0,3,3,3,7,0,0,0,0,0,0,0,1,1,1,1,2,53,8,12742,2,2,SCANIA MODEL MISSING,2,E01015660,0,-1
202163D090121,2021,63D090121,1,21,0,18,19,1,5,0,0,0,1,0,0,0,1,1,1,1,1,51,8,12740,2,4,SCANIA MODEL MISSING,6,W01000433,0,-1
2021010319208,2021,010319208,1,11,0,5,5,1,5,0,0,1,0,0,0,0,0,1,1,1,1,48,8,9000,2,11,SCANIA MODEL MISSING,-1,-1,0,-1
2021101037450,2021,101037450,1,21,1,11,11,5,1,0,0,0,0,0,0,0,1,1,2,2,1,65,9,12740,2,8,SCANIA MODEL MISSING,-1,-1,0,-1
2021061049731,2021,061049731,3,21,0,18,19,4,8,0,0,0,0,0,0,0,4,1,1,1,1,35,6,12742,2,0,SCANIA MODEL MISSING,9,E01018660,0,-1
2021211057621,2021,211057621,3,21,1,2,2,0,0,6,6,0,0,0,0,0,1,1,1,1,1,46,8,15607,2,15,SCANIA MODEL MISSING,-1,-1,0,-1
2021522201514,2021,522201514,2,21,0,18,19,1,5,0,0,0,0,0,0,0,2,1,6,6,1,54,8,12740,2,5,SCANIA MODEL MISSING,6,E01029054,0,-1
2021211074114,2021,211074114,2,21,1,10,10,7,3,0,0,1,0,0,0,0,1,1,1,1,1,49,8,12742,2,2,SCANIA MODEL MISSING,1,E01009021,0,-1
2021991091530,2021,991091530,5,20,0,18,19,3,7,0,0,0,0,0,0,0,3,1,6,6,1,42,7,-1,-1,-1,SCANIA MODEL MISSING,3,E01027391,0,-1
202154B699421,2021,54B699421,3,21,0,18,19,1,5,0,0,0,0,0,0,0,0,1,1,1,1,46,8,12740,2,7,SCANIA MODEL MISSING,2,E01014252,0,-1
202131D150821,2021,31D150821,2,11,0,18,19,6,2,0,0,8,0,0,0,0,0,1,1,1,1,-1,-1,9000,2,11,SCANIA MODEL MISSING,-1,-1,0,-1
2021547104921,2021,547104921,2,21,0,4,4,3,7,0,0,0,0,0,0,0,2,1,1,1,1,54,8,12740,2,4,SCANIA MODEL MISSING,1,E01007566,0,-1
2021471074422,2021,471074422,2,20,0,18,19,6,2,0,0,1,0,0,7,0,4,1,1,1,1,56,9,12742,2,1,SCANIA MODEL MISSING,5,E01004644,0,-1
2021010288142,2021,010288142,1,11,0,18,19,7,3,0,0,1,0,0,0,0,3,1,6,6,1,56,9,9000,2,11,SCANIA MODEL MISSING,5,E01032555,0,-1
2021430184422,2021,430184422,2,21,0,18,19,6,2,0,0,0,0,0,0,0,3,1,6,6,1,54,8,12740,2,5,SCANIA MODEL MISSING,7,E01017548,0,-1
2021231018591,2021,231018591,3,21,1,16,19,1,4,0,0,8,0,0,0,0,3,1,1,1,1,44,7,12742,2,4,SCANIA MODEL MISSING,2,E01001333,0,-1
2021320645877,2021,320645877,3,21,0,18,19,6,2,0,0,0,0,0,0,0,2,1,6,6,1,36,7,12742,2,3,SCANIA MODEL MISSING,3,E01026174,0,-1
2021221125359,2021,221125359,2,20,0,16,19,2,6,0,0,0,0,0,0,0,1,1,1,1,1,31,6,-1,-1,-1,SCANIA MODEL MISSING,7,E01022230,0,-1
202131C014421,2021,31C014421,2,11,0,9,9,8,6,0,0,8,0,0,0,0,1,1,1,1,1,69,10,9300,5,2,SCANIA MODEL MISSING,2,E01013870,0,-1
2021320362290,2021,320362290,1,11,0,18,19,2,6,0,0,1,0,0,0,0,1,1,1,1,1,41,7,9000,2,9,SCANIA MODEL MISSING,-1,-1,0,-1
2021371140944,2021,371140944,1,11,0,18,19,8,4,0,0,0,0,0,0,0,0,1,1,1,1,39,7,9000,2,16,SCANIA MODEL MISSING,-1,-1,0,-1
2021221101167,2021,221101167,2,21,4,16,19,1,4,0,0,0,0,0,0,0,3,1,1,1,1,52,8,12742,2,2,SCANIA MODEL MISSING,5,E01019744,0,-1
2021421041851,2021,421041851,1,21,1,17,19,7,2,0,0,0,5,0,4,0,1,1,1,1,1,39,7,12740,2,5,SCANIA MODEL MISSING,4,E01015630,0,-1
2021131050142,2021,131050142,2,21,0,18,19,5,5,0,0,0,0,0,0,0,3,1,1,1,1,30,6,12740,2,6,SCANIA MODEL MISSING,9,E01028419,0,-1
2021010322108,2021,010322108,2,11,0,5,5,7,3,0,0,8,0,0,0,0,1,1,1,1,1,54,8,9000,2,12,SCANIA MODEL MISSING,6,E01003836,0,-1
2021461054213,2021,461054213,1,21,0,18,19,7,3,0,0,0,0,0,0,0,3,1,5,6,1,25,5,12742,2,1,SCANIA MODEL MISSING,4,E01002180,0,-1
2021991070640,2021,991070640,2,21,1,18,19,7,3,0,0,1,0,0,0,0,4,1,1,1,1,61,9,12740,2,4,SCANIA MODEL MISSING,2,-1,0,-1
2021991077944,2021,991077944,2,21,4,2,2,6,2,0,0,0,0,0,0,0,1,1,1,1,1,52,8,16400,2,5,SCANIA MODEL MISSING,4,-1,0,-1
2021440048635,2021,440048635,2,11,0,18,19,8,5,0,0,1,0,0,0,0,1,1,1,1,2,54,8,9000,2,17,SCANIA MODEL MISSING,5,E01022835,0,-1
202134WNC0131,2021,34WNC0131,2,21,0,18,19,1,5,0,0,8,0,0,0,0,1,1,1,1,1,47,8,12740,2,6,SCANIA MODEL MISSING,9,E01027067,0,-1
2021010292473,2021,010292473,1,11,0,4,4,7,3,0,0,1,0,0,0,0,0,1,1,1,1,54,8,9000,2,12,SCANIA MODEL MISSING,10,E01030807,0,-1
2021501137514,2021,501137514,2,11,0,18,19,1,5,0,0,1,0,0,0,0,1,1,1,1,2,52,8,9000,2,8,SCANIA MODEL MISSING,7,E01020267,0,-1
2021991110270,2021,991110270,1,21,1,7,7,7,1,0,0,8,0,0,0,0,1,1,1,1,1,26,6,15607,2,9,SCANIA MODEL MISSING,5,-1,0,-1
2021991055415,2021,991055415,2,21,1,18,19,7,3,0,0,0,0,0,0,0,2,1,1,1,1,30,6,12742,2,3,SCANIA MODEL MISSING,7,-1,0,-1
2021461030429,2021,461030429,2,21,0,18,19,1,5,0,0,0,1,0,0,0,3,1,1,1,2,51,8,12742,2,2,SCANIA MODEL MISSING,5,E01027073,0,-1
202131C172921,2021,31C172921,1,11,0,5,5,3,7,0,0,4,0,0,0,0,1,1,1,1,1,-1,-1,9300,5,2,SCANIA MODEL MISSING,-1,-1,0,-1
2021311079562,2021,311079562,2,21,5,18,19,1,5,0,0,8,0,0,0,0,1,1,1,1,1,35,6,16400,2,5,SCANIA MODEL MISSING,6,E01025940,0,-1
2021421119948,2021,421119948,3,21,1,18,19,3,7,0,0,0,0,0,0,0,3,1,2,2,1,56,9,12700,2,0,SCANIA MODEL MISSING,2,E01021989,0,-1
2021122101491,2021,122101491,2,21,2,18,19,2,3,0,0,3,0,0,0,0,0,1,1,1,1,61,9,12742,2,0,SCANIA MODEL MISSING,8,E01010572,0,-1
2021302101454,2021,302101454,1,11,0,14,14,8,4,0,0,0,0,0,0,0,3,1,1,1,3,-1,-1,9000,2,16,SCANIA MODEL MISSING,5,E01019456,0,-1
202131C162921,2021,31C162921,1,11,0,4,4,2,6,0,0,1,0,0,0,0,0,1,1,1,1,24,5,9000,2,7,SCANIA MODEL MISSING,1,E01013909,0,-1
2021201130572,2021,201130572,1,11,0,2,2,0,0,0,0,2,0,0,0,0,2,1,1,1,1,60,9,9000,2,11,SCANIA MODEL MISSING,4,E01010100,0,-1
2021320310329,2021,320310329,1,21,0,18,19,2,6,0,0,0,0,0,0,0,1,1,2,2,1,48,8,16350,2,9,SCANIA MODEL MISSING,3,E01026386,0,-1
2021010349290,2021,010349290,1,11,0,4,4,5,1,0,0,0,0,0,0,0,0,1,6,6,1,68,10,9000,2,12,SCANIA MODEL MISSING,-1,-1,0,-1
2021622100708,2021,622100708,3,21,0,4,4,6,2,0,0,0,0,0,0,0,3,1,1,1,1,60,9,8867,2,13,SCANIA MODEL MISSING,5,W01001478,0,-1
2021522103169,2021,522103169,3,21,0,9,9,8,4,0,0,0,0,0,0,0,0,1,6,6,1,51,8,12740,2,4,SCANIA MODEL MISSING,6,E01014780,0,-1
202131C153421,2021,31C153421,1,11,0,18,19,8,4,0,0,2,0,0,0,0,1,1,1,1,1,57,9,9300,5,2,SCANIA MODEL MISSING,2,E01013965,0,-1
2021991023975,2021,991023975,1,21,1,17,19,1,6,0,0,8,5,0,1,2,4,1,1,1,1,34,6,15607,2,8,SCANIA MODEL MISSING,7,-1,0,-1
202134WNC3131,2021,34WNC3131,1,21,0,11,11,7,3,0,0,1,0,0,0,0,1,1,1,1,1,60,9,12740,2,7,SCANIA MODEL MISSING,5,E01025823,0,-1
2021010305914,2021,010305914,1,21,0,15,15,7,3,0,0,0,0,0,0,0,1,1,1,1,1,29,6,12740,2,7,SCANIA MODEL MISSING,3,E01010451,0,-1
2021201129419,2021,201129419,2,11,0,18,19,8,4,0,0,1,0,0,0,0,1,1,1,1,1,53,8,9000,2,14,SCANIA MODEL MISSING,1,E01009485,0,-1
2021991022520,2021,991022520,2,21,1,18,19,3,7,0,0,0,0,0,0,0,3,1,1,1,1,42,7,12742,2,3,SCANIA MODEL MISSING,3,-1,0,-1
202163A029121,2021,63A029121,2,21,1,4,4,2,6,0,0,0,0,0,0,0,1,1,1,1,1,54,8,15607,2,8,SCANIA MODEL MISSING,7,W01000556,0,-1
2021010300746,2021,010300746,2,21,0,2,2,0,0,9,9,0,0,11,0,0,0,1,6,6,3,-1,-1,9290,2,2,SCANIA MODEL MISSING,-1,-1,0,-1
2021552100624,2021,552100624,2,21,0,4,4,2,6,0,0,0,0,0,0,0,2,1,1,1,1,31,6,8970,2,16,SCANIA MODEL MISSING,7,E01020537,0,-1
2021221097670,2021,221097670,2,21,1,18,19,1,5,0,0,8,1,0,0,0,1,1,1,1,1,67,10,12742,2,0,SCANIA MODEL MISSING,1,E01013995,0,-1
2021610044821,2021,610044821,2,21,0,11,11,3,7,0,0,0,0,0,0,0,1,1,1,1,1,32,6,12740,2,7,SCANIA MODEL MISSING,7,E01032073,0,-1
2021361134040,2021,361134040,1,21,1,4,4,1,5,0,0,0,5,0,1,9,4,1,1,1,1,31,6,12742,2,4,SCANIA MODEL MISSING,8,E01026439,0,-1
2021101070146,2021,101070146,1,11,0,9,9,1,7,0,0,8,0,0,0,0,0,1,1,1,1,30,6,9000,2,14,SCANIA MODEL MISSING,4,E01008747,0,-1
2021010329591,2021,010329591,2,11,0,5,5,3,7,0,0,1,0,0,0,0,1,1,1,1,1,38,7,9000,2,12,SCANIA MODEL MISSING,3,E01016452,0,-1
2021991100052,2021,991100052,2,21,1,18,19,3,1,0,0,0,0,0,0,0,2,1,1,1,1,59,9,12742,2,3,SCANIA MODEL MISSING,3,-1,0,-1
2021471127153,2021,471127153,1,11,0,4,4,4,1,2,2,0,0,0,0,0,0,1,1,1,1,41,7,9000,2,14,SCANIA MODEL MISSING,4,E01016902,0,-1
2021201023642,2021,201023642,2,11,0,18,19,2,6,0,0,8,0,0,0,0,1,1,1,1,1,65,9,9000,2,11,SCANIA MODEL MISSING,1,E01009002,0,-1
2021010304451,2021,010304451,1,11,0,5,5,3,7,0,0,1,0,0,0,0,0,1,1,1,1,26,6,9000,2,11,SCANIA MODEL MISSING,4,E01002583,0,-1
2021421066926,2021,421066926,2,21,0,2,2,0,0,0,0,0,0,0,0,0,2,1,1,1,1,52,8,12740,2,4,SCANIA MODEL MISSING,10,E01023563,0,-1
2021991033779,2021,991033779,1,21,1,5,5,1,5,0,0,0,0,0,0,0,4,1,1,1,1,57,9,12740,2,10,SCANIA MODEL MISSING,5,-1,0,-1
2021010295950,2021,010295950,2,11,0,5,5,3,7,0,0,6,0,0,0,0,1,1,1,1,1,51,8,13000,2,6,SCANIA MODEL MISSING,8,E01000212,0,-1
2021430165747,2021,430165747,2,21,1,18,19,5,1,0,0,4,0,0,0,0,3,1,6,6,1,45,7,12740,2,4,SCANIA MODEL MISSING,-1,-1,0,-1
2021101014858,2021,101014858,2,21,0,2,2,1,5,0,0,0,0,0,0,0,2,1,1,1,1,56,9,8970,2,16,SCANIA MODEL MISSING,2,E01008509,0,-1
202131C150221,2021,31C150221,1,11,0,4,4,8,4,0,0,1,0,0,0,0,0,1,1,1,1,38,7,9000,5,4,SCANIA MODEL MISSING,8,E01028190,0,-1
2021010318317,2021,010318317,1,11,0,5,5,5,1,8,6,2,0,0,0,0,4,1,1,1,1,73,10,9000,2,11,SCANIA MODEL MISSING,2,E01002608,0,-1
202131C149521,2021,31C149521,2,11,0,18,19,4,8,2,2,0,0,0,0,0,2,1,1,1,1,44,7,9300,5,2,SCANIA MODEL MISSING,2,E01013891,0,-1
2021545681321,2021,545681321,2,21,0,18,19,5,1,0,0,0,0,0,0,0,1,1,6,6,1,46,8,12740,2,5,SCANIA MODEL MISSING,8,E01014982,0,-1
2021991078840,2021,991078840,2,21,0,17,19,3,7,0,0,0,0,0,0,0,3,1,1,1,1,46,8,12742,2,4,SCANIA MODEL MISSING,8,E01032994,0,-1
2021320021370,2021,320021370,2,21,0,3,3,8,4,0,0,1,0,0,0,0,3,1,1,1,1,34,6,12742,2,3,SCANIA MODEL MISSING,4,E01013146,0,-1
202131D160821,2021,31D160821,1,11,0,4,4,4,8,0,0,2,0,0,0,0,0,1,1,1,1,41,7,9000,5,4,SCANIA MODEL MISSING,2,E01013834,0,-1
2021010317409,2021,010317409,2,21,1,3,3,5,1,0,0,2,0,4,0,0,1,1,1,1,1,39,7,9290,2,1,SCANIA MODEL MISSING,5,E01021241,0,-1
2021201133800,2021,201133800,1,21,0,18,19,4,8,0,0,1,0,0,0,0,1,1,1,1,1,54,8,12740,2,7,SCANIA MODEL MISSING,5,E01004831,0,-1
2021070547341,2021,070547341,1,21,1,18,19,1,5,0,0,0,0,0,0,0,1,1,1,1,1,58,9,16353,2,6,SCANIA MODEL MISSING,-1,-1,0,-1
202131B006621,2021,31B006621,2,21,1,2,2,0,0,0,0,0,0,0,0,0,2,1,1,1,1,41,7,12742,2,1,SCANIA MODEL MISSING,3,-1,0,-1
2021302100716,2021,302100716,1,11,0,18,19,4,8,0,0,8,0,0,0,0,0,1,1,1,1,57,9,9000,2,12,SCANIA MODEL MISSING,3,E01019797,0,-1
2021991086002,2021,991086002,2,21,1,18,19,1,5,0,0,8,0,0,0,0,4,1,1,1,1,67,10,12742,2,1,SCANIA MODEL MISSING,-1,-1,0,-1
2021101048462,2021,101048462,2,11,0,18,19,1,5,0,0,0,0,0,0,0,-1,1,1,1,1,40,7,9000,5,7,SCANIA MODEL MISSING,3,E01020742,0,-1
2021471026882,2021,471026882,1,11,0,18,19,1,5,2,2,0,0,0,0,0,1,1,1,1,2,46,8,9000,2,14,SCANIA MODEL MISSING,1,E01016895,0,-1
2021471101719,2021,471101719,1,21,0,18,19,8,4,0,0,1,0,0,0,0,4,1,1,1,1,53,8,12742,2,3,SCANIA MODEL MISSING,6,E01009682,0,-1
2021461099737,2021,461099737,1,21,0,18,19,5,1,0,0,0,0,0,0,0,1,1,6,6,1,30,6,9290,2,4,SCANIA MODEL MISSING,6,E01001607,0,-1
2021430586004,2021,430586004,1,11,0,4,4,5,1,0,0,1,0,0,0,0,0,1,1,1,1,35,6,9000,2,9,SCANIA MODEL MISSING,7,E01016537,0,-1
2021991066664,2021,991066664,2,21,1,16,19,2,6,0,0,0,0,0,0,0,3,1,1,1,1,31,6,12740,2,4,SCANIA MODEL MISSING,2,E01019110,0,-1
2021221036098,2021,221036098,1,21,0,18,19,6,2,0,0,0,0,11,0,0,1,1,1,1,1,35,6,16400,2,6,SCANIA MODEL MISSING,3,W01000168,0,-1
202131D002121,2021,31D002121,1,11,0,18,19,7,3,0,0,1,0,0,7,11,1,1,1,1,1,60,9,9300,5,2,SCANIA MODEL MISSING,2,E01013886,0,-1
2021991088532,2021,991088532,2,21,1,18,19,2,6,0,0,1,0,0,0,0,1,1,1,1,1,51,8,16400,2,6,SCANIA MODEL MISSING,-1,-1,0,-1
2021010287799,2021,010287799,1,20,0,18,19,3,7,0,0,0,5,0,1,10,4,1,1,1,1,47,8,11705,2,14,SCANIA MODEL MISSING,7,E01002165,0,-1
2021101089915,2021,101089915,1,11,0,18,19,1,5,0,0,0,0,0,0,0,0,1,1,1,1,51,8,9000,5,7,SCANIA MODEL MISSING,2,E01008791,0,-1
2021010300896,2021,010300896,3,21,4,18,19,1,5,0,0,0,0,0,0,0,1,1,1,1,1,28,6,12740,2,5,SCANIA MODEL MISSING,4,E01015936,0,-1
202131C128721,2021,31C128721,1,11,0,4,4,6,2,0,0,1,0,0,0,0,0,1,1,1,1,53,8,9000,5,4,SCANIA MODEL MISSING,4,E01028159,0,-1
202131A102621,2021,31A102621,1,21,1,18,19,6,2,0,0,1,0,0,0,0,1,1,1,1,1,60,9,12742,2,2,SCANIA MODEL MISSING,-1,-1,0,-1
2021430485336,2021,430485336,2,21,0,18,19,4,8,0,0,0,0,0,0,0,3,1,1,1,1,63,9,12742,2,2,SCANIA MODEL MISSING,3,E01016396,0,-1
2021070474881,2021,070474881,2,21,1,16,19,5,1,0,0,0,1,0,0,0,2,1,1,1,1,40,7,12740,2,5,SCANIA MODEL MISSING,1,E01006418,0,-1
2021131114903,2021,131114903,2,21,0,12,12,5,1,0,0,0,0,0,0,0,3,1,1,1,1,40,7,12740,2,4,SCANIA MODEL MISSING,1,E01007655,0,-1
2021041088488,2021,041088488,1,11,0,13,13,7,3,0,0,0,0,0,0,0,4,1,1,1,1,56,9,9000,2,8,SCANIA MODEL MISSING,1,E01025287,0,-1
2021501083081,2021,501083081,2,11,0,18,19,7,3,0,0,1,0,0,0,0,3,1,1,1,1,50,8,9000,2,8,SCANIA MODEL MISSING,6,E01015220,0,-1
2021461031269,2021,461031269,3,21,0,3,3,7,3,0,0,0,0,4,0,0,2,1,1,1,1,45,7,12742,2,0,SCANIA MODEL MISSING,1,E01012407,0,-1
202131C169621,2021,31C169621,1,11,0,18,19,1,5,0,0,1,0,0,0,0,1,1,1,1,2,60,9,9000,5,3,SCANIA MODEL MISSING,5,E01013968,0,-1
202131A026221,2021,31A026221,2,11,0,18,19,7,3,0,0,8,1,0,0,0,1,1,1,1,2,32,6,9000,2,17,SCANIA MODEL MISSING,3,E01027964,0,-1
2021501084614,2021,501084614,2,11,0,18,19,7,5,0,0,1,0,0,0,0,0,1,6,6,1,39,7,9000,2,7,SCANIA MODEL MISSING,2,E01015218,0,-1
2021991077855,2021,991077855,2,21,1,18,19,6,2,0,0,0,0,0,0,0,1,1,1,1,1,60,9,16353,2,1,SCANIA MODEL MISSING,4,-1,0,-1
2021440470181,2021,440470181,2,21,0,10,10,5,3,0,0,1,0,0,0,0,3,1,1,1,1,43,7,16353,2,0,SCANIA MODEL MISSING,5,E01033529,0,-1
2021471055120,2021,471055120,1,11,0,5,5,5,1,0,0,0,0,0,0,0,0,1,1,1,1,59,9,9000,2,12,SCANIA MODEL MISSING,9,E01031563,0,-1
2021471038220,2021,471038220,2,11,0,2,2,7,3,0,0,0,0,0,0,0,3,1,1,1,2,59,9,9000,2,4,SCANIA MODEL MISSING,6,E01020960,0,-1
202131C034821,2021,31C034821,1,11,0,18,19,7,3,1,1,2,0,0,0,0,1,1,1,1,1,64,9,9300,5,2,SCANIA MODEL MISSING,1,E01013940,0,-1
2021471044597,2021,471044597,1,11,0,5,5,2,6,0,0,8,0,0,0,0,0,1,1,1,1,56,9,9000,2,14,SCANIA MODEL MISSING,7,E01016929,0,-1
2021320267268,2021,320267268,2,21,0,18,19,8,4,0,0,2,0,0,0,0,1,1,1,1,1,50,8,-1,-1,-1,SCANIA MODEL MISSING,7,E01026319,0,-1
202131C032421,2021,31C032421,1,11,0,4,4,4,8,0,0,1,0,0,0,0,0,1,1,1,1,50,8,9000,2,7,SCANIA MODEL MISSING,2,E01013832,0,-1
2021010320319,2021,010320319,2,11,0,18,19,1,5,0,0,1,0,0,0,0,1,1,1,1,1,54,8,9000,2,12,SCANIA MODEL MISSING,6,E01003836,0,-1
2021041120816,2021,041120816,1,21,0,12,12,7,3,0,0,1,0,0,0,0,3,1,6,6,1,64,9,12740,2,5,SCANIA MODEL MISSING,2,E01025157,0,-1
2021231033362,2021,231033362,1,21,1,9,9,6,4,0,0,5,0,0,0,0,2,1,5,6,1,31,6,12740,2,10,SCANIA MODEL MISSING,5,E01031028,0,-1
2021549862921,2021,549862921,1,11,0,18,19,5,1,0,0,4,0,0,0,0,0,1,1,1,2,30,6,9000,2,3,SCANIA MODEL MISSING,5,E01015571,0,-1
2021991026587,2021,991026587,3,20,0,18,19,6,2,0,0,0,0,0,0,0,0,2,1,1,1,42,7,-1,-1,-1,SCANIA MODEL MISSING,2,-1,0,-1
2021302100220,2021,302100220,1,21,1,18,19,2,6,0,0,0,5,10,0,0,3,1,1,1,1,62,9,-1,2,7,SCANIA MODEL MISSING,2,E01026006,0,-1
202131C020921,2021,31C020921,1,11,0,4,4,2,6,0,0,0,0,0,0,0,0,1,6,6,1,52,8,9300,5,2,SCANIA MODEL MISSING,3,E01013930,0,-1
2021010342525,2021,010342525,1,21,4,18,19,1,5,0,0,1,0,0,0,0,4,1,1,1,1,51,8,12742,2,5,SCANIA MODEL MISSING,8,E01029517,0,-1
2021991049736,2021,991049736,2,21,1,18,19,8,4,0,0,3,0,0,0,0,4,1,1,1,2,26,6,12742,2,4,SCANIA MODEL MISSING,2,E01029445,0,-1
2021010312650,2021,010312650,2,20,0,18,19,3,7,0,0,0,0,0,0,0,1,1,1,1,1,63,9,11021,2,16,SCANIA MODEL MISSING,8,E01016148,0,-1
2021471059400,2021,471059400,1,11,0,18,19,2,6,0,0,0,0,0,0,0,0,1,1,1,1,35,6,9000,2,14,SCANIA MODEL MISSING,7,E01031597,0,-1
2021401076311,2021,401076311,2,11,0,18,19,1,5,0,0,0,0,0,0,0,4,1,1,1,1,44,7,9000,2,16,SCANIA MODEL MISSING,2,E01015704,0,-1