collision_index,collision_year,collision_ref_no,vehicle_reference,vehicle_type,towing_and_articulation,vehicle_manoeuvre_historic,vehicle_manoeuvre,vehicle_direction_from,vehicle_direction_to,vehicle_location_restricted_lane_historic,vehicle_location_restricted_lane,junction_location,skidding_and_overturning,hit_object_in_carriageway,vehicle_leaving_carriageway,hit_object_off_carriageway,first_point_of_impact,vehicle_left_hand_drive,journey_purpose_of_driver_historic,journey_purpose_of_driver,sex_of_driver,age_of_driver,age_band_of_driver,engine_capacity_cc,propulsion_code,age_of_vehicle,generic_make_model,driver_imd_decile,lsoa_of_driver,escooter_flag,driver_distance_banding
2021440270556,2021,440270556,2,5,0,18,19,3,7,0,0,0,0,0,0,0,1,1,6,6,1,68,10,803,1,2,-1,10,E01022578,0,-1
2021552100931,2021,552100931,1,5,0,18,19,2,6,0,0,0,0,0,0,0,1,1,6,6,1,58,9,803,1,4,-1,6,E01018852,0,-1
2021010350743,2021,010350743,1,4,0,18,19,3,7,0,0,8,0,0,0,0,3,1,6,6,1,55,8,803,1,1,-1,10,E01030353,0,-1
2021501040387,2021,501040387,2,5,0,18,19,7,3,0,0,1,0,0,0,0,1,1,5,6,1,49,8,803,1,5,-1,4,E01018820,0,-1
2021070655427,2021,070655427,2,5,0,3,3,1,5,0,0,2,0,0,0,0,2,1,2,2,1,36,7,803,1,4,-1,8,E01012550,0,-1
2021471024122,2021,471024122,1,5,0,9,9,3,2,0,0,3,0,10,1,4,3,1,2,2,1,43,7,803,1,6,-1,5,E01021001,0,-1
2021451117318,2021,451117318,1,9,0,18,19,1,3,0,0,0,0,0,0,0,4,1,6,6,2,83,11,6496,1,2,-1,9,E01030317,0,-1
2021421026256,2021,421026256,1,9,0,18,19,7,3,0,0,0,1,0,0,0,3,1,6,6,1,27,6,6496,1,0,-1,7,E01021803,0,-1
2021221111298,2021,221111298,2,9,0,17,19,4,1,0,0,0,0,0,0,0,3,1,5,6,1,78,11,6496,1,1,-1,6,E01032200,0,-1
2021451044571,2021,451044571,2,5,0,18,19,3,7,0,0,0,0,0,0,0,2,1,5,6,1,53,8,1137,1,14,-1,10,E01030584,0,-1
2021052102467,2021,052102467,2,5,0,13,13,7,3,0,0,1,0,0,7,10,1,1,2,2,1,46,8,1137,1,18,-1,2,E01012431,0,-1
2021520200396,2021,520200396,1,4,0,18,19,3,7,0,0,0,1,0,0,0,1,1,6,6,1,76,11,1137,1,17,-1,6,E01032010,0,-1
2021070667431,2021,070667431,1,5,0,4,4,5,1,0,0,1,0,0,0,0,1,1,6,6,1,49,8,1137,1,14,-1,6,E01015008,0,-1
2021451097748,2021,451097748,2,3,0,18,19,1,5,0,0,1,2,0,0,0,1,1,1,1,1,20,4,108,1,1,HONDA NSC 110,8,E01003470,0,-1
2021010293863,2021,010293863,2,3,0,5,5,1,5,0,0,1,0,0,0,0,1,1,1,1,1,28,6,108,1,1,HONDA NSC 110,6,E01000259,0,-1
2021371065759,2021,371065759,2,3,0,18,19,4,8,0,0,8,0,0,0,0,1,1,5,6,1,32,6,108,1,2,HONDA NSC 110,4,E01030123,0,-1
2021351046372,2021,351046372,1,3,0,18,19,1,5,0,0,0,0,0,0,0,1,1,1,1,1,18,4,108,1,2,HONDA NSC 110,6,E01033121,0,-1
2021471088902,2021,471088902,1,3,0,18,19,7,3,0,0,2,0,0,0,0,1,1,1,1,1,58,9,108,1,2,HONDA NSC 110,7,E01022945,0,-1
2021401084388,2021,401084388,2,3,0,4,4,3,7,0,0,0,0,0,0,0,1,1,1,1,1,21,5,108,1,1,HONDA NSC 110,4,E01015717,0,-1
2021501116494,2021,501116494,2,3,0,18,19,7,3,0,0,0,0,0,0,0,1,1,1,1,1,18,4,108,1,2,HONDA NSC 110,3,E01015085,0,-1
2021141016456,2021,141016456,2,3,0,18,19,3,7,0,0,0,0,0,1,0,1,1,1,1,1,48,8,108,1,2,HONDA NSC 110,1,E01007575,0,-1
2021302101178,2021,302101178,2,3,0,18,19,8,4,0,0,8,0,0,0,0,1,1,6,6,1,36,7,108,1,2,HONDA NSC 110,3,E01013453,0,-1
2021401079848,2021,401079848,1,3,0,18,19,3,7,0,0,0,0,0,0,0,1,1,1,1,1,19,4,108,1,1,HONDA NSC 110,2,E01015791,0,-1
2021451022967,2021,451022967,1,4,0,18,19,4,8,0,0,0,0,0,1,0,1,1,5,6,1,18,4,449,1,10,-1,9,E01030742,0,-1
2021531093220,2021,531093220,1,3,0,18,19,6,8,0,0,1,5,0,0,0,1,1,6,6,1,18,4,125,1,6,-1,7,E01022345,0,-1
2021302102133,2021,302102133,2,4,0,18,19,4,8,0,0,1,0,0,0,0,1,1,6,6,1,19,4,125,1,5,KTM RC 125,4,E01013548,0,-1
2021520200679,2021,520200679,2,4,0,18,19,8,5,0,0,8,0,0,0,0,1,1,6,6,1,18,4,125,1,6,KTM RC 125,7,E01029224,0,-1
2021451038493,2021,451038493,2,3,0,18,19,5,1,0,0,1,2,0,1,9,1,1,2,2,1,18,4,125,1,5,KTM RC 125,10,E01022885,0,-1
2021122101131,2021,122101131,1,3,0,18,19,5,1,0,0,0,0,0,1,0,1,1,6,6,1,18,4,125,1,5,KTM RC 125,7,E01027633,0,-1
2021430231198,2021,430231198,1,3,0,18,19,6,2,4,4,8,0,0,1,0,1,1,2,2,1,18,4,125,1,6,KTM RC 125,8,E01032725,0,-1
2021622100256,2021,622100256,2,3,0,18,19,6,2,0,0,8,0,0,0,0,4,1,2,2,1,25,5,125,1,5,KTM RC 125,2,W01001079,0,-1
202134WNC5101,2021,34WNC5101,2,4,0,17,19,4,8,0,0,0,0,0,0,0,0,1,6,6,1,19,4,125,1,4,KTM RC 125,1,E01027231,0,-1
2021231061202,2021,231061202,1,4,0,18,19,3,7,0,0,8,1,0,0,0,2,1,5,6,1,18,4,125,1,5,KTM RC 125,6,E01031193,0,-1
2021430341300,2021,430341300,2,3,0,4,4,5,1,0,0,1,0,0,0,0,2,1,6,6,1,17,4,125,1,7,KTM RC 125,6,E01027030,0,-1
2021320510733,2021,320510733,1,3,0,11,11,1,5,0,0,3,5,0,0,0,4,1,6,6,1,19,4,125,1,5,KTM RC 125,1,E01026152,0,-1
2021991083372,2021,991083372,1,3,0,18,19,4,8,0,0,0,2,10,0,0,1,1,5,6,1,18,4,125,1,1,KTM RC 125,4,-1,0,-1
2021421049368,2021,421049368,2,4,0,7,7,7,5,0,0,1,0,0,0,0,3,1,5,6,1,17,4,125,1,3,KTM RC 125,-1,-1,0,-1
2021461076340,2021,461076340,1,3,0,13,13,1,5,0,0,6,0,0,0,0,4,1,5,6,1,24,5,125,1,5,KTM RC 125,2,E01016025,0,-1
2021501037921,2021,501037921,2,3,0,3,3,8,5,0,0,0,5,0,0,0,1,1,6,6,1,26,6,125,1,3,KTM RC 125,-1,-1,0,-1
2021501026684,2021,501026684,1,4,0,18,19,6,2,0,0,8,0,0,0,0,3,1,5,6,1,17,4,125,1,5,KTM RC 125,5,E01015123,0,-1
2021010289019,2021,010289019,1,3,0,4,4,3,7,0,0,2,0,10,0,0,2,1,1,1,1,20,4,125,1,1,KTM RC 125,-1,-1,0,-1
2021471026848,2021,471026848,2,3,0,18,19,1,5,0,0,0,0,0,0,0,1,1,6,6,1,22,5,125,1,4,KTM RC 125,2,E01021020,0,-1
2021201071591,2021,201071591,1,3,0,4,4,4,1,0,0,2,0,10,1,11,1,1,6,6,1,17,4,125,1,5,KTM RC 125,1,E01009013,0,-1
2021544015321,2021,544015321,2,3,0,3,3,2,6,0,0,1,0,0,0,0,2,1,1,1,1,21,5,125,1,2,KTM RC 125,5,E01032066,0,-1
2021351071916,2021,351071916,1,3,0,18,19,3,5,0,0,3,0,0,0,0,3,1,2,2,1,27,6,125,1,1,KTM RC 125,7,E01018085,0,-1
2021010328850,2021,010328850,2,3,0,18,19,5,1,0,0,1,0,0,0,0,1,1,6,6,1,25,5,125,1,5,KTM RC 125,-1,-1,0,-1
2021010344130,2021,010344130,2,3,0,13,13,7,3,0,0,6,0,0,0,0,1,1,6,6,1,29,6,125,1,5,KTM RC 125,2,E01003489,0,-1
2021371051495,2021,371051495,1,3,0,11,11,5,1,0,0,0,0,0,1,10,3,1,1,1,1,25,5,125,1,1,KTM RC 125,5,E01030187,0,-1
2021201112529,2021,201112529,2,4,0,18,19,8,4,0,0,1,1,10,7,0,1,1,6,6,1,34,6,125,1,5,KTM RC 125,1,E01009996,0,-1
2021552100593,2021,552100593,1,4,0,18,19,1,5,0,0,0,0,0,0,0,3,1,6,6,1,19,4,125,1,5,KTM RC 125,4,E01015343,0,-1
202131D068721,2021,31D068721,1,3,0,14,14,5,1,0,0,1,0,0,7,11,1,1,6,6,1,27,6,125,1,3,KTM RC 125,4,E01013939,0,-1
202154C474621,2021,54C474621,2,3,0,18,19,3,7,0,0,0,0,0,0,0,2,1,6,6,1,43,7,125,1,1,KTM RC 125,3,E01031975,0,-1
2021430174497,2021,430174497,1,4,0,18,19,8,4,0,0,8,1,9,1,0,1,1,6,6,1,22,5,125,1,3,KTM RC 125,8,E01017726,0,-1
2021421048467,2021,421048467,2,3,0,18,19,2,7,0,0,0,0,0,0,0,1,1,5,6,1,19,4,125,1,5,KTM RC 125,5,E01021414,0,-1
2021471015448,2021,471015448,2,3,0,15,15,7,3,0,0,1,0,0,0,0,1,1,2,2,1,42,7,125,1,2,KTM RC 125,4,E01021076,0,-1
2021622100061,2021,622100061,2,4,0,18,19,3,7,0,0,8,0,0,0,0,1,1,6,6,1,43,7,125,1,5,KTM RC 125,1,W01001073,0,-1
2021522200883,2021,522200883,1,3,0,13,13,6,2,5,5,0,1,0,0,0,1,1,6,6,1,18,4,125,1,3,KTM RC 125,2,E01014602,0,-1
2021302101361,2021,302101361,1,4,0,17,19,2,6,0,0,0,0,0,0,0,1,1,6,6,1,30,6,125,1,5,KTM RC 125,2,E01013585,0,-1
2021351057208,2021,351057208,1,3,0,18,19,1,5,6,6,0,0,0,0,0,1,1,5,6,1,17,4,125,1,3,KTM RC 125,9,E01023653,0,-1
2021440392151,2021,440392151,2,3,0,18,19,1,5,0,0,8,0,0,0,0,1,1,6,6,1,22,5,125,1,5,KTM RC 125,6,E01022640,0,-1
2021461092621,2021,461092621,2,3,0,13,13,1,5,0,0,8,0,4,0,0,1,1,6,6,1,27,6,125,1,3,KTM RC 125,1,E01024610,0,-1
2021471090116,2021,471090116,2,3,0,18,19,7,3,0,0,4,0,0,0,0,4,1,6,6,1,26,6,125,1,6,KTM RC 125,5,E01021059,0,-1
2021622100471,2021,622100471,1,5,0,18,19,6,2,0,0,8,0,0,0,0,1,1,2,2,1,39,7,125,1,4,KTM RC 125,1,W01000836,0,-1
2021522100618,2021,522100618,1,3,0,18,19,6,2,0,0,8,0,0,0,0,1,1,6,6,1,19,4,125,1,2,KTM RC 125,10,E01014410,0,-1
2021430524506,2021,430524506,1,3,0,18,19,5,1,0,0,8,0,0,0,1,1,1,6,6,1,18,4,125,1,5,KTM RC 125,6,E01028757,0,-1
2021201023631,2021,201023631,1,3,0,11,11,6,2,0,0,0,2,0,0,0,1,1,6,6,1,22,5,125,1,5,KTM RC 125,2,E01009650,0,-1
2021430251374,2021,430251374,1,4,0,16,19,5,1,0,0,0,0,0,0,0,3,1,6,6,1,20,4,125,1,3,KTM RC 125,-1,-1,0,-1
2021170L41231,2021,170L41231,1,3,0,16,19,2,6,0,0,0,1,0,0,0,4,1,2,2,1,17,4,125,1,5,KTM RC 125,2,E01012132,0,-1
2021440177995,2021,440177995,2,3,0,18,19,3,8,0,0,8,0,0,0,0,1,1,6,6,1,17,4,124,1,3,-1,2,E01017318,0,-1
2021501108579,2021,501108579,2,3,0,16,19,7,3,0,0,0,1,0,0,0,3,1,2,2,1,19,4,124,1,3,-1,6,E01020231,0,-1
2021221099017,2021,221099017,2,4,0,18,19,4,8,0,0,4,0,0,0,0,1,1,1,1,1,36,7,124,1,3,-1,1,E01008978,0,-1
2021010329568,2021,010329568,2,3,0,9,9,1,6,0,0,6,0,0,0,0,1,1,6,6,1,37,7,124,1,3,-1,2,E01001860,0,-1
2021451075643,2021,451075643,2,4,0,9,9,1,5,0,0,8,0,0,0,0,2,1,5,6,1,66,10,498,1,60,-1,6,E01030819,0,-1
2021520102472,2021,520102472,2,4,0,18,19,8,4,0,0,8,0,0,0,0,1,1,6,6,1,81,11,500,1,29,-1,10,E01032634,0,-1
2021041085786,2021,041085786,1,9,0,16,19,7,3,0,0,3,0,0,0,0,1,1,6,6,3,57,9,3799,1,7,-1,-1,-1,0,-1
2021451115918,2021,451115918,3,9,0,18,19,6,2,0,0,0,0,0,0,0,0,1,2,2,1,52,8,2299,1,37,-1,6,E01023121,0,-1
2021211058899,2021,211058899,2,9,-1,9,9,8,6,-1,-1,-1,-1,-1,-1,0,-1,1,5,6,1,74,10,2199,1,28,-1,6,E01029869,0,-1
2021131046634,2021,131046634,2,9,0,18,19,7,3,0,0,8,0,0,0,0,1,1,6,6,1,32,6,1997,1,35,-1,3,E01011222,0,-1
2021451038682,2021,451038682,1,9,0,18,19,4,2,0,0,1,0,0,0,0,4,1,6,6,1,50,8,2778,1,-1,-1,9,E01030861,0,-1
2021361060562,2021,361060562,1,19,0,18,19,1,5,0,0,0,0,0,0,0,4,1,6,6,1,75,10,-1,-1,-1,-1,9,E01016073,0,-1
2021010333347,2021,010333347,1,2,0,18,19,3,7,0,0,2,0,0,0,0,1,1,6,6,1,19,4,50,1,13,-1,2,E01001961,0,-1
2021541826621,2021,541826621,1,2,0,18,19,2,6,0,0,0,0,0,0,0,4,1,1,1,1,20,4,49,1,8,-1,9,E01022223,0,-1
2021010319778,2021,010319778,1,2,9,5,5,0,0,0,0,0,9,0,0,99,3,1,6,6,1,19,4,50,1,13,-1,2,E01001961,0,-1
2021070474038,2021,070474038,2,2,0,18,19,7,3,0,0,1,0,0,0,0,2,1,6,6,1,16,4,49,1,8,-1,9,E01018527,0,-1
2021302102066,2021,302102066,2,2,0,9,9,6,4,0,0,0,0,0,0,0,1,1,6,6,3,-1,-1,50,1,13,-1,5,E01019456,0,-1
2021371100570,2021,371100570,1,2,0,18,19,7,3,0,0,0,0,0,1,0,1,1,5,6,1,16,4,49,1,10,-1,10,E01030158,0,-1
2021138281062,2021,138281062,1,3,0,7,7,5,7,0,0,8,0,0,0,0,1,1,6,6,1,18,4,125,1,2,SYM CROX 125,1,E01011093,0,-1
2021101040704,2021,101040704,1,3,0,16,19,7,3,0,0,4,0,0,0,0,3,1,1,1,1,28,6,125,1,2,SYM CROX 125,1,E01008439,0,-1
2021471080413,2021,471080413,1,3,0,15,15,5,1,0,0,0,0,4,0,0,1,1,6,6,1,-1,-1,125,1,0,SYM CROX 125,-1,-1,0,-1
2021010315249,2021,010315249,1,3,0,99,99,9,9,99,99,9,9,99,9,99,1,1,6,6,2,23,5,125,1,0,SYM CROX 125,3,E01000055,0,-1
2021101053797,2021,101053797,2,3,0,4,4,4,8,0,0,1,0,0,0,0,1,1,5,6,1,25,5,125,1,1,SYM CROX 125,1,E01008439,0,-1
2021010306003,2021,010306003,1,3,0,99,99,9,9,99,99,0,9,99,9,99,9,1,6,6,2,21,5,125,1,1,SYM CROX 125,1,E01003245,0,-1
2021501072552,2021,501072552,1,3,0,4,4,1,5,0,0,4,1,0,0,0,4,1,5,6,1,19,4,125,1,3,SYM CROX 125,3,E01019059,0,-1
2021101064711,2021,101064711,1,3,0,16,19,5,7,0,0,8,1,0,0,0,4,1,5,6,1,41,7,125,1,3,SYM CROX 125,5,E01008246,0,-1
2021461063195,2021,461063195,2,3,0,18,19,3,7,0,0,8,1,0,0,0,1,1,6,6,1,27,6,125,1,7,SYM CROX 125,2,E01024093,0,-1
2021131101660,2021,131101660,1,3,0,5,5,7,3,0,0,6,5,0,0,0,1,1,5,6,1,18,4,125,1,6,SYM CROX 125,5,E01011192,0,-1
2021991101604,2021,991101604,2,3,0,17,19,8,4,0,0,0,0,0,0,0,1,1,5,6,1,35,6,125,1,3,-1,6,-1,0,-1
2021131061865,2021,131061865,2,3,0,13,13,2,6,0,0,0,5,0,0,0,4,1,6,6,1,27,6,125,1,2,-1,4,E01010741,0,-1
2021010343446,2021,010343446,2,3,0,18,19,7,3,0,0,1,0,0,0,0,1,1,2,2,1,59,9,125,1,3,-1,6,E01003366,0,-1
2021010309713,2021,010309713,1,3,0,18,19,5,1,99,99,1,9,99,9,99,1,1,6,6,1,22,5,124,1,2,-1,6,E01003698,0,-1
2021010334793,2021,010334793,1,3,0,15,15,1,5,0,0,6,0,0,0,0,4,1,6,6,1,27,6,125,1,3,-1,-1,-1,0,-1
2021481066827,2021,481066827,1,8,0,18,19,5,1,0,0,0,0,0,0,0,1,1,1,1,1,44,7,1968,2,5,VOLKSWAGEN SHARAN,-1,-1,0,-1
2021010308045,2021,010308045,1,8,0,18,19,5,1,99,99,0,9,99,9,99,3,1,6,6,1,60,9,1968,2,2,VOLKSWAGEN SHARAN,4,E01003718,0,-1
2021010346945,2021,010346945,1,8,0,9,9,3,1,0,0,5,0,0,0,0,4,1,1,1,1,59,9,1968,2,6,VOLKSWAGEN SHARAN,5,E01001293,0,-1
2021010329026,2021,010329026,1,9,0,9,9,5,3,0,0,1,0,0,0,0,0,1,6,6,1,64,9,1968,2,14,VOLKSWAGEN SHARAN,-1,-1,0,-1
2021010299201,2021,010299201,2,8,0,99,99,9,9,99,99,9,9,99,9,99,9,9,6,6,3,-1,-1,1968,2,2,VOLKSWAGEN SHARAN,-1,-1,0,-1
2021451112950,2021,451112950,2,9,0,18,19,5,1,0,0,0,0,0,0,0,1,1,5,6,1,41,7,1968,2,4,VOLKSWAGEN SHARAN,8,E01030988,0,-1
2021302100457,2021,302100457,1,9,0,18,19,6,2,0,0,1,0,0,0,0,4,1,3,7,2,53,8,1984,1,18,VOLKSWAGEN SHARAN,7,E01019671,0,-1
2021201149494,2021,201149494,2,9,0,3,3,8,4,0,0,0,0,0,0,0,2,1,6,6,1,45,7,1968,2,6,VOLKSWAGEN SHARAN,6,E01010132,0,-1
2021320057088,2021,320057088,1,9,0,9,9,1,6,0,0,6,0,0,0,0,3,1,6,6,2,35,6,1968,2,7,VOLKSWAGEN SHARAN,5,E01026232,0,-1
2021010337968,2021,010337968,2,8,0,10,10,5,3,0,0,1,0,0,0,0,2,1,1,1,1,49,8,1968,2,5,VOLKSWAGEN SHARAN,6,E01003753,0,-1
2021131084042,2021,131084042,2,9,0,9,9,7,5,0,0,8,0,0,0,0,4,1,2,2,1,39,7,1896,2,13,VOLKSWAGEN SHARAN,1,E01010824,0,-1
2021471087983,2021,471087983,2,9,0,4,4,5,8,0,0,0,0,0,0,0,3,1,5,6,2,39,7,1395,1,0,VOLKSWAGEN SHARAN,5,E01031595,0,-1
2021430387599,2021,430387599,1,9,0,9,9,5,1,0,0,8,0,0,0,0,1,1,6,6,2,31,6,1968,2,1,VOLKSWAGEN SHARAN,8,E01028483,0,-1
2021010346364,2021,010346364,1,8,0,99,99,9,9,99,99,9,9,99,9,99,2,9,1,1,1,39,7,1968,2,3,VOLKSWAGEN SHARAN,1,E01004205,0,-1
2021010305741,2021,010305741,2,9,0,2,2,0,0,6,6,0,0,0,0,0,3,1,6,6,3,-1,-1,1968,2,9,VOLKSWAGEN SHARAN,-1,-1,0,-1
2021010335254,2021,010335254,2,8,0,17,19,1,7,0,0,2,0,0,0,0,1,1,1,1,1,40,7,1968,2,4,VOLKSWAGEN SHARAN,5,E01002394,0,-1
2021201049617,2021,201049617,2,9,0,18,19,3,7,0,0,0,0,0,0,0,3,1,1,1,1,40,7,1968,2,5,VOLKSWAGEN SHARAN,1,E01008905,0,-1
202134WNC2121,2021,34WNC2121,1,9,0,13,13,7,3,0,0,0,0,0,0,0,4,1,6,6,1,48,8,1896,2,16,VOLKSWAGEN SHARAN,5,E01027179,0,-1
2021010307448,2021,010307448,1,9,0,99,99,9,9,99,99,9,9,99,9,99,9,9,6,6,1,-1,-1,1968,2,7,VOLKSWAGEN SHARAN,1,E01002673,0,-1
2021010296745,2021,010296745,3,9,0,18,19,7,3,0,0,0,0,0,0,0,2,1,1,1,1,64,9,1968,2,2,VOLKSWAGEN SHARAN,2,E01000096,0,-1
2021401088804,2021,401088804,3,9,0,3,3,8,4,0,0,0,0,0,0,0,3,1,6,6,1,28,6,1968,2,5,VOLKSWAGEN SHARAN,3,E01017536,0,-1
2021131099106,2021,131099106,2,9,0,18,19,7,3,0,0,4,0,0,0,0,1,1,5,6,1,48,8,1968,2,7,VOLKSWAGEN SHARAN,1,E01010828,0,-1
2021010294747,2021,010294747,1,9,0,3,3,3,7,0,0,1,0,0,0,0,2,1,6,6,2,37,7,1968,2,6,VOLKSWAGEN SHARAN,6,E01032519,0,-1
2021211062442,2021,211062442,1,9,0,18,19,2,6,0,0,0,5,0,7,0,1,1,6,6,1,31,6,1896,2,18,VOLKSWAGEN SHARAN,2,E01010528,0,-1
2021010312212,2021,010312212,2,9,0,99,99,9,9,0,0,9,0,0,9,0,9,9,6,6,3,51,8,1968,2,3,VOLKSWAGEN SHARAN,7,E01000236,0,-1
2021430320119,2021,430320119,1,9,0,12,12,2,6,0,0,0,0,0,0,0,2,1,1,1,2,37,7,1968,2,4,VOLKSWAGEN SHARAN,5,E01032731,0,-1
2021010349184,2021,010349184,1,8,0,18,19,7,3,0,0,0,0,0,0,0,2,1,1,1,1,52,8,1968,2,2,VOLKSWAGEN SHARAN,1,E01002093,0,-1
2021010311556,2021,010311556,2,9,0,18,19,5,1,0,0,0,0,0,0,0,9,9,1,1,1,47,8,1968,2,4,VOLKSWAGEN SHARAN,3,E01002429,0,-1
2021371086093,2021,371086093,2,9,0,18,19,6,2,0,0,8,0,0,0,0,1,1,5,6,1,36,7,1968,2,10,VOLKSWAGEN SHARAN,2,E01033125,0,-1
2021010328967,2021,010328967,1,9,0,99,99,9,9,99,99,9,9,99,9,99,2,9,1,1,1,47,8,1968,2,2,VOLKSWAGEN SHARAN,3,E01003730,0,-1
2021481066461,2021,481066461,1,8,0,7,7,7,5,0,0,8,0,0,0,0,4,1,1,1,1,40,7,1968,2,2,VOLKSWAGEN SHARAN,-1,-1,0,-1
2021461073829,2021,461073829,1,9,0,6,6,3,5,0,0,0,0,0,0,0,1,1,6,6,1,30,6,1968,2,6,VOLKSWAGEN SHARAN,8,E01023983,0,-1
2021201099764,2021,201099764,2,9,0,18,19,2,6,0,0,8,0,0,0,0,4,1,6,6,1,-1,-1,1896,2,14,VOLKSWAGEN SHARAN,1,E01008898,0,-1
2021361093253,2021,361093253,1,9,0,18,19,1,5,0,0,0,0,0,0,0,-1,1,6,6,1,73,10,1896,2,17,VOLKSWAGEN SHARAN,6,E01026590,0,-1
2021010345799,2021,010345799,3,9,0,2,2,0,0,0,0,1,0,0,0,0,2,1,6,6,3,-1,-1,1968,2,5,VOLKSWAGEN SHARAN,-1,-1,0,-1
2021451064018,2021,451064018,2,9,0,18,19,5,5,0,0,0,1,11,1,11,2,1,1,1,1,39,7,1896,2,11,VOLKSWAGEN SHARAN,8,E01030347,0,-1
202154C561321,2021,54C561321,1,9,0,18,19,2,8,0,0,1,0,0,0,0,1,1,6,6,1,58,9,1900,2,18,VOLKSWAGEN SHARAN,6,E01015496,0,-1
2021010322374,2021,010322374,2,8,5,18,19,5,1,0,0,0,0,0,0,0,1,1,1,1,1,50,8,1968,2,4,VOLKSWAGEN SHARAN,3,E01003439,0,-1
2021320523540,2021,320523540,2,9,0,18,19,4,1,0,0,1,0,0,0,0,1,1,6,6,1,50,8,1968,2,1,VOLKSWAGEN SHARAN,6,E01013267,0,-1
2021010327435,2021,010327435,1,9,0,18,19,1,5,9,9,1,0,0,0,0,1,1,6,6,1,20,4,1968,2,3,VOLKSWAGEN SHARAN,1,E01003535,0,-1
2021010304827,2021,010304827,2,8,0,99,99,9,9,99,99,1,9,99,9,99,1,9,6,6,3,-1,-1,1968,2,6,VOLKSWAGEN SHARAN,-1,-1,0,-1
2021501055623,2021,501055623,2,9,0,18,19,2,6,0,0,0,0,4,0,0,4,1,6,6,2,63,9,1968,2,7,VOLKSWAGEN SHARAN,3,E01019005,0,-1
2021401085646,2021,401085646,3,9,0,3,3,8,4,0,0,0,0,0,0,0,3,1,6,6,1,28,6,1968,2,5,VOLKSWAGEN SHARAN,3,E01017536,0,-1
2021010291269,2021,010291269,1,9,0,8,8,7,2,0,0,1,0,0,0,0,0,1,1,1,1,61,9,1968,2,2,VOLKSWAGEN SHARAN,1,E01004205,0,-1
2021010308373,2021,010308373,1,9,0,18,19,5,1,0,0,0,0,0,0,0,1,1,6,6,1,27,6,1968,2,5,VOLKSWAGEN SHARAN,6,E01000220,0,-1
2021010302176,2021,010302176,1,8,0,18,19,7,3,0,0,0,0,0,0,0,1,1,6,6,1,43,7,1968,2,4,VOLKSWAGEN SHARAN,3,E01001504,0,-1
2021061092815,2021,061092815,1,9,0,18,19,3,7,0,0,0,0,0,0,0,3,1,6,6,1,64,9,1968,2,10,VOLKSWAGEN SHARAN,1,E01033258,0,-1
2021010308907,2021,010308907,1,8,0,18,19,2,6,0,0,1,0,0,0,0,1,1,1,1,1,32,6,1968,2,4,VOLKSWAGEN SHARAN,1,E01016006,0,-1
2021010333615,2021,010333615,1,9,0,18,19,7,3,0,0,8,1,10,7,0,3,1,2,2,1,50,8,1395,1,2,VOLKSWAGEN SHARAN,2,E01003197,0,-1
2021371060496,2021,371060496,1,9,0,9,9,1,7,0,0,0,0,0,0,0,1,1,5,6,2,41,7,1968,2,3,VOLKSWAGEN SHARAN,7,E01030069,0,-1
2021070662707,2021,070662707,2,9,0,7,7,5,8,0,0,3,0,0,0,0,3,2,6,6,2,20,4,1896,2,15,VOLKSWAGEN SHARAN,1,E01018310,0,-1
2021010304983,2021,010304983,2,9,0,13,13,1,5,0,0,8,0,0,0,0,4,1,6,6,3,-1,-1,1968,2,7,VOLKSWAGEN SHARAN,-1,-1,0,-1
2021010346737,2021,010346737,2,9,0,9,9,7,4,0,0,8,0,0,0,0,1,1,1,1,1,41,7,1968,2,2,VOLKSWAGEN SHARAN,7,E01001280,0,-1
2021361092123,2021,361092123,3,9,0,3,3,8,5,0,0,1,0,0,0,0,4,1,5,6,1,60,9,1968,2,7,VOLKSWAGEN SHARAN,10,E01023464,0,-1
2021440495064,2021,440495064,5,9,0,18,19,5,1,0,0,1,0,0,0,0,2,1,1,1,2,24,5,1968,2,9,VOLKSWAGEN SHARAN,-1,-1,0,-1
2021010319549,2021,010319549,1,9,0,4,4,5,1,0,0,1,0,0,0,0,2,1,6,6,2,54,8,1968,2,1,VOLKSWAGEN SHARAN,4,E01004642,0,-1
2021041067237,2021,041067237,2,9,0,18,19,4,8,0,0,1,0,0,0,0,4,1,5,6,1,49,8,1896,2,17,VOLKSWAGEN SHARAN,1,E01012577,0,-1
2021010293827,2021,010293827,1,9,0,18,19,1,5,0,0,2,0,0,0,0,2,1,1,1,1,-1,-1,1968,2,4,VOLKSWAGEN SHARAN,-1,-1,0,-1
2021552100295,2021,552100295,1,9,0,7,7,1,3,0,0,5,0,0,0,0,1,1,6,6,2,42,7,1968,2,9,VOLKSWAGEN SHARAN,6,E01015324,0,-1
2021010341382,2021,010341382,1,9,0,6,6,3,3,0,0,0,0,0,0,0,1,1,6,6,1,28,6,1968,2,6,VOLKSWAGEN SHARAN,2,E01015741,0,-1
2021010325135,2021,010325135,1,9,0,18,19,1,5,0,0,6,0,0,0,0,1,1,1,1,1,63,9,1968,2,3,VOLKSWAGEN SHARAN,2,E01004067,0,-1