collision_index,collision_year,collision_ref_no,vehicle_reference,vehicle_type,towing_and_articulation,vehicle_manoeuvre_historic,vehicle_manoeuvre,vehicle_direction_from,vehicle_direction_to,vehicle_location_restricted_lane_historic,vehicle_location_restricted_lane,junction_location,skidding_and_overturning,hit_object_in_carriageway,vehicle_leaving_carriageway,hit_object_off_carriageway,first_point_of_impact,vehicle_left_hand_drive,journey_purpose_of_driver_historic,journey_purpose_of_driver,sex_of_driver,age_of_driver,age_band_of_driver,engine_capacity_cc,propulsion_code,age_of_vehicle,generic_make_model,driver_imd_decile,lsoa_of_driver,escooter_flag,driver_distance_banding
2021010332710,2021,010332710,1,9,0,99,99,9,9,0,0,0,0,0,0,0,9,1,6,6,2,38,7,1395,1,3,VOLKSWAGEN SHARAN,7,E01000657,0,-1
2021010319032,2021,010319032,2,8,0,18,19,5,1,0,0,8,0,0,0,0,3,1,6,6,1,45,7,1968,2,2,VOLKSWAGEN SHARAN,3,E01001003,0,-1
2021010303482,2021,010303482,3,9,0,3,3,1,5,0,0,1,0,0,0,0,1,1,6,6,1,78,11,1968,2,3,VOLKSWAGEN SHARAN,3,E01002568,0,-1
2021010330946,2021,010330946,2,9,0,99,99,9,9,99,99,9,9,99,9,99,1,9,6,6,3,-1,-1,1968,2,1,VOLKSWAGEN SHARAN,-1,-1,0,-1
2021101020071,2021,101020071,2,9,0,2,2,3,3,0,0,2,0,0,0,0,2,1,5,6,2,46,8,1968,2,7,VOLKSWAGEN SHARAN,7,E01027452,0,-1
2021010344897,2021,010344897,1,9,0,99,99,9,9,99,99,9,9,99,9,99,1,9,6,6,2,30,6,1395,1,0,VOLKSWAGEN SHARAN,2,E01000075,0,-1
2021531079475,2021,531079475,2,9,0,17,19,1,5,0,0,0,0,0,0,0,3,1,5,6,1,38,7,1968,2,8,VOLKSWAGEN SHARAN,10,E01022382,0,-1
2021141089681,2021,141089681,1,9,0,5,5,4,5,0,0,1,0,0,0,0,1,1,5,6,2,51,8,1968,2,13,VOLKSWAGEN SHARAN,1,E01007574,0,-1
2021411095505,2021,411095505,1,9,0,7,7,-1,-1,0,0,1,0,0,0,0,1,1,6,6,3,-1,-1,1984,1,24,VOLKSWAGEN SHARAN,-1,-1,0,-1
2021010340231,2021,010340231,1,9,0,9,9,7,5,0,0,1,0,0,0,0,4,1,6,6,1,54,8,1968,2,6,VOLKSWAGEN SHARAN,6,E01031586,0,-1
2021141100661,2021,141100661,1,9,0,9,9,1,8,0,0,0,1,0,7,0,1,1,6,6,1,35,6,1968,2,6,VOLKSWAGEN SHARAN,1,E01007462,0,-1
2021351046665,2021,351046665,2,9,0,18,19,5,6,0,0,3,0,0,0,0,1,1,5,6,1,51,8,1395,1,2,VOLKSWAGEN SHARAN,1,E01015602,0,-1
2021010332703,2021,010332703,2,8,0,99,99,9,9,99,99,9,9,99,9,99,1,9,6,6,3,-1,-1,1968,2,4,VOLKSWAGEN SHARAN,2,E01003970,0,-1
2021161117188,2021,161117188,1,9,0,18,19,3,7,0,0,0,1,0,7,4,1,1,5,6,1,45,7,1968,2,12,VOLKSWAGEN SHARAN,1,E01010624,0,-1
202163D017621,2021,63D017621,2,9,0,4,4,6,2,0,0,0,0,0,0,0,0,1,6,6,2,52,8,1968,2,7,VOLKSWAGEN SHARAN,8,W01000453,0,-1
2021010338979,2021,010338979,2,9,0,2,2,0,0,0,0,0,0,6,0,0,2,1,6,6,3,-1,-1,1968,2,5,VOLKSWAGEN SHARAN,-1,-1,0,-1
2021471038333,2021,471038333,1,9,0,18,19,8,4,0,0,8,0,0,0,0,1,2,5,6,2,46,8,1968,2,7,VOLKSWAGEN SHARAN,8,E01016992,0,-1
2021010350252,2021,010350252,1,8,0,10,10,4,3,0,0,1,0,0,0,0,2,1,1,1,1,66,10,1968,2,2,VOLKSWAGEN SHARAN,2,E01000374,0,-1
2021010343298,2021,010343298,1,9,0,99,99,9,9,99,99,9,9,99,9,99,1,9,6,6,2,41,7,1968,2,9,VOLKSWAGEN SHARAN,1,E01001210,0,-1
2021010304897,2021,010304897,1,9,0,18,19,3,7,0,0,2,0,0,0,0,0,2,1,1,1,57,9,1968,2,5,VOLKSWAGEN SHARAN,1,E01004722,0,-1
2021010300270,2021,010300270,1,8,0,18,19,7,3,0,0,8,0,0,0,0,3,1,1,1,2,55,8,1968,2,3,VOLKSWAGEN SHARAN,2,E01032579,0,-1
2021010345099,2021,010345099,1,9,0,7,7,6,8,0,0,5,0,0,0,0,4,1,1,1,1,50,8,1968,2,4,VOLKSWAGEN SHARAN,3,E01003439,0,-1
2021351063681,2021,351063681,1,9,0,18,19,-1,-1,0,0,8,0,0,0,0,3,1,6,6,3,-1,-1,1781,1,20,VOLKSWAGEN SHARAN,-1,-1,0,-1
2021010349781,2021,010349781,2,9,0,99,99,9,9,99,99,9,9,99,9,99,9,9,6,6,3,-1,-1,1968,2,4,VOLKSWAGEN SHARAN,2,E01001961,0,-1
2021010348274,2021,010348274,2,8,0,99,99,9,9,99,99,9,9,99,9,99,1,9,6,6,3,-1,-1,1395,1,2,VOLKSWAGEN SHARAN,1,E01003761,0,-1
2021010327544,2021,010327544,2,9,0,4,4,3,7,0,0,1,0,0,0,0,2,1,6,6,2,53,8,1968,2,9,VOLKSWAGEN SHARAN,8,E01003421,0,-1
2021471124380,2021,471124380,1,9,0,18,19,8,4,0,0,0,0,0,0,0,1,1,1,1,2,27,6,1968,2,10,VOLKSWAGEN SHARAN,4,E01020935,0,-1
2021010294866,2021,010294866,1,8,0,4,4,1,5,0,0,1,0,0,0,0,2,1,1,1,1,60,9,1968,2,2,VOLKSWAGEN SHARAN,1,E01001729,0,-1
2021010343718,2021,010343718,2,8,0,99,99,9,9,99,99,9,9,99,9,99,1,9,6,6,3,-1,-1,1968,2,4,VOLKSWAGEN SHARAN,-1,-1,0,-1
2021471094315,2021,471094315,1,9,0,5,5,1,5,0,0,8,0,0,7,11,4,1,2,2,2,20,4,1896,2,18,VOLKSWAGEN SHARAN,3,E01031430,0,-1
2021010293424,2021,010293424,1,8,0,18,19,3,7,0,0,8,0,0,0,0,1,1,1,1,1,51,8,1968,2,2,VOLKSWAGEN SHARAN,1,E01002093,0,-1
2021501088605,2021,501088605,1,9,0,18,19,1,5,0,0,0,0,0,0,0,1,1,5,6,1,49,8,1968,2,5,VOLKSWAGEN SHARAN,4,E01019049,0,-1
2021531107898,2021,531107898,3,9,0,16,19,1,1,0,0,8,0,0,0,0,2,1,5,6,2,72,10,1968,2,1,VOLKSWAGEN SHARAN,8,E01022191,0,-1
2021221092790,2021,221092790,2,9,0,18,19,8,4,0,0,0,0,0,0,0,4,1,5,6,1,50,8,1968,2,3,VOLKSWAGEN SHARAN,7,E01014150,0,-1
2021010328071,2021,010328071,1,9,0,18,19,5,1,0,0,1,0,0,0,0,4,1,6,6,1,54,8,1968,2,9,VOLKSWAGEN SHARAN,7,E01032670,0,-1
2021010309098,2021,010309098,2,9,0,6,6,3,3,0,0,0,0,0,0,0,1,1,6,6,1,45,7,1968,2,4,VOLKSWAGEN SHARAN,6,E01001662,0,-1
2021010346412,2021,010346412,2,8,0,99,99,9,9,99,99,9,9,99,9,99,9,9,6,6,3,62,9,1968,2,2,VOLKSWAGEN SHARAN,2,E01000096,0,-1
2021010311624,2021,010311624,1,9,0,7,7,5,7,0,0,8,0,0,0,0,1,1,6,6,3,-1,-1,1968,2,4,VOLKSWAGEN SHARAN,-1,-1,0,-1
2021541634121,2021,541634121,1,8,0,1,1,4,8,0,0,0,0,0,0,0,2,1,1,1,1,59,9,1968,2,7,VOLKSWAGEN SHARAN,4,E01015475,0,-1
2021010341582,2021,010341582,2,9,0,18,19,5,1,0,0,3,0,0,0,0,4,1,2,2,1,55,8,1968,2,6,VOLKSWAGEN SHARAN,1,E01000602,0,-1
2021111018250,2021,111018250,3,9,0,2,2,1,5,0,0,1,0,0,0,0,2,1,6,6,3,-1,-1,1968,2,9,VOLKSWAGEN SHARAN,-1,-1,0,-1
2021010299847,2021,010299847,2,9,0,18,19,5,1,0,0,0,0,0,0,0,2,1,6,6,2,41,7,1968,2,8,VOLKSWAGEN SHARAN,5,E01004601,0,-1
2021010298669,2021,010298669,2,9,0,99,99,9,9,99,99,9,9,99,9,99,9,9,6,6,3,-1,-1,1968,2,2,VOLKSWAGEN SHARAN,2,E01001136,0,-1
2021411066437,2021,411066437,1,9,0,18,19,2,6,0,0,2,0,0,0,0,2,1,1,1,2,57,9,1968,2,8,VOLKSWAGEN SHARAN,10,E01023371,0,-1
2021010339623,2021,010339623,2,9,0,99,99,9,9,99,99,9,9,99,9,99,1,9,6,6,3,-1,-1,1896,2,17,VOLKSWAGEN SHARAN,-1,-1,0,-1
2021010328286,2021,010328286,2,9,0,9,9,5,3,6,6,1,0,0,0,0,1,2,6,6,2,52,8,1968,2,2,VOLKSWAGEN SHARAN,7,E01017860,0,-1
2021302101749,2021,302101749,1,9,0,18,19,4,8,0,0,1,0,0,0,0,1,1,6,6,3,-1,-1,1968,2,10,VOLKSWAGEN SHARAN,5,E01019456,0,-1
2021101112872,2021,101112872,2,8,0,2,2,4,1,0,0,2,0,0,0,0,2,1,1,1,1,43,7,1968,2,4,VOLKSWAGEN SHARAN,1,E01008437,0,-1
2021170S10371,2021,170S10371,1,9,0,18,19,3,7,0,0,0,0,0,0,0,1,1,6,6,1,51,8,1896,2,16,VOLKSWAGEN SHARAN,1,E01033477,0,-1
2021010298450,2021,010298450,1,8,0,18,19,1,5,0,0,0,0,0,0,0,1,1,1,1,1,59,9,1968,2,2,VOLKSWAGEN SHARAN,4,E01003770,0,-1
2021010305734,2021,010305734,1,9,0,18,19,1,5,0,0,1,0,0,0,0,0,1,6,6,2,48,8,1968,2,3,VOLKSWAGEN SHARAN,6,E01004108,0,-1
2021010311235,2021,010311235,1,9,9,99,99,9,9,99,99,0,9,99,0,0,9,9,6,6,3,-1,-1,1968,2,3,VOLKSWAGEN SHARAN,-1,-1,0,-1
2021211068671,2021,211068671,1,9,0,18,19,4,3,0,0,1,0,0,0,0,1,1,6,6,1,75,10,1968,2,2,VOLKSWAGEN SHARAN,-1,-1,0,-1
2021010318589,2021,010318589,2,9,0,18,19,7,3,0,0,1,0,0,0,0,2,1,1,1,1,40,7,1968,2,2,VOLKSWAGEN SHARAN,3,E01000107,0,-1
2021010310299,2021,010310299,1,8,0,9,9,5,2,0,0,8,0,0,0,0,1,2,1,1,1,64,9,1968,2,6,VOLKSWAGEN SHARAN,6,E01002240,0,-1
2021991091760,2021,991091760,1,8,0,9,9,1,7,0,0,8,0,0,0,0,1,1,1,1,1,51,8,1968,2,7,VOLKSWAGEN SHARAN,6,-1,0,-1
2021430195880,2021,430195880,2,9,0,18,19,6,2,0,0,8,0,0,0,0,4,1,6,6,2,44,7,1968,2,6,VOLKSWAGEN SHARAN,10,E01016534,0,-1
2021320075566,2021,320075566,2,9,0,6,6,6,2,0,0,0,0,0,0,0,2,1,2,2,1,40,7,1896,2,17,VOLKSWAGEN SHARAN,7,E01026267,0,-1
2021361117733,2021,361117733,2,9,0,4,4,2,6,0,0,0,0,0,0,0,3,1,5,6,2,33,6,1968,2,3,VOLKSWAGEN SHARAN,6,E01026919,0,-1
2021440201346,2021,440201346,2,9,0,18,19,8,4,0,0,0,0,0,0,0,1,1,6,6,3,-1,-1,1968,2,10,VOLKSWAGEN SHARAN,-1,-1,0,-1
2021010322583,2021,010322583,1,9,0,99,99,9,9,99,99,9,9,99,9,99,9,9,6,6,1,52,8,1395,1,3,VOLKSWAGEN SHARAN,5,E01001291,0,-1
2021201130543,2021,201130543,1,9,0,18,19,5,1,0,0,0,0,10,1,11,1,1,1,1,1,39,7,1968,2,5,VOLKSWAGEN SHARAN,2,E01009592,0,-1
2021991125960,2021,991125960,2,8,0,17,19,8,6,0,0,1,0,0,0,0,4,1,1,1,1,34,6,1968,2,4,VOLKSWAGEN SHARAN,4,-1,0,-1
2021010302671,2021,010302671,2,9,0,99,99,4,8,0,0,0,0,0,0,0,9,9,6,6,1,55,8,1968,2,2,VOLKSWAGEN SHARAN,2,E01002664,0,-1
2021471094207,2021,471094207,4,9,0,18,19,2,6,0,0,0,0,0,0,0,3,1,6,6,1,46,8,2792,1,20,VOLKSWAGEN SHARAN,8,E01016928,0,-1
2021411043940,2021,411043940,2,9,0,18,19,5,1,0,0,0,0,0,0,0,2,1,2,2,1,29,6,1968,2,10,VOLKSWAGEN SHARAN,1,E01027140,0,-1
2021010296036,2021,010296036,1,8,0,18,19,2,6,0,0,1,9,0,0,99,1,9,6,6,1,71,10,1968,2,2,VOLKSWAGEN SHARAN,4,E01000980,0,-1
2021451099358,2021,451099358,2,9,0,18,19,2,6,0,0,1,0,0,0,0,1,1,2,2,1,47,8,1968,2,8,VOLKSWAGEN SHARAN,6,E01016477,0,-1
2021351087340,2021,351087340,1,9,0,18,19,3,7,0,0,0,0,0,0,0,1,1,6,6,2,-1,-1,1968,2,8,VOLKSWAGEN SHARAN,-1,-1,0,-1
2021010327986,2021,010327986,1,9,0,9,9,5,3,0,0,6,0,0,0,0,1,1,6,6,1,41,7,1968,2,5,VOLKSWAGEN SHARAN,6,E01002125,0,-1
2021010289556,2021,010289556,2,9,0,99,99,9,9,99,99,9,9,99,9,99,1,9,6,6,3,-1,-1,1896,2,13,VOLKSWAGEN SHARAN,-1,-1,0,-1
2021471072417,2021,471072417,2,9,0,18,19,8,4,0,0,3,0,0,0,0,4,1,5,6,1,36,7,1968,2,3,VOLKSWAGEN SHARAN,4,E01031573,0,-1
2021010349139,2021,010349139,2,8,0,99,99,9,9,99,99,9,9,99,9,99,1,9,6,6,3,27,6,1968,2,2,VOLKSWAGEN SHARAN,1,E01003048,0,-1
2021010308011,2021,010308011,1,9,0,18,19,1,5,0,0,0,0,0,0,0,1,1,6,6,1,64,9,1896,2,16,VOLKSWAGEN SHARAN,2,E01002669,0,-1
2021070818501,2021,070818501,2,9,0,18,19,1,6,0,0,1,0,0,0,0,1,1,2,2,1,43,7,1968,2,10,VOLKSWAGEN SHARAN,1,E01005223,0,-1
2021010307781,2021,010307781,1,8,0,99,99,9,9,0,0,8,0,0,0,0,2,1,1,1,1,59,9,1968,2,5,VOLKSWAGEN SHARAN,2,E01001339,0,-1
2021201120911,2021,201120911,2,9,0,18,19,1,5,0,0,1,0,0,0,0,4,1,6,6,1,42,7,1968,2,8,VOLKSWAGEN SHARAN,2,E01009891,0,-1
2021010315026,2021,010315026,2,9,0,18,19,5,1,0,0,4,0,0,0,0,2,1,1,1,1,59,9,1968,2,2,VOLKSWAGEN SHARAN,4,E01003436,0,-1
2021101060401,2021,101060401,1,8,0,3,3,3,5,0,0,4,0,0,0,0,1,1,6,6,1,-1,-1,1896,2,15,VOLKSWAGEN SHARAN,-1,-1,0,-1
2021010345353,2021,010345353,1,8,0,6,6,5,5,0,0,1,0,0,0,0,4,1,1,1,1,52,8,1968,2,2,VOLKSWAGEN SHARAN,1,E01002066,0,-1
2021010327385,2021,010327385,1,9,0,6,6,5,5,0,0,0,0,0,0,0,3,1,6,6,1,49,8,1968,2,3,VOLKSWAGEN SHARAN,5,E01016642,0,-1
2021430175195,2021,430175195,1,9,0,18,19,2,6,0,0,6,0,0,0,0,1,1,6,6,2,45,7,1896,2,16,VOLKSWAGEN SHARAN,10,E01016632,0,-1
2021546687921,2021,546687921,1,9,0,18,19,4,8,0,0,4,0,0,0,0,1,1,6,6,1,44,7,1968,2,4,VOLKSWAGEN SHARAN,9,E01032702,0,-1
2021010345096,2021,010345096,1,9,0,4,4,5,1,0,0,0,0,0,0,0,0,1,1,1,1,41,7,1968,2,6,VOLKSWAGEN SHARAN,-1,-1,0,-1
2021201142543,2021,201142543,2,9,0,18,19,6,2,0,0,0,0,0,0,0,2,1,6,6,1,42,7,1968,2,3,VOLKSWAGEN SHARAN,1,E01009889,0,-1
2021131098545,2021,131098545,2,9,0,3,3,4,8,0,0,0,0,0,0,0,2,1,6,6,1,37,7,1984,1,16,VOLKSWAGEN SHARAN,1,E01010666,0,-1
2021010309110,2021,010309110,1,9,0,8,8,7,1,0,0,3,0,0,0,0,1,1,6,6,1,39,7,1968,2,3,VOLKSWAGEN SHARAN,3,E01004432,0,-1
2021010287234,2021,010287234,3,9,0,3,3,5,1,0,0,1,0,0,0,0,4,1,1,1,1,47,8,1968,2,6,VOLKSWAGEN SHARAN,-1,-1,0,-1
202134WNC3721,2021,34WNC3721,2,8,0,9,9,1,5,0,0,1,5,0,0,0,4,1,1,1,1,57,9,1968,2,4,VOLKSWAGEN SHARAN,4,E01027132,0,-1
2021010304208,2021,010304208,1,9,0,18,19,1,5,0,0,8,0,0,0,0,3,1,6,6,1,51,8,1968,2,10,VOLKSWAGEN SHARAN,10,E01002917,0,-1
2021471120213,2021,471120213,1,9,0,18,19,6,2,0,0,2,0,0,0,0,3,1,5,6,1,43,7,1968,2,5,VOLKSWAGEN SHARAN,8,E01021141,0,-1
2021010321855,2021,010321855,1,9,0,18,19,2,6,0,0,1,0,0,0,0,1,1,1,1,1,45,7,1968,2,3,VOLKSWAGEN SHARAN,-1,-1,0,-1
2021991116876,2021,991116876,1,8,0,18,19,3,6,0,0,0,0,0,0,0,1,1,1,1,1,54,8,1968,2,3,VOLKSWAGEN SHARAN,1,-1,0,-1
2021010333568,2021,010333568,1,8,0,5,5,5,1,0,0,1,0,0,0,0,1,1,1,1,1,52,8,1968,2,5,VOLKSWAGEN SHARAN,6,E01001989,0,-1
2021451025196,2021,451025196,1,9,0,18,19,5,1,0,0,1,0,0,0,0,1,1,2,2,1,60,9,1968,2,2,VOLKSWAGEN SHARAN,5,E01001035,0,-1
2021471097924,2021,471097924,1,9,0,4,4,4,8,0,0,1,0,0,0,0,2,1,5,6,2,28,6,1896,2,16,VOLKSWAGEN SHARAN,6,E01031507,0,-1
2021052102824,2021,052102824,2,8,0,18,19,6,2,0,0,1,0,0,0,0,1,1,1,1,1,32,6,1968,2,7,VOLKSWAGEN SHARAN,1,E01006417,0,-1
2021430534274,2021,430534274,1,8,0,16,19,5,8,0,0,8,0,0,0,0,3,1,1,1,1,48,8,1968,2,4,VOLKSWAGEN SHARAN,4,E01016485,0,-1
2021010348303,2021,010348303,2,8,0,9,9,6,4,0,0,2,0,0,1,0,1,1,1,1,1,49,8,1968,2,2,VOLKSWAGEN SHARAN,4,E01003129,0,-1
2021501119076,2021,501119076,2,9,0,2,2,0,0,0,0,1,0,0,0,0,2,1,6,6,1,51,8,1968,2,10,VOLKSWAGEN SHARAN,7,E01020233,0,-1
2021010297367,2021,010297367,1,9,0,5,5,1,5,0,0,8,0,0,0,0,1,1,1,1,1,47,8,1968,2,2,VOLKSWAGEN SHARAN,4,E01033725,0,-1
2021010320096,2021,010320096,2,9,0,3,3,5,1,0,0,0,0,0,0,0,2,1,6,6,1,61,9,1968,2,14,VOLKSWAGEN SHARAN,6,E01003397,0,-1
2021302100891,2021,302100891,2,9,0,7,7,5,7,0,0,6,0,0,7,5,2,1,6,6,2,64,9,1968,2,4,VOLKSWAGEN SHARAN,6,E01019489,0,-1
2021461051490,2021,461051490,1,9,0,4,4,2,6,0,0,2,0,0,0,0,1,1,5,6,1,48,8,1968,2,8,VOLKSWAGEN SHARAN,6,E01024456,0,-1
2021440506506,2021,440506506,1,9,0,7,7,1,3,0,0,8,0,0,0,0,1,1,6,6,1,35,6,1896,2,16,VOLKSWAGEN SHARAN,2,E01017153,0,-1
2021010324189,2021,010324189,1,9,0,3,3,7,3,0,0,0,0,0,0,0,2,1,1,1,1,62,9,1968,2,2,VOLKSWAGEN SHARAN,1,E01001517,0,-1
2021010287836,2021,010287836,2,9,0,99,99,9,9,99,99,9,9,99,9,99,0,9,6,6,3,31,6,1896,2,14,VOLKSWAGEN SHARAN,3,E01003391,0,-1
2021010314293,2021,010314293,1,9,0,5,5,7,3,0,0,1,0,0,0,0,1,1,6,6,1,45,7,1968,2,7,VOLKSWAGEN SHARAN,-1,-1,0,-1
2021010329993,2021,010329993,1,9,0,18,19,8,4,0,0,8,0,0,0,0,2,1,2,2,1,26,6,1968,2,5,VOLKSWAGEN SHARAN,7,E01000517,0,-1
2021041103114,2021,041103114,1,9,0,18,19,8,4,0,0,0,0,0,0,0,1,1,1,1,1,46,8,1968,2,4,VOLKSWAGEN SHARAN,1,E01024875,0,-1
2021010337581,2021,010337581,2,9,0,9,9,5,3,0,0,1,0,0,0,0,3,1,6,6,1,53,8,1968,2,3,VOLKSWAGEN SHARAN,5,E01003642,0,-1
2021010317829,2021,010317829,1,8,0,4,4,3,7,0,0,1,0,0,0,0,3,1,1,1,1,52,8,1968,2,2,VOLKSWAGEN SHARAN,-1,-1,0,-1
2021101096265,2021,101096265,1,8,0,9,9,7,5,0,0,1,0,0,0,0,3,1,1,1,1,50,8,1896,2,17,VOLKSWAGEN SHARAN,1,E01008331,0,-1
2021010293562,2021,010293562,1,9,0,4,4,7,3,0,0,0,0,0,0,0,0,1,1,1,1,52,8,1968,2,6,VOLKSWAGEN SHARAN,3,E01001764,0,-1
2021010319359,2021,010319359,1,9,0,9,9,3,8,0,0,6,0,0,0,0,1,1,1,1,1,38,7,1968,2,7,VOLKSWAGEN SHARAN,2,E01001428,0,-1
2021010331327,2021,010331327,4,9,0,13,13,5,1,0,0,1,0,0,0,0,3,1,1,1,1,54,8,1968,2,2,VOLKSWAGEN SHARAN,5,E01004700,0,-1
2021010309480,2021,010309480,1,8,0,99,99,9,9,99,99,9,9,99,9,99,2,9,6,6,3,-1,-1,1968,2,4,VOLKSWAGEN SHARAN,-1,-1,0,-1
2021010312836,2021,010312836,1,9,9,99,99,9,9,99,99,1,9,99,9,99,9,9,6,6,1,56,9,1896,2,15,VOLKSWAGEN SHARAN,-1,-1,0,-1
2021622100927,2021,622100927,2,9,0,18,19,3,7,0,0,0,0,0,0,0,1,1,6,6,1,37,7,1968,2,7,VOLKSWAGEN SHARAN,2,W01001465,0,-1
2021451054284,2021,451054284,1,9,0,18,19,5,8,0,0,4,0,0,0,0,1,1,1,1,1,38,7,1968,2,4,VOLKSWAGEN SHARAN,4,E01030805,0,-1
2021010338708,2021,010338708,1,9,0,4,4,7,3,0,0,0,0,0,0,0,4,1,6,6,3,31,6,1968,2,1,VOLKSWAGEN SHARAN,3,E01003579,0,-1
2021211116746,2021,211116746,2,9,0,3,3,1,5,0,0,3,0,0,0,0,2,1,2,2,2,41,7,1395,1,2,VOLKSWAGEN SHARAN,9,E01029686,0,-1
2021010323789,2021,010323789,3,9,0,4,4,7,3,0,0,0,0,0,0,0,2,1,6,6,1,64,9,1896,2,16,VOLKSWAGEN SHARAN,3,E01004167,0,-1
2021010343081,2021,010343081,2,8,0,18,19,5,1,0,0,2,1,0,0,0,1,1,2,2,1,44,7,1968,2,2,VOLKSWAGEN SHARAN,2,E01015737,0,-1
2021451069494,2021,451069494,1,9,0,18,19,6,2,0,0,1,0,0,0,0,1,1,1,1,1,41,7,1968,2,4,VOLKSWAGEN SHARAN,5,E01002591,0,-1
2021131106738,2021,131106738,2,9,0,3,3,6,2,0,0,1,0,0,0,0,2,1,5,6,2,39,7,1968,2,8,VOLKSWAGEN SHARAN,2,E01011558,0,-1
2021010327610,2021,010327610,2,9,0,99,99,9,9,99,99,0,9,99,9,99,9,9,6,6,3,-1,-1,1395,1,2,VOLKSWAGEN SHARAN,2,E01001812,0,-1
2021010315520,2021,010315520,1,9,0,99,99,9,9,0,0,9,9,99,0,0,9,9,6,6,3,57,9,1968,2,6,VOLKSWAGEN SHARAN,9,E01000759,0,-1
2021461053477,2021,461053477,2,9,0,16,19,6,6,0,0,8,0,0,0,0,3,1,5,6,2,39,7,1896,2,13,VOLKSWAGEN SHARAN,7,E01024131,0,-1
2021010342971,2021,010342971,1,8,0,99,99,9,9,99,99,0,9,99,9,99,9,9,1,1,1,40,7,1968,2,3,VOLKSWAGEN SHARAN,3,E01004313,0,-1
2021622100963,2021,622100963,1,8,0,18,19,1,5,0,0,0,0,0,0,0,1,1,1,1,1,68,10,1968,2,3,VOLKSWAGEN SHARAN,10,W01001851,0,-1
202131C120421,2021,31C120421,1,9,0,2,2,0,0,0,0,0,0,0,0,0,3,1,6,6,1,49,8,1968,2,7,VOLKSWAGEN SHARAN,2,E01013845,0,-1
2021440326003,2021,440326003,2,8,0,18,19,7,3,0,0,2,0,0,1,0,3,1,1,1,2,45,7,1968,2,5,VOLKSWAGEN SHARAN,-1,-1,0,-1
2021131055172,2021,131055172,2,9,0,9,9,1,3,0,0,1,0,0,0,0,3,1,1,1,1,61,9,1968,2,2,VOLKSWAGEN SHARAN,2,E01010619,0,-1
2021440080440,2021,440080440,1,9,0,7,7,3,5,0,0,8,0,0,0,0,3,1,6,6,1,26,6,1896,2,17,VOLKSWAGEN SHARAN,2,E01017076,0,-1
2021010310428,2021,010310428,2,9,9,99,99,9,9,99,99,1,9,0,0,0,1,9,6,6,3,-1,-1,1968,2,7,VOLKSWAGEN SHARAN,-1,-1,0,-1
2021440128345,2021,440128345,2,9,0,18,19,1,5,0,0,8,0,0,0,0,1,1,6,6,1,54,8,1968,2,14,VOLKSWAGEN SHARAN,10,E01022647,0,-1
2021010341508,2021,010341508,2,9,0,99,99,9,9,99,99,9,9,99,9,99,9,9,6,6,3,48,8,1968,2,5,VOLKSWAGEN SHARAN,3,E01002781,0,-1
2021520100287,2021,520100287,3,9,0,18,19,1,5,0,0,1,0,0,0,0,1,1,6,6,1,40,7,1968,2,10,VOLKSWAGEN SHARAN,-1,-1,0,-1
2021010293726,2021,010293726,2,9,0,99,99,9,9,99,99,9,9,99,9,99,9,9,6,6,3,-1,-1,1968,2,4,VOLKSWAGEN SHARAN,-1,-1,0,-1
2021461119982,2021,461119982,1,9,0,16,19,8,4,0,0,0,0,0,7,9,3,1,5,6,1,84,11,1395,1,2,VOLKSWAGEN SHARAN,5,E01024537,0,-1
2021131119415,2021,131119415,2,9,0,7,7,5,1,0,0,6,0,0,0,0,4,1,1,1,1,37,7,1896,2,16,VOLKSWAGEN SHARAN,4,E01011023,0,-1
2021010310331,2021,010310331,1,9,0,9,9,6,3,0,0,4,0,0,0,0,1,1,6,6,1,61,9,1968,2,6,VOLKSWAGEN SHARAN,5,E01004601,0,-1
2021010308770,2021,010308770,2,8,0,3,3,1,5,0,0,1,0,0,0,0,2,1,1,1,1,52,8,1968,2,3,VOLKSWAGEN SHARAN,1,E01033456,0,-1
2021010292786,2021,010292786,1,9,0,17,19,7,3,0,0,2,0,0,0,0,1,1,6,6,1,39,7,1968,2,6,VOLKSWAGEN SHARAN,4,E01023333,0,-1
2021010289361,2021,010289361,1,9,0,18,19,5,1,0,0,3,0,0,0,0,1,1,1,1,2,31,6,1968,2,2,VOLKSWAGEN SHARAN,8,E01023136,0,-1
2021010317775,2021,010317775,2,9,0,7,7,7,1,0,0,1,9,0,0,99,4,9,6,6,3,48,8,1968,2,2,VOLKSWAGEN SHARAN,2,E01001202,0,-1
2021010304976,2021,010304976,1,9,0,10,10,3,8,0,0,0,0,0,0,0,3,1,6,6,1,26,6,1968,2,5,VOLKSWAGEN SHARAN,2,E01004269,0,-1
2021010291802,2021,010291802,1,9,0,18,19,7,3,0,0,0,0,0,0,0,3,1,1,1,1,49,8,1968,2,2,VOLKSWAGEN SHARAN,3,E01004261,0,-1
2021010316046,2021,010316046,1,8,0,18,19,7,3,0,0,8,1,0,0,0,3,1,6,6,1,48,8,1968,2,3,VOLKSWAGEN SHARAN,3,E01003942,0,-1
2021052100178,2021,052100178,1,9,0,18,19,6,2,0,0,6,0,0,0,0,4,1,6,6,1,47,8,1968,2,2,VOLKSWAGEN SHARAN,1,E01006467,0,-1
2021010297321,2021,010297321,1,8,0,9,9,7,4,0,0,1,0,0,0,0,4,1,1,1,1,53,8,1968,2,2,VOLKSWAGEN SHARAN,2,E01032744,0,-1
2021010303660,2021,010303660,1,8,0,5,5,5,1,0,0,1,0,0,0,0,3,1,1,1,1,39,7,1968,2,2,VOLKSWAGEN SHARAN,1,E01033207,0,-1
2021061132061,2021,061132061,1,9,0,18,19,4,8,0,0,8,0,0,0,0,1,1,6,6,3,30,6,1968,2,8,VOLKSWAGEN SHARAN,-1,-1,0,-1