collision_index,collision_year,collision_ref_no,vehicle_reference,vehicle_type,towing_and_articulation,vehicle_manoeuvre_historic,vehicle_manoeuvre,vehicle_direction_from,vehicle_direction_to,vehicle_location_restricted_lane_historic,vehicle_location_restricted_lane,junction_location,skidding_and_overturning,hit_object_in_carriageway,vehicle_leaving_carriageway,hit_object_off_carriageway,first_point_of_impact,vehicle_left_hand_drive,journey_purpose_of_driver_historic,journey_purpose_of_driver,sex_of_driver,age_of_driver,age_band_of_driver,engine_capacity_cc,propulsion_code,age_of_vehicle,generic_make_model,driver_imd_decile,lsoa_of_driver,escooter_flag,driver_distance_banding
2021010333416,2021,010333416,1,8,0,18,19,1,5,0,0,3,1,0,0,0,4,1,1,1,1,55,8,1968,2,6,VOLKSWAGEN SHARAN,5,E01000067,0,-1
2021991031045,2021,991031045,2,9,0,18,19,8,4,0,0,1,0,0,0,0,3,1,6,6,1,43,7,1968,2,5,VOLKSWAGEN SHARAN,1,-1,0,-1
2021010318831,2021,010318831,2,9,0,99,99,9,9,0,0,1,0,0,0,0,9,9,6,6,2,47,8,1968,2,4,VOLKSWAGEN SHARAN,3,E01001793,0,-1
2021010296006,2021,010296006,5,9,0,2,2,0,0,0,0,1,0,0,0,0,2,1,6,6,3,-1,-1,1968,2,2,VOLKSWAGEN SHARAN,-1,-1,0,-1
2021430020319,2021,430020319,3,9,0,18,19,2,6,0,0,0,0,0,0,0,3,1,6,6,2,45,7,1984,1,6,VOLKSWAGEN SHARAN,-1,-1,0,-1
2021010306044,2021,010306044,2,9,0,99,99,9,9,99,99,6,9,99,9,99,1,9,6,6,3,-1,-1,1896,2,17,VOLKSWAGEN SHARAN,8,E01003679,0,-1
2021501018585,2021,501018585,2,9,0,11,11,1,5,0,0,1,0,0,0,0,2,1,2,2,1,46,8,1968,2,2,VOLKSWAGEN SHARAN,2,E01018770,0,-1
2021010315074,2021,010315074,2,8,0,99,99,9,9,99,99,9,0,0,9,0,9,9,6,6,1,58,9,1968,2,2,VOLKSWAGEN SHARAN,5,E01003016,0,-1
2021161136066,2021,161136066,2,9,0,18,19,6,2,0,0,0,0,0,0,0,1,1,6,6,1,-1,-1,1968,2,3,VOLKSWAGEN SHARAN,1,E01012856,0,-1
2021320186246,2021,320186246,1,9,0,13,13,2,6,0,0,0,0,0,0,0,1,1,2,2,1,26,6,1896,2,17,VOLKSWAGEN SHARAN,7,E01026267,0,-1
2021010297245,2021,010297245,1,8,0,9,9,3,1,0,0,2,0,0,0,0,1,1,6,6,3,-1,-1,1968,2,2,VOLKSWAGEN SHARAN,-1,-1,0,-1
2021101066325,2021,101066325,2,9,0,18,19,3,7,0,0,1,0,0,7,1,1,1,2,2,1,44,7,1968,2,4,VOLKSWAGEN SHARAN,1,E01008302,0,-1
2021010291631,2021,010291631,2,9,0,99,99,9,9,99,99,9,9,99,9,99,1,9,6,6,3,-1,-1,1968,2,4,VOLKSWAGEN SHARAN,-1,-1,0,-1
2021010287507,2021,010287507,1,9,0,99,99,9,9,99,99,0,9,99,9,99,1,9,6,6,3,42,7,1968,2,4,VOLKSWAGEN SHARAN,4,E01002696,0,-1
2021111028081,2021,111028081,2,9,0,5,5,7,3,0,0,8,0,0,0,0,1,1,2,2,1,53,8,1896,2,14,VOLKSWAGEN SHARAN,-1,-1,0,-1
2021010330049,2021,010330049,1,9,0,9,9,3,1,0,0,8,0,0,0,0,1,1,6,6,1,50,8,1395,1,2,VOLKSWAGEN SHARAN,2,E01003197,0,-1
2021010309658,2021,010309658,2,8,0,5,5,6,2,0,0,1,0,0,0,0,3,1,1,1,1,46,8,1968,2,2,VOLKSWAGEN SHARAN,8,E01024261,0,-1
2021010287384,2021,010287384,1,8,0,99,99,9,9,99,99,0,9,99,9,99,2,9,6,6,1,48,8,1968,2,4,VOLKSWAGEN SHARAN,4,E01003770,0,-1
2021010317392,2021,010317392,2,9,0,99,99,9,9,99,99,9,9,99,9,99,2,9,6,6,3,-1,-1,1968,2,2,VOLKSWAGEN SHARAN,-1,-1,0,-1
2021531054176,2021,531054176,1,9,0,9,9,3,7,0,0,1,0,0,1,0,2,1,1,1,1,45,7,1896,2,16,VOLKSWAGEN SHARAN,6,E01022117,0,-1
2021302100367,2021,302100367,1,3,0,18,19,6,2,0,0,1,0,0,0,0,1,1,6,6,1,23,5,125,1,4,-1,9,E01013464,0,-1
2021302101952,2021,302101952,2,5,0,9,9,2,8,0,0,6,0,0,0,0,1,1,6,6,3,-1,-1,530,1,2,-1,5,E01019456,0,-1
2021421076979,2021,421076979,1,3,0,18,19,7,5,0,0,8,0,0,7,1,1,1,6,6,1,44,7,124,1,0,-1,4,E01022016,0,-1
2021131104461,2021,131104461,1,2,0,18,19,5,1,0,0,0,1,0,0,0,0,1,5,6,1,20,4,124,1,0,-1,1,E01010623,0,-1
2021421062461,2021,421062461,1,3,0,18,19,7,4,0,0,0,0,12,0,0,1,1,5,6,1,51,8,124,1,1,-1,1,E01022032,0,-1
2021520200469,2021,520200469,1,3,0,7,7,3,7,0,0,8,0,0,0,0,3,1,6,6,2,36,7,124,1,1,-1,6,E01029195,0,-1
2021501092005,2021,501092005,1,9,0,16,19,7,3,0,0,0,0,0,0,0,2,1,1,1,1,58,9,800,1,82,-1,7,E01015038,0,-1
2021421036377,2021,421036377,1,17,4,15,15,2,2,0,0,2,0,0,0,0,3,1,1,1,1,50,8,6057,2,7,-1,8,E01021520,0,-1
2021320339120,2021,320339120,2,17,0,7,7,3,7,0,0,0,0,0,0,0,4,1,1,1,1,62,9,-1,2,13,-1,5,E01026414,0,-1
2021501112993,2021,501112993,2,17,0,18,19,5,1,0,0,0,0,0,0,0,3,1,1,1,1,21,5,6056,2,0,-1,5,E01018864,0,-1
2021991063972,2021,991063972,2,19,0,6,6,2,1,8,6,8,0,0,0,0,3,1,5,6,1,69,10,-1,-1,-1,-1,3,-1,0,-1
2021221088854,2021,221088854,1,5,0,18,19,5,1,0,0,0,1,0,0,0,1,1,5,6,1,22,5,883,1,18,-1,5,E01028980,0,-1
2021211058920,2021,211058920,2,5,0,18,19,5,1,0,0,1,0,0,0,0,1,1,6,6,1,20,4,883,1,19,-1,10,E01019881,0,-1
2021070265271,2021,070265271,1,5,0,11,11,8,4,0,0,0,0,0,0,7,4,1,6,6,1,33,6,883,1,19,-1,5,E01010468,0,-1
2021351092597,2021,351092597,1,5,0,18,19,8,4,0,0,0,2,0,0,0,2,1,5,6,1,45,7,883,1,19,-1,6,E01018208,0,-1
2021351015151,2021,351015151,2,5,0,8,8,5,8,0,0,0,1,0,0,0,1,1,6,6,1,50,8,883,1,2,-1,8,E01033119,0,-1
2021211055295,2021,211055295,2,5,0,4,4,7,7,0,0,1,0,0,0,0,2,1,6,6,1,55,8,883,1,2,-1,3,E01010509,0,-1
2021520105705,2021,520105705,2,5,0,7,7,8,3,0,0,7,0,0,0,0,1,1,6,6,1,52,8,883,1,12,-1,3,W01001249,0,-1
2021451127621,2021,451127621,2,5,0,9,9,1,3,0,0,4,1,0,0,0,0,1,5,6,1,37,7,883,1,20,-1,10,E01030370,0,-1
2021451094482,2021,451094482,1,5,0,18,19,8,3,0,0,0,1,0,1,0,0,1,5,6,2,64,9,883,1,14,-1,10,E01030349,0,-1
2021041084140,2021,041084140,1,5,0,18,19,7,3,0,0,2,1,0,7,1,3,1,6,6,1,26,6,883,1,2,-1,1,E01025226,0,-1
2021411069009,2021,411069009,1,5,0,4,4,5,1,0,0,0,0,0,0,0,3,1,6,6,1,62,9,883,1,16,-1,8,E01000270,0,-1
202131C160321,2021,31C160321,1,9,0,18,19,5,1,0,0,0,0,0,4,2,1,1,6,6,2,27,6,1497,8,11,HONDA CR-Z,6,E01019421,0,-1
2021010316278,2021,010316278,1,9,0,18,19,3,7,0,0,1,5,10,0,0,1,1,6,6,2,19,4,1497,8,11,HONDA CR-Z,3,E01002393,0,-1
2021201101055,2021,201101055,2,9,0,18,19,5,1,0,0,0,0,0,0,0,2,1,6,6,1,45,7,1497,8,10,HONDA CR-Z,2,E01009265,0,-1
2021010333433,2021,010333433,3,9,0,2,2,0,0,0,0,2,0,0,0,0,2,2,6,6,3,-1,-1,1497,8,11,HONDA CR-Z,-1,-1,0,-1
2021111137299,2021,111137299,2,9,0,18,19,5,1,0,0,8,0,0,0,0,1,1,6,6,1,23,5,1497,8,10,HONDA CR-Z,3,E01020877,0,-1
2021010297706,2021,010297706,2,9,9,99,99,9,9,99,99,9,9,99,9,99,9,1,6,6,1,32,6,1497,8,11,HONDA CR-Z,10,E01030635,0,-1
2021201073393,2021,201073393,1,9,0,18,19,4,8,0,0,6,1,10,3,0,3,1,1,1,2,28,6,1497,8,10,HONDA CR-Z,1,E01009307,0,-1
2021010293561,2021,010293561,2,9,0,18,19,2,6,0,0,2,0,0,0,0,1,1,6,6,1,45,7,1497,8,9,HONDA CR-Z,8,E01030575,0,-1
2021201145984,2021,201145984,2,9,0,5,5,4,8,0,0,4,0,0,0,0,1,1,6,6,1,24,5,1497,8,10,HONDA CR-Z,10,E01009670,0,-1
2021351030736,2021,351030736,4,9,0,18,19,3,7,0,0,0,0,0,0,0,1,1,1,1,1,22,5,1497,8,10,HONDA CR-Z,5,E01026720,0,-1
2021010320642,2021,010320642,3,9,0,7,7,3,5,0,0,6,0,0,1,0,3,1,6,6,2,29,6,1497,8,11,HONDA CR-Z,3,E01000495,0,-1
2021201029136,2021,201029136,2,9,0,18,19,3,6,0,0,0,0,0,0,0,1,1,6,6,1,69,10,1497,8,10,HONDA CR-Z,1,E01009141,0,-1
202134NNC5131,2021,34NNC5131,1,9,0,18,19,5,1,0,0,8,0,0,0,0,1,1,6,6,1,32,6,1497,8,10,HONDA CR-Z,7,E01026978,0,-1
2021471031156,2021,471031156,1,5,0,18,19,7,3,0,0,8,5,10,0,0,1,1,5,6,1,58,9,782,1,4,HONDA VFR 800,2,E01020929,0,-1
2021010333207,2021,010333207,1,5,0,18,19,4,8,0,0,1,5,0,0,0,1,1,2,2,1,46,8,782,1,10,HONDA VFR 800,8,E01000679,0,-1
2021010324319,2021,010324319,3,5,0,18,19,7,3,0,0,0,2,0,0,0,1,1,6,6,1,44,7,782,1,3,HONDA VFR 800,7,E01021546,0,-1
2021010308972,2021,010308972,1,5,0,15,15,1,5,0,0,0,2,0,0,0,1,1,6,6,1,36,7,782,1,7,HONDA VFR 800,3,E01004280,0,-1
2021041077130,2021,041077130,1,5,0,18,19,3,7,0,0,0,2,0,8,10,4,1,5,6,1,29,6,782,1,4,HONDA VFR 800,9,E01028642,0,-1
2021010351809,2021,010351809,2,5,0,18,19,5,1,0,0,8,1,0,0,0,1,1,2,2,1,35,6,782,1,0,HONDA VFR 800,5,E01002143,0,-1
2021991096815,2021,991096815,2,5,0,17,19,6,2,8,6,2,0,0,1,9,1,1,5,6,1,61,9,782,1,1,HONDA VFR 800,1,E01012928,0,-1
2021170L10261,2021,170L10261,1,4,0,16,19,4,6,0,0,0,0,0,0,0,0,1,6,6,1,47,8,782,1,8,HONDA VFR 800,10,E01032548,0,-1
2021211058592,2021,211058592,2,5,0,18,19,3,7,0,0,1,5,0,0,0,1,1,6,6,1,50,8,782,1,5,HONDA VFR 800,7,E01029544,0,-1
202163D033621,2021,63D033621,4,5,0,17,19,5,2,0,0,0,0,0,0,0,0,1,6,6,1,72,10,782,1,2,HONDA VFR 800,7,E01021160,0,-1
2021010332903,2021,010332903,1,5,0,99,99,9,9,99,99,9,9,99,9,99,0,1,2,2,1,51,8,782,1,9,HONDA VFR 800,4,E01024262,0,-1
2021131034512,2021,131034512,2,3,0,13,13,2,6,0,0,0,0,0,0,0,1,1,6,6,1,19,4,123,1,8,-1,1,E01011101,0,-1
202131B119821,2021,31B119821,1,3,0,17,19,4,8,0,0,0,1,0,0,0,4,1,2,2,1,19,4,123,1,6,-1,10,E01026393,0,-1
2021451067720,2021,451067720,1,5,0,18,19,4,8,0,0,8,0,0,0,0,1,1,1,1,1,42,7,1202,1,10,-1,8,E01030449,0,-1
2021041126818,2021,041126818,2,2,0,18,19,2,6,0,0,1,0,0,0,0,1,1,5,6,1,17,4,49,1,1,-1,7,E01012592,0,-1
2021411037402,2021,411037402,1,90,0,18,19,8,4,0,0,0,0,4,0,0,1,1,6,6,1,31,6,147,1,0,-1,8,E01023732,0,-1
2021201077661,2021,201077661,2,3,0,18,19,2,6,0,0,8,0,0,0,0,4,1,6,6,1,37,7,125,1,2,-1,3,E01008895,0,-1
2021010330372,2021,010330372,1,2,0,5,5,3,7,0,0,8,0,0,0,0,1,1,3,7,2,55,8,49,1,2,-1,6,E01002826,0,-1
2021991037747,2021,991037747,2,9,0,18,19,2,6,0,0,1,0,0,0,0,2,1,2,2,2,31,6,1198,1,7,NISSAN NOTE,5,-1,0,-1
2021430226073,2021,430226073,3,9,0,3,3,4,8,0,0,1,0,0,0,0,4,1,6,6,1,36,7,1198,1,8,NISSAN NOTE,4,E01016496,0,-1
2021010352059,2021,010352059,2,9,3,3,3,4,8,0,0,1,0,4,0,0,2,1,6,6,2,55,8,1598,1,12,NISSAN NOTE,-1,-1,0,-1
2021461093306,2021,461093306,1,9,0,18,19,3,7,0,0,0,0,0,0,0,1,1,5,6,2,33,6,1598,1,10,NISSAN NOTE,9,E01016104,0,-1
2021061106437,2021,061106437,2,9,0,3,3,5,1,0,0,1,0,0,0,0,2,1,6,6,2,66,10,1198,1,6,NISSAN NOTE,7,E01004799,0,-1
2021101163928,2021,101163928,1,9,0,18,19,5,1,0,0,0,0,0,0,0,1,1,6,6,2,28,6,1461,2,7,NISSAN NOTE,3,E01008717,0,-1
2021411064599,2021,411064599,1,9,0,18,19,1,5,0,0,0,0,11,0,0,1,1,5,6,1,20,4,1598,1,9,NISSAN NOTE,6,E01023952,0,-1
2021041083501,2021,041083501,1,9,0,6,6,7,3,0,0,0,0,0,0,0,3,1,5,6,2,79,11,1598,1,12,NISSAN NOTE,10,E01004949,0,-1
2021411105110,2021,411105110,1,9,0,3,3,2,6,0,0,0,0,0,0,0,2,1,6,6,3,-1,-1,1598,1,13,NISSAN NOTE,-1,-1,0,-1
2021010319782,2021,010319782,4,9,0,18,19,1,5,0,0,1,0,0,0,0,3,1,6,6,1,47,8,1198,1,5,NISSAN NOTE,10,E01002430,0,-1
2021010300317,2021,010300317,2,9,0,9,9,7,5,0,0,3,0,0,0,0,1,1,6,6,2,48,8,1598,1,15,NISSAN NOTE,5,E01002520,0,-1
2021201112680,2021,201112680,3,9,0,3,3,2,6,0,0,1,0,0,0,0,2,1,6,6,1,-1,-1,1386,1,15,NISSAN NOTE,1,E01008978,0,-1
2021010302260,2021,010302260,1,9,0,18,19,7,3,0,0,8,0,0,0,0,2,1,2,2,1,46,8,1198,1,5,NISSAN NOTE,2,E01000600,0,-1
2021031074778,2021,031074778,1,9,0,18,19,3,7,0,0,1,0,7,0,0,1,1,5,6,2,31,6,1386,1,15,NISSAN NOTE,1,E01019097,0,-1
2021451099104,2021,451099104,2,9,0,5,5,3,7,0,0,1,0,0,0,0,2,1,2,2,1,42,7,1386,1,14,NISSAN NOTE,9,E01030761,0,-1
2021010310407,2021,010310407,1,9,0,9,9,7,5,0,0,8,0,0,0,0,4,1,6,6,2,46,8,1386,1,8,NISSAN NOTE,-1,-1,0,-1
2021201040611,2021,201040611,3,9,0,2,2,0,0,0,0,0,0,0,0,0,2,1,6,6,2,30,6,1198,1,7,NISSAN NOTE,4,E01010424,0,-1
2021552101268,2021,552101268,1,9,0,9,9,7,5,0,0,1,0,0,0,0,3,1,6,6,1,39,7,1598,1,14,NISSAN NOTE,9,E01020385,0,-1
2021010308245,2021,010308245,2,9,0,14,14,3,7,0,0,1,0,0,0,0,3,1,3,7,2,51,8,1386,1,9,NISSAN NOTE,3,E01002559,0,-1
2021041065380,2021,041065380,1,9,0,9,9,5,3,0,0,8,0,0,0,0,1,1,5,6,2,32,6,1598,1,10,NISSAN NOTE,3,E01025442,0,-1
2021520200685,2021,520200685,1,9,0,18,19,6,2,0,0,0,0,0,0,0,1,1,6,6,2,73,10,1461,2,11,NISSAN NOTE,8,E01014741,0,-1
2021461065955,2021,461065955,1,9,0,4,4,6,2,0,0,0,0,0,0,0,2,1,2,2,2,51,8,1386,1,8,NISSAN NOTE,5,E01033089,0,-1
2021010300222,2021,010300222,2,9,0,3,3,1,5,0,0,0,0,0,0,0,3,1,6,6,1,38,7,1598,1,12,NISSAN NOTE,5,E01033740,0,-1
2021430540785,2021,430540785,2,9,0,4,4,8,4,0,0,8,0,0,0,0,2,1,6,6,2,-1,-1,1386,1,13,NISSAN NOTE,-1,-1,0,-1
2021451043538,2021,451043538,1,9,0,3,3,7,3,0,0,4,0,0,0,0,2,1,6,6,1,32,6,1598,1,14,NISSAN NOTE,9,E01030688,0,-1
2021421070326,2021,421070326,2,9,0,2,2,0,0,0,0,0,0,0,0,0,2,1,6,6,3,-1,-1,1598,1,13,NISSAN NOTE,-1,-1,0,-1
2021461127598,2021,461127598,1,9,0,16,19,7,3,0,0,8,0,7,0,0,1,1,6,6,1,31,6,1461,2,7,NISSAN NOTE,4,E01016143,0,-1
2021010291727,2021,010291727,2,9,0,99,99,9,9,99,99,0,9,99,9,99,1,9,6,6,3,-1,-1,1598,1,12,NISSAN NOTE,-1,-1,0,-1
2021010337452,2021,010337452,1,9,0,99,99,9,9,99,99,9,9,99,9,99,9,9,6,6,1,74,10,1198,1,8,NISSAN NOTE,4,E01004002,0,-1
2021131047338,2021,131047338,1,9,0,18,19,4,8,0,0,0,0,0,0,0,1,1,4,7,1,50,8,1598,1,13,NISSAN NOTE,6,E01011083,0,-1
2021531114981,2021,531114981,2,9,0,18,19,1,5,0,0,0,0,0,0,0,2,1,5,6,2,53,8,1461,2,12,NISSAN NOTE,6,E01022264,0,-1
2021010316971,2021,010316971,2,9,0,2,2,0,0,0,0,0,0,4,0,0,2,1,6,6,3,-1,-1,1598,1,13,NISSAN NOTE,-1,-1,0,-1
2021371051211,2021,371051211,1,9,0,15,15,6,2,0,0,0,0,4,0,0,4,1,5,6,1,25,5,1386,1,9,NISSAN NOTE,4,E01029950,0,-1
2021411137285,2021,411137285,1,9,0,5,5,8,4,0,0,8,0,0,0,0,3,1,6,6,2,26,6,1198,1,6,NISSAN NOTE,6,E01023903,0,-1
2021010318071,2021,010318071,2,9,0,2,2,0,0,0,0,0,0,0,1,0,2,1,6,6,3,-1,-1,1598,1,13,NISSAN NOTE,-1,-1,0,-1
2021361076520,2021,361076520,1,9,0,18,19,8,4,0,0,0,0,0,0,0,1,1,6,6,2,21,5,1386,1,12,NISSAN NOTE,5,E01026730,0,-1
2021201132771,2021,201132771,2,9,0,3,3,7,3,0,0,1,1,0,0,0,2,1,6,6,2,44,7,1386,1,13,NISSAN NOTE,2,E01009342,0,-1
2021131036522,2021,131036522,1,9,0,18,19,1,5,0,0,0,0,0,0,0,3,1,5,6,1,41,7,1386,1,13,NISSAN NOTE,2,E01011805,0,-1
2021371077207,2021,371077207,3,9,0,5,5,5,1,0,0,1,0,0,0,0,1,1,5,6,2,31,6,1198,1,6,NISSAN NOTE,4,E01033123,0,-1
202131C106421,2021,31C106421,1,9,0,7,7,3,4,0,0,6,0,0,0,0,2,1,6,6,1,36,7,1461,2,8,NISSAN NOTE,2,E01013845,0,-1
2021421113073,2021,421113073,2,9,0,3,3,8,4,0,0,0,0,0,0,0,2,1,6,6,2,37,7,1598,1,10,NISSAN NOTE,3,E01021358,0,-1
2021052101481,2021,052101481,2,9,0,18,19,4,8,0,0,0,0,0,1,0,1,1,6,6,1,65,9,1598,1,9,NISSAN NOTE,1,E01006952,0,-1
2021302101895,2021,302101895,1,9,0,18,19,8,4,0,0,0,0,0,0,0,1,1,6,6,2,67,10,1198,1,7,NISSAN NOTE,8,E01029570,0,-1
2021201064263,2021,201064263,1,9,0,18,19,1,2,0,0,0,0,11,0,0,1,1,6,6,1,33,6,1198,1,5,NISSAN NOTE,2,E01009014,0,-1
2021010337751,2021,010337751,1,9,0,9,9,1,6,4,4,5,0,0,0,0,4,1,6,6,1,44,7,1386,1,14,NISSAN NOTE,2,E01001482,0,-1
2021461093665,2021,461093665,2,9,0,9,9,2,6,0,0,1,0,0,0,0,3,1,5,6,2,48,8,1386,1,13,NISSAN NOTE,7,E01016139,0,-1
2021010297979,2021,010297979,1,9,0,7,7,7,2,0,0,1,0,0,0,0,1,1,6,6,1,18,4,1598,1,11,NISSAN NOTE,2,E01032787,0,-1
2021052101562,2021,052101562,1,9,0,18,19,3,7,0,0,3,1,0,0,0,1,1,6,6,1,18,4,1386,1,13,NISSAN NOTE,1,E01007162,0,-1
2021052101007,2021,052101007,2,9,0,3,3,7,3,0,0,0,0,0,0,0,2,1,6,6,2,42,7,1198,1,7,NISSAN NOTE,1,E01006642,0,-1
2021451073759,2021,451073759,2,9,0,18,19,5,1,0,0,0,0,0,0,0,2,1,5,6,2,47,8,1386,1,13,NISSAN NOTE,2,E01023108,0,-1
2021010288768,2021,010288768,1,9,0,16,19,5,1,0,0,3,0,0,0,0,1,1,2,2,1,60,9,1198,1,7,NISSAN NOTE,2,E01002797,0,-1
2021201124438,2021,201124438,2,9,0,18,19,8,4,0,0,0,0,0,0,0,1,1,3,7,1,41,7,1598,1,12,NISSAN NOTE,1,E01008896,0,-1
2021545027421,2021,545027421,4,9,0,3,3,1,5,0,0,0,0,0,0,0,2,1,6,6,1,51,8,1386,1,12,NISSAN NOTE,4,E01015804,0,-1
2021010288732,2021,010288732,1,9,0,16,19,5,1,0,0,3,0,0,0,0,4,1,2,2,1,38,7,1598,1,8,NISSAN NOTE,3,E01003244,0,-1
2021201130974,2021,201130974,1,9,0,5,5,2,8,0,0,1,0,0,0,0,1,1,6,6,2,50,8,1461,2,4,NISSAN NOTE,2,E01009786,0,-1
2021201101055,2021,201101055,3,9,0,2,2,5,1,0,0,0,0,0,0,0,4,1,6,6,1,22,5,1461,2,13,NISSAN NOTE,1,E01009059,0,-1
2021411073872,2021,411073872,2,9,0,3,3,1,5,0,0,0,0,0,0,0,2,1,2,2,1,70,10,1386,1,10,NISSAN NOTE,5,E01023791,0,-1
2021461122131,2021,461122131,1,9,0,18,19,2,6,0,0,0,5,0,0,0,1,1,6,6,1,42,7,1386,1,14,NISSAN NOTE,-1,-1,0,-1
2021052102223,2021,052102223,1,9,0,18,19,5,1,0,0,8,0,0,0,0,1,1,6,6,2,60,9,1386,1,15,NISSAN NOTE,1,E01006776,0,-1
2021991072302,2021,991072302,2,9,0,18,19,5,1,0,0,2,0,0,0,0,1,1,6,6,2,63,9,1198,1,5,NISSAN NOTE,10,-1,0,-1
2021131108384,2021,131108384,4,9,0,2,2,0,0,0,0,8,0,0,0,0,2,1,6,6,3,-1,-1,1386,1,12,NISSAN NOTE,-1,-1,0,-1
2021041176536,2021,041176536,1,9,0,4,4,7,3,0,0,0,0,0,0,0,1,1,1,1,1,31,6,1386,1,14,NISSAN NOTE,4,E01025450,0,-1
2021320379442,2021,320379442,1,9,0,17,19,7,3,0,0,0,0,0,0,0,1,1,6,6,1,80,11,1198,1,7,NISSAN NOTE,5,E01026241,0,-1
2021010337552,2021,010337552,1,9,0,18,19,6,2,0,0,4,0,0,0,0,2,1,6,6,1,28,6,1598,1,12,NISSAN NOTE,4,E01004215,0,-1
2021010301798,2021,010301798,1,9,0,18,19,1,5,0,0,0,0,0,0,0,1,1,1,1,1,44,7,1598,1,13,NISSAN NOTE,2,E01003600,0,-1
2021170S10391,2021,170S10391,1,9,0,18,19,2,6,0,0,8,0,0,0,0,4,1,6,6,1,30,6,1598,1,10,NISSAN NOTE,1,E01032543,0,-1
2021471029449,2021,471029449,1,9,0,18,19,5,1,0,0,0,0,0,0,0,1,1,5,6,2,40,7,1461,2,8,NISSAN NOTE,6,E01031345,0,-1
2021231050920,2021,231050920,2,9,0,7,7,4,7,0,0,4,0,0,0,0,3,1,5,6,2,25,5,1198,1,7,NISSAN NOTE,10,E01031250,0,-1
2021141059114,2021,141059114,4,9,0,18,19,7,3,0,0,0,0,0,0,0,4,1,5,6,1,23,5,1598,1,12,NISSAN NOTE,1,E01008123,0,-1
2021010320771,2021,010320771,1,9,0,99,99,9,9,99,99,0,9,99,9,99,4,9,6,6,1,61,9,1386,1,15,NISSAN NOTE,6,E01003261,0,-1
2021471108015,2021,471108015,2,9,0,18,19,5,1,0,0,0,0,0,3,0,2,1,2,2,1,52,8,1598,1,15,NISSAN NOTE,7,E01003407,0,-1
2021231078769,2021,231078769,1,9,0,18,19,7,3,0,0,0,0,0,0,0,1,1,5,6,1,58,9,1386,1,11,NISSAN NOTE,6,E01004910,0,-1
2021010335134,2021,010335134,1,9,0,18,19,1,5,0,0,0,0,0,0,0,4,1,6,6,1,53,8,1598,1,15,NISSAN NOTE,2,E01003500,0,-1
2021302100787,2021,302100787,1,9,0,9,9,8,6,0,0,5,0,0,0,0,4,2,1,1,2,57,9,1598,1,14,NISSAN NOTE,4,E01033171,0,-1
2021320337782,2021,320337782,1,9,0,18,19,2,6,0,0,0,0,0,7,0,1,1,6,6,1,21,5,1386,1,8,NISSAN NOTE,7,E01026179,0,-1
2021101089107,2021,101089107,2,9,0,9,9,1,7,0,0,3,0,0,0,0,3,1,5,6,1,47,8,1386,1,11,NISSAN NOTE,-1,-1,0,-1
2021061136077,2021,061136077,1,9,0,3,3,5,1,0,0,8,0,0,0,0,4,1,2,2,1,30,6,1386,1,14,NISSAN NOTE,-1,-1,0,-1
2021010339306,2021,010339306,4,9,0,2,2,0,0,0,0,2,0,0,0,0,0,1,6,6,3,-1,-1,1598,1,10,NISSAN NOTE,-1,-1,0,-1
2021552100291,2021,552100291,1,9,0,18,19,4,8,0,0,0,2,0,7,0,1,1,2,2,1,35,6,1598,1,14,NISSAN NOTE,4,E01020574,0,-1
2021141124862,2021,141124862,2,9,0,18,19,4,7,0,0,1,0,0,0,0,1,1,2,2,1,59,9,1598,1,15,NISSAN NOTE,8,E01007622,0,-1
2021547947321,2021,547947321,2,9,0,18,19,1,3,0,0,3,0,0,0,0,1,1,6,6,1,20,4,1198,1,7,NISSAN NOTE,5,E01031867,0,-1
2021010331397,2021,010331397,1,9,0,16,19,3,7,0,0,0,0,0,0,0,4,1,6,6,2,43,7,1198,1,7,NISSAN NOTE,1,E01000601,0,-1
2021010333463,2021,010333463,1,9,0,11,11,1,5,0,0,3,0,0,0,0,1,1,6,6,2,47,8,1198,1,7,NISSAN NOTE,3,E01003391,0,-1
2021010344120,2021,010344120,1,9,0,9,9,4,1,0,0,1,0,0,0,0,1,1,1,1,2,49,8,1386,1,11,NISSAN NOTE,8,E01016122,0,-1
2021471045620,2021,471045620,1,9,0,18,19,5,1,0,0,6,0,0,0,0,1,1,6,6,2,52,8,1598,1,15,NISSAN NOTE,6,E01031831,0,-1
2021131104298,2021,131104298,1,9,0,18,19,3,7,0,0,0,0,4,0,0,1,1,5,6,2,56,9,1198,1,5,NISSAN NOTE,-1,-1,0,-1
2021440408712,2021,440408712,2,9,0,2,2,0,0,0,0,0,0,0,0,0,2,1,6,6,2,56,9,1386,1,14,NISSAN NOTE,3,E01023058,0,-1
2021520104518,2021,520104518,1,9,0,4,4,1,5,0,0,0,0,0,3,10,1,1,6,6,1,76,11,1598,1,15,NISSAN NOTE,7,E01029250,0,-1
2021061136607,2021,061136607,1,9,0,18,19,1,6,0,0,4,0,0,0,0,1,1,6,6,3,30,6,1598,1,15,NISSAN NOTE,-1,-1,0,-1
2021101101900,2021,101101900,2,9,0,18,19,3,7,0,0,1,0,0,0,0,1,1,6,6,2,61,9,1386,1,13,NISSAN NOTE,3,E01008503,0,-1
2021170S31741,2021,170S31741,2,9,0,18,19,7,3,0,0,1,0,0,0,0,1,1,6,6,2,38,7,1198,1,7,NISSAN NOTE,-1,-1,0,-1