collision_index,collision_year,collision_ref_no,vehicle_reference,vehicle_type,towing_and_articulation,vehicle_manoeuvre_historic,vehicle_manoeuvre,vehicle_direction_from,vehicle_direction_to,vehicle_location_restricted_lane_historic,vehicle_location_restricted_lane,junction_location,skidding_and_overturning,hit_object_in_carriageway,vehicle_leaving_carriageway,hit_object_off_carriageway,first_point_of_impact,vehicle_left_hand_drive,journey_purpose_of_driver_historic,journey_purpose_of_driver,sex_of_driver,age_of_driver,age_band_of_driver,engine_capacity_cc,propulsion_code,age_of_vehicle,generic_make_model,driver_imd_decile,lsoa_of_driver,escooter_flag,driver_distance_banding
2021201130512,2021,201130512,1,9,0,18,19,3,7,0,0,0,0,0,0,0,1,1,6,6,1,31,6,1598,1,15,NISSAN NOTE,5,E01008974,0,-1
2021302100676,2021,302100676,1,9,0,16,19,8,3,0,0,1,0,0,0,0,1,1,6,6,1,34,6,1386,1,14,NISSAN NOTE,3,E01005282,0,-1
2021061047843,2021,061047843,1,9,0,18,19,4,8,0,0,1,0,0,0,0,1,1,6,6,1,47,8,1386,1,14,NISSAN NOTE,1,E01005242,0,-1
2021201030920,2021,201030920,2,9,0,9,9,8,6,0,0,6,0,4,0,0,3,1,6,6,1,61,9,1598,1,15,NISSAN NOTE,6,E01009034,0,-1
2021010316114,2021,010316114,2,9,0,18,19,3,7,0,0,0,1,2,0,0,2,1,2,2,2,52,8,1386,1,14,NISSAN NOTE,5,E01001344,0,-1
202131C127021,2021,31C127021,2,9,0,18,19,6,2,0,0,1,0,0,0,0,2,1,6,6,2,56,9,1598,1,14,NISSAN NOTE,1,E01013850,0,-1
2021421069690,2021,421069690,1,9,0,5,5,7,5,0,0,0,0,0,0,0,3,1,5,6,1,45,7,1598,1,13,NISSAN NOTE,8,E01033611,0,-1
2021061082284,2021,061082284,2,9,0,9,9,4,2,0,0,8,0,0,0,0,3,1,6,6,1,70,10,1386,1,13,NISSAN NOTE,3,E01006380,0,-1
2021010314446,2021,010314446,2,9,0,9,9,6,3,0,0,5,0,0,0,0,1,1,6,6,2,27,6,1598,1,11,NISSAN NOTE,-1,-1,0,-1
2021471043156,2021,471043156,1,9,0,18,19,8,6,0,0,8,0,0,0,0,1,1,5,6,2,57,9,1386,1,15,NISSAN NOTE,9,E01031800,0,-1
2021010293311,2021,010293311,1,9,0,3,3,2,6,9,9,1,0,0,0,0,1,1,6,6,2,77,11,1386,1,14,NISSAN NOTE,3,E01004575,0,-1
202131C021521,2021,31C021521,2,9,0,18,19,4,8,0,0,8,0,0,0,0,2,1,6,6,2,58,9,1198,1,7,NISSAN NOTE,2,E01013834,0,-1
2021451034834,2021,451034834,1,9,0,18,19,1,5,0,0,8,0,0,0,0,3,1,5,6,2,75,10,1598,1,11,NISSAN NOTE,6,E01030399,0,-1
2021010289320,2021,010289320,2,9,0,18,19,3,7,0,0,8,0,0,0,0,1,1,6,6,1,13,3,1598,1,12,NISSAN NOTE,-1,-1,0,-1
2021010316907,2021,010316907,2,9,0,1,1,7,3,99,99,0,9,99,9,99,2,1,6,6,1,23,5,1598,1,14,NISSAN NOTE,2,E01000016,0,-1
2021052102880,2021,052102880,1,9,0,9,9,1,7,0,0,1,0,0,0,0,1,1,2,2,2,51,8,1386,1,14,NISSAN NOTE,2,E01006441,0,-1
2021010335992,2021,010335992,1,9,0,18,19,1,5,0,0,8,0,0,0,0,1,1,6,6,2,48,8,1386,1,12,NISSAN NOTE,2,E01000126,0,-1
2021101105924,2021,101105924,1,9,0,10,10,3,7,0,0,1,0,0,0,0,1,1,6,6,1,45,7,1386,1,13,NISSAN NOTE,3,E01008396,0,-1
2021411049584,2021,411049584,1,9,0,7,7,2,4,9,9,2,0,0,1,4,1,1,5,6,2,22,5,1598,1,15,NISSAN NOTE,7,E01023540,0,-1
2021010331873,2021,010331873,2,9,0,9,9,7,5,0,0,8,1,0,0,0,4,1,6,6,2,28,6,1461,2,9,NISSAN NOTE,3,E01016445,0,-1
2021461095792,2021,461095792,2,9,0,5,5,7,3,0,0,0,0,0,0,0,3,1,2,2,1,58,9,1461,2,7,NISSAN NOTE,3,E01023972,0,-1
2021101029905,2021,101029905,2,9,0,9,9,6,2,0,0,1,0,0,0,0,2,1,6,6,2,20,4,1386,1,13,NISSAN NOTE,1,E01027415,0,-1
2021201080751,2021,201080751,2,9,0,18,19,8,4,0,0,8,0,10,1,4,3,1,6,6,1,20,4,1461,2,10,NISSAN NOTE,5,E01009023,0,-1
2021451061345,2021,451061345,1,9,0,18,19,2,6,0,0,1,0,0,0,0,4,1,6,6,1,64,9,1198,1,5,NISSAN NOTE,10,E01030380,0,-1
2021010342035,2021,010342035,1,9,0,18,19,1,5,0,0,2,0,0,0,0,1,1,6,6,1,40,7,1598,1,12,NISSAN NOTE,1,E01001554,0,-1
2021052100519,2021,052100519,1,9,0,1,1,3,7,0,0,0,0,0,0,0,2,1,6,6,1,82,11,1198,1,7,NISSAN NOTE,9,E01006989,0,-1
2021070470059,2021,070470059,1,9,0,18,19,7,3,0,0,1,0,0,0,0,4,1,2,2,2,47,8,1461,2,9,NISSAN NOTE,10,E01018530,0,-1
2021010337941,2021,010337941,2,9,0,9,9,5,3,0,0,6,0,0,0,0,1,1,6,6,2,41,7,1198,1,6,NISSAN NOTE,1,E01001634,0,-1
2021461113014,2021,461113014,1,9,0,18,19,7,3,0,0,1,0,0,0,0,2,1,6,6,1,54,8,1598,1,11,NISSAN NOTE,2,E01024170,0,-1
2021501020488,2021,501020488,1,9,0,18,19,5,7,0,0,6,0,0,0,0,1,1,6,6,2,-1,-1,1461,2,7,NISSAN NOTE,7,E01020214,0,-1
2021421110634,2021,421110634,2,9,0,18,19,4,8,0,0,0,0,0,0,0,2,1,5,6,1,31,6,1198,1,7,NISSAN NOTE,4,E01002248,0,-1
2021231118264,2021,231118264,2,9,0,17,19,6,3,0,0,8,1,0,7,0,4,1,1,1,2,49,8,1386,1,12,NISSAN NOTE,2,E01032377,0,-1
2021010337719,2021,010337719,2,9,0,8,8,7,1,0,0,1,0,0,0,0,0,1,6,6,1,75,10,1386,1,12,NISSAN NOTE,3,E01000099,0,-1
2021471046160,2021,471046160,1,9,0,18,19,3,7,0,0,1,0,0,0,0,1,1,2,2,1,61,9,1198,1,6,NISSAN NOTE,8,E01031587,0,-1
2021010299066,2021,010299066,1,9,0,18,19,4,8,0,0,0,1,4,0,0,1,1,6,6,1,-1,-1,1386,1,13,NISSAN NOTE,-1,-1,0,-1
2021430385222,2021,430385222,1,9,0,18,19,1,5,0,0,4,0,0,0,0,1,1,6,6,1,58,9,1386,1,12,NISSAN NOTE,9,E01016585,0,-1
2021010315235,2021,010315235,1,9,0,18,19,1,5,0,0,0,0,0,0,0,4,1,6,6,1,42,7,1598,1,13,NISSAN NOTE,5,E01002114,0,-1
2021070870148,2021,070870148,1,9,0,4,4,5,1,0,0,1,0,0,0,0,1,1,6,6,2,-1,-1,1598,1,12,NISSAN NOTE,7,E01018371,0,-1
2021101077636,2021,101077636,2,9,0,4,4,6,2,0,0,1,0,0,0,0,2,1,5,6,1,54,8,1386,1,9,NISSAN NOTE,1,E01008425,0,-1
2021461066499,2021,461066499,1,9,0,7,7,1,5,0,0,0,1,0,0,0,1,1,5,6,2,21,5,1598,1,15,NISSAN NOTE,5,E01032654,0,-1
2021411078240,2021,411078240,1,9,0,-1,-1,1,5,0,0,0,0,0,1,10,3,1,6,6,3,-1,-1,1598,1,8,NISSAN NOTE,-1,-1,0,-1
2021010314629,2021,010314629,1,9,9,99,99,9,9,99,99,9,9,99,9,99,2,9,6,6,1,35,6,1598,1,11,NISSAN NOTE,3,E01003637,0,-1
2021440383923,2021,440383923,1,9,0,18,19,6,2,0,0,2,0,0,0,0,1,1,2,2,2,33,6,1198,1,7,NISSAN NOTE,4,E01017233,0,-1
2021170S11091,2021,170S11091,2,9,0,4,4,8,4,0,0,1,0,0,0,0,1,1,6,6,2,81,11,1386,1,14,NISSAN NOTE,-1,-1,0,-1
2021991115515,2021,991115515,1,9,0,17,19,5,2,0,0,1,0,0,1,0,1,1,5,6,2,37,7,1198,1,7,NISSAN NOTE,5,-1,0,-1
2021471067721,2021,471067721,1,9,0,18,19,8,4,0,0,1,0,0,0,0,1,1,5,6,1,85,11,1198,1,8,NISSAN NOTE,7,E01021212,0,-1
2021131112440,2021,131112440,2,9,0,3,3,1,5,0,0,0,0,0,0,0,2,1,6,6,2,34,6,1198,1,6,NISSAN NOTE,6,E01011728,0,-1
2021010351418,2021,010351418,1,9,0,99,99,9,9,99,99,0,9,99,9,99,9,9,6,6,1,39,7,1598,1,15,NISSAN NOTE,4,E01000722,0,-1
2021320006180,2021,320006180,1,9,0,18,19,8,4,0,0,0,0,0,1,6,1,1,2,2,1,54,8,1461,2,15,NISSAN NOTE,-1,-1,0,-1
2021010324987,2021,010324987,1,9,0,99,99,9,9,99,99,9,9,99,9,99,1,9,1,1,2,26,6,1598,1,14,NISSAN NOTE,7,E01003796,0,-1
2021371136721,2021,371136721,2,9,0,18,19,1,5,0,0,0,0,0,0,0,1,1,5,6,2,73,10,1386,1,13,NISSAN NOTE,6,E01029926,0,-1
2021101014948,2021,101014948,1,9,0,18,19,1,1,0,0,0,0,4,0,0,1,1,5,6,1,85,11,1386,1,13,NISSAN NOTE,3,E01008567,0,-1
2021522105798,2021,522105798,1,9,0,18,19,2,6,0,0,8,0,0,0,0,3,1,6,6,2,56,9,1198,1,7,NISSAN NOTE,1,E01033366,0,-1
2021451014580,2021,451014580,1,9,0,5,5,7,3,0,0,8,0,0,0,0,1,1,2,2,1,55,8,1461,2,13,NISSAN NOTE,6,E01023121,0,-1
2021421126653,2021,421126653,2,9,0,18,19,1,4,0,0,0,0,0,0,0,2,1,6,6,2,49,8,1598,1,14,NISSAN NOTE,6,E01026769,0,-1
2021101041344,2021,101041344,2,9,0,18,19,5,1,0,0,0,0,0,0,0,3,1,6,6,1,33,6,1461,2,8,NISSAN NOTE,1,E01027416,0,-1
2021010309944,2021,010309944,1,9,0,4,4,1,5,0,0,7,0,0,0,0,2,1,6,6,1,33,6,1461,2,8,NISSAN NOTE,6,E01000196,0,-1
2021031071670,2021,031071670,1,9,0,18,19,6,2,0,0,0,0,0,1,7,1,1,5,6,1,32,6,1198,1,6,NISSAN NOTE,5,W01001038,0,-1
2021010350632,2021,010350632,2,9,0,18,19,5,1,0,0,0,0,0,0,0,1,1,6,6,2,42,7,1386,1,11,NISSAN NOTE,2,E01003636,0,-1
2021010346503,2021,010346503,1,9,0,18,19,3,7,0,0,1,0,0,1,0,1,1,6,6,2,64,9,1598,1,10,NISSAN NOTE,2,E01000079,0,-1
2021201138835,2021,201138835,2,9,0,18,19,4,8,0,0,0,0,0,0,0,1,1,6,6,2,44,7,1461,2,12,NISSAN NOTE,2,E01009935,0,-1
2021010313394,2021,010313394,1,9,0,18,19,3,7,0,0,5,0,0,0,0,1,1,6,6,2,49,8,1598,1,9,NISSAN NOTE,3,E01033100,0,-1
2021221065177,2021,221065177,1,9,0,9,9,8,6,0,0,5,0,0,1,9,4,1,5,6,2,64,9,1461,2,9,NISSAN NOTE,8,E01031208,0,-1
2021440490389,2021,440490389,2,9,0,7,7,5,7,0,0,6,0,0,0,0,4,1,6,6,1,-1,-1,1386,1,12,NISSAN NOTE,-1,-1,0,-1
202163D065821,2021,63D065821,2,9,0,5,5,5,7,0,0,5,0,0,0,0,2,1,1,1,2,68,10,1386,1,10,NISSAN NOTE,2,W01001348,0,-1
2021161045033,2021,161045033,2,9,0,18,19,6,2,0,0,1,0,0,0,0,1,1,6,6,1,75,10,1461,2,8,NISSAN NOTE,10,E01012968,0,-1
2021471031727,2021,471031727,2,9,0,3,3,5,1,0,0,0,0,0,0,0,2,1,1,1,1,37,7,1198,1,5,NISSAN NOTE,5,E01021109,0,-1
2021010331257,2021,010331257,1,9,0,9,9,5,2,0,0,5,0,0,0,0,3,1,2,2,2,58,9,1598,1,12,NISSAN NOTE,3,E01000977,0,-1
2021991056665,2021,991056665,1,9,0,16,19,6,2,0,0,0,2,0,0,0,3,1,5,6,2,38,7,1386,1,13,NISSAN NOTE,-1,-1,0,-1
202134WNC6211,2021,34WNC6211,1,9,0,18,19,3,7,0,0,3,0,0,0,0,1,1,6,6,2,-1,-1,1198,1,8,NISSAN NOTE,6,E01027236,0,-1
2021451081716,2021,451081716,2,9,0,18,19,1,3,0,0,1,0,0,0,0,4,1,5,6,2,49,8,1198,1,7,NISSAN NOTE,7,E01030652,0,-1
2021010336504,2021,010336504,2,9,0,18,19,5,1,0,0,1,0,0,0,0,1,1,6,6,2,42,7,1386,1,12,NISSAN NOTE,10,E01021431,0,-1
2021991171978,2021,991171978,2,9,0,2,2,0,0,0,0,2,0,0,0,0,2,1,6,6,3,-1,-1,1198,1,7,NISSAN NOTE,-1,-1,0,-1
2021461052063,2021,461052063,1,9,0,18,19,1,5,0,0,0,0,0,0,0,4,1,5,6,3,-1,-1,1198,1,4,NISSAN NOTE,-1,-1,0,-1
2021161034216,2021,161034216,1,9,0,18,19,5,1,0,0,0,0,0,1,4,4,1,5,6,1,74,10,1386,1,12,NISSAN NOTE,10,E01012927,0,-1
2021010315457,2021,010315457,2,9,0,18,19,5,1,0,0,8,0,0,0,0,1,1,6,6,3,-1,-1,1598,1,9,NISSAN NOTE,6,E01000304,0,-1
2021430209612,2021,430209612,2,9,0,18,19,4,8,0,0,0,0,0,0,0,1,1,2,2,1,58,9,1461,2,12,NISSAN NOTE,9,E01028592,0,-1
2021440167535,2021,440167535,2,9,0,18,19,1,5,0,0,0,0,0,0,0,1,1,3,7,2,53,8,1598,1,11,NISSAN NOTE,10,E01022495,0,-1
2021122100896,2021,122100896,1,9,0,18,19,8,4,0,0,2,0,0,1,11,1,1,6,6,1,46,8,1598,1,12,NISSAN NOTE,7,E01027572,0,-1
2021061076461,2021,061076461,1,9,0,18,19,2,6,0,0,0,0,0,0,0,4,1,5,6,1,80,11,1198,1,7,NISSAN NOTE,4,E01005217,0,-1
2021201143775,2021,201143775,3,9,0,18,19,8,5,0,0,8,0,0,0,0,3,1,6,6,1,20,4,1386,1,14,NISSAN NOTE,1,E01008914,0,-1
2021010306714,2021,010306714,1,9,0,18,19,5,1,0,0,1,0,0,0,0,1,1,6,6,2,75,10,1198,1,7,NISSAN NOTE,8,E01001133,0,-1
2021411091002,2021,411091002,3,9,0,2,2,0,0,0,0,0,0,0,0,0,0,1,6,6,1,51,8,1598,1,13,NISSAN NOTE,8,E01033027,0,-1
2021061044354,2021,061044354,1,9,0,18,19,4,8,0,0,1,0,0,0,0,4,1,6,6,1,51,8,1598,1,13,NISSAN NOTE,1,E01033666,0,-1
2021991029580,2021,991029580,1,9,0,7,7,6,8,0,0,1,0,0,0,0,1,1,5,6,2,80,11,1386,1,8,NISSAN NOTE,3,-1,0,-1
2021052100760,2021,052100760,1,9,0,18,19,7,3,0,0,4,0,0,7,11,1,1,6,6,1,86,11,1198,1,6,NISSAN NOTE,9,E01007171,0,-1
2021010331906,2021,010331906,2,9,0,10,10,5,4,0,0,1,0,0,0,0,4,1,6,6,2,40,7,1198,1,7,NISSAN NOTE,2,E01001687,0,-1
2021010303461,2021,010303461,3,9,0,3,3,7,3,0,0,1,0,0,0,0,1,1,3,7,2,34,6,1386,1,15,NISSAN NOTE,2,E01000604,0,-1
2021451037036,2021,451037036,2,9,0,18,19,3,3,0,0,4,0,0,7,4,1,1,5,6,2,90,11,1386,1,8,NISSAN NOTE,6,E01030819,0,-1
2021010311116,2021,010311116,2,9,0,2,2,0,0,9,9,1,0,4,0,0,2,1,6,6,3,-1,-1,1598,1,14,NISSAN NOTE,-1,-1,0,-1
2021421108147,2021,421108147,2,9,0,3,3,3,7,0,0,0,0,0,0,0,2,1,5,6,2,48,8,1598,1,15,NISSAN NOTE,9,E01021654,0,-1
2021010293543,2021,010293543,1,9,0,7,7,6,1,0,0,6,0,0,0,0,3,1,6,6,2,76,11,1598,1,14,NISSAN NOTE,8,E01000669,0,-1
2021010305869,2021,010305869,1,9,0,9,9,4,1,0,0,5,0,0,0,0,4,1,6,6,1,58,9,1598,1,9,NISSAN NOTE,3,E01000741,0,-1
2021010296780,2021,010296780,1,9,0,99,99,9,9,99,99,0,9,99,9,99,2,9,6,6,1,53,8,1198,1,7,NISSAN NOTE,2,E01003266,0,-1
2021471126963,2021,471126963,1,9,0,18,19,7,3,0,0,0,5,0,0,0,1,1,5,6,2,79,11,1598,1,10,NISSAN NOTE,7,E01031379,0,-1
2021010288685,2021,010288685,2,9,0,99,99,9,9,99,99,9,9,99,9,99,1,9,6,6,3,-1,-1,1386,1,12,NISSAN NOTE,5,E01001803,0,-1
2021161073345,2021,161073345,6,9,0,2,2,0,0,0,0,0,0,0,0,0,2,1,6,6,3,-1,-1,1198,1,7,NISSAN NOTE,-1,-1,0,-1
2021010328399,2021,010328399,1,9,0,7,7,1,4,0,0,1,0,0,1,0,3,1,6,6,3,-1,-1,1198,1,6,NISSAN NOTE,-1,-1,0,-1
2021010350441,2021,010350441,2,9,0,4,4,6,2,0,0,0,0,4,0,0,2,1,6,6,2,43,7,1598,1,12,NISSAN NOTE,5,E01004520,0,-1
2021010341832,2021,010341832,2,9,0,99,99,9,9,99,99,9,9,99,9,99,9,9,6,6,3,-1,-1,1386,1,13,NISSAN NOTE,-1,-1,0,-1
2021451033423,2021,451033423,2,9,0,17,19,7,3,0,0,1,0,0,0,0,1,1,2,2,2,32,6,1198,1,7,NISSAN NOTE,6,E01030842,0,-1
2021010317817,2021,010317817,2,9,0,99,99,9,9,0,0,1,0,99,0,0,9,9,6,6,1,-1,-1,1386,1,15,NISSAN NOTE,-1,-1,0,-1
2021010348861,2021,010348861,1,9,0,2,2,0,0,9,9,0,1,0,0,0,3,1,6,6,3,-1,-1,1598,1,12,NISSAN NOTE,-1,-1,0,-1
2021010315182,2021,010315182,1,9,0,1,1,4,2,0,0,0,0,0,0,0,2,1,6,6,2,57,9,1598,1,12,NISSAN NOTE,3,E01003999,0,-1
2021440259159,2021,440259159,3,9,0,4,4,1,5,0,0,1,0,0,0,0,1,1,6,6,2,77,11,1386,1,11,NISSAN NOTE,10,E01023160,0,-1
2021461020163,2021,461020163,1,9,0,18,19,7,3,0,0,0,0,0,0,0,1,1,5,6,1,46,8,1598,1,13,NISSAN NOTE,4,E01024167,0,-1
2021052102164,2021,052102164,2,9,0,18,19,1,5,0,0,0,0,0,0,0,1,1,6,6,1,59,9,1598,1,10,NISSAN NOTE,4,E01012469,0,-1
2021311078447,2021,311078447,1,9,0,18,19,7,2,0,0,1,5,0,0,0,1,1,2,2,1,48,8,1598,1,13,NISSAN NOTE,-1,-1,0,-1
2021211050504,2021,211050504,2,9,0,18,19,4,7,0,0,8,0,0,0,0,3,1,6,6,2,78,11,1386,1,13,NISSAN NOTE,3,E01009768,0,-1
2021461082618,2021,461082618,3,9,0,4,4,3,7,0,0,1,0,0,0,0,2,1,5,6,2,64,9,1461,2,7,NISSAN NOTE,8,E01016093,0,-1
2021131094358,2021,131094358,2,9,0,18,19,1,7,0,0,8,0,0,0,0,1,1,2,2,1,63,9,1198,1,7,NISSAN NOTE,1,E01010611,0,-1
2021221114653,2021,221114653,1,9,0,1,1,2,6,0,0,0,0,0,0,0,2,1,6,6,2,27,6,1386,1,13,NISSAN NOTE,5,E01014023,0,-1
2021552100857,2021,552100857,3,9,0,3,3,3,7,0,0,0,0,0,0,0,2,1,6,6,1,82,11,1386,1,8,NISSAN NOTE,4,E01020496,0,-1
2021461199660,2021,461199660,2,9,0,18,19,3,7,0,0,1,0,0,0,0,1,1,6,6,2,45,7,1598,1,11,NISSAN NOTE,8,E01032620,0,-1
2021430264562,2021,430264562,2,9,0,10,10,4,2,0,0,5,0,0,1,0,4,1,6,6,2,61,9,1598,1,11,NISSAN NOTE,10,E01016524,0,-1
2021041073297,2021,041073297,1,9,0,18,19,5,1,0,0,1,0,0,0,0,4,1,5,6,1,33,6,1198,1,7,NISSAN NOTE,1,E01024925,0,-1
2021061092853,2021,061092853,2,9,0,18,19,7,3,0,0,0,0,0,0,0,1,1,6,6,3,30,6,1386,1,14,NISSAN NOTE,1,E01005434,0,-1
2021161039001,2021,161039001,2,9,0,18,19,4,8,0,0,1,0,0,0,0,1,1,6,6,1,23,5,1386,1,11,NISSAN NOTE,1,E01013159,0,-1
2021421033996,2021,421033996,1,9,0,4,4,3,7,0,0,0,0,0,0,0,1,1,6,6,1,23,5,1386,1,10,NISSAN NOTE,9,E01015815,0,-1
2021501092231,2021,501092231,1,9,0,4,4,3,7,0,0,0,0,0,0,0,2,1,2,2,2,49,8,1386,1,12,NISSAN NOTE,7,E01019025,0,-1
2021010303163,2021,010303163,2,9,0,9,9,3,2,0,0,5,0,0,0,0,4,1,6,6,1,24,5,1386,1,12,NISSAN NOTE,4,E01001153,0,-1
2021010331912,2021,010331912,2,9,0,99,99,9,9,99,99,9,9,99,9,99,2,9,6,6,3,-1,-1,1386,1,13,NISSAN NOTE,-1,-1,0,-1
2021552100543,2021,552100543,1,9,0,18,19,2,6,0,0,0,0,0,0,0,1,1,6,6,2,39,7,1598,1,13,NISSAN NOTE,3,E01015409,0,-1
2021991062266,2021,991062266,1,9,0,18,19,4,8,0,0,0,0,0,0,0,1,1,5,6,2,68,10,1198,1,5,NISSAN NOTE,3,-1,0,-1
2021131119894,2021,131119894,1,9,0,18,19,5,1,0,0,1,0,0,0,0,1,1,5,6,1,34,6,1598,1,11,NISSAN NOTE,1,E01011340,0,-1
2021501084059,2021,501084059,1,9,0,4,4,3,7,0,0,0,0,4,0,0,1,1,6,6,2,82,11,1598,1,10,NISSAN NOTE,8,E01020261,0,-1
2021101013757,2021,101013757,2,9,0,10,10,5,1,0,0,1,0,0,0,0,2,1,6,6,1,67,10,1386,1,13,NISSAN NOTE,1,E01008426,0,-1
2021010287691,2021,010287691,2,9,0,18,19,6,2,0,0,4,0,0,0,0,3,1,6,6,2,73,10,1598,1,11,NISSAN NOTE,10,E01001032,0,-1
2021430489456,2021,430489456,1,9,0,9,9,4,2,0,0,1,0,0,0,0,1,1,6,6,1,29,6,1598,1,14,NISSAN NOTE,-1,-1,0,-1
2021440382369,2021,440382369,1,9,0,18,19,2,6,0,0,0,0,0,0,0,1,1,6,6,2,23,5,1198,1,8,NISSAN NOTE,10,E01022883,0,-1
2021451119997,2021,451119997,1,9,0,3,3,1,7,0,0,1,0,0,0,0,2,1,5,6,2,44,7,1198,1,7,NISSAN NOTE,4,E01002600,0,-1
2021141119011,2021,141119011,1,9,0,14,14,6,2,0,0,2,0,0,0,0,1,1,5,6,2,49,8,1461,2,6,NISSAN NOTE,7,E01007658,0,-1
2021201060404,2021,201060404,2,9,0,7,7,-1,-1,0,0,0,0,0,-1,0,0,1,1,1,1,27,6,1598,1,9,NISSAN NOTE,6,E01009880,0,-1
2021411097389,2021,411097389,1,9,0,18,19,5,1,0,0,3,0,0,0,0,1,1,5,6,2,29,6,1386,1,12,NISSAN NOTE,8,E01023688,0,-1
2021131088134,2021,131088134,1,9,0,18,19,2,6,0,0,1,0,0,0,0,1,1,2,2,1,43,7,1598,1,15,NISSAN NOTE,1,E01011471,0,-1
2021411125829,2021,411125829,1,9,0,3,3,1,5,0,0,1,0,0,0,0,2,1,3,7,2,57,9,1198,1,7,NISSAN NOTE,3,E01023397,0,-1
2021552100237,2021,552100237,2,9,0,4,4,5,1,0,0,8,0,0,0,0,1,1,6,6,2,57,9,1198,1,6,NISSAN NOTE,5,E01015302,0,-1
2021141095237,2021,141095237,2,9,0,18,19,7,3,0,0,1,0,0,0,0,1,1,6,6,1,81,11,1386,1,15,NISSAN NOTE,8,E01007594,0,-1
2021461109198,2021,461109198,1,9,0,11,11,3,7,0,0,0,0,0,0,0,4,1,6,6,1,70,10,1461,2,5,NISSAN NOTE,7,E01024317,0,-1
2021061074695,2021,061074695,1,9,0,7,7,3,7,0,0,2,0,10,7,0,3,1,6,6,1,78,11,1198,1,6,NISSAN NOTE,7,E01005373,0,-1
2021052102917,2021,052102917,2,9,0,3,3,8,4,0,0,1,0,0,0,0,2,1,6,6,1,77,11,1461,2,11,NISSAN NOTE,2,E01006551,0,-1
2021010349936,2021,010349936,1,9,0,18,19,5,1,0,0,0,0,7,0,0,1,1,6,6,2,43,7,1598,1,13,NISSAN NOTE,4,E01000418,0,-1
2021421059866,2021,421059866,2,9,0,7,7,7,3,0,0,0,0,0,0,0,1,1,5,6,1,66,10,1198,1,5,NISSAN NOTE,5,E01021551,0,-1
202134WNC0781,2021,34WNC0781,2,9,0,18,19,1,5,0,0,8,0,0,0,0,1,1,6,6,1,45,7,1461,2,7,NISSAN NOTE,2,E01027226,0,-1
2021552101300,2021,552101300,1,9,0,18,19,2,6,0,0,8,0,0,0,0,1,1,6,6,1,92,11,1198,1,6,NISSAN NOTE,10,E01020423,0,-1
2021101048948,2021,101048948,2,9,0,3,3,1,5,0,0,1,0,0,0,0,2,1,6,6,1,51,8,1598,1,15,NISSAN NOTE,2,E01008450,0,-1
2021070699389,2021,070699389,1,9,0,5,5,5,1,0,0,1,0,0,0,0,4,1,6,6,2,52,8,1198,1,5,NISSAN NOTE,2,E01012390,0,-1
2021138350314,2021,138350314,1,9,0,5,5,3,6,0,0,4,0,0,0,0,1,1,1,1,2,49,8,1386,1,12,NISSAN NOTE,1,E01011363,0,-1
2021201137560,2021,201137560,6,9,0,2,2,0,0,0,0,0,0,0,0,0,2,1,5,6,2,35,6,1461,2,6,NISSAN NOTE,-1,-1,0,-1
2021501046677,2021,501046677,1,9,0,17,19,5,1,0,0,0,0,0,0,0,4,1,5,6,1,75,10,1598,1,8,NISSAN NOTE,9,E01019949,0,-1
2021430573190,2021,430573190,2,9,0,3,3,8,4,0,0,0,0,0,0,0,2,1,6,6,2,33,6,1598,1,14,NISSAN NOTE,5,E01032734,0,-1
2021010300659,2021,010300659,1,9,0,18,19,6,2,0,0,8,0,0,0,0,4,1,6,6,2,43,7,1598,1,12,NISSAN NOTE,3,E01001192,0,-1
2021101127531,2021,101127531,2,9,0,3,3,1,5,0,0,1,0,0,0,0,2,1,6,6,2,71,10,1198,1,7,NISSAN NOTE,1,E01008325,0,-1
2021520200761,2021,520200761,2,9,0,18,19,1,5,0,0,8,0,0,0,0,1,1,6,6,1,22,5,1386,1,10,NISSAN NOTE,-1,-1,0,-1
2021461093350,2021,461093350,1,9,0,9,9,5,3,0,0,6,0,0,0,0,4,1,5,6,2,54,8,1461,2,8,NISSAN NOTE,8,E01024762,0,-1
2021401058905,2021,401058905,1,9,0,4,4,5,1,0,0,0,0,0,0,0,1,1,5,6,1,25,5,1198,1,6,NISSAN NOTE,7,E01017511,0,-1
2021052100141,2021,052100141,1,9,0,18,19,8,4,0,0,1,0,0,0,0,1,1,6,6,1,35,6,1386,1,14,NISSAN NOTE,7,E01007222,0,-1
2021131091502,2021,131091502,1,9,0,2,2,1,5,0,0,1,0,0,0,0,4,1,6,6,3,-1,-1,1461,2,8,NISSAN NOTE,-1,-1,0,-1
2021010312764,2021,010312764,1,9,0,99,99,9,9,99,99,9,9,99,9,99,9,9,6,6,2,80,11,1598,1,9,NISSAN NOTE,5,E01000159,0,-1
2021221124746,2021,221124746,1,9,0,9,9,7,4,0,0,5,0,0,0,0,4,1,5,6,2,84,11,1598,1,9,NISSAN NOTE,4,E01032157,0,-1
2021451124510,2021,451124510,2,9,0,18,19,7,3,0,0,6,0,0,1,11,1,1,5,6,2,33,6,1598,1,13,NISSAN NOTE,5,E01030981,0,-1
2021421111560,2021,421111560,1,9,0,18,19,6,2,0,0,0,0,0,0,0,1,1,5,6,1,82,11,1598,1,8,NISSAN NOTE,8,E01021333,0,-1