collision_index,collision_year,collision_ref_no,vehicle_reference,vehicle_type,towing_and_articulation,vehicle_manoeuvre_historic,vehicle_manoeuvre,vehicle_direction_from,vehicle_direction_to,vehicle_location_restricted_lane_historic,vehicle_location_restricted_lane,junction_location,skidding_and_overturning,hit_object_in_carriageway,vehicle_leaving_carriageway,hit_object_off_carriageway,first_point_of_impact,vehicle_left_hand_drive,journey_purpose_of_driver_historic,journey_purpose_of_driver,sex_of_driver,age_of_driver,age_band_of_driver,engine_capacity_cc,propulsion_code,age_of_vehicle,generic_make_model,driver_imd_decile,lsoa_of_driver,escooter_flag,driver_distance_banding
2021101019291,2021,101019291,1,9,0,18,19,8,4,0,0,2,1,0,0,0,1,1,6,6,1,37,7,1386,1,12,NISSAN NOTE,3,E01008708,0,-1
2021501072745,2021,501072745,1,9,0,18,19,3,7,0,0,0,1,0,2,4,1,1,5,6,1,23,5,1386,1,14,NISSAN NOTE,3,E01016456,0,-1
2021451043272,2021,451043272,2,9,0,2,2,0,0,0,0,8,0,0,0,0,4,1,6,6,2,47,8,1598,1,10,NISSAN NOTE,9,E01030644,0,-1
2021471047647,2021,471047647,2,9,0,17,19,5,2,0,0,1,0,0,0,0,1,1,5,6,2,81,11,1461,2,10,NISSAN NOTE,9,E01031340,0,-1
2021501094450,2021,501094450,1,9,0,9,9,5,1,0,0,0,0,0,0,0,1,1,5,6,2,61,9,1386,1,8,NISSAN NOTE,5,E01018849,0,-1
2021201053330,2021,201053330,1,9,0,9,9,2,7,0,0,6,0,0,0,0,1,1,6,6,2,48,8,1598,1,13,NISSAN NOTE,2,E01010065,0,-1
2021161024837,2021,161024837,3,9,0,2,2,0,0,0,0,0,0,0,0,0,2,1,6,6,3,-1,-1,1198,1,7,NISSAN NOTE,-1,-1,0,-1
2021440007837,2021,440007837,3,9,0,4,4,4,8,0,0,1,0,0,0,0,2,1,2,2,2,56,9,1198,1,7,NISSAN NOTE,5,E01017369,0,-1
2021211124628,2021,211124628,1,9,-1,-1,-1,-1,-1,-1,-1,0,-1,-1,-1,0,-1,1,6,6,1,93,11,1598,1,12,NISSAN NOTE,4,E01029729,0,-1
2021010305914,2021,010305914,2,9,0,15,15,7,3,0,0,0,1,0,0,0,3,1,6,6,1,38,7,1598,1,11,NISSAN NOTE,5,E01015951,0,-1
2021131040608,2021,131040608,1,9,0,9,9,5,3,0,0,8,0,0,0,0,3,1,2,2,2,28,6,1461,2,6,NISSAN NOTE,2,E01010806,0,-1
2021451012592,2021,451012592,1,9,0,4,4,5,1,0,0,1,0,0,0,0,2,1,1,1,2,45,7,1198,1,7,NISSAN NOTE,8,E01030951,0,-1
2021010298553,2021,010298553,1,9,0,18,19,5,1,9,9,0,0,4,0,0,1,1,1,1,2,45,7,1598,1,14,NISSAN NOTE,2,E01000104,0,-1
2021010292169,2021,010292169,2,9,0,10,10,1,8,0,0,0,0,0,0,0,3,1,6,6,2,26,6,1598,1,13,NISSAN NOTE,5,E01003756,0,-1
2021101078177,2021,101078177,2,9,0,18,19,3,7,0,0,0,0,0,0,0,2,1,5,6,1,38,7,1461,2,7,NISSAN NOTE,6,E01020608,0,-1
2021401094949,2021,401094949,2,9,0,18,19,2,6,0,0,8,0,0,0,0,3,1,5,6,2,22,5,1386,1,13,NISSAN NOTE,3,E01015761,0,-1
2021221100264,2021,221100264,2,9,0,7,7,5,7,0,0,6,0,0,0,0,3,1,3,7,2,46,8,1386,1,11,NISSAN NOTE,9,E01032421,0,-1
2021302101607,2021,302101607,1,9,0,18,19,2,6,0,0,8,0,0,0,0,1,1,6,6,3,72,10,1386,1,14,NISSAN NOTE,10,E01019860,0,-1
2021041101558,2021,041101558,1,9,0,18,19,3,7,0,0,8,0,0,0,0,4,2,5,6,2,79,11,1386,1,10,NISSAN NOTE,4,E01025001,0,-1
2021501023322,2021,501023322,2,9,0,2,2,0,0,0,0,1,0,0,0,0,4,1,5,6,1,51,8,1386,1,13,NISSAN NOTE,2,E01018770,0,-1
2021320274036,2021,320274036,2,9,0,4,4,4,8,0,0,0,0,0,0,0,2,1,6,6,2,61,9,1386,1,9,NISSAN NOTE,9,E01026371,0,-1
2021010335094,2021,010335094,2,9,0,99,99,9,9,99,99,9,9,99,9,99,9,9,6,6,3,44,7,1386,1,8,NISSAN NOTE,2,E01001777,0,-1
2021401076653,2021,401076653,1,9,0,18,19,1,2,0,0,0,5,4,0,0,1,1,5,6,1,62,9,1598,1,13,NISSAN NOTE,3,E01015744,0,-1
2021010324086,2021,010324086,2,9,0,99,99,9,9,99,99,9,9,99,9,99,3,9,6,6,3,43,7,1198,1,7,NISSAN NOTE,3,E01003533,0,-1
2021522104657,2021,522104657,3,9,0,3,3,1,5,0,0,0,0,0,0,0,2,1,6,6,1,67,10,1461,2,9,NISSAN NOTE,8,E01014507,0,-1
2021010343404,2021,010343404,1,9,0,7,7,6,1,0,0,8,0,0,0,0,1,1,4,7,1,20,4,1461,2,11,NISSAN NOTE,3,E01028524,0,-1
2021320253221,2021,320253221,3,9,0,18,19,6,2,0,0,8,0,0,0,0,1,1,6,6,2,55,8,1461,2,4,NISSAN NOTE,5,E01026971,0,-1
2021201067489,2021,201067489,1,9,-1,3,3,5,1,0,0,8,0,0,0,0,-1,1,5,6,1,15,3,1386,1,13,NISSAN NOTE,-1,-1,0,-1
2021371033497,2021,371033497,2,9,0,18,19,3,7,0,0,0,0,0,0,0,1,1,5,6,2,58,9,1598,1,9,NISSAN NOTE,7,E01030083,0,-1
2021061097538,2021,061097538,1,9,0,5,5,7,3,0,0,1,0,0,0,0,1,1,6,6,1,41,7,1386,1,13,NISSAN NOTE,2,E01005244,0,-1
2021061114004,2021,061114004,1,9,0,5,5,2,6,0,0,0,0,0,0,0,2,1,6,6,2,30,6,1198,1,6,NISSAN NOTE,4,E01006110,0,-1
2021421062247,2021,421062247,1,9,0,9,9,3,5,0,0,0,0,0,0,0,2,1,6,6,2,65,9,1598,1,12,NISSAN NOTE,4,E01021360,0,-1
2021361033499,2021,361033499,1,9,0,9,9,1,5,0,0,1,0,0,0,0,1,1,5,6,1,81,11,1198,1,6,NISSAN NOTE,6,E01033036,0,-1
2021440346693,2021,440346693,1,9,0,18,19,2,6,0,0,0,2,0,1,10,0,1,6,6,2,44,7,1386,1,11,NISSAN NOTE,2,E01015341,0,-1
2021010306970,2021,010306970,1,9,0,4,4,5,1,0,0,4,0,0,0,0,1,1,6,6,2,30,6,1198,1,4,NISSAN NOTE,4,E01003106,0,-1
2021010347871,2021,010347871,2,9,0,18,19,5,1,0,0,1,0,0,0,0,1,1,1,1,1,49,8,1598,1,9,NISSAN NOTE,5,E01002371,0,-1
2021170S20651,2021,170S20651,2,9,0,18,19,6,2,0,0,0,0,0,0,0,4,1,2,2,1,56,9,1461,2,7,NISSAN NOTE,1,E01012084,0,-1
2021052100380,2021,052100380,2,9,0,7,7,6,2,0,0,5,0,0,1,0,2,1,6,6,2,65,9,1198,1,7,NISSAN NOTE,1,E01006505,0,-1
2021010341993,2021,010341993,2,9,0,18,19,1,5,0,0,1,0,0,0,0,1,1,6,6,1,43,7,1386,1,14,NISSAN NOTE,-1,-1,0,-1
2021622100534,2021,622100534,2,9,0,2,2,0,0,0,0,0,0,0,0,0,1,1,6,6,3,-1,-1,1386,1,14,NISSAN NOTE,-1,-1,0,-1
2021010288384,2021,010288384,1,9,0,18,19,7,3,0,0,0,1,10,0,0,0,1,6,6,1,55,8,1386,1,11,NISSAN NOTE,1,E01003515,0,-1
2021461070544,2021,461070544,1,9,0,9,9,7,3,9,9,0,0,4,0,0,1,1,6,6,1,91,11,1386,1,10,NISSAN NOTE,6,E01023985,0,-1
2021320063487,2021,320063487,3,9,0,10,10,3,1,0,0,8,0,0,0,1,1,1,6,6,2,46,8,1461,2,9,NISSAN NOTE,4,E01026377,0,-1
202131B088121,2021,31B088121,1,9,0,9,9,8,6,0,0,6,0,0,0,0,4,1,6,6,1,46,8,1598,1,12,NISSAN NOTE,3,E01028020,0,-1
202131C072821,2021,31C072821,2,9,0,5,5,2,6,0,0,0,0,0,0,0,1,1,6,6,1,23,5,1386,1,13,NISSAN NOTE,10,E01010191,0,-1
2021549014321,2021,549014321,1,9,0,1,1,2,6,0,0,0,0,0,0,0,2,1,6,6,2,44,7,1461,2,7,NISSAN NOTE,1,E01015572,0,-1
2021231068792,2021,231068792,2,9,0,18,19,3,7,0,0,0,0,0,0,0,2,1,5,6,1,75,10,1198,1,5,NISSAN NOTE,6,E01010133,0,-1
2021421039556,2021,421039556,2,9,0,4,4,5,1,0,0,0,0,0,0,0,2,1,5,6,2,35,6,1598,1,15,NISSAN NOTE,3,E01015973,0,-1
2021221089823,2021,221089823,1,9,0,4,4,5,1,0,0,0,0,0,0,0,1,1,6,6,2,65,9,1598,1,15,NISSAN NOTE,7,E01022416,0,-1
2021440432645,2021,440432645,2,9,0,18,19,3,7,0,0,1,1,0,7,0,3,1,2,2,2,20,4,1386,1,14,NISSAN NOTE,9,E01022755,0,-1
2021010319405,2021,010319405,2,9,0,99,99,9,9,99,99,9,9,99,9,99,9,9,6,6,2,30,6,1598,1,13,NISSAN NOTE,7,E01001455,0,-1
2021440518769,2021,440518769,2,9,0,9,9,7,5,0,0,6,0,0,0,0,3,1,6,6,1,73,10,1198,1,7,NISSAN NOTE,7,E01031534,0,-1
2021361155709,2021,361155709,1,9,0,16,19,6,1,0,0,1,0,0,0,0,1,1,5,6,2,80,11,1386,1,10,NISSAN NOTE,7,E01026461,0,-1
2021131095654,2021,131095654,1,9,0,9,9,7,5,0,0,5,0,0,0,0,4,1,3,7,1,54,8,1598,1,11,NISSAN NOTE,2,E01011126,0,-1
202163A004221,2021,63A004221,1,9,0,15,15,4,8,0,0,0,2,0,2,9,1,1,6,6,2,38,7,1386,1,14,NISSAN NOTE,1,W01000849,0,-1
2021052101177,2021,052101177,2,9,0,18,19,5,1,0,0,5,0,0,0,0,4,1,6,6,1,42,7,1461,2,7,NISSAN NOTE,6,E01006818,0,-1
2021531115076,2021,531115076,1,9,0,2,2,5,1,0,0,0,0,0,0,0,0,1,5,6,2,-1,-1,1386,1,9,NISSAN NOTE,-1,-1,0,-1
2021231043607,2021,231043607,2,9,0,4,4,7,3,0,0,0,0,0,0,0,2,1,5,6,1,27,6,1386,1,13,NISSAN NOTE,1,E01009572,0,-1
2021010296393,2021,010296393,2,9,0,99,99,9,9,99,99,9,9,99,9,99,2,9,6,6,3,-1,-1,1598,1,14,NISSAN NOTE,7,E01000572,0,-1
2021421085458,2021,421085458,1,9,0,18,19,8,4,0,0,1,0,0,0,0,4,1,5,6,2,32,6,1386,1,15,NISSAN NOTE,3,E01015856,0,-1
2021411076479,2021,411076479,1,9,0,3,3,-1,-1,0,0,1,0,0,0,0,1,1,6,6,2,46,8,1386,1,14,NISSAN NOTE,4,E01023857,0,-1
2021131106780,2021,131106780,2,9,0,7,7,5,1,0,0,0,0,0,0,0,1,1,5,6,2,38,7,1461,2,6,NISSAN NOTE,5,E01011836,0,-1
2021010341882,2021,010341882,1,9,0,9,9,3,8,0,0,1,0,0,0,0,3,1,6,6,2,40,7,1598,1,14,NISSAN NOTE,4,E01004401,0,-1
2021430515450,2021,430515450,1,9,0,18,19,6,2,0,0,0,0,0,0,0,2,1,1,1,1,32,6,1598,1,12,NISSAN NOTE,9,E01016247,0,-1
2021991051163,2021,991051163,1,9,0,18,19,7,2,0,0,2,2,10,0,0,1,1,5,6,1,36,7,1386,1,14,NISSAN NOTE,7,-1,0,-1
2021161092632,2021,161092632,1,9,0,9,9,5,1,0,0,0,1,4,0,0,1,1,5,6,1,31,6,1598,1,11,NISSAN NOTE,1,E01013218,0,-1
202131B146921,2021,31B146921,2,9,0,17,19,8,4,0,0,8,1,0,7,0,1,1,6,6,1,81,11,1386,1,12,NISSAN NOTE,8,E01008147,0,-1
2021010324672,2021,010324672,2,9,0,2,2,0,0,0,0,1,0,4,0,0,4,1,6,6,3,-1,-1,1598,1,10,NISSAN NOTE,-1,-1,0,-1
2021371126371,2021,371126371,1,9,0,17,19,7,3,0,0,1,1,10,1,0,3,1,5,6,1,28,6,1598,1,11,NISSAN NOTE,6,E01030150,0,-1
2021010296344,2021,010296344,3,9,9,18,19,8,4,0,0,0,9,99,0,0,9,9,6,6,2,41,7,1598,1,15,NISSAN NOTE,2,E01001591,0,-1
2021440352341,2021,440352341,2,9,0,18,19,1,5,0,0,1,0,0,0,0,1,1,6,6,2,67,10,1198,1,7,NISSAN NOTE,7,E01015520,0,-1
2021010337872,2021,010337872,2,9,0,99,99,9,9,99,99,9,9,99,9,99,1,9,6,6,3,-1,-1,1598,1,12,NISSAN NOTE,-1,-1,0,-1
202131B009521,2021,31B009521,1,9,0,16,19,6,1,0,0,0,1,0,0,0,4,1,6,6,1,36,7,1386,1,11,NISSAN NOTE,2,E01019523,0,-1
2021421083321,2021,421083321,2,9,0,3,3,1,5,0,0,0,0,0,0,0,2,1,5,6,1,71,10,1386,1,10,NISSAN NOTE,2,E01033151,0,-1
202163B005422,2021,63B005422,1,9,0,18,19,4,8,0,0,0,0,0,1,4,1,1,6,6,2,77,11,1461,2,11,NISSAN NOTE,5,W01000529,0,-1
2021010299901,2021,010299901,2,9,0,99,99,9,9,0,0,5,0,0,0,0,9,9,6,6,1,24,5,1461,2,8,NISSAN NOTE,2,E01000796,0,-1
2021010308721,2021,010308721,2,9,9,99,99,9,9,99,99,9,5,99,9,99,9,9,6,6,3,-1,-1,1598,1,12,NISSAN NOTE,4,E01003220,0,-1
2021622100944,2021,622100944,2,9,0,18,19,2,6,0,0,0,0,0,0,0,3,1,1,1,1,39,7,1598,1,11,NISSAN NOTE,5,W01001165,0,-1
2021141119447,2021,141119447,1,9,0,18,19,5,1,0,0,1,0,0,0,0,4,1,2,2,2,65,9,1461,2,12,NISSAN NOTE,2,E01008125,0,-1
2021010314985,2021,010314985,1,9,0,18,19,1,5,0,0,1,5,0,0,0,2,1,6,6,1,36,7,1386,1,11,NISSAN NOTE,8,E01002450,0,-1
2021522103572,2021,522103572,1,9,0,18,19,3,7,0,0,0,0,0,0,0,1,1,6,6,1,21,5,1598,1,13,NISSAN NOTE,-1,-1,0,-1
2021471029651,2021,471029651,1,9,0,18,19,5,1,0,0,0,0,0,1,0,1,1,5,6,2,82,11,1598,1,11,NISSAN NOTE,7,E01031632,0,-1
202131C040221,2021,31C040221,2,9,0,9,9,5,3,0,0,5,0,0,0,0,2,1,6,6,2,30,6,1198,1,7,NISSAN NOTE,5,E01028078,0,-1
2021010331607,2021,010331607,1,9,0,10,10,3,8,0,0,1,0,0,0,0,3,1,6,6,2,54,8,1386,1,13,NISSAN NOTE,1,E01004382,0,-1
2021122100607,2021,122100607,1,9,0,4,4,5,1,0,0,1,0,0,0,0,2,1,6,6,2,65,9,1598,1,14,NISSAN NOTE,-1,-1,0,-1
2021010291504,2021,010291504,2,9,0,99,99,9,9,99,99,9,9,99,9,99,9,9,6,6,3,38,7,1598,1,8,NISSAN NOTE,4,E01002231,0,-1
2021041101012,2021,041101012,1,9,0,18,19,1,5,0,0,1,0,0,0,0,1,1,5,6,1,63,9,1461,2,11,NISSAN NOTE,5,E01012710,0,-1
2021401074355,2021,401074355,1,4,0,5,5,8,4,0,0,6,0,0,0,0,4,1,6,6,2,24,5,125,1,8,-1,2,E01015794,0,-1
2021401027659,2021,401027659,2,2,0,18,19,7,3,0,0,1,0,0,0,0,1,1,5,6,1,45,7,50,1,9,-1,4,E01015804,0,-1
2021421081998,2021,421081998,1,2,0,18,19,3,7,0,0,0,0,0,0,0,1,1,5,6,1,59,9,49,1,6,-1,6,E01029880,0,-1
2021131051424,2021,131051424,2,4,0,18,19,7,3,0,0,0,0,0,0,0,1,1,6,6,1,16,4,125,2,14,-1,1,E01010821,0,-1
2021991066942,2021,991066942,1,2,0,18,19,2,6,0,0,1,0,0,0,0,4,1,6,6,1,34,6,124,1,2,-1,4,-1,0,-1
2021351098029,2021,351098029,1,4,0,18,19,6,2,0,0,0,2,0,0,0,1,1,5,6,1,49,8,185,1,42,-1,6,E01018208,0,-1
2021440027554,2021,440027554,1,3,0,18,19,4,8,0,0,0,1,10,0,0,1,1,6,6,1,54,8,125,1,39,-1,2,E01017328,0,-1
2021161084760,2021,161084760,3,4,0,16,19,4,6,0,0,0,0,0,0,0,1,1,5,6,1,62,9,200,1,40,-1,8,E01012812,0,-1
2021471024365,2021,471024365,1,5,0,7,7,5,7,0,0,8,0,0,0,0,4,1,5,6,1,61,9,1690,1,5,-1,2,E01031779,0,-1
2021320298754,2021,320298754,1,2,0,18,19,2,6,0,0,1,0,0,0,0,1,1,6,6,1,17,4,49,1,7,-1,9,E01026186,0,-1
2021221057994,2021,221057994,1,2,0,18,19,6,2,0,0,1,0,0,0,0,1,1,5,6,1,17,4,50,1,6,-1,5,E01028928,0,-1
2021010315271,2021,010315271,1,3,0,18,19,3,7,0,0,7,0,0,0,0,1,1,1,1,1,31,6,-1,-1,-1,-1,6,E01001160,0,-1
2021440157184,2021,440157184,1,4,0,18,19,8,4,0,0,8,0,0,0,0,1,1,6,6,1,50,8,140,1,2,-1,2,E01022969,0,-1
202134NNC2291,2021,34NNC2291,1,3,0,16,19,5,1,0,0,0,0,0,0,0,2,1,6,6,1,19,4,125,1,12,-1,9,E01027042,0,-1
2021440393877,2021,440393877,1,3,0,9,9,1,5,0,0,4,1,0,0,0,1,1,2,2,1,17,4,49,1,7,-1,3,E01022732,0,-1
2021440381809,2021,440381809,2,5,0,18,19,7,3,0,0,8,0,0,0,0,4,1,6,6,1,50,8,600,1,20,-1,10,E01022892,0,-1
2021122101170,2021,122101170,1,3,0,18,19,7,3,0,0,0,1,0,0,0,0,1,6,6,1,62,9,123,1,42,-1,7,E01027860,0,-1
202131B154121,2021,31B154121,1,3,0,18,19,4,8,0,0,0,0,0,0,0,1,1,6,6,2,18,4,124,1,9,-1,3,E01028020,0,-1
2021471126327,2021,471126327,2,5,0,18,19,7,3,0,0,1,0,0,0,0,4,1,5,6,1,55,8,916,1,24,-1,4,E01020919,0,-1
2021101026117,2021,101026117,1,4,0,18,19,1,4,0,0,0,1,0,7,0,4,1,6,6,1,30,6,400,1,27,-1,4,E01008624,0,-1
2021010334497,2021,010334497,1,3,0,18,19,1,5,99,99,9,9,0,0,0,4,1,2,2,1,31,6,124,1,10,-1,2,E01002281,0,-1
2021320467412,2021,320467412,2,4,0,18,19,8,4,0,0,0,5,0,7,0,1,1,6,6,1,65,9,497,1,59,-1,7,E01027990,0,-1
2021991079596,2021,991079596,2,5,0,3,3,1,6,0,0,0,0,0,0,0,2,1,5,6,1,52,8,998,1,71,-1,-1,-1,0,-1
2021440302198,2021,440302198,2,2,0,7,7,4,6,0,0,5,0,0,0,0,4,1,6,6,1,17,4,50,1,1,-1,9,E01030766,0,-1
2021010289126,2021,010289126,1,11,0,18,19,6,2,0,0,1,0,0,0,0,1,1,1,1,1,63,9,6692,2,11,-1,5,E01000982,0,-1
2021351121135,2021,351121135,2,3,0,16,19,5,8,0,0,2,0,0,0,0,1,1,5,6,1,19,4,100,1,20,-1,6,E01015671,0,-1
2021010340912,2021,010340912,2,9,0,99,99,9,9,99,99,9,9,99,9,99,2,9,6,6,3,-1,-1,2706,1,8,PORSCHE BOXSTER,9,E01000775,0,-1
2021031098003,2021,031098003,1,9,0,4,4,1,5,0,0,0,0,0,0,0,1,1,6,6,3,-1,-1,3436,1,7,PORSCHE BOXSTER,-1,-1,0,-1
2021010316352,2021,010316352,1,9,0,2,2,0,0,0,0,0,0,0,0,0,9,9,6,6,3,-1,-1,2700,6,22,PORSCHE BOXSTER,-1,-1,0,-1
2021201089920,2021,201089920,1,9,0,18,19,8,2,0,0,2,1,10,2,11,3,1,6,6,1,40,7,2499,1,22,PORSCHE BOXSTER,6,E01031130,0,-1
2021302100103,2021,302100103,2,9,0,18,19,2,6,0,0,0,0,0,0,0,1,1,6,6,2,53,8,2687,1,16,PORSCHE BOXSTER,9,E01013901,0,-1
2021461085949,2021,461085949,2,9,0,9,9,5,3,0,0,2,0,0,0,0,4,1,5,6,3,-1,-1,3436,1,7,PORSCHE BOXSTER,-1,-1,0,-1
2021302101956,2021,302101956,2,9,0,18,19,8,4,0,0,8,0,0,0,0,1,1,6,6,1,65,9,2700,1,17,PORSCHE BOXSTER,6,E01019866,0,-1
2021302101834,2021,302101834,1,9,0,16,19,4,8,0,0,2,1,0,0,0,1,1,6,6,1,47,8,3436,1,8,PORSCHE BOXSTER,7,E01019843,0,-1
2021451057374,2021,451057374,3,9,0,2,2,0,0,0,0,0,0,0,0,0,0,1,6,6,3,-1,-1,3179,1,21,PORSCHE BOXSTER,-1,-1,0,-1
2021041042302,2021,041042302,2,9,0,18,19,7,7,0,0,1,0,0,0,0,1,1,6,6,2,50,8,2500,6,23,PORSCHE BOXSTER,7,E01025027,0,-1
2021010291350,2021,010291350,3,9,0,2,2,0,0,0,0,0,0,0,0,0,3,1,6,6,3,-1,-1,2687,1,15,PORSCHE BOXSTER,-1,-1,0,-1
2021371082237,2021,371082237,1,9,0,13,13,8,4,0,0,1,0,0,7,9,1,1,6,6,1,67,10,2700,6,21,PORSCHE BOXSTER,2,E01028435,0,-1
2021501107354,2021,501107354,1,9,0,18,19,5,1,0,0,0,0,0,0,0,1,1,6,6,3,-1,-1,3436,1,9,PORSCHE BOXSTER,-1,-1,0,-1
2021501127602,2021,501127602,1,9,0,18,19,5,2,0,0,0,1,0,1,4,1,1,6,6,2,66,10,2500,6,24,PORSCHE BOXSTER,6,E01019912,0,-1
2021991086761,2021,991086761,1,9,0,4,4,3,1,0,0,1,0,0,0,0,1,1,5,6,1,63,9,3200,1,17,PORSCHE BOXSTER,7,-1,0,-1
2021522105306,2021,522105306,2,9,0,2,2,0,0,0,0,0,0,0,0,0,1,1,6,6,3,-1,-1,2687,1,15,PORSCHE BOXSTER,-1,-1,0,-1
202163D026921,2021,63D026921,1,9,0,18,19,6,2,0,0,1,1,0,0,0,4,1,6,6,1,38,7,3200,1,20,PORSCHE BOXSTER,1,W01000504,0,-1
2021302100745,2021,302100745,3,9,0,18,19,8,4,0,0,0,0,0,0,0,3,1,6,6,1,50,8,3387,1,14,PORSCHE BOXSTER,3,E01007240,0,-1
2021101106326,2021,101106326,1,9,0,18,19,4,8,0,0,3,0,0,7,2,1,1,5,6,1,35,6,2700,1,19,PORSCHE BOXSTER,4,E01027524,0,-1
2021471045464,2021,471045464,1,9,0,18,19,1,5,0,0,0,5,10,7,4,1,1,6,6,1,27,6,3387,1,13,PORSCHE BOXSTER,9,E01004640,0,-1
2021501116963,2021,501116963,1,9,0,18,19,4,8,0,0,0,0,0,0,0,1,1,6,6,1,64,9,2700,1,17,PORSCHE BOXSTER,9,E01015064,0,-1
2021552100117,2021,552100117,1,9,0,18,19,2,6,0,0,0,5,0,0,0,4,1,6,6,1,70,10,2700,1,20,PORSCHE BOXSTER,5,E01020432,0,-1
2021122101122,2021,122101122,1,9,0,7,7,8,4,0,0,0,0,0,0,0,1,1,6,6,2,53,8,3436,1,7,PORSCHE BOXSTER,8,E01027634,0,-1
2021430424749,2021,430424749,2,9,0,18,19,6,2,0,0,4,0,0,0,0,1,1,6,6,3,-1,-1,2687,1,16,PORSCHE BOXSTER,-1,-1,0,-1
2021161113560,2021,161113560,2,3,0,18,19,3,7,0,0,0,5,4,0,0,1,1,6,6,1,18,4,124,1,4,-1,9,E01013016,0,-1
202154A429621,2021,54A429621,1,4,0,13,13,2,6,0,0,1,0,0,0,0,4,1,6,6,1,28,6,644,1,13,-1,8,E01032053,0,-1
2021161077951,2021,161077951,2,5,0,18,19,4,8,0,0,1,0,0,0,0,1,1,1,1,1,30,6,656,1,12,-1,2,E01033104,0,-1
2021552101004,2021,552101004,1,4,0,6,6,3,3,0,0,0,0,0,0,0,3,1,6,6,1,23,5,656,1,8,-1,9,E01015356,0,-1
2021010304295,2021,010304295,1,5,0,18,19,7,3,0,0,0,2,0,0,0,1,1,2,2,1,49,8,656,1,10,-1,9,E01015850,0,-1
2021552200166,2021,552200166,1,5,0,18,19,2,6,0,0,8,1,0,0,0,1,1,2,2,1,55,8,656,1,12,-1,6,E01015368,0,-1
2021010315573,2021,010315573,1,5,0,99,99,9,9,99,99,9,9,99,9,99,9,1,6,6,1,58,9,644,1,12,-1,1,E01001979,0,-1
2021010298748,2021,010298748,2,5,0,18,19,5,1,0,0,0,0,0,5,6,4,1,2,2,1,60,9,656,1,12,-1,-1,-1,0,-1
2021010291657,2021,010291657,1,9,0,3,3,3,7,0,0,4,0,0,0,0,1,1,1,1,1,40,7,1798,8,3,TOYOTA PRIUS,4,E01004565,0,-1
2021010310328,2021,010310328,1,9,4,18,19,1,5,0,0,0,0,4,0,0,1,1,2,2,2,35,6,1797,8,6,TOYOTA PRIUS,7,E01001538,0,-1
2021010305676,2021,010305676,1,8,0,4,4,7,3,0,0,0,0,0,0,0,1,1,6,6,1,49,8,1797,8,7,TOYOTA PRIUS,5,E01002394,0,-1
2021010314325,2021,010314325,1,9,0,18,19,7,3,0,0,2,0,2,0,0,4,1,2,2,2,47,8,1797,8,9,TOYOTA PRIUS,5,E01000920,0,-1
2021302101844,2021,302101844,2,9,0,3,3,2,6,0,0,1,0,0,0,0,2,1,6,6,1,50,8,1797,8,2,TOYOTA PRIUS,2,E01013504,0,-1
2021010350779,2021,010350779,1,8,0,7,7,5,7,0,0,1,0,0,0,0,4,1,1,1,1,43,7,1797,8,11,TOYOTA PRIUS,5,E01002520,0,-1
2021010322774,2021,010322774,1,8,4,18,19,3,7,0,0,1,0,0,0,0,2,1,1,1,1,46,8,1798,8,6,TOYOTA PRIUS,2,E01003542,0,-1
2021201115994,2021,201115994,1,8,0,18,19,5,7,0,0,4,0,9,0,0,1,1,1,1,1,-1,-1,1798,8,7,TOYOTA PRIUS,2,E01009393,0,-1
2021010335844,2021,010335844,1,9,0,4,4,5,1,0,0,1,0,0,0,0,0,1,1,1,1,26,6,1797,8,9,TOYOTA PRIUS,2,E01000422,0,-1
2021010301774,2021,010301774,1,9,0,99,99,9,9,99,99,0,9,99,9,99,2,9,6,6,1,42,7,1797,8,9,TOYOTA PRIUS,3,E01000644,0,-1
2021221051847,2021,221051847,1,8,0,7,7,7,1,0,0,4,0,0,0,0,1,1,1,1,1,53,8,1797,8,10,TOYOTA PRIUS,7,E01014205,0,-1
2021010293203,2021,010293203,1,8,0,15,15,1,5,0,0,8,0,0,0,0,1,1,1,1,1,36,7,1798,8,9,TOYOTA PRIUS,7,E01002111,0,-1
2021010297349,2021,010297349,2,9,9,18,19,1,5,99,99,9,9,99,9,99,9,9,6,6,1,43,7,1497,8,15,TOYOTA PRIUS,3,E01003091,0,-1
2021010313646,2021,010313646,1,9,0,2,2,0,0,0,0,1,0,0,0,0,2,1,6,6,3,-1,-1,1798,8,6,TOYOTA PRIUS,-1,-1,0,-1
2021421065836,2021,421065836,1,9,0,5,5,3,6,0,0,4,0,0,0,0,1,1,6,6,1,24,5,1798,8,4,TOYOTA PRIUS,-1,-1,0,-1
2021522104869,2021,522104869,1,9,0,18,19,2,6,0,0,0,0,0,0,0,3,1,6,6,1,45,7,1797,8,6,TOYOTA PRIUS,-1,-1,0,-1
2021010302790,2021,010302790,3,9,0,99,99,9,9,99,99,9,9,99,9,99,0,9,6,6,3,-1,-1,1797,8,7,TOYOTA PRIUS,-1,-1,0,-1
2021010305235,2021,010305235,1,9,0,99,99,9,9,99,99,9,9,99,9,99,9,9,6,6,1,42,7,1797,8,2,TOYOTA PRIUS,2,E01000527,0,-1
2021010301824,2021,010301824,2,9,0,18,19,5,1,9,9,0,0,0,1,11,1,1,6,6,1,26,6,1497,8,14,TOYOTA PRIUS,3,E01001365,0,-1