collision_index,collision_year,collision_ref_no,vehicle_reference,vehicle_type,towing_and_articulation,vehicle_manoeuvre_historic,vehicle_manoeuvre,vehicle_direction_from,vehicle_direction_to,vehicle_location_restricted_lane_historic,vehicle_location_restricted_lane,junction_location,skidding_and_overturning,hit_object_in_carriageway,vehicle_leaving_carriageway,hit_object_off_carriageway,first_point_of_impact,vehicle_left_hand_drive,journey_purpose_of_driver_historic,journey_purpose_of_driver,sex_of_driver,age_of_driver,age_band_of_driver,engine_capacity_cc,propulsion_code,age_of_vehicle,generic_make_model,driver_imd_decile,lsoa_of_driver,escooter_flag,driver_distance_banding
2021421124417,2021,421124417,1,9,0,3,3,7,2,0,0,0,0,0,0,0,1,1,6,6,3,-1,-1,1797,8,7,TOYOTA PRIUS,-1,-1,0,-1
2021522105931,2021,522105931,2,9,0,1,1,7,3,0,0,0,0,0,0,0,3,1,1,1,3,-1,-1,1798,8,3,TOYOTA PRIUS,-1,-1,0,-1
2021461097876,2021,461097876,2,9,0,18,19,7,3,0,0,1,0,0,0,0,4,1,5,6,1,81,11,1798,8,2,TOYOTA PRIUS,1,E01024581,0,-1
2021401021070,2021,401021070,1,9,0,18,19,8,4,0,0,1,1,0,0,0,1,1,2,2,1,50,8,1797,8,9,TOYOTA PRIUS,10,E01017532,0,-1
2021010349154,2021,010349154,2,8,0,18,19,3,7,0,0,8,0,0,0,0,4,1,1,1,1,43,7,1797,8,9,TOYOTA PRIUS,-1,-1,0,-1
2021010315186,2021,010315186,1,8,0,18,19,6,2,0,0,8,0,0,0,0,0,1,6,6,1,36,7,1797,8,8,TOYOTA PRIUS,5,E01003392,0,-1
2021010324006,2021,010324006,1,9,0,5,5,3,7,0,0,1,0,0,0,0,4,1,1,1,1,51,8,1797,8,2,TOYOTA PRIUS,6,E01001387,0,-1
2021622100336,2021,622100336,1,9,0,9,9,4,3,0,0,6,0,0,0,0,1,1,6,6,2,77,11,1497,8,13,TOYOTA PRIUS,9,W01001826,0,-1
2021302100319,2021,302100319,1,9,0,18,19,2,6,0,0,0,0,0,0,0,0,1,1,1,1,48,8,1497,8,14,TOYOTA PRIUS,1,E01013487,0,-1
2021461046592,2021,461046592,1,9,0,18,19,5,6,0,0,0,0,0,0,0,3,1,6,6,1,34,6,1797,8,8,TOYOTA PRIUS,1,E01024657,0,-1
2021010311461,2021,010311461,1,8,0,7,7,1,3,0,0,1,0,0,0,0,2,1,1,1,1,38,7,1797,8,6,TOYOTA PRIUS,2,E01003994,0,-1
2021041053890,2021,041053890,1,9,0,18,19,2,7,0,0,1,0,0,0,0,1,1,5,6,1,28,6,1798,8,11,TOYOTA PRIUS,1,E01024907,0,-1
2021010340929,2021,010340929,1,9,0,7,7,1,2,0,0,1,0,0,0,0,1,1,6,6,1,40,7,1798,8,8,TOYOTA PRIUS,1,E01013620,0,-1
2021010293418,2021,010293418,1,8,0,18,19,5,1,0,0,6,0,0,0,0,1,1,1,1,1,57,9,1798,8,6,TOYOTA PRIUS,6,E01021743,0,-1
2021010306737,2021,010306737,1,8,0,99,99,9,9,0,0,0,0,0,0,0,4,1,6,6,1,-1,-1,1797,8,11,TOYOTA PRIUS,-1,-1,0,-1
2021471104632,2021,471104632,1,9,0,18,19,8,4,0,0,1,0,0,0,0,1,1,6,6,1,52,8,1798,8,4,TOYOTA PRIUS,2,E01016969,0,-1
2021421043011,2021,421043011,2,9,0,18,19,7,3,0,0,0,0,0,0,0,2,1,6,6,1,35,6,1798,8,5,TOYOTA PRIUS,4,E01002326,0,-1
2021010304740,2021,010304740,1,9,0,18,19,2,6,0,0,8,0,0,1,2,1,1,1,1,1,57,9,1798,8,4,TOYOTA PRIUS,-1,-1,0,-1
2021010339106,2021,010339106,1,8,0,7,7,6,8,1,1,5,0,0,0,0,1,2,1,1,1,36,7,1797,8,11,TOYOTA PRIUS,1,E01001425,0,-1
2021010302998,2021,010302998,3,9,0,18,19,3,7,0,0,0,0,0,0,0,1,1,3,7,2,28,6,1797,8,11,TOYOTA PRIUS,5,E01001708,0,-1
2021010310255,2021,010310255,2,8,0,99,99,9,9,99,99,9,9,99,9,99,9,9,6,6,3,-1,-1,1797,8,10,TOYOTA PRIUS,1,E01001013,0,-1
2021501137057,2021,501137057,1,8,0,18,19,8,4,0,0,2,0,10,0,0,1,1,1,1,1,53,8,1797,8,11,TOYOTA PRIUS,2,E01015170,0,-1
2021010330874,2021,010330874,3,9,0,18,19,5,1,0,0,1,0,0,0,0,4,1,6,6,1,39,7,1797,8,11,TOYOTA PRIUS,3,E01003564,0,-1
2021010307566,2021,010307566,1,9,0,10,10,5,3,0,0,6,0,7,0,0,4,1,6,6,1,46,8,1798,8,9,TOYOTA PRIUS,-1,-1,0,-1
2021010338075,2021,010338075,2,9,0,18,19,3,7,0,0,1,0,0,0,0,2,1,6,6,1,44,7,1798,8,8,TOYOTA PRIUS,2,E01004271,0,-1
2021010307336,2021,010307336,2,9,0,99,99,9,9,99,99,9,9,99,9,99,9,9,6,6,1,34,6,1797,8,9,TOYOTA PRIUS,1,E01000521,0,-1
2021010325626,2021,010325626,1,9,9,99,99,9,9,99,99,9,9,99,9,99,9,9,6,6,3,-1,-1,1797,8,6,TOYOTA PRIUS,2,E01000129,0,-1
2021010314993,2021,010314993,1,9,0,1,1,5,1,0,0,1,0,0,0,0,2,1,6,6,1,60,9,1797,8,6,TOYOTA PRIUS,1,E01001558,0,-1
202134WNC3701,2021,34WNC3701,2,9,0,18,19,5,1,0,0,8,0,10,0,0,4,1,6,6,2,79,11,1797,8,1,TOYOTA PRIUS,10,E01027006,0,-1
2021010331186,2021,010331186,2,9,0,3,3,3,7,0,0,0,0,0,0,0,2,1,1,1,1,37,7,1797,8,5,TOYOTA PRIUS,2,E01002637,0,-1
2021010338891,2021,010338891,1,9,0,18,19,1,5,0,0,0,0,0,0,0,1,1,6,6,3,-1,-1,1797,8,10,TOYOTA PRIUS,-1,-1,0,-1
2021201039946,2021,201039946,3,9,0,2,2,0,0,0,0,2,0,0,0,0,3,1,6,6,3,-1,-1,1791,8,9,TOYOTA PRIUS,-1,-1,0,-1
2021010352017,2021,010352017,1,9,0,9,9,5,3,0,0,6,0,0,0,0,1,1,1,1,1,36,7,1798,8,2,TOYOTA PRIUS,-1,-1,0,-1
2021010349075,2021,010349075,1,9,0,18,19,6,2,0,0,1,0,0,0,0,4,1,6,6,1,47,8,1797,8,6,TOYOTA PRIUS,4,E01001179,0,-1
2021010307683,2021,010307683,2,9,0,5,5,7,3,0,0,6,0,0,0,0,1,1,1,1,1,65,9,1798,8,6,TOYOTA PRIUS,6,E01000196,0,-1
2021401113764,2021,401113764,1,9,0,9,9,8,4,0,0,6,0,0,0,0,1,1,6,6,3,-1,-1,1798,8,2,TOYOTA PRIUS,-1,-1,0,-1
2021010313325,2021,010313325,1,9,0,99,99,9,9,0,0,1,0,0,0,0,0,9,6,6,1,38,7,1790,8,8,TOYOTA PRIUS,4,E01003568,0,-1
2021401041738,2021,401041738,1,9,0,18,19,4,8,0,0,0,0,0,0,0,2,1,6,6,1,44,7,1797,8,7,TOYOTA PRIUS,9,E01013544,0,-1
2021010320325,2021,010320325,2,9,0,99,99,9,9,99,99,9,9,99,9,99,9,9,6,6,3,-1,-1,1798,8,7,TOYOTA PRIUS,2,E01001776,0,-1
2021010313400,2021,010313400,2,9,0,18,19,3,7,0,0,2,0,0,0,0,1,1,1,1,1,51,8,1798,8,6,TOYOTA PRIUS,2,E01004239,0,-1
2021481132774,2021,481132774,2,8,0,18,19,7,3,0,0,0,0,0,0,0,3,1,1,1,1,47,8,1798,8,5,TOYOTA PRIUS,2,E01003542,0,-1
2021211084017,2021,211084017,2,8,0,16,19,5,1,0,0,0,0,0,0,0,1,1,1,1,1,55,8,1797,8,7,TOYOTA PRIUS,3,E01014282,0,-1
2021010293035,2021,010293035,1,8,0,99,99,9,9,99,99,8,9,99,9,99,1,9,6,6,3,35,6,1797,8,6,TOYOTA PRIUS,3,E01003769,0,-1
2021010334342,2021,010334342,1,9,0,9,9,1,6,0,0,1,0,0,0,0,4,1,6,6,1,33,6,1797,8,11,TOYOTA PRIUS,3,E01000148,0,-1
2021010293379,2021,010293379,2,9,0,99,99,9,9,99,99,9,9,99,9,99,1,9,6,6,3,41,7,1797,8,11,TOYOTA PRIUS,3,E01001825,0,-1
2021522200039,2021,522200039,1,9,0,9,9,3,1,0,0,6,0,0,0,0,2,1,6,6,1,47,8,1798,8,5,TOYOTA PRIUS,1,E01014655,0,-1
2021010338826,2021,010338826,1,9,9,99,99,9,9,9,9,0,0,0,0,0,2,9,6,6,3,32,6,1497,8,15,TOYOTA PRIUS,3,E01001676,0,-1
2021010344298,2021,010344298,2,9,9,99,99,9,9,99,99,9,9,99,0,0,9,9,6,6,3,-1,-1,1797,8,11,TOYOTA PRIUS,-1,-1,0,-1
2021010314476,2021,010314476,2,9,0,99,99,9,9,99,99,9,9,99,9,99,9,9,6,6,3,-1,-1,1798,8,9,TOYOTA PRIUS,7,E01021981,0,-1
2021010321659,2021,010321659,1,9,0,18,19,7,3,0,0,2,0,0,0,0,4,1,6,6,1,21,5,1798,8,3,TOYOTA PRIUS,4,E01004254,0,-1
2021201115694,2021,201115694,2,9,0,18,19,4,8,0,0,8,0,0,0,0,2,1,6,6,1,-1,-1,1797,8,7,TOYOTA PRIUS,-1,-1,0,-1
2021010328836,2021,010328836,2,9,0,13,13,1,5,0,0,0,2,0,0,0,1,1,2,2,1,23,5,1797,8,11,TOYOTA PRIUS,10,E01030320,0,-1
202131C151621,2021,31C151621,2,9,0,18,19,8,4,0,0,1,0,0,0,0,1,1,6,6,1,43,7,1798,8,6,TOYOTA PRIUS,1,E01013962,0,-1
2021411029942,2021,411029942,1,9,0,18,19,7,2,0,0,3,0,0,0,0,4,1,5,6,1,46,8,1798,8,6,TOYOTA PRIUS,9,E01023917,0,-1
2021401131142,2021,401131142,1,9,0,9,9,2,8,0,0,6,0,0,0,0,1,1,1,1,1,35,6,1798,8,3,TOYOTA PRIUS,3,E01015730,0,-1
2021010319078,2021,010319078,1,9,0,16,19,5,1,0,0,6,0,0,0,0,2,1,6,6,1,51,8,1800,8,7,TOYOTA PRIUS,1,E01002081,0,-1
2021010333380,2021,010333380,1,9,0,99,99,9,9,99,99,6,9,99,9,99,2,9,6,6,1,40,7,1497,8,13,TOYOTA PRIUS,4,E01003561,0,-1
2021010322890,2021,010322890,2,9,0,6,6,7,7,0,0,1,0,0,0,0,1,1,6,6,1,36,7,1797,8,7,TOYOTA PRIUS,-1,-1,0,-1
2021201081161,2021,201081161,2,9,0,18,19,8,4,0,0,1,0,0,0,0,4,1,6,6,1,-1,-1,1797,8,10,TOYOTA PRIUS,-1,-1,0,-1
2021010344052,2021,010344052,1,9,0,99,99,9,9,99,99,9,9,99,9,99,2,9,6,6,1,39,7,1497,8,15,TOYOTA PRIUS,2,E01033591,0,-1
2021010350588,2021,010350588,1,8,0,5,5,5,1,0,0,2,0,0,0,0,3,1,1,1,1,52,8,1797,8,10,TOYOTA PRIUS,2,E01004321,0,-1
2021010303932,2021,010303932,1,8,0,5,5,7,3,0,0,8,0,0,0,0,1,1,6,6,1,27,6,1797,8,6,TOYOTA PRIUS,3,E01001481,0,-1
2021010330047,2021,010330047,2,8,0,9,9,1,6,0,0,8,0,0,0,0,4,1,2,2,1,54,8,1797,8,8,TOYOTA PRIUS,5,E01000070,0,-1
2021010290788,2021,010290788,1,8,0,99,99,9,9,99,99,9,9,99,9,99,2,9,6,6,1,56,9,1797,8,10,TOYOTA PRIUS,8,E01004081,0,-1
2021010331238,2021,010331238,1,8,0,2,2,0,0,0,0,9,0,0,0,0,9,1,6,6,3,-1,-1,1798,8,9,TOYOTA PRIUS,-1,-1,0,-1
2021010323118,2021,010323118,1,9,0,18,19,2,6,0,0,8,0,11,1,1,1,1,1,1,1,49,8,1798,8,6,TOYOTA PRIUS,4,E01000618,0,-1
2021010329226,2021,010329226,3,9,0,9,9,3,1,0,0,0,0,0,0,0,1,1,1,1,1,37,7,1798,8,9,TOYOTA PRIUS,4,E01004294,0,-1
2021010327838,2021,010327838,1,9,0,4,4,7,3,0,0,0,0,0,0,0,1,1,1,1,1,32,6,1798,8,5,TOYOTA PRIUS,7,E01003643,0,-1
2021010344186,2021,010344186,2,8,0,99,99,9,9,99,99,9,9,99,9,99,1,9,6,6,3,-1,-1,1797,8,6,TOYOTA PRIUS,2,E01001464,0,-1
2021010351837,2021,010351837,2,9,0,8,8,2,4,0,0,6,0,0,0,0,0,1,1,1,1,37,7,1797,8,2,TOYOTA PRIUS,2,E01004226,0,-1
2021201110171,2021,201110171,2,8,0,18,19,1,5,0,0,8,0,0,0,0,1,1,1,1,1,55,8,1797,8,10,TOYOTA PRIUS,1,E01009092,0,-1
2021010314530,2021,010314530,2,8,0,99,99,9,9,99,99,9,9,99,9,99,9,9,6,6,3,51,8,1800,8,10,TOYOTA PRIUS,3,E01003603,0,-1
2021010314730,2021,010314730,1,9,0,18,19,4,8,0,0,0,0,0,0,0,1,1,6,6,1,44,7,1797,8,10,TOYOTA PRIUS,2,E01000078,0,-1
2021010317379,2021,010317379,1,9,0,18,19,5,1,0,0,0,0,0,0,0,9,1,6,6,1,32,6,1798,8,7,TOYOTA PRIUS,2,E01004434,0,-1
2021010294303,2021,010294303,1,9,0,18,19,1,5,0,0,1,0,0,0,0,1,1,6,6,1,61,9,1798,8,7,TOYOTA PRIUS,3,E01004432,0,-1
2021010315844,2021,010315844,2,9,0,99,99,9,9,99,99,0,9,99,9,99,1,9,6,6,3,-1,-1,1790,8,10,TOYOTA PRIUS,7,E01032739,0,-1
2021010349683,2021,010349683,1,9,0,18,19,1,5,0,0,0,1,11,0,0,2,1,1,1,1,44,7,1797,8,4,TOYOTA PRIUS,5,E01024156,0,-1
2021201052826,2021,201052826,1,9,0,18,19,4,8,0,0,0,0,0,0,0,1,1,1,1,1,36,7,1497,8,14,TOYOTA PRIUS,2,E01010104,0,-1
2021041095905,2021,041095905,1,9,0,18,19,4,8,0,0,0,0,0,0,0,3,1,1,1,1,63,9,1497,8,14,TOYOTA PRIUS,2,E01012573,0,-1
2021010350105,2021,010350105,2,8,0,4,4,7,3,0,0,1,0,0,0,0,2,1,1,1,1,53,8,1798,8,7,TOYOTA PRIUS,5,E01000071,0,-1
2021010340298,2021,010340298,2,9,0,18,19,7,3,0,0,0,0,0,0,0,1,1,6,6,1,46,8,1797,8,11,TOYOTA PRIUS,4,E01002448,0,-1
2021010316086,2021,010316086,1,8,0,99,99,9,9,99,99,9,9,99,9,99,2,9,6,6,1,52,8,1798,8,5,TOYOTA PRIUS,2,E01004444,0,-1
2021010333372,2021,010333372,1,9,0,18,19,3,7,0,0,2,0,0,0,0,1,1,1,1,1,37,7,1797,8,8,TOYOTA PRIUS,4,E01003527,0,-1
2021010345120,2021,010345120,2,8,0,9,9,5,2,0,0,6,0,0,0,0,1,1,1,1,1,48,8,1797,8,2,TOYOTA PRIUS,3,E01000130,0,-1
2021010346081,2021,010346081,1,9,0,99,99,9,9,99,99,9,9,99,9,99,9,9,6,6,1,46,8,1798,8,8,TOYOTA PRIUS,3,E01004270,0,-1
2021010332542,2021,010332542,1,8,0,5,5,0,1,9,9,6,0,0,0,0,1,1,1,1,1,38,7,1798,8,6,TOYOTA PRIUS,-1,-1,0,-1
2021471110039,2021,471110039,1,9,0,6,6,3,3,0,0,1,0,0,0,0,3,1,1,1,1,-1,-1,1798,8,6,TOYOTA PRIUS,4,E01016856,0,-1
2021010300811,2021,010300811,1,8,0,99,99,9,9,99,99,9,9,99,9,99,2,9,6,6,3,-1,-1,1791,8,9,TOYOTA PRIUS,3,E01003938,0,-1
2021010321845,2021,010321845,1,9,0,18,19,7,3,0,0,0,0,0,0,0,3,1,1,1,1,51,8,1791,8,10,TOYOTA PRIUS,2,E01000096,0,-1
2021430266652,2021,430266652,2,9,0,2,2,0,0,0,0,0,0,0,0,0,2,1,6,6,1,-1,-1,1798,8,4,TOYOTA PRIUS,-1,-1,0,-1
2021010331750,2021,010331750,2,9,0,99,99,9,9,99,99,9,9,99,9,99,1,9,6,6,3,-1,-1,1797,8,8,TOYOTA PRIUS,-1,-1,0,-1
2021010306333,2021,010306333,1,8,0,18,19,3,7,0,0,7,0,0,0,0,1,1,1,1,1,42,7,1798,8,5,TOYOTA PRIUS,1,E01004273,0,-1
2021010350842,2021,010350842,2,9,0,99,99,9,9,99,99,9,9,99,9,99,9,9,6,6,3,-1,-1,1797,8,7,TOYOTA PRIUS,9,E01004595,0,-1
2021010314020,2021,010314020,1,9,9,99,99,9,9,99,99,9,9,99,9,99,9,9,2,2,1,70,10,1797,8,11,TOYOTA PRIUS,2,E01004315,0,-1
2021010300258,2021,010300258,2,9,9,99,99,9,9,99,99,9,9,99,9,99,1,9,6,6,3,-1,-1,1797,8,7,TOYOTA PRIUS,-1,-1,0,-1
2021471054919,2021,471054919,2,9,0,18,19,2,6,0,0,0,0,0,0,0,2,1,1,1,2,53,8,1798,8,7,TOYOTA PRIUS,5,E01021211,0,-1
2021010321147,2021,010321147,1,8,0,18,19,5,1,0,0,1,0,0,0,0,4,2,1,1,1,57,9,1798,8,7,TOYOTA PRIUS,3,E01003209,0,-1
2021010342291,2021,010342291,2,8,0,4,4,3,7,0,0,1,0,0,0,0,2,1,1,1,1,51,8,1797,8,4,TOYOTA PRIUS,9,E01002242,0,-1
2021141056978,2021,141056978,2,9,0,18,19,7,3,0,0,1,0,0,0,0,1,1,1,1,1,44,7,1798,8,5,TOYOTA PRIUS,2,E01008014,0,-1
2021052100656,2021,052100656,1,8,0,18,19,5,1,0,0,2,0,0,0,0,1,1,1,1,1,36,7,1791,8,10,TOYOTA PRIUS,3,E01006969,0,-1
2021010305700,2021,010305700,1,8,0,99,99,9,9,99,99,9,9,99,9,99,4,9,2,2,1,33,6,1798,8,2,TOYOTA PRIUS,3,E01003734,0,-1
2021451030090,2021,451030090,1,9,0,8,8,4,8,5,5,6,0,0,0,0,4,1,2,2,2,39,7,1797,8,11,TOYOTA PRIUS,10,E01030437,0,-1
2021451105498,2021,451105498,1,9,0,10,10,1,5,0,0,1,0,0,0,0,2,1,1,1,1,50,8,1797,8,9,TOYOTA PRIUS,9,E01030406,0,-1
2021010331871,2021,010331871,1,8,0,8,8,3,5,0,0,2,0,0,0,0,0,1,6,6,1,48,8,1797,8,7,TOYOTA PRIUS,3,E01001203,0,-1
2021010340128,2021,010340128,1,9,0,18,19,5,1,0,0,1,0,0,0,0,3,1,6,6,1,28,6,1800,8,6,TOYOTA PRIUS,3,E01003915,0,-1
2021401127154,2021,401127154,1,9,0,2,2,0,0,0,0,0,0,0,0,0,2,1,6,6,1,49,8,1497,8,13,TOYOTA PRIUS,6,E01017517,0,-1
2021010350378,2021,010350378,1,9,0,18,19,3,7,0,0,1,0,0,0,0,1,1,6,6,1,31,6,1497,8,13,TOYOTA PRIUS,1,E01003487,0,-1
2021010302934,2021,010302934,2,9,0,18,19,5,1,0,0,1,0,0,0,0,4,1,6,6,1,40,7,1791,8,9,TOYOTA PRIUS,6,E01000330,0,-1
2021010318577,2021,010318577,1,8,0,18,19,5,1,0,0,0,0,0,0,0,2,1,1,1,1,47,8,1797,8,9,TOYOTA PRIUS,4,E01001297,0,-1
2021010335863,2021,010335863,1,8,0,99,99,9,9,99,99,0,9,99,9,99,1,1,1,1,1,45,7,1797,8,9,TOYOTA PRIUS,5,E01000892,0,-1
2021010329412,2021,010329412,2,9,0,18,19,5,1,0,0,1,0,0,0,0,1,1,1,1,1,55,8,1798,8,5,TOYOTA PRIUS,7,E01002654,0,-1
2021451099645,2021,451099645,2,9,0,18,19,7,2,0,0,8,0,0,0,0,4,1,2,2,1,43,7,1497,8,16,TOYOTA PRIUS,5,E01030981,0,-1
2021010315142,2021,010315142,1,9,0,99,99,9,9,99,99,9,9,99,9,99,3,9,6,6,2,44,7,1497,8,12,TOYOTA PRIUS,3,E01002303,0,-1
2021010290681,2021,010290681,2,9,0,99,99,9,9,99,99,9,9,99,9,99,9,9,6,6,3,-1,-1,1798,8,5,TOYOTA PRIUS,-1,-1,0,-1
2021010327795,2021,010327795,1,8,0,5,5,5,1,0,0,1,0,0,0,0,1,1,1,1,1,41,7,1798,8,5,TOYOTA PRIUS,4,E01004614,0,-1
202106L079806,2021,06L079806,1,9,0,16,19,4,8,0,0,0,0,0,0,0,4,1,1,1,1,34,6,1497,8,14,TOYOTA PRIUS,3,E01004834,0,-1
2021010343798,2021,010343798,1,9,0,9,9,3,1,0,0,6,0,0,0,0,1,1,1,1,1,45,7,1798,8,6,TOYOTA PRIUS,2,E01000007,0,-1
2021010321434,2021,010321434,2,9,9,99,99,9,9,99,99,9,9,99,9,99,9,9,6,6,3,-1,-1,1798,8,4,TOYOTA PRIUS,3,E01003406,0,-1
2021010339203,2021,010339203,2,8,0,15,15,1,5,0,0,0,0,0,0,0,1,1,1,1,1,56,9,1797,8,8,TOYOTA PRIUS,3,E01004325,0,-1
2021010335180,2021,010335180,2,9,0,99,99,9,9,99,99,9,9,99,9,99,9,9,6,6,3,-1,-1,1790,8,9,TOYOTA PRIUS,-1,-1,0,-1
2021430409596,2021,430409596,2,9,0,18,19,2,6,0,0,0,0,0,0,0,1,1,6,6,1,31,6,1797,8,7,TOYOTA PRIUS,2,E01016819,0,-1
2021010342270,2021,010342270,2,9,0,2,2,0,0,0,0,1,0,0,0,0,3,1,6,6,3,-1,-1,1797,8,6,TOYOTA PRIUS,-1,-1,0,-1
2021010329877,2021,010329877,1,9,0,4,4,1,5,0,0,2,0,0,0,0,2,1,2,2,1,29,6,1798,8,6,TOYOTA PRIUS,-1,-1,0,-1
2021010298112,2021,010298112,2,9,0,99,99,9,9,99,99,9,9,99,9,99,9,9,6,6,1,60,9,1797,8,6,TOYOTA PRIUS,4,E01003683,0,-1
2021010312546,2021,010312546,1,8,0,4,4,3,7,0,0,1,0,0,0,0,3,1,1,1,1,44,7,1798,8,8,TOYOTA PRIUS,5,E01000474,0,-1
2021440487015,2021,440487015,2,9,0,18,19,1,5,0,0,1,0,0,0,0,3,1,1,1,1,60,9,1791,8,9,TOYOTA PRIUS,2,E01017216,0,-1
2021041094771,2021,041094771,1,9,0,18,19,8,4,0,0,0,0,0,0,0,1,2,5,6,1,34,6,1797,8,11,TOYOTA PRIUS,2,E01025244,0,-1
2021010304693,2021,010304693,2,8,0,99,99,9,9,99,99,9,9,99,9,99,9,9,6,6,3,-1,-1,1798,8,9,TOYOTA PRIUS,-1,-1,0,-1
2021201104533,2021,201104533,2,9,0,7,7,4,6,0,0,1,0,0,0,0,2,1,3,7,1,40,7,1797,8,6,TOYOTA PRIUS,2,E01009833,0,-1
2021010332887,2021,010332887,2,9,0,5,5,3,7,0,0,6,0,0,0,0,1,1,1,1,1,54,8,1797,8,10,TOYOTA PRIUS,3,E01001717,0,-1
2021010335454,2021,010335454,1,8,0,18,19,3,7,0,0,2,0,0,0,0,1,1,1,1,1,49,8,1798,8,9,TOYOTA PRIUS,3,E01004536,0,-1
2021010333784,2021,010333784,1,9,0,9,9,4,2,0,0,5,0,11,0,0,1,1,3,7,2,31,6,1798,8,4,TOYOTA PRIUS,4,E01001142,0,-1
2021161105680,2021,161105680,1,9,0,18,19,3,7,0,0,1,0,0,0,0,1,1,6,6,1,-1,-1,1798,8,5,TOYOTA PRIUS,7,E01013333,0,-1
2021041034801,2021,041034801,2,9,0,18,19,5,1,0,0,0,0,0,0,0,2,1,1,1,1,36,7,1497,8,15,TOYOTA PRIUS,2,E01004828,0,-1
2021010295560,2021,010295560,1,8,0,7,7,1,3,0,0,5,0,0,0,0,1,1,6,6,1,37,7,1791,8,9,TOYOTA PRIUS,3,E01003571,0,-1
2021010339022,2021,010339022,1,9,0,4,4,7,3,0,0,1,0,0,0,0,4,1,2,2,1,40,7,1798,8,6,TOYOTA PRIUS,4,E01001323,0,-1
2021010318807,2021,010318807,2,8,0,99,99,9,9,99,99,9,9,99,9,99,1,9,6,6,3,-1,-1,1797,8,8,TOYOTA PRIUS,1,E01001155,0,-1
202134WNC0641,2021,34WNC0641,2,8,0,18,19,3,7,0,0,8,0,0,0,0,1,1,1,1,1,37,7,1797,8,12,TOYOTA PRIUS,2,E01027170,0,-1
2021411086839,2021,411086839,2,9,0,18,19,7,3,0,0,0,0,0,0,0,1,1,1,1,1,46,8,1797,8,11,TOYOTA PRIUS,4,E01015755,0,-1
2021430394525,2021,430394525,2,9,0,18,19,8,4,0,0,0,0,0,0,0,2,1,6,6,1,50,8,1798,8,4,TOYOTA PRIUS,5,E01017844,0,-1
2021010304144,2021,010304144,2,9,0,18,19,1,5,0,0,3,0,0,9,0,1,9,6,6,1,32,6,1798,8,5,TOYOTA PRIUS,4,E01004526,0,-1
2021010352109,2021,010352109,1,9,0,10,10,2,8,0,0,1,0,0,0,0,4,1,1,1,1,41,7,1798,8,2,TOYOTA PRIUS,7,E01000309,0,-1
20211383O1046,2021,1383O1046,2,8,0,9,9,8,5,0,0,8,0,0,0,0,3,1,1,1,1,49,8,1797,8,11,TOYOTA PRIUS,1,E01010624,0,-1
2021061108776,2021,061108776,1,9,0,9,9,3,8,0,0,1,0,0,0,0,1,1,6,6,3,30,6,1797,8,11,TOYOTA PRIUS,-1,-1,0,-1
2021131036223,2021,131036223,1,9,0,9,9,3,1,0,0,1,0,0,0,0,1,1,1,1,1,42,7,1798,8,7,TOYOTA PRIUS,1,E01010830,0,-1
2021010320484,2021,010320484,2,9,0,99,99,9,9,99,99,9,9,99,9,99,1,9,6,6,3,-1,-1,1797,8,11,TOYOTA PRIUS,-1,-1,0,-1
2021010321302,2021,010321302,2,8,0,99,99,9,9,99,99,0,9,99,9,99,1,9,6,6,3,-1,-1,1797,8,10,TOYOTA PRIUS,-1,-1,0,-1
2021010316127,2021,010316127,1,9,0,9,9,3,2,0,0,3,0,0,0,0,1,1,6,6,1,55,8,1797,8,6,TOYOTA PRIUS,3,E01001552,0,-1
2021010347080,2021,010347080,1,9,0,4,4,5,1,0,0,1,0,0,0,0,2,1,6,6,1,43,7,1797,8,2,TOYOTA PRIUS,4,E01000286,0,-1
2021138430208,2021,138430208,5,9,0,2,2,0,0,0,0,0,0,0,0,0,3,1,6,6,3,-1,-1,1790,8,6,TOYOTA PRIUS,-1,-1,0,-1
2021401112842,2021,401112842,2,9,0,18,19,3,7,0,0,8,0,0,0,0,4,1,1,1,1,36,7,1798,8,3,TOYOTA PRIUS,4,E01015711,0,-1
2021061099246,2021,061099246,1,9,0,18,19,7,3,0,0,0,0,0,0,0,1,1,1,1,1,42,7,1797,8,9,TOYOTA PRIUS,2,E01006726,0,-1
2021010297467,2021,010297467,1,9,0,18,19,6,2,0,0,1,0,0,0,0,2,1,6,6,1,49,8,1797,8,5,TOYOTA PRIUS,9,E01000832,0,-1
2021010301780,2021,010301780,2,8,0,18,19,7,3,0,0,0,0,0,0,0,2,1,6,6,1,-1,-1,1797,8,11,TOYOTA PRIUS,3,E01000222,0,-1
2021010320386,2021,010320386,1,8,0,99,99,9,9,99,99,9,9,99,9,99,9,9,6,6,1,35,6,1798,8,6,TOYOTA PRIUS,2,E01000902,0,-1
2021010328094,2021,010328094,6,9,0,2,2,0,0,0,0,1,0,0,0,0,3,1,6,6,3,-1,-1,1497,8,16,TOYOTA PRIUS,-1,-1,0,-1
2021010290572,2021,010290572,1,9,0,99,99,9,9,99,99,9,9,99,9,99,2,9,2,2,1,46,8,1798,8,6,TOYOTA PRIUS,6,E01003755,0,-1
2021010316433,2021,010316433,1,9,0,18,19,5,1,0,0,1,0,0,0,0,1,1,6,6,1,33,6,1798,8,4,TOYOTA PRIUS,6,E01002670,0,-1
2021010330480,2021,010330480,2,9,0,18,19,7,3,0,0,1,0,0,0,0,1,1,1,1,1,44,7,1798,8,2,TOYOTA PRIUS,1,E01004311,0,-1
2021010337948,2021,010337948,1,9,0,7,7,8,2,2,2,5,0,0,0,0,4,1,6,6,1,46,8,1797,8,7,TOYOTA PRIUS,4,E01003771,0,-1