collision_index,collision_year,collision_ref_no,vehicle_reference,vehicle_type,towing_and_articulation,vehicle_manoeuvre_historic,vehicle_manoeuvre,vehicle_direction_from,vehicle_direction_to,vehicle_location_restricted_lane_historic,vehicle_location_restricted_lane,junction_location,skidding_and_overturning,hit_object_in_carriageway,vehicle_leaving_carriageway,hit_object_off_carriageway,first_point_of_impact,vehicle_left_hand_drive,journey_purpose_of_driver_historic,journey_purpose_of_driver,sex_of_driver,age_of_driver,age_band_of_driver,engine_capacity_cc,propulsion_code,age_of_vehicle,generic_make_model,driver_imd_decile,lsoa_of_driver,escooter_flag,driver_distance_banding
2021010333801,2021,010333801,1,9,0,9,9,5,3,0,0,6,0,0,0,0,1,1,1,1,1,35,6,1798,8,2,TOYOTA PRIUS,-1,-1,0,-1
2021440299814,2021,440299814,4,9,0,4,4,6,2,0,0,0,0,0,0,0,1,1,6,6,1,31,6,1497,8,16,TOYOTA PRIUS,6,E01022677,0,-1
2021201097849,2021,201097849,2,9,0,9,9,5,2,0,0,6,0,0,0,0,1,1,6,6,1,55,8,1798,8,6,TOYOTA PRIUS,1,E01033628,0,-1
2021010317419,2021,010317419,2,9,0,99,99,9,9,99,99,9,9,99,9,99,9,9,6,6,3,-1,-1,1791,8,9,TOYOTA PRIUS,-1,-1,0,-1
2021991032090,2021,991032090,1,8,0,1,1,2,6,0,0,0,0,0,0,0,2,1,6,6,2,32,6,1797,8,9,TOYOTA PRIUS,6,-1,0,-1
2021010313231,2021,010313231,1,9,0,6,6,1,1,0,0,2,0,0,0,0,3,1,6,6,1,20,4,1797,8,10,TOYOTA PRIUS,3,E01004633,0,-1
2021421091669,2021,421091669,2,8,2,5,5,6,6,0,0,0,4,0,0,0,1,1,5,6,1,36,7,1798,8,3,TOYOTA PRIUS,3,E01001267,0,-1
2021010313763,2021,010313763,2,8,0,99,99,9,9,99,99,9,9,99,9,99,1,9,6,6,3,-1,-1,1798,8,5,TOYOTA PRIUS,2,E01003732,0,-1
2021010289081,2021,010289081,1,9,0,18,19,1,5,0,0,1,0,0,0,0,2,1,6,6,1,58,9,1795,8,9,TOYOTA PRIUS,3,E01001784,0,-1
2021131081639,2021,131081639,1,8,0,18,19,3,7,0,0,8,0,0,0,0,1,1,1,1,1,33,6,1798,8,5,TOYOTA PRIUS,3,E01011035,0,-1
2021010301285,2021,010301285,1,8,0,9,9,1,6,0,0,5,0,0,3,0,1,1,1,1,1,50,8,1798,8,4,TOYOTA PRIUS,3,E01001874,0,-1
2021010317874,2021,010317874,1,9,0,7,7,6,1,0,0,8,0,0,0,0,3,1,1,1,1,33,6,1797,8,6,TOYOTA PRIUS,3,E01002064,0,-1
202134WNC5381,2021,34WNC5381,1,9,0,18,19,5,3,0,0,0,0,0,0,0,1,1,1,1,1,43,7,1497,8,14,TOYOTA PRIUS,3,E01027180,0,-1
2021010337226,2021,010337226,2,9,0,18,19,7,3,0,0,8,0,0,0,0,0,1,1,1,1,19,4,1797,8,10,TOYOTA PRIUS,4,E01000313,0,-1
2021010320910,2021,010320910,2,9,0,18,19,3,7,0,0,1,0,0,0,0,1,1,6,6,3,-1,-1,1798,8,9,TOYOTA PRIUS,-1,-1,0,-1
2021451027839,2021,451027839,1,9,0,5,5,3,3,0,0,3,0,0,0,0,3,1,1,1,1,51,8,1798,8,8,TOYOTA PRIUS,4,E01031610,0,-1
2021010308013,2021,010308013,1,8,0,99,99,9,9,99,99,9,9,99,9,99,2,9,6,6,1,49,8,1797,8,10,TOYOTA PRIUS,7,E01002220,0,-1
2021010297563,2021,010297563,1,9,0,18,19,7,3,0,0,1,0,0,0,0,2,1,1,1,1,55,8,1798,8,5,TOYOTA PRIUS,7,E01002172,0,-1
2021401019076,2021,401019076,1,9,0,5,5,8,1,0,0,0,0,0,0,0,2,1,1,1,1,39,7,1497,8,13,TOYOTA PRIUS,2,E01015733,0,-1
2021010345129,2021,010345129,3,9,0,18,19,1,5,0,0,8,0,10,0,0,2,1,1,1,1,51,8,1797,8,2,TOYOTA PRIUS,2,E01001791,0,-1
2021411097109,2021,411097109,2,9,0,16,19,8,4,0,0,0,0,0,0,0,3,1,2,2,1,54,8,1497,8,14,TOYOTA PRIUS,6,E01021472,0,-1
2021010333950,2021,010333950,1,9,0,99,99,9,9,99,99,0,9,99,9,99,2,9,2,2,2,32,6,1797,8,12,TOYOTA PRIUS,2,E01004287,0,-1
2021010337190,2021,010337190,2,8,9,99,99,9,9,99,99,9,9,99,9,99,9,9,6,6,3,-1,-1,1798,8,2,TOYOTA PRIUS,-1,-1,0,-1
2021070788041,2021,070788041,2,9,0,18,19,1,5,0,0,3,0,0,0,0,1,1,3,7,1,42,7,1790,1,12,TOYOTA PRIUS,3,E01012497,0,-1
2021010318156,2021,010318156,1,9,0,7,7,5,8,0,0,8,0,0,0,0,4,1,6,6,1,39,7,1497,8,13,TOYOTA PRIUS,3,E01001825,0,-1
2021010288333,2021,010288333,2,9,0,99,99,9,9,99,99,9,9,99,9,99,9,9,6,6,3,-1,-1,1797,8,11,TOYOTA PRIUS,-1,-1,0,-1
2021010310038,2021,010310038,2,8,0,5,5,3,7,0,0,1,0,0,0,0,0,1,6,6,1,52,8,1797,8,3,TOYOTA PRIUS,4,E01001221,0,-1
2021010328264,2021,010328264,2,9,0,99,99,9,9,99,99,0,9,99,9,99,2,9,6,6,3,-1,-1,1798,8,8,TOYOTA PRIUS,-1,-1,0,-1
2021010350096,2021,010350096,1,9,0,5,5,6,2,0,0,0,0,0,0,0,4,1,6,6,3,40,7,1798,8,8,TOYOTA PRIUS,-1,-1,0,-1
2021401054374,2021,401054374,3,9,0,4,4,4,8,0,0,0,0,0,0,0,2,1,5,6,1,40,7,1798,8,4,TOYOTA PRIUS,6,E01015775,0,-1
2021302100710,2021,302100710,1,8,0,5,5,6,2,0,0,8,0,0,0,0,3,1,1,1,1,44,7,1790,8,8,TOYOTA PRIUS,2,E01013565,0,-1
2021201036968,2021,201036968,1,9,0,7,7,2,4,0,0,5,0,0,0,0,1,1,6,6,1,42,7,1797,8,7,TOYOTA PRIUS,2,E01033629,0,-1
2021440395016,2021,440395016,1,8,0,1,1,1,5,0,0,0,0,0,0,0,3,1,1,1,1,57,9,1798,8,5,TOYOTA PRIUS,2,E01017153,0,-1
2021522102969,2021,522102969,1,8,0,5,5,7,3,0,0,8,0,0,0,0,1,1,6,6,1,30,6,1798,8,5,TOYOTA PRIUS,-1,-1,0,-1
2021010301084,2021,010301084,2,9,0,18,19,3,7,0,0,9,0,99,0,0,1,1,6,6,2,57,9,1497,8,18,TOYOTA PRIUS,-1,-1,0,-1
2021010328365,2021,010328365,2,9,0,7,7,5,6,0,0,8,0,0,0,0,1,1,6,6,1,51,8,1797,8,5,TOYOTA PRIUS,3,E01000984,0,-1
2021122101278,2021,122101278,1,8,0,7,7,6,8,0,0,8,0,0,0,0,4,1,1,1,1,-1,-1,1798,8,6,TOYOTA PRIUS,3,E01010835,0,-1
2021010312641,2021,010312641,1,9,0,18,19,5,1,0,0,0,0,0,0,0,1,1,3,7,1,39,7,1797,8,7,TOYOTA PRIUS,2,E01003298,0,-1
2021010290583,2021,010290583,2,8,0,99,99,9,9,99,99,9,9,99,9,99,1,9,6,6,1,62,9,1798,8,1,TOYOTA PRIUS,5,E01000310,0,-1
2021010345137,2021,010345137,2,9,0,3,3,2,6,0,0,0,0,0,0,0,2,1,1,1,1,43,7,1797,8,7,TOYOTA PRIUS,1,E01001958,0,-1
2021101038202,2021,101038202,1,8,0,18,19,7,2,0,0,0,0,0,0,0,1,1,1,1,1,63,9,1797,8,2,TOYOTA PRIUS,1,E01027542,0,-1
2021522101850,2021,522101850,1,9,0,18,19,7,3,0,0,0,0,0,0,0,1,1,6,6,1,33,6,1497,8,17,TOYOTA PRIUS,9,E01014862,0,-1
2021010344444,2021,010344444,2,8,0,18,19,1,5,0,0,2,0,0,0,0,4,1,1,1,1,31,6,1798,8,4,TOYOTA PRIUS,4,E01001480,0,-1
2021201062656,2021,201062656,2,9,0,5,5,4,8,0,0,6,0,0,0,0,3,1,1,1,1,31,6,1798,8,4,TOYOTA PRIUS,1,E01008907,0,-1
2021010347721,2021,010347721,2,8,0,18,19,3,7,0,0,8,0,0,0,0,1,1,1,1,1,63,9,1797,8,8,TOYOTA PRIUS,8,E01002159,0,-1
2021010298159,2021,010298159,1,9,0,16,19,7,1,0,0,3,1,0,0,0,1,1,6,6,1,51,8,1798,8,4,TOYOTA PRIUS,-1,-1,0,-1
2021522102835,2021,522102835,1,9,0,11,11,4,7,0,0,3,0,0,0,0,4,1,6,6,1,50,8,1798,8,4,TOYOTA PRIUS,1,E01014653,0,-1
2021440337643,2021,440337643,2,9,0,18,19,1,5,0,0,0,0,0,0,0,2,1,6,6,1,48,8,1798,8,5,TOYOTA PRIUS,1,E01032887,0,-1
2021430300435,2021,430300435,3,9,0,18,19,6,2,0,0,0,0,0,0,0,1,1,6,6,2,74,10,1798,8,3,TOYOTA PRIUS,10,E01017797,0,-1
2021010322403,2021,010322403,2,9,0,99,99,9,9,0,0,9,0,99,0,0,9,9,6,6,1,-1,-1,1797,8,7,TOYOTA PRIUS,3,E01003014,0,-1
2021010308725,2021,010308725,1,9,0,18,19,1,5,0,0,6,0,0,0,0,1,2,1,1,1,56,9,1798,8,2,TOYOTA PRIUS,1,E01004005,0,-1
2021010304736,2021,010304736,2,9,0,99,99,9,9,99,99,9,9,99,9,99,1,9,6,6,1,56,9,1797,8,8,TOYOTA PRIUS,2,E01002002,0,-1
2021010340944,2021,010340944,1,9,0,18,19,8,4,0,0,1,0,0,0,0,2,1,1,1,1,35,6,1797,8,7,TOYOTA PRIUS,7,E01001308,0,-1
2021041088540,2021,041088540,1,9,0,18,19,4,8,0,0,0,0,0,0,0,1,1,1,1,1,46,8,1797,8,7,TOYOTA PRIUS,1,E01025218,0,-1
2021010334808,2021,010334808,2,9,0,99,99,9,9,99,99,9,9,99,9,99,1,9,6,6,3,50,8,1798,8,7,TOYOTA PRIUS,2,E01000483,0,-1
2021010305312,2021,010305312,2,9,0,18,19,7,3,0,0,2,0,0,0,0,3,1,6,6,1,54,8,1798,8,8,TOYOTA PRIUS,1,E01004300,0,-1
2021010300649,2021,010300649,2,8,0,99,99,9,9,99,99,9,9,99,9,99,9,9,6,6,3,-1,-1,1797,8,5,TOYOTA PRIUS,4,E01015888,0,-1
2021451117818,2021,451117818,1,9,0,18,19,3,7,0,0,1,0,0,0,0,1,1,1,1,1,53,8,1790,8,5,TOYOTA PRIUS,8,E01001024,0,-1
2021010307286,2021,010307286,2,9,0,99,99,9,9,99,99,9,9,99,9,99,9,9,6,6,3,51,8,1797,8,8,TOYOTA PRIUS,3,E01004429,0,-1
2021010312139,2021,010312139,1,9,0,9,9,3,1,0,0,1,0,0,0,0,2,1,1,1,1,45,7,1797,8,3,TOYOTA PRIUS,4,E01033727,0,-1
2021010305662,2021,010305662,2,8,0,9,9,1,6,0,0,1,0,0,0,0,2,1,6,6,1,51,8,1797,8,9,TOYOTA PRIUS,6,E01004588,0,-1
2021010301687,2021,010301687,1,9,0,6,6,5,5,0,0,0,0,0,0,0,3,1,1,1,1,31,6,1797,8,11,TOYOTA PRIUS,9,E01023676,0,-1
2021141041371,2021,141041371,1,9,0,9,9,8,1,0,0,8,0,0,0,0,3,1,1,1,1,47,8,1798,8,8,TOYOTA PRIUS,1,E01007727,0,-1
2021010308080,2021,010308080,1,9,0,18,19,5,1,0,0,2,0,0,0,0,1,1,6,6,1,51,8,1797,8,11,TOYOTA PRIUS,2,E01001010,0,-1
2021010317969,2021,010317969,2,9,0,99,99,9,9,99,99,9,9,99,9,99,9,9,6,6,1,52,8,1798,8,4,TOYOTA PRIUS,3,E01004677,0,-1
2021010317638,2021,010317638,1,9,0,9,9,7,4,0,0,1,0,0,0,0,1,1,1,1,1,41,7,1797,8,8,TOYOTA PRIUS,2,E01003551,0,-1
2021010328978,2021,010328978,1,8,0,99,99,9,9,99,99,9,9,99,9,99,2,9,1,1,1,35,6,1797,8,7,TOYOTA PRIUS,4,E01017570,0,-1
2021010323772,2021,010323772,1,8,0,9,9,4,1,2,2,8,0,0,0,0,0,1,1,1,1,52,8,1797,8,10,TOYOTA PRIUS,4,E01001140,0,-1
2021010328324,2021,010328324,2,9,9,99,99,9,9,99,99,9,9,99,9,99,9,9,6,6,3,-1,-1,1497,8,13,TOYOTA PRIUS,-1,-1,0,-1
2021010350806,2021,010350806,1,9,0,18,19,1,5,0,0,8,0,0,0,0,1,1,1,1,1,36,7,1797,8,8,TOYOTA PRIUS,5,E01003700,0,-1
2021010321229,2021,010321229,2,9,0,7,7,8,2,0,0,1,1,0,0,0,1,2,6,6,2,36,7,1497,8,12,TOYOTA PRIUS,9,E01001063,0,-1
2021010301597,2021,010301597,1,9,0,5,5,3,7,0,0,7,0,0,0,0,1,1,6,6,2,50,8,1497,8,13,TOYOTA PRIUS,4,E01001285,0,-1
2021010303492,2021,010303492,2,9,0,5,5,5,1,0,0,4,1,10,0,0,1,1,6,6,2,46,8,1497,8,13,TOYOTA PRIUS,3,E01000009,0,-1
2021010340317,2021,010340317,2,9,0,99,99,9,9,99,99,9,9,99,9,99,1,9,6,6,3,-1,-1,1798,8,6,TOYOTA PRIUS,-1,-1,0,-1
2021010299050,2021,010299050,2,9,0,7,7,5,8,0,0,1,0,0,0,0,1,1,1,1,1,40,7,1797,8,11,TOYOTA PRIUS,2,E01016463,0,-1
2021010317129,2021,010317129,1,9,0,99,99,9,9,99,99,9,9,99,9,99,9,9,6,6,1,25,5,1797,8,10,TOYOTA PRIUS,4,E01001037,0,-1
202131C030321,2021,31C030321,1,8,0,18,19,3,7,0,0,0,0,0,0,0,1,1,1,1,1,37,7,1798,8,4,TOYOTA PRIUS,2,E01013918,0,-1
2021010322570,2021,010322570,4,9,0,2,2,0,0,0,0,1,0,0,0,0,2,1,6,6,3,-1,-1,1497,8,15,TOYOTA PRIUS,-1,-1,0,-1
2021010303594,2021,010303594,1,9,0,18,19,1,5,0,0,2,0,0,0,0,1,1,1,1,1,55,8,1797,8,10,TOYOTA PRIUS,-1,-1,0,-1
2021010306053,2021,010306053,1,9,0,4,4,5,1,0,0,1,0,4,0,0,1,1,2,2,1,33,6,1797,8,12,TOYOTA PRIUS,3,E01002057,0,-1
2021201113070,2021,201113070,1,9,0,18,19,4,8,0,0,1,0,0,0,0,1,1,6,6,1,-1,-1,1797,8,11,TOYOTA PRIUS,-1,-1,0,-1
2021010289598,2021,010289598,1,8,0,99,99,9,9,99,99,9,9,99,9,99,1,9,6,6,1,52,8,1798,8,5,TOYOTA PRIUS,2,E01003229,0,-1
2021010350424,2021,010350424,1,9,0,9,9,5,3,0,0,1,0,0,0,0,1,1,1,1,1,51,8,1798,8,5,TOYOTA PRIUS,5,E01000468,0,-1
2021010306572,2021,010306572,1,9,0,18,19,1,5,0,0,1,0,0,0,0,2,1,6,6,1,-1,-1,1798,8,2,TOYOTA PRIUS,7,E01001904,0,-1
2021010308827,2021,010308827,1,8,9,99,99,9,9,0,0,1,9,0,0,0,0,1,2,2,1,52,8,1798,8,3,TOYOTA PRIUS,6,E01001519,0,-1
2021141079655,2021,141079655,1,9,0,5,5,1,1,0,0,0,0,0,0,0,4,1,1,1,1,32,6,1797,8,12,TOYOTA PRIUS,2,E01008107,0,-1
2021141047978,2021,141047978,1,8,0,18,19,7,3,0,0,1,0,0,0,0,1,1,1,1,1,32,6,1797,8,12,TOYOTA PRIUS,2,E01008107,0,-1
2021010306792,2021,010306792,2,9,0,10,10,7,4,0,0,5,0,0,0,0,3,1,1,1,1,42,7,1798,8,8,TOYOTA PRIUS,-1,-1,0,-1
2021010307164,2021,010307164,1,9,0,18,19,1,5,0,0,1,0,0,0,0,1,1,6,6,1,36,7,1798,8,9,TOYOTA PRIUS,1,E01033153,0,-1
2021010317610,2021,010317610,1,8,0,5,5,1,5,0,0,2,0,0,0,0,0,1,1,1,1,62,9,1798,8,9,TOYOTA PRIUS,5,E01001499,0,-1
2021010311058,2021,010311058,1,8,0,18,19,5,1,0,0,0,0,0,0,0,2,1,1,1,1,47,8,1798,8,8,TOYOTA PRIUS,3,E01000125,0,-1
2021010338803,2021,010338803,2,9,0,18,19,3,7,0,0,1,0,0,0,0,4,1,1,1,1,29,6,1790,8,9,TOYOTA PRIUS,7,E01000118,0,-1
2021451119436,2021,451119436,1,8,0,5,5,1,5,0,0,0,0,0,0,0,0,1,5,6,1,45,7,1797,8,8,TOYOTA PRIUS,9,E01031589,0,-1
2021010309028,2021,010309028,1,9,0,7,7,7,1,0,0,1,0,0,0,0,1,1,2,2,1,51,8,1797,8,8,TOYOTA PRIUS,1,E01001740,0,-1
2021010310210,2021,010310210,2,9,0,99,99,9,9,99,99,0,9,99,9,99,1,9,6,6,3,-1,-1,1797,8,11,TOYOTA PRIUS,-1,-1,0,-1
2021010319472,2021,010319472,1,8,0,18,19,1,5,0,0,8,0,0,0,0,1,1,1,1,1,38,7,1797,8,5,TOYOTA PRIUS,-1,-1,0,-1
2021010310208,2021,010310208,1,8,0,9,9,3,8,0,0,5,0,0,0,0,4,1,1,1,1,49,8,1797,8,3,TOYOTA PRIUS,3,E01001688,0,-1
2021010323005,2021,010323005,1,9,0,99,99,9,9,99,99,9,9,99,9,99,9,9,6,6,1,-1,-1,1797,8,11,TOYOTA PRIUS,1,E01004236,0,-1
2021010324492,2021,010324492,2,9,0,3,3,1,5,0,0,1,0,0,0,0,4,1,2,2,1,44,7,1798,8,7,TOYOTA PRIUS,2,E01001509,0,-1
2021451115621,2021,451115621,2,9,0,18,19,6,2,0,0,0,0,0,0,0,1,1,1,1,1,45,7,1798,8,3,TOYOTA PRIUS,7,E01030968,0,-1
2021010342540,2021,010342540,2,9,0,99,99,9,9,99,99,9,9,99,9,99,1,9,6,6,3,-1,-1,1797,8,6,TOYOTA PRIUS,3,E01000089,0,-1
2021010295664,2021,010295664,1,8,0,99,99,9,9,99,99,9,9,99,9,99,9,9,6,6,1,51,8,1790,8,9,TOYOTA PRIUS,4,E01002425,0,-1
2021131109643,2021,131109643,2,9,0,18,19,8,4,0,0,8,0,0,7,0,1,1,1,1,1,45,7,1797,8,11,TOYOTA PRIUS,2,E01010804,0,-1
2021010291709,2021,010291709,1,9,0,4,4,1,5,0,0,0,0,0,0,0,2,1,1,1,1,47,8,1798,8,7,TOYOTA PRIUS,-1,-1,0,-1
2021010293852,2021,010293852,1,8,0,5,5,0,2,0,0,0,0,99,0,0,0,1,1,1,1,34,6,1798,8,6,TOYOTA PRIUS,2,E01002634,0,-1
2021010309712,2021,010309712,1,9,0,7,7,1,4,0,0,6,0,0,1,0,1,1,6,6,1,40,7,1497,8,13,TOYOTA PRIUS,4,E01002055,0,-1
2021010330803,2021,010330803,2,9,0,99,99,9,9,99,99,0,9,99,9,99,9,9,6,6,3,-1,-1,1797,8,12,TOYOTA PRIUS,6,E01002639,0,-1
2021061065915,2021,061065915,2,9,0,18,19,3,7,0,0,1,0,0,0,0,3,1,1,1,1,64,9,1797,8,7,TOYOTA PRIUS,1,E01004853,0,-1
2021010296653,2021,010296653,1,8,0,99,99,9,9,99,99,0,9,99,9,99,2,9,6,6,1,42,7,1797,8,3,TOYOTA PRIUS,1,E01003517,0,-1
2021010301783,2021,010301783,1,9,0,18,19,3,7,0,0,0,0,0,0,0,1,1,1,1,1,26,6,1798,8,8,TOYOTA PRIUS,4,E01002342,0,-1
2021010351836,2021,010351836,1,8,0,99,99,9,9,99,99,9,9,99,9,99,2,9,6,6,1,47,8,1797,8,7,TOYOTA PRIUS,4,E01000112,0,-1
2021622100473,2021,622100473,2,8,0,18,19,8,4,0,0,0,0,0,0,0,2,1,1,1,1,52,8,1797,8,7,TOYOTA PRIUS,10,W01001735,0,-1
2021010317631,2021,010317631,2,9,9,99,99,9,9,99,99,9,9,99,9,99,9,1,6,6,1,-1,-1,1797,8,11,TOYOTA PRIUS,-1,-1,0,-1
2021010314891,2021,010314891,1,9,0,18,19,5,1,0,0,0,0,0,0,0,3,1,1,1,1,50,8,1798,8,5,TOYOTA PRIUS,2,E01033698,0,-1
2021501026957,2021,501026957,2,8,0,6,6,0,0,0,0,0,0,0,0,0,4,1,1,1,1,41,7,1798,8,5,TOYOTA PRIUS,5,E01020006,0,-1
2021010294013,2021,010294013,2,8,0,99,99,9,9,99,99,9,9,99,9,99,9,9,6,6,3,-1,-1,1798,8,7,TOYOTA PRIUS,-1,-1,0,-1
2021010325292,2021,010325292,1,8,0,99,99,9,9,99,99,9,9,99,9,99,2,9,6,6,3,58,9,1798,8,6,TOYOTA PRIUS,2,E01000143,0,-1
2021010350493,2021,010350493,1,9,0,18,19,7,3,0,0,0,0,0,0,0,2,1,1,1,1,47,8,1798,8,6,TOYOTA PRIUS,3,E01004422,0,-1
2021131109664,2021,131109664,1,9,0,18,19,1,1,0,0,0,0,0,0,0,2,1,6,6,2,40,7,1497,8,13,TOYOTA PRIUS,7,E01011595,0,-1
2021010341514,2021,010341514,1,8,0,5,5,7,3,0,0,0,0,0,0,0,1,1,1,1,1,70,10,1797,8,10,TOYOTA PRIUS,2,E01001477,0,-1
2021010307274,2021,010307274,1,9,0,4,4,3,7,0,0,2,0,0,0,0,2,1,1,1,1,41,7,1797,8,8,TOYOTA PRIUS,8,-1,0,-1
2021010323073,2021,010323073,1,9,0,5,5,0,1,0,0,6,0,0,0,0,1,1,6,6,1,50,8,1497,8,13,TOYOTA PRIUS,-1,-1,0,-1
2021010312008,2021,010312008,2,9,9,99,99,9,9,99,99,9,9,99,9,99,9,9,6,6,3,-1,-1,1797,8,10,TOYOTA PRIUS,3,E01002627,0,-1
2021041106503,2021,041106503,1,9,0,9,9,3,7,0,0,6,0,0,0,0,4,1,6,6,1,76,11,1497,8,15,TOYOTA PRIUS,3,E01012588,0,-1
2021201149719,2021,201149719,1,9,0,18,19,2,6,0,0,1,0,0,0,0,1,1,6,6,1,-1,-1,1798,8,3,TOYOTA PRIUS,-1,-1,0,-1
2021991085503,2021,991085503,2,9,0,9,9,1,5,0,0,0,0,0,0,0,4,1,5,6,1,23,5,1798,8,3,TOYOTA PRIUS,8,E01025105,0,-1
2021010316883,2021,010316883,1,9,0,5,5,1,5,0,0,1,0,0,1,0,1,1,1,1,1,43,7,1797,8,2,TOYOTA PRIUS,2,E01000930,0,-1
2021010290020,2021,010290020,2,9,0,18,19,7,3,0,0,0,0,0,0,0,1,1,1,1,1,33,6,1798,8,9,TOYOTA PRIUS,3,E01001326,0,-1
2021010312577,2021,010312577,1,8,0,18,19,5,1,7,6,0,0,4,0,0,1,1,1,1,1,35,6,1798,8,6,TOYOTA PRIUS,2,E01000095,0,-1
2021010340363,2021,010340363,2,9,0,6,6,5,5,0,0,0,0,0,0,0,0,1,1,1,1,32,6,1797,8,8,TOYOTA PRIUS,2,E01000023,0,-1
2021010308013,2021,010308013,2,9,0,99,99,9,9,99,99,9,9,99,9,99,1,9,6,6,3,45,7,1797,8,9,TOYOTA PRIUS,7,E01000572,0,-1
2021010301217,2021,010301217,2,9,0,99,99,9,9,99,99,9,9,99,9,99,9,9,6,6,3,-1,-1,1797,8,12,TOYOTA PRIUS,-1,-1,0,-1
2021010328520,2021,010328520,2,9,0,99,99,9,9,99,99,0,9,99,9,99,0,9,6,6,1,31,6,1798,8,5,TOYOTA PRIUS,1,E01004300,0,-1
2021010309001,2021,010309001,2,8,0,99,99,9,9,99,99,9,9,99,9,99,1,9,6,6,3,-1,-1,1800,8,7,TOYOTA PRIUS,2,E01000184,0,-1
2021201138782,2021,201138782,2,9,0,17,19,5,2,0,0,8,0,0,0,0,1,1,6,6,1,50,8,1797,8,6,TOYOTA PRIUS,1,E01009486,0,-1
2021201059356,2021,201059356,2,9,0,2,2,0,0,0,0,1,0,0,0,0,4,1,6,6,1,51,8,1797,8,10,TOYOTA PRIUS,-1,-1,0,-1
2021010310577,2021,010310577,1,9,0,7,7,8,1,0,0,3,0,0,0,0,1,1,1,1,1,40,7,1798,8,8,TOYOTA PRIUS,6,E01001527,0,-1
2021451076961,2021,451076961,2,9,0,18,19,1,5,0,0,2,0,0,0,0,1,1,5,6,1,45,7,1798,8,6,TOYOTA PRIUS,4,E01031562,0,-1
2021010323272,2021,010323272,2,8,0,9,9,1,7,0,0,8,0,0,0,0,4,1,1,1,1,38,7,1798,8,3,TOYOTA PRIUS,3,E01003405,0,-1
2021481095981,2021,481095981,1,8,0,2,2,2,6,0,0,0,0,0,0,0,4,1,1,1,1,47,8,1798,8,2,TOYOTA PRIUS,8,E01004480,0,-1
2021010315036,2021,010315036,2,9,0,99,99,9,9,0,0,0,0,0,0,0,2,9,6,6,3,52,8,1797,8,12,TOYOTA PRIUS,2,E01003783,0,-1
2021010337944,2021,010337944,1,8,0,99,99,9,9,99,99,9,9,99,9,99,9,9,6,6,1,38,7,1798,8,9,TOYOTA PRIUS,4,E01003722,0,-1
2021522106062,2021,522106062,2,9,0,18,19,8,4,0,0,8,0,10,0,0,1,1,6,6,1,39,7,1798,8,5,TOYOTA PRIUS,1,E01014655,0,-1
2021010288906,2021,010288906,2,8,0,99,99,9,9,99,99,9,9,99,9,99,9,9,6,6,3,48,8,1798,8,2,TOYOTA PRIUS,6,E01004218,0,-1
2021010341410,2021,010341410,1,9,0,4,4,1,5,0,0,1,0,0,0,0,4,1,3,7,1,39,7,1797,8,7,TOYOTA PRIUS,9,E01002116,0,-1
2021010319043,2021,010319043,2,9,0,7,7,5,8,0,0,5,0,0,0,0,4,2,1,1,1,61,9,1797,8,10,TOYOTA PRIUS,2,E01001775,0,-1
2021430272501,2021,430272501,1,8,0,18,19,8,4,0,0,0,0,0,0,0,1,1,1,1,1,51,8,1497,8,13,TOYOTA PRIUS,2,E01028517,0,-1
202131C052921,2021,31C052921,4,9,0,2,2,0,0,0,0,0,0,0,0,0,1,1,6,6,3,-1,-1,1797,8,12,TOYOTA PRIUS,-1,-1,0,-1
2021010329199,2021,010329199,1,8,0,3,3,5,1,0,0,0,0,0,0,0,0,1,1,1,1,46,8,1798,8,2,TOYOTA PRIUS,4,E01000406,0,-1
2021131089019,2021,131089019,2,9,0,18,19,1,5,0,0,1,0,0,0,0,3,1,1,1,1,36,7,1797,8,6,TOYOTA PRIUS,9,E01006163,0,-1
2021201050743,2021,201050743,2,9,0,3,3,6,2,0,0,1,0,0,0,0,2,1,6,6,1,27,6,1797,8,7,TOYOTA PRIUS,1,E01033621,0,-1
2021010352108,2021,010352108,1,9,0,18,19,3,7,9,9,8,0,0,0,0,1,1,6,6,1,21,5,1797,8,11,TOYOTA PRIUS,6,E01000582,0,-1
2021010329203,2021,010329203,1,9,0,18,19,1,5,6,6,8,0,0,0,0,4,1,6,6,2,33,6,1797,8,8,TOYOTA PRIUS,5,E01003040,0,-1
2021361121552,2021,361121552,1,9,0,18,19,7,3,0,0,1,0,0,0,0,1,1,5,6,2,48,8,1797,8,11,TOYOTA PRIUS,4,E01026665,0,-1
2021010330775,2021,010330775,2,8,0,99,99,9,9,99,99,0,9,99,9,99,9,9,6,6,3,57,9,1798,8,9,TOYOTA PRIUS,8,E01002975,0,-1
2021061108169,2021,061108169,2,9,0,3,3,6,2,0,0,1,0,0,0,0,2,1,1,1,1,44,7,1797,8,10,TOYOTA PRIUS,1,E01005952,0,-1
2021010334606,2021,010334606,2,9,0,99,99,9,9,99,99,9,9,99,9,99,1,9,6,6,3,59,9,1797,8,2,TOYOTA PRIUS,2,E01003304,0,-1
2021451094344,2021,451094344,1,9,0,10,10,1,6,0,0,6,0,0,0,0,3,1,1,1,1,44,7,1797,8,10,TOYOTA PRIUS,3,E01002589,0,-1
2021010351802,2021,010351802,2,9,0,18,19,3,7,0,0,5,1,0,0,0,2,1,6,6,1,50,8,1797,8,10,TOYOTA PRIUS,8,E01002207,0,-1
2021010329468,2021,010329468,1,8,0,99,99,9,9,99,99,0,9,99,9,99,2,9,2,2,1,62,9,1798,8,6,TOYOTA PRIUS,2,E01003595,0,-1