collision_index,collision_year,collision_ref_no,vehicle_reference,vehicle_type,towing_and_articulation,vehicle_manoeuvre_historic,vehicle_manoeuvre,vehicle_direction_from,vehicle_direction_to,vehicle_location_restricted_lane_historic,vehicle_location_restricted_lane,junction_location,skidding_and_overturning,hit_object_in_carriageway,vehicle_leaving_carriageway,hit_object_off_carriageway,first_point_of_impact,vehicle_left_hand_drive,journey_purpose_of_driver_historic,journey_purpose_of_driver,sex_of_driver,age_of_driver,age_band_of_driver,engine_capacity_cc,propulsion_code,age_of_vehicle,generic_make_model,driver_imd_decile,lsoa_of_driver,escooter_flag,driver_distance_banding
2021010300769,2021,010300769,1,9,0,99,99,9,9,99,99,9,9,99,9,99,2,9,6,6,1,43,7,1797,8,10,TOYOTA PRIUS,1,E01000524,0,-1
2021010314991,2021,010314991,1,8,0,99,99,9,9,99,99,9,9,99,9,99,4,9,6,6,1,43,7,1797,8,9,TOYOTA PRIUS,9,E01021477,0,-1
2021430345830,2021,430345830,1,9,0,3,3,5,1,0,0,2,0,0,0,0,2,1,6,6,1,47,8,1797,8,11,TOYOTA PRIUS,5,E01016369,0,-1
2021010303642,2021,010303642,2,8,9,99,99,9,9,99,99,9,9,99,9,99,9,9,6,6,1,57,9,1798,8,8,TOYOTA PRIUS,3,E01000109,0,-1
2021010345602,2021,010345602,3,9,0,18,19,7,3,0,0,1,0,4,0,0,1,1,1,1,1,40,7,1798,8,5,TOYOTA PRIUS,4,E01001247,0,-1
2021010340346,2021,010340346,2,9,0,99,99,9,9,99,99,0,9,99,9,99,1,9,6,6,3,-1,-1,1798,8,6,TOYOTA PRIUS,-1,-1,0,-1
2021010315945,2021,010315945,2,9,0,5,5,3,7,0,0,4,0,0,0,0,1,1,6,6,1,52,8,1800,8,9,TOYOTA PRIUS,2,E01004001,0,-1
2021010294616,2021,010294616,1,9,0,6,6,1,1,0,0,0,0,0,0,0,4,1,6,6,1,37,7,1797,8,10,TOYOTA PRIUS,1,E01001356,0,-1
2021351021130,2021,351021130,1,9,0,9,9,6,3,0,0,8,0,0,0,0,1,1,1,1,1,61,9,1798,8,5,TOYOTA PRIUS,6,E01015675,0,-1
2021302101345,2021,302101345,1,8,0,1,1,6,2,0,0,0,0,0,0,0,2,1,1,1,1,40,7,1797,8,10,TOYOTA PRIUS,1,E01013584,0,-1
2021010346697,2021,010346697,2,9,0,18,19,5,1,0,0,8,0,0,1,10,3,1,6,6,1,29,6,1797,8,10,TOYOTA PRIUS,6,E01002126,0,-1
2021421106854,2021,421106854,1,8,0,5,5,3,7,3,2,1,0,0,0,0,1,1,6,6,3,21,5,1798,8,7,TOYOTA PRIUS,-1,-1,0,-1
2021010320527,2021,010320527,1,8,0,99,99,9,9,99,99,9,9,99,9,99,2,9,1,1,1,37,7,1797,8,9,TOYOTA PRIUS,2,E01001777,0,-1
2021010333212,2021,010333212,2,8,0,9,9,3,1,0,0,8,0,0,0,0,1,1,1,1,1,61,9,1798,8,2,TOYOTA PRIUS,7,E01002965,0,-1
2021010304821,2021,010304821,2,8,0,99,99,9,9,99,99,9,9,99,9,99,9,9,6,6,3,40,7,1798,8,5,TOYOTA PRIUS,7,E01004510,0,-1
2021401042076,2021,401042076,2,9,0,4,4,2,6,0,0,1,0,0,0,0,1,1,6,6,1,-1,-1,1798,8,3,TOYOTA PRIUS,3,E01015715,0,-1
2021010346984,2021,010346984,1,9,0,2,2,0,0,0,0,1,1,4,0,0,1,1,6,6,3,-1,-1,1798,8,6,TOYOTA PRIUS,-1,-1,0,-1
2021041084439,2021,041084439,1,9,0,1,1,1,5,0,0,7,0,0,0,0,0,1,1,1,3,-1,-1,1798,8,6,TOYOTA PRIUS,-1,-1,0,-1
2021361109287,2021,361109287,2,9,0,18,19,8,4,0,0,0,0,0,1,0,4,1,5,6,2,76,11,1497,8,15,TOYOTA PRIUS,10,E01026811,0,-1
2021041043123,2021,041043123,2,9,0,18,19,1,3,0,0,2,0,0,1,0,1,1,5,6,1,39,7,1797,8,12,TOYOTA PRIUS,1,E01025042,0,-1
2021131055136,2021,131055136,2,9,0,18,19,1,5,0,0,1,0,0,0,0,1,1,5,6,1,57,9,1798,8,9,TOYOTA PRIUS,3,E01011257,0,-1
2021041092626,2021,041092626,2,9,0,18,19,1,1,0,0,1,0,0,0,0,1,1,6,6,2,46,8,1797,8,11,TOYOTA PRIUS,1,E01012657,0,-1
2021041047963,2021,041047963,1,9,0,5,5,5,1,0,0,8,0,0,0,0,4,1,1,1,1,38,7,1497,8,12,TOYOTA PRIUS,8,E01012581,0,-1
2021141082042,2021,141082042,2,9,0,9,9,1,6,0,0,6,0,0,0,0,1,1,5,6,1,24,5,1797,8,11,TOYOTA PRIUS,1,E01007766,0,-1
2021010296473,2021,010296473,1,9,0,99,99,9,9,99,99,0,9,99,9,99,9,9,6,6,1,20,4,1798,8,3,TOYOTA PRIUS,3,E01004303,0,-1
2021138140787,2021,138140787,1,9,0,18,19,5,5,0,0,0,0,0,0,0,1,1,6,6,1,58,9,1797,8,8,TOYOTA PRIUS,-1,-1,0,-1
2021010313232,2021,010313232,1,8,0,4,4,3,7,0,0,1,0,0,0,0,0,1,1,1,1,46,8,1797,8,5,TOYOTA PRIUS,6,E01001295,0,-1
2021010306340,2021,010306340,1,8,0,1,1,5,1,0,0,0,0,0,0,0,2,1,1,1,1,52,8,1797,8,9,TOYOTA PRIUS,3,E01033464,0,-1
2021052101810,2021,052101810,2,8,0,18,19,6,2,0,0,8,0,0,0,0,1,1,1,1,1,43,7,1798,8,8,TOYOTA PRIUS,3,E01006996,0,-1
2021010306199,2021,010306199,2,9,0,99,99,9,9,99,99,9,9,99,9,99,1,9,6,6,3,27,6,1497,8,13,TOYOTA PRIUS,5,E01001737,0,-1
2021010327362,2021,010327362,2,8,0,99,99,9,9,99,99,6,9,99,9,99,1,9,6,6,3,-1,-1,1798,8,6,TOYOTA PRIUS,-1,-1,0,-1
2021430332100,2021,430332100,1,8,0,5,5,8,2,0,0,0,0,0,0,0,1,1,1,1,1,30,6,1791,8,9,TOYOTA PRIUS,-1,-1,0,-1
2021010321863,2021,010321863,1,9,0,18,19,7,3,0,0,2,5,4,0,0,1,1,6,6,1,34,6,1798,8,4,TOYOTA PRIUS,5,E01002262,0,-1
2021010347375,2021,010347375,2,9,0,99,99,9,9,99,99,9,9,99,9,99,9,9,6,6,1,47,8,1797,8,6,TOYOTA PRIUS,2,E01000429,0,-1
2021101023565,2021,101023565,2,9,0,4,4,2,6,0,0,1,0,0,0,0,1,1,1,1,1,42,7,1797,8,10,TOYOTA PRIUS,2,E01008335,0,-1
2021010340196,2021,010340196,3,9,0,18,19,5,1,0,0,0,0,0,0,0,1,1,6,6,1,39,7,1497,8,14,TOYOTA PRIUS,6,E01024180,0,-1
2021201056301,2021,201056301,1,9,0,18,19,1,5,0,0,6,0,0,0,0,4,1,6,6,1,38,7,1797,8,11,TOYOTA PRIUS,3,E01009660,0,-1
2021461074901,2021,461074901,1,9,0,18,19,5,1,0,0,1,0,0,0,0,1,1,6,6,1,36,7,1797,8,12,TOYOTA PRIUS,8,E01016175,0,-1
2021361066491,2021,361066491,1,9,0,5,5,6,1,0,0,2,0,0,0,0,1,1,1,1,1,-1,-1,1798,8,4,TOYOTA PRIUS,1,E01026827,0,-1
2021010324530,2021,010324530,1,9,0,15,15,5,1,0,0,8,0,0,0,0,1,1,6,6,2,55,8,1797,8,9,TOYOTA PRIUS,2,E01000905,0,-1
2021010289192,2021,010289192,2,9,0,7,7,3,5,0,0,7,0,0,0,0,4,1,2,2,1,69,10,1797,8,11,TOYOTA PRIUS,4,E01003770,0,-1
2021010299934,2021,010299934,1,9,0,18,19,1,5,0,0,0,0,0,2,11,0,1,6,6,1,52,8,1798,8,7,TOYOTA PRIUS,1,E01001358,0,-1
2021131116394,2021,131116394,1,9,0,18,19,6,2,0,0,1,0,0,0,0,1,1,6,6,2,41,7,1797,8,7,TOYOTA PRIUS,1,E01010811,0,-1
2021201142226,2021,201142226,2,8,0,18,19,-1,-1,0,0,0,0,0,0,0,2,1,6,6,1,-1,-1,1797,8,6,TOYOTA PRIUS,-1,-1,0,-1
2021010297552,2021,010297552,2,9,0,99,99,9,9,99,99,9,9,99,9,99,1,9,6,6,3,-1,-1,1790,8,8,TOYOTA PRIUS,-1,-1,0,-1
2021010333257,2021,010333257,2,9,0,11,11,3,7,0,0,8,0,0,0,0,4,1,6,6,1,31,6,1797,8,7,TOYOTA PRIUS,2,E01003304,0,-1
2021010303372,2021,010303372,1,8,0,4,4,7,3,0,0,7,0,0,0,0,2,1,1,1,1,40,7,1797,8,2,TOYOTA PRIUS,3,E01000945,0,-1
2021201023312,2021,201023312,2,9,0,7,7,1,3,0,0,6,0,0,0,0,3,1,1,1,1,44,7,1497,8,14,TOYOTA PRIUS,3,E01010566,0,-1
2021010316055,2021,010316055,1,9,0,18,19,5,1,0,0,0,5,0,0,0,3,1,6,6,3,-1,-1,1797,8,11,TOYOTA PRIUS,-1,-1,0,-1
2021010291046,2021,010291046,2,9,0,99,99,9,9,99,99,9,9,99,9,99,2,9,6,6,3,49,8,1798,8,6,TOYOTA PRIUS,3,E01002404,0,-1
2021010337968,2021,010337968,3,8,0,10,10,5,3,0,0,1,0,4,0,0,2,1,1,1,1,43,7,1798,8,4,TOYOTA PRIUS,1,E01001431,0,-1
2021010325980,2021,010325980,1,8,0,99,99,9,9,99,99,9,9,99,9,99,2,9,6,6,3,35,6,1797,8,10,TOYOTA PRIUS,2,E01000104,0,-1
2021010300171,2021,010300171,2,9,0,99,99,9,9,99,99,9,9,99,9,99,1,9,6,6,3,-1,-1,1797,8,11,TOYOTA PRIUS,-1,-1,0,-1
2021451030080,2021,451030080,1,9,0,5,5,7,3,0,0,0,0,0,0,0,1,1,1,1,1,30,6,1798,8,6,TOYOTA PRIUS,8,E01030951,0,-1
2021010293481,2021,010293481,2,9,0,18,19,5,1,0,0,1,0,0,0,0,1,1,6,6,3,-1,-1,1798,8,8,TOYOTA PRIUS,2,E01001509,0,-1
2021010327977,2021,010327977,1,9,0,9,9,3,1,0,0,8,0,0,0,0,4,1,1,1,1,39,7,1798,8,2,TOYOTA PRIUS,-1,-1,0,-1
2021010292406,2021,010292406,1,9,0,4,4,1,5,0,0,8,0,0,0,0,0,1,1,1,1,62,9,1798,8,3,TOYOTA PRIUS,2,E01002078,0,-1
2021010315997,2021,010315997,1,8,0,99,99,9,9,99,99,0,9,99,9,99,2,9,6,6,1,39,7,1798,8,8,TOYOTA PRIUS,2,E01000901,0,-1
2021010301965,2021,010301965,2,9,0,99,99,9,9,99,99,9,9,99,9,99,2,9,6,6,1,29,6,1797,8,7,TOYOTA PRIUS,7,E01000292,0,-1
2021010346941,2021,010346941,3,8,0,10,10,7,5,0,0,1,0,0,0,0,4,1,1,1,1,59,9,1798,8,8,TOYOTA PRIUS,2,E01001862,0,-1
2021201133959,2021,201133959,1,9,0,7,7,4,2,0,0,5,0,0,0,0,1,1,5,6,1,27,6,1497,8,18,TOYOTA PRIUS,2,E01009340,0,-1
2021010300104,2021,010300104,2,8,0,99,99,9,9,99,99,1,9,99,9,99,1,9,6,6,3,-1,-1,1798,8,5,TOYOTA PRIUS,2,E01000091,0,-1
2021010328863,2021,010328863,2,9,0,99,99,9,9,99,99,9,9,99,9,99,9,9,6,6,1,43,7,1797,8,9,TOYOTA PRIUS,3,E01000164,0,-1
2021010299033,2021,010299033,1,9,0,5,5,5,1,0,0,4,0,0,0,0,1,1,1,1,1,45,7,1497,8,13,TOYOTA PRIUS,7,E01002494,0,-1
2021041050187,2021,041050187,1,9,0,18,19,7,3,0,0,1,0,0,0,0,1,1,6,6,1,57,9,1497,8,14,TOYOTA PRIUS,2,E01012580,0,-1
2021010351965,2021,010351965,2,8,0,5,5,3,7,0,0,1,0,0,0,0,1,2,1,1,1,40,7,1798,8,8,TOYOTA PRIUS,3,E01004333,0,-1
2021010309356,2021,010309356,1,8,0,99,99,9,9,99,99,9,9,99,9,99,9,9,6,6,1,42,7,1798,8,7,TOYOTA PRIUS,3,E01003571,0,-1
2021010350256,2021,010350256,1,9,0,18,19,1,5,0,0,2,0,0,0,0,4,1,2,2,1,61,9,1798,8,4,TOYOTA PRIUS,5,E01003173,0,-1
2021010341745,2021,010341745,2,9,0,5,5,5,1,0,0,0,0,0,0,0,1,1,1,1,1,31,6,1798,8,3,TOYOTA PRIUS,-1,-1,0,-1
202131C076221,2021,31C076221,2,9,0,18,19,3,7,0,0,0,0,0,0,0,3,1,6,6,1,-1,-1,1797,8,1,TOYOTA PRIUS,-1,-1,0,-1
2021010316043,2021,010316043,2,8,0,99,99,9,9,99,99,9,9,99,9,99,9,9,6,6,1,50,8,1497,8,13,TOYOTA PRIUS,2,E01004305,0,-1
2021010342971,2021,010342971,2,8,0,99,99,9,9,99,99,0,9,99,9,99,9,9,6,6,1,47,8,1797,8,10,TOYOTA PRIUS,4,E01003608,0,-1
2021421091879,2021,421091879,2,9,0,18,19,3,7,0,0,0,0,0,0,0,4,1,5,6,2,43,7,1497,8,16,TOYOTA PRIUS,4,E01003714,0,-1
2021052100857,2021,052100857,1,8,0,1,1,3,7,0,0,0,0,0,0,0,2,1,1,1,1,63,9,1497,8,12,TOYOTA PRIUS,1,E01005206,0,-1
2021010307701,2021,010307701,1,9,0,18,19,7,3,0,0,8,0,0,1,0,3,1,6,6,1,40,7,1790,7,10,TOYOTA PRIUS,5,E01002488,0,-1
2021010320849,2021,010320849,1,9,0,9,9,5,2,9,9,5,5,0,7,1,1,1,1,1,1,40,7,1797,8,7,TOYOTA PRIUS,3,E01003141,0,-1
2021010288634,2021,010288634,2,9,0,99,99,9,9,99,99,9,9,99,9,99,9,9,6,6,1,57,9,1798,8,6,TOYOTA PRIUS,5,E01004515,0,-1
2021451119511,2021,451119511,1,9,0,18,19,4,8,0,0,1,0,0,0,0,3,1,5,6,2,41,7,1497,8,13,TOYOTA PRIUS,10,E01030376,0,-1
2021010340022,2021,010340022,1,9,0,99,99,9,9,99,99,9,9,99,9,99,9,9,6,6,1,50,8,1798,8,5,TOYOTA PRIUS,2,E01001477,0,-1
2021211111543,2021,211111543,1,9,0,5,5,1,5,0,0,4,0,0,0,0,3,1,2,2,1,47,8,1798,8,4,TOYOTA PRIUS,5,E01014253,0,-1
2021010287358,2021,010287358,1,8,0,14,14,7,3,0,0,1,0,0,0,0,1,1,2,2,1,31,6,1798,8,4,TOYOTA PRIUS,6,E01000192,0,-1
2021010322440,2021,010322440,2,8,0,99,99,9,9,99,99,6,9,99,9,99,9,9,6,6,3,-1,-1,1790,8,8,TOYOTA PRIUS,-1,-1,0,-1
2021010341029,2021,010341029,1,9,0,99,99,9,9,99,99,0,9,99,9,99,2,9,6,6,1,36,7,1798,8,8,TOYOTA PRIUS,2,E01001760,0,-1
2021010346530,2021,010346530,2,9,0,18,19,5,1,0,0,7,0,0,0,0,1,1,6,6,1,-1,-1,1497,8,14,TOYOTA PRIUS,3,E01004633,0,-1
2021010319969,2021,010319969,1,8,0,18,19,1,5,0,0,6,0,11,0,0,2,1,1,1,1,46,8,1798,8,7,TOYOTA PRIUS,3,E01002375,0,-1
2021010287370,2021,010287370,1,9,0,18,19,5,1,0,0,0,0,0,0,0,3,1,6,6,1,56,9,1800,8,10,TOYOTA PRIUS,4,E01001503,0,-1
2021010334312,2021,010334312,1,9,0,10,10,7,4,0,0,5,0,11,0,0,1,1,6,6,1,66,10,1797,8,2,TOYOTA PRIUS,3,E01003113,0,-1
2021010316983,2021,010316983,1,9,0,3,3,5,1,0,0,0,0,0,0,0,4,1,1,1,1,31,6,1798,8,6,TOYOTA PRIUS,4,E01002873,0,-1
2021481153470,2021,481153470,1,8,0,2,2,2,6,0,0,0,0,0,0,0,4,1,1,1,1,49,8,1798,8,5,TOYOTA PRIUS,-1,-1,0,-1
2021010312306,2021,010312306,1,9,0,6,6,1,1,0,0,2,1,0,7,0,3,1,6,6,1,26,6,1798,8,3,TOYOTA PRIUS,2,E01004219,0,-1
2021010311852,2021,010311852,2,9,0,99,99,9,9,99,99,9,9,99,9,99,1,9,6,6,3,-1,-1,1798,8,7,TOYOTA PRIUS,3,E01003999,0,-1
2021010325483,2021,010325483,1,9,0,5,5,0,7,9,9,1,0,8,0,0,3,1,6,6,1,52,8,1797,8,2,TOYOTA PRIUS,5,E01000519,0,-1
2021010300715,2021,010300715,1,9,0,99,99,9,9,99,99,9,9,99,9,99,1,9,2,2,1,30,6,1797,8,1,TOYOTA PRIUS,3,E01002130,0,-1
2021501068334,2021,501068334,2,9,0,4,4,6,3,0,0,8,0,0,0,0,2,1,6,6,1,34,6,1497,8,14,TOYOTA PRIUS,5,E01032657,0,-1
2021010308759,2021,010308759,1,8,0,18,19,5,1,0,0,0,0,0,0,0,4,1,1,1,1,30,6,1797,8,10,TOYOTA PRIUS,3,E01004362,0,-1
2021010315135,2021,010315135,2,9,0,99,99,9,9,99,99,9,9,99,9,99,2,9,6,6,3,-1,-1,1797,8,11,TOYOTA PRIUS,3,E01033150,0,-1
2021010315903,2021,010315903,1,9,0,18,19,3,7,0,0,1,0,0,0,0,2,1,6,6,1,39,7,1798,8,5,TOYOTA PRIUS,1,E01001545,0,-1
2021010348906,2021,010348906,1,9,0,9,9,1,6,0,0,5,0,0,0,0,4,1,1,1,2,43,7,1797,8,6,TOYOTA PRIUS,2,E01002506,0,-1
2021010297685,2021,010297685,2,9,0,99,99,9,9,99,99,9,9,99,9,99,2,9,6,6,3,40,7,1797,8,2,TOYOTA PRIUS,6,E01000857,0,-1
2021010334977,2021,010334977,1,9,0,18,19,5,1,0,0,0,0,0,0,0,3,1,6,6,2,54,8,1797,8,11,TOYOTA PRIUS,4,E01004576,0,-1
2021010314161,2021,010314161,1,8,0,9,9,2,1,0,0,8,0,0,0,0,1,1,1,1,1,45,7,1797,8,9,TOYOTA PRIUS,3,E01024280,0,-1
2021201028605,2021,201028605,2,9,0,9,9,1,7,0,0,8,0,0,0,0,1,1,6,6,2,33,6,1497,8,14,TOYOTA PRIUS,2,E01008889,0,-1
2021010313511,2021,010313511,1,9,0,99,99,9,9,99,99,9,9,99,9,99,2,9,2,2,1,67,10,1791,8,10,TOYOTA PRIUS,4,E01004417,0,-1
2021440507704,2021,440507704,1,9,0,18,19,5,8,0,0,0,0,0,0,0,1,1,6,6,1,57,9,1497,8,14,TOYOTA PRIUS,3,E01033381,0,-1
2021351131971,2021,351131971,1,9,0,18,19,1,5,0,0,0,0,0,0,0,1,1,1,1,1,58,9,1800,8,8,TOYOTA PRIUS,9,E01022063,0,-1
2021010302510,2021,010302510,2,9,9,18,19,1,5,0,0,7,9,4,3,99,1,2,6,6,3,-1,-1,1800,8,7,TOYOTA PRIUS,-1,-1,0,-1
2021010305745,2021,010305745,1,8,0,99,99,9,9,99,99,9,9,99,9,99,4,9,6,6,1,41,7,1797,8,11,TOYOTA PRIUS,2,E01001848,0,-1
2021010330044,2021,010330044,1,9,0,5,5,3,7,0,0,8,0,0,0,0,1,1,6,6,2,20,4,1798,8,5,TOYOTA PRIUS,3,E01002502,0,-1
2021010341768,2021,010341768,2,9,0,99,99,9,9,0,0,5,0,99,0,0,9,9,6,6,1,34,6,1798,8,3,TOYOTA PRIUS,6,E01001948,0,-1
2021010350090,2021,010350090,2,9,0,2,2,0,0,0,0,0,0,0,0,0,3,1,6,6,3,-1,-1,1497,8,16,TOYOTA PRIUS,-1,-1,0,-1
2021010334374,2021,010334374,1,9,0,99,99,9,9,99,99,9,9,99,9,99,2,9,2,2,1,50,8,1797,8,11,TOYOTA PRIUS,2,E01033591,0,-1
2021010328103,2021,010328103,1,9,0,99,99,9,9,99,99,9,9,99,9,99,2,9,6,6,2,46,8,1797,8,12,TOYOTA PRIUS,6,E01002525,0,-1
2021010322645,2021,010322645,2,9,0,99,99,9,9,99,99,0,9,99,9,99,2,9,6,6,3,-1,-1,1797,8,2,TOYOTA PRIUS,-1,-1,0,-1
2021010302218,2021,010302218,2,9,0,18,19,1,5,0,0,0,0,99,0,0,1,1,6,6,1,-1,-1,1797,8,12,TOYOTA PRIUS,-1,-1,0,-1
202131C008821,2021,31C008821,1,8,0,6,6,5,5,0,0,6,0,0,0,0,3,1,1,1,1,-1,-1,1797,8,11,TOYOTA PRIUS,2,E01013933,0,-1
2021421113137,2021,421113137,1,9,0,17,19,5,1,0,0,8,0,0,0,0,1,1,6,6,1,33,6,1797,8,10,TOYOTA PRIUS,2,E01003553,0,-1
2021061044746,2021,061044746,1,9,0,5,5,1,5,0,0,0,0,0,0,0,1,1,5,6,1,47,8,1497,8,16,TOYOTA PRIUS,3,E01004872,0,-1
2021010290272,2021,010290272,2,9,0,99,99,9,9,99,99,9,9,99,9,99,1,9,6,6,3,-1,-1,1798,8,6,TOYOTA PRIUS,-1,-1,0,-1
2021010307092,2021,010307092,2,8,0,99,99,9,9,99,99,9,9,99,9,99,9,9,6,6,3,-1,-1,1798,8,4,TOYOTA PRIUS,5,E01000847,0,-1
2021302101662,2021,302101662,1,8,0,18,19,5,8,0,0,1,0,0,0,0,1,1,1,1,1,40,7,1798,8,3,TOYOTA PRIUS,3,E01013513,0,-1
2021010307215,2021,010307215,2,8,0,18,19,5,1,0,0,2,0,0,0,0,1,1,1,1,1,40,7,1797,8,6,TOYOTA PRIUS,2,E01004535,0,-1
2021010306717,2021,010306717,2,8,0,99,99,9,9,99,99,9,9,99,9,99,1,9,6,6,3,-1,-1,1797,8,10,TOYOTA PRIUS,3,E01004367,0,-1
2021421041602,2021,421041602,2,8,0,2,2,0,0,0,0,0,0,0,0,0,3,1,6,6,3,-1,-1,1798,8,7,TOYOTA PRIUS,-1,-1,0,-1
2021421041306,2021,421041306,2,9,0,18,19,7,3,0,0,1,0,0,3,0,3,1,1,1,1,43,7,1798,8,7,TOYOTA PRIUS,2,E01032580,0,-1
2021010332228,2021,010332228,1,8,0,5,5,0,7,0,0,2,0,0,0,0,0,1,1,1,1,-1,-1,1798,8,5,TOYOTA PRIUS,1,E01004088,0,-1
2021010298699,2021,010298699,2,8,0,99,99,9,9,99,99,9,9,99,9,99,1,9,6,6,1,48,8,1797,8,11,TOYOTA PRIUS,4,E01000323,0,-1
2021010298654,2021,010298654,2,8,0,18,19,1,5,0,0,0,0,0,0,0,2,1,1,1,1,24,5,1797,8,7,TOYOTA PRIUS,6,E01002186,0,-1
20211383P2100,2021,1383P2100,2,9,0,2,2,0,0,0,0,0,0,0,0,0,2,1,6,6,1,48,8,1798,8,4,TOYOTA PRIUS,3,E01011027,0,-1
2021010309848,2021,010309848,1,9,0,99,99,9,9,99,99,9,9,99,9,99,2,9,6,6,3,-1,-1,1800,8,6,TOYOTA PRIUS,-1,-1,0,-1
2021231113804,2021,231113804,3,9,0,4,4,6,2,0,0,0,0,0,0,0,2,1,2,2,1,49,8,1797,8,10,TOYOTA PRIUS,7,E01010138,0,-1
2021010349428,2021,010349428,2,9,0,99,99,9,9,99,99,9,9,99,9,99,1,9,6,6,3,-1,-1,1797,8,9,TOYOTA PRIUS,3,E01001363,0,-1
2021010297557,2021,010297557,1,8,0,99,99,9,9,99,99,9,9,99,9,99,9,9,6,6,1,48,8,1798,8,9,TOYOTA PRIUS,1,E01004236,0,-1
2021010345944,2021,010345944,1,8,0,99,99,9,9,99,99,9,9,99,9,99,2,9,6,6,3,31,6,1798,8,4,TOYOTA PRIUS,-1,-1,0,-1
2021010329062,2021,010329062,1,9,0,5,5,6,2,0,0,2,0,0,0,0,1,1,1,1,1,43,7,1797,8,5,TOYOTA PRIUS,2,E01003732,0,-1
2021041034470,2021,041034470,1,9,0,18,19,7,3,0,0,0,0,0,0,0,1,1,5,6,1,77,11,1797,8,1,TOYOTA PRIUS,6,E01012730,0,-1
2021010311707,2021,010311707,1,8,0,18,19,1,5,0,0,1,0,0,0,0,1,1,1,1,1,48,8,1798,8,5,TOYOTA PRIUS,9,E01003360,0,-1
2021461129246,2021,461129246,1,9,0,12,12,3,7,0,0,0,0,0,0,0,3,1,1,1,1,57,9,1798,8,7,TOYOTA PRIUS,8,E01024185,0,-1
2021010337311,2021,010337311,2,9,0,4,4,7,3,0,0,0,0,0,0,0,2,1,6,6,3,-1,-1,1797,8,6,TOYOTA PRIUS,-1,-1,0,-1
2021010307534,2021,010307534,2,9,0,4,4,3,7,0,0,1,0,0,3,0,4,1,6,6,1,41,7,1797,8,2,TOYOTA PRIUS,2,E01002080,0,-1
2021010304591,2021,010304591,2,9,0,18,19,5,1,0,0,1,0,0,0,0,1,1,6,6,1,34,6,1800,8,9,TOYOTA PRIUS,5,E01000299,0,-1
2021010351161,2021,010351161,1,8,0,4,4,5,1,0,0,2,0,0,0,0,0,1,1,1,1,47,8,1797,8,2,TOYOTA PRIUS,6,E01001607,0,-1
2021010350494,2021,010350494,2,9,0,99,99,9,9,99,99,9,9,99,9,99,9,9,6,6,3,46,8,1791,8,9,TOYOTA PRIUS,3,E01001742,0,-1
2021010320040,2021,010320040,2,9,0,18,19,1,5,0,0,8,0,0,0,0,1,1,1,1,1,27,6,1797,8,11,TOYOTA PRIUS,2,E01000992,0,-1
2021010334993,2021,010334993,1,9,0,99,99,9,9,99,99,9,9,99,9,99,2,9,1,1,1,44,7,1798,8,9,TOYOTA PRIUS,2,E01004296,0,-1
2021010334776,2021,010334776,1,8,9,99,99,9,9,99,99,9,9,99,9,99,9,9,6,6,3,-1,-1,1798,8,9,TOYOTA PRIUS,-1,-1,0,-1
2021010293823,2021,010293823,1,9,0,2,2,0,0,0,0,2,0,0,0,0,3,1,6,6,3,-1,-1,1798,8,4,TOYOTA PRIUS,-1,-1,0,-1
2021010354487,2021,010354487,1,9,0,99,99,9,9,99,99,9,9,99,9,99,9,9,1,1,1,32,6,1798,8,4,TOYOTA PRIUS,3,E01000630,0,-1
2021010291842,2021,010291842,2,8,0,18,19,3,7,0,0,1,0,0,0,0,1,1,1,1,1,29,6,1497,8,14,TOYOTA PRIUS,4,E01004345,0,-1
2021010299534,2021,010299534,1,8,0,9,9,5,3,0,0,5,0,0,0,0,0,1,6,6,1,45,7,1798,8,5,TOYOTA PRIUS,3,E01003615,0,-1
2021010321664,2021,010321664,1,8,0,5,5,5,1,0,0,2,0,0,0,0,1,1,1,1,1,39,7,1798,8,3,TOYOTA PRIUS,2,E01003731,0,-1
2021010309544,2021,010309544,2,9,0,99,99,9,9,99,99,9,9,99,9,99,1,9,6,6,3,-1,-1,1798,8,2,TOYOTA PRIUS,-1,-1,0,-1
202131B049021,2021,31B049021,1,9,0,4,4,2,6,9,9,0,0,0,7,0,3,1,1,1,1,-1,-1,1790,8,7,TOYOTA PRIUS,-1,-1,0,-1
2021430528751,2021,430528751,1,8,0,9,9,8,6,0,0,8,0,0,0,0,1,1,1,1,1,65,9,1797,8,7,TOYOTA PRIUS,3,E01015783,0,-1
2021010314948,2021,010314948,1,9,0,9,9,3,1,0,0,5,0,0,0,0,1,1,6,6,1,38,7,1798,8,5,TOYOTA PRIUS,2,E01002697,0,-1
2021010293301,2021,010293301,1,8,0,99,99,9,9,99,99,9,9,99,9,99,2,9,6,6,1,36,7,1798,8,5,TOYOTA PRIUS,3,E01000502,0,-1
2021010337834,2021,010337834,2,9,0,99,99,9,9,99,99,9,9,99,9,99,1,9,6,6,3,44,7,1797,8,7,TOYOTA PRIUS,2,E01001250,0,-1
2021522200688,2021,522200688,2,9,0,9,9,7,4,0,0,6,0,0,0,0,0,1,6,6,1,32,6,1798,8,3,TOYOTA PRIUS,1,E01014653,0,-1
2021010335608,2021,010335608,1,8,0,99,99,9,9,99,99,9,9,99,9,99,2,9,1,1,1,37,7,1797,8,7,TOYOTA PRIUS,6,E01002601,0,-1
2021401097814,2021,401097814,1,9,0,18,19,1,5,0,0,0,0,0,0,0,2,1,6,6,1,64,9,1797,8,11,TOYOTA PRIUS,5,E01004646,0,-1