collision_index,collision_year,collision_ref_no,vehicle_reference,vehicle_type,towing_and_articulation,vehicle_manoeuvre_historic,vehicle_manoeuvre,vehicle_direction_from,vehicle_direction_to,vehicle_location_restricted_lane_historic,vehicle_location_restricted_lane,junction_location,skidding_and_overturning,hit_object_in_carriageway,vehicle_leaving_carriageway,hit_object_off_carriageway,first_point_of_impact,vehicle_left_hand_drive,journey_purpose_of_driver_historic,journey_purpose_of_driver,sex_of_driver,age_of_driver,age_band_of_driver,engine_capacity_cc,propulsion_code,age_of_vehicle,generic_make_model,driver_imd_decile,lsoa_of_driver,escooter_flag,driver_distance_banding
2021010345662,2021,010345662,2,9,0,9,9,5,2,0,0,1,0,0,0,0,4,1,6,6,1,31,6,1798,8,8,TOYOTA PRIUS,1,E01004272,0,-1
2021010307605,2021,010307605,2,9,0,99,99,9,9,99,99,9,9,99,9,99,9,9,6,6,3,-1,-1,1797,8,11,TOYOTA PRIUS,4,E01001087,0,-1
2021010341519,2021,010341519,1,8,0,18,19,1,5,0,0,8,0,0,0,0,1,1,6,6,1,49,8,1797,8,7,TOYOTA PRIUS,4,E01030752,0,-1
2021010315837,2021,010315837,2,8,0,18,19,7,3,0,0,8,0,0,0,0,3,1,2,2,1,56,9,1798,8,8,TOYOTA PRIUS,3,E01001467,0,-1
2021010343481,2021,010343481,1,8,0,9,9,7,5,0,0,8,0,0,0,0,4,1,1,1,1,50,8,1798,8,6,TOYOTA PRIUS,2,E01004268,0,-1
2021430039433,2021,430039433,1,9,0,18,19,7,3,0,0,1,0,0,0,0,2,1,6,6,2,31,6,1797,8,4,TOYOTA PRIUS,2,E01008889,0,-1
2021010343365,2021,010343365,1,9,9,99,99,9,9,99,99,0,9,99,9,99,9,9,6,6,2,41,7,1795,8,8,TOYOTA PRIUS,3,E01003606,0,-1
2021302101881,2021,302101881,1,9,0,11,11,8,4,0,0,4,0,0,0,0,4,1,6,6,3,-1,-1,1797,8,11,TOYOTA PRIUS,5,E01019456,0,-1
2021010343149,2021,010343149,2,9,0,3,3,5,1,0,0,0,0,0,0,0,1,1,6,6,1,21,5,1497,8,14,TOYOTA PRIUS,4,E01001150,0,-1
2021010342691,2021,010342691,1,9,0,99,99,9,9,99,99,9,9,99,9,99,1,9,6,6,1,49,8,1497,8,15,TOYOTA PRIUS,3,E01003563,0,-1
2021201128363,2021,201128363,3,9,0,18,19,2,6,0,0,0,0,0,0,0,2,1,6,6,2,33,6,1797,8,10,TOYOTA PRIUS,1,E01009259,0,-1
2021010337899,2021,010337899,2,8,0,99,99,9,9,99,99,9,9,99,9,99,1,9,6,6,3,-1,-1,1798,8,6,TOYOTA PRIUS,3,E01003574,0,-1
2021440192256,2021,440192256,1,9,0,18,19,6,2,0,0,1,0,0,0,0,3,1,1,1,1,52,8,1797,8,5,TOYOTA PRIUS,3,E01017194,0,-1
2021010310781,2021,010310781,1,9,0,18,19,4,8,1,1,8,0,0,0,0,4,1,1,1,1,62,9,1798,8,3,TOYOTA PRIUS,1,E01002081,0,-1
2021010314343,2021,010314343,1,9,0,4,4,7,3,0,0,0,0,4,0,0,3,1,2,2,1,24,5,1497,8,16,TOYOTA PRIUS,3,E01002646,0,-1
2021010293673,2021,010293673,2,8,0,99,99,9,9,99,99,0,9,99,9,99,1,9,6,6,1,37,7,1797,8,6,TOYOTA PRIUS,4,E01000112,0,-1
2021010329701,2021,010329701,1,9,0,9,9,1,7,0,0,8,0,0,0,0,1,1,1,1,1,55,8,1798,8,8,TOYOTA PRIUS,2,E01004003,0,-1
2021010340946,2021,010340946,1,9,0,18,19,1,5,0,0,0,0,0,0,0,4,1,1,1,1,31,6,1797,8,8,TOYOTA PRIUS,7,E01002144,0,-1
2021010340438,2021,010340438,2,9,0,99,99,9,9,99,99,9,9,99,9,99,1,9,6,6,3,-1,-1,1798,8,7,TOYOTA PRIUS,-1,-1,0,-1
2021010317843,2021,010317843,2,9,0,99,99,9,9,99,99,0,9,99,9,99,1,9,6,6,3,-1,-1,1798,8,3,TOYOTA PRIUS,-1,-1,0,-1
2021010303156,2021,010303156,3,9,0,11,11,6,2,0,0,0,0,0,0,0,0,1,6,6,1,-1,-1,1798,8,1,TOYOTA PRIUS,1,E01033605,0,-1
2021010305826,2021,010305826,2,8,0,9,9,7,5,0,0,1,0,0,0,0,4,1,1,1,1,41,7,1797,8,5,TOYOTA PRIUS,2,E01004535,0,-1
2021010337752,2021,010337752,1,8,0,10,10,5,2,0,0,6,0,0,0,0,1,1,1,1,1,50,8,1798,8,9,TOYOTA PRIUS,4,E01002631,0,-1
2021010353217,2021,010353217,1,8,0,5,5,0,1,0,0,5,0,0,0,0,0,1,1,1,1,20,4,1797,8,9,TOYOTA PRIUS,3,E01002407,0,-1
2021010337483,2021,010337483,1,9,0,15,15,5,1,0,0,1,0,4,0,0,1,1,1,1,1,41,7,1798,8,3,TOYOTA PRIUS,4,E01001037,0,-1
2021010323689,2021,010323689,2,9,0,18,19,1,5,0,0,9,0,0,0,0,4,1,6,6,3,-1,-1,1798,8,1,TOYOTA PRIUS,-1,-1,0,-1
2021010349359,2021,010349359,1,8,0,7,7,8,2,0,0,1,0,0,0,0,2,1,1,1,1,32,6,1791,8,9,TOYOTA PRIUS,1,E01003487,0,-1
2021461035396,2021,461035396,1,9,0,5,5,3,1,0,0,0,0,0,0,0,4,1,2,2,1,57,9,1797,8,7,TOYOTA PRIUS,5,E01024304,0,-1
2021411095481,2021,411095481,1,9,0,3,3,-1,-1,0,0,0,0,0,0,0,1,1,6,6,1,63,9,1798,8,9,TOYOTA PRIUS,8,E01023875,0,-1
2021201063722,2021,201063722,2,9,0,9,9,8,6,0,0,6,0,0,0,0,1,1,6,6,1,41,7,1797,8,11,TOYOTA PRIUS,1,E01008998,0,-1
2021010295133,2021,010295133,2,9,0,99,99,9,9,99,99,9,9,99,9,99,2,9,6,6,3,-1,-1,1798,8,5,TOYOTA PRIUS,2,E01000931,0,-1
2021010291582,2021,010291582,1,9,0,18,19,1,5,0,0,2,0,0,0,0,4,2,1,1,1,48,8,1797,8,2,TOYOTA PRIUS,2,E01002080,0,-1
2021421036419,2021,421036419,3,9,0,3,3,3,7,0,0,0,0,0,0,0,2,1,5,6,2,64,9,1497,8,12,TOYOTA PRIUS,4,E01015918,0,-1
2021041038209,2021,041038209,1,9,0,18,19,7,3,0,0,1,0,0,0,0,1,1,1,1,1,44,7,1797,8,11,TOYOTA PRIUS,1,E01025042,0,-1
2021010324694,2021,010324694,1,9,0,15,15,8,4,0,0,1,0,0,0,0,1,1,1,1,1,35,6,1797,8,10,TOYOTA PRIUS,-1,-1,0,-1
2021010328431,2021,010328431,1,8,0,5,5,7,3,0,0,1,0,0,0,0,3,1,1,1,1,43,7,1797,8,11,TOYOTA PRIUS,2,E01000952,0,-1
2021010343472,2021,010343472,1,8,0,9,9,5,3,0,0,3,0,0,0,0,3,1,1,1,1,41,7,1797,8,9,TOYOTA PRIUS,2,E01003604,0,-1
2021010310671,2021,010310671,2,9,0,5,5,1,5,0,0,1,0,0,0,0,1,1,6,6,2,53,8,1798,8,2,TOYOTA PRIUS,7,E01001308,0,-1
2021141040586,2021,141040586,2,9,0,18,19,8,4,0,0,1,0,0,0,0,1,1,6,6,2,44,7,1798,8,5,TOYOTA PRIUS,10,E01007922,0,-1
2021010324579,2021,010324579,1,9,0,16,19,5,8,0,0,8,2,10,7,11,1,2,6,6,1,31,6,1790,8,8,TOYOTA PRIUS,-1,-1,0,-1
2021010301245,2021,010301245,1,9,0,9,9,5,3,0,0,8,0,0,0,0,0,1,1,1,1,40,7,1798,8,6,TOYOTA PRIUS,2,E01003925,0,-1
2021010318129,2021,010318129,1,9,0,6,6,5,5,0,0,1,0,0,0,0,4,1,1,1,1,63,9,1798,8,7,TOYOTA PRIUS,2,E01000483,0,-1
2021401018798,2021,401018798,2,9,0,3,3,5,1,0,0,0,0,0,0,0,2,1,5,6,1,35,6,1797,8,11,TOYOTA PRIUS,2,E01015716,0,-1
2021010295391,2021,010295391,1,9,0,99,99,9,9,99,99,0,9,99,9,99,9,9,6,6,1,39,7,1797,8,8,TOYOTA PRIUS,3,E01003625,0,-1
2021010341169,2021,010341169,2,9,0,99,99,9,9,99,99,0,9,99,9,99,1,9,6,6,1,50,8,1798,8,6,TOYOTA PRIUS,1,E01004721,0,-1
2021131103253,2021,131103253,1,9,0,6,6,3,7,0,0,0,0,0,0,0,1,1,1,1,1,39,7,1797,8,10,TOYOTA PRIUS,1,E01033697,0,-1
2021010336189,2021,010336189,1,9,0,99,99,9,9,0,0,9,0,99,0,0,0,9,6,6,3,-1,-1,1797,8,9,TOYOTA PRIUS,-1,-1,0,-1
2021010321070,2021,010321070,2,8,0,99,99,9,9,99,99,9,9,99,9,99,1,9,6,6,3,-1,-1,1797,8,7,TOYOTA PRIUS,5,E01003131,0,-1
2021522105211,2021,522105211,1,9,0,4,4,7,3,0,0,0,0,0,0,0,2,1,6,6,1,36,7,1798,8,5,TOYOTA PRIUS,1,E01014486,0,-1
2021010336904,2021,010336904,1,9,0,18,19,5,1,0,0,2,0,0,0,0,0,1,6,6,1,37,7,1797,8,6,TOYOTA PRIUS,3,E01000725,0,-1
2021010309174,2021,010309174,2,9,0,99,99,9,9,99,99,9,9,99,9,99,9,9,6,6,3,-1,-1,1798,8,6,TOYOTA PRIUS,-1,-1,0,-1
2021010352475,2021,010352475,1,9,0,18,19,7,3,0,0,1,0,7,0,0,1,1,2,2,1,37,7,1797,8,11,TOYOTA PRIUS,3,E01003563,0,-1
2021010319944,2021,010319944,2,9,0,18,19,5,1,0,0,2,0,0,0,0,2,1,2,2,1,37,7,1797,8,12,TOYOTA PRIUS,4,E01004339,0,-1
2021371017047,2021,371017047,1,9,0,7,7,5,8,0,0,4,0,0,0,0,3,1,1,1,1,61,9,1497,8,13,TOYOTA PRIUS,3,E01029985,0,-1
2021010306420,2021,010306420,2,9,0,4,4,3,7,0,0,2,0,0,0,0,1,1,2,2,1,53,8,1798,8,4,TOYOTA PRIUS,3,E01004645,0,-1
2021010329289,2021,010329289,1,9,0,5,5,7,3,0,0,0,0,0,0,0,1,1,1,1,1,61,9,1798,8,8,TOYOTA PRIUS,3,E01004427,0,-1
2021010331132,2021,010331132,1,9,0,18,19,3,7,0,0,0,0,0,0,0,1,1,1,1,1,45,7,1791,8,10,TOYOTA PRIUS,3,E01001192,0,-1
2021451118951,2021,451118951,1,9,0,18,19,4,8,0,0,1,0,0,1,0,1,1,1,1,1,33,6,1798,8,5,TOYOTA PRIUS,1,E01014654,0,-1
2021010301006,2021,010301006,1,8,0,99,99,9,9,99,99,9,9,99,9,99,9,9,6,6,1,43,7,1795,8,9,TOYOTA PRIUS,4,E01003661,0,-1
2021010311544,2021,010311544,1,9,0,99,99,9,9,99,99,9,9,99,9,99,2,9,6,6,1,38,7,1798,8,4,TOYOTA PRIUS,4,E01033739,0,-1
2021010318516,2021,010318516,2,9,0,18,19,7,3,0,0,0,0,0,0,0,3,1,1,1,1,44,7,1798,8,7,TOYOTA PRIUS,4,E01002211,0,-1
2021061076674,2021,061076674,2,9,0,18,19,1,5,0,0,0,0,0,0,0,1,1,1,1,1,55,8,1497,8,14,TOYOTA PRIUS,1,E01005585,0,-1
2021010351960,2021,010351960,2,9,0,18,19,5,1,0,0,0,0,0,0,0,1,1,1,1,1,49,8,1798,8,2,TOYOTA PRIUS,4,E01000997,0,-1
2021010319240,2021,010319240,1,9,0,5,5,3,7,0,0,3,0,0,0,0,1,1,6,6,1,52,8,1800,8,8,TOYOTA PRIUS,2,E01032580,0,-1
2021010317340,2021,010317340,1,9,0,99,99,9,9,99,99,0,9,99,9,99,2,9,6,6,1,24,5,1797,8,11,TOYOTA PRIUS,6,E01004359,0,-1
2021201034125,2021,201034125,1,9,0,18,19,-1,-1,0,0,0,0,0,0,0,1,1,6,6,3,-1,-1,1497,8,14,TOYOTA PRIUS,-1,-1,0,-1
2021010289649,2021,010289649,1,9,0,10,10,1,6,0,0,1,0,0,0,0,2,1,6,6,1,51,8,1798,8,3,TOYOTA PRIUS,3,E01004453,0,-1
2021010304514,2021,010304514,2,9,0,5,5,3,7,0,0,0,0,0,0,0,3,1,6,6,1,40,7,1797,8,9,TOYOTA PRIUS,-1,-1,0,-1
2021010306876,2021,010306876,2,8,0,99,99,9,9,99,99,0,9,99,9,99,9,9,6,6,3,58,9,1797,8,10,TOYOTA PRIUS,2,E01004239,0,-1
2021010343324,2021,010343324,2,9,0,18,19,1,5,0,0,8,0,0,0,0,1,1,2,2,1,47,8,1797,8,10,TOYOTA PRIUS,2,E01004224,0,-1
2021010350822,2021,010350822,2,9,0,6,6,3,3,0,0,1,0,0,0,0,4,2,6,6,1,31,6,1798,8,7,TOYOTA PRIUS,4,E01004142,0,-1
2021010328631,2021,010328631,1,9,0,99,99,9,9,99,99,0,9,99,9,99,2,9,1,1,1,46,8,1798,8,6,TOYOTA PRIUS,5,E01002234,0,-1
2021061111293,2021,061111293,1,9,0,6,6,1,5,0,0,8,0,0,0,0,3,1,1,1,1,32,6,1798,8,3,TOYOTA PRIUS,1,E01005227,0,-1
2021010341533,2021,010341533,1,8,0,9,9,1,6,0,0,2,0,0,0,0,1,1,2,2,1,23,5,1798,8,1,TOYOTA PRIUS,2,E01004251,0,-1
2021522100579,2021,522100579,2,9,0,7,7,5,7,0,0,8,0,0,0,0,4,1,6,6,2,58,9,1798,8,9,TOYOTA PRIUS,-1,-1,0,-1
2021010323027,2021,010323027,1,9,0,99,99,9,9,99,99,9,9,99,9,99,2,9,6,6,3,42,7,1798,8,8,TOYOTA PRIUS,3,E01003589,0,-1
2021461086690,2021,461086690,2,9,0,9,9,5,1,0,0,6,0,0,0,0,3,1,1,1,1,33,6,1798,8,5,TOYOTA PRIUS,4,E01024179,0,-1
2021010294874,2021,010294874,1,8,0,99,99,9,9,99,99,0,9,99,9,99,9,9,6,6,1,42,7,1798,8,5,TOYOTA PRIUS,4,E01003758,0,-1
2021201136335,2021,201136335,2,8,0,18,19,-1,-1,0,0,0,0,0,0,0,1,1,6,6,1,30,6,1797,8,9,TOYOTA PRIUS,1,E01009153,0,-1
2021201147491,2021,201147491,1,9,0,5,5,7,3,0,0,1,0,0,0,0,0,1,1,1,3,30,6,1797,8,7,TOYOTA PRIUS,-1,-1,0,-1
2021070768755,2021,070768755,2,9,0,4,4,7,3,0,0,0,0,0,0,0,1,1,6,6,1,38,7,1497,8,13,TOYOTA PRIUS,4,E01004832,0,-1
2021010340692,2021,010340692,1,9,0,13,13,1,5,0,0,0,0,0,0,0,4,1,6,6,1,42,7,1797,8,10,TOYOTA PRIUS,3,E01002400,0,-1
2021010317271,2021,010317271,1,9,0,7,7,8,2,0,0,2,0,0,0,0,2,1,1,1,1,55,8,1798,8,7,TOYOTA PRIUS,2,E01003151,0,-1
2021061094048,2021,061094048,1,9,0,10,10,6,4,0,0,8,0,0,0,0,4,1,6,6,1,41,7,1497,8,17,TOYOTA PRIUS,1,E01005568,0,-1
2021010316992,2021,010316992,1,9,0,18,19,3,7,0,0,1,0,0,0,0,1,2,6,6,1,33,6,1797,8,12,TOYOTA PRIUS,2,E01016004,0,-1
2021010310004,2021,010310004,2,8,0,9,9,3,1,0,0,2,0,0,1,0,4,1,1,1,1,46,8,1797,8,7,TOYOTA PRIUS,3,E01004562,0,-1
2021451079233,2021,451079233,2,9,0,4,4,5,1,0,0,0,0,0,0,0,2,1,5,6,1,53,8,1797,8,11,TOYOTA PRIUS,5,E01021089,0,-1
2021010318426,2021,010318426,3,8,0,99,99,9,9,99,99,9,9,99,9,99,1,9,6,6,3,-1,-1,1797,8,11,TOYOTA PRIUS,2,E01001667,0,-1
2021131061827,2021,131061827,1,9,0,18,19,2,6,0,0,8,0,0,0,0,1,1,6,6,3,-1,-1,1798,8,7,TOYOTA PRIUS,-1,-1,0,-1
2021201023525,2021,201023525,1,8,0,4,4,4,8,0,0,1,0,0,0,0,1,1,6,6,1,-1,-1,1797,8,11,TOYOTA PRIUS,2,E01008897,0,-1
2021010313735,2021,010313735,1,9,0,18,19,7,3,0,0,8,0,0,0,0,1,1,6,6,1,52,8,1497,8,14,TOYOTA PRIUS,4,E01004172,0,-1
2021010325719,2021,010325719,1,9,0,18,19,1,5,0,0,0,0,0,0,0,2,1,6,6,1,44,7,1790,8,6,TOYOTA PRIUS,2,E01004268,0,-1
2021221122059,2021,221122059,2,9,0,17,19,2,7,0,0,0,1,0,0,0,1,1,5,6,2,49,8,1797,8,1,TOYOTA PRIUS,4,E01014098,0,-1
2021010288013,2021,010288013,1,9,0,99,99,9,9,99,99,0,9,99,9,99,1,9,6,6,1,25,5,1798,8,6,TOYOTA PRIUS,8,E01003422,0,-1
2021010314547,2021,010314547,2,8,0,99,99,9,9,99,99,9,9,99,9,99,1,9,6,6,3,-1,-1,1797,8,11,TOYOTA PRIUS,2,E01003591,0,-1
2021010314702,2021,010314702,1,9,0,18,19,1,5,0,0,0,0,0,0,0,1,1,6,6,1,45,7,1497,8,15,TOYOTA PRIUS,2,E01000889,0,-1
2021010312027,2021,010312027,1,8,0,99,99,9,9,99,99,5,9,99,9,99,2,9,6,6,1,37,7,1791,8,9,TOYOTA PRIUS,4,E01001503,0,-1
2021010314591,2021,010314591,3,9,0,18,19,8,4,0,0,0,0,0,0,0,4,1,2,2,1,39,7,1798,8,4,TOYOTA PRIUS,5,E01000174,0,-1
2021131098687,2021,131098687,1,9,0,18,19,1,5,0,0,3,0,0,0,0,1,1,1,1,1,49,8,1790,8,6,TOYOTA PRIUS,3,E01011898,0,-1
2021010324811,2021,010324811,1,8,9,99,99,9,9,99,99,9,9,99,9,99,9,9,1,1,1,27,6,1797,8,8,TOYOTA PRIUS,5,E01000150,0,-1
2021461062474,2021,461062474,2,9,0,18,19,3,7,0,0,1,0,0,0,0,4,1,5,6,1,43,7,1798,8,5,TOYOTA PRIUS,4,E01016141,0,-1
2021010289598,2021,010289598,2,9,0,99,99,9,9,99,99,9,9,99,9,99,9,9,6,6,3,-1,-1,1797,8,8,TOYOTA PRIUS,3,E01003280,0,-1
2021041017791,2021,041017791,1,9,0,1,1,8,4,0,0,0,0,0,0,0,2,1,5,6,1,62,9,1797,8,12,TOYOTA PRIUS,1,E01012575,0,-1
2021010317141,2021,010317141,1,9,0,99,99,9,9,99,99,9,9,99,9,99,1,9,6,6,1,37,7,1798,8,9,TOYOTA PRIUS,4,E01003722,0,-1
2021010289024,2021,010289024,1,9,0,1,1,5,1,0,0,2,0,4,0,0,2,1,6,6,1,29,6,1797,8,12,TOYOTA PRIUS,2,E01000956,0,-1
2021010342236,2021,010342236,2,9,0,18,19,1,5,0,0,8,0,0,0,0,1,1,1,1,1,24,5,1798,8,5,TOYOTA PRIUS,4,E01001260,0,-1
2021010304604,2021,010304604,1,8,0,3,3,1,5,0,0,1,0,0,0,0,1,1,2,2,1,52,8,1797,8,9,TOYOTA PRIUS,5,E01002399,0,-1
2021010336844,2021,010336844,1,9,0,99,99,9,9,99,99,9,9,99,9,99,9,9,1,1,1,43,7,1798,8,7,TOYOTA PRIUS,3,E01004203,0,-1
2021451041414,2021,451041414,2,9,0,7,7,1,5,0,0,1,0,0,0,0,1,1,6,6,3,55,8,1797,8,3,TOYOTA PRIUS,9,E01004118,0,-1
2021010333267,2021,010333267,1,8,0,18,19,3,7,0,0,0,0,0,0,0,1,1,1,1,1,61,9,1797,8,2,TOYOTA PRIUS,2,E01000079,0,-1
2021010290340,2021,010290340,1,9,0,18,19,7,3,0,0,7,0,0,0,0,1,1,6,6,1,24,5,1497,8,17,TOYOTA PRIUS,3,E01004432,0,-1
2021010341925,2021,010341925,2,9,0,99,99,9,9,99,99,9,9,99,9,99,1,9,6,6,3,-1,-1,1497,8,15,TOYOTA PRIUS,7,E01002226,0,-1
2021131103560,2021,131103560,2,9,0,-1,-1,-1,-1,-1,-1,-1,-1,-1,-1,-1,-1,1,1,1,1,35,6,1797,8,6,TOYOTA PRIUS,1,E01010606,0,-1
2021061121120,2021,061121120,1,9,0,18,19,7,3,0,0,1,0,0,0,0,1,1,6,6,3,30,6,1797,8,11,TOYOTA PRIUS,-1,-1,0,-1
2021421043678,2021,421043678,1,9,0,18,19,7,3,0,0,0,0,11,0,0,1,1,5,6,1,27,6,1798,8,3,TOYOTA PRIUS,1,E01002026,0,-1
2021522201028,2021,522201028,1,9,0,5,5,0,5,0,0,0,0,0,0,0,1,1,6,6,1,37,7,1798,8,4,TOYOTA PRIUS,2,E01014636,0,-1
2021010300245,2021,010300245,1,9,0,99,99,9,9,99,99,9,9,99,9,99,1,9,6,6,3,88,11,1798,8,2,TOYOTA PRIUS,4,E01003268,0,-1
2021010322810,2021,010322810,1,8,0,99,99,9,9,99,99,9,9,99,9,99,2,9,2,2,1,51,8,1797,8,6,TOYOTA PRIUS,-1,-1,0,-1
2021401111952,2021,401111952,2,9,0,2,2,0,0,0,0,1,0,0,0,0,2,1,1,1,1,52,8,1798,8,5,TOYOTA PRIUS,2,E01015754,0,-1
2021041066659,2021,041066659,1,9,0,2,2,7,2,9,9,0,0,0,0,0,4,1,1,1,1,60,9,1798,8,3,TOYOTA PRIUS,6,E01025568,0,-1
2021201111883,2021,201111883,2,8,0,8,8,1,4,0,0,1,0,0,0,0,2,1,1,1,1,47,8,1797,8,7,TOYOTA PRIUS,2,E01009481,0,-1
2021131077947,2021,131077947,2,9,0,8,8,7,1,0,0,0,0,0,0,0,1,1,1,1,1,41,7,1790,8,7,TOYOTA PRIUS,1,E01010626,0,-1
20211383B1530,2021,1383B1530,1,8,0,11,11,7,3,0,0,0,0,0,0,0,0,1,6,6,3,-1,-1,1798,8,8,TOYOTA PRIUS,4,E01011037,0,-1
2021010337986,2021,010337986,1,8,0,99,99,9,9,99,99,9,9,99,9,99,2,9,1,1,1,40,7,1798,8,7,TOYOTA PRIUS,-1,-1,0,-1
2021010295267,2021,010295267,1,8,0,99,99,9,9,99,99,9,9,99,9,99,2,9,6,6,1,49,8,1791,8,9,TOYOTA PRIUS,2,E01001796,0,-1
2021461023476,2021,461023476,1,9,0,18,19,4,8,0,0,1,0,0,0,0,1,1,6,6,1,26,6,1797,8,11,TOYOTA PRIUS,4,E01024164,0,-1
2021461118677,2021,461118677,1,9,0,12,12,5,1,0,0,0,0,0,1,0,3,1,6,6,1,49,8,1791,8,9,TOYOTA PRIUS,3,E01024795,0,-1
2021010348155,2021,010348155,1,8,0,99,99,9,9,99,99,9,9,99,9,99,2,9,6,6,3,-1,-1,1790,8,6,TOYOTA PRIUS,-1,-1,0,-1
2021010345488,2021,010345488,2,9,0,2,2,0,0,9,9,0,0,0,0,0,1,1,6,6,3,-1,-1,1497,8,16,TOYOTA PRIUS,-1,-1,0,-1
2021010321440,2021,010321440,1,9,0,18,19,3,7,0,0,8,0,0,0,0,1,1,6,6,1,57,9,1800,8,8,TOYOTA PRIUS,2,E01032580,0,-1
2021061043451,2021,061043451,2,9,0,14,14,4,8,0,0,1,0,0,0,0,3,1,1,1,1,61,9,1497,8,13,TOYOTA PRIUS,2,E01004852,0,-1
2021131105010,2021,131105010,1,9,0,18,19,5,5,0,0,1,0,0,0,0,2,1,6,6,3,-1,-1,1798,8,7,TOYOTA PRIUS,-1,-1,0,-1
2021010315187,2021,010315187,1,8,0,5,5,3,7,0,0,6,0,0,0,0,1,1,1,1,1,45,7,1798,8,5,TOYOTA PRIUS,8,E01002657,0,-1
2021430366254,2021,430366254,1,9,0,18,19,1,5,0,0,8,0,0,0,0,4,1,6,6,1,55,8,1497,8,15,TOYOTA PRIUS,5,E01017748,0,-1
2021010333005,2021,010333005,1,9,0,18,19,1,5,9,9,0,0,10,1,4,1,1,3,7,2,43,7,1791,8,9,TOYOTA PRIUS,3,E01003481,0,-1
2021010349117,2021,010349117,2,8,0,4,4,1,5,0,0,1,0,0,0,0,2,1,1,1,1,38,7,1798,8,5,TOYOTA PRIUS,3,E01003605,0,-1
2021991047787,2021,991047787,1,8,0,14,14,8,3,0,0,0,0,0,0,0,3,1,1,1,1,54,8,1798,8,3,TOYOTA PRIUS,3,-1,0,-1
2021010348912,2021,010348912,1,8,0,4,4,7,3,0,0,0,0,0,0,0,2,1,1,1,1,40,7,1797,8,9,TOYOTA PRIUS,2,E01001744,0,-1
2021411063648,2021,411063648,1,9,0,18,19,3,7,0,0,3,0,0,0,0,4,1,1,1,1,68,10,1797,8,7,TOYOTA PRIUS,5,E01023325,0,-1
2021070246203,2021,070246203,1,9,0,9,9,7,6,0,0,6,0,0,0,10,3,1,6,6,1,87,11,1798,8,9,TOYOTA PRIUS,10,E01018633,0,-1
2021010347638,2021,010347638,3,9,0,4,4,3,7,0,0,0,0,0,0,0,1,1,2,2,1,42,7,1798,8,6,TOYOTA PRIUS,1,E01001714,0,-1
2021010307947,2021,010307947,3,9,0,18,19,7,3,0,0,8,0,0,0,0,1,1,6,6,1,-1,-1,1797,8,11,TOYOTA PRIUS,3,E01001887,0,-1
2021221025476,2021,221025476,2,9,0,18,19,4,8,0,0,4,0,0,0,0,1,1,5,6,1,74,10,1798,8,5,TOYOTA PRIUS,6,E01032229,0,-1
2021010323068,2021,010323068,1,9,0,3,3,7,3,0,0,1,0,0,0,0,2,2,6,6,1,31,6,1797,8,8,TOYOTA PRIUS,6,E01002662,0,-1
2021010314094,2021,010314094,1,9,0,3,3,1,5,0,0,1,0,0,0,0,1,1,1,1,1,53,8,1797,8,2,TOYOTA PRIUS,2,E01004060,0,-1
2021471115883,2021,471115883,1,9,0,9,9,2,8,0,0,8,0,0,0,0,3,1,5,6,1,67,10,1497,8,17,TOYOTA PRIUS,5,E01031501,0,-1
2021061078558,2021,061078558,1,9,0,-1,-1,-1,-1,-1,-1,-1,-1,-1,-1,0,-1,1,6,6,1,25,5,1798,8,8,TOYOTA PRIUS,-1,-1,0,-1
2021010298881,2021,010298881,1,9,0,5,5,3,7,0,0,3,0,0,0,0,1,2,6,6,2,31,6,1797,8,11,TOYOTA PRIUS,3,E01033084,0,-1
2021061136141,2021,061136141,2,8,0,3,3,1,5,0,0,1,0,0,0,0,2,1,1,1,1,49,8,1497,8,13,TOYOTA PRIUS,5,E01012633,0,-1
2021010334918,2021,010334918,2,9,0,18,19,3,7,0,0,1,0,0,0,0,1,1,1,1,1,33,6,1798,8,8,TOYOTA PRIUS,4,E01003043,0,-1
2021421127219,2021,421127219,1,9,0,18,19,3,7,0,0,8,1,0,1,11,1,1,6,6,1,25,5,1797,8,11,TOYOTA PRIUS,2,E01015896,0,-1
2021010302758,2021,010302758,1,9,0,1,1,1,5,0,0,8,0,0,0,0,1,1,6,6,3,-1,-1,1797,8,10,TOYOTA PRIUS,-1,-1,0,-1
2021991032180,2021,991032180,1,9,0,18,19,6,2,0,0,8,0,0,0,0,4,1,5,6,3,69,10,1798,8,3,TOYOTA PRIUS,10,-1,0,-1
202134NNC1741,2021,34NNC1741,2,9,0,16,19,7,3,0,0,3,1,0,8,1,4,1,6,6,1,36,7,1800,8,8,TOYOTA PRIUS,3,E01027124,0,-1
2021010364866,2021,010364866,1,9,0,99,99,9,9,99,99,9,9,99,9,99,4,9,1,1,1,46,8,1798,8,8,TOYOTA PRIUS,4,E01001435,0,-1
2021010336247,2021,010336247,2,9,0,99,99,9,9,99,99,9,9,99,9,99,1,9,6,6,3,-1,-1,1797,8,10,TOYOTA PRIUS,-1,-1,0,-1
2021461058730,2021,461058730,2,9,0,18,19,7,3,0,0,8,0,0,0,0,1,1,6,6,1,65,9,1497,8,16,TOYOTA PRIUS,1,E01024671,0,-1
2021010291340,2021,010291340,1,9,0,3,3,5,1,0,0,0,0,0,0,0,2,1,6,6,1,38,7,1497,8,14,TOYOTA PRIUS,3,E01000148,0,-1
2021010323617,2021,010323617,1,9,0,3,3,1,5,0,0,1,0,0,0,0,3,9,6,6,1,35,6,1497,8,13,TOYOTA PRIUS,4,E01001142,0,-1
2021201084610,2021,201084610,2,9,0,18,19,4,8,0,0,1,0,0,0,0,2,1,6,6,1,52,8,1797,8,8,TOYOTA PRIUS,1,E01009053,0,-1