collision_index,collision_year,collision_ref_no,vehicle_reference,vehicle_type,towing_and_articulation,vehicle_manoeuvre_historic,vehicle_manoeuvre,vehicle_direction_from,vehicle_direction_to,vehicle_location_restricted_lane_historic,vehicle_location_restricted_lane,junction_location,skidding_and_overturning,hit_object_in_carriageway,vehicle_leaving_carriageway,hit_object_off_carriageway,first_point_of_impact,vehicle_left_hand_drive,journey_purpose_of_driver_historic,journey_purpose_of_driver,sex_of_driver,age_of_driver,age_band_of_driver,engine_capacity_cc,propulsion_code,age_of_vehicle,generic_make_model,driver_imd_decile,lsoa_of_driver,escooter_flag,driver_distance_banding
2021302101841,2021,302101841,1,19,0,9,9,7,6,0,0,6,0,0,0,0,3,1,1,1,1,57,9,1248,2,8,FIAT DOBLO,4,E01019649,0,-1
2021010338862,2021,010338862,3,19,0,18,19,5,1,0,0,0,0,0,0,0,4,1,1,1,1,51,8,1598,2,8,FIAT DOBLO,3,E01002547,0,-1
2021991119033,2021,991119033,1,9,0,9,9,4,2,0,0,6,0,0,0,0,1,1,5,6,1,23,5,1910,2,10,FIAT DOBLO,5,-1,0,-1
2021041075611,2021,041075611,2,19,0,18,19,1,5,0,0,8,0,0,0,0,4,1,5,6,1,37,7,1248,2,7,FIAT DOBLO,7,E01025029,0,-1
2021302101595,2021,302101595,2,9,0,18,19,4,8,0,0,8,0,0,0,0,1,1,6,6,1,59,9,1910,2,18,FIAT DOBLO,2,E01019571,0,-1
2021201128125,2021,201128125,5,19,0,2,2,0,0,9,9,0,0,4,0,0,2,1,6,6,1,26,6,1598,2,0,FIAT DOBLO,1,E01009269,0,-1
2021052101067,2021,052101067,2,9,0,18,19,1,5,0,0,1,0,0,0,0,4,1,6,6,1,41,7,1368,1,14,FIAT DOBLO,6,E01025495,0,-1
2021010346377,2021,010346377,1,9,0,8,8,3,6,0,0,8,0,0,0,0,3,1,6,6,1,59,9,1368,1,8,FIAT DOBLO,6,E01001065,0,-1
2021161044592,2021,161044592,3,19,0,10,10,8,4,0,0,1,0,0,0,0,1,1,1,1,1,25,5,1248,2,9,FIAT DOBLO,8,E01013326,0,-1
2021010318694,2021,010318694,5,19,9,99,99,9,9,99,99,0,9,99,9,0,9,9,6,6,3,-1,-1,1248,2,5,FIAT DOBLO,-1,-1,0,-1
202134NNC2201,2021,34NNC2201,2,9,0,18,19,6,2,0,0,8,0,0,0,0,1,1,6,6,1,77,11,1368,1,13,FIAT DOBLO,7,E01027343,0,-1
2021061080633,2021,061080633,1,19,0,3,3,3,3,0,0,0,0,0,0,0,1,1,6,6,1,30,6,1248,2,1,FIAT DOBLO,-1,-1,0,-1
2021471072453,2021,471072453,2,9,0,18,19,2,6,0,0,0,0,0,0,0,2,1,6,6,1,56,9,1248,2,17,FIAT DOBLO,6,E01021206,0,-1
2021161096222,2021,161096222,2,19,0,9,9,5,4,0,0,6,0,0,0,0,1,1,1,1,1,54,8,1248,2,9,FIAT DOBLO,8,E01012911,0,-1
2021131099277,2021,131099277,1,19,0,18,19,7,3,0,0,1,0,0,2,11,4,1,5,6,1,60,9,1598,2,8,FIAT DOBLO,6,E01011518,0,-1
2021421053968,2021,421053968,1,9,0,18,19,5,3,0,0,1,0,0,0,0,4,1,5,6,1,61,9,1910,2,12,FIAT DOBLO,3,E01015854,0,-1
2021461088648,2021,461088648,4,9,0,18,19,3,7,0,0,1,1,0,0,0,1,1,5,6,1,51,8,-1,-1,-1,FIAT DOBLO,2,E01024192,0,-1
2021461042423,2021,461042423,2,19,0,2,2,0,0,0,0,0,0,0,0,0,2,1,6,6,3,-1,-1,1248,2,6,FIAT DOBLO,-1,-1,0,-1
2021010326019,2021,010326019,3,9,0,4,4,4,8,0,0,2,0,0,0,0,2,1,6,6,1,35,6,1242,1,17,FIAT DOBLO,-1,-1,0,-1
2021101107105,2021,101107105,1,21,0,1,1,2,8,9,9,0,0,0,0,0,2,1,1,1,1,53,8,-1,-1,-1,FIAT DOBLO,7,E01008434,0,-1
2021543318421,2021,543318421,2,9,0,9,9,5,3,0,0,3,0,0,0,0,4,1,6,6,2,54,8,1368,1,14,FIAT DOBLO,10,E01015521,0,-1
2021010299066,2021,010299066,3,9,0,2,2,0,0,0,0,0,0,4,0,0,2,1,6,6,3,-1,-1,1598,2,9,FIAT DOBLO,-1,-1,0,-1
202134WNC3901,2021,34WNC3901,1,19,0,18,19,1,5,0,0,0,0,0,0,0,1,1,6,6,1,20,4,1248,2,8,FIAT DOBLO,3,E01027154,0,-1
2021302102083,2021,302102083,1,19,0,7,7,8,2,0,0,8,1,0,8,1,1,1,2,2,1,56,9,1910,2,17,FIAT DOBLO,3,E01019792,0,-1
2021010340090,2021,010340090,2,19,0,99,99,9,9,99,99,0,9,99,9,99,1,9,6,6,3,-1,-1,1910,2,16,FIAT DOBLO,-1,-1,0,-1
202163C060721,2021,63C060721,2,19,0,13,13,8,4,0,0,8,1,0,0,0,4,1,2,2,1,57,9,1248,2,8,FIAT DOBLO,7,W01000565,0,-1
2021471038916,2021,471038916,1,19,0,18,19,2,6,0,0,0,0,0,0,0,2,1,5,6,1,29,6,1598,2,6,FIAT DOBLO,3,E01004735,0,-1
2021552100221,2021,552100221,1,19,0,18,19,8,4,0,0,8,0,0,1,10,1,1,2,2,1,30,6,1248,2,4,FIAT DOBLO,4,E01020571,0,-1
2021991011470,2021,991011470,1,19,0,18,19,4,7,0,0,0,0,0,0,0,1,1,1,1,1,51,8,1248,2,6,FIAT DOBLO,4,-1,0,-1
2021430333607,2021,430333607,1,19,0,4,4,3,1,5,5,1,0,0,0,0,4,1,1,1,1,-1,-1,1248,2,8,FIAT DOBLO,-1,-1,0,-1
2021141059906,2021,141059906,1,9,0,5,5,7,3,0,0,0,0,0,0,0,0,1,6,6,1,58,9,1910,2,19,FIAT DOBLO,4,E01007693,0,-1
2021141033878,2021,141033878,2,9,0,-1,-1,-1,-1,-1,-1,0,-1,-1,-1,0,-1,1,6,6,3,-1,-1,-1,-1,-1,FIAT DOBLO,-1,-1,0,-1
2021010319242,2021,010319242,2,19,0,18,19,5,1,0,0,0,0,0,0,0,4,1,2,2,1,41,7,1248,2,9,FIAT DOBLO,4,E01001194,0,-1
2021320206576,2021,320206576,2,19,0,9,9,2,6,0,0,0,0,0,0,0,3,1,1,1,1,21,5,1598,2,7,FIAT DOBLO,4,E01026389,0,-1
2021221013263,2021,221013263,1,19,0,18,19,4,8,0,0,8,0,0,0,0,1,1,1,1,1,56,9,1248,2,5,FIAT DOBLO,-1,-1,0,-1
2021461098374,2021,461098374,1,19,0,1,1,7,3,0,0,1,0,0,0,0,2,1,6,6,1,-1,-1,1598,2,8,FIAT DOBLO,-1,-1,0,-1
2021010293986,2021,010293986,2,19,0,99,99,9,9,99,99,9,9,99,9,99,9,9,6,6,3,-1,-1,1248,2,4,FIAT DOBLO,4,E01001934,0,-1
2021010309924,2021,010309924,2,19,0,99,99,9,9,99,99,9,9,99,9,99,1,9,6,6,3,-1,-1,1248,2,17,FIAT DOBLO,3,E01004391,0,-1
202163C025021,2021,63C025021,1,9,0,1,1,2,2,0,0,1,0,0,0,0,2,1,6,6,2,-1,-1,1368,1,14,FIAT DOBLO,-1,-1,0,-1
2021461043974,2021,461043974,1,19,0,18,19,5,1,0,0,0,0,0,0,0,1,1,6,6,1,-1,-1,1598,2,7,FIAT DOBLO,-1,-1,0,-1
2021302101201,2021,302101201,1,9,0,1,1,6,4,0,0,0,0,0,0,0,2,1,6,6,1,86,11,1248,2,15,FIAT DOBLO,6,E01019876,0,-1
2021461095895,2021,461095895,1,19,0,-1,-1,-1,-1,-1,-1,0,-1,-1,-1,0,-1,1,6,6,1,-1,-1,1598,2,9,FIAT DOBLO,4,E01024591,0,-1
2021471019643,2021,471019643,1,9,0,18,19,5,1,0,0,0,5,0,0,0,1,1,5,6,1,76,11,1910,2,15,FIAT DOBLO,2,E01021091,0,-1
2021421059815,2021,421059815,1,19,0,18,19,1,5,0,0,0,0,0,0,0,1,1,1,1,1,34,6,1598,2,1,FIAT DOBLO,5,E01026643,0,-1
2021351060390,2021,351060390,2,9,0,4,4,7,1,0,0,0,0,0,0,0,2,1,6,6,1,39,7,1598,2,9,FIAT DOBLO,4,E01026661,0,-1
2021201064176,2021,201064176,1,19,0,12,12,4,8,0,0,0,0,0,0,0,3,1,6,6,1,-1,-1,1248,2,5,FIAT DOBLO,-1,-1,0,-1
2021010316040,2021,010316040,2,19,0,7,7,5,8,0,0,8,0,0,1,0,0,1,6,6,3,-1,-1,1598,2,6,FIAT DOBLO,-1,-1,0,-1
2021991052005,2021,991052005,2,9,0,18,19,5,1,0,0,8,0,0,0,0,3,1,5,6,1,24,5,1368,1,14,FIAT DOBLO,10,-1,0,-1
2021052101242,2021,052101242,2,98,0,18,19,3,7,0,0,8,0,0,0,0,1,1,6,6,1,26,6,1598,2,4,-1,6,E01007185,0,-1
2021421072862,2021,421072862,1,19,0,18,19,1,5,0,0,0,0,0,0,0,1,1,6,6,3,-1,-1,1910,2,18,FIAT DOBLO,-1,-1,0,-1
2021991051535,2021,991051535,1,19,0,18,19,7,3,0,0,1,0,0,0,0,1,1,2,2,1,41,7,1248,2,7,FIAT DOBLO,8,-1,0,-1
2021991121782,2021,991121782,1,9,0,4,4,4,8,0,0,1,0,0,0,0,1,1,6,6,1,45,7,1910,2,15,FIAT DOBLO,2,-1,0,-1
2021131073309,2021,131073309,1,19,0,18,19,4,8,0,0,0,0,0,3,0,1,1,6,6,1,74,10,1248,2,12,FIAT DOBLO,7,E01011053,0,-1
2021440153203,2021,440153203,2,19,0,16,19,7,2,0,0,1,0,0,0,0,1,1,6,6,3,-1,-1,1248,2,14,FIAT DOBLO,-1,-1,0,-1
202131C100521,2021,31C100521,1,19,0,18,19,2,6,0,0,1,0,0,0,0,4,1,1,1,1,44,7,1598,2,8,FIAT DOBLO,8,E01028206,0,-1
2021122101294,2021,122101294,10,19,0,2,2,0,0,0,0,0,0,0,0,0,4,1,6,6,3,-1,-1,1248,2,11,FIAT DOBLO,-1,-1,0,-1
2021440510941,2021,440510941,1,19,0,4,4,3,7,0,0,0,0,0,0,0,1,1,1,1,1,46,8,1598,2,2,FIAT DOBLO,3,E01017054,0,-1
2021231132148,2021,231132148,1,19,0,16,19,4,5,0,0,8,1,0,1,10,1,1,2,2,1,73,10,1248,2,8,FIAT DOBLO,7,E01032268,0,-1
2021320107042,2021,320107042,3,19,0,3,3,7,3,0,0,1,0,0,0,0,2,1,1,1,1,51,8,1248,2,3,FIAT DOBLO,3,E01026386,0,-1
2021010312402,2021,010312402,1,9,0,18,19,7,3,0,0,1,0,0,0,0,2,1,6,6,1,27,6,1910,2,14,FIAT DOBLO,4,E01017521,0,-1
2021440088171,2021,440088171,1,19,0,18,19,2,6,0,0,8,0,0,0,0,3,1,1,1,1,34,6,1598,2,0,FIAT DOBLO,-1,-1,0,-1
202131C032621,2021,31C032621,1,19,0,5,5,6,2,0,0,2,0,0,0,0,4,1,1,1,1,40,7,1598,2,8,FIAT DOBLO,2,E01013917,0,-1
2021451012631,2021,451012631,1,19,0,18,19,1,5,0,0,0,0,0,0,0,1,1,2,2,1,25,5,1248,2,3,FIAT DOBLO,5,E01031519,0,-1
2021610056921,2021,610056921,1,19,0,4,4,1,5,0,0,1,0,0,0,0,2,1,1,1,1,65,9,1248,2,5,FIAT DOBLO,5,W01001504,0,-1
202163A018021,2021,63A018021,1,19,0,18,19,2,6,0,0,1,0,0,0,0,1,1,1,1,1,59,9,1248,2,7,FIAT DOBLO,5,W01001925,0,-1
2021201098026,2021,201098026,1,19,0,18,19,4,8,0,0,0,5,4,0,0,1,1,6,6,3,-1,-1,1910,2,16,FIAT DOBLO,-1,-1,0,-1
2021302101274,2021,302101274,1,19,0,13,13,4,8,0,0,1,2,0,1,10,4,1,2,2,1,49,8,1248,2,14,FIAT DOBLO,2,E01019796,0,-1
2021201112680,2021,201112680,2,19,0,3,3,2,6,0,0,1,0,0,0,0,2,1,6,6,2,-1,-1,1910,2,14,FIAT DOBLO,10,E01023222,0,-1
2021141093215,2021,141093215,2,19,0,9,9,5,1,0,0,8,0,0,0,0,1,1,1,1,2,49,8,1598,2,7,FIAT DOBLO,10,E01008021,0,-1
2021010332852,2021,010332852,1,5,0,4,4,1,5,0,0,0,0,0,0,0,2,1,6,6,1,46,8,1868,1,0,-1,9,E01001532,0,-1
2021010306947,2021,010306947,1,5,0,99,99,9,9,99,99,9,9,99,9,99,9,1,6,6,1,56,9,1868,1,2,-1,2,E01002786,0,-1
2021320300416,2021,320300416,2,5,0,18,19,7,3,0,0,0,0,0,0,0,1,1,6,6,1,50,8,1868,1,2,-1,3,E01026684,0,-1
2021548383821,2021,548383821,2,4,0,18,19,4,8,0,0,1,0,0,0,0,2,1,6,6,1,56,9,150,1,-1,LAMBRETTA MODEL MISSING,1,W01001201,0,-1
2021622100402,2021,622100402,2,4,0,18,19,5,1,0,0,0,0,0,0,0,1,1,6,6,1,56,9,150,1,-1,LAMBRETTA MODEL MISSING,1,W01001201,0,-1
2021131060077,2021,131060077,1,2,0,18,19,5,5,0,0,8,1,0,0,0,1,1,6,6,1,63,9,200,1,43,LAMBRETTA MODEL MISSING,4,E01011839,0,-1
2021430397542,2021,430397542,2,4,0,3,3,3,5,0,0,1,0,0,0,0,2,1,6,6,1,52,8,200,1,55,LAMBRETTA MODEL MISSING,6,E01028728,0,-1
2021010315469,2021,010315469,3,4,0,2,2,0,0,0,0,1,0,0,0,0,4,1,6,6,3,-1,-1,150,1,60,LAMBRETTA MODEL MISSING,-1,-1,0,-1
2021161108978,2021,161108978,2,4,0,18,19,5,1,0,0,0,1,0,0,0,4,1,5,6,1,62,9,225,1,63,LAMBRETTA MODEL MISSING,3,E01011851,0,-1
2021131059443,2021,131059443,1,3,0,18,19,1,2,0,0,3,1,0,1,0,0,1,5,6,1,57,9,125,1,41,LAMBRETTA MODEL MISSING,7,E01011069,0,-1
2021138361079,2021,138361079,2,4,0,18,19,8,4,0,0,1,0,0,0,0,1,1,6,6,1,67,10,150,1,56,LAMBRETTA MODEL MISSING,8,E01011829,0,-1
2021361062286,2021,361062286,2,4,0,18,19,3,7,0,0,8,0,0,0,0,1,1,5,6,1,57,9,199,1,60,LAMBRETTA MODEL MISSING,7,E01026504,0,-1
2021991060029,2021,991060029,1,4,0,16,19,3,7,0,0,0,0,10,7,10,1,1,5,6,2,51,8,198,1,50,LAMBRETTA MODEL MISSING,8,-1,0,-1
2021320530033,2021,320530033,1,3,0,18,19,3,7,0,0,0,5,0,0,0,0,1,6,6,1,61,9,125,1,59,LAMBRETTA MODEL MISSING,5,E01007757,0,-1
2021440350975,2021,440350975,1,4,0,17,19,4,8,0,0,0,0,0,1,0,0,1,6,6,1,58,9,150,1,59,LAMBRETTA MODEL MISSING,3,E01017244,0,-1
2021131049354,2021,131049354,2,2,0,18,19,7,3,0,0,8,0,0,0,0,1,1,5,6,1,54,8,230,1,55,LAMBRETTA MODEL MISSING,9,E01010913,0,-1
2021131106605,2021,131106605,2,4,0,18,19,2,6,0,0,8,0,0,0,0,1,1,2,2,1,53,8,149,1,62,LAMBRETTA MODEL MISSING,9,E01011168,0,-1
2021622101000,2021,622101000,2,3,0,18,19,2,6,0,0,8,0,0,0,0,1,1,6,6,1,21,5,125,1,3,LEXMOTO ADRENALINE 125,9,W01001826,0,-1
2021501084523,2021,501084523,1,3,0,18,19,5,1,0,0,1,0,0,0,0,1,1,6,6,1,17,4,125,1,3,LEXMOTO ADRENALINE 125,8,E01015165,0,-1
2021061033634,2021,061033634,2,3,0,18,19,1,5,0,0,8,0,0,0,0,1,1,5,6,1,33,6,125,1,3,LEXMOTO ADRENALINE 125,3,E01005975,0,-1
2021320263923,2021,320263923,2,3,0,18,19,4,6,0,0,8,5,0,0,0,1,1,6,6,1,17,4,125,1,3,LEXMOTO ADRENALINE 125,5,E01026241,0,-1
2021010331202,2021,010331202,1,3,0,99,99,9,9,99,99,0,9,99,9,99,1,1,6,6,1,24,5,125,1,4,LEXMOTO ADRENALINE 125,7,E01004175,0,-1
2021440500705,2021,440500705,4,3,0,18,19,4,8,0,0,8,1,4,0,0,1,1,1,1,1,18,4,125,1,2,LEXMOTO ADRENALINE 125,9,E01022653,0,-1
202131C115521,2021,31C115521,2,3,0,18,19,4,8,0,0,0,0,0,0,0,1,1,1,1,1,31,6,125,1,4,LEXMOTO ADRENALINE 125,1,E01013954,0,-1
2021131056158,2021,131056158,2,3,0,18,19,8,1,0,0,0,0,0,0,0,0,1,6,6,1,22,5,125,1,2,LEXMOTO ADRENALINE 125,5,E01032495,0,-1
2021131109847,2021,131109847,2,3,0,18,19,3,7,0,0,0,0,0,0,0,1,1,6,6,1,27,6,125,1,2,LEXMOTO ADRENALINE 125,8,E01011630,0,-1
202134WNC3041,2021,34WNC3041,2,3,0,18,19,5,1,0,0,1,2,0,0,0,4,1,6,6,1,17,4,125,1,3,LEXMOTO ADRENALINE 125,6,E01027025,0,-1
2021010302493,2021,010302493,2,3,0,18,19,5,1,0,0,0,5,0,0,0,3,1,6,6,1,18,4,125,1,2,LEXMOTO ADRENALINE 125,4,E01002180,0,-1
2021141042338,2021,141042338,1,3,0,18,19,7,3,0,0,1,0,0,0,0,4,1,2,2,1,17,4,125,1,1,LEXMOTO ADRENALINE 125,2,E01007495,0,-1
2021302100950,2021,302100950,2,3,0,17,19,6,8,0,0,0,0,0,0,0,0,1,6,6,1,19,4,125,1,2,LEXMOTO ADRENALINE 125,3,E01019759,0,-1
2021351016956,2021,351016956,2,3,0,18,19,3,7,0,0,0,1,0,0,0,0,1,6,6,1,28,6,125,1,2,LEXMOTO ADRENALINE 125,1,E01015647,0,-1
2021010306062,2021,010306062,2,4,0,15,15,3,7,9,9,8,0,0,0,0,1,1,6,6,1,25,5,125,1,4,LEXMOTO ADRENALINE 125,5,E01004347,0,-1
2021041121664,2021,041121664,2,9,0,17,19,3,8,0,0,8,0,0,0,0,3,1,6,6,2,65,9,1988,1,19,-1,6,E01025591,0,-1
2021451053544,2021,451053544,1,9,0,18,19,2,6,0,0,0,0,0,0,0,4,1,6,6,1,85,11,1988,1,21,-1,10,E01030403,0,-1
2021010296374,2021,010296374,1,9,0,9,9,8,6,0,0,8,0,0,0,0,1,1,6,6,2,51,8,1988,1,17,-1,8,E01002174,0,-1
2021070243201,2021,070243201,1,9,0,5,5,1,5,0,0,6,0,0,0,0,1,1,6,6,1,-1,-1,1988,1,16,-1,-1,-1,0,-1
2021010310067,2021,010310067,2,9,0,4,4,4,8,0,0,0,0,0,0,0,2,1,2,2,1,29,6,2995,1,17,LEXUS RX 300,3,E01004123,0,-1
2021010340726,2021,010340726,1,9,0,2,2,0,0,0,0,0,0,0,0,0,3,1,6,6,3,-1,-1,2995,1,18,LEXUS RX 300,-1,-1,0,-1
2021010352467,2021,010352467,1,9,0,18,19,7,3,0,0,5,0,0,0,0,1,1,6,6,1,54,8,2995,1,17,LEXUS RX 300,3,E01003915,0,-1
2021201109306,2021,201109306,2,9,0,18,19,3,7,0,0,1,0,0,0,0,1,1,6,6,1,27,6,2995,1,16,LEXUS RX 300,1,E01009092,0,-1
2021010310362,2021,010310362,1,9,0,18,19,5,1,0,0,4,0,0,0,0,3,2,6,6,1,39,7,2995,1,16,LEXUS RX 300,9,E01024300,0,-1
2021430464602,2021,430464602,1,9,0,18,19,8,4,0,0,8,0,0,0,0,1,1,6,6,2,59,9,2995,1,17,LEXUS RX 300,9,E01028682,0,-1
2021010339739,2021,010339739,2,9,0,18,19,3,7,0,0,6,0,0,0,0,1,9,6,6,3,-1,-1,2995,1,17,LEXUS RX 300,2,E01000743,0,-1
202134NNC1891,2021,34NNC1891,1,9,0,9,9,8,4,0,0,8,0,0,0,0,3,1,6,6,1,78,11,2995,1,19,LEXUS RX 300,2,E01027341,0,-1
2021471036309,2021,471036309,3,9,0,18,19,2,6,0,0,0,0,0,1,0,1,1,5,6,2,27,6,2995,1,15,LEXUS RX 300,9,E01031670,0,-1
2021471124084,2021,471124084,2,9,0,3,3,3,8,0,0,1,0,0,0,0,2,1,6,6,2,-1,-1,2995,1,17,LEXUS RX 300,4,E01031806,0,-1
2021302101222,2021,302101222,1,9,0,18,19,6,2,0,0,1,0,0,0,0,1,1,6,6,1,32,6,2995,1,18,LEXUS RX 300,-1,-1,0,-1
2021010296919,2021,010296919,2,9,0,99,99,9,9,99,99,9,9,99,9,99,1,9,6,6,1,49,8,2995,7,18,LEXUS RX 300,6,E01003375,0,-1
2021461100959,2021,461100959,2,5,0,5,5,5,1,0,0,0,0,0,0,0,1,1,6,6,1,57,9,497,1,71,-1,4,E01016074,0,-1
2021421022905,2021,421022905,2,4,0,18,19,7,3,0,0,3,0,0,0,0,4,1,5,6,1,57,9,500,1,61,-1,4,E01021674,0,-1
2021221101432,2021,221101432,2,9,0,18,19,8,4,0,0,8,1,0,0,0,1,1,3,7,2,34,6,1998,1,0,-1,9,E01032448,0,-1
2021070401964,2021,070401964,2,21,1,4,4,3,7,0,0,0,0,0,0,0,2,1,1,1,1,51,8,2998,2,3,MITSUBISHI FUSO CANTER,1,E01013000,0,-1
202134WNC2341,2021,34WNC2341,2,19,0,18,19,6,2,0,0,0,0,0,0,0,1,1,1,1,1,50,8,-1,-1,-1,MITSUBISHI FUSO CANTER,7,E01027102,0,-1
2021411085140,2021,411085140,2,21,0,10,10,3,7,0,0,1,0,0,0,0,2,1,1,1,1,65,9,2998,2,1,MITSUBISHI FUSO CANTER,8,E01027348,0,-1
2021440098516,2021,440098516,1,20,0,18,19,6,0,0,0,0,0,0,0,0,1,1,2,2,1,50,8,2998,2,5,MITSUBISHI FUSO CANTER,3,E01017364,0,-1
2021010300746,2021,010300746,1,19,0,18,19,1,5,0,0,0,0,11,0,0,1,1,1,1,1,61,9,2998,2,7,MITSUBISHI FUSO CANTER,5,E01003116,0,-1
2021471037496,2021,471037496,2,19,0,18,19,3,7,0,0,8,0,0,0,0,1,1,2,2,1,43,7,2998,2,7,MITSUBISHI FUSO CANTER,8,E01021140,0,-1
2021010350445,2021,010350445,2,19,9,99,99,9,9,99,99,9,9,99,0,0,9,9,6,6,3,-1,-1,2998,2,4,MITSUBISHI FUSO CANTER,-1,-1,0,-1
2021991059447,2021,991059447,1,21,0,16,19,4,8,0,0,1,0,0,0,0,3,1,1,1,1,47,8,2998,2,4,MITSUBISHI FUSO CANTER,1,-1,0,-1
2021451092972,2021,451092972,2,20,0,18,19,7,3,0,0,0,0,0,0,0,1,1,1,1,1,65,9,-1,-1,-1,MITSUBISHI FUSO CANTER,5,E01016577,0,-1
2021451107767,2021,451107767,1,90,0,18,19,4,8,0,0,0,0,0,0,0,4,1,1,1,1,56,9,2998,2,3,-1,4,E01030710,0,-1
2021231049248,2021,231049248,3,19,0,3,3,6,2,0,0,1,0,0,0,0,3,2,1,1,1,31,6,2998,2,4,MITSUBISHI FUSO CANTER,7,E01031244,0,-1
2021061126856,2021,061126856,1,21,0,10,10,8,6,0,0,1,0,0,0,0,2,1,1,1,1,57,9,2998,2,8,-1,7,E01005627,0,-1
202131B119121,2021,31B119121,1,19,0,18,19,6,2,0,0,1,0,0,0,0,1,1,1,1,1,27,6,2998,2,7,MITSUBISHI FUSO CANTER,3,E01019541,0,-1
2021211068303,2021,211068303,1,19,0,3,3,1,5,0,0,8,0,0,0,0,1,1,1,1,1,29,6,2998,2,3,MITSUBISHI FUSO CANTER,3,E01008936,0,-1
2021451116571,2021,451116571,2,19,0,2,2,3,7,0,0,1,0,0,0,0,2,1,1,1,1,47,8,2977,2,13,MITSUBISHI FUSO CANTER,-1,-1,0,-1
2021501071789,2021,501071789,1,20,0,2,2,1,5,0,0,0,0,0,0,0,0,1,1,1,1,56,9,2998,2,8,MITSUBISHI FUSO CANTER,6,E01032109,0,-1
2021351030736,2021,351030736,3,20,5,4,4,7,3,0,0,0,0,0,7,10,4,1,1,1,1,34,6,2998,2,2,MITSUBISHI FUSO CANTER,6,E01033179,0,-1
2021161084117,2021,161084117,1,20,0,4,4,6,2,0,0,2,0,0,0,0,2,1,1,1,1,49,8,2998,2,3,MITSUBISHI FUSO CANTER,6,E01012961,0,-1
202154A801821,2021,54A801821,1,19,0,18,19,5,1,0,0,1,0,0,0,0,1,1,1,1,1,46,8,2998,2,5,MITSUBISHI FUSO CANTER,4,E01015475,0,-1
2021061109346,2021,061109346,2,20,0,18,19,7,3,0,0,0,0,0,0,0,2,1,1,1,1,60,9,2998,2,2,MITSUBISHI FUSO CANTER,-1,-1,0,-1
2021010332656,2021,010332656,3,20,9,18,19,3,7,0,0,0,9,99,0,0,1,1,6,6,1,53,8,2998,2,6,MITSUBISHI FUSO CANTER,1,E01003515,0,-1
2021302101458,2021,302101458,1,20,0,4,4,2,6,0,0,1,0,0,0,0,1,1,1,1,1,51,8,2998,2,2,MITSUBISHI FUSO CANTER,1,E01010831,0,-1
2021221100853,2021,221100853,2,21,1,9,9,5,3,0,0,8,0,0,0,0,3,1,1,1,1,38,7,2998,2,2,MITSUBISHI FUSO CANTER,3,E01033497,0,-1
2021010294732,2021,010294732,2,20,0,1,1,1,5,99,99,0,9,99,0,0,2,9,6,6,3,-1,-1,2998,2,9,MITSUBISHI FUSO CANTER,-1,-1,0,-1
2021010324409,2021,010324409,1,19,4,9,9,7,5,0,0,8,0,0,0,0,3,1,1,1,1,46,8,2977,2,13,MITSUBISHI FUSO CANTER,10,E01004112,0,-1
2021161039198,2021,161039198,1,19,0,2,2,6,2,0,0,2,0,0,0,0,0,1,1,1,1,45,7,2998,2,5,MITSUBISHI FUSO CANTER,1,E01010880,0,-1
2021451028671,2021,451028671,2,19,0,2,2,0,0,0,0,0,0,0,0,0,3,1,6,6,1,55,8,2998,2,7,MITSUBISHI FUSO CANTER,5,E01010818,0,-1
2021451043452,2021,451043452,2,20,0,18,19,3,7,0,0,4,0,0,0,0,1,1,6,6,1,56,9,-1,-1,-1,MITSUBISHI FUSO CANTER,4,E01030710,0,-1
2021522103173,2021,522103173,2,20,0,3,3,1,5,0,0,8,0,0,0,0,2,1,6,6,1,49,8,2998,2,2,MITSUBISHI FUSO CANTER,2,E01014630,0,-1
2021471016938,2021,471016938,1,20,0,10,10,8,3,0,0,0,0,0,0,0,2,1,1,1,1,31,6,2998,2,3,MITSUBISHI FUSO CANTER,9,E01004111,0,-1
2021471107472,2021,471107472,1,19,0,17,19,5,2,0,0,8,0,0,1,4,1,1,1,1,1,64,9,2977,2,13,MITSUBISHI FUSO CANTER,7,E01032717,0,-1
2021010304034,2021,010304034,1,19,0,7,7,5,7,0,0,8,0,0,0,0,4,1,1,1,1,56,9,2998,2,4,MITSUBISHI FUSO CANTER,4,E01000949,0,-1
2021451066309,2021,451066309,1,19,0,8,8,1,3,0,0,6,0,0,0,0,1,1,6,6,1,45,7,2998,2,8,MITSUBISHI FUSO CANTER,9,E01030716,0,-1
2021010321342,2021,010321342,2,19,0,18,19,3,7,0,0,1,0,0,0,0,1,1,1,1,1,-1,-1,2998,2,3,MITSUBISHI FUSO CANTER,7,E01003369,0,-1
2021131041384,2021,131041384,2,9,0,9,9,3,1,0,0,1,0,0,0,0,1,1,5,6,2,18,4,999,1,3,SKODA CITIGO,4,E01011606,0,-1
2021070250436,2021,070250436,1,9,0,18,19,8,4,0,0,0,0,0,1,4,1,1,6,6,1,81,11,999,1,6,SKODA CITIGO,-1,-1,0,-1
2021031128493,2021,031128493,1,9,0,4,4,3,7,0,0,5,1,0,0,0,1,1,6,6,1,28,6,999,1,5,SKODA CITIGO,4,E01019147,0,-1