collision_index,collision_year,collision_ref_no,vehicle_reference,vehicle_type,towing_and_articulation,vehicle_manoeuvre_historic,vehicle_manoeuvre,vehicle_direction_from,vehicle_direction_to,vehicle_location_restricted_lane_historic,vehicle_location_restricted_lane,junction_location,skidding_and_overturning,hit_object_in_carriageway,vehicle_leaving_carriageway,hit_object_off_carriageway,first_point_of_impact,vehicle_left_hand_drive,journey_purpose_of_driver_historic,journey_purpose_of_driver,sex_of_driver,age_of_driver,age_band_of_driver,engine_capacity_cc,propulsion_code,age_of_vehicle,generic_make_model,driver_imd_decile,lsoa_of_driver,escooter_flag,driver_distance_banding
2021131114774,2021,131114774,2,9,0,18,19,5,1,0,0,8,0,0,0,0,1,1,5,6,1,21,5,999,1,7,SKODA CITIGO,8,E01011219,0,-1
2021061112158,2021,061112158,1,9,0,9,9,3,1,0,0,8,0,0,0,0,0,1,5,6,2,21,5,999,1,7,SKODA CITIGO,9,E01005848,0,-1
2021201057197,2021,201057197,1,9,0,18,19,2,6,0,0,1,0,0,0,0,1,1,6,6,2,-1,-1,999,1,6,SKODA CITIGO,6,E01009614,0,-1
202134WNC6181,2021,34WNC6181,1,9,0,7,7,7,1,0,0,6,0,0,0,0,1,1,6,6,2,17,4,999,1,9,SKODA CITIGO,8,E01026993,0,-1
2021501109225,2021,501109225,1,9,0,18,19,2,6,0,0,0,1,0,0,0,1,1,5,6,1,27,6,999,1,7,SKODA CITIGO,5,E01018981,0,-1
2021231014985,2021,231014985,2,9,0,18,19,2,6,0,0,8,0,0,1,11,1,1,2,2,2,22,5,999,1,2,SKODA CITIGO,10,E01031122,0,-1
2021141034847,2021,141034847,1,9,0,18,19,8,4,0,0,8,0,0,0,0,3,1,5,6,2,62,9,999,1,8,SKODA CITIGO,6,E01008020,0,-1
2021061133761,2021,061133761,1,9,0,13,13,4,8,0,0,8,0,0,0,0,3,1,1,1,1,29,6,999,1,3,SKODA CITIGO,1,E01005129,0,-1
2021141042333,2021,141042333,1,9,0,18,19,1,5,0,0,0,0,0,0,0,1,1,5,6,1,88,11,999,1,6,SKODA CITIGO,9,E01007926,0,-1
2021141056484,2021,141056484,1,9,0,9,9,5,3,0,0,8,0,0,0,0,1,1,1,1,1,21,5,999,1,7,SKODA CITIGO,6,E01008030,0,-1
2021991168083,2021,991168083,2,9,0,18,19,1,5,0,0,0,0,0,0,0,1,1,5,6,1,75,10,999,1,7,SKODA CITIGO,7,-1,0,-1
2021421091968,2021,421091968,2,9,0,18,19,2,6,0,0,1,0,0,0,0,1,1,5,6,2,31,6,999,1,5,SKODA CITIGO,2,E01013947,0,-1
2021421089321,2021,421089321,1,9,0,9,9,7,3,0,0,1,0,0,0,0,4,1,6,6,2,18,4,999,1,8,SKODA CITIGO,7,E01021856,0,-1
2021010322478,2021,010322478,1,9,0,18,19,5,1,0,0,8,0,0,0,0,1,1,6,6,2,65,9,999,1,4,SKODA CITIGO,9,E01003271,0,-1
2021451110805,2021,451110805,1,9,0,18,19,5,1,0,0,0,0,10,1,0,1,1,1,1,2,60,9,999,1,3,SKODA CITIGO,10,E01030442,0,-1
202134NNC2661,2021,34NNC2661,1,9,0,15,15,7,3,0,0,0,0,0,0,0,4,1,6,6,1,-1,-1,999,1,6,SKODA CITIGO,8,E01027074,0,-1
202131A120821,2021,31A120821,1,9,0,18,19,8,4,0,0,0,0,0,0,0,1,1,6,6,1,39,7,999,1,6,SKODA CITIGO,1,E01027978,0,-1
2021061077884,2021,061077884,1,9,0,9,9,1,3,0,0,8,0,0,0,0,3,1,5,6,2,21,5,999,1,5,SKODA CITIGO,10,E01018663,0,-1
2021440376933,2021,440376933,2,9,0,5,5,3,7,0,0,1,0,0,0,0,1,1,6,6,1,25,5,999,1,7,SKODA CITIGO,6,E01032011,0,-1
2021430549588,2021,430549588,2,9,0,18,19,1,5,0,0,0,0,0,0,0,3,1,6,6,1,26,6,999,1,5,SKODA CITIGO,1,E01016845,0,-1
2021041113970,2021,041113970,1,9,0,18,19,1,5,0,0,0,0,0,0,0,1,2,6,6,2,57,9,999,1,6,SKODA CITIGO,3,E01025578,0,-1
2021101041189,2021,101041189,1,9,0,18,19,4,6,0,0,0,0,0,0,0,1,1,5,6,1,23,5,999,1,7,SKODA CITIGO,-1,-1,0,-1
2021101095321,2021,101095321,1,9,0,18,19,5,1,0,0,0,0,0,0,0,4,1,5,6,1,28,6,999,1,7,SKODA CITIGO,4,E01008255,0,-1
2021430019073,2021,430019073,1,9,0,6,6,7,7,0,0,8,0,0,0,0,1,1,6,6,1,25,5,999,1,7,SKODA CITIGO,9,E01016585,0,-1
2021041052562,2021,041052562,1,9,0,14,14,3,7,0,0,1,0,0,0,0,1,1,6,6,1,31,6,999,1,6,SKODA CITIGO,2,E01012728,0,-1
2021440387766,2021,440387766,2,9,0,9,9,2,8,0,0,8,1,0,0,0,2,1,6,6,2,44,7,999,1,5,SKODA CITIGO,10,E01022884,0,-1
2021371061783,2021,371061783,2,9,0,8,8,3,6,0,0,2,0,0,0,0,2,1,2,2,2,22,5,999,1,6,SKODA CITIGO,8,E01002385,0,-1
2021991065453,2021,991065453,2,9,0,17,19,8,6,0,0,0,0,0,0,0,1,1,5,6,1,29,6,999,1,3,SKODA CITIGO,8,-1,0,-1
2021052101103,2021,052101103,2,9,0,2,2,0,0,0,0,0,0,0,0,0,1,1,6,6,3,-1,-1,999,1,3,SKODA CITIGO,-1,-1,0,-1
2021471057322,2021,471057322,1,9,0,18,19,1,5,0,0,8,0,0,0,0,1,1,5,6,2,20,4,999,1,5,SKODA CITIGO,6,E01017173,0,-1
2021610049521,2021,610049521,1,9,0,18,19,5,1,0,0,0,0,0,0,0,1,1,6,6,2,46,8,999,1,9,SKODA CITIGO,4,W01001610,0,-1
2021430487000,2021,430487000,2,9,0,4,4,6,2,0,0,0,0,0,0,0,2,1,6,6,1,45,7,999,1,3,SKODA CITIGO,7,E01017851,0,-1
2021161074413,2021,161074413,2,9,0,18,19,6,2,0,0,0,0,0,0,0,1,1,5,6,2,53,8,999,1,5,SKODA CITIGO,-1,-1,0,-1
2021061096940,2021,061096940,1,9,0,3,3,3,7,0,0,1,0,0,0,0,1,1,6,6,2,63,9,999,1,6,SKODA CITIGO,3,E01004992,0,-1
2021010320518,2021,010320518,1,9,0,18,19,1,5,0,0,0,1,0,1,0,4,1,6,6,2,59,9,999,1,4,SKODA CITIGO,4,E01018062,0,-1
2021101057189,2021,101057189,1,9,-1,-1,-1,-1,-1,-1,-1,-1,-1,-1,-1,0,-1,1,5,6,1,34,6,999,1,3,SKODA CITIGO,-1,-1,0,-1
2021371103171,2021,371103171,2,9,0,18,19,7,3,0,0,1,0,0,0,0,1,1,2,2,2,25,5,999,1,5,SKODA CITIGO,5,E01030093,0,-1
2021501120830,2021,501120830,1,9,0,18,19,3,7,0,0,0,0,0,0,0,3,1,5,6,1,48,8,999,1,7,SKODA CITIGO,4,E01018980,0,-1
2021522104800,2021,522104800,1,9,0,9,9,7,5,0,0,6,0,0,0,0,1,1,6,6,1,78,11,999,1,7,SKODA CITIGO,8,E01014996,0,-1
2021991067776,2021,991067776,2,9,0,2,2,0,0,0,0,0,0,0,0,0,3,1,6,6,3,-1,-1,999,1,6,SKODA CITIGO,-1,-1,0,-1
2021531086656,2021,531086656,2,9,0,4,4,3,7,0,0,0,2,0,7,4,2,1,5,6,2,63,9,999,1,5,SKODA CITIGO,6,E01022260,0,-1
2021302101730,2021,302101730,1,9,0,4,4,2,6,0,0,0,0,0,0,0,2,1,6,6,2,57,9,999,1,3,SKODA CITIGO,10,E01019830,0,-1
2021010343086,2021,010343086,2,9,0,9,9,3,1,0,0,6,0,0,0,0,3,1,6,6,2,42,7,999,1,5,SKODA CITIGO,1,E01000105,0,-1
2021501091263,2021,501091263,1,9,0,18,19,7,3,0,0,0,0,0,0,0,3,1,5,6,2,18,4,999,1,8,SKODA CITIGO,2,E01018774,0,-1
2021991029013,2021,991029013,2,9,0,10,10,3,8,0,0,1,0,0,0,0,2,1,6,6,2,62,9,999,1,4,SKODA CITIGO,8,-1,0,-1
202134NNC3361,2021,34NNC3361,2,9,0,9,9,6,3,0,0,1,0,0,0,0,0,1,6,6,2,84,11,999,1,8,SKODA CITIGO,6,E01026953,0,-1
2021461031944,2021,461031944,2,9,0,18,19,1,5,0,0,0,0,0,0,0,3,1,5,6,2,61,9,999,1,5,SKODA CITIGO,4,E01024197,0,-1
2021131111995,2021,131111995,1,9,0,18,19,1,5,0,0,0,0,0,0,0,3,1,2,2,2,58,9,999,1,4,SKODA CITIGO,7,E01011110,0,-1
2021010315305,2021,010315305,1,9,0,9,9,1,6,0,0,1,0,0,0,0,4,1,6,6,2,43,7,999,1,5,SKODA CITIGO,4,E01003076,0,-1
2021031031598,2021,031031598,1,9,0,4,4,2,6,0,0,0,0,0,0,0,2,1,6,6,1,29,6,999,1,5,SKODA CITIGO,2,E01019269,0,-1
2021101066506,2021,101066506,1,9,0,18,19,6,2,0,0,1,0,0,0,0,1,1,6,6,1,22,5,999,1,5,SKODA CITIGO,3,E01008349,0,-1
2021221105743,2021,221105743,1,9,0,18,19,5,1,0,0,0,1,0,2,9,1,1,5,6,2,21,5,999,1,2,SKODA CITIGO,7,E01014204,0,-1
2021991047889,2021,991047889,1,9,0,17,19,7,3,0,0,1,0,0,1,0,1,1,5,6,1,22,5,999,1,5,SKODA CITIGO,2,-1,0,-1
2021610055421,2021,610055421,1,9,0,18,19,1,5,0,0,0,0,0,7,0,1,1,1,1,1,39,7,999,1,5,SKODA CITIGO,9,W01001227,0,-1
2021991060360,2021,991060360,1,9,0,18,19,8,5,0,0,0,0,0,0,0,1,1,1,1,1,35,6,999,1,5,SKODA CITIGO,3,-1,0,-1
2021430239724,2021,430239724,1,9,0,9,9,4,2,0,0,6,0,0,0,0,4,1,6,6,2,76,11,999,1,7,SKODA CITIGO,9,E01032957,0,-1
2021451034865,2021,451034865,2,9,0,7,7,3,7,0,0,1,1,0,0,0,3,1,5,6,2,18,4,999,1,7,SKODA CITIGO,10,E01030963,0,-1
2021991086007,2021,991086007,1,9,0,9,9,1,6,0,0,5,0,0,0,0,1,1,2,2,2,63,9,999,1,4,SKODA CITIGO,4,-1,0,-1
2021471044616,2021,471044616,2,9,0,18,19,5,8,0,0,0,0,0,0,0,4,1,1,1,2,36,7,999,1,2,SKODA CITIGO,4,E01022621,0,-1
2021122100391,2021,122100391,2,9,0,17,19,5,1,0,0,0,0,0,0,0,3,1,6,6,2,30,6,999,1,9,SKODA CITIGO,10,E01011376,0,-1
202131B060521,2021,31B060521,1,9,0,18,19,8,4,0,0,8,5,0,0,0,1,1,6,6,2,87,11,999,1,4,SKODA CITIGO,2,E01028313,0,-1
2021461109188,2021,461109188,2,9,0,18,19,2,5,0,0,0,0,0,0,0,1,1,6,6,2,-1,-1,999,1,2,SKODA CITIGO,7,E01030850,0,-1
2021201143554,2021,201143554,1,9,0,9,9,6,4,0,0,5,0,0,0,0,1,1,6,6,2,76,11,999,1,3,SKODA CITIGO,7,E01009040,0,-1
2021622100680,2021,622100680,1,9,0,18,19,7,3,0,0,1,0,0,0,0,1,1,6,6,2,72,10,999,1,6,SKODA CITIGO,4,W01000882,0,-1
2021471106406,2021,471106406,2,9,0,18,19,6,2,0,0,1,0,0,0,0,4,1,1,1,2,21,5,999,1,8,SKODA CITIGO,10,E01031639,0,-1
2021161094026,2021,161094026,1,9,0,18,19,3,7,0,0,0,0,0,0,0,1,1,5,6,1,46,8,999,1,7,SKODA CITIGO,1,E01012836,0,-1
2021411171115,2021,411171115,1,9,0,5,5,3,7,0,0,0,0,0,0,0,4,1,6,6,1,38,7,999,1,6,SKODA CITIGO,7,E01023880,0,-1
202154A835821,2021,54A835821,2,9,0,4,4,5,1,0,0,4,0,0,0,0,2,1,6,6,1,46,8,999,1,9,SKODA CITIGO,9,E01029031,0,-1
2021131063447,2021,131063447,1,9,0,18,19,2,6,0,0,0,0,0,0,0,1,1,6,6,3,-1,-1,999,1,9,SKODA CITIGO,-1,-1,0,-1
2021052102712,2021,052102712,1,9,0,9,9,1,7,0,0,8,0,0,0,0,1,1,6,6,2,30,6,999,1,8,SKODA CITIGO,5,E01024930,0,-1
2021411085140,2021,411085140,1,9,0,18,19,3,7,0,0,1,0,0,0,0,1,1,6,6,2,37,7,999,7,8,SKODA CITIGO,5,E01017586,0,-1
2021552100666,2021,552100666,1,9,0,9,9,5,3,0,0,1,0,0,0,0,1,1,6,6,2,81,11,999,1,3,SKODA CITIGO,7,E01020428,0,-1
2021111130655,2021,111130655,2,9,0,18,19,5,2,0,0,8,0,0,0,0,1,1,2,2,1,24,5,999,1,7,SKODA CITIGO,3,E01012353,0,-1
2021501083546,2021,501083546,1,9,0,18,19,5,1,0,0,1,0,0,0,0,0,1,5,6,1,43,7,999,1,7,SKODA CITIGO,4,E01018887,0,-1
2021161041551,2021,161041551,2,9,0,18,19,2,6,0,0,0,0,0,0,0,1,1,2,2,2,37,7,999,1,4,SKODA CITIGO,4,E01012803,0,-1
2021451077359,2021,451077359,1,9,0,11,11,6,2,0,0,1,0,0,0,0,4,1,3,7,2,39,7,999,1,7,SKODA CITIGO,9,E01030960,0,-1
2021201114136,2021,201114136,1,9,0,1,1,4,8,0,0,0,0,4,0,0,4,1,6,6,2,22,5,999,1,5,SKODA CITIGO,5,E01009293,0,-1
2021622100470,2021,622100470,2,9,0,18,19,2,6,0,0,8,0,0,0,0,2,1,6,6,2,26,6,999,1,8,SKODA CITIGO,2,W01000790,0,-1
2021471104167,2021,471104167,1,9,0,5,5,2,6,0,0,2,0,0,0,0,3,1,5,6,2,74,10,999,1,4,SKODA CITIGO,4,E01031453,0,-1
2021122100732,2021,122100732,1,9,0,4,4,5,1,0,0,0,0,0,0,0,2,1,6,6,2,54,8,999,1,3,SKODA CITIGO,8,E01027895,0,-1
2021131119859,2021,131119859,1,9,0,-1,-1,-1,-1,-1,-1,8,-1,-1,-1,0,-1,1,6,6,3,-1,-1,999,1,2,SKODA CITIGO,-1,-1,0,-1
2021141014953,2021,141014953,1,9,0,18,19,5,1,0,0,1,0,0,4,6,2,1,5,6,1,69,10,999,1,2,SKODA CITIGO,8,E01008141,0,-1
2021430169666,2021,430169666,1,9,0,5,5,4,2,0,0,2,0,0,1,4,2,1,1,1,2,37,7,999,1,2,SKODA CITIGO,9,E01028793,0,-1
2021622100480,2021,622100480,6,9,0,2,2,0,0,0,0,0,0,0,0,0,2,1,6,6,3,-1,-1,999,1,8,SKODA CITIGO,-1,-1,0,-1
2021010289732,2021,010289732,1,9,0,16,19,6,2,0,0,8,0,0,0,0,0,1,6,6,2,38,7,999,1,7,SKODA CITIGO,5,E01002501,0,-1
2021131053154,2021,131053154,1,9,0,18,19,1,1,0,0,1,0,0,0,0,1,1,6,6,1,30,6,999,1,7,SKODA CITIGO,1,E01011429,0,-1
2021131101306,2021,131101306,3,9,0,2,2,0,0,9,9,0,0,0,0,0,1,1,6,6,3,-1,-1,999,1,6,SKODA CITIGO,-1,-1,0,-1
2021471059075,2021,471059075,1,9,0,18,19,1,5,0,0,6,0,0,0,0,1,1,5,6,2,45,7,999,1,9,SKODA CITIGO,6,E01016987,0,-1
2021010319379,2021,010319379,2,9,0,18,19,5,1,0,0,0,0,0,0,0,0,1,6,6,1,-1,-1,999,1,8,SKODA CITIGO,-1,-1,0,-1
2021010296376,2021,010296376,2,9,0,8,8,4,6,0,0,1,0,10,0,0,2,1,6,6,2,65,9,999,1,7,SKODA CITIGO,8,W01001904,0,-1
2021061114850,2021,061114850,1,9,0,8,8,6,8,0,0,8,0,0,0,0,1,1,6,6,1,84,11,999,1,6,SKODA CITIGO,7,E01005901,0,-1
2021161056956,2021,161056956,1,9,0,18,19,8,4,0,0,4,0,0,0,0,3,1,5,6,1,47,8,999,1,7,SKODA CITIGO,-1,-1,0,-1
2021170H10391,2021,170H10391,1,9,0,18,19,1,5,0,0,0,0,0,1,2,1,1,6,6,2,75,10,999,1,8,SKODA CITIGO,8,E01012204,0,-1
2021302100630,2021,302100630,1,4,0,18,19,6,2,0,0,0,0,0,0,0,3,1,6,6,1,44,7,348,1,24,-1,1,E01005947,0,-1
2021211194067,2021,211194067,2,3,0,18,19,1,5,0,0,0,5,0,0,0,1,1,6,6,1,33,6,124,1,15,-1,6,E01029756,0,-1
2021061104027,2021,061104027,1,3,0,18,19,5,1,0,0,1,0,0,0,0,1,1,6,6,1,17,4,124,1,16,-1,1,E01004926,0,-1
2021302101230,2021,302101230,2,4,0,18,19,8,4,0,0,8,0,0,0,0,2,1,6,6,1,67,10,124,1,11,-1,4,E01019574,0,-1
2021501066075,2021,501066075,1,3,0,14,14,1,5,0,0,1,0,0,0,0,1,1,6,6,1,29,6,124,1,19,-1,5,E01018902,0,-1
2021122100234,2021,122100234,1,3,0,9,9,1,7,0,0,2,0,0,0,0,3,1,2,2,1,28,6,124,1,21,-1,1,E01027804,0,-1
2021010335206,2021,010335206,2,5,0,13,13,7,3,0,0,0,5,0,0,0,1,1,6,6,1,29,6,749,1,1,-1,5,E01021297,0,-1
2021451076821,2021,451076821,1,5,0,17,19,7,5,0,0,8,5,0,0,0,1,1,5,6,1,63,9,749,1,4,-1,10,E01030806,0,-1
2021411068667,2021,411068667,2,5,0,4,4,4,8,0,0,4,0,0,0,0,2,1,6,6,1,59,9,888,1,1,TRIUMPH TIGER,7,E01023514,0,-1
2021501081770,2021,501081770,2,5,0,18,19,3,7,0,0,0,1,4,0,0,1,1,5,6,1,55,8,955,1,16,TRIUMPH TIGER,5,E01019065,0,-1
2021101064460,2021,101064460,2,5,0,18,19,7,3,0,0,8,5,0,0,0,0,1,2,2,1,60,9,1050,1,14,TRIUMPH TIGER,2,E01008210,0,-1
2021010312533,2021,010312533,1,5,0,18,19,7,3,0,0,0,0,0,0,0,4,1,2,2,1,45,7,800,1,3,TRIUMPH TIGER,-1,-1,0,-1
2021122101463,2021,122101463,1,3,0,18,19,1,5,0,0,2,0,0,0,0,3,1,2,2,1,64,9,885,1,21,TRIUMPH TIGER,6,E01027915,0,-1
2021101075595,2021,101075595,2,5,0,3,3,3,7,0,0,0,0,0,0,0,2,1,5,6,1,57,9,888,1,0,TRIUMPH TIGER,2,E01020784,0,-1
2021201147387,2021,201147387,2,5,0,18,19,4,8,0,0,0,0,0,0,0,2,1,6,6,1,25,5,800,1,7,TRIUMPH TIGER,6,E01029621,0,-1
2021421037729,2021,421037729,1,5,0,18,19,1,6,0,0,3,0,0,0,0,0,1,2,2,1,56,9,800,1,6,TRIUMPH TIGER,7,E01021381,0,-1
2021101048758,2021,101048758,1,5,0,16,19,7,3,0,0,0,0,0,1,0,1,1,5,6,1,62,9,955,1,20,TRIUMPH TIGER,5,E01027365,0,-1
2021430244368,2021,430244368,1,5,0,5,5,1,5,0,0,1,0,0,0,0,3,1,6,6,1,52,8,955,1,18,TRIUMPH TIGER,8,E01016468,0,-1
2021070712315,2021,070712315,1,5,0,18,19,5,1,0,0,0,1,0,0,0,3,1,6,6,2,40,7,800,1,4,TRIUMPH TIGER,1,W01000425,0,-1
2021991028687,2021,991028687,2,5,0,18,19,7,3,0,0,0,0,0,0,0,1,1,1,1,1,60,9,1050,1,11,TRIUMPH TIGER,10,-1,0,-1
2021131099265,2021,131099265,1,5,0,18,19,1,5,0,0,0,0,0,0,0,4,1,1,1,1,56,9,800,1,5,TRIUMPH TIGER,2,E01010605,0,-1
2021451067179,2021,451067179,1,5,0,3,3,6,2,0,0,0,0,0,0,0,1,1,6,6,1,61,9,800,1,1,TRIUMPH TIGER,9,E01030567,0,-1
2021122100535,2021,122100535,1,5,0,9,9,7,5,0,0,1,0,0,0,0,1,1,6,6,1,61,9,1050,1,4,TRIUMPH TIGER,3,E01012119,0,-1
2021991042363,2021,991042363,2,5,0,13,13,7,3,0,0,8,0,0,0,0,4,1,2,2,1,39,7,800,1,7,TRIUMPH TIGER,7,-1,0,-1
2021231073479,2021,231073479,1,5,0,7,7,8,6,0,0,3,1,10,0,0,1,1,5,6,1,50,8,1050,1,12,TRIUMPH TIGER,1,E01009259,0,-1
2021221100702,2021,221100702,1,5,0,4,4,2,6,0,0,0,2,0,0,0,4,1,5,6,1,62,9,1050,1,13,TRIUMPH TIGER,7,E01014036,0,-1
2021531111295,2021,531111295,1,5,0,17,19,2,6,0,0,8,0,0,0,0,1,1,2,2,1,56,9,800,1,2,TRIUMPH TIGER,9,E01022246,0,-1
2021522103309,2021,522103309,2,5,0,18,19,5,1,0,0,8,0,0,0,0,1,1,6,6,1,64,9,1215,1,5,TRIUMPH TIGER,7,E01014838,0,-1
2021010337401,2021,010337401,1,5,0,18,19,3,7,0,0,0,0,0,0,0,4,1,2,2,1,39,7,1050,1,14,TRIUMPH TIGER,1,E01015932,0,-1
2021101047616,2021,101047616,1,5,0,18,19,6,2,0,0,0,0,0,0,0,3,1,5,6,1,72,10,888,1,1,TRIUMPH TIGER,8,E01024913,0,-1
202134WNC3491,2021,34WNC3491,1,5,0,18,19,7,4,0,0,8,1,0,1,1,1,1,2,2,1,53,8,1215,1,4,TRIUMPH TIGER,8,E01027304,0,-1
2021010345928,2021,010345928,1,5,0,15,15,3,7,0,0,0,0,0,0,0,4,1,2,2,1,32,6,800,1,8,TRIUMPH TIGER,4,E01016143,0,-1
2021122100675,2021,122100675,1,3,0,17,19,2,7,0,0,0,0,0,1,0,1,1,6,6,1,63,9,1050,1,3,TRIUMPH TIGER,9,E01012234,0,-1
2021430280537,2021,430280537,1,5,0,18,19,5,1,0,0,0,1,0,0,0,1,1,6,6,1,44,7,800,1,5,TRIUMPH TIGER,9,E01022496,0,-1
2021430161754,2021,430161754,1,5,0,16,19,5,8,0,0,8,0,0,0,0,1,1,6,6,1,59,9,888,1,1,TRIUMPH TIGER,7,E01016582,0,-1
2021991081813,2021,991081813,1,5,0,6,6,4,4,0,0,8,0,0,0,0,4,1,5,6,1,50,8,800,1,2,TRIUMPH TIGER,7,-1,0,-1
202134WNC1801,2021,34WNC1801,2,5,0,18,19,7,3,0,0,8,0,0,0,0,1,1,6,6,1,57,9,800,1,8,TRIUMPH TIGER,2,E01027178,0,-1
2021421079048,2021,421079048,2,5,0,7,7,6,8,0,0,2,0,0,0,0,4,1,6,6,1,30,6,800,1,6,TRIUMPH TIGER,7,E01022087,0,-1
2021101041332,2021,101041332,1,5,0,13,13,1,5,0,0,8,0,0,0,0,1,1,5,6,1,64,9,800,1,10,TRIUMPH TIGER,7,E01008721,0,-1
2021302101025,2021,302101025,2,5,0,18,19,4,8,0,0,1,0,0,0,0,3,1,6,6,1,58,9,800,1,7,TRIUMPH TIGER,2,E01013521,0,-1
2021411053603,2021,411053603,1,5,0,9,9,1,5,0,0,0,0,0,0,0,1,1,5,6,1,63,9,1215,1,3,TRIUMPH TIGER,10,E01002434,0,-1
20211383R1540,2021,1383R1540,1,5,0,14,14,4,8,0,0,8,5,0,0,0,1,1,6,6,1,33,6,800,1,10,TRIUMPH TIGER,1,E01010635,0,-1
2021131116330,2021,131116330,1,5,0,17,19,7,3,0,0,0,2,0,7,0,4,1,5,6,1,78,11,888,1,0,TRIUMPH TIGER,10,E01011703,0,-1
2021471031879,2021,471031879,1,5,0,13,13,2,7,0,0,2,1,0,0,0,0,1,5,6,1,61,9,800,1,8,TRIUMPH TIGER,9,E01024797,0,-1
2021070364167,2021,070364167,1,5,0,18,19,4,8,0,0,0,1,0,0,0,1,1,6,6,1,51,8,800,1,8,TRIUMPH TIGER,1,E01006865,0,-1
202131B028821,2021,31B028821,2,5,0,18,19,6,2,0,0,8,1,0,0,0,1,1,6,6,1,70,10,800,1,4,TRIUMPH TIGER,8,E01007606,0,-1
2021070276271,2021,070276271,2,5,0,18,19,2,7,0,0,1,0,0,0,0,2,1,1,1,1,-1,-1,1215,1,9,TRIUMPH TIGER,7,E01029781,0,-1
2021451127864,2021,451127864,2,5,0,18,19,7,3,0,0,8,0,0,0,0,1,1,5,6,2,62,9,800,1,4,TRIUMPH TIGER,8,E01000828,0,-1
2021451037889,2021,451037889,1,5,0,18,19,5,1,0,0,1,0,0,0,0,1,1,2,2,1,42,7,1215,1,3,TRIUMPH TIGER,4,E01030710,0,-1
2021440332610,2021,440332610,2,5,0,18,19,7,3,0,0,8,0,0,0,0,3,1,6,6,1,47,8,1215,1,7,TRIUMPH TIGER,7,E01017175,0,-1
2021122100882,2021,122100882,1,5,0,13,13,1,5,0,0,0,1,0,0,0,0,1,6,6,1,57,9,1050,1,10,TRIUMPH TIGER,-1,-1,0,-1
2021552100875,2021,552100875,2,5,0,5,5,1,4,0,0,1,0,0,0,0,2,1,6,6,2,59,9,1050,1,14,TRIUMPH TIGER,7,E01020576,0,-1
2021991067177,2021,991067177,1,5,0,18,19,2,6,0,0,8,0,0,0,0,4,1,5,6,1,56,9,1050,1,10,TRIUMPH TIGER,10,-1,0,-1
2021010342039,2021,010342039,1,5,0,99,99,9,9,99,99,0,9,99,9,99,2,1,2,2,1,49,8,800,1,9,TRIUMPH TIGER,9,E01015806,0,-1
2021531103202,2021,531103202,1,5,0,18,19,5,1,0,0,0,1,0,0,0,1,1,2,2,1,59,9,800,1,5,TRIUMPH TIGER,9,E01022129,0,-1
2021041080469,2021,041080469,1,5,0,17,19,1,5,0,0,1,2,0,0,0,3,1,6,6,1,73,10,800,1,5,TRIUMPH TIGER,-1,-1,0,-1
2021461085663,2021,461085663,2,5,0,17,19,3,6,0,0,0,2,0,1,0,4,1,2,2,1,48,8,1215,1,4,TRIUMPH TIGER,3,E01024529,0,-1
2021991057567,2021,991057567,1,5,0,17,19,6,2,0,0,0,2,0,2,11,1,1,6,6,1,60,9,1215,1,4,TRIUMPH TIGER,7,-1,0,-1
2021351053376,2021,351053376,1,5,0,17,19,7,3,0,0,0,0,0,0,0,1,1,5,6,3,46,8,955,1,18,TRIUMPH TIGER,9,E01018006,0,-1
2021471099415,2021,471099415,2,5,0,13,13,4,8,0,0,8,0,0,0,0,4,1,5,6,1,60,9,800,1,2,TRIUMPH TIGER,7,E01016960,0,-1
20211382K0920,2021,1382K0920,2,5,0,18,19,3,7,0,0,1,0,0,0,0,1,1,6,6,1,46,8,1215,1,1,TRIUMPH TIGER,2,E01007435,0,-1
2021471031697,2021,471031697,1,5,0,18,19,4,8,0,0,0,1,0,0,0,1,1,5,6,1,75,10,800,1,8,TRIUMPH TIGER,10,E01024837,0,-1
2021070868733,2021,070868733,2,5,0,18,19,8,4,0,0,8,0,0,0,0,1,1,6,6,1,63,9,1215,1,3,TRIUMPH TIGER,4,E01018337,0,-1
2021131105767,2021,131105767,2,5,0,18,19,5,1,0,0,0,0,0,0,0,1,1,6,6,1,37,7,800,1,4,TRIUMPH TIGER,9,E01011713,0,-1
2021546120721,2021,546120721,2,5,0,5,5,2,1,0,0,4,0,0,0,0,4,1,2,2,1,59,9,800,1,7,TRIUMPH TIGER,7,E01015567,0,-1
2021421106517,2021,421106517,2,5,0,18,19,1,6,0,0,0,5,0,0,0,3,1,2,2,1,35,6,800,1,10,TRIUMPH TIGER,8,E01021916,0,-1
2021101091842,2021,101091842,2,5,0,18,19,5,1,0,0,0,0,0,0,0,2,1,5,6,1,62,9,888,1,0,TRIUMPH TIGER,8,E01027438,0,-1
2021010351109,2021,010351109,1,5,0,3,3,3,7,0,0,1,0,0,0,0,2,1,6,6,1,50,8,1050,1,0,TRIUMPH TIGER,4,E01001618,0,-1
2021421074104,2021,421074104,1,5,0,13,13,6,2,0,0,1,1,4,0,0,4,1,5,6,1,65,9,1215,1,5,TRIUMPH TIGER,9,E01021757,0,-1
2021461054673,2021,461054673,1,5,0,18,19,7,3,0,0,0,0,0,0,0,1,1,5,6,1,59,9,800,1,4,TRIUMPH TIGER,10,E01015885,0,-1