collision_index,collision_year,collision_ref_no,vehicle_reference,vehicle_type,towing_and_articulation,vehicle_manoeuvre_historic,vehicle_manoeuvre,vehicle_direction_from,vehicle_direction_to,vehicle_location_restricted_lane_historic,vehicle_location_restricted_lane,junction_location,skidding_and_overturning,hit_object_in_carriageway,vehicle_leaving_carriageway,hit_object_off_carriageway,first_point_of_impact,vehicle_left_hand_drive,journey_purpose_of_driver_historic,journey_purpose_of_driver,sex_of_driver,age_of_driver,age_band_of_driver,engine_capacity_cc,propulsion_code,age_of_vehicle,generic_make_model,driver_imd_decile,lsoa_of_driver,escooter_flag,driver_distance_banding
2021520102759,2021,520102759,1,5,0,13,13,1,5,0,0,0,0,0,0,0,4,1,6,6,1,49,8,888,1,0,TRIUMPH TIGER,6,W01001305,0,-1
2021461051646,2021,461051646,2,5,0,18,19,-1,-1,0,0,0,0,0,0,0,4,1,6,6,1,58,9,800,1,6,TRIUMPH TIGER,10,E01024825,0,-1
2021101081769,2021,101081769,1,5,0,18,19,3,7,0,0,1,2,0,0,0,1,1,5,6,1,37,7,1050,1,12,TRIUMPH TIGER,5,E01008490,0,-1
2021440136276,2021,440136276,2,5,0,18,19,3,8,0,0,8,0,0,0,0,1,1,1,1,2,62,9,1050,1,10,TRIUMPH TIGER,5,E01023128,0,-1
2021320283639,2021,320283639,1,5,0,4,4,6,2,0,0,1,5,0,0,0,3,1,2,2,1,47,8,955,1,14,TRIUMPH TIGER,9,E01026231,0,-1
2021010332034,2021,010332034,2,5,0,18,19,5,1,0,0,1,5,0,0,0,1,1,6,6,2,58,9,888,1,1,TRIUMPH TIGER,-1,-1,0,-1
202131D153321,2021,31D153321,1,5,0,16,19,7,2,0,0,8,0,0,0,0,1,1,2,2,1,56,9,1050,1,12,TRIUMPH TIGER,6,E01013476,0,-1
2021421101789,2021,421101789,2,5,0,18,19,5,1,0,0,0,2,0,7,0,1,1,2,2,1,41,7,800,1,8,TRIUMPH TIGER,6,E01033054,0,-1
2021401066063,2021,401066063,2,5,0,18,19,1,6,0,0,0,0,0,0,0,1,1,6,6,1,64,9,955,1,18,TRIUMPH TIGER,7,E01017548,0,-1
2021440423191,2021,440423191,2,5,0,9,9,6,4,0,0,8,0,0,0,0,4,1,2,2,1,45,7,800,1,2,TRIUMPH TIGER,9,E01022718,0,-1
2021991075485,2021,991075485,1,5,0,4,4,1,5,0,0,0,0,12,0,0,1,1,2,2,1,38,7,885,1,21,TRIUMPH TIGER,6,-1,0,-1
2021531089044,2021,531089044,2,5,0,4,4,5,1,0,0,1,0,0,0,0,3,1,5,6,1,58,9,1215,1,3,TRIUMPH TIGER,6,E01023155,0,-1
2021131082713,2021,131082713,2,5,0,18,19,1,5,0,0,8,0,0,0,0,1,1,6,6,1,55,8,800,1,9,TRIUMPH TIGER,7,E01010641,0,-1
2021122100515,2021,122100515,1,5,0,16,19,1,4,0,0,0,1,11,1,0,3,1,6,6,1,47,8,1050,1,7,TRIUMPH TIGER,7,E01027673,0,-1
2021481105610,2021,481105610,2,5,0,7,7,5,7,0,0,1,0,0,0,0,2,1,2,2,1,35,6,800,1,3,TRIUMPH TIGER,2,E01001340,0,-1
202163A075721,2021,63A075721,1,5,0,18,19,2,6,0,0,0,1,0,7,10,1,1,6,6,1,63,9,1215,1,6,TRIUMPH TIGER,8,E01020248,0,-1
2021552100328,2021,552100328,2,5,0,18,19,7,3,0,0,3,0,0,0,0,1,1,6,6,1,61,9,1050,1,14,TRIUMPH TIGER,9,E01020532,0,-1
2021461116144,2021,461116144,2,5,0,18,19,7,3,0,0,1,0,0,0,0,1,1,6,6,1,60,9,1215,1,0,TRIUMPH TIGER,9,E01016103,0,-1
2021471096818,2021,471096818,2,5,0,3,3,8,2,0,0,2,0,0,0,0,2,1,5,6,1,58,9,888,1,0,TRIUMPH TIGER,9,E01031670,0,-1
2021010307090,2021,010307090,2,5,0,15,15,3,7,9,9,1,0,10,1,1,1,1,2,2,1,58,9,888,1,1,TRIUMPH TIGER,3,E01004355,0,-1
2021461021022,2021,461021022,1,5,0,12,12,8,4,0,0,0,2,0,0,0,0,1,2,2,1,37,7,1050,1,10,TRIUMPH TIGER,6,E01016080,0,-1
2021141075979,2021,141075979,2,5,0,11,11,1,3,0,0,8,5,0,0,0,4,1,5,6,1,59,9,1215,1,0,TRIUMPH TIGER,10,E01022987,0,-1
2021131076445,2021,131076445,1,5,0,18,19,7,3,0,0,0,0,0,1,2,4,1,6,6,1,28,6,888,1,0,TRIUMPH TIGER,5,E01007438,0,-1
2021231067464,2021,231067464,1,5,0,14,14,8,4,0,0,8,0,0,0,0,1,1,1,1,1,56,9,955,1,17,TRIUMPH TIGER,5,E01029829,0,-1
2021070458708,2021,070458708,2,5,0,17,19,4,7,0,0,6,0,0,0,0,3,1,1,1,1,51,8,1215,1,1,TRIUMPH TIGER,6,E01007164,0,-1
2021552200007,2021,552200007,2,4,0,18,19,1,5,0,0,8,0,0,0,0,1,1,1,1,1,59,9,800,1,2,TRIUMPH TIGER,7,E01020509,0,-1
2021544598021,2021,544598021,1,4,0,18,19,2,6,0,0,0,0,0,0,0,0,1,6,6,1,47,8,888,1,0,TRIUMPH TIGER,-1,-1,0,-1
2021401068637,2021,401068637,2,5,0,5,5,5,7,0,0,4,0,0,1,0,2,1,5,6,2,26,6,888,1,0,TRIUMPH TIGER,9,E01017449,0,-1
2021031061337,2021,031061337,2,5,0,18,19,1,6,0,0,8,0,0,0,0,3,1,6,6,1,51,8,888,1,0,TRIUMPH TIGER,1,E01008541,0,-1
2021421126016,2021,421126016,1,5,0,18,19,7,3,0,0,0,0,0,0,0,1,1,6,6,1,50,8,1050,1,11,TRIUMPH TIGER,5,E01021491,0,-1
2021221071051,2021,221071051,2,5,0,18,19,7,3,0,0,0,0,0,0,0,1,1,5,6,1,64,9,1215,1,1,TRIUMPH TIGER,9,W01000394,0,-1
2021131084469,2021,131084469,2,5,0,7,7,1,1,0,0,0,0,0,0,0,2,1,2,2,1,52,8,800,1,2,TRIUMPH TIGER,1,E01011059,0,-1
2021221032106,2021,221032106,1,5,0,13,13,5,2,0,0,2,0,0,0,0,1,1,5,6,1,76,11,800,1,4,TRIUMPH TIGER,4,E01028879,0,-1
2021471120213,2021,471120213,3,5,0,18,19,2,6,0,0,1,0,0,0,0,1,1,5,6,1,59,9,800,1,5,TRIUMPH TIGER,6,E01024036,0,-1
2021471096982,2021,471096982,1,3,0,7,7,1,2,0,0,1,0,0,0,0,2,1,5,6,1,19,4,125,1,8,-1,3,E01031783,0,-1
2021010329049,2021,010329049,1,3,0,18,19,5,1,0,0,0,0,0,0,0,1,1,6,6,1,20,4,125,1,4,-1,3,E01032574,0,-1
2021201050830,2021,201050830,2,3,0,15,15,6,2,0,0,8,0,0,0,0,1,1,6,6,1,18,4,125,1,8,-1,2,E01009782,0,-1
202134NNC6071,2021,34NNC6071,2,3,0,11,11,5,1,0,0,1,1,0,0,0,1,1,1,1,1,23,5,124,1,3,-1,7,E01027354,0,-1
2021010290480,2021,010290480,1,3,0,14,14,4,8,0,0,1,0,0,0,0,1,1,6,6,1,26,6,125,1,6,-1,4,E01001396,0,-1
2021122100457,2021,122100457,1,3,0,4,4,3,7,0,0,1,0,0,0,0,0,1,6,6,1,27,6,125,1,5,-1,2,E01027852,0,-1
2021991084724,2021,991084724,2,3,0,9,9,3,1,0,0,2,0,0,0,0,3,1,6,6,1,36,7,125,1,5,-1,6,-1,0,-1
2021471072458,2021,471072458,1,3,0,18,19,4,7,0,0,8,0,0,0,0,1,1,5,6,1,22,5,125,1,6,-1,1,E01017040,0,-1
2021501096289,2021,501096289,1,3,0,16,19,2,6,0,0,1,0,7,5,0,1,1,5,6,1,18,4,124,1,7,-1,1,E01015255,0,-1
2021010339076,2021,010339076,1,3,0,99,99,9,9,99,99,0,9,99,9,99,1,1,1,1,1,22,5,-1,3,0,-1,3,E01003630,0,-1
2021010301007,2021,010301007,2,3,0,18,19,1,5,0,0,8,0,0,1,0,4,1,1,1,1,47,8,-1,3,2,-1,4,E01001047,0,-1
2021010339140,2021,010339140,1,2,0,18,19,5,1,0,0,8,0,0,0,0,3,1,6,6,1,31,6,-1,3,2,-1,3,E01015935,0,-1
2021131034849,2021,131034849,6,90,0,18,19,5,1,0,0,1,0,0,0,0,1,1,5,6,1,53,8,970,1,34,-1,1,E01011354,0,-1
2021010317680,2021,010317680,1,5,0,99,99,9,9,99,99,0,9,99,9,99,9,1,6,6,1,43,7,650,1,9,-1,5,E01001644,0,-1
2021041076931,2021,041076931,3,11,0,4,4,5,1,3,2,0,0,0,0,0,3,1,1,1,1,63,9,6700,2,13,DAF MODEL MISSING,4,E01004921,0,-1
2021221076295,2021,221076295,1,11,0,4,4,6,2,0,0,0,0,11,0,0,4,1,1,1,1,60,9,6700,2,11,DAF MODEL MISSING,4,E01014122,0,-1
2021201092295,2021,201092295,1,11,0,18,19,6,2,0,0,0,0,0,0,0,1,1,1,1,1,51,8,6700,2,12,DAF MODEL MISSING,7,E01031007,0,-1
20211383Q0285,2021,1383Q0285,2,11,0,2,2,0,0,0,0,0,0,0,0,0,2,2,1,1,1,57,9,9200,2,15,DAF MODEL MISSING,5,E01011902,0,-1
2021221079761,2021,221079761,2,20,0,16,19,6,1,0,0,8,0,0,0,0,1,1,1,1,1,31,6,12580,2,15,DAF MODEL MISSING,6,E01032395,0,-1
2021031118776,2021,031118776,3,11,0,18,19,3,7,0,0,0,0,0,0,0,3,1,1,1,1,65,9,12600,2,15,DAF MODEL MISSING,8,E01019330,0,-1
2021061131478,2021,061131478,1,11,0,3,3,1,1,0,0,1,0,0,0,0,1,1,1,1,3,30,6,5900,2,13,DAF MODEL MISSING,5,E01027729,0,-1
2021041037065,2021,041037065,1,11,0,5,5,2,6,0,0,0,0,0,0,0,3,1,1,1,1,44,7,6700,2,13,DAF MODEL MISSING,1,E01033217,0,-1
2021401015891,2021,401015891,1,11,0,4,4,5,1,0,0,1,0,0,0,0,1,1,1,1,1,43,7,9200,2,19,DAF MODEL MISSING,4,E01015804,0,-1
2021361078328,2021,361078328,1,11,0,3,3,1,5,0,0,0,0,0,0,0,4,1,1,1,1,40,7,9200,2,16,DAF MODEL MISSING,5,E01026645,0,-1
2021211121103,2021,211121103,1,11,0,5,5,8,4,0,0,1,0,0,0,0,1,1,1,1,1,56,9,5900,2,15,DAF MODEL MISSING,4,E01029692,0,-1
2021111057722,2021,111057722,2,11,0,18,19,5,1,0,0,8,0,0,0,0,1,1,1,1,1,40,7,6700,2,12,DAF MODEL MISSING,3,E01020742,0,-1
2021430322470,2021,430322470,2,11,0,18,19,1,5,0,0,0,0,0,0,0,1,1,1,1,1,42,7,9200,2,17,DAF MODEL MISSING,8,E01017941,0,-1
2021451060886,2021,451060886,1,3,0,16,19,1,5,0,0,0,2,12,0,0,1,1,5,6,1,17,4,124,1,10,-1,8,E01030867,0,-1
2021991052715,2021,991052715,3,5,0,16,19,2,6,0,0,0,5,0,0,0,1,1,5,6,2,54,8,748,1,21,-1,4,-1,0,-1
2021411058316,2021,411058316,2,9,0,18,19,4,3,0,0,0,0,0,0,0,4,1,5,6,2,52,8,1596,1,7,FORD B-MAX,4,E01023538,0,-1
2021461078001,2021,461078001,2,9,0,18,19,3,7,0,0,0,0,0,0,0,1,1,6,6,2,71,10,998,1,4,FORD B-MAX,9,E01024442,0,-1
2021421102327,2021,421102327,1,9,0,18,19,7,3,0,0,1,0,0,0,0,4,1,5,6,2,36,7,1596,1,9,FORD B-MAX,3,E01015973,0,-1
2021010325633,2021,010325633,1,9,0,18,19,3,7,0,0,2,0,0,0,0,1,1,6,6,2,74,10,1596,1,5,FORD B-MAX,6,E01001083,0,-1
2021052102128,2021,052102128,1,9,0,7,7,7,1,0,0,6,1,0,0,0,3,1,6,6,2,23,5,998,1,8,FORD B-MAX,1,E01007138,0,-1
2021451062431,2021,451062431,1,9,0,18,19,3,7,0,0,1,0,0,0,0,1,1,5,6,2,42,7,1560,2,8,FORD B-MAX,9,E01030760,0,-1
2021010306756,2021,010306756,1,9,0,10,10,1,6,0,0,1,0,0,0,0,3,1,6,6,2,34,6,1560,2,6,FORD B-MAX,3,E01001669,0,-1
2021131079282,2021,131079282,1,9,0,11,11,5,1,0,0,0,1,0,0,0,4,1,6,6,1,39,7,1388,1,7,FORD B-MAX,3,E01009316,0,-1
2021041082625,2021,041082625,1,9,0,9,9,5,1,0,0,8,0,0,0,0,1,1,5,6,1,18,4,1499,2,7,FORD B-MAX,2,E01012692,0,-1
2021131119163,2021,131119163,1,9,0,5,5,3,3,0,0,2,0,0,0,0,1,1,3,7,2,41,7,1499,2,7,FORD B-MAX,4,E01010848,0,-1
2021031052731,2021,031052731,1,9,0,5,5,1,5,0,0,8,0,0,0,0,3,1,5,6,1,83,11,1388,1,8,FORD B-MAX,-1,-1,0,-1
2021101125208,2021,101125208,1,9,0,16,19,1,5,0,0,0,0,6,0,0,1,1,5,6,2,25,5,1388,1,8,FORD B-MAX,5,-1,0,-1
2021141077008,2021,141077008,1,9,0,17,19,7,3,0,0,0,0,0,0,0,4,1,5,6,1,19,4,998,1,4,FORD B-MAX,10,E01011088,0,-1
2021421031837,2021,421031837,3,9,0,18,19,1,5,0,0,0,0,0,0,0,2,1,6,6,2,64,9,998,1,4,FORD B-MAX,9,E01021471,0,-1
2021461127449,2021,461127449,2,9,0,16,19,5,1,0,0,0,0,0,0,0,1,1,3,7,2,29,6,1596,1,8,FORD B-MAX,2,E01024633,0,-1
2021991102652,2021,991102652,1,9,0,9,9,4,2,0,0,8,0,0,0,0,3,1,6,6,2,47,8,1596,1,6,FORD B-MAX,3,-1,0,-1
2021440507131,2021,440507131,1,9,0,18,19,6,2,0,0,8,0,0,0,0,1,1,6,6,1,79,11,998,1,8,FORD B-MAX,9,E01022799,0,-1
2021411118228,2021,411118228,1,9,0,3,3,5,1,0,0,0,0,0,0,0,2,1,6,6,2,38,7,1596,1,7,FORD B-MAX,7,E01023961,0,-1
2021010334470,2021,010334470,2,9,0,18,19,5,1,0,0,6,1,0,0,0,4,1,2,2,2,57,9,998,1,7,FORD B-MAX,2,E01004305,0,-1
2021320234394,2021,320234394,1,9,0,18,19,8,4,0,0,8,0,0,0,0,1,1,6,6,1,72,10,998,1,6,FORD B-MAX,1,E01026069,0,-1
2021411088000,2021,411088000,1,9,0,18,19,3,7,0,0,0,0,0,0,0,1,1,5,6,1,66,10,1499,2,8,FORD B-MAX,5,E01023838,0,-1
2021430142554,2021,430142554,1,9,0,9,9,8,6,0,0,6,0,0,0,0,4,1,6,6,2,48,8,1388,1,7,FORD B-MAX,5,E01032724,0,-1
2021461128494,2021,461128494,1,9,0,18,19,1,5,0,0,0,0,0,0,0,1,1,5,6,2,76,11,1596,1,4,FORD B-MAX,5,E01024400,0,-1
2021421120309,2021,421120309,1,9,0,4,4,5,0,0,0,6,0,0,0,0,2,1,5,6,1,79,11,998,1,9,FORD B-MAX,-1,-1,0,-1
2021991051598,2021,991051598,2,9,0,18,19,2,6,0,0,8,0,0,0,0,1,1,5,6,1,82,11,1560,2,7,FORD B-MAX,4,-1,0,-1
2021421116045,2021,421116045,1,9,0,16,19,1,3,0,0,0,0,0,7,0,1,1,5,6,1,50,8,1596,1,8,FORD B-MAX,4,E01022037,0,-1
2021221036758,2021,221036758,1,9,0,18,19,1,5,0,0,4,0,0,0,0,1,1,5,6,2,72,10,1596,1,5,FORD B-MAX,8,W01000467,0,-1
2021421116282,2021,421116282,1,9,0,18,19,3,7,0,0,0,0,0,0,0,3,1,6,6,1,68,10,1596,1,4,FORD B-MAX,4,E01021374,0,-1
2021371033444,2021,371033444,3,9,0,3,3,5,1,0,0,0,0,0,0,0,2,1,5,6,1,76,11,1388,1,8,FORD B-MAX,5,E01030290,0,-1
2021070622134,2021,070622134,3,9,0,18,19,3,7,0,0,1,0,0,0,0,1,1,6,6,2,30,6,1499,2,8,FORD B-MAX,7,E01007198,0,-1
2021421036325,2021,421036325,1,9,0,5,5,5,3,0,0,0,0,0,0,0,3,1,6,6,2,61,9,1596,1,7,FORD B-MAX,3,E01015902,0,-1
2021991091281,2021,991091281,3,9,0,18,19,7,3,0,0,0,0,0,0,0,1,1,6,6,2,52,8,1596,1,8,FORD B-MAX,6,-1,0,-1
2021010345640,2021,010345640,2,9,0,5,5,6,2,0,0,1,0,0,0,0,1,1,6,6,3,-1,-1,1596,1,8,FORD B-MAX,-1,-1,0,-1
2021461121938,2021,461121938,2,9,0,9,9,5,3,0,0,1,0,0,0,0,1,1,5,6,1,59,9,1596,1,8,FORD B-MAX,2,E01015938,0,-1
2021010301018,2021,010301018,1,9,0,3,3,5,1,0,0,1,0,0,0,0,1,1,6,6,2,53,8,1596,1,7,FORD B-MAX,3,E01016720,0,-1
2021461066744,2021,461066744,2,9,0,3,3,5,1,0,0,1,0,0,0,0,2,1,6,6,2,39,7,998,1,5,FORD B-MAX,7,E01016123,0,-1
2021231067941,2021,231067941,4,9,0,3,3,2,6,0,0,0,0,0,0,0,2,1,5,6,1,69,10,998,1,4,FORD B-MAX,2,E01011540,0,-1
2021991047678,2021,991047678,2,9,0,3,3,3,7,0,0,0,0,0,0,0,2,1,5,6,2,28,6,1596,1,7,FORD B-MAX,3,-1,0,-1
2021031088475,2021,031088475,1,9,0,18,19,2,7,0,0,0,0,0,0,0,1,1,6,6,1,39,7,1560,2,8,FORD B-MAX,7,E01019254,0,-1
2021052100174,2021,052100174,1,9,0,9,9,1,5,0,0,6,0,0,0,0,1,1,6,6,1,40,7,1596,1,7,FORD B-MAX,5,E01006669,0,-1
2021991035651,2021,991035651,2,9,0,18,19,7,3,0,0,8,0,0,1,10,3,1,6,6,2,29,6,1596,1,4,FORD B-MAX,3,-1,0,-1
2021320595952,2021,320595952,1,9,0,9,9,2,6,0,0,6,0,0,0,0,2,1,2,2,2,42,7,1596,1,8,FORD B-MAX,6,E01026332,0,-1
2021041120147,2021,041120147,2,9,0,18,19,5,1,0,0,1,0,0,0,0,1,1,5,6,2,36,7,998,1,7,FORD B-MAX,4,E01025249,0,-1
2021430559464,2021,430559464,1,9,0,7,7,4,5,0,0,4,0,0,0,0,1,1,6,6,1,44,7,998,1,5,FORD B-MAX,8,E01030648,0,-1
2021010342162,2021,010342162,2,9,0,99,99,9,9,99,99,9,9,99,9,99,1,9,6,6,1,-1,-1,998,1,5,FORD B-MAX,3,E01003615,0,-1
2021622100841,2021,622100841,1,9,0,18,19,2,6,0,0,0,0,0,0,0,1,1,6,6,2,76,11,998,1,4,FORD B-MAX,4,W01001050,0,-1
2021161110770,2021,161110770,2,9,0,18,19,5,1,0,0,1,0,0,0,0,1,1,6,6,2,43,7,1560,2,8,FORD B-MAX,-1,-1,0,-1
2021501086063,2021,501086063,1,9,0,18,19,6,2,0,0,0,0,0,0,0,1,1,5,6,2,38,7,1596,1,6,FORD B-MAX,2,E01019047,0,-1
2021221090548,2021,221090548,1,9,0,13,13,1,4,0,0,0,1,0,0,0,3,1,5,6,2,76,11,998,1,7,FORD B-MAX,5,E01032193,0,-1
202131D182521,2021,31D182521,2,9,0,7,7,8,2,0,0,3,0,0,0,0,4,1,6,6,2,35,6,1560,2,8,FORD B-MAX,1,E01013864,0,-1
2021451028983,2021,451028983,2,9,0,4,4,6,2,0,0,1,0,0,0,0,1,1,6,6,2,61,9,1596,1,8,FORD B-MAX,9,E01030692,0,-1
2021070294752,2021,070294752,1,9,0,9,9,3,1,0,0,1,0,0,0,2,4,1,6,6,1,49,8,1388,1,9,FORD B-MAX,10,E01018678,0,-1
2021421116488,2021,421116488,1,9,0,18,19,8,4,0,0,2,0,0,0,0,1,1,6,6,1,49,8,1596,1,5,FORD B-MAX,2,E01022039,0,-1
2021461061610,2021,461061610,3,9,0,2,2,0,0,0,0,1,0,0,0,0,2,1,5,6,3,-1,-1,1560,2,7,FORD B-MAX,-1,-1,0,-1
2021201130077,2021,201130077,2,9,0,9,9,6,4,0,0,6,0,0,0,0,1,1,6,6,1,49,8,1596,1,6,FORD B-MAX,9,E01010547,0,-1
2021122100967,2021,122100967,1,9,0,5,5,1,5,0,0,2,0,0,0,0,4,1,6,6,2,34,6,1388,1,6,FORD B-MAX,10,E01033495,0,-1
2021451075626,2021,451075626,2,9,0,18,19,8,4,0,0,0,0,0,0,0,0,1,6,6,2,83,11,1596,1,5,FORD B-MAX,10,E01001108,0,-1
2021201073456,2021,201073456,2,9,0,5,5,7,2,0,0,6,0,0,0,0,0,1,2,2,1,-1,-1,1596,1,4,FORD B-MAX,2,E01029727,0,-1
2021440447189,2021,440447189,1,9,0,3,3,1,5,0,0,0,0,0,0,0,2,1,6,6,1,46,8,1596,1,7,FORD B-MAX,7,E01017094,0,-1
2021522103656,2021,522103656,1,9,0,11,11,2,6,0,0,1,0,0,0,0,4,1,6,6,2,34,6,998,1,9,FORD B-MAX,9,E01014784,0,-1
2021461113054,2021,461113054,2,9,0,4,4,5,1,0,0,1,0,0,0,0,1,1,6,6,2,44,7,1560,2,7,FORD B-MAX,5,E01024254,0,-1
2021440189229,2021,440189229,1,9,0,4,4,5,1,0,0,1,0,0,0,0,1,1,6,6,2,40,7,1560,2,8,FORD B-MAX,6,E01022939,0,-1
2021461059342,2021,461059342,2,9,0,18,19,5,1,6,6,0,0,0,0,0,2,1,2,2,2,37,7,998,1,8,FORD B-MAX,9,E01016073,0,-1
2021010313705,2021,010313705,2,9,0,2,2,0,0,0,0,1,0,4,1,0,1,1,6,6,3,-1,-1,1596,1,5,FORD B-MAX,-1,-1,0,-1
2021131105733,2021,131105733,1,9,0,18,19,1,8,0,0,1,0,0,0,0,1,1,6,6,1,54,8,1388,1,6,FORD B-MAX,2,E01010722,0,-1
2021010307895,2021,010307895,1,9,0,6,6,1,1,0,0,1,0,0,0,0,4,1,1,1,1,43,7,1596,1,4,FORD B-MAX,2,E01000523,0,-1
2021991079264,2021,991079264,2,9,0,3,3,5,1,0,0,1,0,0,0,0,2,1,6,6,1,41,7,1388,1,8,FORD B-MAX,1,-1,0,-1
2021052100964,2021,052100964,1,9,0,5,5,1,5,0,0,0,0,0,0,0,2,1,6,6,1,85,11,1596,1,9,FORD B-MAX,1,E01007227,0,-1
2021122101342,2021,122101342,1,9,0,5,5,7,4,0,0,4,0,0,7,0,4,1,6,6,2,57,9,1596,1,6,FORD B-MAX,9,E01013388,0,-1
2021461025929,2021,461025929,1,9,0,18,19,2,6,0,0,0,0,0,1,0,4,1,2,2,1,41,7,1499,2,8,FORD B-MAX,3,E01033209,0,-1
2021552100777,2021,552100777,1,9,0,1,1,2,8,0,0,0,0,0,1,11,3,1,6,6,1,80,11,1596,1,5,FORD B-MAX,9,E01023064,0,-1
2021542882021,2021,542882021,1,9,0,5,5,1,6,0,0,1,0,0,0,0,1,1,6,6,1,69,10,1560,2,7,FORD B-MAX,9,E01031930,0,-1
2021010301946,2021,010301946,1,9,0,4,4,5,1,0,0,1,0,0,0,0,3,1,6,6,2,80,11,998,1,7,FORD B-MAX,6,E01004534,0,-1
202134WNC2091,2021,34WNC2091,2,9,0,18,19,7,3,0,0,0,0,0,0,0,2,1,6,6,2,40,7,1388,1,6,FORD B-MAX,7,E01026994,0,-1
2021361121484,2021,361121484,2,9,0,18,19,1,5,0,0,0,0,0,0,0,3,1,6,6,2,70,10,1388,1,6,FORD B-MAX,9,E01026552,0,-1
2021010353861,2021,010353861,1,9,0,99,99,9,9,99,99,9,9,99,9,99,2,9,6,6,2,33,6,1596,1,4,FORD B-MAX,2,E01000724,0,-1
2021501120402,2021,501120402,2,9,0,9,9,5,3,0,0,8,0,0,0,0,4,1,6,6,1,69,10,998,1,5,FORD B-MAX,8,E01018884,0,-1
2021010315515,2021,010315515,1,9,9,99,99,9,9,99,99,9,9,99,9,99,9,9,6,6,2,42,7,1596,1,9,FORD B-MAX,2,E01004007,0,-1
2021070351388,2021,070351388,1,9,0,5,5,4,8,0,0,8,0,0,0,0,1,1,6,6,1,81,11,1596,1,7,FORD B-MAX,10,E01018724,0,-1
2021041088904,2021,041088904,2,9,0,18,19,5,1,0,0,8,0,0,0,0,1,1,5,6,2,22,5,1499,2,9,FORD B-MAX,3,E01025294,0,-1
2021010339730,2021,010339730,2,9,0,14,14,5,1,0,0,8,0,0,1,2,1,1,6,6,2,56,9,1499,2,5,FORD B-MAX,6,E01004146,0,-1
2021461059479,2021,461059479,2,9,0,-1,-1,1,7,0,0,3,0,0,0,0,4,1,2,2,2,61,9,1596,1,7,FORD B-MAX,2,E01016136,0,-1
2021131086495,2021,131086495,1,9,0,18,19,7,3,0,0,8,0,0,0,0,4,1,2,2,1,45,7,1560,2,5,FORD B-MAX,3,E01011834,0,-1
2021122101295,2021,122101295,2,9,0,18,19,5,1,0,0,1,0,0,0,0,1,1,6,6,2,68,10,1560,2,6,FORD B-MAX,9,E01027845,0,-1
2021010309750,2021,010309750,1,9,0,18,19,3,7,0,0,1,0,0,0,0,2,1,1,1,2,24,5,1596,1,9,FORD B-MAX,3,E01002308,0,-1
2021461089867,2021,461089867,1,9,0,9,9,5,3,0,0,1,0,0,0,0,3,1,5,6,2,20,4,1560,2,8,FORD B-MAX,2,E01016041,0,-1
202163D007721,2021,63D007721,1,9,0,18,19,2,6,0,0,4,0,9,3,10,1,1,6,6,2,50,8,1596,1,6,FORD B-MAX,-1,-1,0,-1
2021031087458,2021,031087458,3,9,0,18,19,3,7,0,0,0,0,0,0,0,1,1,1,1,1,52,8,1499,2,7,FORD B-MAX,6,E01019323,0,-1
2021421019702,2021,421019702,2,9,0,3,3,5,3,0,0,0,0,0,0,0,2,1,6,6,2,64,9,998,1,5,FORD B-MAX,9,E01021951,0,-1
2021522104527,2021,522104527,2,9,0,10,10,3,1,0,0,2,0,0,0,0,1,1,6,6,2,84,11,1596,1,4,FORD B-MAX,9,E01014853,0,-1
2021991091685,2021,991091685,2,9,0,18,19,3,7,0,0,0,0,0,7,7,2,1,5,6,1,63,9,1388,1,7,FORD B-MAX,3,E01011987,0,-1
202134NNC3621,2021,34NNC3621,3,9,0,18,19,7,3,0,0,0,0,0,1,0,3,1,6,6,2,61,9,1388,1,8,FORD B-MAX,5,E01017949,0,-1
2021411056485,2021,411056485,1,9,0,17,19,4,1,0,0,0,0,0,0,0,1,1,5,6,2,48,8,998,1,8,FORD B-MAX,7,E01023492,0,-1
2021991051995,2021,991051995,2,9,0,17,19,7,1,0,0,1,0,0,0,0,1,1,5,6,1,73,10,1596,1,8,FORD B-MAX,8,E01005697,0,-1
2021461118336,2021,461118336,1,9,0,18,19,2,5,0,0,4,0,0,0,0,1,1,6,6,2,70,10,998,1,4,FORD B-MAX,8,E01024017,0,-1
202163A036321,2021,63A036321,2,9,0,4,4,2,6,0,0,1,0,0,0,0,2,1,1,1,1,74,10,1596,1,7,FORD B-MAX,4,W01000438,0,-1
2021131036491,2021,131036491,2,9,0,5,5,4,8,0,0,1,0,0,0,0,1,1,5,6,1,67,10,998,1,6,FORD B-MAX,6,E01011299,0,-1
2021320545871,2021,320545871,1,9,0,18,19,6,2,0,0,1,0,0,0,0,1,1,6,6,2,46,8,1596,1,6,FORD B-MAX,5,E01026190,0,-1
2021221099017,2021,221099017,1,9,0,9,9,6,4,0,0,4,0,0,0,0,3,1,1,1,1,39,7,1596,1,8,FORD B-MAX,1,E01009410,0,-1
2021549510921,2021,549510921,1,9,0,9,9,2,8,0,0,1,0,0,0,0,3,1,6,6,2,83,11,1596,1,6,FORD B-MAX,7,E01032073,0,-1