collision_index,collision_year,collision_ref_no,vehicle_reference,vehicle_type,towing_and_articulation,vehicle_manoeuvre_historic,vehicle_manoeuvre,vehicle_direction_from,vehicle_direction_to,vehicle_location_restricted_lane_historic,vehicle_location_restricted_lane,junction_location,skidding_and_overturning,hit_object_in_carriageway,vehicle_leaving_carriageway,hit_object_off_carriageway,first_point_of_impact,vehicle_left_hand_drive,journey_purpose_of_driver_historic,journey_purpose_of_driver,sex_of_driver,age_of_driver,age_band_of_driver,engine_capacity_cc,propulsion_code,age_of_vehicle,generic_make_model,driver_imd_decile,lsoa_of_driver,escooter_flag,driver_distance_banding
2021131114528,2021,131114528,1,9,0,18,19,1,5,0,0,1,0,0,0,0,1,1,5,6,1,83,11,1596,1,6,FORD B-MAX,6,E01010909,0,-1
2021161093554,2021,161093554,1,9,0,18,19,7,3,0,0,0,0,0,0,0,1,1,5,6,1,81,11,1596,1,8,FORD B-MAX,6,E01013302,0,-1
2021421126289,2021,421126289,3,9,0,18,19,7,3,0,0,8,0,0,0,0,1,1,5,6,1,81,11,1596,1,6,FORD B-MAX,10,E01021459,0,-1
2021201082712,2021,201082712,2,9,0,18,19,8,4,0,0,8,0,0,0,0,4,1,6,6,1,26,6,998,1,9,FORD B-MAX,5,E01009913,0,-1
2021421037051,2021,421037051,2,9,0,18,19,3,7,0,0,2,0,0,7,11,1,1,5,6,2,28,6,1596,1,7,FORD B-MAX,8,E01021749,0,-1
2021201116068,2021,201116068,2,9,0,18,19,6,2,0,0,8,2,10,1,2,3,1,5,6,2,41,7,1596,1,8,FORD B-MAX,2,E01009265,0,-1
2021440161856,2021,440161856,1,9,0,18,19,1,5,0,0,0,0,0,0,0,3,1,6,6,2,53,8,998,1,8,FORD B-MAX,6,E01031513,0,-1
2021991072369,2021,991072369,3,9,0,18,19,1,5,0,0,0,0,0,0,0,2,1,5,6,2,60,9,998,1,8,FORD B-MAX,1,-1,0,-1
2021546265521,2021,546265521,1,9,0,17,19,4,8,0,0,0,0,0,1,4,1,1,6,6,1,62,9,1388,1,8,FORD B-MAX,4,E01031895,0,-1
2021161054381,2021,161054381,1,9,0,18,19,7,3,0,0,4,0,0,3,10,1,1,5,6,1,77,11,998,1,6,FORD B-MAX,5,E01013225,0,-1
2021201077664,2021,201077664,1,9,0,5,5,4,8,0,0,6,0,0,0,0,4,1,6,6,3,43,7,1388,1,7,FORD B-MAX,1,E01009351,0,-1
2021501089989,2021,501089989,1,9,0,9,9,1,5,0,0,0,0,0,0,0,4,1,5,6,1,77,11,1596,1,6,FORD B-MAX,7,E01015036,0,-1
2021101055820,2021,101055820,1,9,0,7,7,2,6,0,0,0,0,0,0,0,1,1,5,6,1,65,9,1596,1,8,FORD B-MAX,1,E01008542,0,-1
2021211046729,2021,211046729,1,9,0,18,19,5,1,0,0,8,0,0,0,0,4,1,3,7,2,39,7,998,1,8,FORD B-MAX,1,E01014316,0,-1
2021201052203,2021,201052203,1,9,0,9,9,5,7,0,0,6,0,0,0,0,3,1,5,6,2,34,6,1596,1,5,FORD B-MAX,3,E01010042,0,-1
2021010346448,2021,010346448,1,9,0,18,19,8,4,0,0,0,0,0,0,0,1,1,6,6,1,49,8,1499,2,8,FORD B-MAX,4,E01002663,0,-1
2021522104982,2021,522104982,1,9,0,4,4,1,5,0,0,1,0,0,0,0,2,1,6,6,2,42,7,998,1,5,FORD B-MAX,10,E01014881,0,-1
2021421125027,2021,421125027,1,9,0,18,19,6,2,0,0,0,0,0,0,0,1,1,2,2,1,40,7,1596,1,8,FORD B-MAX,7,E01021981,0,-1
2021440120341,2021,440120341,3,9,0,4,4,2,6,0,0,0,0,0,0,0,2,1,2,2,2,36,7,1596,1,8,FORD B-MAX,8,E01022620,0,-1
2021461128930,2021,461128930,1,9,0,18,19,8,4,0,0,1,1,4,0,0,1,1,5,6,2,69,10,1596,1,8,FORD B-MAX,7,E01020970,0,-1
2021351113140,2021,351113140,1,9,0,18,19,-1,-1,0,0,8,0,0,0,0,1,1,6,6,2,39,7,998,1,6,FORD B-MAX,8,E01018003,0,-1
2021122100466,2021,122100466,2,9,0,8,8,5,7,0,0,1,0,0,0,0,4,1,6,6,1,45,7,1560,2,7,FORD B-MAX,9,E01011971,0,-1
2021371067648,2021,371067648,2,9,0,4,4,7,3,0,0,1,0,0,0,0,2,1,6,6,1,49,8,1388,1,7,FORD B-MAX,4,E01007641,0,-1
2021501036715,2021,501036715,2,9,0,5,5,3,1,0,0,8,0,0,0,0,1,1,5,6,2,38,7,1499,2,6,FORD B-MAX,4,E01015031,0,-1
2021320266550,2021,320266550,3,9,0,3,3,6,2,0,0,2,0,0,0,0,0,1,6,6,2,58,9,1596,1,7,FORD B-MAX,4,E01026259,0,-1
2021010331590,2021,010331590,1,9,0,3,3,3,7,0,0,0,0,0,0,0,2,1,6,6,2,48,8,1596,1,6,FORD B-MAX,4,E01001061,0,-1
2021320465294,2021,320465294,2,9,0,18,19,7,3,0,0,8,0,0,0,0,1,1,6,6,2,62,9,1596,1,8,FORD B-MAX,10,E01026204,0,-1
2021052100073,2021,052100073,1,9,0,9,9,8,6,0,0,8,0,0,0,0,4,1,6,6,2,42,7,1388,1,7,FORD B-MAX,6,E01007043,0,-1
2021421015064,2021,421015064,2,9,0,9,9,1,7,0,0,8,1,0,0,0,4,1,1,1,2,41,7,1596,1,7,FORD B-MAX,7,E01021628,0,-1
2021221047333,2021,221047333,1,9,0,18,19,6,2,0,0,1,0,0,0,0,3,1,3,7,2,47,8,1499,2,6,FORD B-MAX,5,E01028982,0,-1
2021010336195,2021,010336195,2,9,0,99,99,9,9,99,99,9,9,99,9,99,1,9,6,6,1,24,5,1596,1,7,FORD B-MAX,5,E01001201,0,-1
2021471020449,2021,471020449,1,9,0,18,19,7,3,0,0,0,0,4,0,0,1,1,5,6,2,65,9,1596,1,5,FORD B-MAX,7,E01031837,0,-1
2021031015571,2021,031015571,1,9,0,18,19,3,7,0,0,0,0,0,0,0,1,1,6,6,2,81,11,1596,1,6,FORD B-MAX,4,E01019340,0,-1
2021221105914,2021,221105914,1,9,0,18,19,4,8,0,0,8,0,0,0,0,1,1,3,7,2,39,7,1596,1,5,FORD B-MAX,4,E01033060,0,-1
202134NNC2731,2021,34NNC2731,2,9,0,2,2,0,0,6,6,0,0,0,0,0,2,1,6,6,2,46,8,1388,1,7,FORD B-MAX,1,E01026960,0,-1
2021122100726,2021,122100726,1,9,0,18,19,3,7,0,0,8,0,0,0,0,3,1,6,6,3,-1,-1,1596,1,7,FORD B-MAX,-1,-1,0,-1
2021010344383,2021,010344383,1,9,0,99,99,9,9,99,99,9,9,99,9,99,4,9,6,6,2,24,5,1388,1,4,FORD B-MAX,6,E01000365,0,-1
2021071074432,2021,071074432,2,9,0,18,19,3,7,0,0,0,0,0,0,0,4,1,5,6,2,73,10,1596,1,6,FORD B-MAX,10,E01018658,0,-1
2021010331526,2021,010331526,2,9,0,18,19,1,5,0,0,8,0,0,0,0,2,1,6,6,2,40,7,1388,1,7,FORD B-MAX,8,E01000247,0,-1
2021010343074,2021,010343074,2,9,0,99,99,9,9,99,99,0,9,99,9,99,9,9,6,6,3,51,8,1596,1,6,FORD B-MAX,1,E01001957,0,-1
2021401093479,2021,401093479,1,9,0,7,7,2,4,0,0,4,0,0,0,0,1,1,6,6,2,57,9,1596,1,6,FORD B-MAX,2,E01017602,0,-1
2021991099878,2021,991099878,1,9,0,9,9,1,7,0,0,8,0,0,0,0,1,1,5,6,2,59,9,1596,1,6,FORD B-MAX,3,-1,0,-1
2021010330119,2021,010330119,1,9,0,9,9,5,2,0,0,2,0,0,0,0,3,1,6,6,1,50,8,1596,1,7,FORD B-MAX,3,E01003923,0,-1
2021010347867,2021,010347867,1,9,0,18,19,1,5,0,0,1,0,0,0,0,3,1,2,2,1,46,8,1596,1,7,FORD B-MAX,2,E01001172,0,-1
2021122100939,2021,122100939,1,9,0,18,19,3,7,0,0,1,0,0,0,0,3,1,6,6,1,-1,-1,1596,1,7,FORD B-MAX,10,E01013379,0,-1
2021111082864,2021,111082864,1,9,0,18,19,1,5,0,0,0,0,0,0,0,1,1,6,6,1,55,8,1499,2,4,FORD B-MAX,4,E01020852,0,-1
2021302100710,2021,302100710,2,9,0,18,19,8,4,0,0,1,0,0,0,0,1,1,6,6,2,36,7,1596,1,7,FORD B-MAX,5,E01013595,0,-1
2021461026313,2021,461026313,1,9,0,18,19,2,6,0,0,0,0,0,0,0,1,1,5,6,2,28,6,1388,1,6,FORD B-MAX,2,E01024662,0,-1
2021141038756,2021,141038756,1,9,0,18,19,5,1,0,0,0,0,0,0,0,1,1,6,6,1,43,7,1388,1,5,FORD B-MAX,7,E01007659,0,-1
2021302101784,2021,302101784,1,9,0,15,15,8,6,0,0,8,0,0,0,0,1,1,6,6,2,35,6,1388,1,5,FORD B-MAX,4,E01019824,0,-1
2021440520390,2021,440520390,1,9,0,18,19,8,4,0,0,8,0,10,7,0,4,1,6,6,1,59,9,998,1,5,FORD B-MAX,7,E01029267,0,-1
2021451106452,2021,451106452,1,9,0,4,4,6,2,0,0,0,0,0,0,0,1,1,5,6,1,69,10,1596,1,7,FORD B-MAX,9,E01030731,0,-1
2021201036277,2021,201036277,2,9,0,18,19,1,5,0,0,0,0,0,0,0,3,1,6,6,2,22,5,998,1,4,FORD B-MAX,1,E01010375,0,-1
2021101087760,2021,101087760,2,5,0,13,13,1,5,0,0,0,1,0,0,0,1,1,2,2,1,29,6,998,1,15,HONDA CBF1000A,4,E01008513,0,-1
2021501058743,2021,501058743,1,5,0,18,19,2,5,0,0,0,0,0,6,6,3,1,5,6,1,71,10,998,1,13,HONDA CBF1000A,6,E01015079,0,-1
2021351085357,2021,351085357,2,5,0,7,7,7,1,0,0,6,0,0,0,0,0,1,5,6,1,74,10,998,1,12,HONDA CBF1000A,5,E01026232,0,-1
2021070655181,2021,070655181,1,5,0,13,13,5,1,0,0,0,0,10,0,0,3,1,6,6,1,76,11,998,1,15,HONDA CBF1000A,8,E01018465,0,-1
2021401088406,2021,401088406,1,5,0,17,19,1,5,0,0,0,0,0,1,0,1,1,5,6,1,31,6,998,1,15,HONDA CBF1000A,8,E01016491,0,-1
2021010314925,2021,010314925,1,5,9,99,99,9,9,99,99,9,9,99,9,99,9,1,6,6,1,59,9,998,1,15,HONDA CBF1000A,7,E01001535,0,-1
2021430289633,2021,430289633,2,5,0,18,19,1,5,0,0,0,0,0,1,9,1,1,1,1,1,59,9,998,1,14,HONDA CBF1000A,8,E01028808,0,-1
2021010317409,2021,010317409,1,5,0,3,3,5,1,0,0,2,0,4,0,0,3,1,2,2,1,53,8,998,1,13,HONDA CBF1000A,9,E01024297,0,-1
2021421079587,2021,421079587,1,5,0,16,19,2,6,0,0,0,1,0,0,0,0,1,5,6,1,58,9,998,1,14,HONDA CBF1000A,3,E01021806,0,-1
2021440278827,2021,440278827,2,5,0,18,19,2,6,0,0,8,0,0,0,0,4,1,6,6,1,64,9,998,1,13,HONDA CBF1000A,7,E01017316,0,-1
2021101050971,2021,101050971,2,5,0,3,3,4,8,0,0,1,0,0,0,0,2,1,5,6,1,59,9,998,1,13,HONDA CBF1000A,8,-1,0,-1
2021131045764,2021,131045764,1,17,0,9,9,3,7,0,0,2,5,0,0,0,4,1,5,6,1,69,10,391,1,21,-1,5,E01011928,0,-1
2021991080060,2021,991080060,2,5,0,18,19,6,2,0,0,1,0,0,0,0,1,1,5,6,1,32,6,592,1,27,KAWASAKI Model Missing,3,-1,0,-1
2021471117277,2021,471117277,2,4,0,18,19,7,3,0,0,8,0,0,0,0,1,1,6,6,1,33,6,499,1,17,-1,8,E01016920,0,-1
2021451050394,2021,451050394,1,4,0,3,3,2,6,0,0,4,0,0,0,0,2,1,5,6,1,60,9,499,1,45,-1,7,E01030956,0,-1
2021371090632,2021,371090632,2,4,0,18,19,4,8,0,0,0,0,0,0,0,3,1,5,6,1,62,9,401,1,44,-1,6,E01030003,0,-1
2021031092337,2021,031092337,1,4,0,7,7,2,5,0,0,2,0,0,0,0,2,1,6,6,1,75,10,500,1,25,-1,8,E01019242,0,-1
2021141019363,2021,141019363,1,5,0,18,19,8,4,0,0,0,0,0,8,4,1,1,6,6,1,24,5,599,1,20,KAWASAKI Model Missing,1,E01007809,0,-1
2021031046082,2021,031046082,2,5,0,4,4,5,1,0,0,1,0,0,0,0,1,1,6,6,1,53,8,1441,1,14,KAWASAKI Model Missing,3,E01019161,0,-1
2021361035428,2021,361035428,2,5,0,7,7,3,7,0,0,0,0,0,0,0,1,1,5,6,1,56,9,1052,1,29,KAWASAKI Model Missing,5,E01026789,0,-1
2021451095176,2021,451095176,1,4,0,18,19,8,4,0,0,0,0,0,0,0,1,1,2,2,2,55,8,300,1,5,-1,9,E01031001,0,-1
2021552101051,2021,552101051,2,5,0,18,19,5,1,0,0,8,0,0,0,0,1,1,6,6,1,60,9,998,1,38,-1,5,E01015302,0,-1
2021430138622,2021,430138622,1,5,0,18,19,7,3,0,0,0,0,0,0,0,1,1,2,2,1,53,8,553,1,29,-1,3,E01016454,0,-1
2021201070950,2021,201070950,1,3,0,18,19,6,2,0,0,0,0,4,0,0,1,1,6,6,1,33,6,124,1,15,-1,1,E01009501,0,-1
2021161094572,2021,161094572,2,3,0,18,19,1,5,0,0,1,0,0,0,0,1,1,6,6,1,19,4,124,1,13,-1,10,E01013063,0,-1
2021302100495,2021,302100495,1,3,0,18,19,8,4,0,0,1,1,0,0,0,1,1,6,6,3,-1,-1,124,1,13,-1,5,E01019456,0,-1
2021131104085,2021,131104085,1,3,0,18,19,1,5,0,0,8,1,0,0,0,1,1,3,7,1,28,6,125,1,2,-1,1,E01010925,0,-1
2021421066628,2021,421066628,1,9,0,18,19,4,6,0,0,0,0,0,0,0,1,1,5,6,1,75,10,1796,1,11,-1,6,E01021331,0,-1
2021421081973,2021,421081973,1,9,0,18,19,8,4,0,0,0,0,0,0,0,1,1,5,6,1,76,11,1796,1,17,-1,3,E01021326,0,-1
2021361083174,2021,361083174,1,9,0,18,19,2,6,0,0,1,0,0,0,0,1,1,5,6,1,69,10,1796,1,19,-1,10,E01018292,0,-1
2021401052175,2021,401052175,2,9,0,7,7,3,5,0,0,1,0,0,0,0,1,1,6,6,1,28,6,1796,1,18,-1,10,E01017373,0,-1
2021010314428,2021,010314428,1,9,0,18,19,7,3,0,0,1,0,0,1,11,1,1,1,1,1,40,7,1796,1,15,-1,2,E01002045,0,-1
2021131047765,2021,131047765,1,9,0,18,19,8,4,0,0,0,0,0,0,0,1,1,6,6,1,40,7,1588,1,17,-1,2,E01011105,0,-1
2021531084518,2021,531084518,1,9,0,18,19,8,4,0,0,0,1,0,1,9,3,1,5,6,1,49,8,1796,1,19,-1,7,E01022392,0,-1
2021122101089,2021,122101089,1,2,0,5,5,7,5,0,0,8,0,0,0,0,2,1,6,6,1,20,4,125,1,10,-1,1,E01011838,0,-1
2021501127604,2021,501127604,2,3,0,16,19,1,5,0,0,0,1,0,0,0,0,1,5,6,1,19,4,125,1,8,-1,2,E01019074,0,-1
2021131053164,2021,131053164,2,3,0,18,19,7,3,0,0,1,2,0,0,0,0,1,5,6,1,38,7,125,1,8,-1,3,E01011327,0,-1
2021170S10721,2021,170S10721,1,9,0,18,19,5,1,0,0,8,0,0,0,0,1,1,6,6,1,61,9,848,1,45,-1,2,E01012276,0,-1
2021161055002,2021,161055002,2,9,0,18,19,2,6,0,0,1,0,0,0,0,1,1,6,6,1,67,10,848,1,40,-1,4,E01012904,0,-1
2021622100526,2021,622100526,2,3,0,18,19,6,2,0,0,1,1,0,0,0,1,1,6,6,1,19,4,125,1,1,SINNIS ZS 125,2,W01000739,0,-1
2021991064221,2021,991064221,2,3,0,18,19,7,3,0,0,0,0,0,0,0,2,1,5,6,1,33,6,125,1,3,SINNIS ZS 125,1,-1,0,-1
2021622100339,2021,622100339,1,3,0,18,19,5,1,0,0,0,0,12,0,0,1,1,6,6,1,46,8,125,1,0,SINNIS ZS 125,1,W01000836,0,-1
2021471090254,2021,471090254,1,3,0,18,19,1,5,0,0,1,0,0,0,0,0,1,5,6,1,34,6,125,1,1,SINNIS ZS 125,4,E01020965,0,-1
2021041110820,2021,041110820,2,3,0,7,7,1,3,0,0,8,0,0,0,0,1,1,2,2,1,18,4,125,1,1,SINNIS ZS 125,2,E01025072,0,-1
2021211092148,2021,211092148,2,3,0,18,19,-1,-1,0,0,0,0,-1,0,0,3,1,2,2,1,25,5,125,1,1,SINNIS ZS 125,1,E01029427,0,-1
2021371025982,2021,371025982,2,3,0,18,19,3,7,0,0,1,0,0,0,0,1,1,2,2,1,48,8,125,1,3,SINNIS ZS 125,5,E01030141,0,-1
2021461086519,2021,461086519,1,3,0,18,19,2,6,0,0,0,0,0,0,0,2,1,6,6,1,18,4,125,1,3,SINNIS ZS 125,7,E01021236,0,-1
2021010318129,2021,010318129,2,3,0,18,19,5,1,0,0,1,0,0,0,0,1,1,6,6,1,25,5,125,1,3,SINNIS ZS 125,2,E01003179,0,-1
2021052100211,2021,052100211,2,4,0,3,3,4,8,0,0,1,0,0,0,0,1,1,6,6,1,49,8,125,1,0,-1,4,E01012521,0,-1
2021531031169,2021,531031169,2,3,0,18,19,5,1,0,0,0,2,0,0,0,1,1,2,2,1,26,6,125,1,2,SINNIS ZS 125,4,W01000334,0,-1
2021471068597,2021,471068597,2,3,0,13,13,4,8,0,0,0,0,0,0,0,3,1,6,6,1,-1,-1,125,1,2,SINNIS ZS 125,2,E01021135,0,-1
2021440332603,2021,440332603,1,3,0,18,19,5,1,0,0,0,0,10,5,6,3,1,6,6,2,26,6,125,1,3,SINNIS ZS 125,8,E01017059,0,-1
2021320602456,2021,320602456,2,3,0,18,19,2,6,0,0,2,5,0,0,0,1,1,6,6,1,17,4,125,1,3,SINNIS ZS 125,9,E01025809,0,-1
2021421031105,2021,421031105,2,3,0,18,19,4,8,0,0,1,0,0,0,0,2,1,2,2,1,34,6,125,1,3,SINNIS ZS 125,1,E01021990,0,-1
2021201148044,2021,201148044,1,4,0,14,14,4,8,0,0,1,0,0,0,0,1,1,6,6,1,31,6,125,1,1,SINNIS ZS 125,10,E01032138,0,-1
2021122101128,2021,122101128,1,3,0,7,7,8,6,0,0,8,1,0,0,0,4,1,6,6,1,24,5,125,1,3,SINNIS ZS 125,10,E01013436,0,-1
2021061052120,2021,061052120,2,4,0,18,19,1,5,0,0,8,0,0,0,0,1,1,6,6,1,18,4,125,1,1,-1,10,E01018587,0,-1
2021421069469,2021,421069469,1,2,0,16,19,5,1,0,0,0,0,0,0,0,1,1,6,6,1,30,6,125,1,1,SINNIS ZS 125,4,E01030169,0,-1
2021302101399,2021,302101399,2,3,0,18,19,4,8,0,0,1,0,0,0,0,1,1,6,6,1,20,4,125,1,1,SINNIS ZS 125,9,E01019879,0,-1
2021170S20211,2021,170S20211,2,3,0,18,19,7,3,0,0,8,0,0,0,0,1,1,6,6,1,50,8,125,1,2,SINNIS ZS 125,1,E01012273,0,-1
2021161050387,2021,161050387,1,3,0,18,19,1,5,0,0,0,0,0,0,0,4,1,6,6,1,34,6,125,1,3,SINNIS ZS 125,4,E01012760,0,-1
2021461108584,2021,461108584,1,4,0,5,5,5,1,0,0,8,0,4,0,0,1,1,6,6,1,24,5,125,1,3,-1,1,E01024295,0,-1
2021451107990,2021,451107990,1,3,0,4,4,3,7,0,0,1,5,0,0,0,4,1,5,6,1,18,4,125,1,1,SINNIS ZS 125,7,E01030472,0,-1
2021351052880,2021,351052880,1,3,0,18,19,5,1,0,0,0,0,12,0,0,1,1,6,6,2,53,8,125,1,1,SINNIS ZS 125,7,E01018243,0,-1
2021440065757,2021,440065757,1,3,0,9,9,1,7,0,0,8,0,0,0,0,3,1,6,6,1,26,6,125,1,2,SINNIS ZS 125,7,E01022945,0,-1
2021421071995,2021,421071995,1,4,0,18,19,7,2,0,0,0,1,10,1,0,4,1,5,6,1,45,7,125,1,0,SINNIS ZS 125,3,E01023326,0,-1
202106X079371,2021,06X079371,1,9,0,18,19,2,6,0,0,0,0,0,0,0,1,1,6,6,1,36,7,1598,2,6,SKODA OCTAVIA,4,E01005888,0,-1
2021010311096,2021,010311096,1,9,0,7,7,3,6,0,0,1,0,0,0,0,4,1,1,1,1,52,8,1598,2,2,SKODA OCTAVIA,7,E01002144,0,-1
2021501084698,2021,501084698,1,9,0,4,4,5,1,0,0,0,0,6,0,0,4,1,5,6,1,32,6,1968,2,15,SKODA OCTAVIA,2,E01018949,0,-1
2021540135921,2021,540135921,1,9,0,18,19,3,7,0,0,0,0,0,0,0,4,1,6,6,1,61,9,1968,2,6,SKODA OCTAVIA,8,E01031918,0,-1
2021411083272,2021,411083272,1,9,0,8,8,7,8,0,0,4,0,0,0,0,3,1,6,6,1,64,9,1896,2,15,SKODA OCTAVIA,9,E01023419,0,-1
2021010309602,2021,010309602,1,9,0,9,9,7,4,0,0,8,0,0,0,0,1,1,6,6,1,-1,-1,1896,2,18,SKODA OCTAVIA,-1,-1,0,-1
2021430232496,2021,430232496,1,9,0,10,10,3,1,0,0,1,0,0,0,0,2,1,2,2,1,34,6,1390,1,17,SKODA OCTAVIA,8,E01016609,0,-1
2021010299598,2021,010299598,2,9,0,18,19,3,7,0,0,8,0,0,0,0,3,1,6,6,1,44,7,1197,1,9,SKODA OCTAVIA,6,E01000414,0,-1
2021010345915,2021,010345915,1,9,0,99,99,9,9,99,99,9,9,99,9,99,2,9,2,2,1,36,7,1395,1,7,SKODA OCTAVIA,5,E01001350,0,-1
2021440458416,2021,440458416,1,9,0,18,19,3,7,0,0,1,0,0,0,0,1,1,6,6,1,32,6,1598,1,14,SKODA OCTAVIA,4,E01017309,0,-1
2021351096405,2021,351096405,2,9,0,2,2,0,0,0,0,0,0,0,0,0,3,1,6,6,1,59,9,1968,2,14,SKODA OCTAVIA,7,E01029947,0,-1
2021141075663,2021,141075663,1,9,0,5,5,8,4,0,0,0,0,0,0,0,0,1,6,6,1,-1,-1,1968,2,6,SKODA OCTAVIA,1,E01007949,0,-1
2021101066972,2021,101066972,2,9,0,2,2,0,0,0,0,2,0,0,0,0,2,1,6,6,3,-1,-1,1984,1,2,SKODA OCTAVIA,-1,-1,0,-1
2021440427687,2021,440427687,1,9,0,13,13,3,7,0,0,0,1,7,0,0,1,1,6,6,1,24,5,1968,2,12,SKODA OCTAVIA,9,E01022766,0,-1
2021221085821,2021,221085821,2,9,0,16,19,8,3,0,0,1,0,0,0,0,3,1,5,6,1,43,7,1896,2,16,SKODA OCTAVIA,7,W01000449,0,-1
2021111137522,2021,111137522,2,9,0,3,3,3,7,0,0,0,0,0,0,0,2,1,6,6,1,47,8,1896,2,13,SKODA OCTAVIA,1,E01020671,0,-1
2021131124265,2021,131124265,2,9,0,7,7,7,3,0,0,0,0,0,0,0,4,1,6,6,1,32,6,1968,2,1,SKODA OCTAVIA,6,E01011305,0,-1
2021622100392,2021,622100392,1,9,0,9,9,2,8,0,0,8,0,0,0,0,4,1,1,1,1,40,7,1598,2,9,SKODA OCTAVIA,10,W01001853,0,-1
2021201059569,2021,201059569,1,9,0,7,7,8,2,0,0,5,0,0,0,0,1,1,6,6,1,64,9,1968,2,14,SKODA OCTAVIA,1,E01009886,0,-1
2021061097452,2021,061097452,1,9,0,10,10,4,2,0,0,1,0,0,0,0,4,1,5,6,2,53,8,1598,2,6,SKODA OCTAVIA,3,E01005120,0,-1
2021041093173,2021,041093173,1,9,0,18,19,1,5,0,0,2,0,0,0,0,3,1,5,6,1,48,8,1598,2,7,SKODA OCTAVIA,6,E01024915,0,-1
2021430288433,2021,430288433,2,8,0,9,9,6,4,0,0,6,0,0,0,0,1,1,6,6,1,-1,-1,1598,2,6,SKODA OCTAVIA,-1,-1,0,-1
2021131121894,2021,131121894,1,9,0,18,19,1,5,0,0,2,0,0,0,0,4,1,5,6,1,41,7,1984,1,9,SKODA OCTAVIA,1,E01010659,0,-1
2021411104610,2021,411104610,2,9,0,4,4,5,1,0,0,0,0,0,0,0,2,1,2,2,1,39,7,1498,1,0,SKODA OCTAVIA,9,E01017432,0,-1
2021501072572,2021,501072572,1,9,0,15,15,8,4,0,0,0,0,0,0,0,2,1,5,6,1,46,8,1968,2,12,SKODA OCTAVIA,9,E01020092,0,-1
2021221092519,2021,221092519,1,9,0,18,19,2,6,0,0,0,5,0,0,0,3,1,5,6,2,27,6,1781,1,16,SKODA OCTAVIA,-1,-1,0,-1
2021161044136,2021,161044136,1,9,0,7,7,7,3,0,0,0,0,0,0,0,4,1,5,6,2,42,7,1968,2,4,SKODA OCTAVIA,7,E01027808,0,-1
2021061133322,2021,061133322,1,9,0,18,19,3,7,0,0,1,0,0,0,0,1,1,5,6,1,22,5,1896,2,17,SKODA OCTAVIA,1,E01005167,0,-1
2021010337422,2021,010337422,1,9,0,18,19,5,1,0,0,6,0,0,0,0,1,1,6,6,1,85,11,1498,1,3,SKODA OCTAVIA,10,E01000278,0,-1
2021041068235,2021,041068235,3,9,0,4,4,5,1,0,0,0,0,0,0,0,3,1,5,6,1,57,9,1598,2,4,SKODA OCTAVIA,5,E01025271,0,-1
2021411118397,2021,411118397,1,9,0,5,5,1,5,0,0,1,0,0,0,0,1,1,6,6,2,43,7,1595,1,10,SKODA OCTAVIA,5,E01023869,0,-1
2021131052001,2021,131052001,1,9,0,18,19,6,2,0,0,0,0,0,0,0,1,1,1,1,1,31,6,1598,2,10,SKODA OCTAVIA,3,E01010793,0,-1
2021991029723,2021,991029723,1,9,0,18,19,1,5,0,0,0,2,0,1,0,1,1,5,6,1,21,5,1968,2,14,SKODA OCTAVIA,6,-1,0,-1
2021501025659,2021,501025659,3,9,0,18,19,3,7,0,0,0,0,0,0,0,1,1,1,1,1,-1,-1,1968,2,5,SKODA OCTAVIA,-1,-1,0,-1
2021520105483,2021,520105483,1,9,0,9,9,2,1,0,0,8,0,0,0,0,2,1,6,6,2,39,7,1598,2,6,SKODA OCTAVIA,7,E01029262,0,-1
2021320207091,2021,320207091,2,9,0,18,19,4,8,0,0,2,0,0,0,0,1,1,1,1,1,43,7,1598,2,1,SKODA OCTAVIA,1,E01026114,0,-1
2021991111166,2021,991111166,1,9,0,18,19,8,4,0,0,0,1,0,0,0,1,1,2,2,1,42,7,1197,1,5,SKODA OCTAVIA,9,-1,0,-1
2021461058329,2021,461058329,1,9,0,18,19,3,7,0,0,0,1,0,0,0,1,1,6,6,1,24,5,1896,2,17,SKODA OCTAVIA,5,E01024072,0,-1
2021610065921,2021,610065921,2,9,0,5,5,7,3,0,0,1,0,0,0,0,2,1,2,2,1,42,7,1984,1,4,SKODA OCTAVIA,9,W01001398,0,-1
2021041021448,2021,041021448,2,9,0,2,2,0,0,6,6,0,0,0,1,0,2,1,1,1,1,68,10,1598,2,6,SKODA OCTAVIA,2,E01025471,0,-1
2021430408248,2021,430408248,1,9,0,18,19,2,6,0,0,0,0,0,0,0,4,1,6,6,1,64,9,1598,2,1,SKODA OCTAVIA,3,W01001592,0,-1
2021131081329,2021,131081329,1,9,0,10,10,1,7,0,0,8,0,0,0,0,1,1,5,6,2,35,6,1968,2,10,SKODA OCTAVIA,5,E01011275,0,-1
2021461087830,2021,461087830,1,8,0,18,19,1,5,0,0,0,1,0,0,0,1,1,1,1,1,61,9,1896,2,14,SKODA OCTAVIA,7,E01024706,0,-1
2021010344297,2021,010344297,1,9,0,99,99,9,9,99,99,9,9,99,9,99,9,9,2,2,1,40,7,1781,1,17,SKODA OCTAVIA,2,E01002766,0,-1