collision_index,collision_year,collision_ref_no,vehicle_reference,vehicle_type,towing_and_articulation,vehicle_manoeuvre_historic,vehicle_manoeuvre,vehicle_direction_from,vehicle_direction_to,vehicle_location_restricted_lane_historic,vehicle_location_restricted_lane,junction_location,skidding_and_overturning,hit_object_in_carriageway,vehicle_leaving_carriageway,hit_object_off_carriageway,first_point_of_impact,vehicle_left_hand_drive,journey_purpose_of_driver_historic,journey_purpose_of_driver,sex_of_driver,age_of_driver,age_band_of_driver,engine_capacity_cc,propulsion_code,age_of_vehicle,generic_make_model,driver_imd_decile,lsoa_of_driver,escooter_flag,driver_distance_banding
20211382C1631,2021,1382C1631,1,9,0,8,8,5,7,0,0,1,0,0,0,0,1,1,1,1,1,38,7,1968,2,7,SKODA OCTAVIA,3,E01011444,0,-1
2021141054130,2021,141054130,1,9,0,1,1,1,5,0,0,1,0,0,0,0,2,1,6,6,1,-1,-1,1968,2,6,SKODA OCTAVIA,1,E01007506,0,-1
2021131127651,2021,131127651,1,9,0,7,7,1,7,0,0,2,0,0,0,0,1,1,1,1,1,46,8,1598,2,9,SKODA OCTAVIA,3,E01011257,0,-1
2021471082999,2021,471082999,1,9,0,5,5,6,3,0,0,4,0,0,0,0,3,1,2,2,1,60,9,1598,2,2,SKODA OCTAVIA,8,E01031397,0,-1
2021371070114,2021,371070114,2,9,0,5,5,5,3,0,0,0,0,0,0,0,4,1,5,6,1,81,11,1197,1,10,SKODA OCTAVIA,5,E01026751,0,-1
2021061049907,2021,061049907,4,9,0,18,19,3,7,0,0,0,0,0,0,0,0,1,1,1,3,30,6,1498,1,2,SKODA OCTAVIA,-1,-1,0,-1
2021131109496,2021,131109496,1,9,0,7,7,7,1,0,0,2,0,0,0,0,1,1,2,2,1,35,6,1598,2,7,SKODA OCTAVIA,1,E01010826,0,-1
2021501091263,2021,501091263,2,9,0,18,19,3,7,0,0,0,0,0,0,0,3,1,1,1,1,41,7,1598,2,2,SKODA OCTAVIA,2,E01019047,0,-1
2021411090883,2021,411090883,1,9,0,17,19,3,7,0,0,1,0,0,0,0,1,1,5,6,1,78,11,1968,2,11,SKODA OCTAVIA,10,E01023668,0,-1
2021031053627,2021,031053627,2,9,0,7,7,6,1,0,0,1,0,0,0,0,3,1,5,6,1,52,8,1595,1,16,SKODA OCTAVIA,1,E01019111,0,-1
2021061030186,2021,061030186,2,9,0,3,3,5,1,0,0,1,0,0,0,0,1,1,1,1,2,30,6,1968,2,4,SKODA OCTAVIA,-1,-1,0,-1
2021101126586,2021,101126586,1,8,0,18,19,4,8,0,0,-1,0,-1,0,0,1,1,1,1,1,69,10,1968,2,12,SKODA OCTAVIA,5,E01008675,0,-1
2021430222476,2021,430222476,2,9,0,16,19,4,8,0,0,0,0,0,1,9,0,1,6,6,1,23,5,1968,2,5,SKODA OCTAVIA,9,E01017644,0,-1
2021531024433,2021,531024433,2,9,0,2,2,0,0,0,0,1,0,0,7,0,1,1,6,6,3,-1,-1,1598,2,9,SKODA OCTAVIA,-1,-1,0,-1
2021131038095,2021,131038095,2,9,0,2,2,1,3,8,6,0,0,0,0,0,3,1,6,6,1,47,8,1598,2,6,SKODA OCTAVIA,8,E01010972,0,-1
2021221032489,2021,221032489,1,9,0,18,19,3,7,0,0,4,0,0,0,0,1,1,5,6,1,87,11,1598,2,11,SKODA OCTAVIA,2,E01032161,0,-1
2021991039385,2021,991039385,1,8,0,9,9,8,5,0,0,8,0,0,0,0,1,1,1,1,1,41,7,1896,2,12,SKODA OCTAVIA,2,-1,0,-1
2021302100205,2021,302100205,1,9,0,18,19,8,4,0,0,1,0,0,0,0,1,1,6,6,1,30,6,1968,2,11,SKODA OCTAVIA,4,E01013493,0,-1
2021552101345,2021,552101345,2,9,0,18,19,8,4,0,0,8,0,0,0,0,1,1,1,1,1,30,6,1395,8,0,SKODA OCTAVIA,4,E01020496,0,-1
2021451032434,2021,451032434,1,9,0,1,1,1,5,0,0,0,0,0,0,0,2,1,5,6,1,25,5,1896,2,16,SKODA OCTAVIA,1,E01031427,0,-1
2021501106119,2021,501106119,1,9,0,18,19,1,5,0,0,0,1,0,0,0,3,1,6,6,1,-1,-1,1984,1,15,SKODA OCTAVIA,4,E01020307,0,-1
2021461020627,2021,461020627,1,9,0,2,2,6,2,0,0,0,1,0,0,0,1,1,6,6,1,34,6,1498,1,2,SKODA OCTAVIA,2,E01016062,0,-1
2021531116864,2021,531116864,1,9,0,9,9,5,2,0,0,8,0,0,0,0,1,1,5,6,1,83,11,1498,1,2,SKODA OCTAVIA,5,E01022244,0,-1
2021440494105,2021,440494105,2,9,0,4,4,3,7,0,0,1,0,0,0,0,2,1,3,7,2,46,8,1968,2,4,SKODA OCTAVIA,10,E01022683,0,-1
2021231048693,2021,231048693,2,9,0,18,19,8,4,0,0,8,0,0,0,0,1,1,2,2,1,41,7,1968,2,7,SKODA OCTAVIA,10,E01031300,0,-1
2021131076969,2021,131076969,1,9,0,5,5,1,5,0,0,8,0,0,0,0,1,1,1,1,1,60,9,1598,2,7,SKODA OCTAVIA,3,E01010835,0,-1
2021302100697,2021,302100697,1,9,0,18,19,5,1,0,0,0,0,0,0,0,1,1,6,6,1,57,9,1598,2,5,SKODA OCTAVIA,3,E01027865,0,-1
2021440447648,2021,440447648,1,9,0,6,6,5,5,0,0,8,0,0,0,0,3,1,1,1,1,31,6,999,1,2,SKODA OCTAVIA,1,E01017037,0,-1
2021547663221,2021,547663221,4,9,0,4,4,3,7,0,0,0,0,0,0,0,2,1,1,1,1,43,7,1598,2,3,SKODA OCTAVIA,7,E01032699,0,-1
2021010313873,2021,010313873,2,9,0,18,19,2,6,0,0,2,1,11,1,1,1,1,6,6,1,40,7,1390,1,10,SKODA OCTAVIA,-1,-1,0,-1
2021430298116,2021,430298116,2,9,0,16,19,4,8,0,0,0,0,0,0,0,1,1,6,6,1,44,7,1390,1,10,SKODA OCTAVIA,9,E01028798,0,-1
2021161124712,2021,161124712,2,8,0,18,19,8,4,0,0,0,0,0,0,0,1,1,5,6,1,32,6,1598,2,5,SKODA OCTAVIA,1,E01013142,0,-1
202106Q079423,2021,06Q079423,1,9,0,18,19,1,5,0,0,8,0,0,0,0,1,1,6,6,1,39,7,1968,2,8,SKODA OCTAVIA,1,E01005352,0,-1
2021041126194,2021,041126194,2,9,0,18,19,5,1,0,0,0,0,0,0,0,2,1,5,6,1,27,6,1390,1,11,SKODA OCTAVIA,5,E01004831,0,-1
2021101044270,2021,101044270,1,9,0,18,19,7,3,0,0,6,0,0,0,0,1,1,1,1,1,43,7,1896,2,13,SKODA OCTAVIA,1,E01008332,0,-1
2021451103719,2021,451103719,2,9,0,18,19,1,3,0,0,1,0,0,0,0,4,1,6,6,1,50,8,1968,2,9,SKODA OCTAVIA,3,E01002527,0,-1
2021371059250,2021,371059250,1,9,0,17,19,8,4,0,0,0,1,0,1,0,1,1,2,2,1,49,8,1968,2,15,SKODA OCTAVIA,9,E01030175,0,-1
2021991074264,2021,991074264,1,9,0,18,19,4,8,0,0,0,0,0,0,0,1,1,6,6,1,30,6,1968,2,5,SKODA OCTAVIA,1,-1,0,-1
202106E079079,2021,06E079079,1,9,0,18,19,1,5,0,0,0,0,0,0,0,1,1,6,6,1,43,7,1598,2,4,SKODA OCTAVIA,1,E01005314,0,-1
2021501035705,2021,501035705,1,9,0,18,19,1,5,0,0,0,0,0,0,0,1,1,6,6,1,64,9,1395,1,3,SKODA OCTAVIA,5,E01018947,0,-1
2021991073847,2021,991073847,1,9,0,18,19,2,6,0,0,0,0,0,0,0,3,1,5,6,1,41,7,1968,2,6,SKODA OCTAVIA,7,-1,0,-1
2021351054831,2021,351054831,1,9,0,9,9,7,4,0,0,6,0,0,0,0,3,1,6,6,2,41,7,1968,2,5,SKODA OCTAVIA,9,E01018124,0,-1
2021501049911,2021,501049911,2,9,0,4,4,3,7,0,0,0,0,0,0,0,2,1,6,6,2,30,6,1968,2,5,SKODA OCTAVIA,6,E01015136,0,-1
2021061096083,2021,061096083,1,8,0,18,19,3,7,0,0,0,0,0,0,0,1,1,3,7,1,19,4,1598,2,7,SKODA OCTAVIA,4,E01005934,0,-1
2021471030802,2021,471030802,2,9,0,10,10,5,7,0,0,1,0,0,0,0,1,1,1,1,2,33,6,1598,2,1,SKODA OCTAVIA,5,E01016151,0,-1
2021411152339,2021,411152339,2,9,0,5,5,5,1,0,0,8,0,0,0,0,4,1,1,1,1,23,5,1968,2,2,SKODA OCTAVIA,7,E01023398,0,-1
2021061126534,2021,061126534,2,9,0,18,19,3,7,0,0,0,0,0,0,0,1,1,6,6,1,22,5,1598,2,6,SKODA OCTAVIA,1,E01005166,0,-1
2021131098603,2021,131098603,2,9,0,2,2,6,2,0,0,0,0,0,0,0,0,1,6,6,3,-1,-1,1598,2,3,SKODA OCTAVIA,-1,-1,0,-1
2021010338626,2021,010338626,1,9,0,6,6,5,5,0,0,8,0,0,0,0,1,1,1,1,1,54,8,1598,2,2,SKODA OCTAVIA,3,E01001267,0,-1
2021461089448,2021,461089448,1,9,0,16,19,7,3,0,0,0,0,10,0,0,1,1,6,6,1,27,6,1968,2,5,SKODA OCTAVIA,3,E01000092,0,-1
2021302101182,2021,302101182,2,9,0,18,19,6,2,0,0,1,0,0,0,0,3,1,1,1,2,23,5,1598,2,10,SKODA OCTAVIA,1,E01029427,0,-1
2021201056838,2021,201056838,2,9,0,9,9,5,4,0,0,6,0,0,0,0,3,1,6,6,1,-1,-1,1896,2,14,SKODA OCTAVIA,3,E01010051,0,-1
2021061040029,2021,061040029,1,9,0,18,19,1,1,0,0,0,0,0,0,0,2,1,6,6,3,30,6,1896,2,13,SKODA OCTAVIA,2,E01005236,0,-1
2021320582754,2021,320582754,2,9,0,18,19,4,8,0,0,1,0,0,0,0,0,1,6,6,1,55,8,1968,2,5,SKODA OCTAVIA,-1,-1,0,-1
2021111040603,2021,111040603,4,9,0,3,3,5,1,0,0,0,0,0,0,0,0,1,3,7,2,39,7,1968,2,11,SKODA OCTAVIA,2,E01020672,0,-1
2021542560321,2021,542560321,1,9,0,1,1,1,5,0,0,2,0,0,0,0,2,1,6,6,1,32,6,1896,2,16,SKODA OCTAVIA,8,E01015576,0,-1
2021101037512,2021,101037512,1,9,0,9,9,8,5,0,0,0,0,0,0,0,4,1,6,6,1,23,5,1968,2,14,SKODA OCTAVIA,7,E01027745,0,-1
2021010317339,2021,010317339,2,9,0,99,99,9,9,99,99,9,9,99,9,99,0,9,6,6,3,36,7,1395,1,3,SKODA OCTAVIA,2,E01004252,0,-1
2021111039534,2021,111039534,1,9,0,5,5,1,5,0,0,4,0,0,0,0,3,1,1,1,2,40,7,1598,2,6,SKODA OCTAVIA,-1,-1,0,-1
2021320337782,2021,320337782,2,9,0,18,19,4,8,0,0,0,1,0,0,0,1,1,6,6,1,20,4,1968,2,5,SKODA OCTAVIA,7,E01026208,0,-1
2021061060458,2021,061060458,2,9,0,3,3,7,3,0,0,1,0,0,0,0,2,1,5,6,1,19,4,1598,2,8,SKODA OCTAVIA,7,E01007067,0,-1
2021010288445,2021,010288445,2,9,0,99,99,9,9,99,99,9,9,99,9,99,9,9,6,6,2,31,6,1395,1,4,SKODA OCTAVIA,7,E01001871,0,-1
2021991028655,2021,991028655,3,9,0,18,19,7,3,0,0,0,0,0,0,0,2,1,2,2,1,44,7,1968,2,9,SKODA OCTAVIA,2,-1,0,-1
2021302100006,2021,302100006,1,8,0,4,4,8,4,0,0,0,2,0,1,4,1,1,1,1,1,26,6,1598,2,5,SKODA OCTAVIA,5,E01006670,0,-1
2021061136913,2021,061136913,1,9,0,5,5,2,4,0,0,6,0,0,0,0,3,1,6,6,1,60,9,1498,1,2,SKODA OCTAVIA,-1,-1,0,-1
2021138211187,2021,138211187,3,9,0,18,19,3,7,0,0,0,0,0,0,0,1,1,6,6,1,54,8,1598,2,10,SKODA OCTAVIA,3,E01010600,0,-1
2021061056495,2021,061056495,2,9,0,18,19,5,1,0,0,1,0,0,0,0,4,1,2,2,1,51,8,1498,1,2,SKODA OCTAVIA,4,E01005116,0,-1
2021101082423,2021,101082423,2,9,0,18,19,4,8,0,0,1,0,0,0,0,1,1,6,6,1,37,7,1598,2,6,SKODA OCTAVIA,8,E01008363,0,-1
2021461120367,2021,461120367,1,9,0,18,19,1,5,0,0,0,1,0,0,0,1,1,6,6,1,38,7,1395,1,5,SKODA OCTAVIA,8,E01024414,0,-1
2021231041739,2021,231041739,1,9,0,18,19,1,5,0,0,1,0,0,0,0,1,1,5,6,1,74,10,1984,1,6,SKODA OCTAVIA,10,E01031157,0,-1
2021061087651,2021,061087651,1,9,0,18,19,4,8,0,0,8,0,0,0,0,2,1,1,1,1,50,8,1598,2,6,SKODA OCTAVIA,1,E01005167,0,-1
2021451035734,2021,451035734,1,9,0,4,4,3,1,0,0,1,0,0,0,0,2,1,2,2,1,52,8,1498,1,1,SKODA OCTAVIA,8,E01030979,0,-1
2021010345084,2021,010345084,3,9,0,18,19,1,5,0,0,0,0,0,0,0,2,1,6,6,1,-1,-1,1598,2,3,SKODA OCTAVIA,9,E01021383,0,-1
2021061117228,2021,061117228,2,9,0,18,19,3,7,0,0,0,0,0,0,0,0,1,1,1,1,31,6,1498,1,2,SKODA OCTAVIA,1,E01005108,0,-1
2021010311345,2021,010311345,4,9,0,2,2,0,0,6,6,2,0,0,0,0,0,1,6,6,3,-1,-1,1498,1,2,SKODA OCTAVIA,-1,-1,0,-1
2021461092058,2021,461092058,1,9,0,4,4,7,3,0,0,0,0,0,0,0,1,1,6,6,1,50,8,1598,2,4,SKODA OCTAVIA,2,E01001579,0,-1
2021544876121,2021,544876121,1,9,0,9,9,8,6,0,0,6,0,0,0,0,3,1,6,6,2,27,6,1968,2,7,SKODA OCTAVIA,6,E01032011,0,-1
2021010333894,2021,010333894,1,9,0,9,9,3,8,0,0,1,0,0,0,0,3,1,6,6,1,27,6,1390,1,10,SKODA OCTAVIA,1,E01004469,0,-1
2021141014015,2021,141014015,2,9,0,5,5,4,8,0,0,1,0,0,0,0,1,1,6,6,3,-1,-1,1968,2,12,SKODA OCTAVIA,-1,-1,0,-1
2021141089663,2021,141089663,2,9,0,7,7,5,1,0,0,5,0,0,0,0,0,1,1,1,1,41,7,1984,1,2,SKODA OCTAVIA,1,E01007902,0,-1
2021122101204,2021,122101204,2,9,0,18,19,2,6,0,0,0,0,0,0,0,1,1,1,1,1,29,6,1896,2,13,SKODA OCTAVIA,10,E01013376,0,-1
2021201084214,2021,201084214,2,9,0,18,19,5,1,0,0,0,0,0,0,0,4,1,1,1,2,44,7,1968,2,5,SKODA OCTAVIA,1,E01009328,0,-1
2021041091379,2021,041091379,2,9,0,18,19,4,6,0,0,8,0,0,0,0,4,1,5,6,1,22,5,1598,2,7,SKODA OCTAVIA,1,E01012657,0,-1
2021061078623,2021,061078623,1,9,0,18,19,3,7,0,0,0,0,0,0,0,1,1,6,6,1,67,10,1896,2,14,SKODA OCTAVIA,6,E01005489,0,-1
2021430455127,2021,430455127,2,9,0,18,19,6,2,0,0,1,0,0,0,0,1,1,6,6,2,55,8,1498,1,3,SKODA OCTAVIA,10,E01028763,0,-1
2021991117427,2021,991117427,2,8,0,5,5,4,1,0,0,8,0,0,0,0,1,1,1,1,1,41,7,1968,2,6,SKODA OCTAVIA,2,-1,0,-1
2021061099246,2021,061099246,2,9,0,18,19,7,3,0,0,0,0,0,0,0,2,1,1,1,1,22,5,1598,2,3,SKODA OCTAVIA,3,E01012963,0,-1
2021991071560,2021,991071560,2,9,0,18,19,3,7,0,0,0,0,0,0,0,1,1,6,6,1,54,8,999,1,0,SKODA OCTAVIA,5,-1,0,-1
2021131088790,2021,131088790,1,9,0,4,4,5,1,0,0,0,0,0,0,0,2,1,1,1,2,52,8,1598,2,4,SKODA OCTAVIA,7,E01011879,0,-1
2021041037726,2021,041037726,2,9,0,2,2,7,3,0,0,0,0,0,0,0,3,1,6,6,3,-1,-1,1598,2,7,SKODA OCTAVIA,-1,-1,0,-1
2021131054947,2021,131054947,1,9,0,17,19,3,7,9,9,0,5,10,1,11,1,1,5,6,1,72,10,1984,1,2,SKODA OCTAVIA,6,E01011226,0,-1
2021552200274,2021,552200274,2,9,0,2,2,0,0,0,0,0,0,0,1,11,2,1,6,6,3,-1,-1,1598,2,9,SKODA OCTAVIA,-1,-1,0,-1
2021138181435,2021,138181435,1,9,0,18,19,2,6,0,0,2,1,0,0,0,1,1,6,6,3,41,7,1598,2,4,SKODA OCTAVIA,-1,-1,0,-1
2021991026130,2021,991026130,1,8,0,11,11,6,2,0,0,2,0,0,0,0,4,1,1,1,1,40,7,1395,1,4,SKODA OCTAVIA,6,-1,0,-1
2021070439384,2021,070439384,2,9,0,18,19,6,2,0,0,1,0,0,0,0,1,1,2,2,2,42,7,999,8,0,SKODA OCTAVIA,7,E01018708,0,-1
2021101015205,2021,101015205,1,9,0,18,19,6,2,0,0,0,2,7,2,2,1,1,1,1,1,56,9,1598,2,1,SKODA OCTAVIA,3,E01008720,0,-1
2021302102109,2021,302102109,1,9,0,13,13,8,4,0,0,0,1,0,7,9,1,1,6,6,1,35,6,1598,2,10,SKODA OCTAVIA,-1,-1,0,-1
2021010293688,2021,010293688,2,9,0,9,9,1,7,0,0,1,0,0,0,0,3,1,2,2,1,30,6,1984,1,6,SKODA OCTAVIA,4,E01024178,0,-1
2021111131009,2021,111131009,2,9,0,4,4,7,3,0,0,1,0,0,0,0,4,1,1,1,1,37,7,1968,2,4,SKODA OCTAVIA,-1,-1,0,-1
2021501034568,2021,501034568,2,9,0,18,19,1,5,0,0,1,0,0,0,0,3,1,2,2,1,37,7,1968,2,6,SKODA OCTAVIA,10,E01020194,0,-1
2021010315271,2021,010315271,2,9,0,6,6,5,5,0,0,1,0,0,0,0,0,1,6,6,1,24,5,1598,2,7,SKODA OCTAVIA,8,E01030860,0,-1
2021010348229,2021,010348229,2,9,0,3,3,3,7,0,0,1,0,0,0,0,2,1,6,6,2,34,6,1598,2,7,SKODA OCTAVIA,4,E01001636,0,-1
2021531093912,2021,531093912,2,9,0,18,19,5,1,0,0,0,0,0,0,0,2,1,2,2,1,62,9,1968,2,0,SKODA OCTAVIA,10,E01028373,0,-1
2021501042355,2021,501042355,1,8,0,5,5,5,1,0,0,1,0,0,0,0,1,1,1,1,1,56,9,1896,2,12,SKODA OCTAVIA,3,E01015060,0,-1
2021161094377,2021,161094377,2,8,0,18,19,5,1,0,0,0,0,0,0,0,4,1,1,1,1,42,7,1968,2,7,SKODA OCTAVIA,7,E01013039,0,-1
2021461120647,2021,461120647,1,8,0,5,5,1,5,0,0,6,0,0,0,0,1,1,1,1,1,28,6,1598,2,6,SKODA OCTAVIA,1,E01016017,0,-1
2021131062467,2021,131062467,1,9,0,5,5,7,1,0,0,1,0,0,0,0,3,1,1,1,1,45,7,1598,2,8,SKODA OCTAVIA,1,E01011081,0,-1
2021622100709,2021,622100709,2,8,0,18,19,4,8,0,0,0,0,0,0,0,2,1,1,1,1,36,7,1968,2,7,SKODA OCTAVIA,1,W01001857,0,-1
2021440176522,2021,440176522,1,8,0,18,19,2,6,0,0,2,0,4,0,0,4,1,1,1,2,-1,-1,999,1,2,SKODA OCTAVIA,-1,-1,0,-1
2021201087982,2021,201087982,1,9,0,11,11,2,6,0,0,0,0,0,0,0,1,1,6,6,1,70,10,1498,1,1,SKODA OCTAVIA,4,E01009861,0,-1
2021101082482,2021,101082482,4,9,0,18,19,7,7,0,0,1,0,0,0,0,1,1,6,6,1,58,9,1598,2,5,SKODA OCTAVIA,8,E01008642,0,-1
20211383A0394,2021,1383A0394,1,9,0,4,4,1,3,0,0,0,1,0,0,0,2,1,2,2,1,64,9,1390,1,8,SKODA OCTAVIA,2,E01010942,0,-1
2021131098694,2021,131098694,2,9,0,18,19,5,1,0,0,8,0,0,0,0,4,1,1,1,1,46,8,1598,2,5,SKODA OCTAVIA,1,E01011364,0,-1
2021440238726,2021,440238726,2,9,0,18,19,2,6,0,0,8,0,0,0,0,4,1,1,1,1,45,7,1968,2,3,SKODA OCTAVIA,4,E01032756,0,-1
2021622200066,2021,622200066,2,9,0,4,4,3,7,0,0,8,0,0,0,0,2,1,6,6,1,44,7,1968,2,5,SKODA OCTAVIA,8,W01001914,0,-1
2021531030215,2021,531030215,1,9,0,18,19,7,3,0,0,1,0,0,0,0,2,1,6,6,1,49,8,1984,1,4,SKODA OCTAVIA,-1,-1,0,-1
202131B017721,2021,31B017721,2,9,0,6,6,6,6,0,0,8,0,0,0,0,3,1,6,6,1,63,9,1896,2,13,SKODA OCTAVIA,6,E01007649,0,-1
2021201130036,2021,201130036,3,9,0,2,2,0,0,0,0,0,0,0,0,0,1,1,6,6,1,-1,-1,1598,2,9,SKODA OCTAVIA,-1,-1,0,-1
2021141119811,2021,141119811,1,9,0,17,19,7,3,0,0,6,0,0,0,0,1,1,1,1,1,64,9,1598,2,5,SKODA OCTAVIA,1,E01007643,0,-1
2021201131966,2021,201131966,1,9,0,9,9,-1,-1,0,0,8,0,0,0,0,4,1,6,6,1,69,10,999,1,2,SKODA OCTAVIA,-1,-1,0,-1
2021131035682,2021,131035682,3,9,0,3,3,0,0,0,0,1,0,0,0,0,1,1,6,6,1,33,6,1598,2,10,SKODA OCTAVIA,1,E01010635,0,-1
2021070816537,2021,070816537,2,9,0,18,19,5,1,0,0,0,0,0,0,0,2,1,6,6,1,30,6,999,1,1,SKODA OCTAVIA,-1,-1,0,-1
2021061071695,2021,061071695,2,9,0,3,3,5,1,0,0,1,0,0,0,0,4,1,6,6,1,52,8,1598,2,6,SKODA OCTAVIA,1,E01006109,0,-1
2021070744598,2021,070744598,2,9,0,4,4,7,6,0,0,7,0,0,0,0,2,1,2,2,1,50,8,1896,2,14,SKODA OCTAVIA,2,E01024857,0,-1
2021622100906,2021,622100906,1,9,0,4,4,2,6,0,0,1,0,0,0,0,1,1,1,1,1,27,6,1968,2,14,SKODA OCTAVIA,1,W01001699,0,-1
202163A003621,2021,63A003621,2,9,0,18,19,7,4,0,0,0,1,0,0,0,2,1,2,2,1,53,8,1968,2,7,SKODA OCTAVIA,4,W01000646,0,-1
202131D030621,2021,31D030621,1,9,0,13,13,5,1,0,0,0,0,0,1,1,1,1,1,1,1,37,7,1598,2,1,SKODA OCTAVIA,5,E01028081,0,-1
2021501071800,2021,501071800,1,9,0,16,19,1,4,0,0,1,0,0,0,0,1,1,5,6,2,37,7,1395,1,3,SKODA OCTAVIA,4,E01018916,0,-1
2021622100081,2021,622100081,1,9,0,6,6,6,6,0,0,0,0,0,0,0,3,1,6,6,1,79,11,1595,1,18,SKODA OCTAVIA,2,W01000752,0,-1
2021010341720,2021,010341720,2,9,0,99,99,9,9,0,0,8,0,0,0,0,1,9,6,6,3,-1,-1,1984,1,3,SKODA OCTAVIA,-1,-1,0,-1
2021201150183,2021,201150183,2,9,0,2,2,0,0,0,0,0,0,0,0,0,0,1,6,6,2,-1,-1,1598,2,2,SKODA OCTAVIA,-1,-1,0,-1
2021302100620,2021,302100620,2,9,0,18,19,4,8,0,0,3,0,0,0,0,4,1,6,6,1,66,10,1598,2,5,SKODA OCTAVIA,10,E01013564,0,-1
2021131105778,2021,131105778,1,9,0,9,9,3,1,0,0,2,0,0,0,0,1,1,2,2,1,59,9,1598,2,4,SKODA OCTAVIA,6,E01011574,0,-1
2021061049434,2021,061049434,3,8,0,18,19,7,3,0,0,0,0,0,0,0,1,1,1,1,1,42,7,1598,2,9,SKODA OCTAVIA,1,E01005755,0,-1
2021471035530,2021,471035530,1,9,0,17,19,3,7,0,0,0,0,0,1,4,1,1,5,6,1,79,11,1984,1,14,SKODA OCTAVIA,10,E01031773,0,-1
2021221089017,2021,221089017,1,9,0,16,19,3,4,0,0,0,0,0,7,7,3,1,5,6,1,20,4,1984,1,12,SKODA OCTAVIA,9,W01001606,0,-1
2021302101229,2021,302101229,2,9,0,18,19,8,4,0,0,0,0,0,0,0,2,1,6,6,1,51,8,1968,2,1,SKODA OCTAVIA,9,E01013015,0,-1
2021161096245,2021,161096245,2,9,0,9,9,7,4,0,0,6,0,0,0,0,1,1,1,1,1,40,7,1598,2,5,SKODA OCTAVIA,4,E01012901,0,-1
2021991073760,2021,991073760,3,9,0,18,19,5,1,0,0,0,0,0,0,0,2,2,2,2,1,49,8,1598,2,3,SKODA OCTAVIA,6,-1,0,-1
2021010338081,2021,010338081,3,9,0,4,4,1,5,0,0,0,0,0,0,0,2,1,6,6,1,41,7,1968,2,4,SKODA OCTAVIA,3,E01000092,0,-1
2021211144838,2021,211144838,2,9,0,9,9,2,7,0,0,5,0,0,0,0,2,1,1,1,1,37,7,1498,1,0,SKODA OCTAVIA,2,E01014279,0,-1
2021451104737,2021,451104737,1,9,0,18,19,1,5,0,0,0,0,0,0,0,2,1,5,6,1,51,8,1984,1,6,SKODA OCTAVIA,6,E01024260,0,-1
2021131042345,2021,131042345,1,9,0,18,19,5,1,0,0,8,0,0,0,0,1,1,6,6,1,45,7,1896,2,13,SKODA OCTAVIA,3,E01011139,0,-1
2021052102900,2021,052102900,2,9,0,18,19,1,5,0,0,8,0,0,0,0,3,1,6,6,1,78,11,1390,1,12,SKODA OCTAVIA,7,E01007316,0,-1
2021070436735,2021,070436735,1,9,0,5,5,1,7,0,0,7,0,0,0,0,4,1,2,2,1,63,9,1598,2,1,SKODA OCTAVIA,7,E01012561,0,-1
2021041114639,2021,041114639,2,9,0,3,3,7,3,0,0,0,0,0,0,0,1,2,1,1,1,51,8,1598,2,6,SKODA OCTAVIA,2,E01025229,0,-1
2021991093217,2021,991093217,2,9,0,9,9,5,3,0,0,1,0,0,0,0,1,1,2,2,2,66,10,1395,1,4,SKODA OCTAVIA,4,-1,0,-1
2021501134980,2021,501134980,1,9,0,5,5,1,5,0,0,0,0,0,0,0,1,1,5,6,2,86,11,1896,2,19,SKODA OCTAVIA,4,E01018863,0,-1
2021440210494,2021,440210494,2,9,0,18,19,2,6,0,0,8,0,0,0,0,2,1,6,6,1,64,9,1896,2,12,SKODA OCTAVIA,10,E01023169,0,-1
2021131085368,2021,131085368,2,9,0,18,19,3,7,0,0,0,0,0,0,0,2,1,1,1,1,40,7,1598,2,9,SKODA OCTAVIA,1,E01010732,0,-1
2021201060879,2021,201060879,2,9,0,18,19,-1,-1,0,0,4,0,0,0,0,1,1,6,6,1,-1,-1,1598,2,10,SKODA OCTAVIA,4,E01009249,0,-1
2021221090930,2021,221090930,1,9,0,9,9,3,1,0,0,6,0,0,0,0,3,1,5,6,2,18,4,1968,2,11,SKODA OCTAVIA,9,E01032173,0,-1
2021101059969,2021,101059969,2,9,0,9,9,6,8,0,0,0,0,0,0,0,1,1,1,1,1,68,10,1598,2,6,SKODA OCTAVIA,4,E01008502,0,-1
2021461102821,2021,461102821,2,9,0,17,19,3,7,0,0,0,0,0,0,0,3,1,6,6,1,74,10,1896,2,14,SKODA OCTAVIA,5,E01016149,0,-1
2021320584917,2021,320584917,2,9,0,18,19,2,6,0,0,0,0,0,0,0,1,1,6,6,1,25,5,1896,2,13,SKODA OCTAVIA,1,E01026115,0,-1
2021131092345,2021,131092345,1,9,0,4,4,7,3,0,0,1,0,0,0,0,1,1,3,7,1,53,8,1598,2,5,SKODA OCTAVIA,1,E01011332,0,-1
2021461024751,2021,461024751,1,9,0,18,19,3,7,0,0,1,0,0,1,0,1,1,1,1,1,40,7,1598,2,2,SKODA OCTAVIA,7,E01024637,0,-1
2021321121087,2021,321121087,1,9,0,17,19,1,7,0,0,1,1,0,1,10,1,1,5,6,1,-1,-1,1968,2,4,SKODA OCTAVIA,10,E01013090,0,-1
2021141013081,2021,141013081,1,8,0,18,19,3,7,0,0,1,0,0,0,0,1,1,1,1,1,41,7,1968,2,9,SKODA OCTAVIA,1,E01007875,0,-1
2021421120871,2021,421120871,1,9,0,18,19,5,1,0,0,0,0,0,0,0,1,1,6,6,3,-1,-1,1896,2,14,SKODA OCTAVIA,-1,-1,0,-1
2021552100921,2021,552100921,2,9,0,18,19,3,7,0,0,8,0,0,0,0,4,1,2,2,1,67,10,1968,2,15,SKODA OCTAVIA,7,E01020546,0,-1