collision_index,collision_year,collision_ref_no,vehicle_reference,vehicle_type,towing_and_articulation,vehicle_manoeuvre_historic,vehicle_manoeuvre,vehicle_direction_from,vehicle_direction_to,vehicle_location_restricted_lane_historic,vehicle_location_restricted_lane,junction_location,skidding_and_overturning,hit_object_in_carriageway,vehicle_leaving_carriageway,hit_object_off_carriageway,first_point_of_impact,vehicle_left_hand_drive,journey_purpose_of_driver_historic,journey_purpose_of_driver,sex_of_driver,age_of_driver,age_band_of_driver,engine_capacity_cc,propulsion_code,age_of_vehicle,generic_make_model,driver_imd_decile,lsoa_of_driver,escooter_flag,driver_distance_banding
2021351029145,2021,351029145,2,9,0,18,19,5,1,0,0,0,0,0,0,0,1,1,6,6,1,23,5,1968,2,15,SKODA OCTAVIA,3,E01017489,0,-1
2021401100670,2021,401100670,2,9,0,18,19,8,4,0,0,0,0,0,4,6,3,1,6,6,2,29,6,1968,2,15,SKODA OCTAVIA,4,E01025666,0,-1
2021552100940,2021,552100940,1,9,0,18,19,7,3,0,0,0,0,0,0,0,1,1,6,6,1,48,8,1984,1,15,SKODA OCTAVIA,3,E01015357,0,-1
2021010303636,2021,010303636,1,9,0,99,99,9,9,99,99,1,9,99,9,99,2,9,6,6,1,37,7,1498,1,2,SKODA OCTAVIA,3,E01001701,0,-1
2021061049907,2021,061049907,3,9,0,18,19,3,7,0,0,0,0,0,0,0,0,1,1,1,3,30,6,1984,1,2,SKODA OCTAVIA,-1,-1,0,-1
2021622100355,2021,622100355,2,9,0,5,5,2,6,0,0,8,0,0,0,0,4,1,1,1,1,56,9,1598,2,6,SKODA OCTAVIA,5,W01001096,0,-1
2021070511539,2021,070511539,3,9,0,3,3,8,3,0,0,1,0,0,0,0,1,1,6,6,1,46,8,1598,2,7,SKODA OCTAVIA,9,E01018688,0,-1
2021041034493,2021,041034493,1,9,0,18,19,1,5,0,0,8,0,0,0,0,1,1,1,1,1,38,7,1896,2,14,SKODA OCTAVIA,2,E01025075,0,-1
2021622100785,2021,622100785,1,9,0,18,19,8,4,0,0,0,0,0,0,0,4,1,6,6,2,53,8,1598,2,2,SKODA OCTAVIA,5,W01000946,0,-1
2021549948021,2021,549948021,1,9,0,9,9,6,4,0,0,2,0,0,0,0,1,1,6,6,3,-1,-1,1598,2,10,SKODA OCTAVIA,-1,-1,0,-1
2021101090774,2021,101090774,2,9,0,18,19,3,7,0,0,0,0,0,0,0,4,1,5,6,2,61,9,1968,2,6,SKODA OCTAVIA,7,E01008876,0,-1
2021471041496,2021,471041496,3,9,0,13,13,8,4,0,0,0,0,0,0,0,0,1,6,6,1,49,8,1968,2,4,SKODA OCTAVIA,9,E01031727,0,-1
2021302100442,2021,302100442,1,9,0,18,19,6,2,0,0,0,0,0,0,0,1,1,6,6,1,24,5,1984,1,10,SKODA OCTAVIA,5,E01019456,0,-1
202131C000821,2021,31C000821,1,9,0,7,7,3,5,0,0,5,0,0,0,0,1,1,6,6,1,35,6,1984,1,14,SKODA OCTAVIA,4,E01028159,0,-1
2021101117442,2021,101117442,2,9,0,3,3,3,7,0,0,1,0,0,0,0,2,1,5,6,1,64,9,1968,2,6,SKODA OCTAVIA,5,E01008410,0,-1
2021061109567,2021,061109567,2,9,0,18,19,7,3,0,0,8,0,0,0,0,1,1,6,6,1,30,6,1598,2,5,SKODA OCTAVIA,-1,-1,0,-1
2021201115674,2021,201115674,1,9,0,18,19,1,5,0,0,1,0,0,0,0,4,1,1,1,1,49,8,1595,1,10,SKODA OCTAVIA,1,E01009062,0,-1
2021141081087,2021,141081087,1,9,0,4,4,8,4,0,0,0,0,0,0,0,2,1,6,6,1,-1,-1,1896,2,16,SKODA OCTAVIA,1,E01007906,0,-1
2021471068748,2021,471068748,1,9,0,18,19,1,5,0,0,1,0,0,0,0,4,1,1,1,1,42,7,1598,2,6,SKODA OCTAVIA,10,E01031824,0,-1
2021351120400,2021,351120400,2,9,0,18,19,-1,-1,0,0,0,0,0,0,0,1,1,6,6,1,25,5,1598,2,4,SKODA OCTAVIA,5,E01015651,0,-1
202131A031421,2021,31A031421,2,9,0,5,5,8,4,0,0,8,0,0,0,0,4,1,2,2,1,35,6,1968,2,5,SKODA OCTAVIA,9,E01019624,0,-1
2021440297226,2021,440297226,1,9,0,18,19,3,7,0,0,0,0,0,1,2,3,1,1,1,1,33,6,1968,2,9,SKODA OCTAVIA,2,E01032879,0,-1
2021101102058,2021,101102058,1,9,0,18,19,5,1,0,0,1,0,0,0,0,3,1,5,6,1,52,8,1968,2,3,SKODA OCTAVIA,2,E01012081,0,-1
2021170M11871,2021,170M11871,2,8,0,18,19,4,8,0,0,1,0,0,0,0,4,1,1,1,1,37,7,1598,2,5,SKODA OCTAVIA,-1,-1,0,-1
2021131071708,2021,131071708,2,9,0,18,19,5,5,0,0,0,0,0,1,0,1,1,2,2,1,20,4,1984,1,2,SKODA OCTAVIA,10,E01011270,0,-1
2021201073545,2021,201073545,1,9,0,18,19,-1,-1,0,0,0,0,0,0,0,1,1,6,6,1,-1,-1,1968,2,12,SKODA OCTAVIA,-1,-1,0,-1
2021991103039,2021,991103039,1,9,0,9,9,8,5,0,0,8,0,0,0,0,1,1,1,1,1,48,8,1598,2,2,SKODA OCTAVIA,7,-1,0,-1
2021421082122,2021,421082122,2,9,0,4,4,3,7,0,0,0,0,0,0,0,2,1,5,6,2,28,6,1498,1,1,SKODA OCTAVIA,4,E01013711,0,-1
2021351117103,2021,351117103,2,9,0,10,10,1,7,0,0,0,0,0,0,0,2,1,6,6,1,52,8,1498,1,3,SKODA OCTAVIA,6,E01018042,0,-1
2021131079764,2021,131079764,3,9,0,18,19,1,5,0,0,1,0,0,0,0,3,1,2,2,1,33,6,1896,2,17,SKODA OCTAVIA,4,E01011073,0,-1
2021411098233,2021,411098233,1,9,-1,-1,-1,6,2,-1,-1,0,-1,-1,-1,0,-1,1,5,6,1,48,8,1984,1,2,SKODA OCTAVIA,10,E01023610,0,-1
2021010304251,2021,010304251,2,9,0,99,99,9,9,99,99,9,9,99,9,99,1,9,6,6,1,40,7,1784,1,12,SKODA OCTAVIA,4,E01001167,0,-1
2021421055576,2021,421055576,2,9,0,3,3,1,5,0,0,4,0,0,0,0,2,1,5,6,1,34,6,1968,2,14,SKODA OCTAVIA,4,E01021853,0,-1
2021161059801,2021,161059801,2,9,0,18,19,6,2,0,0,6,0,0,3,0,1,1,1,1,1,45,7,1598,2,9,SKODA OCTAVIA,2,E01012869,0,-1
2021101013774,2021,101013774,1,8,0,16,19,5,1,0,0,3,0,0,0,0,1,1,1,1,1,48,8,1598,2,10,SKODA OCTAVIA,5,E01008554,0,-1
2021411117797,2021,411117797,1,8,0,2,2,0,0,0,0,0,0,0,0,0,4,1,1,1,1,-1,-1,1598,2,7,SKODA OCTAVIA,-1,-1,0,-1
2021101080781,2021,101080781,1,9,0,5,5,4,1,0,0,0,0,0,1,3,1,1,1,1,1,62,9,1968,2,4,SKODA OCTAVIA,9,E01027502,0,-1
2021543502521,2021,543502521,1,9,0,9,9,5,3,0,0,1,0,0,0,0,1,1,6,6,2,35,6,1598,2,8,SKODA OCTAVIA,10,E01032072,0,-1
2021010293727,2021,010293727,2,9,0,99,99,9,9,99,99,9,9,99,9,99,2,9,6,6,1,36,7,1896,2,13,SKODA OCTAVIA,7,E01023963,0,-1
2021302101533,2021,302101533,4,9,0,2,2,0,0,0,0,0,0,4,0,0,2,1,6,6,3,-1,-1,1598,2,12,SKODA OCTAVIA,-1,-1,0,-1
2021461109096,2021,461109096,1,9,0,4,4,2,6,0,0,0,0,0,0,0,1,1,6,6,1,62,9,1968,2,6,SKODA OCTAVIA,8,E01016094,0,-1
2021122100356,2021,122100356,2,9,0,16,19,5,1,0,0,0,0,0,0,0,3,1,6,6,1,55,8,1598,2,4,SKODA OCTAVIA,1,E01012027,0,-1
2021131109698,2021,131109698,2,9,0,4,4,1,5,0,0,1,0,4,0,0,2,1,1,1,1,32,6,1598,2,6,SKODA OCTAVIA,3,E01010836,0,-1
2021041056488,2021,041056488,1,9,0,5,5,3,7,0,0,1,0,0,0,0,2,1,1,1,1,22,5,1598,2,5,SKODA OCTAVIA,5,E01025190,0,-1
2021111028525,2021,111028525,1,9,0,18,19,7,3,0,0,2,0,0,0,0,4,1,6,6,3,50,8,1598,1,14,SKODA OCTAVIA,-1,-1,0,-1
2021471110271,2021,471110271,1,9,0,6,6,7,7,5,5,0,0,0,0,0,1,1,6,6,1,54,8,1598,2,9,SKODA OCTAVIA,5,E01016989,0,-1
2021451017329,2021,451017329,2,9,0,13,13,6,4,0,0,1,0,0,7,7,3,1,2,2,1,35,6,1984,1,3,SKODA OCTAVIA,10,E01023112,0,-1
2021061092796,2021,061092796,2,9,0,9,9,1,7,0,0,8,0,0,0,0,4,1,5,6,1,47,8,1968,2,3,SKODA OCTAVIA,5,E01006292,0,-1
2021211144232,2021,211144232,1,9,0,10,10,1,5,0,0,0,0,0,0,0,2,1,2,2,1,48,8,1968,2,10,SKODA OCTAVIA,2,E01014356,0,-1
2021170S20201,2021,170S20201,2,8,0,18,19,1,5,0,0,1,0,0,0,0,2,1,1,1,1,46,8,1598,2,10,SKODA OCTAVIA,4,E01012026,0,-1
2021061049033,2021,061049033,2,9,0,18,19,5,1,0,0,2,0,0,0,0,1,1,1,1,1,49,8,1968,2,5,SKODA OCTAVIA,8,E01012462,0,-1
2021440389118,2021,440389118,1,9,0,8,8,8,4,0,0,3,0,0,1,0,1,1,6,6,1,50,8,1968,2,15,SKODA OCTAVIA,9,E01022929,0,-1
202163C074321,2021,63C074321,1,8,0,9,9,2,8,0,0,6,0,0,3,10,3,1,3,7,1,39,7,1896,2,12,SKODA OCTAVIA,1,W01000592,0,-1
2021101121674,2021,101121674,1,9,0,18,19,1,5,0,0,8,0,0,0,0,3,1,1,1,1,51,8,1598,2,1,SKODA OCTAVIA,3,E01008258,0,-1
2021141053594,2021,141053594,1,9,0,18,19,1,5,0,0,0,0,0,0,0,1,1,3,7,1,60,9,1598,2,6,SKODA OCTAVIA,5,E01007459,0,-1
2021371075132,2021,371075132,1,9,0,9,9,1,7,0,0,1,0,0,0,0,1,1,2,2,1,23,5,1968,2,15,SKODA OCTAVIA,2,E01033124,0,-1
2021302102033,2021,302102033,1,9,0,5,5,8,4,0,0,8,0,0,0,0,1,1,1,1,1,41,7,1896,2,12,SKODA OCTAVIA,2,E01013565,0,-1
2021131083351,2021,131083351,1,8,0,9,9,7,5,0,0,1,0,0,0,0,1,1,5,6,1,50,8,1598,2,7,SKODA OCTAVIA,1,E01011433,0,-1
2021141094383,2021,141094383,1,9,0,9,9,2,1,0,0,5,0,0,0,0,1,1,5,6,1,45,7,1896,2,12,SKODA OCTAVIA,2,E01007871,0,-1
2021471039347,2021,471039347,2,9,0,18,19,3,8,0,0,8,0,0,0,0,4,1,2,2,1,35,6,1598,2,10,SKODA OCTAVIA,8,E01020953,0,-1
2021461083541,2021,461083541,1,9,0,5,5,2,6,0,0,0,0,0,0,0,3,1,6,6,2,42,7,1498,1,3,SKODA OCTAVIA,9,E01024088,0,-1
2021201080649,2021,201080649,2,9,0,2,2,0,0,9,9,0,0,0,0,0,4,1,5,6,1,-1,-1,1968,2,14,SKODA OCTAVIA,1,E01008979,0,-1
2021161067701,2021,161067701,1,9,0,2,2,0,0,6,6,1,0,0,0,0,3,1,6,6,1,32,6,1968,2,5,SKODA OCTAVIA,5,E01026151,0,-1
2021361034203,2021,361034203,2,9,0,4,4,0,0,0,0,1,0,0,0,0,2,1,1,1,1,45,7,1598,2,6,SKODA OCTAVIA,1,E01026662,0,-1
2021371062004,2021,371062004,2,9,0,18,19,7,3,0,0,0,0,0,0,0,1,1,1,1,1,46,8,1598,2,9,SKODA OCTAVIA,3,E01030077,0,-1
2021211076778,2021,211076778,1,9,0,17,19,3,7,0,0,0,2,0,0,0,4,1,6,6,1,18,4,1984,1,15,SKODA OCTAVIA,8,E01029682,0,-1
2021471095473,2021,471095473,1,9,0,18,19,3,7,0,0,0,0,0,0,0,1,1,6,6,1,33,6,1598,2,7,SKODA OCTAVIA,9,E01031489,0,-1
2021052100651,2021,052100651,1,9,0,18,19,5,1,0,0,8,0,0,0,0,1,1,6,6,2,68,10,1968,2,11,SKODA OCTAVIA,2,E01007168,0,-1
2021991021299,2021,991021299,2,8,0,18,19,3,6,0,0,0,0,0,0,0,1,1,1,1,1,32,6,1598,2,2,SKODA OCTAVIA,5,-1,0,-1
2021622101010,2021,622101010,3,9,0,18,19,8,4,0,0,1,0,0,0,0,1,1,6,6,1,44,7,1598,2,8,SKODA OCTAVIA,2,W01001765,0,-1
2021131114613,2021,131114613,1,9,0,4,4,5,1,0,0,2,0,0,0,0,2,1,1,1,1,49,8,1598,2,6,SKODA OCTAVIA,2,E01033002,0,-1
2021141069633,2021,141069633,1,9,0,3,3,3,3,0,0,1,0,0,0,0,2,1,6,6,1,31,6,1968,2,11,SKODA OCTAVIA,3,E01007758,0,-1
2021421026318,2021,421026318,2,9,0,18,19,5,1,0,0,4,0,0,0,0,1,1,5,6,2,35,6,1598,2,5,SKODA OCTAVIA,4,E01022024,0,-1
2021471085485,2021,471085485,2,9,0,18,19,3,7,0,0,0,0,0,0,0,4,1,1,1,1,46,8,1968,2,4,SKODA OCTAVIA,4,E01031785,0,-1
2021061103999,2021,061103999,2,9,0,18,19,5,1,0,0,2,0,0,0,0,1,1,1,1,1,54,8,1598,2,6,SKODA OCTAVIA,5,E01005040,0,-1
2021991081919,2021,991081919,1,8,0,18,19,3,7,0,0,1,0,4,0,0,1,1,1,1,1,56,9,1598,2,2,SKODA OCTAVIA,5,-1,0,-1
2021061043034,2021,061043034,1,9,0,18,19,1,5,0,0,1,0,0,0,0,4,1,6,6,1,38,7,1598,2,9,SKODA OCTAVIA,-1,-1,0,-1
2021471073293,2021,471073293,2,9,0,3,3,4,8,0,0,0,0,0,0,0,2,1,5,6,1,69,10,1968,2,0,SKODA OCTAVIA,5,E01021109,0,-1
2021461121760,2021,461121760,4,9,0,18,19,3,7,0,0,0,0,0,0,0,0,1,6,6,1,53,8,1598,2,6,SKODA OCTAVIA,3,E01024559,0,-1
2021471049252,2021,471049252,1,9,0,2,2,0,0,0,0,0,0,0,0,0,3,1,1,1,1,40,7,1598,2,5,SKODA OCTAVIA,6,E01016987,0,-1
2021061100551,2021,061100551,2,9,0,4,4,3,7,0,0,1,0,0,0,0,1,1,6,6,1,40,7,1968,2,10,SKODA OCTAVIA,2,E01018596,0,-1
2021201155976,2021,201155976,2,9,0,18,19,2,7,0,0,0,1,0,0,0,1,1,6,6,1,75,10,1896,2,12,SKODA OCTAVIA,3,E01010178,0,-1
2021471121662,2021,471121662,1,9,0,18,19,1,4,0,0,0,0,0,0,0,1,1,5,6,1,64,9,1498,1,2,SKODA OCTAVIA,5,E01031410,0,-1
2021320098524,2021,320098524,1,9,0,17,19,7,3,0,0,0,0,0,1,10,1,1,6,6,1,37,7,1598,2,6,SKODA OCTAVIA,2,E01026094,0,-1
2021622100034,2021,622100034,2,9,0,4,4,4,8,0,0,2,0,0,0,0,2,1,6,6,2,57,9,1598,2,2,SKODA OCTAVIA,1,W01001266,0,-1
2021161061594,2021,161061594,1,9,0,9,9,8,6,0,0,5,0,0,0,0,3,1,6,6,2,58,9,999,1,2,SKODA OCTAVIA,8,E01013170,0,-1
2021131126307,2021,131126307,1,9,0,5,5,3,7,0,0,0,0,0,0,0,0,1,6,6,3,-1,-1,1598,2,7,SKODA OCTAVIA,-1,-1,0,-1
2021010334340,2021,010334340,1,8,0,10,10,4,2,0,0,1,0,0,0,0,4,1,1,1,1,43,7,1598,2,10,SKODA OCTAVIA,10,E01030837,0,-1
2021010312133,2021,010312133,1,9,0,18,19,3,7,0,0,2,0,0,1,5,1,2,6,6,1,25,5,1968,2,1,SKODA OCTAVIA,6,E01009759,0,-1
2021041117105,2021,041117105,2,9,0,18,19,1,5,0,0,1,0,0,0,0,4,1,5,6,1,20,4,1390,1,10,SKODA OCTAVIA,8,E01005056,0,-1
2021061078605,2021,061078605,1,9,0,9,9,1,6,0,0,2,0,0,0,0,4,1,6,6,1,25,5,1598,2,4,SKODA OCTAVIA,1,E01005427,0,-1
2021471112089,2021,471112089,2,9,0,9,9,5,3,0,0,5,0,0,0,0,1,1,5,6,1,21,5,1968,2,14,SKODA OCTAVIA,8,E01024407,0,-1
2021041045900,2021,041045900,2,9,0,18,19,1,5,0,0,8,0,0,7,10,4,1,5,6,1,29,6,1390,1,10,SKODA OCTAVIA,1,E01025083,0,-1
2021302101450,2021,302101450,2,9,0,17,19,2,8,0,0,0,0,0,0,0,3,1,6,6,1,38,7,1598,2,1,SKODA OCTAVIA,10,E01019604,0,-1
2021471053119,2021,471053119,2,9,0,4,4,1,5,0,0,0,0,0,0,0,2,1,1,1,1,47,8,1968,2,6,SKODA OCTAVIA,1,E01021019,0,-1
2021070730356,2021,070730356,2,9,0,9,9,6,2,0,0,8,0,0,0,0,1,1,6,6,1,42,7,1598,2,6,SKODA OCTAVIA,6,E01012414,0,-1
2021421014836,2021,421014836,2,9,0,10,10,1,7,0,0,1,0,0,0,0,2,1,6,6,1,43,7,1784,1,13,SKODA OCTAVIA,6,E01015937,0,-1
2021141092355,2021,141092355,1,9,0,18,19,1,5,0,0,0,1,0,0,0,3,1,5,6,1,61,9,1498,1,1,SKODA OCTAVIA,7,E01011768,0,-1
2021622100385,2021,622100385,1,9,0,18,19,8,4,0,0,0,0,0,0,0,1,1,1,1,1,37,7,1598,2,3,SKODA OCTAVIA,1,W01000884,0,-1
2021170S12161,2021,170S12161,2,9,0,18,19,3,7,0,0,8,0,0,0,0,4,1,6,6,1,63,9,1968,2,5,SKODA OCTAVIA,3,E01012214,0,-1
2021461128753,2021,461128753,1,9,0,7,7,8,2,0,0,6,0,0,0,0,1,1,1,1,1,42,7,1598,2,9,SKODA OCTAVIA,5,E01024226,0,-1
2021070270013,2021,070270013,1,9,0,18,19,4,8,0,0,1,0,0,0,0,1,1,6,6,3,-1,-1,1395,1,7,SKODA OCTAVIA,-1,-1,0,-1
2021010322376,2021,010322376,1,9,0,18,19,3,7,0,0,1,0,0,0,0,4,1,6,6,1,44,7,1395,1,3,SKODA OCTAVIA,2,E01003551,0,-1
2021111107091,2021,111107091,1,9,0,18,19,7,3,0,0,0,0,0,0,0,3,1,5,6,1,21,5,1968,2,14,SKODA OCTAVIA,2,E01020897,0,-1
2021131042359,2021,131042359,1,9,0,18,19,7,3,0,0,1,5,0,0,0,4,1,2,2,1,40,7,1598,2,2,SKODA OCTAVIA,4,E01011908,0,-1
2021461059561,2021,461059561,2,9,0,18,19,2,6,0,0,1,0,0,0,0,1,1,1,1,1,50,8,1968,2,2,SKODA OCTAVIA,4,E01016067,0,-1
2021041106168,2021,041106168,1,9,0,11,11,5,5,0,0,0,0,0,0,0,1,1,6,6,1,41,7,1598,2,4,SKODA OCTAVIA,1,E01012656,0,-1
2021010307007,2021,010307007,3,9,0,18,19,5,1,0,0,8,0,0,0,0,0,1,6,6,1,-1,-1,1984,1,1,SKODA OCTAVIA,-1,-1,0,-1
2021440115343,2021,440115343,2,90,0,18,19,4,8,0,0,7,0,0,0,0,1,1,6,6,1,24,5,270,1,13,-1,6,E01022940,0,-1
2021221081229,2021,221081229,1,4,0,18,19,5,1,0,0,1,2,0,1,11,1,1,6,6,1,51,8,270,1,15,-1,8,E01028848,0,-1
2021122100149,2021,122100149,1,9,0,18,19,5,1,0,0,0,1,0,1,7,1,1,1,1,1,53,8,2457,1,8,-1,-1,-1,0,-1
2021991060835,2021,991060835,2,9,0,9,9,1,7,0,0,1,0,0,1,0,3,1,5,6,1,60,9,2457,1,6,-1,6,-1,0,-1
2021411117791,2021,411117791,1,3,0,5,5,5,1,0,0,1,0,0,0,0,1,1,2,2,1,21,5,-1,-1,-1,-1,4,E01023669,0,-1
2021991112084,2021,991112084,2,2,0,18,19,1,5,0,0,8,0,0,0,0,3,1,5,6,1,33,6,-1,3,0,-1,4,-1,0,-1
2021041083650,2021,041083650,1,5,0,18,19,7,3,0,0,2,0,0,0,0,4,1,6,6,1,31,6,1200,1,3,TRIUMPH BONNEVILLE,-1,-1,0,-1
202131B111021,2021,31B111021,2,5,0,18,19,8,4,0,0,0,0,0,0,0,4,1,6,6,1,57,9,1200,1,2,TRIUMPH BONNEVILLE,10,E01028414,0,-1
2021041036525,2021,041036525,2,5,0,3,3,4,8,0,0,0,0,0,0,0,1,1,5,6,1,53,8,900,1,5,TRIUMPH BONNEVILLE,7,E01025559,0,-1
2021471067282,2021,471067282,2,5,0,18,19,3,7,0,0,0,0,0,0,0,2,1,5,6,1,78,11,900,1,3,TRIUMPH BONNEVILLE,7,E01031407,0,-1
2021010309950,2021,010309950,2,5,0,7,7,5,7,0,0,1,0,0,0,0,3,1,6,6,1,33,6,900,1,3,TRIUMPH BONNEVILLE,3,E01003104,0,-1
2021320537810,2021,320537810,1,5,0,18,19,6,2,0,0,0,5,0,0,4,3,1,6,6,1,36,7,1200,1,3,TRIUMPH BONNEVILLE,6,E01016832,0,-1
2021471082047,2021,471082047,2,5,0,18,19,3,7,0,0,0,0,0,0,0,4,1,5,6,1,55,8,865,1,8,TRIUMPH BONNEVILLE,9,E01002317,0,-1
2021122101337,2021,122101337,1,5,0,18,19,6,2,0,0,1,0,0,0,0,4,1,6,6,1,27,6,1200,1,1,TRIUMPH BONNEVILLE,9,E01027894,0,-1
2021622100563,2021,622100563,1,5,0,18,19,5,1,0,0,1,0,0,0,0,2,1,6,6,1,47,8,865,1,11,TRIUMPH BONNEVILLE,6,W01001344,0,-1
2021122100689,2021,122100689,2,5,0,18,19,3,7,0,0,8,0,0,0,0,1,1,6,6,2,26,6,900,1,4,TRIUMPH BONNEVILLE,3,E01027833,0,-1
202163D075421,2021,63D075421,4,5,0,4,4,4,8,0,0,1,0,0,0,0,0,1,6,6,1,56,9,1200,1,0,TRIUMPH BONNEVILLE,5,W01001088,0,-1
2021131090284,2021,131090284,1,4,0,18,19,3,7,0,0,1,1,0,0,0,4,1,2,2,1,66,10,790,1,15,TRIUMPH BONNEVILLE,1,E01011811,0,-1
2021161077538,2021,161077538,1,5,0,18,19,5,1,0,0,0,0,12,1,0,1,1,5,6,1,68,10,1200,1,0,TRIUMPH BONNEVILLE,7,E01013018,0,-1
2021101038288,2021,101038288,1,3,0,18,19,3,7,0,0,0,0,0,0,0,1,1,2,2,1,62,9,900,1,4,TRIUMPH BONNEVILLE,-1,-1,0,-1
2021010334308,2021,010334308,2,5,0,18,19,3,7,0,0,2,0,0,0,0,4,1,2,2,2,53,8,1200,1,1,TRIUMPH BONNEVILLE,2,E01002774,0,-1
2021201143367,2021,201143367,2,5,0,15,15,6,2,0,0,0,0,10,0,0,1,1,6,6,1,51,8,865,1,6,TRIUMPH BONNEVILLE,3,E01008977,0,-1
2021010321743,2021,010321743,1,5,0,7,7,3,6,0,0,2,1,0,7,0,1,1,2,2,1,33,6,1200,1,0,TRIUMPH BONNEVILLE,4,E01030749,0,-1
2021461102922,2021,461102922,1,5,0,13,13,6,2,0,0,1,0,0,7,0,4,1,5,6,1,67,10,1200,1,3,TRIUMPH BONNEVILLE,1,E01020983,0,-1
2021010320016,2021,010320016,2,5,0,18,19,7,3,0,0,1,0,0,0,0,4,1,6,6,1,39,7,1200,1,4,TRIUMPH BONNEVILLE,6,E01004703,0,-1
2021461086397,2021,461086397,2,4,0,18,19,8,4,0,0,0,0,0,0,0,4,1,6,6,1,67,10,865,1,11,TRIUMPH BONNEVILLE,6,E01024340,0,-1
202134WNC2631,2021,34WNC2631,2,5,0,18,19,3,7,0,0,1,0,0,0,0,1,1,6,6,1,69,10,865,1,12,TRIUMPH BONNEVILLE,6,E01027220,0,-1
2021141037059,2021,141037059,3,5,0,18,19,5,1,0,0,0,0,0,0,0,4,1,6,6,2,52,8,1200,1,4,TRIUMPH BONNEVILLE,1,E01007509,0,-1
2021010289382,2021,010289382,1,5,0,99,99,9,9,99,99,9,9,99,9,99,9,1,2,2,2,32,6,900,1,5,TRIUMPH BONNEVILLE,2,E01000121,0,-1
2021320701122,2021,320701122,1,5,0,14,14,6,2,0,0,1,1,0,0,0,1,1,6,6,2,25,5,865,1,14,TRIUMPH BONNEVILLE,8,E01032991,0,-1
2021501052837,2021,501052837,1,5,0,18,19,7,3,0,0,0,0,0,0,0,1,1,5,6,1,56,9,1200,1,0,TRIUMPH BONNEVILLE,5,E01015202,0,-1
2021302101647,2021,302101647,1,5,0,5,5,2,6,0,0,7,1,0,0,0,1,1,6,6,1,71,10,865,1,12,TRIUMPH BONNEVILLE,2,E01027983,0,-1
2021010299974,2021,010299974,1,5,0,18,19,5,1,0,0,2,2,0,0,0,1,1,6,6,1,30,6,865,1,12,TRIUMPH BONNEVILLE,8,E01004292,0,-1
2021440224080,2021,440224080,1,4,0,18,19,8,4,0,0,8,0,0,0,0,1,1,6,6,1,41,7,865,1,6,TRIUMPH BONNEVILLE,4,E01017305,0,-1
2021622100274,2021,622100274,2,5,0,18,19,2,6,0,0,0,0,0,0,0,2,1,6,6,1,67,10,865,1,6,TRIUMPH BONNEVILLE,8,W01000883,0,-1
2021430390908,2021,430390908,1,5,0,18,19,7,3,0,0,1,0,0,1,4,1,1,6,6,2,23,5,900,1,2,TRIUMPH BONNEVILLE,9,E01016202,0,-1
2021320213683,2021,320213683,1,5,0,7,7,6,2,0,0,0,1,0,7,1,0,1,6,6,2,65,9,865,1,6,TRIUMPH BONNEVILLE,2,E01026030,0,-1
2021421112879,2021,421112879,2,5,0,3,3,1,5,0,0,0,0,0,0,0,0,1,5,6,2,27,6,900,1,2,TRIUMPH BONNEVILLE,5,E01015859,0,-1
2021010342051,2021,010342051,1,5,0,18,19,5,1,0,0,1,1,10,0,0,1,1,6,6,1,35,6,900,1,5,TRIUMPH BONNEVILLE,4,E01033208,0,-1
2021501103657,2021,501103657,2,5,0,18,19,3,7,0,0,1,0,0,0,0,4,1,6,6,1,61,9,865,1,12,TRIUMPH BONNEVILLE,2,E01018996,0,-1
2021111103162,2021,111103162,2,5,0,4,4,3,6,0,0,0,0,0,0,0,2,1,2,2,1,33,6,865,1,11,TRIUMPH BONNEVILLE,5,E01012280,0,-1
2021461099569,2021,461099569,2,5,0,3,3,7,3,0,0,0,0,0,0,0,2,1,6,6,1,31,6,865,1,5,TRIUMPH BONNEVILLE,8,E01021172,0,-1
2021131067008,2021,131067008,2,5,0,18,19,1,5,0,0,0,0,0,0,0,4,1,5,6,1,62,9,900,1,2,TRIUMPH BONNEVILLE,9,E01010875,0,-1
2021221032378,2021,221032378,2,5,0,7,7,8,3,0,0,3,0,0,0,0,4,1,5,6,1,54,8,900,1,2,TRIUMPH BONNEVILLE,3,E01032422,0,-1
2021101038958,2021,101038958,1,5,0,18,19,1,5,0,0,0,0,0,0,0,3,1,6,6,2,61,9,865,1,13,TRIUMPH BONNEVILLE,8,E01008553,0,-1
2021010293319,2021,010293319,1,5,0,99,99,9,9,99,99,9,9,99,9,99,9,1,2,2,1,27,6,865,1,14,TRIUMPH BONNEVILLE,2,E01002097,0,-1
2021622100623,2021,622100623,1,4,0,12,12,6,8,0,0,8,1,0,0,0,3,1,6,6,2,39,7,865,1,16,TRIUMPH BONNEVILLE,6,E01030232,0,-1
2021010300956,2021,010300956,1,5,0,99,99,9,9,99,99,9,9,99,9,99,9,1,2,2,1,53,8,900,1,3,TRIUMPH BONNEVILLE,7,E01004139,0,-1
2021010332288,2021,010332288,2,5,0,13,13,2,6,0,0,1,0,0,0,0,1,1,6,6,1,45,7,865,1,13,TRIUMPH BONNEVILLE,5,E01003779,0,-1
2021430179459,2021,430179459,2,3,0,18,19,1,5,0,0,0,0,0,0,0,1,1,2,2,1,19,4,900,1,5,TRIUMPH BONNEVILLE,6,E01016588,0,-1