collision_index,collision_year,collision_ref_no,vehicle_reference,vehicle_type,towing_and_articulation,vehicle_manoeuvre_historic,vehicle_manoeuvre,vehicle_direction_from,vehicle_direction_to,vehicle_location_restricted_lane_historic,vehicle_location_restricted_lane,junction_location,skidding_and_overturning,hit_object_in_carriageway,vehicle_leaving_carriageway,hit_object_off_carriageway,first_point_of_impact,vehicle_left_hand_drive,journey_purpose_of_driver_historic,journey_purpose_of_driver,sex_of_driver,age_of_driver,age_band_of_driver,engine_capacity_cc,propulsion_code,age_of_vehicle,generic_make_model,driver_imd_decile,lsoa_of_driver,escooter_flag,driver_distance_banding
2021991037874,2021,991037874,1,5,0,4,4,5,1,0,0,2,0,0,0,0,1,1,5,6,1,60,9,865,1,10,TRIUMPH BONNEVILLE,4,-1,0,-1
2021371059621,2021,371059621,1,5,0,18,19,6,2,0,0,1,1,0,0,0,1,1,5,6,1,71,10,865,1,8,TRIUMPH BONNEVILLE,6,E01026650,0,-1
2021461077717,2021,461077717,1,5,0,4,4,4,8,0,0,1,0,0,0,0,0,1,6,6,1,70,10,865,1,7,TRIUMPH BONNEVILLE,4,E01000676,0,-1
202163A014721,2021,63A014721,1,5,0,14,14,6,2,0,0,0,1,0,0,0,0,1,6,6,1,76,11,865,1,5,TRIUMPH BONNEVILLE,7,W01000684,0,-1
2021031022927,2021,031022927,1,5,0,18,19,7,3,0,0,0,0,0,0,0,1,1,5,6,2,54,8,865,1,6,TRIUMPH BONNEVILLE,5,E01019386,0,-1
2021141091217,2021,141091217,2,5,0,18,19,5,1,0,0,0,0,4,0,0,1,1,6,6,1,19,4,865,1,7,TRIUMPH BONNEVILLE,1,E01007970,0,-1
2021351037407,2021,351037407,2,5,0,13,13,6,3,0,0,0,1,0,0,0,4,1,6,6,1,49,8,865,1,11,TRIUMPH BONNEVILLE,4,E01018046,0,-1
2021471115856,2021,471115856,2,5,0,18,19,3,7,0,0,0,0,0,0,0,2,1,5,6,2,62,9,900,1,5,TRIUMPH BONNEVILLE,4,E01016973,0,-1
2021320559676,2021,320559676,1,5,0,18,19,2,6,0,0,1,0,0,0,0,1,1,4,7,1,60,9,1200,1,5,TRIUMPH BONNEVILLE,7,E01026130,0,-1
2021531072080,2021,531072080,1,5,0,16,19,1,5,0,0,0,0,0,0,0,3,1,6,6,1,30,6,900,1,3,TRIUMPH BONNEVILLE,10,E01031919,0,-1
2021451061500,2021,451061500,2,5,0,18,19,1,5,0,0,0,5,0,0,0,4,1,5,6,1,52,8,865,1,9,TRIUMPH BONNEVILLE,7,E01017006,0,-1
2021361083228,2021,361083228,1,5,0,18,19,7,3,0,0,8,0,0,0,0,4,1,5,6,1,73,10,900,1,2,TRIUMPH BONNEVILLE,8,E01026530,0,-1
2021131101215,2021,131101215,1,5,0,18,19,5,1,0,0,8,0,0,0,0,1,1,6,6,1,35,6,1200,1,3,TRIUMPH BONNEVILLE,8,E01027586,0,-1
2021471056478,2021,471056478,2,5,0,9,9,5,3,0,0,3,0,0,0,0,3,1,5,6,1,34,6,865,1,10,TRIUMPH BONNEVILLE,10,E01031681,0,-1
2021440440188,2021,440440188,2,5,0,18,19,8,4,0,0,8,0,0,0,0,1,1,6,6,1,61,9,1200,1,5,TRIUMPH BONNEVILLE,9,E01017146,0,-1
2021041057184,2021,041057184,2,5,0,16,19,5,1,0,0,0,0,0,0,0,1,1,2,2,1,56,9,1200,1,3,TRIUMPH BONNEVILLE,4,E01025588,0,-1
2021461092874,2021,461092874,2,5,0,4,4,3,7,0,0,8,0,0,0,0,2,1,6,6,1,54,8,1200,1,4,TRIUMPH BONNEVILLE,8,E01024642,0,-1
2021320455527,2021,320455527,1,5,0,17,19,8,4,0,0,0,1,0,1,4,3,1,6,6,1,47,8,1200,1,4,TRIUMPH BONNEVILLE,6,E01027800,0,-1
2021501132491,2021,501132491,2,5,0,5,5,1,3,0,0,4,0,0,0,0,2,1,6,6,1,50,8,865,1,6,TRIUMPH BONNEVILLE,5,E01020308,0,-1
202163A064021,2021,63A064021,2,4,0,4,4,8,3,0,0,8,0,0,0,0,2,1,6,6,1,61,9,790,1,15,TRIUMPH BONNEVILLE,4,W01000730,0,-1
2021471069475,2021,471069475,1,4,0,18,19,1,5,0,0,1,1,12,0,0,1,1,2,2,1,67,10,865,1,7,TRIUMPH BONNEVILLE,6,E01021133,0,-1
2021471067813,2021,471067813,1,5,0,16,19,8,3,0,0,0,0,0,0,0,3,1,5,6,1,59,9,865,1,14,TRIUMPH BONNEVILLE,5,E01024639,0,-1
2021131068193,2021,131068193,2,5,0,18,19,2,6,0,0,8,0,0,0,0,1,1,5,6,1,64,9,900,1,1,TRIUMPH BONNEVILLE,5,E01011129,0,-1
2021351043603,2021,351043603,2,5,0,18,19,4,8,0,0,0,0,0,0,0,3,1,5,6,1,64,9,1200,1,4,TRIUMPH BONNEVILLE,2,E01015657,0,-1
2021461106068,2021,461106068,2,5,0,9,9,7,5,0,0,2,0,0,0,0,4,1,5,6,1,56,9,865,1,5,TRIUMPH BONNEVILLE,6,E01024830,0,-1
2021010318246,2021,010318246,1,5,5,3,3,3,7,0,0,0,0,0,0,0,1,1,6,6,1,47,8,865,1,12,TRIUMPH BONNEVILLE,6,E01002565,0,-1
2021371065704,2021,371065704,2,5,0,18,19,1,5,0,0,1,2,0,0,0,1,1,5,6,1,64,9,865,1,13,TRIUMPH BONNEVILLE,7,E01029913,0,-1
2021141090195,2021,141090195,2,5,0,18,19,5,8,0,0,1,0,0,0,0,1,1,6,6,1,64,9,865,1,9,TRIUMPH BONNEVILLE,1,E01007450,0,-1
2021430324403,2021,430324403,1,5,0,6,6,7,7,0,0,8,0,0,0,0,3,1,6,6,1,68,10,865,1,13,TRIUMPH BONNEVILLE,9,E01017441,0,-1
2021010342781,2021,010342781,1,5,0,99,99,9,9,99,99,0,9,99,9,99,9,1,6,6,1,35,6,1200,1,0,TRIUMPH BONNEVILLE,7,E01000256,0,-1
2021010330434,2021,010330434,1,3,0,99,99,9,9,99,99,0,9,99,9,99,1,1,1,1,2,29,6,125,1,2,YAMAHA MWS,3,E01001045,0,-1
2021471083817,2021,471083817,2,3,0,18,19,1,7,0,0,8,0,0,0,0,4,1,6,6,1,34,6,125,1,2,YAMAHA MWS,2,E01016854,0,-1
2021010352460,2021,010352460,1,3,0,18,19,7,3,0,0,0,0,0,0,0,2,1,1,1,1,58,9,125,1,3,YAMAHA MWS,2,E01004720,0,-1
2021010320773,2021,010320773,2,3,0,14,14,3,7,0,0,8,0,0,0,0,1,1,1,1,1,38,7,125,1,3,YAMAHA MWS,4,E01001285,0,-1
2021010322790,2021,010322790,1,3,0,99,99,9,9,0,0,1,0,0,0,0,9,1,2,2,1,47,8,125,1,3,YAMAHA MWS,10,E01002952,0,-1
2021991092419,2021,991092419,1,3,0,13,13,7,3,0,0,8,5,0,0,0,1,1,5,6,1,53,8,125,1,2,YAMAHA MWS,5,-1,0,-1
2021430495589,2021,430495589,1,3,0,13,13,8,4,0,0,0,0,0,7,1,1,1,6,6,1,60,9,125,1,2,YAMAHA MWS,3,E01032729,0,-1
2021010301839,2021,010301839,2,3,0,9,9,1,7,0,0,2,0,0,0,0,1,1,1,1,1,39,7,125,1,2,YAMAHA MWS,2,E01003558,0,-1
202163D021621,2021,63D021621,2,3,0,16,19,5,8,0,0,0,0,0,2,10,4,1,6,6,1,70,10,125,1,1,YAMAHA MWS,1,W01001480,0,-1
2021010331361,2021,010331361,1,3,0,99,99,9,9,99,99,9,9,99,9,99,2,1,2,2,1,44,7,125,1,3,YAMAHA MWS,6,E01003033,0,-1
2021010318573,2021,010318573,2,3,0,18,19,5,1,2,2,0,2,0,0,0,3,1,6,6,1,27,6,125,1,1,YAMAHA MWS,2,E01001477,0,-1
2021010308935,2021,010308935,1,3,9,99,99,9,9,99,99,9,9,99,9,99,1,1,6,6,1,23,5,125,1,1,YAMAHA MWS,2,E01004306,0,-1
2021010327819,2021,010327819,1,3,0,10,10,3,8,0,0,1,0,0,3,0,2,1,1,1,1,45,7,125,1,0,YAMAHA MWS,1,E01004005,0,-1
2021010343265,2021,010343265,1,3,0,13,13,2,6,0,0,1,0,0,0,0,1,1,1,1,1,17,4,125,1,3,YAMAHA MWS,2,E01001042,0,-1
2021552101289,2021,552101289,1,3,0,4,4,1,5,0,0,0,1,0,0,0,3,1,2,2,2,40,7,125,1,1,YAMAHA MWS,1,E01015279,0,-1
2021010310254,2021,010310254,1,2,0,9,9,5,3,0,0,1,0,0,0,0,4,1,6,6,1,35,6,125,1,1,YAMAHA MWS,3,E01032581,0,-1
2021010314880,2021,010314880,1,3,0,3,3,1,5,99,99,9,9,99,9,99,2,1,6,6,1,34,6,125,1,2,YAMAHA MWS,5,E01001201,0,-1
2021010318584,2021,010318584,2,3,0,18,19,6,2,0,0,8,5,0,0,0,1,1,1,1,1,37,7,125,1,1,YAMAHA MWS,2,E01004008,0,-1
2021552101363,2021,552101363,2,2,0,18,19,6,4,0,0,8,1,0,0,0,4,1,2,2,1,57,9,125,1,3,YAMAHA MWS,3,E01015308,0,-1
2021010325038,2021,010325038,1,3,0,18,19,3,7,0,0,1,0,0,0,0,1,1,6,6,1,20,4,125,1,2,YAMAHA MWS,1,E01033602,0,-1
2021010340961,2021,010340961,2,2,0,9,9,7,4,0,0,1,0,0,0,0,1,1,6,6,1,39,7,125,1,3,YAMAHA MWS,3,E01000506,0,-1
2021010312358,2021,010312358,2,3,0,5,5,1,5,0,0,1,0,0,0,0,3,1,6,6,1,41,7,125,1,2,YAMAHA MWS,1,E01003207,0,-1
2021010294285,2021,010294285,1,3,0,13,13,1,5,0,0,1,0,0,0,0,0,1,6,6,1,46,8,125,1,1,YAMAHA MWS,1,E01004732,0,-1
2021010297068,2021,010297068,1,3,0,99,99,9,9,99,99,9,9,99,9,99,9,1,6,6,1,47,8,125,1,1,YAMAHA MWS,2,E01000143,0,-1
2021010288761,2021,010288761,1,3,0,99,99,9,9,99,99,9,9,99,9,99,9,1,6,6,1,24,5,125,1,1,YAMAHA MWS,1,E01001562,0,-1
2021010290974,2021,010290974,7,4,0,2,2,0,0,0,0,0,0,0,0,0,3,1,6,6,3,-1,-1,125,1,1,YAMAHA MWS,-1,-1,0,-1
2021201047219,2021,201047219,2,5,0,18,19,4,8,0,0,8,0,0,0,0,1,1,6,6,1,26,6,599,1,12,-1,3,E01010396,0,-1
2021201108786,2021,201108786,1,5,0,18,19,4,8,0,0,0,0,0,0,0,2,1,6,6,1,35,6,599,1,8,-1,3,E01009989,0,-1
2021141082800,2021,141082800,1,5,0,18,19,6,2,0,0,0,1,0,0,0,0,1,2,2,1,53,8,599,1,15,-1,9,E01007792,0,-1
2021201111505,2021,201111505,2,5,0,18,19,2,6,0,0,0,0,0,0,0,4,1,6,6,1,39,7,599,1,16,-1,2,E01009022,0,-1
2021041096618,2021,041096618,1,5,0,16,19,2,6,0,0,0,1,0,0,0,1,1,6,6,1,24,5,599,1,10,-1,5,E01012690,0,-1
2021010347716,2021,010347716,1,5,9,99,99,9,9,99,99,9,9,99,9,99,9,1,6,6,1,37,7,599,1,17,-1,3,E01001589,0,-1
2021201082904,2021,201082904,2,97,0,4,4,4,8,0,0,1,0,0,0,0,1,1,6,6,1,20,4,50,1,0,-1,1,E01009408,0,-1
2021061039812,2021,061039812,1,2,0,18,19,4,8,0,0,8,0,0,0,0,1,1,6,6,1,17,4,50,1,1,-1,1,E01006336,0,-1
2021552100843,2021,552100843,1,2,0,9,9,7,4,0,0,6,0,0,0,0,3,1,6,6,2,17,4,50,1,3,-1,5,E01020469,0,-1
2021010329789,2021,010329789,1,9,0,17,19,5,1,0,0,0,0,0,1,0,1,1,6,6,1,73,10,1956,2,8,ALFA ROMEO GIULIETTA,5,E01002245,0,-1
2021201144414,2021,201144414,1,9,0,7,7,6,8,1,1,6,0,0,0,0,4,1,6,6,1,24,5,1368,1,10,ALFA ROMEO GIULIETTA,6,E01010549,0,-1
202134WNC6161,2021,34WNC6161,1,9,0,9,9,3,1,0,0,8,0,0,0,0,1,1,6,6,1,19,4,1598,2,11,ALFA ROMEO GIULIETTA,-1,-1,0,-1
2021010351816,2021,010351816,2,9,0,18,19,7,3,0,0,1,0,0,1,7,1,1,6,6,1,24,5,1368,1,5,ALFA ROMEO GIULIETTA,5,E01000636,0,-1
2021201142557,2021,201142557,6,9,0,3,3,7,3,0,0,1,0,0,0,0,1,1,6,6,2,45,7,1368,1,6,ALFA ROMEO GIULIETTA,9,E01029508,0,-1
2021201078062,2021,201078062,1,9,0,5,5,7,5,0,0,6,0,0,0,0,3,1,6,6,1,43,7,1956,2,10,ALFA ROMEO GIULIETTA,9,E01010222,0,-1
2021201027741,2021,201027741,2,9,0,2,2,0,0,0,0,0,0,0,0,0,1,1,6,6,1,22,5,1956,2,10,ALFA ROMEO GIULIETTA,7,E01014959,0,-1
2021320373331,2021,320373331,1,9,0,17,19,5,1,0,0,0,0,0,1,4,1,1,6,6,2,22,5,1368,1,7,ALFA ROMEO GIULIETTA,1,E01026109,0,-1
2021221091303,2021,221091303,1,9,0,18,19,4,8,0,0,0,0,0,0,0,1,1,6,6,1,20,4,1368,1,11,ALFA ROMEO GIULIETTA,2,E01010036,0,-1
2021471069146,2021,471069146,1,9,0,5,5,5,8,0,0,8,0,0,0,0,3,1,5,6,2,21,5,1368,1,9,ALFA ROMEO GIULIETTA,9,E01017001,0,-1
2021061055861,2021,061055861,1,9,0,18,19,7,3,0,0,0,0,0,0,0,3,1,6,6,2,29,6,1956,2,9,ALFA ROMEO GIULIETTA,1,E01005342,0,-1
2021371025329,2021,371025329,1,9,0,3,3,7,3,0,0,1,0,0,0,0,1,1,6,6,2,36,7,1368,1,1,ALFA ROMEO GIULIETTA,1,E01033131,0,-1
202131D051821,2021,31D051821,2,9,0,2,2,0,0,0,0,8,0,0,0,0,3,1,6,6,3,-1,-1,1956,2,10,ALFA ROMEO GIULIETTA,-1,-1,0,-1
2021461021649,2021,461021649,1,9,0,7,7,7,1,0,0,4,0,0,0,0,1,1,5,6,2,26,6,1956,2,9,ALFA ROMEO GIULIETTA,10,E01024722,0,-1
2021010294970,2021,010294970,1,9,0,7,7,1,4,2,2,1,0,0,0,0,1,1,6,6,1,82,11,1956,2,7,ALFA ROMEO GIULIETTA,4,E01000787,0,-1
2021201134098,2021,201134098,2,9,0,10,10,4,2,0,0,1,0,0,0,0,3,1,6,6,1,40,7,1742,1,10,ALFA ROMEO GIULIETTA,3,E01009606,0,-1
2021010330292,2021,010330292,1,9,0,9,9,3,8,0,0,5,0,0,0,0,4,1,6,6,1,73,10,1368,1,7,ALFA ROMEO GIULIETTA,7,E01003956,0,-1
2021522201594,2021,522201594,3,9,0,18,19,2,6,0,0,0,0,0,0,0,1,1,6,6,2,26,6,1368,1,6,ALFA ROMEO GIULIETTA,1,E01032518,0,-1
2021010300365,2021,010300365,1,9,0,99,99,9,9,99,99,9,9,99,9,99,2,9,6,6,1,33,6,1368,1,10,ALFA ROMEO GIULIETTA,8,E01002289,0,-1
2021161116007,2021,161116007,2,9,0,7,7,6,2,0,0,6,0,0,0,0,4,1,6,6,1,-1,-1,1956,2,10,ALFA ROMEO GIULIETTA,1,E01013205,0,-1
20211383Q1628,2021,1383Q1628,2,9,0,18,19,6,2,0,0,0,0,0,0,0,1,2,6,6,2,25,5,1598,2,4,ALFA ROMEO GIULIETTA,2,E01011915,0,-1
2021041084330,2021,041084330,2,9,0,2,2,0,0,0,0,1,0,0,0,0,4,1,6,6,3,-1,-1,1956,2,4,ALFA ROMEO GIULIETTA,-1,-1,0,-1
2021201041566,2021,201041566,2,9,0,2,2,0,0,0,0,0,0,0,0,0,3,1,2,2,2,60,9,1956,2,10,ALFA ROMEO GIULIETTA,1,E01033642,0,-1
2021501199688,2021,501199688,1,9,0,13,13,6,2,0,0,0,0,0,0,0,1,1,6,6,1,32,6,1742,1,8,ALFA ROMEO GIULIETTA,8,E01033232,0,-1
2021010338715,2021,010338715,1,9,0,9,9,1,7,0,0,8,0,0,0,0,1,1,6,6,2,54,8,1956,2,9,ALFA ROMEO GIULIETTA,8,E01002290,0,-1
2021622100554,2021,622100554,2,9,0,18,19,5,2,0,0,8,0,0,0,0,3,1,6,6,1,39,7,1598,2,6,ALFA ROMEO GIULIETTA,5,W01001759,0,-1
2021401102584,2021,401102584,3,9,0,2,2,0,0,0,0,2,0,0,0,0,1,1,6,6,3,-1,-1,1956,2,7,ALFA ROMEO GIULIETTA,-1,-1,0,-1
2021430252318,2021,430252318,2,9,0,18,19,3,7,0,0,6,0,0,0,0,1,1,6,6,1,36,7,1368,1,7,ALFA ROMEO GIULIETTA,-1,-1,0,-1
2021010348001,2021,010348001,1,9,9,99,99,9,9,99,99,0,9,99,9,99,2,9,2,2,1,31,6,1368,1,9,ALFA ROMEO GIULIETTA,2,E01000019,0,-1
2021201138782,2021,201138782,1,9,0,18,19,8,4,0,0,8,0,0,0,0,2,1,1,1,2,39,7,1368,1,8,ALFA ROMEO GIULIETTA,3,E01009772,0,-1
2021451069024,2021,451069024,1,9,0,2,2,0,0,0,0,0,0,0,0,0,1,1,5,6,2,27,6,1598,2,8,ALFA ROMEO GIULIETTA,9,E01030582,0,-1
2021010297029,2021,010297029,2,9,0,99,99,9,9,99,99,9,9,99,9,99,1,9,6,6,3,31,6,1598,2,8,ALFA ROMEO GIULIETTA,5,E01000284,0,-1
2021361096072,2021,361096072,1,9,0,5,5,7,2,0,0,8,0,0,0,0,2,1,2,2,1,48,8,1956,2,6,ALFA ROMEO GIULIETTA,9,E01026519,0,-1
2021451059917,2021,451059917,1,9,0,18,19,1,3,0,0,1,0,0,0,0,1,1,5,6,1,19,4,1742,1,5,ALFA ROMEO GIULIETTA,7,E01002438,0,-1
2021531032393,2021,531032393,2,9,0,17,19,6,2,0,0,2,0,0,0,0,1,1,5,6,1,28,6,1956,2,8,ALFA ROMEO GIULIETTA,4,E01022173,0,-1
2021010299698,2021,010299698,1,9,0,99,99,9,9,99,99,9,9,0,0,0,3,9,6,6,1,32,6,1956,2,11,ALFA ROMEO GIULIETTA,3,E01003602,0,-1
2021161031930,2021,161031930,1,9,0,18,19,4,8,0,0,8,0,0,0,0,3,1,2,2,1,34,6,1368,1,9,ALFA ROMEO GIULIETTA,4,E01012802,0,-1
2021430463064,2021,430463064,1,9,0,5,5,7,3,0,0,1,0,0,0,0,1,1,1,1,1,75,10,1742,1,9,ALFA ROMEO GIULIETTA,3,E01016714,0,-1
202154C026221,2021,54C026221,1,9,0,18,19,2,6,0,0,2,0,0,0,0,4,1,6,6,2,78,11,1956,2,10,ALFA ROMEO GIULIETTA,7,E01015490,0,-1
2021070585430,2021,070585430,1,9,0,11,11,3,6,0,0,0,0,0,0,0,4,1,6,6,3,-1,-1,1368,1,4,ALFA ROMEO GIULIETTA,-1,-1,0,-1
2021010340946,2021,010340946,3,9,0,2,2,0,0,0,0,0,0,0,0,0,1,1,6,6,3,-1,-1,1368,1,8,ALFA ROMEO GIULIETTA,-1,-1,0,-1
2021471076486,2021,471076486,3,9,0,2,2,0,0,0,0,0,0,0,0,0,4,1,6,6,3,-1,-1,1368,1,11,ALFA ROMEO GIULIETTA,-1,-1,0,-1
2021522200259,2021,522200259,1,9,0,18,19,1,5,0,0,0,0,0,0,0,0,1,6,6,2,39,7,1368,1,6,ALFA ROMEO GIULIETTA,6,E01014989,0,-1
2021161119645,2021,161119645,1,9,0,4,4,5,1,0,0,0,0,0,0,0,2,1,6,6,1,24,5,1368,1,9,ALFA ROMEO GIULIETTA,9,E01013193,0,-1
2021421103588,2021,421103588,4,9,0,3,3,2,4,0,0,0,0,0,0,0,2,1,2,2,1,50,8,1956,2,9,ALFA ROMEO GIULIETTA,10,E01024724,0,-1
2021471059332,2021,471059332,2,9,0,4,4,5,1,0,0,1,0,0,0,0,4,1,5,6,2,43,7,1368,1,11,ALFA ROMEO GIULIETTA,10,E01031715,0,-1
2021451011728,2021,451011728,1,9,0,18,19,2,6,0,0,0,1,11,1,0,3,1,2,2,1,28,6,1956,2,10,ALFA ROMEO GIULIETTA,5,E01030743,0,-1
2021010296075,2021,010296075,2,9,0,99,99,9,9,99,99,0,9,99,9,99,1,9,6,6,1,27,6,1368,1,8,ALFA ROMEO GIULIETTA,3,E01001365,0,-1
2021131109535,2021,131109535,2,9,0,2,2,1,1,9,9,0,0,0,0,0,1,1,6,6,3,-1,-1,1368,1,3,ALFA ROMEO GIULIETTA,-1,-1,0,-1
2021351121097,2021,351121097,1,9,0,5,5,7,4,0,0,6,0,0,0,0,1,1,5,6,1,39,7,1956,2,10,ALFA ROMEO GIULIETTA,2,E01015680,0,-1
2021010324569,2021,010324569,1,9,0,2,2,0,0,0,0,0,0,0,0,0,4,1,6,6,3,-1,-1,1956,2,10,ALFA ROMEO GIULIETTA,-1,-1,0,-1
202134NNC3411,2021,34NNC3411,1,9,0,18,19,1,5,0,0,1,0,0,0,0,1,1,2,2,1,29,6,1956,2,10,ALFA ROMEO GIULIETTA,9,E01027053,0,-1
2021302102127,2021,302102127,1,9,0,18,19,8,4,0,0,8,0,0,0,0,3,1,6,6,1,29,6,1598,2,8,ALFA ROMEO GIULIETTA,3,E01019400,0,-1
2021161072816,2021,161072816,1,9,0,17,19,3,7,0,0,0,0,0,1,4,1,1,5,6,1,26,6,1956,2,10,ALFA ROMEO GIULIETTA,6,E01013309,0,-1
2021430357055,2021,430357055,1,9,0,18,19,7,3,0,0,1,0,0,0,0,3,1,6,6,1,33,6,1368,1,8,ALFA ROMEO GIULIETTA,-1,-1,0,-1
2021501075749,2021,501075749,1,9,0,18,19,7,3,0,0,1,0,0,0,0,1,1,6,6,1,26,6,1598,2,4,ALFA ROMEO GIULIETTA,-1,-1,0,-1
2021141016360,2021,141016360,2,9,0,9,9,1,2,0,0,6,0,0,0,0,1,1,5,6,2,48,8,1598,2,8,ALFA ROMEO GIULIETTA,1,E01007563,0,-1
2021010328353,2021,010328353,2,9,0,2,2,0,0,0,0,0,0,0,0,0,2,2,6,6,3,-1,-1,1368,1,6,ALFA ROMEO GIULIETTA,-1,-1,0,-1
2021031131004,2021,031131004,2,9,0,2,2,0,-1,0,0,1,0,0,0,0,1,1,5,6,2,-1,-1,1598,2,2,ALFA ROMEO GIULIETTA,7,E01019607,0,-1
2021440339524,2021,440339524,3,9,0,18,19,2,6,0,0,1,0,0,1,9,1,1,6,6,1,20,4,1598,2,9,ALFA ROMEO GIULIETTA,6,E01022640,0,-1
2021401028403,2021,401028403,2,9,0,18,19,7,3,0,0,0,0,0,0,0,1,1,5,6,1,57,9,1742,1,5,ALFA ROMEO GIULIETTA,5,E01017525,0,-1
2021531120505,2021,531120505,2,9,0,3,3,-1,-1,0,0,1,0,0,0,0,2,1,5,6,2,49,8,1956,2,9,ALFA ROMEO GIULIETTA,8,E01022423,0,-1
2021122100152,2021,122100152,3,9,0,18,19,2,6,0,0,1,0,0,0,0,4,1,6,6,2,47,8,1956,2,9,ALFA ROMEO GIULIETTA,10,E01027721,0,-1
2021201081445,2021,201081445,1,9,0,18,19,-1,-1,0,0,2,0,0,0,0,0,1,6,6,3,-1,-1,1956,2,11,ALFA ROMEO GIULIETTA,-1,-1,0,-1
2021010291496,2021,010291496,2,9,0,9,9,3,8,0,0,1,0,0,0,0,3,1,6,6,1,45,7,1368,1,10,ALFA ROMEO GIULIETTA,6,E01004534,0,-1
2021201025155,2021,201025155,1,9,0,18,19,8,4,0,0,8,0,0,0,0,1,1,6,6,1,34,6,1956,2,7,ALFA ROMEO GIULIETTA,8,E01009668,0,-1
202134NNC7091,2021,34NNC7091,1,9,0,16,19,5,1,0,0,1,0,10,1,4,4,1,6,6,1,26,6,1368,1,8,ALFA ROMEO GIULIETTA,8,E01032963,0,-1
2021501032246,2021,501032246,1,9,0,9,9,4,2,0,0,6,0,0,0,0,3,1,2,2,2,54,8,1956,2,10,ALFA ROMEO GIULIETTA,8,E01015090,0,-1
2021501110932,2021,501110932,2,9,0,18,19,1,5,0,0,0,0,0,0,0,1,1,5,6,1,56,9,1956,2,5,ALFA ROMEO GIULIETTA,6,E01031031,0,-1
2021440505498,2021,440505498,2,9,0,18,19,7,3,0,0,2,0,0,0,0,1,1,6,6,2,20,4,1368,1,11,ALFA ROMEO GIULIETTA,3,E01023055,0,-1
2021991026060,2021,991026060,2,9,0,2,2,0,0,0,0,0,0,0,0,0,3,1,5,6,1,30,6,1956,2,10,ALFA ROMEO GIULIETTA,-1,-1,0,-1
2021052102529,2021,052102529,1,9,0,17,19,8,4,0,0,2,0,0,0,0,1,1,2,2,1,58,9,1368,1,6,ALFA ROMEO GIULIETTA,8,E01006680,0,-1
2021421098415,2021,421098415,1,9,0,1,1,5,1,6,6,0,0,0,0,0,2,1,5,6,1,72,10,1368,1,7,ALFA ROMEO GIULIETTA,9,E01029882,0,-1
2021111048278,2021,111048278,2,9,0,5,5,7,3,0,0,1,0,0,0,0,1,1,6,6,1,62,9,1956,2,9,ALFA ROMEO GIULIETTA,5,E01020620,0,-1
2021221121870,2021,221121870,3,9,0,3,3,7,3,0,0,8,0,0,0,0,3,1,2,2,2,50,8,1368,1,7,ALFA ROMEO GIULIETTA,10,E01014177,0,-1
2021411090474,2021,411090474,2,9,0,3,3,5,2,0,0,0,0,0,0,0,4,1,6,6,2,71,10,1368,1,3,ALFA ROMEO GIULIETTA,9,E01023490,0,-1
202131A167521,2021,31A167521,2,9,0,18,19,8,4,9,9,0,0,0,0,0,1,1,6,6,3,-1,-1,1598,2,6,ALFA ROMEO GIULIETTA,-1,-1,0,-1
2021461087266,2021,461087266,1,9,0,18,19,8,4,0,0,0,1,0,7,0,3,1,5,6,1,76,11,1956,2,11,ALFA ROMEO GIULIETTA,3,E01024399,0,-1
2021471089288,2021,471089288,2,9,0,2,2,0,0,0,0,0,0,0,0,0,2,1,6,6,3,-1,-1,1956,2,10,ALFA ROMEO GIULIETTA,-1,-1,0,-1
2021221083296,2021,221083296,2,9,0,9,9,5,3,0,0,8,0,0,0,0,4,1,5,6,1,60,9,1956,2,7,ALFA ROMEO GIULIETTA,5,E01028959,0,-1
2021010347882,2021,010347882,2,9,9,99,99,9,9,99,99,9,9,99,9,99,9,9,6,6,3,-1,-1,1742,1,5,ALFA ROMEO GIULIETTA,-1,-1,0,-1
2021531043347,2021,531043347,1,9,0,9,9,1,5,0,0,8,0,0,0,0,4,1,5,6,1,39,7,1598,2,8,ALFA ROMEO GIULIETTA,9,E01022342,0,-1
2021461103304,2021,461103304,1,9,0,9,9,4,8,0,0,0,0,0,0,0,1,1,6,6,1,67,10,1956,2,8,ALFA ROMEO GIULIETTA,2,E01016117,0,-1
2021991032527,2021,991032527,2,9,0,9,9,2,7,0,0,1,0,0,0,0,3,1,6,6,1,29,6,1956,2,9,ALFA ROMEO GIULIETTA,8,-1,0,-1
2021430316976,2021,430316976,2,9,0,18,19,3,7,0,0,8,0,0,0,0,3,1,6,6,2,22,5,1598,2,6,ALFA ROMEO GIULIETTA,10,E01032763,0,-1
2021010328287,2021,010328287,1,9,0,99,99,9,9,99,99,9,9,99,9,99,2,9,6,6,1,21,5,1368,1,8,ALFA ROMEO GIULIETTA,9,E01018278,0,-1
202134WNC7341,2021,34WNC7341,3,9,0,18,19,5,1,0,0,0,0,0,0,0,1,1,6,6,1,25,5,1956,2,5,ALFA ROMEO GIULIETTA,7,E01013669,0,-1
2021461100715,2021,461100715,2,9,0,9,9,1,5,0,0,0,1,0,0,0,3,1,6,6,2,20,4,1598,2,7,ALFA ROMEO GIULIETTA,8,E01024053,0,-1
2021010337840,2021,010337840,1,9,0,9,9,3,1,0,0,6,0,0,0,0,3,2,6,6,1,83,11,1956,2,10,ALFA ROMEO GIULIETTA,6,E01002360,0,-1