collision_index,collision_year,collision_ref_no,vehicle_reference,vehicle_type,towing_and_articulation,vehicle_manoeuvre_historic,vehicle_manoeuvre,vehicle_direction_from,vehicle_direction_to,vehicle_location_restricted_lane_historic,vehicle_location_restricted_lane,junction_location,skidding_and_overturning,hit_object_in_carriageway,vehicle_leaving_carriageway,hit_object_off_carriageway,first_point_of_impact,vehicle_left_hand_drive,journey_purpose_of_driver_historic,journey_purpose_of_driver,sex_of_driver,age_of_driver,age_band_of_driver,engine_capacity_cc,propulsion_code,age_of_vehicle,generic_make_model,driver_imd_decile,lsoa_of_driver,escooter_flag,driver_distance_banding
2021061104093,2021,061104093,2,3,0,18,19,6,2,0,0,0,0,0,0,0,4,1,6,6,1,23,5,124,1,0,-1,6,E01006166,0,-1
2021010350094,2021,010350094,2,3,0,18,19,1,5,0,0,0,0,0,0,0,4,1,6,6,1,39,7,124,1,0,-1,-1,-1,0,-1
2021401105230,2021,401105230,1,3,0,3,3,4,8,0,0,4,0,0,0,0,2,1,5,6,1,25,5,124,1,0,-1,3,E01015744,0,-1
2021361085421,2021,361085421,1,3,0,18,19,6,2,0,0,0,2,0,0,0,2,1,5,6,1,21,5,124,1,0,-1,5,E01026428,0,-1
2021421070518,2021,421070518,1,3,0,16,19,1,4,0,0,0,0,0,0,0,-1,1,6,6,1,19,4,124,1,0,-1,6,E01021380,0,-1
2021440432896,2021,440432896,1,3,0,17,19,8,4,0,0,0,0,0,0,0,1,1,6,6,1,31,6,124,1,0,-1,1,E01017332,0,-1
2021170M31661,2021,170M31661,2,9,0,4,4,3,7,0,0,0,0,0,0,0,1,1,6,6,1,35,6,-1,3,0,-1,-1,-1,0,-1
2021070761676,2021,070761676,2,9,0,4,4,3,7,0,0,1,0,0,1,0,1,1,1,1,1,57,9,-1,3,0,-1,9,E01006381,0,-1
2021010328775,2021,010328775,2,9,0,99,99,9,9,99,99,9,9,99,9,99,1,9,6,6,3,-1,-1,1598,1,16,-1,2,E01001143,0,-1
2021351130081,2021,351130081,1,9,0,18,19,6,3,0,0,1,1,0,0,0,1,1,6,6,1,22,5,1392,1,26,-1,5,E01026715,0,-1
2021461071592,2021,461071592,3,9,0,2,2,0,0,0,0,0,0,4,0,0,0,1,6,6,1,48,8,1488,1,36,-1,3,E01003539,0,-1
2021010293721,2021,010293721,2,9,0,99,99,9,9,99,99,9,9,99,9,99,1,9,6,6,1,20,4,-1,3,2,RENAULT ZOE,5,E01001038,0,-1
2021430410149,2021,430410149,2,9,0,18,19,6,2,0,0,8,0,0,0,0,4,1,1,1,2,44,7,-1,3,6,RENAULT ZOE,5,E01028556,0,-1
2021010289382,2021,010289382,2,9,0,99,99,9,9,99,99,9,9,99,9,99,1,9,6,6,2,-1,-1,-1,3,3,RENAULT ZOE,3,E01001972,0,-1
2021141104043,2021,141104043,2,9,0,5,5,1,5,0,0,1,0,0,0,0,1,1,5,6,2,57,9,-1,3,1,RENAULT ZOE,10,E01007933,0,-1
2021010291558,2021,010291558,1,9,0,18,19,1,5,0,0,8,0,0,0,0,2,1,6,6,2,31,6,-1,3,1,RENAULT ZOE,3,E01002235,0,-1
2021211125025,2021,211125025,2,9,0,16,19,7,3,0,0,0,0,0,0,0,1,1,5,6,1,50,8,-1,3,0,RENAULT ZOE,9,E01029508,0,-1
2021010306392,2021,010306392,1,9,0,99,99,9,9,99,99,9,9,99,9,99,9,9,6,6,1,41,7,-1,3,1,RENAULT ZOE,3,E01032774,0,-1
2021010340868,2021,010340868,1,9,0,1,1,1,5,0,0,1,0,0,3,0,2,1,1,1,1,34,6,-1,3,1,RENAULT ZOE,3,E01000531,0,-1
2021010304949,2021,010304949,2,9,0,18,19,7,3,0,0,0,0,0,0,0,1,1,6,6,2,31,6,-1,3,1,RENAULT ZOE,3,E01003708,0,-1
2021471016075,2021,471016075,1,9,0,9,9,4,2,0,0,1,0,0,0,0,3,1,5,6,1,69,10,-1,3,1,RENAULT ZOE,5,E01021079,0,-1
2021010349312,2021,010349312,1,9,0,9,9,2,7,0,0,1,0,0,0,0,3,1,2,2,1,42,7,-1,3,1,RENAULT ZOE,6,E01003764,0,-1
2021010309880,2021,010309880,1,9,0,99,99,9,9,99,99,0,9,99,9,99,2,9,6,6,2,53,8,-1,3,2,RENAULT ZOE,8,E01001994,0,-1
2021010302230,2021,010302230,4,9,0,2,2,0,0,0,0,0,0,0,0,0,1,1,6,6,3,-1,-1,-1,3,1,RENAULT ZOE,-1,-1,0,-1
2021544578121,2021,544578121,1,9,0,10,10,8,6,0,0,1,0,0,0,0,1,1,2,2,1,40,7,-1,3,6,RENAULT ZOE,9,E01032706,0,-1
2021231112593,2021,231112593,1,9,0,17,19,6,2,0,0,0,0,0,7,4,1,1,2,2,2,44,7,-1,3,5,RENAULT ZOE,8,E01031252,0,-1
2021501078026,2021,501078026,1,9,0,9,9,1,5,0,0,5,0,0,0,0,1,1,5,6,1,74,10,-1,3,7,RENAULT ZOE,4,E01018844,0,-1
2021010334363,2021,010334363,2,9,0,6,6,3,3,0,0,0,0,0,0,0,3,1,6,6,1,51,8,-1,3,1,RENAULT ZOE,-1,-1,0,-1
2021430311490,2021,430311490,1,9,0,18,19,7,3,0,0,8,0,0,0,0,1,1,2,2,1,24,5,-1,3,3,RENAULT ZOE,-1,-1,0,-1
2021061101792,2021,061101792,1,9,0,18,19,8,4,0,0,1,0,0,0,0,1,1,5,6,1,80,11,-1,3,1,RENAULT ZOE,6,E01005643,0,-1
2021501076484,2021,501076484,1,9,0,12,12,7,3,0,0,0,1,0,0,0,3,1,1,1,2,41,7,-1,3,1,RENAULT ZOE,5,E01020182,0,-1
2021991125056,2021,991125056,1,9,0,18,19,8,3,0,0,0,0,0,0,0,1,1,5,6,1,33,6,-1,3,0,RENAULT ZOE,9,-1,0,-1
2021010300759,2021,010300759,1,9,0,18,19,5,1,0,0,0,0,0,0,0,3,1,2,2,1,53,8,-1,3,6,RENAULT ZOE,4,E01016529,0,-1
202131C142021,2021,31C142021,1,9,0,18,19,8,4,0,0,0,0,0,0,0,1,1,2,2,1,74,10,-1,3,1,RENAULT ZOE,10,E01028400,0,-1
2021361131147,2021,361131147,2,9,0,2,2,5,5,0,0,0,0,0,0,0,2,1,6,6,3,-1,-1,-1,3,0,RENAULT ZOE,-1,-1,0,-1
2021522104278,2021,522104278,1,9,0,18,19,1,5,0,0,0,0,0,0,0,2,1,6,6,1,70,10,-1,3,3,RENAULT ZOE,8,E01033078,0,-1
2021501073528,2021,501073528,2,9,0,18,19,4,8,0,0,1,0,0,0,0,1,1,5,6,2,36,7,-1,3,2,RENAULT ZOE,3,E01019022,0,-1
2021061098058,2021,061098058,2,9,0,5,5,1,1,0,0,1,0,0,0,0,1,1,6,6,2,36,7,-1,3,1,RENAULT ZOE,9,E01005412,0,-1
2021010304924,2021,010304924,2,9,0,4,4,8,4,0,0,1,0,0,0,0,2,1,6,6,1,30,6,-1,3,1,RENAULT ZOE,3,E01001981,0,-1
2021010309811,2021,010309811,2,9,0,18,19,1,5,0,0,1,0,0,0,0,1,1,2,2,1,46,8,-1,3,1,RENAULT ZOE,-1,-1,0,-1
2021010353391,2021,010353391,1,9,9,18,19,1,5,0,0,9,0,99,9,99,9,9,6,6,1,27,6,-1,3,6,RENAULT ZOE,7,E01002817,0,-1
2021010337468,2021,010337468,2,9,0,99,99,9,9,99,99,9,9,99,9,99,9,9,6,6,3,-1,-1,-1,3,6,RENAULT ZOE,6,E01001937,0,-1
2021471056554,2021,471056554,4,9,0,16,19,2,5,0,0,0,0,0,0,0,3,1,5,6,1,51,8,-1,3,1,RENAULT ZOE,3,E01030578,0,-1
2021461108654,2021,461108654,2,9,0,18,19,3,7,0,0,0,0,0,0,0,3,1,5,6,1,41,7,-1,3,0,RENAULT ZOE,2,E01001796,0,-1
2021471113460,2021,471113460,2,9,0,18,19,8,4,0,0,2,0,0,0,0,2,1,5,6,1,40,7,-1,3,3,RENAULT ZOE,8,E01031802,0,-1
2021010342982,2021,010342982,2,9,0,99,99,9,9,0,0,9,0,0,0,0,9,9,6,6,1,-1,-1,-1,3,1,RENAULT ZOE,6,E01002353,0,-1
2021542956521,2021,542956521,1,9,0,17,19,7,5,0,0,8,0,0,0,0,3,1,6,6,1,35,6,-1,3,4,RENAULT ZOE,3,E01015527,0,-1
2021010321121,2021,010321121,1,9,0,18,19,3,7,0,0,2,0,0,0,0,3,2,1,1,1,59,9,-1,3,0,RENAULT ZOE,3,E01002303,0,-1
2021010324707,2021,010324707,2,9,0,5,5,5,1,0,0,1,0,0,0,0,2,1,6,6,1,50,8,-1,3,6,RENAULT ZOE,5,E01004057,0,-1
2021440427429,2021,440427429,1,9,0,7,7,3,7,-1,-1,6,0,0,0,0,1,1,6,6,3,-1,-1,-1,3,1,RENAULT ZOE,-1,-1,0,-1
2021221059153,2021,221059153,2,9,0,2,2,0,0,0,0,0,0,0,0,0,2,1,5,6,2,18,4,-1,3,7,RENAULT ZOE,6,E01032382,0,-1
2021610063021,2021,610063021,1,9,0,18,19,3,7,0,0,8,0,0,0,0,1,1,6,6,2,58,9,-1,3,1,RENAULT ZOE,9,W01001590,0,-1
2021991043024,2021,991043024,3,9,0,17,19,5,1,0,0,0,0,0,0,0,3,1,5,6,1,37,7,-1,3,2,RENAULT ZOE,7,-1,0,-1
2021010308408,2021,010308408,2,9,0,1,1,1,5,6,6,1,0,4,0,0,2,1,6,6,1,33,6,-1,3,1,RENAULT ZOE,3,E01002445,0,-1
2021201119560,2021,201119560,2,9,0,18,19,8,4,0,0,8,0,0,0,0,3,1,6,6,1,37,7,-1,3,4,RENAULT ZOE,6,E01008151,0,-1
2021010295240,2021,010295240,2,9,0,18,19,1,5,0,0,2,0,0,0,0,1,1,6,6,1,75,10,-1,3,1,RENAULT ZOE,8,E01002820,0,-1
202131D128921,2021,31D128921,1,9,0,18,19,1,5,0,0,8,0,0,0,0,3,1,6,6,1,56,9,-1,3,4,RENAULT ZOE,4,E01028210,0,-1
2021351045848,2021,351045848,5,9,0,2,2,0,0,0,0,2,0,0,0,0,4,1,6,6,1,53,8,-1,3,2,RENAULT ZOE,10,E01018284,0,-1
2021141097285,2021,141097285,2,9,0,9,9,2,7,0,0,6,0,0,0,0,1,1,2,2,2,46,8,-1,3,5,RENAULT ZOE,6,E01007771,0,-1
2021471037881,2021,471037881,2,9,0,4,4,1,5,0,0,1,0,0,0,0,2,1,2,2,1,27,6,-1,3,4,RENAULT ZOE,8,E01031629,0,-1
2021010313911,2021,010313911,2,9,0,16,19,5,1,0,0,2,0,0,0,0,1,2,1,1,1,31,6,-1,-1,-1,RENAULT ZOE,4,E01001182,0,-1
2021440421840,2021,440421840,1,9,0,18,19,3,7,0,0,0,0,2,5,6,4,1,6,6,1,66,10,999,1,5,-1,-1,-1,0,-1
2021991028318,2021,991028318,1,8,0,18,19,1,5,0,0,0,0,0,0,0,2,1,1,1,1,67,10,1598,2,9,-1,7,-1,0,-1
2021522201594,2021,522201594,2,9,0,18,19,2,6,0,0,0,0,0,0,0,1,1,6,6,2,40,7,1390,1,14,-1,3,E01014948,0,-1
2021461033629,2021,461033629,2,5,0,18,19,3,7,0,0,1,0,0,0,0,1,1,6,6,1,56,9,600,1,91,-1,6,E01024830,0,-1
2021010343255,2021,010343255,2,3,0,18,19,5,1,0,0,1,0,10,0,0,1,1,6,6,1,25,5,124,1,10,-1,4,E01003492,0,-1
2021991069917,2021,991069917,1,9,0,7,7,3,4,0,0,3,0,0,0,0,1,1,5,6,2,50,8,1364,1,5,VAUXHALL MOKKA,1,-1,0,-1
2021041064742,2021,041064742,3,9,0,2,2,0,0,0,0,1,0,0,0,0,2,1,6,6,3,-1,-1,1598,1,6,VAUXHALL MOKKA,-1,-1,0,-1
2021421037511,2021,421037511,1,9,0,18,19,4,8,0,0,3,0,0,0,0,4,1,6,6,2,51,8,1364,1,4,VAUXHALL MOKKA,3,E01021289,0,-1
2021991058602,2021,991058602,1,9,0,18,19,1,5,0,0,0,0,0,0,0,1,1,6,6,1,21,5,1364,1,4,VAUXHALL MOKKA,2,-1,0,-1
2021010304429,2021,010304429,1,9,0,18,19,7,3,0,0,0,0,0,0,0,4,1,2,2,1,62,9,1686,2,7,VAUXHALL MOKKA,7,E01024288,0,-1
2021231071944,2021,231071944,2,9,0,18,19,7,3,0,0,0,0,0,1,10,1,1,5,6,2,30,6,1598,1,5,VAUXHALL MOKKA,9,E01031147,0,-1
2021421077614,2021,421077614,2,9,0,3,3,1,5,0,0,2,0,0,0,0,2,1,5,6,1,40,7,1364,1,3,VAUXHALL MOKKA,6,E01021434,0,-1
2021991068213,2021,991068213,1,9,0,2,2,7,3,6,6,0,0,0,0,0,3,1,5,6,2,68,10,1364,1,3,VAUXHALL MOKKA,6,-1,0,-1
2021440447648,2021,440447648,2,9,0,18,19,5,1,0,0,8,0,0,0,0,1,1,6,6,2,70,10,1598,1,7,VAUXHALL MOKKA,1,E01017038,0,-1
2021991020743,2021,991020743,1,9,0,18,19,2,6,0,0,1,1,0,3,10,3,1,5,6,2,17,4,1364,1,2,VAUXHALL MOKKA,7,-1,0,-1
2021411112643,2021,411112643,2,9,0,9,9,7,5,0,0,8,0,0,0,0,1,1,6,6,2,65,9,1364,1,6,VAUXHALL MOKKA,1,E01015736,0,-1
2021440014319,2021,440014319,1,9,0,18,19,8,4,0,0,0,0,0,0,0,1,1,6,6,2,76,11,1598,1,7,VAUXHALL MOKKA,9,E01022894,0,-1
2021010313076,2021,010313076,1,9,0,99,99,9,9,99,99,0,9,99,9,99,1,9,6,6,3,-1,-1,1364,1,4,VAUXHALL MOKKA,-1,-1,0,-1
2021542405521,2021,542405521,1,9,0,18,19,3,7,0,0,0,0,0,0,0,1,1,6,6,2,26,6,1364,1,2,VAUXHALL MOKKA,8,E01015556,0,-1
2021461054526,2021,461054526,2,9,0,18,19,7,3,0,0,0,0,0,0,0,1,1,6,6,2,34,6,1364,1,3,VAUXHALL MOKKA,9,E01024446,0,-1
2021041023433,2021,041023433,3,9,0,18,19,2,2,0,0,0,0,0,0,0,2,1,3,7,2,32,6,1364,1,3,VAUXHALL MOKKA,7,E01025033,0,-1
2021141083709,2021,141083709,2,9,0,18,19,7,3,0,0,1,0,0,7,11,1,1,1,1,2,57,9,1364,1,5,VAUXHALL MOKKA,3,E01007632,0,-1
2021101066325,2021,101066325,1,9,0,9,9,5,3,0,0,8,1,0,0,0,1,1,6,6,2,28,6,1598,1,5,VAUXHALL MOKKA,5,E01027374,0,-1
2021010341714,2021,010341714,1,9,0,5,5,5,1,0,0,8,0,0,0,0,3,1,3,7,2,42,7,1598,1,7,VAUXHALL MOKKA,2,E01001152,0,-1
2021461054141,2021,461054141,1,9,0,18,19,1,5,0,0,1,0,0,0,0,1,1,6,6,2,24,5,1598,1,5,VAUXHALL MOKKA,5,E01030834,0,-1
2021010296849,2021,010296849,2,9,0,18,19,7,3,0,0,0,9,0,0,99,3,9,6,6,2,35,6,1364,1,2,VAUXHALL MOKKA,2,E01004539,0,-1
2021471102749,2021,471102749,1,9,0,18,19,4,2,0,0,4,0,0,3,1,1,1,5,6,1,22,5,1598,2,4,VAUXHALL MOKKA,5,E01031530,0,-1
2021141125848,2021,141125848,1,9,0,9,9,7,5,0,0,1,0,0,0,0,1,1,5,6,2,51,8,1686,2,7,VAUXHALL MOKKA,2,E01007804,0,-1
2021161070859,2021,161070859,1,9,0,2,2,7,3,0,0,0,0,0,0,0,2,1,5,6,1,18,4,1364,1,2,VAUXHALL MOKKA,-1,-1,0,-1
2021161088228,2021,161088228,2,9,0,4,4,4,8,0,0,0,0,0,0,0,1,1,6,6,1,59,9,1364,1,2,VAUXHALL MOKKA,-1,-1,0,-1
2021010319011,2021,010319011,1,9,0,99,99,9,9,99,99,9,9,99,9,99,2,9,6,6,2,36,7,1364,1,3,VAUXHALL MOKKA,3,E01000125,0,-1
2021440145296,2021,440145296,1,9,0,18,19,3,7,0,0,8,0,0,0,0,4,1,6,6,2,45,7,1364,1,3,VAUXHALL MOKKA,10,E01022725,0,-1
2021010320613,2021,010320613,1,9,0,7,7,1,3,0,0,1,0,0,0,0,3,1,6,6,2,26,6,1598,1,4,VAUXHALL MOKKA,7,E01024466,0,-1
2021131119832,2021,131119832,2,9,0,-1,-1,-1,-1,-1,-1,1,-1,-1,-1,-1,-1,1,6,6,2,36,7,1364,1,8,VAUXHALL MOKKA,2,E01010778,0,-1
2021501087197,2021,501087197,2,9,0,18,19,5,1,0,0,8,5,0,0,0,3,1,5,6,1,48,8,-1,3,0,VAUXHALL MOKKA,3,E01018974,0,-1
2021440288970,2021,440288970,2,9,0,3,3,5,1,0,0,1,0,0,0,0,2,1,6,6,2,37,7,1598,2,5,VAUXHALL MOKKA,-1,-1,0,-1
2021010297875,2021,010297875,2,9,0,18,19,3,7,0,0,6,0,0,0,0,4,1,6,6,1,50,8,1364,1,4,VAUXHALL MOKKA,7,E01000147,0,-1
202163D046321,2021,63D046321,1,9,0,18,19,6,2,0,0,1,0,0,0,0,1,1,6,6,2,59,9,1686,2,7,VAUXHALL MOKKA,8,W01000444,0,-1
2021170L31111,2021,170L31111,2,9,0,18,19,1,5,0,0,0,0,0,0,0,1,1,6,6,3,45,7,1364,1,2,VAUXHALL MOKKA,1,E01012131,0,-1
2021461025822,2021,461025822,2,9,0,3,3,5,1,0,0,6,0,0,0,0,1,1,5,6,2,26,6,1364,1,7,VAUXHALL MOKKA,2,E01024664,0,-1
2021010341541,2021,010341541,2,9,0,5,5,1,5,0,0,8,0,0,0,0,4,1,6,6,1,73,10,1364,1,6,VAUXHALL MOKKA,10,E01030632,0,-1
2021552101164,2021,552101164,2,9,0,18,19,3,7,0,0,8,0,0,0,0,4,1,6,6,1,41,7,1686,2,7,VAUXHALL MOKKA,3,E01033242,0,-1
2021501063127,2021,501063127,3,9,0,18,19,8,4,0,0,1,0,0,0,0,1,1,5,6,2,30,6,1598,1,8,VAUXHALL MOKKA,4,E01020217,0,-1
2021471030521,2021,471030521,1,9,0,18,19,8,4,0,0,0,1,0,0,0,1,1,5,6,2,48,8,1364,1,4,VAUXHALL MOKKA,6,E01021105,0,-1
2021010336124,2021,010336124,1,9,0,5,5,0,1,0,0,0,0,0,0,0,0,1,6,6,1,43,7,1598,1,6,VAUXHALL MOKKA,3,E01003296,0,-1
2021471019859,2021,471019859,1,9,0,17,19,3,8,0,0,0,1,0,1,3,1,1,5,6,2,31,6,1598,1,7,VAUXHALL MOKKA,6,E01021128,0,-1
2021070216279,2021,070216279,3,9,0,3,3,6,2,0,0,0,0,0,0,0,2,1,6,6,2,29,6,1598,1,5,VAUXHALL MOKKA,10,E01018561,0,-1
2021061117872,2021,061117872,2,9,0,18,19,5,1,0,0,0,0,0,0,0,3,1,6,6,2,34,6,1364,1,2,VAUXHALL MOKKA,5,E01006355,0,-1
2021052102248,2021,052102248,1,9,0,5,5,8,4,0,0,2,0,0,0,0,3,1,6,6,2,41,7,1598,1,6,VAUXHALL MOKKA,1,E01006598,0,-1
2021111073447,2021,111073447,4,9,0,3,3,3,7,0,0,0,0,0,0,0,2,1,5,6,2,55,8,1598,1,6,VAUXHALL MOKKA,5,E01020604,0,-1
2021131078861,2021,131078861,1,9,0,9,9,5,1,0,0,8,0,0,0,0,3,1,6,6,2,51,8,1364,1,9,VAUXHALL MOKKA,7,E01010760,0,-1
2021421069064,2021,421069064,2,9,0,9,9,1,7,0,0,1,0,0,0,0,1,1,5,6,1,54,8,1364,1,5,VAUXHALL MOKKA,10,E01021805,0,-1
2021201067922,2021,201067922,1,9,0,18,19,4,8,0,0,0,0,0,0,0,1,1,6,6,1,46,8,1598,1,6,VAUXHALL MOKKA,9,E01009823,0,-1
2021440308362,2021,440308362,2,9,0,3,3,7,3,0,0,0,0,0,0,0,2,1,6,6,1,51,8,1364,1,3,VAUXHALL MOKKA,8,E01022780,0,-1
2021010339990,2021,010339990,1,9,0,99,99,9,9,99,99,9,9,99,9,99,9,9,6,6,1,28,6,1364,1,3,VAUXHALL MOKKA,3,E01002532,0,-1
2021010288091,2021,010288091,1,9,0,9,9,6,4,0,0,1,0,0,0,0,1,1,6,6,2,61,9,1598,1,4,VAUXHALL MOKKA,2,E01004398,0,-1
2021122100199,2021,122100199,2,9,0,5,5,1,5,0,0,6,0,0,0,0,3,1,2,2,1,24,5,1686,2,8,VAUXHALL MOKKA,8,E01013343,0,-1
2021430141142,2021,430141142,3,9,0,4,4,0,0,0,0,1,0,0,0,0,2,1,6,6,1,73,10,1364,1,5,VAUXHALL MOKKA,10,E01030811,0,-1
2021161012984,2021,161012984,2,9,0,4,4,1,5,0,0,1,0,0,0,0,1,1,6,6,3,-1,-1,1364,1,3,VAUXHALL MOKKA,-1,-1,0,-1
2021461139841,2021,461139841,1,9,0,18,19,7,3,0,0,1,0,0,0,0,1,1,6,6,2,64,9,1364,1,5,VAUXHALL MOKKA,3,E01024239,0,-1
2021141052722,2021,141052722,3,9,0,4,4,5,1,0,0,0,0,0,0,0,2,1,5,6,1,58,9,1598,2,4,VAUXHALL MOKKA,7,E01026676,0,-1
2021041050800,2021,041050800,1,9,0,9,9,5,1,0,0,1,0,0,0,0,1,1,2,2,2,52,8,1598,2,6,VAUXHALL MOKKA,5,E01025515,0,-1
2021010343913,2021,010343913,1,9,0,5,5,1,5,9,9,7,0,0,0,0,1,1,2,2,2,62,9,1364,1,3,VAUXHALL MOKKA,3,E01002527,0,-1
2021320520494,2021,320520494,1,9,0,9,9,4,8,0,0,2,0,0,0,1,4,1,2,2,2,57,9,1598,2,6,VAUXHALL MOKKA,3,E01026140,0,-1
2021010294769,2021,010294769,1,9,0,9,9,5,3,0,0,1,0,0,0,0,1,1,3,7,2,40,7,1598,2,5,VAUXHALL MOKKA,-1,-1,0,-1
2021552101090,2021,552101090,1,9,0,9,9,1,7,0,0,6,0,0,0,0,3,1,6,6,2,41,7,1364,1,5,VAUXHALL MOKKA,10,E01022662,0,-1
2021371077730,2021,371077730,1,9,0,4,4,1,5,0,0,0,0,0,0,0,1,1,5,6,2,66,10,1598,1,5,VAUXHALL MOKKA,2,E01030013,0,-1
2021991115096,2021,991115096,1,9,0,18,19,5,1,0,0,0,0,0,0,0,4,1,5,6,2,50,8,1598,1,5,VAUXHALL MOKKA,3,-1,0,-1
2021010317587,2021,010317587,1,9,0,18,19,6,2,0,0,4,0,0,0,0,1,1,6,6,2,37,7,1598,1,5,VAUXHALL MOKKA,1,E01002800,0,-1
2021461068508,2021,461068508,1,9,0,18,19,7,3,0,0,0,0,0,1,0,1,1,6,6,2,76,11,1364,1,7,VAUXHALL MOKKA,9,E01000356,0,-1
2021522103750,2021,522103750,2,9,0,18,19,1,6,0,0,1,0,0,0,0,1,1,6,6,2,25,5,1686,2,8,VAUXHALL MOKKA,-1,-1,0,-1
2021041020129,2021,041020129,2,9,0,4,4,5,1,0,0,0,0,0,0,0,2,1,5,6,2,56,9,1364,1,5,VAUXHALL MOKKA,2,E01012742,0,-1
2021010294172,2021,010294172,2,9,0,99,99,9,9,99,99,9,9,99,9,99,9,9,6,6,3,-1,-1,1364,1,2,VAUXHALL MOKKA,1,E01002037,0,-1
2021451064976,2021,451064976,1,9,0,11,11,7,3,0,0,0,0,0,2,7,4,1,5,6,1,36,7,1598,1,6,VAUXHALL MOKKA,5,E01021195,0,-1
2021041025739,2021,041025739,1,9,0,1,1,1,5,0,0,0,0,1,0,0,2,1,5,6,2,44,7,1364,1,2,VAUXHALL MOKKA,9,E01012660,0,-1
2021052102314,2021,052102314,2,9,0,18,19,5,1,0,0,1,0,0,0,0,0,1,6,6,1,48,8,1364,1,3,VAUXHALL MOKKA,-1,-1,0,-1
2021421125945,2021,421125945,1,9,0,18,19,2,4,0,0,0,0,0,0,0,1,1,5,6,2,73,10,1598,1,6,VAUXHALL MOKKA,5,E01021410,0,-1
2021010332757,2021,010332757,2,9,0,99,99,9,9,99,99,9,9,99,9,99,1,9,6,6,3,-1,-1,1364,1,6,VAUXHALL MOKKA,-1,-1,0,-1
2021161067687,2021,161067687,1,9,0,18,19,4,8,0,0,0,0,0,0,0,3,1,6,6,1,-1,-1,1598,2,5,VAUXHALL MOKKA,1,E01013221,0,-1
2021101044845,2021,101044845,3,9,0,10,10,7,3,0,0,0,0,0,0,0,2,1,5,6,1,70,10,1364,1,2,VAUXHALL MOKKA,6,E01027479,0,-1
2021010320892,2021,010320892,1,9,0,99,99,9,9,99,99,1,9,99,9,99,2,9,2,2,2,24,5,1598,1,6,VAUXHALL MOKKA,10,E01030408,0,-1
2021010347826,2021,010347826,1,9,0,9,9,3,2,0,0,1,0,11,0,0,1,1,6,6,2,40,7,-1,3,0,VAUXHALL MOKKA,3,E01003686,0,-1
2021991014077,2021,991014077,1,9,0,9,9,5,2,0,0,6,0,0,0,0,3,1,5,6,1,58,9,1364,1,4,VAUXHALL MOKKA,-1,-1,0,-1
2021531019489,2021,531019489,1,9,0,7,7,5,1,0,0,2,0,0,0,0,1,1,3,7,1,36,7,1598,2,5,VAUXHALL MOKKA,10,E01022466,0,-1
2021052101574,2021,052101574,1,9,0,18,19,5,1,0,0,0,0,0,0,0,1,1,6,6,1,37,7,1364,1,2,VAUXHALL MOKKA,3,E01006652,0,-1
2021010314428,2021,010314428,2,9,0,10,10,3,8,0,0,1,0,0,0,0,1,1,6,6,2,63,9,1364,1,3,VAUXHALL MOKKA,5,E01004442,0,-1
2021010306300,2021,010306300,1,9,0,18,19,6,2,0,0,5,0,11,0,0,1,1,6,6,2,-1,-1,1598,1,7,VAUXHALL MOKKA,6,E01002617,0,-1
2021991086537,2021,991086537,1,9,0,18,19,3,7,0,0,0,0,0,0,0,1,1,6,6,1,49,8,1364,1,3,VAUXHALL MOKKA,3,-1,0,-1
2021201028723,2021,201028723,2,9,0,18,19,2,6,0,0,8,0,4,0,0,3,1,6,6,2,-1,-1,1598,2,2,VAUXHALL MOKKA,3,E01010249,0,-1
202163D090021,2021,63D090021,1,9,0,17,19,2,7,0,0,0,0,0,0,0,3,1,2,2,2,29,6,1686,2,8,VAUXHALL MOKKA,3,W01001374,0,-1
2021221057606,2021,221057606,1,9,0,9,9,1,7,0,0,1,0,0,0,0,4,1,6,6,1,50,8,1598,2,4,VAUXHALL MOKKA,2,E01032450,0,-1
2021401094890,2021,401094890,2,9,0,16,19,6,2,0,0,0,2,0,1,4,3,1,1,1,1,40,7,1364,1,6,VAUXHALL MOKKA,9,E01017394,0,-1
2021010299898,2021,010299898,3,9,0,7,7,7,1,0,0,6,0,0,0,0,0,1,6,6,2,40,7,1364,1,6,VAUXHALL MOKKA,2,E01001705,0,-1
2021010295815,2021,010295815,2,9,0,9,9,5,3,0,0,1,0,0,0,0,1,1,3,7,2,33,6,1364,1,3,VAUXHALL MOKKA,9,E01004079,0,-1
2021010305654,2021,010305654,2,9,0,9,9,1,6,0,0,1,0,0,0,0,3,1,6,6,2,-1,-1,1686,2,6,VAUXHALL MOKKA,2,E01000930,0,-1
2021302100067,2021,302100067,2,9,0,18,19,6,2,0,0,1,0,0,0,0,3,1,6,6,2,55,8,1364,1,3,VAUXHALL MOKKA,3,E01013453,0,-1
2021451110274,2021,451110274,1,9,0,18,19,3,7,0,0,8,0,0,0,0,4,1,3,7,2,34,6,1598,1,4,VAUXHALL MOKKA,5,E01030740,0,-1
2021122200006,2021,122200006,1,9,0,17,19,8,4,0,0,0,1,0,7,4,1,1,6,6,1,36,7,1364,1,4,VAUXHALL MOKKA,7,E01027745,0,-1
2021041109510,2021,041109510,1,9,0,18,19,3,7,0,0,8,0,0,0,0,1,1,6,6,3,-1,-1,1199,1,0,VAUXHALL MOKKA,-1,-1,0,-1
2021461050809,2021,461050809,1,9,0,17,19,2,6,0,0,2,0,0,0,0,3,1,6,6,1,65,9,1364,1,6,VAUXHALL MOKKA,4,E01016120,0,-1
20211381I1637,2021,1381I1637,1,9,0,18,19,7,3,0,0,6,0,0,0,0,1,1,6,6,1,31,6,1364,1,2,VAUXHALL MOKKA,1,E01010720,0,-1
2021010332390,2021,010332390,1,9,0,99,99,9,9,99,99,9,9,99,9,99,2,9,6,6,1,27,6,1364,1,4,VAUXHALL MOKKA,3,E01000725,0,-1