collision_index,collision_year,collision_ref_no,vehicle_reference,vehicle_type,towing_and_articulation,vehicle_manoeuvre_historic,vehicle_manoeuvre,vehicle_direction_from,vehicle_direction_to,vehicle_location_restricted_lane_historic,vehicle_location_restricted_lane,junction_location,skidding_and_overturning,hit_object_in_carriageway,vehicle_leaving_carriageway,hit_object_off_carriageway,first_point_of_impact,vehicle_left_hand_drive,journey_purpose_of_driver_historic,journey_purpose_of_driver,sex_of_driver,age_of_driver,age_band_of_driver,engine_capacity_cc,propulsion_code,age_of_vehicle,generic_make_model,driver_imd_decile,lsoa_of_driver,escooter_flag,driver_distance_banding
2021991045446,2021,991045446,1,9,0,12,12,8,4,0,0,7,0,0,0,0,1,1,5,6,2,30,6,1686,2,6,VAUXHALL MOKKA,4,-1,0,-1
2021010341405,2021,010341405,1,9,0,18,19,7,3,0,0,8,0,0,0,0,3,1,2,2,1,30,6,1364,1,3,VAUXHALL MOKKA,2,E01000223,0,-1
2021201086319,2021,201086319,1,9,0,18,19,2,6,0,0,0,0,10,1,3,1,1,2,2,2,41,7,1364,1,6,VAUXHALL MOKKA,1,E01009349,0,-1
202131C181621,2021,31C181621,1,9,0,7,7,5,6,0,0,6,0,0,0,0,3,1,6,6,2,35,6,1686,2,7,VAUXHALL MOKKA,1,E01013851,0,-1
2021545923721,2021,545923721,2,9,0,18,19,1,5,0,0,0,0,0,0,0,4,1,6,6,2,70,10,1364,1,4,VAUXHALL MOKKA,9,E01015504,0,-1
2021991062449,2021,991062449,1,9,0,3,3,2,6,0,0,0,0,0,0,0,2,1,6,6,1,42,7,1364,1,3,VAUXHALL MOKKA,9,-1,0,-1
2021101124953,2021,101124953,1,9,0,9,9,5,2,0,0,6,0,0,0,0,3,1,5,6,1,80,11,1686,2,6,VAUXHALL MOKKA,2,E01027534,0,-1
2021052100126,2021,052100126,2,9,0,18,19,3,7,0,0,8,0,0,0,0,3,1,6,6,1,37,7,1686,2,7,VAUXHALL MOKKA,8,E01007315,0,-1
2021061041140,2021,061041140,2,9,0,18,19,7,1,0,0,8,0,0,0,0,1,1,6,6,1,30,6,1364,1,2,VAUXHALL MOKKA,-1,-1,0,-1
2021061028404,2021,061028404,3,9,0,4,4,7,3,0,0,0,0,0,0,0,2,1,5,6,1,73,10,1364,1,3,VAUXHALL MOKKA,5,E01005677,0,-1
2021231094583,2021,231094583,1,9,0,18,19,4,8,0,0,0,0,0,0,0,4,1,3,7,2,72,10,1686,2,6,VAUXHALL MOKKA,9,E01032231,0,-1
2021351028793,2021,351028793,1,9,0,5,5,1,4,0,0,4,0,0,0,0,4,1,5,6,2,28,6,1364,1,3,VAUXHALL MOKKA,9,E01033433,0,-1
2021010333522,2021,010333522,1,9,0,3,3,7,3,0,0,1,0,0,0,0,2,1,6,6,2,22,5,1364,1,6,VAUXHALL MOKKA,3,E01002503,0,-1
2021302100345,2021,302100345,1,9,0,9,9,4,2,0,0,5,0,0,0,0,1,1,6,6,2,54,8,1364,1,3,VAUXHALL MOKKA,4,E01013503,0,-1
2021061131394,2021,061131394,2,9,0,18,19,5,1,0,0,1,0,0,0,0,1,1,6,6,2,61,9,1598,1,7,VAUXHALL MOKKA,5,E01005876,0,-1
2021991117231,2021,991117231,3,9,0,18,19,6,8,0,0,1,0,0,0,0,2,1,6,6,1,47,8,1598,2,5,VAUXHALL MOKKA,2,-1,0,-1
2021430061036,2021,430061036,1,9,0,18,19,8,4,0,0,8,0,0,0,0,4,1,4,7,1,33,6,1598,2,5,VAUXHALL MOKKA,10,E01016651,0,-1
2021052102919,2021,052102919,1,9,0,7,7,5,6,0,0,6,0,0,0,0,1,1,6,6,2,49,8,1598,1,4,VAUXHALL MOKKA,6,E01006487,0,-1
2021052101435,2021,052101435,1,9,0,9,9,2,8,0,0,8,0,0,0,0,3,1,6,6,1,42,7,1598,1,5,VAUXHALL MOKKA,1,E01006691,0,-1
2021141079355,2021,141079355,1,9,0,5,5,6,2,0,0,4,0,0,0,0,0,1,6,6,2,47,8,1364,1,2,VAUXHALL MOKKA,4,E01007693,0,-1
2021010351950,2021,010351950,1,9,0,18,19,1,5,0,0,0,1,0,1,0,3,1,6,6,1,28,6,1364,1,3,VAUXHALL MOKKA,-1,-1,0,-1
2021451127342,2021,451127342,1,9,0,9,9,4,2,0,0,2,0,0,0,0,1,1,5,6,2,44,7,1598,1,5,VAUXHALL MOKKA,6,E01030563,0,-1
2021061062717,2021,061062717,1,9,0,3,3,1,5,0,0,1,0,0,0,0,2,1,5,6,2,50,8,1364,1,3,VAUXHALL MOKKA,7,E01005356,0,-1
202131A068921,2021,31A068921,1,9,0,18,19,3,7,0,0,1,0,0,0,0,1,1,6,6,1,64,9,1598,1,6,VAUXHALL MOKKA,2,E01027983,0,-1
2021451027502,2021,451027502,1,9,0,17,19,1,5,0,0,1,0,0,0,0,1,1,2,2,2,36,7,1364,1,3,VAUXHALL MOKKA,3,E01030793,0,-1
2021201057773,2021,201057773,1,9,0,9,9,3,1,0,0,5,0,0,0,0,1,1,6,6,1,74,10,1364,1,3,VAUXHALL MOKKA,3,E01009620,0,-1
2021531118483,2021,531118483,1,9,0,18,19,1,5,0,0,2,0,0,0,0,1,2,2,2,2,34,6,1364,1,4,VAUXHALL MOKKA,6,E01022142,0,-1
2021010336978,2021,010336978,2,9,0,9,9,4,3,0,0,2,0,0,0,0,3,1,6,6,2,59,9,1686,2,6,VAUXHALL MOKKA,7,E01001058,0,-1
2021010332041,2021,010332041,1,9,0,9,9,6,3,0,0,5,0,0,0,0,1,1,2,2,1,32,6,1686,2,7,VAUXHALL MOKKA,-1,-1,0,-1
2021401083606,2021,401083606,1,9,0,5,5,7,3,0,0,4,0,0,0,0,3,1,6,6,2,29,6,1598,2,5,VAUXHALL MOKKA,7,E01017485,0,-1
2021440392078,2021,440392078,1,9,0,18,19,8,4,0,0,1,0,0,0,0,3,1,6,6,2,61,9,1364,1,5,VAUXHALL MOKKA,3,E01022811,0,-1
2021991083330,2021,991083330,1,9,0,2,2,0,0,0,0,0,0,0,0,0,3,1,1,1,2,61,9,1598,1,4,VAUXHALL MOKKA,2,-1,0,-1
2021101118566,2021,101118566,1,9,0,4,4,7,3,0,0,0,0,0,0,0,4,1,1,1,1,38,7,-1,3,0,VAUXHALL MOKKA,6,E01008387,0,-1
2021302100456,2021,302100456,2,9,0,4,4,2,6,0,0,1,0,0,0,0,2,1,6,6,2,60,9,1364,1,7,VAUXHALL MOKKA,4,E01019689,0,-1
202106K079078,2021,06K079078,1,9,0,18,19,2,6,0,0,0,0,0,0,0,1,1,6,6,2,34,6,1364,1,7,VAUXHALL MOKKA,4,E01004782,0,-1
2021141052359,2021,141052359,1,9,0,2,2,0,0,0,0,0,0,0,0,0,2,1,5,6,1,44,7,1364,1,4,VAUXHALL MOKKA,2,E01006069,0,-1
2021041114927,2021,041114927,1,9,0,18,19,6,2,0,0,1,0,0,3,0,4,1,5,6,2,33,6,1598,1,5,VAUXHALL MOKKA,8,E01012636,0,-1
2021201136539,2021,201136539,3,9,0,2,2,0,0,0,0,2,0,0,0,0,0,1,6,6,3,-1,-1,1364,1,2,VAUXHALL MOKKA,-1,-1,0,-1
2021052100663,2021,052100663,2,9,0,10,10,2,1,0,0,1,0,0,0,0,3,1,6,6,2,57,9,1598,1,7,VAUXHALL MOKKA,2,E01006977,0,-1
2021010348798,2021,010348798,2,9,0,99,99,9,9,99,99,9,9,99,9,99,1,9,6,6,3,-1,-1,1364,1,2,VAUXHALL MOKKA,-1,-1,0,-1
2021041113635,2021,041113635,1,9,0,18,19,1,5,0,0,0,0,0,0,0,1,1,4,7,2,43,7,1364,1,3,VAUXHALL MOKKA,8,E01004780,0,-1
2021320408855,2021,320408855,2,9,0,18,19,5,1,0,0,0,0,0,0,0,2,1,6,6,1,56,9,1364,1,3,VAUXHALL MOKKA,10,E01027266,0,-1
202131A121321,2021,31A121321,2,9,0,2,2,0,0,0,0,0,0,0,0,0,3,1,6,6,3,-1,-1,1598,2,5,VAUXHALL MOKKA,-1,-1,0,-1
2021351019508,2021,351019508,2,9,0,1,1,5,1,0,0,0,0,0,0,0,2,1,6,6,2,49,8,1364,1,3,VAUXHALL MOKKA,2,E01015633,0,-1
2021421074479,2021,421074479,2,9,0,10,10,3,8,0,0,1,0,0,0,0,2,1,6,6,1,65,9,1686,2,7,VAUXHALL MOKKA,5,E01033459,0,-1
2021361078250,2021,361078250,2,9,0,5,5,6,4,0,0,1,0,0,0,0,3,1,5,6,1,80,11,1598,1,6,VAUXHALL MOKKA,4,E01026426,0,-1
2021411121055,2021,411121055,1,9,0,18,19,6,2,0,0,0,0,0,0,0,1,1,2,2,1,36,7,1364,1,6,VAUXHALL MOKKA,10,E01023684,0,-1
2021010321322,2021,010321322,1,9,0,7,7,3,4,0,0,1,0,0,0,0,4,1,6,6,2,56,9,1364,1,6,VAUXHALL MOKKA,3,E01001489,0,-1
2021991072575,2021,991072575,1,9,0,7,7,3,5,0,0,5,0,0,0,0,4,1,1,1,1,22,5,1364,1,2,VAUXHALL MOKKA,1,-1,0,-1
2021522100247,2021,522100247,4,9,0,2,2,0,0,0,0,0,0,0,0,0,2,1,6,6,3,-1,-1,1364,1,4,VAUXHALL MOKKA,-1,-1,0,-1
2021991097707,2021,991097707,1,9,0,17,19,4,1,0,0,0,0,0,0,0,1,1,5,6,2,21,5,1598,2,4,VAUXHALL MOKKA,1,-1,0,-1
2021520104639,2021,520104639,1,9,0,18,19,5,1,0,0,2,0,0,0,0,4,1,6,6,2,32,6,1598,2,6,VAUXHALL MOKKA,2,E01029109,0,-1
2021010311746,2021,010311746,1,9,0,4,4,5,1,0,0,1,0,0,0,0,2,1,6,6,2,59,9,1364,1,2,VAUXHALL MOKKA,-1,-1,0,-1
2021010332632,2021,010332632,1,9,0,9,9,7,4,0,0,2,0,0,0,0,1,1,6,6,2,30,6,1364,1,3,VAUXHALL MOKKA,4,E01003767,0,-1
2021122100471,2021,122100471,2,9,0,18,19,5,1,0,0,8,0,0,0,0,1,1,6,6,2,32,6,1598,1,8,VAUXHALL MOKKA,10,E01013352,0,-1
2021131037007,2021,131037007,2,9,0,18,19,5,1,0,0,1,0,0,0,0,4,1,5,6,1,55,8,1364,1,5,VAUXHALL MOKKA,2,E01011540,0,-1
2021010342279,2021,010342279,1,9,0,7,7,3,6,0,0,5,0,0,0,0,1,1,6,6,2,45,7,1364,1,6,VAUXHALL MOKKA,10,E01004478,0,-1
202131D173321,2021,31D173321,2,9,0,4,4,4,8,0,0,0,0,0,0,0,2,1,6,6,2,28,6,1364,1,2,VAUXHALL MOKKA,6,E01028160,0,-1
202163A006421,2021,63A006421,2,9,0,18,19,6,2,0,0,0,0,0,1,10,3,1,6,6,1,29,6,1364,1,7,VAUXHALL MOKKA,2,W01000707,0,-1
2021461095327,2021,461095327,2,9,0,18,19,7,3,0,0,0,0,0,8,0,3,1,6,6,2,29,6,1686,2,7,VAUXHALL MOKKA,7,E01016078,0,-1
2021052100983,2021,052100983,1,9,0,18,19,5,1,0,0,0,0,0,0,0,1,1,3,7,2,39,7,1686,2,7,VAUXHALL MOKKA,1,E01007128,0,-1
2021440510041,2021,440510041,1,9,0,18,19,5,1,0,0,0,0,0,1,11,4,1,1,1,1,27,6,1598,1,5,VAUXHALL MOKKA,1,E01020847,0,-1
2021552100787,2021,552100787,2,9,0,4,4,5,1,0,0,1,0,0,0,0,2,1,2,2,2,32,6,1598,1,4,VAUXHALL MOKKA,6,E01015324,0,-1
2021010336476,2021,010336476,1,9,0,18,19,3,7,0,0,2,0,4,0,0,1,1,6,6,1,33,6,1598,2,4,VAUXHALL MOKKA,2,E01000501,0,-1
2021131042682,2021,131042682,1,9,0,18,19,7,3,0,0,0,0,0,0,0,3,1,6,6,2,29,6,1364,1,3,VAUXHALL MOKKA,3,E01010662,0,-1
2021440064120,2021,440064120,1,9,0,9,9,6,4,0,0,8,0,0,0,0,3,1,6,6,1,58,9,1364,1,2,VAUXHALL MOKKA,9,E01020351,0,-1
2021161083223,2021,161083223,1,9,0,3,3,6,2,0,0,1,0,0,0,0,0,1,6,6,2,44,7,1364,1,5,VAUXHALL MOKKA,5,E01013132,0,-1
2021451051348,2021,451051348,1,9,0,18,19,7,3,0,0,4,0,0,0,0,1,1,5,6,2,33,6,1598,1,5,VAUXHALL MOKKA,1,E01025224,0,-1
2021010302614,2021,010302614,2,9,0,16,19,5,7,0,0,0,0,4,1,10,1,1,6,6,2,40,7,1598,1,6,VAUXHALL MOKKA,7,E01004166,0,-1
2021991049830,2021,991049830,2,9,0,17,19,5,1,0,0,0,2,0,0,0,1,1,3,7,2,43,7,1598,1,4,VAUXHALL MOKKA,7,-1,0,-1
2021522201110,2021,522201110,1,9,0,9,9,6,4,0,0,5,0,0,0,0,1,1,6,6,2,26,6,1598,2,3,VAUXHALL MOKKA,9,E01032092,0,-1
2021501113661,2021,501113661,1,9,0,18,19,8,4,0,0,1,0,0,0,0,1,1,5,6,1,19,4,1598,2,5,VAUXHALL MOKKA,4,E01018916,0,-1
2021231040001,2021,231040001,1,9,0,18,19,6,2,0,0,0,5,4,0,0,1,1,5,6,1,85,11,1598,1,4,VAUXHALL MOKKA,9,E01031269,0,-1
2021461023841,2021,461023841,1,9,0,18,19,1,5,0,0,2,0,0,0,0,1,1,2,2,1,47,8,1364,1,4,VAUXHALL MOKKA,3,E01016102,0,-1
2021501115283,2021,501115283,2,9,0,18,19,7,3,0,0,0,0,0,0,0,1,1,5,6,1,75,10,1364,1,4,VAUXHALL MOKKA,10,E01023818,0,-1
2021440083454,2021,440083454,1,9,0,3,3,1,5,0,0,0,0,0,0,0,3,1,6,6,1,72,10,1364,1,5,VAUXHALL MOKKA,9,E01022564,0,-1
2021461118375,2021,461118375,2,9,0,4,4,1,5,0,0,0,0,0,0,0,2,1,2,2,2,44,7,1364,1,3,VAUXHALL MOKKA,8,E01024414,0,-1
2021401059604,2021,401059604,2,9,0,18,19,5,1,0,0,6,0,0,0,0,0,1,1,1,2,56,9,1364,1,3,VAUXHALL MOKKA,9,E01017620,0,-1
2021010328400,2021,010328400,2,9,0,4,4,1,5,0,0,1,0,0,0,0,1,1,6,6,2,54,8,1364,1,7,VAUXHALL MOKKA,9,E01000647,0,-1
2021111070952,2021,111070952,2,9,0,7,7,7,6,0,0,1,0,0,0,0,2,1,5,6,1,31,6,1364,1,2,VAUXHALL MOKKA,8,E01012316,0,-1
2021471093785,2021,471093785,1,9,0,9,9,2,1,0,0,2,0,0,0,0,1,1,3,7,2,33,6,1686,2,6,VAUXHALL MOKKA,3,E01031752,0,-1
2021991048128,2021,991048128,1,9,0,18,19,2,7,0,0,4,2,9,1,0,3,1,5,6,2,31,6,1364,1,2,VAUXHALL MOKKA,2,-1,0,-1
2021451037864,2021,451037864,2,9,0,9,9,1,5,0,0,0,0,0,0,0,4,1,5,6,2,79,11,1364,1,6,VAUXHALL MOKKA,7,E01030832,0,-1
2021041067136,2021,041067136,1,9,0,1,1,3,7,0,0,1,0,0,0,0,4,1,6,6,2,50,8,1686,2,7,VAUXHALL MOKKA,5,E01025360,0,-1
2021010341614,2021,010341614,1,9,0,7,7,3,5,0,0,1,0,0,0,0,1,1,6,6,2,54,8,1364,1,7,VAUXHALL MOKKA,2,E01003373,0,-1
2021320470895,2021,320470895,2,9,0,18,19,4,8,0,0,1,1,0,0,0,1,1,6,6,1,69,10,1364,1,3,VAUXHALL MOKKA,6,E01026153,0,-1
2021991085258,2021,991085258,1,9,0,18,19,5,1,0,0,8,0,0,0,0,3,1,5,6,1,70,10,1364,1,2,VAUXHALL MOKKA,6,-1,0,-1
2021430439690,2021,430439690,1,9,0,9,9,8,6,0,0,6,0,0,0,0,3,1,6,6,1,66,10,1598,1,5,VAUXHALL MOKKA,10,E01016259,0,-1
2021010340477,2021,010340477,2,9,0,4,4,5,1,0,0,0,1,0,0,0,1,1,6,6,1,33,6,1364,1,6,VAUXHALL MOKKA,-1,-1,0,-1
2021401101164,2021,401101164,1,9,0,18,19,5,1,0,0,0,0,0,0,0,0,1,5,6,2,35,6,1364,1,3,VAUXHALL MOKKA,2,E01017531,0,-1
2021471013381,2021,471013381,2,9,0,10,10,2,8,0,0,1,0,0,0,0,2,1,6,6,2,54,8,1686,2,7,VAUXHALL MOKKA,5,E01031595,0,-1
2021991053197,2021,991053197,2,9,0,4,4,2,6,0,0,0,0,0,0,0,4,1,5,6,2,25,5,1364,1,3,VAUXHALL MOKKA,10,-1,0,-1
2021461131976,2021,461131976,1,9,0,16,19,5,1,0,0,0,0,0,0,0,1,1,6,6,1,60,9,1598,1,4,VAUXHALL MOKKA,7,E01024727,0,-1
2021052102445,2021,052102445,2,9,0,18,19,3,7,0,0,0,0,0,0,0,4,1,6,6,2,46,8,1364,1,6,VAUXHALL MOKKA,1,E01006674,0,-1
202134WNC7291,2021,34WNC7291,1,9,0,18,19,7,2,0,0,0,0,0,0,0,1,1,6,6,2,21,5,1199,1,0,VAUXHALL MOKKA,1,E01027153,0,-1
2021430428618,2021,430428618,1,9,0,3,3,2,6,0,0,0,0,0,0,0,2,1,6,6,1,50,8,1364,1,2,VAUXHALL MOKKA,9,E01000754,0,-1
2021161037482,2021,161037482,1,9,0,10,10,3,7,0,0,0,0,0,0,0,2,1,5,6,1,56,9,1364,1,3,VAUXHALL MOKKA,5,E01019439,0,-1
2021461053479,2021,461053479,2,9,0,18,19,5,6,0,0,2,0,0,0,0,3,1,6,6,1,47,8,1364,1,4,VAUXHALL MOKKA,9,E01024349,0,-1
2021471122074,2021,471122074,2,9,0,18,19,7,3,0,0,1,0,0,0,0,1,1,5,6,2,60,9,1598,2,5,VAUXHALL MOKKA,6,E01021099,0,-1
2021351098359,2021,351098359,1,9,0,18,19,1,5,0,0,0,0,0,0,0,1,1,6,6,2,30,6,1598,1,7,VAUXHALL MOKKA,8,E01018021,0,-1
2021010289462,2021,010289462,2,9,0,99,99,9,9,99,99,9,9,99,9,99,9,9,6,6,1,49,8,1364,1,2,VAUXHALL MOKKA,9,E01002134,0,-1
2021131070299,2021,131070299,1,9,0,9,9,5,1,0,0,3,0,0,0,0,1,1,6,6,2,47,8,1364,1,4,VAUXHALL MOKKA,9,E01011528,0,-1
2021052102491,2021,052102491,2,9,0,4,4,8,4,0,0,8,0,0,0,0,2,1,6,6,1,51,8,1598,1,7,VAUXHALL MOKKA,2,E01006586,0,-1
202131A026221,2021,31A026221,1,9,0,7,7,1,3,0,0,6,0,0,0,0,2,1,6,6,2,36,7,1598,1,7,VAUXHALL MOKKA,2,E01028267,0,-1
2021461024312,2021,461024312,2,9,0,18,19,4,8,0,0,0,0,0,1,0,1,1,6,6,1,48,8,1364,1,3,VAUXHALL MOKKA,5,E01024623,0,-1
2021101066518,2021,101066518,2,9,0,3,3,1,3,0,0,0,0,0,0,0,2,1,6,6,1,71,10,1364,1,6,VAUXHALL MOKKA,6,E01008256,0,-1
2021622100772,2021,622100772,1,9,0,9,9,4,2,0,0,8,0,0,0,0,1,1,1,1,2,46,8,1598,2,4,VAUXHALL MOKKA,4,W01001709,0,-1
2021361102555,2021,361102555,2,9,0,18,19,6,2,0,0,0,0,0,0,0,1,1,5,6,2,57,9,1598,1,6,VAUXHALL MOKKA,6,E01026877,0,-1
2021031108174,2021,031108174,1,9,0,6,6,4,8,0,0,8,0,0,0,0,3,1,6,6,2,70,10,1364,1,4,VAUXHALL MOKKA,4,E01019252,0,-1
2021461042441,2021,461042441,1,9,0,16,19,3,8,0,0,0,0,0,1,4,1,1,6,6,1,31,6,1598,2,4,VAUXHALL MOKKA,5,E01024716,0,-1
2021211146073,2021,211146073,1,9,0,18,19,5,1,0,0,0,0,0,0,0,1,1,6,6,1,64,9,1598,1,6,VAUXHALL MOKKA,-1,-1,0,-1
2021010298638,2021,010298638,1,9,0,99,99,9,9,99,99,9,9,99,9,99,3,9,6,6,2,47,8,1598,1,4,VAUXHALL MOKKA,3,E01001546,0,-1
2021041050208,2021,041050208,1,9,0,18,19,6,2,0,0,2,0,0,0,0,4,1,6,6,3,-1,-1,1199,1,0,VAUXHALL MOKKA,-1,-1,0,-1
2021361120908,2021,361120908,1,9,0,16,19,5,1,0,0,0,1,0,0,0,1,1,5,6,1,61,9,1598,2,4,VAUXHALL MOKKA,8,E01030293,0,-1
2021070284487,2021,070284487,2,9,0,3,3,4,8,0,0,0,0,0,0,0,2,1,6,6,1,74,10,1686,2,7,VAUXHALL MOKKA,6,E01012512,0,-1
2021991038838,2021,991038838,2,9,0,6,6,4,4,9,9,0,0,0,0,0,3,1,5,6,1,45,7,1364,1,2,VAUXHALL MOKKA,4,-1,0,-1
2021122100586,2021,122100586,1,9,0,4,4,5,1,0,0,0,0,0,0,0,1,1,6,6,1,64,9,1364,1,3,VAUXHALL MOKKA,6,E01000844,0,-1
2021461080567,2021,461080567,2,9,0,18,19,0,0,0,0,0,0,0,0,0,1,1,6,6,1,-1,-1,1364,1,6,VAUXHALL MOKKA,5,E01024031,0,-1
2021622100426,2021,622100426,2,9,0,4,4,8,4,0,0,2,0,0,0,0,2,1,6,6,2,26,6,1598,1,7,VAUXHALL MOKKA,3,W01001211,0,-1
2021461050729,2021,461050729,2,9,0,18,19,3,7,0,0,3,0,0,0,0,4,1,6,6,1,67,10,1364,1,7,VAUXHALL MOKKA,5,E01016151,0,-1
2021010324934,2021,010324934,2,9,0,2,2,0,0,0,0,0,0,0,0,0,3,1,6,6,3,-1,-1,1598,2,5,VAUXHALL MOKKA,-1,-1,0,-1
202131A086121,2021,31A086121,2,9,0,18,19,6,2,0,0,8,0,0,0,0,4,1,6,6,1,80,11,1364,1,6,VAUXHALL MOKKA,4,E01028252,0,-1
2021170H10741,2021,170H10741,3,9,0,18,19,1,5,0,0,0,0,0,0,0,3,1,6,6,2,27,6,1686,2,7,VAUXHALL MOKKA,8,E01011960,0,-1
2021010329966,2021,010329966,2,9,0,18,19,7,3,0,0,1,0,0,0,0,1,1,6,6,2,33,6,1598,1,7,VAUXHALL MOKKA,4,E01000316,0,-1
2021070183256,2021,070183256,2,9,0,18,19,3,7,0,0,1,0,0,7,11,4,1,2,2,1,59,9,1364,1,6,VAUXHALL MOKKA,8,E01018718,0,-1
2021991060093,2021,991060093,1,9,0,18,19,6,2,0,0,0,0,0,0,0,4,1,3,7,1,68,10,1364,1,3,VAUXHALL MOKKA,6,-1,0,-1
2021061078537,2021,061078537,2,9,0,18,19,1,3,0,0,0,0,0,0,0,1,1,5,6,2,47,8,1686,2,7,VAUXHALL MOKKA,7,E01005014,0,-1
2021320539682,2021,320539682,3,9,0,4,4,8,4,0,0,1,0,0,0,0,2,1,2,2,2,32,6,1598,1,6,VAUXHALL MOKKA,9,E01026234,0,-1
2021161050491,2021,161050491,1,9,0,4,4,2,6,0,0,0,0,0,0,0,2,1,5,6,2,44,7,1686,2,6,VAUXHALL MOKKA,9,E01027876,0,-1
2021010310604,2021,010310604,1,9,0,13,13,3,7,0,0,0,2,0,0,0,0,1,6,6,2,30,6,1364,1,4,VAUXHALL MOKKA,2,E01003305,0,-1
2021461047479,2021,461047479,1,9,0,1,1,5,1,0,0,0,0,4,0,0,2,1,6,6,1,33,6,1364,1,3,VAUXHALL MOKKA,3,E01016173,0,-1
2021440117048,2021,440117048,2,9,0,18,19,2,6,0,0,8,0,0,0,0,4,1,2,2,2,24,5,1598,1,5,VAUXHALL MOKKA,4,E01022479,0,-1
2021501031558,2021,501031558,2,9,0,18,19,6,2,0,0,1,0,0,0,0,1,1,6,6,1,75,10,1364,1,3,VAUXHALL MOKKA,-1,-1,0,-1
2021010318424,2021,010318424,1,9,0,9,9,3,2,0,0,8,0,0,0,0,1,1,3,7,2,34,6,1364,1,3,VAUXHALL MOKKA,3,E01002043,0,-1
2021361045596,2021,361045596,5,9,0,4,4,5,1,0,0,1,0,0,0,0,2,1,5,6,1,83,11,1364,1,5,VAUXHALL MOKKA,8,E01030293,0,-1
2021451125823,2021,451125823,3,9,0,3,3,1,5,0,0,0,0,0,0,0,2,1,5,6,2,30,6,1686,2,7,VAUXHALL MOKKA,7,E01030429,0,-1
2021361095893,2021,361095893,3,9,0,18,19,4,8,0,0,0,0,0,0,0,2,1,5,6,1,65,9,1199,1,0,VAUXHALL MOKKA,7,E01026723,0,-1
202131B150121,2021,31B150121,1,9,0,18,19,2,6,0,0,1,0,0,0,0,1,1,6,6,2,34,6,1686,2,6,VAUXHALL MOKKA,7,E01028015,0,-1
2021201144816,2021,201144816,2,9,0,9,9,8,6,0,0,5,0,0,0,0,1,1,6,6,2,33,6,1598,1,6,VAUXHALL MOKKA,4,E01010361,0,-1
2021991050550,2021,991050550,1,9,0,10,10,5,1,0,0,2,1,0,0,0,3,1,6,6,2,40,7,1364,1,6,VAUXHALL MOKKA,6,-1,0,-1
2021161111826,2021,161111826,2,9,0,18,19,5,1,0,0,0,0,0,0,0,4,1,6,6,1,24,5,1598,2,5,VAUXHALL MOKKA,1,E01012880,0,-1
2021991013786,2021,991013786,1,9,0,18,19,7,4,0,0,8,0,0,0,0,1,1,2,2,2,47,8,1686,2,8,VAUXHALL MOKKA,2,-1,0,-1
2021201069956,2021,201069956,1,9,0,9,9,3,8,0,0,6,0,0,0,0,1,1,6,6,3,-1,-1,1598,1,3,VAUXHALL MOKKA,-1,-1,0,-1
2021622100912,2021,622100912,1,9,0,4,4,8,4,0,0,0,0,0,0,0,1,1,6,6,2,49,8,1364,1,3,VAUXHALL MOKKA,4,W01001248,0,-1
2021440345577,2021,440345577,2,9,0,18,19,1,5,0,0,0,0,0,0,0,1,1,6,6,2,64,9,1598,1,4,VAUXHALL MOKKA,10,E01023172,0,-1
2021351060749,2021,351060749,2,9,0,4,4,6,2,0,0,0,0,0,0,0,2,1,6,6,2,53,8,1686,2,7,VAUXHALL MOKKA,8,E01023596,0,-1
2021421042494,2021,421042494,1,9,0,18,19,7,3,0,0,1,0,0,0,0,1,1,6,6,1,42,7,1364,1,5,VAUXHALL MOKKA,2,E01001745,0,-1
2021411153829,2021,411153829,2,9,0,18,19,7,2,0,0,1,0,0,0,0,1,1,5,6,1,28,6,1686,2,7,VAUXHALL MOKKA,2,E01017594,0,-1
2021211070719,2021,211070719,32,9,0,3,3,2,7,0,0,0,0,0,0,0,2,1,5,6,2,62,9,1686,2,7,VAUXHALL MOKKA,7,E01010317,0,-1
2021010346513,2021,010346513,1,9,0,5,5,3,7,0,0,6,0,0,0,0,1,1,2,2,2,51,8,1364,1,4,VAUXHALL MOKKA,2,E01004290,0,-1
2021531083683,2021,531083683,2,9,0,18,19,5,1,0,0,1,0,0,0,0,2,1,5,6,1,62,9,1364,1,3,VAUXHALL MOKKA,5,W01001644,0,-1
2021522101261,2021,522101261,2,9,0,18,19,8,5,0,0,0,0,0,0,0,1,1,6,6,2,57,9,1598,1,9,VAUXHALL MOKKA,3,E01014841,0,-1
2021010314112,2021,010314112,3,9,0,4,4,5,1,0,0,2,0,0,0,0,1,1,6,6,1,27,6,1364,1,6,VAUXHALL MOKKA,8,E01000366,0,-1
2021991081664,2021,991081664,1,9,0,18,19,5,1,0,0,0,0,0,0,0,1,1,1,1,2,50,8,1598,2,5,VAUXHALL MOKKA,3,-1,0,-1
2021201146094,2021,201146094,2,9,0,18,19,1,5,0,0,8,0,0,1,0,4,1,6,6,2,40,7,1598,1,5,VAUXHALL MOKKA,4,E01009626,0,-1
2021010290114,2021,010290114,1,9,0,18,19,1,5,0,0,8,0,0,0,0,1,1,6,6,2,30,6,1364,1,6,VAUXHALL MOKKA,2,E01000783,0,-1
202134NNC1971,2021,34NNC1971,1,9,0,18,19,1,5,0,0,8,0,0,0,0,1,1,6,6,2,40,7,1686,2,7,VAUXHALL MOKKA,3,E01027240,0,-1
2021052101898,2021,052101898,1,9,0,18,19,1,5,0,0,1,0,0,0,0,1,1,6,6,2,36,7,1598,1,6,VAUXHALL MOKKA,2,E01032510,0,-1
2021451047944,2021,451047944,2,9,0,6,6,3,7,0,0,8,0,0,0,0,3,1,5,6,2,40,7,1598,1,6,VAUXHALL MOKKA,8,E01030782,0,-1