collision_index,collision_year,collision_ref_no,vehicle_reference,vehicle_type,towing_and_articulation,vehicle_manoeuvre_historic,vehicle_manoeuvre,vehicle_direction_from,vehicle_direction_to,vehicle_location_restricted_lane_historic,vehicle_location_restricted_lane,junction_location,skidding_and_overturning,hit_object_in_carriageway,vehicle_leaving_carriageway,hit_object_off_carriageway,first_point_of_impact,vehicle_left_hand_drive,journey_purpose_of_driver_historic,journey_purpose_of_driver,sex_of_driver,age_of_driver,age_band_of_driver,engine_capacity_cc,propulsion_code,age_of_vehicle,generic_make_model,driver_imd_decile,lsoa_of_driver,escooter_flag,driver_distance_banding
2021991032641,2021,991032641,1,9,0,18,19,1,5,0,0,0,0,0,0,0,1,1,5,6,2,44,7,1364,1,2,VAUXHALL MOKKA,5,-1,0,-1
2021010290471,2021,010290471,1,9,0,6,6,7,7,0,0,0,0,0,0,0,1,1,6,6,1,53,8,1598,1,5,VAUXHALL MOKKA,5,E01003274,0,-1
2021061040600,2021,061040600,2,9,0,18,19,1,5,0,0,1,0,0,0,0,2,1,6,6,1,54,8,1364,1,2,VAUXHALL MOKKA,9,E01005412,0,-1
2021401102970,2021,401102970,1,9,0,-1,-1,1,1,0,0,0,-1,0,-1,0,-1,1,5,6,2,43,7,1364,1,4,VAUXHALL MOKKA,10,E01017407,0,-1
2021010319710,2021,010319710,1,9,0,18,19,1,5,0,0,2,0,12,0,0,0,1,6,6,2,53,8,1364,1,2,VAUXHALL MOKKA,5,E01002411,0,-1
2021010298209,2021,010298209,2,9,0,99,99,9,9,99,99,9,9,99,9,99,9,9,6,6,3,-1,-1,1364,1,4,VAUXHALL MOKKA,9,E01001132,0,-1
2021320583801,2021,320583801,2,9,0,9,9,2,8,0,0,8,0,0,0,0,2,1,6,6,2,69,10,1364,1,3,VAUXHALL MOKKA,10,E01026356,0,-1
2021991069154,2021,991069154,3,9,0,16,19,4,8,0,0,0,1,0,0,0,1,1,6,6,2,48,8,1686,2,7,VAUXHALL MOKKA,1,-1,0,-1
2021991090278,2021,991090278,4,9,0,2,2,0,0,0,0,1,0,0,0,0,1,1,6,6,3,-1,-1,1598,1,5,VAUXHALL MOKKA,-1,-1,0,-1
2021010330633,2021,010330633,2,9,0,10,10,3,1,0,0,6,0,0,0,0,3,1,6,6,2,40,7,1364,1,6,VAUXHALL MOKKA,-1,-1,0,-1
2021131108980,2021,131108980,3,9,0,2,2,0,0,0,0,0,0,0,0,0,0,1,6,6,3,-1,-1,1364,1,2,VAUXHALL MOKKA,-1,-1,0,-1
2021421063379,2021,421063379,3,9,0,3,3,7,3,0,0,1,0,0,1,0,2,1,5,6,1,64,9,1598,1,5,VAUXHALL MOKKA,1,E01022027,0,-1
2021231100326,2021,231100326,1,9,0,18,19,5,1,0,0,0,0,0,0,0,1,1,5,6,1,30,6,1686,2,7,VAUXHALL MOKKA,9,E01031184,0,-1
2021440067383,2021,440067383,1,9,0,16,19,1,6,0,0,8,0,0,0,0,3,1,6,6,2,31,6,1598,1,6,VAUXHALL MOKKA,9,E01022522,0,-1
2021052102494,2021,052102494,2,9,0,3,3,5,1,0,0,1,0,0,0,0,2,1,6,6,1,62,9,1364,1,3,VAUXHALL MOKKA,8,E01007142,0,-1
2021361149549,2021,361149549,1,9,0,18,19,1,3,0,0,0,1,0,0,0,3,1,6,6,2,47,8,1598,2,6,VAUXHALL MOKKA,6,E01026457,0,-1
2021320146167,2021,320146167,1,9,0,5,5,2,6,0,0,6,0,0,0,0,1,1,6,6,1,63,9,1364,1,3,VAUXHALL MOKKA,2,E01026108,0,-1
2021101111631,2021,101111631,1,9,0,3,3,7,2,0,0,4,0,0,0,0,1,1,6,6,1,67,10,1364,1,5,VAUXHALL MOKKA,4,E01033077,0,-1
2021041099185,2021,041099185,2,9,0,17,19,1,5,0,0,1,0,0,0,0,1,1,5,6,2,58,9,1364,1,3,VAUXHALL MOKKA,-1,-1,0,-1
2021401074379,2021,401074379,1,9,0,18,19,2,6,0,0,1,2,10,2,2,1,1,6,6,2,81,11,1364,1,2,VAUXHALL MOKKA,2,E01015720,0,-1
2021061093469,2021,061093469,1,9,0,3,3,7,4,0,0,1,0,0,0,0,2,1,6,6,2,63,9,1364,1,3,VAUXHALL MOKKA,3,E01033653,0,-1
2021031013246,2021,031013246,1,9,0,18,19,7,3,0,0,0,1,0,1,0,1,1,5,6,1,17,4,1364,1,2,VAUXHALL MOKKA,8,E01019224,0,-1
2021111044374,2021,111044374,1,9,0,16,19,2,6,0,0,0,0,0,0,0,1,1,5,6,1,32,6,1686,2,7,VAUXHALL MOKKA,3,E01020652,0,-1
202131A088521,2021,31A088521,2,9,0,3,3,6,2,0,0,1,0,0,0,0,2,1,6,6,1,41,7,1686,2,7,VAUXHALL MOKKA,-1,-1,0,-1
2021991090278,2021,991090278,2,9,0,2,2,0,0,0,0,1,0,0,0,0,1,1,6,6,3,-1,-1,1364,1,5,VAUXHALL MOKKA,-1,-1,0,-1
2021122101412,2021,122101412,3,9,0,4,4,1,5,0,0,0,0,0,0,0,2,1,6,6,1,50,8,1686,2,8,VAUXHALL MOKKA,9,E01027663,0,-1
2021010337803,2021,010337803,1,9,0,14,14,1,5,0,0,1,0,0,0,0,1,1,6,6,2,60,9,1364,1,5,VAUXHALL MOKKA,-1,-1,0,-1
2021440168710,2021,440168710,2,9,0,18,19,0,0,9,9,0,0,0,0,0,4,1,6,6,3,-1,-1,1364,1,5,VAUXHALL MOKKA,-1,-1,0,-1
2021010329181,2021,010329181,2,9,0,18,19,3,7,0,0,8,0,0,0,0,1,1,6,6,2,30,6,1364,1,5,VAUXHALL MOKKA,2,E01003049,0,-1
2021501039529,2021,501039529,1,9,0,9,9,5,3,0,0,6,0,0,0,0,1,1,6,6,2,56,9,1686,2,7,VAUXHALL MOKKA,9,E01019925,0,-1
2021211145152,2021,211145152,1,9,0,18,19,2,6,0,0,0,0,0,0,0,1,1,1,1,2,49,8,1364,1,3,VAUXHALL MOKKA,9,E01029773,0,-1
2021010350288,2021,010350288,3,9,0,18,19,1,5,0,0,1,0,0,0,0,1,1,6,6,2,41,7,1364,1,4,VAUXHALL MOKKA,-1,-1,0,-1
2021131098574,2021,131098574,3,9,0,3,3,4,8,0,0,0,0,0,0,0,2,1,5,6,2,27,6,1686,2,7,VAUXHALL MOKKA,1,E01011373,0,-1
2021461046408,2021,461046408,2,9,0,7,7,1,3,0,0,0,0,0,0,0,4,1,3,7,1,40,7,1364,1,6,VAUXHALL MOKKA,6,E01016076,0,-1
2021440371898,2021,440371898,1,9,0,18,19,5,1,0,0,0,0,0,0,0,4,1,3,7,2,47,8,1364,1,3,VAUXHALL MOKKA,-1,-1,0,-1
2021302101561,2021,302101561,1,9,0,1,1,4,8,0,0,8,0,0,0,0,2,1,6,6,1,83,11,1364,1,4,VAUXHALL MOKKA,8,E01019406,0,-1
2021451116785,2021,451116785,1,9,0,18,19,1,5,0,0,0,0,0,0,0,1,1,5,6,2,38,7,1364,1,7,VAUXHALL MOKKA,6,E01023121,0,-1
2021461017387,2021,461017387,1,9,0,18,19,4,8,0,0,1,0,0,0,0,3,1,6,6,1,47,8,1598,1,4,VAUXHALL MOKKA,5,E01016118,0,-1
2021440059019,2021,440059019,1,9,0,18,19,2,6,0,0,0,0,0,0,0,1,1,6,6,1,86,11,1364,1,4,VAUXHALL MOKKA,-1,-1,0,-1
2021101066506,2021,101066506,2,9,0,3,3,6,2,0,0,1,0,0,0,0,2,1,6,6,2,42,7,1598,1,6,VAUXHALL MOKKA,5,E01008535,0,-1
2021201115434,2021,201115434,1,9,0,18,19,6,4,0,0,0,0,0,0,0,1,1,2,2,2,30,6,1598,2,5,VAUXHALL MOKKA,3,E01032536,0,-1
2021471050861,2021,471050861,3,9,0,2,2,0,0,0,0,0,0,4,0,0,3,1,6,6,3,-1,-1,1364,1,6,VAUXHALL MOKKA,-1,-1,0,-1
2021430466659,2021,430466659,1,19,0,9,9,3,1,0,0,1,0,0,0,0,1,1,6,6,1,56,9,1896,2,23,-1,6,E01016530,0,-1
2021440091105,2021,440091105,2,9,0,4,4,6,2,0,0,1,0,0,0,0,1,1,3,7,2,44,7,1896,2,17,VOLKSWAGEN TOURAN,5,E01023262,0,-1
2021041087079,2021,041087079,1,9,0,7,7,2,6,0,0,1,0,0,0,0,1,1,5,6,1,45,7,1896,2,16,VOLKSWAGEN TOURAN,1,E01024898,0,-1
2021501130969,2021,501130969,2,9,0,3,3,8,4,0,0,1,0,0,0,0,2,1,6,6,2,44,7,1896,2,15,VOLKSWAGEN TOURAN,4,E01018951,0,-1
2021440147321,2021,440147321,1,9,0,18,19,4,8,0,0,1,0,0,0,0,1,1,6,6,1,39,7,1896,2,12,VOLKSWAGEN TOURAN,4,E01017083,0,-1
2021522201454,2021,522201454,2,9,0,2,2,0,0,0,0,0,0,0,0,0,1,1,6,6,3,-1,-1,1896,2,14,VOLKSWAGEN TOURAN,-1,-1,0,-1
2021451069722,2021,451069722,1,9,0,11,11,4,2,0,0,1,0,0,0,0,3,1,5,6,2,47,8,1498,1,3,VOLKSWAGEN TOURAN,8,E01004075,0,-1
202106A080110,2021,06A080110,2,9,0,18,19,8,4,0,0,1,0,0,0,0,2,1,6,6,1,27,6,1896,2,15,VOLKSWAGEN TOURAN,-1,-1,0,-1
2021361068500,2021,361068500,2,9,0,18,19,7,3,0,0,0,0,0,0,0,2,1,6,6,2,26,6,1968,2,16,VOLKSWAGEN TOURAN,1,E01026662,0,-1
2021461064157,2021,461064157,3,9,0,2,2,4,8,0,0,0,0,0,0,0,2,1,6,6,3,-1,-1,1896,2,14,VOLKSWAGEN TOURAN,-1,-1,0,-1
2021010302856,2021,010302856,1,9,0,1,1,1,5,0,0,8,0,0,0,0,2,1,3,7,1,55,8,1896,2,16,VOLKSWAGEN TOURAN,5,E01002234,0,-1
2021451107036,2021,451107036,1,9,0,18,19,1,5,0,0,3,0,0,0,0,1,1,5,6,1,33,6,1968,2,13,VOLKSWAGEN TOURAN,5,E01030459,0,-1
2021440355489,2021,440355489,1,9,0,9,9,4,8,0,0,1,0,0,0,0,1,1,6,6,2,25,5,1896,2,15,VOLKSWAGEN TOURAN,4,E01017171,0,-1
2021061037571,2021,061037571,2,9,0,18,19,1,1,0,0,0,0,0,0,0,2,1,6,6,1,42,7,1968,2,13,VOLKSWAGEN TOURAN,2,E01005461,0,-1
2021201064080,2021,201064080,1,9,0,9,9,2,7,0,0,6,0,0,0,0,1,1,6,6,3,-1,-1,1968,2,16,VOLKSWAGEN TOURAN,-1,-1,0,-1
2021451089279,2021,451089279,2,9,0,18,19,1,1,0,0,1,0,0,0,0,1,1,5,6,2,37,7,1968,2,3,VOLKSWAGEN TOURAN,10,E01030566,0,-1
2021201029076,2021,201029076,3,9,0,2,2,0,0,9,9,1,0,0,0,0,4,1,6,6,1,49,8,1896,2,12,VOLKSWAGEN TOURAN,5,E01009654,0,-1
2021101011436,2021,101011436,4,9,0,18,19,5,1,0,0,0,0,0,0,0,1,1,6,6,1,32,6,1968,2,13,VOLKSWAGEN TOURAN,3,E01008171,0,-1
202131C071021,2021,31C071021,2,9,0,9,9,6,4,0,0,5,0,0,0,0,3,1,6,6,1,39,7,1896,2,15,VOLKSWAGEN TOURAN,2,E01013856,0,-1
2021061102874,2021,061102874,1,9,0,3,3,6,2,0,0,0,0,0,0,0,2,1,5,6,2,33,6,1598,2,5,VOLKSWAGEN TOURAN,8,E01005415,0,-1
2021052100770,2021,052100770,2,9,0,4,4,6,2,0,0,0,0,0,0,0,1,1,6,6,1,44,7,1968,2,15,VOLKSWAGEN TOURAN,2,E01006624,0,-1
2021122100535,2021,122100535,2,9,0,9,9,7,5,0,0,1,0,0,0,0,4,1,6,6,2,54,8,1598,2,8,VOLKSWAGEN TOURAN,4,E01027608,0,-1
2021010319935,2021,010319935,1,9,0,10,10,6,3,0,0,1,0,0,0,0,2,1,6,6,1,49,8,1598,2,7,VOLKSWAGEN TOURAN,3,E01002264,0,-1
2021201054443,2021,201054443,1,9,0,14,14,2,6,0,0,0,0,0,0,0,1,1,6,6,1,41,7,1968,2,10,VOLKSWAGEN TOURAN,2,E01009028,0,-1
2021451069077,2021,451069077,1,9,0,4,4,6,2,0,0,0,1,0,0,0,1,1,6,6,1,51,8,1968,2,5,VOLKSWAGEN TOURAN,4,E01033081,0,-1
2021991028670,2021,991028670,2,9,0,3,3,6,2,0,0,0,0,0,0,0,2,1,6,6,2,23,5,1968,2,14,VOLKSWAGEN TOURAN,9,-1,0,-1
2021138390945,2021,138390945,1,9,0,18,19,7,3,0,0,8,0,0,0,0,1,1,6,6,2,41,7,1598,2,8,VOLKSWAGEN TOURAN,8,E01011938,0,-1
2021461076700,2021,461076700,2,9,0,17,19,3,7,0,0,1,1,0,0,0,1,1,6,6,1,28,6,1896,2,11,VOLKSWAGEN TOURAN,5,E01016127,0,-1
2021440117287,2021,440117287,2,9,0,3,3,5,1,0,0,1,0,0,0,0,2,1,6,6,2,40,7,1968,2,11,VOLKSWAGEN TOURAN,9,E01022971,0,-1
2021522102353,2021,522102353,1,9,0,10,10,8,6,0,0,6,0,0,0,0,1,1,6,6,2,27,6,1395,1,3,VOLKSWAGEN TOURAN,3,E01014690,0,-1
2021351014149,2021,351014149,3,9,0,18,19,8,4,0,0,1,0,0,0,0,1,1,6,6,2,38,7,1896,2,12,VOLKSWAGEN TOURAN,4,E01018046,0,-1
2021501092995,2021,501092995,3,9,0,18,19,5,1,0,0,0,0,0,0,0,2,1,6,6,2,40,7,1896,2,15,VOLKSWAGEN TOURAN,5,E01018833,0,-1
2021070241468,2021,070241468,1,9,0,5,5,3,7,0,0,0,0,2,0,0,1,1,6,6,2,33,6,1896,2,14,VOLKSWAGEN TOURAN,1,E01018519,0,-1
2021010295612,2021,010295612,1,9,0,99,99,9,9,99,99,9,9,99,9,99,9,9,6,6,2,28,6,1598,2,6,VOLKSWAGEN TOURAN,2,E01000151,0,-1
2021052101875,2021,052101875,1,9,0,4,4,3,7,0,0,0,0,0,0,0,4,1,6,6,3,-1,-1,1598,2,2,VOLKSWAGEN TOURAN,-1,-1,0,-1
2021141073729,2021,141073729,2,9,0,18,19,7,3,0,0,1,0,0,0,0,1,1,6,6,1,59,9,1598,2,4,VOLKSWAGEN TOURAN,7,E01026326,0,-1
2021101120788,2021,101120788,2,9,0,18,19,7,3,0,0,8,0,0,0,0,1,1,6,6,1,36,7,1968,2,15,VOLKSWAGEN TOURAN,5,E01008343,0,-1
2021010325893,2021,010325893,2,9,0,3,3,5,1,0,0,0,0,0,0,0,2,1,6,6,1,50,8,1968,2,14,VOLKSWAGEN TOURAN,5,E01003663,0,-1
2021131109480,2021,131109480,1,9,0,18,19,1,5,0,0,0,0,0,0,0,1,1,2,2,1,53,8,1598,2,3,VOLKSWAGEN TOURAN,1,E01010735,0,-1
2021010341420,2021,010341420,2,9,0,99,99,9,9,99,99,9,9,99,9,99,1,9,6,6,3,-1,-1,1968,2,14,VOLKSWAGEN TOURAN,-1,-1,0,-1
2021010302703,2021,010302703,1,9,0,99,99,9,9,99,99,9,9,99,9,99,2,9,6,6,2,36,7,1968,2,1,VOLKSWAGEN TOURAN,3,E01001661,0,-1
2021501063789,2021,501063789,4,9,0,18,19,1,5,0,0,0,0,0,0,0,0,1,1,1,1,46,8,1598,2,7,VOLKSWAGEN TOURAN,10,E01014742,0,-1
2021010305753,2021,010305753,2,9,9,16,19,2,4,99,99,9,9,99,9,99,9,9,6,6,1,45,7,1598,2,10,VOLKSWAGEN TOURAN,2,E01001218,0,-1
2021320336411,2021,320336411,2,9,0,4,4,4,8,0,0,0,0,0,0,0,2,1,3,7,2,36,7,1598,2,7,VOLKSWAGEN TOURAN,6,E01026391,0,-1
2021010319624,2021,010319624,1,9,0,18,19,1,5,0,0,0,0,0,0,0,1,1,6,6,2,52,8,1598,2,10,VOLKSWAGEN TOURAN,-1,-1,0,-1
2021010347588,2021,010347588,2,9,0,99,99,9,9,99,99,9,9,99,9,99,9,9,6,6,2,35,6,1595,1,14,VOLKSWAGEN TOURAN,1,E01004035,0,-1
2021131050365,2021,131050365,2,9,0,9,9,1,5,0,0,8,1,0,0,0,4,1,2,2,1,34,6,1896,2,12,VOLKSWAGEN TOURAN,1,E01011434,0,-1
2021451032476,2021,451032476,1,9,0,18,19,2,7,0,0,1,0,0,0,0,1,1,5,6,2,74,10,1395,1,4,VOLKSWAGEN TOURAN,9,E01031004,0,-1
2021430119410,2021,430119410,1,9,0,18,19,7,3,0,0,0,5,0,2,4,4,1,2,2,1,36,7,1598,2,9,VOLKSWAGEN TOURAN,5,E01016518,0,-1
2021061034945,2021,061034945,1,9,0,18,19,1,5,0,0,1,0,0,0,0,1,1,6,6,1,37,7,1968,2,14,VOLKSWAGEN TOURAN,4,E01005594,0,-1
2021161107016,2021,161107016,2,9,0,2,2,0,0,6,6,1,0,0,0,0,2,1,1,1,1,50,8,1598,2,6,VOLKSWAGEN TOURAN,1,E01012857,0,-1
202134WNC4471,2021,34WNC4471,2,9,0,3,3,1,5,0,0,1,0,0,0,0,2,1,6,6,2,26,6,1598,2,9,VOLKSWAGEN TOURAN,1,E01027249,0,-1
2021010292620,2021,010292620,2,9,0,99,99,9,9,99,99,9,9,99,9,99,0,9,6,6,1,48,8,1896,2,15,VOLKSWAGEN TOURAN,3,E01001502,0,-1
2021041011469,2021,041011469,2,9,0,18,19,1,4,0,0,1,0,0,0,0,1,1,5,6,1,34,6,1896,2,11,VOLKSWAGEN TOURAN,2,E01025305,0,-1
20211383R1886,2021,1383R1886,2,9,0,18,19,4,7,0,0,0,1,0,1,7,2,1,6,6,1,38,7,1896,2,13,VOLKSWAGEN TOURAN,4,E01009320,0,-1
2021361062679,2021,361062679,1,9,0,18,19,3,7,0,0,1,0,0,0,0,1,1,5,6,1,34,6,1598,2,8,VOLKSWAGEN TOURAN,7,E01026932,0,-1
2021122200386,2021,122200386,1,9,0,10,10,3,7,0,0,1,0,0,0,0,2,1,2,2,1,40,7,1968,2,10,VOLKSWAGEN TOURAN,10,E01027614,0,-1
2021461175598,2021,461175598,1,9,0,18,19,8,4,0,0,0,0,11,0,0,1,1,6,6,2,64,9,1968,2,15,VOLKSWAGEN TOURAN,9,E01024123,0,-1
2021010327398,2021,010327398,2,9,0,9,9,2,8,0,0,8,0,0,0,0,1,1,6,6,1,51,8,1598,1,17,VOLKSWAGEN TOURAN,6,E01002475,0,-1
2021041119506,2021,041119506,1,9,0,18,19,1,1,0,0,1,0,0,7,0,1,2,1,1,1,46,8,1896,2,14,VOLKSWAGEN TOURAN,1,E01025582,0,-1
2021041126818,2021,041126818,1,9,0,9,9,6,4,0,0,5,0,0,0,0,1,1,1,1,1,46,8,1896,2,16,VOLKSWAGEN TOURAN,1,E01012656,0,-1
2021010318440,2021,010318440,3,9,0,4,4,1,5,0,0,1,0,0,0,0,1,1,6,6,1,30,6,1896,2,14,VOLKSWAGEN TOURAN,7,E01002122,0,-1
202131A188421,2021,31A188421,1,9,0,1,1,3,7,0,0,0,0,0,0,0,2,1,6,6,2,85,11,1968,2,17,VOLKSWAGEN TOURAN,6,E01028236,0,-1
2021991106832,2021,991106832,1,9,0,18,19,7,3,0,0,0,0,0,0,0,1,1,6,6,1,40,7,1968,2,14,VOLKSWAGEN TOURAN,-1,-1,0,-1
2021501131964,2021,501131964,1,9,0,18,19,1,5,0,0,0,0,0,0,0,1,1,1,1,1,37,7,1896,2,12,VOLKSWAGEN TOURAN,6,E01018915,0,-1
2021522200728,2021,522200728,1,9,0,18,19,2,6,0,0,1,0,0,0,0,1,1,6,6,1,37,7,1896,2,14,VOLKSWAGEN TOURAN,3,E01014515,0,-1
2021430165460,2021,430165460,2,9,0,18,19,4,8,0,0,8,0,0,0,0,1,1,6,6,2,39,7,1598,2,6,VOLKSWAGEN TOURAN,10,E01016761,0,-1
2021461067416,2021,461067416,1,9,0,9,9,3,7,0,0,1,0,0,0,0,4,1,6,6,1,74,10,1598,2,6,VOLKSWAGEN TOURAN,3,E01016030,0,-1
2021010303844,2021,010303844,3,9,0,18,19,7,3,0,0,1,0,0,0,0,1,1,2,2,1,38,7,1598,2,7,VOLKSWAGEN TOURAN,5,E01000284,0,-1
2021361071104,2021,361071104,2,9,0,18,19,4,8,0,0,4,0,0,0,0,4,1,5,6,2,32,6,1595,1,13,VOLKSWAGEN TOURAN,7,E01026810,0,-1
2021421083199,2021,421083199,1,9,0,18,19,5,1,0,0,2,0,0,0,0,1,1,6,6,1,50,8,1598,2,10,VOLKSWAGEN TOURAN,4,E01015905,0,-1
202163A091221,2021,63A091221,2,9,0,16,19,6,1,0,0,0,1,0,0,0,1,1,6,6,2,50,8,1598,2,7,VOLKSWAGEN TOURAN,-1,-1,0,-1
2021991053680,2021,991053680,3,9,0,18,19,1,5,0,0,0,0,0,0,0,2,1,2,2,1,43,7,1598,2,6,VOLKSWAGEN TOURAN,7,-1,0,-1
2021141077161,2021,141077161,1,9,0,18,19,6,2,0,0,0,5,0,0,0,1,1,5,6,1,31,6,1968,2,16,VOLKSWAGEN TOURAN,2,E01007849,0,-1
2021010345437,2021,010345437,1,9,0,99,99,9,9,99,99,9,9,99,9,99,2,9,6,6,1,51,8,1968,2,16,VOLKSWAGEN TOURAN,9,E01000538,0,-1
202154C474621,2021,54C474621,1,9,0,18,19,3,7,0,0,0,0,0,7,11,1,1,6,6,1,42,7,1498,1,1,VOLKSWAGEN TOURAN,6,E01032037,0,-1
2021070825070,2021,070825070,1,9,0,16,19,5,8,0,0,1,0,0,0,0,1,1,6,6,1,63,9,1896,2,12,VOLKSWAGEN TOURAN,4,W01000329,0,-1
202134WNC7081,2021,34WNC7081,3,9,0,18,19,5,1,0,0,0,0,0,0,0,3,1,6,6,1,51,8,1968,2,13,VOLKSWAGEN TOURAN,10,E01025783,0,-1
2021361058253,2021,361058253,2,9,0,4,4,3,7,0,0,0,0,0,1,10,2,1,5,6,2,36,7,1598,2,9,VOLKSWAGEN TOURAN,4,E01026636,0,-1
2021201191201,2021,201191201,1,9,0,7,7,4,6,0,0,6,0,0,0,0,1,1,6,6,1,31,6,1968,2,16,VOLKSWAGEN TOURAN,2,E01009966,0,-1
2021131079168,2021,131079168,2,9,0,10,10,4,8,0,0,8,0,0,0,0,1,1,6,6,1,35,6,1896,2,17,VOLKSWAGEN TOURAN,3,E01010835,0,-1
2021010325387,2021,010325387,1,9,0,99,99,9,9,99,99,9,9,99,9,99,4,9,1,1,1,59,9,1598,2,8,VOLKSWAGEN TOURAN,8,E01004144,0,-1
2021522103594,2021,522103594,2,9,0,18,19,6,2,0,0,1,0,0,0,0,1,1,6,6,1,50,8,1598,2,8,VOLKSWAGEN TOURAN,1,E01014653,0,-1
2021201138356,2021,201138356,1,9,0,18,19,8,4,0,0,6,0,0,0,0,1,1,6,6,2,36,7,1968,2,14,VOLKSWAGEN TOURAN,1,E01033643,0,-1
2021221028664,2021,221028664,1,9,0,18,19,5,1,0,0,6,0,0,3,7,1,1,6,6,2,75,10,1498,1,0,VOLKSWAGEN TOURAN,2,E01014071,0,-1
2021421036809,2021,421036809,2,9,0,18,19,2,7,0,0,8,0,0,0,0,4,1,6,6,2,34,6,1968,2,13,VOLKSWAGEN TOURAN,6,E01033723,0,-1
2021401019240,2021,401019240,2,9,0,18,19,2,6,0,0,0,0,0,0,0,1,1,1,1,2,30,6,1896,2,16,VOLKSWAGEN TOURAN,5,E01018138,0,-1
2021522104771,2021,522104771,2,9,0,1,1,1,5,0,0,2,0,0,0,0,2,1,6,6,3,-1,-1,1896,2,13,VOLKSWAGEN TOURAN,-1,-1,0,-1
2021451112483,2021,451112483,1,9,0,18,19,5,1,0,0,1,0,11,0,0,1,1,5,6,1,46,8,1598,2,6,VOLKSWAGEN TOURAN,8,E01030602,0,-1
2021430041470,2021,430041470,2,9,0,18,19,6,2,0,0,0,0,0,0,0,1,1,6,6,1,-1,-1,1968,2,15,VOLKSWAGEN TOURAN,-1,-1,0,-1
2021170L10991,2021,170L10991,1,9,0,18,19,2,6,0,0,8,0,9,3,10,1,1,6,6,1,54,8,1968,2,1,VOLKSWAGEN TOURAN,1,E01012089,0,-1
2021201038465,2021,201038465,2,9,0,3,3,-1,-1,0,0,0,0,0,0,0,2,1,6,6,2,42,7,1598,2,9,VOLKSWAGEN TOURAN,1,E01008909,0,-1
2021461075666,2021,461075666,1,9,0,4,4,3,7,0,0,0,0,0,0,0,4,1,6,6,1,36,7,1598,1,15,VOLKSWAGEN TOURAN,7,E01024073,0,-1
2021161093847,2021,161093847,1,9,0,18,19,7,3,0,0,8,0,0,0,0,1,1,6,6,2,42,7,1598,2,6,VOLKSWAGEN TOURAN,5,E01012758,0,-1
2021552100757,2021,552100757,2,9,0,10,10,7,3,0,0,5,0,0,0,0,2,1,6,6,2,43,7,1598,2,9,VOLKSWAGEN TOURAN,7,E01020537,0,-1
2021371088450,2021,371088450,2,9,0,18,19,6,2,0,0,0,0,0,0,0,1,1,5,6,1,50,8,1968,2,17,VOLKSWAGEN TOURAN,10,E01007934,0,-1
2021471088353,2021,471088353,1,9,0,9,9,4,2,0,0,8,0,0,0,0,1,1,5,6,1,46,8,1968,2,17,VOLKSWAGEN TOURAN,2,E01021049,0,-1
2021501066426,2021,501066426,1,9,0,2,2,0,0,0,0,0,0,0,0,0,1,1,5,6,2,41,7,1390,1,14,VOLKSWAGEN TOURAN,1,E01015048,0,-1
2021201146637,2021,201146637,1,9,0,9,9,1,7,0,0,5,0,0,0,0,1,1,6,6,1,45,7,1598,2,8,VOLKSWAGEN TOURAN,1,E01009352,0,-1
2021010327958,2021,010327958,2,9,0,3,3,1,5,0,0,1,0,0,0,0,2,1,6,6,1,27,6,1968,2,1,VOLKSWAGEN TOURAN,4,E01003743,0,-1
2021501044700,2021,501044700,1,9,0,15,15,3,7,0,0,0,0,4,7,0,1,1,5,6,1,24,5,1968,2,16,VOLKSWAGEN TOURAN,3,E01020118,0,-1
2021320721068,2021,320721068,1,9,0,18,19,8,4,0,0,0,0,0,0,0,3,1,6,6,1,46,8,1598,2,7,VOLKSWAGEN TOURAN,4,E01026697,0,-1
202134WNC5201,2021,34WNC5201,2,9,0,3,3,5,1,0,0,0,0,0,0,0,1,1,2,2,1,63,9,1968,2,15,VOLKSWAGEN TOURAN,4,E01027187,0,-1
2021010311388,2021,010311388,2,9,0,18,19,5,1,0,0,1,0,0,0,0,0,1,6,6,1,-1,-1,1968,2,17,VOLKSWAGEN TOURAN,-1,-1,0,-1
20211383B0299,2021,1383B0299,1,9,0,9,9,7,5,0,0,6,0,0,0,0,3,1,6,6,2,54,8,1598,2,6,VOLKSWAGEN TOURAN,2,E01010815,0,-1
2021471040443,2021,471040443,2,9,0,9,9,5,2,0,0,8,0,0,0,0,4,1,3,7,2,35,6,1896,2,12,VOLKSWAGEN TOURAN,6,E01031538,0,-1
2021991111956,2021,991111956,1,9,0,16,19,3,7,0,0,0,5,0,0,0,1,1,2,2,1,35,6,1968,2,14,VOLKSWAGEN TOURAN,5,-1,0,-1
2021010314231,2021,010314231,2,9,0,2,2,0,0,6,6,1,0,0,0,0,3,1,6,6,3,-1,-1,1896,2,17,VOLKSWAGEN TOURAN,-1,-1,0,-1
2021010288684,2021,010288684,2,9,0,99,99,9,9,99,99,9,9,99,9,99,9,9,6,6,2,-1,-1,1896,2,13,VOLKSWAGEN TOURAN,5,E01021001,0,-1
2021131057570,2021,131057570,1,9,0,18,19,1,5,0,0,0,0,0,0,0,1,1,5,6,1,50,8,1968,2,12,VOLKSWAGEN TOURAN,1,E01010676,0,-1
2021010328909,2021,010328909,2,9,0,99,99,9,9,99,99,9,9,99,9,99,9,9,6,6,3,-1,-1,1598,2,6,VOLKSWAGEN TOURAN,-1,-1,0,-1
2021201128982,2021,201128982,1,9,0,18,19,8,4,0,0,0,0,0,0,0,1,1,3,7,1,42,7,1896,2,12,VOLKSWAGEN TOURAN,1,E01009331,0,-1
2021010301130,2021,010301130,1,9,0,7,7,7,1,0,0,2,0,0,0,0,1,1,6,6,1,48,8,1968,2,3,VOLKSWAGEN TOURAN,3,E01003555,0,-1