collision_index,collision_year,collision_ref_no,vehicle_reference,vehicle_type,towing_and_articulation,vehicle_manoeuvre_historic,vehicle_manoeuvre,vehicle_direction_from,vehicle_direction_to,vehicle_location_restricted_lane_historic,vehicle_location_restricted_lane,junction_location,skidding_and_overturning,hit_object_in_carriageway,vehicle_leaving_carriageway,hit_object_off_carriageway,first_point_of_impact,vehicle_left_hand_drive,journey_purpose_of_driver_historic,journey_purpose_of_driver,sex_of_driver,age_of_driver,age_band_of_driver,engine_capacity_cc,propulsion_code,age_of_vehicle,generic_make_model,driver_imd_decile,lsoa_of_driver,escooter_flag,driver_distance_banding
2021461050951,2021,461050951,2,9,0,3,3,6,6,0,0,8,0,0,0,0,2,1,5,6,1,51,8,1896,2,11,VOLKSWAGEN TOURAN,6,E01024530,0,-1
2021461087765,2021,461087765,1,9,0,5,5,4,6,0,0,6,1,0,0,0,3,1,5,6,2,31,6,1498,1,0,VOLKSWAGEN TOURAN,3,E01016146,0,-1
2021131052719,2021,131052719,2,9,0,3,3,6,2,0,0,0,0,0,0,0,2,1,6,6,1,29,6,1968,2,10,VOLKSWAGEN TOURAN,1,E01010626,0,-1
2021201034724,2021,201034724,1,8,0,7,7,1,2,0,0,1,0,2,1,1,4,1,1,1,1,40,7,1598,2,5,VOLKSWAGEN TOURAN,3,E01033564,0,-1
2021010315918,2021,010315918,1,9,0,9,9,3,2,0,0,5,0,0,0,0,4,1,6,6,2,46,8,1968,2,5,VOLKSWAGEN TOURAN,2,E01001082,0,-1
2021421021292,2021,421021292,1,9,0,18,19,7,3,0,0,0,0,0,7,0,1,1,5,6,2,47,8,1968,2,16,VOLKSWAGEN TOURAN,-1,-1,0,-1
2021361017091,2021,361017091,2,9,0,18,19,8,3,0,0,0,1,0,0,0,0,1,6,6,1,32,6,1896,2,13,VOLKSWAGEN TOURAN,1,E01026833,0,-1
2021201083163,2021,201083163,3,9,0,18,19,8,4,0,0,1,0,0,0,0,2,1,6,6,2,39,7,1968,2,5,VOLKSWAGEN TOURAN,10,E01029629,0,-1
2021131050351,2021,131050351,2,9,0,18,19,1,5,0,0,0,1,0,0,0,2,1,5,6,1,46,8,1896,2,16,VOLKSWAGEN TOURAN,7,E01011633,0,-1
2021010338561,2021,010338561,1,9,0,3,3,3,7,0,0,3,0,0,0,0,1,1,2,2,1,47,8,1598,2,9,VOLKSWAGEN TOURAN,3,E01003438,0,-1
2021522101747,2021,522101747,1,8,0,3,3,5,1,0,0,1,0,0,0,0,2,1,1,1,1,50,8,1598,2,6,VOLKSWAGEN TOURAN,1,E01014658,0,-1
2021991041928,2021,991041928,1,9,0,2,2,0,0,0,0,1,0,0,0,0,3,1,6,6,1,44,7,1968,2,2,VOLKSWAGEN TOURAN,1,-1,0,-1
2021010296032,2021,010296032,1,9,0,7,7,7,2,0,0,5,0,0,0,0,0,1,6,6,3,-1,-1,1968,2,8,VOLKSWAGEN TOURAN,-1,-1,0,-1
2021101054175,2021,101054175,2,9,0,11,11,1,7,0,0,0,0,0,0,0,4,1,6,6,1,30,6,1968,2,1,VOLKSWAGEN TOURAN,1,E01008651,0,-1
2021401043525,2021,401043525,3,9,0,4,4,1,5,0,0,1,0,0,0,0,2,1,5,6,1,33,6,1968,2,7,VOLKSWAGEN TOURAN,2,E01017537,0,-1
20211383J1927,2021,1383J1927,1,9,0,18,19,2,6,0,0,1,0,0,0,0,1,1,6,6,2,35,6,1598,2,10,VOLKSWAGEN TOURAN,1,E01010824,0,-1
2021201132758,2021,201132758,2,9,0,18,19,6,2,0,0,2,0,0,0,0,1,1,6,6,1,-1,-1,1595,1,13,VOLKSWAGEN TOURAN,-1,-1,0,-1
202134WNC7401,2021,34WNC7401,4,9,0,3,3,1,5,0,0,0,0,0,0,0,2,1,6,6,2,53,8,1598,2,6,VOLKSWAGEN TOURAN,7,E01016946,0,-1
2021101026567,2021,101026567,1,9,0,18,19,5,1,0,0,0,0,0,0,0,1,1,6,6,1,49,8,1896,2,14,VOLKSWAGEN TOURAN,2,E01008512,0,-1
2021320461459,2021,320461459,3,9,0,18,19,8,4,0,0,0,0,0,0,0,1,1,6,6,1,67,10,1598,2,7,VOLKSWAGEN TOURAN,5,E01030283,0,-1
2021138130789,2021,138130789,1,9,0,18,19,8,4,0,0,0,0,0,0,0,1,1,6,6,1,54,8,1390,1,8,VOLKSWAGEN TOURAN,1,E01010622,0,-1
2021070891176,2021,070891176,2,9,0,18,19,5,1,0,0,8,0,0,0,0,1,1,2,2,1,43,7,1896,2,12,VOLKSWAGEN TOURAN,8,E01018703,0,-1
2021010320543,2021,010320543,2,9,0,99,99,9,9,99,99,9,9,99,9,99,1,9,6,6,3,47,8,1968,2,12,VOLKSWAGEN TOURAN,3,E01000312,0,-1
2021010289326,2021,010289326,2,9,0,99,99,9,9,99,99,9,9,99,9,99,1,9,6,6,1,26,6,1896,2,15,VOLKSWAGEN TOURAN,5,E01001652,0,-1
2021201145452,2021,201145452,1,9,0,18,19,8,4,0,0,8,0,0,0,0,4,1,6,6,2,38,7,1896,2,13,VOLKSWAGEN TOURAN,2,E01033641,0,-1
2021201077650,2021,201077650,1,9,0,18,19,6,2,0,0,1,0,0,0,0,2,1,6,6,1,47,8,1968,2,14,VOLKSWAGEN TOURAN,1,E01009059,0,-1
2021010319513,2021,010319513,2,9,0,99,99,9,9,99,99,9,9,99,9,99,2,9,6,6,3,-1,-1,1598,2,9,VOLKSWAGEN TOURAN,6,E01003393,0,-1
2021371096460,2021,371096460,2,9,0,3,3,1,5,0,0,0,0,0,0,0,3,1,5,6,2,45,7,1968,1,17,VOLKSWAGEN TOURAN,6,E01030056,0,-1
2021351019322,2021,351019322,2,9,0,4,4,7,3,0,0,2,0,0,1,4,2,1,6,6,2,55,8,1896,2,11,VOLKSWAGEN TOURAN,4,E01015621,0,-1
202131C200421,2021,31C200421,1,8,0,18,19,4,8,0,0,8,1,0,0,0,4,1,1,1,1,42,7,1598,2,7,VOLKSWAGEN TOURAN,-1,-1,0,-1
2021201142558,2021,201142558,3,9,0,18,19,6,2,0,0,1,0,0,0,0,0,1,1,1,1,42,7,1598,2,10,VOLKSWAGEN TOURAN,1,E01032889,0,-1
2021501043805,2021,501043805,1,9,0,17,19,4,8,0,0,0,0,0,0,0,1,1,6,6,1,49,8,1968,2,17,VOLKSWAGEN TOURAN,3,E01018982,0,-1
2021010317243,2021,010317243,2,9,0,99,99,9,9,99,99,9,9,99,9,99,9,9,6,6,1,-1,-1,1896,2,12,VOLKSWAGEN TOURAN,-1,-1,0,-1
2021430249165,2021,430249165,2,8,0,9,9,7,5,0,0,4,0,0,0,0,3,1,1,1,1,-1,-1,1598,2,8,VOLKSWAGEN TOURAN,-1,-1,0,-1
2021430405137,2021,430405137,2,8,0,18,19,5,1,0,0,8,0,0,0,0,4,1,6,6,1,30,6,1598,2,8,VOLKSWAGEN TOURAN,-1,-1,0,-1
2021451097323,2021,451097323,1,9,0,18,19,1,5,0,0,1,0,0,0,0,1,1,5,6,2,26,6,1968,2,17,VOLKSWAGEN TOURAN,10,E01022860,0,-1
2021061078702,2021,061078702,2,9,0,3,3,2,6,0,0,1,0,0,0,0,2,1,2,2,1,50,8,1595,1,14,VOLKSWAGEN TOURAN,-1,-1,0,-1
2021010351885,2021,010351885,1,9,0,3,3,1,5,0,0,0,0,0,0,0,2,1,1,1,1,46,8,1598,2,7,VOLKSWAGEN TOURAN,1,E01000521,0,-1
2021302100884,2021,302100884,1,9,0,18,19,4,2,0,0,0,0,0,0,0,1,1,6,6,1,38,7,1598,2,10,VOLKSWAGEN TOURAN,4,E01013494,0,-1
2021520104660,2021,520104660,2,9,0,18,19,2,6,0,0,1,0,0,0,0,1,1,6,6,1,57,9,1968,2,15,VOLKSWAGEN TOURAN,8,E01033078,0,-1
2021131104299,2021,131104299,2,9,0,4,4,6,2,0,0,0,0,0,0,0,2,1,6,6,1,39,7,1896,2,15,VOLKSWAGEN TOURAN,1,E01011101,0,-1
2021131086729,2021,131086729,1,9,0,-1,-1,-1,-1,-1,-1,-1,-1,-1,-1,-1,-1,1,6,6,3,-1,-1,1896,2,11,VOLKSWAGEN TOURAN,-1,-1,0,-1
2021522102169,2021,522102169,1,9,0,2,2,0,0,0,0,0,0,0,0,0,1,1,6,6,1,40,7,1395,1,3,VOLKSWAGEN TOURAN,-1,-1,0,-1
2021010305751,2021,010305751,2,9,0,7,7,1,3,0,0,6,0,0,0,0,1,1,6,6,3,-1,-1,1968,2,14,VOLKSWAGEN TOURAN,-1,-1,0,-1
2021052101570,2021,052101570,2,9,0,18,19,2,6,0,0,1,0,0,0,0,1,1,6,6,1,59,9,1598,2,6,VOLKSWAGEN TOURAN,1,E01006614,0,-1
2021361060039,2021,361060039,1,9,0,7,7,2,4,0,0,6,0,0,0,0,1,1,5,6,2,48,8,1598,1,15,VOLKSWAGEN TOURAN,5,E01026726,0,-1
2021221064570,2021,221064570,1,9,0,9,9,7,5,0,0,5,0,0,0,0,1,1,2,2,1,54,8,1896,2,15,VOLKSWAGEN TOURAN,1,E01010061,0,-1
2021421115166,2021,421115166,1,9,0,17,19,1,5,0,0,0,0,0,0,0,1,1,5,6,1,62,9,1896,2,15,VOLKSWAGEN TOURAN,3,E01021955,0,-1
2021010301049,2021,010301049,1,9,0,18,19,1,5,0,0,1,0,99,0,0,2,1,2,2,1,40,7,1968,2,14,VOLKSWAGEN TOURAN,1,E01000106,0,-1
2021201044066,2021,201044066,1,9,2,18,19,3,7,0,0,0,0,0,0,0,1,1,1,1,1,-1,-1,1968,2,14,VOLKSWAGEN TOURAN,3,E01010083,0,-1
2021041102976,2021,041102976,2,9,0,4,4,1,5,0,0,1,0,0,0,0,2,1,5,6,1,42,7,1598,2,3,VOLKSWAGEN TOURAN,-1,-1,0,-1
2021138271166,2021,138271166,2,9,0,18,19,1,5,0,0,8,0,0,0,0,3,1,6,6,2,39,7,1598,2,2,VOLKSWAGEN TOURAN,2,E01010658,0,-1
2021061036850,2021,061036850,4,9,0,2,2,0,0,0,0,8,0,0,0,0,1,1,6,6,3,-1,-1,1896,2,13,VOLKSWAGEN TOURAN,-1,-1,0,-1
2021010300253,2021,010300253,1,9,0,99,99,9,9,99,99,9,9,99,9,99,2,9,6,6,3,-1,-1,1595,1,14,VOLKSWAGEN TOURAN,-1,-1,0,-1
2021371099088,2021,371099088,1,9,0,18,19,5,7,0,0,0,0,0,0,0,4,1,5,6,1,77,11,1968,2,3,VOLKSWAGEN TOURAN,8,E01030144,0,-1
2021371034964,2021,371034964,3,9,0,18,19,1,5,0,0,0,0,0,0,0,2,1,6,6,1,46,8,1968,2,11,VOLKSWAGEN TOURAN,3,E01029998,0,-1
2021201076106,2021,201076106,2,9,0,18,19,-1,-1,0,0,0,0,0,0,0,3,1,6,6,1,47,8,1896,2,13,VOLKSWAGEN TOURAN,1,E01033650,0,-1
2021010305705,2021,010305705,3,9,0,2,2,0,0,0,0,0,0,0,0,0,2,1,6,6,3,-1,-1,1896,2,15,VOLKSWAGEN TOURAN,-1,-1,0,-1
2021131045066,2021,131045066,2,9,0,17,19,5,1,0,0,5,0,0,0,0,2,1,5,6,1,41,7,1598,2,7,VOLKSWAGEN TOURAN,1,E01010960,0,-1
2021052102275,2021,052102275,1,9,0,18,19,1,5,0,0,8,0,0,0,0,4,1,6,6,2,57,9,1598,2,10,VOLKSWAGEN TOURAN,1,E01033764,0,-1
2021201030635,2021,201030635,2,9,0,18,19,5,1,0,0,8,0,0,0,0,4,1,6,6,1,37,7,1896,2,13,VOLKSWAGEN TOURAN,1,E01009305,0,-1
2021461081407,2021,461081407,1,9,0,18,19,7,3,0,0,8,0,0,0,0,4,1,6,6,1,37,7,1896,2,12,VOLKSWAGEN TOURAN,7,E01024515,0,-1
2021131077517,2021,131077517,2,9,0,18,19,7,4,0,0,8,0,0,0,0,0,1,6,6,2,45,7,1968,2,14,VOLKSWAGEN TOURAN,5,E01011124,0,-1
2021351017096,2021,351017096,1,9,0,17,19,1,5,0,0,0,1,0,7,7,1,1,1,1,1,36,7,1896,2,11,VOLKSWAGEN TOURAN,6,E01026686,0,-1
2021061113336,2021,061113336,1,9,0,18,19,1,5,0,0,8,0,0,0,0,1,1,6,6,1,39,7,1968,2,12,VOLKSWAGEN TOURAN,1,E01005429,0,-1
2021111109428,2021,111109428,1,9,0,18,19,3,7,0,0,1,0,0,0,0,3,1,5,6,1,26,6,1968,2,15,VOLKSWAGEN TOURAN,2,E01008301,0,-1
2021501026257,2021,501026257,2,9,0,18,19,2,6,0,0,1,0,0,0,0,4,1,5,6,2,35,6,1896,2,15,VOLKSWAGEN TOURAN,3,E01015162,0,-1
2021141042332,2021,141042332,1,9,0,18,19,7,1,0,0,4,0,0,0,0,1,1,5,6,2,29,6,1598,2,5,VOLKSWAGEN TOURAN,3,E01007971,0,-1
2021141097001,2021,141097001,2,9,0,3,3,5,8,0,0,1,0,0,0,0,1,1,6,6,3,-1,-1,1968,2,10,VOLKSWAGEN TOURAN,-1,-1,0,-1
2021552101074,2021,552101074,1,8,0,18,19,6,4,0,0,8,0,10,0,0,1,1,1,1,1,50,8,1968,2,8,VOLKSWAGEN TOURAN,8,E01015394,0,-1
2021501069561,2021,501069561,1,17,4,18,19,5,1,0,0,2,0,0,0,0,2,1,1,1,1,19,4,-1,2,15,MAKE AND MODEL REDACTED,5,E01018903,0,-1
2021111021342,2021,111021342,2,17,5,18,19,6,2,0,0,0,0,0,0,0,2,1,1,1,1,53,8,4910,2,3,MAKE AND MODEL REDACTED,9,E01020664,0,-1
2021161079360,2021,161079360,1,17,0,18,19,2,6,0,0,1,0,0,0,0,3,1,1,1,1,28,6,7365,2,3,MAKE AND MODEL REDACTED,7,E01013034,0,-1
2021010316165,2021,010316165,1,3,0,99,99,9,9,99,99,0,9,99,9,99,1,1,6,6,1,47,8,124,1,2,-1,4,E01002893,0,-1
2021052101208,2021,052101208,1,5,0,17,19,4,1,0,0,0,0,0,1,7,3,1,6,6,1,20,4,689,1,1,-1,3,E01006780,0,-1
2021161071479,2021,161071479,1,5,0,16,19,6,2,0,0,0,1,0,0,0,1,1,6,6,1,21,5,750,1,5,-1,3,E01012986,0,-1
2021052101827,2021,052101827,1,5,0,18,19,8,4,0,0,8,0,0,7,11,1,1,6,6,1,18,4,750,1,11,-1,1,E01006417,0,-1
2021131098615,2021,131098615,1,3,0,18,19,2,2,0,0,0,0,0,0,0,3,1,2,2,1,26,6,750,1,7,-1,1,E01011789,0,-1
2021481082288,2021,481082288,2,3,0,18,19,3,7,0,0,8,0,0,0,0,1,1,2,2,1,71,10,125,1,13,-1,-1,-1,0,-1
2021430188286,2021,430188286,2,9,0,17,19,1,0,0,0,1,0,0,0,0,3,1,6,6,1,66,10,2993,2,5,-1,9,E01028798,0,-1
202134WNC6511,2021,34WNC6511,1,9,0,12,12,1,8,0,0,3,0,0,0,0,3,1,6,6,2,-1,-1,995,1,16,CHEVROLET MATIZ,3,E01031058,0,-1
2021351082854,2021,351082854,1,9,0,9,9,3,6,0,0,6,0,0,7,0,1,1,5,6,1,81,11,796,1,15,CHEVROLET MATIZ,-1,-1,0,-1
2021320219021,2021,320219021,1,9,0,18,19,3,7,0,0,1,0,0,0,0,4,1,3,7,2,32,6,995,1,13,CHEVROLET MATIZ,-1,-1,0,-1
2021440375687,2021,440375687,1,9,0,7,7,6,4,0,0,7,0,0,1,10,1,1,6,6,1,90,11,995,1,14,CHEVROLET MATIZ,4,E01023204,0,-1
2021361105020,2021,361105020,2,9,0,18,19,4,8,0,0,0,2,0,0,0,4,1,2,2,1,30,6,796,1,12,CHEVROLET MATIZ,6,E01026515,0,-1
2021010345646,2021,010345646,1,9,0,9,9,5,3,0,0,6,0,0,0,0,1,1,6,6,2,27,6,796,1,12,CHEVROLET MATIZ,8,E01000342,0,-1
2021010310719,2021,010310719,1,9,0,18,19,1,5,0,0,2,0,7,0,0,1,1,6,6,1,32,6,796,1,12,CHEVROLET MATIZ,-1,-1,0,-1
2021161081882,2021,161081882,2,9,0,18,19,4,8,0,0,1,0,4,0,0,1,1,5,6,2,58,9,995,1,14,CHEVROLET MATIZ,8,E01013058,0,-1
2021101050987,2021,101050987,1,9,0,18,19,5,1,0,0,0,0,0,1,0,1,1,5,6,2,78,11,796,1,15,CHEVROLET MATIZ,3,E01027395,0,-1
2021010287900,2021,010287900,1,9,0,18,19,8,4,0,0,1,0,0,0,0,1,1,6,6,1,84,11,796,1,12,CHEVROLET MATIZ,5,E01002563,0,-1
2021461038129,2021,461038129,2,9,0,3,3,2,6,0,0,1,0,0,0,0,2,1,5,6,1,62,9,796,1,14,CHEVROLET MATIZ,2,E01024699,0,-1
2021061092622,2021,061092622,1,9,0,18,19,3,7,0,0,0,0,0,0,0,4,1,6,6,1,61,9,995,1,14,CHEVROLET MATIZ,3,E01010836,0,-1
2021421078695,2021,421078695,2,9,0,18,19,3,7,0,0,8,0,0,0,0,1,1,2,2,2,24,5,995,1,14,CHEVROLET MATIZ,3,E01021649,0,-1
2021320707404,2021,320707404,1,9,0,18,19,2,6,0,0,8,0,0,0,0,1,1,6,6,2,19,4,796,1,13,CHEVROLET MATIZ,9,E01026396,0,-1
2021201137624,2021,201137624,2,9,0,8,8,4,6,0,0,1,0,0,0,0,2,1,6,6,1,40,7,995,1,13,CHEVROLET MATIZ,1,E01009056,0,-1
2021461044689,2021,461044689,2,9,0,4,4,1,5,0,0,1,0,0,0,0,3,1,2,2,2,67,10,995,1,16,CHEVROLET MATIZ,4,E01024444,0,-1
2021010302649,2021,010302649,1,9,0,99,99,9,9,99,99,9,9,99,9,99,4,9,6,6,2,22,5,995,1,14,CHEVROLET MATIZ,8,E01027193,0,-1
2021052100468,2021,052100468,2,9,0,18,19,6,2,0,0,1,0,0,0,0,1,1,6,6,2,60,9,995,1,13,CHEVROLET MATIZ,1,E01007119,0,-1
2021501065683,2021,501065683,1,9,0,18,19,1,5,0,0,0,5,0,1,0,1,1,5,6,2,25,5,995,1,16,CHEVROLET MATIZ,2,E01015234,0,-1
2021201082430,2021,201082430,1,9,0,18,19,3,7,0,0,8,0,0,0,0,1,1,6,6,1,84,11,995,1,13,CHEVROLET MATIZ,4,E01009689,0,-1
2021201057996,2021,201057996,1,9,0,18,19,5,1,0,0,0,0,0,0,0,1,1,6,6,2,48,8,995,1,14,CHEVROLET MATIZ,3,E01009834,0,-1
2021501092644,2021,501092644,1,9,0,18,19,5,1,0,0,0,0,10,1,4,3,1,5,6,1,27,6,995,1,16,CHEVROLET MATIZ,5,E01029286,0,-1
2021471074856,2021,471074856,1,9,0,18,19,5,2,0,0,0,5,0,1,0,1,1,5,6,2,27,6,995,1,15,CHEVROLET MATIZ,5,E01003018,0,-1
2021371064663,2021,371064663,3,9,0,2,2,0,0,0,0,1,0,0,0,0,1,1,6,6,3,-1,-1,796,1,14,CHEVROLET MATIZ,-1,-1,0,-1
2021461111816,2021,461111816,1,9,0,5,5,7,3,0,0,1,0,0,0,0,1,1,6,6,2,69,10,796,1,14,CHEVROLET MATIZ,4,E01016071,0,-1
2021520104348,2021,520104348,1,9,0,18,19,5,1,0,0,8,0,0,0,0,3,1,6,6,2,40,7,796,1,14,CHEVROLET MATIZ,4,E01029119,0,-1
2021122101202,2021,122101202,2,9,0,18,19,6,2,0,0,0,0,0,0,0,1,1,6,6,1,30,6,796,1,13,CHEVROLET MATIZ,6,E01029240,0,-1
2021010296705,2021,010296705,1,9,0,18,19,3,7,0,0,8,1,0,0,0,1,1,6,6,1,33,6,796,1,14,CHEVROLET MATIZ,2,E01003111,0,-1
2021010319295,2021,010319295,1,9,0,1,1,1,5,9,9,0,0,0,0,0,0,1,6,6,1,47,8,995,1,15,CHEVROLET MATIZ,6,E01001270,0,-1
2021471015623,2021,471015623,1,9,0,12,12,1,5,0,0,0,0,0,1,1,3,1,5,6,2,21,5,995,1,13,CHEVROLET MATIZ,8,E01031634,0,-1
2021401091603,2021,401091603,1,9,0,18,19,3,7,0,0,8,0,0,0,0,1,1,5,6,1,18,4,796,1,12,CHEVROLET MATIZ,2,E01017472,0,-1
2021061070715,2021,061070715,1,9,0,3,3,3,7,0,0,1,0,0,0,0,2,1,6,6,2,31,6,796,1,15,CHEVROLET MATIZ,1,E01005190,0,-1
2021061137876,2021,061137876,1,9,0,18,19,2,6,0,0,8,0,0,0,0,1,1,6,6,2,56,9,995,1,14,CHEVROLET MATIZ,4,E01006110,0,-1
202131C061521,2021,31C061521,1,9,0,18,19,7,3,0,0,1,0,0,0,0,2,1,6,6,2,48,8,995,1,15,CHEVROLET MATIZ,2,E01013854,0,-1
2021471050576,2021,471050576,1,9,0,18,19,7,3,0,0,2,0,4,1,0,1,1,5,6,2,47,8,995,1,16,CHEVROLET MATIZ,4,E01020915,0,-1
2021440316907,2021,440316907,2,9,0,18,19,3,3,0,0,0,0,0,0,0,2,1,6,6,2,30,6,995,1,16,CHEVROLET MATIZ,6,E01022941,0,-1
2021471036633,2021,471036633,1,9,0,18,19,3,7,0,0,0,0,0,0,0,1,1,6,6,1,51,8,995,1,15,CHEVROLET MATIZ,5,E01016991,0,-1
2021302102122,2021,302102122,1,9,0,18,19,6,2,0,0,0,0,10,1,3,1,1,6,6,1,28,6,995,1,16,CHEVROLET MATIZ,4,E01019455,0,-1
2021010340887,2021,010340887,1,9,0,18,19,1,5,0,0,1,0,0,0,0,4,1,2,2,1,40,7,995,1,14,CHEVROLET MATIZ,3,E01001111,0,-1
2021991103153,2021,991103153,2,9,0,18,19,4,8,0,0,1,2,0,0,0,4,1,2,2,1,34,6,995,1,13,CHEVROLET MATIZ,3,-1,0,-1
2021061099177,2021,061099177,1,9,0,18,19,3,7,0,0,0,0,0,0,0,1,1,5,6,1,36,7,796,1,16,CHEVROLET MATIZ,2,E01005661,0,-1
2021401045999,2021,401045999,1,9,0,17,19,2,6,0,0,0,1,0,0,0,2,1,6,6,2,32,6,796,1,12,CHEVROLET MATIZ,9,E01033193,0,-1
202106A079307,2021,06A079307,1,9,0,18,19,3,7,0,0,8,1,0,0,0,1,1,6,6,2,58,9,995,1,13,CHEVROLET MATIZ,3,E01005262,0,-1
2021471038597,2021,471038597,1,9,0,9,9,1,7,0,0,8,0,0,0,0,1,2,6,6,2,34,6,995,1,14,CHEVROLET MATIZ,5,E01031705,0,-1
2021138391033,2021,138391033,1,9,0,18,19,8,4,0,0,8,0,0,0,0,1,1,6,6,1,86,11,796,1,12,CHEVROLET MATIZ,6,E01011598,0,-1
2021461059482,2021,461059482,2,9,0,18,19,3,7,0,0,0,5,0,0,0,4,1,2,2,1,38,7,995,1,14,CHEVROLET MATIZ,10,E01024408,0,-1
2021440280366,2021,440280366,2,9,0,18,19,1,5,0,0,8,0,0,0,0,1,1,6,6,2,-1,-1,995,1,12,CHEVROLET MATIZ,3,E01022732,0,-1
2021440266596,2021,440266596,1,9,0,1,1,5,1,0,0,2,0,0,0,0,2,1,2,2,1,32,6,796,1,14,CHEVROLET MATIZ,4,E01017164,0,-1
2021440136276,2021,440136276,1,9,0,9,9,6,3,0,0,8,0,0,0,0,1,1,1,1,1,19,4,995,1,14,CHEVROLET MATIZ,9,E01022618,0,-1
2021351098515,2021,351098515,1,9,0,18,19,3,5,0,0,3,5,0,0,0,3,1,1,1,1,42,7,796,1,13,CHEVROLET MATIZ,1,E01015658,0,-1
2021131095240,2021,131095240,2,9,0,5,5,4,2,0,0,6,0,0,0,0,1,1,6,6,1,61,9,995,1,14,CHEVROLET MATIZ,3,E01010836,0,-1
2021461055378,2021,461055378,1,9,0,15,15,5,1,0,0,0,0,0,0,0,1,1,6,6,2,43,7,995,1,16,CHEVROLET MATIZ,3,E01024599,0,-1
2021320691210,2021,320691210,1,9,0,18,19,8,4,0,0,0,5,0,5,0,1,1,6,6,2,32,6,995,1,14,CHEVROLET MATIZ,6,E01013801,0,-1
2021622100643,2021,622100643,1,9,0,4,4,4,8,0,0,1,0,0,0,0,1,1,6,6,1,39,7,995,1,12,CHEVROLET MATIZ,9,W01000874,0,-1
2021141058805,2021,141058805,2,9,0,9,9,1,7,0,0,1,0,0,0,0,4,1,6,6,2,80,11,796,1,12,CHEVROLET MATIZ,6,E01007830,0,-1
2021430440233,2021,430440233,1,9,0,18,19,5,1,0,0,8,0,0,0,0,1,1,6,6,2,34,6,995,1,12,CHEVROLET MATIZ,10,E01016200,0,-1
2021041086102,2021,041086102,2,9,0,3,3,1,5,0,0,8,0,0,0,0,2,1,2,2,1,46,8,995,1,14,CHEVROLET MATIZ,1,E01012749,0,-1
2021421041341,2021,421041341,2,9,0,3,3,2,2,0,0,1,0,0,0,0,2,2,2,2,1,49,8,995,1,15,CHEVROLET MATIZ,5,E01021680,0,-1
2021061035739,2021,061035739,4,9,0,2,2,0,0,0,0,8,0,0,0,0,1,1,6,6,2,30,6,995,1,12,CHEVROLET MATIZ,9,E01027595,0,-1
2021122101363,2021,122101363,1,9,0,18,19,5,1,0,0,0,0,0,0,0,4,1,6,6,3,-1,-1,995,1,15,CHEVROLET MATIZ,-1,-1,0,-1
2021041121144,2021,041121144,1,9,0,18,19,3,7,0,0,0,0,0,0,0,1,1,2,2,1,30,6,995,1,12,CHEVROLET MATIZ,1,E01025110,0,-1
2021361099881,2021,361099881,1,9,0,18,19,1,7,0,0,1,5,0,7,0,3,1,5,6,1,19,4,796,1,12,CHEVROLET MATIZ,10,E01026540,0,-1
2021231125110,2021,231125110,1,9,0,18,19,8,4,0,0,8,0,0,0,0,1,1,5,6,1,55,8,796,1,13,CHEVROLET MATIZ,2,E01031010,0,-1
2021531075263,2021,531075263,1,9,0,18,19,5,1,0,0,0,0,4,0,0,4,1,5,6,2,59,9,995,1,13,CHEVROLET MATIZ,8,E01022144,0,-1
2021421040433,2021,421040433,1,9,0,9,9,7,5,0,0,5,0,0,0,0,4,1,2,2,1,55,8,796,1,14,CHEVROLET MATIZ,1,E01015824,0,-1
2021041022904,2021,041022904,1,9,0,17,19,2,6,0,0,1,0,0,0,0,1,1,5,6,1,18,4,796,1,11,CHEVROLET MATIZ,4,E01024945,0,-1
2021440093747,2021,440093747,2,9,0,18,19,7,3,0,0,0,0,0,0,0,4,1,6,6,3,-1,-1,995,1,15,CHEVROLET MATIZ,-1,-1,0,-1
2021371061690,2021,371061690,3,9,0,17,19,4,1,0,0,2,0,0,0,0,2,1,5,6,2,51,8,995,1,14,CHEVROLET MATIZ,8,E01029997,0,-1
2021501132483,2021,501132483,2,9,0,18,19,5,1,0,0,8,5,0,8,0,4,1,5,6,2,65,9,995,1,15,CHEVROLET MATIZ,6,E01020145,0,-1
2021371048233,2021,371048233,1,9,0,18,19,7,3,0,0,0,1,0,0,0,1,1,5,6,2,28,6,796,1,12,CHEVROLET MATIZ,5,E01033454,0,-1
2021471034306,2021,471034306,2,9,0,4,4,8,4,0,0,0,0,0,0,0,0,1,5,6,2,44,7,1124,1,18,CITROEN SAXO,3,E01021012,0,-1
2021041016562,2021,041016562,2,9,0,18,19,3,7,0,0,6,0,0,0,0,4,1,5,6,2,80,11,1124,1,19,CITROEN SAXO,8,E01025142,0,-1
2021141012925,2021,141012925,1,9,0,18,19,6,2,0,0,2,0,0,0,0,1,1,6,6,2,75,10,1587,1,18,CITROEN SAXO,3,E01007488,0,-1
202131D122321,2021,31D122321,1,9,0,18,19,2,6,0,0,1,0,0,0,0,1,1,6,6,2,67,10,1124,1,19,CITROEN SAXO,7,E01019681,0,-1
2021440186531,2021,440186531,1,9,0,18,19,5,1,0,0,1,0,0,0,0,1,1,6,6,1,34,6,1124,1,20,CITROEN SAXO,2,E01017331,0,-1
2021361066238,2021,361066238,1,9,0,9,9,8,5,0,0,2,0,0,0,0,3,1,5,6,2,80,11,1124,1,19,CITROEN SAXO,9,E01026513,0,-1