collision_index,collision_year,collision_ref_no,vehicle_reference,vehicle_type,towing_and_articulation,vehicle_manoeuvre_historic,vehicle_manoeuvre,vehicle_direction_from,vehicle_direction_to,vehicle_location_restricted_lane_historic,vehicle_location_restricted_lane,junction_location,skidding_and_overturning,hit_object_in_carriageway,vehicle_leaving_carriageway,hit_object_off_carriageway,first_point_of_impact,vehicle_left_hand_drive,journey_purpose_of_driver_historic,journey_purpose_of_driver,sex_of_driver,age_of_driver,age_band_of_driver,engine_capacity_cc,propulsion_code,age_of_vehicle,generic_make_model,driver_imd_decile,lsoa_of_driver,escooter_flag,driver_distance_banding
2021421047920,2021,421047920,2,9,0,18,19,1,5,0,0,0,0,0,0,0,3,1,5,6,1,43,7,1360,1,20,CITROEN SAXO,5,E01021602,0,-1
202154B231221,2021,54B231221,1,9,0,18,19,5,1,0,0,0,0,0,0,0,1,1,6,6,2,25,5,1124,1,19,CITROEN SAXO,3,E01031911,0,-1
202134WNC3311,2021,34WNC3311,1,9,0,18,19,2,6,0,0,0,0,0,0,0,1,1,6,6,2,30,6,1124,1,21,CITROEN SAXO,5,E01013970,0,-1
2021010333583,2021,010333583,1,9,0,4,4,7,3,0,0,1,0,0,0,0,1,1,6,6,1,30,6,1360,1,22,CITROEN SAXO,2,E01002505,0,-1
2021451083605,2021,451083605,3,9,0,9,9,8,4,0,0,3,0,0,0,0,2,1,1,1,1,74,10,1587,1,19,CITROEN SAXO,8,E01030794,0,-1
2021552100475,2021,552100475,1,9,0,2,2,0,0,0,0,0,0,0,0,0,3,1,6,6,1,43,7,1124,1,20,CITROEN SAXO,7,E01020526,0,-1
2021010312596,2021,010312596,4,9,0,2,2,0,0,0,0,1,0,0,0,0,3,1,6,6,3,-1,-1,1124,1,18,CITROEN SAXO,-1,-1,0,-1
2021622100609,2021,622100609,2,9,0,18,19,1,5,0,0,0,0,0,1,0,3,1,1,1,2,61,9,1124,1,18,CITROEN SAXO,3,W01001042,0,-1
2021401056082,2021,401056082,1,9,0,7,7,5,8,0,0,1,1,10,3,11,1,1,6,6,1,40,7,1124,1,19,CITROEN SAXO,9,E01017439,0,-1
2021501105365,2021,501105365,1,9,0,18,19,3,7,0,0,0,0,0,0,0,1,1,5,6,2,58,9,1124,1,23,CITROEN SAXO,6,E01020315,0,-1
2021221079534,2021,221079534,1,9,0,17,19,2,7,0,0,0,5,10,1,4,1,1,2,2,1,21,5,1124,1,21,CITROEN SAXO,6,E01022233,0,-1
2021471104435,2021,471104435,1,9,0,7,7,6,1,0,0,2,0,0,0,0,1,1,6,6,1,-1,-1,1360,1,23,CITROEN SAXO,-1,-1,0,-1
2021351047325,2021,351047325,2,9,0,3,3,8,4,0,0,0,0,0,0,0,2,1,5,6,1,36,7,1124,1,19,CITROEN SAXO,1,E01015602,0,-1
2021501119676,2021,501119676,2,9,0,13,13,5,1,0,0,0,1,0,0,0,4,1,6,6,1,18,4,1587,1,21,CITROEN SAXO,1,E01015075,0,-1
2021471108999,2021,471108999,3,9,0,4,4,6,2,0,0,2,0,0,0,0,1,1,5,6,1,38,7,1360,1,23,CITROEN SAXO,1,E01021015,0,-1
2021440199313,2021,440199313,1,9,0,18,19,6,2,0,0,0,0,0,0,0,3,1,6,6,2,23,5,1124,1,20,CITROEN SAXO,6,E01017018,0,-1
202134NNC2041,2021,34NNC2041,1,9,0,5,5,7,5,0,0,6,0,0,0,0,1,1,6,6,1,63,9,1124,1,20,CITROEN SAXO,4,E01027315,0,-1
2021440514430,2021,440514430,1,9,0,3,3,1,5,0,0,1,0,0,0,0,1,1,6,6,1,26,6,1360,1,22,CITROEN SAXO,2,E01017132,0,-1
2021991067014,2021,991067014,1,9,0,18,19,6,2,0,0,0,0,0,0,0,1,1,5,6,1,18,4,1124,1,20,CITROEN SAXO,9,-1,0,-1
2021451106625,2021,451106625,1,9,0,12,12,3,7,0,0,0,0,0,4,0,1,1,5,6,1,36,7,1124,1,20,CITROEN SAXO,10,E01030907,0,-1
202131B012521,2021,31B012521,3,9,0,3,3,6,2,0,0,1,0,0,0,0,2,1,6,6,2,72,10,1124,1,18,CITROEN SAXO,7,E01028004,0,-1
2021531054629,2021,531054629,1,9,0,14,14,5,5,0,0,1,0,0,0,0,4,1,5,6,1,32,6,1124,1,19,CITROEN SAXO,9,E01022212,0,-1
2021552100489,2021,552100489,1,9,0,18,19,5,2,0,0,0,0,10,1,4,4,1,6,6,1,18,4,1124,1,20,CITROEN SAXO,6,E01015414,0,-1
2021211127332,2021,211127332,1,9,0,16,19,6,2,0,0,1,2,0,0,0,1,1,5,6,1,47,8,1587,1,19,CITROEN SAXO,6,E01029764,0,-1
2021401059350,2021,401059350,1,9,0,9,9,5,8,0,0,0,1,10,3,11,1,1,6,6,1,40,7,1124,1,19,CITROEN SAXO,9,E01017439,0,-1
2021543426421,2021,543426421,2,20,0,18,19,1,5,0,0,1,0,0,0,0,1,1,1,1,1,36,7,-1,2,18,-1,6,E01032065,0,-1
2021161116405,2021,161116405,1,9,0,17,19,5,1,0,0,0,1,0,1,9,1,1,6,6,2,94,11,1298,1,14,DAIHATSU SIRION,5,E01013078,0,-1
2021131122411,2021,131122411,2,9,0,2,2,0,0,9,9,1,0,0,0,0,1,1,6,6,3,-1,-1,1298,1,18,DAIHATSU SIRION,-1,-1,0,-1
2021522105258,2021,522105258,1,9,0,5,5,2,8,0,0,1,0,0,0,0,0,1,6,6,2,54,8,1298,1,16,DAIHATSU SIRION,4,E01014991,0,-1
2021430352820,2021,430352820,1,9,0,9,9,7,5,0,0,8,0,0,0,0,3,1,6,6,1,75,10,1298,1,21,DAIHATSU SIRION,4,E01016717,0,-1
2021421033626,2021,421033626,1,9,0,18,19,3,7,0,0,1,0,0,0,0,1,1,6,6,1,60,9,1298,1,16,DAIHATSU SIRION,4,E01021815,0,-1
2021501034543,2021,501034543,1,9,0,4,4,6,4,0,0,0,0,0,0,0,2,1,5,6,1,30,6,1298,1,16,DAIHATSU SIRION,1,E01015048,0,-1
2021461111027,2021,461111027,4,9,0,2,2,0,0,0,0,0,0,0,0,0,3,1,5,6,1,-1,-1,1298,1,13,DAIHATSU SIRION,-1,-1,0,-1
2021401062111,2021,401062111,2,9,0,3,3,-1,-1,0,0,0,0,0,0,0,2,1,3,7,2,41,7,1298,1,14,DAIHATSU SIRION,7,E01015808,0,-1
2021471032977,2021,471032977,2,9,0,18,19,3,7,0,0,0,1,0,4,0,2,1,2,2,2,40,7,1298,1,19,DAIHATSU SIRION,7,E01031388,0,-1
2021991125316,2021,991125316,2,9,0,18,19,6,2,0,0,1,0,0,0,0,1,1,6,6,2,26,6,998,1,14,DAIHATSU SIRION,6,-1,0,-1
2021401073900,2021,401073900,2,9,0,3,3,7,3,0,0,0,0,0,0,0,1,1,2,2,1,43,7,998,1,15,DAIHATSU SIRION,4,E01017487,0,-1
2021622100821,2021,622100821,3,9,0,18,19,2,6,0,0,3,0,0,0,0,2,1,6,6,1,44,7,1298,1,17,DAIHATSU SIRION,8,W01001122,0,-1
2021010327349,2021,010327349,1,9,0,18,19,3,7,0,0,6,5,0,0,0,4,1,6,6,2,75,10,1298,1,16,DAIHATSU SIRION,8,E01023548,0,-1
2021501133774,2021,501133774,1,9,0,10,10,1,5,0,0,1,0,0,0,0,1,1,5,6,2,50,8,998,1,13,DAIHATSU SIRION,4,E01018938,0,-1
2021430126431,2021,430126431,1,9,0,18,19,6,3,0,0,1,0,0,0,0,4,1,2,2,2,19,4,1298,1,18,DAIHATSU SIRION,6,E01028757,0,-1
202131C031721,2021,31C031721,1,9,0,9,9,8,6,0,0,6,0,4,0,0,4,1,6,6,2,22,5,1298,1,14,DAIHATSU SIRION,8,E01028195,0,-1
2021201116685,2021,201116685,1,9,0,18,19,5,1,0,0,0,0,0,0,0,1,1,6,6,2,39,7,1298,1,13,DAIHATSU SIRION,2,E01010476,0,-1
2021991044543,2021,991044543,2,9,0,9,9,6,3,0,0,5,0,0,0,0,1,1,5,6,1,86,11,998,1,13,DAIHATSU SIRION,7,-1,0,-1
2021010342357,2021,010342357,2,9,0,11,11,4,8,0,0,1,0,0,0,0,1,1,6,6,1,36,7,989,1,21,DAIHATSU SIRION,10,E01006153,0,-1
2021552101218,2021,552101218,1,9,0,9,9,4,2,0,0,6,0,0,1,0,3,1,6,6,2,39,7,1298,1,19,DAIHATSU SIRION,3,E01015293,0,-1
2021552100048,2021,552100048,2,9,0,18,19,3,8,0,0,1,0,0,0,0,4,1,6,6,1,55,8,1298,1,17,DAIHATSU SIRION,5,E01020459,0,-1
2021440346193,2021,440346193,1,9,0,18,19,3,7,0,0,8,0,0,1,1,1,1,6,6,2,38,7,998,1,15,DAIHATSU SIRION,6,E01023138,0,-1
2021041023442,2021,041023442,1,9,0,18,19,1,1,0,0,0,0,0,0,0,1,1,1,1,1,35,6,1298,1,13,DAIHATSU SIRION,2,E01012642,0,-1
2021501074935,2021,501074935,2,9,0,18,19,1,7,0,0,8,0,0,1,2,1,1,5,6,2,27,6,1298,1,13,DAIHATSU SIRION,9,E01020257,0,-1
2021531121337,2021,531121337,1,9,0,18,19,4,8,0,0,0,1,0,0,0,1,1,6,6,1,75,10,998,1,13,DAIHATSU SIRION,5,E01022421,0,-1
2021010321482,2021,010321482,2,9,0,99,99,9,9,99,99,9,9,99,9,99,9,9,6,6,3,-1,-1,1298,1,12,DAIHATSU SIRION,-1,-1,0,-1
2021320645825,2021,320645825,1,9,0,5,5,5,1,0,0,0,0,0,0,0,1,1,6,6,1,46,8,989,1,17,DAIHATSU SIRION,3,E01026134,0,-1
2021311103735,2021,311103735,1,9,0,9,9,5,3,0,0,2,0,0,0,0,1,1,5,6,2,47,8,989,1,22,DAIHATSU SIRION,3,E01033398,0,-1
2021201091017,2021,201091017,1,9,0,18,19,-1,-1,0,0,0,0,4,0,0,1,1,6,6,1,48,8,1298,1,18,DAIHATSU SIRION,1,E01009115,0,-1
2021440413429,2021,440413429,1,9,0,9,9,1,2,0,0,5,0,0,0,0,1,1,6,6,1,18,4,998,1,13,DAIHATSU SIRION,7,E01022710,0,-1
2021401130526,2021,401130526,1,9,0,17,19,3,8,0,0,0,0,0,7,0,1,1,5,6,1,18,4,998,1,16,DAIHATSU SIRION,8,E01018228,0,-1
2021501031747,2021,501031747,1,9,0,18,19,5,1,0,0,3,0,10,3,11,1,1,6,6,2,63,9,1298,1,13,DAIHATSU SIRION,8,E01015125,0,-1
2021421112409,2021,421112409,3,9,0,18,19,3,7,0,0,0,0,0,0,0,0,1,6,6,2,26,6,1997,2,9,FORD GRAND C-MAX,7,E01021571,0,-1
2021052102745,2021,052102745,1,9,0,9,9,6,4,0,0,1,0,0,0,0,1,1,6,6,2,35,6,1499,2,4,FORD GRAND C-MAX,5,E01006669,0,-1
2021421119609,2021,421119609,2,9,0,18,19,1,4,0,0,3,0,0,0,0,4,1,6,6,2,30,6,1997,2,10,FORD GRAND C-MAX,10,E01033721,0,-1
2021031097894,2021,031097894,1,9,0,5,5,4,8,0,0,0,0,0,0,0,4,1,6,6,1,29,6,1560,2,7,FORD GRAND C-MAX,1,E01019263,0,-1
2021141100869,2021,141100869,2,9,0,18,19,1,5,0,0,1,0,0,0,0,4,1,5,6,1,32,6,1560,2,9,FORD GRAND C-MAX,1,E01007892,0,-1
2021461097144,2021,461097144,1,9,0,5,5,2,6,0,0,1,0,0,0,0,4,1,6,6,1,35,6,1560,2,8,FORD GRAND C-MAX,5,E01024623,0,-1
2021430139315,2021,430139315,2,9,0,18,19,4,8,0,0,1,0,0,0,0,2,1,6,6,1,43,7,1596,1,9,FORD GRAND C-MAX,5,E01016240,0,-1
2021010351470,2021,010351470,2,9,0,99,99,9,9,99,99,9,9,99,9,99,1,9,6,6,3,-1,-1,1499,2,5,FORD GRAND C-MAX,-1,-1,0,-1
2021010311598,2021,010311598,1,9,0,3,3,4,8,0,0,0,0,0,0,0,3,1,6,6,1,41,7,1596,1,10,FORD GRAND C-MAX,3,E01003585,0,-1
2021010313060,2021,010313060,2,9,0,99,99,9,9,99,99,6,9,99,9,99,1,9,6,6,3,-1,-1,1596,1,11,FORD GRAND C-MAX,8,E01000343,0,-1
2021552100479,2021,552100479,1,8,0,18,19,2,6,0,0,1,1,0,0,0,1,1,1,1,1,32,6,1499,2,4,FORD GRAND C-MAX,6,E01020442,0,-1
2021421127635,2021,421127635,1,9,0,7,7,6,6,0,0,1,0,0,0,0,1,1,5,6,1,39,7,1499,2,6,FORD GRAND C-MAX,6,E01021398,0,-1
2021440220985,2021,440220985,2,9,0,7,7,4,7,0,0,8,0,0,0,0,4,1,6,6,1,30,6,1596,1,9,FORD GRAND C-MAX,3,E01017111,0,-1
2021471130323,2021,471130323,3,9,0,2,2,0,0,0,0,0,0,0,0,0,2,1,6,6,3,-1,-1,999,1,4,FORD GRAND C-MAX,-1,-1,0,-1
2021111085106,2021,111085106,2,9,0,4,4,1,5,0,0,1,0,0,0,0,2,1,2,2,2,60,9,1596,1,9,FORD GRAND C-MAX,2,E01012318,0,-1
2021430470754,2021,430470754,1,9,0,9,9,7,5,0,0,8,0,0,0,0,1,1,6,6,2,50,8,1997,2,7,FORD GRAND C-MAX,-1,-1,0,-1
2021010332872,2021,010332872,3,9,0,2,2,0,0,6,6,1,0,0,0,0,1,1,6,6,3,-1,-1,1498,1,2,FORD GRAND C-MAX,-1,-1,0,-1
2021131087264,2021,131087264,1,9,0,9,9,3,1,0,0,0,0,0,0,0,3,1,1,1,1,42,7,1499,2,5,FORD GRAND C-MAX,8,E01011884,0,-1
2021461128079,2021,461128079,2,9,0,11,11,4,8,0,0,4,0,0,0,0,4,1,5,6,1,41,7,1560,2,9,FORD GRAND C-MAX,6,E01024568,0,-1
2021101056054,2021,101056054,1,9,0,9,9,3,7,0,0,1,0,0,0,0,1,1,2,2,2,62,9,999,1,3,FORD GRAND C-MAX,3,E01008488,0,-1
2021311026225,2021,311026225,2,9,0,7,7,2,5,0,0,1,0,0,0,0,2,1,5,6,1,33,6,1499,2,5,FORD GRAND C-MAX,4,E01028366,0,-1
2021041120293,2021,041120293,1,9,0,16,19,5,1,0,0,0,0,0,0,0,1,1,5,6,1,74,10,1499,2,3,FORD GRAND C-MAX,6,E01025608,0,-1
2021440513627,2021,440513627,1,9,0,18,19,2,6,0,0,0,0,0,2,4,0,1,6,6,1,24,5,1560,2,8,FORD GRAND C-MAX,1,E01029234,0,-1
2021361048623,2021,361048623,2,9,0,9,9,8,4,0,0,0,0,0,1,0,4,1,5,6,2,38,7,1560,2,8,FORD GRAND C-MAX,5,E01026892,0,-1
2021622100597,2021,622100597,1,9,0,5,5,4,8,0,0,4,0,0,0,0,1,1,6,6,2,29,6,1560,2,9,FORD GRAND C-MAX,4,W01001235,0,-1
2021991062232,2021,991062232,3,9,0,18,19,8,5,0,0,0,0,0,0,0,2,1,6,6,2,39,7,1499,2,5,FORD GRAND C-MAX,3,-1,0,-1
2021471033776,2021,471033776,2,9,0,2,2,0,0,0,0,0,0,4,0,0,2,1,6,6,3,-1,-1,1997,2,8,FORD GRAND C-MAX,-1,-1,0,-1
2021440281478,2021,440281478,2,9,0,4,4,3,7,0,0,2,0,0,0,0,2,1,6,6,1,44,7,1997,2,10,FORD GRAND C-MAX,-1,-1,0,-1
2021361053416,2021,361053416,1,9,0,8,8,2,4,0,0,1,0,0,0,0,3,1,5,6,1,27,6,1560,2,6,FORD GRAND C-MAX,8,E01026532,0,-1
2021010336248,2021,010336248,2,9,0,99,99,9,9,99,99,0,9,99,9,99,1,9,6,6,3,44,7,1499,2,5,FORD GRAND C-MAX,4,E01016008,0,-1
2021010329388,2021,010329388,1,9,0,18,19,1,5,0,0,0,0,0,0,0,4,1,3,7,1,40,7,1499,2,5,FORD GRAND C-MAX,2,E01000901,0,-1
2021991077906,2021,991077906,1,9,0,18,19,8,4,0,0,8,0,0,0,0,1,1,6,6,2,72,10,1560,2,6,FORD GRAND C-MAX,3,-1,0,-1
2021101097763,2021,101097763,2,9,0,18,19,8,4,0,0,0,0,0,0,0,1,1,6,6,1,38,7,1499,2,5,FORD GRAND C-MAX,8,E01008239,0,-1
2021052101906,2021,052101906,2,9,0,18,19,2,6,0,0,8,0,0,0,0,1,1,2,2,2,56,9,1499,2,3,FORD GRAND C-MAX,5,E01006930,0,-1
2021141049420,2021,141049420,1,9,0,5,5,8,4,0,0,0,1,0,1,4,1,1,1,1,2,31,6,1560,2,8,FORD GRAND C-MAX,1,E01007719,0,-1
2021421015489,2021,421015489,2,9,0,18,19,5,1,0,0,1,0,0,0,0,1,1,6,6,2,36,7,1997,2,10,FORD GRAND C-MAX,3,E01021320,0,-1
2021991030404,2021,991030404,2,9,0,2,2,0,0,0,0,0,0,0,0,0,1,1,6,6,3,-1,-1,1560,2,7,FORD GRAND C-MAX,-1,-1,0,-1
2021011029166,2021,011029166,1,9,0,18,19,7,3,0,0,7,0,0,0,0,4,1,2,2,1,57,9,1499,2,5,FORD GRAND C-MAX,9,E01030391,0,-1
2021101011331,2021,101011331,1,9,0,11,11,1,5,0,0,0,0,0,0,0,4,1,6,6,1,26,6,999,1,3,FORD GRAND C-MAX,-1,-1,0,-1
2021122101167,2021,122101167,2,9,0,4,4,7,3,0,0,0,0,0,0,0,4,1,6,6,1,29,6,1560,2,7,FORD GRAND C-MAX,1,E01012952,0,-1
2021421051979,2021,421051979,2,9,0,3,3,6,2,0,0,0,0,0,1,0,2,1,5,6,1,64,9,999,1,4,FORD GRAND C-MAX,5,E01021880,0,-1
2021440255204,2021,440255204,1,9,0,18,19,1,5,0,0,0,0,0,0,0,3,1,6,6,1,25,5,1997,2,9,FORD GRAND C-MAX,5,E01022781,0,-1
2021010303061,2021,010303061,1,9,0,18,19,1,5,0,0,4,0,0,0,0,1,2,1,1,2,35,6,1997,2,6,FORD GRAND C-MAX,2,E01001911,0,-1
2021041077779,2021,041077779,3,9,0,3,3,5,1,0,0,0,0,0,0,0,2,1,6,6,2,35,6,1560,2,6,FORD GRAND C-MAX,1,E01025112,0,-1
2021421130182,2021,421130182,1,9,0,18,19,4,8,0,0,0,0,0,0,0,1,1,6,6,1,71,10,1560,2,7,FORD GRAND C-MAX,3,E01021289,0,-1
2021201083095,2021,201083095,2,9,0,18,19,8,4,0,0,8,0,7,1,7,1,1,6,6,2,74,10,1499,2,3,FORD GRAND C-MAX,2,E01009960,0,-1
2021061134975,2021,061134975,2,9,0,18,19,1,5,0,0,0,0,0,0,0,3,1,5,6,1,39,7,1499,2,5,FORD GRAND C-MAX,2,E01004849,0,-1
2021991018219,2021,991018219,2,9,0,5,5,4,7,0,0,4,0,0,0,0,1,1,6,6,1,38,7,1499,2,4,FORD GRAND C-MAX,3,-1,0,-1
2021451093974,2021,451093974,2,9,0,9,9,2,8,0,0,8,0,0,0,0,1,1,5,6,1,52,8,1499,2,5,FORD GRAND C-MAX,10,E01030958,0,-1
2021061132988,2021,061132988,2,9,0,11,11,2,6,0,0,0,0,0,0,0,4,1,6,6,2,30,6,1997,2,6,FORD GRAND C-MAX,10,E01006124,0,-1
202134NNC0211,2021,34NNC0211,1,9,0,18,19,7,3,0,0,8,0,0,0,0,1,1,1,1,2,40,7,1499,2,6,FORD GRAND C-MAX,8,E01017461,0,-1
2021440507183,2021,440507183,1,9,0,18,19,1,5,0,0,0,0,0,0,0,4,1,1,1,3,-1,-1,1560,2,9,FORD GRAND C-MAX,-1,-1,0,-1
2021010348470,2021,010348470,2,9,0,3,3,2,6,0,0,1,0,0,0,0,2,1,2,2,1,56,9,1499,2,5,FORD GRAND C-MAX,6,E01015925,0,-1
2021430423807,2021,430423807,2,9,0,18,19,2,6,0,0,1,0,0,0,0,1,1,6,6,2,-1,-1,1499,2,5,FORD GRAND C-MAX,-1,-1,0,-1
2021010346378,2021,010346378,2,9,0,2,2,0,0,0,0,0,0,0,0,0,1,1,6,6,3,-1,-1,1560,2,10,FORD GRAND C-MAX,-1,-1,0,-1
2021351113187,2021,351113187,1,9,0,17,19,4,8,0,0,0,0,0,0,0,3,1,6,6,2,-1,-1,1997,2,6,FORD GRAND C-MAX,-1,-1,0,-1
2021131059063,2021,131059063,1,9,0,18,19,3,1,0,0,8,0,0,0,0,4,1,6,6,1,67,10,999,1,3,FORD GRAND C-MAX,5,E01011801,0,-1
2021201135592,2021,201135592,1,9,0,18,19,6,2,0,0,8,0,0,0,0,1,1,3,7,2,43,7,1997,2,4,FORD GRAND C-MAX,9,E01009914,0,-1
2021320461171,2021,320461171,1,9,0,18,19,1,5,0,0,3,0,0,0,0,1,1,6,6,1,81,11,1499,2,4,FORD GRAND C-MAX,8,E01026347,0,-1
2021421098295,2021,421098295,2,8,0,8,8,3,5,0,0,1,0,0,0,0,1,1,1,1,1,41,7,1499,2,4,FORD GRAND C-MAX,5,E01021647,0,-1
2021141100625,2021,141100625,5,9,0,18,19,1,5,0,0,0,1,0,0,0,1,1,6,6,1,42,7,1499,2,6,FORD GRAND C-MAX,1,E01007372,0,-1
2021461097847,2021,461097847,1,9,0,18,19,1,5,0,0,0,0,0,0,0,1,1,6,6,1,43,7,999,1,4,FORD GRAND C-MAX,4,E01024200,0,-1
2021131107415,2021,131107415,2,9,0,18,19,7,3,0,0,0,0,0,0,0,4,1,6,6,2,34,6,1997,2,10,FORD GRAND C-MAX,4,E01010652,0,-1
2021010309655,2021,010309655,2,9,0,99,99,9,9,99,99,9,9,99,9,99,9,9,6,6,3,45,7,999,1,2,FORD GRAND C-MAX,1,E01001554,0,-1
2021411130579,2021,411130579,1,9,0,18,19,1,5,0,0,1,0,0,0,0,1,1,5,6,1,67,10,1499,2,5,FORD GRAND C-MAX,5,E01023933,0,-1
2021211147705,2021,211147705,2,9,0,18,19,5,1,0,0,0,0,0,0,0,1,1,6,6,2,59,9,999,1,5,FORD GRAND C-MAX,7,E01005901,0,-1
2021201080777,2021,201080777,1,9,0,3,3,2,6,0,0,2,0,0,0,0,2,1,6,6,1,50,8,1997,2,8,FORD GRAND C-MAX,3,E01001298,0,-1
2021010352271,2021,010352271,1,9,0,18,19,7,3,0,0,2,0,0,0,0,1,1,6,6,1,50,8,1499,2,5,FORD GRAND C-MAX,3,E01002599,0,-1
202154C402421,2021,54C402421,1,9,0,9,9,2,8,0,0,1,0,0,0,0,1,1,6,6,1,50,8,1596,1,10,FORD GRAND C-MAX,8,E01031910,0,-1
2021010314802,2021,010314802,2,9,0,5,5,5,1,0,0,0,0,0,0,0,1,1,6,6,1,32,6,1560,2,7,FORD GRAND C-MAX,2,E01003528,0,-1
2021010287259,2021,010287259,1,9,0,18,19,5,1,0,0,5,0,0,0,0,4,1,6,6,1,23,5,1499,2,5,FORD GRAND C-MAX,8,E01003470,0,-1
2021201065560,2021,201065560,1,9,0,16,19,2,4,0,0,1,0,0,0,0,1,1,6,6,1,48,8,1560,2,10,FORD GRAND C-MAX,1,E01010076,0,-1
2021010318480,2021,010318480,1,9,9,18,19,5,1,0,0,9,0,0,0,0,1,9,6,6,3,-1,-1,1499,2,4,FORD GRAND C-MAX,-1,-1,0,-1
202106Q080015,2021,06Q080015,1,9,0,9,9,5,3,0,0,8,0,0,0,0,1,1,6,6,1,43,7,999,1,4,FORD GRAND C-MAX,6,E01005391,0,-1
2021501046269,2021,501046269,2,9,0,17,19,5,1,0,0,0,1,0,0,0,1,1,5,6,2,42,7,999,1,2,FORD GRAND C-MAX,3,E01018937,0,-1
2021221117749,2021,221117749,1,9,0,18,19,2,7,0,0,0,0,0,0,0,3,1,6,6,2,31,6,1498,1,2,FORD GRAND C-MAX,1,E01009113,0,-1
2021991036220,2021,991036220,1,9,0,5,5,7,3,0,0,1,0,0,0,0,1,1,5,6,1,78,11,1499,2,5,FORD GRAND C-MAX,10,-1,0,-1
2021440145162,2021,440145162,1,9,0,5,5,8,4,0,0,1,0,0,0,0,1,1,6,6,2,36,7,1499,2,5,FORD GRAND C-MAX,5,E01033229,0,-1
2021451064018,2021,451064018,1,9,0,18,19,8,4,0,0,0,0,0,0,0,1,1,5,6,2,33,6,1997,2,5,FORD GRAND C-MAX,10,E01030299,0,-1
2021461019442,2021,461019442,2,9,0,4,4,1,5,0,0,0,0,4,0,0,2,1,6,6,1,43,7,1560,2,7,FORD GRAND C-MAX,6,E01024250,0,-1
2021421062090,2021,421062090,1,9,0,18,19,1,6,0,0,4,0,0,0,0,1,1,6,6,2,47,8,1596,1,7,FORD GRAND C-MAX,7,E01021882,0,-1
2021991100970,2021,991100970,2,9,0,16,19,7,2,0,0,0,0,0,0,0,1,1,5,6,2,34,6,1499,2,3,FORD GRAND C-MAX,5,-1,0,-1
2021161075576,2021,161075576,2,9,0,8,8,2,6,0,0,1,0,0,0,0,1,1,5,6,2,46,8,1499,2,5,FORD GRAND C-MAX,1,E01012873,0,-1
2021170H10941,2021,170H10941,2,9,0,3,3,7,3,0,0,1,0,0,0,0,2,1,6,6,1,45,7,1997,2,7,FORD GRAND C-MAX,-1,-1,0,-1
2021221089410,2021,221089410,1,9,0,5,5,2,6,0,0,4,0,0,0,0,1,1,5,6,2,45,7,1560,2,10,FORD GRAND C-MAX,9,E01032362,0,-1
2021361048345,2021,361048345,3,9,0,3,3,4,8,0,0,0,0,0,0,0,3,1,1,1,1,54,8,1997,2,7,FORD GRAND C-MAX,6,E01018131,0,-1
2021052101488,2021,052101488,1,9,0,9,9,1,7,0,0,8,0,0,0,0,1,1,6,6,1,55,8,1499,2,4,FORD GRAND C-MAX,2,E01006723,0,-1
2021161101700,2021,161101700,1,9,0,18,19,3,7,0,0,0,5,4,0,0,1,1,6,6,2,29,6,999,1,5,FORD GRAND C-MAX,5,E01013200,0,-1
2021010346687,2021,010346687,1,9,0,99,99,9,9,99,99,9,9,99,9,99,2,9,6,6,1,21,5,1499,2,5,FORD GRAND C-MAX,1,E01009329,0,-1
2021161033108,2021,161033108,2,9,0,18,19,2,6,0,0,0,0,0,0,0,4,1,5,6,1,46,8,1499,2,5,FORD GRAND C-MAX,1,E01012806,0,-1
2021010307523,2021,010307523,3,9,0,3,3,8,4,0,0,0,0,0,0,0,1,1,6,6,2,37,7,1499,2,4,FORD GRAND C-MAX,4,E01002307,0,-1
2021991112477,2021,991112477,1,9,0,2,2,8,4,0,0,0,0,0,0,0,2,1,6,6,2,75,10,1499,2,5,FORD GRAND C-MAX,10,-1,0,-1
2021010316346,2021,010316346,2,9,0,2,2,0,0,0,0,1,0,0,0,0,2,1,6,6,3,-1,-1,1499,2,4,FORD GRAND C-MAX,-1,-1,0,-1
2021461067711,2021,461067711,2,9,0,4,4,5,1,0,0,2,0,0,0,0,2,1,5,6,2,46,8,1997,2,9,FORD GRAND C-MAX,9,E01016112,0,-1
2021111044518,2021,111044518,1,9,0,18,19,5,1,0,0,0,0,0,0,0,1,1,6,6,3,40,7,1560,2,10,FORD GRAND C-MAX,-1,-1,0,-1
2021161069642,2021,161069642,2,9,0,3,3,5,1,0,0,1,0,0,0,0,2,1,6,6,1,59,9,1560,2,6,FORD GRAND C-MAX,4,E01008174,0,-1
2021061047811,2021,061047811,2,9,0,1,1,1,5,0,0,8,0,0,0,0,2,1,6,6,1,33,6,1499,2,5,FORD GRAND C-MAX,9,E01006024,0,-1
2021010336560,2021,010336560,2,9,0,2,2,0,0,0,0,1,0,4,1,0,3,1,6,6,3,-1,-1,1499,2,4,FORD GRAND C-MAX,-1,-1,0,-1
202134WNC1831,2021,34WNC1831,2,8,0,18,19,1,5,0,0,8,0,0,0,0,3,1,1,1,1,46,8,1560,2,8,FORD GRAND C-MAX,6,E01032977,0,-1
2021440477740,2021,440477740,2,9,0,2,2,0,0,0,0,0,0,0,0,0,3,1,6,6,2,41,7,1997,2,10,FORD GRAND C-MAX,7,E01023030,0,-1