collision_index,collision_year,collision_ref_no,vehicle_reference,vehicle_type,towing_and_articulation,vehicle_manoeuvre_historic,vehicle_manoeuvre,vehicle_direction_from,vehicle_direction_to,vehicle_location_restricted_lane_historic,vehicle_location_restricted_lane,junction_location,skidding_and_overturning,hit_object_in_carriageway,vehicle_leaving_carriageway,hit_object_off_carriageway,first_point_of_impact,vehicle_left_hand_drive,journey_purpose_of_driver_historic,journey_purpose_of_driver,sex_of_driver,age_of_driver,age_band_of_driver,engine_capacity_cc,propulsion_code,age_of_vehicle,generic_make_model,driver_imd_decile,lsoa_of_driver,escooter_flag,driver_distance_banding
2021440492423,2021,440492423,1,9,0,4,4,4,8,0,0,0,0,0,0,0,2,1,2,2,1,47,8,1499,2,6,FORD GRAND C-MAX,2,E01022819,0,-1
2021070426253,2021,070426253,1,9,0,16,19,3,7,0,0,0,0,0,0,0,0,1,6,6,2,-1,-1,1596,1,10,FORD GRAND C-MAX,3,E01018451,0,-1
2021010300302,2021,010300302,2,9,0,99,99,9,9,99,99,9,9,99,9,99,9,9,6,6,2,59,9,1499,2,4,FORD GRAND C-MAX,5,E01004451,0,-1
2021061081112,2021,061081112,1,9,0,18,19,1,1,0,0,0,0,0,0,0,2,1,5,6,2,41,7,1499,2,5,FORD GRAND C-MAX,1,E01005092,0,-1
2021131124086,2021,131124086,1,9,0,17,19,3,2,9,9,0,0,10,0,0,4,1,5,6,2,50,8,1499,2,6,FORD GRAND C-MAX,2,E01011720,0,-1
2021221099664,2021,221099664,2,9,0,9,9,7,4,0,0,5,0,0,0,0,3,1,5,6,1,29,6,1997,2,5,FORD GRAND C-MAX,3,E01014139,0,-1
2021440506479,2021,440506479,1,9,0,18,19,5,1,0,0,0,0,0,0,0,1,1,6,6,2,54,8,1596,1,10,FORD GRAND C-MAX,10,E01022853,0,-1
2021501078816,2021,501078816,2,9,0,4,4,7,3,0,0,0,0,0,0,0,1,1,6,6,2,45,7,1560,2,8,FORD GRAND C-MAX,7,E01015203,0,-1
202163B024521,2021,63B024521,1,9,0,1,1,6,2,0,0,8,0,0,0,0,4,1,6,6,2,69,10,1499,2,5,FORD GRAND C-MAX,6,W01000842,0,-1
2021201132802,2021,201132802,1,9,0,9,9,4,1,0,0,5,0,0,0,0,1,1,6,6,1,42,7,1997,2,10,FORD GRAND C-MAX,7,E01009040,0,-1
2021522104865,2021,522104865,1,9,0,18,19,5,3,0,0,5,0,0,0,0,4,1,6,6,2,33,6,1596,1,9,FORD GRAND C-MAX,-1,-1,0,-1
2021010306167,2021,010306167,2,9,0,16,19,5,1,0,0,0,0,0,0,0,1,1,6,6,2,41,7,1997,2,5,FORD GRAND C-MAX,9,E01001098,0,-1
2021131043029,2021,131043029,1,9,0,17,19,5,1,0,0,8,0,0,3,0,1,1,3,7,2,35,6,1997,2,10,FORD GRAND C-MAX,2,E01011002,0,-1
2021401098002,2021,401098002,1,8,0,17,19,7,3,0,0,0,0,4,0,0,1,1,1,1,1,56,9,1560,2,8,FORD GRAND C-MAX,3,E01015730,0,-1
2021010306905,2021,010306905,1,9,0,99,99,9,9,99,99,9,9,99,9,99,2,9,6,6,1,45,7,1499,2,5,FORD GRAND C-MAX,5,E01023342,0,-1
2021461057375,2021,461057375,1,9,0,9,9,1,7,0,0,5,0,0,0,0,0,1,5,6,2,37,7,999,1,3,FORD GRAND C-MAX,4,E01016072,0,-1
2021520200430,2021,520200430,2,9,0,18,19,6,2,0,0,8,0,0,1,10,1,1,6,6,1,33,6,1989,1,18,-1,4,E01029186,0,-1
2021421019856,2021,421019856,2,9,0,18,19,7,3,0,0,0,1,0,1,0,1,1,5,6,2,21,5,2967,1,19,-1,7,E01015876,0,-1
2021010335865,2021,010335865,2,3,0,13,13,7,3,0,0,8,0,0,0,0,1,1,6,6,1,28,6,124,1,18,-1,5,E01000982,0,-1
202134NNC3311,2021,34NNC3311,2,3,0,18,19,3,7,0,0,0,0,0,0,0,1,1,6,6,1,58,9,124,1,0,-1,3,E01027058,0,-1
2021010342929,2021,010342929,1,3,0,18,19,4,8,0,0,0,1,0,0,0,3,1,1,1,1,25,5,124,1,0,-1,3,E01033100,0,-1
2021061061911,2021,061061911,1,4,0,18,19,4,8,0,0,8,0,0,0,0,1,1,2,2,1,65,9,249,1,13,-1,-1,-1,0,-1
2021451115903,2021,451115903,1,5,0,18,19,5,1,0,0,2,0,0,0,0,1,1,2,2,1,52,8,745,1,3,-1,10,E01030365,0,-1
2021061104968,2021,061104968,1,5,0,9,9,5,2,0,0,1,0,0,0,0,4,1,6,6,1,41,7,745,1,2,-1,4,E01005730,0,-1
2021010331838,2021,010331838,3,4,0,18,19,1,5,0,0,1,0,0,0,0,1,1,2,2,1,45,7,373,1,1,-1,-1,-1,0,-1
2021401112559,2021,401112559,1,4,0,18,19,1,5,0,0,0,2,0,0,0,1,1,5,6,1,54,8,373,1,3,-1,7,E01027354,0,-1
2021440494133,2021,440494133,2,4,0,18,19,3,7,0,0,8,0,0,0,0,1,1,6,6,1,41,7,373,1,2,-1,1,E01022915,0,-1
2021010347625,2021,010347625,2,4,0,14,14,1,5,0,0,0,0,0,0,0,1,1,6,6,1,33,6,373,1,6,-1,4,E01001194,0,-1
2021101067105,2021,101067105,1,4,0,13,13,5,1,0,0,2,0,0,0,0,1,1,6,6,1,28,6,373,1,6,-1,1,E01008390,0,-1
2021122100719,2021,122100719,2,3,0,18,19,5,1,0,0,8,0,0,0,0,1,1,6,6,1,25,5,373,1,3,-1,6,E01027628,0,-1
2021461131474,2021,461131474,1,4,0,14,14,7,3,0,0,0,0,0,0,0,4,1,6,6,1,26,6,373,1,2,-1,4,E01001050,0,-1
2021451054875,2021,451054875,2,4,0,18,19,3,7,0,0,2,0,0,0,0,1,1,5,6,1,21,5,373,1,2,-1,10,E01030798,0,-1
2021991039385,2021,991039385,2,4,0,7,7,6,8,0,0,1,0,0,0,0,1,1,5,6,1,50,8,373,1,1,-1,5,-1,0,-1
2021471102028,2021,471102028,1,4,0,12,12,2,6,0,0,1,2,10,0,0,3,1,5,6,1,16,4,373,1,3,-1,6,E01016935,0,-1
2021141076855,2021,141076855,1,5,0,18,19,7,3,0,0,8,0,0,0,0,1,1,6,6,1,58,9,889,1,0,-1,8,E01008130,0,-1
2021361073781,2021,361073781,2,5,0,18,19,7,3,0,0,1,0,0,0,0,1,1,6,6,1,51,8,899,1,1,-1,3,E01026799,0,-1
2021451061860,2021,451061860,1,5,0,9,9,2,6,0,0,8,1,0,0,0,3,1,5,6,1,60,9,889,1,0,-1,10,E01030958,0,-1
2021461035699,2021,461035699,1,9,0,18,19,6,2,0,0,0,2,0,0,0,1,1,5,6,3,-1,-1,1989,1,19,-1,-1,-1,0,-1
2021351093022,2021,351093022,1,3,0,11,11,2,6,0,0,0,1,10,1,0,1,1,5,6,1,21,5,124,1,3,-1,5,E01016566,0,-1
2021501090626,2021,501090626,1,3,0,16,19,1,5,0,0,2,2,0,0,0,3,1,1,1,1,49,8,124,1,1,-1,1,E01015180,0,-1
2021010308923,2021,010308923,2,3,0,18,19,7,3,0,0,1,0,0,0,0,4,1,6,6,1,53,8,124,1,2,-1,4,E01000919,0,-1
2021991072180,2021,991072180,2,3,0,17,19,1,1,0,0,8,1,10,0,0,4,1,6,6,1,29,6,124,1,2,-1,2,-1,0,-1
2021552100300,2021,552100300,2,3,0,18,19,7,3,0,0,8,0,0,0,0,1,1,1,1,1,33,6,124,1,1,-1,5,E01015275,0,-1
2021070709579,2021,070709579,1,3,0,4,4,1,5,0,0,2,2,0,0,0,4,1,2,2,1,23,5,124,1,4,-1,2,E01018539,0,-1
2021471036036,2021,471036036,2,3,0,18,19,7,3,0,0,1,0,0,0,0,1,1,6,6,1,18,4,124,1,3,-1,2,E01016944,0,-1
2021061048753,2021,061048753,2,3,0,18,19,7,3,0,0,8,0,0,0,0,1,1,6,6,1,30,6,124,1,0,-1,-1,-1,0,-1
2021070735077,2021,070735077,1,9,0,18,19,4,7,0,0,0,1,0,7,4,4,1,6,6,1,40,7,1998,1,0,-1,4,E01018672,0,-1
2021531106752,2021,531106752,1,9,0,10,10,8,5,9,9,0,0,0,0,0,1,1,5,6,2,73,10,1997,2,20,PEUGEOT 406,9,E01022308,0,-1
2021451098954,2021,451098954,1,9,0,17,19,3,7,0,0,0,0,0,0,0,1,1,1,1,1,74,10,1997,2,19,PEUGEOT 406,6,E01030524,0,-1
2021371066884,2021,371066884,2,9,0,18,19,7,3,0,0,0,0,0,5,6,4,1,2,2,1,45,7,1997,2,20,PEUGEOT 406,5,E01029941,0,-1
2021471092462,2021,471092462,1,9,0,18,19,6,2,0,0,0,0,10,1,0,4,1,6,6,2,78,11,1997,2,20,PEUGEOT 406,7,E01031508,0,-1
2021131042737,2021,131042737,1,9,0,17,19,2,6,0,0,0,0,0,7,4,4,1,5,6,1,30,6,1997,2,21,PEUGEOT 406,1,E01010965,0,-1
2021991015439,2021,991015439,1,9,0,18,19,8,4,0,0,1,0,0,0,0,1,1,6,6,1,47,8,1997,2,21,PEUGEOT 406,1,-1,0,-1
2021041126961,2021,041126961,1,9,0,18,19,7,3,0,0,1,0,0,0,0,1,1,5,6,1,80,11,1997,2,18,PEUGEOT 406,2,E01025521,0,-1
2021461103727,2021,461103727,1,9,0,7,7,1,5,9,9,1,1,10,3,0,1,1,6,6,3,-1,-1,1997,2,20,PEUGEOT 406,-1,-1,0,-1
2021061049990,2021,061049990,2,9,0,4,4,2,6,0,0,0,0,0,0,0,1,1,6,6,3,30,6,1997,2,19,PEUGEOT 406,-1,-1,0,-1
2021161042364,2021,161042364,1,9,0,7,7,3,7,0,0,8,0,0,0,0,3,2,5,6,1,63,9,2179,2,18,PEUGEOT 406,1,E01013278,0,-1
2021351111271,2021,351111271,2,9,0,18,19,1,5,0,0,0,0,0,0,0,4,1,6,6,1,46,8,1998,1,25,PEUGEOT 406,6,E01033121,0,-1
2021501109590,2021,501109590,1,9,0,18,19,6,2,0,0,1,0,0,7,0,1,1,5,6,1,87,11,1998,1,23,PEUGEOT 406,5,E01019026,0,-1
2021201134484,2021,201134484,3,9,0,18,19,8,4,0,0,3,1,0,0,0,1,1,6,6,1,58,9,1997,2,19,PEUGEOT 406,1,E01009134,0,-1
2021501049950,2021,501049950,2,9,0,18,19,7,3,0,0,1,0,0,0,0,1,1,5,6,1,29,6,1997,2,21,PEUGEOT 406,4,E01015177,0,-1
2021231058333,2021,231058333,1,9,0,18,19,3,7,0,0,2,0,0,0,0,1,1,6,6,1,33,6,1998,1,23,PEUGEOT 406,3,E01031047,0,-1
2021421059552,2021,421059552,3,9,0,3,3,7,3,0,0,0,0,0,0,0,3,1,2,2,1,42,7,1997,2,19,PEUGEOT 406,2,E01021685,0,-1
2021010317859,2021,010317859,2,9,0,99,99,9,9,99,99,9,9,99,9,99,9,9,6,6,3,-1,-1,1598,1,8,PEUGEOT RCZ,-1,-1,0,-1
2021101088053,2021,101088053,2,9,5,4,4,3,7,0,0,0,0,0,0,0,1,1,6,6,2,19,4,1997,2,7,PEUGEOT RCZ,4,E01008219,0,-1
2021411083208,2021,411083208,2,9,0,16,19,1,6,0,0,0,0,0,0,0,1,1,5,6,2,20,4,1997,2,6,PEUGEOT RCZ,8,E01023415,0,-1
2021522201267,2021,522201267,1,9,0,9,9,8,4,0,0,8,0,0,0,0,1,1,6,6,1,62,9,1598,1,11,PEUGEOT RCZ,9,E01014943,0,-1
2021111118496,2021,111118496,2,9,0,18,19,7,3,0,0,0,0,0,0,0,2,1,6,6,2,52,8,1598,1,11,PEUGEOT RCZ,4,E01012319,0,-1
2021131039338,2021,131039338,1,9,0,7,7,7,1,0,0,0,0,0,7,0,3,1,2,2,2,58,9,1598,1,8,PEUGEOT RCZ,2,E01010958,0,-1
2021440371845,2021,440371845,2,9,0,15,15,3,7,0,0,0,0,0,0,0,3,1,2,2,1,47,8,1598,1,11,PEUGEOT RCZ,3,E01022732,0,-1
2021421069469,2021,421069469,2,9,0,18,19,1,5,0,0,0,0,0,0,0,1,1,2,2,1,36,7,1997,2,7,PEUGEOT RCZ,2,E01021638,0,-1
2021531101312,2021,531101312,2,9,0,18,19,5,1,0,0,0,0,0,0,0,2,1,2,2,2,48,8,1997,2,8,PEUGEOT RCZ,8,E01022394,0,-1
2021461031297,2021,461031297,2,9,0,2,2,0,0,0,0,0,0,0,0,0,1,1,6,6,2,37,7,1997,2,8,PEUGEOT RCZ,4,E01024231,0,-1
2021471021952,2021,471021952,1,9,0,1,1,7,3,0,0,1,0,0,0,0,1,1,6,6,3,-1,-1,1598,1,11,PEUGEOT RCZ,-1,-1,0,-1
2021010299219,2021,010299219,2,9,0,99,99,9,9,99,99,9,9,99,9,99,1,9,6,6,3,-1,-1,1598,1,10,PEUGEOT RCZ,6,E01000816,0,-1
2021471103211,2021,471103211,1,9,0,9,9,1,7,0,0,8,0,0,0,0,4,1,2,2,1,50,8,1598,1,9,PEUGEOT RCZ,6,E01024847,0,-1
2021070284560,2021,070284560,2,9,0,18,19,3,7,0,0,1,0,0,0,0,3,1,6,6,2,64,9,1598,1,9,PEUGEOT RCZ,9,E01012568,0,-1
2021552100382,2021,552100382,1,9,0,18,19,8,4,0,0,0,0,0,0,0,1,1,6,6,1,47,8,1997,2,9,PEUGEOT RCZ,8,E01020475,0,-1
2021161075642,2021,161075642,2,9,0,2,2,0,0,0,0,0,0,0,0,0,3,1,6,6,3,-1,-1,1997,2,10,PEUGEOT RCZ,-1,-1,0,-1
2021471019687,2021,471019687,1,9,0,18,19,7,3,0,0,0,0,0,0,0,4,2,2,2,2,35,6,1598,1,7,PEUGEOT RCZ,2,E01031808,0,-1
2021131056143,2021,131056143,1,9,0,12,12,5,2,0,0,8,0,0,0,0,3,1,6,6,2,59,9,1598,1,7,PEUGEOT RCZ,2,E01007579,0,-1
2021201142056,2021,201142056,2,9,0,18,19,2,6,0,0,0,0,0,0,0,2,1,6,6,1,60,9,1997,2,10,PEUGEOT RCZ,3,E01010496,0,-1
2021501083640,2021,501083640,1,9,0,16,19,1,5,0,0,0,0,0,0,0,1,1,6,6,1,52,8,1598,1,8,PEUGEOT RCZ,10,E01021217,0,-1
2021161077056,2021,161077056,1,9,0,18,19,6,2,0,0,4,0,0,0,0,1,1,6,6,1,20,4,1598,1,10,PEUGEOT RCZ,7,E01029846,0,-1
2021302101308,2021,302101308,2,9,0,3,3,4,8,0,0,0,0,0,0,0,2,1,6,6,2,51,8,1598,1,11,PEUGEOT RCZ,6,E01027962,0,-1
2021351053465,2021,351053465,1,9,0,1,1,4,1,0,0,8,0,0,0,0,2,1,5,6,2,24,5,1598,1,9,PEUGEOT RCZ,3,E01018073,0,-1
2021141034811,2021,141034811,2,9,0,16,19,5,1,0,0,0,1,0,0,0,1,1,5,6,1,41,7,1598,1,10,PEUGEOT RCZ,7,E01007683,0,-1
2021101125595,2021,101125595,1,9,0,9,9,2,7,0,0,0,0,0,0,0,0,1,6,6,2,30,6,1997,2,9,PEUGEOT RCZ,-1,-1,0,-1
2021010288258,2021,010288258,1,9,0,6,6,3,3,0,0,8,0,0,0,0,2,1,6,6,2,46,8,1598,1,10,PEUGEOT RCZ,4,E01003743,0,-1
2021320506130,2021,320506130,3,9,0,3,3,4,8,0,0,0,0,0,0,0,4,1,6,6,1,62,9,1997,2,11,PEUGEOT RCZ,2,E01010470,0,-1
2021430211379,2021,430211379,2,9,0,18,19,3,7,0,0,0,0,0,0,0,1,1,6,6,1,65,9,1598,1,11,PEUGEOT RCZ,-1,-1,0,-1
2021201141150,2021,201141150,1,9,0,18,19,-1,-1,0,0,0,0,0,0,0,4,1,6,6,2,43,7,1598,1,7,PEUGEOT RCZ,6,E01009759,0,-1
2021111021248,2021,111021248,1,9,0,16,19,1,5,0,0,0,0,0,0,0,1,1,5,6,1,19,4,1997,2,8,PEUGEOT RCZ,-1,-1,0,-1
2021371106327,2021,371106327,2,9,0,2,2,0,0,0,0,0,0,0,0,0,3,1,6,6,3,-1,-1,1598,1,6,PEUGEOT RCZ,-1,-1,0,-1
2021461103030,2021,461103030,1,9,0,9,9,1,5,0,0,1,0,0,0,0,1,1,6,6,2,-1,-1,1997,2,6,PEUGEOT RCZ,6,E01024292,0,-1
2021552200009,2021,552200009,2,9,0,18,19,8,4,0,0,0,1,0,0,0,2,1,6,6,1,70,10,1598,1,8,PEUGEOT RCZ,7,E01020511,0,-1
2021361134878,2021,361134878,1,4,0,17,19,5,2,0,0,8,0,0,1,7,1,1,5,6,1,24,5,125,1,9,-1,2,E01026711,0,-1
202134NNC6161,2021,34NNC6161,1,9,0,13,13,5,1,0,0,0,0,11,2,11,1,1,6,6,1,39,7,1968,2,9,SEAT EXEO,2,E01027341,0,-1
2021221120994,2021,221120994,2,9,0,5,5,7,3,0,0,6,0,0,0,0,3,1,2,2,1,26,6,1968,2,12,SEAT EXEO,4,E01032418,0,-1
2021061035719,2021,061035719,2,9,0,8,8,3,6,0,0,1,0,0,0,0,2,1,5,6,2,26,6,1968,2,9,SEAT EXEO,8,E01005530,0,-1
2021141057279,2021,141057279,1,9,0,9,9,5,3,0,0,1,0,0,0,0,4,1,5,6,1,35,6,1968,2,9,SEAT EXEO,1,E01007848,0,-1
2021351073961,2021,351073961,1,9,0,4,4,5,1,0,0,0,0,0,0,0,0,1,5,6,1,56,9,1968,2,10,SEAT EXEO,6,E01024127,0,-1
2021501100555,2021,501100555,1,9,0,9,9,2,4,0,0,2,0,0,0,0,1,1,5,6,1,34,6,1968,2,11,SEAT EXEO,2,E01015072,0,-1
2021111044540,2021,111044540,1,9,0,18,19,5,1,0,0,8,0,0,0,0,1,1,5,6,1,33,6,1968,2,12,SEAT EXEO,4,E01032545,0,-1
2021052102336,2021,052102336,1,9,0,9,9,6,2,0,0,8,0,0,0,0,1,1,6,6,1,27,6,1968,2,11,SEAT EXEO,1,E01006515,0,-1
2021201078234,2021,201078234,1,9,0,1,1,8,3,0,0,0,0,0,0,0,2,1,5,6,1,29,6,1968,2,11,SEAT EXEO,1,E01009020,0,-1
2021061091418,2021,061091418,2,9,0,4,4,1,1,0,0,0,0,0,0,0,2,1,5,6,3,47,8,1968,2,11,SEAT EXEO,3,E01005115,0,-1
2021131106036,2021,131106036,1,9,0,4,4,5,1,0,0,0,0,0,0,0,2,1,3,7,2,55,8,1968,2,12,SEAT EXEO,3,E01010761,0,-1
2021542317621,2021,542317621,2,9,0,3,3,6,2,0,0,0,0,0,0,0,2,1,2,2,1,51,8,1968,2,11,SEAT EXEO,8,E01015550,0,-1
20211383R1886,2021,1383R1886,1,9,0,13,13,4,7,0,0,0,0,0,0,0,1,1,6,6,1,29,6,1968,2,11,SEAT EXEO,1,E01010744,0,-1
202131C147821,2021,31C147821,3,9,0,18,19,4,8,0,0,1,0,0,0,0,2,1,1,1,1,35,6,1968,2,9,SEAT EXEO,3,E01013929,0,-1
2021122100842,2021,122100842,2,9,0,4,4,4,8,0,0,0,0,0,0,0,2,1,6,6,1,43,7,1968,2,10,SEAT EXEO,6,E01011996,0,-1
202131P013721,2021,31P013721,2,9,0,12,12,1,5,0,0,0,0,0,0,0,1,1,6,6,1,53,8,1968,2,10,SEAT EXEO,2,E01020838,0,-1
2021991037930,2021,991037930,1,9,0,5,5,5,1,0,0,0,0,0,0,0,0,1,6,6,2,53,8,1968,2,9,SEAT EXEO,7,-1,0,-1
2021501060201,2021,501060201,1,9,0,8,8,1,5,0,0,1,0,0,0,0,1,1,6,6,3,-1,-1,1968,2,12,SEAT EXEO,-1,-1,0,-1
2021201147370,2021,201147370,2,9,0,18,19,-1,-1,0,0,8,0,0,0,0,3,1,6,6,1,49,8,1968,2,10,SEAT EXEO,3,E01010237,0,-1
2021520104511,2021,520104511,1,9,0,7,7,5,8,0,0,1,0,0,0,0,4,1,6,6,1,50,8,1984,1,11,SEAT EXEO,6,E01029699,0,-1
2021361117904,2021,361117904,1,9,0,18,19,3,7,0,0,1,0,0,0,0,3,1,5,6,1,34,6,1968,2,9,SEAT EXEO,3,E01026631,0,-1
2021401102584,2021,401102584,4,9,0,2,2,0,0,0,0,2,0,0,0,0,2,1,6,6,3,-1,-1,1968,2,9,SEAT EXEO,-1,-1,0,-1
2021302100330,2021,302100330,2,9,0,16,19,8,4,0,0,0,0,10,1,9,1,1,2,2,1,26,6,1968,2,9,SEAT EXEO,8,E01019616,0,-1
2021141069688,2021,141069688,2,9,0,-1,-1,-1,-1,-1,-1,0,-1,-1,-1,0,-1,1,6,6,3,-1,-1,1968,2,10,SEAT EXEO,-1,-1,0,-1
202134NNC7311,2021,34NNC7311,3,9,0,10,10,5,1,0,0,8,0,0,0,0,2,1,6,6,1,44,7,1968,2,8,SEAT EXEO,3,E01027038,0,-1
2021041025792,2021,041025792,4,9,0,2,2,0,0,0,0,1,0,0,0,0,4,1,6,6,3,-1,-1,1968,2,8,SEAT EXEO,-1,-1,0,-1
2021111038070,2021,111038070,1,9,0,9,9,5,1,0,0,2,0,0,0,0,1,1,6,6,2,28,6,1968,2,10,SEAT EXEO,-1,-1,0,-1
2021201058695,2021,201058695,2,17,0,18,19,2,6,0,0,0,0,10,1,0,1,1,1,1,1,41,7,1498,2,1,-1,10,E01029698,0,-1
2021061041555,2021,061041555,1,9,0,4,4,3,7,0,0,1,0,0,0,0,2,1,1,1,1,34,6,1797,8,1,TOYOTA PRIUS+,2,E01004812,0,-1
2021010321333,2021,010321333,1,9,0,99,99,9,9,99,99,9,9,99,9,99,2,9,1,1,1,52,8,1798,8,4,TOYOTA PRIUS+,2,E01000935,0,-1
2021010292159,2021,010292159,1,9,0,6,6,7,7,0,0,1,0,0,0,0,3,1,1,1,1,51,8,1797,8,3,TOYOTA PRIUS+,1,E01003192,0,-1
2021010319507,2021,010319507,1,9,0,4,4,1,5,0,0,0,0,11,0,0,1,1,1,1,1,33,6,1797,8,2,TOYOTA PRIUS+,7,E01003407,0,-1
2021451111327,2021,451111327,2,9,0,4,4,5,1,0,0,1,0,0,0,0,2,1,5,6,1,45,7,1798,8,8,TOYOTA PRIUS+,5,E01030981,0,-1
2021052100356,2021,052100356,1,9,0,1,1,6,2,0,0,0,0,0,0,0,2,1,6,6,1,49,8,1797,8,1,TOYOTA PRIUS+,1,E01006699,0,-1
2021061033634,2021,061033634,1,9,0,18,19,5,1,0,0,8,0,0,0,0,1,1,5,6,1,43,7,1798,8,8,TOYOTA PRIUS+,2,E01007443,0,-1
2021010313230,2021,010313230,1,8,0,3,3,8,4,0,0,0,0,0,0,0,2,1,1,1,1,48,8,1797,8,2,-1,3,E01003589,0,-1
2021451034281,2021,451034281,1,9,0,11,11,3,7,0,0,0,0,0,1,6,4,1,1,1,1,47,8,1798,8,4,TOYOTA PRIUS+,3,E01024047,0,-1
2021041050571,2021,041050571,2,9,0,18,19,7,3,0,0,0,0,0,0,0,1,1,5,6,1,69,10,1797,8,1,TOYOTA PRIUS+,2,E01012608,0,-1
2021010303396,2021,010303396,1,9,0,5,5,3,7,0,0,7,0,0,0,0,1,1,2,2,2,48,8,1798,8,8,TOYOTA PRIUS+,3,E01003113,0,-1
2021010337700,2021,010337700,2,8,0,13,13,7,3,0,0,1,9,99,0,0,4,9,6,6,1,42,7,1797,8,2,-1,5,E01000321,0,-1
2021010325405,2021,010325405,1,9,9,99,99,9,9,99,99,9,9,99,0,0,9,1,1,1,1,47,8,1798,8,6,TOYOTA PRIUS+,5,E01002302,0,-1
2021010347410,2021,010347410,1,9,0,9,9,4,1,0,0,1,1,0,7,0,3,1,6,6,1,29,6,1797,8,1,TOYOTA PRIUS+,2,E01000526,0,-1
2021010313805,2021,010313805,1,9,0,18,19,5,1,0,0,1,0,0,0,0,1,1,6,6,1,47,8,1797,8,3,TOYOTA PRIUS+,4,E01002231,0,-1
2021010304062,2021,010304062,1,9,0,5,5,3,7,0,0,8,0,0,0,0,1,1,1,1,1,55,8,1797,8,3,TOYOTA PRIUS+,3,E01001370,0,-1
2021052101923,2021,052101923,2,9,0,18,19,7,3,0,0,8,0,0,0,0,1,1,6,6,3,-1,-1,999,1,3,-1,-1,-1,0,-1
2021501050347,2021,501050347,2,9,0,18,19,7,3,0,0,1,0,0,0,0,1,1,6,6,1,66,10,999,1,4,-1,7,E01018807,0,-1
2021471080150,2021,471080150,1,2,0,18,19,3,7,0,0,8,0,0,0,0,1,1,2,2,1,20,4,49,1,15,-1,2,E01020990,0,-1
2021522101164,2021,522101164,1,2,0,18,19,1,5,4,4,1,0,0,0,0,3,1,6,6,1,32,6,49,1,15,-1,3,E01014681,0,-1
2021302101535,2021,302101535,1,2,0,18,19,8,4,0,0,0,0,0,0,0,1,1,6,6,1,21,5,49,1,17,-1,6,E01019648,0,-1
2021501061107,2021,501061107,1,2,0,17,19,7,4,0,0,1,0,0,0,0,0,1,2,2,1,16,4,49,1,16,-1,2,E01015052,0,-1
2021122101510,2021,122101510,2,2,0,17,19,5,3,0,0,8,1,0,0,0,4,1,6,6,1,45,7,49,1,19,-1,6,E01027756,0,-1
2021041018640,2021,041018640,1,5,0,18,19,1,5,0,0,0,2,0,0,0,3,1,1,1,1,27,6,598,1,21,-1,2,E01025140,0,-1
2021061048410,2021,061048410,2,5,0,18,19,2,4,0,0,8,0,0,0,0,1,1,5,6,1,30,6,598,1,23,-1,1,E01006334,0,-1
2021070278059,2021,070278059,2,4,0,14,14,3,7,0,0,1,0,0,0,11,3,1,6,6,1,65,9,598,1,22,-1,-1,-1,0,-1
2021401128520,2021,401128520,1,90,0,17,19,3,7,0,0,0,0,0,0,0,3,1,6,6,1,30,6,660,1,16,-1,4,E01001484,0,-1
2021430174701,2021,430174701,2,9,0,18,19,4,8,0,0,2,0,0,0,0,1,1,6,6,2,30,6,660,1,13,-1,-1,-1,0,-1
2021041183024,2021,041183024,1,9,0,4,4,7,3,0,0,1,1,0,0,0,1,1,5,6,1,61,9,1991,2,12,CHEVROLET CAPTIVA,1,E01024872,0,-1
2021131064861,2021,131064861,2,9,0,2,2,0,0,6,6,0,0,0,0,0,0,1,5,6,1,40,7,1991,2,12,CHEVROLET CAPTIVA,4,E01011258,0,-1
2021131075624,2021,131075624,2,9,0,3,3,1,5,0,0,1,0,0,0,0,1,1,5,6,1,53,8,2231,2,8,CHEVROLET CAPTIVA,2,E01011558,0,-1
2021010329694,2021,010329694,1,9,0,18,19,1,5,0,0,1,0,4,0,0,1,1,6,6,2,42,7,1991,2,11,CHEVROLET CAPTIVA,2,E01001980,0,-1
2021421011634,2021,421011634,1,9,0,18,19,1,5,0,0,1,1,0,7,11,3,1,1,1,2,44,7,1991,2,13,CHEVROLET CAPTIVA,3,E01021955,0,-1
2021010302933,2021,010302933,1,9,0,18,19,1,5,0,0,8,0,0,0,0,1,1,6,6,1,51,8,1991,2,12,CHEVROLET CAPTIVA,2,E01001754,0,-1
2021461033590,2021,461033590,1,9,0,10,10,2,6,0,0,1,0,0,0,0,1,1,6,6,1,-1,-1,1991,2,14,CHEVROLET CAPTIVA,8,E01023983,0,-1
2021041053598,2021,041053598,1,9,0,12,12,5,1,0,0,0,0,1,0,0,1,1,6,6,1,47,8,2231,2,9,CHEVROLET CAPTIVA,-1,-1,0,-1
2021461024626,2021,461024626,1,9,0,18,19,1,5,0,0,1,0,0,0,0,1,1,6,6,1,55,8,1991,2,11,CHEVROLET CAPTIVA,4,E01024118,0,-1
2021010307119,2021,010307119,2,9,0,99,99,9,9,0,0,0,0,0,0,0,9,1,6,6,1,38,7,1991,2,11,CHEVROLET CAPTIVA,9,E01030406,0,-1
2021991045376,2021,991045376,2,9,0,7,7,5,7,0,0,4,0,0,0,0,3,1,5,6,1,39,7,2231,2,10,CHEVROLET CAPTIVA,7,-1,0,-1
2021501028712,2021,501028712,1,9,0,18,19,7,3,0,0,1,0,0,0,0,1,1,6,6,1,34,6,1991,2,14,CHEVROLET CAPTIVA,8,E01030450,0,-1