collision_index,collision_year,collision_ref_no,vehicle_reference,vehicle_type,towing_and_articulation,vehicle_manoeuvre_historic,vehicle_manoeuvre,vehicle_direction_from,vehicle_direction_to,vehicle_location_restricted_lane_historic,vehicle_location_restricted_lane,junction_location,skidding_and_overturning,hit_object_in_carriageway,vehicle_leaving_carriageway,hit_object_off_carriageway,first_point_of_impact,vehicle_left_hand_drive,journey_purpose_of_driver_historic,journey_purpose_of_driver,sex_of_driver,age_of_driver,age_band_of_driver,engine_capacity_cc,propulsion_code,age_of_vehicle,generic_make_model,driver_imd_decile,lsoa_of_driver,escooter_flag,driver_distance_banding
2021522201015,2021,522201015,3,9,0,18,19,8,4,0,0,8,0,0,0,0,3,1,6,6,2,58,9,1991,2,13,CHEVROLET CAPTIVA,1,E01033369,0,-1
2021411111134,2021,411111134,2,9,0,4,4,1,5,0,0,0,0,0,0,0,2,1,5,6,2,42,7,1991,2,12,CHEVROLET CAPTIVA,7,E01017382,0,-1
2021421055271,2021,421055271,3,9,0,18,19,7,3,0,0,0,0,0,0,0,2,1,5,6,1,52,8,1991,2,10,CHEVROLET CAPTIVA,7,E01021504,0,-1
2021041109260,2021,041109260,1,9,0,18,19,3,7,0,0,0,0,0,0,0,0,1,6,6,1,-1,-1,1991,2,12,CHEVROLET CAPTIVA,1,E01024872,0,-1
2021461095851,2021,461095851,1,9,0,-1,-1,-1,-1,-1,-1,0,-1,-1,-1,0,1,1,6,6,2,42,7,2231,2,9,CHEVROLET CAPTIVA,4,E01016141,0,-1
2021070615656,2021,070615656,1,9,0,18,19,7,4,0,0,3,0,0,0,0,3,1,6,6,2,42,7,2231,2,9,CHEVROLET CAPTIVA,2,E01029593,0,-1
2021010348136,2021,010348136,1,9,0,18,19,3,7,0,0,1,0,0,0,0,4,1,6,6,1,59,9,2231,2,9,CHEVROLET CAPTIVA,4,E01003169,0,-1
2021440364708,2021,440364708,2,9,0,18,19,1,5,0,0,0,0,0,0,0,2,1,6,6,1,58,9,2231,2,9,CHEVROLET CAPTIVA,6,E01006166,0,-1
2021010300802,2021,010300802,1,9,0,3,3,7,3,0,0,1,0,0,0,0,4,1,6,6,2,49,8,2231,2,10,CHEVROLET CAPTIVA,4,E01000235,0,-1
2021552200038,2021,552200038,2,9,0,2,2,0,0,0,0,1,0,0,0,0,3,1,6,6,1,35,6,2231,2,8,CHEVROLET CAPTIVA,5,E01033283,0,-1
2021041053598,2021,041053598,2,9,0,12,12,5,1,0,0,0,0,0,0,0,4,1,2,2,2,44,7,2231,2,9,CHEVROLET CAPTIVA,9,E01025453,0,-1
2021061109558,2021,061109558,2,9,0,18,19,5,1,0,0,0,0,0,0,0,1,1,6,6,2,30,6,1991,2,13,CHEVROLET CAPTIVA,1,E01006847,0,-1
2021070618498,2021,070618498,2,9,0,11,11,1,5,0,0,1,0,0,0,0,1,1,6,6,1,35,6,1991,2,13,CHEVROLET CAPTIVA,9,E01028839,0,-1
202134WNC0921,2021,34WNC0921,2,9,0,3,3,5,1,0,0,0,0,0,0,0,2,1,2,2,1,35,6,2231,2,8,CHEVROLET CAPTIVA,-1,-1,0,-1
2021991036626,2021,991036626,1,9,0,18,19,2,6,0,0,0,0,0,1,0,1,1,5,6,1,44,7,1991,2,11,CHEVROLET CAPTIVA,1,-1,0,-1
2021010314311,2021,010314311,1,9,0,4,4,5,1,0,0,1,0,0,0,0,0,1,6,6,1,46,8,2231,2,8,CHEVROLET CAPTIVA,4,E01004526,0,-1
2021041065559,2021,041065559,1,2,0,15,15,3,7,0,0,1,1,0,7,0,4,1,6,6,3,16,4,50,1,15,-1,-1,-1,0,-1
2021411111640,2021,411111640,2,9,0,3,3,1,5,0,0,1,0,0,-1,0,2,1,5,6,2,49,8,999,1,1,FORD PUMA,5,E01023358,0,-1
2021421041507,2021,421041507,2,9,0,2,2,0,0,0,0,8,0,0,0,0,1,1,6,6,3,-1,-1,999,1,1,FORD PUMA,-1,-1,0,-1
2021991107404,2021,991107404,1,9,0,18,19,6,3,0,0,1,0,0,0,0,1,1,6,6,2,61,9,999,1,1,FORD PUMA,5,-1,0,-1
2021010319877,2021,010319877,1,9,0,10,10,1,7,0,0,5,0,0,0,0,1,1,6,6,1,20,4,999,1,1,FORD PUMA,4,E01002014,0,-1
2021010346624,2021,010346624,1,9,0,7,7,7,1,0,0,1,0,0,0,0,4,1,6,6,1,37,7,999,1,0,FORD PUMA,2,E01003024,0,-1
2021010341623,2021,010341623,1,9,0,9,9,3,1,0,0,6,0,0,0,0,1,1,2,2,2,28,6,999,1,0,FORD PUMA,8,E01032835,0,-1
2021991061466,2021,991061466,1,9,0,9,9,7,5,0,0,1,0,0,4,0,3,1,5,6,2,60,9,999,1,1,FORD PUMA,6,-1,0,-1
2021421119619,2021,421119619,3,9,0,2,2,0,0,0,0,0,0,0,0,0,3,1,6,6,3,-1,-1,999,1,0,FORD PUMA,-1,-1,0,-1
2021141103714,2021,141103714,2,9,0,18,19,5,1,0,0,0,0,0,0,0,1,1,2,2,1,31,6,999,1,0,FORD PUMA,1,E01007369,0,-1
2021070080489,2021,070080489,1,9,0,18,19,5,1,0,0,0,0,0,1,11,1,1,6,6,2,50,8,999,1,1,FORD PUMA,10,E01018658,0,-1
2021221039076,2021,221039076,1,9,0,13,13,8,4,0,0,0,0,0,0,0,4,1,2,2,2,54,8,999,1,1,FORD PUMA,2,E01032481,0,-1
2021991045700,2021,991045700,1,9,0,13,13,4,8,0,0,0,0,0,0,0,1,1,6,6,2,64,9,999,1,0,FORD PUMA,7,-1,0,-1
2021161019333,2021,161019333,2,9,0,18,19,3,7,0,0,8,0,0,0,0,4,1,6,6,1,64,9,999,1,0,FORD PUMA,2,E01013237,0,-1
2021451078901,2021,451078901,1,9,0,18,19,1,3,0,0,1,0,0,0,0,0,1,5,6,2,22,5,999,1,0,FORD PUMA,6,E01030455,0,-1
2021010340103,2021,010340103,2,9,0,99,99,9,9,99,99,9,9,99,9,99,1,9,6,6,3,-1,-1,999,1,0,FORD PUMA,-1,-1,0,-1
2021430361438,2021,430361438,1,9,0,7,7,8,2,0,0,8,0,0,0,0,3,1,6,6,1,20,4,999,1,0,FORD PUMA,7,E01016752,0,-1
2021010327815,2021,010327815,1,9,0,18,19,5,1,0,0,0,1,0,0,0,3,1,6,6,1,34,6,999,1,0,FORD PUMA,-1,-1,0,-1
2021010340765,2021,010340765,1,9,0,4,4,5,1,0,0,0,0,0,0,0,2,1,6,6,1,23,5,999,1,0,FORD PUMA,1,E01004247,0,-1
2021031120431,2021,031120431,2,9,0,4,4,6,2,0,0,0,0,0,0,0,2,1,2,2,1,26,6,999,1,1,FORD PUMA,2,E01019175,0,-1
2021052102765,2021,052102765,1,9,0,9,9,5,3,0,0,6,0,0,0,0,1,1,6,6,1,48,8,999,1,0,FORD PUMA,7,E01012401,0,-1
2021052100830,2021,052100830,2,9,0,18,19,5,1,0,0,8,0,0,0,0,4,1,2,2,1,36,7,999,1,1,FORD PUMA,5,E01033766,0,-1
2021610064121,2021,610064121,1,9,0,18,19,7,3,0,0,0,5,4,1,0,1,1,2,2,1,23,5,999,1,0,FORD PUMA,1,W01001381,0,-1
2021031062523,2021,031062523,2,9,0,15,15,4,8,0,0,1,2,0,1,0,4,1,5,6,1,58,9,999,1,1,FORD PUMA,3,-1,0,-1
2021351020331,2021,351020331,1,9,0,13,13,2,6,0,0,1,0,0,0,0,1,1,5,6,1,65,9,999,1,1,FORD PUMA,9,E01018199,0,-1
2021440248945,2021,440248945,2,9,0,18,19,5,1,0,0,0,0,0,0,0,1,1,6,6,1,-1,-1,999,1,0,FORD PUMA,6,E01023121,0,-1
2021052200107,2021,052200107,1,9,0,18,19,2,6,0,0,0,0,0,0,0,1,1,1,1,1,26,6,999,1,0,FORD PUMA,2,E01032506,0,-1
2021522101796,2021,522101796,1,9,0,4,4,5,1,0,0,0,0,0,0,0,3,1,6,6,1,40,7,999,1,1,FORD PUMA,1,E01032518,0,-1
2021010340754,2021,010340754,1,9,0,18,19,3,7,0,0,0,5,4,0,0,4,1,6,6,1,23,5,999,1,1,FORD PUMA,5,E01003703,0,-1
2021440364866,2021,440364866,3,9,0,18,19,3,7,0,0,7,0,0,0,0,1,1,6,6,2,39,7,999,1,1,FORD PUMA,8,E01032841,0,-1
2021361055704,2021,361055704,1,9,0,18,19,6,2,0,0,0,0,0,0,0,3,1,5,6,1,43,7,999,1,0,FORD PUMA,6,E01026516,0,-1
2021070410955,2021,070410955,1,9,0,18,19,5,1,0,0,8,0,0,3,10,1,1,6,6,2,57,9,999,1,0,FORD PUMA,7,E01014303,0,-1
2021221039476,2021,221039476,1,9,0,17,19,1,6,0,0,0,1,0,7,10,1,1,5,6,2,34,6,1496,1,0,FORD PUMA,10,E01032227,0,-1
2021201061191,2021,201061191,1,9,0,9,9,6,4,0,0,5,0,0,0,0,4,1,6,6,1,28,6,999,1,1,FORD PUMA,1,E01010076,0,-1
2021991095252,2021,991095252,1,9,0,17,19,6,2,0,0,0,0,0,0,0,1,1,5,6,2,43,7,999,1,0,FORD PUMA,-1,-1,0,-1
2021010318331,2021,010318331,1,9,0,14,14,3,7,0,0,2,1,0,0,0,1,1,6,6,1,35,6,999,1,1,FORD PUMA,2,E01004615,0,-1
2021461060019,2021,461060019,1,9,0,18,19,1,5,0,0,1,0,0,0,0,1,1,5,6,1,71,10,999,1,1,FORD PUMA,10,E01024781,0,-1
2021010308481,2021,010308481,2,9,0,18,19,4,8,0,0,0,0,0,0,0,2,1,6,6,2,43,7,999,1,1,FORD PUMA,2,E01003197,0,-1
2021471107956,2021,471107956,1,9,0,18,19,5,1,0,0,8,0,0,1,11,1,1,5,6,1,72,10,999,1,0,FORD PUMA,10,E01021939,0,-1
2021421076016,2021,421076016,2,9,0,9,9,6,8,0,0,1,0,0,0,0,3,1,6,6,2,56,9,999,1,0,FORD PUMA,4,E01021274,0,-1
2021201137582,2021,201137582,2,9,0,18,19,2,6,0,0,8,0,0,0,0,2,1,6,6,2,34,6,999,1,1,FORD PUMA,9,E01009830,0,-1
2021041106855,2021,041106855,1,9,0,18,19,1,5,0,0,0,0,0,1,0,1,1,5,6,1,27,6,999,1,0,FORD PUMA,8,E01007379,0,-1
2021991090278,2021,991090278,1,9,0,18,19,3,7,0,0,1,5,4,0,0,1,1,6,6,1,51,8,999,1,1,FORD PUMA,1,-1,0,-1
2021520106271,2021,520106271,1,9,0,18,19,6,2,0,0,0,0,0,0,0,2,1,6,6,2,47,8,999,1,0,FORD PUMA,7,E01029317,0,-1
2021501131838,2021,501131838,2,9,0,18,19,4,8,0,0,0,0,0,0,0,2,1,2,2,1,31,6,999,1,1,FORD PUMA,6,E01019030,0,-1
2021010343805,2021,010343805,1,9,0,99,99,9,9,99,99,0,9,99,9,99,2,9,6,6,2,29,6,999,1,0,FORD PUMA,3,E01003101,0,-1
2021010309855,2021,010309855,2,9,0,99,99,9,9,99,99,9,9,99,9,99,1,9,6,6,3,31,6,999,1,1,FORD PUMA,2,E01009512,0,-1
2021201142523,2021,201142523,1,9,0,7,7,4,6,0,0,5,1,0,0,0,1,1,6,6,1,34,6,999,1,1,FORD PUMA,2,E01010021,0,-1
2021221056235,2021,221056235,1,9,0,9,9,1,8,0,0,5,0,0,0,0,1,1,5,6,2,62,9,999,1,0,FORD PUMA,5,E01032411,0,-1
2021061097171,2021,061097171,2,9,0,4,4,5,1,0,0,0,0,0,0,0,1,1,5,6,2,30,6,999,1,0,FORD PUMA,-1,-1,0,-1
2021421080085,2021,421080085,2,9,0,9,9,2,6,0,0,1,0,0,1,0,3,1,5,6,1,30,6,1496,1,0,FORD PUMA,-1,-1,0,-1
2021421039741,2021,421039741,2,9,0,3,3,6,2,0,0,0,0,0,0,0,2,1,2,2,2,29,6,999,1,1,FORD PUMA,8,E01021257,0,-1
2021421021444,2021,421021444,4,9,0,18,19,6,2,0,0,0,0,0,0,0,2,1,1,1,1,31,6,999,1,1,FORD PUMA,8,E01021382,0,-1
2021221046334,2021,221046334,1,9,0,4,4,3,7,0,0,1,0,0,0,0,1,1,2,2,2,21,5,999,1,1,FORD PUMA,2,E01032260,0,-1
2021010313371,2021,010313371,1,9,0,18,19,3,7,0,0,2,0,0,7,2,3,1,6,6,2,23,5,999,1,1,FORD PUMA,1,E01003486,0,-1
2021052100349,2021,052100349,1,9,0,18,19,5,1,0,0,2,1,0,0,0,1,1,6,6,1,58,9,999,1,1,FORD PUMA,2,E01032511,0,-1
2021201149666,2021,201149666,1,9,0,17,19,8,5,0,0,0,0,10,1,4,1,1,6,6,1,35,6,1496,1,0,FORD PUMA,4,E01009229,0,-1
2021421104618,2021,421104618,1,9,0,18,19,5,1,0,0,0,0,0,0,0,1,1,6,6,2,24,5,999,1,1,FORD PUMA,-1,-1,0,-1
2021010342679,2021,010342679,1,8,0,99,99,9,9,99,99,9,9,99,9,99,1,9,6,6,1,30,6,999,1,0,FORD PUMA,1,E01033603,0,-1
2021061127488,2021,061127488,1,9,0,16,19,3,6,0,0,0,0,0,0,0,3,1,6,6,2,45,7,999,1,1,FORD PUMA,6,E01005830,0,-1
2021622100860,2021,622100860,1,9,0,3,3,2,5,0,0,6,0,0,0,0,2,1,6,6,1,61,9,999,1,1,FORD PUMA,2,W01001069,0,-1
2021440441825,2021,440441825,1,9,0,5,5,8,4,0,0,0,0,0,0,0,3,1,6,6,1,75,10,1388,1,22,FORD PUMA,6,E01022814,0,-1
2021201066776,2021,201066776,2,9,0,18,19,1,5,0,0,8,0,0,0,0,4,1,6,6,2,28,6,999,1,1,FORD PUMA,7,E01009424,0,-1
2021041090799,2021,041090799,2,9,0,2,2,0,0,0,0,0,0,0,0,0,3,1,6,6,3,-1,-1,999,1,1,FORD PUMA,-1,-1,0,-1
2021991118447,2021,991118447,1,9,0,18,19,2,6,0,0,1,0,0,1,10,3,1,5,6,1,76,11,999,1,0,FORD PUMA,2,-1,0,-1
2021170M11821,2021,170M11821,1,9,0,6,6,4,4,0,0,0,0,0,0,0,3,1,6,6,1,37,7,999,1,1,FORD PUMA,3,E01012117,0,-1
2021421057360,2021,421057360,1,9,0,16,19,7,3,0,0,1,1,0,0,0,1,1,2,2,1,19,4,1679,1,20,FORD PUMA,8,E01021735,0,-1
2021201049493,2021,201049493,1,9,0,18,19,7,3,0,0,1,0,0,0,0,1,1,6,6,2,51,8,999,1,1,FORD PUMA,9,E01010328,0,-1
2021545219821,2021,545219821,1,9,0,18,19,8,4,0,0,0,0,0,0,0,1,1,6,6,1,70,10,999,1,1,FORD PUMA,7,E01031887,0,-1
2021361064829,2021,361064829,1,9,0,18,19,3,7,0,0,0,0,0,7,0,1,1,5,6,1,69,10,999,1,0,FORD PUMA,8,E01026480,0,-1
2021031064335,2021,031064335,1,9,0,18,19,7,3,0,0,0,0,10,0,0,1,1,6,6,2,81,11,999,1,0,FORD PUMA,5,E01019371,0,-1
2021302101540,2021,302101540,2,9,0,16,19,6,2,0,0,0,0,0,0,0,1,1,2,2,2,31,6,999,1,0,FORD PUMA,3,E01019775,0,-1
2021440198381,2021,440198381,2,9,0,18,19,1,5,0,0,0,0,0,0,0,4,1,6,6,1,59,9,999,1,1,FORD PUMA,5,E01016212,0,-1
2021471044413,2021,471044413,1,9,0,9,9,1,6,0,0,1,0,0,0,0,3,1,3,7,2,36,7,999,1,1,FORD PUMA,10,E01031695,0,-1
2021010332884,2021,010332884,1,9,0,18,19,1,5,0,0,8,0,0,0,0,4,1,6,6,3,-1,-1,999,1,0,FORD PUMA,2,E01000087,0,-1
2021070727141,2021,070727141,3,9,0,8,8,4,6,0,0,2,0,0,0,0,1,1,3,7,2,55,8,999,1,1,FORD PUMA,10,W01000417,0,-1
2021421097710,2021,421097710,2,9,0,3,3,1,4,0,0,0,0,0,0,0,2,1,5,6,2,41,7,999,1,1,FORD PUMA,2,E01000030,0,-1
2021461111473,2021,461111473,3,9,0,18,19,2,6,0,0,1,0,0,0,0,1,1,5,6,1,53,8,999,1,1,FORD PUMA,9,E01033214,0,-1
2021320312591,2021,320312591,1,9,0,18,19,3,7,0,0,0,0,0,0,0,4,1,6,6,2,56,9,999,1,1,FORD PUMA,3,E01026113,0,-1
2021161089722,2021,161089722,1,9,0,18,19,5,1,0,0,0,0,0,1,0,1,1,6,6,1,38,7,999,1,0,FORD PUMA,1,E01012928,0,-1
2021070558783,2021,070558783,2,9,0,18,19,4,8,0,0,1,0,0,0,0,1,2,2,2,2,25,5,999,1,0,FORD PUMA,1,E01018524,0,-1
2021111089964,2021,111089964,1,9,0,18,19,5,3,0,0,0,0,0,0,0,3,1,1,1,2,51,8,999,1,0,FORD PUMA,9,E01020635,0,-1
2021221036910,2021,221036910,2,9,0,18,19,2,6,0,0,2,0,0,0,0,1,1,5,6,2,25,5,999,1,1,FORD PUMA,5,E01032475,0,-1
2021302101453,2021,302101453,1,9,0,4,4,4,8,0,0,1,0,0,0,0,3,1,1,1,2,38,7,999,1,0,FORD PUMA,5,E01032586,0,-1
2021052101407,2021,052101407,2,9,0,3,3,4,7,0,0,1,0,0,0,0,2,1,6,6,2,50,8,999,1,0,FORD PUMA,1,E01006632,0,-1
2021421060823,2021,421060823,1,9,0,18,19,5,1,0,0,0,0,0,0,0,4,1,6,6,2,22,5,999,1,1,FORD PUMA,6,E01015968,0,-1
2021010317730,2021,010317730,3,9,0,18,19,3,7,0,0,0,0,0,0,0,2,1,6,6,1,50,8,999,1,1,FORD PUMA,10,E01016200,0,-1
2021101093060,2021,101093060,1,9,0,18,19,3,7,0,0,0,0,0,0,0,1,1,6,6,1,40,7,999,1,1,FORD PUMA,9,E01027437,0,-1
2021052101254,2021,052101254,2,9,0,4,4,8,4,0,0,1,0,0,0,0,2,1,6,6,2,49,8,999,1,1,FORD PUMA,2,E01007054,0,-1
2021052102606,2021,052102606,2,9,0,7,7,6,8,0,0,1,0,0,0,0,3,1,6,6,2,38,7,999,1,1,FORD PUMA,1,E01006574,0,-1
2021141012761,2021,141012761,1,9,0,18,19,1,5,0,0,1,0,0,0,0,1,1,5,6,1,33,6,999,1,1,FORD PUMA,2,E01007694,0,-1
2021010343390,2021,010343390,3,9,0,99,99,9,9,99,99,9,9,99,9,99,2,9,6,6,3,-1,-1,999,1,0,FORD PUMA,-1,-1,0,-1
2021010309911,2021,010309911,3,9,0,18,19,1,5,0,0,0,5,4,0,0,1,1,6,6,2,43,7,999,1,0,FORD PUMA,9,E01003860,0,-1
2021501016655,2021,501016655,1,9,0,16,19,5,7,0,0,0,5,0,7,0,1,1,6,6,1,27,6,1679,1,21,FORD PUMA,6,E01019987,0,-1
2021010297900,2021,010297900,2,9,0,99,99,9,9,99,99,9,9,99,9,99,1,9,6,6,3,-1,-1,999,1,0,FORD PUMA,-1,-1,0,-1
2021010306080,2021,010306080,2,9,0,18,19,6,2,0,0,8,5,0,0,0,4,1,6,6,2,35,6,999,1,0,FORD PUMA,3,E01000020,0,-1
2021010299609,2021,010299609,2,9,0,9,9,2,7,0,0,1,0,7,0,0,2,1,6,6,1,66,10,999,1,0,FORD PUMA,4,E01001404,0,-1
2021010342116,2021,010342116,1,9,0,1,1,1,5,0,0,1,0,0,0,0,2,1,6,6,1,57,9,999,1,0,FORD PUMA,-1,-1,0,-1
2021041018563,2021,041018563,1,9,0,18,19,5,1,0,0,1,1,0,0,0,1,1,5,6,1,35,6,999,1,1,FORD PUMA,7,E01025029,0,-1
2021201029446,2021,201029446,1,9,0,9,9,-1,-1,0,0,1,1,0,0,0,-1,1,6,6,3,-1,-1,999,1,1,FORD PUMA,-1,-1,0,-1
2021052102642,2021,052102642,2,9,0,18,19,7,3,0,0,8,1,0,0,0,1,1,6,6,2,29,6,999,1,0,FORD PUMA,5,E01006491,0,-1
2021522200056,2021,522200056,1,9,0,5,5,3,7,0,0,8,0,0,0,0,1,1,6,6,1,57,9,999,1,0,FORD PUMA,-1,-1,0,-1
2021552101155,2021,552101155,2,9,0,18,19,8,4,0,0,8,0,0,0,0,4,1,6,6,2,31,6,999,1,0,FORD PUMA,5,E01015421,0,-1
2021010340847,2021,010340847,1,9,0,6,6,5,5,0,0,1,0,0,0,0,1,1,3,7,1,49,8,999,1,0,FORD PUMA,4,E01001009,0,-1
2021302101364,2021,302101364,1,9,0,9,9,6,4,0,0,8,0,0,0,0,3,1,6,6,2,43,7,999,1,1,FORD PUMA,2,E01013585,0,-1
2021421110735,2021,421110735,1,9,0,18,19,7,3,0,0,0,0,0,0,0,4,1,2,2,1,36,7,999,1,0,FORD PUMA,7,E01028479,0,-1
2021010330577,2021,010330577,2,9,0,10,10,2,1,0,0,6,0,0,0,0,1,1,6,6,2,29,6,999,1,1,FORD PUMA,4,E01001222,0,-1
2021622100366,2021,622100366,1,9,0,4,4,8,4,0,0,0,1,0,0,0,2,1,6,6,2,47,8,999,1,1,FORD PUMA,1,W01001267,0,-1
20211382S0803,2021,1382S0803,1,9,0,18,19,5,1,0,0,0,0,0,0,0,2,1,6,6,1,65,9,999,1,1,FORD PUMA,1,E01010807,0,-1
2021010318880,2021,010318880,2,9,9,99,99,9,9,99,99,9,9,99,9,99,9,9,6,6,3,34,6,999,1,0,FORD PUMA,3,E01033709,0,-1
2021421106078,2021,421106078,1,9,0,18,19,5,1,0,0,8,0,0,0,0,4,1,1,1,2,51,8,999,1,0,FORD PUMA,7,E01021657,0,-1
2021010307815,2021,010307815,2,9,0,99,99,9,9,99,99,0,9,99,9,99,9,9,6,6,1,69,10,999,1,0,FORD PUMA,7,E01000573,0,-1
2021540658221,2021,540658221,1,9,0,18,19,8,4,0,0,1,0,0,0,0,1,1,2,2,1,53,8,1674,1,21,FORD PUMA,9,E01031953,0,-1
2021421116058,2021,421116058,2,9,0,18,19,3,7,0,0,1,0,0,1,1,3,1,6,6,2,23,5,999,1,0,FORD PUMA,7,E01015876,0,-1
2021052102602,2021,052102602,1,9,0,9,9,7,5,0,0,8,0,0,0,0,1,1,6,6,2,38,7,999,1,0,FORD PUMA,8,E01007100,0,-1
2021111067546,2021,111067546,5,9,0,3,3,5,1,0,0,0,0,0,0,0,2,1,6,6,2,31,6,999,1,1,FORD PUMA,1,E01008166,0,-1
2021010291478,2021,010291478,1,9,0,4,4,5,1,0,0,1,0,0,0,0,2,2,6,6,2,24,5,999,1,1,FORD PUMA,-1,-1,0,-1
2021461066777,2021,461066777,2,9,0,2,2,0,0,0,0,0,0,0,0,0,3,1,6,6,3,-1,-1,999,1,1,FORD PUMA,-1,-1,0,-1
2021320204637,2021,320204637,4,9,0,18,19,7,3,0,0,1,0,0,0,0,0,1,6,6,1,74,10,999,1,0,FORD PUMA,6,E01026408,0,-1
2021622100738,2021,622100738,1,9,0,18,19,8,4,0,0,1,0,0,0,0,1,1,6,6,2,65,9,999,1,0,FORD PUMA,8,W01001012,0,-1
2021501108717,2021,501108717,1,9,0,7,7,7,3,0,0,0,0,0,0,0,4,1,5,6,1,52,8,999,1,0,FORD PUMA,4,E01015169,0,-1
2021440493972,2021,440493972,2,9,0,18,19,1,0,0,0,3,0,0,0,0,4,1,2,2,2,47,8,999,1,1,FORD PUMA,8,E01022780,0,-1
2021010320556,2021,010320556,1,9,0,18,19,7,3,7,6,1,0,4,0,0,1,1,6,6,1,70,10,999,1,0,FORD PUMA,-1,-1,0,-1
2021070210398,2021,070210398,2,4,0,6,6,1,5,0,0,1,0,0,0,0,1,1,6,6,1,63,9,1690,1,4,-1,2,E01006845,0,-1
2021421031830,2021,421031830,2,5,0,18,19,5,1,0,0,0,1,0,0,0,3,1,5,6,1,32,6,1690,1,4,-1,4,E01015918,0,-1
2021010289524,2021,010289524,1,4,0,18,19,3,7,0,0,1,0,0,0,0,1,1,6,6,1,27,6,1690,1,6,-1,3,E01003406,0,-1
2021131038589,2021,131038589,1,5,0,13,13,2,6,0,0,1,0,0,7,0,1,1,6,6,1,53,8,1690,1,5,-1,5,E01011902,0,-1
2021351121091,2021,351121091,1,4,0,13,13,2,6,0,0,1,1,0,7,0,4,1,2,2,1,24,5,1690,1,5,-1,7,E01018064,0,-1
2021041053721,2021,041053721,2,5,0,18,19,4,2,0,0,1,0,0,0,0,1,1,2,2,1,65,9,1690,1,5,-1,5,E01025252,0,-1
2021201065929,2021,201065929,2,5,-1,-1,-1,-1,-1,-1,-1,0,-1,-1,-1,0,-1,1,2,2,1,38,7,1584,1,14,-1,8,E01010540,0,-1
2021501121720,2021,501121720,2,4,0,18,19,4,8,0,0,1,0,0,0,0,1,1,5,6,1,59,9,85,1,31,-1,8,E01018859,0,-1
2021501066102,2021,501066102,2,4,0,9,9,5,1,0,0,2,0,0,0,0,1,1,5,6,1,21,5,300,1,4,-1,8,E01020171,0,-1
2021411038330,2021,411038330,2,3,0,13,13,8,3,0,0,4,0,0,0,0,1,1,6,6,1,20,4,125,1,3,-1,3,E01023920,0,-1
202131C053021,2021,31C053021,1,5,0,18,19,2,6,0,0,0,0,0,0,0,1,1,6,6,1,36,7,647,1,11,-1,2,E01013911,0,-1
2021010338523,2021,010338523,2,9,0,99,99,9,9,99,99,9,9,99,9,99,9,9,6,6,3,-1,-1,1997,1,3,JAGUAR F-TYPE,-1,-1,0,-1
2021061099992,2021,061099992,1,9,0,5,5,3,7,0,0,1,0,0,0,0,4,1,6,6,1,40,7,2995,1,4,JAGUAR F-TYPE,-1,-1,0,-1
2021031014385,2021,031014385,1,9,0,18,19,7,3,0,0,0,0,0,0,0,1,1,6,6,1,59,9,2995,1,5,JAGUAR F-TYPE,6,E01019321,0,-1
2021421109010,2021,421109010,1,9,0,9,9,5,2,0,0,8,0,0,0,0,1,1,5,6,1,64,9,2995,1,5,JAGUAR F-TYPE,7,E01021900,0,-1
2021221071671,2021,221071671,2,9,0,18,19,7,3,0,0,8,0,0,0,0,1,1,1,1,1,49,8,5000,1,4,JAGUAR F-TYPE,5,E01014079,0,-1
2021010325047,2021,010325047,1,9,0,3,3,3,7,0,0,1,0,0,0,0,2,1,2,2,2,31,6,2995,1,3,JAGUAR F-TYPE,3,E01004678,0,-1
2021552100579,2021,552100579,2,9,0,10,10,8,6,0,0,1,0,0,0,0,2,1,2,2,1,68,10,2995,1,5,JAGUAR F-TYPE,8,E01020588,0,-1
2021501064241,2021,501064241,1,9,0,5,5,2,6,0,0,8,0,0,0,0,1,1,5,6,1,51,8,2995,1,8,JAGUAR F-TYPE,8,E01015332,0,-1
2021471059945,2021,471059945,2,9,0,18,19,3,7,0,0,0,1,0,7,0,1,1,5,6,2,56,9,1997,1,2,JAGUAR F-TYPE,9,E01031422,0,-1
2021461078546,2021,461078546,2,9,0,7,7,8,4,0,0,0,0,0,0,0,2,1,6,6,1,26,6,2995,1,8,JAGUAR F-TYPE,5,E01000375,0,-1
2021010320634,2021,010320634,1,9,0,9,9,2,1,0,0,5,0,0,0,0,4,1,6,6,1,53,8,1997,1,0,JAGUAR F-TYPE,10,E01002952,0,-1
2021440013853,2021,440013853,1,9,0,18,19,4,8,0,0,8,0,0,0,0,3,1,6,6,1,40,7,2995,1,5,JAGUAR F-TYPE,2,E01017156,0,-1
2021201059494,2021,201059494,2,9,0,9,9,6,4,0,0,7,0,0,0,0,1,1,6,6,1,73,10,2995,1,3,JAGUAR F-TYPE,6,E01010557,0,-1
202163D002421,2021,63D002421,1,9,0,18,19,8,4,0,0,0,5,0,1,10,1,1,6,6,1,51,8,1997,1,2,JAGUAR F-TYPE,2,W01000790,0,-1
2021522105315,2021,522105315,1,9,0,18,19,7,3,0,0,6,0,0,0,0,1,1,1,1,1,26,6,2995,1,6,JAGUAR F-TYPE,7,E01014561,0,-1