collision_index,collision_year,collision_ref_no,vehicle_reference,vehicle_type,towing_and_articulation,vehicle_manoeuvre_historic,vehicle_manoeuvre,vehicle_direction_from,vehicle_direction_to,vehicle_location_restricted_lane_historic,vehicle_location_restricted_lane,junction_location,skidding_and_overturning,hit_object_in_carriageway,vehicle_leaving_carriageway,hit_object_off_carriageway,first_point_of_impact,vehicle_left_hand_drive,journey_purpose_of_driver_historic,journey_purpose_of_driver,sex_of_driver,age_of_driver,age_band_of_driver,engine_capacity_cc,propulsion_code,age_of_vehicle,generic_make_model,driver_imd_decile,lsoa_of_driver,escooter_flag,driver_distance_banding
2021211066886,2021,211066886,1,9,0,5,5,5,2,0,0,0,0,0,0,0,3,1,6,6,1,46,8,2995,1,5,JAGUAR F-TYPE,8,E01014258,0,-1
2021421029805,2021,421029805,1,90,0,13,13,7,3,0,0,3,0,0,7,0,1,1,6,6,1,40,7,-1,-1,-1,-1,1,E01015932,0,-1
2021451093235,2021,451093235,2,5,0,18,19,8,4,0,0,0,0,0,0,0,1,1,1,1,1,21,5,649,1,9,-1,4,E01023099,0,-1
2021552101262,2021,552101262,1,3,0,18,19,6,2,0,0,4,0,0,0,0,3,1,6,6,1,17,4,124,1,3,-1,5,E01020562,0,-1
2021552100936,2021,552100936,2,3,0,18,19,1,5,0,0,0,0,0,0,0,1,1,6,6,2,29,6,125,1,5,-1,9,E01020399,0,-1
2021991081697,2021,991081697,2,3,0,18,19,8,5,0,0,2,2,0,0,0,1,1,5,6,1,24,5,125,1,6,-1,4,-1,0,-1
2021122200015,2021,122200015,1,4,0,17,19,2,6,0,0,0,0,0,0,0,1,1,2,2,1,60,9,125,1,6,-1,2,E01027812,0,-1
2021010291682,2021,010291682,1,3,0,18,19,3,7,0,0,1,0,7,0,0,1,1,6,6,1,25,5,125,1,3,-1,2,E01002664,0,-1
2021552100884,2021,552100884,1,4,0,18,19,7,3,0,0,0,0,0,0,0,1,1,6,6,1,18,4,125,1,4,-1,-1,-1,0,-1
2021201073742,2021,201073742,4,9,0,3,3,4,8,0,0,0,0,0,0,0,2,1,5,6,1,62,9,4244,1,17,-1,8,E01028704,0,-1
2021211102008,2021,211102008,2,2,0,18,19,8,6,0,0,8,0,0,0,0,1,1,5,6,1,18,4,125,1,0,-1,-1,-1,0,-1
2021122100473,2021,122100473,2,3,0,13,13,2,6,0,0,8,1,0,0,0,1,1,1,1,2,31,6,125,1,2,-1,10,E01027683,0,-1
2021440321414,2021,440321414,1,3,0,18,19,5,1,0,0,8,0,10,0,0,4,1,6,6,1,33,6,125,1,0,-1,8,E01017086,0,-1
2021052101634,2021,052101634,2,3,0,4,4,1,5,0,0,4,0,0,0,0,2,1,6,6,1,38,7,125,1,1,-1,1,E01006692,0,-1
2021501046024,2021,501046024,2,3,0,3,3,8,4,0,0,1,0,0,0,0,2,1,5,6,1,66,10,125,1,1,-1,5,E01020068,0,-1
2021991063781,2021,991063781,2,3,0,3,3,4,8,0,0,4,0,0,0,0,2,1,6,6,1,41,7,125,1,0,-1,1,-1,0,-1
2021061134573,2021,061134573,1,2,0,18,19,6,2,0,0,1,0,0,0,0,1,1,6,6,1,-1,-1,125,1,3,-1,2,E01005887,0,-1
202131C181721,2021,31C181721,2,3,0,18,19,2,6,0,0,1,0,0,0,0,1,1,6,6,1,21,5,125,1,0,-1,8,E01028096,0,-1
2021041113724,2021,041113724,2,3,0,18,19,3,7,0,0,1,0,1,0,0,1,1,2,2,1,37,7,125,1,2,-1,4,E01005465,0,-1
2021131051041,2021,131051041,1,19,0,7,7,7,3,0,0,6,0,0,0,0,3,1,5,6,2,56,9,1461,2,2,-1,8,E01011217,0,-1
2021543766221,2021,543766221,1,19,0,4,4,2,6,0,0,0,0,0,1,4,1,1,1,1,1,56,9,1461,2,1,-1,6,E01016393,0,-1
2021010309250,2021,010309250,2,19,0,10,10,3,8,0,0,6,0,0,0,0,1,1,1,1,1,32,6,1461,2,0,-1,6,E01001964,0,-1
2021201137036,2021,201137036,2,19,0,9,9,6,4,0,0,5,1,10,1,1,3,1,1,1,1,37,7,1461,2,0,-1,6,E01017261,0,-1
2021010312779,2021,010312779,2,19,0,18,19,5,1,0,0,2,0,0,0,0,1,1,1,1,1,21,5,1461,2,0,-1,3,E01000977,0,-1
2021010332637,2021,010332637,1,2,0,18,19,1,5,0,0,6,0,0,0,0,1,1,6,6,1,25,5,49,1,19,-1,6,E01030699,0,-1
2021430268193,2021,430268193,2,3,0,18,19,2,6,0,0,8,0,0,0,0,1,1,6,6,1,20,4,-1,-1,-1,-1,2,E01016420,0,-1
2021010336296,2021,010336296,1,2,0,99,99,9,9,99,99,9,9,99,9,99,9,1,2,2,2,52,8,49,1,18,-1,3,E01002100,0,-1
2021010292169,2021,010292169,1,2,0,18,19,5,1,0,0,0,0,0,0,0,1,1,6,6,1,19,4,49,1,20,-1,3,E01003631,0,-1
2021531096143,2021,531096143,2,3,0,18,19,5,1,0,0,2,0,0,0,0,1,1,5,6,1,18,4,125,1,13,-1,3,E01022364,0,-1
2021351038407,2021,351038407,2,5,0,18,19,7,3,0,0,1,2,0,0,0,1,1,6,6,1,64,9,885,1,22,-1,6,E01018304,0,-1
2021440387260,2021,440387260,2,5,0,16,19,5,1,0,0,1,1,0,0,0,1,1,6,6,1,71,10,1200,1,2,TRIUMPH THRUXTON,10,E01023273,0,-1
2021302101188,2021,302101188,2,5,0,4,4,4,8,0,0,1,0,0,0,0,1,1,6,6,1,39,7,865,1,9,TRIUMPH THRUXTON,1,E01013472,0,-1
2021991060539,2021,991060539,1,5,0,18,19,1,5,0,0,0,1,0,2,9,1,1,5,6,1,64,9,1200,1,5,TRIUMPH THRUXTON,-1,-1,0,-1
2021522103648,2021,522103648,1,4,0,18,19,1,5,0,0,1,0,0,0,0,3,1,6,6,1,74,10,1200,1,1,TRIUMPH THRUXTON,6,E01014474,0,-1
2021461038459,2021,461038459,2,5,0,18,19,5,1,0,0,0,0,0,0,0,2,1,5,6,1,46,8,1200,1,5,TRIUMPH THRUXTON,8,E01024434,0,-1
2021320175968,2021,320175968,1,5,0,17,19,2,6,0,0,0,2,0,1,0,1,1,6,6,1,56,9,1200,1,3,TRIUMPH THRUXTON,5,E01013297,0,-1
2021010301887,2021,010301887,1,5,0,99,99,9,9,99,99,9,9,99,9,99,9,9,6,6,1,36,7,1200,1,5,TRIUMPH THRUXTON,5,E01000975,0,-1
2021010329868,2021,010329868,2,5,0,99,99,9,9,99,99,9,9,99,9,99,9,1,6,6,3,-1,-1,1200,1,3,TRIUMPH THRUXTON,-1,-1,0,-1
2021010319949,2021,010319949,1,5,0,99,99,9,9,0,0,0,0,0,0,0,3,1,6,6,1,35,6,865,1,10,TRIUMPH THRUXTON,5,E01004564,0,-1
2021552100394,2021,552100394,1,5,0,16,19,8,4,0,0,0,1,0,0,0,1,1,6,6,1,62,9,1200,1,5,TRIUMPH THRUXTON,8,E01032121,0,-1
2021421038665,2021,421038665,2,9,0,9,9,5,3,0,0,1,0,0,7,0,1,1,6,6,3,-1,-1,1686,2,12,MAKE AND MODEL REDACTED,-1,-1,0,-1
202163A016121,2021,63A016121,1,19,0,16,19,2,5,0,0,0,0,0,0,0,1,1,2,2,1,46,8,1870,2,16,MAKE AND MODEL REDACTED,6,W01000579,0,-1
2021041028345,2021,041028345,1,9,0,18,19,3,7,0,0,0,0,0,4,0,1,1,6,6,1,39,7,-1,-1,-1,MAKE AND MODEL REDACTED,5,E01025009,0,-1
2021421023441,2021,421023441,2,9,0,9,9,7,5,0,0,6,0,0,0,0,1,1,6,6,1,26,6,1248,2,12,MAKE AND MODEL REDACTED,7,E01021792,0,-1
2021471082976,2021,471082976,1,3,0,4,4,2,6,0,0,1,0,0,0,0,4,1,2,2,1,23,5,124,1,8,-1,3,E01031451,0,-1
2021451100886,2021,451100886,2,3,0,18,19,1,5,0,0,0,0,0,0,0,1,1,6,6,1,19,4,124,1,11,-1,7,E01001071,0,-1
202106J079616,2021,06J079616,2,3,0,18,19,6,2,0,0,8,0,0,0,0,1,1,6,6,1,34,6,124,1,7,-1,5,E01005648,0,-1
2021141079351,2021,141079351,1,3,0,18,19,8,4,0,0,1,0,0,0,0,0,1,6,6,1,17,4,124,1,7,-1,6,E01007665,0,-1
2021041031170,2021,041031170,1,3,0,18,19,1,5,0,0,8,1,0,0,0,1,1,6,6,3,-1,-1,124,1,6,-1,-1,-1,0,-1
2021451012611,2021,451012611,2,3,0,18,19,1,1,0,0,1,0,0,0,0,1,1,5,6,1,23,5,124,1,8,-1,4,E01030634,0,-1
2021141064333,2021,141064333,1,3,0,13,13,5,1,0,0,0,0,0,0,0,3,1,2,2,1,19,4,124,1,6,-1,8,E01008130,0,-1
2021141090630,2021,141090630,1,3,0,18,19,7,3,0,0,4,1,0,0,0,1,1,6,6,1,25,5,124,1,5,-1,1,E01007462,0,-1
2021501017224,2021,501017224,2,4,0,18,19,5,1,0,0,1,0,0,0,0,1,1,6,6,1,46,8,124,1,5,-1,3,E01018991,0,-1
2021101021230,2021,101021230,1,9,0,18,19,3,1,0,0,8,0,0,0,0,1,1,6,6,3,-1,-1,1968,2,12,-1,-1,-1,0,-1
2021010339922,2021,010339922,2,9,0,99,99,9,9,99,99,9,9,99,9,99,9,9,6,6,3,-1,-1,2736,1,13,-1,-1,-1,0,-1
2021010335627,2021,010335627,2,9,0,99,99,9,9,0,0,9,9,99,9,99,1,9,6,6,3,-1,-1,1968,2,13,-1,4,E01005910,0,-1
2021302101480,2021,302101480,2,9,0,3,3,8,4,0,0,8,0,0,0,0,2,1,6,6,1,53,8,1968,2,12,-1,2,E01013597,0,-1
2021421021752,2021,421021752,2,9,0,18,19,3,7,0,0,1,0,0,0,0,4,1,6,6,1,65,9,1968,2,12,-1,5,E01022086,0,-1
2021461050796,2021,461050796,3,9,0,3,3,1,3,0,0,2,0,0,0,0,2,1,6,6,1,50,8,2360,1,13,-1,7,E01024422,0,-1
2021622100819,2021,622100819,2,9,0,18,19,6,2,0,0,6,0,0,0,0,1,1,6,6,2,19,4,1200,1,5,DS DS3,10,W01000791,0,-1
2021471126327,2021,471126327,1,9,0,5,5,1,3,0,0,2,0,0,0,0,0,1,6,6,2,44,7,1200,1,6,DS DS3,5,E01020932,0,-1
2021010337380,2021,010337380,1,9,9,99,99,9,9,99,99,9,9,99,9,99,2,9,2,2,1,34,6,-1,3,0,DS DS3,6,E01017810,0,-1
2021231069189,2021,231069189,1,9,0,7,7,3,4,0,0,5,0,0,0,0,1,1,5,6,2,30,6,1200,1,5,DS DS3,2,E01031066,0,-1
2021471107833,2021,471107833,1,9,0,17,19,5,2,0,0,0,5,12,1,10,1,1,2,2,2,44,7,1200,1,6,DS DS3,10,E01031739,0,-1
2021991121856,2021,991121856,1,9,0,5,5,5,1,0,0,0,0,0,0,0,1,1,6,6,2,52,8,1560,2,5,DS DS3,5,-1,0,-1
2021471095282,2021,471095282,2,9,0,17,19,5,1,0,0,6,0,0,0,0,3,1,5,6,1,56,9,1560,2,5,DS DS3,10,E01021202,0,-1
2021161039684,2021,161039684,1,9,0,7,7,6,4,0,0,8,0,0,0,0,1,1,2,2,2,24,5,1200,1,5,DS DS3,1,E01012806,0,-1
2021522102777,2021,522102777,1,9,0,3,3,3,7,0,0,1,0,0,0,0,0,1,6,6,2,27,6,1200,1,5,DS DS3,9,E01014819,0,-1
2021101026956,2021,101026956,1,9,0,9,9,2,3,0,0,1,0,0,0,0,1,1,2,2,2,19,4,1200,1,5,DS DS3,5,E01008362,0,-1
2021991024420,2021,991024420,2,9,0,7,7,2,5,0,0,8,0,0,0,0,4,1,5,6,2,38,7,1200,1,3,DS DS3,3,-1,0,-1
2021010315049,2021,010315049,1,9,0,99,99,9,9,99,99,9,9,99,9,99,1,9,6,6,1,20,4,1200,1,5,DS DS3,5,E01003772,0,-1
2021041016402,2021,041016402,1,9,0,17,19,1,5,0,0,0,1,0,7,11,1,1,2,2,1,35,6,1560,2,6,DS DS3,8,E01025166,0,-1
2021461018690,2021,461018690,1,9,0,7,7,3,7,0,0,0,0,10,4,0,2,1,2,2,2,57,9,1200,1,5,DS DS3,4,E01024132,0,-1
2021041106888,2021,041106888,2,9,0,4,4,1,1,0,0,1,0,0,0,0,1,1,5,6,2,23,5,1200,1,4,DS DS3,8,E01024957,0,-1
2021471016056,2021,471016056,1,9,0,9,9,6,4,0,0,2,0,0,0,0,4,1,5,6,2,30,6,1200,1,4,DS DS3,2,E01016873,0,-1
2021461053579,2021,461053579,2,9,0,18,19,7,3,0,0,0,0,0,0,0,1,1,6,6,2,41,7,1560,2,3,DS DS3,6,E01024062,0,-1
2021010303175,2021,010303175,2,9,0,99,99,9,9,99,99,9,9,99,9,99,1,9,6,6,3,-1,-1,1200,1,4,DS DS3,-1,-1,0,-1
2021440157925,2021,440157925,2,9,0,4,4,6,2,0,0,0,0,0,0,0,2,1,6,6,2,51,8,1560,2,6,DS DS3,10,E01022977,0,-1
2021201097362,2021,201097362,2,9,0,17,19,5,2,0,0,0,0,0,0,0,1,1,2,2,2,22,5,1200,1,3,DS DS3,2,E01009395,0,-1
2021141026088,2021,141026088,1,9,0,18,19,8,4,0,0,2,0,0,0,0,2,1,6,6,2,-1,-1,1200,1,6,DS DS3,3,E01019569,0,-1
2021302100102,2021,302100102,1,9,0,18,19,8,4,0,0,1,0,0,0,0,1,1,6,6,2,20,4,1200,1,4,DS DS3,9,E01019559,0,-1
2021201026630,2021,201026630,1,9,0,18,19,8,4,0,0,4,0,0,0,0,3,1,6,6,2,24,5,1560,2,6,DS DS3,2,E01009263,0,-1
2021421087392,2021,421087392,1,9,0,18,19,-1,-1,0,0,1,0,0,0,0,4,1,6,6,2,77,11,1560,2,6,DS DS3,4,E01022011,0,-1
2021461101014,2021,461101014,1,9,0,18,19,3,7,0,0,0,0,0,0,0,4,1,5,6,2,47,8,1200,1,4,DS DS3,6,E01024094,0,-1
2021041074240,2021,041074240,1,9,0,5,5,1,3,0,0,5,0,0,0,0,1,1,5,6,2,49,8,1560,2,6,DS DS3,6,E01024949,0,-1
2021070619733,2021,070619733,1,9,0,7,7,7,6,0,0,3,0,0,0,0,3,1,6,6,2,30,6,1200,1,3,DS DS3,-1,-1,0,-1
2021461141981,2021,461141981,1,9,0,10,10,7,3,0,0,0,0,0,0,0,3,1,6,6,2,42,7,-1,3,1,DS DS3,8,E01024237,0,-1
2021440095488,2021,440095488,2,9,0,4,4,4,8,0,0,1,0,0,0,0,2,1,6,6,2,28,6,1200,1,4,DS DS3,-1,-1,0,-1
2021991025803,2021,991025803,1,9,0,9,9,8,2,0,0,8,0,0,0,0,4,1,5,6,2,34,6,1560,2,5,DS DS3,2,-1,0,-1
2021041088867,2021,041088867,1,9,0,18,19,3,7,0,0,3,0,0,0,0,1,1,2,2,2,62,9,1200,1,4,DS DS3,8,E01024937,0,-1
2021430151959,2021,430151959,3,9,0,3,3,6,2,0,0,0,0,0,0,0,0,1,6,6,1,32,6,1200,1,6,DS DS3,8,E01017921,0,-1
2021010345510,2021,010345510,1,9,0,3,3,3,7,0,0,0,0,0,0,0,0,1,2,2,1,28,6,-1,3,0,DS DS3,3,E01003617,0,-1
2021610005521,2021,610005521,1,9,0,18,19,5,8,0,0,1,0,0,0,0,1,1,1,1,2,27,6,1560,2,5,DS DS3,4,W01001410,0,-1
2021520104717,2021,520104717,1,9,0,18,19,8,4,0,0,1,0,0,0,0,4,1,6,6,2,28,6,1560,2,5,DS DS3,5,E01029193,0,-1
2021041089674,2021,041089674,1,9,0,18,19,1,5,0,0,0,0,0,0,0,1,1,5,6,2,24,5,1200,1,6,DS DS3,2,E01016039,0,-1
2021041095238,2021,041095238,1,9,0,18,19,3,7,0,0,1,0,10,0,0,1,1,5,6,1,90,11,1200,1,5,DS DS3,8,E01012584,0,-1
2021201144446,2021,201144446,2,9,0,18,19,2,6,0,0,0,0,0,0,0,2,1,6,6,2,42,7,1200,1,1,DS DS3,1,E01010060,0,-1
2021302102008,2021,302102008,3,9,0,3,3,6,2,0,0,0,0,0,0,0,2,1,6,6,1,26,6,1200,1,4,DS DS3,4,E01014136,0,-1
2021211074863,2021,211074863,2,9,0,4,4,7,5,0,0,0,0,0,0,0,1,1,2,2,1,24,5,1200,1,5,DS DS3,-1,-1,0,-1
2021211093240,2021,211093240,1,9,0,18,19,7,5,0,0,0,0,0,1,11,3,1,6,6,1,34,6,1560,2,6,DS DS3,8,E01033535,0,-1
2021421051600,2021,421051600,1,9,0,11,11,4,8,0,0,0,0,0,0,0,1,1,6,6,2,21,5,1560,2,5,DS DS3,9,E01021364,0,-1
2021131113887,2021,131113887,1,9,0,18,19,3,7,0,0,0,0,0,0,0,1,1,2,2,2,25,5,1560,2,5,DS DS3,3,E01007632,0,-1
2021201058727,2021,201058727,1,9,0,18,19,8,4,0,0,0,0,0,0,0,4,1,6,6,3,-1,-1,1200,1,1,DS DS3,-1,-1,0,-1
2021010313622,2021,010313622,1,9,0,18,19,2,6,0,0,1,0,0,0,0,4,1,6,6,2,49,8,1200,1,2,DS DS3,8,W01000715,0,-1
2021231061198,2021,231061198,1,9,0,18,19,6,2,0,0,8,0,0,0,0,4,1,5,6,2,39,7,1200,1,5,DS DS3,5,E01031009,0,-1
2021302101664,2021,302101664,2,9,0,3,3,7,3,0,0,0,0,0,0,0,2,1,6,6,2,38,7,1200,1,4,DS DS3,7,E01019490,0,-1
2021161012766,2021,161012766,2,9,0,2,2,0,0,0,0,0,0,0,1,0,2,1,6,6,2,21,5,1200,1,5,DS DS3,-1,-1,0,-1
2021131125010,2021,131125010,1,9,0,9,9,1,3,0,0,8,0,0,0,0,4,1,6,6,2,23,5,1560,2,5,DS DS3,1,E01010742,0,-1
2021461086692,2021,461086692,4,9,0,4,4,3,7,0,0,1,0,0,0,0,3,1,6,6,2,58,9,1200,1,4,DS DS3,5,E01024342,0,-1
2021131066683,2021,131066683,1,9,0,18,19,5,1,0,0,0,0,0,7,0,1,1,6,6,3,-1,-1,1200,1,5,DS DS3,-1,-1,0,-1
2021122100640,2021,122100640,1,9,0,18,19,3,7,0,0,1,0,0,0,0,1,1,2,2,1,19,4,1200,1,5,DS DS3,8,-1,0,-1
2021122101129,2021,122101129,1,9,0,14,14,6,2,0,0,0,0,0,0,0,3,1,6,6,2,20,4,1200,1,4,DS DS3,5,E01027789,0,-1
2021547663221,2021,547663221,3,9,0,4,4,3,7,0,0,0,0,0,0,0,2,1,1,1,1,36,7,1200,1,5,DS DS3,8,E01028689,0,-1
2021010344673,2021,010344673,2,9,0,99,99,9,9,99,99,0,9,99,9,99,2,1,6,6,3,50,8,1200,1,5,DS DS3,9,E01001521,0,-1
2021141074630,2021,141074630,2,9,0,3,3,8,4,0,0,0,0,0,0,0,2,2,1,1,2,38,7,1200,1,6,DS DS3,2,E01007482,0,-1
2021411116026,2021,411116026,1,9,0,9,9,7,3,4,4,0,0,0,0,0,4,1,6,6,2,47,8,-1,3,1,DS DS3,7,E01023527,0,-1
2021010312434,2021,010312434,1,9,0,10,10,5,2,0,0,8,0,0,0,0,1,1,2,2,2,59,9,1200,1,5,DS DS3,6,E01024172,0,-1
2021201119170,2021,201119170,2,9,0,2,2,0,0,9,9,2,0,0,0,0,2,1,5,6,2,53,8,1200,1,6,DS DS3,-1,-1,0,-1
2021010336910,2021,010336910,2,9,0,9,9,7,5,0,0,6,0,0,0,0,1,1,6,6,2,50,8,1200,1,6,DS DS3,4,E01001736,0,-1
202154A035921,2021,54A035921,1,9,0,9,9,8,5,0,0,4,0,0,0,0,3,1,6,6,2,53,8,1560,2,5,DS DS3,7,E01032108,0,-1
2021622100839,2021,622100839,1,9,0,18,19,4,8,0,0,0,5,0,1,10,1,1,6,6,2,18,4,1200,1,4,DS DS3,3,W01001185,0,-1
20211382S1201,2021,1382S1201,1,9,0,9,9,2,3,0,0,1,0,0,0,0,3,1,6,6,1,36,7,-1,3,1,DS DS3,4,E01011499,0,-1
2021622100934,2021,622100934,2,9,0,12,12,3,7,0,0,0,0,0,0,0,2,1,6,6,2,46,8,1560,2,5,DS DS3,1,W01000817,0,-1
2021544478721,2021,544478721,2,9,0,18,19,4,8,0,0,0,0,0,0,0,2,1,6,6,2,25,5,1560,2,3,DS DS3,6,E01032037,0,-1
2021061084977,2021,061084977,3,9,0,18,19,6,2,0,0,0,0,0,0,0,2,1,6,6,1,51,8,1560,2,5,DS DS3,-1,-1,0,-1
2021221084642,2021,221084642,2,9,0,9,9,3,8,0,0,6,0,0,0,0,3,1,5,6,2,22,5,1560,2,5,DS DS3,9,E01028916,0,-1
2021101091779,2021,101091779,1,9,0,5,5,2,6,0,0,0,0,0,0,0,4,1,6,6,3,17,4,1200,1,1,DS DS3,-1,-1,0,-1
2021421039841,2021,421039841,1,9,0,18,19,2,6,0,0,0,1,0,0,0,1,1,6,6,1,26,6,1200,1,4,DS DS3,4,E01032773,0,-1
2021141076523,2021,141076523,1,9,0,18,19,8,4,0,0,8,0,0,0,0,4,1,6,6,2,51,8,1560,2,3,DS DS3,4,E01007761,0,-1
2021041119303,2021,041119303,1,9,0,18,19,5,1,0,0,0,0,0,0,0,1,1,5,6,1,22,5,1200,1,5,DS DS3,7,E01025585,0,-1
2021371062187,2021,371062187,2,9,0,2,2,0,0,0,0,0,0,0,0,0,3,1,5,6,1,30,6,1200,1,5,DS DS3,1,E01033130,0,-1
2021201141674,2021,201141674,2,9,0,3,3,6,2,0,0,1,0,0,0,0,2,1,6,6,1,23,5,1500,2,1,DS DS3,2,E01010047,0,-1
2021170S10751,2021,170S10751,2,9,0,18,19,7,3,0,0,8,0,0,0,0,1,1,6,6,2,64,9,1500,2,0,DS DS3,1,E01012254,0,-1
2021070324188,2021,070324188,1,9,0,5,5,4,8,0,0,6,0,0,0,0,3,1,6,6,2,55,8,1200,1,1,DS DS3,4,E01019710,0,-1
2021061047760,2021,061047760,1,9,0,18,19,8,4,0,0,0,0,0,0,0,1,1,6,6,1,33,6,-1,3,0,DS DS3,5,E01005873,0,-1
2021131041255,2021,131041255,1,9,0,18,19,8,4,0,0,0,0,6,8,0,1,1,6,6,1,25,5,1200,1,3,DS DS3,8,E01011769,0,-1
2021411025989,2021,411025989,1,9,0,3,3,6,2,0,0,0,0,0,0,0,4,1,2,2,1,25,5,1200,1,4,DS DS3,8,E01023660,0,-1
2021430275406,2021,430275406,2,9,0,17,19,1,6,0,0,0,0,0,1,0,1,1,6,6,2,52,8,1200,1,6,DS DS3,6,E01021104,0,-1
2021041106178,2021,041106178,1,9,0,16,19,5,1,0,0,0,0,0,0,0,1,1,6,6,2,23,5,1200,1,4,DS DS3,8,E01024957,0,-1
2021131080461,2021,131080461,1,9,0,-1,-1,-1,-1,-1,-1,-1,-1,-1,-1,-1,-1,1,6,6,3,-1,-1,1200,1,5,DS DS3,-1,-1,0,-1
2021302101139,2021,302101139,1,9,0,17,19,4,2,0,0,2,0,0,1,9,1,1,6,6,2,18,4,1200,1,3,DS DS3,2,E01019796,0,-1
2021421104846,2021,421104846,1,9,0,18,19,3,7,0,0,0,0,0,0,0,1,1,1,1,1,37,7,1560,2,4,DS DS3,3,E01021888,0,-1
2021471101719,2021,471101719,2,9,0,2,2,0,0,0,0,2,0,0,0,0,3,1,3,7,2,41,7,1200,1,5,DS DS3,2,E01016914,0,-1
2021501112572,2021,501112572,1,9,0,18,19,2,6,0,0,1,0,0,0,0,1,1,5,6,1,24,5,1560,2,3,DS DS3,6,E01018755,0,-1
2021351115436,2021,351115436,1,9,0,18,19,6,2,0,0,4,0,9,0,0,1,1,6,6,2,52,8,1200,1,5,DS DS3,5,E01018212,0,-1
202106Q079191,2021,06Q079191,3,9,0,18,19,6,2,0,0,1,0,0,0,0,1,1,6,6,1,54,8,1200,1,6,DS DS3,3,E01005366,0,-1
2021010322979,2021,010322979,3,9,0,2,2,0,0,0,0,8,0,0,0,0,2,1,6,6,3,-1,-1,1200,1,5,DS DS3,-1,-1,0,-1
2021010317401,2021,010317401,1,9,0,18,19,4,8,0,0,0,0,0,0,0,3,1,3,7,2,28,6,-1,3,1,DS DS3,6,E01000250,0,-1
20211383J1313,2021,1383J1313,2,9,0,18,19,5,1,0,0,0,0,0,0,0,3,1,6,6,2,22,5,1200,1,4,DS DS3,5,E01032495,0,-1
2021010351580,2021,010351580,1,9,0,3,3,1,5,0,0,1,0,0,0,0,2,1,2,2,1,26,6,-1,3,0,DS DS3,2,E01002879,0,-1
2021411071070,2021,411071070,1,9,0,4,4,1,4,0,0,7,0,0,0,0,1,1,1,1,2,60,9,1560,2,4,DS DS3,5,E01023914,0,-1
2021201031880,2021,201031880,1,9,0,18,19,8,4,0,0,0,0,0,0,0,1,1,6,6,1,19,4,1200,1,6,DS DS3,5,E01009863,0,-1
2021041015230,2021,041015230,1,9,0,18,19,7,3,0,0,4,0,0,0,0,3,1,5,6,2,29,6,1200,1,4,DS DS3,5,E01025605,0,-1
2021201080697,2021,201080697,1,9,0,18,19,6,2,0,0,8,0,10,1,1,1,1,6,6,2,63,9,1200,1,5,DS DS3,8,E01009920,0,-1
2021221093492,2021,221093492,1,9,0,5,5,3,5,0,0,4,0,10,0,0,1,1,5,6,2,18,4,1200,1,5,DS DS3,2,E01014115,0,-1
2021991069887,2021,991069887,1,5,0,4,4,8,4,8,6,0,2,0,1,8,1,1,5,6,1,60,9,748,1,20,-1,-1,-1,0,-1
202131B163121,2021,31B163121,2,9,0,16,19,6,2,0,0,0,0,0,0,0,1,1,6,6,1,68,10,1598,2,7,FIAT 500L,6,E01028326,0,-1
2021231082631,2021,231082631,1,9,0,18,19,8,4,0,0,0,0,0,0,0,1,1,5,6,2,40,7,1598,2,7,FIAT 500L,6,E01031107,0,-1
2021991103927,2021,991103927,1,9,0,17,19,2,6,0,0,1,0,0,0,0,4,1,6,6,1,56,9,1368,1,8,FIAT 500L,7,-1,0,-1
2021320568060,2021,320568060,1,9,0,18,19,7,3,0,0,6,0,0,0,0,1,1,6,6,2,47,8,1248,2,7,FIAT 500L,-1,-1,0,-1
2021221109853,2021,221109853,2,9,0,16,19,5,8,0,0,0,0,10,2,10,1,1,6,6,1,63,9,1248,2,7,FIAT 500L,5,E01014065,0,-1
2021010287989,2021,010287989,1,9,0,99,99,9,9,99,99,9,9,99,9,99,2,9,6,6,2,52,8,1248,2,7,FIAT 500L,3,E01000148,0,-1
2021010311244,2021,010311244,2,9,0,7,7,1,3,0,0,4,0,0,0,0,1,1,2,2,2,31,6,1368,1,8,FIAT 500L,2,E01003237,0,-1
2021471092019,2021,471092019,1,9,0,9,9,5,3,0,0,8,0,0,0,0,4,1,5,6,1,77,11,1248,2,8,FIAT 500L,8,E01031346,0,-1
2021010312199,2021,010312199,1,9,0,7,7,5,7,0,0,5,0,0,0,0,4,1,6,6,2,42,7,1248,2,7,FIAT 500L,9,E01001132,0,-1
2021430324719,2021,430324719,2,9,0,4,4,7,3,0,0,0,0,0,0,0,2,1,6,6,2,28,6,875,1,8,FIAT 500L,8,E01032975,0,-1
2021991037062,2021,991037062,1,9,0,9,9,4,1,0,0,0,0,0,0,0,3,1,6,6,2,62,9,1248,2,7,FIAT 500L,5,-1,0,-1
2021552101112,2021,552101112,2,9,0,3,3,2,4,0,0,0,0,0,0,0,2,1,6,6,2,44,7,1248,2,7,FIAT 500L,4,E01015328,0,-1
2021010321736,2021,010321736,1,9,0,18,19,1,5,0,0,0,0,0,0,0,1,1,6,6,1,50,8,1248,2,7,FIAT 500L,5,E01030750,0,-1
2021201130698,2021,201130698,2,9,0,18,19,8,4,0,0,8,0,0,0,0,3,1,1,1,2,29,6,1248,2,7,FIAT 500L,6,E01009586,0,-1
2021991047753,2021,991047753,2,9,0,10,10,8,7,0,0,1,0,0,0,0,2,1,2,2,2,62,9,1248,2,8,FIAT 500L,5,-1,0,-1