collision_index,collision_year,collision_ref_no,vehicle_reference,vehicle_type,towing_and_articulation,vehicle_manoeuvre_historic,vehicle_manoeuvre,vehicle_direction_from,vehicle_direction_to,vehicle_location_restricted_lane_historic,vehicle_location_restricted_lane,junction_location,skidding_and_overturning,hit_object_in_carriageway,vehicle_leaving_carriageway,hit_object_off_carriageway,first_point_of_impact,vehicle_left_hand_drive,journey_purpose_of_driver_historic,journey_purpose_of_driver,sex_of_driver,age_of_driver,age_band_of_driver,engine_capacity_cc,propulsion_code,age_of_vehicle,generic_make_model,driver_imd_decile,lsoa_of_driver,escooter_flag,driver_distance_banding
2021201078159,2021,201078159,2,9,0,4,4,2,6,0,0,1,0,0,0,0,2,1,6,6,2,72,10,1248,2,7,FIAT 500L,4,E01010349,0,-1
2021131048510,2021,131048510,2,9,0,18,19,2,6,0,0,1,0,0,0,0,4,1,5,6,2,41,7,1368,1,8,FIAT 500L,1,E01011348,0,-1
2021201149530,2021,201149530,2,9,0,17,19,7,4,0,0,8,0,0,0,0,3,1,1,1,2,-1,-1,1248,2,7,FIAT 500L,3,E01010105,0,-1
2021070429039,2021,070429039,1,9,0,6,6,7,5,0,0,0,0,0,0,0,3,1,6,6,1,63,9,1598,2,7,FIAT 500L,-1,-1,0,-1
2021430526736,2021,430526736,2,9,0,11,11,6,2,0,0,4,0,0,0,0,4,1,6,6,2,-1,-1,1598,2,8,FIAT 500L,-1,-1,0,-1
2021141095260,2021,141095260,1,9,0,9,9,6,4,0,0,5,0,0,0,0,4,2,6,6,2,54,8,1248,2,8,FIAT 500L,3,E01007679,0,-1
2021501124542,2021,501124542,2,9,0,3,3,8,4,0,0,0,0,0,0,0,2,1,6,6,2,60,9,1368,1,8,FIAT 500L,6,E01020063,0,-1
2021991042725,2021,991042725,3,9,0,4,4,6,2,0,0,0,0,0,0,0,2,1,5,6,1,52,8,1598,2,8,FIAT 500L,8,-1,0,-1
2021201105144,2021,201105144,2,9,0,18,19,3,7,0,0,6,0,0,0,0,3,1,6,6,1,48,8,1598,2,7,FIAT 500L,3,E01009624,0,-1
2021010330717,2021,010330717,2,9,0,99,99,9,9,0,0,0,0,0,0,0,3,9,6,6,3,-1,-1,875,1,7,FIAT 500L,6,E01004577,0,-1
2021061039038,2021,061039038,1,9,0,18,19,2,6,0,0,0,0,0,0,0,1,1,6,6,3,30,6,1368,1,2,FIAT 500L,-1,-1,0,-1
2021010334625,2021,010334625,2,9,0,18,19,5,1,0,0,2,0,0,0,0,1,1,6,6,1,26,6,1248,2,8,FIAT 500L,3,E01002753,0,-1
2021451074659,2021,451074659,3,9,0,18,19,5,1,0,0,0,0,0,0,0,2,1,5,6,2,24,5,1248,2,7,FIAT 500L,3,E01003439,0,-1
20211383Q0263,2021,1383Q0263,1,9,0,18,19,7,3,0,0,8,0,0,0,0,1,1,6,6,1,25,5,1368,1,8,FIAT 500L,3,E01010794,0,-1
2021170S11661,2021,170S11661,1,9,0,3,3,1,4,0,0,1,0,0,0,0,2,1,6,6,2,34,6,1598,2,8,FIAT 500L,-1,-1,0,-1
2021361134782,2021,361134782,1,9,0,18,19,8,6,0,0,0,0,0,0,0,1,1,6,6,2,39,7,1368,1,6,FIAT 500L,10,E01032363,0,-1
2021010319652,2021,010319652,1,9,0,9,9,3,2,0,0,1,0,0,0,0,1,1,6,6,1,47,8,1368,1,3,FIAT 500L,4,E01003530,0,-1
2021010305542,2021,010305542,1,9,9,10,10,3,2,0,0,1,9,0,0,0,2,9,6,6,2,44,7,1248,2,6,FIAT 500L,-1,-1,0,-1
202163A003421,2021,63A003421,2,9,0,18,19,4,8,0,0,8,1,0,1,10,1,1,2,2,1,43,7,1248,2,7,FIAT 500L,6,W01000671,0,-1
2021131074514,2021,131074514,4,9,0,18,19,1,5,0,0,0,0,0,0,0,1,1,6,6,1,31,6,1598,2,6,FIAT 500L,2,E01011632,0,-1
2021421105843,2021,421105843,1,9,0,13,13,6,4,0,0,0,1,0,0,0,3,1,5,6,2,40,7,1248,2,8,FIAT 500L,-1,-1,0,-1
2021991117921,2021,991117921,2,9,0,17,19,6,3,0,0,2,0,0,1,0,1,1,5,6,2,54,8,1248,2,7,FIAT 500L,7,-1,0,-1
2021501080181,2021,501080181,2,9,0,9,9,3,1,0,0,8,0,0,0,0,4,1,5,6,1,59,9,1248,2,7,FIAT 500L,7,E01009931,0,-1
2021991112365,2021,991112365,1,9,0,2,2,2,6,0,0,0,0,0,0,0,0,1,5,6,2,89,11,1368,1,7,FIAT 500L,6,-1,0,-1
2021451046165,2021,451046165,3,9,0,18,19,5,1,0,0,0,0,0,0,0,4,1,5,6,1,44,7,1248,2,7,FIAT 500L,6,E01031673,0,-1
2021010311216,2021,010311216,2,9,0,99,99,9,9,99,99,9,9,99,9,99,1,9,6,6,3,64,9,1368,1,7,FIAT 500L,3,E01000020,0,-1
2021010291936,2021,010291936,2,9,0,99,99,9,9,99,99,9,9,99,9,99,0,9,6,6,3,-1,-1,1248,2,8,FIAT 500L,-1,-1,0,-1
2021141038754,2021,141038754,1,9,0,14,14,2,6,0,0,0,0,10,0,0,1,1,5,6,2,44,7,1598,2,7,FIAT 500L,9,E01007617,0,-1
2021421117270,2021,421117270,1,9,0,17,19,3,1,0,0,6,0,0,1,1,4,1,5,6,1,53,8,1598,2,8,FIAT 500L,-1,-1,0,-1
2021451094729,2021,451094729,1,19,0,18,19,1,5,0,0,0,1,0,0,0,1,1,2,2,1,26,6,1499,2,4,FORD TRANSIT CONNECT,6,E01022640,0,-1
2021440154977,2021,440154977,1,19,0,13,13,4,8,0,0,0,0,0,7,0,1,1,6,6,1,21,5,1499,2,2,FORD TRANSIT CONNECT,9,E01022494,0,-1
2021461028817,2021,461028817,1,19,0,7,7,8,4,0,0,6,0,0,0,0,1,1,6,6,1,-1,-1,1499,2,4,FORD TRANSIT CONNECT,-1,-1,0,-1
202134WNC6331,2021,34WNC6331,2,19,0,18,19,1,5,0,0,0,0,0,0,0,2,1,1,1,1,73,10,1753,2,17,FORD TRANSIT CONNECT,10,E01017553,0,-1
2021361074127,2021,361074127,1,19,0,18,19,8,4,0,0,0,0,0,0,0,0,1,1,1,1,31,6,1499,2,3,FORD TRANSIT CONNECT,5,E01026487,0,-1
2021010316493,2021,010316493,1,19,0,3,3,3,7,0,0,1,0,0,0,0,1,1,1,1,1,61,9,1499,2,2,FORD TRANSIT CONNECT,6,E01004216,0,-1
2021531114403,2021,531114403,1,19,0,18,19,4,8,0,0,3,0,0,0,0,1,1,2,2,1,28,6,1753,2,8,FORD TRANSIT CONNECT,7,E01022206,0,-1
2021101022569,2021,101022569,1,19,0,9,9,1,7,0,0,8,0,0,0,0,3,1,6,6,1,70,10,1753,2,11,FORD TRANSIT CONNECT,1,E01008400,0,-1
2021141017153,2021,141017153,1,19,0,4,4,6,2,0,0,0,0,0,0,0,2,1,1,1,1,52,8,1499,2,2,FORD TRANSIT CONNECT,1,E01007369,0,-1
2021471041058,2021,471041058,4,19,0,18,19,7,3,0,0,0,5,0,7,0,2,1,5,6,1,59,9,1753,2,16,FORD TRANSIT CONNECT,7,E01002377,0,-1
2021451045621,2021,451045621,2,19,0,4,4,5,1,0,0,2,0,0,0,0,1,1,6,6,1,24,5,1753,2,14,FORD TRANSIT CONNECT,6,E01031606,0,-1
2021231030894,2021,231030894,1,19,0,18,19,2,6,0,0,8,0,0,0,0,1,1,2,2,1,22,5,1753,2,12,FORD TRANSIT CONNECT,7,E01031335,0,-1
2021221065344,2021,221065344,3,19,0,3,3,1,5,0,0,0,0,0,0,0,2,1,5,6,1,34,6,1560,2,6,FORD TRANSIT CONNECT,7,E01014043,0,-1
2021451014534,2021,451014534,2,19,0,3,3,5,1,0,0,1,0,0,0,0,2,1,6,6,1,52,8,1499,2,5,FORD TRANSIT CONNECT,6,E01031817,0,-1
2021531037274,2021,531037274,1,19,0,16,19,5,1,0,0,4,0,0,0,0,1,1,2,2,1,38,7,1499,2,5,FORD TRANSIT CONNECT,8,E01031954,0,-1
2021430441005,2021,430441005,1,19,0,18,19,4,8,0,0,0,0,0,1,9,1,1,1,1,1,28,6,1499,2,4,FORD TRANSIT CONNECT,6,E01017674,0,-1
2021302102117,2021,302102117,2,19,0,18,19,7,3,0,0,2,0,0,0,0,1,1,6,6,1,36,7,1753,2,12,FORD TRANSIT CONNECT,4,E01013534,0,-1
2021440371104,2021,440371104,1,19,0,18,19,5,1,0,0,1,0,0,0,0,1,1,2,2,1,25,5,1499,2,3,FORD TRANSIT CONNECT,3,E01002612,0,-1
2021430183521,2021,430183521,2,19,0,4,4,1,5,0,0,0,0,0,0,0,1,1,1,1,1,35,6,1753,2,15,FORD TRANSIT CONNECT,-1,-1,0,-1
2021041093691,2021,041093691,1,19,0,18,19,3,7,0,0,0,0,0,0,0,1,2,2,2,1,20,4,1560,2,5,FORD TRANSIT CONNECT,4,E01024975,0,-1
2021052101525,2021,052101525,1,19,0,18,19,3,7,0,0,8,0,0,0,0,1,1,1,1,1,27,6,1499,2,4,FORD TRANSIT CONNECT,5,E01006488,0,-1
2021010312064,2021,010312064,1,19,0,99,99,9,9,99,99,0,9,99,9,99,1,1,6,6,1,66,10,1499,2,4,FORD TRANSIT CONNECT,7,E01015803,0,-1
2021061054694,2021,061054694,2,19,0,3,3,7,3,0,0,0,0,0,0,0,1,1,6,6,3,30,6,1753,2,17,FORD TRANSIT CONNECT,-1,-1,0,-1
2021501040585,2021,501040585,1,19,0,18,19,5,1,0,0,8,0,0,0,0,1,1,6,6,2,46,8,1753,2,9,FORD TRANSIT CONNECT,3,E01015148,0,-1
2021010344173,2021,010344173,1,19,0,18,19,1,5,0,0,1,0,0,0,0,1,1,6,6,1,31,6,1499,2,4,FORD TRANSIT CONNECT,-1,-1,0,-1
2021201144721,2021,201144721,2,19,0,18,19,4,8,0,0,8,0,0,0,0,1,1,6,6,1,59,9,1753,2,16,FORD TRANSIT CONNECT,1,E01009259,0,-1
2021302100652,2021,302100652,1,19,0,18,19,2,6,0,0,0,0,0,0,0,1,1,6,6,1,33,6,1753,2,16,FORD TRANSIT CONNECT,1,E01019728,0,-1
2021010314276,2021,010314276,2,19,0,99,99,9,9,99,99,9,9,99,9,99,1,9,6,6,3,-1,-1,1499,2,3,FORD TRANSIT CONNECT,7,E01024439,0,-1
2021131081535,2021,131081535,1,19,0,18,19,7,3,0,0,1,0,0,0,0,1,1,1,1,1,54,8,1753,2,17,FORD TRANSIT CONNECT,4,E01011206,0,-1
2021122100244,2021,122100244,1,19,0,16,19,5,7,0,0,0,5,0,7,0,1,1,2,2,1,55,8,1560,2,5,FORD TRANSIT CONNECT,3,E01020662,0,-1
2021131107373,2021,131107373,2,19,0,18,19,1,5,0,0,0,0,0,0,0,1,1,1,1,1,26,6,1499,2,4,FORD TRANSIT CONNECT,1,E01010735,0,-1
2021010344432,2021,010344432,1,19,0,7,7,2,5,0,0,4,0,0,0,0,1,1,1,1,1,67,10,1499,2,2,FORD TRANSIT CONNECT,10,E01003454,0,-1
2021522104320,2021,522104320,2,19,0,18,19,1,5,0,0,0,0,0,0,0,1,1,6,6,1,55,8,1499,2,4,FORD TRANSIT CONNECT,5,E01020459,0,-1
2021161109206,2021,161109206,3,19,0,4,4,4,8,0,0,0,0,0,0,0,1,1,6,6,3,-1,-1,1753,2,15,FORD TRANSIT CONNECT,-1,-1,0,-1
2021440083266,2021,440083266,1,19,0,16,19,3,6,0,0,2,0,0,0,0,3,1,6,6,1,48,8,1753,2,16,FORD TRANSIT CONNECT,3,E01017346,0,-1
2021622100167,2021,622100167,1,19,0,18,19,7,3,0,0,1,0,0,7,0,1,1,1,1,1,31,6,1796,7,17,FORD TRANSIT CONNECT,3,W01001026,0,-1
2021221023335,2021,221023335,1,19,0,18,19,5,1,0,0,8,0,0,0,0,1,1,1,1,1,74,10,1753,2,18,FORD TRANSIT CONNECT,10,E01032367,0,-1
2021471037837,2021,471037837,2,19,0,18,19,8,6,0,0,1,0,0,0,0,4,1,1,1,1,29,6,1753,2,17,FORD TRANSIT CONNECT,1,E01016904,0,-1
2021131113398,2021,131113398,1,19,0,12,12,7,3,0,0,2,0,0,0,0,1,1,1,1,1,26,6,1753,2,14,FORD TRANSIT CONNECT,1,E01010850,0,-1
2021211071232,2021,211071232,1,19,0,4,4,7,3,0,0,0,0,0,0,0,1,1,2,2,1,29,6,1560,2,7,FORD TRANSIT CONNECT,3,E01013513,0,-1
2021231130270,2021,231130270,2,19,0,18,19,5,1,0,0,0,0,0,0,0,1,1,2,2,1,38,7,1753,2,17,FORD TRANSIT CONNECT,6,E01031062,0,-1
2021052101603,2021,052101603,1,19,0,7,7,7,1,0,0,1,0,0,0,0,1,1,6,6,1,29,6,1499,2,4,FORD TRANSIT CONNECT,1,E01006630,0,-1
2021010300050,2021,010300050,2,19,0,99,99,9,9,99,99,9,9,99,9,99,2,9,6,6,3,-1,-1,1499,2,2,FORD TRANSIT CONNECT,-1,-1,0,-1
2021351060705,2021,351060705,2,19,0,18,19,8,4,0,0,1,0,0,0,0,1,1,6,6,1,18,4,1499,2,5,FORD TRANSIT CONNECT,8,E01026895,0,-1
202163D011121,2021,63D011121,1,19,0,18,19,3,7,0,0,0,0,0,0,0,4,1,1,1,1,39,7,1499,2,1,FORD TRANSIT CONNECT,-1,-1,0,-1
2021451112892,2021,451112892,3,19,0,2,2,0,0,0,0,0,0,0,0,0,2,1,6,6,3,-1,-1,1499,2,4,FORD TRANSIT CONNECT,-1,-1,0,-1
2021052100518,2021,052100518,1,19,0,18,19,7,3,0,0,0,0,0,0,0,1,1,6,6,1,26,6,1753,2,14,FORD TRANSIT CONNECT,2,E01007205,0,-1
2021061036436,2021,061036436,1,19,0,18,19,1,5,0,0,2,0,0,0,0,1,1,6,6,1,34,6,1560,2,7,FORD TRANSIT CONNECT,1,E01005754,0,-1
2021031053174,2021,031053174,2,19,0,2,2,0,0,0,0,2,0,0,0,0,1,1,6,6,3,-1,-1,1499,2,1,FORD TRANSIT CONNECT,-1,-1,0,-1
2021010349631,2021,010349631,2,19,0,99,99,9,9,99,99,9,9,99,9,99,9,9,6,6,3,-1,-1,1753,2,11,FORD TRANSIT CONNECT,7,E01015493,0,-1
2021461017827,2021,461017827,1,19,0,18,19,7,3,0,0,0,2,0,1,9,1,1,6,6,1,42,7,1499,2,4,FORD TRANSIT CONNECT,6,E01024571,0,-1
2021520200449,2021,520200449,1,19,0,18,19,8,4,0,0,1,0,0,0,0,1,1,6,6,1,49,8,1560,2,6,FORD TRANSIT CONNECT,7,E01029056,0,-1
2021440147414,2021,440147414,3,19,0,18,19,5,8,0,0,1,0,0,0,0,1,1,1,1,1,56,9,1753,2,13,FORD TRANSIT CONNECT,6,E01022816,0,-1
2021010311672,2021,010311672,2,19,0,15,15,3,7,0,0,1,0,0,1,0,0,1,6,6,3,-1,-1,1753,2,13,FORD TRANSIT CONNECT,-1,-1,0,-1
2021161078722,2021,161078722,2,19,0,18,19,8,4,0,0,8,0,0,0,0,1,1,1,1,1,60,9,1560,2,6,FORD TRANSIT CONNECT,9,E01013243,0,-1
2021161014857,2021,161014857,1,19,0,9,9,7,5,0,0,6,0,0,0,0,3,1,6,6,1,-1,-1,1753,2,16,FORD TRANSIT CONNECT,-1,-1,0,-1
2021371080611,2021,371080611,1,19,0,9,9,1,7,0,0,2,0,0,0,0,3,1,2,2,1,58,9,1499,2,5,FORD TRANSIT CONNECT,8,E01029890,0,-1
2021010320245,2021,010320245,2,19,0,9,9,8,6,0,0,1,0,0,0,0,3,1,1,1,1,33,6,1499,2,0,FORD TRANSIT CONNECT,8,E01017444,0,-1
2021231033771,2021,231033771,1,19,0,18,19,1,5,0,0,8,0,0,0,0,1,1,1,1,1,65,9,1560,2,6,FORD TRANSIT CONNECT,7,E01031247,0,-1
2021522102674,2021,522102674,2,19,0,18,19,7,3,0,0,0,0,0,0,0,4,1,6,6,3,65,9,1753,2,11,FORD TRANSIT CONNECT,-1,-1,0,-1
2021471092260,2021,471092260,1,19,0,9,9,5,1,0,0,1,0,0,0,0,-1,1,6,6,1,26,6,1499,2,4,FORD TRANSIT CONNECT,6,E01031408,0,-1
2021141047593,2021,141047593,1,19,0,18,19,6,8,0,0,6,0,0,0,0,3,1,6,6,1,70,10,1560,2,5,FORD TRANSIT CONNECT,6,E01007750,0,-1
2021010325631,2021,010325631,1,19,0,9,9,5,3,0,0,6,0,0,0,0,4,1,1,1,1,49,8,1499,2,4,FORD TRANSIT CONNECT,1,E01001427,0,-1
2021061028169,2021,061028169,2,19,0,18,19,7,7,0,0,1,5,0,0,0,3,1,6,6,1,52,8,1753,2,17,FORD TRANSIT CONNECT,-1,-1,0,-1
2021131059361,2021,131059361,2,19,0,18,19,7,3,0,0,1,0,0,0,0,4,1,1,1,1,23,5,1753,2,12,FORD TRANSIT CONNECT,5,E01011902,0,-1
2021991050043,2021,991050043,1,19,0,5,5,5,1,0,0,8,0,0,0,0,1,1,1,1,1,27,6,1753,2,12,FORD TRANSIT CONNECT,9,-1,0,-1
202154C561321,2021,54C561321,2,19,0,3,3,2,6,0,0,1,0,0,0,0,2,1,6,6,1,31,6,1753,2,14,FORD TRANSIT CONNECT,10,E01032700,0,-1
2021411053505,2021,411053505,1,19,0,9,9,1,7,0,0,4,0,0,0,0,1,1,6,6,3,-1,-1,1499,2,2,FORD TRANSIT CONNECT,-1,-1,0,-1
2021061034624,2021,061034624,1,19,0,7,7,8,2,0,0,1,0,0,0,0,3,1,5,6,1,48,8,1560,2,7,FORD TRANSIT CONNECT,5,E01006292,0,-1
2021010351098,2021,010351098,1,19,0,2,2,0,0,0,0,0,0,0,1,0,3,1,6,6,3,-1,-1,1753,2,14,FORD TRANSIT CONNECT,-1,-1,0,-1
2021461116427,2021,461116427,1,19,0,9,9,1,3,0,0,0,0,0,0,0,1,1,6,6,1,67,10,1560,2,7,FORD TRANSIT CONNECT,6,E01024729,0,-1
2021010332383,2021,010332383,2,19,9,99,99,9,9,99,99,0,9,99,9,99,9,9,6,6,1,-1,-1,1499,2,5,FORD TRANSIT CONNECT,6,E01002141,0,-1
2021471032437,2021,471032437,2,19,0,18,19,1,5,0,0,1,0,0,0,0,3,1,2,2,1,44,7,1499,2,4,FORD TRANSIT CONNECT,10,E01031736,0,-1
2021052100529,2021,052100529,2,19,0,3,3,7,3,0,0,1,0,0,0,0,2,1,1,1,1,27,6,1499,2,3,FORD TRANSIT CONNECT,1,E01006483,0,-1
2021552101187,2021,552101187,1,19,0,1,1,4,8,0,0,0,0,0,0,0,2,1,1,1,1,48,8,1753,2,9,FORD TRANSIT CONNECT,4,E01015321,0,-1
2021122100361,2021,122100361,1,19,0,18,19,5,1,0,0,1,1,0,0,0,1,1,1,1,1,34,6,1753,2,12,FORD TRANSIT CONNECT,4,E01011098,0,-1
2021201029465,2021,201029465,2,19,0,10,10,4,2,0,0,1,0,0,0,0,3,1,6,6,2,39,7,1753,2,18,FORD TRANSIT CONNECT,2,E01010506,0,-1
2021411111007,2021,411111007,2,19,0,18,19,1,5,0,0,4,0,0,0,0,1,1,2,2,1,34,6,1499,2,4,FORD TRANSIT CONNECT,8,E01016234,0,-1
2021501082235,2021,501082235,2,19,0,4,4,7,3,0,0,1,0,0,0,0,1,1,5,6,1,23,5,1560,2,6,FORD TRANSIT CONNECT,2,E01009742,0,-1
2021421038665,2021,421038665,1,19,0,9,9,5,3,0,0,2,0,0,7,0,1,1,1,1,1,38,7,1499,2,0,FORD TRANSIT CONNECT,7,E01015969,0,-1
202163C025221,2021,63C025221,2,19,0,17,19,1,6,0,0,0,0,0,1,10,4,1,2,2,1,35,6,1499,2,5,FORD TRANSIT CONNECT,5,W01000599,0,-1
2021231101527,2021,231101527,1,19,0,18,19,2,6,0,0,0,0,0,1,4,1,1,5,6,1,31,6,1560,2,5,FORD TRANSIT CONNECT,3,E01025822,0,-1
2021371065028,2021,371065028,1,19,0,18,19,5,1,0,0,0,0,0,0,0,1,1,5,6,1,78,11,1753,2,15,FORD TRANSIT CONNECT,8,E01030197,0,-1
2021221100365,2021,221100365,1,19,0,18,19,2,6,9,9,2,0,10,0,0,1,1,5,6,1,25,5,1753,2,15,FORD TRANSIT CONNECT,7,E01032425,0,-1
2021421023441,2021,421023441,1,19,0,15,15,5,1,0,0,1,0,0,0,0,1,1,6,6,1,21,5,1499,2,3,FORD TRANSIT CONNECT,-1,-1,0,-1
2021552200062,2021,552200062,1,19,0,18,19,5,1,0,0,0,0,0,0,0,1,1,1,1,1,33,6,1753,2,16,FORD TRANSIT CONNECT,7,E01020566,0,-1
2021010340961,2021,010340961,1,19,0,10,10,7,4,0,0,5,0,0,0,0,1,1,1,1,1,42,7,1499,2,1,FORD TRANSIT CONNECT,1,E01033405,0,-1
2021010337730,2021,010337730,1,19,0,14,14,7,3,0,0,0,0,0,0,0,3,1,6,6,1,24,5,1499,2,2,FORD TRANSIT CONNECT,2,E01001849,0,-1
2021421042312,2021,421042312,1,19,0,9,9,8,5,0,0,0,0,0,0,0,3,1,6,6,1,55,8,1753,2,17,FORD TRANSIT CONNECT,3,E01021859,0,-1
2021010330871,2021,010330871,1,19,9,5,5,5,1,0,0,1,9,11,9,0,1,1,6,6,1,62,9,1499,2,1,FORD TRANSIT CONNECT,4,E01002168,0,-1
2021361080170,2021,361080170,1,19,0,18,19,8,4,0,0,1,0,0,1,0,1,1,6,6,1,26,6,1753,2,17,FORD TRANSIT CONNECT,3,E01026652,0,-1
2021451124094,2021,451124094,1,19,0,18,19,5,1,0,0,0,0,0,0,0,1,1,1,1,1,39,7,1499,2,4,FORD TRANSIT CONNECT,9,E01031730,0,-1
202163D097321,2021,63D097321,1,19,0,17,19,8,5,0,0,1,0,0,0,0,4,1,1,1,1,43,7,1753,2,8,FORD TRANSIT CONNECT,8,W01000443,0,-1
2021430138468,2021,430138468,1,19,0,13,13,3,7,0,0,0,0,0,0,0,1,1,1,1,1,39,7,1499,2,1,FORD TRANSIT CONNECT,9,E01017658,0,-1
2021351090158,2021,351090158,6,19,0,18,19,3,7,0,0,0,0,0,0,0,2,1,5,6,1,31,6,1753,2,14,FORD TRANSIT CONNECT,1,E01028320,0,-1
20211381U0611,2021,1381U0611,1,19,0,18,19,3,7,0,0,0,0,0,0,0,4,1,6,6,1,56,9,1499,2,2,FORD TRANSIT CONNECT,8,E01011715,0,-1
2021421062012,2021,421062012,1,19,0,9,9,2,8,0,0,2,0,0,0,0,0,1,6,6,1,30,6,1560,2,5,FORD TRANSIT CONNECT,-1,-1,0,-1
2021547696921,2021,547696921,1,19,0,1,1,1,1,0,0,0,0,0,0,0,2,1,6,6,1,-1,-1,1499,2,4,FORD TRANSIT CONNECT,-1,-1,0,-1
2021991101287,2021,991101287,1,19,0,9,9,7,5,0,0,8,0,0,0,0,3,1,2,2,1,54,8,1499,2,0,FORD TRANSIT CONNECT,5,-1,0,-1
2021010332974,2021,010332974,2,19,0,9,9,3,1,0,0,5,0,0,0,0,4,1,1,1,1,26,6,1499,2,1,FORD TRANSIT CONNECT,6,E01024436,0,-1
2021461121358,2021,461121358,2,19,0,18,19,7,3,0,0,1,0,0,7,0,4,1,5,6,1,39,7,1499,2,2,FORD TRANSIT CONNECT,3,E01024001,0,-1
202134WNC2981,2021,34WNC2981,1,19,0,18,19,3,7,0,0,4,0,0,0,0,1,1,6,6,2,67,10,1753,2,11,FORD TRANSIT CONNECT,9,E01026997,0,-1
2021052100914,2021,052100914,1,19,0,5,5,3,7,0,0,0,0,0,1,11,3,1,6,6,1,33,6,1560,2,7,FORD TRANSIT CONNECT,5,E01029016,0,-1
2021131073384,2021,131073384,3,19,0,2,2,5,1,0,0,8,0,0,0,0,4,1,6,6,3,-1,-1,1499,2,2,FORD TRANSIT CONNECT,-1,-1,0,-1
2021501111350,2021,501111350,1,19,0,18,19,6,2,0,0,0,0,0,0,0,1,1,1,1,1,51,8,1499,2,5,FORD TRANSIT CONNECT,5,E01020208,0,-1
2021161064167,2021,161064167,1,19,0,4,4,8,4,0,0,1,0,0,0,0,2,1,1,1,1,54,8,1753,2,16,FORD TRANSIT CONNECT,4,E01013049,0,-1
2021010335961,2021,010335961,2,19,0,18,19,3,7,0,0,0,0,0,0,0,4,1,1,1,1,45,7,1499,2,2,FORD TRANSIT CONNECT,6,E01023934,0,-1
202134WNC0251,2021,34WNC0251,2,19,0,3,3,3,7,0,0,0,0,0,0,0,2,1,2,2,1,53,8,1499,2,3,FORD TRANSIT CONNECT,-1,-1,0,-1
2021451060751,2021,451060751,2,19,0,18,19,3,7,0,0,0,0,0,0,0,1,1,5,6,1,45,7,1499,2,3,FORD TRANSIT CONNECT,10,E01021157,0,-1
2021010346757,2021,010346757,2,19,0,2,2,0,0,0,0,1,0,0,3,3,2,1,6,6,3,-1,-1,1499,2,3,FORD TRANSIT CONNECT,-1,-1,0,-1
2021411065289,2021,411065289,2,19,0,18,19,7,3,0,0,0,0,0,0,0,1,1,6,6,1,30,6,1753,2,15,FORD TRANSIT CONNECT,3,E01017596,0,-1
2021010322895,2021,010322895,4,19,0,18,19,7,3,0,0,1,0,0,0,0,4,1,1,1,1,26,6,1499,2,3,FORD TRANSIT CONNECT,2,E01015855,0,-1
2021471086321,2021,471086321,1,19,0,18,19,2,6,0,0,1,0,0,7,0,1,1,1,1,1,67,10,1753,2,14,FORD TRANSIT CONNECT,5,E01016877,0,-1
2021320426766,2021,320426766,2,19,0,18,19,4,8,0,0,1,0,0,0,0,1,1,1,1,1,25,5,1499,2,0,FORD TRANSIT CONNECT,5,E01014207,0,-1
2021161067760,2021,161067760,1,19,0,15,15,4,8,0,0,2,0,0,0,0,3,1,6,6,1,26,6,1753,2,13,FORD TRANSIT CONNECT,1,E01012881,0,-1
2021031085009,2021,031085009,2,19,0,3,3,7,3,0,0,0,0,0,0,0,2,1,1,1,1,29,6,1499,2,2,FORD TRANSIT CONNECT,-1,-1,0,-1
2021161094145,2021,161094145,3,19,0,2,2,7,3,0,0,0,0,0,0,0,3,1,6,6,3,-1,-1,1753,2,17,FORD TRANSIT CONNECT,-1,-1,0,-1
2021010330459,2021,010330459,1,19,0,18,19,1,5,0,0,8,0,0,0,0,1,1,2,2,1,52,8,1753,2,15,FORD TRANSIT CONNECT,8,E01001614,0,-1
2021010342719,2021,010342719,2,19,9,99,99,9,9,99,99,9,9,99,9,99,9,9,6,6,3,25,5,1560,2,5,FORD TRANSIT CONNECT,2,E01000103,0,-1
2021440194091,2021,440194091,1,19,0,3,3,6,2,0,0,0,0,0,0,0,2,1,2,2,1,56,9,1753,2,15,FORD TRANSIT CONNECT,2,E01017140,0,-1
2021471045031,2021,471045031,2,19,0,4,4,4,8,0,0,1,0,0,0,0,2,1,2,2,1,57,9,1560,2,7,FORD TRANSIT CONNECT,10,E01016246,0,-1
2021421054736,2021,421054736,2,19,0,7,7,1,7,9,9,5,0,0,0,0,4,1,1,1,1,64,9,1753,2,14,FORD TRANSIT CONNECT,6,E01021331,0,-1
2021121054039,2021,121054039,3,19,0,18,19,1,5,0,0,0,0,0,0,0,3,1,1,1,1,40,7,1753,2,10,FORD TRANSIT CONNECT,2,E01008430,0,-1