collision_index,collision_year,collision_ref_no,vehicle_reference,vehicle_type,towing_and_articulation,vehicle_manoeuvre_historic,vehicle_manoeuvre,vehicle_direction_from,vehicle_direction_to,vehicle_location_restricted_lane_historic,vehicle_location_restricted_lane,junction_location,skidding_and_overturning,hit_object_in_carriageway,vehicle_leaving_carriageway,hit_object_off_carriageway,first_point_of_impact,vehicle_left_hand_drive,journey_purpose_of_driver_historic,journey_purpose_of_driver,sex_of_driver,age_of_driver,age_band_of_driver,engine_capacity_cc,propulsion_code,age_of_vehicle,generic_make_model,driver_imd_decile,lsoa_of_driver,escooter_flag,driver_distance_banding
2021501048322,2021,501048322,1,19,0,18,19,7,8,0,0,8,0,0,0,0,1,1,6,6,1,57,9,1753,2,17,FORD TRANSIT CONNECT,5,E01020127,0,-1
2021440113724,2021,440113724,1,19,0,18,19,8,8,0,0,0,0,0,0,0,1,1,2,2,1,52,8,1753,2,14,FORD TRANSIT CONNECT,3,E01017228,0,-1
2021211088508,2021,211088508,2,19,0,18,19,8,4,0,0,2,0,0,0,0,1,1,1,1,1,40,7,1753,2,18,FORD TRANSIT CONNECT,-1,-1,0,-1
2021451035653,2021,451035653,3,19,0,18,19,8,4,0,0,1,0,0,0,0,0,1,6,6,1,31,6,1753,2,15,FORD TRANSIT CONNECT,9,E01030646,0,-1
2021552100158,2021,552100158,1,19,0,18,19,1,5,0,0,8,0,0,0,0,4,1,6,6,1,73,10,1753,2,16,FORD TRANSIT CONNECT,4,E01020496,0,-1
2021411133882,2021,411133882,2,19,0,17,19,3,7,0,0,0,0,0,0,0,1,1,1,1,2,27,6,1499,2,4,FORD TRANSIT CONNECT,5,E01023537,0,-1
2021231017060,2021,231017060,3,19,0,16,19,1,3,0,0,8,1,0,7,0,2,1,5,6,1,60,9,1753,2,17,FORD TRANSIT CONNECT,3,W01001577,0,-1
2021501162250,2021,501162250,2,19,0,9,9,2,6,0,0,1,0,0,0,0,3,1,1,1,1,56,9,1499,2,5,FORD TRANSIT CONNECT,5,E01015188,0,-1
2021522101883,2021,522101883,1,19,0,-1,-1,-1,-1,0,0,6,0,0,0,0,1,1,1,1,1,52,8,1499,2,1,FORD TRANSIT CONNECT,6,E01029021,0,-1
2021451068735,2021,451068735,2,19,0,18,19,5,1,0,0,0,0,0,0,0,1,1,2,2,1,30,6,1560,2,6,FORD TRANSIT CONNECT,4,E01004628,0,-1
2021010341242,2021,010341242,1,19,0,3,3,3,7,0,0,2,0,0,0,0,1,1,2,2,1,50,8,1499,2,4,FORD TRANSIT CONNECT,8,E01002322,0,-1
2021070490037,2021,070490037,1,19,0,10,10,3,1,0,0,1,0,0,0,0,1,1,1,1,1,-1,-1,1499,2,3,FORD TRANSIT CONNECT,-1,-1,0,-1
2021231111868,2021,231111868,2,19,0,18,19,4,8,0,0,8,0,0,0,0,1,1,1,1,1,56,9,1499,2,3,FORD TRANSIT CONNECT,1,E01031015,0,-1
2021411090575,2021,411090575,1,19,0,18,19,-1,-1,9,9,8,0,0,0,0,4,1,6,6,1,36,7,1560,2,7,FORD TRANSIT CONNECT,4,E01023620,0,-1
2021122101405,2021,122101405,2,19,0,18,19,8,4,0,0,0,0,0,0,0,0,1,6,6,1,19,4,1753,2,16,FORD TRANSIT CONNECT,7,E01027571,0,-1
2021411138490,2021,411138490,2,19,0,18,19,2,6,0,0,0,0,0,0,0,1,1,5,6,1,62,9,1499,2,0,FORD TRANSIT CONNECT,8,E01017376,0,-1
2021010323313,2021,010323313,1,9,0,5,5,5,1,0,0,2,0,11,0,0,0,1,1,1,1,39,7,1499,2,4,FORD TRANSIT CONNECT,4,E01000616,0,-1
2021221097654,2021,221097654,2,19,0,18,19,8,4,0,0,8,0,0,0,0,1,1,1,1,1,70,10,1796,1,18,FORD TRANSIT CONNECT,1,E01014120,0,-1
2021052101855,2021,052101855,1,19,0,5,5,5,1,0,0,0,0,0,0,0,3,1,6,6,1,59,9,1753,2,15,FORD TRANSIT CONNECT,3,E01006719,0,-1
2021161090748,2021,161090748,4,19,0,3,3,7,3,0,0,0,0,0,0,0,2,1,1,1,1,45,7,1499,2,2,FORD TRANSIT CONNECT,9,E01008038,0,-1
2021440438825,2021,440438825,1,19,0,9,9,4,2,0,0,8,0,0,0,0,1,1,2,2,1,53,8,1560,2,7,FORD TRANSIT CONNECT,9,E01023134,0,-1
2021070739560,2021,070739560,1,19,0,4,4,1,5,0,0,1,1,0,0,0,1,1,6,6,1,31,6,1753,2,16,FORD TRANSIT CONNECT,-1,-1,0,-1
2021010329391,2021,010329391,1,19,0,18,19,1,5,0,0,1,0,0,0,0,1,1,1,1,1,30,6,1499,2,3,FORD TRANSIT CONNECT,7,E01000668,0,-1
2021010347974,2021,010347974,2,19,0,14,14,5,1,0,0,0,1,0,0,0,1,1,6,6,1,36,7,1796,7,17,FORD TRANSIT CONNECT,6,E01004174,0,-1
2021461101588,2021,461101588,2,19,0,13,13,5,1,0,0,1,1,7,7,10,4,1,1,1,1,46,8,1499,2,3,FORD TRANSIT CONNECT,6,E01016076,0,-1
2021070828696,2021,070828696,3,20,0,4,4,7,3,0,0,0,0,0,0,0,2,1,1,1,1,-1,-1,-1,-1,-1,FORD TRANSIT CONNECT,-1,-1,0,-1
2021991087711,2021,991087711,1,19,0,6,6,2,2,0,0,0,0,0,0,0,4,1,2,2,1,26,6,1499,2,4,FORD TRANSIT CONNECT,7,-1,0,-1
2021231102117,2021,231102117,1,19,0,18,19,2,6,0,0,1,0,0,0,0,1,1,5,6,1,38,7,1753,2,14,FORD TRANSIT CONNECT,-1,-1,0,-1
2021221054026,2021,221054026,1,19,0,17,19,8,5,0,0,0,0,0,1,0,3,1,1,1,1,42,7,1499,2,4,FORD TRANSIT CONNECT,8,E01032420,0,-1
2021421017027,2021,421017027,1,19,0,18,19,7,3,0,0,0,0,0,0,0,1,1,6,6,1,30,6,1499,2,2,FORD TRANSIT CONNECT,7,E01021966,0,-1
2021461079215,2021,461079215,1,19,0,18,19,6,2,0,0,0,0,0,0,0,1,1,6,6,1,22,5,1560,2,6,FORD TRANSIT CONNECT,9,E01024431,0,-1
2021351054831,2021,351054831,2,19,0,17,19,5,2,0,0,1,0,0,0,0,1,1,2,2,1,24,5,1753,2,18,FORD TRANSIT CONNECT,7,E01018165,0,-1
2021141043401,2021,141043401,1,19,0,18,19,1,5,0,0,0,0,0,0,0,1,1,1,1,1,26,6,1499,2,4,FORD TRANSIT CONNECT,7,E01028021,0,-1
2021010330330,2021,010330330,1,19,0,7,7,7,8,0,0,2,0,0,0,0,1,1,6,6,1,62,9,1753,2,15,FORD TRANSIT CONNECT,4,E01001975,0,-1
2021070727573,2021,070727573,1,19,0,9,9,3,1,0,0,1,0,0,0,0,1,1,6,6,1,23,5,1499,2,0,FORD TRANSIT CONNECT,8,E01006383,0,-1
2021991021252,2021,991021252,1,19,4,9,9,1,6,0,0,8,0,0,7,0,1,1,5,6,1,42,7,1499,2,4,FORD TRANSIT CONNECT,7,-1,0,-1
2021471087920,2021,471087920,2,19,0,2,2,0,0,6,6,0,0,0,0,0,0,1,6,6,3,-1,-1,1753,2,14,FORD TRANSIT CONNECT,-1,-1,0,-1
2021461017253,2021,461017253,1,19,0,7,7,7,3,0,0,6,0,0,0,0,1,1,2,2,1,20,4,1560,2,6,FORD TRANSIT CONNECT,2,E01024840,0,-1
2021061114321,2021,061114321,1,19,0,5,5,4,8,0,0,1,0,0,0,0,1,1,1,1,1,38,7,1560,2,7,FORD TRANSIT CONNECT,4,E01006002,0,-1
2021010319430,2021,010319430,3,19,0,2,2,0,0,0,0,1,0,0,0,0,3,1,6,6,3,-1,-1,1753,2,14,FORD TRANSIT CONNECT,-1,-1,0,-1
2021421102199,2021,421102199,2,19,0,2,2,8,5,0,0,0,0,0,0,0,4,1,6,6,3,-1,-1,1499,2,5,FORD TRANSIT CONNECT,-1,-1,0,-1
2021552101035,2021,552101035,2,19,0,9,9,7,5,0,0,6,0,0,0,0,1,1,2,2,1,52,8,1560,2,5,FORD TRANSIT CONNECT,5,E01015286,0,-1
2021440476079,2021,440476079,1,19,0,18,19,5,1,9,9,4,0,10,1,2,1,1,6,6,1,29,6,1499,2,2,FORD TRANSIT CONNECT,7,E01023271,0,-1
2021010356777,2021,010356777,1,19,0,18,19,1,5,0,0,0,1,4,1,6,3,1,2,2,1,28,6,1753,2,13,FORD TRANSIT CONNECT,3,E01002491,0,-1
2021401101459,2021,401101459,2,19,0,2,2,0,0,0,0,0,0,0,0,0,2,1,6,6,3,-1,-1,1499,2,2,FORD TRANSIT CONNECT,-1,-1,0,-1
2021461084413,2021,461084413,1,19,0,14,14,1,5,0,0,0,0,0,0,0,4,1,6,6,1,-1,-1,1499,2,4,FORD TRANSIT CONNECT,5,E01016149,0,-1
2021421013822,2021,421013822,1,19,0,18,19,5,1,0,0,3,1,12,0,0,1,1,5,6,1,38,7,1753,2,16,FORD TRANSIT CONNECT,4,E01021260,0,-1
2021991024049,2021,991024049,2,19,0,13,13,7,3,0,0,0,1,6,7,4,4,1,6,6,1,58,9,1499,2,0,FORD TRANSIT CONNECT,2,-1,0,-1
2021041184082,2021,041184082,1,19,0,18,19,3,7,0,0,4,0,0,0,0,1,1,6,6,1,-1,-1,1560,2,7,FORD TRANSIT CONNECT,-1,-1,0,-1
2021361046466,2021,361046466,1,19,0,18,19,4,8,0,0,1,0,0,0,0,1,1,5,6,1,27,6,1560,2,7,FORD TRANSIT CONNECT,6,E01026486,0,-1
2021411015607,2021,411015607,3,19,0,18,19,2,6,0,0,0,0,0,0,0,1,1,6,6,1,24,5,1499,2,1,FORD TRANSIT CONNECT,10,E01023715,0,-1
2021411086146,2021,411086146,2,19,0,18,19,6,2,0,0,0,0,12,0,0,1,1,1,1,1,34,6,1499,2,5,FORD TRANSIT CONNECT,10,E01023595,0,-1
2021141053642,2021,141053642,1,19,0,18,19,4,8,0,0,1,0,0,0,0,3,1,6,6,1,24,5,1560,2,6,FORD TRANSIT CONNECT,4,E01007728,0,-1
2021451089150,2021,451089150,1,19,0,18,19,1,5,0,0,0,2,0,1,7,1,1,6,6,1,26,6,1499,2,4,FORD TRANSIT CONNECT,9,E01030326,0,-1
2021411044346,2021,411044346,4,19,0,3,3,4,8,0,0,0,0,0,0,0,2,1,2,2,1,18,4,1499,2,4,FORD TRANSIT CONNECT,8,E01017376,0,-1
2021421051979,2021,421051979,1,19,0,18,19,6,2,0,0,0,0,0,0,0,1,1,5,6,1,44,7,1753,2,16,FORD TRANSIT CONNECT,8,E01021964,0,-1
2021471056451,2021,471056451,3,19,0,18,19,3,7,0,0,1,0,0,0,0,1,1,1,1,1,30,6,1499,2,0,FORD TRANSIT CONNECT,-1,-1,0,-1
2021201073594,2021,201073594,1,19,0,18,19,1,5,0,0,8,0,0,0,0,1,1,6,6,1,43,7,1499,2,4,FORD TRANSIT CONNECT,3,E01009633,0,-1
2021552200119,2021,552200119,1,19,0,18,19,8,4,0,0,8,0,0,0,0,1,1,6,6,1,31,6,1753,2,16,FORD TRANSIT CONNECT,-1,-1,0,-1
2021451085411,2021,451085411,2,19,0,18,19,1,5,0,0,4,0,0,0,0,3,1,6,6,1,57,9,1753,2,14,FORD TRANSIT CONNECT,3,E01004182,0,-1
2021501099754,2021,501099754,1,19,0,18,19,5,1,0,0,1,0,0,0,0,1,1,5,6,1,51,8,1753,2,15,FORD TRANSIT CONNECT,6,E01019897,0,-1
2021430458431,2021,430458431,3,19,0,4,4,6,2,0,0,0,0,0,0,0,1,1,1,1,1,47,8,1499,2,4,FORD TRANSIT CONNECT,-1,-1,0,-1
2021010315314,2021,010315314,2,19,0,99,99,9,9,99,99,9,9,99,9,99,9,9,6,6,3,53,8,1499,2,3,FORD TRANSIT CONNECT,6,E01023601,0,-1
202134WNC0751,2021,34WNC0751,2,19,0,18,19,7,3,0,0,0,0,0,0,0,3,1,1,1,1,35,6,1753,2,16,FORD TRANSIT CONNECT,-1,-1,0,-1
202131C051521,2021,31C051521,2,19,0,18,19,8,4,0,0,8,0,0,0,0,1,1,6,6,1,47,8,1753,2,14,FORD TRANSIT CONNECT,1,E01013959,0,-1
2021201099583,2021,201099583,2,19,0,18,19,4,8,0,0,1,0,0,0,0,2,1,6,6,1,30,6,1499,2,5,FORD TRANSIT CONNECT,2,E01011230,0,-1
2021401105074,2021,401105074,1,19,0,16,19,4,8,0,0,0,1,0,1,9,1,1,2,2,1,32,6,1753,2,12,FORD TRANSIT CONNECT,10,E01017530,0,-1
2021471047323,2021,471047323,1,19,0,9,9,5,3,0,0,1,0,0,0,0,1,1,2,2,1,53,8,1753,2,19,FORD TRANSIT CONNECT,2,E01020910,0,-1
2021461013151,2021,461013151,2,19,0,18,19,3,7,0,0,1,0,0,0,0,2,1,5,6,1,32,6,1499,2,2,FORD TRANSIT CONNECT,6,E01024736,0,-1
202163A016421,2021,63A016421,2,19,0,4,4,4,8,0,0,0,0,0,0,0,2,1,1,1,1,29,6,1560,2,7,FORD TRANSIT CONNECT,8,W01000694,0,-1
2021111121688,2021,111121688,1,19,0,4,4,3,7,0,0,1,0,0,1,10,1,1,1,1,1,43,7,1499,2,0,FORD TRANSIT CONNECT,1,E01012128,0,-1
2021010330136,2021,010330136,3,19,0,3,3,1,5,0,0,0,0,0,0,0,2,1,1,1,1,55,8,1499,2,3,FORD TRANSIT CONNECT,1,E01003511,0,-1
2021141114190,2021,141114190,2,19,0,18,19,-1,-1,0,0,1,-1,-1,-1,0,1,1,6,6,3,-1,-1,1753,2,17,FORD TRANSIT CONNECT,-1,-1,0,-1
2021371066760,2021,371066760,2,19,0,9,9,4,2,0,0,1,0,0,0,0,3,1,2,2,1,41,7,1499,2,3,FORD TRANSIT CONNECT,10,E01033319,0,-1
2021302101587,2021,302101587,1,19,0,11,11,8,4,0,0,0,5,10,1,4,4,1,2,2,1,31,6,1753,2,8,FORD TRANSIT CONNECT,9,E01019762,0,-1
2021201096298,2021,201096298,1,19,0,18,19,6,2,0,0,1,0,0,0,0,1,1,6,6,1,-1,-1,1499,2,3,FORD TRANSIT CONNECT,-1,-1,0,-1
2021061096120,2021,061096120,3,19,0,17,19,6,2,0,0,8,0,0,0,0,0,1,5,6,1,49,8,1560,2,6,FORD TRANSIT CONNECT,-1,-1,0,-1
2021411033814,2021,411033814,4,19,0,18,19,5,1,0,0,0,0,0,0,0,3,1,1,1,1,27,6,1499,2,4,FORD TRANSIT CONNECT,4,E01004396,0,-1
2021411018797,2021,411018797,1,19,0,9,9,5,3,0,0,1,0,0,0,0,1,1,5,6,1,40,7,1499,2,4,FORD TRANSIT CONNECT,8,E01022068,0,-1
2021501025170,2021,501025170,4,19,0,2,2,0,0,0,0,1,0,0,0,0,1,1,5,6,1,24,5,1560,2,7,FORD TRANSIT CONNECT,6,E01020315,0,-1
2021010352920,2021,010352920,2,19,0,99,99,9,9,99,99,9,9,99,9,99,1,9,6,6,3,-1,-1,1499,2,1,FORD TRANSIT CONNECT,-1,-1,0,-1
2021451126976,2021,451126976,2,19,0,17,19,3,4,0,0,6,0,0,0,0,1,1,5,6,1,40,7,1560,2,7,FORD TRANSIT CONNECT,3,E01020941,0,-1
2021010349197,2021,010349197,2,19,0,18,19,5,1,0,0,4,0,0,0,0,3,1,6,6,1,66,10,1753,2,16,FORD TRANSIT CONNECT,7,E01031471,0,-1
2021371100512,2021,371100512,2,19,0,18,19,2,6,0,0,0,0,0,0,0,1,1,1,1,3,29,6,1560,2,5,FORD TRANSIT CONNECT,9,E01030148,0,-1
2021451074542,2021,451074542,2,19,0,4,4,4,6,0,0,0,0,0,0,0,1,1,5,6,1,36,7,1499,2,2,FORD TRANSIT CONNECT,5,E01030464,0,-1
2021401062647,2021,401062647,2,19,0,5,5,2,8,0,0,6,0,0,0,0,1,1,1,1,1,20,4,1499,2,2,FORD TRANSIT CONNECT,10,E01017405,0,-1
2021421080925,2021,421080925,1,19,0,17,19,4,1,0,0,8,1,0,1,1,1,1,5,6,1,35,6,1753,2,18,FORD TRANSIT CONNECT,2,E01021370,0,-1
2021411040444,2021,411040444,1,19,0,4,4,3,7,0,0,1,0,0,0,0,1,1,6,6,1,32,6,1753,2,10,FORD TRANSIT CONNECT,4,E01023757,0,-1
2021421110814,2021,421110814,1,19,0,18,19,7,3,0,0,0,0,0,0,0,1,1,6,6,1,27,6,1753,2,11,FORD TRANSIT CONNECT,10,E01021958,0,-1
2021991067800,2021,991067800,2,19,0,6,6,4,8,0,0,0,0,0,0,0,3,1,6,6,1,37,7,1499,2,3,FORD TRANSIT CONNECT,2,-1,0,-1
2021421087712,2021,421087712,2,19,0,16,19,5,8,0,0,0,1,0,0,0,1,1,5,6,1,56,9,1499,2,0,FORD TRANSIT CONNECT,-1,-1,0,-1
2021401058339,2021,401058339,1,19,0,13,13,5,1,0,0,0,0,0,6,0,1,1,5,6,1,35,6,1753,2,14,FORD TRANSIT CONNECT,6,E01023633,0,-1
2021461090894,2021,461090894,3,19,0,4,4,2,6,0,0,1,0,0,0,0,2,1,2,2,1,57,9,1753,2,8,FORD TRANSIT CONNECT,5,E01024223,0,-1
2021401059337,2021,401059337,2,19,0,4,4,8,4,0,0,0,0,0,0,0,2,1,1,1,1,44,7,1499,2,1,FORD TRANSIT CONNECT,5,E01023560,0,-1
2021411063404,2021,411063404,3,19,0,18,19,6,2,0,0,0,0,0,0,0,4,1,1,1,1,30,6,1499,2,3,FORD TRANSIT CONNECT,10,E01022062,0,-1
2021061059805,2021,061059805,1,19,0,18,19,4,8,0,0,0,0,0,0,0,2,1,1,1,1,71,10,1499,2,0,FORD TRANSIT CONNECT,5,E01025212,0,-1
2021010294857,2021,010294857,1,19,0,18,19,7,3,0,0,8,0,0,0,0,1,1,6,6,1,44,7,1753,2,17,FORD TRANSIT CONNECT,6,E01030748,0,-1
2021351066377,2021,351066377,2,19,0,18,19,-1,-1,0,0,0,0,0,0,0,0,1,1,1,3,-1,-1,1499,2,3,FORD TRANSIT CONNECT,-1,-1,0,-1
2021401041893,2021,401041893,3,19,-1,-1,-1,-1,-1,-1,-1,0,-1,-1,-1,0,-1,1,6,6,3,-1,-1,1499,2,2,FORD TRANSIT CONNECT,-1,-1,0,-1
2021010323064,2021,010323064,1,19,0,99,99,9,9,99,99,9,9,99,9,99,2,9,6,6,3,-1,-1,1753,2,13,FORD TRANSIT CONNECT,-1,-1,0,-1
2021010347384,2021,010347384,2,19,0,2,2,0,0,0,0,0,0,0,0,0,1,1,6,6,3,-1,-1,1499,2,2,FORD TRANSIT CONNECT,-1,-1,0,-1
2021010314170,2021,010314170,2,19,0,3,3,3,7,0,0,1,0,0,0,0,1,1,2,2,1,67,10,1560,2,6,FORD TRANSIT CONNECT,4,E01002551,0,-1
2021461125141,2021,461125141,1,19,0,5,5,6,6,0,0,1,0,0,0,0,3,1,1,1,1,55,8,1499,2,1,FORD TRANSIT CONNECT,9,E01024442,0,-1
2021131098682,2021,131098682,1,19,0,9,9,5,1,0,0,8,0,0,0,0,4,1,6,6,1,48,8,1560,2,6,FORD TRANSIT CONNECT,6,E01011610,0,-1
2021010349979,2021,010349979,1,19,0,7,7,5,7,0,0,5,0,0,0,0,3,1,1,1,1,53,8,1499,2,4,FORD TRANSIT CONNECT,3,E01021269,0,-1
2021461026403,2021,461026403,3,19,0,2,2,0,0,0,0,0,0,0,0,0,2,1,6,6,1,-1,-1,1499,2,1,FORD TRANSIT CONNECT,-1,-1,0,-1
2021430141142,2021,430141142,2,19,0,3,3,0,0,0,0,1,0,0,0,0,3,1,6,6,1,26,6,1753,2,14,FORD TRANSIT CONNECT,9,E01028618,0,-1
2021141068685,2021,141068685,1,19,0,18,19,1,5,0,0,0,0,0,0,0,2,1,2,2,1,29,6,1499,2,5,FORD TRANSIT CONNECT,3,E01011014,0,-1
2021531086712,2021,531086712,3,19,0,18,19,7,3,0,0,0,1,0,0,0,1,1,5,6,1,59,9,1753,2,8,FORD TRANSIT CONNECT,7,E01017437,0,-1
2021010320152,2021,010320152,2,19,0,7,7,3,6,0,0,5,0,0,0,0,4,1,1,1,1,36,7,1560,2,7,FORD TRANSIT CONNECT,8,E01030860,0,-1
2021552101366,2021,552101366,1,19,0,18,19,6,2,0,0,4,0,0,0,0,1,1,6,6,1,28,6,1753,2,13,FORD TRANSIT CONNECT,2,E01015312,0,-1
2021161055215,2021,161055215,2,19,0,18,19,5,1,0,0,4,1,0,1,0,2,1,5,6,1,31,6,1753,2,13,FORD TRANSIT CONNECT,8,E01007685,0,-1
2021401176791,2021,401176791,3,98,0,4,4,6,2,0,0,0,0,0,0,0,4,1,1,1,1,46,8,1499,2,4,-1,3,E01018094,0,-1
2021991054617,2021,991054617,2,19,0,18,19,3,6,0,0,0,0,0,0,0,1,1,1,1,1,32,6,1499,2,3,FORD TRANSIT CONNECT,5,E01031021,0,-1
2021421099172,2021,421099172,2,19,0,18,19,7,3,0,0,0,0,0,0,0,1,1,6,6,2,38,7,1560,2,7,FORD TRANSIT CONNECT,6,E01021930,0,-1
2021041064684,2021,041064684,2,19,0,3,3,3,5,0,0,8,0,0,0,0,2,1,2,2,1,51,8,1753,2,14,FORD TRANSIT CONNECT,3,E01025076,0,-1
2021440291626,2021,440291626,3,19,0,2,2,0,0,0,0,0,0,0,0,0,2,1,6,6,3,-1,-1,1753,2,19,FORD TRANSIT CONNECT,-1,-1,0,-1
2021010324531,2021,010324531,2,19,0,2,2,0,0,0,0,0,0,0,0,0,4,1,6,6,3,-1,-1,1753,2,12,FORD TRANSIT CONNECT,-1,-1,0,-1
2021451101239,2021,451101239,1,19,0,7,7,3,1,0,0,0,0,0,0,0,4,1,5,6,2,25,5,1499,2,2,FORD TRANSIT CONNECT,6,E01030737,0,-1
2021522102158,2021,522102158,2,19,0,18,19,5,1,0,0,1,0,0,0,0,2,1,6,6,1,32,6,1499,2,2,FORD TRANSIT CONNECT,-1,-1,0,-1
2021461050446,2021,461050446,5,19,0,18,19,1,5,0,0,0,1,0,0,0,1,1,6,6,1,44,7,1560,2,6,FORD TRANSIT CONNECT,3,E01003493,0,-1
2021471052965,2021,471052965,2,19,0,3,3,4,8,0,0,0,0,0,0,0,2,1,1,1,1,32,6,1499,2,4,FORD TRANSIT CONNECT,2,E01017241,0,-1
2021302101394,2021,302101394,2,19,0,18,19,4,8,0,0,8,0,0,0,0,1,1,6,6,1,29,6,1753,2,14,FORD TRANSIT CONNECT,1,E01019625,0,-1
2021101024464,2021,101024464,1,19,0,4,4,3,7,0,0,2,0,0,0,0,1,1,6,6,1,72,10,1499,2,2,FORD TRANSIT CONNECT,3,E01008432,0,-1
2021101012881,2021,101012881,3,19,0,18,19,4,8,0,0,0,1,0,0,0,1,1,1,1,1,35,6,1499,2,5,FORD TRANSIT CONNECT,8,E01012141,0,-1
2021401107222,2021,401107222,2,19,0,2,2,7,3,6,6,0,0,0,0,0,4,1,5,6,1,43,7,1753,2,13,FORD TRANSIT CONNECT,8,E01027162,0,-1
2021361076735,2021,361076735,1,19,0,11,11,5,1,0,0,0,0,0,0,0,4,1,2,2,1,32,6,1753,2,19,FORD TRANSIT CONNECT,7,E01026462,0,-1
2021221091303,2021,221091303,2,19,0,4,4,4,8,0,0,0,0,0,0,0,2,1,6,6,1,-1,-1,1753,2,14,FORD TRANSIT CONNECT,7,E01029673,0,-1
2021501109561,2021,501109561,2,20,0,3,3,5,1,0,0,0,0,0,0,0,2,1,2,2,1,59,9,-1,-1,-1,FORD TRANSIT CONNECT,4,E01018757,0,-1
2021361054889,2021,361054889,1,19,0,9,9,6,4,0,0,0,0,0,0,0,3,1,2,2,1,31,6,1753,2,13,FORD TRANSIT CONNECT,8,E01026470,0,-1
202134NNC2791,2021,34NNC2791,1,19,0,18,19,7,3,0,0,0,0,0,0,0,1,1,1,1,1,29,6,1560,2,6,FORD TRANSIT CONNECT,1,E01027339,0,-1
2021610051021,2021,610051021,2,19,0,17,19,7,4,0,0,3,0,0,0,0,3,1,1,1,1,52,8,1499,2,1,FORD TRANSIT CONNECT,7,W01001420,0,-1
2021991028026,2021,991028026,1,19,0,18,19,5,1,0,0,0,5,0,7,0,1,1,6,6,1,30,6,1753,2,8,FORD TRANSIT CONNECT,2,-1,0,-1
2021010289177,2021,010289177,2,19,0,99,99,9,9,0,0,1,0,0,0,0,9,9,6,6,3,-1,-1,1560,2,7,FORD TRANSIT CONNECT,-1,-1,0,-1
2021010336082,2021,010336082,1,19,0,9,9,7,5,0,0,8,0,0,0,0,1,1,2,2,1,25,5,1499,2,4,FORD TRANSIT CONNECT,1,E01003246,0,-1
2021231126049,2021,231126049,1,19,0,7,7,2,5,0,0,6,0,0,0,0,1,1,1,1,1,40,7,1499,2,1,FORD TRANSIT CONNECT,4,E01031185,0,-1
2021221018887,2021,221018887,1,19,0,18,19,4,8,0,0,0,0,0,0,0,1,1,2,2,1,20,4,1753,2,18,FORD TRANSIT CONNECT,8,E01032349,0,-1
2021010322750,2021,010322750,2,19,0,9,9,8,6,0,0,1,0,0,0,0,1,1,6,6,3,-1,-1,1499,2,3,FORD TRANSIT CONNECT,-1,-1,0,-1
2021430220998,2021,430220998,1,19,0,18,19,8,4,0,0,0,0,0,0,0,2,1,2,2,1,34,6,1753,2,15,FORD TRANSIT CONNECT,8,E01016337,0,-1
2021010311190,2021,010311190,1,19,0,99,99,9,9,99,99,9,9,99,9,99,1,9,2,2,1,31,6,1499,2,4,FORD TRANSIT CONNECT,3,E01001412,0,-1
2021041094801,2021,041094801,2,19,0,18,19,3,7,0,0,1,0,4,0,0,1,1,5,6,1,41,7,1753,2,10,FORD TRANSIT CONNECT,4,E01025024,0,-1
2021421019011,2021,421019011,1,19,0,18,19,1,5,0,0,1,0,0,0,0,1,1,6,6,1,82,11,1753,2,15,FORD TRANSIT CONNECT,10,E01015914,0,-1
2021461106914,2021,461106914,1,19,0,-1,-1,-1,-1,-1,-1,0,-1,-1,-1,0,-1,1,6,6,1,50,8,1753,2,11,FORD TRANSIT CONNECT,9,E01024415,0,-1
2021010300614,2021,010300614,1,19,0,99,99,9,9,99,99,9,9,99,9,99,2,9,6,6,1,40,7,1499,2,4,FORD TRANSIT CONNECT,1,E01002036,0,-1
2021201092102,2021,201092102,1,19,0,18,19,2,6,0,0,4,1,0,0,0,1,1,6,6,1,70,10,1753,2,14,FORD TRANSIT CONNECT,7,E01010219,0,-1
2021010337222,2021,010337222,4,19,0,15,15,3,7,0,0,6,0,0,0,0,1,1,6,6,1,21,5,1753,2,13,FORD TRANSIT CONNECT,-1,-1,0,-1
2021201086075,2021,201086075,1,19,0,18,19,6,2,0,0,8,5,0,0,0,3,1,1,1,1,22,5,1499,2,4,FORD TRANSIT CONNECT,4,E01009320,0,-1
2021421102431,2021,421102431,3,19,0,3,3,3,7,0,0,0,0,0,0,0,0,1,6,6,1,30,6,1753,2,16,FORD TRANSIT CONNECT,5,E01022034,0,-1
2021622100794,2021,622100794,1,19,0,18,19,7,3,0,0,1,0,0,0,0,1,1,6,6,3,-1,-1,1753,2,15,FORD TRANSIT CONNECT,-1,-1,0,-1