collision_index,collision_year,collision_ref_no,vehicle_reference,vehicle_type,towing_and_articulation,vehicle_manoeuvre_historic,vehicle_manoeuvre,vehicle_direction_from,vehicle_direction_to,vehicle_location_restricted_lane_historic,vehicle_location_restricted_lane,junction_location,skidding_and_overturning,hit_object_in_carriageway,vehicle_leaving_carriageway,hit_object_off_carriageway,first_point_of_impact,vehicle_left_hand_drive,journey_purpose_of_driver_historic,journey_purpose_of_driver,sex_of_driver,age_of_driver,age_band_of_driver,engine_capacity_cc,propulsion_code,age_of_vehicle,generic_make_model,driver_imd_decile,lsoa_of_driver,escooter_flag,driver_distance_banding
2021010331435,2021,010331435,1,19,0,16,19,7,1,0,0,1,0,0,0,0,1,1,6,6,1,55,8,1753,2,17,FORD TRANSIT CONNECT,-1,-1,0,-1
2021061089561,2021,061089561,2,19,0,18,19,4,8,0,0,8,0,0,0,0,4,1,6,6,3,30,6,1753,2,15,FORD TRANSIT CONNECT,-1,-1,0,-1
2021070658909,2021,070658909,1,19,0,18,19,8,4,0,0,1,5,10,8,2,4,1,6,6,1,29,6,1499,2,2,FORD TRANSIT CONNECT,6,E01027532,0,-1
2021461036224,2021,461036224,2,19,0,10,10,5,1,0,0,1,0,0,0,0,1,1,2,2,1,33,6,1499,2,3,FORD TRANSIT CONNECT,10,E01024336,0,-1
2021052101887,2021,052101887,2,19,0,18,19,5,1,0,0,1,1,0,0,0,1,1,6,6,1,44,7,1753,2,18,FORD TRANSIT CONNECT,3,E01006587,0,-1
2021421016330,2021,421016330,1,19,0,18,19,2,6,0,0,0,0,0,0,0,1,1,6,6,1,72,10,1753,2,9,FORD TRANSIT CONNECT,4,E01021651,0,-1
2021111092599,2021,111092599,1,19,0,9,9,7,5,0,0,2,0,0,0,0,1,1,6,6,3,30,6,1753,2,14,FORD TRANSIT CONNECT,-1,-1,0,-1
2021010290413,2021,010290413,3,19,0,5,5,3,7,0,0,1,0,0,0,0,2,1,6,6,1,67,10,1753,2,17,FORD TRANSIT CONNECT,3,E01003618,0,-1
2021302100398,2021,302100398,1,19,0,9,9,2,8,0,0,5,0,0,0,0,1,1,1,1,1,44,7,1499,2,2,FORD TRANSIT CONNECT,5,E01019196,0,-1
2021361098508,2021,361098508,5,21,0,18,19,7,3,0,0,0,0,1,0,0,1,1,5,6,1,38,7,-1,-1,-1,FORD TRANSIT CONNECT,2,E01026600,0,-1
2021211101431,2021,211101431,1,19,0,18,19,7,3,0,0,0,0,0,0,0,1,1,2,2,1,25,5,1499,2,5,FORD TRANSIT CONNECT,7,E01029805,0,-1
2021061114229,2021,061114229,1,19,0,1,1,8,4,0,0,8,0,0,0,0,2,1,6,6,3,30,6,1560,2,7,FORD TRANSIT CONNECT,-1,-1,0,-1
2021501097832,2021,501097832,1,19,0,8,8,2,6,0,0,1,0,0,0,0,1,1,2,2,1,29,6,1753,2,16,FORD TRANSIT CONNECT,8,E01015098,0,-1
2021010317449,2021,010317449,1,19,0,18,19,3,7,0,0,2,0,0,0,0,1,1,2,2,1,26,6,1753,2,13,FORD TRANSIT CONNECT,-1,-1,0,-1
2021302101007,2021,302101007,1,19,0,18,19,6,2,0,0,0,0,4,1,11,1,1,6,6,1,41,7,1753,2,12,FORD TRANSIT CONNECT,9,E01019684,0,-1
2021531019791,2021,531019791,2,19,0,17,19,2,6,0,0,0,0,0,0,0,1,1,2,2,1,52,8,1753,2,12,FORD TRANSIT CONNECT,6,E01022400,0,-1
2021411022170,2021,411022170,2,19,0,18,19,8,4,0,0,0,0,0,0,0,1,1,6,6,1,42,7,1499,2,4,FORD TRANSIT CONNECT,8,E01023729,0,-1
2021471032134,2021,471032134,1,19,0,7,7,7,3,0,0,1,0,0,3,0,4,1,1,1,1,31,6,1499,2,3,FORD TRANSIT CONNECT,4,E01028130,0,-1
2021440389845,2021,440389845,2,19,0,18,19,1,5,0,0,8,0,0,0,0,1,1,6,6,1,-1,-1,1753,2,14,FORD TRANSIT CONNECT,-1,-1,0,-1
202131D061421,2021,31D061421,2,19,0,17,19,8,6,0,0,8,0,0,0,0,1,1,1,1,2,44,7,1499,2,2,FORD TRANSIT CONNECT,7,E01028378,0,-1
2021421021280,2021,421021280,1,19,0,4,4,7,3,0,0,0,0,0,0,0,1,1,2,2,1,41,7,1753,2,17,FORD TRANSIT CONNECT,5,E01021720,0,-1
2021010349693,2021,010349693,2,19,0,99,99,9,9,99,99,9,9,99,9,99,1,9,6,6,3,27,6,1499,2,3,FORD TRANSIT CONNECT,4,E01002681,0,-1
2021461114422,2021,461114422,1,19,0,9,9,4,3,0,0,0,0,0,0,0,0,1,6,6,2,26,6,1753,2,14,FORD TRANSIT CONNECT,6,E01024736,0,-1
2021430383347,2021,430383347,1,19,0,9,9,4,3,0,0,8,0,0,0,0,1,1,6,6,1,63,9,1499,2,3,FORD TRANSIT CONNECT,6,E01028558,0,-1
2021161053061,2021,161053061,1,19,0,18,19,7,3,0,0,8,0,0,0,0,1,1,6,6,1,60,9,1499,2,3,FORD TRANSIT CONNECT,6,E01013301,0,-1
2021351165608,2021,351165608,1,19,0,18,19,7,3,0,0,0,0,0,0,0,0,1,2,2,1,38,7,1753,2,15,FORD TRANSIT CONNECT,9,E01018123,0,-1
2021302101915,2021,302101915,1,19,0,7,7,4,6,0,0,6,0,0,0,0,1,1,6,6,1,25,5,1753,2,14,FORD TRANSIT CONNECT,5,E01033537,0,-1
2021520105212,2021,520105212,1,19,0,18,19,5,1,0,0,1,0,0,0,0,1,1,6,6,1,40,7,1753,2,14,FORD TRANSIT CONNECT,-1,-1,0,-1
2021122100795,2021,122100795,2,20,0,18,19,1,5,0,0,0,5,0,1,0,1,1,1,1,1,58,9,-1,-1,-1,FORD TRANSIT CONNECT,-1,-1,0,-1
2021991133203,2021,991133203,1,19,0,17,19,4,1,0,0,1,0,0,3,0,1,1,5,6,1,32,6,1499,2,5,FORD TRANSIT CONNECT,3,-1,0,-1
2021461127399,2021,461127399,1,19,0,7,7,6,2,9,9,8,0,10,2,0,1,1,6,6,1,55,8,1560,2,6,FORD TRANSIT CONNECT,10,E01024720,0,-1
2021010295950,2021,010295950,1,19,0,8,8,3,6,0,0,6,0,0,0,0,2,1,2,2,1,47,8,1753,2,14,FORD TRANSIT CONNECT,4,E01000608,0,-1
2021552100310,2021,552100310,1,19,0,7,7,8,6,0,0,5,0,0,0,0,1,1,1,1,1,35,6,1499,2,4,FORD TRANSIT CONNECT,9,E01020399,0,-1
2021201136701,2021,201136701,2,19,0,18,19,4,8,0,0,0,0,0,0,0,4,1,6,6,1,30,6,1499,2,4,FORD TRANSIT CONNECT,2,E01031010,0,-1
2021411025910,2021,411025910,1,19,0,17,19,6,1,0,0,8,0,0,0,0,1,1,1,1,1,61,9,1560,2,7,FORD TRANSIT CONNECT,10,E01030863,0,-1
2021361100250,2021,361100250,3,19,0,2,2,0,0,0,0,8,0,0,0,0,1,1,6,6,3,-1,-1,1560,2,6,FORD TRANSIT CONNECT,-1,-1,0,-1
2021451107384,2021,451107384,1,19,0,18,19,5,1,0,0,0,0,0,0,0,1,1,5,6,1,29,6,1560,2,7,FORD TRANSIT CONNECT,9,E01030685,0,-1
2021061146994,2021,061146994,1,19,0,18,19,5,1,0,0,8,0,0,0,0,1,1,6,6,3,30,6,1753,2,11,FORD TRANSIT CONNECT,-1,-1,0,-1
2021451012609,2021,451012609,2,19,0,18,19,1,5,0,0,0,0,0,0,0,3,1,1,1,1,54,8,1560,2,7,FORD TRANSIT CONNECT,6,E01030819,0,-1
2021411111347,2021,411111347,1,19,0,18,19,6,2,0,0,8,0,0,0,0,1,1,6,6,1,23,5,1753,2,15,FORD TRANSIT CONNECT,4,E01023333,0,-1
202134WNC3001,2021,34WNC3001,2,19,0,18,19,1,5,0,0,8,0,0,7,9,4,1,2,2,1,21,5,1753,2,14,FORD TRANSIT CONNECT,8,E01031180,0,-1
2021052101056,2021,052101056,1,19,0,18,19,1,5,0,0,0,0,0,1,0,1,1,6,6,3,-1,-1,1753,2,15,FORD TRANSIT CONNECT,-1,-1,0,-1
2021531116016,2021,531116016,2,19,0,18,19,1,5,0,0,0,1,0,0,0,2,1,5,6,1,47,8,1753,2,16,FORD TRANSIT CONNECT,8,E01031083,0,-1
2021010347918,2021,010347918,2,19,9,99,99,9,9,99,99,9,9,99,9,99,9,9,6,6,1,30,6,1753,2,15,FORD TRANSIT CONNECT,-1,-1,0,-1
2021411131493,2021,411131493,1,19,0,18,19,8,4,0,0,4,0,0,0,0,1,1,1,1,1,59,9,1499,2,2,FORD TRANSIT CONNECT,9,E01017767,0,-1
2021131099642,2021,131099642,5,19,0,18,19,5,1,0,0,0,0,0,0,0,2,1,1,1,1,35,6,1560,2,6,FORD TRANSIT CONNECT,4,E01031030,0,-1
2021471049593,2021,471049593,1,19,0,7,7,8,2,0,0,6,0,0,0,0,1,1,6,6,3,-1,-1,1753,2,15,FORD TRANSIT CONNECT,-1,-1,0,-1
2021141082548,2021,141082548,1,19,0,2,2,0,0,0,0,1,0,0,0,0,4,1,5,6,1,64,9,1499,2,2,FORD TRANSIT CONNECT,1,E01007463,0,-1
2021070793022,2021,070793022,1,19,0,18,19,8,4,0,0,0,0,0,0,0,3,1,6,6,1,47,8,1753,2,14,FORD TRANSIT CONNECT,4,E01006851,0,-1
2021361058251,2021,361058251,1,19,0,5,5,1,5,8,6,0,0,0,0,0,3,1,6,6,2,50,8,1499,2,1,FORD TRANSIT CONNECT,-1,-1,0,-1
2021421035647,2021,421035647,2,19,0,17,19,1,5,0,0,0,0,0,0,0,1,1,5,6,1,61,9,1499,2,4,FORD TRANSIT CONNECT,5,E01021768,0,-1
2021421023434,2021,421023434,1,19,0,14,14,3,7,0,0,1,0,0,0,0,4,1,2,2,1,23,5,1560,2,6,FORD TRANSIT CONNECT,4,E01021785,0,-1
2021061078208,2021,061078208,2,19,0,18,19,7,3,0,0,0,0,0,0,0,1,1,1,1,1,31,6,1560,2,7,FORD TRANSIT CONNECT,3,E01005535,0,-1
2021361091094,2021,361091094,2,19,0,18,19,8,4,0,0,0,0,0,0,0,1,1,1,1,1,59,9,1499,2,2,FORD TRANSIT CONNECT,5,E01026591,0,-1
2021430453119,2021,430453119,2,19,0,18,19,2,6,0,0,8,0,0,0,0,4,1,1,1,1,59,9,1753,2,19,FORD TRANSIT CONNECT,8,E01017804,0,-1
2021201044527,2021,201044527,2,19,0,9,9,6,4,0,0,5,0,10,7,0,4,1,6,6,1,49,8,1753,2,10,FORD TRANSIT CONNECT,1,E01010371,0,-1
2021111015434,2021,111015434,2,19,0,18,19,5,1,0,0,8,0,7,1,2,1,1,5,6,1,33,6,1753,2,15,FORD TRANSIT CONNECT,7,E01008721,0,-1
2021461132219,2021,461132219,1,19,0,5,5,2,8,0,0,6,0,0,0,0,1,1,5,6,1,35,6,1753,2,17,FORD TRANSIT CONNECT,2,E01024248,0,-1
2021610060321,2021,610060321,1,19,0,1,1,8,4,0,0,0,0,0,0,0,2,1,1,1,1,33,6,1753,2,15,FORD TRANSIT CONNECT,7,W01001146,0,-1
2021138311388,2021,138311388,1,19,0,18,19,5,1,0,0,4,0,0,0,0,1,1,6,6,1,65,9,1753,2,14,FORD TRANSIT CONNECT,7,E01011445,0,-1
2021531124559,2021,531124559,1,19,0,9,9,3,2,0,0,8,0,0,0,0,3,1,2,2,1,37,7,1560,2,7,FORD TRANSIT CONNECT,10,E01022431,0,-1
2021401064172,2021,401064172,2,19,0,18,19,4,8,0,0,8,0,0,0,0,1,1,6,6,1,-1,-1,1753,2,16,FORD TRANSIT CONNECT,8,E01017411,0,-1
2021221131662,2021,221131662,1,19,0,18,19,7,3,0,0,8,0,0,0,0,1,1,1,1,2,34,6,1499,2,4,FORD TRANSIT CONNECT,5,E01014013,0,-1
2021031132915,2021,031132915,1,19,0,18,19,5,1,0,0,0,0,0,0,0,1,1,6,6,1,34,6,1753,2,13,FORD TRANSIT CONNECT,3,E01004932,0,-1
2021061024925,2021,061024925,1,19,0,7,7,1,4,0,0,2,0,0,0,0,3,1,2,2,1,44,7,1499,2,2,FORD TRANSIT CONNECT,4,E01005718,0,-1
2021401112251,2021,401112251,1,19,0,16,19,3,7,0,0,0,0,0,0,0,1,1,5,6,1,51,8,1753,2,13,FORD TRANSIT CONNECT,10,E01017399,0,-1
2021070187424,2021,070187424,1,19,5,9,9,8,4,0,0,1,0,2,0,0,1,2,6,6,1,50,8,1753,2,16,FORD TRANSIT CONNECT,2,E01007130,0,-1
2021991055198,2021,991055198,1,19,0,9,9,4,2,0,0,1,0,0,0,0,3,1,6,6,1,20,4,1753,2,12,FORD TRANSIT CONNECT,-1,-1,0,-1
2021320719944,2021,320719944,2,19,0,16,19,2,6,0,0,0,0,0,0,0,1,1,6,6,1,32,6,1753,2,17,FORD TRANSIT CONNECT,-1,-1,0,-1
2021010305353,2021,010305353,1,19,0,7,7,3,6,0,0,5,0,0,0,0,4,1,1,1,1,23,5,998,1,4,FORD TRANSIT CONNECT,4,E01024142,0,-1
2021440117606,2021,440117606,1,19,0,18,19,6,2,0,0,8,0,0,0,0,1,1,1,1,3,-1,-1,1753,2,15,FORD TRANSIT CONNECT,-1,-1,0,-1
2021461080159,2021,461080159,1,19,0,7,7,6,2,0,0,0,0,0,0,0,1,1,6,6,1,-1,-1,1499,2,2,FORD TRANSIT CONNECT,2,E01024193,0,-1
2021471101978,2021,471101978,1,19,0,18,19,5,1,0,0,1,0,0,0,0,4,1,2,2,1,64,9,1753,2,13,FORD TRANSIT CONNECT,1,E01016895,0,-1
2021461077178,2021,461077178,1,19,0,5,5,1,5,0,0,1,0,0,0,0,1,1,6,6,3,-1,-1,1753,2,14,FORD TRANSIT CONNECT,-1,-1,0,-1
2021041059795,2021,041059795,1,19,0,16,19,4,8,0,0,0,2,0,1,9,1,1,6,6,1,21,5,1753,2,18,FORD TRANSIT CONNECT,5,E01025030,0,-1
2021421033524,2021,421033524,3,19,0,18,19,1,5,0,0,8,0,0,0,0,1,1,1,1,1,21,5,1499,2,1,FORD TRANSIT CONNECT,6,E01021917,0,-1
2021302100318,2021,302100318,1,19,0,17,19,6,8,0,0,0,0,0,0,0,1,1,2,2,1,55,8,1499,2,2,FORD TRANSIT CONNECT,9,E01019622,0,-1
2021010313662,2021,010313662,1,19,0,11,11,1,5,0,0,5,0,7,0,0,1,1,6,6,1,46,8,1499,2,3,FORD TRANSIT CONNECT,8,E01003421,0,-1
202163D055321,2021,63D055321,3,19,0,10,10,1,6,0,0,8,0,0,0,0,0,1,1,1,2,40,7,1753,2,13,FORD TRANSIT CONNECT,4,E01018709,0,-1
2021545338221,2021,545338221,2,19,0,4,4,1,5,0,0,0,0,0,0,0,3,1,1,1,1,62,9,1499,2,4,FORD TRANSIT CONNECT,10,W01001920,0,-1
2021010349638,2021,010349638,2,19,0,99,99,9,9,99,99,9,9,99,9,99,9,9,6,6,3,-1,-1,1753,2,11,FORD TRANSIT CONNECT,1,E01001080,0,-1
2021461039469,2021,461039469,1,19,0,18,19,3,7,0,0,0,0,0,0,0,1,1,2,2,1,27,6,1560,2,6,FORD TRANSIT CONNECT,3,E01024599,0,-1
2021520102013,2021,520102013,1,19,0,9,9,5,3,0,0,8,0,0,0,0,4,1,1,1,1,19,4,1753,2,14,FORD TRANSIT CONNECT,6,E01029219,0,-1
2021522101440,2021,522101440,2,19,0,2,2,0,0,0,0,0,0,0,0,0,3,1,6,6,1,30,6,1753,2,8,FORD TRANSIT CONNECT,-1,-1,0,-1
2021440143745,2021,440143745,3,19,0,18,19,4,8,0,0,8,0,0,0,0,4,1,1,1,1,23,5,1499,2,1,FORD TRANSIT CONNECT,6,E01023140,0,-1
2021041083852,2021,041083852,3,19,0,3,3,7,3,0,0,1,0,0,0,0,2,1,1,1,1,34,6,1499,2,2,FORD TRANSIT CONNECT,10,E01025146,0,-1
2021161125867,2021,161125867,2,19,0,10,10,5,3,0,0,8,0,0,0,0,2,1,5,6,1,62,9,1560,2,6,FORD TRANSIT CONNECT,7,E01013325,0,-1
2021161069203,2021,161069203,1,19,0,18,19,1,5,0,0,1,0,0,0,0,1,1,1,1,1,47,8,1753,2,13,FORD TRANSIT CONNECT,7,E01013323,0,-1
2021361068061,2021,361068061,1,19,0,18,19,-1,-1,0,0,0,0,0,1,9,4,1,5,6,1,43,7,1753,2,14,FORD TRANSIT CONNECT,6,E01026516,0,-1
2021170S41891,2021,170S41891,2,19,0,18,19,1,5,0,0,0,0,0,0,0,1,1,6,6,1,47,8,1560,2,6,FORD TRANSIT CONNECT,9,E01012200,0,-1
2021471039875,2021,471039875,1,19,0,5,5,5,3,0,0,8,0,0,0,0,4,1,2,2,1,31,6,1560,2,8,FORD TRANSIT CONNECT,2,E01016978,0,-1
2021111090136,2021,111090136,2,19,0,18,19,1,5,0,0,0,1,0,0,0,2,1,1,1,1,62,9,1499,2,2,FORD TRANSIT CONNECT,6,E01012205,0,-1
202134WNC1921,2021,34WNC1921,1,19,0,17,19,7,3,0,0,0,5,0,1,4,1,1,1,1,1,36,7,1753,2,16,FORD TRANSIT CONNECT,8,E01025792,0,-1
2021131118800,2021,131118800,2,19,0,18,19,2,8,0,0,0,0,0,0,0,1,1,1,1,1,65,9,1499,2,1,FORD TRANSIT CONNECT,7,E01027911,0,-1
2021201030932,2021,201030932,2,3,0,18,19,3,7,0,0,8,0,0,0,0,1,1,6,6,1,30,6,125,1,11,-1,1,E01010445,0,-1
2021440129199,2021,440129199,1,3,0,5,5,8,4,0,0,8,0,0,0,0,1,1,2,2,1,30,6,124,1,13,-1,3,E01017244,0,-1
2021052102100,2021,052102100,2,5,0,18,19,3,7,0,0,1,0,0,0,0,4,1,6,6,1,59,9,1745,1,0,-1,9,E01006922,0,-1
2021552101034,2021,552101034,1,5,0,13,13,6,2,0,0,0,0,0,0,0,1,1,6,6,1,31,6,1745,1,3,-1,2,E01020575,0,-1
2021010320569,2021,010320569,1,5,0,18,19,3,7,0,0,1,5,0,0,0,2,1,6,6,1,38,7,1745,1,1,-1,7,E01004639,0,-1
2021430281518,2021,430281518,2,5,0,14,14,6,2,0,0,0,0,0,7,0,4,1,6,6,1,56,9,1745,1,0,-1,9,E01016541,0,-1
2021320657179,2021,320657179,2,4,0,18,19,6,2,0,0,1,0,0,0,0,1,1,6,6,1,27,6,252,1,22,-1,5,E01026361,0,-1
2021010287538,2021,010287538,1,4,0,18,19,2,6,0,0,0,0,10,0,0,1,1,6,6,1,20,4,299,1,8,-1,5,E01001933,0,-1
2021010305515,2021,010305515,2,4,0,18,19,1,5,2,2,8,5,0,0,0,1,1,2,2,1,34,6,299,1,6,-1,4,E01003169,0,-1
2021622100524,2021,622100524,2,3,0,18,19,3,7,0,0,4,0,0,0,0,0,1,6,6,1,70,10,299,1,8,-1,6,W01000949,0,-1
2021010343424,2021,010343424,1,4,0,99,99,9,9,99,99,0,9,99,9,99,9,1,6,6,1,79,11,249,1,18,-1,4,E01004569,0,-1
2021010318174,2021,010318174,2,9,0,18,19,1,5,0,0,1,0,0,0,0,1,1,6,6,1,46,8,5204,1,3,-1,5,E01002410,0,-1
2021010319434,2021,010319434,1,9,0,15,15,5,1,2,2,1,1,10,0,0,1,1,6,6,1,28,6,5204,1,6,-1,9,E01000692,0,-1
2021041069821,2021,041069821,2,9,0,5,5,1,1,0,0,3,0,0,0,0,2,1,5,6,1,34,6,5204,1,2,-1,8,E01025174,0,-1
2021010339091,2021,010339091,1,9,0,16,19,3,5,0,0,0,1,4,1,7,4,1,1,1,1,29,6,5204,1,1,-1,7,E01017846,0,-1
2021041104912,2021,041104912,2,9,0,6,6,2,4,0,0,6,0,0,0,0,4,1,5,6,1,33,6,5204,1,1,-1,1,E01024876,0,-1
2021010341915,2021,010341915,1,9,0,18,19,7,3,9,9,8,1,10,1,10,1,1,6,6,1,39,7,5204,1,5,-1,3,E01001213,0,-1
2021991056860,2021,991056860,1,9,0,18,19,5,1,0,0,1,0,0,0,0,4,1,5,6,1,47,8,5204,1,3,-1,8,E01001094,0,-1
2021451034755,2021,451034755,2,4,0,18,19,7,3,0,0,0,0,0,0,0,4,1,1,1,1,29,6,-1,-1,-1,MAKE AND MODEL REDACTED,6,E01004078,0,-1
2021451072359,2021,451072359,2,4,0,16,19,2,6,0,0,0,2,0,0,0,3,1,5,6,1,71,10,200,1,57,MAKE AND MODEL REDACTED,8,E01001927,0,-1
2021122100798,2021,122100798,1,4,0,18,19,3,7,0,0,0,0,0,0,0,0,1,6,6,1,70,10,200,1,55,MAKE AND MODEL REDACTED,-1,-1,0,-1
2021471029282,2021,471029282,1,9,0,17,19,5,4,0,0,8,1,0,1,4,4,1,5,6,1,68,10,2286,1,47,-1,6,E01031676,0,-1
2021461113011,2021,461113011,2,9,0,18,19,1,5,0,0,1,0,0,0,0,1,1,5,6,1,69,10,2286,1,39,-1,8,E01024490,0,-1
2021010292264,2021,010292264,1,9,0,3,3,7,3,0,0,6,0,0,0,0,1,1,1,1,1,70,10,3994,1,2,-1,-1,-1,0,-1
2021131048059,2021,131048059,1,9,0,13,13,4,8,0,0,8,1,0,0,0,1,1,5,6,1,58,9,3994,1,3,-1,7,E01011056,0,-1
2021440201452,2021,440201452,1,9,0,18,19,1,5,0,0,0,1,0,5,6,1,1,6,6,1,35,6,3994,1,0,-1,9,E01030785,0,-1
2021010343807,2021,010343807,2,9,0,99,99,9,9,99,99,9,9,99,9,99,9,9,6,6,3,-1,-1,-1,3,1,MERCEDES EQC CLASS,7,E01001231,0,-1
2021010302549,2021,010302549,2,9,0,5,5,0,1,0,0,6,0,0,0,0,1,1,2,2,1,51,8,-1,3,1,MERCEDES EQC CLASS,5,E01000964,0,-1
2021421116145,2021,421116145,1,9,0,9,9,6,2,0,0,1,0,0,0,0,3,1,5,6,1,44,7,-1,3,1,MERCEDES EQC CLASS,9,E01021789,0,-1
2021411138331,2021,411138331,3,9,0,2,2,0,0,0,0,2,0,0,0,0,2,1,1,1,3,-1,-1,-1,3,0,MERCEDES EQC CLASS,-1,-1,0,-1
2021421012524,2021,421012524,2,9,0,4,4,7,3,0,0,0,0,0,0,0,1,1,6,6,1,50,8,-1,3,1,MERCEDES EQC CLASS,8,E01003652,0,-1
2021461103888,2021,461103888,2,9,0,9,9,7,5,0,0,0,0,0,0,0,3,1,5,6,2,48,8,-1,3,0,MERCEDES EQC CLASS,9,E01024300,0,-1
2021320647189,2021,320647189,1,9,0,9,9,5,1,0,0,6,0,0,0,0,4,1,6,6,2,41,7,-1,3,1,MERCEDES EQC CLASS,-1,-1,0,-1
2021302100802,2021,302100802,1,9,0,18,19,4,8,0,0,0,0,0,0,0,3,1,6,6,2,56,9,-1,3,1,MERCEDES EQC CLASS,10,E01013468,0,-1
2021010316144,2021,010316144,1,9,0,4,4,5,1,0,0,1,0,0,0,0,4,1,3,7,2,47,8,-1,3,0,MERCEDES EQC CLASS,7,E01024433,0,-1
2021131105324,2021,131105324,1,9,0,7,7,6,2,0,0,0,1,0,3,0,1,1,5,6,1,77,11,-1,3,0,MERCEDES EQC CLASS,9,E01011311,0,-1
2021010346374,2021,010346374,2,9,0,99,99,9,9,99,99,9,9,99,9,99,1,9,6,6,3,-1,-1,-1,3,1,MERCEDES EQC CLASS,9,E01001273,0,-1
2021010323858,2021,010323858,2,9,0,5,5,7,3,0,0,4,0,0,0,0,1,1,6,6,2,51,8,-1,3,1,MERCEDES EQC CLASS,2,E01000017,0,-1
2021471033483,2021,471033483,2,9,0,3,3,4,8,0,0,0,0,0,0,0,2,1,2,2,1,44,7,-1,3,1,MERCEDES EQC CLASS,8,E01031651,0,-1
2021041100395,2021,041100395,3,9,0,3,3,5,5,0,0,0,0,0,0,0,3,1,5,6,1,40,7,-1,3,1,MERCEDES EQC CLASS,9,E01025451,0,-1
2021010307487,2021,010307487,1,9,0,99,99,9,9,99,99,0,9,99,9,99,2,9,6,6,3,-1,-1,-1,3,0,MERCEDES EQC CLASS,-1,-1,0,-1
2021010343457,2021,010343457,2,11,0,9,9,5,3,0,0,1,0,0,0,0,3,1,1,1,1,34,6,10667,2,4,MERCEDES TOURISMO,2,E01001654,0,-1
2021451029545,2021,451029545,2,11,0,12,12,5,1,0,0,2,0,0,0,0,3,1,1,1,1,61,9,10667,2,4,MERCEDES TOURISMO,9,E01000773,0,-1
2021610046621,2021,610046621,1,11,0,18,19,5,7,0,0,7,0,0,0,0,0,1,1,1,1,64,9,10667,2,2,MERCEDES TOURISMO,10,E01024977,0,-1
2021451092725,2021,451092725,4,11,0,18,19,6,2,0,0,0,0,0,0,0,2,1,1,1,1,48,8,10667,2,2,MERCEDES TOURISMO,3,E01001186,0,-1
2021061039812,2021,061039812,3,11,0,18,19,8,4,0,0,8,0,0,0,0,3,1,6,6,1,47,8,10667,2,3,MERCEDES TOURISMO,8,E01006263,0,-1
2021411019171,2021,411019171,6,11,0,18,19,1,5,0,0,0,1,0,0,0,1,1,6,6,1,36,7,10667,2,1,MERCEDES TOURISMO,8,E01017461,0,-1
2021552100632,2021,552100632,2,11,0,18,19,3,7,0,0,0,0,0,0,0,2,1,6,6,1,57,9,10667,2,3,MERCEDES TOURISMO,7,E01015038,0,-1
2021461056603,2021,461056603,2,11,0,18,19,1,5,0,0,0,0,0,0,0,3,1,3,7,1,54,8,10667,2,4,MERCEDES TOURISMO,3,E01032568,0,-1
2021440280701,2021,440280701,2,11,0,18,19,7,3,0,0,8,0,0,4,6,4,1,1,1,1,67,10,10667,2,1,MERCEDES TOURISMO,2,E01031896,0,-1
2021010332812,2021,010332812,1,11,0,4,4,1,5,0,0,0,0,0,0,0,0,1,1,1,1,51,8,10667,2,2,MERCEDES TOURISMO,1,E01000061,0,-1
2021010339017,2021,010339017,2,11,0,9,9,5,3,0,0,1,0,0,0,0,3,1,1,1,1,46,8,10667,2,3,MERCEDES TOURISMO,3,E01000403,0,-1
2021010301939,2021,010301939,1,11,0,18,19,1,5,0,0,3,0,0,0,0,1,1,1,1,1,42,7,10677,2,2,MERCEDES TOURISMO,6,E01024736,0,-1
2021010323339,2021,010323339,1,23,0,99,99,9,9,99,99,9,9,99,9,99,9,1,2,2,2,36,7,-1,3,2,-1,6,E01004626,0,-1
2021201141643,2021,201141643,2,9,0,12,12,6,2,0,0,7,0,0,0,0,1,1,1,1,3,34,6,1500,2,0,PEUGEOT MODEL MISSING,3,E01008950,0,-1
202134NNC6311,2021,34NNC6311,2,9,0,18,19,3,7,0,0,1,0,0,0,0,2,1,2,2,1,40,7,1997,2,15,PEUGEOT MODEL MISSING,2,E01027331,0,-1
2021351043972,2021,351043972,1,9,0,4,4,2,6,0,0,1,0,0,0,0,2,1,6,6,1,63,9,1560,2,14,PEUGEOT MODEL MISSING,2,E01015612,0,-1
2021201143553,2021,201143553,2,9,0,18,19,4,8,0,0,1,0,0,0,0,0,1,2,2,1,27,6,1500,2,0,PEUGEOT MODEL MISSING,3,E01008950,0,-1
2021430031244,2021,430031244,2,9,0,18,19,5,1,0,0,0,0,0,0,0,3,1,6,6,1,53,8,1598,1,13,PEUGEOT MODEL MISSING,7,E01017792,0,-1