collision_index,collision_year,collision_ref_no,vehicle_reference,vehicle_type,towing_and_articulation,vehicle_manoeuvre_historic,vehicle_manoeuvre,vehicle_direction_from,vehicle_direction_to,vehicle_location_restricted_lane_historic,vehicle_location_restricted_lane,junction_location,skidding_and_overturning,hit_object_in_carriageway,vehicle_leaving_carriageway,hit_object_off_carriageway,first_point_of_impact,vehicle_left_hand_drive,journey_purpose_of_driver_historic,journey_purpose_of_driver,sex_of_driver,age_of_driver,age_band_of_driver,engine_capacity_cc,propulsion_code,age_of_vehicle,generic_make_model,driver_imd_decile,lsoa_of_driver,escooter_flag,driver_distance_banding
2021061125107,2021,061125107,1,9,0,18,19,1,5,0,0,0,0,0,0,0,0,1,6,6,1,30,6,2198,2,6,PEUGEOT MODEL MISSING,-1,-1,0,-1
2021010325579,2021,010325579,1,9,0,3,3,3,7,0,0,2,0,0,0,0,0,1,1,1,1,58,9,1560,2,10,PEUGEOT MODEL MISSING,8,E01015320,0,-1
2021211099911,2021,211099911,2,8,0,17,19,1,5,0,0,0,0,0,0,0,1,1,1,1,1,48,8,1997,2,9,PEUGEOT MODEL MISSING,2,E01029445,0,-1
2021371125812,2021,371125812,1,9,0,4,4,4,8,0,0,0,0,4,0,0,1,1,5,6,2,67,10,1997,2,4,PEUGEOT MODEL MISSING,8,E01030047,0,-1
2021221052919,2021,221052919,2,8,0,4,4,8,6,0,0,6,0,0,0,0,0,1,1,1,1,34,6,1997,2,6,PEUGEOT MODEL MISSING,1,E01032434,0,-1
2021170L41031,2021,170L41031,2,9,0,18,19,6,2,0,0,2,0,0,0,0,1,1,6,6,1,32,6,1560,2,9,PEUGEOT MODEL MISSING,1,E01012058,0,-1
2021361088248,2021,361088248,1,8,0,6,6,1,5,0,0,0,0,0,0,0,3,1,1,1,1,64,9,1997,2,9,PEUGEOT MODEL MISSING,1,E01026626,0,-1
2021552101086,2021,552101086,1,19,0,9,9,6,4,0,0,6,0,0,0,0,1,1,1,1,1,70,10,2198,2,5,PEUGEOT MODEL MISSING,7,E01015297,0,-1
2021471079359,2021,471079359,1,8,0,6,6,1,1,0,0,0,0,0,0,0,1,1,6,6,1,52,8,1560,2,9,PEUGEOT MODEL MISSING,8,E01016928,0,-1
2021010293892,2021,010293892,2,19,0,18,19,1,5,0,0,1,0,0,0,0,1,2,6,6,1,-1,-1,1997,2,3,PEUGEOT MODEL MISSING,-1,-1,0,-1
2021101104345,2021,101104345,1,9,0,18,19,1,1,0,0,0,0,0,0,0,2,1,5,6,1,59,9,1560,2,5,PEUGEOT MODEL MISSING,2,E01020788,0,-1
2021010303062,2021,010303062,2,8,0,3,3,3,7,0,0,1,0,0,0,0,2,1,1,1,2,47,8,1560,2,7,PEUGEOT MODEL MISSING,1,E01002800,0,-1
2021221019346,2021,221019346,1,8,0,7,7,2,4,0,0,6,0,0,0,0,1,1,1,1,1,71,10,1560,2,10,PEUGEOT MODEL MISSING,5,E01032294,0,-1
2021501115633,2021,501115633,1,3,0,5,5,6,3,0,0,8,0,0,0,0,1,1,6,6,1,48,8,100,1,21,PEUGEOT MODEL MISSING,7,E01015138,0,-1
2021991099361,2021,991099361,1,8,0,18,19,3,7,0,0,2,0,0,0,0,1,1,1,1,1,45,7,1997,2,9,PEUGEOT MODEL MISSING,1,-1,0,-1
2021221086927,2021,221086927,1,19,0,18,19,8,4,0,0,0,0,0,0,0,4,1,6,6,1,60,9,-1,-1,-1,PEUGEOT MODEL MISSING,5,E01009719,0,-1
2021201133264,2021,201133264,2,9,0,3,3,-1,-1,0,0,0,0,0,0,0,2,1,6,6,2,40,7,1398,2,6,PEUGEOT MODEL MISSING,1,E01009486,0,-1
2021461016156,2021,461016156,1,9,0,16,19,3,7,0,0,0,1,0,0,0,1,1,2,2,2,42,7,1398,2,19,PEUGEOT MODEL MISSING,2,E01023990,0,-1
2021010289799,2021,010289799,1,9,0,18,19,5,1,0,0,1,0,0,0,0,2,1,6,6,2,35,6,1587,1,13,PEUGEOT MODEL MISSING,2,E01001078,0,-1
2021320294782,2021,320294782,1,19,0,18,19,2,5,0,0,2,0,0,0,0,3,1,1,1,1,36,7,1997,2,2,PEUGEOT MODEL MISSING,4,E01026016,0,-1
2021101042562,2021,101042562,1,3,0,9,9,3,7,0,0,1,0,0,7,0,4,1,2,2,1,30,6,100,1,15,PEUGEOT MODEL MISSING,4,E01020636,0,-1
202134WNC4291,2021,34WNC4291,1,9,0,18,19,1,5,0,0,1,0,0,0,0,1,1,1,1,1,53,8,1997,2,4,PEUGEOT MODEL MISSING,7,E01027146,0,-1
202131D145221,2021,31D145221,1,19,0,7,7,6,8,0,0,5,0,0,0,0,4,1,1,1,1,33,6,2198,2,7,PEUGEOT MODEL MISSING,3,E01025894,0,-1
2021010304870,2021,010304870,1,9,0,10,10,5,3,0,0,8,0,0,0,0,4,1,6,6,1,56,9,1997,1,18,PEUGEOT MODEL MISSING,1,E01004674,0,-1
2021211049829,2021,211049829,2,8,0,18,19,-1,-1,0,0,1,0,0,0,0,4,1,5,6,1,33,6,1997,2,9,PEUGEOT MODEL MISSING,3,E01029408,0,-1
2021440243845,2021,440243845,2,10,0,18,19,1,5,0,0,8,0,0,0,0,1,1,3,7,1,60,9,2198,2,7,PEUGEOT MODEL MISSING,9,E01020343,0,-1
2021991092416,2021,991092416,1,9,0,18,19,3,7,0,0,0,2,0,8,11,3,1,5,6,1,17,4,1998,1,21,PEUGEOT MODEL MISSING,7,-1,0,-1
2021221085619,2021,221085619,2,9,0,4,4,5,8,0,0,0,0,0,0,0,2,1,1,1,1,61,9,1560,2,9,PEUGEOT MODEL MISSING,4,E01028968,0,-1
2021471101127,2021,471101127,1,9,0,18,19,4,8,0,0,0,0,0,0,0,4,1,1,1,1,46,8,1560,2,10,PEUGEOT MODEL MISSING,2,E01016949,0,-1
2021161105290,2021,161105290,1,9,0,18,19,7,3,4,4,4,0,0,0,0,3,1,1,1,1,56,9,1560,2,10,PEUGEOT MODEL MISSING,9,E01012957,0,-1
2021461124670,2021,461124670,1,9,0,18,19,4,1,0,0,0,0,11,0,0,1,1,6,6,2,56,9,1560,2,8,PEUGEOT MODEL MISSING,5,E01024134,0,-1
2021010296144,2021,010296144,2,10,0,1,1,3,7,0,0,2,0,0,0,0,2,1,6,6,3,-1,-1,-1,-1,-1,PEUGEOT MODEL MISSING,-1,-1,0,-1
202131A085721,2021,31A085721,2,3,0,18,19,6,2,0,0,8,0,0,0,0,3,1,6,6,1,23,5,-1,-1,-1,PIAGGIO ZIP,5,E01027972,0,-1
2021010304685,2021,010304685,2,2,0,7,7,1,3,0,0,6,0,0,0,0,1,1,6,6,1,17,4,50,1,2,PIAGGIO ZIP,-1,-1,0,-1
202131D139221,2021,31D139221,2,2,0,18,19,6,2,0,0,2,0,0,0,0,1,1,6,6,1,23,5,50,1,2,PIAGGIO ZIP,1,E01033399,0,-1
2021010326073,2021,010326073,2,2,0,9,9,7,5,0,0,8,0,0,0,0,4,1,6,6,1,17,4,49,1,8,PIAGGIO ZIP,3,E01002350,0,-1
2021122100384,2021,122100384,1,3,0,18,19,8,6,0,0,1,0,0,0,0,1,1,6,6,1,17,4,-1,-1,-1,PIAGGIO ZIP,-1,-1,0,-1
2021122200020,2021,122200020,1,2,0,7,7,5,7,0,0,1,0,0,0,0,2,1,2,2,1,54,8,49,1,5,PIAGGIO ZIP,2,E01013347,0,-1
2021302101171,2021,302101171,2,2,0,3,3,2,4,0,0,4,0,0,0,0,2,1,6,6,1,61,9,50,1,2,PIAGGIO ZIP,1,E01019663,0,-1
2021501100139,2021,501100139,2,2,0,18,19,7,3,0,0,0,5,0,0,0,4,1,1,1,1,16,4,49,1,6,PIAGGIO ZIP,2,E01015072,0,-1
2021501113043,2021,501113043,2,2,0,18,19,7,3,0,0,8,2,0,0,0,4,1,5,6,1,17,4,49,1,3,PIAGGIO ZIP,3,E01018799,0,-1
2021541518021,2021,541518021,2,2,0,18,19,6,2,0,0,1,0,0,0,0,1,1,6,6,1,16,4,49,1,19,PIAGGIO ZIP,10,E01031907,0,-1
2021010336655,2021,010336655,1,2,0,18,19,2,6,0,0,8,5,0,0,0,1,1,6,6,1,18,4,49,1,7,PIAGGIO ZIP,2,E01002766,0,-1
20211381L2021,2021,1381L2021,2,3,0,4,4,7,3,0,0,4,1,0,0,0,2,1,6,6,1,16,4,-1,-1,-1,PIAGGIO ZIP,8,E01011414,0,-1
2021122101182,2021,122101182,2,2,0,18,19,5,1,0,0,1,0,0,0,0,1,1,6,6,1,19,4,49,1,19,PIAGGIO ZIP,6,E01013383,0,-1
2021161045258,2021,161045258,1,2,0,17,19,3,8,0,0,0,1,0,0,0,4,1,4,7,1,18,4,49,1,3,PIAGGIO ZIP,4,E01013079,0,-1
2021122200185,2021,122200185,1,2,0,18,19,3,7,0,0,0,0,0,0,0,1,1,6,6,1,17,4,49,1,5,PIAGGIO ZIP,10,E01013355,0,-1
2021430537028,2021,430537028,1,3,0,18,19,5,1,0,0,8,0,0,0,0,1,1,6,6,1,16,4,-1,-1,-1,PIAGGIO ZIP,8,E01016823,0,-1
2021430403433,2021,430403433,1,3,0,18,19,2,6,0,0,8,0,0,0,0,3,1,4,7,1,16,4,-1,-1,-1,PIAGGIO ZIP,6,E01016434,0,-1
2021201059136,2021,201059136,1,3,0,18,19,5,1,0,0,1,0,0,0,0,1,1,5,6,1,20,4,-1,-1,-1,PIAGGIO ZIP,2,E01010302,0,-1
2021131114352,2021,131114352,1,2,0,18,19,1,5,0,0,0,0,11,0,0,3,1,5,6,1,16,4,49,1,11,PIAGGIO ZIP,5,E01011124,0,-1
2021010310611,2021,010310611,2,3,0,99,99,9,9,99,99,9,9,99,9,99,9,1,6,6,3,-1,-1,-1,-1,-1,PIAGGIO ZIP,-1,-1,0,-1
2021440389228,2021,440389228,1,2,0,11,11,7,3,0,0,4,1,0,3,0,4,1,6,6,1,17,4,49,1,10,PIAGGIO ZIP,-1,-1,0,-1
2021010350499,2021,010350499,1,2,0,99,99,9,9,99,99,9,9,99,9,99,1,1,6,6,1,24,5,49,1,6,PIAGGIO ZIP,4,E01003230,0,-1
2021041058221,2021,041058221,1,3,0,4,4,7,3,0,0,0,1,0,0,0,0,1,2,2,2,33,6,124,1,20,PIAGGIO ZIP,3,E01025578,0,-1
2021141032135,2021,141032135,2,2,0,18,19,5,1,0,0,1,0,0,0,0,1,1,5,6,1,17,4,49,1,11,PIAGGIO ZIP,1,E01007809,0,-1
2021430322833,2021,430322833,1,2,0,18,19,8,4,0,0,0,1,0,0,0,1,1,6,6,1,19,4,49,1,12,PIAGGIO ZIP,10,E01028662,0,-1
2021471063175,2021,471063175,2,2,0,7,7,3,6,0,0,1,0,0,0,0,3,1,6,6,1,18,4,49,1,5,PIAGGIO ZIP,6,E01031352,0,-1
2021548842421,2021,548842421,2,2,0,18,19,8,4,0,0,1,0,0,0,0,4,1,6,6,1,18,4,49,1,10,PIAGGIO ZIP,6,E01031902,0,-1
2021122101021,2021,122101021,1,3,0,18,19,1,5,0,0,0,1,0,0,0,0,1,1,1,2,17,4,-1,-1,-1,PIAGGIO ZIP,10,E01013376,0,-1
2021141167772,2021,141167772,2,97,0,18,19,2,6,0,0,1,5,0,0,0,3,1,6,6,1,18,4,49,1,21,-1,3,E01007345,0,-1
2021430571249,2021,430571249,1,2,0,18,19,6,3,0,0,8,0,0,0,0,1,1,6,6,1,17,4,49,1,3,PIAGGIO ZIP,10,E01017917,0,-1
2021440053909,2021,440053909,2,3,0,18,19,7,2,0,0,8,0,0,0,0,1,1,6,6,1,16,4,-1,-1,-1,PIAGGIO ZIP,-1,-1,0,-1
2021531031530,2021,531031530,1,2,0,7,7,3,7,0,0,2,0,0,0,0,1,1,5,6,1,17,4,49,1,12,PIAGGIO ZIP,1,E01022333,0,-1
2021010307534,2021,010307534,1,2,0,5,5,3,7,0,0,1,0,4,0,0,4,1,2,2,1,30,6,49,1,8,PIAGGIO ZIP,2,E01002032,0,-1
2021501129861,2021,501129861,1,3,0,18,19,1,5,0,0,0,0,4,0,0,1,1,5,6,1,16,4,-1,-1,-1,PIAGGIO ZIP,6,E01015246,0,-1
2021122101414,2021,122101414,2,2,0,18,19,1,5,0,0,1,0,0,0,0,1,1,6,6,1,16,4,49,1,7,PIAGGIO ZIP,8,E01013409,0,-1
2021461049050,2021,461049050,1,3,0,18,19,7,3,0,0,0,0,0,0,0,1,1,2,2,1,19,4,-1,-1,-1,PIAGGIO ZIP,9,E01016133,0,-1
2021546686321,2021,546686321,1,3,0,18,19,4,8,0,0,1,0,0,0,0,1,1,6,6,1,16,4,-1,-1,-1,PIAGGIO ZIP,5,E01031933,0,-1
2021461095735,2021,461095735,2,2,0,18,19,3,7,0,0,0,5,0,0,0,4,1,4,7,1,16,4,49,1,5,PIAGGIO ZIP,8,E01024723,0,-1
2021201042169,2021,201042169,2,2,0,3,3,2,6,0,0,1,0,0,0,0,2,1,6,6,2,30,6,49,1,8,-1,3,E01032587,0,-1
2021411114097,2021,411114097,1,2,0,18,19,6,4,0,0,1,2,10,0,0,4,1,4,7,1,16,4,49,1,7,-1,10,E01023364,0,-1
2021501084200,2021,501084200,1,3,0,16,19,1,5,0,0,0,2,0,1,0,1,1,2,2,1,17,4,-1,-1,-1,-1,8,E01020170,0,-1
2021471030407,2021,471030407,2,3,0,18,19,6,2,0,0,8,0,0,0,0,1,1,6,6,1,24,5,125,1,1,SINNIS APACHE,2,E01024775,0,-1
2021471094773,2021,471094773,1,3,0,17,19,2,7,0,0,0,1,0,0,0,0,1,5,6,1,18,4,125,1,0,SINNIS APACHE,10,E01031641,0,-1
2021471117264,2021,471117264,2,4,0,16,19,8,4,0,0,0,0,0,7,0,1,1,5,6,1,35,6,125,1,1,SINNIS APACHE,9,E01031730,0,-1
2021547170121,2021,547170121,1,3,0,18,19,3,6,0,0,0,0,0,0,0,0,1,6,6,1,22,5,125,1,0,SINNIS APACHE,5,E01032048,0,-1
2021041083873,2021,041083873,2,3,0,18,19,3,7,0,0,1,0,0,0,0,1,1,6,6,1,32,6,125,1,4,SINNIS APACHE,1,E01024885,0,-1
2021361063916,2021,361063916,2,3,0,18,19,6,2,0,0,1,0,0,0,0,3,1,5,6,1,27,6,125,1,3,SINNIS APACHE,6,E01026451,0,-1
2021552101390,2021,552101390,1,3,0,17,19,8,6,0,0,0,0,0,0,0,0,1,1,1,1,17,4,125,1,0,SINNIS APACHE,4,E01032644,0,-1
2021451083762,2021,451083762,3,3,0,18,19,6,2,0,0,8,0,0,0,0,4,1,5,6,1,17,4,125,1,1,SINNIS APACHE,-1,-1,0,-1
202131B172021,2021,31B172021,1,3,0,18,19,6,2,0,0,8,0,0,0,0,1,1,2,2,1,24,5,125,1,0,SINNIS APACHE,7,E01028323,0,-1
2021161017847,2021,161017847,2,4,0,18,19,7,3,0,0,1,0,0,0,0,1,1,5,6,1,24,5,125,1,3,SINNIS APACHE,2,E01013331,0,-1
2021221047381,2021,221047381,1,3,0,11,11,2,6,0,0,5,1,10,1,4,4,1,2,2,1,25,5,125,1,3,SINNIS APACHE,1,E01032252,0,-1
2021351084409,2021,351084409,2,3,0,14,14,1,5,0,0,1,0,0,0,0,1,1,6,6,1,21,5,125,1,0,SINNIS APACHE,3,E01018073,0,-1
2021430515392,2021,430515392,1,3,0,7,7,7,1,0,0,1,1,0,0,0,1,1,6,6,1,22,5,125,1,4,SINNIS APACHE,8,E01016823,0,-1
2021101055166,2021,101055166,2,3,0,18,19,2,7,0,0,8,0,0,0,0,4,1,5,6,1,18,4,125,1,0,SINNIS APACHE,2,E01008336,0,-1
2021991099386,2021,991099386,1,3,0,16,19,5,1,0,0,7,1,0,0,0,4,1,5,6,1,26,6,125,1,1,SINNIS APACHE,7,-1,0,-1
2021622100999,2021,622100999,2,4,0,18,19,2,6,0,0,8,0,0,0,0,4,1,6,6,1,39,7,125,1,0,SINNIS APACHE,1,W01000886,0,-1
2021451111327,2021,451111327,1,3,0,13,13,5,1,0,0,1,2,0,0,0,1,1,2,2,1,19,4,125,1,0,SINNIS APACHE,5,E01030971,0,-1
2021440410841,2021,440410841,1,2,0,11,11,1,5,0,0,0,0,0,0,0,4,1,2,2,1,18,4,125,1,0,SINNIS APACHE,6,E01022812,0,-1
2021471065338,2021,471065338,2,3,0,18,19,7,2,0,0,1,0,0,0,0,1,1,5,6,1,22,5,125,1,0,SINNIS APACHE,3,E01031360,0,-1
2021991070792,2021,991070792,1,3,0,18,19,4,8,0,0,0,0,10,0,0,0,1,5,6,1,24,5,125,1,0,SINNIS APACHE,1,-1,0,-1
2021141066640,2021,141066640,2,3,0,18,19,6,2,0,0,1,0,0,0,0,-1,1,6,6,1,18,4,125,1,1,SINNIS APACHE,4,E01007329,0,-1
2021421065976,2021,421065976,2,3,0,4,4,6,2,0,0,0,0,0,0,0,2,1,6,6,2,18,4,125,1,1,SINNIS APACHE,8,E01021916,0,-1
2021052100671,2021,052100671,2,5,0,18,19,3,7,0,0,0,0,0,0,0,1,1,2,2,1,23,5,400,1,30,SUZUKI Model Missing,1,E01005135,0,-1
2021041056623,2021,041056623,1,5,0,18,19,1,5,0,0,0,2,0,2,2,4,1,5,6,1,35,6,749,1,25,SUZUKI Model Missing,1,E01025396,0,-1
2021451044209,2021,451044209,2,5,0,18,19,3,7,0,0,0,0,0,0,0,4,1,5,6,1,60,9,749,1,27,SUZUKI Model Missing,6,E01030759,0,-1
2021111067141,2021,111067141,2,5,0,7,7,8,4,0,0,1,0,0,0,0,2,1,5,6,1,63,9,598,1,25,SUZUKI Model Missing,2,E01020797,0,-1
2021041079201,2021,041079201,1,5,0,16,19,3,5,0,0,1,0,0,1,0,1,1,2,2,1,22,5,599,1,25,SUZUKI Model Missing,2,E01024886,0,-1
2021520103672,2021,520103672,1,4,0,18,19,2,6,0,0,0,1,0,1,10,1,1,6,6,1,53,8,1157,1,17,SUZUKI Model Missing,4,E01014676,0,-1
2021041024252,2021,041024252,1,5,0,4,4,5,1,0,0,0,0,0,0,0,1,1,6,6,1,53,8,600,1,17,SUZUKI Model Missing,4,E01025523,0,-1
2021501099983,2021,501099983,1,5,0,2,2,8,7,0,0,0,0,0,0,0,1,1,1,1,1,59,9,1052,1,33,SUZUKI Model Missing,7,E01019045,0,-1
2021010338981,2021,010338981,2,3,0,18,19,3,7,2,2,1,0,0,0,0,3,1,1,1,1,49,8,124,1,25,SUZUKI Model Missing,9,E01024473,0,-1
2021061040383,2021,061040383,2,3,0,18,19,2,6,0,0,0,0,0,0,0,1,1,6,6,1,61,9,599,1,24,SUZUKI Model Missing,-1,-1,0,-1
2021041080912,2021,041080912,2,4,0,9,9,1,5,0,0,0,5,0,0,0,1,1,2,2,1,55,8,396,1,49,SUZUKI Model Missing,3,E01024996,0,-1
2021451025778,2021,451025778,1,5,0,18,19,7,3,0,0,0,2,0,0,0,3,1,2,2,1,61,9,805,1,20,SUZUKI Model Missing,10,E01030671,0,-1
2021061135321,2021,061135321,1,4,0,18,19,3,7,0,0,8,0,0,0,0,1,1,6,6,1,21,5,124,1,16,SUZUKI Model Missing,1,E01005264,0,-1
2021061079670,2021,061079670,1,3,0,18,19,1,4,0,0,0,1,0,0,0,0,1,5,6,2,29,6,124,1,27,SUZUKI Model Missing,5,E01006387,0,-1
2021622100707,2021,622100707,2,5,0,18,19,4,8,2,2,0,0,0,0,0,1,1,6,6,1,43,7,599,1,26,SUZUKI Model Missing,3,W01001816,0,-1
2021052101436,2021,052101436,2,4,0,9,9,2,1,0,0,8,0,0,0,0,1,1,6,6,2,44,7,450,1,-1,SUZUKI Model Missing,4,E01007153,0,-1
2021371080808,2021,371080808,2,5,0,18,19,1,8,0,0,0,5,0,0,0,2,1,5,6,1,61,9,1462,1,17,SUZUKI Model Missing,4,E01030160,0,-1
2021041047005,2021,041047005,2,5,0,18,19,7,3,0,0,1,0,0,0,0,1,1,6,6,1,57,9,1157,1,22,SUZUKI Model Missing,2,E01006751,0,-1
2021451101313,2021,451101313,2,4,0,18,19,7,3,0,0,1,0,0,0,0,1,1,5,6,1,19,4,398,1,20,SUZUKI Model Missing,7,E01030576,0,-1
2021141071231,2021,141071231,1,5,0,18,19,7,3,0,0,1,0,0,1,0,1,1,6,6,1,31,6,599,1,26,SUZUKI Model Missing,4,E01007584,0,-1
2021440479418,2021,440479418,1,5,0,18,19,3,7,0,0,0,0,0,0,0,1,1,2,2,1,20,4,599,1,26,SUZUKI Model Missing,10,E01022714,0,-1
2021201099685,2021,201099685,2,5,0,18,19,3,7,0,0,8,1,0,0,0,1,1,6,6,1,48,8,1216,1,25,SUZUKI Model Missing,5,E01009324,0,-1
2021052100716,2021,052100716,2,5,0,18,19,7,3,0,0,8,0,0,0,0,1,1,6,6,1,58,9,600,1,21,SUZUKI Model Missing,1,E01007289,0,-1
2021471058991,2021,471058991,1,5,0,9,9,8,6,0,0,8,1,10,7,0,4,1,5,6,1,61,9,749,1,38,SUZUKI Model Missing,8,E01031613,0,-1
2021041038587,2021,041038587,2,4,0,13,13,1,1,0,0,0,1,0,0,0,1,1,5,6,1,61,9,493,1,44,SUZUKI Model Missing,7,E01024955,0,-1
2021991102428,2021,991102428,2,5,0,18,19,1,5,0,0,1,2,0,0,0,1,1,5,6,1,52,8,747,1,35,SUZUKI Model Missing,5,-1,0,-1
2021161037820,2021,161037820,1,5,0,4,4,1,5,0,0,1,0,0,0,0,2,1,5,6,1,38,7,996,1,24,-1,7,E01013039,0,-1
2021991085415,2021,991085415,2,5,0,18,19,2,6,0,0,8,0,0,0,0,1,1,5,6,1,52,8,996,1,23,-1,5,-1,0,-1
2021231055716,2021,231055716,1,5,0,17,19,7,3,0,0,0,1,0,1,9,4,1,5,6,1,50,8,996,1,24,-1,6,E01031146,0,-1
2021010297588,2021,010297588,1,3,0,14,14,2,6,0,0,0,0,0,0,0,1,1,6,6,1,20,4,111,1,5,-1,3,E01002070,0,-1
2021231113202,2021,231113202,1,3,0,16,19,1,6,0,0,8,1,0,0,0,0,1,5,6,1,34,6,124,1,2,-1,9,E01031148,0,-1
2021211033777,2021,211033777,2,3,0,18,19,8,4,0,0,0,0,0,0,0,2,1,6,6,1,17,4,124,1,3,-1,4,E01029502,0,-1
2021320610850,2021,320610850,2,9,0,18,19,4,8,0,0,0,0,0,0,0,1,1,6,6,1,68,10,1968,2,7,VOLKSWAGEN CC,10,-1,0,-1
2021101094494,2021,101094494,1,9,0,18,19,7,3,0,0,0,0,0,7,3,1,1,6,6,2,30,6,1968,2,8,VOLKSWAGEN CC,2,E01008569,0,-1
2021052102454,2021,052102454,1,9,0,4,4,3,7,0,0,1,0,0,0,0,1,1,6,6,1,31,6,1968,2,9,VOLKSWAGEN CC,2,E01006819,0,-1
2021010349134,2021,010349134,1,9,0,99,99,9,9,99,99,9,9,99,9,99,4,9,2,2,1,48,8,1984,1,8,VOLKSWAGEN CC,3,E01001508,0,-1
2021361037283,2021,361037283,3,9,0,18,19,4,8,0,0,0,0,0,1,0,1,1,2,2,1,64,9,1968,2,5,VOLKSWAGEN CC,1,E01033112,0,-1
2021010303895,2021,010303895,1,9,0,3,3,3,7,0,0,1,0,0,0,0,2,1,6,6,1,46,8,1968,2,7,VOLKSWAGEN CC,10,E01023520,0,-1
2021501073366,2021,501073366,1,9,0,5,5,3,3,0,0,6,1,0,1,11,3,1,6,6,1,32,6,1968,2,7,VOLKSWAGEN CC,1,E01026635,0,-1
2021211095518,2021,211095518,3,8,0,4,4,5,5,0,0,0,0,0,0,0,2,1,1,1,1,37,7,-1,-1,-1,-1,3,E01029408,0,-1
2021201049143,2021,201049143,1,9,0,18,19,4,4,0,0,0,0,0,0,0,1,1,5,6,1,43,7,1968,2,8,VOLKSWAGEN CC,4,E01009320,0,-1
2021430575085,2021,430575085,1,9,0,18,19,2,6,0,0,0,0,0,0,0,1,1,6,6,1,29,6,1968,2,9,VOLKSWAGEN CC,3,E01016520,0,-1
2021010342609,2021,010342609,1,9,0,99,99,9,9,99,99,9,9,99,9,99,1,9,6,6,1,74,10,1968,2,6,VOLKSWAGEN CC,9,E01002112,0,-1
2021010322753,2021,010322753,2,9,0,2,2,0,0,9,9,0,0,0,0,0,2,1,6,6,3,-1,-1,1968,2,7,VOLKSWAGEN CC,-1,-1,0,-1
2021451067159,2021,451067159,3,9,0,18,19,6,2,0,0,0,0,0,0,0,1,1,5,6,1,38,7,1968,2,8,VOLKSWAGEN CC,10,E01031718,0,-1
2021101097916,2021,101097916,1,9,0,18,19,1,5,0,0,1,0,0,0,0,1,1,6,6,1,30,6,1968,2,5,VOLKSWAGEN CC,5,E01008236,0,-1
202131B035621,2021,31B035621,1,9,0,18,19,8,4,0,0,0,0,0,0,0,1,1,6,6,1,21,5,1968,2,8,VOLKSWAGEN CC,1,E01028066,0,-1
2021622100177,2021,622100177,1,9,0,9,9,4,2,0,0,8,0,0,0,0,4,1,6,6,1,27,6,1968,2,7,VOLKSWAGEN CC,8,W01001755,0,-1
2021622100479,2021,622100479,2,9,0,18,19,8,4,0,0,3,0,0,0,0,1,1,6,6,2,43,7,1968,2,8,VOLKSWAGEN CC,3,W01000961,0,-1
2021411059507,2021,411059507,2,9,0,18,19,2,5,0,0,4,0,0,0,0,0,1,5,6,1,46,8,1968,2,6,VOLKSWAGEN CC,6,E01023921,0,-1
2021411097514,2021,411097514,2,9,0,18,19,4,8,0,0,0,0,0,0,0,4,1,2,2,1,41,7,1968,2,8,VOLKSWAGEN CC,7,E01021792,0,-1
2021302100748,2021,302100748,2,9,0,18,19,8,6,0,0,1,0,0,0,0,1,1,1,1,1,38,7,1968,2,9,VOLKSWAGEN CC,2,E01013565,0,-1
2021201134368,2021,201134368,2,9,0,18,19,2,6,0,0,0,0,0,0,0,2,1,6,6,1,53,8,1968,2,6,VOLKSWAGEN CC,2,E01010086,0,-1
2021201059127,2021,201059127,1,9,0,18,19,5,1,0,0,0,0,0,0,0,0,1,6,6,1,-1,-1,1968,2,8,VOLKSWAGEN CC,-1,-1,0,-1
2021010304593,2021,010304593,2,8,0,18,19,3,7,0,0,6,0,0,0,0,1,1,2,2,1,35,6,-1,-1,-1,VOLKSWAGEN CC,2,E01032562,0,-1
2021320717195,2021,320717195,2,9,0,18,19,2,6,0,0,0,1,0,0,0,3,1,2,2,1,22,5,1968,2,8,VOLKSWAGEN CC,7,E01026978,0,-1
2021010292751,2021,010292751,2,9,0,18,19,7,3,0,0,0,0,0,1,0,1,1,6,6,1,25,5,1968,2,8,VOLKSWAGEN CC,1,E01032512,0,-1
2021010305705,2021,010305705,4,9,0,2,2,0,0,0,0,0,0,0,0,0,2,1,6,6,3,-1,-1,1968,2,7,VOLKSWAGEN CC,-1,-1,0,-1
2021461013980,2021,461013980,1,9,0,18,19,1,2,0,0,0,0,0,0,0,1,1,6,6,1,40,7,1968,2,6,VOLKSWAGEN CC,3,E01000819,0,-1
2021010324333,2021,010324333,2,9,0,3,3,1,5,0,0,2,0,0,0,0,2,1,6,6,1,26,6,1968,2,7,VOLKSWAGEN CC,4,E01001674,0,-1
2021991175093,2021,991175093,1,9,0,9,9,1,7,0,0,4,0,0,0,0,4,1,5,6,1,36,7,1968,2,7,VOLKSWAGEN CC,3,-1,0,-1
2021461071918,2021,461071918,2,9,0,5,5,7,3,0,0,4,0,0,0,0,3,1,6,6,2,22,5,1968,2,8,VOLKSWAGEN CC,9,E01024442,0,-1
2021010301098,2021,010301098,2,9,0,18,19,5,1,0,0,8,0,0,0,0,2,1,6,6,1,40,7,1968,2,8,VOLKSWAGEN CC,8,E01000878,0,-1