collision_index,collision_year,collision_ref_no,vehicle_reference,vehicle_type,towing_and_articulation,vehicle_manoeuvre_historic,vehicle_manoeuvre,vehicle_direction_from,vehicle_direction_to,vehicle_location_restricted_lane_historic,vehicle_location_restricted_lane,junction_location,skidding_and_overturning,hit_object_in_carriageway,vehicle_leaving_carriageway,hit_object_off_carriageway,first_point_of_impact,vehicle_left_hand_drive,journey_purpose_of_driver_historic,journey_purpose_of_driver,sex_of_driver,age_of_driver,age_band_of_driver,engine_capacity_cc,propulsion_code,age_of_vehicle,generic_make_model,driver_imd_decile,lsoa_of_driver,escooter_flag,driver_distance_banding
2021320276943,2021,320276943,1,21,0,18,19,6,2,0,0,0,5,0,1,0,4,1,2,2,1,33,6,-1,-1,-1,-1,-1,-1,0,-1
2021451120100,2021,451120100,1,9,0,3,3,2,5,0,0,4,0,0,0,0,2,1,6,6,1,50,8,2260,1,17,-1,8,E01030628,0,-1
2021552100054,2021,552100054,2,3,0,18,19,8,4,0,0,8,0,0,0,0,1,1,1,1,2,19,4,49,1,14,-1,8,E01015344,0,-1
202154C134821,2021,54C134821,1,9,0,7,7,3,7,0,0,2,0,0,1,3,1,1,6,6,2,45,7,2000,2,1,-1,1,E01032096,0,-1
2021552200260,2021,552200260,3,9,0,18,19,2,6,0,0,0,0,0,0,0,1,1,6,6,1,30,6,1500,2,3,-1,7,E01020375,0,-1
2021440420317,2021,440420317,2,9,0,18,19,1,5,0,0,4,0,0,0,0,3,1,6,6,2,-1,-1,-1,3,0,-1,-1,-1,0,-1
2021451049604,2021,451049604,1,3,0,9,9,5,3,0,0,8,5,0,0,0,4,1,2,2,1,43,7,125,1,0,-1,7,E01022584,0,-1
2021141124750,2021,141124750,2,3,0,18,19,1,4,0,0,1,0,0,0,0,3,1,1,1,1,23,5,125,1,2,-1,3,E01007480,0,-1
2021451070853,2021,451070853,1,3,0,18,19,1,1,0,0,1,2,0,1,10,3,1,5,6,1,58,9,125,1,2,-1,8,E01030800,0,-1
2021061135101,2021,061135101,2,97,0,18,19,6,2,0,0,0,0,0,0,0,1,1,6,6,1,30,6,125,1,2,-1,-1,-1,0,-1
2021471054582,2021,471054582,2,3,0,18,19,6,2,0,0,1,0,0,0,0,1,1,5,6,2,45,7,125,1,0,-1,8,E01021209,0,-1
2021052102741,2021,052102741,2,97,0,18,19,5,1,0,0,8,0,0,0,0,4,1,6,6,1,26,6,125,1,1,-1,1,E01006437,0,-1
2021052101538,2021,052101538,2,3,0,18,19,8,4,0,0,1,0,0,0,0,1,1,6,6,1,49,8,125,1,1,-1,2,E01006924,0,-1
2021010293159,2021,010293159,1,3,0,14,14,1,5,0,0,5,1,0,0,0,3,1,2,2,1,57,9,125,1,3,-1,3,E01002370,0,-1
2021991082978,2021,991082978,2,5,0,18,19,4,8,0,0,3,0,0,0,0,1,1,6,6,2,41,7,645,1,6,SUZUKI SFV 650,8,-1,0,-1
2021010325861,2021,010325861,2,4,0,18,19,6,2,0,0,8,0,0,0,0,4,1,6,6,1,29,6,645,1,10,SUZUKI SFV 650,8,E01003426,0,-1
2021440263193,2021,440263193,1,5,0,18,19,3,7,0,0,0,0,0,0,0,0,1,6,6,2,37,7,645,1,12,SUZUKI SFV 650,5,E01017044,0,-1
2021440249989,2021,440249989,1,5,0,16,19,6,2,0,0,0,0,0,4,0,1,1,6,6,1,29,6,645,1,6,SUZUKI SFV 650,6,E01022551,0,-1
2021010311762,2021,010311762,2,5,0,15,15,1,5,0,0,1,0,0,0,0,4,1,1,1,1,34,6,645,1,12,SUZUKI SFV 650,6,E01001195,0,-1
2021520104737,2021,520104737,1,5,0,18,19,3,7,0,0,0,0,0,0,0,1,1,6,6,1,75,10,645,1,11,SUZUKI SFV 650,8,E01032071,0,-1
2021622100895,2021,622100895,2,5,0,18,19,7,3,0,0,1,0,0,0,0,3,1,2,2,2,49,8,645,1,7,SUZUKI SFV 650,3,W01001247,0,-1
20211381S0881,2021,1381S0881,2,5,0,18,19,7,3,0,0,1,0,0,0,0,1,1,1,1,1,36,7,645,1,12,SUZUKI SFV 650,2,E01024902,0,-1
2021010297016,2021,010297016,1,5,0,99,99,9,9,99,99,9,9,99,9,99,1,1,2,2,1,56,9,645,1,12,SUZUKI SFV 650,5,E01000417,0,-1
2021991032698,2021,991032698,2,3,0,18,19,5,1,0,0,1,1,0,0,0,1,1,5,6,2,53,8,645,1,11,SUZUKI SFV 650,-1,-1,0,-1
2021010305353,2021,010305353,2,5,0,15,15,3,7,2,2,1,2,0,0,0,1,1,1,1,1,32,6,645,1,12,SUZUKI SFV 650,5,E01001685,0,-1
2021221060716,2021,221060716,3,5,0,18,19,1,5,0,0,0,1,0,0,0,3,1,5,6,2,58,9,645,1,11,SUZUKI SFV 650,8,E01013996,0,-1
2021531087608,2021,531087608,2,5,0,17,19,5,3,0,0,8,5,0,0,0,1,1,2,2,1,55,8,645,1,6,SUZUKI SFV 650,6,E01032128,0,-1
2021221082239,2021,221082239,1,5,0,16,19,3,5,0,0,0,1,0,7,8,1,1,5,6,2,25,5,645,1,8,SUZUKI SFV 650,2,E01003732,0,-1
2021031058792,2021,031058792,1,5,0,15,15,7,3,0,0,0,2,10,1,0,1,1,5,6,1,27,6,645,1,5,SUZUKI SFV 650,6,E01019178,0,-1
2021421081828,2021,421081828,2,5,0,18,19,2,6,0,0,1,5,0,0,0,1,1,5,6,1,41,7,645,1,8,SUZUKI SFV 650,7,E01021407,0,-1
2021122100391,2021,122100391,1,5,0,16,19,1,5,0,0,0,0,0,7,0,3,1,6,6,2,53,8,645,1,6,SUZUKI SFV 650,7,E01013020,0,-1
2021421094889,2021,421094889,1,5,0,18,19,5,1,0,0,0,2,0,0,0,1,1,2,2,1,26,6,645,1,9,SUZUKI SFV 650,3,E01000020,0,-1
2021170M11201,2021,170M11201,1,9,0,18,19,6,2,0,0,2,0,0,0,0,1,1,6,6,1,57,9,1798,8,0,-1,1,E01012082,0,-1
2021421046385,2021,421046385,1,9,5,18,19,7,3,0,0,4,0,0,0,0,1,1,6,6,1,61,9,1798,8,0,-1,7,E01030117,0,-1
202134NNC7321,2021,34NNC7321,1,9,0,7,7,3,8,0,0,6,0,0,0,0,1,1,6,6,1,22,5,1798,8,0,-1,4,E01026982,0,-1
2021201094408,2021,201094408,2,5,0,18,19,4,8,0,0,8,1,0,0,0,1,1,2,2,1,61,9,805,1,21,-1,3,E01010566,0,-1
2021421096794,2021,421096794,1,5,0,18,19,7,3,0,0,0,2,0,0,0,1,1,5,6,1,34,6,805,1,16,-1,1,E01021301,0,-1
2021070057164,2021,070057164,1,5,0,13,13,8,4,0,0,0,2,0,0,0,3,1,6,6,1,48,8,805,1,12,-1,4,E01018618,0,-1
202134WNC2981,2021,34WNC2981,2,5,0,17,19,7,1,0,0,8,0,0,0,0,1,1,6,6,1,44,7,805,1,13,-1,2,E01027155,0,-1
2021991030503,2021,991030503,2,5,0,18,19,3,7,0,0,1,0,0,0,0,1,1,5,6,1,61,9,805,1,21,-1,1,-1,0,-1
2021161031550,2021,161031550,2,5,0,18,19,5,1,0,0,3,1,0,0,0,4,1,6,6,1,40,7,805,1,24,-1,7,E01012935,0,-1
2021991059936,2021,991059936,1,5,0,18,19,5,1,0,0,0,1,0,0,0,3,1,5,6,1,56,9,805,1,24,-1,-1,-1,0,-1
2021421050532,2021,421050532,1,5,0,17,19,2,7,0,0,0,5,0,1,9,4,1,5,6,1,65,9,805,1,14,-1,10,E01021653,0,-1
2021622100944,2021,622100944,1,4,0,18,19,6,2,0,0,0,0,0,0,0,3,1,6,6,1,69,10,805,1,21,-1,10,W01001819,0,-1
2021131058843,2021,131058843,2,5,0,15,15,1,5,0,0,1,2,0,0,0,1,1,6,6,1,32,6,805,1,23,-1,8,E01010596,0,-1
2021451069722,2021,451069722,3,21,0,3,3,1,5,0,0,5,0,0,0,0,2,1,1,1,1,65,9,12777,2,0,VOLVO Model Missing,3,E01010847,0,-1
2021061048845,2021,061048845,1,11,0,18,19,2,6,0,0,0,0,0,0,0,1,1,1,1,1,55,8,7300,2,15,VOLVO Model Missing,7,E01006290,0,-1
2021010323184,2021,010323184,1,11,0,4,4,5,1,0,0,0,0,0,0,0,1,1,1,1,1,41,7,5132,2,4,VOLVO Model Missing,-1,-1,0,-1
2021061090359,2021,061090359,2,21,0,18,19,4,8,0,0,0,0,0,0,0,0,1,6,6,1,42,7,10837,2,5,VOLVO Model Missing,8,E01019734,0,-1
2021451108932,2021,451108932,1,11,0,18,19,7,3,0,0,0,0,0,0,0,1,1,1,1,1,33,6,12000,2,14,VOLVO Model Missing,6,E01030995,0,-1
2021010317047,2021,010317047,1,11,0,18,19,5,1,0,0,8,0,0,0,0,3,1,1,1,1,40,7,5132,2,2,VOLVO Model Missing,3,E01032743,0,-1
2021041017515,2021,041017515,2,21,0,17,19,5,1,0,0,0,0,0,0,0,2,1,1,1,1,43,7,12777,2,2,VOLVO Model Missing,1,E01013855,0,-1
2021041139888,2021,041139888,3,21,0,18,19,5,1,0,0,0,5,0,0,0,1,1,6,6,3,-1,-1,10837,2,4,VOLVO Model Missing,-1,-1,0,-1
2021501096848,2021,501096848,1,21,0,13,13,7,3,0,0,0,0,0,0,0,3,1,1,1,1,56,9,7698,2,4,VOLVO Model Missing,6,E01018750,0,-1
2021531027539,2021,531027539,2,21,0,18,19,1,5,0,0,0,0,0,0,0,1,1,1,1,1,56,9,12777,2,3,VOLVO Model Missing,8,E01015552,0,-1
2021401039207,2021,401039207,2,21,1,18,19,4,8,0,0,0,0,0,0,0,1,1,1,1,1,34,6,12777,2,3,VOLVO Model Missing,3,E01001213,0,-1
2021351064602,2021,351064602,2,21,1,9,9,6,4,0,0,3,0,0,0,0,3,1,1,1,1,27,6,12777,2,12,VOLVO Model Missing,7,E01018074,0,-1
2021041025040,2021,041025040,2,21,0,18,19,3,7,0,0,0,0,0,0,0,3,1,1,1,1,54,8,12777,2,4,VOLVO Model Missing,8,E01005367,0,-1
2021061082579,2021,061082579,1,11,0,18,19,1,5,0,0,2,0,0,0,0,1,1,1,1,1,29,6,7300,2,13,VOLVO Model Missing,3,E01005003,0,-1
2021141087622,2021,141087622,1,21,0,4,4,7,3,0,0,0,0,0,0,0,2,1,1,1,1,55,8,10837,2,2,VOLVO Model Missing,2,E01012775,0,-1
2021991070115,2021,991070115,1,11,0,12,12,7,3,0,0,0,0,4,0,0,1,1,1,1,1,24,5,12778,2,8,VOLVO Model Missing,1,-1,0,-1
2021451044202,2021,451044202,3,21,0,3,3,7,3,0,0,0,0,0,0,0,2,1,1,1,1,36,7,12777,2,8,VOLVO Model Missing,10,E01015914,0,-1
2021052100894,2021,052100894,1,11,0,18,19,1,5,0,0,0,0,0,0,0,1,1,1,1,1,39,7,5132,2,4,VOLVO Model Missing,1,E01006741,0,-1
2021501040187,2021,501040187,3,21,1,18,19,6,2,0,0,0,0,0,0,0,3,1,1,1,1,52,8,12777,2,12,VOLVO Model Missing,6,E01018752,0,-1
2021421055507,2021,421055507,1,21,4,12,12,2,7,0,0,0,0,0,0,0,3,1,1,1,1,35,6,12777,2,2,VOLVO Model Missing,-1,-1,0,-1
2021501016922,2021,501016922,2,21,0,18,19,1,5,0,0,0,0,0,0,0,3,1,1,1,1,56,9,10837,2,0,VOLVO Model Missing,4,E01018922,0,-1
2021052100739,2021,052100739,1,20,0,18,19,1,5,0,0,0,0,0,0,0,1,1,1,1,1,52,8,10837,2,8,VOLVO Model Missing,7,E01019753,0,-1
2021010314270,2021,010314270,2,21,0,99,99,9,9,99,99,9,9,99,9,99,1,9,6,6,3,55,8,12777,2,3,VOLVO Model Missing,5,E01009774,0,-1
2021371125841,2021,371125841,2,21,1,3,3,4,8,0,0,0,0,0,0,0,2,1,1,1,1,35,6,12777,2,8,VOLVO Model Missing,3,E01015713,0,-1
2021141037477,2021,141037477,2,21,0,18,19,1,5,0,0,1,0,0,0,0,1,1,1,1,1,51,8,12777,2,11,VOLVO Model Missing,6,E01028050,0,-1
2021201119546,2021,201119546,1,21,1,4,4,5,1,0,0,0,0,0,0,0,1,1,1,1,1,-1,-1,12777,2,2,VOLVO Model Missing,-1,-1,0,-1
2021461076483,2021,461076483,1,21,1,2,2,7,3,0,0,0,0,4,0,0,1,1,6,6,1,56,9,12777,2,7,VOLVO Model Missing,3,E01016084,0,-1
2021522105054,2021,522105054,2,11,0,2,2,0,0,2,2,0,0,0,0,0,3,1,1,1,1,40,7,9360,2,13,VOLVO Model Missing,4,E01014523,0,-1
2021041020388,2021,041020388,1,21,0,18,19,5,7,0,0,0,0,0,0,0,1,1,1,1,1,48,8,12777,2,1,VOLVO Model Missing,7,E01004933,0,-1
2021041110419,2021,041110419,2,21,0,18,19,1,5,0,0,0,0,0,0,0,3,1,1,1,1,51,8,12777,2,1,VOLVO Model Missing,10,E01025336,0,-1
2021471106169,2021,471106169,1,21,1,16,19,3,6,0,0,0,0,0,0,0,0,1,1,1,1,29,6,12777,2,1,VOLVO Model Missing,3,E01016511,0,-1
2021010302215,2021,010302215,1,11,0,5,5,7,3,0,0,1,0,0,0,0,0,1,1,1,1,50,8,5132,2,3,VOLVO Model Missing,5,E01002584,0,-1
2021161103452,2021,161103452,1,21,0,11,11,2,6,0,0,0,0,0,0,0,4,1,1,1,1,57,9,12777,2,3,VOLVO Model Missing,8,E01005572,0,-1
2021010315123,2021,010315123,1,21,0,99,99,9,9,0,0,1,0,0,0,0,1,1,6,6,1,35,6,7698,2,3,VOLVO Model Missing,9,E01031154,0,-1
2021041020172,2021,041020172,1,21,1,9,9,5,8,0,0,8,0,0,0,0,1,1,1,1,1,32,6,10837,2,10,VOLVO Model Missing,6,E01006396,0,-1
2021161102679,2021,161102679,2,21,0,4,4,1,5,0,0,0,0,0,0,0,2,1,1,1,1,45,7,12777,2,3,VOLVO Model Missing,2,E01013187,0,-1
2021141019596,2021,141019596,1,21,0,18,19,5,1,0,0,0,5,0,1,7,1,1,1,1,1,60,9,16120,2,23,VOLVO Model Missing,9,E01013120,0,-1
2021122101143,2021,122101143,3,21,0,4,4,2,6,0,0,1,0,0,0,0,1,1,1,1,1,30,6,12777,2,6,VOLVO Model Missing,3,E01011330,0,-1
202106N078953,2021,06N078953,1,11,0,18,19,7,3,0,0,0,0,0,0,0,3,1,1,1,1,51,8,7300,2,15,VOLVO Model Missing,4,E01004993,0,-1
2021421019906,2021,421019906,2,21,0,16,19,5,1,0,0,0,0,0,0,0,1,1,1,1,1,51,8,12777,2,7,VOLVO Model Missing,-1,-1,0,-1
2021351020697,2021,351020697,2,21,1,2,2,0,0,0,0,0,0,0,0,0,2,1,1,1,1,40,7,12777,2,10,VOLVO Model Missing,4,E01018062,0,-1
2021371069269,2021,371069269,1,21,0,18,19,7,3,0,0,8,0,0,0,0,1,1,1,1,1,-1,-1,10837,2,4,VOLVO Model Missing,1,E01033131,0,-1
2021471088682,2021,471088682,2,11,0,18,19,7,3,0,0,8,0,0,0,0,0,1,1,1,1,42,7,9360,2,10,VOLVO Model Missing,4,E01031786,0,-1
2021201148284,2021,201148284,1,21,0,5,5,7,3,0,0,4,0,0,0,0,4,1,1,1,1,47,8,12777,2,1,VOLVO Model Missing,5,E01032716,0,-1
2021010335329,2021,010335329,2,21,9,99,99,9,9,99,99,9,9,99,9,99,9,9,6,6,3,-1,-1,12777,2,5,VOLVO Model Missing,-1,-1,0,-1
2021052100701,2021,052100701,1,9,0,18,19,7,2,0,0,8,0,0,0,0,3,1,6,6,1,73,10,1783,1,19,VOLVO Model Missing,2,E01006742,0,-1
2021461069227,2021,461069227,1,21,-1,-1,-1,-1,-1,-1,-1,0,-1,-1,-1,0,-1,1,6,6,1,76,11,12777,2,14,VOLVO Model Missing,6,E01015925,0,-1
2021991055791,2021,991055791,1,21,1,18,19,1,5,0,0,0,1,0,0,0,3,1,1,1,1,45,7,12777,2,0,VOLVO Model Missing,7,-1,0,-1
2021010297253,2021,010297253,2,11,0,18,19,3,7,0,0,0,0,0,0,0,1,1,1,1,2,49,8,9100,2,11,VOLVO Model Missing,1,E01001210,0,-1
2021131033895,2021,131033895,1,21,0,13,13,2,6,0,0,0,0,0,0,0,4,1,6,6,1,40,7,12777,2,15,VOLVO Model Missing,-1,-1,0,-1
2021041096503,2021,041096503,2,21,0,18,19,3,7,0,0,1,0,0,0,0,1,1,1,1,1,27,6,12777,2,4,VOLVO Model Missing,10,E01025327,0,-1
2021161020088,2021,161020088,3,21,0,18,19,7,3,0,0,0,0,0,0,0,1,1,1,1,1,43,7,7146,2,14,VOLVO Model Missing,1,E01013222,0,-1
2021011066741,2021,011066741,2,20,0,18,19,2,6,0,0,1,0,0,0,0,3,1,1,1,1,57,9,-1,-1,-1,VOLVO Model Missing,2,E01011618,0,-1
202154A406921,2021,54A406921,2,21,0,2,2,0,0,0,0,0,0,0,0,0,2,1,6,6,1,34,6,10837,2,8,VOLVO Model Missing,9,W01001575,0,-1
2021991115836,2021,991115836,2,21,1,4,4,6,1,0,0,0,0,0,0,0,2,1,1,1,1,53,8,12777,2,2,VOLVO Model Missing,6,-1,0,-1
2021531038835,2021,531038835,1,21,1,18,19,1,5,0,0,0,0,0,0,0,1,1,1,1,1,56,9,12777,2,7,VOLVO Model Missing,1,E01018107,0,-1
2021421019652,2021,421019652,3,21,1,2,2,0,0,6,6,0,0,0,0,0,2,1,1,1,1,41,7,12777,2,3,VOLVO Model Missing,7,E01030159,0,-1
2021052101111,2021,052101111,1,11,0,18,19,3,7,0,0,8,0,0,0,0,0,1,1,1,1,69,10,4760,2,8,VOLVO Model Missing,3,E01007233,0,-1
2021052101251,2021,052101251,2,11,0,18,19,4,8,0,0,1,0,0,0,0,4,1,1,1,1,32,6,5132,2,4,VOLVO Model Missing,4,E01006681,0,-1
2021010313270,2021,010313270,1,11,0,18,19,7,3,0,0,1,0,0,0,0,3,1,1,1,1,58,9,4760,2,9,VOLVO Model Missing,1,E01001461,0,-1
2021061128356,2021,061128356,1,21,0,18,19,7,3,0,0,0,0,0,0,0,3,1,1,1,1,43,7,12777,2,9,VOLVO Model Missing,8,W01000390,0,-1
202134NNC6381,2021,34NNC6381,1,21,0,18,19,7,3,0,0,1,1,0,0,0,1,1,1,1,1,48,8,12777,2,2,VOLVO Model Missing,4,E01027327,0,-1
2021545987021,2021,545987021,1,21,0,9,9,1,6,0,0,6,0,0,0,0,4,1,1,1,1,57,9,12777,2,8,VOLVO Model Missing,6,E01031871,0,-1
2021122100707,2021,122100707,1,21,1,18,19,5,1,0,0,2,0,0,0,0,1,1,1,1,1,63,9,12130,2,22,VOLVO Model Missing,2,E01020618,0,-1
2021010291133,2021,010291133,2,21,0,18,19,7,3,0,0,3,0,0,0,0,4,1,1,1,1,31,6,10837,2,2,VOLVO Model Missing,3,E01002542,0,-1
2021351090158,2021,351090158,1,21,0,18,19,7,3,0,0,0,0,0,0,0,1,1,1,1,1,23,5,12777,2,12,VOLVO Model Missing,6,E01026722,0,-1
2021421053515,2021,421053515,2,21,1,12,12,4,7,8,6,0,0,0,0,0,3,1,1,1,1,57,9,12777,2,0,VOLVO Model Missing,1,E01015282,0,-1
2021411122201,2021,411122201,1,21,1,5,5,7,3,0,0,1,0,0,0,0,1,1,6,6,1,32,6,12777,2,2,VOLVO Model Missing,2,E01033124,0,-1
2021411110636,2021,411110636,2,21,0,11,11,3,7,0,0,0,0,0,0,0,1,1,1,1,1,49,8,12777,2,2,VOLVO Model Missing,6,E01000110,0,-1
2021451023461,2021,451023461,2,21,0,4,4,6,2,0,0,0,0,0,0,0,2,1,1,1,1,41,7,12777,2,1,VOLVO Model Missing,3,E01017663,0,-1
2021991077215,2021,991077215,1,21,0,13,13,4,8,0,0,0,0,0,0,0,4,1,6,6,1,25,5,12777,2,6,VOLVO Model Missing,-1,-1,0,-1
2021201065183,2021,201065183,1,11,0,18,19,6,2,0,0,6,0,0,0,0,1,1,1,1,1,47,8,7300,2,15,VOLVO Model Missing,3,E01010396,0,-1
2021061050167,2021,061050167,1,11,0,18,19,5,1,0,0,0,0,0,0,0,1,1,1,1,1,61,9,7300,2,14,VOLVO Model Missing,8,E01012597,0,-1
2021161087165,2021,161087165,1,21,0,18,19,5,1,0,0,1,0,0,0,0,4,1,2,2,1,53,8,12130,2,22,VOLVO Model Missing,8,E01013094,0,-1
2021061029242,2021,061029242,2,21,0,17,19,3,1,0,0,0,0,0,0,0,1,1,1,1,1,57,9,12777,2,13,VOLVO Model Missing,1,E01005258,0,-1
2021991013815,2021,991013815,1,9,0,18,19,8,4,0,0,0,0,0,0,0,1,1,5,6,1,66,10,1870,2,18,VOLVO Model Missing,1,-1,0,-1
2021501068379,2021,501068379,2,21,0,9,9,8,6,0,0,6,0,0,0,0,3,1,1,1,1,52,8,7698,2,2,VOLVO Model Missing,6,E01020161,0,-1
2021041067011,2021,041067011,1,21,0,11,11,1,5,0,0,0,0,0,0,0,1,1,1,1,1,47,8,12777,2,3,VOLVO Model Missing,9,E01025451,0,-1
2021531115840,2021,531115840,2,21,1,18,19,7,3,0,0,1,0,0,0,0,1,1,1,1,1,53,8,12777,2,9,VOLVO Model Missing,5,E01003495,0,-1
2021041038234,2021,041038234,2,21,0,18,19,5,1,0,0,0,0,0,0,0,1,1,1,1,1,24,5,10837,2,2,VOLVO Model Missing,6,E01005519,0,-1
2021531054214,2021,531054214,1,21,0,18,19,-1,-1,0,0,0,0,11,0,0,-1,1,6,6,1,38,7,12777,2,8,VOLVO Model Missing,7,E01022206,0,-1
2021371139793,2021,371139793,2,21,1,18,19,1,5,0,0,0,1,0,1,0,3,1,1,1,1,33,6,7698,2,0,VOLVO Model Missing,7,E01026939,0,-1
2021471038992,2021,471038992,2,11,0,9,9,1,7,0,0,6,0,0,0,0,0,1,1,1,1,47,8,9600,2,20,VOLVO Model Missing,9,E01031458,0,-1
2021371037282,2021,371037282,1,21,1,9,9,3,8,0,0,8,0,0,0,0,4,1,1,1,1,51,8,12777,2,8,VOLVO Model Missing,9,E01002535,0,-1
2021061137848,2021,061137848,1,11,0,18,19,3,7,0,0,8,0,0,0,0,1,1,1,1,1,54,8,9360,2,13,VOLVO Model Missing,6,E01004973,0,-1
2021061027703,2021,061027703,1,21,0,18,19,1,5,0,0,0,5,0,7,7,1,1,1,1,1,32,6,12777,2,8,VOLVO Model Missing,-1,-1,0,-1
2021351076159,2021,351076159,2,21,-1,-1,-1,-1,-1,-1,-1,-1,-1,-1,-1,0,-1,1,1,1,1,59,9,12777,2,6,VOLVO Model Missing,5,E01013019,0,-1
2021111065252,2021,111065252,1,21,1,1,1,5,1,0,0,1,0,0,0,0,2,1,1,1,1,36,7,12777,2,4,VOLVO Model Missing,2,E01008665,0,-1
2021451043297,2021,451043297,2,21,0,18,19,1,5,0,0,1,0,0,0,0,1,1,1,1,1,51,8,12777,2,3,VOLVO Model Missing,6,E01030842,0,-1
2021010347665,2021,010347665,2,21,9,99,99,9,9,99,99,0,9,99,9,99,2,1,6,6,1,32,6,12777,2,2,VOLVO Model Missing,2,E01004089,0,-1
2021052101043,2021,052101043,1,11,0,18,19,8,4,0,0,0,0,0,0,0,4,1,1,1,1,52,8,5132,2,4,VOLVO Model Missing,1,E01006716,0,-1
2021111039989,2021,111039989,1,21,1,13,13,7,3,0,0,0,0,0,0,0,0,1,1,1,3,30,6,12777,2,5,VOLVO Model Missing,-1,-1,0,-1
2021451054106,2021,451054106,8,21,0,18,19,3,7,0,0,0,1,0,0,0,1,1,1,1,1,25,5,12777,2,3,VOLVO Model Missing,7,E01023519,0,-1
2021451093900,2021,451093900,2,21,0,18,19,1,5,0,0,0,0,11,0,0,1,1,1,1,1,42,7,12777,2,0,VOLVO Model Missing,2,W01001525,0,-1
2021141057252,2021,141057252,1,21,0,4,4,6,2,0,0,0,0,0,0,0,2,1,1,1,1,62,9,12777,2,2,VOLVO Model Missing,3,E01007514,0,-1
2021041047001,2021,041047001,1,21,0,18,19,1,5,0,0,0,5,0,1,7,1,1,1,1,1,69,10,10837,2,4,VOLVO Model Missing,4,E01007342,0,-1
2021501032821,2021,501032821,1,11,0,1,1,5,1,0,0,0,0,0,0,0,2,1,3,7,1,69,10,7300,2,16,VOLVO Model Missing,5,E01018902,0,-1
2021101060057,2021,101060057,1,11,-1,-1,-1,-1,-1,-1,-1,0,-1,-1,-1,0,-1,1,1,1,1,57,9,9360,2,7,VOLVO Model Missing,-1,-1,0,-1
2021201032834,2021,201032834,2,21,0,18,19,4,8,0,0,0,0,0,0,0,1,1,1,1,1,35,6,10837,2,5,VOLVO Model Missing,6,E01029400,0,-1
2021010338233,2021,010338233,1,21,0,5,5,1,5,0,0,8,0,0,0,0,1,1,1,1,1,52,8,10837,2,3,VOLVO Model Missing,1,E01004456,0,-1
2021052100818,2021,052100818,2,11,0,15,15,2,6,0,0,0,0,0,0,0,4,1,1,1,1,-1,-1,4760,2,8,VOLVO Model Missing,-1,-1,0,-1
2021451125111,2021,451125111,1,21,0,11,11,6,2,0,0,0,0,0,0,0,1,1,1,1,1,52,8,12777,2,5,VOLVO Model Missing,2,E01029988,0,-1
2021501121718,2021,501121718,1,21,1,4,4,3,7,0,0,0,0,0,0,0,1,1,1,1,1,38,7,10837,2,8,VOLVO Model Missing,7,E01015250,0,-1
2021421034056,2021,421034056,1,21,1,1,1,3,7,6,6,0,0,0,0,0,2,1,6,6,1,45,7,12777,2,9,VOLVO Model Missing,2,E01017238,0,-1
2021101056698,2021,101056698,2,11,-1,-1,-1,-1,-1,-1,-1,0,-1,-1,-1,0,-1,1,1,1,1,61,9,9360,2,7,VOLVO Model Missing,-1,-1,0,-1
2021201146049,2021,201146049,2,21,0,18,19,8,4,0,0,0,0,0,0,0,2,1,6,6,3,-1,-1,12777,2,7,VOLVO Model Missing,-1,-1,0,-1
2021451102442,2021,451102442,2,21,1,18,19,3,7,0,0,0,0,0,0,0,2,1,1,1,1,24,5,12777,2,8,VOLVO Model Missing,2,W01001162,0,-1
2021501111489,2021,501111489,1,90,0,18,19,5,1,0,0,0,0,0,0,0,1,1,1,1,1,58,9,7698,2,1,-1,3,E01015115,0,-1
2021052102408,2021,052102408,4,21,1,18,19,5,1,0,0,1,0,0,0,0,3,1,1,1,1,30,6,12777,2,3,VOLVO Model Missing,9,E01025133,0,-1