collision_index,collision_year,collision_ref_no,vehicle_reference,vehicle_type,towing_and_articulation,vehicle_manoeuvre_historic,vehicle_manoeuvre,vehicle_direction_from,vehicle_direction_to,vehicle_location_restricted_lane_historic,vehicle_location_restricted_lane,junction_location,skidding_and_overturning,hit_object_in_carriageway,vehicle_leaving_carriageway,hit_object_off_carriageway,first_point_of_impact,vehicle_left_hand_drive,journey_purpose_of_driver_historic,journey_purpose_of_driver,sex_of_driver,age_of_driver,age_band_of_driver,engine_capacity_cc,propulsion_code,age_of_vehicle,generic_make_model,driver_imd_decile,lsoa_of_driver,escooter_flag,driver_distance_banding
2021440409046,2021,440409046,2,21,0,18,19,7,3,0,0,0,0,0,0,0,3,1,1,1,1,53,8,12777,2,2,VOLVO Model Missing,10,E01020409,0,-1
2021161097672,2021,161097672,2,21,0,18,19,8,4,0,0,0,0,0,0,0,1,1,1,1,1,-1,-1,12777,2,5,VOLVO Model Missing,6,E01029563,0,-1
2021302100493,2021,302100493,1,21,1,18,19,6,2,0,0,0,0,0,0,0,1,1,1,1,1,57,9,12777,2,0,VOLVO Model Missing,9,E01029466,0,-1
2021461020114,2021,461020114,1,21,0,18,19,5,1,0,0,0,0,0,1,0,1,1,5,6,1,39,7,12777,2,3,VOLVO Model Missing,5,E01016029,0,-1
2021520101800,2021,520101800,1,21,0,18,19,1,5,0,0,0,0,0,0,0,1,1,6,6,1,54,8,12777,2,7,VOLVO Model Missing,6,E01029021,0,-1
2021131118974,2021,131118974,1,21,0,-1,-1,-1,-1,-1,-1,0,-1,-1,-1,-1,-1,1,6,6,3,-1,-1,12777,2,3,VOLVO Model Missing,-1,-1,0,-1
2021131104777,2021,131104777,2,20,0,16,19,3,7,0,0,0,0,0,0,0,1,1,5,6,1,64,9,3990,2,23,VOLVO Model Missing,2,E01025205,0,-1
2021041038947,2021,041038947,1,21,0,9,9,3,5,0,0,4,0,0,0,0,3,1,6,6,1,29,6,12777,2,8,VOLVO Model Missing,10,E01024974,0,-1
2021371067885,2021,371067885,2,21,1,18,19,5,1,0,0,8,0,0,0,0,2,1,1,1,1,69,10,12777,2,6,VOLVO Model Missing,7,E01026504,0,-1
2021161058352,2021,161058352,2,21,0,4,4,3,7,0,0,0,0,0,0,0,2,1,1,1,1,37,7,10837,2,8,VOLVO Model Missing,10,E01004804,0,-1
2021991114299,2021,991114299,1,90,0,18,19,4,8,0,0,1,0,0,0,0,4,1,1,1,1,40,7,7146,2,6,-1,-1,-1,0,-1
2021061079696,2021,061079696,1,11,0,18,19,3,7,0,0,8,0,0,0,0,1,1,1,1,1,48,8,9360,2,12,VOLVO Model Missing,1,E01005382,0,-1
2021141120108,2021,141120108,1,21,0,11,11,1,5,0,0,0,0,0,0,0,4,1,1,1,1,32,6,12777,2,0,VOLVO Model Missing,-1,-1,0,-1
2021052100325,2021,052100325,2,21,1,18,19,6,2,0,0,0,0,0,0,0,4,1,1,1,1,31,6,12777,2,2,VOLVO Model Missing,1,E01032252,0,-1
2021351053343,2021,351053343,1,21,0,18,19,-1,-1,0,0,0,0,0,0,0,1,1,6,6,1,38,7,12777,2,6,VOLVO Model Missing,5,E01028869,0,-1
2021131057631,2021,131057631,1,11,0,16,19,3,5,0,0,8,0,0,0,0,3,1,6,6,3,-1,-1,7300,2,12,VOLVO Model Missing,-1,-1,0,-1
2021471030595,2021,471030595,2,21,0,2,2,0,0,0,0,0,0,0,0,0,2,1,6,6,3,-1,-1,7146,2,10,VOLVO Model Missing,-1,-1,0,-1
2021041032801,2021,041032801,1,21,0,18,19,7,2,0,0,3,0,0,0,0,2,2,1,1,1,45,7,12777,2,10,VOLVO Model Missing,4,E01025172,0,-1
2021351096317,2021,351096317,4,21,0,18,19,3,7,0,0,0,0,0,0,0,1,1,1,1,3,58,9,12777,2,1,VOLVO Model Missing,2,E01019542,0,-1
2021052102779,2021,052102779,1,11,0,5,5,5,1,0,0,0,0,0,0,0,1,1,1,1,2,59,9,10837,2,0,VOLVO Model Missing,3,E01006034,0,-1
2021161032824,2021,161032824,2,20,0,18,19,7,3,0,0,0,0,0,0,0,4,1,1,1,1,74,10,-1,-1,-1,VOLVO Model Missing,10,E01012978,0,-1
2021052101380,2021,052101380,2,21,1,2,2,0,0,0,0,0,0,0,0,0,2,1,1,1,1,59,9,12777,2,5,VOLVO Model Missing,4,E01006390,0,-1
2021991118705,2021,991118705,2,21,1,5,5,6,2,8,6,0,0,0,0,0,2,1,1,1,1,46,8,12777,2,0,VOLVO Model Missing,9,-1,0,-1
2021041078039,2021,041078039,2,21,1,18,19,1,5,0,0,1,1,0,0,0,1,1,1,1,1,53,8,12777,2,7,VOLVO Model Missing,7,E01025487,0,-1
2021010324209,2021,010324209,1,11,0,16,19,7,3,0,0,3,0,0,0,0,2,1,6,6,1,56,9,5132,2,6,VOLVO Model Missing,-1,-1,0,-1
2021421019931,2021,421019931,1,21,1,5,5,4,8,0,0,4,0,0,0,0,3,1,1,1,1,-1,-1,12777,2,1,VOLVO Model Missing,-1,-1,0,-1
2021141124868,2021,141124868,1,21,0,18,19,8,4,0,0,0,0,0,0,0,1,1,1,1,1,26,6,12777,2,2,VOLVO Model Missing,5,E01007350,0,-1
2021531094759,2021,531094759,2,21,0,18,19,1,1,0,0,0,0,0,0,0,2,1,1,1,1,34,6,12777,2,3,VOLVO Model Missing,8,E01032704,0,-1
2021421022759,2021,421022759,1,21,4,17,19,1,2,0,0,0,0,11,0,0,0,1,1,1,1,54,8,12777,2,7,VOLVO Model Missing,5,E01000469,0,-1
2021501070003,2021,501070003,2,21,0,7,7,7,3,0,0,0,0,0,0,0,1,1,1,1,1,34,6,5132,2,4,VOLVO Model Missing,4,E01018919,0,-1
2021461079155,2021,461079155,2,21,0,17,19,5,1,0,0,0,0,0,0,0,3,1,6,6,1,43,7,12777,2,9,VOLVO Model Missing,4,E01024841,0,-1
2021361091383,2021,361091383,2,21,1,18,19,3,7,0,0,0,0,0,0,0,3,1,1,1,1,45,7,12777,2,7,VOLVO Model Missing,2,E01026700,0,-1
2021552100282,2021,552100282,2,21,1,17,19,2,8,0,0,8,0,0,0,0,3,1,1,1,1,56,9,12777,2,10,VOLVO Model Missing,-1,-1,0,-1
2021061078366,2021,061078366,1,21,0,18,19,7,3,0,0,1,0,0,0,0,1,1,1,1,1,58,9,7698,2,4,VOLVO Model Missing,4,E01004920,0,-1
2021141087157,2021,141087157,2,21,1,18,19,1,5,0,0,1,1,0,0,0,1,1,1,1,1,66,10,12777,2,7,VOLVO Model Missing,5,E01027636,0,-1
2021401180795,2021,401180795,3,98,0,18,19,2,6,0,0,0,0,0,0,0,3,1,1,1,1,55,8,12777,2,5,-1,5,E01026648,0,-1
2021461113125,2021,461113125,1,21,0,18,19,1,5,0,0,0,0,0,0,0,4,1,6,6,1,-1,-1,12777,2,2,VOLVO Model Missing,7,E01024719,0,-1
2021351101511,2021,351101511,2,21,1,18,19,6,2,0,0,0,0,0,0,0,3,1,1,1,1,56,9,12777,2,2,VOLVO Model Missing,8,E01026434,0,-1
2021141059114,2021,141059114,5,21,0,18,19,7,3,0,0,0,0,0,0,0,1,1,1,1,1,61,9,10837,2,5,VOLVO Model Missing,3,E01007679,0,-1
2021010346954,2021,010346954,1,11,0,9,9,2,8,0,0,8,0,0,0,0,1,1,1,1,1,21,5,5132,2,4,VOLVO Model Missing,3,E01003571,0,-1
2021520200131,2021,520200131,1,21,0,18,19,6,2,0,0,0,0,0,0,0,1,1,6,6,1,54,8,12777,2,10,VOLVO Model Missing,6,E01029021,0,-1
2021010337588,2021,010337588,2,11,0,18,19,5,1,0,0,8,0,0,0,0,4,1,1,1,2,59,9,9360,2,10,VOLVO Model Missing,7,E01002182,0,-1
2021141102788,2021,141102788,1,21,0,13,13,1,5,0,0,0,0,0,0,0,1,1,1,1,1,63,9,12777,2,3,VOLVO Model Missing,4,E01005358,0,-1
2021351150284,2021,351150284,2,21,1,4,4,1,5,0,0,0,0,0,0,0,2,1,1,1,1,58,9,12777,2,6,VOLVO Model Missing,7,E01025941,0,-1
2021351052847,2021,351052847,6,21,1,3,3,7,3,0,0,0,0,0,0,0,2,1,1,1,1,49,8,12777,2,6,VOLVO Model Missing,2,E01030170,0,-1
2021161042784,2021,161042784,2,21,0,4,4,3,7,0,0,0,0,0,0,0,2,1,1,1,1,48,8,12777,2,1,VOLVO Model Missing,8,E01013026,0,-1
2021041116821,2021,041116821,3,21,0,18,19,5,1,0,0,0,0,0,0,0,1,1,1,1,1,56,9,7698,2,3,VOLVO Model Missing,1,E01012679,0,-1
2021201076289,2021,201076289,1,21,1,18,19,2,6,0,0,0,0,0,0,0,2,1,1,1,1,66,10,12777,2,7,VOLVO Model Missing,8,E01016082,0,-1
2021501063765,2021,501063765,2,21,0,17,19,2,6,0,0,0,0,0,0,0,4,1,1,1,1,28,6,10837,2,4,VOLVO Model Missing,4,E01018925,0,-1
2021161113419,2021,161113419,2,21,0,4,4,8,4,0,0,1,0,0,0,0,1,1,1,1,1,21,5,12777,2,3,VOLVO Model Missing,2,E01012821,0,-1
2021552101199,2021,552101199,2,21,0,16,19,4,8,0,0,0,0,0,0,0,3,1,2,2,1,45,7,12777,2,2,VOLVO Model Missing,9,E01019474,0,-1
2021141019244,2021,141019244,1,21,0,18,19,1,4,0,0,1,0,0,0,0,1,1,1,1,1,63,9,10837,2,1,VOLVO Model Missing,6,E01026387,0,-1
2021010340454,2021,010340454,2,21,0,18,19,3,7,0,0,0,0,0,0,0,2,1,1,1,1,69,10,10837,2,5,VOLVO Model Missing,3,E01003372,0,-1
2021461086067,2021,461086067,2,21,0,18,19,6,2,0,0,0,0,0,0,0,2,1,6,6,1,44,7,12777,2,1,VOLVO Model Missing,-1,-1,0,-1
2021041018654,2021,041018654,3,21,4,18,19,5,1,0,0,0,0,0,0,0,1,1,5,6,1,56,9,12777,2,2,VOLVO Model Missing,2,E01033302,0,-1
2021361089581,2021,361089581,2,21,0,18,19,7,3,0,0,0,0,0,0,0,3,1,1,1,1,35,6,10837,2,8,VOLVO Model Missing,3,E01026756,0,-1
2021010315883,2021,010315883,2,11,0,99,99,9,9,99,99,9,9,99,9,99,9,9,6,6,3,-1,-1,5132,2,4,VOLVO Model Missing,-1,-1,0,-1
2021451016242,2021,451016242,1,21,0,18,19,5,1,0,0,1,1,0,1,0,3,1,5,6,1,33,6,12777,2,5,VOLVO Model Missing,9,E01024851,0,-1
2021141063744,2021,141063744,4,21,0,18,19,3,7,0,0,1,0,0,0,0,2,1,1,1,1,58,9,12777,2,6,VOLVO Model Missing,5,E01021518,0,-1
2021991095168,2021,991095168,1,21,1,18,19,3,7,0,0,0,0,0,0,0,1,1,1,1,1,42,7,12777,2,5,VOLVO Model Missing,3,-1,0,-1
2021010346030,2021,010346030,2,21,0,11,11,3,7,0,0,0,0,0,0,0,1,1,1,1,1,63,9,12777,2,3,VOLVO Model Missing,5,E01002344,0,-1
2021010307503,2021,010307503,1,21,9,99,99,9,9,99,99,9,9,99,9,99,9,9,6,6,1,53,8,12777,2,0,VOLVO Model Missing,3,E01000719,0,-1
2021991167444,2021,991167444,2,98,1,18,19,5,1,0,0,0,0,0,0,0,3,1,1,1,2,36,7,10837,2,5,-1,4,-1,0,-1
2021010337926,2021,010337926,2,21,0,99,99,9,9,99,99,9,9,99,9,99,1,9,6,6,1,63,9,12777,2,7,VOLVO Model Missing,9,E01033194,0,-1
2021531085342,2021,531085342,2,21,0,18,19,6,2,0,0,0,0,0,0,0,3,1,1,1,1,71,10,10837,2,8,VOLVO Model Missing,5,E01014097,0,-1
2021401058829,2021,401058829,2,11,0,2,2,0,0,0,0,0,0,0,0,0,3,1,3,7,1,72,10,7140,2,8,VOLVO Model Missing,7,E01017548,0,-1
2021361095128,2021,361095128,1,21,0,18,19,3,7,0,0,1,0,0,0,0,1,1,1,1,1,29,6,12130,2,16,VOLVO Model Missing,-1,-1,0,-1
2021010303842,2021,010303842,1,21,0,18,19,1,5,0,0,1,0,0,0,0,4,1,1,1,1,45,7,12777,2,2,VOLVO Model Missing,1,E01001558,0,-1
2021531041702,2021,531041702,1,21,1,11,11,1,5,0,0,0,0,0,0,0,1,1,1,1,1,40,7,12777,2,3,VOLVO Model Missing,2,E01022160,0,-1
2021061059832,2021,061059832,2,21,0,3,3,3,7,0,0,1,0,0,0,0,1,1,6,6,1,30,6,7146,2,10,VOLVO Model Missing,-1,-1,0,-1
2021010306242,2021,010306242,1,11,0,5,5,7,3,0,0,1,0,0,0,0,4,1,1,1,1,37,7,9360,2,10,VOLVO Model Missing,2,E01003044,0,-1
2021451092972,2021,451092972,1,21,0,9,9,5,3,0,0,0,0,0,0,0,1,1,1,1,1,49,8,12777,2,2,VOLVO Model Missing,5,W01000043,0,-1
2021361026415,2021,361026415,3,21,1,2,2,1,5,0,0,1,0,0,0,0,0,1,1,1,1,48,8,7698,2,3,VOLVO Model Missing,6,E01030064,0,-1
2021010319035,2021,010319035,1,21,0,18,19,1,5,0,0,8,0,0,0,0,3,1,2,2,1,41,7,12777,2,6,VOLVO Model Missing,7,E01024447,0,-1
2021052102357,2021,052102357,2,20,0,11,11,3,7,0,0,0,0,0,0,0,4,1,1,1,1,53,8,10837,2,10,VOLVO Model Missing,5,E01006427,0,-1
2021052102224,2021,052102224,1,21,0,18,19,5,1,0,0,1,0,0,0,0,1,1,1,1,1,57,9,-1,-1,-1,VOLVO Model Missing,1,E01006692,0,-1
2021201028301,2021,201028301,1,21,0,9,9,7,5,0,0,3,5,9,1,10,4,1,1,1,1,32,6,9364,2,14,VOLVO Model Missing,9,E01009469,0,-1
2021991030085,2021,991030085,2,11,0,14,14,4,8,0,0,1,0,0,0,0,0,1,1,1,1,41,7,9360,2,12,VOLVO Model Missing,1,-1,0,-1
2021361139385,2021,361139385,1,21,1,18,19,8,4,0,0,1,1,0,0,0,1,1,1,1,1,49,8,12777,2,10,VOLVO Model Missing,3,E01033038,0,-1
2021010324381,2021,010324381,1,11,9,99,99,9,9,99,99,9,9,99,9,99,1,9,6,6,3,-1,-1,5132,2,2,VOLVO Model Missing,-1,-1,0,-1
2021010310120,2021,010310120,1,9,0,5,5,3,7,0,0,1,0,0,0,0,1,1,2,2,1,28,6,1910,2,14,-1,-1,-1,0,-1
2021471116313,2021,471116313,1,9,0,18,19,5,1,0,0,8,0,0,0,0,1,1,5,6,1,41,7,1910,2,14,-1,3,E01031787,0,-1
202131B041421,2021,31B041421,1,9,0,18,19,5,1,0,0,0,0,0,0,0,1,1,1,1,2,57,9,1747,1,13,-1,5,E01028002,0,-1
2021461102971,2021,461102971,1,9,0,1,1,1,5,0,0,0,0,0,0,0,2,1,3,7,2,33,6,1910,2,14,-1,4,E01024429,0,-1
2021461109918,2021,461109918,1,9,0,18,19,5,1,0,0,1,0,0,0,0,1,1,2,2,1,55,8,1747,1,12,-1,1,E01024657,0,-1
2021451082708,2021,451082708,1,9,0,9,9,1,2,0,0,0,0,0,0,0,3,1,1,1,1,64,9,1910,2,14,-1,6,E01022907,0,-1
2021421062405,2021,421062405,2,9,0,16,19,3,7,0,0,1,0,0,0,0,1,1,5,6,1,37,7,1910,2,17,-1,4,E01015906,0,-1
2021522104372,2021,522104372,1,9,0,16,19,6,1,0,0,8,0,0,3,11,1,1,6,6,1,28,6,1747,1,13,-1,4,E01014946,0,-1
2021440395823,2021,440395823,1,9,0,18,19,3,7,0,0,1,0,0,0,0,1,1,6,6,1,30,6,1910,2,15,-1,4,E01017124,0,-1
2021211156244,2021,211156244,1,3,0,18,19,6,2,0,0,0,0,0,0,0,1,1,6,6,1,19,4,125,1,13,APRILIA RS 125,8,E01029420,0,-1
2021161107046,2021,161107046,1,3,0,18,19,2,6,0,0,4,0,10,3,4,1,1,6,6,1,49,8,125,1,10,APRILIA RS 125,1,E01012859,0,-1
2021070468239,2021,070468239,2,3,0,18,19,7,3,0,0,1,0,0,0,0,1,1,6,6,1,21,5,125,1,11,APRILIA RS 125,-1,-1,0,-1
2021201065131,2021,201065131,2,3,0,18,19,7,3,0,0,0,2,0,0,0,2,1,6,6,1,17,4,125,1,15,APRILIA RS 125,8,E01009785,0,-1
2021141076824,2021,141076824,2,3,0,18,19,5,1,0,0,0,0,0,0,0,1,1,6,6,1,18,4,125,1,13,APRILIA RS 125,2,E01007448,0,-1
2021010340541,2021,010340541,2,4,0,18,19,5,1,0,0,1,0,0,0,0,1,1,6,6,2,29,6,124,1,3,APRILIA RS 125,5,E01003368,0,-1
2021461061118,2021,461061118,1,3,0,16,19,5,8,0,0,0,0,0,0,0,3,1,6,6,1,17,4,125,1,16,APRILIA RS 125,6,E01024568,0,-1
2021411018797,2021,411018797,2,3,0,17,19,3,7,0,0,1,0,0,0,0,1,1,5,6,1,18,4,125,1,15,APRILIA RS 125,10,E01023497,0,-1
2021221040481,2021,221040481,2,3,0,17,19,4,8,0,0,0,1,0,1,0,1,1,5,6,1,17,4,124,1,3,APRILIA RS 125,4,E01014072,0,-1
2021010342870,2021,010342870,1,3,0,99,99,9,9,99,99,9,9,99,9,99,9,1,6,6,1,33,6,124,1,2,APRILIA RS 125,1,E01002074,0,-1
2021522201274,2021,522201274,1,3,0,18,19,4,7,0,0,4,0,0,0,0,0,1,6,6,1,18,4,124,1,0,APRILIA RS 125,6,E01014614,0,-1
2021461115966,2021,461115966,2,2,0,18,19,3,7,0,0,2,0,0,0,0,1,1,6,6,1,25,5,124,1,4,APRILIA RS 125,5,E01024594,0,-1
2021041022301,2021,041022301,1,3,0,18,19,6,2,0,0,1,1,0,0,0,4,1,2,2,1,28,6,125,1,13,APRILIA RS 125,1,E01025286,0,-1
2021201058000,2021,201058000,1,3,0,18,19,1,5,9,9,1,1,0,1,0,1,1,6,6,1,18,4,125,1,15,APRILIA RS 125,7,E01009931,0,-1
2021430479903,2021,430479903,2,3,0,18,19,5,1,0,0,8,0,0,0,0,1,1,6,6,1,19,4,124,1,4,APRILIA RS 125,5,E01032726,0,-1
2021421109816,2021,421109816,2,4,0,13,13,6,2,0,0,0,0,0,0,0,1,1,6,6,1,42,7,124,1,1,APRILIA RS 125,4,E01003672,0,-1
2021361035657,2021,361035657,1,3,0,18,19,4,2,0,0,0,1,0,7,0,1,1,5,6,1,18,4,125,1,13,APRILIA RS 125,6,E01026446,0,-1
2021041084509,2021,041084509,1,3,0,17,19,1,5,0,0,2,1,4,0,0,3,1,5,6,1,50,8,125,1,17,APRILIA RS 125,1,E01025045,0,-1
2021522200840,2021,522200840,1,3,0,17,19,3,8,0,0,0,0,10,1,0,1,1,6,6,1,24,5,124,1,1,APRILIA RS 125,2,E01014526,0,-1
2021991029629,2021,991029629,1,3,0,18,19,5,1,0,0,0,5,0,0,0,1,1,5,6,1,51,8,124,1,3,APRILIA RS 125,1,-1,0,-1
2021501029151,2021,501029151,1,2,0,4,4,2,6,0,0,0,1,0,0,0,1,1,6,6,1,17,4,49,1,10,-1,9,E01020026,0,-1
2021991051941,2021,991051941,1,2,0,4,4,7,3,0,0,0,0,0,0,0,1,1,5,6,1,16,4,49,1,5,-1,8,-1,0,-1
2021122100396,2021,122100396,1,2,0,18,19,3,7,0,0,8,1,0,0,0,1,1,6,6,1,16,4,49,1,6,-1,-1,-1,0,-1
2021371136615,2021,371136615,1,2,0,5,5,8,4,0,0,0,0,0,0,0,2,1,5,6,1,16,4,49,1,11,-1,3,E01029914,0,-1
2021010324325,2021,010324325,1,2,0,99,99,9,9,99,99,9,9,99,9,99,1,1,6,6,1,17,4,49,1,1,-1,4,E01002681,0,-1
2021451119445,2021,451119445,3,5,0,9,9,2,6,0,0,5,5,10,0,0,2,1,5,6,1,34,6,999,1,8,BMW S 1000,6,E01030699,0,-1
2021371102266,2021,371102266,2,5,0,18,19,6,2,0,0,8,0,11,0,0,1,1,6,6,1,57,9,999,1,6,BMW S 1000,6,E01029930,0,-1
2021010308090,2021,010308090,1,5,0,99,99,9,9,99,99,9,9,99,9,99,9,1,2,2,1,42,7,999,1,0,BMW S 1000,10,E01016085,0,-1
2021122100453,2021,122100453,2,5,0,18,19,7,3,0,0,0,1,0,0,0,0,1,6,6,1,53,8,999,1,1,BMW S 1000,7,E01011833,0,-1
2021991089734,2021,991089734,1,5,0,7,7,1,5,0,0,0,2,0,8,0,4,1,5,6,1,46,8,999,1,6,BMW S 1000,8,E01005056,0,-1
2021440276322,2021,440276322,1,5,0,18,19,6,2,0,0,8,0,0,0,0,4,1,6,6,1,58,9,999,1,0,BMW S 1000,5,E01018226,0,-1
2021041088838,2021,041088838,2,5,0,18,19,5,1,0,0,0,0,0,0,0,2,1,6,6,1,68,10,999,1,0,BMW S 1000,6,E01025121,0,-1
2021061072334,2021,061072334,2,5,0,18,19,2,5,0,0,1,0,0,0,0,4,1,5,6,1,42,7,999,1,0,BMW S 1000,5,E01032559,0,-1
2021471091242,2021,471091242,1,5,0,9,9,4,2,0,0,8,0,0,0,0,4,1,5,6,1,30,6,999,1,10,BMW S 1000,6,E01021008,0,-1
2021421104343,2021,421104343,2,5,0,18,19,5,1,0,0,8,0,10,7,2,3,1,2,2,1,55,8,999,1,7,BMW S 1000,6,E01021372,0,-1
2021991067363,2021,991067363,1,5,0,17,19,7,4,0,0,0,0,0,2,7,1,1,5,6,1,36,7,999,1,11,BMW S 1000,4,E01028529,0,-1
2021430395981,2021,430395981,1,5,0,13,13,5,1,0,0,1,0,0,3,0,1,1,6,6,1,-1,-1,999,1,2,BMW S 1000,-1,-1,0,-1
2021991052821,2021,991052821,1,5,0,17,19,1,6,0,0,5,2,0,1,0,3,1,5,6,1,47,8,999,1,0,BMW S 1000,6,-1,0,-1
2021010307105,2021,010307105,2,5,0,18,19,7,3,0,0,1,0,0,0,0,1,1,2,2,1,32,6,999,1,7,BMW S 1000,3,E01023310,0,-1
2021221083987,2021,221083987,2,5,0,14,14,8,4,0,0,0,0,0,0,0,1,1,5,6,1,31,6,999,1,4,BMW S 1000,9,E01032323,0,-1
2021430421317,2021,430421317,2,5,0,18,19,0,0,0,0,0,0,0,0,0,1,1,6,6,1,54,8,999,1,0,BMW S 1000,5,E01028811,0,-1
2021461088694,2021,461088694,2,5,0,14,14,4,8,0,0,0,0,0,0,0,3,1,5,6,1,48,8,999,1,5,BMW S 1000,5,E01016127,0,-1
202163B062321,2021,63B062321,2,5,0,13,13,8,4,0,0,1,0,0,0,0,1,1,6,6,1,55,8,999,1,0,BMW S 1000,5,W01000546,0,-1
2021161124688,2021,161124688,2,5,0,18,19,4,8,0,0,1,2,0,0,0,1,1,5,6,1,42,7,999,1,4,BMW S 1000,-1,-1,0,-1
2021552101000,2021,552101000,1,5,0,13,13,8,4,0,0,8,0,0,7,11,1,1,6,6,1,73,10,999,1,5,BMW S 1000,9,E01027250,0,-1
202163B014221,2021,63B014221,1,5,0,17,19,4,1,0,0,0,0,0,1,4,1,1,6,6,1,51,8,999,1,1,BMW S 1000,10,W01001340,0,-1
2021501061972,2021,501061972,1,5,0,18,19,1,5,0,0,0,0,0,0,0,4,1,6,6,1,57,9,999,1,4,BMW S 1000,10,E01032623,0,-1
2021471050404,2021,471050404,2,5,0,13,13,3,7,0,0,2,0,0,7,0,1,1,5,6,1,48,8,999,1,3,BMW S 1000,8,E01021061,0,-1
2021161041649,2021,161041649,1,5,0,3,3,3,7,0,0,8,0,0,0,0,4,1,6,6,1,49,8,999,1,8,BMW S 1000,6,E01012793,0,-1
2021430364106,2021,430364106,1,5,0,11,11,5,2,0,0,8,0,0,0,0,4,1,6,6,1,59,9,999,1,2,BMW S 1000,8,E01023360,0,-1
2021101073428,2021,101073428,3,5,0,3,3,1,5,0,0,3,5,0,0,0,2,1,6,6,1,51,8,999,1,3,BMW S 1000,3,E01008576,0,-1
2021010295238,2021,010295238,2,5,0,99,99,9,9,99,99,9,9,99,9,99,9,1,6,6,3,42,7,999,1,5,BMW S 1000,5,E01004057,0,-1
2021430449079,2021,430449079,2,5,0,18,19,6,2,0,0,8,0,0,0,0,1,1,6,6,1,33,6,999,1,3,BMW S 1000,5,E01016642,0,-1
202163D053821,2021,63D053821,1,5,0,17,19,8,5,0,0,0,1,0,1,10,4,1,6,6,1,57,9,999,1,0,BMW S 1000,10,E01022602,0,-1
2021161074449,2021,161074449,2,5,0,14,14,5,1,0,0,2,1,0,0,0,1,1,6,6,1,37,7,999,1,7,BMW S 1000,10,E01029507,0,-1
2021010324695,2021,010324695,2,5,0,18,19,3,7,0,0,2,2,0,0,0,1,1,6,6,1,30,6,999,1,4,BMW S 1000,-1,-1,0,-1
2021122100567,2021,122100567,1,5,0,17,19,1,3,0,0,0,0,0,0,0,1,1,4,7,1,57,9,999,1,2,BMW S 1000,10,E01025278,0,-1
2021141056141,2021,141056141,1,5,0,18,19,6,2,0,0,1,0,0,0,0,1,1,5,6,1,43,7,999,1,1,BMW S 1000,3,E01032550,0,-1
2021451096054,2021,451096054,1,5,0,17,19,2,6,0,0,1,1,0,0,0,3,1,5,6,1,52,8,999,1,1,BMW S 1000,4,E01030383,0,-1
202134WNC4051,2021,34WNC4051,1,5,0,16,19,5,1,0,0,0,0,0,0,0,3,1,2,2,1,36,7,999,1,0,BMW S 1000,9,E01027163,0,-1
202134WNC5421,2021,34WNC5421,1,5,0,18,19,1,5,0,0,0,1,0,0,0,1,1,1,1,1,31,6,999,1,0,BMW S 1000,2,E01027151,0,-1
2021361080804,2021,361080804,2,5,0,8,8,3,5,0,0,6,0,0,0,0,2,1,5,6,1,53,8,999,1,1,BMW S 1000,6,E01026549,0,-1
2021351034121,2021,351034121,1,5,0,17,19,8,4,0,0,0,0,0,1,0,4,1,5,6,1,56,9,999,1,1,BMW S 1000,9,E01027322,0,-1
2021320678946,2021,320678946,2,5,0,18,19,5,1,0,0,8,0,0,0,0,4,1,6,6,1,51,8,999,1,2,BMW S 1000,5,E01018102,0,-1
2021320588177,2021,320588177,2,5,0,2,2,0,0,0,0,1,0,0,0,0,4,1,6,6,1,50,8,999,1,2,BMW S 1000,5,E01026435,0,-1
2021111101742,2021,111101742,1,5,0,5,5,1,5,0,0,0,1,0,0,0,3,1,2,2,1,35,6,999,1,5,BMW S 1000,2,E01011949,0,-1
2021430021716,2021,430021716,1,4,0,13,13,5,1,0,0,0,0,0,0,0,1,1,6,6,1,30,6,999,1,5,BMW S 1000,5,E01033573,0,-1
2021302100304,2021,302100304,1,5,0,16,19,8,6,0,0,0,0,0,0,0,1,1,6,6,1,31,6,999,1,1,BMW S 1000,9,E01007425,0,-1
2021440260239,2021,440260239,2,5,0,18,19,3,8,0,0,0,0,0,0,0,4,1,6,6,1,51,8,999,1,1,BMW S 1000,5,E01015993,0,-1