collision_index,collision_year,collision_ref_no,vehicle_reference,vehicle_type,towing_and_articulation,vehicle_manoeuvre_historic,vehicle_manoeuvre,vehicle_direction_from,vehicle_direction_to,vehicle_location_restricted_lane_historic,vehicle_location_restricted_lane,junction_location,skidding_and_overturning,hit_object_in_carriageway,vehicle_leaving_carriageway,hit_object_off_carriageway,first_point_of_impact,vehicle_left_hand_drive,journey_purpose_of_driver_historic,journey_purpose_of_driver,sex_of_driver,age_of_driver,age_band_of_driver,engine_capacity_cc,propulsion_code,age_of_vehicle,generic_make_model,driver_imd_decile,lsoa_of_driver,escooter_flag,driver_distance_banding
2021471116776,2021,471116776,1,5,0,14,14,6,2,0,0,0,0,0,0,0,1,1,5,6,1,67,10,999,1,5,BMW S 1000,2,E01021179,0,-1
2021010331601,2021,010331601,1,5,0,16,19,3,7,0,0,1,0,0,0,0,0,1,6,6,1,30,6,999,1,11,BMW S 1000,1,E01024597,0,-1
2021991070150,2021,991070150,1,5,0,15,15,2,5,0,0,7,5,0,0,0,1,1,5,6,1,29,6,999,1,4,BMW S 1000,6,-1,0,-1
2021451028996,2021,451028996,1,5,0,18,19,5,1,0,0,0,1,10,0,0,1,1,6,6,1,30,6,999,1,2,BMW S 1000,5,E01030656,0,-1
2021320455682,2021,320455682,1,5,0,13,13,6,2,0,0,1,0,0,7,4,1,1,6,6,1,36,7,999,1,4,BMW S 1000,-1,-1,0,-1
2021361090962,2021,361090962,2,5,0,18,19,5,1,0,0,8,0,0,0,0,3,1,6,6,1,54,8,999,1,11,BMW S 1000,1,E01026833,0,-1
2021221056241,2021,221056241,1,5,0,17,19,4,1,0,0,0,1,0,1,10,1,1,5,6,1,31,6,999,1,7,BMW S 1000,8,E01032127,0,-1
2021440260239,2021,440260239,1,5,0,18,19,3,8,0,0,0,0,0,0,0,3,1,6,6,1,49,8,999,1,1,BMW S 1000,6,E01032970,0,-1
2021221089027,2021,221089027,1,5,0,17,19,4,1,0,0,0,0,0,1,0,1,1,5,6,1,34,6,999,1,0,BMW S 1000,8,E01009846,0,-1
2021131082144,2021,131082144,2,5,0,17,19,3,5,0,0,1,0,0,0,0,1,1,5,6,1,60,9,999,1,10,BMW S 1000,9,E01011847,0,-1
2021320387185,2021,320387185,1,5,0,13,13,8,4,0,0,0,0,0,1,0,1,1,6,6,1,59,9,999,1,2,BMW S 1000,8,E01027938,0,-1
2021991050604,2021,991050604,1,5,0,17,19,1,5,0,0,0,1,0,1,10,1,1,5,6,1,37,7,999,1,9,BMW S 1000,8,-1,0,-1
2021440161582,2021,440161582,1,5,0,18,19,8,4,0,0,8,0,0,0,0,1,1,6,6,1,31,6,999,1,6,BMW S 1000,9,E01017248,0,-1
2021101094188,2021,101094188,1,5,0,17,19,1,5,0,0,1,1,0,7,0,4,1,5,6,1,40,7,999,1,0,BMW S 1000,7,E01010573,0,-1
2021471093234,2021,471093234,1,5,0,13,13,7,3,0,0,8,0,0,7,4,1,1,5,6,1,55,8,999,1,3,BMW S 1000,2,E01001735,0,-1
2021321071549,2021,321071549,1,5,0,9,9,3,7,0,0,1,0,0,7,0,2,1,6,6,1,60,9,999,1,0,BMW S 1000,-1,-1,0,-1
2021991074702,2021,991074702,2,5,0,18,19,3,7,0,0,0,0,0,1,11,1,1,5,6,1,27,6,999,1,8,BMW S 1000,5,-1,0,-1
2021010327169,2021,010327169,2,5,0,14,14,7,3,0,0,1,1,0,0,0,1,1,6,6,1,44,7,999,1,3,BMW S 1000,8,E01004081,0,-1
2021461113805,2021,461113805,1,5,0,16,19,4,8,0,0,0,1,0,0,0,4,1,5,6,1,82,11,999,1,5,BMW S 1000,6,E01024421,0,-1
2021546054321,2021,546054321,1,5,0,14,14,1,5,0,0,1,0,0,0,0,1,1,6,6,1,50,8,999,1,5,BMW S 1000,9,E01015471,0,-1
2021440079538,2021,440079538,1,5,0,9,9,4,2,0,0,8,0,0,0,0,0,1,6,6,1,38,7,999,1,2,BMW S 1000,6,E01023121,0,-1
2021061081004,2021,061081004,1,5,0,18,19,6,2,0,0,2,0,0,0,0,1,1,6,6,1,18,4,999,1,10,BMW S 1000,-1,-1,0,-1
2021543874421,2021,543874421,1,5,0,18,19,1,5,0,0,0,0,0,0,0,3,1,6,6,2,57,9,999,1,7,BMW S 1000,7,E01031866,0,-1
2021461086481,2021,461086481,1,5,0,18,19,1,5,0,0,0,5,0,0,0,1,1,6,6,1,35,6,999,1,0,BMW S 1000,3,E01016016,0,-1
2021401098332,2021,401098332,1,5,0,18,19,5,1,0,0,3,1,11,1,7,1,1,6,6,1,34,6,999,1,3,BMW S 1000,8,E01023708,0,-1
2021991050682,2021,991050682,2,5,0,18,19,7,3,0,0,8,2,0,0,0,1,1,5,6,1,46,8,999,1,3,BMW S 1000,2,E01027422,0,-1
2021622100456,2021,622100456,2,5,0,18,19,8,4,0,0,3,0,0,0,0,1,1,6,6,1,78,11,999,1,0,BMW S 1000,10,W01001828,0,-1
2021122100389,2021,122100389,2,5,0,13,13,7,3,0,0,1,0,0,7,0,1,1,6,6,3,32,6,999,1,2,BMW S 1000,-1,-1,0,-1
2021430511847,2021,430511847,2,4,0,18,19,6,1,0,0,8,0,0,0,0,3,1,2,2,1,42,7,999,1,11,BMW S 1000,8,E01028595,0,-1
2021221068292,2021,221068292,1,5,0,18,19,4,8,0,0,8,2,0,0,0,1,1,6,6,1,28,6,999,1,8,BMW S 1000,9,E01029664,0,-1
2021991026278,2021,991026278,1,5,0,13,13,7,3,0,0,1,0,0,0,0,1,1,6,6,1,57,9,999,1,4,BMW S 1000,9,-1,0,-1
2021451052503,2021,451052503,2,5,0,15,15,3,7,0,0,1,0,0,0,0,1,1,5,6,1,43,7,999,1,2,BMW S 1000,6,E01030311,0,-1
2021302101313,2021,302101313,2,5,0,13,13,3,7,0,0,8,0,0,0,0,1,1,6,6,1,42,7,999,1,3,BMW S 1000,9,E01007711,0,-1
2021991086653,2021,991086653,1,4,0,13,13,3,7,0,0,0,0,0,0,0,4,1,6,6,1,43,7,999,1,4,BMW S 1000,2,-1,0,-1
2021010313053,2021,010313053,1,5,0,18,19,1,5,0,0,1,0,0,0,0,1,1,6,6,1,29,6,999,1,6,BMW S 1000,3,E01004427,0,-1
2021122101018,2021,122101018,2,5,0,18,19,7,3,0,0,1,0,0,0,0,1,1,6,6,1,51,8,999,1,0,BMW S 1000,1,E01012198,0,-1
2021010324083,2021,010324083,2,5,0,5,5,1,5,0,0,1,0,0,0,0,3,1,6,6,1,37,7,999,1,0,BMW S 1000,2,E01001912,0,-1
2021421101934,2021,421101934,1,5,0,13,13,7,3,0,0,8,5,0,0,0,1,1,5,6,1,55,8,999,1,4,BMW S 1000,6,E01021353,0,-1
2021010343243,2021,010343243,1,5,0,11,11,7,3,2,2,2,0,0,0,0,1,1,6,6,1,33,6,999,1,2,BMW S 1000,5,E01033734,0,-1
2021041055683,2021,041055683,2,5,0,18,19,8,4,0,0,0,0,0,0,0,0,1,6,6,3,-1,-1,999,1,7,BMW S 1000,-1,-1,0,-1
2021052101848,2021,052101848,2,5,0,18,19,5,1,0,0,1,0,0,0,0,1,1,6,6,1,29,6,999,1,10,BMW S 1000,2,E01018525,0,-1
2021471061373,2021,471061373,2,5,0,4,4,5,1,0,0,0,1,4,0,0,4,1,5,6,1,50,8,999,1,4,BMW S 1000,10,E01032638,0,-1
2021371090888,2021,371090888,1,5,0,13,13,4,8,0,0,0,5,0,1,0,1,1,5,6,1,28,6,999,1,8,BMW S 1000,4,E01030161,0,-1
2021211113467,2021,211113467,1,5,0,13,13,3,7,0,0,1,0,0,0,0,1,1,5,6,1,55,8,999,1,0,BMW S 1000,-1,-1,0,-1
2021131055857,2021,131055857,1,4,0,14,14,7,3,0,0,0,1,4,0,0,3,1,5,6,1,54,8,450,1,6,-1,9,E01010953,0,-1
2021031032043,2021,031032043,2,4,0,3,3,4,8,0,0,0,0,0,0,0,2,1,1,1,1,42,7,450,1,6,-1,7,E01019344,0,-1
2021161099270,2021,161099270,1,5,0,16,19,3,1,0,0,3,1,0,0,0,3,1,5,6,1,52,8,1158,1,0,DUCATI MULTISTRADA,10,E01013044,0,-1
2021010298914,2021,010298914,1,5,0,99,99,9,9,99,99,0,9,99,9,99,9,1,2,2,1,35,6,1262,1,2,DUCATI MULTISTRADA,8,E01000989,0,-1
2021122101267,2021,122101267,2,5,0,18,19,6,2,0,0,0,0,0,7,0,1,1,6,6,1,52,8,1198,1,4,DUCATI MULTISTRADA,10,E01014873,0,-1
2021131048027,2021,131048027,1,5,0,18,19,1,1,0,0,1,1,0,0,0,1,1,5,6,1,64,9,937,1,2,DUCATI MULTISTRADA,8,E01011091,0,-1
202163D091421,2021,63D091421,1,4,0,18,19,4,8,0,0,0,1,12,0,0,1,1,6,6,1,57,9,1262,1,3,DUCATI MULTISTRADA,5,E01014004,0,-1
2021991081692,2021,991081692,1,5,0,17,19,1,5,0,0,0,1,0,7,0,3,1,5,6,1,36,7,937,1,4,DUCATI MULTISTRADA,-1,-1,0,-1
2021552100851,2021,552100851,2,5,0,14,14,8,4,0,0,8,1,0,0,0,1,1,6,6,1,49,8,1198,1,8,DUCATI MULTISTRADA,10,E01015396,0,-1
2021010293954,2021,010293954,1,5,0,18,19,1,5,0,0,8,0,0,0,0,1,1,6,6,1,61,9,1198,1,8,DUCATI MULTISTRADA,3,E01001661,0,-1
2021501051326,2021,501051326,1,4,0,4,4,3,7,0,0,0,0,0,0,0,2,1,6,6,1,54,8,1158,1,0,DUCATI MULTISTRADA,2,E01015157,0,-1
2021501105362,2021,501105362,2,5,0,16,19,3,7,0,0,1,2,0,0,0,1,1,2,2,1,54,8,1158,1,0,DUCATI MULTISTRADA,2,E01015157,0,-1
2021351027337,2021,351027337,1,5,0,17,19,2,7,0,0,0,0,0,1,9,1,1,6,6,1,61,9,1198,1,5,DUCATI MULTISTRADA,9,E01027084,0,-1
2021547213121,2021,547213121,1,5,0,18,19,8,4,0,0,0,2,0,0,0,4,1,6,6,1,62,9,1078,1,12,DUCATI MULTISTRADA,10,E01022873,0,-1
2021141093669,2021,141093669,1,5,0,11,11,5,1,1,1,0,2,0,0,0,4,1,2,2,1,48,8,1158,1,0,DUCATI MULTISTRADA,10,E01018658,0,-1
2021421030663,2021,421030663,2,5,0,3,3,2,6,0,0,1,0,0,0,0,1,1,5,6,1,66,10,937,1,1,DUCATI MULTISTRADA,5,E01003791,0,-1
2021122100548,2021,122100548,1,5,0,16,19,3,7,0,0,6,0,0,0,0,4,1,6,6,3,-1,-1,1262,1,3,DUCATI MULTISTRADA,-1,-1,0,-1
2021520104268,2021,520104268,1,5,5,18,19,1,5,0,0,0,0,12,0,0,1,1,6,6,1,51,8,1198,1,11,DUCATI MULTISTRADA,8,E01029225,0,-1
2021552100487,2021,552100487,2,19,0,4,4,7,3,0,0,0,0,0,0,0,2,1,6,6,1,35,6,2442,2,4,-1,8,E01029206,0,-1
2021041107460,2021,041107460,2,3,0,18,19,1,5,0,0,1,0,0,0,0,3,1,2,2,1,27,6,125,1,10,-1,6,E01012618,0,-1
2021622100083,2021,622100083,2,5,0,18,19,6,2,0,0,0,0,0,0,0,1,1,6,6,1,44,7,998,1,5,-1,3,W01001137,0,-1
2021411022699,2021,411022699,2,5,0,14,14,4,7,0,0,0,0,0,0,0,1,1,6,6,2,33,6,998,1,9,-1,7,E01023527,0,-1
2021991095600,2021,991095600,4,5,0,18,19,7,3,0,0,0,0,0,0,0,1,1,5,6,1,59,9,998,1,5,-1,1,-1,0,-1
2021421061826,2021,421061826,1,5,0,18,19,6,3,0,0,3,5,0,0,0,1,1,6,6,1,30,6,998,1,5,-1,10,E01021557,0,-1
2021010316331,2021,010316331,1,5,0,99,99,9,9,0,0,8,0,0,0,0,3,1,2,2,1,48,8,998,1,3,-1,5,E01021498,0,-1
2021991091580,2021,991091580,1,90,0,4,4,1,5,0,0,1,0,0,0,0,2,1,5,6,1,29,6,2287,2,7,-1,3,E01033562,0,-1
2021451103168,2021,451103168,1,9,0,1,1,1,5,0,0,6,0,0,0,0,2,1,5,6,1,44,7,3498,1,8,-1,9,E01028652,0,-1
2021122100373,2021,122100373,2,17,0,10,10,1,5,0,0,1,0,0,0,0,2,1,1,1,1,36,7,4400,2,7,-1,5,E01027793,0,-1
2021371084623,2021,371084623,1,17,4,18,19,6,3,0,0,0,0,0,0,0,1,1,6,6,1,20,4,4400,2,7,-1,7,E01031197,0,-1
2021451030519,2021,451030519,1,5,0,18,19,2,6,0,0,1,0,0,0,0,1,1,2,2,1,59,9,1043,1,10,-1,4,E01003441,0,-1
2021520201069,2021,520201069,1,5,0,18,19,2,6,0,0,0,1,0,0,0,3,1,6,6,1,28,6,1043,1,6,-1,8,E01014506,0,-1
2021451110812,2021,451110812,1,5,0,18,19,5,1,0,0,0,0,0,0,0,1,1,5,6,1,46,8,1043,1,6,-1,9,E01030431,0,-1
2021041052737,2021,041052737,1,5,0,18,19,3,7,0,0,0,0,0,1,4,1,1,6,6,1,56,9,1000,1,13,-1,1,E01006604,0,-1
202131B090321,2021,31B090321,2,3,0,13,13,7,3,0,0,8,0,0,0,0,1,1,6,6,1,17,4,125,1,4,LEXMOTO ZSX,9,E01028346,0,-1
2021552100871,2021,552100871,2,3,0,16,19,7,3,0,0,0,0,0,0,0,1,1,6,6,1,22,5,124,1,0,LEXMOTO ZSX,4,E01015385,0,-1
2021201058319,2021,201058319,1,3,0,16,19,1,6,0,0,0,0,0,0,0,3,1,6,6,1,44,7,124,1,5,LEXMOTO ZSX,4,E01032358,0,-1
2021461099602,2021,461099602,1,3,0,-1,-1,-1,-1,-1,-1,0,-1,-1,-1,0,-1,1,6,6,1,30,6,125,1,3,LEXMOTO ZSX,7,E01024518,0,-1
2021430349099,2021,430349099,2,4,0,18,19,4,8,0,0,1,0,0,0,0,1,1,6,6,1,23,5,125,1,1,LEXMOTO ZSX,8,E01028578,0,-1
2021371030271,2021,371030271,2,3,0,18,19,4,8,0,0,1,0,0,0,0,3,1,1,1,1,17,4,125,1,5,LEXMOTO ZSX,10,E01018288,0,-1
2021401121811,2021,401121811,2,3,0,18,19,1,5,0,0,1,0,0,1,0,1,1,5,6,1,22,5,125,1,2,LEXMOTO ZSX,2,E01023404,0,-1
2021501100949,2021,501100949,1,3,0,17,19,1,5,0,0,0,0,0,0,0,1,1,5,6,1,18,4,125,1,1,LEXMOTO ZSX,5,E01019992,0,-1
2021421061891,2021,421061891,1,3,0,18,19,2,7,0,0,0,5,0,0,0,0,1,5,6,1,17,4,125,1,2,LEXMOTO ZSX,7,E01021913,0,-1
2021421074682,2021,421074682,2,3,0,7,7,3,7,0,0,6,0,0,0,0,1,1,5,6,1,26,6,125,1,1,LEXMOTO ZSX,6,E01021369,0,-1
202131D030221,2021,31D030221,1,3,0,16,19,1,4,0,0,8,0,0,0,0,1,1,2,2,1,17,4,125,1,1,LEXMOTO ZSX,10,E01028389,0,-1
2021440494083,2021,440494083,1,3,0,16,19,3,7,0,0,0,0,0,0,0,4,1,6,6,1,57,9,125,1,2,LEXMOTO ZSX,8,E01023080,0,-1
2021421100826,2021,421100826,2,3,0,4,4,5,1,0,0,0,0,0,0,0,1,1,2,2,1,18,4,125,1,4,LEXMOTO ZSX,2,E01021278,0,-1
2021991029277,2021,991029277,2,3,0,18,19,2,7,0,0,1,1,0,1,0,0,1,2,2,1,17,4,125,1,2,LEXMOTO ZSX,6,-1,0,-1
2021010295844,2021,010295844,2,3,0,13,13,5,1,0,0,1,0,0,0,0,1,1,6,6,1,24,5,124,1,6,LEXMOTO ZSX,-1,-1,0,-1
2021501087778,2021,501087778,1,3,0,17,19,1,5,0,0,8,0,0,0,0,1,1,2,2,1,18,4,125,1,1,LEXMOTO ZSX,6,E01020204,0,-1
202131C013621,2021,31C013621,2,3,0,15,15,5,1,0,0,8,0,0,0,0,3,1,6,6,1,30,6,125,1,2,LEXMOTO ZSX,2,E01013835,0,-1
2021161031057,2021,161031057,2,3,0,18,19,7,3,0,0,2,0,0,0,0,1,1,5,6,1,32,6,125,1,2,LEXMOTO ZSX,6,E01013105,0,-1
2021131110806,2021,131110806,2,3,0,18,19,7,3,0,0,1,0,0,0,0,4,1,6,6,1,17,4,124,1,5,LEXMOTO ZSX,8,E01011889,0,-1
2021070440609,2021,070440609,1,3,0,7,7,1,5,0,0,4,2,0,0,0,4,1,2,2,1,22,5,125,1,2,LEXMOTO ZSX,8,E01012373,0,-1
2021010341982,2021,010341982,1,3,0,18,19,5,1,0,0,1,0,0,0,0,4,1,2,2,1,23,5,125,1,4,LEXMOTO ZSX,4,E01000565,0,-1
2021501028757,2021,501028757,2,3,0,4,4,4,8,0,0,1,0,0,0,0,2,1,6,6,1,24,5,125,1,1,LEXMOTO ZSX,1,E01015255,0,-1
2021471078872,2021,471078872,1,3,0,18,19,3,7,0,0,2,2,0,0,0,0,1,2,2,1,26,6,124,1,5,LEXMOTO ZSX,1,E01031429,0,-1
2021501040899,2021,501040899,1,3,0,13,13,8,4,0,0,1,0,0,0,0,1,1,6,6,1,21,5,125,1,1,LEXMOTO ZSX,4,E01020070,0,-1
2021552100398,2021,552100398,1,2,0,18,19,2,6,0,0,1,0,0,0,0,1,1,6,6,1,17,4,124,1,7,LEXMOTO ZSX,4,E01020571,0,-1
202134NNC2651,2021,34NNC2651,1,3,0,18,19,7,3,0,0,1,1,0,0,0,1,1,6,6,1,17,4,125,1,3,LEXMOTO ZSX,3,E01027038,0,-1
2021440191241,2021,440191241,1,3,0,17,19,1,5,0,0,0,1,0,1,0,1,1,2,2,1,23,5,125,1,0,LEXMOTO ZSX,3,E01017082,0,-1
2021440480952,2021,440480952,1,3,0,18,19,2,6,0,0,8,1,0,0,0,1,1,6,6,1,20,4,125,1,4,LEXMOTO ZSX,3,E01017335,0,-1
2021991042659,2021,991042659,1,3,0,18,19,7,3,0,0,1,0,0,0,0,1,1,6,6,1,25,5,125,1,5,LEXMOTO ZSX,2,-1,0,-1
2021430341570,2021,430341570,2,2,0,18,19,2,6,0,0,1,0,0,0,0,1,1,6,6,1,20,4,125,1,1,LEXMOTO ZSX,10,E01028667,0,-1
2021031049345,2021,031049345,1,3,0,4,4,8,4,0,0,1,5,0,0,0,4,1,2,2,1,30,6,125,1,5,LEXMOTO ZSX,7,E01019136,0,-1
2021451066780,2021,451066780,1,3,0,18,19,7,3,0,0,8,0,0,0,0,4,1,4,7,1,18,4,125,1,1,LEXMOTO ZSX,8,E01030313,0,-1
2021547719121,2021,547719121,2,2,0,7,7,4,6,0,0,2,0,0,0,0,2,1,6,6,1,18,4,125,1,2,LEXMOTO ZSX,6,-1,0,-1
2021440243174,2021,440243174,1,3,0,7,7,7,1,0,0,8,0,0,0,0,3,1,6,6,1,56,9,125,1,2,LEXMOTO ZSX,8,E01023080,0,-1
2021411121055,2021,411121055,2,9,0,18,19,6,2,0,0,0,0,0,0,0,2,1,6,6,1,43,7,4244,1,14,-1,8,E01033029,0,-1
2021440339964,2021,440339964,2,9,0,9,9,3,7,0,0,1,0,0,0,0,4,1,6,6,1,63,9,2967,1,16,-1,9,E01023275,0,-1
2021010343022,2021,010343022,1,8,0,9,9,8,7,0,0,8,0,0,0,0,1,1,1,1,1,65,9,-1,3,2,NISSAN LEAF,1,E01001559,0,-1
2021440512930,2021,440512930,2,9,0,18,19,6,2,0,0,8,0,0,0,0,4,1,6,6,2,39,7,-1,3,5,NISSAN LEAF,6,E01017204,0,-1
2021010341830,2021,010341830,2,8,0,10,10,4,2,0,0,5,0,0,1,0,2,1,1,1,1,59,9,-1,3,2,NISSAN LEAF,2,E01001745,0,-1
2021302101745,2021,302101745,2,9,0,5,5,6,2,0,0,1,0,0,0,0,1,1,6,6,2,74,10,-1,3,1,NISSAN LEAF,8,E01019734,0,-1
2021010312410,2021,010312410,1,8,0,10,10,4,2,0,0,1,0,0,0,0,1,9,1,1,1,46,8,-1,3,0,NISSAN LEAF,3,E01002532,0,-1
2021010317261,2021,010317261,1,9,0,14,14,7,3,0,0,0,0,4,0,0,1,1,6,6,1,39,7,-1,3,5,NISSAN LEAF,6,E01002617,0,-1
2021041046282,2021,041046282,1,9,0,17,19,3,7,0,0,1,0,0,0,0,1,1,2,2,1,42,7,-1,3,3,NISSAN LEAF,1,E01024940,0,-1
2021010305844,2021,010305844,1,8,0,3,3,7,3,0,0,2,0,0,0,0,2,2,6,6,1,51,8,-1,3,4,NISSAN LEAF,2,E01002763,0,-1
2021101124100,2021,101124100,2,8,0,10,10,5,1,0,0,8,0,0,0,0,2,1,1,1,1,31,6,-1,3,1,NISSAN LEAF,8,E01027425,0,-1
2021052101829,2021,052101829,1,9,0,18,19,5,1,0,0,0,0,0,0,0,2,1,6,6,1,59,9,-1,3,5,NISSAN LEAF,3,E01006654,0,-1
2021131110994,2021,131110994,1,9,0,16,19,4,8,8,6,5,0,0,1,1,1,1,2,2,1,39,7,-1,3,1,NISSAN LEAF,4,E01007699,0,-1
2021421118765,2021,421118765,1,9,0,18,19,1,4,0,0,0,0,0,0,0,1,1,2,2,1,48,8,-1,3,4,NISSAN LEAF,6,E01021714,0,-1
2021010340779,2021,010340779,2,9,0,99,99,9,9,99,99,9,9,99,9,99,1,9,6,6,3,51,8,-1,3,5,NISSAN LEAF,7,E01000714,0,-1
202134NNC0361,2021,34NNC0361,3,9,0,18,19,1,5,0,0,8,0,0,0,0,1,1,6,6,1,43,7,-1,3,3,NISSAN LEAF,3,E01026969,0,-1
2021547692221,2021,547692221,2,9,0,18,19,5,1,0,0,0,0,0,0,0,3,1,6,6,1,66,10,-1,3,3,NISSAN LEAF,7,E01030576,0,-1
2021010332545,2021,010332545,1,8,0,99,99,9,9,99,99,0,9,99,9,99,1,9,6,6,3,46,8,-1,3,3,NISSAN LEAF,1,E01000508,0,-1
2021991018069,2021,991018069,1,9,0,18,19,4,8,0,0,0,1,0,1,4,1,1,6,6,1,34,6,-1,3,6,NISSAN LEAF,8,-1,0,-1
2021440458976,2021,440458976,1,9,0,5,5,7,3,9,9,0,0,7,7,10,1,1,6,6,2,87,11,-1,3,3,NISSAN LEAF,6,E01031507,0,-1
2021440152837,2021,440152837,1,9,0,18,19,2,6,0,0,0,0,0,0,0,4,1,6,6,2,41,7,-1,3,5,NISSAN LEAF,1,E01017210,0,-1
2021351033933,2021,351033933,2,9,0,5,5,6,2,0,0,8,0,0,0,0,1,1,6,6,1,48,8,-1,3,7,NISSAN LEAF,9,E01018298,0,-1
2021010328694,2021,010328694,2,9,0,9,9,5,3,0,0,8,0,0,0,0,1,1,6,6,1,41,7,-1,3,4,NISSAN LEAF,9,E01000415,0,-1
2021221019258,2021,221019258,1,9,0,7,7,7,2,0,0,4,0,0,0,0,1,1,5,6,1,50,8,-1,3,7,NISSAN LEAF,4,E01032397,0,-1
2021052101156,2021,052101156,1,9,0,17,19,7,5,0,0,8,0,0,0,0,4,1,6,6,3,56,9,-1,3,10,NISSAN LEAF,3,E01006587,0,-1
2021010289785,2021,010289785,1,9,0,4,4,5,1,0,0,1,0,0,0,0,1,1,6,6,1,58,9,-1,3,5,NISSAN LEAF,8,E01003827,0,-1
202163A001821,2021,63A001821,2,9,0,18,19,4,8,0,0,0,1,0,0,0,1,1,1,1,1,53,8,-1,3,6,NISSAN LEAF,6,W01000716,0,-1
2021010293281,2021,010293281,2,8,0,99,99,9,9,99,99,9,9,99,9,99,9,9,6,6,1,57,9,-1,3,2,NISSAN LEAF,3,E01003592,0,-1
2021361114513,2021,361114513,1,9,0,9,9,5,3,0,0,2,0,0,0,0,3,1,5,6,2,39,7,-1,3,4,NISSAN LEAF,5,E01026525,0,-1
202154C185021,2021,54C185021,1,9,0,18,19,8,4,0,0,1,0,0,0,0,1,1,6,6,2,67,10,-1,3,4,NISSAN LEAF,7,E01015520,0,-1
2021010318264,2021,010318264,1,8,0,6,6,6,6,0,0,0,0,0,0,0,3,1,1,1,1,58,9,-1,3,0,NISSAN LEAF,5,E01004451,0,-1
2021010307114,2021,010307114,1,8,0,3,3,7,3,0,0,2,0,0,0,0,3,1,1,1,1,61,9,-1,3,0,NISSAN LEAF,3,E01000107,0,-1
2021440225400,2021,440225400,1,9,0,16,19,5,1,0,0,1,0,0,0,0,1,1,6,6,1,77,11,-1,3,3,NISSAN LEAF,10,E01022624,0,-1
2021010322270,2021,010322270,1,8,0,6,6,3,3,0,0,0,0,0,8,11,1,1,6,6,1,49,8,-1,3,3,NISSAN LEAF,-1,-1,0,-1
202131D089421,2021,31D089421,3,9,0,10,10,1,5,0,0,1,0,0,0,0,2,1,1,1,2,58,9,-1,3,2,NISSAN LEAF,6,E01019774,0,-1
2021351106065,2021,351106065,2,9,0,17,19,1,5,0,0,0,0,0,0,0,1,1,5,6,2,74,10,-1,3,4,NISSAN LEAF,9,E01033433,0,-1
2021101119006,2021,101119006,1,9,0,9,9,7,3,0,0,1,0,0,0,0,4,1,5,6,2,46,8,-1,3,0,NISSAN LEAF,-1,-1,0,-1
2021010324168,2021,010324168,1,9,0,16,19,3,7,0,0,1,0,0,0,0,4,1,1,1,1,54,8,-1,3,1,NISSAN LEAF,1,E01032513,0,-1
2021010334984,2021,010334984,1,9,0,99,99,9,9,99,99,0,9,99,9,99,9,9,6,6,3,54,8,-1,3,3,NISSAN LEAF,4,E01004495,0,-1
2021522200326,2021,522200326,1,9,0,18,19,5,1,0,0,0,0,0,7,9,1,1,6,6,2,57,9,-1,3,1,NISSAN LEAF,8,E01022255,0,-1
2021010334052,2021,010334052,1,8,0,9,9,3,1,0,0,5,0,0,0,0,1,1,1,1,1,30,6,-1,3,1,NISSAN LEAF,6,E01016506,0,-1
2021010334360,2021,010334360,2,9,0,99,99,9,9,99,99,9,9,99,9,99,9,9,6,6,3,-1,-1,-1,3,5,NISSAN LEAF,2,E01000526,0,-1
2021421122033,2021,421122033,1,9,0,3,3,7,3,0,0,0,0,0,0,0,1,1,6,6,1,75,10,-1,3,6,NISSAN LEAF,8,E01021377,0,-1
2021010301605,2021,010301605,1,9,0,5,5,0,3,0,0,6,0,0,0,0,3,1,6,6,1,72,10,-1,3,4,NISSAN LEAF,5,E01001524,0,-1
2021010307203,2021,010307203,1,8,0,99,99,9,9,99,99,9,9,99,9,99,9,9,6,6,3,-1,-1,-1,3,2,NISSAN LEAF,3,E01004528,0,-1
2021010335924,2021,010335924,1,9,0,18,19,1,5,0,0,0,2,0,2,2,4,1,6,6,2,35,6,-1,3,4,NISSAN LEAF,2,E01004720,0,-1
2021010291607,2021,010291607,1,8,0,18,19,1,5,0,0,1,0,0,0,0,0,1,1,1,1,50,8,-1,3,2,NISSAN LEAF,1,E01001978,0,-1
2021070864627,2021,070864627,2,9,0,5,5,7,3,0,0,1,0,0,0,0,1,1,6,6,1,80,11,-1,3,7,NISSAN LEAF,4,E01005798,0,-1
2021010349884,2021,010349884,2,8,0,99,99,9,9,99,99,9,9,99,9,99,9,9,6,6,3,39,7,-1,3,2,NISSAN LEAF,2,E01002702,0,-1
2021010350633,2021,010350633,1,9,0,99,99,9,9,99,99,9,9,99,9,99,1,9,6,6,1,58,9,-1,3,5,NISSAN LEAF,5,E01000338,0,-1
202163C089721,2021,63C089721,4,9,0,3,3,7,3,0,0,0,0,0,0,0,2,1,1,1,1,57,9,-1,3,4,NISSAN LEAF,7,W01000735,0,-1
2021070101622,2021,070101622,1,9,0,5,5,4,8,0,0,1,0,0,0,0,1,1,6,6,1,40,7,-1,3,1,NISSAN LEAF,10,E01012517,0,-1
2021010324803,2021,010324803,1,9,0,18,19,7,3,0,0,1,0,0,0,0,1,1,1,1,1,54,8,-1,3,2,NISSAN LEAF,-1,-1,0,-1