collision_index,collision_year,collision_ref_no,vehicle_reference,vehicle_type,towing_and_articulation,vehicle_manoeuvre_historic,vehicle_manoeuvre,vehicle_direction_from,vehicle_direction_to,vehicle_location_restricted_lane_historic,vehicle_location_restricted_lane,junction_location,skidding_and_overturning,hit_object_in_carriageway,vehicle_leaving_carriageway,hit_object_off_carriageway,first_point_of_impact,vehicle_left_hand_drive,journey_purpose_of_driver_historic,journey_purpose_of_driver,sex_of_driver,age_of_driver,age_band_of_driver,engine_capacity_cc,propulsion_code,age_of_vehicle,generic_make_model,driver_imd_decile,lsoa_of_driver,escooter_flag,driver_distance_banding
2021041109726,2021,041109726,1,9,0,7,7,5,7,0,0,1,0,0,0,0,3,1,1,1,1,34,6,-1,3,4,NISSAN LEAF,7,E01012717,0,-1
202131C009021,2021,31C009021,2,9,0,18,19,2,6,0,0,7,0,0,1,0,1,1,6,6,2,57,9,-1,3,2,NISSAN LEAF,8,E01028082,0,-1
2021302101977,2021,302101977,1,9,0,9,9,6,4,0,0,2,0,0,0,0,1,1,6,6,1,36,7,-1,3,4,NISSAN LEAF,-1,-1,0,-1
2021302100678,2021,302100678,2,9,0,4,4,4,7,0,0,6,0,0,0,0,3,1,6,6,1,70,10,-1,3,4,NISSAN LEAF,7,E01019472,0,-1
2021010341306,2021,010341306,2,9,0,99,99,9,9,99,99,9,9,99,9,99,2,9,6,6,3,-1,-1,-1,3,4,NISSAN LEAF,-1,-1,0,-1
2021430257590,2021,430257590,2,9,0,10,10,3,1,0,0,6,0,0,0,0,1,1,6,6,1,30,6,-1,3,4,NISSAN LEAF,10,E01027293,0,-1
2021010315984,2021,010315984,2,9,0,99,99,9,9,99,99,9,9,99,9,99,9,9,6,6,1,63,9,-1,3,2,NISSAN LEAF,2,E01000548,0,-1
2021010324187,2021,010324187,2,9,0,99,99,9,9,99,99,9,9,99,9,99,1,9,6,6,1,45,7,-1,3,4,NISSAN LEAF,5,E01033741,0,-1
2021010318780,2021,010318780,1,8,9,99,99,9,9,99,99,9,9,99,9,99,9,1,6,6,1,-1,-1,-1,3,2,NISSAN LEAF,-1,-1,0,-1
2021010333542,2021,010333542,1,9,0,99,99,9,9,99,99,9,9,99,9,99,1,9,2,2,1,42,7,-1,3,2,NISSAN LEAF,2,E01024066,0,-1
2021010347988,2021,010347988,1,9,0,18,19,6,2,0,0,1,0,0,0,0,1,1,6,6,1,35,6,-1,3,5,NISSAN LEAF,2,E01004001,0,-1
2021010331474,2021,010331474,1,9,0,9,9,5,2,0,0,6,0,0,0,0,1,1,6,6,1,40,7,-1,3,2,NISSAN LEAF,2,E01002804,0,-1
2021320588032,2021,320588032,1,8,0,1,1,5,1,0,0,1,0,0,0,0,2,1,1,1,2,60,9,-1,3,1,NISSAN LEAF,9,E01026225,0,-1
2021481142658,2021,481142658,1,9,0,9,9,3,1,0,0,8,0,0,0,0,1,1,6,6,1,40,7,-1,3,1,NISSAN LEAF,-1,-1,0,-1
2021010320033,2021,010320033,1,9,0,18,19,1,5,0,0,1,0,0,0,0,1,1,1,1,1,37,7,-1,3,2,NISSAN LEAF,5,E01033573,0,-1
2021430241181,2021,430241181,4,9,0,3,3,8,4,0,0,1,0,0,0,0,3,1,6,6,2,-1,-1,-1,3,2,NISSAN LEAF,-1,-1,0,-1
2021010298267,2021,010298267,1,9,0,18,19,5,1,0,0,2,0,0,0,0,3,1,6,6,2,30,6,-1,3,4,NISSAN LEAF,3,E01002803,0,-1
2021010324963,2021,010324963,1,9,0,14,14,1,5,0,0,1,0,0,0,0,4,1,1,1,1,63,9,-1,3,1,NISSAN LEAF,2,E01023339,0,-1
2021221042215,2021,221042215,1,9,0,18,19,1,5,0,0,0,0,0,0,0,1,1,6,6,1,34,6,-1,3,6,NISSAN LEAF,8,E01013997,0,-1
2021351129089,2021,351129089,1,9,0,18,19,3,7,0,0,0,0,6,7,0,1,1,6,6,1,50,8,-1,3,1,NISSAN LEAF,10,E01031668,0,-1
2021201072700,2021,201072700,1,9,0,4,4,2,6,0,0,1,0,0,0,0,1,1,6,6,2,22,5,-1,3,5,NISSAN LEAF,8,E01009846,0,-1
2021010316500,2021,010316500,2,9,9,18,19,1,5,99,99,9,9,99,9,99,9,1,6,6,1,-1,-1,-1,3,1,NISSAN LEAF,3,E01000081,0,-1
2021522201080,2021,522201080,1,9,0,18,19,1,5,0,0,0,0,0,0,0,1,1,6,6,1,57,9,-1,3,0,NISSAN LEAF,2,E01014643,0,-1
2021010304295,2021,010304295,2,9,0,11,11,7,3,0,0,0,0,0,0,0,2,1,6,6,1,41,7,-1,3,1,NISSAN LEAF,2,E01000065,0,-1
2021010315627,2021,010315627,1,8,0,5,5,1,5,0,0,4,0,0,0,0,1,1,6,6,1,54,8,-1,3,4,NISSAN LEAF,6,E01003449,0,-1
2021070612955,2021,070612955,1,9,0,17,19,6,1,0,0,0,0,0,0,0,1,1,6,6,2,41,7,-1,3,6,NISSAN LEAF,-1,-1,0,-1
2021010333448,2021,010333448,1,8,0,99,99,9,9,99,99,9,9,99,9,99,9,9,1,1,1,41,7,-1,3,2,NISSAN LEAF,3,E01001972,0,-1
2021010304338,2021,010304338,1,8,0,5,5,5,1,0,0,4,0,0,0,0,1,1,6,6,1,53,8,-1,3,2,NISSAN LEAF,2,E01000931,0,-1
2021010334412,2021,010334412,1,9,0,18,19,3,7,0,0,1,0,0,0,0,1,1,2,2,1,20,4,-1,3,5,NISSAN LEAF,6,E01003647,0,-1
2021101112301,2021,101112301,1,9,0,7,7,5,3,0,0,1,0,0,0,0,-1,1,6,6,2,35,6,-1,3,0,NISSAN LEAF,2,E01008474,0,-1
2021010346730,2021,010346730,4,9,0,18,19,4,8,0,0,0,0,0,0,0,1,1,1,1,1,52,8,-1,3,1,NISSAN LEAF,3,E01003581,0,-1
2021010290253,2021,010290253,1,8,0,99,99,9,9,0,0,8,0,0,0,0,3,9,6,6,1,31,6,-1,3,2,NISSAN LEAF,2,E01003783,0,-1
2021501112600,2021,501112600,2,9,0,10,10,2,7,0,0,0,0,0,0,0,2,1,5,6,2,60,9,-1,3,1,NISSAN LEAF,3,E01019070,0,-1
2021501121720,2021,501121720,1,9,0,10,10,8,4,0,0,1,0,0,0,0,1,1,5,6,2,43,7,-1,3,4,NISSAN LEAF,7,E01018901,0,-1
2021101103796,2021,101103796,1,9,0,16,19,1,3,0,0,0,0,0,0,0,1,1,5,6,2,36,7,-1,3,1,NISSAN LEAF,8,E01008529,0,-1
2021010337734,2021,010337734,1,8,0,9,9,7,5,0,0,6,0,0,0,0,4,1,1,1,1,51,8,-1,3,4,NISSAN LEAF,5,E01004616,0,-1
2021361072032,2021,361072032,1,9,0,18,19,6,2,0,0,0,0,0,0,0,1,1,1,1,1,35,6,-1,3,1,NISSAN LEAF,5,E01026435,0,-1
2021010339365,2021,010339365,1,9,0,99,99,9,9,99,99,0,9,99,9,99,2,9,6,6,2,60,9,-1,3,0,NISSAN LEAF,7,E01001346,0,-1
2021991074272,2021,991074272,1,9,0,9,9,4,2,0,0,8,0,0,0,0,1,1,1,1,1,50,8,-1,3,1,NISSAN LEAF,9,-1,0,-1
2021221054418,2021,221054418,1,9,0,9,9,8,5,0,0,5,0,0,0,0,1,1,5,6,1,81,11,-1,3,1,NISSAN LEAF,8,E01013997,0,-1
2021522100874,2021,522100874,3,9,0,3,3,4,8,0,0,0,0,0,0,0,2,1,6,6,2,60,9,-1,3,2,NISSAN LEAF,5,E01014466,0,-1
2021010314687,2021,010314687,2,9,0,18,19,3,7,0,0,2,1,0,1,2,1,1,6,6,1,26,6,-1,3,2,NISSAN LEAF,-1,-1,0,-1
2021010319630,2021,010319630,1,9,0,18,19,5,1,9,9,0,2,0,7,2,1,1,6,6,2,22,5,-1,3,2,NISSAN LEAF,3,E01004678,0,-1
2021411055970,2021,411055970,1,9,0,7,7,8,4,0,0,1,0,0,0,0,1,1,1,1,1,56,9,-1,3,5,NISSAN LEAF,6,E01002117,0,-1
2021430428119,2021,430428119,1,9,0,3,3,3,7,0,0,1,0,0,0,0,2,1,2,2,1,42,7,-1,3,0,NISSAN LEAF,3,E01032729,0,-1
2021010329923,2021,010329923,2,9,0,99,99,9,9,0,0,9,0,0,9,0,9,9,6,6,3,-1,-1,-1,3,0,NISSAN LEAF,8,E01030390,0,-1
2021371067723,2021,371067723,2,9,0,17,19,2,6,0,0,8,0,0,0,0,1,1,5,6,2,47,8,-1,3,7,NISSAN LEAF,5,E01030176,0,-1
2021101019789,2021,101019789,2,9,0,18,19,5,1,0,0,0,0,0,0,0,3,1,2,2,1,43,7,-1,3,5,NISSAN LEAF,4,E01020644,0,-1
2021351102844,2021,351102844,1,8,0,9,9,4,8,0,0,2,0,0,0,0,3,1,1,1,1,50,8,-1,3,3,NISSAN LEAF,4,E01017953,0,-1
2021010320858,2021,010320858,2,8,0,99,99,9,9,99,99,9,9,99,9,99,1,9,6,6,3,-1,-1,-1,3,3,NISSAN LEAF,1,E01004670,0,-1
2021430356181,2021,430356181,2,9,0,9,9,2,8,0,0,5,0,0,0,0,3,1,6,6,2,35,6,-1,3,4,NISSAN LEAF,8,E01017669,0,-1
2021522104411,2021,522104411,1,9,0,5,5,1,5,0,0,4,0,0,0,0,1,1,6,6,1,62,9,-1,3,2,NISSAN LEAF,6,E01031889,0,-1
202106M079765,2021,06M079765,2,9,0,18,19,7,6,0,0,8,0,0,0,0,1,1,6,6,1,30,6,-1,3,2,NISSAN LEAF,5,E01018706,0,-1
2021141041399,2021,141041399,1,9,0,4,4,5,1,0,0,1,0,0,0,0,1,2,2,2,1,50,8,-1,3,2,NISSAN LEAF,7,E01013242,0,-1
2021430433449,2021,430433449,2,9,0,18,19,1,5,0,0,2,0,0,0,0,2,1,6,6,2,54,8,-1,3,2,NISSAN LEAF,7,E01028438,0,-1
2021231082841,2021,231082841,1,9,0,12,12,5,1,0,0,0,0,0,0,0,3,1,5,6,1,72,10,-1,3,1,NISSAN LEAF,8,E01031069,0,-1
2021010310102,2021,010310102,2,9,0,99,99,9,9,99,99,9,9,99,9,99,1,9,6,6,3,31,6,-1,3,1,NISSAN LEAF,-1,-1,0,-1
2021101100460,2021,101100460,1,9,0,18,19,8,4,9,9,8,0,0,0,0,1,1,5,6,2,62,9,-1,3,1,NISSAN LEAF,10,E01027507,0,-1
2021010307830,2021,010307830,1,9,0,99,99,9,9,99,99,0,9,99,9,99,1,9,6,6,3,25,5,-1,3,2,NISSAN LEAF,5,E01004648,0,-1
2021531078671,2021,531078671,1,9,0,9,9,-1,-1,0,0,8,0,0,0,0,1,1,2,2,2,33,6,-1,3,6,NISSAN LEAF,9,E01022223,0,-1
2021440339784,2021,440339784,2,9,0,9,9,2,8,0,0,8,0,0,0,0,1,1,6,6,2,47,8,-1,3,2,NISSAN LEAF,10,E01023278,0,-1
2021010329625,2021,010329625,1,9,0,9,9,1,6,0,0,5,0,0,0,0,3,1,6,6,1,30,6,-1,3,8,NISSAN LEAF,5,E01003040,0,-1
2021302101938,2021,302101938,1,9,0,1,1,0,0,9,9,0,0,0,0,0,2,1,1,1,1,28,6,-1,3,4,NISSAN LEAF,7,E01019626,0,-1
2021010292875,2021,010292875,2,9,0,99,99,9,9,99,99,9,9,99,9,99,1,9,6,6,3,-1,-1,-1,3,1,NISSAN LEAF,-1,-1,0,-1
2021991103610,2021,991103610,1,8,0,9,9,7,5,0,0,5,0,12,0,0,1,1,1,1,1,42,7,-1,3,1,NISSAN LEAF,1,-1,0,-1
2021010315719,2021,010315719,1,8,0,3,3,5,1,0,0,1,0,0,0,0,1,1,2,2,1,51,8,-1,3,2,NISSAN LEAF,4,E01000926,0,-1
2021010311750,2021,010311750,2,8,0,99,99,9,9,99,99,1,9,99,9,99,1,9,6,6,1,41,7,-1,3,3,NISSAN LEAF,2,E01003582,0,-1
2021201141341,2021,201141341,2,9,0,3,3,3,7,0,0,1,0,0,0,0,2,1,6,6,2,41,7,-1,3,5,NISSAN LEAF,1,E01009048,0,-1
2021010324383,2021,010324383,1,9,0,18,19,3,7,0,0,2,0,0,0,0,1,1,1,1,1,50,8,-1,3,1,NISSAN LEAF,3,E01003113,0,-1
2021501076464,2021,501076464,1,9,0,18,19,5,1,0,0,0,0,0,0,0,1,1,6,6,1,78,11,-1,3,0,NISSAN LEAF,3,E01031911,0,-1
2021061044022,2021,061044022,2,9,0,10,10,6,2,0,0,1,0,0,0,0,2,1,1,1,2,21,5,-1,3,0,NISSAN LEAF,1,E01005581,0,-1
2021010319398,2021,010319398,2,9,0,9,9,5,2,0,0,3,0,10,0,0,3,1,2,2,2,52,8,-1,3,1,NISSAN LEAF,5,E01033741,0,-1
2021122100039,2021,122100039,1,9,0,16,19,3,7,0,0,0,1,0,0,0,1,1,6,6,2,41,7,-1,3,6,NISSAN LEAF,5,E01027789,0,-1
2021010331660,2021,010331660,1,9,4,18,19,2,6,0,0,6,0,0,3,0,1,1,1,1,1,31,6,-1,3,2,NISSAN LEAF,-1,-1,0,-1
2021991084357,2021,991084357,2,8,0,2,2,2,5,0,0,1,0,0,0,0,2,1,1,1,1,52,8,-1,3,1,NISSAN LEAF,7,-1,0,-1
2021543234521,2021,543234521,3,9,0,18,19,8,4,0,0,0,1,0,0,0,1,1,6,6,1,47,8,-1,3,8,NISSAN LEAF,2,E01029042,0,-1
2021131127229,2021,131127229,2,9,0,18,19,3,7,0,0,1,0,0,0,0,3,1,5,6,1,43,7,-1,3,2,NISSAN LEAF,1,E01011658,0,-1
2021552100930,2021,552100930,2,9,0,2,2,0,0,0,0,0,0,0,0,0,2,1,6,6,3,-1,-1,-1,3,3,NISSAN LEAF,-1,-1,0,-1
2021010315645,2021,010315645,2,9,0,99,99,9,9,99,99,9,9,99,9,99,9,9,6,6,1,45,7,-1,3,2,NISSAN LEAF,7,E01004508,0,-1
2021351060691,2021,351060691,1,9,0,18,19,5,1,0,0,4,0,0,0,0,1,1,6,6,1,50,8,-1,3,4,NISSAN LEAF,7,E01017969,0,-1
2021010349794,2021,010349794,2,9,0,18,19,5,1,0,0,6,0,0,0,0,1,1,6,6,1,51,8,-1,3,6,NISSAN LEAF,3,E01004203,0,-1
2021010338248,2021,010338248,2,9,0,99,99,9,9,99,99,9,9,99,9,99,2,9,6,6,1,-1,-1,-1,3,2,NISSAN LEAF,8,E01003009,0,-1
2021501111832,2021,501111832,2,9,0,18,19,6,2,0,0,0,0,0,0,0,1,1,5,6,1,58,9,-1,3,0,NISSAN LEAF,4,E01018968,0,-1
2021010300198,2021,010300198,1,9,0,18,19,5,1,0,0,9,0,0,0,0,1,9,6,6,1,59,9,-1,3,1,NISSAN LEAF,2,E01032565,0,-1
2021471109436,2021,471109436,1,9,0,4,4,1,6,0,0,2,0,0,0,0,1,1,5,6,1,64,9,-1,3,2,NISSAN LEAF,6,E01031440,0,-1
2021501093007,2021,501093007,2,9,0,2,2,0,0,0,0,0,0,0,0,0,2,1,5,6,1,-1,-1,-1,3,0,NISSAN LEAF,6,E01015027,0,-1
2021010288333,2021,010288333,1,9,0,99,99,9,9,99,99,9,9,99,9,99,9,9,6,6,1,58,9,-1,3,1,NISSAN LEAF,3,E01033699,0,-1
2021101075926,2021,101075926,1,9,0,4,4,3,7,0,0,1,0,0,0,0,1,1,6,6,2,66,10,-1,3,10,NISSAN LEAF,5,E01008431,0,-1
2021010305287,2021,010305287,1,8,0,99,99,9,9,0,0,8,0,0,0,0,2,1,6,6,1,53,8,-1,3,3,NISSAN LEAF,9,E01004136,0,-1
2021041041387,2021,041041387,2,9,0,9,9,4,1,0,0,4,0,0,0,0,1,2,1,1,1,45,7,-1,3,5,NISSAN LEAF,1,E01012695,0,-1
2021451039867,2021,451039867,1,9,0,18,19,2,6,0,0,8,0,0,0,0,1,1,5,6,2,41,7,-1,3,5,NISSAN LEAF,8,E01030302,0,-1
2021481095619,2021,481095619,1,8,0,18,19,7,3,0,0,1,0,0,0,0,4,1,1,1,1,48,8,-1,3,0,NISSAN LEAF,1,E01004248,0,-1
2021010337764,2021,010337764,1,9,0,99,99,9,9,0,0,1,0,0,0,0,1,1,6,6,1,-1,-1,-1,3,0,NISSAN LEAF,-1,-1,0,-1
2021010345732,2021,010345732,2,9,0,99,99,9,9,99,99,0,9,99,9,99,3,9,6,6,3,-1,-1,-1,3,2,NISSAN LEAF,-1,-1,0,-1
2021010317016,2021,010317016,1,8,0,18,19,1,5,0,0,2,0,0,0,0,1,1,6,6,1,33,6,-1,3,0,NISSAN LEAF,7,E01002203,0,-1
2021010321466,2021,010321466,1,8,0,99,99,9,9,99,99,9,9,99,9,99,0,9,6,6,1,-1,-1,-1,3,1,NISSAN LEAF,3,E01001834,0,-1
2021010338097,2021,010338097,1,9,0,99,99,9,9,99,99,0,9,99,9,99,9,9,6,6,1,52,8,-1,3,0,NISSAN LEAF,10,E01002958,0,-1
2021501150122,2021,501150122,3,9,0,2,2,0,0,0,0,0,0,0,0,0,2,1,5,6,2,64,9,-1,3,0,NISSAN LEAF,8,E01020170,0,-1
2021010299979,2021,010299979,2,8,0,99,99,9,9,99,99,9,9,99,9,99,9,9,6,6,1,52,8,-1,3,1,NISSAN LEAF,2,E01001848,0,-1
2021010334621,2021,010334621,2,9,0,9,9,7,5,0,0,6,0,0,0,0,1,1,6,6,1,79,11,-1,3,6,NISSAN LEAF,2,E01003079,0,-1
2021010310137,2021,010310137,2,9,0,18,19,1,5,0,0,1,0,0,0,0,4,1,6,6,1,-1,-1,-1,3,0,NISSAN LEAF,4,E01000260,0,-1
2021010309108,2021,010309108,2,8,0,99,99,9,9,99,99,9,9,99,9,99,9,9,6,6,1,41,7,-1,3,0,NISSAN LEAF,7,E01002220,0,-1
202131C153421,2021,31C153421,3,9,0,11,11,8,4,0,0,2,0,0,0,0,2,1,6,6,1,41,7,-1,3,5,NISSAN LEAF,2,E01013965,0,-1
2021010344869,2021,010344869,1,9,0,6,6,1,1,0,0,1,0,10,0,0,4,1,1,1,1,26,6,-1,3,4,NISSAN LEAF,10,E01030297,0,-1
2021991112111,2021,991112111,1,9,0,18,19,3,7,0,0,0,0,0,0,0,3,1,1,1,1,60,9,-1,3,4,NISSAN LEAF,9,-1,0,-1
2021201070581,2021,201070581,1,9,0,7,7,4,7,0,0,3,0,0,0,0,1,1,6,6,1,24,5,-1,3,7,NISSAN LEAF,1,E01009131,0,-1
2021522200487,2021,522200487,1,9,0,9,9,3,1,0,0,8,0,0,0,0,1,1,6,6,1,52,8,-1,3,4,NISSAN LEAF,8,E01014938,0,-1
2021461114667,2021,461114667,2,9,0,13,13,1,5,0,0,1,0,0,0,0,1,1,3,7,2,36,7,-1,3,6,NISSAN LEAF,7,E01024388,0,-1
2021010301670,2021,010301670,1,9,0,9,9,2,7,0,0,1,0,0,0,0,1,1,6,6,1,53,8,-1,3,5,NISSAN LEAF,8,E01004480,0,-1
2021010347295,2021,010347295,1,9,0,18,19,6,2,0,0,1,0,0,0,0,1,1,6,6,1,36,7,-1,3,1,NISSAN LEAF,2,E01003994,0,-1
2021440190799,2021,440190799,1,9,0,18,19,1,5,0,0,0,0,0,7,3,1,1,6,6,1,76,11,-1,3,3,NISSAN LEAF,9,E01023053,0,-1
2021010334507,2021,010334507,2,9,9,99,99,9,9,99,99,0,9,99,9,99,9,9,6,6,2,52,8,-1,3,2,NISSAN LEAF,2,E01004729,0,-1
2021010308060,2021,010308060,1,9,0,10,10,1,6,0,0,8,0,0,0,0,4,1,6,6,2,32,6,-1,3,8,NISSAN LEAF,8,E01000282,0,-1
2021010302687,2021,010302687,2,8,0,99,99,9,9,99,99,9,9,99,9,99,9,9,6,6,3,-1,-1,-1,3,2,NISSAN LEAF,-1,-1,0,-1
2021991056845,2021,991056845,1,9,0,18,19,5,1,0,0,1,0,0,0,0,2,1,5,6,1,66,10,-1,3,2,NISSAN LEAF,8,-1,0,-1
2021010316590,2021,010316590,2,9,9,99,99,9,9,99,99,9,9,99,9,99,9,9,6,6,3,-1,-1,-1,3,2,NISSAN LEAF,-1,-1,0,-1
2021010332517,2021,010332517,3,9,0,99,99,9,9,99,99,9,9,99,9,99,2,9,6,6,3,-1,-1,-1,3,5,NISSAN LEAF,2,E01003162,0,-1
2021010328006,2021,010328006,3,9,0,3,3,1,5,0,0,1,0,4,0,0,2,1,6,6,1,35,6,-1,3,3,NISSAN LEAF,2,E01003497,0,-1
2021302101809,2021,302101809,3,9,0,18,19,3,7,0,0,0,0,0,0,0,1,1,6,6,2,41,7,-1,3,0,NISSAN LEAF,7,E01019477,0,-1
2021201059141,2021,201059141,1,9,0,18,19,5,1,0,0,0,0,0,0,0,1,1,1,1,1,33,6,-1,3,4,NISSAN LEAF,1,E01009351,0,-1
2021010344896,2021,010344896,1,8,0,18,19,5,1,0,0,8,0,0,0,0,1,1,1,1,1,51,8,-1,3,2,NISSAN LEAF,3,E01003686,0,-1
2021131039376,2021,131039376,2,9,0,18,19,1,5,0,0,8,0,0,0,0,1,1,6,6,2,47,8,-1,3,0,NISSAN LEAF,2,E01011126,0,-1
2021351068411,2021,351068411,1,9,0,1,1,3,7,0,0,0,0,0,0,0,2,1,1,1,1,37,7,-1,3,2,NISSAN LEAF,8,E01033115,0,-1
2021522105645,2021,522105645,1,9,0,2,2,0,0,0,0,0,0,0,0,0,2,1,6,6,1,42,7,-1,3,7,NISSAN LEAF,3,E01022254,0,-1
2021010293252,2021,010293252,1,9,0,9,9,7,6,0,0,8,1,0,1,10,3,1,6,6,1,76,11,-1,3,2,NISSAN LEAF,3,E01003819,0,-1
2021501113976,2021,501113976,1,9,0,18,19,3,4,0,0,0,0,0,0,0,1,1,6,6,2,66,10,-1,3,3,NISSAN LEAF,5,E01020339,0,-1
2021010319481,2021,010319481,2,9,0,99,99,9,9,99,99,9,9,99,9,99,1,9,6,6,2,42,7,-1,3,9,NISSAN LEAF,2,E01001653,0,-1
2021010338315,2021,010338315,1,9,0,4,4,1,5,0,0,4,0,0,0,0,3,1,6,6,2,62,9,-1,3,3,NISSAN LEAF,4,E01002448,0,-1
2021010340882,2021,010340882,1,8,0,18,19,3,7,0,0,2,0,0,0,0,1,1,1,1,1,53,8,-1,3,2,NISSAN LEAF,8,E01004623,0,-1
2021010331521,2021,010331521,1,8,0,3,3,1,5,0,0,2,0,0,0,0,1,1,1,1,1,52,8,-1,3,2,NISSAN LEAF,-1,-1,0,-1
2021461095268,2021,461095268,1,9,0,18,19,5,1,0,0,0,0,0,0,0,1,1,5,6,2,59,9,-1,3,5,NISSAN LEAF,9,E01023995,0,-1
2021010344979,2021,010344979,1,8,0,4,4,1,5,0,0,2,0,0,0,0,2,2,1,1,1,60,9,-1,3,0,NISSAN LEAF,6,E01001312,0,-1
2021010307373,2021,010307373,1,9,0,18,19,1,5,0,0,0,0,0,0,0,1,1,2,2,1,42,7,-1,3,3,NISSAN LEAF,4,E01000999,0,-1
2021052102208,2021,052102208,1,2,0,18,19,1,5,0,0,1,0,0,0,0,1,1,1,1,1,30,6,-1,3,0,-1,1,E01032903,0,-1
2021451012631,2021,451012631,2,23,0,18,19,1,5,0,0,0,0,0,0,0,2,1,2,2,1,24,5,-1,3,1,-1,7,E01002930,0,-1
2021440418943,2021,440418943,1,3,0,18,19,6,2,0,0,1,0,0,0,0,1,1,6,6,1,18,4,49,1,18,-1,1,E01017167,0,-1
2021131045392,2021,131045392,2,3,0,13,13,5,1,0,0,8,1,0,0,0,1,1,6,6,3,-1,-1,100,1,19,-1,-1,-1,0,-1
2021031013859,2021,031013859,2,4,0,18,19,1,5,0,0,1,0,0,0,0,1,1,6,6,1,21,5,49,1,11,-1,1,E01019164,0,-1
2021161096146,2021,161096146,1,2,0,12,12,4,8,0,0,0,0,0,0,0,1,1,5,6,1,18,4,49,1,10,-1,1,E01012778,0,-1
2021371055561,2021,371055561,1,2,-1,-1,-1,-1,-1,-1,-1,0,-1,-1,-1,0,-1,1,6,6,1,17,4,49,1,20,-1,7,E01033449,0,-1
2021440369128,2021,440369128,1,2,0,9,9,3,1,0,0,1,1,0,0,0,1,1,6,6,2,22,5,49,1,11,-1,1,E01017336,0,-1
2021010346775,2021,010346775,1,9,0,18,19,3,7,0,0,8,1,10,1,2,1,1,6,6,1,34,6,6592,1,4,-1,4,E01004694,0,-1
2021131076995,2021,131076995,2,9,0,2,2,0,0,0,0,0,0,0,0,0,2,1,5,6,1,34,6,6592,1,6,-1,3,E01010717,0,-1
2021471088768,2021,471088768,1,5,0,11,11,1,7,0,0,0,0,0,0,0,4,1,5,6,1,34,6,999,1,9,MAKE AND MODEL REDACTED,8,E01021232,0,-1
2021010312547,2021,010312547,1,5,0,99,99,9,9,99,99,9,9,99,9,99,9,1,2,2,1,57,9,1050,1,6,-1,4,E01003452,0,-1
2021501040407,2021,501040407,1,5,0,16,19,5,8,0,0,0,0,0,1,7,1,1,2,2,1,42,7,1050,1,5,-1,4,E01019031,0,-1
2021170L21041,2021,170L21041,1,11,0,18,19,6,2,0,0,4,0,0,0,0,1,1,1,1,1,70,10,12902,2,4,-1,6,E01012242,0,-1
2021302101510,2021,302101510,2,3,0,9,9,8,6,0,0,6,0,0,0,0,4,1,6,6,1,37,7,124,1,22,-1,8,E01019714,0,-1
2021440185734,2021,440185734,1,3,0,18,19,8,4,0,0,0,0,0,0,0,1,1,2,2,1,33,6,124,1,1,-1,1,E01017163,0,-1
2021552101046,2021,552101046,2,3,0,18,19,1,5,0,0,3,0,0,0,0,4,1,2,2,1,24,5,124,1,1,-1,8,E01015350,0,-1
2021041075266,2021,041075266,2,9,0,2,2,0,0,9,9,2,0,0,0,0,3,1,5,6,1,52,8,2979,1,4,BMW M4,1,E01025084,0,-1
2021041125555,2021,041125555,1,9,0,16,19,7,3,0,0,8,0,0,7,11,1,1,2,2,1,31,6,2979,1,6,BMW M4,9,E01025566,0,-1
2021010327752,2021,010327752,1,9,0,4,4,5,1,0,0,1,0,0,0,0,2,1,6,6,1,39,7,2979,1,4,BMW M4,-1,-1,0,-1
2021010308769,2021,010308769,1,9,0,18,19,3,7,0,0,0,0,0,0,0,1,1,6,6,1,36,7,2979,1,3,BMW M4,3,E01003520,0,-1
2021041070876,2021,041070876,2,9,0,18,19,1,5,0,0,8,0,0,0,0,1,1,1,1,1,39,7,2993,12,0,BMW M4,2,E01025292,0,-1
2021010310258,2021,010310258,1,9,0,13,13,3,7,0,0,2,0,0,4,6,4,1,6,6,1,23,5,2979,1,7,BMW M4,2,E01000018,0,-1
2021302100007,2021,302100007,1,9,0,18,19,4,8,0,0,1,0,0,0,0,1,1,2,2,1,41,7,2979,1,3,BMW M4,10,E01013461,0,-1
2021010323236,2021,010323236,2,9,0,18,19,6,2,0,0,1,1,0,7,0,1,1,6,6,1,34,6,2979,1,4,BMW M4,2,E01003300,0,-1
2021010302222,2021,010302222,1,9,0,99,99,9,9,0,0,1,0,0,0,0,1,9,6,6,3,39,7,2979,1,3,BMW M4,7,E01003796,0,-1
202131C100821,2021,31C100821,2,9,0,13,13,6,2,0,0,1,0,7,0,0,1,1,6,6,1,29,6,2979,1,5,BMW M4,5,E01027932,0,-1
2021401038040,2021,401038040,1,9,0,18,19,3,7,0,0,0,0,0,0,0,1,1,6,6,1,32,6,2979,1,4,BMW M4,5,E01015768,0,-1
2021010298006,2021,010298006,1,9,0,18,19,7,3,0,0,0,0,6,0,0,1,1,6,6,1,29,6,2979,1,1,BMW M4,2,E01004365,0,-1
2021501040387,2021,501040387,1,9,0,9,9,1,7,0,0,4,0,0,0,0,1,1,2,2,1,34,6,2979,1,5,BMW M4,8,E01018823,0,-1
2021991041327,2021,991041327,4,9,0,10,10,7,4,0,0,1,0,0,0,0,2,1,5,6,1,42,7,2979,1,6,BMW M4,2,-1,0,-1
2021411059644,2021,411059644,1,9,0,9,9,3,1,0,0,8,0,0,0,0,1,1,1,1,1,27,6,2979,1,3,BMW M4,3,E01030793,0,-1
2021010298449,2021,010298449,2,9,0,18,19,3,7,0,0,0,0,0,0,0,3,2,2,2,1,47,8,2979,1,3,BMW M4,8,E01002931,0,-1