collision_index,collision_year,collision_ref_no,vehicle_reference,vehicle_type,towing_and_articulation,vehicle_manoeuvre_historic,vehicle_manoeuvre,vehicle_direction_from,vehicle_direction_to,vehicle_location_restricted_lane_historic,vehicle_location_restricted_lane,junction_location,skidding_and_overturning,hit_object_in_carriageway,vehicle_leaving_carriageway,hit_object_off_carriageway,first_point_of_impact,vehicle_left_hand_drive,journey_purpose_of_driver_historic,journey_purpose_of_driver,sex_of_driver,age_of_driver,age_band_of_driver,engine_capacity_cc,propulsion_code,age_of_vehicle,generic_make_model,driver_imd_decile,lsoa_of_driver,escooter_flag,driver_distance_banding
2021991040176,2021,991040176,1,3,0,14,14,5,1,0,0,0,2,0,0,0,1,1,2,2,1,32,6,124,1,6,-1,8,-1,0,-1
2021170H10111,2021,170H10111,2,3,0,18,19,7,3,0,0,8,0,0,0,0,1,1,6,6,1,37,7,124,1,6,-1,1,E01011951,0,-1
2021302100673,2021,302100673,1,4,0,13,13,4,8,0,0,0,1,0,0,0,1,1,2,2,1,19,4,124,1,4,-1,5,E01019620,0,-1
2021302101644,2021,302101644,1,3,0,13,13,2,6,0,0,0,0,0,0,0,1,1,6,6,1,21,5,124,1,2,-1,6,E01019482,0,-1
2021371148630,2021,371148630,2,3,0,18,19,2,7,0,0,8,0,0,0,0,1,1,6,6,1,21,5,124,1,5,-1,8,E01030046,0,-1
2021061051173,2021,061051173,1,2,0,18,19,7,3,0,0,0,0,0,0,0,1,1,6,6,3,30,6,124,1,5,-1,-1,-1,0,-1
2021421024407,2021,421024407,1,9,0,18,19,5,1,0,0,0,0,0,0,0,4,1,6,6,1,44,7,1398,1,18,TOYOTA COROLLA,1,E01007874,0,-1
2021010299924,2021,010299924,1,9,0,9,9,3,2,0,0,6,0,0,0,0,1,1,6,6,1,45,7,1598,1,13,TOYOTA COROLLA,2,E01003320,0,-1
202131C026621,2021,31C026621,1,9,0,18,19,1,5,0,0,8,5,4,0,0,1,1,6,6,1,79,11,1798,8,1,TOYOTA COROLLA,6,E01028374,0,-1
2021430151433,2021,430151433,1,9,0,18,19,8,4,0,0,0,2,0,1,4,4,1,6,6,1,23,5,1398,1,18,TOYOTA COROLLA,10,E01030299,0,-1
2021010304529,2021,010304529,2,9,0,5,5,1,5,6,6,6,0,0,0,0,0,1,6,6,1,56,9,1398,1,18,TOYOTA COROLLA,6,E01004637,0,-1
2021010299664,2021,010299664,2,9,0,99,99,9,9,99,99,9,9,99,9,99,9,9,6,6,3,-1,-1,1598,1,21,TOYOTA COROLLA,-1,-1,0,-1
2021010292423,2021,010292423,1,9,9,99,99,9,9,99,99,9,9,99,9,99,9,9,6,6,2,52,8,1798,8,2,TOYOTA COROLLA,5,E01003080,0,-1
2021430341598,2021,430341598,2,9,0,18,19,8,4,0,0,0,0,0,0,0,1,1,6,6,2,30,6,2231,2,14,TOYOTA COROLLA,9,W01000776,0,-1
2021401064218,2021,401064218,2,9,0,18,19,3,7,0,0,0,0,0,0,0,1,1,6,6,1,48,8,1197,1,2,TOYOTA COROLLA,9,E01017556,0,-1
2021010314857,2021,010314857,2,9,0,18,19,5,1,0,0,1,0,0,0,0,1,1,6,6,2,33,6,1598,1,12,TOYOTA COROLLA,2,E01002281,0,-1
2021010287924,2021,010287924,2,9,0,17,19,1,5,0,0,0,0,0,0,0,1,1,6,6,1,26,6,1987,8,2,TOYOTA COROLLA,5,E01000131,0,-1
2021052101579,2021,052101579,1,8,0,9,9,1,7,0,0,1,0,0,0,0,1,1,1,1,1,44,7,1798,8,2,TOYOTA COROLLA,3,E01006838,0,-1
2021522106024,2021,522106024,2,9,0,1,1,7,3,0,0,1,0,0,0,0,2,1,6,6,3,30,6,1598,1,16,TOYOTA COROLLA,-1,-1,0,-1
2021131068241,2021,131068241,1,9,0,18,19,8,4,0,0,0,0,0,0,0,1,1,6,6,3,-1,-1,1398,1,16,TOYOTA COROLLA,-1,-1,0,-1
2021170L20221,2021,170L20221,2,9,0,18,19,6,2,0,0,8,0,0,0,0,4,1,6,6,1,66,10,1398,1,17,TOYOTA COROLLA,5,E01012110,0,-1
2021052101999,2021,052101999,1,9,0,18,19,7,3,0,0,1,0,0,0,0,1,1,6,6,1,43,7,1798,8,1,TOYOTA COROLLA,1,E01006679,0,-1
2021010343039,2021,010343039,1,9,0,18,19,8,4,0,0,0,0,0,0,0,1,1,1,1,1,43,7,1798,8,0,TOYOTA COROLLA,9,E01000351,0,-1
2021010292360,2021,010292360,1,9,9,99,99,9,9,99,99,9,9,99,9,99,9,9,6,6,3,72,10,1398,1,16,TOYOTA COROLLA,3,E01002047,0,-1
2021061048602,2021,061048602,1,9,0,18,19,5,1,0,0,8,0,0,0,0,4,1,1,1,1,53,8,1995,2,16,TOYOTA COROLLA,2,E01004814,0,-1
2021471119845,2021,471119845,1,9,0,9,9,1,7,0,0,2,0,0,0,0,1,1,5,6,1,75,10,1798,8,0,TOYOTA COROLLA,8,E01021061,0,-1
2021430402104,2021,430402104,1,9,0,12,12,5,1,0,0,0,0,0,1,6,2,1,6,6,1,75,10,1398,1,20,TOYOTA COROLLA,1,E01013761,0,-1
2021201147327,2021,201147327,3,9,0,3,3,-1,-1,0,0,0,0,0,0,0,2,1,6,6,1,-1,-1,1798,8,2,TOYOTA COROLLA,10,E01010297,0,-1
2021201085101,2021,201085101,1,9,0,4,4,4,8,0,0,1,0,0,0,0,2,1,6,6,1,61,9,1798,8,2,TOYOTA COROLLA,4,E01009139,0,-1
2021430365017,2021,430365017,2,9,0,18,19,6,2,0,0,2,1,0,0,0,3,1,1,1,1,38,7,1798,8,2,TOYOTA COROLLA,4,E01017570,0,-1
2021161090083,2021,161090083,5,9,0,18,19,7,3,0,0,0,0,0,0,0,2,1,2,2,2,49,8,1798,8,0,TOYOTA COROLLA,7,E01018332,0,-1
2021201088022,2021,201088022,1,9,0,6,6,4,4,0,0,0,0,0,0,0,3,1,6,6,2,43,7,1598,1,15,TOYOTA COROLLA,8,E01009454,0,-1
2021041038444,2021,041038444,1,9,0,-1,-1,-1,-1,-1,-1,-1,0,0,0,0,4,1,6,6,3,-1,-1,1332,1,22,TOYOTA COROLLA,-1,-1,0,-1
2021052102618,2021,052102618,2,9,0,18,19,1,5,0,0,8,0,0,0,0,2,1,6,6,1,56,9,1798,8,0,TOYOTA COROLLA,-1,-1,0,-1
2021440468903,2021,440468903,1,9,0,9,9,3,7,0,0,6,0,0,4,1,3,1,1,1,1,53,8,1798,8,1,TOYOTA COROLLA,10,E01022606,0,-1
2021131114658,2021,131114658,2,9,0,18,19,1,1,0,0,0,0,0,0,0,4,2,1,1,1,59,9,1798,8,2,TOYOTA COROLLA,1,E01033035,0,-1
2021052102702,2021,052102702,2,9,0,18,19,8,4,0,0,8,0,4,1,0,1,1,6,6,1,58,9,1598,1,17,TOYOTA COROLLA,3,E01005120,0,-1
2021201073197,2021,201073197,2,9,0,2,2,0,0,0,0,1,0,0,0,0,2,1,1,1,1,46,8,1798,8,1,TOYOTA COROLLA,-1,-1,0,-1
2021461114687,2021,461114687,1,9,0,15,15,5,1,0,0,0,0,0,0,0,4,1,2,2,1,42,7,1794,1,14,TOYOTA COROLLA,1,E01016063,0,-1
2021010289061,2021,010289061,1,9,0,18,19,6,2,0,0,0,0,0,0,0,1,1,6,6,1,57,9,1798,8,1,TOYOTA COROLLA,7,E01004153,0,-1
2021010308546,2021,010308546,2,9,0,2,2,0,0,0,0,1,0,0,0,0,9,9,6,6,3,-1,-1,1798,8,2,TOYOTA COROLLA,-1,-1,0,-1
2021421079440,2021,421079440,1,9,0,10,10,1,5,0,0,1,0,0,0,0,1,1,6,6,1,86,11,1798,8,0,TOYOTA COROLLA,10,E01018240,0,-1
2021010297355,2021,010297355,1,9,0,99,99,9,9,99,99,9,9,99,9,99,9,9,6,6,1,45,7,1798,8,2,TOYOTA COROLLA,5,E01003642,0,-1
2021320454312,2021,320454312,2,9,0,2,2,0,0,0,0,0,0,4,0,0,1,1,6,6,2,77,11,1598,1,19,TOYOTA COROLLA,5,E01026306,0,-1
2021061120129,2021,061120129,1,9,0,18,19,7,3,0,0,0,0,0,0,0,1,1,6,6,1,40,7,1598,1,13,TOYOTA COROLLA,1,E01005085,0,-1
2021501102648,2021,501102648,1,9,0,18,19,7,3,0,0,1,0,0,0,0,1,1,6,6,2,74,10,1798,8,0,TOYOTA COROLLA,9,E01019937,0,-1
2021138421387,2021,138421387,1,8,0,4,4,7,3,0,0,0,0,0,0,0,2,1,1,1,1,24,5,1798,8,2,TOYOTA COROLLA,1,E01011434,0,-1
2021052101293,2021,052101293,1,9,0,16,19,7,3,0,0,0,0,0,0,0,1,1,6,6,1,35,6,1794,1,14,TOYOTA COROLLA,1,E01006426,0,-1
2021061097452,2021,061097452,2,9,0,7,7,8,2,0,0,1,0,0,0,0,1,1,5,6,3,30,6,1798,8,1,TOYOTA COROLLA,-1,-1,0,-1
2021061029496,2021,061029496,2,9,0,9,9,6,4,0,0,2,0,10,0,0,1,1,6,6,1,30,6,1995,2,15,TOYOTA COROLLA,1,E01032921,0,-1
2021361032939,2021,361032939,2,9,0,4,4,3,7,0,0,1,0,0,0,0,2,1,1,1,1,34,6,1798,8,2,TOYOTA COROLLA,4,E01026792,0,-1
2021371027275,2021,371027275,7,9,0,-1,-1,-1,-1,-1,-1,0,-1,-1,-1,0,1,1,6,6,3,-1,-1,1398,1,21,TOYOTA COROLLA,-1,-1,0,-1
202131B052221,2021,31B052221,3,9,0,18,19,4,8,0,0,0,0,2,0,0,1,1,6,6,1,34,6,1798,8,1,TOYOTA COROLLA,6,E01028024,0,-1
2021041080733,2021,041080733,2,9,0,17,19,5,1,0,0,1,0,0,0,0,1,1,5,6,1,76,11,1587,1,31,TOYOTA COROLLA,10,E01025345,0,-1
2021131061840,2021,131061840,1,9,0,18,19,1,1,0,0,8,0,0,1,0,1,1,5,6,1,27,6,1398,1,17,TOYOTA COROLLA,3,E01011100,0,-1
2021010340391,2021,010340391,2,9,0,99,99,9,9,99,99,0,9,99,9,99,2,9,6,6,3,-1,-1,2231,2,15,TOYOTA COROLLA,3,E01003723,0,-1
2021461083462,2021,461083462,1,9,0,18,19,1,5,0,0,8,0,0,0,0,3,1,6,6,1,56,9,2231,2,14,TOYOTA COROLLA,3,E01024103,0,-1
2021471086015,2021,471086015,1,9,0,18,19,7,3,0,0,1,0,0,0,0,1,1,5,6,2,80,11,1398,1,15,TOYOTA COROLLA,10,E01031412,0,-1
2021010310793,2021,010310793,2,9,9,99,99,9,9,99,99,9,9,99,9,99,9,9,6,6,3,-1,-1,1798,8,1,TOYOTA COROLLA,3,E01001981,0,-1
2021010351970,2021,010351970,1,9,0,7,7,5,7,0,0,8,0,0,0,0,1,1,1,1,1,39,7,1798,8,2,TOYOTA COROLLA,2,E01003323,0,-1
2021201145966,2021,201145966,1,9,0,4,4,2,6,0,0,4,0,0,0,0,4,1,6,6,1,37,7,1598,1,15,TOYOTA COROLLA,2,E01009029,0,-1
2021302100741,2021,302100741,1,9,0,1,1,2,4,0,0,8,0,0,0,0,2,1,6,6,2,70,10,1398,1,20,TOYOTA COROLLA,10,E01013564,0,-1
2021501084528,2021,501084528,2,9,0,3,3,1,5,0,0,1,0,0,0,0,2,1,6,6,1,80,11,1332,1,24,TOYOTA COROLLA,4,E01018840,0,-1
2021471064374,2021,471064374,2,9,0,11,11,7,5,0,0,3,0,10,0,0,4,1,6,6,1,32,6,1995,2,16,TOYOTA COROLLA,3,E01022904,0,-1
2021010293675,2021,010293675,3,9,0,7,7,3,5,0,0,2,0,0,0,0,1,1,6,6,1,41,7,1598,1,16,TOYOTA COROLLA,3,E01004355,0,-1
2021201058891,2021,201058891,1,8,0,18,19,6,2,0,0,4,0,0,0,0,1,1,6,6,1,42,7,1794,1,13,TOYOTA COROLLA,1,E01010368,0,-1
2021461053238,2021,461053238,1,9,0,10,10,7,5,0,0,1,0,0,1,0,1,1,6,6,1,34,6,1798,8,2,TOYOTA COROLLA,5,E01000321,0,-1
2021421098527,2021,421098527,2,9,0,4,4,2,6,0,0,1,0,0,0,0,1,1,1,1,1,37,7,1798,8,1,TOYOTA COROLLA,5,E01033459,0,-1
2021010300364,2021,010300364,1,9,0,18,19,5,1,0,0,2,0,0,0,0,3,1,2,2,1,44,7,1398,1,17,TOYOTA COROLLA,9,E01000761,0,-1
2021371032911,2021,371032911,1,9,0,18,19,3,7,0,0,0,0,0,0,0,1,1,5,6,1,25,5,1794,1,19,TOYOTA COROLLA,1,E01033437,0,-1
2021421103718,2021,421103718,2,9,0,9,9,3,2,0,0,4,0,0,0,0,4,1,6,6,1,59,9,1598,1,17,TOYOTA COROLLA,2,E01003712,0,-1
2021061105936,2021,061105936,2,9,0,9,9,7,5,0,0,1,0,0,0,0,2,1,1,1,1,40,7,1798,8,2,TOYOTA COROLLA,3,E01005431,0,-1
2021131068193,2021,131068193,1,9,0,9,9,2,3,0,0,5,0,0,0,0,1,1,5,6,1,41,7,1995,2,17,TOYOTA COROLLA,3,E01011123,0,-1
2021010320132,2021,010320132,2,9,9,99,99,9,9,99,99,9,9,99,9,99,9,9,6,6,3,-1,-1,1794,1,18,TOYOTA COROLLA,-1,-1,0,-1
2021320751461,2021,320751461,2,9,0,18,19,8,4,0,0,2,1,0,0,0,4,1,6,6,2,36,7,1798,8,1,TOYOTA COROLLA,9,E01026231,0,-1
2021010319210,2021,010319210,1,9,0,9,9,1,7,0,0,5,0,0,0,0,1,1,2,2,1,40,7,1794,1,14,TOYOTA COROLLA,2,E01001654,0,-1
2021041128413,2021,041128413,2,9,0,18,19,7,3,0,0,0,0,0,0,0,1,1,1,1,1,51,8,1398,1,14,TOYOTA COROLLA,1,E01012657,0,-1
2021302101674,2021,302101674,2,9,0,4,4,8,4,0,0,0,0,0,0,0,2,1,6,6,1,62,9,1598,1,16,TOYOTA COROLLA,5,E01005126,0,-1
2021991059022,2021,991059022,2,9,0,17,19,5,1,0,0,0,0,0,0,0,2,1,6,6,2,57,9,1798,8,0,TOYOTA COROLLA,2,-1,0,-1
2021430384063,2021,430384063,1,9,0,9,9,1,7,0,0,8,0,0,0,0,4,1,6,6,1,42,7,1598,1,19,TOYOTA COROLLA,5,E01016560,0,-1
2021522104517,2021,522104517,1,9,0,18,19,2,6,0,0,8,0,0,0,0,3,1,6,6,1,56,9,1598,1,14,TOYOTA COROLLA,3,E01033355,0,-1
202163A022621,2021,63A022621,1,9,5,5,5,6,2,0,0,6,0,0,3,10,1,1,6,6,1,50,8,1987,8,0,TOYOTA COROLLA,1,W01000817,0,-1
2021430551851,2021,430551851,1,9,0,3,3,2,6,0,0,1,0,0,0,0,2,1,3,7,2,39,7,1794,1,16,TOYOTA COROLLA,10,E01016665,0,-1
2021991027849,2021,991027849,2,9,0,3,3,8,4,0,0,0,0,0,0,0,2,1,2,2,1,43,7,1987,8,1,TOYOTA COROLLA,9,-1,0,-1
2021010318745,2021,010318745,2,9,0,6,6,5,5,0,0,0,0,0,0,0,1,1,6,6,3,-1,-1,1598,1,17,TOYOTA COROLLA,-1,-1,0,-1
2021010302920,2021,010302920,2,9,0,99,99,9,9,99,99,9,9,99,9,99,9,9,6,6,3,59,9,1598,1,15,TOYOTA COROLLA,2,E01002766,0,-1
2021201150069,2021,201150069,1,9,0,3,3,6,2,0,0,1,0,0,0,0,2,1,6,6,1,47,8,1794,1,16,TOYOTA COROLLA,2,E01009029,0,-1
2021131090227,2021,131090227,3,9,0,14,14,-1,-1,0,0,0,0,0,0,0,1,1,6,6,3,-1,-1,1598,1,15,TOYOTA COROLLA,-1,-1,0,-1
2021010293481,2021,010293481,3,8,0,18,19,5,1,0,0,1,0,0,0,0,2,1,6,6,1,-1,-1,1798,8,2,TOYOTA COROLLA,-1,-1,0,-1
2021991072428,2021,991072428,1,9,0,16,19,7,3,0,0,0,1,0,7,11,1,1,5,6,1,39,7,1398,1,16,TOYOTA COROLLA,3,-1,0,-1
2021201079020,2021,201079020,1,9,0,4,4,8,4,9,9,0,0,0,0,0,1,1,6,6,2,-1,-1,1598,1,18,TOYOTA COROLLA,-1,-1,0,-1
2021401021863,2021,401021863,2,9,-1,-1,-1,-1,-1,-1,-1,-1,-1,-1,-1,0,-1,1,6,6,2,47,8,1598,1,15,TOYOTA COROLLA,4,E01015712,0,-1
202106M080083,2021,06M080083,1,9,0,18,19,7,3,0,0,1,0,0,0,0,2,1,1,1,1,59,9,1798,8,2,TOYOTA COROLLA,1,E01005180,0,-1
2021061095846,2021,061095846,2,9,-1,18,19,5,1,0,0,0,0,0,0,0,2,1,6,6,1,60,9,1398,1,19,TOYOTA COROLLA,2,E01004824,0,-1
2021471086416,2021,471086416,3,9,0,18,19,7,3,0,0,0,0,0,0,0,2,1,6,6,2,59,9,1598,1,17,TOYOTA COROLLA,7,E01021032,0,-1
2021371110049,2021,371110049,3,9,0,18,19,4,8,0,0,0,0,0,0,0,3,1,5,6,2,56,9,1332,1,22,TOYOTA COROLLA,6,E01030232,0,-1
2021991078185,2021,991078185,1,9,0,9,9,4,1,0,0,0,0,0,0,0,1,1,5,6,1,46,8,1398,1,20,TOYOTA COROLLA,2,-1,0,-1
202131C164021,2021,31C164021,2,9,0,5,5,8,4,8,6,8,0,0,0,0,3,1,6,6,1,54,8,1398,1,17,TOYOTA COROLLA,2,E01013814,0,-1
2021010338081,2021,010338081,2,9,3,4,4,1,5,0,0,0,0,0,0,0,1,1,6,6,1,52,8,1794,1,14,TOYOTA COROLLA,4,E01003621,0,-1
2021010341105,2021,010341105,1,9,0,4,4,3,7,0,0,0,0,0,0,0,1,1,6,6,1,64,9,1987,8,0,TOYOTA COROLLA,4,E01001140,0,-1
2021131056066,2021,131056066,1,9,0,9,9,1,7,0,0,2,0,0,0,0,3,1,5,6,2,62,9,1398,1,18,TOYOTA COROLLA,5,E01010708,0,-1
2021010336851,2021,010336851,1,9,0,5,5,3,7,0,0,6,0,0,0,0,1,1,2,2,1,41,7,1995,2,16,TOYOTA COROLLA,2,E01001576,0,-1
2021061080272,2021,061080272,1,9,0,9,9,6,3,0,0,1,0,0,0,0,4,1,6,6,2,33,6,1332,1,26,TOYOTA COROLLA,1,E01005662,0,-1
2021061085932,2021,061085932,1,9,0,18,19,7,3,0,0,0,0,0,0,0,1,1,3,7,2,21,5,1398,1,15,TOYOTA COROLLA,1,E01005952,0,-1
2021131114785,2021,131114785,1,9,0,9,9,5,1,0,0,5,0,0,0,0,4,1,5,6,2,31,6,1794,1,16,TOYOTA COROLLA,1,E01010811,0,-1
2021320533135,2021,320533135,1,9,0,9,9,4,3,0,0,6,0,0,0,0,3,1,6,6,1,47,8,1798,8,2,TOYOTA COROLLA,6,E01026771,0,-1
2021201065548,2021,201065548,1,9,0,18,19,6,2,0,0,0,0,0,0,0,1,1,1,1,1,39,7,1798,8,1,TOYOTA COROLLA,8,E01029751,0,-1
2021131127237,2021,131127237,2,9,0,16,19,3,7,0,0,0,0,0,0,0,3,1,2,2,2,30,6,1398,1,16,TOYOTA COROLLA,10,E01011593,0,-1
2021411092576,2021,411092576,2,9,0,18,19,3,7,0,0,0,1,0,1,7,3,1,5,6,1,45,7,1798,8,0,TOYOTA COROLLA,8,E01019934,0,-1
2021010324290,2021,010324290,1,9,0,99,99,9,9,99,99,9,9,99,9,99,2,9,1,1,1,60,9,1798,8,1,TOYOTA COROLLA,3,E01023300,0,-1
2021991117447,2021,991117447,1,8,0,5,5,3,7,0,0,1,0,0,0,0,3,1,1,1,1,36,7,1798,8,2,TOYOTA COROLLA,6,-1,0,-1
2021061084814,2021,061084814,2,9,0,4,4,5,1,0,0,0,0,0,0,0,2,1,5,6,1,44,7,1398,1,16,TOYOTA COROLLA,8,E01006161,0,-1
2021201072970,2021,201072970,1,9,0,1,1,8,4,0,0,0,0,4,0,0,2,1,5,6,1,-1,-1,1794,1,14,TOYOTA COROLLA,1,E01033643,0,-1
2021061030132,2021,061030132,2,9,0,18,19,3,7,0,0,0,0,0,0,0,3,1,5,6,1,30,6,1398,1,18,TOYOTA COROLLA,1,E01005565,0,-1
2021131109711,2021,131109711,2,9,0,18,19,5,1,0,0,0,0,0,0,0,1,1,2,2,1,41,7,1794,1,16,TOYOTA COROLLA,1,E01010748,0,-1
2021010308861,2021,010308861,2,9,0,99,99,9,9,99,99,9,9,99,9,99,1,9,6,6,3,-1,-1,1398,1,20,TOYOTA COROLLA,-1,-1,0,-1
2021010287914,2021,010287914,1,9,0,7,7,7,2,0,0,1,0,0,0,0,1,1,6,6,1,33,6,1598,1,16,TOYOTA COROLLA,1,E01001786,0,-1
2021221090145,2021,221090145,2,9,0,18,19,7,3,0,0,8,0,0,0,0,4,1,5,6,2,55,8,1598,1,19,TOYOTA COROLLA,5,E01014062,0,-1
2021061059804,2021,061059804,2,9,0,9,9,4,2,0,0,8,0,0,0,0,3,1,6,6,1,30,6,1798,8,2,TOYOTA COROLLA,-1,-1,0,-1
2021052100974,2021,052100974,2,8,0,18,19,7,3,0,0,1,0,0,0,0,1,1,1,1,1,36,7,1798,8,1,TOYOTA COROLLA,1,E01006963,0,-1
2021201023645,2021,201023645,1,9,0,5,5,5,1,0,0,6,0,0,0,0,3,1,6,6,1,34,6,1794,1,14,TOYOTA COROLLA,2,E01010047,0,-1
2021421119872,2021,421119872,1,9,0,18,19,2,5,0,0,0,0,0,0,0,2,1,1,1,1,28,6,1598,1,18,TOYOTA COROLLA,-1,-1,0,-1
2021430340463,2021,430340463,1,9,0,18,19,6,2,0,0,1,0,0,0,0,1,1,6,6,1,-1,-1,1798,8,2,TOYOTA COROLLA,9,E01028673,0,-1
2021010332007,2021,010332007,1,8,0,99,99,9,9,99,99,9,9,99,9,99,2,9,1,1,1,38,7,1798,8,2,TOYOTA COROLLA,5,E01000338,0,-1
2021010329945,2021,010329945,2,9,0,18,19,5,1,0,0,8,0,0,0,0,1,1,6,6,1,24,5,1398,1,19,TOYOTA COROLLA,7,E01003396,0,-1
2021430439115,2021,430439115,2,9,0,18,19,3,7,0,0,1,0,0,0,0,2,1,6,6,2,45,7,1398,1,17,TOYOTA COROLLA,4,E01002398,0,-1
2021451127225,2021,451127225,2,9,0,18,19,8,4,0,0,2,0,0,0,0,3,1,5,6,1,49,8,1798,8,1,TOYOTA COROLLA,3,E01030588,0,-1
2021201080341,2021,201080341,2,9,0,3,3,4,8,0,0,3,0,0,0,0,2,1,6,6,2,53,8,1798,8,2,TOYOTA COROLLA,2,E01009098,0,-1
2021401046755,2021,401046755,1,9,0,12,12,7,3,0,0,0,0,0,0,0,3,1,6,6,1,36,7,1364,2,16,TOYOTA COROLLA,4,E01000534,0,-1
2021231056775,2021,231056775,2,9,0,18,19,8,4,0,0,0,0,0,0,0,1,1,2,2,2,39,7,2231,2,16,TOYOTA COROLLA,1,E01009482,0,-1
2021461049739,2021,461049739,2,9,0,2,2,5,1,0,0,1,0,0,0,0,2,1,5,6,1,47,8,1798,8,2,TOYOTA COROLLA,4,E01016164,0,-1
2021061095782,2021,061095782,2,9,0,18,19,5,6,0,0,4,0,0,0,0,1,1,5,6,3,30,6,2231,2,12,TOYOTA COROLLA,-1,-1,0,-1
2021122100619,2021,122100619,2,9,0,4,4,5,1,0,0,0,0,0,0,0,2,1,2,2,2,30,6,1794,1,17,TOYOTA COROLLA,3,E01027846,0,-1
2021430213375,2021,430213375,1,9,0,3,3,2,6,0,0,1,0,0,0,0,2,1,6,6,1,34,6,1598,1,15,TOYOTA COROLLA,8,E01032725,0,-1
2021141069078,2021,141069078,1,9,0,18,19,5,1,0,0,0,0,0,0,0,1,1,6,6,2,33,6,1794,1,16,TOYOTA COROLLA,1,E01007764,0,-1
2021622200069,2021,622200069,1,9,0,18,19,2,6,0,0,1,0,0,0,0,1,1,1,1,2,53,8,1798,8,0,TOYOTA COROLLA,9,W01001637,0,-1
2021351022720,2021,351022720,2,9,0,10,10,-1,-1,0,0,1,0,0,0,0,0,1,6,6,2,49,8,1794,1,15,TOYOTA COROLLA,1,E01015663,0,-1
2021010330935,2021,010330935,1,9,0,99,99,9,9,99,99,9,9,99,9,99,2,9,6,6,2,44,7,1598,1,19,TOYOTA COROLLA,4,E01001459,0,-1
2021010349538,2021,010349538,1,8,0,99,99,9,9,99,99,9,9,99,9,99,9,9,1,1,1,46,8,1798,8,2,TOYOTA COROLLA,2,E01004319,0,-1
2021131117455,2021,131117455,1,9,0,2,2,1,1,0,0,8,0,0,0,0,2,1,6,6,1,46,8,1798,8,2,TOYOTA COROLLA,1,E01011354,0,-1
2021201084341,2021,201084341,1,9,0,18,19,2,5,0,0,4,0,0,0,0,1,1,2,2,1,52,8,1398,1,16,TOYOTA COROLLA,1,E01009057,0,-1
2021320207091,2021,320207091,1,9,0,1,1,4,8,0,0,2,0,0,0,0,2,1,6,6,1,22,5,1798,8,1,TOYOTA COROLLA,3,E01026381,0,-1
2021131046199,2021,131046199,3,9,0,2,2,0,0,0,0,8,0,0,0,0,3,1,5,6,1,47,8,1398,1,18,TOYOTA COROLLA,1,E01011430,0,-1
2021411080305,2021,411080305,2,9,0,9,9,7,3,0,0,0,0,0,0,0,3,1,1,1,3,-1,-1,1987,8,2,TOYOTA COROLLA,-1,-1,0,-1
2021141035980,2021,141035980,1,9,0,8,8,7,1,0,0,4,0,0,0,0,2,1,3,7,2,71,10,1798,8,2,TOYOTA COROLLA,4,E01007354,0,-1
2021430404364,2021,430404364,2,9,0,18,19,2,6,0,0,1,0,0,0,0,1,1,6,6,1,-1,-1,1798,8,0,TOYOTA COROLLA,-1,-1,0,-1
2021547552321,2021,547552321,1,9,0,18,19,1,6,0,0,0,0,10,0,0,1,1,6,6,1,60,9,1598,1,17,TOYOTA COROLLA,7,E01032039,0,-1
2021010319918,2021,010319918,1,9,0,15,15,5,1,0,0,1,0,0,0,0,4,1,6,6,1,52,8,1987,8,2,TOYOTA COROLLA,7,E01002007,0,-1
2021201142155,2021,201142155,2,9,0,18,19,5,1,0,0,8,0,0,0,0,1,1,2,2,1,51,8,1398,7,16,TOYOTA COROLLA,-1,-1,0,-1
2021361068643,2021,361068643,2,9,0,18,19,5,1,0,0,8,0,0,0,0,1,1,5,6,1,63,9,1598,1,17,TOYOTA COROLLA,9,E01017704,0,-1
2021010309529,2021,010309529,2,9,0,99,99,9,9,99,99,9,9,99,9,99,9,9,6,6,2,40,7,1794,1,15,TOYOTA COROLLA,1,E01004214,0,-1
2021351088679,2021,351088679,2,9,0,2,2,6,2,0,0,0,0,0,0,0,2,1,6,6,1,49,8,2231,2,12,TOYOTA COROLLA,8,E01017468,0,-1
2021522104864,2021,522104864,1,8,0,2,2,0,0,0,0,2,0,0,0,0,2,1,6,6,1,40,7,1798,8,2,TOYOTA COROLLA,4,E01014590,0,-1
2021131126535,2021,131126535,2,9,0,10,10,1,5,0,0,8,0,0,0,0,2,1,6,6,2,37,7,1995,2,16,TOYOTA COROLLA,4,E01010601,0,-1
2021351052847,2021,351052847,5,9,0,3,3,7,3,0,0,0,0,0,0,0,4,1,1,1,1,24,5,1798,8,1,TOYOTA COROLLA,3,E01022237,0,-1
2021501044639,2021,501044639,1,9,0,7,7,5,7,0,0,8,0,0,0,0,0,1,5,6,1,30,6,1798,8,2,TOYOTA COROLLA,3,E01003185,0,-1
2021471059687,2021,471059687,2,9,0,4,4,1,6,0,0,1,0,0,0,0,2,1,6,6,1,24,5,1598,1,14,TOYOTA COROLLA,4,E01031610,0,-1
2021041042095,2021,041042095,2,9,0,18,19,7,1,0,0,0,0,0,0,0,1,1,2,2,1,37,7,2231,2,15,TOYOTA COROLLA,1,E01012571,0,-1