collision_index,collision_year,collision_ref_no,vehicle_reference,vehicle_type,towing_and_articulation,vehicle_manoeuvre_historic,vehicle_manoeuvre,vehicle_direction_from,vehicle_direction_to,vehicle_location_restricted_lane_historic,vehicle_location_restricted_lane,junction_location,skidding_and_overturning,hit_object_in_carriageway,vehicle_leaving_carriageway,hit_object_off_carriageway,first_point_of_impact,vehicle_left_hand_drive,journey_purpose_of_driver_historic,journey_purpose_of_driver,sex_of_driver,age_of_driver,age_band_of_driver,engine_capacity_cc,propulsion_code,age_of_vehicle,generic_make_model,driver_imd_decile,lsoa_of_driver,escooter_flag,driver_distance_banding
2021471078827,2021,471078827,1,9,0,18,19,3,7,0,0,1,0,0,0,0,2,1,5,6,1,35,6,1332,1,25,TOYOTA COROLLA,8,E01016958,0,-1
2021552100672,2021,552100672,1,9,0,18,19,3,6,0,0,8,0,0,0,0,1,1,6,6,3,-1,-1,1598,1,18,TOYOTA COROLLA,-1,-1,0,-1
2021010297899,2021,010297899,2,9,0,4,4,5,1,1,1,1,0,0,0,0,1,1,1,1,2,35,6,1598,1,18,TOYOTA COROLLA,5,E01001525,0,-1
2021371062044,2021,371062044,2,9,0,18,19,8,4,0,0,1,0,0,0,0,3,1,5,6,1,34,6,1598,1,15,TOYOTA COROLLA,6,E01032523,0,-1
2021501046746,2021,501046746,1,9,0,18,19,7,3,0,0,0,0,0,0,0,1,1,5,6,1,32,6,1398,1,21,TOYOTA COROLLA,5,E01018834,0,-1
2021552100840,2021,552100840,2,9,0,18,19,6,2,0,0,0,0,0,0,0,4,1,1,1,1,40,7,1798,8,2,TOYOTA COROLLA,3,E01015294,0,-1
2021111023469,2021,111023469,1,9,0,18,19,5,1,0,0,2,0,0,0,0,1,1,2,2,1,39,7,2231,2,15,TOYOTA COROLLA,1,E01020752,0,-1
202134WNC0381,2021,34WNC0381,2,9,0,18,19,1,5,0,0,8,0,0,0,0,4,1,2,2,1,62,9,1798,8,2,TOYOTA COROLLA,-1,-1,0,-1
2021131038263,2021,131038263,3,9,0,9,9,1,5,0,0,2,0,0,0,0,4,1,6,6,1,39,7,2231,2,12,TOYOTA COROLLA,1,E01011426,0,-1
2021131127174,2021,131127174,1,9,0,18,19,0,3,0,0,2,0,4,0,0,1,1,6,6,3,-1,-1,1794,1,17,TOYOTA COROLLA,-1,-1,0,-1
2021131068284,2021,131068284,2,9,0,10,10,7,3,0,0,8,0,0,5,0,2,1,6,6,1,32,6,1798,8,2,TOYOTA COROLLA,7,E01011506,0,-1
2021010292337,2021,010292337,1,9,0,18,19,3,7,0,0,2,0,0,0,0,1,1,6,6,2,39,7,1798,8,1,TOYOTA COROLLA,4,E01003702,0,-1
2021201111411,2021,201111411,1,9,0,5,5,8,4,0,0,6,0,0,0,0,4,1,2,2,2,25,5,1598,1,15,TOYOTA COROLLA,1,E01009197,0,-1
2021991088482,2021,991088482,3,9,0,18,19,8,4,0,0,1,1,0,0,0,1,1,5,6,2,42,7,1798,8,0,TOYOTA COROLLA,5,E01021575,0,-1
2021141078804,2021,141078804,2,9,0,18,19,8,4,0,0,8,0,0,0,0,1,1,6,6,1,-1,-1,1364,2,15,TOYOTA COROLLA,5,E01007909,0,-1
2021522103171,2021,522103171,1,9,0,18,19,1,5,0,0,0,0,0,0,0,1,1,6,6,1,20,4,1598,1,14,TOYOTA COROLLA,7,E01032671,0,-1
2021101108728,2021,101108728,2,9,0,5,5,8,4,0,0,4,0,0,0,0,3,1,1,1,1,54,8,1798,8,2,TOYOTA COROLLA,6,E01008453,0,-1
2021451072448,2021,451072448,3,9,0,3,3,7,3,0,0,0,0,0,0,0,3,1,1,1,1,36,7,1798,8,1,TOYOTA COROLLA,10,E01030641,0,-1
20211382S1898,2021,1382S1898,2,9,0,18,19,1,1,0,0,0,0,0,0,0,1,1,6,6,3,-1,-1,1364,2,16,TOYOTA COROLLA,-1,-1,0,-1
2021010344369,2021,010344369,1,9,0,18,19,7,3,0,0,0,0,7,1,10,1,1,3,7,2,34,6,1398,1,16,TOYOTA COROLLA,5,E01000567,0,-1
2021201075694,2021,201075694,1,9,0,18,19,4,8,0,0,8,0,0,0,0,3,1,6,6,1,23,5,1798,8,1,TOYOTA COROLLA,1,E01008905,0,-1
2021131049438,2021,131049438,1,9,0,18,19,1,5,0,0,0,0,0,1,11,1,1,5,6,1,43,7,1598,1,19,TOYOTA COROLLA,1,E01010811,0,-1
2021131032718,2021,131032718,1,8,0,4,4,7,3,0,0,0,0,0,0,0,2,1,1,1,1,46,8,1798,8,2,TOYOTA COROLLA,1,E01033693,0,-1
2021471071514,2021,471071514,1,9,0,18,19,7,3,0,0,0,0,4,7,11,1,1,2,2,1,50,8,1798,8,2,TOYOTA COROLLA,5,E01031355,0,-1
2021991103699,2021,991103699,2,9,0,18,19,6,2,0,0,2,0,0,0,0,1,2,5,6,1,45,7,1598,1,15,TOYOTA COROLLA,9,-1,0,-1
2021991080651,2021,991080651,1,9,0,5,5,3,7,0,0,1,0,0,0,0,1,1,6,6,1,45,7,2231,2,13,TOYOTA COROLLA,1,-1,0,-1
2021010309524,2021,010309524,1,9,0,18,19,1,5,0,0,1,0,0,0,0,1,1,1,1,1,52,8,1798,8,2,TOYOTA COROLLA,5,E01002119,0,-1
2021010335734,2021,010335734,1,9,0,9,9,7,5,0,0,2,0,0,0,0,1,1,6,6,1,43,7,1398,1,17,TOYOTA COROLLA,2,E01000064,0,-1
202106P079612,2021,06P079612,2,9,0,16,19,6,2,0,0,8,0,0,0,0,1,1,6,6,1,49,8,1798,8,2,TOYOTA COROLLA,3,E01005528,0,-1
2021201085315,2021,201085315,1,9,0,18,19,7,3,0,0,0,0,10,7,2,1,1,6,6,1,45,7,1995,2,16,TOYOTA COROLLA,3,E01010523,0,-1
2021010318668,2021,010318668,2,9,0,9,9,7,5,0,0,9,0,0,0,0,0,1,6,6,3,-1,-1,1598,1,17,TOYOTA COROLLA,8,E01002915,0,-1
2021430438667,2021,430438667,1,9,0,9,9,7,5,0,0,8,0,0,0,0,3,1,6,6,2,27,6,1798,8,1,TOYOTA COROLLA,10,E01028608,0,-1
2021501090607,2021,501090607,3,9,0,3,3,5,3,0,0,0,0,0,0,0,2,1,5,6,1,72,10,2231,2,15,TOYOTA COROLLA,5,E01020324,0,-1
2021522102434,2021,522102434,2,9,0,3,3,1,7,0,0,1,0,0,0,0,1,1,6,6,3,-1,-1,1794,1,15,TOYOTA COROLLA,-1,-1,0,-1
2021221036178,2021,221036178,3,9,0,4,4,6,3,0,0,8,0,0,0,0,2,1,5,6,2,32,6,1398,1,15,TOYOTA COROLLA,6,E01028975,0,-1
2021010324157,2021,010324157,1,9,0,18,19,3,7,0,0,2,0,0,0,0,1,1,1,1,1,42,7,1798,8,2,TOYOTA COROLLA,6,E01030801,0,-1
2021201114122,2021,201114122,2,9,0,5,5,4,6,0,0,6,1,10,5,10,2,1,6,6,1,68,10,1598,1,17,TOYOTA COROLLA,1,E01033648,0,-1
2021421086796,2021,421086796,1,9,0,18,19,3,6,0,0,0,0,0,7,10,1,1,6,6,2,29,6,1798,8,2,TOYOTA COROLLA,3,E01021273,0,-1
2021302100044,2021,302100044,2,9,0,10,10,8,6,0,0,1,0,0,0,0,1,1,6,6,1,36,7,1987,8,1,TOYOTA COROLLA,2,E01013569,0,-1
2021471048975,2021,471048975,2,9,0,18,19,2,6,0,0,1,0,0,0,0,1,1,2,2,1,43,7,1587,1,23,TOYOTA COROLLA,3,E01031609,0,-1
2021010347638,2021,010347638,2,9,0,4,4,3,7,0,0,0,0,0,0,0,2,1,6,6,1,47,8,1794,1,16,TOYOTA COROLLA,4,E01000940,0,-1
2021101020062,2021,101020062,1,9,0,18,19,5,1,0,0,0,0,0,0,0,1,1,6,6,1,72,10,1598,1,15,TOYOTA COROLLA,6,E01008381,0,-1
2021501112600,2021,501112600,1,9,0,18,19,2,7,0,0,0,0,0,0,0,1,1,1,1,1,37,7,1598,1,15,TOYOTA COROLLA,6,E01020338,0,-1
2021010351097,2021,010351097,1,9,0,10,10,8,5,0,0,6,0,0,0,0,4,1,6,6,1,27,6,1398,1,15,TOYOTA COROLLA,9,E01001028,0,-1
2021010331418,2021,010331418,1,9,0,9,9,1,7,0,0,1,0,0,1,0,3,1,6,6,1,39,7,1398,1,15,TOYOTA COROLLA,-1,-1,0,-1
2021131062568,2021,131062568,2,9,0,18,19,7,3,0,0,1,0,0,0,0,1,1,1,1,1,52,8,1398,1,16,TOYOTA COROLLA,1,E01010826,0,-1
2021542502221,2021,542502221,1,9,0,4,4,4,8,0,0,0,0,0,0,0,4,1,6,6,1,51,8,1798,8,0,TOYOTA COROLLA,9,E01031915,0,-1
2021522101659,2021,522101659,1,9,0,18,19,6,2,0,0,1,0,0,0,0,1,1,6,6,1,33,6,1598,1,17,TOYOTA COROLLA,1,E01014653,0,-1
2021061074566,2021,061074566,1,9,0,18,19,4,1,0,0,0,0,4,0,0,1,1,5,6,1,45,7,1798,8,0,TOYOTA COROLLA,3,E01004816,0,-1
2021131086212,2021,131086212,1,8,0,18,19,3,7,0,0,0,0,0,0,0,2,1,6,6,3,-1,-1,1798,8,1,TOYOTA COROLLA,-1,-1,0,-1
2021201118726,2021,201118726,1,9,0,7,7,2,4,0,0,6,0,0,0,0,1,1,6,6,1,31,6,1598,1,14,TOYOTA COROLLA,1,E01010524,0,-1
2021131077541,2021,131077541,1,8,0,6,6,1,7,0,0,8,0,0,0,0,3,1,1,1,1,45,7,1798,8,2,TOYOTA COROLLA,1,E01011364,0,-1
2021211042638,2021,211042638,1,9,0,7,7,8,3,0,0,8,0,0,0,0,1,1,6,6,1,50,8,1598,1,17,TOYOTA COROLLA,1,E01014354,0,-1
2021010335089,2021,010335089,3,9,0,18,19,5,1,0,0,1,0,0,0,0,1,1,6,6,1,48,8,1794,1,16,TOYOTA COROLLA,3,E01003999,0,-1
2021010350732,2021,010350732,1,9,0,17,19,7,3,0,0,1,0,0,0,0,3,1,6,6,1,39,7,1794,1,13,TOYOTA COROLLA,2,E01003197,0,-1
2021010351965,2021,010351965,1,9,0,5,5,5,1,0,0,1,0,10,1,2,2,2,6,6,2,22,5,1398,1,16,TOYOTA COROLLA,2,E01003636,0,-1
2021471031540,2021,471031540,1,9,0,18,19,1,5,0,0,0,0,0,0,0,1,1,5,6,1,28,6,1598,1,15,TOYOTA COROLLA,6,E01016859,0,-1
2021010314069,2021,010314069,1,9,0,3,3,1,5,0,0,1,0,0,0,0,2,1,6,6,1,45,7,1598,1,19,TOYOTA COROLLA,3,E01002808,0,-1
2021411056321,2021,411056321,1,9,0,16,19,6,2,0,0,0,0,0,0,0,1,1,6,6,1,42,7,1598,1,16,TOYOTA COROLLA,7,E01023508,0,-1
2021010344805,2021,010344805,1,9,0,1,1,5,1,0,0,2,0,0,0,0,2,1,2,2,2,46,8,1598,1,18,TOYOTA COROLLA,2,E01003063,0,-1
2021010323190,2021,010323190,2,9,0,99,99,9,9,99,99,0,9,99,9,99,9,9,6,6,1,43,7,1598,1,14,TOYOTA COROLLA,3,E01004303,0,-1
2021451040310,2021,451040310,2,9,0,18,19,3,7,0,0,0,0,0,1,0,1,1,2,2,1,54,8,1794,1,16,TOYOTA COROLLA,2,E01002561,0,-1
2021421019579,2021,421019579,1,9,0,18,19,1,5,0,0,0,0,0,7,0,1,1,5,6,1,63,9,1794,1,15,TOYOTA COROLLA,7,E01021928,0,-1
2021461137599,2021,461137599,1,9,0,18,19,7,3,0,0,0,0,0,0,0,1,1,1,1,2,43,7,1587,1,22,TOYOTA COROLLA,2,E01021103,0,-1
2021201136653,2021,201136653,2,8,0,3,3,4,8,0,0,1,0,0,0,0,2,1,6,6,3,-1,-1,1798,8,2,TOYOTA COROLLA,-1,-1,0,-1
2021141077412,2021,141077412,1,9,0,9,9,8,4,0,0,5,0,0,0,0,4,1,5,6,1,43,7,2231,2,14,TOYOTA COROLLA,1,E01007906,0,-1
2021010339981,2021,010339981,1,9,0,10,10,5,3,0,0,1,0,0,0,0,3,1,3,7,2,65,9,1987,8,1,TOYOTA COROLLA,8,E01002163,0,-1
2021201068603,2021,201068603,1,9,0,6,6,8,8,0,0,0,0,0,0,0,1,1,6,6,1,36,7,1794,1,14,TOYOTA COROLLA,1,E01010473,0,-1
2021010315544,2021,010315544,1,9,0,7,7,6,8,0,0,0,0,0,0,0,1,1,2,2,1,77,11,1598,1,16,TOYOTA COROLLA,5,E01003359,0,-1
2021522100566,2021,522100566,1,9,0,9,9,1,6,0,0,8,0,0,0,0,4,1,6,6,1,36,7,1598,1,17,TOYOTA COROLLA,1,E01033348,0,-1
2021471074594,2021,471074594,2,9,0,18,19,7,3,0,0,0,0,0,0,0,2,1,1,1,1,54,8,1598,1,16,TOYOTA COROLLA,7,E01031368,0,-1
2021201127424,2021,201127424,1,9,0,9,9,1,7,0,0,6,5,0,0,0,1,1,6,6,1,-1,-1,1598,1,17,TOYOTA COROLLA,1,E01009477,0,-1
2021201031660,2021,201031660,1,9,0,18,19,7,3,0,0,3,0,0,0,0,1,1,6,6,1,20,4,1398,1,18,TOYOTA COROLLA,1,E01033636,0,-1
2021010339819,2021,010339819,1,9,0,3,3,7,3,0,0,1,0,0,0,0,0,1,6,6,2,40,7,1794,1,13,TOYOTA COROLLA,3,E01000373,0,-1
2021061069806,2021,061069806,2,9,0,18,19,7,3,0,0,0,0,0,0,0,1,1,5,6,1,37,7,1598,1,20,TOYOTA COROLLA,1,E01005639,0,-1
2021131034759,2021,131034759,1,9,0,18,19,5,1,0,0,1,0,0,0,0,1,1,1,1,1,60,9,1798,8,2,TOYOTA COROLLA,7,E01011595,0,-1
2021501089327,2021,501089327,1,9,0,9,9,8,5,0,0,1,0,0,0,0,1,1,5,6,1,23,5,1598,1,15,TOYOTA COROLLA,3,E01020286,0,-1
2021201070029,2021,201070029,2,9,0,18,19,6,2,0,0,0,0,0,0,0,4,1,3,7,1,23,5,1798,8,2,TOYOTA COROLLA,1,E01009328,0,-1
2021010328440,2021,010328440,2,9,0,99,99,9,9,99,99,9,9,99,9,99,9,9,6,6,1,44,7,1794,1,18,TOYOTA COROLLA,8,E01000173,0,-1
2021010334687,2021,010334687,1,9,0,5,5,7,3,0,0,6,0,0,0,0,3,1,6,6,1,30,6,1798,8,2,TOYOTA COROLLA,2,E01003566,0,-1
2021010325295,2021,010325295,1,9,0,18,19,1,5,0,0,1,0,0,0,0,1,1,6,6,1,80,11,1598,1,16,TOYOTA COROLLA,9,E01001281,0,-1
2021041012605,2021,041012605,2,9,0,18,19,2,6,0,0,8,0,0,0,0,1,1,1,1,1,54,8,1798,8,1,TOYOTA COROLLA,8,E01025159,0,-1
202106E078828,2021,06E078828,1,9,0,18,19,1,5,0,0,0,0,0,0,0,1,1,6,6,1,56,9,1398,1,18,TOYOTA COROLLA,2,E01005233,0,-1
2021991021271,2021,991021271,1,9,0,7,7,7,1,0,0,8,0,9,0,0,1,1,6,6,1,33,6,2231,2,15,TOYOTA COROLLA,1,-1,0,-1
2021451096355,2021,451096355,1,9,0,9,9,2,8,0,0,8,0,0,0,0,1,1,6,6,3,39,7,2231,2,12,TOYOTA COROLLA,4,E01030619,0,-1
2021010326073,2021,010326073,1,9,0,5,5,3,7,0,0,8,0,0,0,0,1,1,6,6,1,38,7,1794,1,13,TOYOTA COROLLA,5,E01000038,0,-1
2021010302621,2021,010302621,1,9,0,18,19,1,5,0,0,0,0,0,0,0,1,1,6,6,1,88,11,1332,1,22,TOYOTA COROLLA,9,E01000351,0,-1
2021041035846,2021,041035846,1,9,0,18,19,3,7,0,0,0,0,0,0,0,1,1,1,1,1,45,7,2231,2,15,TOYOTA COROLLA,1,E01010996,0,-1
2021302100509,2021,302100509,1,9,0,9,9,8,5,0,0,8,0,0,0,0,1,1,6,6,1,51,8,1995,2,18,TOYOTA COROLLA,2,E01013512,0,-1
2021010313260,2021,010313260,1,9,0,2,2,0,0,0,0,0,0,0,0,0,1,1,6,6,3,-1,-1,1598,1,17,TOYOTA COROLLA,-1,-1,0,-1
2021201116208,2021,201116208,2,9,0,18,19,8,4,0,0,8,0,10,7,0,3,1,2,2,1,42,7,2231,2,15,TOYOTA COROLLA,2,E01010411,0,-1
2021041118598,2021,041118598,2,9,0,18,19,5,1,0,0,1,0,0,0,0,3,1,2,2,2,47,8,1398,1,14,TOYOTA COROLLA,7,E01025203,0,-1
2021010333648,2021,010333648,1,8,0,99,99,9,9,99,99,0,9,99,9,99,9,9,6,6,2,23,5,1798,8,2,TOYOTA COROLLA,5,E01003173,0,-1
2021991108497,2021,991108497,1,9,0,4,4,8,4,0,0,0,0,0,0,0,2,1,6,6,1,39,7,1798,8,1,TOYOTA COROLLA,9,-1,0,-1
2021061108772,2021,061108772,1,9,0,18,19,5,1,0,0,1,0,0,0,0,1,1,5,6,1,30,6,1398,1,18,TOYOTA COROLLA,2,E01005030,0,-1
2021430145580,2021,430145580,5,9,0,18,19,8,4,0,0,1,0,0,0,0,1,1,6,6,1,57,9,2231,2,15,TOYOTA COROLLA,8,E01016647,0,-1
202106K080058,2021,06K080058,2,9,0,18,19,5,1,0,0,4,0,0,0,0,1,1,6,6,1,47,8,1794,1,14,TOYOTA COROLLA,1,E01004877,0,-1
2021471091516,2021,471091516,1,9,0,9,9,3,1,0,0,1,0,0,0,0,1,1,6,6,1,27,6,1398,1,16,TOYOTA COROLLA,6,E01031709,0,-1
2021451063495,2021,451063495,2,9,0,2,2,1,5,0,0,0,0,0,0,0,3,1,5,6,1,37,7,1798,8,1,TOYOTA COROLLA,2,-1,0,-1
2021010338442,2021,010338442,1,9,0,99,99,9,9,99,99,9,9,99,9,99,2,9,6,6,1,47,8,1598,1,16,TOYOTA COROLLA,5,E01001060,0,-1
2021010331269,2021,010331269,1,9,0,18,19,7,3,0,0,0,0,0,0,0,4,1,6,6,1,28,6,1598,1,15,TOYOTA COROLLA,5,E01002447,0,-1
2021041063433,2021,041063433,1,9,0,18,19,3,1,0,0,0,0,12,0,0,1,1,2,2,2,30,6,1398,1,17,TOYOTA COROLLA,2,E01012605,0,-1
2021522100659,2021,522100659,2,9,0,11,11,8,4,0,0,0,0,4,0,0,3,1,6,6,3,-1,-1,2231,2,15,TOYOTA COROLLA,-1,-1,0,-1
2021131120130,2021,131120130,1,9,0,2,2,3,7,6,6,0,0,0,0,0,1,1,1,1,1,31,6,1995,2,15,TOYOTA COROLLA,4,E01010987,0,-1
2021201072551,2021,201072551,4,9,0,18,19,4,8,0,0,1,0,0,0,0,3,1,6,6,1,45,7,1794,1,14,TOYOTA COROLLA,3,E01010042,0,-1
2021031056275,2021,031056275,4,9,0,2,2,0,0,0,0,1,0,0,0,0,1,1,5,6,1,48,8,1798,8,1,TOYOTA COROLLA,4,E01019389,0,-1
2021440389639,2021,440389639,4,9,0,4,4,5,1,0,0,2,0,0,0,0,2,1,2,2,2,33,6,1987,8,1,TOYOTA COROLLA,6,E01022673,0,-1
2021010316900,2021,010316900,2,9,0,5,5,4,8,0,0,8,0,0,0,0,0,1,6,6,1,34,6,1987,8,2,TOYOTA COROLLA,2,E01001447,0,-1
202131C068621,2021,31C068621,1,9,0,9,9,8,6,0,0,6,0,0,0,0,3,1,6,6,2,66,10,1598,1,17,TOYOTA COROLLA,7,E01028116,0,-1
2021131037812,2021,131037812,2,9,0,5,5,3,1,0,0,8,0,0,0,0,0,1,4,7,2,40,7,1794,1,14,TOYOTA COROLLA,9,E01011385,0,-1
2021471072393,2021,471072393,2,9,0,1,1,8,6,0,0,0,0,0,0,0,4,1,6,6,2,48,8,1794,1,19,TOYOTA COROLLA,2,E01017011,0,-1
2021052100134,2021,052100134,2,9,0,10,10,3,7,0,0,1,0,0,0,0,2,1,2,2,2,22,5,1995,2,15,TOYOTA COROLLA,10,E01012446,0,-1
2021061087356,2021,061087356,2,9,0,18,19,8,3,0,0,1,0,0,0,0,3,1,5,6,2,41,7,1794,1,13,TOYOTA COROLLA,2,E01005337,0,-1
2021061127578,2021,061127578,1,9,0,18,19,5,1,0,0,0,0,0,0,0,1,1,6,6,2,35,6,1398,1,18,TOYOTA COROLLA,1,E01005463,0,-1
2021361143383,2021,361143383,1,9,0,18,19,5,1,0,0,0,1,0,0,0,3,1,5,6,1,29,6,1598,1,17,TOYOTA COROLLA,4,E01026750,0,-1
2021061063969,2021,061063969,2,9,0,-1,-1,-1,-1,-1,-1,-1,-1,-1,-1,0,-1,1,6,6,3,-1,-1,1794,1,14,TOYOTA COROLLA,-1,-1,0,-1
2021010320682,2021,010320682,1,9,0,18,19,1,5,0,0,0,0,4,0,0,1,1,6,6,1,51,8,1794,1,15,TOYOTA COROLLA,4,E01002103,0,-1
2021430493932,2021,430493932,1,9,0,18,19,6,2,0,0,1,0,0,3,9,1,1,1,1,1,23,5,1398,1,17,TOYOTA COROLLA,2,E01015727,0,-1
2021041100385,2021,041100385,3,9,0,2,2,1,5,9,9,0,0,0,0,0,2,1,6,6,3,-1,-1,2231,2,12,TOYOTA COROLLA,-1,-1,0,-1
2021010348162,2021,010348162,2,9,0,99,99,9,9,99,99,0,9,99,9,99,4,9,6,6,2,51,8,1598,1,19,TOYOTA COROLLA,2,E01000080,0,-1
2021201143676,2021,201143676,1,9,0,18,19,6,2,0,0,8,0,0,0,0,1,1,6,6,2,23,5,1798,8,0,TOYOTA COROLLA,1,E01009201,0,-1
2021461080648,2021,461080648,2,9,0,18,19,1,5,0,0,8,0,0,0,0,3,1,1,1,1,50,8,1987,8,0,TOYOTA COROLLA,6,E01016075,0,-1
2021101039470,2021,101039470,4,9,0,4,4,3,7,0,0,0,0,0,0,0,2,1,5,6,1,69,10,1798,8,1,TOYOTA COROLLA,9,E01008442,0,-1
2021471012987,2021,471012987,1,9,0,18,19,1,5,0,0,0,0,0,0,0,1,1,5,6,1,81,11,1798,8,1,TOYOTA COROLLA,6,E01031516,0,-1
2021201112754,2021,201112754,1,9,0,12,12,2,5,0,0,6,0,0,0,0,1,1,6,6,1,45,7,1995,2,17,TOYOTA COROLLA,4,E01009085,0,-1
2021552100349,2021,552100349,1,8,0,18,19,2,6,0,0,0,0,0,0,0,1,1,1,1,1,33,6,1798,8,2,TOYOTA COROLLA,5,E01015334,0,-1
2021302100188,2021,302100188,1,9,0,9,9,2,8,0,0,1,0,0,0,0,3,1,6,6,1,40,7,1398,1,18,TOYOTA COROLLA,1,E01019808,0,-1
2021421125509,2021,421125509,2,9,0,9,9,2,6,0,0,4,0,0,0,0,1,1,5,6,1,54,8,1794,1,14,TOYOTA COROLLA,7,E01021504,0,-1
2021010288623,2021,010288623,2,9,0,18,19,3,7,0,0,8,0,0,0,0,1,1,6,6,2,28,6,1364,2,15,TOYOTA COROLLA,4,E01004366,0,-1
2021041030032,2021,041030032,2,9,0,2,2,3,7,0,0,0,0,0,0,0,2,1,5,6,1,55,8,1798,8,1,TOYOTA COROLLA,4,E01025149,0,-1
2021010347792,2021,010347792,2,9,0,99,99,9,9,99,99,9,9,99,9,99,1,9,6,6,3,-1,-1,1598,1,16,TOYOTA COROLLA,1,E01002720,0,-1
2021351129108,2021,351129108,1,9,0,18,19,6,2,0,0,6,0,0,3,0,1,1,5,6,1,64,9,1798,8,1,TOYOTA COROLLA,9,E01018161,0,-1
2021201044130,2021,201044130,2,9,0,9,9,3,1,0,0,0,0,0,0,0,1,1,6,6,3,35,6,1794,7,14,TOYOTA COROLLA,1,E01009979,0,-1
2021010331904,2021,010331904,2,9,0,99,99,9,9,99,99,9,9,99,9,99,2,9,6,6,3,-1,-1,1798,8,0,TOYOTA COROLLA,-1,-1,0,-1
2021041062840,2021,041062840,2,9,0,9,9,1,7,0,0,5,0,0,0,0,3,1,5,6,1,72,10,2231,2,13,TOYOTA COROLLA,3,E01012726,0,-1
2021061042048,2021,061042048,1,9,0,10,10,2,6,0,0,0,0,0,0,0,4,1,5,6,1,33,6,1398,1,17,TOYOTA COROLLA,5,E01004831,0,-1
2021131037046,2021,131037046,1,9,0,18,19,5,1,0,0,8,0,0,0,0,3,1,6,6,1,58,9,1398,1,15,TOYOTA COROLLA,1,E01010610,0,-1
2021010347760,2021,010347760,1,9,0,18,19,4,8,0,0,0,0,10,1,11,1,1,6,6,2,42,7,1794,1,16,TOYOTA COROLLA,4,E01023899,0,-1
2021471090289,2021,471090289,2,9,0,1,1,7,3,0,0,0,0,10,1,0,2,1,6,6,2,53,8,1794,1,15,TOYOTA COROLLA,3,E01016881,0,-1
2021010308986,2021,010308986,2,9,0,9,9,5,3,0,0,8,0,0,0,0,4,1,6,6,1,32,6,1798,8,0,TOYOTA COROLLA,4,E01003919,0,-1
2021371134825,2021,371134825,1,9,0,16,19,5,1,0,0,2,0,0,0,0,1,1,5,6,1,17,4,1364,2,16,TOYOTA COROLLA,8,E01026470,0,-1
2021501109325,2021,501109325,2,9,0,17,19,5,1,0,0,0,0,0,7,0,1,1,5,6,1,25,5,1798,8,0,TOYOTA COROLLA,5,E01020224,0,-1
2021411124894,2021,411124894,1,9,0,4,4,1,5,0,0,0,0,0,0,0,1,1,6,6,1,57,9,1332,1,21,TOYOTA COROLLA,1,E01013661,0,-1
2021471101245,2021,471101245,1,9,0,7,7,1,3,0,0,6,0,0,0,0,1,1,6,6,3,-1,-1,1798,8,0,TOYOTA COROLLA,-1,-1,0,-1
202163B059021,2021,63B059021,1,9,0,18,19,1,5,0,0,0,0,0,0,0,0,1,6,6,1,42,7,1798,8,2,TOYOTA COROLLA,7,E01014847,0,-1
2021131034740,2021,131034740,1,9,0,18,19,5,1,0,0,0,0,0,0,0,1,1,1,1,1,60,9,1798,8,2,TOYOTA COROLLA,7,E01011595,0,-1
2021061027552,2021,061027552,2,9,0,1,1,1,7,0,0,0,0,0,0,0,2,1,6,6,1,30,6,1598,1,16,TOYOTA COROLLA,2,E01005238,0,-1
2021061043112,2021,061043112,2,9,0,7,7,6,1,0,0,8,0,0,0,0,1,1,6,6,2,36,7,1794,1,16,TOYOTA COROLLA,3,E01005120,0,-1
2021361129531,2021,361129531,1,9,0,18,19,4,8,0,0,0,0,0,0,0,1,1,5,6,2,33,6,1798,8,1,TOYOTA COROLLA,3,E01026825,0,-1
2021061035416,2021,061035416,2,9,0,10,10,4,2,0,0,1,0,0,0,0,1,1,5,6,3,30,6,1798,8,0,TOYOTA COROLLA,-1,-1,0,-1
2021461109886,2021,461109886,2,9,0,18,19,3,7,0,0,1,0,0,0,0,1,1,6,6,2,-1,-1,1975,2,23,TOYOTA COROLLA,5,E01024031,0,-1
2021010297837,2021,010297837,1,9,0,18,19,7,3,0,0,2,0,0,0,0,1,1,2,2,2,51,8,1598,1,13,TOYOTA COROLLA,5,E01003156,0,-1
2021131044198,2021,131044198,2,8,0,18,19,1,5,0,0,1,0,0,0,0,2,1,1,1,1,41,7,1798,8,2,TOYOTA COROLLA,3,E01010751,0,-1
2021471081866,2021,471081866,1,9,0,18,19,1,5,0,0,0,0,0,0,0,1,1,5,6,2,39,7,1798,8,1,TOYOTA COROLLA,6,E01021046,0,-1
2021471032528,2021,471032528,2,9,0,7,7,1,2,0,0,6,0,0,0,0,3,1,5,6,1,23,5,1598,1,16,TOYOTA COROLLA,8,E01016893,0,-1
2021302100555,2021,302100555,2,9,0,7,7,8,6,0,0,0,0,0,0,0,3,1,1,1,1,40,7,1798,8,1,TOYOTA COROLLA,2,E01013598,0,-1
2021302101831,2021,302101831,1,9,0,5,5,8,6,0,0,6,0,0,0,0,3,1,2,2,2,53,8,1398,1,15,TOYOTA COROLLA,7,E01019548,0,-1