collision_index,collision_year,collision_ref_no,vehicle_reference,vehicle_type,towing_and_articulation,vehicle_manoeuvre_historic,vehicle_manoeuvre,vehicle_direction_from,vehicle_direction_to,vehicle_location_restricted_lane_historic,vehicle_location_restricted_lane,junction_location,skidding_and_overturning,hit_object_in_carriageway,vehicle_leaving_carriageway,hit_object_off_carriageway,first_point_of_impact,vehicle_left_hand_drive,journey_purpose_of_driver_historic,journey_purpose_of_driver,sex_of_driver,age_of_driver,age_band_of_driver,engine_capacity_cc,propulsion_code,age_of_vehicle,generic_make_model,driver_imd_decile,lsoa_of_driver,escooter_flag,driver_distance_banding
2021010327744,2021,010327744,2,9,0,7,7,1,4,0,0,1,0,0,0,0,4,1,1,1,1,64,9,1398,1,19,TOYOTA COROLLA,2,E01023758,0,-1
2021461052458,2021,461052458,3,9,0,4,4,6,2,0,0,0,0,0,0,0,2,1,1,1,1,45,7,1794,1,19,TOYOTA COROLLA,4,E01024841,0,-1
2021440090812,2021,440090812,2,9,0,18,19,4,8,0,0,8,0,0,0,0,1,1,6,6,1,38,7,1796,1,16,TOYOTA COROLLA,7,E01023125,0,-1
2021991048963,2021,991048963,3,9,0,17,19,6,2,0,0,0,1,0,1,0,1,1,2,2,2,60,9,1197,1,2,TOYOTA COROLLA,8,-1,0,-1
2021010314424,2021,010314424,3,9,0,4,4,5,1,0,0,8,1,0,0,0,0,1,6,6,1,24,5,1995,2,18,TOYOTA COROLLA,3,E01000092,0,-1
2021010350989,2021,010350989,3,9,0,2,2,0,0,6,6,2,0,0,0,0,3,1,6,6,3,-1,-1,1794,1,17,TOYOTA COROLLA,-1,-1,0,-1
2021501017220,2021,501017220,1,9,0,18,19,6,2,0,0,1,0,0,0,0,1,1,2,2,1,57,9,1587,1,25,TOYOTA COROLLA,4,E01015241,0,-1
2021010288011,2021,010288011,1,9,0,9,9,5,2,0,0,5,0,0,0,0,1,1,6,6,1,30,6,1598,1,14,TOYOTA COROLLA,-1,-1,0,-1
2021610043221,2021,610043221,1,9,0,18,19,8,4,0,0,8,1,0,0,0,1,1,6,6,1,39,7,1995,2,16,TOYOTA COROLLA,9,W01001549,0,-1
2021122200145,2021,122200145,1,9,0,18,19,2,6,0,0,1,0,0,1,2,1,1,6,6,2,76,11,1798,8,0,TOYOTA COROLLA,10,E01027879,0,-1
2021010346109,2021,010346109,1,9,0,9,9,3,1,0,0,5,0,0,0,0,1,1,2,2,2,54,8,1598,1,15,TOYOTA COROLLA,4,E01003450,0,-1
2021201049737,2021,201049737,2,9,0,18,19,2,6,0,0,1,0,0,0,0,2,1,6,6,1,71,10,1598,1,20,TOYOTA COROLLA,5,E01009580,0,-1
2021461052096,2021,461052096,2,9,0,18,19,7,3,0,0,1,0,0,0,0,2,1,6,6,1,44,7,1798,8,1,TOYOTA COROLLA,9,E01016027,0,-1
2021010331543,2021,010331543,1,9,0,4,4,5,1,0,0,1,0,0,0,0,2,1,6,6,2,49,8,1398,1,15,TOYOTA COROLLA,6,E01023564,0,-1
202131B137721,2021,31B137721,2,9,0,18,19,2,6,0,0,8,0,0,7,0,3,1,6,6,1,22,5,1598,1,17,TOYOTA COROLLA,1,E01013878,0,-1
202106X079525,2021,06X079525,2,9,0,18,19,6,2,0,0,0,0,0,0,0,2,1,6,6,2,39,7,1598,1,14,TOYOTA COROLLA,2,E01005461,0,-1
2021010318609,2021,010318609,2,9,0,99,99,9,9,99,99,0,9,99,9,99,9,9,6,6,3,-1,-1,1798,8,1,TOYOTA COROLLA,6,E01001527,0,-1
2021471050458,2021,471050458,1,9,0,18,19,1,5,0,0,0,0,0,0,0,3,1,2,2,2,32,6,2231,2,13,TOYOTA COROLLA,7,E01020938,0,-1
202163A005721,2021,63A005721,2,9,0,18,19,2,6,0,0,0,0,0,0,0,1,1,6,6,1,32,6,2231,2,15,TOYOTA COROLLA,3,W01000641,0,-1
2021131124125,2021,131124125,2,9,0,16,19,5,6,0,0,5,0,0,0,0,1,1,6,6,1,37,7,1398,1,16,TOYOTA COROLLA,1,E01010712,0,-1
2021010336614,2021,010336614,1,9,0,12,12,5,1,0,0,4,0,0,0,0,1,1,2,2,1,59,9,1798,8,2,TOYOTA COROLLA,2,E01004398,0,-1
2021531069142,2021,531069142,1,9,0,5,5,8,4,0,0,8,0,0,0,0,1,1,5,6,1,87,11,1598,1,17,TOYOTA COROLLA,10,E01022181,0,-1
2021440015683,2021,440015683,2,9,0,18,19,7,3,0,0,8,0,0,0,0,1,1,2,2,1,61,9,2231,2,14,TOYOTA COROLLA,9,E01022874,0,-1
2021061059802,2021,061059802,1,9,0,18,19,4,8,0,0,4,0,0,0,0,4,1,6,6,1,30,6,1398,1,17,TOYOTA COROLLA,4,E01004993,0,-1
2021401018749,2021,401018749,1,9,0,5,5,1,5,0,0,0,0,0,0,0,3,1,6,6,1,57,9,1598,1,18,TOYOTA COROLLA,4,E01015712,0,-1
2021101011394,2021,101011394,1,9,0,17,19,7,5,0,0,0,0,0,0,0,1,1,5,6,1,50,8,1995,2,16,TOYOTA COROLLA,2,E01008252,0,-1
2021991037962,2021,991037962,1,9,0,18,19,3,7,0,0,0,0,4,0,0,4,2,5,6,1,82,11,1798,8,2,TOYOTA COROLLA,8,-1,0,-1
2021010291578,2021,010291578,2,9,0,18,19,4,8,0,0,2,0,0,0,0,1,1,6,6,1,31,6,2231,2,14,TOYOTA COROLLA,2,E01032565,0,-1
2021010289429,2021,010289429,1,9,0,5,5,5,1,0,0,6,0,0,0,0,1,1,1,1,1,58,9,1798,8,2,TOYOTA COROLLA,3,E01002909,0,-1
2021010302369,2021,010302369,2,9,0,2,2,0,0,0,0,0,0,0,0,0,3,1,6,6,3,-1,-1,1598,1,17,TOYOTA COROLLA,-1,-1,0,-1
2021552200030,2021,552200030,4,9,0,3,3,6,2,0,0,0,0,0,0,0,2,1,6,6,2,34,6,2231,2,14,TOYOTA COROLLA,2,E01032662,0,-1
2021421014683,2021,421014683,1,9,0,18,19,3,7,0,0,0,1,0,2,4,1,1,2,2,2,42,7,1794,1,13,TOYOTA COROLLA,7,E01021830,0,-1
2021141112761,2021,141112761,1,9,0,18,19,-1,-1,0,0,0,0,0,0,0,4,1,6,6,1,58,9,1598,1,16,TOYOTA COROLLA,6,E01008154,0,-1
2021041044309,2021,041044309,1,9,0,18,19,1,5,0,0,0,0,0,0,0,1,1,6,6,3,-1,-1,1398,1,17,TOYOTA COROLLA,-1,-1,0,-1
2021010294633,2021,010294633,2,9,0,4,4,6,2,0,0,0,0,0,0,0,2,1,6,6,1,64,9,2231,2,14,TOYOTA COROLLA,3,E01004045,0,-1
2021451084586,2021,451084586,1,9,0,18,19,7,3,0,0,0,0,0,0,0,1,1,1,1,1,58,9,1598,1,16,TOYOTA COROLLA,3,E01002558,0,-1
2021010339480,2021,010339480,1,9,0,99,99,9,9,99,99,9,9,99,9,99,2,9,6,6,1,59,9,1794,1,15,TOYOTA COROLLA,5,E01002123,0,-1
2021471078396,2021,471078396,2,9,0,16,19,8,6,0,0,0,0,0,0,0,1,1,5,6,2,46,8,1598,1,15,TOYOTA COROLLA,4,E01016902,0,-1
2021991122152,2021,991122152,2,9,0,3,3,3,7,0,0,4,0,0,0,0,2,1,5,6,1,35,6,1798,8,0,TOYOTA COROLLA,-1,-1,0,-1
2021041111660,2021,041111660,1,9,0,9,9,1,5,0,0,5,0,0,0,0,4,1,6,6,2,38,7,1598,1,16,TOYOTA COROLLA,1,E01025189,0,-1
202131C117321,2021,31C117321,1,9,0,7,7,2,4,0,0,6,0,0,0,0,3,1,6,6,1,49,8,2231,2,13,TOYOTA COROLLA,1,E01013862,0,-1
2021201060686,2021,201060686,3,9,0,2,2,0,0,9,9,0,0,0,0,0,2,1,6,6,3,-1,-1,1398,1,17,TOYOTA COROLLA,-1,-1,0,-1
2021531086656,2021,531086656,1,9,0,18,19,3,7,0,0,0,1,0,0,0,1,1,5,6,1,17,4,1332,1,21,TOYOTA COROLLA,7,E01022239,0,-1
2021471064731,2021,471064731,1,9,0,18,19,8,4,0,0,1,0,0,0,0,1,1,5,6,2,48,8,1798,8,0,TOYOTA COROLLA,5,E01031600,0,-1
2021201081480,2021,201081480,1,9,0,7,7,2,4,0,0,5,0,0,0,0,3,1,6,6,1,-1,-1,2231,2,15,TOYOTA COROLLA,-1,-1,0,-1
2021061126189,2021,061126189,2,9,0,18,19,3,7,0,0,0,0,0,0,0,2,1,6,6,1,42,7,1398,1,18,TOYOTA COROLLA,1,E01005164,0,-1
2021440371595,2021,440371595,1,9,0,18,19,7,3,0,0,0,0,0,0,0,2,1,2,2,2,47,8,1598,1,15,TOYOTA COROLLA,6,E01022677,0,-1
2021201073586,2021,201073586,2,9,0,18,19,2,6,0,0,8,0,0,0,0,1,1,6,6,1,51,8,1794,1,16,TOYOTA COROLLA,1,E01010541,0,-1
2021131087646,2021,131087646,2,9,0,18,19,8,4,0,0,8,0,0,0,0,3,1,6,6,1,64,9,1798,8,0,TOYOTA COROLLA,7,E01010899,0,-1
2021010338677,2021,010338677,1,9,0,7,7,3,6,9,9,5,0,0,0,0,3,1,6,6,1,29,6,1598,1,17,TOYOTA COROLLA,5,E01003855,0,-1
2021461050839,2021,461050839,1,8,0,13,13,-1,-1,0,0,-1,0,-1,0,0,1,1,6,6,1,56,9,1798,8,1,TOYOTA COROLLA,5,E01024494,0,-1
2021101114362,2021,101114362,1,9,0,18,19,5,1,0,0,1,5,0,7,0,1,1,6,6,1,24,5,1398,1,17,TOYOTA COROLLA,3,E01008192,0,-1
2021201145699,2021,201145699,1,9,0,5,5,7,5,0,0,1,0,0,0,0,1,1,6,6,1,-1,-1,1398,1,20,TOYOTA COROLLA,-1,-1,0,-1
2021361058253,2021,361058253,1,9,0,18,19,3,7,0,0,0,0,0,0,0,1,1,5,6,2,63,9,2231,2,13,TOYOTA COROLLA,7,E01018188,0,-1
2021131081396,2021,131081396,1,9,0,18,19,5,1,0,0,8,0,7,0,0,4,1,1,1,1,35,6,1798,8,2,TOYOTA COROLLA,1,E01010631,0,-1
2021010289326,2021,010289326,1,9,0,99,99,9,9,99,99,9,9,99,9,99,2,9,6,6,2,28,6,1398,1,17,TOYOTA COROLLA,4,E01001694,0,-1
2021010313814,2021,010313814,2,9,0,18,19,1,5,99,99,0,9,99,9,99,9,9,6,6,3,-1,-1,1794,1,15,TOYOTA COROLLA,-1,-1,0,-1
2021010325797,2021,010325797,1,9,0,99,99,9,9,99,99,9,9,99,9,99,2,9,6,6,1,31,6,1398,1,16,TOYOTA COROLLA,4,E01000471,0,-1
2021131087274,2021,131087274,1,9,0,9,9,1,3,0,0,6,0,0,0,0,1,1,5,6,2,22,5,1798,8,1,TOYOTA COROLLA,3,E01010670,0,-1
2021201014029,2021,201014029,1,9,0,5,5,1,5,0,0,6,0,0,0,0,3,1,6,6,2,33,6,1398,1,16,TOYOTA COROLLA,1,E01009007,0,-1
2021371041599,2021,371041599,1,9,0,9,9,5,3,0,0,6,0,0,0,0,3,1,5,6,1,85,11,1598,1,18,TOYOTA COROLLA,6,E01030059,0,-1
2021052102157,2021,052102157,1,9,0,16,19,3,7,0,0,4,0,0,0,0,3,1,6,6,1,40,7,1798,8,1,TOYOTA COROLLA,1,E01007008,0,-1
2021451127636,2021,451127636,2,9,0,16,19,3,7,0,0,4,0,0,7,7,1,1,2,2,2,55,8,1598,1,15,TOYOTA COROLLA,8,E01002941,0,-1
2021411061189,2021,411061189,1,9,-1,-1,-1,-1,-1,-1,-1,0,-1,-1,-1,0,-1,1,6,6,1,-1,-1,1598,1,15,TOYOTA COROLLA,-1,-1,0,-1
2021461103656,2021,461103656,4,9,0,18,19,3,7,0,0,0,1,0,0,0,2,1,5,6,1,44,7,2231,2,12,TOYOTA COROLLA,10,E01016145,0,-1
2021010343638,2021,010343638,2,9,0,99,99,9,9,99,99,0,9,99,9,99,2,9,6,6,3,-1,-1,1798,8,2,TOYOTA COROLLA,9,E01001379,0,-1
2021010290531,2021,010290531,1,9,0,4,4,1,5,0,0,1,0,0,0,0,1,1,1,1,1,30,6,1332,1,22,TOYOTA COROLLA,2,E01004089,0,-1
2021421037903,2021,421037903,1,9,0,18,19,8,4,0,0,2,0,0,0,0,0,1,6,6,2,55,8,1798,8,1,TOYOTA COROLLA,8,E01021795,0,-1
2021622100987,2021,622100987,3,9,0,3,3,8,4,0,0,1,0,0,0,0,1,1,6,6,2,33,6,1798,8,1,TOYOTA COROLLA,9,W01001104,0,-1
2021201083249,2021,201083249,1,9,0,9,9,7,6,0,0,6,0,0,0,0,3,1,6,6,2,-1,-1,1794,1,12,TOYOTA COROLLA,5,E01030174,0,-1
2021010313616,2021,010313616,1,9,0,1,1,3,7,9,9,0,0,0,7,4,1,1,6,6,2,63,9,1798,8,1,TOYOTA COROLLA,3,E01000929,0,-1
2021471060785,2021,471060785,1,9,0,9,9,7,5,0,0,6,0,0,0,0,1,1,5,6,1,85,11,1798,8,0,TOYOTA COROLLA,6,E01031352,0,-1
202163B008321,2021,63B008321,1,9,0,16,19,5,8,0,0,0,0,0,7,10,1,1,6,6,1,22,5,1796,1,19,TOYOTA COROLLA,5,W01000542,0,-1
2021010302797,2021,010302797,1,9,0,4,4,3,7,0,0,1,0,0,0,0,1,1,2,2,1,70,10,1798,8,1,TOYOTA COROLLA,3,E01004590,0,-1
2021131113912,2021,131113912,2,9,0,18,19,1,5,0,0,1,1,0,0,0,4,1,6,6,1,54,8,1598,1,15,TOYOTA COROLLA,1,E01011360,0,-1
2021010306508,2021,010306508,1,9,0,6,6,1,1,0,0,8,0,0,0,0,3,9,6,6,1,23,5,1598,1,14,TOYOTA COROLLA,4,E01003440,0,-1
2021351096311,2021,351096311,4,9,0,4,4,6,2,0,0,0,0,0,0,0,1,1,6,6,1,64,9,1798,8,0,TOYOTA COROLLA,6,E01029907,0,-1
2021010314741,2021,010314741,1,9,0,18,19,7,3,0,0,0,0,0,0,0,1,1,6,6,2,44,7,1598,1,17,TOYOTA COROLLA,1,E01004304,0,-1
2021451015700,2021,451015700,2,9,0,9,9,7,5,0,0,8,0,0,0,0,1,1,6,6,2,38,7,1598,1,16,TOYOTA COROLLA,5,E01030739,0,-1
20211383A0406,2021,1383A0406,1,9,0,9,9,4,2,0,0,6,0,0,0,0,3,1,6,6,1,59,9,1987,8,1,TOYOTA COROLLA,4,E01011799,0,-1
2021501129841,2021,501129841,1,9,0,7,7,7,3,0,0,6,0,0,0,0,1,1,1,1,1,50,8,1798,8,2,TOYOTA COROLLA,8,E01019930,0,-1
2021991137498,2021,991137498,1,9,0,5,5,3,6,0,0,2,0,0,0,0,1,1,5,6,1,68,10,1794,1,13,TOYOTA COROLLA,9,-1,0,-1
2021401087128,2021,401087128,1,9,0,18,19,1,5,0,0,8,0,0,0,0,4,1,6,6,2,43,7,2231,2,15,TOYOTA COROLLA,4,E01015804,0,-1
2021010305108,2021,010305108,1,9,0,9,9,3,1,0,0,5,0,0,0,0,4,1,6,6,1,33,6,1796,1,18,TOYOTA COROLLA,8,E01003455,0,-1
2021231061641,2021,231061641,4,9,0,3,3,3,7,0,0,0,0,0,0,0,2,1,6,6,1,23,5,1798,8,1,TOYOTA COROLLA,10,E01014930,0,-1
2021101061297,2021,101061297,2,9,0,18,19,5,1,0,0,1,0,0,0,0,3,1,6,6,1,27,6,1398,1,17,TOYOTA COROLLA,-1,-1,0,-1
2021471076954,2021,471076954,1,9,0,18,19,6,2,0,0,0,0,0,0,0,1,1,5,6,1,55,8,1398,1,17,TOYOTA COROLLA,6,E01020960,0,-1
2021421024412,2021,421024412,2,9,0,17,19,7,3,0,0,0,2,0,1,11,3,1,6,6,1,36,7,1598,1,19,TOYOTA COROLLA,3,E01003569,0,-1
2021010320036,2021,010320036,1,9,0,9,9,1,7,0,0,8,0,0,0,0,1,2,1,1,1,63,9,1798,8,2,TOYOTA COROLLA,6,E01002957,0,-1
2021010341640,2021,010341640,2,9,0,99,99,9,9,99,99,9,9,99,9,99,1,9,6,6,3,26,6,1398,1,18,TOYOTA COROLLA,1,E01002751,0,-1
2021010302710,2021,010302710,2,8,0,18,19,7,3,99,99,0,9,99,0,0,1,9,6,6,1,30,6,1798,8,2,TOYOTA COROLLA,3,E01004575,0,-1
2021552101121,2021,552101121,1,9,0,9,9,6,4,0,0,6,1,0,0,0,1,1,3,7,1,37,7,1398,1,18,TOYOTA COROLLA,7,E01015450,0,-1
2021421040032,2021,421040032,2,9,0,5,5,5,1,0,0,0,1,0,0,0,2,1,5,6,1,78,11,1798,1,13,TOYOTA COROLLA,6,E01021796,0,-1
2021430505475,2021,430505475,1,9,0,16,19,6,1,0,0,0,0,0,0,0,1,1,6,6,1,31,6,1798,8,0,TOYOTA COROLLA,6,E01017852,0,-1
2021361117029,2021,361117029,2,9,0,18,19,7,4,0,0,1,0,0,0,0,1,1,5,6,2,24,5,1794,1,19,TOYOTA COROLLA,8,E01026434,0,-1
2021201059549,2021,201059549,1,9,0,9,9,1,8,0,0,6,0,0,0,0,1,1,6,6,3,-1,-1,1398,1,17,TOYOTA COROLLA,-1,-1,0,-1
2021411018739,2021,411018739,1,9,0,3,3,5,1,0,0,1,0,0,0,0,2,1,5,6,1,48,8,2231,2,12,TOYOTA COROLLA,5,E01023869,0,-1
2021010342910,2021,010342910,1,9,0,5,5,2,6,0,0,4,0,0,0,0,1,1,6,6,2,61,9,1598,1,15,TOYOTA COROLLA,-1,-1,0,-1
2021041015100,2021,041015100,1,9,0,9,9,1,5,0,0,8,0,0,0,0,1,1,1,1,1,59,9,2231,2,13,TOYOTA COROLLA,8,E01012612,0,-1
2021122100173,2021,122100173,1,9,0,18,19,4,8,0,0,0,0,0,7,4,1,1,6,6,1,77,11,1798,8,1,TOYOTA COROLLA,-1,-1,0,-1
2021221059730,2021,221059730,2,9,0,10,10,7,5,0,0,8,0,0,7,0,2,1,5,6,1,65,9,1987,8,1,TOYOTA COROLLA,5,E01014023,0,-1
2021061092982,2021,061092982,2,9,0,18,19,1,1,0,0,1,0,0,0,0,3,1,6,6,1,48,8,1798,8,1,TOYOTA COROLLA,-1,-1,0,-1
2021430534968,2021,430534968,2,8,0,10,10,5,3,0,0,1,0,0,0,0,2,1,1,1,1,40,7,1798,8,2,TOYOTA COROLLA,7,E01016840,0,-1
2021161124774,2021,161124774,1,9,0,18,19,8,4,0,0,0,0,0,0,0,1,1,5,6,1,54,8,1798,8,0,TOYOTA COROLLA,7,E01013096,0,-1
2021421074839,2021,421074839,2,9,0,18,19,1,5,0,0,8,0,0,0,0,3,1,2,2,1,50,8,1598,1,16,TOYOTA COROLLA,3,E01021687,0,-1
2021471077065,2021,471077065,2,9,0,18,19,7,3,0,0,0,0,0,0,0,1,1,5,6,1,47,8,2231,2,14,TOYOTA COROLLA,4,E01031786,0,-1
2021430301704,2021,430301704,1,9,0,5,5,3,7,0,0,6,0,0,0,0,2,1,6,6,1,24,5,1398,1,19,TOYOTA COROLLA,-1,-1,0,-1
2021010322913,2021,010322913,1,9,0,99,99,9,9,99,99,9,9,99,9,99,9,9,6,6,1,83,11,1598,1,18,TOYOTA COROLLA,4,E01003530,0,-1
2021010300422,2021,010300422,1,9,0,5,5,1,5,0,0,6,0,0,0,0,1,1,6,6,1,30,6,1987,8,1,TOYOTA COROLLA,2,E01001438,0,-1
2021201077806,2021,201077806,1,9,0,9,9,1,7,0,0,6,0,0,0,0,3,1,6,6,3,58,9,1598,1,20,TOYOTA COROLLA,1,E01033647,0,-1
2021041128314,2021,041128314,1,9,0,9,9,4,2,0,0,8,0,0,0,0,1,1,6,6,1,76,11,1798,8,2,TOYOTA COROLLA,9,E01025441,0,-1
2021010333393,2021,010333393,1,9,3,99,99,9,9,99,99,9,9,99,9,99,2,9,6,6,1,58,9,1398,1,18,TOYOTA COROLLA,3,E01003567,0,-1
2021010331975,2021,010331975,1,9,0,5,5,7,3,0,0,3,0,10,1,0,1,1,6,6,2,41,7,1794,1,12,TOYOTA COROLLA,3,E01001759,0,-1
2021461085196,2021,461085196,2,9,0,5,5,1,5,0,0,0,0,0,0,0,1,1,5,6,2,26,6,1798,8,0,TOYOTA COROLLA,6,E01023988,0,-1
2021061097791,2021,061097791,2,9,0,18,19,1,5,0,0,0,0,0,0,0,1,1,6,6,2,35,6,1794,1,15,TOYOTA COROLLA,2,E01005460,0,-1
2021010291837,2021,010291837,1,9,0,18,19,1,5,0,0,3,0,0,2,7,3,1,6,6,1,33,6,1398,1,16,TOYOTA COROLLA,3,E01003769,0,-1
2021411079826,2021,411079826,1,9,0,18,19,2,6,0,0,0,0,0,0,0,1,1,6,6,1,44,7,1398,1,20,TOYOTA COROLLA,7,E01023809,0,-1
2021010327897,2021,010327897,1,9,0,10,10,7,4,5,5,6,0,0,0,0,1,1,6,6,1,38,7,1598,1,19,TOYOTA COROLLA,2,E01000072,0,-1
2021010345674,2021,010345674,2,9,0,99,99,9,9,99,99,9,9,99,9,99,4,9,6,6,3,-1,-1,2231,2,14,TOYOTA COROLLA,2,E01001316,0,-1
2021010297467,2021,010297467,2,9,0,18,19,6,2,0,0,1,0,0,0,0,2,1,6,6,1,42,7,1794,1,13,TOYOTA COROLLA,4,E01000980,0,-1
202106Q079394,2021,06Q079394,2,9,0,18,19,1,5,0,0,1,0,0,0,0,1,1,6,6,1,23,5,1995,2,16,TOYOTA COROLLA,1,E01005321,0,-1
2021471029714,2021,471029714,1,9,0,5,5,1,5,0,0,6,0,0,0,0,1,1,5,6,2,47,8,1398,1,16,TOYOTA COROLLA,3,E01031360,0,-1
2021622100995,2021,622100995,1,9,0,18,19,2,6,0,0,2,0,0,0,0,1,1,6,6,1,64,9,2231,2,15,TOYOTA COROLLA,1,W01001698,0,-1
2021522105882,2021,522105882,2,9,0,6,6,1,1,2,2,0,0,0,0,0,3,1,6,6,2,30,6,1794,1,14,TOYOTA COROLLA,-1,-1,0,-1
2021061029496,2021,061029496,1,9,0,18,19,8,4,0,0,2,0,0,0,0,3,1,6,6,1,55,8,1398,1,18,TOYOTA COROLLA,1,E01032921,0,-1
2021111072879,2021,111072879,1,9,0,17,19,1,7,0,0,2,0,0,0,0,3,1,6,6,1,50,8,2231,2,13,TOYOTA COROLLA,1,E01012354,0,-1
2021010347408,2021,010347408,2,9,0,99,99,9,9,99,99,0,9,99,9,99,1,9,6,6,3,-1,-1,1598,1,16,TOYOTA COROLLA,-1,-1,0,-1
2021010343808,2021,010343808,2,9,0,99,99,9,9,99,99,9,9,99,9,99,9,9,6,6,3,47,8,1598,1,15,TOYOTA COROLLA,5,E01001658,0,-1
2021440290484,2021,440290484,2,9,0,7,7,1,3,0,0,8,0,0,0,0,1,1,6,6,3,53,8,1987,8,0,TOYOTA COROLLA,10,E01023231,0,-1
2021361117793,2021,361117793,1,9,0,9,9,4,2,0,0,8,0,0,0,0,3,1,5,6,2,42,7,2231,2,15,TOYOTA COROLLA,8,E01026530,0,-1
2021131047138,2021,131047138,2,9,0,5,5,1,5,0,0,0,0,0,0,0,1,1,3,7,1,51,8,1598,1,15,TOYOTA COROLLA,1,E01010742,0,-1
2021451013009,2021,451013009,1,2,0,7,7,2,6,0,0,5,1,0,0,0,0,1,2,2,1,16,4,49,1,1,-1,10,E01030796,0,-1
2021471082558,2021,471082558,1,9,0,18,19,3,7,0,0,1,0,0,0,0,1,1,6,6,1,-1,-1,4163,1,13,AUDI R8,-1,-1,0,-1
2021421018037,2021,421018037,1,9,0,18,19,6,2,0,0,0,0,0,7,0,1,1,2,2,1,47,8,4163,1,12,AUDI R8,8,E01022091,0,-1
2021010305691,2021,010305691,1,9,0,18,19,5,1,0,0,8,0,0,0,0,1,2,6,6,1,46,8,5204,1,3,AUDI R8,10,E01031948,0,-1
2021201125725,2021,201125725,1,9,0,18,19,5,1,0,0,1,0,4,0,0,1,1,6,6,1,34,6,5204,1,4,AUDI R8,2,E01009383,0,-1
2021010327402,2021,010327402,2,9,0,99,99,9,9,99,99,9,9,99,9,99,2,9,6,6,1,30,6,5204,1,5,AUDI R8,2,E01033085,0,-1
2021401011513,2021,401011513,1,9,0,18,19,5,1,0,0,0,0,11,0,0,3,1,5,6,1,50,8,5204,1,3,AUDI R8,2,E01009342,0,-1
2021991097300,2021,991097300,2,9,0,18,19,5,1,0,0,8,0,0,0,0,1,1,6,6,1,38,7,4163,1,12,AUDI R8,-1,-1,0,-1
2021231125312,2021,231125312,1,9,0,18,19,8,1,0,0,0,0,0,0,0,1,1,5,6,1,24,5,5204,1,12,AUDI R8,10,E01010181,0,-1
2021201075846,2021,201075846,1,9,0,18,19,2,6,0,0,0,1,6,1,10,1,1,6,6,1,33,6,5204,1,12,AUDI R8,2,E01010335,0,-1
2021061059421,2021,061059421,2,9,0,17,19,2,7,0,0,0,0,0,0,0,3,1,6,6,1,48,8,4163,1,6,AUDI R8,9,E01004837,0,-1
2021201086168,2021,201086168,2,9,0,18,19,8,4,0,0,8,0,0,0,0,1,1,6,6,2,59,9,998,1,6,CITROEN C1,4,E01009236,0,-1
2021622100464,2021,622100464,2,9,0,4,4,8,4,0,0,1,0,0,0,0,2,1,6,6,2,21,5,998,1,11,CITROEN C1,2,W01001325,0,-1
2021471043155,2021,471043155,2,9,0,3,3,7,3,0,0,4,0,0,0,0,2,1,6,6,2,37,7,998,1,8,CITROEN C1,1,E01031427,0,-1
2021471044838,2021,471044838,2,9,0,18,19,8,4,0,0,0,0,0,0,0,1,1,2,2,2,24,5,998,1,5,CITROEN C1,7,E01021212,0,-1
2021141035676,2021,141035676,1,9,0,9,9,3,8,0,0,8,0,0,0,0,4,1,2,2,2,21,5,998,1,12,CITROEN C1,7,E01007867,0,-1
2021421062519,2021,421062519,1,9,0,18,19,5,1,0,0,0,1,0,1,0,1,1,6,6,1,22,5,998,1,11,CITROEN C1,2,E01033587,0,-1
2021070764810,2021,070764810,1,9,0,9,9,3,1,0,0,6,0,0,0,0,3,1,6,6,2,23,5,998,1,11,CITROEN C1,4,E01005850,0,-1
2021010316809,2021,010316809,2,9,0,99,99,9,9,99,99,9,9,99,9,99,1,9,6,6,2,24,5,1200,1,6,CITROEN C1,4,E01001469,0,-1
202131A078221,2021,31A078221,2,9,0,18,19,4,8,0,0,0,0,0,0,0,1,1,6,6,1,22,5,998,1,8,CITROEN C1,7,E01027988,0,-1
2021141057254,2021,141057254,2,9,0,7,7,5,7,0,0,1,1,0,3,0,1,1,5,6,2,18,4,998,1,9,CITROEN C1,1,E01007735,0,-1
202163A100321,2021,63A100321,1,9,0,18,19,8,4,0,0,0,5,0,1,10,1,1,2,2,2,18,4,998,1,14,CITROEN C1,6,W01000716,0,-1
2021101041351,2021,101041351,1,9,0,11,11,7,3,0,0,7,0,0,0,0,1,1,6,6,2,88,11,998,1,5,CITROEN C1,9,E01008444,0,-1
2021430300435,2021,430300435,2,9,0,13,13,2,6,0,0,0,0,0,0,0,1,1,6,6,2,19,4,998,1,14,CITROEN C1,4,E01017902,0,-1
2021052102013,2021,052102013,1,9,0,9,9,4,2,0,0,6,0,0,0,0,1,1,6,6,2,23,5,998,1,13,CITROEN C1,1,E01007275,0,-1
2021622100272,2021,622100272,3,9,0,2,2,0,0,0,0,0,0,0,0,0,2,1,6,6,3,-1,-1,998,1,5,CITROEN C1,-1,-1,0,-1
202163A014321,2021,63A014321,3,9,0,18,19,4,8,0,0,1,0,0,0,0,4,1,6,6,2,58,9,998,1,6,CITROEN C1,7,W01000735,0,-1
2021552100924,2021,552100924,1,9,0,9,9,1,7,0,0,8,0,0,0,0,1,1,6,6,2,17,4,998,1,7,CITROEN C1,7,E01020507,0,-1