collision_index,collision_year,collision_ref_no,vehicle_reference,vehicle_type,towing_and_articulation,vehicle_manoeuvre_historic,vehicle_manoeuvre,vehicle_direction_from,vehicle_direction_to,vehicle_location_restricted_lane_historic,vehicle_location_restricted_lane,junction_location,skidding_and_overturning,hit_object_in_carriageway,vehicle_leaving_carriageway,hit_object_off_carriageway,first_point_of_impact,vehicle_left_hand_drive,journey_purpose_of_driver_historic,journey_purpose_of_driver,sex_of_driver,age_of_driver,age_band_of_driver,engine_capacity_cc,propulsion_code,age_of_vehicle,generic_make_model,driver_imd_decile,lsoa_of_driver,escooter_flag,driver_distance_banding
2021461055372,2021,461055372,2,9,0,18,19,8,4,0,0,0,0,0,0,0,2,1,6,6,2,-1,-1,1200,1,3,CITROEN C1,7,E01000786,0,-1
2021361058065,2021,361058065,1,9,0,1,1,4,8,9,9,0,0,0,0,0,2,1,1,1,2,37,7,998,1,14,CITROEN C1,3,E01026775,0,-1
2021471094334,2021,471094334,2,9,0,4,4,8,4,0,0,0,0,0,0,0,2,1,5,6,2,64,9,998,1,12,CITROEN C1,4,E01031809,0,-1
2021061113937,2021,061113937,1,9,0,9,9,8,5,0,0,8,0,0,0,0,1,1,5,6,1,20,4,998,1,9,CITROEN C1,6,E01005801,0,-1
2021440133912,2021,440133912,3,9,0,18,19,7,3,0,0,0,0,0,0,0,2,1,6,6,2,55,8,1200,1,5,CITROEN C1,10,E01022744,0,-1
2021501049231,2021,501049231,1,9,0,18,19,3,7,0,0,0,0,0,1,0,1,1,6,6,1,39,7,998,1,3,CITROEN C1,8,E01033294,0,-1
2021320367525,2021,320367525,1,9,0,18,19,6,2,0,0,0,0,0,1,9,1,1,6,6,1,50,8,998,1,4,CITROEN C1,3,E01026017,0,-1
2021991051970,2021,991051970,1,9,0,18,19,3,7,0,0,1,0,0,0,0,4,1,2,2,2,23,5,998,1,9,CITROEN C1,7,-1,0,-1
2021522101895,2021,522101895,2,9,0,9,9,1,7,0,0,6,0,0,0,0,4,1,6,6,2,19,4,998,1,3,CITROEN C1,10,E01014930,0,-1
2021201138903,2021,201138903,2,9,0,18,19,6,2,0,0,8,0,0,0,0,1,1,6,6,2,40,7,998,1,14,CITROEN C1,2,E01010077,0,-1
202131D003021,2021,31D003021,2,9,0,18,19,8,4,0,0,0,0,7,0,0,1,1,6,6,2,22,5,998,1,9,CITROEN C1,7,E01019656,0,-1
2021531105837,2021,531105837,1,9,0,9,9,2,7,9,9,1,1,0,1,11,1,1,5,6,2,22,5,998,1,13,CITROEN C1,8,E01022101,0,-1
2021302101149,2021,302101149,1,9,0,17,19,2,6,0,0,0,0,0,1,11,1,1,1,1,2,39,7,998,1,11,CITROEN C1,6,E01008030,0,-1
202134NNC2251,2021,34NNC2251,2,9,0,18,19,8,4,0,0,8,1,0,1,1,3,1,6,6,2,25,5,998,1,9,CITROEN C1,9,E01027042,0,-1
2021201105215,2021,201105215,1,9,0,18,19,5,1,0,0,0,0,0,0,0,1,1,6,6,2,48,8,998,1,6,CITROEN C1,6,E01009731,0,-1
202134WNC0561,2021,34WNC0561,2,9,0,12,12,7,3,0,0,0,0,0,0,0,2,1,6,6,2,56,9,998,1,8,CITROEN C1,-1,-1,0,-1
2021522104440,2021,522104440,2,9,0,18,19,5,1,0,0,8,0,0,0,0,1,1,6,6,2,21,5,1200,1,5,CITROEN C1,9,E01026273,0,-1
2021501090345,2021,501090345,1,9,0,16,19,7,3,0,0,1,0,0,7,0,1,1,5,6,1,20,4,998,1,11,CITROEN C1,3,E01015060,0,-1
202163B104121,2021,63B104121,1,9,0,18,19,4,8,0,0,0,2,0,2,10,1,1,1,1,2,22,5,998,1,13,CITROEN C1,7,E01025807,0,-1
2021041143487,2021,041143487,2,9,0,9,9,8,2,0,0,1,0,0,0,0,1,1,2,2,2,52,8,998,1,9,CITROEN C1,4,E01025170,0,-1
2021161061780,2021,161061780,1,9,0,18,19,4,8,0,0,1,0,0,0,0,1,1,1,1,2,71,10,998,1,3,CITROEN C1,7,E01013018,0,-1
2021471023227,2021,471023227,4,9,0,2,2,0,0,0,0,0,0,0,0,0,4,1,6,6,3,-1,-1,998,1,7,CITROEN C1,-1,-1,0,-1
2021161088914,2021,161088914,1,9,0,9,9,3,7,0,0,8,0,0,0,0,4,1,2,2,2,24,5,998,1,12,CITROEN C1,1,E01012948,0,-1
2021041048474,2021,041048474,1,9,0,9,9,3,5,0,0,6,0,0,0,0,1,1,5,6,2,75,10,998,1,7,CITROEN C1,7,E01025231,0,-1
2021471073086,2021,471073086,1,9,0,16,19,8,2,0,0,0,1,10,1,11,2,1,5,6,2,22,5,998,1,10,CITROEN C1,5,E01032428,0,-1
2021520104881,2021,520104881,1,9,0,18,19,2,6,0,0,0,0,0,6,0,1,1,6,6,2,24,5,998,1,8,CITROEN C1,5,E01032629,0,-1
2021461074840,2021,461074840,1,9,0,16,19,2,6,0,0,0,2,10,8,0,3,1,6,6,1,26,6,998,1,9,CITROEN C1,9,E01024256,0,-1
2021070541254,2021,070541254,1,9,0,17,19,3,7,0,0,0,1,0,7,4,1,1,6,6,1,20,4,998,1,14,CITROEN C1,7,E01018742,0,-1
2021221055670,2021,221055670,2,9,0,3,3,1,5,0,0,1,0,0,0,0,2,1,1,1,2,34,6,998,1,4,CITROEN C1,3,E01014156,0,-1
2021522103249,2021,522103249,2,9,0,4,4,5,1,0,0,0,1,0,0,0,1,1,6,6,2,75,10,998,1,11,CITROEN C1,7,E01010644,0,-1
2021221036838,2021,221036838,2,9,0,16,19,7,1,0,0,0,1,0,1,0,3,1,5,6,1,25,5,998,1,16,CITROEN C1,9,E01033378,0,-1
2021111044540,2021,111044540,2,9,0,5,5,7,3,0,0,8,0,0,0,0,3,1,5,6,1,38,7,998,1,11,CITROEN C1,2,E01012357,0,-1
2021320624098,2021,320624098,1,9,0,16,19,5,1,0,0,0,1,10,7,0,1,1,6,6,1,19,4,998,1,13,CITROEN C1,1,E01013136,0,-1
2021131094322,2021,131094322,2,9,0,9,9,3,7,0,0,8,0,0,0,0,1,1,5,6,1,23,5,998,1,14,CITROEN C1,2,E01032607,0,-1
2021061134432,2021,061134432,2,9,0,4,4,4,8,0,0,0,0,0,0,0,2,1,5,6,2,20,4,998,1,13,CITROEN C1,1,E01005826,0,-1
2021440225673,2021,440225673,1,9,0,9,9,4,2,0,0,8,0,0,0,0,1,1,1,1,2,54,8,1199,1,7,CITROEN C1,9,E01022610,0,-1
2021231071847,2021,231071847,2,9,0,18,19,8,4,0,0,8,5,0,7,9,4,1,6,6,2,23,5,998,1,11,CITROEN C1,5,E01031190,0,-1
202131C053421,2021,31C053421,2,9,0,18,19,8,4,0,0,2,0,0,1,0,1,1,1,1,2,41,7,998,1,7,CITROEN C1,1,E01013822,0,-1
2021471111779,2021,471111779,1,9,0,18,19,3,7,0,0,0,0,0,0,0,1,1,5,6,1,19,4,1398,2,15,CITROEN C1,4,E01031833,0,-1
2021221019090,2021,221019090,1,9,0,17,19,4,1,0,0,0,2,0,2,9,4,1,5,6,2,25,5,998,1,5,CITROEN C1,7,E01028950,0,-1
2021141077097,2021,141077097,1,9,0,18,19,1,5,0,0,0,0,4,0,0,1,1,2,2,1,40,7,998,1,12,CITROEN C1,1,E01007318,0,-1
2021302101538,2021,302101538,1,9,0,3,3,2,6,0,0,0,0,0,0,0,2,1,6,6,2,64,9,998,1,0,CITROEN C1,5,E01019532,0,-1
2021161017857,2021,161017857,2,9,0,9,9,5,1,0,0,5,0,0,0,0,1,1,5,6,2,19,4,998,1,7,CITROEN C1,4,E01012896,0,-1
2021041054978,2021,041054978,1,9,0,18,19,5,1,0,0,2,0,0,0,0,1,1,6,6,2,35,6,998,1,10,CITROEN C1,1,E01024898,0,-1
2021430415109,2021,430415109,2,9,0,9,9,1,7,0,0,8,0,0,0,0,4,1,6,6,1,20,4,998,1,10,CITROEN C1,8,E01016748,0,-1
202163A035721,2021,63A035721,1,9,0,9,9,8,5,0,0,5,0,0,0,0,1,1,6,6,2,61,9,1200,1,3,CITROEN C1,4,W01000730,0,-1
2021421027148,2021,421027148,4,9,0,2,2,0,0,6,6,0,0,0,0,0,1,1,6,6,3,-1,-1,998,1,7,CITROEN C1,-1,-1,0,-1
2021552100230,2021,552100230,1,9,0,5,5,5,8,0,0,4,0,0,0,0,1,1,6,6,2,76,11,998,1,7,CITROEN C1,8,E01015319,0,-1
2021010340253,2021,010340253,2,9,0,8,8,8,1,0,0,1,0,0,0,0,1,1,2,2,1,87,11,998,1,8,CITROEN C1,2,E01003299,0,-1
2021520103250,2021,520103250,1,9,0,18,19,8,4,0,0,0,0,0,0,0,3,1,6,6,2,20,4,998,1,11,CITROEN C1,1,E01029046,0,-1
2021440275103,2021,440275103,3,9,0,18,19,2,6,0,0,0,0,0,0,0,1,1,6,6,2,34,6,1200,1,5,CITROEN C1,9,E01032849,0,-1
2021010322908,2021,010322908,2,9,0,99,99,9,9,99,99,0,9,99,9,99,9,9,6,6,3,55,8,998,1,12,CITROEN C1,2,E01004423,0,-1
2021201076211,2021,201076211,1,9,0,18,19,5,1,0,0,0,0,0,0,0,1,1,1,1,1,51,8,998,1,8,CITROEN C1,1,E01033187,0,-1
2021010332881,2021,010332881,1,9,0,5,5,1,5,0,0,1,0,0,0,0,1,1,2,2,2,20,4,998,1,13,CITROEN C1,4,E01001711,0,-1
2021221111653,2021,221111653,1,9,0,16,19,3,6,0,0,0,5,10,7,4,1,1,5,6,2,17,4,998,1,13,CITROEN C1,7,E01014007,0,-1
2021122100671,2021,122100671,1,9,0,17,19,2,6,0,0,0,0,0,7,11,1,1,2,2,2,21,5,998,1,1,CITROEN C1,8,E01027691,0,-1
2021471083649,2021,471083649,2,9,0,9,9,8,6,0,0,0,0,0,0,0,2,1,2,2,1,22,5,998,1,7,CITROEN C1,6,E01021117,0,-1
2021501036715,2021,501036715,1,9,0,5,5,1,5,0,0,8,0,0,0,0,1,1,5,6,2,40,7,998,1,15,CITROEN C1,7,E01015127,0,-1
202134WNC3411,2021,34WNC3411,1,9,0,9,9,5,1,0,0,8,1,0,6,1,1,1,6,6,1,78,11,998,1,8,CITROEN C1,7,E01027299,0,-1
2021622100638,2021,622100638,2,9,0,18,19,2,6,0,0,0,0,0,0,0,2,1,6,6,2,49,8,998,1,6,CITROEN C1,4,W01000948,0,-1
2021501098505,2021,501098505,1,9,0,1,1,6,2,0,0,0,0,0,0,0,2,1,6,6,3,-1,-1,998,1,2,CITROEN C1,-1,-1,0,-1
2021461062024,2021,461062024,1,9,0,18,19,7,3,0,0,0,0,0,0,0,1,1,6,6,2,67,10,998,1,6,CITROEN C1,5,E01024198,0,-1
2021552100236,2021,552100236,3,9,0,18,19,3,7,0,0,0,0,0,0,0,2,1,2,2,2,27,6,998,1,11,CITROEN C1,1,E01015279,0,-1
2021170L10051,2021,170L10051,1,9,0,18,19,2,6,0,0,0,1,0,0,0,4,1,2,2,1,21,5,998,1,11,CITROEN C1,5,E01012185,0,-1
202131A147021,2021,31A147021,1,9,0,18,19,1,5,0,0,0,0,4,0,0,1,1,6,6,1,86,11,998,1,12,CITROEN C1,4,E01027950,0,-1
2021451061037,2021,451061037,2,9,0,7,7,1,5,0,0,1,0,0,0,0,0,1,2,2,2,23,5,998,1,5,CITROEN C1,10,E01003825,0,-1
2021010299360,2021,010299360,1,9,0,9,9,7,4,0,0,1,0,0,0,0,3,1,1,1,1,24,5,998,1,1,CITROEN C1,2,E01001477,0,-1
2021430559443,2021,430559443,1,9,0,9,9,8,6,0,0,5,0,0,0,0,1,1,6,6,2,18,4,998,1,10,CITROEN C1,4,E01016453,0,-1
2021461073873,2021,461073873,3,9,0,3,3,7,1,0,0,1,0,0,0,0,1,1,6,6,2,23,5,998,1,5,CITROEN C1,6,E01024847,0,-1
2021122100715,2021,122100715,3,9,0,18,19,1,5,0,0,1,0,0,0,0,1,1,6,6,2,34,6,1200,1,5,CITROEN C1,6,E01027851,0,-1
2021131033851,2021,131033851,1,9,0,4,4,7,3,0,0,0,0,0,0,0,2,1,5,6,2,65,9,998,1,9,CITROEN C1,8,E01011244,0,-1
2021430263561,2021,430263561,1,9,0,18,19,7,3,0,0,0,0,0,0,0,3,1,6,6,2,20,4,998,1,6,CITROEN C1,2,E01017707,0,-1
2021622100965,2021,622100965,1,9,0,18,19,5,1,0,0,1,0,0,0,0,1,1,1,1,2,41,7,1200,1,5,CITROEN C1,10,W01001956,0,-1
202106J079889,2021,06J079889,2,9,0,18,19,1,5,0,0,8,0,0,0,0,1,1,6,6,3,30,6,1200,1,4,CITROEN C1,-1,-1,0,-1
2021131054822,2021,131054822,1,9,0,18,19,4,8,0,0,1,0,0,0,0,1,1,6,6,3,-1,-1,998,1,15,CITROEN C1,-1,-1,0,-1
2021131067754,2021,131067754,1,9,0,18,19,3,7,0,0,8,0,0,0,0,1,1,6,6,2,27,6,998,1,3,CITROEN C1,2,E01011502,0,-1
2021201065665,2021,201065665,2,9,0,5,5,8,2,0,0,4,0,0,0,0,2,1,6,6,2,32,6,998,1,6,CITROEN C1,10,E01031101,0,-1
2021461097847,2021,461097847,2,9,0,18,19,1,5,0,0,0,0,0,0,0,1,1,6,6,2,22,5,1199,1,6,CITROEN C1,7,E01024252,0,-1
2021552100963,2021,552100963,1,9,0,5,5,7,3,0,0,4,0,0,0,0,3,1,2,2,1,41,7,998,1,6,CITROEN C1,4,E01015365,0,-1
2021501150243,2021,501150243,2,9,0,18,19,7,3,0,0,0,0,0,0,0,3,1,5,6,2,21,5,1398,2,13,CITROEN C1,1,E01007870,0,-1
2021070511762,2021,070511762,1,9,0,18,19,3,7,0,0,1,0,0,0,0,1,1,6,6,2,33,6,998,1,13,CITROEN C1,10,E01018588,0,-1
2021170H10431,2021,170H10431,1,9,0,7,7,3,5,0,0,8,0,0,0,0,4,1,6,6,2,30,6,998,1,2,CITROEN C1,1,E01011953,0,-1
2021991025784,2021,991025784,2,9,0,18,19,7,3,0,0,1,0,0,0,0,1,1,2,2,2,47,8,998,1,6,CITROEN C1,2,-1,0,-1
2021991065893,2021,991065893,1,9,0,10,10,4,2,0,0,6,0,0,0,0,1,1,6,6,1,30,6,998,1,15,CITROEN C1,2,-1,0,-1
2021501130072,2021,501130072,1,9,0,18,19,1,5,0,0,1,0,0,0,0,1,1,5,6,2,81,11,998,1,12,CITROEN C1,6,E01018858,0,-1
2021361034705,2021,361034705,1,9,0,5,5,6,2,0,0,0,1,0,3,0,3,1,5,6,2,20,4,998,1,14,CITROEN C1,4,E01026458,0,-1
2021131043741,2021,131043741,1,9,0,17,19,3,7,0,0,1,0,7,7,10,-1,1,6,6,1,41,7,998,1,15,CITROEN C1,-1,-1,0,-1
2021111035986,2021,111035986,1,9,0,7,7,1,3,0,0,2,0,0,0,0,3,1,2,2,2,24,5,998,1,13,CITROEN C1,-1,-1,0,-1
2021101061868,2021,101061868,2,9,0,18,19,3,7,0,0,8,0,0,0,0,4,1,5,6,2,20,4,998,1,8,CITROEN C1,1,E01008730,0,-1
2021041137652,2021,041137652,2,9,5,18,19,5,1,0,0,1,0,0,0,0,4,1,6,6,2,19,4,1200,1,3,CITROEN C1,9,E01025553,0,-1
2021302100180,2021,302100180,1,9,0,15,15,8,4,0,0,0,0,4,0,0,1,1,6,6,1,23,5,998,1,5,CITROEN C1,8,E01019764,0,-1
2021141048634,2021,141048634,2,9,0,18,19,7,4,0,0,8,0,0,0,0,1,1,5,6,1,61,9,998,1,14,CITROEN C1,6,E01008003,0,-1
2021221073681,2021,221073681,1,9,0,17,19,7,4,0,0,0,2,0,8,10,1,1,5,6,2,24,5,998,1,9,CITROEN C1,5,E01029011,0,-1
2021041131064,2021,041131064,2,9,0,18,19,1,5,0,0,1,0,0,0,0,2,1,6,6,1,23,5,998,1,10,CITROEN C1,2,E01025006,0,-1
2021991108402,2021,991108402,1,9,0,9,9,4,2,0,0,4,0,0,0,0,1,1,2,2,2,31,6,998,1,5,CITROEN C1,10,-1,0,-1
2021122101476,2021,122101476,2,9,0,3,3,3,7,0,0,1,0,0,0,0,2,1,6,6,1,25,5,998,1,9,CITROEN C1,7,E01012614,0,-1
2021122100475,2021,122100475,1,9,0,18,19,1,5,0,0,8,0,0,0,0,1,1,6,6,2,20,4,1200,1,6,CITROEN C1,8,E01027754,0,-1
2021522200456,2021,522200456,2,9,0,18,19,3,7,0,0,8,0,0,0,0,1,1,6,6,2,77,11,998,1,8,CITROEN C1,-1,-1,0,-1
2021522201395,2021,522201395,1,9,0,5,5,3,7,8,6,0,0,0,0,0,2,1,6,6,2,72,10,998,1,2,CITROEN C1,10,E01032676,0,-1
2021421103588,2021,421103588,2,9,0,4,4,2,6,0,0,0,0,0,0,0,2,1,5,6,2,63,9,998,1,6,CITROEN C1,4,E01022040,0,-1
2021451047772,2021,451047772,2,9,0,18,19,7,7,0,0,0,0,0,0,0,3,1,5,6,1,26,6,998,1,10,CITROEN C1,10,E01016671,0,-1
2021131104051,2021,131104051,1,9,0,17,19,3,7,0,0,0,0,0,2,0,1,1,2,2,2,18,4,998,1,11,CITROEN C1,10,E01011570,0,-1
2021461096719,2021,461096719,2,9,0,18,19,3,7,0,0,0,0,0,0,0,2,1,5,6,2,62,9,998,1,9,CITROEN C1,4,E01024167,0,-1
2021131071635,2021,131071635,1,9,0,9,9,7,1,0,0,0,0,0,0,0,1,1,6,6,2,26,6,998,1,9,CITROEN C1,7,E01011524,0,-1
2021141045508,2021,141045508,1,9,0,18,19,8,4,0,0,0,0,0,0,0,1,1,6,6,1,37,7,998,1,12,CITROEN C1,10,E01007430,0,-1
2021522101906,2021,522101906,2,9,0,18,19,5,1,0,0,8,0,0,0,0,1,1,6,6,2,19,4,998,1,10,CITROEN C1,10,E01031906,0,-1
2021221097283,2021,221097283,1,9,0,5,5,7,3,0,0,4,0,0,0,0,3,1,1,1,1,31,6,998,1,8,CITROEN C1,1,E01009957,0,-1
2021411023266,2021,411023266,2,9,0,3,3,3,7,0,0,0,0,0,0,0,2,1,6,6,2,55,8,998,1,7,CITROEN C1,6,E01023539,0,-1
202131B141621,2021,31B141621,1,9,0,18,19,6,2,0,0,0,0,0,0,0,1,1,6,6,2,19,4,1200,1,5,CITROEN C1,3,E01028297,0,-1
202131A138221,2021,31A138221,1,9,0,9,9,8,6,0,0,6,0,0,0,0,4,1,2,2,2,21,5,998,1,5,CITROEN C1,7,E01027984,0,-1
2021451068277,2021,451068277,2,9,0,2,2,0,0,0,0,0,0,0,0,0,4,1,6,6,3,-1,-1,998,1,6,CITROEN C1,-1,-1,0,-1
2021052100262,2021,052100262,2,9,0,18,19,5,1,0,0,1,0,10,1,11,4,1,6,6,2,18,4,998,1,7,CITROEN C1,1,E01007228,0,-1
2021041064053,2021,041064053,2,9,0,12,12,1,2,0,0,0,0,0,0,0,4,1,5,6,2,40,7,998,1,12,CITROEN C1,8,E01025280,0,-1
2021122200591,2021,122200591,1,9,0,3,3,5,1,0,0,0,0,0,0,0,2,1,6,6,2,34,6,998,1,8,CITROEN C1,6,E01027883,0,-1
2021430582096,2021,430582096,1,9,0,18,19,6,2,0,0,0,0,0,0,0,1,1,6,6,1,20,4,998,1,14,CITROEN C1,10,E01017881,0,-1
2021991049441,2021,991049441,1,9,0,18,19,4,8,0,0,0,0,0,0,0,0,1,6,6,2,43,7,998,1,9,CITROEN C1,5,-1,0,-1
2021161063348,2021,161063348,1,9,0,18,19,4,8,0,0,2,0,0,0,0,1,1,5,6,2,25,5,998,1,9,CITROEN C1,5,E01013200,0,-1
2021041052346,2021,041052346,1,9,0,9,9,1,1,0,0,3,0,0,0,0,1,1,2,2,2,25,5,998,1,11,CITROEN C1,4,E01024960,0,-1
2021361039755,2021,361039755,2,9,0,18,19,4,8,0,0,0,0,0,0,0,3,1,5,6,2,81,11,998,1,8,CITROEN C1,6,E01026535,0,-1
2021991032509,2021,991032509,1,9,0,9,9,4,3,0,0,8,0,0,0,0,1,1,6,6,2,56,9,998,1,15,CITROEN C1,2,-1,0,-1
2021201089636,2021,201089636,2,9,0,3,3,8,4,0,0,1,0,0,0,0,2,1,6,6,2,27,6,1200,1,5,CITROEN C1,1,E01009371,0,-1
2021010293684,2021,010293684,1,9,0,18,19,5,1,0,0,0,0,0,0,0,0,2,6,6,1,34,6,998,1,15,CITROEN C1,4,E01003530,0,-1
202131D138321,2021,31D138321,1,9,0,11,11,7,3,0,0,8,0,0,0,0,2,1,6,6,1,27,6,998,1,12,CITROEN C1,8,E01028172,0,-1
2021461073195,2021,461073195,1,9,0,9,9,3,7,0,0,8,0,0,0,0,3,1,5,6,2,70,10,998,1,10,CITROEN C1,4,E01024178,0,-1
2021101119776,2021,101119776,1,9,0,14,14,3,7,0,0,0,0,0,0,0,3,1,5,6,1,90,11,998,1,3,CITROEN C1,7,E01008403,0,-1
2021440037359,2021,440037359,2,9,0,2,2,0,0,0,0,0,0,0,0,0,2,1,6,6,2,26,6,998,1,8,CITROEN C1,5,E01022937,0,-1
2021991013672,2021,991013672,1,9,0,13,13,1,5,0,0,1,0,0,0,0,4,1,5,6,1,30,6,998,1,16,CITROEN C1,4,-1,0,-1
2021501069918,2021,501069918,3,9,0,3,3,7,3,0,0,3,0,0,0,0,2,1,6,6,2,76,11,998,1,7,CITROEN C1,2,E01015157,0,-1
2021122100436,2021,122100436,1,9,0,4,4,4,8,0,0,2,0,0,0,0,1,1,6,6,2,36,7,998,1,6,CITROEN C1,1,E01027819,0,-1
2021411050873,2021,411050873,1,9,0,9,9,8,3,0,0,0,0,0,0,0,3,1,2,2,2,22,5,998,1,6,CITROEN C1,4,E01015734,0,-1
2021101037148,2021,101037148,2,9,0,18,19,3,7,0,0,0,0,0,1,0,1,1,5,6,2,52,8,1200,1,5,CITROEN C1,7,E01008745,0,-1
2021501086277,2021,501086277,2,9,0,18,19,5,1,0,0,6,0,0,0,0,3,1,6,6,2,51,8,1200,1,5,CITROEN C1,6,E01015252,0,-1
2021010325775,2021,010325775,1,9,0,18,19,5,1,0,0,0,0,0,0,0,1,1,6,6,1,26,6,998,1,7,CITROEN C1,1,E01024671,0,-1
2021231082221,2021,231082221,2,9,0,5,5,8,6,0,0,1,0,0,0,0,4,1,5,6,2,32,6,1199,1,6,CITROEN C1,7,E01009707,0,-1
2021111116333,2021,111116333,1,9,0,13,13,7,3,0,0,0,1,0,0,0,1,1,6,6,1,36,7,998,1,2,CITROEN C1,4,E01020644,0,-1
2021411125829,2021,411125829,2,9,0,18,19,1,5,0,0,1,0,0,0,0,1,1,2,2,2,53,8,1200,1,4,CITROEN C1,6,E01023399,0,-1
2021221095637,2021,221095637,4,9,0,2,2,0,0,0,0,0,0,0,0,0,1,1,5,6,2,48,8,998,1,11,CITROEN C1,5,E01032426,0,-1
20211383F0375,2021,1383F0375,1,9,0,7,7,7,3,0,0,8,0,0,0,0,4,1,6,6,1,25,5,998,1,6,CITROEN C1,5,E01011732,0,-1
2021320419501,2021,320419501,1,9,0,12,12,3,7,0,0,1,5,0,2,7,1,1,6,6,2,21,5,1199,1,7,CITROEN C1,7,E01026014,0,-1
2021471013066,2021,471013066,2,9,0,9,9,5,3,0,0,5,0,0,0,0,4,1,6,6,1,48,8,1200,1,4,CITROEN C1,6,E01021198,0,-1
2021010351327,2021,010351327,1,9,0,99,99,9,9,99,99,9,9,99,9,99,9,9,6,6,2,23,5,998,1,12,CITROEN C1,2,E01000889,0,-1
2021052101285,2021,052101285,2,9,0,18,19,5,1,0,0,8,0,0,0,0,3,1,6,6,2,53,8,998,1,12,CITROEN C1,5,E01007223,0,-1
2021010296678,2021,010296678,2,9,0,18,19,5,1,0,0,8,0,0,0,0,1,1,6,6,2,40,7,998,1,7,CITROEN C1,3,E01003609,0,-1
2021361067491,2021,361067491,2,9,0,3,3,1,5,0,0,1,0,0,0,0,2,1,3,7,2,42,7,998,1,0,CITROEN C1,9,E01026503,0,-1
2021061043041,2021,061043041,1,9,0,18,19,1,5,0,0,1,0,0,0,0,1,1,6,6,1,43,7,998,1,2,CITROEN C1,-1,-1,0,-1
2021430329898,2021,430329898,1,9,0,18,19,5,1,0,0,0,0,0,7,3,1,1,6,6,2,24,5,998,1,10,CITROEN C1,9,E01016308,0,-1
2021010335140,2021,010335140,1,9,0,99,99,9,9,99,99,9,9,99,9,99,9,9,6,6,2,25,5,998,1,5,CITROEN C1,4,E01001421,0,-1
2021052101247,2021,052101247,3,9,0,4,4,3,2,0,0,0,0,0,0,0,2,1,6,6,2,58,9,998,1,15,CITROEN C1,1,E01006664,0,-1
2021471101783,2021,471101783,1,9,0,17,19,2,7,0,0,0,0,0,0,0,1,1,5,6,2,56,9,1200,1,5,CITROEN C1,6,E01020959,0,-1
2021170M10911,2021,170M10911,1,9,0,18,19,8,4,0,0,0,0,0,0,0,1,1,6,6,2,81,11,998,1,5,CITROEN C1,1,E01012021,0,-1
2021440048313,2021,440048313,2,9,0,18,19,5,2,0,0,1,0,0,0,0,3,1,6,6,2,25,5,998,1,9,CITROEN C1,10,E01022974,0,-1
2021201126100,2021,201126100,1,9,0,18,19,3,7,0,0,6,0,0,0,0,4,1,6,6,2,56,9,998,1,5,CITROEN C1,1,E01009332,0,-1
2021501067519,2021,501067519,2,9,0,18,19,2,6,0,0,1,0,0,0,0,1,1,5,6,2,68,10,998,1,10,CITROEN C1,5,E01018779,0,-1
2021991019391,2021,991019391,1,9,0,18,19,7,2,0,0,0,0,0,0,0,1,1,6,6,2,22,5,998,1,11,CITROEN C1,10,-1,0,-1
2021351035730,2021,351035730,1,9,0,16,19,4,8,0,0,0,0,0,1,9,1,1,2,2,1,18,4,998,1,11,CITROEN C1,6,E01018208,0,-1
202131A032321,2021,31A032321,1,9,0,3,3,3,7,0,0,1,0,0,0,0,2,1,6,6,2,20,4,998,1,8,CITROEN C1,3,W01001875,0,-1
2021440500600,2021,440500600,1,9,0,18,19,6,2,0,0,0,0,0,0,0,1,1,2,2,2,39,7,998,1,8,CITROEN C1,10,E01022897,0,-1
2021421016261,2021,421016261,3,9,0,2,2,7,3,0,0,0,1,0,0,0,0,1,6,6,2,66,10,998,1,9,CITROEN C1,4,E01021706,0,-1
2021161130702,2021,161130702,2,9,0,18,19,5,2,0,0,8,0,0,0,0,1,1,6,6,2,-1,-1,998,1,5,CITROEN C1,-1,-1,0,-1
2021522103922,2021,522103922,3,9,0,18,19,7,3,0,0,0,0,0,0,0,1,1,6,6,1,42,7,998,1,8,CITROEN C1,1,E01014689,0,-1
2021031109331,2021,031109331,1,9,0,18,19,5,1,0,0,1,0,0,0,0,1,1,5,6,1,65,9,998,1,7,CITROEN C1,-1,-1,0,-1
2021622100526,2021,622100526,1,9,0,9,9,2,8,0,0,1,0,0,0,0,4,1,6,6,2,70,10,998,1,4,CITROEN C1,6,W01000502,0,-1
2021411108370,2021,411108370,3,9,0,18,19,8,4,0,0,0,0,0,0,0,2,1,2,2,1,51,8,998,1,14,CITROEN C1,2,E01001911,0,-1
2021131052549,2021,131052549,2,9,0,18,19,6,2,0,0,0,0,0,0,0,3,1,5,6,2,24,5,998,1,9,CITROEN C1,7,E01011828,0,-1
2021471069450,2021,471069450,2,9,0,4,4,7,3,0,0,1,0,0,0,0,1,1,6,6,2,50,8,998,1,6,CITROEN C1,3,E01021090,0,-1