collision_index,collision_year,collision_ref_no,vehicle_reference,vehicle_type,towing_and_articulation,vehicle_manoeuvre_historic,vehicle_manoeuvre,vehicle_direction_from,vehicle_direction_to,vehicle_location_restricted_lane_historic,vehicle_location_restricted_lane,junction_location,skidding_and_overturning,hit_object_in_carriageway,vehicle_leaving_carriageway,hit_object_off_carriageway,first_point_of_impact,vehicle_left_hand_drive,journey_purpose_of_driver_historic,journey_purpose_of_driver,sex_of_driver,age_of_driver,age_band_of_driver,engine_capacity_cc,propulsion_code,age_of_vehicle,generic_make_model,driver_imd_decile,lsoa_of_driver,escooter_flag,driver_distance_banding
2021471024490,2021,471024490,1,9,0,9,9,2,8,0,0,6,0,0,0,0,1,1,5,6,1,51,8,1200,1,4,CITROEN C1,8,E01020988,0,-1
2021501097772,2021,501097772,2,9,0,4,4,7,3,0,0,0,1,0,0,0,2,1,6,6,2,54,8,1199,1,6,CITROEN C1,8,E01020091,0,-1
2021041043730,2021,041043730,3,9,0,2,2,0,0,0,0,2,0,0,0,0,1,1,6,6,3,-1,-1,998,1,15,CITROEN C1,-1,-1,0,-1
202163B079021,2021,63B079021,1,9,0,17,19,1,6,0,0,0,1,0,7,10,1,1,6,6,2,70,10,998,1,12,CITROEN C1,5,W01000533,0,-1
2021061102680,2021,061102680,2,9,0,3,3,2,6,0,0,1,0,0,0,0,2,1,5,6,1,61,9,998,1,1,CITROEN C1,3,W01000320,0,-1
2021622100369,2021,622100369,2,9,0,7,7,3,5,4,4,5,0,0,0,0,3,1,1,1,1,44,7,998,1,14,CITROEN C1,1,W01001708,0,-1
2021221039818,2021,221039818,1,9,0,18,19,8,4,0,0,8,1,0,0,0,1,1,5,6,2,26,6,998,1,6,CITROEN C1,6,E01028850,0,-1
2021991120275,2021,991120275,1,9,0,4,4,5,1,0,0,3,0,0,0,0,2,1,2,2,2,29,6,1200,1,5,CITROEN C1,4,-1,0,-1
202131A030121,2021,31A030121,2,9,0,3,3,6,2,0,0,1,0,0,0,0,2,1,6,6,2,22,5,998,1,14,CITROEN C1,4,E01028260,0,-1
2021161045441,2021,161045441,1,9,0,16,19,1,5,0,0,8,5,0,7,9,1,1,5,6,2,21,5,998,1,15,CITROEN C1,1,E01013000,0,-1
2021201049676,2021,201049676,1,9,0,9,9,4,2,0,0,5,0,0,0,0,1,1,6,6,2,19,4,998,1,13,CITROEN C1,2,E01010087,0,-1
2021010347194,2021,010347194,2,9,0,99,99,9,9,99,99,9,9,99,9,99,1,9,6,6,3,-1,-1,998,1,7,CITROEN C1,8,E01000282,0,-1
2021302100539,2021,302100539,1,9,0,5,5,6,8,0,0,4,0,0,0,0,2,1,6,6,2,58,9,998,1,2,CITROEN C1,8,E01019454,0,-1
2021552101014,2021,552101014,1,9,0,18,19,5,1,0,0,0,0,0,0,0,3,1,6,6,1,38,7,998,1,7,CITROEN C1,8,E01032127,0,-1
2021501085530,2021,501085530,2,9,0,2,2,0,0,0,0,0,0,0,0,0,1,1,6,6,1,42,7,998,1,10,CITROEN C1,8,E01019921,0,-1
202134WNC3941,2021,34WNC3941,4,9,0,18,19,3,7,0,0,0,1,0,0,0,1,1,6,6,2,18,4,998,1,11,CITROEN C1,3,E01013386,0,-1
2021010310664,2021,010310664,1,9,0,5,5,7,3,0,0,8,0,0,0,0,1,1,6,6,1,49,8,998,1,11,CITROEN C1,2,E01033703,0,-1
2021070431262,2021,070431262,2,9,0,9,9,1,5,0,0,1,0,0,0,0,3,2,6,6,2,-1,-1,1200,1,5,CITROEN C1,5,E01025017,0,-1
2021411058885,2021,411058885,1,9,0,5,5,7,1,0,0,2,0,0,0,0,1,1,6,6,3,-1,-1,998,1,12,CITROEN C1,-1,-1,0,-1
2021461120869,2021,461120869,1,9,0,5,5,1,5,0,0,1,0,0,0,0,1,1,5,6,2,20,4,998,1,3,CITROEN C1,7,E01024576,0,-1
2021411032244,2021,411032244,2,9,0,18,19,4,8,0,0,0,0,0,0,0,1,1,5,6,2,-1,-1,998,1,13,CITROEN C1,10,E01023711,0,-1
2021302100962,2021,302100962,1,9,0,13,13,2,6,0,0,0,0,0,1,11,4,1,2,2,1,18,4,998,1,13,CITROEN C1,3,E01019759,0,-1
2021221022941,2021,221022941,2,9,0,7,7,7,8,4,4,6,0,0,0,0,3,1,5,6,2,46,8,1200,1,3,CITROEN C1,4,E01032254,0,-1
2021221017811,2021,221017811,1,9,0,18,19,3,7,0,0,0,1,0,5,6,2,1,5,6,2,20,4,998,1,12,CITROEN C1,6,E01032247,0,-1
2021041043239,2021,041043239,2,9,0,9,9,1,5,0,0,1,0,0,0,0,2,1,5,6,2,29,6,1200,1,5,CITROEN C1,1,E01012678,0,-1
2021421054421,2021,421054421,2,9,0,18,19,5,1,0,0,1,0,0,0,0,4,1,5,6,2,25,5,998,1,12,CITROEN C1,6,E01015942,0,-1
202134WNC5541,2021,34WNC5541,1,9,0,18,19,1,5,0,0,4,0,0,0,0,1,1,6,6,2,-1,-1,1200,1,5,CITROEN C1,-1,-1,0,-1
2021471110847,2021,471110847,1,9,0,18,19,7,3,0,0,0,0,0,0,0,1,1,5,6,1,23,5,1199,1,6,CITROEN C1,6,E01021213,0,-1
2021170S30621,2021,170S30621,1,9,0,18,19,6,2,0,0,1,0,0,0,0,1,1,6,6,1,19,4,998,1,11,CITROEN C1,4,E01012026,0,-1
2021520104283,2021,520104283,1,9,0,18,19,4,8,0,0,0,0,0,0,0,2,1,6,6,1,25,5,998,1,11,CITROEN C1,9,E01033333,0,-1
2021320352525,2021,320352525,1,9,0,9,9,4,2,0,0,8,0,0,0,0,1,1,6,6,1,17,4,998,1,7,CITROEN C1,5,E01026306,0,-1
2021541818421,2021,541818421,1,9,0,9,9,4,2,0,0,4,0,0,0,0,3,1,6,6,2,23,5,1200,1,5,CITROEN C1,8,E01032100,0,-1
2021451062431,2021,451062431,2,9,0,9,9,3,7,0,0,1,0,0,3,11,1,1,5,6,2,40,7,1200,1,4,CITROEN C1,5,E01004086,0,-1
2021320210490,2021,320210490,2,9,0,18,19,2,6,0,0,1,1,0,0,0,1,1,6,6,2,39,7,998,1,13,CITROEN C1,4,E01026044,0,-1
202131D057221,2021,31D057221,1,9,0,18,19,3,7,0,0,0,0,0,0,0,3,1,2,2,2,22,5,1199,1,7,CITROEN C1,10,E01019708,0,-1
2021122101372,2021,122101372,2,9,0,18,19,1,5,0,0,0,2,0,1,9,4,1,6,6,1,22,5,998,1,14,CITROEN C1,1,E01008593,0,-1
2021440265204,2021,440265204,2,9,0,18,19,4,8,0,0,1,0,0,0,0,1,1,6,6,2,21,5,998,1,11,CITROEN C1,8,E01022754,0,-1
2021471113346,2021,471113346,2,9,0,18,19,4,8,0,0,8,0,0,0,0,1,1,5,6,1,41,7,998,1,13,CITROEN C1,7,E01031647,0,-1
2021041072034,2021,041072034,3,9,0,2,2,0,0,9,9,0,0,0,0,0,1,1,6,6,3,-1,-1,998,1,10,CITROEN C1,-1,-1,0,-1
2021622100712,2021,622100712,2,9,0,18,19,2,6,0,0,1,0,0,0,0,1,1,1,1,2,34,6,1200,1,5,CITROEN C1,3,W01001231,0,-1
2021501050347,2021,501050347,1,9,0,18,19,3,7,0,0,1,5,0,0,0,1,1,6,6,1,33,6,998,1,14,CITROEN C1,5,E01018920,0,-1
2021471047027,2021,471047027,1,9,0,18,19,1,5,0,0,1,0,0,0,0,1,1,1,1,2,29,6,998,1,6,CITROEN C1,4,E01031806,0,-1
2021041061421,2021,041061421,1,9,0,18,19,3,7,0,0,8,0,0,0,0,3,1,5,6,1,19,4,998,1,14,CITROEN C1,4,E01025073,0,-1
2021111097843,2021,111097843,1,9,0,18,19,8,4,0,0,0,1,0,0,0,3,1,2,2,2,28,6,998,1,14,CITROEN C1,2,E01020860,0,-1
2021101082004,2021,101082004,2,9,0,2,2,1,3,0,0,0,0,0,0,0,2,1,5,6,1,56,9,998,1,2,CITROEN C1,4,E01033205,0,-1
2021221064837,2021,221064837,1,9,0,18,19,8,4,0,0,0,2,0,1,4,1,1,5,6,1,30,6,998,1,13,CITROEN C1,9,E01032433,0,-1
2021101045894,2021,101045894,1,9,-1,5,5,1,5,0,0,0,0,0,0,0,-1,1,6,6,2,67,10,998,1,9,CITROEN C1,1,E01008541,0,-1
2021451036230,2021,451036230,1,9,0,18,19,1,5,0,0,1,0,0,0,0,1,1,2,2,2,25,5,1200,1,6,CITROEN C1,5,E01030971,0,-1
2021471040471,2021,471040471,1,9,0,5,5,3,6,0,0,6,0,0,0,0,3,1,6,6,2,71,10,1200,1,3,CITROEN C1,6,E01031643,0,-1
2021041087297,2021,041087297,4,9,0,2,2,0,0,0,0,0,0,0,0,0,1,1,6,6,3,-1,-1,998,1,11,CITROEN C1,-1,-1,0,-1
2021522102859,2021,522102859,1,9,0,18,19,7,3,0,0,0,0,0,0,0,4,1,6,6,1,-1,-1,998,1,3,CITROEN C1,-1,-1,0,-1
202163C020821,2021,63C020821,1,9,0,18,19,4,8,0,0,0,0,0,0,0,1,1,6,6,2,18,4,998,1,11,CITROEN C1,3,W01000604,0,-1
202134WNC4181,2021,34WNC4181,1,9,0,18,19,4,8,0,0,0,0,0,0,0,1,1,6,6,2,22,5,998,1,7,CITROEN C1,8,E01027026,0,-1
2021010297205,2021,010297205,1,9,0,5,5,4,8,0,0,4,0,0,0,0,4,1,1,1,2,66,10,998,1,15,CITROEN C1,6,E01023722,0,-1
2021531065614,2021,531065614,1,9,0,7,7,6,2,9,9,0,0,0,1,11,1,1,2,2,2,25,5,998,1,9,CITROEN C1,4,E01022250,0,-1
2021141057112,2021,141057112,1,9,0,3,3,4,1,0,0,1,0,0,0,0,2,1,6,6,2,22,5,998,1,4,CITROEN C1,2,E01007763,0,-1
2021401111067,2021,401111067,1,9,0,5,5,3,7,9,9,0,0,0,0,0,1,1,1,1,1,45,7,998,1,15,CITROEN C1,4,E01017552,0,-1
2021052101410,2021,052101410,3,9,0,2,2,0,0,0,0,1,0,4,0,0,2,1,6,6,3,-1,-1,1200,1,6,CITROEN C1,-1,-1,0,-1
2021010289622,2021,010289622,2,9,0,99,99,9,9,99,99,9,9,99,9,99,2,9,6,6,3,-1,-1,998,1,7,CITROEN C1,-1,-1,0,-1
2021070317225,2021,070317225,2,9,0,18,19,6,2,0,0,0,0,0,0,0,3,1,6,6,2,25,5,998,1,8,CITROEN C1,3,E01007180,0,-1
2021041076919,2021,041076919,2,9,0,18,19,5,1,0,0,1,0,0,0,0,1,1,5,6,2,59,9,998,1,1,CITROEN C1,8,E01025413,0,-1
2021461064094,2021,461064094,1,9,0,18,19,5,1,0,0,0,0,0,0,0,4,1,6,6,1,77,11,998,1,1,CITROEN C1,6,E01030842,0,-1
2021170S21851,2021,170S21851,2,9,0,18,19,6,2,0,0,8,0,0,7,1,1,1,6,6,1,18,4,998,1,11,CITROEN C1,4,E01033467,0,-1
2021302101468,2021,302101468,1,9,0,17,19,8,6,0,0,0,0,0,1,3,1,1,6,6,1,42,7,1200,1,5,CITROEN C1,5,E01019620,0,-1
2021052102214,2021,052102214,1,9,0,18,19,2,6,0,0,3,0,0,0,0,1,1,6,6,2,29,6,998,1,6,CITROEN C1,8,E01006921,0,-1
2021440270980,2021,440270980,2,9,0,2,2,0,0,0,0,0,0,0,0,0,4,1,6,6,2,22,5,998,1,9,CITROEN C1,1,E01032750,0,-1
2021991083376,2021,991083376,2,9,0,16,19,7,3,0,0,0,0,0,0,0,1,1,2,2,2,45,7,1200,1,3,CITROEN C1,4,-1,0,-1
2021622101006,2021,622101006,2,9,0,18,19,4,8,0,0,1,0,0,0,0,1,1,6,6,2,70,10,998,1,13,CITROEN C1,1,W01000993,0,-1
2021361062753,2021,361062753,2,9,0,2,2,0,0,0,0,0,0,0,0,0,-1,1,6,6,2,41,7,998,1,8,CITROEN C1,2,E01030248,0,-1
2021471103206,2021,471103206,1,9,0,18,19,3,7,0,0,5,0,0,0,0,2,1,5,6,1,18,4,1199,1,7,CITROEN C1,5,E01016884,0,-1
2021451076056,2021,451076056,1,9,0,18,19,5,1,0,0,0,1,0,8,0,1,1,5,6,1,35,6,998,1,15,CITROEN C1,10,E01023243,0,-1
2021041092276,2021,041092276,1,9,0,9,9,8,4,0,0,8,0,0,0,0,3,1,5,6,1,33,6,998,1,12,CITROEN C1,2,E01025070,0,-1
2021302101940,2021,302101940,1,9,0,18,19,8,4,0,0,8,0,0,0,0,3,1,6,6,2,39,7,998,1,7,CITROEN C1,10,E01028087,0,-1
2021131068253,2021,131068253,3,9,0,18,19,2,6,0,0,0,0,0,0,0,1,1,5,6,2,20,4,1200,1,5,CITROEN C1,3,E01011779,0,-1
2021991070919,2021,991070919,1,9,0,4,4,8,4,0,0,1,0,0,0,0,1,1,5,6,2,51,8,998,1,8,CITROEN C1,6,-1,0,-1
2021622100234,2021,622100234,1,9,0,18,19,2,6,0,0,0,0,4,0,0,1,1,6,6,2,89,11,998,1,3,CITROEN C1,7,W01000997,0,-1
2021010351955,2021,010351955,2,9,0,18,19,7,3,0,0,1,0,0,0,0,2,1,6,6,1,18,4,998,1,7,CITROEN C1,10,E01031734,0,-1
2021451107986,2021,451107986,1,9,0,18,19,5,1,0,0,0,0,4,0,0,2,1,5,6,2,18,4,998,1,9,CITROEN C1,10,E01030604,0,-1
2021111046145,2021,111046145,1,9,0,18,19,1,5,0,0,0,0,0,0,0,1,1,6,6,1,19,4,998,1,10,CITROEN C1,2,E01020894,0,-1
2021552100853,2021,552100853,1,9,0,16,19,1,7,0,0,0,0,0,0,0,1,1,6,6,2,64,9,998,1,2,CITROEN C1,9,E01014787,0,-1
2021141105276,2021,141105276,1,9,0,18,19,5,1,0,0,0,0,0,0,0,1,1,6,6,2,40,7,1199,1,7,CITROEN C1,6,E01007669,0,-1
2021101128055,2021,101128055,2,9,0,18,19,4,8,0,0,8,0,0,0,0,1,1,6,6,2,24,5,998,1,6,CITROEN C1,1,E01027416,0,-1
2021421020249,2021,421020249,2,9,0,18,19,8,4,0,0,0,0,0,0,0,2,1,5,6,2,32,6,998,1,9,CITROEN C1,2,E01003623,0,-1
2021371067714,2021,371067714,1,9,0,-1,-1,-1,-1,-1,-1,0,-1,-1,-1,0,4,1,2,2,1,31,6,998,1,11,CITROEN C1,3,E01030234,0,-1
2021061025281,2021,061025281,1,9,0,10,10,5,2,0,0,1,0,0,0,0,1,1,6,6,1,61,9,1200,1,3,CITROEN C1,1,E01005746,0,-1
2021430292406,2021,430292406,2,9,0,18,19,7,3,0,0,0,0,0,7,7,3,1,6,6,1,54,8,998,1,12,CITROEN C1,7,E01017789,0,-1
2021548880521,2021,548880521,1,9,0,17,19,5,2,0,0,0,0,0,1,4,4,1,6,6,2,19,4,998,1,8,CITROEN C1,7,E01031938,0,-1
2021421093483,2021,421093483,2,9,0,14,14,4,8,0,0,0,0,0,0,0,1,1,6,6,2,24,5,998,1,6,CITROEN C1,5,E01021551,0,-1
2021131094146,2021,131094146,2,9,0,17,19,7,3,0,0,0,0,0,0,0,3,1,5,6,2,37,7,1200,1,4,CITROEN C1,4,E01011892,0,-1
2021111102860,2021,111102860,1,9,0,18,19,2,6,0,0,0,0,0,0,0,4,1,5,6,2,58,9,998,1,15,CITROEN C1,1,E01020673,0,-1
2021430098394,2021,430098394,1,9,0,9,9,1,7,0,0,2,0,0,0,0,4,1,6,6,1,23,5,998,1,13,CITROEN C1,3,E01001688,0,-1
2021549442121,2021,549442121,1,9,0,18,19,3,7,0,0,0,0,0,0,0,1,1,6,6,1,18,4,998,1,15,CITROEN C1,8,E01015552,0,-1
202131B149921,2021,31B149921,1,9,0,17,19,5,1,0,0,4,0,0,0,0,1,1,6,6,2,26,6,998,1,15,CITROEN C1,3,E01007528,0,-1
2021201063673,2021,201063673,2,9,0,2,2,0,0,0,0,2,0,10,0,0,4,1,5,6,1,-1,-1,998,1,10,CITROEN C1,-1,-1,0,-1
2021231030939,2021,231030939,2,9,0,9,9,5,3,0,0,5,0,0,0,0,3,1,5,6,2,33,6,998,1,16,CITROEN C1,3,E01031332,0,-1
2021052101946,2021,052101946,1,9,0,18,19,1,5,0,0,0,0,0,0,0,1,1,6,6,1,64,9,998,1,1,CITROEN C1,3,E01006799,0,-1
2021101041749,2021,101041749,2,9,0,3,3,1,5,0,0,0,0,0,0,0,2,1,5,6,2,56,9,998,1,12,CITROEN C1,10,E01027400,0,-1
2021211114693,2021,211114693,2,9,-1,-1,-1,-1,-1,-1,-1,-1,-1,-1,-1,0,-1,1,5,6,2,19,4,998,1,13,CITROEN C1,-1,-1,0,-1
2021440329623,2021,440329623,1,9,0,17,19,5,1,0,0,1,0,0,0,0,1,1,6,6,2,76,11,998,1,13,CITROEN C1,5,E01022567,0,-1
2021991060709,2021,991060709,2,9,0,17,19,8,4,0,0,0,0,0,0,0,1,1,5,6,1,49,8,998,1,7,CITROEN C1,9,-1,0,-1
2021010368330,2021,010368330,2,9,0,9,9,7,4,0,0,1,0,0,0,0,1,1,2,2,1,43,7,998,1,12,CITROEN C1,5,E01002447,0,-1
2021111100300,2021,111100300,2,9,0,18,19,4,8,0,0,0,0,0,0,0,4,1,2,2,2,38,7,998,1,4,CITROEN C1,3,E01020668,0,-1
2021131101145,2021,131101145,1,9,0,18,19,7,3,0,0,8,0,0,0,0,1,1,5,6,2,20,4,998,1,3,CITROEN C1,2,E01011223,0,-1
2021122100285,2021,122100285,1,9,0,18,19,5,1,0,0,4,0,9,7,0,1,1,6,6,1,87,11,998,1,9,CITROEN C1,3,E01013350,0,-1
2021461071369,2021,461071369,1,9,0,18,19,3,7,0,0,0,0,0,0,0,1,1,6,6,2,18,4,998,1,3,CITROEN C1,2,E01000433,0,-1
2021141107944,2021,141107944,1,9,0,5,5,7,2,0,0,2,0,0,0,0,2,1,6,6,1,44,7,998,1,6,CITROEN C1,10,E01019794,0,-1
202154B333421,2021,54B333421,1,9,0,18,19,5,3,0,0,2,0,0,0,0,1,1,6,6,1,30,6,998,1,15,CITROEN C1,7,E01032116,0,-1
2021201102163,2021,201102163,1,9,0,18,19,6,4,0,0,3,0,0,0,0,1,1,6,6,1,27,6,1200,1,4,CITROEN C1,2,E01010017,0,-1
2021361015525,2021,361015525,1,9,0,18,19,3,3,0,0,8,0,0,0,0,4,1,2,2,2,43,7,998,1,16,CITROEN C1,5,E01026712,0,-1
2021451101009,2021,451101009,1,9,0,3,3,6,2,0,0,0,0,0,0,0,2,1,1,1,2,23,5,998,1,10,CITROEN C1,10,E01031502,0,-1
2021622100464,2021,622100464,1,9,0,18,19,8,4,0,0,1,0,0,0,0,1,1,6,6,1,85,11,998,1,3,CITROEN C1,2,W01001309,0,-1
2021991054908,2021,991054908,1,9,0,13,13,8,4,0,0,1,0,0,1,0,1,1,6,6,2,38,7,998,1,13,CITROEN C1,3,-1,0,-1
2021052102853,2021,052102853,1,9,0,5,5,1,5,0,0,8,0,0,0,0,1,1,6,6,2,35,6,998,1,11,CITROEN C1,3,E01012391,0,-1
2021471072454,2021,471072454,1,9,0,2,2,0,0,0,0,0,0,0,0,0,3,1,5,6,2,63,9,1200,1,4,CITROEN C1,5,E01015286,0,-1
2021461075491,2021,461075491,3,9,0,18,19,3,7,0,0,0,0,4,2,0,1,1,1,1,2,22,5,998,1,11,CITROEN C1,4,E01024698,0,-1
2021440099228,2021,440099228,2,9,0,4,4,3,7,0,0,2,0,0,0,0,2,1,6,6,1,55,8,998,1,12,CITROEN C1,2,E01017169,0,-1
2021401097509,2021,401097509,1,9,0,18,19,5,1,0,0,0,1,0,1,2,1,1,6,6,1,26,6,998,1,12,CITROEN C1,2,E01011925,0,-1
2021010324141,2021,010324141,2,9,0,7,7,1,4,0,0,1,0,0,0,0,2,1,6,6,2,25,5,998,1,3,CITROEN C1,-1,-1,0,-1
2021122100305,2021,122100305,1,9,0,5,5,5,3,0,0,4,0,0,0,0,1,1,6,6,2,86,11,998,1,8,CITROEN C1,7,E01013336,0,-1
2021041027200,2021,041027200,2,9,0,18,19,7,3,0,0,8,0,0,0,0,3,1,2,2,1,40,7,998,1,7,CITROEN C1,1,E01012737,0,-1
2021010313431,2021,010313431,1,9,9,99,99,9,9,99,99,2,9,99,9,99,9,9,6,6,2,30,6,998,1,6,CITROEN C1,6,E01001342,0,-1
2021522103922,2021,522103922,2,9,0,18,19,7,3,0,0,0,0,0,0,0,2,1,6,6,2,40,7,1200,1,5,CITROEN C1,-1,-1,0,-1
202134WNC5371,2021,34WNC5371,2,9,0,3,3,1,5,0,0,0,0,0,0,0,2,1,6,6,2,20,4,998,1,14,CITROEN C1,9,E01025778,0,-1
2021131066589,2021,131066589,1,9,0,18,19,7,3,0,0,8,0,0,0,0,1,1,5,6,2,54,8,998,1,11,CITROEN C1,3,E01011304,0,-1
2021010324485,2021,010324485,1,9,0,18,19,1,5,0,0,1,0,0,0,0,1,1,6,6,2,18,4,998,1,6,CITROEN C1,10,E01024272,0,-1
2021052101007,2021,052101007,1,9,0,18,19,7,3,0,0,0,0,0,0,0,1,1,6,6,2,24,5,998,1,8,CITROEN C1,1,E01006764,0,-1
2021991045858,2021,991045858,1,9,0,18,19,8,4,0,0,3,0,0,0,0,3,1,6,6,2,73,10,998,1,7,CITROEN C1,8,-1,0,-1
2021461106070,2021,461106070,1,9,0,4,4,7,3,0,0,0,0,0,0,0,1,1,5,6,2,39,7,998,1,11,CITROEN C1,3,E01024092,0,-1
2021141037860,2021,141037860,2,9,0,18,19,7,3,0,0,0,0,0,0,0,3,1,1,1,2,26,6,998,1,3,CITROEN C1,6,E01007838,0,-1
2021101054128,2021,101054128,1,9,0,18,19,1,5,0,0,0,0,0,0,0,4,1,2,2,2,43,7,998,1,10,CITROEN C1,-1,-1,0,-1
2021501116025,2021,501116025,1,9,0,1,1,3,8,0,0,-1,0,10,1,0,0,1,1,1,2,18,4,998,1,12,CITROEN C1,6,E01018750,0,-1
2021991026047,2021,991026047,2,9,0,18,19,7,3,0,0,1,0,0,0,0,1,1,6,6,1,45,7,998,1,7,CITROEN C1,7,-1,0,-1
2021351043636,2021,351043636,1,9,0,9,9,2,8,0,0,5,0,0,0,0,4,1,5,6,2,48,8,998,1,14,CITROEN C1,8,E01018039,0,-1
2021320495114,2021,320495114,2,9,0,18,19,3,7,0,0,0,0,0,0,0,1,1,6,6,1,69,10,998,1,13,CITROEN C1,2,E01013905,0,-1
2021401089996,2021,401089996,1,9,0,18,19,6,2,0,0,0,0,0,0,0,1,1,6,6,2,69,10,998,1,11,CITROEN C1,7,E01017434,0,-1
2021451108953,2021,451108953,1,9,0,7,7,3,7,0,0,1,0,0,0,0,1,1,6,6,1,39,7,998,1,6,CITROEN C1,10,E01030906,0,-1
2021320562454,2021,320562454,2,9,0,10,10,8,6,0,0,1,0,0,0,0,2,1,6,6,2,45,7,998,1,5,CITROEN C1,2,E01026006,0,-1
2021471103752,2021,471103752,1,9,0,18,19,3,8,0,0,8,0,0,0,0,2,1,2,2,2,24,5,998,1,10,CITROEN C1,4,E01020936,0,-1
202131D108221,2021,31D108221,1,9,0,17,19,8,4,0,0,0,0,0,2,10,1,1,6,6,2,18,4,998,1,10,CITROEN C1,6,E01019669,0,-1
2021440445532,2021,440445532,2,9,0,4,4,1,5,0,0,0,0,0,0,0,2,1,6,6,1,25,5,998,1,6,CITROEN C1,10,E01022731,0,-1
2021471026050,2021,471026050,1,9,0,4,4,2,6,0,0,1,0,0,0,0,1,1,5,6,2,19,4,998,1,9,CITROEN C1,9,E01031670,0,-1
2021440382981,2021,440382981,1,9,0,9,9,1,5,0,0,1,0,0,0,0,4,1,6,6,2,37,7,998,1,12,CITROEN C1,1,E01017205,0,-1
2021221040045,2021,221040045,1,9,0,18,19,5,1,0,0,8,0,0,0,0,4,1,2,2,1,32,6,998,1,11,CITROEN C1,4,E01009268,0,-1
2021440148957,2021,440148957,2,9,0,13,13,1,5,0,0,1,0,0,0,0,4,1,6,6,1,62,9,1200,1,5,CITROEN C1,9,E01032604,0,-1
2021430102983,2021,430102983,1,9,0,18,19,7,3,0,0,8,2,0,0,1,1,1,6,6,2,19,4,998,1,6,CITROEN C1,10,E01028459,0,-1
2021041038739,2021,041038739,1,9,0,1,1,5,1,0,0,0,0,0,0,0,2,1,6,6,2,47,8,998,1,10,CITROEN C1,6,E01007585,0,-1
2021041014605,2021,041014605,1,9,0,5,5,3,7,0,0,6,0,0,0,0,1,1,5,6,1,25,5,998,1,5,CITROEN C1,3,E01012753,0,-1
2021546387321,2021,546387321,2,9,0,3,3,2,6,0,0,0,0,0,0,0,2,1,6,6,2,49,8,998,1,6,CITROEN C1,6,E01032083,0,-1
2021201053993,2021,201053993,1,9,0,9,9,3,1,0,0,5,0,0,0,0,3,1,6,6,2,-1,-1,998,1,12,CITROEN C1,4,E01032406,0,-1
202131A184321,2021,31A184321,1,9,0,18,19,8,4,0,0,2,0,0,0,0,1,1,6,6,2,20,4,998,1,6,CITROEN C1,5,E01027953,0,-1
2021211062091,2021,211062091,2,9,0,17,19,6,7,0,0,0,1,0,0,0,3,1,2,2,2,53,8,998,1,10,CITROEN C1,9,E01031036,0,-1
2021991037649,2021,991037649,2,9,0,18,19,1,5,0,0,8,0,0,0,0,1,1,6,6,2,18,4,998,1,7,CITROEN C1,8,-1,0,-1
2021440428295,2021,440428295,1,9,0,18,19,8,4,0,0,1,0,0,0,0,0,1,6,6,2,20,4,998,1,11,CITROEN C1,10,E01023273,0,-1
2021070151421,2021,070151421,1,9,0,18,19,7,3,0,0,1,0,0,0,0,1,1,6,6,2,71,10,998,1,13,CITROEN C1,9,E01018390,0,-1
2021111068512,2021,111068512,2,9,0,10,10,4,1,0,0,4,0,0,0,0,2,1,5,6,2,17,4,998,1,8,CITROEN C1,6,E01020617,0,-1
2021501020391,2021,501020391,2,9,0,18,19,1,5,0,0,0,0,0,0,0,1,1,5,6,2,19,4,998,1,9,CITROEN C1,1,E01015057,0,-1
2021430507471,2021,430507471,1,9,0,9,9,8,6,0,0,8,0,0,0,0,1,1,6,6,3,-1,-1,998,1,15,CITROEN C1,-1,-1,0,-1
2021471051924,2021,471051924,1,9,0,18,19,5,1,0,0,0,0,0,0,0,1,1,5,6,2,23,5,998,1,12,CITROEN C1,10,E01029730,0,-1
2021501070514,2021,501070514,2,9,0,3,3,3,7,0,0,0,0,0,0,0,2,1,6,6,1,77,11,998,1,0,CITROEN C1,6,E01018986,0,-1
2021041126990,2021,041126990,1,9,0,9,9,5,1,0,0,6,0,0,0,0,1,1,6,6,2,18,4,998,1,12,CITROEN C1,7,E01024999,0,-1
2021201053250,2021,201053250,1,9,0,9,9,-1,-1,0,0,1,0,0,0,0,4,1,6,6,2,-1,-1,998,1,7,CITROEN C1,-1,-1,0,-1
2021041022786,2021,041022786,1,9,0,18,19,5,1,0,0,1,0,0,0,0,1,1,6,6,1,40,7,998,1,14,CITROEN C1,1,E01025582,0,-1
2021421030812,2021,421030812,1,9,0,18,19,5,1,0,0,0,0,0,0,0,1,1,6,6,2,29,6,998,1,6,CITROEN C1,7,E01021381,0,-1
202131D191521,2021,31D191521,1,9,0,7,7,2,6,0,0,8,0,0,0,0,4,1,6,6,2,43,7,998,1,13,CITROEN C1,8,E01028184,0,-1
2021122101222,2021,122101222,2,9,0,2,2,0,0,0,0,0,0,0,0,0,2,1,6,6,3,-1,-1,998,1,14,CITROEN C1,-1,-1,0,-1