collision_index,collision_year,collision_ref_no,vehicle_reference,vehicle_type,towing_and_articulation,vehicle_manoeuvre_historic,vehicle_manoeuvre,vehicle_direction_from,vehicle_direction_to,vehicle_location_restricted_lane_historic,vehicle_location_restricted_lane,junction_location,skidding_and_overturning,hit_object_in_carriageway,vehicle_leaving_carriageway,hit_object_off_carriageway,first_point_of_impact,vehicle_left_hand_drive,journey_purpose_of_driver_historic,journey_purpose_of_driver,sex_of_driver,age_of_driver,age_band_of_driver,engine_capacity_cc,propulsion_code,age_of_vehicle,generic_make_model,driver_imd_decile,lsoa_of_driver,escooter_flag,driver_distance_banding
2021010303403,2021,010303403,2,9,0,99,99,9,9,99,99,0,9,99,9,99,1,9,6,6,3,-1,-1,1984,1,7,AUDI S3,-1,-1,0,-1
2021991125731,2021,991125731,1,9,0,18,19,5,7,0,0,1,1,0,3,11,1,1,5,6,1,28,6,1984,1,4,AUDI S3,7,-1,0,-1
2021061055908,2021,061055908,2,9,0,18,19,8,4,0,0,1,0,0,0,0,0,1,1,1,1,45,7,1984,1,2,AUDI S3,-1,-1,0,-1
2021131050553,2021,131050553,2,9,0,18,19,5,1,0,0,0,0,0,0,0,1,1,6,6,1,21,5,1984,1,7,AUDI S3,4,E01011841,0,-1
2021221082507,2021,221082507,2,9,0,11,11,1,5,0,0,8,0,0,0,0,4,1,6,6,1,29,6,1984,1,6,AUDI S3,7,E01032394,0,-1
2021351111092,2021,351111092,3,9,0,18,19,8,4,0,0,1,0,0,0,0,1,1,5,6,1,20,4,1984,1,6,AUDI S3,8,E01021375,0,-1
2021320736209,2021,320736209,1,9,0,18,19,2,6,0,0,0,0,0,1,4,1,1,6,6,1,26,6,1984,1,5,AUDI S3,6,E01026047,0,-1
2021622100519,2021,622100519,1,9,0,18,19,3,7,0,0,8,0,0,0,0,1,1,6,6,1,34,6,1984,1,7,AUDI S3,5,W01001644,0,-1
2021061050262,2021,061050262,3,9,0,18,19,7,3,0,0,1,0,0,0,0,1,1,6,6,1,39,7,1984,1,6,AUDI S3,1,E01004866,0,-1
2021501044254,2021,501044254,1,5,0,18,19,3,7,0,0,1,1,0,0,0,1,1,6,6,1,49,8,1198,1,7,-1,5,E01015070,0,-1
2021010322208,2021,010322208,1,5,0,5,5,5,1,0,0,4,0,0,0,0,1,1,6,6,1,36,7,1198,1,9,-1,4,E01001259,0,-1
2021010319589,2021,010319589,1,5,0,3,3,7,3,0,0,8,0,0,0,0,2,1,2,2,1,38,7,1198,1,9,-1,3,E01000535,0,-1
2021991053075,2021,991053075,1,5,0,17,19,3,7,0,0,0,0,0,1,0,1,1,5,6,1,44,7,1198,1,7,-1,8,E01019253,0,-1
2021161065436,2021,161065436,2,5,0,18,19,1,5,0,0,0,0,0,1,0,3,1,6,6,1,52,8,1198,1,7,-1,10,E01012926,0,-1
2021231083444,2021,231083444,1,5,0,18,19,2,6,0,0,0,0,12,0,0,4,1,6,6,1,46,8,1198,1,9,-1,8,E01031260,0,-1
2021201054419,2021,201054419,1,3,0,18,19,7,3,0,0,0,0,10,1,0,1,1,6,6,1,30,6,1198,1,9,-1,1,E01010410,0,-1
2021010353909,2021,010353909,1,5,0,4,4,2,6,0,0,1,1,0,0,0,9,1,2,2,2,32,6,803,1,7,-1,9,E01033101,0,-1
2021501164880,2021,501164880,8,9,0,2,2,0,0,0,0,0,0,0,0,0,3,1,5,6,2,79,11,1242,1,3,-1,1,E01015028,0,-1
2021070618498,2021,070618498,3,19,0,18,19,1,5,0,0,1,0,0,0,0,1,1,6,6,1,79,11,-1,-1,-1,-1,7,E01005841,0,-1
2021471053625,2021,471053625,1,5,0,5,5,6,1,0,0,6,5,0,0,0,1,1,5,6,1,63,9,1745,1,1,-1,4,E01031608,0,-1
2021010338263,2021,010338263,1,3,0,99,99,9,9,99,99,9,9,99,9,99,1,1,1,1,1,24,5,125,1,1,HONDA ANC125,1,E01004674,0,-1
2021010291307,2021,010291307,1,3,0,4,4,5,1,0,0,1,0,0,0,0,2,1,1,1,1,26,6,125,1,1,HONDA ANC125,1,E01001811,0,-1
2021010340403,2021,010340403,2,3,0,13,13,7,3,0,0,1,0,0,0,0,1,1,6,6,1,33,6,125,1,3,HONDA ANC125,2,E01001748,0,-1
2021010331527,2021,010331527,1,3,0,99,99,9,9,99,99,9,9,99,9,99,9,1,6,6,1,35,6,125,1,6,HONDA ANC125,8,E01000212,0,-1
2021010292525,2021,010292525,1,3,0,99,99,9,9,99,99,9,9,99,9,99,2,1,6,6,1,19,4,125,1,4,HONDA ANC125,4,E01001336,0,-1
2021010328650,2021,010328650,2,3,0,16,19,7,3,2,2,8,0,0,0,0,1,1,1,1,1,26,6,125,1,1,HONDA ANC125,-1,-1,0,-1
2021010317608,2021,010317608,2,3,0,2,2,0,0,0,0,0,0,0,0,0,3,1,6,6,3,-1,-1,125,1,3,HONDA ANC125,-1,-1,0,-1
2021010330470,2021,010330470,1,3,0,18,19,7,3,0,0,0,0,0,0,0,1,1,1,1,1,39,7,125,1,3,HONDA ANC125,5,E01004482,0,-1
2021010291348,2021,010291348,1,3,0,99,99,9,9,99,99,9,9,99,9,99,9,1,6,6,1,27,6,125,1,1,HONDA ANC125,2,E01000863,0,-1
2021010327684,2021,010327684,1,3,0,99,99,9,9,99,99,9,9,99,9,99,9,1,2,2,1,34,6,125,1,1,HONDA ANC125,2,E01000007,0,-1
2021010351516,2021,010351516,1,3,0,4,4,4,8,0,0,1,0,0,0,0,1,1,6,6,1,25,5,125,1,4,HONDA ANC125,5,E01003951,0,-1
2021010316173,2021,010316173,2,3,0,15,15,7,3,0,0,1,0,0,0,0,1,1,1,1,1,29,6,125,1,1,HONDA ANC125,5,E01000489,0,-1
2021010308679,2021,010308679,1,3,0,18,19,7,3,0,0,1,0,0,0,0,3,1,2,2,1,40,7,125,1,3,HONDA ANC125,6,E01001254,0,-1
2021010353833,2021,010353833,2,3,0,18,19,5,1,0,0,0,0,0,0,0,0,1,1,1,1,27,6,125,1,1,HONDA ANC125,1,E01001714,0,-1
2021010325959,2021,010325959,1,3,0,99,99,9,9,99,99,9,9,99,9,99,9,1,6,6,2,39,7,125,1,3,HONDA ANC125,1,E01033455,0,-1
2021010294426,2021,010294426,1,3,0,15,15,3,7,0,0,1,0,0,0,0,1,1,1,1,1,37,7,125,1,2,HONDA ANC125,3,E01000586,0,-1
2021010298168,2021,010298168,1,3,0,11,11,5,1,2,2,0,2,0,0,0,4,1,2,2,1,20,4,125,1,2,HONDA ANC125,3,E01003050,0,-1
2021010340640,2021,010340640,2,3,0,4,4,1,5,0,0,0,0,0,0,0,2,1,1,1,1,18,4,125,1,2,HONDA ANC125,8,E01002207,0,-1
2021010337014,2021,010337014,2,3,0,99,99,9,9,99,99,9,9,99,9,99,1,1,6,6,3,-1,-1,125,1,2,HONDA ANC125,-1,-1,0,-1
2021010311930,2021,010311930,2,3,9,99,99,9,9,99,99,9,9,99,9,99,9,1,6,6,3,-1,-1,125,1,2,HONDA ANC125,-1,-1,0,-1
2021471094137,2021,471094137,2,3,0,14,14,4,8,0,0,0,0,0,0,0,1,1,6,6,1,43,7,125,1,4,HONDA ANC125,2,E01016949,0,-1
2021010316073,2021,010316073,1,3,0,99,99,9,9,99,99,9,9,99,9,99,1,1,6,6,1,49,8,125,1,1,HONDA ANC125,1,E01003245,0,-1
202131C197521,2021,31C197521,2,3,0,18,19,7,3,0,0,8,0,0,0,0,1,1,1,1,1,30,6,125,1,1,HONDA ANC125,1,E01013959,0,-1
2021010317860,2021,010317860,1,3,0,18,19,1,5,99,99,0,9,0,0,0,4,1,6,6,1,24,5,125,1,5,HONDA ANC125,4,E01003573,0,-1
2021010324154,2021,010324154,2,4,0,14,14,4,8,0,0,1,0,0,0,0,1,1,1,1,1,36,7,125,1,4,HONDA ANC125,2,E01003622,0,-1
2021010288917,2021,010288917,1,3,0,18,19,8,4,0,0,2,1,0,0,0,1,1,6,6,3,-1,-1,125,1,1,HONDA ANC125,-1,-1,0,-1
2021522101589,2021,522101589,2,3,0,18,19,2,6,0,0,0,0,0,0,0,1,1,6,6,2,33,6,125,1,2,HONDA ANC125,1,E01014689,0,-1
2021010317874,2021,010317874,2,3,0,18,19,6,2,0,0,8,0,0,0,0,1,1,6,6,1,33,6,125,1,2,HONDA ANC125,9,E01003775,0,-1
2021010318936,2021,010318936,1,3,0,15,15,2,6,0,0,1,0,0,0,0,1,1,6,6,1,17,4,125,1,4,HONDA ANC125,2,E01003729,0,-1
2021010339323,2021,010339323,1,3,0,15,15,5,1,0,0,1,0,0,0,0,1,1,6,6,1,17,4,125,1,2,HONDA ANC125,2,E01003121,0,-1
2021430233265,2021,430233265,1,3,0,18,19,8,4,0,0,1,1,7,0,0,1,1,2,2,1,17,4,125,1,3,HONDA ANC125,10,E01017884,0,-1
2021010296245,2021,010296245,2,3,0,99,99,9,9,99,99,0,9,99,9,99,1,1,6,6,3,25,5,125,1,1,HONDA ANC125,8,E01001614,0,-1
2021010300762,2021,010300762,2,4,0,14,14,1,5,0,0,0,0,0,0,0,1,1,1,1,1,36,7,125,1,4,HONDA ANC125,2,E01000544,0,-1
2021010340518,2021,010340518,1,3,0,14,14,1,5,0,0,1,1,7,0,0,1,1,6,6,1,52,8,125,1,2,HONDA ANC125,7,E01002060,0,-1
2021302101726,2021,302101726,2,2,0,9,9,2,8,0,0,6,0,0,0,0,1,1,6,6,1,17,4,125,1,3,HONDA ANC125,1,E01013590,0,-1
2021010296616,2021,010296616,1,3,0,18,19,5,1,0,0,1,0,0,0,0,1,1,1,1,2,30,6,125,1,5,HONDA ANC125,6,E01000887,0,-1
2021010314573,2021,010314573,1,3,0,18,19,1,1,0,0,0,0,0,0,0,1,1,1,1,1,41,7,125,1,1,HONDA ANC125,5,E01002651,0,-1
2021010314675,2021,010314675,2,2,0,5,5,5,1,0,0,1,0,0,0,0,4,1,1,1,1,40,7,125,1,5,HONDA ANC125,6,E01033457,0,-1
2021010296115,2021,010296115,2,3,0,9,9,1,6,0,0,2,5,0,0,0,4,1,6,6,1,23,5,125,1,4,HONDA ANC125,-1,-1,0,-1
2021010317473,2021,010317473,1,3,0,99,99,9,9,99,99,0,9,99,9,99,1,1,6,6,1,32,6,125,1,1,HONDA ANC125,2,E01004238,0,-1
2021010346189,2021,010346189,1,3,0,99,99,9,9,99,99,9,9,99,9,99,9,1,6,6,1,38,7,125,1,3,HONDA ANC125,5,E01004521,0,-1
2021010303960,2021,010303960,1,3,0,99,99,9,9,99,99,9,9,99,9,99,9,9,6,6,1,39,7,125,1,1,HONDA ANC125,6,E01002570,0,-1
2021010308666,2021,010308666,1,3,0,99,99,9,9,99,99,9,9,99,9,99,1,1,6,6,1,36,7,125,1,4,HONDA ANC125,2,E01003622,0,-1
2021010291114,2021,010291114,2,3,0,18,19,5,1,0,0,8,2,0,0,0,3,1,6,6,1,31,6,125,1,4,HONDA ANC125,2,E01003120,0,-1
2021010291669,2021,010291669,1,2,0,8,8,7,1,0,0,5,0,0,0,0,4,1,1,1,1,32,6,125,1,4,HONDA ANC125,3,E01004259,0,-1
2021010309913,2021,010309913,1,3,0,17,19,7,3,0,0,2,5,0,0,0,1,1,1,1,1,43,7,125,1,1,HONDA ANC125,5,E01000892,0,-1
2021010306715,2021,010306715,1,3,0,18,19,1,5,0,0,0,0,0,0,0,0,1,6,6,2,28,6,125,1,4,HONDA ANC125,3,E01001262,0,-1
2021010327762,2021,010327762,2,4,0,13,13,3,7,0,0,8,5,0,0,0,4,1,1,1,1,32,6,125,1,5,HONDA ANC125,1,E01004205,0,-1
2021010287210,2021,010287210,1,3,0,4,4,1,5,0,0,1,1,0,0,0,0,1,6,6,1,32,6,125,1,4,HONDA ANC125,1,E01004205,0,-1
2021010340715,2021,010340715,1,3,0,16,19,3,7,0,0,1,0,0,0,0,1,1,6,6,3,-1,-1,125,1,3,HONDA ANC125,-1,-1,0,-1
2021010339229,2021,010339229,1,3,0,99,99,9,9,99,99,0,9,99,9,99,9,1,1,1,1,41,7,125,1,1,HONDA ANC125,7,E01032739,0,-1
2021010297396,2021,010297396,1,3,0,18,19,5,1,0,0,8,0,0,0,0,1,1,6,6,1,40,7,125,1,5,HONDA ANC125,4,E01033320,0,-1
2021010301069,2021,010301069,2,4,0,4,4,7,3,0,0,2,0,0,0,0,2,1,1,1,1,35,6,125,1,6,HONDA ANC125,1,E01001822,0,-1
2021010328558,2021,010328558,1,3,9,99,99,9,9,99,99,9,9,99,9,99,9,1,6,6,1,51,8,125,1,6,HONDA ANC125,7,E01002060,0,-1
2021010342287,2021,010342287,1,3,0,18,19,7,3,0,0,0,0,4,0,0,1,1,1,1,2,27,6,125,1,1,HONDA ANC125,4,E01004142,0,-1
2021522105931,2021,522105931,1,3,0,18,19,7,3,0,0,0,0,8,0,0,1,1,6,6,2,26,6,125,1,4,HONDA ANC125,1,E01014574,0,-1
2021010297918,2021,010297918,2,2,0,18,19,3,7,0,0,1,0,0,1,0,1,1,6,6,1,16,4,125,1,2,HONDA ANC125,3,E01001089,0,-1
2021522105182,2021,522105182,1,3,0,18,19,6,2,0,0,0,0,0,0,0,2,1,6,6,2,33,6,125,1,2,HONDA ANC125,7,E01014950,0,-1
2021411074332,2021,411074332,2,3,0,14,14,1,2,0,0,8,0,0,0,0,1,1,5,6,1,29,6,125,1,3,HONDA ANC125,3,E01023323,0,-1
2021070160911,2021,070160911,2,3,0,18,19,8,4,0,0,0,2,0,1,9,3,1,6,6,1,19,4,125,1,1,HONDA ANC125,1,E01018521,0,-1
2021010333388,2021,010333388,1,3,0,18,19,3,7,0,0,5,2,0,0,0,1,1,1,1,1,33,6,125,1,5,HONDA ANC125,3,E01004037,0,-1
2021010293829,2021,010293829,2,4,0,9,9,3,1,0,0,5,0,0,1,0,4,1,1,1,1,32,6,125,1,2,HONDA ANC125,3,E01002079,0,-1
2021010330178,2021,010330178,2,3,0,15,15,5,1,0,0,8,0,0,0,0,1,1,6,6,1,42,7,125,1,2,HONDA ANC125,1,E01001545,0,-1
2021010330968,2021,010330968,1,3,0,99,99,9,9,99,99,9,9,99,9,99,9,1,1,1,2,20,4,125,1,6,HONDA ANC125,-1,-1,0,-1
2021010342237,2021,010342237,1,4,0,18,19,1,5,0,0,1,0,0,0,0,2,1,1,1,1,39,7,125,1,5,HONDA ANC125,5,E01002004,0,-1
2021010305608,2021,010305608,1,4,0,18,19,1,5,0,0,0,0,0,1,0,1,1,1,1,1,43,7,125,1,6,HONDA ANC125,6,E01002630,0,-1
2021010291959,2021,010291959,1,3,0,99,99,9,9,99,99,9,9,99,9,99,1,1,6,6,1,36,7,125,1,6,HONDA ANC125,4,E01033606,0,-1
2021010333517,2021,010333517,1,3,0,99,99,9,9,99,99,9,9,99,9,99,9,1,1,1,1,37,7,125,1,2,HONDA ANC125,2,E01001460,0,-1
2021010317578,2021,010317578,1,3,0,4,4,1,5,0,0,1,1,0,0,0,1,1,6,6,1,28,6,125,1,5,HONDA ANC125,6,E01002023,0,-1
2021010352004,2021,010352004,2,3,0,15,15,1,5,0,0,5,0,0,0,0,3,1,6,6,1,21,5,125,1,5,HONDA ANC125,3,E01004038,0,-1
2021010351628,2021,010351628,1,3,0,18,19,8,4,0,0,1,0,0,0,0,1,1,6,6,1,49,8,125,1,4,HONDA ANC125,4,E01000805,0,-1
2021010345205,2021,010345205,2,3,0,18,19,7,3,0,0,1,0,0,0,0,3,1,6,6,1,25,5,125,1,5,HONDA ANC125,4,E01001247,0,-1
2021010319581,2021,010319581,2,3,0,13,13,1,5,0,0,0,0,0,0,0,4,1,6,6,1,25,5,125,1,2,HONDA ANC125,5,E01003951,0,-1
2021010349317,2021,010349317,3,2,0,15,15,3,7,0,0,8,0,4,0,0,2,1,2,2,1,45,7,125,1,2,HONDA ANC125,3,E01003588,0,-1
2021010345008,2021,010345008,1,2,0,18,19,5,1,0,0,0,0,0,0,0,1,1,6,6,1,26,6,125,1,5,HONDA ANC125,5,E01000632,0,-1
2021010342264,2021,010342264,2,3,0,18,19,6,2,0,0,1,0,0,0,0,1,1,2,2,2,22,5,125,1,1,HONDA ANC125,3,E01032743,0,-1
2021010349971,2021,010349971,1,3,0,99,99,9,9,99,99,0,9,99,9,99,9,1,6,6,1,21,5,125,1,3,HONDA ANC125,8,E01002945,0,-1
2021010300155,2021,010300155,2,3,0,18,19,5,1,0,0,0,0,0,0,0,0,1,1,1,1,47,8,125,1,1,HONDA ANC125,4,E01001085,0,-1
2021010299959,2021,010299959,2,3,0,99,99,9,9,99,99,9,9,99,9,99,9,1,6,6,3,-1,-1,125,1,5,HONDA ANC125,-1,-1,0,-1
2021010337272,2021,010337272,1,3,0,99,99,9,9,99,99,9,9,99,9,99,1,9,6,6,1,21,5,125,1,2,HONDA ANC125,3,E01003104,0,-1
2021010288106,2021,010288106,1,3,0,99,99,9,9,99,99,9,9,99,9,99,9,1,6,6,1,24,5,125,1,1,HONDA ANC125,6,E01000624,0,-1
2021351100757,2021,351100757,1,4,0,18,19,4,8,0,0,1,1,0,0,0,1,1,6,6,1,21,5,125,1,2,HONDA ANC125,-1,-1,0,-1
2021010290012,2021,010290012,1,3,0,18,19,5,1,0,0,2,1,0,0,0,0,1,1,1,1,35,6,125,1,4,HONDA ANC125,2,E01003622,0,-1
2021010318068,2021,010318068,1,3,0,99,99,9,9,99,99,0,9,99,9,99,9,1,6,6,1,53,8,125,1,1,HONDA ANC125,3,E01002620,0,-1
2021010289111,2021,010289111,1,3,0,18,19,5,1,0,0,1,2,0,0,0,1,1,6,6,1,37,7,125,1,2,HONDA ANC125,1,E01001885,0,-1
2021010349708,2021,010349708,2,3,0,18,19,1,5,0,0,1,0,0,0,0,3,1,1,1,1,21,5,125,1,5,HONDA ANC125,2,E01003576,0,-1
2021010309685,2021,010309685,1,4,0,17,19,7,3,0,0,3,2,0,0,0,3,1,6,6,1,30,6,125,1,5,HONDA ANC125,3,E01000506,0,-1
2021010350438,2021,010350438,1,3,0,18,19,2,6,0,0,1,0,0,0,0,1,1,1,1,1,31,6,125,1,3,HONDA ANC125,3,E01000800,0,-1
2021991091632,2021,991091632,1,3,0,4,4,3,7,0,0,0,1,0,0,0,1,1,1,1,1,23,5,125,1,1,HONDA ANC125,-1,-1,0,-1
2021411054796,2021,411054796,2,3,0,4,4,8,4,0,0,0,0,0,0,0,1,1,5,6,2,33,6,125,1,6,HONDA ANC125,4,E01023555,0,-1
2021430031615,2021,430031615,1,2,0,18,19,2,6,0,0,4,1,0,0,0,4,1,2,2,1,48,8,125,1,1,HONDA ANC125,4,E01000608,0,-1
2021010301716,2021,010301716,1,3,0,99,99,9,9,99,99,9,9,99,9,99,1,1,6,6,1,49,8,125,1,5,HONDA ANC125,4,E01000307,0,-1
2021010297552,2021,010297552,1,3,0,99,99,9,9,99,99,9,9,99,9,99,9,1,6,6,1,38,7,125,1,1,HONDA ANC125,5,E01004646,0,-1
2021010331179,2021,010331179,1,2,0,18,19,1,5,0,0,6,0,0,0,0,1,1,1,1,1,30,6,125,1,6,HONDA ANC125,2,E01001651,0,-1
2021010352440,2021,010352440,1,3,0,18,19,3,7,0,0,1,0,0,0,0,1,1,6,6,1,24,5,125,1,3,HONDA ANC125,4,E01004569,0,-1
2021010312643,2021,010312643,1,3,0,99,99,9,9,99,99,9,9,99,9,99,1,1,6,6,2,29,6,125,1,6,HONDA ANC125,1,E01003207,0,-1
2021201075296,2021,201075296,2,97,0,18,19,8,4,0,0,1,0,0,0,0,1,1,6,6,1,34,6,233,1,22,-1,3,E01009862,0,-1
2021201076537,2021,201076537,1,9,0,18,19,8,4,0,0,0,5,10,1,0,2,1,6,6,1,55,8,1339,8,12,HONDA INSIGHT,3,E01010097,0,-1
2021010313772,2021,010313772,2,9,0,99,99,9,9,99,99,0,9,99,9,99,1,9,6,6,2,34,6,1339,8,9,HONDA INSIGHT,3,E01004303,0,-1
2021010331885,2021,010331885,1,9,0,4,4,1,5,2,2,8,0,0,0,0,4,1,1,1,1,37,7,1339,8,9,HONDA INSIGHT,6,E01003694,0,-1
2021131119357,2021,131119357,2,9,0,18,19,7,3,0,0,0,0,0,0,0,4,1,1,1,1,28,6,1339,8,11,HONDA INSIGHT,3,E01010998,0,-1
2021010332700,2021,010332700,1,9,0,1,1,5,1,0,0,0,0,0,0,0,2,1,6,6,1,33,6,1339,8,10,HONDA INSIGHT,4,E01001023,0,-1
2021430102500,2021,430102500,2,9,0,18,19,7,3,0,0,0,0,0,0,0,3,1,2,2,1,54,8,1339,8,10,HONDA INSIGHT,8,E01016508,0,-1
2021522200024,2021,522200024,1,9,0,18,19,6,2,0,0,0,0,0,0,0,2,1,6,6,1,44,7,1339,8,11,HONDA INSIGHT,6,E01032669,0,-1
2021010337669,2021,010337669,1,9,0,7,7,1,3,0,0,5,0,0,0,0,4,1,3,7,2,22,5,1339,8,9,HONDA INSIGHT,3,E01000957,0,-1
2021138391086,2021,138391086,1,8,0,1,1,1,7,0,0,0,0,0,0,0,3,1,1,1,1,59,9,1339,8,9,HONDA INSIGHT,1,E01010803,0,-1
2021010331596,2021,010331596,1,9,0,18,19,5,1,0,0,2,0,0,0,0,1,1,6,6,1,51,8,1339,8,10,HONDA INSIGHT,3,E01003491,0,-1
2021010302409,2021,010302409,2,8,0,99,99,9,9,99,99,9,9,99,9,99,1,9,6,6,1,35,6,1339,8,11,HONDA INSIGHT,1,E01001978,0,-1
2021010319626,2021,010319626,1,9,0,18,19,7,3,0,0,0,0,0,1,0,1,1,1,1,1,37,7,1339,8,9,HONDA INSIGHT,-1,-1,0,-1
2021010345705,2021,010345705,1,8,0,3,3,1,5,99,99,9,9,99,9,99,9,9,6,6,1,36,7,1339,8,9,HONDA INSIGHT,2,E01003558,0,-1
2021010313992,2021,010313992,1,8,0,99,99,9,9,99,99,9,9,99,9,99,9,9,6,6,1,31,6,1339,8,9,HONDA INSIGHT,9,E01003680,0,-1
2021010314764,2021,010314764,2,9,0,99,99,9,9,99,99,9,9,99,9,99,0,9,6,6,3,-1,-1,1339,8,10,HONDA INSIGHT,-1,-1,0,-1
2021411072593,2021,411072593,1,9,0,4,4,5,1,0,0,0,0,0,0,0,2,1,1,1,1,28,6,1339,8,9,HONDA INSIGHT,9,E01023460,0,-1
2021010333749,2021,010333749,1,8,0,18,19,7,3,0,0,1,0,0,0,0,0,1,1,1,1,51,8,1339,8,9,HONDA INSIGHT,3,E01033583,0,-1
2021010330657,2021,010330657,1,8,0,99,99,9,9,99,99,9,9,99,9,99,2,9,6,6,1,28,6,1339,8,10,HONDA INSIGHT,1,E01004249,0,-1
2021010337707,2021,010337707,2,9,0,18,19,1,5,0,0,1,0,0,0,0,1,1,6,6,1,51,8,1339,8,10,HONDA INSIGHT,-1,-1,0,-1
2021010333524,2021,010333524,1,9,0,9,9,7,4,0,0,5,0,0,0,0,4,1,1,1,1,54,8,1339,8,9,HONDA INSIGHT,5,E01002361,0,-1
2021010294878,2021,010294878,1,9,0,18,19,5,1,0,0,8,9,0,0,99,2,9,6,6,1,35,6,1339,8,8,HONDA INSIGHT,2,E01003373,0,-1
2021302100614,2021,302100614,2,9,0,10,10,8,6,0,0,5,0,0,0,0,2,1,6,6,2,42,7,1339,8,12,HONDA INSIGHT,2,E01013588,0,-1
2021010350657,2021,010350657,1,8,0,7,7,5,8,0,0,4,0,0,0,0,4,1,6,6,1,46,8,1339,8,10,HONDA INSIGHT,2,E01004308,0,-1
2021010307001,2021,010307001,2,9,0,17,19,7,3,0,0,4,0,0,1,0,3,1,1,1,1,50,8,1339,8,9,HONDA INSIGHT,2,E01001339,0,-1
2021421115019,2021,421115019,2,8,0,2,2,0,0,0,0,0,0,0,1,0,2,1,1,1,1,46,8,1339,8,10,HONDA INSIGHT,-1,-1,0,-1
2021010294713,2021,010294713,1,9,0,18,19,5,1,0,0,3,0,0,0,0,1,1,6,6,1,46,8,1339,8,10,HONDA INSIGHT,1,E01002857,0,-1
2021010341511,2021,010341511,2,9,0,99,99,9,9,99,99,9,9,99,9,99,9,9,6,6,3,-1,-1,1339,8,9,HONDA INSIGHT,-1,-1,0,-1
2021010342235,2021,010342235,1,9,0,18,19,1,5,0,0,8,0,0,0,0,1,1,6,6,1,30,6,1339,8,11,HONDA INSIGHT,2,E01000102,0,-1
2021520101243,2021,520101243,1,9,0,18,19,1,5,0,0,0,0,0,0,0,2,1,6,6,1,30,6,1339,8,10,HONDA INSIGHT,2,E01010264,0,-1
2021010294474,2021,010294474,1,9,0,18,19,1,5,0,0,0,9,99,9,99,1,1,6,6,1,42,7,1339,8,10,HONDA INSIGHT,2,E01004365,0,-1
2021411042580,2021,411042580,1,9,0,5,5,7,3,0,0,1,0,0,0,0,4,1,5,6,1,54,8,1339,8,10,HONDA INSIGHT,5,E01023542,0,-1
2021010323638,2021,010323638,1,9,0,99,99,9,9,0,0,0,9,99,9,99,2,1,6,6,2,57,9,1339,8,11,HONDA INSIGHT,9,E01002108,0,-1
2021010293694,2021,010293694,2,8,0,9,9,3,8,0,0,6,0,0,0,0,1,1,1,1,1,41,7,1339,8,10,HONDA INSIGHT,3,E01000020,0,-1
2021010321090,2021,010321090,2,8,0,18,19,5,1,0,0,0,0,0,0,0,1,1,1,1,1,38,7,1339,8,8,HONDA INSIGHT,2,E01004405,0,-1
2021010337968,2021,010337968,5,8,0,8,8,7,1,0,0,1,0,0,0,0,1,1,1,1,1,61,9,1339,8,9,HONDA INSIGHT,2,E01003607,0,-1
2021010335220,2021,010335220,2,9,0,99,99,9,9,99,99,9,9,99,9,99,1,9,6,6,2,38,7,1339,8,12,HONDA INSIGHT,5,E01002213,0,-1
2021010348644,2021,010348644,1,9,0,99,99,9,9,99,99,9,9,99,9,99,1,9,6,6,1,47,8,1339,8,10,HONDA INSIGHT,4,E01004495,0,-1
2021211050994,2021,211050994,1,8,0,9,9,8,4,0,0,6,0,0,0,0,1,1,1,1,1,33,6,1339,8,11,HONDA INSIGHT,1,E01010435,0,-1
2021522104185,2021,522104185,1,9,0,18,19,8,4,0,0,8,0,0,0,0,1,1,6,6,1,33,6,1339,8,8,HONDA INSIGHT,6,E01014648,0,-1
2021010295624,2021,010295624,1,9,0,18,19,5,1,0,0,1,0,0,0,0,3,1,6,6,1,52,8,1339,8,10,HONDA INSIGHT,9,E01002571,0,-1
2021430176888,2021,430176888,1,9,0,18,19,8,4,0,0,0,0,0,0,0,1,1,6,6,1,77,11,1339,8,11,HONDA INSIGHT,10,E01017939,0,-1
2021201110390,2021,201110390,2,8,0,18,19,2,6,0,0,8,0,0,0,0,3,1,1,1,1,42,7,1339,8,9,HONDA INSIGHT,1,E01009957,0,-1
2021991125619,2021,991125619,1,9,0,9,9,6,2,0,0,1,0,0,0,0,1,1,5,6,1,44,7,1339,8,11,HONDA INSIGHT,7,-1,0,-1
2021371026017,2021,371026017,3,9,0,10,10,8,1,0,0,1,0,0,0,0,3,1,5,6,1,82,11,1339,8,12,HONDA INSIGHT,10,E01030166,0,-1