collision_index,collision_year,collision_ref_no,vehicle_reference,vehicle_type,towing_and_articulation,vehicle_manoeuvre_historic,vehicle_manoeuvre,vehicle_direction_from,vehicle_direction_to,vehicle_location_restricted_lane_historic,vehicle_location_restricted_lane,junction_location,skidding_and_overturning,hit_object_in_carriageway,vehicle_leaving_carriageway,hit_object_off_carriageway,first_point_of_impact,vehicle_left_hand_drive,journey_purpose_of_driver_historic,journey_purpose_of_driver,sex_of_driver,age_of_driver,age_band_of_driver,engine_capacity_cc,propulsion_code,age_of_vehicle,generic_make_model,driver_imd_decile,lsoa_of_driver,escooter_flag,driver_distance_banding
2021010318354,2021,010318354,2,9,0,2,2,0,0,0,0,0,0,4,0,0,3,1,6,6,3,-1,-1,4197,1,14,LAND ROVER RANGE ROVER SPORT,-1,-1,0,-1
2021451041159,2021,451041159,2,9,0,17,19,5,1,0,0,1,0,0,0,0,1,1,5,6,1,33,6,3628,2,14,LAND ROVER RANGE ROVER SPORT,9,E01030942,0,-1
2021010293181,2021,010293181,1,9,0,18,19,5,1,0,0,3,0,0,0,0,1,1,2,2,1,27,6,2993,2,1,LAND ROVER RANGE ROVER SPORT,8,E01000230,0,-1
2021440371252,2021,440371252,1,9,0,18,19,1,5,0,0,6,0,0,0,0,1,1,6,6,1,46,8,3628,2,14,LAND ROVER RANGE ROVER SPORT,3,E01022904,0,-1
2021211055339,2021,211055339,1,9,0,18,19,2,6,0,0,0,0,0,0,0,4,1,6,6,1,28,6,2993,2,10,LAND ROVER RANGE ROVER SPORT,7,E01029379,0,-1
2021211117690,2021,211117690,1,9,0,4,4,1,5,0,0,0,0,0,0,0,2,1,6,6,2,46,8,2995,1,3,LAND ROVER RANGE ROVER SPORT,6,E01002912,0,-1
2021430191488,2021,430191488,1,9,0,18,19,8,4,0,0,1,0,0,0,0,1,1,6,6,1,59,9,2993,2,6,LAND ROVER RANGE ROVER SPORT,5,E01016395,0,-1
2021430286367,2021,430286367,2,9,0,18,19,4,8,0,0,0,0,0,0,0,1,1,6,6,1,55,8,3628,2,12,LAND ROVER RANGE ROVER SPORT,9,E01002539,0,-1
2021471023446,2021,471023446,2,9,0,18,19,2,6,0,0,0,0,0,0,0,1,1,2,2,1,54,8,2993,2,8,LAND ROVER RANGE ROVER SPORT,3,E01031400,0,-1
2021440186532,2021,440186532,3,9,0,3,3,6,2,0,0,1,0,0,0,0,2,1,6,6,1,51,8,2993,2,6,LAND ROVER RANGE ROVER SPORT,3,E01017170,0,-1
2021221066107,2021,221066107,2,9,0,18,19,4,7,0,0,1,0,0,0,0,1,1,6,6,1,34,6,2993,2,12,LAND ROVER RANGE ROVER SPORT,-1,-1,0,-1
202163C023721,2021,63C023721,4,9,0,2,2,0,0,0,0,0,0,0,0,0,3,1,6,6,1,36,7,2993,2,10,LAND ROVER RANGE ROVER SPORT,-1,-1,0,-1
2021421017178,2021,421017178,1,9,0,13,13,3,7,0,0,0,0,0,0,0,4,1,6,6,1,18,4,1997,1,2,LAND ROVER RANGE ROVER SPORT,5,E01021770,0,-1
2021031111455,2021,031111455,1,9,0,18,19,5,1,0,0,0,2,0,0,0,3,1,6,6,1,48,8,4999,1,7,LAND ROVER RANGE ROVER SPORT,7,E01019357,0,-1
2021302101312,2021,302101312,3,9,0,7,7,6,8,0,0,6,0,0,0,0,3,1,6,6,1,30,6,4999,1,6,LAND ROVER RANGE ROVER SPORT,7,E01013529,0,-1
2021131040618,2021,131040618,2,9,0,5,5,2,5,0,0,1,0,0,0,0,4,1,6,6,1,26,6,2993,2,1,LAND ROVER RANGE ROVER SPORT,1,E01010966,0,-1
2021061067624,2021,061067624,1,9,0,4,4,1,5,0,0,1,0,0,0,0,1,1,6,6,1,30,6,3628,2,13,LAND ROVER RANGE ROVER SPORT,5,E01006364,0,-1
2021010314665,2021,010314665,1,9,0,18,19,2,6,0,0,0,0,4,0,0,1,1,6,6,1,39,7,2993,2,7,LAND ROVER RANGE ROVER SPORT,8,E01021749,0,-1
2021041014790,2021,041014790,1,9,0,18,19,3,7,0,0,0,0,4,0,0,1,1,6,6,3,-1,-1,4999,1,4,LAND ROVER RANGE ROVER SPORT,-1,-1,0,-1
2021052102617,2021,052102617,1,9,0,18,19,1,5,0,0,1,0,0,0,0,1,1,6,6,2,30,6,1997,8,3,LAND ROVER RANGE ROVER SPORT,3,E01032505,0,-1
202134WNC7191,2021,34WNC7191,1,9,0,9,9,5,3,0,0,5,0,0,0,0,1,1,6,6,3,-1,-1,2993,2,11,LAND ROVER RANGE ROVER SPORT,-1,-1,0,-1
2021131109691,2021,131109691,2,9,0,18,19,5,1,0,0,0,0,0,0,0,2,1,6,6,2,30,6,2993,2,12,LAND ROVER RANGE ROVER SPORT,9,E01013405,0,-1
2021461112708,2021,461112708,1,9,0,9,9,7,5,0,0,6,0,0,0,0,1,1,6,6,2,-1,-1,2993,2,9,LAND ROVER RANGE ROVER SPORT,6,E01024432,0,-1
2021170H10841,2021,170H10841,2,9,0,18,19,2,6,0,0,0,0,0,0,0,2,1,2,2,1,56,9,2993,2,9,LAND ROVER RANGE ROVER SPORT,5,E01011968,0,-1
2021421130474,2021,421130474,2,9,0,18,19,2,5,0,0,1,0,0,0,0,3,1,6,6,2,24,5,2720,2,14,LAND ROVER RANGE ROVER SPORT,6,E01021879,0,-1
2021010344686,2021,010344686,2,9,0,99,99,9,9,99,99,9,9,99,9,99,2,9,6,6,1,33,6,2993,2,6,LAND ROVER RANGE ROVER SPORT,3,E01000127,0,-1
2021471077094,2021,471077094,1,9,0,5,5,8,2,0,0,6,0,0,1,0,1,1,5,6,1,51,8,4367,2,6,LAND ROVER RANGE ROVER SPORT,5,E01016989,0,-1
2021010351115,2021,010351115,2,9,0,99,99,9,9,99,99,9,9,99,9,99,1,9,6,6,3,41,7,2993,2,6,LAND ROVER RANGE ROVER SPORT,2,E01003995,0,-1
2021010307522,2021,010307522,2,9,0,99,99,9,9,99,99,9,9,99,9,99,2,9,6,6,3,-1,-1,2995,1,4,LAND ROVER RANGE ROVER SPORT,5,E01004648,0,-1
2021461102818,2021,461102818,2,9,0,2,2,0,0,0,0,0,0,0,0,0,3,1,6,6,3,-1,-1,2993,2,6,LAND ROVER RANGE ROVER SPORT,-1,-1,0,-1
2021421037051,2021,421037051,1,9,0,18,19,7,3,0,0,1,0,0,7,0,1,1,6,6,1,57,9,2993,2,4,LAND ROVER RANGE ROVER SPORT,8,E01021749,0,-1
2021461088624,2021,461088624,2,9,0,12,12,7,3,0,0,0,0,0,0,0,1,1,2,2,2,34,6,2993,2,10,LAND ROVER RANGE ROVER SPORT,5,E01001029,0,-1
2021010319501,2021,010319501,2,9,0,18,19,5,1,0,0,1,0,0,0,0,2,1,6,6,3,-1,-1,2993,2,6,LAND ROVER RANGE ROVER SPORT,-1,-1,0,-1
2021010295761,2021,010295761,2,9,0,99,99,9,9,99,99,9,9,99,9,99,1,9,6,6,3,-1,-1,2993,2,5,LAND ROVER RANGE ROVER SPORT,6,E01001415,0,-1
2021010345600,2021,010345600,1,9,0,18,19,7,3,0,0,0,0,0,0,0,2,1,6,6,1,24,5,2993,2,4,LAND ROVER RANGE ROVER SPORT,6,E01003711,0,-1
2021201101344,2021,201101344,1,9,0,4,4,5,1,0,0,1,0,0,0,0,1,1,6,6,3,-1,-1,2993,2,3,LAND ROVER RANGE ROVER SPORT,-1,-1,0,-1
2021010291332,2021,010291332,2,9,0,99,99,9,9,99,99,9,9,99,9,99,9,9,6,6,3,-1,-1,2993,2,5,LAND ROVER RANGE ROVER SPORT,6,E01024136,0,-1
2021131095673,2021,131095673,1,9,0,7,7,5,8,0,0,6,0,0,0,0,3,1,5,6,2,50,8,2993,2,5,LAND ROVER RANGE ROVER SPORT,2,E01003523,0,-1
2021010334715,2021,010334715,2,9,0,99,99,9,9,99,99,9,9,99,9,99,9,9,6,6,3,-1,-1,1997,8,3,LAND ROVER RANGE ROVER SPORT,-1,-1,0,-1
2021122101272,2021,122101272,1,9,0,18,19,1,5,0,0,0,0,0,0,0,1,1,2,2,1,41,7,3628,2,11,LAND ROVER RANGE ROVER SPORT,6,-1,0,-1
20211382F0825,2021,1382F0825,2,9,0,18,19,5,1,0,0,1,0,0,0,0,1,1,6,6,1,45,7,2993,2,3,LAND ROVER RANGE ROVER SPORT,5,E01011782,0,-1
202131A133921,2021,31A133921,1,9,0,9,9,3,1,0,0,3,0,0,0,0,4,1,6,6,1,32,6,2720,2,15,LAND ROVER RANGE ROVER SPORT,1,E01028276,0,-1
2021070315781,2021,070315781,2,9,0,18,19,1,5,0,0,1,0,0,0,0,1,1,6,6,1,46,8,2993,2,4,LAND ROVER RANGE ROVER SPORT,7,E01029574,0,-1
2021041089219,2021,041089219,1,9,0,5,5,3,7,0,0,4,0,0,0,0,1,1,5,6,1,71,10,2993,2,2,LAND ROVER RANGE ROVER SPORT,9,E01004791,0,-1
2021070071007,2021,070071007,2,9,0,18,19,7,3,0,0,1,0,0,0,0,3,1,6,6,1,82,11,2993,2,10,LAND ROVER RANGE ROVER SPORT,9,E01012516,0,-1
2021111140291,2021,111140291,1,9,0,18,19,3,7,0,0,0,5,0,1,0,1,1,6,6,1,50,8,2993,2,11,LAND ROVER RANGE ROVER SPORT,2,E01020860,0,-1
2021361065606,2021,361065606,2,9,0,18,19,8,4,0,0,1,0,0,0,0,1,1,5,6,2,36,7,2993,2,6,LAND ROVER RANGE ROVER SPORT,8,E01026577,0,-1
2021010335567,2021,010335567,1,9,0,99,99,9,9,99,99,0,9,99,9,99,4,9,6,6,2,37,7,4999,1,5,LAND ROVER RANGE ROVER SPORT,7,E01002860,0,-1
2021541909621,2021,541909621,1,9,0,4,4,7,3,0,0,1,0,0,0,0,4,1,6,6,1,61,9,4367,2,4,LAND ROVER RANGE ROVER SPORT,5,E01020460,0,-1
2021070769867,2021,070769867,1,9,0,18,19,1,3,0,0,8,0,0,3,0,1,1,6,6,1,30,6,2720,2,15,LAND ROVER RANGE ROVER SPORT,4,E01029797,0,-1
2021451075188,2021,451075188,2,9,0,5,5,3,5,0,0,7,0,0,0,0,1,1,5,6,2,34,6,2720,2,16,LAND ROVER RANGE ROVER SPORT,9,E01030394,0,-1
2021411130674,2021,411130674,1,9,0,2,2,0,0,0,0,0,0,0,0,0,0,1,5,6,1,42,7,2993,2,10,LAND ROVER RANGE ROVER SPORT,3,E01023326,0,-1
2021461093670,2021,461093670,1,9,0,6,6,1,5,0,0,0,0,0,0,0,1,1,6,6,1,-1,-1,2993,2,7,LAND ROVER RANGE ROVER SPORT,-1,-1,0,-1
2021010355214,2021,010355214,2,9,0,18,19,8,4,0,0,1,0,0,0,0,1,1,6,6,3,-1,-1,4999,1,2,LAND ROVER RANGE ROVER SPORT,-1,-1,0,-1
2021211107084,2021,211107084,2,9,0,3,3,1,5,0,0,0,0,0,0,0,3,1,5,6,1,30,6,4367,2,6,LAND ROVER RANGE ROVER SPORT,3,E01010422,0,-1
2021371054737,2021,371054737,1,9,0,4,4,1,5,0,0,0,0,0,0,0,4,1,5,6,1,52,8,3628,2,11,LAND ROVER RANGE ROVER SPORT,7,E01022097,0,-1
2021201028277,2021,201028277,1,9,0,18,19,1,5,0,0,0,0,0,7,0,3,1,6,6,1,72,10,2720,2,13,LAND ROVER RANGE ROVER SPORT,10,E01010108,0,-1
2021401068062,2021,401068062,1,9,0,18,19,4,8,0,0,0,0,0,0,0,3,1,6,6,1,49,8,2993,2,5,LAND ROVER RANGE ROVER SPORT,6,E01017391,0,-1
2021010343769,2021,010343769,2,9,0,99,99,9,9,99,99,9,9,99,9,99,1,9,6,6,3,-1,-1,4999,1,1,LAND ROVER RANGE ROVER SPORT,-1,-1,0,-1
2021302102110,2021,302102110,1,9,0,18,19,1,5,0,0,8,0,0,0,0,1,1,6,6,1,51,8,4367,2,2,LAND ROVER RANGE ROVER SPORT,2,E01029426,0,-1
2021231111962,2021,231111962,1,9,0,16,19,8,2,0,0,5,0,0,1,10,1,1,2,2,1,47,8,2993,2,5,LAND ROVER RANGE ROVER SPORT,8,E01030927,0,-1
2021440175702,2021,440175702,1,9,0,18,19,2,6,0,0,8,0,0,0,0,1,1,3,7,1,43,7,2993,2,1,LAND ROVER RANGE ROVER SPORT,6,E01023143,0,-1
202134WNC4031,2021,34WNC4031,1,9,0,18,19,7,3,9,9,0,0,0,0,0,4,1,6,6,1,27,6,2997,2,0,LAND ROVER RANGE ROVER SPORT,2,E01027227,0,-1
2021010316756,2021,010316756,1,9,0,9,9,5,3,0,0,5,0,0,0,0,3,1,6,6,1,50,8,4999,1,1,LAND ROVER RANGE ROVER SPORT,8,E01000206,0,-1
2021101117126,2021,101117126,1,9,0,15,15,5,1,0,0,1,0,0,0,0,1,1,6,6,1,28,6,2720,2,15,LAND ROVER RANGE ROVER SPORT,3,E01008251,0,-1
2021531099176,2021,531099176,1,9,0,18,19,3,7,0,0,0,0,0,0,0,4,1,5,6,1,39,7,2993,2,9,LAND ROVER RANGE ROVER SPORT,2,E01022332,0,-1
2021471065624,2021,471065624,2,9,0,18,19,2,6,0,0,0,0,0,1,4,3,1,2,2,1,46,8,2993,2,4,LAND ROVER RANGE ROVER SPORT,7,E01032717,0,-1
202134WNC1611,2021,34WNC1611,2,9,0,4,4,1,5,0,0,0,0,0,0,0,2,1,6,6,2,39,7,2993,2,5,LAND ROVER RANGE ROVER SPORT,9,E01026997,0,-1
2021501164027,2021,501164027,2,9,0,2,2,0,0,0,0,1,0,0,0,0,3,1,5,6,1,38,7,2993,2,7,LAND ROVER RANGE ROVER SPORT,6,E01019987,0,-1
2021041092232,2021,041092232,1,9,0,18,19,1,5,0,0,3,0,0,0,0,1,1,5,6,1,29,6,2993,2,9,LAND ROVER RANGE ROVER SPORT,3,E01005893,0,-1
2021421048157,2021,421048157,2,9,0,18,19,3,7,0,0,0,2,0,1,0,4,1,5,6,2,38,7,2993,2,10,LAND ROVER RANGE ROVER SPORT,4,E01016008,0,-1
2021010336054,2021,010336054,2,9,5,18,19,5,1,0,0,1,0,0,0,0,4,1,6,6,2,37,7,2997,2,0,LAND ROVER RANGE ROVER SPORT,3,E01003555,0,-1
2021041067774,2021,041067774,1,9,0,18,19,7,3,0,0,0,0,0,0,0,3,1,6,6,1,28,6,2993,2,3,LAND ROVER RANGE ROVER SPORT,1,E01021576,0,-1
2021471077453,2021,471077453,2,9,0,5,5,5,1,0,0,6,0,0,0,0,1,1,5,6,1,59,9,2993,2,4,LAND ROVER RANGE ROVER SPORT,10,E01031824,0,-1
2021010352868,2021,010352868,2,9,0,99,99,9,9,99,99,9,9,99,9,99,1,9,6,6,3,58,9,2993,2,12,LAND ROVER RANGE ROVER SPORT,2,E01003489,0,-1
2021430246167,2021,430246167,2,9,0,10,10,4,2,0,0,1,0,0,0,0,2,1,6,6,1,62,9,2993,2,12,LAND ROVER RANGE ROVER SPORT,10,E01017885,0,-1
2021010294491,2021,010294491,2,9,0,99,99,9,9,99,99,9,9,99,9,99,0,9,6,6,3,-1,-1,2993,2,9,LAND ROVER RANGE ROVER SPORT,-1,-1,0,-1
2021061103974,2021,061103974,1,9,0,15,15,2,6,0,0,0,2,0,0,0,1,1,1,1,1,47,8,2993,2,6,LAND ROVER RANGE ROVER SPORT,8,E01006210,0,-1
2021320298927,2021,320298927,4,9,0,3,3,7,3,0,0,0,0,0,0,0,2,1,6,6,2,45,7,2993,2,1,LAND ROVER RANGE ROVER SPORT,7,E01026372,0,-1
2021451036326,2021,451036326,2,9,0,18,19,7,3,0,0,0,0,0,0,0,2,1,5,6,2,40,7,4367,2,6,LAND ROVER RANGE ROVER SPORT,10,E01016603,0,-1
2021471116717,2021,471116717,2,9,0,18,19,1,5,0,0,0,0,0,0,0,2,1,6,6,2,47,8,2993,2,11,LAND ROVER RANGE ROVER SPORT,2,E01021020,0,-1
2021371054536,2021,371054536,2,9,0,18,19,7,3,0,0,0,0,0,0,0,3,1,5,6,1,38,7,2993,2,12,LAND ROVER RANGE ROVER SPORT,5,E01032526,0,-1
2021041103603,2021,041103603,4,9,0,18,19,7,3,0,0,1,0,0,0,0,3,1,5,6,1,35,6,1999,2,3,LAND ROVER RANGE ROVER SPORT,7,E01024999,0,-1
2021481146458,2021,481146458,1,9,0,2,2,0,0,0,0,0,0,0,0,0,4,1,5,6,1,40,7,4999,1,8,LAND ROVER RANGE ROVER SPORT,-1,-1,0,-1
2021991112290,2021,991112290,1,9,0,9,9,2,8,0,0,6,0,0,0,0,1,1,5,6,1,30,6,4999,1,0,LAND ROVER RANGE ROVER SPORT,4,-1,0,-1
2021471040643,2021,471040643,1,9,0,18,19,2,6,0,0,8,0,0,0,0,1,1,6,6,2,39,7,2993,2,6,LAND ROVER RANGE ROVER SPORT,9,E01016983,0,-1
2021361081471,2021,361081471,1,9,0,9,9,7,5,0,0,0,0,0,0,0,1,1,6,6,2,43,7,2720,2,15,LAND ROVER RANGE ROVER SPORT,8,E01026578,0,-1
2021531083918,2021,531083918,1,9,0,16,19,5,1,0,0,0,2,0,8,4,1,1,6,6,1,35,6,3628,2,12,LAND ROVER RANGE ROVER SPORT,-1,-1,0,-1
2021010311450,2021,010311450,1,9,0,99,99,9,9,99,99,9,9,99,9,99,9,9,6,6,1,26,6,2993,2,6,LAND ROVER RANGE ROVER SPORT,4,E01015722,0,-1
2021440455627,2021,440455627,1,9,0,16,19,5,1,0,0,0,2,0,1,1,4,1,6,6,1,58,9,2720,2,16,LAND ROVER RANGE ROVER SPORT,7,E01023185,0,-1
2021010293361,2021,010293361,2,9,0,2,2,0,0,0,0,1,0,0,0,0,1,1,6,6,3,-1,-1,2993,2,6,LAND ROVER RANGE ROVER SPORT,-1,-1,0,-1
2021010302233,2021,010302233,1,9,0,4,4,3,7,0,0,1,0,0,0,0,2,1,6,6,1,41,7,2993,2,6,LAND ROVER RANGE ROVER SPORT,2,E01004290,0,-1
2021010312216,2021,010312216,2,9,0,99,99,9,9,99,99,9,9,99,9,99,1,9,6,6,3,-1,-1,4999,1,5,LAND ROVER RANGE ROVER SPORT,-1,-1,0,-1
2021031058850,2021,031058850,1,9,0,18,19,3,7,0,0,0,0,0,0,0,4,1,6,6,3,-1,-1,2993,2,3,LAND ROVER RANGE ROVER SPORT,-1,-1,0,-1
2021061097507,2021,061097507,1,9,0,9,9,4,2,0,0,1,0,0,0,0,1,1,5,6,2,32,6,2993,2,7,LAND ROVER RANGE ROVER SPORT,3,E01005554,0,-1
2021010306731,2021,010306731,1,9,0,9,9,4,3,0,0,1,0,0,0,0,1,1,6,6,1,56,9,1997,8,2,LAND ROVER RANGE ROVER SPORT,6,E01033308,0,-1
202131D130721,2021,31D130721,2,9,0,2,2,0,0,0,0,0,0,0,0,0,2,1,6,6,1,44,7,4999,1,6,LAND ROVER RANGE ROVER SPORT,8,E01028096,0,-1
2021201060614,2021,201060614,3,9,0,3,3,8,4,0,0,1,0,0,0,0,2,1,6,6,1,59,9,2993,2,8,LAND ROVER RANGE ROVER SPORT,10,E01029730,0,-1
2021302100177,2021,302100177,1,9,0,18,19,2,6,0,0,3,0,0,0,0,4,1,6,6,2,49,8,2993,2,9,LAND ROVER RANGE ROVER SPORT,4,E01019550,0,-1
20211382D0401,2021,1382D0401,3,9,0,18,19,3,7,0,0,0,0,0,0,0,1,1,6,6,1,53,8,2993,2,3,LAND ROVER RANGE ROVER SPORT,7,E01027703,0,-1
2021010349685,2021,010349685,2,9,0,99,99,9,9,99,99,9,9,99,9,99,1,9,6,6,3,48,8,2993,2,10,LAND ROVER RANGE ROVER SPORT,5,E01000607,0,-1
2021440337643,2021,440337643,1,9,0,18,19,1,5,0,0,0,0,0,0,0,1,1,2,2,1,36,7,1997,8,1,LAND ROVER RANGE ROVER SPORT,6,E01017177,0,-1
2021010294885,2021,010294885,1,9,9,18,19,1,5,99,99,9,0,0,0,0,1,9,6,6,3,-1,-1,3628,2,12,LAND ROVER RANGE ROVER SPORT,-1,-1,0,-1
2021131085926,2021,131085926,1,9,0,5,5,4,8,0,0,0,0,0,0,0,4,1,5,6,1,40,7,2993,2,7,LAND ROVER RANGE ROVER SPORT,3,E01010895,0,-1
2021461024456,2021,461024456,1,9,0,1,1,5,3,0,0,1,0,0,0,0,2,1,5,6,1,63,9,2993,2,6,LAND ROVER RANGE ROVER SPORT,2,E01024741,0,-1
2021122200049,2021,122200049,1,9,0,18,19,7,3,0,0,1,0,0,0,0,1,1,6,6,3,-1,-1,4999,1,0,LAND ROVER RANGE ROVER SPORT,-1,-1,0,-1
2021501092016,2021,501092016,2,9,0,18,19,5,2,0,0,1,0,0,0,0,1,1,5,6,1,26,6,2720,2,15,LAND ROVER RANGE ROVER SPORT,7,E01020268,0,-1
2021440073398,2021,440073398,1,9,0,3,3,5,2,0,0,1,0,0,0,0,1,1,6,6,2,46,8,4367,2,6,LAND ROVER RANGE ROVER SPORT,10,E01022530,0,-1
2021010288174,2021,010288174,3,9,0,3,3,3,7,0,0,1,0,0,0,0,2,1,6,6,2,41,7,1997,8,2,LAND ROVER RANGE ROVER SPORT,3,E01001884,0,-1
2021622100338,2021,622100338,1,9,0,18,19,2,6,0,0,0,0,0,1,4,1,1,6,6,1,45,7,2720,2,14,LAND ROVER RANGE ROVER SPORT,8,W01001914,0,-1
2021070455222,2021,070455222,1,9,0,4,4,4,8,0,0,1,0,0,0,0,1,1,2,2,1,61,9,2993,2,10,LAND ROVER RANGE ROVER SPORT,10,E01018632,0,-1
2021201079815,2021,201079815,2,9,0,18,19,7,3,0,0,8,0,0,0,0,4,1,6,6,2,46,8,2993,2,6,LAND ROVER RANGE ROVER SPORT,8,E01009730,0,-1
2021010288905,2021,010288905,2,9,0,13,13,3,7,0,0,0,0,0,0,0,1,1,6,6,1,-1,-1,4999,1,2,LAND ROVER RANGE ROVER SPORT,-1,-1,0,-1
2021111063045,2021,111063045,1,9,0,16,19,2,6,0,0,0,0,0,7,0,1,1,6,6,2,48,8,2720,2,14,LAND ROVER RANGE ROVER SPORT,4,E01020644,0,-1
2021302101251,2021,302101251,1,9,0,5,5,4,8,0,0,4,0,0,0,0,1,1,1,1,1,28,6,2993,2,5,LAND ROVER RANGE ROVER SPORT,2,E01019565,0,-1
2021010317733,2021,010317733,1,9,0,99,99,9,9,0,0,1,9,99,9,99,2,9,6,6,1,39,7,4197,1,15,LAND ROVER RANGE ROVER SPORT,9,E01003383,0,-1
2021041082951,2021,041082951,2,9,0,18,19,7,3,0,0,0,0,0,0,0,1,1,5,6,2,39,7,4999,1,2,LAND ROVER RANGE ROVER SPORT,9,E01025491,0,-1
2021131056795,2021,131056795,1,9,0,18,19,1,1,0,0,1,0,0,0,0,1,1,1,1,1,38,7,2720,2,15,LAND ROVER RANGE ROVER SPORT,4,E01010671,0,-1
2021061039825,2021,061039825,2,9,0,18,19,7,3,0,0,0,0,0,0,0,2,1,6,6,1,47,8,1997,8,0,LAND ROVER RANGE ROVER SPORT,9,E01027022,0,-1
2021052101341,2021,052101341,1,9,0,7,7,8,1,0,0,1,0,0,0,0,4,1,6,6,1,23,5,2993,2,4,LAND ROVER RANGE ROVER SPORT,1,E01006606,0,-1
2021161094278,2021,161094278,2,9,0,18,19,3,7,0,0,0,0,0,0,0,1,1,5,6,1,46,8,2993,2,7,LAND ROVER RANGE ROVER SPORT,9,E01013251,0,-1
2021010332229,2021,010332229,3,9,0,2,2,0,0,0,0,8,0,0,0,0,3,1,6,6,3,-1,-1,2993,2,10,LAND ROVER RANGE ROVER SPORT,-1,-1,0,-1
2021061096970,2021,061096970,2,9,0,4,4,7,3,0,0,1,0,0,0,0,1,1,5,6,2,25,5,2993,2,2,LAND ROVER RANGE ROVER SPORT,-1,-1,0,-1
2021411020295,2021,411020295,2,9,0,18,19,7,3,0,0,0,1,0,0,0,2,1,5,6,1,31,6,2993,2,5,LAND ROVER RANGE ROVER SPORT,2,E01000484,0,-1
2021061053592,2021,061053592,1,9,0,18,19,2,2,0,0,0,0,0,0,0,1,1,6,6,2,35,6,2993,2,12,LAND ROVER RANGE ROVER SPORT,8,E01012548,0,-1
2021010340481,2021,010340481,2,9,0,18,19,3,7,0,0,0,0,0,0,0,1,1,6,6,1,48,8,2993,2,6,LAND ROVER RANGE ROVER SPORT,10,E01002188,0,-1
2021440147350,2021,440147350,1,9,0,12,12,4,8,0,0,1,0,0,0,0,1,1,6,6,2,40,7,2720,2,15,LAND ROVER RANGE ROVER SPORT,6,E01022736,0,-1
2021010336215,2021,010336215,1,9,0,4,4,5,1,0,0,0,0,0,0,0,2,1,6,6,3,-1,-1,2993,2,6,LAND ROVER RANGE ROVER SPORT,-1,-1,0,-1
2021101113917,2021,101113917,2,9,4,18,19,8,4,0,0,0,0,0,0,0,1,1,6,6,1,73,10,2720,2,15,LAND ROVER RANGE ROVER SPORT,9,E01027367,0,-1
2021320679568,2021,320679568,1,9,0,18,19,3,7,0,0,4,0,0,0,0,1,1,6,6,2,56,9,2993,2,5,LAND ROVER RANGE ROVER SPORT,2,E01028274,0,-1
202154C052521,2021,54C052521,1,9,0,18,19,1,5,0,0,0,0,0,0,0,1,1,2,2,1,36,7,2993,2,7,LAND ROVER RANGE ROVER SPORT,4,E01014169,0,-1
2021430442326,2021,430442326,1,9,0,17,19,4,8,0,0,0,0,0,0,0,1,1,6,6,1,54,8,2993,2,2,LAND ROVER RANGE ROVER SPORT,-1,-1,0,-1
2021061075417,2021,061075417,1,9,0,18,19,4,8,0,0,1,0,0,0,0,1,1,5,6,3,30,6,2993,2,8,LAND ROVER RANGE ROVER SPORT,-1,-1,0,-1
2021010290772,2021,010290772,1,9,0,18,19,7,3,0,0,0,0,0,0,0,1,1,2,2,1,61,9,2720,2,12,LAND ROVER RANGE ROVER SPORT,-1,-1,0,-1
2021201113977,2021,201113977,1,9,0,18,19,8,4,0,0,0,5,7,1,0,1,1,5,6,1,21,5,2993,2,3,LAND ROVER RANGE ROVER SPORT,4,E01015936,0,-1
2021010343657,2021,010343657,2,9,0,99,99,9,9,99,99,9,9,99,9,99,9,9,6,6,3,40,7,2993,2,4,LAND ROVER RANGE ROVER SPORT,6,E01016506,0,-1
2021302102119,2021,302102119,1,9,0,18,19,8,4,0,0,0,5,0,1,7,1,1,6,6,1,61,9,2993,2,10,LAND ROVER RANGE ROVER SPORT,6,E01027622,0,-1
2021620015321,2021,620015321,2,9,0,18,19,3,7,0,0,4,0,0,0,0,1,1,6,6,1,83,11,3628,2,12,LAND ROVER RANGE ROVER SPORT,1,W01001221,0,-1
2021411118394,2021,411118394,1,9,0,3,3,3,7,9,9,0,0,0,1,0,3,1,3,7,2,-1,-1,2993,2,7,LAND ROVER RANGE ROVER SPORT,-1,-1,0,-1
2021411115777,2021,411115777,1,9,0,9,9,6,8,0,0,2,0,0,0,0,1,1,2,2,2,55,8,1997,8,1,LAND ROVER RANGE ROVER SPORT,5,E01021741,0,-1
2021122100310,2021,122100310,1,9,0,16,19,6,1,0,0,0,1,0,0,0,3,1,2,2,1,51,8,2993,2,11,LAND ROVER RANGE ROVER SPORT,9,E01027642,0,-1