collision_index,collision_year,collision_ref_no,vehicle_reference,vehicle_type,towing_and_articulation,vehicle_manoeuvre_historic,vehicle_manoeuvre,vehicle_direction_from,vehicle_direction_to,vehicle_location_restricted_lane_historic,vehicle_location_restricted_lane,junction_location,skidding_and_overturning,hit_object_in_carriageway,vehicle_leaving_carriageway,hit_object_off_carriageway,first_point_of_impact,vehicle_left_hand_drive,journey_purpose_of_driver_historic,journey_purpose_of_driver,sex_of_driver,age_of_driver,age_band_of_driver,engine_capacity_cc,propulsion_code,age_of_vehicle,generic_make_model,driver_imd_decile,lsoa_of_driver,escooter_flag,driver_distance_banding
2021991032473,2021,991032473,2,8,0,3,3,3,7,0,0,1,0,0,0,0,2,1,1,1,1,46,8,1422,2,6,SEAT TOLEDO,1,-1,0,-1
2021991113829,2021,991113829,1,8,0,1,1,1,7,0,0,0,0,0,0,0,2,1,1,1,1,64,9,1598,2,3,SEAT TOLEDO,-1,-1,0,-1
2021010295407,2021,010295407,1,9,0,99,99,9,9,99,99,9,9,99,9,99,9,9,6,6,1,21,5,1390,1,8,SEAT TOLEDO,2,E01000025,0,-1
2021170S11511,2021,170S11511,1,8,0,18,19,2,6,0,0,8,0,0,0,0,1,1,2,2,1,28,6,1598,2,6,SEAT TOLEDO,1,E01033477,0,-1
2021541713421,2021,541713421,1,9,0,18,19,7,3,0,0,8,0,0,7,9,4,1,6,6,1,43,7,1896,2,18,SEAT TOLEDO,5,E01032068,0,-1
2021131051068,2021,131051068,2,8,0,2,2,1,1,0,0,2,0,0,0,0,1,1,1,1,1,49,8,1598,2,5,SEAT TOLEDO,2,E01011149,0,-1
2021061062320,2021,061062320,3,9,0,3,3,6,2,0,0,0,0,0,0,0,2,1,6,6,1,62,9,1598,2,8,SEAT TOLEDO,5,E01006141,0,-1
2021131050432,2021,131050432,2,9,0,18,19,2,6,0,0,1,0,0,0,0,1,1,1,1,1,64,9,1598,2,4,SEAT TOLEDO,1,E01011484,0,-1
2021361041543,2021,361041543,2,9,0,18,19,7,2,0,0,2,0,0,0,0,3,1,5,6,1,72,10,1197,1,7,SEAT TOLEDO,10,E01026567,0,-1
2021991094267,2021,991094267,1,8,0,18,19,3,7,0,0,1,0,0,0,0,1,1,1,1,1,55,8,1598,2,4,SEAT TOLEDO,3,-1,0,-1
2021061037146,2021,061037146,2,9,0,9,9,1,7,0,0,8,0,0,0,0,1,1,6,6,1,35,6,999,1,4,SEAT TOLEDO,4,E01024927,0,-1
2021111104872,2021,111104872,1,9,0,18,19,1,5,0,0,0,1,0,0,0,3,1,6,6,1,44,7,1598,2,8,SEAT TOLEDO,1,E01008331,0,-1
2021471012599,2021,471012599,3,9,0,18,19,2,6,0,0,0,0,0,1,10,3,1,5,6,1,35,6,1781,1,21,SEAT TOLEDO,9,E01024819,0,-1
2021041127894,2021,041127894,2,8,0,5,5,1,5,0,0,4,0,0,0,0,1,2,1,1,1,64,9,1598,2,8,SEAT TOLEDO,4,E01025187,0,-1
2021010310789,2021,010310789,1,9,0,4,4,4,8,0,0,2,0,0,0,0,4,1,6,6,1,18,4,999,1,3,SEAT TOLEDO,5,E01001859,0,-1
2021052101009,2021,052101009,1,9,0,18,19,8,4,0,0,4,0,0,0,0,1,1,1,1,1,70,10,1598,2,8,SEAT TOLEDO,1,E01006572,0,-1
2021201115991,2021,201115991,2,9,0,18,19,6,2,0,0,8,0,0,0,0,4,1,6,6,1,23,5,1197,1,8,SEAT TOLEDO,1,E01033642,0,-1
2021031061440,2021,031061440,1,9,0,15,15,3,7,0,0,0,0,0,0,0,3,1,5,6,1,78,11,999,1,3,SEAT TOLEDO,8,-1,0,-1
2021131052474,2021,131052474,2,9,0,9,9,7,5,0,0,6,0,0,7,0,1,1,6,6,1,37,7,1598,2,6,SEAT TOLEDO,1,E01010996,0,-1
2021991066274,2021,991066274,2,9,0,2,2,3,7,0,0,1,0,0,0,0,1,1,6,6,2,59,9,1422,2,5,SEAT TOLEDO,-1,-1,0,-1
2021361144988,2021,361144988,2,9,0,18,19,3,8,0,0,8,0,0,0,0,4,1,5,6,1,27,6,1197,1,7,SEAT TOLEDO,9,E01026519,0,-1
2021131093484,2021,131093484,2,9,0,18,19,7,3,0,0,8,0,0,0,0,3,1,1,1,1,49,8,1598,2,7,SEAT TOLEDO,1,E01024858,0,-1
2021070819567,2021,070819567,2,9,0,3,3,5,1,0,0,4,0,0,0,0,2,1,1,1,1,64,9,999,1,3,SEAT TOLEDO,4,E01018613,0,-1
2021061059824,2021,061059824,2,9,0,9,9,6,4,0,0,8,0,0,0,0,2,1,1,1,1,64,9,1598,2,7,SEAT TOLEDO,1,E01005529,0,-1
2021041128693,2021,041128693,1,9,0,12,12,1,3,0,0,0,0,0,0,0,3,1,6,6,1,37,7,1598,2,7,SEAT TOLEDO,1,E01025230,0,-1
2021041034256,2021,041034256,1,9,0,18,19,5,1,0,0,0,0,0,0,0,3,1,1,1,1,34,6,1598,2,8,SEAT TOLEDO,1,E01025189,0,-1
2021451031151,2021,451031151,1,9,0,18,19,4,8,0,0,2,0,0,0,0,1,1,1,1,2,35,6,1896,2,20,SEAT TOLEDO,6,E01030717,0,-1
2021522104192,2021,522104192,1,8,0,4,4,1,5,0,0,1,0,0,0,0,2,1,1,1,1,58,9,1598,2,6,SEAT TOLEDO,5,E01014720,0,-1
2021320459503,2021,320459503,1,9,0,1,1,6,2,9,9,6,0,0,0,0,2,1,6,6,1,38,7,1896,2,15,SEAT TOLEDO,2,E01026172,0,-1
2021201091476,2021,201091476,1,8,0,9,9,4,2,0,0,8,0,0,0,0,1,1,1,1,1,42,7,1390,1,7,SEAT TOLEDO,1,E01009413,0,-1
2021361087575,2021,361087575,3,9,0,18,19,5,1,0,0,1,0,0,0,0,3,1,5,6,2,59,9,1598,2,8,SEAT TOLEDO,6,E01026876,0,-1
2021471110813,2021,471110813,2,9,0,18,19,3,7,0,0,0,0,0,0,0,3,1,1,1,1,77,11,1598,2,6,SEAT TOLEDO,8,E01031613,0,-1
2021231128133,2021,231128133,2,9,0,18,19,8,4,0,0,8,0,0,0,0,1,1,6,6,2,52,8,1197,1,7,SEAT TOLEDO,7,E01028479,0,-1
202131C169621,2021,31C169621,2,9,0,4,4,1,5,0,0,1,0,0,0,0,2,1,1,1,1,39,7,1598,2,8,SEAT TOLEDO,5,E01013973,0,-1
2021991057268,2021,991057268,2,9,0,3,3,3,7,0,0,4,0,0,0,0,2,1,5,6,1,45,7,999,1,4,SEAT TOLEDO,-1,-1,0,-1
2021991094072,2021,991094072,1,8,0,18,19,1,5,0,0,0,0,0,0,0,1,1,1,1,1,59,9,1422,2,5,SEAT TOLEDO,4,-1,0,-1
2021991047042,2021,991047042,1,8,0,6,6,1,1,0,0,1,0,0,0,0,4,1,1,1,1,45,7,1598,2,3,SEAT TOLEDO,4,-1,0,-1
202131C106521,2021,31C106521,2,9,0,18,19,7,3,0,0,8,0,0,0,0,1,1,2,2,1,40,7,1598,2,8,SEAT TOLEDO,1,E01013920,0,-1
2021061104608,2021,061104608,1,9,0,5,5,3,7,0,0,1,0,0,0,0,3,1,5,6,2,30,6,1968,2,13,SEAT TOLEDO,2,E01004948,0,-1
2021010336085,2021,010336085,1,9,0,5,5,3,7,0,0,4,0,0,0,0,0,1,6,6,2,20,4,1422,2,5,SEAT TOLEDO,1,E01017036,0,-1
2021010345255,2021,010345255,2,9,0,99,99,9,9,99,99,9,9,99,9,99,9,9,6,6,3,-1,-1,1598,2,5,SEAT TOLEDO,-1,-1,0,-1
2021201060867,2021,201060867,1,9,0,18,19,3,7,0,0,0,1,0,0,0,1,1,6,6,1,-1,-1,1598,2,7,SEAT TOLEDO,-1,-1,0,-1
2021061043373,2021,061043373,1,9,0,9,9,1,7,0,0,8,0,0,0,0,1,1,6,6,1,41,7,1598,2,8,SEAT TOLEDO,1,E01005067,0,-1
2021010310026,2021,010310026,2,9,0,9,9,7,5,0,0,6,0,0,0,0,4,1,1,1,2,59,9,1197,1,4,SEAT TOLEDO,4,E01002551,0,-1
2021170S30811,2021,170S30811,1,8,0,18,19,7,3,0,0,0,0,0,0,0,1,1,1,1,1,46,8,1598,2,7,SEAT TOLEDO,-1,-1,0,-1
2021991039409,2021,991039409,2,9,0,2,2,1,7,0,0,1,0,0,0,0,2,1,1,1,1,62,9,1598,2,5,SEAT TOLEDO,2,-1,0,-1
2021161062113,2021,161062113,2,8,0,18,19,6,2,0,0,0,0,0,0,0,1,1,1,1,1,47,8,1598,2,8,SEAT TOLEDO,5,E01012799,0,-1
2021052101452,2021,052101452,1,90,0,5,5,5,1,0,0,1,0,4,0,0,2,1,6,6,1,27,6,1968,2,5,-1,1,E01006677,0,-1
2021101049166,2021,101049166,1,9,0,3,3,3,7,0,0,3,1,0,0,0,2,1,5,6,1,57,9,1968,2,2,-1,10,E01008309,0,-1
2021501022259,2021,501022259,2,19,0,3,3,3,7,0,0,0,0,0,0,0,2,1,6,6,1,49,8,-1,-1,-1,-1,7,E01015134,0,-1
202134WNC5511,2021,34WNC5511,1,19,0,11,11,1,5,0,0,0,0,0,0,0,0,1,6,6,1,68,10,-1,-1,-1,-1,8,E01020190,0,-1
2021070792540,2021,070792540,2,9,0,10,10,6,2,0,0,1,0,0,0,0,3,1,6,6,1,64,9,1968,2,2,-1,3,E01018482,0,-1
2021501067432,2021,501067432,1,19,0,18,19,1,5,0,0,0,0,0,0,0,3,1,6,6,1,40,7,-1,-1,-1,-1,4,E01018924,0,-1
2021131090744,2021,131090744,2,5,0,14,14,6,2,0,0,1,0,0,1,0,1,1,2,2,1,40,7,659,1,14,-1,3,E01010662,0,-1
2021520102414,2021,520102414,2,5,0,18,19,1,5,0,0,8,0,0,0,0,3,1,6,6,1,57,9,659,1,15,-1,6,E01029125,0,-1
2021622100731,2021,622100731,1,4,0,15,15,6,2,0,0,0,0,10,0,0,1,1,6,6,1,20,4,125,1,7,-1,-1,-1,0,-1
2021520105542,2021,520105542,1,2,0,18,19,7,3,0,0,0,0,0,0,0,4,1,6,6,1,16,4,50,1,16,-1,8,E01029274,0,-1
2021501135114,2021,501135114,2,3,0,18,19,3,7,0,0,0,0,0,0,0,4,1,6,6,1,16,4,-1,-1,-1,-1,6,E01020187,0,-1
2021010353852,2021,010353852,2,9,0,99,99,9,9,99,99,9,9,99,9,99,1,9,6,6,3,-1,-1,4398,1,16,BMW 6 SERIES,-1,-1,0,-1
2021501049068,2021,501049068,1,9,0,16,19,5,1,0,0,0,0,0,0,0,3,1,6,6,1,40,7,2993,2,13,BMW 6 SERIES,6,E01020021,0,-1
2021361069258,2021,361069258,2,9,0,4,4,5,1,0,0,0,0,0,0,0,2,1,5,6,1,33,6,4398,1,17,BMW 6 SERIES,10,E01012563,0,-1
2021211070203,2021,211070203,1,9,0,4,4,8,4,0,0,8,0,0,3,0,1,1,6,6,1,26,6,2996,1,13,BMW 6 SERIES,4,E01010377,0,-1
2021201023595,2021,201023595,1,9,0,9,9,8,6,0,0,2,0,0,0,0,1,1,6,6,1,33,6,2993,2,7,BMW 6 SERIES,2,E01009742,0,-1
2021430391194,2021,430391194,2,9,0,4,4,8,4,0,0,0,0,0,0,0,2,1,6,6,1,40,7,2993,2,6,BMW 6 SERIES,-1,-1,0,-1
2021010318838,2021,010318838,2,9,0,18,19,5,1,99,99,0,9,0,0,0,1,1,6,6,1,32,6,2993,2,9,BMW 6 SERIES,9,E01002271,0,-1
2021531106405,2021,531106405,1,9,0,9,9,3,1,0,0,8,0,0,0,0,-1,1,6,6,3,-1,-1,2996,1,16,BMW 6 SERIES,3,E01008924,0,-1
2021010317451,2021,010317451,3,9,0,3,3,6,2,0,0,0,0,0,0,0,2,1,6,6,2,50,8,3000,2,12,BMW 6 SERIES,10,E01030341,0,-1
2021430212318,2021,430212318,2,9,0,18,19,3,8,0,0,3,0,0,0,0,4,1,6,6,1,29,6,4398,1,17,BMW 6 SERIES,-1,-1,0,-1
2021141114354,2021,141114354,1,9,0,16,19,4,7,0,0,0,0,0,0,0,4,1,6,6,1,29,6,2993,2,6,BMW 6 SERIES,1,E01007499,0,-1
2021061098204,2021,061098204,2,9,0,18,19,1,1,0,0,0,0,0,0,0,3,1,5,6,1,70,10,2996,1,14,BMW 6 SERIES,8,E01005016,0,-1
2021170S20401,2021,170S20401,2,9,0,18,19,3,7,0,0,8,0,0,0,0,1,1,2,2,1,36,7,2993,2,7,BMW 6 SERIES,1,E01012266,0,-1
202134NNC2781,2021,34NNC2781,2,9,0,2,2,0,0,0,0,1,0,0,0,0,1,1,6,6,1,51,8,4799,1,15,BMW 6 SERIES,7,E01027186,0,-1
2021451083783,2021,451083783,1,9,0,3,3,2,8,0,0,1,0,0,0,0,1,1,6,6,1,60,9,2993,2,3,BMW 6 SERIES,8,E01004192,0,-1
2021010308370,2021,010308370,1,9,0,18,19,5,1,0,0,1,0,0,0,0,3,1,6,6,1,28,6,2993,2,6,BMW 6 SERIES,8,E01000173,0,-1
2021010324668,2021,010324668,2,9,0,3,3,1,5,0,0,1,0,0,0,0,0,1,6,6,2,-1,-1,2993,2,3,BMW 6 SERIES,8,E01027372,0,-1
2021052101491,2021,052101491,1,9,0,7,7,4,7,0,0,8,0,0,0,0,1,1,6,6,1,57,9,4398,1,16,BMW 6 SERIES,1,E01007269,0,-1
2021010345602,2021,010345602,1,9,0,3,3,7,3,0,0,1,0,4,0,0,2,1,6,6,1,74,10,2996,1,14,BMW 6 SERIES,9,E01021804,0,-1
2021010299527,2021,010299527,1,9,0,18,19,7,3,0,0,0,0,99,0,0,3,1,6,6,1,29,6,2993,2,7,BMW 6 SERIES,5,E01003664,0,-1
2021461068347,2021,461068347,3,9,0,2,2,0,0,0,0,1,0,0,0,0,2,1,5,6,1,51,8,2979,1,6,BMW 6 SERIES,3,E01003565,0,-1
2021061125593,2021,061125593,1,9,0,18,19,1,5,0,0,0,0,0,0,0,0,1,6,6,1,27,6,2993,2,6,BMW 6 SERIES,9,E01012503,0,-1
2021201128067,2021,201128067,1,9,0,18,19,4,8,0,0,8,0,0,0,0,1,1,6,6,1,-1,-1,2993,2,9,BMW 6 SERIES,-1,-1,0,-1
2021552100799,2021,552100799,1,9,0,18,19,8,4,0,0,0,0,0,0,0,1,1,6,6,2,86,11,2993,2,13,BMW 6 SERIES,5,E01019886,0,-1
2021031092712,2021,031092712,2,9,0,16,19,7,1,0,0,2,0,0,0,0,1,1,5,6,1,62,9,2993,2,6,BMW 6 SERIES,5,E01033069,0,-1
2021131094144,2021,131094144,1,9,0,1,1,1,5,0,0,0,0,0,0,0,4,1,6,6,1,41,7,2993,2,9,BMW 6 SERIES,5,E01010598,0,-1
2021302101718,2021,302101718,1,9,0,9,9,2,6,0,0,8,5,0,0,0,1,1,6,6,3,-1,-1,2996,1,13,BMW 6 SERIES,5,E01019456,0,-1
2021320350626,2021,320350626,2,9,0,4,4,2,6,0,0,1,0,0,0,0,0,1,6,6,2,41,7,4398,1,16,BMW 6 SERIES,5,E01028317,0,-1
2021991060637,2021,991060637,1,9,0,18,19,5,1,0,0,1,0,0,0,0,1,1,6,6,1,30,6,2993,2,8,BMW 6 SERIES,-1,-1,0,-1
2021231049756,2021,231049756,2,9,0,18,19,8,4,0,0,0,0,0,0,0,1,1,5,6,1,21,5,2993,2,7,BMW 6 SERIES,9,E01031237,0,-1
2021430537167,2021,430537167,2,9,0,4,4,1,5,0,0,1,0,0,0,0,2,1,3,7,1,46,8,2993,2,10,BMW 6 SERIES,-1,-1,0,-1
2021302101290,2021,302101290,1,9,0,11,11,8,6,0,0,3,0,0,0,0,4,1,6,6,1,28,6,4398,1,17,BMW 6 SERIES,5,E01008091,0,-1
2021522100227,2021,522100227,1,9,0,18,19,3,7,0,0,0,0,0,7,4,1,1,6,6,1,56,9,4799,1,15,BMW 6 SERIES,10,E01014980,0,-1
2021201141718,2021,201141718,1,9,0,3,3,6,2,0,0,1,0,9,0,0,2,1,6,6,1,26,6,2993,2,6,BMW 6 SERIES,6,E01019873,0,-1
2021471080421,2021,471080421,1,9,0,3,3,6,2,0,0,0,0,0,0,0,2,1,2,2,2,41,7,2993,2,9,BMW 6 SERIES,6,E01030818,0,-1
2021061109045,2021,061109045,1,9,0,18,19,5,1,0,0,0,0,0,0,0,1,1,6,6,1,21,5,2993,2,8,BMW 6 SERIES,-1,-1,0,-1
2021430404211,2021,430404211,1,9,0,4,4,5,1,0,0,0,0,0,0,0,0,1,6,6,3,-1,-1,2993,2,13,BMW 6 SERIES,-1,-1,0,-1
2021010335990,2021,010335990,1,9,0,10,10,6,3,0,0,3,0,0,0,0,2,1,3,7,1,37,7,2993,2,3,BMW 6 SERIES,1,E01002588,0,-1
2021302100718,2021,302100718,2,9,0,18,19,6,2,0,0,1,0,0,0,0,1,1,6,6,1,32,6,2993,2,6,BMW 6 SERIES,1,E01013573,0,-1
2021010332065,2021,010332065,1,9,0,18,19,3,7,0,0,0,0,0,0,0,1,1,6,6,1,31,6,2993,2,5,BMW 6 SERIES,2,E01003557,0,-1
2021010298317,2021,010298317,2,9,0,18,19,1,5,0,0,1,0,0,0,0,1,1,6,6,1,26,6,2993,2,8,BMW 6 SERIES,3,E01003569,0,-1
2021471104542,2021,471104542,2,9,0,18,19,1,4,0,0,2,0,0,7,0,2,1,2,2,2,57,9,2996,1,13,BMW 6 SERIES,6,E01031477,0,-1
2021031146074,2021,031146074,2,9,0,18,19,2,6,0,0,0,0,0,1,0,2,1,6,6,1,38,7,2993,2,8,BMW 6 SERIES,4,E01019257,0,-1
2021010287924,2021,010287924,1,9,0,17,19,1,5,0,0,0,0,0,0,0,2,1,6,6,1,47,8,2993,2,8,BMW 6 SERIES,7,E01002136,0,-1
2021471029643,2021,471029643,1,9,0,18,19,3,7,0,0,0,1,0,2,2,1,1,6,6,1,36,7,2993,2,9,BMW 6 SERIES,6,E01031817,0,-1
2021430387008,2021,430387008,1,9,0,7,7,1,3,0,0,6,0,0,0,0,3,1,6,6,1,64,9,2993,2,8,BMW 6 SERIES,9,E01017796,0,-1
2021461108358,2021,461108358,1,9,0,9,9,4,1,0,0,1,0,0,0,0,3,1,5,6,1,43,7,4398,1,16,BMW 6 SERIES,8,E01024653,0,-1
2021010287289,2021,010287289,1,9,0,99,99,9,9,99,99,9,9,99,9,99,2,9,6,6,1,29,6,2993,2,6,BMW 6 SERIES,2,E01001830,0,-1
2021421013489,2021,421013489,2,9,0,18,19,1,5,0,0,1,0,0,0,0,3,1,5,6,2,31,6,2993,2,5,BMW 6 SERIES,3,E01021850,0,-1
2021010297586,2021,010297586,2,9,0,18,19,1,5,0,0,5,0,0,3,0,1,1,6,6,1,32,6,2996,1,14,BMW 6 SERIES,3,E01001243,0,-1
2021131081375,2021,131081375,1,9,0,18,19,1,5,0,0,2,0,0,0,0,1,1,6,6,3,-1,-1,4398,1,16,BMW 6 SERIES,-1,-1,0,-1
2021221028193,2021,221028193,1,9,0,9,9,5,3,0,0,5,0,0,0,0,1,1,2,2,1,49,8,2993,2,4,BMW 6 SERIES,8,E01014157,0,-1
2021010349337,2021,010349337,1,9,0,18,19,1,5,0,0,0,0,0,0,0,1,1,2,2,2,58,9,2993,2,9,BMW 6 SERIES,4,E01000029,0,-1
2021201150024,2021,201150024,1,9,0,7,7,5,7,0,0,1,0,10,1,2,3,1,6,6,1,28,6,2993,2,7,BMW 6 SERIES,1,E01010464,0,-1
2021061116010,2021,061116010,1,9,0,9,9,1,6,0,0,8,0,0,0,0,1,1,6,6,1,50,8,2993,2,3,BMW 6 SERIES,9,E01011566,0,-1
2021451066897,2021,451066897,1,9,0,10,10,3,1,0,0,8,0,0,0,0,1,1,5,6,1,70,10,4395,1,10,BMW 6 SERIES,7,E01030466,0,-1
202154B028321,2021,54B028321,2,9,0,18,19,3,7,0,0,8,0,0,0,0,3,1,6,6,1,56,9,1998,1,2,BMW 6 SERIES,8,E01015553,0,-1
2021522100585,2021,522100585,1,9,0,18,19,6,2,0,0,0,0,0,0,0,2,1,6,6,1,43,7,2993,2,14,BMW 6 SERIES,8,E01015298,0,-1
2021010335881,2021,010335881,1,9,0,99,99,9,9,99,99,9,9,99,9,99,2,9,6,6,1,52,8,2996,1,14,BMW 6 SERIES,5,E01002769,0,-1
2021451046589,2021,451046589,1,9,0,18,19,3,7,0,0,1,0,0,0,0,1,1,6,6,1,60,9,2993,2,3,BMW 6 SERIES,10,E01030941,0,-1
2021421130905,2021,421130905,3,9,0,3,3,2,6,0,0,1,0,0,0,0,2,1,6,6,1,43,7,2993,2,4,BMW 6 SERIES,9,E01018291,0,-1
2021522103303,2021,522103303,2,9,0,9,9,2,1,0,0,5,0,0,0,0,1,1,6,6,1,47,8,4799,1,15,BMW 6 SERIES,7,E01014870,0,-1
2021461044351,2021,461044351,1,9,0,14,14,1,5,0,0,8,0,0,0,0,1,1,6,6,1,41,7,2993,2,13,BMW 6 SERIES,4,E01000731,0,-1
2021501075749,2021,501075749,2,9,0,18,19,7,3,0,0,1,0,0,0,0,2,1,6,6,1,44,7,2993,2,9,BMW 6 SERIES,6,E01015136,0,-1
2021451052850,2021,451052850,1,9,0,7,7,5,1,0,0,2,0,0,3,11,1,1,1,1,1,53,8,4799,1,14,BMW 6 SERIES,4,E01030746,0,-1
2021041026582,2021,041026582,1,9,0,18,19,7,3,0,0,0,0,0,0,0,4,1,2,2,2,49,8,2993,2,9,BMW 6 SERIES,7,E01025027,0,-1
2021201117782,2021,201117782,2,21,0,3,3,4,8,0,0,0,0,0,0,0,2,1,6,6,1,38,7,5880,2,15,-1,1,E01009358,0,-1
2021111093817,2021,111093817,2,21,0,2,2,0,0,0,0,0,0,0,0,0,2,1,1,1,1,37,7,5880,2,15,-1,1,E01008299,0,-1
2021522102024,2021,522102024,3,5,0,18,19,8,4,0,0,0,1,0,0,0,1,1,6,6,1,54,8,937,1,2,-1,10,E01014980,0,-1
202134NNC3621,2021,34NNC3621,2,9,0,18,19,7,3,0,0,0,0,0,0,0,3,1,6,6,1,58,9,4951,1,5,FORD MUSTANG,6,E01027045,0,-1
2021052102021,2021,052102021,2,9,0,2,2,0,0,0,0,0,0,0,0,0,2,1,6,6,3,-1,-1,5038,1,1,FORD MUSTANG,-1,-1,0,-1
2021421040373,2021,421040373,2,9,0,4,4,7,3,0,0,0,0,0,0,0,2,1,5,6,1,29,6,5038,1,2,FORD MUSTANG,5,E01021954,0,-1
2021451103826,2021,451103826,1,9,0,18,19,6,2,0,0,1,0,0,2,10,1,1,1,1,1,32,6,4951,1,3,FORD MUSTANG,5,E01001232,0,-1
202131A002621,2021,31A002621,1,9,0,18,19,5,1,0,0,2,0,0,1,11,1,1,6,6,1,37,7,4951,1,4,FORD MUSTANG,5,E01011063,0,-1
2021622100709,2021,622100709,1,9,0,18,19,4,8,0,0,0,0,0,0,0,1,1,6,6,3,-1,-1,4951,1,5,FORD MUSTANG,-1,-1,0,-1
2021451053697,2021,451053697,2,9,0,18,19,7,3,0,0,0,1,0,0,0,1,1,5,6,1,69,10,2261,1,4,FORD MUSTANG,9,E01000840,0,-1
2021052102682,2021,052102682,1,9,0,18,19,3,7,0,0,0,1,0,4,0,1,2,6,6,1,47,8,5038,1,3,FORD MUSTANG,4,E01033756,0,-1
2021010330993,2021,010330993,2,9,0,99,99,9,9,99,99,9,9,99,9,99,2,9,6,6,3,-1,-1,4951,1,5,FORD MUSTANG,-1,-1,0,-1
2021361100818,2021,361100818,1,9,0,18,19,3,6,0,0,0,0,0,0,0,4,1,5,6,1,37,7,4951,1,4,FORD MUSTANG,8,E01026849,0,-1
2021543234521,2021,543234521,2,9,0,18,19,4,8,0,0,0,1,0,7,4,3,1,6,6,1,73,10,5038,1,3,FORD MUSTANG,10,E01014388,0,-1
2021010291684,2021,010291684,1,9,0,4,4,7,3,0,0,1,0,0,0,0,2,1,6,6,2,29,6,4951,1,3,FORD MUSTANG,5,E01033573,0,-1
2021201102594,2021,201102594,1,9,0,18,19,2,6,0,0,0,1,7,0,0,1,1,1,1,1,29,6,4951,1,4,FORD MUSTANG,1,E01009354,0,-1
2021401031427,2021,401031427,2,9,0,18,19,7,3,0,0,4,0,0,0,0,4,1,5,6,1,36,7,2261,1,3,FORD MUSTANG,6,E01017481,0,-1
2021052102758,2021,052102758,1,9,0,18,19,5,1,0,0,0,1,0,0,0,1,1,6,6,1,26,6,4951,1,3,FORD MUSTANG,7,E01025506,0,-1
2021501084070,2021,501084070,2,9,0,18,19,5,1,0,0,0,0,0,0,0,2,1,5,6,1,57,9,4951,1,5,FORD MUSTANG,8,E01020080,0,-1
2021371134422,2021,371134422,2,9,0,17,19,4,2,0,0,8,1,0,0,0,4,1,6,6,1,54,8,5000,1,6,FORD MUSTANG,5,E01032526,0,-1
2021010325829,2021,010325829,1,9,0,99,99,9,9,99,99,9,9,99,9,99,2,9,6,6,2,38,7,4951,1,3,FORD MUSTANG,2,E01003911,0,-1
2021101059864,2021,101059864,1,9,0,18,19,7,3,0,0,0,0,0,0,0,1,1,5,6,1,41,7,5038,1,3,FORD MUSTANG,10,E01020613,0,-1
2021010351787,2021,010351787,1,9,0,18,19,1,5,0,0,0,0,6,1,10,1,1,6,6,1,29,6,4951,1,5,FORD MUSTANG,4,E01021451,0,-1
2021010347970,2021,010347970,1,9,0,18,19,1,5,0,0,0,1,6,1,0,1,1,6,6,1,34,6,2261,1,5,FORD MUSTANG,9,E01000303,0,-1
2021461122107,2021,461122107,1,9,0,18,19,8,4,0,0,0,0,0,0,0,1,1,1,1,1,32,6,4951,1,3,FORD MUSTANG,7,E01024592,0,-1
2021031091966,2021,031091966,1,9,0,5,5,7,3,0,0,0,0,4,0,0,1,1,6,6,1,36,7,5038,1,2,FORD MUSTANG,3,E01019222,0,-1
2021141042641,2021,141042641,1,9,0,18,19,1,5,0,0,1,0,0,0,0,1,2,5,6,1,33,6,5038,1,2,FORD MUSTANG,7,E01007615,0,-1
2021522105703,2021,522105703,2,19,0,18,19,3,7,0,0,0,0,0,0,0,1,1,6,6,1,30,6,2500,2,16,FORD RANGER,8,E01014797,0,-1
2021010315501,2021,010315501,1,19,0,99,99,9,9,99,99,9,9,99,9,99,2,9,2,2,2,48,8,2198,2,4,FORD RANGER,7,E01004619,0,-1
2021010339431,2021,010339431,2,19,0,5,5,3,7,0,0,1,0,0,0,0,1,1,1,1,1,27,6,1996,2,1,FORD RANGER,8,E01021069,0,-1
2021440479418,2021,440479418,2,19,0,4,4,3,7,0,0,0,0,0,0,0,2,1,2,2,1,46,8,1996,2,0,FORD RANGER,8,E01023049,0,-1
2021552100320,2021,552100320,1,19,0,18,19,4,8,0,0,1,0,0,0,0,1,1,6,6,1,36,7,3198,2,4,FORD RANGER,10,E01020415,0,-1
2021430119946,2021,430119946,1,19,0,9,9,8,6,0,0,8,0,0,0,0,3,1,6,6,1,43,7,3198,2,2,FORD RANGER,4,E01030710,0,-1
2021122100416,2021,122100416,1,21,1,16,19,2,5,0,0,0,5,0,0,0,3,1,1,1,1,46,8,-1,-1,-1,FORD RANGER,9,-1,0,-1
2021451096457,2021,451096457,1,19,0,18,19,5,1,0,0,1,0,0,0,0,1,1,1,1,1,37,7,2198,2,8,FORD RANGER,7,E01030613,0,-1
2021010288338,2021,010288338,2,19,4,99,99,9,9,99,99,9,9,99,9,99,2,9,6,6,3,-1,-1,3198,2,3,FORD RANGER,7,E01023398,0,-1
2021545423121,2021,545423121,1,19,0,16,19,4,6,0,0,0,0,0,0,0,0,1,6,6,2,50,8,3198,2,3,FORD RANGER,7,E01032699,0,-1
2021010337604,2021,010337604,1,98,0,9,9,1,7,0,0,1,0,0,0,0,1,1,1,1,1,30,6,3198,2,2,-1,8,E01021824,0,-1