collision_index,collision_year,collision_ref_no,vehicle_reference,vehicle_type,towing_and_articulation,vehicle_manoeuvre_historic,vehicle_manoeuvre,vehicle_direction_from,vehicle_direction_to,vehicle_location_restricted_lane_historic,vehicle_location_restricted_lane,junction_location,skidding_and_overturning,hit_object_in_carriageway,vehicle_leaving_carriageway,hit_object_off_carriageway,first_point_of_impact,vehicle_left_hand_drive,journey_purpose_of_driver_historic,journey_purpose_of_driver,sex_of_driver,age_of_driver,age_band_of_driver,engine_capacity_cc,propulsion_code,age_of_vehicle,generic_make_model,driver_imd_decile,lsoa_of_driver,escooter_flag,driver_distance_banding
2021552100915,2021,552100915,1,19,0,18,19,4,6,0,0,1,0,0,0,0,1,1,6,6,1,32,6,3198,2,2,FORD RANGER,5,E01020368,0,-1
2021421063508,2021,421063508,1,19,0,9,9,7,4,0,0,8,0,0,7,0,3,1,5,6,1,44,7,2500,2,12,FORD RANGER,7,E01033057,0,-1
2021010299535,2021,010299535,1,19,0,99,99,9,9,99,99,0,9,99,9,99,4,9,6,6,1,47,8,1996,2,1,FORD RANGER,7,E01015977,0,-1
2021201147287,2021,201147287,2,98,0,3,3,1,5,0,0,0,0,0,0,0,2,1,6,6,1,42,7,2500,2,12,-1,3,E01009441,0,-1
2021421021475,2021,421021475,1,19,0,17,19,5,2,0,0,0,5,0,7,0,3,1,1,1,1,64,9,2198,2,2,FORD RANGER,2,E01022046,0,-1
2021552100981,2021,552100981,1,19,0,18,19,3,7,0,0,0,2,0,2,10,1,1,6,6,1,26,6,2499,2,21,FORD RANGER,6,E01032004,0,-1
2021461108680,2021,461108680,1,20,4,10,10,7,3,0,0,0,0,0,0,0,1,1,1,1,1,26,6,-1,-1,-1,FORD RANGER,6,E01024034,0,-1
2021201124482,2021,201124482,1,98,0,4,4,2,6,0,0,1,0,0,0,0,1,1,1,1,1,39,7,3198,2,3,-1,5,E01009764,0,-1
2021451052714,2021,451052714,1,98,0,2,2,0,0,0,0,8,0,0,0,0,2,1,6,6,3,-1,-1,3198,2,4,-1,-1,-1,0,-1
2021461116226,2021,461116226,2,19,0,9,9,1,5,0,0,0,0,0,0,0,3,1,5,6,2,32,6,2500,2,14,FORD RANGER,8,E01023989,0,-1
2021101125071,2021,101125071,2,19,4,18,19,1,5,0,0,1,0,0,0,0,4,1,1,1,1,61,9,1996,2,0,FORD RANGER,2,E01020733,0,-1
2021351045280,2021,351045280,2,19,0,10,10,1,5,0,0,0,0,0,0,0,2,1,2,2,1,27,6,1996,2,1,FORD RANGER,7,E01021361,0,-1
2021552100448,2021,552100448,2,19,0,10,10,2,8,0,0,1,0,0,0,0,2,1,6,6,1,19,4,1996,2,1,FORD RANGER,9,E01020399,0,-1
2021201077206,2021,201077206,1,98,0,5,5,2,8,0,0,6,0,0,0,0,1,1,1,1,1,47,8,2198,2,5,-1,6,E01010012,0,-1
2021421015259,2021,421015259,1,19,0,10,10,7,5,0,0,2,0,0,0,0,3,1,6,6,1,42,7,3198,2,3,FORD RANGER,7,E01033057,0,-1
2021161035481,2021,161035481,1,19,0,18,19,4,8,0,0,0,0,0,0,0,1,1,6,6,3,-1,-1,3198,2,6,FORD RANGER,-1,-1,0,-1
2021201124505,2021,201124505,2,98,0,18,19,6,2,0,0,1,0,0,0,0,4,1,6,6,1,50,8,2198,2,3,-1,7,E01029379,0,-1
2021201114206,2021,201114206,2,98,0,17,19,5,2,0,0,4,0,0,0,0,3,1,1,1,1,50,8,2500,2,15,-1,2,E01010411,0,-1
2021351061334,2021,351061334,1,19,0,11,11,-1,-1,0,0,8,0,0,0,0,4,1,6,6,1,-1,-1,1996,2,0,FORD RANGER,6,E01018036,0,-1
2021161037241,2021,161037241,2,98,0,5,5,1,5,0,0,6,0,0,0,0,3,1,2,2,1,29,6,3198,2,3,-1,7,E01012794,0,-1
2021430055587,2021,430055587,1,19,0,18,19,7,3,0,0,2,1,0,0,0,1,1,6,6,1,35,6,2198,2,5,FORD RANGER,8,E01016558,0,-1
2021501049056,2021,501049056,2,19,0,18,19,3,7,0,0,0,0,0,0,0,2,1,6,6,1,57,9,3198,2,4,FORD RANGER,7,E01015117,0,-1
2021991034813,2021,991034813,1,19,0,18,19,2,6,0,0,0,0,0,0,0,1,1,2,2,1,37,7,2198,2,5,FORD RANGER,4,-1,0,-1
2021131039357,2021,131039357,1,19,0,7,7,7,3,0,0,5,0,0,0,0,4,1,6,6,3,40,7,3198,2,2,FORD RANGER,6,E01011480,0,-1
2021440186285,2021,440186285,2,19,0,2,2,0,0,6,6,0,0,0,0,0,3,1,6,6,1,78,11,2500,2,16,FORD RANGER,6,E01023063,0,-1
2021440152048,2021,440152048,2,19,0,18,19,3,7,0,0,0,0,0,0,0,1,1,1,1,1,36,7,3198,2,3,FORD RANGER,6,E01023284,0,-1
2021430442437,2021,430442437,1,19,0,18,19,2,6,0,0,8,0,0,0,0,4,1,2,2,1,30,6,2198,2,3,FORD RANGER,7,E01023351,0,-1
2021411075909,2021,411075909,1,19,0,16,19,3,7,0,0,0,0,0,0,0,1,1,5,6,1,18,4,1996,2,0,FORD RANGER,5,E01030974,0,-1
2021461018289,2021,461018289,2,4,0,16,19,1,2,0,0,1,0,0,0,0,1,1,6,6,1,29,6,299,1,6,-1,1,E01024196,0,-1
2021991063424,2021,991063424,2,4,0,18,19,1,5,0,0,0,0,0,0,0,3,1,6,6,1,25,5,250,1,11,-1,4,-1,0,-1
202134NNC3761,2021,34NNC3761,1,4,0,18,19,2,6,0,0,8,0,4,0,0,1,1,6,6,1,29,6,290,1,7,-1,8,E01025771,0,-1
2021461033538,2021,461033538,1,2,0,18,19,1,1,0,0,1,0,0,0,0,1,1,5,6,1,18,4,49,1,18,-1,1,E01016083,0,-1
202131D101221,2021,31D101221,1,2,0,18,19,1,5,0,0,0,1,0,1,11,1,1,6,6,1,32,6,49,1,20,-1,2,E01013966,0,-1
2021010340335,2021,010340335,1,2,0,14,14,5,1,9,9,1,0,0,0,0,1,1,2,2,1,18,4,49,1,9,-1,5,E01002533,0,-1
2021010306483,2021,010306483,2,2,0,18,19,7,3,0,0,1,0,0,0,0,1,1,6,6,1,17,4,49,1,22,-1,2,E01004537,0,-1
2021141055336,2021,141055336,1,2,0,18,19,2,6,0,0,1,0,0,0,0,4,1,5,6,1,16,4,49,1,13,-1,6,E01007347,0,-1
2021430392009,2021,430392009,1,2,0,18,19,3,7,0,0,0,0,0,7,11,3,1,4,7,1,17,4,49,1,20,-1,10,E01016700,0,-1
2021421029637,2021,421029637,1,3,0,18,19,2,7,0,0,0,0,0,0,0,1,1,5,6,1,16,4,-1,-1,-1,-1,7,E01021904,0,-1
2021141068397,2021,141068397,1,2,0,18,19,7,3,0,0,1,0,0,0,0,1,1,6,6,1,17,4,49,1,22,-1,4,E01007460,0,-1
2021010301580,2021,010301580,3,4,0,18,19,1,5,0,0,0,0,0,0,0,0,1,6,6,1,17,4,-1,-1,-1,-1,7,E01000734,0,-1
2021141038619,2021,141038619,1,2,0,18,19,5,1,0,0,0,2,10,0,0,1,1,5,6,1,17,4,49,1,8,-1,1,E01007856,0,-1
2021302100890,2021,302100890,1,2,0,18,19,2,7,0,0,1,0,4,0,0,1,1,6,6,1,16,4,49,1,8,-1,9,E01019641,0,-1
202163D065521,2021,63D065521,1,5,0,18,19,6,2,0,0,3,0,0,2,10,4,1,6,6,1,60,9,583,1,21,-1,1,W01001239,0,-1
2021522104474,2021,522104474,1,5,0,18,19,7,3,0,0,8,0,0,0,0,1,1,6,6,1,63,9,599,1,29,-1,3,E01014682,0,-1
2021221053453,2021,221053453,2,3,0,16,19,5,8,0,0,0,0,0,0,0,1,1,5,6,1,17,4,124,1,16,HONDA XR125L,8,E01018495,0,-1
2021010309291,2021,010309291,1,3,0,4,4,8,4,0,0,1,1,0,0,0,0,1,6,6,1,39,7,124,1,14,HONDA XR125L,3,E01001111,0,-1
2021501129833,2021,501129833,1,3,0,18,19,3,7,0,0,1,1,0,0,0,1,1,6,6,1,38,7,124,1,16,HONDA XR125L,4,E01020292,0,-1
2021201122170,2021,201122170,2,4,0,18,19,2,2,0,0,0,2,10,0,0,4,1,6,6,1,19,4,124,1,14,HONDA XR125L,2,E01032470,0,-1
2021141068177,2021,141068177,2,3,0,18,19,3,7,0,0,1,5,0,0,0,1,1,5,6,1,23,5,124,1,14,HONDA XR125L,1,E01008118,0,-1
2021461093675,2021,461093675,1,3,0,15,15,5,1,0,0,0,0,10,0,0,1,1,2,2,1,39,7,124,1,17,HONDA XR125L,6,E01024220,0,-1
20211383N1881,2021,1383N1881,1,3,0,18,19,8,4,0,0,1,0,0,0,0,1,1,6,6,1,17,4,124,1,16,HONDA XR125L,1,E01010739,0,-1
2021461033935,2021,461033935,1,3,0,18,19,1,5,0,0,0,0,0,0,0,-1,1,6,6,1,17,4,124,1,16,HONDA XR125L,2,E01024249,0,-1
2021131113874,2021,131113874,1,3,0,4,4,3,7,0,0,0,2,0,0,0,3,1,5,6,1,55,8,124,1,17,HONDA XR125L,2,E01010724,0,-1
2021101043731,2021,101043731,1,3,0,4,4,1,5,0,0,1,2,0,0,0,1,1,6,6,1,18,4,124,1,17,HONDA XR125L,5,E01008172,0,-1
2021361037799,2021,361037799,2,3,0,18,19,5,1,0,0,4,1,0,0,0,0,1,6,6,1,27,6,124,1,15,HONDA XR125L,5,E01026594,0,-1
2021122101257,2021,122101257,1,3,0,18,19,8,4,0,0,8,0,0,0,0,1,1,6,6,1,25,5,124,1,14,HONDA XR125L,1,E01027907,0,-1
2021061031569,2021,061031569,1,3,0,18,19,5,1,0,0,1,0,0,0,0,1,1,5,6,1,55,8,124,1,15,HONDA XR125L,2,E01006249,0,-1
2021471093785,2021,471093785,2,3,0,18,19,1,5,0,0,1,1,0,0,0,1,1,5,6,1,24,5,124,1,17,HONDA XR125L,3,E01031752,0,-1
2021231091273,2021,231091273,2,4,0,14,14,8,4,0,0,8,1,0,0,0,1,1,5,6,1,17,4,124,1,17,HONDA XR125L,5,E01031078,0,-1
2021351091049,2021,351091049,1,5,0,18,19,8,4,0,0,1,0,0,0,0,1,1,6,6,1,48,8,1130,1,15,-1,5,E01017960,0,-1
2021451070244,2021,451070244,1,4,0,18,19,1,5,0,0,1,2,0,7,9,1,1,6,6,1,20,4,498,1,19,-1,9,E01030970,0,-1
2021131050874,2021,131050874,2,4,0,18,19,1,5,0,0,1,0,0,0,0,1,1,5,6,1,35,6,500,1,20,-1,2,E01010852,0,-1
2021520104085,2021,520104085,1,4,0,18,19,6,2,0,0,8,0,10,0,0,1,1,1,1,1,22,5,498,1,17,-1,2,E01029099,0,-1
2021302101963,2021,302101963,1,9,0,18,19,6,2,0,0,0,1,0,1,4,4,1,6,6,1,31,6,4691,1,8,-1,2,E01019471,0,-1
2021201039074,2021,201039074,1,9,0,18,19,3,7,0,0,0,5,7,2,10,1,1,6,6,2,29,6,4691,1,6,-1,1,E01009124,0,-1
2021031130789,2021,031130789,1,19,0,10,10,2,6,0,0,6,0,0,0,0,1,1,6,6,2,32,6,-1,3,0,-1,9,E01019238,0,-1
2021141052022,2021,141052022,2,2,0,18,19,2,6,0,0,0,5,11,0,0,1,1,5,6,1,16,4,49,1,0,-1,1,E01007317,0,-1
2021122100729,2021,122100729,1,2,0,18,19,8,4,0,0,0,0,0,1,10,1,1,6,6,1,17,4,49,1,1,-1,10,E01027901,0,-1
2021351057943,2021,351057943,1,2,0,4,4,3,7,0,0,0,1,0,0,0,1,1,5,6,1,19,4,49,1,2,-1,5,E01018135,0,-1
2021141063304,2021,141063304,1,2,0,18,19,3,7,0,0,0,0,0,0,0,-1,1,6,6,2,16,4,49,1,0,-1,6,E01008129,0,-1
2021440162689,2021,440162689,1,2,0,18,19,1,5,0,0,0,0,0,0,0,3,1,2,2,2,27,6,49,1,0,-1,2,E01017132,0,-1
2021052100994,2021,052100994,1,9,0,9,9,3,1,0,0,8,0,0,0,0,4,1,6,6,1,29,6,3490,1,17,NISSAN 350,5,E01007143,0,-1
2021010325013,2021,010325013,2,9,9,99,99,9,9,99,99,9,9,99,9,99,9,9,6,6,3,-1,-1,3498,1,17,NISSAN 350,-1,-1,0,-1
202163D076921,2021,63D076921,2,9,0,18,19,1,5,0,0,8,0,0,1,9,1,1,6,6,1,20,4,3491,1,19,NISSAN 350,6,W01000456,0,-1
2021201131424,2021,201131424,1,9,0,13,13,3,7,0,0,0,0,0,0,0,3,1,6,6,1,29,6,3498,1,16,NISSAN 350,2,E01033629,0,-1
2021421074042,2021,421074042,2,9,0,18,19,6,2,0,0,1,0,0,0,0,1,1,6,6,1,49,8,3498,1,12,NISSAN 350,9,E01021727,0,-1
2021070618143,2021,070618143,2,9,0,18,19,1,5,0,0,3,0,0,0,0,1,1,2,2,1,37,7,3498,1,18,NISSAN 350,4,W01000330,0,-1
2021522101754,2021,522101754,1,9,0,17,19,6,2,0,0,0,1,0,7,4,4,1,6,6,1,27,6,3498,1,17,NISSAN 350,10,E01014933,0,-1
2021471031167,2021,471031167,1,9,0,12,12,4,8,0,0,0,0,0,0,0,3,1,5,6,1,30,6,3498,1,15,NISSAN 350,1,E01016866,0,-1
2021520200633,2021,520200633,2,9,0,18,19,4,8,0,0,8,0,0,0,0,1,1,6,6,2,38,7,3498,1,16,NISSAN 350,3,E01001999,0,-1
2021461060149,2021,461060149,1,9,0,16,19,5,1,0,0,0,0,0,1,2,1,1,2,2,1,24,5,3498,1,15,NISSAN 350,3,E01024684,0,-1
2021041032557,2021,041032557,2,9,0,18,19,5,1,0,0,1,0,0,1,11,1,1,5,6,1,22,5,3498,1,15,NISSAN 350,6,E01025587,0,-1
2021531082156,2021,531082156,2,9,0,18,19,7,3,0,0,2,0,10,7,9,4,1,5,6,1,25,5,3498,1,17,NISSAN 350,4,E01009078,0,-1
202131C115721,2021,31C115721,4,9,0,2,2,0,0,0,0,2,0,0,0,0,2,1,6,6,1,-1,-1,3498,1,15,NISSAN 350,1,E01013566,0,-1
2021010315874,2021,010315874,4,19,0,2,2,0,0,0,0,0,0,0,0,0,2,1,6,6,3,-1,-1,-1,-1,-1,-1,-1,-1,0,-1
2021010315563,2021,010315563,1,9,0,7,7,4,6,0,0,2,0,0,0,0,1,1,6,6,1,47,8,-1,3,1,PORSCHE TAYCAN,9,E01000213,0,-1
2021361105982,2021,361105982,1,9,0,18,19,3,7,0,0,0,0,0,0,0,2,1,6,6,2,51,8,-1,3,0,PORSCHE TAYCAN,5,E01026541,0,-1
2021131054921,2021,131054921,1,9,0,18,19,7,3,0,0,1,0,0,1,11,1,1,5,6,1,51,8,-1,3,1,PORSCHE TAYCAN,8,E01011653,0,-1
2021421061192,2021,421061192,2,9,0,18,19,5,1,0,0,8,0,0,1,0,3,1,2,2,1,38,7,-1,3,1,PORSCHE TAYCAN,9,E01002270,0,-1
2021451097502,2021,451097502,1,9,0,5,5,6,2,0,0,0,0,0,0,0,1,1,3,7,1,42,7,-1,3,0,PORSCHE TAYCAN,10,E01030314,0,-1
2021461050984,2021,461050984,2,9,0,2,2,2,6,0,0,0,0,0,0,0,1,1,3,7,1,48,8,-1,3,0,PORSCHE TAYCAN,6,E01024452,0,-1
202131D151121,2021,31D151121,1,9,0,16,19,7,1,0,0,8,0,0,0,0,1,1,6,6,1,46,8,-1,3,0,PORSCHE TAYCAN,10,E01028356,0,-1
2021010289695,2021,010289695,2,9,0,99,99,9,9,99,99,9,9,99,9,99,1,9,6,6,3,34,6,-1,3,1,PORSCHE TAYCAN,9,E01017821,0,-1
2021991196247,2021,991196247,2,9,0,7,7,2,5,0,0,1,0,0,0,0,2,1,6,6,1,61,9,-1,3,1,PORSCHE TAYCAN,10,-1,0,-1
2021461073109,2021,461073109,5,9,0,18,19,3,7,0,0,0,0,0,7,0,2,1,5,6,1,44,7,-1,3,0,PORSCHE TAYCAN,7,E01000650,0,-1
202131D051821,2021,31D051821,1,9,0,9,9,4,2,0,0,6,0,4,0,0,1,1,1,1,1,42,7,-1,3,1,PORSCHE TAYCAN,-1,-1,0,-1
2021010301400,2021,010301400,1,9,0,4,4,5,1,0,0,2,0,0,0,0,4,1,6,6,2,37,7,-1,3,1,PORSCHE TAYCAN,9,E01017802,0,-1
2021010300775,2021,010300775,2,9,0,7,7,4,6,0,0,1,9,99,0,0,4,9,6,6,1,51,8,-1,3,1,PORSCHE TAYCAN,7,E01004650,0,-1
2021461022841,2021,461022841,2,9,0,17,19,2,7,0,0,0,0,0,0,0,1,1,5,6,1,47,8,-1,3,0,PORSCHE TAYCAN,10,E01024325,0,-1
2021221061910,2021,221061910,1,9,0,13,13,5,1,0,0,0,0,0,0,0,4,1,5,6,1,52,8,-1,3,1,PORSCHE TAYCAN,6,E01032345,0,-1
2021010332366,2021,010332366,1,3,0,18,19,1,5,0,0,8,0,0,0,0,1,1,6,6,1,21,5,125,1,6,-1,8,E01000651,0,-1
2021471124472,2021,471124472,1,3,0,4,4,8,4,0,0,8,0,0,0,0,3,1,6,6,1,45,7,125,1,5,-1,8,E01016901,0,-1
2021471031878,2021,471031878,1,3,0,18,19,5,1,0,0,4,0,0,0,0,4,1,1,1,1,17,4,125,1,7,-1,3,E01017007,0,-1
202163B057621,2021,63B057621,2,4,0,18,19,4,8,6,6,8,0,0,0,0,1,1,6,6,1,22,5,125,1,8,-1,-1,-1,0,-1
2021471095711,2021,471095711,1,3,0,18,19,3,7,0,0,8,0,0,0,0,1,1,5,6,1,18,4,125,1,5,-1,1,E01020980,0,-1
2021411126523,2021,411126523,1,9,0,17,19,7,3,0,0,0,0,7,1,0,4,1,5,6,1,26,6,1174,1,42,-1,9,E01023389,0,-1
2021010351583,2021,010351583,2,3,0,18,19,1,5,2,2,1,2,0,0,0,1,1,6,6,1,28,6,-1,3,0,-1,2,E01004460,0,-1
2021201103715,2021,201103715,1,5,0,13,13,8,4,0,0,8,0,0,0,0,1,1,6,6,1,38,7,1157,1,19,SUZUKI GSF 1200,1,E01010080,0,-1
2021010329914,2021,010329914,2,5,0,15,15,7,3,2,2,8,0,0,0,0,1,1,2,2,1,48,8,1157,1,20,SUZUKI GSF 1200,7,E01024267,0,-1
2021061047813,2021,061047813,2,3,0,18,19,1,3,0,0,2,0,0,0,0,4,1,6,6,1,66,10,1157,1,17,-1,4,E01006278,0,-1
2021351038425,2021,351038425,1,5,0,18,19,2,6,0,0,1,2,0,0,0,3,1,6,6,1,59,9,1157,1,20,SUZUKI GSF 1200,7,E01027033,0,-1
2021231110151,2021,231110151,1,5,0,13,13,3,7,0,0,8,0,0,0,0,4,1,5,6,1,55,8,1157,1,14,SUZUKI GSF 1200,7,E01031024,0,-1
2021461037906,2021,461037906,1,5,0,18,19,4,8,0,0,0,0,0,0,0,1,1,5,6,1,60,9,1157,1,24,SUZUKI GSF 1200,1,E01024678,0,-1
2021522102552,2021,522102552,1,5,0,18,19,3,7,0,0,0,0,0,0,0,1,1,6,6,1,66,10,1157,1,22,SUZUKI GSF 1200,1,E01014463,0,-1
2021211048979,2021,211048979,2,5,0,7,7,1,3,0,0,1,0,0,0,0,3,1,6,6,1,74,10,1157,1,16,SUZUKI GSF 1200,1,E01014217,0,-1
2021440041282,2021,440041282,2,5,0,18,19,3,7,0,0,8,0,0,0,0,1,1,6,6,1,57,9,1157,1,19,SUZUKI GSF 1200,6,E01032884,0,-1
2021041080006,2021,041080006,2,5,0,18,19,1,3,0,0,3,5,0,0,0,4,1,1,1,1,51,8,1157,1,14,SUZUKI GSF 1200,-1,-1,0,-1
202131C051721,2021,31C051721,1,5,0,17,19,7,3,0,0,0,1,10,0,0,1,1,6,6,1,68,10,1157,1,16,SUZUKI GSF 1200,1,E01013878,0,-1
2021461113010,2021,461113010,2,3,0,17,19,5,1,0,0,0,5,0,0,0,1,1,6,6,1,53,8,1157,1,19,SUZUKI GSF 1200,5,E01024226,0,-1
2021221066083,2021,221066083,2,5,0,17,19,4,1,0,0,8,1,0,0,0,1,1,5,6,1,27,6,1157,1,19,SUZUKI GSF 1200,2,E01008942,0,-1
2021201056062,2021,201056062,2,3,0,18,19,8,4,0,0,8,0,0,0,0,1,1,6,6,1,29,6,1157,1,24,SUZUKI GSF 1200,6,E01009880,0,-1
2021461068176,2021,461068176,1,5,0,18,19,7,3,0,0,0,1,0,7,0,1,1,6,6,1,27,6,1157,1,15,SUZUKI GSF 1200,2,E01023973,0,-1
2021101026281,2021,101026281,1,5,0,18,19,5,1,0,0,0,0,0,0,0,1,1,2,2,1,26,6,1157,1,14,SUZUKI GSF 1200,7,E01027434,0,-1
20211382A0566,2021,1382A0566,2,5,0,11,11,1,5,0,0,3,0,0,0,0,1,1,6,6,1,25,5,1157,1,18,SUZUKI GSF 1200,2,E01011540,0,-1
2021070777339,2021,070777339,2,5,0,10,10,1,7,0,0,0,0,0,0,0,2,1,6,6,2,29,6,1157,1,24,SUZUKI GSF 1200,2,E01014234,0,-1
2021991081885,2021,991081885,2,4,0,18,19,6,2,0,0,0,5,0,6,0,1,1,6,6,1,55,8,1157,1,15,SUZUKI GSF 1200,1,-1,0,-1
2021522104200,2021,522104200,1,4,0,18,19,5,1,0,0,0,0,0,0,0,1,1,6,6,1,42,7,1157,1,17,SUZUKI GSF 1200,1,E01014689,0,-1
2021101093649,2021,101093649,1,5,0,14,14,2,6,0,0,0,0,0,0,0,1,1,2,2,1,58,9,1157,1,24,SUZUKI GSF 1200,4,E01008274,0,-1
2021052100691,2021,052100691,2,5,0,18,19,5,1,0,0,8,0,0,0,0,1,1,6,6,1,27,6,1157,1,14,SUZUKI GSF 1200,2,E01006948,0,-1
2021440086143,2021,440086143,1,5,0,18,19,5,1,0,0,0,1,0,0,0,4,1,2,2,1,31,6,1157,1,20,SUZUKI GSF 1200,5,E01017084,0,-1
2021131037114,2021,131037114,1,5,0,18,19,2,6,0,0,0,0,0,0,0,4,1,1,1,1,61,9,1157,1,20,SUZUKI GSF 1200,8,E01010758,0,-1
2021010308693,2021,010308693,1,5,0,99,99,9,9,99,99,9,9,99,9,99,1,1,6,6,1,25,5,1200,1,20,SUZUKI GSF 1200,7,E01002911,0,-1
2021122100528,2021,122100528,1,5,0,18,19,8,4,0,0,1,0,0,0,0,0,1,6,6,1,70,10,1157,1,15,SUZUKI GSF 1200,9,E01027885,0,-1
2021461102583,2021,461102583,2,5,0,18,19,7,5,0,0,3,0,0,0,0,4,1,3,7,1,50,8,1157,1,19,SUZUKI GSF 1200,9,E01024814,0,-1
2021221058739,2021,221058739,1,9,0,9,9,4,2,0,0,6,0,0,0,0,1,1,5,6,1,51,8,1298,1,21,SUZUKI JIMNY,9,E01032347,0,-1
202131B000721,2021,31B000721,1,9,0,18,19,1,5,0,0,0,2,10,7,0,1,1,6,6,2,53,8,1328,1,17,SUZUKI JIMNY,6,E01028046,0,-1
2021041018210,2021,041018210,1,9,0,18,19,2,6,0,0,0,1,0,1,0,4,1,5,6,1,64,9,1328,1,14,SUZUKI JIMNY,7,E01025027,0,-1
2021440190668,2021,440190668,1,9,0,18,19,5,1,0,0,0,2,0,1,10,1,1,6,6,2,29,6,1298,1,17,SUZUKI JIMNY,10,E01022850,0,-1
2021052102097,2021,052102097,1,9,0,10,10,4,2,0,0,1,0,0,0,0,1,1,6,6,1,74,10,1298,1,21,SUZUKI JIMNY,1,E01006675,0,-1
2021991079597,2021,991079597,4,9,0,3,3,1,5,0,0,1,0,0,0,0,2,1,5,6,2,68,10,1328,1,11,SUZUKI JIMNY,3,-1,0,-1
2021501098253,2021,501098253,2,9,0,18,19,5,1,0,0,0,0,0,0,0,1,1,5,6,1,32,6,1328,1,19,SUZUKI JIMNY,2,E01015170,0,-1
2021461058902,2021,461058902,2,9,0,18,19,5,1,0,0,1,0,0,0,0,4,1,5,6,1,59,9,1328,1,17,SUZUKI JIMNY,6,E01024520,0,-1
2021471073101,2021,471073101,2,9,0,18,19,8,5,0,0,1,0,4,7,0,1,1,5,6,1,87,11,1328,1,14,SUZUKI JIMNY,6,E01031831,0,-1
2021461196585,2021,461196585,1,9,0,9,9,1,6,0,0,0,0,0,0,0,3,1,5,6,2,61,9,1328,1,4,SUZUKI JIMNY,3,E01024481,0,-1
2021302101245,2021,302101245,1,9,0,16,19,4,6,0,0,0,0,0,0,0,1,1,6,6,1,74,10,1328,1,6,SUZUKI JIMNY,6,E01019557,0,-1
2021471029639,2021,471029639,2,9,0,2,2,0,0,0,0,0,0,0,0,0,1,1,5,6,2,31,6,1298,1,21,SUZUKI JIMNY,9,E01031630,0,-1
2021141061252,2021,141061252,1,9,0,16,19,4,7,0,0,0,0,0,0,0,4,1,2,2,1,27,6,1328,1,19,SUZUKI JIMNY,1,E01028065,0,-1
2021010324807,2021,010324807,1,9,0,9,9,4,2,0,0,2,0,0,0,0,3,1,6,6,2,35,6,1328,1,11,SUZUKI JIMNY,3,E01004066,0,-1
2021401121237,2021,401121237,1,9,0,18,19,3,7,0,0,0,5,0,0,0,1,1,5,6,1,82,11,1328,1,7,SUZUKI JIMNY,4,E01015742,0,-1
2021122100501,2021,122100501,1,9,0,18,19,4,8,0,0,0,0,0,0,0,1,1,6,6,1,93,11,1328,1,15,SUZUKI JIMNY,8,E01027714,0,-1
20211383F0299,2021,1383F0299,1,9,0,18,19,5,1,0,0,8,0,7,0,0,1,1,6,6,1,56,9,1328,1,7,SUZUKI JIMNY,3,E01011919,0,-1
2021440187932,2021,440187932,1,9,0,16,19,2,6,0,0,3,1,0,0,0,1,1,6,6,2,25,5,1328,1,14,SUZUKI JIMNY,10,E01022977,0,-1
2021320632038,2021,320632038,1,9,0,9,9,4,2,0,0,8,0,0,0,0,4,1,6,6,1,83,11,1328,1,9,SUZUKI JIMNY,6,E01026040,0,-1
2021101059993,2021,101059993,1,9,0,5,5,5,1,0,0,4,0,0,0,0,1,1,5,6,1,67,10,1328,1,20,SUZUKI JIMNY,9,E01020612,0,-1
2021461143222,2021,461143222,2,9,0,18,19,5,1,0,0,1,0,0,0,0,1,1,6,6,1,26,6,1328,1,18,SUZUKI JIMNY,6,E01016113,0,-1
2021440217984,2021,440217984,1,9,0,1,1,4,7,9,9,0,0,10,7,11,2,1,6,6,2,49,8,1328,1,12,SUZUKI JIMNY,4,E01017187,0,-1
2021543207521,2021,543207521,1,9,0,18,19,5,1,0,0,0,0,0,0,0,1,1,6,6,2,53,8,1462,1,1,SUZUKI JIMNY,9,E01023191,0,-1
2021122100307,2021,122100307,1,9,0,18,19,1,5,0,0,0,5,0,1,11,1,1,6,6,2,59,9,1298,1,19,SUZUKI JIMNY,5,E01027822,0,-1
202154C171921,2021,54C171921,2,9,0,18,19,3,7,0,0,0,0,0,1,0,1,1,6,6,2,72,10,1328,1,16,SUZUKI JIMNY,6,E01031971,0,-1
2021061084173,2021,061084173,1,9,0,18,19,6,2,0,0,1,0,0,0,0,1,1,6,6,2,30,6,1328,1,17,SUZUKI JIMNY,1,E01006025,0,-1
2021010295223,2021,010295223,1,9,0,99,99,9,9,99,99,9,9,99,9,99,9,9,6,6,1,72,10,1298,1,22,SUZUKI JIMNY,9,E01001039,0,-1
2021461012152,2021,461012152,2,9,0,18,19,5,1,0,0,0,0,0,0,0,0,1,6,6,3,-1,-1,1328,1,19,SUZUKI JIMNY,-1,-1,0,-1
2021440187111,2021,440187111,3,9,0,18,19,0,0,0,0,0,0,0,0,0,2,1,6,6,3,-1,-1,1298,1,17,SUZUKI JIMNY,-1,-1,0,-1
2021302101184,2021,302101184,1,9,0,7,7,2,6,0,0,8,0,0,0,0,4,1,6,6,2,85,11,1328,1,17,SUZUKI JIMNY,8,E01019734,0,-1