collision_index,collision_year,collision_ref_no,vehicle_reference,vehicle_type,towing_and_articulation,vehicle_manoeuvre_historic,vehicle_manoeuvre,vehicle_direction_from,vehicle_direction_to,vehicle_location_restricted_lane_historic,vehicle_location_restricted_lane,junction_location,skidding_and_overturning,hit_object_in_carriageway,vehicle_leaving_carriageway,hit_object_off_carriageway,first_point_of_impact,vehicle_left_hand_drive,journey_purpose_of_driver_historic,journey_purpose_of_driver,sex_of_driver,age_of_driver,age_band_of_driver,engine_capacity_cc,propulsion_code,age_of_vehicle,generic_make_model,driver_imd_decile,lsoa_of_driver,escooter_flag,driver_distance_banding
2021451045757,2021,451045757,2,9,0,3,3,1,5,0,0,4,0,0,0,0,2,1,5,6,2,55,8,1328,1,16,SUZUKI JIMNY,2,E01000743,0,-1
2021401047592,2021,401047592,1,9,0,18,19,5,1,0,0,1,2,0,1,10,4,1,5,6,1,25,5,1328,1,14,SUZUKI JIMNY,10,E01023615,0,-1
2021430323334,2021,430323334,1,9,0,18,19,2,6,0,0,0,5,0,8,4,1,1,6,6,1,21,5,1298,1,21,SUZUKI JIMNY,10,E01017882,0,-1
2021141028336,2021,141028336,1,9,0,14,14,4,8,0,0,1,0,0,0,0,1,1,5,6,1,24,5,1328,1,18,SUZUKI JIMNY,1,E01008097,0,-1
2021501025780,2021,501025780,1,9,0,9,9,2,8,0,0,1,5,0,0,0,2,1,5,6,2,24,5,1328,1,11,SUZUKI JIMNY,3,E01019036,0,-1
2021421032680,2021,421032680,1,9,0,18,19,7,3,0,0,8,0,0,0,0,3,1,5,6,2,74,10,1328,1,11,SUZUKI JIMNY,5,E01021644,0,-1
2021461024022,2021,461024022,2,9,0,8,8,4,2,0,0,1,0,0,0,0,3,1,5,6,2,72,10,1328,1,17,SUZUKI JIMNY,4,E01024200,0,-1
2021461030433,2021,461030433,3,9,0,10,10,6,2,0,0,1,0,0,0,0,2,1,1,1,2,18,4,1328,1,18,SUZUKI JIMNY,7,E01024380,0,-1
2021351088309,2021,351088309,1,9,0,1,1,8,4,0,0,0,0,0,0,0,2,1,5,6,2,77,11,1328,1,16,SUZUKI JIMNY,2,E01018071,0,-1
202163D092521,2021,63D092521,1,9,0,18,19,8,4,0,0,0,2,0,8,10,3,1,6,6,1,96,11,1328,1,7,SUZUKI JIMNY,6,W01000500,0,-1
2021421019371,2021,421019371,1,9,0,18,19,3,7,0,0,0,2,0,1,4,1,1,5,6,1,20,4,1328,1,15,SUZUKI JIMNY,3,E01022019,0,-1
2021991079509,2021,991079509,2,9,0,17,19,8,4,0,0,0,2,0,0,0,1,1,6,6,2,44,7,1298,1,23,SUZUKI JIMNY,5,-1,0,-1
2021501134302,2021,501134302,1,9,0,4,4,4,8,0,0,0,0,0,0,0,2,1,6,6,1,66,10,1328,1,4,SUZUKI JIMNY,4,E01018776,0,-1
2021010343860,2021,010343860,1,9,0,18,19,3,7,0,0,1,0,0,0,0,1,1,6,6,2,66,10,1328,1,12,SUZUKI JIMNY,-1,-1,0,-1
2021041041149,2021,041041149,2,9,0,18,19,1,5,0,0,8,5,0,0,0,3,1,5,6,1,89,11,1328,1,14,SUZUKI JIMNY,8,E01025086,0,-1
2021010313123,2021,010313123,2,9,0,99,99,9,9,99,99,9,9,99,9,99,9,9,6,6,3,-1,-1,1998,1,22,-1,-1,-1,0,-1
2021010317378,2021,010317378,1,9,0,7,7,1,3,0,0,5,0,0,0,0,4,1,6,6,1,57,9,1998,1,22,-1,5,E01004520,0,-1
2021411061325,2021,411061325,1,9,0,18,19,7,3,0,0,0,0,0,0,0,1,1,5,6,1,43,7,1998,1,21,-1,7,E01023739,0,-1
2021461119552,2021,461119552,2,9,0,18,19,4,8,0,0,0,0,0,0,0,0,1,6,6,1,33,6,1998,1,22,-1,8,E01024053,0,-1
2021320456430,2021,320456430,2,5,0,16,19,3,7,0,0,8,5,0,0,0,1,1,6,6,1,58,9,1050,1,16,TRIUMPH SPRINT ST 1050,7,E01026388,0,-1
2021991055781,2021,991055781,1,5,0,18,19,3,7,0,0,0,0,0,1,0,3,1,5,6,1,28,6,1050,1,16,TRIUMPH SPRINT ST 1050,8,E01008458,0,-1
2021471066398,2021,471066398,1,5,0,14,14,1,5,0,0,1,0,0,0,0,1,1,5,6,1,33,6,1050,1,12,TRIUMPH SPRINT ST 1050,1,E01031427,0,-1
2021010336198,2021,010336198,2,2,9,18,19,3,7,99,99,9,9,99,9,99,3,1,6,6,1,-1,-1,1050,1,13,TRIUMPH SPRINT ST 1050,-1,-1,0,-1
2021101065848,2021,101065848,1,5,0,11,11,7,3,0,0,8,0,0,0,0,4,1,6,6,1,37,7,1050,1,15,TRIUMPH SPRINT ST 1050,7,E01008721,0,-1
2021052101737,2021,052101737,2,5,0,18,19,8,4,0,0,0,0,0,0,0,4,1,2,2,1,54,8,1050,1,16,TRIUMPH SPRINT ST 1050,1,E01006863,0,-1
2021501112565,2021,501112565,2,5,0,5,5,7,3,0,0,3,0,0,0,0,3,1,1,1,1,59,9,1050,1,16,TRIUMPH SPRINT ST 1050,9,E01019983,0,-1
2021421050082,2021,421050082,2,5,0,16,19,4,8,0,0,0,0,0,0,0,1,1,2,2,1,28,6,1050,1,14,TRIUMPH SPRINT ST 1050,8,E01029890,0,-1
2021041049369,2021,041049369,1,5,0,18,19,5,1,0,0,0,1,11,1,0,4,1,2,2,1,61,9,1050,1,11,TRIUMPH SPRINT ST 1050,7,E01025131,0,-1
2021320246154,2021,320246154,1,5,0,14,14,6,2,0,0,0,0,0,7,0,1,1,6,6,1,62,9,1050,1,14,TRIUMPH SPRINT ST 1050,7,E01026319,0,-1
2021501119097,2021,501119097,2,5,0,9,9,5,2,0,0,8,0,0,0,0,1,1,6,6,1,23,5,1050,1,16,TRIUMPH SPRINT ST 1050,8,E01020333,0,-1
2021141064238,2021,141064238,1,5,0,9,9,2,8,0,0,8,0,0,0,0,3,1,2,2,1,55,8,1050,1,14,TRIUMPH SPRINT ST 1050,3,E01011868,0,-1
2021351090380,2021,351090380,2,5,0,18,19,8,4,0,0,8,0,0,1,0,1,1,1,1,1,52,8,1050,1,15,TRIUMPH SPRINT ST 1050,5,E01030106,0,-1
2021991076038,2021,991076038,2,5,0,18,19,3,7,0,0,1,0,0,0,0,3,1,2,2,1,61,9,1050,1,14,TRIUMPH SPRINT ST 1050,3,-1,0,-1
2021401063209,2021,401063209,1,3,0,18,19,3,7,0,0,0,0,0,0,0,1,1,5,6,1,47,8,1050,1,10,TRIUMPH SPRINT ST 1050,6,E01017578,0,-1
2021010294314,2021,010294314,2,5,0,17,19,7,3,0,0,0,0,4,0,0,1,1,6,6,1,58,9,1050,1,15,TRIUMPH SPRINT ST 1050,2,E01001706,0,-1
2021361029990,2021,361029990,1,5,0,4,4,2,6,0,0,1,0,0,0,0,0,1,5,6,1,38,7,1050,1,15,TRIUMPH SPRINT ST 1050,8,E01026930,0,-1
2021371042773,2021,371042773,1,5,0,16,19,3,1,0,0,0,0,0,7,0,1,1,2,2,1,37,7,1050,1,14,TRIUMPH SPRINT ST 1050,8,E01033047,0,-1
2021552101379,2021,552101379,1,5,0,18,19,2,6,0,0,0,1,0,0,0,1,1,6,6,1,21,5,1050,1,16,TRIUMPH SPRINT ST 1050,10,E01028680,0,-1
2021501086228,2021,501086228,1,5,0,16,19,2,6,0,0,1,2,0,0,0,0,1,5,6,1,48,8,1050,1,15,TRIUMPH SPRINT ST 1050,4,E01019927,0,-1
2021430581242,2021,430581242,2,5,0,18,19,5,1,0,0,1,0,0,0,0,1,1,2,2,1,33,6,1050,1,15,TRIUMPH SPRINT ST 1050,9,E01028747,0,-1
2021421119270,2021,421119270,1,5,0,13,13,1,5,0,0,1,0,0,0,0,1,1,2,2,1,29,6,1050,1,16,TRIUMPH SPRINT ST 1050,6,E01021380,0,-1
2021991080111,2021,991080111,1,4,0,18,19,8,4,0,0,0,2,0,0,0,1,1,1,1,1,61,9,1050,1,14,TRIUMPH SPRINT ST 1050,6,-1,0,-1
2021440216049,2021,440216049,2,5,0,18,19,8,4,0,0,8,0,0,0,0,4,1,6,6,1,48,8,1050,1,13,TRIUMPH SPRINT ST 1050,10,E01023043,0,-1
2021421055719,2021,421055719,2,4,0,18,19,7,3,0,0,0,2,0,0,0,0,1,6,6,1,73,10,1050,1,16,TRIUMPH SPRINT ST 1050,8,E01021350,0,-1
2021401038443,2021,401038443,1,5,0,17,19,3,7,0,0,0,2,0,1,3,1,1,5,6,1,26,6,1050,1,14,TRIUMPH SPRINT ST 1050,7,E01016740,0,-1
2021311155590,2021,311155590,1,5,0,18,19,7,3,0,0,0,1,11,2,0,1,1,1,1,1,52,8,1050,1,11,TRIUMPH SPRINT ST 1050,7,E01019490,0,-1
2021231077860,2021,231077860,1,5,0,18,19,6,2,0,0,0,0,12,0,0,3,1,6,6,1,46,8,1050,1,16,TRIUMPH SPRINT ST 1050,9,E01026234,0,-1
2021061058066,2021,061058066,2,5,0,18,19,5,1,0,0,1,0,0,0,0,4,1,5,6,1,37,7,1050,1,10,TRIUMPH SPRINT ST 1050,7,E01005517,0,-1
2021122100998,2021,122100998,2,4,0,16,19,1,4,0,0,0,1,0,0,0,3,1,6,6,1,57,9,500,1,54,-1,-1,-1,0,-1
2021201087866,2021,201087866,1,9,-1,-1,-1,-1,-1,-1,-1,0,-1,0,-1,0,-1,1,6,6,1,21,5,999,1,4,-1,9,E01029508,0,-1
2021010313216,2021,010313216,2,5,0,18,19,5,1,0,0,8,2,4,0,0,1,1,6,6,1,29,6,800,1,7,-1,4,E01000745,0,-1
2021421062421,2021,421062421,2,5,0,18,19,1,5,0,0,1,5,0,0,0,1,1,1,1,1,26,6,779,1,9,-1,3,E01015973,0,-1
2021440415051,2021,440415051,2,5,0,18,19,2,6,0,0,8,0,0,0,0,4,1,6,6,1,54,8,779,1,7,-1,4,E01032847,0,-1
2021010329616,2021,010329616,2,5,0,18,19,5,1,0,0,1,1,0,0,0,3,1,2,2,1,47,8,779,1,7,-1,4,E01002131,0,-1
2021161089283,2021,161089283,2,5,0,18,19,6,2,0,0,0,0,0,7,0,1,1,6,6,1,49,8,779,1,7,-1,4,E01012976,0,-1
2021545672221,2021,545672221,2,5,0,17,19,1,5,0,0,0,0,0,1,10,1,1,6,6,1,55,8,779,1,9,-1,6,E01031944,0,-1
2021471054959,2021,471054959,2,5,0,18,19,3,7,0,0,1,0,0,0,0,1,1,5,6,1,58,9,847,1,5,-1,6,E01031661,0,-1
2021531052364,2021,531052364,2,5,0,13,13,8,4,0,0,0,0,0,0,0,1,1,6,6,1,55,8,847,1,0,-1,8,E01022402,0,-1
2021041055332,2021,041055332,1,5,0,16,19,6,2,0,0,0,0,0,0,0,1,1,6,6,1,29,6,847,1,2,-1,5,E01005002,0,-1
2021430147720,2021,430147720,1,3,0,13,13,8,4,0,0,1,0,0,1,0,1,1,2,2,1,20,4,-1,-1,-1,-1,10,E01016430,0,-1
2021361084848,2021,361084848,2,2,0,18,19,8,4,0,0,0,0,0,1,0,3,1,6,6,1,16,4,49,1,11,-1,5,E01026751,0,-1
2021041099365,2021,041099365,2,2,0,18,19,1,5,0,0,2,0,0,0,0,1,1,5,6,1,16,4,49,1,11,-1,8,E01025542,0,-1
2021041038195,2021,041038195,2,2,0,10,10,1,5,0,0,1,0,0,0,0,1,1,5,6,1,17,4,49,1,12,-1,5,E01025017,0,-1
2021041098365,2021,041098365,2,2,0,18,19,1,5,0,0,1,0,0,0,0,3,1,5,6,1,16,4,49,1,10,-1,8,E01024984,0,-1
2021061070356,2021,061070356,1,5,0,7,7,8,3,0,0,8,0,0,0,0,3,1,6,6,1,63,9,1170,1,4,-1,3,E01005524,0,-1
2021451054200,2021,451054200,2,5,0,18,19,3,7,0,0,1,5,0,0,0,3,1,2,2,1,35,6,1170,1,5,-1,10,E01030941,0,-1
2021141059057,2021,141059057,1,5,0,13,13,6,2,0,0,0,0,0,0,0,1,1,5,6,1,56,9,1170,1,4,-1,6,E01028034,0,-1
2021371025307,2021,371025307,1,9,0,13,13,5,1,0,0,0,2,0,1,4,1,1,2,2,2,28,6,1800,1,6,-1,9,E01030147,0,-1
2021302100190,2021,302100190,2,9,0,18,19,8,4,0,0,1,0,0,0,0,1,1,6,6,1,61,9,2987,2,13,CHRYSLER 300C,4,E01013537,0,-1
2021421040023,2021,421040023,1,9,0,4,4,7,3,0,0,0,0,0,0,0,1,1,6,6,1,-1,-1,2987,2,15,CHRYSLER 300C,1,E01020983,0,-1
2021161083583,2021,161083583,1,9,0,18,19,6,2,0,0,0,0,0,0,0,4,1,6,6,1,-1,-1,2987,2,13,CHRYSLER 300C,-1,-1,0,-1
2021141047634,2021,141047634,1,9,0,18,19,7,5,0,0,1,0,0,1,2,1,1,6,6,1,31,6,2987,2,11,CHRYSLER 300C,1,E01007530,0,-1
2021131041008,2021,131041008,2,9,0,18,19,3,7,0,0,0,0,0,0,0,3,1,5,6,2,29,6,2987,2,14,CHRYSLER 300C,3,E01011762,0,-1
2021161077170,2021,161077170,1,9,0,13,13,5,1,0,0,1,5,0,7,0,1,1,5,6,1,36,7,3518,1,15,CHRYSLER 300C,4,E01013503,0,-1
2021010287648,2021,010287648,3,9,0,5,5,7,3,0,0,4,0,0,0,0,2,1,6,6,1,47,8,2987,2,15,CHRYSLER 300C,-1,-1,0,-1
2021991044984,2021,991044984,1,9,0,18,19,4,8,0,0,1,0,0,0,0,1,1,5,6,1,71,10,2987,2,13,CHRYSLER 300C,5,-1,0,-1
2021440402128,2021,440402128,1,9,0,18,19,5,1,0,0,3,2,0,1,2,1,1,6,6,1,41,7,6063,1,14,CHRYSLER 300C,4,E01017203,0,-1
2021549162421,2021,549162421,2,9,0,5,5,5,8,0,0,4,0,0,0,0,1,1,2,2,1,45,7,3518,1,14,CHRYSLER 300C,7,E01017050,0,-1
2021161021225,2021,161021225,2,9,0,18,19,7,3,0,0,8,0,0,2,10,1,1,5,6,1,31,6,2987,2,15,CHRYSLER 300C,1,E01013136,0,-1
2021471126112,2021,471126112,1,9,0,17,19,1,5,0,0,8,0,0,0,0,4,1,2,2,1,61,9,2987,2,13,CHRYSLER 300C,6,E01020999,0,-1
2021201077655,2021,201077655,2,9,0,3,3,8,4,0,0,0,0,0,0,0,2,1,6,6,2,58,9,2987,2,15,CHRYSLER 300C,10,E01010257,0,-1
2021161030055,2021,161030055,1,9,0,18,19,1,5,0,0,8,0,0,0,0,3,1,6,6,1,65,9,2987,2,14,CHRYSLER 300C,8,E01013166,0,-1
2021461047649,2021,461047649,1,9,0,5,5,4,1,0,0,2,0,0,0,0,1,1,5,6,2,61,9,2776,2,14,CHRYSLER VOYAGER,5,E01024342,0,-1
202163C078821,2021,63C078821,1,9,0,17,19,1,6,0,0,1,0,0,0,0,1,1,2,2,1,47,8,2777,2,12,CHRYSLER VOYAGER,6,W01000539,0,-1
2021201097460,2021,201097460,1,9,0,13,13,2,5,0,0,8,0,0,0,0,4,1,6,6,1,-1,-1,2499,2,17,CHRYSLER VOYAGER,-1,-1,0,-1
2021411075901,2021,411075901,1,9,0,18,19,3,7,0,0,8,5,0,3,4,1,1,5,6,1,35,6,2770,2,15,CHRYSLER VOYAGER,5,E01023533,0,-1
2021010320161,2021,010320161,1,9,0,99,99,9,9,99,99,9,9,99,9,99,2,9,6,6,1,56,9,3301,6,22,CHRYSLER VOYAGER,4,E01001153,0,-1
2021221111239,2021,221111239,1,9,0,18,19,1,4,0,0,1,0,0,0,0,1,1,6,6,1,33,6,2499,2,15,CHRYSLER VOYAGER,3,E01032378,0,-1
2021440009164,2021,440009164,2,9,0,13,13,1,5,0,0,0,0,0,0,0,4,1,6,6,1,-1,-1,2776,2,16,CHRYSLER VOYAGER,7,E01025636,0,-1
2021430102548,2021,430102548,1,9,0,9,9,4,2,0,0,6,0,0,0,0,4,1,6,6,1,-1,-1,2499,2,17,CHRYSLER VOYAGER,-1,-1,0,-1
2021052102918,2021,052102918,2,9,0,18,19,7,3,0,0,1,0,0,0,0,4,1,6,6,2,43,7,2776,2,14,CHRYSLER VOYAGER,2,E01006723,0,-1
2021520200589,2021,520200589,1,9,0,18,19,2,6,0,0,8,0,0,0,0,4,1,6,6,1,42,7,2776,2,15,CHRYSLER VOYAGER,8,E01029024,0,-1
2021421066913,2021,421066913,2,9,0,18,19,3,7,0,0,0,0,0,1,0,1,1,6,6,1,56,9,2776,2,15,CHRYSLER VOYAGER,4,E01021819,0,-1
2021201102562,2021,201102562,3,9,0,2,2,0,0,0,0,2,0,0,0,0,1,1,5,6,2,60,9,2776,2,13,CHRYSLER VOYAGER,1,E01010484,0,-1
2021411055465,2021,411055465,1,9,0,1,1,2,6,0,0,0,0,0,0,0,2,1,6,6,1,47,8,2777,2,13,CHRYSLER VOYAGER,10,E01023724,0,-1
2021010295249,2021,010295249,1,9,0,5,5,0,5,0,0,1,0,0,0,0,3,1,6,6,1,51,8,2776,2,14,CHRYSLER VOYAGER,2,E01002227,0,-1
2021552100330,2021,552100330,1,9,0,18,19,2,6,0,0,0,0,0,0,0,4,1,6,6,1,62,9,2776,2,14,CHRYSLER VOYAGER,6,E01015317,0,-1
202154B062421,2021,54B062421,1,9,0,16,19,5,1,0,0,0,0,0,7,1,1,1,2,2,1,62,9,2777,2,11,CHRYSLER VOYAGER,3,E01015502,0,-1
2021520104160,2021,520104160,2,9,0,3,3,6,2,0,0,1,0,0,0,0,0,1,6,6,2,-1,-1,2429,1,16,CHRYSLER VOYAGER,-1,-1,0,-1
2021122100450,2021,122100450,1,3,0,9,9,6,8,0,0,2,0,10,1,10,1,1,6,6,2,40,7,124,1,12,-1,1,E01027804,0,-1
2021320710000,2021,320710000,1,19,0,18,19,4,8,0,0,0,0,0,0,0,2,1,1,1,1,63,9,2287,2,3,FIAT DUCATO,5,E01028012,0,-1
2021131120109,2021,131120109,1,10,0,18,19,7,3,0,0,8,0,0,0,0,4,1,5,6,2,22,5,-1,-1,-1,FIAT DUCATO,3,E01010871,0,-1
2021010315279,2021,010315279,2,10,0,4,4,3,7,0,0,0,0,4,0,0,1,1,1,1,2,41,7,-1,-1,-1,FIAT DUCATO,2,E01021592,0,-1
202134NNC0231,2021,34NNC0231,2,19,0,18,19,5,1,0,0,8,0,0,0,0,3,1,1,1,2,35,6,2287,2,3,FIAT DUCATO,9,E01027322,0,-1
2021201051394,2021,201051394,2,19,0,5,5,6,2,0,0,2,0,0,0,0,0,1,6,6,1,32,6,2287,2,5,FIAT DUCATO,1,E01009310,0,-1
20211382F0362,2021,1382F0362,1,19,0,18,19,6,2,0,0,0,0,0,0,0,1,1,6,6,1,-1,-1,2287,2,5,FIAT DUCATO,1,E01010833,0,-1
2021451109519,2021,451109519,1,19,0,18,19,5,1,0,0,0,0,0,0,0,1,1,1,1,1,31,6,2287,2,3,FIAT DUCATO,6,E01021772,0,-1
2021201073688,2021,201073688,1,90,0,3,3,6,2,0,0,0,0,0,0,0,0,1,1,1,2,39,7,2287,2,1,FIAT DUCATO,10,E01009903,0,-1
2021501075308,2021,501075308,1,90,0,18,19,4,8,0,0,0,0,0,0,0,1,1,1,1,1,46,8,2287,2,0,FIAT DUCATO,5,E01015215,0,-1
2021320658807,2021,320658807,1,19,0,18,19,5,1,0,0,0,0,2,0,0,1,1,6,6,1,45,7,2287,2,9,FIAT DUCATO,8,E01027999,0,-1
2021201023820,2021,201023820,1,90,0,18,19,6,2,0,0,8,0,0,0,0,1,1,1,1,1,25,5,2999,2,4,FIAT DUCATO,6,E01014030,0,-1
2021070725583,2021,070725583,1,19,0,9,9,3,1,0,0,6,0,0,0,0,3,1,1,1,1,39,7,2287,2,0,FIAT DUCATO,2,E01018467,0,-1
2021161026592,2021,161026592,1,90,0,18,19,7,3,0,0,2,0,0,0,0,1,1,1,1,2,45,7,2287,2,2,FIAT DUCATO,7,E01033105,0,-1
2021010340160,2021,010340160,1,20,0,15,15,1,5,0,0,0,0,0,0,0,1,1,2,2,1,30,6,-1,-1,-1,FIAT DUCATO,2,E01000143,0,-1
2021201143268,2021,201143268,3,90,0,18,19,8,4,0,0,8,0,0,0,0,1,1,6,6,2,36,7,2287,2,2,FIAT DUCATO,1,E01032424,0,-1
2021440468791,2021,440468791,2,19,0,17,19,7,2,0,0,7,0,0,0,0,3,1,1,1,1,37,7,2287,2,2,FIAT DUCATO,-1,-1,0,-1
2021361046750,2021,361046750,4,19,0,3,3,7,8,0,0,1,0,0,0,0,2,1,1,1,1,63,9,2287,2,11,FIAT DUCATO,4,E01030270,0,-1
2021221043573,2021,221043573,1,90,0,13,13,3,7,0,0,8,1,0,0,0,1,1,1,1,1,50,8,2287,2,3,FIAT DUCATO,2,E01009746,0,-1
2021440259275,2021,440259275,1,19,0,18,19,7,3,0,0,0,0,0,0,0,1,1,2,2,1,35,6,2287,2,1,FIAT DUCATO,4,E01017260,0,-1
2021061100540,2021,061100540,2,90,0,18,19,1,1,0,0,0,0,0,0,0,4,1,1,1,1,33,6,2287,2,2,FIAT DUCATO,-1,-1,0,-1
2021201104621,2021,201104621,2,90,0,18,19,2,6,0,0,8,0,0,0,0,1,1,1,1,1,23,5,2287,2,1,FIAT DUCATO,1,E01032318,0,-1
2021061078592,2021,061078592,1,19,0,18,19,1,5,0,0,8,0,0,0,0,0,1,1,1,1,30,6,2287,2,6,FIAT DUCATO,6,E01006276,0,-1
2021111013767,2021,111013767,1,19,0,17,19,6,2,0,0,0,0,0,7,0,1,1,5,6,1,36,7,2287,2,13,FIAT DUCATO,5,E01033202,0,-1
2021061074009,2021,061074009,1,19,0,18,19,3,7,0,0,1,0,0,0,0,1,1,1,1,1,21,5,2287,2,2,FIAT DUCATO,8,E01006384,0,-1
202131D107121,2021,31D107121,1,19,0,18,19,6,4,0,0,6,1,0,0,0,4,1,1,1,2,23,5,-1,-1,-1,FIAT DUCATO,6,E01028100,0,-1
2021161078722,2021,161078722,1,90,0,18,19,2,6,0,0,8,5,0,0,0,3,1,1,1,1,54,8,2287,2,1,FIAT DUCATO,1,E01013300,0,-1
2021211079338,2021,211079338,1,19,0,18,19,7,3,0,0,0,1,0,5,0,1,1,1,1,1,37,7,2198,2,14,FIAT DUCATO,8,E01029775,0,-1
2021131100422,2021,131100422,2,19,0,2,2,0,0,0,0,0,0,0,0,0,2,1,6,6,3,-1,-1,-1,-1,-1,FIAT DUCATO,-1,-1,0,-1
2021010341472,2021,010341472,1,19,0,9,9,7,5,0,0,5,0,0,0,0,3,1,1,1,1,38,7,2287,2,0,FIAT DUCATO,2,E01002078,0,-1
2021361127230,2021,361127230,2,90,0,18,19,3,7,0,0,8,0,0,0,0,1,1,1,1,1,39,7,2287,2,2,FIAT DUCATO,7,E01026880,0,-1
2021161038434,2021,161038434,1,19,0,7,7,3,7,0,0,2,0,0,0,0,4,1,1,1,1,32,6,2287,2,7,FIAT DUCATO,-1,-1,0,-1
2021161028016,2021,161028016,3,90,0,18,19,3,7,0,0,1,0,0,0,0,0,1,1,1,1,56,9,2999,2,5,FIAT DUCATO,-1,-1,0,-1
2021991102574,2021,991102574,1,20,0,18,19,5,1,0,0,0,0,0,0,0,1,1,1,1,1,38,7,-1,-1,-1,-1,-1,-1,0,-1
2021531032831,2021,531032831,2,19,0,18,19,3,1,0,0,1,0,0,0,0,3,1,6,6,1,37,7,2287,2,6,FIAT DUCATO,10,E01014988,0,-1
2021302101115,2021,302101115,1,19,0,18,19,6,2,0,0,0,0,0,0,0,3,1,1,1,1,28,6,-1,-1,-1,FIAT DUCATO,9,E01019597,0,-1
2021010291709,2021,010291709,2,19,0,18,19,1,5,0,0,0,0,0,0,0,1,1,1,1,1,22,5,2287,2,3,FIAT DUCATO,3,E01002445,0,-1
2021411020295,2021,411020295,1,19,0,18,19,7,3,0,0,0,0,0,0,0,1,1,1,1,1,30,6,2287,2,1,FIAT DUCATO,6,E01021730,0,-1
2021471048368,2021,471048368,1,19,0,18,19,5,1,0,0,1,0,0,0,0,1,1,1,1,1,29,6,2287,2,5,FIAT DUCATO,5,E01024010,0,-1
2021421071348,2021,421071348,1,19,0,13,13,7,3,0,0,0,0,0,0,0,0,1,6,6,1,28,6,2287,2,3,FIAT DUCATO,7,E01023886,0,-1
2021041059179,2021,041059179,1,19,0,7,7,5,3,0,0,1,0,0,0,0,3,1,1,1,1,29,6,2287,2,9,FIAT DUCATO,5,E01025483,0,-1
2021461064587,2021,461064587,2,19,-1,-1,-1,-1,-1,-1,-1,0,-1,-1,-1,0,-1,1,6,6,1,-1,-1,2287,2,4,FIAT DUCATO,4,E01016163,0,-1
2021211018500,2021,211018500,3,90,0,18,19,8,4,0,0,0,0,0,0,0,0,1,1,1,1,42,7,2287,2,1,FIAT DUCATO,-1,-1,0,-1
2021141081528,2021,141081528,1,90,0,18,19,2,6,0,0,1,0,0,0,0,1,1,1,1,1,45,7,2287,2,2,FIAT DUCATO,6,E01011885,0,-1
2021361068780,2021,361068780,1,19,0,18,19,8,4,0,0,0,0,11,0,0,1,1,1,1,2,25,5,2287,2,4,FIAT DUCATO,2,E01030274,0,-1
2021421083954,2021,421083954,2,90,0,13,13,1,2,0,0,1,0,0,0,0,1,1,1,1,1,41,7,2287,2,1,FIAT DUCATO,2,E01015828,0,-1
2021471051938,2021,471051938,3,19,0,18,19,6,2,0,0,0,0,0,0,0,1,1,2,2,1,58,9,1956,2,2,FIAT DUCATO,8,E01024448,0,-1
2021501105052,2021,501105052,1,90,0,4,4,7,3,0,0,4,0,0,0,0,3,1,1,1,1,46,8,2287,2,2,FIAT DUCATO,3,E01019042,0,-1
2021991107715,2021,991107715,2,10,0,18,19,6,2,0,0,1,1,0,0,0,4,1,1,1,1,47,8,2287,2,2,FIAT DUCATO,2,-1,0,-1
2021052100529,2021,052100529,1,20,0,18,19,7,3,0,0,1,0,0,0,0,1,1,1,1,1,25,5,2287,2,0,-1,10,E01025408,0,-1
2021421079026,2021,421079026,1,90,0,18,19,7,3,0,0,0,0,0,0,0,0,1,1,1,3,-1,-1,2287,2,2,FIAT DUCATO,-1,-1,0,-1
2021161034508,2021,161034508,1,90,0,18,19,1,4,0,0,8,0,0,0,0,1,1,1,1,2,44,7,2287,2,1,FIAT DUCATO,4,E01013303,0,-1
2021471031710,2021,471031710,1,19,0,18,19,7,3,0,0,1,0,0,0,0,1,1,1,1,1,20,4,2287,2,4,FIAT DUCATO,7,E01021142,0,-1
2021421072061,2021,421072061,2,19,0,7,7,5,7,0,0,5,0,0,0,0,2,1,1,1,1,32,6,2287,2,3,FIAT DUCATO,6,E01024303,0,-1
2021061132342,2021,061132342,1,19,0,18,19,4,8,0,0,8,0,0,0,0,3,1,1,1,1,47,8,2287,2,1,FIAT DUCATO,5,E01011384,0,-1
2021451090007,2021,451090007,1,19,0,8,8,5,7,0,0,6,0,0,1,0,3,1,1,1,1,59,9,2287,2,7,FIAT DUCATO,10,E01030387,0,-1
2021201080691,2021,201080691,1,90,0,18,19,8,4,0,0,8,0,0,0,0,3,1,1,1,2,27,6,2999,2,4,FIAT DUCATO,5,E01014099,0,-1
2021211071712,2021,211071712,1,90,0,18,19,6,3,0,0,8,0,0,0,0,3,1,1,1,1,48,8,2287,2,1,FIAT DUCATO,5,E01014319,0,-1
2021451069740,2021,451069740,2,19,0,2,2,0,0,0,0,0,0,0,0,0,1,1,6,6,3,-1,-1,2287,2,12,FIAT DUCATO,-1,-1,0,-1
2021201087321,2021,201087321,3,19,0,2,2,0,0,9,9,1,0,0,0,0,0,1,6,6,1,-1,-1,2287,2,6,FIAT DUCATO,-1,-1,0,-1