collision_index,collision_year,collision_ref_no,vehicle_reference,vehicle_type,towing_and_articulation,vehicle_manoeuvre_historic,vehicle_manoeuvre,vehicle_direction_from,vehicle_direction_to,vehicle_location_restricted_lane_historic,vehicle_location_restricted_lane,junction_location,skidding_and_overturning,hit_object_in_carriageway,vehicle_leaving_carriageway,hit_object_off_carriageway,first_point_of_impact,vehicle_left_hand_drive,journey_purpose_of_driver_historic,journey_purpose_of_driver,sex_of_driver,age_of_driver,age_band_of_driver,engine_capacity_cc,propulsion_code,age_of_vehicle,generic_make_model,driver_imd_decile,lsoa_of_driver,escooter_flag,driver_distance_banding
2021010351960,2021,010351960,1,3,0,15,15,5,1,0,0,0,0,0,0,0,1,1,1,1,1,28,6,125,1,1,SYM JET,5,E01003435,0,-1
2021010340223,2021,010340223,1,3,4,99,99,9,9,99,99,9,9,99,9,99,9,1,1,1,1,22,5,125,1,1,SYM JET,6,E01000623,0,-1
2021010309409,2021,010309409,1,3,0,18,19,1,5,0,0,0,1,0,0,0,3,1,6,6,1,35,6,125,1,1,SYM JET,-1,-1,0,-1
2021302101233,2021,302101233,1,2,0,18,19,2,4,0,0,3,1,0,0,0,0,1,6,6,1,20,4,49,1,13,SYM JET,10,E01019640,0,-1
2021552101277,2021,552101277,2,3,0,3,3,8,2,0,0,1,0,0,0,0,3,1,6,6,2,61,9,125,1,4,SYM JET,8,E01020474,0,-1
2021101089251,2021,101089251,2,3,-1,-1,-1,-1,-1,-1,-1,-1,-1,-1,-1,0,-1,1,1,1,1,27,6,125,1,0,SYM JET,-1,-1,0,-1
2021010350359,2021,010350359,1,3,0,18,19,3,7,0,0,8,0,0,0,0,2,1,1,1,1,33,6,125,1,1,SYM JET,6,E01000259,0,-1
2021010287317,2021,010287317,1,3,0,18,19,1,5,0,0,1,0,0,0,0,0,1,1,1,1,35,6,125,1,2,SYM JET,-1,-1,0,-1
2021501064427,2021,501064427,1,2,0,18,19,7,6,0,0,1,5,0,0,0,2,1,5,6,2,17,4,49,1,1,SYM JET,5,E01020006,0,-1
2021052101347,2021,052101347,2,3,0,18,19,6,2,0,0,8,0,0,1,1,3,1,2,2,1,39,7,125,1,0,SYM JET,3,E01032505,0,-1
2021010319261,2021,010319261,1,3,0,18,19,8,4,0,0,8,0,0,0,0,4,1,6,6,1,19,4,125,1,0,SYM JET,-1,-1,0,-1
2021010328776,2021,010328776,1,3,0,99,99,9,9,99,99,0,9,99,9,99,2,1,2,2,2,23,5,125,1,1,SYM JET,3,E01003122,0,-1
2021101040311,2021,101040311,1,3,0,7,7,3,6,0,0,8,0,11,0,0,0,1,6,6,1,21,5,125,1,1,SYM JET,2,E01008334,0,-1
2021010331081,2021,010331081,1,3,0,18,19,1,5,0,0,0,0,0,0,0,0,1,2,2,1,58,9,125,1,0,SYM JET,3,E01001504,0,-1
2021430541709,2021,430541709,1,3,0,18,19,5,1,0,0,0,0,0,0,0,1,1,2,2,1,29,6,125,1,0,SYM JET,7,E01016680,0,-1
2021522104177,2021,522104177,1,3,0,18,19,1,5,0,0,0,0,0,5,6,3,1,6,6,1,24,5,125,1,0,SYM JET,1,E01033356,0,-1
2021010297957,2021,010297957,2,3,0,18,19,7,3,0,0,2,0,0,0,0,1,1,6,6,1,55,8,125,1,3,SYM JET,4,E01002665,0,-1
2021211103821,2021,211103821,2,3,0,13,13,7,3,0,0,0,0,0,0,0,3,1,5,6,1,19,4,125,1,0,SYM JET,3,E01014341,0,-1
2021052102333,2021,052102333,2,3,0,18,19,1,5,0,0,0,0,0,0,0,3,1,1,1,1,26,6,125,1,0,SYM JET,2,E01006782,0,-1
2021501093025,2021,501093025,1,3,0,18,19,1,5,0,0,0,0,0,0,0,1,1,6,6,1,21,5,124,1,4,SYM JET,2,E01018867,0,-1
2021031013927,2021,031013927,1,3,0,18,19,2,6,0,0,0,1,0,0,0,3,1,2,2,1,35,6,125,1,0,SYM JET,1,E01019277,0,-1
2021548874421,2021,548874421,1,3,0,18,19,1,6,0,0,0,1,0,7,0,3,1,6,6,1,26,6,125,1,0,SYM JET,8,E01016281,0,-1
2021010308166,2021,010308166,1,3,9,99,99,9,9,0,0,1,9,99,9,99,9,1,1,1,1,31,6,125,1,1,SYM JET,3,E01003143,0,-1
2021481117050,2021,481117050,2,3,0,2,2,0,0,0,0,0,0,0,0,0,1,1,1,1,1,21,5,124,1,5,SYM JET,2,E01000098,0,-1
2021010303162,2021,010303162,2,4,0,15,15,3,7,0,0,8,0,0,0,0,4,1,1,1,1,22,5,125,1,0,SYM JET,7,E01000480,0,-1
2021131093960,2021,131093960,2,4,0,18,19,2,6,0,0,8,0,0,0,0,2,1,2,2,1,32,6,125,1,2,SYM JET,2,E01011926,0,-1
2021451127568,2021,451127568,1,3,0,18,19,1,5,0,0,1,0,0,0,0,1,1,1,1,1,50,8,125,1,4,SYM JET,6,E01030649,0,-1
2021421031050,2021,421031050,1,5,0,18,19,4,8,0,0,0,2,10,1,2,1,1,5,6,1,16,4,-1,-1,-1,YAMAHA XP,8,E01021424,0,-1
2021010343307,2021,010343307,1,4,0,16,19,1,5,0,0,1,5,4,0,0,1,1,6,6,1,39,7,499,1,20,YAMAHA XP,-1,-1,0,-1
2021610059421,2021,610059421,1,4,0,3,3,3,7,0,0,1,0,0,0,0,0,1,2,2,2,50,8,499,1,20,YAMAHA XP,7,W01001584,0,-1
2021010337057,2021,010337057,1,5,0,99,99,9,9,99,99,9,9,99,9,99,9,1,1,1,1,36,7,562,1,1,YAMAHA XP,6,E01000219,0,-1
2021411013656,2021,411013656,2,4,0,18,19,5,1,0,0,8,0,0,0,0,1,1,5,6,1,51,8,500,1,3,YAMAHA XP,8,E01023672,0,-1
2021010326431,2021,010326431,1,3,0,18,19,3,7,0,0,8,0,0,0,0,1,1,1,1,1,31,6,500,1,3,YAMAHA XP,9,E01003804,0,-1
2021010287427,2021,010287427,1,5,0,99,99,9,9,99,99,9,9,99,9,99,9,1,6,6,1,20,4,562,1,1,YAMAHA XP,4,E01004538,0,-1
2021522104787,2021,522104787,1,5,0,9,9,7,5,2,2,8,0,0,0,0,4,1,6,6,1,53,8,-1,-1,-1,YAMAHA XP,-1,-1,0,-1
2021010333785,2021,010333785,1,5,0,16,19,1,5,0,0,2,0,8,0,0,4,1,1,1,1,57,9,-1,-1,-1,YAMAHA XP,2,E01003732,0,-1
2021010297883,2021,010297883,1,4,0,18,19,5,1,2,2,1,0,0,0,0,1,1,2,2,1,51,8,499,1,10,YAMAHA XP,8,E01030592,0,-1
2021430365271,2021,430365271,1,2,0,18,19,8,4,0,0,0,0,4,1,0,1,1,6,6,1,49,8,499,1,17,YAMAHA XP,10,E01017859,0,-1
2021010331169,2021,010331169,1,5,9,99,99,9,9,99,99,9,9,99,9,99,9,1,6,6,1,20,4,-1,-1,-1,YAMAHA XP,8,E01023307,0,-1
2021552100767,2021,552100767,1,3,0,18,19,4,2,0,0,0,0,0,0,0,1,1,6,6,1,67,10,499,1,8,YAMAHA XP,8,E01020474,0,-1
2021010329544,2021,010329544,1,5,0,9,9,2,8,0,0,1,0,0,1,0,1,1,6,6,1,41,7,-1,-1,-1,YAMAHA XP,-1,-1,0,-1
2021010342573,2021,010342573,1,5,3,18,19,5,1,0,0,1,0,0,0,0,3,1,6,6,1,51,8,562,1,1,YAMAHA XP,6,E01004731,0,-1
2021547444121,2021,547444121,1,4,0,18,19,3,7,0,0,1,0,0,0,0,1,1,6,6,1,19,4,499,1,12,YAMAHA XP,7,E01015583,0,-1
2021010294582,2021,010294582,2,5,0,13,13,5,1,0,0,0,0,0,0,0,1,1,6,6,1,31,6,562,1,1,YAMAHA XP,3,E01002707,0,-1
2021010301586,2021,010301586,1,5,0,99,99,9,9,99,99,0,9,99,9,99,2,1,6,6,1,25,5,530,1,3,YAMAHA XP,5,E01001344,0,-1
2021101090102,2021,101090102,2,5,0,18,19,3,7,0,0,8,0,0,0,0,1,1,5,6,1,24,5,660,1,16,-1,1,E01008573,0,-1
2021320511133,2021,320511133,2,5,0,18,19,2,6,0,0,1,0,0,0,0,1,1,2,2,1,52,8,660,1,12,-1,9,E01026274,0,-1
2021421094203,2021,421094203,1,9,0,18,19,7,3,0,0,8,0,0,0,0,1,1,1,1,2,26,6,1150,1,13,CHEVROLET KALOS,3,E01015959,0,-1
2021221017701,2021,221017701,1,9,0,17,19,8,5,0,0,0,1,0,0,0,1,1,2,2,2,56,9,1399,1,15,CHEVROLET KALOS,6,E01032199,0,-1
2021010351010,2021,010351010,1,9,0,18,19,2,6,0,0,1,0,0,0,0,2,1,6,6,1,72,10,1150,1,16,CHEVROLET KALOS,3,E01003180,0,-1
2021320693602,2021,320693602,1,9,0,18,19,4,8,0,0,1,2,0,0,0,4,1,6,6,1,47,8,1399,1,13,CHEVROLET KALOS,4,E01019573,0,-1
2021320525670,2021,320525670,2,9,0,18,19,4,8,0,0,0,0,0,0,0,2,1,2,2,1,30,6,1150,1,14,CHEVROLET KALOS,5,E01026100,0,-1
2021010335278,2021,010335278,1,9,0,18,19,1,5,0,0,8,0,11,7,1,1,1,6,6,1,43,7,1399,1,14,CHEVROLET KALOS,2,E01002277,0,-1
2021010324881,2021,010324881,2,9,0,14,14,5,1,0,0,8,9,0,0,0,3,9,6,6,3,-1,-1,1150,1,13,CHEVROLET KALOS,-1,-1,0,-1
2021041052591,2021,041052591,1,9,0,18,19,7,3,0,0,1,0,0,0,0,4,1,6,6,1,38,7,1150,1,15,CHEVROLET KALOS,2,E01025247,0,-1
2021361138942,2021,361138942,2,9,0,18,19,3,7,0,0,0,0,0,0,0,2,1,6,6,1,71,10,1399,1,13,CHEVROLET KALOS,3,E01026685,0,-1
2021622200034,2021,622200034,1,9,0,5,5,2,4,0,0,4,0,0,0,0,3,1,6,6,1,26,6,1399,1,15,CHEVROLET KALOS,9,W01000910,0,-1
2021201144743,2021,201144743,1,9,0,18,19,2,6,0,0,0,0,0,0,0,1,1,6,6,1,31,6,1150,1,14,CHEVROLET KALOS,1,E01009637,0,-1
2021371132918,2021,371132918,1,9,-1,-1,-1,-1,-1,-1,-1,0,-1,-1,-1,0,-1,1,6,6,1,22,5,1399,1,16,CHEVROLET KALOS,5,E01030030,0,-1
2021991084724,2021,991084724,1,9,0,9,9,3,1,0,0,2,0,0,0,0,4,1,6,6,2,72,10,1150,1,14,CHEVROLET KALOS,2,-1,0,-1
2021052102551,2021,052102551,2,9,0,3,3,7,3,0,0,1,0,0,0,0,2,1,6,6,2,29,6,1150,1,14,CHEVROLET KALOS,1,E01007017,0,-1
2021010303223,2021,010303223,2,9,9,99,99,9,9,99,99,9,9,99,9,99,9,9,6,6,3,-1,-1,1399,1,14,CHEVROLET KALOS,-1,-1,0,-1
2021411017101,2021,411017101,1,9,0,18,19,1,5,0,0,0,1,0,4,6,1,1,6,6,2,24,5,1150,1,13,CHEVROLET KALOS,5,E01023790,0,-1
2021010339526,2021,010339526,2,9,0,99,99,9,9,99,99,5,9,99,9,99,1,9,6,6,3,46,8,1399,1,14,CHEVROLET KALOS,3,E01003430,0,-1
2021440273667,2021,440273667,2,9,0,18,19,5,1,0,0,1,0,0,1,0,1,1,2,2,2,26,6,1399,1,13,CHEVROLET KALOS,10,E01022708,0,-1
2021471104852,2021,471104852,1,21,0,18,19,2,6,0,0,0,0,0,0,0,4,1,1,1,1,62,9,4009,2,6,-1,7,E01021220,0,-1
2021461059521,2021,461059521,2,21,0,7,7,3,5,0,0,0,0,0,0,0,1,1,1,1,1,50,8,12913,2,13,-1,6,E01024367,0,-1
2021010295865,2021,010295865,1,3,0,14,14,1,5,0,0,1,0,0,0,0,1,1,1,1,1,24,5,125,1,14,-1,2,E01001529,0,-1
2021211114933,2021,211114933,2,3,0,18,19,7,3,0,0,1,1,0,0,0,0,1,6,6,2,46,8,125,1,14,-1,-1,-1,0,-1
2021471115098,2021,471115098,2,5,0,12,12,3,7,0,0,0,0,0,0,0,3,1,5,6,1,59,9,1833,1,0,-1,9,E01031723,0,-1
2021471082889,2021,471082889,1,5,0,3,3,6,2,0,0,0,1,0,1,0,1,1,5,6,1,76,11,1832,1,5,-1,10,E01031822,0,-1
2021430246012,2021,430246012,2,5,0,9,9,8,6,0,0,8,0,0,0,0,2,1,6,6,1,53,8,1312,1,14,-1,9,E01017590,0,-1
2021141075540,2021,141075540,1,9,0,2,2,0,0,9,9,0,0,0,0,0,4,1,6,6,3,-1,-1,998,1,1,KIA XCEED,-1,-1,0,-1
2021351090074,2021,351090074,1,9,0,9,9,3,1,0,0,8,0,0,0,0,1,1,5,6,2,45,7,998,1,1,KIA XCEED,1,E01015597,0,-1
2021070265631,2021,070265631,1,9,0,5,5,7,2,0,0,4,0,0,0,0,1,1,1,1,1,56,9,1353,1,2,KIA XCEED,1,E01012367,0,-1
2021010301063,2021,010301063,2,9,0,99,99,9,9,99,99,9,9,99,9,99,1,9,6,6,3,-1,-1,1580,8,1,KIA XCEED,-1,-1,0,-1
2021061113349,2021,061113349,1,9,0,18,19,3,7,0,0,8,0,0,0,0,1,1,5,6,2,31,6,998,1,1,KIA XCEED,1,E01005319,0,-1
2021461141543,2021,461141543,2,9,0,2,2,0,0,0,0,1,0,0,0,0,1,1,5,6,3,-1,-1,1353,1,1,KIA XCEED,-1,-1,0,-1
2021052200035,2021,052200035,2,9,0,18,19,5,1,0,0,0,0,0,0,0,2,1,6,6,2,40,7,998,1,1,KIA XCEED,6,E01007108,0,-1
2021010319421,2021,010319421,1,9,0,7,7,5,8,0,0,5,0,0,0,0,4,1,6,6,1,40,7,1580,8,1,KIA XCEED,1,E01002751,0,-1
2021070491507,2021,070491507,2,9,0,5,5,4,8,0,0,0,0,0,0,0,2,1,2,2,1,34,6,998,1,0,KIA XCEED,5,E01018444,0,-1
2021131116511,2021,131116511,1,9,0,18,19,8,4,0,0,0,2,4,0,0,1,2,5,6,1,31,6,998,1,0,KIA XCEED,7,E01010644,0,-1
2021010350388,2021,010350388,1,9,0,7,7,7,1,0,0,6,0,0,0,0,1,1,6,6,2,24,5,998,1,1,KIA XCEED,4,E01030383,0,-1
2021010328020,2021,010328020,1,9,0,4,4,5,1,0,0,0,0,11,0,0,1,1,6,6,1,33,6,998,1,1,KIA XCEED,2,E01004238,0,-1
2021201132770,2021,201132770,1,9,0,9,9,7,5,0,0,6,0,0,0,0,1,1,6,6,2,42,7,998,1,1,KIA XCEED,6,E01009878,0,-1
2021991053187,2021,991053187,3,9,0,18,19,4,8,0,0,0,0,0,0,0,2,1,5,6,1,79,11,1598,2,1,KIA XCEED,4,-1,0,-1
2021320295438,2021,320295438,1,9,0,10,10,2,8,0,0,1,0,0,0,0,2,1,6,6,2,45,7,1598,2,1,KIA XCEED,10,E01032990,0,-1
202163D069421,2021,63D069421,1,9,0,5,5,4,8,0,0,0,0,0,0,0,1,1,6,6,2,36,7,998,1,0,KIA XCEED,9,W01000482,0,-1
2021440430269,2021,440430269,2,9,0,9,9,3,1,0,0,1,0,0,0,0,1,1,6,6,1,68,10,998,1,1,KIA XCEED,7,E01023066,0,-1
2021010351964,2021,010351964,1,9,0,99,99,9,9,99,99,9,9,99,9,99,9,9,2,2,1,35,6,998,1,0,KIA XCEED,3,E01002554,0,-1
2021520200713,2021,520200713,1,9,0,3,3,3,7,0,0,1,0,0,0,0,1,1,6,6,1,58,9,1482,1,0,KIA XCEED,10,W01000823,0,-1
2021061104257,2021,061104257,1,9,0,9,9,5,3,0,0,8,0,0,0,0,1,1,6,6,2,30,6,998,1,1,KIA XCEED,-1,-1,0,-1
2021010301384,2021,010301384,2,9,0,4,4,5,1,0,0,0,0,0,7,0,2,1,6,6,1,80,11,1353,1,2,KIA XCEED,7,E01023572,0,-1
2021320675783,2021,320675783,1,9,0,9,9,7,5,0,0,6,0,0,0,0,1,1,6,6,1,59,9,1580,8,0,KIA XCEED,9,E01026160,0,-1
202106X080064,2021,06X080064,2,9,0,18,19,8,4,0,0,0,0,0,0,0,1,1,6,6,1,54,8,1598,2,1,KIA XCEED,7,E01011145,0,-1
2021161042955,2021,161042955,2,9,0,8,8,1,3,0,0,6,0,0,0,0,3,1,2,2,1,61,9,998,1,0,KIA XCEED,3,E01012774,0,-1
2021501094998,2021,501094998,1,9,0,18,19,4,8,0,0,0,0,0,0,0,4,1,6,6,2,72,10,1598,8,0,KIA XCEED,8,E01001470,0,-1
2021201099555,2021,201099555,2,9,0,18,19,4,8,0,0,0,0,0,0,0,1,1,6,6,1,27,6,1482,1,0,KIA XCEED,1,E01009491,0,-1
2021070852083,2021,070852083,1,9,0,5,5,5,1,0,0,1,0,0,0,0,1,1,6,6,1,71,10,998,1,0,KIA XCEED,1,E01018466,0,-1
2021061135766,2021,061135766,1,9,0,8,8,4,6,0,0,0,0,0,0,0,1,1,6,6,3,30,6,998,1,1,KIA XCEED,-1,-1,0,-1
2021411100114,2021,411100114,2,9,0,11,11,8,4,0,0,0,0,0,0,0,2,1,2,2,1,51,8,1482,1,0,KIA XCEED,5,E01023769,0,-1
2021041093525,2021,041093525,1,9,0,18,19,5,1,0,0,0,5,0,1,11,1,1,5,6,2,36,7,998,1,1,KIA XCEED,1,E01025171,0,-1
202134WNC6241,2021,34WNC6241,3,9,0,18,19,4,8,0,0,0,0,0,0,0,2,1,2,2,2,27,6,998,1,1,KIA XCEED,7,E01027281,0,-1
2021351060878,2021,351060878,1,3,0,18,19,6,2,0,0,2,1,0,0,0,0,1,6,6,1,57,9,125,1,0,LEXMOTO MILANO,5,E01018067,0,-1
2021231127249,2021,231127249,1,3,0,4,4,8,4,0,0,8,0,0,0,0,1,1,2,2,2,30,6,125,1,1,LEXMOTO MILANO,6,E01031049,0,-1
202131B075721,2021,31B075721,1,3,0,18,19,8,4,0,0,0,0,0,0,0,2,1,6,6,1,63,9,125,1,3,LEXMOTO MILANO,2,E01028267,0,-1
2021201049210,2021,201049210,2,2,0,18,19,2,6,0,0,8,1,0,0,0,4,1,2,2,1,61,9,125,1,3,LEXMOTO MILANO,3,E01008945,0,-1
2021161058225,2021,161058225,1,3,0,14,14,8,4,2,2,1,5,0,0,0,3,1,2,2,1,52,8,125,1,0,LEXMOTO MILANO,10,E01013117,0,-1
202134WNC3121,2021,34WNC3121,2,3,0,18,19,5,1,0,0,0,0,10,0,0,4,1,2,2,1,59,9,125,1,5,LEXMOTO MILANO,10,E01027298,0,-1
2021041051662,2021,041051662,1,3,0,18,19,1,3,0,0,4,0,0,0,0,1,1,6,6,2,32,6,125,1,2,LEXMOTO MILANO,1,E01012720,0,-1
2021440138104,2021,440138104,2,3,0,18,19,2,6,0,0,0,0,0,0,0,0,1,6,6,3,-1,-1,125,1,1,LEXMOTO MILANO,-1,-1,0,-1
2021010331120,2021,010331120,1,3,0,99,99,9,9,99,99,9,9,99,9,99,9,1,2,2,1,40,7,125,1,1,LEXMOTO MILANO,2,E01004444,0,-1
202131D132821,2021,31D132821,1,3,0,18,19,6,2,0,0,1,1,0,0,0,1,1,6,6,1,43,7,125,1,5,LEXMOTO MILANO,3,E01028187,0,-1
2021991073762,2021,991073762,1,3,0,16,19,2,5,0,0,0,1,0,0,0,1,1,2,2,1,54,8,125,1,0,LEXMOTO MILANO,8,-1,0,-1
2021522105665,2021,522105665,2,4,0,18,19,5,2,0,0,1,0,0,0,0,1,1,6,6,2,45,7,125,1,5,LEXMOTO MILANO,7,E01014860,0,-1
2021461065572,2021,461065572,1,3,0,18,19,6,6,0,0,0,0,0,0,0,4,1,6,6,1,46,8,125,1,6,LEXMOTO MILANO,1,E01024649,0,-1
2021440500269,2021,440500269,1,3,0,17,19,8,4,0,0,0,0,0,0,0,0,1,2,2,1,63,9,125,1,2,LEXMOTO MILANO,4,E01017270,0,-1
2021461113144,2021,461113144,2,3,0,18,19,1,5,0,0,0,0,0,0,0,1,1,2,2,1,20,4,125,1,4,LEXMOTO MILANO,10,E01024426,0,-1
2021141022216,2021,141022216,2,3,0,18,19,5,1,0,0,8,0,0,0,0,1,1,6,6,1,68,10,125,1,1,LEXMOTO MILANO,8,E01007705,0,-1
2021131050140,2021,131050140,1,2,0,18,19,1,5,0,0,0,1,0,0,0,4,1,2,2,1,55,8,125,1,1,LEXMOTO MILANO,1,E01010650,0,-1
2021361020332,2021,361020332,2,2,0,18,19,2,6,0,0,0,2,10,1,0,0,1,2,2,1,29,6,50,1,5,LEXMOTO MILANO,5,E01018067,0,-1
2021501073405,2021,501073405,2,3,0,5,5,2,6,0,0,0,0,0,0,0,1,1,1,1,2,17,4,125,1,0,LEXMOTO MILANO,6,E01020142,0,-1
2021201068375,2021,201068375,2,4,0,18,19,4,8,0,0,8,0,0,0,0,1,1,6,6,1,39,7,125,1,1,LEXMOTO MILANO,7,E01009039,0,-1
2021010337390,2021,010337390,2,9,9,99,99,9,9,99,99,9,9,99,9,99,9,9,6,6,3,-1,-1,1598,1,15,MAZDA 3,-1,-1,0,-1
2021010316639,2021,010316639,1,9,0,18,19,1,5,0,0,0,0,0,0,0,1,1,2,2,2,60,9,1998,1,3,MAZDA 3,2,E01000015,0,-1
2021061041467,2021,061041467,1,9,0,3,3,3,7,0,0,0,0,0,0,0,1,1,6,6,1,37,7,1598,1,15,MAZDA 3,4,E01025308,0,-1
2021070304949,2021,070304949,1,9,0,18,19,8,4,0,0,0,0,0,1,10,1,1,6,6,1,76,11,1998,1,6,MAZDA 3,7,E01028484,0,-1
2021201113663,2021,201113663,1,9,0,18,19,4,8,0,0,0,1,0,0,0,3,1,6,6,1,-1,-1,2183,2,12,MAZDA 3,-1,-1,0,-1
2021520104393,2021,520104393,2,9,0,5,5,4,2,0,0,6,0,0,0,0,1,1,6,6,2,24,5,1598,1,13,MAZDA 3,7,E01029166,0,-1
2021461045739,2021,461045739,1,9,0,18,19,1,5,0,0,0,0,0,0,0,1,1,3,7,2,42,7,1998,1,3,MAZDA 3,10,E01024402,0,-1
2021451121178,2021,451121178,1,9,0,18,19,6,2,0,0,8,1,0,0,0,1,1,5,6,1,73,10,1598,1,13,MAZDA 3,5,E01030484,0,-1
2021070351064,2021,070351064,2,9,0,18,19,4,2,0,0,8,0,0,0,0,3,1,6,6,1,29,6,2261,1,11,MAZDA 3,3,E01018730,0,-1
2021440193998,2021,440193998,1,9,0,18,19,2,6,0,0,0,0,0,0,0,1,1,6,6,1,49,8,1598,1,8,MAZDA 3,5,E01017282,0,-1
2021131051068,2021,131051068,1,9,0,17,19,1,1,0,0,2,0,0,0,0,1,1,1,1,1,51,8,1598,1,16,MAZDA 3,3,E01011234,0,-1
2021552100387,2021,552100387,1,9,0,18,19,6,2,0,0,8,0,0,0,0,1,1,6,6,2,69,10,1998,1,6,MAZDA 3,7,E01015416,0,-1
2021161013602,2021,161013602,2,9,0,16,19,2,6,0,0,0,0,0,1,0,1,1,2,2,2,49,8,1560,2,12,MAZDA 3,2,E01027909,0,-1
2021070809989,2021,070809989,1,9,0,1,1,2,6,0,0,0,0,0,0,0,4,1,6,6,1,38,7,1998,1,2,MAZDA 3,10,E01018554,0,-1
2021501059498,2021,501059498,1,9,0,4,4,4,8,0,0,0,0,0,0,0,4,1,2,2,1,29,6,1998,1,4,MAZDA 3,5,E01029173,0,-1
2021501068333,2021,501068333,2,9,0,9,9,2,8,0,0,6,0,0,0,0,3,1,6,6,1,72,10,1998,1,1,MAZDA 3,5,E01020068,0,-1
2021010322823,2021,010322823,2,9,9,18,19,1,5,99,99,9,9,99,0,0,1,2,6,6,1,42,7,1598,1,13,MAZDA 3,6,E01001393,0,-1
2021010350191,2021,010350191,1,9,0,18,19,3,7,0,0,0,0,0,0,0,1,1,6,6,2,53,8,1598,1,14,MAZDA 3,3,E01001366,0,-1
2021501114534,2021,501114534,1,9,0,13,13,7,3,0,0,0,0,0,0,0,4,1,5,6,1,77,11,1998,1,2,MAZDA 3,8,E01032680,0,-1
2021010306996,2021,010306996,1,9,0,9,9,1,6,0,0,1,0,0,0,0,3,1,6,6,2,26,6,1598,1,16,MAZDA 3,3,E01002803,0,-1
2021501113523,2021,501113523,4,9,0,18,19,2,6,0,0,0,0,0,0,0,1,1,6,6,1,29,6,1496,2,5,MAZDA 3,6,E01015252,0,-1
2021010325818,2021,010325818,2,9,0,3,3,5,1,0,0,0,0,0,0,0,2,1,6,6,2,50,8,1998,1,2,MAZDA 3,4,E01001216,0,-1
2021010306643,2021,010306643,1,9,0,4,4,7,3,0,0,0,0,0,0,0,1,1,2,2,1,47,8,1598,1,13,MAZDA 3,-1,-1,0,-1
2021010294072,2021,010294072,2,9,0,4,4,7,3,0,0,0,0,4,0,0,2,1,6,6,2,37,7,1598,1,14,MAZDA 3,4,E01000978,0,-1
2021201061386,2021,201061386,1,9,0,18,19,6,2,0,0,0,0,4,0,0,1,1,6,6,1,42,7,1560,2,11,MAZDA 3,1,E01009172,0,-1
2021070229398,2021,070229398,2,9,0,16,19,1,5,0,0,0,0,0,0,0,1,1,6,6,1,36,7,1496,1,7,MAZDA 3,4,E01005840,0,-1
2021061060405,2021,061060405,1,9,0,17,19,4,6,0,0,1,0,0,0,0,2,1,5,6,1,39,7,1598,1,15,MAZDA 3,8,E01006128,0,-1
2021531134415,2021,531134415,1,9,0,18,19,1,5,0,0,1,0,0,0,0,1,1,6,6,2,41,7,1598,1,13,MAZDA 3,9,E01022107,0,-1
2021161019388,2021,161019388,2,9,0,2,2,0,0,0,0,0,0,0,0,0,2,1,6,6,3,-1,-1,1598,1,10,MAZDA 3,-1,-1,0,-1
2021451026590,2021,451026590,2,9,0,18,19,3,7,0,0,0,0,0,0,0,1,1,1,1,2,34,6,1560,2,9,MAZDA 3,6,E01030995,0,-1
2021161071081,2021,161071081,2,9,0,3,3,8,4,0,0,0,0,0,0,0,2,1,6,6,1,38,7,1598,1,14,MAZDA 3,5,E01013306,0,-1
2021101019389,2021,101019389,1,9,0,18,19,4,8,0,0,0,1,10,1,7,1,1,2,2,1,49,8,2184,2,5,MAZDA 3,4,E01008404,0,-1
2021991074530,2021,991074530,1,9,0,18,19,4,8,0,0,1,0,0,1,0,1,1,6,6,1,25,5,1349,1,14,MAZDA 3,1,-1,0,-1
2021361086297,2021,361086297,2,9,0,18,19,6,2,0,0,0,0,0,0,0,3,1,6,6,1,36,7,1560,2,10,MAZDA 3,1,E01026687,0,-1
2021061078537,2021,061078537,1,9,0,18,19,1,3,0,0,0,0,0,0,0,2,1,5,6,1,35,6,1598,1,11,MAZDA 3,7,E01004974,0,-1
2021141111636,2021,141111636,1,9,0,18,19,3,6,0,0,6,0,0,0,0,1,1,6,6,1,29,6,1598,1,10,MAZDA 3,2,E01007548,0,-1
2021231116656,2021,231116656,3,9,0,18,19,2,6,0,0,0,1,0,0,0,2,1,5,6,1,32,6,1999,1,15,MAZDA 3,1,E01009632,0,-1
2021010347989,2021,010347989,2,9,0,18,19,7,3,0,0,8,0,0,0,0,4,1,6,6,1,23,5,1598,1,13,MAZDA 3,2,E01004242,0,-1
2021451035693,2021,451035693,1,9,0,18,19,5,1,0,0,1,1,0,0,0,1,1,5,6,1,19,4,1560,2,12,MAZDA 3,9,E01004132,0,-1
2021522106004,2021,522106004,2,9,0,18,19,8,4,0,0,6,0,0,0,0,3,1,6,6,1,30,6,1998,1,3,MAZDA 3,-1,-1,0,-1
2021991032727,2021,991032727,1,9,0,18,19,6,2,0,0,0,0,0,0,0,1,1,5,6,1,64,9,1598,1,12,MAZDA 3,10,-1,0,-1
2021010300934,2021,010300934,1,9,0,7,7,5,8,0,0,5,0,0,0,0,4,1,6,6,1,59,9,1999,1,17,MAZDA 3,9,E01003828,0,-1
2021471013565,2021,471013565,1,9,0,18,19,4,8,0,0,0,0,0,0,0,1,1,5,6,2,23,5,1560,2,9,MAZDA 3,4,E01016974,0,-1