collision_index,collision_year,collision_ref_no,vehicle_reference,vehicle_type,towing_and_articulation,vehicle_manoeuvre_historic,vehicle_manoeuvre,vehicle_direction_from,vehicle_direction_to,vehicle_location_restricted_lane_historic,vehicle_location_restricted_lane,junction_location,skidding_and_overturning,hit_object_in_carriageway,vehicle_leaving_carriageway,hit_object_off_carriageway,first_point_of_impact,vehicle_left_hand_drive,journey_purpose_of_driver_historic,journey_purpose_of_driver,sex_of_driver,age_of_driver,age_band_of_driver,engine_capacity_cc,propulsion_code,age_of_vehicle,generic_make_model,driver_imd_decile,lsoa_of_driver,escooter_flag,driver_distance_banding
2021451079998,2021,451079998,3,9,0,2,2,0,0,0,0,1,0,0,0,0,0,1,6,6,3,-1,-1,1598,1,11,MAZDA 3,-1,-1,0,-1
2021440072954,2021,440072954,2,9,0,13,13,2,6,0,0,0,0,0,0,0,1,1,6,6,1,18,4,1598,1,14,MAZDA 3,3,E01023107,0,-1
2021421106607,2021,421106607,1,9,0,5,5,1,5,0,0,0,0,0,0,0,3,1,5,6,1,32,6,1998,1,6,MAZDA 3,4,E01015952,0,-1
2021542430121,2021,542430121,1,9,0,18,19,4,8,0,0,0,1,0,1,1,3,1,6,6,1,27,6,1349,1,17,MAZDA 3,2,E01015542,0,-1
2021461108081,2021,461108081,2,9,0,18,19,7,3,0,0,0,0,0,0,0,1,1,1,1,1,65,9,1598,1,16,MAZDA 3,2,E01016160,0,-1
2021320335172,2021,320335172,1,9,0,9,9,5,2,0,0,6,0,0,3,0,1,1,2,2,2,25,5,1598,1,8,MAZDA 3,5,E01026315,0,-1
20211381M1248,2021,1381M1248,3,9,0,3,3,1,5,0,0,0,0,0,0,0,4,1,6,6,2,60,9,1598,1,16,MAZDA 3,10,E01010697,0,-1
2021122100586,2021,122100586,2,9,0,3,3,5,1,0,0,0,0,0,0,0,2,1,6,6,1,57,9,1998,1,5,MAZDA 3,9,E01013077,0,-1
2021170H10361,2021,170H10361,2,9,0,18,19,5,1,0,0,0,0,0,0,0,4,1,6,6,1,23,5,1496,1,6,MAZDA 3,8,E01033465,0,-1
2021010294292,2021,010294292,1,9,0,99,99,9,9,99,99,9,9,99,9,99,2,9,2,2,1,66,10,1598,1,14,MAZDA 3,3,E01000635,0,-1
2021430402530,2021,430402530,1,9,0,14,14,2,6,0,0,0,0,0,0,0,1,1,6,6,2,38,7,1998,1,4,MAZDA 3,-1,-1,0,-1
2021010297376,2021,010297376,1,9,0,1,1,5,1,0,0,0,0,0,0,0,4,1,6,6,2,68,10,1999,1,12,MAZDA 3,7,E01000723,0,-1
2021010323177,2021,010323177,1,9,0,4,4,7,3,0,0,1,0,0,0,0,2,1,6,6,1,35,6,1598,1,12,MAZDA 3,9,E01016688,0,-1
2021010313661,2021,010313661,1,9,0,18,19,5,1,0,0,1,1,0,0,0,4,1,2,2,1,35,6,2191,2,6,MAZDA 3,5,E01021493,0,-1
2021010304112,2021,010304112,2,9,0,99,99,9,9,99,99,9,9,99,9,99,9,9,6,6,3,-1,-1,1998,1,1,MAZDA 3,-1,-1,0,-1
2021010297040,2021,010297040,2,9,0,99,99,9,9,99,99,9,9,99,9,99,1,9,6,6,3,-1,-1,1598,1,16,MAZDA 3,-1,-1,0,-1
2021522104231,2021,522104231,2,9,0,9,9,5,2,0,0,1,0,0,0,0,3,1,6,6,1,24,5,1598,1,11,MAZDA 3,5,E01033339,0,-1
2021501019250,2021,501019250,2,9,0,18,19,6,2,0,0,1,0,0,1,0,1,1,2,2,1,38,7,1598,1,12,MAZDA 3,1,E01020094,0,-1
2021010319282,2021,010319282,1,9,0,5,5,3,7,9,9,1,0,7,1,3,1,1,6,6,2,19,4,1999,1,12,MAZDA 3,2,E01004679,0,-1
2021010313365,2021,010313365,2,9,0,18,19,4,8,0,0,1,0,0,0,0,2,1,6,6,1,42,7,1349,1,14,MAZDA 3,3,E01002554,0,-1
2021061064778,2021,061064778,2,9,0,9,9,1,8,0,0,8,0,0,0,0,1,1,6,6,2,30,6,1598,1,14,MAZDA 3,-1,-1,0,-1
202131C155621,2021,31C155621,1,9,0,18,19,6,2,0,0,0,0,0,0,0,1,1,6,6,1,41,7,1598,1,15,MAZDA 3,3,E01013969,0,-1
2021131049818,2021,131049818,1,9,0,18,19,2,2,0,0,8,0,0,0,0,1,1,6,6,1,23,5,1560,2,11,MAZDA 3,1,E01010620,0,-1
202131D018821,2021,31D018821,4,9,0,3,3,2,6,0,0,1,0,0,0,0,2,1,6,6,1,68,10,1560,2,12,MAZDA 3,5,E01033413,0,-1
2021440090473,2021,440090473,2,9,0,18,19,2,6,0,0,0,0,0,0,0,1,1,6,6,2,34,6,1598,1,8,MAZDA 3,6,E01022824,0,-1
2021451060472,2021,451060472,1,9,0,4,4,7,3,0,0,1,0,0,0,0,2,1,6,6,1,51,8,1998,1,6,MAZDA 3,8,E01030979,0,-1
2021010347391,2021,010347391,1,9,0,7,7,1,3,0,0,1,0,0,0,0,1,1,3,7,2,40,7,1598,1,14,MAZDA 3,2,E01003925,0,-1
2021041066817,2021,041066817,1,9,0,18,19,5,1,0,0,1,0,0,0,0,4,1,5,6,2,40,7,1598,1,13,MAZDA 3,8,E01025411,0,-1
2021101078008,2021,101078008,1,9,0,18,19,2,6,0,0,1,0,0,0,0,1,1,5,6,1,23,5,1598,1,15,MAZDA 3,6,E01027532,0,-1
2021161084445,2021,161084445,1,9,0,18,19,6,3,0,0,5,1,0,3,0,4,1,5,6,1,50,8,1998,1,5,MAZDA 3,10,E01011888,0,-1
2021991043716,2021,991043716,1,9,0,16,19,5,1,0,0,8,0,0,7,0,4,1,6,6,1,20,4,1560,2,11,MAZDA 3,-1,-1,0,-1
2021010292900,2021,010292900,2,9,0,4,4,3,7,0,0,0,0,0,0,0,1,1,2,2,1,30,6,1598,1,13,MAZDA 3,6,E01002678,0,-1
2021170H10671,2021,170H10671,3,9,0,18,19,1,5,0,0,8,0,0,0,0,2,1,6,6,2,51,8,1598,1,14,MAZDA 3,4,E01020735,0,-1
2021141057223,2021,141057223,1,9,0,4,4,3,7,0,0,1,0,0,1,0,3,1,2,2,2,31,6,2191,2,6,MAZDA 3,1,E01007530,0,-1
2021430511415,2021,430511415,1,9,0,18,19,2,6,0,0,8,5,0,4,6,1,1,2,2,1,28,6,1598,1,11,MAZDA 3,7,E01016613,0,-1
2021552100270,2021,552100270,1,9,0,18,19,2,6,0,0,0,0,0,0,0,4,1,6,6,1,79,11,1998,1,4,MAZDA 3,4,E01020394,0,-1
2021131043103,2021,131043103,1,9,0,16,19,1,5,0,0,0,0,0,0,0,3,1,5,6,2,26,6,1349,1,13,MAZDA 3,7,E01011111,0,-1
2021461111136,2021,461111136,1,9,0,8,8,1,3,0,0,1,0,0,0,0,1,1,5,6,2,29,6,1598,1,17,MAZDA 3,2,E01023990,0,-1
2021451052533,2021,451052533,1,9,0,18,19,1,2,0,0,0,0,0,0,0,2,1,6,6,1,40,7,2191,2,7,MAZDA 3,10,E01030349,0,-1
2021010300023,2021,010300023,1,9,0,1,1,7,3,0,0,6,0,0,0,0,2,2,6,6,1,34,6,1598,1,15,MAZDA 3,4,E01004617,0,-1
2021010317962,2021,010317962,2,9,0,3,3,1,5,9,9,6,0,0,0,0,3,1,2,2,2,35,6,1998,1,6,MAZDA 3,-1,-1,0,-1
2021010304561,2021,010304561,1,9,0,99,99,9,9,99,99,9,9,99,9,99,2,9,2,2,1,38,7,1598,1,13,MAZDA 3,9,E01017920,0,-1
2021010297833,2021,010297833,3,9,0,2,2,0,0,0,0,2,0,0,0,0,4,1,6,6,3,-1,-1,1998,1,7,MAZDA 3,-1,-1,0,-1
2021010304495,2021,010304495,2,9,0,18,19,4,8,0,0,0,0,0,0,0,1,1,6,6,2,20,4,1998,1,6,MAZDA 3,10,E01003871,0,-1
2021141026803,2021,141026803,1,9,0,18,19,8,4,0,0,0,0,0,0,0,1,1,6,6,1,66,10,1598,1,14,MAZDA 3,7,E01007700,0,-1
2021430260020,2021,430260020,2,9,0,18,19,7,3,0,0,8,0,0,1,0,3,1,2,2,1,26,6,1496,2,4,MAZDA 3,9,E01031930,0,-1
2021221029213,2021,221029213,1,9,0,7,7,7,8,0,0,4,0,0,0,0,1,1,2,2,2,48,8,1598,1,11,MAZDA 3,10,E01032246,0,-1
2021991091112,2021,991091112,1,9,0,5,5,0,5,0,0,0,0,0,0,0,1,1,5,6,1,55,8,1999,1,14,MAZDA 3,9,-1,0,-1
2021010329829,2021,010329829,1,9,0,18,19,1,5,0,0,9,0,0,0,0,3,1,6,6,2,61,9,1598,1,10,MAZDA 3,6,E01023900,0,-1
2021371095522,2021,371095522,1,9,0,18,19,3,7,0,0,0,0,0,0,0,1,1,2,2,2,45,7,1999,1,12,MAZDA 3,5,E01030138,0,-1
2021061136898,2021,061136898,2,9,0,18,19,3,7,0,0,0,0,0,0,0,3,1,6,6,1,51,8,1998,1,5,MAZDA 3,-1,-1,0,-1
2021201095118,2021,201095118,1,9,0,18,19,8,4,0,0,0,0,0,0,0,4,1,6,6,1,-1,-1,1560,2,12,MAZDA 3,-1,-1,0,-1
2021201127407,2021,201127407,1,9,0,1,1,2,6,0,0,2,0,0,0,0,2,1,6,6,1,64,9,1598,1,13,MAZDA 3,1,E01009963,0,-1
2021531042953,2021,531042953,1,9,0,13,13,1,5,0,0,8,5,0,7,0,4,1,2,2,1,18,4,1598,1,13,MAZDA 3,5,E01022420,0,-1
2021351059308,2021,351059308,1,9,0,18,19,8,4,0,0,0,0,0,0,0,1,1,6,6,1,26,6,1598,1,9,MAZDA 3,9,E01018029,0,-1
2021461128035,2021,461128035,2,9,0,3,3,1,5,0,0,0,0,0,0,0,2,1,6,6,2,41,7,1560,2,8,MAZDA 3,7,E01024732,0,-1
2021141098475,2021,141098475,1,9,0,18,19,3,7,0,0,0,0,0,0,0,1,1,5,6,2,34,6,1998,2,12,MAZDA 3,2,E01007855,0,-1
2021010290639,2021,010290639,1,9,0,7,7,8,2,8,6,6,0,0,0,0,2,1,1,1,1,40,7,2191,2,4,MAZDA 3,-1,-1,0,-1
2021471052965,2021,471052965,3,9,0,3,3,4,8,0,0,0,0,0,0,0,2,1,5,6,2,58,9,1998,1,2,MAZDA 3,5,E01023201,0,-1
2021622100035,2021,622100035,1,9,0,18,19,6,2,0,0,8,0,0,0,0,1,1,6,6,2,73,10,1598,1,15,MAZDA 3,9,W01001123,0,-1
2021010294297,2021,010294297,1,9,0,18,19,3,7,0,0,2,0,0,0,0,1,1,2,2,1,39,7,1598,1,12,MAZDA 3,1,E01002082,0,-1
2021401120453,2021,401120453,2,9,0,9,9,7,5,0,0,4,0,0,0,0,4,1,6,6,1,22,5,2261,1,8,MAZDA 3,3,E01023650,0,-1
2021302101185,2021,302101185,2,9,0,4,4,2,6,0,0,1,0,0,0,0,2,1,6,6,1,46,8,1999,1,15,MAZDA 3,4,E01013459,0,-1
2021522101847,2021,522101847,3,9,0,2,2,0,0,0,0,0,0,4,0,0,1,1,6,6,2,44,7,1998,1,4,MAZDA 3,10,E01014666,0,-1
2021320584917,2021,320584917,1,9,0,13,13,6,2,0,0,0,1,0,7,0,1,1,6,6,1,34,6,1349,1,16,MAZDA 3,3,E01026075,0,-1
2021401103379,2021,401103379,1,9,0,1,1,5,2,0,0,0,0,0,0,0,2,1,5,6,2,34,6,1560,2,12,MAZDA 3,4,E01015722,0,-1
2021501115958,2021,501115958,1,9,0,18,19,7,3,0,0,0,0,0,0,0,1,1,6,6,2,39,7,1598,1,13,MAZDA 3,6,E01020121,0,-1
202154C181721,2021,54C181721,1,9,0,4,4,6,2,0,0,6,0,0,7,5,1,1,6,6,2,36,7,1998,1,7,MAZDA 3,9,E01032055,0,-1
2021501089449,2021,501089449,2,9,0,18,19,8,4,0,0,1,0,0,0,0,1,1,1,1,2,25,5,1598,1,12,MAZDA 3,5,E01019066,0,-1
2021101072849,2021,101072849,3,9,0,10,10,8,4,0,0,1,0,0,0,0,3,1,2,2,1,41,7,1998,1,4,MAZDA 3,-1,-1,0,-1
2021430493958,2021,430493958,2,9,0,18,19,6,2,0,0,1,0,0,0,0,1,1,6,6,1,65,9,1598,1,15,MAZDA 3,8,E01017931,0,-1
2021440056657,2021,440056657,1,9,0,9,9,1,7,0,0,8,0,0,0,0,1,1,6,6,1,-1,-1,1598,1,10,MAZDA 3,-1,-1,0,-1
2021010338221,2021,010338221,2,9,0,99,99,9,9,99,99,0,9,99,9,99,9,9,6,6,3,-1,-1,1598,1,14,MAZDA 3,6,E01024425,0,-1
2021201142682,2021,201142682,1,9,0,1,1,7,3,0,0,1,0,0,0,0,2,1,6,6,3,-1,-1,1998,1,4,MAZDA 3,-1,-1,0,-1
202163D014121,2021,63D014121,1,9,0,16,19,2,5,0,0,1,1,0,0,0,4,1,1,1,2,23,5,1598,1,13,MAZDA 3,7,E01028915,0,-1
202134NNC2441,2021,34NNC2441,1,9,0,4,4,8,4,0,0,1,0,0,0,0,1,1,2,2,1,30,6,1598,1,16,MAZDA 3,4,E01027315,0,-1
2021501074179,2021,501074179,1,9,0,18,19,1,5,0,0,1,2,0,2,1,1,1,5,6,1,29,6,1598,1,15,MAZDA 3,4,E01014686,0,-1
2021201142627,2021,201142627,2,9,0,18,19,8,4,0,0,8,0,0,0,0,1,1,6,6,1,36,7,2184,2,7,MAZDA 3,1,E01010289,0,-1
2021361066545,2021,361066545,1,9,0,18,19,4,8,0,0,0,0,0,0,0,1,1,3,7,2,37,7,1598,1,14,MAZDA 3,4,E01026636,0,-1
2021041076728,2021,041076728,1,9,0,18,19,5,1,0,0,0,1,0,1,4,4,1,6,6,1,33,6,1598,1,15,MAZDA 3,5,E01013551,0,-1
2021622100400,2021,622100400,2,9,0,9,9,3,5,0,0,5,0,0,0,0,3,1,6,6,1,32,6,1998,1,6,MAZDA 3,3,W01001177,0,-1
2021122101401,2021,122101401,1,9,0,18,19,5,3,0,0,0,0,0,0,0,4,1,6,6,1,74,10,1998,1,5,MAZDA 3,10,E01013423,0,-1
2021522103499,2021,522103499,1,9,0,17,19,3,7,0,0,8,0,0,0,0,1,1,6,6,1,55,8,1998,1,2,MAZDA 3,9,E01019949,0,-1
2021547206021,2021,547206021,3,9,0,18,19,5,1,0,0,0,0,0,0,0,1,1,6,6,2,51,8,1598,1,13,MAZDA 3,10,E01031997,0,-1
2021471013535,2021,471013535,1,9,0,14,14,5,1,0,0,5,0,0,0,0,4,1,5,6,2,57,9,1598,1,11,MAZDA 3,2,E01031456,0,-1
202131B033421,2021,31B033421,1,9,0,5,5,1,5,0,0,8,0,0,0,0,3,1,6,6,1,33,6,1349,1,13,MAZDA 3,7,E01028290,0,-1
2021141093059,2021,141093059,2,9,0,18,19,3,7,0,0,1,0,0,0,0,1,1,6,6,3,-1,-1,1598,1,15,MAZDA 3,-1,-1,0,-1
2021122101227,2021,122101227,2,9,0,7,7,5,7,0,0,8,0,0,0,0,4,1,6,6,1,64,9,1998,1,3,MAZDA 3,10,E01013361,0,-1
2021471012047,2021,471012047,3,9,0,4,4,3,7,0,0,0,0,0,0,0,2,1,2,2,1,59,9,2183,2,12,MAZDA 3,9,E01031422,0,-1
2021501093025,2021,501093025,3,9,0,18,19,1,5,0,0,0,0,0,0,0,1,1,6,6,1,64,9,1998,1,6,MAZDA 3,4,E01018829,0,-1
2021111044507,2021,111044507,2,9,0,2,2,0,0,0,0,0,0,0,0,0,2,1,3,7,2,35,6,1998,1,3,MAZDA 3,8,E01020680,0,-1
2021361034145,2021,361034145,3,9,0,4,4,4,8,0,0,0,0,0,0,0,2,1,5,6,2,22,5,1598,1,11,MAZDA 3,4,E01026628,0,-1
2021010303595,2021,010303595,1,9,0,18,19,1,5,0,0,1,0,0,0,0,2,1,6,6,1,46,8,1598,1,14,MAZDA 3,5,E01001198,0,-1
2021991035513,2021,991035513,2,9,0,2,2,0,0,0,0,0,0,0,0,0,3,1,6,6,3,-1,-1,1598,1,11,MAZDA 3,-1,-1,0,-1
2021991089470,2021,991089470,1,9,0,3,3,6,4,0,0,8,0,0,0,0,4,1,2,2,1,38,7,1998,1,6,MAZDA 3,7,-1,0,-1
2021201143990,2021,201143990,1,9,0,5,5,2,6,0,0,8,0,0,0,0,3,1,6,6,1,62,9,1999,1,17,MAZDA 3,2,E01010104,0,-1
2021991038803,2021,991038803,1,9,0,18,19,1,5,0,0,0,0,0,0,0,4,1,6,6,1,65,9,1598,1,13,MAZDA 3,4,-1,0,-1
2021501113006,2021,501113006,1,9,0,9,9,4,2,0,0,4,0,0,0,0,3,1,1,1,1,49,8,1998,1,0,MAZDA 3,2,E01015210,0,-1
2021351066202,2021,351066202,1,9,-1,10,10,4,8,0,0,1,0,0,0,0,1,1,6,6,1,49,8,2183,2,12,MAZDA 3,5,E01030151,0,-1
2021131091082,2021,131091082,3,9,0,4,4,7,3,0,0,1,0,0,0,0,2,1,3,7,2,38,7,1998,1,5,MAZDA 3,2,E01010749,0,-1
2021010322170,2021,010322170,1,9,0,99,99,9,9,0,0,3,9,99,9,99,1,9,6,6,1,61,9,1598,1,10,MAZDA 3,7,E01021967,0,-1
2021371137575,2021,371137575,1,9,0,18,19,3,7,0,0,1,2,0,0,0,4,1,1,1,1,38,7,1598,1,13,MAZDA 3,5,E01030226,0,-1
2021010349554,2021,010349554,2,9,0,2,2,0,0,0,0,1,0,0,0,0,3,1,6,6,3,-1,-1,1598,1,14,MAZDA 3,-1,-1,0,-1
2021161069291,2021,161069291,2,9,0,5,5,5,1,6,6,1,0,0,0,0,1,1,6,6,2,-1,-1,1598,1,11,MAZDA 3,-1,-1,0,-1
2021552100100,2021,552100100,1,9,0,9,9,2,6,0,0,5,0,0,0,0,1,1,6,6,1,85,11,1598,1,12,MAZDA 3,5,E01015296,0,-1
2021461085038,2021,461085038,3,9,0,18,19,3,7,0,0,8,0,0,0,0,4,1,6,6,1,51,8,1998,1,5,MAZDA 3,6,E01024052,0,-1
2021161021804,2021,161021804,1,9,0,18,19,2,6,0,0,0,0,0,0,0,3,1,2,2,1,57,9,1560,2,10,MAZDA 3,5,E01012800,0,-1
2021211082331,2021,211082331,2,9,0,18,19,3,7,0,0,0,0,0,0,0,1,1,2,2,1,42,7,1598,1,15,MAZDA 3,8,E01029486,0,-1
2021522200111,2021,522200111,1,9,0,7,7,7,1,0,0,6,0,0,7,11,3,1,6,6,1,49,8,1999,1,15,MAZDA 3,1,E01032518,0,-1
2021451095570,2021,451095570,1,9,0,17,19,1,5,0,0,0,0,0,0,0,1,1,2,2,2,24,5,1598,1,15,MAZDA 3,10,E01030941,0,-1
2021411027358,2021,411027358,1,9,0,17,19,5,2,0,0,1,0,10,1,4,1,1,2,2,2,25,5,1598,1,13,MAZDA 3,10,E01023659,0,-1
2021010346843,2021,010346843,1,9,0,18,19,3,7,0,0,0,0,0,0,0,1,1,6,6,2,52,8,1598,1,15,MAZDA 3,5,E01000417,0,-1
2021401087093,2021,401087093,2,9,0,18,19,5,1,0,0,0,1,0,1,0,1,1,6,6,1,29,6,1999,1,12,MAZDA 3,7,E01017431,0,-1
2021010340831,2021,010340831,1,9,0,9,9,1,7,0,0,5,0,0,0,0,4,1,6,6,2,59,9,1598,1,15,MAZDA 3,4,E01002717,0,-1
2021991068720,2021,991068720,2,9,0,18,19,3,7,0,0,1,0,0,0,0,1,1,2,2,2,56,9,1999,1,10,MAZDA 3,-1,-1,0,-1
2021552101354,2021,552101354,1,9,0,9,9,6,4,0,0,6,0,0,0,0,1,1,6,6,2,71,10,1598,1,14,MAZDA 3,9,E01015351,0,-1
2021041081657,2021,041081657,2,9,0,18,19,3,7,0,0,1,1,10,1,1,3,1,5,6,2,51,8,1598,1,11,MAZDA 3,2,E01012605,0,-1
2021041115625,2021,041115625,2,9,0,10,10,4,1,0,0,1,0,0,0,0,2,1,5,6,2,41,7,1598,1,13,MAZDA 3,1,E01025049,0,-1
2021010306960,2021,010306960,3,9,0,2,2,0,0,6,6,1,0,0,0,0,0,1,6,6,3,-1,-1,1598,1,15,MAZDA 3,-1,-1,0,-1
2021401102631,2021,401102631,2,9,0,9,9,3,1,0,0,1,0,0,0,0,1,1,3,7,1,47,8,1598,1,11,MAZDA 3,3,E01017580,0,-1
2021101102121,2021,101102121,1,9,0,7,7,3,7,0,0,1,5,6,0,0,1,1,5,6,1,75,10,1998,1,6,MAZDA 3,7,E01008558,0,-1
2021430330553,2021,430330553,2,9,0,18,19,8,4,0,0,1,0,0,0,0,0,1,6,6,1,-1,-1,1998,2,13,MAZDA 3,-1,-1,0,-1
2021991060089,2021,991060089,2,9,0,17,19,7,4,0,0,1,0,0,0,0,1,1,1,1,1,41,7,1598,1,15,MAZDA 3,-1,-1,0,-1
2021471124383,2021,471124383,1,9,0,6,6,8,7,0,0,1,0,0,0,0,1,1,2,2,1,30,6,1598,1,10,MAZDA 3,4,E01001023,0,-1
2021131090744,2021,131090744,1,9,0,9,9,5,1,0,0,5,0,0,0,0,1,1,2,2,1,37,7,2191,2,6,MAZDA 3,8,E01011109,0,-1
2021451073759,2021,451073759,1,9,0,18,19,1,5,0,0,0,0,0,0,0,1,1,2,2,1,24,5,1598,1,13,MAZDA 3,9,E01030795,0,-1
2021991018042,2021,991018042,1,9,0,18,19,8,4,0,0,0,0,7,8,0,1,1,2,2,1,34,6,2191,2,6,MAZDA 3,3,-1,0,-1
202163A078521,2021,63A078521,2,9,0,18,19,4,8,0,0,1,0,0,0,0,3,1,6,6,1,65,9,1598,1,14,MAZDA 3,7,W01000735,0,-1
2021010342516,2021,010342516,2,9,0,99,99,9,9,99,99,9,9,99,9,99,1,9,6,6,1,21,5,1598,1,11,MAZDA 3,2,E01004570,0,-1
2021411073402,2021,411073402,1,9,0,4,4,1,5,0,0,1,0,0,0,0,2,1,1,1,2,46,8,1998,1,6,MAZDA 3,7,E01023801,0,-1
2021201083073,2021,201083073,2,9,0,18,19,3,7,0,0,8,0,0,0,0,4,1,6,6,1,32,6,1598,1,16,MAZDA 3,1,E01009141,0,-1
2021371119616,2021,371119616,2,9,0,-1,-1,-1,-1,-1,-1,0,-1,-1,-1,0,2,1,3,7,2,40,7,1998,1,2,MAZDA 3,4,E01029922,0,-1
2021170H10691,2021,170H10691,2,9,0,18,19,3,7,0,0,2,0,0,0,0,1,1,6,6,1,38,7,2191,2,6,MAZDA 3,7,E01012366,0,-1
2021361033972,2021,361033972,1,9,0,18,19,5,1,0,0,0,0,0,0,0,1,1,6,6,3,-1,-1,1598,1,16,MAZDA 3,-1,-1,0,-1
2021471124421,2021,471124421,3,9,0,4,4,4,8,0,0,8,0,0,0,0,3,1,5,6,1,25,5,1598,1,13,MAZDA 3,10,E01021218,0,-1
202131B104021,2021,31B104021,2,9,0,18,19,4,8,0,0,8,0,0,0,0,1,1,6,6,1,40,7,1598,1,15,MAZDA 3,-1,-1,0,-1
2021010307787,2021,010307787,1,9,0,18,19,5,1,0,0,0,1,7,1,2,1,1,6,6,2,83,11,1598,1,15,MAZDA 3,9,E01000667,0,-1
2021070571097,2021,070571097,2,9,0,18,19,5,1,0,0,3,0,0,0,0,4,1,6,6,1,70,10,1998,1,4,MAZDA 3,4,E01012521,0,-1
2021430301117,2021,430301117,1,9,0,18,19,2,6,0,0,3,0,0,2,4,1,1,6,6,1,25,5,1560,2,16,MAZDA 3,8,E01016610,0,-1
2021430229223,2021,430229223,1,9,0,18,19,2,6,0,0,0,0,0,0,0,4,1,6,6,1,81,11,1998,1,7,MAZDA 3,-1,-1,0,-1
2021101017262,2021,101017262,4,9,0,3,3,7,3,0,0,1,0,0,0,0,2,1,6,6,1,60,9,1998,1,2,MAZDA 3,7,E01012334,0,-1
2021991098471,2021,991098471,1,9,0,18,19,8,4,0,0,4,0,0,0,0,1,1,5,6,1,37,7,1999,1,13,MAZDA 3,2,-1,0,-1
2021070584973,2021,070584973,2,9,0,10,10,1,5,0,0,1,0,0,0,0,2,1,6,6,2,41,7,1598,1,11,MAZDA 3,9,E01018377,0,-1
202134WNC0021,2021,34WNC0021,1,9,0,18,19,6,2,0,0,8,0,0,0,0,1,1,6,6,1,36,7,2183,2,9,MAZDA 3,2,E01027229,0,-1
2021010313640,2021,010313640,1,9,0,99,99,9,9,99,99,0,9,99,9,99,1,9,6,6,2,34,6,1998,1,2,MAZDA 3,6,E01030653,0,-1
2021221020715,2021,221020715,1,9,0,17,19,5,2,0,0,0,1,6,2,0,4,1,2,2,1,31,6,1598,1,8,MAZDA 3,1,E01009382,0,-1
202131B088621,2021,31B088621,2,9,0,18,19,8,4,0,0,1,0,0,0,0,1,1,6,6,1,56,9,1598,1,10,MAZDA 3,2,E01015641,0,-1
2021201183141,2021,201183141,1,9,0,18,19,1,6,0,0,4,0,0,0,0,1,1,6,6,2,24,5,1598,1,11,MAZDA 3,3,E01008921,0,-1
2021070462091,2021,070462091,3,9,0,18,19,1,5,0,0,0,0,0,0,0,1,1,6,6,1,47,8,1998,1,6,MAZDA 3,6,E01018713,0,-1
2021991028730,2021,991028730,5,9,0,2,2,0,0,6,6,0,0,0,0,0,1,1,6,6,3,-1,-1,2191,2,6,MAZDA 3,-1,-1,0,-1
2021061175425,2021,061175425,1,9,0,18,19,5,1,0,0,0,0,0,0,0,1,1,6,6,1,34,6,1998,1,7,MAZDA 3,-1,-1,0,-1
2021421076327,2021,421076327,1,9,0,15,15,7,4,0,0,0,0,0,0,0,3,1,6,6,1,75,10,1998,1,0,MAZDA 3,-1,-1,0,-1
2021440496645,2021,440496645,4,9,0,18,19,3,7,0,0,8,0,0,0,0,1,1,6,6,1,26,6,1998,1,0,MAZDA 3,6,E01022736,0,-1
2021440144697,2021,440144697,2,9,0,2,2,0,0,0,0,0,0,0,0,0,4,1,6,6,3,-1,-1,1598,1,13,MAZDA 3,-1,-1,0,-1
2021052102076,2021,052102076,1,9,0,18,19,6,2,0,0,8,0,0,0,0,4,1,6,6,1,51,8,1560,2,16,MAZDA 3,1,E01007087,0,-1
2021010306550,2021,010306550,2,9,0,3,3,1,5,0,0,1,0,0,0,0,3,1,6,6,1,46,8,1598,1,16,MAZDA 3,5,E01000664,0,-1
2021010300821,2021,010300821,1,9,0,18,19,1,5,0,0,1,0,0,0,0,3,1,6,6,1,41,7,1598,1,10,MAZDA 3,4,E01021774,0,-1
2021010299200,2021,010299200,1,9,0,7,7,5,7,0,0,1,0,0,0,0,1,1,6,6,1,36,7,1598,1,13,MAZDA 3,9,E01000202,0,-1
2021522105219,2021,522105219,2,9,0,18,19,8,3,0,0,1,0,0,0,0,1,1,6,6,2,20,4,1998,1,7,MAZDA 3,10,E01014875,0,-1
2021201064202,2021,201064202,2,9,0,18,19,3,7,0,0,8,0,0,0,0,4,1,6,6,1,29,6,1598,1,13,MAZDA 3,3,E01010097,0,-1
2021201133797,2021,201133797,1,9,0,6,6,6,6,0,0,8,0,0,4,0,4,1,6,6,2,51,8,1598,1,14,MAZDA 3,4,E01031333,0,-1
2021161053891,2021,161053891,2,9,0,18,19,4,8,0,0,0,0,0,1,10,2,1,6,6,2,20,4,1598,1,13,MAZDA 3,5,E01013255,0,-1
2021010308179,2021,010308179,3,9,0,4,4,1,5,0,0,1,0,0,0,0,1,1,6,6,1,35,6,1598,1,13,MAZDA 3,3,E01001969,0,-1
202131C066821,2021,31C066821,2,9,0,4,4,8,4,0,0,0,0,0,0,0,2,1,2,2,2,40,7,1560,2,11,MAZDA 3,7,E01028090,0,-1
2021430155047,2021,430155047,4,9,0,3,3,1,5,0,0,0,0,0,0,0,2,1,2,2,2,40,7,1598,1,16,MAZDA 3,10,E01016661,0,-1
2021010327627,2021,010327627,1,9,0,5,5,3,7,0,0,0,0,4,0,0,1,1,6,6,1,18,4,1598,1,9,MAZDA 3,4,E01000134,0,-1
2021552100299,2021,552100299,1,9,0,18,19,2,4,0,0,4,0,0,0,0,1,1,6,6,1,51,8,1598,1,14,MAZDA 3,10,E01015452,0,-1
2021440374405,2021,440374405,1,9,0,14,14,7,3,0,0,2,0,0,0,0,1,1,2,2,1,33,6,1598,1,16,MAZDA 3,3,E01017242,0,-1