collision_index,collision_year,collision_ref_no,vehicle_reference,vehicle_type,towing_and_articulation,vehicle_manoeuvre_historic,vehicle_manoeuvre,vehicle_direction_from,vehicle_direction_to,vehicle_location_restricted_lane_historic,vehicle_location_restricted_lane,junction_location,skidding_and_overturning,hit_object_in_carriageway,vehicle_leaving_carriageway,hit_object_off_carriageway,first_point_of_impact,vehicle_left_hand_drive,journey_purpose_of_driver_historic,journey_purpose_of_driver,sex_of_driver,age_of_driver,age_band_of_driver,engine_capacity_cc,propulsion_code,age_of_vehicle,generic_make_model,driver_imd_decile,lsoa_of_driver,escooter_flag,driver_distance_banding
2021131120657,2021,131120657,1,9,0,7,7,1,5,0,0,6,0,0,0,0,1,1,2,2,1,33,6,1598,1,8,MAZDA 3,8,E01011021,0,-1
2021461032192,2021,461032192,2,9,0,18,19,4,8,0,0,0,0,0,0,0,4,1,6,6,1,63,9,1998,1,7,MAZDA 3,1,E01033129,0,-1
2021552100399,2021,552100399,1,9,0,18,19,2,6,9,9,2,0,0,7,10,1,1,6,6,2,74,10,1598,1,16,MAZDA 3,6,E01033286,0,-1
2021401079036,2021,401079036,1,9,0,18,19,1,5,0,0,1,0,0,0,0,4,1,6,6,1,52,8,1998,1,5,MAZDA 3,10,E01017530,0,-1
2021320097816,2021,320097816,1,9,0,18,19,1,5,0,0,2,0,0,0,1,1,1,6,6,1,48,8,1560,2,8,MAZDA 3,4,E01026081,0,-1
2021131085370,2021,131085370,2,9,0,4,4,5,1,0,0,1,0,0,0,0,2,1,6,6,2,26,6,2261,1,14,MAZDA 3,3,E01011327,0,-1
2021211113839,2021,211113839,1,9,0,9,9,4,2,0,0,8,0,0,0,0,1,1,6,6,1,73,10,1598,1,14,MAZDA 3,10,E01029678,0,-1
2021552100500,2021,552100500,2,9,0,10,10,7,4,0,0,5,0,0,0,0,2,1,6,6,2,23,5,2191,2,6,MAZDA 3,5,E01020472,0,-1
2021544933921,2021,544933921,1,9,0,18,19,6,2,0,0,1,0,0,0,0,1,1,6,6,1,42,7,1999,1,16,MAZDA 3,5,E01031986,0,-1
2021101073845,2021,101073845,1,9,-1,3,3,1,5,0,0,0,0,0,0,0,1,1,6,6,2,-1,-1,1598,1,10,MAZDA 3,-1,-1,0,-1
2021371147153,2021,371147153,1,9,0,4,4,7,3,0,0,1,0,0,0,0,1,1,2,2,2,27,6,1598,1,10,MAZDA 3,5,E01030286,0,-1
2021461148545,2021,461148545,2,9,0,18,19,7,3,0,0,1,0,0,0,0,4,1,2,2,2,27,6,1999,1,11,MAZDA 3,1,E01024597,0,-1
2021430535066,2021,430535066,1,9,0,3,3,1,5,0,0,1,0,0,0,0,3,1,6,6,1,48,8,2183,2,11,MAZDA 3,-1,-1,0,-1
2021010313597,2021,010313597,2,9,0,18,19,5,1,0,0,0,0,0,0,0,1,1,6,6,1,32,6,2191,2,4,MAZDA 3,6,E01001341,0,-1
2021010340029,2021,010340029,2,9,0,99,99,9,9,99,99,9,9,99,9,99,1,9,6,6,2,-1,-1,1998,1,5,MAZDA 3,10,E01017751,0,-1
2021451081795,2021,451081795,2,9,0,18,19,5,1,0,0,0,0,0,0,0,2,1,5,6,2,45,7,1349,1,17,MAZDA 3,10,E01030898,0,-1
202163C009221,2021,63C009221,1,9,0,9,9,8,5,0,0,6,0,0,0,0,1,1,6,6,1,51,8,1349,1,16,MAZDA 3,4,W01000591,0,-1
2021622100408,2021,622100408,3,9,0,2,2,0,0,0,0,1,0,0,0,0,1,1,6,6,3,-1,-1,1598,1,13,MAZDA 3,-1,-1,0,-1
2021061081711,2021,061081711,2,9,0,7,7,7,2,0,0,0,1,0,1,0,3,1,6,6,1,27,6,1598,1,12,MAZDA 3,2,E01005338,0,-1
202163A016221,2021,63A016221,1,9,0,9,9,5,3,0,0,6,0,0,0,0,1,1,6,6,1,75,10,1349,1,14,MAZDA 3,4,W01000637,0,-1
2021541272221,2021,541272221,2,9,0,4,4,6,2,0,0,1,0,0,0,0,4,1,1,1,1,51,8,1598,1,12,MAZDA 3,4,E01002103,0,-1
2021531065054,2021,531065054,2,9,0,18,19,8,4,0,0,8,0,0,7,0,1,1,2,2,2,47,8,1598,1,13,MAZDA 3,8,E01022191,0,-1
2021010297177,2021,010297177,1,9,0,99,99,9,9,99,99,9,9,99,9,99,2,9,6,6,1,34,6,1999,1,13,MAZDA 3,4,E01003543,0,-1
2021451114755,2021,451114755,2,9,0,18,19,1,5,0,0,0,0,0,0,0,1,1,5,6,1,28,6,2183,2,9,MAZDA 3,3,E01002598,0,-1
2021501080609,2021,501080609,3,9,0,18,19,2,6,0,0,0,0,0,0,0,1,1,5,6,1,64,9,1998,1,2,MAZDA 3,5,E01005876,0,-1
2021122101169,2021,122101169,1,9,0,18,19,5,1,0,0,0,0,0,0,0,1,1,6,6,1,24,5,1998,1,3,MAZDA 3,2,E01012159,0,-1
2021052102794,2021,052102794,3,9,0,3,3,7,3,0,0,0,0,0,0,0,2,1,6,6,1,35,6,1998,1,5,MAZDA 3,1,E01006790,0,-1
2021031092325,2021,031092325,1,9,0,17,19,5,1,0,0,0,2,0,7,0,3,1,2,2,1,24,5,1598,1,14,MAZDA 3,2,E01019206,0,-1
2021501103653,2021,501103653,1,9,0,9,9,1,5,0,0,0,0,0,0,0,1,1,6,6,1,27,6,2183,2,8,MAZDA 3,-1,-1,0,-1
2021471052765,2021,471052765,2,9,0,18,19,3,7,0,0,2,0,0,0,0,1,1,5,6,2,33,6,1598,1,13,MAZDA 3,1,E01020982,0,-1
2021010319754,2021,010319754,2,9,0,18,19,1,5,0,0,1,5,0,0,0,4,1,6,6,2,39,7,1598,1,12,MAZDA 3,7,E01003763,0,-1
2021471013025,2021,471013025,3,9,0,18,19,5,8,0,0,8,0,0,0,0,1,1,2,2,1,32,6,1598,1,15,MAZDA 3,7,E01031527,0,-1
2021991075150,2021,991075150,1,9,0,18,19,4,8,0,0,0,0,0,2,0,4,1,5,6,1,46,8,1598,1,15,MAZDA 3,2,E01008613,0,-1
2021451043721,2021,451043721,4,9,0,18,19,7,3,0,0,0,0,0,0,0,1,1,5,6,2,29,6,1598,1,13,MAZDA 3,4,E01002611,0,-1
2021211117690,2021,211117690,5,9,0,4,4,1,5,0,0,0,0,0,0,0,1,1,6,6,1,-1,-1,1560,2,8,MAZDA 3,-1,-1,0,-1
2021141067142,2021,141067142,1,9,0,9,9,1,6,0,0,8,0,0,0,0,4,1,6,6,2,34,6,1999,1,12,MAZDA 3,5,E01007803,0,-1
2021461073873,2021,461073873,2,9,0,18,19,5,1,0,0,1,0,0,0,0,1,1,6,6,1,28,6,1998,1,6,MAZDA 3,6,E01024410,0,-1
2021421058927,2021,421058927,2,9,0,18,19,3,7,0,0,1,0,0,0,0,4,1,2,2,2,29,6,1998,1,5,MAZDA 3,2,E01021686,0,-1
2021010331002,2021,010331002,1,9,0,99,99,9,9,99,99,9,9,99,9,99,2,9,6,6,1,23,5,2261,1,12,MAZDA 3,2,E01001820,0,-1
2021161054173,2021,161054173,1,9,0,18,19,2,6,0,0,0,5,4,0,0,1,1,5,6,1,45,7,1999,1,15,MAZDA 3,3,E01013184,0,-1
2021101127531,2021,101127531,1,9,0,18,19,1,5,0,0,1,0,0,0,0,1,1,6,6,1,-1,-1,1999,1,12,MAZDA 3,-1,-1,0,-1
2021471041496,2021,471041496,2,9,0,18,19,8,4,0,0,0,0,0,0,0,1,1,5,6,2,33,6,1598,1,14,MAZDA 3,9,E01031756,0,-1
2021131035666,2021,131035666,1,9,0,18,19,4,8,9,9,1,0,0,1,11,1,1,5,6,1,76,11,1598,1,13,MAZDA 3,7,E01010879,0,-1
2021141124684,2021,141124684,1,9,0,18,19,1,5,0,0,1,0,0,0,0,1,1,5,6,1,27,6,1349,1,16,MAZDA 3,2,E01007590,0,-1
2021041079742,2021,041079742,1,9,0,18,19,1,5,0,0,0,0,0,0,0,1,1,5,6,1,19,4,1999,1,14,MAZDA 3,9,E01011698,0,-1
2021061040383,2021,061040383,1,9,0,18,19,6,2,0,0,0,0,0,0,0,1,1,6,6,1,26,6,1598,1,15,MAZDA 3,1,E01005952,0,-1
2021440376604,2021,440376604,2,9,0,18,19,5,1,0,0,0,0,0,0,0,0,1,6,6,2,36,7,1598,1,12,MAZDA 3,4,E01017198,0,-1
2021501137864,2021,501137864,1,9,0,18,19,3,7,0,0,8,0,0,0,0,1,1,6,6,2,32,6,1998,1,4,MAZDA 3,10,E01020253,0,-1
2021440473178,2021,440473178,1,9,0,5,5,5,8,0,0,1,0,0,0,0,1,1,2,2,2,59,9,1598,1,15,MAZDA 3,9,E01022475,0,-1
2021010332418,2021,010332418,1,9,0,99,99,9,9,99,99,9,9,99,9,99,2,9,2,2,1,32,6,1998,1,4,MAZDA 3,9,E01003874,0,-1
202154A150721,2021,54A150721,2,9,0,18,19,8,4,0,0,1,0,0,0,0,4,1,6,6,1,74,10,1998,1,5,MAZDA 3,10,E01028745,0,-1
2021052102905,2021,052102905,1,9,0,18,19,2,5,0,0,3,0,0,0,0,1,1,6,6,2,61,9,1349,1,16,MAZDA 3,10,E01007266,0,-1
2021231084290,2021,231084290,1,9,0,18,19,8,4,0,0,0,2,0,1,0,4,1,5,6,2,24,5,1598,1,13,MAZDA 3,8,E01018536,0,-1
2021421103805,2021,421103805,1,9,0,18,19,5,7,0,0,6,0,0,3,0,1,1,2,2,1,29,6,2261,1,11,MAZDA 3,-1,-1,0,-1
2021411047239,2021,411047239,1,9,0,18,19,3,1,0,0,3,0,0,0,0,3,1,5,6,1,34,6,2261,1,15,MAZDA 3,10,E01023436,0,-1
2021101113948,2021,101113948,2,9,0,18,19,5,1,0,0,0,0,0,0,0,2,1,5,6,2,57,9,1598,1,16,MAZDA 3,2,E01008173,0,-1
2021361107327,2021,361107327,2,9,0,4,4,8,4,0,0,1,0,0,0,0,2,1,6,6,1,24,5,1598,1,17,MAZDA 3,3,E01026861,0,-1
2021471011283,2021,471011283,1,9,0,7,7,1,3,0,0,6,0,0,0,0,3,1,5,6,2,43,7,1598,1,15,MAZDA 3,4,E01016882,0,-1
2021101070435,2021,101070435,1,9,0,18,19,4,8,0,0,0,0,0,0,0,4,1,5,6,1,45,7,2191,2,6,MAZDA 3,9,E01027404,0,-1
2021061058735,2021,061058735,1,9,0,18,19,6,2,0,0,0,0,0,0,0,2,1,6,6,2,30,6,1998,1,7,MAZDA 3,2,E01005438,0,-1
2021430347388,2021,430347388,1,9,0,10,10,4,2,0,0,1,0,0,0,0,2,1,6,6,1,22,5,1998,1,4,MAZDA 3,10,E01016605,0,-1
2021421035081,2021,421035081,1,9,0,7,7,0,3,0,0,0,0,0,0,0,4,1,6,6,1,19,4,1598,1,10,MAZDA 3,5,E01021493,0,-1
2021471092414,2021,471092414,1,9,0,18,19,7,3,0,0,2,0,4,0,0,4,1,5,6,2,72,10,1998,1,7,MAZDA 3,9,E01031416,0,-1
2021461032829,2021,461032829,1,9,0,18,19,1,3,0,0,0,0,0,0,0,1,1,6,6,1,-1,-1,1598,1,14,MAZDA 3,3,E01016059,0,-1
2021111114476,2021,111114476,1,9,0,12,12,5,1,0,0,0,0,0,0,0,1,1,6,6,1,30,6,1560,2,9,MAZDA 3,-1,-1,0,-1
2021070287845,2021,070287845,2,9,0,17,19,4,8,0,0,0,0,0,0,0,3,1,2,2,1,54,8,1998,1,4,MAZDA 3,8,E01018348,0,-1
2021461023782,2021,461023782,1,9,0,5,5,8,4,0,0,4,0,0,0,0,1,1,6,6,1,29,6,1998,2,13,MAZDA 3,-1,-1,0,-1
2021070403832,2021,070403832,2,9,0,5,5,7,3,7,6,1,0,0,0,0,2,2,6,6,2,39,7,2191,2,6,MAZDA 3,2,E01012413,0,-1
2021421072075,2021,421072075,3,9,0,10,10,7,4,0,0,0,0,0,0,0,2,1,6,6,1,53,8,1598,1,12,MAZDA 3,8,E01021389,0,-1
2021440488356,2021,440488356,1,9,0,16,19,8,5,0,0,8,0,0,0,0,1,1,6,6,1,50,8,1998,1,0,MAZDA 3,2,E01017356,0,-1
2021041038234,2021,041038234,1,9,0,2,2,5,1,0,0,0,0,0,1,0,2,1,1,1,1,37,7,1560,2,13,MAZDA 3,1,E01012736,0,-1
2021010335475,2021,010335475,2,9,0,18,19,3,7,0,0,0,0,0,0,0,1,9,6,6,3,-1,-1,1999,1,14,MAZDA 3,-1,-1,0,-1
2021440249954,2021,440249954,2,9,0,18,19,1,5,0,0,8,0,0,0,0,3,1,2,2,1,58,9,1598,1,11,MAZDA 3,6,E01023237,0,-1
2021991050064,2021,991050064,1,9,0,9,9,7,5,0,0,5,0,0,0,0,4,1,6,6,1,25,5,2184,2,5,MAZDA 3,6,-1,0,-1
2021201023645,2021,201023645,2,9,0,18,19,4,8,0,0,8,0,0,0,0,1,1,6,6,1,35,6,1598,1,11,MAZDA 3,1,E01010107,0,-1
2021552100667,2021,552100667,2,9,0,18,19,4,2,0,0,8,0,0,0,0,4,1,6,6,2,50,8,1998,1,5,MAZDA 3,8,E01015319,0,-1
2021451064357,2021,451064357,1,9,0,14,14,1,5,0,0,0,0,0,0,0,3,1,5,6,1,78,11,1598,1,13,MAZDA 3,8,E01031679,0,-1
2021501138251,2021,501138251,1,9,0,18,19,5,1,0,0,2,0,0,0,0,1,1,5,6,1,53,8,2191,2,3,MAZDA 3,4,E01015177,0,-1
2021131110688,2021,131110688,2,9,0,7,7,1,7,0,0,6,0,0,0,0,3,1,6,6,1,42,7,1998,1,5,MAZDA 3,1,E01011283,0,-1
2021430503143,2021,430503143,1,9,0,11,11,5,1,0,0,0,0,0,0,0,4,1,6,6,1,30,6,1598,1,13,MAZDA 3,5,E01001859,0,-1
2021361078785,2021,361078785,1,9,0,18,19,1,5,0,0,1,0,0,0,0,3,1,5,6,1,50,8,1998,1,6,MAZDA 3,9,E01017701,0,-1
2021461058318,2021,461058318,2,9,0,9,9,5,1,0,0,0,0,0,0,0,3,1,2,2,2,40,7,1998,1,5,MAZDA 3,10,E01024441,0,-1
2021371043482,2021,371043482,1,9,0,18,19,1,5,0,0,1,0,0,0,0,4,1,5,6,1,41,7,1998,1,6,MAZDA 3,5,E01029990,0,-1
2021010315417,2021,010315417,2,9,9,99,99,9,9,99,99,9,9,99,9,99,9,9,6,6,3,-1,-1,1598,1,11,MAZDA 3,-1,-1,0,-1
2021231105202,2021,231105202,1,9,0,18,19,7,3,0,0,0,0,0,0,0,1,1,5,6,1,54,8,1560,2,12,MAZDA 3,5,E01031203,0,-1
2021440157719,2021,440157719,1,9,0,18,19,1,5,0,0,8,0,0,0,0,3,1,2,2,2,47,8,1496,2,5,MAZDA 3,10,E01016665,0,-1
2021991047937,2021,991047937,1,9,0,18,19,2,6,0,0,0,0,0,1,4,4,1,5,6,1,35,6,1598,1,13,MAZDA 3,4,-1,0,-1
2021031097822,2021,031097822,1,9,0,18,19,4,8,0,0,1,0,0,0,0,1,1,6,6,1,-1,-1,1560,2,9,MAZDA 3,6,E01019315,0,-1
2021991073607,2021,991073607,1,9,0,5,5,4,7,0,0,0,0,0,0,0,1,1,6,6,1,84,11,1598,1,13,MAZDA 3,1,-1,0,-1
2021544510021,2021,544510021,2,9,0,18,19,5,2,0,0,8,0,0,0,0,3,1,6,6,2,28,6,1598,1,12,MAZDA 3,6,E01032083,0,-1
2021131114528,2021,131114528,3,9,0,3,3,1,5,0,0,1,0,0,0,0,2,1,5,6,1,50,8,1998,1,7,MAZDA 3,10,E01010906,0,-1
2021010306958,2021,010306958,2,9,0,4,4,1,5,0,0,1,0,0,0,0,2,1,6,6,1,42,7,1598,1,13,MAZDA 3,3,E01002649,0,-1
2021141034333,2021,141034333,2,9,0,16,19,5,1,0,0,0,0,0,0,0,3,1,5,6,2,41,7,1598,1,9,MAZDA 3,9,E01007581,0,-1
2021991108514,2021,991108514,3,9,0,2,2,0,0,0,0,0,0,0,0,0,1,1,6,6,3,-1,-1,1598,1,8,MAZDA 3,-1,-1,0,-1
2021010294603,2021,010294603,3,9,0,2,2,0,0,0,0,0,0,4,0,0,1,1,6,6,3,-1,-1,1598,1,13,MAZDA 3,-1,-1,0,-1
2021440456133,2021,440456133,2,9,0,13,13,6,2,0,0,8,0,0,0,0,0,1,6,6,1,-1,-1,1598,1,11,MAZDA 3,-1,-1,0,-1
2021471081823,2021,471081823,2,9,0,18,19,7,3,0,0,1,0,0,4,0,4,1,5,6,1,47,8,1999,1,16,MAZDA 3,3,E01031347,0,-1
2021141018458,2021,141018458,1,9,0,9,9,1,7,0,0,1,0,0,0,0,1,1,6,6,2,44,7,1598,1,14,MAZDA 3,1,E01007941,0,-1
2021501113075,2021,501113075,2,9,0,18,19,2,6,0,0,1,1,0,0,0,1,1,6,6,1,34,6,1349,1,14,MAZDA 3,7,E01015201,0,-1
2021010291052,2021,010291052,2,9,0,2,2,0,0,0,0,0,0,0,0,0,1,1,6,6,3,-1,-1,1998,1,7,MAZDA 3,-1,-1,0,-1
2021991084513,2021,991084513,1,9,0,18,19,3,7,0,0,0,0,0,0,0,4,1,5,6,1,87,11,1998,1,3,MAZDA 3,9,-1,0,-1
2021070278516,2021,070278516,1,9,0,7,7,2,4,0,0,6,0,0,0,0,3,1,6,6,1,49,8,2191,2,6,MAZDA 3,10,E01018387,0,-1
2021552100628,2021,552100628,2,9,0,17,19,4,2,0,0,0,0,0,0,0,1,1,2,2,2,55,8,1998,1,5,MAZDA 3,5,E01020396,0,-1
2021430485058,2021,430485058,1,9,0,7,7,7,1,0,0,1,0,0,7,11,1,1,6,6,1,18,4,1598,1,14,MAZDA 3,4,E01006846,0,-1
2021231090928,2021,231090928,2,9,0,18,19,3,8,0,0,8,0,0,0,0,1,1,5,6,2,25,5,1598,1,12,MAZDA 3,9,E01031279,0,-1
2021440225400,2021,440225400,2,9,0,17,19,5,1,0,0,1,0,0,0,0,2,1,6,6,2,70,10,1998,1,4,MAZDA 3,8,E01022628,0,-1
2021440088988,2021,440088988,1,4,0,13,13,7,3,0,0,0,0,0,0,0,1,1,6,6,1,71,10,181,1,3,-1,6,E01022761,0,-1
202163D023821,2021,63D023821,1,3,0,18,19,2,6,0,0,1,0,0,0,0,1,1,6,6,1,24,5,124,1,8,-1,7,E01009292,0,-1
2021440206034,2021,440206034,2,4,0,13,13,4,8,0,0,8,0,0,0,0,1,1,6,6,1,56,9,1402,1,18,SUZUKI GSX 1400,7,E01031882,0,-1
2021061096120,2021,061096120,1,5,0,18,19,6,2,0,0,8,0,0,0,0,1,1,5,6,1,71,10,1402,1,16,SUZUKI GSX 1400,-1,-1,0,-1
2021061069866,2021,061069866,2,5,0,18,19,7,4,0,0,1,1,0,0,0,1,1,6,6,1,59,9,1402,1,19,SUZUKI GSX 1400,5,E01005833,0,-1
2021461022956,2021,461022956,1,5,0,17,19,4,8,0,0,0,5,0,1,0,0,1,6,6,1,56,9,1402,1,17,SUZUKI GSX 1400,3,E01016021,0,-1
2021351107426,2021,351107426,1,5,0,18,19,5,1,0,0,0,2,12,0,0,1,1,2,2,1,49,8,1402,1,17,SUZUKI GSX 1400,7,E01018065,0,-1
2021401046146,2021,401046146,1,5,0,17,19,2,6,0,0,0,0,0,1,9,1,1,6,6,1,60,9,1402,1,19,SUZUKI GSX 1400,8,E01017411,0,-1
2021471077084,2021,471077084,1,5,0,18,19,3,7,0,0,0,0,0,0,0,4,1,5,6,1,52,8,1402,1,18,SUZUKI GSX 1400,4,E01021060,0,-1
2021501090219,2021,501090219,1,5,0,16,19,1,5,0,0,0,0,11,0,0,4,1,5,6,1,65,9,1402,1,15,SUZUKI GSX 1400,8,E01019921,0,-1
2021501087808,2021,501087808,1,5,0,18,19,1,5,0,0,8,1,0,0,0,1,1,6,6,1,49,8,1402,1,18,SUZUKI GSX 1400,3,E01019009,0,-1
2021302100379,2021,302100379,1,5,0,18,19,2,6,0,0,0,1,0,0,0,1,1,6,6,1,57,9,1402,1,18,SUZUKI GSX 1400,2,E01013852,0,-1
2021461039837,2021,461039837,1,5,0,18,19,5,1,0,0,0,0,0,0,0,1,1,5,6,1,58,9,1402,1,20,SUZUKI GSX 1400,7,E01024689,0,-1
2021371085404,2021,371085404,2,5,0,18,19,1,5,0,0,1,2,0,0,0,1,1,5,6,1,55,8,1402,1,16,SUZUKI GSX 1400,10,E01030205,0,-1
2021501046269,2021,501046269,1,5,0,16,19,1,5,0,0,0,2,0,7,0,1,1,5,6,1,65,9,1402,1,18,SUZUKI GSX 1400,7,E01019045,0,-1
2021302100259,2021,302100259,1,3,0,18,19,2,6,0,0,1,0,0,0,0,1,1,6,6,1,59,9,1402,1,18,SUZUKI GSX 1400,9,E01019621,0,-1
2021991053494,2021,991053494,2,5,0,18,19,4,8,0,0,1,2,0,0,0,1,1,2,2,1,44,7,1402,1,19,SUZUKI GSX 1400,8,-1,0,-1
2021031097662,2021,031097662,2,5,0,18,19,1,5,0,0,0,0,0,0,0,4,1,5,6,1,42,7,1402,1,18,SUZUKI GSX 1400,1,E01019245,0,-1
2021461035401,2021,461035401,1,5,0,16,19,5,1,0,0,1,2,0,7,0,1,1,6,6,1,37,7,1402,1,18,SUZUKI GSX 1400,6,E01024127,0,-1
2021041033622,2021,041033622,1,9,0,5,5,5,1,4,4,1,0,0,0,0,2,1,5,6,1,41,7,3605,1,19,-1,3,E01012734,0,-1
2021141046230,2021,141046230,1,5,0,18,19,7,3,0,0,0,0,0,0,0,3,1,5,6,1,56,9,1050,1,7,-1,8,E01032585,0,-1
2021520105611,2021,520105611,1,9,0,18,19,6,2,0,0,0,0,0,0,0,1,1,6,6,1,43,7,1398,8,7,-1,2,E01029097,0,-1
2021201108293,2021,201108293,1,9,0,18,19,6,2,0,0,0,0,0,0,0,1,1,6,6,1,73,10,1398,8,7,-1,7,E01028830,0,-1
2021320404989,2021,320404989,2,9,0,18,19,1,5,0,0,0,0,0,1,0,1,1,2,2,1,49,8,1398,8,8,-1,5,E01026367,0,-1
2021361074262,2021,361074262,1,9,0,9,9,1,7,0,0,0,1,0,0,0,4,1,5,6,1,72,10,1398,8,9,-1,6,E01026430,0,-1
2021221112100,2021,221112100,2,4,0,8,8,7,1,0,0,1,0,0,0,0,2,1,1,1,1,60,9,249,1,16,-1,6,E01032417,0,-1
2021451021343,2021,451021343,1,3,0,9,9,7,4,0,0,1,2,0,0,0,3,1,2,2,1,32,6,125,1,0,-1,10,E01030693,0,-1
2021440480881,2021,440480881,1,3,0,4,4,1,5,0,0,0,1,0,0,0,1,1,2,2,1,43,7,125,1,0,-1,2,E01022942,0,-1
2021411060271,2021,411060271,2,4,0,18,19,7,3,0,0,4,0,0,0,0,4,1,6,6,1,18,4,124,1,8,-1,8,E01023491,0,-1
2021430105698,2021,430105698,2,3,0,3,3,8,4,0,0,1,0,0,0,0,2,1,6,6,1,36,7,124,1,6,-1,10,E01028710,0,-1
2021010358143,2021,010358143,2,3,9,18,19,1,5,0,0,9,9,0,0,0,9,1,6,6,1,-1,-1,124,1,6,-1,6,E01002957,0,-1
2021010289447,2021,010289447,2,3,0,15,15,1,5,0,0,2,0,0,0,0,1,1,2,2,1,30,6,124,1,7,-1,8,E01002418,0,-1
2021010343519,2021,010343519,2,3,0,18,19,7,3,0,0,8,1,0,0,0,1,1,6,6,1,37,7,124,1,5,-1,-1,-1,0,-1
2021010330309,2021,010330309,1,3,0,18,19,7,3,0,0,0,0,10,0,0,4,1,6,6,1,42,7,124,1,7,-1,9,E01030704,0,-1
2021010297048,2021,010297048,2,3,0,18,19,1,5,0,0,1,0,0,0,0,1,1,2,2,1,24,5,124,1,7,-1,3,E01002707,0,-1
2021430400412,2021,430400412,2,3,0,14,14,7,3,0,0,8,0,0,0,0,1,1,6,6,1,22,5,124,1,6,-1,5,E01016594,0,-1
2021201106276,2021,201106276,1,9,0,7,7,4,6,0,0,6,0,0,0,0,3,1,6,6,1,35,6,4163,1,8,AUDI RS4,9,E01008991,0,-1
2021010352215,2021,010352215,1,9,0,15,15,3,7,0,0,8,0,0,0,0,1,1,6,6,1,77,11,4163,1,14,AUDI RS4,-1,-1,0,-1
2021451050585,2021,451050585,1,9,0,2,2,7,7,0,0,1,0,0,0,0,1,1,6,6,3,35,6,4163,1,8,AUDI RS4,-1,-1,0,-1
2021041074691,2021,041074691,1,9,0,18,19,1,5,0,0,0,1,0,1,4,1,1,5,6,1,35,6,2894,1,1,AUDI RS4,6,E01005985,0,-1
2021010291522,2021,010291522,2,9,0,18,19,3,7,0,0,0,0,0,0,0,1,1,6,6,1,33,6,4163,1,15,AUDI RS4,2,E01002002,0,-1
2021052102739,2021,052102739,1,9,0,18,19,1,5,0,0,0,2,10,1,10,1,1,6,6,1,26,6,2894,1,0,AUDI RS4,10,E01012567,0,-1
2021010313516,2021,010313516,1,9,0,18,19,3,7,0,0,8,0,0,0,0,3,1,6,6,1,74,10,4163,1,7,AUDI RS4,7,E01003853,0,-1
2021440119638,2021,440119638,1,9,0,16,19,5,1,0,0,0,0,0,7,9,1,1,6,6,1,37,7,2894,1,1,AUDI RS4,9,E01031630,0,-1
2021421089454,2021,421089454,1,9,0,5,5,4,8,0,0,0,0,0,0,0,1,1,3,7,2,38,7,4163,1,7,AUDI RS4,7,E01021910,0,-1
2021542059121,2021,542059121,4,9,0,18,19,2,6,0,0,0,0,0,0,0,3,1,6,6,1,40,7,4163,1,15,AUDI RS4,3,E01015527,0,-1
2021131057704,2021,131057704,1,9,0,18,19,5,1,0,0,2,0,0,0,0,3,1,6,6,1,47,8,2894,1,2,AUDI RS4,4,E01010671,0,-1
2021201126756,2021,201126756,1,9,0,18,19,5,1,0,0,0,2,0,0,0,1,1,6,6,1,51,8,4163,1,7,AUDI RS4,3,E01009209,0,-1
2021991031177,2021,991031177,1,9,0,17,19,6,2,0,0,1,0,0,2,11,4,1,6,6,1,39,7,4163,1,8,AUDI RS4,2,-1,0,-1
2021010314779,2021,010314779,1,9,0,18,19,7,3,0,0,1,0,4,0,0,1,1,6,6,1,34,6,4163,1,7,AUDI RS4,8,E01001398,0,-1
2021141014761,2021,141014761,2,9,0,-1,-1,-1,-1,-1,-1,1,-1,-1,-1,0,-1,1,6,6,3,-1,-1,4163,1,7,AUDI RS4,-1,-1,0,-1
2021141029655,2021,141029655,1,5,0,11,11,2,6,0,0,8,0,0,0,0,4,1,5,6,1,63,9,650,1,20,-1,2,E01007982,0,-1
2021161055769,2021,161055769,1,5,0,16,19,6,8,0,0,0,2,0,0,0,1,1,5,6,1,64,9,650,1,23,-1,4,E01026183,0,-1
2021461051696,2021,461051696,2,5,0,13,13,3,7,0,0,0,1,0,0,0,1,1,6,6,1,64,9,650,1,22,-1,6,E01024833,0,-1
2021041014331,2021,041014331,1,5,0,16,19,4,8,0,0,0,1,0,0,0,3,1,2,2,1,52,8,750,1,33,-1,7,E01025339,0,-1
2021320733633,2021,320733633,1,19,0,18,19,6,2,0,0,0,0,0,0,0,1,1,1,1,1,32,6,1560,2,2,CITROEN BERLINGO,3,E01009220,0,-1
2021010324879,2021,010324879,1,19,0,99,99,9,9,99,99,9,9,99,9,99,9,9,1,1,1,38,7,1500,2,1,CITROEN BERLINGO,7,E01021556,0,-1
2021552100378,2021,552100378,3,19,0,18,19,1,5,0,0,0,0,0,1,0,1,1,6,6,1,84,11,1560,2,4,CITROEN BERLINGO,7,E01015428,0,-1
2021471102738,2021,471102738,2,19,0,18,19,3,7,0,0,1,0,0,1,0,1,1,1,1,1,35,6,1560,2,6,CITROEN BERLINGO,3,E01009977,0,-1
2021010336889,2021,010336889,1,19,0,18,19,1,5,0,0,2,0,0,0,0,3,1,1,1,1,26,6,1500,2,1,CITROEN BERLINGO,3,E01024241,0,-1
202106K079449,2021,06K079449,2,9,0,4,4,6,2,0,0,1,0,0,0,0,2,1,6,6,3,30,6,-1,-1,-1,CITROEN BERLINGO,-1,-1,0,-1