collision_index,collision_year,collision_ref_no,vehicle_reference,vehicle_type,towing_and_articulation,vehicle_manoeuvre_historic,vehicle_manoeuvre,vehicle_direction_from,vehicle_direction_to,vehicle_location_restricted_lane_historic,vehicle_location_restricted_lane,junction_location,skidding_and_overturning,hit_object_in_carriageway,vehicle_leaving_carriageway,hit_object_off_carriageway,first_point_of_impact,vehicle_left_hand_drive,journey_purpose_of_driver_historic,journey_purpose_of_driver,sex_of_driver,age_of_driver,age_band_of_driver,engine_capacity_cc,propulsion_code,age_of_vehicle,generic_make_model,driver_imd_decile,lsoa_of_driver,escooter_flag,driver_distance_banding
2021221102006,2021,221102006,1,9,0,5,5,6,1,0,0,6,0,0,0,0,3,1,6,6,1,30,6,-1,-1,-1,CITROEN BERLINGO,-1,-1,0,-1
202154A867221,2021,54A867221,1,9,0,18,19,4,8,0,0,0,0,0,7,0,3,1,6,6,1,80,11,1360,1,20,CITROEN BERLINGO,7,E01031849,0,-1
2021411114090,2021,411114090,2,20,0,18,19,5,1,0,0,0,0,0,0,0,2,1,1,1,1,20,4,-1,-1,-1,CITROEN BERLINGO,2,E01001746,0,-1
2021440224001,2021,440224001,2,9,0,18,19,8,4,0,0,0,0,0,0,0,1,1,6,6,1,41,7,-1,-1,-1,CITROEN BERLINGO,10,E01022725,0,-1
202163C001921,2021,63C001921,2,9,0,18,19,2,6,0,0,0,1,10,7,10,4,1,6,6,1,32,6,-1,-1,-1,CITROEN BERLINGO,8,W01000555,0,-1
2021421017805,2021,421017805,1,19,0,18,19,1,5,0,0,0,0,0,0,0,1,1,6,6,1,25,5,1560,2,9,CITROEN BERLINGO,8,E01021708,0,-1
2021010351498,2021,010351498,3,9,0,9,9,3,1,0,0,6,0,0,0,0,4,1,6,6,1,52,8,1560,2,9,CITROEN BERLINGO,9,E01000751,0,-1
2021061051184,2021,061051184,2,19,0,18,19,5,1,0,0,1,0,0,0,0,2,1,1,1,1,59,9,1500,2,0,CITROEN BERLINGO,3,E01006145,0,-1
2021161082417,2021,161082417,1,9,0,18,19,5,1,0,0,0,0,0,0,0,4,1,6,6,2,-1,-1,1499,2,1,CITROEN BERLINGO,-1,-1,0,-1
2021221030634,2021,221030634,1,19,0,5,5,6,2,0,0,4,0,0,0,0,1,1,5,6,1,34,6,1560,2,6,CITROEN BERLINGO,-1,-1,0,-1
2021122100884,2021,122100884,2,9,0,1,1,1,5,0,0,6,0,0,0,0,2,1,6,6,1,56,9,1560,2,7,CITROEN BERLINGO,1,E01027804,0,-1
2021421105932,2021,421105932,1,19,0,4,4,2,7,0,0,4,0,0,0,0,2,1,6,6,1,42,7,1500,2,2,CITROEN BERLINGO,6,E01029975,0,-1
2021201118372,2021,201118372,1,9,0,7,7,7,5,0,0,1,0,0,0,0,1,1,1,1,1,62,9,-1,-1,-1,CITROEN BERLINGO,5,E01010552,0,-1
2021351020931,2021,351020931,1,19,0,18,19,5,1,0,0,0,0,0,0,0,1,1,1,1,1,29,6,1560,2,3,CITROEN BERLINGO,4,E01018077,0,-1
2021161049790,2021,161049790,1,19,0,9,9,1,7,0,0,5,0,0,0,0,4,1,1,1,2,27,6,1560,2,8,CITROEN BERLINGO,7,E01012792,0,-1
2021010318063,2021,010318063,1,19,0,9,9,1,6,0,0,2,0,0,0,0,4,1,2,2,1,21,5,1560,2,5,CITROEN BERLINGO,1,E01001410,0,-1
2021440001154,2021,440001154,1,19,0,18,19,6,2,0,0,0,1,0,1,9,1,1,2,2,1,43,7,1598,2,14,CITROEN BERLINGO,9,E01022909,0,-1
2021991042686,2021,991042686,2,9,0,18,19,8,4,0,0,0,0,0,0,0,4,1,5,6,1,78,11,1500,2,2,CITROEN BERLINGO,3,-1,0,-1
2021031099409,2021,031099409,1,9,0,9,9,7,3,0,0,1,0,0,0,0,4,1,5,6,1,74,10,1560,2,11,CITROEN BERLINGO,1,E01019156,0,-1
2021302102036,2021,302102036,1,19,0,1,1,4,8,9,9,1,0,0,0,0,4,1,6,6,1,21,5,1560,2,8,CITROEN BERLINGO,7,E01019537,0,-1
2021471119426,2021,471119426,2,19,0,18,19,4,8,0,0,8,5,0,0,0,3,1,2,2,1,29,6,1560,2,6,CITROEN BERLINGO,2,E01009906,0,-1
2021451086746,2021,451086746,1,9,0,1,1,1,5,0,0,0,0,0,0,0,2,1,5,6,1,76,11,1499,2,0,CITROEN BERLINGO,6,E01001245,0,-1
2021320750084,2021,320750084,2,19,0,2,2,0,0,9,9,0,0,0,0,0,1,1,6,6,1,25,5,1500,2,0,CITROEN BERLINGO,3,E01026343,0,-1
2021471062578,2021,471062578,1,9,0,18,19,4,8,0,0,0,1,0,0,0,1,1,5,6,1,66,10,1997,2,16,CITROEN BERLINGO,6,E01016388,0,-1
2021471105334,2021,471105334,1,9,0,15,15,5,1,0,0,0,0,0,0,0,1,1,5,6,1,59,9,1997,2,17,CITROEN BERLINGO,7,E01031423,0,-1
2021440299748,2021,440299748,1,9,0,18,19,4,8,0,0,0,5,0,2,4,1,1,6,6,1,81,11,1560,2,9,CITROEN BERLINGO,4,E01023083,0,-1
2021430563278,2021,430563278,1,19,0,18,19,2,6,0,0,1,0,0,8,1,1,1,1,1,1,20,4,1560,2,10,CITROEN BERLINGO,5,-1,0,-1
2021622100226,2021,622100226,3,19,0,18,19,6,2,0,0,0,0,0,0,0,1,1,6,6,1,55,8,1560,2,2,CITROEN BERLINGO,5,W01001818,0,-1
2021010336329,2021,010336329,1,19,0,18,19,5,1,0,0,1,0,0,1,0,1,1,2,2,1,27,6,1560,2,2,CITROEN BERLINGO,10,E01003671,0,-1
202134WNC5331,2021,34WNC5331,1,19,0,5,5,5,3,0,0,6,0,0,0,0,1,1,1,1,1,55,8,1560,2,10,CITROEN BERLINGO,7,E01028756,0,-1
2021052100551,2021,052100551,1,19,0,9,9,1,7,0,0,8,0,0,0,0,1,1,6,6,1,43,7,1560,2,4,CITROEN BERLINGO,2,E01006616,0,-1
2021141018846,2021,141018846,1,19,0,18,19,2,6,0,0,0,0,0,0,0,1,1,5,6,1,32,6,1560,2,10,CITROEN BERLINGO,-1,-1,0,-1
2021411025692,2021,411025692,1,9,0,5,5,8,4,0,0,1,0,0,0,0,1,1,5,6,1,81,11,1560,2,8,CITROEN BERLINGO,6,E01023720,0,-1
2021010307993,2021,010307993,2,19,0,3,3,7,3,0,0,1,0,0,0,0,2,1,1,1,1,28,6,1560,2,3,CITROEN BERLINGO,2,E01003197,0,-1
2021031030476,2021,031030476,1,9,0,18,19,4,8,9,9,0,0,0,1,0,4,1,5,6,1,77,11,1560,2,12,CITROEN BERLINGO,4,E01019102,0,-1
2021471024527,2021,471024527,2,19,0,18,19,6,2,0,0,1,0,0,0,0,1,1,2,2,1,69,10,1499,2,2,CITROEN BERLINGO,5,E01021096,0,-1
2021991032837,2021,991032837,1,19,0,7,7,7,1,0,0,0,0,0,1,0,4,1,1,1,1,46,8,1500,2,1,CITROEN BERLINGO,9,-1,0,-1
2021211094006,2021,211094006,1,9,0,17,19,2,3,0,0,0,0,0,0,0,1,1,5,6,1,66,10,-1,-1,-1,CITROEN BERLINGO,10,E01029531,0,-1
2021451117259,2021,451117259,2,19,0,18,19,1,5,0,0,1,0,0,0,0,4,1,1,1,1,17,4,1560,2,6,CITROEN BERLINGO,5,E01030834,0,-1
2021501027267,2021,501027267,2,19,0,18,19,6,2,0,0,1,0,0,0,0,4,1,1,1,1,51,8,1560,2,3,CITROEN BERLINGO,2,E01018996,0,-1
2021052102729,2021,052102729,1,19,0,17,19,5,3,0,0,0,1,0,7,10,1,1,2,2,1,30,6,-1,-1,-1,CITROEN BERLINGO,1,E01007129,0,-1
2021010321668,2021,010321668,2,9,0,2,2,0,0,9,9,8,0,0,0,0,1,1,6,6,3,-1,-1,1560,2,12,CITROEN BERLINGO,-1,-1,0,-1
2021031141426,2021,031141426,1,19,0,18,19,3,7,0,0,0,5,0,1,9,-1,1,2,2,1,30,6,1598,2,14,CITROEN BERLINGO,5,E01019310,0,-1
2021421077251,2021,421077251,1,19,0,3,3,4,8,0,0,1,0,0,0,0,1,1,1,1,1,49,8,1560,2,4,CITROEN BERLINGO,3,E01015884,0,-1
2021010348676,2021,010348676,1,19,0,17,19,1,5,0,0,0,0,0,0,0,1,1,6,6,1,32,6,1500,2,1,CITROEN BERLINGO,5,E01000583,0,-1
2021440028342,2021,440028342,2,19,0,18,19,1,5,0,0,8,0,0,0,0,4,1,1,1,1,62,9,1560,2,5,CITROEN BERLINGO,8,E01032855,0,-1
2021010350189,2021,010350189,1,19,0,99,99,9,9,99,99,9,9,99,9,99,9,9,6,6,3,-1,-1,1500,2,1,CITROEN BERLINGO,7,E01021540,0,-1
202163D017221,2021,63D017221,1,9,0,9,9,7,5,0,0,5,0,0,0,0,4,1,6,6,1,71,10,1200,1,1,CITROEN BERLINGO,6,W01000496,0,-1
2021421073791,2021,421073791,2,19,0,2,2,0,0,0,0,0,0,0,0,0,1,1,6,6,3,-1,-1,1500,2,0,CITROEN BERLINGO,-1,-1,0,-1
2021451088121,2021,451088121,1,19,0,4,4,4,8,0,0,0,0,0,0,0,2,1,1,1,1,37,7,1560,2,4,CITROEN BERLINGO,1,E01009271,0,-1
2021522101997,2021,522101997,1,19,0,18,19,7,3,0,0,8,0,0,0,0,1,1,6,6,1,34,6,1560,2,2,CITROEN BERLINGO,9,E01014796,0,-1
2021010324147,2021,010324147,2,19,0,18,19,5,1,0,0,1,0,0,0,0,1,1,6,6,3,-1,-1,1500,2,2,CITROEN BERLINGO,-1,-1,0,-1
2021541374521,2021,541374521,2,19,0,18,19,1,5,0,0,8,0,0,0,0,1,1,1,1,1,64,9,1560,2,3,CITROEN BERLINGO,5,E01022218,0,-1
2021430395480,2021,430395480,1,9,0,18,19,6,2,0,0,1,0,0,0,0,1,1,6,6,1,71,10,-1,-1,-1,CITROEN BERLINGO,10,E01016559,0,-1
2021201102686,2021,201102686,1,9,0,7,7,6,8,9,9,6,0,0,0,0,4,1,1,1,1,33,6,-1,-1,-1,CITROEN BERLINGO,3,E01009255,0,-1
2021461114013,2021,461114013,1,9,0,18,19,3,7,0,0,1,0,4,1,2,1,1,6,6,1,56,9,1587,1,15,CITROEN BERLINGO,9,E01001606,0,-1
2021131101132,2021,131101132,2,9,0,18,19,5,1,0,0,8,0,0,7,11,4,1,5,6,1,50,8,1560,2,15,CITROEN BERLINGO,6,E01011738,0,-1
2021451069077,2021,451069077,2,19,0,4,4,6,2,0,0,0,1,0,0,0,2,1,6,6,1,54,8,1868,2,16,CITROEN BERLINGO,1,E01015932,0,-1
2021211062119,2021,211062119,1,19,0,8,8,6,2,0,0,1,0,0,0,0,4,1,1,1,2,27,6,1560,2,3,CITROEN BERLINGO,-1,-1,0,-1
2021471108549,2021,471108549,2,19,0,4,4,3,7,0,0,2,0,0,0,0,0,1,2,2,1,56,9,1560,2,5,CITROEN BERLINGO,7,E01016997,0,-1
2021471081585,2021,471081585,5,19,0,18,19,7,3,0,0,0,0,0,0,0,2,1,2,2,1,53,8,1500,2,1,CITROEN BERLINGO,10,E01021052,0,-1
2021122100540,2021,122100540,1,9,0,18,19,3,7,0,0,0,0,0,0,0,1,1,6,6,1,61,9,1560,2,6,CITROEN BERLINGO,10,E01027565,0,-1
2021351083185,2021,351083185,2,9,0,18,19,5,2,0,0,8,0,0,7,0,4,1,6,6,1,81,11,1560,2,7,CITROEN BERLINGO,7,E01018065,0,-1
2021010301550,2021,010301550,1,9,0,18,19,7,3,0,0,0,0,10,0,0,4,1,6,6,1,34,6,1868,2,15,CITROEN BERLINGO,-1,-1,0,-1
2021411118756,2021,411118756,2,19,0,9,9,3,7,0,0,1,0,0,0,0,1,1,1,1,1,21,5,1500,2,1,CITROEN BERLINGO,10,E01017402,0,-1
2021544410121,2021,544410121,1,19,0,5,5,7,3,0,0,6,0,0,0,0,3,1,1,1,1,30,6,1560,2,4,CITROEN BERLINGO,7,E01015526,0,-1
2021101085916,2021,101085916,3,19,0,18,19,3,7,0,0,0,0,0,0,0,1,1,1,1,1,64,9,1560,2,3,CITROEN BERLINGO,3,E01008167,0,-1
202131C136021,2021,31C136021,1,9,0,9,9,6,4,0,0,5,0,0,0,0,1,1,6,6,2,60,9,1587,1,16,CITROEN BERLINGO,2,E01028186,0,-1
2021451104405,2021,451104405,1,9,0,18,19,7,3,0,0,0,0,0,0,0,1,1,5,6,1,38,7,1560,2,6,CITROEN BERLINGO,9,E01022583,0,-1
2021461040760,2021,461040760,1,19,0,10,10,3,7,0,0,0,0,0,0,0,1,1,6,6,3,-1,-1,1560,2,8,CITROEN BERLINGO,-1,-1,0,-1
202163A087921,2021,63A087921,2,9,0,4,4,2,6,0,0,1,0,0,0,0,2,1,6,6,1,32,6,1997,2,17,CITROEN BERLINGO,4,W01000730,0,-1
2021622100409,2021,622100409,2,9,0,5,5,2,6,0,0,4,0,0,0,0,3,1,6,6,1,66,10,1560,2,5,CITROEN BERLINGO,8,W01001569,0,-1
2021231088817,2021,231088817,1,19,0,17,19,3,8,0,0,0,0,0,1,3,1,1,5,6,1,30,6,1500,2,0,CITROEN BERLINGO,3,E01007375,0,-1
2021320208951,2021,320208951,1,9,0,9,9,0,3,0,0,5,0,4,0,0,1,1,6,6,1,63,9,1560,2,7,CITROEN BERLINGO,1,E01026115,0,-1
2021411083487,2021,411083487,2,19,0,3,3,1,5,0,0,0,0,0,0,0,2,1,2,2,2,49,8,1500,2,1,CITROEN BERLINGO,7,E01023344,0,-1
2021122101168,2021,122101168,1,19,0,3,3,5,1,0,0,4,0,0,0,0,2,1,6,6,1,67,10,1868,2,18,CITROEN BERLINGO,6,E01027923,0,-1
202163A010821,2021,63A010821,1,19,0,17,19,7,4,0,0,0,1,0,7,6,1,1,2,2,1,25,5,1560,2,10,CITROEN BERLINGO,6,W01000919,0,-1
2021010345284,2021,010345284,2,19,0,9,9,2,8,0,0,4,0,0,0,0,1,1,6,6,3,71,10,1560,2,6,CITROEN BERLINGO,-1,-1,0,-1
2021361100209,2021,361100209,2,19,0,9,9,1,5,0,0,0,0,0,0,0,3,1,1,1,1,65,9,1560,2,4,CITROEN BERLINGO,6,E01026449,0,-1
2021052101304,2021,052101304,5,19,0,9,9,4,2,0,0,1,0,0,0,0,3,1,1,1,1,42,7,1560,2,4,CITROEN BERLINGO,1,E01006961,0,-1
2021501130539,2021,501130539,2,19,0,18,19,6,2,0,0,1,0,0,0,0,1,1,1,1,1,52,8,1560,2,6,CITROEN BERLINGO,3,E01019059,0,-1
2021061026913,2021,061026913,3,19,0,3,3,4,2,0,0,0,0,0,0,0,4,1,6,6,1,47,8,1560,2,3,CITROEN BERLINGO,5,E01025428,0,-1
2021170S12061,2021,170S12061,1,9,0,18,19,2,6,0,0,0,5,0,7,9,1,1,6,6,2,31,6,1560,2,12,CITROEN BERLINGO,3,E01012328,0,-1
2021010328366,2021,010328366,2,19,0,16,19,5,1,0,0,1,0,0,0,0,3,1,1,1,1,28,6,1560,2,2,CITROEN BERLINGO,2,E01004041,0,-1
2021471035968,2021,471035968,2,9,0,4,4,2,6,0,0,0,0,0,0,0,1,1,5,6,2,66,10,1560,2,6,CITROEN BERLINGO,6,E01024432,0,-1
2021991016629,2021,991016629,1,9,0,4,4,5,7,0,0,1,1,7,0,0,1,1,5,6,1,22,5,1868,2,18,CITROEN BERLINGO,5,-1,0,-1
2021010297098,2021,010297098,1,9,0,9,9,3,1,0,0,6,0,0,0,0,1,1,2,2,1,66,10,1868,2,19,CITROEN BERLINGO,5,E01001278,0,-1
2021461131862,2021,461131862,1,9,0,5,5,1,7,0,0,0,0,0,0,0,1,1,6,6,1,72,10,1560,2,8,CITROEN BERLINGO,4,E01024560,0,-1
2021221102687,2021,221102687,1,19,0,7,7,7,1,0,0,6,0,0,0,0,1,1,5,6,2,57,9,1598,2,14,CITROEN BERLINGO,8,E01032153,0,-1
2021991125964,2021,991125964,1,9,0,9,9,3,1,0,0,1,0,0,0,0,1,1,6,6,1,83,11,1560,2,12,CITROEN BERLINGO,10,-1,0,-1
2021010315064,2021,010315064,1,19,0,18,19,5,1,0,0,1,0,0,0,0,1,1,1,1,1,43,7,1560,2,6,CITROEN BERLINGO,4,E01004617,0,-1
2021061058990,2021,061058990,3,19,0,10,10,1,5,0,0,1,0,0,0,0,1,1,1,1,1,39,7,1560,2,2,CITROEN BERLINGO,2,E01005774,0,-1
2021161069156,2021,161069156,1,9,0,9,9,2,8,0,0,8,0,0,0,0,1,1,5,6,1,65,9,-1,-1,-1,CITROEN BERLINGO,-1,-1,0,-1
2021041067011,2021,041067011,4,19,0,18,19,1,5,0,0,0,0,0,0,0,1,1,5,6,1,50,8,1560,2,2,CITROEN BERLINGO,8,E01006931,0,-1
2021201136608,2021,201136608,1,19,0,18,19,2,6,0,0,0,0,0,0,0,1,1,6,6,1,-1,-1,1997,2,18,CITROEN BERLINGO,-1,-1,0,-1
2021010330211,2021,010330211,1,19,0,7,7,2,3,0,0,8,0,0,0,0,3,1,1,1,1,21,5,1500,2,1,CITROEN BERLINGO,5,E01000131,0,-1
2021351013193,2021,351013193,1,19,0,13,13,1,5,0,0,0,1,0,1,9,1,1,2,2,1,30,6,1560,2,7,CITROEN BERLINGO,2,E01015633,0,-1
2021010308164,2021,010308164,1,19,0,9,9,8,5,0,0,1,0,10,0,0,3,1,1,1,1,37,7,1500,2,1,CITROEN BERLINGO,2,E01004253,0,-1
2021010296346,2021,010296346,1,19,0,18,19,3,7,0,0,0,0,0,0,0,1,1,2,2,1,57,9,1560,2,7,CITROEN BERLINGO,4,E01001173,0,-1
2021320606446,2021,320606446,2,19,0,4,4,4,8,0,0,1,0,0,0,0,2,1,6,6,2,54,8,1560,2,5,CITROEN BERLINGO,4,E01026060,0,-1
2021522102601,2021,522102601,1,19,0,9,9,7,5,0,0,6,0,0,0,0,3,1,1,1,1,37,7,1560,2,5,CITROEN BERLINGO,1,E01014574,0,-1
2021622100170,2021,622100170,1,9,0,16,19,4,8,0,0,0,0,0,0,0,1,1,6,6,1,47,8,-1,-1,-1,CITROEN BERLINGO,4,W01001121,0,-1
2021070577743,2021,070577743,1,9,0,18,19,5,1,0,0,0,0,0,0,0,1,1,6,6,2,71,10,1560,2,11,CITROEN BERLINGO,7,E01011998,0,-1
2021320067355,2021,320067355,1,19,0,16,19,1,5,0,0,0,1,0,7,4,1,1,1,1,1,33,6,1500,2,1,CITROEN BERLINGO,2,E01026095,0,-1
2021361040527,2021,361040527,1,19,0,5,5,5,8,0,0,3,0,0,0,0,1,1,1,1,1,26,6,1560,2,4,CITROEN BERLINGO,1,E01026704,0,-1
2021031069057,2021,031069057,2,19,0,4,4,7,3,0,0,0,0,4,0,0,2,1,1,1,1,27,6,1560,2,6,CITROEN BERLINGO,7,E01019136,0,-1
2021440510941,2021,440510941,2,19,0,4,4,3,7,0,0,0,0,0,0,0,2,1,1,1,1,27,6,1560,2,7,CITROEN BERLINGO,6,E01017014,0,-1
2021430584123,2021,430584123,1,9,0,1,1,4,8,0,0,0,0,0,0,0,2,1,6,6,2,31,6,1997,2,17,CITROEN BERLINGO,-1,-1,0,-1
2021010339588,2021,010339588,1,9,0,3,3,1,5,0,0,0,0,0,0,0,1,1,1,1,1,46,8,1560,2,5,CITROEN BERLINGO,3,E01003374,0,-1
2021430543234,2021,430543234,1,19,0,17,19,1,6,0,0,0,0,0,0,0,1,1,1,1,1,54,8,1560,2,13,CITROEN BERLINGO,5,E01016390,0,-1
2021111018985,2021,111018985,1,19,0,9,9,1,7,0,0,0,0,0,0,0,1,1,6,6,1,62,9,1560,2,11,CITROEN BERLINGO,4,E01020730,0,-1
2021111061875,2021,111061875,1,9,0,10,10,1,5,0,0,6,0,0,0,0,1,1,5,6,1,73,10,1500,2,2,CITROEN BERLINGO,4,E01020644,0,-1
202134WNC5401,2021,34WNC5401,1,9,0,9,9,3,1,0,0,6,0,0,0,0,3,1,6,6,1,22,5,1560,2,6,CITROEN BERLINGO,2,E01016806,0,-1
2021522201015,2021,522201015,1,19,0,18,19,4,8,0,0,8,0,0,0,0,1,1,6,6,1,52,8,1560,2,7,CITROEN BERLINGO,2,E01014517,0,-1
2021122101072,2021,122101072,1,19,0,17,19,5,3,0,0,0,0,0,1,1,1,1,6,6,1,20,4,1560,2,7,CITROEN BERLINGO,8,E01027631,0,-1
2021070895928,2021,070895928,1,9,0,3,3,5,1,0,0,1,0,0,0,0,1,1,6,6,1,89,11,-1,-1,-1,CITROEN BERLINGO,2,E01006910,0,-1
2021221023699,2021,221023699,2,19,0,4,4,1,3,0,0,1,0,0,0,0,0,1,1,1,2,39,7,1500,2,2,CITROEN BERLINGO,7,E01031213,0,-1
2021401034537,2021,401034537,1,9,0,7,7,5,1,0,0,6,5,0,3,9,1,1,6,6,1,23,5,1560,2,14,CITROEN BERLINGO,5,E01017615,0,-1
2021041101508,2021,041101508,1,19,0,18,19,1,5,0,0,0,0,0,0,0,1,1,1,1,1,29,6,1500,2,1,CITROEN BERLINGO,1,E01006327,0,-1
2021010348129,2021,010348129,1,19,0,18,19,3,7,0,0,0,0,0,0,0,1,1,1,1,1,25,5,1560,2,5,CITROEN BERLINGO,6,E01001309,0,-1
2021010346528,2021,010346528,1,19,0,6,6,4,4,0,0,2,0,0,0,0,3,1,2,2,1,36,7,1360,1,13,CITROEN BERLINGO,7,E01004635,0,-1
202134NNC1951,2021,34NNC1951,3,19,0,10,10,5,1,0,0,1,0,0,0,0,2,1,6,6,2,-1,-1,1560,2,4,CITROEN BERLINGO,-1,-1,0,-1
2021201065611,2021,201065611,1,19,0,5,5,7,2,0,0,6,0,0,0,0,1,1,6,6,1,49,8,1868,2,15,CITROEN BERLINGO,6,E01009207,0,-1
2021549499821,2021,549499821,3,19,0,18,19,5,1,0,0,1,0,0,0,0,3,1,6,6,1,32,6,1868,2,16,CITROEN BERLINGO,6,E01029039,0,-1
2021421073987,2021,421073987,2,19,0,9,9,4,1,0,0,8,0,0,0,0,3,1,6,6,1,45,7,1560,2,9,CITROEN BERLINGO,5,E01021432,0,-1
202131B144321,2021,31B144321,2,9,0,17,19,1,6,0,0,8,0,0,0,0,1,1,6,6,1,80,11,1997,2,16,CITROEN BERLINGO,8,E01028348,0,-1
202163A079121,2021,63A079121,2,9,0,17,19,8,5,0,0,0,0,0,1,10,3,1,1,1,1,66,10,1560,2,6,CITROEN BERLINGO,8,W01000634,0,-1
2021430199451,2021,430199451,1,19,0,18,19,6,2,0,0,8,0,0,0,0,1,1,6,6,2,24,5,1598,2,14,CITROEN BERLINGO,5,E01022556,0,-1
2021421017164,2021,421017164,1,19,0,18,19,1,5,0,0,0,0,0,4,6,1,1,6,6,1,27,6,1500,2,1,CITROEN BERLINGO,3,E01021328,0,-1
2021991082034,2021,991082034,2,9,0,18,19,4,8,0,0,0,0,0,0,0,1,1,5,6,2,65,9,1560,2,7,CITROEN BERLINGO,7,E01027510,0,-1
2021421014061,2021,421014061,1,19,0,18,19,6,2,0,0,0,0,0,0,0,1,1,2,2,1,35,6,1560,2,2,CITROEN BERLINGO,6,E01029919,0,-1
2021371070114,2021,371070114,1,19,0,18,19,3,7,0,0,0,0,0,0,0,1,1,1,1,1,35,6,1560,2,5,CITROEN BERLINGO,6,E01030240,0,-1
2021461036204,2021,461036204,2,19,0,10,10,7,3,0,0,1,0,0,0,0,3,1,6,6,1,-1,-1,1560,2,4,CITROEN BERLINGO,5,E01023780,0,-1
2021010295895,2021,010295895,1,19,0,9,9,3,1,0,0,0,0,0,0,0,1,1,1,1,1,56,9,1560,2,4,CITROEN BERLINGO,9,E01023465,0,-1
2021010314323,2021,010314323,1,19,0,18,19,7,3,0,0,0,0,0,0,0,4,1,1,1,1,31,6,1500,2,1,CITROEN BERLINGO,3,E01001578,0,-1
2021010292233,2021,010292233,1,19,0,18,19,7,3,0,0,1,0,4,0,0,1,1,1,1,2,49,8,1500,2,1,CITROEN BERLINGO,7,E01000361,0,-1
2021421015125,2021,421015125,1,9,0,18,19,5,1,0,0,0,0,0,0,0,3,1,6,6,1,49,8,1560,2,9,CITROEN BERLINGO,1,E01021271,0,-1
2021031073669,2021,031073669,2,20,0,18,19,6,2,0,0,1,0,0,0,0,1,1,5,6,1,33,6,-1,-1,-1,CITROEN BERLINGO,3,E01019194,0,-1
202134WNC3511,2021,34WNC3511,3,9,0,18,19,3,7,0,0,1,0,0,0,0,1,1,6,6,1,84,11,1560,2,11,CITROEN BERLINGO,1,E01027242,0,-1
2021361096022,2021,361096022,1,19,0,18,19,8,3,0,0,1,0,0,0,0,1,1,1,1,1,30,6,1560,2,14,CITROEN BERLINGO,1,E01026635,0,-1
202134WNC3291,2021,34WNC3291,2,19,0,2,2,0,0,0,0,0,0,0,0,0,3,1,6,6,1,28,6,1560,2,4,CITROEN BERLINGO,1,E01027231,0,-1
2021010323510,2021,010323510,1,19,0,6,6,3,3,0,0,8,0,0,0,0,1,1,1,1,1,39,7,1560,2,4,CITROEN BERLINGO,2,E01004243,0,-1
2021421095263,2021,421095263,2,19,0,18,19,7,3,0,0,1,0,0,0,0,1,1,6,6,1,30,6,1560,2,5,CITROEN BERLINGO,4,E01015888,0,-1
2021991125083,2021,991125083,1,19,0,18,19,7,3,0,0,0,1,0,2,0,3,1,5,6,2,70,10,-1,-1,-1,CITROEN BERLINGO,9,-1,0,-1
2021201033690,2021,201033690,1,9,0,9,9,1,7,0,0,5,0,0,0,0,1,1,6,6,1,55,8,1868,2,19,CITROEN BERLINGO,7,E01010345,0,-1
2021122100023,2021,122100023,1,19,0,16,19,6,2,0,0,2,1,0,0,0,1,1,1,1,1,30,6,1868,2,17,CITROEN BERLINGO,9,E01011937,0,-1
2021320745637,2021,320745637,1,19,0,6,6,1,5,0,0,0,0,0,0,0,1,1,1,1,1,49,8,1500,2,0,CITROEN BERLINGO,1,E01007940,0,-1
202131A098221,2021,31A098221,1,19,0,14,14,2,6,0,0,2,0,4,0,0,1,1,6,6,1,23,5,1560,2,6,CITROEN BERLINGO,8,E01027993,0,-1
2021440173871,2021,440173871,1,19,0,18,19,3,7,0,0,0,0,0,0,0,1,1,6,6,2,53,8,1598,2,14,CITROEN BERLINGO,3,E01017220,0,-1
2021221081567,2021,221081567,2,9,0,3,3,8,4,0,0,0,0,0,0,0,2,1,6,6,1,80,11,1500,2,1,CITROEN BERLINGO,1,E01009215,0,-1
2021041052345,2021,041052345,2,9,0,18,19,3,7,0,0,1,0,0,0,0,1,1,5,6,1,73,10,1560,2,11,CITROEN BERLINGO,4,E01025276,0,-1
2021101038626,2021,101038626,3,19,0,4,4,3,7,0,0,0,0,0,0,0,1,1,6,6,1,60,9,1560,2,11,CITROEN BERLINGO,5,E01008356,0,-1
2021010298192,2021,010298192,2,19,0,99,99,9,9,99,99,9,9,99,9,99,1,9,6,6,3,-1,-1,1560,2,3,CITROEN BERLINGO,-1,-1,0,-1
2021201079174,2021,201079174,2,19,0,18,19,8,4,0,0,4,2,7,1,4,4,1,6,6,1,25,5,1560,2,4,CITROEN BERLINGO,7,E01009450,0,-1
2021141063278,2021,141063278,1,19,0,18,19,3,7,0,0,0,0,0,0,0,1,1,2,2,1,47,8,1560,2,2,CITROEN BERLINGO,3,E01007322,0,-1