collision_index,collision_year,collision_ref_no,vehicle_reference,vehicle_type,towing_and_articulation,vehicle_manoeuvre_historic,vehicle_manoeuvre,vehicle_direction_from,vehicle_direction_to,vehicle_location_restricted_lane_historic,vehicle_location_restricted_lane,junction_location,skidding_and_overturning,hit_object_in_carriageway,vehicle_leaving_carriageway,hit_object_off_carriageway,first_point_of_impact,vehicle_left_hand_drive,journey_purpose_of_driver_historic,journey_purpose_of_driver,sex_of_driver,age_of_driver,age_band_of_driver,engine_capacity_cc,propulsion_code,age_of_vehicle,generic_make_model,driver_imd_decile,lsoa_of_driver,escooter_flag,driver_distance_banding
2021131079394,2021,131079394,1,9,0,9,9,3,5,0,0,2,0,0,0,0,1,1,5,6,1,64,9,1560,2,13,CITROEN BERLINGO,1,E01011626,0,-1
2021010332638,2021,010332638,1,19,0,99,99,9,9,99,99,9,9,99,9,99,2,9,2,2,1,25,5,1500,2,1,CITROEN BERLINGO,5,E01021770,0,-1
2021430479414,2021,430479414,1,9,0,18,19,6,2,0,0,0,0,0,1,11,1,1,6,6,1,29,6,-1,-1,-1,CITROEN BERLINGO,5,E01016203,0,-1
2021501133885,2021,501133885,2,19,0,3,3,7,3,0,0,0,0,0,0,0,2,1,5,6,1,45,7,1560,2,10,CITROEN BERLINGO,9,E01015141,0,-1
2021411019171,2021,411019171,3,19,0,18,19,1,5,0,0,0,1,0,0,0,1,1,6,6,1,31,6,1560,2,8,CITROEN BERLINGO,6,E01023720,0,-1
2021471112913,2021,471112913,1,19,0,18,19,3,6,0,0,1,0,0,0,0,1,1,6,6,1,31,6,1560,2,8,CITROEN BERLINGO,6,E01031449,0,-1
2021471104164,2021,471104164,1,19,0,18,19,4,7,0,0,0,0,0,0,0,1,1,6,6,1,-1,-1,1560,2,7,CITROEN BERLINGO,-1,-1,0,-1
2021421124446,2021,421124446,1,19,0,9,9,5,3,0,0,8,0,0,0,0,1,1,6,6,1,56,9,1560,2,5,CITROEN BERLINGO,5,E01021720,0,-1
2021010341003,2021,010341003,3,9,0,4,4,7,3,0,0,0,0,0,0,0,1,1,6,6,1,27,6,1560,2,10,CITROEN BERLINGO,3,E01001728,0,-1
2021421110602,2021,421110602,1,19,0,9,9,3,1,0,0,1,0,0,0,0,1,1,6,6,1,28,6,1560,2,3,CITROEN BERLINGO,2,E01015820,0,-1
2021052102644,2021,052102644,3,9,0,18,19,1,5,0,0,0,1,0,0,0,1,1,6,6,1,57,9,1560,2,11,CITROEN BERLINGO,7,E01006577,0,-1
2021622100770,2021,622100770,4,8,0,4,4,7,3,0,0,0,0,0,0,0,2,1,1,1,1,59,9,1560,2,6,CITROEN BERLINGO,1,W01001698,0,-1
2021622100718,2021,622100718,2,9,0,18,19,2,6,0,0,0,0,0,0,0,3,1,1,1,1,57,9,-1,-1,-1,CITROEN BERLINGO,3,W01001066,0,-1
202163C104221,2021,63C104221,1,19,0,9,9,2,8,0,0,6,0,0,0,0,1,1,6,6,1,47,8,1560,2,1,CITROEN BERLINGO,7,W01000618,0,-1
2021991088545,2021,991088545,2,19,0,18,19,3,7,0,0,0,0,0,0,0,1,1,2,2,1,56,9,1560,2,4,CITROEN BERLINGO,2,-1,0,-1
2021371095445,2021,371095445,1,19,0,18,19,7,3,0,0,1,0,0,0,0,4,1,5,6,1,52,8,1560,2,9,CITROEN BERLINGO,5,E01033454,0,-1
2021471060980,2021,471060980,1,9,0,18,19,2,6,0,0,0,0,0,0,0,1,1,5,6,2,61,9,1560,2,10,CITROEN BERLINGO,5,E01031614,0,-1
2021471069450,2021,471069450,3,9,0,4,4,7,3,0,0,1,0,0,0,0,0,1,5,6,2,38,7,1500,2,2,CITROEN BERLINGO,2,E01020929,0,-1
2021421053186,2021,421053186,1,19,0,18,19,8,4,0,0,0,0,0,0,0,1,1,2,2,1,24,5,1560,2,8,CITROEN BERLINGO,7,E01021904,0,-1
2021501087047,2021,501087047,1,9,0,18,19,3,7,0,0,1,0,0,0,0,1,1,5,6,1,65,9,-1,-1,-1,CITROEN BERLINGO,4,E01020097,0,-1
2021201132930,2021,201132930,2,19,0,18,19,4,8,0,0,4,0,0,0,0,2,1,6,6,1,54,8,1500,2,1,CITROEN BERLINGO,7,E01010355,0,-1
2021061035160,2021,061035160,2,19,0,18,19,1,1,0,0,0,0,0,0,0,2,1,6,6,1,-1,-1,1560,2,12,CITROEN BERLINGO,-1,-1,0,-1
2021461117553,2021,461117553,2,19,0,18,19,5,1,0,0,0,2,0,0,0,2,1,1,1,1,60,9,1560,2,6,CITROEN BERLINGO,1,E01024507,0,-1
2021041047719,2021,041047719,1,9,0,18,19,3,7,0,0,8,1,0,0,0,1,1,1,1,1,27,6,1997,2,17,CITROEN BERLINGO,8,E01025018,0,-1
202163A010421,2021,63A010421,1,19,0,18,19,3,7,0,0,0,0,0,0,0,1,1,1,1,1,21,5,1560,2,10,CITROEN BERLINGO,6,W01000673,0,-1
2021010318426,2021,010318426,2,19,0,99,99,9,9,99,99,9,9,99,9,99,1,9,6,6,3,-1,-1,1500,2,1,CITROEN BERLINGO,7,E01000369,0,-1
2021231033362,2021,231033362,4,19,0,10,10,4,2,0,0,1,0,0,0,0,3,1,2,2,1,24,5,1560,2,7,CITROEN BERLINGO,8,E01025881,0,-1
2021010312486,2021,010312486,2,19,0,99,99,9,9,99,99,9,9,99,9,99,9,9,6,6,1,45,7,1560,2,8,CITROEN BERLINGO,7,E01000190,0,-1
2021501049487,2021,501049487,2,9,0,16,19,7,3,0,0,0,0,0,1,0,1,1,6,6,1,41,7,1560,2,12,CITROEN BERLINGO,4,E01018880,0,-1
2021031027429,2021,031027429,1,19,0,1,1,1,5,9,9,7,0,0,0,0,2,1,1,1,1,31,6,1560,2,3,CITROEN BERLINGO,3,E01019211,0,-1
2021320596840,2021,320596840,2,19,0,9,9,6,5,0,0,5,0,0,0,0,3,1,6,6,1,28,6,1868,2,20,CITROEN BERLINGO,5,E01026121,0,-1
2021122101498,2021,122101498,1,9,0,8,8,5,1,0,0,1,0,0,0,0,2,1,2,2,1,55,8,1560,2,15,CITROEN BERLINGO,1,E01012286,0,-1
2021302101461,2021,302101461,2,9,0,2,2,0,0,0,0,2,0,0,0,0,3,1,6,6,3,-1,-1,1598,2,15,CITROEN BERLINGO,-1,-1,0,-1
2021991053494,2021,991053494,1,9,0,9,9,1,6,0,0,5,0,0,0,0,4,1,2,2,1,54,8,1560,2,9,CITROEN BERLINGO,4,-1,0,-1
2021010331631,2021,010331631,1,19,0,7,7,5,7,0,0,2,0,0,0,0,2,1,2,2,1,37,7,1560,2,10,CITROEN BERLINGO,8,E01000655,0,-1
2021501025759,2021,501025759,3,19,0,2,2,0,0,0,0,0,0,0,1,0,0,1,6,6,1,-1,-1,1500,2,1,CITROEN BERLINGO,7,E01019969,0,-1
2021421030281,2021,421030281,1,19,0,17,19,2,6,0,0,0,0,0,0,0,1,1,5,6,1,42,7,1560,2,4,CITROEN BERLINGO,7,E01017963,0,-1
2021010332957,2021,010332957,2,19,0,3,3,1,5,0,0,2,0,0,0,0,2,1,1,1,1,41,7,1499,2,2,CITROEN BERLINGO,9,E01016679,0,-1
2021061146491,2021,061146491,1,19,0,9,9,2,8,0,0,1,0,0,0,0,1,1,6,6,3,30,6,1560,2,6,CITROEN BERLINGO,-1,-1,0,-1
2021211065762,2021,211065762,2,19,0,18,19,7,3,0,0,0,0,0,0,0,2,1,6,6,1,68,10,1560,2,3,CITROEN BERLINGO,1,E01005595,0,-1
2021411076261,2021,411076261,2,9,0,5,5,3,7,0,0,4,0,0,0,0,2,1,5,6,2,41,7,1560,2,10,CITROEN BERLINGO,9,E01025916,0,-1
2021320219833,2021,320219833,1,19,0,18,19,2,6,0,0,1,0,0,0,0,1,1,1,1,1,28,6,1560,2,7,CITROEN BERLINGO,-1,-1,0,-1
2021061130152,2021,061130152,2,19,0,3,3,4,8,0,0,0,0,0,0,0,2,1,2,2,2,42,7,1560,2,9,CITROEN BERLINGO,8,E01005335,0,-1
2021170S11261,2021,170S11261,3,9,0,18,19,4,8,0,0,0,0,0,0,0,1,1,6,6,1,30,6,-1,-1,-1,CITROEN BERLINGO,8,E01012009,0,-1
2021010339685,2021,010339685,1,19,0,99,99,9,9,99,99,9,9,99,9,99,9,9,6,6,1,31,6,1560,2,2,CITROEN BERLINGO,5,E01000383,0,-1
2021221021827,2021,221021827,3,19,0,18,19,2,6,0,0,1,0,0,0,0,0,1,1,1,1,39,7,1500,2,1,CITROEN BERLINGO,4,W01001521,0,-1
2021010328499,2021,010328499,2,19,0,13,13,3,7,0,0,0,0,0,0,0,1,1,6,6,1,57,9,1200,1,0,CITROEN BERLINGO,3,E01003736,0,-1
2021461020909,2021,461020909,2,19,0,14,14,7,3,0,0,0,0,0,0,0,1,1,2,2,1,64,9,1560,2,2,CITROEN BERLINGO,8,E01016179,0,-1
2021101112422,2021,101112422,2,9,0,18,19,1,5,0,0,0,0,0,0,0,4,1,6,6,1,46,8,-1,-1,-1,CITROEN BERLINGO,4,E01027381,0,-1
202163D079221,2021,63D079221,1,19,0,16,19,6,1,0,0,0,1,0,0,0,1,1,1,1,1,34,6,1598,2,14,CITROEN BERLINGO,8,W01000466,0,-1
202163A019221,2021,63A019221,1,9,0,17,19,5,2,0,0,0,0,0,1,2,1,1,6,6,2,32,6,1499,2,1,CITROEN BERLINGO,3,W01000670,0,-1
2021501096009,2021,501096009,1,9,0,9,9,1,5,0,0,6,0,0,0,0,3,1,1,1,2,62,9,1587,1,14,CITROEN BERLINGO,3,E01015143,0,-1
2021421017893,2021,421017893,1,9,0,13,13,8,4,0,0,0,0,0,0,0,4,1,6,6,2,76,11,1587,1,17,CITROEN BERLINGO,10,E01021693,0,-1
2021161124463,2021,161124463,2,19,0,18,19,2,6,0,0,1,0,0,0,0,4,1,1,1,1,38,7,1560,2,3,CITROEN BERLINGO,1,E01012837,0,-1
2021010298561,2021,010298561,1,19,0,18,19,3,7,0,0,2,1,0,0,0,1,1,2,2,1,43,7,1560,2,11,CITROEN BERLINGO,3,E01002808,0,-1
2021010343165,2021,010343165,1,19,0,18,19,5,1,0,0,1,0,0,0,0,3,1,2,2,1,30,6,1560,2,3,CITROEN BERLINGO,4,E01024624,0,-1
2021010290453,2021,010290453,2,19,0,18,19,5,1,0,0,1,0,0,0,0,1,1,2,2,1,70,10,1560,2,6,CITROEN BERLINGO,9,E01001422,0,-1
2021010304661,2021,010304661,1,19,0,18,19,3,7,0,0,1,0,0,0,0,1,1,2,2,1,43,7,1560,2,7,CITROEN BERLINGO,10,E01031773,0,-1
2021141038613,2021,141038613,2,19,0,18,19,7,3,0,0,8,0,0,7,11,4,1,5,6,1,22,5,1560,2,11,CITROEN BERLINGO,4,E01007731,0,-1
2021552100495,2021,552100495,1,19,0,5,5,7,3,9,9,1,0,0,0,0,1,1,1,1,1,22,5,1560,2,6,CITROEN BERLINGO,7,E01015428,0,-1
2021351098223,2021,351098223,1,19,0,18,19,5,1,0,0,0,0,0,0,0,1,1,2,2,1,39,7,1560,2,7,CITROEN BERLINGO,3,E01017489,0,-1
2021461015499,2021,461015499,1,19,0,18,19,4,8,0,0,0,1,2,0,0,1,1,1,1,1,22,5,1500,2,1,CITROEN BERLINGO,6,E01021182,0,-1
202134WNC0611,2021,34WNC0611,2,20,0,18,19,5,1,0,0,8,0,0,0,0,1,1,2,2,1,26,6,-1,-1,-1,CITROEN BERLINGO,2,E01026954,0,-1
2021421081661,2021,421081661,1,8,0,4,4,5,1,0,0,0,0,0,0,0,2,1,1,1,1,51,8,1560,2,7,CITROEN BERLINGO,3,E01021391,0,-1
2021451090288,2021,451090288,1,9,0,18,19,7,3,0,0,0,0,4,7,4,1,1,6,6,1,24,5,-1,-1,-1,CITROEN BERLINGO,10,E01030581,0,-1
2021010306558,2021,010306558,4,19,0,18,19,7,3,0,0,0,0,0,0,0,1,1,1,1,1,22,5,1560,2,5,CITROEN BERLINGO,2,E01000073,0,-1
2021010346265,2021,010346265,1,19,0,18,19,3,7,0,0,5,0,0,0,0,4,1,1,1,1,69,10,1500,2,1,CITROEN BERLINGO,3,E01001192,0,-1
2021541882121,2021,541882121,1,19,0,18,19,3,7,0,0,0,0,0,0,0,3,1,1,1,2,25,5,1560,2,7,CITROEN BERLINGO,5,E01020040,0,-1
202163D071621,2021,63D071621,2,9,0,2,2,0,0,0,0,0,0,0,0,0,2,1,6,6,2,40,7,1598,2,15,CITROEN BERLINGO,7,W01000464,0,-1
2021141051561,2021,141051561,1,9,0,18,19,1,4,0,0,1,0,0,0,0,1,1,5,6,1,67,10,-1,-1,-1,CITROEN BERLINGO,6,E01011728,0,-1
2021161035614,2021,161035614,1,9,0,18,19,6,2,0,0,0,0,0,0,0,3,1,6,6,1,64,9,1560,2,7,CITROEN BERLINGO,-1,-1,0,-1
2021221026986,2021,221026986,2,19,0,4,4,4,8,0,0,1,0,0,0,0,2,1,1,1,1,63,9,1500,2,1,CITROEN BERLINGO,7,E01028954,0,-1
2021010333563,2021,010333563,1,9,0,5,5,5,1,0,0,8,1,10,0,0,3,1,6,6,1,77,11,1560,2,13,CITROEN BERLINGO,8,E01030877,0,-1
2021211116705,2021,211116705,1,9,0,5,5,5,1,0,0,0,0,0,0,0,1,1,6,6,1,59,9,1560,2,12,CITROEN BERLINGO,2,E01014359,0,-1
2021061037742,2021,061037742,1,19,0,18,19,4,8,0,0,0,0,0,0,0,3,1,1,1,1,54,8,1560,2,3,CITROEN BERLINGO,6,E01005846,0,-1
2021421109614,2021,421109614,1,19,0,18,19,5,1,0,0,0,5,0,1,0,1,1,5,6,1,17,4,1560,2,10,CITROEN BERLINGO,-1,-1,0,-1
2021010296920,2021,010296920,2,19,0,99,99,9,9,99,99,9,9,99,9,99,9,9,6,6,3,-1,-1,1560,2,3,CITROEN BERLINGO,10,E01000423,0,-1
2021501047543,2021,501047543,1,9,0,18,19,8,5,0,0,4,0,0,7,11,1,1,5,6,1,73,10,1587,1,16,CITROEN BERLINGO,7,E01020341,0,-1
2021471025506,2021,471025506,3,19,0,4,4,7,3,0,0,0,0,0,0,0,2,1,2,2,1,33,6,1560,2,2,CITROEN BERLINGO,4,E01020916,0,-1
2021421014160,2021,421014160,3,19,0,3,3,3,7,0,0,0,0,0,0,0,3,1,1,1,1,41,7,1560,2,4,CITROEN BERLINGO,8,E01017966,0,-1
2021451077473,2021,451077473,2,19,0,18,19,2,4,0,0,1,0,10,0,0,1,1,1,1,1,62,9,1560,2,4,CITROEN BERLINGO,7,E01030938,0,-1
2021201103788,2021,201103788,1,9,0,18,19,3,6,0,0,1,0,0,0,0,1,1,1,1,1,50,8,1868,2,17,CITROEN BERLINGO,1,E01010410,0,-1
2021501069925,2021,501069925,3,19,0,3,3,7,3,0,0,0,0,0,0,0,2,1,6,6,2,26,6,1560,2,8,CITROEN BERLINGO,3,E01018869,0,-1
2021371077686,2021,371077686,1,19,0,5,5,6,1,0,0,4,0,0,0,0,3,1,2,2,1,53,8,1560,2,4,CITROEN BERLINGO,7,E01033451,0,-1
2021201122157,2021,201122157,2,9,0,18,19,5,1,0,0,1,0,0,0,0,3,1,6,6,1,55,8,1560,2,15,CITROEN BERLINGO,4,E01009767,0,-1
2021540790121,2021,540790121,1,9,0,4,4,3,7,0,0,0,0,0,0,0,1,1,6,6,1,32,6,1560,2,14,CITROEN BERLINGO,2,E01032064,0,-1
2021161024270,2021,161024270,1,9,0,18,19,6,2,0,0,8,0,0,0,0,3,1,6,6,1,41,7,1997,2,18,CITROEN BERLINGO,-1,-1,0,-1
2021221102956,2021,221102956,1,19,0,2,2,0,0,0,0,0,0,0,0,0,2,1,6,6,2,25,5,1560,2,11,CITROEN BERLINGO,7,E01032228,0,-1
202131A016121,2021,31A016121,1,9,0,18,19,4,8,0,0,0,0,0,0,0,1,1,6,6,1,56,9,1560,2,6,CITROEN BERLINGO,6,E01028273,0,-1
2021451040479,2021,451040479,2,9,0,18,19,1,5,0,0,0,0,0,0,0,2,1,2,2,1,65,9,1499,2,2,CITROEN BERLINGO,9,E01021156,0,-1
2021430464838,2021,430464838,1,21,0,18,19,1,5,0,0,0,0,0,0,0,1,1,6,6,3,-1,-1,5880,2,16,-1,-1,-1,0,-1
2021461079763,2021,461079763,1,21,0,18,19,1,5,0,0,0,0,0,0,0,0,1,6,6,1,51,8,-1,2,18,-1,7,E01032656,0,-1
2021041030622,2021,041030622,1,21,0,5,5,5,1,0,0,0,0,0,0,0,1,1,1,1,1,38,7,-1,2,17,-1,9,E01025596,0,-1
2021430203322,2021,430203322,2,21,0,18,19,2,6,0,0,2,5,10,1,9,3,1,1,1,1,43,7,5880,2,14,-1,4,E01028466,0,-1
2021522100606,2021,522100606,1,21,0,18,19,5,1,0,0,0,5,0,0,6,4,1,6,6,2,27,6,5880,2,15,-1,6,E01019967,0,-1
2021501111527,2021,501111527,1,20,0,17,19,1,5,0,0,0,0,0,0,0,3,1,6,6,1,26,6,5880,2,15,-1,4,E01020254,0,-1
2021041020684,2021,041020684,2,98,0,2,2,0,0,6,6,0,0,0,0,0,3,1,1,1,1,43,7,5880,2,16,-1,1,E01024865,0,-1
2021451046016,2021,451046016,1,9,0,18,19,1,5,0,0,0,0,0,0,0,0,1,6,6,2,30,6,1910,2,12,-1,8,E01030611,0,-1
2021522105246,2021,522105246,2,9,0,5,5,1,5,0,0,1,0,0,0,0,1,1,6,6,1,40,7,1910,2,14,-1,-1,-1,0,-1
2021351016010,2021,351016010,1,9,0,18,19,2,6,0,0,0,0,0,0,0,1,1,6,6,3,-1,-1,1910,2,17,-1,-1,-1,0,-1
202131B066921,2021,31B066921,4,5,0,18,19,4,8,0,0,0,1,0,1,0,1,1,6,6,1,53,8,1868,1,1,-1,6,E01019774,0,-1
2021991045849,2021,991045849,1,5,0,13,13,1,5,0,0,1,2,0,7,0,1,1,5,6,1,40,7,1868,1,2,-1,6,-1,0,-1
202154B332521,2021,54B332521,1,3,0,16,19,2,5,0,0,2,0,0,4,6,3,1,6,6,1,25,5,125,1,6,HONDA CBR,10,E01031984,0,-1
2021010325461,2021,010325461,1,5,0,18,19,5,1,0,0,8,1,0,0,0,4,1,6,6,1,30,6,998,1,3,HONDA CBR,10,E01017763,0,-1
2021501108585,2021,501108585,3,5,0,18,19,5,1,0,0,1,0,0,0,0,0,1,6,6,1,51,8,999,1,9,HONDA CBR,8,E01015137,0,-1
2021061070907,2021,061070907,1,5,0,10,10,2,8,0,0,1,0,0,0,0,3,1,5,6,1,67,10,1000,1,7,HONDA CBR,1,E01005129,0,-1
2021010339240,2021,010339240,2,3,0,15,15,1,5,0,0,1,0,0,0,0,1,1,6,6,1,37,7,125,1,6,HONDA CBR,9,E01032576,0,-1
2021010310125,2021,010310125,2,3,0,9,9,7,6,0,0,6,0,0,0,0,3,1,6,6,1,29,6,125,1,4,HONDA CBR,9,E01002464,0,-1
2021461086805,2021,461086805,3,5,0,18,19,7,3,0,0,0,0,0,0,0,0,1,6,6,1,37,7,599,1,16,HONDA CBR,7,E01032820,0,-1
2021010313860,2021,010313860,1,5,0,99,99,9,9,99,99,9,9,99,9,99,1,1,2,2,1,54,8,1000,1,0,HONDA CBR,1,E01024612,0,-1
2021221081388,2021,221081388,2,5,0,13,13,4,8,0,0,8,0,0,7,0,4,1,5,6,1,54,8,599,1,30,HONDA CBR,8,E01032176,0,-1
2021070391423,2021,070391423,2,5,0,13,13,3,7,0,0,0,2,0,7,10,4,1,2,2,1,52,8,649,1,3,HONDA CBR,10,E01018667,0,-1
2021501131367,2021,501131367,2,5,0,13,13,7,3,0,0,0,0,0,0,0,2,1,5,6,1,42,7,998,1,16,HONDA CBR,1,E01019004,0,-1
2021231075127,2021,231075127,1,5,0,18,19,2,6,0,0,0,1,0,0,0,1,1,5,6,1,63,9,998,1,31,HONDA CBR,8,E01009695,0,-1
2021471092019,2021,471092019,2,3,0,18,19,7,3,0,0,8,2,0,0,0,3,1,5,6,1,20,4,125,1,13,HONDA CBR,6,E01031362,0,-1
2021161052556,2021,161052556,2,3,0,18,19,7,3,0,0,0,0,0,0,0,1,1,5,6,1,19,4,125,1,13,HONDA CBR,1,E01012880,0,-1
2021320702324,2021,320702324,1,3,0,17,19,2,6,0,0,0,0,0,1,1,1,1,6,6,1,26,6,125,1,8,HONDA CBR,6,E01026251,0,-1
2021320461459,2021,320461459,1,5,0,17,19,4,8,0,0,0,2,0,7,0,4,1,6,6,1,29,6,599,1,22,HONDA CBR,4,E01026279,0,-1
2021010287740,2021,010287740,1,5,0,18,19,1,5,0,0,1,0,0,0,0,1,1,6,6,1,32,6,998,1,16,HONDA CBR,4,E01003098,0,-1
2021010325657,2021,010325657,1,3,0,15,15,7,3,0,0,3,0,0,0,0,1,1,6,6,1,21,5,125,1,4,HONDA CBR,2,E01003582,0,-1
2021411044735,2021,411044735,1,3,0,17,19,1,4,0,0,0,1,0,7,4,1,1,5,6,1,17,4,125,1,10,HONDA CBR,10,E01023822,0,-1
2021010304876,2021,010304876,1,5,0,99,99,9,9,99,99,1,9,99,9,99,1,1,6,6,1,62,9,599,1,16,HONDA CBR,7,E01000389,0,-1
2021461034521,2021,461034521,1,3,0,15,15,7,2,0,0,8,0,0,3,10,1,1,5,6,1,18,4,125,1,6,HONDA CBR,-1,-1,0,-1
2021010311397,2021,010311397,1,3,0,99,99,9,9,99,99,9,9,99,9,99,9,1,6,6,1,19,4,125,1,8,HONDA CBR,9,E01000436,0,-1
2021010300555,2021,010300555,1,3,0,17,19,7,3,0,0,0,0,0,0,0,1,1,6,6,2,26,6,125,1,7,HONDA CBR,2,E01001660,0,-1
2021101096544,2021,101096544,1,3,0,18,19,6,2,0,0,0,0,0,1,0,1,1,5,6,1,59,9,125,1,16,HONDA CBR,2,E01008481,0,-1
2021320559876,2021,320559876,1,5,0,17,19,4,8,0,0,1,0,0,0,0,1,1,6,6,1,30,6,998,1,16,HONDA CBR,-1,-1,0,-1
2021131117143,2021,131117143,1,4,0,18,19,1,5,0,0,0,1,0,0,0,0,1,5,6,1,19,4,125,1,8,HONDA CBR,1,E01011746,0,-1
2021411087968,2021,411087968,1,5,0,3,3,1,5,0,0,0,0,0,0,0,2,1,6,6,1,26,6,649,1,0,HONDA CBR,3,E01017790,0,-1
2021440331146,2021,440331146,1,5,0,18,19,7,3,0,0,7,0,0,0,0,0,1,6,6,1,59,9,1137,1,22,HONDA CBR,7,E01023206,0,-1
2021501028223,2021,501028223,2,3,0,5,5,7,4,0,0,0,0,0,0,0,1,1,5,6,1,20,4,125,1,7,HONDA CBR,7,E01019892,0,-1
2021411056368,2021,411056368,1,5,0,18,19,6,2,0,0,0,0,0,0,0,1,1,5,6,1,62,9,999,1,1,HONDA CBR,5,E01001198,0,-1
2021010339555,2021,010339555,1,5,0,18,19,5,1,0,0,1,1,10,0,0,1,1,1,1,1,32,6,1000,1,13,HONDA CBR,9,E01032821,0,-1
2021361105079,2021,361105079,2,3,0,-1,-1,-1,-1,-1,-1,0,-1,-1,-1,0,-1,1,2,2,1,19,4,125,1,5,HONDA CBR,6,E01026922,0,-1
2021471109023,2021,471109023,2,4,0,18,19,5,1,0,0,8,0,0,0,0,1,1,6,6,1,20,4,471,1,8,HONDA CBR,6,E01021206,0,-1
202163C002121,2021,63C002121,1,3,0,16,19,1,4,9,9,0,1,0,7,10,1,1,6,6,1,33,6,125,1,13,HONDA CBR,5,W01000593,0,-1
2021161052424,2021,161052424,2,3,0,18,19,8,4,0,0,1,0,0,0,0,3,1,5,6,1,26,6,125,1,9,HONDA CBR,1,E01013218,0,-1
2021010331479,2021,010331479,1,4,0,5,5,1,5,9,9,1,1,0,1,0,1,1,2,2,1,37,7,999,1,11,HONDA CBR,-1,-1,0,-1
2021461086162,2021,461086162,2,5,0,18,19,8,4,0,0,8,5,0,0,0,1,1,6,6,1,51,8,1137,1,17,HONDA CBR,8,E01024780,0,-1
2021471077453,2021,471077453,1,5,0,14,14,3,7,0,0,8,0,0,7,0,4,1,5,6,1,28,6,600,1,16,HONDA CBR,7,E01016976,0,-1
2021371144515,2021,371144515,1,3,0,18,19,3,7,0,0,0,5,0,0,0,4,1,2,2,1,22,5,125,1,17,HONDA CBR,6,E01029876,0,-1
2021221078763,2021,221078763,2,5,0,13,13,8,4,0,0,0,2,10,0,0,1,1,5,6,1,35,6,954,1,17,HONDA CBR,1,E01032331,0,-1
2021010331049,2021,010331049,1,4,0,18,19,7,3,0,0,1,0,0,0,0,1,1,6,6,1,26,6,471,1,4,HONDA CBR,2,E01003557,0,-1
2021501104662,2021,501104662,1,5,0,5,5,1,4,0,0,0,0,10,4,0,1,1,5,6,1,31,6,954,1,19,HONDA CBR,6,E01020304,0,-1
2021010337202,2021,010337202,1,5,0,18,19,3,7,0,0,3,0,0,0,0,1,1,2,2,1,56,9,649,1,6,HONDA CBR,8,E01021749,0,-1
2021461086186,2021,461086186,1,5,0,4,4,7,2,0,0,0,0,0,0,0,4,1,6,6,1,24,5,1000,1,12,HONDA CBR,9,E01024175,0,-1
2021101035458,2021,101035458,1,3,0,18,19,7,3,0,0,1,1,0,0,0,3,1,6,6,1,24,5,125,1,16,HONDA CBR,-1,-1,0,-1
2021320324372,2021,320324372,2,4,0,14,14,2,6,0,0,0,0,0,0,0,4,1,4,7,1,17,4,125,1,7,HONDA CBR,7,E01026218,0,-1
2021010305831,2021,010305831,1,5,0,16,19,1,5,0,0,1,0,7,0,0,0,1,2,2,1,35,6,649,1,7,HONDA CBR,9,E01004490,0,-1
2021010290967,2021,010290967,1,3,0,18,19,1,5,0,0,0,0,0,0,0,1,1,1,1,1,44,7,125,1,9,HONDA CBR,4,E01001165,0,-1
2021131098707,2021,131098707,1,5,0,18,19,1,5,0,0,0,0,0,0,0,1,1,5,6,1,50,8,999,1,11,HONDA CBR,7,E01011013,0,-1
2021421091229,2021,421091229,2,4,0,18,19,6,2,0,0,1,1,0,0,0,1,1,5,6,1,22,5,471,1,5,HONDA CBR,9,E01023500,0,-1
2021010350669,2021,010350669,1,3,0,99,99,9,9,99,99,0,9,99,9,99,9,1,6,6,2,26,6,125,1,5,HONDA CBR,1,E01032575,0,-1
2021221100979,2021,221100979,2,3,0,18,19,5,1,0,0,8,0,0,0,0,1,1,5,6,1,43,7,125,1,16,HONDA CBR,5,E01014207,0,-1
2021161053083,2021,161053083,2,5,0,3,3,6,2,0,0,0,0,0,0,0,3,1,6,6,1,57,9,999,1,11,HONDA CBR,3,E01013087,0,-1
2021221102956,2021,221102956,2,5,0,18,19,3,7,0,0,0,0,4,0,0,1,1,5,6,1,65,9,249,1,10,HONDA CBR,8,E01031208,0,-1
2021430495508,2021,430495508,2,4,0,18,19,4,8,0,0,8,0,0,0,0,1,1,6,6,1,19,4,471,1,6,HONDA CBR,8,E01028778,0,-1
2021031085387,2021,031085387,1,5,0,13,13,4,8,0,0,1,0,0,0,0,1,1,6,6,1,34,6,600,1,17,HONDA CBR,7,E01019219,0,-1
2021461119953,2021,461119953,2,5,0,3,3,0,0,0,0,1,1,0,0,0,2,1,1,1,1,50,8,599,1,12,HONDA CBR,3,E01024126,0,-1
2021461040616,2021,461040616,1,3,0,9,9,7,5,0,0,2,0,0,0,0,3,1,5,6,1,20,4,125,1,15,HONDA CBR,9,E01032816,0,-1