collision_index,collision_year,collision_ref_no,vehicle_reference,vehicle_type,towing_and_articulation,vehicle_manoeuvre_historic,vehicle_manoeuvre,vehicle_direction_from,vehicle_direction_to,vehicle_location_restricted_lane_historic,vehicle_location_restricted_lane,junction_location,skidding_and_overturning,hit_object_in_carriageway,vehicle_leaving_carriageway,hit_object_off_carriageway,first_point_of_impact,vehicle_left_hand_drive,journey_purpose_of_driver_historic,journey_purpose_of_driver,sex_of_driver,age_of_driver,age_band_of_driver,engine_capacity_cc,propulsion_code,age_of_vehicle,generic_make_model,driver_imd_decile,lsoa_of_driver,escooter_flag,driver_distance_banding
2021010306773,2021,010306773,2,3,0,15,15,3,7,0,0,1,0,0,0,0,1,1,6,6,1,39,7,125,1,17,HONDA CBR,3,E01000630,0,-1
2021461044751,2021,461044751,2,5,0,18,19,4,8,0,0,1,5,0,0,0,1,1,2,2,1,26,6,1000,1,4,HONDA CBR,7,E01024109,0,-1
2021302100684,2021,302100684,2,5,0,13,13,2,6,0,0,0,0,0,0,0,1,1,6,6,2,60,9,1000,1,5,HONDA CBR,10,E01019793,0,-1
2021101019742,2021,101019742,1,5,0,13,13,3,7,0,0,0,2,0,0,0,4,1,5,6,1,24,5,999,1,10,HONDA CBR,-1,-1,0,-1
2021501027022,2021,501027022,1,5,0,18,19,2,6,0,0,0,1,0,0,0,1,1,6,6,1,36,7,998,1,17,HONDA CBR,8,E01015097,0,-1
2021361092142,2021,361092142,1,5,0,18,19,5,1,0,0,1,0,0,0,0,1,1,5,6,1,44,7,999,1,12,HONDA CBR,3,E01026663,0,-1
2021161060358,2021,161060358,2,3,0,18,19,5,1,0,0,8,0,0,0,0,1,1,6,6,1,18,4,125,1,9,HONDA CBR,1,E01013229,0,-1
2021440194504,2021,440194504,2,3,0,3,3,5,1,0,0,8,0,0,0,0,2,1,6,6,1,28,6,125,1,5,HONDA CBR,10,E01022861,0,-1
2021010324852,2021,010324852,1,5,0,17,19,5,1,0,0,5,0,0,0,0,1,1,6,6,1,27,6,999,1,9,HONDA CBR,-1,-1,0,-1
2021411116986,2021,411116986,2,3,0,18,19,3,7,0,0,1,2,0,0,0,1,1,5,6,1,19,4,125,1,13,HONDA CBR,4,E01023403,0,-1
2021461047448,2021,461047448,2,5,0,18,19,5,1,0,0,1,0,0,0,0,1,1,1,1,1,36,7,1000,1,6,HONDA CBR,6,E01024401,0,-1
2021320339550,2021,320339550,2,3,0,9,9,1,3,0,0,8,5,0,0,0,4,1,6,6,1,19,4,125,1,8,HONDA CBR,7,E01026220,0,-1
2021010304981,2021,010304981,3,3,0,13,13,7,3,0,0,0,1,0,0,0,1,1,6,6,1,25,5,125,1,7,HONDA CBR,6,E01000238,0,-1
2021501131350,2021,501131350,1,3,0,18,19,3,7,0,0,4,2,7,8,7,1,1,5,6,1,38,7,125,1,6,HONDA CBR,3,E01018761,0,-1
2021622100676,2021,622100676,2,5,0,18,19,8,4,0,0,0,0,0,0,0,1,1,6,6,1,48,8,929,1,20,HONDA CBR,5,W01001878,0,-1
2021501090661,2021,501090661,2,4,0,18,19,1,3,0,0,1,0,0,0,0,1,1,5,6,1,17,4,125,1,13,HONDA CBR,5,E01020224,0,-1
2021010344114,2021,010344114,1,5,0,7,7,5,8,0,0,3,5,10,0,0,1,1,2,2,1,37,7,649,1,1,HONDA CBR,4,E01003148,0,-1
2021010292451,2021,010292451,2,3,0,13,13,1,5,0,0,1,5,0,0,0,1,1,6,6,1,25,5,125,1,5,HONDA CBR,5,E01001335,0,-1
2021010310926,2021,010310926,2,3,0,18,19,3,7,0,0,1,0,0,0,0,1,1,6,6,1,23,5,125,1,4,HONDA CBR,4,E01001645,0,-1
2021010324253,2021,010324253,1,5,0,18,19,8,4,0,0,8,0,0,0,0,1,1,2,2,1,44,7,599,1,4,HONDA CBR,6,E01030600,0,-1
2021061091777,2021,061091777,1,5,0,18,19,6,2,0,0,0,2,0,0,0,1,1,5,6,1,57,9,599,1,22,HONDA CBR,1,E01005086,0,-1
2021501096009,2021,501096009,2,3,0,18,19,1,5,0,0,1,1,0,0,0,1,1,6,6,1,18,4,125,1,6,HONDA CBR,2,E01015023,0,-1
2021430282999,2021,430282999,2,5,0,13,13,8,4,0,0,1,0,0,0,0,1,1,6,6,1,28,6,1000,1,13,HONDA CBR,8,E01002340,0,-1
2021320691231,2021,320691231,1,3,0,16,19,8,6,0,0,0,0,0,7,0,1,1,2,2,1,18,4,125,1,12,HONDA CBR,1,E01026622,0,-1
2021471023689,2021,471023689,1,3,0,13,13,7,3,0,0,1,2,0,0,0,1,1,6,6,1,21,5,124,1,16,HONDA CBR,5,E01021089,0,-1
2021522105003,2021,522105003,1,3,0,18,19,2,6,0,0,8,0,0,0,0,1,1,6,6,1,19,4,125,1,14,HONDA CBR,6,E01014769,0,-1
2021101060504,2021,101060504,1,3,0,4,4,4,2,0,0,0,0,0,0,0,2,1,5,6,1,22,5,125,1,9,HONDA CBR,-1,-1,0,-1
2021010320059,2021,010320059,1,5,0,4,4,7,3,0,0,1,1,11,0,0,1,1,2,2,1,42,7,1137,1,15,HONDA CBR,7,E01024141,0,-1
2021610049621,2021,610049621,1,4,0,18,19,3,7,0,0,8,0,9,3,9,1,1,6,6,1,28,6,125,1,7,HONDA CBR,-1,-1,0,-1
2021010308692,2021,010308692,2,4,0,18,19,7,3,2,2,8,0,0,0,0,1,1,2,2,1,30,6,125,1,6,HONDA CBR,5,E01004307,0,-1
2021501133354,2021,501133354,2,3,0,4,4,6,2,0,0,8,1,0,0,0,1,1,6,6,2,19,4,125,1,13,HONDA CBR,5,E01018817,0,-1
2021201109883,2021,201109883,1,3,0,16,19,4,8,0,0,0,5,0,2,0,1,1,6,6,1,43,7,599,1,24,HONDA CBR,2,E01009840,0,-1
2021440335189,2021,440335189,1,5,0,18,19,3,7,0,0,1,0,0,0,0,1,1,6,6,1,47,8,649,1,4,HONDA CBR,9,E01023111,0,-1
2021430436338,2021,430436338,2,3,0,13,13,5,1,0,0,1,0,0,0,0,1,1,6,6,1,17,4,125,1,17,HONDA CBR,6,E01016615,0,-1
2021991074801,2021,991074801,2,5,0,18,19,8,4,0,0,2,0,0,1,0,3,1,5,6,1,53,8,998,1,15,HONDA CBR,8,-1,0,-1
202163D069221,2021,63D069221,1,5,0,18,19,4,8,0,0,2,1,6,1,1,1,1,6,6,2,59,9,599,1,15,HONDA CBR,10,E01016228,0,-1
2021320558825,2021,320558825,1,5,0,18,19,4,8,0,0,1,5,0,1,0,1,1,6,6,1,30,6,599,1,18,HONDA CBR,3,E01026056,0,-1
2021440095488,2021,440095488,1,3,0,18,19,4,8,0,0,1,1,0,0,0,1,1,6,6,1,19,4,125,1,8,HONDA CBR,3,E01017346,0,-1
2021430431828,2021,430431828,1,3,0,3,3,5,1,0,0,2,0,0,0,0,1,1,6,6,1,29,6,125,1,14,HONDA CBR,9,E01016683,0,-1
2021361039196,2021,361039196,1,3,0,17,19,2,7,0,0,0,1,0,0,0,0,1,5,6,1,17,4,125,1,9,HONDA CBR,4,E01026763,0,-1
2021010304607,2021,010304607,1,5,0,18,19,3,7,0,0,1,1,0,0,0,1,1,1,1,1,27,6,599,1,13,HONDA CBR,7,E01000457,0,-1
2021302100899,2021,302100899,1,5,0,17,19,4,8,0,0,8,1,0,1,0,3,1,6,6,1,32,6,1000,1,4,HONDA CBR,2,E01014236,0,-1
2021010348550,2021,010348550,2,5,0,18,19,1,5,0,0,1,1,0,0,0,1,1,6,6,1,31,6,649,1,6,HONDA CBR,3,E01023145,0,-1
2021430419105,2021,430419105,1,4,0,18,19,1,5,0,0,0,0,0,0,0,1,1,2,2,2,38,7,649,1,1,HONDA CBR,7,E01017721,0,-1
2021122101085,2021,122101085,2,5,0,17,19,2,6,0,0,1,0,0,0,0,1,1,6,6,1,51,8,1000,1,6,HONDA CBR,1,E01011803,0,-1
2021211126734,2021,211126734,1,5,0,18,19,4,7,0,0,0,0,0,0,0,1,1,6,6,1,46,8,929,1,21,HONDA CBR,7,E01029639,0,-1
2021221101048,2021,221101048,2,4,2,18,19,2,6,0,0,8,1,0,0,0,1,1,2,2,1,21,5,471,1,7,HONDA CBR,3,E01009140,0,-1
2021430409003,2021,430409003,1,3,0,18,19,6,2,2,2,1,0,0,0,0,1,1,1,1,1,37,7,125,1,4,HONDA CBR,3,E01017712,0,-1
2021101036201,2021,101036201,1,5,0,18,19,1,5,0,0,0,2,0,7,5,4,1,6,6,1,22,5,599,1,18,HONDA CBR,2,E01008860,0,-1
2021471012962,2021,471012962,1,3,0,18,19,3,7,0,0,1,1,0,0,0,0,1,2,2,1,23,5,125,1,8,HONDA CBR,5,E01016963,0,-1
2021552101303,2021,552101303,2,2,0,18,19,8,4,0,0,8,0,0,0,0,1,1,1,1,1,43,7,649,1,0,HONDA CBR,7,E01015457,0,-1
2021991105286,2021,991105286,1,3,0,4,4,1,5,0,0,1,1,0,0,0,1,1,2,2,1,34,6,125,1,17,HONDA CBR,1,-1,0,-1
2021471087246,2021,471087246,1,4,0,16,19,3,6,0,0,1,0,0,0,0,1,1,6,6,1,22,5,471,1,2,HONDA CBR,2,E01021119,0,-1
2021430423375,2021,430423375,1,5,0,14,14,4,8,0,0,8,0,0,0,0,1,1,2,2,1,44,7,954,1,19,HONDA CBR,6,E01017743,0,-1
2021161113374,2021,161113374,2,3,0,18,19,5,1,0,0,0,2,0,0,0,1,1,6,6,1,32,6,125,1,4,HONDA CBR,1,E01012782,0,-1
2021010308268,2021,010308268,1,5,0,18,19,1,5,0,0,1,0,0,1,0,1,1,2,2,1,38,7,599,1,13,HONDA CBR,5,E01002661,0,-1
2021010309183,2021,010309183,2,3,0,15,15,5,1,2,2,1,0,0,0,0,0,1,6,6,1,56,9,125,1,9,HONDA CBR,-1,-1,0,-1
2021421092395,2021,421092395,2,5,0,18,19,4,8,0,0,8,0,0,1,0,3,1,5,6,1,28,6,998,1,17,HONDA CBR,9,E01021654,0,-1
2021302100736,2021,302100736,1,5,0,17,19,6,8,0,0,0,0,0,1,11,1,1,6,6,1,-1,-1,1000,1,13,HONDA CBR,3,E01008093,0,-1
2021101088961,2021,101088961,2,3,0,16,19,6,2,0,0,3,1,0,0,0,3,1,2,2,1,35,6,125,1,13,HONDA CBR,3,E01008742,0,-1
2021010325379,2021,010325379,1,4,0,18,19,5,1,0,0,0,0,11,0,0,2,1,6,6,2,40,7,399,1,24,HONDA CBR,5,E01030310,0,-1
2021471051907,2021,471051907,2,5,0,18,19,7,3,0,0,1,2,0,1,11,1,1,6,6,1,30,6,599,1,22,HONDA CBR,7,E01031746,0,-1
2021421130918,2021,421130918,2,5,0,16,19,1,4,0,0,0,0,0,0,0,4,1,6,6,1,41,7,599,1,8,HONDA CBR,7,E01021914,0,-1
202131C129121,2021,31C129121,1,5,0,13,13,2,6,0,0,8,0,0,7,0,1,1,6,6,1,38,7,954,1,19,HONDA CBR,5,E01027932,0,-1
2021522103751,2021,522103751,2,4,0,13,13,8,4,0,0,0,0,0,0,0,1,1,6,6,1,28,6,599,1,19,HONDA CBR,8,E01014693,0,-1
2021361101591,2021,361101591,1,3,0,16,19,3,6,0,0,0,0,0,0,0,1,1,5,6,1,17,4,125,1,5,HONDA CBR,5,E01026760,0,-1
2021010318406,2021,010318406,1,5,0,6,6,4,4,0,0,6,1,0,0,0,4,1,6,6,1,44,7,1000,1,12,HONDA CBR,3,E01003127,0,-1
2021440400737,2021,440400737,3,3,0,18,19,8,4,0,0,1,0,0,0,0,1,1,2,2,1,49,8,125,1,4,HONDA CBR,8,E01022792,0,-1
2021221057068,2021,221057068,4,5,0,16,19,8,3,0,0,8,0,0,0,0,1,1,5,6,1,62,9,1000,1,13,HONDA CBR,10,E01032135,0,-1
2021010311829,2021,010311829,1,5,0,18,19,1,5,0,0,0,1,0,0,0,3,1,6,6,1,69,10,599,1,19,HONDA CBR,2,E01015851,0,-1
2021421050202,2021,421050202,1,3,0,13,13,8,4,0,0,1,0,0,0,0,1,1,5,6,1,17,4,125,1,4,HONDA CBR,4,E01021508,0,-1
2021471082037,2021,471082037,1,5,0,18,19,6,2,0,0,4,1,10,3,10,1,1,5,6,1,26,6,599,1,22,HONDA CBR,4,E01031788,0,-1
2021471117441,2021,471117441,2,3,0,13,13,7,3,0,0,1,0,0,0,0,1,1,6,6,1,17,4,125,1,16,HONDA CBR,7,E01031396,0,-1
2021161076710,2021,161076710,1,3,0,18,19,3,7,0,0,1,0,0,0,0,1,1,5,6,1,23,5,125,1,8,HONDA CBR,3,E01013259,0,-1
2021471064323,2021,471064323,1,3,0,18,19,4,1,0,0,0,5,0,1,0,4,1,2,2,1,20,4,125,1,5,HONDA CBR,10,E01021194,0,-1
2021010324615,2021,010324615,1,5,0,17,19,5,1,0,0,1,0,0,0,0,1,1,1,1,1,41,7,471,1,4,HONDA CBR,5,E01003935,0,-1
2021421032504,2021,421032504,2,5,0,18,19,2,7,0,0,3,0,0,0,0,4,1,6,6,1,24,5,649,1,3,HONDA CBR,8,E01021578,0,-1
2021070718705,2021,070718705,1,3,0,16,19,7,6,0,0,0,1,11,6,0,3,1,6,6,1,26,6,998,1,17,HONDA CBR,2,E01012433,0,-1
2021161106800,2021,161106800,2,3,0,18,19,4,8,0,0,8,0,0,0,0,4,1,5,6,1,17,4,125,1,4,HONDA CBR,9,E01012998,0,-1
202131C059221,2021,31C059221,1,5,0,18,19,7,3,0,0,2,1,0,0,0,4,1,6,6,1,30,6,599,1,20,HONDA CBR,1,E01013868,0,-1
202131D064921,2021,31D064921,1,5,0,18,19,1,5,0,0,0,0,0,0,0,4,1,6,6,1,32,6,918,1,23,HONDA CBR,9,E01027936,0,-1
2021421063431,2021,421063431,2,3,0,18,19,6,3,0,0,0,2,0,0,0,0,1,6,6,1,17,4,125,1,15,HONDA CBR,5,E01021664,0,-1
2021501134295,2021,501134295,1,5,0,16,19,1,4,0,0,0,2,0,0,0,1,1,6,6,1,54,8,1000,1,13,HONDA CBR,4,E01019071,0,-1
2021010325668,2021,010325668,1,5,0,99,99,9,9,99,99,9,9,99,9,99,2,1,6,6,1,20,4,649,1,1,HONDA CBR,3,E01002706,0,-1
2021440454602,2021,440454602,1,5,0,16,19,3,7,0,0,8,0,0,0,0,1,1,6,6,1,22,5,599,1,16,HONDA CBR,4,E01023192,0,-1
2021031093122,2021,031093122,1,2,0,17,19,6,2,0,0,0,1,0,1,0,1,1,5,6,1,17,4,125,1,6,HONDA CBR,9,E01019176,0,-1
2021010307684,2021,010307684,2,3,0,15,15,1,5,0,0,1,0,0,0,0,1,1,6,6,1,39,7,125,1,12,HONDA CBR,2,E01003506,0,-1
2021010314432,2021,010314432,1,4,5,18,19,7,3,0,0,2,0,0,0,0,3,1,2,2,1,33,6,599,1,10,HONDA CBR,2,E01001388,0,-1
2021440423392,2021,440423392,1,5,0,18,19,6,2,0,0,0,0,0,0,0,1,1,2,2,1,53,8,999,1,8,HONDA CBR,8,E01022468,0,-1
2021122101328,2021,122101328,1,5,0,16,19,6,2,0,0,0,0,12,0,0,4,1,6,6,1,46,8,998,1,17,HONDA CBR,3,E01010986,0,-1
2021991106574,2021,991106574,1,5,0,16,19,6,2,0,0,0,0,0,0,0,1,1,5,6,1,56,9,998,1,16,HONDA CBR,3,-1,0,-1
2021161124851,2021,161124851,1,3,0,4,4,7,3,0,0,0,1,0,0,0,0,1,5,6,1,22,5,125,1,5,HONDA CBR,1,E01012854,0,-1
202131D026921,2021,31D026921,1,3,0,16,19,7,2,0,0,8,0,0,7,10,1,1,6,6,1,17,4,125,1,7,HONDA CBR,7,E01028107,0,-1
2021411117803,2021,411117803,1,4,0,12,12,5,1,0,0,0,0,0,0,0,1,1,1,1,1,-1,-1,471,1,3,HONDA CBR,2,E01023404,0,-1
2021471085986,2021,471085986,1,5,0,18,19,7,4,0,0,0,5,0,0,0,1,1,1,1,2,28,6,599,1,20,HONDA CBR,9,E01021123,0,-1
2021131049820,2021,131049820,1,3,0,16,19,5,1,0,0,1,1,0,0,0,1,1,6,6,3,-1,-1,125,1,13,HONDA CBR,-1,-1,0,-1
2021501051145,2021,501051145,1,4,0,18,19,7,3,0,0,8,0,0,0,0,1,1,6,6,1,22,5,471,1,2,HONDA CBR,7,E01020109,0,-1
20211382M0675,2021,1382M0675,1,5,0,18,19,5,1,0,0,0,1,0,0,0,4,1,6,6,1,48,8,1000,1,5,HONDA CBR,9,E01023254,0,-1
2021070406658,2021,070406658,2,5,0,4,4,2,6,0,0,0,0,0,1,0,2,1,6,6,1,40,7,1000,1,13,HONDA CBR,3,E01029553,0,-1
2021991061031,2021,991061031,1,5,0,16,19,2,6,0,0,1,1,0,7,10,1,1,5,6,1,51,8,1137,1,25,HONDA CBR,7,-1,0,-1
2021451091091,2021,451091091,1,3,0,18,19,5,1,0,0,0,1,0,1,0,1,1,1,1,1,22,5,125,1,5,HONDA CBR,1,E01031454,0,-1
2021010301971,2021,010301971,1,3,0,4,4,3,7,0,0,0,0,0,0,0,1,1,6,6,1,30,6,125,1,9,HONDA CBR,8,E01002657,0,-1
2021991067214,2021,991067214,1,5,0,18,19,5,1,0,0,0,2,0,7,0,1,1,5,6,1,46,8,1137,1,24,HONDA CBR,1,E01004797,0,-1
2021440310094,2021,440310094,1,5,0,18,19,2,6,0,0,0,0,10,1,0,1,1,6,6,1,24,5,599,1,20,HONDA CBR,9,E01023270,0,-1
2021440131568,2021,440131568,1,5,0,16,19,3,7,0,0,0,0,0,0,0,1,1,2,2,1,29,6,649,1,2,HONDA CBR,10,E01022720,0,-1
2021361025630,2021,361025630,1,3,0,5,5,1,5,0,0,0,0,4,0,0,3,1,5,6,1,15,3,125,1,9,HONDA CBR,4,E01026474,0,-1
2021501073813,2021,501073813,1,5,0,14,14,1,5,0,0,0,0,0,0,0,1,1,2,2,1,20,4,471,1,5,HONDA CBR,3,E01015148,0,-1
2021991124954,2021,991124954,1,3,0,9,9,4,8,0,0,0,0,0,1,10,1,1,6,6,1,23,5,125,1,12,HONDA CBR,7,-1,0,-1
2021440195329,2021,440195329,1,5,0,4,4,6,2,0,0,0,1,0,0,0,0,1,2,2,1,60,9,1137,1,18,HONDA CBR,8,E01017302,0,-1
2021010310316,2021,010310316,1,5,0,4,4,5,1,0,0,8,2,0,0,0,1,1,6,6,1,30,6,998,1,14,HONDA CBR,-1,-1,0,-1
2021440344428,2021,440344428,2,4,0,18,19,6,2,0,0,8,0,0,0,0,1,1,1,1,1,23,5,471,1,8,HONDA CBR,7,E01017046,0,-1
2021421081713,2021,421081713,2,5,0,16,19,4,2,0,0,0,0,0,0,0,2,1,5,6,1,30,6,649,1,3,HONDA CBR,3,E01003788,0,-1
202163DF00921,2021,63DF00921,2,5,0,17,19,4,2,0,0,0,0,0,0,0,0,1,6,6,1,34,6,599,1,10,HONDA CBR,1,W01001279,0,-1
2021131067794,2021,131067794,2,3,0,18,19,8,4,0,0,0,0,0,0,0,2,1,5,6,2,39,7,125,1,16,HONDA CBR,-1,-1,0,-1
2021991025209,2021,991025209,2,5,0,18,19,2,6,0,0,8,0,0,0,0,1,1,6,6,1,25,5,998,1,4,HONDA CBR,8,-1,0,-1
2021161104188,2021,161104188,1,5,0,13,13,5,1,0,0,0,0,0,0,0,1,1,5,6,1,29,6,599,1,8,HONDA CBR,1,E01013219,0,-1
2021421064754,2021,421064754,1,3,0,6,6,1,5,0,0,8,0,0,0,0,4,1,6,6,1,23,5,125,1,17,HONDA CBR,6,E01022096,0,-1
2021010311776,2021,010311776,1,4,0,18,19,5,1,0,0,0,2,0,0,0,0,1,6,6,1,24,5,471,1,2,HONDA CBR,-1,-1,0,-1
2021361061348,2021,361061348,2,5,0,18,19,7,3,0,0,8,0,0,0,0,3,1,5,6,1,31,6,599,1,23,HONDA CBR,2,E01026829,0,-1
2021010315835,2021,010315835,1,5,0,18,19,1,5,0,0,1,1,10,1,11,1,1,6,6,1,25,5,998,1,2,HONDA CBR,8,E01000717,0,-1
2021161124740,2021,161124740,1,3,0,16,19,6,8,0,0,4,1,0,0,0,0,1,6,6,1,17,4,125,1,4,HONDA CBR,3,E01013045,0,-1
2021440448459,2021,440448459,1,4,0,18,19,7,3,0,0,0,0,0,0,0,1,1,6,6,1,21,5,471,1,5,HONDA CBR,1,E01017038,0,-1
202163BF01321,2021,63BF01321,3,5,0,16,19,6,3,0,0,0,0,0,0,0,0,1,6,6,1,26,6,599,1,12,HONDA CBR,7,E01028988,0,-1
2021010295430,2021,010295430,2,2,0,3,3,5,1,0,0,1,0,0,0,0,2,1,6,6,1,26,6,649,1,4,HONDA CBR,9,E01002983,0,-1
20211381P0676,2021,1381P0676,2,3,0,18,19,6,2,0,0,1,0,0,0,0,1,1,6,6,1,18,4,125,1,5,HONDA CBR,8,E01011091,0,-1
2021010306330,2021,010306330,2,5,0,17,19,7,3,0,0,8,0,0,0,0,1,1,2,2,1,30,6,999,1,11,HONDA CBR,5,E01004644,0,-1
2021440352784,2021,440352784,2,4,0,5,5,1,7,0,0,6,0,0,0,0,1,1,2,2,1,67,10,471,1,2,HONDA CBR,9,E01022971,0,-1
2021320339120,2021,320339120,1,3,0,15,15,3,7,0,0,0,2,0,0,0,4,1,6,6,1,20,4,125,1,4,HONDA CBR,5,E01026414,0,-1
2021552100976,2021,552100976,1,5,0,18,19,6,2,0,0,8,0,0,0,0,1,1,6,6,1,56,9,649,1,1,HONDA CBR,10,E01015315,0,-1
2021351080763,2021,351080763,1,4,0,18,19,5,1,0,0,1,1,0,7,9,1,1,6,6,1,22,5,649,1,1,HONDA CBR,9,E01033190,0,-1
2021461090432,2021,461090432,1,5,0,14,14,4,8,0,0,1,1,0,0,0,1,1,2,2,1,32,6,1137,1,24,HONDA CBR,4,E01024142,0,-1
2021461103888,2021,461103888,1,4,0,18,19,7,3,0,0,0,0,0,0,0,1,1,2,2,1,18,4,125,1,9,HONDA CBR,9,E01016147,0,-1
2021430410395,2021,430410395,1,5,0,13,13,2,6,0,0,0,0,0,7,4,1,1,6,6,1,61,9,918,1,23,HONDA CBR,7,E01017680,0,-1
2021421101061,2021,421101061,1,5,0,18,19,3,7,0,0,8,1,0,0,0,4,1,2,2,1,23,5,471,1,1,HONDA CBR,10,E01015911,0,-1
2021991090622,2021,991090622,1,3,0,18,19,3,6,0,0,0,1,0,0,0,1,1,5,6,1,22,5,125,1,9,HONDA CBR,6,-1,0,-1
2021010294672,2021,010294672,2,3,0,18,19,5,1,0,0,8,5,4,0,0,1,1,6,6,1,17,4,125,1,5,HONDA CBR,10,E01000757,0,-1
2021122100465,2021,122100465,1,5,0,5,5,2,6,0,0,1,0,0,0,0,0,1,6,6,1,58,9,1000,1,12,HONDA CBR,1,E01011059,0,-1
2021461117129,2021,461117129,1,3,0,18,19,5,1,0,0,1,2,0,0,0,3,1,6,6,1,22,5,125,1,5,HONDA CBR,2,E01023973,0,-1
2021122101046,2021,122101046,2,5,0,15,15,1,5,0,0,1,0,0,7,10,1,1,6,6,1,40,7,999,1,1,HONDA CBR,6,E01032807,0,-1
2021010328126,2021,010328126,2,5,0,18,19,7,3,0,0,8,0,0,0,0,1,1,6,6,1,42,7,599,1,15,HONDA CBR,8,E01030592,0,-1
2021131060501,2021,131060501,1,5,0,18,19,4,8,0,0,1,0,0,0,0,4,1,2,2,1,44,7,599,1,14,HONDA CBR,1,E01011671,0,-1
2021351068997,2021,351068997,1,5,0,17,19,2,6,0,0,0,2,0,1,11,1,1,5,6,1,31,6,998,1,15,HONDA CBR,-1,-1,0,-1
2021991074231,2021,991074231,2,3,0,18,19,4,8,0,0,8,0,0,0,0,1,1,2,2,1,23,5,125,1,7,HONDA CBR,1,-1,0,-1
2021010331972,2021,010331972,1,5,0,16,19,5,1,0,0,1,0,0,0,0,1,1,6,6,1,66,10,599,1,8,HONDA CBR,8,E01029162,0,-1
2021461060682,2021,461060682,2,5,0,18,19,3,7,0,0,0,0,0,0,0,1,1,6,6,1,38,7,599,1,13,HONDA CBR,8,E01000671,0,-1
2021440291912,2021,440291912,1,3,0,18,19,3,7,0,0,2,0,10,1,1,4,1,2,2,1,35,6,125,1,6,HONDA CBR,4,E01017199,0,-1
2021010308042,2021,010308042,2,5,0,18,19,7,3,0,0,1,0,0,0,0,1,1,2,2,1,34,6,599,1,9,HONDA CBR,8,E01021436,0,-1
2021201116426,2021,201116426,1,4,0,18,19,8,4,0,0,0,1,0,0,0,1,1,6,6,1,26,6,125,1,6,HONDA CBR,4,E01009576,0,-1
2021991100987,2021,991100987,2,5,0,5,5,7,3,0,0,0,0,0,0,0,3,1,6,6,1,33,6,649,1,3,HONDA CBR,4,-1,0,-1
2021501125946,2021,501125946,2,5,0,18,19,6,2,0,0,0,2,0,4,0,1,1,5,6,1,21,5,599,1,17,HONDA CBR,6,E01019938,0,-1
2021471084021,2021,471084021,2,5,0,9,9,3,7,0,0,0,1,0,7,0,3,1,5,6,1,20,4,649,1,0,HONDA CBR,8,E01021201,0,-1
2021991120308,2021,991120308,1,9,0,18,19,4,8,0,0,0,0,11,0,0,1,1,6,6,2,28,6,998,8,0,-1,7,-1,0,-1
2021991040082,2021,991040082,1,19,0,7,7,1,3,0,0,0,0,0,0,0,3,1,1,1,1,35,6,2497,2,9,-1,1,-1,0,-1
2021010306857,2021,010306857,1,19,9,99,99,9,9,99,99,9,9,99,9,99,9,9,6,6,1,65,9,2497,2,10,-1,9,E01001521,0,-1
2021361072574,2021,361072574,1,19,0,5,5,1,3,0,0,0,0,0,0,0,1,1,6,6,1,70,10,2497,2,7,-1,6,E01026505,0,-1
2021010352501,2021,010352501,2,19,0,18,19,5,1,0,0,1,1,0,0,0,1,1,6,6,1,41,7,2497,2,2,-1,-1,-1,0,-1
2021161112841,2021,161112841,2,17,0,17,19,5,3,0,0,8,0,0,0,0,1,1,1,1,1,20,4,6596,2,3,-1,9,E01007601,0,-1
2021411052189,2021,411052189,1,17,4,18,19,4,8,0,0,1,1,0,0,0,1,1,1,1,1,17,4,6596,2,4,-1,5,E01017615,0,-1
2021101045583,2021,101045583,3,17,4,18,19,5,1,0,0,0,4,0,1,0,3,1,1,1,1,55,8,6596,2,3,-1,5,E01027373,0,-1
2021320565613,2021,320565613,1,17,0,18,19,7,3,0,0,0,0,0,0,0,0,1,6,6,3,40,7,6596,2,1,-1,-1,-1,0,-1
2021546022721,2021,546022721,1,17,4,18,19,4,8,0,0,0,1,0,0,0,1,1,6,6,1,30,6,6596,2,1,-1,9,E01031888,0,-1
2021401063758,2021,401063758,1,17,2,18,19,3,7,0,0,0,0,0,0,0,0,1,1,1,1,-1,-1,6596,2,2,-1,10,E01017462,0,-1
2021411127498,2021,411127498,1,17,4,16,19,4,8,0,0,1,0,0,0,0,1,1,1,1,1,23,5,6596,2,0,-1,7,E01017548,0,-1
2021320211948,2021,320211948,2,5,0,18,19,7,3,0,0,2,0,0,0,0,1,1,6,6,1,52,8,1043,1,1,-1,8,E01028367,0,-1
2021061079670,2021,061079670,2,5,0,18,19,1,5,0,0,0,0,0,0,0,0,1,1,1,1,66,10,1043,1,7,-1,6,E01006317,0,-1
2021221084808,2021,221084808,2,5,0,13,13,4,8,0,0,0,0,0,0,0,4,1,5,6,1,59,9,1043,1,2,-1,5,E01032428,0,-1
2021440009706,2021,440009706,2,3,0,18,19,8,4,0,0,0,0,0,0,0,0,1,2,2,1,28,6,125,1,7,-1,3,E01017123,0,-1