collision_index,collision_year,collision_ref_no,vehicle_reference,vehicle_type,towing_and_articulation,vehicle_manoeuvre_historic,vehicle_manoeuvre,vehicle_direction_from,vehicle_direction_to,vehicle_location_restricted_lane_historic,vehicle_location_restricted_lane,junction_location,skidding_and_overturning,hit_object_in_carriageway,vehicle_leaving_carriageway,hit_object_off_carriageway,first_point_of_impact,vehicle_left_hand_drive,journey_purpose_of_driver_historic,journey_purpose_of_driver,sex_of_driver,age_of_driver,age_band_of_driver,engine_capacity_cc,propulsion_code,age_of_vehicle,generic_make_model,driver_imd_decile,lsoa_of_driver,escooter_flag,driver_distance_banding
2021501050012,2021,501050012,3,9,0,18,19,6,2,0,0,0,0,0,1,0,1,1,6,6,2,62,9,2993,2,4,LAND ROVER RANGE ROVER,6,E01020056,0,-1
2021401056739,2021,401056739,1,9,0,4,4,1,5,0,0,0,0,0,0,0,1,1,1,1,1,45,7,2993,2,3,LAND ROVER RANGE ROVER,8,E01000969,0,-1
2021010323958,2021,010323958,1,9,0,18,19,1,5,0,0,2,0,0,0,0,1,1,6,6,1,37,7,4999,1,11,LAND ROVER RANGE ROVER,5,E01000639,0,-1
2021421080230,2021,421080230,1,9,0,9,9,3,4,0,0,0,0,0,0,0,1,1,5,6,1,26,6,4367,2,6,LAND ROVER RANGE ROVER,6,E01021430,0,-1
2021461128941,2021,461128941,4,9,0,2,2,0,0,0,0,0,0,0,0,0,2,1,6,6,3,-1,-1,2993,2,2,LAND ROVER RANGE ROVER,-1,-1,0,-1
2021201087798,2021,201087798,2,9,0,3,3,3,7,0,0,0,0,0,0,0,3,1,6,6,1,56,9,4367,2,9,LAND ROVER RANGE ROVER,4,E01009139,0,-1
2021302101061,2021,302101061,2,9,0,9,9,4,2,0,0,1,0,0,0,0,3,1,6,6,3,-1,-1,3628,2,14,LAND ROVER RANGE ROVER,5,E01019456,0,-1
2021552100801,2021,552100801,2,9,0,18,19,3,7,0,0,0,0,0,0,0,2,1,6,6,1,54,8,2993,2,5,LAND ROVER RANGE ROVER,10,E01003869,0,-1
2021010308922,2021,010308922,3,9,5,18,19,1,5,0,0,1,0,0,0,0,1,1,6,6,1,67,10,3628,2,11,LAND ROVER RANGE ROVER,6,E01013609,0,-1
2021010341635,2021,010341635,1,9,0,9,9,5,3,0,0,2,0,0,0,0,1,1,6,6,2,47,8,4999,1,4,LAND ROVER RANGE ROVER,7,E01002821,0,-1
2021211078663,2021,211078663,2,9,0,18,19,7,3,0,0,0,0,0,0,0,1,1,6,6,1,74,10,2926,2,17,LAND ROVER RANGE ROVER,8,E01029819,0,-1
2021101100021,2021,101100021,1,9,0,9,9,1,6,0,0,8,0,0,0,0,1,1,5,6,2,79,11,2993,2,4,LAND ROVER RANGE ROVER,-1,-1,0,-1
2021451115146,2021,451115146,1,9,0,11,11,6,2,0,0,0,0,0,0,0,1,1,5,6,2,55,8,4999,1,2,LAND ROVER RANGE ROVER,8,E01016327,0,-1
2021421107847,2021,421107847,2,9,0,18,19,1,5,0,0,0,0,0,0,0,4,1,5,6,2,30,6,4367,2,9,LAND ROVER RANGE ROVER,8,E01021604,0,-1
2021302101408,2021,302101408,2,9,0,2,2,0,0,9,9,1,0,0,0,0,1,1,6,6,1,35,6,4367,2,6,LAND ROVER RANGE ROVER,10,E01019712,0,-1
2021552100935,2021,552100935,1,9,0,5,5,4,8,0,0,4,0,0,0,0,1,1,2,2,2,50,8,4367,2,10,LAND ROVER RANGE ROVER,9,E01022719,0,-1
2021991121964,2021,991121964,2,9,0,18,19,1,5,0,0,3,0,0,0,0,4,1,6,6,1,66,10,2993,2,4,LAND ROVER RANGE ROVER,6,-1,0,-1
2021401044088,2021,401044088,2,9,0,9,9,5,1,0,0,0,0,0,0,0,2,1,5,6,2,20,4,4367,2,10,LAND ROVER RANGE ROVER,9,E01027353,0,-1
2021440166920,2021,440166920,3,9,0,2,2,0,0,0,0,0,0,0,0,0,2,1,6,6,1,53,8,4999,1,0,LAND ROVER RANGE ROVER,8,E01030784,0,-1
2021471070756,2021,471070756,2,9,0,18,19,6,2,0,0,8,0,0,0,0,1,1,5,6,2,42,7,4367,2,5,LAND ROVER RANGE ROVER,9,E01021115,0,-1
2021010319025,2021,010319025,2,9,0,18,19,7,3,0,0,8,0,0,0,0,1,1,6,6,1,37,7,4197,1,13,LAND ROVER RANGE ROVER,2,E01003768,0,-1
2021471104845,2021,471104845,1,9,0,18,19,6,2,0,0,0,1,4,3,4,1,1,5,6,1,25,5,4367,2,9,LAND ROVER RANGE ROVER,9,E01030571,0,-1
2021101070457,2021,101070457,1,9,0,7,7,2,5,0,0,8,0,0,0,0,3,1,6,6,1,37,7,2993,2,7,LAND ROVER RANGE ROVER,5,E01008830,0,-1
2021501094467,2021,501094467,1,9,0,18,19,3,7,0,0,8,5,0,0,0,3,1,5,6,1,77,11,4398,1,18,LAND ROVER RANGE ROVER,3,E01018788,0,-1
2021052101624,2021,052101624,1,9,0,13,13,1,5,0,0,1,5,10,1,4,1,1,6,6,1,28,6,2993,2,11,LAND ROVER RANGE ROVER,2,E01006899,0,-1
2021520102410,2021,520102410,2,9,0,18,19,7,3,0,0,8,0,0,0,0,1,1,6,6,1,61,9,3628,2,13,LAND ROVER RANGE ROVER,6,E01029121,0,-1
2021061024969,2021,061024969,1,9,0,18,19,5,5,0,0,1,0,0,0,0,1,1,6,6,1,46,8,3628,2,11,LAND ROVER RANGE ROVER,2,E01005563,0,-1
2021010329119,2021,010329119,2,9,0,4,4,5,1,9,9,0,0,4,0,0,3,1,6,6,1,60,9,2926,2,16,LAND ROVER RANGE ROVER,8,E01000659,0,-1
2021461083347,2021,461083347,1,9,0,18,19,1,5,0,0,0,0,0,0,0,0,1,6,6,1,51,8,4367,2,5,LAND ROVER RANGE ROVER,4,E01024587,0,-1
2021451081236,2021,451081236,2,9,0,18,19,8,4,0,0,0,0,0,0,0,1,1,6,6,1,30,6,2993,2,5,LAND ROVER RANGE ROVER,5,E01030743,0,-1
2021131117265,2021,131117265,2,9,0,18,19,7,3,0,0,8,0,11,0,0,1,1,5,6,1,82,11,3950,1,20,LAND ROVER RANGE ROVER,7,E01011247,0,-1
2021351030677,2021,351030677,1,9,0,5,5,5,2,0,0,0,0,0,0,0,3,1,6,6,1,48,8,4999,1,8,LAND ROVER RANGE ROVER,3,E01018081,0,-1
2021471089108,2021,471089108,1,9,0,18,19,6,2,0,0,2,0,0,0,0,0,1,5,6,1,60,9,2993,2,1,LAND ROVER RANGE ROVER,9,E01019599,0,-1
2021430424090,2021,430424090,1,9,0,18,19,3,7,0,0,8,0,0,0,0,2,1,6,6,2,51,8,2926,2,17,LAND ROVER RANGE ROVER,6,E01017733,0,-1
2021430303093,2021,430303093,2,9,0,18,19,7,3,0,0,1,0,0,0,0,1,1,6,6,2,-1,-1,2720,2,12,LAND ROVER RANGE ROVER,5,E01016554,0,-1
2021061072406,2021,061072406,3,9,0,14,14,6,8,0,0,0,0,0,0,0,3,1,5,6,1,34,6,2993,2,7,LAND ROVER RANGE ROVER,4,E01005500,0,-1
2021361045326,2021,361045326,1,9,0,18,19,6,8,0,0,1,0,0,0,0,1,1,5,6,1,37,7,2993,2,4,LAND ROVER RANGE ROVER,8,E01026714,0,-1
2021201069031,2021,201069031,2,9,0,18,19,8,4,0,0,8,0,0,0,0,1,1,6,6,1,59,9,2926,2,17,LAND ROVER RANGE ROVER,7,E01010394,0,-1
2021231053432,2021,231053432,2,9,0,13,13,7,3,0,0,0,0,0,0,0,4,1,5,6,1,30,6,4367,2,6,LAND ROVER RANGE ROVER,6,E01009473,0,-1
2021991091609,2021,991091609,2,9,0,18,19,7,3,0,0,0,0,0,0,0,2,1,5,6,1,57,9,3628,2,12,LAND ROVER RANGE ROVER,9,-1,0,-1
2021552100885,2021,552100885,1,9,0,17,19,2,6,0,0,0,1,4,7,9,1,1,6,6,1,70,10,3628,2,12,LAND ROVER RANGE ROVER,5,E01020535,0,-1
2021471111030,2021,471111030,2,9,0,5,5,7,3,0,0,6,0,0,0,0,1,1,6,6,1,69,10,4367,2,6,LAND ROVER RANGE ROVER,8,E01030528,0,-1
2021461125413,2021,461125413,1,9,0,18,19,1,5,0,0,0,0,0,0,0,1,1,6,6,3,-1,-1,3628,2,14,LAND ROVER RANGE ROVER,-1,-1,0,-1
2021061062171,2021,061062171,2,9,0,3,3,1,7,0,0,0,0,0,0,0,3,1,6,6,1,56,9,2993,2,5,LAND ROVER RANGE ROVER,6,E01004883,0,-1
2021010340576,2021,010340576,2,9,0,9,9,7,4,0,0,1,0,0,0,0,0,1,6,6,1,55,8,4367,2,3,LAND ROVER RANGE ROVER,1,E01001876,0,-1
2021461080754,2021,461080754,2,9,0,18,19,7,3,0,0,1,0,0,0,0,1,1,6,6,2,43,7,2993,2,1,LAND ROVER RANGE ROVER,9,E01024438,0,-1
2021141120120,2021,141120120,1,9,0,17,19,5,1,0,0,0,1,0,1,0,1,1,6,6,1,35,6,4367,2,3,LAND ROVER RANGE ROVER,10,E01007920,0,-1
2021451022304,2021,451022304,1,9,0,18,19,8,8,0,0,1,0,0,0,0,1,1,5,6,1,76,11,3628,2,12,LAND ROVER RANGE ROVER,9,E01031504,0,-1
2021010315610,2021,010315610,2,9,0,5,5,8,4,0,0,1,0,4,0,0,1,1,6,6,1,32,6,4367,2,6,LAND ROVER RANGE ROVER,7,E01002367,0,-1
202163D013821,2021,63D013821,2,9,0,13,13,8,4,0,0,8,1,0,0,0,1,1,6,6,1,80,11,4367,2,8,LAND ROVER RANGE ROVER,8,W01001897,0,-1
2021141017438,2021,141017438,1,9,0,12,12,5,1,0,0,0,0,0,0,0,3,1,1,1,1,57,9,2993,2,2,LAND ROVER RANGE ROVER,7,E01010908,0,-1
2021351105489,2021,351105489,1,9,0,18,19,3,8,0,0,3,0,9,3,11,1,1,5,6,1,42,7,2993,2,4,LAND ROVER RANGE ROVER,1,E01015661,0,-1
2021471099154,2021,471099154,2,9,0,18,19,2,6,0,0,0,0,0,0,0,1,1,5,6,2,69,10,4999,1,4,LAND ROVER RANGE ROVER,9,E01021203,0,-1
2021010317564,2021,010317564,1,9,0,2,2,0,0,0,0,0,0,0,0,0,9,9,6,6,2,32,6,2993,2,5,LAND ROVER RANGE ROVER,-1,-1,0,-1
2021451071313,2021,451071313,3,9,0,3,3,7,3,0,0,4,0,0,0,0,1,1,5,6,2,32,6,4367,2,4,LAND ROVER RANGE ROVER,9,E01016575,0,-1
2021010316587,2021,010316587,2,9,0,18,19,6,2,0,0,0,0,0,0,0,1,1,1,1,1,40,7,4367,2,1,LAND ROVER RANGE ROVER,9,E01002376,0,-1
2021430407692,2021,430407692,1,9,0,9,9,2,8,0,0,6,0,0,0,0,3,1,1,1,1,45,7,3628,2,11,LAND ROVER RANGE ROVER,8,E01030708,0,-1
2021010346550,2021,010346550,1,9,0,2,2,0,0,6,6,0,0,0,0,0,0,1,6,6,3,-1,-1,2993,2,1,LAND ROVER RANGE ROVER,-1,-1,0,-1
2021501070522,2021,501070522,1,9,0,1,1,3,7,0,0,0,0,0,0,0,2,1,5,6,2,38,7,4367,2,3,LAND ROVER RANGE ROVER,5,E01018902,0,-1
2021201074940,2021,201074940,1,9,0,18,19,3,7,0,0,1,0,0,0,0,1,1,6,6,2,44,7,1997,8,2,LAND ROVER RANGE ROVER,9,E01009671,0,-1
2021061094810,2021,061094810,1,9,0,9,9,3,8,0,0,8,0,0,0,0,1,1,6,6,1,35,6,3628,2,12,LAND ROVER RANGE ROVER,-1,-1,0,-1
2021010319105,2021,010319105,2,9,0,99,99,9,9,0,0,8,0,0,0,0,9,9,6,6,3,-1,-1,1997,8,0,LAND ROVER RANGE ROVER,10,E01003464,0,-1
2021461046944,2021,461046944,1,9,0,18,19,1,5,0,0,0,0,0,0,0,1,1,6,6,1,-1,-1,4367,2,3,LAND ROVER RANGE ROVER,7,E01032829,0,-1
2021371142667,2021,371142667,2,9,0,18,19,6,3,0,0,1,0,0,0,0,3,1,5,6,1,48,8,2993,12,6,LAND ROVER RANGE ROVER,3,E01029918,0,-1
2021302100225,2021,302100225,2,9,0,2,2,0,0,0,0,0,0,0,0,0,2,1,6,6,2,54,8,3628,2,13,LAND ROVER RANGE ROVER,3,E01007540,0,-1
2021010339494,2021,010339494,2,9,0,99,99,9,9,99,99,9,9,99,9,99,1,9,6,6,3,-1,-1,2997,2,0,LAND ROVER RANGE ROVER,-1,-1,0,-1
2021122200077,2021,122200077,1,9,0,3,3,7,3,9,9,2,0,0,1,0,4,1,6,6,1,65,9,2993,2,5,LAND ROVER RANGE ROVER,7,E01027653,0,-1
2021010338265,2021,010338265,1,9,0,99,99,9,9,99,99,9,9,99,9,99,9,9,6,6,1,33,6,2993,2,6,LAND ROVER RANGE ROVER,4,E01002486,0,-1
2021421026214,2021,421026214,2,9,0,18,19,7,3,0,0,2,0,0,0,0,4,1,5,6,1,76,11,4367,2,4,LAND ROVER RANGE ROVER,10,E01021941,0,-1
2021010320641,2021,010320641,1,9,0,99,99,9,9,99,99,9,9,99,9,99,2,9,6,6,1,32,6,4367,2,5,LAND ROVER RANGE ROVER,5,E01002446,0,-1
2021411068058,2021,411068058,1,9,0,18,19,1,4,0,0,3,2,0,0,0,1,1,5,6,1,57,9,4367,2,3,LAND ROVER RANGE ROVER,9,E01023507,0,-1
2021371128490,2021,371128490,2,9,0,7,7,6,3,0,0,0,0,0,0,0,2,1,5,6,1,52,8,4367,2,3,LAND ROVER RANGE ROVER,8,E01029921,0,-1
2021161082470,2021,161082470,1,9,0,18,19,5,1,0,0,0,5,0,8,11,3,1,5,6,1,63,9,3628,2,14,LAND ROVER RANGE ROVER,7,E01013290,0,-1
2021010302063,2021,010302063,1,9,0,18,19,3,7,0,0,0,0,0,0,0,1,1,6,6,1,-1,-1,2926,2,18,LAND ROVER RANGE ROVER,-1,-1,0,-1
2021010299320,2021,010299320,2,9,9,18,19,1,5,99,99,9,9,99,9,99,9,1,6,6,1,-1,-1,4367,2,1,LAND ROVER RANGE ROVER,3,E01003520,0,-1
2021010322372,2021,010322372,1,9,0,5,5,7,3,0,0,0,0,0,0,0,1,1,6,6,2,32,6,2993,2,4,LAND ROVER RANGE ROVER,7,E01021476,0,-1
2021161076450,2021,161076450,2,9,0,9,9,7,3,0,0,2,0,0,0,0,1,1,6,6,1,57,9,2926,2,15,LAND ROVER RANGE ROVER,6,E01012882,0,-1
2021010300517,2021,010300517,1,9,0,18,19,7,3,0,0,0,0,0,0,0,1,1,6,6,1,34,6,2993,2,6,LAND ROVER RANGE ROVER,-1,-1,0,-1
2021010339545,2021,010339545,1,9,0,99,99,9,9,99,99,0,9,99,9,99,9,9,6,6,3,-1,-1,4367,2,5,LAND ROVER RANGE ROVER,4,E01001194,0,-1
2021010329156,2021,010329156,1,9,0,3,3,1,5,0,0,0,0,0,0,0,0,1,2,2,2,29,6,3628,2,14,LAND ROVER RANGE ROVER,3,E01002649,0,-1
2021411105048,2021,411105048,1,9,0,10,10,8,4,0,0,1,0,0,0,0,2,1,6,6,2,42,7,4999,1,4,LAND ROVER RANGE ROVER,10,E01023813,0,-1
2021991083731,2021,991083731,1,9,0,18,19,7,3,0,0,0,0,0,0,0,1,1,6,6,1,35,6,2926,2,18,LAND ROVER RANGE ROVER,5,-1,0,-1
202131C033121,2021,31C033121,1,9,0,18,19,8,4,0,0,0,0,0,0,0,1,1,1,1,1,39,7,2926,2,15,LAND ROVER RANGE ROVER,1,E01013885,0,-1
202163C073721,2021,63C073721,1,9,0,1,1,6,2,0,0,8,0,0,0,0,2,1,6,6,1,48,8,2926,2,16,LAND ROVER RANGE ROVER,-1,-1,0,-1
2021371114529,2021,371114529,2,9,0,18,19,3,1,0,0,0,0,0,0,0,4,1,5,6,1,38,7,4367,2,9,LAND ROVER RANGE ROVER,4,E01029978,0,-1
2021501104451,2021,501104451,2,9,0,2,2,0,0,0,0,0,0,0,0,0,0,1,6,6,1,78,11,2498,2,21,LAND ROVER RANGE ROVER,5,E01020325,0,-1
202134WNC1681,2021,34WNC1681,1,9,0,4,4,4,8,0,0,1,0,0,0,0,1,1,6,6,2,-1,-1,2926,2,17,LAND ROVER RANGE ROVER,8,E01026993,0,-1
2021010317590,2021,010317590,1,9,0,99,99,9,9,99,99,9,9,99,9,99,9,9,6,6,2,41,7,2993,2,1,LAND ROVER RANGE ROVER,5,E01000632,0,-1
2021411056337,2021,411056337,1,9,0,13,13,2,6,0,0,0,0,0,0,0,2,1,5,6,1,50,8,2993,2,2,LAND ROVER RANGE ROVER,6,E01023941,0,-1
2021010329821,2021,010329821,2,9,0,16,19,7,3,0,0,8,0,0,0,0,1,1,6,6,1,34,6,2993,2,6,LAND ROVER RANGE ROVER,5,E01002671,0,-1
2021531021037,2021,531021037,2,9,0,18,19,2,6,0,0,0,0,0,0,0,1,1,6,6,3,-1,-1,2926,2,18,LAND ROVER RANGE ROVER,-1,-1,0,-1
2021061055097,2021,061055097,1,9,0,18,19,4,8,0,0,2,0,0,0,0,1,1,6,6,1,54,8,4367,2,9,LAND ROVER RANGE ROVER,6,E01004962,0,-1
2021010305081,2021,010305081,2,9,9,99,99,9,9,99,99,9,9,99,9,99,9,9,6,6,1,56,9,3628,2,13,LAND ROVER RANGE ROVER,-1,-1,0,-1
2021501061581,2021,501061581,1,9,5,17,19,6,1,0,0,0,0,10,1,9,1,1,5,6,3,-1,-1,4197,7,14,LAND ROVER RANGE ROVER,-1,-1,0,-1
2021052101849,2021,052101849,2,9,0,18,19,7,3,0,0,1,0,0,0,0,1,1,6,6,2,47,8,4367,2,9,LAND ROVER RANGE ROVER,8,E01017750,0,-1
2021471037899,2021,471037899,1,9,0,1,1,8,3,0,0,2,0,0,0,0,2,1,3,7,2,32,6,1997,8,2,LAND ROVER RANGE ROVER,6,E01021125,0,-1
2021131083313,2021,131083313,1,9,0,18,19,4,8,0,0,0,1,0,7,11,1,1,6,6,3,-1,-1,4398,1,17,LAND ROVER RANGE ROVER,-1,-1,0,-1
2021201109321,2021,201109321,1,9,0,18,19,8,4,0,0,1,0,0,0,0,1,1,6,6,1,-1,-1,2993,2,6,LAND ROVER RANGE ROVER,3,E01009392,0,-1
2021471063983,2021,471063983,1,9,0,9,9,1,8,0,0,8,0,0,0,0,1,1,5,6,1,55,8,4367,2,6,LAND ROVER RANGE ROVER,5,E01031544,0,-1
2021311092166,2021,311092166,1,9,0,18,19,3,7,0,0,0,1,11,0,0,1,1,5,6,1,68,10,2993,2,7,LAND ROVER RANGE ROVER,6,E01028006,0,-1
2021211058152,2021,211058152,1,9,0,5,5,3,7,0,0,1,0,0,0,0,3,1,6,6,1,57,9,2926,2,17,LAND ROVER RANGE ROVER,6,E01029446,0,-1
2021231085321,2021,231085321,2,9,0,9,9,2,8,0,0,5,1,0,0,0,2,1,5,6,1,73,10,4398,1,17,LAND ROVER RANGE ROVER,7,E01031297,0,-1
2021010346285,2021,010346285,2,9,0,4,4,7,3,0,0,1,0,0,0,0,0,1,6,6,1,57,9,1997,8,3,LAND ROVER RANGE ROVER,4,E01000559,0,-1
2021101046977,2021,101046977,2,9,0,18,19,5,1,0,0,0,0,0,0,0,0,1,3,7,2,33,6,2997,2,0,LAND ROVER RANGE ROVER,-1,-1,0,-1
2021010313893,2021,010313893,2,9,0,5,5,7,3,0,0,8,0,0,0,0,1,1,6,6,1,41,7,2993,2,5,LAND ROVER RANGE ROVER,3,E01000718,0,-1
2021052101108,2021,052101108,1,9,0,18,19,6,2,0,0,0,0,4,0,0,1,1,6,6,1,30,6,2720,2,13,LAND ROVER RANGE ROVER,8,E01007170,0,-1
2021010338374,2021,010338374,2,9,0,99,99,9,9,99,99,9,9,99,9,99,1,9,6,6,3,-1,-1,2926,2,17,LAND ROVER RANGE ROVER,-1,-1,0,-1
2021411105495,2021,411105495,2,9,0,18,19,5,1,0,0,0,0,0,-1,0,3,1,6,6,1,31,6,2993,2,2,LAND ROVER RANGE ROVER,3,E01004752,0,-1
2021520200062,2021,520200062,1,9,0,18,19,2,6,0,0,8,0,0,0,0,3,1,6,6,1,60,9,3628,2,13,LAND ROVER RANGE ROVER,3,E01029112,0,-1
2021010328444,2021,010328444,1,9,0,99,99,9,9,99,99,9,9,99,9,99,1,9,1,1,1,52,8,4367,2,4,LAND ROVER RANGE ROVER,9,E01030679,0,-1
2021010305971,2021,010305971,1,9,0,18,19,5,1,0,0,1,0,0,0,0,1,1,1,1,1,48,8,4999,1,1,LAND ROVER RANGE ROVER,-1,-1,0,-1
2021451052356,2021,451052356,2,9,0,3,3,2,6,0,0,0,0,0,0,0,2,1,5,6,2,70,10,2993,2,5,LAND ROVER RANGE ROVER,8,E01022178,0,-1
2021430183803,2021,430183803,2,9,3,12,12,2,6,0,0,4,0,0,0,0,4,1,6,6,1,-1,-1,4367,2,9,LAND ROVER RANGE ROVER,-1,-1,0,-1
2021221088065,2021,221088065,2,9,0,18,19,7,3,0,0,4,0,0,0,0,1,1,5,6,1,87,11,4367,2,4,LAND ROVER RANGE ROVER,7,E01014112,0,-1
2021061134518,2021,061134518,1,9,0,18,19,5,1,0,0,1,0,0,0,0,1,1,5,6,1,51,8,3628,2,14,LAND ROVER RANGE ROVER,-1,-1,0,-1
2021461126698,2021,461126698,1,9,0,9,9,1,7,0,0,8,0,0,0,0,1,1,1,1,1,71,10,2926,2,15,LAND ROVER RANGE ROVER,8,E01024448,0,-1
2021361135756,2021,361135756,2,9,0,9,9,3,1,0,0,8,0,0,0,0,2,1,5,6,1,55,8,2720,2,12,LAND ROVER RANGE ROVER,9,E01026448,0,-1
2021061125740,2021,061125740,1,9,0,18,19,5,1,0,0,2,0,0,0,0,1,1,6,6,3,30,6,2926,2,17,LAND ROVER RANGE ROVER,-1,-1,0,-1
2021141055726,2021,141055726,1,9,0,18,19,5,1,0,0,0,0,0,2,4,1,1,5,6,2,35,6,2997,2,0,LAND ROVER RANGE ROVER,7,E01019770,0,-1
2021010315874,2021,010315874,2,9,0,18,19,7,3,0,0,0,1,4,0,0,4,1,6,6,2,57,9,4367,2,9,LAND ROVER RANGE ROVER,10,E01030303,0,-1
2021201134545,2021,201134545,1,9,0,9,9,6,4,0,0,5,0,0,0,0,3,1,6,6,2,60,9,2993,2,8,LAND ROVER RANGE ROVER,8,E01009463,0,-1
2021471015175,2021,471015175,1,9,0,7,7,3,5,0,0,4,0,0,0,0,1,1,2,2,1,59,9,2926,2,16,LAND ROVER RANGE ROVER,6,E01031464,0,-1
2021461065723,2021,461065723,2,9,0,18,19,1,5,0,0,0,0,4,0,0,4,1,6,6,1,30,6,4398,1,19,LAND ROVER RANGE ROVER,8,E01024209,0,-1
2021320144040,2021,320144040,1,9,0,18,19,2,6,0,0,0,0,0,0,0,1,1,6,6,1,34,6,4367,2,10,LAND ROVER RANGE ROVER,8,E01026237,0,-1
2021461118107,2021,461118107,2,9,0,18,19,4,8,0,0,1,1,0,0,0,1,1,6,6,1,48,8,2720,2,13,LAND ROVER RANGE ROVER,3,E01000385,0,-1
2021552101217,2021,552101217,1,9,0,18,19,8,4,0,0,0,0,0,0,0,1,1,6,6,1,66,10,3628,2,15,LAND ROVER RANGE ROVER,7,E01029018,0,-1
2021141109840,2021,141109840,2,9,0,18,19,1,5,0,0,7,0,0,0,0,1,1,2,2,1,40,7,2720,2,12,LAND ROVER RANGE ROVER,2,E01007495,0,-1
2021622200091,2021,622200091,1,9,0,18,19,6,2,0,0,1,0,0,0,0,1,1,6,6,3,-1,-1,4367,2,3,LAND ROVER RANGE ROVER,-1,-1,0,-1
2021430277441,2021,430277441,1,9,0,18,19,8,4,0,0,0,0,0,0,0,4,1,6,6,1,37,7,4398,7,19,LAND ROVER RANGE ROVER,8,E01017931,0,-1
2021010337185,2021,010337185,1,9,0,18,19,7,3,0,0,1,0,0,0,0,1,1,6,6,2,35,6,2993,2,8,LAND ROVER RANGE ROVER,4,E01004652,0,-1
2021221030294,2021,221030294,1,9,0,9,9,8,6,0,0,5,0,0,0,0,3,1,5,6,2,75,10,3628,2,12,LAND ROVER RANGE ROVER,6,E01032383,0,-1
2021461026410,2021,461026410,1,9,0,18,19,1,5,0,0,0,0,0,1,9,1,1,6,6,2,45,7,4197,1,14,LAND ROVER RANGE ROVER,6,E01024420,0,-1
2021440466667,2021,440466667,2,9,0,2,2,0,0,0,0,1,0,0,0,0,1,1,6,6,3,-1,-1,4398,7,17,LAND ROVER RANGE ROVER,-1,-1,0,-1
2021451062255,2021,451062255,4,9,0,18,19,3,1,0,0,1,0,0,0,0,1,1,6,6,3,37,7,4367,2,7,LAND ROVER RANGE ROVER,10,E01017632,0,-1
2021471022629,2021,471022629,2,9,0,18,19,5,1,0,0,0,0,0,0,0,1,1,6,6,1,61,9,1997,8,3,LAND ROVER RANGE ROVER,10,E01016984,0,-1
2021991065928,2021,991065928,1,9,0,18,19,3,7,0,0,1,0,0,0,0,1,1,5,6,1,53,8,4367,2,10,LAND ROVER RANGE ROVER,6,-1,0,-1
2021010300118,2021,010300118,3,9,0,4,4,5,1,0,0,0,0,0,0,0,2,1,6,6,1,55,8,2993,2,3,LAND ROVER RANGE ROVER,10,E01000830,0,-1
2021461053247,2021,461053247,3,9,0,3,3,1,5,0,0,0,0,0,0,0,2,1,6,6,2,40,7,2993,2,3,LAND ROVER RANGE ROVER,6,E01024245,0,-1
2021070719811,2021,070719811,1,9,0,9,9,2,4,0,0,6,0,0,0,0,1,1,6,6,1,86,11,2993,2,2,LAND ROVER RANGE ROVER,9,E01018368,0,-1
2021471026754,2021,471026754,1,9,0,18,19,5,1,0,0,0,0,0,0,0,1,1,6,6,1,-1,-1,4367,2,5,LAND ROVER RANGE ROVER,7,E01021025,0,-1
2021430418294,2021,430418294,2,9,0,3,3,8,4,0,0,0,0,0,0,0,2,1,6,6,1,-1,-1,2993,2,6,LAND ROVER RANGE ROVER,7,E01028679,0,-1
2021131072071,2021,131072071,1,9,0,9,9,6,3,0,0,1,0,0,0,0,0,1,6,6,1,32,6,2993,2,2,LAND ROVER RANGE ROVER,5,E01011933,0,-1
2021221062168,2021,221062168,4,9,0,4,4,4,8,0,0,0,0,0,0,0,2,1,5,6,1,60,9,2926,2,19,LAND ROVER RANGE ROVER,3,E01020010,0,-1
2021101040678,2021,101040678,2,9,0,18,19,5,1,0,0,0,0,0,0,0,1,1,5,6,1,25,5,2993,2,4,LAND ROVER RANGE ROVER,-1,-1,0,-1
2021101107143,2021,101107143,1,9,0,18,19,2,7,0,0,1,0,0,0,0,4,1,6,6,1,30,6,2926,2,18,LAND ROVER RANGE ROVER,-1,-1,0,-1
2021131035977,2021,131035977,1,9,0,4,4,2,6,0,0,1,0,0,0,0,1,1,6,6,3,30,6,2993,2,6,LAND ROVER RANGE ROVER,-1,-1,0,-1
2021552101189,2021,552101189,1,9,0,18,19,6,2,0,0,0,0,0,1,4,1,1,6,6,1,26,6,2926,2,18,LAND ROVER RANGE ROVER,10,E01032018,0,-1
2021041045868,2021,041045868,3,9,0,4,4,3,7,0,0,0,0,0,0,0,2,1,1,1,2,26,6,4367,2,6,LAND ROVER RANGE ROVER,5,E01025459,0,-1