collision_index,collision_year,collision_ref_no,vehicle_reference,vehicle_type,towing_and_articulation,vehicle_manoeuvre_historic,vehicle_manoeuvre,vehicle_direction_from,vehicle_direction_to,vehicle_location_restricted_lane_historic,vehicle_location_restricted_lane,junction_location,skidding_and_overturning,hit_object_in_carriageway,vehicle_leaving_carriageway,hit_object_off_carriageway,first_point_of_impact,vehicle_left_hand_drive,journey_purpose_of_driver_historic,journey_purpose_of_driver,sex_of_driver,age_of_driver,age_band_of_driver,engine_capacity_cc,propulsion_code,age_of_vehicle,generic_make_model,driver_imd_decile,lsoa_of_driver,escooter_flag,driver_distance_banding
2021141018046,2021,141018046,2,9,0,18,19,1,5,0,0,0,0,0,0,0,1,1,2,2,1,52,8,3628,2,14,LAND ROVER RANGE ROVER,1,E01007453,0,-1
2021461016684,2021,461016684,1,9,0,4,4,7,3,0,0,0,0,4,1,2,3,1,5,6,1,71,10,4367,2,10,LAND ROVER RANGE ROVER,5,E01024638,0,-1
2021211130710,2021,211130710,1,9,-1,-1,-1,4,8,-1,-1,-1,-1,0,-1,0,-1,1,5,6,1,61,9,3628,2,14,LAND ROVER RANGE ROVER,5,E01018437,0,-1
2021010292520,2021,010292520,1,9,0,99,99,9,9,99,99,9,9,99,9,99,1,9,6,6,1,66,10,3628,2,11,LAND ROVER RANGE ROVER,6,E01031509,0,-1
2021010320125,2021,010320125,1,9,0,18,19,5,1,0,0,0,0,0,0,0,1,1,6,6,1,29,6,2993,2,6,LAND ROVER RANGE ROVER,-1,-1,0,-1
2021201029197,2021,201029197,1,9,0,18,19,1,5,0,0,0,1,10,6,10,2,1,6,6,1,47,8,4367,2,8,LAND ROVER RANGE ROVER,2,E01009741,0,-1
2021031116839,2021,031116839,1,9,0,18,19,5,5,0,0,0,1,1,0,0,3,1,2,2,1,25,5,3950,1,28,LAND ROVER RANGE ROVER,3,E01019289,0,-1
2021451012299,2021,451012299,5,9,0,4,4,7,3,0,0,0,0,0,0,0,1,1,5,6,1,54,8,1997,8,2,LAND ROVER RANGE ROVER,3,E01003938,0,-1
2021041067373,2021,041067373,2,9,0,17,19,7,7,0,0,1,0,0,0,0,1,1,5,6,1,40,7,2993,2,1,LAND ROVER RANGE ROVER,9,E01025277,0,-1
2021041116439,2021,041116439,1,9,0,18,19,1,5,0,0,0,0,0,0,0,2,1,2,2,1,62,9,2997,2,0,LAND ROVER RANGE ROVER,6,E01025351,0,-1
2021421053227,2021,421053227,1,9,-1,18,19,1,5,0,0,2,0,0,0,0,4,1,6,6,2,45,7,2993,2,1,LAND ROVER RANGE ROVER,5,E01021762,0,-1
2021501096546,2021,501096546,2,9,0,4,4,7,3,0,0,1,0,0,0,0,3,1,5,6,2,57,9,3628,2,15,LAND ROVER RANGE ROVER,2,E01005542,0,-1
2021451077861,2021,451077861,2,9,0,13,13,5,1,0,0,0,0,0,0,0,1,1,5,6,1,71,10,4999,1,12,LAND ROVER RANGE ROVER,9,E01031674,0,-1
2021461055395,2021,461055395,1,9,0,18,19,1,5,0,0,0,0,0,0,0,1,1,6,6,2,61,9,3628,2,14,LAND ROVER RANGE ROVER,8,E01024209,0,-1
2021421109097,2021,421109097,2,9,0,3,3,1,3,0,0,1,0,0,0,0,2,1,6,6,2,37,7,4367,2,6,LAND ROVER RANGE ROVER,10,E01021239,0,-1
2021471099149,2021,471099149,4,9,0,18,19,7,3,0,0,2,0,0,0,0,3,1,2,2,1,55,8,3628,2,11,LAND ROVER RANGE ROVER,6,E01017009,0,-1
2021411039221,2021,411039221,2,9,0,3,3,5,1,0,0,0,0,0,0,0,2,1,5,6,1,52,8,4999,1,11,LAND ROVER RANGE ROVER,8,E01023486,0,-1
2021010310292,2021,010310292,2,9,0,4,4,5,1,0,0,0,0,0,0,0,2,1,6,6,1,42,7,4999,1,11,LAND ROVER RANGE ROVER,2,E01000600,0,-1
2021461081472,2021,461081472,2,9,0,3,3,8,3,0,0,0,0,0,0,0,2,1,6,6,2,41,7,4367,2,3,LAND ROVER RANGE ROVER,9,E01024074,0,-1
2021451120122,2021,451120122,3,9,0,18,19,5,1,0,0,0,0,0,0,0,3,2,5,6,1,26,6,4554,1,22,LAND ROVER RANGE ROVER,5,E01031595,0,-1
2021010308373,2021,010308373,2,9,0,4,4,5,1,0,0,0,0,0,0,0,2,1,6,6,1,29,6,2993,2,5,LAND ROVER RANGE ROVER,3,E01033464,0,-1
2021010304675,2021,010304675,2,9,0,99,99,9,9,99,99,9,9,99,9,99,9,9,6,6,3,-1,-1,3628,2,13,LAND ROVER RANGE ROVER,-1,-1,0,-1
2021471062287,2021,471062287,1,9,0,17,19,5,2,0,0,0,0,0,1,4,1,1,5,6,1,65,9,3628,2,12,LAND ROVER RANGE ROVER,7,E01021142,0,-1
2021061126404,2021,061126404,1,9,0,10,10,7,5,0,0,8,0,11,0,0,4,1,5,6,1,63,9,2993,2,6,LAND ROVER RANGE ROVER,8,E01012628,0,-1
2021471054965,2021,471054965,1,9,0,18,19,8,4,0,0,8,0,0,7,3,1,1,5,6,1,30,6,3628,2,12,LAND ROVER RANGE ROVER,10,W01000325,0,-1
2021612100836,2021,612100836,1,9,0,18,19,6,2,0,0,1,0,0,1,11,1,1,6,6,1,40,7,4367,2,5,LAND ROVER RANGE ROVER,2,W01000659,0,-1
2021622100056,2021,622100056,2,9,0,7,7,4,6,7,6,6,0,0,0,0,2,1,6,6,1,56,9,4367,2,6,LAND ROVER RANGE ROVER,10,W01001090,0,-1
2021320627962,2021,320627962,1,9,0,9,9,4,3,0,0,6,0,0,0,0,0,1,6,6,2,-1,-1,4398,1,18,LAND ROVER RANGE ROVER,-1,-1,0,-1
2021451113238,2021,451113238,1,9,4,18,19,4,8,0,0,0,0,0,1,7,2,1,5,6,1,55,8,4554,1,23,LAND ROVER RANGE ROVER,9,E01024300,0,-1
2021010316522,2021,010316522,1,9,0,9,9,7,5,0,0,6,0,11,0,0,3,1,1,1,1,40,7,2993,2,4,LAND ROVER RANGE ROVER,3,E01003976,0,-1
2021543181021,2021,543181021,1,9,0,1,1,5,1,0,0,0,0,0,0,0,2,1,6,6,1,61,9,2993,2,4,LAND ROVER RANGE ROVER,1,E01015507,0,-1
2021061134540,2021,061134540,1,9,-1,-1,-1,-1,-1,-1,-1,0,-1,-1,-1,0,-1,1,6,6,3,-1,-1,2993,2,3,LAND ROVER RANGE ROVER,-1,-1,0,-1
2021010295892,2021,010295892,1,9,0,4,4,1,5,0,0,0,0,0,0,0,2,1,6,6,1,42,7,2993,2,3,LAND ROVER RANGE ROVER,9,E01000698,0,-1
2021440027882,2021,440027882,1,9,0,18,19,4,8,0,0,0,0,0,1,10,4,1,6,6,1,36,7,2993,2,8,LAND ROVER RANGE ROVER,8,E01023089,0,-1
2021471047666,2021,471047666,2,9,0,18,19,5,1,0,0,0,0,0,0,0,2,1,5,6,1,31,6,2993,2,5,LAND ROVER RANGE ROVER,1,E01016864,0,-1
2021010319768,2021,010319768,2,9,0,5,5,3,7,0,0,1,0,0,0,0,1,1,6,6,1,52,8,4554,1,24,LAND ROVER RANGE ROVER,-1,-1,0,-1
2021361065305,2021,361065305,1,9,0,5,5,8,3,0,0,8,0,0,0,0,1,1,6,6,2,32,6,4197,1,16,LAND ROVER RANGE ROVER,7,E01026462,0,-1
2021401180795,2021,401180795,2,9,0,18,19,6,2,0,0,0,0,0,0,0,1,1,5,6,1,52,8,4367,2,9,LAND ROVER RANGE ROVER,5,E01017615,0,-1
2021041043437,2021,041043437,1,9,0,18,19,3,7,0,0,0,0,0,0,0,1,1,5,6,1,33,6,4398,1,19,LAND ROVER RANGE ROVER,3,E01025138,0,-1
2021991040293,2021,991040293,2,9,0,18,19,7,3,0,0,1,0,0,1,11,1,1,5,6,1,77,11,2926,2,17,LAND ROVER RANGE ROVER,5,-1,0,-1
2021451022611,2021,451022611,1,9,0,5,5,0,0,5,5,0,0,0,0,0,0,1,5,6,1,85,11,2497,2,25,LAND ROVER RANGE ROVER,8,E01030877,0,-1
2021010313973,2021,010313973,1,9,0,9,9,1,7,0,0,6,0,0,0,0,3,1,1,1,1,53,8,2179,2,13,LAND ROVER RANGE ROVER,6,E01001070,0,-1
2021010342235,2021,010342235,2,9,0,18,19,3,7,0,0,8,0,0,0,0,4,1,6,6,1,26,6,4367,2,4,LAND ROVER RANGE ROVER,4,E01003684,0,-1
2021122101519,2021,122101519,2,9,0,17,19,4,1,0,0,0,0,0,0,0,1,1,6,6,2,46,8,2996,1,0,LAND ROVER RANGE ROVER,10,E01011709,0,-1
202131A141521,2021,31A141521,2,9,0,2,2,0,0,0,0,0,0,0,7,0,2,1,6,6,2,38,7,2926,2,16,LAND ROVER RANGE ROVER,3,E01028258,0,-1
2021461087757,2021,461087757,2,9,0,2,2,4,8,0,0,0,0,0,0,0,3,1,6,6,1,71,10,4367,2,9,LAND ROVER RANGE ROVER,4,E01024486,0,-1
2021010336401,2021,010336401,2,9,0,9,9,1,6,0,0,6,0,0,0,0,4,1,6,6,1,31,6,2993,2,5,LAND ROVER RANGE ROVER,7,E01002343,0,-1
2021122101392,2021,122101392,1,9,0,18,19,1,4,0,0,0,0,0,0,0,1,1,6,6,2,72,10,4367,2,1,LAND ROVER RANGE ROVER,7,E01027724,0,-1
202131C005521,2021,31C005521,1,9,0,18,19,2,6,0,0,1,0,0,0,0,3,1,6,6,2,59,9,3628,2,14,LAND ROVER RANGE ROVER,10,E01023416,0,-1
2021361055531,2021,361055531,2,9,0,18,19,2,6,0,0,0,1,0,1,9,3,1,2,2,1,62,9,4999,1,3,LAND ROVER RANGE ROVER,6,E01026524,0,-1
2021471113832,2021,471113832,1,9,0,18,19,1,6,0,0,8,0,0,0,0,1,1,2,2,2,49,8,3628,2,11,LAND ROVER RANGE ROVER,8,E01031397,0,-1
2021161036193,2021,161036193,1,9,0,17,19,6,4,0,0,8,0,0,0,0,1,1,5,6,1,38,7,4398,7,18,LAND ROVER RANGE ROVER,5,E01013306,0,-1
2021320012782,2021,320012782,2,9,0,2,2,0,0,0,0,0,0,0,1,0,2,1,6,6,1,66,10,2926,2,17,LAND ROVER RANGE ROVER,2,E01026328,0,-1
2021622100706,2021,622100706,1,9,0,1,1,7,3,0,0,1,0,0,0,0,2,1,1,1,1,33,6,2993,2,6,LAND ROVER RANGE ROVER,10,W01000823,0,-1
2021031077301,2021,031077301,2,9,0,13,13,1,5,0,0,0,5,0,7,9,2,1,6,6,2,55,8,3628,2,14,LAND ROVER RANGE ROVER,8,E01019307,0,-1
2021991036011,2021,991036011,1,9,0,10,10,8,6,0,0,1,0,0,0,0,2,1,6,6,1,27,6,4367,2,7,LAND ROVER RANGE ROVER,8,-1,0,-1
2021201114553,2021,201114553,3,9,0,10,10,8,6,0,0,8,0,0,0,0,3,1,6,6,1,56,9,3950,1,21,LAND ROVER RANGE ROVER,1,E01009354,0,-1
2021211054974,2021,211054974,1,9,0,18,19,3,7,0,0,8,0,0,0,0,0,1,6,6,2,65,9,4367,2,8,LAND ROVER RANGE ROVER,6,E01029667,0,-1
2021421077513,2021,421077513,1,9,0,14,14,5,1,0,0,1,0,0,7,0,4,1,5,6,1,22,5,4367,2,6,LAND ROVER RANGE ROVER,3,E01003656,0,-1
2021010302607,2021,010302607,2,9,0,18,19,5,1,0,0,2,0,0,0,0,1,1,1,1,1,53,8,3950,1,20,LAND ROVER RANGE ROVER,7,E01030420,0,-1
2021041202077,2021,041202077,1,9,0,18,19,1,5,0,0,1,0,0,0,0,1,1,6,6,3,-1,-1,3628,2,13,LAND ROVER RANGE ROVER,-1,-1,0,-1
2021430542521,2021,430542521,2,9,0,18,19,6,2,0,0,0,0,0,0,0,0,1,6,6,2,45,7,4367,2,11,LAND ROVER RANGE ROVER,9,E01016345,0,-1
2021010287355,2021,010287355,1,9,0,18,19,5,1,0,0,6,1,0,7,0,1,1,6,6,1,34,6,2993,2,2,LAND ROVER RANGE ROVER,3,E01004562,0,-1
2021361135756,2021,361135756,1,9,0,18,19,3,7,0,0,8,0,0,0,0,1,1,5,6,1,76,11,2926,2,16,LAND ROVER RANGE ROVER,8,E01033538,0,-1
2021070841865,2021,070841865,2,9,0,18,19,8,4,0,0,8,1,0,0,0,1,1,6,6,1,25,5,2926,2,18,LAND ROVER RANGE ROVER,2,E01007263,0,-1
2021545800621,2021,545800621,4,9,0,18,19,5,1,0,0,0,0,0,0,0,3,1,1,1,1,64,9,3628,2,12,LAND ROVER RANGE ROVER,5,E01032103,0,-1
2021991042363,2021,991042363,1,9,0,9,9,7,5,0,0,8,0,0,0,0,3,1,6,6,2,54,8,2993,2,8,LAND ROVER RANGE ROVER,10,-1,0,-1
2021461102816,2021,461102816,2,9,0,4,4,7,3,0,0,1,0,0,0,0,2,1,5,6,2,54,8,3628,2,12,LAND ROVER RANGE ROVER,10,E01024854,0,-1
2021311093195,2021,311093195,1,9,0,18,19,5,1,0,0,0,1,7,0,0,3,1,5,6,1,40,7,2993,2,3,LAND ROVER RANGE ROVER,5,E01007609,0,-1
2021221117102,2021,221117102,2,9,0,18,19,8,4,0,0,8,0,0,0,0,1,1,5,6,1,73,10,4367,2,6,LAND ROVER RANGE ROVER,5,E01028843,0,-1
2021320424122,2021,320424122,1,9,0,18,19,4,2,0,0,0,0,0,7,11,1,1,6,6,1,33,6,4367,2,7,LAND ROVER RANGE ROVER,1,E01026069,0,-1
2021010318178,2021,010318178,1,9,0,18,19,3,7,0,0,1,0,0,0,0,4,1,6,6,2,49,8,1997,8,2,LAND ROVER RANGE ROVER,5,E01004689,0,-1
2021411055508,2021,411055508,1,9,0,5,5,1,5,0,0,8,0,0,0,0,1,1,6,6,1,77,11,2926,2,16,LAND ROVER RANGE ROVER,10,E01023313,0,-1
2021451133201,2021,451133201,1,9,0,17,19,5,1,0,0,8,0,0,1,0,1,1,5,6,1,77,11,2993,2,5,LAND ROVER RANGE ROVER,6,E01030546,0,-1
2021545113221,2021,545113221,2,9,0,18,19,5,1,0,0,8,1,0,0,0,1,1,6,6,2,57,9,4367,2,2,LAND ROVER RANGE ROVER,10,E01022220,0,-1
2021061109126,2021,061109126,1,9,0,18,19,1,5,0,0,1,0,0,0,0,1,1,5,6,1,42,7,2993,2,11,LAND ROVER RANGE ROVER,3,E01006217,0,-1
2021170M30831,2021,170M30831,1,9,0,7,7,4,6,0,0,8,0,0,0,0,1,1,6,6,1,65,9,4367,2,3,LAND ROVER RANGE ROVER,10,E01012071,0,-1
2021320591419,2021,320591419,2,9,0,17,19,4,8,0,0,0,0,0,1,0,1,1,6,6,1,60,9,2993,2,5,LAND ROVER RANGE ROVER,9,-1,0,-1
2021010307609,2021,010307609,1,9,0,18,19,5,1,0,0,1,0,0,0,0,4,1,6,6,1,45,7,2993,2,5,LAND ROVER RANGE ROVER,7,E01002817,0,-1
2021622100511,2021,622100511,2,9,0,9,9,7,4,0,0,8,0,0,0,0,1,1,6,6,1,23,5,3950,1,22,LAND ROVER RANGE ROVER,9,W01001715,0,-1
2021991093599,2021,991093599,2,9,0,17,19,4,8,0,0,0,0,0,1,0,1,1,5,6,1,65,9,3628,2,13,LAND ROVER RANGE ROVER,9,-1,0,-1
2021545852121,2021,545852121,1,9,0,18,19,1,5,0,0,8,0,0,0,0,1,1,2,2,1,53,8,4367,2,9,LAND ROVER RANGE ROVER,10,E01022220,0,-1
2021430412699,2021,430412699,2,9,0,4,4,6,2,0,0,0,0,0,0,0,2,1,6,6,2,60,9,4367,2,10,LAND ROVER RANGE ROVER,7,E01025005,0,-1
2021351087524,2021,351087524,2,9,0,18,19,5,1,0,0,0,0,0,0,0,1,1,6,6,1,44,7,4367,2,8,LAND ROVER RANGE ROVER,2,E01018068,0,-1
2021501071810,2021,501071810,1,9,0,4,4,8,4,0,0,4,0,0,0,0,1,1,1,1,2,42,7,2993,2,4,LAND ROVER RANGE ROVER,6,E01003013,0,-1
2021010314991,2021,010314991,2,9,0,99,99,9,9,99,99,9,9,99,9,99,1,9,6,6,3,-1,-1,4197,1,14,LAND ROVER RANGE ROVER,3,E01003073,0,-1
2021421078413,2021,421078413,2,9,0,10,10,3,7,0,0,2,0,0,0,0,1,1,6,6,1,33,6,2993,2,2,LAND ROVER RANGE ROVER,9,E01021661,0,-1
2021461039574,2021,461039574,2,9,0,5,5,7,3,0,0,4,0,0,0,0,2,1,5,6,1,32,6,2926,2,17,LAND ROVER RANGE ROVER,7,E01024380,0,-1
2021010291608,2021,010291608,2,9,0,99,99,9,9,99,99,9,9,99,9,99,9,9,6,6,3,-1,-1,2993,12,7,LAND ROVER RANGE ROVER,-1,-1,0,-1
2021520200761,2021,520200761,1,9,0,9,9,7,5,0,0,8,0,0,0,0,4,1,6,6,1,87,11,2993,2,11,LAND ROVER RANGE ROVER,9,E01029209,0,-1
2021522102840,2021,522102840,1,9,0,9,9,5,3,0,0,5,0,0,0,0,3,1,6,6,2,32,6,2993,2,1,LAND ROVER RANGE ROVER,1,E01014605,0,-1
2021440498527,2021,440498527,1,9,4,16,19,5,1,0,0,0,0,0,0,0,0,1,6,6,1,52,8,2926,2,16,LAND ROVER RANGE ROVER,8,E01022713,0,-1
2021010311939,2021,010311939,1,9,0,18,19,3,7,0,0,0,1,4,0,0,1,1,6,6,1,28,6,2993,2,2,LAND ROVER RANGE ROVER,5,E01002689,0,-1
2021010293285,2021,010293285,2,9,0,99,99,9,9,99,99,9,9,99,9,99,1,9,6,6,3,31,6,3947,1,31,LAND ROVER RANGE ROVER,1,E01004732,0,-1
2021520103378,2021,520103378,1,9,0,5,5,8,4,0,0,6,0,0,0,0,4,1,6,6,2,33,6,4367,2,6,LAND ROVER RANGE ROVER,7,E01029060,0,-1
2021221047293,2021,221047293,2,9,0,5,5,5,1,0,0,0,0,0,0,0,3,1,6,6,1,49,8,3628,2,13,LAND ROVER RANGE ROVER,4,E01029004,0,-1
2021161025070,2021,161025070,2,9,0,4,4,7,3,0,0,0,0,0,0,0,2,1,5,6,1,71,10,4367,2,10,LAND ROVER RANGE ROVER,7,E01013294,0,-1
2021010315801,2021,010315801,2,9,0,99,99,9,9,99,99,9,9,99,9,99,1,9,6,6,3,-1,-1,4999,1,9,LAND ROVER RANGE ROVER,-1,-1,0,-1
2021061054882,2021,061054882,1,9,0,1,1,5,8,0,0,8,0,0,0,0,4,1,6,6,1,47,8,2993,2,11,LAND ROVER RANGE ROVER,1,E01005009,0,-1
2021461060020,2021,461060020,3,9,0,18,19,5,1,0,0,7,5,0,1,0,1,1,5,6,1,61,9,3628,2,11,LAND ROVER RANGE ROVER,5,E01000383,0,-1
2021461070705,2021,461070705,1,9,0,14,14,5,1,0,0,1,0,0,0,0,0,1,6,6,1,40,7,4367,2,7,LAND ROVER RANGE ROVER,9,E01024827,0,-1
2021991124950,2021,991124950,1,9,0,18,19,3,7,0,0,0,1,0,1,9,1,1,6,6,2,57,9,3628,2,13,LAND ROVER RANGE ROVER,9,-1,0,-1
2021451059789,2021,451059789,1,9,0,18,19,5,1,0,0,1,1,7,0,0,1,1,5,6,1,26,6,4554,1,23,LAND ROVER RANGE ROVER,6,E01030618,0,-1
2021161027934,2021,161027934,2,9,0,18,19,4,8,0,0,0,0,0,0,0,3,1,6,6,1,55,8,2993,2,4,LAND ROVER RANGE ROVER,10,E01013114,0,-1
2021991074670,2021,991074670,2,9,0,18,19,4,8,0,0,1,0,0,0,0,1,1,5,6,1,54,8,4367,2,9,LAND ROVER RANGE ROVER,6,E01030064,0,-1
2021041031848,2021,041031848,1,5,0,18,19,6,2,0,0,0,5,0,1,11,1,1,5,6,3,62,9,921,1,4,-1,9,E01025303,0,-1
2021302100846,2021,302100846,1,5,0,18,19,2,6,0,0,0,0,0,0,0,3,1,6,6,1,73,10,798,1,5,-1,5,E01011192,0,-1
2021501088782,2021,501088782,1,5,0,16,19,1,5,0,0,0,2,0,0,0,4,1,6,6,1,73,10,805,1,11,-1,-1,-1,0,-1
2021010336767,2021,010336767,2,9,0,9,9,5,3,0,0,5,0,0,0,0,0,1,6,6,1,59,9,998,1,14,VAUXHALL AGILA,6,E01003416,0,-1
2021401112804,2021,401112804,3,9,0,3,3,4,8,0,0,0,0,0,0,0,2,1,5,6,2,55,8,996,1,11,VAUXHALL AGILA,8,E01017467,0,-1
2021010315725,2021,010315725,1,9,0,99,99,9,9,99,99,9,9,99,9,99,2,9,6,6,1,38,7,996,1,8,VAUXHALL AGILA,2,E01002530,0,-1
202131B052721,2021,31B052721,2,9,0,4,4,6,2,0,0,0,0,0,0,0,2,1,6,6,1,24,5,1242,1,12,VAUXHALL AGILA,9,E01007808,0,-1
2021052102517,2021,052102517,2,9,0,9,9,4,2,0,0,1,0,0,0,0,2,1,3,7,2,45,7,998,1,15,VAUXHALL AGILA,1,E01006609,0,-1
2021010295477,2021,010295477,1,9,0,7,7,3,6,9,9,1,0,0,1,0,4,1,6,6,1,67,10,1242,1,10,VAUXHALL AGILA,7,E01000198,0,-1
2021361021581,2021,361021581,1,9,0,18,19,7,3,0,0,8,0,0,0,0,4,1,5,6,1,78,11,1229,1,16,VAUXHALL AGILA,5,E01026720,0,-1
2021302101899,2021,302101899,1,9,0,18,19,3,7,0,0,1,0,0,0,0,4,1,6,6,1,61,9,973,1,19,VAUXHALL AGILA,3,E01019730,0,-1
2021311061612,2021,311061612,1,9,0,18,19,1,5,0,0,8,0,0,0,0,3,1,5,6,2,56,9,1242,1,12,VAUXHALL AGILA,9,E01028408,0,-1
2021622100933,2021,622100933,2,9,0,4,4,6,2,0,0,0,1,0,1,0,4,1,6,6,2,82,11,1242,1,12,VAUXHALL AGILA,3,W01001286,0,-1
2021622100065,2021,622100065,1,9,0,11,11,6,7,0,0,1,0,0,3,0,1,1,6,6,1,72,10,1242,1,13,VAUXHALL AGILA,9,W01001890,0,-1
2021430398237,2021,430398237,1,9,0,9,9,6,4,0,0,8,0,0,0,0,1,1,6,6,2,89,11,1242,1,12,VAUXHALL AGILA,9,E01028650,0,-1
2021501017427,2021,501017427,1,9,0,18,19,2,6,0,0,0,0,0,0,0,3,1,6,6,2,90,11,1242,1,8,VAUXHALL AGILA,7,E01020043,0,-1
2021052100373,2021,052100373,3,9,0,5,5,1,2,0,0,8,1,10,0,0,3,1,2,2,1,34,6,1242,1,8,VAUXHALL AGILA,2,E01006783,0,-1
2021471057277,2021,471057277,1,9,0,9,9,5,3,0,0,8,0,0,0,0,0,1,5,6,1,77,11,1242,1,8,VAUXHALL AGILA,8,E01021075,0,-1
2021351088265,2021,351088265,1,9,0,18,19,4,8,0,0,0,2,10,8,10,1,1,5,6,1,30,6,1229,1,15,VAUXHALL AGILA,10,E01018263,0,-1
2021622100031,2021,622100031,2,9,0,17,19,6,2,0,0,0,0,0,0,0,1,1,6,6,2,60,9,996,1,7,VAUXHALL AGILA,9,W01000768,0,-1
2021101026384,2021,101026384,1,9,0,5,5,7,3,0,0,3,0,0,0,0,1,1,5,6,2,77,11,1242,1,8,VAUXHALL AGILA,3,E01027396,0,-1
2021101109780,2021,101109780,1,9,0,5,5,1,7,0,0,6,0,0,0,0,1,1,5,6,1,91,11,1242,1,10,VAUXHALL AGILA,7,E01008797,0,-1
2021430480650,2021,430480650,2,9,0,18,19,4,8,0,0,0,0,0,1,0,2,1,6,6,1,76,11,1199,1,19,VAUXHALL AGILA,3,E01028546,0,-1
2021552101015,2021,552101015,2,9,0,17,19,6,4,0,0,0,0,0,1,2,1,1,6,6,2,53,8,1248,2,12,VAUXHALL AGILA,7,E01020513,0,-1
2021522101762,2021,522101762,1,9,0,18,19,7,3,0,0,0,0,0,0,0,1,1,6,6,2,76,11,1229,1,16,VAUXHALL AGILA,8,E01014955,0,-1
2021421055491,2021,421055491,2,9,0,18,19,2,6,8,6,0,0,0,0,0,2,1,2,2,2,23,5,1242,1,12,VAUXHALL AGILA,5,E01015993,0,-1
2021451062414,2021,451062414,1,9,0,4,4,5,1,0,0,0,0,0,0,0,1,1,6,6,1,82,11,1242,1,13,VAUXHALL AGILA,9,E01023274,0,-1
2021010312927,2021,010312927,1,9,0,5,5,5,1,0,0,6,0,0,0,0,3,1,6,6,2,44,7,1242,1,11,VAUXHALL AGILA,3,E01002457,0,-1
2021170H10801,2021,170H10801,1,9,0,9,9,1,7,0,0,8,0,0,0,0,1,1,6,6,2,86,11,1242,1,8,VAUXHALL AGILA,8,E01011960,0,-1
2021361044422,2021,361044422,2,9,0,7,7,4,8,0,0,0,0,0,0,0,1,1,2,2,1,58,9,973,1,18,VAUXHALL AGILA,4,E01026628,0,-1
2021461027554,2021,461027554,3,9,0,18,19,4,8,0,0,0,0,0,0,0,0,1,6,6,2,72,10,1242,1,13,VAUXHALL AGILA,2,E01024214,0,-1
2021070663694,2021,070663694,2,9,0,18,19,2,5,0,0,3,0,0,0,0,3,1,6,6,2,31,6,996,1,8,VAUXHALL AGILA,4,E01029588,0,-1
2021547135421,2021,547135421,2,9,0,18,19,6,2,0,0,0,0,0,0,0,2,1,6,6,1,74,10,998,1,15,VAUXHALL AGILA,4,E01032036,0,-1
2021070769867,2021,070769867,2,9,0,18,19,1,5,0,0,1,0,0,1,0,3,1,6,6,2,80,11,1242,1,12,VAUXHALL AGILA,5,E01018626,0,-1
202163D042421,2021,63D042421,1,9,0,16,19,3,6,0,0,0,0,0,7,10,1,1,6,6,2,82,11,1242,1,9,VAUXHALL AGILA,9,W01000493,0,-1
202154A653921,2021,54A653921,2,9,0,18,19,4,8,0,0,8,0,0,0,0,4,1,6,6,1,39,7,1242,1,9,VAUXHALL AGILA,7,E01026987,0,-1
2021371058982,2021,371058982,2,9,0,18,19,2,6,0,0,1,1,0,0,0,3,1,6,6,1,66,10,998,1,16,VAUXHALL AGILA,5,E01030229,0,-1
2021471114310,2021,471114310,1,9,0,9,9,5,3,0,0,8,0,0,0,0,4,1,5,6,2,81,11,1242,1,11,VAUXHALL AGILA,10,E01031822,0,-1
2021451037830,2021,451037830,2,9,0,2,2,4,8,9,9,0,0,0,0,0,1,1,6,6,2,51,8,1199,1,19,VAUXHALL AGILA,9,E01030660,0,-1
2021041096743,2021,041096743,1,9,0,18,19,3,7,0,0,8,0,0,0,0,4,1,5,6,1,36,7,1242,1,7,VAUXHALL AGILA,5,E01012633,0,-1
2021201096028,2021,201096028,1,9,0,18,19,5,1,0,0,8,0,0,0,0,3,1,1,1,2,41,7,1242,1,10,VAUXHALL AGILA,3,E01009140,0,-1
2021320678946,2021,320678946,1,9,0,18,19,7,3,0,0,8,0,0,0,0,3,1,6,6,2,67,10,996,1,10,VAUXHALL AGILA,6,E01026332,0,-1
2021471059887,2021,471059887,3,9,0,4,4,8,4,0,0,0,0,0,0,0,2,1,5,6,1,39,7,1242,1,11,VAUXHALL AGILA,6,E01031831,0,-1
2021622200006,2021,622200006,2,9,0,9,9,8,4,0,0,0,0,0,0,0,2,1,6,6,2,79,11,1242,1,8,VAUXHALL AGILA,1,W01001203,0,-1
2021141058114,2021,141058114,1,9,0,18,19,3,6,0,0,1,0,0,0,0,1,1,5,6,2,44,7,1242,1,7,VAUXHALL AGILA,4,E01007396,0,-1