collision_index,collision_year,collision_ref_no,vehicle_reference,vehicle_type,towing_and_articulation,vehicle_manoeuvre_historic,vehicle_manoeuvre,vehicle_direction_from,vehicle_direction_to,vehicle_location_restricted_lane_historic,vehicle_location_restricted_lane,junction_location,skidding_and_overturning,hit_object_in_carriageway,vehicle_leaving_carriageway,hit_object_off_carriageway,first_point_of_impact,vehicle_left_hand_drive,journey_purpose_of_driver_historic,journey_purpose_of_driver,sex_of_driver,age_of_driver,age_band_of_driver,engine_capacity_cc,propulsion_code,age_of_vehicle,generic_make_model,driver_imd_decile,lsoa_of_driver,escooter_flag,driver_distance_banding
2021010330427,2021,010330427,2,9,0,13,13,1,5,0,0,0,0,0,0,0,1,1,6,6,3,-1,-1,1199,1,18,VAUXHALL AGILA,-1,-1,0,-1
2021622100304,2021,622100304,3,9,0,2,2,0,0,0,0,0,0,0,0,0,4,1,6,6,3,-1,-1,996,1,7,VAUXHALL AGILA,-1,-1,0,-1
202163D092321,2021,63D092321,1,9,0,18,19,2,6,0,0,0,0,4,0,0,1,1,6,6,2,69,10,1242,1,9,VAUXHALL AGILA,9,W01000481,0,-1
2021371068640,2021,371068640,1,9,0,18,19,5,8,0,0,1,0,0,1,4,1,1,5,6,2,90,11,998,1,15,VAUXHALL AGILA,4,E01029900,0,-1
2021070727941,2021,070727941,1,9,0,4,4,5,1,0,0,0,0,0,0,0,1,1,1,1,1,24,5,1242,1,11,VAUXHALL AGILA,10,E01018518,0,-1
2021320666683,2021,320666683,1,9,0,7,7,5,8,0,0,6,0,4,0,0,1,1,6,6,2,81,11,1242,1,12,VAUXHALL AGILA,4,E01026081,0,-1
2021010340317,2021,010340317,1,9,0,99,99,9,9,99,99,9,9,99,9,99,2,9,6,6,1,34,6,1242,1,12,VAUXHALL AGILA,1,E01000605,0,-1
2021461067469,2021,461067469,2,9,0,18,19,7,3,0,0,0,0,0,0,0,1,1,6,6,2,47,8,1242,1,10,VAUXHALL AGILA,5,E01024205,0,-1
2021070857697,2021,070857697,2,9,0,18,19,6,2,0,0,8,0,0,0,0,1,1,6,6,1,60,9,998,1,17,VAUXHALL AGILA,10,E01007149,0,-1
2021421061708,2021,421061708,2,9,0,16,19,7,2,0,0,8,1,0,0,0,1,1,5,6,2,22,5,1242,1,13,VAUXHALL AGILA,10,E01021609,0,-1
202163C057821,2021,63C057821,1,9,0,18,19,6,2,0,0,0,0,0,1,2,1,1,1,1,2,22,5,1242,1,11,VAUXHALL AGILA,6,W01000574,0,-1
2021622100969,2021,622100969,1,9,0,7,7,6,8,0,0,5,0,0,0,0,1,1,6,6,1,50,8,1242,1,8,VAUXHALL AGILA,9,W01001199,0,-1
2021010301429,2021,010301429,2,9,0,99,99,9,9,99,99,9,9,99,9,99,3,9,6,6,1,42,7,1242,1,13,VAUXHALL AGILA,2,E01000100,0,-1
202106P079548,2021,06P079548,2,9,0,4,4,1,3,0,0,1,0,0,0,0,1,1,2,2,1,58,9,996,1,10,VAUXHALL AGILA,7,E01010918,0,-1
2021991029012,2021,991029012,1,9,0,9,9,8,5,0,0,8,0,0,0,0,4,1,5,6,1,87,11,1242,1,12,VAUXHALL AGILA,8,-1,0,-1
2021548753221,2021,548753221,1,9,0,18,19,1,5,0,0,1,0,0,0,0,1,1,6,6,2,68,10,1242,1,8,VAUXHALL AGILA,7,E01026979,0,-1
2021320284052,2021,320284052,2,9,0,18,19,5,1,0,0,1,0,0,0,0,3,1,6,6,2,47,8,1248,2,12,VAUXHALL AGILA,8,E01015628,0,-1
2021010289206,2021,010289206,2,9,0,99,99,9,9,99,99,1,9,99,9,99,1,9,6,6,3,47,8,1242,1,10,VAUXHALL AGILA,3,E01004034,0,-1
2021161031052,2021,161031052,3,9,0,18,19,5,1,0,0,0,0,0,0,0,1,1,2,2,1,47,8,1242,1,12,VAUXHALL AGILA,3,E01012872,0,-1
2021010329045,2021,010329045,2,9,0,9,9,3,1,0,0,5,0,0,0,0,1,1,6,6,1,36,7,1242,1,8,VAUXHALL AGILA,-1,-1,0,-1
2021440077922,2021,440077922,2,9,0,18,19,5,1,0,0,8,0,0,0,0,1,1,1,1,1,41,7,1229,1,15,VAUXHALL AGILA,6,E01023017,0,-1
2021131081639,2021,131081639,2,9,0,9,9,7,5,0,0,8,0,0,0,0,1,1,6,6,2,21,5,996,1,9,VAUXHALL AGILA,6,E01011490,0,-1
2021302100196,2021,302100196,3,9,0,2,2,0,0,0,0,0,0,0,0,0,2,1,6,6,3,-1,-1,1242,1,13,VAUXHALL AGILA,-1,-1,0,-1
202134WNC3971,2021,34WNC3971,3,9,0,10,10,7,5,0,0,5,0,0,0,0,1,1,2,2,1,56,9,1242,1,12,VAUXHALL AGILA,7,E01027277,0,-1
2021547599221,2021,547599221,1,9,0,18,19,1,5,0,0,0,1,10,7,9,1,1,6,6,2,26,6,1199,1,20,VAUXHALL AGILA,5,E01032048,0,-1
2021010323737,2021,010323737,2,9,0,99,99,9,9,99,99,9,9,99,9,99,9,9,6,6,3,-1,-1,1242,1,8,VAUXHALL AGILA,-1,-1,0,-1
2021211079316,2021,211079316,2,9,0,9,9,4,2,0,0,5,0,0,0,0,2,1,1,1,1,30,6,1199,1,17,VAUXHALL AGILA,3,E01014296,0,-1
2021451077143,2021,451077143,1,9,0,18,19,3,7,0,0,6,0,0,0,0,4,1,5,6,1,31,6,1242,1,7,VAUXHALL AGILA,5,E01030787,0,-1
2021471030485,2021,471030485,2,9,0,4,4,4,8,0,0,0,0,0,0,0,2,1,5,6,2,69,10,1229,1,14,VAUXHALL AGILA,10,E01021194,0,-1
2021061098130,2021,061098130,1,9,0,18,19,3,7,0,0,0,0,0,0,0,1,1,6,6,1,32,6,1199,1,20,VAUXHALL AGILA,1,E01005638,0,-1
2021440328043,2021,440328043,5,9,0,18,19,1,5,0,0,0,1,0,0,0,1,1,6,6,1,21,5,1242,1,13,VAUXHALL AGILA,9,E01031493,0,-1
202163A044421,2021,63A044421,1,9,0,9,9,1,6,0,0,6,0,0,1,10,1,1,6,6,2,84,11,1242,1,8,VAUXHALL AGILA,4,W01000672,0,-1
2021531044134,2021,531044134,1,9,0,18,19,3,7,0,0,4,5,0,0,0,3,1,5,6,2,83,11,1199,1,17,VAUXHALL AGILA,10,E01022219,0,-1
2021010288587,2021,010288587,2,9,0,18,19,3,7,0,0,0,0,99,0,0,1,1,6,6,1,-1,-1,1199,1,18,VAUXHALL AGILA,8,E01003774,0,-1
2021371095608,2021,371095608,4,9,0,18,19,2,6,0,0,0,0,0,0,0,0,1,6,6,1,55,8,1242,1,12,VAUXHALL AGILA,4,E01030113,0,-1
2021161088650,2021,161088650,1,9,0,3,3,8,4,0,0,1,0,0,0,0,2,1,6,6,2,52,8,1242,1,10,VAUXHALL AGILA,1,E01013208,0,-1
2021471112863,2021,471112863,1,9,0,2,2,0,0,0,0,0,0,0,0,0,3,1,6,6,2,66,10,1229,1,16,VAUXHALL AGILA,2,E01017011,0,-1
2021522105447,2021,522105447,1,9,0,7,7,8,3,0,0,8,0,0,0,0,3,1,6,6,1,85,11,1242,1,9,VAUXHALL AGILA,5,E01014961,0,-1
2021010296173,2021,010296173,2,9,0,18,19,1,5,0,0,1,0,0,0,0,1,1,6,6,1,52,8,1242,1,10,VAUXHALL AGILA,4,E01000728,0,-1
2021461103100,2021,461103100,1,9,0,18,19,1,5,0,0,1,0,0,1,3,1,1,6,6,2,59,9,1242,1,11,VAUXHALL AGILA,2,E01024081,0,-1
2021552100993,2021,552100993,2,9,0,18,19,1,5,0,0,8,1,0,7,10,4,1,6,6,2,78,11,1242,1,12,VAUXHALL AGILA,10,E01020426,0,-1
2021461098066,2021,461098066,1,9,0,17,19,3,8,0,0,0,1,7,0,0,3,1,6,6,2,56,9,1242,1,13,VAUXHALL AGILA,2,E01024646,0,-1
2021131103393,2021,131103393,2,9,0,18,19,2,6,0,0,1,0,0,0,0,2,1,6,6,1,60,9,1242,1,9,VAUXHALL AGILA,8,E01011086,0,-1
2021161018321,2021,161018321,2,9,0,18,19,5,1,0,0,0,0,0,0,0,1,1,2,2,1,56,9,1248,2,12,VAUXHALL AGILA,2,E01012886,0,-1
2021552100278,2021,552100278,3,9,0,1,1,2,6,0,0,6,0,0,0,0,3,1,6,6,2,38,7,996,1,13,VAUXHALL AGILA,9,E01020421,0,-1
2021061055004,2021,061055004,2,9,0,5,5,2,7,0,0,8,0,0,0,0,2,1,5,6,1,54,8,1242,1,13,VAUXHALL AGILA,1,E01005583,0,-1
2021070347249,2021,070347249,1,9,0,16,19,1,6,0,0,0,0,0,1,0,3,1,6,6,1,50,8,1242,1,12,VAUXHALL AGILA,-1,-1,0,-1
2021501108006,2021,501108006,2,9,0,4,4,7,3,0,0,0,0,0,0,0,2,1,6,6,1,24,5,973,1,20,VAUXHALL AGILA,6,E01020202,0,-1
2021471079374,2021,471079374,1,9,0,9,9,4,2,0,0,1,0,0,0,0,1,1,5,6,2,27,6,1229,1,15,VAUXHALL AGILA,1,E01021136,0,-1
2021101049049,2021,101049049,1,9,0,11,11,7,3,0,0,0,1,10,2,7,1,1,2,2,2,29,6,1199,1,18,VAUXHALL AGILA,9,E01008248,0,-1
2021101096847,2021,101096847,1,9,0,18,19,3,7,0,0,8,0,0,0,0,1,1,5,6,1,67,10,1242,1,12,VAUXHALL AGILA,8,E01008868,0,-1
2021041029654,2021,041029654,1,9,0,18,19,7,1,0,0,1,0,0,0,0,1,2,5,6,1,69,10,1199,1,19,VAUXHALL AGILA,-1,-1,0,-1
2021111076491,2021,111076491,1,9,0,18,19,3,7,0,0,4,0,0,0,0,1,1,5,6,2,48,8,1242,1,12,VAUXHALL AGILA,3,E01020599,0,-1
2021461034014,2021,461034014,1,9,0,12,12,2,6,0,0,0,1,0,5,6,2,1,6,6,2,56,9,1242,1,8,VAUXHALL AGILA,8,E01021230,0,-1
2021101060282,2021,101060282,1,9,0,5,5,1,1,0,0,4,0,0,0,0,1,1,6,6,1,34,6,1199,1,18,VAUXHALL AGILA,8,E01027554,0,-1
2021131064670,2021,131064670,1,9,0,18,19,1,5,0,0,0,0,0,0,0,0,1,5,6,2,62,9,1242,1,11,VAUXHALL AGILA,2,E01010649,0,-1
2021461119070,2021,461119070,2,9,0,3,3,5,1,0,0,0,0,0,0,0,2,1,6,6,2,42,7,996,1,7,VAUXHALL AGILA,5,E01024619,0,-1
2021141012600,2021,141012600,1,9,0,18,19,3,7,0,0,1,0,0,0,0,2,1,5,6,2,48,8,1242,1,9,VAUXHALL AGILA,2,E01007950,0,-1
2021471064199,2021,471064199,1,9,0,18,19,5,1,0,0,1,0,0,0,0,1,1,5,6,2,36,7,1242,1,12,VAUXHALL AGILA,6,E01032844,0,-1
2021320150535,2021,320150535,3,9,0,9,9,2,6,0,0,8,0,0,0,0,3,1,1,1,1,37,7,998,1,15,VAUXHALL AGILA,7,E01026066,0,-1
2021552100373,2021,552100373,1,9,0,9,9,4,2,0,0,5,0,0,0,0,1,1,6,6,1,73,10,1199,1,17,VAUXHALL AGILA,7,E01020537,0,-1
2021520105955,2021,520105955,1,9,0,18,19,6,2,0,0,0,0,0,0,0,2,1,6,6,1,69,10,973,1,21,VAUXHALL AGILA,2,E01029107,0,-1
2021161041791,2021,161041791,2,9,0,13,13,8,4,0,0,1,0,0,0,0,4,1,6,6,3,-1,-1,973,1,19,VAUXHALL AGILA,-1,-1,0,-1
2021010308460,2021,010308460,2,9,0,2,2,0,0,0,0,8,0,0,1,0,2,1,6,6,3,-1,-1,996,1,11,VAUXHALL AGILA,-1,-1,0,-1
2021351117853,2021,351117853,1,9,0,18,19,2,6,0,0,0,0,0,0,0,1,1,6,6,1,30,6,996,1,12,VAUXHALL AGILA,8,E01016830,0,-1
2021201014177,2021,201014177,2,9,0,18,19,4,8,0,0,1,0,4,0,0,1,1,6,6,2,80,11,998,1,14,VAUXHALL AGILA,2,E01010400,0,-1
2021201081081,2021,201081081,1,9,0,14,14,1,5,0,0,1,0,0,0,0,1,1,6,6,1,86,11,1242,1,13,VAUXHALL AGILA,5,E01009863,0,-1
2021010345953,2021,010345953,1,9,0,18,19,1,5,0,0,1,0,0,0,0,2,1,6,6,2,47,8,1242,1,8,VAUXHALL AGILA,5,E01000360,0,-1
2021010297467,2021,010297467,3,9,0,18,19,6,2,0,0,1,0,0,0,0,1,1,6,6,1,85,11,1242,1,13,VAUXHALL AGILA,9,E01000987,0,-1
2021451051926,2021,451051926,1,9,0,18,19,7,3,0,0,0,0,4,0,0,3,1,5,6,2,91,11,1242,1,11,VAUXHALL AGILA,8,E01030648,0,-1
2021471106618,2021,471106618,1,9,0,18,19,1,5,0,0,1,0,0,0,0,3,1,1,1,2,51,8,1242,1,13,VAUXHALL AGILA,5,E01021195,0,-1
2021231020229,2021,231020229,2,9,0,18,19,3,7,0,0,0,0,0,0,0,4,1,5,6,1,56,9,1242,1,12,VAUXHALL AGILA,9,E01031329,0,-1
2021371101958,2021,371101958,1,9,0,4,4,1,5,0,0,1,0,0,0,0,1,1,5,6,2,35,6,1229,1,16,VAUXHALL AGILA,10,E01030050,0,-1
2021311032621,2021,311032621,1,9,0,18,19,3,6,0,0,4,0,0,1,1,3,1,5,6,2,67,10,1242,1,8,VAUXHALL AGILA,-1,-1,0,-1
2021052101209,2021,052101209,1,9,0,7,7,3,5,0,0,6,0,0,1,4,1,1,6,6,1,80,11,1242,1,10,VAUXHALL AGILA,10,E01007264,0,-1
2021501099626,2021,501099626,1,9,0,17,19,2,6,0,0,0,1,0,1,0,1,1,5,6,2,39,7,1242,1,10,VAUXHALL AGILA,4,E01020288,0,-1
2021070498226,2021,070498226,1,9,0,9,9,7,3,0,0,5,0,0,0,0,4,1,6,6,2,36,7,1229,1,16,VAUXHALL AGILA,1,E01006952,0,-1
2021351067607,2021,351067607,2,9,0,18,19,8,5,0,0,3,0,0,0,0,3,1,6,6,1,44,7,996,1,7,VAUXHALL AGILA,4,E01015622,0,-1
2021161127872,2021,161127872,2,9,0,18,19,7,3,0,0,1,1,10,7,0,1,1,5,6,2,65,9,998,1,15,VAUXHALL AGILA,4,E01012883,0,-1
2021430452548,2021,430452548,2,9,0,18,19,6,2,0,0,8,0,0,0,0,4,1,6,6,1,-1,-1,1242,1,10,VAUXHALL AGILA,-1,-1,0,-1
2021430413861,2021,430413861,1,9,0,18,19,5,8,0,0,1,0,0,0,0,1,1,6,6,2,75,10,1242,1,8,VAUXHALL AGILA,-1,-1,0,-1
2021010331728,2021,010331728,2,9,0,9,9,5,3,0,0,1,0,0,0,0,3,1,6,6,2,77,11,1242,1,10,VAUXHALL AGILA,6,E01023848,0,-1
2021430452278,2021,430452278,1,9,0,18,19,7,3,0,0,0,2,0,6,6,4,1,6,6,1,70,10,1242,1,12,VAUXHALL AGILA,10,E01003851,0,-1
2021052102584,2021,052102584,1,9,0,13,13,8,4,0,0,0,0,0,0,0,4,1,6,6,1,60,9,1242,1,13,VAUXHALL AGILA,1,E01006646,0,-1
2021010347704,2021,010347704,1,9,0,1,1,7,3,0,0,6,0,0,7,4,3,1,6,6,2,85,11,1242,1,9,VAUXHALL AGILA,7,E01002538,0,-1
2021010287698,2021,010287698,1,9,0,99,99,9,9,99,99,9,9,99,9,99,1,9,6,6,3,-1,-1,1242,1,7,VAUXHALL AGILA,-1,-1,0,-1
2021991014588,2021,991014588,1,9,0,18,19,5,2,0,0,1,0,0,7,9,1,1,5,6,1,78,11,2231,2,8,VAUXHALL ANTARA,6,-1,0,-1
2021031050647,2021,031050647,2,9,0,18,19,7,3,0,0,0,0,0,0,0,3,1,5,6,2,41,7,2231,2,9,VAUXHALL ANTARA,9,E01025324,0,-1
2021501108262,2021,501108262,1,9,0,18,19,4,8,0,0,0,5,2,0,0,1,1,5,6,2,23,5,2231,2,10,VAUXHALL ANTARA,7,E01020300,0,-1
2021302101612,2021,302101612,1,9,0,9,9,8,6,0,0,2,0,0,0,0,1,1,2,2,1,67,10,1991,2,13,VAUXHALL ANTARA,4,E01019499,0,-1
2021320419575,2021,320419575,2,9,0,13,13,1,5,0,0,1,1,0,3,2,1,1,6,6,1,46,8,1910,2,13,VAUXHALL ANTARA,2,E01026050,0,-1
2021170L40751,2021,170L40751,2,9,0,18,19,8,2,0,0,1,0,0,0,0,1,1,6,6,1,81,11,2231,2,8,VAUXHALL ANTARA,8,E01012095,0,-1
2021010319431,2021,010319431,1,9,0,9,9,3,8,0,0,2,0,0,0,0,3,1,6,6,3,-1,-1,2231,2,8,VAUXHALL ANTARA,-1,-1,0,-1
2021010343168,2021,010343168,2,9,0,99,99,9,9,99,99,9,9,99,9,99,2,9,6,6,3,-1,-1,1991,2,12,VAUXHALL ANTARA,4,E01001185,0,-1
2021501037596,2021,501037596,2,9,0,18,19,8,4,0,0,0,1,0,0,0,1,1,6,6,2,52,8,2231,2,8,VAUXHALL ANTARA,3,E01018978,0,-1
2021991126625,2021,991126625,1,9,0,9,9,1,7,0,0,1,0,0,0,0,4,1,5,6,1,63,9,2231,2,10,VAUXHALL ANTARA,4,-1,0,-1
2021991086444,2021,991086444,2,9,0,2,2,0,0,9,9,0,0,0,0,0,2,1,5,6,1,64,9,2231,2,8,VAUXHALL ANTARA,-1,-1,0,-1
2021991124129,2021,991124129,1,9,0,18,19,1,5,0,0,6,0,0,0,0,1,1,2,2,2,51,8,2231,2,8,VAUXHALL ANTARA,6,-1,0,-1
2021031103041,2021,031103041,1,9,0,5,5,5,1,0,0,1,0,0,0,0,0,1,6,6,1,27,6,2231,2,8,VAUXHALL ANTARA,8,E01008149,0,-1
2021991093899,2021,991093899,1,9,0,18,19,8,4,0,0,0,0,0,0,0,1,1,5,6,1,45,7,2231,2,8,VAUXHALL ANTARA,7,-1,0,-1
2021010316471,2021,010316471,2,9,0,17,19,1,5,0,0,8,5,0,0,0,1,1,6,6,1,33,6,2231,2,9,VAUXHALL ANTARA,3,E01000736,0,-1
2021070623651,2021,070623651,1,9,0,3,3,3,7,0,0,1,0,0,0,0,4,1,6,6,1,70,10,2231,2,8,VAUXHALL ANTARA,2,E01018539,0,-1
2021520201656,2021,520201656,4,9,0,2,2,0,0,0,0,2,0,0,0,0,3,1,6,6,3,-1,-1,2231,2,9,VAUXHALL ANTARA,-1,-1,0,-1
2021161076836,2021,161076836,3,9,0,2,2,0,0,0,0,0,0,0,0,0,1,1,6,6,3,-1,-1,2231,2,8,VAUXHALL ANTARA,-1,-1,0,-1
2021440161974,2021,440161974,1,9,0,18,19,4,1,0,0,0,5,4,0,0,1,1,1,1,1,30,6,2231,2,7,VAUXHALL ANTARA,4,E01017305,0,-1
2021471107340,2021,471107340,2,9,0,18,19,1,5,0,0,0,0,0,0,0,1,1,5,6,2,65,9,1991,2,14,VAUXHALL ANTARA,10,E01021194,0,-1
2021440352731,2021,440352731,2,9,0,4,4,3,7,0,0,8,0,0,0,0,1,1,6,6,1,38,7,2231,2,10,VAUXHALL ANTARA,1,E01022968,0,-1
202134NNC1531,2021,34NNC1531,2,9,0,18,19,7,3,0,0,1,0,0,0,0,2,1,6,6,1,34,6,2231,2,6,VAUXHALL ANTARA,7,E01025659,0,-1
202131C061821,2021,31C061821,1,9,0,18,19,8,4,0,0,8,0,0,0,0,1,1,6,6,3,-1,-1,2231,2,9,VAUXHALL ANTARA,-1,-1,0,-1
2021471096916,2021,471096916,2,9,0,4,4,1,5,0,0,0,0,0,0,0,2,1,2,2,2,52,8,2231,2,9,VAUXHALL ANTARA,7,E01022946,0,-1
2021131120091,2021,131120091,2,9,0,10,10,7,5,0,0,1,0,0,0,0,1,1,1,1,1,61,9,2231,2,8,VAUXHALL ANTARA,4,E01010664,0,-1
2021201087811,2021,201087811,2,9,0,2,2,0,0,0,0,0,0,0,0,0,2,1,6,6,1,37,7,2231,2,9,VAUXHALL ANTARA,3,E01010089,0,-1
2021501090317,2021,501090317,1,9,0,4,4,3,7,0,0,1,0,0,0,0,1,1,6,6,1,52,8,2231,2,8,VAUXHALL ANTARA,5,E01019021,0,-1
2021231120848,2021,231120848,2,9,0,9,9,2,8,0,0,5,0,0,0,0,2,1,2,2,1,35,6,2231,2,7,VAUXHALL ANTARA,5,E01009843,0,-1
2021371136670,2021,371136670,1,9,0,18,19,7,3,0,0,1,0,0,0,0,1,1,5,6,1,55,8,2231,2,9,VAUXHALL ANTARA,6,E01030218,0,-1
2021101069760,2021,101069760,1,9,0,18,19,5,1,0,0,0,0,0,0,0,4,1,6,6,2,-1,-1,2231,2,7,VAUXHALL ANTARA,-1,-1,0,-1
2021010319452,2021,010319452,2,9,0,99,99,9,9,99,99,9,9,99,9,99,1,9,6,6,3,-1,-1,1991,2,12,VAUXHALL ANTARA,3,E01000506,0,-1
2021440068078,2021,440068078,1,9,0,5,5,5,1,0,0,0,0,4,0,0,1,1,1,1,1,41,7,2384,1,8,VAUXHALL ANTARA,4,E01022474,0,-1
2021401094890,2021,401094890,1,9,0,17,19,2,6,0,0,0,1,0,1,4,1,1,1,1,1,26,6,2231,2,8,VAUXHALL ANTARA,9,E01016828,0,-1
2021010327427,2021,010327427,2,9,0,99,99,9,9,99,99,9,9,99,9,99,1,9,6,6,3,22,5,2231,2,9,VAUXHALL ANTARA,5,E01001677,0,-1
2021201104572,2021,201104572,1,9,0,18,19,1,5,0,0,0,5,10,1,10,1,1,6,6,2,33,6,2231,2,9,VAUXHALL ANTARA,10,E01009670,0,-1
2021070837766,2021,070837766,2,9,0,9,9,6,3,0,0,8,0,0,0,0,1,1,6,6,2,72,10,2231,2,8,VAUXHALL ANTARA,10,E01018350,0,-1
2021221107658,2021,221107658,1,9,0,17,19,4,1,0,0,2,0,4,1,0,1,1,5,6,1,35,6,2231,2,7,VAUXHALL ANTARA,7,E01032315,0,-1
2021501136544,2021,501136544,2,9,0,18,19,4,8,0,0,0,0,0,0,0,1,1,5,6,1,46,8,2231,2,7,VAUXHALL ANTARA,10,E01014885,0,-1
2021031121287,2021,031121287,1,9,0,18,19,5,1,0,0,1,0,0,0,0,4,1,6,6,1,24,5,2231,2,7,VAUXHALL ANTARA,2,E01019165,0,-1
202131B182821,2021,31B182821,2,9,0,18,19,8,4,0,0,8,0,0,0,0,1,1,6,6,2,52,8,2231,2,9,VAUXHALL ANTARA,10,E01028292,0,-1
2021991113867,2021,991113867,2,9,0,9,9,4,1,0,0,2,0,0,0,0,3,1,5,6,1,37,7,2231,2,8,VAUXHALL ANTARA,1,-1,0,-1
2021461120353,2021,461120353,1,9,5,16,19,3,7,0,0,0,0,11,1,10,1,1,2,2,1,67,10,2231,2,9,VAUXHALL ANTARA,6,E01016057,0,-1
2021010345203,2021,010345203,1,9,0,18,19,6,2,0,0,4,0,0,0,0,1,1,6,6,3,-1,-1,2231,2,8,VAUXHALL ANTARA,-1,-1,0,-1
2021440443228,2021,440443228,2,9,0,3,3,6,2,0,0,0,0,0,0,0,2,1,6,6,1,23,5,2231,2,8,VAUXHALL ANTARA,4,E01022635,0,-1
2021411051773,2021,411051773,1,9,0,18,19,5,1,0,0,0,0,4,0,0,1,1,5,6,1,65,9,2231,2,9,VAUXHALL ANTARA,9,E01033609,0,-1
2021421108994,2021,421108994,2,9,0,2,2,1,5,0,0,0,0,0,0,0,3,1,6,6,1,49,8,1991,2,12,VAUXHALL ANTARA,8,E01033460,0,-1
2021471095523,2021,471095523,1,9,0,4,4,8,4,0,0,0,0,0,0,0,2,1,6,6,1,38,7,2231,2,7,VAUXHALL ANTARA,3,E01021065,0,-1
2021010293138,2021,010293138,1,9,0,18,19,1,5,0,0,1,0,0,0,0,4,1,6,6,1,50,8,2231,2,7,VAUXHALL ANTARA,2,E01001971,0,-1
202131D107421,2021,31D107421,1,9,0,4,4,3,7,0,0,1,0,0,0,0,2,1,6,6,2,42,7,2231,2,8,VAUXHALL ANTARA,1,E01013826,0,-1
2021010347116,2021,010347116,2,9,0,18,19,1,5,0,0,5,0,0,0,0,1,1,6,6,2,59,9,2435,1,19,VOLVO V70,5,E01001837,0,-1
2021041014961,2021,041014961,1,9,0,18,19,5,1,0,0,0,0,0,0,0,1,1,2,2,1,34,6,2521,1,18,VOLVO V70,3,E01025210,0,-1
2021622100199,2021,622100199,1,9,0,18,19,6,2,0,0,0,0,0,0,0,1,1,6,6,1,30,6,2401,2,17,VOLVO V70,9,W01000815,0,-1
2021302100873,2021,302100873,1,9,0,18,19,3,7,0,0,1,0,0,0,0,3,1,6,6,2,26,6,2400,2,12,VOLVO V70,2,E01015096,0,-1
2021451083996,2021,451083996,3,9,0,18,19,7,3,0,0,0,1,0,1,10,1,1,5,6,1,74,10,2435,1,19,VOLVO V70,8,E01030393,0,-1
2021552100928,2021,552100928,1,9,0,9,9,4,1,0,0,6,0,0,0,0,4,1,6,6,1,71,10,2435,1,15,VOLVO V70,5,E01020460,0,-1
2021141013738,2021,141013738,2,9,0,18,19,5,1,0,0,1,0,0,2,0,3,1,6,6,3,-1,-1,2401,2,17,VOLVO V70,-1,-1,0,-1
2021451037211,2021,451037211,3,9,0,2,2,0,0,9,9,0,0,0,0,0,2,1,6,6,1,53,8,2400,2,13,VOLVO V70,9,E01030346,0,-1
2021421051007,2021,421051007,2,9,0,18,19,1,8,0,0,3,0,0,0,0,1,1,1,1,1,43,7,2400,2,5,VOLVO V70,8,E01021544,0,-1
2021302100795,2021,302100795,1,9,0,1,1,8,4,0,0,0,0,0,0,0,2,1,6,6,1,77,11,2401,2,15,VOLVO V70,2,E01033172,0,-1
2021070610904,2021,070610904,1,9,0,4,4,5,1,0,0,0,0,0,0,0,1,1,6,6,2,74,10,2435,1,20,VOLVO V70,7,E01006176,0,-1
2021221082715,2021,221082715,3,9,0,10,10,6,4,0,0,8,0,0,0,0,2,1,5,6,1,54,8,2435,1,22,VOLVO V70,5,E01014045,0,-1
2021041051037,2021,041051037,1,9,0,9,9,1,5,0,0,4,0,0,0,0,1,1,5,6,1,83,11,2400,2,7,VOLVO V70,9,E01024994,0,-1
2021430557935,2021,430557935,2,9,0,2,2,0,0,0,0,0,0,0,0,0,2,1,6,6,2,76,11,1969,2,6,VOLVO V70,9,E01013796,0,-1
2021010349384,2021,010349384,2,9,0,99,99,9,9,99,99,9,9,99,9,99,9,9,6,6,3,-1,-1,1969,2,5,VOLVO V70,-1,-1,0,-1
2021461054098,2021,461054098,1,9,0,5,5,5,1,0,0,0,0,0,0,0,1,1,6,6,1,76,11,2435,1,17,VOLVO V70,8,E01024761,0,-1
2021351111093,2021,351111093,1,9,0,8,8,2,4,0,0,1,0,0,0,0,1,1,1,1,1,59,9,2401,2,16,VOLVO V70,4,E01018077,0,-1
202163A084921,2021,63A084921,2,9,0,10,10,8,6,0,0,8,0,0,0,0,2,1,1,1,1,64,9,2400,2,11,VOLVO V70,4,W01000703,0,-1
2021461069765,2021,461069765,2,9,0,10,10,5,1,0,0,0,0,0,0,0,2,1,5,6,2,31,6,2400,2,13,VOLVO V70,4,E01024645,0,-1
2021471124415,2021,471124415,2,9,0,18,19,1,5,0,0,8,0,0,0,0,1,1,2,2,1,56,9,2400,2,12,VOLVO V70,6,E01031448,0,-1
2021421041675,2021,421041675,2,9,0,18,19,4,8,0,0,0,0,0,0,0,4,1,6,6,1,38,7,1984,2,9,VOLVO V70,-1,-1,0,-1
2021221022415,2021,221022415,1,9,0,1,1,4,8,9,9,0,0,0,0,0,2,1,5,6,1,54,8,2401,2,15,VOLVO V70,8,E01028875,0,-1
2021421029920,2021,421029920,1,9,0,9,9,8,6,0,0,1,0,0,0,0,1,1,6,6,1,50,8,2400,2,9,VOLVO V70,-1,-1,0,-1