collision_index,collision_year,collision_ref_no,vehicle_reference,vehicle_type,towing_and_articulation,vehicle_manoeuvre_historic,vehicle_manoeuvre,vehicle_direction_from,vehicle_direction_to,vehicle_location_restricted_lane_historic,vehicle_location_restricted_lane,junction_location,skidding_and_overturning,hit_object_in_carriageway,vehicle_leaving_carriageway,hit_object_off_carriageway,first_point_of_impact,vehicle_left_hand_drive,journey_purpose_of_driver_historic,journey_purpose_of_driver,sex_of_driver,age_of_driver,age_band_of_driver,engine_capacity_cc,propulsion_code,age_of_vehicle,generic_make_model,driver_imd_decile,lsoa_of_driver,escooter_flag,driver_distance_banding
2021361062784,2021,361062784,1,9,0,9,9,3,1,0,0,1,0,0,0,0,1,1,5,6,1,74,10,1984,2,8,VOLVO V70,5,E01030066,0,-1
2021122200016,2021,122200016,1,9,0,9,9,5,1,0,0,0,1,0,0,0,0,1,6,6,1,52,8,2435,1,16,VOLVO V70,5,E01027798,0,-1
2021131090420,2021,131090420,1,9,0,9,9,3,7,0,0,6,0,0,0,0,1,1,3,7,2,30,6,1984,2,9,VOLVO V70,9,E01011945,0,-1
2021131078347,2021,131078347,1,9,0,18,19,1,5,0,0,1,0,0,5,0,1,1,5,6,1,51,8,2401,2,16,VOLVO V70,1,E01011559,0,-1
2021010324053,2021,010324053,2,9,0,99,99,9,9,99,99,9,9,99,9,99,1,9,6,6,3,30,6,2435,1,18,VOLVO V70,-1,-1,0,-1
2021401060418,2021,401060418,1,9,0,3,3,3,7,0,0,0,0,0,0,0,2,1,2,2,1,50,8,1984,2,10,VOLVO V70,9,E01017441,0,-1
2021131106795,2021,131106795,1,9,0,18,19,2,6,0,0,2,0,0,0,0,2,1,5,6,1,60,9,2400,2,6,VOLVO V70,4,E01010856,0,-1
2021320641201,2021,320641201,1,9,0,5,5,7,2,0,0,6,0,0,0,0,1,1,6,6,1,72,10,2400,2,15,VOLVO V70,9,E01026406,0,-1
2021320259530,2021,320259530,2,9,0,18,19,7,3,0,0,2,0,0,0,0,0,1,6,6,1,40,7,2000,2,4,VOLVO V70,2,E01026006,0,-1
2021471073274,2021,471073274,1,9,0,18,19,2,6,0,0,0,0,0,0,0,1,1,6,6,2,-1,-1,2401,2,17,VOLVO V70,5,E01030814,0,-1
2021010331798,2021,010331798,3,9,0,2,2,0,0,0,0,2,0,0,0,0,3,1,6,6,3,-1,-1,2521,1,18,VOLVO V70,-1,-1,0,-1
2021010300118,2021,010300118,1,9,0,18,19,5,1,0,0,0,0,0,0,0,1,1,6,6,1,48,8,2435,1,20,VOLVO V70,2,E01003239,0,-1
2021361053065,2021,361053065,3,9,0,2,2,0,0,0,0,0,0,0,0,0,2,1,6,6,3,-1,-1,2400,2,13,VOLVO V70,-1,-1,0,-1
2021471100360,2021,471100360,2,9,0,4,4,6,2,0,0,2,0,0,0,0,2,1,5,6,2,56,9,1969,2,5,VOLVO V70,6,E01021087,0,-1
2021471056132,2021,471056132,1,9,0,16,19,7,2,0,0,1,0,0,0,0,1,1,2,2,1,32,6,2401,2,14,VOLVO V70,4,E01031550,0,-1
2021302100180,2021,302100180,2,9,0,2,2,0,0,0,0,0,0,0,0,0,2,1,1,1,2,41,7,2401,2,16,VOLVO V70,6,E01008024,0,-1
2021231087936,2021,231087936,2,9,4,4,4,2,6,0,0,0,0,0,0,0,2,1,5,6,1,73,10,2400,2,7,VOLVO V70,7,E01016764,0,-1
2021421038580,2021,421038580,2,9,0,18,19,5,1,0,0,0,0,0,0,0,2,1,1,1,1,33,6,2401,2,16,VOLVO V70,8,E01021405,0,-1
2021991081872,2021,991081872,1,9,0,18,19,2,6,0,0,1,0,0,0,0,1,1,5,6,2,49,8,1560,2,6,VOLVO V70,7,-1,0,-1
2021131108415,2021,131108415,2,9,0,18,19,3,7,0,0,8,0,0,0,0,1,1,1,1,1,62,9,2401,2,16,VOLVO V70,3,E01010847,0,-1
2021461068753,2021,461068753,2,9,0,2,2,0,0,0,0,0,0,0,0,0,2,1,6,6,1,60,9,2435,1,23,VOLVO V70,1,E01033215,0,-1
2021520200170,2021,520200170,2,9,0,18,19,6,2,0,0,8,0,0,0,0,1,1,6,6,2,22,5,1984,2,8,VOLVO V70,7,E01020509,0,-1
2021351095810,2021,351095810,2,9,0,18,19,3,7,0,0,1,0,0,0,0,1,1,1,1,1,29,6,2401,2,19,VOLVO V70,2,E01033182,0,-1
2021320559338,2021,320559338,2,9,0,18,19,4,8,0,0,0,1,0,1,0,1,1,6,6,1,43,7,2400,2,10,VOLVO V70,8,E01010707,0,-1
2021010324368,2021,010324368,1,9,0,17,19,1,5,0,0,0,0,0,1,0,1,1,1,1,1,53,8,2500,1,-1,VOLVO V70,7,E01002177,0,-1
2021231051844,2021,231051844,1,9,0,18,19,2,6,0,0,0,2,0,7,11,3,1,1,1,1,27,6,2461,2,21,VOLVO V70,1,E01016843,0,-1
2021471054972,2021,471054972,1,9,0,18,19,7,3,0,0,8,0,0,7,0,1,1,5,6,1,53,8,2435,1,19,VOLVO V70,2,E01020910,0,-1
2021061097684,2021,061097684,2,9,0,18,19,5,1,0,0,8,0,0,1,10,3,1,2,2,1,56,9,1984,2,9,VOLVO V70,10,E01006103,0,-1
2021351031346,2021,351031346,1,9,0,16,19,2,6,0,0,0,0,0,0,0,1,1,6,6,1,71,10,1560,2,11,VOLVO V70,3,E01018145,0,-1
2021122100846,2021,122100846,1,9,0,18,19,1,5,0,0,8,0,0,0,0,1,1,6,6,1,67,10,2401,2,15,VOLVO V70,10,E01013425,0,-1
2021501026427,2021,501026427,1,9,0,18,19,7,3,0,0,1,0,0,0,0,4,1,5,6,1,44,7,1997,2,12,VOLVO V70,3,E01018927,0,-1
202131C056921,2021,31C056921,1,9,0,14,14,4,8,0,0,0,0,0,0,0,4,1,6,6,1,44,7,2400,2,12,VOLVO V70,2,E01013854,0,-1
2021101031927,2021,101031927,2,9,0,18,19,7,3,0,0,0,0,0,0,0,1,1,5,6,1,24,5,2401,2,18,VOLVO V70,3,E01027544,0,-1
2021991060921,2021,991060921,1,9,0,16,19,7,3,0,0,0,0,0,0,0,1,1,5,6,1,57,9,2401,2,17,VOLVO V70,8,-1,0,-1
2021052101386,2021,052101386,1,9,0,18,19,6,2,0,0,1,0,0,1,2,1,1,6,6,1,73,10,2401,2,18,VOLVO V70,6,E01006972,0,-1
2021052101621,2021,052101621,2,9,0,18,19,5,1,0,0,8,0,0,7,11,1,1,6,6,1,38,7,2435,1,18,VOLVO V70,4,E01007167,0,-1
2021302101862,2021,302101862,1,9,0,18,19,4,8,0,0,1,0,0,0,0,1,1,2,2,1,34,6,2435,1,21,VOLVO V70,5,E01019436,0,-1
202163C028921,2021,63C028921,4,9,0,2,2,0,0,0,0,1,0,0,0,0,3,1,6,6,1,58,9,1984,2,9,VOLVO V70,1,W01000592,0,-1
2021141046587,2021,141046587,1,9,0,9,9,8,6,0,0,8,0,0,0,0,1,1,5,6,2,48,8,2319,1,21,VOLVO V70,6,E01007598,0,-1
2021041108322,2021,041108322,1,9,0,9,9,5,1,0,0,8,0,0,0,0,1,1,5,6,1,69,10,2401,2,17,VOLVO V70,8,E01025564,0,-1
2021122100851,2021,122100851,1,9,0,18,19,5,1,0,0,8,0,0,0,0,1,1,6,6,1,64,9,2435,1,16,VOLVO V70,8,E01027888,0,-1
2021461012679,2021,461012679,2,9,0,18,19,1,5,0,0,8,1,0,7,1,1,1,5,6,1,52,8,2401,2,16,VOLVO V70,4,E01024029,0,-1
2021302100382,2021,302100382,1,9,4,9,9,8,6,0,0,1,0,0,0,0,3,1,6,6,1,34,6,2435,7,20,VOLVO V70,1,E01013472,0,-1
2021031106916,2021,031106916,1,9,0,18,19,1,5,0,0,0,0,0,1,0,1,1,5,6,1,29,6,2401,2,15,VOLVO V70,3,E01019228,0,-1
2021052102681,2021,052102681,1,9,0,18,19,2,6,0,0,6,0,0,0,0,1,1,6,6,2,73,10,2435,1,20,VOLVO V70,7,E01006774,0,-1
2021010301350,2021,010301350,1,9,0,4,4,5,1,0,0,1,0,0,0,0,1,1,6,6,1,27,6,2400,2,13,VOLVO V70,6,E01004513,0,-1
202131B133221,2021,31B133221,1,9,0,12,12,1,7,0,0,8,0,0,0,0,3,1,2,2,1,56,9,2401,2,19,VOLVO V70,3,E01028338,0,-1
2021302101197,2021,302101197,2,9,0,13,13,4,2,0,0,8,0,0,0,0,4,1,6,6,2,50,8,2400,2,13,VOLVO V70,4,E01019492,0,-1
2021122100504,2021,122100504,1,9,0,99,99,1,5,0,0,0,0,0,0,0,2,1,6,6,2,37,7,1997,2,11,VOLVO V70,6,E01013383,0,-1
2021361038383,2021,361038383,1,9,0,9,9,4,2,0,0,2,0,0,0,0,3,1,5,6,1,68,10,2435,1,18,VOLVO V70,2,E01026477,0,-1
20211383M0228,2021,1383M0228,1,9,0,5,5,8,3,0,0,4,0,0,0,0,1,1,1,1,1,54,8,2400,2,14,VOLVO V70,6,E01027557,0,-1
2021440501252,2021,440501252,2,9,0,18,19,1,0,0,0,0,0,0,0,0,2,1,1,1,2,55,8,1984,2,8,VOLVO V70,9,E01022788,0,-1
2021430529025,2021,430529025,1,9,0,18,19,6,2,0,0,6,0,0,3,1,3,1,6,6,1,72,10,2400,2,13,VOLVO V70,9,E01017704,0,-1
2021361016954,2021,361016954,1,9,0,16,19,1,5,0,0,0,1,0,0,0,3,1,1,1,1,40,7,2435,1,18,VOLVO V70,2,E01002877,0,-1
2021451121038,2021,451121038,1,9,0,18,19,7,3,0,0,0,0,4,0,0,1,1,5,6,1,74,10,2401,2,17,VOLVO V70,5,E01030814,0,-1
2021471096793,2021,471096793,1,9,0,9,9,5,3,0,0,6,0,0,0,0,3,1,5,6,1,94,11,2435,1,23,VOLVO V70,10,E01031805,0,-1
2021010344607,2021,010344607,3,9,0,2,2,0,0,0,0,0,0,0,0,0,2,1,6,6,3,-1,-1,2401,2,18,VOLVO V70,-1,-1,0,-1
2021010314112,2021,010314112,2,9,0,4,4,5,1,0,0,2,0,0,0,0,2,1,6,6,1,27,6,2435,1,18,VOLVO V70,10,E01000811,0,-1
2021421124109,2021,421124109,3,9,0,18,19,7,3,0,0,0,0,0,0,0,1,1,6,6,1,39,7,1984,2,9,VOLVO V70,-1,-1,0,-1
2021471026848,2021,471026848,1,9,0,9,9,7,5,0,0,0,0,0,0,0,3,1,6,6,1,51,8,2401,2,17,VOLVO V70,1,E01020993,0,-1
2021138361453,2021,138361453,2,9,0,18,19,4,8,0,0,4,0,0,0,0,2,1,6,6,2,44,7,1969,2,6,VOLVO V70,-1,-1,0,-1
2021461032139,2021,461032139,1,9,0,18,19,5,8,0,0,0,1,0,0,0,1,1,6,6,1,37,7,2435,1,19,VOLVO V70,-1,-1,0,-1
2021161026493,2021,161026493,2,9,0,4,4,3,7,0,0,0,0,0,0,0,2,1,6,6,1,21,5,1997,2,11,VOLVO V70,3,E01013310,0,-1
2021061109126,2021,061109126,3,9,0,3,3,1,5,0,0,1,0,0,0,0,2,1,5,6,1,41,7,2401,2,16,VOLVO V70,6,E01007185,0,-1
2021141039384,2021,141039384,1,9,0,13,13,1,5,0,0,1,0,0,0,0,1,1,5,6,2,45,7,2435,1,18,VOLVO V70,3,E01007800,0,-1
2021552101125,2021,552101125,1,9,0,4,4,8,5,0,0,8,0,0,0,0,1,1,6,6,1,64,9,2401,2,15,VOLVO V70,7,E01015567,0,-1
2021461068766,2021,461068766,3,9,0,18,19,4,8,0,0,1,0,0,0,0,1,1,6,6,2,60,9,2400,2,11,VOLVO V70,5,E01024796,0,-1
2021991036530,2021,991036530,1,9,0,4,4,3,5,0,0,8,0,0,7,4,1,1,5,6,1,38,7,1984,1,17,VOLVO V70,3,-1,0,-1
2021371074433,2021,371074433,1,9,0,5,5,5,4,0,0,0,0,0,7,11,1,1,5,6,1,83,11,2435,1,16,VOLVO V70,7,E01029875,0,-1
2021451107350,2021,451107350,2,9,0,4,4,6,2,0,0,0,0,0,0,0,1,1,5,6,1,57,9,2401,2,15,VOLVO V70,10,E01030969,0,-1
2021201044051,2021,201044051,1,9,0,11,11,-1,-1,2,2,0,0,0,0,0,4,1,6,6,3,-1,-1,2319,1,18,VOLVO V70,-1,-1,0,-1
2021471064364,2021,471064364,2,9,0,9,9,6,3,0,0,8,0,0,0,0,2,1,5,6,1,77,11,2401,2,19,VOLVO V70,7,E01031381,0,-1
2021471036628,2021,471036628,2,9,0,4,4,8,4,0,0,0,0,0,0,0,2,1,5,6,1,28,6,2400,2,13,VOLVO V70,6,E01021193,0,-1
2021501076163,2021,501076163,1,9,0,18,19,3,7,0,0,0,0,0,0,0,1,1,2,2,1,34,6,2435,1,23,VOLVO V70,1,E01018930,0,-1
2021522102158,2021,522102158,4,9,0,18,19,5,1,0,0,1,0,0,0,0,2,1,6,6,2,47,8,1969,2,6,VOLVO V70,10,E01033334,0,-1
2021201039268,2021,201039268,2,9,0,18,19,4,8,0,0,0,0,0,0,0,1,1,6,6,3,-1,-1,2400,2,13,VOLVO V70,-1,-1,0,-1
2021471063811,2021,471063811,2,9,0,9,9,5,1,0,0,1,0,0,0,0,1,1,5,6,2,57,9,2400,2,8,VOLVO V70,7,E01021165,0,-1
2021991113979,2021,991113979,1,9,0,18,19,6,2,0,0,0,0,0,0,0,1,1,5,6,1,34,6,2400,2,10,VOLVO V70,2,-1,0,-1
2021070339068,2021,070339068,1,9,0,5,5,2,6,0,0,8,0,0,0,0,4,1,6,6,1,60,9,1984,2,9,VOLVO V70,10,E01018419,0,-1
2021061099611,2021,061099611,1,9,0,18,19,6,2,0,0,0,0,0,0,0,1,1,6,6,3,30,6,1984,2,9,VOLVO V70,-1,-1,0,-1
2021101081721,2021,101081721,1,9,0,9,9,5,3,0,0,4,0,0,0,0,1,1,5,6,1,48,8,2401,2,18,VOLVO V70,1,E01008607,0,-1
2021471107340,2021,471107340,1,9,0,17,19,5,1,0,0,0,0,0,0,0,1,1,5,6,1,92,11,1969,2,5,VOLVO V70,7,E01021166,0,-1
2021471026063,2021,471026063,1,9,0,18,19,7,3,0,0,0,0,0,0,0,4,1,6,6,1,52,8,2400,2,13,VOLVO V70,2,E01020910,0,-1
2021430542521,2021,430542521,5,9,0,18,19,6,2,0,0,0,0,0,0,0,2,1,6,6,1,30,6,2400,2,10,VOLVO V70,-1,-1,0,-1
2021421023221,2021,421023221,1,9,0,18,19,6,2,0,0,0,0,0,1,1,1,1,5,6,1,69,10,2435,1,24,VOLVO V70,9,E01023493,0,-1
2021501109612,2021,501109612,2,9,0,5,5,2,4,0,0,1,0,0,0,0,1,1,5,6,1,32,6,2401,2,17,VOLVO V70,5,E01020117,0,-1
2021010345962,2021,010345962,1,4,0,99,99,9,9,99,99,9,9,99,9,99,1,9,6,6,1,37,7,125,1,6,YAMAHA MW,1,E01002066,0,-1
2021481142664,2021,481142664,2,3,0,3,3,6,2,0,0,1,0,0,0,0,2,1,5,6,1,32,6,125,1,6,YAMAHA MW,5,E01001164,0,-1
2021010301435,2021,010301435,1,3,0,99,99,9,9,99,99,9,9,99,9,99,9,1,6,6,2,37,7,125,1,6,YAMAHA MW,5,E01002237,0,-1
2021010332054,2021,010332054,2,2,0,14,14,3,7,0,0,8,0,0,0,0,1,1,6,6,1,23,5,125,1,7,YAMAHA MW,5,E01003110,0,-1
2021010322011,2021,010322011,2,3,0,18,19,3,7,0,0,8,0,0,0,0,1,1,6,6,1,28,6,125,1,6,YAMAHA MW,5,E01000996,0,-1
2021010305751,2021,010305751,1,3,0,18,19,7,3,0,0,1,0,0,0,0,4,1,6,6,1,27,6,125,1,6,YAMAHA MW,7,E01004291,0,-1
2021010298877,2021,010298877,2,3,0,18,19,7,3,0,0,1,0,0,0,0,1,1,6,6,1,26,6,125,1,5,YAMAHA MW,2,E01001001,0,-1
2021010310835,2021,010310835,1,3,0,99,99,9,9,99,99,0,9,99,9,99,2,1,6,6,1,20,4,125,1,7,YAMAHA MW,2,E01003126,0,-1
2021010323960,2021,010323960,1,3,0,99,99,9,9,99,99,9,9,99,9,99,1,1,2,2,1,20,4,125,1,6,YAMAHA MW,4,E01000471,0,-1
2021471094126,2021,471094126,2,3,0,18,19,3,7,0,0,1,0,0,0,0,1,1,1,1,1,42,7,125,1,5,YAMAHA MW,4,E01016857,0,-1
2021211148887,2021,211148887,1,3,0,15,15,2,5,0,0,0,0,0,0,0,1,1,2,2,1,24,5,125,1,6,YAMAHA MW,8,E01029761,0,-1
2021010308922,2021,010308922,1,2,0,3,3,1,5,0,0,1,0,4,0,0,4,1,6,6,1,26,6,125,1,5,YAMAHA MW,2,E01004740,0,-1
2021010310074,2021,010310074,1,3,0,99,99,9,9,99,99,9,9,99,9,99,1,1,2,2,1,27,6,125,1,5,YAMAHA MW,8,E01000177,0,-1
2021010309961,2021,010309961,1,9,9,99,99,9,9,99,99,9,9,99,9,99,9,9,6,6,1,43,7,2995,1,12,AUDI S4,6,E01002912,0,-1
2021201064030,2021,201064030,1,9,0,18,19,4,8,0,0,8,0,0,0,0,1,1,6,6,1,48,8,2995,1,8,AUDI S4,2,E01009395,0,-1
202154B624021,2021,54B624021,1,9,0,18,19,1,4,0,0,1,0,0,0,0,1,1,6,6,2,73,10,2995,1,10,AUDI S4,8,E01031894,0,-1
2021430273722,2021,430273722,1,9,0,18,19,6,2,0,0,0,0,4,0,0,1,1,6,6,1,-1,-1,2995,1,9,AUDI S4,-1,-1,0,-1
2021010335441,2021,010335441,1,9,0,99,99,9,9,99,99,9,9,99,9,99,2,9,6,6,1,23,5,2995,1,4,AUDI S4,3,E01004261,0,-1
2021211128792,2021,211128792,2,8,-1,-1,-1,-1,-1,-1,-1,0,-1,-1,-1,0,-1,1,5,6,1,30,6,2995,1,3,AUDI S4,2,E01014355,0,-1
2021411128227,2021,411128227,2,9,0,4,4,5,1,0,0,0,0,0,0,0,2,1,6,6,1,26,6,2967,2,1,AUDI S4,8,E01001094,0,-1
2021501131409,2021,501131409,2,9,0,18,19,6,2,0,0,1,0,0,3,1,1,1,1,1,1,33,6,4163,1,15,AUDI S4,6,E01020195,0,-1
2021440470181,2021,440470181,1,9,0,18,19,1,5,0,0,1,0,0,0,0,4,1,2,2,1,52,8,2995,1,4,AUDI S4,8,E01023004,0,-1
2021430353791,2021,430353791,2,9,0,3,3,4,8,0,0,1,0,0,0,0,2,1,6,6,1,29,6,2995,1,7,AUDI S4,6,E01016813,0,-1
2021451021260,2021,451021260,1,9,0,18,19,2,6,0,0,0,1,0,1,0,1,1,6,6,3,37,7,2995,1,11,AUDI S4,-1,-1,0,-1
2021401122210,2021,401122210,2,9,0,18,19,1,5,0,0,0,0,0,1,0,1,1,2,2,1,38,7,2995,1,6,AUDI S4,7,E01017485,0,-1
2021161023712,2021,161023712,2,9,0,13,13,4,8,0,0,1,0,0,0,0,0,1,2,2,2,51,8,2995,1,6,AUDI S4,6,E01011517,0,-1
2021010307885,2021,010307885,2,9,0,99,99,9,9,99,99,9,9,99,9,99,2,9,6,6,3,-1,-1,2995,1,3,AUDI S4,-1,-1,0,-1
2021221055471,2021,221055471,1,9,0,18,19,2,6,0,0,8,0,0,0,0,1,1,5,6,1,30,6,2995,1,4,AUDI S4,6,E01010135,0,-1
2021052101395,2021,052101395,1,9,0,9,9,7,5,0,0,8,0,0,0,0,1,1,6,6,2,27,6,2995,1,11,AUDI S4,9,E01007166,0,-1
2021320298431,2021,320298431,1,9,0,18,19,3,7,0,0,0,1,12,7,11,1,1,2,2,1,34,6,2995,1,12,AUDI S4,7,E01026314,0,-1
2021010301794,2021,010301794,2,9,0,99,99,9,9,99,99,9,9,99,9,99,9,9,6,6,3,27,6,2995,1,4,AUDI S4,3,E01001954,0,-1
2021070787772,2021,070787772,1,9,0,18,19,0,0,0,0,0,0,0,0,0,0,1,6,6,1,-1,-1,2967,2,2,AUDI S4,-1,-1,0,-1
2021131098594,2021,131098594,1,9,0,5,5,2,2,0,0,6,0,4,0,0,-1,1,6,6,3,-1,-1,2967,2,1,AUDI S4,-1,-1,0,-1
202106K079698,2021,06K079698,1,9,0,14,14,1,5,0,0,0,1,10,7,5,1,1,6,6,1,40,7,2995,1,6,AUDI S4,6,E01004925,0,-1
2021231031479,2021,231031479,2,9,0,18,19,1,5,0,0,0,0,0,0,0,4,1,5,6,1,52,8,2967,2,1,AUDI S4,2,E01026716,0,-1
2021201067659,2021,201067659,1,9,0,18,19,8,4,0,0,2,1,10,7,11,1,1,6,6,1,49,8,4163,1,18,AUDI S4,2,E01010477,0,-1
2021131108384,2021,131108384,5,9,0,2,2,0,0,0,0,8,0,0,0,0,2,1,6,6,3,-1,-1,2995,1,4,AUDI S4,-1,-1,0,-1
2021411093311,2021,411093311,2,9,0,4,4,7,2,0,0,1,0,0,0,0,2,1,6,6,1,57,9,2995,1,3,AUDI S4,10,E01033428,0,-1
2021122101143,2021,122101143,2,9,0,3,3,2,6,0,0,1,0,0,0,0,2,1,2,2,1,45,7,2995,1,9,AUDI S4,8,E01011277,0,-1
2021052100060,2021,052100060,2,9,0,18,19,7,3,0,0,8,0,0,1,7,1,1,6,6,1,41,7,2995,1,10,AUDI S4,1,E01006778,0,-1
2021052102682,2021,052102682,2,9,0,18,19,3,7,0,0,0,0,0,0,0,2,1,6,6,1,25,5,2995,1,4,AUDI S4,2,E01006718,0,-1
2021010287355,2021,010287355,2,9,0,18,19,7,3,0,0,1,1,0,7,1,4,1,6,6,2,58,9,2995,1,7,AUDI S4,9,E01004607,0,-1
2021141022780,2021,141022780,2,9,0,9,9,5,3,0,0,0,0,0,0,0,1,1,6,6,2,32,6,4163,1,16,AUDI S4,1,E01007563,0,-1
2021430530169,2021,430530169,1,9,0,18,19,4,8,0,0,6,1,0,0,0,1,1,2,2,1,26,6,2967,2,2,AUDI S4,9,E01016601,0,-1
2021451052007,2021,451052007,1,9,0,7,7,5,1,0,0,3,0,0,0,0,1,1,5,6,1,33,6,2995,1,4,AUDI S4,7,E01030993,0,-1
2021520200990,2021,520200990,1,9,0,18,19,8,4,0,0,0,0,0,0,0,1,1,6,6,1,23,5,2995,1,10,AUDI S4,5,E01029259,0,-1
2021201021985,2021,201021985,1,9,0,13,13,6,2,0,0,2,1,7,5,0,1,1,6,6,3,-1,-1,2995,1,4,AUDI S4,-1,-1,0,-1
2021221058022,2021,221058022,1,9,0,18,19,2,6,0,0,0,0,10,6,1,1,1,5,6,1,47,8,2179,2,13,-1,5,E01028955,0,-1
2021552100810,2021,552100810,1,9,0,18,19,2,6,0,0,1,0,0,0,0,1,1,4,7,2,77,11,2179,2,13,-1,9,E01002376,0,-1
2021170L20161,2021,170L20161,1,9,0,3,3,8,4,0,0,1,0,0,0,0,2,1,6,6,1,39,7,2179,2,13,-1,5,E01012173,0,-1
2021471021463,2021,471021463,1,9,0,18,19,1,5,0,0,8,0,0,1,11,3,1,6,6,1,70,10,2179,2,14,-1,7,E01016979,0,-1
2021461107648,2021,461107648,1,9,0,18,19,4,8,9,9,0,5,4,7,0,4,1,1,1,3,-1,-1,1298,1,19,DAIHATSU TERIOS,-1,-1,0,-1
2021141136977,2021,141136977,1,9,0,3,3,7,3,9,9,1,0,0,0,0,1,1,6,6,1,25,5,1495,1,14,DAIHATSU TERIOS,2,E01008056,0,-1
2021430499709,2021,430499709,2,9,0,18,19,8,4,0,0,2,0,0,0,0,1,1,2,2,1,43,7,1298,1,16,DAIHATSU TERIOS,7,E01028776,0,-1
2021351114184,2021,351114184,3,9,0,2,2,0,0,0,0,0,0,0,0,0,2,1,5,6,2,43,7,1495,1,15,DAIHATSU TERIOS,4,E01018060,0,-1
2021440158265,2021,440158265,2,9,0,18,19,1,5,0,0,8,0,0,0,0,4,1,6,6,1,60,9,1495,1,14,DAIHATSU TERIOS,9,E01017352,0,-1
2021231187508,2021,231187508,2,9,0,18,19,1,5,0,0,8,0,0,0,0,1,1,5,6,1,57,9,1298,1,17,DAIHATSU TERIOS,4,E01031073,0,-1
2021501111783,2021,501111783,1,9,0,9,9,3,8,0,0,8,0,0,0,0,1,1,2,2,2,32,6,1495,1,14,DAIHATSU TERIOS,1,E01015040,0,-1
2021371089682,2021,371089682,1,9,0,18,19,3,7,0,0,8,0,0,0,0,1,1,5,6,2,59,9,1298,1,17,DAIHATSU TERIOS,3,E01030026,0,-1
2021522200016,2021,522200016,1,9,0,18,19,4,8,0,0,0,0,0,0,0,1,1,6,6,1,60,9,1296,1,22,DAIHATSU TERIOS,1,E01014581,0,-1
2021451052324,2021,451052324,2,9,0,3,3,1,5,0,0,1,0,0,0,0,2,1,5,6,2,56,9,1495,1,12,DAIHATSU TERIOS,7,E01030858,0,-1
2021010325945,2021,010325945,1,9,0,99,99,9,9,99,99,0,9,99,9,99,9,9,6,6,2,44,7,1298,1,16,DAIHATSU TERIOS,4,E01002224,0,-1
2021411087861,2021,411087861,2,9,0,9,9,8,2,0,0,2,0,0,0,0,2,1,6,6,1,66,10,1495,1,14,DAIHATSU TERIOS,3,E01023397,0,-1
2021461085204,2021,461085204,1,9,0,17,19,6,2,0,0,0,0,0,0,0,1,1,6,6,1,33,6,1298,1,17,DAIHATSU TERIOS,5,E01024342,0,-1
2021070393267,2021,070393267,1,9,0,18,19,7,3,0,0,0,0,0,0,0,1,1,6,6,1,59,9,1298,1,19,DAIHATSU TERIOS,6,E01018674,0,-1
2021471113611,2021,471113611,1,2,0,4,4,8,4,0,0,0,0,0,0,0,4,1,1,1,1,17,4,50,1,2,-1,3,E01031441,0,-1
2021351100504,2021,351100504,2,2,0,18,19,-1,-1,0,0,8,0,0,0,0,1,1,6,6,1,16,4,50,1,1,-1,8,E01018099,0,-1
2021010331111,2021,010331111,2,2,0,18,19,1,5,0,0,8,0,0,0,0,1,1,2,2,1,17,4,50,1,1,-1,3,E01021834,0,-1
2021501063555,2021,501063555,2,2,0,18,19,4,6,0,0,8,1,0,0,0,4,1,5,6,1,16,4,50,1,0,-1,6,E01020237,0,-1
2021501135154,2021,501135154,1,3,0,18,19,2,6,0,0,0,1,0,0,0,0,1,6,6,1,17,4,-1,-1,-1,-1,4,E01015185,0,-1
2021440005393,2021,440005393,1,4,0,18,19,3,7,0,0,8,0,0,0,0,0,1,1,1,1,25,5,124,1,5,-1,8,E01022652,0,-1
2021351109266,2021,351109266,2,2,0,18,19,3,7,0,0,1,0,0,0,0,1,1,5,6,1,16,4,50,1,4,-1,6,E01018036,0,-1
2021522104774,2021,522104774,1,4,0,18,19,7,3,0,0,0,0,0,0,0,3,1,6,6,1,18,4,-1,-1,-1,-1,3,E01014650,0,-1
2021471075126,2021,471075126,2,3,0,16,19,7,3,0,0,8,0,0,0,0,1,1,5,6,1,19,4,124,1,5,-1,1,E01020993,0,-1
2021041084157,2021,041084157,2,5,0,18,19,5,1,0,0,0,5,0,0,0,1,1,5,6,1,57,9,849,1,10,-1,2,E01025445,0,-1
2021031024536,2021,031024536,1,5,0,9,9,7,3,0,0,0,1,0,0,0,1,1,5,6,1,48,8,849,1,13,-1,3,E01019089,0,-1
2021351092865,2021,351092865,1,5,0,16,19,2,4,0,0,0,1,0,4,0,3,1,6,6,1,42,7,849,1,11,-1,9,E01026304,0,-1
2021010291369,2021,010291369,1,5,0,18,19,5,1,0,0,0,0,0,0,0,1,1,6,6,1,43,7,849,1,11,-1,3,E01001326,0,-1
2021543063221,2021,543063221,1,5,0,13,13,4,8,0,0,0,1,0,0,0,1,1,6,6,1,29,6,849,1,9,-1,8,E01032002,0,-1