collision_index,collision_year,collision_ref_no,vehicle_reference,vehicle_type,towing_and_articulation,vehicle_manoeuvre_historic,vehicle_manoeuvre,vehicle_direction_from,vehicle_direction_to,vehicle_location_restricted_lane_historic,vehicle_location_restricted_lane,junction_location,skidding_and_overturning,hit_object_in_carriageway,vehicle_leaving_carriageway,hit_object_off_carriageway,first_point_of_impact,vehicle_left_hand_drive,journey_purpose_of_driver_historic,journey_purpose_of_driver,sex_of_driver,age_of_driver,age_band_of_driver,engine_capacity_cc,propulsion_code,age_of_vehicle,generic_make_model,driver_imd_decile,lsoa_of_driver,escooter_flag,driver_distance_banding
2021451097215,2021,451097215,1,9,0,18,19,8,4,0,0,0,0,0,0,0,4,1,6,6,1,49,8,1970,1,26,-1,10,E01030338,0,-1
2021010317722,2021,010317722,1,9,0,7,7,1,3,0,0,1,0,0,0,0,4,1,1,1,1,78,11,2198,1,14,-1,6,E01021535,0,-1
2021010336164,2021,010336164,1,9,0,99,99,9,9,99,99,9,9,99,9,99,9,9,2,2,1,45,7,1970,1,24,-1,5,E01003411,0,-1
2021320222978,2021,320222978,2,9,0,18,19,8,4,0,0,1,0,0,1,9,1,1,2,2,1,57,9,5700,1,31,-1,8,E01026193,0,-1
2021221115234,2021,221115234,1,9,0,9,9,1,3,9,9,0,0,0,0,0,1,1,3,7,1,56,9,5700,1,18,-1,7,E01010219,0,-1
2021361140845,2021,361140845,1,9,0,18,19,4,7,0,0,0,0,0,7,0,1,1,5,6,2,29,6,1360,1,16,CITROEN C2,5,E01026788,0,-1
2021461060016,2021,461060016,1,9,0,18,19,5,1,0,0,0,0,0,0,0,4,1,5,6,1,77,11,1398,2,16,CITROEN C2,7,E01024274,0,-1
2021201057897,2021,201057897,1,9,0,18,19,-1,-1,0,0,0,0,0,0,0,1,1,6,6,1,-1,-1,1124,1,17,CITROEN C2,-1,-1,0,-1
2021440500474,2021,440500474,2,9,0,18,19,2,4,0,0,6,0,0,0,0,1,2,6,6,1,23,5,1587,1,17,CITROEN C2,9,E01022593,0,-1
2021231075797,2021,231075797,2,9,0,8,8,5,7,0,0,1,0,0,0,0,2,1,5,6,1,59,9,1124,1,17,CITROEN C2,4,W01000681,0,-1
202163A030121,2021,63A030121,1,9,0,12,12,1,4,0,0,0,0,0,0,0,3,1,2,2,1,26,6,1124,1,17,CITROEN C2,3,W01000454,0,-1
2021501133941,2021,501133941,1,9,0,9,9,2,7,0,0,1,0,0,0,0,1,1,6,6,2,46,8,1124,1,15,CITROEN C2,4,E01018968,0,-1
2021461058186,2021,461058186,1,9,0,14,14,5,1,0,0,0,0,0,0,0,4,1,6,6,1,20,4,1124,1,12,CITROEN C2,6,E01024065,0,-1
2021552101391,2021,552101391,1,9,0,18,19,8,4,0,0,0,1,0,0,0,1,1,6,6,2,29,6,1124,1,18,CITROEN C2,7,E01020428,0,-1
2021221121145,2021,221121145,1,9,0,2,2,0,0,0,0,0,0,0,0,0,2,1,5,6,1,52,8,1587,1,17,CITROEN C2,2,E01032202,0,-1
2021320297216,2021,320297216,1,9,0,9,9,5,3,0,0,6,0,0,0,0,1,1,6,6,1,39,7,1398,2,13,CITROEN C2,2,E01026108,0,-1
2021141016862,2021,141016862,1,9,0,9,9,2,8,0,0,5,0,0,0,0,1,1,1,1,1,33,6,1587,1,11,CITROEN C2,2,E01007414,0,-1
2021231058689,2021,231058689,1,9,0,4,4,6,2,0,0,0,0,0,0,0,2,1,5,6,1,28,6,1360,1,17,CITROEN C2,-1,-1,0,-1
2021361134111,2021,361134111,1,9,0,18,19,1,5,0,0,0,2,0,7,10,3,1,5,6,2,19,4,1124,1,16,CITROEN C2,6,E01026590,0,-1
2021501137492,2021,501137492,3,9,0,18,19,2,6,0,0,0,0,0,0,0,0,1,5,6,2,36,7,1124,1,16,CITROEN C2,4,E01020337,0,-1
2021440188046,2021,440188046,2,9,0,4,4,5,1,0,0,1,0,0,0,0,1,1,6,6,2,18,4,1124,1,17,CITROEN C2,9,E01032605,0,-1
202134NNC3681,2021,34NNC3681,2,9,0,2,2,0,0,0,0,0,0,0,0,0,2,1,6,6,2,21,5,1124,1,17,CITROEN C2,10,E01027077,0,-1
2021522101434,2021,522101434,3,9,0,1,1,7,3,9,9,0,0,0,0,0,2,1,6,6,1,67,10,1587,1,16,CITROEN C2,9,E01014421,0,-1
2021061119966,2021,061119966,1,9,0,3,3,3,8,0,0,1,0,0,0,0,2,1,6,6,2,48,8,1124,1,16,CITROEN C2,1,E01006052,0,-1
2021302101594,2021,302101594,1,9,0,17,19,6,2,0,0,0,2,0,1,7,1,1,6,6,1,23,5,1587,1,12,CITROEN C2,9,E01019835,0,-1
2021211041986,2021,211041986,1,9,0,18,19,5,1,0,0,0,0,0,0,0,1,1,6,6,1,19,4,1124,1,16,CITROEN C2,10,E01029709,0,-1
2021991050169,2021,991050169,1,9,0,5,5,2,4,0,0,8,0,0,0,0,1,1,2,2,2,61,9,1587,1,14,CITROEN C2,5,-1,0,-1
2021622100330,2021,622100330,3,9,0,2,2,0,0,0,0,1,0,0,0,0,2,1,6,6,3,-1,-1,1587,1,17,CITROEN C2,-1,-1,0,-1
2021371033113,2021,371033113,2,9,0,18,19,6,2,0,0,0,0,0,0,0,2,1,5,6,2,51,8,1560,2,13,CITROEN C2,5,E01030106,0,-1
2021501148043,2021,501148043,2,9,0,18,19,5,1,0,0,8,0,0,0,0,1,1,6,6,1,48,8,1587,1,17,CITROEN C2,4,E01018916,0,-1
2021302101217,2021,302101217,1,9,0,4,4,8,6,0,0,1,0,0,0,0,2,1,6,6,2,19,4,1124,1,15,CITROEN C2,2,E01019799,0,-1
2021170L20741,2021,170L20741,1,9,0,18,19,2,6,0,0,0,0,0,1,4,1,1,6,6,1,24,5,1124,1,15,CITROEN C2,-1,-1,0,-1
2021141017481,2021,141017481,2,9,0,18,19,2,6,0,0,1,0,0,0,0,1,1,6,6,2,22,5,1587,1,13,CITROEN C2,1,E01007715,0,-1
2021131039415,2021,131039415,1,9,0,16,19,8,4,0,0,2,0,0,0,0,1,1,5,6,1,32,6,1587,1,14,CITROEN C2,2,E01011043,0,-1
2021010343864,2021,010343864,1,9,0,18,19,5,1,0,0,2,5,10,7,5,1,1,6,6,2,29,6,1360,1,12,CITROEN C2,8,E01002321,0,-1
2021451035460,2021,451035460,2,9,0,9,9,3,7,0,0,1,0,0,0,0,1,1,6,6,1,58,9,1124,1,13,CITROEN C2,7,E01031708,0,-1
2021421074682,2021,421074682,1,9,0,9,9,6,4,0,0,1,0,0,0,0,1,1,2,2,1,29,6,1587,1,13,CITROEN C2,9,E01021428,0,-1
2021430333064,2021,430333064,2,9,0,8,8,1,3,0,0,1,0,0,0,0,0,1,6,6,2,52,8,1587,1,15,CITROEN C2,2,E01016806,0,-1
2021010321229,2021,010321229,3,9,0,2,2,0,0,0,0,1,0,0,0,0,1,2,6,6,3,-1,-1,1124,1,16,CITROEN C2,-1,-1,0,-1
2021061050245,2021,061050245,1,9,0,3,3,4,8,0,0,0,0,0,0,0,2,1,6,6,2,41,7,1124,1,17,CITROEN C2,1,E01005190,0,-1
2021201077990,2021,201077990,4,9,0,18,19,4,8,0,0,0,0,0,0,0,1,1,6,6,2,39,7,1124,1,15,CITROEN C2,2,E01010562,0,-1
2021010304861,2021,010304861,2,9,0,99,99,9,9,99,99,9,9,99,9,99,9,9,6,6,2,25,5,1360,1,12,CITROEN C2,5,E01001863,0,-1
2021161075327,2021,161075327,1,9,0,18,19,2,6,0,0,0,0,0,7,4,3,1,2,2,2,60,9,1124,1,12,CITROEN C2,5,E01012991,0,-1
2021010345077,2021,010345077,1,9,0,11,11,2,6,0,0,0,0,0,0,0,4,1,6,6,2,64,9,1360,1,13,CITROEN C2,-1,-1,0,-1
2021622100109,2021,622100109,2,9,0,18,19,8,4,0,0,0,0,0,0,0,1,1,2,2,1,28,6,1587,1,14,CITROEN C2,2,W01001049,0,-1
2021010315576,2021,010315576,1,9,0,18,19,1,5,0,0,0,5,4,0,0,4,1,6,6,2,29,6,1587,1,16,CITROEN C2,5,E01000383,0,-1
2021411120959,2021,411120959,1,9,0,5,5,7,5,0,0,4,0,0,3,0,3,1,6,6,1,44,7,1124,1,15,CITROEN C2,5,E01023792,0,-1
202131B028321,2021,31B028321,3,9,0,2,2,0,0,0,0,2,0,0,0,0,2,1,6,6,3,-1,-1,1124,1,13,CITROEN C2,-1,-1,0,-1
2021010340275,2021,010340275,2,9,0,4,4,5,1,0,0,7,0,0,0,0,1,1,2,2,2,33,6,1360,1,17,CITROEN C2,6,E01001570,0,-1
2021501117629,2021,501117629,1,9,0,18,19,8,4,0,0,0,0,0,2,11,4,1,5,6,1,18,4,1124,1,14,CITROEN C2,2,E01019055,0,-1
2021201112569,2021,201112569,1,9,0,18,19,3,7,0,0,2,0,0,0,0,3,1,6,6,2,20,4,1124,1,14,CITROEN C2,4,E01009625,0,-1
2021061062731,2021,061062731,1,9,0,18,19,5,1,0,0,8,0,0,0,0,1,1,6,6,2,63,9,1124,1,15,CITROEN C2,6,E01005387,0,-1
2021320677150,2021,320677150,1,9,0,9,9,3,8,0,0,6,0,0,0,0,1,1,6,6,1,93,11,1398,2,16,CITROEN C2,10,E01026189,0,-1
2021421116342,2021,421116342,1,9,0,18,19,7,3,0,0,8,0,0,0,0,1,1,2,2,1,27,6,1124,1,14,CITROEN C2,6,E01015881,0,-1
2021041099469,2021,041099469,1,9,0,18,19,7,3,0,0,1,0,0,7,0,1,1,6,6,1,41,7,1124,1,17,CITROEN C2,2,E01025290,0,-1
2021430573203,2021,430573203,2,9,0,3,3,7,3,0,0,1,0,0,0,0,2,1,6,6,2,21,5,1360,1,11,CITROEN C2,10,E01017881,0,-1
2021440229022,2021,440229022,1,9,0,18,19,1,5,0,0,0,0,0,0,0,1,1,6,6,2,39,7,1124,1,17,CITROEN C2,5,E01017324,0,-1
2021221118058,2021,221118058,2,9,0,9,9,2,8,0,0,5,0,0,0,0,1,1,5,6,1,19,4,1124,1,12,CITROEN C2,1,E01032465,0,-1
2021010304733,2021,010304733,1,9,0,10,10,5,3,0,0,1,0,0,0,0,2,1,6,6,1,46,8,1124,1,15,CITROEN C2,3,E01001053,0,-1
2021421097864,2021,421097864,2,9,0,3,3,3,7,0,0,0,0,0,0,0,2,1,6,6,2,26,6,1124,1,16,CITROEN C2,1,E01021700,0,-1
2021520201000,2021,520201000,1,9,0,17,19,7,3,0,0,0,0,0,1,0,1,1,6,6,2,35,6,1124,1,16,CITROEN C2,2,E01032093,0,-1
2021041092232,2021,041092232,2,9,0,4,4,1,5,0,0,3,0,0,0,0,2,1,5,6,2,36,7,1124,1,13,CITROEN C2,1,E01012752,0,-1
2021544166321,2021,544166321,1,9,0,16,19,2,6,0,0,0,2,0,1,4,4,1,6,6,1,28,6,1587,1,13,CITROEN C2,3,E01031854,0,-1
2021371039026,2021,371039026,1,9,5,18,19,3,7,0,0,0,0,0,0,0,1,1,6,6,2,31,6,1124,1,17,CITROEN C2,8,E01030089,0,-1
2021361100851,2021,361100851,1,9,0,18,19,3,7,0,0,0,5,0,1,0,1,1,5,6,1,18,4,1124,1,17,CITROEN C2,6,E01026505,0,-1
2021101035411,2021,101035411,1,9,0,16,19,7,3,0,0,0,1,0,0,0,3,1,6,6,1,24,5,1360,1,15,CITROEN C2,4,E01020614,0,-1
2021501130149,2021,501130149,1,9,0,18,19,7,3,0,0,0,1,0,7,0,1,1,2,2,1,39,7,1360,1,17,CITROEN C2,7,E01019899,0,-1
2021211096781,2021,211096781,1,9,0,18,19,5,1,0,0,1,0,0,0,0,1,1,5,6,1,34,6,1560,2,12,CITROEN C2,5,E01029449,0,-1
2021052101359,2021,052101359,1,9,0,18,19,4,8,0,0,8,0,0,0,0,1,1,6,6,2,22,5,1360,1,15,CITROEN C2,1,E01006905,0,-1
2021061059374,2021,061059374,1,9,0,18,19,3,7,0,0,0,0,11,0,0,1,1,2,2,2,65,9,1124,1,17,CITROEN C2,3,E01006342,0,-1
2021622100815,2021,622100815,1,9,0,18,19,2,6,0,0,1,0,0,7,11,1,1,6,6,2,45,7,1398,2,16,CITROEN C2,3,W01001153,0,-1
2021501116341,2021,501116341,2,9,0,18,19,5,2,0,0,8,0,0,0,0,4,1,5,6,1,17,4,1124,1,18,CITROEN C2,5,E01019050,0,-1
2021302100355,2021,302100355,4,9,0,4,4,4,8,0,0,1,0,0,0,0,3,1,6,6,1,83,11,1349,1,21,-1,6,E01019475,0,-1
2021531014058,2021,531014058,1,9,0,18,19,7,3,0,0,8,0,0,0,0,1,1,6,6,1,84,11,1349,1,21,-1,4,E01022365,0,-1
2021122100914,2021,122100914,1,3,0,16,19,6,2,0,0,0,1,0,0,0,4,1,6,6,1,19,4,124,1,3,-1,-1,-1,0,-1
2021461061510,2021,461061510,2,3,0,18,19,7,3,0,0,1,0,0,0,0,1,1,6,6,1,40,7,124,1,3,-1,3,E01024684,0,-1
2021440122592,2021,440122592,1,9,0,3,3,4,8,0,0,1,0,0,0,0,2,1,2,2,2,24,5,1299,1,18,FORD KA,3,E01017181,0,-1
2021461100154,2021,461100154,1,9,0,18,19,4,2,0,0,0,0,0,0,0,1,1,6,6,1,49,8,1299,1,14,FORD KA,9,E01024431,0,-1
202131C038021,2021,31C038021,2,9,0,18,19,5,1,0,0,1,0,0,0,0,1,1,2,2,1,47,8,1299,1,15,FORD KA,1,E01013479,0,-1
2021461102990,2021,461102990,1,9,0,18,19,2,6,0,0,0,0,0,0,0,1,1,6,6,1,34,6,1299,1,15,FORD KA,5,E01017945,0,-1
2021302100811,2021,302100811,2,9,0,18,19,6,2,0,0,8,0,0,1,4,1,1,6,6,2,18,4,1242,1,7,FORD KA,6,E01019551,0,-1
2021471043611,2021,471043611,2,9,0,18,19,2,6,0,0,0,0,0,0,0,3,1,5,6,2,43,7,1242,1,8,FORD KA,4,E01031364,0,-1
2021302100135,2021,302100135,1,9,0,17,19,4,8,0,0,0,5,0,1,2,1,1,6,6,2,23,5,1242,1,11,FORD KA,3,E01019743,0,-1
2021461114374,2021,461114374,1,9,0,4,4,3,7,0,0,1,0,0,0,0,4,1,6,6,1,68,10,1299,1,16,FORD KA,9,E01016176,0,-1
2021371058373,2021,371058373,2,9,0,18,19,5,1,0,0,8,0,0,0,0,4,1,5,6,2,21,5,1242,1,10,FORD KA,3,E01030114,0,-1
2021501049889,2021,501049889,4,9,0,2,2,0,0,6,6,0,0,4,0,0,2,1,6,6,2,24,5,1242,1,8,FORD KA,2,E01015081,0,-1
2021010287457,2021,010287457,2,9,0,99,99,9,9,99,99,9,9,99,9,99,1,9,6,6,3,-1,-1,1299,1,13,FORD KA,5,E01003247,0,-1
2021201084137,2021,201084137,2,9,0,9,9,3,1,0,0,6,0,0,0,0,4,1,2,2,2,56,9,1299,1,13,FORD KA,1,E01009321,0,-1
2021131081868,2021,131081868,3,9,0,3,3,3,1,0,0,0,0,0,0,0,2,1,5,6,2,21,5,1242,1,12,FORD KA,1,E01011293,0,-1
2021351054864,2021,351054864,1,9,0,10,10,1,5,0,0,1,0,0,0,0,1,1,5,6,2,20,4,1242,1,9,FORD KA,7,E01018188,0,-1
2021010330574,2021,010330574,1,9,0,9,9,3,8,0,0,6,0,0,3,0,3,1,6,6,2,34,6,1242,1,9,FORD KA,10,E01022867,0,-1
2021501040821,2021,501040821,1,9,0,5,5,7,3,0,0,0,0,0,0,0,1,1,3,7,2,44,7,1299,1,13,FORD KA,2,E01015026,0,-1
2021421088172,2021,421088172,1,9,0,4,4,4,8,0,0,0,0,10,8,0,3,1,2,2,1,50,8,1242,1,8,FORD KA,7,E01021505,0,-1
2021501049919,2021,501049919,1,9,0,3,3,5,1,0,0,0,0,0,0,0,1,1,5,6,2,44,7,1242,1,8,FORD KA,7,E01020206,0,-1
202131B110321,2021,31B110321,1,9,0,18,19,8,4,0,0,0,5,0,1,9,1,1,6,6,1,37,7,1299,1,13,FORD KA,7,E01028293,0,-1
2021052101370,2021,052101370,2,9,0,2,2,0,0,0,0,0,0,0,0,0,3,1,2,2,2,57,9,1242,1,12,FORD KA,1,E01006569,0,-1
2021531058931,2021,531058931,2,9,0,13,13,3,7,0,0,0,2,0,7,4,2,1,5,6,1,30,6,1242,1,9,FORD KA,9,E01032952,0,-1
2021131052518,2021,131052518,2,9,0,9,9,7,5,0,0,8,0,0,0,0,1,1,5,6,2,41,7,1242,1,11,FORD KA,6,E01011610,0,-1
2021070409688,2021,070409688,1,9,0,18,19,2,6,0,0,0,5,4,0,0,1,1,6,6,1,18,4,1242,1,12,FORD KA,4,E01012428,0,-1
2021061025800,2021,061025800,1,9,0,18,19,5,1,0,0,0,0,7,0,0,3,1,2,2,2,24,5,1299,1,13,FORD KA,8,E01014668,0,-1
202131B192721,2021,31B192721,1,9,0,9,9,2,8,0,0,5,0,0,0,0,1,1,1,1,2,25,5,1299,1,14,FORD KA,-1,-1,0,-1
2021201077895,2021,201077895,1,9,0,18,19,8,4,0,0,1,0,0,0,0,1,1,6,6,2,61,9,1242,1,12,FORD KA,2,E01010263,0,-1
2021371139235,2021,371139235,2,9,0,3,3,7,3,0,0,2,0,0,0,0,2,1,2,2,2,28,6,1242,1,7,FORD KA,5,E01029953,0,-1
2021101019633,2021,101019633,1,9,0,16,19,5,1,0,0,0,1,0,2,0,4,1,6,6,2,18,4,1242,1,11,FORD KA,1,E01027392,0,-1
2021161104136,2021,161104136,1,9,0,9,9,1,7,0,0,2,0,0,0,0,1,1,5,6,2,54,8,1242,1,7,FORD KA,5,E01013200,0,-1
2021161044618,2021,161044618,1,9,0,9,9,2,8,0,0,6,0,0,0,0,1,1,5,6,1,21,5,1242,1,8,FORD KA,9,E01013152,0,-1
2021461057023,2021,461057023,2,9,0,18,19,3,7,0,0,8,0,0,0,0,4,1,6,6,2,25,5,1242,1,9,FORD KA,8,E01024527,0,-1
202131D170621,2021,31D170621,1,9,0,18,19,8,4,0,0,0,1,0,4,6,3,1,2,2,1,24,5,1242,1,11,FORD KA,2,E01019441,0,-1
2021221034414,2021,221034414,1,9,0,18,19,4,8,0,0,8,0,0,0,0,4,1,5,6,2,63,9,1299,1,13,FORD KA,6,E01032172,0,-1
2021041076984,2021,041076984,1,9,0,18,19,7,3,0,0,0,1,10,2,2,1,1,5,6,1,21,5,1242,1,8,FORD KA,1,E01025493,0,-1
2021041054639,2021,041054639,1,9,0,18,19,1,5,0,0,0,0,0,1,11,1,1,5,6,2,48,8,1242,1,8,FORD KA,-1,-1,0,-1
2021991032686,2021,991032686,1,9,0,18,19,1,7,0,0,1,0,0,0,0,1,1,6,6,1,69,10,1242,1,11,FORD KA,1,-1,0,-1
2021101040270,2021,101040270,1,9,0,18,19,7,3,0,0,4,0,0,0,0,1,1,6,6,2,50,8,1242,1,12,FORD KA,5,E01027436,0,-1
2021430416549,2021,430416549,2,9,0,16,19,6,2,0,0,1,0,0,0,0,1,1,6,6,2,58,9,1242,1,9,FORD KA,10,E01028763,0,-1
2021440478150,2021,440478150,1,9,0,3,3,5,1,0,0,1,0,0,0,0,2,1,6,6,1,19,4,1242,1,11,FORD KA,4,E01022524,0,-1
2021622100140,2021,622100140,1,9,0,18,19,8,4,0,0,0,5,0,7,10,1,1,6,6,1,19,4,1599,1,16,FORD KA,4,W01000947,0,-1
2021440158872,2021,440158872,1,9,0,5,5,4,8,0,0,8,0,0,0,0,1,1,6,6,2,45,7,1242,1,9,FORD KA,4,E01017235,0,-1
202163C060921,2021,63C060921,1,9,0,1,1,8,4,0,0,0,0,0,0,0,2,1,6,6,2,18,4,1242,1,11,FORD KA,6,W01000574,0,-1
2021471110798,2021,471110798,1,9,0,9,9,5,2,0,0,8,0,0,7,0,3,1,1,1,2,23,5,1242,1,5,FORD KA,10,E01031680,0,-1
2021010311231,2021,010311231,1,9,0,18,19,3,7,0,0,8,0,0,0,0,3,1,6,6,2,78,11,1299,1,16,FORD KA,-1,-1,0,-1
2021501133231,2021,501133231,1,9,0,18,19,8,4,0,0,0,0,0,0,0,1,1,6,6,2,20,4,1242,1,8,FORD KA,1,E01014584,0,-1
2021991051895,2021,991051895,1,9,0,9,9,7,6,0,0,8,0,0,0,0,1,1,6,6,2,54,8,1242,1,8,FORD KA,2,-1,0,-1
2021201135755,2021,201135755,1,9,0,5,5,-1,-1,0,0,2,0,0,0,0,1,1,6,6,2,77,11,1242,1,11,FORD KA,2,E01009389,0,-1
2021131040671,2021,131040671,1,9,0,18,19,1,5,0,0,0,0,0,0,0,1,1,2,2,1,29,6,1299,1,14,FORD KA,4,E01011839,0,-1
2021552100119,2021,552100119,1,9,0,18,19,4,8,0,0,0,1,6,0,0,1,1,2,2,2,60,9,1242,1,11,FORD KA,10,E01020350,0,-1
2021041080497,2021,041080497,1,9,0,18,19,3,7,0,0,0,1,4,2,0,1,1,5,6,2,30,6,1242,1,10,FORD KA,2,E01012745,0,-1
2021501139090,2021,501139090,1,9,0,18,19,2,6,0,0,0,1,4,0,0,1,1,5,6,2,63,9,1242,1,12,FORD KA,3,E01019005,0,-1
2021010334638,2021,010334638,1,9,0,99,99,9,9,99,99,8,9,99,9,99,9,9,2,2,2,30,6,1299,1,13,FORD KA,4,E01003718,0,-1
2021201082372,2021,201082372,1,9,0,18,19,6,2,0,0,6,0,0,0,0,1,1,6,6,1,31,6,1242,1,6,FORD KA,5,E01009185,0,-1
2021991090764,2021,991090764,1,9,0,13,13,3,7,0,0,1,0,0,7,0,1,1,2,2,2,65,9,1242,1,7,FORD KA,5,-1,0,-1
202131B050821,2021,31B050821,2,9,0,8,8,8,1,0,0,1,0,0,0,0,3,1,6,6,2,54,8,1242,1,9,FORD KA,10,E01025785,0,-1
20211383T1221,2021,1383T1221,1,9,0,18,19,3,7,0,0,0,0,0,0,0,3,1,1,1,2,22,5,1242,1,7,FORD KA,-1,-1,0,-1
2021041099344,2021,041099344,2,9,0,3,3,3,7,0,0,0,0,0,0,0,2,1,6,6,2,34,6,1299,1,13,FORD KA,8,E01025052,0,-1
2021141050198,2021,141050198,1,9,0,18,19,5,1,0,0,1,0,0,0,0,1,1,2,2,2,19,4,1242,1,11,FORD KA,5,E01007469,0,-1
2021052100699,2021,052100699,1,9,0,9,9,7,5,0,0,8,0,0,0,0,3,2,2,2,2,22,5,1299,1,16,FORD KA,1,E01006447,0,-1
2021451076044,2021,451076044,2,9,0,8,8,7,3,0,0,1,0,0,0,0,2,1,5,6,2,45,7,1299,1,18,FORD KA,6,E01030555,0,-1
2021010298289,2021,010298289,1,9,0,99,99,9,9,99,99,9,9,99,9,99,1,9,6,6,1,85,11,1299,1,18,FORD KA,8,E01001122,0,-1
2021461028360,2021,461028360,2,9,0,3,3,4,8,0,0,0,0,0,0,0,2,1,6,6,2,21,5,1299,1,15,FORD KA,4,E01024593,0,-1
2021451091638,2021,451091638,2,9,0,18,19,8,4,0,0,0,0,0,0,0,1,1,5,6,1,21,5,1242,1,12,FORD KA,9,E01030571,0,-1
2021351100151,2021,351100151,1,9,0,17,19,5,1,0,0,0,5,0,7,3,3,1,5,6,2,20,4,1242,1,6,FORD KA,9,E01017439,0,-1
2021010334210,2021,010334210,3,9,0,2,2,0,0,0,0,0,0,0,0,0,4,1,6,6,3,-1,-1,1242,1,8,FORD KA,-1,-1,0,-1
2021371125851,2021,371125851,2,9,0,4,4,8,3,0,0,0,0,0,0,0,2,1,5,6,2,52,8,1299,1,19,FORD KA,6,E01030087,0,-1
202134WNC7351,2021,34WNC7351,1,9,0,18,19,5,1,0,0,0,0,12,1,9,1,1,2,2,2,18,4,1242,1,8,FORD KA,10,E01027015,0,-1
2021052100217,2021,052100217,2,9,0,18,19,8,4,0,0,2,0,0,0,0,3,1,6,6,2,68,10,1299,1,13,FORD KA,2,E01032511,0,-1
2021991016585,2021,991016585,1,9,0,9,9,2,7,0,0,8,5,0,1,0,3,1,6,6,2,69,10,1242,1,8,FORD KA,5,-1,0,-1
2021411088404,2021,411088404,1,9,0,9,9,4,1,0,0,0,0,0,1,0,2,1,5,6,2,80,11,1299,1,13,FORD KA,4,E01023906,0,-1
2021221118057,2021,221118057,2,9,0,17,19,6,3,0,0,0,0,0,0,0,1,1,5,6,1,23,5,1299,1,17,FORD KA,9,E01032183,0,-1
2021041157431,2021,041157431,2,9,0,4,4,3,7,0,0,0,0,0,0,0,1,1,5,6,2,19,4,1242,1,7,FORD KA,5,E01024928,0,-1
2021010352309,2021,010352309,1,9,0,99,99,9,9,99,99,9,9,99,9,99,9,9,6,6,2,48,8,1242,1,8,FORD KA,9,E01000199,0,-1
2021371074302,2021,371074302,3,9,0,2,2,1,1,0,0,2,0,0,0,0,1,1,5,6,2,27,6,1242,1,11,FORD KA,5,E01030272,0,-1
202163D066821,2021,63D066821,2,9,0,9,9,8,4,0,0,5,0,0,0,0,3,1,6,6,2,23,5,1242,1,11,FORD KA,2,E01033090,0,-1
2021461091348,2021,461091348,1,9,0,7,7,3,6,0,0,1,0,0,0,0,1,1,5,6,2,85,11,1248,2,11,FORD KA,5,E01024229,0,-1
2021411074266,2021,411074266,1,9,0,9,9,5,3,0,0,1,0,0,0,0,1,1,5,6,2,86,11,1299,1,16,FORD KA,10,E01023911,0,-1
2021122100276,2021,122100276,2,9,0,18,19,1,5,0,0,1,0,0,0,0,1,1,6,6,2,88,11,1242,1,7,FORD KA,10,E01013420,0,-1
2021221078805,2021,221078805,1,9,0,18,19,6,2,0,0,8,0,0,1,1,1,1,5,6,2,21,5,1242,1,8,FORD KA,7,E01017925,0,-1
2021122101227,2021,122101227,1,9,0,18,19,5,1,0,0,8,0,0,1,0,3,1,6,6,2,32,6,1299,1,13,FORD KA,9,E01013362,0,-1
2021421092513,2021,421092513,2,9,0,18,19,6,1,0,0,8,0,0,0,0,4,1,5,6,2,58,9,1242,1,8,FORD KA,6,E01015968,0,-1
2021302101742,2021,302101742,2,9,0,3,3,8,3,0,0,7,0,0,0,0,2,1,6,6,1,56,9,1299,1,13,FORD KA,4,E01032275,0,-1
2021421026233,2021,421026233,2,9,0,18,19,5,1,0,0,1,0,0,7,0,1,1,5,6,1,18,4,1242,1,11,FORD KA,5,E01021298,0,-1
2021010325025,2021,010325025,2,9,0,99,99,9,9,99,99,9,9,99,9,99,1,9,6,6,3,-1,-1,1242,1,6,FORD KA,-1,-1,0,-1
2021161043287,2021,161043287,1,9,0,9,9,1,6,0,0,8,0,0,0,0,1,1,5,6,2,19,4,1242,1,12,FORD KA,10,E01013043,0,-1
202131B085121,2021,31B085121,1,9,0,16,19,6,2,0,0,3,1,0,1,7,1,1,6,6,1,36,7,1242,1,8,FORD KA,6,E01029320,0,-1
202154C566821,2021,54C566821,1,9,0,18,19,4,8,0,0,1,0,0,0,0,0,1,6,6,1,24,5,1299,1,17,FORD KA,5,E01031869,0,-1
2021501082324,2021,501082324,1,9,0,10,10,3,7,0,0,1,0,0,0,0,1,1,6,6,2,20,4,1299,1,20,FORD KA,3,E01018942,0,-1
2021411078134,2021,411078134,1,9,0,18,19,3,3,0,0,0,0,0,0,0,1,1,6,6,2,24,5,1242,1,12,FORD KA,10,E01025787,0,-1
2021351092273,2021,351092273,1,9,0,18,19,7,3,0,0,0,2,0,7,0,1,1,5,6,2,24,5,1299,1,13,FORD KA,6,E01018131,0,-1