collision_index,collision_year,collision_ref_no,vehicle_reference,vehicle_type,towing_and_articulation,vehicle_manoeuvre_historic,vehicle_manoeuvre,vehicle_direction_from,vehicle_direction_to,vehicle_location_restricted_lane_historic,vehicle_location_restricted_lane,junction_location,skidding_and_overturning,hit_object_in_carriageway,vehicle_leaving_carriageway,hit_object_off_carriageway,first_point_of_impact,vehicle_left_hand_drive,journey_purpose_of_driver_historic,journey_purpose_of_driver,sex_of_driver,age_of_driver,age_band_of_driver,engine_capacity_cc,propulsion_code,age_of_vehicle,generic_make_model,driver_imd_decile,lsoa_of_driver,escooter_flag,driver_distance_banding
2021501058389,2021,501058389,1,9,0,18,19,6,2,0,0,0,0,4,1,11,4,1,6,6,1,29,6,1560,2,11,PEUGEOT 308,5,E01018981,0,-1
2021522103162,2021,522103162,2,8,0,5,5,1,5,0,0,0,0,0,0,0,0,1,6,6,1,50,8,1560,2,5,-1,-1,-1,0,-1
202154A848121,2021,54A848121,1,9,0,18,19,7,3,0,0,0,5,0,1,0,1,1,1,1,1,37,7,1560,2,12,PEUGEOT 308,5,W01001101,0,-1
2021302100516,2021,302100516,3,9,0,2,2,0,0,0,0,0,0,0,0,0,2,1,6,6,3,-1,-1,1500,2,3,PEUGEOT 308,-1,-1,0,-1
2021061070686,2021,061070686,2,9,0,3,3,2,6,0,0,8,0,0,0,0,1,1,6,6,3,30,6,1397,1,12,PEUGEOT 308,-1,-1,0,-1
2021440466907,2021,440466907,2,9,0,18,19,7,3,0,0,1,0,0,0,0,2,1,6,6,1,49,8,1560,2,11,PEUGEOT 308,7,E01015490,0,-1
2021010314214,2021,010314214,1,9,0,18,19,4,8,0,0,1,0,0,0,0,4,1,1,1,1,32,6,1200,1,3,PEUGEOT 308,4,E01001247,0,-1
2021991038722,2021,991038722,2,9,0,18,19,1,5,0,0,0,0,0,0,0,2,1,5,6,2,61,9,1560,2,7,PEUGEOT 308,7,-1,0,-1
2021161101700,2021,161101700,2,9,0,2,2,0,0,0,0,0,0,0,0,0,2,1,6,6,3,-1,-1,1560,2,7,PEUGEOT 308,-1,-1,0,-1
2021302101012,2021,302101012,2,9,0,2,2,0,0,6,6,0,0,0,0,0,3,1,6,6,1,60,9,1560,2,6,PEUGEOT 308,7,E01019477,0,-1
2021131095502,2021,131095502,1,9,0,1,1,1,1,7,6,8,0,0,7,0,2,1,6,6,3,-1,-1,1560,2,11,PEUGEOT 308,-1,-1,0,-1
2021622100231,2021,622100231,1,9,0,18,19,4,8,0,0,7,0,0,0,0,1,1,6,6,1,25,5,1560,2,12,PEUGEOT 308,5,W01000887,0,-1
2021061029822,2021,061029822,1,9,0,3,3,3,7,0,0,0,0,0,0,0,2,1,5,6,1,55,8,1560,2,9,PEUGEOT 308,6,E01006216,0,-1
2021371033611,2021,371033611,1,9,0,1,1,-1,-1,0,0,0,0,0,0,0,0,1,6,6,1,74,10,1560,2,9,PEUGEOT 308,1,E01030279,0,-1
2021141026596,2021,141026596,2,9,0,9,9,6,2,0,0,1,0,10,0,0,4,1,1,1,1,45,7,1598,1,5,PEUGEOT 308,2,E01007451,0,-1
2021010294178,2021,010294178,2,9,0,99,99,9,9,99,99,9,9,99,9,99,1,9,6,6,3,-1,-1,1560,2,12,PEUGEOT 308,-1,-1,0,-1
2021052100425,2021,052100425,2,9,0,3,3,5,1,0,0,0,0,0,0,0,1,1,1,1,1,32,6,1500,2,2,PEUGEOT 308,1,E01006761,0,-1
2021622100398,2021,622100398,1,9,0,18,19,8,4,0,0,0,1,0,4,6,1,1,6,6,1,28,6,1560,2,5,PEUGEOT 308,2,W01001275,0,-1
2021471084790,2021,471084790,2,9,0,4,4,5,1,0,0,0,0,0,0,0,2,1,5,6,1,50,8,1200,1,3,PEUGEOT 308,7,E01031423,0,-1
20211383D1428,2021,1383D1428,3,9,0,18,19,7,3,0,0,0,0,0,0,0,2,1,6,6,1,55,8,1560,2,4,PEUGEOT 308,2,E01011246,0,-1
2021440458579,2021,440458579,3,9,0,18,19,5,1,0,0,1,0,0,0,0,1,1,6,6,1,35,6,1560,2,6,PEUGEOT 308,6,E01017014,0,-1
2021161122041,2021,161122041,2,9,0,2,2,0,0,0,0,2,0,4,0,0,2,1,6,6,3,53,8,1560,2,7,PEUGEOT 308,-1,-1,0,-1
202163B055721,2021,63B055721,2,9,0,4,4,6,2,0,0,1,0,0,0,0,2,1,6,6,1,73,10,1560,2,5,PEUGEOT 308,3,E01009411,0,-1
2021161016957,2021,161016957,1,9,0,18,19,7,3,0,0,8,0,0,0,0,3,1,1,1,1,35,6,1560,2,4,PEUGEOT 308,2,E01012871,0,-1
2021061145109,2021,061145109,1,9,0,1,1,1,5,0,0,0,0,0,0,0,2,1,1,1,1,30,6,1200,1,3,PEUGEOT 308,-1,-1,0,-1
2021131103938,2021,131103938,2,9,0,11,11,4,8,0,0,8,0,0,7,0,2,1,5,6,1,26,6,1560,2,7,PEUGEOT 308,5,E01011648,0,-1
2021991021425,2021,991021425,1,9,0,3,3,5,1,0,0,8,0,0,0,0,4,1,1,1,1,42,7,1560,2,4,PEUGEOT 308,9,-1,0,-1
2021461047088,2021,461047088,3,9,0,4,4,7,3,0,0,1,0,0,0,0,2,1,6,6,2,-1,-1,1560,2,10,PEUGEOT 308,10,E01024725,0,-1
2021351022432,2021,351022432,1,9,0,5,5,5,1,0,0,1,0,0,1,0,4,1,1,1,2,37,7,1200,1,6,PEUGEOT 308,8,E01022057,0,-1
2021041038973,2021,041038973,1,9,0,18,19,1,5,0,0,8,0,0,0,0,1,1,1,1,1,47,8,1560,2,3,PEUGEOT 308,1,E01025584,0,-1
2021991149144,2021,991149144,1,9,0,9,9,7,5,0,0,8,0,0,0,0,4,1,6,6,1,74,10,1598,1,7,PEUGEOT 308,10,-1,0,-1
2021440165312,2021,440165312,2,9,0,9,9,6,4,0,0,8,0,0,0,0,1,1,6,6,3,-1,-1,1560,2,5,PEUGEOT 308,-1,-1,0,-1
2021141102556,2021,141102556,1,9,0,10,10,5,2,0,0,1,0,0,0,0,3,1,5,6,1,72,10,1560,2,8,PEUGEOT 308,1,E01007627,0,-1
2021351124704,2021,351124704,1,9,0,18,19,7,3,0,0,1,0,0,0,0,1,1,6,6,2,22,5,1560,2,8,PEUGEOT 308,5,E01018226,0,-1
2021401129365,2021,401129365,2,9,0,18,19,6,2,0,0,0,0,0,0,0,4,1,6,6,1,31,6,1560,2,5,PEUGEOT 308,3,E01015701,0,-1
2021161017822,2021,161017822,1,9,0,9,9,3,1,0,0,0,0,0,0,0,1,1,1,1,2,36,7,1560,2,6,PEUGEOT 308,7,E01013096,0,-1
2021131084722,2021,131084722,2,9,0,17,19,5,1,0,0,0,0,4,0,0,1,1,2,2,1,65,9,1560,2,7,PEUGEOT 308,6,E01010765,0,-1
2021471114353,2021,471114353,2,9,0,18,19,8,3,0,0,0,0,0,0,0,0,1,1,1,1,39,7,1500,2,1,PEUGEOT 308,9,E01024823,0,-1
2021010297340,2021,010297340,1,9,0,10,10,1,7,0,0,1,0,0,0,0,1,1,6,6,2,31,6,1598,1,12,PEUGEOT 308,6,E01003862,0,-1
2021101072983,2021,101072983,1,9,0,4,4,1,5,0,0,0,0,0,0,0,0,1,6,6,1,56,9,1997,2,9,PEUGEOT 308,3,E01012313,0,-1
2021440107628,2021,440107628,1,9,0,13,13,6,2,0,0,0,0,0,4,0,4,1,2,2,1,58,9,1200,1,7,PEUGEOT 308,10,E01016200,0,-1
2021501081462,2021,501081462,1,9,0,16,19,1,5,0,0,0,2,0,1,11,1,1,5,6,2,23,5,1560,2,13,PEUGEOT 308,1,E01018997,0,-1
202131A055721,2021,31A055721,1,9,0,9,9,6,4,0,0,6,0,0,0,0,1,1,2,2,1,50,8,1397,1,12,PEUGEOT 308,2,E01028233,0,-1
2021421127740,2021,421127740,1,9,0,5,5,5,3,0,0,0,0,4,0,0,1,1,6,6,1,47,8,1598,1,9,PEUGEOT 308,4,E01015907,0,-1
2021461042419,2021,461042419,1,9,0,5,5,1,5,0,0,1,0,0,0,0,1,1,6,6,1,38,7,1200,1,2,PEUGEOT 308,8,E01005557,0,-1
2021371061695,2021,371061695,1,9,0,18,19,8,5,0,0,1,0,0,0,0,1,1,5,6,1,51,8,1560,2,13,PEUGEOT 308,10,E01030158,0,-1
2021141110524,2021,141110524,2,9,0,18,19,5,1,0,0,1,0,0,0,0,1,1,1,1,1,38,7,1498,2,1,PEUGEOT 308,6,E01007512,0,-1
2021131100396,2021,131100396,1,9,0,9,9,7,3,0,0,8,0,0,0,0,1,1,2,2,2,49,8,1560,2,12,PEUGEOT 308,1,E01010813,0,-1
2021201142523,2021,201142523,2,9,0,10,10,6,4,0,0,1,0,0,0,0,1,1,1,1,3,57,9,1560,2,10,PEUGEOT 308,1,E01010052,0,-1
2021501049694,2021,501049694,1,9,0,17,19,3,8,0,0,0,0,0,0,0,1,1,6,6,2,30,6,1598,1,12,PEUGEOT 308,5,E01020072,0,-1
2021041014321,2021,041014321,2,9,0,18,19,1,5,0,0,8,0,0,0,0,4,1,1,1,1,29,6,1560,2,4,PEUGEOT 308,1,E01025584,0,-1
2021010350104,2021,010350104,1,9,0,99,99,9,9,99,99,9,9,99,9,99,4,9,6,6,1,29,6,1997,2,6,PEUGEOT 308,10,E01002419,0,-1
2021201062725,2021,201062725,2,9,0,18,19,7,3,0,0,1,0,0,0,0,3,1,6,6,1,28,6,1560,2,8,PEUGEOT 308,1,E01009305,0,-1
2021201017944,2021,201017944,2,9,0,7,7,2,4,0,0,6,0,0,0,0,3,1,6,6,2,36,7,1560,2,10,PEUGEOT 308,1,E01009489,0,-1
2021320341230,2021,320341230,1,9,0,16,19,4,6,0,0,2,0,0,0,0,4,1,2,2,2,34,6,1997,2,5,PEUGEOT 308,3,E01026085,0,-1
2021471037195,2021,471037195,1,9,0,18,19,1,5,0,0,0,0,0,0,0,4,1,2,2,2,37,7,1560,2,11,PEUGEOT 308,10,E01031715,0,-1
2021052101902,2021,052101902,1,9,0,18,19,7,3,0,0,0,0,0,0,0,1,1,1,1,2,-1,-1,1500,2,1,PEUGEOT 308,-1,-1,0,-1
2021991078850,2021,991078850,1,9,0,16,19,6,1,0,0,0,2,0,7,10,1,1,1,1,2,35,6,1560,2,4,PEUGEOT 308,10,-1,0,-1
2021991012363,2021,991012363,4,9,0,2,2,0,0,0,0,0,0,0,0,0,3,1,1,1,1,36,7,1498,2,2,PEUGEOT 308,-1,-1,0,-1
2021201070130,2021,201070130,2,9,0,18,19,8,4,0,0,8,0,0,0,0,1,1,6,6,3,-1,-1,1560,2,12,PEUGEOT 308,-1,-1,0,-1
2021320411019,2021,320411019,2,9,0,18,19,1,5,0,0,0,0,0,0,0,0,1,6,6,1,39,7,1598,1,10,PEUGEOT 308,2,E01008700,0,-1
2021430333674,2021,430333674,2,9,0,1,1,5,1,0,0,1,0,0,0,0,2,1,6,6,2,-1,-1,1598,1,12,PEUGEOT 308,-1,-1,0,-1
2021302100204,2021,302100204,2,9,0,18,19,6,2,0,0,8,0,0,0,0,1,1,1,1,2,-1,-1,1560,2,3,PEUGEOT 308,1,E01013590,0,-1
2021440261424,2021,440261424,2,9,0,18,19,5,1,0,0,8,0,0,0,0,1,1,6,6,2,22,5,1200,1,4,PEUGEOT 308,2,E01017116,0,-1
2021522106282,2021,522106282,1,9,0,18,19,4,2,0,0,0,0,0,0,0,1,1,6,6,1,28,6,1560,2,12,PEUGEOT 308,7,E01031850,0,-1
2021461104514,2021,461104514,2,9,0,18,19,3,1,0,0,1,0,0,0,0,3,1,1,1,1,-1,-1,1500,2,0,PEUGEOT 308,1,E01024678,0,-1
2021131058164,2021,131058164,2,9,0,18,19,3,3,0,0,0,0,0,0,0,1,1,1,1,1,28,6,1498,2,2,PEUGEOT 308,-1,-1,0,-1
2021201144833,2021,201144833,3,9,0,2,2,0,0,9,9,2,0,0,0,0,1,1,6,6,1,-1,-1,1560,2,8,PEUGEOT 308,-1,-1,0,-1
2021161035902,2021,161035902,1,9,0,18,19,2,6,0,0,2,0,0,0,0,1,1,6,6,2,28,6,1560,2,13,PEUGEOT 308,3,E01013045,0,-1
2021361145094,2021,361145094,1,9,0,18,19,3,5,0,0,8,0,0,0,0,4,1,5,6,1,70,10,1560,2,8,PEUGEOT 308,6,E01026900,0,-1
2021041012916,2021,041012916,2,9,0,7,7,3,7,0,0,8,0,0,0,0,2,1,5,6,2,34,6,1560,2,9,PEUGEOT 308,7,E01025027,0,-1
2021401063804,2021,401063804,3,9,0,7,7,6,7,0,0,5,0,0,0,0,0,1,1,1,1,33,6,1500,2,0,PEUGEOT 308,3,E01017514,0,-1
2021991078406,2021,991078406,2,9,0,2,2,0,0,0,0,0,1,0,0,0,2,1,1,1,2,26,6,1200,1,6,PEUGEOT 308,10,-1,0,-1
2021401044330,2021,401044330,3,9,0,9,9,4,2,0,0,8,0,0,0,0,1,1,6,6,1,49,8,1560,2,5,PEUGEOT 308,7,E01017379,0,-1
2021010290404,2021,010290404,4,9,0,4,4,5,1,0,0,0,0,0,0,0,0,1,6,6,1,32,6,1560,2,5,PEUGEOT 308,2,E01015921,0,-1
2021421065433,2021,421065433,1,9,0,18,19,8,2,0,0,0,0,0,0,0,4,1,5,6,1,33,6,1560,2,11,PEUGEOT 308,2,E01002281,0,-1
2021141055286,2021,141055286,2,9,0,2,2,0,0,0,0,0,0,0,0,0,3,1,6,6,3,-1,-1,1560,2,7,PEUGEOT 308,-1,-1,0,-1
2021010303516,2021,010303516,1,9,0,99,99,9,9,99,99,9,9,99,9,99,2,9,6,6,1,30,6,1598,1,13,PEUGEOT 308,3,E01001117,0,-1
2021201096039,2021,201096039,2,9,0,3,3,4,8,0,0,1,0,0,0,0,2,1,2,2,1,41,7,1560,2,8,PEUGEOT 308,1,E01009564,0,-1
2021041038983,2021,041038983,2,9,0,4,4,5,1,0,0,1,0,0,0,0,2,1,5,6,2,55,8,1560,2,13,PEUGEOT 308,7,E01012747,0,-1
2021411078171,2021,411078171,2,9,0,4,4,1,5,0,0,0,0,0,0,0,2,1,1,1,1,23,5,1560,2,12,PEUGEOT 308,4,E01002624,0,-1
202154C080721,2021,54C080721,1,8,0,7,7,3,1,0,0,5,0,0,0,0,1,1,2,2,1,65,9,1560,2,6,PEUGEOT 308,9,E01032702,0,-1
2021991086718,2021,991086718,1,9,0,5,5,8,6,0,0,6,5,0,0,0,4,1,5,6,1,82,11,1200,1,3,PEUGEOT 308,6,E01021723,0,-1
2021131079283,2021,131079283,1,9,0,18,19,1,5,0,0,0,1,0,0,0,4,1,6,6,2,29,6,1560,2,13,PEUGEOT 308,4,E01010595,0,-1
2021131047568,2021,131047568,3,9,0,18,19,7,3,0,0,8,0,0,0,0,0,1,1,1,1,40,7,1498,2,1,PEUGEOT 308,7,E01011775,0,-1
2021141100923,2021,141100923,2,9,0,16,19,7,3,0,0,0,0,0,0,0,0,1,5,6,1,36,7,1498,2,1,PEUGEOT 308,3,E01011229,0,-1
2021361053065,2021,361053065,4,9,0,2,2,0,0,0,0,0,0,0,0,0,3,1,6,6,3,-1,-1,1560,2,6,PEUGEOT 308,-1,-1,0,-1
2021501119969,2021,501119969,1,9,0,18,19,7,5,0,0,8,0,0,4,6,3,1,6,6,1,75,10,1200,1,3,PEUGEOT 308,1,E01018997,0,-1
202163B083221,2021,63B083221,1,9,0,18,19,2,6,0,0,1,0,0,0,0,1,1,6,6,1,83,11,1560,2,10,PEUGEOT 308,8,W01000506,0,-1
2021052100298,2021,052100298,2,9,0,2,2,0,0,0,0,0,0,0,0,0,1,1,6,6,2,25,5,1598,1,11,PEUGEOT 308,4,E01007001,0,-1
2021010300892,2021,010300892,1,9,0,18,19,3,7,0,0,6,0,0,0,0,2,1,6,6,1,37,7,1397,1,12,PEUGEOT 308,6,E01002117,0,-1
2021351090507,2021,351090507,1,9,0,18,19,1,5,0,0,0,0,0,0,0,1,1,6,6,2,42,7,1997,2,5,PEUGEOT 308,10,E01033175,0,-1
2021991105277,2021,991105277,1,9,0,5,5,5,1,0,0,4,0,0,1,0,1,1,6,6,1,28,6,1560,2,6,PEUGEOT 308,7,-1,0,-1
2021052100258,2021,052100258,2,9,0,9,9,4,2,0,0,8,0,0,0,0,4,1,6,6,1,64,9,1560,2,12,PEUGEOT 308,5,E01006640,0,-1
2021041074601,2021,041074601,1,9,0,18,19,6,6,0,0,1,0,0,0,0,1,1,1,1,1,27,6,1498,2,2,PEUGEOT 308,7,E01025123,0,-1
2021141024867,2021,141024867,2,9,0,18,19,5,1,0,0,0,0,0,0,0,0,1,1,1,1,27,6,1498,2,1,PEUGEOT 308,1,E01007904,0,-1
2021211050693,2021,211050693,2,9,0,18,19,1,5,0,0,0,0,0,0,0,4,1,5,6,2,29,6,1560,2,6,PEUGEOT 308,9,E01010515,0,-1
2021061046698,2021,061046698,1,9,0,10,10,5,3,0,0,1,0,0,0,0,2,1,6,6,1,39,7,1560,2,11,PEUGEOT 308,1,E01005328,0,-1
2021440190865,2021,440190865,1,9,0,9,9,2,8,0,0,8,0,0,0,0,4,1,6,6,1,23,5,1598,1,14,PEUGEOT 308,1,E01017166,0,-1
2021991041896,2021,991041896,2,9,0,18,19,4,8,0,0,0,0,0,0,0,1,1,5,6,2,24,5,1560,2,4,PEUGEOT 308,-1,-1,0,-1
2021351124534,2021,351124534,3,9,0,18,19,2,6,0,0,0,0,0,0,0,0,1,6,6,2,40,7,1560,2,11,PEUGEOT 308,4,E01026713,0,-1
2021211027809,2021,211027809,1,9,0,16,19,7,3,9,9,0,0,0,0,0,3,1,2,2,1,50,8,1200,1,5,PEUGEOT 308,7,E01014310,0,-1
2021461059521,2021,461059521,1,9,0,18,19,3,7,0,0,0,0,0,0,0,3,1,1,1,2,23,5,1500,2,1,PEUGEOT 308,8,E01024779,0,-1
2021991086718,2021,991086718,2,9,0,18,19,2,6,0,0,1,0,0,0,0,1,1,5,6,1,47,8,1997,2,6,PEUGEOT 308,7,-1,0,-1
2021461017238,2021,461017238,1,9,0,18,19,3,7,0,0,0,0,0,0,0,1,1,6,6,2,57,9,1560,2,12,PEUGEOT 308,2,E01024477,0,-1
2021501061653,2021,501061653,1,9,0,18,19,1,5,0,0,0,5,0,8,0,1,1,5,6,1,81,11,1397,1,12,PEUGEOT 308,7,E01020075,0,-1
2021070120217,2021,070120217,2,9,0,18,19,7,3,0,0,1,0,0,7,0,4,1,1,1,1,33,6,1560,2,5,PEUGEOT 308,9,E01018737,0,-1
2021061046247,2021,061046247,3,9,0,18,19,2,6,0,0,1,0,0,0,0,0,1,1,1,1,25,5,1200,1,4,PEUGEOT 308,1,E01005091,0,-1
2021101066399,2021,101066399,1,9,0,16,19,5,1,0,0,0,0,0,0,0,1,1,6,6,2,57,9,1560,2,7,PEUGEOT 308,1,E01027392,0,-1
2021141055728,2021,141055728,1,9,0,18,19,5,1,0,0,1,0,0,0,0,1,1,2,2,1,43,7,1560,2,13,PEUGEOT 308,3,E01007322,0,-1
2021061053602,2021,061053602,2,9,0,18,19,4,8,0,0,0,0,0,0,0,4,1,6,6,2,52,8,1200,1,4,PEUGEOT 308,10,E01006347,0,-1
2021201111341,2021,201111341,3,9,0,8,8,7,1,0,0,1,0,0,0,0,2,1,6,6,1,20,4,1560,2,6,PEUGEOT 308,10,E01009803,0,-1
2021371151026,2021,371151026,2,9,0,5,5,1,5,0,0,8,0,0,0,0,2,1,5,6,1,56,9,1560,2,11,PEUGEOT 308,4,E01030169,0,-1
2021501133820,2021,501133820,1,9,0,18,19,5,1,0,0,0,0,0,0,0,4,1,5,6,2,38,7,1560,2,8,PEUGEOT 308,6,E01019016,0,-1
2021430460137,2021,430460137,1,9,0,18,19,4,8,0,0,0,0,0,0,0,0,1,1,1,2,58,9,1500,2,0,PEUGEOT 308,-1,-1,0,-1
2021411025458,2021,411025458,3,9,0,18,19,6,2,0,0,0,0,0,0,0,1,1,6,6,1,36,7,1200,1,1,PEUGEOT 308,5,E01015739,0,-1
2021131104206,2021,131104206,3,9,0,18,19,1,5,0,0,0,0,0,0,0,0,1,6,6,3,-1,-1,1498,2,0,PEUGEOT 308,-1,-1,0,-1
2021010333988,2021,010333988,1,9,0,10,10,5,2,0,0,1,0,0,0,0,2,1,1,1,1,36,7,1200,1,3,PEUGEOT 308,2,E01004008,0,-1
2021031075131,2021,031075131,1,9,0,18,19,7,3,0,0,0,0,0,0,0,3,1,6,6,2,65,9,1560,2,6,PEUGEOT 308,1,E01008839,0,-1
2021010310698,2021,010310698,1,9,0,3,3,5,1,0,0,4,0,0,0,0,2,1,6,6,2,28,6,1598,1,12,PEUGEOT 308,3,E01004006,0,-1
2021052102152,2021,052102152,1,9,0,16,19,8,4,0,0,0,5,0,7,4,1,1,1,1,1,32,6,1500,2,1,PEUGEOT 308,-1,-1,0,-1
2021401116078,2021,401116078,3,9,0,18,19,5,1,0,0,0,0,0,0,0,0,1,1,1,1,-1,-1,1500,2,0,PEUGEOT 308,-1,-1,0,-1
2021461108163,2021,461108163,4,9,0,2,2,0,0,0,0,1,0,0,0,0,2,1,6,6,3,-1,-1,1598,1,7,PEUGEOT 308,-1,-1,0,-1
2021501117643,2021,501117643,2,9,0,18,19,3,7,0,0,0,0,0,1,0,1,1,5,6,2,45,7,1200,1,0,PEUGEOT 308,4,E01026759,0,-1
2021161059994,2021,161059994,1,9,0,18,19,4,8,0,0,8,0,0,0,0,1,1,1,1,2,26,6,1560,2,6,PEUGEOT 308,9,E01012962,0,-1
2021041040306,2021,041040306,2,9,0,15,15,3,7,0,0,1,0,0,0,0,4,1,1,1,2,30,6,1498,2,1,PEUGEOT 308,-1,-1,0,-1
2021010298806,2021,010298806,1,9,0,18,19,5,1,0,0,3,0,4,0,0,1,1,2,2,1,33,6,1500,2,1,PEUGEOT 308,2,E01003580,0,-1
2021122100730,2021,122100730,1,9,0,18,19,1,5,0,0,0,0,0,2,11,4,1,6,6,2,23,5,1200,1,3,PEUGEOT 308,2,E01005340,0,-1
2021440334144,2021,440334144,1,9,0,18,19,1,5,0,0,0,0,0,0,0,1,1,6,6,2,65,9,1200,1,4,PEUGEOT 308,7,E01016301,0,-1
2021421082630,2021,421082630,2,9,0,11,11,1,6,0,0,3,0,0,0,0,3,1,5,6,2,53,8,1598,1,13,PEUGEOT 308,2,E01021711,0,-1
2021070351064,2021,070351064,1,9,0,18,19,2,6,0,0,8,0,0,0,0,1,1,1,1,1,47,8,1560,2,2,PEUGEOT 308,-1,-1,0,-1
2021131103878,2021,131103878,1,9,0,5,5,5,3,0,0,8,0,0,0,0,3,1,6,6,2,44,7,1598,1,11,PEUGEOT 308,6,E01005561,0,-1
2021052102583,2021,052102583,1,9,0,9,9,7,5,0,0,6,0,0,0,0,1,1,1,1,1,-1,-1,1560,2,3,PEUGEOT 308,-1,-1,0,-1
2021531106288,2021,531106288,2,9,0,8,8,5,7,0,0,1,0,0,0,0,2,1,2,2,1,62,9,1200,1,6,PEUGEOT 308,10,E01022114,0,-1
2021451042919,2021,451042919,2,9,0,17,19,1,5,0,0,8,0,0,0,0,1,1,1,1,2,50,8,1560,2,5,PEUGEOT 308,8,E01030527,0,-1
2021471117138,2021,471117138,3,9,0,4,4,2,6,0,0,2,0,0,0,0,2,1,6,6,2,73,10,1560,2,7,PEUGEOT 308,8,E01016928,0,-1
2021221042395,2021,221042395,2,9,0,18,19,1,5,0,0,0,1,0,0,0,1,1,5,6,2,60,9,1598,1,12,PEUGEOT 308,2,E01018316,0,-1
2021501091164,2021,501091164,3,9,0,4,4,2,6,0,0,0,0,0,0,0,1,1,1,1,2,42,7,1997,2,6,PEUGEOT 308,6,E01020108,0,-1
2021061069356,2021,061069356,1,9,0,18,19,1,1,0,0,0,0,0,0,0,1,1,6,6,2,69,10,1200,1,3,PEUGEOT 308,6,E01005523,0,-1
2021010313101,2021,010313101,1,9,0,13,13,5,1,1,1,1,0,0,0,0,1,1,1,1,2,21,5,1500,2,1,PEUGEOT 308,5,E01000975,0,-1
2021302100139,2021,302100139,1,9,0,18,19,8,4,0,0,0,1,10,0,0,1,1,6,6,2,27,6,1500,2,3,PEUGEOT 308,2,E01019672,0,-1
2021061038165,2021,061038165,2,9,0,18,19,7,3,0,0,1,0,0,0,0,0,1,1,1,3,30,6,1200,1,3,PEUGEOT 308,-1,-1,0,-1
2021540134521,2021,540134521,2,9,0,18,19,5,1,0,0,8,0,0,1,0,1,1,6,6,1,31,6,1560,2,7,PEUGEOT 308,10,E01031997,0,-1
2021201116069,2021,201116069,1,9,0,18,19,1,5,0,0,0,0,0,0,0,1,1,6,6,1,-1,-1,1560,2,8,PEUGEOT 308,-1,-1,0,-1
2021141113604,2021,141113604,1,9,0,18,19,3,7,0,0,8,0,0,0,0,1,1,1,1,1,26,6,1498,2,1,PEUGEOT 308,8,E01007686,0,-1
2021421106639,2021,421106639,4,9,0,2,2,0,0,0,0,0,0,0,0,0,1,1,6,6,3,-1,-1,1560,2,6,PEUGEOT 308,-1,-1,0,-1
2021061061205,2021,061061205,1,9,0,7,7,5,1,0,0,1,0,0,0,0,4,1,6,6,1,41,7,1200,1,5,PEUGEOT 308,-1,-1,0,-1
2021141012633,2021,141012633,2,9,0,18,19,7,3,0,0,0,0,0,0,0,0,1,1,1,1,33,6,1498,2,1,PEUGEOT 308,2,E01007451,0,-1
2021010321585,2021,010321585,1,9,0,99,99,9,9,99,99,9,9,99,9,99,9,9,6,6,1,59,9,1397,1,12,PEUGEOT 308,5,E01000564,0,-1
2021061072635,2021,061072635,2,9,0,11,11,3,7,0,0,0,1,7,0,0,3,1,5,6,2,22,5,1598,1,12,PEUGEOT 308,1,E01010655,0,-1
2021201028785,2021,201028785,2,9,0,3,3,8,4,0,0,1,0,0,0,0,2,1,6,6,2,24,5,1200,1,6,PEUGEOT 308,1,E01009204,0,-1
2021201071807,2021,201071807,1,9,0,18,19,4,8,0,0,0,1,0,0,0,3,1,2,2,2,45,7,1560,2,5,PEUGEOT 308,1,E01008896,0,-1
2021010296456,2021,010296456,1,9,0,5,5,7,3,0,0,1,0,0,0,0,1,1,6,6,3,-1,-1,1397,1,12,PEUGEOT 308,-1,-1,0,-1
2021141055073,2021,141055073,1,9,0,18,19,7,3,0,0,0,0,0,0,0,1,1,6,6,2,40,7,1560,2,5,PEUGEOT 308,2,E01007348,0,-1
2021991033510,2021,991033510,1,9,0,18,19,8,4,0,0,0,0,0,0,0,1,1,2,2,1,30,6,1560,2,7,PEUGEOT 308,3,-1,0,-1
2021052101078,2021,052101078,1,9,0,18,19,3,7,0,0,0,0,0,0,0,3,1,1,1,1,-1,-1,1560,2,3,PEUGEOT 308,-1,-1,0,-1
2021421085978,2021,421085978,2,9,0,2,2,3,7,0,0,1,0,0,0,0,1,1,6,6,1,29,6,1560,2,7,PEUGEOT 308,1,E01021997,0,-1
2021552100581,2021,552100581,1,9,0,1,1,6,4,0,0,0,0,0,0,0,2,1,3,7,1,56,9,1560,2,10,PEUGEOT 308,6,E01015355,0,-1
2021320414766,2021,320414766,1,9,0,18,19,4,8,0,0,0,0,0,0,0,1,1,6,6,1,75,10,1560,2,5,PEUGEOT 308,7,E01026319,0,-1
2021401116639,2021,401116639,1,9,0,18,19,7,3,0,0,1,0,0,0,0,1,1,6,6,3,-1,-1,1560,2,11,PEUGEOT 308,-1,-1,0,-1
2021052100442,2021,052100442,1,9,0,18,19,3,7,0,0,8,0,0,0,0,1,1,1,1,1,-1,-1,1560,2,3,PEUGEOT 308,-1,-1,0,-1
2021421092398,2021,421092398,1,9,0,9,9,1,7,0,0,3,0,0,0,0,1,1,5,6,1,74,10,1598,1,11,PEUGEOT 308,-1,-1,0,-1
2021061111763,2021,061111763,1,9,0,18,19,4,8,0,0,8,0,0,1,10,1,1,1,1,2,35,6,1200,1,0,PEUGEOT 308,4,E01006332,0,-1