collision_index,collision_year,collision_ref_no,vehicle_reference,vehicle_type,towing_and_articulation,vehicle_manoeuvre_historic,vehicle_manoeuvre,vehicle_direction_from,vehicle_direction_to,vehicle_location_restricted_lane_historic,vehicle_location_restricted_lane,junction_location,skidding_and_overturning,hit_object_in_carriageway,vehicle_leaving_carriageway,hit_object_off_carriageway,first_point_of_impact,vehicle_left_hand_drive,journey_purpose_of_driver_historic,journey_purpose_of_driver,sex_of_driver,age_of_driver,age_band_of_driver,engine_capacity_cc,propulsion_code,age_of_vehicle,generic_make_model,driver_imd_decile,lsoa_of_driver,escooter_flag,driver_distance_banding
2021131106220,2021,131106220,1,9,0,14,14,3,3,0,0,1,0,0,0,0,2,1,1,1,1,24,5,1500,2,0,PEUGEOT 308,7,E01011775,0,-1
2021070491535,2021,070491535,1,9,0,6,6,7,1,0,0,2,0,0,0,0,4,1,6,6,2,27,6,1560,2,6,PEUGEOT 308,1,E01012508,0,-1
2021041074718,2021,041074718,2,9,0,18,19,4,8,0,0,1,0,0,0,0,1,1,1,1,1,45,7,1560,2,4,PEUGEOT 308,3,E01012694,0,-1
2021141029078,2021,141029078,2,9,0,18,19,1,5,0,0,2,0,0,0,0,0,1,1,1,1,36,7,1560,2,4,PEUGEOT 308,4,E01033264,0,-1
2021991126222,2021,991126222,1,9,0,18,19,5,1,0,0,1,0,0,0,0,1,1,1,1,1,50,8,1560,2,4,PEUGEOT 308,1,-1,0,-1
2021451124510,2021,451124510,1,9,0,18,19,1,5,0,0,8,0,0,1,11,1,1,5,6,2,39,7,1560,2,10,PEUGEOT 308,10,E01030966,0,-1
2021501086268,2021,501086268,1,9,0,9,9,8,4,0,0,1,0,0,0,0,3,1,1,1,1,33,6,1560,2,12,PEUGEOT 308,4,E01018948,0,-1
2021231033454,2021,231033454,1,9,0,18,19,2,6,0,0,4,0,0,0,0,3,1,5,6,1,35,6,1560,2,9,PEUGEOT 308,6,E01032166,0,-1
2021201133900,2021,201133900,1,9,0,5,5,6,2,0,0,6,0,0,0,0,1,1,6,6,1,66,10,1560,2,12,PEUGEOT 308,1,E01033129,0,-1
2021371142667,2021,371142667,1,9,0,18,19,2,6,0,0,1,0,0,0,0,3,1,5,6,2,49,8,1500,2,0,PEUGEOT 308,7,E01029911,0,-1
2021451102317,2021,451102317,2,9,0,18,19,4,2,0,0,0,1,0,1,0,1,1,1,1,1,61,9,1560,2,6,PEUGEOT 308,9,E01022594,0,-1
2021010332783,2021,010332783,1,9,0,5,5,1,5,0,0,2,0,0,0,0,3,1,3,7,2,43,7,1560,2,10,PEUGEOT 308,5,E01004519,0,-1
2021201073586,2021,201073586,3,9,0,18,19,2,6,0,0,1,0,0,0,0,0,1,1,1,1,-1,-1,1500,2,0,PEUGEOT 308,-1,-1,0,-1
2021991017729,2021,991017729,2,9,0,3,3,3,7,0,0,0,0,0,0,0,3,1,1,1,1,41,7,1560,2,3,PEUGEOT 308,3,-1,0,-1
20211381M0600,2021,1381M0600,1,9,0,4,4,7,3,0,0,0,0,0,0,0,3,1,1,1,1,39,7,1560,2,2,PEUGEOT 308,1,E01010731,0,-1
2021991041395,2021,991041395,1,9,0,14,14,1,5,0,0,0,0,0,7,0,4,1,1,1,1,25,5,1498,2,1,PEUGEOT 308,10,-1,0,-1
2021052102544,2021,052102544,1,9,0,18,19,1,5,0,0,1,0,0,0,0,3,1,6,6,1,23,5,1560,2,7,PEUGEOT 308,1,E01006873,0,-1
2021031058912,2021,031058912,2,9,0,9,9,1,6,0,0,4,0,0,0,0,1,1,5,6,1,19,4,1560,2,7,PEUGEOT 308,6,E01025168,0,-1
2021430324313,2021,430324313,1,9,0,18,19,4,8,0,0,8,0,0,0,0,4,1,1,1,1,22,5,1500,2,0,PEUGEOT 308,7,E01017839,0,-1
2021481049240,2021,481049240,1,9,0,18,19,5,1,0,0,0,0,0,0,0,1,1,5,6,1,67,10,1200,1,2,PEUGEOT 308,6,E01001387,0,-1
2021411118348,2021,411118348,1,9,0,4,4,1,5,0,0,3,0,0,0,0,1,1,2,2,2,45,7,1598,1,13,PEUGEOT 308,4,E01023805,0,-1
2021161103255,2021,161103255,1,9,0,18,19,4,6,0,0,0,0,0,0,0,0,1,1,1,1,-1,-1,1498,2,1,PEUGEOT 308,2,E01013331,0,-1
2021221029110,2021,221029110,2,8,0,18,19,6,2,0,0,8,0,0,0,0,1,1,1,1,1,41,7,1997,2,5,PEUGEOT 308,5,E01032475,0,-1
2021061094050,2021,061094050,2,9,0,18,19,7,3,0,0,8,0,0,0,0,3,1,6,6,1,52,8,1200,1,4,PEUGEOT 308,1,E01006109,0,-1
2021010340154,2021,010340154,1,9,0,4,4,7,3,0,0,1,0,0,0,0,1,1,1,1,1,21,5,1200,1,4,PEUGEOT 308,4,E01001247,0,-1
2021010317999,2021,010317999,2,9,9,99,99,9,9,99,99,9,9,99,9,99,9,9,6,6,3,-1,-1,1560,2,4,PEUGEOT 308,-1,-1,0,-1
2021010341308,2021,010341308,1,9,0,18,19,1,5,0,0,2,0,0,0,0,4,1,1,1,2,29,6,1200,1,3,PEUGEOT 308,-1,-1,0,-1
2021070330602,2021,070330602,2,9,0,18,19,8,4,0,0,1,1,0,1,3,1,1,6,6,1,30,6,1560,2,4,PEUGEOT 308,9,E01029557,0,-1
2021430352649,2021,430352649,2,9,0,3,3,6,2,0,0,0,0,0,0,0,2,1,1,1,1,47,8,1500,2,0,PEUGEOT 308,-1,-1,0,-1
2021440496949,2021,440496949,2,9,0,18,19,2,6,0,0,0,0,0,0,0,1,1,6,6,1,-1,-1,1560,2,5,PEUGEOT 308,10,E01022470,0,-1
2021430516026,2021,430516026,2,9,0,7,7,4,6,0,0,5,0,0,0,0,4,1,6,6,2,69,10,1598,1,9,PEUGEOT 308,3,E01016444,0,-1
2021361130984,2021,361130984,1,9,0,9,9,3,8,0,0,6,0,0,0,0,1,1,6,6,1,80,11,1560,2,10,PEUGEOT 308,5,E01026774,0,-1
2021010304239,2021,010304239,2,9,0,99,99,9,9,99,99,9,9,99,9,99,9,9,6,6,1,74,10,1560,2,8,PEUGEOT 308,3,E01004445,0,-1
2021451065429,2021,451065429,1,9,0,18,19,5,1,0,0,0,1,0,7,2,1,1,5,6,2,35,6,1598,1,5,PEUGEOT 308,6,E01030570,0,-1
2021070359470,2021,070359470,1,9,0,16,19,1,3,0,0,0,0,10,0,0,1,1,6,6,2,21,5,1598,1,13,PEUGEOT 308,2,E01012439,0,-1
2021552101287,2021,552101287,1,9,0,9,9,8,6,0,0,5,0,0,0,0,4,1,6,6,1,72,10,1560,2,12,PEUGEOT 308,3,E01015429,0,-1
202163A063521,2021,63A063521,3,8,0,3,3,4,8,0,0,8,0,0,0,0,1,1,1,1,2,46,8,1560,2,5,PEUGEOT 308,1,W01000708,0,-1
2021010347738,2021,010347738,2,9,0,99,99,9,9,99,99,9,9,99,9,99,1,9,6,6,3,-1,-1,1598,1,13,PEUGEOT 308,-1,-1,0,-1
2021061111763,2021,061111763,2,9,0,18,19,2,6,0,0,8,0,0,0,0,4,1,1,1,1,23,5,1200,1,3,PEUGEOT 308,4,E01006332,0,-1
2021010346123,2021,010346123,1,9,0,18,19,5,1,0,0,1,0,0,0,0,1,1,1,1,1,32,6,1200,1,3,PEUGEOT 308,2,E01033587,0,-1
2021430304044,2021,430304044,2,9,0,18,19,5,1,0,0,8,1,0,7,10,3,1,6,6,2,70,10,1200,1,1,PEUGEOT 308,7,E01016317,0,-1
2021401015502,2021,401015502,1,9,0,5,5,1,5,0,0,0,0,0,0,0,1,1,5,6,1,83,11,1598,1,11,PEUGEOT 308,8,E01017376,0,-1
2021041054987,2021,041054987,2,9,0,18,19,3,7,0,0,0,0,0,1,0,1,1,6,6,1,63,9,1560,2,11,PEUGEOT 308,3,E01025577,0,-1
2021231094507,2021,231094507,2,9,0,2,2,0,0,0,0,1,0,0,0,0,3,1,1,1,1,34,6,1500,2,1,PEUGEOT 308,3,E01031064,0,-1
2021010332255,2021,010332255,1,9,0,99,99,9,9,99,99,9,9,99,9,99,2,9,6,6,2,32,6,1200,1,1,PEUGEOT 308,4,E01001165,0,-1
2021522200129,2021,522200129,2,9,0,2,2,0,0,0,0,2,0,0,0,0,1,1,6,6,3,-1,-1,1560,2,11,PEUGEOT 308,-1,-1,0,-1
2021302100172,2021,302100172,1,9,0,8,8,8,4,0,0,5,0,0,0,0,4,1,1,1,2,54,8,1560,2,3,PEUGEOT 308,5,E01019456,0,-1
202134WNC1861,2021,34WNC1861,1,9,0,7,7,5,7,0,0,3,0,0,0,0,1,1,2,2,2,35,6,1560,2,7,PEUGEOT 308,6,E01031144,0,-1
2021991012011,2021,991012011,2,9,0,10,10,1,6,0,0,1,0,0,0,0,2,1,5,6,2,33,6,1560,2,4,PEUGEOT 308,8,-1,0,-1
2021161102792,2021,161102792,2,9,0,4,4,4,8,0,0,2,0,1,0,0,1,1,1,1,1,40,7,1498,2,1,PEUGEOT 308,1,E01013000,0,-1
202163D055121,2021,63D055121,1,9,0,4,4,1,5,0,0,0,0,0,0,0,2,1,6,6,2,28,6,1560,2,13,PEUGEOT 308,7,W01000474,0,-1
2021320690563,2021,320690563,1,9,0,16,19,8,4,0,0,0,5,0,7,0,1,1,6,6,1,65,9,1560,2,9,PEUGEOT 308,1,E01013312,0,-1
2021991027467,2021,991027467,1,9,0,18,19,2,6,0,0,8,0,0,0,0,1,1,5,6,2,31,6,1200,1,5,PEUGEOT 308,4,-1,0,-1
2021061113819,2021,061113819,2,9,0,18,19,2,6,0,0,0,0,0,0,0,1,1,1,1,1,40,7,1200,1,0,PEUGEOT 308,-1,-1,0,-1
2021041110820,2021,041110820,1,9,0,9,9,5,3,0,0,8,0,0,0,0,4,1,2,2,1,49,8,1200,1,0,PEUGEOT 308,1,E01012650,0,-1
2021320504700,2021,320504700,2,9,0,18,19,7,3,0,0,8,0,0,0,0,1,1,6,6,1,59,9,1598,1,11,PEUGEOT 308,7,E01026029,0,-1
2021547663221,2021,547663221,1,9,0,18,19,3,7,0,0,0,0,0,0,0,1,1,1,1,1,24,5,1560,2,5,PEUGEOT 308,9,W01001072,0,-1
2021552100748,2021,552100748,1,9,0,18,19,5,1,0,0,0,0,0,0,0,1,1,6,6,1,52,8,1598,1,13,PEUGEOT 308,8,E01020379,0,-1
2021552101386,2021,552101386,1,9,0,9,9,7,4,0,0,6,0,0,0,0,3,1,6,6,1,74,10,1200,1,6,PEUGEOT 308,10,E01015455,0,-1
2021101120711,2021,101120711,1,9,0,4,4,1,5,0,0,0,0,0,0,0,0,1,6,6,1,-1,-1,1200,1,2,PEUGEOT 308,10,E01027456,0,-1
2021471046186,2021,471046186,5,9,0,2,2,0,0,0,0,2,0,0,0,0,2,1,6,6,3,-1,-1,1598,1,13,PEUGEOT 308,-1,-1,0,-1
2021122101326,2021,122101326,1,9,0,13,13,5,2,0,0,8,0,0,0,0,4,1,1,1,1,38,7,1560,2,3,PEUGEOT 308,4,E01027608,0,-1
2021010344685,2021,010344685,2,9,0,99,99,9,9,99,99,9,9,99,9,99,9,9,6,6,3,-1,-1,1560,2,8,PEUGEOT 308,-1,-1,0,-1
2021302100091,2021,302100091,1,9,0,4,4,4,6,0,0,0,0,0,0,0,1,1,6,6,1,-1,-1,1560,2,8,PEUGEOT 308,7,E01013488,0,-1
2021041120212,2021,041120212,1,9,0,9,9,7,7,0,0,0,0,0,0,0,4,1,1,1,2,24,5,1560,2,4,PEUGEOT 308,1,E01025584,0,-1
2021052100092,2021,052100092,2,9,0,2,2,0,0,0,0,0,0,0,0,0,1,1,6,6,3,-1,-1,1200,1,3,PEUGEOT 308,-1,-1,0,-1
2021052101842,2021,052101842,1,9,0,18,19,5,1,0,0,8,0,0,0,0,1,1,1,1,1,-1,-1,1500,2,1,PEUGEOT 308,1,E01006648,0,-1
2021010299349,2021,010299349,2,9,0,18,19,5,1,0,0,1,0,0,0,0,0,1,1,1,1,33,6,1200,1,4,PEUGEOT 308,1,E01003047,0,-1
2021141030392,2021,141030392,3,9,0,7,7,3,7,0,0,8,0,0,0,0,0,1,1,1,2,27,6,1560,2,5,PEUGEOT 308,1,E01007714,0,-1
2021041024501,2021,041024501,2,9,0,18,19,3,1,0,0,1,0,0,0,0,2,1,6,6,1,19,4,1560,2,8,PEUGEOT 308,2,E01025229,0,-1
2021010322341,2021,010322341,2,9,0,99,99,9,9,99,99,9,9,99,9,99,9,9,6,6,3,-1,-1,1997,2,7,PEUGEOT 308,2,E01000482,0,-1
2021544715421,2021,544715421,2,9,0,2,2,0,0,0,0,0,0,0,0,0,4,1,6,6,1,51,8,1560,2,8,PEUGEOT 308,9,E01032038,0,-1
2021211057557,2021,211057557,1,9,0,1,1,1,1,0,0,0,0,0,0,0,3,1,6,6,1,37,7,1560,2,11,PEUGEOT 308,3,E01029408,0,-1
2021031075972,2021,031075972,1,9,0,13,13,7,7,0,0,0,0,0,0,0,1,1,5,6,2,36,7,1560,2,12,PEUGEOT 308,5,E01019325,0,-1
2021440044359,2021,440044359,1,9,0,18,19,1,5,0,0,0,0,0,0,0,1,1,6,6,1,41,7,1560,2,12,PEUGEOT 308,4,E01017235,0,-1
2021010333100,2021,010333100,4,9,0,14,14,1,5,0,0,0,1,0,0,0,4,1,6,6,1,27,6,1598,1,11,PEUGEOT 308,2,E01001438,0,-1
2021361064646,2021,361064646,2,9,0,4,4,1,5,0,0,0,0,0,0,0,2,1,5,6,2,71,10,1498,2,2,PEUGEOT 308,6,E01026707,0,-1
2021141101322,2021,141101322,1,9,0,18,19,7,3,0,0,1,0,0,0,0,1,1,1,1,2,36,7,1498,2,0,PEUGEOT 308,2,E01007336,0,-1
2021122101071,2021,122101071,1,9,0,9,9,1,8,0,0,1,0,0,0,0,1,1,6,6,2,27,6,1560,2,7,PEUGEOT 308,5,E01027373,0,-1
2021141054844,2021,141054844,1,9,0,18,19,1,5,0,0,8,0,0,0,0,3,1,6,6,2,52,8,1560,2,9,PEUGEOT 308,1,E01007410,0,-1
2021411129406,2021,411129406,1,9,0,4,4,7,3,0,0,0,0,0,0,0,2,1,6,6,1,-1,-1,1560,2,12,PEUGEOT 308,5,E01017659,0,-1
2021320330114,2021,320330114,1,9,0,6,6,1,5,0,0,1,0,0,0,0,1,1,2,2,1,55,8,1560,2,9,PEUGEOT 308,8,E01015682,0,-1
2021010329034,2021,010329034,1,9,0,4,4,1,5,0,0,0,0,0,0,0,2,1,6,6,2,63,9,1598,1,12,PEUGEOT 308,9,E01017813,0,-1
2021461037523,2021,461037523,2,9,0,18,19,5,1,0,0,0,0,0,0,0,3,1,2,2,2,34,6,1560,2,5,PEUGEOT 308,9,E01016103,0,-1
2021141114360,2021,141114360,1,9,0,1,1,2,6,0,0,1,0,0,0,0,2,1,1,1,2,-1,-1,1560,2,5,PEUGEOT 308,4,E01033264,0,-1
2021302101177,2021,302101177,1,9,0,16,19,4,6,0,0,4,0,0,3,6,1,1,1,1,1,43,7,1560,2,12,PEUGEOT 308,1,E01014165,0,-1
2021041049970,2021,041049970,1,9,0,18,19,7,3,0,0,1,0,12,0,0,4,1,1,1,1,27,6,1397,1,12,PEUGEOT 308,7,E01025365,0,-1
2021622100570,2021,622100570,1,9,0,13,13,2,6,0,0,1,1,0,4,10,1,1,6,6,1,47,8,1560,2,12,PEUGEOT 308,9,W01001729,0,-1
2021201082451,2021,201082451,1,9,0,5,5,6,2,0,0,1,0,0,0,0,4,1,6,6,1,45,7,1598,1,13,PEUGEOT 308,3,E01010290,0,-1
2021010336386,2021,010336386,2,9,0,99,99,9,9,99,99,9,9,99,9,99,2,9,6,6,3,-1,-1,1598,1,13,PEUGEOT 308,-1,-1,0,-1
2021061043124,2021,061043124,1,9,0,9,9,3,1,0,0,1,0,0,0,0,1,1,6,6,1,59,9,1560,2,10,PEUGEOT 308,8,E01005775,0,-1
2021201068124,2021,201068124,2,9,0,3,3,8,4,0,0,0,0,0,0,0,1,1,1,1,1,39,7,1500,2,0,PEUGEOT 308,-1,-1,0,-1
2021010341985,2021,010341985,3,9,0,18,19,3,7,0,0,8,0,0,0,0,0,1,1,1,2,43,7,1200,1,3,PEUGEOT 308,7,E01000675,0,-1
2021231128133,2021,231128133,1,9,0,9,9,4,1,0,0,5,0,0,0,0,1,1,6,6,2,54,8,1560,2,12,PEUGEOT 308,10,E01027291,0,-1
2021201032364,2021,201032364,2,8,0,14,14,4,8,0,0,8,0,0,0,0,4,1,1,1,1,56,9,1560,2,6,PEUGEOT 308,1,E01010340,0,-1
2021010289233,2021,010289233,2,9,0,18,19,3,7,0,0,8,1,0,0,0,2,1,2,2,2,26,6,1200,1,2,PEUGEOT 308,2,E01002664,0,-1
2021461032139,2021,461032139,4,9,0,3,3,5,1,0,0,0,0,0,0,0,2,1,2,2,2,24,5,1200,1,3,PEUGEOT 308,5,E01024039,0,-1
2021201076490,2021,201076490,1,9,0,18,19,8,4,0,0,8,0,0,0,0,1,1,6,6,1,49,8,1997,2,5,PEUGEOT 308,1,E01008901,0,-1
2021522200652,2021,522200652,1,9,0,13,13,8,4,0,0,0,0,0,0,0,1,1,6,6,1,46,8,1560,2,9,PEUGEOT 308,6,E01014813,0,-1
2021010343961,2021,010343961,2,9,0,5,5,0,1,0,0,6,0,0,0,0,1,1,6,6,2,27,6,1560,2,8,PEUGEOT 308,9,E01001417,0,-1
2021522101502,2021,522101502,1,9,0,18,19,3,7,0,0,1,0,0,0,0,4,1,6,6,2,38,7,1598,1,11,PEUGEOT 308,5,E01014548,0,-1
2021131041888,2021,131041888,1,9,0,7,7,2,3,0,0,6,0,0,7,0,1,1,6,6,3,-1,-1,1560,2,13,PEUGEOT 308,-1,-1,0,-1
2021131126239,2021,131126239,1,9,0,5,5,2,2,0,0,8,1,0,0,0,4,2,5,6,2,29,6,1498,2,2,PEUGEOT 308,9,E01011528,0,-1
2021041023760,2021,041023760,1,9,0,9,9,6,2,0,0,8,1,0,0,0,1,1,6,6,1,53,8,1560,2,7,PEUGEOT 308,1,E01025110,0,-1
2021061060693,2021,061060693,2,9,0,4,4,7,3,0,0,1,0,0,0,0,1,1,1,1,1,40,7,1200,1,4,PEUGEOT 308,4,E01006332,0,-1
2021991064633,2021,991064633,1,9,0,16,19,3,5,0,0,1,0,0,0,0,1,1,1,1,1,60,9,1500,2,2,PEUGEOT 308,7,-1,0,-1
2021061034706,2021,061034706,1,9,0,2,2,0,0,0,0,0,0,0,0,0,3,1,3,7,2,32,6,1598,1,11,PEUGEOT 308,1,E01004811,0,-1
2021131112935,2021,131112935,1,9,0,9,9,7,7,0,0,8,0,0,1,0,4,1,6,6,2,27,6,1598,1,12,PEUGEOT 308,7,E01010573,0,-1
2021520101744,2021,520101744,1,9,0,2,2,0,0,0,0,0,0,0,0,0,3,1,2,2,2,53,8,1560,2,8,PEUGEOT 308,8,E01029245,0,-1
2021041038082,2021,041038082,1,9,0,9,9,3,7,0,0,8,0,0,0,0,1,1,5,6,2,23,5,1200,1,3,PEUGEOT 308,8,E01024862,0,-1
2021131072138,2021,131072138,2,9,0,3,3,0,0,0,0,0,0,0,0,0,2,1,2,2,2,29,6,1997,2,12,PEUGEOT 308,1,E01011294,0,-1
2021041052385,2021,041052385,1,9,0,11,11,1,5,0,0,8,0,0,0,0,1,1,1,1,1,32,6,1598,1,12,PEUGEOT 308,1,E01025298,0,-1
2021440473962,2021,440473962,1,9,0,18,19,2,6,0,0,0,0,6,1,10,1,1,2,2,1,22,5,1598,1,13,PEUGEOT 308,9,E01030904,0,-1
2021070139269,2021,070139269,2,9,0,9,9,7,3,0,0,0,0,0,0,0,4,1,6,6,2,54,8,1200,1,5,PEUGEOT 308,4,W01000262,0,-1
2021061106871,2021,061106871,3,9,0,18,19,1,1,0,0,8,0,0,0,0,3,1,5,6,1,58,9,1598,1,13,PEUGEOT 308,1,E01005933,0,-1
2021122200012,2021,122200012,2,9,0,18,19,7,1,0,0,1,1,0,0,0,1,1,2,2,2,36,7,1200,1,4,PEUGEOT 308,8,E01027863,0,-1
2021010289580,2021,010289580,2,9,0,99,99,9,9,99,99,9,9,99,9,99,9,9,6,6,1,-1,-1,1560,2,7,PEUGEOT 308,4,E01008115,0,-1
2021201090010,2021,201090010,1,9,0,18,19,3,7,0,0,8,0,0,0,0,1,1,6,6,1,20,4,1560,2,14,PEUGEOT 308,1,E01009399,0,-1
2021411068022,2021,411068022,1,9,0,1,1,4,1,0,0,6,0,0,0,0,2,1,5,6,1,52,8,1560,2,7,PEUGEOT 308,10,E01023702,0,-1
2021991117432,2021,991117432,1,9,0,18,19,7,3,0,0,1,0,0,0,0,4,1,1,1,1,28,6,1560,2,4,PEUGEOT 308,1,-1,0,-1
2021461128958,2021,461128958,1,9,0,18,19,3,7,0,0,0,0,0,0,0,1,1,6,6,1,30,6,1560,2,10,PEUGEOT 308,7,E01024515,0,-1
2021010331459,2021,010331459,1,9,0,18,19,1,5,0,0,1,0,0,0,0,0,1,1,1,1,32,6,1200,1,3,PEUGEOT 308,4,E01004142,0,-1
2021111065863,2021,111065863,2,9,0,18,19,8,4,0,0,1,0,0,0,0,1,1,6,6,1,34,6,1997,2,9,PEUGEOT 308,2,E01011993,0,-1
2021531014714,2021,531014714,1,9,0,17,19,4,8,0,0,0,1,0,1,2,1,1,6,6,1,37,7,1560,2,7,PEUGEOT 308,4,E01022440,0,-1
2021141015799,2021,141015799,2,9,0,18,19,6,2,0,0,2,0,4,0,0,1,1,6,6,3,-1,-1,1560,2,12,PEUGEOT 308,-1,-1,0,-1
2021141091658,2021,141091658,1,9,0,18,19,4,8,0,0,8,0,0,0,0,4,1,1,1,1,50,8,1498,2,2,PEUGEOT 308,3,E01007346,0,-1
2021522104385,2021,522104385,3,9,0,9,9,2,7,0,0,1,0,0,0,0,0,1,1,1,1,40,7,1500,2,0,PEUGEOT 308,-1,-1,0,-1
2021221116551,2021,221116551,2,9,0,9,9,7,4,0,0,6,0,0,0,0,1,1,6,6,1,28,6,1598,1,12,PEUGEOT 308,-1,-1,0,-1
2021552101055,2021,552101055,2,9,0,4,4,8,4,0,0,0,0,0,0,0,2,1,6,6,2,62,9,1560,2,13,PEUGEOT 308,3,E01015429,0,-1
2021052101557,2021,052101557,2,9,0,18,19,7,3,0,0,1,0,0,0,0,4,1,1,1,1,28,6,1500,2,1,PEUGEOT 308,2,E01007218,0,-1
202134WNC3201,2021,34WNC3201,1,9,0,18,19,7,3,0,0,8,0,0,0,0,1,1,6,6,1,40,7,1560,2,7,PEUGEOT 308,1,E01027244,0,-1
2021138251359,2021,138251359,1,9,0,18,19,8,4,0,0,8,0,0,0,0,1,1,6,6,2,39,7,1598,1,11,PEUGEOT 308,4,E01010949,0,-1
2021520200794,2021,520200794,1,9,0,18,19,8,4,0,0,8,0,0,0,0,4,1,6,6,1,72,10,1560,2,8,PEUGEOT 308,-1,-1,0,-1
202163D101821,2021,63D101821,1,9,0,18,19,2,6,0,0,1,0,0,0,0,1,1,6,6,1,71,10,1560,2,7,PEUGEOT 308,6,W01000471,0,-1
2021451103944,2021,451103944,1,9,0,9,9,6,3,0,0,6,0,0,0,0,1,1,5,6,2,38,7,1560,2,8,PEUGEOT 308,6,E01002601,0,-1
2021161035683,2021,161035683,2,9,0,18,19,4,8,0,0,1,0,0,0,0,0,1,1,1,1,-1,-1,1560,2,6,PEUGEOT 308,9,E01012962,0,-1
2021141026617,2021,141026617,2,9,0,9,9,3,3,0,0,2,0,0,0,0,3,1,2,2,1,63,9,1560,2,7,PEUGEOT 308,3,E01007777,0,-1
2021201064409,2021,201064409,2,9,0,3,3,3,7,0,0,1,0,0,0,0,2,1,6,6,1,43,7,1560,2,11,PEUGEOT 308,2,E01010056,0,-1
2021522106288,2021,522106288,1,9,0,7,7,1,3,0,0,8,0,0,0,0,1,1,6,6,1,40,7,1560,2,8,PEUGEOT 308,1,E01029297,0,-1
2021010288794,2021,010288794,2,9,0,18,19,7,3,0,0,8,0,10,1,10,1,1,1,1,1,39,7,1200,1,3,PEUGEOT 308,8,E01030575,0,-1
2021161026846,2021,161026846,2,9,0,7,7,3,5,0,0,0,0,0,0,0,1,1,6,6,1,19,4,1560,2,14,PEUGEOT 308,-1,-1,0,-1
2021161018853,2021,161018853,1,9,0,14,14,8,4,0,0,1,0,0,7,2,4,2,1,1,1,27,6,1560,2,5,PEUGEOT 308,10,E01013090,0,-1
2021302100168,2021,302100168,2,9,0,9,9,6,2,0,0,1,1,0,7,11,1,1,6,6,1,-1,-1,1560,2,5,PEUGEOT 308,5,E01019456,0,-1
2021622100158,2021,622100158,1,9,0,18,19,8,4,0,0,1,0,0,0,0,1,1,2,2,1,26,6,1560,2,8,PEUGEOT 308,1,W01001081,0,-1
2021010352009,2021,010352009,3,9,0,18,19,5,1,0,0,1,0,0,0,0,0,1,1,1,1,37,7,1200,1,3,PEUGEOT 308,6,E01001869,0,-1
2021010344207,2021,010344207,1,9,0,2,2,0,0,0,0,0,0,0,0,0,1,1,6,6,3,-1,-1,1200,1,7,PEUGEOT 308,-1,-1,0,-1
2021131098823,2021,131098823,2,9,0,18,19,8,6,0,0,1,0,0,0,0,0,1,1,1,1,30,6,1498,2,1,PEUGEOT 308,7,E01011350,0,-1
2021041081363,2021,041081363,1,9,0,9,9,3,1,0,0,8,0,0,0,0,1,1,1,1,2,25,5,1498,2,2,PEUGEOT 308,2,E01025292,0,-1
2021430173324,2021,430173324,2,9,0,3,3,4,8,0,0,1,0,0,0,0,2,1,1,1,2,27,6,1500,2,0,PEUGEOT 308,-1,-1,0,-1
2021161077149,2021,161077149,1,9,0,5,5,2,6,0,0,0,0,0,0,0,0,1,1,1,1,41,7,1560,2,11,PEUGEOT 308,1,E01012834,0,-1
2021451110274,2021,451110274,2,9,0,9,9,5,7,0,0,8,0,0,0,0,4,1,1,1,1,39,7,1598,1,13,PEUGEOT 308,6,E01030751,0,-1
2021161101700,2021,161101700,3,9,0,2,2,0,0,0,0,0,0,0,0,0,3,1,6,6,3,-1,-1,1560,2,12,PEUGEOT 308,-1,-1,0,-1
2021161116298,2021,161116298,2,9,0,18,19,5,1,0,0,8,0,0,0,0,4,1,1,1,1,40,7,1560,2,4,PEUGEOT 308,2,E01013331,0,-1
2021052102257,2021,052102257,1,9,0,18,19,5,1,0,0,1,0,0,0,0,3,1,6,6,1,52,8,1560,2,7,PEUGEOT 308,1,E01006872,0,-1
2021061116404,2021,061116404,1,9,0,7,7,5,7,0,0,1,0,0,0,0,1,1,6,6,3,30,6,1397,1,12,PEUGEOT 308,-1,-1,0,-1
2021430059076,2021,430059076,2,9,0,18,19,2,6,0,0,1,0,0,0,0,1,1,6,6,2,40,7,1598,1,14,PEUGEOT 308,4,E01017903,0,-1
2021141092341,2021,141092341,2,9,0,18,19,3,7,0,0,0,0,0,0,0,2,1,5,6,1,56,9,1560,2,13,PEUGEOT 308,5,E01019741,0,-1
2021141124882,2021,141124882,2,9,0,18,19,1,5,0,0,8,0,0,0,0,3,1,6,6,1,50,8,1560,2,10,PEUGEOT 308,1,E01007549,0,-1
2021461064413,2021,461064413,3,9,0,18,19,2,6,0,0,0,0,0,0,0,3,1,1,1,1,49,8,1560,2,7,PEUGEOT 308,5,E01024206,0,-1
2021061097981,2021,061097981,1,9,0,18,19,7,3,0,0,0,0,0,0,0,1,1,6,6,1,36,7,1500,2,1,PEUGEOT 308,1,E01005243,0,-1
2021131109517,2021,131109517,2,9,0,9,9,1,5,0,0,0,0,0,0,0,0,1,1,1,1,31,6,1498,2,2,PEUGEOT 308,1,E01011130,0,-1
2021010343729,2021,010343729,2,9,0,99,99,9,9,99,99,9,9,99,9,99,1,9,6,6,3,-1,-1,1598,1,12,PEUGEOT 308,-1,-1,0,-1
2021010287385,2021,010287385,1,9,9,99,99,9,9,99,99,4,9,99,9,99,9,9,6,6,1,35,6,1397,1,12,PEUGEOT 308,7,E01003673,0,-1