collision_index,collision_year,collision_ref_no,vehicle_reference,vehicle_type,towing_and_articulation,vehicle_manoeuvre_historic,vehicle_manoeuvre,vehicle_direction_from,vehicle_direction_to,vehicle_location_restricted_lane_historic,vehicle_location_restricted_lane,junction_location,skidding_and_overturning,hit_object_in_carriageway,vehicle_leaving_carriageway,hit_object_off_carriageway,first_point_of_impact,vehicle_left_hand_drive,journey_purpose_of_driver_historic,journey_purpose_of_driver,sex_of_driver,age_of_driver,age_band_of_driver,engine_capacity_cc,propulsion_code,age_of_vehicle,generic_make_model,driver_imd_decile,lsoa_of_driver,escooter_flag,driver_distance_banding
2021101118954,2021,101118954,2,9,0,3,3,5,1,0,0,0,0,0,0,0,2,1,6,6,1,32,6,1397,1,13,PEUGEOT 308,4,E01008353,0,-1
2021141125996,2021,141125996,3,9,0,9,9,4,2,0,0,8,0,0,0,0,3,1,1,1,1,50,8,1560,2,5,PEUGEOT 308,2,E01008112,0,-1
2021041022923,2021,041022923,1,9,0,7,7,5,3,0,0,3,0,0,0,0,4,1,5,6,1,27,6,1560,2,11,PEUGEOT 308,3,E01012623,0,-1
2021421021241,2021,421021241,2,9,0,7,7,1,3,0,0,0,0,0,0,0,4,1,5,6,2,53,8,1200,1,3,PEUGEOT 308,9,E01015858,0,-1
2021461042611,2021,461042611,1,9,0,18,19,5,1,0,0,0,0,7,4,6,1,1,6,6,2,37,7,1560,2,12,PEUGEOT 308,10,E01000756,0,-1
202131D139021,2021,31D139021,1,9,0,18,19,2,6,0,0,1,0,0,0,0,1,1,6,6,2,45,7,1598,1,7,PEUGEOT 308,10,E01028403,0,-1
2021010288826,2021,010288826,1,9,0,18,19,5,1,0,0,8,0,0,0,0,1,1,6,6,1,56,9,1397,1,12,PEUGEOT 308,6,E01002670,0,-1
2021552101169,2021,552101169,2,9,0,4,4,8,4,0,0,8,0,0,0,0,2,1,6,6,1,31,6,1560,2,13,PEUGEOT 308,3,E01015442,0,-1
2021101016654,2021,101016654,1,9,0,4,4,1,1,0,0,4,0,0,0,0,1,1,5,6,2,36,7,1200,1,6,PEUGEOT 308,3,E01008739,0,-1
2021201139709,2021,201139709,1,9,0,9,9,2,8,0,0,6,1,0,0,0,3,1,6,6,1,55,8,1200,1,4,PEUGEOT 308,3,E01009938,0,-1
2021061141310,2021,061141310,2,9,0,18,19,8,5,0,0,0,0,0,0,0,1,1,6,6,1,-1,-1,1200,1,3,PEUGEOT 308,-1,-1,0,-1
2021991145024,2021,991145024,2,9,0,18,19,7,3,0,0,1,0,0,0,0,4,1,2,2,1,46,8,1598,1,11,PEUGEOT 308,3,-1,0,-1
2021141024627,2021,141024627,3,9,0,18,19,5,1,0,0,0,0,0,0,0,0,1,1,1,1,29,6,1498,2,1,PEUGEOT 308,2,E01007451,0,-1
2021201049242,2021,201049242,1,9,0,18,19,-1,-1,0,0,0,0,0,0,0,1,1,6,6,1,-1,-1,1598,1,13,PEUGEOT 308,2,E01010128,0,-1
2021131034223,2021,131034223,2,9,0,2,2,0,0,0,0,8,0,0,0,0,2,1,6,6,3,-1,-1,1560,2,7,PEUGEOT 308,-1,-1,0,-1
2021231082760,2021,231082760,2,9,0,9,9,4,2,0,0,5,0,0,0,0,3,1,5,6,1,35,6,1560,2,6,PEUGEOT 308,4,E01031005,0,-1
2021170L10031,2021,170L10031,1,9,0,18,19,4,8,0,0,8,1,0,3,4,1,1,6,6,1,81,11,1200,1,2,PEUGEOT 308,3,E01027625,0,-1
2021991041969,2021,991041969,1,9,0,17,19,4,2,0,0,0,0,0,0,0,4,1,1,1,2,30,6,1560,2,3,PEUGEOT 308,-1,-1,0,-1
2021221126241,2021,221126241,2,9,0,18,19,1,5,0,0,0,0,0,0,0,0,1,1,1,2,26,6,1500,2,0,PEUGEOT 308,4,E01032157,0,-1
2021010348562,2021,010348562,1,9,0,17,19,3,7,0,0,4,0,10,0,0,1,1,6,6,2,80,11,1997,2,9,PEUGEOT 308,10,E01023551,0,-1
2021231057013,2021,231057013,1,9,0,5,5,2,8,0,0,6,1,0,0,0,1,1,5,6,1,47,8,1598,1,12,PEUGEOT 308,9,E01031036,0,-1
2021211047038,2021,211047038,2,9,0,4,4,7,4,0,0,0,0,0,0,0,2,1,6,6,2,36,7,1560,2,13,PEUGEOT 308,7,E01014303,0,-1
2021161062055,2021,161062055,2,9,0,18,19,2,6,0,0,0,0,0,0,0,3,1,2,2,1,47,8,1560,2,10,PEUGEOT 308,3,E01013319,0,-1
2021010345721,2021,010345721,2,9,0,18,19,4,8,0,0,1,0,0,0,0,0,1,1,1,1,32,6,1200,1,3,PEUGEOT 308,8,E01004498,0,-1
2021548395821,2021,548395821,2,9,0,4,4,4,6,0,0,1,0,0,0,0,2,1,6,6,1,62,9,1560,2,8,PEUGEOT 308,8,E01032071,0,-1
2021421023098,2021,421023098,2,9,0,18,19,2,6,0,0,0,0,0,0,0,4,1,5,6,2,65,9,1560,2,6,PEUGEOT 308,8,E01021371,0,-1
2021451041207,2021,451041207,1,9,0,18,19,1,5,0,0,0,1,0,1,0,3,1,5,6,1,21,5,1397,1,12,PEUGEOT 308,7,E01001071,0,-1
2021041052457,2021,041052457,2,9,0,18,19,5,1,0,0,0,0,0,0,0,4,1,5,6,1,55,8,1598,1,12,PEUGEOT 308,3,E01025571,0,-1
2021141062079,2021,141062079,1,9,0,18,19,8,4,0,0,8,0,0,0,0,3,1,1,1,1,37,7,1498,2,1,PEUGEOT 308,5,E01008139,0,-1
2021440143889,2021,440143889,1,9,0,9,9,5,4,0,0,8,0,0,0,0,1,1,6,6,2,47,8,1598,1,11,PEUGEOT 308,1,E01023029,0,-1
2021131046634,2021,131046634,1,9,0,18,19,5,1,0,0,8,0,0,0,0,1,1,1,1,1,38,7,1560,2,2,PEUGEOT 308,9,E01011186,0,-1
2021201147319,2021,201147319,1,9,0,2,2,0,0,0,0,2,0,0,0,0,2,1,1,1,1,-1,-1,1200,1,2,PEUGEOT 308,7,E01026994,0,-1
2021320642105,2021,320642105,1,9,0,5,5,5,6,9,9,1,0,0,0,0,3,1,2,2,1,27,6,1598,1,6,PEUGEOT 308,8,E01026269,0,-1
2021141057651,2021,141057651,2,9,0,18,19,5,8,0,0,4,0,0,0,0,4,1,6,6,3,-1,-1,1560,2,12,PEUGEOT 308,-1,-1,0,-1
2021401113183,2021,401113183,1,9,0,18,19,3,7,0,0,3,0,0,0,0,1,1,6,6,1,30,6,1560,2,4,PEUGEOT 308,9,E01015806,0,-1
2021211079390,2021,211079390,2,9,0,18,19,-1,-1,0,0,0,0,0,0,0,4,1,6,6,1,44,7,1200,1,5,PEUGEOT 308,1,E01014224,0,-1
2021131109498,2021,131109498,2,9,0,18,19,5,1,0,0,0,0,0,0,0,0,1,1,1,2,18,4,1498,2,2,PEUGEOT 308,7,E01011775,0,-1
2021131112110,2021,131112110,2,9,0,18,19,4,8,0,0,1,0,0,0,0,1,1,3,7,2,30,6,1560,2,12,PEUGEOT 308,1,E01010735,0,-1
2021231047319,2021,231047319,1,9,0,18,19,5,1,0,0,8,0,0,0,0,1,1,5,6,1,55,8,1560,2,11,PEUGEOT 308,10,E01031298,0,-1
2021221113193,2021,221113193,2,9,0,16,19,5,8,0,0,4,0,0,0,0,1,1,6,6,3,34,6,1598,1,11,PEUGEOT 308,-1,-1,0,-1
2021010349673,2021,010349673,1,9,0,18,19,5,1,0,0,1,0,4,0,0,1,1,6,6,1,18,4,1560,2,7,PEUGEOT 308,5,E01030747,0,-1
202163B060321,2021,63B060321,1,9,0,16,19,7,2,0,0,0,0,0,0,0,4,1,1,1,1,34,6,1560,2,6,PEUGEOT 308,4,W01000516,0,-1
2021991014588,2021,991014588,2,9,0,18,19,8,3,0,0,1,0,0,0,0,1,1,5,6,1,37,7,1560,2,5,PEUGEOT 308,5,-1,0,-1
2021010330536,2021,010330536,1,9,0,18,19,7,3,0,0,0,0,0,0,0,2,1,1,1,1,54,8,1560,2,4,PEUGEOT 308,9,E01023896,0,-1
2021010346502,2021,010346502,4,9,0,2,2,0,0,0,0,1,0,0,0,0,1,1,6,6,3,-1,-1,1200,1,5,PEUGEOT 308,-1,-1,0,-1
2021052101139,2021,052101139,1,9,0,6,6,3,3,0,0,2,0,0,0,0,4,1,1,1,1,-1,-1,1500,2,1,PEUGEOT 308,-1,-1,0,-1
2021320612060,2021,320612060,2,9,0,4,4,2,6,0,0,0,0,0,0,0,2,1,2,2,1,50,8,1560,2,10,PEUGEOT 308,8,E01026035,0,-1
2021201028538,2021,201028538,1,9,0,16,19,-1,-1,0,0,0,0,0,-1,0,0,1,6,6,1,28,6,1598,1,12,PEUGEOT 308,1,E01009605,0,-1
2021461079128,2021,461079128,1,9,0,9,9,5,3,0,0,6,0,0,0,0,1,1,6,6,1,25,5,1560,2,10,PEUGEOT 308,4,E01024561,0,-1
2021361022644,2021,361022644,2,9,0,3,3,5,1,0,0,1,0,0,0,0,2,1,6,6,1,71,10,1560,2,9,PEUGEOT 308,6,E01026436,0,-1
2021010288462,2021,010288462,2,9,0,99,99,9,9,99,99,9,9,99,9,99,1,9,6,6,3,-1,-1,1200,1,5,PEUGEOT 308,8,E01001211,0,-1
2021061106871,2021,061106871,2,9,0,18,19,1,1,0,0,1,0,0,0,0,0,1,5,6,1,-1,-1,1200,1,0,PEUGEOT 308,2,E01005950,0,-1
2021161032443,2021,161032443,2,9,0,18,19,3,7,0,0,0,0,0,0,0,0,1,1,1,1,30,6,1560,2,6,PEUGEOT 308,9,E01012962,0,-1
2021061070608,2021,061070608,1,9,0,18,19,5,1,0,0,1,0,0,0,0,0,1,1,1,2,30,6,1200,1,0,PEUGEOT 308,-1,-1,0,-1
2021991065451,2021,991065451,2,9,0,13,13,5,1,0,0,0,0,0,0,0,4,1,1,1,1,57,9,1560,2,4,PEUGEOT 308,4,-1,0,-1
2021461053918,2021,461053918,1,9,0,18,19,7,3,0,0,0,0,0,0,0,4,1,6,6,2,42,7,1560,2,6,PEUGEOT 308,2,E01024500,0,-1
2021052102611,2021,052102611,1,9,0,18,19,1,5,0,0,4,0,9,0,0,3,1,1,1,1,30,6,1500,2,1,PEUGEOT 308,-1,-1,0,-1
2021501037981,2021,501037981,1,9,0,18,19,3,7,0,0,1,0,0,0,0,1,1,3,7,1,64,9,1560,2,6,PEUGEOT 308,8,E01018822,0,-1
2021231094931,2021,231094931,1,9,0,5,5,1,6,0,0,6,0,0,0,0,1,1,6,6,1,36,7,1560,2,9,PEUGEOT 308,1,E01009581,0,-1
2021991024901,2021,991024901,1,9,0,18,19,2,6,0,0,0,5,0,1,0,1,1,5,6,1,55,8,1560,2,7,PEUGEOT 308,7,-1,0,-1
2021201144031,2021,201144031,2,9,0,18,19,2,6,0,0,0,0,0,0,0,2,1,2,2,2,51,8,1598,1,13,PEUGEOT 308,2,E01010310,0,-1
2021461068582,2021,461068582,4,9,0,2,2,0,0,0,0,0,0,0,0,0,3,1,6,6,2,-1,-1,1997,2,7,PEUGEOT 308,2,E01024061,0,-1
2021010340894,2021,010340894,1,9,0,18,19,1,5,0,0,1,5,7,2,10,4,1,6,6,1,26,6,1560,2,5,PEUGEOT 308,2,E01004003,0,-1
2021061090146,2021,061090146,2,9,0,18,19,1,6,0,0,3,0,0,0,0,1,1,6,6,1,30,6,1997,2,7,PEUGEOT 308,5,E01005591,0,-1
2021122100155,2021,122100155,1,9,0,9,9,1,7,0,0,6,0,0,0,0,3,1,1,1,2,25,5,1560,2,3,PEUGEOT 308,4,E01027608,0,-1
2021461056029,2021,461056029,1,9,0,2,2,0,0,0,0,0,0,0,0,0,3,1,6,6,1,-1,-1,1500,2,1,PEUGEOT 308,7,E01024558,0,-1
2021070800785,2021,070800785,1,9,0,18,19,8,4,0,0,0,0,0,0,0,3,1,1,1,1,28,6,1560,2,3,PEUGEOT 308,2,E01033302,0,-1
2021430501015,2021,430501015,2,9,0,18,19,2,6,0,0,2,0,0,0,0,1,1,6,6,2,26,6,1560,2,8,PEUGEOT 308,1,E01016743,0,-1
2021421031625,2021,421031625,1,9,0,17,19,7,3,0,0,0,0,4,0,0,1,1,5,6,1,86,11,1200,1,2,PEUGEOT 308,8,E01021389,0,-1
2021010322895,2021,010322895,5,9,0,18,19,5,1,0,0,1,0,0,0,0,0,1,1,1,1,38,7,1200,1,3,PEUGEOT 308,2,E01033587,0,-1
2021211120393,2021,211120393,2,9,0,18,19,5,1,0,0,0,0,0,0,0,3,1,6,6,1,33,6,1500,2,3,PEUGEOT 308,3,E01006253,0,-1
2021430296409,2021,430296409,2,9,0,18,19,8,4,0,0,0,0,0,4,6,1,1,6,6,1,65,9,1997,2,5,PEUGEOT 308,7,E01000791,0,-1
2021161041768,2021,161041768,2,9,0,9,9,1,7,0,0,8,0,0,0,0,2,1,1,1,1,-1,-1,1560,2,3,PEUGEOT 308,10,E01013070,0,-1
2021070601180,2021,070601180,1,9,0,7,7,7,5,0,0,8,0,0,0,0,1,1,6,6,1,81,11,1560,2,10,PEUGEOT 308,8,E01018677,0,-1
2021010339988,2021,010339988,1,9,0,5,5,7,3,0,0,4,0,0,0,0,1,1,6,6,2,70,10,1997,2,10,PEUGEOT 308,2,E01001205,0,-1
2021111048396,2021,111048396,2,9,0,18,19,5,1,0,0,8,0,0,0,0,4,1,2,2,1,44,7,1997,2,5,PEUGEOT 308,10,E01020603,0,-1
2021010312603,2021,010312603,2,9,0,18,19,3,7,0,0,8,0,0,0,0,0,1,1,1,1,38,7,1200,1,3,PEUGEOT 308,2,E01033587,0,-1
2021421021752,2021,421021752,1,9,0,9,9,6,3,0,0,6,0,0,0,0,1,1,6,6,2,28,6,1397,1,13,PEUGEOT 308,9,E01022063,0,-1
2021302101785,2021,302101785,4,9,0,2,2,0,0,0,0,0,0,0,0,0,3,1,6,6,3,-1,-1,1560,2,6,PEUGEOT 308,-1,-1,0,-1
20211383J0275,2021,1383J0275,4,9,0,2,2,0,0,0,0,0,0,0,0,0,4,1,6,6,3,-1,-1,1997,2,6,PEUGEOT 308,-1,-1,0,-1
2021061044636,2021,061044636,2,9,0,9,9,6,2,0,0,0,0,0,0,0,4,1,5,6,1,32,6,1560,2,6,PEUGEOT 308,2,E01005030,0,-1
2021138180364,2021,138180364,1,9,0,18,19,5,1,0,0,0,1,0,0,0,4,1,6,6,1,29,6,1598,1,12,PEUGEOT 308,1,E01011349,0,-1
2021231132110,2021,231132110,3,9,0,2,2,0,0,0,0,0,0,0,0,0,1,1,5,6,1,50,8,1560,2,7,PEUGEOT 308,4,E01031170,0,-1
2021471074517,2021,471074517,2,9,0,18,19,2,6,0,0,1,0,0,0,0,1,1,5,6,2,50,8,1397,1,11,PEUGEOT 308,2,E01031808,0,-1
2021501048683,2021,501048683,1,9,0,4,4,2,6,0,0,2,0,0,0,0,1,1,2,2,1,24,5,1560,2,7,PEUGEOT 308,7,E01015138,0,-1
2021361028260,2021,361028260,2,9,0,2,2,0,0,0,0,0,0,4,0,0,3,1,6,6,1,39,7,1560,2,12,PEUGEOT 308,6,E01026430,0,-1
2021131059470,2021,131059470,2,9,0,18,19,2,6,0,0,1,0,0,0,0,0,1,1,1,1,-1,-1,1498,2,0,PEUGEOT 308,1,E01010994,0,-1
2021421028008,2021,421028008,2,9,0,18,19,7,3,0,0,0,0,0,0,0,4,1,5,6,2,41,7,1200,1,6,PEUGEOT 308,4,E01021817,0,-1
2021010333983,2021,010333983,2,9,0,12,12,1,5,0,0,6,0,0,0,0,1,1,6,6,1,68,10,1598,1,12,PEUGEOT 308,4,E01000408,0,-1
2021061060357,2021,061060357,2,9,0,11,11,3,7,0,0,0,0,0,0,0,4,1,6,6,3,30,6,1200,1,2,PEUGEOT 308,-1,-1,0,-1
2021201111038,2021,201111038,2,9,0,18,19,4,8,0,0,8,0,0,0,0,1,1,6,6,2,59,9,1200,1,0,PEUGEOT 308,6,E01010035,0,-1
2021041017462,2021,041017462,1,9,0,16,19,3,7,0,0,0,0,0,0,0,4,1,2,2,1,31,6,1560,2,6,PEUGEOT 308,4,E01025150,0,-1
2021451056407,2021,451056407,2,9,0,2,2,2,6,0,0,1,0,0,0,0,2,1,6,6,3,-1,-1,1560,2,8,PEUGEOT 308,-1,-1,0,-1
2021010329656,2021,010329656,1,9,0,1,1,3,7,0,0,2,9,0,0,0,2,9,6,6,3,-1,-1,1200,1,3,PEUGEOT 308,-1,-1,0,-1
2021471094749,2021,471094749,1,9,0,18,19,4,8,9,9,1,0,7,0,0,1,1,5,6,1,80,11,1598,1,11,PEUGEOT 308,8,E01021106,0,-1
2021430470878,2021,430470878,1,9,0,18,19,8,4,0,0,8,0,0,0,0,1,1,1,1,1,33,6,1500,2,0,PEUGEOT 308,7,E01033500,0,-1
2021201132078,2021,201132078,2,9,0,3,3,4,8,0,0,0,0,0,0,0,2,1,6,6,2,46,8,1598,1,12,PEUGEOT 308,5,E01033619,0,-1
2021010324975,2021,010324975,2,9,0,18,19,1,5,0,0,1,0,0,0,0,1,1,6,6,1,23,5,1200,1,3,PEUGEOT 308,5,E01000417,0,-1
2021070303203,2021,070303203,1,9,0,4,4,4,7,0,0,1,0,0,0,0,3,1,1,1,1,32,6,1560,2,2,PEUGEOT 308,-1,-1,0,-1
2021231125159,2021,231125159,1,9,0,18,19,6,2,0,0,0,0,0,0,0,1,1,5,6,1,23,5,1560,2,12,PEUGEOT 308,5,E01031131,0,-1
2021010293268,2021,010293268,1,9,0,99,99,9,9,99,99,0,9,99,9,99,2,9,6,6,1,40,7,2179,2,13,-1,6,E01003000,0,-1
2021122100295,2021,122100295,2,9,0,16,19,1,5,0,0,0,0,0,0,0,1,1,6,6,1,52,8,2179,2,12,-1,8,E01027754,0,-1
2021320361058,2021,320361058,1,9,0,16,19,6,2,0,0,0,0,0,7,9,3,1,6,6,1,21,5,1149,1,13,RENAULT CLIO,3,E01026068,0,-1
202163C029021,2021,63C029021,2,9,0,4,4,2,6,0,0,1,0,0,0,0,2,1,6,6,2,77,11,1461,2,16,RENAULT CLIO,4,W01000587,0,-1
202131D019121,2021,31D019121,1,9,0,18,19,8,4,0,0,0,0,0,0,0,1,1,6,6,2,24,5,1149,1,7,RENAULT CLIO,3,E01028187,0,-1
2021231070068,2021,231070068,2,9,0,18,19,5,1,0,0,8,0,0,0,0,1,1,5,6,1,30,6,1149,1,18,RENAULT CLIO,7,E01031247,0,-1
2021138451612,2021,138451612,1,9,0,18,19,7,3,0,0,1,0,0,0,0,1,1,6,6,1,-1,-1,1149,1,17,RENAULT CLIO,-1,-1,0,-1
2021421016299,2021,421016299,1,9,0,18,19,7,3,0,0,0,0,0,0,0,1,1,2,2,1,65,9,1390,1,18,RENAULT CLIO,1,E01015841,0,-1
2021401120572,2021,401120572,1,9,0,18,19,6,2,0,0,0,1,0,7,4,1,1,2,2,2,24,5,1149,1,9,RENAULT CLIO,1,E01017466,0,-1
2021320723259,2021,320723259,2,9,0,18,19,6,2,0,0,0,0,0,0,0,1,1,6,6,2,37,7,1149,1,13,RENAULT CLIO,5,E01026241,0,-1
2021520105176,2021,520105176,1,9,0,18,19,1,5,0,0,8,0,0,0,0,1,1,6,6,1,19,4,1149,1,16,RENAULT CLIO,7,E01029158,0,-1
2021010350927,2021,010350927,1,9,0,8,8,3,6,0,0,1,0,0,0,0,4,1,2,2,1,20,4,899,1,7,RENAULT CLIO,2,E01002784,0,-1
2021041065401,2021,041065401,1,9,0,18,19,5,1,0,0,1,0,0,1,6,1,1,1,1,2,30,6,1461,2,6,RENAULT CLIO,6,E01024915,0,-1
2021552100742,2021,552100742,1,9,0,5,5,5,1,0,0,6,0,0,0,0,3,1,2,2,1,37,7,1461,2,11,RENAULT CLIO,2,E01015367,0,-1
2021991018259,2021,991018259,1,9,0,18,19,2,6,0,0,0,1,0,8,4,4,1,6,6,1,24,5,1149,1,13,RENAULT CLIO,5,-1,0,-1
2021302101106,2021,302101106,2,9,0,18,19,1,5,0,0,8,0,0,7,4,1,1,6,6,1,22,5,1149,1,10,RENAULT CLIO,10,E01013468,0,-1
2021161124744,2021,161124744,1,9,0,18,19,7,3,0,0,0,0,0,0,0,4,1,5,6,1,39,7,1149,1,12,RENAULT CLIO,1,E01013162,0,-1
2021430488925,2021,430488925,1,9,0,12,12,5,1,0,0,0,0,0,5,6,3,1,6,6,2,21,5,1149,1,15,RENAULT CLIO,8,E01025942,0,-1
2021451025376,2021,451025376,4,9,0,2,2,0,0,0,0,0,0,0,0,0,0,1,5,6,1,19,4,1149,1,13,RENAULT CLIO,6,E01030524,0,-1
2021421100445,2021,421100445,2,9,0,13,13,5,1,0,0,0,2,0,7,0,4,1,2,2,1,54,8,1998,1,13,RENAULT CLIO,-1,-1,0,-1
2021461015250,2021,461015250,2,9,0,2,2,0,0,0,0,0,0,0,0,0,1,1,6,6,2,34,6,1461,2,15,RENAULT CLIO,7,E01024447,0,-1
2021010307000,2021,010307000,1,9,0,7,7,5,7,0,0,1,0,0,0,0,4,1,6,6,3,-1,-1,1461,2,5,RENAULT CLIO,-1,-1,0,-1
2021451120342,2021,451120342,1,9,0,18,19,7,7,0,0,8,0,0,0,0,2,1,6,6,2,65,9,899,1,8,RENAULT CLIO,-1,-1,0,-1
2021141103714,2021,141103714,3,9,0,18,19,5,1,0,0,0,0,0,0,0,1,1,5,6,1,21,5,1149,1,5,RENAULT CLIO,8,E01026141,0,-1
2021451050123,2021,451050123,3,9,0,18,19,3,7,0,0,1,0,0,0,0,2,1,5,6,1,37,7,1149,1,11,RENAULT CLIO,10,E01030296,0,-1
2021052100780,2021,052100780,1,9,0,5,5,3,7,0,0,4,0,0,0,0,1,1,6,6,2,36,7,1149,1,14,RENAULT CLIO,2,E01006826,0,-1
2021320563570,2021,320563570,1,9,0,9,9,8,6,0,0,8,0,0,0,0,1,1,2,2,2,28,6,898,1,2,RENAULT CLIO,5,E01026306,0,-1
2021461072802,2021,461072802,1,9,0,18,19,1,5,0,0,4,0,0,0,0,1,1,6,6,2,32,6,1598,1,11,RENAULT CLIO,-1,-1,0,-1
2021201087950,2021,201087950,2,9,0,18,19,-1,-1,0,0,1,0,0,0,0,4,1,1,1,3,-1,-1,1149,1,14,RENAULT CLIO,-1,-1,0,-1
2021531086520,2021,531086520,2,9,0,9,9,8,4,0,0,0,0,0,0,0,3,1,5,6,2,43,7,898,1,2,RENAULT CLIO,1,E01022311,0,-1
2021411095062,2021,411095062,1,9,0,9,9,5,3,0,0,0,0,0,0,0,1,1,6,6,2,32,6,1149,1,14,RENAULT CLIO,7,E01023799,0,-1
2021010328083,2021,010328083,1,9,9,99,99,9,9,99,99,9,9,99,9,99,2,9,6,6,1,44,7,1461,2,3,RENAULT CLIO,2,E01003305,0,-1
2021302102006,2021,302102006,2,9,0,5,5,4,8,0,0,4,0,0,0,0,2,1,6,6,2,58,9,1390,1,15,RENAULT CLIO,4,E01019573,0,-1
2021101085044,2021,101085044,2,9,0,18,19,5,1,0,0,0,1,0,0,0,2,1,6,6,1,33,6,1461,2,13,RENAULT CLIO,1,E01008332,0,-1
2021302101755,2021,302101755,2,9,0,9,9,6,2,0,0,8,0,0,0,0,3,1,6,6,2,32,6,898,1,3,RENAULT CLIO,5,E01027945,0,-1
202154B600221,2021,54B600221,1,9,0,18,19,5,1,0,0,7,1,0,0,0,1,1,6,6,2,24,5,1461,2,6,RENAULT CLIO,2,E01031896,0,-1
2021351091387,2021,351091387,1,9,0,9,9,5,1,7,6,0,0,0,0,0,3,1,5,6,2,23,5,898,1,5,RENAULT CLIO,6,E01018042,0,-1
2021411033681,2021,411033681,1,9,0,18,19,6,2,0,0,6,0,0,0,0,3,1,5,6,1,48,8,898,1,5,RENAULT CLIO,10,E01023825,0,-1
20211381K1525,2021,1381K1525,1,9,0,18,19,7,3,0,0,1,0,0,0,0,1,1,6,6,2,45,7,1390,1,15,RENAULT CLIO,2,E01010778,0,-1
2021302100132,2021,302100132,1,9,0,18,19,5,1,7,6,0,1,0,1,10,1,1,2,2,2,27,6,1149,1,16,RENAULT CLIO,4,E01019455,0,-1
2021010299719,2021,010299719,2,9,0,4,4,3,7,0,0,8,0,0,0,0,2,1,6,6,2,41,7,898,1,2,RENAULT CLIO,2,E01000724,0,-1
2021010300774,2021,010300774,1,9,0,99,99,9,9,99,99,9,9,99,9,99,9,9,6,6,2,21,5,1149,1,13,RENAULT CLIO,4,E01001137,0,-1
2021361035597,2021,361035597,2,9,0,18,19,7,3,0,0,0,0,0,0,0,1,1,1,1,1,27,6,1149,1,17,RENAULT CLIO,4,E01026925,0,-1
2021471093205,2021,471093205,1,9,0,2,2,0,0,0,0,1,0,0,0,0,2,1,5,6,2,29,6,1461,2,1,RENAULT CLIO,6,E01031692,0,-1
2021471066505,2021,471066505,1,9,0,7,7,7,2,0,0,8,0,0,0,0,4,1,5,6,2,21,5,1149,1,15,RENAULT CLIO,8,E01031664,0,-1
2021201020294,2021,201020294,3,9,0,18,19,3,7,0,0,1,0,0,0,0,1,1,6,6,1,21,5,1149,1,7,RENAULT CLIO,4,E01009688,0,-1
2021991097289,2021,991097289,2,9,0,18,19,7,3,0,0,8,0,0,0,0,1,1,5,6,1,53,8,1149,1,4,RENAULT CLIO,7,-1,0,-1
2021010336501,2021,010336501,2,9,0,18,19,5,1,0,0,1,0,0,0,0,1,1,6,6,1,21,5,1149,1,14,RENAULT CLIO,9,E01002263,0,-1
2021221027332,2021,221027332,1,9,0,17,19,3,8,0,0,0,0,0,0,0,1,1,2,2,1,51,8,1461,2,14,RENAULT CLIO,4,E01010426,0,-1
2021552100811,2021,552100811,2,9,0,18,19,8,4,0,0,0,0,0,0,0,2,1,6,6,2,46,8,1461,2,11,RENAULT CLIO,7,E01015413,0,-1
2021201116035,2021,201116035,1,9,0,18,19,8,4,0,0,1,0,0,0,0,1,1,6,6,1,53,8,1461,2,13,RENAULT CLIO,2,E01010071,0,-1
2021351117068,2021,351117068,2,9,0,18,19,7,3,0,0,0,0,0,0,0,2,1,5,6,1,69,10,1598,1,14,RENAULT CLIO,8,E01018039,0,-1
2021320370160,2021,320370160,1,9,0,16,19,6,2,0,0,0,1,0,1,10,1,1,6,6,2,19,4,1149,1,16,RENAULT CLIO,7,E01026340,0,-1
2021201083157,2021,201083157,1,9,0,18,19,2,4,0,0,6,0,0,0,0,1,1,6,6,1,-1,-1,899,1,6,RENAULT CLIO,-1,-1,0,-1
2021221071844,2021,221071844,1,9,0,5,5,5,3,9,9,6,0,0,0,0,1,1,2,2,2,53,8,1461,2,7,RENAULT CLIO,10,E01009826,0,-1
2021161077393,2021,161077393,1,9,0,18,19,3,7,0,0,0,0,0,0,0,1,1,6,6,2,-1,-1,1149,1,9,RENAULT CLIO,-1,-1,0,-1
2021461024074,2021,461024074,1,9,0,18,19,5,1,0,0,0,1,0,0,0,2,1,1,1,1,19,4,1149,1,17,RENAULT CLIO,3,E01016173,0,-1
2021010299620,2021,010299620,1,9,0,2,2,0,0,0,0,1,0,0,0,0,4,1,6,6,3,-1,-1,1149,1,10,RENAULT CLIO,-1,-1,0,-1
2021546312821,2021,546312821,2,9,0,18,19,6,2,0,0,0,0,0,0,0,3,1,6,6,1,45,7,1998,1,15,RENAULT CLIO,10,E01015014,0,-1
2021031026932,2021,031026932,1,9,0,5,5,2,6,0,0,1,0,0,0,0,1,1,2,2,1,18,4,899,1,8,RENAULT CLIO,7,E01019254,0,-1
2021302100446,2021,302100446,1,9,0,18,19,2,6,0,0,1,0,0,0,0,1,1,6,6,1,24,5,1149,1,13,RENAULT CLIO,1,E01019729,0,-1
2021041121626,2021,041121626,1,9,0,18,19,1,5,0,0,0,0,0,0,0,4,1,2,2,1,19,4,1149,1,13,RENAULT CLIO,10,E01025016,0,-1