collision_index,collision_year,collision_ref_no,vehicle_reference,vehicle_type,towing_and_articulation,vehicle_manoeuvre_historic,vehicle_manoeuvre,vehicle_direction_from,vehicle_direction_to,vehicle_location_restricted_lane_historic,vehicle_location_restricted_lane,junction_location,skidding_and_overturning,hit_object_in_carriageway,vehicle_leaving_carriageway,hit_object_off_carriageway,first_point_of_impact,vehicle_left_hand_drive,journey_purpose_of_driver_historic,journey_purpose_of_driver,sex_of_driver,age_of_driver,age_band_of_driver,engine_capacity_cc,propulsion_code,age_of_vehicle,generic_make_model,driver_imd_decile,lsoa_of_driver,escooter_flag,driver_distance_banding
2021440147554,2021,440147554,1,9,0,18,19,1,5,0,0,8,0,0,0,0,3,1,6,6,2,67,10,1461,2,3,RENAULT CLIO,10,E01022850,0,-1
2021221120750,2021,221120750,1,9,0,18,19,5,1,0,0,0,0,0,0,0,1,1,6,6,1,46,8,1461,2,11,RENAULT CLIO,7,E01014649,0,-1
2021361117786,2021,361117786,2,9,0,18,19,5,8,0,0,0,0,0,0,0,3,1,5,6,2,80,11,1149,1,13,RENAULT CLIO,10,E01026838,0,-1
2021201051329,2021,201051329,2,9,0,18,19,8,4,0,0,8,0,10,1,1,1,1,6,6,1,45,7,1149,1,11,RENAULT CLIO,5,E01010348,0,-1
2021461069212,2021,461069212,1,9,0,18,19,7,3,0,0,0,0,0,0,0,1,1,6,6,1,20,4,1149,1,11,RENAULT CLIO,9,E01000421,0,-1
2021070749752,2021,070749752,1,9,0,17,19,5,3,0,0,0,5,0,2,10,4,1,6,6,1,19,4,1998,1,12,RENAULT CLIO,6,E01012540,0,-1
2021451016787,2021,451016787,1,9,0,14,14,1,2,0,0,0,1,0,1,3,1,1,5,6,1,54,8,1149,1,9,RENAULT CLIO,9,E01030567,0,-1
2021991109505,2021,991109505,1,9,0,17,19,5,1,0,0,0,2,0,1,9,4,1,5,6,1,27,6,1149,1,16,RENAULT CLIO,-1,-1,0,-1
2021010345906,2021,010345906,1,9,0,5,5,3,7,0,0,1,0,0,0,0,1,1,6,6,2,19,4,1149,1,6,RENAULT CLIO,-1,-1,0,-1
2021131039285,2021,131039285,1,9,0,12,12,5,1,0,0,0,5,0,7,10,3,1,6,6,2,29,6,1149,1,13,RENAULT CLIO,2,E01011250,0,-1
2021221070291,2021,221070291,1,9,0,18,19,3,7,0,0,3,0,10,1,0,4,1,5,6,2,19,4,1149,1,10,RENAULT CLIO,7,E01014007,0,-1
2021320587842,2021,320587842,1,9,0,18,19,4,8,0,0,0,0,0,0,0,1,1,6,6,2,21,5,1461,2,7,RENAULT CLIO,6,E01026637,0,-1
2021201131675,2021,201131675,1,9,0,18,19,1,5,0,0,2,0,0,0,0,1,1,2,2,2,25,5,1149,1,5,RENAULT CLIO,2,E01010268,0,-1
2021361061387,2021,361061387,4,9,0,18,19,2,6,0,0,1,0,0,0,0,2,1,6,6,1,60,9,1461,2,5,RENAULT CLIO,5,E01026585,0,-1
2021501045870,2021,501045870,2,9,0,9,9,8,5,0,0,2,0,0,0,0,3,1,2,2,1,24,5,898,1,6,RENAULT CLIO,6,E01020031,0,-1
2021061114385,2021,061114385,2,9,0,18,19,8,4,0,0,8,0,0,0,0,1,1,5,6,1,36,7,1149,1,10,RENAULT CLIO,4,E01005751,0,-1
2021010315189,2021,010315189,1,9,0,17,19,4,8,0,0,0,0,7,1,1,1,1,6,6,1,20,4,1390,1,15,RENAULT CLIO,-1,-1,0,-1
2021201148736,2021,201148736,1,9,0,18,19,6,2,0,0,0,0,0,0,0,1,1,6,6,2,25,5,899,1,6,RENAULT CLIO,3,E01010005,0,-1
2021131087601,2021,131087601,1,9,0,9,9,3,1,0,0,5,0,0,0,0,4,1,2,2,1,47,8,1149,1,20,RENAULT CLIO,1,E01011292,0,-1
2021461058108,2021,461058108,1,9,0,5,5,7,3,0,0,2,0,0,0,0,3,1,5,6,1,46,8,898,1,4,RENAULT CLIO,7,E01024812,0,-1
2021201091506,2021,201091506,1,9,0,18,19,6,2,0,0,0,0,0,0,0,4,1,6,6,1,84,11,1149,1,13,RENAULT CLIO,-1,-1,0,-1
2021522200208,2021,522200208,1,9,0,3,3,5,1,0,0,1,0,0,0,0,4,1,6,6,1,26,6,898,1,2,RENAULT CLIO,4,E01014704,0,-1
2021010293094,2021,010293094,1,9,0,18,19,7,3,0,0,0,0,0,0,0,2,1,6,6,1,28,6,1149,1,5,RENAULT CLIO,10,E01022873,0,-1
2021101030566,2021,101030566,4,9,0,2,2,0,0,0,0,0,0,0,0,0,2,1,6,6,3,-1,-1,1149,1,11,RENAULT CLIO,-1,-1,0,-1
2021520200759,2021,520200759,1,9,0,17,19,1,5,0,0,0,2,0,2,11,1,1,6,6,1,24,5,1390,1,14,RENAULT CLIO,5,E01029257,0,-1
2021052100436,2021,052100436,2,9,0,2,2,0,0,0,0,1,0,0,0,0,2,1,6,6,1,54,8,1149,1,17,RENAULT CLIO,2,E01007244,0,-1
2021471079514,2021,471079514,1,9,0,17,19,6,3,0,0,0,1,7,0,0,1,1,5,6,2,47,8,1461,2,7,RENAULT CLIO,9,E01031461,0,-1
2021131116767,2021,131116767,2,9,0,18,19,3,7,0,0,2,0,0,0,0,1,1,5,6,2,43,7,1149,1,9,RENAULT CLIO,2,E01011220,0,-1
2021131033492,2021,131033492,1,9,0,9,9,6,3,0,0,5,0,0,0,0,1,1,5,6,2,21,5,1461,2,13,RENAULT CLIO,2,E01011126,0,-1
2021101049973,2021,101049973,1,9,0,18,19,8,4,0,0,0,0,0,1,5,1,1,5,6,1,49,8,1461,2,15,RENAULT CLIO,3,E01008831,0,-1
2021501096152,2021,501096152,1,9,0,18,19,3,7,0,0,1,0,0,0,0,1,1,6,6,2,26,6,1461,2,11,RENAULT CLIO,3,E01019001,0,-1
2021010309250,2021,010309250,3,9,0,3,3,5,1,0,0,1,0,0,0,0,1,1,4,7,2,32,6,1461,2,3,RENAULT CLIO,7,E01023856,0,-1
2021010312052,2021,010312052,2,9,0,99,99,9,9,99,99,0,9,99,9,99,1,9,6,6,3,-1,-1,1149,1,11,RENAULT CLIO,-1,-1,0,-1
2021070731035,2021,070731035,2,9,0,9,9,3,1,0,0,5,0,0,0,0,3,1,3,7,2,40,7,1390,1,14,RENAULT CLIO,2,E01012442,0,-1
2021141059435,2021,141059435,1,9,0,18,19,1,5,0,0,0,0,0,8,4,3,1,2,2,1,18,4,1461,2,7,RENAULT CLIO,5,E01028012,0,-1
2021522201184,2021,522201184,1,9,0,18,19,8,4,0,0,8,0,0,0,0,4,1,6,6,2,47,8,1149,1,16,RENAULT CLIO,3,E01014736,0,-1
2021440465339,2021,440465339,1,9,0,9,9,2,8,0,0,8,0,0,0,0,3,1,2,2,2,22,5,1149,1,16,RENAULT CLIO,4,E01017264,0,-1
2021041047162,2021,041047162,2,9,0,18,19,7,3,0,0,0,0,0,0,0,1,1,1,1,2,40,7,999,1,1,RENAULT CLIO,8,E01024862,0,-1
2021052100197,2021,052100197,1,9,0,18,19,6,2,0,0,1,0,0,0,0,1,1,6,6,1,30,6,898,1,4,RENAULT CLIO,3,E01007297,0,-1
2021421112182,2021,421112182,1,9,0,5,5,8,4,9,9,0,0,0,0,0,1,1,6,6,1,73,10,1149,1,10,RENAULT CLIO,4,E01021495,0,-1
2021211031791,2021,211031791,2,9,0,9,9,1,7,0,0,8,0,0,0,0,3,1,1,1,2,62,9,1149,1,14,RENAULT CLIO,2,E01029716,0,-1
2021430146081,2021,430146081,1,9,0,18,19,8,4,0,0,1,0,0,0,0,1,1,6,6,1,51,8,1149,1,11,RENAULT CLIO,10,E01028600,0,-1
2021544248621,2021,544248621,2,9,0,6,6,8,8,0,0,8,0,0,0,0,3,1,6,6,1,22,5,1998,1,14,RENAULT CLIO,7,E01028954,0,-1
2021141124736,2021,141124736,2,9,0,9,9,5,1,0,0,0,0,0,0,0,1,1,5,6,1,42,7,1149,1,13,RENAULT CLIO,3,E01007449,0,-1
2021061089947,2021,061089947,2,9,0,7,7,3,5,0,0,6,0,0,0,0,2,1,6,6,1,65,9,898,1,5,RENAULT CLIO,5,E01006292,0,-1
2021461072934,2021,461072934,1,9,0,18,19,5,1,0,0,1,0,0,0,0,0,1,6,6,2,56,9,899,1,6,RENAULT CLIO,3,E01024280,0,-1
2021141025446,2021,141025446,3,9,0,2,2,0,0,0,0,0,0,0,0,0,1,1,6,6,3,-1,-1,1461,2,6,RENAULT CLIO,-1,-1,0,-1
2021430170176,2021,430170176,1,9,0,9,9,2,8,0,0,8,0,0,0,0,4,1,6,6,2,43,7,1149,1,10,RENAULT CLIO,2,E01028577,0,-1
2021141077038,2021,141077038,2,9,0,18,19,7,3,0,0,0,1,0,2,0,3,1,5,6,2,41,7,1149,1,16,RENAULT CLIO,2,E01028029,0,-1
2021101079458,2021,101079458,2,9,0,16,19,7,1,0,0,0,0,0,0,0,1,1,5,6,2,31,6,1149,1,5,RENAULT CLIO,-1,-1,0,-1
2021131124314,2021,131124314,1,9,0,18,19,5,1,0,0,4,0,0,0,0,0,1,6,6,3,-1,-1,999,1,1,RENAULT CLIO,-1,-1,0,-1
2021211059126,2021,211059126,2,9,0,9,9,1,6,0,0,5,1,0,0,0,4,1,6,6,2,53,8,1149,1,7,RENAULT CLIO,-1,-1,0,-1
2021991126659,2021,991126659,1,9,0,18,19,2,7,0,0,8,0,0,0,0,1,1,5,6,2,18,4,1149,1,4,RENAULT CLIO,8,-1,0,-1
2021401053420,2021,401053420,3,9,0,2,2,0,0,0,0,2,0,0,0,0,2,1,6,6,3,-1,-1,1149,1,10,RENAULT CLIO,-1,-1,0,-1
2021161091844,2021,161091844,1,9,0,16,19,5,1,9,9,3,0,0,1,2,1,1,2,2,1,30,6,1149,1,11,RENAULT CLIO,3,E01013272,0,-1
2021201063065,2021,201063065,1,9,0,18,19,3,3,0,0,8,0,0,0,0,1,1,6,6,2,41,7,1149,1,15,RENAULT CLIO,1,E01009002,0,-1
2021320080585,2021,320080585,1,9,0,16,19,2,6,0,0,0,1,0,8,4,1,1,2,2,1,48,8,1149,1,17,RENAULT CLIO,5,E01026232,0,-1
2021540663821,2021,540663821,1,9,0,18,19,2,6,0,0,0,0,0,1,4,1,1,2,2,1,37,7,1598,1,15,RENAULT CLIO,6,E01032708,0,-1
2021122100137,2021,122100137,1,9,0,18,19,7,3,0,0,0,2,0,1,4,4,1,2,2,1,32,6,1149,1,15,RENAULT CLIO,9,E01008611,0,-1
2021201110597,2021,201110597,1,9,0,4,4,8,4,0,0,2,0,0,0,0,3,1,2,2,1,33,6,1149,1,9,RENAULT CLIO,4,E01009658,0,-1
2021430539557,2021,430539557,1,9,0,16,19,8,3,0,0,0,0,0,0,0,1,1,6,6,2,21,5,1598,1,17,RENAULT CLIO,9,E01032954,0,-1
2021622100325,2021,622100325,2,9,0,2,2,0,0,0,0,0,0,0,0,0,1,1,6,6,3,-1,-1,1461,2,6,RENAULT CLIO,-1,-1,0,-1
2021371084640,2021,371084640,2,9,0,18,19,6,2,0,0,0,0,0,0,0,-1,1,5,6,2,23,5,898,1,5,RENAULT CLIO,6,E01030273,0,-1
2021991076227,2021,991076227,1,9,0,18,19,5,2,0,0,8,0,0,0,0,2,1,2,2,1,19,4,1461,2,15,RENAULT CLIO,3,-1,0,-1
2021430475249,2021,430475249,2,9,0,18,19,2,6,0,0,1,0,0,0,0,3,1,6,6,2,26,6,1461,2,4,RENAULT CLIO,7,E01027281,0,-1
2021610048421,2021,610048421,1,9,0,16,19,7,1,0,0,1,1,10,1,1,3,1,6,6,1,-1,-1,1390,1,16,RENAULT CLIO,-1,-1,0,-1
2021471030037,2021,471030037,2,9,0,4,4,4,2,0,0,1,0,0,0,0,2,1,6,6,1,40,7,1461,2,7,RENAULT CLIO,8,E01016932,0,-1
2021010342635,2021,010342635,2,9,0,2,2,0,0,0,0,2,0,4,0,0,1,1,6,6,3,-1,-1,1149,1,8,RENAULT CLIO,-1,-1,0,-1
2021141048003,2021,141048003,4,9,0,2,2,0,0,0,0,0,0,0,0,0,2,1,6,6,3,-1,-1,1149,1,18,RENAULT CLIO,-1,-1,0,-1
2021010347939,2021,010347939,1,9,0,18,19,5,1,0,0,8,0,0,0,0,1,1,6,6,1,22,5,898,1,3,RENAULT CLIO,-1,-1,0,-1
2021161082024,2021,161082024,1,9,0,18,19,2,6,0,0,1,5,0,1,1,1,1,2,2,1,49,8,1390,1,14,RENAULT CLIO,3,E01012999,0,-1
2021522104380,2021,522104380,1,9,0,16,19,3,7,0,0,0,2,0,0,0,4,1,6,6,1,62,9,1149,1,17,RENAULT CLIO,3,E01014566,0,-1
2021991030525,2021,991030525,1,9,0,18,19,5,1,0,0,8,0,0,0,0,1,1,5,6,2,35,6,898,1,3,RENAULT CLIO,2,-1,0,-1
2021131038810,2021,131038810,2,9,0,2,2,0,0,6,6,0,0,0,0,0,1,1,6,6,3,-1,-1,1618,1,6,RENAULT CLIO,-1,-1,0,-1
2021461044943,2021,461044943,2,9,0,18,19,3,7,0,0,0,0,0,0,0,1,1,6,6,1,52,8,1461,2,8,RENAULT CLIO,8,E01024255,0,-1
2021061048366,2021,061048366,1,9,0,18,19,7,3,0,0,0,0,0,0,0,1,1,6,6,1,26,6,899,1,7,RENAULT CLIO,2,E01006845,0,-1
20211381B0784,2021,1381B0784,2,9,0,18,19,4,8,0,0,8,0,0,0,0,4,1,6,6,1,39,7,1461,2,3,RENAULT CLIO,5,E01011096,0,-1
2021041083384,2021,041083384,2,9,0,18,19,5,1,0,0,1,0,0,0,0,3,1,5,6,1,29,6,1149,1,14,RENAULT CLIO,5,E01025311,0,-1
2021131056969,2021,131056969,1,9,0,18,19,6,2,0,0,1,0,0,7,11,2,1,5,6,1,21,5,899,1,7,RENAULT CLIO,4,E01010671,0,-1
2021010329815,2021,010329815,3,9,0,2,2,0,0,0,0,1,0,0,0,0,1,1,6,6,3,-1,-1,1598,1,13,RENAULT CLIO,-1,-1,0,-1
2021421093586,2021,421093586,1,9,0,4,4,1,7,0,0,1,0,0,0,0,2,1,3,7,1,36,7,1461,2,15,RENAULT CLIO,-1,-1,0,-1
2021131118918,2021,131118918,1,9,0,18,19,5,1,0,0,8,0,0,0,0,1,1,5,6,1,20,4,1149,1,13,RENAULT CLIO,6,E01010990,0,-1
2021010292690,2021,010292690,2,9,0,5,5,7,3,0,0,6,0,0,0,0,1,1,6,6,3,-1,-1,1149,1,17,RENAULT CLIO,-1,-1,0,-1
2021552100484,2021,552100484,1,9,0,18,19,3,7,0,0,4,0,0,0,0,1,1,6,6,2,58,9,898,1,6,RENAULT CLIO,9,E01020399,0,-1
2021440377564,2021,440377564,1,9,0,7,7,6,1,0,0,2,0,0,0,0,3,1,6,6,2,83,11,898,1,4,RENAULT CLIO,4,E01017342,0,-1
2021421035830,2021,421035830,1,9,0,18,19,3,7,0,0,0,0,4,0,0,4,1,6,6,1,25,5,1149,1,14,RENAULT CLIO,6,E01021758,0,-1
2021070825184,2021,070825184,2,9,0,18,19,4,8,0,0,0,0,0,1,0,1,1,6,6,2,39,7,1461,2,14,RENAULT CLIO,8,E01018440,0,-1
2021531034511,2021,531034511,1,9,0,18,19,3,3,0,0,0,0,11,0,0,1,1,5,6,1,20,4,1149,1,11,RENAULT CLIO,5,W01001922,0,-1
2021622100495,2021,622100495,1,9,0,18,19,4,8,0,0,0,0,4,0,0,1,1,6,6,1,18,4,1149,1,15,RENAULT CLIO,1,W01001280,0,-1
202134WNC5221,2021,34WNC5221,1,9,0,18,19,3,7,0,0,6,0,0,0,0,1,1,6,6,2,22,5,1149,1,10,RENAULT CLIO,8,E01001094,0,-1
2021041056874,2021,041056874,1,9,0,18,19,3,5,0,0,1,0,4,0,0,1,1,6,6,2,33,6,1461,2,4,RENAULT CLIO,6,E01025496,0,-1
2021421093663,2021,421093663,1,9,0,18,19,3,7,0,0,0,0,0,0,0,2,1,6,6,2,53,8,1149,1,16,RENAULT CLIO,7,E01015848,0,-1
2021451030352,2021,451030352,3,9,0,4,4,1,5,0,0,0,0,0,0,0,1,1,1,1,2,56,9,1461,2,5,RENAULT CLIO,6,E01017827,0,-1
2021320297083,2021,320297083,1,9,0,18,19,8,4,0,0,0,0,0,0,0,1,1,6,6,1,19,4,1149,1,9,RENAULT CLIO,3,E01026046,0,-1
2021531072140,2021,531072140,1,9,0,16,19,1,1,0,0,0,0,10,2,7,1,1,5,6,2,36,7,1461,1,10,RENAULT CLIO,4,E01022450,0,-1
2021052100774,2021,052100774,2,9,0,10,10,8,6,0,0,1,0,0,0,0,2,1,6,6,1,73,10,898,1,3,RENAULT CLIO,5,E01007152,0,-1
2021522104320,2021,522104320,1,9,0,4,4,1,5,0,0,0,0,0,0,0,2,1,6,6,1,56,9,1149,1,15,RENAULT CLIO,1,E01014703,0,-1
2021501096197,2021,501096197,1,9,0,18,19,5,1,0,0,0,0,0,0,0,1,1,5,6,1,20,4,1149,1,19,RENAULT CLIO,4,E01032847,0,-1
2021201093902,2021,201093902,2,9,0,3,3,-1,-1,0,0,8,0,0,0,0,2,1,6,6,2,42,7,1149,1,13,RENAULT CLIO,9,E01009804,0,-1
2021991034665,2021,991034665,1,9,5,18,19,6,2,9,9,0,0,0,1,10,1,1,5,6,2,53,8,1149,1,15,RENAULT CLIO,-1,-1,0,-1
2021461113966,2021,461113966,2,9,0,18,19,6,2,0,0,0,0,0,0,0,4,1,4,7,1,24,5,1618,1,4,RENAULT CLIO,3,E01033092,0,-1
2021451107464,2021,451107464,1,9,0,18,19,1,5,0,0,0,5,4,7,0,1,1,5,6,1,54,8,1149,1,16,RENAULT CLIO,9,E01030706,0,-1
2021401130529,2021,401130529,1,9,0,8,8,-1,-1,0,0,4,0,0,0,0,1,1,6,6,2,77,11,1390,1,20,RENAULT CLIO,6,E01017479,0,-1
2021991112921,2021,991112921,1,9,0,18,19,8,4,0,0,4,0,0,0,0,3,1,5,6,1,20,4,1149,1,13,RENAULT CLIO,1,-1,0,-1
2021471091628,2021,471091628,2,9,0,18,19,1,5,0,0,1,0,0,0,0,1,1,6,6,2,39,7,1149,1,13,RENAULT CLIO,3,E01031569,0,-1
2021052102375,2021,052102375,2,9,0,18,19,7,3,0,0,8,0,0,0,0,1,1,6,6,1,62,9,999,1,1,RENAULT CLIO,2,E01006819,0,-1
2021991113789,2021,991113789,1,9,0,18,19,5,8,0,0,0,0,0,0,0,1,1,1,1,1,20,4,1149,1,7,RENAULT CLIO,5,-1,0,-1
2021411162441,2021,411162441,1,9,0,18,19,5,2,0,0,0,0,0,0,0,1,1,6,6,1,-1,-1,1149,1,7,RENAULT CLIO,9,E01023509,0,-1
2021052101607,2021,052101607,2,9,0,18,19,5,1,0,0,0,0,0,0,0,3,1,6,6,1,53,8,1461,2,10,RENAULT CLIO,2,E01006958,0,-1
2021991059655,2021,991059655,2,9,0,18,19,4,8,0,0,0,0,0,0,0,0,1,5,6,1,60,9,898,1,2,RENAULT CLIO,1,-1,0,-1
2021052102435,2021,052102435,1,9,0,9,9,3,7,0,0,1,0,0,0,0,1,1,2,2,1,36,7,898,1,2,RENAULT CLIO,3,E01006588,0,-1
2021061104266,2021,061104266,2,9,0,18,19,3,7,0,0,0,0,0,0,0,2,1,6,6,2,32,6,999,1,1,RENAULT CLIO,1,E01005692,0,-1
2021010296988,2021,010296988,1,9,0,99,99,9,9,99,99,9,9,99,9,99,2,9,2,2,2,25,5,899,1,7,RENAULT CLIO,7,E01004473,0,-1
2021622100306,2021,622100306,1,9,0,18,19,2,7,0,0,1,0,0,7,4,1,1,6,6,1,20,4,1390,1,15,RENAULT CLIO,10,W01001841,0,-1
2021991015333,2021,991015333,1,9,0,18,19,2,7,0,0,4,0,0,0,0,3,1,2,2,1,43,7,1390,1,15,RENAULT CLIO,6,-1,0,-1
2021141048634,2021,141048634,1,9,0,18,19,7,4,0,0,8,0,0,0,0,1,1,2,2,2,40,7,1461,2,11,RENAULT CLIO,10,E01007957,0,-1
2021221129779,2021,221129779,1,9,0,7,7,2,4,0,0,6,0,0,0,0,3,1,5,6,1,21,5,1461,2,7,RENAULT CLIO,8,E01032317,0,-1
2021440212997,2021,440212997,1,9,0,18,19,2,6,0,0,0,0,0,0,0,1,1,6,6,1,18,4,1149,1,15,RENAULT CLIO,10,E01023824,0,-1
2021010305329,2021,010305329,1,9,0,18,19,1,5,0,0,1,0,0,1,11,1,1,1,1,1,70,10,898,1,2,RENAULT CLIO,6,E01002358,0,-1
2021010315387,2021,010315387,1,9,0,4,4,5,1,0,0,2,0,0,0,0,2,2,6,6,2,35,6,999,1,1,RENAULT CLIO,4,E01001939,0,-1
2021320523540,2021,320523540,1,9,0,9,9,7,4,0,0,8,0,0,0,0,3,1,6,6,2,76,11,1461,2,12,RENAULT CLIO,-1,-1,0,-1
2021052101420,2021,052101420,2,9,0,18,19,7,3,0,0,8,0,0,0,0,1,1,6,6,2,18,4,1149,1,5,RENAULT CLIO,7,E01012476,0,-1
2021622100287,2021,622100287,1,9,0,18,19,4,8,0,0,0,0,10,4,6,1,1,6,6,1,63,9,1461,2,11,RENAULT CLIO,1,W01001081,0,-1
2021421108994,2021,421108994,3,9,0,2,2,0,0,0,0,0,0,0,0,0,1,1,6,6,1,-1,-1,1149,1,12,RENAULT CLIO,3,E01021339,0,-1
202131A088521,2021,31A088521,1,9,0,10,10,6,2,0,0,1,0,0,0,0,2,1,6,6,2,33,6,898,1,2,RENAULT CLIO,8,E01028251,0,-1
2021552101282,2021,552101282,1,9,0,18,19,8,4,0,0,0,0,0,0,0,1,1,1,1,1,61,9,1461,2,13,RENAULT CLIO,5,E01020353,0,-1
2021371145489,2021,371145489,1,9,0,18,19,3,7,0,0,0,0,0,0,0,1,1,5,6,2,20,4,1149,1,4,RENAULT CLIO,6,E01029975,0,-1
2021991145258,2021,991145258,1,9,0,18,19,1,5,0,0,0,1,0,1,0,1,1,6,6,1,18,4,1149,1,13,RENAULT CLIO,7,-1,0,-1
2021430488406,2021,430488406,2,9,0,18,19,3,7,0,0,0,0,0,0,0,2,1,6,6,1,63,9,1598,1,10,RENAULT CLIO,7,E01024802,0,-1
2021052101720,2021,052101720,1,9,0,18,19,6,2,0,0,8,0,0,0,0,1,1,6,6,2,27,6,1149,1,5,RENAULT CLIO,3,E01006671,0,-1
2021430391873,2021,430391873,1,9,0,5,5,2,2,0,0,0,0,0,0,0,3,1,6,6,2,26,6,1149,1,3,RENAULT CLIO,10,E01022521,0,-1
2021351024622,2021,351024622,2,9,0,18,19,8,3,0,0,0,0,0,0,0,1,1,6,6,2,51,8,1149,1,10,RENAULT CLIO,9,E01018178,0,-1
2021201065226,2021,201065226,1,9,0,18,19,6,2,0,0,1,0,0,0,0,1,1,6,6,3,-1,-1,1149,1,13,RENAULT CLIO,-1,-1,0,-1
2021501100139,2021,501100139,1,9,0,5,5,1,5,0,0,0,0,0,0,0,1,1,2,2,2,55,8,898,1,2,RENAULT CLIO,7,E01015122,0,-1
2021161081385,2021,161081385,1,9,0,17,19,2,6,0,0,0,2,0,7,0,1,1,6,6,2,27,6,1149,1,15,RENAULT CLIO,3,E01012986,0,-1
2021131076691,2021,131076691,1,9,0,18,19,3,3,0,0,0,0,0,7,11,1,1,5,6,2,90,11,1149,1,11,RENAULT CLIO,6,E01010690,0,-1
2021010300806,2021,010300806,3,9,0,4,4,5,1,0,0,8,0,4,0,0,1,1,6,6,1,55,8,1149,1,11,RENAULT CLIO,1,E01001634,0,-1
2021501120933,2021,501120933,1,9,0,4,4,3,7,0,0,0,0,0,0,0,1,1,6,6,1,23,5,1598,1,14,RENAULT CLIO,2,E01015157,0,-1
2021522201022,2021,522201022,1,9,0,18,19,5,1,0,0,0,0,0,0,0,1,1,6,6,1,21,5,1149,1,16,RENAULT CLIO,3,E01029284,0,-1
2021520202000,2021,520202000,1,9,0,7,7,7,1,0,0,8,0,0,0,0,1,1,6,6,1,23,5,1149,1,12,RENAULT CLIO,4,E01029232,0,-1
2021170M11151,2021,170M11151,1,9,0,18,19,1,5,0,0,0,0,0,0,0,4,1,6,6,1,51,8,1149,1,16,RENAULT CLIO,1,E01012011,0,-1
2021201087996,2021,201087996,3,9,0,18,19,4,8,0,0,0,0,0,0,0,1,1,6,6,1,23,5,1461,2,8,RENAULT CLIO,5,E01010552,0,-1
2021161068229,2021,161068229,2,9,0,18,19,6,8,0,0,1,0,0,0,0,3,1,5,6,2,60,9,1461,2,7,RENAULT CLIO,6,E01013178,0,-1
2021141050189,2021,141050189,2,9,0,4,4,5,1,0,0,0,0,4,0,0,1,1,3,7,2,30,6,899,1,8,RENAULT CLIO,4,E01007728,0,-1
2021522104314,2021,522104314,1,9,0,16,19,2,6,0,0,0,0,0,0,0,3,1,6,6,1,25,5,1149,1,13,RENAULT CLIO,8,E01032672,0,-1
2021211100439,2021,211100439,2,9,0,18,19,1,3,0,0,1,5,0,0,0,1,1,2,2,2,27,6,1461,2,6,RENAULT CLIO,-1,-1,0,-1
2021622100458,2021,622100458,2,9,0,17,19,2,6,0,0,2,0,0,0,0,2,1,6,6,2,22,5,1149,1,11,RENAULT CLIO,1,W01001276,0,-1
2021010301382,2021,010301382,1,9,0,99,99,9,9,99,99,9,9,99,9,99,2,9,6,6,1,30,6,1461,2,12,RENAULT CLIO,4,E01002621,0,-1
2021010337765,2021,010337765,2,9,0,16,19,7,3,0,0,2,0,0,0,0,1,1,6,6,1,25,5,1197,1,4,RENAULT CLIO,7,E01000169,0,-1
2021131047946,2021,131047946,2,9,0,17,19,8,4,0,0,1,5,0,0,0,4,1,2,2,1,20,4,1149,1,11,RENAULT CLIO,9,E01011812,0,-1
2021031060487,2021,031060487,1,9,0,18,19,1,5,0,0,0,5,0,7,0,3,1,6,6,2,40,7,1461,2,12,RENAULT CLIO,9,E01019255,0,-1
2021131067234,2021,131067234,1,9,0,18,19,1,5,9,9,8,0,0,0,0,1,1,5,6,2,25,5,1149,1,8,RENAULT CLIO,1,E01011901,0,-1
2021010293722,2021,010293722,2,9,0,4,4,5,1,0,0,1,0,0,0,0,1,1,2,2,1,51,8,1149,1,13,RENAULT CLIO,4,E01004142,0,-1
2021991088579,2021,991088579,1,9,0,18,19,2,6,0,0,0,0,0,1,4,4,1,5,6,1,29,6,1149,1,10,RENAULT CLIO,-1,-1,0,-1
2021010353204,2021,010353204,2,9,0,4,4,4,8,0,0,0,0,0,0,0,1,9,6,6,3,-1,-1,1598,1,14,RENAULT CLIO,5,E01000825,0,-1
2021501109293,2021,501109293,4,9,0,2,2,0,0,0,0,1,0,0,0,0,2,1,6,6,1,-1,-1,1149,1,14,RENAULT CLIO,4,E01020032,0,-1
2021010322203,2021,010322203,3,9,0,99,99,9,9,99,99,9,9,99,9,99,2,9,6,6,3,29,6,1461,2,6,RENAULT CLIO,2,E01000074,0,-1
2021610055021,2021,610055021,2,9,0,2,2,0,0,0,0,0,0,0,0,0,1,1,3,7,1,42,7,1998,1,12,RENAULT CLIO,-1,-1,0,-1
2021061065061,2021,061065061,1,9,0,16,19,2,6,0,0,0,5,0,2,7,1,1,6,6,2,46,8,899,1,7,RENAULT CLIO,10,E01005695,0,-1
2021061056614,2021,061056614,1,9,0,9,9,7,4,0,0,6,0,0,0,0,3,1,2,2,2,20,4,1149,1,5,RENAULT CLIO,-1,-1,0,-1
2021351083145,2021,351083145,1,9,0,18,19,5,1,0,0,0,2,0,1,11,1,1,6,6,2,24,5,1149,1,10,RENAULT CLIO,7,E01018227,0,-1