collision_index,collision_year,collision_ref_no,vehicle_reference,vehicle_type,towing_and_articulation,vehicle_manoeuvre_historic,vehicle_manoeuvre,vehicle_direction_from,vehicle_direction_to,vehicle_location_restricted_lane_historic,vehicle_location_restricted_lane,junction_location,skidding_and_overturning,hit_object_in_carriageway,vehicle_leaving_carriageway,hit_object_off_carriageway,first_point_of_impact,vehicle_left_hand_drive,journey_purpose_of_driver_historic,journey_purpose_of_driver,sex_of_driver,age_of_driver,age_band_of_driver,engine_capacity_cc,propulsion_code,age_of_vehicle,generic_make_model,driver_imd_decile,lsoa_of_driver,escooter_flag,driver_distance_banding
2021552100361,2021,552100361,2,9,0,10,10,4,8,0,0,5,0,0,0,0,2,1,2,2,1,36,7,999,1,2,RENAULT CLIO,3,E01015283,0,-1
2021302100299,2021,302100299,2,9,0,18,19,2,6,0,0,7,0,0,0,0,3,1,6,6,2,20,4,898,1,2,RENAULT CLIO,2,E01019571,0,-1
2021991081913,2021,991081913,1,9,0,16,19,7,3,0,0,0,0,0,3,4,1,1,6,6,2,24,5,1149,1,15,RENAULT CLIO,5,-1,0,-1
2021501083084,2021,501083084,1,9,0,18,19,5,7,0,0,0,0,0,0,0,1,1,6,6,1,19,4,1149,1,18,RENAULT CLIO,1,E01015058,0,-1
2021991034430,2021,991034430,2,9,0,2,2,0,0,0,0,0,0,0,0,0,2,1,6,6,3,-1,-1,1461,2,13,RENAULT CLIO,-1,-1,0,-1
202163C015121,2021,63C015121,1,9,0,17,19,3,8,0,0,1,0,0,0,0,3,1,6,6,1,72,10,1149,1,14,RENAULT CLIO,2,W01000600,0,-1
2021622100357,2021,622100357,2,9,0,16,19,2,6,0,0,0,0,0,0,0,1,1,6,6,2,32,6,1461,2,4,RENAULT CLIO,8,W01000557,0,-1
2021201146808,2021,201146808,2,9,0,9,9,3,1,0,0,5,0,0,0,0,3,1,6,6,1,46,8,1149,1,12,RENAULT CLIO,3,E01009145,0,-1
2021451054875,2021,451054875,1,9,0,5,5,2,6,0,0,8,0,0,0,0,1,1,1,1,2,46,8,1390,1,15,RENAULT CLIO,4,E01023144,0,-1
2021411118646,2021,411118646,1,9,0,18,19,6,2,0,0,1,1,0,0,0,1,1,5,6,1,19,4,1149,1,14,RENAULT CLIO,6,E01023918,0,-1
2021111121025,2021,111121025,2,9,0,4,4,7,3,0,0,1,0,0,0,0,2,1,1,1,2,49,8,898,1,6,RENAULT CLIO,1,E01020880,0,-1
2021421116349,2021,421116349,2,9,0,2,2,0,0,0,0,0,0,4,0,0,1,1,6,6,3,-1,-1,1149,1,11,RENAULT CLIO,-1,-1,0,-1
2021052100662,2021,052100662,2,9,0,18,19,2,6,0,0,8,0,0,0,0,3,1,6,6,1,39,7,1149,1,15,RENAULT CLIO,3,E01007276,0,-1
2021991090453,2021,991090453,1,9,0,18,19,3,7,0,0,1,0,0,0,0,1,2,6,6,2,20,4,1149,1,12,RENAULT CLIO,6,-1,0,-1
2021991069137,2021,991069137,1,9,0,17,19,7,3,0,0,1,0,0,0,0,1,1,5,6,2,21,5,898,1,2,RENAULT CLIO,8,-1,0,-1
2021440255130,2021,440255130,1,9,0,9,9,5,3,0,0,8,0,0,0,0,4,1,2,2,1,43,7,1149,1,12,RENAULT CLIO,2,E01017272,0,-1
2021421029920,2021,421029920,2,9,0,18,19,4,8,0,0,1,0,0,0,0,3,1,6,6,1,31,6,1461,2,12,RENAULT CLIO,3,E01016014,0,-1
2021041150266,2021,041150266,2,9,0,9,9,5,1,0,0,2,0,1,7,0,3,1,5,6,1,-1,-1,1330,1,2,RENAULT CLIO,2,E01012705,0,-1
202154B828521,2021,54B828521,1,9,0,18,19,7,5,0,0,2,0,0,0,0,1,1,6,6,1,-1,-1,1461,2,17,RENAULT CLIO,8,E01031946,0,-1
2021231111923,2021,231111923,1,9,0,9,9,7,5,0,0,5,0,0,0,0,1,1,1,1,1,24,5,1149,1,7,RENAULT CLIO,6,E01031316,0,-1
2021552200057,2021,552200057,2,9,0,4,4,8,4,0,0,8,0,0,0,0,2,1,6,6,1,19,4,1461,2,1,RENAULT CLIO,-1,-1,0,-1
2021430510596,2021,430510596,2,9,0,3,3,4,8,0,0,2,0,0,0,0,2,1,6,6,2,49,8,1149,1,13,RENAULT CLIO,4,E01016435,0,-1
202134NNC3751,2021,34NNC3751,1,9,0,16,19,6,2,0,0,8,0,0,7,11,1,1,6,6,1,21,5,1149,1,15,RENAULT CLIO,9,E01025669,0,-1
2021421044249,2021,421044249,1,9,0,1,1,7,3,9,9,0,0,0,0,0,4,1,6,6,1,35,6,1998,1,8,RENAULT CLIO,9,E01021235,0,-1
2021061062333,2021,061062333,1,9,0,18,19,5,1,0,0,0,0,0,0,0,3,1,6,6,1,47,8,899,1,7,RENAULT CLIO,6,E01025383,0,-1
2021231187559,2021,231187559,1,9,0,18,19,6,2,0,0,8,0,9,3,0,1,1,5,6,1,24,5,1149,1,13,RENAULT CLIO,2,E01009635,0,-1
2021201114026,2021,201114026,1,9,0,4,4,4,8,0,0,2,0,0,0,0,1,1,6,6,2,50,8,1149,1,8,RENAULT CLIO,2,E01009517,0,-1
2021131036238,2021,131036238,3,9,0,12,12,6,2,0,0,0,0,0,0,0,0,1,2,2,2,23,5,1390,1,15,RENAULT CLIO,3,E01033005,0,-1
2021161101446,2021,161101446,1,9,0,18,19,5,1,0,0,0,0,0,0,0,1,1,6,6,2,30,6,898,1,5,RENAULT CLIO,-1,-1,0,-1
2021161017420,2021,161017420,1,9,0,5,5,2,6,0,0,1,1,0,0,0,4,1,5,6,2,25,5,1390,1,15,RENAULT CLIO,2,E01013143,0,-1
2021111071718,2021,111071718,1,9,0,18,19,3,7,0,0,0,1,0,0,0,1,1,6,6,1,21,5,1149,1,15,RENAULT CLIO,2,E01020645,0,-1
2021010317410,2021,010317410,1,9,0,99,99,9,9,99,99,9,9,99,9,99,9,9,6,6,2,59,9,1149,1,6,RENAULT CLIO,10,E01003846,0,-1
20211381O1615,2021,1381O1615,1,9,0,18,19,1,5,0,0,0,0,0,0,0,1,1,6,6,3,-1,-1,999,1,1,RENAULT CLIO,-1,-1,0,-1
2021991091848,2021,991091848,1,9,0,18,19,1,5,0,0,0,5,0,0,0,1,1,5,6,1,51,8,1149,1,18,RENAULT CLIO,7,-1,0,-1
2021461113572,2021,461113572,2,9,0,10,10,3,7,0,0,0,0,0,0,0,2,1,6,6,2,29,6,1461,2,5,RENAULT CLIO,9,E01024834,0,-1
202131B065421,2021,31B065421,1,9,0,18,19,4,8,0,0,0,0,7,0,0,1,1,6,6,2,26,6,899,1,8,RENAULT CLIO,-1,-1,0,-1
2021552100488,2021,552100488,1,9,0,13,13,4,8,0,0,0,2,0,1,0,4,1,4,7,1,18,4,1149,1,10,RENAULT CLIO,5,E01020536,0,-1
2021131118800,2021,131118800,1,9,0,9,9,2,8,0,0,0,0,0,0,0,3,1,5,6,1,61,9,1461,2,7,RENAULT CLIO,6,E01011226,0,-1
2021061028141,2021,061028141,1,9,0,18,19,5,1,0,0,8,0,0,0,0,3,1,5,6,2,46,8,898,1,5,RENAULT CLIO,6,E01005455,0,-1
202154C175621,2021,54C175621,1,9,0,18,19,5,1,0,0,0,0,0,0,0,1,1,6,6,1,19,4,1149,1,10,RENAULT CLIO,6,E01032011,0,-1
2021201136653,2021,201136653,1,9,0,18,19,4,8,0,0,1,0,0,0,0,1,1,6,6,1,-1,-1,1461,2,20,RENAULT CLIO,-1,-1,0,-1
2021041116381,2021,041116381,1,9,0,18,19,1,5,0,0,5,1,0,7,10,4,1,5,6,1,30,6,1149,1,13,RENAULT CLIO,5,E01012664,0,-1
2021061098047,2021,061098047,2,9,0,9,9,1,3,0,0,1,0,0,0,0,4,1,6,6,2,40,7,1461,2,13,RENAULT CLIO,1,E01005586,0,-1
2021052100740,2021,052100740,2,9,0,17,19,8,4,0,0,0,0,0,0,0,1,1,6,6,1,45,7,1461,2,11,RENAULT CLIO,1,E01033764,0,-1
2021351131026,2021,351131026,1,9,0,17,19,6,2,0,0,0,1,0,1,9,1,1,5,6,1,27,6,1149,1,16,RENAULT CLIO,5,E01017388,0,-1
2021010293257,2021,010293257,1,9,0,18,19,1,5,0,0,0,0,0,0,0,0,1,6,6,3,-1,-1,1149,1,12,RENAULT CLIO,-1,-1,0,-1
2021070289357,2021,070289357,1,9,0,17,19,8,4,0,0,0,1,0,0,0,3,1,6,6,2,28,6,1149,1,11,RENAULT CLIO,4,E01018629,0,-1
2021231019559,2021,231019559,1,9,0,18,19,8,4,0,0,0,0,0,4,6,1,1,5,6,2,21,5,1461,2,6,RENAULT CLIO,3,E01017906,0,-1
2021052100694,2021,052100694,1,9,0,9,9,5,3,0,0,6,0,0,0,0,1,1,6,6,2,65,9,899,1,8,RENAULT CLIO,6,E01007226,0,-1
2021302100113,2021,302100113,2,9,0,18,19,4,8,0,0,1,0,0,0,0,1,1,6,6,1,70,10,1149,1,16,RENAULT CLIO,2,E01019483,0,-1
20211382I1132,2021,1382I1132,1,9,0,18,19,7,3,0,0,0,5,10,0,11,1,1,6,6,3,-1,-1,1149,1,17,RENAULT CLIO,-1,-1,0,-1
2021430298742,2021,430298742,1,9,0,9,9,5,4,0,0,6,0,0,0,0,4,1,6,6,2,24,5,1149,1,10,RENAULT CLIO,3,E01016464,0,-1
2021302100920,2021,302100920,1,9,0,18,19,8,4,0,0,4,0,4,0,0,1,1,6,6,1,-1,-1,1461,2,12,RENAULT CLIO,8,E01013593,0,-1
2021361029394,2021,361029394,1,9,0,5,5,3,7,0,0,3,0,0,0,0,3,1,6,6,1,38,7,1149,1,7,RENAULT CLIO,10,E01026572,0,-1
2021371086060,2021,371086060,1,9,0,5,5,3,1,0,0,1,0,0,0,0,1,1,5,6,1,32,6,1149,1,11,RENAULT CLIO,4,E01030295,0,-1
2021061042691,2021,061042691,4,9,0,18,19,6,2,0,0,2,0,0,0,0,2,1,6,6,2,49,8,1149,1,3,RENAULT CLIO,1,E01005142,0,-1
2021991024383,2021,991024383,1,9,0,7,7,1,7,0,0,2,0,0,0,0,1,1,6,6,1,69,10,1149,1,3,RENAULT CLIO,5,-1,0,-1
2021101040678,2021,101040678,3,9,0,18,19,5,1,0,0,0,0,0,0,0,2,1,1,1,2,43,7,1149,1,3,RENAULT CLIO,-1,-1,0,-1
2021211117163,2021,211117163,2,9,0,18,19,4,8,0,0,0,0,0,0,0,4,1,6,6,1,41,7,1149,1,11,RENAULT CLIO,2,E01010311,0,-1
2021010310287,2021,010310287,2,9,0,9,9,1,6,0,0,5,0,0,0,0,3,1,6,6,1,46,8,1149,1,18,RENAULT CLIO,3,E01002610,0,-1
2021101038995,2021,101038995,1,9,0,7,7,1,5,0,0,1,0,0,0,0,3,1,6,6,1,19,4,1149,1,12,RENAULT CLIO,4,E01020644,0,-1
2021421124117,2021,421124117,3,9,0,18,19,5,1,0,0,0,0,0,0,0,1,1,5,6,2,35,6,1149,1,11,RENAULT CLIO,7,E01021416,0,-1
2021461023893,2021,461023893,1,9,0,9,9,3,1,0,0,8,0,0,0,0,1,1,6,6,1,38,7,999,1,1,RENAULT CLIO,1,E01024710,0,-1
2021131041407,2021,131041407,1,9,0,18,19,1,5,0,0,0,0,0,0,0,4,1,2,2,2,18,4,898,1,2,RENAULT CLIO,6,E01010590,0,-1
2021161115145,2021,161115145,2,9,0,5,5,1,5,0,0,4,0,0,0,0,3,1,6,6,1,45,7,1461,2,15,RENAULT CLIO,1,E01013212,0,-1
2021201142180,2021,201142180,1,9,0,18,19,-1,-1,0,0,0,0,0,0,0,1,1,6,6,1,30,6,1390,1,14,RENAULT CLIO,1,E01010414,0,-1
202131B138721,2021,31B138721,1,9,0,3,3,7,3,0,0,1,0,0,0,0,3,1,6,6,1,50,8,1149,1,16,RENAULT CLIO,2,E01028067,0,-1
2021622100325,2021,622100325,4,9,0,2,2,0,0,0,0,0,0,0,0,0,1,1,6,6,3,-1,-1,1149,1,14,RENAULT CLIO,-1,-1,0,-1
2021131043279,2021,131043279,2,9,0,18,19,5,1,0,0,8,0,0,0,0,3,1,2,2,2,60,9,898,1,2,RENAULT CLIO,3,E01032923,0,-1
2021201062690,2021,201062690,1,9,0,18,19,8,4,0,0,0,0,4,0,0,1,1,6,6,2,29,6,1390,1,15,RENAULT CLIO,6,E01009737,0,-1
2021421066918,2021,421066918,1,9,0,18,19,6,2,0,0,0,0,0,0,0,4,1,5,6,2,72,10,1390,1,15,RENAULT CLIO,1,E01022032,0,-1
2021211046088,2021,211046088,1,9,0,17,19,6,3,0,0,0,5,0,0,0,1,1,6,6,1,53,8,1149,1,17,RENAULT CLIO,2,E01029679,0,-1
2021161071805,2021,161071805,2,9,0,3,3,5,1,0,0,1,0,0,0,0,2,1,6,6,1,55,8,1390,1,14,RENAULT CLIO,9,E01012957,0,-1
2021010300074,2021,010300074,2,9,0,99,99,9,9,99,99,9,9,99,9,99,9,9,6,6,3,-1,-1,1149,1,7,RENAULT CLIO,-1,-1,0,-1
2021041115521,2021,041115521,1,9,0,18,19,5,1,0,0,0,0,11,0,0,1,1,1,1,2,40,7,1197,1,4,RENAULT CLIO,7,E01025347,0,-1
202163B087621,2021,63B087621,1,9,0,18,19,3,7,0,0,0,2,0,1,10,4,1,6,6,1,24,5,1149,1,18,RENAULT CLIO,8,E01028917,0,-1
2021061131394,2021,061131394,3,9,0,2,2,1,5,0,0,1,0,0,0,0,0,1,6,6,3,-1,-1,1149,1,8,RENAULT CLIO,-1,-1,0,-1
2021544053421,2021,544053421,1,9,0,16,19,1,3,0,0,6,0,0,5,6,1,1,6,6,2,18,4,1149,1,14,RENAULT CLIO,9,E01031998,0,-1
2021052102085,2021,052102085,4,9,0,3,3,3,7,0,0,1,0,4,0,0,2,1,6,6,2,32,6,1461,2,7,RENAULT CLIO,7,E01006774,0,-1
2021451038724,2021,451038724,1,9,0,9,9,3,7,0,0,8,0,0,0,0,4,1,5,6,1,24,5,899,1,7,RENAULT CLIO,6,E01030717,0,-1
2021461104626,2021,461104626,2,9,0,3,3,1,5,0,0,2,0,0,0,0,2,1,5,6,1,59,9,1461,2,11,RENAULT CLIO,3,E01024696,0,-1
2021070054690,2021,070054690,2,9,0,3,3,2,6,0,0,1,0,0,0,0,2,1,6,6,1,28,6,1598,1,12,RENAULT CLIO,5,E01018622,0,-1
202163A075321,2021,63A075321,1,9,0,18,19,4,8,0,0,2,0,0,0,0,1,1,1,1,2,35,6,1149,1,10,RENAULT CLIO,6,W01000630,0,-1
2021361083174,2021,361083174,2,9,0,18,19,2,6,0,0,1,0,0,0,0,2,1,6,6,2,24,5,1461,2,6,RENAULT CLIO,3,E01026747,0,-1
2021122100309,2021,122100309,2,9,0,13,13,3,7,0,0,0,2,0,1,0,2,1,6,6,1,20,4,1149,1,13,RENAULT CLIO,7,E01027860,0,-1
2021552100298,2021,552100298,2,9,0,7,7,7,1,0,0,5,0,0,1,4,2,1,2,2,1,52,8,1149,1,17,RENAULT CLIO,8,E01020458,0,-1
2021430337215,2021,430337215,1,9,0,18,19,2,6,0,0,0,0,0,0,0,3,1,6,6,1,47,8,999,1,1,RENAULT CLIO,-1,-1,0,-1
2021531046857,2021,531046857,1,9,0,18,19,1,5,0,0,8,0,0,0,0,1,1,3,7,1,63,9,1390,1,15,RENAULT CLIO,8,E01022313,0,-1
2021440507209,2021,440507209,3,9,0,18,19,3,7,0,0,0,0,0,0,0,1,1,6,6,2,28,6,1461,2,8,RENAULT CLIO,5,E01022842,0,-1
2021991012933,2021,991012933,2,9,0,18,19,1,5,0,0,8,0,0,0,0,1,1,2,2,2,24,5,1461,2,7,RENAULT CLIO,6,-1,0,-1
2021552100129,2021,552100129,2,9,0,18,19,3,7,0,0,8,0,0,0,0,1,1,1,1,2,21,5,899,1,8,RENAULT CLIO,1,E01029247,0,-1
2021501082675,2021,501082675,1,9,0,16,19,7,2,0,0,8,0,0,0,0,1,1,5,6,1,18,4,1149,1,16,RENAULT CLIO,8,E01020091,0,-1
2021010318699,2021,010318699,2,9,0,18,19,5,1,0,0,6,0,0,0,0,2,1,6,6,1,35,6,1149,1,10,RENAULT CLIO,5,E01004488,0,-1
2021451013795,2021,451013795,2,9,0,17,19,5,1,0,0,8,0,0,0,0,1,1,1,1,1,31,6,1390,1,20,RENAULT CLIO,9,E01030916,0,-1
2021141126398,2021,141126398,1,9,0,3,3,1,5,0,0,2,0,0,0,0,2,1,6,6,2,56,9,899,1,7,RENAULT CLIO,8,E01007983,0,-1
2021161014955,2021,161014955,1,9,0,18,19,3,7,0,0,4,0,0,0,0,0,1,6,6,2,33,6,1149,1,8,RENAULT CLIO,9,E01032683,0,-1
2021501017734,2021,501017734,2,9,0,17,19,5,1,0,0,0,0,0,0,0,1,1,5,6,2,41,7,1461,2,7,RENAULT CLIO,8,E01015111,0,-1
2021451061052,2021,451061052,1,9,0,18,19,7,3,0,0,0,0,6,0,0,1,1,6,6,1,24,5,1461,2,3,RENAULT CLIO,9,E01030501,0,-1
2021461020334,2021,461020334,3,9,0,10,10,7,3,0,0,0,0,0,0,0,2,1,5,6,2,37,7,1390,1,18,RENAULT CLIO,6,E01024136,0,-1
2021430167056,2021,430167056,2,9,0,18,19,6,2,0,0,5,0,0,0,0,1,1,6,6,1,23,5,1461,2,17,RENAULT CLIO,-1,-1,0,-1
2021131131841,2021,131131841,1,9,0,18,19,5,1,0,0,1,0,0,0,0,1,1,2,2,2,53,8,1149,1,6,RENAULT CLIO,2,E01011470,0,-1
2021201132099,2021,201132099,2,9,0,18,19,2,6,0,0,8,0,0,0,0,1,1,6,6,2,21,5,898,1,2,RENAULT CLIO,7,E01010246,0,-1
2021101121831,2021,101121831,1,9,0,18,19,4,8,0,0,2,0,0,0,0,1,1,6,6,1,60,9,898,1,3,RENAULT CLIO,-1,-1,0,-1
202134NNC3151,2021,34NNC3151,1,9,0,9,9,5,3,0,0,8,0,0,0,0,4,1,6,6,2,-1,-1,1149,1,17,RENAULT CLIO,4,E01027315,0,-1
2021471023430,2021,471023430,2,9,0,9,9,7,5,0,0,0,0,0,0,0,2,1,5,6,1,48,8,898,1,5,RENAULT CLIO,7,E01022938,0,-1
2021371149756,2021,371149756,1,9,0,18,19,7,3,0,0,8,0,0,0,0,3,1,5,6,2,21,5,1149,1,11,RENAULT CLIO,6,E01030039,0,-1
2021052100504,2021,052100504,1,9,0,4,4,7,3,0,0,1,0,0,0,0,1,1,6,6,1,25,5,898,1,3,RENAULT CLIO,9,E01012531,0,-1
2021041096117,2021,041096117,2,9,0,8,8,3,7,0,0,1,0,0,0,0,2,1,5,6,2,33,6,1390,1,15,RENAULT CLIO,1,E01012675,0,-1
2021451017795,2021,451017795,2,9,0,5,5,1,1,0,0,6,0,0,0,0,3,1,6,6,1,21,5,1149,1,14,RENAULT CLIO,7,E01002930,0,-1
2021421081656,2021,421081656,1,9,0,18,19,5,1,0,0,0,0,0,0,0,1,1,5,6,2,29,6,1149,1,5,RENAULT CLIO,5,E01016015,0,-1
2021141066837,2021,141066837,1,9,0,18,19,3,7,0,0,0,0,0,0,0,3,1,2,2,2,38,7,1390,1,15,RENAULT CLIO,3,E01007345,0,-1
2021421030087,2021,421030087,2,9,0,18,19,1,1,0,0,0,0,0,0,0,2,1,5,6,1,49,8,1149,1,16,RENAULT CLIO,1,E01021988,0,-1
2021201149494,2021,201149494,1,9,0,4,4,8,4,0,0,0,0,10,1,0,1,1,6,6,1,24,5,1998,1,10,RENAULT CLIO,2,E01009517,0,-1
2021231112669,2021,231112669,2,9,0,18,19,2,6,0,0,8,0,0,0,0,1,1,5,6,1,40,7,1998,1,15,RENAULT CLIO,7,E01031035,0,-1
2021440312385,2021,440312385,2,9,0,18,19,3,7,0,0,1,0,0,0,0,1,1,6,6,1,68,10,1149,1,14,RENAULT CLIO,7,E01032663,0,-1
2021520200299,2021,520200299,1,9,0,10,10,1,7,0,0,8,0,0,0,0,2,1,6,6,2,79,11,1461,2,18,RENAULT CLIO,5,E01029071,0,-1
2021201146158,2021,201146158,2,9,0,18,19,-1,-1,0,0,8,1,0,0,0,2,1,6,6,2,41,7,1149,1,8,RENAULT CLIO,6,E01010502,0,-1
2021101079731,2021,101079731,2,9,0,16,19,4,2,0,0,0,0,0,0,0,1,1,5,6,2,31,6,1149,1,13,RENAULT CLIO,2,E01008634,0,-1
2021991125715,2021,991125715,4,9,0,2,2,0,0,8,6,0,0,0,0,0,1,1,6,6,3,-1,-1,1390,1,14,RENAULT CLIO,-1,-1,0,-1
2021371144246,2021,371144246,1,9,0,18,19,4,8,0,0,0,1,0,8,4,1,1,1,1,2,19,4,1149,1,13,RENAULT CLIO,10,E01029894,0,-1
202163B077721,2021,63B077721,1,9,0,18,19,3,7,0,0,0,2,0,2,10,4,1,6,6,1,33,6,1149,1,13,RENAULT CLIO,6,W01000579,0,-1
2021211067297,2021,211067297,1,9,-1,-1,-1,-1,-1,-1,-1,0,-1,-1,-1,0,-1,1,6,6,2,-1,-1,1390,1,15,RENAULT CLIO,7,E01029519,0,-1
2021440331437,2021,440331437,2,9,0,18,19,1,5,0,0,0,0,0,1,0,1,1,2,2,2,46,8,898,1,4,RENAULT CLIO,10,E01022851,0,-1
202131B130021,2021,31B130021,1,9,0,18,19,1,5,0,0,1,0,0,0,0,1,1,6,6,2,-1,-1,1149,1,10,RENAULT CLIO,-1,-1,0,-1
2021070869626,2021,070869626,2,9,0,4,4,1,5,0,0,0,0,0,0,0,2,1,6,6,2,17,4,899,1,7,RENAULT CLIO,7,E01018708,0,-1
2021010325669,2021,010325669,1,9,0,18,19,8,4,0,0,1,0,0,0,0,1,1,6,6,2,60,9,1461,2,2,RENAULT CLIO,2,E01002763,0,-1
2021070229844,2021,070229844,2,9,0,16,19,2,6,0,0,0,0,0,0,0,1,1,6,6,2,48,8,1149,1,10,RENAULT CLIO,8,E01018567,0,-1
2021361017109,2021,361017109,1,9,0,18,19,3,7,0,0,0,0,0,1,0,1,1,1,1,1,25,5,1998,1,14,RENAULT CLIO,10,E01026537,0,-1
2021522102855,2021,522102855,1,9,0,9,9,6,4,0,0,8,0,0,0,0,1,1,6,6,1,23,5,1390,1,15,RENAULT CLIO,4,E01032101,0,-1
2021351031421,2021,351031421,2,9,0,10,10,4,8,0,0,1,1,0,1,0,2,1,6,6,2,53,8,1149,1,12,RENAULT CLIO,6,E01018056,0,-1
2021520104375,2021,520104375,2,9,0,18,19,2,6,0,0,8,1,0,7,2,1,1,6,6,2,20,4,1149,1,11,RENAULT CLIO,5,E01029313,0,-1
2021010314015,2021,010314015,1,9,0,18,19,1,5,0,0,0,0,0,0,0,1,1,6,6,1,-1,-1,1149,1,8,RENAULT CLIO,-1,-1,0,-1
2021161046501,2021,161046501,1,9,0,18,19,7,3,0,0,0,0,4,0,0,3,1,6,6,1,80,11,1149,1,3,RENAULT CLIO,8,E01013264,0,-1
202134NNC2431,2021,34NNC2431,1,9,0,4,4,6,2,0,0,2,0,0,0,0,1,1,6,6,1,21,5,898,1,3,RENAULT CLIO,4,E01027126,0,-1
2021010346976,2021,010346976,1,9,0,99,99,9,9,99,99,9,9,99,9,99,2,9,6,6,2,26,6,898,1,3,RENAULT CLIO,2,E01003248,0,-1
2021161038544,2021,161038544,2,9,0,18,19,5,1,0,0,0,0,0,0,0,4,1,6,6,1,81,11,1461,2,5,RENAULT CLIO,3,E01013087,0,-1
2021031088220,2021,031088220,1,9,0,18,19,5,1,0,0,0,1,0,1,0,1,1,6,6,1,34,6,1149,1,10,RENAULT CLIO,8,E01019307,0,-1
2021501086120,2021,501086120,1,9,0,17,19,4,8,0,0,0,5,0,1,4,1,1,2,2,1,18,4,1149,1,16,RENAULT CLIO,3,E01020118,0,-1
2021111054687,2021,111054687,2,9,0,9,9,1,6,0,0,1,0,0,0,0,2,1,5,6,1,52,8,1149,1,13,RENAULT CLIO,6,E01020640,0,-1
2021991094464,2021,991094464,1,9,0,5,5,5,1,0,0,8,0,0,0,0,4,1,2,2,2,32,6,898,1,3,RENAULT CLIO,3,-1,0,-1
2021010341253,2021,010341253,1,9,0,9,9,1,7,0,0,5,0,0,7,0,1,1,3,7,1,48,8,999,1,1,RENAULT CLIO,10,E01000115,0,-1
2021041095939,2021,041095939,1,9,0,18,19,5,1,9,9,0,0,0,1,0,1,1,6,6,3,-1,-1,1149,1,16,RENAULT CLIO,-1,-1,0,-1
2021440514395,2021,440514395,1,9,0,18,19,4,1,0,0,3,1,0,1,4,1,1,6,6,2,25,5,1149,1,14,RENAULT CLIO,10,E01023269,0,-1
2021501116890,2021,501116890,2,9,0,3,3,3,7,0,0,0,0,0,0,0,2,1,6,6,1,50,8,999,1,2,RENAULT CLIO,3,E01018953,0,-1
2021141075993,2021,141075993,1,9,0,18,19,8,4,0,0,0,5,0,7,2,1,2,6,6,2,39,7,1149,1,14,RENAULT CLIO,3,E01011868,0,-1
2021201024743,2021,201024743,1,9,0,18,19,-1,-1,0,0,1,0,0,0,0,1,1,6,6,1,-1,-1,899,1,8,RENAULT CLIO,3,E01009256,0,-1
2021201049288,2021,201049288,3,9,0,2,2,0,0,0,0,0,0,0,0,0,3,1,6,6,2,52,8,898,1,3,RENAULT CLIO,-1,-1,0,-1
2021401089527,2021,401089527,1,9,0,18,19,2,6,0,0,0,0,0,0,0,1,1,6,6,1,20,4,1149,1,15,RENAULT CLIO,9,E01017585,0,-1
2021351108112,2021,351108112,1,9,0,18,19,5,1,0,0,1,0,0,0,0,1,1,5,6,1,20,4,1149,1,20,RENAULT CLIO,7,E01018255,0,-1
2021010300913,2021,010300913,2,9,0,99,99,9,9,99,99,0,9,99,9,99,9,9,6,6,3,-1,-1,1149,1,15,RENAULT CLIO,-1,-1,0,-1
2021041013014,2021,041013014,1,9,0,18,19,1,5,0,0,8,0,0,0,0,1,1,5,6,1,42,7,1998,1,10,RENAULT CLIO,1,E01012595,0,-1
2021501113128,2021,501113128,2,9,0,9,9,3,7,0,0,0,0,0,0,0,3,1,6,6,2,24,5,1461,2,7,RENAULT CLIO,4,E01015142,0,-1
2021991086444,2021,991086444,1,9,0,18,19,6,2,0,0,0,0,4,0,0,1,1,5,6,1,67,10,1149,1,4,RENAULT CLIO,1,-1,0,-1
2021501112590,2021,501112590,1,9,0,18,19,7,3,0,0,0,0,4,0,0,1,1,6,6,1,46,8,1149,1,10,RENAULT CLIO,6,E01019016,0,-1
202106F080158,2021,06F080158,2,9,0,3,3,2,6,0,0,8,0,0,0,0,2,1,6,6,1,22,5,898,1,2,RENAULT CLIO,4,E01005675,0,-1
2021221115032,2021,221115032,1,9,0,17,19,4,8,0,0,0,2,0,7,0,3,1,6,6,1,18,4,1461,2,12,RENAULT CLIO,8,W01000446,0,-1
2021461119107,2021,461119107,1,9,0,18,19,7,3,0,0,6,0,0,0,0,3,1,6,6,2,25,5,898,1,6,RENAULT CLIO,9,E01024754,0,-1
2021010342237,2021,010342237,2,9,0,13,13,1,5,0,0,1,0,0,0,0,1,1,6,6,3,-1,-1,1461,2,9,RENAULT CLIO,-1,-1,0,-1
2021122101437,2021,122101437,1,9,0,9,9,4,8,0,0,8,0,0,0,0,1,1,6,6,1,27,6,1149,1,15,RENAULT CLIO,1,E01011430,0,-1
2021010307172,2021,010307172,1,9,0,9,9,3,1,0,0,1,0,0,0,0,1,1,6,6,2,24,5,1149,1,11,RENAULT CLIO,3,E01000915,0,-1
2021471028981,2021,471028981,3,9,0,10,10,4,2,0,0,8,0,0,0,0,2,1,5,6,2,43,7,1598,1,12,RENAULT CLIO,4,E01021057,0,-1