collision_index,collision_year,collision_ref_no,vehicle_reference,vehicle_type,towing_and_articulation,vehicle_manoeuvre_historic,vehicle_manoeuvre,vehicle_direction_from,vehicle_direction_to,vehicle_location_restricted_lane_historic,vehicle_location_restricted_lane,junction_location,skidding_and_overturning,hit_object_in_carriageway,vehicle_leaving_carriageway,hit_object_off_carriageway,first_point_of_impact,vehicle_left_hand_drive,journey_purpose_of_driver_historic,journey_purpose_of_driver,sex_of_driver,age_of_driver,age_band_of_driver,engine_capacity_cc,propulsion_code,age_of_vehicle,generic_make_model,driver_imd_decile,lsoa_of_driver,escooter_flag,driver_distance_banding
202131B149921,2021,31B149921,2,9,0,18,19,3,7,0,0,3,0,0,0,0,4,1,6,6,1,27,6,899,1,8,RENAULT CLIO,2,E01028026,0,-1
2021122101378,2021,122101378,1,9,0,17,19,7,3,0,0,0,0,0,1,4,1,1,6,6,1,89,11,1149,1,19,RENAULT CLIO,6,E01027760,0,-1
2021061127748,2021,061127748,3,9,0,18,19,8,4,0,0,0,0,0,0,0,2,1,6,6,1,19,4,1149,1,8,RENAULT CLIO,3,E01025368,0,-1
2021221119696,2021,221119696,2,9,0,18,19,6,2,0,0,8,0,0,0,0,1,1,2,2,1,59,9,1149,1,5,RENAULT CLIO,6,W01001906,0,-1
2021010328676,2021,010328676,1,9,0,18,19,5,1,9,9,0,0,10,1,2,1,1,6,6,1,68,10,999,1,0,RENAULT CLIO,6,E01001341,0,-1
2021351036707,2021,351036707,1,9,0,18,19,5,1,0,0,4,0,0,3,0,1,1,2,2,1,39,7,1461,2,8,RENAULT CLIO,7,E01018082,0,-1
2021131074454,2021,131074454,2,9,0,18,19,5,2,0,0,1,0,0,0,0,1,2,5,6,2,24,5,1461,2,11,RENAULT CLIO,2,E01011720,0,-1
2021401052204,2021,401052204,2,9,0,3,3,7,4,0,0,0,0,0,0,0,2,1,6,6,1,26,6,1149,1,5,RENAULT CLIO,3,E01012689,0,-1
2021421056909,2021,421056909,3,9,0,2,2,7,3,0,0,1,0,0,0,0,3,1,6,6,3,-1,-1,1149,1,9,RENAULT CLIO,-1,-1,0,-1
2021111054255,2021,111054255,2,9,0,9,9,1,5,0,0,0,0,0,0,0,2,1,6,6,2,54,8,1461,2,11,RENAULT CLIO,2,E01012247,0,-1
2021401024635,2021,401024635,1,9,0,5,5,6,4,0,0,1,0,0,0,0,3,1,5,6,2,76,11,1461,2,9,RENAULT CLIO,8,E01017411,0,-1
2021302100182,2021,302100182,1,9,0,18,19,8,4,0,0,2,0,0,8,11,1,1,6,6,1,23,5,1461,2,20,RENAULT CLIO,5,E01019623,0,-1
2021430559184,2021,430559184,1,9,0,5,5,6,2,0,0,0,0,0,0,0,3,1,6,6,3,35,6,1461,2,11,RENAULT CLIO,8,E01016557,0,-1
2021052102905,2021,052102905,2,9,0,16,19,8,3,0,0,8,0,0,0,0,3,1,6,6,2,39,7,1149,1,11,RENAULT CLIO,2,E01007214,0,-1
2021101078099,2021,101078099,1,9,0,18,19,1,1,0,0,1,0,0,0,0,1,1,1,1,2,23,5,898,1,5,RENAULT CLIO,-1,-1,0,-1
202163A059521,2021,63A059521,2,9,0,12,12,1,5,0,0,0,0,0,8,7,2,1,1,1,2,64,9,898,1,6,RENAULT CLIO,8,W01000663,0,-1
2021201051467,2021,201051467,1,9,0,16,19,1,4,0,0,0,0,7,6,0,1,1,6,6,2,18,4,898,1,4,RENAULT CLIO,3,E01010218,0,-1
2021421085679,2021,421085679,2,9,0,17,19,7,5,0,0,1,0,0,0,0,1,1,2,2,2,36,7,1461,2,7,RENAULT CLIO,5,E01021388,0,-1
2021061072272,2021,061072272,2,9,0,3,3,1,5,0,0,0,0,0,0,0,2,1,6,6,1,39,7,1461,2,6,RENAULT CLIO,2,E01011785,0,-1
2021991086459,2021,991086459,1,9,0,18,19,8,4,0,0,0,1,4,1,0,1,1,5,6,2,20,4,1149,1,13,RENAULT CLIO,-1,-1,0,-1
2021411093398,2021,411093398,5,9,0,2,2,0,0,0,0,0,0,0,0,0,2,1,6,6,3,-1,-1,1149,1,10,RENAULT CLIO,-1,-1,0,-1
2021622100934,2021,622100934,1,9,0,12,12,3,7,0,0,0,0,0,0,0,1,1,6,6,1,20,4,898,1,4,RENAULT CLIO,6,W01000808,0,-1
2021461050456,2021,461050456,1,9,0,18,19,8,4,0,0,0,0,7,0,0,3,1,5,6,2,56,9,1149,1,8,RENAULT CLIO,8,E01021086,0,-1
2021421059134,2021,421059134,1,9,0,12,12,3,7,0,0,0,0,0,0,0,4,1,2,2,1,23,5,1149,1,11,RENAULT CLIO,-1,-1,0,-1
2021371040927,2021,371040927,2,9,0,18,19,6,2,0,0,1,0,0,0,0,1,1,5,6,2,18,4,1149,1,13,RENAULT CLIO,7,E01030069,0,-1
2021010342220,2021,010342220,1,9,0,99,99,9,9,0,0,1,0,0,0,0,3,9,6,6,2,44,7,1461,2,4,RENAULT CLIO,10,E01002388,0,-1
2021440115343,2021,440115343,1,9,0,9,9,6,8,0,0,8,0,0,0,0,1,1,6,6,1,58,9,1149,1,9,RENAULT CLIO,2,E01022966,0,-1
2021401089839,2021,401089839,2,9,0,18,19,1,5,0,0,0,0,0,0,0,2,1,6,6,2,19,4,899,1,8,RENAULT CLIO,6,E01023754,0,-1
202134WNC5601,2021,34WNC5601,2,9,0,18,19,5,1,0,0,8,0,0,0,0,1,1,2,2,2,27,6,1149,1,7,RENAULT CLIO,7,E01032892,0,-1
2021201146116,2021,201146116,1,9,0,18,19,8,4,0,0,8,1,0,0,0,1,1,6,6,2,58,9,1149,1,14,RENAULT CLIO,1,E01009401,0,-1
2021421074726,2021,421074726,2,9,0,4,4,7,3,0,0,0,0,0,0,0,1,1,1,1,1,42,7,1461,2,11,RENAULT CLIO,-1,-1,0,-1
2021231029106,2021,231029106,2,9,0,3,3,5,1,0,0,0,0,0,0,0,3,1,5,6,2,29,6,1149,1,12,RENAULT CLIO,5,E01031311,0,-1
2021052102420,2021,052102420,2,9,0,17,19,3,7,0,0,0,0,0,0,0,1,1,6,6,2,32,6,1149,1,18,RENAULT CLIO,1,E01006919,0,-1
2021991084968,2021,991084968,1,9,0,9,9,8,4,0,0,8,0,0,0,0,0,1,1,1,1,18,4,1149,1,13,RENAULT CLIO,1,-1,0,-1
2021010325661,2021,010325661,3,9,0,4,4,6,2,0,0,0,1,0,0,0,1,1,6,6,2,24,5,1149,1,5,RENAULT CLIO,1,E01004732,0,-1
2021361077441,2021,361077441,2,9,0,18,19,8,4,0,0,0,0,0,0,0,1,1,5,6,1,21,5,1149,1,12,RENAULT CLIO,4,E01026733,0,-1
2021421035639,2021,421035639,1,9,0,12,12,7,3,0,0,0,1,0,7,0,3,1,5,6,2,28,6,1149,1,16,RENAULT CLIO,1,E01022001,0,-1
2021201034567,2021,201034567,2,9,0,5,5,5,1,0,0,1,0,0,0,0,1,1,6,6,1,-1,-1,1461,2,11,RENAULT CLIO,-1,-1,0,-1
2021440416084,2021,440416084,2,9,0,18,19,1,5,0,0,1,0,0,0,0,1,1,6,6,1,-1,-1,1461,2,17,RENAULT CLIO,-1,-1,0,-1
2021052100169,2021,052100169,1,9,0,18,19,3,7,0,0,0,0,0,0,0,3,1,6,6,2,25,5,999,1,1,RENAULT CLIO,4,E01006617,0,-1
2021451117238,2021,451117238,1,9,0,18,19,3,7,0,0,0,0,0,7,4,1,1,5,6,1,20,4,1998,1,9,RENAULT CLIO,6,E01030973,0,-1
2021520101243,2021,520101243,2,9,0,18,19,1,5,0,0,0,0,0,0,0,1,1,6,6,2,30,6,1149,1,17,RENAULT CLIO,-1,-1,0,-1
2021131118617,2021,131118617,2,9,0,17,19,4,2,0,0,2,1,0,5,6,3,1,2,2,2,22,5,1149,1,15,RENAULT CLIO,5,E01011415,0,-1
2021131104782,2021,131104782,2,9,0,9,9,5,1,0,0,8,0,0,7,0,4,1,6,6,2,22,5,1149,1,19,RENAULT CLIO,4,E01011443,0,-1
2021161053278,2021,161053278,1,9,0,18,19,3,7,0,0,0,2,0,1,10,1,1,1,1,1,20,4,1149,1,14,RENAULT CLIO,1,E01013177,0,-1
2021991068257,2021,991068257,1,9,0,18,19,8,4,0,0,8,0,0,3,0,1,1,1,1,1,18,4,898,1,2,RENAULT CLIO,9,-1,0,-1
2021010294449,2021,010294449,1,9,0,18,19,1,5,0,0,0,0,0,0,0,1,1,2,2,2,21,5,999,1,1,RENAULT CLIO,9,E01023847,0,-1
2021010337238,2021,010337238,1,9,0,18,19,1,5,0,0,8,0,0,0,0,4,1,1,1,1,31,6,1149,1,9,RENAULT CLIO,-1,-1,0,-1
2021501070214,2021,501070214,1,9,0,16,19,3,7,0,0,0,1,0,1,0,1,1,5,6,2,24,5,1461,2,14,RENAULT CLIO,4,E01019049,0,-1
2021421056736,2021,421056736,1,9,0,16,19,8,3,0,0,0,1,0,0,0,1,1,2,2,1,23,5,1149,1,18,RENAULT CLIO,4,E01021820,0,-1
2021170M10471,2021,170M10471,1,9,0,18,19,3,7,0,0,8,0,0,0,0,1,1,6,6,1,26,6,1461,2,6,RENAULT CLIO,1,E01012059,0,-1
2021010341198,2021,010341198,1,9,0,9,9,7,4,0,0,5,5,0,1,10,4,1,2,2,2,22,5,899,1,8,RENAULT CLIO,6,E01001989,0,-1
202134NNC1851,2021,34NNC1851,1,9,0,18,19,1,5,0,0,0,0,0,0,0,1,1,2,2,2,24,5,1461,2,9,RENAULT CLIO,8,E01027101,0,-1
2021041042599,2021,041042599,1,9,0,18,19,3,7,0,0,4,0,0,0,0,1,1,5,6,2,24,5,1149,1,7,RENAULT CLIO,7,E01012602,0,-1
202154B520021,2021,54B520021,1,9,0,9,9,5,3,0,0,8,0,0,0,0,4,1,2,2,2,66,10,1598,1,11,RENAULT CLIO,5,E01031901,0,-1
2021221016739,2021,221016739,3,9,0,5,5,2,8,0,0,6,0,0,0,0,1,1,2,2,2,48,8,1149,1,13,RENAULT CLIO,2,E01014074,0,-1
2021622100232,2021,622100232,1,9,0,18,19,1,5,0,0,0,0,0,0,0,1,1,6,6,1,31,6,1149,1,9,RENAULT CLIO,9,W01001126,0,-1
2021622100325,2021,622100325,3,9,0,2,2,0,0,0,0,0,0,0,0,0,1,1,6,6,3,-1,-1,1461,2,6,RENAULT CLIO,-1,-1,0,-1
2021471041281,2021,471041281,1,9,0,18,19,1,5,0,0,0,0,0,0,0,1,2,5,6,2,50,8,1461,2,14,RENAULT CLIO,1,E01016915,0,-1
2021201041576,2021,201041576,1,9,0,18,19,8,4,0,0,4,1,4,0,0,1,1,6,6,1,24,5,1149,1,6,RENAULT CLIO,1,E01010031,0,-1
2021231149739,2021,231149739,1,9,0,11,11,6,2,0,0,0,0,0,0,0,1,1,6,6,1,32,6,1598,1,15,RENAULT CLIO,1,E01009611,0,-1
2021991062376,2021,991062376,1,9,0,18,19,1,5,0,0,0,0,0,0,0,1,1,5,6,2,24,5,1598,1,14,RENAULT CLIO,2,-1,0,-1
2021430126324,2021,430126324,2,9,0,4,4,3,7,0,0,0,0,0,0,0,2,1,2,2,1,34,6,1149,1,11,RENAULT CLIO,9,E01016193,0,-1
20211382C0181,2021,1382C0181,1,9,0,18,19,2,6,0,0,7,1,0,5,6,1,1,6,6,1,20,4,1461,2,12,RENAULT CLIO,1,E01033013,0,-1
2021421077485,2021,421077485,2,9,0,4,4,7,3,0,0,0,0,0,1,0,2,1,5,6,2,28,6,1461,2,6,RENAULT CLIO,8,E01018280,0,-1
2021522103861,2021,522103861,2,9,0,18,19,8,4,0,0,0,0,0,0,0,1,1,6,6,1,37,7,1461,2,5,RENAULT CLIO,7,E01001890,0,-1
2021440049049,2021,440049049,1,9,0,16,19,2,5,0,0,0,1,0,0,0,1,1,6,6,1,48,8,1390,1,14,RENAULT CLIO,3,E01030901,0,-1
202163A083121,2021,63A083121,1,9,0,5,5,4,8,0,0,6,0,0,0,0,1,1,6,6,1,30,6,1149,1,11,RENAULT CLIO,5,W01000693,0,-1
2021041067790,2021,041067790,1,9,0,18,19,3,7,0,0,6,0,0,0,0,1,1,5,6,2,75,10,1149,1,3,RENAULT CLIO,4,E01005558,0,-1
2021052100146,2021,052100146,1,9,0,9,9,4,2,0,0,1,0,0,0,0,4,1,6,6,3,-1,-1,1461,2,5,RENAULT CLIO,-1,-1,0,-1
2021361111751,2021,361111751,1,9,0,18,19,5,5,0,0,0,0,0,7,0,1,1,5,6,1,21,5,1149,1,18,RENAULT CLIO,7,E01026757,0,-1
2021161035437,2021,161035437,1,9,0,18,19,3,7,0,0,0,0,0,0,0,1,1,2,2,1,50,8,1390,1,15,RENAULT CLIO,5,E01013081,0,-1
2021531070484,2021,531070484,1,9,0,18,19,3,7,0,0,0,1,0,0,0,1,1,2,2,2,24,5,1149,1,13,RENAULT CLIO,8,E01022387,0,-1
2021201068381,2021,201068381,2,9,0,10,10,3,1,0,0,1,0,0,0,0,0,1,6,6,1,47,8,1461,2,9,RENAULT CLIO,1,E01010282,0,-1
2021622100230,2021,622100230,1,9,0,18,19,2,6,0,0,1,0,0,0,0,1,1,6,6,1,20,4,1461,2,12,RENAULT CLIO,8,W01001721,0,-1
2021531060025,2021,531060025,1,9,0,18,19,5,1,0,0,1,0,0,0,0,1,1,6,6,2,30,6,1149,1,18,RENAULT CLIO,10,E01022171,0,-1
2021544464721,2021,544464721,1,9,0,18,19,3,7,0,0,1,0,0,0,0,1,1,6,6,1,31,6,1197,1,3,RENAULT CLIO,6,E01031842,0,-1
2021061091309,2021,061091309,2,9,0,8,8,5,3,0,0,0,0,0,0,0,1,1,5,6,1,30,6,1461,2,10,RENAULT CLIO,6,E01005973,0,-1
2021522101852,2021,522101852,1,9,0,9,9,3,2,0,0,8,0,0,3,10,1,-1,6,6,1,32,6,1149,1,19,RENAULT CLIO,-1,-1,0,-1
2021061060392,2021,061060392,1,9,0,9,9,4,1,0,0,8,0,0,0,0,1,1,6,6,1,54,8,1149,1,11,RENAULT CLIO,1,E01005485,0,-1
2021320637463,2021,320637463,1,9,0,18,19,7,3,0,0,0,1,0,1,0,1,1,2,2,2,18,4,1461,2,13,RENAULT CLIO,10,E01026233,0,-1
2021991114750,2021,991114750,1,9,0,9,9,6,3,0,0,8,0,0,0,0,1,1,5,6,2,42,7,898,1,6,RENAULT CLIO,6,-1,0,-1
2021302101237,2021,302101237,1,9,0,18,19,4,2,0,0,4,0,0,0,0,1,1,6,6,2,18,4,1149,1,7,RENAULT CLIO,9,E01013599,0,-1
2021461099787,2021,461099787,1,9,0,9,9,7,5,0,0,6,0,0,0,0,4,1,5,6,1,69,10,1149,1,22,RENAULT CLIO,7,E01024037,0,-1
2021041072284,2021,041072284,1,9,0,16,19,1,5,0,0,0,0,0,0,0,1,1,1,1,2,38,7,1461,2,4,RENAULT CLIO,7,E01007080,0,-1
2021061049110,2021,061049110,1,9,0,18,19,1,5,0,0,0,0,0,0,0,1,1,6,6,1,21,5,899,1,6,RENAULT CLIO,3,E01005686,0,-1
202134WNC3931,2021,34WNC3931,1,9,0,7,7,1,3,0,0,5,5,0,1,11,1,1,6,6,1,29,6,1149,1,19,RENAULT CLIO,2,E01027227,0,-1
2021061088274,2021,061088274,2,9,0,18,19,8,4,0,0,1,0,0,0,0,1,1,6,6,3,25,5,1390,1,14,RENAULT CLIO,8,-1,0,-1
2021101021224,2021,101021224,2,9,-1,3,3,3,7,0,0,0,0,0,0,0,2,1,6,6,2,60,9,1149,1,11,RENAULT CLIO,-1,-1,0,-1
2021501137519,2021,501137519,2,9,0,18,19,7,3,0,0,0,0,0,0,0,1,1,5,6,2,26,6,1461,2,14,RENAULT CLIO,5,E01018923,0,-1
2021052101133,2021,052101133,2,9,0,3,3,2,6,0,0,1,0,0,0,0,2,1,6,6,1,17,4,1149,1,12,RENAULT CLIO,8,E01007032,0,-1
2021991096631,2021,991096631,1,9,0,9,9,8,6,0,0,1,0,0,0,0,1,1,5,6,2,22,5,1461,2,7,RENAULT CLIO,5,-1,0,-1
2021221078275,2021,221078275,1,9,0,5,5,6,1,0,0,4,0,0,0,0,1,1,2,2,1,19,4,1461,2,15,RENAULT CLIO,4,E01028876,0,-1
2021501048755,2021,501048755,2,9,0,18,19,4,8,0,0,3,0,0,0,0,1,1,6,6,3,-1,-1,1390,1,23,RENAULT CLIO,-1,-1,0,-1
2021122101152,2021,122101152,1,9,0,18,19,8,4,0,0,0,5,0,0,0,3,1,6,6,1,24,5,1149,1,19,RENAULT CLIO,9,E01027642,0,-1
2021131051842,2021,131051842,1,9,0,18,19,8,8,0,0,8,0,0,0,0,1,1,2,2,1,30,6,1461,2,17,RENAULT CLIO,4,E01010671,0,-1
2021552100543,2021,552100543,2,9,0,3,3,2,6,0,0,0,0,0,0,0,2,1,2,2,2,19,4,1149,1,16,RENAULT CLIO,4,E01015465,0,-1
2021552100591,2021,552100591,2,9,0,18,19,3,7,0,0,8,0,0,0,0,4,1,6,6,2,21,5,1149,1,18,RENAULT CLIO,7,E01020465,0,-1
2021052102494,2021,052102494,1,9,0,18,19,5,1,0,0,1,0,0,0,0,3,1,6,6,1,49,8,1461,2,11,RENAULT CLIO,7,E01018330,0,-1
2021010339823,2021,010339823,1,9,0,18,19,1,5,0,0,1,0,0,0,0,1,1,6,6,3,-1,-1,1149,1,5,RENAULT CLIO,-1,-1,0,-1
2021070173874,2021,070173874,2,9,0,18,19,1,5,0,0,4,0,0,0,0,3,1,6,6,1,68,10,1149,1,11,RENAULT CLIO,4,W01000334,0,-1
2021361147109,2021,361147109,1,9,0,18,19,3,7,0,0,0,0,0,0,0,1,1,5,6,2,64,9,1598,1,14,RENAULT CLIO,5,E01026767,0,-1
2021010306931,2021,010306931,1,9,0,9,9,8,5,0,0,0,0,0,7,0,4,1,6,6,2,50,8,1149,1,10,RENAULT CLIO,10,E01030754,0,-1
20211382K1929,2021,1382K1929,1,9,0,9,9,1,6,0,0,8,0,0,0,0,1,1,6,6,2,47,8,1149,1,14,RENAULT CLIO,1,E01011559,0,-1
202131B127121,2021,31B127121,3,9,0,18,19,8,4,0,0,2,0,0,0,0,1,1,2,2,1,18,4,1149,1,7,RENAULT CLIO,6,E01028048,0,-1
2021361129486,2021,361129486,1,9,0,5,5,7,5,0,0,0,0,0,0,0,3,1,2,2,2,27,6,1198,1,7,RENAULT CLIO,3,E01026747,0,-1
2021141024494,2021,141024494,1,9,0,18,19,4,8,0,0,1,1,7,7,10,1,1,1,1,1,59,9,898,1,2,RENAULT CLIO,1,E01007904,0,-1
2021471103568,2021,471103568,2,9,0,9,9,3,1,0,0,8,0,0,0,0,3,1,2,2,1,25,5,1998,1,16,RENAULT CLIO,4,E01031522,0,-1
2021451021265,2021,451021265,4,9,0,18,19,5,1,0,0,0,0,0,0,0,2,1,1,1,2,38,7,1149,1,8,RENAULT CLIO,6,E01030862,0,-1
2021201147509,2021,201147509,1,9,0,18,19,4,8,0,0,0,1,7,4,0,1,1,6,6,1,35,6,1461,2,6,RENAULT CLIO,1,E01009569,0,-1
2021531099378,2021,531099378,1,9,0,18,19,4,8,0,0,0,0,0,0,0,1,1,4,7,1,19,4,1149,1,15,RENAULT CLIO,10,E01018193,0,-1
2021131098604,2021,131098604,1,9,0,18,19,3,7,0,0,0,5,7,0,0,3,1,5,6,2,29,6,1598,1,13,RENAULT CLIO,1,E01011368,0,-1
202106A079344,2021,06A079344,1,9,0,5,5,5,1,0,0,2,0,0,0,0,3,1,6,6,1,24,5,1149,1,12,RENAULT CLIO,1,E01005219,0,-1
2021161126960,2021,161126960,1,9,0,9,9,3,7,0,0,0,0,0,0,0,1,1,5,6,1,58,9,1461,2,12,RENAULT CLIO,1,E01013141,0,-1
2021302101031,2021,302101031,1,9,0,7,7,6,8,0,0,6,0,0,0,0,1,1,6,6,2,-1,-1,1461,2,5,RENAULT CLIO,9,E01029641,0,-1
2021461096883,2021,461096883,1,9,0,18,19,3,7,0,0,0,0,0,0,0,1,1,6,6,1,25,5,1390,1,14,RENAULT CLIO,1,E01024657,0,-1
2021010303508,2021,010303508,2,9,0,99,99,9,9,99,99,9,9,99,9,99,9,9,6,6,3,33,6,1149,1,15,RENAULT CLIO,4,E01004487,0,-1
2021471124391,2021,471124391,1,9,0,9,9,4,2,0,0,8,0,0,0,0,4,1,5,6,2,39,7,1598,1,15,RENAULT CLIO,6,E01031796,0,-1
2021411047458,2021,411047458,2,9,0,3,3,-1,-1,0,0,0,0,0,0,0,2,1,6,6,1,17,4,1149,1,14,RENAULT CLIO,4,E01023870,0,-1
2021361086636,2021,361086636,2,9,0,18,19,7,3,0,0,8,0,0,0,0,1,1,5,6,1,43,7,1149,1,8,RENAULT CLIO,1,E01026599,0,-1
2021010295243,2021,010295243,1,9,0,9,9,5,2,0,0,6,5,0,0,0,4,1,6,6,1,92,11,1149,1,10,RENAULT CLIO,10,E01000448,0,-1
2021471067113,2021,471067113,2,9,0,18,19,1,5,0,0,8,0,0,0,0,3,1,6,6,1,24,5,1149,1,13,RENAULT CLIO,5,E01031515,0,-1
2021138371367,2021,138371367,2,9,0,7,7,5,7,0,0,8,0,0,0,0,1,1,6,6,1,22,5,1149,1,3,RENAULT CLIO,2,-1,0,-1
2021371148120,2021,371148120,2,9,0,10,10,1,5,0,0,0,0,0,0,0,2,1,5,6,2,82,11,1461,2,5,RENAULT CLIO,10,E01030233,0,-1
2021531062563,2021,531062563,1,9,0,18,19,5,1,0,0,1,0,0,0,0,4,1,5,6,1,76,11,1461,2,10,RENAULT CLIO,9,E01022427,0,-1
2021201111799,2021,201111799,1,9,0,3,3,7,3,0,0,0,0,0,0,0,2,1,6,6,1,31,6,899,1,7,RENAULT CLIO,2,E01010001,0,-1
2021201062867,2021,201062867,2,9,0,2,2,0,0,0,0,1,0,0,0,0,0,1,6,6,2,21,5,1461,2,10,RENAULT CLIO,-1,-1,0,-1
2021010306924,2021,010306924,1,9,0,99,99,9,9,99,99,9,9,99,9,99,1,9,6,6,2,27,6,1598,1,10,RENAULT CLIO,3,E01021328,0,-1
2021622101012,2021,622101012,1,8,0,18,19,4,8,0,0,4,0,0,0,0,1,1,6,6,1,49,8,1149,1,17,RENAULT CLIO,2,W01000937,0,-1
2021622100489,2021,622100489,1,9,0,5,5,6,2,0,0,1,0,0,0,0,0,1,3,7,1,74,10,898,1,5,RENAULT CLIO,1,W01000866,0,-1
2021501045272,2021,501045272,1,9,0,4,4,7,3,0,0,0,0,0,0,0,2,1,2,2,1,22,5,1149,1,17,RENAULT CLIO,4,E01020030,0,-1
2021461072317,2021,461072317,1,9,0,16,19,2,6,0,0,1,1,7,0,0,0,1,5,6,1,34,6,1149,1,12,RENAULT CLIO,2,E01024505,0,-1
2021430479897,2021,430479897,1,9,0,18,19,1,5,0,0,8,0,0,0,0,3,1,6,6,2,69,10,1461,2,4,RENAULT CLIO,9,E01017722,0,-1
2021522100341,2021,522100341,2,9,0,18,19,6,2,0,0,2,0,0,0,0,1,1,6,6,3,-1,-1,1149,1,13,RENAULT CLIO,-1,-1,0,-1
2021991105775,2021,991105775,1,9,0,18,19,2,6,0,0,0,0,0,7,0,1,1,5,6,2,25,5,1149,1,13,RENAULT CLIO,6,-1,0,-1
2021070246637,2021,070246637,1,9,0,16,19,2,5,0,0,0,0,0,0,0,1,1,6,6,2,-1,-1,1149,1,16,RENAULT CLIO,-1,-1,0,-1
2021201040229,2021,201040229,1,9,0,18,19,2,6,0,0,0,0,4,0,0,1,1,6,6,1,-1,-1,1618,1,3,RENAULT CLIO,-1,-1,0,-1
2021010321968,2021,010321968,2,9,0,99,99,9,9,99,99,9,9,99,9,99,9,9,6,6,3,25,5,1149,1,15,RENAULT CLIO,7,E01004508,0,-1
2021221023385,2021,221023385,1,9,0,18,19,1,5,9,9,8,0,10,2,2,4,1,5,6,1,75,10,1149,1,19,RENAULT CLIO,7,E01032380,0,-1
2021201074328,2021,201074328,2,9,0,18,19,1,4,0,0,1,0,0,0,0,1,1,6,6,2,43,7,898,1,6,RENAULT CLIO,2,E01010260,0,-1
202154A576021,2021,54A576021,1,9,0,18,19,7,3,0,0,1,2,0,7,4,1,1,6,6,1,23,5,1149,1,10,RENAULT CLIO,6,E01025367,0,-1
2021061111254,2021,061111254,1,9,0,18,19,5,1,0,0,8,0,0,0,0,1,1,6,6,1,42,7,1461,2,2,RENAULT CLIO,8,E01002274,0,-1
2021501019903,2021,501019903,2,9,0,18,19,1,5,0,0,0,0,0,0,0,1,1,5,6,2,55,8,1149,1,12,RENAULT CLIO,4,E01018887,0,-1
2021440167318,2021,440167318,1,9,0,18,19,6,8,0,0,1,0,0,0,0,1,1,6,6,1,25,5,1149,1,13,RENAULT CLIO,6,E01022816,0,-1
2021622100296,2021,622100296,2,9,0,18,19,5,1,0,0,2,0,0,0,0,1,1,6,6,1,69,10,1461,2,6,RENAULT CLIO,3,W01001014,0,-1
2021201145901,2021,201145901,1,9,0,18,19,5,1,0,0,0,1,7,7,7,1,1,6,6,2,34,6,1149,1,9,RENAULT CLIO,8,E01032171,0,-1
20211383L0893,2021,1383L0893,1,9,0,17,19,3,8,0,0,0,2,11,7,11,1,1,1,1,1,24,5,1618,1,4,RENAULT CLIO,-1,-1,0,-1
2021041105990,2021,041105990,2,9,0,18,19,1,1,0,0,0,0,0,0,0,2,1,5,6,1,38,7,898,1,3,RENAULT CLIO,10,E01005805,0,-1
2021031079465,2021,031079465,2,9,0,2,2,0,0,0,0,0,0,0,0,0,2,1,5,6,1,57,9,1461,2,7,RENAULT CLIO,2,E01027429,0,-1
202163C014421,2021,63C014421,3,9,0,18,19,4,8,0,0,0,0,0,0,0,1,1,6,6,1,22,5,1390,1,14,RENAULT CLIO,7,W01000875,0,-1
2021122101407,2021,122101407,1,9,0,18,19,1,5,0,0,0,1,0,4,6,1,1,6,6,1,22,5,1461,2,6,RENAULT CLIO,9,E01012211,0,-1
2021131067194,2021,131067194,1,9,0,18,19,5,1,0,0,0,0,0,0,0,1,1,5,6,2,20,4,1149,1,11,RENAULT CLIO,8,E01011889,0,-1
2021991012808,2021,991012808,1,9,0,13,13,2,6,0,0,0,1,0,0,0,3,1,2,2,1,44,7,1149,1,9,RENAULT CLIO,1,-1,0,-1
2021041116769,2021,041116769,2,9,0,18,19,3,7,0,0,0,0,0,0,0,4,1,5,6,1,43,7,1149,1,13,RENAULT CLIO,3,E01025429,0,-1
2021622100120,2021,622100120,1,9,0,15,15,6,2,0,0,1,0,0,0,0,2,1,6,6,2,53,8,1461,2,3,RENAULT CLIO,10,W01001225,0,-1
2021430389900,2021,430389900,1,9,0,18,19,1,4,0,0,0,2,0,1,4,1,1,2,2,1,31,6,1149,1,16,RENAULT CLIO,8,E01027290,0,-1
2021221134561,2021,221134561,1,9,0,10,10,2,6,0,0,8,0,0,0,0,2,1,5,6,2,74,10,1461,2,2,RENAULT CLIO,-1,-1,0,-1
202134WNC0171,2021,34WNC0171,1,9,0,18,19,8,4,0,0,0,1,0,1,10,0,1,1,1,1,27,6,1149,1,14,RENAULT CLIO,6,E01031144,0,-1
2021170M20121,2021,170M20121,1,9,0,4,4,2,6,0,0,1,0,0,0,0,2,1,6,6,2,24,5,1390,1,15,RENAULT CLIO,1,E01012094,0,-1
2021061060285,2021,061060285,1,9,0,9,9,6,4,0,0,8,0,0,0,0,1,1,6,6,2,35,6,1149,1,6,RENAULT CLIO,4,E01005673,0,-1
2021991061888,2021,991061888,1,9,0,12,12,2,6,0,0,0,1,0,0,0,3,1,5,6,2,29,6,1149,1,7,RENAULT CLIO,2,-1,0,-1