collision_index,collision_year,collision_ref_no,vehicle_reference,vehicle_type,towing_and_articulation,vehicle_manoeuvre_historic,vehicle_manoeuvre,vehicle_direction_from,vehicle_direction_to,vehicle_location_restricted_lane_historic,vehicle_location_restricted_lane,junction_location,skidding_and_overturning,hit_object_in_carriageway,vehicle_leaving_carriageway,hit_object_off_carriageway,first_point_of_impact,vehicle_left_hand_drive,journey_purpose_of_driver_historic,journey_purpose_of_driver,sex_of_driver,age_of_driver,age_band_of_driver,engine_capacity_cc,propulsion_code,age_of_vehicle,generic_make_model,driver_imd_decile,lsoa_of_driver,escooter_flag,driver_distance_banding
2021010296686,2021,010296686,2,9,0,18,19,5,1,0,0,0,0,4,0,0,1,1,6,6,1,25,5,1149,1,12,RENAULT CLIO,9,E01023580,0,-1
2021211153211,2021,211153211,2,9,0,18,19,3,7,0,0,0,0,0,0,0,1,1,6,6,1,52,8,1998,1,14,RENAULT CLIO,6,E01028885,0,-1
2021010330039,2021,010330039,2,9,0,99,99,9,9,99,99,9,9,99,9,99,1,9,6,6,3,45,7,1149,1,12,RENAULT CLIO,8,E01002210,0,-1
2021991045358,2021,991045358,1,9,0,13,13,4,8,0,0,0,0,0,0,0,1,1,6,6,1,23,5,1998,1,10,RENAULT CLIO,8,-1,0,-1
2021010350038,2021,010350038,1,9,0,5,5,7,3,0,0,2,0,0,0,0,3,1,6,6,1,32,6,1149,1,5,RENAULT CLIO,3,E01003606,0,-1
2021501146533,2021,501146533,2,9,0,16,19,8,4,0,0,0,0,0,0,0,0,1,1,1,1,59,9,898,1,5,RENAULT CLIO,2,E01015239,0,-1
202131A069521,2021,31A069521,2,9,0,6,6,2,2,0,0,0,0,0,0,0,3,1,1,1,1,20,4,898,1,4,RENAULT CLIO,7,E01027984,0,-1
2021221049690,2021,221049690,1,9,0,9,9,4,1,0,0,5,0,0,0,0,4,1,5,6,2,71,10,1149,1,11,RENAULT CLIO,9,E01032219,0,-1
202134WNC4061,2021,34WNC4061,2,9,0,2,2,0,0,0,0,0,0,0,0,0,3,1,6,6,3,-1,-1,1149,1,16,RENAULT CLIO,-1,-1,0,-1
2021421074434,2021,421074434,1,9,0,18,19,1,5,0,0,0,0,0,0,0,1,1,5,6,2,21,5,1461,2,4,RENAULT CLIO,7,E01024433,0,-1
2021070259110,2021,070259110,1,9,0,16,19,2,4,0,0,3,0,10,7,0,1,1,6,6,2,18,4,1149,1,4,RENAULT CLIO,7,E01012496,0,-1
2021221092660,2021,221092660,3,9,0,2,2,0,0,0,0,1,0,0,0,0,4,1,5,6,2,24,5,898,1,4,RENAULT CLIO,5,E01009280,0,-1
2021430026321,2021,430026321,1,9,0,18,19,3,7,0,0,4,0,0,0,0,1,1,2,2,1,68,10,1149,1,10,RENAULT CLIO,9,E01028775,0,-1
2021010336180,2021,010336180,1,9,0,99,99,9,9,99,99,9,9,99,9,99,2,9,2,2,2,56,9,1149,1,11,RENAULT CLIO,6,E01003226,0,-1
2021430378763,2021,430378763,1,9,0,18,19,3,7,0,0,0,0,0,0,0,1,1,6,6,1,27,6,1149,1,16,RENAULT CLIO,1,E01001885,0,-1
202134WNC4441,2021,34WNC4441,1,9,0,12,12,5,1,0,0,3,1,0,0,0,3,1,6,6,1,24,5,1461,2,7,RENAULT CLIO,5,E01027176,0,-1
2021622100724,2021,622100724,1,9,0,18,19,1,5,0,0,2,0,0,0,0,3,1,6,6,2,28,6,1461,2,6,RENAULT CLIO,2,W01001810,0,-1
2021461121793,2021,461121793,1,9,0,18,19,7,3,0,0,0,1,0,0,0,1,1,5,6,2,44,7,1461,2,7,RENAULT CLIO,10,E01024724,0,-1
2021440282989,2021,440282989,1,9,0,18,19,4,8,0,0,8,5,0,0,0,4,1,6,6,1,24,5,1149,1,16,RENAULT CLIO,3,E01001362,0,-1
2021361144182,2021,361144182,2,9,0,8,8,8,4,0,0,1,0,0,0,0,2,1,5,6,2,64,9,1461,2,7,RENAULT CLIO,7,E01026856,0,-1
2021440188397,2021,440188397,2,9,0,18,19,1,5,0,0,0,0,0,0,0,1,1,6,6,2,28,6,1461,2,6,RENAULT CLIO,6,E01022814,0,-1
2021061091604,2021,061091604,1,9,0,18,19,2,6,0,0,2,0,0,0,0,3,1,2,2,1,61,9,1461,2,11,RENAULT CLIO,4,E01005327,0,-1
2021421088988,2021,421088988,1,9,0,18,19,4,8,0,0,0,5,0,7,0,4,1,5,6,1,20,4,1149,1,13,RENAULT CLIO,10,E01021445,0,-1
2021061074577,2021,061074577,1,9,0,18,19,4,8,0,0,8,0,0,0,0,3,1,6,6,2,31,6,898,1,2,RENAULT CLIO,8,E01006315,0,-1
2021010310849,2021,010310849,1,9,0,9,9,2,8,0,0,2,0,0,0,0,4,1,2,2,1,63,9,1461,2,6,RENAULT CLIO,3,E01003525,0,-1
2021070556715,2021,070556715,1,9,0,18,19,7,3,0,0,1,0,0,0,0,1,1,6,6,1,18,4,1149,1,13,RENAULT CLIO,4,E01018712,0,-1
2021201079070,2021,201079070,1,9,0,18,19,8,4,0,0,0,0,7,4,0,1,1,6,6,2,42,7,1149,1,8,RENAULT CLIO,8,E01031069,0,-1
2021361139299,2021,361139299,1,9,0,5,5,4,8,0,0,1,0,0,0,0,1,1,6,6,1,19,4,1149,1,10,RENAULT CLIO,9,E01026519,0,-1
2021221028852,2021,221028852,1,9,0,18,19,1,5,0,0,0,0,0,0,0,1,1,2,2,2,25,5,1390,1,15,RENAULT CLIO,1,E01014116,0,-1
2021622100677,2021,622100677,2,9,0,18,19,4,8,0,0,1,0,0,0,0,1,1,6,6,2,24,5,1149,1,13,RENAULT CLIO,3,W01000865,0,-1
2021010293998,2021,010293998,2,9,0,99,99,9,9,99,99,9,9,99,9,99,1,9,6,6,3,-1,-1,1149,1,10,RENAULT CLIO,3,E01001362,0,-1
2021141081528,2021,141081528,2,9,0,9,9,2,8,0,0,8,0,0,7,1,3,1,2,2,1,49,8,1149,7,12,RENAULT CLIO,1,E01007949,0,-1
2021501099754,2021,501099754,2,9,0,2,2,5,1,0,0,1,0,0,0,0,2,1,5,6,2,50,8,1461,2,13,RENAULT CLIO,8,E01019908,0,-1
2021010298608,2021,010298608,1,9,9,99,99,9,9,99,99,9,9,99,9,99,9,9,6,6,3,35,6,1390,1,17,RENAULT CLIO,5,E01002488,0,-1
2021052102903,2021,052102903,1,9,0,16,19,1,5,0,0,0,2,0,7,4,0,1,6,6,1,36,7,1998,1,13,RENAULT CLIO,6,E01025495,0,-1
2021430278916,2021,430278916,1,9,0,18,19,6,2,0,0,8,0,0,0,0,4,1,3,7,1,44,7,899,1,7,RENAULT CLIO,6,E01017898,0,-1
2021201120983,2021,201120983,1,9,0,18,19,4,8,0,0,0,0,10,0,0,3,1,6,6,1,-1,-1,898,1,4,RENAULT CLIO,-1,-1,0,-1
2021440521106,2021,440521106,1,9,0,16,19,4,7,0,0,0,1,0,1,1,1,1,6,6,1,33,6,1149,1,15,RENAULT CLIO,-1,-1,0,-1
2021131038250,2021,131038250,1,9,0,9,9,3,1,0,0,8,0,0,0,0,1,1,2,2,2,20,4,1149,1,7,RENAULT CLIO,7,E01010932,0,-1
2021302101655,2021,302101655,1,9,0,17,19,2,6,0,0,0,5,10,7,9,4,1,2,2,2,26,6,1149,1,10,RENAULT CLIO,2,E01019463,0,-1
2021421047980,2021,421047980,1,9,0,18,19,5,1,0,0,0,0,0,0,0,1,1,6,6,2,41,7,899,1,8,RENAULT CLIO,10,E01015885,0,-1
2021471093221,2021,471093221,1,9,0,18,19,3,7,0,0,8,0,0,0,0,1,1,2,2,1,45,7,1149,1,18,RENAULT CLIO,6,E01031408,0,-1
2021061086276,2021,061086276,1,9,0,10,10,7,3,0,0,8,0,0,0,0,1,1,6,6,2,59,9,1149,1,12,RENAULT CLIO,8,E01004892,0,-1
2021010341770,2021,010341770,2,9,0,99,99,9,9,99,99,0,9,99,9,99,1,9,6,6,3,-1,-1,1149,1,16,RENAULT CLIO,-1,-1,0,-1
2021041059933,2021,041059933,1,9,0,18,19,2,6,0,0,1,0,0,0,0,1,1,5,6,1,24,5,1998,1,19,RENAULT CLIO,6,E01012618,0,-1
2021061119938,2021,061119938,1,9,0,18,19,2,6,0,0,8,0,0,0,0,1,1,6,6,2,29,6,1149,1,3,RENAULT CLIO,9,E01005864,0,-1
2021201025487,2021,201025487,1,9,0,18,19,7,3,0,0,0,0,0,0,0,1,1,6,6,2,27,6,1390,1,16,RENAULT CLIO,9,E01010494,0,-1
2021070178496,2021,070178496,1,9,0,12,12,2,6,0,0,0,0,0,0,0,3,1,6,6,1,29,6,1461,2,3,RENAULT CLIO,7,E01012547,0,-1
202163D085221,2021,63D085221,1,9,0,18,19,6,2,0,0,0,0,0,0,0,3,1,6,6,2,22,5,1461,2,8,RENAULT CLIO,8,W01000439,0,-1
2021161053668,2021,161053668,1,9,0,9,9,2,8,0,0,5,0,0,0,0,1,1,6,6,3,18,4,1390,1,15,RENAULT CLIO,-1,-1,0,-1
2021052101048,2021,052101048,1,9,0,5,5,3,7,0,0,8,0,0,0,0,1,1,6,6,2,31,6,1461,2,6,RENAULT CLIO,1,E01006658,0,-1
202134NNC7281,2021,34NNC7281,1,9,0,18,19,3,7,0,0,8,0,0,0,0,1,1,6,6,2,21,5,898,1,6,RENAULT CLIO,3,E01000092,0,-1
2021320291035,2021,320291035,1,9,0,16,19,4,8,0,0,0,1,0,1,4,3,1,2,2,2,24,5,1149,1,11,RENAULT CLIO,9,E01026301,0,-1
2021010347590,2021,010347590,2,9,0,99,99,9,9,99,99,9,9,99,9,99,9,9,6,6,3,-1,-1,1149,1,10,RENAULT CLIO,3,E01001972,0,-1
2021052102701,2021,052102701,1,9,0,18,19,8,4,0,0,0,0,0,0,0,1,1,6,6,2,61,9,1149,1,4,RENAULT CLIO,10,E01007188,0,-1
2021221040501,2021,221040501,3,9,0,18,19,6,2,0,0,8,0,0,1,0,1,1,5,6,2,21,5,1461,2,5,RENAULT CLIO,2,E01010268,0,-1
2021430223417,2021,430223417,1,9,0,4,4,8,4,0,0,1,0,0,0,0,2,1,6,6,2,23,5,1149,1,13,RENAULT CLIO,4,E01030433,0,-1
2021361075437,2021,361075437,1,9,0,18,19,5,8,0,0,0,0,0,0,0,1,1,5,6,2,54,8,999,1,1,RENAULT CLIO,2,E01033440,0,-1
2021061045542,2021,061045542,1,9,0,7,7,8,2,0,0,0,0,0,0,0,4,1,6,6,1,80,11,1149,1,17,RENAULT CLIO,-1,-1,0,-1
2021041174718,2021,041174718,1,9,0,18,19,5,1,0,0,0,2,0,5,6,3,1,2,2,2,31,6,1461,2,11,RENAULT CLIO,3,E01025398,0,-1
2021141079586,2021,141079586,2,9,0,12,12,5,5,0,0,8,0,0,0,0,3,1,5,6,1,19,4,1149,1,12,RENAULT CLIO,10,E01007961,0,-1
2021141033013,2021,141033013,1,9,0,18,19,5,1,0,0,3,0,0,0,0,4,1,5,6,2,41,7,898,1,2,RENAULT CLIO,8,E01007594,0,-1
2021061121052,2021,061121052,2,9,0,4,4,6,2,0,0,1,0,0,0,0,2,1,6,6,2,42,7,1149,1,13,RENAULT CLIO,1,E01004820,0,-1
2021161013747,2021,161013747,1,9,0,9,9,6,4,0,0,1,0,0,0,0,1,1,6,6,1,20,4,1149,1,14,RENAULT CLIO,1,E01013208,0,-1
2021302101302,2021,302101302,1,9,0,18,19,4,8,0,0,8,0,0,0,0,4,1,6,6,1,60,9,1149,1,19,RENAULT CLIO,7,E01031041,0,-1
2021430115205,2021,430115205,2,9,0,18,19,3,1,0,0,6,0,0,0,0,1,1,6,6,1,30,6,1149,1,16,RENAULT CLIO,-1,-1,0,-1
2021461120799,2021,461120799,2,9,0,16,19,3,7,0,0,4,0,0,0,0,2,1,6,6,1,18,4,999,1,0,RENAULT CLIO,7,E01024317,0,-1
2021010320705,2021,010320705,1,9,0,10,10,5,3,0,0,1,0,0,0,0,3,1,6,6,2,49,8,1149,1,7,RENAULT CLIO,6,E01004181,0,-1
2021131106459,2021,131106459,2,9,0,5,5,1,5,0,0,6,0,0,0,0,1,1,5,6,1,24,5,1149,1,9,RENAULT CLIO,5,E01011407,0,-1
202131B106721,2021,31B106721,2,9,0,9,9,6,4,0,0,5,0,0,0,0,0,1,2,2,2,54,8,1149,1,14,RENAULT CLIO,3,E01028338,0,-1
2021122100710,2021,122100710,2,9,0,18,19,7,3,0,0,1,0,0,0,0,4,1,6,6,2,25,5,1149,1,11,RENAULT CLIO,7,E01013419,0,-1
2021131121551,2021,131121551,2,9,0,18,19,5,1,0,0,0,0,0,0,0,2,1,5,6,2,52,8,1149,1,10,RENAULT CLIO,4,E01011095,0,-1
202134WNC1671,2021,34WNC1671,1,9,0,18,19,1,5,0,0,8,1,0,0,0,1,1,6,6,2,24,5,1149,1,14,RENAULT CLIO,10,E01015396,0,-1
2021430104677,2021,430104677,1,9,0,18,19,6,2,0,0,5,0,0,0,0,3,1,2,2,2,24,5,899,1,7,RENAULT CLIO,2,E01028569,0,-1
2021991081323,2021,991081323,1,9,0,4,4,3,7,0,0,0,0,0,0,0,1,1,6,6,2,37,7,1461,2,5,RENAULT CLIO,7,-1,0,-1
2021041014690,2021,041014690,2,9,0,7,7,5,3,0,0,4,0,11,0,0,1,1,5,6,2,29,6,1461,2,6,RENAULT CLIO,2,E01006267,0,-1
2021010305132,2021,010305132,2,9,0,99,99,9,9,99,99,9,9,99,9,99,1,9,6,6,1,19,4,898,1,6,RENAULT CLIO,6,E01001656,0,-1
2021622100080,2021,622100080,1,9,0,18,19,5,1,0,0,0,0,0,1,2,1,1,6,6,1,19,4,1149,1,12,RENAULT CLIO,-1,-1,0,-1
2021141073077,2021,141073077,1,9,0,18,19,5,5,0,0,0,0,0,0,0,1,1,1,1,1,29,6,1390,1,15,RENAULT CLIO,2,E01007539,0,-1
2021061067779,2021,061067779,1,9,0,5,5,1,5,0,0,8,0,0,0,0,3,1,6,6,1,18,4,1149,1,18,RENAULT CLIO,-1,-1,0,-1
202163A045621,2021,63A045621,1,9,0,16,19,1,4,0,0,0,0,0,8,10,3,1,6,6,2,18,4,1149,1,9,RENAULT CLIO,3,W01000655,0,-1
2021471033483,2021,471033483,1,9,0,18,19,4,8,0,0,0,0,0,0,0,1,1,5,6,2,44,7,1149,1,14,RENAULT CLIO,4,E01031657,0,-1
2021101026567,2021,101026567,3,9,0,18,19,5,1,0,0,0,0,0,0,0,2,1,2,2,2,22,5,1149,1,12,RENAULT CLIO,10,E01008373,0,-1
2021501088815,2021,501088815,2,9,0,2,2,0,0,0,0,0,0,0,0,0,1,1,6,6,1,34,6,1461,2,7,RENAULT CLIO,4,E01019024,0,-1
2021430543739,2021,430543739,1,9,0,5,5,3,7,0,0,4,0,0,0,0,1,1,6,6,1,56,9,1149,1,9,RENAULT CLIO,8,E01023215,0,-1
2021041140391,2021,041140391,1,9,0,18,19,5,1,0,0,0,0,0,0,0,4,1,5,6,1,65,9,1461,2,10,RENAULT CLIO,4,E01024927,0,-1
2021430279451,2021,430279451,2,9,0,9,9,3,1,0,0,8,0,0,0,0,1,1,2,2,1,18,4,1390,1,14,RENAULT CLIO,9,E01028821,0,-1
2021041045574,2021,041045574,1,9,0,18,19,7,3,0,0,8,0,0,0,0,3,1,6,6,2,21,5,1149,1,7,RENAULT CLIO,9,E01004784,0,-1
2021501052811,2021,501052811,1,9,0,18,19,7,3,0,0,0,0,0,8,10,1,1,5,6,2,25,5,1149,1,5,RENAULT CLIO,4,E01015241,0,-1
2021010291578,2021,010291578,1,9,0,18,19,6,2,0,0,8,0,10,1,11,4,1,2,2,1,27,6,898,1,5,RENAULT CLIO,6,E01030842,0,-1
2021501067082,2021,501067082,2,9,0,18,19,5,1,0,0,1,0,0,0,0,1,1,6,6,2,73,10,1149,1,12,RENAULT CLIO,5,E01015037,0,-1
2021991022309,2021,991022309,1,9,0,4,4,3,7,0,0,1,0,0,0,0,1,1,2,2,2,26,6,1461,2,9,RENAULT CLIO,7,-1,0,-1
2021610046921,2021,610046921,1,9,0,18,19,1,5,0,0,3,0,9,0,0,3,1,6,6,1,30,6,1149,1,14,RENAULT CLIO,1,W01001459,0,-1
2021320186837,2021,320186837,1,9,0,9,9,8,6,0,0,6,0,0,0,0,3,1,6,6,2,17,4,1390,1,14,RENAULT CLIO,7,E01026372,0,-1
2021010325412,2021,010325412,2,9,0,9,9,5,3,0,0,0,0,0,0,0,3,1,6,6,1,21,5,999,1,0,RENAULT CLIO,-1,-1,0,-1
2021122100824,2021,122100824,1,9,0,9,9,4,2,0,0,8,0,0,0,0,3,1,6,6,1,26,6,1598,8,0,RENAULT CLIO,7,E01010638,0,-1
2021622100327,2021,622100327,2,9,0,2,2,0,0,0,0,1,0,0,0,0,4,1,6,6,1,42,7,1149,1,13,RENAULT CLIO,7,W01001891,0,-1
2021201142638,2021,201142638,3,9,0,3,3,4,8,0,0,8,0,0,0,0,2,1,6,6,2,24,5,1149,1,9,RENAULT CLIO,2,E01010279,0,-1
2021421110359,2021,421110359,2,9,0,3,3,8,4,0,0,4,0,0,0,0,2,1,6,6,2,39,7,1149,1,4,RENAULT CLIO,2,E01015879,0,-1
2021471086550,2021,471086550,2,9,0,4,4,4,3,0,0,1,0,0,0,0,2,1,2,2,2,55,8,1149,1,6,RENAULT CLIO,8,E01021209,0,-1
2021010310617,2021,010310617,2,9,0,99,99,9,9,99,99,9,9,99,9,99,2,9,6,6,3,-1,-1,1598,1,10,RENAULT CLIO,-1,-1,0,-1
2021201136814,2021,201136814,2,9,0,3,3,4,8,0,0,1,0,0,0,0,2,1,3,7,2,28,6,1149,1,15,RENAULT CLIO,1,E01009339,0,-1
2021461061496,2021,461061496,1,9,0,17,19,3,7,0,0,0,2,0,0,0,1,1,5,6,1,28,6,1390,1,16,RENAULT CLIO,6,E01024420,0,-1
2021170M21461,2021,170M21461,1,9,0,16,19,4,8,0,0,0,0,0,0,0,1,1,2,2,1,26,6,1149,1,7,RENAULT CLIO,1,E01012092,0,-1
2021122100538,2021,122100538,1,9,0,18,19,7,3,0,0,4,0,0,0,0,1,1,6,6,1,42,7,1461,2,4,RENAULT CLIO,1,E01010609,0,-1
2021411165586,2021,411165586,1,9,0,18,19,7,3,0,0,0,1,11,0,0,1,1,6,6,1,51,8,1149,1,18,RENAULT CLIO,7,E01023605,0,-1
2021471103988,2021,471103988,1,9,0,18,19,5,1,0,0,0,0,0,7,0,2,1,5,6,1,20,4,898,1,2,RENAULT CLIO,9,E01022689,0,-1
2021552200060,2021,552200060,2,9,0,18,19,4,1,0,0,8,0,0,0,0,4,1,6,6,2,30,6,1461,2,14,RENAULT CLIO,6,E01015414,0,-1
2021010311483,2021,010311483,1,9,0,18,19,3,7,99,99,0,9,99,9,99,1,1,6,6,1,27,6,1149,1,7,RENAULT CLIO,5,E01003697,0,-1
2021421073791,2021,421073791,1,9,0,14,14,5,1,0,0,0,0,4,0,0,1,1,5,6,2,22,5,898,1,2,RENAULT CLIO,6,E01022095,0,-1
2021231104641,2021,231104641,1,9,0,18,19,7,3,0,0,0,0,0,0,0,1,1,6,6,1,24,5,899,1,7,RENAULT CLIO,3,E01018097,0,-1
2021471013087,2021,471013087,1,9,0,17,19,8,5,0,0,0,2,0,7,9,1,1,5,6,1,22,5,1149,1,17,RENAULT CLIO,8,E01031397,0,-1
2021010316560,2021,010316560,1,9,0,4,4,5,1,0,0,1,0,0,0,0,1,1,6,6,2,32,6,1149,1,8,RENAULT CLIO,5,E01031599,0,-1
2021461058410,2021,461058410,2,9,0,2,2,0,0,9,9,0,0,0,0,0,3,1,6,6,2,21,5,1149,1,5,RENAULT CLIO,3,E01016155,0,-1
2021010342111,2021,010342111,2,9,0,99,99,9,9,99,99,0,9,99,9,99,1,9,6,6,3,-1,-1,1390,1,16,RENAULT CLIO,-1,-1,0,-1
2021010290092,2021,010290092,1,9,0,99,99,9,9,99,99,9,9,99,9,99,1,9,6,6,2,40,7,1390,1,21,RENAULT CLIO,5,E01001473,0,-1
2021351125227,2021,351125227,4,9,0,4,4,3,6,0,0,0,0,0,0,0,1,1,2,2,2,18,4,1461,2,13,RENAULT CLIO,5,E01018047,0,-1
2021201132829,2021,201132829,1,9,0,11,11,1,5,0,0,1,0,0,0,0,4,1,2,2,1,32,6,1149,1,6,RENAULT CLIO,1,E01010410,0,-1
2021041027828,2021,041027828,1,9,0,18,19,3,7,0,0,0,5,4,0,0,1,1,2,2,2,29,6,1461,2,4,RENAULT CLIO,4,E01025071,0,-1
2021221083204,2021,221083204,1,9,0,5,5,3,2,0,0,0,0,0,0,0,3,1,6,6,1,84,11,1149,1,11,RENAULT CLIO,4,E01010510,0,-1
2021411130579,2021,411130579,2,9,0,7,7,3,7,0,0,2,0,0,0,0,3,1,5,6,1,19,4,1149,1,10,RENAULT CLIO,7,E01023923,0,-1
2021010350078,2021,010350078,1,9,0,13,13,8,4,0,0,1,0,4,7,2,4,1,1,1,1,18,4,1149,1,14,RENAULT CLIO,9,E01000765,0,-1
2021451096633,2021,451096633,1,9,0,18,19,3,7,0,0,1,0,0,0,0,1,1,5,6,2,20,4,1149,1,10,RENAULT CLIO,7,E01003003,0,-1
2021010325176,2021,010325176,3,9,0,18,19,7,3,0,0,0,0,0,0,0,1,1,6,6,2,49,8,1390,1,16,RENAULT CLIO,-1,-1,0,-1
2021451042324,2021,451042324,1,9,0,18,19,2,6,0,0,0,1,6,7,0,1,1,5,6,2,52,8,1149,1,13,RENAULT CLIO,8,E01030528,0,-1
2021101099427,2021,101099427,1,9,0,5,5,3,1,0,0,8,0,0,0,0,1,1,6,6,1,16,4,1598,1,11,RENAULT CLIO,-1,-1,0,-1
2021041101298,2021,041101298,2,9,0,18,19,4,8,0,0,0,0,0,0,0,1,1,5,6,2,20,4,1149,1,4,RENAULT CLIO,3,W01000254,0,-1
2021170S12001,2021,170S12001,2,9,0,18,19,4,8,0,0,0,0,0,0,0,1,1,6,6,1,52,8,1461,2,14,RENAULT CLIO,1,E01012284,0,-1
2021451088546,2021,451088546,2,9,0,18,19,7,3,0,0,1,0,0,0,0,2,1,2,2,2,37,7,1149,1,9,RENAULT CLIO,8,E01001100,0,-1
2021421050380,2021,421050380,1,9,0,18,19,3,7,0,0,0,0,0,0,0,1,1,5,6,2,57,9,898,1,3,RENAULT CLIO,8,E01033063,0,-1
2021991101994,2021,991101994,1,9,0,1,1,8,5,0,0,0,0,4,0,0,2,1,6,6,1,24,5,1149,1,15,RENAULT CLIO,2,-1,0,-1
2021131048494,2021,131048494,1,9,0,4,4,2,6,0,0,2,0,0,0,0,1,1,6,6,1,36,7,1461,2,12,RENAULT CLIO,3,E01011016,0,-1
2021161055135,2021,161055135,1,9,0,18,19,6,2,0,0,0,0,4,0,0,1,1,6,6,1,69,10,898,1,5,RENAULT CLIO,6,E01013334,0,-1
2021061041467,2021,061041467,2,9,0,3,3,3,7,0,0,0,0,0,0,0,2,1,6,6,2,24,5,898,1,2,RENAULT CLIO,1,E01011346,0,-1
2021401111427,2021,401111427,1,9,0,16,19,6,2,0,0,0,1,0,7,9,1,1,2,2,1,18,4,1149,1,15,RENAULT CLIO,10,E01017407,0,-1
2021010303970,2021,010303970,1,9,0,5,5,5,1,0,0,2,0,0,0,0,1,1,2,2,1,27,6,1149,1,13,RENAULT CLIO,5,E01001105,0,-1
2021421057303,2021,421057303,2,9,0,8,8,1,3,0,0,0,0,0,0,0,2,1,5,6,2,72,10,1461,2,13,RENAULT CLIO,8,E01015974,0,-1
2021041108212,2021,041108212,2,9,0,4,4,5,1,0,0,4,0,0,0,0,2,1,1,1,2,27,6,1461,2,3,RENAULT CLIO,3,E01025571,0,-1
2021440421143,2021,440421143,4,9,0,10,10,1,5,0,0,1,0,0,0,0,2,1,6,6,2,25,5,1149,1,14,RENAULT CLIO,-1,-1,0,-1
2021010307404,2021,010307404,1,9,0,4,4,5,1,0,0,1,0,0,0,0,2,1,2,2,1,46,8,899,1,6,RENAULT CLIO,-1,-1,0,-1
2021991080680,2021,991080680,1,9,0,18,19,2,7,0,0,0,0,0,0,0,1,1,6,6,2,56,9,898,1,5,RENAULT CLIO,10,-1,0,-1
202134NNC5331,2021,34NNC5331,1,9,0,9,9,7,3,0,0,8,0,0,0,0,3,1,6,6,1,38,7,1149,1,9,RENAULT CLIO,1,E01027334,0,-1
2021131118510,2021,131118510,4,9,0,18,19,3,7,0,0,0,0,0,0,0,2,1,5,6,1,54,8,1461,2,3,RENAULT CLIO,8,E01004982,0,-1
2021131046027,2021,131046027,1,9,0,18,19,5,1,0,0,0,0,0,0,0,4,1,6,6,3,40,7,1461,2,14,RENAULT CLIO,-1,-1,0,-1
2021351046168,2021,351046168,1,9,0,7,7,3,7,0,0,5,0,0,0,0,3,1,5,6,2,73,10,899,1,6,RENAULT CLIO,8,E01017966,0,-1
2021201065717,2021,201065717,2,9,0,18,19,-1,-1,0,0,8,0,0,0,0,2,1,2,2,1,31,6,1461,2,9,RENAULT CLIO,1,E01009311,0,-1
202163D095621,2021,63D095621,1,9,0,18,19,2,6,0,0,0,5,0,1,10,4,1,6,6,2,28,6,1149,1,14,RENAULT CLIO,7,W01000448,0,-1
2021440453234,2021,440453234,1,9,0,9,9,3,1,0,0,6,0,0,0,0,1,1,6,6,1,-1,-1,1461,2,15,RENAULT CLIO,9,E01022639,0,-1
2021170H10241,2021,170H10241,2,9,0,18,19,5,1,0,0,0,0,0,0,0,1,1,6,6,1,-1,-1,1149,1,13,RENAULT CLIO,-1,-1,0,-1
2021122200030,2021,122200030,2,9,0,3,3,3,7,0,0,0,0,0,0,0,1,1,6,6,2,53,8,1461,2,8,RENAULT CLIO,9,E01013408,0,-1
2021010346287,2021,010346287,2,9,0,99,99,9,9,99,99,0,9,99,9,99,3,9,6,6,1,43,7,999,1,2,RENAULT CLIO,3,E01000099,0,-1
2021440224149,2021,440224149,1,9,0,17,19,7,3,0,0,0,2,0,1,4,1,1,2,2,1,25,5,1998,1,11,RENAULT CLIO,8,E01032841,0,-1
2021010346957,2021,010346957,1,9,0,9,9,4,3,0,0,5,0,0,0,0,4,1,6,6,2,59,9,1390,1,15,RENAULT CLIO,3,E01030385,0,-1
2021610052021,2021,610052021,1,9,0,12,12,7,3,0,0,0,0,7,0,6,3,1,1,1,1,23,5,1598,1,13,RENAULT CLIO,5,E01003742,0,-1
2021302100889,2021,302100889,1,9,0,13,13,4,8,0,0,1,0,0,0,0,4,1,6,6,1,48,8,999,1,0,RENAULT CLIO,8,E01019691,0,-1
2021421016139,2021,421016139,2,9,0,18,19,4,8,0,0,0,0,0,0,0,4,1,6,6,2,21,5,898,1,4,RENAULT CLIO,6,E01022095,0,-1
2021061052445,2021,061052445,2,9,0,18,19,1,5,0,0,0,0,0,0,0,1,1,6,6,2,30,6,1149,1,9,RENAULT CLIO,-1,-1,0,-1
2021131056687,2021,131056687,1,9,0,18,19,5,1,0,0,1,0,7,0,0,1,1,2,2,2,62,9,1461,2,11,RENAULT CLIO,10,E01027893,0,-1
2021010290973,2021,010290973,1,9,0,99,99,9,9,99,99,1,9,99,9,99,4,9,6,6,1,24,5,1149,1,17,RENAULT CLIO,7,E01003643,0,-1
2021411042014,2021,411042014,1,9,0,17,19,-1,-1,0,0,0,5,10,7,0,1,1,6,6,1,18,4,-1,-1,-1,RENAULT CLIO,8,E01023528,0,-1
2021421096652,2021,421096652,2,9,0,4,4,7,3,0,0,0,0,0,0,0,2,1,6,6,2,22,5,1149,1,6,RENAULT CLIO,3,E01021321,0,-1