collision_index,collision_year,collision_ref_no,vehicle_reference,vehicle_type,towing_and_articulation,vehicle_manoeuvre_historic,vehicle_manoeuvre,vehicle_direction_from,vehicle_direction_to,vehicle_location_restricted_lane_historic,vehicle_location_restricted_lane,junction_location,skidding_and_overturning,hit_object_in_carriageway,vehicle_leaving_carriageway,hit_object_off_carriageway,first_point_of_impact,vehicle_left_hand_drive,journey_purpose_of_driver_historic,journey_purpose_of_driver,sex_of_driver,age_of_driver,age_band_of_driver,engine_capacity_cc,propulsion_code,age_of_vehicle,generic_make_model,driver_imd_decile,lsoa_of_driver,escooter_flag,driver_distance_banding
2021421069876,2021,421069876,1,9,0,17,19,3,7,0,0,3,1,10,1,0,4,1,6,6,1,19,4,1149,1,11,RENAULT CLIO,-1,-1,0,-1
202163D078221,2021,63D078221,1,9,0,13,13,3,6,0,0,0,1,0,7,0,1,1,6,6,1,19,4,1149,1,13,RENAULT CLIO,4,W01000646,0,-1
2021471067349,2021,471067349,2,9,0,18,19,4,8,0,0,1,5,0,0,0,1,1,5,6,2,34,6,899,1,6,RENAULT CLIO,5,E01016994,0,-1
2021010293250,2021,010293250,1,9,0,99,99,9,9,99,99,9,9,99,9,99,1,9,6,6,1,67,10,1149,1,12,RENAULT CLIO,2,E01001448,0,-1
2021451073112,2021,451073112,1,9,0,17,19,5,3,0,0,0,1,0,2,0,1,1,5,6,1,29,6,1149,1,12,RENAULT CLIO,5,E01031577,0,-1
2021351064602,2021,351064602,1,9,0,18,19,6,2,0,0,4,1,9,0,0,1,1,5,6,1,21,5,1149,1,12,RENAULT CLIO,6,E01018056,0,-1
2021991085081,2021,991085081,1,9,0,16,19,4,8,9,9,2,0,0,1,0,1,2,6,6,3,17,4,1149,1,15,RENAULT CLIO,-1,-1,0,-1
2021010305874,2021,010305874,1,9,0,99,99,9,9,99,99,9,9,99,9,99,2,9,2,2,1,62,9,898,1,2,RENAULT CLIO,6,E01002381,0,-1
2021041098076,2021,041098076,1,9,0,16,19,1,7,0,0,2,0,0,0,0,1,1,5,6,1,29,6,1149,1,9,RENAULT CLIO,-1,-1,0,-1
2021122101510,2021,122101510,1,9,0,5,5,1,5,0,0,4,0,0,0,0,3,1,6,6,2,22,5,1149,1,12,RENAULT CLIO,8,E01027750,0,-1
2021991044220,2021,991044220,1,9,0,14,14,5,1,0,0,0,5,4,7,10,4,1,6,6,1,20,4,999,1,1,RENAULT CLIO,1,-1,0,-1
2021540774821,2021,540774821,1,9,0,16,19,2,6,0,0,0,2,0,1,9,4,1,6,6,2,20,4,1461,2,9,RENAULT CLIO,5,E01029059,0,-1
2021622100573,2021,622100573,2,9,0,4,4,8,4,0,0,0,0,0,0,0,2,1,6,6,2,36,7,1149,1,10,RENAULT CLIO,3,W01001322,0,-1
2021201074328,2021,201074328,1,9,0,18,19,1,8,0,0,8,0,0,0,0,1,1,6,6,2,24,5,1461,2,8,RENAULT CLIO,3,E01010451,0,-1
2021010325057,2021,010325057,3,9,0,3,3,7,3,0,0,1,0,0,0,0,1,1,6,6,2,36,7,899,1,7,RENAULT CLIO,3,E01002504,0,-1
2021201083630,2021,201083630,3,9,0,18,19,6,2,0,0,1,0,0,0,0,3,1,6,6,1,37,7,1149,1,7,RENAULT CLIO,2,E01009058,0,-1
2021041091768,2021,041091768,1,9,0,4,4,1,5,0,0,0,0,0,0,0,1,1,6,6,2,21,5,1149,1,5,RENAULT CLIO,8,E01025411,0,-1
2021361062796,2021,361062796,1,9,0,18,19,6,2,0,0,0,0,0,0,0,-1,1,5,6,1,20,4,1149,1,13,RENAULT CLIO,9,E01026933,0,-1
2021231048704,2021,231048704,2,9,0,18,19,1,5,0,0,8,1,0,7,4,1,1,1,1,2,47,8,1461,2,2,RENAULT CLIO,3,E01031332,0,-1
2021010352132,2021,010352132,2,9,0,18,19,3,7,0,0,0,0,0,0,0,1,1,6,6,3,20,4,898,1,4,RENAULT CLIO,3,E01002547,0,-1
2021141112326,2021,141112326,2,9,0,18,19,3,8,0,0,0,0,4,0,0,1,1,5,6,2,20,4,1390,1,16,RENAULT CLIO,9,E01007663,0,-1
2021351060749,2021,351060749,1,9,0,18,19,6,2,0,0,0,0,0,0,0,1,1,6,6,1,62,9,1461,2,16,RENAULT CLIO,4,E01030113,0,-1
2021161097793,2021,161097793,1,9,0,18,19,3,7,0,0,0,5,0,2,10,1,1,5,6,2,24,5,1461,2,7,RENAULT CLIO,7,E01013242,0,-1
2021061053653,2021,061053653,1,9,0,18,19,2,6,0,0,2,0,0,0,0,3,1,2,2,1,36,7,898,1,5,RENAULT CLIO,3,E01005618,0,-1
2021061076674,2021,061076674,1,9,0,4,4,5,1,0,0,0,0,0,0,0,2,1,5,6,1,23,5,1149,1,14,RENAULT CLIO,8,E01005570,0,-1
2021061047818,2021,061047818,1,9,0,18,19,4,7,0,0,8,0,0,0,0,1,1,6,6,2,33,6,899,1,7,RENAULT CLIO,5,E01005993,0,-1
2021552100821,2021,552100821,1,9,0,18,19,1,5,9,9,0,0,0,1,9,1,1,2,2,2,17,4,1149,1,12,RENAULT CLIO,8,E01020504,0,-1
2021461041754,2021,461041754,2,9,0,5,5,7,1,0,0,3,0,0,0,0,4,1,6,6,1,21,5,1149,1,14,RENAULT CLIO,3,E01003525,0,-1
2021010347758,2021,010347758,2,9,0,2,2,0,0,0,0,8,1,0,0,0,1,1,6,6,3,-1,-1,1149,1,12,RENAULT CLIO,-1,-1,0,-1
2021501096169,2021,501096169,1,9,0,18,19,7,3,0,0,0,0,0,0,0,1,1,2,2,2,72,10,1461,2,10,RENAULT CLIO,5,E01018966,0,-1
2021501130053,2021,501130053,1,9,0,18,19,3,7,0,0,0,1,0,7,0,1,1,2,2,2,61,9,1390,1,15,RENAULT CLIO,4,E01020129,0,-1
2021010297233,2021,010297233,3,9,0,4,4,7,3,0,0,1,0,0,0,0,1,1,6,6,2,43,7,1618,1,6,RENAULT CLIO,9,E01000667,0,-1
2021201148608,2021,201148608,2,9,0,9,9,8,6,0,0,6,0,0,0,0,3,1,6,6,1,82,11,1149,1,18,RENAULT CLIO,9,E01010497,0,-1
2021041184082,2021,041184082,2,9,0,18,19,3,7,0,0,4,0,0,0,0,2,1,2,2,1,41,7,1149,1,15,RENAULT CLIO,2,E01024857,0,-1
2021552100931,2021,552100931,2,9,0,4,4,2,6,0,0,0,0,0,0,0,2,1,6,6,2,18,4,1149,1,10,RENAULT CLIO,7,E01023347,0,-1
2021451034378,2021,451034378,1,9,0,17,19,1,5,0,0,0,5,0,2,11,1,1,6,6,1,34,6,999,1,1,RENAULT CLIO,4,E01031576,0,-1
2021421059438,2021,421059438,1,9,0,18,19,5,1,0,0,0,0,0,1,0,1,1,5,6,1,42,7,1390,1,15,RENAULT CLIO,4,E01013756,0,-1
2021461080978,2021,461080978,1,9,0,5,5,8,3,0,0,0,0,0,0,0,3,1,6,6,1,81,11,1461,2,11,RENAULT CLIO,3,E01024508,0,-1
2021201149708,2021,201149708,1,9,0,18,19,8,3,0,0,6,0,0,0,0,3,1,6,6,3,-1,-1,1390,1,15,RENAULT CLIO,-1,-1,0,-1
2021991086608,2021,991086608,1,9,0,14,14,6,2,0,0,0,0,0,0,0,4,1,5,6,2,57,9,1461,2,6,RENAULT CLIO,7,-1,0,-1
2021501077810,2021,501077810,1,9,0,18,19,8,3,0,0,0,0,0,0,0,1,1,1,1,1,55,8,1461,2,9,RENAULT CLIO,6,E01019917,0,-1
2021461028566,2021,461028566,1,9,0,18,19,8,4,0,0,0,0,10,7,0,1,1,6,6,1,18,4,1149,1,15,RENAULT CLIO,9,E01021229,0,-1
2021061037742,2021,061037742,2,9,0,18,19,4,8,0,0,0,0,0,0,0,1,1,1,1,2,57,9,1149,1,14,RENAULT CLIO,3,E01005079,0,-1
2021371146416,2021,371146416,1,9,0,18,19,4,8,0,0,0,0,0,0,0,1,1,5,6,2,30,6,1149,1,8,RENAULT CLIO,8,E01029997,0,-1
2021201026896,2021,201026896,3,9,0,18,19,1,5,0,0,0,0,0,0,0,1,1,6,6,2,25,5,1149,1,18,RENAULT CLIO,-1,-1,0,-1
2021430230441,2021,430230441,1,9,0,9,9,6,4,0,0,5,0,0,0,0,1,1,6,6,1,-1,-1,898,1,2,RENAULT CLIO,-1,-1,0,-1
2021010301658,2021,010301658,1,9,0,99,99,9,9,99,99,9,9,99,9,99,9,9,2,2,2,21,5,1461,2,8,RENAULT CLIO,2,E01003239,0,-1
2021231047329,2021,231047329,1,9,0,9,9,5,3,0,0,6,0,0,0,0,1,1,5,6,2,42,7,1149,1,8,RENAULT CLIO,10,E01031139,0,-1
2021531125011,2021,531125011,1,9,0,18,19,2,6,0,0,0,0,0,0,0,1,1,5,6,2,76,11,1598,1,11,RENAULT CLIO,8,E01022412,0,-1
2021302100791,2021,302100791,1,9,0,18,19,4,8,0,0,0,0,0,0,0,1,1,6,6,2,45,7,1149,1,13,RENAULT CLIO,5,E01019744,0,-1
2021010302064,2021,010302064,1,9,0,99,99,9,9,99,99,9,9,99,9,99,2,9,2,2,1,23,5,1390,1,15,RENAULT CLIO,3,E01000055,0,-1
2021549782321,2021,549782321,1,9,0,7,7,7,1,0,0,2,0,0,0,0,1,1,6,6,1,32,6,999,1,1,RENAULT CLIO,6,E01031842,0,-1
2021122101518,2021,122101518,1,9,0,18,19,3,7,0,0,0,2,0,1,9,1,1,6,6,1,21,5,1149,1,11,RENAULT CLIO,5,E01007350,0,-1
2021211153195,2021,211153195,1,9,0,7,7,3,6,0,0,1,0,0,0,0,1,1,6,6,1,53,8,1461,2,16,RENAULT CLIO,1,E01014316,0,-1
202134WNC6131,2021,34WNC6131,1,9,0,16,19,7,3,0,0,0,0,0,0,0,1,1,2,2,1,31,6,1461,2,13,RENAULT CLIO,2,E01027227,0,-1
2021041126180,2021,041126180,1,9,0,18,19,1,5,0,0,0,0,4,0,0,1,1,5,6,2,18,4,1149,1,13,RENAULT CLIO,8,E01025547,0,-1
2021421068336,2021,421068336,1,9,0,18,19,5,1,0,0,1,0,0,0,0,1,1,6,6,2,22,5,1461,2,11,RENAULT CLIO,3,E01015884,0,-1
2021131093588,2021,131093588,1,9,0,18,19,2,6,0,0,8,0,0,0,0,4,1,5,6,1,22,5,1461,2,13,RENAULT CLIO,3,E01010751,0,-1
2021031125053,2021,031125053,1,9,0,7,7,4,8,0,0,5,0,0,3,7,1,1,5,6,2,32,6,1149,1,11,RENAULT CLIO,3,-1,0,-1
2021302102106,2021,302102106,2,9,0,5,5,8,4,0,0,1,0,0,0,0,2,1,1,1,1,29,6,1390,1,14,RENAULT CLIO,4,E01013493,0,-1
2021010323342,2021,010323342,2,9,0,4,4,1,5,0,0,1,0,0,0,0,2,1,6,6,1,31,6,1598,1,9,RENAULT CLIO,2,E01003258,0,-1
2021451019857,2021,451019857,2,9,0,4,4,1,5,0,0,0,1,0,6,10,2,1,5,6,2,18,4,1461,2,6,RENAULT CLIO,8,E01030595,0,-1
2021010338302,2021,010338302,1,9,0,18,19,7,3,0,0,0,0,0,1,10,1,1,6,6,1,-1,-1,1149,1,14,RENAULT CLIO,-1,-1,0,-1
2021122100091,2021,122100091,1,9,0,9,9,2,7,0,0,8,0,0,0,0,4,1,3,7,2,30,6,1149,1,15,RENAULT CLIO,6,E01027676,0,-1
2021501100026,2021,501100026,2,9,0,18,19,1,5,0,0,0,1,0,0,0,1,1,2,2,1,23,5,1149,1,14,RENAULT CLIO,2,E01018911,0,-1
2021201148067,2021,201148067,2,9,0,18,19,1,5,0,0,8,0,0,0,0,1,1,2,2,2,19,4,1461,2,10,RENAULT CLIO,3,E01008989,0,-1
2021221051356,2021,221051356,1,9,0,7,7,5,7,0,0,5,0,0,1,4,1,1,5,6,1,83,11,1149,1,11,RENAULT CLIO,3,E01032267,0,-1
2021041050343,2021,041050343,1,9,0,18,19,7,3,0,0,0,0,0,0,0,1,1,2,2,2,44,7,1461,2,11,RENAULT CLIO,1,E01024987,0,-1
2021052100396,2021,052100396,2,9,0,18,19,1,5,0,0,1,0,0,0,0,2,1,3,7,2,28,6,1149,1,7,RENAULT CLIO,5,E01007314,0,-1
2021522201338,2021,522201338,1,9,0,18,19,4,8,0,0,0,0,0,0,0,1,1,6,6,1,43,7,1149,1,13,RENAULT CLIO,8,E01022412,0,-1
2021351102634,2021,351102634,2,9,0,11,11,5,1,0,0,6,0,0,0,0,1,1,1,1,1,62,9,1461,2,6,RENAULT CLIO,6,E01018042,0,-1
2021501061524,2021,501061524,1,9,0,18,19,8,4,0,0,0,0,0,0,0,1,1,6,6,2,31,6,1461,2,12,RENAULT CLIO,7,E01018879,0,-1
2021061037631,2021,061037631,1,9,0,18,19,5,1,0,0,0,0,0,0,0,1,1,6,6,2,27,6,1461,2,5,RENAULT CLIO,9,E01006365,0,-1
2021041104260,2021,041104260,1,9,0,11,11,3,7,0,0,0,0,7,0,0,4,1,5,6,1,34,6,1461,2,14,RENAULT CLIO,7,E01025462,0,-1
202131A081121,2021,31A081121,1,9,0,18,19,8,4,0,0,0,5,0,7,8,1,1,6,6,1,18,4,1149,1,16,RENAULT CLIO,7,E01019812,0,-1
2021547973721,2021,547973721,2,9,0,4,4,2,6,0,0,1,0,0,0,0,2,1,6,6,2,27,6,1197,1,4,RENAULT CLIO,8,E01023491,0,-1
2021430259478,2021,430259478,1,9,0,18,19,7,3,0,0,8,5,0,7,11,1,1,6,6,1,32,6,1149,1,14,RENAULT CLIO,6,E01028523,0,-1
2021111034653,2021,111034653,1,9,0,9,9,1,7,0,0,4,0,0,0,0,1,1,6,6,2,28,6,1461,2,7,RENAULT CLIO,2,E01020897,0,-1
2021401044448,2021,401044448,2,9,0,18,19,2,6,0,0,4,0,0,0,0,3,1,6,6,2,92,11,1149,1,15,RENAULT CLIO,10,E01017393,0,-1
2021371075426,2021,371075426,1,9,0,17,19,2,6,0,0,0,0,0,0,0,1,1,6,6,1,30,6,1149,1,14,RENAULT CLIO,3,E01030234,0,-1
2021421023454,2021,421023454,1,9,0,9,9,1,7,0,0,8,0,0,0,0,1,1,6,6,1,22,5,1998,1,10,RENAULT CLIO,10,E01021633,0,-1
2021052101740,2021,052101740,1,9,0,2,2,0,0,0,0,0,0,0,0,0,1,1,6,6,2,25,5,1461,2,4,RENAULT CLIO,1,E01006606,0,-1
2021010343696,2021,010343696,1,9,0,9,9,1,7,0,0,6,0,0,0,0,1,1,6,6,1,27,6,1149,1,13,RENAULT CLIO,4,E01003527,0,-1
2021041059787,2021,041059787,1,9,0,16,19,7,3,0,0,0,0,0,0,0,1,1,6,6,1,18,4,1461,2,7,RENAULT CLIO,7,E01025593,0,-1
2021061070699,2021,061070699,1,9,0,7,7,1,3,0,0,1,0,0,0,0,1,1,6,6,1,18,4,1149,1,5,RENAULT CLIO,5,E01005439,0,-1
2021010308973,2021,010308973,1,9,0,18,19,1,5,0,0,2,0,0,0,0,1,1,6,6,2,22,5,1598,1,13,RENAULT CLIO,2,E01002056,0,-1
2021122200046,2021,122200046,1,9,0,7,7,7,3,0,0,8,0,0,0,0,1,1,6,6,2,20,4,1149,1,11,RENAULT CLIO,8,E01027682,0,-1
2021351087045,2021,351087045,1,9,0,7,7,2,6,0,0,4,0,0,7,0,1,1,6,6,1,22,5,1149,1,18,RENAULT CLIO,9,E01018054,0,-1
2021440407634,2021,440407634,1,9,0,18,19,6,2,0,0,0,0,0,0,0,1,1,6,6,1,48,8,1149,1,13,RENAULT CLIO,9,E01015356,0,-1
2021421100898,2021,421100898,1,9,0,18,19,6,2,0,0,0,0,0,0,0,1,1,6,6,1,29,6,1461,2,11,RENAULT CLIO,7,E01029875,0,-1
2021461078032,2021,461078032,2,9,0,18,19,7,3,0,0,0,0,0,0,0,1,1,5,6,2,24,5,1461,2,15,RENAULT CLIO,3,E01024497,0,-1
202131C148421,2021,31C148421,1,9,0,14,14,3,7,0,0,3,0,0,0,0,4,1,6,6,1,19,4,1149,1,19,RENAULT CLIO,3,E01013932,0,-1
2021010347055,2021,010347055,2,9,0,99,99,9,9,99,99,9,9,99,9,99,9,9,6,6,2,-1,-1,898,1,6,RENAULT CLIO,3,E01001983,0,-1
2021010325241,2021,010325241,1,9,0,99,99,9,9,99,99,9,9,99,9,99,1,9,6,6,1,49,8,1461,2,2,RENAULT CLIO,2,E01001487,0,-1
202163B091021,2021,63B091021,2,9,0,14,14,1,5,0,0,2,0,0,0,0,4,1,6,6,2,24,5,1461,2,3,RENAULT CLIO,6,W01000519,0,-1
2021421042937,2021,421042937,2,9,0,18,19,8,4,0,0,0,0,0,0,0,2,1,1,1,2,37,7,1149,1,6,RENAULT CLIO,6,E01021343,0,-1
2021461087765,2021,461087765,2,9,0,18,19,2,6,0,0,8,1,0,0,0,4,1,6,6,2,82,11,1390,1,17,RENAULT CLIO,9,E01016027,0,-1
2021010342232,2021,010342232,1,9,0,99,99,9,9,99,99,9,9,99,9,99,9,9,6,6,1,20,4,1149,1,14,RENAULT CLIO,5,E01000593,0,-1
2021552101334,2021,552101334,2,9,0,18,19,7,3,0,0,0,0,0,0,0,2,1,6,6,1,27,6,1390,1,14,RENAULT CLIO,6,E01020433,0,-1
2021302100947,2021,302100947,1,9,0,18,19,6,2,0,0,0,2,0,0,0,1,1,6,6,1,19,4,1390,1,14,RENAULT CLIO,5,E01032586,0,-1
2021061125440,2021,061125440,1,9,-1,-1,-1,-1,-1,-1,-1,0,-1,-1,-1,0,2,1,2,2,2,-1,-1,1149,1,8,RENAULT CLIO,2,E01005951,0,-1
2021010300980,2021,010300980,2,9,0,18,19,1,5,0,0,8,0,0,0,0,1,1,6,6,2,21,5,1461,2,13,RENAULT CLIO,-1,-1,0,-1
2021201023329,2021,201023329,2,9,0,9,9,4,2,0,0,1,0,0,0,0,4,1,2,2,2,26,6,899,1,7,RENAULT CLIO,2,E01008915,0,-1
2021991079578,2021,991079578,1,9,0,18,19,7,3,0,0,0,0,0,0,0,1,1,6,6,2,23,5,898,1,4,RENAULT CLIO,4,-1,0,-1
2021411076608,2021,411076608,1,9,0,12,12,5,1,0,0,0,0,0,0,0,2,1,6,6,1,28,6,1461,2,14,RENAULT CLIO,7,E01017434,0,-1
2021010323587,2021,010323587,2,9,0,3,3,5,1,0,0,2,0,0,0,0,3,1,6,6,2,74,10,1197,1,4,RENAULT CLIO,9,E01004100,0,-1
2021141013011,2021,141013011,2,9,0,18,19,8,4,0,0,1,0,0,0,0,1,1,6,6,1,21,5,1149,1,20,RENAULT CLIO,8,E01007818,0,-1
2021010352256,2021,010352256,1,9,0,99,99,9,9,99,99,9,9,99,9,99,2,9,6,6,2,22,5,1149,1,13,RENAULT CLIO,10,E01031134,0,-1
2021231079793,2021,231079793,2,9,0,2,2,0,0,0,0,0,0,0,0,0,1,1,5,6,2,62,9,1390,1,14,RENAULT CLIO,6,E01031211,0,-1
2021041101983,2021,041101983,1,9,0,4,4,6,2,0,0,1,0,0,0,0,3,1,6,6,2,35,6,1461,2,5,RENAULT CLIO,1,E01012595,0,-1
2021451117574,2021,451117574,1,9,0,9,9,1,7,0,0,8,0,0,0,0,4,1,5,6,1,21,5,1149,1,12,RENAULT CLIO,3,E01030588,0,-1
202134WNC7441,2021,34WNC7441,1,9,0,9,9,5,3,0,0,6,0,0,3,0,4,1,2,2,1,28,6,1149,1,12,RENAULT CLIO,8,E01027193,0,-1
2021440426874,2021,440426874,1,9,0,18,19,7,3,0,0,6,0,0,0,0,3,1,6,6,1,36,7,1149,1,16,RENAULT CLIO,9,E01017178,0,-1
2021010338895,2021,010338895,1,9,0,9,9,1,7,0,0,2,0,0,0,0,4,1,6,6,2,19,4,1149,1,12,RENAULT CLIO,5,E01023324,0,-1
2021991062292,2021,991062292,1,9,0,7,7,8,2,0,0,1,0,0,0,0,4,1,6,6,2,21,5,1461,2,10,RENAULT CLIO,5,-1,0,-1
2021070488150,2021,070488150,2,9,0,7,7,3,5,0,0,5,0,0,1,10,4,1,6,6,2,37,7,1390,1,18,RENAULT CLIO,3,E01012511,0,-1
2021544464821,2021,544464821,2,9,0,2,2,0,0,0,0,0,0,0,0,0,2,1,6,6,3,30,6,1461,2,11,RENAULT CLIO,8,E01032712,0,-1
2021421075951,2021,421075951,1,9,0,18,19,1,5,0,0,0,2,0,1,0,4,1,6,6,2,41,7,1461,2,4,RENAULT CLIO,8,E01021881,0,-1
2021430431299,2021,430431299,1,9,0,18,19,6,2,0,0,0,0,0,0,0,3,1,6,6,1,21,5,1149,1,11,RENAULT CLIO,10,E01030511,0,-1
2021544388321,2021,544388321,1,9,0,7,7,7,1,0,0,2,0,0,1,11,1,1,6,6,1,45,7,1461,2,13,RENAULT CLIO,3,E01031975,0,-1
2021451110739,2021,451110739,1,9,0,18,19,1,5,0,0,1,1,0,0,0,1,1,5,6,1,18,4,1149,1,19,RENAULT CLIO,7,E01030576,0,-1
2021371084345,2021,371084345,1,9,0,1,1,1,7,0,0,0,0,0,0,0,2,1,6,6,1,56,9,1461,2,2,RENAULT CLIO,10,E01030050,0,-1
2021991048113,2021,991048113,1,9,0,18,19,4,8,0,0,0,0,0,7,0,1,1,5,6,2,20,4,1149,1,14,RENAULT CLIO,5,-1,0,-1
2021430127886,2021,430127886,2,9,0,3,3,0,0,0,0,2,0,0,0,0,2,1,6,6,2,69,10,1149,1,16,RENAULT CLIO,5,E01016771,0,-1
2021522103027,2021,522103027,1,9,0,18,19,6,2,9,9,0,0,0,7,0,1,1,6,6,3,30,6,1149,1,20,RENAULT CLIO,-1,-1,0,-1
2021010332047,2021,010332047,1,9,0,3,3,7,3,0,0,0,0,0,0,0,1,1,6,6,2,25,5,1149,1,14,RENAULT CLIO,1,E01003517,0,-1
2021522200119,2021,522200119,1,9,0,18,19,5,1,0,0,8,0,0,1,1,1,1,6,6,1,37,7,1598,1,12,RENAULT CLIO,3,E01014493,0,-1
2021201118563,2021,201118563,2,9,0,18,19,1,5,0,0,8,0,0,0,0,1,1,6,6,1,38,7,1149,1,15,RENAULT CLIO,4,E01031109,0,-1
2021401073627,2021,401073627,2,9,0,18,19,7,2,0,0,8,0,0,0,0,3,1,5,6,2,26,6,1149,1,11,RENAULT CLIO,-1,-1,0,-1
2021991073323,2021,991073323,1,9,0,17,19,1,5,0,0,0,2,10,1,4,1,1,6,6,1,24,5,1461,2,11,RENAULT CLIO,-1,-1,0,-1
2021451040705,2021,451040705,1,9,0,18,19,1,5,0,0,0,0,0,1,1,1,1,5,6,1,21,5,1149,1,3,RENAULT CLIO,4,E01001173,0,-1
2021052100435,2021,052100435,2,9,0,18,19,5,1,0,0,8,0,0,0,0,3,1,2,2,2,21,5,1998,1,16,RENAULT CLIO,3,E01007219,0,-1
2021411081595,2021,411081595,1,9,0,17,19,1,5,0,0,2,0,11,1,3,1,1,5,6,2,30,6,1461,2,6,RENAULT CLIO,6,E01023499,0,-1
2021201071609,2021,201071609,2,9,0,3,3,6,2,0,0,0,5,0,0,0,1,1,6,6,1,42,7,1461,2,11,RENAULT CLIO,6,E01029614,0,-1
2021131066027,2021,131066027,1,9,0,9,9,7,3,0,0,0,0,0,0,0,4,1,6,6,2,51,8,1461,2,7,RENAULT CLIO,4,E01011876,0,-1
2021501078324,2021,501078324,2,9,0,18,19,5,1,0,0,0,0,0,0,0,1,1,6,6,2,24,5,899,1,7,RENAULT CLIO,5,E01019924,0,-1
2021991020883,2021,991020883,1,9,0,18,19,7,3,0,0,8,1,0,0,0,4,1,2,2,2,30,6,1149,1,7,RENAULT CLIO,3,-1,0,-1
202131D067521,2021,31D067521,1,9,0,5,5,6,2,0,0,4,0,0,0,0,4,1,6,6,2,23,5,1461,2,11,RENAULT CLIO,6,E01027057,0,-1
2021421102413,2021,421102413,2,9,0,18,19,3,3,0,0,0,0,0,0,0,1,1,5,6,2,73,10,1149,1,10,RENAULT CLIO,5,E01021992,0,-1
2021052101170,2021,052101170,1,9,0,3,3,5,1,0,0,8,0,0,0,0,1,1,2,2,2,34,6,1149,1,9,RENAULT CLIO,5,E01007152,0,-1
2021622100612,2021,622100612,1,9,0,18,19,6,2,0,0,8,0,0,0,0,1,1,6,6,1,90,11,1149,1,14,RENAULT CLIO,10,W01001795,0,-1
2021430214674,2021,430214674,1,9,0,17,19,2,7,0,0,0,0,0,0,0,3,1,6,6,1,23,5,1149,1,13,RENAULT CLIO,8,E01017679,0,-1
2021052102763,2021,052102763,2,9,0,18,19,7,3,0,0,8,0,0,0,0,1,1,6,6,1,64,9,999,1,1,RENAULT CLIO,1,E01006821,0,-1
2021122100457,2021,122100457,2,9,0,7,7,7,3,0,0,1,0,0,0,0,0,1,6,6,2,30,6,1149,1,18,RENAULT CLIO,4,E01027811,0,-1
2021361073423,2021,361073423,1,9,0,9,9,3,1,0,0,2,0,0,0,0,4,1,5,6,1,29,6,1461,2,8,RENAULT CLIO,7,E01026883,0,-1
2021421126506,2021,421126506,1,9,0,9,9,2,1,0,0,5,0,0,0,0,1,1,6,6,1,25,5,1149,1,5,RENAULT CLIO,1,E01021317,0,-1
2021010306608,2021,010306608,1,9,9,99,99,9,9,99,99,0,9,99,9,99,9,9,6,6,1,40,7,1598,1,19,RENAULT CLIO,3,E01000089,0,-1
2021451055779,2021,451055779,5,9,0,18,19,3,7,0,0,1,0,0,1,0,2,1,5,6,1,24,5,1149,1,14,RENAULT CLIO,10,E01030967,0,-1
2021041056830,2021,041056830,1,9,0,17,19,7,4,0,0,7,0,0,0,0,1,1,2,2,1,20,4,1149,1,11,RENAULT CLIO,9,E01025512,0,-1
2021991099132,2021,991099132,1,9,0,9,9,6,4,0,0,8,0,0,7,11,3,1,5,6,1,33,6,1149,1,11,RENAULT CLIO,8,-1,0,-1
2021070481520,2021,070481520,2,9,0,3,3,2,6,0,0,1,0,0,0,0,2,1,6,6,2,18,4,1149,1,18,RENAULT CLIO,2,W01000318,0,-1
2021052101086,2021,052101086,1,9,0,5,5,4,2,0,0,0,0,0,0,0,4,1,6,6,2,75,10,1149,1,8,RENAULT CLIO,2,E01006709,0,-1
2021421085999,2021,421085999,1,9,0,6,6,2,7,0,0,0,0,0,0,0,3,1,6,6,2,23,5,1149,1,8,RENAULT CLIO,7,E01021361,0,-1
2021061083367,2021,061083367,1,9,0,18,19,2,5,0,0,8,0,0,0,0,3,1,6,6,1,25,5,1149,1,13,RENAULT CLIO,4,E01005673,0,-1
202134NNC2921,2021,34NNC2921,2,9,0,18,19,4,8,0,0,1,0,0,0,0,1,1,6,6,1,70,10,1598,1,11,RENAULT CLIO,7,E01027343,0,-1
2021010344983,2021,010344983,2,9,0,18,19,1,5,0,0,8,0,10,0,0,1,1,6,6,3,20,4,1461,2,7,RENAULT CLIO,-1,-1,0,-1
2021170S10231,2021,170S10231,1,9,0,9,9,8,6,0,0,8,0,0,0,0,1,1,6,6,1,27,6,1461,2,3,RENAULT CLIO,1,E01012268,0,-1
2021461046982,2021,461046982,1,9,0,18,19,3,7,0,0,0,0,0,0,0,4,1,6,6,2,64,9,1149,1,15,RENAULT CLIO,1,E01024683,0,-1
2021320706696,2021,320706696,2,9,0,18,19,8,4,0,0,0,0,0,0,0,2,1,6,6,2,32,6,1149,1,8,RENAULT CLIO,9,E01025779,0,-1
2021371062126,2021,371062126,2,9,0,16,19,4,3,0,0,7,0,0,0,0,2,1,3,7,2,40,7,1149,1,13,RENAULT CLIO,8,E01029883,0,-1