collision_index,collision_year,collision_ref_no,vehicle_reference,vehicle_type,towing_and_articulation,vehicle_manoeuvre_historic,vehicle_manoeuvre,vehicle_direction_from,vehicle_direction_to,vehicle_location_restricted_lane_historic,vehicle_location_restricted_lane,junction_location,skidding_and_overturning,hit_object_in_carriageway,vehicle_leaving_carriageway,hit_object_off_carriageway,first_point_of_impact,vehicle_left_hand_drive,journey_purpose_of_driver_historic,journey_purpose_of_driver,sex_of_driver,age_of_driver,age_band_of_driver,engine_capacity_cc,propulsion_code,age_of_vehicle,generic_make_model,driver_imd_decile,lsoa_of_driver,escooter_flag,driver_distance_banding
2021211074863,2021,211074863,1,9,0,4,4,7,5,0,0,0,0,0,0,0,4,1,1,1,2,20,4,1149,1,11,RENAULT CLIO,4,E01029588,0,-1
2021141050688,2021,141050688,1,9,0,18,19,4,8,0,0,0,0,0,0,0,1,1,6,6,2,35,6,1461,2,11,RENAULT CLIO,3,E01007528,0,-1
2021010307364,2021,010307364,1,9,0,5,5,0,1,0,0,1,0,0,0,0,1,1,6,6,1,50,8,1149,1,18,RENAULT CLIO,1,E01004459,0,-1
202106A079805,2021,06A079805,2,9,0,18,19,5,1,0,0,1,0,0,0,0,1,1,6,6,2,26,6,1149,1,10,RENAULT CLIO,4,E01005247,0,-1
2021161049883,2021,161049883,1,9,0,9,9,8,6,0,0,3,0,0,0,0,1,1,2,2,2,46,8,1149,1,7,RENAULT CLIO,6,E01012923,0,-1
2021131074651,2021,131074651,2,9,0,4,4,5,1,0,0,1,0,0,0,0,1,1,2,2,1,23,5,1149,1,17,RENAULT CLIO,6,E01011440,0,-1
2021031116137,2021,031116137,1,9,0,18,19,3,8,0,0,1,0,0,0,0,1,1,6,6,2,25,5,1149,1,10,RENAULT CLIO,3,E01019236,0,-1
2021161054606,2021,161054606,2,9,0,5,5,2,6,0,0,0,0,0,0,0,3,1,5,6,2,57,9,1149,1,21,RENAULT CLIO,5,E01012964,0,-1
2021501147005,2021,501147005,1,9,0,18,19,5,1,0,0,0,0,0,1,4,1,1,1,1,2,19,4,1149,1,14,RENAULT CLIO,4,E01015183,0,-1
2021471121649,2021,471121649,1,9,0,18,19,8,4,0,0,0,0,0,0,0,1,1,6,6,1,22,5,1149,1,5,RENAULT CLIO,1,E01020989,0,-1
2021421108363,2021,421108363,1,9,0,18,19,3,7,0,0,1,0,0,0,0,1,1,6,6,1,27,6,1149,1,10,RENAULT CLIO,2,E01015851,0,-1
2021471042702,2021,471042702,1,9,0,18,19,1,5,0,0,2,0,0,0,0,1,1,5,6,2,89,11,1390,1,19,RENAULT CLIO,7,E01031490,0,-1
2021440475955,2021,440475955,1,9,0,18,19,7,3,0,0,0,5,0,1,0,1,1,6,6,2,21,5,1149,1,8,RENAULT CLIO,10,E01023273,0,-1
2021622100495,2021,622100495,2,9,0,2,2,0,0,0,0,0,0,0,0,0,3,1,6,6,3,-1,-1,999,1,2,RENAULT CLIO,-1,-1,0,-1
2021010338547,2021,010338547,1,9,0,18,19,1,5,0,0,2,0,0,0,0,1,1,3,7,1,35,6,899,1,7,RENAULT CLIO,2,E01003912,0,-1
2021440197151,2021,440197151,1,9,0,17,19,4,8,0,0,0,2,0,1,0,1,1,2,2,1,20,4,1390,1,15,RENAULT CLIO,10,E01022521,0,-1
2021471034254,2021,471034254,2,9,0,18,19,7,4,0,0,0,0,0,0,0,1,1,5,6,1,27,6,1461,2,15,RENAULT CLIO,7,E01017792,0,-1
2021421113494,2021,421113494,2,9,0,18,19,8,4,0,0,0,0,0,0,0,3,1,5,6,2,21,5,1149,1,13,RENAULT CLIO,-1,-1,0,-1
2021440014373,2021,440014373,2,9,0,18,19,5,1,9,9,1,0,0,0,0,3,1,6,6,2,28,6,1390,1,14,RENAULT CLIO,4,E01023105,0,-1
2021471077119,2021,471077119,1,9,0,18,19,4,6,0,0,1,0,0,7,0,1,1,5,6,2,63,9,1149,1,7,RENAULT CLIO,6,E01031523,0,-1
2021010320135,2021,010320135,1,9,0,7,7,6,8,0,0,5,0,0,0,0,4,1,6,6,2,49,8,1149,1,6,RENAULT CLIO,6,E01004146,0,-1
202134WNC2881,2021,34WNC2881,2,9,0,18,19,5,1,0,0,8,0,0,0,0,1,1,2,2,1,23,5,1149,1,11,RENAULT CLIO,4,E01027012,0,-1
2021010320642,2021,010320642,2,9,0,18,19,5,1,0,0,8,0,0,0,0,2,1,6,6,1,49,8,1461,2,3,RENAULT CLIO,3,E01000586,0,-1
2021451069722,2021,451069722,2,9,0,4,4,1,5,0,0,1,1,0,0,0,1,1,5,6,2,60,9,1149,1,12,RENAULT CLIO,8,E01004073,0,-1
2021320571437,2021,320571437,1,9,0,18,19,1,5,0,0,2,0,0,0,0,1,1,6,6,2,18,4,1461,2,13,RENAULT CLIO,-1,-1,0,-1
2021061089633,2021,061089633,2,9,0,18,19,6,2,0,0,0,0,0,0,0,1,1,5,6,3,30,6,1149,1,17,RENAULT CLIO,-1,-1,0,-1
2021520101764,2021,520101764,1,9,0,18,19,8,4,0,0,0,0,0,0,0,2,1,6,6,1,62,9,-1,-1,-1,RENAULT CLIO,5,E01029336,0,-1
2021131074495,2021,131074495,2,9,0,4,4,2,6,0,0,1,0,0,0,0,2,1,5,6,1,28,6,1461,2,8,RENAULT CLIO,1,E01011366,0,-1
2021451086743,2021,451086743,2,9,0,18,19,5,1,0,0,0,0,0,0,0,1,1,5,6,2,23,5,899,1,7,RENAULT CLIO,8,E01030591,0,-1
2021161115037,2021,161115037,1,9,0,4,4,3,7,0,0,4,0,0,0,0,1,1,6,6,1,33,6,1390,1,15,RENAULT CLIO,2,E01012869,0,-1
2021141117714,2021,141117714,2,9,0,18,19,8,4,0,0,1,0,0,0,0,4,1,3,7,2,37,7,898,1,4,RENAULT CLIO,2,E01007324,0,-1
2021131096059,2021,131096059,1,9,0,15,15,1,3,2,2,1,1,0,0,0,1,1,6,6,1,26,6,1149,1,13,RENAULT CLIO,1,E01011094,0,-1
2021461097397,2021,461097397,2,9,0,18,19,1,7,0,0,1,0,7,1,0,1,1,5,6,2,71,10,1149,1,10,RENAULT CLIO,5,E01024494,0,-1
2021101019787,2021,101019787,1,9,0,4,4,6,8,0,0,0,0,0,0,0,1,1,6,6,1,30,6,1149,1,6,RENAULT CLIO,4,E01008771,0,-1
2021501109903,2021,501109903,2,9,0,7,7,1,3,0,0,0,0,0,0,0,1,1,2,2,2,36,7,1149,1,17,RENAULT CLIO,1,E01015046,0,-1
2021622100416,2021,622100416,1,9,0,5,5,2,6,0,0,1,0,0,0,0,1,1,2,2,2,52,8,1149,1,13,RENAULT CLIO,4,W01000996,0,-1
2021221073634,2021,221073634,1,9,0,16,19,1,7,0,0,0,0,0,0,0,1,1,5,6,2,18,4,1149,1,14,RENAULT CLIO,6,E01032288,0,-1
2021201118310,2021,201118310,1,9,0,18,19,3,6,0,0,0,0,0,0,0,1,1,6,6,2,20,4,1461,2,8,RENAULT CLIO,8,E01010507,0,-1
2021461102557,2021,461102557,1,9,0,4,4,5,1,0,0,0,0,0,0,0,0,1,6,6,2,38,7,898,1,4,RENAULT CLIO,7,E01024380,0,-1
2021131126360,2021,131126360,1,9,0,18,19,5,1,0,0,0,0,0,0,0,1,1,6,6,1,42,7,1390,1,14,RENAULT CLIO,1,E01011483,0,-1
2021170L21431,2021,170L21431,1,9,0,18,19,5,1,0,0,2,0,0,0,0,1,1,6,6,2,32,6,1149,1,11,RENAULT CLIO,6,E01033472,0,-1
2021201137253,2021,201137253,1,9,0,18,19,7,3,0,0,8,0,0,0,0,4,1,6,6,1,24,5,1461,2,11,RENAULT CLIO,1,E01010530,0,-1
2021010296403,2021,010296403,1,9,0,99,99,9,9,99,99,0,9,99,9,99,9,1,6,6,2,31,6,1390,1,15,RENAULT CLIO,3,E01001003,0,-1
2021041055330,2021,041055330,2,9,0,17,19,2,6,0,0,0,0,0,0,0,3,1,5,6,1,61,9,898,1,5,RENAULT CLIO,7,E01025130,0,-1
2021070287493,2021,070287493,1,9,0,3,3,6,2,0,0,4,0,0,0,0,0,1,6,6,2,54,8,1149,1,19,RENAULT CLIO,10,E01005815,0,-1
2021547007421,2021,547007421,2,9,0,18,19,4,8,0,0,1,5,0,0,0,1,1,6,6,2,21,5,1390,1,16,RENAULT CLIO,5,E01032103,0,-1
2021010311966,2021,010311966,1,9,0,18,19,5,1,0,0,8,0,0,0,0,1,1,6,6,1,20,4,899,1,6,RENAULT CLIO,7,E01001495,0,-1
2021471022036,2021,471022036,1,9,0,16,19,3,6,0,0,0,0,0,0,0,4,1,3,7,1,49,8,899,1,8,RENAULT CLIO,10,E01031703,0,-1
2021430213440,2021,430213440,2,9,0,1,1,1,5,6,6,2,0,0,0,0,2,1,6,6,1,-1,-1,1390,1,15,RENAULT CLIO,-1,-1,0,-1
2021430195120,2021,430195120,1,9,0,9,9,4,2,0,0,5,0,0,0,0,3,1,6,6,2,35,6,1461,2,7,RENAULT CLIO,10,E01016693,0,-1
2021411085829,2021,411085829,3,9,0,16,19,3,7,0,0,1,0,0,0,0,3,1,6,6,2,21,5,1149,1,9,RENAULT CLIO,9,E01023597,0,-1
202131B130121,2021,31B130121,1,9,0,18,19,3,7,0,0,8,0,0,0,0,1,1,6,6,1,20,4,1149,1,17,RENAULT CLIO,3,E01019506,0,-1
2021320239222,2021,320239222,1,9,0,10,10,8,6,0,0,8,0,0,0,0,1,1,6,6,1,40,7,1461,2,5,RENAULT CLIO,2,E01026378,0,-1
2021622100543,2021,622100543,1,9,0,9,9,4,2,0,0,5,0,0,0,0,1,1,2,2,1,31,6,1390,1,14,RENAULT CLIO,1,W01001762,0,-1
2021201148268,2021,201148268,2,9,0,2,2,0,0,0,0,0,0,0,0,0,1,1,6,6,1,-1,-1,1149,1,15,RENAULT CLIO,-1,-1,0,-1
2021141124880,2021,141124880,1,9,0,18,19,3,7,0,0,1,0,4,0,0,1,1,6,6,3,-1,-1,1149,1,14,RENAULT CLIO,-1,-1,0,-1
2021070624464,2021,070624464,1,9,0,7,7,7,1,0,0,3,0,0,0,0,3,1,6,6,2,33,6,898,1,5,RENAULT CLIO,8,E01012495,0,-1
2021622100684,2021,622100684,1,9,0,18,19,6,2,0,0,0,0,0,0,0,1,1,6,6,2,50,8,898,1,2,RENAULT CLIO,7,W01001003,0,-1
2021471031632,2021,471031632,1,9,0,18,19,6,2,0,0,8,1,0,1,0,1,1,2,2,1,26,6,1149,1,13,RENAULT CLIO,10,E01031619,0,-1
2021361144596,2021,361144596,2,9,0,4,4,4,8,0,0,1,0,0,0,0,2,1,1,1,1,20,4,1461,2,7,RENAULT CLIO,8,E01026913,0,-1
2021501121192,2021,501121192,2,9,0,18,19,3,7,0,0,1,0,0,0,0,3,1,6,6,1,89,11,1197,1,3,RENAULT CLIO,5,E01019947,0,-1
2021010303535,2021,010303535,2,9,0,99,99,9,9,99,99,4,9,99,9,99,9,9,6,6,1,18,4,1149,1,16,RENAULT CLIO,4,E01001672,0,-1
2021131074656,2021,131074656,1,9,0,12,12,3,7,0,0,0,2,0,0,0,4,1,5,6,2,39,7,1149,1,17,RENAULT CLIO,6,E01027578,0,-1
2021430021839,2021,430021839,1,9,0,7,7,4,5,0,0,5,0,0,0,0,1,1,6,6,1,33,6,1149,1,18,RENAULT CLIO,3,E01028452,0,-1
2021401085605,2021,401085605,1,9,0,1,1,2,6,0,0,0,0,0,0,0,2,1,6,6,3,-1,-1,1149,1,10,RENAULT CLIO,-1,-1,0,-1
2021041086733,2021,041086733,1,9,0,9,9,5,1,0,0,1,0,0,0,0,4,1,5,6,1,52,8,1149,1,9,RENAULT CLIO,10,E01025327,0,-1
2021440311414,2021,440311414,1,9,0,17,19,1,2,0,0,0,2,0,0,0,0,1,6,6,1,17,4,1149,1,15,RENAULT CLIO,6,E01033239,0,-1
2021221020928,2021,221020928,1,9,0,18,19,6,2,0,0,1,0,0,0,0,4,1,5,6,2,18,4,1149,1,12,RENAULT CLIO,4,E01032440,0,-1
2021451023379,2021,451023379,1,9,0,18,19,1,1,0,0,1,0,0,0,0,2,1,5,6,2,27,6,898,1,2,RENAULT CLIO,5,E01030739,0,-1
202163A031921,2021,63A031921,1,9,0,18,19,4,8,0,0,0,2,0,0,0,0,1,6,6,2,24,5,899,1,7,RENAULT CLIO,6,W01000667,0,-1
2021201065970,2021,201065970,1,9,0,18,19,-1,-1,0,0,8,0,0,0,0,1,1,6,6,1,-1,-1,1461,2,6,RENAULT CLIO,5,E01010402,0,-1
2021061109724,2021,061109724,1,9,0,9,9,7,3,0,0,4,0,0,0,0,3,1,5,6,2,28,6,898,1,5,RENAULT CLIO,4,E01012394,0,-1
2021131068173,2021,131068173,3,9,0,18,19,2,2,0,0,0,0,0,0,0,1,1,5,6,1,28,6,1998,1,14,RENAULT CLIO,8,E01011684,0,-1
2021161097721,2021,161097721,2,9,0,9,9,3,1,0,0,2,0,0,0,0,1,1,6,6,1,21,5,1390,1,14,RENAULT CLIO,1,E01013300,0,-1
2021041026205,2021,041026205,1,9,0,5,5,1,5,0,0,3,0,0,0,0,1,1,6,6,1,29,6,1149,1,8,RENAULT CLIO,5,E01012706,0,-1
2021010352390,2021,010352390,1,9,0,99,99,9,9,0,0,8,0,0,0,0,3,9,6,6,2,72,10,1149,1,9,RENAULT CLIO,7,E01023196,0,-1
2021421058943,2021,421058943,1,9,0,16,19,5,1,0,0,0,0,0,0,0,3,1,5,6,2,18,4,1149,1,12,RENAULT CLIO,1,E01021500,0,-1
2021501095336,2021,501095336,1,9,0,18,19,1,5,0,0,0,0,0,0,0,1,1,5,6,2,35,6,1461,2,10,RENAULT SCENIC,5,E01028886,0,-1
2021302100274,2021,302100274,2,9,0,18,19,2,6,0,0,1,0,0,0,0,1,1,6,6,1,36,7,1598,1,14,RENAULT SCENIC,2,E01013597,0,-1
2021421064915,2021,421064915,1,9,0,18,19,1,5,0,0,8,0,0,0,0,1,1,6,6,3,20,4,1598,1,15,RENAULT SCENIC,-1,-1,0,-1
2021461034879,2021,461034879,1,9,0,18,19,1,5,0,0,1,0,0,0,0,1,1,5,6,2,28,6,1461,2,8,RENAULT SCENIC,10,E01024365,0,-1
2021201078456,2021,201078456,1,9,0,18,19,5,3,0,0,1,0,0,0,0,1,1,6,6,2,29,6,1598,1,13,RENAULT SCENIC,2,E01009075,0,-1
2021520102016,2021,520102016,1,9,0,18,19,3,6,0,0,3,0,0,0,0,4,1,6,6,1,36,7,1598,1,14,RENAULT SCENIC,1,E01029293,0,-1
2021161097513,2021,161097513,1,9,0,18,19,6,2,0,0,8,0,0,0,0,1,1,2,2,2,63,9,1749,2,2,RENAULT SCENIC,7,E01013150,0,-1
2021041012946,2021,041012946,1,9,0,16,19,1,5,0,0,1,0,0,0,0,1,1,2,2,1,45,7,1461,2,9,RENAULT SCENIC,2,E01024902,0,-1
2021041149397,2021,041149397,1,9,0,18,19,5,1,0,0,1,0,0,0,0,0,1,1,1,1,36,7,1598,1,16,RENAULT SCENIC,1,E01024925,0,-1
2021131099038,2021,131099038,2,9,0,18,19,7,3,0,0,0,0,0,0,0,0,1,2,2,1,46,8,1461,2,11,RENAULT SCENIC,2,E01011481,0,-1
2021311120730,2021,311120730,2,9,0,4,4,1,5,0,0,1,0,0,0,0,2,1,5,6,2,33,6,1461,2,13,RENAULT SCENIC,1,E01013954,0,-1
2021010297752,2021,010297752,1,9,0,99,99,9,9,99,99,9,9,99,9,99,3,9,2,2,2,35,6,1598,1,14,RENAULT SCENIC,3,E01002542,0,-1
2021991125539,2021,991125539,3,9,0,2,2,0,0,6,6,0,0,0,0,0,3,1,6,6,3,-1,-1,1598,1,13,RENAULT SCENIC,-1,-1,0,-1
2021991056608,2021,991056608,1,9,0,9,9,1,7,0,0,1,0,0,0,0,1,1,3,7,1,41,7,1598,1,14,RENAULT SCENIC,5,-1,0,-1
2021351042892,2021,351042892,2,9,0,3,3,3,7,0,0,0,0,0,0,0,3,1,6,6,1,44,7,1461,2,10,RENAULT SCENIC,3,E01015668,0,-1
2021070275619,2021,070275619,1,9,0,9,9,4,6,0,0,0,0,0,0,0,1,1,6,6,1,26,6,1598,1,15,RENAULT SCENIC,4,E01012523,0,-1
2021440500123,2021,440500123,1,9,0,5,5,5,4,0,0,0,0,0,0,0,1,1,6,6,1,86,11,1995,2,11,RENAULT SCENIC,5,E01017338,0,-1
2021010320739,2021,010320739,2,9,0,99,99,9,9,99,99,9,9,99,9,99,9,9,6,6,3,-1,-1,1598,1,15,RENAULT SCENIC,4,E01001182,0,-1
2021430167274,2021,430167274,1,9,0,18,19,1,5,0,0,0,0,0,0,0,1,1,6,6,1,25,5,1998,1,14,RENAULT SCENIC,10,E01017647,0,-1
2021451086014,2021,451086014,1,9,0,9,9,2,8,0,0,8,0,0,0,0,3,1,5,6,1,87,11,1461,2,7,RENAULT SCENIC,10,E01030891,0,-1
2021010305183,2021,010305183,2,9,0,99,99,9,9,99,99,9,9,99,9,99,9,9,6,6,3,-1,-1,1461,2,9,RENAULT SCENIC,-1,-1,0,-1
2021010298988,2021,010298988,1,9,0,99,99,9,9,99,99,9,9,99,9,99,9,9,6,6,3,-1,-1,1461,2,14,RENAULT SCENIC,5,E01003314,0,-1
2021461030682,2021,461030682,2,9,0,18,19,5,1,0,0,5,0,0,0,0,1,1,6,6,2,36,7,1998,1,15,RENAULT SCENIC,5,E01024495,0,-1
2021411046459,2021,411046459,1,9,0,18,19,1,5,0,0,2,0,0,0,0,1,1,6,6,1,36,7,1461,2,13,RENAULT SCENIC,2,E01015787,0,-1
2021461033833,2021,461033833,2,9,0,4,4,4,8,0,0,1,0,0,0,0,4,1,5,6,2,40,7,1598,1,9,RENAULT SCENIC,6,E01032824,0,-1
2021231113605,2021,231113605,2,9,0,9,9,5,3,0,0,8,0,0,0,0,4,1,5,6,2,33,6,1461,2,7,RENAULT SCENIC,3,E01031065,0,-1
2021501078095,2021,501078095,2,9,0,18,19,3,7,0,0,0,0,0,0,0,1,1,5,6,2,57,9,1998,1,13,RENAULT SCENIC,4,E01002016,0,-1
2021351052151,2021,351052151,1,9,0,18,19,3,7,0,0,0,0,0,0,0,1,1,1,1,1,47,8,1598,1,13,RENAULT SCENIC,5,E01018226,0,-1
2021501203378,2021,501203378,2,9,0,18,19,1,5,0,0,0,0,0,0,0,1,1,2,2,1,43,7,1598,2,8,RENAULT SCENIC,8,E01019908,0,-1
2021111019290,2021,111019290,2,9,0,7,7,2,4,0,0,0,0,0,0,0,2,1,2,2,1,39,7,1461,2,17,RENAULT SCENIC,1,E01012266,0,-1
2021430131013,2021,430131013,1,9,0,18,19,6,2,0,0,0,0,0,1,1,1,1,6,6,1,46,8,1461,2,15,RENAULT SCENIC,-1,-1,0,-1
2021461113721,2021,461113721,1,9,0,18,19,7,1,0,0,1,0,0,0,0,1,1,6,6,2,74,10,1598,1,16,RENAULT SCENIC,9,E01024112,0,-1
2021101032758,2021,101032758,2,9,0,3,3,6,2,0,0,0,0,0,0,0,2,1,6,6,2,56,9,1598,1,12,RENAULT SCENIC,9,E01008722,0,-1
2021421114900,2021,421114900,2,9,0,18,19,5,1,0,0,8,0,0,0,0,1,1,5,6,1,54,8,1461,2,15,RENAULT SCENIC,2,E01021851,0,-1
2021351044003,2021,351044003,2,9,0,10,10,5,3,0,0,0,0,0,0,0,3,1,2,2,1,48,8,1461,2,10,RENAULT SCENIC,3,E01015665,0,-1
2021361093931,2021,361093931,2,9,0,18,19,7,3,0,0,8,0,0,0,0,4,1,5,6,2,54,8,1461,2,16,RENAULT SCENIC,6,E01026612,0,-1
2021991062558,2021,991062558,1,9,0,18,19,3,7,0,0,1,5,0,0,0,1,1,5,6,2,69,10,1461,2,11,RENAULT SCENIC,3,E01022134,0,-1
2021101050928,2021,101050928,2,9,0,7,7,5,8,0,0,8,0,0,0,0,4,1,3,7,1,44,7,1390,1,15,RENAULT SCENIC,4,E01027550,0,-1
2021010329134,2021,010329134,2,9,0,5,5,1,5,0,0,1,0,0,0,0,3,2,6,6,1,21,5,1598,1,12,RENAULT SCENIC,7,E01001383,0,-1
2021061053602,2021,061053602,1,9,0,18,19,8,4,0,0,0,0,0,0,0,3,1,6,6,1,50,8,1390,1,17,RENAULT SCENIC,2,E01006241,0,-1
2021010340754,2021,010340754,7,9,0,2,2,0,0,0,0,0,0,0,0,0,4,1,6,6,3,-1,-1,1998,1,15,RENAULT SCENIC,-1,-1,0,-1
2021161080471,2021,161080471,4,9,0,18,19,1,5,0,0,0,1,0,0,0,1,1,5,6,1,30,6,1598,1,15,RENAULT SCENIC,1,E01012780,0,-1
2021320655727,2021,320655727,1,9,0,7,7,5,3,0,0,6,0,0,0,0,3,1,2,2,2,40,7,1598,1,15,RENAULT SCENIC,7,E01026208,0,-1
202131D064621,2021,31D064621,1,9,0,18,19,5,1,0,0,1,1,0,1,0,3,1,6,6,2,42,7,1461,2,11,RENAULT SCENIC,2,E01028304,0,-1
2021211048225,2021,211048225,1,9,0,14,14,7,3,0,0,1,0,0,0,0,4,1,6,6,1,74,10,1598,1,11,RENAULT SCENIC,8,E01019517,0,-1
2021461061604,2021,461061604,1,9,-1,-1,-1,-1,-1,-1,-1,0,-1,-1,-1,0,-1,1,6,6,1,-1,-1,1461,2,12,RENAULT SCENIC,7,E01024743,0,-1
2021101125852,2021,101125852,1,9,0,18,19,2,6,0,0,2,0,0,0,0,1,1,6,6,1,40,7,1598,1,13,RENAULT SCENIC,-1,-1,0,-1
2021451032783,2021,451032783,1,9,0,17,19,4,1,0,0,0,1,11,0,0,1,1,5,6,1,86,11,1598,1,14,RENAULT SCENIC,8,E01030528,0,-1
2021991093599,2021,991093599,1,9,0,16,19,8,4,0,0,0,1,0,0,0,1,1,2,2,2,40,7,1598,1,14,RENAULT SCENIC,4,-1,0,-1
2021221082092,2021,221082092,2,9,0,18,19,5,1,0,0,0,0,0,0,0,1,1,5,6,2,41,7,1598,1,17,RENAULT SCENIC,8,E01029277,0,-1
2021201049290,2021,201049290,1,9,0,18,19,6,2,0,0,8,5,10,1,2,1,1,6,6,1,38,7,1598,1,15,RENAULT SCENIC,2,E01010425,0,-1
2021552100747,2021,552100747,1,9,0,18,19,6,2,0,0,4,1,0,1,0,1,1,2,2,2,42,7,1461,2,10,RENAULT SCENIC,10,E01023072,0,-1
2021991062961,2021,991062961,2,9,0,5,5,4,3,0,0,1,0,0,0,0,1,1,2,2,1,47,8,1598,1,14,RENAULT SCENIC,6,-1,0,-1
2021501136916,2021,501136916,3,9,0,18,19,5,3,0,0,0,0,0,0,0,1,1,6,6,1,60,9,1461,2,10,RENAULT SCENIC,6,E01018967,0,-1
2021461101104,2021,461101104,2,9,0,16,19,6,8,0,0,0,0,0,0,0,3,1,2,2,1,39,7,1461,2,6,RENAULT SCENIC,7,E01024801,0,-1
202163B086821,2021,63B086821,2,9,0,12,12,2,6,0,0,2,0,0,1,9,1,1,6,6,1,57,9,1598,1,18,RENAULT SCENIC,9,W01000534,0,-1
2021552100985,2021,552100985,3,9,0,18,19,3,7,0,0,0,1,0,0,0,1,1,6,6,1,61,9,1461,2,13,RENAULT SCENIC,4,E01020571,0,-1
2021461088774,2021,461088774,1,9,0,4,4,3,7,0,0,0,0,0,0,0,3,1,5,6,1,28,6,1390,1,15,RENAULT SCENIC,2,E01024496,0,-1
2021061049516,2021,061049516,1,9,0,18,19,1,5,0,0,0,0,0,0,0,3,1,1,1,1,29,6,1390,1,13,RENAULT SCENIC,1,E01012403,0,-1
2021010329149,2021,010329149,3,9,0,3,3,5,1,0,0,6,0,0,0,0,1,1,6,6,1,25,5,1598,1,13,RENAULT SCENIC,4,E01000997,0,-1
2021041036479,2021,041036479,2,9,0,18,19,5,1,0,0,1,0,0,0,0,0,1,5,6,2,37,7,1598,1,13,RENAULT SCENIC,3,E01024891,0,-1
202163D071921,2021,63D071921,1,9,0,9,9,1,7,0,0,6,0,0,3,10,3,1,6,6,2,56,9,1461,2,7,RENAULT SCENIC,6,E01029640,0,-1
2021010330477,2021,010330477,2,9,0,2,2,0,0,9,9,1,0,0,0,0,1,1,6,6,3,-1,-1,1598,1,13,RENAULT SCENIC,-1,-1,0,-1
2021201115739,2021,201115739,2,9,0,18,19,2,7,0,0,0,0,10,0,0,3,1,6,6,1,35,6,1598,1,13,RENAULT SCENIC,8,E01009904,0,-1
2021552100282,2021,552100282,1,9,0,11,11,2,6,0,0,8,0,0,0,0,4,1,6,6,2,69,10,1461,2,6,RENAULT SCENIC,-1,-1,0,-1
2021531057976,2021,531057976,2,9,0,3,3,-1,-1,0,0,0,0,0,0,0,2,1,5,6,2,60,9,1598,1,8,RENAULT SCENIC,3,E01022256,0,-1
2021201116597,2021,201116597,2,9,0,18,19,6,2,0,0,8,0,10,1,10,1,1,6,6,1,36,7,1461,2,10,RENAULT SCENIC,1,E01008962,0,-1
2021010294436,2021,010294436,1,9,0,18,19,5,1,0,0,0,0,0,0,0,1,1,2,2,1,22,5,1461,2,10,RENAULT SCENIC,10,E01023550,0,-1
2021052101583,2021,052101583,1,9,0,18,19,5,1,0,0,0,0,0,0,0,1,1,6,6,3,-1,-1,1461,2,8,RENAULT SCENIC,-1,-1,0,-1
2021471085165,2021,471085165,1,9,0,11,11,3,7,0,0,1,0,0,0,0,4,1,6,6,3,35,6,1598,1,14,RENAULT SCENIC,9,E01031395,0,-1
2021010341691,2021,010341691,2,9,0,99,99,9,9,99,99,0,9,99,9,99,1,9,6,6,3,-1,-1,1598,1,13,RENAULT SCENIC,3,E01004446,0,-1
2021122100182,2021,122100182,1,9,0,18,19,8,4,0,0,8,0,0,1,11,1,1,6,6,2,56,9,1598,1,15,RENAULT SCENIC,8,E01027887,0,-1
202131C134021,2021,31C134021,1,9,0,18,19,4,8,0,0,0,0,0,0,0,1,1,6,6,1,-1,-1,1870,2,14,RENAULT SCENIC,-1,-1,0,-1
2021010332418,2021,010332418,2,9,0,99,99,9,9,99,99,9,9,99,9,99,1,9,6,6,3,-1,-1,1461,2,7,RENAULT SCENIC,9,E01003892,0,-1
2021520105623,2021,520105623,1,9,0,3,3,2,6,0,0,8,0,0,0,0,2,1,6,6,2,65,9,1461,2,10,RENAULT SCENIC,5,E01029081,0,-1
2021401071806,2021,401071806,1,9,0,7,7,7,2,0,0,6,0,0,0,0,1,1,5,6,2,32,6,1598,1,16,RENAULT SCENIC,4,E01015796,0,-1
2021501020025,2021,501020025,3,9,0,4,4,8,4,0,0,0,0,0,0,0,1,1,6,6,1,38,7,1870,2,14,RENAULT SCENIC,5,E01015179,0,-1
2021161016375,2021,161016375,1,9,0,18,19,2,6,0,0,0,5,0,7,11,1,1,6,6,1,34,6,1461,2,15,RENAULT SCENIC,3,E01012872,0,-1
2021320260574,2021,320260574,4,9,0,3,3,6,2,0,0,0,0,0,0,0,2,1,6,6,1,60,9,1461,2,5,RENAULT SCENIC,2,E01015608,0,-1
2021401070197,2021,401070197,1,9,0,9,9,5,3,0,0,4,0,0,0,0,4,1,6,6,2,29,6,1461,2,11,RENAULT SCENIC,7,E01017423,0,-1
2021461025808,2021,461025808,1,9,0,18,19,6,2,0,0,0,0,0,0,0,1,1,6,6,2,21,5,1598,1,14,RENAULT SCENIC,6,E01024065,0,-1
2021111093990,2021,111093990,1,9,0,9,9,8,5,0,0,8,0,0,0,0,1,1,2,2,2,35,6,1461,2,8,RENAULT SCENIC,-1,-1,0,-1