collision_index,collision_year,collision_ref_no,vehicle_reference,vehicle_type,towing_and_articulation,vehicle_manoeuvre_historic,vehicle_manoeuvre,vehicle_direction_from,vehicle_direction_to,vehicle_location_restricted_lane_historic,vehicle_location_restricted_lane,junction_location,skidding_and_overturning,hit_object_in_carriageway,vehicle_leaving_carriageway,hit_object_off_carriageway,first_point_of_impact,vehicle_left_hand_drive,journey_purpose_of_driver_historic,journey_purpose_of_driver,sex_of_driver,age_of_driver,age_band_of_driver,engine_capacity_cc,propulsion_code,age_of_vehicle,generic_make_model,driver_imd_decile,lsoa_of_driver,escooter_flag,driver_distance_banding
2021010293996,2021,010293996,2,9,0,2,2,0,0,0,0,0,0,4,0,0,2,1,6,6,3,-1,-1,1598,1,14,RENAULT SCENIC,-1,-1,0,-1
2021161032259,2021,161032259,1,9,0,17,19,3,8,0,0,0,5,0,1,4,1,1,5,6,1,29,6,1461,2,11,RENAULT SCENIC,1,E01031404,0,-1
2021061055156,2021,061055156,1,9,0,13,13,1,5,0,0,2,0,0,0,0,4,1,6,6,1,19,4,1598,1,14,RENAULT SCENIC,-1,-1,0,-1
2021501080352,2021,501080352,1,9,0,4,4,6,1,0,0,2,0,0,0,0,1,1,6,6,2,75,10,1598,1,10,RENAULT SCENIC,7,E01019010,0,-1
202131D089421,2021,31D089421,2,9,0,3,3,1,5,0,0,1,0,0,0,0,2,1,6,6,2,37,7,1461,2,14,RENAULT SCENIC,7,E01019490,0,-1
2021101032447,2021,101032447,2,9,0,2,2,0,0,0,0,8,0,0,0,0,3,1,6,6,3,-1,-1,1461,2,7,RENAULT SCENIC,-1,-1,0,-1
2021471068692,2021,471068692,1,9,0,18,19,4,8,0,0,8,0,0,0,0,3,1,6,6,1,40,7,1461,2,13,RENAULT SCENIC,2,E01031432,0,-1
2021440218025,2021,440218025,2,9,0,18,19,7,3,0,0,8,0,0,0,0,1,1,6,6,1,65,9,1461,2,7,RENAULT SCENIC,10,E01022606,0,-1
2021010343108,2021,010343108,1,9,0,9,9,4,2,0,0,1,0,0,0,0,3,1,2,2,2,27,6,1330,1,3,RENAULT SCENIC,9,E01000831,0,-1
2021201076509,2021,201076509,2,9,0,18,19,8,6,0,0,8,0,0,0,0,3,1,6,6,1,34,6,1598,1,16,RENAULT SCENIC,2,E01010446,0,-1
2021061041546,2021,061041546,2,9,0,18,19,3,7,0,0,0,0,0,0,0,1,1,6,6,1,30,6,1461,2,16,RENAULT SCENIC,-1,-1,0,-1
2021991119340,2021,991119340,1,9,0,2,2,7,3,0,0,0,0,0,0,0,1,1,5,6,1,91,11,1598,1,14,RENAULT SCENIC,-1,-1,0,-1
2021061109346,2021,061109346,1,9,0,11,11,7,3,0,0,0,5,0,2,7,1,1,6,6,1,43,7,1598,1,16,RENAULT SCENIC,1,E01005113,0,-1
2021531111430,2021,531111430,1,9,0,16,19,4,8,0,0,0,0,0,0,0,4,1,6,6,2,46,8,1461,2,11,RENAULT SCENIC,4,E01022424,0,-1
2021501108583,2021,501108583,1,9,0,18,19,3,7,0,0,0,0,0,0,0,1,1,6,6,1,82,11,1461,2,16,RENAULT SCENIC,3,E01018799,0,-1
2021421018232,2021,421018232,2,9,0,4,4,5,1,0,0,0,0,0,0,0,1,1,5,6,2,54,8,1598,1,11,RENAULT SCENIC,10,E01021447,0,-1
2021052101808,2021,052101808,1,9,0,18,19,8,4,0,0,0,0,0,0,0,0,1,6,6,2,46,8,1598,1,14,RENAULT SCENIC,1,E01007238,0,-1
2021451081662,2021,451081662,1,9,0,7,7,3,6,0,0,1,0,0,0,0,1,1,5,6,2,20,4,1461,2,9,RENAULT SCENIC,10,E01030906,0,-1
2021010349723,2021,010349723,1,9,0,16,19,5,1,0,0,1,1,0,1,3,3,1,6,6,1,42,7,1598,1,13,RENAULT SCENIC,2,E01002029,0,-1
2021201103298,2021,201103298,1,9,0,9,9,2,8,0,0,3,0,0,0,0,4,1,6,6,1,46,8,1461,2,11,RENAULT SCENIC,4,E01009518,0,-1
2021501058451,2021,501058451,2,9,0,2,2,0,0,7,6,0,0,0,0,0,1,1,6,6,1,33,6,1598,1,15,RENAULT SCENIC,4,E01020284,0,-1
2021111056247,2021,111056247,2,9,0,3,3,7,3,0,0,1,0,0,0,0,2,1,5,6,2,32,6,1598,1,14,RENAULT SCENIC,3,E01020599,0,-1
2021471034156,2021,471034156,1,9,0,18,19,1,5,0,0,0,0,0,0,0,4,1,5,6,1,50,8,1461,2,6,RENAULT SCENIC,8,E01021107,0,-1
2021061137851,2021,061137851,1,9,0,10,10,1,7,0,0,8,0,0,0,0,2,1,6,6,2,70,10,1461,2,8,RENAULT SCENIC,6,E01004981,0,-1
2021061055060,2021,061055060,1,9,0,18,19,3,7,0,0,1,0,0,0,0,1,1,6,6,2,30,6,1995,2,13,RENAULT SCENIC,-1,-1,0,-1
2021421088181,2021,421088181,2,9,0,3,3,2,6,0,0,0,0,0,0,0,2,1,6,6,2,34,6,1998,1,13,RENAULT SCENIC,3,E01021300,0,-1
2021061064797,2021,061064797,2,9,0,18,19,6,2,0,0,1,0,0,0,0,1,1,6,6,1,30,6,1461,2,10,RENAULT SCENIC,1,E01004801,0,-1
2021461033951,2021,461033951,1,9,0,8,8,2,3,0,0,6,0,0,0,0,4,1,5,6,1,74,10,1461,2,12,RENAULT SCENIC,4,E01015903,0,-1
2021221058690,2021,221058690,1,9,0,5,5,5,3,0,0,6,0,0,0,0,3,1,2,2,1,26,6,1598,1,14,RENAULT SCENIC,8,E01032338,0,-1
2021010329267,2021,010329267,2,9,0,99,99,9,9,99,99,9,9,99,9,99,9,9,6,6,1,33,6,1598,1,15,RENAULT SCENIC,4,E01003282,0,-1
2021201149540,2021,201149540,2,9,0,12,12,8,4,0,0,1,0,0,0,0,3,1,1,1,3,43,7,1461,2,6,RENAULT SCENIC,2,E01010020,0,-1
2021052102628,2021,052102628,2,9,0,18,19,1,5,0,0,0,0,0,0,0,1,1,6,6,2,54,8,1397,1,12,RENAULT SCENIC,4,E01007230,0,-1
2021052100955,2021,052100955,1,9,0,18,19,8,4,0,0,0,0,0,0,0,1,1,2,2,2,57,9,1461,2,8,RENAULT SCENIC,1,E01006919,0,-1
2021201115502,2021,201115502,3,9,0,2,2,0,0,0,0,2,0,4,0,0,1,1,5,6,1,60,9,1598,1,13,RENAULT SCENIC,-1,-1,0,-1
2021430222476,2021,430222476,1,9,0,13,13,8,4,0,0,0,0,0,0,0,0,1,6,6,1,55,8,1461,2,13,RENAULT SCENIC,7,E01028484,0,-1
2021531046410,2021,531046410,1,9,0,5,5,-1,-1,8,6,0,0,0,0,0,1,1,5,6,2,39,7,1461,2,4,RENAULT SCENIC,8,E01032938,0,-1
2021041069354,2021,041069354,2,9,0,18,19,5,1,0,0,1,0,0,0,0,1,1,5,6,1,34,6,1461,2,11,RENAULT SCENIC,2,E01006356,0,-1
2021371040058,2021,371040058,1,9,0,9,9,5,2,0,0,8,0,0,0,0,4,1,5,6,2,73,10,1461,2,9,RENAULT SCENIC,4,E01030236,0,-1
2021320623401,2021,320623401,1,9,0,9,9,8,6,0,0,8,0,0,0,0,4,1,6,6,1,57,9,1461,2,6,RENAULT SCENIC,4,E01026278,0,-1
2021351129492,2021,351129492,1,9,0,16,19,5,1,0,0,2,0,0,0,0,3,1,6,6,1,47,8,1461,2,14,RENAULT SCENIC,2,E01015632,0,-1
2021361107196,2021,361107196,1,9,0,18,19,8,4,0,0,0,0,0,0,0,1,1,6,6,3,-1,-1,1461,2,13,RENAULT SCENIC,-1,-1,0,-1
2021461066374,2021,461066374,1,9,0,5,5,7,3,0,0,1,0,0,0,0,4,1,6,6,2,33,6,1461,2,11,RENAULT SCENIC,6,E01023985,0,-1
2021070883009,2021,070883009,1,9,0,3,3,3,7,0,0,0,0,0,0,0,1,1,6,6,2,-1,-1,1461,2,10,RENAULT SCENIC,-1,-1,0,-1
2021622100676,2021,622100676,1,9,0,18,19,8,4,0,0,0,0,0,0,0,3,1,1,1,1,30,6,1598,1,15,RENAULT SCENIC,2,W01001210,0,-1
2021041048474,2021,041048474,2,9,0,18,19,5,1,0,0,1,0,0,0,0,1,1,2,2,1,57,9,1598,1,16,RENAULT SCENIC,2,E01025274,0,-1
2021221018979,2021,221018979,2,9,0,3,3,7,3,0,0,0,0,0,0,0,2,1,5,6,2,37,7,1390,1,13,RENAULT SCENIC,8,E01032218,0,-1
2021221019198,2021,221019198,2,9,0,9,9,4,2,0,0,6,0,0,0,0,1,1,5,6,1,33,6,1461,2,15,RENAULT SCENIC,1,E01032471,0,-1
2021411040444,2021,411040444,2,9,0,4,4,3,7,0,0,1,0,0,0,0,2,1,6,6,1,66,10,1598,1,15,RENAULT SCENIC,9,E01033609,0,-1
2021010301350,2021,010301350,2,9,0,3,3,5,1,0,0,1,0,0,0,0,2,1,6,6,2,41,7,1598,1,15,RENAULT SCENIC,9,E01031723,0,-1
2021471063467,2021,471063467,2,9,0,4,4,4,8,0,0,0,0,0,0,0,2,1,6,6,2,51,8,1598,1,15,RENAULT SCENIC,7,E01017050,0,-1
2021170S21831,2021,170S21831,2,9,0,18,19,8,3,0,0,4,0,0,1,9,3,1,6,6,2,25,5,1598,1,16,RENAULT SCENIC,1,E01012150,0,-1
2021122101257,2021,122101257,2,9,0,18,19,6,2,0,0,8,0,0,0,0,4,1,6,6,1,47,8,1461,2,11,RENAULT SCENIC,-1,-1,0,-1
2021201076094,2021,201076094,1,9,0,17,19,1,6,0,0,0,0,0,0,0,1,1,6,6,1,60,9,1870,2,13,RENAULT SCENIC,1,E01009132,0,-1
2021991060035,2021,991060035,2,9,0,2,2,0,0,0,0,0,0,0,0,0,2,1,6,6,3,-1,-1,1598,1,16,RENAULT SCENIC,-1,-1,0,-1
2021131112457,2021,131112457,1,9,0,18,19,3,5,0,0,8,0,0,0,0,4,1,5,6,1,44,7,1461,2,11,RENAULT SCENIC,1,E01011429,0,-1
2021461057728,2021,461057728,1,9,0,5,5,7,5,0,0,1,0,0,0,0,1,1,3,7,2,44,7,1461,2,10,RENAULT SCENIC,-1,-1,0,-1
2021221056274,2021,221056274,1,9,0,18,19,2,6,0,0,0,0,0,0,0,4,1,5,6,1,34,6,1461,2,9,RENAULT SCENIC,4,E01029010,0,-1
2021041106033,2021,041106033,2,9,0,18,19,5,4,0,0,4,0,0,0,0,1,1,6,6,1,57,9,1598,1,14,RENAULT SCENIC,4,E01012607,0,-1
2021451020028,2021,451020028,1,9,0,5,5,3,7,0,0,2,0,0,0,0,1,1,5,6,1,92,11,1461,2,8,RENAULT SCENIC,9,E01030705,0,-1
2021131108175,2021,131108175,1,9,0,18,19,1,1,0,0,8,0,0,0,0,4,2,5,6,1,57,9,1461,2,11,RENAULT SCENIC,1,E01011433,0,-1
2021471084256,2021,471084256,1,9,0,12,12,5,1,0,0,0,0,0,0,0,3,1,6,6,1,-1,-1,1870,2,14,RENAULT SCENIC,1,E01016964,0,-1
2021161069616,2021,161069616,1,9,0,5,5,3,7,0,0,4,0,0,0,0,3,1,5,6,1,63,9,1461,2,7,RENAULT SCENIC,6,E01013178,0,-1
202131A106821,2021,31A106821,2,9,0,16,19,4,6,0,0,0,0,0,0,0,2,1,6,6,1,78,11,1461,2,10,RENAULT SCENIC,3,E01028258,0,-1
2021010295342,2021,010295342,2,9,0,99,99,9,9,99,99,9,9,99,9,99,1,9,6,6,3,50,8,1598,1,10,RENAULT SCENIC,4,E01002798,0,-1
2021552200275,2021,552200275,1,9,0,3,3,1,5,0,0,1,0,0,0,0,2,1,6,6,1,33,6,1998,1,13,RENAULT SCENIC,-1,-1,0,-1
2021501109220,2021,501109220,1,9,0,18,19,4,8,0,0,0,0,0,0,0,4,1,5,6,1,64,9,1598,1,14,RENAULT SCENIC,6,E01018826,0,-1
2021440452023,2021,440452023,1,9,0,9,9,3,1,0,0,8,0,0,0,0,1,1,6,6,1,51,8,1870,2,11,RENAULT SCENIC,2,E01017156,0,-1
2021131098565,2021,131098565,2,9,0,7,7,5,7,0,0,3,1,0,1,10,3,1,2,2,1,64,9,1461,2,4,RENAULT SCENIC,1,E01011103,0,-1
2021501026454,2021,501026454,1,9,0,18,19,8,4,0,0,8,0,0,0,0,1,1,6,6,2,73,10,1461,2,7,RENAULT SCENIC,4,E01020053,0,-1
2021501058745,2021,501058745,2,9,0,2,2,0,0,0,0,0,0,0,0,0,2,1,6,6,1,86,11,1598,1,13,RENAULT SCENIC,9,E01019906,0,-1
2021430474155,2021,430474155,2,9,0,18,19,6,2,0,0,0,0,0,0,0,1,1,6,6,1,30,6,1598,1,13,RENAULT SCENIC,-1,-1,0,-1
2021552101282,2021,552101282,3,9,0,2,2,0,0,0,0,0,0,0,0,0,2,1,6,6,3,-1,-1,1598,1,13,RENAULT SCENIC,-1,-1,0,-1
2021070153416,2021,070153416,1,9,0,9,9,5,7,0,0,2,0,0,0,0,1,1,6,6,1,60,9,1461,2,15,RENAULT SCENIC,1,E01007127,0,-1
2021991124132,2021,991124132,1,9,0,9,9,7,5,0,0,8,0,0,0,0,1,1,5,6,1,63,9,1461,2,8,RENAULT SCENIC,2,-1,0,-1
2021430301996,2021,430301996,1,9,0,7,7,2,4,0,0,6,0,0,0,0,1,1,6,6,2,33,6,1598,1,15,RENAULT SCENIC,4,E01016378,0,-1
2021201082475,2021,201082475,2,3,0,18,19,6,2,0,0,8,1,0,0,0,1,1,6,6,1,34,6,124,1,1,-1,5,E01009882,0,-1
2021070288349,2021,070288349,1,3,0,12,12,1,5,0,0,0,0,0,0,0,1,1,6,6,1,27,6,124,1,11,-1,1,E01012479,0,-1
2021122101269,2021,122101269,1,9,0,18,19,1,5,0,0,0,0,0,0,0,1,1,6,6,1,61,9,2157,2,3,-1,7,E01027658,0,-1
2021061120352,2021,061120352,1,8,0,18,19,1,5,0,0,0,0,0,0,0,0,1,6,6,1,30,6,1998,2,8,-1,8,E01025012,0,-1
2021461038412,2021,461038412,2,9,0,2,2,0,0,0,0,0,0,0,0,0,2,1,3,7,2,32,6,2157,2,4,-1,7,E01024140,0,-1
2021991100858,2021,991100858,1,9,0,9,9,6,4,0,0,8,0,0,0,0,1,1,5,6,2,38,7,1998,2,7,-1,-1,-1,0,-1
2021211112695,2021,211112695,1,9,0,18,19,7,3,0,0,0,0,0,0,0,1,1,5,6,2,68,10,2157,2,3,-1,-1,-1,0,-1
2021351086064,2021,351086064,2,9,0,3,3,-1,-1,0,0,0,0,0,0,0,4,1,6,6,2,40,7,1998,2,7,-1,4,E01018060,0,-1
2021131107947,2021,131107947,1,9,0,18,19,3,7,0,0,0,0,0,0,0,-1,1,6,6,3,-1,-1,2696,2,10,-1,-1,-1,0,-1
2021451012355,2021,451012355,1,9,0,18,19,7,3,0,0,0,1,0,7,0,1,1,5,6,1,49,8,657,1,27,-1,8,E01030491,0,-1
2021471059375,2021,471059375,1,9,0,16,19,5,8,0,0,0,1,0,0,0,1,1,5,6,1,29,6,657,1,27,-1,10,E01030596,0,-1
202131D043521,2021,31D043521,1,19,0,18,19,7,3,0,0,8,0,0,0,0,1,1,1,1,1,54,8,1499,2,2,TOYOTA PROACE,2,E01013836,0,-1
2021161116207,2021,161116207,1,9,0,18,19,4,8,0,0,0,0,0,0,0,4,1,1,1,1,-1,-1,1499,2,2,TOYOTA PROACE,-1,-1,0,-1
2021552100673,2021,552100673,1,19,0,9,9,1,7,0,0,6,0,0,0,0,3,1,1,1,1,35,6,1997,2,3,TOYOTA PROACE,1,E01020554,0,-1
2021010333130,2021,010333130,1,19,9,18,19,1,5,99,99,9,9,99,9,99,1,9,6,6,1,57,9,1560,2,3,TOYOTA PROACE,-1,-1,0,-1
2021471049891,2021,471049891,1,19,0,18,19,3,6,0,0,1,5,7,3,11,1,1,5,6,1,25,5,1997,2,3,TOYOTA PROACE,9,E01031742,0,-1
2021010309519,2021,010309519,1,19,0,99,99,9,9,99,99,9,9,99,9,99,2,9,6,6,1,58,9,1560,2,2,TOYOTA PROACE,2,E01001705,0,-1
2021320536267,2021,320536267,1,19,0,9,9,8,6,0,0,6,0,0,0,0,0,1,2,2,1,25,5,1560,2,4,TOYOTA PROACE,9,E01026219,0,-1
2021471126050,2021,471126050,1,19,0,18,19,1,5,0,0,1,0,0,0,0,1,1,6,6,3,-1,-1,1997,2,3,TOYOTA PROACE,-1,-1,0,-1
202163C061321,2021,63C061321,1,19,4,16,19,8,3,0,0,0,0,0,0,0,0,1,6,6,1,44,7,1997,2,6,TOYOTA PROACE,5,W01000593,0,-1
2021221128074,2021,221128074,1,19,0,9,9,1,7,0,0,6,0,0,0,0,1,1,5,6,2,34,6,1997,2,5,TOYOTA PROACE,-1,-1,0,-1
2021010330008,2021,010330008,1,19,0,2,2,0,0,0,0,1,0,0,0,0,3,1,6,6,1,29,6,1997,2,2,TOYOTA PROACE,-1,-1,0,-1
2021302101383,2021,302101383,1,19,0,18,19,2,6,0,0,0,0,0,0,0,4,1,1,1,2,-1,-1,1997,2,0,TOYOTA PROACE,4,E01028380,0,-1
2021010339254,2021,010339254,1,9,0,5,5,5,1,0,0,1,0,0,1,0,2,1,6,6,1,58,9,1997,2,1,TOYOTA PROACE,-1,-1,0,-1
2021041022502,2021,041022502,2,9,0,18,19,3,7,0,0,8,0,0,0,0,3,2,5,6,2,30,6,1997,2,2,TOYOTA PROACE,1,E01012678,0,-1
2021041043902,2021,041043902,2,19,0,2,2,7,3,0,0,0,0,0,0,0,3,1,1,1,1,57,9,1560,2,3,TOYOTA PROACE,2,E01025051,0,-1
202163D063021,2021,63D063021,3,19,0,3,3,2,6,0,0,0,0,0,0,0,2,1,6,6,1,27,6,1560,2,4,TOYOTA PROACE,4,E01028978,0,-1
2021201118726,2021,201118726,2,9,0,9,9,4,2,0,0,8,0,0,0,0,4,1,6,6,1,33,6,1997,2,2,TOYOTA PROACE,3,E01010427,0,-1
2021010320663,2021,010320663,2,19,0,11,11,7,3,0,0,1,0,0,0,0,0,1,1,1,1,41,7,1560,2,5,TOYOTA PROACE,4,E01016055,0,-1
202134WNC3001,2021,34WNC3001,1,19,0,18,19,3,7,0,0,8,1,0,0,0,1,1,2,2,1,24,5,1499,2,1,TOYOTA PROACE,10,E01027075,0,-1
2021010330495,2021,010330495,2,19,0,16,19,1,5,0,0,0,0,0,0,0,3,1,2,2,1,44,7,1560,2,4,TOYOTA PROACE,3,E01004452,0,-1
2021440464927,2021,440464927,1,9,0,9,9,5,3,0,0,8,0,0,0,0,4,1,1,1,1,49,8,1997,2,1,TOYOTA PROACE,6,E01023026,0,-1
2021991057268,2021,991057268,1,19,0,4,4,3,7,0,0,1,0,0,0,0,1,1,1,1,1,36,7,1560,2,3,TOYOTA PROACE,-1,-1,0,-1
2021010318521,2021,010318521,2,19,0,2,2,0,0,0,0,0,0,0,0,0,1,1,6,6,3,-1,-1,1997,2,3,TOYOTA PROACE,-1,-1,0,-1
2021010356683,2021,010356683,2,19,0,18,19,1,5,0,0,8,0,0,0,0,1,1,6,6,3,-1,-1,1560,2,3,TOYOTA PROACE,-1,-1,0,-1
2021461023682,2021,461023682,2,19,0,18,19,3,7,0,0,3,0,0,0,0,4,1,6,6,1,35,6,1997,2,3,TOYOTA PROACE,5,E01024774,0,-1
2021031016022,2021,031016022,1,19,0,9,9,1,7,0,0,4,0,0,0,0,0,1,5,6,1,39,7,1560,2,7,TOYOTA PROACE,5,E01019327,0,-1
2021471059742,2021,471059742,1,19,0,18,19,1,5,0,0,0,0,0,0,0,1,1,1,1,1,33,6,1560,2,3,TOYOTA PROACE,9,E01031391,0,-1
2021320469642,2021,320469642,2,19,0,18,19,6,2,1,1,0,2,0,2,0,4,1,1,1,1,35,6,1499,2,1,TOYOTA PROACE,9,E01007899,0,-1
2021161124995,2021,161124995,2,19,0,18,19,6,2,0,0,1,0,0,0,0,1,1,6,6,3,-1,-1,1560,2,3,TOYOTA PROACE,-1,-1,0,-1
2021010342632,2021,010342632,2,19,0,99,99,9,9,99,99,9,9,99,9,99,1,9,6,6,3,-1,-1,1997,2,3,TOYOTA PROACE,3,E01004336,0,-1
2021221101487,2021,221101487,1,19,0,18,19,1,5,0,0,0,0,0,0,0,1,1,1,1,1,29,6,1560,2,6,TOYOTA PROACE,5,E01032430,0,-1
2021101034737,2021,101034737,1,19,0,18,19,5,5,0,0,4,0,0,0,0,1,1,2,2,1,41,7,1499,2,1,TOYOTA PROACE,9,E01027521,0,-1
2021471039400,2021,471039400,1,19,0,18,19,7,3,0,0,0,0,4,0,0,1,1,5,6,1,33,6,1560,2,3,TOYOTA PROACE,9,E01031391,0,-1
2021361146961,2021,361146961,2,19,0,4,4,6,2,0,0,0,0,0,0,0,2,1,2,2,1,53,8,1997,2,2,TOYOTA PROACE,5,E01026647,0,-1
2021320511099,2021,320511099,1,19,0,18,19,2,6,0,0,0,1,0,1,0,3,1,2,2,1,31,6,1560,2,3,TOYOTA PROACE,10,E01026187,0,-1
2021461028388,2021,461028388,2,5,0,18,19,3,7,0,0,0,1,0,0,0,1,1,5,6,1,55,8,790,1,18,-1,3,E01024608,0,-1
2021201058233,2021,201058233,2,3,0,12,12,3,7,0,0,0,0,0,0,0,1,1,6,6,1,53,8,124,1,40,-1,6,E01009778,0,-1
2021010334380,2021,010334380,1,20,0,99,99,9,9,99,99,9,9,99,9,99,2,9,6,6,1,58,9,-1,-1,-1,VOLKSWAGEN CRAFTER,6,E01024589,0,-1
2021231072634,2021,231072634,3,19,0,18,19,3,7,0,0,0,0,0,0,0,1,1,1,1,1,58,9,1968,2,10,VOLKSWAGEN CRAFTER,8,E01019366,0,-1
2021991039346,2021,991039346,2,10,0,2,2,0,0,0,0,0,0,0,0,0,2,1,1,1,1,52,8,1968,2,7,VOLKSWAGEN CRAFTER,4,-1,0,-1
2021430176962,2021,430176962,1,19,0,18,19,6,2,0,0,0,0,0,0,0,4,1,1,1,1,29,6,1968,2,1,VOLKSWAGEN CRAFTER,1,E01012262,0,-1
2021010301497,2021,010301497,1,19,0,9,9,7,5,0,0,0,0,0,0,0,1,1,1,1,1,27,6,1968,2,3,VOLKSWAGEN CRAFTER,8,E01000269,0,-1
2021421056372,2021,421056372,1,19,0,1,1,6,4,0,0,0,0,0,0,0,2,1,1,1,1,51,8,1968,2,2,VOLKSWAGEN CRAFTER,5,E01030030,0,-1
2021411065234,2021,411065234,1,19,0,1,1,3,7,6,6,2,0,0,0,0,2,1,1,1,1,46,8,1968,2,2,VOLKSWAGEN CRAFTER,7,E01017446,0,-1
2021010325159,2021,010325159,2,20,4,99,99,9,9,99,99,0,9,99,9,99,2,9,6,6,3,42,7,-1,-1,-1,VOLKSWAGEN CRAFTER,4,E01003129,0,-1
2021010334182,2021,010334182,2,19,0,99,99,9,9,99,99,9,9,99,9,99,9,9,6,6,3,-1,-1,1968,2,2,VOLKSWAGEN CRAFTER,4,E01000588,0,-1
2021440032680,2021,440032680,2,19,0,2,2,0,0,6,6,0,0,0,0,0,2,1,1,1,1,53,8,1968,2,6,VOLKSWAGEN CRAFTER,10,E01022688,0,-1
2021131069413,2021,131069413,3,19,0,18,19,3,7,0,0,1,0,0,0,0,1,1,6,6,3,-1,-1,2461,2,10,VOLKSWAGEN CRAFTER,-1,-1,0,-1
2021010298433,2021,010298433,1,19,0,18,19,3,7,0,0,1,0,0,0,0,1,1,1,1,1,41,7,1968,2,4,VOLKSWAGEN CRAFTER,6,E01001235,0,-1
2021440211898,2021,440211898,2,19,0,18,19,7,3,0,0,1,0,0,0,0,1,1,1,1,1,35,6,1968,2,5,VOLKSWAGEN CRAFTER,8,E01032843,0,-1
2021010295915,2021,010295915,2,20,0,2,2,0,0,0,0,0,0,4,0,0,2,1,6,6,3,-1,-1,1968,2,6,VOLKSWAGEN CRAFTER,-1,-1,0,-1
202131C067021,2021,31C067021,3,19,0,18,19,4,8,0,0,2,0,0,0,0,2,1,6,6,3,-1,-1,1968,2,6,VOLKSWAGEN CRAFTER,-1,-1,0,-1
2021440282561,2021,440282561,2,19,0,9,9,3,8,0,0,8,0,0,0,0,3,2,1,1,1,59,9,1968,2,6,VOLKSWAGEN CRAFTER,7,E01024553,0,-1
202134WNC3751,2021,34WNC3751,1,19,0,16,19,1,5,0,0,0,0,0,0,0,4,1,1,1,1,31,6,1968,2,6,VOLKSWAGEN CRAFTER,7,E01015387,0,-1
2021320734019,2021,320734019,1,20,0,18,19,6,2,0,0,8,0,7,3,9,1,1,2,2,1,56,9,-1,-1,-1,VOLKSWAGEN CRAFTER,6,E01026153,0,-1
2021471115854,2021,471115854,1,19,0,18,19,4,8,0,0,1,0,0,1,0,1,1,1,1,1,47,8,1968,2,5,VOLKSWAGEN CRAFTER,8,E01022887,0,-1
2021010313365,2021,010313365,3,19,0,18,19,4,8,0,0,1,0,0,0,0,1,1,2,2,1,24,5,2461,2,12,VOLKSWAGEN CRAFTER,3,E01015730,0,-1
2021010334092,2021,010334092,1,20,0,10,10,1,7,0,0,6,0,0,0,0,4,1,1,1,1,38,7,1968,2,2,VOLKSWAGEN CRAFTER,1,E01002041,0,-1
2021421110109,2021,421110109,1,19,0,18,19,7,3,0,0,0,1,0,0,0,1,1,6,6,1,34,6,1968,2,4,VOLKSWAGEN CRAFTER,9,E01021943,0,-1
2021010312798,2021,010312798,1,19,0,18,19,7,3,0,0,8,0,0,0,0,3,1,1,1,1,47,8,1968,2,3,VOLKSWAGEN CRAFTER,4,E01033745,0,-1
2021471040976,2021,471040976,3,19,0,3,3,7,3,0,0,2,0,0,0,0,3,1,1,1,1,43,7,1968,2,3,VOLKSWAGEN CRAFTER,7,E01021018,0,-1
2021201115686,2021,201115686,1,19,0,18,19,6,2,0,0,8,0,0,0,0,1,1,6,6,1,43,7,1968,2,3,VOLKSWAGEN CRAFTER,3,E01010018,0,-1
2021461094025,2021,461094025,1,19,0,18,19,6,3,0,0,2,0,0,0,0,1,1,1,1,2,30,6,-1,-1,-1,VOLKSWAGEN CRAFTER,9,E01032816,0,-1
2021041029014,2021,041029014,1,19,0,11,11,5,1,0,0,0,0,0,2,7,3,1,5,6,1,33,6,1968,2,6,VOLKSWAGEN CRAFTER,1,E01011625,0,-1
2021351111998,2021,351111998,2,19,0,18,19,4,8,0,0,0,0,0,0,0,1,1,6,6,2,30,6,2461,2,13,VOLKSWAGEN CRAFTER,7,E01032892,0,-1
2021421023284,2021,421023284,1,19,0,18,19,1,5,0,0,0,0,0,0,0,1,1,6,6,1,-1,-1,1968,2,2,VOLKSWAGEN CRAFTER,-1,-1,0,-1
2021320103434,2021,320103434,1,19,0,17,19,5,2,0,0,0,0,0,0,0,3,1,1,1,1,36,7,1968,2,2,VOLKSWAGEN CRAFTER,6,E01028074,0,-1
2021471081314,2021,471081314,1,19,0,18,19,1,5,0,0,8,0,0,0,0,2,1,1,1,1,34,6,1968,2,9,VOLKSWAGEN CRAFTER,5,E01031600,0,-1
2021461120919,2021,461120919,1,19,0,18,19,1,5,0,0,0,0,0,0,0,1,1,6,6,1,38,7,1968,2,6,VOLKSWAGEN CRAFTER,7,E01024536,0,-1
2021010299810,2021,010299810,1,19,0,9,9,8,5,0,0,1,0,0,0,0,1,1,1,1,1,54,8,1968,2,5,VOLKSWAGEN CRAFTER,4,E01021283,0,-1
2021070467790,2021,070467790,2,20,4,2,2,0,0,9,9,1,0,0,0,0,2,1,1,1,3,-1,-1,1968,2,1,VOLKSWAGEN CRAFTER,1,E01014116,0,-1
2021547435521,2021,547435521,1,19,0,5,5,2,6,0,0,2,0,0,0,0,1,1,1,1,1,34,6,1968,2,1,VOLKSWAGEN CRAFTER,7,E01032116,0,-1