collision_index,collision_year,collision_ref_no,vehicle_reference,vehicle_type,towing_and_articulation,vehicle_manoeuvre_historic,vehicle_manoeuvre,vehicle_direction_from,vehicle_direction_to,vehicle_location_restricted_lane_historic,vehicle_location_restricted_lane,junction_location,skidding_and_overturning,hit_object_in_carriageway,vehicle_leaving_carriageway,hit_object_off_carriageway,first_point_of_impact,vehicle_left_hand_drive,journey_purpose_of_driver_historic,journey_purpose_of_driver,sex_of_driver,age_of_driver,age_band_of_driver,engine_capacity_cc,propulsion_code,age_of_vehicle,generic_make_model,driver_imd_decile,lsoa_of_driver,escooter_flag,driver_distance_banding
2021461090014,2021,461090014,3,19,0,18,19,7,3,0,0,0,0,0,0,0,2,1,6,6,1,33,6,2461,2,11,VOLKSWAGEN CRAFTER,2,E01024066,0,-1
202131B065621,2021,31B065621,1,19,0,9,9,8,6,0,0,5,0,0,0,0,0,1,6,6,3,-1,-1,1968,2,3,VOLKSWAGEN CRAFTER,-1,-1,0,-1
2021041109653,2021,041109653,1,19,0,18,19,5,1,0,0,1,0,0,0,0,4,1,1,1,1,30,6,1968,2,7,VOLKSWAGEN CRAFTER,1,E01012657,0,-1
202131D026021,2021,31D026021,2,19,0,18,19,8,4,0,0,8,0,0,0,0,1,1,1,1,1,26,6,2461,2,13,VOLKSWAGEN CRAFTER,6,E01028106,0,-1
2021221038073,2021,221038073,1,19,0,7,7,3,5,9,9,5,0,10,0,0,4,1,6,6,3,34,6,1968,2,5,VOLKSWAGEN CRAFTER,-1,-1,0,-1
2021351035372,2021,351035372,1,19,0,18,19,3,7,0,0,1,0,0,0,0,1,1,1,1,2,58,9,1968,2,1,VOLKSWAGEN CRAFTER,7,E01013248,0,-1
2021052100136,2021,052100136,1,19,0,18,19,6,2,0,0,8,0,0,0,0,3,1,1,1,1,70,10,1968,2,3,VOLKSWAGEN CRAFTER,10,E01027683,0,-1
2021231070703,2021,231070703,2,21,1,4,4,8,4,0,0,0,0,0,0,0,2,1,1,1,1,28,6,1968,2,0,VOLKSWAGEN CRAFTER,9,E01031210,0,-1
2021430563278,2021,430563278,2,19,0,3,3,2,6,0,0,1,0,0,0,0,3,1,1,1,3,37,7,1968,2,1,VOLKSWAGEN CRAFTER,3,E01016353,0,-1
2021201056231,2021,201056231,2,19,0,18,19,8,4,0,0,0,1,0,0,0,2,1,1,1,1,22,5,2461,2,10,VOLKSWAGEN CRAFTER,5,E01009246,0,-1
2021010330149,2021,010330149,2,19,0,99,99,9,9,99,99,0,9,99,9,99,1,9,6,6,3,-1,-1,1968,2,2,VOLKSWAGEN CRAFTER,4,E01003074,0,-1
2021461073018,2021,461073018,1,19,0,9,9,3,1,0,0,0,0,0,0,0,1,1,6,6,1,54,8,2461,2,14,VOLKSWAGEN CRAFTER,9,E01024773,0,-1
2021010325717,2021,010325717,2,19,0,99,99,9,9,99,99,9,9,99,9,99,1,9,6,6,1,-1,-1,1968,2,2,VOLKSWAGEN CRAFTER,5,E01003692,0,-1
2021010341843,2021,010341843,1,19,0,99,99,9,9,99,99,9,9,99,9,99,9,9,1,1,1,27,6,1968,2,2,VOLKSWAGEN CRAFTER,7,E01000674,0,-1
2021351103023,2021,351103023,1,19,0,18,19,7,3,0,0,0,0,0,0,0,1,1,1,1,1,25,5,1968,2,1,VOLKSWAGEN CRAFTER,8,E01018206,0,-1
2021201058817,2021,201058817,1,19,0,7,7,8,2,0,0,5,0,0,0,0,4,1,6,6,1,39,7,1968,2,8,VOLKSWAGEN CRAFTER,7,E01010136,0,-1
2021010311905,2021,010311905,2,19,0,2,2,0,0,0,0,0,0,4,0,0,2,1,6,6,3,-1,-1,2461,2,13,VOLKSWAGEN CRAFTER,-1,-1,0,-1
2021010308623,2021,010308623,1,10,0,9,9,1,7,0,0,2,0,0,0,0,1,1,6,6,1,51,8,-1,-1,-1,VOLKSWAGEN CRAFTER,2,E01003600,0,-1
2021302100462,2021,302100462,1,19,0,4,4,5,1,9,9,0,0,0,0,0,0,1,1,1,1,57,9,1968,2,10,VOLKSWAGEN CRAFTER,10,E01014875,0,-1
2021543007921,2021,543007921,4,19,0,18,19,2,6,0,0,1,0,0,0,0,1,1,1,1,1,50,8,1968,2,7,VOLKSWAGEN CRAFTER,7,E01022182,0,-1
2021451073213,2021,451073213,1,19,0,7,7,5,7,0,0,6,0,0,0,0,4,1,1,1,1,35,6,1968,2,2,VOLKSWAGEN CRAFTER,4,E01013458,0,-1
2021010306723,2021,010306723,3,19,0,4,4,1,5,0,0,0,0,0,0,0,2,1,1,1,1,48,8,2461,2,10,VOLKSWAGEN CRAFTER,7,E01032577,0,-1
2021122101433,2021,122101433,2,19,0,2,2,0,0,0,0,0,0,0,0,0,2,1,1,1,1,32,6,1968,2,1,VOLKSWAGEN CRAFTER,1,E01012266,0,-1
2021041056928,2021,041056928,1,19,0,18,19,7,3,0,0,0,0,4,0,0,1,1,1,1,1,39,7,1968,2,6,VOLKSWAGEN CRAFTER,2,E01005477,0,-1
2021991041420,2021,991041420,1,19,0,11,11,3,7,0,0,0,1,0,0,0,1,1,1,1,1,37,7,1968,2,1,VOLKSWAGEN CRAFTER,3,-1,0,-1
2021542828021,2021,542828021,1,19,0,18,19,8,4,0,0,1,0,0,0,0,4,1,1,1,1,25,5,1968,2,0,VOLKSWAGEN CRAFTER,10,E01022193,0,-1
2021991060507,2021,991060507,1,19,0,9,9,2,7,7,6,0,0,0,0,0,1,1,1,1,1,33,6,1968,2,2,VOLKSWAGEN CRAFTER,5,-1,0,-1
2021522101546,2021,522101546,1,19,0,18,19,3,7,0,0,8,0,0,0,0,3,1,6,6,1,54,8,1968,2,5,VOLKSWAGEN CRAFTER,9,E01014713,0,-1
2021546417821,2021,546417821,1,19,0,13,13,3,7,0,0,0,0,0,0,0,0,1,6,6,1,30,6,1968,2,7,VOLKSWAGEN CRAFTER,6,E01020452,0,-1
2021010323227,2021,010323227,1,19,0,1,1,5,1,0,0,1,0,0,0,0,2,1,1,1,1,46,8,2461,2,13,VOLKSWAGEN CRAFTER,3,E01003688,0,-1
2021440145464,2021,440145464,2,19,0,1,1,5,2,0,0,0,0,0,0,0,2,1,6,6,3,-1,-1,1968,2,3,VOLKSWAGEN CRAFTER,-1,-1,0,-1
2021522104710,2021,522104710,1,19,0,7,7,5,7,0,0,8,0,0,0,0,1,1,6,6,3,-1,-1,1968,2,1,VOLKSWAGEN CRAFTER,-1,-1,0,-1
2021461027414,2021,461027414,1,19,0,18,19,7,3,0,0,0,0,0,0,0,1,1,1,1,1,26,6,1968,2,5,VOLKSWAGEN CRAFTER,1,E01024597,0,-1
2021052101394,2021,052101394,1,19,0,9,9,1,7,0,0,1,0,0,0,0,1,1,1,1,1,58,9,1968,2,1,VOLKSWAGEN CRAFTER,1,E01006758,0,-1
2021141109991,2021,141109991,1,19,0,18,19,4,8,0,0,1,0,0,0,0,1,1,1,1,1,57,9,1968,2,3,VOLKSWAGEN CRAFTER,6,E01032551,0,-1
202131B119121,2021,31B119121,2,19,0,18,19,6,2,0,0,1,0,0,0,0,2,1,1,1,1,36,7,1968,2,2,VOLKSWAGEN CRAFTER,-1,-1,0,-1
2021010325512,2021,010325512,1,19,0,10,10,5,2,0,0,1,0,0,0,0,1,1,1,1,1,48,8,1968,2,6,VOLKSWAGEN CRAFTER,6,E01023394,0,-1
2021461023265,2021,461023265,1,19,0,1,1,6,2,0,0,0,0,0,0,0,2,1,6,6,1,29,6,1968,2,5,VOLKSWAGEN CRAFTER,6,E01001570,0,-1
2021141020413,2021,141020413,2,19,0,18,19,1,5,0,0,8,0,0,0,0,0,1,1,1,1,51,8,1968,2,9,VOLKSWAGEN CRAFTER,2,E01007815,0,-1
202134NNC3311,2021,34NNC3311,3,19,0,2,2,0,0,0,0,0,0,0,0,0,4,1,6,6,1,45,7,1968,2,1,VOLKSWAGEN CRAFTER,3,E01027058,0,-1
2021010297940,2021,010297940,2,19,0,5,5,1,5,0,0,2,0,0,0,0,0,1,1,1,1,28,6,1968,2,1,VOLKSWAGEN CRAFTER,6,E01024171,0,-1
2021010331986,2021,010331986,1,19,0,3,3,3,7,0,0,1,0,0,0,0,3,1,1,1,1,60,9,1968,2,9,VOLKSWAGEN CRAFTER,2,E01032744,0,-1
2021991088497,2021,991088497,1,19,0,1,1,1,5,0,0,0,0,0,0,0,2,1,6,6,1,24,5,1968,2,9,VOLKSWAGEN CRAFTER,1,-1,0,-1
2021010325629,2021,010325629,1,19,0,2,2,0,0,0,0,0,0,0,0,0,2,1,6,6,3,-1,-1,2461,2,12,VOLKSWAGEN CRAFTER,-1,-1,0,-1
2021361035076,2021,361035076,1,19,0,18,19,6,2,0,0,0,0,0,0,0,1,1,5,6,1,38,7,1968,2,4,VOLKSWAGEN CRAFTER,4,E01026458,0,-1
2021141104152,2021,141104152,1,19,0,18,19,6,2,0,0,1,0,0,0,0,1,1,6,6,1,65,9,1968,2,0,VOLKSWAGEN CRAFTER,8,E01007599,0,-1
2021430116853,2021,430116853,1,19,0,18,19,4,8,0,0,0,0,0,0,0,1,1,1,1,1,54,8,1968,2,5,VOLKSWAGEN CRAFTER,9,E01029800,0,-1
2021991040426,2021,991040426,1,19,0,18,19,4,8,0,0,0,1,0,0,0,1,1,1,1,1,38,7,1968,2,6,VOLKSWAGEN CRAFTER,6,-1,0,-1
2021010312851,2021,010312851,1,19,0,18,19,3,7,0,0,0,0,0,0,0,3,1,1,1,1,59,9,1968,2,2,VOLKSWAGEN CRAFTER,3,E01001668,0,-1
2021411044924,2021,411044924,1,19,0,1,1,3,7,0,0,1,0,0,0,0,2,1,1,1,1,30,6,1968,2,2,VOLKSWAGEN CRAFTER,4,E01015776,0,-1
2021451014717,2021,451014717,1,19,0,18,19,3,7,0,0,0,0,0,0,0,4,1,1,1,1,67,10,2461,2,13,VOLKSWAGEN CRAFTER,9,E01030564,0,-1
2021461022015,2021,461022015,1,19,0,18,19,3,7,0,0,0,0,0,0,0,1,1,1,1,2,46,8,1968,2,9,VOLKSWAGEN CRAFTER,7,E01031286,0,-1
2021141088562,2021,141088562,2,19,0,18,19,1,5,0,0,0,0,0,4,6,1,1,1,1,1,40,7,1968,2,7,VOLKSWAGEN CRAFTER,3,E01025866,0,-1
202134WNC2541,2021,34WNC2541,1,19,0,18,19,2,6,0,0,0,0,0,0,0,0,1,6,6,1,21,5,1968,2,1,VOLKSWAGEN CRAFTER,9,E01018200,0,-1
2021320545701,2021,320545701,2,19,0,1,1,4,2,0,0,0,0,0,0,0,2,1,2,2,1,31,6,1968,2,2,VOLKSWAGEN CRAFTER,1,E01007716,0,-1
2021548989121,2021,548989121,2,19,0,4,4,4,8,0,0,0,0,0,0,0,4,1,2,2,1,73,10,1968,2,6,VOLKSWAGEN CRAFTER,5,E01028787,0,-1
2021451026571,2021,451026571,1,19,0,4,4,4,8,0,0,0,1,0,4,0,1,1,1,1,1,35,6,1968,2,2,VOLKSWAGEN CRAFTER,9,E01033515,0,-1
2021421047033,2021,421047033,1,19,0,6,6,7,1,0,0,1,1,0,0,0,1,1,1,1,1,18,4,1968,2,1,VOLKSWAGEN CRAFTER,8,E01030000,0,-1
2021471087224,2021,471087224,2,19,0,18,19,2,6,0,0,4,0,0,0,0,1,1,1,1,1,60,9,1968,2,2,VOLKSWAGEN CRAFTER,7,E01022760,0,-1
2021471103568,2021,471103568,1,19,0,18,19,1,5,0,0,1,0,0,0,0,1,1,1,1,1,39,7,2461,2,14,VOLKSWAGEN CRAFTER,7,E01031447,0,-1
2021501086098,2021,501086098,1,19,0,18,19,7,3,0,0,0,0,0,0,0,1,1,1,1,1,66,10,2461,2,11,VOLKSWAGEN CRAFTER,10,E01019905,0,-1
2021451073120,2021,451073120,1,19,0,18,19,2,6,0,0,0,1,0,0,0,4,1,2,2,1,36,7,1968,2,8,VOLKSWAGEN CRAFTER,7,E01030576,0,-1
2021371044550,2021,371044550,2,10,0,4,4,7,3,0,0,0,0,0,0,0,2,1,1,1,1,67,10,1968,2,0,VOLKSWAGEN CRAFTER,5,E01030226,0,-1
2021010301793,2021,010301793,1,19,0,1,1,1,5,0,0,1,0,0,0,0,2,1,1,1,1,26,6,1968,2,4,VOLKSWAGEN CRAFTER,7,E01002203,0,-1
2021010318367,2021,010318367,3,20,0,18,19,1,5,0,0,0,0,0,0,0,1,1,1,1,1,56,9,1968,2,10,VOLKSWAGEN CRAFTER,2,E01004574,0,-1
2021010340192,2021,010340192,1,19,0,7,7,7,2,0,0,6,0,0,0,0,4,1,1,1,1,30,6,1968,2,1,VOLKSWAGEN CRAFTER,6,E01017385,0,-1
2021302100138,2021,302100138,1,19,0,18,19,8,4,0,0,0,0,0,0,0,1,1,6,6,1,58,9,1968,2,2,VOLKSWAGEN CRAFTER,1,E01007715,0,-1
2021430424090,2021,430424090,2,19,0,18,19,5,1,0,0,6,0,0,0,0,1,1,6,6,1,-1,-1,2461,2,14,VOLKSWAGEN CRAFTER,-1,-1,0,-1
2021010322186,2021,010322186,1,19,0,18,19,8,4,0,0,0,0,0,7,0,4,1,1,1,1,59,9,2461,2,14,VOLKSWAGEN CRAFTER,4,E01000498,0,-1
2021461143718,2021,461143718,4,19,0,2,2,0,0,0,0,1,0,0,0,0,2,1,5,6,3,-1,-1,1968,2,8,VOLKSWAGEN CRAFTER,-1,-1,0,-1
2021161031504,2021,161031504,1,19,0,9,9,6,4,0,0,5,0,0,0,0,1,1,6,6,1,-1,-1,1968,2,2,VOLKSWAGEN CRAFTER,1,E01013920,0,-1
2021041093835,2021,041093835,2,19,0,18,19,1,5,0,0,0,0,0,0,0,1,1,2,2,1,57,9,1968,2,7,VOLKSWAGEN CRAFTER,1,E01012749,0,-1
2021010338413,2021,010338413,2,19,0,99,99,9,9,99,99,9,9,99,9,99,9,9,6,6,1,-1,-1,1968,2,1,VOLKSWAGEN CRAFTER,-1,-1,0,-1
2021231060386,2021,231060386,1,20,0,7,7,1,3,0,0,4,0,0,0,0,3,1,1,1,1,51,8,1968,2,1,VOLKSWAGEN CRAFTER,4,E01031165,0,-1
2021010305431,2021,010305431,3,19,0,18,19,1,5,0,0,1,0,0,0,0,2,1,6,6,1,48,8,1968,2,6,VOLKSWAGEN CRAFTER,6,E01030524,0,-1
2021041029554,2021,041029554,1,19,0,17,19,3,7,0,0,0,2,0,0,0,1,1,2,2,1,46,8,1968,2,8,VOLKSWAGEN CRAFTER,8,E01025056,0,-1
2021221030608,2021,221030608,3,19,0,10,10,2,7,0,0,8,0,0,0,0,1,1,1,1,1,49,8,1968,2,1,VOLKSWAGEN CRAFTER,2,E01014105,0,-1
2021351094667,2021,351094667,2,19,0,10,10,3,7,0,0,6,0,0,0,0,1,1,3,7,1,58,9,1968,2,0,VOLKSWAGEN CRAFTER,7,E01018255,0,-1
2021430199162,2021,430199162,2,19,0,18,19,7,3,0,0,0,0,0,0,0,2,1,2,2,1,45,7,1968,2,2,VOLKSWAGEN CRAFTER,6,W01000713,0,-1
2021131034363,2021,131034363,2,19,0,18,19,1,5,0,0,0,0,0,0,0,2,1,5,6,1,60,9,1968,2,1,VOLKSWAGEN CRAFTER,2,E01007593,0,-1
2021421107670,2021,421107670,1,19,0,5,5,1,5,0,0,6,0,0,0,0,1,1,6,6,1,48,8,1968,2,5,VOLKSWAGEN CRAFTER,2,E01021316,0,-1
2021010301320,2021,010301320,2,19,0,99,99,9,9,99,99,9,9,99,9,99,9,9,6,6,3,31,6,1968,2,5,VOLKSWAGEN CRAFTER,-1,-1,0,-1
2021141064738,2021,141064738,1,19,0,18,19,2,6,0,0,1,5,0,0,0,1,1,2,2,1,36,7,1968,2,0,VOLKSWAGEN CRAFTER,1,E01007566,0,-1
202131D030021,2021,31D030021,1,19,0,18,19,1,5,0,0,0,0,0,0,0,1,1,6,6,2,43,7,1968,2,7,VOLKSWAGEN CRAFTER,-1,-1,0,-1
2021010337602,2021,010337602,1,19,0,1,1,7,3,0,0,6,0,0,0,0,4,1,1,1,1,51,8,2461,2,11,VOLKSWAGEN CRAFTER,8,E01004110,0,-1
2021010332546,2021,010332546,2,19,0,9,9,5,2,0,0,1,0,0,0,0,3,1,1,1,1,40,7,1968,2,1,VOLKSWAGEN CRAFTER,4,E01013614,0,-1
2021501048683,2021,501048683,2,19,0,4,4,2,6,0,0,2,0,0,0,0,2,1,2,2,1,56,9,1968,2,5,VOLKSWAGEN CRAFTER,9,E01015105,0,-1
2021461081082,2021,461081082,1,19,0,18,19,5,1,0,0,1,0,0,0,0,1,1,5,6,1,-1,-1,1968,2,0,VOLKSWAGEN CRAFTER,-1,-1,0,-1
2021991101895,2021,991101895,1,19,0,7,7,3,6,0,0,0,0,0,0,0,4,1,1,1,1,44,7,1968,2,3,VOLKSWAGEN CRAFTER,3,-1,0,-1
2021010334928,2021,010334928,1,19,0,18,19,5,1,0,0,1,0,0,0,0,1,1,1,1,1,49,8,1968,2,3,VOLKSWAGEN CRAFTER,3,E01016012,0,-1
2021010309516,2021,010309516,1,19,4,9,9,8,5,0,0,1,0,0,0,0,3,1,1,1,1,40,7,1968,2,1,VOLKSWAGEN CRAFTER,6,E01023787,0,-1
2021440161509,2021,440161509,2,19,0,5,5,2,7,0,0,8,0,0,0,0,3,1,1,1,1,46,8,1968,2,1,VOLKSWAGEN CRAFTER,6,E01017200,0,-1
2021302101706,2021,302101706,1,19,0,7,7,0,0,9,9,6,0,0,0,0,4,1,1,1,3,-1,-1,1968,2,2,VOLKSWAGEN CRAFTER,5,E01019456,0,-1
2021052102049,2021,052102049,2,19,0,2,2,0,0,0,0,0,0,0,0,0,3,1,6,6,3,-1,-1,1968,2,6,VOLKSWAGEN CRAFTER,-1,-1,0,-1
2021111038329,2021,111038329,1,19,0,9,9,8,5,0,0,1,0,0,0,0,4,1,6,6,1,40,7,2461,2,10,VOLKSWAGEN CRAFTER,2,E01008253,0,-1
2021010303552,2021,010303552,2,19,0,9,9,1,6,0,0,0,0,0,0,0,3,1,1,1,1,53,8,1968,2,2,VOLKSWAGEN CRAFTER,7,E01000227,0,-1
2021361145542,2021,361145542,2,19,0,18,19,7,3,0,0,0,0,0,0,0,1,1,1,1,1,54,8,1968,2,5,VOLKSWAGEN CRAFTER,1,E01026793,0,-1
2021010341885,2021,010341885,1,19,0,9,9,3,1,0,0,8,0,0,0,0,3,1,1,1,1,27,6,1968,2,6,VOLKSWAGEN CRAFTER,6,E01003957,0,-1
2021320336874,2021,320336874,2,19,0,18,19,3,7,0,0,0,0,0,0,0,2,1,1,1,1,50,8,1968,2,0,VOLKSWAGEN CRAFTER,9,E01026293,0,-1
2021010343589,2021,010343589,1,19,0,9,9,1,7,0,0,1,0,0,0,0,1,1,2,2,1,56,9,2461,2,12,VOLKSWAGEN CRAFTER,2,E01002872,0,-1
2021411069288,2021,411069288,1,19,0,9,9,3,4,0,0,1,0,0,0,0,1,1,1,1,1,37,7,1968,2,1,VOLKSWAGEN CRAFTER,4,E01023538,0,-1
2021302100118,2021,302100118,4,19,0,18,19,4,8,0,0,0,0,0,0,0,2,1,6,6,1,50,8,1968,2,5,VOLKSWAGEN CRAFTER,1,E01027951,0,-1
2021401111872,2021,401111872,1,19,0,4,4,1,5,0,0,0,1,0,0,0,1,1,1,1,1,47,8,1968,2,6,VOLKSWAGEN CRAFTER,6,E01003762,0,-1
2021991020436,2021,991020436,1,20,0,16,19,1,4,0,0,0,1,0,0,0,1,1,1,1,1,39,7,-1,-1,-1,VOLKSWAGEN CRAFTER,2,-1,0,-1
202131A176121,2021,31A176121,1,19,0,18,19,4,8,0,0,0,0,0,0,0,1,1,2,2,1,51,8,1968,2,2,VOLKSWAGEN CRAFTER,6,E01019651,0,-1
2021440388224,2021,440388224,3,19,0,3,3,7,3,0,0,0,0,0,0,0,2,1,1,1,1,52,8,1968,2,0,VOLKSWAGEN CRAFTER,10,E01032298,0,-1
2021010302836,2021,010302836,3,19,0,2,2,0,0,0,0,2,0,0,0,0,0,1,6,6,3,-1,-1,2461,2,10,VOLKSWAGEN CRAFTER,-1,-1,0,-1
2021010291231,2021,010291231,1,19,0,18,19,3,7,0,0,1,0,0,0,0,1,1,6,6,1,27,6,1968,2,10,VOLKSWAGEN CRAFTER,5,E01003833,0,-1
2021010291759,2021,010291759,2,20,0,99,99,9,9,99,99,9,9,99,9,99,9,9,6,6,3,-1,-1,-1,-1,-1,VOLKSWAGEN CRAFTER,-1,-1,0,-1
2021461143231,2021,461143231,3,19,0,2,2,0,0,0,0,2,0,4,0,0,2,1,6,6,3,-1,-1,1968,2,0,VOLKSWAGEN CRAFTER,-1,-1,0,-1
2021221066307,2021,221066307,1,19,0,18,19,6,2,0,0,0,0,0,0,0,3,1,5,6,1,48,8,1968,2,1,VOLKSWAGEN CRAFTER,8,E01028689,0,-1
2021991047573,2021,991047573,2,10,0,4,4,1,5,0,0,0,0,0,0,0,2,1,3,7,1,72,10,1968,2,7,VOLKSWAGEN CRAFTER,6,-1,0,-1
2021010323803,2021,010323803,2,19,0,99,99,9,9,99,99,9,9,99,9,99,9,9,6,6,3,-1,-1,1968,2,2,VOLKSWAGEN CRAFTER,2,E01003634,0,-1
2021010335192,2021,010335192,1,19,0,18,19,4,8,0,0,1,0,0,0,0,4,1,1,1,1,29,6,1968,2,1,VOLKSWAGEN CRAFTER,4,E01001194,0,-1
2021010347363,2021,010347363,2,20,0,99,99,9,9,99,99,9,9,99,9,99,2,9,6,6,3,43,7,-1,-1,-1,VOLKSWAGEN CRAFTER,5,E01001471,0,-1
2021302101097,2021,302101097,2,19,0,14,14,2,6,0,0,0,0,0,0,0,4,1,1,1,1,-1,-1,1968,2,2,VOLKSWAGEN CRAFTER,5,E01019456,0,-1
2021421075343,2021,421075343,1,19,0,9,9,8,6,0,0,0,0,0,0,0,3,1,6,6,1,48,8,2461,2,15,VOLKSWAGEN CRAFTER,3,E01021326,0,-1
2021010337320,2021,010337320,1,20,0,99,99,9,9,99,99,0,9,99,9,99,1,9,1,1,1,30,6,-1,-1,-1,VOLKSWAGEN CRAFTER,5,E01032840,0,-1
2021010350372,2021,010350372,1,19,0,18,19,5,1,0,0,1,0,0,0,0,1,1,1,1,1,54,8,1968,2,5,VOLKSWAGEN CRAFTER,6,E01003394,0,-1
202134WNC2221,2021,34WNC2221,2,19,0,18,19,1,5,0,0,1,0,0,0,0,1,1,1,1,1,31,6,1968,2,4,VOLKSWAGEN CRAFTER,9,E01027020,0,-1
2021131105235,2021,131105235,1,19,0,18,19,3,7,0,0,0,0,0,1,0,1,1,1,1,1,38,7,1968,2,2,VOLKSWAGEN CRAFTER,4,E01007353,0,-1
2021111111406,2021,111111406,2,19,0,10,10,3,1,0,0,1,0,0,0,0,2,1,1,1,1,42,7,1968,2,2,VOLKSWAGEN CRAFTER,1,E01020759,0,-1
2021131040940,2021,131040940,1,19,0,4,4,7,3,0,0,0,0,0,0,0,2,1,1,1,1,40,7,1968,2,8,VOLKSWAGEN CRAFTER,2,E01011227,0,-1
2021052102056,2021,052102056,1,19,0,9,9,2,8,0,0,6,0,0,0,0,1,1,1,1,1,26,6,1968,2,1,VOLKSWAGEN CRAFTER,8,E01012495,0,-1
2021221070773,2021,221070773,1,19,0,16,19,7,3,0,0,0,1,0,0,0,3,1,2,2,1,24,5,1968,2,9,VOLKSWAGEN CRAFTER,6,E01014100,0,-1
2021361095633,2021,361095633,1,19,0,5,5,1,5,0,0,0,0,0,0,0,1,1,1,1,1,54,8,1968,2,3,VOLKSWAGEN CRAFTER,1,E01026832,0,-1
2021522102823,2021,522102823,1,19,0,1,1,1,5,0,0,0,0,0,0,0,2,1,6,6,1,50,8,2459,2,15,VOLKSWAGEN CRAFTER,-1,-1,0,-1
2021991045515,2021,991045515,2,19,0,18,19,7,3,0,0,8,0,0,1,0,1,1,1,1,1,43,7,1968,2,9,VOLKSWAGEN CRAFTER,5,-1,0,-1
2021010347148,2021,010347148,1,19,0,9,9,5,3,0,0,1,0,0,0,0,1,1,1,1,1,36,7,1968,2,1,VOLKSWAGEN CRAFTER,-1,-1,0,-1
2021991024059,2021,991024059,2,19,0,18,19,7,3,0,0,4,0,0,0,0,4,1,2,2,1,34,6,1968,2,3,VOLKSWAGEN CRAFTER,3,-1,0,-1
2021531032248,2021,531032248,2,19,0,18,19,5,1,0,0,0,0,0,0,0,2,1,1,1,1,63,9,1968,2,6,VOLKSWAGEN CRAFTER,4,E01022440,0,-1
2021371075408,2021,371075408,1,19,0,1,1,2,6,0,0,0,0,0,0,0,2,1,6,6,1,28,6,1968,2,1,VOLKSWAGEN CRAFTER,2,E01015654,0,-1
2021101053749,2021,101053749,1,19,0,9,9,3,1,0,0,6,0,0,0,0,1,1,1,1,1,32,6,1968,2,7,VOLKSWAGEN CRAFTER,1,E01015611,0,-1
2021122101077,2021,122101077,1,19,0,14,14,7,3,0,0,0,0,4,0,0,1,1,1,1,1,57,9,1968,2,5,VOLKSWAGEN CRAFTER,8,E01011279,0,-1
2021010314612,2021,010314612,2,19,0,99,99,9,9,99,99,9,9,99,9,99,1,9,6,6,3,-1,-1,1968,2,7,VOLKSWAGEN CRAFTER,5,E01000615,0,-1
2021010309549,2021,010309549,2,19,0,2,2,0,0,0,0,2,0,0,0,0,1,1,6,6,3,-1,-1,1968,2,6,VOLKSWAGEN CRAFTER,-1,-1,0,-1
2021451014534,2021,451014534,1,19,0,18,19,5,1,0,0,1,1,0,0,0,1,1,1,1,1,27,6,1968,2,5,VOLKSWAGEN CRAFTER,10,E01030535,0,-1
202131B189921,2021,31B189921,2,19,0,18,19,6,2,0,0,7,0,0,0,0,1,1,1,1,1,52,8,1968,2,0,VOLKSWAGEN CRAFTER,9,E01026370,0,-1
202163D008521,2021,63D008521,3,19,0,10,10,6,4,0,0,8,0,0,0,0,2,1,1,1,1,36,7,1968,2,8,VOLKSWAGEN CRAFTER,3,W01001302,0,-1
2021111101153,2021,111101153,2,19,0,18,19,6,2,0,0,8,0,0,0,0,3,1,2,2,1,38,7,2461,2,11,VOLKSWAGEN CRAFTER,4,E01032545,0,-1
2021221085765,2021,221085765,1,19,0,16,19,2,5,0,0,0,0,0,0,0,1,1,1,1,1,39,7,1968,2,3,VOLKSWAGEN CRAFTER,7,E01028950,0,-1
2021531030056,2021,531030056,2,19,0,18,19,5,1,0,0,0,0,0,0,0,1,1,1,1,1,46,8,1968,2,1,VOLKSWAGEN CRAFTER,2,E01009064,0,-1
2021010343113,2021,010343113,1,19,0,18,19,5,1,1,1,1,0,0,1,0,1,1,1,1,1,48,8,1968,2,0,VOLKSWAGEN CRAFTER,4,E01000801,0,-1
2021201198497,2021,201198497,3,98,0,2,2,0,0,0,0,1,0,0,0,0,1,1,6,6,1,50,8,2461,2,14,-1,2,E01009481,0,-1
2021010310784,2021,010310784,1,19,0,3,3,5,1,0,0,2,0,0,0,0,3,1,1,1,1,38,7,1968,2,3,VOLKSWAGEN CRAFTER,-1,-1,0,-1
2021010337378,2021,010337378,1,19,0,9,9,4,1,0,0,1,0,0,0,0,4,1,1,1,1,34,6,1968,2,1,VOLKSWAGEN CRAFTER,3,E01024280,0,-1
2021461025551,2021,461025551,2,19,0,18,19,3,7,0,0,0,0,11,0,0,1,1,2,2,1,30,6,1968,2,1,VOLKSWAGEN CRAFTER,1,E01004841,0,-1
2021531015976,2021,531015976,1,19,0,14,14,6,2,0,0,0,1,0,0,0,0,1,6,6,1,-1,-1,1968,2,1,VOLKSWAGEN CRAFTER,2,E01009213,0,-1
2021440223303,2021,440223303,2,19,0,18,19,3,7,0,0,8,0,0,0,0,1,1,1,1,1,42,7,1968,2,5,VOLKSWAGEN CRAFTER,5,E01017025,0,-1
2021991066043,2021,991066043,3,19,0,18,19,1,5,0,0,0,0,0,0,0,1,1,1,1,1,52,8,1968,2,0,VOLKSWAGEN CRAFTER,3,-1,0,-1
2021010321826,2021,010321826,1,19,0,18,19,1,5,0,0,1,0,0,0,0,2,1,1,1,1,45,7,1968,2,3,VOLKSWAGEN CRAFTER,8,E01001963,0,-1
2021440053021,2021,440053021,1,19,0,18,19,2,6,0,0,0,0,0,0,0,1,1,1,1,1,55,8,1968,2,6,VOLKSWAGEN CRAFTER,6,E01015440,0,-1
2021522200407,2021,522200407,1,19,0,18,19,7,3,0,0,8,0,0,0,0,3,1,6,6,1,33,6,1968,2,8,VOLKSWAGEN CRAFTER,4,E01014590,0,-1