collision_index,collision_year,collision_ref_no,vehicle_reference,vehicle_type,towing_and_articulation,vehicle_manoeuvre_historic,vehicle_manoeuvre,vehicle_direction_from,vehicle_direction_to,vehicle_location_restricted_lane_historic,vehicle_location_restricted_lane,junction_location,skidding_and_overturning,hit_object_in_carriageway,vehicle_leaving_carriageway,hit_object_off_carriageway,first_point_of_impact,vehicle_left_hand_drive,journey_purpose_of_driver_historic,journey_purpose_of_driver,sex_of_driver,age_of_driver,age_band_of_driver,engine_capacity_cc,propulsion_code,age_of_vehicle,generic_make_model,driver_imd_decile,lsoa_of_driver,escooter_flag,driver_distance_banding
2021070400962,2021,070400962,2,19,0,18,19,6,2,0,0,0,0,0,0,0,2,1,1,1,1,-1,-1,1968,2,0,VOLKSWAGEN CRAFTER,7,E01006940,0,-1
2021430518991,2021,430518991,1,19,0,18,19,8,4,0,0,8,0,0,0,0,1,1,6,6,1,29,6,1968,2,4,VOLKSWAGEN CRAFTER,2,E01004008,0,-1
2021302101517,2021,302101517,1,19,0,18,19,8,4,0,0,4,0,0,0,0,1,1,1,1,3,-1,-1,1968,2,0,VOLKSWAGEN CRAFTER,5,E01019456,0,-1
2021461033687,2021,461033687,1,19,0,18,19,1,5,0,0,6,0,0,0,0,1,1,1,1,1,31,6,1968,2,3,VOLKSWAGEN CRAFTER,4,E01003714,0,-1
2021991124516,2021,991124516,1,19,0,18,19,3,7,0,0,0,0,0,0,0,3,1,2,2,1,49,8,1968,2,0,VOLKSWAGEN CRAFTER,4,-1,0,-1
2021552100941,2021,552100941,1,19,0,5,5,5,8,0,0,1,0,0,0,0,4,1,6,6,3,33,6,2461,2,12,VOLKSWAGEN CRAFTER,-1,-1,0,-1
2021010342565,2021,010342565,1,19,0,18,19,5,1,0,0,0,0,0,0,0,3,1,2,2,1,27,6,1968,2,2,VOLKSWAGEN CRAFTER,4,E01023538,0,-1
2021320429105,2021,320429105,1,19,0,4,4,6,2,0,0,0,0,0,0,0,2,1,1,1,1,22,5,1968,2,8,VOLKSWAGEN CRAFTER,4,E01026336,0,-1
202131C031621,2021,31C031621,2,19,0,4,4,4,8,0,0,1,0,0,0,0,2,1,1,1,1,39,7,1968,2,6,VOLKSWAGEN CRAFTER,9,E01007889,0,-1
2021101136128,2021,101136128,3,19,0,18,19,1,5,0,0,0,0,0,0,0,1,1,1,1,1,58,9,1968,2,2,VOLKSWAGEN CRAFTER,4,E01020826,0,-1
2021131119179,2021,131119179,1,19,0,18,19,8,4,0,0,0,0,0,0,0,1,1,1,1,1,37,7,1968,2,2,VOLKSWAGEN CRAFTER,3,E01011824,0,-1
2021991060354,2021,991060354,1,19,0,18,19,1,3,0,0,4,0,0,0,0,3,1,1,1,1,28,6,1968,2,3,VOLKSWAGEN CRAFTER,3,-1,0,-1
2021141059672,2021,141059672,2,19,0,18,19,3,7,0,0,1,0,0,0,0,1,1,1,1,1,55,8,1968,2,7,VOLKSWAGEN CRAFTER,2,E01008016,0,-1
2021552100459,2021,552100459,1,19,0,18,19,1,5,0,0,1,0,0,0,0,1,1,1,1,1,36,7,1968,2,5,VOLKSWAGEN CRAFTER,9,E01020399,0,-1
2021501103694,2021,501103694,1,19,0,18,19,5,1,0,0,1,0,0,0,0,1,1,1,1,1,32,6,1968,2,1,VOLKSWAGEN CRAFTER,3,E01020048,0,-1
2021221121433,2021,221121433,1,19,0,9,9,5,3,0,0,6,0,0,0,0,1,1,1,1,1,39,7,1968,2,1,VOLKSWAGEN CRAFTER,7,W01000449,0,-1
2021010312162,2021,010312162,2,19,0,99,99,9,9,99,99,9,9,99,9,99,9,9,6,6,3,-1,-1,1968,2,9,VOLKSWAGEN CRAFTER,-1,-1,0,-1
2021622100368,2021,622100368,1,19,0,18,19,4,8,0,0,0,0,4,0,0,4,1,6,6,1,32,6,1968,2,2,VOLKSWAGEN CRAFTER,6,W01001039,0,-1
2021161045797,2021,161045797,1,19,0,9,9,7,5,0,0,0,0,0,0,0,1,1,5,6,1,32,6,1968,2,2,VOLKSWAGEN CRAFTER,6,E01013253,0,-1
2021991081581,2021,991081581,1,19,0,18,19,4,8,0,0,0,0,0,1,11,1,1,1,1,1,39,7,1968,2,2,VOLKSWAGEN CRAFTER,2,E01019471,0,-1
2021131092404,2021,131092404,2,19,0,9,9,3,7,9,9,0,0,0,0,0,3,1,2,2,1,34,6,1968,2,3,VOLKSWAGEN CRAFTER,1,E01010676,0,-1
2021010312363,2021,010312363,2,19,0,99,99,9,9,0,0,1,0,0,0,0,1,9,6,6,1,34,6,1968,2,2,VOLKSWAGEN CRAFTER,3,E01003629,0,-1
2021141077038,2021,141077038,1,19,0,4,4,7,3,0,0,0,0,0,0,0,1,1,5,6,1,32,6,1968,2,5,VOLKSWAGEN CRAFTER,7,E01007748,0,-1
2021991096852,2021,991096852,1,19,0,17,19,2,6,0,0,0,0,0,0,0,3,1,1,1,1,61,9,1968,2,3,VOLKSWAGEN CRAFTER,6,-1,0,-1
2021010349538,2021,010349538,2,19,9,99,99,9,9,99,99,9,9,99,0,0,9,9,6,6,3,-1,-1,1968,2,1,VOLKSWAGEN CRAFTER,-1,-1,0,-1
2021522105678,2021,522105678,2,19,0,18,19,6,2,2,2,0,0,0,0,0,3,1,6,6,3,-1,-1,1968,2,0,VOLKSWAGEN CRAFTER,-1,-1,0,-1
202106X078954,2021,06X078954,1,19,0,18,19,2,6,0,0,0,0,0,0,0,1,1,1,1,1,34,6,1968,2,8,VOLKSWAGEN CRAFTER,-1,-1,0,-1
2021010322637,2021,010322637,1,19,0,18,19,7,3,0,0,0,1,0,0,0,1,1,1,1,1,56,9,1968,2,1,VOLKSWAGEN CRAFTER,2,E01001487,0,-1
202134NNC5191,2021,34NNC5191,2,19,0,18,19,1,5,0,0,0,0,0,0,0,1,1,1,1,1,65,9,1968,2,8,VOLKSWAGEN CRAFTER,9,E01014787,0,-1
2021522101403,2021,522101403,1,19,0,18,19,5,1,0,0,0,0,0,0,0,1,1,6,6,1,49,8,1968,2,2,VOLKSWAGEN CRAFTER,4,E01029119,0,-1
2021991064287,2021,991064287,2,19,0,18,19,4,8,0,0,8,1,0,4,1,1,1,1,1,1,43,7,1968,2,1,VOLKSWAGEN CRAFTER,1,-1,0,-1
2021991121540,2021,991121540,1,19,0,9,9,6,4,0,0,8,0,0,0,0,4,1,1,1,1,29,6,1968,2,3,VOLKSWAGEN CRAFTER,1,E01019650,0,-1
2021010346941,2021,010346941,2,19,0,18,19,7,3,0,0,1,0,0,0,0,1,1,1,1,1,21,5,1968,2,4,VOLKSWAGEN CRAFTER,5,E01001214,0,-1
2021131034849,2021,131034849,4,19,0,10,10,5,7,0,0,1,0,0,0,0,1,1,5,6,1,61,9,1968,2,7,VOLKSWAGEN CRAFTER,1,E01011346,0,-1
2021010307147,2021,010307147,1,20,0,6,6,1,1,0,0,1,0,0,0,0,3,1,1,1,1,57,9,1968,2,2,VOLKSWAGEN CRAFTER,4,E01001180,0,-1
2021371082645,2021,371082645,2,19,0,18,19,1,5,0,0,0,0,0,0,0,2,1,1,1,3,50,8,1968,2,2,VOLKSWAGEN CRAFTER,3,E01002070,0,-1
2021401118370,2021,401118370,1,19,0,1,1,5,1,0,0,1,0,11,0,0,2,1,1,1,1,44,7,1968,2,6,VOLKSWAGEN CRAFTER,7,E01016713,0,-1
2021411094657,2021,411094657,1,19,0,18,19,8,4,0,0,8,0,7,0,0,1,1,6,6,1,20,4,1968,2,2,VOLKSWAGEN CRAFTER,3,E01016444,0,-1
2021991046076,2021,991046076,2,19,0,3,3,7,3,0,0,0,0,0,0,0,2,1,1,1,1,46,8,2461,2,10,VOLKSWAGEN CRAFTER,2,E01006033,0,-1
2021221040177,2021,221040177,2,19,0,2,2,0,0,0,0,8,0,0,0,0,4,1,1,1,1,55,8,1968,2,4,VOLKSWAGEN CRAFTER,3,W01001678,0,-1
2021010350693,2021,010350693,1,19,0,4,4,4,8,0,0,0,0,0,0,0,1,1,6,6,1,58,9,1968,2,0,VOLKSWAGEN CRAFTER,3,E01002215,0,-1
2021471028236,2021,471028236,1,19,0,9,9,8,6,0,0,1,0,0,0,0,3,1,1,1,1,36,7,1968,2,1,VOLKSWAGEN CRAFTER,2,E01026949,0,-1
2021170L10191,2021,170L10191,3,19,0,18,19,6,2,0,0,0,0,0,0,0,1,1,1,1,1,64,9,-1,-1,-1,VOLKSWAGEN CRAFTER,6,E01027394,0,-1
2021440295781,2021,440295781,1,20,0,10,10,3,1,0,0,5,0,0,0,0,2,1,1,1,3,-1,-1,-1,-1,-1,VOLKSWAGEN CRAFTER,-1,-1,0,-1
2021010325473,2021,010325473,2,19,0,99,99,9,9,99,99,0,9,99,9,99,2,9,6,6,3,-1,-1,1968,2,3,VOLKSWAGEN CRAFTER,3,E01029361,0,-1
2021501112565,2021,501112565,1,19,0,5,5,1,5,0,0,3,0,0,0,0,1,1,6,6,1,50,8,1968,2,1,VOLKSWAGEN CRAFTER,6,E01015107,0,-1
2021010290480,2021,010290480,2,19,0,2,2,0,0,0,0,1,0,0,0,0,0,1,6,6,3,-1,-1,2461,2,13,VOLKSWAGEN CRAFTER,-1,-1,0,-1
2021471072331,2021,471072331,1,20,0,18,19,4,8,0,0,0,0,0,0,0,1,1,5,6,1,25,5,-1,-1,-1,VOLKSWAGEN CRAFTER,5,E01023201,0,-1
2021131109500,2021,131109500,1,19,0,2,2,0,0,0,0,0,0,0,0,0,1,1,6,6,3,-1,-1,1968,2,6,VOLKSWAGEN CRAFTER,-1,-1,0,-1
2021010337365,2021,010337365,1,19,0,99,99,9,9,99,99,9,9,99,9,99,2,9,6,6,3,-1,-1,1968,2,1,VOLKSWAGEN CRAFTER,-1,-1,0,-1
2021101042867,2021,101042867,1,19,0,-1,-1,-1,-1,-1,-1,8,0,0,0,0,-1,1,6,6,1,-1,-1,1968,2,5,VOLKSWAGEN CRAFTER,-1,-1,0,-1
2021161096791,2021,161096791,1,19,0,16,19,3,1,0,0,1,0,0,7,1,1,1,1,1,1,20,4,1968,2,0,VOLKSWAGEN CRAFTER,3,E01011257,0,-1
2021010291276,2021,010291276,2,19,0,2,2,0,0,0,0,1,0,4,0,0,2,1,6,6,3,-1,-1,2461,2,15,VOLKSWAGEN CRAFTER,-1,-1,0,-1
2021010333785,2021,010333785,2,19,0,5,5,1,5,0,0,2,0,0,0,0,3,1,2,2,1,23,5,1968,2,3,VOLKSWAGEN CRAFTER,4,E01001514,0,-1
2021010327351,2021,010327351,1,19,0,99,99,9,9,99,99,9,9,99,9,99,2,9,1,1,1,40,7,1968,2,8,VOLKSWAGEN CRAFTER,7,E01004635,0,-1
2021010328827,2021,010328827,1,19,0,18,19,1,5,0,0,0,0,0,0,0,3,1,1,1,1,40,7,1968,2,3,VOLKSWAGEN CRAFTER,3,E01001229,0,-1
2021170M31601,2021,170M31601,2,19,0,7,7,8,2,0,0,1,0,0,0,0,1,1,2,2,1,31,6,1968,2,7,VOLKSWAGEN CRAFTER,2,E01008216,0,-1
2021010346188,2021,010346188,2,19,0,99,99,9,9,99,99,9,9,99,9,99,2,9,6,6,3,-1,-1,1968,2,1,VOLKSWAGEN CRAFTER,-1,-1,0,-1
2021010289385,2021,010289385,1,19,0,9,9,1,7,0,0,6,0,0,0,0,4,1,1,1,1,48,8,1968,2,3,VOLKSWAGEN CRAFTER,8,E01030860,0,-1
2021010351221,2021,010351221,1,19,0,18,19,7,3,0,0,1,0,0,0,0,3,1,1,1,1,25,5,1968,2,3,VOLKSWAGEN CRAFTER,5,E01021773,0,-1
2021991033074,2021,991033074,2,19,0,18,19,5,1,0,0,1,0,0,0,0,1,1,1,1,1,67,10,1968,2,2,VOLKSWAGEN CRAFTER,4,-1,0,-1
2021010329762,2021,010329762,2,19,0,9,9,1,7,0,0,2,0,0,0,0,3,1,6,6,1,31,6,1968,2,4,VOLKSWAGEN CRAFTER,2,E01000018,0,-1
2021501069218,2021,501069218,2,19,0,9,9,3,1,0,0,0,0,0,0,0,1,1,1,1,1,41,7,1968,2,1,VOLKSWAGEN CRAFTER,4,E01019024,0,-1
2021141035852,2021,141035852,2,19,0,9,9,4,2,0,0,1,0,0,0,0,1,1,6,6,1,22,5,1968,2,0,VOLKSWAGEN CRAFTER,3,E01007363,0,-1
2021010306475,2021,010306475,2,19,0,9,9,6,3,0,0,8,0,0,0,0,3,1,1,1,1,36,7,1968,2,4,VOLKSWAGEN CRAFTER,3,E01001769,0,-1
2021010322867,2021,010322867,1,19,0,3,3,1,5,0,0,0,0,0,0,0,1,1,6,6,1,49,8,2461,2,13,VOLKSWAGEN CRAFTER,9,E01002192,0,-1
2021991109152,2021,991109152,2,10,0,2,2,0,0,0,0,0,0,0,0,0,2,1,1,1,1,62,9,1968,2,8,VOLKSWAGEN CRAFTER,9,-1,0,-1
2021052101276,2021,052101276,1,19,0,18,19,3,7,0,0,2,0,0,0,0,1,1,6,6,3,-1,-1,1968,2,7,VOLKSWAGEN CRAFTER,-1,-1,0,-1
2021010320878,2021,010320878,2,19,0,9,9,4,2,0,0,2,0,0,0,0,0,1,1,1,1,-1,-1,1968,2,2,VOLKSWAGEN CRAFTER,3,E01001752,0,-1
2021122100541,2021,122100541,1,19,0,1,1,7,3,6,6,0,0,0,0,0,2,1,1,1,1,47,8,1968,2,4,VOLKSWAGEN CRAFTER,7,E01010879,0,-1
2021471070805,2021,471070805,2,19,0,3,3,7,3,0,0,1,0,1,0,0,2,1,1,1,1,55,8,1968,2,7,VOLKSWAGEN CRAFTER,5,E01016991,0,-1
2021501085577,2021,501085577,2,19,0,18,19,1,3,0,0,6,0,0,0,0,4,1,6,6,1,32,6,1968,2,6,VOLKSWAGEN CRAFTER,2,E01019055,0,-1
2021131069814,2021,131069814,1,19,0,1,1,0,0,7,6,0,0,0,0,0,2,1,5,6,1,45,7,1968,2,9,VOLKSWAGEN CRAFTER,4,E01010601,0,-1
2021010344073,2021,010344073,2,19,0,3,3,7,3,0,0,8,0,0,0,0,0,1,2,2,1,31,6,1968,2,4,VOLKSWAGEN CRAFTER,5,E01003414,0,-1
2021461127411,2021,461127411,1,19,0,16,19,8,4,0,0,0,0,0,0,0,3,1,2,2,1,32,6,1968,2,0,VOLKSWAGEN CRAFTER,7,E01024035,0,-1
2021010318263,2021,010318263,1,19,0,17,19,5,3,0,0,1,0,0,0,0,3,1,2,2,1,54,8,2461,2,10,VOLKSWAGEN CRAFTER,4,E01001674,0,-1
2021010330452,2021,010330452,1,19,0,3,3,7,3,0,0,0,0,0,0,0,1,1,1,1,1,33,6,1968,2,2,VOLKSWAGEN CRAFTER,4,E01003210,0,-1
2021010304781,2021,010304781,2,19,0,5,5,7,3,0,0,2,0,0,0,0,1,1,1,1,1,22,5,1968,2,0,VOLKSWAGEN CRAFTER,7,E01021832,0,-1
2021421059975,2021,421059975,2,19,0,18,19,7,3,0,0,0,0,0,0,0,1,1,1,1,1,32,6,1968,2,4,VOLKSWAGEN CRAFTER,4,E01021295,0,-1
2021010344847,2021,010344847,3,19,4,18,19,5,1,0,0,1,0,0,0,0,1,1,6,6,1,29,6,1968,2,5,VOLKSWAGEN CRAFTER,5,E01001278,0,-1
2021141029685,2021,141029685,1,19,0,2,2,1,5,9,9,0,0,0,0,0,2,1,6,6,1,58,9,1968,2,7,VOLKSWAGEN CRAFTER,6,E01007335,0,-1
2021010309532,2021,010309532,1,19,0,9,9,1,7,0,0,0,0,0,0,0,4,1,1,1,1,40,7,1968,2,4,VOLKSWAGEN CRAFTER,3,E01000635,0,-1
2021231030565,2021,231030565,2,19,0,2,2,0,0,9,9,2,0,0,0,0,3,1,5,6,1,45,7,2461,2,12,VOLKSWAGEN CRAFTER,7,E01031108,0,-1
2021471125410,2021,471125410,1,19,0,7,7,1,3,0,0,4,0,0,0,0,1,1,1,1,1,33,6,1968,2,3,VOLKSWAGEN CRAFTER,5,E01003085,0,-1
2021411067583,2021,411067583,2,19,0,3,3,1,5,0,0,0,0,0,0,0,2,1,1,1,1,32,6,1968,2,0,VOLKSWAGEN CRAFTER,7,E01023636,0,-1
2021010298588,2021,010298588,1,20,0,18,19,5,1,0,0,8,0,0,0,0,2,1,2,2,1,60,9,-1,-1,-1,VOLKSWAGEN CRAFTER,3,E01001359,0,-1
2021161117875,2021,161117875,2,19,0,4,4,5,1,0,0,0,0,0,0,0,1,1,1,1,1,-1,-1,1968,2,0,VOLKSWAGEN CRAFTER,3,E01013310,0,-1
2021361022508,2021,361022508,2,19,0,2,2,0,0,0,0,0,0,0,0,0,1,1,6,6,3,-1,-1,2461,2,12,VOLKSWAGEN CRAFTER,-1,-1,0,-1
2021061038960,2021,061038960,2,5,0,17,19,2,7,0,0,1,0,0,0,0,1,1,6,6,1,27,6,599,1,18,-1,5,E01006021,0,-1
2021131076995,2021,131076995,1,5,0,18,19,8,4,0,0,0,1,4,0,0,1,1,2,2,1,24,5,599,1,23,-1,4,E01010704,0,-1
2021052100427,2021,052100427,2,5,0,18,19,5,1,0,0,1,0,0,0,0,1,1,6,6,1,18,4,599,1,18,-1,3,E01007178,0,-1
2021141109988,2021,141109988,2,5,0,18,19,7,3,0,0,8,0,0,0,0,3,1,5,6,1,58,9,599,1,23,-1,3,E01007966,0,-1
2021520200916,2021,520200916,1,5,0,18,19,1,5,0,0,0,1,0,0,0,4,1,6,6,1,54,8,599,1,18,-1,8,E01029245,0,-1
2021991032691,2021,991032691,1,5,0,18,19,7,3,0,0,0,1,0,7,4,3,1,6,6,1,20,4,599,1,19,-1,6,-1,0,-1
2021041022887,2021,041022887,2,5,0,18,19,7,3,0,0,0,0,0,1,0,1,1,5,6,1,20,4,599,1,22,-1,8,E01025141,0,-1
202134NNC3611,2021,34NNC3611,2,5,0,3,3,7,3,0,0,4,0,0,0,0,2,1,6,6,1,53,8,847,1,5,YAMAHA XSR,5,E01026981,0,-1
2021231044103,2021,231044103,2,5,0,18,19,2,6,0,0,8,0,0,0,0,4,1,5,6,1,68,10,689,1,3,YAMAHA XSR,8,E01031011,0,-1
2021010349966,2021,010349966,2,5,0,18,19,1,5,0,0,8,0,0,0,0,1,1,2,2,1,33,6,847,1,4,YAMAHA XSR,7,E01023888,0,-1
2021010350717,2021,010350717,1,5,0,15,15,5,1,0,0,0,1,0,0,0,2,1,6,6,1,24,5,689,1,0,YAMAHA XSR,4,E01023296,0,-1
2021552100734,2021,552100734,1,5,0,17,19,6,3,0,0,0,1,0,8,10,1,1,6,6,1,26,6,847,1,4,YAMAHA XSR,-1,-1,0,-1
2021010303500,2021,010303500,1,5,0,99,99,9,9,99,99,9,9,99,9,99,9,1,2,2,1,39,7,689,1,5,YAMAHA XSR,6,E01000492,0,-1
2021440118270,2021,440118270,1,5,0,18,19,4,8,0,0,0,0,12,7,9,1,1,6,6,1,63,9,847,1,4,YAMAHA XSR,7,E01022858,0,-1
2021430130338,2021,430130338,2,5,0,18,19,1,5,0,0,8,0,0,1,11,3,1,6,6,1,51,8,847,1,1,YAMAHA XSR,4,E01016207,0,-1
2021361125398,2021,361125398,2,5,0,13,13,7,3,0,0,1,1,0,0,0,1,1,5,6,1,67,10,689,1,3,YAMAHA XSR,7,E01026421,0,-1
202131A082121,2021,31A082121,2,5,0,18,19,4,8,0,0,8,0,0,8,0,1,1,6,6,1,19,4,689,1,5,YAMAHA XSR,4,E01027960,0,-1
2021211113702,2021,211113702,2,5,0,7,7,1,4,0,0,8,0,0,0,0,1,1,6,6,1,66,10,847,1,3,YAMAHA XSR,5,E01029399,0,-1
2021161054604,2021,161054604,2,5,0,18,19,1,5,0,0,1,1,0,0,0,3,1,5,6,1,64,9,847,1,4,YAMAHA XSR,7,E01013010,0,-1
2021421096676,2021,421096676,1,5,0,5,5,3,6,0,0,3,5,0,0,0,3,1,2,2,1,42,7,847,1,2,YAMAHA XSR,4,E01001140,0,-1
2021421033163,2021,421033163,1,5,0,13,13,4,8,0,0,0,5,0,0,0,1,1,5,6,1,43,7,689,1,4,YAMAHA XSR,4,E01000547,0,-1
2021031082834,2021,031082834,1,5,0,18,19,7,3,0,0,1,0,0,0,0,1,1,5,6,1,28,6,847,1,4,YAMAHA XSR,6,E01019100,0,-1
2021010298861,2021,010298861,1,5,0,18,19,3,7,0,0,8,0,0,0,0,1,1,6,6,1,52,8,847,1,3,YAMAHA XSR,4,E01033579,0,-1
202131B137421,2021,31B137421,2,5,0,10,10,4,8,0,0,1,0,0,0,0,1,1,2,2,1,43,7,847,1,2,YAMAHA XSR,6,E01028308,0,-1
202134NNC6011,2021,34NNC6011,2,3,0,18,19,4,8,0,0,8,1,0,0,0,4,1,2,2,1,23,5,124,1,0,YAMAHA XSR,6,E01027043,0,-1
2021421016338,2021,421016338,2,5,0,18,19,3,7,0,0,1,0,0,0,0,1,1,6,6,1,17,4,689,1,5,YAMAHA XSR,7,E01021628,0,-1
2021501020043,2021,501020043,1,4,0,18,19,3,6,0,0,0,2,0,0,0,3,1,6,6,1,26,6,450,1,10,-1,5,E01015123,0,-1
2021451109411,2021,451109411,1,4,0,17,19,1,5,0,0,0,0,0,0,0,1,1,6,6,1,22,5,250,1,13,-1,5,E01030815,0,-1
2021544885721,2021,544885721,2,9,0,2,2,0,0,0,0,0,0,0,0,0,1,1,6,6,1,27,6,1910,2,15,-1,5,E01032103,0,-1
2021411015091,2021,411015091,2,9,0,18,19,7,3,0,0,0,0,0,0,0,-1,1,5,6,1,45,7,5204,1,4,-1,-1,-1,0,-1
2021041038237,2021,041038237,1,9,0,9,9,3,5,0,0,8,0,0,0,0,1,1,5,6,1,38,7,3982,1,3,-1,3,E01025368,0,-1
202131D076921,2021,31D076921,2,9,0,2,2,0,0,0,0,1,0,0,0,0,2,1,6,6,2,48,8,3982,1,2,-1,3,E01013830,0,-1
2021520200970,2021,520200970,1,9,0,18,19,6,2,0,0,0,0,4,0,0,1,1,6,6,1,52,8,4395,1,2,BMW M5,2,E01029095,0,-1
2021061085481,2021,061085481,1,9,0,18,19,7,2,0,0,1,0,0,0,0,3,1,1,1,1,21,5,4395,1,5,BMW M5,1,E01004827,0,-1
2021131092239,2021,131092239,1,9,0,6,6,2,6,0,0,0,0,0,0,0,1,1,5,6,1,27,6,4999,1,16,BMW M5,1,E01010817,0,-1
2021101079327,2021,101079327,2,9,0,4,4,7,3,0,0,8,0,0,0,0,2,1,6,6,1,35,6,4395,1,7,BMW M5,-1,-1,0,-1
2021131122018,2021,131122018,2,9,0,2,2,4,8,0,0,2,0,0,0,0,3,1,6,6,1,61,9,4395,1,8,BMW M5,8,E01011244,0,-1
2021010320707,2021,010320707,1,9,0,18,19,7,3,0,0,0,0,0,0,0,4,1,2,2,1,38,7,4395,1,2,BMW M5,4,E01021776,0,-1
2021041073765,2021,041073765,2,9,0,18,19,7,3,0,0,0,0,0,0,0,1,1,5,6,1,55,8,4395,1,5,BMW M5,4,E01033072,0,-1
202131A151921,2021,31A151921,1,9,0,17,19,4,1,0,0,2,2,0,7,4,1,1,6,6,1,29,6,4395,1,6,BMW M5,4,E01027929,0,-1
2021101065171,2021,101065171,1,9,0,3,3,7,3,0,0,1,1,0,0,0,1,1,5,6,1,49,8,4395,1,1,BMW M5,1,E01008331,0,-1
2021122101135,2021,122101135,1,9,0,13,13,7,3,0,0,0,0,0,0,0,0,1,6,6,1,42,7,4395,1,7,BMW M5,9,E01027687,0,-1
2021010295217,2021,010295217,1,9,0,99,99,9,9,0,0,0,9,99,9,99,9,9,6,6,1,33,6,4395,1,8,BMW M5,7,E01016613,0,-1
2021010316058,2021,010316058,2,9,0,18,19,7,3,0,0,0,1,0,0,0,4,1,6,6,1,23,5,4395,1,3,BMW M5,4,E01003770,0,-1
2021401096827,2021,401096827,1,9,0,18,19,8,4,0,0,0,5,0,7,0,1,1,6,6,1,39,7,4395,1,8,BMW M5,2,E01015759,0,-1
2021031065300,2021,031065300,1,9,0,8,8,5,1,0,0,1,0,0,0,0,1,1,5,6,1,66,10,4999,1,15,BMW M5,3,E01019205,0,-1
2021201108350,2021,201108350,1,9,0,16,19,8,2,0,0,0,1,7,0,0,1,1,6,6,1,42,7,4395,1,4,BMW M5,7,E01010537,0,-1
2021430398059,2021,430398059,1,9,0,18,19,3,7,0,0,4,0,0,0,0,1,1,6,6,2,42,7,4395,1,6,BMW M5,-1,-1,0,-1
2021041093559,2021,041093559,1,9,0,5,5,7,3,0,0,0,0,0,0,0,1,1,1,1,1,32,6,4395,1,2,BMW M5,9,E01025595,0,-1
2021320688325,2021,320688325,1,9,0,17,19,2,6,0,0,0,0,0,0,0,1,1,1,1,1,33,6,4395,1,0,BMW M5,5,E01026224,0,-1
2021411098024,2021,411098024,1,9,0,18,19,8,4,0,0,1,0,0,3,0,1,1,6,6,3,-1,-1,4395,1,2,BMW M5,-1,-1,0,-1
2021131091474,2021,131091474,1,9,0,16,19,4,8,0,0,0,1,0,1,0,3,1,1,1,1,33,6,4395,1,8,BMW M5,8,E01010686,0,-1
2021991125957,2021,991125957,1,9,0,13,13,6,2,0,0,6,1,0,0,0,1,1,5,6,1,36,7,4395,1,0,BMW M5,5,-1,0,-1
2021010345295,2021,010345295,3,9,0,18,19,7,3,0,0,0,0,0,0,0,2,1,6,6,1,32,6,4395,1,7,BMW M5,3,E01000092,0,-1
2021010350337,2021,010350337,1,9,0,9,9,1,7,9,9,6,0,0,0,0,3,1,6,6,3,-1,-1,4395,1,2,BMW M5,-1,-1,0,-1
2021522200216,2021,522200216,2,9,0,2,2,0,0,0,0,0,0,0,0,0,4,1,6,6,3,50,8,4395,1,2,BMW M5,-1,-1,0,-1
2021302101719,2021,302101719,2,9,0,9,9,3,2,0,0,0,0,0,0,0,1,1,6,6,1,32,6,4395,1,2,BMW M5,5,E01013595,0,-1
2021010299262,2021,010299262,1,9,0,9,9,5,2,0,0,8,0,10,3,2,1,1,6,6,1,30,6,4395,1,2,BMW M5,3,E01003572,0,-1
2021010328303,2021,010328303,2,9,0,12,12,5,1,0,0,1,0,0,0,0,1,1,6,6,1,29,6,4395,1,1,BMW M5,-1,-1,0,-1
2021010343733,2021,010343733,1,9,0,18,19,3,7,0,0,5,2,10,5,6,1,1,6,6,1,33,6,4999,1,15,BMW M5,-1,-1,0,-1
2021451114820,2021,451114820,1,9,0,18,19,7,3,0,0,8,1,7,0,0,1,1,5,6,1,38,7,4395,1,7,BMW M5,1,E01024155,0,-1
2021010339078,2021,010339078,1,9,0,18,19,6,2,0,0,1,1,0,5,4,1,1,6,6,1,37,7,4395,1,2,BMW M5,2,E01002090,0,-1
2021010304566,2021,010304566,2,9,9,99,99,9,9,99,99,9,9,99,9,99,9,9,6,6,3,-1,-1,4395,1,3,BMW M5,-1,-1,0,-1
2021320206576,2021,320206576,1,5,0,13,13,2,6,0,0,0,5,0,7,0,4,1,6,6,1,54,8,748,1,18,-1,2,E01013315,0,-1
2021461095377,2021,461095377,2,5,0,3,3,6,1,0,0,3,0,0,0,0,2,1,6,6,1,60,9,1868,1,0,-1,8,E01000985,0,-1
2021991092756,2021,991092756,2,5,0,18,19,1,6,0,0,1,5,0,0,0,1,1,6,6,1,54,8,1868,1,0,-1,9,-1,0,-1
2021421081790,2021,421081790,2,5,0,18,19,2,6,0,0,1,5,0,0,0,1,1,5,6,1,51,8,1868,1,0,-1,2,E01021488,0,-1
2021451107882,2021,451107882,2,5,0,16,19,3,7,0,0,0,0,10,0,0,1,1,5,6,1,58,9,599,1,19,-1,2,E01000730,0,-1
2021520104297,2021,520104297,2,5,0,13,13,4,8,0,0,0,0,0,0,0,4,1,6,6,1,36,7,599,1,21,-1,6,E01029091,0,-1
2021041069821,2021,041069821,1,5,0,18,19,1,1,0,0,2,2,0,0,0,1,1,5,6,1,51,8,599,1,24,-1,1,E01024909,0,-1
2021201138296,2021,201138296,2,5,0,18,19,8,4,0,0,3,0,0,0,0,1,1,2,2,1,52,8,599,1,24,-1,1,E01010274,0,-1
2021451034425,2021,451034425,3,5,0,4,4,3,7,0,0,1,2,0,0,0,1,1,5,6,1,36,7,600,1,22,-1,4,E01030496,0,-1