collision_index,collision_year,collision_ref_no,vehicle_reference,vehicle_type,towing_and_articulation,vehicle_manoeuvre_historic,vehicle_manoeuvre,vehicle_direction_from,vehicle_direction_to,vehicle_location_restricted_lane_historic,vehicle_location_restricted_lane,junction_location,skidding_and_overturning,hit_object_in_carriageway,vehicle_leaving_carriageway,hit_object_off_carriageway,first_point_of_impact,vehicle_left_hand_drive,journey_purpose_of_driver_historic,journey_purpose_of_driver,sex_of_driver,age_of_driver,age_band_of_driver,engine_capacity_cc,propulsion_code,age_of_vehicle,generic_make_model,driver_imd_decile,lsoa_of_driver,escooter_flag,driver_distance_banding
2021461197022,2021,461197022,2,97,0,18,19,5,1,0,0,0,0,0,0,0,1,1,5,6,1,40,7,599,1,14,-1,1,E01016111,0,-1
2021141036031,2021,141036031,1,5,0,18,19,5,1,0,0,0,5,0,1,0,4,1,2,2,1,34,6,599,1,19,-1,7,E01007684,0,-1
2021041110830,2021,041110830,2,5,0,9,9,5,3,0,0,4,0,0,0,0,3,1,5,6,1,28,6,599,1,23,-1,2,E01012711,0,-1
2021531115678,2021,531115678,2,5,0,18,19,3,7,0,0,0,2,0,0,0,1,1,2,2,1,32,6,599,1,20,-1,9,E01022278,0,-1
2021141105282,2021,141105282,1,5,0,18,19,3,4,0,0,0,1,0,0,0,1,1,1,1,1,27,6,599,1,18,-1,3,E01008004,0,-1
2021540492121,2021,540492121,1,5,0,5,5,2,6,0,0,0,1,0,0,0,4,1,6,6,1,37,7,1084,1,1,-1,-1,-1,0,-1
2021031110207,2021,031110207,1,5,0,17,19,3,1,0,0,0,5,0,0,0,1,1,6,6,1,53,8,1084,1,0,-1,1,E01012349,0,-1
2021161035715,2021,161035715,1,5,0,17,19,2,8,0,0,0,1,10,0,0,4,1,2,2,1,46,8,1084,1,0,-1,-1,-1,0,-1
2021101125382,2021,101125382,1,5,0,13,13,4,8,0,0,8,0,0,0,0,1,1,5,6,1,47,8,1084,1,1,-1,8,E01008249,0,-1
2021302100842,2021,302100842,1,5,0,16,19,4,8,0,0,0,0,10,0,0,1,1,6,6,1,44,7,1084,1,0,-1,7,E01007836,0,-1
2021010315221,2021,010315221,1,5,0,99,99,9,9,99,99,0,9,99,9,99,9,1,6,6,1,34,6,1084,1,0,-1,10,E01031646,0,-1
2021991062992,2021,991062992,1,5,0,17,19,5,2,0,0,8,0,0,0,0,3,1,5,6,1,55,8,1084,1,2,-1,1,-1,0,-1
2021010300835,2021,010300835,2,5,0,18,19,7,3,0,0,8,0,0,0,0,1,1,6,6,1,62,9,1084,1,1,-1,7,E01030553,0,-1
2021010346744,2021,010346744,2,5,0,13,13,1,5,0,0,1,0,0,7,11,1,1,2,2,1,35,6,1084,1,2,-1,-1,-1,0,-1
2021361052179,2021,361052179,1,9,0,18,19,3,7,0,0,0,0,0,7,9,1,1,5,6,1,33,6,1590,1,20,HONDA HR-V,6,E01026494,0,-1
202163B098221,2021,63B098221,1,9,0,18,19,5,2,0,0,6,0,0,3,10,1,1,6,6,2,48,8,1597,2,5,HONDA HR-V,7,W01000532,0,-1
2021101089787,2021,101089787,1,9,0,18,19,2,6,0,0,8,0,0,0,0,1,1,5,6,2,66,10,1597,2,5,HONDA HR-V,8,E01015588,0,-1
2021201143218,2021,201143218,1,9,0,1,1,1,5,0,0,8,0,0,0,0,2,1,6,6,2,-1,-1,1590,1,21,HONDA HR-V,2,E01009014,0,-1
2021131081636,2021,131081636,2,9,0,18,19,1,5,0,0,1,0,0,0,0,1,1,5,6,2,76,11,1498,1,5,HONDA HR-V,9,E01026226,0,-1
2021052200122,2021,052200122,1,9,0,18,19,7,3,0,0,6,0,0,0,0,3,1,6,6,2,84,11,1590,1,20,HONDA HR-V,4,E01006793,0,-1
2021541938721,2021,541938721,2,9,0,10,10,8,5,0,0,1,0,0,0,0,1,1,6,6,1,83,11,1498,1,4,HONDA HR-V,8,E01015536,0,-1
2021041088465,2021,041088465,2,9,0,11,11,5,1,0,0,0,0,0,0,0,2,1,2,2,2,46,8,1597,2,6,HONDA HR-V,10,E01025408,0,-1
2021351033461,2021,351033461,1,9,0,4,4,8,4,0,0,1,0,0,0,0,4,1,5,6,1,55,8,1590,1,19,HONDA HR-V,10,E01018284,0,-1
2021131065006,2021,131065006,1,9,0,1,1,5,1,9,9,0,0,0,0,0,2,1,5,6,1,46,8,1498,1,4,HONDA HR-V,5,E01010598,0,-1
2021991065332,2021,991065332,1,9,0,7,7,3,6,9,9,8,0,0,0,0,4,1,5,6,1,78,11,1498,1,5,HONDA HR-V,8,-1,0,-1
2021010341994,2021,010341994,2,9,0,18,19,4,8,0,0,8,0,0,0,0,1,1,6,6,2,-1,-1,1498,1,2,HONDA HR-V,10,E01001475,0,-1
2021052102881,2021,052102881,1,9,0,18,19,7,3,0,0,4,0,0,0,0,1,1,6,6,1,59,9,1597,2,4,HONDA HR-V,5,E01006781,0,-1
2021501090655,2021,501090655,2,9,0,18,19,7,3,0,0,0,0,0,0,0,1,1,6,6,2,65,9,1498,1,2,HONDA HR-V,5,E01019598,0,-1
2021201131119,2021,201131119,5,9,0,2,2,0,0,9,9,1,0,0,0,0,1,1,6,6,1,35,6,1597,2,6,HONDA HR-V,1,E01009222,0,-1
2021010338720,2021,010338720,1,9,0,16,19,4,8,0,0,0,0,0,0,0,1,1,6,6,1,60,9,1498,1,2,HONDA HR-V,1,E01001574,0,-1
2021531044134,2021,531044134,2,9,0,18,19,3,7,0,0,8,0,0,0,0,4,1,5,6,1,57,9,1597,2,1,HONDA HR-V,3,E01022286,0,-1
2021010324233,2021,010324233,1,9,0,4,4,7,3,0,0,0,0,0,0,0,0,1,6,6,1,36,7,1498,1,5,HONDA HR-V,6,E01002479,0,-1
2021991063513,2021,991063513,3,9,0,18,19,3,7,0,0,0,0,0,0,0,2,1,2,2,1,48,8,1597,2,4,HONDA HR-V,5,-1,0,-1
2021471042950,2021,471042950,1,9,0,18,19,6,2,0,0,0,1,0,1,0,1,1,5,6,1,79,11,1498,1,5,HONDA HR-V,8,E01030556,0,-1
2021010346396,2021,010346396,3,9,0,18,19,5,1,0,0,1,0,0,0,0,1,1,6,6,2,66,10,1498,1,2,HONDA HR-V,4,E01000999,0,-1
2021440407249,2021,440407249,1,9,0,18,19,3,7,0,0,1,0,0,0,0,4,1,6,6,1,41,7,1597,2,6,HONDA HR-V,6,E01017029,0,-1
2021501049125,2021,501049125,1,9,0,5,5,4,8,0,0,1,0,0,0,0,1,1,1,1,2,50,8,1597,2,4,HONDA HR-V,3,E01015060,0,-1
2021421109824,2021,421109824,2,9,0,18,19,5,1,0,0,0,0,0,0,0,4,1,5,6,2,73,10,1498,1,2,HONDA HR-V,5,E01026892,0,-1
2021501072594,2021,501072594,1,9,0,9,9,4,2,0,0,8,0,0,0,0,1,1,5,6,1,53,8,1498,1,2,HONDA HR-V,10,E01030375,0,-1
2021201145636,2021,201145636,1,9,0,5,5,8,4,0,0,8,0,0,0,0,0,1,6,6,1,45,7,1597,2,5,HONDA HR-V,4,E01010330,0,-1
2021320631856,2021,320631856,1,9,0,18,19,7,3,0,0,1,0,0,0,0,0,1,6,6,2,63,9,1498,1,2,HONDA HR-V,6,E01026252,0,-1
2021041036650,2021,041036650,3,9,0,4,4,3,7,0,0,0,0,0,0,0,2,2,5,6,2,37,7,1597,2,4,HONDA HR-V,4,E01012714,0,-1
2021010325955,2021,010325955,2,9,0,2,2,0,0,6,6,8,0,0,1,0,1,1,6,6,3,-1,-1,1498,1,3,HONDA HR-V,-1,-1,0,-1
2021221073061,2021,221073061,1,9,0,18,19,3,7,0,0,8,0,0,0,0,1,1,5,6,2,61,9,1498,1,4,HONDA HR-V,5,E01028910,0,-1
2021440223713,2021,440223713,1,9,0,18,19,4,8,0,0,0,0,0,0,0,1,1,6,6,2,81,11,1498,1,4,HONDA HR-V,9,E01023191,0,-1
2021010315896,2021,010315896,1,9,0,9,9,1,7,0,0,5,0,0,0,0,1,1,6,6,1,48,8,1498,1,6,HONDA HR-V,7,E01026015,0,-1
2021010294684,2021,010294684,2,9,0,99,99,9,9,99,99,9,9,99,9,99,1,9,6,6,3,-1,-1,1590,1,21,HONDA HR-V,3,E01001762,0,-1
2021010307610,2021,010307610,1,9,0,9,9,5,3,0,0,6,0,0,0,0,1,1,6,6,2,58,9,1590,1,18,HONDA HR-V,2,E01003351,0,-1
2021361076241,2021,361076241,1,9,0,18,19,2,5,0,0,0,0,0,0,0,4,1,2,2,2,78,11,1498,1,3,HONDA HR-V,7,E01026096,0,-1
2021052200132,2021,052200132,2,9,0,18,19,8,4,0,0,1,0,0,0,0,3,1,6,6,2,73,10,1498,1,4,HONDA HR-V,3,E01006969,0,-1
2021361075930,2021,361075930,1,9,0,18,19,6,2,0,0,2,5,4,0,0,1,1,5,6,2,78,11,1498,1,1,HONDA HR-V,8,E01026714,0,-1
2021351060302,2021,351060302,2,9,0,3,3,8,4,0,0,0,0,0,0,0,2,1,6,6,2,38,7,1597,2,4,HONDA HR-V,9,E01015681,0,-1
2021201086111,2021,201086111,2,9,0,18,19,7,3,0,0,4,5,7,0,0,3,1,6,6,2,29,6,1498,1,6,HONDA HR-V,7,E01010157,0,-1
2021552100788,2021,552100788,2,9,0,9,9,3,1,0,0,5,0,0,0,0,4,1,6,6,1,69,10,1498,1,5,HONDA HR-V,7,E01020354,0,-1
2021010300121,2021,010300121,2,9,0,5,5,3,7,0,0,1,0,0,0,0,4,1,6,6,2,67,10,1590,1,18,HONDA HR-V,4,E01002486,0,-1
2021031133827,2021,031133827,1,9,0,9,9,6,3,0,0,6,0,0,0,0,1,1,6,6,2,43,7,1597,2,5,HONDA HR-V,9,E01019326,0,-1
2021440372645,2021,440372645,2,9,0,3,3,3,7,0,0,0,0,0,0,0,2,1,6,6,2,45,7,1498,1,5,HONDA HR-V,10,E01022726,0,-1
2021010346352,2021,010346352,1,9,0,99,99,9,9,99,99,9,9,99,9,99,2,9,6,6,2,33,6,1498,1,1,HONDA HR-V,2,E01001982,0,-1
2021070473653,2021,070473653,3,9,0,3,3,5,1,0,0,1,0,0,0,0,1,1,6,6,1,67,10,1498,1,3,HONDA HR-V,5,E01018719,0,-1
2021010305233,2021,010305233,1,9,0,3,3,5,1,0,0,1,0,0,0,0,2,1,6,6,1,32,6,1498,1,3,HONDA HR-V,1,E01001558,0,-1
2021010333725,2021,010333725,1,9,0,4,4,7,3,0,0,3,0,0,0,0,2,1,6,6,1,42,7,1498,1,5,HONDA HR-V,2,E01004223,0,-1
2021041070375,2021,041070375,1,9,0,9,9,3,1,0,0,0,0,0,0,0,1,1,6,6,2,47,8,1498,1,5,HONDA HR-V,1,E01006213,0,-1
2021401061066,2021,401061066,3,9,0,2,2,0,0,0,0,1,0,4,0,0,2,1,5,6,2,57,9,1498,1,5,HONDA HR-V,-1,-1,0,-1
2021010348445,2021,010348445,2,9,0,99,99,9,9,99,99,9,9,99,9,99,9,9,6,6,3,-1,-1,1590,1,17,HONDA HR-V,-1,-1,0,-1
2021201066101,2021,201066101,1,9,0,18,19,5,5,0,0,8,0,9,0,0,1,1,5,6,1,78,11,1498,1,2,HONDA HR-V,8,E01010357,0,-1
2021141092968,2021,141092968,1,9,0,18,19,4,8,0,0,0,0,0,0,0,2,1,1,1,2,36,7,1597,2,3,HONDA HR-V,9,E01028241,0,-1
2021622100927,2021,622100927,1,9,0,4,4,4,8,0,0,0,0,0,0,0,2,1,6,6,1,54,8,1498,1,3,HONDA HR-V,10,W01001853,0,-1
2021991032115,2021,991032115,2,9,0,16,19,6,2,0,0,0,0,0,0,0,1,1,5,6,1,31,6,1498,1,4,HONDA HR-V,2,-1,0,-1
2021161109206,2021,161109206,2,9,0,4,4,4,8,0,0,0,0,0,0,0,1,1,6,6,3,40,7,1597,2,6,HONDA HR-V,-1,-1,0,-1
2021052100280,2021,052100280,2,9,0,18,19,1,5,0,0,1,0,0,0,0,1,1,6,6,1,80,11,1498,1,2,HONDA HR-V,6,E01006621,0,-1
2021161059923,2021,161059923,1,9,0,16,19,6,8,0,0,1,2,0,1,0,1,1,5,6,2,42,7,1590,1,16,HONDA HR-V,3,E01013259,0,-1
2021052102731,2021,052102731,1,9,0,5,5,2,8,0,0,0,0,0,0,0,1,1,6,6,2,46,8,1597,2,2,HONDA HR-V,1,E01007122,0,-1
2021031102436,2021,031102436,1,9,0,9,9,1,7,0,0,1,0,0,0,0,1,1,6,6,1,53,8,1597,2,4,HONDA HR-V,4,E01019080,0,-1
2021221082479,2021,221082479,3,9,0,17,19,1,6,0,0,2,0,0,0,0,0,1,5,6,2,40,7,1597,2,4,HONDA HR-V,10,E01032346,0,-1
2021141050116,2021,141050116,2,9,0,18,19,4,8,0,0,1,0,0,0,0,1,1,5,6,2,68,10,1597,2,5,HONDA HR-V,9,E01007612,0,-1
2021161134421,2021,161134421,1,9,0,3,3,5,1,0,0,4,0,0,0,0,2,1,6,6,1,60,9,1597,2,1,HONDA HR-V,3,E01007635,0,-1
2021170L20611,2021,170L20611,1,9,0,18,19,5,1,0,0,0,0,0,0,0,1,1,6,6,2,56,9,1498,1,4,HONDA HR-V,5,E01012110,0,-1
2021421132816,2021,421132816,2,9,0,3,3,5,1,0,0,0,0,0,0,0,4,1,5,6,2,33,6,1597,2,4,HONDA HR-V,2,E01021667,0,-1
2021461052471,2021,461052471,2,9,0,18,19,3,7,0,0,0,0,0,0,0,1,1,6,6,2,41,7,1590,1,20,HONDA HR-V,6,E01023977,0,-1
2021010317185,2021,010317185,1,9,0,18,19,6,2,0,0,4,0,0,0,0,1,1,6,6,2,51,8,1498,1,4,HONDA HR-V,4,E01000518,0,-1
2021010340195,2021,010340195,1,9,0,99,99,9,9,99,99,9,9,99,9,99,2,9,6,6,1,43,7,1498,1,5,HONDA HR-V,2,E01004327,0,-1
2021610062521,2021,610062521,1,9,0,18,19,1,5,0,0,0,0,12,0,0,1,1,2,2,1,61,9,1590,1,19,HONDA HR-V,10,W01001794,0,-1
2021010348253,2021,010348253,2,9,0,2,2,0,0,9,9,1,0,0,0,0,3,1,6,6,3,-1,-1,1498,1,1,HONDA HR-V,-1,-1,0,-1
2021622100715,2021,622100715,1,9,0,9,9,1,6,0,0,6,0,0,0,0,1,1,6,6,2,52,8,1597,2,4,HONDA HR-V,10,W01001086,0,-1
2021161032464,2021,161032464,1,9,0,18,19,2,7,0,0,0,0,0,0,0,1,1,5,6,1,87,11,1498,1,1,HONDA HR-V,6,E01012940,0,-1
2021320704458,2021,320704458,1,9,0,18,19,1,5,0,0,0,0,0,0,0,1,1,6,6,1,85,11,1498,1,5,HONDA HR-V,9,E01026301,0,-1
2021061107987,2021,061107987,2,9,0,17,19,3,7,0,0,0,0,0,0,0,4,1,5,6,2,35,6,1498,1,4,HONDA HR-V,4,E01004917,0,-1
2021622100385,2021,622100385,2,21,0,18,19,8,4,0,0,0,0,0,0,0,2,1,1,1,1,53,8,6728,2,4,IVECO EUROCARGO,4,W01001046,0,-1
2021141032282,2021,141032282,1,20,0,18,19,4,8,0,0,0,0,0,1,11,1,1,6,6,1,62,9,4485,2,2,IVECO EUROCARGO,2,E01007451,0,-1
2021461061134,2021,461061134,2,19,0,2,2,1,5,0,0,0,0,0,0,0,2,1,1,1,1,52,8,4485,2,3,IVECO EUROCARGO,8,E01000873,0,-1
2021010307159,2021,010307159,2,20,0,3,3,1,5,0,0,0,0,0,0,0,2,1,1,1,1,51,8,6728,2,4,IVECO EUROCARGO,8,E01000774,0,-1
2021430256163,2021,430256163,1,21,0,1,1,7,3,0,0,0,0,0,0,0,2,1,6,6,1,31,6,4485,2,5,IVECO EUROCARGO,-1,-1,0,-1
2021010311395,2021,010311395,2,19,0,17,19,3,8,0,0,0,0,0,0,0,3,1,1,1,1,31,6,4485,2,6,IVECO EUROCARGO,7,E01002111,0,-1
2021522105974,2021,522105974,1,21,1,9,9,5,3,0,0,6,0,0,0,0,1,1,1,1,1,32,6,6728,2,0,IVECO EUROCARGO,10,E01014716,0,-1
2021522104975,2021,522104975,2,20,0,2,2,0,0,0,0,0,0,0,0,0,3,1,6,6,3,-1,-1,4485,2,5,IVECO EUROCARGO,-1,-1,0,-1
2021302100360,2021,302100360,1,21,0,18,19,2,6,0,0,0,0,0,0,0,4,1,1,1,1,47,8,6728,2,6,IVECO EUROCARGO,2,E01019463,0,-1
2021461092676,2021,461092676,1,21,0,4,4,2,6,0,0,0,0,0,0,0,1,1,1,1,1,40,7,4485,2,5,IVECO EUROCARGO,9,E01000696,0,-1
2021010312189,2021,010312189,2,21,0,99,99,9,9,99,99,9,9,99,9,99,1,9,6,6,3,-1,-1,4485,2,4,IVECO EUROCARGO,-1,-1,0,-1
2021451115293,2021,451115293,2,20,0,2,2,0,0,6,6,1,0,0,0,0,2,1,6,6,3,-1,-1,-1,-1,-1,IVECO EUROCARGO,-1,-1,0,-1
2021430435734,2021,430435734,2,21,0,2,2,0,0,6,6,0,0,0,0,0,2,1,6,6,1,57,9,4485,2,0,IVECO EUROCARGO,1,E01014269,0,-1
2021610065321,2021,610065321,2,90,0,2,2,0,0,6,6,0,0,0,0,0,0,1,1,1,1,24,5,4485,2,0,IVECO EUROCARGO,3,W01001539,0,-1
2021440270556,2021,440270556,1,19,0,6,6,7,7,0,0,0,0,0,0,0,3,1,1,1,1,41,7,-1,-1,-1,IVECO EUROCARGO,5,E01017254,0,-1
2021461049661,2021,461049661,1,20,0,18,19,1,5,0,0,1,0,0,0,0,4,1,1,1,1,58,9,4485,2,1,IVECO EUROCARGO,3,E01033092,0,-1
2021231069440,2021,231069440,1,20,0,18,19,3,7,0,0,8,0,0,1,0,1,1,1,1,1,44,7,4485,2,2,IVECO EUROCARGO,2,E01009725,0,-1
2021451108963,2021,451108963,2,21,0,8,8,5,1,0,0,1,0,0,0,0,1,1,1,1,1,65,9,-1,-1,-1,IVECO EUROCARGO,5,E01030656,0,-1
2021052101948,2021,052101948,1,21,0,18,19,5,1,0,0,0,0,0,0,0,4,1,1,1,1,33,6,6728,2,5,IVECO EUROCARGO,8,E01006161,0,-1
2021010331705,2021,010331705,1,19,0,9,9,4,1,0,0,5,0,0,0,0,2,1,6,6,1,-1,-1,-1,-1,-1,IVECO EUROCARGO,4,E01003440,0,-1
2021061057007,2021,061057007,3,21,0,18,19,3,7,0,0,0,0,0,0,0,3,1,1,1,1,59,9,4485,2,4,IVECO EUROCARGO,2,E01006262,0,-1
2021170H11081,2021,170H11081,2,20,0,18,19,1,5,0,0,0,0,0,0,0,2,1,1,1,1,62,9,4485,2,4,IVECO EUROCARGO,2,E01020842,0,-1
2021010338555,2021,010338555,2,21,0,6,6,1,1,0,0,8,0,0,0,0,0,1,1,1,1,46,8,4485,2,4,IVECO EUROCARGO,9,E01000455,0,-1
2021401076621,2021,401076621,1,21,0,3,3,3,7,0,0,0,0,0,0,0,1,1,2,2,1,28,6,6728,2,3,IVECO EUROCARGO,7,E01018064,0,-1
2021991021204,2021,991021204,1,19,0,12,12,6,2,0,0,0,0,0,0,0,1,1,1,1,1,33,6,4485,2,1,IVECO EUROCARGO,1,-1,0,-1
2021461095056,2021,461095056,1,90,0,17,19,2,6,9,9,1,1,0,1,0,1,1,5,6,1,29,6,6728,2,5,-1,5,E01024381,0,-1
2021221059645,2021,221059645,3,20,0,17,19,5,2,0,0,8,1,0,0,0,1,1,1,1,1,37,7,4485,2,5,IVECO EUROCARGO,5,E01014021,0,-1
2021451053639,2021,451053639,1,21,0,9,9,3,7,0,0,1,0,0,0,0,3,1,1,1,1,49,8,4485,2,5,IVECO EUROCARGO,2,E01004129,0,-1
2021548343721,2021,548343721,1,21,0,18,19,4,8,0,0,1,0,0,0,0,1,1,1,1,1,30,6,6728,2,5,IVECO EUROCARGO,3,E01021834,0,-1
2021010331320,2021,010331320,1,19,0,2,2,0,0,0,0,0,0,0,0,0,1,1,6,6,3,-1,-1,-1,-1,-1,IVECO EUROCARGO,-1,-1,0,-1
2021211080782,2021,211080782,2,20,0,18,19,2,6,0,0,0,0,0,0,0,1,1,1,1,1,59,9,4485,2,1,IVECO EUROCARGO,8,E01029792,0,-1
202134WNC0571,2021,34WNC0571,1,19,0,12,12,5,1,0,0,0,0,0,0,0,0,1,1,1,1,-1,-1,6728,2,6,IVECO EUROCARGO,8,E01016723,0,-1
2021421109037,2021,421109037,2,19,-1,-1,-1,5,1,-1,-1,-1,-1,-1,-1,0,-1,1,5,6,1,56,9,-1,-1,-1,IVECO EUROCARGO,6,E01026612,0,-1
2021201034695,2021,201034695,2,19,0,9,9,7,4,0,0,6,0,0,0,0,1,1,1,1,1,50,8,4485,2,5,IVECO EUROCARGO,5,E01016566,0,-1
2021010323724,2021,010323724,2,20,0,99,99,9,9,99,99,9,9,99,9,99,9,9,6,6,3,-1,-1,4485,2,5,IVECO EUROCARGO,5,E01000615,0,-1
2021010326017,2021,010326017,1,21,0,18,19,2,6,0,0,0,0,0,0,0,4,1,1,1,1,50,8,4485,2,4,IVECO EUROCARGO,3,E01024352,0,-1
2021421096552,2021,421096552,2,21,1,2,2,0,0,6,6,0,0,0,0,0,2,1,6,6,3,-1,-1,6728,2,5,IVECO EUROCARGO,-1,-1,0,-1
2021201097434,2021,201097434,1,9,0,1,1,7,5,0,0,5,0,0,0,0,0,1,6,6,2,80,11,1997,1,17,-1,5,E01010000,0,-1
2021061073265,2021,061073265,1,9,0,18,19,1,5,0,0,1,0,0,0,0,1,1,6,6,1,36,7,1991,2,11,-1,2,E01005376,0,-1
2021010342192,2021,010342192,1,9,0,18,19,7,3,0,0,1,0,0,7,11,1,1,6,6,1,28,6,1998,1,15,-1,2,E01001460,0,-1
2021371048846,2021,371048846,1,9,0,18,19,4,8,0,0,0,5,10,0,0,1,1,5,6,2,61,9,1399,1,13,KIA RIO,8,E01030197,0,-1
2021070178496,2021,070178496,2,9,0,18,19,2,6,0,0,0,0,0,0,0,4,1,1,1,1,69,10,1399,1,12,KIA RIO,1,E01033300,0,-1
202131C015521,2021,31C015521,2,9,0,18,19,4,8,0,0,0,1,0,0,0,2,1,6,6,2,62,9,1248,1,5,KIA RIO,6,E01013837,0,-1
2021520102125,2021,520102125,2,9,0,18,19,2,6,0,0,8,1,0,0,0,1,1,6,6,1,24,5,1396,1,6,KIA RIO,1,E01029247,0,-1
2021351117762,2021,351117762,1,9,0,7,7,1,5,0,0,4,0,0,0,0,1,1,6,6,2,35,6,1399,1,12,KIA RIO,6,E01017550,0,-1
2021041097044,2021,041097044,2,9,0,4,4,5,1,0,0,1,0,0,0,0,1,1,1,1,1,41,7,998,8,0,KIA RIO,8,E01025191,0,-1
2021131037002,2021,131037002,1,9,0,6,6,1,5,0,0,8,0,0,0,0,2,1,6,6,1,35,6,1493,2,11,KIA RIO,1,E01011677,0,-1
2021170M11531,2021,170M11531,1,9,0,12,12,5,1,0,0,0,0,0,0,0,2,1,6,6,2,52,8,1399,1,10,KIA RIO,3,E01012119,0,-1
2021010338620,2021,010338620,2,9,0,4,4,7,3,0,0,2,0,0,0,0,2,1,2,2,1,42,7,1399,1,11,KIA RIO,-1,-1,0,-1
202131C158921,2021,31C158921,1,9,0,10,10,8,4,0,0,1,0,0,0,0,2,1,6,6,2,52,8,1396,1,6,KIA RIO,1,E01013824,0,-1
2021131090042,2021,131090042,2,9,0,2,2,3,7,0,0,2,0,0,0,0,0,1,3,7,2,44,7,1120,2,7,KIA RIO,4,E01011037,0,-1
2021031026853,2021,031026853,1,9,0,16,19,6,2,0,0,0,0,0,0,0,4,1,5,6,1,42,7,1493,2,11,KIA RIO,9,E01019349,0,-1
2021101079458,2021,101079458,1,9,0,17,19,1,5,0,0,0,0,0,0,0,1,1,6,6,1,41,7,1493,2,14,KIA RIO,-1,-1,0,-1
2021991093899,2021,991093899,2,9,0,3,3,8,4,0,0,0,0,0,0,0,2,1,6,6,2,48,8,1248,1,5,KIA RIO,8,-1,0,-1
2021461071971,2021,461071971,2,9,0,12,12,7,3,0,0,0,0,0,0,0,2,1,6,6,2,19,4,1396,2,4,KIA RIO,4,E01024694,0,-1
2021302101421,2021,302101421,3,9,0,2,2,0,0,0,0,0,0,0,0,0,2,1,6,6,3,-1,-1,998,1,3,KIA RIO,-1,-1,0,-1
2021141022979,2021,141022979,2,9,0,7,7,2,6,0,0,0,0,0,1,0,2,1,6,6,1,81,11,1396,1,8,KIA RIO,9,E01007709,0,-1
202154A048321,2021,54A048321,4,9,0,1,1,4,8,0,0,0,0,0,0,0,0,1,6,6,2,28,6,1248,1,2,KIA RIO,4,E01031895,0,-1
2021201083191,2021,201083191,2,9,0,4,4,2,6,0,0,0,0,0,0,0,2,1,6,6,2,23,5,1396,2,7,KIA RIO,4,E01008961,0,-1
2021131098602,2021,131098602,1,9,0,18,19,3,7,0,0,0,0,0,0,0,1,1,5,6,1,39,7,1396,2,6,KIA RIO,2,E01011754,0,-1
2021010306155,2021,010306155,3,9,0,2,2,0,0,0,0,2,0,0,0,0,1,1,6,6,3,-1,-1,1248,1,6,KIA RIO,-1,-1,0,-1
2021991073453,2021,991073453,2,9,0,17,19,2,7,0,0,0,0,0,0,0,1,1,2,2,2,27,6,998,1,1,KIA RIO,5,-1,0,-1
2021201021537,2021,201021537,1,9,0,18,19,3,7,0,0,8,0,0,0,0,1,1,6,6,1,69,10,1248,1,7,KIA RIO,4,E01009394,0,-1
2021440338243,2021,440338243,2,9,0,9,9,5,7,0,0,1,0,0,0,0,3,1,6,6,2,63,9,1396,2,9,KIA RIO,4,E01017257,0,-1
2021122100987,2021,122100987,1,9,0,16,19,3,5,0,0,0,1,0,8,4,1,1,6,6,1,17,4,1396,1,4,KIA RIO,10,E01013436,0,-1
2021070130318,2021,070130318,1,9,0,18,19,2,6,0,0,2,0,0,0,0,1,1,6,6,1,38,7,1396,1,7,KIA RIO,2,E01018542,0,-1
2021440507209,2021,440507209,2,9,0,18,19,3,7,0,0,0,0,0,0,0,2,1,6,6,1,32,6,1493,2,12,KIA RIO,10,E01022794,0,-1
2021451115626,2021,451115626,2,9,0,18,19,1,5,0,0,0,0,0,0,0,4,1,5,6,2,34,6,1197,1,0,KIA RIO,2,W01000967,0,-1
2021010348523,2021,010348523,2,9,0,18,19,5,1,0,0,1,0,0,0,0,1,1,6,6,1,-1,-1,998,8,0,KIA RIO,3,E01002243,0,-1
2021371053559,2021,371053559,2,9,0,5,5,6,2,9,9,0,0,0,0,0,1,1,2,2,2,49,8,998,1,4,KIA RIO,5,E01026538,0,-1
2021320326444,2021,320326444,1,9,0,18,19,1,5,0,0,2,0,0,1,9,3,1,6,6,2,24,5,1368,1,4,KIA RIO,6,E01026344,0,-1
2021440201934,2021,440201934,2,9,0,2,2,0,0,0,0,0,0,0,0,0,3,1,6,6,1,49,8,1399,1,10,KIA RIO,10,E01022763,0,-1
2021161054701,2021,161054701,1,9,0,17,19,1,4,0,0,0,0,0,1,3,4,1,2,2,2,21,5,1248,1,3,KIA RIO,10,E01013113,0,-1
2021131052790,2021,131052790,2,9,0,18,19,7,3,0,0,1,1,0,0,0,1,1,5,6,1,30,6,1120,2,6,KIA RIO,5,E01011928,0,-1
2021501068830,2021,501068830,3,9,0,2,2,8,6,0,0,1,0,0,0,0,2,1,5,6,2,53,8,1120,2,6,KIA RIO,6,E01019058,0,-1
2021061040140,2021,061040140,2,9,0,18,19,3,7,0,0,8,0,0,0,0,4,1,6,6,2,61,9,1248,1,5,KIA RIO,1,E01005731,0,-1
2021070561366,2021,070561366,2,9,0,16,19,3,5,0,0,8,0,0,0,0,3,1,6,6,2,41,7,1399,1,11,KIA RIO,8,E01012450,0,-1