collision_index,collision_year,collision_ref_no,vehicle_reference,vehicle_type,towing_and_articulation,vehicle_manoeuvre_historic,vehicle_manoeuvre,vehicle_direction_from,vehicle_direction_to,vehicle_location_restricted_lane_historic,vehicle_location_restricted_lane,junction_location,skidding_and_overturning,hit_object_in_carriageway,vehicle_leaving_carriageway,hit_object_off_carriageway,first_point_of_impact,vehicle_left_hand_drive,journey_purpose_of_driver_historic,journey_purpose_of_driver,sex_of_driver,age_of_driver,age_band_of_driver,engine_capacity_cc,propulsion_code,age_of_vehicle,generic_make_model,driver_imd_decile,lsoa_of_driver,escooter_flag,driver_distance_banding
2021302101662,2021,302101662,2,9,0,9,9,6,5,0,0,6,0,0,0,0,4,1,6,6,2,37,7,1969,2,3,VOLVO XC40,2,E01013597,0,-1
2021041146255,2021,041146255,3,9,0,18,19,3,7,0,0,0,0,0,0,0,2,1,5,6,2,50,8,1969,2,1,VOLVO XC40,7,-1,0,-1
2021061036356,2021,061036356,1,9,0,10,10,5,3,0,0,0,0,0,0,0,3,1,6,6,1,56,9,1477,1,2,VOLVO XC40,-1,-1,0,-1
2021440421143,2021,440421143,2,9,0,10,10,1,5,0,0,1,0,0,0,0,2,1,6,6,2,49,8,1969,1,1,VOLVO XC40,9,E01022971,0,-1
2021201073496,2021,201073496,1,9,0,18,19,2,6,0,0,0,0,10,2,2,1,1,6,6,2,43,7,1969,2,3,VOLVO XC40,8,E01010561,0,-1
2021061045480,2021,061045480,1,9,0,18,19,8,4,0,0,1,0,0,0,0,2,1,6,6,2,59,9,1477,1,1,VOLVO XC40,8,E01005170,0,-1
2021302100157,2021,302100157,2,9,0,18,19,2,6,0,0,0,1,0,0,0,1,1,6,6,1,37,7,1477,8,1,VOLVO XC40,8,E01019517,0,-1
2021461078712,2021,461078712,2,9,0,18,19,4,8,0,0,1,0,0,0,0,1,1,6,6,2,29,6,1477,1,1,VOLVO XC40,4,E01024747,0,-1
2021141061874,2021,141061874,2,9,0,4,4,1,5,0,0,0,0,0,0,0,2,1,5,6,1,68,10,1969,8,0,VOLVO XC40,6,E01019763,0,-1
2021101030822,2021,101030822,1,9,0,7,7,1,8,0,0,1,0,0,0,0,4,1,5,6,2,61,9,1477,1,2,VOLVO XC40,8,E01008529,0,-1
2021371051639,2021,371051639,2,9,0,2,2,0,0,0,0,0,0,0,0,0,4,1,5,6,2,66,10,1969,2,3,VOLVO XC40,8,E01019951,0,-1
2021461100794,2021,461100794,1,9,0,18,19,1,5,0,0,0,0,0,0,0,4,1,6,6,2,59,9,1477,1,1,VOLVO XC40,9,E01024849,0,-1
2021201108875,2021,201108875,2,9,0,18,19,5,1,0,0,2,0,0,0,0,0,1,6,6,1,40,7,1477,1,3,VOLVO XC40,8,E01029616,0,-1
2021320417876,2021,320417876,2,9,0,18,19,3,7,0,0,8,0,0,0,0,4,1,6,6,1,51,8,1969,8,1,VOLVO XC40,2,E01026094,0,-1
2021371125812,2021,371125812,2,9,0,2,2,6,6,0,0,0,0,0,0,0,1,1,6,6,3,-1,-1,1477,1,2,VOLVO XC40,-1,-1,0,-1
2021302101437,2021,302101437,3,9,0,7,7,8,4,0,0,5,0,0,0,0,4,1,6,6,1,85,11,1969,2,2,VOLVO XC40,-1,-1,0,-1
2021161027934,2021,161027934,1,9,0,18,19,8,4,0,0,0,0,0,0,0,1,1,6,6,2,65,9,1477,1,1,VOLVO XC40,10,E01012968,0,-1
2021622100438,2021,622100438,2,9,0,17,19,4,8,0,0,8,0,0,0,0,4,1,6,6,2,47,8,1477,1,1,VOLVO XC40,8,W01000917,0,-1
2021070332754,2021,070332754,3,9,0,8,8,5,7,0,0,1,0,0,0,0,1,1,6,6,2,-1,-1,1477,8,1,VOLVO XC40,9,E01012568,0,-1
2021991021396,2021,991021396,2,9,0,18,19,4,8,0,0,2,0,0,0,0,4,1,5,6,1,63,9,1477,1,1,VOLVO XC40,3,-1,0,-1
2021622100513,2021,622100513,1,9,0,9,9,5,2,0,0,8,0,0,0,0,1,1,6,6,2,73,10,1969,8,1,VOLVO XC40,4,W01000996,0,-1
2021371077377,2021,371077377,1,9,0,18,19,5,1,0,0,3,0,10,0,0,1,1,6,6,1,70,10,1477,1,1,VOLVO XC40,7,E01030171,0,-1
202134WNC1601,2021,34WNC1601,1,9,0,5,5,8,4,0,0,8,0,0,1,0,3,1,6,6,1,72,10,1969,8,1,VOLVO XC40,6,E01026991,0,-1
2021361066460,2021,361066460,1,9,0,12,12,3,7,8,6,0,0,0,0,0,1,1,5,6,2,30,6,1969,8,1,VOLVO XC40,8,E01022091,0,-1
2021548555321,2021,548555321,1,9,0,18,19,2,6,0,0,0,0,0,0,0,1,1,6,6,2,49,8,1969,8,1,VOLVO XC40,5,E01031898,0,-1
2021010289939,2021,010289939,1,9,0,18,19,1,5,0,0,0,1,0,8,2,1,1,6,6,2,57,9,1477,8,1,VOLVO XC40,5,E01023575,0,-1
2021010315882,2021,010315882,2,9,0,4,4,1,5,0,0,0,0,0,0,0,1,1,6,6,1,32,6,1477,8,1,VOLVO XC40,4,E01001711,0,-1
2021010322863,2021,010322863,2,9,0,99,99,9,9,99,99,9,9,99,9,99,9,9,6,6,3,-1,-1,1477,1,1,VOLVO XC40,-1,-1,0,-1
2021010295111,2021,010295111,1,9,0,18,19,3,7,0,0,2,0,0,0,0,2,1,6,6,2,47,8,1969,8,1,VOLVO XC40,-1,-1,0,-1
202134WNC3111,2021,34WNC3111,2,9,0,18,19,5,1,0,0,1,0,0,0,0,1,1,6,6,1,30,6,1477,1,1,VOLVO XC40,2,E01027227,0,-1
2021421117483,2021,421117483,3,9,0,12,12,3,7,0,0,0,0,1,0,0,1,1,6,6,1,33,6,1477,8,0,VOLVO XC40,6,E01021372,0,-1
2021461081409,2021,461081409,1,9,0,9,9,7,3,0,0,1,0,0,0,0,1,1,2,2,1,25,5,1969,8,1,VOLVO XC40,8,E01024271,0,-1
2021520200341,2021,520200341,1,9,0,9,9,2,8,0,0,6,0,0,0,0,1,1,6,6,1,56,9,1477,1,1,VOLVO XC40,7,E01029267,0,-1
2021010333025,2021,010333025,1,9,0,16,19,1,5,0,0,1,0,0,0,0,2,1,6,6,2,48,8,1477,8,0,VOLVO XC40,8,E01003814,0,-1
2021991082559,2021,991082559,2,9,0,18,19,2,6,0,0,0,0,0,0,0,4,1,6,6,1,38,7,1477,1,2,VOLVO XC40,4,-1,0,-1
202131D034121,2021,31D034121,1,9,0,18,19,8,3,0,0,3,0,0,0,0,2,1,6,6,1,51,8,1969,2,2,VOLVO XC40,7,E01025682,0,-1
2021161116552,2021,161116552,1,9,0,18,19,3,8,0,0,0,0,0,0,0,1,1,6,6,2,-1,-1,1477,1,2,VOLVO XC40,10,E01013064,0,-1
2021010310227,2021,010310227,1,9,0,3,3,6,2,0,0,1,0,0,0,0,2,1,6,6,1,46,8,1477,1,0,VOLVO XC40,8,E01000539,0,-1
2021411108856,2021,411108856,1,9,0,13,13,2,6,0,0,0,0,0,0,0,1,1,6,6,1,50,8,1969,1,2,VOLVO XC40,9,E01023375,0,-1
2021010350523,2021,010350523,1,9,0,99,99,9,9,99,99,9,9,99,9,99,9,9,6,6,3,-1,-1,1969,1,3,VOLVO XC40,-1,-1,0,-1
2021101057657,2021,101057657,1,9,0,18,19,1,5,0,0,4,0,0,0,0,3,1,5,6,1,72,10,1477,8,1,VOLVO XC40,2,E01008385,0,-1
2021231065291,2021,231065291,1,9,0,3,3,3,8,0,0,0,0,0,0,0,0,1,6,6,2,45,7,1477,1,0,VOLVO XC40,9,E01032891,0,-1
2021201023590,2021,201023590,1,9,0,18,19,8,4,0,0,0,0,4,0,0,1,1,6,6,1,56,9,1969,8,1,VOLVO XC40,3,E01026075,0,-1
2021201029318,2021,201029318,1,9,0,8,8,8,2,0,0,1,0,0,0,0,1,1,6,6,1,70,10,1969,1,2,VOLVO XC40,2,E01008984,0,-1
2021010311211,2021,010311211,2,9,0,4,4,1,5,0,0,1,0,0,0,0,2,1,6,6,2,36,7,1969,1,2,VOLVO XC40,4,E01000559,0,-1
2021211046915,2021,211046915,2,3,0,16,19,8,4,0,0,1,0,0,1,0,1,1,2,2,1,27,6,124,1,3,-1,10,E01029674,0,-1
2021421062861,2021,421062861,2,3,0,18,19,5,1,0,0,0,0,0,0,0,0,1,5,6,1,34,6,124,1,1,-1,1,E01021970,0,-1
2021010347353,2021,010347353,2,3,0,13,13,4,8,0,0,1,0,0,0,0,1,1,6,6,1,18,4,124,1,1,-1,2,E01003432,0,-1
2021061050106,2021,061050106,1,3,0,16,19,1,5,0,0,1,0,0,0,0,1,1,5,6,1,20,4,124,1,2,-1,8,E01005907,0,-1
2021440368865,2021,440368865,1,4,0,18,19,3,7,0,0,1,1,0,0,0,3,1,2,2,1,26,6,124,1,1,-1,3,E01015283,0,-1
2021061024903,2021,061024903,1,3,0,18,19,5,1,0,0,2,5,0,0,0,4,1,5,6,1,21,5,124,1,3,-1,9,E01005740,0,-1
2021361133446,2021,361133446,1,3,0,14,14,6,2,0,0,0,0,0,0,0,2,1,5,6,1,20,4,124,1,2,-1,7,E01026897,0,-1
2021010306854,2021,010306854,1,3,0,99,99,9,9,99,99,9,9,99,9,99,9,1,2,2,1,24,5,124,1,18,-1,3,E01004202,0,-1
2021361073993,2021,361073993,1,3,0,16,19,2,5,0,0,0,1,0,7,0,1,1,5,6,2,29,6,124,1,14,-1,6,E01026737,0,-1
2021010316940,2021,010316940,2,3,0,18,19,5,1,0,0,0,0,0,0,0,1,1,6,6,2,44,7,124,1,11,-1,6,E01004513,0,-1
2021010343027,2021,010343027,1,11,0,3,3,8,4,0,0,1,0,0,0,0,0,1,1,1,2,33,6,-1,3,1,-1,2,E01002002,0,-1
2021052101900,2021,052101900,1,9,0,17,19,1,6,0,0,4,0,0,0,0,1,1,6,6,1,40,7,1997,2,7,CITROEN DS5,9,E01018737,0,-1
2021991126308,2021,991126308,2,9,0,18,19,3,7,0,0,8,0,0,0,0,1,1,5,6,1,41,7,1997,2,8,CITROEN DS5,3,-1,0,-1
2021141096253,2021,141096253,2,9,0,18,19,2,2,0,0,0,0,0,0,0,2,1,6,6,1,-1,-1,1997,2,7,CITROEN DS5,9,E01015419,0,-1
2021141124698,2021,141124698,2,9,0,9,9,3,7,0,0,1,0,0,0,0,1,1,5,6,1,20,4,1560,2,9,CITROEN DS5,2,E01007395,0,-1
2021501048326,2021,501048326,2,9,0,18,19,3,7,0,0,1,0,0,0,0,1,1,5,6,2,51,8,1997,2,7,CITROEN DS5,5,E01018947,0,-1
2021991028131,2021,991028131,1,9,0,16,19,8,4,0,0,0,5,0,1,1,1,1,2,2,1,34,6,1997,2,9,CITROEN DS5,7,-1,0,-1
2021471082527,2021,471082527,2,9,0,18,19,3,7,0,0,8,0,0,0,0,1,1,5,6,1,40,7,1997,2,8,CITROEN DS5,6,E01031464,0,-1
2021451107986,2021,451107986,2,9,0,2,2,1,5,0,0,0,5,4,0,0,3,1,6,6,2,35,6,1560,2,8,CITROEN DS5,9,E01030644,0,-1
2021111097843,2021,111097843,3,9,0,3,3,8,4,0,0,0,0,0,0,0,2,1,2,2,2,41,7,1997,2,9,CITROEN DS5,5,E01020858,0,-1
2021471118017,2021,471118017,1,9,0,3,3,4,8,0,0,0,0,0,0,0,2,1,5,6,1,68,10,1997,2,7,CITROEN DS5,8,E01021170,0,-1
2021010336804,2021,010336804,2,9,3,18,19,5,1,0,0,5,0,0,0,0,1,1,6,6,1,41,7,1997,12,9,CITROEN DS5,-1,-1,0,-1
2021461095738,2021,461095738,1,9,0,18,19,6,2,0,0,0,0,0,0,0,4,1,6,6,1,44,7,1997,2,9,CITROEN DS5,3,E01024241,0,-1
2021010344651,2021,010344651,1,9,0,18,19,3,7,0,0,8,0,0,0,0,1,1,6,6,1,40,7,1997,2,7,CITROEN DS5,4,E01002398,0,-1
2021440123242,2021,440123242,1,9,0,18,19,6,2,0,0,0,0,0,0,0,3,1,6,6,2,17,4,1905,2,26,-1,2,E01017363,0,-1
2021010287991,2021,010287991,1,9,0,18,19,4,8,0,0,1,0,0,0,0,1,1,6,6,1,35,6,1968,2,14,-1,7,E01001411,0,-1
2021041046103,2021,041046103,1,5,0,17,19,1,5,0,0,8,0,0,0,0,4,1,5,6,1,39,7,998,1,16,-1,1,E01025583,0,-1
2021141051198,2021,141051198,1,5,0,13,13,5,1,0,0,0,0,7,0,0,1,1,5,6,1,57,9,999,1,9,-1,4,E01007816,0,-1
2021421090270,2021,421090270,2,97,0,9,9,3,1,0,0,8,0,0,0,0,4,1,6,6,1,42,7,999,1,12,-1,1,E01021271,0,-1
2021451084008,2021,451084008,1,5,0,16,19,5,1,0,0,0,0,0,0,0,1,1,5,6,1,29,6,998,1,15,-1,3,E01004575,0,-1
2021041068601,2021,041068601,1,5,0,18,19,3,7,0,0,0,2,0,1,4,1,1,6,6,1,39,7,998,1,17,-1,-1,-1,0,-1
2021010295401,2021,010295401,2,5,0,18,19,7,3,0,0,1,0,0,0,0,1,1,6,6,1,51,8,670,1,8,-1,1,E01001876,0,-1
2021010291664,2021,010291664,1,5,0,99,99,9,9,99,99,9,9,99,9,99,2,1,6,6,1,30,6,670,1,8,-1,7,E01002998,0,-1
2021010303007,2021,010303007,1,5,0,3,3,7,3,0,0,1,0,0,0,0,2,1,6,6,2,43,7,670,1,8,-1,2,E01004402,0,-1
2021041052683,2021,041052683,1,5,0,16,19,1,5,0,0,1,1,0,0,0,1,1,5,6,1,58,9,999,1,21,-1,3,E01004772,0,-1
2021041087288,2021,041087288,1,17,0,7,7,3,5,0,0,6,0,0,0,0,1,1,1,1,1,16,4,6788,2,5,-1,10,E01025278,0,-1
2021501048904,2021,501048904,1,17,4,4,4,1,5,0,0,0,0,0,0,0,3,1,1,1,1,26,6,6788,2,8,-1,4,E01018952,0,-1
2021061067044,2021,061067044,2,17,0,18,19,2,6,0,0,1,0,0,0,0,1,1,1,1,1,31,6,4525,2,7,-1,8,E01005443,0,-1
2021141091744,2021,141091744,2,3,0,18,19,4,8,0,0,1,0,0,0,0,4,1,5,6,1,17,4,125,1,1,LEXMOTO LXR,8,E01007379,0,-1
2021010298088,2021,010298088,1,3,0,7,7,7,1,0,0,2,2,12,0,0,1,1,6,6,1,18,4,125,1,1,LEXMOTO LXR,2,E01001833,0,-1
2021010319988,2021,010319988,2,3,0,18,19,3,7,0,0,1,0,0,0,0,3,1,6,6,1,18,4,125,1,2,LEXMOTO LXR,2,E01003338,0,-1
2021351071510,2021,351071510,2,3,0,18,19,5,7,0,0,1,0,0,0,0,1,1,6,6,1,18,4,125,1,1,LEXMOTO LXR,3,E01018087,0,-1
2021010301317,2021,010301317,1,3,0,99,99,9,9,99,99,9,9,99,9,99,1,1,6,6,1,27,6,125,1,1,LEXMOTO LXR,2,E01001056,0,-1
2021461044111,2021,461044111,3,3,0,18,19,3,7,0,0,1,1,0,0,0,1,1,2,2,1,60,9,125,1,2,LEXMOTO LXR,1,E01024697,0,-1
2021440468679,2021,440468679,2,3,0,18,19,8,4,0,0,1,1,0,0,0,1,1,6,6,1,19,4,125,1,1,LEXMOTO LXR,10,E01022694,0,-1
2021461080557,2021,461080557,2,4,0,14,14,5,1,0,0,0,0,0,0,0,1,1,6,6,1,30,6,125,1,2,LEXMOTO LXR,5,E01024082,0,-1
2021010322739,2021,010322739,1,3,0,18,19,4,8,0,0,1,0,0,0,0,1,1,6,6,1,19,4,125,1,0,LEXMOTO LXR,7,E01030851,0,-1
2021211045869,2021,211045869,2,3,-1,-1,-1,-1,-1,-1,-1,-1,-1,-1,-1,0,-1,1,2,2,1,17,4,125,1,0,LEXMOTO LXR,4,E01029820,0,-1
2021170S11431,2021,170S11431,1,4,0,18,19,2,6,0,0,3,0,10,0,0,1,1,6,6,1,24,5,125,1,0,LEXMOTO LXR,9,E01033474,0,-1
2021070741832,2021,070741832,1,3,0,5,5,3,7,0,0,6,0,0,0,0,4,1,2,2,1,21,5,124,1,0,LEXMOTO LXR,1,E01033300,0,-1
2021440339323,2021,440339323,2,3,0,18,19,2,6,0,0,8,0,0,0,0,1,1,6,6,1,17,4,125,1,1,LEXMOTO LXR,10,E01022985,0,-1
202131B139821,2021,31B139821,1,3,0,18,19,3,7,0,0,4,1,9,3,0,1,1,6,6,1,38,7,124,1,0,LEXMOTO LXR,10,E01028328,0,-1
2021010314524,2021,010314524,2,3,0,18,19,7,3,0,0,0,0,0,0,0,1,1,2,2,1,22,5,125,1,1,LEXMOTO LXR,1,E01001798,0,-1
2021440266804,2021,440266804,2,3,0,18,19,8,4,0,0,8,0,0,0,0,1,1,6,6,1,24,5,125,1,1,LEXMOTO LXR,6,E01023028,0,-1
2021141085814,2021,141085814,1,3,0,18,19,5,1,0,0,0,0,0,0,0,1,1,2,2,1,18,4,125,1,1,LEXMOTO LXR,8,E01008141,0,-1
2021041112408,2021,041112408,2,3,0,18,19,1,5,0,0,8,0,0,0,0,1,1,6,6,1,27,6,125,1,0,LEXMOTO LXR,1,E01012577,0,-1
2021440151236,2021,440151236,2,4,0,18,19,2,6,0,0,1,1,0,7,11,1,1,6,6,1,33,6,125,1,1,LEXMOTO LXR,4,E01017263,0,-1
2021010348290,2021,010348290,1,4,0,18,19,1,5,0,0,8,0,0,0,0,1,1,2,2,1,32,6,124,1,0,LEXMOTO LXR,4,E01001260,0,-1
2021440117783,2021,440117783,2,2,0,13,13,2,6,0,0,8,0,0,0,0,4,1,6,6,1,18,4,125,1,1,LEXMOTO LXR,8,E01032855,0,-1
2021440158774,2021,440158774,3,4,0,13,13,4,8,0,0,8,0,0,0,0,1,1,6,6,1,18,4,125,1,1,LEXMOTO LXR,5,E01017304,0,-1
2021010306095,2021,010306095,1,3,0,13,13,1,5,0,0,0,0,0,0,0,1,1,6,6,1,18,4,125,1,1,LEXMOTO LXR,2,E01001833,0,-1
2021471031255,2021,471031255,2,3,0,18,19,1,5,0,0,1,0,0,0,0,4,1,2,2,1,55,8,125,1,1,LEXMOTO LXR,2,E01020910,0,-1
2021221053386,2021,221053386,1,3,0,14,14,8,3,0,0,2,0,4,0,0,3,1,5,6,1,17,4,125,1,1,LEXMOTO LXR,7,E01032394,0,-1
2021991101337,2021,991101337,2,3,0,18,19,3,7,0,0,8,2,10,8,10,3,1,5,6,1,24,5,124,1,0,LEXMOTO LXR,1,-1,0,-1
2021010341425,2021,010341425,2,3,0,18,19,5,1,0,0,1,0,0,0,0,1,1,1,1,1,27,6,125,1,2,LEXMOTO LXR,8,E01030592,0,-1
2021010307052,2021,010307052,1,3,0,99,99,9,9,99,99,9,9,99,9,99,2,1,6,6,3,33,6,125,1,1,LEXMOTO LXR,2,E01003112,0,-1
2021371134520,2021,371134520,2,3,0,4,4,8,5,0,0,4,5,0,0,0,2,1,5,6,2,29,6,125,1,0,LEXMOTO LXR,1,E01030250,0,-1
2021320463469,2021,320463469,1,3,0,17,19,8,4,0,0,0,1,0,0,0,1,1,6,6,1,17,4,125,1,1,LEXMOTO LXR,-1,-1,0,-1
2021451073210,2021,451073210,1,3,0,13,13,3,7,0,0,0,1,0,0,0,0,1,5,6,1,19,4,124,1,0,LEXMOTO LXR,9,E01030372,0,-1
2021471028975,2021,471028975,2,3,0,18,19,5,1,0,0,0,0,0,0,0,1,1,2,2,1,23,5,125,1,2,LEXMOTO LXR,6,E01021213,0,-1
2021320189129,2021,320189129,1,3,0,4,4,8,1,0,0,1,0,0,0,0,2,1,6,6,1,17,4,125,1,1,LEXMOTO LXR,-1,-1,0,-1
2021991047427,2021,991047427,1,3,0,4,4,4,8,0,0,4,1,9,3,0,1,1,6,6,1,19,4,125,1,1,LEXMOTO LXR,3,-1,0,-1
2021111063606,2021,111063606,2,3,0,18,19,4,7,0,0,1,0,0,0,0,0,1,6,6,1,18,4,125,1,2,LEXMOTO LXR,2,E01020700,0,-1
202106F079385,2021,06F079385,2,3,0,18,19,8,4,0,0,8,0,0,0,0,0,1,6,6,1,27,6,125,1,1,LEXMOTO LXR,-1,-1,0,-1
2021531118240,2021,531118240,2,3,0,14,14,5,1,0,0,1,0,0,0,0,1,1,2,2,1,20,4,124,1,0,LEXMOTO LXR,8,E01022409,0,-1
2021430167434,2021,430167434,1,3,0,18,19,1,5,0,0,1,0,0,1,0,1,1,6,6,1,17,4,125,1,1,LEXMOTO LXR,10,E01028820,0,-1
2021061127103,2021,061127103,2,3,0,18,19,3,7,0,0,0,0,0,0,0,1,1,5,6,1,34,6,124,1,0,LEXMOTO LXR,4,E01004917,0,-1
2021101080555,2021,101080555,1,3,0,4,4,1,5,0,0,0,1,0,0,0,4,1,2,2,1,43,7,125,1,1,LEXMOTO LXR,1,E01008380,0,-1
2021010334678,2021,010334678,1,3,0,18,19,5,1,0,0,1,1,0,0,0,1,1,6,6,1,35,6,125,1,2,LEXMOTO LXR,6,E01001138,0,-1
2021302101654,2021,302101654,1,4,0,18,19,2,6,0,0,8,1,0,0,0,0,1,2,2,1,18,4,124,1,0,LEXMOTO LXR,3,E01013553,0,-1
2021471096677,2021,471096677,1,3,0,18,19,4,8,0,0,1,0,0,0,0,3,1,6,6,1,50,8,125,1,1,LEXMOTO LXR,3,E01031347,0,-1
2021461125259,2021,461125259,2,3,0,18,19,3,7,0,0,1,0,0,0,0,1,1,2,2,1,17,4,125,1,1,LEXMOTO LXR,4,E01024533,0,-1
2021211064784,2021,211064784,2,3,0,15,15,3,6,0,0,1,0,0,0,0,1,1,2,2,1,33,6,125,1,0,LEXMOTO LXR,-1,-1,0,-1
2021010348622,2021,010348622,1,3,0,14,14,2,6,0,0,1,0,0,0,0,4,1,2,2,1,37,7,124,1,0,LEXMOTO LXR,-1,-1,0,-1
2021421125005,2021,421125005,2,3,0,14,14,1,5,0,0,0,5,0,0,0,1,1,5,6,1,28,6,125,1,1,LEXMOTO LXR,2,E01021354,0,-1
2021010337868,2021,010337868,2,3,0,7,7,2,5,0,0,2,1,0,0,0,1,1,6,6,1,18,4,124,1,0,LEXMOTO LXR,3,E01004747,0,-1
2021501107866,2021,501107866,1,3,0,18,19,5,1,0,0,0,0,7,2,0,4,1,5,6,1,33,6,125,1,1,LEXMOTO LXR,7,E01019045,0,-1
2021320737268,2021,320737268,1,3,0,18,19,2,6,0,0,4,2,0,0,0,1,1,6,6,1,18,4,125,1,1,LEXMOTO LXR,-1,-1,0,-1
2021010351348,2021,010351348,1,3,0,18,19,3,7,0,0,8,0,0,0,0,3,1,2,2,1,41,7,124,1,0,LEXMOTO LXR,5,E01001708,0,-1
2021161042955,2021,161042955,1,3,0,18,19,7,3,0,0,8,1,0,0,0,4,1,2,2,1,30,6,125,1,1,LEXMOTO LXR,1,E01012833,0,-1
2021421067077,2021,421067077,2,4,0,14,14,1,5,0,0,2,0,0,0,0,1,1,5,6,1,21,5,125,1,1,LEXMOTO LXR,-1,-1,0,-1
2021010319656,2021,010319656,1,3,0,13,13,5,1,0,0,0,0,0,1,0,4,1,2,2,2,20,4,125,1,1,LEXMOTO LXR,6,E01032646,0,-1
2021430511715,2021,430511715,1,3,0,16,19,5,8,0,0,0,0,0,0,0,1,1,6,6,1,24,5,124,1,0,LEXMOTO LXR,10,E01016429,0,-1
202131A085221,2021,31A085221,1,3,0,14,14,4,8,0,0,0,1,0,0,0,1,1,6,6,1,22,5,125,1,1,LEXMOTO LXR,5,E01027941,0,-1
2021430281778,2021,430281778,2,3,0,18,19,3,7,0,0,0,0,0,0,0,1,1,6,6,1,22,5,125,1,1,LEXMOTO LXR,9,E01002539,0,-1
2021161028016,2021,161028016,2,3,0,18,19,7,3,0,0,1,0,0,0,0,4,1,5,6,1,24,5,125,1,1,LEXMOTO LXR,1,E01012855,0,-1
2021501129459,2021,501129459,2,3,0,3,3,7,3,0,0,0,0,0,0,0,2,1,6,6,1,37,7,124,1,0,LEXMOTO LXR,1,E01015155,0,-1
2021070346561,2021,070346561,1,3,0,18,19,4,8,0,0,7,2,11,0,0,4,1,2,2,1,29,6,125,1,1,LEXMOTO LXR,1,E01012520,0,-1
2021501102167,2021,501102167,1,3,0,18,19,6,2,0,0,0,0,6,7,0,1,1,5,6,1,17,4,124,1,0,LEXMOTO LXR,5,E01019886,0,-1
2021471031237,2021,471031237,2,3,0,13,13,6,2,0,0,8,2,0,0,0,1,1,5,6,1,19,4,125,1,1,LEXMOTO LXR,6,E01021186,0,-1
2021131103878,2021,131103878,2,3,0,18,19,3,7,1,1,8,2,0,0,0,1,1,6,6,1,22,5,125,1,1,LEXMOTO LXR,1,E01010994,0,-1
2021371085713,2021,371085713,1,3,0,18,19,5,1,0,0,0,5,0,0,0,3,1,5,6,1,18,4,125,1,1,LEXMOTO LXR,9,E01030268,0,-1
2021471011919,2021,471011919,2,3,0,18,19,5,1,0,0,1,1,0,0,0,0,1,2,2,1,40,7,125,1,1,LEXMOTO LXR,6,E01016862,0,-1
2021010346328,2021,010346328,1,3,0,99,99,9,9,99,99,9,9,99,9,99,9,1,6,6,1,20,4,124,1,0,LEXMOTO LXR,3,E01003286,0,-1
2021010346808,2021,010346808,1,3,0,18,19,7,3,0,0,2,1,0,0,0,4,1,2,2,1,35,6,125,1,2,LEXMOTO LXR,2,E01001218,0,-1
2021430236097,2021,430236097,1,3,0,18,19,4,8,0,0,0,0,0,1,0,0,1,6,6,1,20,4,125,1,2,LEXMOTO LXR,4,E01028819,0,-1
2021421056039,2021,421056039,1,3,0,7,7,7,1,0,0,0,5,0,0,0,3,1,6,6,1,38,7,125,1,2,LEXMOTO LXR,3,E01015963,0,-1
2021461128081,2021,461128081,2,5,0,6,6,5,3,0,0,0,5,12,0,0,3,1,6,6,1,36,7,125,1,2,-1,6,E01024530,0,-1
2021461074280,2021,461074280,2,3,0,12,12,4,1,0,0,8,5,0,7,0,1,1,4,7,1,29,6,124,1,0,LEXMOTO LXR,5,E01024640,0,-1
2021481066453,2021,481066453,2,3,0,18,19,1,5,0,0,8,0,0,0,0,1,1,5,6,1,26,6,125,1,1,LEXMOTO LXR,4,E01001050,0,-1
2021421114326,2021,421114326,2,3,0,18,19,6,2,0,0,8,5,0,1,0,1,1,5,6,1,24,5,125,1,0,LEXMOTO LXR,9,E01021709,0,-1
2021401030903,2021,401030903,1,3,0,5,5,1,6,0,0,4,1,0,0,0,4,1,2,2,1,18,4,125,1,1,LEXMOTO LXR,6,E01018126,0,-1
2021052102768,2021,052102768,1,4,0,18,19,1,5,0,0,8,0,0,0,0,1,1,6,6,1,34,6,124,1,0,LEXMOTO LXR,1,E01012382,0,-1
2021041102957,2021,041102957,2,3,0,9,9,1,6,0,0,3,0,0,0,0,1,1,5,6,1,17,4,125,1,0,LEXMOTO LXR,1,E01012679,0,-1
2021421049425,2021,421049425,2,3,0,18,19,3,7,0,0,0,2,0,0,0,2,1,5,6,1,27,6,125,1,1,LEXMOTO LXR,3,E01016005,0,-1
2021440390403,2021,440390403,1,4,0,4,4,5,1,0,0,1,1,0,0,0,1,1,2,2,2,20,4,124,1,0,LEXMOTO LXR,4,E01017122,0,-1
2021371095164,2021,371095164,2,2,0,18,19,6,2,0,0,0,0,0,0,0,1,1,6,6,2,19,4,124,1,0,LEXMOTO LXR,6,E01013180,0,-1
2021351025616,2021,351025616,2,3,0,18,19,1,5,0,0,0,5,0,0,0,2,1,6,6,1,19,4,125,1,1,LEXMOTO LXR,5,E01015651,0,-1
2021351092520,2021,351092520,2,4,0,18,19,7,3,0,0,0,0,0,0,0,1,1,2,2,1,22,5,124,1,0,LEXMOTO LXR,5,E01027100,0,-1
2021201066016,2021,201066016,1,3,0,18,19,5,1,0,0,1,0,0,0,0,1,1,2,2,1,34,6,125,1,0,LEXMOTO LXR,2,E01009348,0,-1
2021201124651,2021,201124651,1,3,0,18,19,7,2,0,0,8,2,0,0,0,0,1,2,2,1,43,7,125,1,1,LEXMOTO LXR,1,E01010236,0,-1