collision_index,collision_year,collision_ref_no,vehicle_reference,vehicle_type,towing_and_articulation,vehicle_manoeuvre_historic,vehicle_manoeuvre,vehicle_direction_from,vehicle_direction_to,vehicle_location_restricted_lane_historic,vehicle_location_restricted_lane,junction_location,skidding_and_overturning,hit_object_in_carriageway,vehicle_leaving_carriageway,hit_object_off_carriageway,first_point_of_impact,vehicle_left_hand_drive,journey_purpose_of_driver_historic,journey_purpose_of_driver,sex_of_driver,age_of_driver,age_band_of_driver,engine_capacity_cc,propulsion_code,age_of_vehicle,generic_make_model,driver_imd_decile,lsoa_of_driver,escooter_flag,driver_distance_banding
2021201055620,2021,201055620,1,3,0,13,13,2,6,0,0,8,1,10,7,0,1,1,1,1,1,21,5,125,1,2,LEXMOTO LXR,1,E01008998,0,-1
2021320045611,2021,320045611,2,3,0,18,19,5,1,0,0,1,5,0,0,0,0,1,6,6,1,17,4,125,1,1,LEXMOTO LXR,7,E01026299,0,-1
2021361083657,2021,361083657,1,3,0,18,19,1,5,0,0,1,0,0,0,0,1,1,6,6,1,19,4,125,1,2,LEXMOTO LXR,5,E01026594,0,-1
2021471106209,2021,471106209,2,3,0,18,19,3,7,0,0,8,0,0,0,0,1,1,5,6,1,17,4,124,1,0,LEXMOTO LXR,4,E01031785,0,-1
2021531044226,2021,531044226,2,3,0,18,19,7,3,0,0,8,2,0,0,0,1,1,6,6,1,27,6,125,1,1,LEXMOTO LXR,1,E01022347,0,-1
2021320136623,2021,320136623,2,3,0,18,19,1,5,0,0,8,0,0,7,0,4,1,6,6,1,17,4,125,1,1,LEXMOTO LXR,5,E01026298,0,-1
2021440223986,2021,440223986,2,3,0,18,19,2,6,0,0,8,0,0,0,0,2,1,6,6,1,18,4,125,1,1,LEXMOTO LXR,10,E01022510,0,-1
2021010345242,2021,010345242,1,3,0,18,19,7,3,0,0,0,0,0,7,2,1,1,2,2,2,18,4,125,1,1,LEXMOTO LXR,6,E01002353,0,-1
2021461126698,2021,461126698,2,3,0,18,19,5,7,0,0,1,2,0,0,0,1,1,6,6,1,46,8,125,1,1,LEXMOTO LXR,7,E01024732,0,-1
2021302100057,2021,302100057,2,3,0,16,19,4,8,0,0,0,0,0,0,0,1,1,2,2,1,18,4,125,1,1,LEXMOTO LXR,7,E01019537,0,-1
2021211098104,2021,211098104,1,3,0,9,9,4,1,0,0,6,0,0,0,0,3,1,4,7,1,18,4,125,1,2,LEXMOTO LXR,6,E01029401,0,-1
2021440265204,2021,440265204,1,4,0,18,19,8,4,0,0,1,1,0,0,0,0,1,6,6,1,18,4,125,1,1,LEXMOTO LXR,10,E01022694,0,-1
2021010299130,2021,010299130,2,3,0,13,13,1,5,0,0,1,0,0,0,0,1,1,1,1,1,30,6,125,1,2,LEXMOTO LXR,-1,-1,0,-1
2021061051546,2021,061051546,2,4,0,18,19,8,4,0,0,1,0,0,0,0,1,1,1,1,1,23,5,125,1,2,LEXMOTO LXR,2,E01005230,0,-1
2021010305670,2021,010305670,1,3,0,17,19,3,7,0,0,4,0,0,1,0,3,1,6,6,1,35,6,125,1,2,LEXMOTO LXR,4,E01002600,0,-1
2021991041896,2021,991041896,1,3,0,12,12,8,4,0,0,0,0,0,0,0,1,1,5,6,1,18,4,125,1,2,LEXMOTO LXR,-1,-1,0,-1
2021211113884,2021,211113884,1,4,0,18,19,5,1,0,0,4,2,0,0,0,1,1,6,6,1,25,5,125,1,0,LEXMOTO LXR,2,E01010277,0,-1
2021141017574,2021,141017574,2,3,0,18,19,1,1,0,0,1,1,0,0,0,1,1,6,6,1,64,9,125,1,2,LEXMOTO LXR,4,E01007816,0,-1
2021361136263,2021,361136263,1,3,0,14,14,1,5,0,0,0,0,0,0,0,4,1,2,2,1,26,6,125,1,2,LEXMOTO LXR,4,E01018096,0,-1
2021010345125,2021,010345125,3,4,0,2,2,0,0,0,0,1,0,0,0,0,4,1,6,6,3,-1,-1,124,1,0,LEXMOTO LXR,-1,-1,0,-1
2021201064422,2021,201064422,2,3,0,8,8,7,2,0,0,1,0,0,0,0,2,1,2,2,1,28,6,125,1,2,LEXMOTO LXR,1,E01009130,0,-1
2021451038046,2021,451038046,2,3,0,18,19,1,1,0,0,0,0,0,0,0,3,1,6,6,1,20,4,125,1,2,LEXMOTO LXR,5,E01004689,0,-1
2021421112015,2021,421112015,2,3,0,14,14,3,8,0,0,8,0,0,0,0,1,1,5,6,1,23,5,125,1,1,LEXMOTO LXR,3,E01021836,0,-1
2021440520320,2021,440520320,1,3,0,18,19,6,3,0,0,0,0,10,1,2,1,1,6,6,1,18,4,124,1,0,LEXMOTO LXR,9,E01022778,0,-1
2021411073060,2021,411073060,1,2,0,13,13,3,7,0,0,0,5,0,0,0,4,1,2,2,1,21,5,124,1,0,LEXMOTO LXR,8,E01033026,0,-1
2021501053785,2021,501053785,1,3,0,13,13,8,4,0,0,1,2,0,0,0,1,1,6,6,1,18,4,125,1,2,LEXMOTO LXR,6,E01015244,0,-1
2021302100822,2021,302100822,1,3,0,18,19,2,6,0,0,0,0,10,1,0,0,1,6,6,1,25,5,124,1,0,LEXMOTO LXR,3,E01013457,0,-1
2021211070021,2021,211070021,2,3,0,-1,-1,-1,-1,0,0,8,-1,-1,-1,0,-1,1,6,6,1,32,6,125,1,3,-1,3,E01029437,0,-1
2021061047812,2021,061047812,2,2,0,15,15,6,2,0,0,8,0,0,0,0,1,1,6,6,1,26,6,125,1,3,-1,2,E01005659,0,-1
2021221042827,2021,221042827,2,3,0,18,19,8,4,0,0,8,0,0,0,0,1,1,5,6,1,19,4,125,1,3,-1,2,E01014162,0,-1
2021041195091,2021,041195091,2,97,0,18,19,4,8,0,0,0,0,0,0,0,1,1,6,6,1,25,5,125,1,3,-1,6,E01012616,0,-1
2021010311929,2021,010311929,2,3,0,18,19,1,5,0,0,0,0,0,0,0,1,1,6,6,1,25,5,125,1,2,-1,2,E01004024,0,-1
2021041121579,2021,041121579,2,3,0,18,19,3,7,0,0,0,1,0,0,0,1,1,5,6,1,22,5,125,1,6,LEXMOTO XFLM 125,3,E01012623,0,-1
2021461113594,2021,461113594,2,3,0,9,9,7,4,0,0,1,0,0,0,0,0,1,5,6,1,17,4,125,1,6,LEXMOTO XFLM 125,1,E01024678,0,-1
2021461027056,2021,461027056,1,3,0,18,19,3,7,0,0,0,1,10,0,0,1,1,6,6,1,20,4,125,1,5,LEXMOTO XFLM 125,4,E01024690,0,-1
2021302100284,2021,302100284,2,3,0,13,13,8,4,0,0,2,0,0,0,0,1,1,6,6,1,18,4,125,1,5,LEXMOTO XFLM 125,2,E01019799,0,-1
2021991031574,2021,991031574,2,3,0,16,19,1,5,0,0,1,2,0,0,0,0,1,5,6,1,29,6,125,1,4,LEXMOTO XFLM 125,-1,-1,0,-1
2021451034301,2021,451034301,2,3,0,18,19,7,3,0,0,1,0,0,0,0,1,1,1,1,1,18,4,125,1,5,LEXMOTO XFLM 125,5,E01002492,0,-1
2021622100966,2021,622100966,2,5,0,18,19,4,7,0,0,1,0,0,0,0,1,1,6,6,1,27,6,125,1,5,-1,3,W01001137,0,-1
2021231031997,2021,231031997,2,3,0,18,19,2,6,0,0,8,0,0,0,0,1,1,2,2,1,25,5,125,1,5,LEXMOTO XFLM 125,3,E01010127,0,-1
2021440319923,2021,440319923,2,3,0,18,19,7,3,0,0,0,0,0,0,0,4,1,6,6,1,23,5,125,1,5,LEXMOTO XFLM 125,1,E01022967,0,-1
2021201145507,2021,201145507,2,4,0,18,19,6,2,0,0,8,0,0,0,0,1,1,6,6,1,30,6,125,1,5,LEXMOTO XFLM 125,-1,-1,0,-1
2021070060284,2021,070060284,2,3,0,17,19,8,5,0,0,8,0,0,0,0,2,1,2,2,1,38,7,125,1,5,LEXMOTO XFLM 125,-1,-1,0,-1
2021161061594,2021,161061594,2,3,0,9,9,6,4,0,0,8,0,0,0,0,3,1,6,6,1,24,5,125,1,6,LEXMOTO XFLM 125,7,E01013153,0,-1
2021351046123,2021,351046123,1,3,0,15,15,7,5,0,0,8,0,0,0,0,1,1,1,1,1,33,6,125,1,6,LEXMOTO XFLM 125,6,E01033121,0,-1
202163C006721,2021,63C006721,1,3,0,18,19,4,8,0,0,8,0,0,1,10,4,1,6,6,1,17,4,125,1,4,LEXMOTO XFLM 125,-1,-1,0,-1
2021430512691,2021,430512691,2,3,0,13,13,7,3,0,0,0,0,0,0,0,1,1,6,6,1,18,4,125,1,5,LEXMOTO XFLM 125,6,E01028691,0,-1
2021471122074,2021,471122074,1,19,0,7,7,4,7,0,0,8,0,0,0,0,1,1,2,2,1,31,6,1996,2,0,-1,4,E01031596,0,-1
2021231104676,2021,231104676,1,20,0,18,19,3,7,0,0,1,0,0,0,0,1,1,1,1,1,37,7,-1,-1,-1,-1,8,E01032153,0,-1
2021041118205,2021,041118205,1,19,0,18,19,5,1,0,0,0,0,4,0,0,1,1,1,1,1,32,6,1996,2,0,-1,6,E01004894,0,-1
2021010329004,2021,010329004,1,19,0,99,99,9,9,99,99,9,9,99,9,99,2,9,1,1,2,46,8,-1,3,0,-1,2,E01000133,0,-1
2021010321372,2021,010321372,2,19,0,18,19,5,1,0,0,1,0,0,0,0,1,1,1,1,1,34,6,1996,2,0,-1,3,E01015987,0,-1
2021031067512,2021,031067512,2,21,4,18,19,4,4,0,0,0,0,0,0,0,0,1,2,2,1,46,8,10677,2,6,MERCEDES MODEL MISSING,9,E01010497,0,-1
2021430423764,2021,430423764,2,21,0,4,4,1,5,0,0,8,0,0,0,0,2,1,1,1,1,54,8,10677,2,0,MERCEDES MODEL MISSING,9,E01016585,0,-1
2021070426171,2021,070426171,1,21,1,11,11,7,3,0,0,0,0,0,0,0,4,1,1,1,1,24,5,12809,2,1,MERCEDES MODEL MISSING,5,E01026367,0,-1
2021302101140,2021,302101140,1,20,0,9,9,5,3,0,0,6,0,0,0,0,1,1,1,1,1,41,7,-1,-1,-1,MERCEDES MODEL MISSING,3,E01019400,0,-1
2021010330660,2021,010330660,1,21,4,5,5,3,7,0,0,1,0,0,0,0,1,1,1,1,1,47,8,10677,2,4,MERCEDES MODEL MISSING,5,E01002249,0,-1
2021010312967,2021,010312967,1,21,0,9,9,5,2,0,0,5,0,4,0,0,1,1,1,1,1,41,7,10677,2,5,MERCEDES MODEL MISSING,5,E01003054,0,-1
2021430498462,2021,430498462,2,21,0,17,19,5,2,0,0,8,0,0,0,0,3,1,1,1,1,31,6,10677,2,2,MERCEDES MODEL MISSING,7,E01016495,0,-1
2021545982021,2021,545982021,1,19,0,18,19,6,3,0,0,1,0,0,0,0,1,1,1,1,1,40,7,5132,2,2,MERCEDES MODEL MISSING,-1,-1,0,-1
2021061049734,2021,061049734,2,21,1,11,11,3,7,0,0,0,0,0,0,0,1,1,1,1,1,-1,-1,7698,2,1,MERCEDES MODEL MISSING,7,E01004995,0,-1
2021302100331,2021,302100331,3,19,0,18,19,8,4,0,0,0,0,0,0,0,1,1,6,6,1,40,7,10677,2,3,MERCEDES MODEL MISSING,8,E01016823,0,-1
2021520200987,2021,520200987,1,21,0,18,19,4,8,0,0,8,0,0,0,0,1,1,6,6,1,61,9,12809,2,6,MERCEDES MODEL MISSING,7,E01014839,0,-1
202131B099921,2021,31B099921,1,21,1,16,19,8,2,0,0,0,1,0,0,0,0,1,1,1,1,56,9,10677,2,5,MERCEDES MODEL MISSING,3,E01007667,0,-1
20211383B0622,2021,1383B0622,2,21,1,18,19,3,7,0,0,0,0,0,0,0,4,1,1,1,1,69,10,10677,2,6,MERCEDES MODEL MISSING,4,E01006388,0,-1
2021991072680,2021,991072680,1,21,1,16,19,7,2,0,0,0,5,6,0,0,3,1,1,1,1,37,7,12809,2,6,MERCEDES MODEL MISSING,3,E01019221,0,-1
2021320419518,2021,320419518,2,21,0,18,19,1,5,0,0,8,0,0,0,0,0,1,1,1,1,48,8,12809,2,5,MERCEDES MODEL MISSING,9,E01029865,0,-1
2021371120885,2021,371120885,2,21,1,17,19,8,4,0,0,0,0,0,0,0,3,1,1,1,1,55,8,5132,2,3,MERCEDES MODEL MISSING,2,E01007593,0,-1
2021031041921,2021,031041921,1,21,1,18,19,1,5,0,0,0,3,11,6,0,1,1,1,1,1,60,9,10677,2,2,MERCEDES MODEL MISSING,1,E01012638,0,-1
2021440137366,2021,440137366,1,21,0,12,12,8,0,0,0,1,1,0,0,0,1,1,1,1,1,37,7,7698,2,2,MERCEDES MODEL MISSING,10,E01016687,0,-1
2021211132844,2021,211132844,1,21,-1,18,19,-1,-1,0,0,0,5,0,7,0,3,1,1,1,1,65,9,12809,2,6,MERCEDES MODEL MISSING,5,E01021399,0,-1
2021061078379,2021,061078379,1,21,0,11,11,5,1,0,0,0,0,0,0,0,4,1,1,1,1,52,8,12809,2,4,MERCEDES MODEL MISSING,1,E01005328,0,-1
2021070819609,2021,070819609,2,19,0,5,5,5,1,0,0,2,0,0,0,0,3,1,1,1,1,45,7,4249,2,8,MERCEDES MODEL MISSING,2,E01018400,0,-1
2021361095816,2021,361095816,2,9,0,7,7,8,2,0,0,1,0,0,1,4,2,1,5,6,2,49,8,2199,1,26,MERCEDES MODEL MISSING,9,E01026503,0,-1
2021231104556,2021,231104556,2,21,1,18,19,5,1,0,0,8,0,0,0,0,1,1,1,1,1,30,6,12809,2,4,MERCEDES MODEL MISSING,7,E01007589,0,-1
2021471083845,2021,471083845,1,11,0,3,3,1,5,2,2,2,0,0,0,0,0,1,1,1,1,42,7,11967,2,13,MERCEDES MODEL MISSING,6,E01017012,0,-1
2021430358530,2021,430358530,1,21,0,6,6,3,3,0,0,8,0,0,0,0,2,1,1,1,1,50,8,-1,-1,-1,MERCEDES MODEL MISSING,7,E01017673,0,-1
2021547814321,2021,547814321,2,21,0,18,19,4,8,0,0,1,0,0,0,0,3,1,1,1,1,59,9,12809,2,2,MERCEDES MODEL MISSING,4,E01023083,0,-1
2021211121062,2021,211121062,2,21,1,4,4,1,5,0,0,0,0,0,0,0,4,1,1,1,1,36,7,12809,2,7,MERCEDES MODEL MISSING,7,E01025911,0,-1
2021010288014,2021,010288014,2,21,1,18,19,7,3,0,0,0,0,0,0,0,1,1,1,1,1,34,6,12809,2,4,MERCEDES MODEL MISSING,5,E01032309,0,-1
2021010328490,2021,010328490,1,19,0,3,3,5,1,0,0,1,0,0,0,0,1,1,1,1,1,31,6,7698,2,3,MERCEDES MODEL MISSING,2,E01001143,0,-1
2021320174307,2021,320174307,1,11,0,4,4,8,4,0,0,1,1,0,0,0,1,1,1,1,1,67,10,4249,2,13,MERCEDES MODEL MISSING,-1,-1,0,-1
2021451119491,2021,451119491,1,11,0,18,19,1,5,0,0,0,0,0,0,0,0,1,1,1,1,63,9,6370,2,10,MERCEDES MODEL MISSING,3,E01002589,0,-1
2021031069454,2021,031069454,1,21,1,18,19,4,1,0,0,0,0,0,0,0,1,1,1,1,1,59,9,12809,2,8,MERCEDES MODEL MISSING,-1,-1,0,-1
2021351096933,2021,351096933,1,20,0,18,19,5,1,0,0,0,0,0,7,11,1,1,1,1,1,38,7,5132,2,4,MERCEDES MODEL MISSING,1,E01001786,0,-1
2021131046092,2021,131046092,1,21,1,11,11,7,3,0,0,0,0,0,0,0,1,1,1,1,1,41,7,12809,2,7,MERCEDES MODEL MISSING,8,E01025411,0,-1
2021440059508,2021,440059508,1,21,0,11,11,8,4,0,0,0,0,0,0,0,1,1,1,1,1,30,6,12809,2,8,MERCEDES MODEL MISSING,1,E01017237,0,-1
2021991050677,2021,991050677,1,21,1,11,11,7,2,0,0,0,0,0,0,0,1,1,1,1,1,58,9,12809,2,3,MERCEDES MODEL MISSING,7,-1,0,-1
2021501049911,2021,501049911,3,20,0,13,13,3,7,0,0,0,0,0,0,0,4,1,1,1,1,38,7,10677,2,4,MERCEDES MODEL MISSING,9,E01018796,0,-1
2021010318625,2021,010318625,1,21,0,7,7,7,1,0,0,8,0,0,0,0,3,1,1,1,1,33,6,7698,2,4,MERCEDES MODEL MISSING,3,E01017580,0,-1
2021522105448,2021,522105448,2,21,0,18,19,2,6,0,0,0,0,0,0,0,4,1,6,6,1,40,7,12809,2,3,MERCEDES MODEL MISSING,2,E01014578,0,-1
2021430081857,2021,430081857,2,21,1,18,19,3,7,0,0,0,0,0,0,0,3,1,1,1,1,52,8,12809,2,2,MERCEDES MODEL MISSING,3,E01031851,0,-1
2021010322230,2021,010322230,1,21,1,18,19,3,7,0,0,0,0,0,0,0,2,1,1,1,1,41,7,12809,2,1,MERCEDES MODEL MISSING,8,E01016028,0,-1
2021010294341,2021,010294341,1,21,0,7,7,5,7,0,0,8,0,0,0,0,0,1,1,1,1,40,7,10677,2,7,MERCEDES MODEL MISSING,2,E01004000,0,-1
2021430309919,2021,430309919,2,21,0,18,19,7,3,0,0,8,0,0,7,0,1,1,1,1,1,48,8,12809,2,6,MERCEDES MODEL MISSING,4,E01021779,0,-1
2021302101238,2021,302101238,2,21,1,12,12,2,6,0,0,0,0,0,0,0,3,1,1,1,1,58,9,7698,2,4,MERCEDES MODEL MISSING,8,E01019834,0,-1
2021320677840,2021,320677840,2,21,0,18,19,1,5,0,0,1,0,0,0,0,4,1,1,1,1,50,8,7698,2,5,MERCEDES MODEL MISSING,1,E01004846,0,-1
2021010295605,2021,010295605,1,90,0,18,19,1,5,0,0,1,0,0,0,0,1,1,1,1,1,36,7,7698,2,2,MERCEDES MODEL MISSING,5,E01015753,0,-1
2021161018070,2021,161018070,2,90,0,18,19,2,6,0,0,0,0,0,0,0,1,1,1,1,1,71,10,4250,2,14,MERCEDES MODEL MISSING,7,E01012966,0,-1
2021522101943,2021,522101943,3,21,0,18,19,1,5,0,0,0,0,0,0,0,1,1,1,1,1,64,9,12809,2,7,MERCEDES MODEL MISSING,6,E01020059,0,-1
2021101074805,2021,101074805,2,11,0,17,19,5,1,0,0,0,0,0,0,0,0,1,1,1,1,62,9,6370,2,8,MERCEDES MODEL MISSING,2,E01020618,0,-1
2021111013578,2021,111013578,1,11,0,14,14,3,7,0,0,2,0,0,0,0,4,1,1,1,1,53,8,6370,2,14,MERCEDES MODEL MISSING,3,E01008826,0,-1
2021622100226,2021,622100226,4,9,0,18,19,6,2,0,0,0,0,0,0,0,2,1,6,6,1,59,9,3200,1,21,MERCEDES MODEL MISSING,4,W01001071,0,-1
2021131091508,2021,131091508,3,21,0,18,19,3,7,0,0,0,0,0,0,0,3,1,1,1,1,29,6,7698,2,1,MERCEDES MODEL MISSING,5,E01011896,0,-1
2021101113729,2021,101113729,2,21,1,16,19,4,8,0,0,8,1,4,0,0,1,1,1,1,1,52,8,11946,2,8,MERCEDES MODEL MISSING,4,E01020630,0,-1
2021544401721,2021,544401721,2,19,0,4,4,4,8,0,0,2,0,0,0,0,4,1,1,1,1,55,8,10677,2,1,MERCEDES MODEL MISSING,9,E01023217,0,-1
2021010314111,2021,010314111,2,19,9,99,99,9,9,99,99,9,9,99,9,99,1,1,6,6,3,-1,-1,-1,-1,-1,MERCEDES MODEL MISSING,-1,-1,0,-1
2021010293815,2021,010293815,3,21,0,18,19,7,3,0,0,8,0,0,0,0,1,1,1,1,1,34,6,7698,2,2,MERCEDES MODEL MISSING,-1,-1,0,-1
2021302102136,2021,302102136,2,10,0,2,2,0,0,0,0,0,0,0,0,0,2,1,6,6,1,76,11,-1,-1,-1,MERCEDES MODEL MISSING,4,E01019574,0,-1
2021543398121,2021,543398121,2,21,1,18,19,7,3,0,0,1,1,0,0,0,1,1,1,1,1,62,9,12809,2,4,MERCEDES MODEL MISSING,10,E01029160,0,-1
2021010309841,2021,010309841,2,21,0,3,3,7,3,0,0,1,0,0,0,0,2,1,1,1,1,49,8,10677,2,4,MERCEDES MODEL MISSING,-1,-1,0,-1
2021320335780,2021,320335780,1,21,0,18,19,4,8,0,0,1,0,0,0,0,1,1,6,6,1,40,7,10677,2,4,MERCEDES MODEL MISSING,-1,-1,0,-1
202106X079122,2021,06X079122,3,20,0,3,3,3,7,0,0,1,0,0,0,0,2,1,6,6,1,56,9,7698,2,7,MERCEDES MODEL MISSING,9,E01018405,0,-1
2021430288698,2021,430288698,1,21,0,18,19,6,2,0,0,0,0,0,0,0,2,1,6,6,1,38,7,-1,-1,-1,MERCEDES MODEL MISSING,3,E01027340,0,-1
2021471066235,2021,471066235,1,21,0,4,4,6,2,0,0,8,0,0,0,0,1,1,1,1,1,50,8,6374,2,8,MERCEDES MODEL MISSING,6,E01021128,0,-1
2021552101224,2021,552101224,1,21,0,18,19,6,3,0,0,6,0,0,0,0,3,1,1,1,1,61,9,10677,2,7,MERCEDES MODEL MISSING,6,E01029227,0,-1
2021201117082,2021,201117082,1,19,0,18,19,8,4,0,0,8,0,0,0,0,1,1,6,6,1,22,5,2151,2,15,MERCEDES MODEL MISSING,1,E01009269,0,-1
2021010295835,2021,010295835,1,19,0,5,5,1,5,0,0,8,0,0,0,0,1,1,1,1,1,51,8,-1,3,8,MERCEDES MODEL MISSING,8,E01000173,0,-1
2021411128186,2021,411128186,2,21,1,18,19,6,2,0,0,0,0,0,0,0,2,1,1,1,1,42,7,12809,2,0,MERCEDES MODEL MISSING,6,E01026722,0,-1
2021991121057,2021,991121057,2,11,0,18,19,1,5,0,0,1,0,0,0,0,1,1,1,1,1,63,9,4249,2,14,MERCEDES MODEL MISSING,5,-1,0,-1
2021371044117,2021,371044117,2,17,0,18,19,1,5,0,0,0,0,0,0,0,1,1,1,1,1,43,7,6370,2,11,MERCEDES MODEL MISSING,6,E01030212,0,-1
2021440299202,2021,440299202,2,21,0,18,19,4,8,0,0,8,0,0,0,0,3,1,1,1,1,-1,-1,12809,2,1,MERCEDES MODEL MISSING,-1,-1,0,-1
2021061069554,2021,061069554,2,21,0,18,19,5,1,0,0,0,0,0,1,0,1,1,1,1,1,50,8,4249,2,8,MERCEDES MODEL MISSING,3,E01012454,0,-1
2021471084810,2021,471084810,1,19,0,9,9,1,7,0,0,2,0,0,0,0,1,1,5,6,1,44,7,3190,1,15,MERCEDES MODEL MISSING,9,E01021095,0,-1
2021430467613,2021,430467613,2,21,1,11,11,6,2,0,0,0,0,0,0,0,1,1,6,6,1,46,8,12809,2,5,MERCEDES MODEL MISSING,-1,-1,0,-1
2021010322598,2021,010322598,1,21,1,7,7,1,3,0,0,1,0,0,0,0,1,1,6,6,1,67,10,12809,2,3,MERCEDES MODEL MISSING,5,E01028243,0,-1
2021010319859,2021,010319859,2,21,1,99,99,9,9,99,99,0,9,99,9,99,1,9,6,6,3,-1,-1,7698,2,4,MERCEDES MODEL MISSING,-1,-1,0,-1
2021440154977,2021,440154977,3,21,0,18,19,4,8,0,0,0,0,0,0,0,3,1,1,1,2,27,6,12809,2,4,MERCEDES MODEL MISSING,10,E01030886,0,-1
2021010347071,2021,010347071,1,21,0,5,5,1,5,0,0,2,0,0,0,0,1,1,1,1,1,37,7,10677,2,6,MERCEDES MODEL MISSING,4,E01000618,0,-1
2021401046755,2021,401046755,2,21,0,18,19,7,3,0,0,0,0,0,0,0,1,1,1,1,1,36,7,12809,2,4,MERCEDES MODEL MISSING,6,E01023413,0,-1
202131A010121,2021,31A010121,2,20,0,18,19,4,8,0,0,8,0,0,0,0,1,1,1,1,1,64,9,7698,2,5,MERCEDES MODEL MISSING,2,E01028226,0,-1
2021231018885,2021,231018885,1,21,1,18,19,1,5,0,0,0,0,0,0,0,1,1,1,1,1,35,6,12809,2,8,MERCEDES MODEL MISSING,8,E01032975,0,-1
2021010343761,2021,010343761,1,21,0,18,19,1,5,0,0,8,0,0,0,0,1,1,1,1,1,54,8,12809,2,2,MERCEDES MODEL MISSING,5,E01016416,0,-1
2021010349228,2021,010349228,1,11,0,5,5,4,8,0,0,1,0,0,0,0,1,1,1,1,1,43,7,6370,2,6,MERCEDES MODEL MISSING,8,E01000679,0,-1
202134NNC1841,2021,34NNC1841,2,19,0,18,19,3,7,0,0,0,0,0,0,0,0,1,6,6,3,-1,-1,7698,2,2,MERCEDES MODEL MISSING,-1,-1,0,-1
2021440241583,2021,440241583,2,21,1,18,19,3,7,0,0,0,0,0,0,0,2,1,1,1,1,-1,-1,12809,2,4,MERCEDES MODEL MISSING,2,E01017219,0,-1
2021471091190,2021,471091190,1,21,1,18,19,7,3,0,0,2,0,0,0,0,4,1,1,1,1,52,8,12809,2,6,MERCEDES MODEL MISSING,6,E01020949,0,-1
2021010330467,2021,010330467,1,11,0,13,13,1,5,0,0,0,0,0,0,0,4,1,1,1,2,38,7,6370,2,12,MERCEDES MODEL MISSING,6,E01024266,0,-1
2021461044528,2021,461044528,2,21,0,18,19,7,3,0,0,0,0,0,0,0,1,1,1,1,1,46,8,10677,2,1,MERCEDES MODEL MISSING,5,E01016029,0,-1
2021461062373,2021,461062373,2,21,0,18,19,2,7,0,0,0,0,0,2,0,1,1,1,1,1,34,6,-1,-1,-1,MERCEDES MODEL MISSING,9,E01032813,0,-1
2021461077209,2021,461077209,1,21,0,5,5,5,1,0,0,0,0,0,0,0,4,1,1,1,1,46,8,12809,2,7,MERCEDES MODEL MISSING,6,E01021204,0,-1
2021010349803,2021,010349803,2,21,1,12,12,5,1,0,0,1,0,0,0,0,1,1,1,1,1,26,6,10677,2,4,MERCEDES MODEL MISSING,4,E01000428,0,-1
2021031058138,2021,031058138,3,21,1,18,19,1,5,0,0,0,1,0,0,0,1,1,1,1,1,50,8,12809,2,5,MERCEDES MODEL MISSING,2,-1,0,-1
2021302101060,2021,302101060,2,21,1,18,19,8,4,0,0,0,0,0,0,0,0,1,1,1,1,61,9,10677,2,3,MERCEDES MODEL MISSING,7,E01025964,0,-1
2021461109876,2021,461109876,1,21,0,17,19,3,7,0,0,0,5,0,0,0,4,1,1,1,1,50,8,12809,2,7,MERCEDES MODEL MISSING,4,E01000466,0,-1
2021111118836,2021,111118836,2,20,0,4,4,1,5,0,0,0,0,0,0,0,2,1,1,1,1,37,7,7698,2,6,MERCEDES MODEL MISSING,4,E01027413,0,-1
2021421093184,2021,421093184,2,21,1,18,19,6,2,0,0,0,3,0,0,0,1,1,1,1,1,40,7,12809,2,7,MERCEDES MODEL MISSING,3,E01029962,0,-1
2021221096124,2021,221096124,1,20,0,18,19,3,7,0,0,0,0,5,0,0,4,1,1,1,1,72,10,4250,2,17,MERCEDES MODEL MISSING,10,E01032346,0,-1
2021401115582,2021,401115582,1,21,1,18,19,5,1,0,0,0,0,0,0,0,1,1,1,1,1,50,8,10677,2,3,MERCEDES MODEL MISSING,3,E01002306,0,-1
2021070792302,2021,070792302,2,21,1,2,2,0,0,6,6,0,0,0,0,0,2,1,1,1,1,34,6,12809,2,1,MERCEDES MODEL MISSING,7,E01029846,0,-1
2021010310961,2021,010310961,1,21,1,17,19,3,1,0,0,4,0,11,0,0,1,1,1,1,1,40,7,12809,2,7,MERCEDES MODEL MISSING,1,E01021500,0,-1