collision_index,collision_year,collision_ref_no,vehicle_reference,vehicle_type,towing_and_articulation,vehicle_manoeuvre_historic,vehicle_manoeuvre,vehicle_direction_from,vehicle_direction_to,vehicle_location_restricted_lane_historic,vehicle_location_restricted_lane,junction_location,skidding_and_overturning,hit_object_in_carriageway,vehicle_leaving_carriageway,hit_object_off_carriageway,first_point_of_impact,vehicle_left_hand_drive,journey_purpose_of_driver_historic,journey_purpose_of_driver,sex_of_driver,age_of_driver,age_band_of_driver,engine_capacity_cc,propulsion_code,age_of_vehicle,generic_make_model,driver_imd_decile,lsoa_of_driver,escooter_flag,driver_distance_banding
2021010289350,2021,010289350,2,21,1,18,19,3,7,0,0,0,0,0,0,0,4,1,1,1,1,41,7,10677,2,3,MERCEDES MODEL MISSING,10,E01032850,0,-1
2021440454340,2021,440454340,1,20,0,11,11,5,1,0,0,1,1,0,0,0,1,1,1,1,1,53,8,4250,2,13,MERCEDES MODEL MISSING,4,E01023260,0,-1
2021440495064,2021,440495064,2,21,0,18,19,5,1,0,0,1,0,0,0,0,0,1,1,1,1,57,9,5132,2,3,MERCEDES MODEL MISSING,6,E01023155,0,-1
2021501049472,2021,501049472,1,21,0,18,19,7,3,0,0,0,2,0,7,9,1,1,1,1,1,74,10,4250,2,15,MERCEDES MODEL MISSING,8,E01014771,0,-1
2021111014704,2021,111014704,2,21,0,18,19,1,5,6,6,1,0,0,7,0,1,1,2,2,1,50,8,12809,2,2,MERCEDES MODEL MISSING,10,E01033479,0,-1
2021421071564,2021,421071564,1,11,0,9,9,2,6,0,0,4,0,0,0,0,1,1,1,1,1,36,7,4249,2,14,MERCEDES MODEL MISSING,10,E01021935,0,-1
2021430119973,2021,430119973,1,11,0,18,19,2,6,0,0,1,0,0,0,0,1,1,1,1,1,-1,-1,6370,2,13,MERCEDES MODEL MISSING,6,E01017934,0,-1
2021471096458,2021,471096458,1,11,0,7,7,8,2,0,0,6,0,0,0,0,4,1,1,1,1,58,9,11967,2,13,MERCEDES MODEL MISSING,3,E01031789,0,-1
2021371043513,2021,371043513,2,21,1,2,2,0,0,0,0,0,0,0,0,0,2,1,1,1,1,39,7,12809,2,0,MERCEDES MODEL MISSING,5,E01019633,0,-1
2021061111335,2021,061111335,2,21,1,18,19,7,3,0,0,0,0,0,0,0,2,1,1,1,1,58,9,12809,2,7,MERCEDES MODEL MISSING,6,E01013085,0,-1
2021421040060,2021,421040060,1,21,1,18,19,7,3,0,0,0,0,0,0,0,1,1,1,1,1,35,6,-1,2,7,MERCEDES MODEL MISSING,5,E01015529,0,-1
2021302100092,2021,302100092,3,21,0,3,3,4,8,0,0,0,0,0,0,0,2,1,1,1,1,55,8,4250,2,10,MERCEDES MODEL MISSING,4,E01005986,0,-1
202131C131821,2021,31C131821,1,19,0,18,19,6,2,0,0,0,0,0,0,0,4,1,1,1,1,-1,-1,4250,2,14,MERCEDES MODEL MISSING,3,E01028187,0,-1
2021010288447,2021,010288447,1,21,0,18,19,7,3,0,0,0,0,0,0,0,2,1,1,1,1,34,6,10677,2,2,MERCEDES MODEL MISSING,-1,-1,0,-1
2021101069836,2021,101069836,1,19,0,18,19,5,1,0,0,1,0,0,0,0,-1,1,1,1,1,40,7,10677,2,3,MERCEDES MODEL MISSING,-1,-1,0,-1
2021430563942,2021,430563942,2,21,0,1,1,4,2,0,0,5,0,0,0,0,2,1,1,1,1,38,7,10677,2,4,MERCEDES MODEL MISSING,8,E01016549,0,-1
2021421059552,2021,421059552,1,21,1,14,14,7,3,0,0,0,0,0,0,0,4,1,1,1,1,65,9,7698,2,5,MERCEDES MODEL MISSING,9,E01017752,0,-1
2021231113342,2021,231113342,1,21,1,17,19,7,4,0,0,0,0,0,0,0,1,1,1,1,1,58,9,7698,2,6,MERCEDES MODEL MISSING,5,E01002556,0,-1
2021010309794,2021,010309794,2,19,0,5,5,7,3,0,0,1,0,0,0,0,0,1,1,1,1,57,9,-1,-1,-1,MERCEDES MODEL MISSING,2,E01024634,0,-1
2021421097264,2021,421097264,2,21,1,5,5,1,5,0,0,1,0,0,0,0,1,1,1,1,1,31,6,7698,2,3,MERCEDES MODEL MISSING,6,E01026436,0,-1
2021440206955,2021,440206955,2,21,1,7,7,3,5,0,0,2,0,0,0,0,2,1,1,1,1,31,6,15569,2,4,MERCEDES MODEL MISSING,1,E01017332,0,-1
2021351032347,2021,351032347,1,21,1,18,19,3,7,0,0,0,5,0,1,0,1,1,1,1,1,40,7,12809,2,6,MERCEDES MODEL MISSING,4,E01016168,0,-1
2021131117290,2021,131117290,2,21,0,18,19,3,7,0,0,0,0,0,0,0,2,1,1,1,1,43,7,12809,2,5,MERCEDES MODEL MISSING,1,E01005624,0,-1
2021546817121,2021,546817121,1,21,1,18,19,3,7,0,0,0,1,0,0,0,1,1,6,6,1,58,9,12809,2,6,MERCEDES MODEL MISSING,5,E01019456,0,-1
2021411110080,2021,411110080,2,20,0,1,1,3,7,0,0,2,0,0,0,0,2,1,1,1,1,35,6,10677,2,0,MERCEDES MODEL MISSING,10,E01023770,0,-1
2021010346608,2021,010346608,2,19,4,2,2,0,0,0,0,0,0,0,0,0,2,1,6,6,3,-1,-1,10677,2,2,MERCEDES MODEL MISSING,-1,-1,0,-1
2021010296033,2021,010296033,2,9,0,5,5,3,7,0,0,1,0,0,0,0,1,2,6,6,1,65,9,2600,1,20,MERCEDES MODEL MISSING,2,E01001940,0,-1
202154A450621,2021,54A450621,1,20,0,18,19,6,1,0,0,0,0,0,0,0,4,1,1,1,1,48,8,6370,2,10,MERCEDES MODEL MISSING,4,E01015509,0,-1
2021101067173,2021,101067173,1,21,0,11,11,5,1,0,0,0,0,0,0,0,4,1,1,1,1,59,9,7698,2,6,MERCEDES MODEL MISSING,3,E01007385,0,-1
2021991056996,2021,991056996,1,21,0,18,19,7,3,0,0,0,0,0,0,0,1,1,1,1,1,56,9,6370,2,12,MERCEDES MODEL MISSING,2,-1,0,-1
2021543437221,2021,543437221,1,21,0,13,13,3,7,0,0,0,0,0,0,0,0,1,1,1,1,56,9,12809,2,6,MERCEDES MODEL MISSING,3,E01015228,0,-1
2021421029846,2021,421029846,2,21,0,10,10,3,7,0,0,1,0,0,0,0,2,1,1,1,1,34,6,-1,-1,-1,MERCEDES MODEL MISSING,3,E01021339,0,-1
2021622100329,2021,622100329,2,21,0,18,19,7,3,0,0,8,1,0,0,0,1,1,1,1,1,44,7,-1,-1,-1,MERCEDES MODEL MISSING,3,W01000850,0,-1
2021131073753,2021,131073753,2,21,0,18,19,4,8,0,0,0,0,0,0,0,2,1,1,1,1,32,6,6374,2,8,MERCEDES MODEL MISSING,6,E01010882,0,-1
2021010297486,2021,010297486,1,21,0,3,3,1,5,0,0,1,1,0,0,0,3,1,1,1,1,45,7,-1,-1,-1,MERCEDES MODEL MISSING,4,E01001260,0,-1
2021221074279,2021,221074279,1,21,5,3,3,8,6,0,0,8,0,0,0,0,0,1,1,1,1,34,6,15569,2,5,MERCEDES MODEL MISSING,7,E01031213,0,-1
2021544876621,2021,544876621,1,21,0,18,19,1,5,0,0,8,0,0,0,0,1,1,1,1,1,50,8,7698,2,3,MERCEDES MODEL MISSING,8,E01025990,0,-1
2021622100441,2021,622100441,2,11,0,7,7,4,6,0,0,6,0,0,0,0,4,1,1,1,1,22,5,6370,2,4,MERCEDES MODEL MISSING,2,W01001705,0,-1
202131B016021,2021,31B016021,2,21,0,1,1,4,8,0,0,8,0,0,0,0,3,1,1,1,1,33,6,6370,2,14,MERCEDES MODEL MISSING,1,E01007627,0,-1
2021070563210,2021,070563210,1,21,1,18,19,8,5,0,0,0,0,0,0,0,1,1,1,1,2,52,8,12809,2,5,MERCEDES MODEL MISSING,6,E01032395,0,-1
2021991088561,2021,991088561,2,11,0,2,2,0,0,0,0,1,0,0,0,0,0,1,1,1,1,60,9,11967,2,17,MERCEDES MODEL MISSING,4,-1,0,-1
20211383G1041,2021,1383G1041,3,21,1,18,19,7,3,0,0,0,0,0,0,0,1,1,1,1,1,37,7,6370,2,15,MERCEDES MODEL MISSING,4,E01005871,0,-1
2021231066498,2021,231066498,3,19,0,18,19,4,8,0,0,8,0,0,0,0,3,1,6,6,1,35,6,-1,-1,-1,MERCEDES MODEL MISSING,-1,-1,0,-1
2021421104663,2021,421104663,1,21,1,15,15,1,5,0,0,0,0,0,6,0,1,1,1,1,1,60,9,12809,2,5,MERCEDES MODEL MISSING,-1,-1,0,-1
202131C052021,2021,31C052021,1,19,0,18,19,1,5,0,0,1,0,0,0,0,1,1,6,6,1,35,6,11946,2,16,MERCEDES MODEL MISSING,10,E01019640,0,-1
2021010325885,2021,010325885,2,19,0,18,19,1,5,0,0,0,0,0,0,0,3,1,6,6,3,-1,-1,-1,-1,-1,MERCEDES MODEL MISSING,3,E01004422,0,-1
2021231111962,2021,231111962,3,21,1,4,4,8,2,0,0,2,0,0,0,0,4,1,1,1,1,55,8,12809,2,5,MERCEDES MODEL MISSING,7,E01007836,0,-1
2021031077303,2021,031077303,1,21,0,9,9,5,1,0,0,5,0,0,0,0,4,1,1,1,1,28,6,10677,2,6,MERCEDES MODEL MISSING,6,E01025107,0,-1
202134NNC6441,2021,34NNC6441,1,19,0,12,12,7,3,0,0,1,0,0,0,0,2,1,1,1,1,31,6,-1,-1,-1,MERCEDES MODEL MISSING,9,E01017719,0,-1
2021430562193,2021,430562193,1,21,1,18,19,7,3,0,0,3,5,0,1,2,4,1,1,1,1,38,7,12809,2,7,MERCEDES MODEL MISSING,4,E01004366,0,-1
2021010308710,2021,010308710,1,11,0,4,4,1,5,0,0,0,0,0,0,0,4,1,1,1,1,69,10,6370,2,6,MERCEDES MODEL MISSING,4,E01003278,0,-1
2021010344139,2021,010344139,2,20,0,18,19,3,7,0,0,1,0,0,0,0,2,1,6,6,1,54,8,7698,2,2,MERCEDES MODEL MISSING,3,E01000929,0,-1
2021170M30381,2021,170M30381,1,21,1,7,7,3,5,0,0,0,5,0,0,0,3,1,1,1,1,50,8,12809,2,1,MERCEDES MODEL MISSING,8,E01012156,0,-1
2021010322231,2021,010322231,2,9,0,2,2,0,0,6,6,0,0,0,0,0,0,1,6,6,3,-1,-1,2300,1,23,MERCEDES MODEL MISSING,-1,-1,0,-1
2021461023811,2021,461023811,1,21,4,5,5,5,1,0,0,8,0,0,0,0,3,1,6,6,1,-1,-1,10677,2,3,MERCEDES MODEL MISSING,5,E01021741,0,-1
2021070053454,2021,070053454,2,21,1,18,19,3,7,0,0,0,0,0,0,0,1,1,1,1,1,38,7,12809,2,2,MERCEDES MODEL MISSING,1,E01013573,0,-1
2021161015744,2021,161015744,1,21,0,18,19,1,5,0,0,6,2,0,3,10,1,1,1,1,1,-1,-1,5132,2,2,MERCEDES MODEL MISSING,1,E01012898,0,-1
2021440208026,2021,440208026,1,21,1,9,9,3,1,0,0,6,0,0,1,2,4,1,1,1,1,33,6,12809,2,6,MERCEDES MODEL MISSING,8,E01022660,0,-1
2021010323017,2021,010323017,1,21,0,5,5,3,7,0,0,1,0,0,0,0,1,1,1,1,1,45,7,7698,2,1,MERCEDES MODEL MISSING,3,E01001479,0,-1
202163B053921,2021,63B053921,1,20,0,7,7,5,6,0,0,5,0,0,0,0,2,1,6,6,1,61,9,-1,-1,-1,MERCEDES MODEL MISSING,7,W01000548,0,-1
2021522101530,2021,522101530,1,21,0,18,19,1,5,0,0,0,0,0,0,0,1,1,6,6,1,29,6,-1,-1,-1,MERCEDES MODEL MISSING,10,E01014966,0,-1
2021430529225,2021,430529225,1,21,1,18,19,8,4,0,0,0,0,0,0,0,1,1,1,1,1,34,6,12809,2,5,MERCEDES MODEL MISSING,2,E01010101,0,-1
2021430499666,2021,430499666,1,11,0,9,9,2,8,0,0,0,0,0,0,0,3,1,1,1,1,34,6,4249,2,13,MERCEDES MODEL MISSING,-1,-1,0,-1
2021010336975,2021,010336975,1,9,0,99,99,9,9,99,99,9,9,99,9,99,2,9,6,6,1,51,8,4966,7,18,MERCEDES MODEL MISSING,2,E01001202,0,-1
2021221108704,2021,221108704,2,21,0,17,19,1,6,0,0,0,0,10,0,0,1,1,1,1,1,35,6,10677,2,5,MERCEDES MODEL MISSING,7,E01027995,0,-1
2021361117063,2021,361117063,1,19,0,18,19,8,4,0,0,0,0,0,0,0,1,1,1,1,1,38,7,6374,2,8,MERCEDES MODEL MISSING,6,E01029930,0,-1
2021170H10461,2021,170H10461,2,21,0,12,12,5,1,0,0,7,0,0,0,0,2,1,1,1,1,37,7,10677,2,5,MERCEDES MODEL MISSING,5,E01020590,0,-1
2021471072431,2021,471072431,2,19,0,18,19,5,1,0,0,0,0,0,0,0,3,1,1,1,1,38,7,-1,-1,-1,MERCEDES MODEL MISSING,6,E01031817,0,-1
2021461065084,2021,461065084,1,21,0,18,19,2,6,0,0,0,0,0,0,0,4,1,1,1,1,60,9,12809,2,2,MERCEDES MODEL MISSING,4,E01027352,0,-1
2021231087975,2021,231087975,1,21,1,11,11,4,8,0,0,0,0,0,0,0,4,1,5,6,1,63,9,12809,2,3,MERCEDES MODEL MISSING,5,E01027636,0,-1
20211382F1808,2021,1382F1808,2,21,0,18,19,5,1,0,0,0,0,0,0,0,2,1,1,1,1,39,7,10677,2,4,MERCEDES MODEL MISSING,5,E01023933,0,-1
2021010336906,2021,010336906,1,11,0,18,19,5,1,0,0,1,0,0,0,0,1,1,1,1,1,55,8,2148,2,13,MERCEDES MODEL MISSING,2,E01002072,0,-1
2021421039842,2021,421039842,1,21,1,12,12,8,4,0,0,0,0,0,0,0,3,2,1,1,1,52,8,12809,2,5,MERCEDES MODEL MISSING,4,E01030169,0,-1
2021430291164,2021,430291164,2,21,0,18,19,8,4,0,0,0,0,0,0,0,2,1,1,1,1,33,6,12809,2,7,MERCEDES MODEL MISSING,1,E01009354,0,-1
2021122100656,2021,122100656,2,21,1,2,2,0,0,6,6,0,0,0,0,0,2,1,1,1,1,39,7,10677,2,4,MERCEDES MODEL MISSING,2,E01007595,0,-1
2021221036888,2021,221036888,2,20,0,16,19,8,3,0,0,8,0,0,0,0,1,1,1,1,1,74,10,-1,-1,-1,MERCEDES MODEL MISSING,7,W01000069,0,-1
2021131039285,2021,131039285,2,21,0,18,19,5,1,0,0,0,0,0,0,0,4,1,1,1,1,48,8,6370,2,16,MERCEDES MODEL MISSING,7,E01008133,0,-1
2021430222444,2021,430222444,1,21,0,18,19,5,1,0,0,8,5,0,0,0,0,1,1,1,1,38,7,12809,2,5,MERCEDES MODEL MISSING,6,E01022640,0,-1
2021991071846,2021,991071846,1,21,1,18,19,8,4,0,0,0,0,4,0,0,1,1,1,1,1,60,9,12809,2,6,MERCEDES MODEL MISSING,8,E01027858,0,-1
2021070164700,2021,070164700,1,21,1,18,19,8,4,0,0,0,1,0,0,0,1,1,1,1,1,55,8,12809,2,5,MERCEDES MODEL MISSING,7,E01027146,0,-1
2021461014087,2021,461014087,1,9,0,18,19,2,6,0,0,0,2,0,1,11,3,1,5,6,1,48,8,3199,1,21,MERCEDES MODEL MISSING,3,E01024668,0,-1
2021302101696,2021,302101696,3,21,0,18,19,2,6,0,0,0,0,0,0,0,1,1,1,1,1,42,7,12809,2,0,MERCEDES MODEL MISSING,3,E01009967,0,-1
2021010319179,2021,010319179,1,19,0,8,8,5,8,0,0,1,0,0,0,0,0,1,1,1,1,30,6,7698,2,3,MERCEDES MODEL MISSING,7,E01024554,0,-1
2021131060798,2021,131060798,1,9,0,18,19,1,5,0,0,1,0,0,0,0,1,1,1,1,1,51,8,2000,1,8,MERCEDES MODEL MISSING,4,E01011810,0,-1
2021471103206,2021,471103206,2,11,0,18,19,3,7,0,0,1,0,0,0,0,1,1,1,1,1,51,8,11967,2,9,MERCEDES MODEL MISSING,7,E01031387,0,-1
2021101085916,2021,101085916,2,21,1,16,19,7,3,0,0,0,0,0,0,0,3,1,1,1,1,57,9,12809,2,2,MERCEDES MODEL MISSING,4,E01026041,0,-1
2021010320018,2021,010320018,2,21,0,10,10,5,3,0,0,1,0,0,0,0,2,1,1,1,1,38,7,10677,2,0,MERCEDES MODEL MISSING,7,E01003643,0,-1
2021010308629,2021,010308629,2,20,0,18,19,1,5,0,0,0,0,0,0,0,1,1,1,1,1,29,6,7698,2,5,MERCEDES MODEL MISSING,9,E01000987,0,-1
2021531117993,2021,531117993,2,11,0,18,19,7,3,0,0,1,0,0,0,0,3,1,3,7,1,51,8,4249,2,13,MERCEDES MODEL MISSING,5,E01022435,0,-1
202154C629621,2021,54C629621,2,21,0,18,19,7,3,0,0,0,0,0,0,0,3,1,1,1,1,55,8,12809,2,6,MERCEDES MODEL MISSING,3,E01015248,0,-1
2021010289691,2021,010289691,1,21,0,3,3,7,3,0,0,1,0,0,0,0,1,2,1,1,1,43,7,7698,2,5,MERCEDES MODEL MISSING,2,E01004718,0,-1
202163D001221,2021,63D001221,3,20,0,16,19,5,8,0,0,0,0,0,0,0,2,1,2,2,1,51,8,4250,2,16,MERCEDES MODEL MISSING,7,W01000459,0,-1
202134NNC3231,2021,34NNC3231,4,19,0,2,2,2,6,0,0,0,0,0,0,0,2,1,1,1,1,52,8,-1,-1,-1,MERCEDES MODEL MISSING,10,E01027077,0,-1
202131C031321,2021,31C031321,1,20,0,9,9,5,4,0,0,8,5,0,0,0,4,1,1,1,1,52,8,10677,2,4,MERCEDES MODEL MISSING,8,E01028168,0,-1
2021461086051,2021,461086051,2,21,1,18,19,8,4,0,0,0,0,0,0,0,2,1,1,1,1,35,6,10677,2,3,MERCEDES MODEL MISSING,6,E01032798,0,-1
2021231118669,2021,231118669,2,21,1,18,19,1,5,7,6,0,0,4,0,0,1,1,1,1,1,34,6,10677,2,3,MERCEDES MODEL MISSING,1,E01013727,0,-1
2021501113523,2021,501113523,3,21,1,18,19,2,6,0,0,0,0,0,0,0,1,1,1,1,2,51,8,10677,2,2,MERCEDES MODEL MISSING,3,E01020229,0,-1
2021401105327,2021,401105327,3,21,1,4,4,3,7,0,0,0,0,0,0,0,2,1,1,1,1,46,8,10677,2,5,MERCEDES MODEL MISSING,-1,-1,0,-1
2021211079090,2021,211079090,2,20,0,2,2,0,0,0,0,0,0,0,0,0,2,1,1,1,1,58,9,5132,2,1,MERCEDES MODEL MISSING,7,E01029532,0,-1
2021421093756,2021,421093756,1,21,0,2,2,3,7,0,0,0,0,0,0,0,2,1,1,1,2,52,8,7698,2,2,MERCEDES MODEL MISSING,10,E01017460,0,-1
2021471030480,2021,471030480,2,9,0,4,4,3,7,0,0,1,0,0,0,0,2,1,6,6,1,43,7,4966,1,21,MERCEDES MODEL MISSING,5,E01016989,0,-1
2021471029498,2021,471029498,2,20,0,17,19,4,1,0,0,0,0,0,0,0,1,1,1,1,1,44,7,12809,2,3,MERCEDES MODEL MISSING,5,E01022556,0,-1
2021991032315,2021,991032315,1,9,0,5,5,2,2,0,0,0,0,0,0,0,3,2,6,6,1,44,7,4966,1,19,MERCEDES MODEL MISSING,6,-1,0,-1
2021430281835,2021,430281835,3,21,0,18,19,8,4,0,0,0,0,0,0,0,3,1,1,1,1,55,8,7698,2,6,MERCEDES MODEL MISSING,2,E01017665,0,-1
2021991081350,2021,991081350,1,21,1,18,19,3,7,0,0,0,1,0,0,0,1,1,1,1,1,22,5,12809,2,4,MERCEDES MODEL MISSING,4,E01027408,0,-1
2021371015913,2021,371015913,1,20,0,9,9,4,2,0,0,2,0,0,0,0,1,1,1,1,1,54,8,4249,2,8,MERCEDES MODEL MISSING,7,E01030051,0,-1
2021010326507,2021,010326507,1,21,0,18,19,1,5,0,0,0,0,0,0,0,2,1,1,1,1,41,7,7698,2,2,MERCEDES MODEL MISSING,3,E01002235,0,-1
202131B100421,2021,31B100421,1,21,0,18,19,2,6,0,0,0,0,0,0,0,1,1,1,1,1,60,9,12809,2,1,MERCEDES MODEL MISSING,2,E01007805,0,-1
2021991061885,2021,991061885,5,20,0,18,19,3,7,0,0,1,0,0,0,0,3,1,1,1,1,55,8,7698,2,6,MERCEDES MODEL MISSING,4,-1,0,-1
2021320033462,2021,320033462,2,21,0,2,2,1,5,0,0,2,0,0,0,0,2,1,1,1,1,63,9,6370,2,11,MERCEDES MODEL MISSING,8,E01023307,0,-1
2021401057992,2021,401057992,1,21,1,4,4,8,4,0,0,0,0,0,0,0,1,1,1,1,1,58,9,12809,2,7,MERCEDES MODEL MISSING,9,E01017722,0,-1
2021010295876,2021,010295876,2,21,0,4,4,3,7,0,0,0,0,0,0,0,2,1,1,1,1,62,9,11946,2,14,MERCEDES MODEL MISSING,8,E01002321,0,-1
2021471046572,2021,471046572,1,11,0,18,19,8,4,0,0,1,0,0,0,0,1,1,1,1,1,61,9,7700,2,4,MERCEDES MODEL MISSING,7,E01031677,0,-1
2021371138299,2021,371138299,2,21,1,3,3,3,7,0,0,1,0,0,0,0,3,1,1,1,1,60,9,12809,2,1,MERCEDES MODEL MISSING,5,E01027564,0,-1
2021010341415,2021,010341415,2,19,9,99,99,9,9,99,99,0,9,99,9,99,3,9,6,6,3,-1,-1,7698,2,2,MERCEDES MODEL MISSING,3,E01017105,0,-1
2021991027787,2021,991027787,1,21,0,7,7,4,7,0,0,0,0,0,0,0,4,1,1,1,1,31,6,10677,2,5,MERCEDES MODEL MISSING,9,-1,0,-1
2021991067242,2021,991067242,1,21,1,18,19,4,8,0,0,0,1,0,0,0,1,1,1,1,1,40,7,12809,2,8,MERCEDES MODEL MISSING,7,-1,0,-1
2021010289907,2021,010289907,2,9,0,18,19,1,5,0,0,8,0,0,0,0,4,1,6,6,1,84,11,2148,1,20,MERCEDES MODEL MISSING,5,E01002010,0,-1
2021471113316,2021,471113316,3,21,1,17,19,6,3,0,0,0,0,0,0,0,3,1,1,1,1,43,7,10677,2,2,MERCEDES MODEL MISSING,5,E01024383,0,-1
2021991059514,2021,991059514,2,21,1,18,19,3,7,0,0,0,0,0,0,0,2,1,1,1,1,25,5,12809,2,1,MERCEDES MODEL MISSING,6,E01019335,0,-1
2021010323140,2021,010323140,3,19,0,4,4,1,5,0,0,0,0,0,0,0,1,1,1,1,1,36,7,7698,2,3,MERCEDES MODEL MISSING,8,E01003670,0,-1
2021010288680,2021,010288680,2,19,0,9,9,1,6,0,0,2,0,0,0,0,1,1,1,1,1,47,8,7698,2,4,MERCEDES MODEL MISSING,3,E01003569,0,-1
2021122200133,2021,122200133,1,21,1,3,3,1,5,0,0,0,0,0,0,0,1,1,1,1,1,55,8,12809,2,6,MERCEDES MODEL MISSING,7,E01020853,0,-1
2021122101213,2021,122101213,2,21,1,17,19,7,4,0,0,1,0,0,0,0,4,1,1,1,1,-1,-1,12809,2,1,MERCEDES MODEL MISSING,-1,-1,0,-1
2021041028345,2021,041028345,2,11,0,18,19,3,7,0,0,0,0,0,0,0,2,1,1,1,1,55,8,6370,2,14,MERCEDES MODEL MISSING,3,E01012632,0,-1
2021361068341,2021,361068341,2,21,0,10,10,5,6,0,0,0,0,0,0,0,2,1,1,1,2,45,7,-1,-1,-1,MERCEDES MODEL MISSING,5,E01026789,0,-1
2021471121649,2021,471121649,2,20,0,18,19,4,8,0,0,0,0,0,1,11,1,1,1,1,1,50,8,-1,-1,-1,MERCEDES MODEL MISSING,9,E01031582,0,-1
2021461058852,2021,461058852,2,21,0,9,9,1,7,0,0,2,0,0,0,0,3,1,6,6,1,55,8,12809,2,7,MERCEDES MODEL MISSING,9,E01024175,0,-1
2021461047500,2021,461047500,1,21,0,18,19,6,2,0,0,0,1,0,0,0,1,1,6,6,1,55,8,7698,2,5,MERCEDES MODEL MISSING,3,E01000058,0,-1
2021421073998,2021,421073998,2,21,1,2,2,4,4,0,0,2,0,0,0,0,1,1,1,1,1,35,6,10677,2,4,MERCEDES MODEL MISSING,8,E01021795,0,-1
2021421039682,2021,421039682,2,21,4,12,12,1,7,0,0,8,0,0,0,0,3,1,1,1,1,50,8,12809,2,5,MERCEDES MODEL MISSING,-1,-1,0,-1
2021421088588,2021,421088588,1,21,1,16,19,3,7,0,0,0,0,0,0,0,3,1,1,1,1,29,6,12809,2,2,MERCEDES MODEL MISSING,5,E01021494,0,-1
202134WNC4261,2021,34WNC4261,3,19,0,18,19,7,3,0,0,1,1,0,0,0,1,1,1,1,1,30,6,4250,2,13,MERCEDES MODEL MISSING,7,E01027033,0,-1
2021421063488,2021,421063488,1,21,-1,12,12,4,8,0,0,0,0,0,0,0,3,1,1,1,1,35,6,10677,2,3,MERCEDES MODEL MISSING,5,E01022539,0,-1
2021231089805,2021,231089805,4,11,0,18,19,4,8,0,0,0,0,0,0,0,3,1,1,1,1,42,7,11967,2,12,MERCEDES MODEL MISSING,8,E01033255,0,-1
2021320135457,2021,320135457,1,21,0,5,5,4,6,0,0,6,0,0,0,0,1,1,1,1,1,49,8,7698,2,3,MERCEDES MODEL MISSING,4,E01026019,0,-1
2021371038067,2021,371038067,1,21,1,11,11,4,8,0,0,0,0,0,0,0,4,1,1,1,1,47,8,12809,2,4,MERCEDES MODEL MISSING,10,E01029963,0,-1
2021440244644,2021,440244644,2,21,0,18,19,2,6,0,0,0,0,0,0,0,4,1,1,1,1,72,10,7698,2,5,MERCEDES MODEL MISSING,10,E01023238,0,-1
2021361045596,2021,361045596,1,21,0,18,19,5,1,0,0,1,1,0,0,0,1,1,1,1,1,30,6,10677,2,6,MERCEDES MODEL MISSING,8,E01030237,0,-1
2021161113329,2021,161113329,2,11,0,4,4,7,3,0,0,1,0,0,0,0,1,1,1,1,1,-1,-1,4250,2,21,MERCEDES MODEL MISSING,-1,-1,0,-1
2021520104407,2021,520104407,2,21,0,18,19,4,8,0,0,0,0,0,0,0,1,1,6,6,1,59,9,7698,2,5,MERCEDES MODEL MISSING,7,E01020434,0,-1
2021010344458,2021,010344458,2,21,1,5,5,1,5,0,0,4,0,0,0,0,4,1,1,1,1,39,7,12809,2,6,MERCEDES MODEL MISSING,2,E01011656,0,-1
2021122101071,2021,122101071,2,20,0,18,19,8,4,0,0,1,0,0,0,0,4,1,1,1,1,42,7,7698,2,7,MERCEDES MODEL MISSING,1,E01012085,0,-1
2021111116333,2021,111116333,2,21,1,18,19,7,3,0,0,0,0,0,1,0,3,1,1,1,1,32,6,12809,2,1,MERCEDES MODEL MISSING,9,E01020664,0,-1
2021545963421,2021,545963421,3,19,0,18,19,7,3,0,0,0,0,0,0,0,3,1,1,1,1,58,9,-1,-1,-1,MERCEDES MODEL MISSING,9,E01020373,0,-1
2021010314752,2021,010314752,2,11,0,4,4,8,4,0,0,2,0,0,0,0,2,1,1,1,1,44,7,6370,2,10,MERCEDES MODEL MISSING,5,E01002443,0,-1
202163D003821,2021,63D003821,1,21,1,18,19,5,1,0,0,0,3,0,7,10,3,1,1,1,1,40,7,10677,2,1,MERCEDES MODEL MISSING,5,E01009712,0,-1