collision_index,collision_year,collision_ref_no,vehicle_reference,vehicle_type,towing_and_articulation,vehicle_manoeuvre_historic,vehicle_manoeuvre,vehicle_direction_from,vehicle_direction_to,vehicle_location_restricted_lane_historic,vehicle_location_restricted_lane,junction_location,skidding_and_overturning,hit_object_in_carriageway,vehicle_leaving_carriageway,hit_object_off_carriageway,first_point_of_impact,vehicle_left_hand_drive,journey_purpose_of_driver_historic,journey_purpose_of_driver,sex_of_driver,age_of_driver,age_band_of_driver,engine_capacity_cc,propulsion_code,age_of_vehicle,generic_make_model,driver_imd_decile,lsoa_of_driver,escooter_flag,driver_distance_banding
2021991091222,2021,991091222,1,21,1,18,19,7,3,0,0,1,0,0,0,0,4,1,1,1,1,57,9,11946,2,8,MERCEDES MODEL MISSING,-1,-1,0,-1
2021622100117,2021,622100117,1,11,0,9,9,2,8,0,0,2,0,0,0,0,1,1,1,1,3,-1,-1,6370,2,4,MERCEDES MODEL MISSING,-1,-1,0,-1
2021010288914,2021,010288914,1,19,0,2,2,0,0,0,0,0,0,0,0,0,2,1,6,6,3,-1,-1,7698,2,4,MERCEDES MODEL MISSING,-1,-1,0,-1
2021010331019,2021,010331019,2,19,9,99,99,9,9,99,99,0,9,99,9,99,9,9,6,6,3,-1,-1,7698,2,4,MERCEDES MODEL MISSING,-1,-1,0,-1
2021461069044,2021,461069044,3,21,0,18,19,7,3,0,0,0,0,0,0,0,2,1,1,1,1,51,8,7698,2,2,MERCEDES MODEL MISSING,4,E01024002,0,-1
2021010303156,2021,010303156,2,21,1,18,19,6,2,0,0,0,1,0,0,0,1,1,1,1,1,25,5,12809,2,6,MERCEDES MODEL MISSING,5,E01020530,0,-1
202131C171521,2021,31C171521,1,21,0,7,7,5,8,0,0,6,0,0,0,0,1,1,1,1,1,50,8,5132,2,0,MERCEDES MODEL MISSING,6,E01025898,0,-1
2021421026831,2021,421026831,3,20,0,4,4,3,7,0,0,0,0,0,0,0,2,1,1,1,1,48,8,10677,2,2,MERCEDES MODEL MISSING,5,E01000338,0,-1
2021141041399,2021,141041399,2,21,0,1,1,1,5,0,0,1,0,0,0,0,2,2,6,6,3,-1,-1,12809,2,6,MERCEDES MODEL MISSING,-1,-1,0,-1
2021430457574,2021,430457574,2,21,1,18,19,2,6,0,0,0,0,0,0,0,1,1,1,1,1,56,9,12809,2,1,MERCEDES MODEL MISSING,9,E01031156,0,-1
2021031090475,2021,031090475,2,21,1,18,19,3,7,0,0,1,0,0,0,0,3,1,6,6,1,35,6,10677,2,6,MERCEDES MODEL MISSING,7,E01019329,0,-1
2021010336838,2021,010336838,2,19,0,1,1,1,5,0,0,6,0,0,0,0,9,1,6,6,1,-1,-1,6374,2,7,MERCEDES MODEL MISSING,-1,-1,0,-1
202134NNC3401,2021,34NNC3401,2,19,0,18,19,7,3,0,0,1,1,0,0,0,2,1,6,6,1,40,7,2143,2,5,MERCEDES MODEL MISSING,7,E01018192,0,-1
2021471101489,2021,471101489,1,21,0,18,19,8,4,0,0,1,0,0,0,0,1,1,1,1,1,47,8,12809,2,6,MERCEDES MODEL MISSING,3,E01016449,0,-1
2021010312190,2021,010312190,2,20,9,99,99,9,9,99,99,9,9,99,9,99,9,9,6,6,1,62,9,10677,2,8,MERCEDES MODEL MISSING,5,E01000338,0,-1
2021430302637,2021,430302637,2,21,1,18,19,1,5,0,0,0,0,0,0,0,1,1,1,1,1,44,7,12809,2,3,MERCEDES MODEL MISSING,8,E01028506,0,-1
2021991033923,2021,991033923,1,11,0,18,19,1,5,3,2,2,0,0,0,0,1,1,1,1,1,41,7,7698,2,7,MERCEDES MODEL MISSING,4,-1,0,-1
2021031052966,2021,031052966,1,20,0,16,19,3,8,0,0,0,1,0,7,11,1,1,1,1,1,59,9,4250,2,12,MERCEDES MODEL MISSING,3,E01025138,0,-1
2021371015291,2021,371015291,3,19,0,18,19,4,8,0,0,0,0,0,0,0,0,1,1,1,1,44,7,7698,2,5,MERCEDES MODEL MISSING,6,E01021702,0,-1
2021311098174,2021,311098174,1,20,0,11,11,2,3,0,0,0,0,0,0,0,4,1,1,1,1,45,7,10677,2,4,MERCEDES MODEL MISSING,8,E01026321,0,-1
2021101078550,2021,101078550,1,11,0,5,5,3,7,0,0,0,0,0,0,0,0,1,1,1,2,53,8,6370,2,13,MERCEDES MODEL MISSING,-1,-1,0,-1
2021461114060,2021,461114060,1,21,0,7,7,7,3,0,0,3,0,0,0,0,1,1,1,1,1,63,9,12809,2,1,MERCEDES MODEL MISSING,10,E01032809,0,-1
2021010297088,2021,010297088,1,19,0,16,19,5,1,0,0,2,0,0,0,0,1,1,1,1,1,37,7,12809,2,1,MERCEDES MODEL MISSING,-1,-1,0,-1
2021010336186,2021,010336186,1,21,0,5,5,5,1,0,0,8,0,0,0,0,2,1,1,1,1,44,7,10677,2,7,MERCEDES MODEL MISSING,3,E01001311,0,-1
2021371090888,2021,371090888,2,21,1,18,19,4,8,0,0,0,0,0,0,0,2,1,1,1,1,44,7,12809,2,1,MERCEDES MODEL MISSING,4,E01029970,0,-1
2021010310890,2021,010310890,2,19,0,99,99,9,9,0,0,9,0,99,0,0,9,1,1,1,1,33,6,7698,2,2,MERCEDES MODEL MISSING,3,E01003637,0,-1
2021010304215,2021,010304215,1,11,0,16,19,1,5,0,0,1,0,0,0,0,1,1,1,1,1,60,9,6370,2,12,MERCEDES MODEL MISSING,7,E01003287,0,-1
2021371026272,2021,371026272,3,21,1,18,19,1,5,0,0,0,0,0,0,0,1,1,1,1,1,48,8,7698,2,2,MERCEDES MODEL MISSING,10,E01023502,0,-1
2021302100132,2021,302100132,2,21,1,2,2,0,0,6,6,0,0,0,0,0,2,1,1,1,1,33,6,12809,2,5,MERCEDES MODEL MISSING,4,E01014128,0,-1
2021461024439,2021,461024439,2,21,1,18,19,7,3,0,0,0,0,0,0,0,2,1,1,1,1,47,8,12809,2,3,MERCEDES MODEL MISSING,8,E01024045,0,-1
2021010343306,2021,010343306,2,21,9,99,99,9,9,99,99,9,0,0,0,0,9,1,6,6,1,54,8,10677,2,3,MERCEDES MODEL MISSING,2,E01015929,0,-1
2021010346351,2021,010346351,2,21,1,18,19,7,3,0,0,0,1,0,0,0,1,1,1,1,1,31,6,12809,2,7,MERCEDES MODEL MISSING,-1,-1,0,-1
202131C069121,2021,31C069121,1,21,1,18,19,1,5,0,0,0,0,0,0,0,1,1,1,1,1,58,9,12809,2,8,MERCEDES MODEL MISSING,1,E01008085,0,-1
2021471035256,2021,471035256,2,21,0,18,19,1,5,0,0,0,0,0,0,0,1,1,1,1,1,23,5,7201,2,14,MERCEDES MODEL MISSING,10,E01023133,0,-1
202134WNC5511,2021,34WNC5511,2,21,0,4,4,1,5,0,0,0,0,0,0,0,0,1,1,1,1,48,8,12809,2,0,MERCEDES MODEL MISSING,-1,-1,0,-1
2021131082799,2021,131082799,2,21,0,9,9,3,7,0,0,8,0,0,0,0,1,1,1,1,1,67,10,12809,2,4,MERCEDES MODEL MISSING,5,E01007331,0,-1
2021231080531,2021,231080531,2,21,1,2,2,0,0,6,6,0,0,0,0,0,2,1,5,6,1,40,7,12809,2,5,MERCEDES MODEL MISSING,2,E01014279,0,-1
2021520201333,2021,520201333,1,21,1,18,19,6,2,0,0,8,0,0,0,0,1,1,6,6,1,54,8,12809,2,4,MERCEDES MODEL MISSING,6,E01020207,0,-1
2021221097245,2021,221097245,1,20,0,18,19,2,6,0,0,0,0,0,0,0,1,1,1,1,1,53,8,5132,2,5,MERCEDES MODEL MISSING,1,E01014244,0,-1
2021221064004,2021,221064004,2,21,1,18,19,4,1,0,0,8,0,0,0,0,4,1,6,6,1,56,9,12809,2,7,MERCEDES MODEL MISSING,4,E01033060,0,-1
2021201108650,2021,201108650,2,9,0,18,19,1,5,0,0,8,0,0,0,0,1,1,6,6,2,34,6,2987,2,14,MERCEDES MODEL MISSING,3,E01010242,0,-1
2021010340397,2021,010340397,1,21,0,5,5,1,5,0,0,2,0,0,0,0,1,1,1,1,1,51,8,10677,2,5,MERCEDES MODEL MISSING,8,E01017918,0,-1
2021430159631,2021,430159631,1,21,0,18,19,7,3,0,0,0,0,0,0,0,1,1,1,1,1,57,9,10677,2,3,MERCEDES MODEL MISSING,1,E01026965,0,-1
2021010327764,2021,010327764,2,21,1,11,11,1,5,0,0,1,0,0,0,0,1,1,1,1,1,44,7,12809,2,7,MERCEDES MODEL MISSING,5,E01000629,0,-1
2021070744598,2021,070744598,1,21,1,4,4,7,6,0,0,7,0,0,0,0,1,1,1,1,1,51,8,10677,2,6,MERCEDES MODEL MISSING,2,E01028238,0,-1
2021320199760,2021,320199760,1,21,0,9,9,2,8,0,0,8,0,0,0,0,1,1,1,1,1,58,9,7698,2,4,MERCEDES MODEL MISSING,3,E01007525,0,-1
2021430426885,2021,430426885,2,21,1,18,19,4,8,0,0,0,0,0,0,0,3,1,1,1,1,41,7,11946,2,9,MERCEDES MODEL MISSING,2,E01031558,0,-1
2021430563159,2021,430563159,1,20,1,17,19,3,8,0,0,8,4,10,1,2,4,1,1,1,1,47,8,-1,-1,-1,MERCEDES MODEL MISSING,6,E01032653,0,-1
2021070563210,2021,070563210,4,21,1,18,19,8,5,0,0,0,0,0,0,0,2,1,1,1,1,41,7,12809,2,1,MERCEDES MODEL MISSING,9,E01019857,0,-1
2021610059921,2021,610059921,2,21,5,11,11,5,1,0,0,0,0,0,0,0,4,1,1,1,2,51,8,10677,2,5,MERCEDES MODEL MISSING,9,W01001679,0,-1
2021991091698,2021,991091698,2,21,1,18,19,1,5,0,0,0,0,0,0,0,2,1,1,1,1,37,7,10677,2,4,MERCEDES MODEL MISSING,8,-1,0,-1
2021031117555,2021,031117555,1,21,4,18,19,1,5,7,6,0,0,0,1,9,1,1,1,1,1,60,9,12809,2,2,MERCEDES MODEL MISSING,-1,-1,0,-1
2021320383245,2021,320383245,4,21,0,2,2,0,0,0,0,0,0,0,0,0,3,1,1,1,1,49,8,5132,2,4,MERCEDES MODEL MISSING,9,E01019518,0,-1
2021010322741,2021,010322741,1,21,1,18,19,1,5,0,0,0,0,0,0,0,1,1,6,6,1,61,9,12809,2,4,MERCEDES MODEL MISSING,-1,-1,0,-1
2021351094556,2021,351094556,1,21,1,5,5,-1,-1,0,0,8,0,0,0,0,3,1,6,6,1,-1,-1,12809,2,3,MERCEDES MODEL MISSING,-1,-1,0,-1
2021471050139,2021,471050139,3,21,0,10,10,4,2,0,0,8,0,0,0,0,1,1,1,1,1,54,8,6370,2,10,MERCEDES MODEL MISSING,6,E01024034,0,-1
2021451047312,2021,451047312,1,9,0,18,19,6,2,0,0,2,0,10,0,0,3,1,6,6,1,31,6,2685,2,18,MERCEDES MODEL MISSING,8,E01022532,0,-1
2021622100903,2021,622100903,2,21,0,18,19,8,4,0,0,0,1,4,1,0,1,1,1,1,1,29,6,7698,2,4,MERCEDES MODEL MISSING,9,W01001110,0,-1
2021430476445,2021,430476445,4,21,1,18,19,6,2,0,0,8,3,0,0,0,1,1,1,1,1,52,8,12809,2,5,MERCEDES MODEL MISSING,-1,-1,0,-1
2021471045521,2021,471045521,2,21,1,18,19,2,6,0,0,0,0,0,0,0,2,1,1,1,1,40,7,10677,2,2,MERCEDES MODEL MISSING,1,E01024615,0,-1
2021520102982,2021,520102982,2,20,0,18,19,2,6,0,0,0,0,0,0,0,1,1,6,6,1,36,7,-1,-1,-1,MERCEDES MODEL MISSING,-1,-1,0,-1
202134WNC0221,2021,34WNC0221,2,21,4,2,2,0,0,0,0,0,0,0,0,0,2,1,6,6,1,41,7,12809,2,8,MERCEDES MODEL MISSING,-1,-1,0,-1
2021471111549,2021,471111549,1,9,0,7,7,6,7,0,0,2,0,0,0,0,1,1,6,6,1,-1,-1,5460,1,14,MERCEDES MODEL MISSING,9,E01016983,0,-1
2021440091025,2021,440091025,1,21,0,9,9,8,6,0,0,8,0,0,0,0,1,1,1,1,1,46,8,10677,2,4,MERCEDES MODEL MISSING,9,E01023186,0,-1
2021221041827,2021,221041827,1,21,0,18,19,6,2,0,0,0,0,0,0,0,1,1,1,1,1,-1,-1,12809,2,0,MERCEDES MODEL MISSING,-1,-1,0,-1
2021010310356,2021,010310356,2,11,1,18,19,1,5,0,0,0,0,0,0,0,3,1,1,1,1,59,9,6370,2,12,MERCEDES MODEL MISSING,5,E01001632,0,-1
2021991114757,2021,991114757,4,19,0,3,3,7,3,0,0,0,0,0,0,0,2,1,1,1,1,56,9,10677,2,1,MERCEDES MODEL MISSING,9,E01023217,0,-1
202163D026621,2021,63D026621,1,21,0,17,19,4,1,0,0,0,0,0,1,4,1,1,1,1,1,53,8,4250,2,10,MERCEDES MODEL MISSING,1,E01028247,0,-1
2021371032911,2021,371032911,2,21,1,18,19,3,7,0,0,0,0,0,0,0,2,1,1,1,1,42,7,12809,2,5,MERCEDES MODEL MISSING,1,E01033130,0,-1
2021231078769,2021,231078769,2,21,1,4,4,7,3,0,0,0,0,0,0,0,2,1,1,1,1,34,6,12809,2,5,MERCEDES MODEL MISSING,-1,-1,0,-1
2021211035623,2021,211035623,1,20,4,18,19,4,8,0,0,0,0,0,7,11,1,1,1,1,1,45,7,4250,2,9,MERCEDES MODEL MISSING,5,E01029817,0,-1
2021031026537,2021,031026537,1,21,4,18,19,4,7,0,0,0,5,0,1,11,4,1,1,1,2,36,7,12809,2,8,MERCEDES MODEL MISSING,4,E01006158,0,-1
2021010318071,2021,010318071,3,9,0,2,2,0,0,0,0,0,0,0,0,0,1,1,6,6,3,-1,-1,2987,2,13,MERCEDES MODEL MISSING,-1,-1,0,-1
2021010338585,2021,010338585,1,21,1,4,4,5,1,0,0,0,0,0,0,0,1,1,1,1,1,56,9,10677,2,5,MERCEDES MODEL MISSING,2,E01025521,0,-1
2021041049606,2021,041049606,2,11,0,2,2,3,7,0,0,0,0,0,0,0,0,1,6,6,3,-1,-1,6370,2,6,MERCEDES MODEL MISSING,-1,-1,0,-1
2021010304784,2021,010304784,1,11,0,4,4,3,7,0,0,1,0,0,0,0,0,1,6,6,1,49,8,6370,2,12,MERCEDES MODEL MISSING,3,E01000011,0,-1
2021010344636,2021,010344636,2,19,0,7,7,4,7,0,0,3,0,0,0,0,4,1,1,1,1,34,6,-1,-1,-1,MERCEDES MODEL MISSING,5,E01016577,0,-1
2021010298395,2021,010298395,1,20,0,7,7,3,6,0,0,5,0,0,0,0,4,1,1,1,1,35,6,7698,2,2,MERCEDES MODEL MISSING,2,E01002090,0,-1
2021461025433,2021,461025433,2,21,0,3,3,5,1,0,0,1,0,0,0,0,0,1,1,1,1,51,8,7698,2,5,MERCEDES MODEL MISSING,3,E01024059,0,-1
2021101016878,2021,101016878,1,21,1,18,19,1,5,0,0,0,3,0,5,6,3,1,1,1,1,39,7,12809,2,7,MERCEDES MODEL MISSING,3,E01010810,0,-1
2021211041670,2021,211041670,1,21,1,7,7,6,1,0,0,8,0,0,0,0,2,1,6,6,1,57,9,10677,2,6,MERCEDES MODEL MISSING,5,E01028341,0,-1
2021461142217,2021,461142217,2,9,0,4,4,3,7,0,0,0,0,0,0,0,4,1,6,6,1,75,10,4966,1,18,MERCEDES MODEL MISSING,8,E01024451,0,-1
2021302100585,2021,302100585,1,21,1,18,19,1,7,0,0,8,5,10,0,0,4,1,1,1,1,54,8,10677,2,5,MERCEDES MODEL MISSING,3,E01026134,0,-1
2021111026401,2021,111026401,1,11,0,18,19,3,7,0,0,0,0,0,0,0,0,1,1,1,1,38,7,6370,2,13,MERCEDES MODEL MISSING,3,E01033206,0,-1
2021101101909,2021,101101909,2,11,0,16,19,5,1,0,0,0,0,0,0,0,0,1,1,1,1,40,7,6370,2,8,MERCEDES MODEL MISSING,-1,-1,0,-1
2021131112946,2021,131112946,1,21,0,2,2,0,0,0,0,0,0,4,0,0,2,1,6,6,3,-1,-1,6374,2,8,MERCEDES MODEL MISSING,-1,-1,0,-1
2021010304754,2021,010304754,1,9,0,18,19,5,1,0,0,8,0,0,0,0,1,1,6,6,1,45,7,1796,1,14,MERCEDES MODEL MISSING,9,E01002339,0,-1
2021170S11971,2021,170S11971,2,21,1,18,19,6,2,0,0,4,0,0,0,0,1,1,1,1,1,58,9,12809,2,2,MERCEDES MODEL MISSING,1,E01012014,0,-1
202131B140921,2021,31B140921,2,21,1,18,19,1,5,0,0,0,0,0,0,0,2,1,1,1,1,37,7,10677,2,6,MERCEDES MODEL MISSING,1,E01033130,0,-1
2021991037816,2021,991037816,4,21,1,2,2,7,2,0,0,1,0,0,0,0,0,1,1,1,1,64,9,12809,2,5,MERCEDES MODEL MISSING,1,E01025207,0,-1
2021010301614,2021,010301614,2,21,0,18,19,7,3,0,0,1,0,0,0,0,3,2,1,1,1,34,6,-1,-1,-1,MERCEDES MODEL MISSING,3,E01024307,0,-1
2021302100523,2021,302100523,1,19,0,9,9,5,2,0,0,2,0,0,0,0,4,1,1,1,1,54,8,5132,2,7,MERCEDES MODEL MISSING,3,E01015162,0,-1
2021201049909,2021,201049909,2,19,0,2,2,0,0,0,0,0,0,0,0,0,0,1,6,6,1,51,8,4250,2,9,MERCEDES MODEL MISSING,-1,-1,0,-1
2021540731421,2021,540731421,1,21,1,18,19,5,1,0,0,0,3,0,0,4,0,1,1,1,1,35,6,12809,2,3,MERCEDES MODEL MISSING,6,E01028700,0,-1
202131C155121,2021,31C155121,1,21,1,4,4,7,3,0,0,0,0,0,0,0,4,1,1,1,1,38,7,10677,2,6,MERCEDES MODEL MISSING,7,E01019513,0,-1
2021991110905,2021,991110905,1,21,1,17,19,2,7,0,0,0,5,0,1,7,1,1,1,1,1,27,6,12809,2,6,MERCEDES MODEL MISSING,5,-1,0,-1
2021031118915,2021,031118915,1,9,0,18,19,1,5,0,0,0,0,0,1,11,4,1,5,6,1,78,11,1491,1,41,-1,5,E01019259,0,-1
2021421109821,2021,421109821,1,5,0,18,19,6,2,0,0,0,2,12,0,0,4,1,6,6,1,68,10,844,1,45,-1,5,E01021753,0,-1
2021451127322,2021,451127322,1,5,0,17,19,5,1,0,0,8,1,0,0,0,4,1,5,6,1,43,7,1064,1,20,-1,8,E01030893,0,-1
2021070578096,2021,070578096,1,2,0,4,4,6,2,0,0,0,0,0,0,0,0,1,6,6,1,16,4,49,1,16,-1,2,E01018596,0,-1
2021471040690,2021,471040690,1,9,0,9,9,1,6,0,0,5,0,0,1,10,1,1,5,6,2,49,8,1588,1,17,ROVER 25,5,E01021195,0,-1
2021501075671,2021,501075671,1,9,0,18,19,1,5,0,0,0,5,0,1,0,4,1,5,6,1,66,10,1396,1,18,ROVER 25,2,E01015270,0,-1
2021201088622,2021,201088622,1,9,0,18,19,2,6,0,0,0,0,4,0,0,4,1,1,1,1,40,7,1588,1,19,ROVER 25,1,E01009270,0,-1
2021351114648,2021,351114648,1,9,0,16,19,4,8,0,0,0,1,0,7,9,1,1,6,6,1,22,5,1396,1,17,ROVER 25,5,E01018105,0,-1
2021461122143,2021,461122143,1,9,0,9,9,1,5,0,0,0,0,0,0,0,4,1,6,6,1,20,4,1396,1,20,ROVER 25,6,E01024021,0,-1
2021471076773,2021,471076773,1,9,0,18,19,5,8,0,0,0,0,0,7,10,1,1,5,6,2,85,11,1588,1,16,ROVER 25,7,E01021043,0,-1
2021010341759,2021,010341759,1,9,0,11,11,5,1,0,0,0,0,10,2,6,1,1,6,6,2,30,6,1588,1,20,ROVER 25,3,E01000641,0,-1
2021552100442,2021,552100442,1,9,0,18,19,7,3,0,0,8,0,0,0,0,4,1,6,6,1,24,5,1396,1,16,ROVER 25,4,E01019717,0,-1
2021010298658,2021,010298658,1,9,0,4,4,2,6,0,0,0,0,0,0,0,2,1,6,6,1,55,8,1396,1,19,ROVER 25,3,E01003172,0,-1
2021052102035,2021,052102035,2,9,0,18,19,7,3,0,0,8,0,0,0,0,4,1,6,6,1,34,6,1994,2,17,ROVER 25,9,E01006889,0,-1
2021201078533,2021,201078533,1,9,0,18,19,5,1,0,0,1,0,0,0,0,1,1,6,6,1,77,11,1396,1,17,ROVER 25,6,E01009759,0,-1
2021421062861,2021,421062861,1,2,0,18,19,5,1,0,0,0,0,0,0,0,1,1,5,6,2,32,6,49,1,16,-1,1,E01021970,0,-1
2021361069005,2021,361069005,2,5,0,18,19,5,1,0,0,8,0,0,0,0,1,1,5,6,1,48,8,1200,1,4,MAKE AND MODEL REDACTED,3,E01026825,0,-1
2021401138404,2021,401138404,2,19,0,4,4,7,3,0,0,0,1,0,0,0,1,1,1,1,1,55,8,1686,2,17,VAUXHALL ASTRAVAN,9,E01017417,0,-1
2021161097207,2021,161097207,2,19,0,1,1,2,6,0,0,0,0,0,0,0,2,1,6,6,3,-1,-1,1686,2,15,VAUXHALL ASTRAVAN,-1,-1,0,-1
2021471024254,2021,471024254,1,9,0,18,19,8,4,0,0,0,2,10,0,0,1,1,5,6,1,39,7,-1,-1,-1,VAUXHALL ASTRAVAN,3,E01021050,0,-1
202163C040521,2021,63C040521,2,19,0,17,19,6,3,0,0,8,0,0,0,0,4,1,1,1,1,80,11,1686,2,16,VAUXHALL ASTRAVAN,4,W01000602,0,-1
2021361078223,2021,361078223,2,19,0,18,19,4,8,0,0,0,0,0,0,0,4,1,1,1,1,53,8,1686,2,15,VAUXHALL ASTRAVAN,3,E01026825,0,-1
2021471024305,2021,471024305,1,9,0,18,19,6,2,0,0,0,0,0,0,0,1,1,6,6,2,41,7,-1,-1,-1,VAUXHALL ASTRAVAN,9,E01031340,0,-1
2021221043989,2021,221043989,1,9,0,18,19,8,4,0,0,0,1,0,8,4,1,1,2,2,1,27,6,-1,-1,-1,VAUXHALL ASTRAVAN,1,E01032471,0,-1
2021522103043,2021,522103043,2,19,0,18,19,5,1,0,0,0,0,0,0,0,1,1,6,6,3,35,6,1686,2,16,VAUXHALL ASTRAVAN,-1,-1,0,-1
2021430542605,2021,430542605,1,9,0,18,19,6,2,0,0,1,0,0,0,0,1,1,1,1,1,52,8,-1,-1,-1,VAUXHALL ASTRAVAN,9,E01014172,0,-1
2021552100151,2021,552100151,1,9,0,9,9,2,8,4,4,5,0,0,0,0,4,1,2,2,1,24,5,-1,-1,-1,VAUXHALL ASTRAVAN,9,E01015356,0,-1
2021522101768,2021,522101768,2,9,0,18,19,5,1,0,0,1,0,0,0,0,1,1,6,6,1,46,8,-1,-1,-1,VAUXHALL ASTRAVAN,10,E01014424,0,-1
2021991095616,2021,991095616,1,9,0,16,19,4,7,0,0,0,1,0,0,0,4,1,5,6,1,42,7,-1,-1,-1,VAUXHALL ASTRAVAN,1,-1,0,-1
2021041147672,2021,041147672,1,9,0,9,9,5,3,0,0,8,0,0,0,0,1,1,6,6,1,32,6,-1,-1,-1,VAUXHALL ASTRAVAN,1,E01024925,0,-1
2021440486808,2021,440486808,1,19,0,18,19,6,2,0,0,0,0,0,0,0,1,1,6,6,1,-1,-1,1686,2,16,VAUXHALL ASTRAVAN,-1,-1,0,-1
2021411052915,2021,411052915,1,19,0,18,19,3,7,0,0,0,0,4,0,0,1,1,5,6,1,64,9,1686,2,16,-1,6,E01023932,0,-1
2021545214121,2021,545214121,1,19,4,18,19,6,2,0,0,0,5,0,0,0,3,1,6,6,1,29,6,1686,2,15,VAUXHALL ASTRAVAN,4,E01031980,0,-1
2021471020525,2021,471020525,1,19,0,18,19,4,8,0,0,8,0,0,0,0,4,1,2,2,1,71,10,1686,2,16,VAUXHALL ASTRAVAN,10,E01031820,0,-1
2021141028930,2021,141028930,2,9,0,4,4,2,6,0,0,1,0,0,0,0,2,1,6,6,1,41,7,-1,-1,-1,VAUXHALL ASTRAVAN,4,E01008150,0,-1
2021430020319,2021,430020319,2,9,0,18,19,6,2,0,0,0,0,0,0,0,1,1,6,6,2,35,6,-1,-1,-1,VAUXHALL ASTRAVAN,6,E01022875,0,-1
2021440054323,2021,440054323,1,5,0,18,19,7,3,0,0,0,0,0,0,0,0,1,6,6,1,21,5,599,1,18,YAMAHA FZS,2,E01017133,0,-1
2021161023712,2021,161023712,4,5,0,4,4,8,4,0,0,1,2,0,0,0,4,1,5,6,1,67,10,599,1,22,YAMAHA FZS,8,E01027888,0,-1
2021031075185,2021,031075185,1,5,0,18,19,1,5,0,0,0,1,0,0,0,0,1,2,2,1,47,8,599,1,19,YAMAHA FZS,1,E01019295,0,-1
2021471114802,2021,471114802,2,5,0,18,19,1,5,0,0,8,0,0,0,0,1,1,2,2,1,62,9,599,1,19,YAMAHA FZS,5,E01031385,0,-1
2021320323925,2021,320323925,1,5,0,18,19,7,3,0,0,4,0,0,0,0,1,1,2,2,1,32,6,998,1,18,YAMAHA FZS,3,E01026270,0,-1
2021101085567,2021,101085567,2,5,0,16,19,1,5,0,0,8,1,0,0,0,4,1,5,6,1,54,8,998,1,17,YAMAHA FZS,1,E01027527,0,-1
2021351040363,2021,351040363,1,5,0,18,19,8,4,0,0,0,0,10,0,0,3,1,5,6,1,65,9,599,1,22,YAMAHA FZS,9,E01018201,0,-1
2021170L10341,2021,170L10341,1,5,0,4,4,5,1,0,0,1,1,0,0,0,3,1,6,6,1,65,9,599,1,19,YAMAHA FZS,2,E01012042,0,-1
2021991080417,2021,991080417,1,5,0,16,19,2,6,0,0,0,0,0,7,0,3,1,5,6,1,32,6,599,1,16,YAMAHA FZS,2,-1,0,-1
2021161032748,2021,161032748,1,5,0,18,19,1,5,0,0,0,0,0,0,0,1,1,2,2,1,39,7,599,1,22,YAMAHA FZS,3,E01013238,0,-1
2021302102004,2021,302102004,2,5,0,14,14,4,8,0,0,1,0,0,0,0,4,1,2,2,1,61,9,599,1,19,YAMAHA FZS,3,E01019657,0,-1
2021440239397,2021,440239397,1,5,0,18,19,3,7,0,0,8,0,0,0,0,4,1,6,6,1,22,5,599,1,23,YAMAHA FZS,3,E01022901,0,-1
2021231068126,2021,231068126,1,5,0,7,7,3,6,0,0,0,0,0,1,10,1,1,5,6,1,50,8,599,1,19,YAMAHA FZS,3,E01031321,0,-1
2021131119861,2021,131119861,2,5,0,18,19,6,2,0,0,1,0,0,0,0,1,1,6,6,1,19,4,599,1,22,YAMAHA FZS,6,E01011026,0,-1
2021501090397,2021,501090397,1,5,0,14,14,6,2,0,0,1,1,0,0,0,1,1,6,6,1,39,7,998,1,16,YAMAHA FZS,4,E01015236,0,-1
2021361076489,2021,361076489,2,5,0,18,19,3,7,0,0,8,5,0,0,0,3,1,5,6,1,22,5,998,1,19,YAMAHA FZS,1,E01026622,0,-1
2021421105850,2021,421105850,1,5,0,7,7,5,1,9,9,1,0,0,0,0,3,1,6,6,3,-1,-1,599,1,23,YAMAHA FZS,-1,-1,0,-1
2021440457964,2021,440457964,1,5,0,18,19,2,6,0,0,0,0,10,0,0,1,1,6,6,1,31,6,599,1,22,YAMAHA FZS,6,E01022824,0,-1
2021101091731,2021,101091731,2,5,0,18,19,2,6,0,0,2,2,0,0,0,0,1,5,6,1,20,4,599,1,20,YAMAHA FZS,3,E01008595,0,-1