collision_index,collision_year,collision_ref_no,vehicle_reference,vehicle_type,towing_and_articulation,vehicle_manoeuvre_historic,vehicle_manoeuvre,vehicle_direction_from,vehicle_direction_to,vehicle_location_restricted_lane_historic,vehicle_location_restricted_lane,junction_location,skidding_and_overturning,hit_object_in_carriageway,vehicle_leaving_carriageway,hit_object_off_carriageway,first_point_of_impact,vehicle_left_hand_drive,journey_purpose_of_driver_historic,journey_purpose_of_driver,sex_of_driver,age_of_driver,age_band_of_driver,engine_capacity_cc,propulsion_code,age_of_vehicle,generic_make_model,driver_imd_decile,lsoa_of_driver,escooter_flag,driver_distance_banding
2021161084739,2021,161084739,1,5,0,18,19,1,5,0,0,0,1,0,0,0,0,1,2,2,1,55,8,599,1,18,YAMAHA FZS,6,E01027814,0,-1
2021201131593,2021,201131593,2,5,0,18,19,4,8,0,0,8,0,0,0,0,2,1,6,6,1,59,9,599,1,18,YAMAHA FZS,9,E01029619,0,-1
2021131079862,2021,131079862,1,5,0,13,13,1,5,0,0,0,2,0,7,0,4,1,1,1,1,28,6,599,1,23,YAMAHA FZS,1,E01011472,0,-1
2021010308123,2021,010308123,1,5,0,18,19,3,7,0,0,2,1,0,0,0,1,1,6,6,1,46,8,998,1,16,YAMAHA FZS,6,E01000407,0,-1
2021411074232,2021,411074232,1,5,0,18,19,1,5,0,0,1,0,11,0,0,4,1,2,2,1,54,8,998,1,16,YAMAHA FZS,10,E01017728,0,-1
2021501110786,2021,501110786,1,5,0,18,19,3,7,0,0,0,0,0,0,0,1,1,2,2,1,30,6,599,1,23,YAMAHA FZS,6,E01015076,0,-1
2021461121341,2021,461121341,2,5,0,18,19,6,2,0,0,1,0,0,0,0,1,1,6,6,1,21,5,599,1,18,YAMAHA FZS,5,E01024227,0,-1
2021440218123,2021,440218123,1,5,0,18,19,5,1,0,0,1,0,0,7,0,1,1,6,6,1,26,6,599,1,19,YAMAHA FZS,3,E01017189,0,-1
2021471101305,2021,471101305,1,5,0,18,19,7,3,0,0,4,0,0,7,0,4,1,5,6,1,30,6,599,1,19,YAMAHA FZS,8,E01021055,0,-1
2021371042583,2021,371042583,1,5,0,5,5,3,7,0,0,6,0,0,0,0,1,1,6,6,1,83,11,599,1,18,YAMAHA FZS,6,E01030087,0,-1
2021111109572,2021,111109572,2,5,0,18,19,5,1,0,0,2,1,0,0,0,1,1,5,6,1,32,6,599,1,21,YAMAHA FZS,4,E01020644,0,-1
2021430405001,2021,430405001,2,5,0,18,19,6,2,0,0,8,0,0,0,0,1,1,6,6,2,39,7,599,1,20,YAMAHA FZS,7,E01033523,0,-1
2021320645045,2021,320645045,2,5,0,18,19,5,1,0,0,1,0,0,0,0,1,1,2,2,1,37,7,599,1,23,YAMAHA FZS,6,E01026330,0,-1
2021430466721,2021,430466721,2,5,0,18,19,4,8,0,0,1,0,0,7,0,1,1,2,2,1,53,8,998,1,19,YAMAHA FZS,8,E01028773,0,-1
2021170L10561,2021,170L10561,1,5,0,13,13,2,6,0,0,1,0,0,0,0,1,1,6,6,1,31,6,599,1,23,YAMAHA YZF,2,E01012132,0,-1
2021211101617,2021,211101617,2,4,0,9,9,7,3,0,0,1,0,0,0,0,1,1,6,6,1,17,4,124,1,13,YAMAHA YZF,2,E01014359,0,-1
2021548933821,2021,548933821,1,5,0,16,19,7,3,0,0,0,0,0,0,0,1,1,6,6,1,30,6,998,1,17,YAMAHA YZF,7,E01032693,0,-1
2021430438512,2021,430438512,2,5,0,18,19,2,6,0,0,1,0,0,0,0,4,1,6,6,1,32,6,599,1,9,YAMAHA YZF,8,E01016748,0,-1
2021421064417,2021,421064417,2,3,0,18,19,4,8,0,0,3,0,0,0,0,1,1,6,6,1,17,4,124,1,5,YAMAHA YZF,6,E01021542,0,-1
2021231087016,2021,231087016,1,4,0,18,19,5,1,0,0,6,0,0,0,0,1,1,5,6,1,21,5,321,1,3,YAMAHA YZF,10,E01031331,0,-1
202134WNC2291,2021,34WNC2291,1,3,0,18,19,5,1,0,0,0,0,0,0,0,1,1,6,6,1,17,4,124,1,13,YAMAHA YZF,6,E01032977,0,-1
2021010342635,2021,010342635,1,5,0,5,5,1,5,0,0,8,1,4,0,0,1,1,6,6,1,31,6,998,1,12,YAMAHA YZF,2,E01001191,0,-1
2021010343260,2021,010343260,1,3,0,13,13,1,5,0,0,0,0,0,0,0,3,1,2,2,1,18,4,124,1,13,YAMAHA YZF,8,E01016265,0,-1
2021430234695,2021,430234695,1,5,0,18,19,5,2,0,0,0,0,0,1,4,1,1,6,6,1,31,6,998,1,6,YAMAHA YZF,3,E01004600,0,-1
2021010324473,2021,010324473,1,5,0,15,15,5,1,0,0,0,2,10,2,4,4,1,6,6,1,25,5,599,1,14,YAMAHA YZF,5,E01002586,0,-1
2021440507563,2021,440507563,1,3,0,18,19,4,8,0,0,8,0,0,0,0,3,1,6,6,1,38,7,124,1,13,YAMAHA YZF,2,E01022970,0,-1
2021070240127,2021,070240127,1,3,0,18,19,1,5,0,0,0,2,0,7,0,1,1,6,6,1,20,4,124,1,7,YAMAHA YZF,5,E01018719,0,-1
2021010340489,2021,010340489,2,4,0,18,19,3,7,0,0,1,0,0,0,0,1,1,6,6,1,24,5,124,1,6,YAMAHA YZF,4,E01000558,0,-1
2021010339520,2021,010339520,1,3,0,16,19,3,7,0,0,1,0,0,0,0,1,1,6,6,1,37,7,124,1,5,YAMAHA YZF,5,E01003340,0,-1
2021430281835,2021,430281835,1,4,0,13,13,4,8,0,0,0,0,0,0,0,1,1,6,6,1,45,7,998,1,21,YAMAHA YZF,10,E01016621,0,-1
2021421074485,2021,421074485,2,5,0,18,19,6,3,0,0,0,2,0,0,0,4,1,2,2,1,44,7,998,1,13,YAMAHA YZF,8,E01024133,0,-1
2021421095843,2021,421095843,2,3,0,18,19,4,7,0,0,1,1,0,0,0,1,1,2,2,1,29,6,124,1,3,YAMAHA YZF,5,E01021487,0,-1
2021411133041,2021,411133041,1,4,0,15,15,7,3,0,0,0,5,0,0,0,1,1,2,2,1,33,6,124,1,7,YAMAHA YZF,3,E01001043,0,-1
2021548894321,2021,548894321,2,3,0,16,19,6,1,0,0,0,0,0,0,0,3,1,6,6,2,46,8,124,1,11,YAMAHA YZF,10,E01022994,0,-1
2021501049565,2021,501049565,2,3,0,18,19,3,8,0,0,1,2,0,0,0,1,1,6,6,1,40,7,124,1,2,YAMAHA YZF,1,E01015182,0,-1
2021461109396,2021,461109396,2,3,0,18,19,7,3,0,0,0,1,0,0,0,1,1,5,6,1,22,5,125,1,3,YAMAHA YZF,1,E01024670,0,-1
2021010327485,2021,010327485,2,5,0,18,19,3,7,0,0,0,5,0,0,0,1,1,6,6,1,31,6,998,1,8,YAMAHA YZF,2,E01003501,0,-1
2021010339245,2021,010339245,1,3,0,99,99,9,9,99,99,0,9,99,9,99,3,9,6,6,1,26,6,124,1,8,YAMAHA YZF,4,E01001934,0,-1
2021451047587,2021,451047587,1,3,0,18,19,1,5,0,0,8,0,0,0,0,3,1,2,2,1,19,4,124,1,3,YAMAHA YZF,5,E01030572,0,-1
2021421053050,2021,421053050,1,5,0,13,13,3,7,0,0,0,2,0,0,0,1,1,2,2,1,27,6,998,1,21,YAMAHA YZF,3,E01022047,0,-1
2021111044545,2021,111044545,1,2,0,18,19,8,4,0,0,0,1,0,0,0,1,1,6,6,1,30,6,124,1,7,YAMAHA YZF,5,E01020641,0,-1
2021421055264,2021,421055264,1,3,0,13,13,5,1,0,0,0,0,0,7,0,1,1,5,6,1,24,5,124,1,13,YAMAHA YZF,3,E01021823,0,-1
2021421116335,2021,421116335,1,3,0,15,15,3,7,0,0,0,2,0,0,0,1,1,5,6,1,30,6,125,1,3,YAMAHA YZF,4,E01021310,0,-1
2021471036526,2021,471036526,2,3,0,18,19,7,2,0,0,0,0,0,0,0,1,1,5,6,1,23,5,124,1,3,YAMAHA YZF,7,E01031626,0,-1
2021161052592,2021,161052592,1,3,0,18,19,8,4,0,0,2,0,0,0,0,1,1,5,6,1,17,4,124,1,10,YAMAHA YZF,1,E01013159,0,-1
2021552101255,2021,552101255,3,3,0,18,19,7,3,0,0,0,0,0,0,0,0,1,6,6,1,19,4,124,1,4,YAMAHA YZF,9,E01023009,0,-1
2021501121359,2021,501121359,2,3,0,18,19,5,3,0,0,8,0,0,0,0,1,1,6,6,1,19,4,124,1,3,YAMAHA YZF,3,E01020010,0,-1
2021501121349,2021,501121349,1,3,0,18,19,8,4,0,0,0,2,0,0,0,1,1,6,6,1,32,6,124,1,6,YAMAHA YZF,4,E01019932,0,-1
2021501109617,2021,501109617,2,5,0,4,4,5,1,0,0,1,0,0,0,0,1,1,5,6,1,39,7,998,1,8,YAMAHA YZF,6,E01020207,0,-1
2021430133897,2021,430133897,1,5,0,16,19,4,7,0,0,0,0,0,6,6,1,1,6,6,1,33,6,998,1,9,YAMAHA YZF,7,E01002918,0,-1
2021371029939,2021,371029939,1,5,0,18,19,7,3,0,0,0,0,0,0,0,3,1,5,6,1,26,6,599,1,14,YAMAHA YZF,3,E01029888,0,-1
202131A158621,2021,31A158621,1,3,0,18,19,6,2,0,0,0,0,0,0,0,1,1,6,6,1,20,4,124,1,2,YAMAHA YZF,6,E01027962,0,-1
2021010322002,2021,010322002,2,3,0,99,99,9,9,0,0,9,0,99,9,99,9,1,6,6,3,17,4,124,1,7,YAMAHA YZF,8,E01000328,0,-1
2021411108348,2021,411108348,2,4,0,18,19,3,7,0,0,0,0,0,0,0,2,1,5,6,1,31,6,124,1,1,YAMAHA YZF,5,E01002237,0,-1
2021131087216,2021,131087216,1,3,0,16,19,1,5,0,0,0,0,0,0,0,4,1,2,2,1,31,6,124,1,5,YAMAHA YZF,4,E01011323,0,-1
2021122100395,2021,122100395,1,3,0,18,19,4,7,0,0,0,0,0,0,0,1,1,1,1,1,41,7,124,1,11,YAMAHA YZF,5,E01027776,0,-1
2021991052557,2021,991052557,1,3,0,18,19,6,2,0,0,1,0,0,0,0,1,1,6,6,1,21,5,124,1,13,YAMAHA YZF,2,-1,0,-1
2021010329568,2021,010329568,1,5,0,18,19,7,3,0,0,1,2,0,0,0,1,1,6,6,1,34,6,998,1,14,YAMAHA YZF,4,E01001956,0,-1
2021991076810,2021,991076810,1,3,0,16,19,6,2,0,0,0,5,0,0,0,1,1,6,6,1,20,4,124,1,13,YAMAHA YZF,2,-1,0,-1
2021010325229,2021,010325229,2,3,0,18,19,5,1,0,0,8,0,0,0,0,1,1,2,2,1,17,4,124,1,7,YAMAHA YZF,2,E01001486,0,-1
2021430383347,2021,430383347,2,3,0,18,19,8,4,0,0,8,0,0,0,0,1,1,6,6,1,30,6,124,1,13,YAMAHA YZF,5,E01028556,0,-1
2021010324695,2021,010324695,3,5,0,13,13,3,7,0,0,2,2,0,0,0,3,1,6,6,1,29,6,1000,1,5,YAMAHA YZF,3,E01021437,0,-1
2021201149221,2021,201149221,1,3,0,13,13,4,8,0,0,8,0,0,0,0,4,1,2,2,1,21,5,124,1,12,YAMAHA YZF,1,E01010129,0,-1
2021471036656,2021,471036656,1,3,0,18,19,7,3,0,0,2,0,0,1,4,1,1,5,6,1,18,4,124,1,4,YAMAHA YZF,7,E01031447,0,-1
2021430134195,2021,430134195,1,4,0,13,13,2,6,0,0,0,1,0,0,0,1,1,6,6,1,27,6,124,1,1,YAMAHA YZF,10,E01016526,0,-1
2021122200030,2021,122200030,1,3,0,3,3,3,7,0,0,0,0,0,0,0,2,1,6,6,1,20,4,124,1,2,YAMAHA YZF,8,E01013409,0,-1
2021440495958,2021,440495958,1,3,0,16,19,4,8,0,0,2,0,0,0,0,1,1,6,6,1,20,4,124,1,2,YAMAHA YZF,7,E01022797,0,-1
2021070831583,2021,070831583,1,3,0,13,13,1,5,0,0,0,0,0,0,0,3,1,6,6,1,21,5,124,1,13,YAMAHA YZF,4,E01014136,0,-1
2021351088237,2021,351088237,1,4,0,18,19,6,2,0,0,1,1,0,0,0,1,1,5,6,1,31,6,998,1,16,YAMAHA YZF,7,E01026299,0,-1
2021010331691,2021,010331691,2,3,0,9,9,6,4,0,0,1,0,0,0,0,1,1,6,6,1,32,6,124,1,8,YAMAHA YZF,4,E01004765,0,-1
2021451060101,2021,451060101,2,4,0,17,19,8,4,0,0,0,5,0,7,0,1,1,5,6,1,18,4,124,1,11,YAMAHA YZF,10,E01030642,0,-1
2021411076236,2021,411076236,1,5,0,18,19,7,3,0,0,0,0,0,0,0,1,1,5,6,1,37,7,1000,1,5,YAMAHA YZF,3,E01021842,0,-1
2021440228265,2021,440228265,1,3,0,13,13,6,2,0,0,0,0,0,0,0,0,1,6,6,1,28,6,998,1,14,YAMAHA YZF,6,E01023022,0,-1
2021351033664,2021,351033664,1,3,0,16,19,1,5,0,0,1,2,0,0,0,1,1,5,6,1,34,6,124,1,13,YAMAHA YZF,6,E01018186,0,-1
2021991062130,2021,991062130,2,3,0,18,19,5,8,0,0,1,0,0,0,0,3,1,2,2,1,61,9,124,1,1,YAMAHA YZF,9,-1,0,-1
2021430545819,2021,430545819,2,3,0,18,19,3,7,0,0,8,0,0,0,0,1,1,6,6,1,34,6,124,1,13,YAMAHA YZF,10,E01028736,0,-1
2021221111239,2021,221111239,2,4,0,3,3,1,4,0,0,1,0,0,0,0,2,1,5,6,1,19,4,321,1,6,YAMAHA YZF,7,E01032398,0,-1
2021010311391,2021,010311391,2,3,0,18,19,7,3,0,0,1,0,8,0,0,3,1,2,2,1,41,7,124,1,0,YAMAHA YZF,-1,-1,0,-1
2021501051220,2021,501051220,1,3,0,18,19,7,3,0,0,1,5,10,7,0,1,1,5,6,1,18,4,124,1,5,YAMAHA YZF,6,E01015109,0,-1
2021371063441,2021,371063441,1,3,0,18,19,8,4,0,0,8,1,0,1,9,1,1,5,6,1,17,4,124,1,5,YAMAHA YZF,4,E01018046,0,-1
2021161038855,2021,161038855,2,3,0,14,14,5,1,0,0,1,0,0,0,0,1,1,5,6,1,22,5,124,1,4,YAMAHA YZF,6,E01012941,0,-1
2021231068111,2021,231068111,3,5,0,18,19,4,8,0,0,0,0,0,0,0,0,1,2,2,1,30,6,998,1,12,YAMAHA YZF,10,E01031250,0,-1
2021610044721,2021,610044721,1,5,0,18,19,4,8,0,0,1,0,0,0,0,1,1,6,6,1,26,6,1000,1,4,YAMAHA YZF,-1,-1,0,-1
2021421088903,2021,421088903,2,3,0,18,19,6,2,0,0,0,5,0,0,0,4,1,5,6,1,25,5,124,1,7,YAMAHA YZF,10,E01030416,0,-1
2021010302562,2021,010302562,1,3,0,18,19,4,8,0,0,2,0,11,0,0,4,1,2,2,1,22,5,124,1,13,YAMAHA YZF,6,E01001678,0,-1
2021401060150,2021,401060150,1,5,0,18,19,5,1,0,0,0,0,0,1,0,1,1,6,6,1,29,6,599,1,10,YAMAHA YZF,3,E01015758,0,-1
2021430170110,2021,430170110,2,4,0,18,19,4,8,0,0,8,0,0,0,0,1,1,6,6,1,26,6,124,1,12,YAMAHA YZF,7,E01016239,0,-1
2021430533314,2021,430533314,1,3,0,9,9,6,4,0,0,8,0,0,0,0,4,1,2,2,1,24,5,124,1,7,YAMAHA YZF,3,E01017857,0,-1
2021371138926,2021,371138926,1,3,0,18,19,3,7,0,0,8,0,0,0,0,1,1,1,1,1,18,4,125,1,3,YAMAHA YZF,7,E01030049,0,-1
2021471041462,2021,471041462,1,5,0,16,19,6,8,0,0,0,0,0,7,11,1,1,5,6,1,29,6,998,1,18,YAMAHA YZF,1,E01024597,0,-1
2021010342188,2021,010342188,2,3,0,5,5,3,7,0,0,1,0,0,0,0,4,1,1,1,1,27,6,124,1,3,YAMAHA YZF,4,E01001624,0,-1
2021010319249,2021,010319249,2,5,0,15,15,1,5,0,0,0,0,0,0,0,3,1,6,6,1,42,7,998,1,11,YAMAHA YZF,4,E01003354,0,-1
2021421113838,2021,421113838,2,3,0,18,19,3,3,0,0,1,2,0,0,0,4,1,2,2,1,20,4,124,1,2,YAMAHA YZF,4,E01021849,0,-1
2021231033940,2021,231033940,1,3,0,18,19,6,2,0,0,6,0,0,0,0,1,1,5,6,1,17,4,124,1,12,YAMAHA YZF,3,E01031058,0,-1
2021010309161,2021,010309161,1,3,0,18,19,5,1,0,0,8,0,0,0,0,1,1,1,1,1,22,5,124,1,11,YAMAHA YZF,2,E01003069,0,-1
2021010349589,2021,010349589,1,3,0,99,99,9,9,99,99,9,9,99,9,99,9,1,2,2,1,28,6,124,1,1,YAMAHA YZF,4,E01000503,0,-1
2021991050544,2021,991050544,1,4,0,17,19,8,5,0,0,0,1,6,0,0,1,1,5,6,2,24,5,124,1,5,YAMAHA YZF,5,-1,0,-1
2021622100392,2021,622100392,2,3,0,18,19,6,2,0,0,8,0,0,0,0,1,1,6,6,1,17,4,124,1,5,YAMAHA YZF,10,W01001892,0,-1
2021010296231,2021,010296231,1,3,0,99,99,9,9,99,99,9,9,99,9,99,9,1,6,6,1,23,5,124,1,11,YAMAHA YZF,6,E01000624,0,-1
2021201141727,2021,201141727,2,3,0,18,19,-1,-1,0,0,8,0,0,0,0,1,1,2,2,1,22,5,124,1,4,YAMAHA YZF,7,E01009820,0,-1
2021440344244,2021,440344244,1,3,0,17,19,7,5,0,0,2,0,0,0,0,4,1,6,6,2,19,4,124,1,13,YAMAHA YZF,7,E01033631,0,-1
2021501135625,2021,501135625,1,3,0,18,19,7,3,0,0,1,0,0,0,0,1,1,1,1,1,20,4,124,1,11,YAMAHA YZF,3,E01015093,0,-1
2021522103480,2021,522103480,2,3,0,18,19,6,2,0,0,0,0,0,0,0,1,1,6,6,1,23,5,124,1,5,YAMAHA YZF,1,E01014800,0,-1
2021542919921,2021,542919921,2,3,0,18,19,5,1,0,0,1,0,0,0,0,1,1,6,6,1,18,4,124,1,13,YAMAHA YZF,6,E01022176,0,-1
2021170S11301,2021,170S11301,2,4,0,18,19,2,6,0,0,1,0,0,0,0,1,1,6,6,1,18,4,321,1,5,YAMAHA YZF,5,E01012219,0,-1
2021010338062,2021,010338062,1,5,0,18,19,8,4,9,9,0,1,10,1,0,1,1,6,6,1,34,6,998,1,2,YAMAHA YZF,3,E01000929,0,-1
2021122101126,2021,122101126,1,3,0,13,13,6,1,0,0,1,0,0,0,0,4,1,1,1,1,36,7,124,1,11,YAMAHA YZF,8,E01027691,0,-1
2021010294801,2021,010294801,2,3,0,18,19,7,3,0,0,0,0,0,0,0,1,1,6,6,1,24,5,124,1,5,YAMAHA YZF,3,E01001349,0,-1
2021351044003,2021,351044003,1,4,0,18,19,5,1,0,0,0,0,0,0,0,3,1,6,6,1,26,6,124,1,2,YAMAHA YZF,2,E01015605,0,-1
2021320419517,2021,320419517,2,3,0,18,19,3,7,0,0,8,0,0,0,0,3,1,6,6,1,30,6,124,1,0,YAMAHA YZF,1,E01026126,0,-1
2021111053754,2021,111053754,2,5,0,13,13,1,5,0,0,0,0,0,0,0,4,1,5,6,1,49,8,998,1,7,YAMAHA YZF,5,E01020810,0,-1
2021541946021,2021,541946021,1,3,0,18,19,5,1,0,0,0,0,12,0,0,1,1,2,2,1,23,5,124,1,5,YAMAHA YZF,9,E01031998,0,-1
2021991083846,2021,991083846,1,5,0,16,19,5,1,0,0,0,0,0,7,0,4,1,5,6,1,52,8,599,1,23,YAMAHA YZF,10,E01018322,0,-1
2021101055382,2021,101055382,1,5,0,13,13,7,3,0,0,4,2,9,1,0,1,1,6,6,1,43,7,998,1,11,YAMAHA YZF,3,E01027462,0,-1
2021131098598,2021,131098598,2,3,0,18,19,7,3,0,0,1,0,0,0,0,1,1,5,6,1,18,4,124,1,9,YAMAHA YZF,1,E01010868,0,-1
2021430551246,2021,430551246,2,3,0,18,19,8,4,0,0,8,0,0,0,0,1,1,6,6,1,21,5,124,1,4,YAMAHA YZF,6,E01016704,0,-1
2021221044159,2021,221044159,1,5,0,13,13,2,6,0,0,0,1,0,7,0,1,1,5,6,1,43,7,998,1,14,YAMAHA YZF,9,E01032379,0,-1
2021461060746,2021,461060746,1,3,0,18,19,3,7,0,0,0,0,0,0,0,1,1,6,6,1,27,6,124,1,9,YAMAHA YZF,5,E01024588,0,-1
2021010325592,2021,010325592,1,3,0,18,19,1,5,0,0,0,5,0,0,0,1,1,6,6,1,28,6,124,1,2,YAMAHA YZF,-1,-1,0,-1
2021440400737,2021,440400737,2,3,0,18,19,8,4,0,0,1,0,0,0,0,1,1,2,2,1,38,7,124,1,2,YAMAHA YZF,2,E01022820,0,-1
2021461049537,2021,461049537,2,4,0,13,13,5,1,0,0,1,0,0,0,0,4,1,6,6,1,35,6,124,1,11,YAMAHA YZF,3,E01024169,0,-1
2021010350616,2021,010350616,2,4,0,18,19,5,1,0,0,0,2,0,1,4,1,1,2,2,1,20,4,124,1,8,YAMAHA YZF,4,E01003658,0,-1
2021010289513,2021,010289513,1,3,0,18,19,6,2,0,0,1,0,0,0,0,1,1,6,6,1,19,4,124,1,11,YAMAHA YZF,2,E01003069,0,-1
2021471089094,2021,471089094,2,3,0,18,19,5,1,0,0,1,0,0,0,0,4,1,1,1,1,23,5,124,1,3,YAMAHA YZF,5,E01016877,0,-1
2021010298703,2021,010298703,2,4,0,15,15,7,3,0,0,1,0,0,0,0,1,1,6,6,1,31,6,599,1,11,YAMAHA YZF,9,E01000761,0,-1
2021010303490,2021,010303490,2,3,0,3,3,3,7,0,0,4,0,0,0,0,2,1,6,6,1,42,7,124,1,1,YAMAHA YZF,6,E01001678,0,-1
2021122100554,2021,122100554,1,5,0,17,19,1,5,0,0,0,1,0,0,0,1,1,6,6,1,40,7,998,1,19,YAMAHA YZF,10,E01011572,0,-1
2021010346320,2021,010346320,2,3,0,18,19,6,2,2,2,1,1,0,0,0,1,1,6,6,1,22,5,124,1,10,YAMAHA YZF,3,E01000052,0,-1
2021451014316,2021,451014316,1,3,0,18,19,2,6,0,0,1,1,0,0,0,0,1,6,6,1,34,6,124,1,9,YAMAHA YZF,4,E01030634,0,-1
2021440366420,2021,440366420,1,3,0,18,19,1,5,0,0,8,1,0,0,0,1,1,6,6,1,19,4,124,1,10,YAMAHA YZF,5,E01022616,0,-1
2021201026480,2021,201026480,2,3,0,18,19,2,6,0,0,8,0,0,0,0,3,1,6,6,1,23,5,124,1,6,YAMAHA YZF,2,E01009744,0,-1
2021302100876,2021,302100876,2,3,0,18,19,6,8,0,0,5,0,0,0,0,1,1,6,6,1,19,4,124,1,1,YAMAHA YZF,10,E01019413,0,-1
2021471022861,2021,471022861,1,3,0,16,19,5,8,0,0,0,0,0,7,0,1,1,5,6,1,31,6,124,1,1,YAMAHA YZF,5,E01021211,0,-1
2021070431262,2021,070431262,1,3,0,14,14,7,3,0,0,1,1,0,0,0,1,1,6,6,1,18,4,124,1,13,YAMAHA YZF,9,E01012518,0,-1
2021430560662,2021,430560662,1,5,0,18,19,6,2,0,0,0,1,0,0,0,1,1,6,6,1,40,7,599,1,15,YAMAHA YZF,-1,-1,0,-1
2021991088489,2021,991088489,2,5,0,3,3,8,3,0,0,1,0,0,0,0,2,1,6,6,1,60,9,599,1,22,YAMAHA YZF,4,-1,0,-1
2021070339068,2021,070339068,2,3,0,18,19,8,4,0,0,1,0,0,0,0,1,1,6,6,1,39,7,124,1,1,YAMAHA YZF,10,E01018411,0,-1
2021010298961,2021,010298961,2,3,0,18,19,5,1,0,0,1,0,0,0,0,0,1,6,6,1,31,6,124,1,6,YAMAHA YZF,7,E01000734,0,-1
202134NNC9051,2021,34NNC9051,2,5,0,18,19,3,7,0,0,1,2,0,0,0,2,1,6,6,1,35,6,998,1,17,YAMAHA YZF,-1,-1,0,-1
2021211044169,2021,211044169,1,4,0,18,19,5,1,0,0,1,0,0,0,0,1,1,6,6,1,18,4,124,1,7,YAMAHA YZF,7,E01029379,0,-1
2021545127021,2021,545127021,1,5,0,18,19,3,7,0,0,2,1,0,2,11,1,1,6,6,1,35,6,998,1,14,YAMAHA YZF,3,E01015283,0,-1
2021131120672,2021,131120672,1,3,0,18,19,1,5,0,0,0,0,4,0,0,1,1,5,6,1,39,7,125,1,4,YAMAHA YZF,2,E01011025,0,-1
2021010319463,2021,010319463,2,5,0,18,19,3,7,0,0,0,0,0,0,0,1,1,6,6,1,41,7,998,1,6,YAMAHA YZF,2,E01003500,0,-1
2021221056197,2021,221056197,1,3,0,17,19,3,8,0,0,2,0,4,0,0,1,1,5,6,1,21,5,124,1,0,YAMAHA YZF,2,E01032453,0,-1
2021010329063,2021,010329063,2,5,0,13,13,1,5,0,0,1,2,0,0,0,1,1,6,6,1,40,7,998,1,15,YAMAHA YZF,1,E01004318,0,-1
2021031088828,2021,031088828,1,5,0,18,19,5,4,0,0,1,2,0,1,10,1,1,6,6,1,55,8,998,1,18,YAMAHA YZF,4,E01019232,0,-1
2021221036891,2021,221036891,1,5,0,13,13,8,4,0,0,0,0,0,1,0,1,1,5,6,1,53,8,998,1,2,YAMAHA YZF,9,E01029723,0,-1
2021552100622,2021,552100622,2,3,0,18,19,6,2,0,0,0,0,0,0,0,3,1,1,1,1,24,5,124,1,12,YAMAHA YZF,-1,-1,0,-1
2021302101677,2021,302101677,1,3,0,18,19,1,5,0,0,8,1,0,0,0,0,1,6,6,1,48,8,124,1,7,YAMAHA YZF,2,E01019542,0,-1
2021010293659,2021,010293659,1,5,0,16,19,3,7,0,0,1,0,0,0,0,1,1,6,6,1,45,7,599,1,11,YAMAHA YZF,3,E01003154,0,-1
2021010301320,2021,010301320,1,3,0,99,99,9,9,99,99,9,9,99,9,99,9,1,6,6,1,29,6,124,1,8,YAMAHA YZF,2,E01001414,0,-1
2021461060119,2021,461060119,2,4,0,9,9,5,1,0,0,1,0,0,0,0,3,1,5,6,1,-1,-1,321,1,0,YAMAHA YZF,9,E01015982,0,-1
2021421080079,2021,421080079,2,5,0,18,19,5,1,0,0,0,2,0,0,0,1,1,2,2,1,57,9,998,1,11,YAMAHA YZF,10,E01021591,0,-1
2021501026600,2021,501026600,2,3,0,9,9,3,1,0,0,1,0,0,0,0,3,1,6,6,1,17,4,124,1,11,YAMAHA YZF,2,E01015157,0,-1
2021010350468,2021,010350468,1,3,0,18,19,7,3,0,0,0,0,10,0,0,4,1,2,2,1,18,4,124,1,7,YAMAHA YZF,3,E01004355,0,-1
202163A053121,2021,63A053121,1,5,0,17,19,4,1,0,0,0,0,0,2,10,4,1,6,6,1,43,7,998,1,1,YAMAHA YZF,9,W01000825,0,-1
2021010331022,2021,010331022,1,3,0,4,4,1,5,0,0,1,0,0,0,0,2,1,6,6,1,25,5,124,1,2,YAMAHA YZF,3,E01000128,0,-1
2021010337726,2021,010337726,1,5,0,18,19,1,5,0,0,0,0,0,0,0,1,1,6,6,1,37,7,998,1,12,YAMAHA YZF,3,E01003105,0,-1
2021010318753,2021,010318753,1,3,0,18,19,5,1,0,0,1,0,0,0,0,1,1,6,6,1,28,6,124,1,8,YAMAHA YZF,6,E01002140,0,-1
202134NNC0061,2021,34NNC0061,2,3,0,18,19,5,1,0,0,8,0,0,0,0,1,1,2,2,1,17,4,124,1,1,YAMAHA YZF,10,E01027077,0,-1
202131A046521,2021,31A046521,1,3,0,18,19,4,8,0,0,1,0,9,3,0,1,1,6,6,1,17,4,124,1,12,YAMAHA YZF,4,E01027928,0,-1
2021622100162,2021,622100162,2,5,0,18,19,6,2,0,0,8,1,0,0,0,1,1,1,1,1,32,6,599,1,10,YAMAHA YZF,2,W01001855,0,-1
2021010337730,2021,010337730,2,3,0,18,19,7,3,0,0,0,0,0,0,0,1,1,6,6,1,28,6,124,1,9,YAMAHA YZF,1,E01001788,0,-1
2021131074515,2021,131074515,1,5,0,7,7,3,6,0,0,1,0,0,0,0,4,1,6,6,1,27,6,599,1,22,YAMAHA YZF,3,E01011807,0,-1