collision_index,collision_year,collision_ref_no,vehicle_reference,vehicle_type,towing_and_articulation,vehicle_manoeuvre_historic,vehicle_manoeuvre,vehicle_direction_from,vehicle_direction_to,vehicle_location_restricted_lane_historic,vehicle_location_restricted_lane,junction_location,skidding_and_overturning,hit_object_in_carriageway,vehicle_leaving_carriageway,hit_object_off_carriageway,first_point_of_impact,vehicle_left_hand_drive,journey_purpose_of_driver_historic,journey_purpose_of_driver,sex_of_driver,age_of_driver,age_band_of_driver,engine_capacity_cc,propulsion_code,age_of_vehicle,generic_make_model,driver_imd_decile,lsoa_of_driver,escooter_flag,driver_distance_banding
2021010320104,2021,010320104,2,5,0,13,13,7,3,0,0,2,0,0,0,0,1,1,6,6,1,35,6,599,1,13,YAMAHA YZF,2,E01003092,0,-1
2021010340718,2021,010340718,3,3,0,18,19,1,5,0,0,0,0,0,0,0,4,1,6,6,1,50,8,125,1,3,YAMAHA YZF,7,E01000963,0,-1
2021421036627,2021,421036627,1,4,0,17,19,7,5,0,0,0,0,0,0,0,3,1,5,6,1,42,7,124,1,7,YAMAHA YZF,1,E01021990,0,-1
2021411122222,2021,411122222,1,3,0,16,19,3,7,0,0,0,1,0,7,0,1,1,6,6,1,32,6,599,1,8,YAMAHA YZF,3,E01023496,0,-1
2021440234606,2021,440234606,2,4,0,18,19,6,3,0,0,8,0,0,0,0,4,1,6,6,1,18,4,124,1,8,YAMAHA YZF,1,E01017167,0,-1
2021302100986,2021,302100986,1,5,0,14,14,8,4,0,0,0,0,0,0,0,1,1,6,6,3,-1,-1,599,1,8,YAMAHA YZF,5,E01019456,0,-1
2021991079249,2021,991079249,2,3,0,18,19,3,7,0,0,8,0,0,0,0,1,1,6,6,1,27,6,124,1,4,YAMAHA YZF,2,-1,0,-1
2021549689521,2021,549689521,1,5,0,18,19,4,8,0,0,1,0,0,0,0,1,1,1,1,1,40,7,998,1,1,YAMAHA YZF,2,E01032118,0,-1
2021131075252,2021,131075252,1,3,0,18,19,5,1,0,0,0,0,0,0,0,1,1,6,6,1,15,3,124,1,4,YAMAHA YZF,2,E01010930,0,-1
2021991104106,2021,991104106,1,5,0,18,19,3,7,0,0,4,0,0,0,0,1,1,5,6,1,35,6,998,1,14,YAMAHA YZF,9,-1,0,-1
2021440181629,2021,440181629,2,3,0,13,13,2,6,0,0,8,0,0,0,0,4,1,2,2,1,19,4,124,1,8,YAMAHA YZF,7,E01022733,0,-1
2021501072462,2021,501072462,1,3,0,18,19,7,3,0,0,0,0,4,0,0,1,1,6,6,1,27,6,124,1,5,YAMAHA YZF,1,E01015047,0,-1
2021010335814,2021,010335814,2,5,0,18,19,5,1,0,0,0,0,0,7,0,2,1,2,2,1,35,6,599,1,11,YAMAHA YZF,7,E01000573,0,-1
2021010293683,2021,010293683,3,5,0,15,15,1,5,0,0,2,2,0,0,0,1,1,6,6,1,29,6,599,1,12,YAMAHA YZF,2,E01002033,0,-1
2021211124191,2021,211124191,2,3,0,9,9,2,8,0,0,8,0,0,0,0,1,1,6,6,1,27,6,124,1,7,YAMAHA YZF,7,E01029618,0,-1
2021010330053,2021,010330053,1,5,0,13,13,1,5,0,0,0,0,0,0,0,1,1,6,6,1,37,7,998,1,11,YAMAHA YZF,3,E01003105,0,-1
2021421023740,2021,421023740,2,2,0,18,19,3,7,0,0,1,0,0,0,0,1,1,1,1,1,20,4,124,1,2,YAMAHA YZF,4,E01022012,0,-1
2021991080936,2021,991080936,2,3,0,16,19,1,5,0,0,0,0,0,0,0,1,1,6,6,1,17,4,124,1,8,YAMAHA YZF,5,-1,0,-1
2021010300570,2021,010300570,1,3,0,99,99,9,9,0,0,0,0,0,0,0,9,1,6,6,1,33,6,124,1,10,YAMAHA YZF,3,E01001831,0,-1
2021211076004,2021,211076004,2,3,0,17,19,7,3,0,0,0,1,0,0,0,3,1,5,6,1,17,4,124,1,3,YAMAHA YZF,7,E01029694,0,-1
2021122101434,2021,122101434,1,5,0,18,19,1,5,0,0,1,1,0,0,0,1,1,1,1,1,22,5,998,1,12,YAMAHA YZF,8,E01027839,0,-1
2021221076221,2021,221076221,1,3,0,9,9,5,3,0,0,8,0,0,1,0,1,1,2,2,1,17,4,124,1,7,YAMAHA YZF,7,E01014007,0,-1
2021451017040,2021,451017040,1,3,0,18,19,1,5,0,0,0,0,0,0,0,4,1,6,6,1,17,4,124,1,12,YAMAHA YZF,3,E01030901,0,-1
2021320537377,2021,320537377,1,3,0,18,19,6,2,0,0,0,0,0,1,4,1,1,6,6,1,33,6,125,1,3,YAMAHA YZF,9,E01026063,0,-1
2021461098318,2021,461098318,1,5,0,13,13,7,3,0,0,0,0,0,0,0,1,1,6,6,1,31,6,998,1,11,YAMAHA YZF,5,E01024503,0,-1
2021221108456,2021,221108456,2,5,0,17,19,6,3,0,0,1,0,0,7,0,1,1,2,2,1,31,6,998,1,2,YAMAHA YZF,2,E01032202,0,-1
2021302101154,2021,302101154,1,4,0,18,19,2,6,0,0,0,0,0,0,0,1,1,6,6,1,20,4,124,1,11,YAMAHA YZF,1,E01027968,0,-1
2021440110346,2021,440110346,2,9,0,2,2,0,0,9,9,0,0,0,0,0,1,1,6,6,3,-1,-1,4395,1,6,-1,-1,-1,0,-1
2021041074601,2021,041074601,2,9,0,18,19,8,6,0,0,1,0,7,7,10,3,1,2,2,1,32,6,4395,1,5,-1,5,E01025095,0,-1
2021211119455,2021,211119455,1,9,0,18,19,5,7,0,0,0,2,0,7,4,2,1,6,6,1,45,7,4999,1,12,-1,8,E01010241,0,-1
2021010341509,2021,010341509,1,9,0,99,99,9,9,99,99,9,9,99,9,99,9,9,6,6,1,55,8,4395,1,8,-1,7,E01001308,0,-1
2021552200261,2021,552200261,1,9,0,9,9,8,6,0,0,6,0,0,0,0,3,1,6,6,3,-1,-1,1399,1,11,CHEVROLET LACETTI,-1,-1,0,-1
2021010315745,2021,010315745,2,9,0,5,5,5,1,0,0,8,0,0,0,0,1,1,6,6,3,-1,-1,1598,1,13,CHEVROLET LACETTI,-1,-1,0,-1
2021161117835,2021,161117835,1,9,0,18,19,3,7,0,0,8,0,0,0,0,4,1,6,6,1,49,8,1598,1,15,CHEVROLET LACETTI,1,E01012875,0,-1
2021141124715,2021,141124715,2,9,0,18,19,2,6,0,0,0,0,0,0,0,2,1,5,6,2,30,6,1598,1,16,CHEVROLET LACETTI,1,E01007573,0,-1
2021052102187,2021,052102187,1,9,0,9,9,3,1,0,0,1,0,0,0,0,1,1,6,6,1,30,6,1598,1,13,CHEVROLET LACETTI,1,E01006776,0,-1
2021351042152,2021,351042152,1,9,-1,-1,-1,-1,-1,-1,-1,0,-1,-1,-1,0,-1,1,6,6,2,40,7,1598,1,12,CHEVROLET LACETTI,8,E01026289,0,-1
2021991050244,2021,991050244,1,9,0,18,19,2,7,9,9,1,1,0,1,1,1,1,6,6,1,63,9,1598,1,14,CHEVROLET LACETTI,5,-1,0,-1
2021010341684,2021,010341684,2,9,0,99,99,9,9,99,99,9,9,99,9,99,9,9,6,6,2,46,8,1598,1,14,CHEVROLET LACETTI,2,E01000544,0,-1
2021430241729,2021,430241729,2,9,0,18,19,3,7,0,0,8,0,0,0,0,3,1,6,6,2,49,8,1598,1,15,CHEVROLET LACETTI,9,E01028502,0,-1
2021061139651,2021,061139651,2,9,0,18,19,1,5,0,0,8,0,0,1,0,4,1,2,2,1,60,9,1399,1,14,CHEVROLET LACETTI,3,E01006380,0,-1
2021061087394,2021,061087394,1,9,0,18,19,7,3,0,0,0,0,0,0,0,1,1,5,6,3,30,6,1399,1,14,CHEVROLET LACETTI,1,E01004839,0,-1
2021531068295,2021,531068295,2,9,0,18,19,3,3,0,0,0,0,0,0,0,1,1,1,1,1,27,6,1598,1,16,CHEVROLET LACETTI,4,E01022424,0,-1
2021471076832,2021,471076832,4,9,0,4,4,6,2,0,0,0,0,0,0,0,2,1,5,6,1,62,9,2776,2,15,CHRYSLER GRAND VOYAGER,9,E01020933,0,-1
2021010335473,2021,010335473,1,9,0,18,19,5,1,0,0,1,0,0,0,0,2,1,6,6,1,60,9,3301,1,16,CHRYSLER GRAND VOYAGER,3,E01001725,0,-1
2021622100105,2021,622100105,2,9,0,18,19,4,7,0,0,1,0,0,0,0,1,1,6,6,1,59,9,2776,2,8,CHRYSLER GRAND VOYAGER,9,W01000906,0,-1
2021411029455,2021,411029455,1,9,0,10,10,3,6,0,0,4,0,0,0,0,1,1,3,7,1,56,9,2776,2,7,CHRYSLER GRAND VOYAGER,9,E01023460,0,-1
2021070619538,2021,070619538,2,9,0,18,19,6,2,0,0,1,0,0,0,0,2,1,4,7,2,38,7,2776,2,17,CHRYSLER GRAND VOYAGER,1,E01018466,0,-1
2021041024675,2021,041024675,1,9,0,18,19,1,5,0,0,0,0,0,0,0,1,1,2,2,1,32,6,2776,2,16,CHRYSLER GRAND VOYAGER,1,E01012682,0,-1
2021461090989,2021,461090989,2,9,0,18,19,3,7,0,0,0,0,0,0,0,3,1,6,6,1,59,9,3778,1,12,CHRYSLER GRAND VOYAGER,8,E01024237,0,-1
2021010306958,2021,010306958,1,9,0,4,4,1,5,0,0,1,0,0,0,0,1,1,6,6,1,66,10,3301,1,16,CHRYSLER GRAND VOYAGER,3,E01003841,0,-1
2021501107072,2021,501107072,1,9,0,18,19,8,4,0,0,0,1,0,0,0,1,1,5,6,1,57,9,2776,2,16,CHRYSLER GRAND VOYAGER,2,E01015082,0,-1
2021041026172,2021,041026172,2,9,0,18,19,5,1,0,0,1,0,0,0,0,1,1,5,6,1,36,7,2499,2,18,CHRYSLER GRAND VOYAGER,2,E01025032,0,-1
2021302101129,2021,302101129,2,9,0,9,9,6,2,0,0,0,0,0,0,0,3,1,6,6,2,48,8,2776,2,16,CHRYSLER GRAND VOYAGER,5,E01026738,0,-1
2021471015034,2021,471015034,1,9,0,5,5,1,4,0,0,4,0,0,0,0,4,1,5,6,1,93,11,2776,2,15,CHRYSLER GRAND VOYAGER,6,E01031499,0,-1
2021371054536,2021,371054536,1,9,0,18,19,3,7,0,0,0,0,0,0,0,3,1,6,6,2,24,5,2776,2,15,CHRYSLER GRAND VOYAGER,7,E01029945,0,-1
2021421085158,2021,421085158,2,9,0,18,19,7,3,0,0,4,0,0,0,0,3,1,6,6,1,28,6,3301,1,17,CHRYSLER GRAND VOYAGER,1,E01016006,0,-1
2021501088816,2021,501088816,1,5,0,7,7,1,5,0,0,0,1,11,0,0,1,1,5,6,1,47,8,748,1,21,-1,4,E01020013,0,-1
2021461016840,2021,461016840,1,9,0,18,19,1,5,0,0,0,0,0,0,0,1,1,6,6,3,-1,-1,4008,1,23,-1,-1,-1,0,-1
202134NNC2681,2021,34NNC2681,2,5,0,11,11,3,7,0,0,4,0,0,0,10,1,1,6,6,1,32,6,1200,1,23,-1,4,E01017542,0,-1
2021361025280,2021,361025280,1,5,0,18,19,4,2,0,0,8,1,0,0,0,3,1,6,6,1,68,10,883,1,15,-1,4,E01026884,0,-1
2021010343705,2021,010343705,1,9,0,3,3,7,3,0,0,0,0,0,0,0,2,1,1,1,1,18,4,49,1,1,-1,3,E01000961,0,-1
2021302101277,2021,302101277,1,5,0,13,13,8,4,0,0,8,0,0,7,11,1,1,6,6,1,58,9,1043,1,4,-1,5,E01019837,0,-1
2021010352989,2021,010352989,1,5,0,5,5,7,3,0,0,9,0,0,0,0,3,1,1,1,1,50,8,1043,1,8,-1,3,E01026012,0,-1
2021010308002,2021,010308002,1,5,0,15,15,7,3,0,0,0,0,0,0,0,1,1,2,2,1,41,7,1043,1,6,-1,3,E01000635,0,-1
2021501099223,2021,501099223,2,3,0,18,19,2,7,0,0,8,0,0,0,0,4,1,2,2,1,24,5,124,1,6,-1,1,E01018878,0,-1
2021622100286,2021,622100286,1,3,0,18,19,2,6,0,0,0,0,0,1,9,0,1,6,6,1,32,6,124,1,5,-1,9,W01001041,0,-1
2021361089629,2021,361089629,1,3,5,18,19,5,1,0,0,0,0,0,0,0,1,1,5,6,1,19,4,125,1,1,KYMCO VISAR 125,5,E01026525,0,-1
2021361136638,2021,361136638,1,3,0,13,13,1,5,0,0,0,1,0,0,0,1,1,5,6,1,33,6,125,1,1,KYMCO VISAR 125,5,E01033435,0,-1
2021421111708,2021,421111708,1,4,0,18,19,6,2,0,0,0,0,0,0,0,1,1,5,6,1,26,6,125,1,1,KYMCO VISAR 125,9,E01021710,0,-1
2021361114752,2021,361114752,1,3,0,18,19,4,1,0,0,0,1,0,1,10,4,1,5,6,1,18,4,125,1,1,KYMCO VISAR 125,-1,-1,0,-1
2021361085920,2021,361085920,2,3,0,14,14,1,5,0,0,0,5,0,0,0,1,1,5,6,1,20,4,125,1,1,KYMCO VISAR 125,4,E01026794,0,-1
2021320280978,2021,320280978,2,3,0,18,19,1,5,0,0,0,5,10,0,0,3,1,6,6,1,20,4,125,1,1,KYMCO VISAR 125,5,E01026298,0,-1
2021070252661,2021,070252661,2,3,0,18,19,8,4,0,0,1,0,0,0,0,4,1,4,7,1,17,4,125,1,0,KYMCO VISAR 125,4,E01012478,0,-1
2021010287277,2021,010287277,1,3,0,3,3,5,1,0,0,1,5,0,0,0,2,1,6,6,1,25,5,125,1,0,KYMCO VISAR 125,5,E01002245,0,-1
2021371028891,2021,371028891,1,3,0,18,19,8,4,0,0,0,0,0,0,0,0,1,5,6,1,18,4,125,1,1,KYMCO VISAR 125,7,E01030069,0,-1
2021010302140,2021,010302140,2,3,0,18,19,1,5,0,0,1,0,4,0,0,1,1,6,6,1,33,6,125,1,1,KYMCO VISAR 125,6,E01003694,0,-1
2021070832601,2021,070832601,1,3,0,3,3,2,7,0,0,1,1,0,0,0,0,1,1,1,1,20,4,125,1,2,KYMCO VISAR 125,3,E01018731,0,-1
2021501086227,2021,501086227,2,3,0,18,19,2,6,0,0,0,1,0,0,0,0,1,1,1,1,20,4,125,1,2,KYMCO VISAR 125,2,E01015259,0,-1
2021010356776,2021,010356776,1,3,9,99,99,9,9,99,99,9,9,99,9,99,9,1,6,6,1,45,7,125,1,1,KYMCO VISAR 125,-1,-1,0,-1
2021371091327,2021,371091327,1,97,0,18,19,3,7,0,0,0,1,0,0,0,1,1,2,2,1,19,4,125,1,2,-1,2,E01030024,0,-1
2021201086135,2021,201086135,1,3,0,18,19,6,2,0,0,6,2,0,0,0,1,1,6,6,1,35,6,125,1,1,-1,1,E01009413,0,-1
2021451112429,2021,451112429,1,5,0,18,19,7,3,0,0,3,2,0,0,0,1,1,5,6,1,37,7,750,1,7,SUZUKI GSXR 750,8,E01030440,0,-1
2021371086317,2021,371086317,2,5,0,16,19,7,2,0,0,0,0,0,7,0,2,1,5,6,1,29,6,749,1,14,SUZUKI GSXR 750,4,E01030169,0,-1
2021052101944,2021,052101944,1,5,0,18,19,1,5,0,0,0,1,0,0,0,1,1,6,6,1,58,9,749,1,14,SUZUKI GSXR 750,1,E01006460,0,-1
2021052101970,2021,052101970,1,4,0,13,13,7,3,0,0,0,0,0,0,0,3,1,6,6,1,25,5,749,1,14,-1,9,E01012448,0,-1
2021501039776,2021,501039776,1,5,0,5,5,7,3,0,0,0,1,4,0,0,1,1,6,6,1,31,6,749,1,22,SUZUKI GSXR 750,6,E01018845,0,-1
2021461196586,2021,461196586,2,97,0,15,15,5,1,0,0,0,0,0,0,0,1,1,5,6,1,44,7,749,1,16,-1,7,E01024101,0,-1
2021421041433,2021,421041433,2,5,0,18,19,7,2,0,0,1,0,0,0,0,3,1,6,6,1,58,9,749,1,21,SUZUKI GSXR 750,1,E01015867,0,-1
2021451053209,2021,451053209,2,5,0,7,7,4,6,0,0,1,1,0,0,0,2,1,5,6,1,51,8,749,1,17,SUZUKI GSXR 750,10,E01030883,0,-1
2021401085173,2021,401085173,2,5,0,16,19,8,4,0,0,0,0,0,7,0,3,1,6,6,1,30,6,749,1,14,SUZUKI GSXR 750,10,E01033024,0,-1
2021991063972,2021,991063972,1,5,0,18,19,1,5,0,0,1,0,0,1,0,1,1,5,6,1,40,7,750,1,5,SUZUKI GSXR 750,2,-1,0,-1
2021061051382,2021,061051382,2,3,0,18,19,8,4,0,0,0,0,0,0,0,2,1,5,6,1,30,6,124,1,1,SYM NH,4,E01005710,0,-1
2021031090728,2021,031090728,2,3,0,9,9,8,3,0,0,1,0,0,0,0,1,1,5,6,1,17,4,124,1,0,SYM NH,4,E01019147,0,-1
2021430528426,2021,430528426,1,3,0,7,7,8,6,0,0,5,0,0,0,0,4,1,6,6,2,41,7,124,1,0,SYM NH,2,E01028450,0,-1
2021461097367,2021,461097367,1,3,0,13,13,2,6,0,0,0,0,0,0,0,1,1,4,7,1,17,4,124,1,0,SYM NH,6,E01024568,0,-1
2021501112688,2021,501112688,2,3,0,7,7,6,8,0,0,1,0,0,0,0,3,1,5,6,1,34,6,124,1,0,SYM NH,3,E01015032,0,-1
2021430244234,2021,430244234,1,3,0,10,10,3,1,0,0,1,0,0,0,0,1,1,2,2,1,25,5,124,1,1,SYM NH,3,E01016520,0,-1
2021111059180,2021,111059180,1,3,0,18,19,2,6,0,0,0,1,0,0,0,1,1,6,6,1,30,6,124,1,0,SYM NH,-1,-1,0,-1
2021111035032,2021,111035032,2,3,0,18,19,3,7,0,0,1,0,0,0,0,1,1,6,6,1,49,8,124,1,1,SYM NH,4,E01008814,0,-1
2021201084096,2021,201084096,2,3,0,18,19,3,7,0,0,1,1,0,0,0,1,1,2,2,1,17,4,124,1,0,SYM NH,8,E01029651,0,-1
2021070214024,2021,070214024,1,3,0,18,19,3,7,0,0,3,0,0,0,0,3,1,6,6,1,51,8,124,1,2,SYM NH,2,E01012482,0,-1
2021520101533,2021,520101533,1,4,0,18,19,4,8,0,0,0,0,0,0,0,1,1,6,6,1,25,5,124,1,10,-1,6,E01029157,0,-1
2021131052744,2021,131052744,1,3,0,18,19,7,3,0,0,3,0,0,7,0,4,1,5,6,1,54,8,124,1,7,-1,5,E01010603,0,-1
2021552100283,2021,552100283,2,3,0,18,19,6,2,0,0,8,1,0,0,0,1,1,6,6,1,62,9,124,1,14,-1,5,E01015417,0,-1
2021371017512,2021,371017512,2,3,0,18,19,5,1,0,0,1,2,0,0,0,1,1,6,6,1,25,5,124,1,9,-1,-1,-1,0,-1
2021991026587,2021,991026587,1,17,4,15,15,5,2,0,0,0,0,0,0,0,3,1,1,1,1,32,6,7365,2,1,VALTRA MODEL MISSING,6,-1,0,-1
2021991060087,2021,991060087,1,17,0,10,10,6,4,0,0,1,0,0,0,0,2,1,1,1,1,59,9,4910,2,3,VALTRA MODEL MISSING,7,-1,0,-1
2021031028877,2021,031028877,1,17,0,18,19,1,5,0,0,0,0,0,0,0,1,1,6,6,1,25,5,-1,2,1,VALTRA MODEL MISSING,-1,-1,0,-1
2021421093380,2021,421093380,1,17,4,7,7,2,4,0,0,0,0,0,0,0,3,1,1,1,1,23,5,7400,2,4,VALTRA MODEL MISSING,7,E01030200,0,-1
2021101075563,2021,101075563,1,17,4,15,15,1,5,0,0,0,0,0,0,0,0,1,1,1,1,46,8,4910,2,2,VALTRA MODEL MISSING,3,E01027512,0,-1
2021991031254,2021,991031254,2,17,4,18,19,5,3,0,0,1,0,0,0,0,2,1,1,1,1,23,5,-1,2,13,VALTRA MODEL MISSING,4,-1,0,-1
2021991102326,2021,991102326,1,17,0,5,5,7,3,0,0,6,0,0,0,0,1,1,1,1,1,57,9,-1,2,5,VALTRA MODEL MISSING,-1,-1,0,-1
2021122100223,2021,122100223,1,17,0,17,19,7,3,0,0,0,0,10,7,7,1,1,1,1,1,32,6,-1,2,8,VALTRA MODEL MISSING,8,E01033185,0,-1
202131D021921,2021,31D021921,1,17,4,7,7,8,2,0,0,6,0,0,0,0,3,1,1,1,1,62,9,7365,2,3,VALTRA MODEL MISSING,9,E01028421,0,-1
2021552100643,2021,552100643,1,17,4,18,19,5,1,0,0,0,5,0,0,0,0,1,1,1,1,22,5,7365,2,3,VALTRA MODEL MISSING,6,E01020488,0,-1
2021421032723,2021,421032723,1,9,0,18,19,3,6,0,0,1,0,0,0,0,1,1,6,6,1,48,8,1984,1,4,VOLKSWAGEN ARTEON,9,E01021692,0,-1
2021010299762,2021,010299762,1,9,0,7,7,1,3,0,0,1,0,0,2,10,1,1,1,1,2,29,6,1968,2,1,VOLKSWAGEN ARTEON,-1,-1,0,-1
2021522102601,2021,522102601,2,9,0,18,19,5,1,0,0,8,0,0,1,10,1,1,6,6,1,20,4,1968,2,0,VOLKSWAGEN ARTEON,8,E01014981,0,-1
2021010349394,2021,010349394,1,9,0,11,11,5,1,0,0,0,0,0,0,0,4,1,1,1,2,54,8,1968,2,1,VOLKSWAGEN ARTEON,8,E01000426,0,-1
2021471032475,2021,471032475,1,9,0,9,9,4,6,0,0,5,0,0,0,0,1,1,5,6,1,22,5,1984,1,1,VOLKSWAGEN ARTEON,2,E01021183,0,-1
2021211031936,2021,211031936,2,9,0,18,19,5,1,0,0,1,0,0,0,0,3,1,6,6,1,38,7,1984,1,2,VOLKSWAGEN ARTEON,10,E01010387,0,-1
2021010288279,2021,010288279,2,9,0,18,19,5,1,0,0,6,0,0,0,0,1,1,6,6,1,24,5,1968,2,2,VOLKSWAGEN ARTEON,2,E01000049,0,-1
2021231090625,2021,231090625,3,9,0,18,19,8,4,0,0,0,1,0,1,0,3,1,5,6,1,37,7,1984,1,3,VOLKSWAGEN ARTEON,10,E01026926,0,-1
2021041100385,2021,041100385,2,9,0,2,2,1,5,9,9,0,0,0,0,0,2,1,6,6,3,-1,-1,1968,2,3,VOLKSWAGEN ARTEON,-1,-1,0,-1
2021161104005,2021,161104005,3,9,0,18,19,8,3,0,0,1,0,0,0,0,0,1,5,6,1,64,9,1968,2,2,VOLKSWAGEN ARTEON,5,E01013274,0,-1
2021991081798,2021,991081798,1,9,0,16,19,1,3,0,0,4,0,0,3,0,1,1,5,6,1,66,10,1498,1,2,VOLKSWAGEN ARTEON,3,-1,0,-1
2021010324901,2021,010324901,1,3,0,99,99,9,9,99,99,9,9,99,9,99,9,1,6,6,3,34,6,125,1,7,YAMAHA XC,1,E01002034,0,-1
2021131068734,2021,131068734,1,3,0,13,13,4,8,0,0,8,2,0,0,0,1,1,6,6,1,26,6,124,1,12,YAMAHA XC,3,E01011212,0,-1
2021520102594,2021,520102594,2,2,0,11,11,3,1,0,0,8,0,0,0,0,1,1,6,6,1,36,7,124,1,11,YAMAHA XC,5,E01029094,0,-1
2021010293291,2021,010293291,2,3,0,18,19,3,7,0,0,8,0,0,0,0,1,1,2,2,1,35,6,124,1,9,YAMAHA XC,2,E01000087,0,-1
202131C125521,2021,31C125521,1,3,0,7,7,4,6,0,0,5,0,0,0,0,3,1,1,1,1,36,7,124,1,9,YAMAHA XC,7,E01028405,0,-1
2021010322350,2021,010322350,1,3,0,18,19,5,1,0,0,1,1,0,0,0,1,1,6,6,1,23,5,125,1,7,YAMAHA XC,2,E01002356,0,-1
2021010327442,2021,010327442,2,3,0,18,19,3,7,0,0,0,0,0,0,0,1,1,2,2,1,61,9,124,1,9,YAMAHA XC,6,E01002955,0,-1
2021101018847,2021,101018847,1,3,0,18,19,1,5,0,0,0,0,0,0,0,1,1,5,6,1,17,4,124,1,8,YAMAHA XC,1,E01008837,0,-1
2021522102395,2021,522102395,2,3,0,18,19,5,1,0,0,0,0,0,0,0,1,1,6,6,1,20,4,125,1,5,YAMAHA XC,5,E01014886,0,-1
2021010294342,2021,010294342,1,3,0,99,99,9,9,99,99,9,9,99,9,99,1,1,6,6,1,24,5,114,1,7,YAMAHA XC,1,E01001813,0,-1
2021010335807,2021,010335807,2,3,0,13,13,1,5,0,0,1,0,0,0,0,1,1,6,6,1,33,6,115,1,5,YAMAHA XC,2,E01002002,0,-1
2021010332887,2021,010332887,1,3,0,17,19,5,1,0,0,1,0,0,1,0,1,1,2,2,1,49,8,124,1,12,YAMAHA XC,3,E01002085,0,-1
2021010311103,2021,010311103,1,4,0,4,4,1,5,6,6,1,0,0,0,0,1,1,6,6,1,30,6,124,1,12,YAMAHA XC,4,E01029949,0,-1
2021010315095,2021,010315095,1,3,0,18,19,1,5,0,0,1,0,0,0,0,1,1,1,1,1,52,8,114,1,7,YAMAHA XC,3,E01003035,0,-1
2021010323158,2021,010323158,2,2,0,18,19,5,1,0,0,1,0,0,0,0,4,1,1,1,1,38,7,114,1,8,YAMAHA XC,-1,-1,0,-1
2021010323019,2021,010323019,1,3,0,18,19,5,1,0,0,1,0,0,0,0,1,1,1,1,1,24,5,115,1,6,YAMAHA XC,1,E01004309,0,-1
2021010295979,2021,010295979,1,3,0,18,19,5,1,99,99,0,9,99,0,0,9,1,6,6,1,16,4,124,1,11,YAMAHA XC,4,E01003354,0,-1
2021010313344,2021,010313344,1,3,0,15,15,1,5,2,2,1,0,0,0,0,1,1,6,6,2,17,4,124,1,11,YAMAHA XC,4,E01003354,0,-1
2021461070935,2021,461070935,2,4,0,18,19,1,5,0,0,0,1,0,0,0,1,1,1,1,1,29,6,124,1,12,YAMAHA XC,1,E01024257,0,-1
2021201106414,2021,201106414,1,3,0,13,13,6,2,0,0,8,0,0,0,0,1,1,2,2,1,34,6,115,1,4,YAMAHA XC,3,E01010396,0,-1
2021010303573,2021,010303573,1,3,0,18,19,3,7,0,0,0,0,0,0,0,3,1,2,2,1,32,6,114,1,8,YAMAHA XC,5,E01002682,0,-1
2021010311921,2021,010311921,1,4,0,13,13,1,1,0,0,2,0,0,0,0,1,1,1,1,1,26,6,124,1,10,YAMAHA XC,4,E01002398,0,-1
2021010290420,2021,010290420,1,3,0,13,13,6,2,0,0,9,9,0,0,0,1,1,6,6,1,25,5,124,1,11,YAMAHA XC,5,E01003084,0,-1
2021010347275,2021,010347275,1,2,0,18,19,6,2,0,0,2,0,0,0,0,1,1,6,6,1,35,6,124,1,11,YAMAHA XC,6,E01001065,0,-1
2021552101078,2021,552101078,1,3,0,18,19,8,4,0,0,0,0,0,0,0,0,1,2,2,1,18,4,124,1,12,YAMAHA XC,2,E01020347,0,-1
2021010300872,2021,010300872,1,3,0,15,15,1,5,0,0,8,0,0,0,0,3,1,1,1,1,33,6,124,1,11,YAMAHA XC,-1,-1,0,-1
2021010317892,2021,010317892,1,3,0,18,19,1,5,0,0,8,0,0,0,0,0,1,6,6,1,18,4,124,1,12,YAMAHA XC,3,E01004563,0,-1
2021010294822,2021,010294822,1,3,0,99,99,9,9,99,99,9,9,99,9,99,1,1,2,2,1,44,7,124,1,10,YAMAHA XC,1,E01033585,0,-1
2021010347111,2021,010347111,1,3,0,99,99,9,9,99,99,9,9,99,9,99,9,1,1,1,1,36,7,115,1,5,YAMAHA XC,1,E01001220,0,-1
2021010338699,2021,010338699,1,3,0,99,99,9,9,99,99,9,9,99,9,99,9,1,1,1,1,36,7,124,1,11,YAMAHA XC,7,E01003682,0,-1
2021522105184,2021,522105184,1,3,0,9,9,7,5,0,0,5,0,0,0,0,3,1,2,2,2,57,9,115,1,6,YAMAHA XC,4,E01014496,0,-1
2021010316848,2021,010316848,1,3,0,13,13,3,7,0,0,1,1,0,0,0,1,1,1,1,1,39,7,115,1,5,YAMAHA XC,2,E01001833,0,-1
2021010314618,2021,010314618,1,3,0,99,99,9,9,99,99,9,9,99,9,99,9,1,6,6,2,27,6,124,1,10,YAMAHA XC,7,E01003287,0,-1
2021010340912,2021,010340912,1,3,0,99,99,9,9,99,99,9,9,99,9,99,9,1,6,6,2,32,6,115,1,6,YAMAHA XC,7,E01004138,0,-1