collision_index,collision_year,collision_ref_no,vehicle_reference,vehicle_type,towing_and_articulation,vehicle_manoeuvre_historic,vehicle_manoeuvre,vehicle_direction_from,vehicle_direction_to,vehicle_location_restricted_lane_historic,vehicle_location_restricted_lane,junction_location,skidding_and_overturning,hit_object_in_carriageway,vehicle_leaving_carriageway,hit_object_off_carriageway,first_point_of_impact,vehicle_left_hand_drive,journey_purpose_of_driver_historic,journey_purpose_of_driver,sex_of_driver,age_of_driver,age_band_of_driver,engine_capacity_cc,propulsion_code,age_of_vehicle,generic_make_model,driver_imd_decile,lsoa_of_driver,escooter_flag,driver_distance_banding
2021010309196,2021,010309196,1,3,0,99,99,9,9,99,99,0,0,99,9,99,2,1,6,6,2,17,4,115,1,5,YAMAHA XC,2,E01001477,0,-1
2021010308641,2021,010308641,2,3,0,12,12,5,1,0,0,0,0,0,0,0,1,1,1,1,1,44,7,115,1,6,YAMAHA XC,8,E01004135,0,-1
2021461118656,2021,461118656,1,4,0,13,13,7,3,0,0,1,0,0,0,0,1,1,6,6,1,58,9,124,1,11,YAMAHA XC,1,E01024659,0,-1
2021010287741,2021,010287741,1,3,0,4,4,2,6,0,0,2,0,0,0,0,2,1,1,1,1,42,7,125,1,5,YAMAHA XC,4,E01003494,0,-1
2021501111594,2021,501111594,2,3,0,16,19,3,7,0,0,1,0,0,0,0,4,1,5,6,1,17,4,124,1,10,YAMAHA XC,6,E01015109,0,-1
2021430542166,2021,430542166,2,3,0,18,19,4,8,0,0,8,0,0,0,0,1,1,1,1,1,33,6,124,1,9,YAMAHA XC,9,E01016424,0,-1
2021010302475,2021,010302475,1,3,0,16,19,3,7,0,0,1,1,4,0,0,1,1,6,6,1,18,4,124,1,13,YAMAHA XC,2,E01003633,0,-1
2021010296064,2021,010296064,1,3,0,18,19,3,7,0,0,8,2,0,0,0,1,1,1,1,1,27,6,115,1,4,YAMAHA XC,3,E01003537,0,-1
2021010289024,2021,010289024,2,2,0,12,12,5,1,0,0,8,5,0,0,0,4,1,1,1,1,33,6,124,1,11,YAMAHA XC,4,E01003568,0,-1
2021221129779,2021,221129779,2,2,0,18,19,8,4,0,0,8,0,0,0,0,1,1,5,6,2,67,10,124,1,9,YAMAHA XC,6,E01032288,0,-1
2021010297215,2021,010297215,1,3,0,5,5,1,5,0,0,0,0,0,0,0,1,1,6,6,1,22,5,124,1,11,YAMAHA XC,-1,-1,0,-1
2021010321127,2021,010321127,2,3,0,18,19,5,1,0,0,8,0,0,0,0,1,1,6,6,1,29,6,115,1,4,YAMAHA XC,2,E01000556,0,-1
2021010297838,2021,010297838,1,3,0,99,99,9,9,99,99,9,9,99,9,99,1,1,6,6,1,32,6,124,1,8,YAMAHA XC,3,E01002079,0,-1
20211382F1580,2021,1382F1580,2,3,0,18,19,8,4,0,0,1,0,0,0,0,1,1,1,1,1,23,5,124,1,9,YAMAHA XC,1,E01011626,0,-1
2021401095193,2021,401095193,1,3,0,18,19,5,6,0,0,1,2,0,0,0,3,1,6,6,2,18,4,124,1,11,YAMAHA XC,3,E01017400,0,-1
2021991074472,2021,991074472,1,3,0,4,4,3,7,0,0,0,1,0,0,0,1,1,1,1,1,47,8,124,1,12,YAMAHA XC,1,-1,0,-1
2021440016177,2021,440016177,2,2,0,18,19,5,1,0,0,8,0,0,0,0,1,1,6,6,1,52,8,124,1,12,YAMAHA XC,2,E01017328,0,-1
2021421026792,2021,421026792,1,3,0,13,13,1,5,0,0,1,5,0,0,0,1,1,6,6,1,29,6,114,1,7,YAMAHA XC,2,E01015954,0,-1
2021010295169,2021,010295169,1,3,0,99,99,9,9,99,99,9,9,99,9,99,2,1,2,2,1,26,6,114,1,8,YAMAHA XC,4,E01004416,0,-1
2021010312314,2021,010312314,1,3,0,18,19,3,7,0,0,1,0,0,0,0,1,1,6,6,3,-1,-1,124,1,8,YAMAHA XC,-1,-1,0,-1
2021522101781,2021,522101781,2,3,0,18,19,2,6,0,0,1,0,0,0,0,1,1,6,6,2,33,6,124,1,12,YAMAHA XC,1,E01033358,0,-1
2021010320096,2021,010320096,1,3,0,18,19,5,1,0,0,0,0,0,0,0,1,1,6,6,1,30,6,124,1,9,YAMAHA XC,6,E01003469,0,-1
2021010293953,2021,010293953,1,3,0,9,9,5,3,0,0,8,5,0,0,0,3,1,6,6,1,27,6,124,1,11,YAMAHA XC,5,E01004169,0,-1
2021430413411,2021,430413411,2,2,0,9,9,2,8,0,0,6,0,0,0,0,1,1,1,1,1,27,6,125,1,6,YAMAHA XC,4,E01017905,0,-1
2021010328526,2021,010328526,1,4,0,13,13,5,1,0,0,0,0,0,0,0,1,1,1,1,1,38,7,125,1,8,YAMAHA XC,5,E01000855,0,-1
2021101069390,2021,101069390,2,2,0,-1,-1,-1,-1,-1,-1,-1,-1,-1,-1,0,-1,1,6,6,1,26,6,124,1,11,YAMAHA XC,1,E01020880,0,-1
2021010300287,2021,010300287,1,3,0,99,99,9,9,99,99,9,9,99,9,99,9,1,6,6,1,27,6,115,1,5,YAMAHA XC,4,E01004462,0,-1
2021501033688,2021,501033688,1,3,0,18,19,1,5,0,0,1,0,10,0,0,1,1,6,6,1,37,7,114,1,8,YAMAHA XC,2,E01015170,0,-1
2021522103919,2021,522103919,1,4,0,18,19,7,3,0,0,0,1,0,0,0,4,1,6,6,2,33,6,124,1,10,YAMAHA XC,5,E01014925,0,-1
2021430171081,2021,430171081,1,3,0,9,9,6,5,0,0,8,0,0,0,0,1,1,6,6,2,29,6,124,1,13,YAMAHA XC,7,E01028562,0,-1
202131C051421,2021,31C051421,1,3,0,18,19,4,8,0,0,8,0,0,0,0,1,1,1,1,1,20,4,124,1,10,YAMAHA XC,1,E01013812,0,-1
2021010316351,2021,010316351,1,3,0,99,99,9,9,99,99,9,9,99,9,99,9,1,2,2,1,20,4,124,1,8,YAMAHA XC,1,E01003291,0,-1
2021010310297,2021,010310297,1,3,0,18,19,5,1,0,0,0,0,4,0,0,1,1,6,6,1,25,5,114,1,7,YAMAHA XC,3,E01003405,0,-1
2021122100414,2021,122100414,1,2,0,7,7,3,5,0,0,1,0,0,0,0,3,1,1,1,1,51,8,115,1,5,YAMAHA XC,7,E01013400,0,-1
2021010352467,2021,010352467,2,3,0,7,7,7,1,0,0,2,0,0,0,0,2,1,1,1,1,30,6,115,1,6,YAMAHA XC,3,E01000872,0,-1
202134WNC2731,2021,34WNC2731,1,3,0,13,13,1,5,0,0,2,0,0,7,0,1,1,6,6,1,19,4,124,1,12,YAMAHA XC,5,E01027158,0,-1
2021010328830,2021,010328830,2,3,0,7,7,5,7,0,0,5,0,0,0,0,2,1,6,6,1,48,8,124,1,10,YAMAHA XC,3,E01003145,0,-1
2021010310240,2021,010310240,1,3,0,13,13,7,3,0,0,0,0,0,7,0,4,1,2,2,1,27,6,124,1,12,YAMAHA XC,3,E01002100,0,-1
2021010349117,2021,010349117,1,3,0,15,15,1,5,0,0,1,0,0,0,0,1,1,2,2,2,30,6,124,1,8,YAMAHA XC,2,E01000789,0,-1
2021501051269,2021,501051269,2,3,0,18,19,5,1,0,0,1,0,0,1,0,1,1,2,2,1,23,5,114,1,7,YAMAHA XC,2,E01015181,0,-1
2021010315762,2021,010315762,1,3,0,18,19,7,3,0,0,1,0,0,0,0,1,1,6,6,1,53,8,124,1,8,YAMAHA XC,3,E01004540,0,-1
2021481092282,2021,481092282,2,3,0,3,3,3,7,0,0,0,0,0,0,0,1,1,2,2,1,41,7,124,1,12,YAMAHA XC,2,E01003288,0,-1
2021231113258,2021,231113258,2,3,0,18,19,3,7,0,0,8,0,0,0,0,1,1,5,6,1,17,4,124,1,7,YAMAHA XC,10,E01031259,0,-1
2021010334090,2021,010334090,1,3,0,99,99,9,9,99,99,9,9,99,9,99,9,1,6,6,1,33,6,124,1,8,YAMAHA XC,3,E01002104,0,-1
2021010315981,2021,010315981,1,3,0,99,99,9,9,99,99,9,9,99,9,99,1,1,6,6,1,29,6,124,1,11,YAMAHA XC,3,E01001267,0,-1
2021320138706,2021,320138706,2,3,0,18,19,1,5,0,0,1,5,0,0,0,1,1,1,1,1,61,9,124,1,12,YAMAHA XC,4,E01026132,0,-1
2021010306827,2021,010306827,1,3,0,7,7,1,3,0,0,3,0,0,0,0,4,1,6,6,1,36,7,124,1,7,YAMAHA XC,4,E01000497,0,-1
2021471080068,2021,471080068,1,3,0,18,19,2,6,0,0,0,0,0,0,0,3,1,1,1,1,27,6,114,1,7,YAMAHA XC,8,E01032835,0,-1
2021010322056,2021,010322056,1,3,0,3,3,3,7,0,0,1,0,0,0,0,2,1,6,6,1,39,7,114,1,6,YAMAHA XC,3,E01002542,0,-1
2021010341535,2021,010341535,1,3,0,18,19,7,3,0,0,8,0,0,0,0,3,1,1,1,2,20,4,124,1,10,YAMAHA XC,3,E01033464,0,-1
2021010346452,2021,010346452,2,3,0,18,19,1,5,0,0,1,5,0,0,0,1,1,6,6,1,42,7,114,1,7,YAMAHA XC,2,E01004365,0,-1
2021361025914,2021,361025914,2,3,0,18,19,6,2,0,0,1,0,0,0,0,1,1,6,6,1,80,11,124,1,12,YAMAHA XC,6,E01026761,0,-1
2021501104961,2021,501104961,2,3,0,2,2,5,3,0,0,1,0,0,0,0,3,1,1,1,1,37,7,124,1,8,YAMAHA XC,10,E01019905,0,-1
2021440286195,2021,440286195,1,3,0,18,19,2,6,0,0,1,0,0,0,0,0,1,6,6,1,31,6,125,1,5,YAMAHA XC,10,E01023266,0,-1
2021052101920,2021,052101920,2,9,0,10,10,7,5,0,0,8,0,0,0,0,1,1,6,6,1,50,8,2143,2,0,-1,-1,-1,0,-1
2021201137527,2021,201137527,2,9,0,18,19,2,6,0,0,8,0,0,0,0,1,1,6,6,1,43,7,1995,1,0,-1,4,E01029820,0,-1
2021371091166,2021,371091166,2,9,0,18,19,5,1,0,0,8,0,0,0,0,1,1,5,6,1,50,8,1995,1,0,-1,8,E01000254,0,-1
2021061076687,2021,061076687,1,9,0,7,7,4,6,0,0,1,0,0,0,0,4,1,5,6,2,54,8,2891,1,2,-1,7,E01004775,0,-1
2021010293721,2021,010293721,3,9,0,99,99,9,9,99,99,9,9,99,9,99,2,9,6,6,1,-1,-1,2143,2,2,-1,5,E01000982,0,-1
2021122100840,2021,122100840,2,9,0,18,19,1,5,0,0,8,0,0,1,10,1,1,6,6,1,50,8,2891,1,0,-1,6,E01027601,0,-1
2021991101964,2021,991101964,1,9,0,18,19,5,1,0,0,0,0,0,1,0,1,1,5,6,1,77,11,2143,2,4,-1,-1,-1,0,-1
2021302102029,2021,302102029,1,9,0,4,4,3,7,0,0,0,0,0,0,0,2,1,6,6,2,57,9,2143,2,3,-1,7,E01019814,0,-1
2021052102868,2021,052102868,1,9,0,9,9,3,7,0,0,8,0,0,0,0,4,1,2,2,1,36,7,-1,3,0,-1,9,E01018571,0,-1
2021161093939,2021,161093939,1,9,0,9,9,8,7,0,0,5,0,0,7,10,3,1,5,6,2,36,7,-1,3,0,-1,-1,-1,0,-1
2021430494248,2021,430494248,2,9,0,18,19,7,3,0,0,2,0,0,0,0,4,1,2,2,2,37,7,1995,12,0,BMW X3,9,E01028648,0,-1
202131C000121,2021,31C000121,1,9,0,18,19,1,5,0,0,6,1,4,0,0,3,1,6,6,2,53,8,1995,2,11,BMW X3,1,E01013839,0,-1
2021061122400,2021,061122400,1,9,0,18,19,3,7,9,9,8,0,0,1,11,1,1,6,6,1,53,8,2993,1,1,BMW X3,5,E01005446,0,-1
2021131086267,2021,131086267,1,9,0,3,3,4,8,0,0,1,0,0,0,0,2,1,5,6,1,57,9,1995,2,9,BMW X3,1,E01011337,0,-1
2021461118169,2021,461118169,2,9,0,3,3,1,2,0,0,2,0,0,0,0,2,1,6,6,1,34,6,1995,12,0,BMW X3,-1,-1,0,-1
2021991068571,2021,991068571,1,9,0,17,19,8,5,0,0,0,2,0,8,11,1,1,6,6,1,33,6,2979,1,17,BMW X3,5,-1,0,-1
2021610050921,2021,610050921,1,9,0,7,7,7,1,0,0,8,0,0,0,0,3,1,6,6,2,41,7,1995,2,16,BMW X3,2,W01001526,0,-1
2021471056451,2021,471056451,1,9,0,9,9,3,1,0,0,5,0,0,0,0,1,1,1,1,1,77,11,1995,2,13,BMW X3,6,E01016935,0,-1
2021010345261,2021,010345261,2,9,0,18,19,3,7,0,0,2,0,0,0,0,1,1,6,6,2,41,7,1998,1,2,BMW X3,1,E01004407,0,-1
2021201125370,2021,201125370,2,9,0,18,19,6,2,0,0,2,1,0,0,0,1,1,6,6,2,45,7,1995,2,8,BMW X3,7,E01032122,0,-1
2021549931421,2021,549931421,2,9,0,18,19,8,4,0,0,1,0,0,0,0,3,1,6,6,1,42,7,1995,2,7,BMW X3,6,E01032076,0,-1
2021041100823,2021,041100823,1,9,0,18,19,4,8,0,0,6,0,0,1,0,3,1,3,7,2,37,7,1995,2,8,BMW X3,8,E01025052,0,-1
2021461075273,2021,461075273,1,9,0,16,19,3,7,0,0,8,1,0,0,0,1,1,6,6,1,-1,-1,1995,2,16,BMW X3,-1,-1,0,-1
2021101053797,2021,101053797,1,9,0,1,1,8,4,0,0,1,0,0,0,0,2,1,5,6,1,34,6,1995,2,4,BMW X3,3,E01008258,0,-1
2021041081554,2021,041081554,1,9,0,18,19,5,1,0,0,0,0,0,0,0,1,1,5,6,1,68,10,1995,2,6,BMW X3,10,E01006079,0,-1
2021010323562,2021,010323562,1,9,0,8,8,6,1,0,0,6,0,0,0,0,3,1,2,2,2,40,7,1995,2,2,BMW X3,8,E01000540,0,-1
2021201117697,2021,201117697,3,9,0,18,19,8,4,0,0,2,0,0,0,0,1,1,6,6,2,35,6,2000,2,11,BMW X3,3,E01013828,0,-1
2021461033689,2021,461033689,2,9,0,17,19,4,8,0,0,0,0,0,0,0,4,1,6,6,1,40,7,2993,2,6,BMW X3,2,E01001947,0,-1
2021010322405,2021,010322405,1,9,0,99,99,9,9,0,0,0,0,99,0,0,9,9,6,6,3,-1,-1,2993,2,4,BMW X3,-1,-1,0,-1
2021471046186,2021,471046186,6,9,0,2,2,0,0,0,0,2,0,0,0,0,2,1,6,6,3,-1,-1,1995,2,10,BMW X3,-1,-1,0,-1
2021991066207,2021,991066207,2,9,0,1,1,8,5,0,0,0,0,0,0,0,2,1,3,7,2,40,7,2993,2,5,BMW X3,8,-1,0,-1
2021430575560,2021,430575560,1,9,5,5,5,5,1,0,0,2,0,0,0,0,4,1,6,6,1,58,9,2993,2,2,BMW X3,9,E01016600,0,-1
2021122100651,2021,122100651,2,9,0,18,19,5,1,0,0,0,0,0,0,0,2,1,6,6,1,55,8,2993,2,9,BMW X3,4,E01012356,0,-1
2021522103934,2021,522103934,1,9,0,4,4,5,1,0,0,0,0,0,0,0,2,1,6,6,1,65,9,1995,12,0,BMW X3,4,W01001424,0,-1
2021010334997,2021,010334997,2,9,0,99,99,9,9,99,99,9,9,99,9,99,9,9,6,6,3,-1,-1,1995,2,8,BMW X3,7,E01001890,0,-1
2021411035518,2021,411035518,2,9,0,18,19,3,7,0,0,1,0,0,0,0,1,1,2,2,1,55,8,2979,1,17,BMW X3,10,E01023667,0,-1
2021041086700,2021,041086700,1,9,0,17,19,5,1,0,0,2,0,0,0,0,3,1,5,6,1,75,10,2993,1,2,BMW X3,6,E01025351,0,-1
2021231111101,2021,231111101,2,9,0,4,4,4,8,0,0,1,0,0,0,0,1,1,5,6,1,58,9,1995,2,5,BMW X3,10,E01027086,0,-1
2021991018283,2021,991018283,2,9,0,18,19,6,2,0,0,0,1,0,0,0,1,1,2,2,1,39,7,2993,2,2,BMW X3,7,-1,0,-1
2021010323314,2021,010323314,1,9,0,18,19,1,5,0,0,0,0,4,0,0,2,1,6,6,2,31,6,1995,2,4,BMW X3,3,E01003520,0,-1
2021451117599,2021,451117599,2,9,0,11,11,3,7,0,0,0,0,0,0,0,4,1,5,6,2,49,8,1995,2,7,BMW X3,10,E01030796,0,-1
2021010292386,2021,010292386,1,9,0,9,9,7,5,0,0,6,0,0,0,0,1,1,6,6,1,66,10,1995,2,2,BMW X3,2,E01002077,0,-1
2021461033545,2021,461033545,2,9,0,18,19,7,3,0,0,0,0,0,0,0,2,1,6,6,2,42,7,1995,2,7,BMW X3,9,E01023993,0,-1
2021031085587,2021,031085587,2,9,0,18,19,8,3,0,0,1,0,0,0,0,4,1,6,6,1,47,8,2494,1,16,BMW X3,3,E01019184,0,-1
2021430199145,2021,430199145,2,9,0,18,19,8,4,0,0,1,0,0,0,0,1,1,6,6,1,-1,-1,1995,2,3,BMW X3,-1,-1,0,-1
2021430270981,2021,430270981,1,9,0,3,3,8,4,0,0,0,0,0,0,0,2,1,6,6,1,33,6,1998,1,0,BMW X3,8,E01032725,0,-1
2021201129405,2021,201129405,1,9,0,5,5,2,6,0,0,1,0,0,0,0,1,1,6,6,3,-1,-1,2979,1,17,BMW X3,-1,-1,0,-1
2021401097618,2021,401097618,3,9,0,18,19,7,3,0,0,0,0,0,0,0,0,1,4,7,1,27,6,1995,2,2,BMW X3,10,E01017374,0,-1
202134NNC6111,2021,34NNC6111,1,9,0,18,19,8,4,0,0,3,0,0,0,0,1,1,2,2,1,37,7,1995,2,12,BMW X3,5,E01027073,0,-1
2021520100044,2021,520100044,3,9,0,18,19,1,5,0,0,0,0,0,0,0,1,1,6,6,1,26,6,1995,2,11,BMW X3,8,E01029282,0,-1
2021440271848,2021,440271848,1,9,0,4,4,8,4,0,0,0,1,0,0,0,1,1,2,2,2,31,6,1995,2,13,BMW X3,10,E01022790,0,-1
2021552100976,2021,552100976,2,9,0,9,9,6,4,0,0,5,0,0,0,0,3,1,6,6,2,54,8,1995,2,15,BMW X3,5,E01022999,0,-1
2021010312807,2021,010312807,2,9,0,7,7,1,3,0,0,6,0,0,0,0,1,1,6,6,3,20,4,2979,1,17,BMW X3,2,E01004263,0,-1
2021201065937,2021,201065937,2,9,0,18,19,7,3,0,0,8,0,0,0,0,1,1,6,6,1,19,4,1995,2,14,BMW X3,2,E01009266,0,-1
2021461126858,2021,461126858,1,9,0,18,19,5,1,0,0,1,0,0,0,0,1,1,6,6,1,55,8,1995,2,3,BMW X3,9,E01024343,0,-1
2021010320287,2021,010320287,1,9,0,9,9,7,6,0,0,1,0,0,0,0,1,1,6,6,2,54,8,1998,8,1,BMW X3,9,E01001926,0,-1
202131A024021,2021,31A024021,2,9,0,18,19,3,7,0,0,0,0,0,0,0,1,1,3,7,1,25,5,1995,2,7,BMW X3,2,E01027958,0,-1
2021061107017,2021,061107017,2,9,0,18,19,7,3,0,0,0,0,0,0,0,4,1,6,6,1,29,6,2993,2,2,BMW X3,8,E01002414,0,-1
2021461042499,2021,461042499,3,9,0,18,19,7,3,0,0,2,0,0,0,0,2,1,5,6,2,57,9,1995,2,5,BMW X3,7,E01024347,0,-1
2021111103987,2021,111103987,1,9,0,18,19,1,5,0,0,0,2,0,0,0,3,1,6,6,1,22,5,1995,2,16,BMW X3,2,E01011954,0,-1
2021501109293,2021,501109293,3,9,0,2,2,0,0,0,0,1,0,0,0,0,2,1,6,6,1,-1,-1,1995,2,13,BMW X3,4,E01020032,0,-1
2021010321054,2021,010321054,1,9,0,99,99,9,9,99,99,9,9,99,9,99,9,1,6,6,2,35,6,1995,2,7,BMW X3,3,E01002909,0,-1
2021010316746,2021,010316746,2,9,0,2,2,0,0,9,9,0,0,0,0,0,0,1,6,6,3,-1,-1,2497,2,14,BMW X3,-1,-1,0,-1
2021461088329,2021,461088329,1,9,0,18,19,1,5,0,0,0,0,0,0,0,1,1,5,6,2,30,6,1995,2,6,BMW X3,9,E01032821,0,-1
2021161110843,2021,161110843,1,9,0,18,19,7,2,0,0,0,0,0,0,0,1,1,5,6,1,76,11,1995,2,8,BMW X3,2,E01019646,0,-1
2021371031001,2021,371031001,1,9,0,15,15,7,3,0,0,1,0,0,0,0,3,1,5,6,2,43,7,2993,2,6,BMW X3,7,E01030007,0,-1
2021440443228,2021,440443228,1,9,0,11,11,6,2,0,0,0,0,0,0,0,1,1,2,2,1,47,8,2993,2,16,BMW X3,8,E01022515,0,-1
2021440447704,2021,440447704,1,9,0,8,8,6,2,0,0,1,0,0,0,0,2,1,6,6,2,35,6,1995,12,0,BMW X3,8,E01022532,0,-1
2021461063008,2021,461063008,2,9,4,3,3,2,6,0,0,0,0,0,0,0,2,1,6,6,1,64,9,1995,2,6,BMW X3,5,E01024122,0,-1
2021221121747,2021,221121747,1,9,0,18,19,5,1,0,0,8,0,0,0,0,1,1,6,6,1,34,6,1995,2,15,BMW X3,-1,-1,0,-1
2021411029831,2021,411029831,1,9,0,12,12,7,4,0,0,8,0,0,0,0,3,1,6,6,3,-1,-1,2979,1,16,BMW X3,-1,-1,0,-1
2021010288769,2021,010288769,1,9,0,9,9,6,4,0,0,5,0,0,0,0,1,1,6,6,2,48,8,1995,2,4,BMW X3,9,E01003802,0,-1
2021451058297,2021,451058297,1,9,0,18,19,6,2,0,0,0,0,0,0,0,2,1,1,1,2,46,8,1995,2,10,BMW X3,6,E01017827,0,-1
2021440209085,2021,440209085,2,9,0,18,19,2,6,0,0,8,0,0,0,0,0,1,6,6,1,32,6,1995,2,9,BMW X3,8,E01022780,0,-1
2021010344300,2021,010344300,2,9,0,99,99,9,9,0,0,8,0,0,0,0,4,9,6,6,1,34,6,1995,2,4,BMW X3,-1,-1,0,-1
2021041078402,2021,041078402,2,9,0,9,9,5,7,0,0,1,0,0,0,0,1,1,6,6,1,29,6,1995,2,2,BMW X3,1,E01025171,0,-1
2021101034836,2021,101034836,2,9,0,18,19,6,2,0,0,0,0,0,0,0,2,1,5,6,2,60,9,1995,2,8,BMW X3,7,E01008876,0,-1
2021010315712,2021,010315712,1,9,0,5,5,3,7,0,0,3,0,0,1,0,3,1,2,2,2,42,7,1995,2,9,BMW X3,10,E01002961,0,-1
2021010322370,2021,010322370,1,9,0,3,3,3,7,0,0,0,0,0,0,0,2,1,6,6,1,40,7,2993,2,8,BMW X3,2,E01017618,0,-1
2021010314020,2021,010314020,3,9,9,99,99,9,9,99,99,9,9,99,9,99,9,9,6,6,3,-1,-1,1995,2,5,BMW X3,-1,-1,0,-1
2021010313608,2021,010313608,2,9,0,10,10,1,6,0,0,1,0,0,0,0,1,1,6,6,2,36,7,1995,2,9,BMW X3,8,E01003710,0,-1
2021451024481,2021,451024481,2,9,0,18,19,5,1,0,0,1,0,0,7,11,1,1,5,6,1,48,8,2998,8,0,BMW X3,8,E01030595,0,-1
2021201034102,2021,201034102,1,9,0,1,1,-1,-1,0,0,0,0,0,0,0,2,1,6,6,1,37,7,1995,2,3,BMW X3,10,E01010190,0,-1
2021010316926,2021,010316926,2,9,0,99,99,9,9,99,99,9,9,99,9,99,2,9,6,6,3,63,9,2993,2,3,BMW X3,1,E01002904,0,-1
2021991014271,2021,991014271,1,9,0,16,19,3,6,0,0,0,1,0,0,0,1,1,6,6,2,32,6,2993,2,5,BMW X3,6,-1,0,-1
2021010299975,2021,010299975,2,9,0,18,19,7,3,0,0,1,0,0,0,0,1,1,6,6,1,47,8,2494,1,17,BMW X3,3,E01004575,0,-1
2021430181706,2021,430181706,1,9,0,16,19,8,3,0,0,0,0,0,0,0,1,1,2,2,1,38,7,1995,2,5,BMW X3,8,E01032725,0,-1
2021201111626,2021,201111626,2,9,0,3,3,6,2,0,0,1,0,0,0,0,4,1,5,6,1,65,9,1995,2,2,BMW X3,9,E01008516,0,-1
2021430530759,2021,430530759,1,9,0,5,5,8,4,0,0,1,0,0,0,0,2,1,6,6,2,35,6,1995,2,10,BMW X3,10,E01016551,0,-1
2021141021307,2021,141021307,1,9,0,2,2,5,1,0,0,0,0,0,0,0,2,1,1,1,1,36,7,1995,2,16,BMW X3,3,E01011343,0,-1
2021430127143,2021,430127143,1,9,0,14,14,8,5,0,0,2,0,0,0,0,1,1,6,6,2,48,8,1995,2,9,BMW X3,10,E01032727,0,-1
2021471058886,2021,471058886,1,9,0,5,5,2,5,0,0,4,0,0,0,0,1,1,5,6,1,37,7,1995,2,3,BMW X3,6,E01031792,0,-1
2021070854402,2021,070854402,2,9,0,3,3,5,1,0,0,1,0,0,0,0,2,1,2,2,1,44,7,2494,1,17,BMW X3,-1,-1,0,-1
2021201056214,2021,201056214,1,9,0,4,4,4,8,0,0,0,0,0,0,0,1,1,1,1,1,40,7,1995,12,1,BMW X3,3,E01010237,0,-1
202134WNC5051,2021,34WNC5051,1,9,0,7,7,7,1,0,0,8,0,0,0,0,1,1,2,2,1,42,7,1995,2,16,BMW X3,3,E01027173,0,-1
2021351076589,2021,351076589,2,9,0,2,2,4,8,0,0,0,0,0,0,0,2,1,6,6,3,-1,-1,2494,1,17,BMW X3,-1,-1,0,-1
2021421017777,2021,421017777,2,9,0,10,10,8,5,0,0,8,0,0,0,0,2,1,5,6,2,32,6,1995,2,5,BMW X3,9,E01022099,0,-1
2021041045435,2021,041045435,1,9,0,18,19,5,1,0,0,0,0,0,0,0,1,1,3,7,2,71,10,1995,2,10,BMW X3,8,E01025549,0,-1
2021461094900,2021,461094900,2,9,0,4,4,3,7,0,0,0,0,0,0,0,2,1,6,6,2,50,8,2993,2,4,BMW X3,8,E01024077,0,-1
2021161061866,2021,161061866,1,9,0,18,19,4,8,0,0,1,0,0,0,0,2,1,2,2,2,33,6,1995,2,13,BMW X3,1,E01012841,0,-1
2021231053469,2021,231053469,1,9,0,18,19,4,8,0,0,0,0,0,0,0,1,1,5,6,1,42,7,1995,2,4,BMW X3,10,E01032393,0,-1
202131B073021,2021,31B073021,2,9,0,13,13,8,4,0,0,0,0,0,0,0,4,1,3,7,1,53,8,2993,2,1,BMW X3,6,E01028295,0,-1
2021201081217,2021,201081217,1,9,0,2,2,0,0,0,0,0,0,0,0,0,3,1,6,6,2,-1,-1,2993,2,3,BMW X3,-1,-1,0,-1
2021421070326,2021,421070326,1,9,0,18,19,3,7,0,0,0,5,0,1,0,1,1,6,6,1,53,8,2993,1,2,BMW X3,4,E01021843,0,-1
2021010320829,2021,010320829,1,9,0,5,5,5,1,0,0,2,0,0,0,0,4,1,6,6,1,44,7,2993,2,9,BMW X3,10,E01004157,0,-1
2021471111127,2021,471111127,1,9,0,11,11,7,3,0,0,0,0,0,0,0,1,1,5,6,1,89,11,1995,2,8,BMW X3,10,E01031768,0,-1
2021170M11271,2021,170M11271,1,9,0,18,19,7,3,0,0,8,0,0,0,0,1,1,6,6,1,70,10,1998,1,2,BMW X3,1,E01012092,0,-1
2021451124458,2021,451124458,2,9,0,18,19,4,8,0,0,0,0,0,7,4,1,1,5,6,1,47,8,1995,12,0,BMW X3,8,E01030611,0,-1
2021991054833,2021,991054833,1,9,0,9,9,1,5,0,0,5,0,0,0,0,1,1,2,2,2,19,4,1995,2,4,BMW X3,9,-1,0,-1
2021201046938,2021,201046938,1,9,0,18,19,1,5,0,0,0,0,0,0,0,1,1,3,7,3,49,8,1995,2,7,BMW X3,8,E01009468,0,-1
2021010340283,2021,010340283,2,9,0,5,5,5,1,0,0,0,0,0,0,0,1,1,6,6,1,20,4,2993,2,8,BMW X3,4,E01002551,0,-1
2021351058001,2021,351058001,2,9,0,18,19,3,6,0,0,8,0,0,0,0,1,1,6,6,2,69,10,1995,2,7,BMW X3,10,E01018295,0,-1
2021010294935,2021,010294935,2,9,9,99,99,9,9,99,99,6,9,99,9,99,9,9,6,6,3,-1,-1,1995,2,4,BMW X3,-1,-1,0,-1
2021041108322,2021,041108322,2,9,0,18,19,1,5,0,0,8,0,0,0,0,1,1,5,6,1,34,6,1995,2,11,BMW X3,1,E01012681,0,-1
2021361077622,2021,361077622,2,9,0,9,9,5,1,0,0,8,0,0,0,0,1,1,5,6,1,66,10,2993,2,4,BMW X3,8,E01026929,0,-1