collision_index,collision_year,collision_ref_no,vehicle_reference,vehicle_type,towing_and_articulation,vehicle_manoeuvre_historic,vehicle_manoeuvre,vehicle_direction_from,vehicle_direction_to,vehicle_location_restricted_lane_historic,vehicle_location_restricted_lane,junction_location,skidding_and_overturning,hit_object_in_carriageway,vehicle_leaving_carriageway,hit_object_off_carriageway,first_point_of_impact,vehicle_left_hand_drive,journey_purpose_of_driver_historic,journey_purpose_of_driver,sex_of_driver,age_of_driver,age_band_of_driver,engine_capacity_cc,propulsion_code,age_of_vehicle,generic_make_model,driver_imd_decile,lsoa_of_driver,escooter_flag,driver_distance_banding
2021221051270,2021,221051270,1,9,0,18,19,2,6,0,0,8,1,10,7,0,1,1,1,1,1,45,7,1560,2,8,CITROEN DS3,10,E01014177,0,-1
2021351036926,2021,351036926,1,9,0,18,19,4,8,0,0,8,2,10,2,0,1,1,6,6,1,31,6,1560,2,8,CITROEN DS3,7,E01029937,0,-1
2021010292906,2021,010292906,2,9,0,99,99,9,9,99,99,9,9,99,9,99,1,9,6,6,3,-1,-1,1598,1,9,CITROEN DS3,-1,-1,0,-1
2021221093416,2021,221093416,2,9,0,18,19,1,5,0,0,2,0,0,1,0,2,1,2,2,1,23,5,1560,2,7,CITROEN DS3,7,E01009793,0,-1
20211381C0312,2021,1381C0312,1,9,0,3,3,8,4,0,0,0,0,0,0,0,2,1,6,6,2,73,10,1199,1,7,CITROEN DS3,6,E01010594,0,-1
202163C042721,2021,63C042721,3,9,0,2,2,0,0,0,0,1,0,0,0,0,3,1,6,6,2,50,8,1560,2,10,CITROEN DS3,4,W01000605,0,-1
2021361046840,2021,361046840,1,9,0,3,3,7,3,0,0,0,0,0,0,0,2,1,5,6,2,55,8,1560,2,8,CITROEN DS3,8,E01026531,0,-1
2021471028976,2021,471028976,1,9,0,18,19,1,4,0,0,0,0,0,0,0,1,1,6,6,1,53,8,1598,1,8,CITROEN DS3,5,E01031442,0,-1
2021031015410,2021,031015410,1,9,0,18,19,8,4,0,0,0,1,0,1,0,4,1,5,6,2,20,4,1560,2,7,CITROEN DS3,7,E01019254,0,-1
2021101079632,2021,101079632,1,9,0,3,3,3,7,0,0,1,0,0,0,0,1,1,2,2,2,26,6,1598,1,9,CITROEN DS3,1,E01020749,0,-1
2021501046688,2021,501046688,2,9,0,18,19,3,6,0,0,1,0,0,0,0,1,1,2,2,2,20,4,1598,1,9,CITROEN DS3,5,E01020278,0,-1
2021501074185,2021,501074185,2,9,0,18,19,4,8,0,0,1,0,0,0,0,1,1,2,2,2,23,5,1560,2,8,CITROEN DS3,6,E01015187,0,-1
2021451024481,2021,451024481,1,9,0,18,19,3,7,0,0,6,0,0,0,0,1,1,5,6,2,47,8,1560,2,8,CITROEN DS3,4,E01030634,0,-1
2021041074064,2021,041074064,1,9,0,18,19,7,3,0,0,2,0,0,0,0,1,1,5,6,2,60,9,1598,1,8,CITROEN DS3,3,E01024897,0,-1
2021471099955,2021,471099955,2,9,0,18,19,4,8,0,0,1,0,0,0,0,4,2,5,6,2,21,5,1560,2,6,CITROEN DS3,7,E01021160,0,-1
2021161034104,2021,161034104,2,9,0,4,4,5,8,0,0,0,0,0,0,0,2,1,6,6,2,40,7,1560,2,9,CITROEN DS3,6,E01012793,0,-1
202131C046921,2021,31C046921,2,9,0,9,9,2,8,0,0,6,0,0,0,0,4,1,6,6,2,38,7,1560,2,11,CITROEN DS3,1,E01013839,0,-1
2021101052269,2021,101052269,1,9,0,18,19,7,3,0,0,0,0,0,0,0,1,1,6,6,1,20,4,1560,2,6,CITROEN DS3,-1,-1,0,-1
2021201060856,2021,201060856,1,9,0,18,19,5,1,0,0,1,-1,0,0,0,1,1,6,6,1,23,5,1598,1,9,CITROEN DS3,4,E01029615,0,-1
202131A095121,2021,31A095121,1,9,0,16,19,4,7,0,0,1,0,0,1,7,1,1,2,2,1,30,6,1560,2,7,CITROEN DS3,3,E01027964,0,-1
2021010317910,2021,010317910,1,9,0,99,99,9,9,99,99,0,9,99,9,99,9,9,2,2,2,55,8,1598,1,8,CITROEN DS3,8,E01024434,0,-1
2021501130147,2021,501130147,2,9,0,18,19,7,3,0,0,8,0,0,0,0,1,1,6,6,1,52,8,1598,1,7,CITROEN DS3,6,E01015136,0,-1
2021461121760,2021,461121760,3,9,0,18,19,3,7,0,0,0,0,0,0,0,1,1,6,6,2,54,8,1560,2,8,CITROEN DS3,9,E01024115,0,-1
2021440454874,2021,440454874,1,9,0,18,19,5,8,0,0,8,5,12,1,0,1,1,6,6,2,40,7,1560,2,8,CITROEN DS3,3,E01023205,0,-1
2021320199810,2021,320199810,1,9,0,18,19,4,2,0,0,1,0,0,0,0,1,1,2,2,2,32,6,1560,2,9,CITROEN DS3,4,E01015667,0,-1
2021440228876,2021,440228876,1,9,0,9,9,1,6,0,0,6,0,0,0,0,1,1,6,6,2,78,11,1560,2,7,CITROEN DS3,10,E01022756,0,-1
202134WNC2501,2021,34WNC2501,2,9,0,4,4,7,3,0,0,5,0,0,1,0,2,1,6,6,1,30,6,1598,1,9,CITROEN DS3,2,E01027161,0,-1
2021221061845,2021,221061845,2,9,0,10,10,1,7,0,0,8,0,0,0,0,2,1,2,2,1,24,5,1560,2,9,CITROEN DS3,2,E01032265,0,-1
2021610055621,2021,610055621,2,9,0,18,19,1,5,0,0,1,0,0,0,0,1,1,6,6,2,51,8,1560,2,9,CITROEN DS3,6,W01001439,0,-1
2021401075792,2021,401075792,2,9,0,18,19,1,5,0,0,1,0,0,0,0,1,1,2,2,2,64,9,1598,1,10,CITROEN DS3,10,E01017406,0,-1
2021371130329,2021,371130329,2,9,0,18,19,1,5,0,0,0,0,0,0,0,2,1,6,6,2,39,7,1560,2,10,CITROEN DS3,2,E01030170,0,-1
2021552101202,2021,552101202,2,9,0,18,19,6,2,0,0,0,0,0,0,0,2,1,2,2,2,22,5,1560,2,10,CITROEN DS3,6,E01015349,0,-1
2021552101396,2021,552101396,2,9,0,18,19,4,8,0,0,8,0,0,0,0,4,1,6,6,2,53,8,1560,2,7,CITROEN DS3,-1,-1,0,-1
2021461092827,2021,461092827,2,9,0,18,19,6,2,0,0,1,0,0,0,0,1,1,6,6,1,50,8,1560,2,8,CITROEN DS3,3,E01000750,0,-1
2021622100040,2021,622100040,1,9,0,18,19,8,4,0,0,1,0,0,0,0,1,2,6,6,2,25,5,1199,1,7,CITROEN DS3,6,W01001865,0,-1
2021430063052,2021,430063052,1,9,0,18,19,1,5,0,0,2,1,0,7,3,1,1,6,6,1,22,5,1598,1,10,CITROEN DS3,6,E01028717,0,-1
2021061135126,2021,061135126,2,9,0,7,7,8,2,0,0,8,0,0,0,0,1,1,6,6,2,56,9,1598,1,8,CITROEN DS3,4,E01005632,0,-1
2021471079272,2021,471079272,2,9,0,18,19,7,3,0,0,0,1,10,0,0,1,1,2,2,2,24,5,1598,1,8,CITROEN DS3,9,E01031340,0,-1
2021221060716,2021,221060716,2,9,0,18,19,1,5,0,0,0,1,0,0,0,4,1,5,6,2,26,6,1560,2,7,CITROEN DS3,2,E01009414,0,-1
2021041024252,2021,041024252,2,9,0,3,3,5,1,0,0,0,0,0,0,0,2,1,6,6,2,42,7,1598,1,9,CITROEN DS3,2,E01025480,0,-1
2021010344324,2021,010344324,1,9,0,99,99,9,9,99,99,9,9,99,9,99,9,9,2,2,3,59,9,1598,1,8,CITROEN DS3,7,E01003451,0,-1
2021371098070,2021,371098070,1,9,-1,-1,-1,-1,-1,-1,-1,0,-1,-1,-1,0,1,1,5,6,1,22,5,1598,1,8,CITROEN DS3,5,E01030138,0,-1
2021161031514,2021,161031514,1,9,0,18,19,4,8,0,0,0,0,0,0,0,1,1,5,6,2,38,7,1598,1,9,CITROEN DS3,1,E01013203,0,-1
2021061078735,2021,061078735,2,9,0,3,3,3,7,0,0,0,0,0,0,0,2,1,6,6,2,58,9,1598,1,8,CITROEN DS3,10,E01004967,0,-1
2021101110579,2021,101110579,1,9,0,18,19,3,7,0,0,0,0,0,0,0,1,1,2,2,2,20,4,1200,1,6,CITROEN DS3,6,E01027479,0,-1
2021501090393,2021,501090393,2,9,0,18,19,4,8,0,0,0,0,0,0,0,1,1,5,6,2,19,4,1598,1,7,CITROEN DS3,3,E01020139,0,-1
2021302101336,2021,302101336,1,9,0,18,19,8,4,0,0,1,1,10,3,1,1,1,6,6,1,19,4,1598,1,8,CITROEN DS3,4,E01013494,0,-1
2021010315436,2021,010315436,2,9,0,18,19,2,6,0,0,8,1,0,0,0,3,1,1,1,1,21,5,1199,1,8,CITROEN DS3,2,E01003290,0,-1
2021421065925,2021,421065925,1,9,0,18,19,5,1,0,0,1,0,0,0,0,1,1,6,6,2,83,11,1598,1,9,CITROEN DS3,7,E01033057,0,-1
2021201148546,2021,201148546,1,9,0,11,11,-1,-1,0,0,0,0,0,0,0,4,1,6,6,2,-1,-1,1560,2,8,CITROEN DS3,-1,-1,0,-1
2021131067246,2021,131067246,1,9,0,4,4,6,2,0,0,0,0,0,0,0,2,1,5,6,1,48,8,1560,2,11,CITROEN DS3,2,E01027850,0,-1
2021061116152,2021,061116152,2,9,0,2,2,0,0,0,0,0,0,0,0,0,2,1,6,6,2,23,5,1199,1,7,CITROEN DS3,5,E01006008,0,-1
2021141029172,2021,141029172,1,9,0,18,19,8,4,0,0,1,0,0,0,0,3,1,5,6,2,31,6,1560,2,8,CITROEN DS3,5,E01007489,0,-1
2021471103204,2021,471103204,2,9,0,18,19,6,2,0,0,0,0,0,7,0,1,1,5,6,1,74,10,1598,1,10,CITROEN DS3,5,E01031501,0,-1
2021481116658,2021,481116658,1,9,0,7,7,1,3,0,0,8,0,0,0,0,4,1,5,6,1,57,9,1598,1,10,CITROEN DS3,8,E01003823,0,-1
2021141089913,2021,141089913,1,9,0,18,19,7,4,0,0,2,0,0,0,0,3,1,6,6,1,53,8,1560,2,9,CITROEN DS3,8,E01013264,0,-1
2021141091246,2021,141091246,1,9,0,18,19,1,6,0,0,0,0,0,0,0,2,1,6,6,2,22,5,1598,1,7,CITROEN DS3,6,E01007750,0,-1
2021991029734,2021,991029734,1,9,0,18,19,7,2,9,9,0,0,0,7,0,1,1,6,6,2,39,7,1560,2,6,CITROEN DS3,6,-1,0,-1
2021101039472,2021,101039472,1,9,0,9,9,6,4,0,0,8,0,0,0,0,1,1,6,6,2,34,6,1560,2,10,CITROEN DS3,1,E01008645,0,-1
2021131064965,2021,131064965,1,9,0,18,19,7,3,0,0,1,0,0,0,0,1,1,6,6,3,-1,-1,1560,2,10,CITROEN DS3,-1,-1,0,-1
2021622100956,2021,622100956,1,9,0,18,19,5,1,0,0,0,0,0,0,0,1,1,2,2,2,41,7,1560,2,7,CITROEN DS3,1,W01001280,0,-1
2021522105051,2021,522105051,1,9,0,4,4,7,3,0,0,0,0,0,0,0,2,1,6,6,2,41,7,1598,1,10,CITROEN DS3,1,E01014583,0,-1
2021501100653,2021,501100653,1,9,0,18,19,3,7,0,0,0,0,11,5,6,1,1,5,6,2,20,4,1560,2,6,CITROEN DS3,4,E01019064,0,-1
2021531074469,2021,531074469,1,9,0,18,19,3,7,0,0,1,0,0,0,0,1,1,2,2,2,44,7,1598,1,7,CITROEN DS3,8,E01022451,0,-1
2021501093512,2021,501093512,3,9,0,4,4,1,5,0,0,0,0,0,0,0,0,1,5,6,2,38,7,1560,2,10,CITROEN DS3,3,E01019070,0,-1
2021211116741,2021,211116741,2,9,-1,-1,-1,-1,-1,-1,-1,-1,-1,-1,-1,0,-1,1,2,2,1,40,7,1560,2,7,CITROEN DS3,-1,-1,0,-1
2021302101752,2021,302101752,1,9,0,18,19,1,5,0,0,2,0,0,0,0,4,1,2,2,2,53,8,1598,1,8,CITROEN DS3,10,E01019427,0,-1
2021041126537,2021,041126537,1,9,0,16,19,1,5,9,9,0,5,10,1,2,1,2,1,1,2,23,5,1598,1,7,CITROEN DS3,2,E01025060,0,-1
2021371048401,2021,371048401,1,9,0,16,19,2,6,0,0,0,0,0,7,2,1,1,5,6,2,18,4,1199,1,7,CITROEN DS3,7,E01030020,0,-1
2021440219204,2021,440219204,1,9,0,9,9,1,7,0,0,8,0,0,0,0,4,1,6,6,1,29,6,1560,2,11,CITROEN DS3,9,E01031880,0,-1
2021161019483,2021,161019483,1,9,0,18,19,3,7,0,0,1,0,0,0,0,1,1,6,6,2,26,6,1560,2,8,CITROEN DS3,1,E01012874,0,-1
2021421064923,2021,421064923,1,9,0,17,19,1,5,0,0,0,1,6,1,0,4,1,6,6,1,27,6,1598,1,9,CITROEN DS3,1,E01006604,0,-1
2021101109257,2021,101109257,2,9,0,18,19,1,5,0,0,0,0,0,0,0,4,1,5,6,2,25,5,1598,1,7,CITROEN DS3,-1,-1,0,-1
2021161082968,2021,161082968,2,9,0,18,19,7,3,0,0,1,0,0,0,0,1,1,5,6,2,52,8,1598,1,9,CITROEN DS3,1,E01012823,0,-1
2021461144525,2021,461144525,1,9,0,9,9,3,1,0,0,1,0,0,0,0,1,1,5,6,1,28,6,1598,1,10,CITROEN DS3,5,E01024831,0,-1
2021351056362,2021,351056362,2,9,0,3,3,4,2,0,0,0,0,0,1,0,2,1,6,6,1,23,5,1560,2,7,CITROEN DS3,6,E01026707,0,-1
2021221096005,2021,221096005,1,9,0,18,19,4,8,0,0,4,0,0,0,0,1,1,2,2,2,18,4,1598,1,8,CITROEN DS3,7,E01014137,0,-1
2021461132998,2021,461132998,1,9,0,17,19,5,1,0,0,0,0,0,0,0,1,1,5,6,1,20,4,1560,2,11,CITROEN DS3,7,E01016123,0,-1
2021440341358,2021,440341358,1,2,0,17,19,1,5,0,0,0,0,0,1,4,1,1,2,2,1,17,4,49,1,14,-1,10,E01022553,0,-1
2021401057894,2021,401057894,2,3,0,7,7,6,4,0,0,0,1,0,7,0,0,1,1,1,1,18,4,125,1,0,-1,2,E01017519,0,-1
2021070667059,2021,070667059,1,3,0,5,5,3,7,0,0,1,1,0,0,0,3,1,2,2,1,37,7,125,1,1,-1,2,E01012383,0,-1
2021201074204,2021,201074204,1,4,0,5,5,6,4,0,0,6,0,0,0,0,3,1,6,6,1,26,6,125,1,1,-1,7,E01010219,0,-1
2021471019719,2021,471019719,2,5,0,18,19,8,6,0,0,0,0,0,0,0,1,1,5,6,1,33,6,1745,1,3,-1,3,E01020941,0,-1
2021010306857,2021,010306857,2,4,0,99,99,9,9,99,99,9,9,99,9,99,9,1,6,6,3,-1,-1,1261,1,18,-1,-1,-1,0,-1
2021141095234,2021,141095234,1,3,0,7,7,3,5,0,0,3,1,0,0,0,1,1,5,6,1,18,4,99,1,29,-1,1,E01007735,0,-1
2021451041524,2021,451041524,2,9,0,18,19,1,5,0,0,0,0,0,0,0,1,1,5,6,2,64,9,1396,1,10,KIA VENGA,7,E01030410,0,-1
2021111061518,2021,111061518,2,9,0,18,19,7,3,0,0,0,0,0,0,0,3,1,6,6,2,67,10,1396,2,8,KIA VENGA,5,E01020858,0,-1
2021991035924,2021,991035924,2,9,0,4,4,1,5,0,0,0,0,0,0,0,2,1,6,6,1,55,8,1591,1,4,KIA VENGA,1,-1,0,-1
2021010312926,2021,010312926,1,9,0,99,99,9,9,99,99,9,9,99,9,99,1,9,6,6,3,-1,-1,1591,1,8,KIA VENGA,2,E01002879,0,-1
2021371023636,2021,371023636,1,9,0,5,5,3,7,0,0,0,0,0,0,0,1,1,5,6,1,75,10,1396,1,9,KIA VENGA,10,E01030204,0,-1
2021141077539,2021,141077539,1,9,0,18,19,1,5,0,0,4,0,0,0,0,1,1,6,6,2,49,8,1591,1,5,KIA VENGA,2,E01007579,0,-1
2021991041603,2021,991041603,1,9,0,18,19,5,1,0,0,1,0,0,0,0,1,1,5,6,2,59,9,1582,2,4,KIA VENGA,8,-1,0,-1
2021401100731,2021,401100731,1,9,0,4,4,6,2,0,0,0,5,0,0,0,3,1,6,6,1,35,6,1591,1,11,KIA VENGA,9,E01023726,0,-1
2021440303580,2021,440303580,2,9,0,18,19,6,2,0,0,1,0,0,0,0,1,1,6,6,1,80,11,1591,1,6,KIA VENGA,-1,-1,0,-1
2021361110727,2021,361110727,2,9,0,4,4,2,6,0,0,0,0,0,0,0,4,1,2,2,2,32,6,1396,1,6,KIA VENGA,6,E01026899,0,-1
2021545435121,2021,545435121,1,9,0,7,7,1,3,0,0,6,0,0,0,0,0,1,6,6,1,72,10,1591,1,3,KIA VENGA,7,E01032108,0,-1
2021320292630,2021,320292630,1,9,0,18,19,4,8,0,0,2,0,0,3,11,1,1,6,6,1,89,11,1591,1,5,KIA VENGA,7,E01026319,0,-1
2021010310439,2021,010310439,2,9,9,99,99,9,9,99,99,9,9,99,9,99,9,9,6,6,2,29,6,1591,1,10,KIA VENGA,3,E01001311,0,-1
2021440381440,2021,440381440,1,9,0,18,19,5,1,0,0,1,0,0,0,0,3,1,3,7,1,63,9,1591,1,2,KIA VENGA,8,E01023221,0,-1
2021170L11341,2021,170L11341,1,9,0,18,19,8,4,0,0,8,0,0,0,0,1,1,2,2,2,51,8,1396,1,11,KIA VENGA,2,E01012031,0,-1
2021552100681,2021,552100681,1,9,0,8,8,1,3,0,0,6,0,0,0,0,0,1,6,6,2,60,9,1591,1,9,KIA VENGA,4,E01017198,0,-1
2021471051422,2021,471051422,1,9,0,18,19,2,6,0,0,0,0,0,7,10,1,1,6,6,1,86,11,1591,1,4,KIA VENGA,8,E01024026,0,-1
2021991120455,2021,991120455,2,9,0,18,19,4,8,0,0,0,0,0,0,0,1,1,6,6,2,35,6,1591,1,8,KIA VENGA,2,-1,0,-1
20211383T1065,2021,1383T1065,2,9,0,3,3,3,7,0,0,0,0,0,0,0,2,1,6,6,2,80,11,1591,1,6,KIA VENGA,2,E01010852,0,-1
2021010320558,2021,010320558,2,9,0,99,99,9,9,99,99,9,9,99,9,99,9,9,6,6,3,61,9,1396,1,5,KIA VENGA,5,E01000038,0,-1
2021351048759,2021,351048759,1,9,0,18,19,5,1,0,0,0,0,0,0,0,1,1,6,6,1,70,10,1396,2,10,KIA VENGA,1,E01026129,0,-1
2021031130789,2021,031130789,2,9,0,18,19,6,2,0,0,1,0,0,0,0,1,1,6,6,1,88,11,1591,1,3,KIA VENGA,5,E01019273,0,-1
2021211049765,2021,211049765,1,9,0,17,19,3,7,0,0,0,0,0,0,0,1,1,6,6,1,79,11,1591,1,2,KIA VENGA,8,E01009785,0,-1
2021161072286,2021,161072286,1,9,0,18,19,1,5,0,0,0,0,0,0,0,1,1,6,6,1,52,8,1396,1,6,KIA VENGA,1,E01013296,0,-1
2021991120133,2021,991120133,1,9,0,1,1,5,6,0,0,0,0,0,0,0,3,1,5,6,2,54,8,1591,1,8,KIA VENGA,4,-1,0,-1
2021141048090,2021,141048090,1,9,0,7,7,2,5,0,0,2,0,0,0,0,1,1,5,6,2,29,6,1591,1,8,KIA VENGA,4,E01007765,0,-1
2021421103231,2021,421103231,1,9,0,1,1,1,7,0,0,0,0,0,0,0,2,1,5,6,2,66,10,1591,1,10,KIA VENGA,10,E01021673,0,-1
2021401072898,2021,401072898,2,9,0,18,19,2,5,0,0,2,0,0,0,0,3,1,6,6,2,33,6,1396,1,11,KIA VENGA,9,E01017450,0,-1
2021010287642,2021,010287642,1,9,0,99,99,9,9,99,99,9,9,99,9,99,2,9,2,2,2,34,6,1591,1,3,KIA VENGA,3,E01002396,0,-1
2021070099441,2021,070099441,1,9,0,9,9,7,3,0,0,6,0,0,7,4,1,1,6,6,2,85,11,1591,1,5,KIA VENGA,9,E01018634,0,-1
2021010335707,2021,010335707,1,9,0,9,9,5,2,0,0,8,0,0,7,4,1,1,6,6,2,54,8,1591,1,5,KIA VENGA,6,E01000778,0,-1
2021471067366,2021,471067366,2,9,0,9,9,7,5,0,0,6,0,0,0,0,1,1,5,6,1,84,11,1582,2,6,KIA VENGA,10,E01031389,0,-1
2021440007288,2021,440007288,2,9,0,18,19,3,7,0,0,8,0,0,1,1,4,1,6,6,2,75,10,1591,1,3,KIA VENGA,2,E01017133,0,-1
2021211056163,2021,211056163,1,9,-1,-1,-1,-1,-1,-1,-1,0,-1,-1,-1,0,-1,1,6,6,2,29,6,1396,2,10,KIA VENGA,3,E01029408,0,-1
2021131045601,2021,131045601,1,9,0,11,11,8,2,0,0,1,0,0,0,0,2,1,2,2,2,43,7,1396,2,10,KIA VENGA,7,E01027703,0,-1
2021161108038,2021,161108038,1,9,0,5,5,2,7,4,4,4,0,0,0,0,1,1,6,6,2,76,11,1591,1,7,KIA VENGA,-1,-1,0,-1
2021131111200,2021,131111200,1,9,0,18,19,1,5,0,0,0,0,0,0,0,1,1,5,6,2,83,11,1591,1,3,KIA VENGA,9,E01011568,0,-1
2021351022215,2021,351022215,1,9,0,7,7,2,5,0,0,3,0,0,0,0,3,1,6,6,2,74,10,1591,1,3,KIA VENGA,8,E01017966,0,-1
2021451069074,2021,451069074,3,9,0,18,19,6,2,0,0,0,0,0,0,0,1,1,5,6,2,88,11,1591,1,3,KIA VENGA,8,E01030847,0,-1
2021161028335,2021,161028335,1,9,0,5,5,1,5,0,0,4,0,0,0,0,1,1,6,6,2,67,10,1396,2,4,KIA VENGA,8,E01012977,0,-1
2021161050527,2021,161050527,1,9,0,7,7,1,3,0,0,5,0,0,0,0,2,1,5,6,1,40,7,1582,2,8,KIA VENGA,4,E01012830,0,-1
2021010338665,2021,010338665,2,9,0,3,3,5,1,0,0,1,0,0,0,0,1,1,6,6,2,69,10,1591,1,3,KIA VENGA,4,E01002594,0,-1
2021451028205,2021,451028205,1,9,0,18,19,3,1,0,0,0,0,0,0,0,0,1,6,6,2,56,9,1591,1,7,KIA VENGA,6,E01002555,0,-1
2021411055523,2021,411055523,2,9,0,4,4,1,2,0,0,0,0,0,0,0,2,1,5,6,2,22,5,1591,1,4,KIA VENGA,10,E01023889,0,-1
2021131088533,2021,131088533,2,9,0,18,19,1,5,0,0,0,0,0,0,0,1,1,5,6,2,37,7,1396,1,3,KIA VENGA,2,E01010796,0,-1
2021471114280,2021,471114280,2,9,0,18,19,8,4,0,0,0,0,0,0,0,2,1,5,6,2,63,9,1396,1,6,KIA VENGA,4,E01031453,0,-1
2021430528518,2021,430528518,2,9,0,18,19,6,2,0,0,0,0,0,0,0,1,1,6,6,2,79,11,1591,1,3,KIA VENGA,9,E01016814,0,-1
202154A752721,2021,54A752721,1,9,0,9,9,6,4,0,0,6,0,0,0,0,4,1,6,6,1,86,11,1591,1,4,KIA VENGA,8,E01031964,0,-1
2021052101944,2021,052101944,2,9,0,18,19,5,1,0,0,0,0,0,0,0,4,1,6,6,1,72,10,1591,1,10,KIA VENGA,1,E01006460,0,-1
2021430166074,2021,430166074,1,9,0,7,7,7,1,0,0,4,0,0,0,0,1,1,2,2,1,-1,-1,1396,1,10,KIA VENGA,7,E01033192,0,-1
2021061041039,2021,061041039,3,9,0,3,3,5,1,0,0,1,0,0,0,0,3,1,5,6,2,75,10,1591,1,4,KIA VENGA,6,E01010920,0,-1
2021545113221,2021,545113221,1,9,0,18,19,3,7,0,0,8,1,0,7,3,4,1,6,6,1,84,11,1396,1,11,KIA VENGA,8,E01031918,0,-1
2021010333252,2021,010333252,1,9,0,18,19,7,3,0,0,0,0,0,0,0,9,9,6,6,2,29,6,1396,1,8,KIA VENGA,4,E01002775,0,-1
2021302101569,2021,302101569,1,9,0,14,14,7,3,0,0,0,0,0,0,0,4,1,6,6,2,61,9,1396,2,8,KIA VENGA,1,E01019488,0,-1
2021440213996,2021,440213996,1,9,0,2,2,0,0,0,0,0,0,0,0,0,3,1,6,6,2,62,9,1591,1,6,KIA VENGA,9,E01023254,0,-1
2021430343823,2021,430343823,1,9,0,2,2,0,0,0,0,0,0,0,0,0,3,1,1,1,2,30,6,1396,1,8,KIA VENGA,5,E01016768,0,-1
2021010334082,2021,010334082,1,9,0,99,99,9,9,99,99,9,9,99,9,99,9,9,6,6,1,47,8,1591,1,9,KIA VENGA,2,E01010429,0,-1
2021451027836,2021,451027836,1,9,0,18,19,4,8,0,0,0,0,0,0,0,4,1,5,6,1,56,9,1591,1,4,KIA VENGA,10,E01030395,0,-1
202163A096421,2021,63A096421,1,9,0,7,7,2,4,0,0,5,0,0,0,0,1,1,2,2,2,39,7,1396,2,10,KIA VENGA,3,W01000655,0,-1
2021010293454,2021,010293454,2,9,0,99,99,9,9,99,99,9,9,99,9,99,1,9,6,6,3,74,10,1591,1,7,KIA VENGA,9,E01002354,0,-1
2021451059935,2021,451059935,1,9,0,1,1,1,3,0,0,0,0,0,0,0,2,1,6,6,1,90,11,1591,1,7,KIA VENGA,9,E01030567,0,-1
2021061047803,2021,061047803,1,9,0,18,19,1,5,0,0,1,0,0,0,0,1,1,6,6,2,48,8,1396,1,7,KIA VENGA,4,E01006211,0,-1
2021991097492,2021,991097492,2,9,0,18,19,6,2,0,0,0,2,0,1,1,2,2,5,6,2,36,7,1396,2,5,KIA VENGA,-1,-1,0,-1
2021131094702,2021,131094702,2,9,0,9,9,1,5,0,0,6,0,0,7,0,3,1,5,6,1,70,10,1396,2,5,KIA VENGA,1,E01011899,0,-1
2021010317435,2021,010317435,2,9,0,99,99,9,9,99,99,9,9,99,9,99,1,9,6,6,3,-1,-1,1591,1,4,KIA VENGA,-1,-1,0,-1
2021201076121,2021,201076121,1,9,0,5,5,-1,-1,0,0,5,0,0,0,0,3,1,6,6,2,-1,-1,1591,1,8,KIA VENGA,-1,-1,0,-1
2021122101519,2021,122101519,1,9,0,16,19,1,4,0,0,0,0,0,0,0,1,1,6,6,2,85,11,1591,1,7,KIA VENGA,4,E01011705,0,-1
2021010322504,2021,010322504,1,9,0,4,4,3,7,0,0,1,0,0,0,0,2,1,6,6,2,59,9,1591,1,6,KIA VENGA,4,E01002179,0,-1
2021122100802,2021,122100802,1,9,0,5,5,5,7,0,0,4,0,0,0,0,1,1,6,6,1,74,10,1396,2,5,KIA VENGA,9,E01027856,0,-1
2021161035658,2021,161035658,1,9,0,9,9,2,1,0,0,8,0,0,0,0,4,1,5,6,2,71,10,1396,1,8,KIA VENGA,7,E01013010,0,-1
2021401064542,2021,401064542,1,9,0,3,3,2,6,0,0,0,0,0,0,0,2,1,5,6,1,75,10,1591,1,2,KIA VENGA,10,E01017651,0,-1
2021041113306,2021,041113306,2,9,0,18,19,3,7,0,0,8,0,0,0,0,1,1,1,1,2,80,11,1591,1,6,KIA VENGA,3,E01024891,0,-1
2021302102131,2021,302102131,1,9,0,18,19,8,4,0,0,0,0,0,0,0,1,1,6,6,1,70,10,1396,1,10,KIA VENGA,1,E01005107,0,-1
2021461097444,2021,461097444,2,9,0,18,19,7,3,0,0,0,0,0,0,0,1,1,5,6,1,40,7,1396,2,11,KIA VENGA,7,E01024073,0,-1
2021170S31671,2021,170S31671,1,9,0,18,19,1,5,0,0,8,0,0,0,0,1,1,6,6,2,39,7,1396,1,8,KIA VENGA,2,E01012288,0,-1
2021610047021,2021,610047021,1,9,0,18,19,1,5,0,0,1,0,0,0,0,3,1,6,6,1,90,11,1591,1,3,KIA VENGA,3,W01001634,0,-1
2021161084752,2021,161084752,1,9,0,18,19,6,2,0,0,0,1,0,0,0,1,1,5,6,1,82,11,1591,1,5,KIA VENGA,7,E01007553,0,-1
2021552101237,2021,552101237,1,9,0,18,19,1,5,0,0,0,5,0,2,4,1,1,1,1,1,41,7,1591,1,11,KIA VENGA,6,E01020449,0,-1