collision_index,collision_year,collision_ref_no,vehicle_reference,vehicle_type,towing_and_articulation,vehicle_manoeuvre_historic,vehicle_manoeuvre,vehicle_direction_from,vehicle_direction_to,vehicle_location_restricted_lane_historic,vehicle_location_restricted_lane,junction_location,skidding_and_overturning,hit_object_in_carriageway,vehicle_leaving_carriageway,hit_object_off_carriageway,first_point_of_impact,vehicle_left_hand_drive,journey_purpose_of_driver_historic,journey_purpose_of_driver,sex_of_driver,age_of_driver,age_band_of_driver,engine_capacity_cc,propulsion_code,age_of_vehicle,generic_make_model,driver_imd_decile,lsoa_of_driver,escooter_flag,driver_distance_banding
2021421097333,2021,421097333,2,9,0,18,19,3,7,0,0,0,0,0,0,0,2,1,6,6,2,69,10,1591,1,8,KIA VENGA,7,E01021416,0,-1
2021440214986,2021,440214986,1,9,0,5,5,6,2,0,0,8,0,0,0,0,3,1,6,6,2,84,11,1591,1,2,KIA VENGA,10,E01022987,0,-1
2021991045105,2021,991045105,2,9,0,18,19,7,3,0,0,0,0,4,0,0,1,1,5,6,1,71,10,1396,1,4,KIA VENGA,1,-1,0,-1
2021010335765,2021,010335765,2,9,0,3,3,1,5,0,0,2,0,0,0,0,0,1,6,6,1,67,10,1591,1,5,KIA VENGA,-1,-1,0,-1
2021010311041,2021,010311041,1,9,0,4,4,5,1,0,0,0,0,0,0,0,2,1,6,6,2,48,8,1396,1,9,KIA VENGA,8,E01002265,0,-1
2021302100809,2021,302100809,1,9,0,9,9,4,8,0,0,1,0,0,0,0,1,1,6,6,2,77,11,1396,1,10,KIA VENGA,7,E01019700,0,-1
2021320456871,2021,320456871,1,9,0,18,19,5,1,0,0,1,0,0,0,0,1,1,6,6,1,74,10,1396,1,7,KIA VENGA,9,E01032993,0,-1
2021201078667,2021,201078667,2,9,0,4,4,1,5,0,0,0,0,0,0,0,2,1,6,6,1,80,11,1591,1,2,KIA VENGA,5,E01032460,0,-1
2021451088550,2021,451088550,1,9,0,18,19,4,8,0,0,0,0,4,0,0,1,1,5,6,2,63,9,1591,1,4,KIA VENGA,10,E01030329,0,-1
202131B129221,2021,31B129221,2,9,0,18,19,8,4,0,0,8,0,0,0,0,3,1,6,6,2,54,8,1582,2,6,KIA VENGA,6,E01028316,0,-1
2021141054744,2021,141054744,1,9,0,17,19,3,8,0,0,8,0,0,0,0,1,1,3,7,2,35,6,1396,2,10,KIA VENGA,2,E01007767,0,-1
2021440179664,2021,440179664,1,9,0,18,19,4,8,0,0,8,0,0,0,0,1,1,6,6,2,73,10,1591,1,10,KIA VENGA,4,E01022681,0,-1
2021010316248,2021,010316248,1,9,0,5,5,1,5,0,0,1,0,0,7,0,3,1,6,6,2,25,5,1396,2,8,KIA VENGA,7,E01012209,0,-1
2021302100993,2021,302100993,1,9,0,18,19,6,2,0,0,0,0,0,0,0,1,1,6,6,2,34,6,1582,2,4,KIA VENGA,9,E01013561,0,-1
2021041127046,2021,041127046,1,9,0,18,19,7,3,0,0,0,0,0,2,0,1,1,5,6,1,73,10,1591,1,2,KIA VENGA,2,E01012600,0,-1
2021440085154,2021,440085154,1,9,0,5,5,2,4,0,0,8,0,0,0,0,1,1,6,6,1,77,11,1591,1,4,KIA VENGA,9,E01022768,0,-1
2021010346604,2021,010346604,1,9,0,18,19,7,3,9,9,1,0,6,7,11,1,1,6,6,1,69,10,1396,1,6,KIA VENGA,5,E01004521,0,-1
2021440010267,2021,440010267,2,9,0,18,19,7,3,0,0,2,0,0,0,0,2,1,6,6,2,36,7,1591,1,8,KIA VENGA,7,E01017050,0,-1
2021451118037,2021,451118037,1,9,0,18,19,5,1,0,0,1,0,0,0,0,4,1,2,2,2,53,8,1591,1,7,KIA VENGA,8,E01030359,0,-1
2021201135693,2021,201135693,1,9,0,18,19,7,3,0,0,2,0,0,0,0,4,1,2,2,2,45,7,1591,1,8,KIA VENGA,1,E01009057,0,-1
2021122101426,2021,122101426,1,9,0,5,5,5,1,0,0,1,0,0,0,0,1,1,6,6,1,43,7,1582,2,4,KIA VENGA,4,E01029431,0,-1
2021141086840,2021,141086840,2,9,0,17,19,5,1,0,0,0,0,0,0,0,3,1,5,6,2,64,9,1591,1,10,KIA VENGA,4,E01007354,0,-1
2021411033364,2021,411033364,1,9,0,9,9,5,2,0,0,0,0,0,1,0,4,1,6,6,1,64,9,4969,1,13,-1,10,E01023698,0,-1
2021371047081,2021,371047081,2,90,0,17,19,5,1,0,0,0,0,0,0,0,1,1,1,1,1,44,7,11946,2,0,-1,10,E01030084,0,-1
2021451085008,2021,451085008,2,3,0,18,19,1,5,0,0,1,0,0,0,0,1,1,5,6,1,17,4,125,1,18,-1,4,E01030608,0,-1
2021451104239,2021,451104239,2,9,0,17,19,3,7,0,0,0,1,0,8,11,4,1,6,6,2,29,6,1598,1,12,MINI CLUBMAN,7,E01030583,0,-1
2021010339310,2021,010339310,1,9,9,99,99,9,9,99,99,9,9,99,9,99,9,9,6,6,2,64,9,1499,1,3,MINI CLUBMAN,3,E01004415,0,-1
2021320343352,2021,320343352,1,9,0,18,19,2,6,0,0,1,0,0,1,0,1,1,2,2,2,55,8,1499,1,3,MINI CLUBMAN,9,E01032683,0,-1
2021041057497,2021,041057497,3,9,0,18,19,1,1,0,0,0,0,0,0,0,2,1,5,6,1,27,6,1499,1,3,MINI CLUBMAN,4,E01025001,0,-1
2021471113921,2021,471113921,2,9,0,18,19,4,7,0,0,1,0,0,1,3,1,1,5,6,1,45,7,1499,1,0,MINI CLUBMAN,8,E01021170,0,-1
2021141031185,2021,141031185,1,9,0,18,19,6,2,0,0,0,0,0,0,0,4,1,6,6,2,33,6,1499,1,2,MINI CLUBMAN,10,E01007933,0,-1
2021111045635,2021,111045635,1,9,0,18,19,1,5,0,0,0,0,0,0,0,1,1,5,6,1,61,9,1995,2,5,MINI CLUBMAN,4,E01020646,0,-1
2021461102971,2021,461102971,3,9,0,3,3,1,5,0,0,0,0,0,0,0,2,1,3,7,1,47,8,1598,1,13,MINI CLUBMAN,6,E01024428,0,-1
2021010296100,2021,010296100,1,9,0,4,4,3,7,0,0,6,0,0,0,0,2,1,1,1,1,24,5,1998,1,2,MINI CLUBMAN,3,E01004313,0,-1
2021501133204,2021,501133204,5,9,0,2,2,0,0,0,0,1,0,0,0,0,4,1,6,6,1,-1,-1,1600,2,9,MINI CLUBMAN,7,E01020008,0,-1
2021131107381,2021,131107381,4,9,0,18,19,1,5,0,0,0,0,0,0,0,3,1,5,6,2,64,9,1499,1,1,MINI CLUBMAN,7,E01010939,0,-1
2021221064455,2021,221064455,2,9,0,4,4,5,1,0,0,0,0,0,0,0,2,1,3,7,1,38,7,1600,1,10,MINI CLUBMAN,2,E01032481,0,-1
2021061126781,2021,061126781,1,9,0,18,19,3,7,0,0,1,0,0,0,0,1,1,6,6,3,30,6,1598,1,13,MINI CLUBMAN,-1,-1,0,-1
2021221071671,2021,221071671,4,9,0,3,3,1,5,0,0,1,0,0,0,0,1,1,5,6,1,50,8,1499,1,3,MINI CLUBMAN,-1,-1,0,-1
2021471072015,2021,471072015,2,9,0,18,19,7,3,0,0,1,0,0,0,0,3,1,5,6,2,50,8,1598,2,8,MINI CLUBMAN,7,E01016899,0,-1
2021010290925,2021,010290925,2,9,0,99,99,9,9,99,99,9,9,99,9,99,1,9,6,6,3,-1,-1,1998,1,5,MINI CLUBMAN,9,E01004632,0,-1
2021991015442,2021,991015442,4,9,0,3,3,5,1,0,0,0,0,0,0,0,2,1,6,6,1,31,6,1598,1,11,MINI CLUBMAN,10,-1,0,-1
2021010296083,2021,010296083,2,9,0,99,99,9,9,99,99,9,9,99,9,99,2,9,6,6,3,47,8,1499,1,4,MINI CLUBMAN,7,E01001915,0,-1
2021070708063,2021,070708063,1,9,0,10,10,1,5,0,0,8,0,0,0,0,4,1,2,2,1,35,6,1499,1,4,MINI CLUBMAN,-1,-1,0,-1
2021548099921,2021,548099921,1,9,0,18,19,2,6,0,0,0,0,11,1,11,1,1,6,6,1,83,11,1499,1,2,MINI CLUBMAN,9,E01020419,0,-1
2021545646021,2021,545646021,1,9,0,5,5,1,7,0,0,1,0,0,0,0,3,1,2,2,2,24,5,1499,1,0,MINI CLUBMAN,8,E01015552,0,-1
2021430263123,2021,430263123,2,9,0,18,19,8,4,0,0,8,0,0,0,0,3,1,6,6,1,65,9,1499,1,1,MINI CLUBMAN,10,E01017894,0,-1
2021010335848,2021,010335848,1,9,0,18,19,7,3,0,0,8,0,0,1,10,1,1,6,6,1,35,6,1598,1,9,MINI CLUBMAN,2,E01002765,0,-1
2021451112088,2021,451112088,2,9,0,18,19,3,7,0,0,8,0,0,0,0,3,1,2,2,2,41,7,1499,1,0,MINI CLUBMAN,6,E01030714,0,-1
2021010288260,2021,010288260,2,9,0,9,9,1,7,0,0,8,0,0,0,0,1,1,6,6,2,34,6,1499,1,4,MINI CLUBMAN,5,E01000847,0,-1
2021010300443,2021,010300443,3,9,0,3,3,5,1,0,0,1,0,0,0,0,1,1,6,6,1,37,7,1998,1,5,MINI CLUBMAN,9,E01003358,0,-1
2021471055181,2021,471055181,1,9,0,9,9,2,7,0,0,8,0,0,0,0,1,1,5,6,2,22,5,1598,1,14,MINI CLUBMAN,8,E01030529,0,-1
2021501146598,2021,501146598,1,9,0,9,9,6,4,0,0,8,0,0,0,0,2,1,6,6,1,20,4,1598,1,13,MINI CLUBMAN,7,E01015446,0,-1
2021622100616,2021,622100616,1,9,0,18,19,8,4,0,0,0,0,0,0,0,3,1,6,6,2,65,9,1499,1,3,MINI CLUBMAN,5,W01000426,0,-1
2021501189714,2021,501189714,3,9,0,2,2,0,0,0,0,1,0,0,0,0,2,1,6,6,2,55,8,1998,1,1,MINI CLUBMAN,5,E01018851,0,-1
2021430560662,2021,430560662,2,9,0,18,19,2,6,0,0,0,0,0,0,0,3,1,6,6,1,76,11,1598,1,11,MINI CLUBMAN,4,E01002444,0,-1
2021131070255,2021,131070255,1,9,0,18,19,1,5,0,0,0,0,0,0,0,4,1,5,6,2,28,6,1995,2,4,MINI CLUBMAN,10,E01027914,0,-1
2021320222339,2021,320222339,2,9,0,17,19,2,6,0,0,0,0,0,0,0,3,1,6,6,2,42,7,1560,2,12,MINI CLUBMAN,8,E01026223,0,-1
2021041125743,2021,041125743,1,9,0,1,1,3,7,0,0,1,0,0,0,0,2,1,6,6,3,-1,-1,1995,2,5,MINI CLUBMAN,-1,-1,0,-1
202154B891921,2021,54B891921,2,9,0,18,19,7,3,0,0,0,1,0,0,0,1,1,6,6,2,33,6,1998,1,5,MINI CLUBMAN,2,E01002566,0,-1
2021411064234,2021,411064234,1,9,0,18,19,7,3,0,0,2,0,0,0,0,3,1,5,6,2,52,8,1499,1,4,MINI CLUBMAN,10,E01023449,0,-1
2021010296753,2021,010296753,2,9,0,18,19,4,8,0,0,0,0,0,0,0,1,1,6,6,1,30,6,1598,1,13,MINI CLUBMAN,6,E01001997,0,-1
2021221124957,2021,221124957,2,9,0,18,19,4,8,0,0,0,0,10,7,4,4,1,5,6,2,55,8,1560,2,13,MINI CLUBMAN,9,E01014183,0,-1
2021031086756,2021,031086756,2,9,0,18,19,7,6,0,0,1,0,0,0,0,3,1,5,6,2,53,8,1598,1,9,MINI CLUBMAN,6,E01019360,0,-1
2021471126686,2021,471126686,2,9,0,18,19,3,7,0,0,8,0,0,0,0,1,1,2,2,2,50,8,1998,1,5,MINI CLUBMAN,7,E01031837,0,-1
202134NNC5131,2021,34NNC5131,2,9,0,3,3,5,1,0,0,8,0,0,0,0,2,1,6,6,1,50,8,1598,2,10,MINI CLUBMAN,3,E01026969,0,-1
202131D136221,2021,31D136221,2,9,0,18,19,4,8,0,0,8,0,0,0,0,3,1,6,6,1,56,9,1998,1,6,MINI CLUBMAN,10,E01028365,0,-1
2021421087650,2021,421087650,3,9,0,18,19,5,1,0,0,0,0,0,0,0,2,1,6,6,1,60,9,1499,1,0,MINI CLUBMAN,10,E01021409,0,-1
2021221112235,2021,221112235,1,9,0,6,6,2,2,0,0,0,0,0,0,0,3,1,5,6,1,52,8,1598,1,12,MINI CLUBMAN,5,E01028931,0,-1
2021061053455,2021,061053455,1,9,0,18,19,1,5,0,0,0,0,0,0,0,1,1,6,6,1,45,7,1598,1,13,MINI CLUBMAN,3,E01005478,0,-1
2021231060376,2021,231060376,3,9,0,3,3,4,8,0,0,1,0,0,0,0,0,1,5,6,1,47,8,1998,1,1,MINI CLUBMAN,3,E01031080,0,-1
2021401100706,2021,401100706,2,9,0,7,7,7,3,0,0,0,0,0,0,0,3,1,6,6,1,47,8,1499,1,5,MINI CLUBMAN,9,E01023619,0,-1
2021131041364,2021,131041364,1,9,0,18,19,5,1,0,0,0,1,0,8,6,1,1,5,6,2,61,9,1998,1,5,MINI CLUBMAN,10,E01018134,0,-1
2021161089283,2021,161089283,3,9,0,18,19,2,6,0,0,0,0,0,0,0,0,1,6,6,2,69,10,1998,1,5,MINI CLUBMAN,9,E01027885,0,-1
2021052102397,2021,052102397,1,9,0,9,9,7,3,0,0,8,0,0,0,0,3,1,6,6,2,72,10,1998,2,3,MINI CLUBMAN,6,E01006900,0,-1
2021221088871,2021,221088871,1,9,0,16,19,2,7,0,0,8,0,0,0,0,1,1,3,7,1,49,8,1560,2,11,MINI CLUBMAN,4,W01000702,0,-1
2021440148542,2021,440148542,1,9,0,18,19,7,3,0,0,3,5,0,2,2,1,1,6,6,2,43,7,1998,1,1,MINI CLUBMAN,5,E01023201,0,-1
2021430263772,2021,430263772,2,9,0,14,14,4,8,0,0,1,0,0,0,0,1,1,3,7,2,38,7,1995,2,6,MINI CLUBMAN,8,E01017628,0,-1
2021010314743,2021,010314743,1,9,0,2,2,0,0,6,6,0,0,0,0,0,3,1,6,6,3,-1,-1,1598,1,14,MINI CLUBMAN,-1,-1,0,-1
2021131121551,2021,131121551,3,9,0,18,19,5,1,0,0,0,0,0,0,0,2,1,5,6,2,48,8,1998,1,3,MINI CLUBMAN,8,E01011243,0,-1
2021010306211,2021,010306211,1,9,0,9,9,3,1,9,9,8,0,0,1,0,3,1,6,6,2,56,9,1598,1,14,MINI CLUBMAN,-1,-1,0,-1
2021552100361,2021,552100361,3,9,0,18,19,8,4,0,0,2,0,0,1,0,3,1,2,2,2,32,6,1598,1,11,MINI CLUBMAN,6,E01015383,0,-1
2021501146968,2021,501146968,2,9,0,18,19,8,4,0,0,1,0,0,0,0,1,1,6,6,1,55,8,1598,1,7,MINI CLUBMAN,4,E01020196,0,-1
2021451114983,2021,451114983,2,9,0,16,19,5,7,0,0,8,0,0,0,0,1,1,5,6,1,27,6,2000,2,10,MINI CLUBMAN,8,E01030544,0,-1
2021411136738,2021,411136738,1,9,0,9,9,7,5,0,0,8,0,10,1,2,1,1,5,6,2,51,8,1499,1,0,MINI CLUBMAN,4,E01023620,0,-1
2021010345231,2021,010345231,1,9,0,99,99,9,9,99,99,0,9,99,9,99,9,9,6,6,2,54,8,1499,1,4,MINI CLUBMAN,9,E01003880,0,-1
2021010347470,2021,010347470,2,9,0,99,99,9,9,99,99,9,9,99,9,99,9,9,6,6,1,28,6,1998,1,5,MINI CLUBMAN,7,E01003396,0,-1
2021010319337,2021,010319337,1,9,0,4,4,6,2,0,0,1,0,0,0,0,2,1,6,6,2,36,7,1598,1,11,MINI CLUBMAN,2,E01004315,0,-1
2021211056851,2021,211056851,2,9,-1,-1,-1,-1,-1,-1,-1,0,-1,-1,-1,0,-1,1,6,6,2,52,8,1499,1,3,MINI CLUBMAN,10,E01029511,0,-1
2021430508949,2021,430508949,1,9,0,18,19,8,2,0,0,0,0,0,0,0,1,1,6,6,2,50,8,1995,2,8,MINI CLUBMAN,-1,-1,0,-1
2021010304026,2021,010304026,1,9,0,18,19,7,3,0,0,2,0,0,0,0,3,1,3,7,2,34,6,1499,1,5,MINI CLUBMAN,3,E01004415,0,-1
2021010315864,2021,010315864,1,9,0,99,99,9,9,99,99,9,9,99,9,99,9,9,6,6,2,55,8,1598,1,7,MINI CLUBMAN,4,E01023574,0,-1
2021010290294,2021,010290294,2,9,0,3,3,7,3,0,0,2,0,0,0,0,0,1,6,6,1,53,8,1499,1,5,MINI CLUBMAN,4,E01000745,0,-1
2021010318367,2021,010318367,1,9,0,3,3,1,5,0,0,0,0,0,0,0,2,1,6,6,2,51,8,1598,2,8,MINI CLUBMAN,-1,-1,0,-1
2021421114095,2021,421114095,1,9,0,15,15,4,8,0,0,0,0,0,0,0,1,1,3,7,2,38,7,1995,2,5,MINI CLUBMAN,8,E01021424,0,-1
2021041102794,2021,041102794,3,9,0,18,19,1,5,0,0,0,0,0,0,0,1,1,5,6,1,65,9,1499,1,4,MINI CLUBMAN,2,E01012621,0,-1
2021041149403,2021,041149403,1,9,0,1,1,5,1,0,0,0,0,0,0,0,2,1,5,6,2,60,9,1560,2,12,MINI CLUBMAN,1,E01025171,0,-1
2021101039993,2021,101039993,2,9,0,3,3,2,4,0,0,1,0,0,0,0,2,1,5,6,2,54,8,1998,1,1,MINI CLUBMAN,8,E01027457,0,-1
2021052100039,2021,052100039,2,9,0,18,19,4,8,0,0,1,0,0,0,0,1,1,6,6,1,44,7,1598,1,13,MINI CLUBMAN,2,E01006782,0,-1
2021052102628,2021,052102628,1,9,0,5,5,1,5,0,0,0,0,0,0,0,2,1,6,6,1,75,10,1560,2,13,MINI CLUBMAN,2,E01007214,0,-1
2021440040255,2021,440040255,2,9,0,18,19,2,6,0,0,2,0,0,0,0,1,1,6,6,1,70,10,1499,1,6,MINI CLUBMAN,4,E01017172,0,-1
2021010340754,2021,010340754,5,9,0,2,2,0,0,0,0,0,0,0,0,0,3,1,6,6,3,-1,-1,1598,1,11,MINI CLUBMAN,-1,-1,0,-1
2021122100402,2021,122100402,1,9,0,5,5,1,5,0,0,0,0,0,0,0,0,1,6,6,2,58,9,1998,1,1,MINI CLUBMAN,10,E01027730,0,-1
2021201028631,2021,201028631,2,9,0,18,19,7,3,0,0,0,0,0,0,0,1,1,6,6,1,47,8,1598,2,9,MINI CLUBMAN,9,E01009959,0,-1
2021421127740,2021,421127740,2,9,0,2,2,0,0,0,0,0,0,4,0,0,3,1,6,6,3,-1,-1,1499,1,1,MINI CLUBMAN,-1,-1,0,-1
2021471053713,2021,471053713,1,9,0,18,19,8,5,0,0,6,0,0,1,9,3,1,1,1,1,59,9,1598,2,7,MINI CLUBMAN,6,E01031479,0,-1
2021461046408,2021,461046408,1,9,0,18,19,1,5,0,0,0,0,0,0,0,2,1,6,6,2,64,9,1600,1,10,MINI CLUBMAN,8,E01016126,0,-1
2021552200106,2021,552200106,1,9,0,7,7,1,4,0,0,5,0,0,0,0,1,1,6,6,1,28,6,1598,2,9,MINI CLUBMAN,8,E01015448,0,-1
2021430478203,2021,430478203,1,9,0,18,19,3,7,0,0,0,0,0,0,0,1,1,6,6,2,31,6,1598,1,9,MINI CLUBMAN,-1,-1,0,-1
2021471087224,2021,471087224,1,9,0,18,19,2,6,0,0,8,0,0,0,0,2,1,3,7,2,43,7,1499,1,3,MINI CLUBMAN,5,E01031631,0,-1
2021070240739,2021,070240739,2,9,0,18,19,7,3,0,0,0,0,0,0,0,2,1,6,6,2,54,8,1995,2,3,MINI CLUBMAN,8,W01000248,0,-1
2021461133224,2021,461133224,2,9,0,4,4,7,3,0,0,0,0,0,0,0,2,1,6,6,2,46,8,1998,1,2,MINI CLUBMAN,10,E01024146,0,-1
2021201071177,2021,201071177,1,9,0,9,9,2,8,0,0,6,0,4,0,0,3,1,6,6,1,34,6,1598,2,8,MINI CLUBMAN,5,E01010306,0,-1
2021430083532,2021,430083532,1,9,0,18,19,5,1,0,0,1,0,0,0,0,1,1,6,6,3,-1,-1,1499,1,5,MINI CLUBMAN,-1,-1,0,-1
2021041039607,2021,041039607,1,9,0,18,19,1,5,0,0,1,0,0,0,0,1,2,6,6,1,27,6,1598,1,13,MINI CLUBMAN,3,E01025210,0,-1
2021070754228,2021,070754228,1,9,0,18,19,6,7,0,0,0,0,0,0,0,1,1,6,6,1,61,9,1598,1,12,MINI CLUBMAN,2,E01012429,0,-1
2021010351577,2021,010351577,1,9,0,9,9,8,7,9,9,8,0,10,0,0,1,1,6,6,2,34,6,1598,1,9,MINI CLUBMAN,4,E01001595,0,-1
2021501091087,2021,501091087,1,9,0,11,11,7,5,0,0,0,0,0,0,0,0,1,6,6,2,45,7,1598,1,8,MINI CLUBMAN,3,E01015143,0,-1
2021061048772,2021,061048772,2,9,0,3,3,6,2,0,0,1,0,0,0,0,2,1,6,6,1,48,8,1598,1,11,MINI CLUBMAN,9,E01005740,0,-1
2021231111935,2021,231111935,1,9,0,5,5,4,6,0,0,6,0,0,0,0,1,1,3,7,2,42,7,1995,2,5,MINI CLUBMAN,7,E01031320,0,-1
2021421093650,2021,421093650,2,9,0,7,7,2,5,0,0,1,0,0,0,0,2,1,6,6,2,43,7,1499,1,4,MINI CLUBMAN,9,E01021682,0,-1
2021041038209,2021,041038209,2,9,0,18,19,3,7,0,0,1,0,0,0,0,1,1,5,6,2,60,9,1598,2,9,MINI CLUBMAN,7,E01024905,0,-1
2021451057257,2021,451057257,2,9,0,18,19,7,3,0,0,1,0,0,0,0,1,1,5,6,2,52,8,1499,1,3,MINI CLUBMAN,10,E01030821,0,-1
2021501134302,2021,501134302,2,9,0,18,19,4,8,0,0,0,0,0,0,0,1,1,6,6,1,46,8,1560,2,12,MINI CLUBMAN,5,E01019901,0,-1
2021522101988,2021,522101988,2,9,0,18,19,5,1,0,0,1,0,0,0,0,1,1,6,6,2,27,6,1560,2,12,MINI CLUBMAN,8,E01014484,0,-1
2021221126711,2021,221126711,1,9,0,5,5,1,4,0,0,1,0,0,0,0,1,1,6,6,1,68,10,1598,2,8,MINI CLUBMAN,2,E01014151,0,-1
2021221109814,2021,221109814,2,9,0,17,19,6,2,0,0,0,0,0,0,0,1,1,5,6,2,45,7,1499,1,2,MINI CLUBMAN,4,E01028978,0,-1
2021231044714,2021,231044714,2,9,0,8,8,6,8,0,0,1,0,0,0,0,2,1,3,7,2,41,7,1598,1,9,MINI CLUBMAN,6,E01031144,0,-1
2021052100218,2021,052100218,2,9,0,3,3,2,6,0,0,2,0,0,0,0,2,1,2,2,1,56,9,1598,1,12,MINI CLUBMAN,8,E01007103,0,-1
2021421057124,2021,421057124,1,9,0,13,13,2,6,9,9,0,0,0,0,0,4,1,6,6,2,84,11,1998,1,5,MINI CLUBMAN,9,E01021781,0,-1
2021010336813,2021,010336813,2,9,0,99,99,9,9,99,99,0,9,99,9,99,9,9,6,6,3,43,7,1598,1,12,MINI CLUBMAN,7,E01000849,0,-1
2021010314713,2021,010314713,2,9,0,14,14,7,3,0,0,1,1,0,0,0,3,1,6,6,1,27,6,1499,1,4,MINI CLUBMAN,2,E01003266,0,-1
2021070340896,2021,070340896,2,5,0,18,19,8,4,0,0,8,0,0,0,0,1,1,6,6,1,54,8,749,1,20,-1,9,E01018675,0,-1
2021201084158,2021,201084158,2,9,0,3,3,8,4,0,0,0,0,0,0,0,2,1,6,6,2,42,7,1600,8,0,PEUGEOT 3008,10,E01010231,0,-1
2021161112967,2021,161112967,2,9,0,18,19,4,8,0,0,0,0,0,1,0,1,1,6,6,2,43,7,1560,2,6,PEUGEOT 3008,10,E01012970,0,-1
2021010289276,2021,010289276,1,9,0,9,9,1,7,0,0,6,0,0,0,0,4,1,6,6,2,47,8,1560,2,8,PEUGEOT 3008,2,E01001079,0,-1
2021141066445,2021,141066445,3,9,0,18,19,5,1,0,0,0,0,0,0,0,1,1,2,2,2,29,6,1500,2,3,PEUGEOT 3008,5,E01032927,0,-1
2021320010293,2021,320010293,1,9,0,9,9,1,8,0,0,8,0,0,0,0,3,1,2,2,2,57,9,1560,2,4,PEUGEOT 3008,7,E01026397,0,-1
202154B021621,2021,54B021621,1,9,0,9,9,5,3,0,0,8,0,0,0,0,1,1,2,2,2,36,7,1598,1,2,PEUGEOT 3008,5,E01023201,0,-1
2021141037232,2021,141037232,2,9,0,18,19,1,1,0,0,1,0,0,0,0,1,1,6,6,3,-1,-1,1560,2,8,PEUGEOT 3008,-1,-1,0,-1
2021451024301,2021,451024301,2,9,0,14,14,7,3,0,0,0,0,0,0,0,4,1,6,6,1,83,11,1200,1,4,PEUGEOT 3008,9,E01031004,0,-1
2021101074155,2021,101074155,1,9,0,9,9,3,7,0,0,1,0,0,0,0,1,1,2,2,2,32,6,1560,2,12,PEUGEOT 3008,1,E01008426,0,-1
2021371111976,2021,371111976,2,9,0,14,14,8,4,0,0,0,0,0,0,0,2,1,6,6,1,31,6,1560,2,4,PEUGEOT 3008,10,E01021673,0,-1
2021010306570,2021,010306570,2,9,0,13,13,3,7,0,0,0,0,11,0,0,1,1,2,2,1,20,4,1500,2,3,PEUGEOT 3008,5,E01001214,0,-1
2021041126053,2021,041126053,2,9,0,18,19,3,7,0,0,8,1,0,0,0,3,1,5,6,2,48,8,1560,2,11,PEUGEOT 3008,3,E01024911,0,-1
2021361126451,2021,361126451,1,9,0,18,19,7,3,0,0,0,0,0,1,0,1,1,5,6,1,49,8,1560,2,8,PEUGEOT 3008,6,E01026515,0,-1
2021522101766,2021,522101766,1,9,0,9,9,2,8,0,0,8,0,0,0,0,4,1,6,6,2,34,6,1598,1,8,PEUGEOT 3008,7,E01029250,0,-1
2021010322546,2021,010322546,2,9,9,18,19,1,5,0,0,1,9,0,0,0,1,9,6,6,1,38,7,1598,1,4,PEUGEOT 3008,2,E01004001,0,-1
2021440014241,2021,440014241,2,9,0,3,3,2,6,0,0,0,0,0,1,11,2,1,2,2,1,38,7,1560,2,10,PEUGEOT 3008,4,E01017193,0,-1
2021052101724,2021,052101724,1,9,0,2,2,0,0,0,0,0,0,0,0,0,3,1,6,6,3,-1,-1,1560,2,11,PEUGEOT 3008,-1,-1,0,-1
2021010363389,2021,010363389,1,9,0,99,99,9,9,99,99,9,9,99,9,99,2,9,6,6,1,39,7,1200,1,0,PEUGEOT 3008,6,E01001494,0,-1
2021010328626,2021,010328626,2,9,0,18,19,5,1,0,0,8,0,0,0,0,1,9,6,6,3,-1,-1,1598,1,10,PEUGEOT 3008,-1,-1,0,-1
2021401095342,2021,401095342,1,9,0,17,19,7,3,0,0,0,0,0,7,0,4,1,6,6,1,33,6,1200,1,4,PEUGEOT 3008,4,E01017600,0,-1
2021052100966,2021,052100966,3,9,0,18,19,5,1,0,0,1,0,0,0,0,2,1,2,2,1,31,6,1560,2,7,PEUGEOT 3008,2,E01007130,0,-1
2021211046341,2021,211046341,1,9,0,2,2,0,0,0,0,2,0,0,0,0,3,1,6,6,2,36,7,1560,2,11,PEUGEOT 3008,2,E01029492,0,-1
2021211147741,2021,211147741,2,9,0,18,19,-1,-1,0,0,8,0,0,0,0,4,1,6,6,1,44,7,1500,2,1,PEUGEOT 3008,4,E01026874,0,-1
2021010334056,2021,010334056,2,9,0,99,99,9,9,99,99,9,9,99,9,99,1,9,6,6,3,-1,-1,1200,1,1,PEUGEOT 3008,-1,-1,0,-1
2021031071341,2021,031071341,1,9,0,18,19,5,5,0,0,0,5,0,0,0,4,1,5,6,1,77,11,1560,2,8,PEUGEOT 3008,-1,-1,0,-1
2021052102913,2021,052102913,1,9,0,18,19,4,8,0,0,8,0,0,0,0,1,1,1,1,2,45,7,1500,2,2,PEUGEOT 3008,-1,-1,0,-1
2021501046549,2021,501046549,1,9,0,4,4,2,6,0,0,1,0,0,0,0,2,1,5,6,1,39,7,1560,2,10,PEUGEOT 3008,1,E01015046,0,-1
2021361117733,2021,361117733,1,9,0,18,19,2,6,0,0,0,5,0,0,0,1,1,5,6,1,84,11,1560,2,10,PEUGEOT 3008,7,E01026897,0,-1