collision_index,collision_year,collision_ref_no,vehicle_reference,vehicle_type,towing_and_articulation,vehicle_manoeuvre_historic,vehicle_manoeuvre,vehicle_direction_from,vehicle_direction_to,vehicle_location_restricted_lane_historic,vehicle_location_restricted_lane,junction_location,skidding_and_overturning,hit_object_in_carriageway,vehicle_leaving_carriageway,hit_object_off_carriageway,first_point_of_impact,vehicle_left_hand_drive,journey_purpose_of_driver_historic,journey_purpose_of_driver,sex_of_driver,age_of_driver,age_band_of_driver,engine_capacity_cc,propulsion_code,age_of_vehicle,generic_make_model,driver_imd_decile,lsoa_of_driver,escooter_flag,driver_distance_banding
2021401105194,2021,401105194,2,9,0,3,3,7,3,0,0,4,0,0,0,0,3,1,5,6,2,50,8,1997,2,7,PEUGEOT 3008,1,E01015732,0,-1
2021411028543,2021,411028543,1,9,0,18,19,7,3,0,0,1,0,0,0,0,1,1,6,6,2,51,8,1560,2,8,PEUGEOT 3008,10,E01017413,0,-1
2021520103774,2021,520103774,2,9,0,2,2,0,0,0,0,0,0,0,0,0,2,1,6,6,2,-1,-1,1200,1,3,PEUGEOT 3008,-1,-1,0,-1
2021991121612,2021,991121612,3,9,0,4,4,7,3,0,0,0,0,0,0,0,2,1,5,6,2,37,7,1200,1,2,PEUGEOT 3008,9,-1,0,-1
2021991024395,2021,991024395,1,9,0,4,4,2,6,0,0,0,0,0,0,0,1,1,5,6,2,53,8,1560,2,9,PEUGEOT 3008,1,-1,0,-1
2021052101562,2021,052101562,2,9,0,3,3,7,3,0,0,4,0,0,0,0,3,1,6,6,1,73,10,1200,1,2,PEUGEOT 3008,7,E01007198,0,-1
2021041042299,2021,041042299,2,9,0,18,19,3,7,0,0,8,0,0,0,0,4,1,2,2,1,44,7,1500,2,3,PEUGEOT 3008,6,E01025418,0,-1
2021201058802,2021,201058802,2,9,0,3,3,1,5,0,0,0,0,0,0,0,2,1,6,6,1,46,8,1560,2,8,PEUGEOT 3008,2,E01010528,0,-1
2021221038530,2021,221038530,1,9,0,5,5,7,4,0,0,0,0,0,0,0,1,1,6,6,2,36,7,1997,2,11,PEUGEOT 3008,3,E01032277,0,-1
2021122100500,2021,122100500,2,9,0,5,5,7,3,0,0,3,0,0,0,0,2,1,6,6,1,33,6,1560,2,6,PEUGEOT 3008,6,E01027676,0,-1
2021122101155,2021,122101155,1,9,0,18,19,7,3,0,0,0,0,0,0,0,1,1,6,6,1,81,11,1200,1,3,PEUGEOT 3008,10,E01027855,0,-1
2021351086229,2021,351086229,1,9,0,4,4,7,7,0,0,0,0,0,0,0,1,1,6,6,1,52,8,1500,2,2,PEUGEOT 3008,7,E01018185,0,-1
2021010304012,2021,010304012,2,9,0,99,99,9,9,99,99,9,9,99,9,99,1,9,6,6,3,-1,-1,1500,2,1,PEUGEOT 3008,-1,-1,0,-1
2021201136590,2021,201136590,2,9,0,3,3,4,8,0,0,0,0,0,0,0,2,1,6,6,2,45,7,1997,2,11,PEUGEOT 3008,6,E01022338,0,-1
2021351014219,2021,351014219,1,9,0,5,5,-1,-1,0,0,1,0,0,0,0,2,1,5,6,1,38,7,1200,1,3,PEUGEOT 3008,3,E01017944,0,-1
2021411088191,2021,411088191,3,9,0,5,5,3,7,0,0,6,0,0,0,0,3,1,5,6,1,61,9,1500,2,1,PEUGEOT 3008,8,E01016595,0,-1
2021010325022,2021,010325022,1,9,0,18,19,5,1,0,0,0,0,0,1,2,1,1,6,6,1,59,9,1600,8,1,PEUGEOT 3008,2,E01004696,0,-1
2021061050601,2021,061050601,2,9,0,18,19,5,1,0,0,8,0,0,0,0,3,1,5,6,2,30,6,1200,1,2,PEUGEOT 3008,7,E01005492,0,-1
2021122100506,2021,122100506,1,9,0,18,19,5,1,0,0,0,0,0,0,0,1,1,6,6,2,72,10,1200,1,1,PEUGEOT 3008,5,E01027870,0,-1
2021371039142,2021,371039142,1,9,0,5,5,3,5,0,0,0,0,0,0,0,1,1,6,6,2,43,7,1560,2,11,PEUGEOT 3008,5,E01030210,0,-1
2021231047519,2021,231047519,2,9,0,18,19,3,8,0,0,0,5,0,1,9,2,1,1,1,1,53,8,1200,1,2,PEUGEOT 3008,8,E01017249,0,-1
2021070531360,2021,070531360,1,9,0,9,9,3,1,0,0,8,0,0,0,0,3,1,6,6,2,31,6,1560,2,7,PEUGEOT 3008,10,E01030996,0,-1
2021351092596,2021,351092596,1,9,0,9,9,1,1,0,0,0,0,0,0,0,1,1,5,6,2,49,8,1560,2,4,PEUGEOT 3008,-1,-1,0,-1
2021161084761,2021,161084761,1,9,0,9,9,2,7,0,0,1,0,0,0,0,0,1,6,6,1,51,8,1560,2,8,PEUGEOT 3008,4,E01012762,0,-1
2021131085227,2021,131085227,1,9,0,9,9,1,7,0,0,8,0,11,1,0,1,1,6,6,1,73,10,1560,2,7,PEUGEOT 3008,3,E01010914,0,-1
202163D040021,2021,63D040021,1,9,0,18,19,5,4,0,0,6,0,0,3,10,4,1,6,6,1,76,11,1200,1,1,PEUGEOT 3008,6,E01029750,0,-1
2021061072480,2021,061072480,2,8,0,18,19,1,5,0,0,1,0,0,0,0,4,1,1,1,1,51,8,1560,2,7,-1,1,E01005135,0,-1
2021471109630,2021,471109630,3,9,0,4,4,5,1,0,0,2,0,0,0,0,2,1,6,6,1,62,9,1200,1,3,PEUGEOT 3008,5,E01031401,0,-1
202134NNC3601,2021,34NNC3601,1,9,0,9,9,3,1,0,0,6,0,0,0,0,3,1,6,6,1,72,10,1500,2,2,PEUGEOT 3008,9,E01025809,0,-1
2021430337265,2021,430337265,2,9,0,8,8,2,4,0,0,1,0,0,0,0,2,1,6,6,1,56,9,1560,2,9,PEUGEOT 3008,5,E01016766,0,-1
2021371121429,2021,371121429,2,9,0,4,4,6,2,0,0,0,0,0,0,0,2,1,5,6,2,71,10,1997,2,3,PEUGEOT 3008,7,E01024109,0,-1
2021211039745,2021,211039745,1,9,0,18,19,5,1,0,0,0,0,0,0,0,1,1,2,2,1,53,8,1560,2,10,PEUGEOT 3008,9,E01029664,0,-1
2021991109718,2021,991109718,2,9,0,18,19,6,2,0,0,0,0,0,0,0,1,1,5,6,1,59,9,1200,1,3,PEUGEOT 3008,9,-1,0,-1
202134WNC5391,2021,34WNC5391,2,9,0,8,8,1,3,0,0,1,0,0,0,0,2,1,2,2,1,34,6,1560,2,9,PEUGEOT 3008,8,E01017461,0,-1
2021461051648,2021,461051648,2,9,0,2,2,0,0,0,0,1,0,0,0,0,3,1,6,6,3,-1,-1,1560,2,12,PEUGEOT 3008,-1,-1,0,-1
2021471064649,2021,471064649,2,9,0,18,19,7,3,0,0,8,0,0,0,0,4,1,5,6,2,46,8,1997,2,2,PEUGEOT 3008,5,E01016886,0,-1
2021991047326,2021,991047326,2,9,0,18,19,1,5,0,0,1,0,0,0,0,1,1,5,6,1,60,9,1500,2,3,PEUGEOT 3008,5,-1,0,-1
2021440422658,2021,440422658,1,9,0,5,5,7,3,0,0,4,0,0,0,0,3,1,6,6,2,67,10,1997,2,11,PEUGEOT 3008,8,E01022887,0,-1
202131B079521,2021,31B079521,3,9,0,16,19,1,5,0,0,2,0,0,0,0,0,1,2,2,2,30,6,1500,2,1,PEUGEOT 3008,5,E01028341,0,-1
2021552100635,2021,552100635,1,9,0,17,19,1,7,0,0,0,0,0,0,0,0,1,6,6,1,27,6,1200,1,4,PEUGEOT 3008,1,E01010370,0,-1
2021041101536,2021,041101536,2,9,0,18,19,8,4,0,0,0,0,0,0,0,1,1,1,1,2,51,8,1997,2,3,PEUGEOT 3008,9,E01025064,0,-1
2021302101023,2021,302101023,2,9,0,3,3,4,8,0,0,0,0,0,0,0,2,1,6,6,1,51,8,1200,1,2,PEUGEOT 3008,1,E01013480,0,-1
202163D065521,2021,63D065521,2,9,0,18,19,2,6,0,0,1,0,0,0,0,3,1,6,6,1,57,9,1500,2,1,PEUGEOT 3008,9,E01023182,0,-1
2021440388684,2021,440388684,1,9,0,18,19,1,6,0,0,8,0,0,0,0,4,1,2,2,2,56,9,1560,2,4,PEUGEOT 3008,5,E01017113,0,-1
2021010349852,2021,010349852,2,9,0,9,9,7,5,0,0,3,0,0,0,0,1,1,2,2,1,39,7,1560,2,4,PEUGEOT 3008,2,E01001055,0,-1
2021201133522,2021,201133522,2,9,0,18,19,8,5,0,0,8,0,0,0,0,1,1,6,6,2,33,6,1598,1,8,PEUGEOT 3008,4,E01009518,0,-1
202131B166121,2021,31B166121,2,9,0,18,19,1,5,0,0,8,0,0,0,0,3,1,6,6,2,53,8,1560,2,9,PEUGEOT 3008,3,E01028030,0,-1
2021010298206,2021,010298206,1,9,0,99,99,9,9,99,99,9,9,99,9,99,1,9,6,6,2,38,7,1560,2,6,PEUGEOT 3008,3,E01002401,0,-1
2021320541832,2021,320541832,1,9,0,4,4,6,2,0,0,0,0,0,0,0,1,1,6,6,2,59,9,1200,1,3,PEUGEOT 3008,7,E01026029,0,-1
2021471098398,2021,471098398,2,9,0,9,9,5,3,0,0,8,0,0,0,0,1,1,3,7,2,37,7,1560,2,5,PEUGEOT 3008,8,E01032835,0,-1
202134NNC3061,2021,34NNC3061,1,9,0,18,19,5,1,0,0,0,0,0,0,0,4,1,6,6,2,53,8,1560,2,11,PEUGEOT 3008,2,E01027314,0,-1
2021031113152,2021,031113152,1,9,0,18,19,8,4,0,0,0,0,0,0,0,4,1,5,6,2,53,8,1500,2,1,PEUGEOT 3008,9,E01019287,0,-1
2021430254155,2021,430254155,2,9,0,16,19,5,7,0,0,7,0,0,0,0,3,1,6,6,1,-1,-1,1560,2,8,PEUGEOT 3008,10,E01016632,0,-1
2021501133781,2021,501133781,2,9,0,9,9,1,7,0,0,8,0,0,0,0,1,1,6,6,1,73,10,1200,1,1,PEUGEOT 3008,5,E01020213,0,-1
2021461049661,2021,461049661,2,9,0,3,3,1,5,0,0,1,0,0,0,0,3,1,6,6,2,29,6,1560,2,8,PEUGEOT 3008,7,E01024405,0,-1
2021430465931,2021,430465931,1,9,0,17,19,7,1,0,0,0,0,0,1,4,1,1,6,6,1,43,7,1200,1,2,PEUGEOT 3008,10,E01028722,0,-1
2021111104747,2021,111104747,1,9,0,18,19,5,1,0,0,0,0,0,0,0,1,1,6,6,2,42,7,1500,2,1,PEUGEOT 3008,10,E01020721,0,-1
2021520101622,2021,520101622,1,9,0,18,19,5,1,0,0,0,0,0,0,0,1,1,6,6,2,50,8,1560,2,5,PEUGEOT 3008,7,E01029169,0,-1
2021070460675,2021,070460675,2,9,0,18,19,7,3,0,0,0,0,0,0,0,1,1,6,6,1,35,6,1560,2,5,PEUGEOT 3008,5,E01006337,0,-1
2021010303449,2021,010303449,1,9,0,99,99,9,9,99,99,9,9,99,9,99,9,9,6,6,2,33,6,1560,2,9,PEUGEOT 3008,7,E01021470,0,-1
2021991081323,2021,991081323,2,9,0,4,4,3,7,0,0,0,0,0,0,0,2,1,6,6,2,37,7,1598,1,0,PEUGEOT 3008,4,-1,0,-1
202131C196321,2021,31C196321,1,9,0,4,4,6,2,0,0,1,5,0,0,0,1,1,6,6,1,51,8,1200,1,1,PEUGEOT 3008,1,E01033405,0,-1
2021471028337,2021,471028337,2,9,0,9,9,6,4,0,0,8,0,0,0,0,0,1,5,6,2,37,7,1500,2,3,PEUGEOT 3008,3,E01016858,0,-1
2021122100598,2021,122100598,1,9,0,2,2,0,0,0,0,0,0,0,0,0,3,1,2,2,2,25,5,1560,2,7,PEUGEOT 3008,9,E01027737,0,-1
2021010305964,2021,010305964,1,9,0,17,19,5,1,0,0,8,0,0,0,0,4,1,6,6,1,25,5,1500,2,1,PEUGEOT 3008,8,E01021737,0,-1
2021101189026,2021,101189026,1,9,0,18,19,3,7,9,9,5,0,0,1,10,1,1,2,2,2,56,9,1500,2,0,PEUGEOT 3008,8,E01027418,0,-1
2021201023369,2021,201023369,2,9,0,5,5,3,7,0,0,6,0,10,1,1,1,1,6,6,3,-1,-1,1560,2,8,PEUGEOT 3008,-1,-1,0,-1
202134WNC2691,2021,34WNC2691,2,9,0,18,19,5,1,0,0,1,0,0,0,0,3,1,6,6,1,52,8,1598,1,10,PEUGEOT 3008,-1,-1,0,-1
2021010310684,2021,010310684,1,9,0,18,19,6,2,0,0,1,0,0,7,10,1,1,6,6,1,40,7,1560,2,11,PEUGEOT 3008,2,E01001128,0,-1
2021320610474,2021,320610474,2,9,0,9,9,3,1,0,0,8,0,0,7,0,1,1,2,2,2,38,7,1997,2,4,PEUGEOT 3008,4,E01026016,0,-1
2021010292672,2021,010292672,1,9,0,16,19,6,2,0,0,1,0,0,0,0,1,1,6,6,1,31,6,1997,2,4,PEUGEOT 3008,8,E01002238,0,-1
2021010323242,2021,010323242,2,9,0,18,19,5,1,0,0,0,0,0,0,0,4,1,2,2,2,29,6,1560,2,5,PEUGEOT 3008,2,E01002872,0,-1
2021430507120,2021,430507120,2,9,0,3,3,5,1,0,0,8,0,0,0,0,2,1,1,1,2,27,6,1997,2,10,PEUGEOT 3008,7,E01033509,0,-1
2021522101862,2021,522101862,1,9,0,18,19,1,5,0,0,0,0,0,0,0,1,1,6,6,1,64,9,1560,2,9,PEUGEOT 3008,1,E01014597,0,-1
2021201083157,2021,201083157,2,9,0,18,19,6,2,0,0,8,0,10,7,0,1,1,6,6,1,55,8,1598,1,2,PEUGEOT 3008,1,E01009367,0,-1
2021302101895,2021,302101895,2,9,0,4,4,8,4,0,0,0,0,0,1,1,2,1,6,6,1,42,7,1560,2,3,PEUGEOT 3008,6,E01027948,0,-1
2021401090488,2021,401090488,3,9,0,18,19,2,6,0,0,0,0,0,0,0,1,1,6,6,1,58,9,1997,12,9,PEUGEOT 3008,9,E01017582,0,-1
2021010350890,2021,010350890,1,9,0,9,9,1,7,0,0,5,0,0,0,0,1,1,6,6,1,21,5,1598,1,9,PEUGEOT 3008,4,E01003718,0,-1
2021991037045,2021,991037045,2,9,0,15,15,1,5,0,0,3,0,0,0,0,4,1,2,2,2,52,8,1500,2,2,PEUGEOT 3008,3,-1,0,-1
2021501075287,2021,501075287,1,9,0,18,19,8,4,0,0,1,0,10,1,0,1,1,6,6,1,85,11,1560,2,11,PEUGEOT 3008,8,E01019951,0,-1
2021501096973,2021,501096973,2,9,0,2,2,0,0,0,0,0,0,0,0,0,2,1,6,6,3,-1,-1,1200,1,1,PEUGEOT 3008,-1,-1,0,-1
2021501072986,2021,501072986,2,9,0,3,3,1,5,0,0,0,0,0,0,0,2,1,6,6,1,67,10,1500,2,3,PEUGEOT 3008,7,E01018879,0,-1
2021211132610,2021,211132610,2,9,0,18,19,6,2,0,0,4,0,0,0,0,4,1,6,6,2,52,8,1560,2,11,PEUGEOT 3008,7,E01029796,0,-1
2021430053170,2021,430053170,1,9,0,18,19,4,8,0,0,0,2,0,0,0,3,1,2,2,1,32,6,1560,2,7,PEUGEOT 3008,4,E01027352,0,-1
2021411074942,2021,411074942,1,9,0,4,4,8,4,0,0,0,0,0,1,0,2,1,6,6,2,40,7,1200,1,4,PEUGEOT 3008,7,E01023682,0,-1
2021010345515,2021,010345515,2,9,0,18,19,3,7,0,0,1,0,0,0,0,1,1,6,6,1,37,7,1200,1,4,PEUGEOT 3008,1,E01001574,0,-1
2021031065663,2021,031065663,1,9,0,18,19,5,1,0,0,0,0,0,0,0,3,1,6,6,1,-1,-1,1560,2,4,PEUGEOT 3008,2,E01019299,0,-1
2021531122087,2021,531122087,2,9,0,18,19,2,6,0,0,0,0,0,0,0,2,1,5,6,2,49,8,1560,2,7,PEUGEOT 3008,6,E01022232,0,-1
2021461057825,2021,461057825,2,9,0,18,19,5,1,0,0,0,1,0,1,0,1,1,6,6,1,29,6,1560,2,4,PEUGEOT 3008,5,E01024494,0,-1
2021010334855,2021,010334855,1,9,0,18,19,5,1,0,0,0,0,0,0,0,4,1,6,6,1,44,7,1560,2,4,PEUGEOT 3008,2,E01002703,0,-1
2021991045802,2021,991045802,2,9,0,2,2,0,0,0,0,0,0,0,0,0,2,1,5,6,1,56,9,1560,2,9,PEUGEOT 3008,4,-1,0,-1
2021122200064,2021,122200064,1,9,0,9,9,1,7,0,0,3,0,0,0,0,1,1,6,6,1,26,6,1560,2,10,PEUGEOT 3008,6,E01027604,0,-1
2021522103177,2021,522103177,2,9,0,9,9,7,5,0,0,8,0,0,0,0,1,1,6,6,1,40,7,1560,2,11,PEUGEOT 3008,3,E01032094,0,-1
2021501110618,2021,501110618,2,9,0,18,19,2,6,0,0,1,0,0,0,0,1,1,6,6,1,53,8,1560,2,6,PEUGEOT 3008,5,E01029464,0,-1
2021451022510,2021,451022510,2,9,0,18,19,1,5,0,0,1,0,0,0,0,1,1,5,6,2,38,7,1200,1,1,PEUGEOT 3008,8,E01030580,0,-1
2021161106824,2021,161106824,2,9,0,5,5,3,7,0,0,0,0,0,0,0,2,1,5,6,2,41,7,1560,2,9,PEUGEOT 3008,7,E01012989,0,-1
2021141117027,2021,141117027,1,9,0,12,12,2,6,0,0,2,0,0,0,0,1,1,2,2,1,65,9,1560,2,8,PEUGEOT 3008,4,E01028335,0,-1
2021501113059,2021,501113059,1,9,0,18,19,8,3,0,0,0,0,0,0,0,3,1,5,6,1,49,8,1500,2,1,PEUGEOT 3008,6,E01019061,0,-1
2021501130535,2021,501130535,1,9,0,6,6,1,5,0,0,8,1,0,0,0,3,1,6,6,1,49,8,1997,2,6,PEUGEOT 3008,4,E01020131,0,-1
2021161042344,2021,161042344,1,9,0,14,14,8,4,0,0,0,0,0,0,0,4,1,6,6,2,50,8,1200,1,2,PEUGEOT 3008,-1,-1,0,-1
2021231111366,2021,231111366,2,9,0,18,19,5,1,0,0,8,0,0,0,0,1,1,2,2,1,51,8,1560,2,4,PEUGEOT 3008,7,E01025864,0,-1
2021440472964,2021,440472964,3,9,0,2,2,0,0,0,0,2,0,0,0,0,1,1,6,6,3,-1,-1,1560,2,10,PEUGEOT 3008,-1,-1,0,-1
2021201144833,2021,201144833,2,9,0,18,19,8,4,0,0,8,0,0,0,0,3,1,6,6,1,40,7,1560,2,11,PEUGEOT 3008,1,E01010486,0,-1
2021170S20351,2021,170S20351,2,9,0,18,19,7,3,0,0,8,0,0,0,0,1,1,6,6,2,42,7,1560,2,10,PEUGEOT 3008,1,E01033477,0,-1
2021461121257,2021,461121257,1,9,0,18,19,1,5,0,0,0,0,0,0,0,1,1,6,6,2,27,6,1560,2,9,PEUGEOT 3008,1,E01024498,0,-1
2021302101406,2021,302101406,2,9,0,10,10,6,4,0,0,1,0,0,0,0,2,1,2,2,1,52,8,1560,2,5,PEUGEOT 3008,10,E01028388,0,-1
2021131075440,2021,131075440,2,9,0,2,2,0,0,0,0,8,0,0,0,0,2,1,6,6,3,-1,-1,1560,2,8,PEUGEOT 3008,-1,-1,0,-1
2021201072661,2021,201072661,1,9,0,18,19,2,6,0,0,0,0,0,0,0,3,1,6,6,1,38,7,1560,2,8,PEUGEOT 3008,5,E01009267,0,-1
2021411066818,2021,411066818,3,9,0,3,3,2,6,0,0,1,0,0,0,0,1,1,5,6,2,44,7,1560,2,11,PEUGEOT 3008,5,E01023705,0,-1
202163D022921,2021,63D022921,1,9,0,16,19,4,7,0,0,0,2,0,2,10,4,1,6,6,1,45,7,1200,1,1,PEUGEOT 3008,7,W01000470,0,-1
2021131063476,2021,131063476,2,9,0,18,19,1,2,0,0,8,0,0,0,0,1,2,6,6,1,32,6,1200,1,0,PEUGEOT 3008,9,E01027663,0,-1
2021320609136,2021,320609136,1,9,0,18,19,6,2,0,0,0,0,0,0,0,1,1,6,6,2,31,6,1560,2,10,PEUGEOT 3008,7,E01026220,0,-1
2021010332429,2021,010332429,1,9,0,6,6,7,7,0,0,6,1,4,0,0,1,2,3,7,2,47,8,1598,1,2,PEUGEOT 3008,3,E01001492,0,-1
2021061130521,2021,061130521,1,9,0,9,9,6,4,0,0,5,0,0,0,0,3,1,2,2,2,45,7,1560,2,8,PEUGEOT 3008,9,E01006381,0,-1
202131C091821,2021,31C091821,1,9,0,18,19,6,2,9,9,2,0,0,1,1,1,1,6,6,2,24,5,1560,2,8,PEUGEOT 3008,1,E01013818,0,-1
2021122100554,2021,122100554,2,9,0,18,19,5,1,0,0,0,0,0,0,0,1,1,6,6,2,57,9,1598,1,3,PEUGEOT 3008,7,E01027735,0,-1
2021430265883,2021,430265883,2,9,0,4,4,4,8,0,0,0,5,0,0,0,2,1,6,6,1,35,6,1200,1,1,PEUGEOT 3008,6,E01025598,0,-1
2021361078052,2021,361078052,2,9,0,4,4,1,5,0,0,0,0,0,0,0,2,1,2,2,2,31,6,1560,2,10,PEUGEOT 3008,5,E01026487,0,-1
2021302100686,2021,302100686,2,9,0,18,19,8,6,0,0,8,0,0,0,0,4,1,6,6,2,33,6,1997,2,2,PEUGEOT 3008,3,E01033388,0,-1
2021451022304,2021,451022304,3,9,0,3,3,5,3,0,0,1,0,0,0,0,2,1,5,6,2,37,7,1598,1,10,PEUGEOT 3008,8,E01030928,0,-1
2021141149552,2021,141149552,1,9,0,18,19,4,8,0,0,2,0,0,0,0,2,1,6,6,2,72,10,1560,2,5,PEUGEOT 3008,3,E01007812,0,-1
2021471042980,2021,471042980,2,9,0,18,19,5,1,0,0,1,0,0,0,0,1,1,5,6,1,78,11,1560,2,11,PEUGEOT 3008,4,E01021127,0,-1
2021451051048,2021,451051048,3,9,0,4,4,5,1,0,0,1,0,0,0,0,2,1,2,2,1,28,6,1560,2,10,PEUGEOT 3008,10,E01030992,0,-1
2021440317769,2021,440317769,1,9,0,18,19,3,7,0,0,1,0,0,0,0,1,1,6,6,1,31,6,1560,2,5,PEUGEOT 3008,5,E01031467,0,-1
2021061120716,2021,061120716,2,9,0,18,19,1,5,0,0,2,0,0,0,0,1,1,1,1,2,43,7,1560,2,11,PEUGEOT 3008,1,E01005190,0,-1
2021010293273,2021,010293273,1,9,0,99,99,9,9,99,99,0,9,99,9,99,9,9,2,2,2,34,6,1200,1,4,PEUGEOT 3008,3,E01003109,0,-1
2021371100626,2021,371100626,1,9,0,14,14,7,3,0,0,0,0,0,0,0,1,1,1,1,2,62,9,1997,2,11,PEUGEOT 3008,7,E01030051,0,-1
2021411141368,2021,411141368,2,9,0,2,2,0,0,9,9,1,0,0,0,0,3,1,6,6,1,51,8,1500,2,1,PEUGEOT 3008,2,E01023404,0,-1
2021141115135,2021,141115135,2,9,0,18,19,8,4,0,0,0,1,7,1,1,4,1,6,6,2,25,5,1200,1,4,PEUGEOT 3008,5,E01007644,0,-1
2021351063727,2021,351063727,1,9,0,18,19,4,8,0,0,0,0,0,0,0,1,1,6,6,2,34,6,1200,1,3,PEUGEOT 3008,4,E01018062,0,-1
2021461077508,2021,461077508,2,9,0,2,2,7,7,0,0,0,0,0,1,0,2,1,6,6,1,51,8,1560,2,9,PEUGEOT 3008,2,E01000386,0,-1
2021041087120,2021,041087120,1,9,0,10,10,7,3,0,0,6,0,0,0,0,3,1,3,7,2,48,8,1560,2,8,PEUGEOT 3008,9,E01025240,0,-1
2021552100737,2021,552100737,1,9,0,5,5,4,8,0,0,0,0,0,0,0,4,1,6,6,1,53,8,1500,2,3,PEUGEOT 3008,9,E01020505,0,-1
2021221050525,2021,221050525,2,9,0,9,9,8,7,0,0,6,0,0,0,0,3,1,5,6,1,91,11,1560,2,5,PEUGEOT 3008,-1,-1,0,-1
2021991080456,2021,991080456,2,9,0,4,4,1,5,0,0,1,0,0,0,0,1,1,5,6,2,48,8,1560,2,5,PEUGEOT 3008,6,-1,0,-1
2021221039161,2021,221039161,1,9,0,4,4,7,3,0,0,1,0,0,0,0,2,1,5,6,2,27,6,1500,2,3,PEUGEOT 3008,6,E01032199,0,-1
2021170S30831,2021,170S30831,2,9,0,18,19,1,5,0,0,1,0,0,0,0,1,1,2,2,2,37,7,1560,2,7,PEUGEOT 3008,3,E01012239,0,-1
2021041085981,2021,041085981,1,9,0,18,19,5,1,0,0,6,0,0,0,0,4,1,6,6,1,48,8,1598,1,1,PEUGEOT 3008,1,E01025188,0,-1
2021461045855,2021,461045855,2,9,0,18,19,5,1,0,0,0,0,0,0,0,1,1,6,6,2,39,7,1560,2,10,PEUGEOT 3008,1,E01024215,0,-1
2021421022845,2021,421022845,1,9,0,16,19,4,7,0,0,0,0,10,0,0,3,1,6,6,1,42,7,1560,2,10,PEUGEOT 3008,9,E01004387,0,-1
202131A110921,2021,31A110921,1,9,0,18,19,2,6,0,0,0,0,0,0,0,1,1,6,6,2,73,10,1560,2,10,PEUGEOT 3008,2,E01028313,0,-1
2021031091179,2021,031091179,2,9,0,18,19,5,1,0,0,8,0,0,1,11,1,1,6,6,1,46,8,1560,2,4,PEUGEOT 3008,5,E01019127,0,-1
2021440197921,2021,440197921,1,9,0,16,19,4,8,0,0,8,0,0,7,1,3,1,2,2,2,28,6,1560,2,11,PEUGEOT 3008,2,E01023006,0,-1
2021041027535,2021,041027535,1,9,0,18,19,7,3,0,0,0,0,0,0,0,4,1,5,6,2,26,6,1500,2,1,PEUGEOT 3008,1,E01012571,0,-1
2021221018943,2021,221018943,2,9,0,16,19,2,6,0,0,0,1,0,0,0,3,1,3,7,2,41,7,1560,2,4,PEUGEOT 3008,7,W01001907,0,-1
2021052102162,2021,052102162,2,9,0,3,3,7,3,0,0,1,0,0,0,0,2,1,4,7,3,-1,-1,1560,2,12,PEUGEOT 3008,-1,-1,0,-1
2021461073109,2021,461073109,1,9,0,18,19,3,7,0,0,0,0,0,0,0,1,1,5,6,1,38,7,1560,2,11,PEUGEOT 3008,8,E01000784,0,-1
2021440230211,2021,440230211,1,9,0,9,9,7,5,0,0,8,0,0,0,0,3,1,6,6,2,40,7,1560,2,6,PEUGEOT 3008,5,E01017088,0,-1
2021131099369,2021,131099369,2,9,0,9,9,1,5,0,0,8,0,0,0,0,1,1,5,6,2,74,10,1560,2,9,PEUGEOT 3008,6,E01011534,0,-1
2021141041335,2021,141041335,1,9,0,18,19,1,5,0,0,0,0,0,0,0,3,1,6,6,2,32,6,1200,1,1,PEUGEOT 3008,3,E01007966,0,-1
2021231087936,2021,231087936,1,9,0,18,19,2,6,0,0,0,1,0,0,0,1,1,5,6,2,33,6,1560,2,9,PEUGEOT 3008,10,E01010388,0,-1
2021111044357,2021,111044357,1,9,0,10,10,5,1,0,0,5,0,0,0,0,1,1,5,6,1,30,6,1200,1,4,PEUGEOT 3008,5,E01020650,0,-1
2021421102199,2021,421102199,4,9,0,2,2,4,4,0,0,0,0,0,0,0,2,1,6,6,3,-1,-1,1560,2,9,PEUGEOT 3008,-1,-1,0,-1
2021351100119,2021,351100119,1,9,0,5,5,6,1,0,0,8,0,0,0,0,3,1,5,6,1,74,10,1560,2,3,PEUGEOT 3008,6,E01018131,0,-1
2021501082238,2021,501082238,2,9,0,18,19,8,4,0,0,1,5,0,0,0,4,1,5,6,1,74,10,1500,2,0,PEUGEOT 3008,4,E01018887,0,-1
2021070651208,2021,070651208,2,9,0,18,19,4,8,0,0,0,0,0,0,0,1,1,6,6,2,49,8,1560,2,7,PEUGEOT 3008,9,E01018723,0,-1
2021101105768,2021,101105768,1,9,0,18,19,1,5,0,0,8,0,4,0,0,4,1,5,6,1,77,11,1200,1,5,PEUGEOT 3008,-1,-1,0,-1
2021991095668,2021,991095668,2,9,0,18,19,6,2,0,0,1,0,0,0,0,2,1,6,6,1,72,10,1500,2,3,PEUGEOT 3008,8,-1,0,-1
2021548196021,2021,548196021,2,9,0,4,4,5,1,0,0,1,0,0,0,0,2,1,6,6,1,41,7,1200,1,4,PEUGEOT 3008,5,E01014679,0,-1
2021041081336,2021,041081336,2,9,0,18,19,3,7,0,0,2,0,0,0,0,1,1,6,6,1,25,5,1560,2,3,PEUGEOT 3008,6,E01027560,0,-1
2021461017818,2021,461017818,1,9,0,18,19,4,1,0,0,0,0,0,0,0,4,1,6,6,2,33,6,1598,1,3,PEUGEOT 3008,5,E01024831,0,-1
2021351095366,2021,351095366,4,9,0,2,2,0,0,0,0,0,0,0,0,0,1,1,5,6,1,-1,-1,1560,2,9,PEUGEOT 3008,-1,-1,0,-1