collision_index,collision_year,collision_ref_no,vehicle_reference,vehicle_type,towing_and_articulation,vehicle_manoeuvre_historic,vehicle_manoeuvre,vehicle_direction_from,vehicle_direction_to,vehicle_location_restricted_lane_historic,vehicle_location_restricted_lane,junction_location,skidding_and_overturning,hit_object_in_carriageway,vehicle_leaving_carriageway,hit_object_off_carriageway,first_point_of_impact,vehicle_left_hand_drive,journey_purpose_of_driver_historic,journey_purpose_of_driver,sex_of_driver,age_of_driver,age_band_of_driver,engine_capacity_cc,propulsion_code,age_of_vehicle,generic_make_model,driver_imd_decile,lsoa_of_driver,escooter_flag,driver_distance_banding
2021501095376,2021,501095376,2,9,0,17,19,1,5,0,0,8,0,0,0,0,1,1,5,6,1,57,9,1997,2,9,PEUGEOT 3008,8,E01031180,0,-1
2021411086337,2021,411086337,1,9,0,9,9,6,4,0,0,8,0,0,0,0,4,1,5,6,1,40,7,1200,1,2,PEUGEOT 3008,4,E01023534,0,-1
2021070809989,2021,070809989,2,9,0,18,19,2,6,0,0,0,0,0,0,0,1,1,6,6,1,79,11,1560,2,4,PEUGEOT 3008,9,W01000300,0,-1
2021471034866,2021,471034866,1,9,0,18,19,7,3,0,0,1,0,0,0,0,3,1,5,6,1,34,6,1200,1,2,PEUGEOT 3008,4,E01033756,0,-1
2021451104321,2021,451104321,1,9,0,18,19,1,5,0,0,0,0,0,0,0,2,1,5,6,1,36,7,1560,2,4,PEUGEOT 3008,9,E01030582,0,-1
2021401117064,2021,401117064,1,9,0,18,19,4,8,0,0,0,0,0,0,0,1,1,3,7,2,44,7,1560,2,10,PEUGEOT 3008,4,E01017581,0,-1
2021061120333,2021,061120333,2,9,0,2,2,0,0,0,0,0,0,4,0,0,2,1,6,6,3,-1,-1,1560,2,8,PEUGEOT 3008,-1,-1,0,-1
2021122101007,2021,122101007,2,9,0,18,19,6,2,0,0,1,0,0,0,0,1,1,6,6,2,36,7,1560,2,7,PEUGEOT 3008,2,E01012534,0,-1
2021520103649,2021,520103649,2,9,0,7,7,3,6,0,0,8,0,0,0,0,1,1,6,6,2,36,7,1598,1,11,PEUGEOT 3008,3,E01029062,0,-1
2021122101344,2021,122101344,1,9,0,1,1,2,6,0,0,0,0,0,0,0,2,1,6,6,1,67,10,1560,2,3,PEUGEOT 3008,10,E01027641,0,-1
2021552100925,2021,552100925,1,9,0,9,9,8,6,0,0,5,0,0,0,0,4,1,6,6,2,74,10,1500,2,2,PEUGEOT 3008,10,E01015455,0,-1
2021622100964,2021,622100964,2,9,0,4,4,6,2,0,0,0,1,0,0,0,2,1,6,6,1,40,7,1560,2,3,PEUGEOT 3008,7,E01025937,0,-1
2021061030171,2021,061030171,1,9,0,7,7,1,3,0,0,6,0,0,0,0,1,1,6,6,1,30,6,1500,2,1,PEUGEOT 3008,-1,-1,0,-1
2021201142510,2021,201142510,2,9,0,9,9,2,8,0,0,6,0,0,0,0,1,1,6,6,1,56,9,1560,2,11,PEUGEOT 3008,1,E01010060,0,-1
2021501062010,2021,501062010,1,9,0,4,4,1,5,0,0,0,0,0,0,0,2,1,5,6,1,72,10,1598,1,4,PEUGEOT 3008,9,E01033234,0,-1
2021351045982,2021,351045982,1,9,0,13,13,7,3,0,0,0,0,0,1,0,3,1,3,7,2,33,6,1560,2,6,PEUGEOT 3008,3,E01017971,0,-1
2021161060358,2021,161060358,1,9,0,5,5,7,3,0,0,6,0,0,0,0,1,1,6,6,3,-1,-1,1560,2,9,PEUGEOT 3008,-1,-1,0,-1
2021991126113,2021,991126113,1,9,0,18,19,7,3,0,0,0,0,0,0,0,1,1,6,6,2,40,7,1560,2,7,PEUGEOT 3008,1,-1,0,-1
2021311120730,2021,311120730,1,9,0,4,4,5,1,0,0,1,0,0,0,0,2,1,2,2,1,38,7,1500,2,0,PEUGEOT 3008,4,E01028343,0,-1
2021052100172,2021,052100172,1,9,0,18,19,3,7,0,0,0,5,0,0,0,1,1,6,6,1,69,10,1200,1,1,PEUGEOT 3008,1,E01006737,0,-1
2021520103790,2021,520103790,2,2,0,18,19,5,1,0,0,0,0,0,0,0,1,1,6,6,1,17,4,49,1,9,-1,6,E01029125,0,-1
2021141013775,2021,141013775,1,2,0,4,4,1,5,0,0,1,1,0,0,0,0,1,1,1,1,62,9,49,1,5,-1,3,E01007900,0,-1
2021451126313,2021,451126313,7,9,0,2,2,0,0,0,0,0,0,0,0,0,1,1,5,6,3,40,7,2487,8,0,-1,6,E01030667,0,-1
2021141067520,2021,141067520,1,3,0,5,5,3,6,0,0,0,0,0,0,0,0,1,5,6,1,54,8,101,1,2,-1,4,E01007354,0,-1
2021070681464,2021,070681464,2,3,0,18,19,6,2,0,0,8,0,0,0,0,4,1,3,7,2,47,8,-1,-1,-1,-1,10,E01018506,0,-1
2021471069449,2021,471069449,2,5,0,18,19,2,6,0,0,1,0,0,0,0,4,1,5,6,1,57,9,1200,1,1,TRIUMPH SCRAMBLER,7,E01021199,0,-1
2021070243982,2021,070243982,2,5,0,18,19,7,3,0,0,8,0,0,0,0,1,1,6,6,1,61,9,1200,1,1,TRIUMPH SCRAMBLER,10,E01018562,0,-1
2021451028992,2021,451028992,2,5,0,17,19,7,3,0,0,8,0,0,0,0,1,1,5,6,1,46,8,1200,1,1,TRIUMPH SCRAMBLER,7,E01030423,0,-1
2021421104803,2021,421104803,2,5,0,10,10,7,5,0,0,1,5,0,0,0,1,1,6,6,1,53,8,1200,1,2,TRIUMPH SCRAMBLER,-1,-1,0,-1
2021421099396,2021,421099396,1,5,0,4,4,3,7,0,0,0,1,0,0,0,4,1,5,6,1,45,7,1200,1,0,TRIUMPH SCRAMBLER,4,E01015971,0,-1
2021430254461,2021,430254461,1,5,0,18,19,1,5,0,0,0,1,7,1,0,2,1,2,2,1,64,9,1200,1,2,TRIUMPH SCRAMBLER,10,E01016646,0,-1
2021122100824,2021,122100824,2,5,0,13,13,4,8,0,0,8,1,0,0,0,4,1,6,6,1,37,7,1200,1,0,TRIUMPH SCRAMBLER,4,E01010637,0,-1
2021010296208,2021,010296208,1,5,0,18,19,1,5,0,0,8,0,0,0,0,3,1,6,6,1,44,7,1200,1,2,TRIUMPH SCRAMBLER,3,E01013992,0,-1
2021320581568,2021,320581568,2,5,0,18,19,8,4,0,0,0,0,11,1,0,1,1,6,6,1,70,10,1200,1,2,TRIUMPH SCRAMBLER,8,E01026191,0,-1
2021302101203,2021,302101203,2,5,0,13,13,2,6,0,0,8,0,0,0,0,1,1,6,6,1,60,9,1200,1,2,TRIUMPH SCRAMBLER,3,E01019776,0,-1
2021440090334,2021,440090334,1,5,0,11,11,1,5,0,0,8,0,0,0,0,4,1,2,2,1,34,6,1200,1,1,TRIUMPH SCRAMBLER,6,E01032884,0,-1
2021451099686,2021,451099686,1,5,0,13,13,7,3,0,0,1,0,0,0,0,3,1,5,6,1,48,8,1200,1,0,TRIUMPH SCRAMBLER,10,E01030831,0,-1
2021421057659,2021,421057659,2,9,0,12,12,1,5,0,0,4,0,0,0,0,1,1,6,6,1,82,11,2316,1,34,-1,-1,-1,0,-1
2021440214986,2021,440214986,2,9,0,18,19,2,6,0,0,8,0,0,0,0,1,1,6,6,1,19,4,1986,1,30,-1,7,E01020357,0,-1
2021421016377,2021,421016377,2,9,0,17,19,3,7,0,0,0,0,0,0,0,1,1,5,6,2,34,6,3993,1,6,AUDI RS6,3,E01015927,0,-1
2021010314936,2021,010314936,1,9,0,18,19,5,1,0,0,9,9,99,9,1,4,9,6,6,1,32,6,3993,1,6,AUDI RS6,7,E01002341,0,-1
2021131062559,2021,131062559,2,9,0,17,19,1,5,0,0,8,1,0,1,0,3,1,5,6,1,33,6,3993,1,6,AUDI RS6,10,E01032504,0,-1
2021061024070,2021,061024070,1,9,0,18,19,1,3,0,0,1,0,0,0,0,3,1,6,6,1,30,6,3993,1,5,AUDI RS6,6,E01005364,0,-1
2021010333464,2021,010333464,1,9,0,99,99,9,9,99,99,9,9,99,9,99,9,9,6,6,3,-1,-1,3993,1,4,AUDI RS6,-1,-1,0,-1
2021471091955,2021,471091955,1,9,0,13,13,2,6,0,0,0,0,0,0,0,3,1,5,6,1,41,7,3993,1,3,AUDI RS6,8,E01031369,0,-1
2021131088619,2021,131088619,1,9,0,18,19,4,8,0,0,0,0,0,0,0,4,1,2,2,1,53,8,3993,1,7,AUDI RS6,7,E01019711,0,-1
2021061033427,2021,061033427,3,9,0,13,13,8,4,0,0,2,0,0,0,0,1,1,6,6,3,-1,-1,3996,1,1,AUDI RS6,-1,-1,0,-1
2021201151736,2021,201151736,1,9,0,18,19,3,7,0,0,6,0,0,0,0,3,1,6,6,3,28,6,3996,1,1,AUDI RS6,6,E01000231,0,-1
2021010297848,2021,010297848,1,9,0,12,12,1,5,0,0,0,0,4,0,0,1,1,6,6,1,22,5,3993,1,4,AUDI RS6,6,E01004703,0,-1
2021041022857,2021,041022857,1,9,0,18,19,1,5,0,0,0,0,0,0,0,1,2,5,6,1,26,6,4991,1,13,AUDI RS6,6,E01025563,0,-1
2021201061071,2021,201061071,2,9,0,18,19,2,6,0,0,8,0,0,0,0,1,1,6,6,1,-1,-1,3993,1,5,AUDI RS6,-1,-1,0,-1
2021010330932,2021,010330932,2,5,0,5,5,7,3,0,0,2,0,4,0,0,1,1,2,2,2,54,8,696,1,12,-1,-1,-1,0,-1
2021101109885,2021,101109885,1,5,0,18,19,1,1,0,0,0,1,0,7,0,0,1,6,6,1,44,7,696,1,9,-1,10,E01008272,0,-1
2021320319857,2021,320319857,3,5,0,18,19,2,6,0,0,1,0,0,0,0,1,1,6,6,1,28,6,696,1,10,-1,3,E01026043,0,-1
2021211200649,2021,211200649,2,5,0,18,19,3,8,0,0,1,0,0,0,0,1,1,5,6,1,35,6,696,1,12,-1,9,E01019597,0,-1
2021010322175,2021,010322175,1,5,0,5,5,7,3,0,0,8,0,0,0,0,3,1,6,6,1,46,8,696,1,13,-1,3,E01016016,0,-1
2021010344343,2021,010344343,1,5,0,99,99,9,9,99,99,9,9,99,9,99,9,1,6,6,1,26,6,803,1,10,-1,6,E01001451,0,-1
2021531096968,2021,531096968,2,5,0,16,19,8,1,0,0,3,0,0,1,0,1,1,1,1,1,37,7,803,1,8,-1,6,E01022198,0,-1
2021430358530,2021,430358530,2,5,0,18,19,3,7,0,0,1,0,0,0,0,1,1,6,6,1,47,8,803,1,8,-1,10,E01017703,0,-1
2021010318592,2021,010318592,2,3,0,3,3,6,2,0,0,0,0,0,0,0,2,1,1,1,1,36,7,125,1,4,HONDA SH 125,-1,-1,0,-1
2021010329497,2021,010329497,1,3,0,99,99,9,9,99,99,9,9,99,9,99,1,1,6,6,1,30,6,125,1,1,HONDA SH 125,2,E01001824,0,-1
2021010344233,2021,010344233,1,3,0,99,99,9,9,99,99,9,9,99,9,99,9,1,1,1,1,27,6,125,1,9,HONDA SH 125,5,E01001277,0,-1
2021010290698,2021,010290698,1,3,0,99,99,9,9,99,99,9,9,99,9,99,9,1,6,6,1,25,5,125,1,7,HONDA SH 125,3,E01001391,0,-1
2021010320499,2021,010320499,1,3,0,99,99,9,9,99,99,9,9,99,9,99,2,1,1,1,1,35,6,125,1,0,HONDA SH 125,9,E01004640,0,-1
2021010305679,2021,010305679,1,3,0,5,5,8,4,0,0,2,0,0,0,0,1,1,1,1,1,35,6,125,1,4,HONDA SH 125,5,E01004644,0,-1
2021010304514,2021,010304514,1,3,0,18,19,3,7,0,0,0,0,0,0,0,1,1,6,6,1,23,5,125,1,4,HONDA SH 125,2,E01004223,0,-1
2021010306006,2021,010306006,1,3,0,99,99,9,9,99,99,0,9,99,9,99,9,1,2,2,1,41,7,125,1,1,HONDA SH 125,3,E01003143,0,-1
2021010327440,2021,010327440,1,3,0,99,99,9,9,99,99,0,9,99,9,99,1,1,6,6,1,37,7,125,1,2,HONDA SH 125,8,E01023576,0,-1
2021010308944,2021,010308944,2,2,0,18,19,5,1,0,0,1,0,0,0,0,4,1,6,6,1,40,7,125,1,10,HONDA SH 125,8,E01000179,0,-1
2021010289877,2021,010289877,1,3,0,3,3,1,5,0,0,2,2,0,3,0,4,1,6,6,1,23,5,125,1,7,HONDA SH 125,4,E01001459,0,-1
2021010320121,2021,010320121,1,3,0,8,8,2,4,0,0,6,5,0,0,0,3,1,1,1,1,26,6,125,1,3,HONDA SH 125,-1,-1,0,-1
2021010294649,2021,010294649,1,3,0,3,3,5,1,0,0,8,0,0,0,0,1,1,2,2,1,51,8,125,1,2,HONDA SH 125,9,E01000409,0,-1
2021010342829,2021,010342829,1,3,0,99,99,9,9,99,99,9,9,99,9,99,9,1,6,6,1,38,7,125,1,2,HONDA SH 125,-1,-1,0,-1
2021010296482,2021,010296482,1,3,0,99,99,9,9,99,99,9,9,99,9,99,9,1,2,2,1,29,6,125,1,6,HONDA SH 125,3,E01001175,0,-1
2021010296164,2021,010296164,2,2,0,4,4,7,3,0,0,1,0,0,0,0,1,1,1,1,1,23,5,125,1,0,HONDA SH 125,5,E01004463,0,-1
2021010329282,2021,010329282,2,2,0,9,9,3,8,0,0,0,0,0,0,0,1,1,1,1,1,24,5,125,1,7,HONDA SH 125,5,E01000571,0,-1
2021010295149,2021,010295149,1,3,0,99,99,9,9,99,99,9,9,99,9,99,1,1,2,2,1,39,7,125,1,2,HONDA SH 125,4,E01002050,0,-1
2021010343949,2021,010343949,1,3,0,99,99,9,9,99,99,9,9,99,9,99,9,1,2,2,1,27,6,125,1,0,HONDA SH 125,1,E01003516,0,-1
2021010343854,2021,010343854,2,3,0,14,14,7,3,0,0,1,0,0,0,0,1,1,1,1,1,32,6,125,1,0,HONDA SH 125,3,E01001349,0,-1
2021010325675,2021,010325675,1,3,0,99,99,9,9,99,99,9,9,99,9,99,1,1,6,6,1,40,7,125,1,4,HONDA SH 125,3,E01001807,0,-1
2021010302241,2021,010302241,2,3,0,15,15,6,2,0,0,0,0,0,0,0,1,1,1,1,1,44,7,125,1,0,HONDA SH 125,7,E01003370,0,-1
2021010320066,2021,010320066,1,3,0,18,19,1,5,0,0,1,0,0,0,0,1,1,6,6,1,33,6,125,1,1,HONDA SH 125,9,E01003360,0,-1
2021010317392,2021,010317392,1,3,0,99,99,9,9,99,99,9,9,99,9,99,1,1,6,6,1,33,6,125,1,1,HONDA SH 125,3,E01004573,0,-1
2021010303940,2021,010303940,1,3,0,18,19,1,5,2,2,0,0,0,0,0,1,1,2,2,1,35,6,125,1,0,HONDA SH 125,10,E01000809,0,-1
2021010348688,2021,010348688,1,4,0,18,19,1,5,0,0,8,0,0,0,0,1,1,1,1,1,21,5,125,1,0,HONDA SH 125,2,E01000628,0,-1
2021010350522,2021,010350522,2,3,0,13,13,8,4,9,9,8,0,0,0,0,4,1,6,6,1,28,6,125,1,8,HONDA SH 125,5,E01023806,0,-1
2021061045050,2021,061045050,2,3,0,13,13,8,3,0,0,2,0,0,0,0,1,1,1,1,1,39,7,125,1,8,HONDA SH 125,1,E01033666,0,-1
2021010321722,2021,010321722,1,3,0,18,19,7,3,0,0,0,0,0,0,0,1,1,6,6,1,30,6,125,1,6,HONDA SH 125,2,E01000017,0,-1
2021010327940,2021,010327940,1,3,0,4,4,2,6,0,0,0,0,0,0,0,1,1,1,1,1,23,5,125,1,1,HONDA SH 125,-1,-1,0,-1
2021010287873,2021,010287873,1,3,0,99,99,9,9,99,99,9,9,99,9,99,2,1,6,6,1,38,7,125,1,1,HONDA SH 125,9,E01003423,0,-1
2021522104676,2021,522104676,1,4,0,18,19,7,3,0,0,2,0,0,0,0,1,1,6,6,1,43,7,125,1,8,HONDA SH 125,7,E01014554,0,-1
2021010314229,2021,010314229,1,3,0,99,99,9,9,99,99,9,9,99,9,99,2,1,2,2,1,19,4,125,1,11,HONDA SH 125,7,E01004627,0,-1
2021451020725,2021,451020725,1,3,0,18,19,2,5,0,0,0,0,0,0,0,2,1,2,2,1,37,7,125,1,4,HONDA SH 125,8,E01030384,0,-1
2021010288173,2021,010288173,2,3,0,18,19,3,7,0,0,6,0,0,0,0,1,1,6,6,1,36,7,125,1,6,HONDA SH 125,1,E01002853,0,-1
2021010309593,2021,010309593,1,3,0,5,5,4,8,0,0,8,0,0,0,0,2,1,6,6,1,44,7,125,1,4,HONDA SH 125,10,E01030308,0,-1
2021010309516,2021,010309516,2,3,0,13,13,8,4,0,0,1,0,0,0,0,1,1,2,2,2,40,7,125,1,2,HONDA SH 125,1,E01033455,0,-1
2021010350251,2021,010350251,1,3,0,99,99,9,9,99,99,9,9,99,9,99,1,1,1,1,1,29,6,125,1,7,HONDA SH 125,3,E01001981,0,-1
2021010316234,2021,010316234,1,3,0,99,99,9,9,99,99,0,9,99,9,99,1,1,6,6,1,19,4,125,1,0,HONDA SH 125,5,E01033741,0,-1
2021010301849,2021,010301849,2,3,0,18,19,5,1,0,0,6,0,0,0,0,1,1,2,2,1,56,9,125,1,1,HONDA SH 125,7,E01003408,0,-1
2021010331311,2021,010331311,1,3,0,99,99,9,9,99,99,9,9,99,9,99,1,1,1,1,1,19,4,125,1,3,HONDA SH 125,4,E01000618,0,-1
2021010351430,2021,010351430,1,3,0,99,99,9,9,99,99,0,9,99,9,99,1,1,6,6,1,34,6,125,1,2,HONDA SH 125,4,E01023555,0,-1
2021010293225,2021,010293225,1,4,0,18,19,5,1,0,0,1,5,0,0,0,1,1,1,1,1,29,6,125,1,6,HONDA SH 125,2,E01001812,0,-1
2021010337908,2021,010337908,2,4,0,18,19,1,5,0,0,8,2,0,0,0,1,1,6,6,1,22,5,125,1,1,HONDA SH 125,1,E01033598,0,-1
2021010310691,2021,010310691,1,3,0,14,14,7,3,0,0,8,0,0,0,0,1,1,1,1,1,25,5,125,1,11,HONDA SH 125,7,E01001495,0,-1
2021010344452,2021,010344452,2,3,0,9,9,6,5,0,0,1,5,0,0,0,3,1,6,6,1,17,4,125,1,0,HONDA SH 125,3,E01003214,0,-1
2021221060192,2021,221060192,1,3,0,5,5,3,7,0,0,0,0,0,0,0,1,1,5,6,1,19,4,125,1,1,HONDA SH 125,7,E01014112,0,-1
2021010309126,2021,010309126,1,3,0,18,19,1,5,0,0,1,0,0,0,0,3,1,6,6,1,24,5,125,1,10,HONDA SH 125,3,E01001188,0,-1
2021010335590,2021,010335590,1,4,0,18,19,1,5,0,0,1,0,0,0,0,1,1,2,2,2,30,6,125,1,2,HONDA SH 125,2,E01002906,0,-1
2021010339774,2021,010339774,1,3,9,99,99,9,9,99,99,0,9,99,9,99,9,1,6,6,1,36,7,125,1,3,HONDA SH 125,2,E01000482,0,-1
2021010350370,2021,010350370,1,3,0,99,99,9,9,99,99,9,9,99,9,99,9,1,6,6,1,31,6,125,1,0,HONDA SH 125,3,E01002079,0,-1
2021010335368,2021,010335368,1,3,0,99,99,9,9,99,99,9,9,99,9,99,9,1,1,1,1,32,6,125,1,0,HONDA SH 125,4,E01000171,0,-1
2021010295784,2021,010295784,2,3,0,13,13,7,3,0,0,8,0,0,0,0,1,1,6,6,1,19,4,125,1,7,HONDA SH 125,4,E01002681,0,-1
2021010310039,2021,010310039,1,3,0,99,99,9,9,99,99,9,9,99,9,99,9,1,6,6,1,34,6,125,1,0,HONDA SH 125,1,E01002067,0,-1
2021010315554,2021,010315554,1,3,0,13,13,7,3,2,2,1,0,0,0,0,1,1,2,2,1,40,7,125,1,7,HONDA SH 125,4,E01002672,0,-1
2021201134463,2021,201134463,1,3,0,15,15,2,6,0,0,0,0,0,0,0,1,1,6,6,1,41,7,125,1,1,HONDA SH 125,2,E01009980,0,-1
2021451012845,2021,451012845,2,3,0,18,19,3,7,0,0,1,0,0,0,0,4,1,5,6,1,30,6,125,1,1,HONDA SH 125,7,E01030684,0,-1
2021010316271,2021,010316271,2,3,0,18,19,3,7,0,0,1,0,0,0,0,1,1,6,6,1,31,6,125,1,7,HONDA SH 125,4,E01033590,0,-1
2021010287534,2021,010287534,1,3,0,99,99,9,9,99,99,9,9,99,9,99,2,1,2,2,1,48,8,125,1,6,HONDA SH 125,4,E01001087,0,-1
2021010332186,2021,010332186,1,3,0,99,99,9,9,0,0,0,0,0,0,0,1,1,2,2,1,59,9,125,1,2,HONDA SH 125,2,E01033000,0,-1
2021010323609,2021,010323609,1,4,0,18,19,1,5,0,0,1,0,0,0,0,1,1,1,1,1,51,8,125,1,1,HONDA SH 125,4,E01004124,0,-1
2021010324664,2021,010324664,1,3,0,99,99,9,9,99,99,9,9,99,9,99,1,1,6,6,1,23,5,125,1,2,HONDA SH 125,5,E01002234,0,-1
2021010339772,2021,010339772,1,3,0,18,19,3,7,0,0,0,0,0,0,0,2,1,1,1,1,33,6,125,1,0,HONDA SH 125,1,E01003347,0,-1
2021010312994,2021,010312994,1,2,0,99,99,9,9,99,99,0,9,99,9,99,9,1,6,6,1,44,7,125,1,3,HONDA SH 125,3,E01003109,0,-1
2021010311781,2021,010311781,1,3,0,8,8,5,6,0,0,1,0,0,0,0,4,1,6,6,1,20,4,125,1,8,HONDA SH 125,1,E01002800,0,-1
2021010291796,2021,010291796,1,3,0,5,5,5,1,0,0,8,0,0,0,0,1,1,1,1,1,24,5,125,1,6,HONDA SH 125,2,E01003120,0,-1
2021010300470,2021,010300470,1,3,0,13,13,7,3,0,0,0,0,0,0,0,4,1,6,6,1,30,6,125,1,1,HONDA SH 125,4,E01032769,0,-1
2021461130334,2021,461130334,1,3,0,16,19,8,5,0,0,0,1,0,0,0,0,1,6,6,2,33,6,125,1,3,HONDA SH 125,2,E01001621,0,-1
2021010340586,2021,010340586,1,3,0,99,99,9,9,99,99,9,9,99,9,99,1,1,2,2,1,43,7,125,1,0,HONDA SH 125,5,E01003083,0,-1
2021421113104,2021,421113104,2,3,0,3,3,2,6,0,0,1,0,0,0,0,2,1,6,6,1,40,7,125,1,0,HONDA SH 125,10,E01021616,0,-1
2021010340310,2021,010340310,2,3,0,18,19,5,1,0,0,8,2,0,0,0,2,1,6,6,1,26,6,125,1,1,HONDA SH 125,4,E01003133,0,-1
2021010313636,2021,010313636,2,5,0,9,9,3,8,0,0,3,1,11,0,0,2,1,6,6,1,18,4,125,1,4,HONDA SH 125,2,E01000724,0,-1
2021010337014,2021,010337014,1,3,0,99,99,9,9,99,99,9,9,99,9,99,9,1,1,1,1,53,8,125,1,2,HONDA SH 125,7,E01002203,0,-1
2021010337686,2021,010337686,1,3,0,4,4,7,3,0,0,0,0,0,0,0,3,1,6,6,1,41,7,125,1,9,HONDA SH 125,2,E01001812,0,-1
2021010313980,2021,010313980,1,3,0,18,19,2,6,0,0,0,0,0,0,0,3,1,6,6,1,24,5,125,1,2,HONDA SH 125,3,E01004333,0,-1
2021010337887,2021,010337887,1,3,0,99,99,9,9,99,99,0,9,99,9,99,1,1,1,1,1,30,6,125,1,7,HONDA SH 125,1,E01002099,0,-1
2021010289723,2021,010289723,2,2,0,7,7,3,4,0,0,2,0,0,0,0,1,1,6,6,1,46,8,125,1,10,HONDA SH 125,7,E01000258,0,-1
2021010347123,2021,010347123,1,3,0,9,9,7,5,0,0,8,5,0,0,0,2,1,6,6,1,28,6,125,1,0,HONDA SH 125,3,E01001938,0,-1
2021010301298,2021,010301298,1,3,9,99,99,9,9,99,99,0,9,99,9,99,1,1,6,6,1,31,6,125,1,4,HONDA SH 125,1,E01002038,0,-1
2021010292620,2021,010292620,1,3,0,99,99,9,9,99,99,9,9,99,9,99,9,1,6,6,1,26,6,125,1,3,HONDA SH 125,3,E01003609,0,-1
2021010311507,2021,010311507,1,3,0,99,99,9,9,99,99,9,9,99,9,99,9,1,6,6,1,47,8,125,1,1,HONDA SH 125,1,E01001429,0,-1
2021010315712,2021,010315712,3,4,0,7,7,7,8,0,0,4,0,0,0,0,1,1,6,6,1,24,5,125,1,0,HONDA SH 125,8,E01004194,0,-1
2021010315168,2021,010315168,1,3,0,3,3,1,5,0,0,0,1,0,0,0,1,1,1,1,1,47,8,125,1,2,HONDA SH 125,-1,-1,0,-1
2021010302304,2021,010302304,2,3,0,15,15,7,3,0,0,1,0,0,1,11,1,1,6,6,1,18,4,125,1,2,HONDA SH 125,1,E01000939,0,-1
2021010292129,2021,010292129,1,3,0,99,99,9,9,99,99,9,9,99,9,99,2,1,6,6,1,35,6,125,1,2,HONDA SH 125,3,E01000641,0,-1
2021010307433,2021,010307433,1,3,0,99,99,9,9,99,99,9,9,99,9,99,1,1,6,6,1,23,5,125,1,5,HONDA SH 125,3,E01033709,0,-1
2021010288786,2021,010288786,1,3,0,99,99,9,9,99,99,9,9,99,9,99,2,1,6,6,1,50,8,125,1,2,HONDA SH 125,2,E01004467,0,-1
2021010349786,2021,010349786,1,3,0,99,99,9,9,99,99,0,9,99,9,99,1,1,6,6,1,30,6,125,1,1,HONDA SH 125,4,E01000561,0,-1
2021010334562,2021,010334562,1,4,0,99,99,9,9,99,99,1,9,99,9,99,9,1,6,6,2,41,7,125,1,1,HONDA SH 125,1,E01004042,0,-1
2021451106597,2021,451106597,2,3,0,5,5,2,2,0,0,0,0,0,0,0,1,1,1,1,1,34,6,125,1,1,HONDA SH 125,8,E01030450,0,-1
2021010333338,2021,010333338,1,3,0,99,99,9,9,99,99,9,9,99,9,99,1,1,6,6,1,51,8,125,1,0,HONDA SH 125,4,E01003326,0,-1
2021461118294,2021,461118294,1,3,0,18,19,3,7,0,0,0,0,0,0,0,4,1,5,6,1,27,6,125,1,5,HONDA SH 125,-1,-1,0,-1
2021010333364,2021,010333364,1,3,0,15,15,5,1,2,2,1,5,0,0,0,1,1,6,6,1,29,6,125,1,0,HONDA SH 125,6,E01000180,0,-1
2021010336279,2021,010336279,1,3,0,99,99,9,9,99,99,9,9,99,9,99,9,1,1,1,1,25,5,125,1,6,HONDA SH 125,4,E01003561,0,-1
2021010329014,2021,010329014,2,3,0,99,99,9,9,99,99,9,9,99,9,99,1,9,6,6,3,-1,-1,125,1,0,HONDA SH 125,-1,-1,0,-1
2021010301343,2021,010301343,1,3,0,18,19,7,3,0,0,8,0,0,0,0,3,1,6,6,1,64,9,125,1,2,HONDA SH 125,2,E01003966,0,-1
2021010301863,2021,010301863,1,3,0,99,99,9,9,99,99,9,9,99,9,99,9,1,6,6,1,42,7,125,1,2,HONDA SH 125,7,E01004505,0,-1
2021010288371,2021,010288371,1,3,0,18,19,5,1,0,0,1,2,0,0,0,2,1,1,1,1,36,7,125,1,1,HONDA SH 125,-1,-1,0,-1
2021010289739,2021,010289739,2,3,0,17,19,1,5,0,0,0,0,0,0,0,2,1,6,6,1,36,7,125,1,7,HONDA SH 125,2,E01033588,0,-1
2021010317588,2021,010317588,2,4,0,15,15,3,7,0,0,1,5,0,0,0,4,1,6,6,1,29,6,125,1,1,HONDA SH 125,6,E01004059,0,-1
2021010295514,2021,010295514,1,3,0,99,99,9,9,99,99,0,9,99,9,99,1,1,6,6,1,37,7,125,1,3,HONDA SH 125,5,E01001381,0,-1
2021010335285,2021,010335285,1,3,0,99,99,9,9,99,99,9,9,99,9,99,9,1,1,1,2,40,7,125,1,1,HONDA SH 125,4,E01001179,0,-1