collision_index,collision_year,collision_ref_no,vehicle_reference,vehicle_type,towing_and_articulation,vehicle_manoeuvre_historic,vehicle_manoeuvre,vehicle_direction_from,vehicle_direction_to,vehicle_location_restricted_lane_historic,vehicle_location_restricted_lane,junction_location,skidding_and_overturning,hit_object_in_carriageway,vehicle_leaving_carriageway,hit_object_off_carriageway,first_point_of_impact,vehicle_left_hand_drive,journey_purpose_of_driver_historic,journey_purpose_of_driver,sex_of_driver,age_of_driver,age_band_of_driver,engine_capacity_cc,propulsion_code,age_of_vehicle,generic_make_model,driver_imd_decile,lsoa_of_driver,escooter_flag,driver_distance_banding
2021010313177,2021,010313177,4,3,0,5,5,0,3,0,0,0,0,0,0,0,4,1,6,6,1,32,6,125,1,0,HONDA SH 125,2,E01004036,0,-1
2021010332578,2021,010332578,1,3,0,18,19,3,7,0,0,2,0,8,0,0,3,1,1,1,1,33,6,125,1,7,HONDA SH 125,4,E01003559,0,-1
2021010331129,2021,010331129,1,3,0,99,99,9,9,99,99,9,9,99,9,99,9,1,1,1,1,37,7,125,1,0,HONDA SH 125,3,E01002043,0,-1
2021010343727,2021,010343727,2,4,0,18,19,8,4,9,9,0,0,0,0,0,2,1,6,6,1,37,7,125,1,0,HONDA SH 125,-1,-1,0,-1
2021010322584,2021,010322584,1,3,0,99,99,9,9,99,99,9,9,99,9,99,2,1,1,1,1,39,7,125,1,0,HONDA SH 125,4,E01004631,0,-1
2021010300810,2021,010300810,1,3,0,99,99,9,9,99,99,9,9,99,9,99,1,1,6,6,3,25,5,125,1,6,HONDA SH 125,3,E01002085,0,-1
2021010320289,2021,010320289,1,4,0,5,5,3,7,0,0,8,0,0,0,0,4,1,1,1,1,29,6,125,1,3,HONDA SH 125,5,E01004654,0,-1
2021010310858,2021,010310858,1,3,0,99,99,9,9,99,99,9,9,99,9,99,9,1,6,6,1,40,7,125,1,5,HONDA SH 125,2,E01001110,0,-1
2021010346211,2021,010346211,1,3,0,99,99,9,9,99,99,9,9,99,9,99,2,1,6,6,1,34,6,125,1,0,HONDA SH 125,4,E01000498,0,-1
2021451096520,2021,451096520,2,3,0,18,19,6,3,0,0,8,5,0,0,0,1,1,2,2,1,33,6,125,1,0,HONDA SH 125,10,E01030500,0,-1
2021010307114,2021,010307114,2,4,0,14,14,7,3,0,0,2,0,0,0,0,1,1,6,6,1,35,6,125,1,7,HONDA SH 125,3,E01000872,0,-1
2021010316216,2021,010316216,1,3,0,99,99,9,9,99,99,9,9,99,9,99,1,1,6,6,1,23,5,125,1,3,HONDA SH 125,1,E01033605,0,-1
2021421091347,2021,421091347,1,3,0,13,13,6,1,0,0,0,2,0,0,0,1,1,1,1,1,24,5,125,1,2,HONDA SH 125,3,E01004333,0,-1
2021010303323,2021,010303323,1,3,0,7,7,7,8,0,0,2,5,0,0,0,1,1,1,1,1,27,6,125,1,0,HONDA SH 125,1,E01004757,0,-1
2021010308378,2021,010308378,2,3,0,99,99,9,9,99,99,9,9,99,9,99,9,1,6,6,3,-1,-1,125,1,1,HONDA SH 125,1,E01003065,0,-1
2021010338648,2021,010338648,1,2,0,18,19,7,3,0,0,2,0,0,0,0,0,1,1,1,1,29,6,125,1,7,HONDA SH 125,2,E01002227,0,-1
2021010340371,2021,010340371,1,3,0,99,99,9,9,99,99,0,9,99,9,99,1,1,1,1,1,50,8,125,1,0,HONDA SH 125,3,E01001465,0,-1
2021010295895,2021,010295895,2,4,0,18,19,1,5,0,0,0,0,0,0,0,1,1,6,6,1,39,7,125,1,1,HONDA SH 125,1,E01000308,0,-1
2021010332752,2021,010332752,1,3,0,99,99,9,9,99,99,9,9,99,9,99,1,1,6,6,1,30,6,125,1,2,HONDA SH 125,5,E01000589,0,-1
2021010351876,2021,010351876,1,3,0,18,19,7,3,0,0,2,0,0,0,0,1,1,1,1,1,26,6,125,1,0,HONDA SH 125,-1,-1,0,-1
2021010334558,2021,010334558,1,3,0,99,99,9,9,99,99,0,9,99,9,99,9,1,1,1,1,51,8,125,1,5,HONDA SH 125,3,E01033464,0,-1
2021010334651,2021,010334651,2,3,0,15,15,7,3,0,0,8,2,10,1,0,1,1,1,1,1,23,5,125,1,1,HONDA SH 125,2,E01001181,0,-1
2021010345038,2021,010345038,1,3,0,18,19,6,2,0,0,1,0,0,0,0,1,1,6,6,1,48,8,125,1,6,HONDA SH 125,8,E01002499,0,-1
2021010312529,2021,010312529,2,3,0,18,19,5,1,2,2,1,0,0,1,0,1,1,6,6,2,34,6,125,1,9,HONDA SH 125,3,E01001864,0,-1
2021451023638,2021,451023638,2,3,0,18,19,5,1,0,0,8,0,0,0,0,1,1,2,2,1,25,5,125,1,4,HONDA SH 125,9,E01015360,0,-1
2021010314228,2021,010314228,1,3,0,18,19,1,5,99,99,1,9,99,9,99,1,1,6,6,1,30,6,125,1,6,HONDA SH 125,2,E01000017,0,-1
2021010329523,2021,010329523,1,3,0,99,99,9,9,99,99,9,9,99,9,99,9,1,1,1,1,40,7,125,1,0,HONDA SH 125,2,E01002075,0,-1
2021411133987,2021,411133987,2,3,0,18,19,6,2,0,0,8,0,0,0,0,4,1,6,6,1,47,8,125,1,0,HONDA SH 125,9,E01023580,0,-1
2021010330280,2021,010330280,1,3,0,99,99,9,9,99,99,9,9,99,9,99,9,1,1,1,1,30,6,125,1,1,HONDA SH 125,3,E01001784,0,-1
2021010306680,2021,010306680,1,3,0,15,15,2,6,0,0,0,0,0,0,0,3,1,1,1,1,27,6,125,1,3,HONDA SH 125,4,E01004526,0,-1
2021010295830,2021,010295830,2,2,0,18,19,7,3,0,0,1,0,0,0,0,0,1,6,6,2,25,5,125,1,6,HONDA SH 125,5,E01001232,0,-1
2021010300459,2021,010300459,1,3,0,99,99,9,9,99,99,9,9,99,9,99,1,1,6,6,1,23,5,125,1,1,HONDA SH 125,2,E01001161,0,-1
2021010296035,2021,010296035,1,3,0,18,19,9,9,0,0,0,9,0,0,99,1,1,6,6,1,28,6,125,1,8,HONDA SH 125,6,E01004474,0,-1
2021010295897,2021,010295897,2,3,0,18,19,5,1,0,0,8,0,0,0,0,4,1,2,2,1,22,5,125,1,2,HONDA SH 125,-1,-1,0,-1
2021010293379,2021,010293379,1,3,0,99,99,9,9,99,99,9,9,99,9,99,1,1,6,6,1,27,6,125,1,4,HONDA SH 125,2,E01002049,0,-1
2021010289377,2021,010289377,1,3,0,18,19,5,1,0,0,1,0,0,0,0,0,1,6,6,1,39,7,125,1,7,HONDA SH 125,4,E01002672,0,-1
2021010321116,2021,010321116,1,3,9,99,99,9,9,99,99,9,9,99,9,99,9,1,1,1,1,24,5,125,1,5,HONDA SH 125,3,E01000163,0,-1
2021010338264,2021,010338264,1,3,0,99,99,9,9,99,99,9,9,99,9,99,9,1,2,2,1,30,6,125,1,1,HONDA SH 125,2,E01001824,0,-1
2021010352047,2021,010352047,1,3,0,99,99,9,9,99,99,9,9,99,9,99,9,1,1,1,1,42,7,125,1,8,HONDA SH 125,1,E01002081,0,-1
2021010338694,2021,010338694,1,3,0,99,99,9,9,99,99,9,9,99,9,99,9,1,1,1,1,23,5,125,1,6,HONDA SH 125,1,E01002095,0,-1
2021010289690,2021,010289690,2,3,0,15,15,5,1,0,0,1,0,0,0,0,1,1,1,1,1,28,6,125,1,1,HONDA SH 125,5,E01000321,0,-1
2021010330717,2021,010330717,1,3,0,99,99,9,9,0,0,0,0,0,0,0,9,1,6,6,1,27,6,125,1,5,HONDA SH 125,4,E01003117,0,-1
2021010340704,2021,010340704,1,3,0,18,19,1,5,9,9,1,0,0,0,0,1,1,1,1,1,32,6,125,1,9,HONDA SH 125,-1,-1,0,-1
2021010291475,2021,010291475,1,3,0,99,99,9,9,99,99,9,9,99,9,99,1,1,6,6,1,29,6,125,1,11,HONDA SH 125,3,E01000511,0,-1
2021010343387,2021,010343387,1,3,0,99,99,9,9,0,0,0,0,0,0,0,3,1,6,6,1,19,4,125,1,0,HONDA SH 125,4,E01003907,0,-1
2021010320511,2021,010320511,2,4,0,18,19,1,5,0,0,1,0,0,0,0,3,1,1,1,1,45,7,125,1,3,HONDA SH 125,3,E01000128,0,-1
2021010324833,2021,010324833,1,3,0,99,99,9,9,99,99,9,9,99,9,99,1,1,6,6,3,39,7,125,1,7,HONDA SH 125,3,E01001440,0,-1
2021010333936,2021,010333936,1,3,9,99,99,9,9,99,99,9,9,99,9,99,9,1,6,6,1,36,7,125,1,7,HONDA SH 125,1,E01002036,0,-1
2021010311142,2021,010311142,2,3,0,13,13,7,3,0,0,1,0,0,7,11,1,1,6,6,1,24,5,125,1,4,HONDA SH 125,2,E01001515,0,-1
2021010315060,2021,010315060,1,4,0,4,4,6,2,0,0,1,0,0,0,0,2,1,1,1,2,25,5,125,1,0,HONDA SH 125,3,E01003521,0,-1
2021010341940,2021,010341940,1,3,0,18,19,7,3,0,0,0,0,0,0,0,1,1,1,1,1,28,6,125,1,0,HONDA SH 125,6,E01023570,0,-1
2021010314505,2021,010314505,1,3,0,18,19,3,7,0,0,0,0,0,0,0,3,1,1,1,1,32,6,125,1,8,HONDA SH 125,3,E01002850,0,-1
2021010302694,2021,010302694,1,3,0,18,19,5,1,0,0,8,5,0,0,0,1,1,6,6,1,44,7,125,1,1,HONDA SH 125,3,E01000522,0,-1
2021010344617,2021,010344617,1,3,0,99,99,9,9,99,99,9,9,99,9,99,9,1,1,1,1,30,6,125,1,0,HONDA SH 125,3,E01000515,0,-1
2021010292479,2021,010292479,2,3,0,99,99,9,9,99,99,0,9,99,9,99,1,1,6,6,3,-1,-1,125,1,4,HONDA SH 125,-1,-1,0,-1
2021010301901,2021,010301901,1,3,0,15,15,7,3,0,0,0,0,8,0,0,3,1,1,1,1,47,8,125,1,2,HONDA SH 125,6,E01033582,0,-1
2021010296607,2021,010296607,2,3,0,18,19,5,1,0,0,1,0,0,0,0,1,1,1,1,1,38,7,125,1,0,HONDA SH 125,3,E01003388,0,-1
2021010346674,2021,010346674,1,3,0,99,99,9,9,99,99,9,9,99,9,99,1,1,6,6,1,37,7,125,1,8,HONDA SH 125,2,E01001320,0,-1
2021010304843,2021,010304843,1,3,0,18,19,3,7,0,0,1,0,0,0,0,1,1,6,6,1,35,6,125,1,1,HONDA SH 125,5,E01000571,0,-1
2021010313641,2021,010313641,1,3,0,99,99,9,9,99,99,9,9,99,9,99,2,1,6,6,1,25,5,125,1,1,HONDA SH 125,5,E01003139,0,-1
2021201126713,2021,201126713,2,3,0,4,4,2,6,0,0,1,0,10,7,10,4,1,1,1,1,27,6,125,1,5,HONDA SH 125,1,E01033616,0,-1
2021010300321,2021,010300321,2,3,0,18,19,5,1,0,0,1,0,0,0,0,1,1,6,6,1,39,7,125,1,2,HONDA SH 125,1,E01002067,0,-1
2021010293177,2021,010293177,2,3,0,18,19,4,8,0,0,8,1,0,0,0,2,1,1,1,1,45,7,125,1,4,HONDA SH 125,3,E01001089,0,-1
2021010351134,2021,010351134,1,3,0,4,4,3,7,0,0,8,0,0,0,0,2,1,1,1,1,35,6,125,1,2,HONDA SH 125,1,E01003048,0,-1
2021010339194,2021,010339194,2,3,0,99,99,9,9,99,99,9,9,99,9,99,1,1,6,6,1,21,5,125,1,7,HONDA SH 125,4,E01000940,0,-1
2021010296583,2021,010296583,1,3,0,99,99,9,9,99,99,9,9,99,9,99,1,1,6,6,1,44,7,125,1,1,HONDA SH 125,2,E01002829,0,-1
2021010301968,2021,010301968,1,3,0,99,99,9,9,99,99,0,9,99,9,99,1,1,6,6,1,27,6,125,1,8,HONDA SH 125,3,E01003584,0,-1
2021451032578,2021,451032578,2,3,0,15,15,5,1,0,0,1,0,0,0,0,4,1,5,6,1,27,6,125,1,1,HONDA SH 125,5,E01001099,0,-1
2021010314442,2021,010314442,1,2,0,5,5,1,5,0,0,1,0,0,0,0,3,1,1,1,1,50,8,125,1,1,HONDA SH 125,3,E01003522,0,-1
2021010336138,2021,010336138,1,3,0,18,19,5,1,0,0,0,5,0,0,0,0,1,6,6,1,36,7,125,1,9,HONDA SH 125,3,E01000511,0,-1
2021010337710,2021,010337710,2,3,0,10,10,1,7,0,0,5,5,0,0,0,4,1,6,6,1,27,6,125,1,6,HONDA SH 125,5,E01023332,0,-1
2021010294598,2021,010294598,1,3,0,18,19,3,7,0,0,0,0,0,0,0,4,1,1,1,1,37,7,125,1,1,HONDA SH 125,4,E01033572,0,-1
2021522105118,2021,522105118,1,4,0,13,13,6,2,0,0,0,0,0,0,0,2,1,6,6,1,50,8,125,1,2,HONDA SH 125,1,E01014574,0,-1
2021010310795,2021,010310795,2,3,0,99,99,9,9,99,99,9,9,0,0,0,9,1,6,6,1,-1,-1,125,1,4,HONDA SH 125,2,E01004302,0,-1
2021010320124,2021,010320124,3,3,0,2,2,0,0,0,0,1,0,0,0,0,2,1,6,6,3,-1,-1,125,1,3,HONDA SH 125,-1,-1,0,-1
2021010343149,2021,010343149,1,3,0,3,3,5,1,0,0,0,5,0,0,0,2,1,6,6,1,40,7,125,1,1,HONDA SH 125,8,E01004073,0,-1
2021010336277,2021,010336277,1,3,0,99,99,9,9,99,99,9,9,99,9,99,1,1,1,1,1,36,7,125,1,5,HONDA SH 125,4,E01000171,0,-1
2021010342580,2021,010342580,1,3,0,18,19,6,2,0,0,8,0,0,0,0,1,1,1,1,1,27,6,125,1,0,HONDA SH 125,4,E01000475,0,-1
2021010343199,2021,010343199,1,3,0,99,99,9,9,0,0,1,0,0,0,0,2,1,1,1,1,34,6,125,1,6,HONDA SH 125,3,E01003531,0,-1
2021010299253,2021,010299253,2,3,0,99,99,9,9,99,99,9,9,99,9,99,1,9,6,6,3,-1,-1,125,1,7,HONDA SH 125,2,E01004197,0,-1
2021010317829,2021,010317829,2,3,0,18,19,3,7,0,0,1,0,8,0,0,1,1,6,6,1,27,6,125,1,4,HONDA SH 125,-1,-1,0,-1
2021010312322,2021,010312322,1,4,0,18,19,1,5,0,0,1,0,0,0,0,1,1,6,6,1,53,8,125,1,2,HONDA SH 125,3,E01001362,0,-1
2021010337307,2021,010337307,2,3,0,18,19,1,5,0,0,0,0,0,0,0,4,1,6,6,1,26,6,125,1,0,HONDA SH 125,4,E01003119,0,-1
2021010306052,2021,010306052,1,3,0,5,5,3,7,0,0,2,0,0,0,0,1,1,1,1,1,24,5,125,1,0,HONDA SH 125,3,E01002028,0,-1
2021010296802,2021,010296802,2,3,0,99,99,9,9,99,99,0,9,99,9,99,1,1,6,6,1,29,6,125,1,0,HONDA SH 125,2,E01003162,0,-1
2021010302791,2021,010302791,1,3,0,99,99,9,9,99,99,9,9,99,9,99,9,1,6,6,2,25,5,125,1,0,HONDA SH 125,4,E01002088,0,-1
2021010336195,2021,010336195,1,3,0,99,99,9,9,99,99,9,9,99,9,99,9,1,2,2,3,47,8,125,1,2,HONDA SH 125,4,E01000561,0,-1
2021010341012,2021,010341012,1,3,0,2,2,0,0,0,0,0,0,0,9,0,9,1,6,6,3,-1,-1,125,1,0,HONDA SH 125,-1,-1,0,-1
2021010296354,2021,010296354,1,3,0,18,19,3,7,0,0,0,9,99,0,0,1,1,6,6,1,20,4,125,1,8,HONDA SH 125,5,E01033325,0,-1
2021010333369,2021,010333369,2,3,0,18,19,5,1,0,0,1,0,0,0,0,1,1,2,2,1,22,5,125,1,4,HONDA SH 125,9,E01003418,0,-1
2021010350223,2021,010350223,1,3,0,99,99,9,9,99,99,9,9,99,9,99,1,1,1,1,1,34,6,125,1,0,HONDA SH 125,1,E01003087,0,-1
2021401026749,2021,401026749,2,3,0,15,15,7,3,0,0,0,0,0,0,0,4,1,6,6,1,35,6,125,1,0,HONDA SH 125,5,E01023937,0,-1
2021010314968,2021,010314968,2,3,0,4,4,1,5,0,0,6,5,0,0,0,2,1,6,6,1,43,7,125,1,0,HONDA SH 125,3,E01003113,0,-1
2021010297564,2021,010297564,1,3,0,99,99,9,9,99,99,9,9,99,9,99,9,1,6,6,1,22,5,125,1,1,HONDA SH 125,10,E01030989,0,-1
2021010301701,2021,010301701,1,2,0,13,13,5,1,0,0,1,0,0,0,0,1,1,6,6,1,18,4,125,1,6,HONDA SH 125,3,E01002595,0,-1
2021010339700,2021,010339700,2,3,0,18,19,7,3,2,2,1,5,0,1,0,1,1,6,6,1,31,6,125,1,9,HONDA SH 125,3,E01002102,0,-1
2021010306594,2021,010306594,2,3,0,18,19,5,1,0,0,1,0,0,0,0,1,1,6,6,1,26,6,125,1,4,HONDA SH 125,3,E01001240,0,-1
2021010323607,2021,010323607,2,3,0,18,19,1,5,0,0,6,1,0,0,0,1,1,1,1,1,49,8,125,1,8,HONDA SH 125,2,E01004435,0,-1
2021010318024,2021,010318024,1,4,0,14,14,1,5,0,0,1,0,0,0,0,0,1,6,6,1,21,5,125,1,3,HONDA SH 125,2,E01001553,0,-1
2021451058851,2021,451058851,1,4,0,18,19,1,4,0,0,0,0,0,0,0,1,1,5,6,1,48,8,125,1,1,HONDA SH 125,9,E01003799,0,-1
2021010304513,2021,010304513,1,3,0,5,5,1,5,0,0,6,0,0,0,0,3,1,6,6,2,25,5,125,1,0,HONDA SH 125,3,E01003521,0,-1
2021421091582,2021,421091582,1,3,0,18,19,5,1,0,0,0,0,0,0,0,1,1,6,6,1,17,4,125,1,9,HONDA SH 125,1,E01016006,0,-1
2021461039809,2021,461039809,2,3,0,18,19,1,5,0,0,8,0,0,0,0,3,1,5,6,1,38,7,125,1,1,HONDA SH 125,7,E01024801,0,-1
2021430462196,2021,430462196,2,3,0,12,12,8,4,0,0,0,0,0,0,0,3,1,6,6,1,22,5,125,1,0,HONDA SH 125,3,E01016465,0,-1
2021010338217,2021,010338217,1,3,0,12,12,3,7,0,0,1,2,0,0,0,1,1,1,1,1,40,7,125,1,1,HONDA SH 125,2,E01003576,0,-1
2021010335676,2021,010335676,1,3,0,99,99,9,9,99,99,9,9,99,9,99,1,1,1,1,1,45,7,125,1,0,HONDA SH 125,7,E01023531,0,-1
2021010313012,2021,010313012,2,3,0,18,19,3,7,0,0,1,0,0,0,0,3,1,1,1,1,19,4,125,1,1,HONDA SH 125,5,E01004616,0,-1
2021411070620,2021,411070620,1,3,0,18,19,4,8,0,0,2,2,0,0,0,1,1,6,6,1,32,6,125,1,2,HONDA SH 125,6,E01023386,0,-1
2021010335456,2021,010335456,2,3,0,18,19,1,5,0,0,1,0,0,0,0,4,1,6,6,1,44,7,125,1,1,HONDA SH 125,2,E01000221,0,-1
2021010332820,2021,010332820,1,3,0,99,99,9,9,99,99,9,9,99,9,99,1,1,1,1,1,25,5,125,1,0,HONDA SH 125,5,E01003139,0,-1
2021010325557,2021,010325557,1,3,0,99,99,9,9,99,99,9,9,99,9,99,1,1,6,6,1,24,5,125,1,1,HONDA SH 125,1,E01000528,0,-1
2021010320938,2021,010320938,1,3,0,99,99,9,9,99,99,9,9,99,9,99,9,1,1,1,1,30,6,125,1,2,HONDA SH 125,4,E01003690,0,-1
2021010307036,2021,010307036,1,3,0,18,19,5,1,0,0,0,0,0,0,0,1,1,1,1,1,35,6,125,1,0,HONDA SH 125,7,E01001290,0,-1
2021010290157,2021,010290157,2,3,0,18,19,7,3,0,0,1,0,0,0,0,0,1,6,6,1,32,6,125,1,8,HONDA SH 125,1,E01004304,0,-1
2021010292211,2021,010292211,2,3,0,18,19,5,1,0,0,1,0,0,0,0,1,1,6,6,1,26,6,125,1,8,HONDA SH 125,3,E01000506,0,-1
2021010341001,2021,010341001,1,3,0,13,13,1,5,0,0,1,5,0,0,0,4,1,1,1,1,27,6,125,1,1,HONDA SH 125,1,E01002852,0,-1
2021201097849,2021,201097849,1,4,0,18,19,2,6,0,0,8,0,0,0,0,1,1,6,6,1,-1,-1,125,1,4,HONDA SH 125,-1,-1,0,-1
2021010312764,2021,010312764,2,3,0,99,99,9,9,99,99,9,9,99,9,99,1,9,6,6,3,-1,-1,125,1,0,HONDA SH 125,-1,-1,0,-1
2021061076626,2021,061076626,1,2,0,18,19,7,5,0,0,0,0,0,0,0,3,1,6,6,1,18,4,125,1,9,HONDA SH 125,1,E01005799,0,-1
2021010342811,2021,010342811,1,3,0,18,19,5,1,0,0,0,0,0,0,0,1,1,1,1,1,30,6,125,1,0,HONDA SH 125,3,E01000515,0,-1
2021302101207,2021,302101207,2,3,0,13,13,3,7,0,0,1,0,0,0,0,4,1,6,6,1,73,10,125,1,2,HONDA SH 125,2,E01006029,0,-1
2021010296007,2021,010296007,1,3,0,18,19,7,3,0,0,1,0,0,0,0,1,1,6,6,1,24,5,125,1,4,HONDA SH 125,3,E01001434,0,-1
2021010288783,2021,010288783,1,3,0,99,99,9,9,99,99,9,9,99,9,99,1,1,6,6,1,35,6,125,1,6,HONDA SH 125,5,E01003946,0,-1
2021010341383,2021,010341383,1,3,0,18,19,3,7,0,0,8,0,0,0,0,2,1,6,6,1,27,6,125,1,6,HONDA SH 125,4,E01002050,0,-1
2021010318880,2021,010318880,1,3,9,99,99,9,9,99,99,9,5,99,9,99,9,1,6,6,1,47,8,125,1,9,HONDA SH 125,2,E01004243,0,-1
2021010320630,2021,010320630,2,3,0,18,19,5,1,0,0,0,0,0,0,0,1,1,2,2,1,27,6,125,1,1,HONDA SH 125,2,E01000889,0,-1
2021010318315,2021,010318315,2,3,0,99,99,9,9,99,99,9,9,99,9,99,2,1,6,6,3,-1,-1,125,1,1,HONDA SH 125,2,E01001515,0,-1
2021010341419,2021,010341419,1,3,0,5,5,5,1,0,0,1,0,0,0,0,1,1,1,1,1,26,6,125,1,2,HONDA SH 125,1,E01003515,0,-1
2021010342762,2021,010342762,1,4,0,3,3,7,3,0,0,1,0,0,0,0,1,1,6,6,1,27,6,125,1,6,HONDA SH 125,5,E01000620,0,-1
2021010337687,2021,010337687,1,3,0,99,99,9,9,99,99,0,9,99,9,99,9,1,1,1,1,36,7,125,1,3,HONDA SH 125,3,E01002768,0,-1
2021010334409,2021,010334409,2,3,0,18,19,3,7,0,0,8,0,0,0,0,1,1,6,6,1,17,4,125,1,2,HONDA SH 125,1,E01004670,0,-1
2021010313032,2021,010313032,2,3,0,5,5,7,3,0,0,1,0,0,0,0,3,1,1,1,1,57,9,125,1,0,HONDA SH 125,2,E01002856,0,-1
2021010333937,2021,010333937,1,3,0,99,99,9,9,99,99,0,9,99,9,99,9,1,6,6,1,30,6,125,1,3,HONDA SH 125,2,E01000482,0,-1
2021010342675,2021,010342675,1,3,0,13,13,6,2,0,0,1,0,0,0,0,4,1,6,6,1,41,7,125,1,1,HONDA SH 125,4,E01003106,0,-1
2021010292257,2021,010292257,1,3,0,99,99,9,9,99,99,9,9,99,9,99,9,1,6,6,1,25,5,125,1,7,HONDA SH 125,4,E01002233,0,-1
2021010310625,2021,010310625,1,3,0,99,99,9,9,99,99,9,9,99,9,99,9,1,6,6,2,28,6,125,1,0,HONDA SH 125,2,E01000021,0,-1
2021010347399,2021,010347399,1,3,0,15,15,3,7,0,0,0,0,0,4,0,4,1,6,6,1,34,6,125,1,4,HONDA SH 125,5,E01001933,0,-1
2021481122343,2021,481122343,2,3,0,4,4,5,7,0,0,2,0,0,0,0,2,1,5,6,1,45,7,125,1,1,HONDA SH 125,8,E01004058,0,-1
2021010299314,2021,010299314,1,3,4,99,99,9,9,99,99,9,9,99,9,99,9,1,6,6,1,37,7,125,1,3,HONDA SH 125,4,E01003023,0,-1
2021101077482,2021,101077482,2,4,0,5,5,2,2,0,0,4,0,0,0,0,2,1,1,1,1,29,6,125,1,3,HONDA SH 125,1,E01008438,0,-1
2021010307552,2021,010307552,2,2,0,14,14,3,7,0,0,0,5,0,0,0,1,1,1,1,1,24,5,125,1,1,HONDA SH 125,1,E01033584,0,-1
2021010294577,2021,010294577,1,3,0,99,99,9,9,0,0,8,0,0,0,0,4,1,6,6,1,29,6,125,1,1,HONDA SH 125,3,E01003154,0,-1
2021010289810,2021,010289810,1,3,0,99,99,9,9,99,99,9,9,99,9,99,2,1,6,6,1,42,7,125,1,8,HONDA SH 125,4,E01000532,0,-1
2021010294931,2021,010294931,2,4,0,99,99,9,9,99,99,9,9,99,9,99,1,1,6,6,3,-1,-1,125,1,2,HONDA SH 125,-1,-1,0,-1
2021010316700,2021,010316700,1,3,0,99,99,9,9,99,99,9,9,99,9,99,2,1,6,6,1,33,6,125,1,3,HONDA SH 125,2,E01001161,0,-1
2021010302042,2021,010302042,2,3,0,16,19,3,7,0,0,0,0,0,0,0,1,1,6,6,1,40,7,125,1,0,HONDA SH 125,7,E01003396,0,-1
2021010334043,2021,010334043,1,3,0,99,99,9,9,99,99,0,9,99,9,99,1,1,2,2,1,48,8,125,1,9,HONDA SH 125,2,E01004240,0,-1
2021010297942,2021,010297942,2,3,0,9,9,2,7,0,0,1,1,0,0,0,1,1,6,6,1,30,6,125,1,7,HONDA SH 125,3,E01003588,0,-1
2021010316916,2021,010316916,2,3,0,18,19,5,1,2,2,1,0,0,0,0,1,1,6,6,1,45,7,125,1,2,HONDA SH 125,3,E01001089,0,-1
2021010352488,2021,010352488,1,3,0,99,99,9,9,99,99,0,9,99,9,99,9,1,6,6,1,49,8,125,1,4,HONDA SH 125,5,E01000140,0,-1
2021010327860,2021,010327860,1,3,0,18,19,3,7,0,0,0,0,4,0,0,1,1,6,6,1,43,7,125,1,6,HONDA SH 125,-1,-1,0,-1
2021010311724,2021,010311724,2,3,0,17,19,4,8,0,0,1,0,0,0,0,1,1,6,6,1,37,7,125,1,2,HONDA SH 125,2,E01004290,0,-1
2021010345419,2021,010345419,1,3,0,99,99,9,9,99,99,9,9,99,9,99,1,1,1,1,1,43,7,125,1,4,HONDA SH 125,5,E01003368,0,-1
2021010328431,2021,010328431,2,4,0,9,9,5,3,0,0,1,0,0,0,0,1,1,6,6,1,39,7,125,1,3,HONDA SH 125,5,E01002488,0,-1
2021522103685,2021,522103685,1,3,0,3,3,1,5,0,0,0,0,0,0,0,1,1,6,6,1,31,6,125,1,0,HONDA SH 125,9,E01014978,0,-1
2021010306281,2021,010306281,1,3,0,99,99,9,9,99,99,0,9,99,9,99,2,1,6,6,1,45,7,125,1,2,HONDA SH 125,4,E01000570,0,-1
2021010313839,2021,010313839,2,3,0,18,19,1,5,0,0,0,1,0,0,0,2,1,6,6,1,36,7,125,1,0,HONDA SH 125,2,E01000743,0,-1
2021430263088,2021,430263088,1,3,0,9,9,3,1,0,0,8,0,0,0,0,4,1,1,1,1,41,7,125,1,1,HONDA SH 125,7,E01017910,0,-1
2021010318595,2021,010318595,1,3,0,9,9,1,6,0,0,0,0,0,0,0,1,1,1,1,1,38,7,125,1,1,HONDA SH 125,9,E01004191,0,-1