collision_index,collision_year,collision_ref_no,vehicle_reference,vehicle_type,towing_and_articulation,vehicle_manoeuvre_historic,vehicle_manoeuvre,vehicle_direction_from,vehicle_direction_to,vehicle_location_restricted_lane_historic,vehicle_location_restricted_lane,junction_location,skidding_and_overturning,hit_object_in_carriageway,vehicle_leaving_carriageway,hit_object_off_carriageway,first_point_of_impact,vehicle_left_hand_drive,journey_purpose_of_driver_historic,journey_purpose_of_driver,sex_of_driver,age_of_driver,age_band_of_driver,engine_capacity_cc,propulsion_code,age_of_vehicle,generic_make_model,driver_imd_decile,lsoa_of_driver,escooter_flag,driver_distance_banding
2021010344844,2021,010344844,1,3,0,99,99,9,9,99,99,9,9,99,9,99,1,1,6,6,1,51,8,125,1,1,HONDA SH 125,5,E01000251,0,-1
2021010346504,2021,010346504,2,3,0,18,19,7,3,0,0,0,0,0,0,0,1,1,6,6,1,23,5,125,1,8,HONDA SH 125,5,E01002769,0,-1
2021010302807,2021,010302807,1,3,0,99,99,9,9,99,99,0,9,99,9,99,1,1,6,6,1,26,6,125,1,2,HONDA SH 125,3,E01000638,0,-1
2021451117204,2021,451117204,1,3,0,8,8,7,3,0,0,0,0,0,0,0,2,1,1,1,1,32,6,125,1,7,HONDA SH 125,9,E01030453,0,-1
2021010335531,2021,010335531,1,3,0,99,99,9,9,99,99,9,9,99,9,99,9,1,6,6,1,39,7,125,1,1,HONDA SH 125,5,E01000632,0,-1
2021010342380,2021,010342380,2,3,0,15,15,1,5,2,2,1,0,0,0,0,1,1,1,1,1,34,6,125,1,1,HONDA SH 125,3,E01003998,0,-1
2021010299669,2021,010299669,1,3,0,18,19,3,7,0,0,0,0,4,0,0,1,1,6,6,2,42,7,125,1,6,HONDA SH 125,4,E01000676,0,-1
2021010334491,2021,010334491,1,3,0,18,19,7,3,0,0,0,0,0,0,0,3,1,1,1,1,34,6,125,1,0,HONDA SH 125,6,E01003367,0,-1
2021010314231,2021,010314231,1,4,0,18,19,7,3,0,0,1,5,8,0,0,1,1,6,6,1,19,4,125,1,5,HONDA SH 125,3,E01003387,0,-1
2021010319048,2021,010319048,1,3,0,99,99,9,9,0,0,8,0,0,9,0,9,1,6,6,1,34,6,125,1,3,HONDA SH 125,7,E01001890,0,-1
2021010315371,2021,010315371,1,2,5,18,19,7,3,0,0,0,2,4,0,0,1,1,1,1,1,25,5,125,1,5,HONDA SH 125,2,E01000064,0,-1
2021010351286,2021,010351286,1,4,0,99,99,9,9,99,99,9,9,99,9,99,1,1,6,6,3,-1,-1,125,1,5,HONDA SH 125,3,E01002044,0,-1
2021010343191,2021,010343191,1,3,0,5,5,3,7,0,0,1,5,0,0,0,4,1,6,6,1,18,4,125,1,7,HONDA SH 125,4,E01003317,0,-1
2021010306676,2021,010306676,1,3,0,3,3,1,5,0,0,1,0,0,0,0,4,1,1,1,1,39,7,125,1,1,HONDA SH 125,-1,-1,0,-1
2021451118891,2021,451118891,1,3,0,3,3,8,4,0,0,1,0,0,0,0,2,1,1,1,1,45,7,125,1,0,HONDA SH 125,9,E01030987,0,-1
2021010319344,2021,010319344,2,4,0,13,13,7,3,0,0,1,0,0,0,0,4,1,6,6,1,50,8,125,1,9,HONDA SH 125,5,E01002563,0,-1
2021010290297,2021,010290297,2,3,0,18,19,5,1,0,0,3,0,0,0,0,4,1,1,1,2,24,5,125,1,6,HONDA SH 125,3,E01001668,0,-1
2021010316170,2021,010316170,1,3,0,3,3,1,5,0,0,0,9,0,0,0,1,1,2,2,1,52,8,125,1,7,HONDA SH 125,3,E01001109,0,-1
2021010351706,2021,010351706,1,3,0,99,99,9,9,99,99,9,9,99,9,99,9,1,6,6,1,35,6,125,1,3,HONDA SH 125,3,E01033464,0,-1
2021010297757,2021,010297757,2,3,0,15,15,7,3,0,0,1,0,0,0,0,1,1,6,6,1,35,6,125,1,10,HONDA SH 125,3,E01001774,0,-1
2021010346329,2021,010346329,1,4,0,18,19,4,8,0,0,1,5,0,0,0,3,1,1,1,2,52,8,125,1,6,HONDA SH 125,2,E01001976,0,-1
2021010311556,2021,010311556,1,3,0,99,99,9,9,99,99,0,9,99,9,99,1,1,6,6,1,37,7,125,1,8,HONDA SH 125,2,E01003966,0,-1
2021010305654,2021,010305654,1,3,0,14,14,1,5,0,0,1,0,0,0,0,1,1,6,6,2,33,6,125,1,0,HONDA SH 125,2,E01004711,0,-1
2021010316203,2021,010316203,1,3,0,18,19,1,5,0,0,1,0,0,0,0,1,1,2,2,1,22,5,125,1,1,HONDA SH 125,-1,-1,0,-1
2021010340392,2021,010340392,1,3,9,99,99,9,9,99,99,9,9,99,9,99,9,1,6,6,1,25,5,125,1,0,HONDA SH 125,3,E01002079,0,-1
2021010339234,2021,010339234,1,3,0,18,19,5,1,0,0,2,0,0,0,0,1,1,6,6,1,26,6,125,1,4,HONDA SH 125,3,E01003388,0,-1
2021010331878,2021,010331878,3,2,0,4,4,5,1,0,0,0,5,0,0,0,2,1,6,6,1,33,6,125,1,1,HONDA SH 125,3,E01001362,0,-1
2021471055053,2021,471055053,2,3,0,3,3,7,3,0,0,2,0,0,0,0,1,1,1,1,1,32,6,125,1,3,HONDA SH 125,3,E01016881,0,-1
2021471054856,2021,471054856,2,3,0,8,8,6,7,0,0,3,0,0,0,0,2,1,6,6,1,56,9,125,1,2,HONDA SH 125,3,E01031569,0,-1
2021010296555,2021,010296555,2,4,0,18,19,3,7,4,4,1,9,0,0,99,1,1,6,6,3,33,6,125,1,7,HONDA SH 125,1,E01003590,0,-1
2021010321704,2021,010321704,1,3,0,99,99,9,9,99,99,0,9,99,9,99,2,1,1,1,1,32,6,125,1,0,HONDA SH 125,2,E01004302,0,-1
2021010332900,2021,010332900,2,3,0,18,19,1,5,0,0,8,0,0,0,0,1,1,1,1,1,32,6,125,1,0,HONDA SH 125,3,E01003589,0,-1
2021351040765,2021,351040765,1,3,-1,-1,-1,-1,-1,-1,-1,0,-1,-1,-1,0,-1,1,6,6,1,-1,-1,125,1,1,HONDA SH 125,8,E01017983,0,-1
2021010294134,2021,010294134,1,3,0,18,19,6,2,0,0,1,0,0,0,0,3,1,1,1,1,35,6,125,1,1,HONDA SH 125,3,E01000641,0,-1
2021010297597,2021,010297597,2,3,0,13,13,3,7,0,0,1,0,0,7,0,1,1,6,6,1,43,7,125,1,5,HONDA SH 125,5,E01002682,0,-1
2021010293943,2021,010293943,1,3,0,99,99,9,9,99,99,9,9,99,9,99,1,1,6,6,1,20,4,125,1,1,HONDA SH 125,1,E01000528,0,-1
2021010300574,2021,010300574,1,3,0,99,99,9,9,99,99,9,9,99,9,99,9,1,2,2,1,47,8,125,1,4,HONDA SH 125,4,E01001503,0,-1
2021010345514,2021,010345514,1,2,0,18,19,5,1,0,0,1,0,0,0,0,3,1,1,1,1,43,7,125,1,1,HONDA SH 125,-1,-1,0,-1
2021010320775,2021,010320775,1,2,0,5,5,3,7,0,0,1,0,0,0,0,4,1,1,1,1,36,7,125,1,6,HONDA SH 125,3,E01001244,0,-1
2021010299499,2021,010299499,1,3,0,13,13,7,3,0,0,8,5,0,0,0,1,1,1,1,2,56,9,125,1,4,HONDA SH 125,1,E01002904,0,-1
2021010298428,2021,010298428,1,3,0,99,99,9,9,99,99,9,9,99,9,99,9,1,6,6,1,33,6,125,1,2,HONDA SH 125,1,E01003963,0,-1
2021010318818,2021,010318818,2,3,0,99,99,9,9,99,99,9,9,99,9,99,9,1,6,6,3,-1,-1,125,1,0,HONDA SH 125,8,E01004623,0,-1
2021010341664,2021,010341664,1,3,0,99,99,9,9,99,99,9,9,99,9,99,1,1,1,1,1,34,6,125,1,5,HONDA SH 125,3,E01001154,0,-1
2021010347119,2021,010347119,2,3,0,18,19,5,1,0,0,1,0,0,0,0,1,1,6,6,1,37,7,125,1,4,HONDA SH 125,5,E01000146,0,-1
2021010341987,2021,010341987,1,3,0,99,99,9,9,99,99,2,9,99,9,99,9,1,2,2,1,41,7,125,1,0,HONDA SH 125,5,E01001344,0,-1
2021010299840,2021,010299840,2,4,0,18,19,3,7,0,0,1,0,0,0,0,3,1,6,6,2,-1,-1,125,1,1,HONDA SH 125,-1,-1,0,-1
2021010301214,2021,010301214,1,3,0,99,99,9,9,99,99,9,9,99,9,99,1,1,2,2,1,26,6,125,1,6,HONDA SH 125,1,E01001813,0,-1
2021010311690,2021,010311690,1,3,0,99,99,9,9,99,99,9,9,99,9,99,9,1,6,6,1,31,6,125,1,0,HONDA SH 125,3,E01002070,0,-1
2021010342336,2021,010342336,1,3,0,99,99,9,9,99,99,9,9,99,9,99,1,1,6,6,1,46,8,125,1,0,HONDA SH 125,1,E01002037,0,-1
2021010352429,2021,010352429,2,3,0,13,13,1,5,0,0,2,1,0,0,0,1,1,6,6,1,21,5,125,1,7,HONDA SH 125,1,E01001740,0,-1
2021010299965,2021,010299965,1,3,0,18,19,6,2,0,0,8,0,0,0,0,4,1,6,6,1,34,6,125,1,4,HONDA SH 125,3,E01003788,0,-1
2021451089279,2021,451089279,1,3,0,9,9,3,1,0,0,1,0,0,0,0,2,1,1,1,1,53,8,125,1,1,HONDA SH 125,4,E01004150,0,-1
2021430474155,2021,430474155,1,4,0,18,19,6,2,0,0,0,0,0,0,0,2,1,2,2,1,27,6,125,1,0,HONDA SH 125,7,E01017851,0,-1
2021010298367,2021,010298367,1,3,0,99,99,9,9,99,99,9,9,99,9,99,9,1,6,6,1,27,6,125,1,0,HONDA SH 125,2,E01033700,0,-1
2021010296571,2021,010296571,2,3,0,14,14,6,2,0,0,8,0,0,0,0,4,1,1,1,1,49,8,125,1,2,HONDA SH 125,2,E01003591,0,-1
2021010327742,2021,010327742,1,3,0,99,99,9,9,99,99,9,9,99,9,99,1,1,1,1,1,23,5,125,1,1,HONDA SH 125,5,E01000505,0,-1
2021010350614,2021,010350614,1,3,0,14,14,1,5,0,0,8,0,0,0,0,1,1,1,1,1,33,6,125,1,1,HONDA SH 125,4,E01001090,0,-1
2021010301936,2021,010301936,1,4,0,18,19,5,1,0,0,1,0,0,0,0,1,1,1,1,1,24,5,125,1,4,HONDA SH 125,2,E01003066,0,-1
2021010332367,2021,010332367,2,3,0,13,13,1,5,0,0,1,0,0,0,0,1,1,1,1,1,21,5,125,1,2,HONDA SH 125,3,E01001629,0,-1
2021010299811,2021,010299811,1,3,0,99,99,9,9,0,0,9,0,99,9,99,1,1,2,2,1,26,6,125,1,4,HONDA SH 125,4,E01001007,0,-1
2021010328123,2021,010328123,1,3,4,99,99,9,9,99,99,9,9,99,9,99,1,1,6,6,1,30,6,125,1,2,HONDA SH 125,3,E01000638,0,-1
2021010316614,2021,010316614,1,3,0,18,19,5,1,99,99,9,9,0,0,0,1,1,6,6,1,44,7,125,1,0,HONDA SH 125,2,E01003542,0,-1
2021010339897,2021,010339897,1,3,0,99,99,9,9,99,99,9,9,99,9,99,9,1,2,2,1,27,6,125,1,0,HONDA SH 125,7,E01002127,0,-1
2021010346530,2021,010346530,1,3,0,18,19,7,3,0,0,8,1,0,0,0,3,1,1,1,1,35,6,125,1,1,HONDA SH 125,4,E01004614,0,-1
2021010338603,2021,010338603,1,3,0,99,99,9,9,99,99,9,9,99,9,99,1,1,6,6,1,26,6,125,1,3,HONDA SH 125,1,E01002092,0,-1
2021010325862,2021,010325862,1,2,0,13,13,5,1,0,0,1,0,0,0,0,1,1,6,6,1,24,5,125,1,0,HONDA SH 125,-1,-1,0,-1
2021010333081,2021,010333081,2,4,0,18,19,3,7,0,0,8,0,0,0,0,1,1,6,6,1,29,6,125,1,2,HONDA SH 125,4,E01001007,0,-1
2021010336839,2021,010336839,1,3,0,99,99,9,9,99,99,9,9,99,9,99,1,1,6,6,2,27,6,125,1,7,HONDA SH 125,3,E01002084,0,-1
2021010349086,2021,010349086,2,3,0,99,99,9,9,99,99,9,9,99,9,99,9,1,6,6,3,38,7,125,1,1,HONDA SH 125,5,E01003134,0,-1
2021010321041,2021,010321041,1,3,0,18,19,1,5,99,99,0,9,99,9,99,2,1,6,6,2,26,6,125,1,9,HONDA SH 125,2,E01002056,0,-1
2021010303553,2021,010303553,2,3,0,18,19,6,2,2,2,1,0,0,0,0,1,1,6,6,1,33,6,125,1,4,HONDA SH 125,1,E01002071,0,-1
2021010337449,2021,010337449,1,3,9,99,99,9,9,99,99,9,9,99,9,99,4,1,2,2,1,28,6,125,1,0,HONDA SH 125,1,E01000061,0,-1
2021010306996,2021,010306996,2,2,0,18,19,7,3,0,0,1,0,0,0,0,3,1,6,6,1,19,4,125,1,6,HONDA SH 125,1,E01002748,0,-1
2021010324393,2021,010324393,1,3,0,18,19,3,7,0,0,1,0,0,0,0,9,1,1,1,1,36,7,125,1,1,HONDA SH 125,4,E01002973,0,-1
2021010343175,2021,010343175,1,3,0,99,99,9,9,99,99,9,9,99,9,99,9,1,1,1,1,37,7,125,1,7,HONDA SH 125,3,E01001048,0,-1
2021010334753,2021,010334753,1,3,0,99,99,9,9,99,99,9,9,99,9,99,1,1,1,1,1,44,7,125,1,3,HONDA SH 125,3,E01001981,0,-1
2021010325135,2021,010325135,2,3,0,18,19,7,3,0,0,1,0,0,0,0,1,1,1,1,2,33,6,125,1,0,HONDA SH 125,3,E01004034,0,-1
2021010329923,2021,010329923,1,3,0,99,99,9,9,0,0,9,0,0,9,0,9,1,6,6,1,38,7,125,1,6,HONDA SH 125,2,E01002033,0,-1
2021010350342,2021,010350342,1,4,0,99,99,9,9,99,99,9,9,99,9,99,1,1,1,1,1,26,6,125,1,0,HONDA SH 125,1,E01002842,0,-1
2021010307556,2021,010307556,1,3,0,18,19,1,5,0,0,2,0,0,0,0,1,1,6,6,1,30,6,125,1,3,HONDA SH 125,4,E01003344,0,-1
2021010292723,2021,010292723,2,3,0,18,19,1,5,0,0,5,0,0,0,0,1,1,6,6,1,32,6,125,1,1,HONDA SH 125,3,E01001162,0,-1
2021010340888,2021,010340888,2,3,0,18,19,1,5,0,0,2,0,4,0,0,1,1,6,6,1,23,5,125,1,6,HONDA SH 125,1,E01001781,0,-1
2021010339492,2021,010339492,1,3,0,13,13,7,3,2,2,0,0,0,0,0,3,1,1,1,1,36,7,125,1,4,HONDA SH 125,2,E01003501,0,-1
2021010350334,2021,010350334,1,3,0,18,19,3,7,0,0,0,0,4,0,0,1,1,1,1,1,47,8,125,1,1,HONDA SH 125,7,E01001890,0,-1
2021010342211,2021,010342211,2,3,0,99,99,9,9,0,0,8,0,0,0,0,1,1,6,6,3,-1,-1,125,1,4,HONDA SH 125,-1,-1,0,-1
2021010304840,2021,010304840,2,4,0,13,13,5,1,0,0,1,0,0,0,0,1,1,6,6,1,38,7,125,1,1,HONDA SH 125,2,E01003298,0,-1
2021010323783,2021,010323783,2,5,0,18,19,1,5,0,0,0,0,0,0,0,1,1,6,6,1,39,7,125,1,3,HONDA SH 125,2,E01000143,0,-1
2021010306501,2021,010306501,1,3,0,99,99,9,9,99,99,9,9,99,9,99,2,1,6,6,1,38,7,125,1,7,HONDA SH 125,5,E01003340,0,-1
2021010335957,2021,010335957,2,3,9,99,99,9,9,99,99,9,9,99,9,99,9,1,6,6,3,-1,-1,125,1,1,HONDA SH 125,6,E01001572,0,-1
2021010336163,2021,010336163,1,3,0,99,99,9,9,99,99,9,9,99,9,99,9,1,6,6,1,46,8,125,1,0,HONDA SH 125,1,E01002037,0,-1
2021451070304,2021,451070304,2,3,0,10,10,7,3,0,0,1,0,0,0,0,2,1,2,2,1,28,6,125,1,1,HONDA SH 125,5,E01030493,0,-1
2021471056125,2021,471056125,2,3,0,13,13,3,6,0,0,8,0,0,0,0,4,1,6,6,1,32,6,125,1,1,HONDA SH 125,3,E01003617,0,-1
2021010321551,2021,010321551,1,3,0,99,99,9,9,99,99,9,9,99,9,99,1,1,1,1,1,23,5,125,1,4,HONDA SH 125,5,E01004519,0,-1
2021010296555,2021,010296555,1,4,0,9,9,7,5,0,0,5,9,0,0,99,1,1,6,6,1,29,6,125,1,0,HONDA SH 125,2,E01003162,0,-1
2021010340188,2021,010340188,1,3,0,18,19,1,5,0,0,0,0,0,0,0,1,1,6,6,1,50,8,125,1,0,HONDA SH 125,7,E01003800,0,-1
2021010339207,2021,010339207,2,3,0,18,19,5,1,0,0,1,0,0,0,0,4,1,1,1,1,53,8,125,1,2,HONDA SH 125,-1,-1,0,-1
2021471031167,2021,471031167,2,3,0,18,19,4,8,0,0,0,0,0,0,0,4,1,5,6,2,29,6,125,1,1,HONDA SH 125,3,E01016852,0,-1
2021010324881,2021,010324881,1,3,0,18,19,5,1,0,0,8,9,0,0,0,4,1,1,1,1,22,5,125,1,6,HONDA SH 125,8,E01003426,0,-1
2021010346686,2021,010346686,1,3,0,99,99,9,9,99,99,9,9,99,9,99,9,1,6,6,1,41,7,125,1,2,HONDA SH 125,2,E01001333,0,-1
2021010332830,2021,010332830,1,3,0,99,99,9,9,99,99,9,9,99,9,99,2,1,2,2,1,41,7,125,1,4,HONDA SH 125,3,E01003618,0,-1
2021010293927,2021,010293927,2,3,0,18,19,6,2,0,0,1,0,0,0,0,1,1,6,6,1,26,6,125,1,6,HONDA SH 125,-1,-1,0,-1
2021010344751,2021,010344751,1,3,0,99,99,9,9,99,99,9,9,99,9,99,1,1,6,6,1,27,6,125,1,0,HONDA SH 125,7,E01017851,0,-1
2021201110548,2021,201110548,2,3,0,18,19,1,5,0,0,8,0,0,0,0,3,1,1,1,1,36,7,125,1,7,HONDA SH 125,1,E01009372,0,-1
2021010296245,2021,010296245,1,3,0,99,99,9,9,99,99,0,9,99,9,99,9,1,6,6,1,40,7,125,1,2,HONDA SH 125,4,E01001087,0,-1
2021010297228,2021,010297228,1,3,0,99,99,9,9,99,99,9,9,99,9,99,2,1,6,6,1,48,8,125,1,0,HONDA SH 125,4,E01016516,0,-1
2021010289514,2021,010289514,1,3,0,99,99,9,9,99,99,0,9,99,9,99,2,1,6,6,1,37,7,125,1,3,HONDA SH 125,3,E01003042,0,-1
2021010335180,2021,010335180,1,3,0,99,99,9,9,99,99,9,9,99,9,99,9,1,1,1,1,51,8,125,1,3,HONDA SH 125,5,E01001611,0,-1
2021010349344,2021,010349344,2,3,0,18,19,7,3,0,0,8,0,0,0,0,3,1,6,6,1,24,5,125,1,2,HONDA SH 125,5,E01000268,0,-1
2021010339463,2021,010339463,1,3,9,99,99,9,9,99,99,0,9,99,9,99,9,1,1,1,1,36,7,125,1,0,HONDA SH 125,2,E01000072,0,-1
2021010291929,2021,010291929,1,3,0,99,99,9,9,99,99,9,9,99,9,99,1,1,6,6,1,-1,-1,125,1,6,HONDA SH 125,7,E01000296,0,-1
2021010308906,2021,010308906,1,3,0,99,99,9,9,99,99,9,9,99,9,99,9,1,6,6,1,36,7,125,1,4,HONDA SH 125,1,E01002095,0,-1
2021010349925,2021,010349925,2,4,0,18,19,1,5,0,0,1,1,0,0,0,3,1,1,1,1,27,6,125,1,3,HONDA SH 125,4,E01001041,0,-1
2021010312030,2021,010312030,1,3,0,18,19,1,5,0,0,8,0,0,0,0,4,1,6,6,1,18,4,125,1,0,HONDA SH 125,8,E01004054,0,-1
2021010287847,2021,010287847,1,3,0,99,99,9,9,99,99,9,9,99,9,99,9,1,6,6,1,19,4,125,1,7,HONDA SH 125,1,E01002095,0,-1
2021010345077,2021,010345077,2,3,0,18,19,2,6,0,0,0,0,0,0,0,3,1,6,6,1,51,8,125,1,1,HONDA SH 125,-1,-1,0,-1
2021010312049,2021,010312049,1,3,0,5,5,5,1,0,0,8,5,0,0,0,1,1,1,1,1,45,7,125,1,1,HONDA SH 125,6,E01004108,0,-1
2021461012650,2021,461012650,1,3,0,18,19,1,5,0,0,0,1,0,0,0,4,1,5,6,1,15,3,125,1,7,HONDA SH 125,4,E01032800,0,-1
2021010298707,2021,010298707,1,3,0,3,3,1,5,0,0,4,0,0,0,0,2,1,6,6,1,35,6,125,1,5,HONDA SH 125,3,E01003602,0,-1
2021010334568,2021,010334568,1,3,0,99,99,9,9,99,99,9,9,99,9,99,1,1,1,1,1,20,4,125,1,4,HONDA SH 125,2,E01003089,0,-1
2021010351867,2021,010351867,1,3,0,99,99,9,9,99,99,9,9,99,9,99,2,1,6,6,1,36,7,125,1,7,HONDA SH 125,3,E01001489,0,-1
2021010316805,2021,010316805,1,3,0,99,99,9,9,99,99,9,9,99,9,99,1,1,6,6,2,30,6,125,1,2,HONDA SH 125,6,E01000492,0,-1
2021010330936,2021,010330936,1,3,0,99,99,9,9,99,99,9,9,99,9,99,2,1,1,1,1,20,4,125,1,5,HONDA SH 125,3,E01002542,0,-1
2021010321717,2021,010321717,1,3,0,99,99,9,9,99,99,9,9,99,9,99,1,1,1,1,1,44,7,125,1,0,HONDA SH 125,7,E01023531,0,-1
2021010320007,2021,010320007,2,2,0,13,13,1,5,4,4,1,0,0,0,0,0,1,2,2,1,49,8,125,1,2,HONDA SH 125,6,E01000232,0,-1
2021010325605,2021,010325605,1,4,0,18,19,5,1,0,0,1,1,11,0,0,1,1,6,6,1,21,5,125,1,8,HONDA SH 125,-1,-1,0,-1
2021010343396,2021,010343396,2,4,0,17,19,1,5,2,2,1,0,0,0,0,3,1,6,6,1,20,4,125,1,2,HONDA SH 125,5,E01004521,0,-1
2021010350689,2021,010350689,2,3,0,18,19,1,5,0,0,1,0,0,0,0,1,1,1,1,1,27,6,125,1,8,HONDA SH 125,7,E01004639,0,-1
2021010344385,2021,010344385,2,3,0,14,14,1,5,0,0,1,0,0,0,0,1,1,6,6,1,41,7,125,1,4,HONDA SH 125,4,E01001276,0,-1
2021010315738,2021,010315738,1,3,0,99,99,9,9,99,99,9,9,99,9,99,1,1,6,6,1,37,7,125,1,4,HONDA SH 125,3,E01002102,0,-1
2021421067180,2021,421067180,2,3,0,18,19,1,5,0,0,0,0,0,0,0,1,1,1,1,1,20,4,125,1,0,HONDA SH 125,-1,-1,0,-1
2021170L30111,2021,170L30111,1,4,0,18,19,3,7,0,0,0,0,0,0,0,0,1,6,6,1,25,5,124,1,7,-1,2,E01012107,0,-1
2021421035991,2021,421035991,2,3,0,18,19,1,5,0,0,8,2,0,0,0,4,1,6,6,1,38,7,124,1,9,-1,3,E01021328,0,-1
202163A015621,2021,63A015621,2,3,0,18,19,3,7,0,0,0,1,0,0,0,1,1,6,6,1,51,8,124,1,7,-1,8,W01000624,0,-1
2021371043666,2021,371043666,2,97,0,18,19,6,2,0,0,2,0,0,0,0,1,1,5,6,1,28,6,125,1,1,-1,3,E01030162,0,-1
2021052102591,2021,052102591,2,4,0,3,3,3,7,0,0,1,0,0,0,0,2,1,2,2,1,55,8,125,1,3,-1,3,E01007177,0,-1
2021052100255,2021,052100255,1,3,0,9,9,1,7,0,0,8,1,0,0,0,2,1,6,6,1,25,5,125,1,1,-1,1,E01006767,0,-1
2021451019441,2021,451019441,1,3,0,18,19,3,7,0,0,0,0,0,0,0,0,1,2,2,1,36,7,125,1,1,-1,5,E01023904,0,-1
2021451023755,2021,451023755,1,3,0,18,19,5,1,0,0,4,1,0,0,0,1,1,1,1,1,19,4,125,1,2,-1,5,E01030982,0,-1
2021201138312,2021,201138312,2,3,0,18,19,3,7,0,0,3,0,0,0,0,4,1,6,6,1,18,4,125,1,1,-1,5,E01010354,0,-1
2021201133471,2021,201133471,1,3,0,18,19,6,2,0,0,8,5,0,0,0,1,1,4,7,1,21,5,125,1,3,-1,6,E01010502,0,-1
2021211175197,2021,211175197,2,3,0,18,19,5,1,0,0,1,0,0,0,0,1,1,6,6,1,19,4,125,1,1,-1,5,E01019883,0,-1
2021061047826,2021,061047826,2,3,0,18,19,2,6,0,0,8,0,0,0,0,1,1,6,6,1,30,6,125,1,1,-1,2,E01005949,0,-1
2021141032637,2021,141032637,1,3,0,18,19,5,1,0,0,0,1,0,1,0,1,1,5,6,2,30,6,125,1,1,-1,2,E01005230,0,-1
2021061186982,2021,061186982,1,2,0,18,19,5,1,0,0,1,0,0,0,0,1,1,6,6,1,26,6,125,1,4,-1,1,E01033258,0,-1
2021531036328,2021,531036328,2,3,0,14,14,1,1,0,0,0,1,0,0,0,3,1,5,6,1,18,4,125,1,1,-1,10,E01022130,0,-1
2021010322766,2021,010322766,1,9,0,5,5,6,2,0,0,1,0,0,0,0,1,1,6,6,1,48,8,3311,8,14,LEXUS RX 400,2,E01001700,0,-1
2021010291471,2021,010291471,1,9,0,18,19,5,1,0,0,8,0,0,0,0,1,1,3,7,2,45,7,3311,8,15,LEXUS RX 400,5,E01003650,0,-1
2021010319044,2021,010319044,1,9,0,18,19,1,5,0,0,0,0,11,0,0,1,1,6,6,1,74,10,3311,8,14,LEXUS RX 400,8,E01000120,0,-1
2021010311382,2021,010311382,1,9,0,18,19,7,3,0,0,8,0,0,0,0,1,1,6,6,1,49,8,3311,8,15,LEXUS RX 400,-1,-1,0,-1
2021461087402,2021,461087402,2,9,0,4,4,3,7,0,0,0,0,0,0,0,2,1,6,6,2,54,8,3311,8,16,LEXUS RX 400,9,E01024369,0,-1
2021010312461,2021,010312461,2,9,0,9,9,1,7,0,0,8,0,0,0,0,4,1,1,1,1,48,8,3311,8,14,LEXUS RX 400,1,E01001178,0,-1
2021010315979,2021,010315979,1,9,0,99,99,9,9,99,99,9,9,99,9,99,2,9,6,6,2,41,7,3311,8,13,LEXUS RX 400,5,E01000825,0,-1
2021440070039,2021,440070039,1,9,0,18,19,8,4,0,0,8,0,0,0,0,1,1,6,6,1,76,11,3311,8,12,LEXUS RX 400,7,E01023014,0,-1
2021471041175,2021,471041175,1,9,0,18,19,6,2,0,0,4,0,0,0,0,3,1,5,6,1,40,7,3311,8,16,LEXUS RX 400,6,E01031676,0,-1
2021991088532,2021,991088532,4,9,0,10,10,2,8,0,0,1,0,0,0,0,2,1,5,6,1,74,10,3311,8,13,LEXUS RX 400,8,-1,0,-1
2021010292930,2021,010292930,2,9,0,99,99,9,9,0,0,0,0,0,0,0,9,9,6,6,3,-1,-1,3311,8,13,LEXUS RX 400,-1,-1,0,-1
2021041082926,2021,041082926,2,9,3,18,19,3,7,0,0,0,3,0,0,0,2,1,5,6,1,54,8,3311,8,15,LEXUS RX 400,3,E01012676,0,-1
2021010335574,2021,010335574,1,9,0,7,7,1,3,0,0,2,0,0,0,0,1,1,6,6,1,53,8,3311,8,13,LEXUS RX 400,2,E01003176,0,-1
2021010289030,2021,010289030,1,9,0,99,99,9,9,99,99,9,9,99,9,99,2,9,6,6,1,47,8,3311,8,13,LEXUS RX 400,3,E01001799,0,-1
2021302100478,2021,302100478,2,9,0,7,7,4,6,0,0,6,1,0,0,0,1,1,3,7,2,39,7,3311,8,14,LEXUS RX 400,2,E01013569,0,-1
2021440110346,2021,440110346,4,9,0,2,2,0,0,9,9,0,0,0,0,0,1,1,6,6,3,-1,-1,3311,8,14,LEXUS RX 400,-1,-1,0,-1
2021010334980,2021,010334980,1,9,0,18,19,5,1,0,0,1,0,0,1,11,1,1,6,6,1,66,10,3311,8,16,LEXUS RX 400,3,E01004432,0,-1