collision_index,collision_year,collision_ref_no,vehicle_reference,vehicle_type,towing_and_articulation,vehicle_manoeuvre_historic,vehicle_manoeuvre,vehicle_direction_from,vehicle_direction_to,vehicle_location_restricted_lane_historic,vehicle_location_restricted_lane,junction_location,skidding_and_overturning,hit_object_in_carriageway,vehicle_leaving_carriageway,hit_object_off_carriageway,first_point_of_impact,vehicle_left_hand_drive,journey_purpose_of_driver_historic,journey_purpose_of_driver,sex_of_driver,age_of_driver,age_band_of_driver,engine_capacity_cc,propulsion_code,age_of_vehicle,generic_make_model,driver_imd_decile,lsoa_of_driver,escooter_flag,driver_distance_banding
2021501022327,2021,501022327,2,9,0,18,19,3,7,0,0,0,0,0,0,0,2,1,6,6,2,51,8,3311,8,14,LEXUS RX 400,9,E01019939,0,-1
2021010303086,2021,010303086,1,9,0,7,7,1,3,0,0,8,0,0,0,0,1,1,6,6,1,33,6,3311,8,15,LEXUS RX 400,3,E01001804,0,-1
2021010290900,2021,010290900,1,9,0,17,19,3,7,0,0,4,0,9,7,0,1,1,6,6,1,31,6,3311,8,13,LEXUS RX 400,4,E01003389,0,-1
2021010287755,2021,010287755,1,9,0,18,19,1,5,0,0,0,0,0,0,0,1,1,6,6,1,51,8,3311,8,14,LEXUS RX 400,3,E01000531,0,-1
2021010315306,2021,010315306,1,9,0,99,99,9,9,99,99,9,9,99,9,99,2,9,6,6,2,50,8,3311,8,13,LEXUS RX 400,8,E01001949,0,-1
2021010350080,2021,010350080,1,9,0,7,7,1,3,0,0,1,0,0,0,0,4,1,6,6,1,53,8,3311,8,14,LEXUS RX 400,-1,-1,0,-1
2021010341787,2021,010341787,1,9,0,18,19,5,1,0,0,1,0,0,0,0,1,1,6,6,2,39,7,3311,8,13,LEXUS RX 400,3,E01002909,0,-1
2021430353304,2021,430353304,1,9,0,8,8,2,4,0,0,1,0,0,0,0,2,1,6,6,1,51,8,3311,8,13,LEXUS RX 400,10,E01016425,0,-1
2021221066363,2021,221066363,1,9,0,9,9,1,7,7,6,0,0,0,0,0,4,1,3,7,2,41,7,3311,8,14,LEXUS RX 400,4,E01028847,0,-1
202134WNC1641,2021,34WNC1641,1,9,0,18,19,1,5,0,0,4,0,0,0,0,1,1,6,6,1,32,6,3311,8,16,LEXUS RX 400,3,E01027180,0,-1
2021010303908,2021,010303908,2,9,0,7,7,5,8,0,0,1,0,0,0,0,2,1,6,6,3,-1,-1,3311,8,13,LEXUS RX 400,-1,-1,0,-1
2021010290659,2021,010290659,1,9,0,9,9,5,2,0,0,1,0,0,0,0,1,1,6,6,1,64,9,3311,8,15,LEXUS RX 400,7,E01000909,0,-1
2021421014377,2021,421014377,1,9,0,9,9,1,6,0,0,3,0,0,0,0,1,1,2,2,1,30,6,3311,8,13,LEXUS RX 400,4,E01016008,0,-1
2021421111258,2021,421111258,2,9,0,18,19,1,5,0,0,8,0,0,0,0,4,1,5,6,1,60,9,3311,8,14,LEXUS RX 400,4,E01004414,0,-1
2021010334688,2021,010334688,1,9,0,99,99,9,9,99,99,9,9,99,9,99,2,9,2,2,1,52,8,3311,8,13,LEXUS RX 400,2,E01000075,0,-1
2021421023747,2021,421023747,1,9,0,4,4,1,5,0,0,0,0,0,0,0,1,1,6,6,1,35,6,3311,8,16,LEXUS RX 400,-1,-1,0,-1
2021010294631,2021,010294631,1,9,0,99,99,9,9,99,99,9,9,99,9,99,2,9,6,6,2,53,8,3311,8,13,LEXUS RX 400,8,E01001400,0,-1
2021010291262,2021,010291262,2,9,0,3,3,5,1,0,0,1,0,0,0,0,2,1,2,2,1,60,9,3311,8,14,LEXUS RX 400,1,E01001426,0,-1
2021041031219,2021,041031219,1,23,0,18,19,5,1,4,4,0,0,0,0,0,1,1,5,6,2,62,9,125,1,13,-1,-1,-1,0,-1
2021141041393,2021,141041393,1,3,0,18,19,5,1,0,0,1,2,0,0,0,1,1,6,6,1,21,5,124,1,7,-1,1,E01007775,0,-1
2021010345132,2021,010345132,2,3,0,18,19,7,3,0,0,8,0,0,0,0,3,1,6,6,1,46,8,124,1,14,-1,2,E01001066,0,-1
2021440268962,2021,440268962,1,9,0,7,7,3,5,0,0,8,0,0,0,0,1,2,6,6,2,60,9,698,1,18,MCC SMART,9,E01022830,0,-1
2021010295184,2021,010295184,1,9,0,99,99,9,9,99,99,9,9,99,9,99,2,9,6,6,2,30,6,599,1,19,MCC SMART,4,E01030634,0,-1
2021061116740,2021,061116740,2,9,0,18,19,4,1,0,0,4,0,0,0,0,3,1,1,1,1,29,6,599,1,19,MCC SMART,1,E01005467,0,-1
2021010295150,2021,010295150,1,9,0,7,7,3,6,0,0,3,0,0,0,0,4,1,6,6,3,-1,-1,599,1,19,MCC SMART,-1,-1,0,-1
2021041126643,2021,041126643,1,9,0,18,19,8,8,0,0,0,0,0,0,0,2,1,5,6,1,44,7,698,1,16,MCC SMART,8,E01024939,0,-1
2021440295781,2021,440295781,2,9,0,18,19,3,7,0,0,1,1,0,0,0,1,1,2,2,3,-1,-1,698,1,18,MCC SMART,-1,-1,0,-1
2021622100465,2021,622100465,1,9,0,7,7,6,8,0,0,1,0,0,0,0,1,1,6,6,1,67,10,599,1,18,MCC SMART,10,W01001779,0,-1
2021471050150,2021,471050150,1,9,0,18,19,3,7,0,0,0,0,0,0,0,4,1,6,6,1,52,8,599,1,19,MCC SMART,5,E01020967,0,-1
2021440271847,2021,440271847,1,9,0,9,9,7,5,0,0,8,0,0,0,0,1,1,6,6,2,39,7,599,1,19,MCC SMART,7,E01017329,0,-1
2021522100024,2021,522100024,1,9,0,3,3,1,5,0,0,1,0,0,0,0,2,1,6,6,2,36,7,599,1,18,MCC SMART,1,E01014832,0,-1
2021010289445,2021,010289445,1,9,0,18,19,2,6,0,0,1,0,0,0,0,1,1,6,6,1,31,6,599,1,20,MCC SMART,2,E01003238,0,-1
2021461126747,2021,461126747,1,9,0,18,19,7,3,0,0,0,1,0,0,0,1,1,6,6,2,26,6,599,1,18,MCC SMART,6,E01024152,0,-1
2021010289815,2021,010289815,2,9,0,99,99,9,9,99,99,9,9,99,9,99,1,9,6,6,1,57,9,599,1,18,MCC SMART,3,E01002215,0,-1
2021311115913,2021,311115913,1,9,0,12,12,4,4,0,0,3,1,0,0,0,2,1,6,6,2,46,8,599,1,19,MCC SMART,1,E01013865,0,-1
2021302101683,2021,302101683,1,9,0,18,19,4,8,0,0,0,0,0,0,0,1,1,1,1,1,55,8,1461,2,4,MERCEDES B CLASS,7,E01025926,0,-1
2021010298338,2021,010298338,1,9,0,18,19,5,1,0,0,1,0,11,0,0,4,1,6,6,2,44,7,1595,1,9,MERCEDES B CLASS,5,E01002671,0,-1
2021201136776,2021,201136776,3,9,0,18,19,8,4,0,0,0,0,0,0,0,2,1,3,7,2,-1,-1,1796,2,7,MERCEDES B CLASS,4,E01010324,0,-1
2021201114189,2021,201114189,1,9,0,9,9,4,2,0,0,5,0,0,0,0,4,1,6,6,1,19,4,1992,2,13,MERCEDES B CLASS,7,E01009040,0,-1
2021451074426,2021,451074426,1,9,0,18,19,8,2,0,0,0,0,0,0,0,1,1,6,6,1,44,7,1461,2,5,MERCEDES B CLASS,4,E01016573,0,-1
2021622100936,2021,622100936,2,9,0,2,2,0,0,0,0,0,0,0,0,0,1,1,6,6,3,-1,-1,1461,2,1,MERCEDES B CLASS,-1,-1,0,-1
2021070089311,2021,070089311,1,9,0,18,19,5,1,0,0,0,0,0,0,0,4,1,6,6,2,39,7,1498,1,15,MERCEDES B CLASS,2,E01012506,0,-1
2021131108506,2021,131108506,2,9,0,18,19,3,7,0,0,0,0,0,0,0,1,1,2,2,2,45,7,1950,2,0,MERCEDES B CLASS,7,E01011383,0,-1
2021010350822,2021,010350822,3,9,0,2,2,0,0,0,0,1,0,0,0,0,2,1,6,6,3,-1,-1,1699,1,13,MERCEDES B CLASS,-1,-1,0,-1
2021461045135,2021,461045135,1,9,0,18,19,1,5,0,0,0,0,0,0,0,1,1,6,6,1,-1,-1,2143,2,6,MERCEDES B CLASS,-1,-1,0,-1
202131A133821,2021,31A133821,2,9,0,4,4,1,5,0,0,8,0,0,0,0,3,1,6,6,1,77,11,1796,2,9,MERCEDES B CLASS,5,E01027946,0,-1
202131B006621,2021,31B006621,1,9,0,18,19,7,3,0,0,0,0,0,0,0,1,1,1,1,1,25,5,1461,2,7,MERCEDES B CLASS,9,E01028054,0,-1
2021440194129,2021,440194129,1,9,0,18,19,4,8,0,0,0,0,10,1,10,1,1,6,6,2,62,9,2143,2,3,MERCEDES B CLASS,6,E01022520,0,-1
2021371136368,2021,371136368,1,9,0,18,19,1,4,0,0,8,0,0,0,0,1,1,2,2,1,31,6,1699,1,13,MERCEDES B CLASS,4,E01030123,0,-1
2021302100759,2021,302100759,1,9,0,18,19,8,2,0,0,8,0,0,0,0,1,1,6,6,2,44,7,1991,2,10,MERCEDES B CLASS,3,E01021016,0,-1
202134WNC2911,2021,34WNC2911,1,9,0,18,19,5,1,0,0,4,0,0,7,0,1,1,6,6,1,48,8,1991,2,12,MERCEDES B CLASS,7,E01009645,0,-1
2021010334737,2021,010334737,1,9,0,99,99,9,9,99,99,9,9,99,9,99,2,9,6,6,2,44,7,1991,2,13,MERCEDES B CLASS,3,E01001816,0,-1
2021010293941,2021,010293941,1,9,0,99,99,9,9,99,99,9,9,99,9,99,1,9,6,6,3,48,8,1595,1,4,MERCEDES B CLASS,6,E01001923,0,-1
2021010308716,2021,010308716,2,9,0,18,19,1,5,0,0,0,0,0,0,0,0,1,6,6,1,20,4,1992,2,14,MERCEDES B CLASS,2,E01000998,0,-1
2021421119165,2021,421119165,2,9,0,4,4,1,5,0,0,0,0,0,0,0,2,1,5,6,2,37,7,1461,2,7,MERCEDES B CLASS,4,E01015936,0,-1
2021161111690,2021,161111690,1,9,0,5,5,3,1,0,0,8,0,0,0,0,1,1,6,6,1,78,11,1461,2,7,MERCEDES B CLASS,7,E01007553,0,-1
2021010292891,2021,010292891,1,9,0,18,19,2,6,0,0,1,0,0,0,0,2,1,6,6,2,51,8,2143,2,6,MERCEDES B CLASS,10,E01003463,0,-1
2021010327506,2021,010327506,1,9,0,3,3,7,3,0,0,1,0,0,0,0,2,1,6,6,2,35,6,2143,2,7,MERCEDES B CLASS,2,E01001115,0,-1
2021451124600,2021,451124600,1,9,0,18,19,2,6,9,9,0,0,4,0,0,1,1,5,6,1,86,11,1461,2,3,MERCEDES B CLASS,6,E01030677,0,-1
2021401116568,2021,401116568,1,9,0,18,19,2,6,0,0,0,0,0,0,0,2,1,6,6,2,48,8,-1,3,6,MERCEDES B CLASS,10,E01017528,0,-1
2021161041464,2021,161041464,2,9,0,2,2,0,0,0,0,1,0,0,0,0,1,1,5,6,2,38,7,2143,2,4,MERCEDES B CLASS,-1,-1,0,-1
2021430193810,2021,430193810,1,9,0,18,19,2,6,0,0,2,0,0,0,0,1,1,6,6,2,46,8,1796,2,7,MERCEDES B CLASS,7,E01028474,0,-1
2021010307174,2021,010307174,2,9,0,99,99,9,9,99,99,9,9,99,9,99,9,9,6,6,3,-1,-1,1461,2,5,MERCEDES B CLASS,-1,-1,0,-1
2021010299071,2021,010299071,1,9,0,99,99,9,9,99,99,0,9,99,9,99,9,9,6,6,1,30,6,1498,1,11,MERCEDES B CLASS,2,E01032580,0,-1
2021461088600,2021,461088600,1,9,0,6,6,7,3,0,0,0,0,0,0,0,3,1,5,6,1,33,6,1796,2,9,MERCEDES B CLASS,9,E01000648,0,-1
2021010293675,2021,010293675,2,9,0,18,19,5,1,0,0,1,0,0,0,0,1,1,6,6,1,33,6,1498,1,15,MERCEDES B CLASS,3,E01004367,0,-1
2021351036389,2021,351036389,2,9,0,18,19,7,2,0,0,0,0,0,0,0,1,1,2,2,2,69,10,1595,1,8,MERCEDES B CLASS,3,E01026415,0,-1
2021010327547,2021,010327547,1,9,0,3,3,5,1,0,0,0,0,0,0,0,2,1,6,6,1,31,6,1699,1,12,MERCEDES B CLASS,4,E01000290,0,-1
2021010289058,2021,010289058,2,9,0,2,2,0,0,0,0,1,0,0,0,0,3,1,6,6,3,-1,-1,1699,1,14,MERCEDES B CLASS,-1,-1,0,-1
2021010332496,2021,010332496,2,9,0,18,19,5,1,0,0,2,0,0,0,0,3,1,6,6,2,54,8,1461,2,5,MERCEDES B CLASS,5,E01015928,0,-1
2021010321655,2021,010321655,1,9,0,99,99,9,9,99,99,0,9,99,9,99,9,9,6,6,3,-1,-1,2143,2,4,MERCEDES B CLASS,-1,-1,0,-1
2021010315641,2021,010315641,2,9,0,4,4,3,7,0,0,2,0,0,0,0,2,1,2,2,2,37,7,1992,2,14,MERCEDES B CLASS,4,E01024167,0,-1
2021201060158,2021,201060158,2,9,0,18,19,2,6,0,0,1,0,0,0,0,3,1,6,6,1,25,5,1498,1,12,MERCEDES B CLASS,1,E01033633,0,-1
2021201126844,2021,201126844,2,9,0,2,2,0,0,9,9,0,0,0,0,0,1,1,6,6,2,54,8,1796,2,7,MERCEDES B CLASS,3,E01009969,0,-1
2021461113947,2021,461113947,3,9,0,10,10,6,2,0,0,0,0,0,0,0,2,1,6,6,2,43,7,1498,1,13,MERCEDES B CLASS,4,E01024841,0,-1
2021421101789,2021,421101789,1,9,0,9,9,7,5,0,0,0,0,0,0,0,1,1,6,6,1,43,7,1461,2,4,MERCEDES B CLASS,7,E01021407,0,-1
2021061047072,2021,061047072,2,9,0,5,5,4,8,0,0,8,0,0,0,0,1,1,6,6,1,35,6,1461,2,5,MERCEDES B CLASS,-1,-1,0,-1
2021010322007,2021,010322007,1,9,0,9,9,7,5,0,0,0,0,0,0,0,3,1,6,6,1,37,7,1461,2,6,MERCEDES B CLASS,10,E01004594,0,-1
2021401126786,2021,401126786,1,9,0,18,19,8,4,0,0,0,0,0,0,0,1,1,6,6,1,70,10,1991,2,10,MERCEDES B CLASS,9,E01017565,0,-1
2021471098148,2021,471098148,1,9,0,16,19,6,1,0,0,0,0,0,0,0,3,1,2,2,2,64,9,2143,2,5,MERCEDES B CLASS,7,E01022597,0,-1
2021010306053,2021,010306053,2,9,0,4,4,5,1,0,0,1,0,4,0,0,2,1,2,2,1,42,7,1498,1,13,MERCEDES B CLASS,1,E01002040,0,-1
2021010312516,2021,010312516,3,9,0,99,99,9,9,99,99,9,9,99,9,99,2,9,6,6,3,-1,-1,2035,1,15,MERCEDES B CLASS,-1,-1,0,-1
2021302101711,2021,302101711,2,9,0,16,19,4,8,0,0,0,0,4,4,6,4,1,6,6,1,38,7,1950,2,0,MERCEDES B CLASS,4,E01028239,0,-1
2021501142843,2021,501142843,1,9,0,9,9,7,5,0,0,1,0,0,0,0,1,1,5,6,1,74,10,1992,2,14,MERCEDES B CLASS,8,E01020248,0,-1
2021991088482,2021,991088482,2,9,0,18,19,8,4,0,0,1,1,0,0,0,1,1,5,6,1,67,10,1332,1,2,MERCEDES B CLASS,9,-1,0,-1
2021010294848,2021,010294848,2,9,0,7,7,1,3,0,0,1,0,0,0,0,9,1,6,6,1,-1,-1,1461,2,5,MERCEDES B CLASS,-1,-1,0,-1
2021010311602,2021,010311602,2,9,0,99,99,9,9,99,99,9,9,99,9,99,1,9,6,6,3,-1,-1,1498,1,11,MERCEDES B CLASS,-1,-1,0,-1
2021010333762,2021,010333762,1,9,0,18,19,7,3,0,0,1,0,0,0,0,1,1,1,1,1,47,8,1699,1,11,MERCEDES B CLASS,4,E01000155,0,-1
2021421090909,2021,421090909,1,9,0,6,6,5,4,0,0,0,0,0,0,0,3,1,2,2,2,41,7,1461,2,8,MERCEDES B CLASS,6,E01021373,0,-1
2021991089600,2021,991089600,2,9,0,4,4,2,6,0,0,1,0,0,0,0,2,1,5,6,2,69,10,1796,2,9,MERCEDES B CLASS,6,-1,0,-1
2021201125172,2021,201125172,1,9,0,5,5,5,1,0,0,4,0,0,0,0,4,1,6,6,2,30,6,1796,2,8,MERCEDES B CLASS,6,E01010380,0,-1
2021991058590,2021,991058590,1,9,0,7,7,6,8,9,9,1,0,0,3,0,1,1,5,6,2,80,11,1461,2,7,MERCEDES B CLASS,-1,-1,0,-1
2021411100043,2021,411100043,2,9,0,18,19,-1,-1,0,0,0,0,0,0,0,1,1,6,6,2,54,8,1498,1,13,MERCEDES B CLASS,7,E01002474,0,-1
2021461044689,2021,461044689,1,9,0,7,7,7,1,0,0,5,0,0,0,0,1,1,6,6,1,43,7,1498,1,15,MERCEDES B CLASS,1,E01024306,0,-1
2021421046624,2021,421046624,2,9,0,18,19,2,6,0,0,0,1,0,1,7,2,1,5,6,1,36,7,1992,2,14,MERCEDES B CLASS,3,E01003716,0,-1
2021440294671,2021,440294671,2,9,0,18,19,5,1,0,0,4,0,0,0,0,1,1,6,6,1,-1,-1,1461,2,8,MERCEDES B CLASS,-1,-1,0,-1
2021461133636,2021,461133636,2,9,0,9,9,5,1,0,0,1,0,0,0,0,1,1,6,6,1,56,9,1991,2,13,MERCEDES B CLASS,2,E01024294,0,-1
2021010348504,2021,010348504,2,9,0,99,99,9,9,99,99,9,9,99,9,99,2,9,6,6,1,68,10,1332,1,2,MERCEDES B CLASS,4,E01000066,0,-1
2021320750942,2021,320750942,1,9,0,18,19,2,6,0,0,8,0,0,0,0,4,1,6,6,2,35,6,1991,2,10,MERCEDES B CLASS,8,E01026394,0,-1
2021052200146,2021,052200146,1,9,0,3,3,3,7,0,0,0,0,0,0,0,1,1,6,6,2,26,6,1332,1,2,MERCEDES B CLASS,1,E01006776,0,-1
2021411088034,2021,411088034,2,9,0,3,3,5,1,0,0,1,0,0,0,0,2,1,6,6,2,49,8,1595,1,8,MERCEDES B CLASS,4,E01023756,0,-1
2021010289574,2021,010289574,2,9,9,18,19,1,5,99,99,0,9,99,9,99,9,9,6,6,1,-1,-1,1595,1,9,MERCEDES B CLASS,7,E01002891,0,-1
2021131118035,2021,131118035,2,9,0,18,19,7,3,0,0,2,0,0,0,0,4,1,6,6,2,66,10,1461,2,2,MERCEDES B CLASS,7,E01011775,0,-1
2021010348487,2021,010348487,1,9,0,99,99,9,9,99,99,9,9,99,9,99,3,9,6,6,2,45,7,1461,2,6,MERCEDES B CLASS,3,E01000020,0,-1
2021161101659,2021,161101659,2,9,0,18,19,7,3,0,0,1,0,0,0,0,4,1,2,2,2,50,8,1461,2,3,MERCEDES B CLASS,4,E01026076,0,-1
2021010319465,2021,010319465,2,9,0,18,19,2,6,0,0,3,0,0,0,0,1,1,6,6,2,35,6,1498,1,11,MERCEDES B CLASS,1,E01003087,0,-1
2021471031696,2021,471031696,2,9,0,3,3,3,5,0,0,0,0,0,0,0,1,1,5,6,2,42,7,1991,2,11,MERCEDES B CLASS,10,E01031635,0,-1
2021320743693,2021,320743693,1,9,0,9,9,6,4,0,0,6,0,0,0,0,4,1,2,2,2,37,7,1796,2,8,MERCEDES B CLASS,5,E01026145,0,-1
2021991069867,2021,991069867,1,9,0,18,19,3,7,0,0,1,0,0,7,0,1,1,5,6,1,43,7,1796,2,9,MERCEDES B CLASS,1,E01010076,0,-1
2021010343681,2021,010343681,1,9,0,9,9,5,3,0,0,5,0,0,0,0,3,1,6,6,1,44,7,1796,2,8,MERCEDES B CLASS,3,E01021339,0,-1
2021461026635,2021,461026635,1,9,0,18,19,5,1,0,0,8,0,0,0,0,4,1,6,6,1,70,10,1796,2,8,MERCEDES B CLASS,5,E01024110,0,-1
2021041045666,2021,041045666,1,9,0,18,19,1,5,0,0,8,0,0,0,0,1,1,3,7,2,37,7,1461,2,8,MERCEDES B CLASS,6,E01025367,0,-1
2021401031712,2021,401031712,1,9,0,17,19,5,1,0,0,8,0,10,1,11,1,1,2,2,2,45,7,1991,2,12,MERCEDES B CLASS,9,E01017590,0,-1
202131B186421,2021,31B186421,6,9,0,4,4,3,7,0,0,0,0,0,0,0,1,1,2,2,1,38,7,1992,2,14,MERCEDES B CLASS,3,E01007720,0,-1
2021430470717,2021,430470717,2,9,0,18,19,8,4,0,0,8,0,0,0,0,1,1,6,6,2,33,6,1699,1,15,MERCEDES B CLASS,5,E01016771,0,-1
2021440386442,2021,440386442,1,9,0,18,19,5,1,0,0,0,0,0,0,0,4,1,1,1,1,69,10,1991,2,12,MERCEDES B CLASS,7,E01017046,0,-1
2021440166846,2021,440166846,2,9,0,7,7,4,7,0,0,0,0,0,0,0,4,1,6,6,1,60,9,1991,2,11,MERCEDES B CLASS,2,E01017115,0,-1
2021461099569,2021,461099569,3,9,0,3,3,7,3,0,0,0,0,0,0,0,2,1,6,6,1,81,11,1796,2,7,MERCEDES B CLASS,10,E01031734,0,-1
2021440185734,2021,440185734,2,9,0,18,19,8,4,0,0,0,0,0,0,0,1,1,2,2,2,42,7,1796,2,9,MERCEDES B CLASS,4,E01017198,0,-1
2021010344182,2021,010344182,2,9,0,9,9,3,1,0,0,5,0,0,0,0,3,1,6,6,2,48,8,1796,2,8,MERCEDES B CLASS,6,E01002200,0,-1
2021010328285,2021,010328285,1,9,0,99,99,9,9,99,99,0,9,99,9,99,2,9,6,6,1,22,5,1461,2,4,MERCEDES B CLASS,1,E01004286,0,-1
2021201113521,2021,201113521,2,9,0,5,5,8,4,0,0,6,0,0,0,0,3,1,5,6,1,44,7,1332,1,1,MERCEDES B CLASS,9,E01010154,0,-1
2021010287440,2021,010287440,1,9,0,99,99,9,9,99,99,0,9,99,9,99,2,9,6,6,1,41,7,1699,1,13,MERCEDES B CLASS,3,E01003136,0,-1
2021010321126,2021,010321126,2,9,0,18,19,3,7,0,0,0,0,0,0,0,9,1,6,6,1,-1,-1,1332,1,1,MERCEDES B CLASS,-1,-1,0,-1
2021451115092,2021,451115092,2,9,0,18,19,5,1,0,0,1,0,0,0,0,1,1,5,6,1,79,11,2143,2,5,MERCEDES B CLASS,-1,-1,0,-1
2021141087725,2021,141087725,2,9,0,7,7,1,3,0,0,1,1,0,0,0,1,1,6,6,3,-1,-1,1595,1,3,MERCEDES B CLASS,-1,-1,0,-1
2021010345711,2021,010345711,2,9,0,99,99,9,9,99,99,9,9,99,9,99,4,9,6,6,2,46,8,1992,2,16,MERCEDES B CLASS,6,E01000267,0,-1
2021061134975,2021,061134975,3,9,0,2,2,0,0,0,0,0,0,0,0,0,3,1,6,6,3,-1,-1,1796,2,8,MERCEDES B CLASS,-1,-1,0,-1
2021010335999,2021,010335999,2,9,0,14,14,1,5,0,0,1,0,0,0,0,1,1,6,6,1,75,10,1796,2,7,MERCEDES B CLASS,8,E01003470,0,-1
2021520106216,2021,520106216,2,9,0,18,19,2,5,0,0,1,0,0,0,0,1,1,6,6,2,25,5,1595,1,9,MERCEDES B CLASS,-1,-1,0,-1
2021451058570,2021,451058570,2,9,0,4,4,3,7,0,0,0,0,0,0,0,2,1,2,2,1,48,8,1796,2,9,MERCEDES B CLASS,7,E01023100,0,-1
2021471018005,2021,471018005,1,9,0,17,19,2,8,0,0,4,0,0,0,0,1,1,2,2,2,41,7,1595,1,5,MERCEDES B CLASS,10,E01031758,0,-1
2021010350643,2021,010350643,2,9,0,99,99,9,9,99,99,9,9,99,9,99,1,9,6,6,3,34,6,1461,2,6,MERCEDES B CLASS,3,E01003135,0,-1
2021421086626,2021,421086626,2,9,0,10,10,5,3,0,0,1,0,0,0,0,2,1,5,6,2,30,6,1498,1,13,MERCEDES B CLASS,10,E01017806,0,-1
2021471106406,2021,471106406,1,9,0,5,5,8,2,0,0,6,0,0,0,0,1,1,6,6,2,-1,-1,1461,2,5,MERCEDES B CLASS,8,E01016959,0,-1
2021131054985,2021,131054985,2,9,0,18,19,4,2,0,0,8,0,0,1,0,1,1,2,2,1,51,8,1498,1,14,MERCEDES B CLASS,1,E01011316,0,-1
2021010350221,2021,010350221,2,9,9,99,99,9,9,99,99,9,9,99,9,99,1,9,6,6,3,-1,-1,1991,2,10,MERCEDES B CLASS,-1,-1,0,-1
2021201075946,2021,201075946,1,9,0,18,19,7,3,0,0,0,0,10,1,0,1,1,6,6,1,46,8,2143,2,6,MERCEDES B CLASS,3,E01010427,0,-1
2021010319574,2021,010319574,2,9,0,9,9,5,3,0,0,3,0,0,0,0,3,1,6,6,2,32,6,2143,2,7,MERCEDES B CLASS,2,E01001172,0,-1
2021010342842,2021,010342842,2,9,0,99,99,9,9,99,99,9,9,99,9,99,2,9,6,6,3,-1,-1,1595,1,8,MERCEDES B CLASS,-1,-1,0,-1
2021520102432,2021,520102432,2,9,0,5,5,1,5,0,0,4,0,0,0,0,1,1,6,6,1,70,10,1461,2,3,MERCEDES B CLASS,-1,-1,0,-1
2021041029697,2021,041029697,1,9,0,15,15,5,1,0,0,1,0,0,0,0,3,1,5,6,1,33,6,1992,2,14,MERCEDES B CLASS,1,E01012670,0,-1
2021501049565,2021,501049565,1,9,0,9,9,8,5,0,0,6,0,0,0,0,1,1,6,6,1,66,10,1461,2,4,MERCEDES B CLASS,9,E01015160,0,-1
2021161081620,2021,161081620,2,9,0,18,19,5,1,0,0,0,0,0,0,0,2,1,5,6,1,63,9,1796,2,8,MERCEDES B CLASS,7,E01012966,0,-1
2021170H10611,2021,170H10611,2,9,0,18,19,4,8,0,0,8,0,0,0,0,4,1,6,6,2,42,7,1595,1,2,MERCEDES B CLASS,9,E01020756,0,-1
2021052101079,2021,052101079,3,9,0,2,2,0,0,0,0,0,0,0,0,0,2,1,6,6,3,-1,-1,1796,2,7,MERCEDES B CLASS,-1,-1,0,-1
2021421087893,2021,421087893,1,9,0,4,4,8,4,0,0,0,0,0,0,0,1,1,6,6,2,69,10,1461,2,4,MERCEDES B CLASS,-1,-1,0,-1
2021440265542,2021,440265542,2,9,0,18,19,6,2,0,0,0,1,0,0,0,1,1,6,6,2,47,8,1461,2,7,MERCEDES B CLASS,1,E01015313,0,-1
2021351122194,2021,351122194,1,9,0,18,19,2,6,0,0,0,0,0,0,0,1,1,6,6,1,-1,-1,1595,1,7,MERCEDES B CLASS,9,E01017495,0,-1
2021010322152,2021,010322152,4,9,0,4,4,1,5,0,0,0,0,0,0,0,1,1,6,6,1,25,5,1699,1,15,MERCEDES B CLASS,3,E01003606,0,-1
2021548348321,2021,548348321,1,9,0,9,9,7,4,0,0,6,0,0,0,0,3,1,2,2,1,61,9,1796,2,7,MERCEDES B CLASS,4,E01015492,0,-1
2021440320199,2021,440320199,1,9,0,3,3,5,7,0,0,4,0,0,0,0,2,1,6,6,1,66,10,2143,2,5,MERCEDES B CLASS,10,E01022606,0,-1
2021010351809,2021,010351809,1,9,0,6,6,5,5,0,0,8,1,0,0,0,4,1,6,6,2,48,8,1461,2,4,MERCEDES B CLASS,5,E01002212,0,-1
2021010341216,2021,010341216,1,9,0,99,99,9,9,99,99,9,9,99,9,99,9,9,2,2,2,55,8,1595,1,4,MERCEDES B CLASS,1,E01032575,0,-1
2021161109483,2021,161109483,1,9,0,16,19,3,1,0,0,3,0,0,0,0,2,1,5,6,1,19,4,1461,2,6,MERCEDES B CLASS,8,E01012813,0,-1
2021201095202,2021,201095202,1,9,0,14,14,7,3,0,0,2,0,0,0,0,2,1,6,6,2,41,7,1796,2,9,MERCEDES B CLASS,1,E01010131,0,-1