collision_index,collision_year,collision_ref_no,vehicle_reference,vehicle_type,towing_and_articulation,vehicle_manoeuvre_historic,vehicle_manoeuvre,vehicle_direction_from,vehicle_direction_to,vehicle_location_restricted_lane_historic,vehicle_location_restricted_lane,junction_location,skidding_and_overturning,hit_object_in_carriageway,vehicle_leaving_carriageway,hit_object_off_carriageway,first_point_of_impact,vehicle_left_hand_drive,journey_purpose_of_driver_historic,journey_purpose_of_driver,sex_of_driver,age_of_driver,age_band_of_driver,engine_capacity_cc,propulsion_code,age_of_vehicle,generic_make_model,driver_imd_decile,lsoa_of_driver,escooter_flag,driver_distance_banding
2021549760021,2021,549760021,2,9,0,4,4,3,7,0,0,5,0,0,0,0,2,1,6,6,2,52,8,2143,2,7,MERCEDES SLK CLASS,10,E01031905,0,-1
2021471116277,2021,471116277,1,9,0,18,19,2,6,0,0,0,0,4,0,0,1,1,5,6,2,53,8,2143,2,8,MERCEDES SLK CLASS,3,E01020975,0,-1
2021411075088,2021,411075088,1,9,0,5,5,1,5,0,0,1,0,0,0,0,1,1,5,6,2,34,6,2143,2,8,MERCEDES SLK CLASS,4,E01000570,0,-1
2021041119803,2021,041119803,2,9,0,2,2,4,8,0,0,8,0,0,0,0,2,1,6,6,1,32,6,2143,2,7,MERCEDES SLK CLASS,6,E01025330,0,-1
2021461122017,2021,461122017,1,9,0,18,19,7,3,0,0,1,0,0,0,0,3,1,6,6,1,62,9,2143,2,6,MERCEDES SLK CLASS,7,E01024746,0,-1
2021302101110,2021,302101110,1,9,0,18,19,8,6,0,0,0,0,0,0,0,1,1,6,6,1,50,8,5439,1,16,MERCEDES SLK CLASS,5,E01028036,0,-1
2021010340962,2021,010340962,1,9,0,18,19,6,2,0,0,2,1,0,0,0,4,1,6,6,2,57,9,3498,1,16,MERCEDES SLK CLASS,9,E01016169,0,-1
2021461035369,2021,461035369,2,9,0,9,9,1,5,0,0,0,0,0,0,0,2,1,1,1,2,61,9,1998,1,20,MERCEDES SLK CLASS,8,E01024053,0,-1
2021411070595,2021,411070595,1,9,0,18,19,-1,-1,9,9,2,0,7,3,11,1,1,6,6,1,24,5,2298,1,22,MERCEDES SLK CLASS,3,E01023405,0,-1
2021430110184,2021,430110184,1,9,0,11,11,6,8,0,0,2,0,0,0,0,2,1,6,6,2,49,8,1796,1,16,MERCEDES SLK CLASS,8,E01016711,0,-1
2021052100647,2021,052100647,1,9,0,9,9,7,5,0,0,8,0,0,0,0,1,1,2,2,2,60,9,2143,2,9,MERCEDES SLK CLASS,7,E01007203,0,-1
2021520201417,2021,520201417,1,9,0,9,9,6,4,0,0,8,0,0,0,0,1,1,6,6,2,47,8,2143,2,7,MERCEDES SLK CLASS,6,E01029135,0,-1
2021221040637,2021,221040637,1,9,0,5,5,1,5,0,0,6,0,0,0,0,4,1,5,6,1,72,10,1796,1,6,MERCEDES SLK CLASS,8,E01032400,0,-1
2021131056897,2021,131056897,1,9,0,18,19,2,6,0,0,1,0,0,0,0,1,1,2,2,2,72,10,1796,1,12,MERCEDES SLK CLASS,8,E01011187,0,-1
2021010315087,2021,010315087,2,9,0,9,9,1,7,0,0,8,0,0,0,0,1,1,6,6,1,29,6,1796,1,16,MERCEDES SLK CLASS,5,E01003067,0,-1
2021522105907,2021,522105907,3,9,0,3,3,2,6,0,0,2,0,0,0,0,2,1,6,6,2,29,6,1796,1,16,MERCEDES SLK CLASS,7,E01014680,0,-1
2021361113598,2021,361113598,3,9,0,18,19,2,6,0,0,0,0,0,1,0,1,1,2,2,2,60,9,2996,1,15,MERCEDES SLK CLASS,6,E01026701,0,-1
2021231057056,2021,231057056,1,9,0,9,9,8,5,0,0,6,0,0,0,0,3,1,5,6,1,32,6,2295,1,18,MERCEDES SLK CLASS,4,E01009689,0,-1
2021552100689,2021,552100689,2,9,0,17,19,2,8,0,0,0,0,0,0,0,1,1,6,6,1,47,8,2298,1,23,MERCEDES SLK CLASS,9,E01020505,0,-1
202131C006721,2021,31C006721,2,9,0,2,2,0,0,0,0,0,0,0,0,0,2,1,1,1,3,-1,-1,3498,1,7,MERCEDES SLK CLASS,-1,-1,0,-1
2021101041368,2021,101041368,2,9,0,12,12,1,5,0,0,0,1,0,0,0,2,1,6,6,1,49,8,2143,2,6,MERCEDES SLK CLASS,5,E01020782,0,-1
2021302101235,2021,302101235,1,9,0,4,4,2,6,0,0,1,0,0,0,0,2,1,6,6,1,53,8,2295,1,17,MERCEDES SLK CLASS,3,E01019536,0,-1
2021161068230,2021,161068230,1,9,0,4,4,8,4,0,0,1,0,0,0,0,1,1,2,2,1,29,6,2295,1,21,MERCEDES SLK CLASS,2,E01012871,0,-1
2021430109723,2021,430109723,1,9,0,9,9,2,1,0,0,5,0,0,0,0,1,1,3,7,2,45,7,1796,1,9,MERCEDES SLK CLASS,10,E01016552,0,-1
2021010328613,2021,010328613,2,9,0,18,19,1,5,0,0,1,0,0,0,0,1,1,6,6,2,79,11,1796,1,16,MERCEDES SLK CLASS,8,E01004690,0,-1
2021991101579,2021,991101579,1,9,0,9,9,2,7,0,0,1,0,0,1,0,4,1,5,6,2,57,9,2295,1,22,MERCEDES SLK CLASS,8,-1,0,-1
2021010325160,2021,010325160,2,9,0,99,99,9,9,99,99,1,9,99,9,99,0,9,6,6,3,47,8,1796,1,7,MERCEDES SLK CLASS,10,E01001019,0,-1
2021351098512,2021,351098512,1,9,0,9,9,8,6,0,0,6,0,0,0,0,1,1,6,6,3,54,8,1796,1,13,MERCEDES SLK CLASS,9,E01018159,0,-1
2021622100706,2021,622100706,2,9,0,7,7,5,7,0,0,6,0,0,0,0,1,1,6,6,1,67,10,2143,2,7,MERCEDES SLK CLASS,5,W01000851,0,-1
2021440461567,2021,440461567,1,9,0,18,19,7,3,0,0,0,0,0,0,0,1,1,6,6,2,44,7,1796,1,15,MERCEDES SLK CLASS,5,E01017084,0,-1
2021411031677,2021,411031677,1,9,0,18,19,5,1,0,0,1,0,0,0,0,1,1,6,6,1,38,7,1796,1,15,MERCEDES SLK CLASS,6,E01023341,0,-1
2021531072488,2021,531072488,1,9,0,7,7,6,2,0,0,0,0,0,0,0,4,1,5,6,2,61,9,2295,1,22,MERCEDES SLK CLASS,-1,-1,0,-1
2021461107887,2021,461107887,1,9,0,18,19,3,7,0,0,0,0,0,0,0,3,1,1,1,1,54,8,1998,1,18,MERCEDES SLK CLASS,2,E01024502,0,-1
2021041069452,2021,041069452,1,9,0,18,19,1,5,0,0,0,0,0,0,0,1,1,1,1,2,64,9,1796,1,16,MERCEDES SLK CLASS,7,E01024990,0,-1
2021361055438,2021,361055438,2,9,0,18,19,1,3,0,0,8,0,0,0,0,1,1,5,6,1,76,11,2298,1,22,MERCEDES SLK CLASS,5,E01026481,0,-1
2021440279063,2021,440279063,1,9,0,9,9,3,7,0,0,8,0,0,0,0,3,1,2,2,2,56,9,1796,1,12,MERCEDES SLK CLASS,4,E01022649,0,-1
2021471095641,2021,471095641,2,9,0,8,8,5,7,0,0,6,0,0,0,0,3,1,5,6,1,27,6,2298,1,23,MERCEDES SLK CLASS,7,E01024812,0,-1
2021052102356,2021,052102356,2,9,0,2,2,0,0,0,0,0,0,0,0,0,3,1,6,6,3,-1,-1,2143,2,8,MERCEDES SLK CLASS,-1,-1,0,-1
2021421081514,2021,421081514,1,9,0,4,4,4,8,0,0,0,0,0,0,0,1,1,6,6,1,74,10,2298,1,23,MERCEDES SLK CLASS,7,E01010136,0,-1
2021451043301,2021,451043301,1,9,0,18,19,2,6,0,0,0,0,0,0,0,1,1,5,6,1,48,8,1796,1,16,MERCEDES SLK CLASS,3,E01001117,0,-1
2021101018251,2021,101018251,1,9,0,18,19,1,1,0,0,8,0,0,0,0,1,1,5,6,1,59,9,1998,1,18,MERCEDES SLK CLASS,9,E01008722,0,-1
2021520103920,2021,520103920,2,9,0,18,19,2,6,0,0,0,0,0,0,0,1,1,6,6,1,52,8,2143,2,7,MERCEDES SLK CLASS,-1,-1,0,-1
2021201038448,2021,201038448,1,9,0,9,9,8,6,0,0,5,0,0,0,0,1,1,6,6,2,28,6,2143,2,9,MERCEDES SLK CLASS,8,E01010192,0,-1
2021371054330,2021,371054330,1,9,0,3,3,3,7,0,0,1,0,0,0,0,1,1,6,6,1,-1,-1,1796,1,12,MERCEDES SLK CLASS,-1,-1,0,-1
2021010302732,2021,010302732,2,9,0,9,9,7,5,0,0,0,0,0,0,0,0,1,2,2,1,42,7,2997,1,14,MERCEDES SLK CLASS,9,E01001417,0,-1
2021401124607,2021,401124607,3,9,0,9,9,5,3,0,0,8,0,0,0,0,0,1,2,2,1,44,7,3498,1,17,MERCEDES SLK CLASS,9,E01015806,0,-1
2021070824549,2021,070824549,2,9,0,4,4,3,7,0,0,1,0,0,0,0,2,1,6,6,2,59,9,2143,2,9,MERCEDES SLK CLASS,10,E01018605,0,-1
2021010337544,2021,010337544,1,9,0,7,7,4,7,0,0,8,0,0,0,0,1,1,6,6,1,54,8,2295,1,20,MERCEDES SLK CLASS,3,E01003352,0,-1
202134WNC0551,2021,34WNC0551,1,9,0,18,19,5,1,0,0,0,0,0,0,0,1,1,6,6,2,49,8,2143,2,5,MERCEDES SLK CLASS,7,E01027004,0,-1
2021010292013,2021,010292013,1,9,0,9,9,5,2,0,0,5,0,0,0,0,4,1,2,2,1,49,8,3199,1,20,MERCEDES SLK CLASS,1,E01002904,0,-1
202131A073121,2021,31A073121,3,9,0,1,1,8,4,0,0,0,0,0,0,0,2,1,6,6,2,57,9,2143,2,7,MERCEDES SLK CLASS,5,E01028237,0,-1
202163D013421,2021,63D013421,1,9,0,18,19,2,6,0,0,8,0,0,0,0,1,1,6,6,1,82,11,2143,2,7,MERCEDES SLK CLASS,6,W01000433,0,-1
2021010344733,2021,010344733,2,9,0,9,9,7,6,0,0,8,0,0,0,0,3,1,6,6,1,44,7,1796,1,16,MERCEDES SLK CLASS,7,E01001231,0,-1
2021501135804,2021,501135804,4,9,0,4,4,5,1,0,0,8,0,0,0,0,0,1,6,6,2,81,11,1796,1,14,MERCEDES SLK CLASS,8,E01019989,0,-1
2021421028122,2021,421028122,1,9,0,9,9,3,1,0,0,4,0,0,0,0,1,1,5,6,1,67,10,2143,2,7,MERCEDES SLK CLASS,5,E01022004,0,-1
2021430405137,2021,430405137,1,9,0,9,9,5,2,0,0,8,0,0,0,0,3,1,2,2,2,33,6,1796,1,11,MERCEDES SLK CLASS,7,E01017889,0,-1
2021122101416,2021,122101416,1,9,0,4,4,1,8,0,0,4,0,0,1,0,2,1,2,2,2,49,8,1796,1,10,MERCEDES SLK CLASS,1,E01027804,0,-1
2021501049924,2021,501049924,1,9,0,5,5,1,5,0,0,0,0,0,0,0,4,1,5,6,2,71,10,1796,1,16,MERCEDES SLK CLASS,7,E01018970,0,-1
2021052100207,2021,052100207,1,9,0,18,19,3,7,0,0,2,0,0,0,0,3,1,2,2,1,67,10,1796,1,10,-1,8,E01007154,0,-1
2021010320143,2021,010320143,1,9,0,2,2,0,0,0,0,0,0,8,0,0,3,1,6,6,3,-1,-1,1500,2,2,-1,-1,-1,0,-1
2021421110827,2021,421110827,2,9,0,17,19,5,1,0,0,8,0,0,0,0,4,1,6,6,2,33,6,1498,2,2,-1,10,E01021570,0,-1
2021471021908,2021,471021908,1,9,0,18,19,7,3,0,0,0,0,0,0,0,1,1,1,1,1,66,10,1498,2,2,-1,2,E01021091,0,-1
2021010307510,2021,010307510,1,9,0,4,4,1,5,0,0,1,0,7,0,0,1,1,6,6,1,68,10,1500,2,2,-1,3,E01000009,0,-1
2021131078247,2021,131078247,1,9,0,-1,-1,-1,-1,-1,-1,-1,-1,-1,-1,-1,-1,1,6,6,3,-1,-1,1500,2,1,-1,-1,-1,0,-1
2021552100424,2021,552100424,2,9,0,9,9,4,2,0,0,8,0,0,0,0,3,1,6,6,2,63,9,1498,2,1,-1,3,E01015429,0,-1
2021010304152,2021,010304152,2,9,0,18,19,5,1,0,0,8,0,0,0,0,1,9,6,6,3,-1,-1,1500,2,3,-1,4,E01002987,0,-1
2021371108355,2021,371108355,1,9,0,16,19,3,7,0,0,0,5,0,0,0,1,1,5,6,1,58,9,1498,2,1,-1,5,E01030061,0,-1
2021549832821,2021,549832821,1,9,0,13,13,1,5,0,0,0,0,0,0,0,1,1,6,6,2,54,8,1500,2,2,-1,2,E01014298,0,-1
2021302101212,2021,302101212,1,4,0,16,19,4,8,0,0,1,1,0,7,0,1,1,6,6,1,21,5,125,1,9,-1,9,E01028408,0,-1
2021471077137,2021,471077137,1,3,0,5,5,5,1,0,0,8,0,0,0,0,1,1,5,6,1,24,5,124,1,5,-1,5,E01021211,0,-1
2021522200734,2021,522200734,2,4,0,18,19,3,7,2,2,8,0,0,0,0,4,1,6,6,1,56,9,1255,1,14,SUZUKI GSF 1250,7,E01014598,0,-1
2021461094850,2021,461094850,1,5,0,18,19,4,7,0,0,0,1,0,1,0,1,1,6,6,1,19,4,1255,1,12,SUZUKI GSF 1250,2,E01024066,0,-1
2021010338772,2021,010338772,1,5,0,3,3,3,7,0,0,1,0,0,0,0,2,1,2,2,1,51,8,1255,1,5,SUZUKI GSF 1250,8,E01004160,0,-1
2021440239836,2021,440239836,1,5,0,15,15,4,6,0,0,8,0,0,0,0,3,1,6,6,1,55,8,1255,1,6,SUZUKI GSF 1250,3,E01031077,0,-1
202154C031321,2021,54C031321,1,5,0,14,14,4,8,0,0,0,0,0,0,0,1,1,6,6,1,48,8,1255,1,12,SUZUKI GSF 1250,5,E01032113,0,-1
2021201086910,2021,201086910,1,5,0,18,19,6,2,0,0,1,1,0,0,0,1,1,1,1,1,59,9,1255,1,14,SUZUKI GSF 1250,1,E01010308,0,-1
2021010334266,2021,010334266,1,5,0,99,99,9,9,99,99,9,9,99,9,99,9,1,2,2,1,54,8,1255,1,13,SUZUKI GSF 1250,4,E01015996,0,-1
2021161101798,2021,161101798,1,5,0,15,15,1,5,0,0,0,0,0,0,0,1,1,6,6,1,40,7,1255,1,12,SUZUKI GSF 1250,1,E01013165,0,-1
2021221076252,2021,221076252,2,5,0,18,19,5,1,0,0,8,0,0,0,0,3,1,6,6,2,40,7,1255,1,12,SUZUKI GSF 1250,3,E01010491,0,-1
2021070692013,2021,070692013,2,5,0,5,5,5,1,0,0,4,0,11,0,0,2,1,6,6,1,56,9,1255,1,13,SUZUKI GSF 1250,-1,-1,0,-1
2021991059456,2021,991059456,1,4,0,4,4,7,3,0,0,2,0,0,0,0,2,1,5,6,1,55,8,1255,1,13,SUZUKI GSF 1250,4,E01024645,0,-1
2021311029800,2021,311029800,2,5,0,3,3,2,6,0,0,0,1,0,7,11,1,1,5,6,1,67,10,1255,1,5,SUZUKI GSF 1250,-1,-1,0,-1
2021122100794,2021,122100794,1,5,0,7,7,1,3,0,0,5,1,0,0,0,4,1,6,6,1,73,10,1255,1,5,SUZUKI GSF 1250,4,E01013003,0,-1
2021010340171,2021,010340171,1,5,0,99,99,9,9,99,99,9,9,99,9,99,1,1,6,6,1,57,9,1255,1,11,SUZUKI GSF 1250,7,E01004291,0,-1
2021501088654,2021,501088654,1,3,0,17,19,1,5,0,0,8,1,0,1,0,4,1,1,1,1,35,6,124,1,1,SUZUKI GSXS,4,E01018926,0,-1
2021052102887,2021,052102887,2,3,0,9,9,1,7,0,0,3,0,0,0,0,4,1,2,2,1,32,6,124,1,0,SUZUKI GSXS,4,E01007288,0,-1
2021010307309,2021,010307309,1,5,0,18,19,1,5,0,0,1,0,0,0,0,1,1,6,6,1,60,9,999,1,4,SUZUKI GSXS,9,E01000341,0,-1
2021010328862,2021,010328862,1,5,0,13,13,3,7,0,0,8,1,0,0,0,3,1,6,6,1,35,6,749,1,2,SUZUKI GSXS,-1,-1,0,-1
2021131081890,2021,131081890,2,5,0,18,19,2,6,0,0,0,0,0,7,9,1,1,6,6,1,50,8,749,1,0,SUZUKI GSXS,9,E01011522,0,-1
2021361099858,2021,361099858,2,3,0,18,19,1,5,0,0,4,0,0,0,0,4,1,6,6,1,29,6,124,1,2,SUZUKI GSXS,1,E01026624,0,-1
2021371121141,2021,371121141,2,5,0,15,15,6,2,0,0,8,5,0,0,0,1,1,5,6,1,48,8,749,1,3,SUZUKI GSXS,9,E01026587,0,-1
2021522102752,2021,522102752,1,5,0,18,19,5,1,0,0,0,1,0,4,6,1,1,6,6,1,54,8,999,1,6,SUZUKI GSXS,4,E01014906,0,-1
2021991096815,2021,991096815,3,5,0,17,19,6,2,8,6,1,0,0,1,0,1,1,5,6,1,64,9,999,1,6,SUZUKI GSXS,5,E01013255,0,-1
2021010338188,2021,010338188,2,4,0,18,19,6,2,0,0,6,0,0,0,0,1,1,6,6,1,24,5,124,1,0,SUZUKI GSXS,3,E01003562,0,-1
202131A061621,2021,31A061621,1,3,0,12,12,4,2,0,0,2,0,0,0,0,3,1,6,6,1,20,4,124,1,2,SUZUKI GSXS,8,E01033389,0,-1
2021461104561,2021,461104561,1,3,0,17,19,8,4,0,0,0,0,0,1,0,0,1,5,6,1,47,8,124,1,0,SUZUKI GSXS,10,E01024326,0,-1
2021501045111,2021,501045111,2,5,0,18,19,1,5,0,0,1,0,0,0,0,3,1,5,6,1,54,8,749,1,4,SUZUKI GSXS,10,E01019909,0,-1
2021010303494,2021,010303494,1,5,0,99,99,9,9,99,99,9,9,99,9,99,9,1,6,6,1,70,10,749,1,3,SUZUKI GSXS,2,E01001509,0,-1
2021010318920,2021,010318920,1,3,0,18,19,7,3,0,0,1,0,0,0,0,1,1,1,1,1,42,7,124,1,1,SUZUKI GSXS,2,E01003159,0,-1
2021421088538,2021,421088538,2,3,0,18,19,3,6,0,0,0,2,0,0,0,4,1,5,6,1,17,4,124,1,3,SUZUKI GSXS,7,E01021613,0,-1
2021061050254,2021,061050254,1,4,0,18,19,6,2,0,0,1,0,0,0,0,4,1,6,6,1,28,6,124,1,3,SUZUKI GSXS,3,E01005979,0,-1
2021161055163,2021,161055163,1,3,0,13,13,8,4,9,9,1,0,0,0,0,1,1,5,6,2,27,6,125,1,2,SUZUKI GSXS,6,E01013160,0,-1
2021010349582,2021,010349582,2,5,0,4,4,5,1,0,0,1,0,0,0,0,2,1,6,6,1,34,6,999,1,0,SUZUKI GSXS,5,E01023342,0,-1
2021302101202,2021,302101202,1,5,0,14,14,6,4,0,0,8,0,0,0,0,1,1,6,6,1,55,8,749,1,4,SUZUKI GSXS,1,E01005918,0,-1
2021010298200,2021,010298200,2,3,0,15,15,3,7,0,0,8,0,0,0,0,1,1,1,1,2,23,5,125,1,2,SUZUKI GSXS,4,E01033576,0,-1
2021010346037,2021,010346037,2,5,0,18,19,7,3,0,0,6,0,0,0,0,1,1,6,6,1,24,5,999,1,6,SUZUKI GSXS,6,E01021761,0,-1
202131B141421,2021,31B141421,2,3,0,18,19,1,5,0,0,8,1,0,0,0,1,1,6,6,1,20,4,124,1,0,SUZUKI GSXS,3,E01028064,0,-1
2021471113259,2021,471113259,2,3,0,18,19,2,6,0,0,1,0,0,0,0,1,1,6,6,1,26,6,124,1,1,SUZUKI GSXS,3,E01016891,0,-1
2021010327738,2021,010327738,2,3,0,18,19,5,1,0,0,8,0,4,0,0,1,1,1,1,1,50,8,124,1,4,SUZUKI GSXS,3,E01002403,0,-1
2021552100680,2021,552100680,1,5,0,16,19,8,4,0,0,4,1,0,0,0,4,1,6,6,1,38,7,999,1,5,SUZUKI GSXS,9,E01015437,0,-1
2021122100630,2021,122100630,1,3,0,17,19,2,8,0,0,0,0,0,1,4,1,1,6,6,1,25,5,124,1,3,SUZUKI GSXS,2,E01012949,0,-1
2021221016398,2021,221016398,1,5,0,13,13,7,4,0,0,8,0,0,0,0,1,1,5,6,1,42,7,999,1,4,SUZUKI GSXS,5,E01032460,0,-1
2021010313185,2021,010313185,1,3,0,12,12,3,7,0,0,2,0,0,0,0,3,1,6,6,1,26,6,125,1,2,SUZUKI GSXS,4,E01001241,0,-1
2021161025158,2021,161025158,1,3,0,18,19,8,4,0,0,1,0,0,0,0,1,1,5,6,1,19,4,124,1,1,SUZUKI GSXS,4,E01012829,0,-1
2021010350506,2021,010350506,1,3,9,99,99,9,9,99,99,9,9,99,9,99,9,1,2,2,1,28,6,124,1,0,SUZUKI GSXS,4,E01021342,0,-1
2021131088119,2021,131088119,1,3,0,18,19,5,1,0,0,1,0,0,0,0,1,1,6,6,1,23,5,124,1,3,SUZUKI GSXS,2,E01011224,0,-1
2021111059007,2021,111059007,1,5,0,16,19,8,4,0,0,0,2,0,1,10,1,1,5,6,1,27,6,749,1,4,SUZUKI GSXS,1,E01020736,0,-1
2021221025014,2021,221025014,2,5,0,18,19,7,3,0,0,8,0,0,0,0,3,1,5,6,1,55,8,749,1,1,SUZUKI GSXS,8,E01014188,0,-1
2021991141516,2021,991141516,1,3,0,12,12,4,8,0,0,0,0,4,0,0,4,1,5,6,1,25,5,124,1,1,SUZUKI GSXS,-1,-1,0,-1
2021231100787,2021,231100787,2,5,0,10,10,6,4,0,0,1,0,0,0,0,2,1,6,6,2,63,9,999,1,1,SUZUKI GSXS,7,E01025941,0,-1
202163A050721,2021,63A050721,1,5,0,15,15,2,6,0,0,8,0,0,0,0,1,1,6,6,1,54,8,999,1,0,SUZUKI GSXS,5,W01000621,0,-1
2021221080433,2021,221080433,2,5,0,18,19,7,3,0,0,8,0,0,0,0,1,1,5,6,1,35,6,999,1,6,SUZUKI GSXS,9,E01018474,0,-1
2021302101444,2021,302101444,2,5,0,4,4,8,4,0,0,1,0,0,0,0,1,1,6,6,1,63,9,999,1,3,SUZUKI GSXS,3,E01019838,0,-1
2021302100850,2021,302100850,2,3,0,18,19,6,2,0,0,3,0,0,0,0,4,1,6,6,1,17,4,124,1,1,SUZUKI GSXS,3,E01019459,0,-1
2021101029304,2021,101029304,2,5,0,9,9,1,5,0,0,1,5,0,0,0,1,1,5,6,1,55,8,999,1,5,SUZUKI GSXS,3,E01008780,0,-1
2021010304700,2021,010304700,1,5,0,99,99,9,9,99,99,9,9,99,9,99,9,1,2,2,1,28,6,999,1,5,SUZUKI GSXS,5,E01000747,0,-1
2021122101459,2021,122101459,2,3,0,18,19,3,7,0,0,3,0,0,0,0,4,1,6,6,1,29,6,124,1,1,SUZUKI GSXS,1,E01027819,0,-1
2021122100608,2021,122100608,2,5,0,18,19,3,7,0,0,0,0,0,0,0,1,1,6,6,1,58,9,999,1,4,SUZUKI GSXS,4,E01024896,0,-1
2021461101172,2021,461101172,1,5,0,18,19,3,7,0,0,0,0,12,0,0,1,1,6,6,1,47,8,999,1,1,SUZUKI GSXS,1,E01024390,0,-1
2021010346049,2021,010346049,2,4,0,14,14,1,5,0,0,1,1,0,0,0,1,1,1,1,1,30,6,124,1,4,SUZUKI GSXS,3,E01002403,0,-1
2021070202765,2021,070202765,3,5,0,18,19,5,1,0,0,0,0,0,0,0,1,1,6,6,1,51,8,999,1,1,SUZUKI GSXS,7,W01000354,0,-1
2021501105432,2021,501105432,1,3,0,18,19,1,5,0,0,0,0,0,0,0,3,1,6,6,1,18,4,124,1,3,SUZUKI GSXS,1,E01015040,0,-1
2021501070359,2021,501070359,2,5,0,18,19,8,4,0,0,0,1,0,0,0,1,1,5,6,1,50,8,999,1,1,SUZUKI GSXS,3,E01020228,0,-1
2021070634215,2021,070634215,1,3,0,9,9,1,7,0,0,8,0,10,7,0,0,1,6,6,1,34,6,124,1,3,SUZUKI GSXS,2,E01011061,0,-1
2021522102619,2021,522102619,2,2,0,18,19,5,1,0,0,8,0,0,0,0,1,1,6,6,1,32,6,125,1,2,SUZUKI GSXS,2,E01014595,0,-1
2021430292385,2021,430292385,1,5,0,17,19,3,8,0,0,2,0,0,1,1,4,1,2,2,1,53,8,999,1,5,SUZUKI GSXS,7,-1,0,-1
2021440248299,2021,440248299,2,4,0,13,13,3,7,0,0,0,0,0,0,0,1,1,6,6,1,24,5,124,1,0,SUZUKI GSXS,10,E01023276,0,-1
2021548447021,2021,548447021,2,5,0,18,19,5,1,0,0,1,2,0,7,9,4,1,6,6,1,48,8,999,1,6,SUZUKI GSXS,1,E01015538,0,-1
2021122101295,2021,122101295,1,3,0,5,5,3,7,0,0,5,0,0,0,0,4,1,6,6,1,24,5,125,1,18,SUZUKI RV 125,5,E01027843,0,-1
2021522102185,2021,522102185,1,3,0,18,19,8,6,0,0,1,0,0,0,0,1,1,6,6,1,30,6,124,1,16,SUZUKI RV 125,4,E01014627,0,-1
2021411119387,2021,411119387,2,3,0,18,19,2,6,0,0,8,0,0,0,0,0,1,1,1,1,26,6,124,1,16,SUZUKI RV 125,6,E01023583,0,-1
2021440255925,2021,440255925,1,3,0,18,19,7,3,0,0,0,0,0,0,0,1,1,2,2,2,38,7,125,1,3,SUZUKI RV 125,3,E01022487,0,-1
2021131069025,2021,131069025,2,3,0,18,19,7,7,0,0,2,5,0,0,0,1,1,6,6,1,45,7,124,1,13,SUZUKI RV 125,10,E01011452,0,-1
2021221094623,2021,221094623,1,3,0,18,19,2,6,0,0,8,0,0,0,0,1,1,5,6,1,32,6,124,1,16,SUZUKI RV 125,2,E01032369,0,-1
2021481153896,2021,481153896,1,3,0,7,7,3,1,0,0,8,0,0,0,0,4,1,2,2,1,40,7,125,1,4,SUZUKI RV 125,-1,-1,0,-1
2021461070425,2021,461070425,1,3,0,4,4,6,5,0,0,0,1,0,0,0,4,1,6,6,1,22,5,125,1,17,SUZUKI RV 125,1,E01024667,0,-1
2021201130760,2021,201130760,1,3,0,9,9,8,6,0,0,6,0,0,0,0,1,1,6,6,1,-1,-1,124,1,12,SUZUKI RV 125,1,E01008927,0,-1
2021421031371,2021,421031371,2,4,0,18,19,1,5,0,0,8,5,0,0,0,1,1,6,6,2,17,4,125,1,16,SUZUKI RV 125,2,E01021697,0,-1
2021010336549,2021,010336549,2,3,0,18,19,3,7,0,0,0,0,0,0,0,2,1,2,2,1,28,6,124,1,14,SUZUKI RV 125,9,E01030704,0,-1
2021010338491,2021,010338491,2,3,0,18,19,7,3,0,0,1,0,0,0,0,1,1,2,2,1,67,10,124,1,14,SUZUKI RV 125,5,E01004178,0,-1
2021101024510,2021,101024510,2,3,0,5,5,3,7,0,0,8,0,0,0,0,1,1,6,6,2,21,5,124,1,18,SUZUKI RV 125,1,E01008257,0,-1
2021231127085,2021,231127085,2,3,0,18,19,5,1,0,0,8,0,0,0,0,3,1,5,6,1,50,8,125,1,5,SUZUKI RV 125,8,E01031272,0,-1
2021010313100,2021,010313100,2,2,0,18,19,7,3,0,0,0,1,0,0,0,2,1,6,6,1,30,6,125,1,6,SUZUKI RV 125,7,E01033728,0,-1
2021991060100,2021,991060100,2,3,0,16,19,5,1,0,0,0,0,0,0,0,1,1,5,6,1,17,4,124,1,14,SUZUKI RV 125,7,-1,0,-1
2021052102814,2021,052102814,1,4,0,18,19,1,5,0,0,0,0,0,0,0,1,1,2,2,1,38,7,125,1,5,-1,1,E01006645,0,-1
2021501062555,2021,501062555,1,3,0,18,19,7,3,0,0,0,0,0,0,0,1,1,6,6,1,44,7,124,1,3,-1,2,E01015044,0,-1
2021501017209,2021,501017209,1,3,0,4,4,5,1,0,0,4,1,0,0,0,3,1,1,1,1,43,7,124,1,3,-1,2,E01015044,0,-1
2021070518114,2021,070518114,1,9,0,18,19,7,3,0,0,0,0,0,0,0,1,1,6,6,2,43,7,2362,1,11,TOYOTA Model Missing,3,E01006521,0,-1
2021451054196,2021,451054196,3,9,0,2,2,0,0,0,0,1,0,0,0,0,2,1,6,6,3,-1,-1,1980,1,11,TOYOTA Model Missing,-1,-1,0,-1