collision_index,collision_year,collision_ref_no,vehicle_reference,vehicle_type,towing_and_articulation,vehicle_manoeuvre_historic,vehicle_manoeuvre,vehicle_direction_from,vehicle_direction_to,vehicle_location_restricted_lane_historic,vehicle_location_restricted_lane,junction_location,skidding_and_overturning,hit_object_in_carriageway,vehicle_leaving_carriageway,hit_object_off_carriageway,first_point_of_impact,vehicle_left_hand_drive,journey_purpose_of_driver_historic,journey_purpose_of_driver,sex_of_driver,age_of_driver,age_band_of_driver,engine_capacity_cc,propulsion_code,age_of_vehicle,generic_make_model,driver_imd_decile,lsoa_of_driver,escooter_flag,driver_distance_banding
2021010297813,2021,010297813,1,9,0,6,6,5,5,0,0,2,0,0,0,0,3,1,6,6,1,33,6,1332,1,2,MERCEDES CLA CLASS,6,E01002982,0,-1
2021461088648,2021,461088648,1,9,0,13,13,7,3,0,0,1,1,0,0,0,1,1,5,6,2,36,7,2143,2,5,MERCEDES CLA CLASS,4,E01003559,0,-1
2021010350288,2021,010350288,2,9,0,18,19,1,5,0,0,1,0,0,0,0,3,1,6,6,1,28,6,2143,2,8,MERCEDES CLA CLASS,-1,-1,0,-1
2021461103656,2021,461103656,2,9,0,18,19,3,7,0,0,0,0,0,0,0,1,1,5,6,1,30,6,1332,1,1,MERCEDES CLA CLASS,3,E01003605,0,-1
2021010336141,2021,010336141,1,9,0,7,7,6,7,0,0,8,0,0,0,0,1,1,6,6,1,61,9,1332,1,1,MERCEDES CLA CLASS,6,E01002351,0,-1
202154A463521,2021,54A463521,2,9,0,7,7,5,8,0,0,2,0,0,0,0,2,1,6,6,2,29,6,1595,1,6,MERCEDES CLA CLASS,1,E01015538,0,-1
2021010331516,2021,010331516,1,9,0,99,99,9,9,99,99,9,9,99,9,99,2,9,6,6,2,34,6,1332,1,0,MERCEDES CLA CLASS,5,E01017907,0,-1
2021141017155,2021,141017155,1,9,0,9,9,3,7,0,0,8,0,0,0,0,3,2,2,2,2,33,6,1595,1,8,MERCEDES CLA CLASS,6,E01007630,0,-1
2021010338300,2021,010338300,1,9,0,9,9,2,7,0,0,1,0,0,0,0,1,1,2,2,2,25,5,2143,2,6,MERCEDES CLA CLASS,6,E01000513,0,-1
2021010335156,2021,010335156,2,9,0,99,99,9,9,99,99,9,9,99,9,99,1,9,6,6,3,21,5,1595,1,7,MERCEDES CLA CLASS,2,E01000315,0,-1
2021991059060,2021,991059060,2,9,0,18,19,2,6,0,0,1,0,0,0,0,2,1,5,6,2,27,6,2143,2,3,MERCEDES CLA CLASS,1,-1,0,-1
2021440372790,2021,440372790,1,9,0,18,19,2,6,0,0,1,0,0,0,0,1,1,6,6,1,25,5,2143,2,3,MERCEDES CLA CLASS,3,E01017349,0,-1
2021991039009,2021,991039009,1,9,0,17,19,2,6,0,0,0,1,0,0,0,1,1,6,6,1,23,5,2143,2,6,MERCEDES CLA CLASS,3,-1,0,-1
2021471117611,2021,471117611,1,9,0,18,19,3,7,0,0,1,0,0,0,0,1,1,5,6,2,86,11,1991,1,7,MERCEDES CLA CLASS,8,E01031624,0,-1
2021221024913,2021,221024913,2,9,0,18,19,6,2,0,0,2,0,0,0,0,1,1,6,6,2,37,7,1950,2,0,MERCEDES CLA CLASS,8,E01032190,0,-1
2021471079371,2021,471079371,2,9,0,4,4,2,6,0,0,8,0,0,0,0,2,1,5,6,1,39,7,1332,1,2,MERCEDES CLA CLASS,9,E01031446,0,-1
2021010335445,2021,010335445,1,9,0,99,99,9,9,99,99,0,9,99,9,99,2,9,2,2,1,23,5,1332,1,0,MERCEDES CLA CLASS,2,E01001283,0,-1
2021010305436,2021,010305436,2,9,0,99,99,9,9,99,99,0,9,99,9,99,1,9,6,6,3,-1,-1,2143,2,3,MERCEDES CLA CLASS,3,E01000725,0,-1
2021451120002,2021,451120002,2,9,0,7,7,5,3,0,0,6,0,0,0,0,1,1,5,6,1,46,8,2143,2,3,MERCEDES CLA CLASS,10,E01030584,0,-1
2021010326782,2021,010326782,2,9,0,7,7,3,5,99,99,9,9,99,0,0,4,9,6,6,3,-1,-1,1595,1,4,MERCEDES CLA CLASS,-1,-1,0,-1
2021010295973,2021,010295973,2,9,0,99,99,9,9,99,99,0,9,99,9,99,3,1,6,6,3,34,6,2143,2,7,MERCEDES CLA CLASS,4,E01000155,0,-1
2021010301182,2021,010301182,1,9,0,18,19,1,5,0,0,1,0,0,0,0,2,2,6,6,2,27,6,1332,1,1,MERCEDES CLA CLASS,4,E01004124,0,-1
2021010293257,2021,010293257,3,9,0,18,19,1,5,0,0,0,1,0,0,0,1,1,6,6,1,27,6,2143,2,7,MERCEDES CLA CLASS,-1,-1,0,-1
2021421111975,2021,421111975,1,9,0,18,19,1,5,0,0,0,0,0,0,0,1,1,6,6,1,42,7,1595,1,7,MERCEDES CLA CLASS,-1,-1,0,-1
2021010321090,2021,010321090,1,9,0,3,3,5,1,0,0,0,0,0,0,0,2,1,2,2,1,30,6,2143,2,3,MERCEDES CLA CLASS,3,E01001669,0,-1
2021302101672,2021,302101672,1,9,0,4,4,8,4,0,0,1,0,0,0,0,2,1,6,6,1,22,5,2143,2,5,MERCEDES CLA CLASS,5,E01019605,0,-1
2021010289032,2021,010289032,2,9,0,18,19,1,5,0,0,8,0,0,0,0,1,1,6,6,3,-1,-1,1595,1,5,MERCEDES CLA CLASS,-1,-1,0,-1
2021061064820,2021,061064820,1,9,0,18,19,2,6,0,0,0,5,10,0,0,1,1,6,6,2,36,7,1332,1,0,MERCEDES CLA CLASS,-1,-1,0,-1
2021010310160,2021,010310160,1,9,0,9,9,4,2,0,0,1,0,0,0,0,1,1,6,6,1,21,5,1595,1,7,MERCEDES CLA CLASS,2,E01003600,0,-1
2021010315469,2021,010315469,1,9,0,7,7,1,4,0,0,8,0,0,0,0,1,1,6,6,1,79,11,1332,1,2,MERCEDES CLA CLASS,-1,-1,0,-1
2021010344439,2021,010344439,1,9,0,99,99,9,9,99,99,9,9,99,9,99,1,9,6,6,1,34,6,1332,1,1,MERCEDES CLA CLASS,6,E01033463,0,-1
2021041125694,2021,041125694,1,9,0,18,19,7,3,0,0,1,0,4,0,0,1,1,6,6,1,27,6,1991,1,2,MERCEDES CLA CLASS,3,E01012676,0,-1
2021010296752,2021,010296752,1,9,0,99,99,9,9,99,99,9,9,99,9,99,4,9,6,6,2,26,6,1332,1,1,MERCEDES CLA CLASS,5,E01000150,0,-1
2021041036587,2021,041036587,3,9,0,18,19,1,5,0,0,0,0,0,0,0,2,1,5,6,1,31,6,1332,1,1,MERCEDES CLA CLASS,2,E01032920,0,-1
2021302101500,2021,302101500,1,9,0,13,13,5,8,0,0,8,0,0,0,0,1,1,6,6,3,20,4,1332,1,1,MERCEDES CLA CLASS,10,E01019881,0,-1
2021430452599,2021,430452599,1,9,0,5,5,8,7,0,0,1,0,0,0,0,1,1,2,2,1,50,8,1595,1,4,MERCEDES CLA CLASS,4,W01000586,0,-1
2021010303444,2021,010303444,1,9,0,18,19,3,7,99,99,8,9,99,9,99,2,1,6,6,2,32,6,2143,2,4,MERCEDES CLA CLASS,2,E01004327,0,-1
2021302101784,2021,302101784,2,9,0,10,10,3,8,0,0,1,0,0,0,0,3,1,6,6,2,26,6,2143,2,5,MERCEDES CLA CLASS,9,E01019825,0,-1
2021052100810,2021,052100810,2,9,0,3,3,3,7,0,0,1,0,0,0,0,2,1,6,6,1,57,9,2143,2,3,MERCEDES CLA CLASS,3,E01006719,0,-1
2021010304010,2021,010304010,1,9,0,7,7,5,6,0,0,5,0,0,0,0,3,1,6,6,2,35,6,1332,1,1,MERCEDES CLA CLASS,4,E01001404,0,-1
2021451024853,2021,451024853,2,9,0,9,9,5,3,0,0,0,0,0,0,0,1,1,6,6,2,26,6,2143,2,3,MERCEDES CLA CLASS,4,E01030304,0,-1
2021991125534,2021,991125534,3,9,0,2,2,7,7,0,0,1,0,0,0,0,3,1,5,6,1,44,7,2143,2,4,MERCEDES CLA CLASS,2,-1,0,-1
2021138451143,2021,138451143,2,9,0,18,19,1,5,0,0,1,0,0,0,0,3,1,6,6,1,35,6,1595,1,8,MERCEDES CLA CLASS,4,E01011314,0,-1
2021131112752,2021,131112752,1,9,0,-1,-1,-1,-1,-1,-1,-1,-1,-1,-1,-1,-1,1,6,6,3,-1,-1,1332,1,0,MERCEDES CLA CLASS,-1,-1,0,-1
2021061051925,2021,061051925,2,9,0,18,19,5,1,0,0,1,0,0,0,0,1,1,2,2,1,29,6,2143,2,7,MERCEDES CLA CLASS,4,E01005916,0,-1
2021201051836,2021,201051836,2,9,0,12,12,7,3,0,0,0,0,0,0,0,4,1,6,6,2,25,5,2143,2,6,MERCEDES CLA CLASS,6,E01010023,0,-1
2021010331244,2021,010331244,2,9,0,5,5,7,3,0,0,1,0,0,0,0,2,1,6,6,1,25,5,1332,1,0,MERCEDES CLA CLASS,7,E01001965,0,-1
2021170H10081,2021,170H10081,2,9,0,18,19,4,8,0,0,1,0,0,0,0,1,1,6,6,2,-1,-1,1595,1,3,MERCEDES CLA CLASS,-1,-1,0,-1
2021141027773,2021,141027773,1,9,0,18,19,1,6,0,0,3,0,0,1,0,2,1,6,6,2,38,7,2143,2,5,MERCEDES CLA CLASS,2,E01007531,0,-1
2021041036480,2021,041036480,2,9,0,18,19,7,7,0,0,1,0,0,0,0,3,1,5,6,2,38,7,2143,2,2,MERCEDES CLA CLASS,7,E01025164,0,-1
2021501091356,2021,501091356,2,9,0,18,19,1,5,0,0,1,0,0,0,0,2,1,6,6,1,49,8,1991,1,7,MERCEDES CLA CLASS,3,E01015093,0,-1
2021531031805,2021,531031805,1,9,0,18,19,7,3,0,0,0,0,0,0,0,1,1,1,1,1,73,10,1332,1,1,MERCEDES CLA CLASS,10,E01025774,0,-1
2021010319588,2021,010319588,2,9,0,99,99,9,9,99,99,9,9,99,9,99,4,9,6,6,3,-1,-1,1595,1,3,MERCEDES CLA CLASS,1,E01002099,0,-1
2021201023791,2021,201023791,2,9,0,18,19,6,2,0,0,0,0,0,0,0,3,1,6,6,1,33,6,1991,1,6,MERCEDES CLA CLASS,-1,-1,0,-1
2021201029446,2021,201029446,5,9,-1,9,9,-1,-1,-1,-1,-1,1,0,-1,0,-1,1,6,6,3,-1,-1,2143,2,7,MERCEDES CLA CLASS,-1,-1,0,-1
2021010314628,2021,010314628,1,9,0,18,19,1,5,0,0,1,0,0,0,0,1,1,6,6,2,33,6,1991,1,7,MERCEDES CLA CLASS,5,E01004646,0,-1
202131D169421,2021,31D169421,2,9,0,18,19,2,6,0,0,8,0,0,0,0,1,1,6,6,1,24,5,2143,2,3,MERCEDES CLA CLASS,9,E01028398,0,-1
2021201110433,2021,201110433,2,9,0,13,13,1,1,0,0,0,1,10,2,2,1,1,6,6,1,24,5,1991,1,2,MERCEDES CLA CLASS,4,E01000618,0,-1
2021010333618,2021,010333618,1,9,0,18,19,5,1,0,0,0,0,0,0,0,3,1,1,1,1,37,7,1332,1,2,MERCEDES CLA CLASS,2,E01002766,0,-1
20211382F1785,2021,1382F1785,1,9,0,17,19,2,6,0,0,0,0,0,1,7,4,1,6,6,1,45,7,1332,1,2,MERCEDES CLA CLASS,3,E01011670,0,-1
2021421029001,2021,421029001,2,9,0,9,9,5,7,0,0,8,0,0,0,0,3,1,6,6,1,50,8,1332,1,0,MERCEDES CLA CLASS,9,E01021710,0,-1
2021440505299,2021,440505299,1,9,0,3,3,2,6,0,0,1,0,0,0,0,2,1,6,6,1,39,7,1332,8,1,MERCEDES CLA CLASS,9,E01023134,0,-1
2021010302621,2021,010302621,4,9,0,2,2,0,0,9,9,0,0,0,0,0,1,1,6,6,3,-1,-1,1332,1,1,MERCEDES CLA CLASS,-1,-1,0,-1
2021991065049,2021,991065049,1,9,0,18,19,5,1,0,0,0,1,0,0,0,3,1,5,6,1,30,6,2143,2,5,MERCEDES CLA CLASS,7,-1,0,-1
2021010308433,2021,010308433,1,9,0,99,99,9,9,0,0,1,0,0,0,0,9,1,6,6,2,55,8,2143,2,4,MERCEDES CLA CLASS,2,E01001428,0,-1
2021010303451,2021,010303451,1,9,0,99,99,9,9,99,99,9,9,99,9,99,2,9,6,6,2,33,6,1332,1,0,MERCEDES CLA CLASS,2,E01001777,0,-1
2021552101097,2021,552101097,1,9,0,5,5,7,3,0,0,6,0,0,0,0,1,1,2,2,1,24,5,1595,1,5,MERCEDES CLA CLASS,4,E01032645,0,-1
2021010334874,2021,010334874,2,9,0,99,99,9,9,4,4,1,0,99,9,99,3,9,6,6,1,30,6,1332,1,2,MERCEDES CLA CLASS,-1,-1,0,-1
2021101031137,2021,101031137,1,9,0,-1,-1,-1,-1,-1,-1,-1,-1,-1,-1,0,-1,1,6,6,1,22,5,2143,2,5,MERCEDES CLA CLASS,2,E01008301,0,-1
2021010343673,2021,010343673,1,9,0,9,9,1,6,0,0,1,0,0,0,0,1,1,6,6,1,32,6,1595,1,4,MERCEDES CLA CLASS,2,E01003179,0,-1
2021421098671,2021,421098671,1,9,0,9,9,5,3,0,0,1,0,0,0,0,1,1,6,6,3,-1,-1,2143,2,2,MERCEDES CLA CLASS,-1,-1,0,-1
2021010344597,2021,010344597,2,9,0,99,99,9,9,99,99,9,9,99,9,99,9,9,6,6,3,21,5,1332,1,0,MERCEDES CLA CLASS,2,E01004041,0,-1
2021546685821,2021,546685821,1,9,0,18,19,1,5,0,0,2,1,0,7,11,1,1,6,6,1,24,5,1332,8,1,MERCEDES CLA CLASS,7,E01032084,0,-1
2021010340751,2021,010340751,3,9,0,18,19,1,5,0,0,1,0,0,0,0,1,1,6,6,1,24,5,1332,1,0,MERCEDES CLA CLASS,2,E01033146,0,-1
20211382R1284,2021,1382R1284,2,9,0,18,19,1,5,0,0,0,0,0,0,0,1,1,6,6,1,43,7,1332,1,1,MERCEDES CLA CLASS,2,E01010837,0,-1
2021052100934,2021,052100934,2,9,0,18,19,7,3,0,0,0,0,0,0,0,2,1,6,6,1,57,9,1595,1,4,MERCEDES CLA CLASS,2,E01006441,0,-1
2021052101461,2021,052101461,2,9,0,18,19,4,8,0,0,0,0,0,0,0,2,1,6,6,2,20,4,1595,1,3,MERCEDES CLA CLASS,10,E01006990,0,-1
2021010337900,2021,010337900,2,9,0,7,7,3,5,9,9,5,0,10,3,2,4,2,1,1,1,32,6,1332,1,2,MERCEDES CLA CLASS,3,E01003221,0,-1
2021201082353,2021,201082353,1,9,0,1,1,6,2,0,0,0,0,4,0,0,3,1,6,6,2,40,7,1332,1,1,MERCEDES CLA CLASS,4,E01009770,0,-1
2021131127613,2021,131127613,1,9,0,18,19,1,5,0,0,0,0,0,0,0,1,1,5,6,1,21,5,2143,2,7,MERCEDES CLA CLASS,7,E01011193,0,-1
2021010324569,2021,010324569,5,9,0,2,2,0,0,0,0,0,0,0,0,0,0,1,6,6,3,-1,-1,1332,1,0,MERCEDES CLA CLASS,-1,-1,0,-1
2021430000885,2021,430000885,2,9,0,18,19,1,5,0,0,8,0,0,0,0,1,1,6,6,1,34,6,1595,1,4,MERCEDES CLA CLASS,3,E01023954,0,-1
2021070639896,2021,070639896,2,9,0,4,4,5,1,0,0,1,0,0,0,0,2,1,6,6,2,30,6,2143,2,4,MERCEDES CLA CLASS,8,E01012556,0,-1
2021451018502,2021,451018502,2,9,0,18,19,7,3,0,0,0,1,0,2,7,2,1,1,1,1,54,8,2143,2,4,MERCEDES CLA CLASS,8,E01026990,0,-1
2021041057581,2021,041057581,1,9,0,17,19,6,3,0,0,1,5,0,2,11,1,1,5,6,1,34,6,1991,1,6,MERCEDES CLA CLASS,3,E01025196,0,-1
2021451126668,2021,451126668,1,9,0,18,19,5,1,0,0,0,0,0,0,0,2,1,5,6,1,35,6,1950,2,1,MERCEDES CLA CLASS,10,E01030416,0,-1
2021061055097,2021,061055097,2,9,0,2,2,0,0,0,0,2,0,0,0,0,3,1,1,1,1,30,6,2143,2,6,MERCEDES CLA CLASS,9,E01005049,0,-1
202134WNC2021,2021,34WNC2021,2,9,0,4,4,1,5,0,0,0,0,0,0,0,2,1,6,6,1,28,6,1595,1,4,MERCEDES CLA CLASS,8,E01028462,0,-1
2021351056804,2021,351056804,2,9,0,18,19,4,8,0,0,0,0,0,0,0,2,1,6,6,1,19,4,2143,2,6,MERCEDES CLA CLASS,5,E01018214,0,-1
2021421099935,2021,421099935,1,9,0,9,9,1,7,0,0,6,0,0,0,0,1,1,5,6,1,31,6,2143,2,5,MERCEDES CLA CLASS,4,E01021501,0,-1
2021010317516,2021,010317516,1,9,0,4,4,7,3,0,0,2,0,0,0,0,2,1,6,6,1,20,4,1595,1,6,MERCEDES CLA CLASS,8,E01000563,0,-1
2021991042325,2021,991042325,2,9,0,17,19,4,1,0,0,1,0,0,0,0,1,1,6,6,1,65,9,1595,1,7,MERCEDES CLA CLASS,8,-1,0,-1
2021451020649,2021,451020649,1,9,0,18,19,2,6,0,0,1,0,0,0,0,1,1,1,1,1,33,6,1595,1,4,MERCEDES CLA CLASS,4,E01001041,0,-1
202131D096121,2021,31D096121,2,9,0,2,2,0,0,0,0,2,0,0,0,0,1,1,6,6,3,-1,-1,1332,1,0,MERCEDES CLA CLASS,-1,-1,0,-1
2021010345267,2021,010345267,2,9,0,99,99,9,9,99,99,0,9,99,9,99,1,9,6,6,3,73,10,1950,2,2,MERCEDES CLA CLASS,7,E01002337,0,-1
2021371090632,2021,371090632,1,9,0,6,6,4,8,0,0,0,0,0,0,0,3,1,5,6,2,20,4,1332,1,1,MERCEDES CLA CLASS,4,E01033127,0,-1
2021501114055,2021,501114055,1,9,0,5,5,5,1,0,0,0,0,0,0,0,1,1,6,6,1,56,9,1595,1,2,MERCEDES CLA CLASS,6,E01020295,0,-1
2021010342452,2021,010342452,1,9,0,99,99,9,9,0,0,8,0,0,0,0,2,9,6,6,1,39,7,1332,1,0,MERCEDES CLA CLASS,3,E01003536,0,-1
2021111079990,2021,111079990,2,9,0,18,19,7,5,0,0,2,0,0,0,0,2,1,5,6,2,36,7,1595,1,2,MERCEDES CLA CLASS,2,E01012342,0,-1
2021010287333,2021,010287333,2,9,0,99,99,9,9,99,99,9,9,99,9,99,1,9,6,6,3,28,6,1332,1,1,MERCEDES CLA CLASS,8,E01002210,0,-1
2021010288159,2021,010288159,1,9,0,5,5,3,7,0,0,6,0,0,0,0,1,1,6,6,1,33,6,2143,2,3,MERCEDES CLA CLASS,2,E01004185,0,-1
2021421080447,2021,421080447,1,9,0,5,5,2,2,0,0,1,0,0,0,0,1,1,2,2,1,53,8,1332,8,0,MERCEDES CLA CLASS,9,E01029364,0,-1
2021451039000,2021,451039000,1,9,0,18,19,5,1,0,0,0,0,0,0,0,1,1,5,6,2,25,5,1332,1,0,MERCEDES CLA CLASS,2,E01001667,0,-1
2021351092593,2021,351092593,1,9,0,16,19,5,1,0,0,8,0,0,7,11,1,1,6,6,1,31,6,2143,2,7,MERCEDES CLA CLASS,-1,-1,0,-1
2021010309644,2021,010309644,2,9,0,99,99,9,9,99,99,9,9,99,9,99,2,9,6,6,3,29,6,1595,1,8,MERCEDES CLA CLASS,2,E01001460,0,-1
2021991027872,2021,991027872,2,9,0,18,19,5,1,0,0,0,0,0,0,0,1,1,6,6,2,22,5,1332,1,2,MERCEDES CLA CLASS,4,-1,0,-1
2021010341399,2021,010341399,2,9,0,99,99,9,9,99,99,9,0,0,9,0,9,1,6,6,3,-1,-1,1332,1,1,MERCEDES CLA CLASS,-1,-1,0,-1
2021010298814,2021,010298814,1,9,0,9,9,5,3,0,0,8,0,0,0,0,1,1,6,6,1,32,6,1332,1,1,MERCEDES CLA CLASS,6,E01002570,0,-1
2021371065822,2021,371065822,2,9,0,4,4,5,1,0,0,0,0,0,0,0,2,1,2,2,1,58,9,2143,2,4,MERCEDES CLA CLASS,5,E01026541,0,-1
2021010288412,2021,010288412,1,9,0,18,19,1,5,0,0,1,0,10,0,0,4,1,6,6,1,26,6,1332,1,1,MERCEDES CLA CLASS,4,E01003530,0,-1
2021351044825,2021,351044825,2,9,0,3,3,-1,-1,0,0,1,0,0,0,0,1,1,6,6,2,26,6,1332,1,2,MERCEDES CLA CLASS,10,E01017995,0,-1
2021010347050,2021,010347050,1,9,0,99,99,9,9,99,99,9,9,99,9,99,9,9,6,6,1,29,6,1595,1,8,MERCEDES CLA CLASS,2,E01002054,0,-1
2021991125109,2021,991125109,3,9,0,10,10,8,6,0,0,1,0,0,0,0,1,1,5,6,1,40,7,1595,1,3,MERCEDES CLA CLASS,-1,-1,0,-1
2021520201518,2021,520201518,2,9,0,18,19,2,6,0,0,8,0,0,0,0,1,1,6,6,1,28,6,1991,1,3,MERCEDES CLA CLASS,5,E01029075,0,-1
2021010310000,2021,010310000,1,9,0,9,9,6,4,0,0,1,0,0,0,0,1,1,6,6,1,31,6,1332,1,0,MERCEDES CLA CLASS,2,E01033707,0,-1
2021138381223,2021,138381223,1,9,0,18,19,5,1,0,0,0,0,0,0,0,3,1,2,2,2,41,7,2143,2,2,MERCEDES CLA CLASS,4,E01010599,0,-1
2021461080952,2021,461080952,1,9,0,9,9,1,5,0,0,0,0,0,0,0,1,1,2,2,1,63,9,2143,2,5,MERCEDES CLA CLASS,6,E01032814,0,-1
2021010341575,2021,010341575,1,9,0,18,19,4,8,0,0,1,0,4,0,0,1,1,6,6,1,21,5,1991,1,6,MERCEDES CLA CLASS,10,E01000834,0,-1
2021010338639,2021,010338639,1,9,0,99,99,9,9,99,99,9,9,99,9,99,2,9,6,6,1,49,8,1595,1,4,MERCEDES CLA CLASS,4,E01001199,0,-1
2021201144008,2021,201144008,1,9,0,18,19,2,6,0,0,1,0,4,0,0,1,1,6,6,1,25,5,1332,1,0,MERCEDES CLA CLASS,1,E01010269,0,-1
2021010337075,2021,010337075,3,9,0,18,19,3,7,0,0,0,0,0,0,0,1,2,6,6,1,38,7,2143,2,5,MERCEDES CLA CLASS,4,E01032742,0,-1
2021201104582,2021,201104582,1,9,0,18,19,7,3,0,0,0,0,0,0,0,1,1,6,6,2,33,6,1595,1,4,MERCEDES CLA CLASS,5,E01010558,0,-1
2021010311126,2021,010311126,1,9,9,99,99,9,9,99,99,9,9,99,9,99,9,9,6,6,2,30,6,1332,1,1,MERCEDES CLA CLASS,3,E01004756,0,-1
2021010302330,2021,010302330,2,9,0,99,99,9,9,99,99,9,9,99,9,99,1,9,6,6,3,-1,-1,1332,1,2,MERCEDES CLA CLASS,-1,-1,0,-1
2021471069651,2021,471069651,2,9,0,18,19,2,6,0,0,0,0,0,0,0,2,1,2,2,1,28,6,1332,1,0,MERCEDES CLA CLASS,5,E01021195,0,-1
2021549442121,2021,549442121,2,9,0,2,2,0,0,0,0,0,0,0,0,0,1,1,6,6,1,20,4,1332,1,2,MERCEDES CLA CLASS,3,E01015527,0,-1
2021010289815,2021,010289815,1,9,0,99,99,9,9,99,99,9,9,99,9,99,2,9,2,2,1,34,6,1595,1,6,MERCEDES CLA CLASS,4,E01002180,0,-1
2021302101283,2021,302101283,2,9,0,18,19,6,2,0,0,1,0,0,0,0,2,1,6,6,1,46,8,1595,1,7,MERCEDES CLA CLASS,1,E01013822,0,-1
2021010313812,2021,010313812,1,9,0,7,7,3,5,0,0,4,0,0,0,0,3,1,6,6,1,63,9,2143,2,8,MERCEDES CLA CLASS,4,E01003561,0,-1
2021201107239,2021,201107239,2,9,0,2,2,0,0,0,0,0,0,0,0,0,2,1,5,6,2,25,5,2143,2,3,MERCEDES CLA CLASS,-1,-1,0,-1
2021010317889,2021,010317889,1,9,0,99,99,9,9,99,99,9,9,99,9,99,9,9,6,6,2,41,7,1332,1,1,MERCEDES CLA CLASS,2,E01000956,0,-1
2021010333205,2021,010333205,2,9,0,18,19,3,7,0,0,0,0,0,0,0,4,1,6,6,1,41,7,1332,1,1,MERCEDES CLA CLASS,10,E01000772,0,-1
2021461077762,2021,461077762,1,9,0,5,5,7,1,0,0,6,0,0,1,0,1,1,6,6,1,26,6,2143,2,5,MERCEDES CLA CLASS,1,E01032575,0,-1
2021010297817,2021,010297817,2,9,0,18,19,1,5,0,0,0,0,0,0,0,3,1,6,6,1,38,7,2143,2,6,MERCEDES CLA CLASS,3,E01024280,0,-1
2021461031557,2021,461031557,2,9,0,5,5,3,7,0,0,0,0,0,0,0,4,1,2,2,2,29,6,1595,1,6,MERCEDES CLA CLASS,3,E01024059,0,-1
2021070130876,2021,070130876,1,9,0,18,19,5,1,0,0,0,1,4,0,0,1,1,6,6,2,48,8,1332,1,1,MERCEDES CLA CLASS,6,E01018394,0,-1
2021440406654,2021,440406654,1,9,0,5,5,6,2,0,0,0,0,0,0,0,3,1,6,6,1,-1,-1,1950,2,1,MERCEDES CLA CLASS,-1,-1,0,-1
2021461098368,2021,461098368,2,9,0,7,7,7,3,0,0,1,0,0,0,0,2,1,5,6,1,30,6,2143,2,4,MERCEDES CLA CLASS,10,E01024146,0,-1
2021010301438,2021,010301438,3,9,0,18,19,7,3,0,0,0,0,0,0,0,3,1,6,6,1,27,6,1332,1,1,MERCEDES CLA CLASS,4,E01000554,0,-1
2021070048703,2021,070048703,1,9,0,9,9,6,8,0,0,6,0,0,0,0,1,1,6,6,2,-1,-1,2143,2,6,MERCEDES CLA CLASS,-1,-1,0,-1
2021010321525,2021,010321525,1,9,9,99,99,9,9,99,99,9,9,99,9,99,9,9,6,6,1,44,7,2143,2,5,MERCEDES CLA CLASS,1,E01004205,0,-1
2021010329231,2021,010329231,2,9,0,18,19,7,3,0,0,2,0,0,0,0,1,1,6,6,1,34,6,1595,1,8,MERCEDES CLA CLASS,2,E01003320,0,-1
202134WNC5241,2021,34WNC5241,2,9,0,18,19,1,5,0,0,0,0,0,0,0,2,1,6,6,2,42,7,1332,1,1,MERCEDES CLA CLASS,7,E01029743,0,-1
2021061136036,2021,061136036,1,9,0,18,19,1,5,0,0,0,0,0,0,0,4,1,6,6,2,63,9,1595,1,2,MERCEDES CLA CLASS,10,E01004893,0,-1
2021461188569,2021,461188569,1,9,0,6,6,1,5,0,0,0,0,0,0,0,3,1,6,6,1,50,8,1332,1,2,MERCEDES CLA CLASS,7,E01032825,0,-1
2021440367855,2021,440367855,1,9,0,18,19,3,7,0,0,0,0,0,0,0,2,1,6,6,1,76,11,1991,1,2,MERCEDES CLA CLASS,8,E01029957,0,-1
2021170L40601,2021,170L40601,1,9,0,3,3,3,7,0,0,1,0,0,0,0,2,1,6,6,1,43,7,1332,1,0,MERCEDES CLA CLASS,1,E01033468,0,-1
2021141047633,2021,141047633,3,9,0,4,4,5,1,0,0,0,0,0,0,0,1,1,6,6,1,28,6,2143,2,8,MERCEDES CLA CLASS,6,E01010816,0,-1
2021010295798,2021,010295798,1,9,0,5,5,5,1,0,0,8,0,0,0,0,1,1,6,6,1,46,8,2143,2,5,MERCEDES CLA CLASS,4,E01003771,0,-1
2021302101536,2021,302101536,2,9,0,18,19,6,2,0,0,0,0,0,0,0,1,1,6,6,2,29,6,2143,2,3,MERCEDES CLA CLASS,6,E01013491,0,-1
2021010290942,2021,010290942,3,9,0,3,3,5,1,0,0,1,0,0,0,0,1,1,6,6,2,23,5,1595,1,4,MERCEDES CLA CLASS,3,E01001311,0,-1
2021421061147,2021,421061147,1,9,0,4,4,2,6,0,0,1,0,0,0,0,1,1,6,6,2,24,5,2143,2,4,MERCEDES CLA CLASS,8,E01033063,0,-1
2021451058573,2021,451058573,1,9,0,18,19,1,3,0,0,0,0,0,0,0,0,1,5,6,2,25,5,2143,2,6,MERCEDES CLA CLASS,4,E01002486,0,-1