collision_index,collision_year,collision_ref_no,vehicle_reference,vehicle_type,towing_and_articulation,vehicle_manoeuvre_historic,vehicle_manoeuvre,vehicle_direction_from,vehicle_direction_to,vehicle_location_restricted_lane_historic,vehicle_location_restricted_lane,junction_location,skidding_and_overturning,hit_object_in_carriageway,vehicle_leaving_carriageway,hit_object_off_carriageway,first_point_of_impact,vehicle_left_hand_drive,journey_purpose_of_driver_historic,journey_purpose_of_driver,sex_of_driver,age_of_driver,age_band_of_driver,engine_capacity_cc,propulsion_code,age_of_vehicle,generic_make_model,driver_imd_decile,lsoa_of_driver,escooter_flag,driver_distance_banding
2021141115889,2021,141115889,2,9,0,4,4,1,5,0,0,0,0,0,0,0,2,1,6,6,3,-1,-1,1991,1,5,MERCEDES CLA CLASS,-1,-1,0,-1
2021061079591,2021,061079591,1,9,0,7,7,7,3,0,0,5,0,0,0,0,4,1,6,6,1,33,6,2143,2,5,MERCEDES CLA CLASS,2,E01006092,0,-1
2021010287702,2021,010287702,2,9,0,2,2,0,0,0,0,0,0,0,0,0,1,1,6,6,3,-1,-1,2143,2,3,MERCEDES CLA CLASS,-1,-1,0,-1
2021302101057,2021,302101057,3,9,0,13,13,2,6,0,0,0,0,0,0,0,0,1,6,6,1,43,7,2143,2,6,MERCEDES CLA CLASS,8,E01019788,0,-1
2021421021444,2021,421021444,5,9,0,18,19,2,6,0,0,0,0,0,0,0,1,1,5,6,1,24,5,1332,1,2,MERCEDES CLA CLASS,2,E01004384,0,-1
2021010310831,2021,010310831,1,9,0,18,19,5,1,0,0,0,0,0,0,0,2,1,6,6,2,36,7,1595,1,3,MERCEDES CLA CLASS,4,E01001404,0,-1
2021302100931,2021,302100931,2,9,0,9,9,6,4,0,0,8,0,0,0,0,4,1,6,6,1,71,10,2143,2,6,MERCEDES CLA CLASS,-1,-1,0,-1
2021070298272,2021,070298272,1,9,0,11,11,7,3,0,0,2,0,0,0,0,1,1,6,6,1,55,8,1332,8,1,MERCEDES CLA CLASS,1,E01006874,0,-1
2021991034813,2021,991034813,2,9,0,18,19,2,6,0,0,0,0,0,0,0,1,1,2,2,1,31,6,1332,1,2,MERCEDES CLA CLASS,5,-1,0,-1
2021052100776,2021,052100776,2,9,0,18,19,6,2,0,0,8,0,0,0,0,1,1,2,2,2,50,8,2143,2,3,MERCEDES CLA CLASS,8,E01006859,0,-1
2021622100169,2021,622100169,1,9,0,18,19,8,4,0,0,8,0,0,0,0,1,1,2,2,1,19,4,1595,1,8,MERCEDES CLA CLASS,2,W01000994,0,-1
2021070408473,2021,070408473,2,9,0,3,3,7,3,0,0,0,0,0,0,0,2,1,6,6,1,37,7,2143,2,8,MERCEDES CLA CLASS,3,E01007219,0,-1
202163C093621,2021,63C093621,2,9,0,4,4,4,8,0,0,0,0,0,0,0,4,1,6,6,2,57,9,2143,2,4,MERCEDES CLA CLASS,9,W01000619,0,-1
2021201149192,2021,201149192,2,9,0,18,19,8,1,0,0,0,0,0,0,0,4,1,6,6,2,31,6,2143,2,6,MERCEDES CLA CLASS,1,E01008901,0,-1
2021010310051,2021,010310051,2,9,0,99,99,9,9,99,99,9,9,99,9,99,9,9,6,6,3,-1,-1,1332,1,2,MERCEDES CLA CLASS,2,E01032564,0,-1
2021440023094,2021,440023094,2,9,0,4,4,5,1,0,0,1,0,0,0,0,2,1,2,2,2,39,7,2143,2,3,MERCEDES CLA CLASS,6,E01022814,0,-1
2021061087180,2021,061087180,1,9,0,18,19,3,7,0,0,0,0,0,0,0,2,1,6,6,1,48,8,1595,1,2,MERCEDES CLA CLASS,7,E01005857,0,-1
2021991031164,2021,991031164,1,9,0,18,19,5,1,0,0,0,1,0,4,6,1,1,6,6,2,24,5,1950,2,1,MERCEDES CLA CLASS,6,-1,0,-1
2021411089462,2021,411089462,3,9,0,2,2,0,0,0,0,0,0,4,0,0,1,1,6,6,3,-1,-1,2143,2,6,MERCEDES CLA CLASS,-1,-1,0,-1
2021010310748,2021,010310748,1,9,0,99,99,9,9,99,99,9,9,99,9,99,9,9,6,6,1,35,6,1595,1,4,MERCEDES CLA CLASS,2,E01015735,0,-1
2021421036505,2021,421036505,1,9,0,18,19,3,7,0,0,2,0,0,0,0,1,1,5,6,1,31,6,2143,2,6,MERCEDES CLA CLASS,3,E01021836,0,-1
2021520200633,2021,520200633,1,9,0,18,19,6,2,0,0,8,0,0,0,0,1,1,6,6,2,45,7,2143,2,5,MERCEDES CLA CLASS,5,E01029053,0,-1
2021010313735,2021,010313735,2,9,0,7,7,1,4,0,0,6,0,0,0,0,1,1,3,7,2,39,7,2143,2,7,MERCEDES CLA CLASS,10,E01032624,0,-1
2021991064196,2021,991064196,2,9,0,18,19,1,5,0,0,1,0,0,0,0,3,1,6,6,2,51,8,1595,1,4,MERCEDES CLA CLASS,5,-1,0,-1
2021320406402,2021,320406402,2,9,0,18,19,1,5,0,0,1,1,0,0,0,1,1,6,6,1,53,8,1332,8,1,MERCEDES CLA CLASS,6,E01026331,0,-1
2021010324615,2021,010324615,2,9,0,9,9,5,3,0,0,1,0,0,0,0,4,2,6,6,1,29,6,1332,1,1,MERCEDES CLA CLASS,5,E01004515,0,-1
2021161097296,2021,161097296,2,9,0,18,19,5,1,0,0,0,0,0,0,0,3,1,5,6,1,37,7,2143,2,6,MERCEDES CLA CLASS,4,E01013106,0,-1
202163A099221,2021,63A099221,1,9,0,18,19,1,5,0,0,0,1,0,5,6,1,1,6,6,2,58,9,2143,2,4,MERCEDES CLA CLASS,7,W01000664,0,-1
2021010296006,2021,010296006,3,9,0,9,9,4,1,0,0,1,0,0,0,0,3,1,6,6,1,22,5,1332,1,2,MERCEDES CLA CLASS,2,E01001515,0,-1
2021138210998,2021,138210998,2,9,0,18,19,4,8,0,0,8,0,0,0,0,1,1,6,6,1,-1,-1,1595,1,4,MERCEDES CLA CLASS,-1,-1,0,-1
2021010313348,2021,010313348,3,9,0,4,4,5,1,0,0,1,0,0,0,0,2,1,6,6,1,32,6,1332,1,1,MERCEDES CLA CLASS,5,E01002490,0,-1
2021010316799,2021,010316799,1,9,0,4,4,7,3,0,0,8,0,0,0,0,2,1,6,6,2,41,7,1991,1,2,MERCEDES CLA CLASS,5,E01003701,0,-1
2021211134159,2021,211134159,1,9,0,18,19,-1,-1,0,0,0,0,0,0,0,4,1,6,6,1,-1,-1,1595,1,3,MERCEDES CLA CLASS,3,E01029782,0,-1
2021461107666,2021,461107666,1,9,0,18,19,3,7,9,9,1,0,0,0,0,1,1,6,6,1,55,8,1595,1,4,MERCEDES CLA CLASS,6,E01004070,0,-1
2021010335909,2021,010335909,1,9,0,99,99,9,9,99,99,9,9,99,9,99,9,9,6,6,2,40,7,1595,1,4,MERCEDES CLA CLASS,1,E01002713,0,-1
2021401057778,2021,401057778,1,9,0,18,19,4,8,0,0,0,0,0,0,0,4,1,2,2,1,27,6,1332,1,1,MERCEDES CLA CLASS,1,E01015699,0,-1
2021010327384,2021,010327384,2,9,0,2,2,0,0,0,0,0,0,0,0,0,2,1,6,6,3,-1,-1,1332,1,0,MERCEDES CLA CLASS,-1,-1,0,-1
2021010315334,2021,010315334,2,9,0,99,99,9,9,99,99,9,9,99,9,99,1,9,6,6,1,56,9,1991,1,2,MERCEDES CLA CLASS,-1,-1,0,-1
2021421126231,2021,421126231,1,9,0,18,19,8,1,0,0,0,0,0,0,0,1,1,6,6,1,23,5,1595,1,3,MERCEDES CLA CLASS,-1,-1,0,-1
2021501092926,2021,501092926,2,9,0,2,2,0,0,0,0,8,0,0,0,0,4,1,6,6,2,41,7,1332,1,1,MERCEDES CLA CLASS,4,E01015173,0,-1
2021430447852,2021,430447852,3,9,0,4,4,6,2,0,0,0,0,0,0,0,2,1,2,2,2,22,5,2143,2,7,MERCEDES CLA CLASS,9,E01017637,0,-1
2021010355969,2021,010355969,2,9,9,18,19,4,8,0,0,1,9,0,0,0,1,9,6,6,1,-1,-1,1595,1,3,MERCEDES CLA CLASS,-1,-1,0,-1
2021170S11091,2021,170S11091,1,9,0,4,4,8,4,0,0,6,0,0,0,0,2,1,6,6,1,48,8,1332,1,1,MERCEDES CLA CLASS,3,E01020811,0,-1
202106J079090,2021,06J079090,1,9,0,18,19,6,2,0,0,1,0,0,0,0,4,1,6,6,2,45,7,1595,1,2,MERCEDES CLA CLASS,7,E01004945,0,-1
2021010348672,2021,010348672,2,9,0,4,4,7,3,0,0,0,0,0,0,0,2,1,6,6,1,28,6,1332,1,1,MERCEDES CLA CLASS,2,E01004197,0,-1
2021991027982,2021,991027982,2,9,0,3,3,7,3,0,0,1,0,0,0,0,1,1,1,1,1,35,6,1595,1,4,MERCEDES CLA CLASS,4,-1,0,-1
2021401111952,2021,401111952,1,9,0,5,5,5,1,0,0,1,0,0,0,0,1,1,6,6,1,27,6,2143,2,7,MERCEDES CLA CLASS,-1,-1,0,-1
2021010302226,2021,010302226,2,9,0,18,19,1,5,0,0,8,0,0,0,0,1,1,1,1,1,28,6,1332,1,1,MERCEDES CLA CLASS,-1,-1,0,-1
2021451119923,2021,451119923,1,9,0,16,19,6,2,0,0,8,2,0,3,1,1,2,5,6,1,20,4,1991,1,6,MERCEDES CLA CLASS,10,E01030998,0,-1
202131C064521,2021,31C064521,1,9,0,9,9,5,2,0,0,5,0,0,0,0,1,1,6,6,1,36,7,1332,1,1,MERCEDES CLA CLASS,1,E01013819,0,-1
2021201081480,2021,201081480,2,9,0,3,3,4,8,0,0,1,0,0,0,0,3,1,6,6,1,28,6,2143,2,6,MERCEDES CLA CLASS,3,E01010094,0,-1
2021201083171,2021,201083171,2,9,0,9,9,6,4,0,0,6,0,0,0,0,1,1,6,6,1,23,5,1991,1,6,MERCEDES CLA CLASS,1,E01033642,0,-1
2021010289799,2021,010289799,2,9,0,18,19,7,3,0,0,1,0,0,0,0,1,1,6,6,1,36,7,1595,1,3,MERCEDES CLA CLASS,4,E01000801,0,-1
2021010343595,2021,010343595,1,9,0,99,99,9,9,99,99,9,9,99,9,99,9,9,2,2,1,28,6,1595,1,4,MERCEDES CLA CLASS,5,E01001859,0,-1
2021010306707,2021,010306707,1,9,0,99,99,9,9,99,99,9,9,99,9,99,1,9,6,6,1,24,5,1595,1,3,MERCEDES CLA CLASS,6,E01000816,0,-1
2021201139594,2021,201139594,2,9,0,3,3,7,3,0,0,1,0,0,0,0,2,1,6,6,1,43,7,1332,1,1,MERCEDES CLA CLASS,1,E01009060,0,-1
2021052101017,2021,052101017,1,9,0,18,19,1,5,0,0,0,0,0,0,0,1,1,6,6,1,50,8,1332,1,1,MERCEDES CLA CLASS,1,E01006484,0,-1
2021461047167,2021,461047167,2,9,0,18,19,7,3,0,0,1,0,0,0,0,3,1,6,6,1,20,4,1595,1,8,MERCEDES CLA CLASS,5,E01024588,0,-1
2021061049342,2021,061049342,1,9,0,18,19,5,1,0,0,8,0,0,0,0,4,1,6,6,2,40,7,1991,1,2,MERCEDES CLA CLASS,5,E01005543,0,-1
2021211089231,2021,211089231,2,9,0,18,19,1,5,0,0,0,0,0,0,0,2,1,5,6,1,48,8,1595,1,2,MERCEDES CLA CLASS,6,E01018713,0,-1
2021010320461,2021,010320461,1,9,0,6,6,1,1,0,0,3,0,0,0,0,1,1,6,6,1,23,5,1595,1,5,MERCEDES CLA CLASS,-1,-1,0,-1
2021451103886,2021,451103886,2,9,0,1,1,1,5,0,0,0,0,0,0,0,2,1,6,6,1,30,6,1595,1,2,MERCEDES CLA CLASS,8,E01025663,0,-1
2021010309915,2021,010309915,1,9,0,99,99,9,9,99,99,9,9,99,9,99,9,9,6,6,1,26,6,2143,2,7,MERCEDES CLA CLASS,2,E01004537,0,-1
2021421125518,2021,421125518,1,9,0,18,19,3,7,0,0,1,0,0,0,0,1,1,5,6,1,21,5,1991,1,0,MERCEDES CLA CLASS,8,E01022068,0,-1
2021421069378,2021,421069378,1,9,0,5,5,7,3,0,0,1,0,0,0,0,3,1,6,6,2,43,7,1332,1,0,MERCEDES CLA CLASS,3,E01021490,0,-1
2021991071696,2021,991071696,1,9,0,18,19,2,6,0,0,6,0,0,0,0,1,1,2,2,1,52,8,1332,1,1,MERCEDES CLA CLASS,10,-1,0,-1
2021010349150,2021,010349150,1,9,0,18,19,5,1,0,0,3,0,0,0,0,4,1,2,2,1,27,6,1332,1,0,MERCEDES CLA CLASS,1,E01002038,0,-1
2021991070294,2021,991070294,1,5,0,13,13,4,8,0,0,1,2,0,0,0,4,1,5,6,2,60,9,744,1,8,-1,4,-1,0,-1
2021471049252,2021,471049252,2,3,0,18,19,5,1,0,0,0,0,0,0,0,4,1,6,6,1,47,8,125,1,1,-1,5,E01016991,0,-1
2021320726525,2021,320726525,1,3,0,17,19,4,8,0,0,8,1,0,1,0,4,1,6,6,1,21,5,125,1,0,-1,5,E01026298,0,-1
2021201128354,2021,201128354,2,4,0,18,19,2,6,0,0,8,0,10,1,0,1,1,6,6,1,22,5,125,1,1,-1,4,E01033625,0,-1
202134WNC6091,2021,34WNC6091,3,3,0,18,19,4,8,0,0,0,0,0,0,0,1,1,2,2,1,20,4,125,1,0,-1,9,E01033514,0,-1
2021471101045,2021,471101045,1,11,0,-1,-1,-1,-1,-1,-1,1,-1,-1,-1,0,4,1,6,6,1,45,7,-1,2,12,-1,3,E01016907,0,-1
2021141104189,2021,141104189,1,11,0,12,12,5,1,0,0,0,0,4,5,6,1,1,1,1,2,59,9,10518,2,4,-1,2,E01019699,0,-1
2021991057573,2021,991057573,2,11,0,17,19,7,3,0,0,0,1,0,7,4,1,1,1,1,1,65,9,12419,2,2,-1,1,-1,0,-1
2021010342367,2021,010342367,10,9,0,2,2,0,0,0,0,1,0,0,0,0,1,1,6,6,3,-1,-1,3498,1,12,-1,-1,-1,0,-1
2021430233569,2021,430233569,2,9,0,18,19,1,5,0,0,8,0,0,0,0,1,1,6,6,2,41,7,3498,1,15,-1,10,E01028489,0,-1
2021471078153,2021,471078153,1,9,0,5,5,6,3,0,0,0,0,0,0,0,1,1,6,6,1,23,5,3498,1,15,-1,7,E01021112,0,-1
2021010335529,2021,010335529,1,9,0,18,19,1,5,0,0,2,0,0,0,0,1,1,2,2,1,40,7,3498,1,15,-1,2,E01004332,0,-1
2021451036431,2021,451036431,1,9,0,3,3,7,3,0,0,0,0,0,0,0,0,1,5,6,1,64,9,3498,1,15,-1,2,E01001447,0,-1
2021010314994,2021,010314994,1,3,0,99,99,9,9,99,99,9,9,99,9,99,1,1,6,6,1,20,4,124,1,9,PIAGGIO FLY,3,E01003280,0,-1
2021010341978,2021,010341978,2,3,0,13,13,3,7,0,0,5,0,0,0,0,4,1,6,6,1,28,6,124,1,5,PIAGGIO FLY,1,E01033153,0,-1
2021430428216,2021,430428216,2,3,0,18,19,4,8,0,0,0,0,0,0,0,2,1,6,6,1,67,10,124,1,5,PIAGGIO FLY,7,E01016579,0,-1
2021010291231,2021,010291231,2,2,0,18,19,3,7,0,0,1,0,0,0,0,1,1,6,6,1,33,6,50,1,5,PIAGGIO FLY,5,E01002563,0,-1
2021010296982,2021,010296982,1,2,0,5,5,6,2,0,0,2,2,10,0,0,0,1,6,6,1,30,6,124,1,5,PIAGGIO FLY,6,E01000981,0,-1
2021010333171,2021,010333171,1,3,0,18,19,5,1,0,0,8,0,0,0,0,1,1,6,6,1,34,6,124,1,8,PIAGGIO FLY,-1,-1,0,-1
2021122100334,2021,122100334,2,3,0,18,19,7,3,0,0,1,0,0,0,0,1,1,1,1,1,33,6,124,1,5,PIAGGIO FLY,8,E01013368,0,-1
2021010328909,2021,010328909,1,2,0,99,99,9,9,99,99,9,9,99,9,99,9,1,6,6,1,39,7,49,1,6,PIAGGIO FLY,2,E01004711,0,-1
2021010309443,2021,010309443,2,2,0,18,19,3,7,0,0,1,0,0,0,0,1,1,6,6,1,17,4,124,1,6,PIAGGIO FLY,2,E01002281,0,-1
2021401048400,2021,401048400,2,3,0,13,13,6,2,0,0,1,5,0,0,0,1,1,6,6,1,55,8,124,1,8,PIAGGIO FLY,4,E01017512,0,-1
2021421033136,2021,421033136,1,3,0,7,7,7,2,0,0,0,0,4,0,0,1,1,6,6,1,31,6,124,1,12,PIAGGIO FLY,-1,-1,0,-1
2021010335220,2021,010335220,1,3,0,99,99,9,9,99,99,9,9,99,9,99,1,1,6,6,1,23,5,124,1,5,PIAGGIO FLY,4,E01002180,0,-1
2021430254000,2021,430254000,2,2,0,9,9,1,7,0,0,8,0,0,0,0,4,1,2,2,2,29,6,124,1,6,PIAGGIO FLY,3,E01016249,0,-1
2021141091211,2021,141091211,2,3,0,18,19,6,2,0,0,8,0,0,0,0,1,1,1,1,1,20,4,124,1,5,PIAGGIO FLY,1,E01008102,0,-1
2021010321749,2021,010321749,2,2,0,18,19,8,4,0,0,1,1,0,0,0,3,1,6,6,1,29,6,49,1,16,PIAGGIO FLY,5,E01003340,0,-1
2021440062807,2021,440062807,2,3,0,13,13,6,2,0,0,8,0,0,0,0,1,1,1,1,1,19,4,124,1,11,PIAGGIO FLY,1,E01032750,0,-1
2021010287954,2021,010287954,1,3,0,13,13,1,5,0,0,8,0,0,0,0,4,1,6,6,2,19,4,124,1,7,PIAGGIO FLY,2,E01000556,0,-1
2021451099401,2021,451099401,2,4,0,18,19,5,1,0,0,1,1,0,0,0,1,1,2,2,2,18,4,124,1,8,PIAGGIO FLY,9,E01030477,0,-1
2021010333280,2021,010333280,2,3,0,99,99,9,9,0,0,8,0,0,0,0,9,1,6,6,1,19,4,124,1,10,PIAGGIO FLY,2,E01002561,0,-1
2021010322418,2021,010322418,2,3,0,4,4,3,7,0,0,1,0,0,0,0,3,1,2,2,1,26,6,124,1,8,PIAGGIO FLY,2,E01004000,0,-1
2021101042568,2021,101042568,1,3,0,18,19,4,4,0,0,8,5,0,0,0,1,1,6,6,1,28,6,124,1,6,PIAGGIO FLY,1,E01008607,0,-1
2021401084318,2021,401084318,1,2,0,4,4,4,8,0,0,1,1,0,0,0,1,1,6,6,1,15,3,49,1,13,PIAGGIO FLY,2,E01017492,0,-1
2021010325054,2021,010325054,1,2,0,14,14,1,5,0,0,1,0,0,0,0,1,1,6,6,2,43,7,49,1,10,PIAGGIO FLY,9,E01000713,0,-1
2021010297537,2021,010297537,2,3,0,99,99,9,9,99,99,0,9,99,9,99,1,1,6,6,3,-1,-1,124,1,6,PIAGGIO FLY,8,E01000874,0,-1
2021010295755,2021,010295755,1,3,0,9,9,7,5,0,0,2,5,0,0,0,1,1,6,6,3,31,6,124,1,10,PIAGGIO FLY,-1,-1,0,-1
2021010306209,2021,010306209,2,3,0,15,15,2,6,0,0,1,0,0,0,0,1,1,6,6,1,29,6,124,1,7,PIAGGIO FLY,2,E01003578,0,-1
2021010319649,2021,010319649,1,3,0,99,99,9,9,99,99,9,9,99,9,99,1,1,2,2,1,33,6,124,1,7,PIAGGIO FLY,1,E01000643,0,-1
2021501095369,2021,501095369,2,4,0,9,9,5,3,0,0,1,0,0,0,0,3,1,6,6,1,40,7,124,1,6,PIAGGIO FLY,3,E01020022,0,-1
2021010315403,2021,010315403,1,3,0,17,19,7,3,0,0,1,0,0,0,0,1,1,2,2,1,50,8,124,1,6,PIAGGIO FLY,-1,-1,0,-1
2021411108395,2021,411108395,2,3,0,18,19,-1,-1,4,4,8,0,0,0,0,4,1,6,6,1,26,6,124,1,16,PIAGGIO FLY,9,E01023674,0,-1
2021010298395,2021,010298395,2,3,0,15,15,3,7,0,0,8,0,0,1,0,4,1,6,6,2,44,7,124,1,4,PIAGGIO FLY,7,E01001455,0,-1
2021501074879,2021,501074879,1,3,0,4,4,1,5,0,0,0,0,4,0,0,1,1,6,6,1,20,4,124,1,9,PIAGGIO FLY,7,E01019942,0,-1
2021010300182,2021,010300182,1,3,0,18,19,5,1,0,0,8,0,0,0,0,1,1,1,1,1,40,7,124,1,7,PIAGGIO FLY,3,E01003391,0,-1
2021320469874,2021,320469874,1,3,0,18,19,7,3,0,0,2,5,0,0,10,4,1,6,6,1,23,5,125,1,0,-1,6,E01027043,0,-1
2021411117855,2021,411117855,1,9,0,18,19,5,1,0,0,1,0,0,0,0,1,1,5,6,1,48,8,999,1,12,-1,10,E01023949,0,-1
2021141087151,2021,141087151,2,5,0,18,19,6,2,0,0,1,0,0,3,0,1,1,6,6,1,56,9,645,1,3,SUZUKI DL 650,9,E01007663,0,-1
2021010334363,2021,010334363,1,5,0,14,14,5,1,0,0,0,0,0,0,0,4,1,2,2,1,40,7,645,1,12,SUZUKI DL 650,8,E01017628,0,-1
2021221106701,2021,221106701,2,5,0,18,19,1,5,0,0,8,0,0,0,0,1,1,5,6,1,57,9,645,1,7,SUZUKI DL 650,2,E01013994,0,-1
2021430039631,2021,430039631,2,5,0,18,19,7,3,0,0,8,0,0,0,0,1,1,2,2,1,53,8,645,1,4,SUZUKI DL 650,7,E01028658,0,-1
2021440375526,2021,440375526,1,5,0,18,19,5,1,0,0,0,1,0,0,0,1,1,6,6,1,42,7,645,1,9,SUZUKI DL 650,2,E01003832,0,-1
2021010307365,2021,010307365,2,5,0,18,19,3,7,0,0,0,0,10,0,0,3,1,6,6,1,67,10,645,1,7,SUZUKI DL 650,-1,-1,0,-1
2021010341420,2021,010341420,1,5,0,99,99,9,9,99,99,9,9,99,9,99,9,1,1,1,1,28,6,645,1,2,SUZUKI DL 650,3,E01000945,0,-1
2021010323119,2021,010323119,1,5,0,5,5,1,5,0,0,8,2,0,0,0,1,1,2,2,1,45,7,645,1,1,SUZUKI DL 650,10,E01003474,0,-1
2021471120213,2021,471120213,2,5,0,18,19,2,6,0,0,1,0,0,0,0,1,1,5,6,1,58,9,645,1,1,SUZUKI DL 650,10,E01023996,0,-1
202163A096821,2021,63A096821,2,5,0,18,19,4,1,0,0,8,1,0,0,0,2,1,6,6,1,65,9,645,1,4,SUZUKI DL 650,7,E01017288,0,-1
202131A141821,2021,31A141821,1,5,0,14,14,8,6,0,0,5,0,0,0,0,4,1,2,2,1,24,5,645,1,9,SUZUKI DL 650,3,E01028340,0,-1
2021131067305,2021,131067305,1,4,0,18,19,7,5,0,0,1,0,0,0,0,4,1,5,6,2,50,8,645,1,13,SUZUKI DL 650,4,E01011727,0,-1
2021320428959,2021,320428959,2,5,0,17,19,4,2,0,0,0,0,0,0,0,0,1,1,1,1,52,8,645,1,17,SUZUKI DL 650,9,E01013148,0,-1
2021010311092,2021,010311092,1,5,0,11,11,5,1,0,0,0,1,0,0,0,1,1,2,2,1,21,5,645,1,10,SUZUKI DL 650,2,E01026828,0,-1
2021371057144,2021,371057144,1,5,0,18,19,1,5,0,0,1,2,0,0,0,3,1,5,6,1,63,9,645,1,3,SUZUKI DL 650,8,E01026480,0,-1
2021440028291,2021,440028291,1,5,0,18,19,8,4,0,0,0,1,0,0,0,4,1,2,2,1,53,8,645,1,1,SUZUKI DL 650,1,E01017205,0,-1
2021010340272,2021,010340272,1,5,0,18,19,2,6,0,0,2,5,0,0,0,4,1,6,6,1,51,8,645,1,8,SUZUKI DL 650,2,E01000470,0,-1
2021430134588,2021,430134588,1,5,0,7,7,2,6,0,0,5,0,0,1,1,3,1,6,6,1,27,6,645,1,3,SUZUKI DL 650,5,E01028494,0,-1
2021141065493,2021,141065493,1,5,0,18,19,2,6,0,0,1,0,0,0,0,1,1,2,2,1,36,7,645,1,3,SUZUKI DL 650,1,E01007573,0,-1
2021010332311,2021,010332311,1,5,0,99,99,9,9,99,99,9,9,99,9,99,9,1,2,2,1,36,7,645,1,4,SUZUKI DL 650,2,E01024477,0,-1
2021991052018,2021,991052018,1,5,0,14,14,6,2,0,0,1,5,0,7,0,1,1,5,6,1,35,6,645,1,14,SUZUKI DL 650,1,-1,0,-1
2021010317776,2021,010317776,1,5,0,99,99,9,9,99,99,0,9,99,9,99,9,1,2,2,1,55,8,645,1,9,SUZUKI DL 650,10,E01030419,0,-1
2021320137910,2021,320137910,2,5,0,14,14,4,8,0,0,8,0,0,0,0,4,1,2,2,1,51,8,645,1,10,SUZUKI DL 650,6,E01026244,0,-1
2021010296003,2021,010296003,2,5,0,16,19,7,3,0,0,2,0,0,0,0,4,1,2,2,1,35,6,645,1,14,SUZUKI DL 650,-1,-1,0,-1
2021302100111,2021,302100111,1,5,0,16,19,4,8,0,0,5,1,4,0,0,1,1,1,1,1,41,7,645,1,7,SUZUKI DL 650,1,E01013550,0,-1
2021471117431,2021,471117431,2,5,0,9,9,3,8,0,0,6,0,0,0,0,3,1,6,6,1,73,10,645,1,2,SUZUKI DL 650,9,E01024797,0,-1
2021351068159,2021,351068159,2,5,0,14,14,5,1,0,0,0,0,0,0,0,1,1,2,2,1,56,9,645,1,4,SUZUKI DL 650,5,E01018102,0,-1
2021351060706,2021,351060706,1,2,0,17,19,5,1,0,0,4,0,0,0,0,1,1,6,6,2,20,4,49,1,10,-1,7,E01017976,0,-1
2021411133296,2021,411133296,1,9,0,7,7,4,2,0,0,5,0,0,0,0,3,1,6,6,1,27,6,-1,3,0,TESLA MODEL 3,4,E01004622,0,-1
2021461052674,2021,461052674,2,9,0,4,4,8,4,0,0,0,0,0,0,0,1,1,1,1,2,50,8,-1,3,1,TESLA MODEL 3,7,E01024378,0,-1
2021451119821,2021,451119821,1,9,0,3,3,3,1,0,0,2,0,0,0,0,2,1,6,6,2,31,6,-1,3,0,TESLA MODEL 3,10,E01030821,0,-1
2021010294841,2021,010294841,1,9,0,9,9,7,6,0,0,1,0,0,0,0,1,1,6,6,2,47,8,-1,3,0,TESLA MODEL 3,9,E01003360,0,-1
2021070408473,2021,070408473,1,9,0,3,3,7,3,0,0,0,0,0,0,0,1,1,6,6,1,30,6,-1,3,1,TESLA MODEL 3,-1,-1,0,-1
2021010323356,2021,010323356,1,9,0,17,19,3,7,0,0,8,0,0,0,0,3,1,6,6,2,42,7,-1,3,1,TESLA MODEL 3,7,E01004762,0,-1
2021010317801,2021,010317801,1,9,0,4,4,1,5,0,0,0,0,0,0,0,0,1,6,6,1,64,9,-1,3,0,TESLA MODEL 3,9,E01030720,0,-1
2021010341979,2021,010341979,1,9,0,99,99,9,9,99,99,9,9,99,9,99,2,9,6,6,1,33,6,-1,3,0,TESLA MODEL 3,3,E01001397,0,-1
2021201074343,2021,201074343,1,9,0,18,19,1,2,0,0,3,0,0,0,0,1,1,6,6,1,34,6,-1,3,1,TESLA MODEL 3,2,E01009263,0,-1
2021531030078,2021,531030078,1,9,0,9,9,1,4,0,0,0,0,0,0,0,4,1,5,6,1,57,9,-1,3,1,TESLA MODEL 3,9,E01022115,0,-1
2021401142276,2021,401142276,2,9,0,9,9,7,3,0,0,4,0,0,0,0,3,1,6,6,1,39,7,-1,3,2,TESLA MODEL 3,8,E01015693,0,-1
2021041013741,2021,041013741,3,9,0,18,19,5,1,0,0,1,5,0,4,0,4,2,2,2,2,38,7,-1,3,1,TESLA MODEL 3,7,E01025167,0,-1
2021361039972,2021,361039972,2,9,0,16,19,6,2,0,0,1,0,0,0,0,3,1,5,6,1,51,8,-1,3,0,TESLA MODEL 3,5,E01026878,0,-1
2021430555521,2021,430555521,1,9,0,18,19,6,2,0,0,4,0,0,0,0,1,1,3,7,3,-1,-1,-1,3,0,TESLA MODEL 3,-1,-1,0,-1
2021010294072,2021,010294072,1,9,0,4,4,7,3,0,0,0,0,0,0,0,2,1,2,2,1,-1,-1,-1,3,1,TESLA MODEL 3,7,E01024459,0,-1
2021010332003,2021,010332003,1,9,0,9,9,1,7,0,0,2,0,0,0,0,3,1,6,6,1,45,7,-1,3,0,TESLA MODEL 3,6,E01004680,0,-1