collision_index,collision_year,collision_ref_no,vehicle_reference,vehicle_type,towing_and_articulation,vehicle_manoeuvre_historic,vehicle_manoeuvre,vehicle_direction_from,vehicle_direction_to,vehicle_location_restricted_lane_historic,vehicle_location_restricted_lane,junction_location,skidding_and_overturning,hit_object_in_carriageway,vehicle_leaving_carriageway,hit_object_off_carriageway,first_point_of_impact,vehicle_left_hand_drive,journey_purpose_of_driver_historic,journey_purpose_of_driver,sex_of_driver,age_of_driver,age_band_of_driver,engine_capacity_cc,propulsion_code,age_of_vehicle,generic_make_model,driver_imd_decile,lsoa_of_driver,escooter_flag,driver_distance_banding
2021201032859,2021,201032859,1,9,0,3,3,6,2,0,0,1,0,0,0,0,2,1,2,2,1,34,6,-1,3,1,TESLA MODEL 3,9,E01033101,0,-1
2021010303241,2021,010303241,2,9,0,5,5,3,7,0,0,1,0,0,0,0,4,1,6,6,1,35,6,-1,3,0,TESLA MODEL 3,10,E01023803,0,-1
2021201130282,2021,201130282,3,9,0,2,2,0,0,0,0,0,0,0,0,0,1,1,5,6,1,38,7,-1,3,2,TESLA MODEL 3,-1,-1,0,-1
202134NNC6041,2021,34NNC6041,1,9,0,18,19,5,1,0,0,1,0,0,0,0,1,1,6,6,2,38,7,-1,3,1,TESLA MODEL 3,2,E01027314,0,-1
2021371092315,2021,371092315,2,9,0,4,4,8,4,0,0,0,0,0,0,0,2,1,5,6,1,53,8,-1,3,1,TESLA MODEL 3,6,E01030053,0,-1
2021421048596,2021,421048596,1,9,0,6,6,2,6,0,0,0,0,0,0,0,1,1,6,6,1,40,7,-1,3,1,TESLA MODEL 3,10,E01021896,0,-1
2021010351382,2021,010351382,2,9,0,99,99,9,9,99,99,9,9,99,9,99,4,9,6,6,3,-1,-1,-1,3,0,TESLA MODEL 3,6,E01002834,0,-1
2021991126394,2021,991126394,2,9,0,3,3,3,7,0,0,0,0,0,0,0,2,1,5,6,1,29,6,-1,3,0,TESLA MODEL 3,10,-1,0,-1
2021141076818,2021,141076818,2,9,0,18,19,1,5,0,0,0,0,0,0,0,3,1,5,6,1,51,8,-1,3,1,TESLA MODEL 3,7,E01028004,0,-1
2021010344717,2021,010344717,1,9,0,99,99,9,9,99,99,9,9,99,9,99,2,9,6,6,2,26,6,-1,3,1,TESLA MODEL 3,4,E01033572,0,-1
2021451115005,2021,451115005,1,9,0,18,19,1,5,0,0,0,0,0,0,0,3,1,1,1,1,26,6,-1,3,0,TESLA MODEL 3,4,E01030433,0,-1
2021010346330,2021,010346330,2,9,0,99,99,9,9,99,99,9,9,99,9,99,1,9,6,6,3,-1,-1,-1,3,0,TESLA MODEL 3,8,E01001967,0,-1
202134NNC7231,2021,34NNC7231,2,9,0,3,3,3,5,0,0,4,0,0,0,0,2,1,6,6,1,48,8,-1,3,0,TESLA MODEL 3,6,E01017503,0,-1
2021221149118,2021,221149118,1,9,0,9,9,7,5,0,0,6,0,0,0,0,1,1,3,7,1,44,7,-1,3,0,TESLA MODEL 3,-1,-1,0,-1
2021991112041,2021,991112041,1,9,0,9,9,4,3,0,0,1,0,0,0,0,1,1,2,2,1,28,6,-1,3,0,TESLA MODEL 3,-1,-1,0,-1
2021122100702,2021,122100702,1,9,0,18,19,1,5,0,0,0,0,0,1,2,1,1,2,2,1,40,7,-1,3,1,TESLA MODEL 3,8,E01013403,0,-1
2021361098508,2021,361098508,6,9,0,4,4,7,3,0,0,0,0,0,0,0,2,1,2,2,1,31,6,-1,3,1,TESLA MODEL 3,10,E01026543,0,-1
2021231119337,2021,231119337,2,9,0,18,19,7,3,0,0,8,0,0,0,0,1,1,5,6,2,40,7,-1,3,2,TESLA MODEL 3,6,E01031322,0,-1
2021440305025,2021,440305025,2,9,0,18,19,5,3,0,0,1,0,0,0,0,2,1,6,6,1,50,8,-1,3,2,TESLA MODEL 3,8,E01022591,0,-1
2021461128364,2021,461128364,2,9,0,18,19,7,7,0,0,8,0,0,0,0,3,1,6,6,1,47,8,-1,3,1,TESLA MODEL 3,7,E01024350,0,-1
2021231032319,2021,231032319,2,9,0,18,19,8,4,0,0,0,0,0,0,0,3,1,5,6,2,30,6,-1,3,2,TESLA MODEL 3,-1,-1,0,-1
2021010312726,2021,010312726,2,9,0,18,19,3,7,0,0,0,0,0,0,0,2,1,6,6,2,57,9,-1,3,1,TESLA MODEL 3,5,E01020772,0,-1
2021461073109,2021,461073109,3,9,0,18,19,3,7,0,0,0,0,0,0,0,1,1,5,6,1,50,8,-1,3,1,TESLA MODEL 3,2,E01000934,0,-1
2021401099663,2021,401099663,1,9,0,10,10,5,1,0,0,8,0,0,0,0,1,1,1,1,1,57,9,-1,3,2,TESLA MODEL 3,9,E01027308,0,-1
2021451118475,2021,451118475,2,9,0,18,19,3,7,0,0,0,0,0,0,0,2,1,5,6,1,73,10,-1,3,0,TESLA MODEL 3,10,E01030348,0,-1
2021010332597,2021,010332597,2,9,9,99,99,9,9,99,99,9,9,99,9,99,9,9,6,6,3,-1,-1,-1,3,1,TESLA MODEL 3,10,E01023551,0,-1
2021430451844,2021,430451844,1,9,0,18,19,5,1,0,0,0,0,0,7,11,1,1,6,6,2,40,7,-1,3,1,TESLA MODEL 3,-1,-1,0,-1
2021531122120,2021,531122120,1,9,0,4,4,1,5,0,0,0,0,0,0,0,2,1,5,6,1,61,9,-1,3,0,TESLA MODEL 3,10,E01022181,0,-1
2021430433893,2021,430433893,2,9,0,13,13,6,2,0,0,1,0,0,0,0,4,1,6,6,1,69,10,-1,3,1,TESLA MODEL 3,7,E01028708,0,-1
2021010323960,2021,010323960,2,9,0,99,99,9,9,99,99,9,9,99,9,99,9,9,6,6,3,30,6,-1,3,1,TESLA MODEL 3,6,E01001159,0,-1
2021451069521,2021,451069521,1,9,0,18,19,1,6,6,6,0,0,0,0,0,3,1,5,6,1,32,6,-1,3,2,TESLA MODEL 3,10,E01030480,0,-1
2021430558099,2021,430558099,2,9,0,3,3,4,8,0,0,0,0,0,0,0,2,1,6,6,1,38,7,-1,3,0,TESLA MODEL 3,5,E01015790,0,-1
2021451121655,2021,451121655,1,9,0,2,2,7,3,0,0,0,0,0,0,0,2,1,5,6,1,46,8,-1,3,0,TESLA MODEL 3,10,E01030839,0,-1
2021991051977,2021,991051977,3,9,0,4,4,7,3,0,0,0,0,0,0,0,2,1,5,6,1,35,6,-1,3,1,TESLA MODEL 3,10,E01028148,0,-1
2021552100921,2021,552100921,1,9,0,9,9,1,7,0,0,6,0,0,0,0,1,1,3,7,1,43,7,-1,3,2,TESLA MODEL 3,6,E01020541,0,-1
2021531042250,2021,531042250,1,9,0,5,5,7,3,0,0,6,0,0,0,0,1,1,6,6,1,51,8,-1,3,2,TESLA MODEL 3,6,E01022187,0,-1
2021991084994,2021,991084994,2,9,0,18,19,8,4,0,0,0,0,0,0,0,3,1,1,1,1,28,6,-1,3,0,TESLA MODEL 3,10,E01013423,0,-1
2021131055703,2021,131055703,2,9,0,18,19,1,1,0,0,0,0,0,0,0,1,1,2,2,2,50,8,-1,3,0,TESLA MODEL 3,5,E01011184,0,-1
2021010346260,2021,010346260,2,9,0,99,99,9,9,99,99,9,9,99,9,99,1,9,6,6,3,-1,-1,-1,3,2,TESLA MODEL 3,-1,-1,0,-1
202131D028721,2021,31D028721,1,9,0,9,9,2,8,0,0,5,0,0,0,0,1,1,6,6,1,24,5,-1,3,1,TESLA MODEL 3,5,E01027972,0,-1
2021430010624,2021,430010624,1,9,0,18,19,1,5,0,0,0,0,4,0,0,1,1,1,1,1,28,6,-1,3,2,TESLA MODEL 3,8,E01017670,0,-1
2021010345599,2021,010345599,1,9,0,4,4,7,3,0,0,0,0,0,0,0,4,1,3,7,2,37,7,-1,3,0,TESLA MODEL 3,10,E01003463,0,-1
2021010335868,2021,010335868,2,9,0,18,19,1,5,0,0,1,0,0,0,0,4,1,6,6,1,25,5,-1,3,0,TESLA MODEL 3,2,E01004444,0,-1
2021010328102,2021,010328102,2,9,0,9,9,7,5,0,0,7,0,0,0,0,0,1,6,6,1,43,7,-1,3,1,TESLA MODEL 3,-1,-1,0,-1
2021010318848,2021,010318848,1,9,0,2,2,0,0,0,0,0,0,8,0,0,3,1,6,6,3,-1,-1,-1,3,1,TESLA MODEL 3,-1,-1,0,-1
2021421068336,2021,421068336,2,9,0,4,4,5,1,0,0,1,0,0,0,0,2,1,6,6,1,41,7,-1,3,0,TESLA MODEL 3,9,E01021479,0,-1
2021010291851,2021,010291851,2,8,0,99,99,9,9,99,99,9,9,99,9,99,2,9,6,6,3,-1,-1,-1,3,2,TESLA MODEL 3,-1,-1,0,-1
2021010308470,2021,010308470,1,9,0,16,19,1,5,0,0,1,0,0,0,0,4,1,6,6,1,44,7,-1,3,0,TESLA MODEL 3,5,E01003773,0,-1
2021010349360,2021,010349360,2,9,0,9,9,5,2,0,0,8,0,0,0,0,1,1,6,6,1,29,6,-1,3,2,TESLA MODEL 3,2,E01030024,0,-1
2021430092008,2021,430092008,2,9,0,18,19,4,8,0,0,0,1,7,0,0,3,1,2,2,1,39,7,-1,3,1,TESLA MODEL 3,8,E01002868,0,-1
2021451031201,2021,451031201,1,9,0,1,1,6,2,0,0,0,0,0,0,0,2,1,5,6,1,36,7,-1,3,1,TESLA MODEL 3,10,E01030996,0,-1
2021411037794,2021,411037794,1,9,0,3,3,6,2,0,0,0,0,0,0,0,2,1,5,6,2,53,8,-1,3,0,TESLA MODEL 3,9,E01023442,0,-1
2021141066944,2021,141066944,1,9,0,2,2,0,0,0,0,1,0,0,0,0,3,1,6,6,1,28,6,-1,3,0,TESLA MODEL 3,6,E01007787,0,-1
2021540905021,2021,540905021,2,9,0,18,19,5,1,0,0,1,0,0,0,0,1,1,2,2,1,61,9,-1,3,2,TESLA MODEL 3,7,E01032116,0,-1
2021010296846,2021,010296846,2,9,0,7,7,3,5,0,0,6,0,0,0,0,4,1,6,6,1,65,9,-1,3,1,TESLA MODEL 3,3,E01002862,0,-1
2021991103230,2021,991103230,1,9,0,18,19,2,7,0,0,8,0,0,0,0,1,1,6,6,1,29,6,-1,3,1,TESLA MODEL 3,6,-1,0,-1
2021991092134,2021,991092134,1,9,0,18,19,7,3,0,0,0,1,0,5,7,4,1,2,2,1,47,8,-1,3,1,TESLA MODEL 3,6,-1,0,-1
2021221077481,2021,221077481,2,9,0,3,3,3,7,0,0,0,0,0,0,0,3,1,5,6,1,53,8,-1,3,2,TESLA MODEL 3,4,E01012829,0,-1
2021371124541,2021,371124541,2,9,0,4,4,4,8,0,0,0,0,0,0,0,2,1,5,6,2,36,7,-1,3,0,TESLA MODEL 3,-1,-1,0,-1
2021471057527,2021,471057527,1,9,0,17,19,4,2,0,0,0,1,10,1,0,1,1,5,6,1,36,7,-1,3,1,TESLA MODEL 3,8,E01031617,0,-1
2021221061311,2021,221061311,1,9,0,5,5,4,8,9,9,0,0,0,0,0,1,1,6,6,1,45,7,-1,3,0,TESLA MODEL 3,7,E01028951,0,-1
2021430450159,2021,430450159,1,9,0,9,9,4,3,0,0,4,0,0,0,0,3,1,2,2,2,53,8,-1,3,0,TESLA MODEL 3,10,E01027006,0,-1
2021531089305,2021,531089305,2,9,0,3,3,5,1,0,0,0,0,0,0,0,2,1,5,6,2,38,7,-1,3,2,TESLA MODEL 3,9,E01032985,0,-1
2021010348761,2021,010348761,2,9,0,7,7,1,3,0,0,2,0,4,1,0,3,1,6,6,2,54,8,-1,3,0,TESLA MODEL 3,9,E01002903,0,-1
2021531096968,2021,531096968,1,9,0,17,19,8,1,0,0,2,0,0,1,0,3,1,5,6,1,29,6,-1,3,0,TESLA MODEL 3,7,E01031887,0,-1
2021371091481,2021,371091481,1,9,0,13,13,3,7,0,0,1,1,0,1,9,3,1,5,6,1,37,7,-1,3,1,TESLA MODEL 3,7,E01029875,0,-1
2021302101046,2021,302101046,2,9,0,9,9,2,3,0,0,0,0,0,7,1,3,1,3,7,1,44,7,-1,3,0,TESLA MODEL 3,8,E01013526,0,-1
2021522201077,2021,522201077,2,9,0,3,3,1,6,0,0,0,0,0,0,0,2,1,6,6,1,45,7,-1,3,1,TESLA MODEL 3,9,E01017582,0,-1
2021010325764,2021,010325764,3,9,0,18,19,3,7,0,0,0,0,0,0,0,1,1,6,6,2,51,8,-1,3,2,TESLA MODEL 3,6,E01029877,0,-1
2021061126534,2021,061126534,3,9,0,2,2,0,0,0,0,0,0,0,0,0,1,1,6,6,3,-1,-1,-1,3,0,TESLA MODEL 3,-1,-1,0,-1
2021461055894,2021,461055894,1,9,0,11,11,1,5,0,0,0,0,0,5,6,1,1,6,6,1,44,7,-1,3,1,TESLA MODEL 3,8,E01015590,0,-1
2021430564805,2021,430564805,1,9,0,3,3,8,4,0,0,1,0,0,0,0,1,1,6,6,1,29,6,-1,3,2,TESLA MODEL 3,10,E01032727,0,-1
2021141083691,2021,141083691,2,9,0,18,19,6,2,0,0,0,0,0,0,0,3,1,2,2,1,46,8,-1,3,0,TESLA MODEL 3,9,E01019805,0,-1
2021010349345,2021,010349345,2,9,0,9,9,5,2,0,0,8,0,0,0,0,3,9,6,6,3,-1,-1,-1,3,0,TESLA MODEL 3,-1,-1,0,-1
2021122101457,2021,122101457,1,9,0,18,19,6,2,0,0,0,0,0,0,0,1,1,6,6,1,38,7,-1,3,1,TESLA MODEL 3,7,E01011873,0,-1
2021991050677,2021,991050677,4,9,0,18,19,3,6,0,0,0,0,0,0,0,1,1,6,6,2,44,7,-1,3,0,TESLA MODEL 3,9,-1,0,-1
2021440465259,2021,440465259,1,9,0,18,19,3,8,0,0,2,0,0,0,0,4,1,2,2,1,32,6,-1,3,1,TESLA MODEL 3,6,E01022668,0,-1
2021211086888,2021,211086888,1,9,0,18,19,7,3,0,0,0,0,0,0,0,1,1,6,6,2,25,5,-1,3,1,TESLA MODEL 3,7,E01010546,0,-1
2021451034474,2021,451034474,1,9,0,18,19,8,4,0,0,0,0,0,0,0,4,1,5,6,1,53,8,-1,3,1,TESLA MODEL 3,4,E01004484,0,-1
2021451093978,2021,451093978,3,9,0,18,19,5,1,0,0,0,0,0,0,0,2,1,2,2,1,37,7,-1,3,0,TESLA MODEL 3,8,E01030730,0,-1
2021461072936,2021,461072936,1,9,0,18,19,5,1,0,0,0,0,0,0,0,4,1,6,6,1,61,9,-1,3,2,TESLA MODEL 3,9,E01022076,0,-1
2021451079603,2021,451079603,1,9,0,18,19,1,5,0,0,0,0,0,0,0,1,1,5,6,1,52,8,-1,3,1,TESLA MODEL 3,9,E01030731,0,-1
2021471111149,2021,471111149,2,9,0,18,19,5,7,0,0,0,0,0,0,0,3,1,6,6,2,36,7,-1,3,1,TESLA MODEL 3,5,E01016876,0,-1
2021461046200,2021,461046200,2,9,0,18,19,3,7,0,0,0,0,0,0,0,3,1,6,6,2,46,8,-1,3,1,TESLA MODEL 3,5,E01024774,0,-1
2021221066579,2021,221066579,1,9,0,3,3,2,6,0,0,0,0,0,0,0,3,1,5,6,1,38,7,-1,3,0,TESLA MODEL 3,10,E01014067,0,-1
2021010330799,2021,010330799,1,9,0,99,99,9,9,99,99,9,9,99,9,99,1,9,6,6,3,47,8,-1,3,1,TESLA MODEL 3,5,E01004275,0,-1
2021010313641,2021,010313641,2,9,0,99,99,9,9,99,99,9,9,99,9,99,1,9,6,6,1,-1,-1,-1,3,2,TESLA MODEL 3,-1,-1,0,-1
2021501066084,2021,501066084,2,9,0,9,9,5,3,0,0,1,0,0,0,0,3,1,1,1,1,34,6,-1,3,1,TESLA MODEL 3,2,E01001745,0,-1
2021010340882,2021,010340882,3,9,0,2,2,0,0,0,0,2,0,0,1,0,1,1,6,6,3,-1,-1,-1,3,1,TESLA MODEL 3,-1,-1,0,-1
2021010325640,2021,010325640,1,9,0,9,9,6,5,0,0,5,0,0,0,0,3,1,6,6,1,39,7,-1,3,1,TESLA MODEL 3,10,E01030756,0,-1
2021451115926,2021,451115926,1,9,0,4,4,3,7,0,0,0,0,0,0,0,1,1,5,6,2,54,8,-1,3,0,TESLA MODEL 3,10,E01030779,0,-1
2021131040697,2021,131040697,3,9,0,18,19,6,2,0,0,0,0,0,0,0,2,1,6,6,1,40,7,-1,3,0,TESLA MODEL 3,-1,-1,0,-1
2021131068684,2021,131068684,3,9,0,18,19,1,5,0,0,0,0,0,0,0,4,1,6,6,2,52,8,-1,3,1,TESLA MODEL 3,6,E01027734,0,-1
2021141071380,2021,141071380,1,9,0,13,13,3,7,0,0,0,2,0,1,4,1,1,6,6,1,56,9,-1,3,2,TESLA MODEL 3,7,E01007423,0,-1
2021522106238,2021,522106238,1,9,0,7,7,5,7,0,0,5,0,0,0,0,1,1,6,6,3,-1,-1,-1,3,1,TESLA MODEL 3,-1,-1,0,-1
2021520200975,2021,520200975,2,9,0,11,11,2,6,0,0,0,0,0,0,0,4,1,6,6,1,46,8,-1,3,0,TESLA MODEL 3,6,E01020490,0,-1
2021461125739,2021,461125739,1,9,0,5,5,1,5,0,0,2,0,0,0,0,1,1,6,6,1,46,8,-1,3,1,TESLA MODEL 3,10,E01024404,0,-1
2021010315555,2021,010315555,5,9,0,3,3,3,7,0,0,1,0,0,0,0,3,1,6,6,1,58,9,-1,3,1,TESLA MODEL 3,4,E01001261,0,-1
2021041098212,2021,041098212,1,9,0,9,9,1,7,0,0,0,0,0,0,0,0,1,6,6,3,-1,-1,-1,3,1,TESLA MODEL 3,-1,-1,0,-1
2021440498768,2021,440498768,2,9,0,13,13,5,2,0,0,0,0,0,0,0,0,1,6,6,1,-1,-1,-1,3,0,TESLA MODEL 3,-1,-1,0,-1
2021010293914,2021,010293914,2,9,0,18,19,5,1,0,0,8,0,0,0,0,3,1,1,1,1,41,7,-1,3,2,TESLA MODEL 3,3,E01003841,0,-1
2021070561869,2021,070561869,1,9,0,5,5,1,3,0,0,1,0,0,0,0,1,1,2,2,2,38,7,-1,3,2,TESLA MODEL 3,6,E01012509,0,-1
2021351053376,2021,351053376,2,9,0,6,6,7,3,0,0,0,0,0,0,0,3,1,2,2,1,39,7,-1,3,0,TESLA MODEL 3,10,E01018155,0,-1
2021010312403,2021,010312403,1,9,0,9,9,7,5,0,0,1,9,0,0,99,4,9,6,6,1,-1,-1,-1,3,2,TESLA MODEL 3,3,E01031261,0,-1
2021170M10131,2021,170M10131,1,9,0,9,9,8,6,0,0,8,0,0,0,0,1,1,2,2,2,41,7,-1,3,1,TESLA MODEL 3,1,E01032542,0,-1
2021221033675,2021,221033675,2,9,0,4,4,5,2,0,0,8,0,0,0,0,2,1,2,2,1,27,6,-1,3,2,TESLA MODEL 3,8,E01032233,0,-1
2021302100174,2021,302100174,1,9,0,17,19,8,6,0,0,1,5,0,1,11,1,1,6,6,1,26,6,-1,3,1,TESLA MODEL 3,9,E01018669,0,-1
2021101029627,2021,101029627,2,9,0,18,19,2,6,0,0,4,0,0,0,0,2,1,6,6,1,51,8,-1,3,1,TESLA MODEL 3,7,E01027452,0,-1
2021471050871,2021,471050871,2,9,0,4,4,2,6,0,0,0,0,0,0,0,2,1,5,6,1,36,7,-1,3,0,TESLA MODEL 3,10,E01030581,0,-1
2021451111274,2021,451111274,1,9,0,17,19,5,1,0,0,0,0,10,1,4,1,1,5,6,1,34,6,-1,3,1,TESLA MODEL 3,8,E01030485,0,-1
2021401064532,2021,401064532,2,9,0,4,4,8,3,0,0,0,0,0,0,0,1,1,5,6,2,56,9,-1,3,0,TESLA MODEL 3,8,E01023660,0,-1
2021131100335,2021,131100335,1,9,0,4,4,3,7,0,0,0,0,0,0,0,2,1,6,6,2,35,6,-1,3,1,TESLA MODEL 3,6,E01029877,0,-1
2021141062079,2021,141062079,2,9,0,18,19,7,3,0,0,8,0,0,0,0,1,1,2,2,1,30,6,-1,3,2,TESLA MODEL 3,8,E01028047,0,-1
2021201114047,2021,201114047,1,9,0,18,19,2,6,0,0,0,1,0,0,0,1,1,6,6,3,30,6,-1,3,0,TESLA MODEL 3,-1,-1,0,-1
2021401111577,2021,401111577,1,9,0,18,19,1,7,0,0,0,0,0,0,0,1,1,3,7,2,38,7,-1,3,2,TESLA MODEL 3,8,E01017376,0,-1
2021221107634,2021,221107634,2,9,0,4,4,4,6,0,0,8,0,0,0,0,2,1,5,6,1,32,6,-1,3,1,TESLA MODEL 3,7,E01028976,0,-1
2021302100361,2021,302100361,2,9,0,3,3,7,4,0,0,1,0,0,0,0,2,1,6,6,1,49,8,-1,3,1,TESLA MODEL 3,10,E01007915,0,-1
2021041084509,2021,041084509,2,9,0,2,2,0,0,0,0,2,0,0,0,0,1,1,6,6,3,-1,-1,-1,3,0,TESLA MODEL 3,-1,-1,0,-1
202131C000321,2021,31C000321,2,9,0,4,4,1,5,0,0,0,0,0,0,0,2,1,6,6,1,32,6,-1,3,2,TESLA MODEL 3,1,E01013954,0,-1
2021548592421,2021,548592421,2,9,0,8,8,3,5,0,0,1,0,0,2,11,2,1,6,6,2,45,7,-1,3,2,TESLA MODEL 3,8,E01028737,0,-1
202134NNC2521,2021,34NNC2521,3,9,0,2,2,0,0,0,0,2,0,0,0,0,3,1,6,6,1,46,8,-1,3,0,TESLA MODEL 3,9,E01027120,0,-1
2021010332820,2021,010332820,2,9,0,99,99,9,9,99,99,9,9,99,9,99,9,9,6,6,2,-1,-1,-1,3,2,TESLA MODEL 3,5,E01003359,0,-1
202134NNC2851,2021,34NNC2851,2,9,0,15,15,5,1,0,0,0,0,0,0,0,4,1,2,2,2,34,6,-1,3,1,TESLA MODEL 3,8,E01027344,0,-1
2021010325889,2021,010325889,3,9,0,2,2,0,0,0,0,0,0,0,0,0,2,1,6,6,3,-1,-1,-1,3,1,TESLA MODEL 3,-1,-1,0,-1
2021201116655,2021,201116655,2,9,0,3,3,-1,-1,0,0,1,0,0,0,0,2,1,6,6,1,42,7,-1,3,0,TESLA MODEL 3,9,E01028059,0,-1
2021552100645,2021,552100645,2,9,0,18,19,4,8,0,0,0,0,0,7,0,1,1,6,6,2,37,7,-1,3,2,TESLA MODEL 3,10,E01031754,0,-1
2021101069062,2021,101069062,1,9,0,12,12,1,5,0,0,1,1,0,0,0,1,1,5,6,1,52,8,1794,1,19,TOYOTA MR2,6,-1,0,-1
2021522104290,2021,522104290,2,9,0,18,19,7,3,0,0,0,0,0,0,0,1,1,6,6,3,-1,-1,1998,1,31,TOYOTA MR2,-1,-1,0,-1
2021211035249,2021,211035249,1,9,0,7,7,2,4,0,0,6,0,0,0,0,4,1,2,2,2,35,6,1990,1,28,TOYOTA MR2,6,E01029869,0,-1
2021430528819,2021,430528819,1,9,0,9,9,8,4,0,0,8,0,0,0,0,4,1,2,2,1,-1,-1,1794,1,16,TOYOTA MR2,-1,-1,0,-1
2021141076202,2021,141076202,1,9,0,16,19,2,6,9,9,0,1,0,1,2,1,1,2,2,1,19,4,1998,1,29,TOYOTA MR2,1,E01033277,0,-1
2021061072904,2021,061072904,2,9,0,18,19,3,7,0,0,1,0,0,0,0,1,1,5,6,3,30,6,1998,1,29,TOYOTA MR2,-1,-1,0,-1
2021351085782,2021,351085782,1,9,0,18,19,1,5,0,0,0,5,11,7,9,3,1,6,6,1,23,5,1794,1,19,TOYOTA MR2,5,E01015651,0,-1
2021061080977,2021,061080977,2,9,0,18,19,1,1,0,0,1,1,7,7,0,1,1,6,6,1,21,5,1998,1,29,TOYOTA MR2,4,E01005888,0,-1
2021010310170,2021,010310170,1,9,0,99,99,9,9,99,99,0,9,99,9,99,9,9,6,6,2,40,7,1794,1,20,TOYOTA MR2,3,E01001762,0,-1
2021141119509,2021,141119509,1,9,0,18,19,8,4,9,9,0,2,7,1,10,1,1,6,6,1,31,6,1794,1,21,TOYOTA MR2,5,E01007978,0,-1
2021041084157,2021,041084157,1,9,0,5,5,2,1,0,0,0,0,0,0,0,3,1,5,6,1,83,11,1794,1,17,TOYOTA MR2,8,E01005016,0,-1
2021231102234,2021,231102234,1,9,0,13,13,5,1,0,0,0,1,0,1,2,1,1,5,6,1,21,5,1998,1,27,TOYOTA MR2,4,E01031052,0,-1
2021471046227,2021,471046227,2,9,0,18,19,8,4,0,0,0,0,0,0,0,1,1,5,6,1,36,7,1794,1,20,TOYOTA MR2,9,E01031475,0,-1
2021221081007,2021,221081007,1,9,0,9,9,7,5,0,0,2,0,0,0,0,0,1,5,6,1,33,6,1998,1,23,TOYOTA MR2,5,E01032404,0,-1
2021010306402,2021,010306402,2,4,0,5,5,1,5,0,0,0,5,0,0,0,3,1,6,6,1,26,6,321,1,0,-1,6,E01000238,0,-1
2021010299815,2021,010299815,1,4,0,99,99,9,9,99,99,9,9,99,9,99,9,1,6,6,1,39,7,292,1,2,-1,2,E01003604,0,-1
2021010349873,2021,010349873,1,4,9,99,99,9,9,99,99,9,9,99,9,99,9,1,6,6,1,21,5,300,1,4,-1,7,E01023901,0,-1
2021451115653,2021,451115653,1,4,0,17,19,1,7,0,0,0,0,0,0,0,3,1,5,6,1,34,6,292,1,0,-1,6,E01030653,0,-1
2021461030533,2021,461030533,2,5,0,18,19,1,5,0,0,0,1,0,0,0,2,1,6,6,1,-1,-1,892,1,23,-1,6,E01024836,0,-1
2021041064358,2021,041064358,1,5,0,13,13,1,5,0,0,0,0,0,7,11,1,1,5,6,1,49,8,600,1,16,-1,5,E01025555,0,-1
2021451097751,2021,451097751,1,5,0,18,19,7,3,0,0,0,1,12,0,0,1,1,5,6,1,40,7,599,1,14,-1,8,E01032571,0,-1
2021141096765,2021,141096765,2,5,0,13,13,8,4,0,0,0,2,0,0,0,1,1,5,6,1,41,7,599,1,12,-1,2,E01007968,0,-1
2021461093436,2021,461093436,1,4,0,15,15,3,7,0,0,0,1,0,0,0,3,1,6,6,1,51,8,599,1,13,-1,3,E01016022,0,-1
2021411085253,2021,411085253,1,5,0,18,19,7,3,0,0,8,5,0,0,0,1,1,6,6,1,53,8,599,1,18,-1,5,E01023392,0,-1
2021131099362,2021,131099362,2,9,0,2,2,0,0,0,0,0,0,0,0,0,3,1,6,6,3,-1,-1,1796,1,10,CHEVROLET CRUZE,-1,-1,0,-1
2021010343238,2021,010343238,1,9,0,99,99,9,9,99,99,9,9,99,9,99,3,9,2,2,1,35,6,1598,1,10,CHEVROLET CRUZE,2,E01032580,0,-1
2021440291182,2021,440291182,2,9,0,18,19,5,1,9,9,8,0,0,0,0,1,1,6,6,2,71,10,1796,1,10,CHEVROLET CRUZE,9,E01022837,0,-1
2021471076976,2021,471076976,1,9,0,9,9,8,6,0,0,8,0,0,0,0,0,1,5,6,1,50,8,1796,1,10,CHEVROLET CRUZE,1,E01020992,0,-1
2021010324946,2021,010324946,1,9,0,18,19,5,1,0,0,0,0,0,0,0,1,1,6,6,2,36,7,1998,2,8,CHEVROLET CRUZE,5,E01024198,0,-1
2021010329420,2021,010329420,2,9,0,3,3,7,3,0,0,1,0,0,0,0,3,1,6,6,1,38,7,1598,1,11,CHEVROLET CRUZE,2,E01002830,0,-1
2021010305746,2021,010305746,2,9,0,99,99,9,9,99,99,0,9,99,9,99,1,9,6,6,3,36,7,1796,1,12,CHEVROLET CRUZE,6,E01030610,0,-1
2021302100171,2021,302100171,2,9,0,18,19,8,4,0,0,1,0,0,0,0,1,1,6,6,1,43,7,1796,1,9,CHEVROLET CRUZE,3,E01019496,0,-1
2021010306584,2021,010306584,1,9,0,9,9,1,7,0,0,6,0,0,0,0,3,1,6,6,2,67,10,1796,1,10,CHEVROLET CRUZE,6,E01004077,0,-1
2021010313435,2021,010313435,1,9,0,2,2,0,0,0,0,0,0,0,0,0,3,2,6,6,3,-1,-1,1796,1,11,CHEVROLET CRUZE,-1,-1,0,-1
2021421057659,2021,421057659,1,9,0,16,19,1,5,0,0,4,0,0,1,0,2,1,6,6,1,62,9,1796,1,9,CHEVROLET CRUZE,-1,-1,0,-1
2021041014961,2021,041014961,2,9,0,4,4,5,1,0,0,0,0,0,0,0,2,1,5,6,2,59,9,1598,1,7,CHEVROLET CRUZE,10,E01027639,0,-1
2021471102360,2021,471102360,2,9,0,18,19,6,2,0,0,0,0,0,0,0,3,1,5,6,1,56,9,1598,1,10,CHEVROLET CRUZE,4,E01031657,0,-1