collision_index,collision_year,collision_ref_no,vehicle_reference,vehicle_type,towing_and_articulation,vehicle_manoeuvre_historic,vehicle_manoeuvre,vehicle_direction_from,vehicle_direction_to,vehicle_location_restricted_lane_historic,vehicle_location_restricted_lane,junction_location,skidding_and_overturning,hit_object_in_carriageway,vehicle_leaving_carriageway,hit_object_off_carriageway,first_point_of_impact,vehicle_left_hand_drive,journey_purpose_of_driver_historic,journey_purpose_of_driver,sex_of_driver,age_of_driver,age_band_of_driver,engine_capacity_cc,propulsion_code,age_of_vehicle,generic_make_model,driver_imd_decile,lsoa_of_driver,escooter_flag,driver_distance_banding
2021010350871,2021,010350871,1,5,0,13,13,1,5,0,0,8,0,0,0,0,4,1,2,2,1,36,7,745,1,2,HONDA NC750,6,E01031579,0,-1
2021351090074,2021,351090074,2,5,0,13,13,1,5,0,0,8,0,0,0,0,1,1,1,1,1,35,6,745,1,4,HONDA NC750,2,E01015596,0,-1
2021101031871,2021,101031871,2,5,0,18,19,4,8,0,0,8,0,0,0,0,1,1,2,2,1,26,6,745,1,6,HONDA NC750,2,E01008334,0,-1
2021010294446,2021,010294446,1,5,0,99,99,9,9,99,99,9,9,99,9,99,2,1,2,2,1,48,8,745,1,2,HONDA NC750,9,E01031672,0,-1
2021041029883,2021,041029883,2,4,0,17,19,5,1,0,0,0,0,0,0,0,1,1,6,6,1,24,5,498,1,23,-1,-1,-1,0,-1
2021041050541,2021,041050541,1,3,0,4,4,6,2,0,0,1,5,0,0,0,1,1,1,1,2,31,6,125,1,5,-1,4,E01004776,0,-1
2021401121041,2021,401121041,1,3,0,18,19,3,7,0,0,1,0,0,0,0,1,1,5,6,1,42,7,125,1,6,-1,9,E01023612,0,-1
2021041048155,2021,041048155,1,3,0,18,19,7,3,0,0,2,0,7,0,0,1,1,6,6,1,35,6,125,1,6,-1,1,E01025606,0,-1
2021010301725,2021,010301725,1,3,0,13,13,7,3,0,0,1,0,0,0,0,4,1,2,2,1,24,5,125,1,5,-1,4,E01002593,0,-1
2021440307103,2021,440307103,1,3,0,18,19,3,7,0,0,4,0,0,0,0,1,1,6,6,1,18,4,125,1,5,-1,8,E01023090,0,-1
2021201084158,2021,201084158,1,3,0,18,19,8,4,0,0,0,0,0,0,0,1,1,6,6,1,24,5,125,1,6,-1,1,E01009047,0,-1
202106Q079604,2021,06Q079604,2,9,0,4,4,5,1,0,0,8,0,0,0,0,4,1,6,6,2,43,7,2231,2,14,-1,3,E01005378,0,-1
2021221020545,2021,221020545,1,9,0,18,19,1,5,0,0,8,0,0,0,0,4,1,5,6,1,28,6,2231,2,15,-1,3,E01014141,0,-1
2021520103568,2021,520103568,2,9,0,18,19,2,6,0,0,0,0,0,0,0,4,1,6,6,3,-1,-1,2231,2,14,-1,-1,-1,0,-1
2021320377208,2021,320377208,1,9,0,18,19,3,7,4,4,6,0,0,0,0,4,1,6,6,1,30,6,2231,2,15,-1,7,E01026333,0,-1
2021010318522,2021,010318522,1,9,0,16,19,1,3,0,0,1,0,0,0,0,1,2,6,6,1,51,8,2231,2,15,-1,4,E01003626,0,-1
2021211055169,2021,211055169,1,9,0,18,19,2,6,0,0,3,0,0,1,1,4,1,6,6,1,38,7,1991,1,0,MERCEDES AMG CLASS,1,E01009892,0,-1
2021401031613,2021,401031613,1,9,0,18,19,5,1,0,0,2,0,0,0,0,0,1,1,1,1,30,6,1991,1,1,MERCEDES AMG CLASS,10,E01017528,0,-1
2021061087287,2021,061087287,2,9,0,18,19,5,1,0,0,1,0,0,0,0,4,1,5,6,1,29,6,3982,1,3,MERCEDES AMG CLASS,2,E01005238,0,-1
2021471043321,2021,471043321,1,9,0,18,19,6,2,0,0,0,2,0,1,3,4,1,5,6,1,35,6,5461,1,4,MERCEDES AMG CLASS,4,E01004484,0,-1
2021451017956,2021,451017956,1,9,0,18,19,1,5,0,0,0,0,0,1,7,1,1,5,6,1,51,8,3982,1,5,MERCEDES AMG CLASS,10,E01030349,0,-1
2021131065913,2021,131065913,6,9,0,2,2,0,0,9,9,0,0,0,0,0,1,1,6,6,3,-1,-1,1991,1,1,MERCEDES AMG CLASS,-1,-1,0,-1
2021131065913,2021,131065913,7,9,0,2,2,0,0,9,9,0,0,0,0,0,1,1,6,6,3,-1,-1,1991,1,0,MERCEDES AMG CLASS,-1,-1,0,-1
2021010316319,2021,010316319,1,9,0,4,4,5,1,0,0,1,0,0,0,0,1,1,2,2,1,52,8,3982,1,4,MERCEDES AMG CLASS,8,E01002575,0,-1
2021421120111,2021,421120111,1,9,0,18,19,7,3,0,0,0,2,0,1,0,1,1,6,6,1,29,6,3982,1,5,MERCEDES AMG CLASS,2,E01022046,0,-1
2021461099577,2021,461099577,1,9,0,18,19,5,1,9,9,1,0,0,0,0,3,1,3,7,2,38,7,3982,8,0,MERCEDES AMG CLASS,8,E01024721,0,-1
2021010296128,2021,010296128,1,9,0,17,19,5,3,0,0,1,1,10,0,0,1,1,6,6,1,31,6,1991,1,2,MERCEDES AMG CLASS,6,E01004588,0,-1
2021061029451,2021,061029451,1,9,0,5,5,5,1,0,0,1,1,0,0,0,1,1,5,6,1,36,7,3982,1,2,MERCEDES AMG CLASS,4,E01005710,0,-1
2021411119200,2021,411119200,1,9,0,18,19,7,3,0,0,8,0,0,0,0,4,1,6,6,2,53,8,2996,1,4,MERCEDES AMG CLASS,10,E01023725,0,-1
2021421099353,2021,421099353,1,9,0,17,19,1,5,0,0,0,1,0,1,4,1,1,6,6,1,28,6,2996,1,3,MERCEDES AMG CLASS,7,E01000123,0,-1
202134WNC0341,2021,34WNC0341,1,9,0,18,19,2,6,0,0,8,0,0,0,0,1,1,6,6,1,44,7,1991,1,2,MERCEDES AMG CLASS,8,E01027193,0,-1
2021070483475,2021,070483475,2,9,0,9,9,5,1,0,0,3,0,0,0,0,1,1,6,6,1,23,5,1991,1,2,MERCEDES AMG CLASS,9,E01012375,0,-1
2021440314873,2021,440314873,2,9,0,18,19,6,2,0,0,8,1,0,1,1,1,1,6,6,2,50,8,3982,1,3,MERCEDES AMG CLASS,-1,-1,0,-1
2021421084035,2021,421084035,1,9,0,18,19,8,1,9,9,0,1,4,7,11,1,1,6,6,3,35,6,3982,1,1,MERCEDES AMG CLASS,-1,-1,0,-1
2021421115295,2021,421115295,1,9,0,4,4,1,5,0,0,0,0,0,0,0,1,1,6,6,1,33,6,1991,1,0,MERCEDES AMG CLASS,9,E01021661,0,-1
2021440303540,2021,440303540,2,9,0,5,5,7,3,0,0,6,0,0,0,0,0,1,6,6,1,43,7,2999,8,1,MERCEDES AMG CLASS,10,E01024341,0,-1
2021010289771,2021,010289771,1,9,0,18,19,3,7,0,0,0,1,4,0,0,1,1,6,6,1,30,6,3982,1,3,MERCEDES AMG CLASS,6,E01023554,0,-1
2021010349252,2021,010349252,1,9,0,99,99,9,9,99,99,9,9,99,9,99,2,9,6,6,3,19,4,3982,1,1,MERCEDES AMG CLASS,8,E01004690,0,-1
2021471104164,2021,471104164,3,9,0,4,4,4,7,0,0,0,0,0,0,0,2,1,6,6,1,-1,-1,3982,1,0,MERCEDES AMG CLASS,-1,-1,0,-1
2021471047766,2021,471047766,1,9,0,6,6,2,5,0,0,0,0,0,7,0,4,1,6,6,1,27,6,1991,1,3,MERCEDES AMG CLASS,-1,-1,0,-1
2021440056630,2021,440056630,1,9,0,18,19,1,5,0,0,0,2,0,1,10,3,1,2,2,1,56,9,2996,1,4,MERCEDES AMG CLASS,10,E01022578,0,-1
2021141023450,2021,141023450,2,9,0,7,7,5,6,0,0,1,0,0,0,0,1,1,6,6,1,26,6,1991,1,2,MERCEDES AMG CLASS,6,E01007347,0,-1
2021010346963,2021,010346963,1,9,0,18,19,1,5,0,0,1,0,0,0,0,3,1,3,7,2,71,10,2996,1,2,MERCEDES AMG CLASS,2,E01000509,0,-1
2021471111605,2021,471111605,2,9,0,18,19,3,7,0,0,0,0,0,0,0,2,1,5,6,1,59,9,2996,1,2,MERCEDES AMG CLASS,3,E01031350,0,-1
2021010306052,2021,010306052,2,9,0,5,5,3,7,0,0,8,0,0,0,0,2,1,6,6,1,46,8,2996,1,0,MERCEDES AMG CLASS,4,E01002762,0,-1
2021361058032,2021,361058032,4,9,0,3,3,7,3,0,0,0,0,0,0,0,2,1,5,6,1,38,7,3982,1,3,MERCEDES AMG CLASS,6,E01029951,0,-1
2021052100918,2021,052100918,1,9,0,18,19,7,3,0,0,8,0,0,0,0,1,1,1,1,1,30,6,3982,1,2,MERCEDES AMG CLASS,10,E01030691,0,-1
2021211086465,2021,211086465,2,9,0,2,2,0,0,0,0,0,0,0,0,0,4,1,6,6,1,50,8,1991,1,1,MERCEDES AMG CLASS,-1,-1,0,-1
2021010291730,2021,010291730,1,9,0,18,19,3,7,0,0,8,0,0,0,0,1,1,6,6,1,76,11,5461,1,5,MERCEDES AMG CLASS,2,E01002840,0,-1
2021991126715,2021,991126715,1,9,0,16,19,1,4,0,0,0,0,0,0,0,1,1,5,6,1,65,9,3982,1,3,MERCEDES AMG CLASS,8,-1,0,-1
2021461018766,2021,461018766,1,9,0,18,19,3,7,0,0,0,0,0,0,0,2,1,5,6,1,40,7,3982,1,1,MERCEDES AMG CLASS,7,E01024380,0,-1
2021061070353,2021,061070353,2,9,0,18,19,5,1,0,0,0,0,0,0,0,3,1,6,6,1,17,4,1991,1,2,MERCEDES AMG CLASS,6,E01005647,0,-1
2021010303953,2021,010303953,1,9,0,5,5,1,5,0,0,8,0,0,0,0,1,1,6,6,3,-1,-1,1991,1,4,MERCEDES AMG CLASS,-1,-1,0,-1
2021061093659,2021,061093659,1,9,0,16,19,5,1,0,0,0,0,0,0,0,1,1,5,6,1,36,7,2996,1,2,MERCEDES AMG CLASS,7,E01006055,0,-1
2021141031083,2021,141031083,1,9,0,12,12,5,1,0,0,0,0,0,0,0,3,1,5,6,1,36,7,3982,1,2,MERCEDES AMG CLASS,1,E01009510,0,-1
2021010352208,2021,010352208,3,9,0,2,2,0,0,0,0,1,0,4,0,0,1,1,6,6,3,-1,-1,3982,1,0,MERCEDES AMG CLASS,-1,-1,0,-1
2021421077943,2021,421077943,1,9,0,18,19,3,6,0,0,0,0,0,0,0,1,1,5,6,1,24,5,1991,1,1,MERCEDES AMG CLASS,4,E01021295,0,-1
2021201074329,2021,201074329,2,9,0,18,19,5,1,0,0,8,0,7,0,0,3,1,6,6,1,-1,-1,1991,1,2,MERCEDES AMG CLASS,-1,-1,0,-1
2021010298411,2021,010298411,1,9,0,13,13,1,5,0,0,2,0,0,0,0,1,1,6,6,1,22,5,1991,1,1,MERCEDES AMG CLASS,3,E01002185,0,-1
2021440461781,2021,440461781,1,9,0,7,7,1,7,0,0,5,0,0,0,0,1,1,6,6,2,45,7,3982,1,2,MERCEDES AMG CLASS,4,E01017217,0,-1
2021461124907,2021,461124907,1,9,0,18,19,3,7,0,0,0,0,11,1,2,1,1,6,6,1,34,6,3982,1,3,MERCEDES AMG CLASS,7,E01032737,0,-1
2021010348092,2021,010348092,1,9,0,99,99,9,9,99,99,0,9,99,9,99,1,9,6,6,2,47,8,2996,1,2,MERCEDES AMG CLASS,10,E01002188,0,-1
2021010333106,2021,010333106,4,9,0,18,19,1,5,0,0,0,0,0,0,0,0,1,6,6,1,47,8,2999,8,0,MERCEDES AMG CLASS,9,E01002516,0,-1
2021010301000,2021,010301000,2,9,0,4,4,1,5,0,0,0,0,0,0,0,2,1,6,6,1,40,7,3982,1,5,MERCEDES AMG CLASS,4,E01001015,0,-1
2021131065913,2021,131065913,4,9,0,2,2,0,0,9,9,0,0,0,0,0,1,1,6,6,3,-1,-1,3982,1,0,MERCEDES AMG CLASS,-1,-1,0,-1
2021461022984,2021,461022984,2,9,0,18,19,6,2,0,0,0,0,0,0,0,1,1,6,6,1,36,7,5461,1,7,MERCEDES AMG CLASS,2,E01024019,0,-1
2021451011351,2021,451011351,2,9,0,4,4,3,7,0,0,1,0,0,0,0,2,1,6,6,1,57,9,2996,1,3,MERCEDES AMG CLASS,10,E01030969,0,-1
2021351108818,2021,351108818,2,9,0,2,2,0,0,0,0,2,0,0,0,0,2,1,6,6,3,-1,-1,2996,1,3,MERCEDES AMG CLASS,-1,-1,0,-1
2021010338850,2021,010338850,1,9,0,99,99,9,9,99,99,9,9,99,9,99,3,9,6,6,2,43,7,3982,1,4,MERCEDES AMG CLASS,4,E01003757,0,-1
2021201065744,2021,201065744,1,9,0,18,19,4,8,0,0,1,0,0,0,0,3,1,6,6,3,-1,-1,3982,1,5,MERCEDES AMG CLASS,-1,-1,0,-1
20211381M0600,2021,1381M0600,2,9,0,18,19,7,3,0,0,0,0,0,0,0,4,1,6,6,2,53,8,2996,1,4,MERCEDES AMG CLASS,6,E01006048,0,-1
2021010343734,2021,010343734,2,9,0,13,13,3,7,0,0,8,0,0,0,0,4,1,6,6,1,42,7,3982,1,3,MERCEDES AMG CLASS,5,E01017899,0,-1
2021201064589,2021,201064589,1,9,0,16,19,6,2,0,0,2,0,0,0,0,1,1,6,6,1,30,6,1991,1,2,MERCEDES AMG CLASS,1,E01009988,0,-1
2021010337678,2021,010337678,1,9,0,18,19,1,5,0,0,8,0,0,0,0,1,1,6,6,1,23,5,3982,1,2,MERCEDES AMG CLASS,1,E01004670,0,-1
2021010305606,2021,010305606,1,9,0,5,5,5,1,0,0,8,0,0,0,0,4,1,2,2,1,51,8,2999,8,2,MERCEDES AMG CLASS,9,E01004191,0,-1
2021010335154,2021,010335154,1,9,0,4,4,3,7,0,0,2,0,0,0,0,1,9,6,6,1,41,7,1991,1,1,MERCEDES AMG CLASS,8,E01016823,0,-1
2021471093981,2021,471093981,1,9,0,18,19,5,1,0,0,1,0,0,0,0,1,1,6,6,2,21,5,3982,1,3,MERCEDES AMG CLASS,3,E01021102,0,-1
2021451042814,2021,451042814,1,9,0,7,7,1,5,0,0,0,0,0,0,0,4,1,5,6,2,30,6,2996,1,3,MERCEDES AMG CLASS,9,E01030704,0,-1
2021010334002,2021,010334002,2,9,0,99,99,9,9,99,99,9,9,99,9,99,2,9,6,6,3,-1,-1,3982,1,4,MERCEDES AMG CLASS,-1,-1,0,-1
2021010289320,2021,010289320,1,9,0,9,9,7,5,0,0,5,0,0,0,0,4,1,6,6,1,25,5,3982,1,6,MERCEDES AMG CLASS,3,E01000333,0,-1
2021461053229,2021,461053229,2,9,0,2,2,0,0,0,0,0,0,0,0,0,3,1,6,6,1,39,7,1991,1,2,MERCEDES AMG CLASS,3,E01016150,0,-1
2021141024062,2021,141024062,2,9,0,2,2,0,0,0,0,1,0,0,0,0,3,1,6,6,3,-1,-1,1991,1,6,MERCEDES AMG CLASS,-1,-1,0,-1
2021141056993,2021,141056993,1,9,0,18,19,5,1,0,0,0,0,0,0,0,1,1,5,6,2,68,10,2996,1,5,MERCEDES AMG CLASS,10,E01007927,0,-1
2021320657526,2021,320657526,1,9,0,18,19,1,5,0,0,0,0,0,4,6,1,1,2,2,1,54,8,3982,1,5,MERCEDES AMG CLASS,7,E01030217,0,-1
2021010317482,2021,010317482,2,9,0,2,2,0,0,9,9,1,0,0,0,0,0,1,6,6,3,-1,-1,5461,1,5,MERCEDES AMG CLASS,-1,-1,0,-1
2021101012881,2021,101012881,5,9,0,18,19,4,8,0,0,0,1,0,1,0,1,1,5,6,1,23,5,1991,1,2,MERCEDES AMG CLASS,10,E01027401,0,-1
2021991113910,2021,991113910,1,9,0,18,19,4,8,0,0,0,0,0,0,0,1,1,5,6,1,24,5,1991,1,6,MERCEDES AMG CLASS,8,-1,0,-1
2021010329362,2021,010329362,1,9,0,99,99,0,0,99,99,9,9,99,9,99,2,9,6,6,1,31,6,5461,1,6,MERCEDES AMG CLASS,2,E01004237,0,-1
2021461113522,2021,461113522,1,9,0,9,9,1,5,0,0,1,0,0,0,0,3,1,6,6,1,68,10,1991,1,0,MERCEDES AMG CLASS,10,E01024046,0,-1
2021411038457,2021,411038457,2,9,0,5,5,5,1,0,0,1,0,0,0,0,4,1,1,1,1,50,8,2999,1,3,MERCEDES AMG CLASS,6,E01001451,0,-1
2021131065913,2021,131065913,5,9,0,2,2,0,0,9,9,0,0,0,0,0,2,1,6,6,3,-1,-1,1991,1,0,MERCEDES AMG CLASS,-1,-1,0,-1
2021141088678,2021,141088678,1,9,0,5,5,1,7,0,0,0,0,0,0,0,1,1,5,6,1,62,9,1991,1,2,MERCEDES AMG CLASS,1,E01007370,0,-1
2021061088301,2021,061088301,2,9,0,18,19,2,6,0,0,1,0,0,0,0,1,1,5,6,3,30,6,2996,1,3,MERCEDES AMG CLASS,1,E01005287,0,-1
2021010351414,2021,010351414,1,9,0,99,99,9,9,99,99,9,9,99,9,99,4,9,2,2,1,23,5,2996,1,2,MERCEDES AMG CLASS,9,E01002516,0,-1
2021010324850,2021,010324850,2,9,0,1,1,7,3,0,0,8,0,0,0,0,2,9,6,6,3,-1,-1,3982,1,2,MERCEDES AMG CLASS,-1,-1,0,-1
2021411095511,2021,411095511,1,9,0,18,19,5,1,0,0,4,1,9,3,11,1,1,5,6,1,30,6,3982,1,4,MERCEDES AMG CLASS,2,E01015754,0,-1
2021010290662,2021,010290662,1,9,0,18,19,1,5,0,0,2,0,0,0,0,0,1,2,2,2,31,6,1991,1,2,MERCEDES AMG CLASS,6,E01000844,0,-1
2021440508324,2021,440508324,1,9,0,18,19,6,2,0,0,0,0,0,0,0,1,1,6,6,1,30,6,3982,1,5,MERCEDES AMG CLASS,4,E01017217,0,-1
2021010306105,2021,010306105,2,9,0,18,19,4,8,0,0,1,1,0,1,11,3,1,6,6,1,20,4,3982,1,4,MERCEDES AMG CLASS,-1,-1,0,-1
202134WNC4091,2021,34WNC4091,2,9,0,18,19,7,3,0,0,1,0,0,0,0,1,1,6,6,1,26,6,1991,1,1,MERCEDES AMG CLASS,4,E01032980,0,-1
2021451040836,2021,451040836,1,9,0,9,9,7,3,1,1,6,0,0,0,0,1,1,3,7,2,39,7,3982,1,2,MERCEDES AMG CLASS,8,E01030440,0,-1
2021010328838,2021,010328838,1,9,0,18,19,5,1,0,0,1,0,0,0,0,1,1,3,7,2,36,7,1991,1,1,MERCEDES AMG CLASS,6,E01002747,0,-1
2021010350105,2021,010350105,1,9,0,18,19,7,3,1,1,1,0,0,0,0,4,1,6,6,2,22,5,1991,1,0,MERCEDES AMG CLASS,5,E01003772,0,-1
2021411109950,2021,411109950,1,9,0,16,19,4,6,0,0,8,0,0,0,0,1,1,2,2,1,29,6,1991,1,2,MERCEDES AMG CLASS,1,E01001517,0,-1
2021461053247,2021,461053247,2,9,0,3,3,1,5,0,0,0,0,0,0,0,2,1,6,6,1,48,8,2996,1,2,MERCEDES AMG CLASS,5,E01024692,0,-1
2021201028270,2021,201028270,1,9,0,18,19,4,8,0,0,0,1,7,0,0,1,1,6,6,2,24,5,3982,1,6,MERCEDES AMG CLASS,1,E01013619,0,-1
2021031021593,2021,031021593,2,9,0,18,19,5,1,0,0,1,0,0,0,0,4,1,5,6,2,50,8,3982,1,3,MERCEDES AMG CLASS,1,E01019280,0,-1
2021401056433,2021,401056433,2,9,0,18,19,8,4,0,0,4,0,0,0,0,1,1,6,6,1,34,6,3982,1,5,MERCEDES AMG CLASS,9,E01016575,0,-1
2021461025283,2021,461025283,2,9,0,18,19,1,5,0,0,0,0,0,0,0,1,1,6,6,1,26,6,1991,1,2,MERCEDES AMG CLASS,9,E01024107,0,-1
2021041057346,2021,041057346,1,9,0,18,19,2,6,0,0,1,0,0,0,0,3,1,5,6,1,30,6,1991,1,6,MERCEDES AMG CLASS,2,E01012605,0,-1
2021430144571,2021,430144571,1,9,0,18,19,1,7,0,0,1,0,0,0,0,1,1,6,6,1,65,9,2999,8,2,MERCEDES AMG CLASS,-1,-1,0,-1
2021041038203,2021,041038203,1,9,0,5,5,5,3,0,0,8,0,0,0,0,1,1,5,6,1,67,10,1991,1,2,MERCEDES AMG CLASS,10,E01024965,0,-1
2021461058269,2021,461058269,1,9,0,18,19,4,8,0,0,0,0,0,0,0,1,1,6,6,1,-1,-1,3982,1,3,MERCEDES AMG CLASS,1,E01024257,0,-1
2021061147000,2021,061147000,1,9,0,18,19,1,1,0,0,1,0,0,0,0,3,1,6,6,2,47,8,3982,1,1,MERCEDES AMG CLASS,4,E01005012,0,-1
2021131127831,2021,131127831,1,9,0,18,19,3,7,0,0,1,0,0,0,0,1,1,5,6,1,21,5,2999,8,0,MERCEDES AMG CLASS,5,E01033016,0,-1
2021471077012,2021,471077012,1,9,0,18,19,6,2,0,0,0,0,0,0,0,1,1,5,6,2,45,7,3982,1,2,MERCEDES AMG CLASS,9,E01022586,0,-1
2021430145032,2021,430145032,1,9,0,16,19,5,8,0,0,0,1,0,7,4,1,1,6,6,1,42,7,2996,1,4,MERCEDES AMG CLASS,5,E01016566,0,-1
2021061102441,2021,061102441,1,9,0,18,19,5,1,0,0,0,0,0,0,0,1,1,6,6,1,21,5,3982,1,2,MERCEDES AMG CLASS,1,E01005328,0,-1
2021010347123,2021,010347123,2,9,0,9,9,7,5,0,0,8,0,0,0,0,1,1,6,6,2,41,7,5461,1,4,MERCEDES AMG CLASS,8,E01004293,0,-1
202134WNC3651,2021,34WNC3651,2,9,0,5,5,5,1,0,0,4,0,0,0,0,3,1,2,2,1,32,6,1991,1,2,MERCEDES AMG CLASS,5,W01001033,0,-1
2021411086199,2021,411086199,2,9,0,4,4,5,1,0,0,0,0,0,0,0,2,1,2,2,1,31,6,1991,1,1,MERCEDES AMG CLASS,9,E01017463,0,-1
2021471072343,2021,471072343,1,9,0,17,19,4,2,0,0,0,2,0,1,4,1,1,5,6,1,19,4,1991,1,0,MERCEDES AMG CLASS,10,E01031739,0,-1
2021131065913,2021,131065913,8,9,0,2,2,0,0,9,9,0,0,0,0,0,1,1,6,6,3,-1,-1,1991,1,0,MERCEDES AMG CLASS,-1,-1,0,-1
2021101031863,2021,101031863,1,9,0,4,4,5,1,0,0,0,0,0,0,0,1,1,5,6,1,57,9,1991,1,2,MERCEDES AMG CLASS,10,E01027471,0,-1
2021451068735,2021,451068735,1,9,0,18,19,5,5,0,0,0,0,0,0,0,2,1,5,6,2,63,9,5461,1,3,MERCEDES AMG CLASS,10,E01030863,0,-1
2021991040685,2021,991040685,2,9,0,3,3,4,8,0,0,0,0,4,0,0,2,1,5,6,1,73,10,2996,1,4,MERCEDES AMG CLASS,6,-1,0,-1
2021010308591,2021,010308591,1,9,0,99,99,9,9,99,99,9,9,99,9,99,2,9,6,6,1,31,6,5461,1,6,MERCEDES AMG CLASS,2,E01004237,0,-1
2021622100100,2021,622100100,1,9,0,16,19,4,8,0,0,4,0,10,3,4,1,1,6,6,1,26,6,3982,1,5,MERCEDES AMG CLASS,5,W01001291,0,-1
2021041099344,2021,041099344,3,9,0,3,3,3,7,0,0,0,0,0,0,0,2,1,6,6,1,41,7,3982,1,3,MERCEDES AMG CLASS,7,E01024874,0,-1
2021411118673,2021,411118673,1,9,0,12,12,2,6,0,0,0,5,0,2,0,4,1,6,6,1,57,9,2996,1,2,MERCEDES AMG CLASS,7,E01023506,0,-1
2021010303934,2021,010303934,2,9,0,12,12,7,3,0,0,8,0,0,0,0,1,1,6,6,3,-1,-1,1991,1,0,MERCEDES AMG CLASS,-1,-1,0,-1
2021070890644,2021,070890644,1,9,0,9,9,3,8,0,0,1,0,0,0,0,1,1,6,6,3,-1,-1,1991,1,2,MERCEDES AMG CLASS,-1,-1,0,-1
2021010351807,2021,010351807,1,9,0,18,19,5,1,0,0,0,5,10,0,0,4,1,6,6,1,24,5,1991,1,2,MERCEDES AMG CLASS,-1,-1,0,-1
2021101113820,2021,101113820,1,9,0,9,9,5,3,0,0,8,0,0,0,0,1,1,6,6,1,38,7,1991,1,3,MERCEDES AMG CLASS,-1,-1,0,-1
2021010299766,2021,010299766,2,9,0,2,2,0,0,0,0,0,0,0,0,0,3,1,6,6,3,-1,-1,1991,1,2,MERCEDES AMG CLASS,-1,-1,0,-1
2021010314790,2021,010314790,3,9,0,2,2,0,0,0,0,0,0,0,0,0,2,1,6,6,3,-1,-1,2999,1,2,MERCEDES AMG CLASS,-1,-1,0,-1
2021501019164,2021,501019164,2,9,0,4,4,1,5,0,0,0,0,0,0,0,2,1,6,6,1,31,6,1991,1,5,MERCEDES AMG CLASS,7,E01015253,0,-1
2021010340721,2021,010340721,2,9,0,99,99,9,9,99,99,9,9,99,9,99,1,9,6,6,3,-1,-1,2996,1,2,MERCEDES AMG CLASS,7,E01017329,0,-1
2021421039368,2021,421039368,1,9,0,16,19,7,3,0,0,0,0,10,1,4,1,1,2,2,1,28,6,3982,1,3,MERCEDES AMG CLASS,9,E01003748,0,-1
2021010323082,2021,010323082,2,9,0,99,99,9,9,99,99,9,9,99,9,99,9,9,6,6,3,-1,-1,2996,1,4,MERCEDES AMG CLASS,6,E01003693,0,-1
2021201130181,2021,201130181,1,9,0,18,19,8,4,0,0,1,0,7,4,6,1,1,6,6,1,28,6,1991,1,2,MERCEDES AMG CLASS,1,E01009476,0,-1
2021010297068,2021,010297068,2,9,0,99,99,9,9,99,99,9,9,99,9,99,1,9,6,6,1,-1,-1,5461,1,4,MERCEDES AMG CLASS,7,E01002902,0,-1
2021401119185,2021,401119185,1,9,0,18,19,2,6,0,0,0,0,0,0,0,3,1,6,6,3,-1,-1,5461,1,6,MERCEDES AMG CLASS,-1,-1,0,-1
2021451022473,2021,451022473,2,9,0,18,19,3,5,0,0,0,0,0,0,0,2,1,5,6,1,53,8,1950,12,2,MERCEDES AMG CLASS,10,E01022571,0,-1
2021010306548,2021,010306548,2,9,0,99,99,9,9,99,99,9,9,99,9,99,1,9,6,6,3,-1,-1,2996,1,4,MERCEDES AMG CLASS,2,E01002799,0,-1
2021010344242,2021,010344242,1,9,0,99,99,9,9,99,99,9,9,99,9,99,1,9,6,6,3,32,6,3982,1,3,MERCEDES AMG CLASS,6,E01001917,0,-1
2021302101116,2021,302101116,2,9,0,9,9,6,4,0,0,4,0,0,0,0,3,1,3,7,3,-1,-1,3982,1,1,MERCEDES AMG CLASS,5,E01019456,0,-1
2021141087622,2021,141087622,2,9,0,4,4,7,3,0,0,0,0,0,0,0,2,1,6,6,1,41,7,2999,8,2,MERCEDES AMG CLASS,3,E01027927,0,-1
2021052101528,2021,052101528,2,9,0,18,19,7,3,0,0,1,0,0,0,0,1,1,6,6,1,42,7,2999,8,0,MERCEDES AMG CLASS,9,E01007078,0,-1
20211383P1123,2021,1383P1123,1,9,0,7,7,2,5,0,0,5,0,0,0,0,1,1,6,6,1,28,6,3982,1,1,MERCEDES AMG CLASS,6,E01011062,0,-1
2021131092751,2021,131092751,1,9,0,5,5,1,5,0,0,4,0,0,0,0,3,1,5,6,1,26,6,3982,1,0,MERCEDES AMG CLASS,3,E01011018,0,-1
2021411089526,2021,411089526,3,9,0,2,2,0,0,9,9,2,0,0,0,0,1,1,6,6,3,-1,-1,1991,1,1,MERCEDES AMG CLASS,-1,-1,0,-1
2021201138327,2021,201138327,1,9,0,18,19,8,5,0,0,0,1,10,1,7,1,1,6,6,1,-1,-1,2996,1,2,MERCEDES AMG CLASS,-1,-1,0,-1
2021451030247,2021,451030247,1,9,0,18,19,8,4,0,0,1,0,0,0,0,1,1,1,1,1,48,8,1998,1,18,NISSAN PRIMERA,9,E01017783,0,-1
202134WNC1501,2021,34WNC1501,1,9,0,18,19,7,3,0,0,0,5,0,1,4,1,1,1,1,1,42,7,1998,1,16,NISSAN PRIMERA,4,E01027012,0,-1