collision_index,collision_year,collision_ref_no,vehicle_reference,vehicle_type,towing_and_articulation,vehicle_manoeuvre_historic,vehicle_manoeuvre,vehicle_direction_from,vehicle_direction_to,vehicle_location_restricted_lane_historic,vehicle_location_restricted_lane,junction_location,skidding_and_overturning,hit_object_in_carriageway,vehicle_leaving_carriageway,hit_object_off_carriageway,first_point_of_impact,vehicle_left_hand_drive,journey_purpose_of_driver_historic,journey_purpose_of_driver,sex_of_driver,age_of_driver,age_band_of_driver,engine_capacity_cc,propulsion_code,age_of_vehicle,generic_make_model,driver_imd_decile,lsoa_of_driver,escooter_flag,driver_distance_banding
2021461111403,2021,461111403,2,9,0,18,19,3,7,0,0,1,0,0,0,0,1,1,6,6,2,62,9,1329,1,9,TOYOTA YARIS,8,E01032620,0,-1
2021411099779,2021,411099779,1,9,0,18,19,1,5,0,0,0,0,0,0,0,1,1,2,2,2,31,6,998,1,18,TOYOTA YARIS,10,E01023464,0,-1
2021461082706,2021,461082706,2,9,0,3,3,3,7,0,0,1,0,0,0,0,2,1,6,6,2,46,8,998,1,21,TOYOTA YARIS,3,E01024352,0,-1
2021421072482,2021,421072482,1,9,0,18,19,1,5,0,0,0,0,0,0,0,1,1,5,6,2,65,9,1329,1,9,TOYOTA YARIS,9,E01022642,0,-1
2021451056196,2021,451056196,1,9,0,9,9,8,6,0,0,0,0,10,1,11,2,1,5,6,1,57,9,1299,1,18,TOYOTA YARIS,6,E01030957,0,-1
202163D039321,2021,63D039321,1,9,0,1,1,8,4,0,0,0,0,4,0,0,2,1,6,6,1,88,11,1497,8,3,TOYOTA YARIS,10,W01000432,0,-1
2021010332867,2021,010332867,1,9,0,9,9,7,5,0,0,1,0,0,0,0,2,1,6,6,2,29,6,1329,1,6,TOYOTA YARIS,6,E01001571,0,-1
2021201129457,2021,201129457,1,9,0,18,19,3,7,0,0,0,0,4,0,0,1,1,6,6,1,20,4,1296,1,15,TOYOTA YARIS,1,E01009477,0,-1
2021010324717,2021,010324717,1,9,0,2,2,0,0,9,9,1,0,0,0,0,1,1,6,6,3,-1,-1,1329,1,10,TOYOTA YARIS,-1,-1,0,-1
2021201089885,2021,201089885,1,9,0,18,19,7,3,0,0,1,0,0,0,0,1,1,6,6,1,-1,-1,998,1,14,TOYOTA YARIS,-1,-1,0,-1
2021061089280,2021,061089280,1,9,0,7,7,4,8,0,0,0,2,11,8,11,1,1,6,6,1,64,9,1296,1,13,TOYOTA YARIS,3,E01005441,0,-1
2021471066685,2021,471066685,2,9,0,18,19,8,4,0,0,1,1,0,7,0,3,1,2,2,1,23,5,998,1,21,TOYOTA YARIS,7,E01021222,0,-1
2021552101195,2021,552101195,2,9,0,3,3,4,8,0,0,4,0,0,0,0,2,1,6,6,1,56,9,1329,1,5,TOYOTA YARIS,-1,-1,0,-1
2021461136749,2021,461136749,1,9,0,15,15,1,5,0,0,0,0,0,0,0,1,1,2,2,1,29,6,998,1,20,TOYOTA YARIS,2,E01016039,0,-1
2021101100806,2021,101100806,1,9,0,9,9,4,2,0,0,6,0,0,0,0,3,1,6,6,1,55,8,1490,8,1,TOYOTA YARIS,1,E01008777,0,-1
2021141054920,2021,141054920,2,9,0,2,2,0,0,0,0,0,0,0,0,0,2,1,6,6,3,-1,-1,1497,8,1,TOYOTA YARIS,-1,-1,0,-1
2021131032722,2021,131032722,1,9,0,4,4,2,6,0,0,0,0,0,0,0,2,1,5,6,1,37,7,998,1,12,TOYOTA YARIS,2,E01010930,0,-1
2021201027206,2021,201027206,1,9,0,9,9,4,2,0,0,5,0,0,0,0,1,1,6,6,1,-1,-1,998,1,17,TOYOTA YARIS,-1,-1,0,-1
2021471041203,2021,471041203,1,9,0,18,19,6,2,6,6,4,2,2,7,4,1,1,5,6,1,25,5,1296,1,13,TOYOTA YARIS,4,E01031575,0,-1
2021052101499,2021,052101499,2,9,0,18,19,7,3,0,0,8,0,0,0,0,3,1,6,6,2,47,8,1497,8,4,TOYOTA YARIS,1,E01006768,0,-1
2021991033544,2021,991033544,1,9,0,17,19,6,2,0,0,1,0,0,0,0,1,1,2,2,1,22,5,998,1,21,TOYOTA YARIS,7,-1,0,-1
2021070491507,2021,070491507,1,9,0,18,19,4,8,0,0,0,0,0,0,0,1,1,6,6,2,52,8,1296,1,13,TOYOTA YARIS,7,E01018457,0,-1
2021010352477,2021,010352477,1,9,0,9,9,7,6,0,0,6,0,0,1,0,3,1,6,6,1,31,6,1296,1,13,TOYOTA YARIS,3,E01002408,0,-1
2021141124762,2021,141124762,1,9,0,18,19,4,4,0,0,8,0,0,0,0,1,1,6,6,1,23,5,998,1,15,TOYOTA YARIS,1,E01007906,0,-1
2021141067003,2021,141067003,3,9,0,2,2,0,0,0,0,0,0,0,0,0,2,1,6,6,3,-1,-1,998,1,17,TOYOTA YARIS,-1,-1,0,-1
2021430482744,2021,430482744,1,9,0,3,3,6,2,0,0,1,0,0,0,0,2,1,6,6,2,42,7,1329,1,9,TOYOTA YARIS,5,E01016271,0,-1
2021010303907,2021,010303907,1,9,0,5,5,1,5,0,0,0,0,0,0,0,4,1,6,6,1,-1,-1,1497,8,1,TOYOTA YARIS,3,E01001326,0,-1
2021201118585,2021,201118585,3,9,0,4,4,3,7,0,0,0,0,0,0,0,2,1,6,6,2,55,8,1329,1,7,TOYOTA YARIS,7,E01009707,0,-1
2021010311478,2021,010311478,1,9,0,11,11,5,1,2,2,1,0,0,0,0,4,1,2,2,1,20,4,1329,1,6,TOYOTA YARIS,5,E01000505,0,-1
2021010324398,2021,010324398,1,9,0,99,99,9,9,0,0,1,0,0,0,0,1,9,6,6,2,57,9,1296,1,14,TOYOTA YARIS,3,E01003201,0,-1
2021010325258,2021,010325258,2,9,0,99,99,9,9,99,99,0,9,99,9,99,1,9,6,6,3,46,8,1296,1,13,TOYOTA YARIS,3,E01003328,0,-1
2021131109560,2021,131109560,2,9,0,18,19,5,1,0,0,0,1,0,0,0,1,1,5,6,2,37,7,1296,1,13,TOYOTA YARIS,1,E01011140,0,-1
2021522105935,2021,522105935,1,9,0,3,3,1,5,0,0,8,0,0,0,0,2,1,6,6,1,24,5,998,1,17,TOYOTA YARIS,2,E01015262,0,-1
2021141037477,2021,141037477,1,9,0,9,9,1,5,0,0,6,0,0,0,0,4,1,5,6,2,25,5,1496,1,2,TOYOTA YARIS,4,E01007788,0,-1
2021440421143,2021,440421143,3,9,0,10,10,1,5,0,0,1,0,0,0,0,2,1,6,6,2,29,6,998,1,22,TOYOTA YARIS,1,E01017118,0,-1
2021010340393,2021,010340393,2,9,0,99,99,9,9,99,99,0,9,99,9,99,9,9,6,6,3,-1,-1,1329,1,8,TOYOTA YARIS,-1,-1,0,-1
2021520201334,2021,520201334,1,9,0,10,10,2,7,0,0,8,0,0,0,0,2,1,6,6,2,78,11,998,1,16,TOYOTA YARIS,8,E01029092,0,-1
2021320677292,2021,320677292,1,9,0,16,19,5,1,0,0,0,0,0,7,4,1,1,6,6,1,46,8,998,1,15,TOYOTA YARIS,5,E01026290,0,-1
2021138261487,2021,138261487,2,9,0,9,9,7,3,0,0,1,0,0,0,0,3,1,6,6,1,36,7,1329,1,12,TOYOTA YARIS,4,E01011044,0,-1
2021461119271,2021,461119271,1,9,0,18,19,1,5,0,0,1,0,0,0,0,3,1,5,6,2,76,11,1329,1,10,TOYOTA YARIS,5,E01024767,0,-1
2021302100952,2021,302100952,2,9,0,7,7,6,8,0,0,6,0,0,0,0,1,1,6,6,2,35,6,1497,8,6,TOYOTA YARIS,9,E01013599,0,-1
2021991139602,2021,991139602,2,9,0,1,1,7,3,0,0,2,0,0,0,0,3,1,6,6,2,29,6,998,1,6,TOYOTA YARIS,3,-1,0,-1
2021320235744,2021,320235744,2,9,0,18,19,5,1,0,0,0,0,0,1,0,3,1,6,6,1,40,7,1490,8,0,TOYOTA YARIS,-1,-1,0,-1
2021201090863,2021,201090863,3,9,0,18,19,5,2,0,0,1,0,0,0,0,1,1,6,6,1,41,7,1296,1,14,TOYOTA YARIS,1,E01033621,0,-1
2021201065939,2021,201065939,3,9,0,18,19,1,5,0,0,0,0,0,0,0,3,1,5,6,1,33,6,1329,1,10,TOYOTA YARIS,7,E01032535,0,-1
2021161082167,2021,161082167,1,9,0,16,19,2,5,0,0,1,0,0,2,11,1,1,2,2,1,65,9,1296,1,13,TOYOTA YARIS,3,E01007971,0,-1
2021010323606,2021,010323606,2,9,0,99,99,9,9,99,99,9,9,99,9,99,9,9,6,6,3,63,9,1329,1,11,TOYOTA YARIS,3,E01001983,0,-1
2021411082247,2021,411082247,2,9,0,2,2,5,5,0,0,0,0,0,0,0,3,1,5,6,1,55,8,998,1,18,TOYOTA YARIS,8,E01023656,0,-1
2021010346967,2021,010346967,1,9,0,99,99,9,9,99,99,9,9,99,9,99,2,9,6,6,1,27,6,1497,8,6,TOYOTA YARIS,5,E01001664,0,-1
2021010306971,2021,010306971,1,9,0,18,19,7,3,0,0,1,0,0,0,0,1,1,6,6,1,23,5,1329,1,7,TOYOTA YARIS,7,E01002122,0,-1
2021010287743,2021,010287743,3,9,0,2,2,0,0,0,0,2,0,0,0,0,3,1,6,6,3,-1,-1,998,1,6,TOYOTA YARIS,-1,-1,0,-1
2021201023611,2021,201023611,1,9,0,9,9,6,4,0,0,6,0,0,0,0,1,1,6,6,1,-1,-1,998,1,20,TOYOTA YARIS,-1,-1,0,-1
2021101108513,2021,101108513,2,9,0,3,3,3,7,0,0,1,0,0,0,0,2,1,6,6,2,62,9,1329,1,7,TOYOTA YARIS,9,E01008376,0,-1
2021131078780,2021,131078780,2,9,0,18,19,2,6,0,0,8,0,0,0,0,2,1,5,6,1,41,7,1329,1,12,TOYOTA YARIS,1,E01011431,0,-1
2021302101419,2021,302101419,2,9,0,18,19,8,4,0,0,8,0,0,0,0,1,1,6,6,2,23,5,998,1,15,TOYOTA YARIS,3,E01019818,0,-1
2021351081237,2021,351081237,2,9,0,3,3,3,3,0,0,0,0,0,0,0,2,1,5,6,1,39,7,1296,1,14,TOYOTA YARIS,6,E01015644,0,-1
2021010346358,2021,010346358,1,9,0,5,5,7,3,0,0,1,0,0,0,0,4,1,6,6,2,28,6,1490,8,0,TOYOTA YARIS,1,E01001410,0,-1
2021531076946,2021,531076946,1,9,0,10,10,1,7,0,0,1,0,0,0,0,4,1,5,6,1,79,11,1496,1,3,TOYOTA YARIS,8,E01022257,0,-1
2021501134452,2021,501134452,1,9,0,5,5,2,5,0,0,1,0,0,0,0,1,1,6,6,1,63,9,1490,8,0,TOYOTA YARIS,5,E01020256,0,-1
2021111063606,2021,111063606,1,9,0,10,10,1,7,0,0,2,0,0,0,0,0,1,5,6,1,78,11,998,1,20,TOYOTA YARIS,2,E01020849,0,-1
2021421029608,2021,421029608,1,9,0,5,5,3,3,0,0,8,0,0,3,0,1,1,6,6,1,79,11,1496,1,3,TOYOTA YARIS,5,E01021422,0,-1
2021010346835,2021,010346835,1,9,0,99,99,9,9,99,99,9,9,99,9,99,2,9,6,6,1,49,8,1364,2,14,TOYOTA YARIS,3,E01030400,0,-1
2021141064380,2021,141064380,1,9,0,18,19,2,6,9,9,0,5,0,1,1,1,1,5,6,2,28,6,998,1,20,TOYOTA YARIS,1,E01007668,0,-1
2021461102952,2021,461102952,2,9,0,9,9,7,3,0,0,0,0,0,4,6,3,1,2,2,2,50,8,1329,1,7,TOYOTA YARIS,1,E01001845,0,-1
2021201063068,2021,201063068,1,9,0,18,19,4,8,0,0,8,0,0,0,0,4,1,3,7,2,44,7,998,1,13,TOYOTA YARIS,1,E01010466,0,-1
2021010309097,2021,010309097,1,9,0,99,99,9,9,99,99,9,9,99,9,99,1,9,6,6,2,24,5,998,1,8,TOYOTA YARIS,4,E01013648,0,-1
2021010304796,2021,010304796,1,9,0,5,5,0,1,0,0,0,0,0,0,0,1,1,2,2,1,54,8,1329,1,9,TOYOTA YARIS,9,E01000303,0,-1
2021052101038,2021,052101038,2,9,0,18,19,7,3,0,0,8,0,0,0,0,1,1,6,6,1,35,6,1490,8,1,TOYOTA YARIS,4,E01006839,0,-1
2021440352525,2021,440352525,1,9,0,3,3,3,7,0,0,0,0,0,0,0,1,1,6,6,1,21,5,998,1,19,TOYOTA YARIS,8,E01022762,0,-1
2021070051748,2021,070051748,2,9,0,3,3,1,5,0,0,1,0,0,0,0,2,1,2,2,2,33,6,1496,1,2,TOYOTA YARIS,-1,-1,0,-1
2021430096193,2021,430096193,1,9,0,13,13,7,3,0,0,0,0,0,0,0,1,1,2,2,1,28,6,1496,1,2,TOYOTA YARIS,-1,-1,0,-1
2021061066329,2021,061066329,1,9,0,18,19,3,3,0,0,0,0,0,0,0,1,1,6,6,1,45,7,1329,1,6,TOYOTA YARIS,3,E01006293,0,-1
2021031066675,2021,031066675,1,9,0,18,19,3,7,0,0,0,1,0,0,0,3,1,5,6,1,72,10,998,1,9,TOYOTA YARIS,7,E01019395,0,-1
2021141064511,2021,141064511,1,9,0,18,19,2,6,0,0,0,0,0,0,0,3,1,6,6,2,45,7,1497,8,1,TOYOTA YARIS,1,E01007370,0,-1
2021201063317,2021,201063317,2,9,0,9,9,6,4,0,0,5,0,0,0,0,4,1,6,6,1,28,6,1299,1,18,TOYOTA YARIS,1,E01033650,0,-1
2021351025690,2021,351025690,3,9,0,18,19,5,1,0,0,0,0,0,0,0,2,1,5,6,2,42,7,998,1,19,TOYOTA YARIS,9,E01018299,0,-1
2021010298784,2021,010298784,2,9,0,9,9,4,3,0,0,1,0,0,0,0,2,1,6,6,1,43,7,1299,1,17,TOYOTA YARIS,4,E01001185,0,-1
2021211086568,2021,211086568,1,9,0,7,7,3,3,0,0,1,0,0,3,0,1,1,5,6,1,19,4,1364,2,14,TOYOTA YARIS,3,E01029701,0,-1
2021451075747,2021,451075747,2,9,0,5,5,2,6,8,6,0,0,0,0,0,1,1,6,6,1,45,7,1299,1,19,TOYOTA YARIS,4,E01030364,0,-1
2021991039424,2021,991039424,1,9,0,18,19,2,5,0,0,0,0,0,0,0,0,1,5,6,2,47,8,1497,8,2,TOYOTA YARIS,4,-1,0,-1
2021440051128,2021,440051128,1,9,0,18,19,7,4,0,0,8,0,0,0,0,3,1,6,6,1,-1,-1,998,1,14,TOYOTA YARIS,-1,-1,0,-1
2021170S11231,2021,170S11231,1,9,0,3,3,6,2,0,0,1,0,0,0,0,2,1,6,6,2,66,10,1329,1,10,TOYOTA YARIS,2,E01020797,0,-1
2021471037415,2021,471037415,1,9,0,7,7,1,3,0,0,2,0,0,0,0,1,1,6,6,1,73,10,1497,8,1,TOYOTA YARIS,10,E01031638,0,-1
2021010307859,2021,010307859,1,9,0,18,19,5,1,0,0,1,0,0,0,0,1,1,6,6,2,48,8,1497,8,2,TOYOTA YARIS,-1,-1,0,-1
2021201130248,2021,201130248,2,9,0,18,19,4,8,0,0,8,0,0,0,0,1,1,6,6,1,41,7,998,1,15,TOYOTA YARIS,1,E01009094,0,-1
2021041046209,2021,041046209,1,9,0,2,2,5,1,0,0,0,0,0,0,0,1,1,6,6,3,-1,-1,1296,1,13,TOYOTA YARIS,-1,-1,0,-1
2021440075905,2021,440075905,1,9,0,18,19,7,3,0,0,8,0,0,0,0,3,1,6,6,2,68,10,1329,1,9,TOYOTA YARIS,4,E01017093,0,-1
202154B607221,2021,54B607221,2,9,0,18,19,5,1,0,0,0,0,0,0,0,1,1,1,1,1,25,5,998,1,16,TOYOTA YARIS,1,E01015575,0,-1
2021010334719,2021,010334719,2,9,0,99,99,9,9,99,99,0,9,99,9,99,9,9,6,6,3,32,6,1329,1,8,TOYOTA YARIS,4,E01000491,0,-1
2021061025933,2021,061025933,2,9,0,3,3,7,3,0,0,1,0,0,0,0,2,1,6,6,2,51,8,1299,1,17,TOYOTA YARIS,6,E01005114,0,-1
2021010322570,2021,010322570,3,9,0,2,2,0,0,0,0,1,0,0,0,0,4,1,6,6,3,-1,-1,1329,1,9,TOYOTA YARIS,-1,-1,0,-1
2021010347313,2021,010347313,2,9,0,99,99,9,9,99,99,9,9,99,9,99,1,9,6,6,3,-1,-1,998,1,18,TOYOTA YARIS,-1,-1,0,-1
2021010311281,2021,010311281,2,9,0,4,4,4,8,0,0,1,0,0,0,0,2,1,6,6,1,22,5,1490,8,0,TOYOTA YARIS,8,E01005768,0,-1
2021622100662,2021,622100662,1,9,0,18,19,2,6,0,0,0,0,0,0,0,1,1,6,6,1,51,8,1497,8,7,TOYOTA YARIS,8,E01030359,0,-1
2021010298635,2021,010298635,1,9,0,9,9,5,2,0,0,8,0,0,0,0,3,1,1,1,1,45,7,1296,1,14,TOYOTA YARIS,3,E01004397,0,-1
2021522104590,2021,522104590,1,9,0,3,3,5,1,0,0,0,0,0,0,0,2,1,6,6,2,37,7,1364,2,10,TOYOTA YARIS,4,E01032516,0,-1
2021131034759,2021,131034759,2,9,0,18,19,7,3,0,0,1,0,0,0,0,3,1,5,6,1,35,6,1329,1,8,TOYOTA YARIS,3,E01010871,0,-1
2021552200060,2021,552200060,1,9,0,10,10,7,4,0,0,6,0,0,0,0,1,1,6,6,2,34,6,1296,1,14,TOYOTA YARIS,5,E01015286,0,-1
2021544589321,2021,544589321,1,9,0,16,19,1,5,0,0,0,0,0,0,0,3,1,6,6,1,19,4,1299,1,16,TOYOTA YARIS,7,E01032699,0,-1
2021010300172,2021,010300172,3,9,0,2,2,0,0,0,0,0,0,0,0,0,2,1,6,6,3,-1,-1,1497,8,2,TOYOTA YARIS,-1,-1,0,-1
2021991036451,2021,991036451,2,9,0,2,2,1,5,0,0,0,0,0,1,11,2,1,6,6,1,58,9,1496,1,2,TOYOTA YARIS,1,-1,0,-1
2021131089750,2021,131089750,2,9,0,7,7,1,5,0,0,1,0,0,0,0,2,1,5,6,2,24,5,1296,1,13,TOYOTA YARIS,2,E01010619,0,-1
2021111085537,2021,111085537,4,9,0,18,19,1,5,0,0,0,0,0,0,0,2,1,6,6,1,60,9,1364,2,14,TOYOTA YARIS,8,E01020883,0,-1
2021430576946,2021,430576946,2,9,0,17,19,7,4,0,0,0,0,0,0,0,1,1,6,6,2,35,6,1329,1,9,TOYOTA YARIS,10,E01028602,0,-1
202131A048821,2021,31A048821,1,9,0,18,19,1,5,0,0,1,0,0,0,0,1,1,2,2,1,18,4,1329,1,12,TOYOTA YARIS,8,E01027959,0,-1
2021451044744,2021,451044744,1,9,0,18,19,3,7,0,0,1,0,0,0,0,1,1,2,2,1,61,9,1496,1,2,TOYOTA YARIS,4,E01031572,0,-1
2021010295430,2021,010295430,1,9,0,18,19,5,1,0,0,1,0,0,0,0,1,1,6,6,1,45,7,1364,2,5,TOYOTA YARIS,9,E01004607,0,-1
2021471040875,2021,471040875,1,9,0,9,9,1,7,0,0,6,0,0,0,0,1,1,6,6,2,29,6,1296,1,15,TOYOTA YARIS,9,E01031719,0,-1
2021010321687,2021,010321687,2,9,0,99,99,9,9,99,99,9,9,99,9,99,1,9,6,6,2,52,8,998,1,15,TOYOTA YARIS,2,E01004308,0,-1
2021531062996,2021,531062996,1,9,0,11,11,7,3,0,0,0,0,0,0,0,1,1,5,6,2,32,6,1497,8,1,TOYOTA YARIS,3,E01001409,0,-1
2021461130416,2021,461130416,1,9,0,7,7,5,7,0,0,6,0,11,0,0,1,1,5,6,2,22,5,998,1,22,TOYOTA YARIS,4,E01024561,0,-1
2021131068986,2021,131068986,2,9,0,-1,-1,-1,-1,-1,-1,-1,-1,-1,-1,-1,2,1,6,6,1,35,6,998,1,19,TOYOTA YARIS,1,E01010839,0,-1
202131B051221,2021,31B051221,1,9,0,18,19,2,6,0,0,0,0,12,0,0,1,1,6,6,2,31,6,1329,1,8,TOYOTA YARIS,10,E01032990,0,-1
202131B103221,2021,31B103221,1,9,0,16,19,6,2,0,0,0,0,0,0,0,1,1,2,2,1,35,6,1497,8,5,TOYOTA YARIS,3,E01028338,0,-1
2021201023643,2021,201023643,3,9,0,2,2,0,0,0,0,0,0,4,0,0,1,1,6,6,3,-1,-1,1329,1,8,TOYOTA YARIS,-1,-1,0,-1
2021461125797,2021,461125797,2,9,0,5,5,3,7,0,0,1,0,0,0,0,1,1,6,6,2,55,8,1329,1,11,TOYOTA YARIS,5,E01024025,0,-1
2021010315660,2021,010315660,2,9,0,18,19,5,1,0,0,8,0,0,9,99,4,1,6,6,1,53,8,1299,1,17,TOYOTA YARIS,3,E01003587,0,-1
2021411068983,2021,411068983,2,9,0,5,5,7,3,0,0,4,0,0,0,0,2,1,5,6,2,55,8,1363,2,16,TOYOTA YARIS,10,E01023887,0,-1
2021522104362,2021,522104362,1,9,0,5,5,5,1,0,0,4,0,0,0,0,3,1,1,1,2,25,5,1490,8,0,TOYOTA YARIS,8,E01017990,0,-1
2021451050123,2021,451050123,1,9,0,5,5,5,4,0,0,8,0,0,0,0,1,1,5,6,1,81,11,1497,8,1,TOYOTA YARIS,10,E01030380,0,-1
2021010297208,2021,010297208,2,9,0,3,3,5,1,0,0,1,1,0,0,0,1,1,1,1,2,48,8,1497,8,2,TOYOTA YARIS,2,E01000315,0,-1
2021461119111,2021,461119111,2,9,0,18,19,1,5,0,0,0,0,0,0,0,2,1,6,6,2,27,6,1296,1,14,TOYOTA YARIS,3,E01016037,0,-1
2021421051522,2021,421051522,1,9,0,5,5,3,5,0,0,1,0,7,3,11,1,1,5,6,1,86,11,1299,1,17,TOYOTA YARIS,3,E01021806,0,-1
2021461033545,2021,461033545,1,9,0,18,19,7,3,0,0,0,0,0,0,0,1,1,6,6,2,39,7,1329,1,9,TOYOTA YARIS,6,E01024130,0,-1
2021552100284,2021,552100284,1,9,0,18,19,3,7,0,0,6,0,0,3,11,1,1,6,6,1,81,11,1497,8,5,TOYOTA YARIS,5,E01020459,0,-1
2021131055029,2021,131055029,1,9,0,9,9,4,2,0,0,8,0,0,0,0,3,1,6,6,3,-1,-1,998,1,20,TOYOTA YARIS,-1,-1,0,-1
2021201095153,2021,201095153,1,9,0,18,19,6,2,0,0,2,0,0,0,0,1,1,6,6,1,-1,-1,1296,1,15,TOYOTA YARIS,-1,-1,0,-1
2021201046308,2021,201046308,2,9,0,3,3,1,5,0,0,0,0,0,0,0,0,1,6,6,2,48,8,1296,1,15,TOYOTA YARIS,5,E01009245,0,-1
2021010323005,2021,010323005,2,9,0,99,99,9,9,99,99,9,9,99,9,99,9,9,6,6,3,-1,-1,1296,1,13,TOYOTA YARIS,-1,-1,0,-1
2021430561312,2021,430561312,1,9,0,18,19,1,5,0,0,1,0,0,0,0,1,1,6,6,3,-1,-1,998,1,11,TOYOTA YARIS,-1,-1,0,-1
2021041114806,2021,041114806,2,9,0,18,19,5,1,0,0,0,0,0,0,0,1,1,3,7,2,30,6,1329,1,9,TOYOTA YARIS,1,E01033224,0,-1
2021010296193,2021,010296193,1,9,0,7,7,5,8,0,0,1,0,0,0,0,1,1,6,6,2,25,5,998,1,16,TOYOTA YARIS,4,E01015831,0,-1
2021010313871,2021,010313871,1,9,0,17,19,5,1,0,0,1,2,0,0,0,1,1,6,6,2,53,8,1497,8,2,TOYOTA YARIS,4,E01004538,0,-1
2021010295672,2021,010295672,3,9,0,18,19,7,3,0,0,1,0,0,0,0,1,1,6,6,2,27,6,1497,8,1,TOYOTA YARIS,3,E01003172,0,-1
2021552100845,2021,552100845,2,9,0,4,4,7,5,0,0,8,0,0,0,0,2,1,6,6,2,62,9,1299,1,18,TOYOTA YARIS,9,E01020532,0,-1
2021430006311,2021,430006311,1,9,0,7,7,5,7,0,0,6,0,0,0,0,1,1,6,6,1,32,6,1296,1,15,TOYOTA YARIS,5,E01016836,0,-1
2021430242491,2021,430242491,1,9,0,18,19,6,2,0,0,0,0,0,7,11,1,1,6,6,1,37,7,1364,2,13,TOYOTA YARIS,10,E01017936,0,-1
2021361075778,2021,361075778,1,9,0,9,9,3,1,0,0,8,0,0,0,0,4,1,1,1,1,31,6,1299,1,19,TOYOTA YARIS,4,E01026794,0,-1
2021131125085,2021,131125085,2,9,0,4,4,5,1,0,0,0,0,1,0,0,2,1,5,6,1,29,6,998,1,20,TOYOTA YARIS,1,E01011427,0,-1
2021041078367,2021,041078367,1,9,0,18,19,7,3,0,0,2,0,0,0,0,1,1,5,6,1,20,4,1296,1,13,TOYOTA YARIS,1,E01012575,0,-1
2021041067143,2021,041067143,1,9,0,4,4,7,3,0,0,1,0,0,0,0,1,1,5,6,2,49,8,1296,1,14,TOYOTA YARIS,4,E01024896,0,-1
2021440227835,2021,440227835,1,9,0,18,19,4,8,0,0,8,0,10,0,0,3,1,6,6,2,44,7,1364,2,15,TOYOTA YARIS,4,E01022474,0,-1
2021430385636,2021,430385636,1,9,0,18,19,2,6,0,0,0,0,0,0,0,4,1,6,6,1,78,11,1329,1,9,TOYOTA YARIS,10,E01028622,0,-1
2021421047947,2021,421047947,1,9,0,9,9,5,2,0,0,8,0,0,0,0,4,1,1,1,1,33,6,998,1,21,TOYOTA YARIS,7,E01003682,0,-1
2021131034614,2021,131034614,1,9,0,9,9,1,3,0,0,8,0,0,0,0,3,1,5,6,2,52,8,998,1,15,TOYOTA YARIS,1,E01010676,0,-1
2021131116091,2021,131116091,1,9,0,7,7,1,5,0,0,8,0,0,0,0,4,1,5,6,1,31,6,1364,2,13,TOYOTA YARIS,1,E01033035,0,-1
2021302101144,2021,302101144,1,9,0,4,4,4,2,0,0,1,0,0,0,0,2,1,6,6,2,46,8,1329,1,8,TOYOTA YARIS,7,E01019521,0,-1
2021061058798,2021,061058798,1,9,0,5,5,3,7,0,0,8,0,0,0,0,1,1,6,6,1,46,8,1296,1,14,TOYOTA YARIS,1,E01005242,0,-1
2021501066018,2021,501066018,1,9,0,18,19,3,7,0,0,0,1,0,7,5,1,1,5,6,1,26,6,1299,1,19,TOYOTA YARIS,2,E01020018,0,-1
2021201130055,2021,201130055,2,9,0,18,19,1,5,0,0,0,0,0,0,0,2,1,6,6,1,63,9,1497,8,2,TOYOTA YARIS,1,E01032887,0,-1
2021061047303,2021,061047303,1,9,0,9,9,4,8,0,0,8,0,0,0,0,1,1,6,6,1,27,6,1364,2,9,TOYOTA YARIS,2,E01006311,0,-1
2021201104615,2021,201104615,2,9,0,3,3,6,8,0,0,0,0,0,0,0,1,1,1,1,1,38,7,1329,1,12,TOYOTA YARIS,2,E01009393,0,-1
2021991095585,2021,991095585,1,9,0,18,19,5,1,0,0,8,1,0,1,1,1,1,5,6,1,35,6,1296,1,14,TOYOTA YARIS,1,-1,0,-1
2021201099794,2021,201099794,2,9,0,18,19,5,1,0,0,8,0,0,0,0,1,1,6,6,1,45,7,1296,1,14,TOYOTA YARIS,1,E01009203,0,-1
2021010292376,2021,010292376,1,9,0,9,9,7,4,0,0,8,0,0,0,0,1,1,6,6,1,30,6,1497,8,3,TOYOTA YARIS,2,E01000934,0,-1
2021010346203,2021,010346203,1,9,0,3,3,5,1,0,0,2,0,0,0,0,2,1,2,2,2,31,6,1329,1,6,TOYOTA YARIS,5,E01004188,0,-1
2021231098940,2021,231098940,1,9,0,18,19,3,6,0,0,1,0,0,0,0,1,1,2,2,1,62,9,1329,1,9,TOYOTA YARIS,8,E01009949,0,-1
2021421055507,2021,421055507,2,9,0,18,19,2,7,0,0,0,0,0,0,0,4,1,5,6,1,71,10,1490,8,1,TOYOTA YARIS,-1,-1,0,-1
2021430240283,2021,430240283,1,9,0,18,19,1,5,0,0,2,2,0,8,11,1,1,2,2,1,43,7,998,1,16,TOYOTA YARIS,6,E01016588,0,-1
2021010332731,2021,010332731,1,9,0,9,9,5,3,0,0,1,0,0,0,0,1,1,6,6,2,28,6,1497,8,6,TOYOTA YARIS,8,E01002019,0,-1
202134WNC2751,2021,34WNC2751,2,9,0,18,19,3,7,0,0,1,0,0,0,0,1,1,6,6,2,37,7,1497,8,3,TOYOTA YARIS,8,E01027174,0,-1