collision_index,collision_year,collision_ref_no,vehicle_reference,vehicle_type,towing_and_articulation,vehicle_manoeuvre_historic,vehicle_manoeuvre,vehicle_direction_from,vehicle_direction_to,vehicle_location_restricted_lane_historic,vehicle_location_restricted_lane,junction_location,skidding_and_overturning,hit_object_in_carriageway,vehicle_leaving_carriageway,hit_object_off_carriageway,first_point_of_impact,vehicle_left_hand_drive,journey_purpose_of_driver_historic,journey_purpose_of_driver,sex_of_driver,age_of_driver,age_band_of_driver,engine_capacity_cc,propulsion_code,age_of_vehicle,generic_make_model,driver_imd_decile,lsoa_of_driver,escooter_flag,driver_distance_banding
2021201086918,2021,201086918,1,9,0,16,19,1,4,0,0,0,1,0,0,0,1,1,6,6,2,38,7,1496,1,2,TOYOTA YARIS,4,E01010002,0,-1
2021430550201,2021,430550201,3,9,0,18,19,2,7,0,0,0,0,0,0,0,1,1,6,6,2,63,9,1329,1,6,TOYOTA YARIS,8,E01028716,0,-1
2021440377528,2021,440377528,1,9,0,4,4,3,7,0,0,2,0,0,0,0,2,1,6,6,1,-1,-1,1496,1,3,TOYOTA YARIS,-1,-1,0,-1
2021041034197,2021,041034197,2,9,0,18,19,5,1,0,0,1,0,0,0,0,1,1,5,6,1,30,6,1296,1,14,TOYOTA YARIS,2,E01025284,0,-1
2021451046550,2021,451046550,1,9,0,18,19,3,8,0,0,3,0,0,0,0,1,1,3,7,1,49,8,1296,1,15,TOYOTA YARIS,9,E01030413,0,-1
2021010352307,2021,010352307,1,9,0,5,5,3,7,0,0,8,0,0,0,0,1,1,6,6,1,71,10,1299,1,16,TOYOTA YARIS,2,E01001340,0,-1
2021010298785,2021,010298785,1,9,0,99,99,9,9,99,99,9,9,99,9,99,2,9,6,6,2,41,7,1329,1,6,TOYOTA YARIS,1,E01003252,0,-1
2021061119966,2021,061119966,2,9,0,3,3,3,7,0,0,1,0,0,0,0,1,1,6,6,2,30,6,1296,1,12,TOYOTA YARIS,-1,-1,0,-1
2021061095374,2021,061095374,1,9,0,7,7,5,7,0,0,0,0,0,0,0,1,1,6,6,3,30,6,1329,1,10,TOYOTA YARIS,-1,-1,0,-1
2021351092998,2021,351092998,1,9,0,18,19,4,7,0,0,0,0,0,0,0,1,1,5,6,2,37,7,1329,1,12,TOYOTA YARIS,1,E01015604,0,-1
2021010293618,2021,010293618,1,9,0,99,99,9,9,99,99,9,9,99,9,99,2,9,6,6,2,29,6,1296,1,14,TOYOTA YARIS,4,E01003053,0,-1
2021531112919,2021,531112919,1,9,0,17,19,3,7,0,0,0,5,0,7,0,1,1,5,6,2,19,4,1299,1,21,TOYOTA YARIS,3,E01022134,0,-1
2021041074650,2021,041074650,2,9,0,18,19,4,8,0,0,3,1,0,7,0,3,1,5,6,1,37,7,1364,2,12,TOYOTA YARIS,4,E01005628,0,-1
202131D087321,2021,31D087321,2,9,0,2,2,0,0,0,0,0,0,0,0,0,1,1,6,6,1,21,5,998,1,12,TOYOTA YARIS,7,E01028402,0,-1
2021451079615,2021,451079615,3,9,0,18,19,5,1,0,0,0,0,0,0,0,0,1,6,6,3,-1,-1,998,1,19,TOYOTA YARIS,-1,-1,0,-1
2021061075532,2021,061075532,1,9,0,18,19,1,5,0,0,1,0,0,0,0,1,1,6,6,2,79,11,1490,8,0,TOYOTA YARIS,5,E01004767,0,-1
2021201135668,2021,201135668,1,9,0,18,19,7,3,0,0,2,0,0,0,0,4,1,6,6,1,59,9,1329,1,4,TOYOTA YARIS,7,E01010545,0,-1
2021351033562,2021,351033562,1,9,0,18,19,-1,-1,0,0,8,0,0,0,0,1,1,6,6,1,-1,-1,1329,1,9,TOYOTA YARIS,-1,-1,0,-1
2021302101228,2021,302101228,2,9,0,7,7,4,6,0,0,8,0,0,0,0,1,1,6,6,1,42,7,1299,1,17,TOYOTA YARIS,-1,-1,0,-1
2021430495981,2021,430495981,2,9,0,18,19,6,2,0,0,5,0,0,0,0,1,1,6,6,3,-1,-1,1490,8,1,TOYOTA YARIS,-1,-1,0,-1
2021430292228,2021,430292228,4,9,0,18,19,5,1,0,0,0,0,0,0,0,1,1,6,6,1,52,8,1299,1,19,TOYOTA YARIS,3,E01033422,0,-1
2021451112489,2021,451112489,2,9,0,18,19,7,3,0,0,1,0,0,0,0,4,1,5,6,1,24,5,1363,2,17,TOYOTA YARIS,9,E01030802,0,-1
2021522103938,2021,522103938,1,9,0,6,6,2,2,0,0,8,0,0,0,0,3,1,6,6,1,29,6,1363,2,17,TOYOTA YARIS,2,E01014529,0,-1
2021131062468,2021,131062468,1,9,0,18,19,7,3,0,0,8,0,0,3,1,1,1,6,6,3,-1,-1,1296,1,13,TOYOTA YARIS,-1,-1,0,-1
2021361146556,2021,361146556,1,9,0,18,19,4,1,0,0,8,0,0,0,0,1,1,5,6,1,84,11,1329,1,7,TOYOTA YARIS,8,E01026542,0,-1
2021501086073,2021,501086073,2,9,0,18,19,5,1,0,0,0,0,0,0,0,1,1,5,6,2,52,8,1497,8,8,TOYOTA YARIS,5,E01015205,0,-1
2021041114381,2021,041114381,2,9,0,11,11,1,5,0,0,0,0,0,0,0,1,1,5,6,1,70,10,1299,1,20,TOYOTA YARIS,6,E01019351,0,-1
2021122101425,2021,122101425,1,9,0,5,5,5,1,0,0,6,0,0,1,0,3,1,6,6,2,29,6,1496,1,3,TOYOTA YARIS,2,E01009317,0,-1
2021122101090,2021,122101090,2,9,0,18,19,7,3,0,0,0,0,0,0,0,1,1,6,6,1,82,11,1299,1,16,TOYOTA YARIS,6,E01025367,0,-1
2021061030575,2021,061030575,1,9,0,18,19,3,3,0,0,1,0,0,0,0,4,1,6,6,1,26,6,998,1,19,TOYOTA YARIS,2,E01005371,0,-1
2021131043528,2021,131043528,1,9,0,9,9,7,6,0,0,0,0,0,0,0,1,1,6,6,1,43,7,1296,1,15,TOYOTA YARIS,1,E01011045,0,-1
2021201061606,2021,201061606,2,9,0,3,3,6,2,0,0,1,0,0,0,0,2,1,6,6,2,26,6,1364,2,13,TOYOTA YARIS,3,E01009184,0,-1
2021461093665,2021,461093665,1,9,0,14,14,2,6,0,0,1,0,0,7,0,1,1,5,6,1,31,6,1299,1,17,TOYOTA YARIS,4,E01016097,0,-1
2021440510075,2021,440510075,1,9,0,9,9,5,3,0,0,8,5,0,1,10,1,1,6,6,2,71,10,1296,1,14,TOYOTA YARIS,9,E01022958,0,-1
2021991054165,2021,991054165,1,9,0,18,19,1,5,0,0,0,5,0,0,0,3,1,2,2,2,60,9,1329,1,5,TOYOTA YARIS,8,-1,0,-1
2021461055407,2021,461055407,2,9,0,2,2,0,0,0,0,0,0,0,0,0,2,1,3,7,2,36,7,1363,2,17,TOYOTA YARIS,2,E01016161,0,-1
2021522101665,2021,522101665,1,9,0,18,19,8,4,0,0,1,0,0,0,0,4,1,6,6,1,19,4,998,1,16,TOYOTA YARIS,2,E01014390,0,-1
2021010352464,2021,010352464,2,9,0,99,99,9,9,99,99,9,9,99,9,99,9,9,6,6,3,-1,-1,1497,8,6,TOYOTA YARIS,-1,-1,0,-1
2021141102011,2021,141102011,3,9,0,18,19,1,5,0,0,0,0,0,0,0,3,1,6,6,1,57,9,1364,2,12,TOYOTA YARIS,-1,-1,0,-1
2021471077091,2021,471077091,1,9,0,18,19,7,3,0,0,4,0,0,0,0,1,1,5,6,2,22,5,998,1,16,TOYOTA YARIS,4,E01031551,0,-1
2021010294862,2021,010294862,2,9,0,5,5,7,3,0,0,1,0,99,0,0,1,1,6,6,1,-1,-1,1296,1,13,TOYOTA YARIS,-1,-1,0,-1
2021010323611,2021,010323611,2,9,0,7,7,5,7,0,0,5,0,0,7,0,3,1,6,6,1,42,7,1497,8,1,TOYOTA YARIS,3,E01004571,0,-1
202106J079054,2021,06J079054,1,9,0,18,19,7,1,0,0,0,0,0,0,0,4,1,3,7,2,36,7,1497,8,3,TOYOTA YARIS,10,E01005794,0,-1
2021010312294,2021,010312294,1,9,0,99,99,9,9,99,99,9,9,99,9,99,2,9,6,6,2,54,8,1329,1,12,TOYOTA YARIS,6,E01004077,0,-1
2021201080673,2021,201080673,1,9,0,18,19,8,4,0,0,1,0,0,0,0,1,1,3,7,2,45,7,1497,8,5,TOYOTA YARIS,1,E01033649,0,-1
2021131124265,2021,131124265,1,9,0,18,19,7,3,0,0,0,0,0,0,0,1,1,6,6,1,43,7,1364,2,9,TOYOTA YARIS,3,E01011304,0,-1
2021041101793,2021,041101793,1,9,0,18,19,1,5,0,0,4,0,0,0,0,1,1,5,6,1,39,7,998,1,18,TOYOTA YARIS,6,E01025334,0,-1
2021430544031,2021,430544031,1,9,0,9,9,4,2,0,0,5,0,0,0,0,4,1,6,6,2,-1,-1,1490,8,0,TOYOTA YARIS,-1,-1,0,-1
2021131042935,2021,131042935,1,9,0,18,19,7,3,0,0,0,0,0,0,0,1,1,5,6,1,47,8,1329,1,7,TOYOTA YARIS,1,E01011677,0,-1
2021522201516,2021,522201516,1,9,0,18,19,2,6,0,0,0,0,0,0,0,3,1,6,6,2,40,7,1329,1,6,TOYOTA YARIS,2,E01014810,0,-1
2021522105388,2021,522105388,1,9,0,2,2,0,0,0,0,0,0,0,0,0,2,1,1,1,1,27,6,1299,1,16,TOYOTA YARIS,1,E01014653,0,-1
2021010329321,2021,010329321,2,9,0,99,99,9,9,99,99,9,9,99,9,99,3,9,6,6,3,-1,-1,1497,8,5,TOYOTA YARIS,9,E01000716,0,-1
2021131088913,2021,131088913,2,9,0,18,19,1,1,0,0,0,0,0,0,0,1,1,5,6,1,31,6,1364,2,15,TOYOTA YARIS,2,E01011082,0,-1
2021141124756,2021,141124756,2,9,0,5,5,3,6,0,0,1,0,0,0,0,3,1,6,6,2,-1,-1,998,1,18,TOYOTA YARIS,-1,-1,0,-1
2021061093410,2021,061093410,2,9,0,18,19,5,1,0,0,8,0,0,0,0,1,1,6,6,1,26,6,1364,2,11,TOYOTA YARIS,6,E01011226,0,-1
2021061102669,2021,061102669,2,9,0,18,19,2,6,0,0,8,0,0,0,0,1,1,6,6,1,28,6,998,1,16,TOYOTA YARIS,5,E01004831,0,-1
2021430515833,2021,430515833,1,9,0,4,4,8,4,0,0,1,0,0,0,0,2,1,6,6,2,31,6,1299,1,19,TOYOTA YARIS,6,E01016471,0,-1
2021010305502,2021,010305502,1,9,0,5,5,0,1,8,6,1,0,0,0,0,1,1,6,6,1,28,6,1329,1,6,TOYOTA YARIS,-1,-1,0,-1
2021010347289,2021,010347289,2,9,0,99,99,9,9,99,99,9,9,99,9,99,9,9,6,6,3,36,7,1296,1,15,TOYOTA YARIS,2,E01002879,0,-1
2021430295033,2021,430295033,4,9,0,18,19,3,7,0,0,2,0,0,0,0,4,1,6,6,2,42,7,1329,1,9,TOYOTA YARIS,10,E01016652,0,-1
2021421103680,2021,421103680,1,9,0,18,19,3,8,0,0,0,0,0,0,0,1,1,1,1,1,19,4,1329,1,11,TOYOTA YARIS,2,E01022046,0,-1
2021461088614,2021,461088614,2,9,0,18,19,3,7,0,0,0,0,0,0,0,4,1,6,6,2,37,7,1496,1,1,TOYOTA YARIS,1,E01024278,0,-1
2021320578954,2021,320578954,2,9,0,7,7,2,4,0,0,0,0,0,1,0,2,1,2,2,2,23,5,1490,8,1,TOYOTA YARIS,6,E01026031,0,-1
2021221096957,2021,221096957,1,9,0,18,19,8,4,0,0,8,0,0,0,0,1,1,5,6,1,21,5,1296,1,14,TOYOTA YARIS,4,E01014044,0,-1
2021141065335,2021,141065335,1,9,0,9,9,2,8,0,0,8,0,0,0,0,1,1,5,6,1,27,6,1497,8,0,TOYOTA YARIS,6,E01007452,0,-1
2021010300361,2021,010300361,1,9,0,9,9,3,1,0,0,8,0,0,0,0,1,1,6,6,2,46,8,1497,8,6,TOYOTA YARIS,2,E01001961,0,-1
2021010341843,2021,010341843,2,9,0,99,99,9,9,99,99,9,9,99,9,99,9,9,6,6,1,23,5,1299,1,16,TOYOTA YARIS,2,E01033705,0,-1
2021010347574,2021,010347574,1,9,9,99,99,9,9,99,99,9,9,99,9,99,9,2,6,6,3,-1,-1,1296,1,14,TOYOTA YARIS,-1,-1,0,-1
2021010311603,2021,010311603,1,9,0,9,9,4,2,0,0,5,0,0,0,0,3,1,6,6,1,39,7,1497,8,4,TOYOTA YARIS,-1,-1,0,-1
2021461021569,2021,461021569,1,9,0,18,19,6,2,0,0,0,0,0,0,0,1,1,6,6,1,42,7,998,1,20,TOYOTA YARIS,6,E01016080,0,-1
2021302101816,2021,302101816,2,9,0,3,3,6,8,0,0,8,0,0,0,0,2,1,6,6,1,34,6,998,1,16,TOYOTA YARIS,1,E01013484,0,-1
2021131105515,2021,131105515,3,9,0,3,3,3,7,0,0,0,0,0,0,0,2,1,5,6,2,53,8,1296,1,14,TOYOTA YARIS,5,E01011356,0,-1
2021010332796,2021,010332796,2,9,0,99,99,9,9,99,99,9,9,99,9,99,1,9,6,6,3,31,6,1364,2,15,TOYOTA YARIS,-1,-1,0,-1
2021471050861,2021,471050861,1,9,0,18,19,3,7,9,9,0,0,4,1,11,4,1,5,6,1,83,11,1497,8,4,TOYOTA YARIS,7,E01021165,0,-1
2021170S11581,2021,170S11581,1,9,0,18,19,5,1,0,0,4,0,0,0,0,1,1,6,6,1,25,5,1296,1,13,TOYOTA YARIS,7,E01012209,0,-1
2021131116731,2021,131116731,2,9,0,-1,-1,-1,-1,-1,-1,0,-1,-1,-1,-1,-1,1,3,7,2,29,6,1296,1,13,TOYOTA YARIS,3,E01010657,0,-1
2021302101793,2021,302101793,3,9,0,18,19,6,2,0,0,0,0,0,0,0,3,1,6,6,1,-1,-1,1496,1,3,TOYOTA YARIS,10,E01007430,0,-1
2021531070947,2021,531070947,1,9,0,14,14,7,2,0,0,8,0,0,0,0,1,1,6,6,1,39,7,1497,8,6,TOYOTA YARIS,9,E01022174,0,-1
202131B189921,2021,31B189921,1,9,0,4,4,6,2,0,0,7,0,0,0,0,2,1,2,2,2,26,6,1329,1,6,TOYOTA YARIS,8,E01026136,0,-1
2021201110433,2021,201110433,1,9,0,18,19,1,1,0,0,0,0,0,0,0,1,1,6,6,2,45,7,998,1,14,TOYOTA YARIS,-1,-1,0,-1
2021041100236,2021,041100236,1,9,0,-1,-1,-1,-1,0,0,1,0,0,0,0,1,1,6,6,1,54,8,998,1,14,TOYOTA YARIS,5,E01025190,0,-1
2021010344293,2021,010344293,2,9,0,18,19,3,7,0,0,2,0,0,0,0,1,1,6,6,3,-1,-1,998,1,19,TOYOTA YARIS,-1,-1,0,-1
2021544399421,2021,544399421,1,9,0,18,19,5,1,0,0,1,0,0,0,0,1,1,2,2,1,21,5,1329,1,10,TOYOTA YARIS,8,E01031946,0,-1
2021991069801,2021,991069801,1,9,0,7,7,8,4,0,0,0,1,4,4,0,1,1,5,6,2,80,11,998,1,11,TOYOTA YARIS,2,-1,0,-1
2021622100217,2021,622100217,2,9,0,18,19,2,6,0,0,3,0,0,0,0,2,1,6,6,2,24,5,1329,1,8,TOYOTA YARIS,9,W01001653,0,-1
2021421086189,2021,421086189,1,9,0,18,19,1,5,0,0,1,0,0,0,0,1,1,5,6,2,34,6,1329,1,5,TOYOTA YARIS,9,E01021682,0,-1
2021061130470,2021,061130470,1,9,0,18,19,5,1,0,0,1,0,0,0,0,3,1,6,6,2,60,9,1329,1,8,TOYOTA YARIS,4,E01005304,0,-1
2021141054468,2021,141054468,2,9,0,18,19,3,1,0,0,1,0,4,0,0,1,1,2,2,2,33,6,1496,1,3,TOYOTA YARIS,6,E01007613,0,-1
2021211096659,2021,211096659,1,9,0,3,3,1,5,0,0,0,0,0,0,0,2,1,5,6,2,28,6,998,1,7,TOYOTA YARIS,-1,-1,0,-1
2021141013784,2021,141013784,1,9,0,7,7,8,4,0,0,2,0,0,0,0,0,1,5,6,1,40,7,1329,1,7,TOYOTA YARIS,7,E01007381,0,-1
2021010350889,2021,010350889,1,9,0,18,19,3,7,0,0,1,0,0,7,2,1,1,6,6,2,37,7,1299,1,19,TOYOTA YARIS,3,E01001823,0,-1
2021440379485,2021,440379485,3,9,0,18,19,5,1,0,0,0,0,0,0,0,1,1,6,6,1,32,6,1497,8,9,TOYOTA YARIS,1,E01010283,0,-1
2021061035119,2021,061035119,2,9,0,3,3,7,7,0,0,0,0,0,0,0,2,1,6,6,1,32,6,1329,1,9,TOYOTA YARIS,2,E01005140,0,-1
2021430464365,2021,430464365,2,9,0,3,3,5,1,0,0,0,0,0,0,0,2,1,6,6,1,20,4,1329,1,11,TOYOTA YARIS,2,E01016741,0,-1
2021451106814,2021,451106814,1,9,0,3,3,7,1,0,0,7,0,0,0,0,2,1,6,6,2,48,8,1497,8,6,TOYOTA YARIS,8,E01030390,0,-1
2021471126831,2021,471126831,1,9,0,18,19,1,5,0,0,0,5,0,1,4,1,1,6,6,1,47,8,1299,1,17,TOYOTA YARIS,10,E01031619,0,-1
2021131121660,2021,131121660,1,9,0,18,19,5,1,0,0,0,0,0,0,0,3,1,5,6,2,57,9,1490,8,0,TOYOTA YARIS,5,E01011415,0,-1
2021141110822,2021,141110822,1,9,0,18,19,7,3,0,0,0,0,4,0,0,1,1,6,6,1,39,7,998,1,19,TOYOTA YARIS,1,E01007568,0,-1
2021010329658,2021,010329658,1,9,0,99,99,9,9,99,99,9,9,99,9,99,2,9,1,1,2,32,6,1497,8,5,TOYOTA YARIS,6,E01002135,0,-1
2021401055978,2021,401055978,1,9,0,18,19,3,7,0,0,0,0,0,0,0,3,1,6,6,2,75,10,1496,1,3,TOYOTA YARIS,4,E01017600,0,-1
2021061029380,2021,061029380,1,9,0,18,19,3,7,0,0,4,0,0,0,0,1,1,6,6,3,30,6,1497,8,7,TOYOTA YARIS,-1,-1,0,-1
2021430049756,2021,430049756,2,9,0,3,3,4,8,0,0,2,0,0,0,0,2,1,6,6,1,-1,-1,1296,1,14,TOYOTA YARIS,-1,-1,0,-1
2021010349809,2021,010349809,1,9,0,99,99,9,9,99,99,9,9,99,9,99,9,9,6,6,3,-1,-1,1299,1,21,TOYOTA YARIS,8,E01016093,0,-1
2021201124960,2021,201124960,1,9,0,5,5,4,8,0,0,4,0,0,0,0,3,1,6,6,2,80,11,1299,1,18,TOYOTA YARIS,9,E01009694,0,-1
2021440128625,2021,440128625,2,9,0,18,19,7,3,0,0,0,0,0,0,0,1,1,6,6,1,39,7,1497,8,5,TOYOTA YARIS,5,E01017273,0,-1
2021010340139,2021,010340139,2,9,0,9,9,4,2,0,0,2,0,0,0,0,3,1,6,6,1,26,6,1497,8,8,TOYOTA YARIS,2,E01004365,0,-1
2021061045119,2021,061045119,1,9,0,18,19,6,2,0,0,0,0,0,0,0,3,1,6,6,3,30,6,1329,1,6,TOYOTA YARIS,1,E01005287,0,-1
2021131101961,2021,131101961,2,9,0,17,19,3,7,0,0,0,0,0,0,0,2,1,5,6,1,51,8,1296,1,15,TOYOTA YARIS,1,E01010832,0,-1
2021141080821,2021,141080821,2,9,0,9,9,8,6,0,0,8,0,0,0,0,4,1,6,6,1,22,5,1296,1,12,TOYOTA YARIS,5,E01007350,0,-1
2021302102022,2021,302102022,1,9,0,18,19,6,2,0,0,0,5,7,4,6,1,1,6,6,1,27,6,1364,2,13,TOYOTA YARIS,1,E01009373,0,-1
2021991070640,2021,991070640,1,9,0,9,9,2,7,0,0,2,0,0,0,0,1,1,5,6,2,73,10,1329,1,9,TOYOTA YARIS,5,-1,0,-1
2021010330460,2021,010330460,2,9,0,99,99,9,9,99,99,9,9,99,9,99,9,9,6,6,1,62,9,1329,1,9,TOYOTA YARIS,5,E01004275,0,-1
2021010337521,2021,010337521,1,9,0,18,19,1,5,0,0,2,0,0,0,0,4,1,6,6,1,83,11,1497,8,4,TOYOTA YARIS,5,E01002700,0,-1
2021010324305,2021,010324305,1,9,0,4,4,5,1,0,0,0,0,0,0,0,2,1,6,6,1,43,7,1497,8,5,TOYOTA YARIS,2,E01001712,0,-1
2021471071088,2021,471071088,2,9,0,18,19,8,4,0,0,0,0,0,0,0,1,1,5,6,2,41,7,1497,8,3,TOYOTA YARIS,4,E01004148,0,-1
2021010307663,2021,010307663,2,9,0,99,99,9,9,99,99,9,9,99,9,99,1,9,6,6,3,27,6,1497,8,1,TOYOTA YARIS,2,E01000013,0,-1
2021141022797,2021,141022797,2,9,0,18,19,7,4,0,0,1,0,0,0,0,3,1,6,6,1,17,4,998,1,14,TOYOTA YARIS,3,E01007789,0,-1
2021010300581,2021,010300581,1,9,0,18,19,3,7,0,0,0,1,10,0,0,1,1,6,6,2,23,5,1299,1,18,TOYOTA YARIS,-1,-1,0,-1
2021201142156,2021,201142156,1,9,0,9,9,2,8,0,0,3,1,0,0,0,2,1,2,2,2,42,7,998,1,18,TOYOTA YARIS,1,E01009378,0,-1
2021131055124,2021,131055124,1,9,0,9,9,6,5,0,0,0,0,0,0,0,1,1,6,6,3,-1,-1,1296,1,12,TOYOTA YARIS,-1,-1,0,-1
202106Q079305,2021,06Q079305,2,9,0,18,19,5,1,0,0,8,0,0,0,0,2,1,6,6,2,53,8,1296,1,14,TOYOTA YARIS,2,E01005337,0,-1
2021531096984,2021,531096984,1,9,0,18,19,8,4,0,0,0,0,4,0,0,1,1,2,2,2,62,9,1490,8,0,TOYOTA YARIS,4,E01022241,0,-1
2021201077731,2021,201077731,2,9,0,1,1,3,7,0,0,0,0,0,0,0,0,1,6,6,2,24,5,998,1,14,TOYOTA YARIS,1,E01009480,0,-1
2021061027194,2021,061027194,1,9,0,18,19,2,6,0,0,1,0,0,0,0,1,1,6,6,1,29,6,1364,2,13,TOYOTA YARIS,4,E01033655,0,-1
2021461037135,2021,461037135,2,9,0,18,19,4,8,0,0,1,0,0,0,0,1,1,6,6,1,54,8,1329,1,12,TOYOTA YARIS,6,E01024335,0,-1
2021201100482,2021,201100482,1,9,0,18,19,2,6,0,0,0,2,10,1,10,1,1,6,6,1,-1,-1,1296,1,14,TOYOTA YARIS,-1,-1,0,-1
2021010342374,2021,010342374,1,9,0,99,99,9,9,0,0,0,9,99,9,99,2,9,2,2,2,39,7,1329,1,9,TOYOTA YARIS,3,E01002542,0,-1
2021010295805,2021,010295805,1,9,0,99,99,9,9,99,99,0,9,99,9,99,9,1,6,6,1,35,6,1497,8,1,TOYOTA YARIS,3,E01002457,0,-1
2021061064808,2021,061064808,1,9,0,18,19,3,7,0,0,1,0,0,0,0,1,1,6,6,1,51,8,998,1,19,TOYOTA YARIS,3,E01005310,0,-1
2021041088129,2021,041088129,1,9,0,7,7,2,6,0,0,2,0,0,0,0,3,1,5,6,1,23,5,1798,1,12,TOYOTA YARIS,2,E01006112,0,-1
2021111121154,2021,111121154,1,9,0,18,19,8,4,0,0,1,0,0,0,0,1,1,5,6,2,50,8,998,1,12,TOYOTA YARIS,1,E01020745,0,-1
2021501030662,2021,501030662,1,9,0,17,19,3,1,0,0,8,1,0,0,0,2,1,5,6,2,19,4,998,1,16,TOYOTA YARIS,7,E01015226,0,-1
2021010345277,2021,010345277,1,9,0,99,99,9,9,99,99,9,9,99,9,99,2,9,6,6,2,39,7,1497,8,8,TOYOTA YARIS,3,E01000088,0,-1
2021522104571,2021,522104571,2,9,0,18,19,7,3,0,0,0,0,0,0,0,1,1,6,6,1,-1,-1,1329,1,12,TOYOTA YARIS,-1,-1,0,-1
2021131071961,2021,131071961,2,9,0,-1,-1,-1,-1,-1,-1,8,-1,-1,-1,0,-1,1,6,6,3,-1,-1,1329,1,5,TOYOTA YARIS,-1,-1,0,-1
2021041022857,2021,041022857,2,9,0,18,19,5,1,0,0,0,0,0,0,0,1,2,5,6,2,69,10,1497,8,6,TOYOTA YARIS,5,E01025395,0,-1
2021302101084,2021,302101084,3,9,0,4,4,2,6,0,0,8,0,0,0,0,4,1,2,2,2,40,7,1329,1,8,TOYOTA YARIS,7,E01029471,0,-1
2021471096306,2021,471096306,1,9,0,9,9,3,2,0,0,6,0,0,0,0,3,1,5,6,1,83,11,1329,1,12,TOYOTA YARIS,9,E01031696,0,-1
2021351116233,2021,351116233,1,9,0,5,5,1,7,0,0,1,0,0,0,0,1,1,5,6,2,63,9,1497,8,4,TOYOTA YARIS,9,E01018162,0,-1
2021552101318,2021,552101318,2,9,0,2,2,0,0,0,0,0,0,0,0,0,1,1,1,1,1,64,9,1796,1,16,TOYOTA YARIS,9,E01015342,0,-1
2021401018980,2021,401018980,1,9,0,17,19,4,8,0,0,1,0,11,0,0,1,1,5,6,1,81,11,1497,8,3,TOYOTA YARIS,10,E01017657,0,-1
2021041118818,2021,041118818,1,9,0,18,19,4,8,0,0,0,0,0,0,0,4,2,5,6,1,81,11,1496,1,4,TOYOTA YARIS,10,E01025467,0,-1
2021010290103,2021,010290103,2,9,0,99,99,9,9,99,99,9,9,99,9,99,1,9,6,6,3,65,9,1490,8,1,TOYOTA YARIS,-1,-1,0,-1
2021201087798,2021,201087798,1,9,0,7,7,2,3,0,0,0,0,0,0,0,3,1,6,6,1,19,4,998,1,15,TOYOTA YARIS,1,E01009152,0,-1
2021201149719,2021,201149719,2,9,0,3,3,2,6,0,0,1,0,0,0,0,2,1,6,6,1,25,5,998,1,18,TOYOTA YARIS,2,E01010047,0,-1
2021010288858,2021,010288858,1,9,0,99,99,9,9,99,99,9,9,99,9,99,2,9,6,6,1,26,6,1329,1,7,TOYOTA YARIS,2,E01002096,0,-1
2021531073301,2021,531073301,1,9,0,18,19,2,8,0,0,8,1,0,0,0,1,1,6,6,1,75,10,1497,8,3,TOYOTA YARIS,5,E01014049,0,-1
2021201080746,2021,201080746,4,9,0,4,4,8,4,0,0,0,0,0,0,0,4,1,6,6,1,21,5,1364,2,9,TOYOTA YARIS,2,E01013919,0,-1
2021170M11711,2021,170M11711,1,9,0,18,19,4,8,0,0,0,0,0,0,0,4,1,2,2,2,32,6,1329,1,5,TOYOTA YARIS,1,E01012250,0,-1
2021010337000,2021,010337000,2,9,0,18,19,4,8,0,0,2,0,0,0,0,4,1,6,6,2,64,9,1497,8,5,TOYOTA YARIS,4,E01002101,0,-1
2021131041147,2021,131041147,1,9,0,7,7,1,3,0,0,8,0,0,0,0,1,1,6,6,3,-1,-1,1364,2,10,TOYOTA YARIS,-1,-1,0,-1
2021552100751,2021,552100751,2,9,0,13,13,8,4,0,0,0,0,0,7,0,1,1,6,6,1,74,10,1496,1,1,TOYOTA YARIS,2,E01029248,0,-1
2021101026746,2021,101026746,1,9,0,9,9,1,7,0,0,1,0,10,7,1,1,1,5,6,1,25,5,1329,1,5,TOYOTA YARIS,5,E01008787,0,-1
2021201060903,2021,201060903,1,9,0,18,19,-1,-1,0,0,0,0,0,0,0,1,1,6,6,3,-1,-1,1296,1,14,TOYOTA YARIS,5,E01008959,0,-1
2021010331725,2021,010331725,2,9,0,99,99,9,9,99,99,9,9,99,9,99,9,9,6,6,2,18,4,1497,8,9,TOYOTA YARIS,10,E01030398,0,-1
2021430584051,2021,430584051,2,9,0,4,4,6,2,0,0,1,0,0,0,0,2,1,6,6,1,-1,-1,1329,1,8,TOYOTA YARIS,-1,-1,0,-1
2021430558297,2021,430558297,2,9,0,18,19,2,6,0,0,2,0,0,0,0,1,1,6,6,1,32,6,1296,1,14,TOYOTA YARIS,6,E01016574,0,-1
2021070165542,2021,070165542,1,9,0,4,4,4,8,0,0,0,0,0,0,0,1,1,6,6,2,47,8,998,1,12,TOYOTA YARIS,6,E01007158,0,-1
2021010342867,2021,010342867,1,9,0,9,9,5,2,0,0,2,0,11,1,11,1,1,6,6,2,67,10,1497,8,5,TOYOTA YARIS,8,E01000880,0,-1
2021610059221,2021,610059221,1,9,0,16,19,1,4,0,0,1,1,0,1,1,3,1,6,6,2,74,10,1497,8,7,TOYOTA YARIS,5,E01028126,0,-1