collision_index,collision_year,collision_ref_no,vehicle_reference,vehicle_type,towing_and_articulation,vehicle_manoeuvre_historic,vehicle_manoeuvre,vehicle_direction_from,vehicle_direction_to,vehicle_location_restricted_lane_historic,vehicle_location_restricted_lane,junction_location,skidding_and_overturning,hit_object_in_carriageway,vehicle_leaving_carriageway,hit_object_off_carriageway,first_point_of_impact,vehicle_left_hand_drive,journey_purpose_of_driver_historic,journey_purpose_of_driver,sex_of_driver,age_of_driver,age_band_of_driver,engine_capacity_cc,propulsion_code,age_of_vehicle,generic_make_model,driver_imd_decile,lsoa_of_driver,escooter_flag,driver_distance_banding
2021041042707,2021,041042707,1,9,0,18,19,6,2,0,0,1,1,0,1,4,4,1,5,6,2,22,5,1329,1,7,TOYOTA YARIS,8,E01024971,0,-1
2021461088624,2021,461088624,1,9,0,18,19,7,3,0,0,0,0,0,0,0,2,1,6,6,1,34,6,1497,8,4,TOYOTA YARIS,3,E01000718,0,-1
2021131040919,2021,131040919,2,9,0,9,9,3,8,0,0,0,0,0,0,0,4,1,6,6,1,71,10,1497,8,3,TOYOTA YARIS,3,E01011125,0,-1
2021101064391,2021,101064391,2,9,0,18,19,1,4,0,0,8,0,0,0,0,1,1,5,6,2,21,5,998,1,10,TOYOTA YARIS,3,E01008739,0,-1
2021361078140,2021,361078140,2,9,0,18,19,1,5,0,0,0,0,0,0,0,1,1,5,6,2,70,10,998,1,11,TOYOTA YARIS,7,E01026754,0,-1
202131A104621,2021,31A104621,1,9,0,4,4,1,5,0,0,4,0,0,0,0,2,1,6,6,1,70,10,1329,1,11,TOYOTA YARIS,10,E01028198,0,-1
2021401058387,2021,401058387,1,9,0,18,19,5,1,0,0,4,0,0,0,0,1,1,5,6,2,49,8,1329,1,7,TOYOTA YARIS,7,E01015695,0,-1
2021201046791,2021,201046791,1,9,0,18,19,7,3,0,0,1,0,0,0,0,4,1,6,6,2,51,8,1299,1,17,TOYOTA YARIS,3,E01009138,0,-1
2021141064294,2021,141064294,1,9,0,18,19,3,7,0,0,0,0,0,0,0,4,1,5,6,1,84,11,1497,8,8,TOYOTA YARIS,4,E01028028,0,-1
2021010323247,2021,010323247,3,9,3,2,2,0,0,0,0,0,1,0,0,0,1,1,6,6,3,-1,-1,1329,1,9,TOYOTA YARIS,-1,-1,0,-1
2021302100527,2021,302100527,1,9,0,4,4,6,2,0,0,0,0,0,0,0,2,1,2,2,1,40,7,1364,2,15,TOYOTA YARIS,9,E01019615,0,-1
2021061120529,2021,061120529,1,9,0,18,19,7,3,0,0,8,0,0,0,0,3,1,3,7,2,44,7,1329,1,12,TOYOTA YARIS,4,E01006110,0,-1
2021501101469,2021,501101469,1,9,0,4,4,5,1,0,0,0,0,0,0,0,1,1,3,7,2,37,7,1329,1,11,TOYOTA YARIS,5,E01015070,0,-1
2021461103303,2021,461103303,3,9,0,18,19,3,7,0,0,0,0,0,0,0,2,1,6,6,2,71,10,1299,1,17,TOYOTA YARIS,10,E01016050,0,-1
2021501087432,2021,501087432,2,9,0,18,19,1,5,0,0,0,0,4,0,0,1,1,5,6,2,61,9,1296,1,14,TOYOTA YARIS,6,E01020276,0,-1
2021141115783,2021,141115783,1,9,0,7,7,8,2,0,0,2,1,0,7,4,1,1,6,6,2,33,6,998,1,21,TOYOTA YARIS,1,E01007766,0,-1
2021302101043,2021,302101043,2,9,0,18,19,4,8,0,0,0,0,0,0,0,3,1,6,6,2,79,11,1497,8,6,TOYOTA YARIS,1,E01019488,0,-1
2021010292943,2021,010292943,1,9,0,18,19,3,7,0,0,1,0,4,0,0,1,1,6,6,1,31,6,1798,1,14,TOYOTA YARIS,2,E01001815,0,-1
2021520106124,2021,520106124,2,9,0,18,19,6,2,0,0,0,0,0,0,0,1,1,6,6,1,50,8,1329,1,9,TOYOTA YARIS,5,E01029200,0,-1
2021302100882,2021,302100882,1,9,0,12,12,8,4,0,0,8,0,0,0,0,2,1,6,6,1,25,5,1496,1,2,TOYOTA YARIS,9,E01013514,0,-1
202163A045521,2021,63A045521,1,9,0,18,19,8,4,0,0,2,0,0,1,10,4,1,6,6,1,46,8,1496,1,1,TOYOTA YARIS,5,W01000632,0,-1
2021221056436,2021,221056436,2,9,0,3,3,5,1,0,0,1,0,0,0,0,2,1,5,6,2,51,8,1329,1,10,TOYOTA YARIS,3,E01014156,0,-1
2021131061019,2021,131061019,3,9,0,18,19,5,1,0,0,1,0,0,0,0,1,1,2,2,1,27,6,998,1,14,TOYOTA YARIS,1,E01010676,0,-1
2021201030198,2021,201030198,3,9,0,2,2,0,0,0,0,0,0,0,0,0,3,1,6,6,2,-1,-1,998,1,12,TOYOTA YARIS,1,E01009061,0,-1
2021010348173,2021,010348173,1,9,0,11,11,2,6,9,9,1,0,7,1,0,1,1,6,6,2,88,11,1296,1,14,TOYOTA YARIS,9,E01000272,0,-1
2021501124946,2021,501124946,1,9,0,4,4,7,1,9,9,0,0,0,0,0,1,1,5,6,1,79,11,1490,8,0,TOYOTA YARIS,4,E01020129,0,-1
2021461124929,2021,461124929,1,9,0,18,19,1,5,0,0,0,1,0,0,0,3,1,6,6,1,32,6,1296,1,14,TOYOTA YARIS,1,E01024257,0,-1
2021010334593,2021,010334593,2,9,0,99,99,9,9,99,99,9,9,99,9,99,2,9,6,6,3,-1,-1,1329,1,9,TOYOTA YARIS,-1,-1,0,-1
2021501064858,2021,501064858,1,9,0,9,9,5,3,0,0,5,0,11,0,0,1,1,6,6,2,44,7,1497,8,1,TOYOTA YARIS,5,E01004021,0,-1
2021201111980,2021,201111980,1,9,0,9,9,4,1,0,0,6,0,0,0,0,1,1,2,2,1,50,8,1329,1,10,TOYOTA YARIS,1,E01009339,0,-1
2021141127404,2021,141127404,1,9,0,13,13,4,8,0,0,0,5,0,7,1,1,1,6,6,1,34,6,1329,1,12,TOYOTA YARIS,3,E01008004,0,-1
2021471077460,2021,471077460,1,9,0,3,3,3,7,0,0,2,0,0,0,0,1,1,6,6,2,83,11,1329,1,8,TOYOTA YARIS,9,E01017001,0,-1
2021070095671,2021,070095671,1,9,0,12,12,5,2,0,0,1,0,0,0,0,4,1,2,2,1,19,4,998,1,16,TOYOTA YARIS,9,E01018420,0,-1
2021122100965,2021,122100965,1,9,0,9,9,3,1,0,0,8,0,0,7,0,1,1,6,6,2,72,10,1497,8,4,TOYOTA YARIS,9,E01012339,0,-1
2021231032853,2021,231032853,1,9,0,2,2,0,0,9,9,0,0,0,0,0,3,1,5,6,1,32,6,1496,1,2,TOYOTA YARIS,7,E01031091,0,-1
20211382M1029,2021,1382M1029,1,9,0,18,19,8,5,0,0,0,1,0,7,11,1,1,6,6,2,44,7,1299,1,17,TOYOTA YARIS,3,E01010747,0,-1
2021010289079,2021,010289079,1,9,0,99,99,9,9,99,99,9,9,99,9,99,1,9,6,6,1,52,8,1296,1,15,TOYOTA YARIS,6,E01001571,0,-1
2021201128711,2021,201128711,1,9,0,18,19,4,8,0,0,8,0,0,0,0,1,1,6,6,3,-1,-1,1296,1,15,TOYOTA YARIS,-1,-1,0,-1
2021010306260,2021,010306260,2,9,0,2,2,0,0,0,0,1,0,0,0,0,2,1,6,6,3,-1,-1,1490,8,0,TOYOTA YARIS,-1,-1,0,-1
2021010346301,2021,010346301,1,9,0,18,19,7,3,0,0,4,0,0,0,0,1,1,6,6,1,48,8,1329,1,6,TOYOTA YARIS,5,E01030725,0,-1
2021041024053,2021,041024053,2,9,0,18,19,7,3,0,0,1,0,0,0,0,1,1,6,6,1,42,7,1329,1,12,TOYOTA YARIS,1,E01025186,0,-1
2021010308486,2021,010308486,1,9,0,10,10,1,6,6,6,0,0,0,0,0,3,1,6,6,1,41,7,1296,1,13,TOYOTA YARIS,3,E01000148,0,-1
202131C005821,2021,31C005821,1,9,0,2,2,0,0,0,0,1,0,0,0,0,3,1,1,1,1,42,7,1296,1,14,TOYOTA YARIS,7,E01033410,0,-1
2021070210398,2021,070210398,1,9,0,18,19,5,1,0,0,1,0,0,0,0,1,1,6,6,1,60,9,1329,1,9,TOYOTA YARIS,2,E01033303,0,-1
2021010342400,2021,010342400,2,9,0,99,99,9,9,99,99,9,9,99,9,99,9,9,6,6,2,60,9,1329,1,11,TOYOTA YARIS,1,E01002039,0,-1
2021411095977,2021,411095977,1,9,0,9,9,4,8,0,0,1,1,0,0,0,1,1,6,6,2,23,5,1496,1,3,TOYOTA YARIS,6,E01023606,0,-1
2021471092917,2021,471092917,1,9,0,9,9,6,4,0,0,8,0,0,0,0,1,1,5,6,2,38,7,1329,1,6,TOYOTA YARIS,7,E01021029,0,-1
2021302101257,2021,302101257,1,9,0,9,9,2,7,0,0,5,0,0,1,0,1,1,6,6,2,-1,-1,1299,1,17,TOYOTA YARIS,-1,-1,0,-1
2021010299946,2021,010299946,2,9,0,99,99,9,9,99,99,9,9,99,9,99,9,9,6,6,3,-1,-1,1296,1,14,TOYOTA YARIS,6,E01003738,0,-1
2021061027567,2021,061027567,2,9,0,18,19,5,1,0,0,0,0,0,0,0,4,1,6,6,3,30,6,1296,1,15,TOYOTA YARIS,1,E01005077,0,-1
2021010304106,2021,010304106,2,9,0,18,19,5,1,0,0,0,0,0,0,0,3,1,6,6,1,26,6,1299,1,18,TOYOTA YARIS,3,E01000195,0,-1
2021471080045,2021,471080045,2,9,0,18,19,4,8,0,0,1,0,0,0,0,4,2,6,6,2,65,9,1299,1,16,TOYOTA YARIS,9,E01031764,0,-1
2021111059159,2021,111059159,1,9,0,18,19,3,7,0,0,1,0,0,0,0,1,1,2,2,1,21,5,998,1,17,TOYOTA YARIS,2,E01012314,0,-1
2021111044320,2021,111044320,1,9,0,18,19,2,6,0,0,6,0,0,0,0,3,1,5,6,1,76,11,1329,1,8,TOYOTA YARIS,5,E01020657,0,-1
2021010299069,2021,010299069,3,9,0,2,2,0,0,0,0,2,0,0,0,0,2,1,6,6,3,-1,-1,1296,1,14,TOYOTA YARIS,-1,-1,0,-1
2021010317725,2021,010317725,2,9,0,4,4,7,3,0,0,1,0,0,0,0,2,1,2,2,2,51,8,1299,1,20,TOYOTA YARIS,4,E01004591,0,-1
2021131050159,2021,131050159,2,9,0,18,19,1,5,0,0,1,0,0,0,0,1,1,5,6,1,63,9,1497,8,4,TOYOTA YARIS,8,E01011397,0,-1
2021430500145,2021,430500145,1,9,0,12,12,8,4,0,0,2,0,0,0,0,3,1,6,6,2,52,8,998,1,18,TOYOTA YARIS,-1,-1,0,-1
2021531042997,2021,531042997,1,9,0,18,19,8,4,0,0,0,0,0,0,0,4,1,6,6,1,45,7,998,1,20,TOYOTA YARIS,9,E01032297,0,-1
2021451058124,2021,451058124,1,9,0,17,19,5,2,0,0,0,1,10,1,11,1,1,5,6,2,21,5,1364,2,14,TOYOTA YARIS,8,E01030662,0,-1
2021547292921,2021,547292921,2,9,0,3,3,7,3,0,0,1,0,0,0,0,2,1,6,6,2,39,7,1329,1,8,TOYOTA YARIS,8,E01031900,0,-1
2021411136290,2021,411136290,1,9,0,18,19,5,1,0,0,0,0,0,0,0,1,1,5,6,1,36,7,1299,1,21,TOYOTA YARIS,-1,-1,0,-1
2021101084807,2021,101084807,1,9,0,18,19,3,7,0,0,4,0,0,0,0,1,1,5,6,1,34,6,1296,1,15,TOYOTA YARIS,-1,-1,0,-1
2021131052310,2021,131052310,1,9,0,9,9,8,6,0,0,8,0,0,0,0,4,1,6,6,2,26,6,1497,8,7,TOYOTA YARIS,3,E01010762,0,-1
2021471081687,2021,471081687,2,9,0,5,5,7,3,0,0,6,0,0,0,0,4,1,5,6,2,43,7,1496,1,4,TOYOTA YARIS,10,E01031689,0,-1
2021201138938,2021,201138938,2,9,0,18,19,2,6,0,0,8,0,0,0,0,3,1,1,1,1,47,8,1497,8,3,TOYOTA YARIS,5,E01009449,0,-1
2021061125105,2021,061125105,2,9,0,18,19,7,3,0,0,0,0,0,0,0,1,1,6,6,2,35,6,1296,1,14,TOYOTA YARIS,7,E01006245,0,-1
2021201146358,2021,201146358,2,9,0,18,19,5,1,0,0,0,0,4,0,0,1,1,6,6,1,49,8,998,1,15,TOYOTA YARIS,7,E01010121,0,-1
2021622100947,2021,622100947,2,9,0,18,19,5,1,0,0,8,0,0,7,0,1,1,6,6,2,59,9,1329,1,8,TOYOTA YARIS,3,W01001302,0,-1
2021010317902,2021,010317902,1,9,0,18,19,7,3,0,0,4,0,0,0,0,1,1,6,6,2,63,9,1497,8,5,TOYOTA YARIS,4,E01033745,0,-1
2021520200013,2021,520200013,2,9,0,3,3,2,6,0,0,4,0,0,0,0,2,1,6,6,1,28,6,998,1,16,TOYOTA YARIS,5,E01029102,0,-1
2021010335412,2021,010335412,1,9,0,18,19,5,1,0,0,1,0,0,0,0,1,1,6,6,1,29,6,1296,1,13,TOYOTA YARIS,4,E01002000,0,-1
2021052102101,2021,052102101,2,9,0,18,19,3,7,0,0,1,0,0,0,0,1,1,2,2,2,46,8,1329,1,12,TOYOTA YARIS,2,E01006813,0,-1
2021522105052,2021,522105052,2,9,0,18,19,1,5,0,0,8,0,0,0,0,1,1,6,6,1,45,7,998,1,16,TOYOTA YARIS,-1,-1,0,-1
2021552100630,2021,552100630,2,9,0,12,12,5,1,0,0,0,0,0,0,0,0,1,6,6,1,88,11,1299,1,18,TOYOTA YARIS,6,E01015454,0,-1
2021010342808,2021,010342808,2,9,0,18,19,3,7,0,0,4,0,0,0,0,3,1,6,6,1,24,5,1296,1,15,TOYOTA YARIS,2,E01001579,0,-1
2021531048114,2021,531048114,1,9,0,18,19,3,7,0,0,8,0,0,0,0,4,2,5,6,1,33,6,998,1,15,TOYOTA YARIS,1,E01022291,0,-1
2021461128035,2021,461128035,1,9,0,18,19,1,5,0,0,0,0,0,0,0,1,1,6,6,2,-1,-1,998,1,18,TOYOTA YARIS,6,E01024749,0,-1
2021041091971,2021,041091971,2,9,0,9,9,2,6,0,0,5,0,0,0,0,1,1,5,6,1,52,8,1364,2,14,TOYOTA YARIS,2,E01025185,0,-1
2021111128143,2021,111128143,2,9,0,18,19,7,3,0,0,0,0,0,1,0,1,1,6,6,2,36,7,1329,1,11,TOYOTA YARIS,5,E01027752,0,-1
2021010332974,2021,010332974,1,9,0,5,5,3,7,0,0,4,0,0,0,0,1,1,2,2,2,65,9,1497,8,7,TOYOTA YARIS,10,E01000813,0,-1
2021411050007,2021,411050007,1,9,0,18,19,4,7,0,0,0,2,0,7,0,1,1,5,6,2,35,6,1299,1,17,TOYOTA YARIS,8,E01033028,0,-1
2021010320465,2021,010320465,3,9,0,3,3,3,7,0,0,1,0,0,0,0,4,1,6,6,1,25,5,1299,1,16,TOYOTA YARIS,6,E01000069,0,-1
2021451066575,2021,451066575,1,9,0,9,9,1,5,0,0,1,0,0,0,0,1,1,6,6,1,66,10,998,1,21,TOYOTA YARIS,3,E01030793,0,-1
2021421110809,2021,421110809,2,9,0,3,3,2,6,0,0,2,0,0,0,0,2,1,5,6,1,57,9,1496,1,2,TOYOTA YARIS,9,E01021454,0,-1
2021061134731,2021,061134731,2,9,-1,-1,-1,5,3,-1,-1,-1,-1,-1,-1,0,4,1,5,6,1,49,8,1363,2,17,TOYOTA YARIS,-1,-1,0,-1
2021061132340,2021,061132340,2,9,0,18,19,7,3,0,0,8,0,0,0,0,1,1,6,6,1,30,6,998,1,15,TOYOTA YARIS,4,E01005816,0,-1
2021138390197,2021,138390197,1,9,0,13,13,2,6,0,0,0,0,0,0,0,4,1,1,1,1,66,10,998,1,18,TOYOTA YARIS,4,E01011320,0,-1
2021010327781,2021,010327781,2,9,0,9,9,5,2,0,0,2,0,0,0,0,1,1,6,6,1,48,8,1296,1,14,TOYOTA YARIS,6,E01003738,0,-1
2021131110815,2021,131110815,1,9,0,18,19,5,7,0,0,1,0,0,0,0,1,1,6,6,3,-1,-1,998,1,9,TOYOTA YARIS,-1,-1,0,-1
2021991044787,2021,991044787,1,9,0,5,5,8,4,0,0,6,0,0,0,0,1,1,6,6,1,69,10,1329,1,12,TOYOTA YARIS,7,-1,0,-1
2021371101574,2021,371101574,1,9,0,7,7,6,2,0,0,8,0,0,0,0,4,1,5,6,2,73,10,1296,1,14,TOYOTA YARIS,4,E01030028,0,-1
2021061077579,2021,061077579,1,9,0,18,19,1,1,0,0,1,0,7,0,0,1,1,5,6,2,81,11,1329,1,7,TOYOTA YARIS,4,E01005622,0,-1
2021131034740,2021,131034740,2,9,0,18,19,7,3,0,0,0,0,0,0,0,3,1,5,6,1,35,6,1329,1,8,TOYOTA YARIS,3,E01010871,0,-1
2021010352083,2021,010352083,1,9,0,99,99,9,9,99,99,9,9,99,9,99,9,9,6,6,2,25,5,998,1,14,TOYOTA YARIS,2,E01003336,0,-1
2021461109249,2021,461109249,1,9,0,17,19,6,3,0,0,0,0,0,0,0,1,1,6,6,2,18,4,1329,1,8,TOYOTA YARIS,7,E01024793,0,-1
2021010330025,2021,010330025,1,9,0,99,99,9,9,99,99,9,9,99,9,99,9,9,6,6,2,53,8,1496,1,4,TOYOTA YARIS,3,E01033150,0,-1
2021471090229,2021,471090229,1,9,0,17,19,1,6,9,9,0,1,0,2,11,1,1,5,6,2,71,10,1329,1,5,TOYOTA YARIS,9,E01021072,0,-1
2021041064951,2021,041064951,1,9,0,1,1,-1,-1,0,0,1,0,0,0,0,2,1,6,6,3,82,11,1329,1,7,TOYOTA YARIS,5,E01025009,0,-1
2021991056796,2021,991056796,1,9,0,18,19,4,1,0,0,1,0,0,0,0,1,1,6,6,1,59,9,998,1,17,TOYOTA YARIS,7,-1,0,-1
2021010333336,2021,010333336,2,9,0,99,99,9,9,99,99,9,9,99,9,99,1,9,6,6,3,-1,-1,1296,1,13,TOYOTA YARIS,-1,-1,0,-1
2021010344815,2021,010344815,1,9,0,5,5,6,2,0,0,6,0,0,0,0,3,1,6,6,1,41,7,1329,1,8,TOYOTA YARIS,2,E01001136,0,-1
2021552101264,2021,552101264,1,9,0,7,7,4,6,0,0,0,0,0,0,0,1,1,6,6,1,84,11,1497,8,5,TOYOTA YARIS,8,E01015333,0,-1
2021111099402,2021,111099402,2,9,0,18,19,6,2,0,0,2,0,0,0,0,1,1,6,6,2,69,10,1496,1,2,TOYOTA YARIS,6,E01020821,0,-1
2021461039033,2021,461039033,3,9,0,5,5,6,2,0,0,0,0,0,0,0,1,1,2,2,2,23,5,1296,1,15,TOYOTA YARIS,9,E01032816,0,-1
2021201138690,2021,201138690,2,9,0,8,8,5,7,0,0,1,0,0,0,0,2,1,6,6,1,52,8,1299,1,18,TOYOTA YARIS,1,E01009564,0,-1
2021061083922,2021,061083922,2,9,0,6,6,5,2,0,0,1,0,0,0,0,3,1,5,6,2,56,9,1296,1,14,TOYOTA YARIS,2,E01006112,0,-1
20211383G1209,2021,1383G1209,1,9,0,1,1,2,6,0,0,0,0,0,0,0,2,1,6,6,2,32,6,1497,8,4,TOYOTA YARIS,7,E01011835,0,-1
2021010288135,2021,010288135,1,9,0,99,99,9,9,99,99,9,9,99,9,99,9,9,6,6,1,40,7,1497,8,7,TOYOTA YARIS,4,E01002455,0,-1
2021401056354,2021,401056354,1,9,0,18,19,-1,-1,0,0,0,0,12,0,0,1,1,6,6,1,47,8,998,1,6,TOYOTA YARIS,4,E01017595,0,-1
202134WNC1961,2021,34WNC1961,1,9,0,18,19,1,5,0,0,0,0,0,0,0,1,1,6,6,2,41,7,1329,1,6,TOYOTA YARIS,7,E01027279,0,-1
2021522102699,2021,522102699,1,9,0,2,2,0,0,0,0,8,0,0,0,0,3,1,6,6,1,23,5,1296,1,13,TOYOTA YARIS,6,E01022141,0,-1
2021061108271,2021,061108271,1,9,0,18,19,5,1,0,0,8,0,0,0,0,1,1,6,6,3,30,6,1329,1,8,TOYOTA YARIS,-1,-1,0,-1
202131D108321,2021,31D108321,1,9,0,9,9,3,1,0,0,6,5,0,0,0,1,1,6,6,1,78,11,1497,8,1,TOYOTA YARIS,7,E01028124,0,-1
2021351092277,2021,351092277,2,9,0,18,19,2,6,0,0,0,0,0,0,0,3,1,5,6,2,54,8,998,1,21,TOYOTA YARIS,10,E01018040,0,-1
2021201065130,2021,201065130,1,9,0,9,9,2,8,0,0,6,0,10,1,11,4,1,6,6,2,34,6,1296,1,15,TOYOTA YARIS,2,E01009102,0,-1
2021010331541,2021,010331541,2,9,0,99,99,9,9,99,99,0,9,99,9,99,3,9,6,6,3,51,8,998,1,13,TOYOTA YARIS,8,E01003818,0,-1
2021131101914,2021,131101914,1,9,0,13,13,1,5,0,0,8,0,0,0,0,4,1,6,6,3,-1,-1,1329,1,11,TOYOTA YARIS,-1,-1,0,-1
2021520101006,2021,520101006,2,9,0,2,2,0,0,0,0,0,0,0,0,0,2,1,6,6,1,58,9,1329,1,10,TOYOTA YARIS,6,E01029312,0,-1
2021221082649,2021,221082649,1,9,0,17,19,5,2,0,0,8,0,0,0,0,4,1,5,6,2,25,5,1364,2,14,TOYOTA YARIS,10,E01032367,0,-1
2021061059939,2021,061059939,2,9,0,3,3,3,7,0,0,0,0,0,0,0,2,1,5,6,1,21,5,1490,8,0,TOYOTA YARIS,6,E01024915,0,-1
2021552100755,2021,552100755,1,9,0,2,2,0,0,0,0,0,0,0,0,0,0,1,6,6,1,21,5,1298,1,18,TOYOTA YARIS,3,E01015285,0,-1
2021010337498,2021,010337498,1,9,0,3,3,7,3,8,6,0,0,0,0,0,4,1,1,1,1,71,10,1497,8,2,TOYOTA YARIS,8,E01000390,0,-1
2021991050402,2021,991050402,1,9,0,18,19,5,1,0,0,8,0,0,0,0,1,1,6,6,2,62,9,1497,8,2,TOYOTA YARIS,1,-1,0,-1
2021552101360,2021,552101360,1,9,0,18,19,4,8,0,0,0,0,0,0,0,1,1,2,2,2,57,9,998,1,11,TOYOTA YARIS,6,E01020508,0,-1
2021010337047,2021,010337047,2,9,0,99,99,9,9,99,99,9,9,99,9,99,1,9,6,6,1,37,7,1296,1,15,TOYOTA YARIS,-1,-1,0,-1
2021320615013,2021,320615013,2,9,0,18,19,1,5,0,0,0,0,0,0,0,2,1,6,6,1,70,10,1497,8,1,TOYOTA YARIS,9,E01026226,0,-1
2021371049607,2021,371049607,1,9,0,18,19,5,3,0,0,1,2,0,0,0,1,1,6,6,1,70,10,1329,1,4,TOYOTA YARIS,1,E01029994,0,-1
2021010350004,2021,010350004,2,9,9,99,99,9,9,99,99,9,9,99,9,99,9,9,6,6,3,-1,-1,1329,1,5,TOYOTA YARIS,-1,-1,0,-1
2021501134267,2021,501134267,2,9,0,18,19,7,3,0,0,0,0,0,0,0,1,1,6,6,2,82,11,1329,1,5,TOYOTA YARIS,5,E01019886,0,-1
2021401128581,2021,401128581,2,9,0,18,19,4,6,0,0,8,0,0,0,0,4,1,6,6,2,37,7,1497,8,5,TOYOTA YARIS,3,E01015730,0,-1
2021141016100,2021,141016100,1,9,0,7,7,7,1,0,0,8,1,0,0,0,4,1,2,2,2,37,7,1497,1,17,TOYOTA YARIS,3,E01007351,0,-1
2021061101271,2021,061101271,2,9,0,7,7,1,4,0,0,2,1,0,7,0,3,1,5,6,1,55,8,1364,2,13,TOYOTA YARIS,2,E01005460,0,-1
2021311107478,2021,311107478,1,9,0,18,19,3,7,0,0,0,0,7,0,0,1,1,5,6,2,87,11,1329,1,9,TOYOTA YARIS,9,E01028264,0,-1
2021302101628,2021,302101628,2,9,0,2,2,0,0,0,0,1,0,0,0,0,2,1,6,6,3,-1,-1,998,1,17,TOYOTA YARIS,-1,-1,0,-1
2021061094045,2021,061094045,2,9,0,2,2,0,0,0,0,8,0,0,0,0,1,1,6,6,3,-1,-1,1364,2,11,TOYOTA YARIS,-1,-1,0,-1
2021552100923,2021,552100923,1,9,0,9,9,1,6,0,0,6,0,0,0,0,1,1,6,6,2,74,10,1497,8,3,TOYOTA YARIS,2,E01029177,0,-1
2021161080494,2021,161080494,1,9,0,4,4,5,1,0,0,0,0,0,0,0,2,1,5,6,1,22,5,1497,8,4,TOYOTA YARIS,9,E01005848,0,-1
2021501055840,2021,501055840,1,9,0,18,19,1,5,0,0,8,0,0,0,0,3,1,6,6,2,68,10,1496,1,2,TOYOTA YARIS,3,E01020272,0,-1
2021131088916,2021,131088916,1,9,0,18,19,1,1,0,0,0,0,0,7,0,1,1,5,6,1,29,6,1329,1,7,TOYOTA YARIS,4,E01010675,0,-1
2021131076911,2021,131076911,2,9,0,-1,-1,-1,-1,-1,-1,0,-1,-1,-1,-1,-1,1,5,6,1,57,9,998,1,22,TOYOTA YARIS,1,E01011429,0,-1
2021131034548,2021,131034548,1,9,0,7,7,5,1,0,0,6,0,0,0,0,3,1,1,1,2,35,6,998,1,19,TOYOTA YARIS,4,E01011597,0,-1
2021131127326,2021,131127326,2,9,0,18,19,1,5,0,0,8,0,0,0,0,1,1,5,6,1,42,7,998,1,20,TOYOTA YARIS,3,E01015665,0,-1
2021131041027,2021,131041027,1,9,0,18,19,8,2,0,0,2,0,0,0,0,0,1,1,1,1,29,6,1364,2,11,TOYOTA YARIS,3,E01010835,0,-1
2021622100719,2021,622100719,2,9,0,9,9,8,6,0,0,1,0,0,0,0,2,1,6,6,1,42,7,1363,2,17,TOYOTA YARIS,2,W01001862,0,-1
2021451052356,2021,451052356,1,9,0,3,3,3,7,0,0,0,0,0,0,0,2,1,1,1,1,47,8,1299,1,20,TOYOTA YARIS,8,E01030384,0,-1
202154C559621,2021,54C559621,2,9,0,3,3,7,3,0,0,0,0,0,0,0,2,1,6,6,1,89,11,1497,8,2,TOYOTA YARIS,4,E01025827,0,-1
20211383E0860,2021,1383E0860,1,9,0,18,19,6,2,0,0,0,0,0,0,0,1,1,6,6,1,-1,-1,1364,2,15,TOYOTA YARIS,-1,-1,0,-1
2021440193717,2021,440193717,1,9,0,18,19,3,7,0,0,0,0,0,0,0,1,1,3,7,2,33,6,1329,1,12,TOYOTA YARIS,4,E01017028,0,-1
2021201132806,2021,201132806,2,9,0,18,19,4,8,0,0,8,0,0,0,0,3,1,6,6,1,79,11,1296,1,14,TOYOTA YARIS,7,E01010157,0,-1
2021440385922,2021,440385922,2,9,0,5,5,7,3,0,0,6,0,0,0,0,1,1,6,6,2,52,8,1299,1,19,TOYOTA YARIS,6,E01023288,0,-1
2021461029064,2021,461029064,1,9,0,4,4,5,1,0,0,0,0,0,0,0,1,1,6,6,2,51,8,1497,8,6,TOYOTA YARIS,6,E01024516,0,-1
2021520200168,2021,520200168,1,9,0,18,19,4,8,0,0,1,0,0,0,0,1,1,6,6,1,76,11,1296,1,13,TOYOTA YARIS,7,E01029250,0,-1
2021430161754,2021,430161754,2,9,0,17,19,8,5,0,0,8,0,0,0,0,3,1,6,6,2,42,7,1329,1,8,TOYOTA YARIS,9,E01022493,0,-1
2021131058126,2021,131058126,4,9,0,3,3,1,5,0,0,1,0,0,0,0,4,1,6,6,1,41,7,1363,2,16,TOYOTA YARIS,1,E01011038,0,-1
2021430564025,2021,430564025,1,9,0,18,19,4,8,0,0,4,0,0,1,11,1,1,6,6,2,46,8,1497,8,7,TOYOTA YARIS,8,E01016647,0,-1
2021010330948,2021,010330948,2,9,0,99,99,9,9,99,99,9,9,99,9,99,1,9,6,6,3,-1,-1,1329,1,5,TOYOTA YARIS,3,E01000638,0,-1
2021411065217,2021,411065217,2,9,0,18,19,7,3,0,0,8,0,0,0,0,1,1,5,6,1,77,11,1329,1,6,TOYOTA YARIS,9,E01023747,0,-1
2021461052096,2021,461052096,1,9,0,18,19,7,3,0,0,1,0,0,0,0,1,1,6,6,1,-1,-1,1329,1,6,TOYOTA YARIS,2,E01002068,0,-1
2021041115149,2021,041115149,1,9,0,12,12,1,3,0,0,1,0,0,0,0,1,1,6,6,1,-1,-1,1296,1,14,TOYOTA YARIS,1,E01024877,0,-1
2021131038026,2021,131038026,1,9,0,18,19,5,1,0,0,6,0,0,0,0,1,1,3,7,1,35,6,1329,1,8,TOYOTA YARIS,1,E01010813,0,-1