collision_index,collision_year,collision_ref_no,vehicle_reference,vehicle_type,towing_and_articulation,vehicle_manoeuvre_historic,vehicle_manoeuvre,vehicle_direction_from,vehicle_direction_to,vehicle_location_restricted_lane_historic,vehicle_location_restricted_lane,junction_location,skidding_and_overturning,hit_object_in_carriageway,vehicle_leaving_carriageway,hit_object_off_carriageway,first_point_of_impact,vehicle_left_hand_drive,journey_purpose_of_driver_historic,journey_purpose_of_driver,sex_of_driver,age_of_driver,age_band_of_driver,engine_capacity_cc,propulsion_code,age_of_vehicle,generic_make_model,driver_imd_decile,lsoa_of_driver,escooter_flag,driver_distance_banding
2021461092029,2021,461092029,2,9,0,18,19,6,2,0,0,1,0,0,0,0,3,1,6,6,2,40,7,1490,8,0,TOYOTA YARIS,3,E01032815,0,-1
2021522102352,2021,522102352,2,9,0,18,19,6,2,0,0,0,0,0,0,0,2,1,6,6,1,27,6,1364,2,13,TOYOTA YARIS,5,E01015019,0,-1
2021061115513,2021,061115513,1,9,0,7,7,2,4,0,0,1,0,0,0,0,1,1,5,6,3,30,6,1296,1,15,TOYOTA YARIS,-1,-1,0,-1
2021371121520,2021,371121520,1,9,0,7,7,6,8,0,0,6,0,0,0,0,1,1,5,6,2,79,11,1296,1,13,TOYOTA YARIS,6,E01030137,0,-1
2021461040790,2021,461040790,1,9,0,18,19,7,3,0,0,1,0,0,0,0,1,1,1,1,1,58,9,998,1,20,TOYOTA YARIS,3,E01033092,0,-1
2021351081559,2021,351081559,1,9,0,5,5,-1,-1,0,0,1,0,0,0,0,1,1,6,6,1,39,7,1497,8,2,TOYOTA YARIS,10,E01018007,0,-1
2021421038745,2021,421038745,1,9,0,18,19,3,7,0,0,0,0,0,0,0,4,1,2,2,2,64,9,1329,1,10,TOYOTA YARIS,5,E01021493,0,-1
2021520201590,2021,520201590,2,9,0,18,19,8,4,0,0,8,0,0,0,0,1,1,6,6,1,64,9,1497,8,3,TOYOTA YARIS,7,E01015567,0,-1
2021522105109,2021,522105109,1,9,0,18,19,1,5,0,0,0,0,0,0,0,1,1,6,6,2,67,10,1363,2,16,TOYOTA YARIS,10,E01014393,0,-1
2021501102898,2021,501102898,1,9,0,17,19,5,4,0,0,2,0,0,0,0,4,1,6,6,2,59,9,1329,1,9,TOYOTA YARIS,6,E01015220,0,-1
2021010316261,2021,010316261,2,9,0,9,9,1,6,0,0,5,0,0,0,0,0,1,1,1,1,54,8,1497,8,3,TOYOTA YARIS,4,E01002088,0,-1
2021522200205,2021,522200205,1,9,0,18,19,7,4,0,0,6,0,0,0,0,3,1,6,6,1,21,5,1497,8,1,TOYOTA YARIS,3,E01003519,0,-1
2021010309740,2021,010309740,2,9,0,99,99,9,9,99,99,9,9,99,9,99,9,9,6,6,3,46,8,1299,1,19,TOYOTA YARIS,2,E01000045,0,-1
2021010318791,2021,010318791,1,9,0,99,99,9,9,99,99,9,9,99,9,99,9,9,6,6,1,37,7,998,1,16,TOYOTA YARIS,-1,-1,0,-1
2021061099665,2021,061099665,3,9,0,3,3,6,2,0,0,1,0,0,0,0,2,1,5,6,2,30,6,1496,1,3,TOYOTA YARIS,8,E01005170,0,-1
2021320036467,2021,320036467,1,9,0,18,19,4,8,0,0,1,1,0,0,0,1,1,6,6,2,19,4,998,1,18,TOYOTA YARIS,8,E01026212,0,-1
2021201141332,2021,201141332,1,9,0,9,9,5,3,0,0,3,0,0,0,0,1,1,6,6,1,-1,-1,1329,1,12,TOYOTA YARIS,-1,-1,0,-1
2021041117105,2021,041117105,1,9,0,18,19,3,7,0,0,8,0,0,0,0,1,1,5,6,1,32,6,1363,2,18,TOYOTA YARIS,1,E01012586,0,-1
2021052100157,2021,052100157,1,9,0,9,9,1,7,0,0,8,0,0,0,0,1,1,6,6,2,62,9,1329,1,8,TOYOTA YARIS,2,E01007244,0,-1
2021440455341,2021,440455341,3,9,0,18,19,1,5,0,0,1,0,0,0,0,1,1,2,2,1,41,7,1296,1,14,TOYOTA YARIS,3,E01017080,0,-1
2021061102884,2021,061102884,1,9,0,8,8,3,5,0,0,1,0,0,0,0,2,1,5,6,1,43,7,1364,2,14,TOYOTA YARIS,2,E01005338,0,-1
2021201065715,2021,201065715,1,9,0,16,19,2,4,0,0,0,0,4,0,0,4,1,6,6,1,-1,-1,1364,2,13,TOYOTA YARIS,-1,-1,0,-1
2021311055754,2021,311055754,2,9,0,18,19,7,3,0,0,0,0,0,0,0,1,1,1,1,2,42,7,1364,2,14,TOYOTA YARIS,1,E01013812,0,-1
2021522103931,2021,522103931,1,9,0,1,1,1,3,0,0,0,0,0,0,10,2,1,6,6,1,86,11,1490,8,0,TOYOTA YARIS,9,E01014441,0,-1
2021221038898,2021,221038898,1,9,0,18,19,6,2,0,0,0,5,10,2,0,1,1,5,6,2,49,8,1299,1,19,TOYOTA YARIS,8,E01032223,0,-1
2021101103879,2021,101103879,1,9,0,18,19,3,7,0,0,0,0,0,0,0,1,1,5,6,2,32,6,1329,1,6,TOYOTA YARIS,1,E01008651,0,-1
2021041063397,2021,041063397,1,9,0,9,9,1,7,0,0,1,0,0,0,0,1,1,6,6,2,26,6,1299,1,16,TOYOTA YARIS,1,E01024875,0,-1
2021501126166,2021,501126166,1,9,0,18,19,6,2,0,0,0,0,0,0,0,4,1,1,1,2,65,9,1296,1,15,TOYOTA YARIS,3,E01020228,0,-1
202134WNC7531,2021,34WNC7531,1,9,0,5,5,3,7,0,0,0,0,0,0,0,1,1,6,6,1,-1,-1,1497,1,18,TOYOTA YARIS,-1,-1,0,-1
2021010348038,2021,010348038,2,9,0,8,8,3,5,0,0,1,0,0,0,0,3,1,6,6,1,46,8,1296,1,14,TOYOTA YARIS,6,E01003427,0,-1
2021010307086,2021,010307086,1,9,0,5,5,6,2,0,0,8,0,0,0,0,4,1,1,1,1,61,9,1299,1,16,TOYOTA YARIS,2,E01001515,0,-1
2021010317505,2021,010317505,1,9,0,99,99,9,9,99,99,9,9,99,9,99,1,9,6,6,3,-1,-1,1329,1,8,TOYOTA YARIS,-1,-1,0,-1
2021141026193,2021,141026193,2,9,0,18,19,2,6,0,0,1,0,0,0,0,1,1,5,6,1,66,10,998,1,18,TOYOTA YARIS,1,E01008059,0,-1
2021440223366,2021,440223366,1,9,0,18,19,2,6,0,0,0,0,0,0,0,4,1,6,6,2,79,11,998,1,15,TOYOTA YARIS,10,E01022605,0,-1
2021010291884,2021,010291884,1,9,0,3,3,3,7,99,99,9,9,99,9,99,2,9,6,6,2,44,7,1329,1,6,TOYOTA YARIS,1,E01003347,0,-1
2021041073316,2021,041073316,1,9,0,5,5,2,6,0,0,0,0,0,0,0,1,1,5,6,1,89,11,1497,8,3,TOYOTA YARIS,5,E01025201,0,-1
2021451102945,2021,451102945,1,9,0,1,1,1,3,0,0,0,0,0,0,0,2,1,6,6,2,77,11,1497,8,3,TOYOTA YARIS,8,E01000885,0,-1
2021061049110,2021,061049110,2,9,0,18,19,1,5,0,0,0,0,0,0,0,2,1,6,6,1,77,11,1329,1,9,TOYOTA YARIS,3,E01005702,0,-1
202131A199521,2021,31A199521,1,9,0,18,19,4,8,0,0,8,0,0,0,0,1,1,2,2,1,40,7,1296,1,14,TOYOTA YARIS,1,E01013486,0,-1
2021061042444,2021,061042444,1,9,0,17,19,3,7,0,0,0,0,0,0,0,4,1,6,6,1,30,6,1299,1,17,TOYOTA YARIS,5,E01006113,0,-1
2021010348583,2021,010348583,1,9,0,5,5,7,3,0,0,1,0,0,0,0,0,1,1,1,2,41,7,1497,8,5,TOYOTA YARIS,2,E01000189,0,-1
20211383F0906,2021,1383F0906,1,9,0,1,1,3,1,0,0,0,0,0,0,0,2,1,6,6,1,70,10,1296,1,13,TOYOTA YARIS,-1,-1,0,-1
2021401039266,2021,401039266,1,9,0,18,19,5,1,0,0,0,0,0,0,0,2,1,6,6,1,50,8,1364,2,15,TOYOTA YARIS,4,E01015711,0,-1
2021010292086,2021,010292086,1,9,0,18,19,1,5,0,0,8,0,0,0,0,2,9,6,6,2,51,8,1296,1,13,TOYOTA YARIS,2,E01003290,0,-1
2021111131458,2021,111131458,1,9,0,18,19,4,8,0,0,0,1,0,1,4,3,1,5,6,1,19,4,1497,1,20,TOYOTA YARIS,7,E01011959,0,-1
2021010316260,2021,010316260,1,9,0,99,99,9,9,99,99,9,9,99,9,99,3,9,6,6,2,38,7,1329,1,6,TOYOTA YARIS,3,E01003251,0,-1
2021546889621,2021,546889621,1,9,0,5,5,1,7,0,0,8,0,0,0,0,3,1,6,6,1,25,5,1296,1,14,TOYOTA YARIS,7,E01015568,0,-1
2021010333349,2021,010333349,1,9,0,18,19,1,5,0,0,3,0,0,0,0,1,1,6,6,1,69,10,1329,1,10,TOYOTA YARIS,10,E01004122,0,-1
2021061038695,2021,061038695,1,9,0,18,19,1,8,0,0,0,0,0,0,0,3,1,5,6,1,22,5,1364,2,15,TOYOTA YARIS,1,E01032921,0,-1
2021138421703,2021,138421703,1,9,0,4,4,2,6,0,0,1,0,0,0,0,2,1,6,6,1,37,7,998,1,12,TOYOTA YARIS,2,E01010930,0,-1
2021010335171,2021,010335171,2,9,0,18,19,1,5,0,0,8,0,11,0,0,1,1,6,6,1,41,7,1496,1,4,TOYOTA YARIS,4,E01033589,0,-1
2021320530574,2021,320530574,1,9,0,9,9,4,2,0,0,6,0,0,0,0,1,1,6,6,1,26,6,1497,8,9,TOYOTA YARIS,6,E01026153,0,-1
2021131039437,2021,131039437,1,9,0,18,19,2,2,0,0,0,5,10,2,0,3,1,5,6,1,33,6,998,1,21,TOYOTA YARIS,2,E01010792,0,-1
2021010307860,2021,010307860,2,9,0,18,19,7,3,0,0,1,0,0,0,0,1,1,6,6,2,28,6,1497,8,4,TOYOTA YARIS,2,E01001796,0,-1
2021440469667,2021,440469667,1,9,0,18,19,2,6,0,0,8,0,0,0,0,1,1,2,2,1,46,8,1329,1,5,TOYOTA YARIS,4,E01022524,0,-1
2021451088686,2021,451088686,2,9,0,9,9,1,6,0,0,1,0,0,0,0,1,1,6,6,1,30,6,1497,8,8,TOYOTA YARIS,7,E01030577,0,-1
2021138340411,2021,138340411,1,9,0,1,1,5,1,0,0,0,0,0,0,0,3,1,6,6,1,90,11,1329,1,10,TOYOTA YARIS,7,E01011119,0,-1
2021451099508,2021,451099508,2,9,0,18,19,8,4,0,0,0,0,0,0,0,1,1,5,6,1,23,5,1296,1,15,TOYOTA YARIS,3,E01001370,0,-1
2021010320658,2021,010320658,2,9,0,18,19,9,9,0,0,1,9,0,0,99,1,9,6,6,3,-1,-1,1497,8,6,TOYOTA YARIS,-1,-1,0,-1
2021010318091,2021,010318091,2,9,0,2,2,0,0,0,0,0,0,0,0,0,2,1,6,6,3,-1,-1,1329,1,7,TOYOTA YARIS,-1,-1,0,-1
2021471104049,2021,471104049,1,9,0,9,9,6,4,0,0,6,0,0,0,0,3,1,5,6,1,20,4,1299,1,19,TOYOTA YARIS,2,E01020929,0,-1
2021201103704,2021,201103704,2,9,0,18,19,8,4,0,0,3,0,0,0,0,4,1,6,6,1,50,8,1296,1,13,TOYOTA YARIS,1,E01009488,0,-1
2021141055111,2021,141055111,1,9,0,2,2,0,0,0,0,0,0,0,0,0,3,1,6,6,1,21,5,998,1,18,TOYOTA YARIS,2,E01007448,0,-1
2021461098304,2021,461098304,1,9,0,9,9,7,3,0,0,0,0,0,0,0,1,1,5,6,2,72,10,1497,8,1,TOYOTA YARIS,7,E01024459,0,-1
2021061037533,2021,061037533,1,9,0,2,2,5,1,0,0,0,0,0,0,0,3,1,6,6,1,-1,-1,1299,1,16,TOYOTA YARIS,2,E01004847,0,-1
2021471052732,2021,471052732,2,9,0,18,19,2,6,0,0,0,0,0,0,0,2,1,5,6,2,61,9,1497,8,6,TOYOTA YARIS,10,E01031680,0,-1
2021061106313,2021,061106313,2,9,0,17,19,7,3,0,0,4,0,0,0,0,4,1,6,6,1,24,5,1296,1,15,TOYOTA YARIS,3,E01005938,0,-1
2021131083832,2021,131083832,2,9,0,5,5,4,2,0,0,6,0,0,0,0,1,1,5,6,1,26,6,1296,1,13,TOYOTA YARIS,1,E01011347,0,-1
2021010347265,2021,010347265,1,9,0,11,11,1,5,0,0,3,0,0,0,0,1,1,6,6,1,51,8,1296,1,14,TOYOTA YARIS,2,E01001372,0,-1
2021010352234,2021,010352234,2,9,0,7,7,1,3,0,0,6,0,0,0,0,1,1,1,1,1,40,7,1296,1,13,TOYOTA YARIS,4,E01002681,0,-1
2021010336507,2021,010336507,1,9,0,3,3,3,7,0,0,8,0,0,0,0,2,1,6,6,2,33,6,1299,1,17,TOYOTA YARIS,4,E01001085,0,-1
2021411117028,2021,411117028,1,9,0,18,19,1,5,0,0,1,0,0,0,0,3,1,5,6,2,21,5,998,1,17,TOYOTA YARIS,9,E01023557,0,-1
2021440274937,2021,440274937,1,9,0,18,19,1,5,0,0,8,0,0,0,0,1,1,6,6,2,83,11,998,1,15,TOYOTA YARIS,9,E01023053,0,-1
2021041015754,2021,041015754,1,9,0,18,19,1,5,0,0,0,0,0,0,0,4,1,6,6,1,89,11,1329,1,9,TOYOTA YARIS,9,E01025569,0,-1
2021461111187,2021,461111187,1,9,0,11,11,3,7,0,0,0,0,0,0,0,1,1,2,2,2,45,7,1329,1,12,TOYOTA YARIS,6,E01016076,0,-1
2021170L20331,2021,170L20331,2,9,0,18,19,5,1,0,0,0,0,0,0,0,1,1,6,6,2,38,7,1299,1,18,TOYOTA YARIS,1,E01012090,0,-1
2021411118777,2021,411118777,2,9,0,7,7,7,1,0,0,8,0,0,1,0,3,1,5,6,2,84,11,1329,1,8,TOYOTA YARIS,10,E01023609,0,-1
2021451036609,2021,451036609,1,9,0,9,9,4,6,0,0,5,0,0,0,0,4,1,5,6,1,44,7,998,1,4,TOYOTA YARIS,10,E01030887,0,-1
2021031062741,2021,031062741,1,9,0,15,15,7,3,0,0,0,0,0,0,0,2,1,5,6,1,74,10,1490,8,0,TOYOTA YARIS,5,E01019327,0,-1
2021170M10551,2021,170M10551,1,9,0,18,19,8,4,0,0,8,0,0,0,0,1,1,1,1,1,40,7,1329,1,5,TOYOTA YARIS,-1,-1,0,-1
2021010341249,2021,010341249,1,9,0,99,99,9,9,99,99,9,9,99,9,99,2,9,6,6,1,50,8,1299,1,16,TOYOTA YARIS,1,E01001483,0,-1
2021010346705,2021,010346705,2,9,0,18,19,7,3,0,0,6,0,0,0,0,3,1,3,7,2,38,7,1296,1,13,TOYOTA YARIS,6,E01003738,0,-1
2021201075412,2021,201075412,2,9,0,18,19,-1,-1,0,0,2,0,0,0,0,3,1,6,6,1,31,6,998,1,9,TOYOTA YARIS,2,E01009515,0,-1
2021401119802,2021,401119802,5,9,0,4,4,7,3,0,0,1,0,0,0,0,2,1,6,6,1,22,5,1490,8,0,TOYOTA YARIS,3,E01015728,0,-1
2021401029973,2021,401029973,2,9,0,18,19,2,6,0,0,8,0,0,0,0,1,1,2,2,1,27,6,1329,1,12,TOYOTA YARIS,4,E01015712,0,-1
2021520104223,2021,520104223,2,9,0,18,19,2,6,0,0,0,0,0,0,0,1,1,6,6,2,46,8,1296,1,14,TOYOTA YARIS,5,E01029257,0,-1
2021070635466,2021,070635466,2,9,0,4,4,1,6,0,0,1,0,0,0,0,2,1,6,6,2,20,4,1364,2,8,TOYOTA YARIS,8,E01025163,0,-1
2021471074547,2021,471074547,2,9,0,3,3,7,3,0,0,1,0,0,0,0,2,1,5,6,1,61,9,1496,1,2,TOYOTA YARIS,8,E01031613,0,-1
2021430190211,2021,430190211,1,9,0,18,19,7,3,0,0,0,0,0,0,0,1,1,6,6,1,29,6,998,1,15,TOYOTA YARIS,5,E01017837,0,-1
202163B051621,2021,63B051621,1,9,0,9,9,3,1,0,0,5,0,0,0,0,4,1,6,6,2,18,4,998,1,17,TOYOTA YARIS,7,W01000532,0,-1
2021201137125,2021,201137125,2,9,0,18,19,-1,-1,0,0,0,0,0,0,0,3,1,6,6,1,50,8,1296,1,13,TOYOTA YARIS,1,E01010061,0,-1
2021070349319,2021,070349319,2,9,0,18,19,1,5,0,0,1,0,0,0,0,1,1,6,6,1,49,8,1490,8,0,TOYOTA YARIS,2,E01012425,0,-1
2021161029363,2021,161029363,2,9,0,18,19,7,3,0,0,8,0,0,0,0,1,1,4,7,2,22,5,1497,8,6,TOYOTA YARIS,-1,-1,0,-1
2021010308189,2021,010308189,1,9,0,9,9,3,2,0,0,2,0,0,0,0,1,1,6,6,1,17,4,1329,1,5,TOYOTA YARIS,2,E01004224,0,-1
2021201148325,2021,201148325,2,9,0,2,2,0,0,0,0,0,0,4,0,0,2,1,5,6,3,-1,-1,998,1,6,TOYOTA YARIS,-1,-1,0,-1
2021991070139,2021,991070139,1,9,0,18,19,4,1,0,0,4,0,0,0,0,1,1,5,6,1,73,10,1497,8,4,TOYOTA YARIS,3,-1,0,-1
2021221071258,2021,221071258,1,9,0,18,19,7,3,0,0,8,0,0,0,0,1,1,5,6,1,49,8,1363,2,17,TOYOTA YARIS,4,E01014019,0,-1
2021131083369,2021,131083369,1,9,0,9,9,6,8,0,0,0,0,0,0,0,1,1,5,6,2,40,7,1364,2,13,TOYOTA YARIS,1,E01033693,0,-1
2021010319613,2021,010319613,2,9,0,5,5,0,5,0,0,0,0,0,0,0,3,1,6,6,1,37,7,1296,1,14,TOYOTA YARIS,3,E01003296,0,-1
2021610062021,2021,610062021,1,9,0,18,19,1,5,0,0,8,0,0,0,0,3,1,2,2,1,36,7,1497,8,6,TOYOTA YARIS,5,W01001644,0,-1
2021351029581,2021,351029581,1,9,0,5,5,7,3,0,0,0,0,0,0,0,1,1,2,2,1,-1,-1,1497,1,16,TOYOTA YARIS,7,E01018185,0,-1
2021131033869,2021,131033869,1,9,0,-1,-1,-1,-1,-1,-1,-1,-1,-1,-1,-1,2,1,6,6,1,-1,-1,998,1,19,TOYOTA YARIS,-1,-1,0,-1
2021131126220,2021,131126220,1,9,0,16,19,7,5,0,0,0,0,0,0,0,2,1,5,6,2,59,9,1497,8,1,TOYOTA YARIS,8,E01011638,0,-1
2021131082189,2021,131082189,1,9,0,18,19,7,4,0,0,8,1,0,0,0,1,1,2,2,1,51,8,1299,1,17,TOYOTA YARIS,2,E01011230,0,-1
2021421066946,2021,421066946,1,9,0,9,9,7,6,0,0,6,1,0,0,0,1,1,6,6,2,55,8,1329,1,6,TOYOTA YARIS,2,E01021686,0,-1
2021991119880,2021,991119880,2,9,0,18,19,3,7,0,0,0,0,0,0,0,1,1,6,6,1,49,8,1329,1,8,TOYOTA YARIS,9,-1,0,-1
2021501121268,2021,501121268,2,9,0,18,19,5,2,0,0,7,0,0,0,0,1,1,5,6,2,31,6,1299,1,17,TOYOTA YARIS,5,E01015179,0,-1
202106K078808,2021,06K078808,2,9,0,18,19,7,3,0,0,8,0,0,0,0,1,1,6,6,1,33,6,1296,1,13,TOYOTA YARIS,1,E01004877,0,-1
2021041056852,2021,041056852,1,9,0,18,19,1,5,0,0,1,0,0,0,0,4,1,5,6,1,25,5,1364,2,15,TOYOTA YARIS,5,E01005025,0,-1
2021161024321,2021,161024321,1,9,0,17,19,6,2,0,0,0,2,0,7,10,1,1,2,2,1,41,7,998,1,14,TOYOTA YARIS,8,E01013104,0,-1
2021501064970,2021,501064970,1,9,0,18,19,5,1,0,0,1,0,0,0,0,1,1,6,6,3,-1,-1,1364,2,13,TOYOTA YARIS,-1,-1,0,-1
2021430042614,2021,430042614,2,9,0,18,19,8,4,0,0,8,0,0,0,0,3,1,6,6,2,33,6,1329,1,12,TOYOTA YARIS,7,E01016216,0,-1
202131C055621,2021,31C055621,2,9,0,10,10,4,8,0,0,8,0,0,0,0,2,1,6,6,1,31,6,998,1,17,TOYOTA YARIS,1,E01013812,0,-1
2021041058580,2021,041058580,1,9,0,18,19,8,4,0,0,0,0,0,0,0,3,1,1,1,1,33,6,1299,1,18,TOYOTA YARIS,8,E01012581,0,-1
2021052101316,2021,052101316,1,9,0,9,9,2,1,0,0,8,0,0,0,0,1,1,2,2,2,26,6,1497,8,2,TOYOTA YARIS,1,E01007009,0,-1
2021302100272,2021,302100272,1,9,0,4,4,8,2,0,0,3,0,0,0,0,2,1,6,6,2,41,7,1329,1,9,TOYOTA YARIS,6,E01013491,0,-1
2021430055036,2021,430055036,1,9,0,3,3,8,4,0,0,0,0,0,0,0,3,1,6,6,1,30,6,1364,2,15,TOYOTA YARIS,4,E01016457,0,-1
2021421037856,2021,421037856,1,9,0,18,19,4,1,0,0,4,0,0,0,0,1,1,2,2,2,57,9,1329,1,8,TOYOTA YARIS,6,E01022010,0,-1
2021010316963,2021,010316963,2,9,0,4,4,5,1,0,0,1,0,0,0,0,2,1,2,2,2,43,7,1490,8,0,TOYOTA YARIS,8,E01004144,0,-1
2021471116971,2021,471116971,2,9,0,18,19,1,5,0,0,8,1,0,5,0,3,1,2,2,2,28,6,1329,1,6,TOYOTA YARIS,6,E01031365,0,-1
2021131083832,2021,131083832,1,9,0,18,19,6,2,0,0,1,0,0,0,0,1,1,5,6,1,20,4,1299,1,18,TOYOTA YARIS,7,E01011511,0,-1
2021010343383,2021,010343383,1,9,0,99,99,9,9,99,99,9,9,99,9,99,4,9,6,6,2,58,9,1497,8,7,TOYOTA YARIS,2,E01003300,0,-1
2021201081531,2021,201081531,2,9,0,3,3,8,4,0,0,1,0,0,0,0,2,1,6,6,1,41,7,998,1,15,TOYOTA YARIS,2,E01009151,0,-1
2021010298212,2021,010298212,1,9,0,99,99,9,9,99,99,9,9,99,9,99,1,9,6,6,2,48,8,998,1,20,TOYOTA YARIS,2,E01003055,0,-1
2021471099464,2021,471099464,2,9,0,4,4,4,8,0,0,1,0,0,0,0,2,1,5,6,2,85,11,1329,1,6,TOYOTA YARIS,3,E01017007,0,-1
2021131041932,2021,131041932,1,9,0,18,19,5,1,0,0,0,1,0,0,0,1,1,5,6,1,35,6,998,1,15,TOYOTA YARIS,1,E01011912,0,-1
2021061099743,2021,061099743,2,9,0,18,19,3,7,0,0,0,0,0,0,0,4,1,6,6,2,39,7,1296,1,14,TOYOTA YARIS,1,E01005119,0,-1
2021421043500,2021,421043500,1,9,0,9,9,5,3,0,0,2,0,0,0,0,4,1,6,6,2,60,9,1497,8,4,TOYOTA YARIS,10,E01021570,0,-1
2021471031727,2021,471031727,1,9,0,18,19,5,1,0,0,0,0,0,0,0,1,1,6,6,1,56,9,1299,1,17,TOYOTA YARIS,7,E01024538,0,-1
2021131127651,2021,131127651,2,9,0,18,19,7,3,0,0,1,0,0,0,0,1,1,6,6,1,26,6,1364,2,8,TOYOTA YARIS,1,E01010618,0,-1
2021131103977,2021,131103977,1,9,0,7,7,5,3,0,0,1,0,0,0,0,1,1,5,6,1,21,5,998,1,12,TOYOTA YARIS,1,E01011430,0,-1
2021122101468,2021,122101468,1,9,0,5,5,5,7,0,0,4,0,0,0,0,1,1,6,6,2,72,10,1329,1,11,TOYOTA YARIS,10,E01013379,0,-1
2021440381765,2021,440381765,2,9,0,2,2,0,0,0,0,1,0,0,0,0,2,1,6,6,2,40,7,1296,1,14,TOYOTA YARIS,2,E01017106,0,-1
2021061115352,2021,061115352,1,9,0,18,19,6,2,0,0,1,0,0,0,0,1,1,6,6,3,30,6,1363,2,16,TOYOTA YARIS,-1,-1,0,-1
2021052101227,2021,052101227,2,9,0,18,19,5,1,0,0,1,0,0,4,6,4,1,6,6,2,71,10,1496,1,2,TOYOTA YARIS,10,E01006825,0,-1
202134NNC2041,2021,34NNC2041,2,9,0,18,19,5,1,0,0,1,0,0,0,0,4,1,6,6,2,67,10,1296,1,13,TOYOTA YARIS,9,E01027347,0,-1
2021010339644,2021,010339644,1,9,0,99,99,9,9,99,99,0,9,99,9,99,2,9,6,6,1,33,6,1363,2,18,TOYOTA YARIS,3,E01003719,0,-1
2021131068310,2021,131068310,1,9,0,16,19,3,7,0,0,0,2,0,1,0,1,1,6,6,1,34,6,998,1,16,TOYOTA YARIS,4,E01010890,0,-1
202106A080063,2021,06A080063,2,9,0,18,19,3,7,0,0,2,0,0,1,10,3,1,1,1,1,48,8,1329,1,12,TOYOTA YARIS,1,E01005194,0,-1
2021010333132,2021,010333132,1,9,0,18,19,1,5,0,0,0,5,10,1,1,1,1,6,6,1,63,9,998,1,21,TOYOTA YARIS,3,E01004562,0,-1
2021231095593,2021,231095593,1,9,0,9,9,7,5,0,0,6,0,0,0,0,3,1,3,7,2,39,7,1329,1,7,TOYOTA YARIS,9,E01031328,0,-1
2021471099901,2021,471099901,2,9,0,9,9,4,1,0,0,5,0,0,0,0,3,1,5,6,2,60,9,1329,1,11,TOYOTA YARIS,10,E01031729,0,-1
2021302100924,2021,302100924,1,9,0,9,9,4,2,0,0,2,0,0,0,0,3,1,6,6,1,18,4,1296,1,14,TOYOTA YARIS,2,E01019580,0,-1
2021471110297,2021,471110297,1,9,0,18,19,3,7,0,0,0,0,4,0,0,4,1,5,6,2,17,4,998,1,17,TOYOTA YARIS,8,E01031457,0,-1
2021522101523,2021,522101523,1,9,0,6,6,6,6,0,0,2,0,0,0,0,4,1,6,6,2,58,9,1497,8,9,TOYOTA YARIS,1,E01014589,0,-1
2021371051273,2021,371051273,1,9,0,-1,-1,-1,-1,0,0,0,1,7,0,0,-1,1,6,6,1,31,6,998,1,14,TOYOTA YARIS,1,E01030247,0,-1
2021061097475,2021,061097475,1,9,0,18,19,4,8,0,0,0,0,0,0,0,4,1,5,6,2,30,6,998,1,11,TOYOTA YARIS,5,E01005076,0,-1
2021010317542,2021,010317542,1,9,0,18,19,3,7,0,0,8,0,0,0,0,1,1,6,6,1,25,5,998,1,16,TOYOTA YARIS,3,E01004313,0,-1
2021411027642,2021,411027642,2,9,0,9,9,4,2,0,0,6,0,0,0,0,1,1,6,6,2,36,7,1497,8,3,TOYOTA YARIS,6,E01023789,0,-1
2021131101685,2021,131101685,2,9,0,18,19,5,1,0,0,8,0,0,0,0,4,1,6,6,1,49,8,1296,1,14,TOYOTA YARIS,1,E01011432,0,-1
2021501089846,2021,501089846,3,9,0,18,19,5,1,0,0,0,0,0,0,0,1,1,5,6,1,55,8,1497,8,3,TOYOTA YARIS,3,E01019692,0,-1
2021201044394,2021,201044394,1,9,0,9,9,5,3,0,0,0,0,0,7,0,1,1,6,6,2,35,6,998,1,18,TOYOTA YARIS,1,E01009334,0,-1
202131C047021,2021,31C047021,1,9,0,18,19,2,6,0,0,1,0,0,0,0,1,1,6,6,1,31,6,998,1,18,TOYOTA YARIS,3,E01013930,0,-1
2021211143904,2021,211143904,1,9,0,4,4,1,5,0,0,0,0,0,0,0,2,1,1,1,2,46,8,1497,8,1,TOYOTA YARIS,5,E01033537,0,-1
2021451107977,2021,451107977,1,9,0,4,4,1,5,0,0,0,0,0,0,0,2,1,2,2,1,54,8,1497,8,6,TOYOTA YARIS,8,E01016252,0,-1
2021552100345,2021,552100345,1,9,0,9,9,6,4,0,0,6,0,0,0,0,1,1,6,6,1,33,6,1299,1,16,TOYOTA YARIS,3,E01015283,0,-1
2021991074808,2021,991074808,1,9,0,16,19,1,5,0,0,0,1,6,0,0,1,1,6,6,2,49,8,1496,1,2,TOYOTA YARIS,10,-1,0,-1
2021430210887,2021,430210887,2,9,0,9,9,8,5,0,0,6,0,0,0,0,1,1,6,6,2,37,7,1299,1,17,TOYOTA YARIS,9,E01028535,0,-1
2021471089288,2021,471089288,1,9,0,18,19,5,1,0,0,0,1,0,0,0,1,1,5,6,1,82,11,1299,1,17,TOYOTA YARIS,5,E01031426,0,-1
2021070128582,2021,070128582,2,9,0,1,1,1,3,0,0,1,0,0,0,0,4,1,1,1,1,52,8,1363,2,18,TOYOTA YARIS,3,E01018451,0,-1