collision_index,collision_year,collision_ref_no,vehicle_reference,vehicle_type,towing_and_articulation,vehicle_manoeuvre_historic,vehicle_manoeuvre,vehicle_direction_from,vehicle_direction_to,vehicle_location_restricted_lane_historic,vehicle_location_restricted_lane,junction_location,skidding_and_overturning,hit_object_in_carriageway,vehicle_leaving_carriageway,hit_object_off_carriageway,first_point_of_impact,vehicle_left_hand_drive,journey_purpose_of_driver_historic,journey_purpose_of_driver,sex_of_driver,age_of_driver,age_band_of_driver,engine_capacity_cc,propulsion_code,age_of_vehicle,generic_make_model,driver_imd_decile,lsoa_of_driver,escooter_flag,driver_distance_banding
2021131052960,2021,131052960,1,9,0,1,1,7,3,0,0,8,0,0,0,0,2,1,6,6,3,-1,-1,1296,1,14,TOYOTA YARIS,-1,-1,0,-1
2021201063254,2021,201063254,1,9,0,4,4,2,5,9,9,0,0,0,1,0,1,1,6,6,3,-1,-1,1329,1,8,TOYOTA YARIS,-1,-1,0,-1
2021361061368,2021,361061368,2,9,0,4,4,7,3,0,0,0,0,0,0,0,2,1,2,2,2,22,5,1296,1,14,TOYOTA YARIS,6,E01026629,0,-1
2021122101120,2021,122101120,1,9,0,2,2,0,0,0,0,0,0,0,0,0,0,1,6,6,2,44,7,1329,1,8,TOYOTA YARIS,6,E01027756,0,-1
2021451027177,2021,451027177,2,9,0,8,8,7,7,4,4,0,0,0,0,0,1,1,6,6,2,73,10,998,1,21,TOYOTA YARIS,9,E01030742,0,-1
2021010328345,2021,010328345,1,9,0,3,3,5,1,0,0,0,0,0,0,0,1,1,6,6,1,18,4,1497,8,5,TOYOTA YARIS,2,E01004402,0,-1
2021440166509,2021,440166509,1,9,0,18,19,4,8,0,0,0,0,0,7,0,1,1,6,6,1,84,11,1496,1,4,TOYOTA YARIS,8,E01017226,0,-1
20211381M1670,2021,1381M1670,1,9,0,7,7,6,8,0,0,5,0,0,0,0,1,1,6,6,1,34,6,998,1,18,TOYOTA YARIS,4,E01010801,0,-1
2021131102001,2021,131102001,2,9,0,18,19,3,7,0,0,0,0,0,0,0,1,1,5,6,1,50,8,1296,1,13,TOYOTA YARIS,1,E01011423,0,-1
2021138410677,2021,138410677,1,9,0,9,9,2,6,0,0,6,0,0,0,0,1,1,6,6,1,80,11,1299,1,18,TOYOTA YARIS,1,E01011625,0,-1
2021361115399,2021,361115399,1,9,0,18,19,1,4,0,0,0,1,0,0,0,1,1,6,6,1,20,4,1363,2,16,TOYOTA YARIS,9,E01026548,0,-1
2021041032557,2021,041032557,1,9,0,9,9,7,3,0,0,8,0,0,0,0,3,1,5,6,2,64,9,998,1,17,TOYOTA YARIS,7,E01025565,0,-1
2021622100945,2021,622100945,1,9,0,18,19,3,7,0,0,4,0,0,0,0,3,1,6,6,1,23,5,1296,1,13,TOYOTA YARIS,10,W01001734,0,-1
2021010335806,2021,010335806,2,9,0,99,99,9,9,99,99,9,9,99,9,99,1,9,6,6,3,-1,-1,1296,1,13,TOYOTA YARIS,-1,-1,0,-1
2021201093830,2021,201093830,3,9,0,2,2,0,0,0,0,0,0,0,0,0,3,1,6,6,3,-1,-1,1364,2,14,TOYOTA YARIS,-1,-1,0,-1
2021552100143,2021,552100143,2,9,0,18,19,4,8,0,0,1,0,0,0,0,1,1,6,6,2,21,5,998,1,21,TOYOTA YARIS,5,E01020459,0,-1
2021211121134,2021,211121134,1,9,0,18,19,8,4,0,0,1,0,0,0,0,1,1,6,6,1,79,11,1497,8,4,TOYOTA YARIS,9,E01029402,0,-1
2021622100445,2021,622100445,1,9,0,18,19,8,4,0,0,0,0,4,0,0,1,1,6,6,1,43,7,1299,1,16,TOYOTA YARIS,1,W01001202,0,-1
2021041051108,2021,041051108,1,9,0,18,19,3,7,0,0,8,0,0,0,0,1,1,5,6,1,26,6,1364,2,14,TOYOTA YARIS,2,E01025185,0,-1
2021201066193,2021,201066193,1,9,0,18,19,3,7,0,0,6,0,0,0,0,1,1,6,6,1,15,3,1364,2,13,TOYOTA YARIS,1,E01010289,0,-1
2021991051952,2021,991051952,2,9,0,18,19,4,1,0,0,0,1,11,0,0,2,1,2,2,2,39,7,1364,2,7,TOYOTA YARIS,5,-1,0,-1
2021010316016,2021,010316016,1,9,0,4,4,1,5,9,9,0,0,7,0,0,1,1,6,6,2,73,10,1497,8,3,TOYOTA YARIS,9,E01002354,0,-1
2021552100822,2021,552100822,1,9,0,5,5,4,8,0,0,6,0,0,0,0,1,1,6,6,2,51,8,1329,1,5,TOYOTA YARIS,7,E01020349,0,-1
2021010324099,2021,010324099,1,9,0,99,99,9,9,99,99,9,9,99,9,99,2,9,2,2,1,64,9,1329,1,6,TOYOTA YARIS,5,E01001315,0,-1
2021010349456,2021,010349456,1,9,0,18,19,7,3,9,9,0,0,0,1,2,1,1,6,6,2,55,8,1299,1,19,TOYOTA YARIS,2,E01001181,0,-1
202131C190521,2021,31C190521,1,9,0,3,3,8,4,0,0,1,0,0,0,0,2,1,6,6,2,40,7,1296,1,13,TOYOTA YARIS,2,E01013933,0,-1
2021351098931,2021,351098931,1,9,0,18,19,4,8,0,0,0,0,0,0,0,4,1,5,6,1,63,9,998,1,16,TOYOTA YARIS,4,E01018095,0,-1
2021131059930,2021,131059930,1,9,0,18,19,1,5,0,0,1,0,0,0,0,1,1,2,2,1,42,7,998,1,16,TOYOTA YARIS,3,E01010827,0,-1
2021201082242,2021,201082242,1,9,0,18,19,2,6,0,0,3,0,0,0,0,4,1,6,6,1,32,6,1296,1,15,TOYOTA YARIS,1,E01033642,0,-1
2021501108817,2021,501108817,1,9,0,18,19,7,3,0,0,0,1,0,7,0,2,1,6,6,1,47,8,1299,1,19,TOYOTA YARIS,4,E01018861,0,-1
2021991117581,2021,991117581,1,9,0,16,19,3,7,0,0,0,5,0,7,0,1,1,6,6,2,28,6,998,1,18,TOYOTA YARIS,9,-1,0,-1
2021052101269,2021,052101269,2,9,0,9,9,3,7,0,0,8,0,0,0,0,3,1,6,6,1,81,11,1329,1,4,TOYOTA YARIS,7,E01007211,0,-1
2021010324228,2021,010324228,1,9,0,9,9,3,2,0,0,2,0,0,0,0,3,1,2,2,2,21,5,1296,1,14,TOYOTA YARIS,2,E01033151,0,-1
2021520104630,2021,520104630,2,9,0,18,19,7,3,0,0,1,0,0,0,0,2,1,6,6,1,43,7,998,1,17,TOYOTA YARIS,8,E01029277,0,-1
2021471106829,2021,471106829,3,9,0,18,19,7,3,0,0,1,1,0,0,0,2,1,5,6,2,50,8,1496,1,1,TOYOTA YARIS,7,E01021022,0,-1
2021201017905,2021,201017905,2,9,0,3,3,8,4,0,0,2,0,0,0,0,2,1,6,6,1,32,6,1296,1,14,TOYOTA YARIS,1,E01009478,0,-1
2021201066101,2021,201066101,2,9,0,18,19,5,5,0,0,8,0,0,0,0,2,1,5,6,1,72,10,1329,1,12,TOYOTA YARIS,7,E01009975,0,-1
2021041015103,2021,041015103,1,9,0,18,19,1,5,9,9,0,1,0,7,11,1,1,6,6,2,44,7,998,1,18,TOYOTA YARIS,10,E01024947,0,-1
2021201060674,2021,201060674,4,9,0,2,2,0,0,0,0,2,0,4,0,0,2,1,6,6,3,-1,-1,998,1,19,TOYOTA YARIS,-1,-1,0,-1
2021471037674,2021,471037674,1,9,0,16,19,7,3,0,0,1,0,0,7,3,1,1,2,2,2,30,6,998,1,20,TOYOTA YARIS,2,E01031436,0,-1
2021201103766,2021,201103766,1,9,0,18,19,4,8,0,0,0,0,0,0,0,1,1,6,6,3,-1,-1,998,1,15,TOYOTA YARIS,-1,-1,0,-1
2021461085585,2021,461085585,1,9,0,9,9,5,1,0,0,0,0,0,0,0,1,1,6,6,1,26,6,1490,8,0,TOYOTA YARIS,8,-1,0,-1
2021471127244,2021,471127244,1,9,0,18,19,6,2,0,0,0,2,0,1,0,4,1,1,1,2,17,4,998,1,16,TOYOTA YARIS,5,E01001105,0,-1
2021010342338,2021,010342338,1,9,0,99,99,9,9,99,99,9,9,99,9,99,2,9,6,6,2,63,9,1296,1,13,TOYOTA YARIS,8,E01000181,0,-1
2021451032625,2021,451032625,2,9,0,18,19,1,5,0,0,0,0,0,0,0,1,1,5,6,2,70,10,1329,1,9,TOYOTA YARIS,7,E01005275,0,-1
2021061046698,2021,061046698,3,9,0,18,19,3,7,0,0,1,0,0,0,0,1,1,6,6,3,30,6,1299,1,17,TOYOTA YARIS,-1,-1,0,-1
2021411058249,2021,411058249,1,9,0,18,19,6,2,0,0,0,0,0,0,0,1,1,5,6,2,45,7,1299,1,17,TOYOTA YARIS,9,E01023417,0,-1
2021201094412,2021,201094412,1,9,0,9,9,6,4,0,0,8,0,0,0,0,1,1,5,6,1,34,6,1364,2,13,TOYOTA YARIS,1,E01009343,0,-1
2021461118385,2021,461118385,1,9,0,16,19,3,6,0,0,0,0,0,0,0,1,1,1,1,1,31,6,1364,2,13,TOYOTA YARIS,3,E01024795,0,-1
2021471118492,2021,471118492,1,9,0,7,7,1,3,0,0,0,0,0,0,0,4,1,3,7,2,36,7,998,1,9,TOYOTA YARIS,10,E01031710,0,-1
2021131041240,2021,131041240,2,9,0,18,19,1,5,0,0,8,0,0,0,0,1,1,5,6,2,41,7,1329,1,9,TOYOTA YARIS,8,E01011605,0,-1
2021201097960,2021,201097960,2,9,0,2,2,0,0,0,0,2,0,0,0,0,2,1,6,6,2,-1,-1,1299,1,16,TOYOTA YARIS,2,E01009391,0,-1
2021052100106,2021,052100106,2,9,0,18,19,3,7,0,0,8,0,0,0,0,3,1,1,1,1,21,5,1299,1,17,TOYOTA YARIS,1,E01006968,0,-1
2021010293722,2021,010293722,3,9,0,4,4,5,1,0,0,2,0,0,0,0,1,1,2,2,1,39,7,1296,1,13,TOYOTA YARIS,4,E01004628,0,-1
2021010348570,2021,010348570,2,9,0,18,19,1,5,0,0,5,0,0,0,0,4,9,6,6,2,45,7,1329,1,12,TOYOTA YARIS,2,E01003918,0,-1
2021451106488,2021,451106488,1,9,0,9,9,7,3,0,0,1,0,0,0,0,4,1,5,6,2,26,6,1329,1,11,TOYOTA YARIS,7,E01032811,0,-1
2021010346065,2021,010346065,2,9,0,99,99,9,9,99,99,9,9,99,9,99,1,9,6,6,3,-1,-1,1329,1,9,TOYOTA YARIS,-1,-1,0,-1
2021131036606,2021,131036606,1,9,0,18,19,4,8,0,0,8,0,0,1,1,1,1,5,6,1,72,10,1497,8,3,TOYOTA YARIS,5,E01011124,0,-1
2021010332355,2021,010332355,2,9,0,99,99,9,9,99,99,9,9,99,9,99,1,9,6,6,2,-1,-1,1296,1,13,TOYOTA YARIS,-1,-1,0,-1
2021351083523,2021,351083523,2,9,0,18,19,1,5,0,0,0,2,0,0,0,1,1,6,6,2,32,6,1497,8,8,TOYOTA YARIS,9,E01018181,0,-1
2021545974021,2021,545974021,1,9,0,18,19,3,7,0,0,0,2,0,1,9,4,1,6,6,1,52,8,998,1,16,TOYOTA YARIS,8,E01032690,0,-1
2021010310546,2021,010310546,1,9,0,3,3,5,1,0,0,2,0,0,0,0,0,1,1,1,1,34,6,1296,1,15,TOYOTA YARIS,1,E01004209,0,-1
2021401128653,2021,401128653,1,9,0,18,19,7,3,0,0,0,0,0,1,0,1,1,6,6,2,-1,-1,1329,1,11,TOYOTA YARIS,4,E01017493,0,-1
2021201113260,2021,201113260,2,9,0,18,19,4,8,0,0,5,0,0,0,0,3,1,6,6,1,-1,-1,1490,8,0,TOYOTA YARIS,-1,-1,0,-1
2021010346766,2021,010346766,3,9,0,2,2,0,0,0,0,2,0,0,0,0,1,1,6,6,3,-1,-1,1299,1,16,TOYOTA YARIS,-1,-1,0,-1
2021461116399,2021,461116399,2,9,0,18,19,7,3,0,0,0,0,0,0,0,1,1,6,6,1,62,9,1995,2,18,TOYOTA YARIS,7,E01024637,0,-1
2021010342250,2021,010342250,1,9,0,18,19,5,1,1,1,3,0,0,0,0,1,1,6,6,1,85,11,1296,1,13,TOYOTA YARIS,9,E01000829,0,-1
2021221091479,2021,221091479,2,9,0,9,9,5,3,0,0,6,0,0,0,0,1,1,6,6,1,18,4,1329,1,8,TOYOTA YARIS,8,E01032226,0,-1
2021302100136,2021,302100136,1,9,0,18,19,8,4,0,0,0,0,0,0,0,1,1,6,6,1,24,5,1299,1,20,TOYOTA YARIS,9,E01019416,0,-1
2021010324610,2021,010324610,1,9,0,1,1,3,7,9,9,0,0,4,0,0,2,1,6,6,1,44,7,1299,1,18,TOYOTA YARIS,3,E01003589,0,-1
2021010346709,2021,010346709,1,9,0,99,99,9,9,99,99,9,9,99,9,99,2,9,6,6,1,54,8,1296,1,14,TOYOTA YARIS,3,E01001733,0,-1
2021401026687,2021,401026687,1,9,0,18,19,5,1,0,0,0,1,0,7,0,1,1,6,6,1,28,6,1363,2,17,TOYOTA YARIS,6,E01017589,0,-1
2021010328126,2021,010328126,1,9,0,5,5,1,5,0,0,8,0,0,0,0,3,1,6,6,1,37,7,1329,1,9,TOYOTA YARIS,-1,-1,0,-1
2021010304722,2021,010304722,2,9,0,18,19,5,1,0,0,1,5,0,0,0,1,1,6,6,1,41,7,1490,8,1,TOYOTA YARIS,3,E01002768,0,-1
2021471064630,2021,471064630,1,9,0,18,19,2,6,0,0,0,0,0,0,0,1,1,6,6,2,-1,-1,1299,1,18,TOYOTA YARIS,2,E01020955,0,-1
2021552100641,2021,552100641,1,9,0,1,1,2,8,9,9,6,0,0,0,0,2,1,2,2,1,20,4,1299,1,19,TOYOTA YARIS,10,E01020470,0,-1
202163A064021,2021,63A064021,1,9,0,5,5,8,3,0,0,8,0,0,0,0,1,1,6,6,1,44,7,1364,2,7,TOYOTA YARIS,6,W01000582,0,-1
2021010313619,2021,010313619,1,9,0,18,19,2,6,0,0,2,0,0,0,0,1,1,6,6,1,48,8,1296,1,14,TOYOTA YARIS,6,E01003738,0,-1
2021141126094,2021,141126094,2,9,0,9,9,7,5,0,0,1,0,0,0,0,2,1,1,1,1,65,9,998,1,5,TOYOTA YARIS,1,E01007714,0,-1
2021052102471,2021,052102471,1,9,0,7,7,7,2,0,0,3,0,0,0,0,1,1,6,6,2,44,7,998,1,20,TOYOTA YARIS,3,E01006784,0,-1
2021010312364,2021,010312364,1,9,0,12,12,8,4,0,0,0,0,0,0,0,3,1,6,6,1,46,8,1363,2,18,TOYOTA YARIS,4,E01001934,0,-1
2021201061154,2021,201061154,1,9,0,18,19,3,7,0,0,8,0,0,0,0,1,1,6,6,1,30,6,1296,1,13,TOYOTA YARIS,1,E01010063,0,-1
2021010347275,2021,010347275,2,9,0,9,9,5,2,0,0,8,0,0,0,0,1,1,6,6,1,76,11,1296,1,13,TOYOTA YARIS,5,E01003156,0,-1
2021010335476,2021,010335476,1,9,0,18,19,8,4,0,0,4,0,0,0,0,1,1,6,6,1,51,8,1299,1,16,TOYOTA YARIS,7,E01000214,0,-1
2021430354211,2021,430354211,2,9,0,18,19,4,8,0,0,0,0,0,0,0,1,1,6,6,1,53,8,1329,1,6,TOYOTA YARIS,-1,-1,0,-1
2021010323692,2021,010323692,1,9,0,3,3,1,5,0,0,1,0,0,0,0,2,1,6,6,1,68,10,1497,8,1,TOYOTA YARIS,8,E01000655,0,-1
202131A132121,2021,31A132121,1,9,0,7,7,6,8,0,0,4,0,10,1,9,1,1,6,6,1,88,11,1329,1,5,TOYOTA YARIS,3,E01028254,0,-1
2021010330874,2021,010330874,2,9,0,5,5,3,7,0,0,8,0,0,0,0,1,1,3,7,2,21,5,1329,1,9,TOYOTA YARIS,2,E01003601,0,-1
2021070875174,2021,070875174,2,9,0,18,19,3,7,0,0,0,0,10,7,11,1,1,2,2,1,20,4,1299,1,16,TOYOTA YARIS,1,E01008896,0,-1
2021201109905,2021,201109905,1,9,0,9,9,2,8,0,0,5,0,0,0,0,4,1,6,6,1,51,8,998,1,13,TOYOTA YARIS,1,E01033643,0,-1
2021201051420,2021,201051420,1,9,0,6,6,3,3,9,9,0,0,10,0,0,1,1,2,2,2,57,9,1299,1,21,TOYOTA YARIS,3,E01009587,0,-1
2021010292774,2021,010292774,1,9,0,18,19,7,3,0,0,1,0,0,0,0,3,2,6,6,2,25,5,1329,1,7,TOYOTA YARIS,2,E01004268,0,-1
2021010298367,2021,010298367,2,9,0,99,99,9,9,99,99,9,9,99,9,99,1,9,6,6,3,-1,-1,1329,1,5,TOYOTA YARIS,-1,-1,0,-1
2021201108275,2021,201108275,1,9,0,18,19,8,4,0,0,1,1,0,0,0,1,1,6,6,1,19,4,1299,1,16,TOYOTA YARIS,1,E01008896,0,-1
2021430449079,2021,430449079,1,9,0,9,9,2,8,0,0,5,0,0,0,0,4,1,6,6,2,25,5,1497,8,5,TOYOTA YARIS,5,E01016376,0,-1
2021440132224,2021,440132224,1,9,0,5,5,6,2,0,0,1,0,0,0,0,1,1,6,6,2,27,6,1329,1,9,TOYOTA YARIS,8,E01030988,0,-1
2021211079400,2021,211079400,1,9,0,18,19,-1,-1,0,0,8,0,0,0,0,1,1,1,1,1,46,8,1490,8,0,TOYOTA YARIS,2,E01014281,0,-1
2021411100251,2021,411100251,1,9,0,9,9,8,4,0,0,0,0,0,0,0,4,1,5,6,2,32,6,1496,1,3,TOYOTA YARIS,4,E01023783,0,-1
2021451100047,2021,451100047,1,9,0,16,19,1,4,0,0,4,0,0,0,0,4,1,2,2,1,39,7,1329,1,5,TOYOTA YARIS,3,E01000642,0,-1
2021302102038,2021,302102038,1,9,0,5,5,4,8,0,0,8,1,0,0,0,4,1,2,2,1,32,6,1296,1,15,TOYOTA YARIS,3,E01028020,0,-1
2021201075739,2021,201075739,1,9,0,9,9,1,7,0,0,6,0,0,0,0,3,1,1,1,1,-1,-1,1296,1,13,TOYOTA YARIS,-1,-1,0,-1
2021061047729,2021,061047729,1,9,0,7,7,8,2,0,0,6,0,0,0,0,3,1,6,6,1,61,9,1364,2,13,TOYOTA YARIS,1,E01004811,0,-1
2021010305135,2021,010305135,1,9,0,4,4,5,1,0,0,1,0,0,0,0,2,1,6,6,1,53,8,1329,1,9,TOYOTA YARIS,1,E01001364,0,-1
2021010340754,2021,010340754,4,9,0,2,2,0,0,0,0,0,0,4,0,0,2,1,6,6,3,-1,-1,1497,8,7,TOYOTA YARIS,-1,-1,0,-1
2021471083335,2021,471083335,1,9,0,9,9,5,1,0,0,0,0,0,0,0,1,1,5,6,2,77,11,1497,8,4,TOYOTA YARIS,8,E01031821,0,-1
2021010306117,2021,010306117,1,9,0,18,19,1,5,0,0,0,0,7,0,0,1,1,1,1,2,30,6,1329,1,10,TOYOTA YARIS,5,E01001291,0,-1
2021302101840,2021,302101840,1,9,0,14,14,2,6,0,0,0,0,0,0,0,1,2,2,2,1,20,4,1329,1,11,TOYOTA YARIS,2,E01019523,0,-1
2021430171639,2021,430171639,2,9,0,4,4,3,7,0,0,0,0,0,0,0,2,1,2,2,2,22,5,1329,1,11,TOYOTA YARIS,3,E01016442,0,-1
2021201023477,2021,201023477,1,9,0,18,19,6,2,0,0,0,1,7,7,4,1,1,6,6,2,27,6,998,1,19,TOYOTA YARIS,1,E01033649,0,-1
2021010328340,2021,010328340,1,9,0,5,5,1,5,0,0,6,0,0,0,0,3,1,6,6,1,57,9,1299,1,16,TOYOTA YARIS,3,E01002595,0,-1
2021101049093,2021,101049093,1,9,0,7,7,5,1,9,9,0,0,0,1,0,1,1,5,6,2,72,10,1329,1,9,TOYOTA YARIS,-1,-1,0,-1
2021501018488,2021,501018488,1,9,0,18,19,4,8,0,0,0,2,0,0,0,0,1,6,6,2,48,8,1364,2,13,TOYOTA YARIS,5,E01020182,0,-1
2021061101279,2021,061101279,1,9,0,16,19,2,5,0,0,2,2,0,0,0,1,1,6,6,1,22,5,1296,1,15,TOYOTA YARIS,4,E01005451,0,-1
2021010304567,2021,010304567,1,9,0,99,99,9,9,99,99,9,9,99,9,99,2,9,6,6,1,20,4,998,1,11,TOYOTA YARIS,9,E01030713,0,-1
2021430079448,2021,430079448,2,9,0,6,6,8,8,0,0,0,0,0,0,0,3,1,6,6,1,64,9,1490,8,0,TOYOTA YARIS,8,E01016805,0,-1
2021440001962,2021,440001962,1,9,0,18,19,7,3,0,0,0,0,0,0,0,4,1,6,6,1,59,9,998,1,16,TOYOTA YARIS,2,E01017276,0,-1
2021010329457,2021,010329457,2,9,0,9,9,1,7,0,0,4,0,0,1,0,1,1,6,6,1,63,9,1497,8,3,TOYOTA YARIS,7,E01003682,0,-1
2021131087733,2021,131087733,1,9,0,9,9,1,3,0,0,6,0,0,0,0,3,1,1,1,1,53,8,1363,2,18,TOYOTA YARIS,3,E01010836,0,-1
2021131049868,2021,131049868,2,9,0,3,3,1,5,0,0,8,0,0,0,0,0,1,5,6,1,23,5,1296,1,15,TOYOTA YARIS,1,E01011422,0,-1
2021131102797,2021,131102797,1,9,0,9,9,7,4,0,0,5,0,0,0,0,1,1,5,6,1,56,9,1296,1,13,TOYOTA YARIS,3,E01011907,0,-1
2021461041829,2021,461041829,1,9,0,18,19,5,1,0,0,0,0,0,0,0,1,1,6,6,2,36,7,1497,1,20,TOYOTA YARIS,7,E01024316,0,-1
2021421126074,2021,421126074,1,9,0,18,19,3,7,0,0,0,0,0,8,0,1,1,5,6,1,20,4,1618,1,0,TOYOTA YARIS,6,E01021761,0,-1
2021471045821,2021,471045821,2,9,0,18,19,3,7,0,0,1,0,0,1,3,1,1,5,6,1,46,8,1299,1,17,TOYOTA YARIS,1,E01022915,0,-1
2021430194052,2021,430194052,1,9,0,18,19,1,5,0,0,0,0,4,0,0,1,1,6,6,2,86,11,1329,1,10,TOYOTA YARIS,8,E01017736,0,-1
2021010334729,2021,010334729,2,9,0,9,9,6,3,0,0,2,0,0,0,0,1,1,6,6,2,41,7,998,1,5,TOYOTA YARIS,-1,-1,0,-1
2021138141621,2021,138141621,3,9,0,2,2,0,0,0,0,1,0,0,0,0,1,1,6,6,1,-1,-1,1329,1,6,TOYOTA YARIS,-1,-1,0,-1
2021201114059,2021,201114059,2,9,0,3,3,8,4,0,0,1,0,0,0,0,2,1,6,6,1,26,6,1296,1,15,TOYOTA YARIS,9,E01009801,0,-1
2021010326049,2021,010326049,1,9,0,18,19,8,4,0,0,0,0,0,0,0,0,1,6,6,2,34,6,1496,1,3,TOYOTA YARIS,5,E01002661,0,-1
2021052102538,2021,052102538,1,9,0,18,19,3,7,0,0,0,0,0,0,0,4,1,6,6,1,33,6,1296,1,13,TOYOTA YARIS,1,E01006816,0,-1
2021010323098,2021,010323098,1,9,0,18,19,5,1,0,0,0,0,0,0,0,3,1,6,6,1,36,7,998,1,15,TOYOTA YARIS,5,E01002584,0,-1
2021991114312,2021,991114312,1,9,0,18,19,4,8,0,0,0,0,0,0,0,1,1,6,6,2,41,7,998,1,8,TOYOTA YARIS,1,-1,0,-1
2021451072283,2021,451072283,2,9,0,14,14,5,1,0,0,0,0,0,0,0,1,1,6,6,2,30,6,1329,1,11,TOYOTA YARIS,5,E01016233,0,-1
2021440135936,2021,440135936,2,9,0,18,19,6,2,0,0,0,0,0,0,0,2,1,6,6,1,36,7,1497,8,7,TOYOTA YARIS,9,E01022494,0,-1
2021010318910,2021,010318910,1,9,0,99,99,9,9,99,99,9,9,99,9,99,2,9,2,2,2,50,8,1329,1,10,TOYOTA YARIS,1,E01004311,0,-1
2021302100512,2021,302100512,2,9,0,18,19,3,7,0,0,0,0,0,0,0,1,1,6,6,1,30,6,998,1,18,TOYOTA YARIS,6,E01033536,0,-1
2021010340609,2021,010340609,1,9,0,5,5,7,3,0,0,2,0,0,0,0,2,1,6,6,1,44,7,1296,1,14,TOYOTA YARIS,4,E01002643,0,-1
2021991073741,2021,991073741,2,9,0,3,3,3,7,0,0,1,0,0,0,0,2,1,2,2,2,40,7,998,1,8,TOYOTA YARIS,5,-1,0,-1
2021010308424,2021,010308424,2,9,0,99,99,9,9,99,99,9,9,99,9,99,2,9,6,6,1,81,11,1490,8,0,TOYOTA YARIS,7,E01001587,0,-1
2021010292133,2021,010292133,1,9,0,9,9,3,1,0,0,2,0,0,0,0,4,1,6,6,2,42,7,1299,1,21,TOYOTA YARIS,2,E01002077,0,-1
2021501080560,2021,501080560,1,9,0,18,19,7,3,0,0,0,0,0,0,0,1,1,5,6,1,61,9,1364,2,15,TOYOTA YARIS,1,E01018933,0,-1
2021131057366,2021,131057366,1,9,0,18,19,7,3,0,0,8,2,0,1,1,1,1,1,1,1,20,4,1296,1,13,TOYOTA YARIS,2,E01011030,0,-1
2021010313403,2021,010313403,2,9,0,5,5,3,7,0,0,1,0,0,7,2,1,1,6,6,2,35,6,1364,2,10,TOYOTA YARIS,5,E01000589,0,-1
2021052100071,2021,052100071,1,9,0,9,9,3,7,0,0,1,0,0,0,0,1,1,1,1,2,53,8,998,1,16,TOYOTA YARIS,1,E01006505,0,-1
2021061035601,2021,061035601,1,9,0,18,19,5,1,0,0,0,0,0,0,0,1,1,6,6,2,55,8,1296,1,13,TOYOTA YARIS,2,E01005369,0,-1
2021430543704,2021,430543704,2,9,0,3,3,1,5,0,0,0,0,0,0,0,2,1,6,6,1,27,6,1364,2,14,TOYOTA YARIS,1,E01016845,0,-1
2021421073320,2021,421073320,1,9,0,9,9,1,7,0,0,8,0,0,0,0,1,1,5,6,2,38,7,1329,1,9,TOYOTA YARIS,5,E01003664,0,-1
2021041102427,2021,041102427,2,9,0,2,2,0,0,0,0,2,0,0,0,0,2,1,6,6,3,-1,-1,1299,1,17,TOYOTA YARIS,-1,-1,0,-1
2021471070193,2021,471070193,1,9,0,18,19,3,7,0,0,1,0,0,0,0,1,1,5,6,1,55,8,1296,1,13,TOYOTA YARIS,7,E01021236,0,-1
2021041092259,2021,041092259,1,9,0,7,7,3,7,0,0,6,0,0,1,9,1,1,5,6,1,95,11,1329,1,10,TOYOTA YARIS,9,E01025277,0,-1
2021552100987,2021,552100987,3,9,0,18,19,7,3,0,0,8,0,0,0,0,2,1,6,6,1,31,6,1497,8,4,TOYOTA YARIS,5,E01015780,0,-1
2021549761321,2021,549761321,2,9,0,4,4,3,7,0,0,0,0,0,0,0,2,1,6,6,2,48,8,1329,1,10,TOYOTA YARIS,10,E01031907,0,-1
2021471049409,2021,471049409,1,9,0,9,9,2,8,0,0,6,0,0,0,0,4,1,5,6,1,54,8,1329,1,12,TOYOTA YARIS,8,E01021221,0,-1
2021010336430,2021,010336430,1,9,0,18,19,7,3,0,0,1,0,0,0,0,1,1,6,6,1,76,11,1497,8,5,TOYOTA YARIS,-1,-1,0,-1
2021440028342,2021,440028342,1,9,0,9,9,3,1,0,0,8,0,0,0,0,1,1,2,2,2,42,7,1496,1,4,TOYOTA YARIS,5,E01028633,0,-1
2021041041440,2021,041041440,1,9,0,9,9,1,7,0,0,8,0,0,0,0,1,1,2,2,1,29,6,998,1,11,TOYOTA YARIS,1,E01025084,0,-1
202106K079012,2021,06K079012,1,9,0,3,3,7,3,0,0,1,0,0,0,0,2,1,1,1,2,28,6,998,1,17,TOYOTA YARIS,-1,-1,0,-1
2021430093793,2021,430093793,1,9,0,18,19,6,2,0,0,8,0,0,0,0,4,1,6,6,1,24,5,1329,1,12,TOYOTA YARIS,5,E01016437,0,-1
2021010312362,2021,010312362,1,9,0,18,19,7,3,0,0,0,0,0,0,0,1,1,6,6,1,26,6,998,1,18,TOYOTA YARIS,3,E01004445,0,-1
2021101019291,2021,101019291,2,9,0,4,4,8,4,0,0,2,1,0,0,0,2,1,5,6,1,82,11,1497,8,1,TOYOTA YARIS,1,E01008712,0,-1
2021010298560,2021,010298560,1,9,0,16,19,5,1,0,0,2,0,0,0,0,1,2,6,6,1,44,7,998,1,19,TOYOTA YARIS,4,E01003322,0,-1
2021610056421,2021,610056421,1,9,0,17,19,6,3,0,0,0,0,4,0,0,1,1,6,6,2,70,10,1329,1,11,TOYOTA YARIS,9,W01001679,0,-1