collision_index,collision_year,collision_ref_no,vehicle_reference,vehicle_type,towing_and_articulation,vehicle_manoeuvre_historic,vehicle_manoeuvre,vehicle_direction_from,vehicle_direction_to,vehicle_location_restricted_lane_historic,vehicle_location_restricted_lane,junction_location,skidding_and_overturning,hit_object_in_carriageway,vehicle_leaving_carriageway,hit_object_off_carriageway,first_point_of_impact,vehicle_left_hand_drive,journey_purpose_of_driver_historic,journey_purpose_of_driver,sex_of_driver,age_of_driver,age_band_of_driver,engine_capacity_cc,propulsion_code,age_of_vehicle,generic_make_model,driver_imd_decile,lsoa_of_driver,escooter_flag,driver_distance_banding
2021201134337,2021,201134337,2,9,0,18,19,6,2,0,0,8,0,0,0,0,1,1,6,6,1,33,6,1299,1,19,TOYOTA YARIS,3,E01009138,0,-1
2021010307376,2021,010307376,2,9,0,7,7,4,6,0,0,8,0,0,0,0,1,1,6,6,1,51,8,1299,1,16,TOYOTA YARIS,3,E01003583,0,-1
2021010291103,2021,010291103,2,9,0,99,99,9,9,99,99,9,9,99,9,99,9,9,6,6,3,-1,-1,1299,1,20,TOYOTA YARIS,-1,-1,0,-1
2021231102154,2021,231102154,1,9,0,16,19,8,2,0,0,0,1,0,7,11,1,1,5,6,1,47,8,1299,1,19,TOYOTA YARIS,1,E01031043,0,-1
2021161099768,2021,161099768,1,9,0,9,9,3,7,0,0,0,0,0,0,0,1,1,6,6,2,-1,-1,998,1,14,TOYOTA YARIS,1,E01012894,0,-1
202131C133321,2021,31C133321,2,9,0,4,4,6,2,0,0,0,0,0,0,0,2,1,2,2,2,61,9,1296,1,13,TOYOTA YARIS,3,E01013816,0,-1
2021471032506,2021,471032506,1,9,0,18,19,2,6,0,0,0,5,4,0,0,4,1,6,6,1,59,9,1497,8,1,TOYOTA YARIS,3,E01016907,0,-1
2021010310709,2021,010310709,2,9,0,18,19,7,3,0,0,8,0,0,0,0,3,1,6,6,1,49,8,1299,1,19,TOYOTA YARIS,-1,-1,0,-1
2021471101541,2021,471101541,1,9,0,9,9,1,7,0,0,6,0,0,0,0,1,2,5,6,1,43,7,1364,2,7,TOYOTA YARIS,6,E01016887,0,-1
2021010318918,2021,010318918,1,9,0,9,9,3,2,0,0,6,0,0,0,0,3,1,6,6,1,43,7,1329,1,7,TOYOTA YARIS,2,E01000095,0,-1
2021010333966,2021,010333966,2,9,0,99,99,9,9,99,99,9,9,99,9,99,9,9,6,6,3,-1,-1,1496,1,4,TOYOTA YARIS,-1,-1,0,-1
2021461050223,2021,461050223,1,9,0,18,19,2,6,0,0,0,0,0,0,0,1,1,6,6,1,38,7,1364,2,13,TOYOTA YARIS,8,E01024434,0,-1
2021421096293,2021,421096293,2,9,0,3,3,5,1,0,0,1,0,0,0,0,2,1,6,6,1,37,7,1497,8,8,TOYOTA YARIS,7,E01021857,0,-1
2021421120686,2021,421120686,1,9,0,18,19,1,5,0,0,0,0,0,0,0,1,1,6,6,1,33,6,998,1,22,TOYOTA YARIS,2,E01021846,0,-1
2021131104191,2021,131104191,2,9,0,18,19,7,3,0,0,8,0,0,0,0,-1,1,6,6,1,29,6,1364,2,14,TOYOTA YARIS,1,E01010676,0,-1
2021061078541,2021,061078541,1,9,0,3,3,5,1,0,0,1,0,0,0,0,2,1,6,6,2,35,6,998,1,11,TOYOTA YARIS,2,E01005430,0,-1
2021041101868,2021,041101868,2,9,0,18,19,5,1,0,0,1,2,0,2,7,1,1,5,6,1,27,6,1296,1,14,TOYOTA YARIS,3,W01001790,0,-1
2021201072603,2021,201072603,2,9,0,16,19,8,3,0,0,0,0,0,0,0,1,1,6,6,1,29,6,1299,1,16,TOYOTA YARIS,1,E01010340,0,-1
2021041048325,2021,041048325,2,9,0,17,19,1,5,0,0,0,0,0,0,0,1,1,1,1,2,36,7,1329,1,7,TOYOTA YARIS,9,E01025148,0,-1
2021010323407,2021,010323407,1,9,0,9,9,7,4,0,0,5,0,0,0,0,3,1,6,6,1,34,6,998,1,14,TOYOTA YARIS,2,E01003595,0,-1
2021610065821,2021,610065821,1,9,0,9,9,7,5,0,0,8,0,0,0,0,1,1,1,1,1,42,7,1299,1,16,TOYOTA YARIS,5,W01001649,0,-1
2021421074991,2021,421074991,1,9,0,18,19,1,5,0,0,1,0,0,0,0,1,1,5,6,2,19,4,998,1,11,TOYOTA YARIS,2,E01015954,0,-1
2021440511616,2021,440511616,1,9,0,18,19,2,6,0,0,8,0,0,3,11,1,1,6,6,2,79,11,1299,1,19,TOYOTA YARIS,9,E01022982,0,-1
2021010345788,2021,010345788,2,9,0,99,99,9,9,99,99,9,9,99,9,99,1,9,6,6,3,-1,-1,1299,1,19,TOYOTA YARIS,-1,-1,0,-1
2021211046573,2021,211046573,1,9,0,4,4,1,3,5,5,1,0,0,0,0,4,1,3,7,2,49,8,1299,1,19,TOYOTA YARIS,1,E01014255,0,-1
2021211064343,2021,211064343,2,9,-1,8,8,4,7,-1,-1,0,-1,-1,-1,0,-1,1,6,6,2,21,5,1329,1,7,TOYOTA YARIS,7,E01016401,0,-1
2021052100826,2021,052100826,2,9,0,6,6,1,1,0,0,8,0,0,0,0,1,1,2,2,1,55,8,1497,8,4,TOYOTA YARIS,7,E01006668,0,-1
2021061050262,2021,061050262,2,9,0,18,19,5,1,0,0,1,0,0,0,0,4,1,6,6,3,30,6,1329,1,8,TOYOTA YARIS,-1,-1,0,-1
2021010344052,2021,010344052,3,9,0,18,19,7,3,99,99,9,9,99,9,99,2,9,6,6,3,31,6,1329,1,11,TOYOTA YARIS,2,E01000025,0,-1
2021010345071,2021,010345071,1,9,9,11,11,7,3,0,0,4,9,0,9,99,1,2,6,6,2,28,6,1497,8,3,TOYOTA YARIS,2,E01016451,0,-1
202163A028021,2021,63A028021,2,9,0,18,19,7,3,0,0,1,0,0,0,0,1,1,6,6,2,27,6,1329,1,7,TOYOTA YARIS,7,W01000564,0,-1
2021361042669,2021,361042669,2,9,0,18,19,2,6,0,0,0,0,0,0,0,1,1,2,2,1,20,4,1299,1,18,TOYOTA YARIS,9,E01026931,0,-1
202131C091021,2021,31C091021,2,9,0,5,5,2,6,0,0,1,0,0,0,0,2,1,6,6,1,35,6,1363,2,17,TOYOTA YARIS,1,E01013959,0,-1
2021622100348,2021,622100348,1,9,0,18,19,6,2,0,0,2,0,0,0,0,1,1,6,6,1,78,11,1496,1,2,TOYOTA YARIS,5,W01000995,0,-1
2021161034104,2021,161034104,1,9,0,18,19,5,8,0,0,0,0,0,0,0,1,1,6,6,2,19,4,1296,1,15,TOYOTA YARIS,2,E01012763,0,-1
2021061088322,2021,061088322,1,9,0,18,19,1,5,0,0,3,0,0,0,0,4,1,5,6,1,48,8,998,1,15,TOYOTA YARIS,4,E01004978,0,-1
2021221018904,2021,221018904,2,9,0,5,5,1,5,0,0,2,0,0,0,0,3,1,6,6,2,60,9,1329,1,11,TOYOTA YARIS,3,E01032422,0,-1
2021131101877,2021,131101877,2,9,0,18,19,3,7,0,0,2,0,0,0,0,3,1,2,2,2,38,7,1497,8,4,TOYOTA YARIS,3,E01011028,0,-1
2021522104341,2021,522104341,1,9,0,5,5,5,1,0,0,6,0,0,0,0,1,1,6,6,1,88,11,1798,1,13,TOYOTA YARIS,6,E01014734,0,-1
202154B108321,2021,54B108321,1,9,0,18,19,1,5,0,0,1,0,0,0,0,1,1,6,6,2,-1,-1,1299,1,18,TOYOTA YARIS,9,E01015525,0,-1
2021501034041,2021,501034041,1,9,0,18,19,8,1,0,0,1,0,0,0,0,1,1,1,1,2,23,5,1329,1,12,TOYOTA YARIS,9,E01020038,0,-1
2021010298155,2021,010298155,1,9,0,18,19,6,2,0,0,8,0,0,0,0,3,1,2,2,1,43,7,1296,1,14,TOYOTA YARIS,8,E01002160,0,-1
2021141052276,2021,141052276,1,9,0,18,19,8,4,0,0,1,0,10,7,11,1,1,5,6,1,43,7,998,1,16,TOYOTA YARIS,4,E01017579,0,-1
2021302100719,2021,302100719,1,9,0,15,15,4,8,0,0,0,0,0,0,0,4,1,6,6,2,49,8,998,1,20,TOYOTA YARIS,1,E01013591,0,-1
2021010336051,2021,010336051,2,9,0,9,9,5,3,0,0,1,0,0,0,0,0,1,6,6,2,31,6,1329,1,8,TOYOTA YARIS,10,E01001108,0,-1
2021131114959,2021,131114959,2,9,0,18,19,5,1,0,0,0,0,0,0,0,1,1,5,6,1,34,6,1299,1,16,TOYOTA YARIS,1,E01011869,0,-1
2021061066285,2021,061066285,1,9,0,7,7,1,3,0,0,3,0,0,0,0,1,1,2,2,2,54,8,998,1,14,TOYOTA YARIS,3,E01005704,0,-1
2021010311381,2021,010311381,2,9,0,18,19,5,1,0,0,1,0,0,0,0,1,1,6,6,3,24,5,1497,8,6,TOYOTA YARIS,2,E01000955,0,-1
2021471094369,2021,471094369,2,9,0,18,19,2,6,0,0,8,0,0,0,0,1,1,5,6,2,68,10,1329,1,10,TOYOTA YARIS,8,E01030628,0,-1
2021461045732,2021,461045732,1,9,0,17,19,6,2,0,0,0,0,0,0,0,1,1,5,6,2,35,6,1296,1,14,TOYOTA YARIS,9,E01032813,0,-1
2021052100683,2021,052100683,1,9,0,18,19,3,7,0,0,8,5,0,0,0,1,1,6,6,2,37,7,1496,1,1,TOYOTA YARIS,5,E01006853,0,-1
2021010333849,2021,010333849,1,9,0,1,1,5,1,0,0,8,0,0,0,0,2,1,6,6,1,83,11,1497,8,5,TOYOTA YARIS,2,E01000627,0,-1
2021451101313,2021,451101313,1,9,0,9,9,3,7,0,0,5,0,0,0,0,3,1,5,6,2,69,10,998,1,18,TOYOTA YARIS,6,E01030550,0,-1
2021201012014,2021,201012014,2,9,0,18,19,2,6,0,0,8,1,0,0,0,1,1,6,6,2,31,6,998,1,14,TOYOTA YARIS,1,E01008979,0,-1
2021010315034,2021,010315034,1,9,0,16,19,5,1,0,0,1,0,0,0,0,1,1,1,1,1,29,6,1296,1,14,TOYOTA YARIS,1,E01004206,0,-1
2021041032428,2021,041032428,1,9,0,9,9,5,1,0,0,6,0,0,0,0,3,1,6,6,1,53,8,1296,1,14,TOYOTA YARIS,1,E01025574,0,-1
2021010318895,2021,010318895,1,9,0,9,9,1,6,0,0,5,0,0,0,0,3,1,6,6,2,43,7,998,1,9,TOYOTA YARIS,9,E01000715,0,-1
2021471072417,2021,471072417,1,9,0,18,19,2,6,0,0,4,0,0,0,0,1,1,1,1,1,41,7,1497,8,2,TOYOTA YARIS,5,E01031570,0,-1
2021131111959,2021,131111959,1,9,0,18,19,7,3,0,0,0,0,0,0,0,1,1,6,6,2,37,7,998,1,20,TOYOTA YARIS,2,E01010728,0,-1
2021471124354,2021,471124354,1,9,0,16,19,6,1,0,0,0,0,0,1,0,1,1,5,6,2,76,11,1329,1,7,TOYOTA YARIS,7,E01021063,0,-1
2021430579574,2021,430579574,1,9,0,18,19,5,1,0,0,8,0,0,0,0,3,1,6,6,2,73,10,1497,8,3,TOYOTA YARIS,8,E01017855,0,-1
2021010345285,2021,010345285,1,9,0,99,99,9,9,99,99,9,9,99,9,99,2,9,6,6,1,46,8,998,1,14,TOYOTA YARIS,1,E01004222,0,-1
2021522200287,2021,522200287,1,9,0,18,19,6,2,0,0,1,0,0,0,0,1,1,6,6,2,57,9,1296,1,15,TOYOTA YARIS,1,E01014582,0,-1
2021010333947,2021,010333947,1,9,0,99,99,9,9,99,99,0,9,99,9,99,1,1,6,6,1,63,9,1363,2,17,TOYOTA YARIS,2,E01000042,0,-1
2021461021481,2021,461021481,1,9,0,18,19,1,5,0,0,4,0,0,0,0,1,1,5,6,1,20,4,1296,1,14,TOYOTA YARIS,3,E01016020,0,-1
2021131118358,2021,131118358,1,9,0,1,1,3,7,0,0,0,0,0,0,0,2,1,6,6,1,19,4,1329,1,8,TOYOTA YARIS,1,E01011422,0,-1
2021131057558,2021,131057558,1,9,0,12,12,3,7,0,0,0,0,0,0,0,1,1,5,6,1,21,5,1364,2,14,TOYOTA YARIS,1,E01010616,0,-1
2021520200420,2021,520200420,2,9,0,18,19,5,1,0,0,8,0,0,0,0,1,1,6,6,2,43,7,1364,2,11,TOYOTA YARIS,7,E01029250,0,-1
2021061132372,2021,061132372,1,9,0,10,10,2,8,0,0,8,0,0,0,0,4,1,6,6,1,25,5,1296,1,15,TOYOTA YARIS,1,E01005164,0,-1
2021141047715,2021,141047715,3,9,0,7,7,7,8,0,0,8,0,0,0,0,2,1,6,6,1,51,8,1299,1,16,TOYOTA YARIS,2,E01007871,0,-1
2021031098064,2021,031098064,2,9,0,18,19,2,6,0,0,0,0,0,0,0,1,1,6,6,2,49,8,1496,1,4,TOYOTA YARIS,9,E01019261,0,-1
2021471024024,2021,471024024,2,9,0,12,12,1,6,0,0,0,0,0,0,0,1,1,6,6,2,57,9,1497,8,7,TOYOTA YARIS,8,E01031629,0,-1
2021471099122,2021,471099122,1,9,0,18,19,8,6,0,0,8,0,0,0,0,1,1,5,6,1,89,11,1497,8,2,TOYOTA YARIS,6,E01031365,0,-1
2021141083715,2021,141083715,2,9,0,18,19,7,3,0,0,8,0,0,0,0,1,1,5,6,1,54,8,998,1,21,TOYOTA YARIS,1,E01007403,0,-1
2021221121317,2021,221121317,1,9,0,18,19,6,2,0,0,0,0,0,0,0,1,1,5,6,2,90,11,1296,1,15,TOYOTA YARIS,5,E01014149,0,-1
2021010287725,2021,010287725,1,9,0,99,99,9,9,99,99,9,9,99,9,99,3,9,6,6,2,25,5,998,1,16,TOYOTA YARIS,2,E01003498,0,-1
2021061047729,2021,061047729,2,9,0,18,19,7,3,0,0,8,0,0,0,0,1,1,6,6,1,20,4,998,1,16,TOYOTA YARIS,2,E01004812,0,-1
2021201044286,2021,201044286,1,9,0,9,9,7,4,0,0,5,0,0,0,0,1,1,4,7,1,32,6,998,1,19,TOYOTA YARIS,1,E01009327,0,-1
2021211062652,2021,211062652,2,9,-1,3,3,2,6,-1,-1,0,-1,-1,-1,0,-1,1,6,6,1,41,7,1329,1,8,TOYOTA YARIS,2,E01006344,0,-1
2021421067620,2021,421067620,3,9,0,4,4,5,1,0,0,0,0,0,0,0,1,1,6,6,2,51,8,1490,8,1,TOYOTA YARIS,8,E01021926,0,-1
2021131078568,2021,131078568,1,9,0,9,9,5,3,0,0,5,0,0,0,0,4,1,1,1,1,33,6,1296,1,15,TOYOTA YARIS,2,E01011424,0,-1
2021010333970,2021,010333970,1,9,0,18,19,3,7,0,0,2,0,11,0,0,1,1,6,6,2,22,5,1497,8,5,TOYOTA YARIS,7,E01002136,0,-1
2021991018231,2021,991018231,1,9,0,2,2,0,0,0,0,0,0,0,0,0,0,1,6,6,2,49,8,1296,1,13,TOYOTA YARIS,5,-1,0,-1
2021041067935,2021,041067935,2,9,0,18,19,5,1,0,0,0,0,0,1,0,1,1,5,6,1,43,7,998,1,21,TOYOTA YARIS,1,E01025181,0,-1
2021201134307,2021,201134307,2,9,0,2,2,0,0,0,0,0,0,0,0,0,2,1,5,6,3,-1,-1,1497,8,7,TOYOTA YARIS,-1,-1,0,-1
2021010297543,2021,010297543,1,9,0,99,99,9,9,99,99,9,9,99,9,99,2,9,2,2,2,38,7,1329,1,5,TOYOTA YARIS,8,E01023872,0,-1
2021101018072,2021,101018072,1,9,0,1,1,8,6,0,0,1,0,0,0,0,2,1,1,1,1,30,6,1364,2,14,TOYOTA YARIS,-1,-1,0,-1
2021440194076,2021,440194076,1,9,0,18,19,7,3,0,0,0,0,0,0,0,1,1,6,6,1,24,5,998,1,21,TOYOTA YARIS,2,E01017139,0,-1
2021052102506,2021,052102506,1,9,0,7,7,7,1,0,0,8,0,0,0,0,1,1,6,6,2,42,7,1329,1,5,TOYOTA YARIS,3,E01007058,0,-1
2021010292351,2021,010292351,1,9,0,99,99,9,9,99,99,9,9,99,9,99,3,9,6,6,1,20,4,1364,2,13,TOYOTA YARIS,2,E01002608,0,-1
2021031050386,2021,031050386,3,9,0,18,19,4,8,0,0,0,0,0,0,0,2,1,6,6,2,40,7,1329,1,9,TOYOTA YARIS,7,E01027321,0,-1
2021991067242,2021,991067242,3,9,0,4,4,4,8,0,0,0,0,0,0,0,2,1,5,6,2,27,6,1497,8,3,TOYOTA YARIS,6,-1,0,-1
2021141049439,2021,141049439,1,9,0,18,19,1,5,0,0,1,0,0,0,0,4,1,2,2,2,42,7,998,1,18,TOYOTA YARIS,5,E01028042,0,-1
2021131036016,2021,131036016,2,9,0,9,9,3,7,0,0,0,0,0,0,0,1,1,5,6,1,54,8,1497,8,7,TOYOTA YARIS,6,E01010685,0,-1
2021430299197,2021,430299197,2,9,0,3,3,3,7,0,0,1,0,0,0,0,2,1,6,6,2,56,9,1497,8,4,TOYOTA YARIS,4,E01027126,0,-1
2021211133578,2021,211133578,1,9,0,18,19,4,8,0,0,0,0,0,0,0,1,1,6,6,2,76,11,998,1,17,TOYOTA YARIS,10,E01018603,0,-1
202106Q079422,2021,06Q079422,1,9,0,17,19,3,7,0,0,8,0,0,0,0,1,1,6,6,3,30,6,1296,1,14,TOYOTA YARIS,-1,-1,0,-1
2021041015253,2021,041015253,1,9,0,18,19,1,5,0,0,4,0,0,0,0,1,1,1,1,1,38,7,998,1,3,TOYOTA YARIS,1,E01012707,0,-1
2021041114790,2021,041114790,2,9,0,5,5,1,5,0,0,0,0,0,0,0,1,1,2,2,2,24,5,1329,1,10,TOYOTA YARIS,9,E01012583,0,-1
2021131104206,2021,131104206,1,9,0,-1,-1,-1,-1,-1,-1,0,-1,-1,-1,-1,-1,1,6,6,1,28,6,998,1,15,TOYOTA YARIS,1,E01010748,0,-1
2021451086597,2021,451086597,2,9,0,7,7,5,4,0,0,6,0,0,0,0,3,1,6,6,2,40,7,1497,8,8,TOYOTA YARIS,9,E01003849,0,-1
2021170S11371,2021,170S11371,2,9,0,9,9,8,6,0,0,8,0,0,0,0,1,1,6,6,1,49,8,1497,8,4,TOYOTA YARIS,8,E01033184,0,-1
2021421084533,2021,421084533,2,9,0,18,19,2,6,0,0,0,0,0,0,0,2,1,6,6,1,23,5,998,1,12,TOYOTA YARIS,7,E01003643,0,-1
2021041102376,2021,041102376,2,9,0,5,5,1,5,0,0,8,0,0,0,0,4,1,5,6,2,37,7,1496,1,4,TOYOTA YARIS,8,E01025547,0,-1
2021471079422,2021,471079422,1,9,0,18,19,4,8,0,0,4,0,0,0,0,1,1,2,2,1,48,8,1497,8,3,TOYOTA YARIS,-1,-1,0,-1
2021010298524,2021,010298524,2,9,0,9,9,7,4,0,0,1,9,0,0,99,3,9,6,6,2,-1,-1,1497,8,3,TOYOTA YARIS,9,E01033101,0,-1
2021991083392,2021,991083392,1,9,0,18,19,4,8,0,0,1,5,0,1,10,1,1,5,6,1,76,11,1329,1,5,TOYOTA YARIS,7,-1,0,-1
2021010308883,2021,010308883,1,9,9,99,99,9,9,99,99,9,9,99,9,99,9,9,6,6,1,19,4,1329,1,11,TOYOTA YARIS,6,E01000624,0,-1
2021371125163,2021,371125163,1,9,-1,-1,-1,-1,-1,-1,-1,-1,-1,-1,-1,0,-1,1,6,6,1,74,10,1497,8,6,TOYOTA YARIS,7,E01030224,0,-1
2021131063957,2021,131063957,2,9,0,18,19,5,1,0,0,1,0,0,0,0,1,1,5,6,2,26,6,998,1,3,TOYOTA YARIS,9,E01027917,0,-1
2021141111652,2021,141111652,1,9,0,2,2,0,0,0,0,0,0,0,0,0,2,1,6,6,2,88,11,1496,1,1,TOYOTA YARIS,5,E01007583,0,-1
2021010344183,2021,010344183,1,9,9,99,99,9,9,99,99,9,9,99,9,99,9,1,6,6,1,53,8,1329,1,10,TOYOTA YARIS,7,E01002965,0,-1
2021010303991,2021,010303991,3,9,0,4,4,3,7,0,0,1,0,4,0,0,2,1,2,2,1,65,9,1490,8,1,TOYOTA YARIS,9,E01024145,0,-1
2021302100016,2021,302100016,1,9,0,18,19,4,8,0,0,4,0,0,0,0,1,1,6,6,1,88,11,1329,1,5,TOYOTA YARIS,6,E01019585,0,-1
2021010321025,2021,010321025,2,9,0,3,3,7,3,0,0,2,0,0,0,0,1,1,2,2,2,33,6,998,1,15,TOYOTA YARIS,2,E01001442,0,-1
2021622100402,2021,622100402,1,9,0,6,6,1,1,0,0,0,0,0,0,0,1,1,6,6,1,24,5,1329,1,8,TOYOTA YARIS,6,W01001240,0,-1
2021201119244,2021,201119244,2,9,0,18,19,5,1,0,0,8,0,0,0,0,4,1,6,6,1,32,6,1296,1,13,TOYOTA YARIS,1,E01009396,0,-1
2021351087973,2021,351087973,1,9,0,18,19,6,2,0,0,0,0,0,0,0,1,1,2,2,2,27,6,998,1,11,TOYOTA YARIS,2,E01033124,0,-1
2021010335672,2021,010335672,1,9,0,3,3,3,7,9,9,0,0,4,0,0,1,1,1,1,1,53,8,998,1,10,TOYOTA YARIS,4,E01003494,0,-1
2021131059275,2021,131059275,1,9,0,18,19,2,6,0,0,0,0,0,0,0,2,1,6,6,1,65,9,1363,2,17,TOYOTA YARIS,1,E01010735,0,-1
2021440296484,2021,440296484,1,9,0,18,19,3,7,0,0,0,0,0,0,0,4,1,6,6,3,-1,-1,1496,1,3,TOYOTA YARIS,10,E01022683,0,-1
2021161034508,2021,161034508,2,9,0,9,9,4,2,0,0,1,0,0,0,0,3,2,5,6,1,66,10,1497,8,8,TOYOTA YARIS,3,E01013184,0,-1
2021131054591,2021,131054591,2,9,0,18,19,1,5,0,0,1,0,0,0,0,1,1,2,2,1,26,6,1299,1,16,TOYOTA YARIS,3,E01010793,0,-1
2021546151521,2021,546151521,1,9,0,18,19,2,6,0,0,0,1,0,0,0,1,1,6,6,1,27,6,1490,8,0,TOYOTA YARIS,9,E01015523,0,-1
2021211061392,2021,211061392,1,9,0,16,19,5,1,0,0,0,5,10,0,0,4,1,5,6,1,53,8,998,1,15,TOYOTA YARIS,2,E01014355,0,-1
2021010312627,2021,010312627,1,9,0,9,9,5,3,0,0,1,0,0,0,0,0,1,6,6,1,38,7,1299,1,21,TOYOTA YARIS,-1,-1,0,-1
2021010311202,2021,010311202,1,9,0,9,9,5,2,4,4,1,0,0,0,0,4,1,2,2,2,45,7,1299,1,16,TOYOTA YARIS,4,E01000926,0,-1
2021471035430,2021,471035430,1,9,0,7,7,5,7,0,0,0,0,0,0,0,1,1,5,6,1,66,10,1497,8,6,TOYOTA YARIS,9,E01031793,0,-1
2021622100793,2021,622100793,1,9,0,18,19,2,6,0,0,1,0,0,0,0,1,1,2,2,2,56,9,998,1,16,TOYOTA YARIS,2,W01001097,0,-1
2021010333075,2021,010333075,1,9,0,99,99,9,9,0,0,8,0,0,0,0,2,1,2,2,2,43,7,1299,1,21,TOYOTA YARIS,1,E01003087,0,-1
2021231046075,2021,231046075,1,9,0,5,5,4,8,0,0,6,0,0,0,0,1,1,3,7,1,36,7,1299,1,18,TOYOTA YARIS,2,E01031046,0,-1
2021010329340,2021,010329340,2,9,0,3,3,5,1,0,0,3,0,0,0,0,2,1,6,6,2,26,6,1497,8,4,TOYOTA YARIS,-1,-1,0,-1
2021552101307,2021,552101307,2,9,0,18,19,2,6,0,0,0,0,0,1,9,3,1,6,6,2,70,10,1496,1,1,TOYOTA YARIS,3,E01002283,0,-1
2021010309338,2021,010309338,1,9,0,9,9,3,1,0,0,6,0,0,0,0,1,1,6,6,1,60,9,1497,8,8,TOYOTA YARIS,4,E01001180,0,-1
2021421104401,2021,421104401,1,9,0,18,19,5,1,0,0,0,0,0,0,0,1,1,6,6,2,50,8,998,1,17,TOYOTA YARIS,4,E01021642,0,-1
2021440329050,2021,440329050,1,9,0,9,9,1,7,0,0,6,0,0,0,0,1,1,6,6,2,37,7,1329,1,8,TOYOTA YARIS,4,E01030208,0,-1
2021131064741,2021,131064741,2,9,0,18,19,1,5,0,0,1,0,0,0,0,1,1,1,1,1,35,6,998,1,17,TOYOTA YARIS,1,E01011430,0,-1
2021061038038,2021,061038038,2,9,0,18,19,7,3,0,0,1,0,0,0,0,1,1,6,6,3,30,6,1329,1,4,TOYOTA YARIS,1,E01005287,0,-1
2021440429339,2021,440429339,2,9,0,18,19,4,8,0,0,1,0,0,7,0,3,1,2,2,1,29,6,1329,1,5,TOYOTA YARIS,9,E01023246,0,-1
2021430080860,2021,430080860,1,9,0,18,19,1,5,0,0,0,0,0,0,0,4,1,6,6,1,75,10,998,1,18,TOYOTA YARIS,-1,-1,0,-1
202131C190721,2021,31C190721,1,9,0,17,19,8,5,0,0,8,0,0,0,0,4,1,1,1,1,42,7,998,1,19,TOYOTA YARIS,1,E01033399,0,-1
2021451027791,2021,451027791,2,9,0,17,19,4,2,0,0,1,0,0,0,0,1,1,1,1,1,22,5,1299,1,21,TOYOTA YARIS,7,E01030872,0,-1
20211382C0315,2021,1382C0315,2,9,0,18,19,4,8,0,0,0,0,0,0,0,2,1,6,6,2,26,6,1329,1,10,TOYOTA YARIS,3,E01011027,0,-1
2021041140311,2021,041140311,1,9,0,16,19,5,5,0,0,0,0,12,0,0,4,1,5,6,2,20,4,998,1,15,TOYOTA YARIS,7,E01007062,0,-1
2021161117875,2021,161117875,1,9,0,4,4,5,1,0,0,0,0,0,0,0,2,1,6,6,1,74,10,1497,8,7,TOYOTA YARIS,8,E01013262,0,-1
2021201066072,2021,201066072,2,9,0,2,2,0,0,0,0,0,0,0,0,0,1,1,6,6,2,-1,-1,1329,1,7,TOYOTA YARIS,2,E01009044,0,-1
2021010317050,2021,010317050,2,9,0,5,5,1,5,0,0,8,0,0,0,0,3,1,6,6,2,56,9,1296,1,14,TOYOTA YARIS,8,E01001523,0,-1
2021010347718,2021,010347718,2,9,0,99,99,9,9,99,99,9,9,99,9,99,9,9,6,6,3,-1,-1,998,1,18,TOYOTA YARIS,-1,-1,0,-1
2021010344117,2021,010344117,2,9,0,99,99,9,9,99,99,9,9,99,9,99,2,9,6,6,3,34,6,998,1,15,TOYOTA YARIS,4,E01000171,0,-1
2021461090949,2021,461090949,1,9,0,18,19,7,3,0,0,0,0,0,0,0,1,1,6,6,2,-1,-1,1364,2,13,TOYOTA YARIS,10,E01024233,0,-1
2021041048815,2021,041048815,2,9,0,18,19,5,1,0,0,8,0,0,0,0,4,1,5,6,2,58,9,1496,1,2,TOYOTA YARIS,7,E01012592,0,-1
2021451059045,2021,451059045,2,9,0,4,4,5,1,0,0,8,0,0,0,0,3,1,5,6,2,23,5,1329,1,10,TOYOTA YARIS,8,E01030732,0,-1
2021131096132,2021,131096132,1,9,0,18,19,2,6,0,0,8,0,0,0,0,1,1,1,1,1,27,6,1299,1,17,TOYOTA YARIS,2,E01011032,0,-1
2021061036397,2021,061036397,1,9,0,16,19,5,1,0,0,8,0,0,0,0,1,1,6,6,1,19,4,998,1,14,TOYOTA YARIS,2,E01006029,0,-1
2021131106757,2021,131106757,1,9,0,10,10,5,2,0,0,0,0,0,3,11,1,1,6,6,2,59,9,1299,1,17,TOYOTA YARIS,1,E01011358,0,-1
2021010298075,2021,010298075,2,9,0,99,99,9,9,99,99,9,9,99,9,99,9,9,6,6,3,-1,-1,1299,1,18,TOYOTA YARIS,3,E01002553,0,-1
2021430020514,2021,430020514,1,9,0,18,19,4,8,0,0,3,0,0,0,0,3,1,6,6,3,54,8,1329,1,11,TOYOTA YARIS,3,E01001637,0,-1
2021010343295,2021,010343295,1,8,0,99,99,9,9,99,99,9,9,99,9,99,1,9,6,6,1,47,8,1497,8,1,TOYOTA YARIS,6,E01000581,0,-1
2021471036304,2021,471036304,1,9,0,9,9,1,7,0,0,8,0,0,0,0,3,1,5,6,1,70,10,1329,1,6,TOYOTA YARIS,2,E01031456,0,-1