collision_index,collision_year,collision_ref_no,vehicle_reference,vehicle_type,towing_and_articulation,vehicle_manoeuvre_historic,vehicle_manoeuvre,vehicle_direction_from,vehicle_direction_to,vehicle_location_restricted_lane_historic,vehicle_location_restricted_lane,junction_location,skidding_and_overturning,hit_object_in_carriageway,vehicle_leaving_carriageway,hit_object_off_carriageway,first_point_of_impact,vehicle_left_hand_drive,journey_purpose_of_driver_historic,journey_purpose_of_driver,sex_of_driver,age_of_driver,age_band_of_driver,engine_capacity_cc,propulsion_code,age_of_vehicle,generic_make_model,driver_imd_decile,lsoa_of_driver,escooter_flag,driver_distance_banding
2021201056865,2021,201056865,1,9,0,18,19,6,2,0,0,0,0,0,0,0,1,1,6,6,2,21,5,1329,1,7,TOYOTA YARIS,8,E01014157,0,-1
2021131098755,2021,131098755,1,9,0,18,19,1,5,0,0,8,0,0,0,0,3,1,1,1,1,43,7,998,1,17,TOYOTA YARIS,1,E01010721,0,-1
2021122100254,2021,122100254,2,9,0,18,19,3,7,0,0,0,0,0,0,0,2,1,6,6,2,23,5,1329,1,9,TOYOTA YARIS,8,E01011714,0,-1
2021302100769,2021,302100769,2,9,0,9,9,8,6,0,0,6,0,0,0,0,3,1,6,6,2,30,6,1299,1,16,TOYOTA YARIS,7,E01019677,0,-1
2021461024572,2021,461024572,1,9,0,5,5,6,2,0,0,6,0,0,1,0,4,1,5,6,2,92,11,1497,8,3,TOYOTA YARIS,7,E01024067,0,-1
2021201096028,2021,201096028,2,9,0,9,9,7,5,0,0,6,0,0,0,0,1,1,6,6,1,-1,-1,1329,1,9,TOYOTA YARIS,4,E01009175,0,-1
2021131105317,2021,131105317,1,9,0,17,19,7,3,0,0,0,1,0,-1,-1,1,1,6,6,1,24,5,1299,1,21,TOYOTA YARIS,1,E01010710,0,-1
2021471112054,2021,471112054,1,9,0,18,19,6,2,0,0,0,0,0,0,0,1,1,5,6,2,66,10,998,1,20,TOYOTA YARIS,4,E01016986,0,-1
2021122100880,2021,122100880,1,9,0,9,9,2,8,0,0,6,0,0,0,0,3,1,6,6,1,-1,-1,1364,2,12,TOYOTA YARIS,1,E01011427,0,-1
2021622100184,2021,622100184,1,9,0,13,13,6,2,0,0,4,0,0,0,0,1,1,6,6,1,73,10,1299,1,20,TOYOTA YARIS,7,W01001817,0,-1
2021010331289,2021,010331289,1,9,9,99,99,9,9,99,99,9,9,99,9,99,9,9,6,6,2,55,8,1497,8,3,TOYOTA YARIS,6,E01004164,0,-1
2021010311893,2021,010311893,1,9,0,5,5,8,4,0,0,1,0,0,0,0,2,1,6,6,1,31,6,1363,2,17,TOYOTA YARIS,4,E01003357,0,-1
2021010324610,2021,010324610,3,9,0,2,2,0,0,9,9,0,0,0,0,0,1,1,6,6,3,-1,-1,1497,8,8,TOYOTA YARIS,-1,-1,0,-1
2021421119848,2021,421119848,2,9,0,18,19,3,7,0,0,0,0,0,1,0,1,1,5,6,2,73,10,1299,1,19,TOYOTA YARIS,6,E01021404,0,-1
2021471067813,2021,471067813,2,9,0,17,19,3,8,0,0,0,0,0,0,0,3,1,5,6,1,65,9,1329,1,6,TOYOTA YARIS,3,E01021102,0,-1
2021010348195,2021,010348195,1,9,0,18,19,5,1,0,0,1,1,0,1,4,0,1,6,6,2,60,9,1299,1,19,TOYOTA YARIS,-1,-1,0,-1
2021010288858,2021,010288858,2,9,0,99,99,9,9,99,99,9,9,99,9,99,1,9,6,6,3,-1,-1,1496,1,2,TOYOTA YARIS,-1,-1,0,-1
2021131117933,2021,131117933,1,9,0,-1,-1,-1,-1,-1,-1,0,-1,-1,-1,-1,-1,1,6,6,3,-1,-1,1296,1,14,TOYOTA YARIS,-1,-1,0,-1
2021320706343,2021,320706343,2,9,0,18,19,4,8,0,0,2,0,0,0,0,2,1,3,7,2,40,7,1329,1,5,TOYOTA YARIS,5,E01026190,0,-1
2021010348275,2021,010348275,3,9,0,3,3,7,3,0,0,2,0,0,0,0,3,1,6,6,2,57,9,1497,8,8,TOYOTA YARIS,-1,-1,0,-1
2021010314537,2021,010314537,1,9,0,9,9,3,1,0,0,8,0,0,0,0,3,1,6,6,2,55,8,1364,2,13,TOYOTA YARIS,7,E01003451,0,-1
2021010345360,2021,010345360,2,9,0,3,3,3,7,0,0,1,0,0,0,0,1,1,6,6,2,34,6,1329,1,9,TOYOTA YARIS,1,E01002038,0,-1
2021201124293,2021,201124293,2,9,0,18,19,1,5,0,0,8,0,0,0,0,4,1,6,6,2,29,6,1296,1,15,TOYOTA YARIS,4,E01008961,0,-1
2021061043078,2021,061043078,1,9,0,9,9,1,7,0,0,8,0,0,0,0,1,1,6,6,1,75,10,1497,8,3,TOYOTA YARIS,8,E01005575,0,-1
2021131076965,2021,131076965,3,9,0,2,2,0,0,0,0,8,1,0,0,0,1,1,5,6,2,19,4,1329,1,4,TOYOTA YARIS,1,E01011038,0,-1
2021461101369,2021,461101369,1,9,0,7,7,8,6,0,0,0,0,0,0,0,1,1,6,6,2,50,8,1497,8,2,TOYOTA YARIS,10,E01024755,0,-1
2021320569743,2021,320569743,1,9,0,9,9,4,2,0,0,8,0,0,0,0,3,1,6,6,2,58,9,998,1,10,TOYOTA YARIS,9,E01026119,0,-1
2021302101792,2021,302101792,1,9,0,2,2,0,0,0,0,0,0,0,0,0,0,1,6,6,3,-1,-1,998,1,13,TOYOTA YARIS,-1,-1,0,-1
2021161029115,2021,161029115,1,9,0,18,19,7,3,0,0,8,0,0,0,0,4,1,6,6,1,19,4,998,1,16,TOYOTA YARIS,1,E01013299,0,-1
2021010307195,2021,010307195,2,9,0,99,99,9,9,99,99,9,9,99,9,99,9,9,6,6,3,-1,-1,1299,1,20,TOYOTA YARIS,3,E01001240,0,-1
2021131062577,2021,131062577,1,9,0,18,19,5,1,0,0,8,0,0,0,0,-1,1,5,6,1,18,4,1364,2,8,TOYOTA YARIS,1,E01011375,0,-1
2021361087115,2021,361087115,1,9,0,18,19,8,3,0,0,8,0,0,0,0,1,1,5,6,2,76,11,1490,8,1,TOYOTA YARIS,9,E01017381,0,-1
202131B167721,2021,31B167721,1,9,0,18,19,4,8,0,0,0,1,12,0,0,1,1,6,6,2,46,8,1497,8,5,TOYOTA YARIS,6,E01028006,0,-1
202154A792521,2021,54A792521,1,9,0,5,5,5,3,0,0,6,0,0,0,0,1,1,6,6,2,74,10,1496,1,4,TOYOTA YARIS,7,E01032003,0,-1
2021010307139,2021,010307139,1,9,0,9,9,7,4,0,0,1,0,0,0,0,3,1,6,6,2,60,9,1296,1,13,TOYOTA YARIS,3,E01000245,0,-1
2021061048697,2021,061048697,2,9,0,18,19,3,7,0,0,2,0,0,0,0,3,1,5,6,1,25,5,1364,2,15,TOYOTA YARIS,1,E01005427,0,-1
2021052100290,2021,052100290,2,9,0,18,19,5,1,0,0,8,0,0,0,0,1,1,1,1,1,44,7,1329,1,8,TOYOTA YARIS,1,E01006692,0,-1
202131D178121,2021,31D178121,2,9,0,9,9,7,4,0,0,6,0,0,0,0,3,1,6,6,1,44,7,1329,1,12,TOYOTA YARIS,10,E01028393,0,-1
2021421050197,2021,421050197,2,9,0,16,19,7,3,0,0,0,0,0,7,0,1,1,5,6,2,80,11,1497,8,4,TOYOTA YARIS,8,E01021881,0,-1
2021010304028,2021,010304028,1,9,0,18,19,5,1,5,5,0,0,0,1,0,1,1,6,6,1,84,11,1296,1,14,TOYOTA YARIS,5,E01004374,0,-1
2021010338188,2021,010338188,1,9,0,9,9,8,6,0,0,5,0,0,7,0,4,1,6,6,2,27,6,1490,8,0,TOYOTA YARIS,3,E01004212,0,-1
2021211068303,2021,211068303,3,9,0,3,3,1,5,0,0,8,0,0,0,0,2,1,2,2,2,37,7,1329,1,7,TOYOTA YARIS,1,E01009979,0,-1
2021440393539,2021,440393539,1,9,0,7,7,1,5,0,0,1,0,0,0,0,1,1,1,1,1,38,7,1296,1,15,TOYOTA YARIS,9,E01031880,0,-1
2021070635436,2021,070635436,3,9,0,18,19,1,5,0,0,0,0,0,0,0,2,1,6,6,2,24,5,1329,1,8,TOYOTA YARIS,8,E01006183,0,-1
2021231021158,2021,231021158,2,9,0,4,4,4,8,0,0,0,0,0,0,0,1,1,5,6,1,42,7,998,1,22,TOYOTA YARIS,3,E01031332,0,-1
2021131066647,2021,131066647,2,9,0,18,19,3,7,0,0,1,0,0,0,0,1,1,6,6,2,36,7,1296,1,13,TOYOTA YARIS,1,E01010744,0,-1
2021361096022,2021,361096022,3,9,0,4,4,8,3,0,0,1,0,0,0,0,2,1,2,2,2,24,5,998,1,13,TOYOTA YARIS,1,E01026623,0,-1
2021430027295,2021,430027295,1,9,0,1,1,8,6,8,6,2,0,0,0,0,2,1,6,6,1,-1,-1,1364,2,15,TOYOTA YARIS,-1,-1,0,-1
2021041027232,2021,041027232,3,9,0,2,2,5,1,0,0,1,0,0,0,0,4,1,6,6,3,-1,-1,998,1,18,TOYOTA YARIS,-1,-1,0,-1
2021052102767,2021,052102767,2,9,0,18,19,5,1,0,0,8,0,0,1,1,1,1,1,1,2,46,8,1497,8,6,TOYOTA YARIS,6,E01006227,0,-1
2021201102616,2021,201102616,1,9,0,3,3,-1,-1,0,0,1,0,0,0,0,4,1,6,6,1,33,6,1329,1,8,TOYOTA YARIS,2,E01009391,0,-1
2021401107710,2021,401107710,1,9,0,5,5,6,2,0,0,1,0,0,0,0,1,1,3,7,2,36,7,1299,1,19,TOYOTA YARIS,3,E01015769,0,-1
2021010342188,2021,010342188,1,9,0,17,19,1,5,0,0,1,0,0,0,0,1,1,6,6,1,23,5,998,1,19,TOYOTA YARIS,6,E01001599,0,-1
2021010298376,2021,010298376,3,9,0,2,2,0,0,0,0,1,0,0,0,0,0,1,6,6,3,-1,-1,1497,8,2,TOYOTA YARIS,-1,-1,0,-1
2021302102031,2021,302102031,1,9,0,1,1,5,1,0,0,0,0,4,0,0,2,1,6,6,2,38,7,1329,1,6,TOYOTA YARIS,10,E01019829,0,-1
2021411183203,2021,411183203,3,9,0,18,19,1,2,0,0,1,0,0,0,0,1,1,6,6,1,50,8,998,1,18,TOYOTA YARIS,4,E01015792,0,-1
2021302100464,2021,302100464,1,9,0,18,19,2,6,0,0,0,0,0,0,0,3,1,6,6,1,18,4,1296,1,14,TOYOTA YARIS,1,E01013570,0,-1
2021010302046,2021,010302046,1,9,0,9,9,1,7,0,0,8,0,0,1,0,1,1,6,6,1,50,8,998,1,18,TOYOTA YARIS,2,E01021318,0,-1
2021430333674,2021,430333674,1,9,0,18,19,3,7,0,0,1,0,0,0,0,4,1,2,2,2,30,6,998,1,21,TOYOTA YARIS,5,E01016472,0,-1
2021052100790,2021,052100790,1,9,0,18,19,7,3,0,0,0,1,0,0,0,1,1,2,2,2,31,6,1329,1,4,TOYOTA YARIS,4,E01018624,0,-1
2021041044753,2021,041044753,1,9,0,18,19,5,1,0,0,0,0,0,0,0,1,1,2,2,2,18,4,998,1,12,TOYOTA YARIS,2,E01012688,0,-1
2021520201518,2021,520201518,1,9,0,3,3,4,8,0,0,1,0,0,0,0,1,1,6,6,2,57,9,1497,8,1,TOYOTA YARIS,6,E01029077,0,-1
2021010332517,2021,010332517,1,9,0,99,99,9,9,99,99,9,9,99,9,99,2,9,6,6,1,39,7,998,1,20,TOYOTA YARIS,4,E01003354,0,-1
2021010323587,2021,010323587,3,9,0,2,2,0,0,0,0,2,0,0,0,0,3,1,6,6,3,-1,-1,1497,8,7,TOYOTA YARIS,-1,-1,0,-1
2021471086460,2021,471086460,2,9,0,9,9,5,2,0,0,8,0,0,0,0,1,1,2,2,2,39,7,1497,8,2,TOYOTA YARIS,8,E01021107,0,-1
2021131116362,2021,131116362,2,9,0,1,1,7,3,0,0,8,0,0,0,0,4,1,1,1,1,46,8,1299,1,16,TOYOTA YARIS,1,E01011003,0,-1
2021991012617,2021,991012617,2,9,0,18,19,5,1,0,0,1,1,0,0,0,1,1,5,6,2,32,6,1497,8,6,TOYOTA YARIS,2,-1,0,-1
2021421024474,2021,421024474,1,9,0,18,19,2,6,0,0,1,0,0,0,0,1,1,6,6,2,85,11,998,1,18,TOYOTA YARIS,5,E01021602,0,-1
2021461128188,2021,461128188,1,9,0,17,19,8,4,0,0,0,1,0,7,4,1,1,5,6,1,30,6,1296,1,15,TOYOTA YARIS,3,E01003537,0,-1
2021201145973,2021,201145973,1,9,0,17,19,7,4,0,0,0,1,10,7,11,4,1,6,6,1,38,7,1329,1,9,TOYOTA YARIS,5,E01010159,0,-1
2021501055623,2021,501055623,1,9,0,2,2,0,0,0,0,0,0,0,0,0,3,1,6,6,1,57,9,1496,1,1,TOYOTA YARIS,6,E01010135,0,-1
2021302100663,2021,302100663,1,9,0,18,19,8,4,0,0,0,0,0,0,0,4,1,6,6,2,21,5,1490,8,0,TOYOTA YARIS,2,E01019572,0,-1
2021622100457,2021,622100457,1,9,0,16,19,5,1,0,0,0,0,0,0,0,1,1,6,6,2,65,9,1329,1,7,TOYOTA YARIS,3,W01000965,0,-1
2021010315449,2021,010315449,4,9,0,2,2,0,0,0,0,0,0,0,0,0,3,1,6,6,3,-1,-1,1329,1,6,TOYOTA YARIS,-1,-1,0,-1
2021131126952,2021,131126952,2,9,0,18,19,1,5,0,0,0,0,0,0,0,3,1,6,6,2,22,5,1329,1,11,TOYOTA YARIS,9,E01028059,0,-1
2021201140136,2021,201140136,3,9,0,3,3,5,1,0,0,0,0,0,0,0,1,1,6,6,1,54,8,1497,8,4,TOYOTA YARIS,10,E01009705,0,-1
2021111059271,2021,111059271,1,9,0,9,9,5,3,0,0,2,0,0,0,0,1,1,6,6,1,70,10,998,1,14,TOYOTA YARIS,-1,-1,0,-1
2021201097960,2021,201097960,1,9,0,4,4,7,3,0,0,2,0,4,0,0,1,1,6,6,1,19,4,998,1,15,TOYOTA YARIS,5,E01009031,0,-1
2021522100903,2021,522100903,2,9,0,9,9,6,4,0,0,5,0,0,0,0,3,1,6,6,1,18,4,998,1,18,TOYOTA YARIS,-1,-1,0,-1
2021520101299,2021,520101299,1,9,0,18,19,2,6,0,0,0,0,0,0,0,3,1,6,6,2,57,9,1497,8,4,TOYOTA YARIS,8,E01029296,0,-1
2021522102758,2021,522102758,1,9,0,2,2,0,0,0,0,8,0,0,0,0,3,1,6,6,1,33,6,998,1,17,TOYOTA YARIS,2,E01014683,0,-1
2021471050561,2021,471050561,1,9,0,18,19,4,8,0,0,4,1,0,0,0,4,1,1,1,1,45,7,1329,1,11,TOYOTA YARIS,8,E01032835,0,-1
2021010330624,2021,010330624,2,9,0,99,99,9,9,99,99,9,9,99,9,99,9,9,6,6,3,-1,-1,1299,1,19,TOYOTA YARIS,5,E01003411,0,-1
2021440434394,2021,440434394,2,9,0,3,3,1,5,0,0,1,0,0,0,0,2,1,6,6,3,-1,-1,1299,1,18,TOYOTA YARIS,-1,-1,0,-1
2021010346008,2021,010346008,1,9,0,18,19,5,1,0,0,0,0,0,7,5,1,1,6,6,2,57,9,1497,8,6,TOYOTA YARIS,9,E01003892,0,-1
2021371120457,2021,371120457,2,9,0,4,4,1,5,0,0,1,0,0,0,0,3,1,2,2,2,26,6,1329,1,5,TOYOTA YARIS,1,E01030277,0,-1
2021544401721,2021,544401721,1,9,0,18,19,4,8,0,0,2,0,0,0,0,3,1,3,7,1,40,7,1496,1,4,TOYOTA YARIS,7,E01015474,0,-1
2021471092735,2021,471092735,1,9,0,18,19,6,2,0,0,1,0,0,0,0,1,1,5,6,1,55,8,1329,1,5,TOYOTA YARIS,8,E01000390,0,-1
2021461085569,2021,461085569,1,9,0,18,19,1,3,0,0,4,0,0,0,0,3,1,6,6,2,53,8,1329,1,9,TOYOTA YARIS,3,E01000432,0,-1
2021131090382,2021,131090382,2,9,0,18,19,8,4,0,0,0,0,0,1,11,3,1,2,2,1,51,8,998,1,19,TOYOTA YARIS,3,E01010776,0,-1
202134WNC2901,2021,34WNC2901,1,9,0,18,19,1,3,0,0,8,0,0,0,0,1,1,6,6,2,27,6,1497,8,6,TOYOTA YARIS,4,E01027247,0,-1
2021501068581,2021,501068581,1,9,0,18,19,7,3,0,0,0,5,0,1,0,4,1,5,6,1,65,9,1497,8,6,TOYOTA YARIS,9,E01020457,0,-1
2021052100041,2021,052100041,2,9,0,18,19,6,2,0,0,0,0,0,0,0,2,1,6,6,1,23,5,1296,1,13,TOYOTA YARIS,2,E01006751,0,-1
2021461125728,2021,461125728,1,9,0,18,19,3,7,0,0,0,0,0,7,2,1,1,6,6,2,72,10,1497,8,3,TOYOTA YARIS,6,E01024530,0,-1
2021131096171,2021,131096171,1,9,0,17,19,5,5,0,0,8,5,0,0,0,1,1,5,6,2,19,4,1364,2,13,TOYOTA YARIS,1,E01010803,0,-1
2021061116152,2021,061116152,3,9,0,2,2,0,0,0,0,0,0,0,0,0,2,1,6,6,1,79,11,998,1,18,TOYOTA YARIS,-1,-1,0,-1
202131A029321,2021,31A029321,1,9,0,18,19,6,2,0,0,0,0,0,0,0,1,1,1,1,1,59,9,1496,1,2,TOYOTA YARIS,5,E01028237,0,-1
2021061071406,2021,061071406,1,9,0,2,2,3,3,4,4,0,0,0,0,0,3,1,6,6,2,45,7,998,1,14,TOYOTA YARIS,1,E01005246,0,-1
2021471120298,2021,471120298,2,9,0,18,19,7,3,0,0,1,0,0,0,0,4,1,5,6,1,33,6,1329,1,8,TOYOTA YARIS,3,E01021012,0,-1
2021501129831,2021,501129831,1,9,0,9,9,3,1,0,0,6,0,0,0,0,0,1,6,6,1,75,10,998,1,11,TOYOTA YARIS,4,E01020217,0,-1
2021131062548,2021,131062548,2,9,0,18,19,3,7,0,0,1,0,0,7,11,3,1,5,6,1,58,9,1296,1,14,TOYOTA YARIS,4,E01011908,0,-1
2021010311408,2021,010311408,1,9,0,18,19,7,3,0,0,0,0,11,7,10,3,1,2,2,2,39,7,1296,1,14,TOYOTA YARIS,-1,-1,0,-1
2021451059431,2021,451059431,2,9,0,18,19,1,5,0,0,1,0,0,0,0,3,1,5,6,2,24,5,1490,8,1,TOYOTA YARIS,7,E01001027,0,-1
2021401102177,2021,401102177,1,9,0,18,19,1,5,0,0,0,0,0,0,0,1,1,5,6,2,26,6,1497,8,6,TOYOTA YARIS,10,E01017612,0,-1
2021211079473,2021,211079473,2,9,0,16,19,7,3,0,0,0,0,0,1,0,1,1,5,6,2,60,9,1497,8,3,TOYOTA YARIS,-1,-1,0,-1
2021221016739,2021,221016739,2,9,0,5,5,2,8,0,0,6,0,0,0,0,2,1,5,6,2,31,6,1798,1,14,TOYOTA YARIS,5,E01014023,0,-1
2021010349696,2021,010349696,1,9,0,18,19,3,7,0,0,1,0,0,0,0,1,9,2,2,2,27,6,1497,8,2,TOYOTA YARIS,3,E01003627,0,-1
2021161023240,2021,161023240,1,9,0,18,19,6,2,0,0,2,0,0,0,0,3,1,2,2,2,23,5,1497,8,2,TOYOTA YARIS,1,E01033110,0,-1
2021052101819,2021,052101819,2,9,0,2,2,0,0,0,0,0,0,0,0,0,4,1,6,6,3,-1,-1,1329,1,8,TOYOTA YARIS,-1,-1,0,-1
2021451086404,2021,451086404,1,9,0,18,19,5,1,0,0,0,0,0,0,0,1,1,5,6,1,84,11,1497,8,6,TOYOTA YARIS,8,E01030527,0,-1
2021170H10891,2021,170H10891,3,9,0,18,19,5,1,0,0,0,0,0,0,0,1,1,6,6,2,28,6,1329,1,7,TOYOTA YARIS,8,E01012010,0,-1
2021201059162,2021,201059162,1,9,0,9,9,1,7,0,0,2,0,0,0,0,1,1,5,6,1,38,7,1299,1,20,TOYOTA YARIS,2,E01009043,0,-1
2021010320240,2021,010320240,2,9,0,18,19,1,5,0,0,4,0,0,0,0,2,1,6,6,2,49,8,1497,8,7,TOYOTA YARIS,4,E01004572,0,-1
2021201025320,2021,201025320,1,9,0,18,19,1,5,0,0,4,0,0,0,0,1,1,6,6,2,67,10,1496,1,2,TOYOTA YARIS,8,E01010307,0,-1
202163A072821,2021,63A072821,2,9,0,10,10,6,4,0,0,8,0,0,0,0,2,1,6,6,1,73,10,1329,1,10,TOYOTA YARIS,8,W01000624,0,-1
2021471028179,2021,471028179,1,9,0,7,7,2,5,0,0,8,5,0,0,0,3,1,5,6,1,26,6,1329,1,8,TOYOTA YARIS,2,E01017032,0,-1
2021131124272,2021,131124272,1,9,0,9,9,5,1,0,0,8,0,0,0,0,1,1,1,1,1,48,8,1296,1,14,TOYOTA YARIS,1,E01033003,0,-1
2021061040438,2021,061040438,2,9,0,18,19,8,4,0,0,1,0,0,0,0,1,1,6,6,1,34,6,998,1,14,TOYOTA YARIS,1,E01005822,0,-1
2021061074229,2021,061074229,1,9,0,18,19,1,5,0,0,0,0,0,0,0,1,1,6,6,2,22,5,998,1,13,TOYOTA YARIS,1,E01005490,0,-1
2021061127748,2021,061127748,4,9,0,17,19,8,4,0,0,0,0,0,0,0,1,1,6,6,2,24,5,1363,2,18,TOYOTA YARIS,1,E01010618,0,-1
2021991115864,2021,991115864,2,9,0,3,3,3,6,0,0,1,0,0,0,0,2,1,5,6,2,49,8,1329,1,8,TOYOTA YARIS,6,-1,0,-1
2021010301577,2021,010301577,2,9,0,9,9,1,6,0,0,6,0,0,0,0,1,1,2,2,2,60,9,1497,8,3,TOYOTA YARIS,2,E01001113,0,-1
2021010292804,2021,010292804,1,9,0,10,10,3,1,0,0,1,0,0,0,0,1,1,1,1,2,26,6,998,1,12,TOYOTA YARIS,3,E01001264,0,-1
2021201143234,2021,201143234,4,9,0,18,19,4,8,0,0,0,0,0,0,0,3,1,6,6,1,36,7,1497,8,8,TOYOTA YARIS,1,E01009272,0,-1
2021421068956,2021,421068956,2,9,0,3,3,7,3,0,0,0,0,0,0,0,3,1,2,2,2,42,7,1299,1,21,TOYOTA YARIS,1,E01015917,0,-1
2021221105914,2021,221105914,2,9,0,9,9,2,8,0,0,6,0,0,0,0,1,1,5,6,1,28,6,1490,8,0,TOYOTA YARIS,10,E01032158,0,-1
2021010348868,2021,010348868,2,9,0,99,99,9,9,99,99,9,9,99,9,99,1,9,6,6,3,31,6,1329,1,5,TOYOTA YARIS,-1,-1,0,-1
2021010324014,2021,010324014,3,9,0,2,2,0,0,0,0,0,0,0,0,0,2,1,6,6,3,-1,-1,998,1,17,TOYOTA YARIS,-1,-1,0,-1
2021052100946,2021,052100946,1,9,0,4,4,3,7,0,0,1,0,0,0,0,1,1,6,6,2,57,9,1296,1,14,TOYOTA YARIS,1,E01033300,0,-1
2021010329632,2021,010329632,1,9,0,18,19,5,1,99,99,0,9,99,0,0,3,9,2,2,2,29,6,1329,1,8,TOYOTA YARIS,1,E01016031,0,-1
2021101056091,2021,101056091,2,9,0,18,19,4,1,0,0,1,0,0,0,0,1,1,6,6,1,69,10,1497,8,7,TOYOTA YARIS,7,E01027434,0,-1
2021010311364,2021,010311364,1,9,0,9,9,6,4,0,0,8,0,0,0,0,2,1,6,6,2,40,7,1497,8,7,TOYOTA YARIS,3,E01015730,0,-1
2021201063096,2021,201063096,1,9,0,16,19,6,1,0,0,0,1,10,2,10,1,1,6,6,1,24,5,1299,1,17,TOYOTA YARIS,2,E01010343,0,-1
2021010342200,2021,010342200,1,9,0,9,9,3,8,0,0,1,0,0,0,0,0,1,6,6,2,42,7,998,1,17,TOYOTA YARIS,3,E01003769,0,-1
2021061127149,2021,061127149,2,9,0,18,19,5,1,0,0,8,0,0,0,0,4,1,5,6,2,59,9,1329,1,7,TOYOTA YARIS,8,E01005016,0,-1
2021010303875,2021,010303875,1,9,0,18,19,3,7,0,0,2,0,0,0,0,1,1,6,6,2,39,7,1497,8,5,TOYOTA YARIS,2,E01004669,0,-1
2021231020395,2021,231020395,1,9,0,18,19,5,1,0,0,4,0,0,0,0,3,1,1,1,2,61,9,1490,8,1,TOYOTA YARIS,6,E01031048,0,-1
2021461092029,2021,461092029,1,9,0,9,9,4,2,0,0,6,0,0,0,0,1,1,6,6,1,44,7,1497,8,7,TOYOTA YARIS,10,E01023996,0,-1
2021430310779,2021,430310779,1,9,0,18,19,6,2,0,0,0,0,0,0,0,1,1,6,6,1,75,10,1497,8,4,TOYOTA YARIS,-1,-1,0,-1
2021052100305,2021,052100305,1,9,0,5,5,3,7,0,0,1,0,0,1,0,1,1,6,6,1,84,11,1497,8,3,TOYOTA YARIS,6,E01007076,0,-1
2021461042098,2021,461042098,1,9,0,18,19,3,7,0,0,0,0,0,0,0,0,1,5,6,1,65,9,1329,1,6,TOYOTA YARIS,-1,-1,0,-1
2021461116201,2021,461116201,2,9,0,18,19,3,7,0,0,0,0,0,0,0,2,1,5,6,2,45,7,1496,1,2,TOYOTA YARIS,4,E01024591,0,-1
2021010346573,2021,010346573,3,9,0,2,2,0,0,0,0,0,0,0,0,0,1,1,6,6,3,-1,-1,1496,1,2,TOYOTA YARIS,-1,-1,0,-1
2021522103764,2021,522103764,2,9,0,7,7,3,5,4,4,6,0,0,0,0,3,1,6,6,2,20,4,998,1,3,TOYOTA YARIS,-1,-1,0,-1
2021320586347,2021,320586347,1,9,0,17,19,4,8,0,0,0,5,0,7,9,1,1,6,6,2,85,11,1329,1,12,TOYOTA YARIS,9,E01013265,0,-1
2021052101921,2021,052101921,2,9,0,4,4,5,1,0,0,1,0,0,0,0,0,1,2,2,1,25,5,1329,1,9,TOYOTA YARIS,1,E01006721,0,-1
202131D056121,2021,31D056121,1,9,0,9,9,2,8,0,0,6,0,0,0,0,1,1,6,6,2,71,10,998,1,3,TOYOTA YARIS,-1,-1,0,-1
2021010301818,2021,010301818,2,9,0,9,9,6,5,0,0,1,0,0,0,0,2,1,6,6,1,47,8,1296,1,15,TOYOTA YARIS,4,E01003133,0,-1
2021010307716,2021,010307716,2,9,0,99,99,9,9,99,99,9,9,99,9,99,1,9,6,6,3,-1,-1,1329,1,12,TOYOTA YARIS,-1,-1,0,-1
2021522200560,2021,522200560,2,9,0,18,19,6,2,0,0,0,0,0,0,0,1,1,6,6,1,34,6,1496,1,1,TOYOTA YARIS,8,E01032681,0,-1
2021061062501,2021,061062501,1,9,0,18,19,5,1,0,0,0,1,0,1,0,1,1,2,2,1,27,6,1329,1,10,TOYOTA YARIS,10,E01005741,0,-1
2021010310584,2021,010310584,2,9,0,99,99,9,9,99,99,9,9,99,9,99,0,9,6,6,2,46,8,1296,1,15,TOYOTA YARIS,7,E01002122,0,-1
2021320384140,2021,320384140,2,9,0,6,6,1,7,0,0,0,0,0,0,0,1,1,6,6,1,23,5,998,1,9,TOYOTA YARIS,2,E01026154,0,-1
2021170S10711,2021,170S10711,1,9,0,1,1,5,2,9,9,8,0,0,0,0,2,1,6,6,2,44,7,1329,1,7,TOYOTA YARIS,5,E01012218,0,-1
2021131074543,2021,131074543,1,9,0,18,19,8,4,0,0,8,0,0,0,0,1,1,5,6,1,38,7,1798,1,12,TOYOTA YARIS,6,E01011083,0,-1
2021371148243,2021,371148243,3,9,0,3,3,5,1,0,0,0,0,0,0,0,2,1,5,6,2,64,9,1497,8,4,TOYOTA YARIS,8,E01030047,0,-1
2021010305398,2021,010305398,2,9,9,99,99,9,9,99,99,9,9,99,9,99,9,9,6,6,3,-1,-1,1496,1,3,TOYOTA YARIS,-1,-1,0,-1
202131B097621,2021,31B097621,1,9,0,18,19,8,4,0,0,0,0,0,0,0,1,1,6,6,1,62,9,998,1,19,TOYOTA YARIS,1,E01007769,0,-1
2021041127308,2021,041127308,2,9,0,18,19,7,3,0,0,1,0,0,0,0,1,1,1,1,1,49,8,1364,2,9,TOYOTA YARIS,3,E01012644,0,-1
2021201137048,2021,201137048,2,9,0,3,3,4,8,0,0,1,0,0,0,0,2,1,6,6,2,51,8,1329,1,8,TOYOTA YARIS,1,E01009511,0,-1
2021010335515,2021,010335515,2,9,0,99,99,9,9,99,99,9,9,99,9,99,1,9,6,6,3,31,6,1329,1,8,TOYOTA YARIS,2,E01000729,0,-1