collision_index,collision_year,collision_ref_no,vehicle_reference,vehicle_type,towing_and_articulation,vehicle_manoeuvre_historic,vehicle_manoeuvre,vehicle_direction_from,vehicle_direction_to,vehicle_location_restricted_lane_historic,vehicle_location_restricted_lane,junction_location,skidding_and_overturning,hit_object_in_carriageway,vehicle_leaving_carriageway,hit_object_off_carriageway,first_point_of_impact,vehicle_left_hand_drive,journey_purpose_of_driver_historic,journey_purpose_of_driver,sex_of_driver,age_of_driver,age_band_of_driver,engine_capacity_cc,propulsion_code,age_of_vehicle,generic_make_model,driver_imd_decile,lsoa_of_driver,escooter_flag,driver_distance_banding
2021411018516,2021,411018516,1,9,0,18,19,2,6,0,0,0,0,0,0,0,1,1,6,6,1,23,5,1299,1,16,TOYOTA YARIS,4,E01023738,0,-1
2021010313308,2021,010313308,2,9,0,9,9,8,6,0,0,5,0,11,7,10,4,1,6,6,2,45,7,1496,1,2,TOYOTA YARIS,2,E01003241,0,-1
2021061105190,2021,061105190,2,9,0,3,3,7,3,0,0,1,0,0,0,0,2,1,5,6,2,33,6,998,1,18,TOYOTA YARIS,2,E01004879,0,-1
2021401039264,2021,401039264,1,9,0,18,19,6,2,0,0,0,0,11,1,4,1,1,2,2,2,45,7,998,1,15,TOYOTA YARIS,3,E01015701,0,-1
2021061119369,2021,061119369,1,9,0,18,19,5,1,0,0,1,0,0,0,0,1,1,6,6,1,-1,-1,1299,1,18,TOYOTA YARIS,3,E01005817,0,-1
2021010301214,2021,010301214,2,9,0,99,99,9,9,99,99,9,9,99,9,99,2,9,6,6,3,-1,-1,1299,1,16,TOYOTA YARIS,-1,-1,0,-1
2021501027649,2021,501027649,1,9,0,18,19,2,6,0,0,0,5,0,0,0,1,1,6,6,2,49,8,1329,1,9,TOYOTA YARIS,4,E01018962,0,-1
2021461115254,2021,461115254,1,9,0,7,7,1,5,0,0,0,0,0,0,0,3,1,6,6,1,46,8,1497,8,5,TOYOTA YARIS,9,E01024008,0,-1
2021010300749,2021,010300749,1,9,0,18,19,3,7,0,0,1,0,0,0,0,4,1,6,6,1,71,10,1497,8,3,TOYOTA YARIS,8,E01001927,0,-1
2021361051281,2021,361051281,1,9,0,4,4,7,1,0,0,0,0,11,0,0,1,1,5,6,2,81,11,1497,8,8,TOYOTA YARIS,9,E01026571,0,-1
2021010316988,2021,010316988,1,9,0,4,4,7,3,0,0,4,0,0,0,0,2,1,6,6,2,43,7,1497,8,3,TOYOTA YARIS,6,E01000624,0,-1
2021010349005,2021,010349005,2,9,0,3,3,1,5,0,0,3,0,0,0,0,4,1,6,6,1,42,7,1329,1,7,TOYOTA YARIS,2,E01002227,0,-1
2021010316819,2021,010316819,3,9,0,2,2,0,0,0,0,0,0,0,0,0,4,1,6,6,3,-1,-1,1497,1,16,TOYOTA YARIS,-1,-1,0,-1
2021201133912,2021,201133912,1,9,0,18,19,2,8,0,0,8,0,0,0,0,1,1,6,6,1,46,8,998,1,13,TOYOTA YARIS,1,E01008931,0,-1
2021010323432,2021,010323432,1,9,0,99,99,9,9,99,99,9,9,99,9,99,1,9,6,6,2,26,6,1329,1,11,TOYOTA YARIS,6,E01003646,0,-1
2021201090927,2021,201090927,2,9,0,18,19,1,5,0,0,6,0,10,7,0,2,1,6,6,1,46,8,1497,8,6,TOYOTA YARIS,7,E01010163,0,-1
2021010310090,2021,010310090,2,9,0,5,5,4,8,0,0,1,0,0,0,0,2,1,6,6,1,30,6,1496,1,1,TOYOTA YARIS,9,E01004490,0,-1
2021461080112,2021,461080112,2,9,0,9,9,6,2,0,0,1,0,0,0,0,0,1,6,6,2,-1,-1,1497,8,9,TOYOTA YARIS,8,E01024221,0,-1
2021430200481,2021,430200481,1,9,0,18,19,1,4,0,0,0,5,0,7,11,1,1,6,6,2,96,11,1497,8,5,TOYOTA YARIS,7,E01016317,0,-1
2021522105159,2021,522105159,1,9,0,18,19,7,3,0,0,1,0,0,0,0,3,1,6,6,2,62,9,1329,1,5,TOYOTA YARIS,10,E01014880,0,-1
2021061063669,2021,061063669,1,9,0,18,19,3,7,0,0,1,0,0,0,0,1,1,6,6,3,-1,-1,998,1,17,TOYOTA YARIS,-1,-1,0,-1
2021351085179,2021,351085179,2,9,0,4,4,7,3,0,0,0,0,0,0,0,2,1,5,6,1,44,7,1497,8,2,TOYOTA YARIS,5,E01018084,0,-1
2021440272986,2021,440272986,1,9,0,10,10,4,1,0,0,1,0,0,0,0,1,1,6,6,2,33,6,1329,1,9,TOYOTA YARIS,3,E01017019,0,-1
2021430354154,2021,430354154,1,9,0,4,4,8,4,0,0,1,0,0,0,0,3,1,6,6,2,30,6,1497,8,6,TOYOTA YARIS,6,E01016469,0,-1
2021131060999,2021,131060999,2,9,0,4,4,1,5,0,0,0,0,0,0,0,2,1,2,2,2,24,5,998,1,18,TOYOTA YARIS,1,E01011059,0,-1
2021010306099,2021,010306099,1,9,9,99,99,9,9,99,99,0,9,99,0,0,9,9,6,6,3,61,9,1497,8,5,TOYOTA YARIS,3,E01003081,0,-1
2021041019867,2021,041019867,2,9,0,18,19,2,6,0,0,0,0,0,0,0,1,1,5,6,1,50,8,1497,8,4,TOYOTA YARIS,10,E01025103,0,-1
2021111046814,2021,111046814,1,9,0,4,4,1,5,0,0,0,0,0,0,0,1,1,6,6,1,29,6,1364,2,15,TOYOTA YARIS,2,E01020897,0,-1
2021141083698,2021,141083698,1,9,0,6,6,3,7,0,0,2,0,0,0,0,3,1,6,6,1,62,9,1329,1,10,TOYOTA YARIS,8,E01008048,0,-1
2021231035951,2021,231035951,2,9,0,18,19,2,6,0,0,8,0,11,0,0,1,1,5,6,3,38,7,1329,1,8,TOYOTA YARIS,-1,-1,0,-1
2021010290767,2021,010290767,2,9,0,99,99,9,9,99,99,9,9,99,9,99,1,9,6,6,3,-1,-1,1299,1,21,TOYOTA YARIS,-1,-1,0,-1
202163D066121,2021,63D066121,1,9,0,18,19,2,6,0,0,0,0,0,7,10,3,1,6,6,2,76,11,1329,1,10,TOYOTA YARIS,6,W01000455,0,-1
2021201061310,2021,201061310,3,9,0,3,3,6,2,0,0,0,0,0,0,0,2,1,6,6,1,-1,-1,1497,8,8,TOYOTA YARIS,1,E01033637,0,-1
2021520104077,2021,520104077,1,9,0,9,9,8,7,0,0,8,0,0,0,0,1,1,6,6,1,67,10,1299,1,16,TOYOTA YARIS,7,E01008949,0,-1
2021622100517,2021,622100517,2,9,0,4,4,8,4,0,0,0,1,0,0,0,2,1,6,6,1,23,5,998,1,19,TOYOTA YARIS,4,W01001139,0,-1
2021010335778,2021,010335778,2,9,0,9,9,2,7,0,0,8,0,0,0,0,1,1,6,6,1,22,5,1329,1,4,TOYOTA YARIS,9,E01002108,0,-1
2021010288761,2021,010288761,2,9,0,99,99,9,9,99,99,9,9,99,9,99,1,9,6,6,3,-1,-1,1299,1,21,TOYOTA YARIS,-1,-1,0,-1
2021471044990,2021,471044990,2,9,0,18,19,2,6,0,0,1,0,0,1,10,0,1,2,2,2,43,7,1497,8,5,TOYOTA YARIS,3,E01031430,0,-1
2021138181596,2021,138181596,2,9,0,18,19,6,2,0,0,0,1,0,0,0,1,1,2,2,2,24,5,1497,8,3,TOYOTA YARIS,2,E01010619,0,-1
2021451112495,2021,451112495,1,9,0,4,4,1,5,0,0,0,0,0,0,0,1,1,5,6,1,22,5,998,1,16,TOYOTA YARIS,2,E01016463,0,-1
2021010350017,2021,010350017,1,9,0,9,9,4,1,0,0,2,0,0,0,0,1,1,1,1,2,25,5,1329,1,12,TOYOTA YARIS,1,E01004334,0,-1
202131A002721,2021,31A002721,2,9,0,18,19,8,4,0,0,0,0,0,0,0,3,1,1,1,2,32,6,1329,1,11,TOYOTA YARIS,3,E01033392,0,-1
2021010302785,2021,010302785,1,9,0,18,19,3,7,0,0,1,0,0,0,0,3,1,3,7,2,31,6,1329,1,7,TOYOTA YARIS,4,E01002299,0,-1
2021061101705,2021,061101705,2,9,0,13,13,7,3,0,0,1,0,0,0,0,4,1,6,6,3,30,6,1497,8,3,TOYOTA YARIS,-1,-1,0,-1
2021010320629,2021,010320629,2,9,0,9,9,2,7,7,6,3,0,0,0,0,1,1,6,6,2,27,6,1329,1,5,TOYOTA YARIS,8,E01003795,0,-1
2021010328283,2021,010328283,3,9,0,18,19,1,5,0,0,0,0,99,0,0,1,1,6,6,1,29,6,1296,1,15,TOYOTA YARIS,2,E01033698,0,-1
2021201077409,2021,201077409,2,9,0,14,14,3,7,0,0,0,0,0,0,0,4,1,6,6,1,74,10,1490,8,0,TOYOTA YARIS,2,E01009746,0,-1
2021041091947,2021,041091947,2,9,0,9,9,7,3,0,0,1,0,0,1,0,3,1,5,6,1,23,5,1299,1,17,TOYOTA YARIS,1,E01012643,0,-1
2021010295853,2021,010295853,1,9,0,16,19,3,7,0,0,5,0,10,3,1,1,1,2,2,1,62,9,1497,8,6,TOYOTA YARIS,3,E01004590,0,-1
2021411044342,2021,411044342,2,9,0,5,5,7,4,0,0,1,0,0,0,0,1,1,1,1,2,37,7,1497,8,2,TOYOTA YARIS,9,E01023833,0,-1
2021010316513,2021,010316513,1,9,0,5,5,1,5,0,0,2,0,0,0,0,1,1,3,7,1,22,5,1497,8,4,TOYOTA YARIS,4,E01004338,0,-1
2021421041376,2021,421041376,1,9,0,18,19,3,7,0,0,1,0,0,0,0,1,1,6,6,1,35,6,1497,8,2,TOYOTA YARIS,2,E01000063,0,-1
2021201043518,2021,201043518,2,9,0,18,19,1,5,0,0,0,0,10,0,0,3,1,6,6,2,35,6,1299,1,16,TOYOTA YARIS,1,E01009019,0,-1
2021131039411,2021,131039411,1,9,0,4,4,1,5,0,0,8,0,0,0,0,1,1,1,1,1,22,5,1363,2,16,TOYOTA YARIS,4,E01010669,0,-1
2021471032584,2021,471032584,1,9,0,9,9,6,4,0,0,1,0,0,0,0,3,1,2,2,2,56,9,1299,1,19,TOYOTA YARIS,-1,-1,0,-1
2021010300560,2021,010300560,1,9,0,7,7,3,5,0,0,5,0,0,0,0,4,1,6,6,2,83,11,1329,1,9,TOYOTA YARIS,3,E01000138,0,-1
2021201073416,2021,201073416,1,9,0,5,5,8,4,0,0,2,0,0,0,0,3,1,6,6,1,68,10,1364,2,15,TOYOTA YARIS,2,E01009389,0,-1
2021141074625,2021,141074625,1,9,0,18,19,7,3,0,0,0,0,0,0,0,0,1,5,6,1,63,9,1497,8,5,TOYOTA YARIS,2,E01007340,0,-1
2021010342305,2021,010342305,1,9,0,9,9,8,6,0,0,8,0,0,0,0,1,2,6,6,1,87,11,1329,1,6,TOYOTA YARIS,-1,-1,0,-1
2021061074551,2021,061074551,1,9,0,18,19,5,1,0,0,8,0,0,0,0,1,1,6,6,2,32,6,1329,1,12,TOYOTA YARIS,1,E01005285,0,-1
2021201132790,2021,201132790,1,9,0,7,7,6,8,0,0,6,0,0,0,0,1,1,6,6,1,-1,-1,1296,1,14,TOYOTA YARIS,-1,-1,0,-1
2021461105249,2021,461105249,2,9,0,17,19,4,2,0,0,0,0,0,0,0,1,1,6,6,1,33,6,1490,8,0,TOYOTA YARIS,-1,-1,0,-1
2021531099691,2021,531099691,1,9,0,7,7,-1,-1,0,0,8,0,0,0,0,4,1,6,6,1,51,8,1296,1,13,TOYOTA YARIS,8,E01022356,0,-1
2021231110888,2021,231110888,2,9,0,4,4,6,2,0,0,0,5,0,2,0,2,1,1,1,2,44,7,1299,1,17,TOYOTA YARIS,2,E01032528,0,-1
2021010327860,2021,010327860,2,9,0,2,2,0,0,0,0,0,0,0,0,0,1,1,6,6,3,-1,-1,998,1,19,TOYOTA YARIS,-1,-1,0,-1
2021010300121,2021,010300121,3,9,0,18,19,1,5,0,0,1,0,0,0,0,2,1,6,6,1,31,6,1497,8,7,TOYOTA YARIS,3,E01002502,0,-1
2021461068353,2021,461068353,1,9,0,5,5,-1,-1,0,0,0,0,0,0,0,1,1,6,6,1,48,8,1497,8,8,TOYOTA YARIS,6,E01032807,0,-1
2021302101343,2021,302101343,3,9,0,2,2,0,0,0,0,1,0,0,0,0,2,1,6,6,3,-1,-1,1296,1,14,TOYOTA YARIS,-1,-1,0,-1
2021430030467,2021,430030467,1,9,0,3,3,1,5,0,0,1,0,0,7,0,3,1,6,6,2,74,10,1490,8,1,TOYOTA YARIS,10,E01028806,0,-1
2021010300165,2021,010300165,2,9,0,18,19,3,7,0,0,1,0,0,0,0,1,1,6,6,2,40,7,998,1,14,TOYOTA YARIS,5,E01002682,0,-1
2021061078571,2021,061078571,1,9,0,18,19,1,5,0,0,1,0,0,0,0,1,1,6,6,1,21,5,1296,1,15,TOYOTA YARIS,1,E01005353,0,-1
2021522106283,2021,522106283,1,9,0,18,19,3,7,0,0,2,0,0,1,0,3,1,6,6,1,37,7,998,1,16,TOYOTA YARIS,3,E01014673,0,-1
2021451086576,2021,451086576,1,9,0,3,3,1,3,0,0,0,0,0,0,0,0,1,5,6,2,63,9,1329,1,5,TOYOTA YARIS,10,E01030448,0,-1
2021061073265,2021,061073265,2,9,0,18,19,1,5,0,0,1,0,0,0,0,2,1,6,6,2,30,6,1329,1,8,TOYOTA YARIS,2,E01005980,0,-1
2021501146598,2021,501146598,2,9,0,16,19,2,6,0,0,8,0,0,0,0,1,1,6,6,1,47,8,1329,1,10,TOYOTA YARIS,1,E01015152,0,-1
2021138441859,2021,138441859,2,9,0,7,7,8,4,0,0,6,0,0,1,0,2,1,6,6,1,67,10,1364,2,14,TOYOTA YARIS,1,E01010839,0,-1
2021461063008,2021,461063008,1,9,0,18,19,2,6,0,0,0,1,0,0,0,1,1,2,2,1,60,9,1329,1,11,TOYOTA YARIS,8,E01024017,0,-1
2021070334314,2021,070334314,1,9,0,18,19,7,3,0,0,0,0,0,0,0,1,1,6,6,2,73,10,1329,1,8,TOYOTA YARIS,8,E01018661,0,-1
2021061039120,2021,061039120,1,9,0,3,3,8,4,0,0,0,0,0,0,0,2,1,6,6,2,39,7,1496,1,4,TOYOTA YARIS,2,E01004972,0,-1
2021101050987,2021,101050987,2,9,0,4,4,5,1,0,0,0,0,0,0,0,0,1,5,6,1,47,8,1496,1,3,TOYOTA YARIS,2,E01004402,0,-1
2021161119295,2021,161119295,1,9,0,10,10,7,3,0,0,4,0,0,0,0,2,1,6,6,1,43,7,1497,8,1,TOYOTA YARIS,10,E01012921,0,-1
2021421083932,2021,421083932,1,9,0,4,4,2,6,0,0,1,0,0,0,0,2,1,6,6,1,47,8,1490,8,0,TOYOTA YARIS,9,E01021747,0,-1
2021010294920,2021,010294920,1,9,9,99,99,9,9,99,99,9,9,99,9,99,9,9,6,6,3,39,7,1329,1,7,TOYOTA YARIS,6,E01000816,0,-1
2021401042076,2021,401042076,1,9,0,9,9,6,2,0,0,6,0,0,0,0,1,1,5,6,2,38,7,1299,1,17,TOYOTA YARIS,1,E01015789,0,-1
2021401078601,2021,401078601,2,9,0,11,11,1,1,0,0,0,0,0,0,0,4,1,1,1,2,22,5,1329,1,11,TOYOTA YARIS,2,E01015787,0,-1
2021070410677,2021,070410677,1,9,0,10,10,3,4,0,0,2,0,0,0,0,3,1,6,6,2,-1,-1,1299,1,16,TOYOTA YARIS,7,E01018412,0,-1
2021421125277,2021,421125277,1,9,0,18,19,8,4,0,0,3,0,0,0,0,1,1,6,6,1,54,8,1329,1,6,TOYOTA YARIS,10,E01033721,0,-1
2021461054470,2021,461054470,1,9,0,18,19,5,1,0,0,1,0,0,0,0,4,1,6,6,1,19,4,1364,2,12,TOYOTA YARIS,5,E01024562,0,-1
2021371044473,2021,371044473,3,9,0,4,4,4,7,0,0,0,0,0,0,0,2,1,5,6,1,65,9,1299,1,16,TOYOTA YARIS,8,E01030000,0,-1
2021131066674,2021,131066674,1,9,0,9,9,7,5,0,0,7,0,0,0,0,1,1,5,6,2,78,11,1497,8,4,TOYOTA YARIS,6,E01011586,0,-1
2021302100004,2021,302100004,1,9,0,5,5,7,4,0,0,0,0,0,0,0,3,1,6,6,2,37,7,1496,1,4,TOYOTA YARIS,4,E01013501,0,-1
2021061030233,2021,061030233,1,9,0,18,19,6,2,0,0,0,0,0,0,0,1,1,5,6,2,84,11,998,1,15,TOYOTA YARIS,5,E01005838,0,-1
2021010316226,2021,010316226,1,9,0,99,99,9,9,99,99,9,9,99,9,99,1,9,2,2,2,33,6,1296,1,13,TOYOTA YARIS,8,E01022101,0,-1
2021320358693,2021,320358693,1,9,0,9,9,8,6,0,0,6,0,0,0,0,1,1,6,6,2,74,10,1497,8,2,TOYOTA YARIS,4,E01008920,0,-1
2021991126172,2021,991126172,1,9,0,7,7,5,7,0,0,2,0,0,1,0,4,1,4,7,2,17,4,1329,1,5,TOYOTA YARIS,1,-1,0,-1
2021522101553,2021,522101553,2,9,0,9,9,7,5,0,0,6,0,0,0,0,3,1,6,6,1,19,4,998,1,14,TOYOTA YARIS,10,E01015001,0,-1
2021010335351,2021,010335351,1,9,0,18,19,3,7,0,0,1,0,0,0,0,1,1,6,6,2,36,7,1329,1,8,TOYOTA YARIS,2,E01000065,0,-1
2021061082326,2021,061082326,1,9,0,9,9,3,1,0,0,8,0,0,0,0,1,1,6,6,1,86,11,1296,1,14,TOYOTA YARIS,10,E01005789,0,-1
2021991021252,2021,991021252,2,9,0,7,7,6,1,0,0,8,0,0,1,0,3,1,2,2,1,64,9,1299,1,16,TOYOTA YARIS,6,-1,0,-1
2021010341211,2021,010341211,2,9,0,99,99,9,9,99,99,9,9,99,9,99,1,9,6,6,3,46,8,1497,8,7,TOYOTA YARIS,3,E01003579,0,-1
2021010333593,2021,010333593,1,9,0,99,99,9,9,99,99,9,9,99,9,99,9,9,6,6,1,57,9,998,1,15,TOYOTA YARIS,3,E01001373,0,-1
2021061099244,2021,061099244,2,9,0,10,10,7,3,0,0,1,0,0,0,0,2,1,6,6,1,67,10,1364,2,14,TOYOTA YARIS,1,E01005291,0,-1
2021991080456,2021,991080456,1,9,0,9,9,5,3,0,0,1,0,0,0,0,1,1,5,6,2,87,11,1299,1,16,TOYOTA YARIS,1,-1,0,-1
2021351061367,2021,351061367,1,9,0,18,19,1,5,0,0,0,2,10,1,0,1,1,5,6,1,52,8,998,1,17,TOYOTA YARIS,2,E01015612,0,-1
2021010340259,2021,010340259,1,9,0,99,99,9,9,99,99,9,9,99,9,99,1,9,6,6,1,58,9,1299,1,21,TOYOTA YARIS,4,E01003447,0,-1
2021010346102,2021,010346102,1,9,0,18,19,1,5,0,0,6,0,0,0,0,1,1,6,6,1,-1,-1,1329,1,4,TOYOTA YARIS,5,E01001168,0,-1
2021010294730,2021,010294730,1,9,0,4,4,7,3,0,0,1,0,0,0,0,0,1,6,6,1,41,7,1329,1,5,TOYOTA YARIS,4,E01000995,0,-1
2021141128724,2021,141128724,2,9,0,14,14,5,1,0,0,0,1,0,7,11,3,1,5,6,1,39,7,1296,1,15,TOYOTA YARIS,5,E01007682,0,-1
2021302102066,2021,302102066,1,9,0,18,19,4,8,0,0,0,0,0,0,0,4,1,6,6,2,66,10,1497,8,2,TOYOTA YARIS,5,E01013542,0,-1
2021622100351,2021,622100351,1,9,0,18,19,2,6,0,0,0,0,0,1,0,2,1,2,2,2,40,7,1329,1,10,TOYOTA YARIS,7,W01000982,0,-1
2021302101525,2021,302101525,1,9,0,18,19,8,4,0,0,2,0,0,0,0,1,1,6,6,1,63,9,1329,1,11,TOYOTA YARIS,9,E01013599,0,-1
202131B042221,2021,31B042221,2,9,0,2,2,0,0,0,0,0,0,4,0,0,2,1,6,6,3,-1,-1,998,1,22,TOYOTA YARIS,-1,-1,0,-1
2021401108621,2021,401108621,1,9,0,6,6,5,1,0,0,0,0,10,1,11,4,1,5,6,1,19,4,998,1,14,TOYOTA YARIS,5,E01015767,0,-1
2021531093303,2021,531093303,1,9,0,13,13,3,7,0,0,0,0,0,0,0,1,1,5,6,2,23,5,1299,1,20,TOYOTA YARIS,9,E01022404,0,-1
2021461120823,2021,461120823,1,9,0,1,1,1,5,0,0,0,0,0,0,0,1,1,6,6,2,84,11,1497,8,5,TOYOTA YARIS,7,E01024813,0,-1
2021141124801,2021,141124801,2,9,0,18,19,7,3,0,0,0,0,0,0,0,1,1,6,6,2,50,8,1329,1,8,TOYOTA YARIS,1,E01007715,0,-1
2021131051852,2021,131051852,1,9,0,18,19,7,3,0,0,0,0,0,0,0,1,1,6,6,3,-1,-1,1329,1,10,TOYOTA YARIS,-1,-1,0,-1
2021421046594,2021,421046594,1,9,0,1,1,7,5,9,9,0,0,0,0,0,2,1,6,6,1,73,10,1497,8,2,TOYOTA YARIS,4,E01021956,0,-1
2021010335657,2021,010335657,1,9,0,6,6,1,1,0,0,1,0,0,0,0,3,1,6,6,1,24,5,1329,1,12,TOYOTA YARIS,3,E01000176,0,-1
2021440303156,2021,440303156,1,9,0,1,1,7,3,0,0,0,0,0,0,0,2,1,6,6,1,53,8,1296,1,14,TOYOTA YARIS,6,E01017029,0,-1
2021041028626,2021,041028626,1,9,0,9,9,3,3,0,0,8,0,0,0,0,1,1,2,2,1,53,8,998,1,20,TOYOTA YARIS,7,E01012722,0,-1
2021461075098,2021,461075098,1,9,0,4,4,-1,-1,0,0,0,0,-1,-1,0,1,1,6,6,2,70,10,1496,1,4,TOYOTA YARIS,9,E01024415,0,-1
2021231107205,2021,231107205,2,9,0,2,2,0,0,0,0,2,0,4,0,0,2,1,5,6,1,49,8,1299,1,16,TOYOTA YARIS,4,E01031333,0,-1
2021122101506,2021,122101506,2,9,0,4,4,1,7,0,0,1,0,0,0,0,3,1,2,2,2,43,7,1329,1,11,TOYOTA YARIS,10,E01027901,0,-1
2021061089390,2021,061089390,1,9,0,18,19,6,2,0,0,8,0,0,0,0,2,1,6,6,1,43,7,1497,8,3,TOYOTA YARIS,1,E01005253,0,-1
2021991081433,2021,991081433,1,9,0,18,19,3,7,0,0,0,2,0,1,0,4,1,2,2,2,18,4,998,1,21,TOYOTA YARIS,4,-1,0,-1
2021010317646,2021,010317646,1,9,9,99,99,9,9,99,99,9,9,12,9,99,4,9,6,6,2,28,6,1296,1,13,TOYOTA YARIS,3,E01002044,0,-1
2021052102180,2021,052102180,2,9,0,16,19,6,8,0,0,8,1,0,0,0,1,1,2,2,1,28,6,1497,8,5,TOYOTA YARIS,-1,-1,0,-1
2021401087985,2021,401087985,1,9,0,12,12,-1,-1,0,0,0,0,0,-1,0,-1,1,6,6,2,31,6,998,1,9,TOYOTA YARIS,3,E01015730,0,-1
2021010314303,2021,010314303,1,9,0,7,7,1,2,0,0,5,0,0,1,0,1,1,6,6,1,42,7,1497,8,3,TOYOTA YARIS,5,E01000299,0,-1
2021501092016,2021,501092016,1,9,0,5,5,8,3,0,0,6,0,0,0,0,1,1,5,6,2,29,6,1497,8,9,TOYOTA YARIS,2,E01020998,0,-1
2021041072549,2021,041072549,1,9,0,12,12,3,7,0,0,0,0,0,0,0,4,1,5,6,2,51,8,1497,8,7,TOYOTA YARIS,1,E01025184,0,-1
2021440467716,2021,440467716,1,9,0,9,9,4,8,0,0,6,0,0,0,0,1,1,6,6,1,89,11,1329,1,10,TOYOTA YARIS,5,E01017365,0,-1
2021141108515,2021,141108515,1,9,0,18,19,2,6,0,0,0,0,0,0,0,1,1,6,6,1,43,7,1329,1,12,TOYOTA YARIS,10,E01008044,0,-1
2021010308213,2021,010308213,1,9,5,99,99,9,9,99,99,9,9,99,0,0,9,9,6,6,1,72,10,1299,1,20,TOYOTA YARIS,-1,-1,0,-1
2021010300378,2021,010300378,1,9,0,9,9,7,5,0,0,2,0,0,0,0,1,1,3,7,2,34,6,1497,8,2,TOYOTA YARIS,3,E01004167,0,-1
2021440074563,2021,440074563,1,9,0,4,4,6,2,0,0,1,0,0,0,0,2,1,6,6,2,69,10,1496,1,3,TOYOTA YARIS,3,E01017078,0,-1
2021010342775,2021,010342775,1,9,0,99,99,9,9,99,99,9,9,99,9,99,2,9,6,6,1,46,8,1497,8,3,TOYOTA YARIS,6,E01004077,0,-1
2021361095533,2021,361095533,2,9,0,9,9,5,3,0,0,8,0,0,0,0,2,1,5,6,2,55,8,1497,8,8,TOYOTA YARIS,9,E01026871,0,-1
2021440067257,2021,440067257,1,9,0,18,19,5,1,0,0,0,2,0,1,11,4,1,6,6,2,22,5,1364,2,15,TOYOTA YARIS,10,E01031855,0,-1
2021141027131,2021,141027131,1,9,0,18,19,8,4,0,0,2,0,0,0,0,2,1,3,7,1,39,7,998,1,14,TOYOTA YARIS,3,E01007680,0,-1
2021481153971,2021,481153971,1,9,0,7,7,5,7,0,0,8,0,0,0,0,4,1,2,2,2,33,6,1490,8,0,TOYOTA YARIS,-1,-1,0,-1
2021161024249,2021,161024249,1,9,0,18,19,1,5,0,0,0,0,0,0,0,3,1,6,6,2,79,11,1497,8,4,TOYOTA YARIS,6,E01012959,0,-1
2021010295875,2021,010295875,1,9,0,18,19,5,1,0,0,8,0,0,0,0,1,1,6,6,1,26,6,1497,8,3,TOYOTA YARIS,7,E01000214,0,-1
2021131038777,2021,131038777,1,9,0,18,19,3,7,0,0,0,0,0,0,0,4,1,2,2,1,26,6,1497,8,5,TOYOTA YARIS,1,E01011504,0,-1
2021010333340,2021,010333340,2,9,0,18,19,5,1,0,0,8,0,0,0,0,1,1,6,6,2,31,6,998,1,15,TOYOTA YARIS,3,E01000610,0,-1
2021131112278,2021,131112278,2,9,0,18,19,4,8,0,0,1,0,0,0,0,1,1,5,6,2,35,6,1329,1,12,TOYOTA YARIS,1,E01011423,0,-1
2021201068785,2021,201068785,1,9,0,9,9,6,4,0,0,5,0,0,0,0,1,1,6,6,1,40,7,1329,1,9,TOYOTA YARIS,1,E01009060,0,-1
2021201059676,2021,201059676,1,9,0,10,10,6,4,0,0,8,0,0,0,0,2,1,6,6,2,46,8,1497,8,1,TOYOTA YARIS,1,E01009059,0,-1
2021061081883,2021,061081883,1,9,0,18,19,1,5,0,0,8,0,0,0,0,1,1,5,6,1,53,8,998,1,19,TOYOTA YARIS,1,E01005108,0,-1
2021520103726,2021,520103726,1,9,0,18,19,6,2,0,0,0,0,0,0,0,3,1,6,6,2,57,9,1329,1,5,TOYOTA YARIS,2,E01029107,0,-1
2021430170574,2021,430170574,1,9,0,12,12,1,5,0,0,0,0,0,0,0,3,1,6,6,1,-1,-1,998,1,12,TOYOTA YARIS,7,E01016840,0,-1
2021461120869,2021,461120869,2,9,0,3,3,1,5,0,0,1,0,0,0,0,2,1,5,6,2,45,7,1490,8,0,TOYOTA YARIS,3,E01024599,0,-1
2021302100840,2021,302100840,2,9,0,18,19,8,4,0,0,8,0,0,0,0,4,1,6,6,2,25,5,1329,1,6,TOYOTA YARIS,8,E01026136,0,-1
2021061134602,2021,061134602,1,9,-1,-1,-1,-1,-1,-1,-1,-1,-1,-1,-1,0,-1,1,6,6,1,41,7,1299,1,17,TOYOTA YARIS,4,E01004875,0,-1
2021170S20271,2021,170S20271,1,9,0,9,9,5,3,0,0,6,0,0,0,0,3,1,2,2,1,50,8,1299,1,17,TOYOTA YARIS,1,E01032543,0,-1
2021010297170,2021,010297170,1,9,0,18,19,3,7,0,0,1,0,0,0,0,4,1,3,7,2,40,7,1329,1,8,TOYOTA YARIS,4,E01000039,0,-1
2021141055160,2021,141055160,1,9,0,9,9,7,5,0,0,8,0,0,7,0,3,1,2,2,2,65,9,1299,1,18,TOYOTA YARIS,3,E01008004,0,-1
2021010287629,2021,010287629,1,9,0,18,19,5,1,0,0,1,0,0,0,0,4,1,2,2,2,29,6,1299,1,18,TOYOTA YARIS,3,E01001298,0,-1
2021401015595,2021,401015595,1,9,0,4,4,4,7,0,0,1,0,0,0,0,1,1,2,2,2,44,7,998,1,13,TOYOTA YARIS,4,E01017469,0,-1
2021501084543,2021,501084543,1,9,0,17,19,7,3,0,0,0,5,0,0,0,1,1,5,6,1,19,4,998,1,18,TOYOTA YARIS,6,E01018755,0,-1