collision_index,collision_year,collision_ref_no,vehicle_reference,vehicle_type,towing_and_articulation,vehicle_manoeuvre_historic,vehicle_manoeuvre,vehicle_direction_from,vehicle_direction_to,vehicle_location_restricted_lane_historic,vehicle_location_restricted_lane,junction_location,skidding_and_overturning,hit_object_in_carriageway,vehicle_leaving_carriageway,hit_object_off_carriageway,first_point_of_impact,vehicle_left_hand_drive,journey_purpose_of_driver_historic,journey_purpose_of_driver,sex_of_driver,age_of_driver,age_band_of_driver,engine_capacity_cc,propulsion_code,age_of_vehicle,generic_make_model,driver_imd_decile,lsoa_of_driver,escooter_flag,driver_distance_banding
2021041109200,2021,041109200,3,9,0,18,19,3,7,0,0,0,0,0,0,0,0,1,5,6,1,72,10,1497,8,4,TOYOTA YARIS,9,E01024992,0,-1
20211382Q0752,2021,1382Q0752,3,9,0,18,19,7,3,0,0,0,0,0,0,0,0,1,1,1,1,68,10,1329,1,12,TOYOTA YARIS,5,E01011896,0,-1
2021451034723,2021,451034723,2,9,0,18,19,1,1,0,0,0,0,0,0,0,3,1,6,6,2,57,9,1364,2,12,TOYOTA YARIS,10,E01030447,0,-1
2021010301589,2021,010301589,1,9,9,99,99,9,9,99,99,9,9,99,9,99,9,9,6,6,3,-1,-1,1329,1,11,TOYOTA YARIS,-1,-1,0,-1
202154C441021,2021,54C441021,1,9,0,18,19,3,7,0,0,1,0,0,0,0,1,1,2,2,1,35,6,1299,1,20,TOYOTA YARIS,7,E01031850,0,-1
2021010294718,2021,010294718,1,9,0,99,99,9,9,99,99,9,9,99,9,99,2,9,6,6,2,59,9,1329,1,5,TOYOTA YARIS,3,E01000502,0,-1
2021141022606,2021,141022606,1,9,0,2,2,1,5,0,0,0,0,0,0,0,2,1,6,6,3,-1,-1,998,1,20,TOYOTA YARIS,-1,-1,0,-1
2021010330619,2021,010330619,1,9,0,9,9,3,1,0,0,2,0,0,0,0,1,1,6,6,2,41,7,1496,1,4,TOYOTA YARIS,3,E01001983,0,-1
2021010323099,2021,010323099,2,9,0,5,5,3,7,0,0,2,0,0,0,0,1,1,2,2,1,45,7,1296,1,13,TOYOTA YARIS,2,E01000028,0,-1
2021138150242,2021,138150242,1,9,0,9,9,1,7,0,0,8,0,0,0,0,4,1,2,2,2,40,7,998,1,15,TOYOTA YARIS,3,E01010752,0,-1
2021010349451,2021,010349451,2,9,0,99,99,9,9,99,99,0,9,99,9,99,1,9,6,6,3,-1,-1,1497,8,2,TOYOTA YARIS,4,E01003927,0,-1
2021010320363,2021,010320363,1,9,0,18,19,7,3,0,0,1,0,0,0,0,3,9,6,6,1,71,10,1329,1,11,TOYOTA YARIS,3,E01003585,0,-1
2021471095523,2021,471095523,2,9,0,4,4,8,4,0,0,0,0,0,0,0,2,1,2,2,2,46,8,1490,8,0,TOYOTA YARIS,5,E01021031,0,-1
2021010321310,2021,010321310,1,9,0,99,99,9,9,99,99,9,9,99,9,99,2,9,6,6,2,33,6,1329,1,6,TOYOTA YARIS,3,E01001793,0,-1
2021010306260,2021,010306260,3,9,0,2,2,0,0,0,0,1,0,0,0,0,1,1,6,6,3,-1,-1,998,1,18,TOYOTA YARIS,-1,-1,0,-1
2021010287714,2021,010287714,1,9,0,9,9,1,7,0,0,6,0,0,0,0,1,1,2,2,2,47,8,1299,1,18,TOYOTA YARIS,-1,-1,0,-1
2021201064405,2021,201064405,2,9,0,2,2,0,0,0,0,2,0,0,0,0,2,1,1,1,2,47,8,1364,2,13,TOYOTA YARIS,1,E01009271,0,-1
2021501135648,2021,501135648,2,9,0,18,19,5,1,0,0,0,1,0,7,0,1,1,6,6,1,42,7,1296,1,43,-1,4,E01029328,0,-1
202134NNC1951,2021,34NNC1951,4,9,0,18,19,5,1,0,0,1,0,0,0,0,1,1,6,6,1,-1,-1,-1,-1,-1,-1,-1,-1,0,-1
2021411089853,2021,411089853,2,19,0,12,12,7,3,0,0,0,0,0,0,0,0,1,6,6,1,49,8,1248,2,15,-1,2,E01015749,0,-1
2021471055104,2021,471055104,2,19,0,4,4,1,5,0,0,1,0,0,0,0,1,1,6,6,1,25,5,1248,2,15,-1,4,E01031428,0,-1
2021451048170,2021,451048170,3,9,0,2,2,0,0,9,9,0,0,0,0,0,3,1,6,6,1,27,6,-1,-1,-1,-1,10,E01030728,0,-1
2021351108432,2021,351108432,2,9,0,16,19,4,8,0,0,1,0,0,0,0,1,1,1,1,1,41,7,-1,-1,-1,-1,3,E01026495,0,-1
2021161055488,2021,161055488,2,9,0,5,5,7,3,0,0,0,0,0,0,0,3,1,6,6,3,-1,-1,-1,-1,-1,-1,-1,-1,0,-1
2021010324560,2021,010324560,1,2,0,18,19,1,5,0,0,5,0,0,0,0,1,1,6,6,1,27,6,-1,3,0,-1,10,E01004190,0,-1
2021471059075,2021,471059075,2,3,0,18,19,7,3,0,0,1,5,0,0,0,4,1,1,1,1,19,4,-1,-1,-1,-1,4,E01016974,0,-1
2021010345270,2021,010345270,2,3,0,18,19,1,5,0,0,8,0,0,0,0,1,1,1,1,1,22,5,-1,-1,-1,-1,4,E01003929,0,-1
2021010288149,2021,010288149,1,2,0,18,19,5,1,0,0,0,0,0,0,0,1,1,2,2,1,24,5,-1,3,2,-1,3,E01001162,0,-1
2021010336912,2021,010336912,1,2,0,4,4,5,1,0,0,3,0,0,0,0,1,1,1,1,2,25,5,-1,3,0,-1,-1,-1,0,-1
2021010332961,2021,010332961,1,2,0,4,4,1,5,0,0,0,0,0,0,0,2,1,1,1,1,25,5,-1,3,0,-1,3,E01003579,0,-1
2021010315121,2021,010315121,2,2,0,18,19,2,6,0,0,1,0,0,0,0,1,1,1,1,1,44,7,-1,3,0,-1,10,E01004112,0,-1
2021010349720,2021,010349720,3,3,0,18,19,5,1,0,0,1,1,0,0,0,1,1,1,1,1,20,4,-1,-1,-1,-1,2,E01002763,0,-1
2021010316849,2021,010316849,2,3,0,15,15,1,5,0,0,0,0,0,0,0,1,1,1,1,1,20,4,-1,-1,-1,-1,4,E01001939,0,-1
2021010340874,2021,010340874,1,2,0,99,99,9,9,99,99,9,9,99,9,99,9,1,6,6,1,17,4,49,1,6,YAMAHA NS,2,E01000077,0,-1
2021201138317,2021,201138317,1,2,0,4,4,2,6,0,0,0,0,0,0,0,1,1,6,6,1,30,6,49,1,6,YAMAHA NS,4,E01010252,0,-1
2021501162423,2021,501162423,1,2,0,18,19,7,3,0,0,8,0,0,0,0,1,1,6,6,1,16,4,49,1,5,YAMAHA NS,3,E01015219,0,-1
2021520101926,2021,520101926,3,2,0,13,13,8,4,0,0,8,0,0,0,0,4,1,6,6,1,16,4,49,1,7,YAMAHA NS,7,E01029069,0,-1
2021361149549,2021,361149549,2,2,0,18,19,1,5,0,0,0,2,0,0,0,1,1,5,6,1,17,4,49,1,8,YAMAHA NS,6,E01026446,0,-1
2021531056299,2021,531056299,1,2,0,17,19,4,8,0,0,0,0,0,0,0,1,1,5,6,1,18,4,49,1,7,YAMAHA NS,3,E01022403,0,-1
2021440153793,2021,440153793,2,2,0,13,13,3,7,0,0,8,0,0,0,0,1,1,4,7,1,16,4,49,1,4,YAMAHA NS,7,E01031406,0,-1
2021421105781,2021,421105781,2,2,0,18,19,1,5,0,0,0,0,0,0,0,1,1,6,6,1,16,4,49,1,4,YAMAHA NS,3,E01021726,0,-1
2021302101224,2021,302101224,1,2,0,13,13,8,4,0,0,0,0,0,0,0,1,1,6,6,1,16,4,49,1,7,YAMAHA NS,8,E01033535,0,-1
2021522102115,2021,522102115,1,2,0,18,19,8,4,0,0,0,0,0,0,0,1,1,6,6,1,16,4,49,1,7,YAMAHA NS,5,E01031933,0,-1
2021010333844,2021,010333844,2,3,0,99,99,9,9,0,0,1,0,0,9,0,1,1,6,6,3,-1,-1,125,1,2,-1,-1,-1,0,-1
2021430455383,2021,430455383,1,9,0,7,7,2,4,0,0,1,0,0,0,0,2,1,6,6,1,21,5,998,1,36,-1,7,E01016326,0,-1
2021451116027,2021,451116027,1,9,0,18,19,5,1,9,9,5,0,10,1,0,1,1,5,6,1,75,10,848,1,62,-1,9,E01003005,0,-1
2021101045061,2021,101045061,2,4,0,18,19,3,7,0,0,0,5,0,0,0,1,1,6,6,1,27,6,293,1,6,-1,1,E01008391,0,-1
2021161029712,2021,161029712,1,4,0,7,7,3,7,0,0,1,0,0,0,0,3,1,6,6,1,38,7,293,1,0,-1,3,E01013099,0,-1
2021061040456,2021,061040456,1,4,0,18,19,2,6,0,0,0,0,0,0,0,1,1,6,6,1,35,6,293,1,4,-1,1,E01005515,0,-1
2021122101509,2021,122101509,2,9,0,18,19,1,5,0,0,1,0,0,0,0,4,1,6,6,2,27,6,1995,2,2,BMW X1,2,E01011862,0,-1
2021010312916,2021,010312916,1,9,0,18,19,1,5,0,0,8,0,0,0,0,0,1,6,6,2,45,7,1995,2,4,BMW X1,7,E01003475,0,-1
2021351111017,2021,351111017,4,9,0,4,4,8,4,0,0,0,0,0,0,0,1,1,6,6,2,38,7,1995,2,5,BMW X1,6,E01015671,0,-1
2021461031929,2021,461031929,2,9,0,18,19,3,7,0,0,0,0,0,0,0,2,1,5,6,2,48,8,1499,8,0,BMW X1,8,E01024133,0,-1
2021041112689,2021,041112689,2,9,0,18,19,7,3,0,0,1,0,0,0,0,1,1,5,6,2,82,11,1995,2,4,BMW X1,7,E01025279,0,-1
202131C195821,2021,31C195821,7,9,0,3,3,5,1,0,0,1,0,0,0,0,1,1,6,6,2,49,8,1995,2,5,BMW X1,4,E01028077,0,-1
2021451106222,2021,451106222,1,9,0,9,9,5,1,0,0,0,0,0,0,0,1,2,5,6,2,37,7,1995,2,3,BMW X1,9,E01031741,0,-1
2021010310090,2021,010310090,1,9,0,3,3,4,8,0,0,1,0,0,0,0,1,1,1,1,2,57,9,1995,2,4,BMW X1,5,E01001088,0,-1
2021320308702,2021,320308702,2,9,0,18,19,3,7,0,0,1,0,0,0,0,4,1,6,6,1,50,8,1995,2,8,BMW X1,7,E01007748,0,-1
2021010309407,2021,010309407,2,9,0,99,99,9,9,99,99,0,9,99,9,99,2,9,6,6,3,-1,-1,1995,2,4,BMW X1,9,E01018202,0,-1
2021010305260,2021,010305260,1,9,0,99,99,9,9,99,99,9,9,99,9,99,2,9,6,6,1,40,7,1998,1,2,BMW X1,5,E01000530,0,-1
2021010292693,2021,010292693,2,9,0,18,19,3,7,0,0,0,0,0,0,0,1,1,2,2,2,33,6,1995,2,6,BMW X1,-1,-1,0,-1
2021461095595,2021,461095595,1,9,0,18,19,5,1,0,0,0,0,0,1,10,4,1,2,2,1,29,6,1995,2,5,BMW X1,4,E01001618,0,-1
2021010292279,2021,010292279,2,9,0,9,9,1,7,0,0,5,0,0,0,0,3,1,6,6,2,38,7,1998,1,3,BMW X1,5,E01003080,0,-1
2021011020801,2021,011020801,2,9,0,18,19,7,3,0,0,0,0,0,0,0,2,1,5,6,1,50,8,1998,1,1,BMW X1,10,E01024474,0,-1
2021622100778,2021,622100778,1,9,0,18,19,8,4,0,0,0,0,7,7,10,1,1,6,6,1,75,10,1995,2,3,BMW X1,3,W01001247,0,-1
2021010311288,2021,010311288,2,9,0,18,19,3,7,99,99,9,9,99,9,99,1,9,6,6,3,27,6,1995,2,7,BMW X1,3,E01000740,0,-1
2021141086410,2021,141086410,1,9,0,18,19,1,5,0,0,0,0,0,0,0,1,1,1,1,1,27,6,2000,2,9,BMW X1,1,E01013866,0,-1
2021052101526,2021,052101526,2,9,0,1,1,7,3,0,0,0,0,0,0,0,0,1,6,6,1,-1,-1,1499,1,2,BMW X1,3,E01007118,0,-1
2021010293749,2021,010293749,1,9,9,99,99,9,9,99,99,0,9,99,9,99,9,1,6,6,2,28,6,1995,2,5,BMW X1,3,E01000094,0,-1
2021061024129,2021,061024129,2,9,0,18,19,1,5,0,0,1,0,0,0,0,1,1,6,6,2,24,5,1995,2,11,BMW X1,2,E01005026,0,-1
2021010333751,2021,010333751,1,9,0,4,4,7,3,0,0,2,0,0,0,0,2,1,6,6,2,36,7,1995,2,5,BMW X1,7,E01021857,0,-1
2021501048448,2021,501048448,2,9,0,3,3,3,7,0,0,0,0,0,0,0,2,1,6,6,2,36,7,1995,2,10,BMW X1,2,E01020211,0,-1
2021521052594,2021,521052594,2,9,0,18,19,1,5,0,0,3,0,0,0,0,4,1,6,6,2,41,7,1995,2,6,BMW X1,10,E01014930,0,-1
2021201125614,2021,201125614,2,9,0,18,19,7,3,0,0,0,0,0,0,0,3,1,6,6,2,51,8,1499,1,0,BMW X1,10,E01010227,0,-1
2021411108395,2021,411108395,1,9,0,18,19,-1,-1,0,0,8,0,0,0,0,1,1,6,6,1,-1,-1,1995,2,4,BMW X1,10,E01023701,0,-1
2021522104819,2021,522104819,1,9,0,2,2,0,0,9,9,0,0,0,0,0,4,1,6,6,1,43,7,1995,2,2,BMW X1,3,E01014564,0,-1
2021010299782,2021,010299782,1,9,0,99,99,9,9,99,99,1,9,99,9,99,2,9,6,6,1,37,7,1995,2,5,BMW X1,3,E01015973,0,-1
2021371015291,2021,371015291,1,9,0,12,12,4,8,0,0,0,0,0,0,0,2,1,5,6,1,46,8,1995,2,9,BMW X1,10,E01030045,0,-1
2021141046558,2021,141046558,2,9,0,18,19,4,8,0,0,2,0,0,0,0,2,1,2,2,2,50,8,1995,2,9,BMW X1,2,E01007910,0,-1
2021401120897,2021,401120897,1,9,0,9,9,1,7,0,0,1,0,0,0,0,1,1,2,2,2,49,8,1998,1,3,BMW X1,7,E01017510,0,-1
2021302100536,2021,302100536,4,9,0,2,2,0,0,0,0,1,0,0,1,0,3,1,6,6,3,-1,-1,1995,2,11,BMW X1,-1,-1,0,-1
2021430415320,2021,430415320,2,9,0,18,19,8,4,0,0,0,0,0,0,0,2,1,6,6,2,35,6,1995,2,11,BMW X1,1,E01028576,0,-1
202134NNC1601,2021,34NNC1601,2,9,0,18,19,2,6,0,0,8,0,0,0,0,1,1,6,6,2,35,6,1995,2,8,BMW X1,8,E01016794,0,-1
2021041022821,2021,041022821,1,9,0,18,19,3,3,0,0,4,0,0,0,0,1,1,5,6,1,64,9,1995,2,2,BMW X1,1,E01025218,0,-1
2021010343805,2021,010343805,2,9,0,99,99,9,9,99,99,0,9,99,9,99,1,9,6,6,3,33,6,1499,1,3,BMW X1,5,E01001581,0,-1
2021131067204,2021,131067204,1,9,0,18,19,1,5,0,0,0,2,0,0,0,1,1,5,6,1,38,7,1995,2,11,BMW X1,3,E01010993,0,-1
2021010291792,2021,010291792,1,9,0,1,1,3,7,0,0,5,5,0,0,0,4,1,6,6,2,52,8,1995,2,5,BMW X1,10,E01003463,0,-1
2021501060628,2021,501060628,2,9,0,9,9,8,7,0,0,5,0,0,0,0,3,1,5,6,2,54,8,1995,2,5,BMW X1,4,E01020321,0,-1
2021411030100,2021,411030100,1,9,0,17,19,1,5,0,0,1,1,0,0,0,1,1,6,6,1,22,5,1499,1,3,BMW X1,10,E01023909,0,-1
2021361058796,2021,361058796,1,9,0,18,19,8,3,0,0,0,5,0,0,0,1,1,5,6,1,38,7,1995,2,7,BMW X1,10,E01023464,0,-1
2021010298525,2021,010298525,1,9,0,3,3,3,7,0,0,0,0,0,9,0,3,9,3,7,2,65,9,1998,1,3,BMW X1,2,E01003063,0,-1
2021471062795,2021,471062795,2,9,0,9,9,3,1,0,0,6,0,0,0,0,1,1,5,6,1,50,8,1995,2,5,BMW X1,9,E01031395,0,-1
2021010348934,2021,010348934,1,9,0,99,99,9,9,99,99,9,9,99,9,99,2,9,6,6,1,35,6,1995,2,4,BMW X1,9,E01000882,0,-1
2021010315922,2021,010315922,2,9,0,99,99,9,9,99,99,9,9,99,9,99,9,9,6,6,3,-1,-1,1995,2,8,BMW X1,-1,-1,0,-1
2021201079704,2021,201079704,2,9,0,18,19,-1,-1,0,0,1,0,0,0,0,1,1,6,6,1,35,6,1995,2,10,BMW X1,2,E01010442,0,-1
2021461061172,2021,461061172,1,9,0,18,19,3,7,0,0,0,1,0,0,0,1,1,6,6,3,-1,-1,1995,2,10,BMW X1,-1,-1,0,-1
2021421067002,2021,421067002,2,9,0,4,4,5,1,0,0,0,0,0,0,0,2,1,1,1,2,30,6,1995,2,6,BMW X1,8,E01033461,0,-1
2021010360231,2021,010360231,2,9,0,99,99,9,9,99,99,9,9,99,9,99,9,9,6,6,3,45,7,1998,1,4,BMW X1,9,E01004607,0,-1
2021351061785,2021,351061785,1,9,0,1,1,1,5,0,0,1,0,0,0,0,0,1,6,6,3,37,7,1998,1,2,BMW X1,1,E01015604,0,-1
2021052102773,2021,052102773,1,9,0,18,19,8,4,0,0,0,1,10,5,2,1,1,6,6,2,48,8,1499,1,2,BMW X1,4,E01006619,0,-1
2021461085546,2021,461085546,1,9,0,18,19,1,5,0,0,1,0,0,0,0,1,1,5,6,3,-1,-1,1995,2,7,BMW X1,-1,-1,0,-1
2021101040916,2021,101040916,3,9,0,4,4,7,3,0,0,1,0,0,0,0,2,1,6,6,1,52,8,1995,2,4,BMW X1,-1,-1,0,-1
2021010335627,2021,010335627,1,9,0,99,99,9,9,0,0,9,9,99,9,99,2,9,6,6,1,32,6,1995,2,5,BMW X1,10,E01017063,0,-1
202134WNC3321,2021,34WNC3321,2,9,0,9,9,4,8,0,0,5,0,0,0,0,2,1,6,6,1,39,7,1995,2,12,BMW X1,3,E01027184,0,-1
2021138160273,2021,138160273,2,9,0,2,2,0,0,0,0,0,0,0,0,0,2,1,6,6,3,-1,-1,1995,2,3,BMW X1,-1,-1,0,-1
2021010290265,2021,010290265,1,9,0,99,99,9,9,0,0,0,9,99,9,99,9,9,6,6,1,42,7,1998,1,3,BMW X1,4,E01003758,0,-1
2021061089950,2021,061089950,1,9,0,3,3,8,4,0,0,0,0,0,0,0,2,1,6,6,2,57,9,1995,2,7,BMW X1,5,E01006391,0,-1
2021010333617,2021,010333617,1,9,0,15,15,5,1,0,0,1,0,0,0,0,1,1,6,6,1,22,5,1995,2,5,BMW X1,-1,-1,0,-1
2021471027943,2021,471027943,5,9,0,2,2,0,0,0,0,2,0,0,0,0,2,1,6,6,3,-1,-1,1499,1,2,BMW X1,-1,-1,0,-1
2021461061094,2021,461061094,1,9,0,17,19,2,7,0,0,0,0,0,0,0,1,1,6,6,2,-1,-1,1995,2,11,BMW X1,-1,-1,0,-1
2021201054048,2021,201054048,1,9,0,4,4,4,8,0,0,1,0,0,0,0,1,1,6,6,1,56,9,1995,2,0,BMW X1,1,E01010368,0,-1
2021070259676,2021,070259676,1,9,0,18,19,6,2,0,0,6,0,0,0,0,1,1,3,7,2,42,7,1995,2,5,BMW X1,8,E01018721,0,-1
2021401046383,2021,401046383,2,9,0,18,19,3,7,0,0,0,0,0,0,0,1,1,5,6,1,46,8,1995,2,7,BMW X1,9,E01017445,0,-1
2021371087923,2021,371087923,1,9,0,18,19,5,8,0,0,0,0,0,0,0,3,1,5,6,1,59,9,1998,1,5,BMW X1,9,E01021934,0,-1
2021131069364,2021,131069364,2,9,0,4,4,6,2,0,0,0,0,0,0,0,2,1,5,6,2,52,8,1995,2,4,BMW X1,7,E01011042,0,-1
2021052102791,2021,052102791,2,9,0,18,19,7,3,0,0,7,0,0,0,0,2,1,1,1,1,58,9,1499,1,3,BMW X1,2,E01006718,0,-1
2021010298713,2021,010298713,2,9,0,99,99,9,9,99,99,9,9,99,9,99,1,9,6,6,3,-1,-1,1499,1,2,BMW X1,-1,-1,0,-1
2021010287843,2021,010287843,1,9,0,99,99,9,9,99,99,1,9,99,9,99,9,9,2,2,2,51,8,1995,2,5,BMW X1,3,E01023348,0,-1
2021052101959,2021,052101959,2,9,0,2,2,0,0,0,0,1,0,0,0,0,4,1,6,6,1,32,6,1995,2,5,BMW X1,1,E01006599,0,-1
2021010305462,2021,010305462,1,9,0,99,99,9,9,99,99,9,9,99,9,99,2,9,6,6,2,28,6,1998,1,2,BMW X1,2,E01001912,0,-1
2021010302340,2021,010302340,1,9,0,99,99,9,9,99,99,9,9,99,9,99,2,9,6,6,3,-1,-1,1997,1,8,BMW X1,6,E01000250,0,-1
2021061112886,2021,061112886,2,9,0,9,9,2,4,0,0,8,0,0,0,0,4,1,5,6,2,55,8,1995,2,6,BMW X1,6,E01005364,0,-1
2021010370573,2021,010370573,1,9,0,99,99,9,9,99,99,9,9,99,9,99,2,9,6,6,3,-1,-1,1499,1,4,BMW X1,9,E01002147,0,-1
2021991059349,2021,991059349,1,9,0,18,19,4,8,0,0,0,0,0,0,0,1,1,5,6,2,30,6,1995,2,6,BMW X1,1,-1,0,-1
2021201132884,2021,201132884,1,9,0,5,5,2,6,0,0,2,0,0,0,0,1,1,6,6,2,29,6,1995,2,7,BMW X1,3,E01010018,0,-1
2021061062831,2021,061062831,2,9,0,1,1,6,2,0,0,0,0,0,0,0,2,1,5,6,3,30,6,1998,1,1,BMW X1,-1,-1,0,-1
2021522105089,2021,522105089,1,9,0,-1,-1,-1,-1,0,0,0,0,0,0,0,2,1,6,6,2,41,7,1995,2,9,BMW X1,3,E01022121,0,-1
2021501130633,2021,501130633,2,9,0,18,19,7,3,0,0,0,0,0,0,0,2,1,6,6,1,46,8,1995,2,9,BMW X1,7,E01004153,0,-1
2021430131151,2021,430131151,1,9,0,10,10,1,7,0,0,1,0,0,0,0,2,1,6,6,2,52,8,1995,2,8,BMW X1,10,E01016425,0,-1
2021501100944,2021,501100944,1,9,0,6,6,6,2,8,6,0,0,0,0,0,3,1,5,6,1,65,9,1998,1,1,BMW X1,3,W01000714,0,-1
2021010350804,2021,010350804,2,9,0,3,3,5,1,0,0,1,0,0,0,0,3,1,6,6,2,36,7,1998,1,2,BMW X1,2,E01004424,0,-1
2021201149616,2021,201149616,1,9,0,17,19,8,5,0,0,1,0,10,1,0,1,1,6,6,1,-1,-1,1995,2,4,BMW X1,3,E01009619,0,-1
2021421083022,2021,421083022,2,9,0,4,4,2,7,0,0,2,0,0,0,0,3,1,6,6,2,67,10,1998,1,3,BMW X1,9,E01021727,0,-1
2021122101209,2021,122101209,1,9,0,18,19,7,3,0,0,0,0,0,1,4,3,1,6,6,2,77,11,1998,1,2,BMW X1,10,E01027654,0,-1
2021545364221,2021,545364221,1,9,0,18,19,6,2,0,0,0,0,0,0,0,1,1,6,6,1,24,5,1995,2,11,BMW X1,8,E01031988,0,-1
202131C009321,2021,31C009321,1,9,0,18,19,4,8,0,0,1,0,0,0,0,1,1,6,6,1,-1,-1,2000,2,9,BMW X1,-1,-1,0,-1
2021401017746,2021,401017746,1,9,0,16,19,-1,-1,0,0,8,0,0,0,0,3,1,6,6,1,-1,-1,1995,2,6,BMW X1,2,E01015759,0,-1
2021461068806,2021,461068806,2,9,0,3,3,5,1,0,0,0,0,0,0,0,2,1,6,6,2,59,9,1998,1,4,BMW X1,10,E01000458,0,-1
2021010329455,2021,010329455,2,9,9,99,99,9,9,99,99,9,9,99,9,99,1,9,6,6,3,44,7,1995,2,5,BMW X1,9,E01000301,0,-1
2021010331886,2021,010331886,1,9,0,9,9,1,7,0,0,0,0,4,0,0,2,1,2,2,2,38,7,1995,2,5,BMW X1,7,E01000674,0,-1
2021070835624,2021,070835624,1,9,0,7,7,5,6,0,0,6,0,0,0,0,1,1,2,2,1,39,7,1995,2,5,BMW X1,1,E01012367,0,-1
2021451019850,2021,451019850,2,9,0,4,4,1,5,0,0,0,0,0,0,0,2,1,5,6,1,36,7,1995,2,4,BMW X1,7,E01030707,0,-1
2021211074539,2021,211074539,2,9,0,18,19,6,2,0,0,0,1,0,0,0,1,1,5,6,1,35,6,1995,2,10,BMW X1,-1,-1,0,-1
2021520101627,2021,520101627,1,9,0,18,19,4,8,0,0,0,0,0,0,0,1,1,6,6,1,74,10,1995,2,1,BMW X1,4,E01020275,0,-1
2021401022410,2021,401022410,1,9,0,18,19,2,6,0,0,0,0,0,0,0,1,1,6,6,3,-1,-1,1995,2,10,BMW X1,-1,-1,0,-1
2021320643340,2021,320643340,3,9,0,2,2,0,0,0,0,0,0,0,0,0,2,1,6,6,3,-1,-1,1995,2,5,BMW X1,-1,-1,0,-1
2021010309897,2021,010309897,1,9,0,99,99,9,9,99,99,9,9,99,9,99,1,9,6,6,1,52,8,1995,2,3,BMW X1,2,E01003601,0,-1
2021461092086,2021,461092086,1,9,0,4,4,7,3,0,0,1,0,0,0,0,4,1,5,6,2,29,6,1995,2,3,BMW X1,6,E01024034,0,-1
2021131098537,2021,131098537,2,9,0,17,19,5,1,0,0,0,0,0,0,0,1,1,5,6,2,37,7,1995,2,4,BMW X1,10,E01011710,0,-1
2021010348577,2021,010348577,1,9,0,99,99,9,9,99,99,9,9,99,9,99,4,9,6,6,1,40,7,1995,2,4,BMW X1,4,E01003770,0,-1
2021052100946,2021,052100946,2,9,0,18,19,3,7,0,0,1,0,0,0,0,2,1,6,6,1,48,8,1995,2,11,BMW X1,2,E01006456,0,-1
2021061051498,2021,061051498,2,9,0,2,2,0,0,0,0,1,0,0,0,0,1,1,6,6,1,54,8,1995,2,3,BMW X1,6,E01005845,0,-1
2021421041433,2021,421041433,1,9,0,9,9,6,8,0,0,1,0,0,0,0,4,1,6,6,2,76,11,1998,1,0,BMW X1,7,E01021913,0,-1
2021101086421,2021,101086421,1,9,0,5,5,3,7,0,0,4,0,0,0,0,1,1,6,6,1,67,10,1499,1,2,BMW X1,-1,-1,0,-1
2021061100546,2021,061100546,2,9,0,18,19,1,5,0,0,0,0,0,0,0,3,1,6,6,2,30,6,1995,2,11,BMW X1,2,E01005708,0,-1
2021010292713,2021,010292713,1,9,0,99,99,9,9,99,99,0,9,99,9,99,9,9,6,6,3,-1,-1,1998,1,3,BMW X1,5,E01000892,0,-1
2021061047588,2021,061047588,1,9,0,18,19,1,5,0,0,0,0,0,0,0,1,1,6,6,2,83,11,1998,1,1,BMW X1,2,E01005542,0,-1
2021302101263,2021,302101263,2,9,0,18,19,2,6,0,0,1,0,0,0,0,1,1,6,6,2,30,6,1995,2,10,BMW X1,8,E01019616,0,-1
2021991071696,2021,991071696,2,9,0,18,19,4,8,0,0,8,0,0,0,0,3,1,5,6,2,54,8,1995,2,4,BMW X1,7,-1,0,-1
2021451031207,2021,451031207,1,9,0,4,4,3,7,0,0,0,0,0,0,0,2,1,2,2,2,30,6,1998,1,5,BMW X1,10,E01030958,0,-1
2021131118009,2021,131118009,1,9,0,9,9,8,2,0,0,1,0,0,0,0,4,1,6,6,2,27,6,1499,1,3,BMW X1,2,E01010852,0,-1
2021010302901,2021,010302901,1,9,0,9,9,3,1,0,0,6,0,0,0,0,1,1,6,6,1,55,8,1998,1,4,BMW X1,10,E01004101,0,-1
2021041091684,2021,041091684,2,9,0,18,19,3,7,0,0,0,0,0,0,0,1,1,5,6,2,48,8,1995,2,2,BMW X1,9,E01025484,0,-1
2021501132365,2021,501132365,2,9,0,18,19,1,5,0,0,1,0,0,0,0,1,1,2,2,2,67,10,1995,2,3,BMW X1,4,E01019054,0,-1
2021361087841,2021,361087841,1,9,0,11,11,5,1,0,0,0,0,0,0,0,2,1,5,6,2,45,7,1995,2,3,BMW X1,6,E01026424,0,-1
2021010304914,2021,010304914,2,9,0,99,99,9,9,0,0,9,0,99,9,99,9,9,6,6,3,-1,-1,1995,2,5,BMW X1,-1,-1,0,-1
2021010333226,2021,010333226,1,9,0,7,7,5,7,0,0,8,0,0,1,0,1,1,6,6,1,30,6,1995,2,4,BMW X1,4,E01003090,0,-1
2021010324107,2021,010324107,2,9,0,99,99,9,9,99,99,9,9,99,9,99,1,9,6,6,3,-1,-1,1995,2,10,BMW X1,10,E01024474,0,-1
2021201064110,2021,201064110,1,9,0,9,9,8,6,0,0,5,0,0,0,0,4,1,6,6,2,61,9,1995,2,3,BMW X1,1,E01009321,0,-1