collision_index,collision_year,collision_ref_no,vehicle_reference,vehicle_type,towing_and_articulation,vehicle_manoeuvre_historic,vehicle_manoeuvre,vehicle_direction_from,vehicle_direction_to,vehicle_location_restricted_lane_historic,vehicle_location_restricted_lane,junction_location,skidding_and_overturning,hit_object_in_carriageway,vehicle_leaving_carriageway,hit_object_off_carriageway,first_point_of_impact,vehicle_left_hand_drive,journey_purpose_of_driver_historic,journey_purpose_of_driver,sex_of_driver,age_of_driver,age_band_of_driver,engine_capacity_cc,propulsion_code,age_of_vehicle,generic_make_model,driver_imd_decile,lsoa_of_driver,escooter_flag,driver_distance_banding
2021041059074,2021,041059074,1,9,0,18,19,5,1,0,0,1,0,0,3,0,1,1,2,2,1,-1,-1,1995,2,5,BMW X1,9,E01025436,0,-1
2021161103958,2021,161103958,1,9,0,17,19,5,3,0,0,0,0,0,0,0,4,1,5,6,1,48,8,1998,1,5,BMW X1,7,E01033106,0,-1
2021010303942,2021,010303942,3,9,0,18,19,3,7,0,0,1,1,0,0,0,1,1,6,6,1,43,7,1995,2,2,BMW X1,-1,-1,0,-1
2021991094033,2021,991094033,2,9,0,18,19,7,3,0,0,1,1,0,0,0,1,1,5,6,2,28,6,1499,1,4,BMW X1,7,-1,0,-1
2021461071422,2021,461071422,2,9,0,18,19,2,7,0,0,0,0,0,0,0,1,1,6,6,2,27,6,1995,2,4,BMW X1,8,E01000343,0,-1
2021411022105,2021,411022105,1,9,0,4,4,3,7,0,0,1,0,0,0,0,2,1,5,6,1,46,8,1995,2,10,BMW X1,3,E01023326,0,-1
2021421070390,2021,421070390,3,9,0,4,4,3,7,0,0,0,0,0,0,0,2,1,5,6,1,43,7,1995,2,11,BMW X1,3,E01030017,0,-1
2021471109458,2021,471109458,1,9,0,18,19,2,5,0,0,8,0,0,0,0,1,1,2,2,1,25,5,1995,2,11,BMW X1,6,E01031472,0,-1
2021010326048,2021,010326048,1,9,0,4,4,7,3,0,0,0,0,0,0,0,0,1,2,2,2,30,6,1995,2,5,BMW X1,2,E01024294,0,-1
2021161112461,2021,161112461,2,9,0,18,19,2,6,0,0,1,0,0,0,0,1,1,5,6,1,59,9,1995,2,3,BMW X1,9,E01013121,0,-1
2021052100156,2021,052100156,5,9,0,18,19,5,1,0,0,0,0,0,0,0,1,1,6,6,2,47,8,1998,1,3,BMW X1,6,E01007163,0,-1
2021201077895,2021,201077895,2,9,0,9,9,4,8,0,0,1,0,0,0,0,1,1,6,6,1,37,7,1995,2,8,BMW X1,1,E01009979,0,-1
2021010329552,2021,010329552,2,9,0,4,4,6,2,0,0,2,0,0,0,0,2,1,6,6,2,37,7,1995,2,4,BMW X1,5,E01003737,0,-1
2021010303068,2021,010303068,2,9,0,9,9,7,5,0,0,2,0,0,0,0,4,1,6,6,1,34,6,1995,2,7,BMW X1,8,E01030384,0,-1
2021440141824,2021,440141824,4,9,0,18,19,3,7,0,0,0,0,0,0,0,2,1,6,6,2,24,5,1995,2,11,BMW X1,7,E01031534,0,-1
2021520202015,2021,520202015,2,9,0,18,19,4,8,0,0,0,0,0,0,0,1,1,6,6,2,36,7,1995,2,9,BMW X1,3,E01029093,0,-1
2021010342029,2021,010342029,1,9,0,18,19,5,1,0,0,2,1,4,8,11,4,1,6,6,1,27,6,1995,2,3,BMW X1,1,E01003045,0,-1
2021430093851,2021,430093851,2,9,0,17,19,4,1,0,0,0,0,0,0,0,3,1,6,6,1,27,6,1995,2,6,BMW X1,8,E01017931,0,-1
2021991048385,2021,991048385,1,9,0,4,4,7,3,0,0,1,0,0,0,0,1,1,6,6,2,60,9,1995,2,9,BMW X1,7,-1,0,-1
2021991022968,2021,991022968,2,9,0,18,19,6,2,0,0,1,1,0,1,0,4,1,5,6,1,49,8,1998,1,2,BMW X1,8,-1,0,-1
2021010346264,2021,010346264,1,9,0,9,9,3,8,0,0,2,0,0,0,0,1,1,6,6,3,-1,-1,1998,1,4,BMW X1,-1,-1,0,-1
2021101078177,2021,101078177,1,9,0,18,19,3,7,0,0,0,0,0,0,0,1,1,5,6,1,45,7,1998,1,1,BMW X1,-1,-1,0,-1
2021531093375,2021,531093375,1,9,0,11,11,-1,-1,0,0,8,0,0,0,0,4,1,6,6,2,46,8,1998,1,3,BMW X1,7,E01022215,0,-1
2021101092384,2021,101092384,2,9,0,3,3,4,8,0,0,1,0,0,0,0,2,1,5,6,2,49,8,1998,1,0,BMW X1,6,E01008869,0,-1
2021010346938,2021,010346938,3,9,0,18,19,5,1,0,0,1,0,0,0,0,1,1,6,6,2,41,7,1995,2,2,BMW X1,5,E01000664,0,-1
2021201076304,2021,201076304,1,9,0,5,5,2,7,0,0,6,0,0,0,0,1,1,6,6,2,42,7,1995,2,3,BMW X1,8,E01018670,0,-1
2021010311329,2021,010311329,1,9,0,5,5,7,3,0,0,0,0,0,0,0,1,1,6,6,1,31,6,1995,2,7,BMW X1,2,E01000064,0,-1
2021501090861,2021,501090861,1,9,0,7,7,7,3,0,0,6,0,0,0,0,1,1,5,6,2,24,5,1995,2,2,BMW X1,6,E01026344,0,-1
2021101103643,2021,101103643,2,9,0,9,9,7,5,0,0,0,1,0,0,0,1,1,6,6,1,73,10,1995,2,8,BMW X1,1,E01027518,0,-1
2021411022699,2021,411022699,1,9,0,6,6,4,2,0,0,0,0,0,0,0,3,1,5,6,1,58,9,1995,2,7,BMW X1,6,E01000262,0,-1
2021052101059,2021,052101059,2,9,0,18,19,7,3,0,0,1,0,0,0,0,1,1,6,6,1,35,6,1998,1,3,BMW X1,2,E01006772,0,-1
2021461108223,2021,461108223,2,9,0,3,3,5,1,0,0,0,0,0,0,0,2,1,5,6,2,40,7,1995,2,7,BMW X1,8,E01024012,0,-1
2021010299167,2021,010299167,1,9,0,99,99,9,9,99,99,9,9,99,9,99,2,9,6,6,2,27,6,1995,2,5,BMW X1,8,E01003225,0,-1
2021122100941,2021,122100941,2,9,0,5,5,3,5,0,0,2,0,0,0,0,1,1,6,6,2,69,10,1995,2,2,BMW X1,7,E01027799,0,-1
2021010311184,2021,010311184,2,9,0,99,99,9,9,99,99,9,0,99,9,0,9,9,6,6,3,-1,-1,1995,2,9,BMW X1,-1,-1,0,-1
2021010321209,2021,010321209,1,9,0,4,4,1,5,0,0,2,0,0,0,0,1,1,6,6,2,58,9,1998,1,2,BMW X1,5,E01029992,0,-1
2021451071633,2021,451071633,2,9,0,18,19,1,1,0,0,0,0,0,0,0,1,1,6,6,1,37,7,1995,2,10,BMW X1,8,E01030730,0,-1
202131D073821,2021,31D073821,1,9,0,18,19,6,2,0,0,1,0,4,0,0,1,1,6,6,1,88,11,1995,2,7,BMW X1,10,E01028403,0,-1
2021991050602,2021,991050602,1,9,0,1,1,3,7,9,9,0,0,0,0,0,2,1,6,6,2,41,7,1995,2,10,BMW X1,1,-1,0,-1
2021211049359,2021,211049359,2,9,-1,18,19,6,2,-1,-1,0,-1,-1,-1,0,1,1,5,6,1,44,7,1995,2,2,BMW X1,8,E01029656,0,-1
202131B127221,2021,31B127221,1,9,0,5,5,4,8,0,0,2,0,0,0,0,1,1,3,7,2,32,6,1499,1,2,BMW X1,4,E01028291,0,-1
2021320375260,2021,320375260,1,9,0,18,19,5,1,0,0,0,1,0,7,4,1,1,2,2,2,62,9,1995,2,11,BMW X1,3,E01026235,0,-1
2021010336998,2021,010336998,2,9,0,99,99,9,9,99,99,9,9,99,9,99,1,9,6,6,3,-1,-1,1995,2,3,BMW X1,-1,-1,0,-1
2021141018849,2021,141018849,1,9,0,18,19,5,5,9,9,0,1,0,7,4,1,1,5,6,1,24,5,1995,2,10,BMW X1,5,E01007953,0,-1
2021010342801,2021,010342801,2,9,0,99,99,9,9,99,99,9,9,99,9,99,9,9,6,6,2,28,6,1995,2,4,BMW X1,2,E01003689,0,-1
2021010318399,2021,010318399,2,9,0,9,9,1,7,0,0,1,0,0,0,0,1,1,6,6,1,36,7,1995,2,5,BMW X1,9,E01000293,0,-1
2021010332638,2021,010332638,2,9,0,99,99,9,9,99,99,9,9,99,9,99,9,9,6,6,3,-1,-1,1995,2,8,BMW X1,3,E01000750,0,-1
2021010301590,2021,010301590,1,9,0,7,7,7,1,0,0,5,0,0,0,0,4,1,3,7,1,37,7,1995,2,5,BMW X1,4,E01000788,0,-1
2021131051982,2021,131051982,2,9,0,18,19,5,1,0,0,1,0,0,0,0,2,1,5,6,1,68,10,1998,1,0,BMW X1,5,E01011523,0,-1
2021552100929,2021,552100929,1,9,0,18,19,4,8,0,0,0,0,0,0,0,1,1,6,6,1,38,7,1998,1,1,BMW X1,2,E01015338,0,-1
2021010322724,2021,010322724,1,9,0,8,8,4,6,0,0,6,0,0,0,0,1,1,6,6,1,52,8,1499,1,3,BMW X1,1,E01001958,0,-1
2021010325621,2021,010325621,2,9,0,99,99,9,9,99,99,9,9,99,9,99,1,9,6,6,3,-1,-1,1998,1,5,BMW X1,9,E01001382,0,-1
2021440382986,2021,440382986,2,9,0,18,19,7,3,0,0,0,0,0,0,0,1,1,6,6,2,67,10,1499,1,1,BMW X1,7,E01032665,0,-1
2021461173484,2021,461173484,4,9,0,3,3,6,2,0,0,1,0,0,0,0,2,1,6,6,1,53,8,1995,2,6,BMW X1,8,E01016131,0,-1
2021010306688,2021,010306688,2,9,0,6,6,5,5,0,0,1,0,0,0,0,2,1,6,6,1,40,7,1998,1,2,BMW X1,2,E01003508,0,-1
2021211068511,2021,211068511,2,9,0,9,9,2,7,0,0,8,0,0,0,0,4,1,6,6,2,39,7,1995,2,9,BMW X1,4,E01029502,0,-1
2021201061386,2021,201061386,2,9,0,2,2,0,0,0,0,0,0,4,0,0,2,1,5,6,2,-1,-1,1998,1,2,BMW X1,-1,-1,0,-1
2021451016412,2021,451016412,1,9,0,18,19,1,5,0,0,1,1,0,0,0,3,1,2,2,1,25,5,1995,2,9,BMW X1,9,E01031001,0,-1
2021501110899,2021,501110899,3,9,0,18,19,4,8,0,0,0,0,0,0,0,2,1,6,6,2,58,9,1995,2,8,BMW X1,4,E01020314,0,-1
2021010329516,2021,010329516,2,9,0,6,6,1,1,0,0,0,0,0,0,0,3,1,6,6,1,79,11,1998,1,1,BMW X1,3,E01004280,0,-1
2021201134783,2021,201134783,2,9,0,18,19,5,1,0,0,0,0,0,0,0,4,1,6,6,1,40,7,1499,1,2,BMW X1,2,E01009317,0,-1
2021122101070,2021,122101070,1,9,0,18,19,3,7,0,0,0,5,0,2,11,1,1,6,6,1,67,10,1499,1,2,BMW X1,8,E01027563,0,-1
2021991101267,2021,991101267,1,9,0,9,9,7,5,0,0,2,0,0,0,0,3,1,6,6,1,36,7,1995,2,5,BMW X1,8,-1,0,-1
2021010343142,2021,010343142,2,9,0,99,99,9,9,99,99,9,9,99,9,99,1,9,6,6,3,-1,-1,1995,2,8,BMW X1,-1,-1,0,-1
2021070806370,2021,070806370,2,9,0,18,19,1,5,6,6,0,0,0,0,0,1,1,6,6,1,50,8,1995,2,4,BMW X1,9,E01018442,0,-1
2021070262283,2021,070262283,1,9,0,9,9,2,6,0,0,1,0,0,1,10,1,1,6,6,1,31,6,1995,2,11,BMW X1,4,E01029337,0,-1
2021201132987,2021,201132987,4,9,0,18,19,6,2,0,0,0,0,0,0,0,2,1,6,6,2,42,7,1995,2,3,BMW X1,6,E01021113,0,-1
2021421059975,2021,421059975,1,9,0,7,7,7,3,0,0,0,0,0,0,0,2,1,6,6,1,29,6,1998,1,1,BMW X1,2,E01003634,0,-1
2021010339094,2021,010339094,2,9,0,5,5,3,7,0,0,0,0,0,0,0,0,1,2,2,2,61,9,1995,2,2,BMW X1,7,E01016139,0,-1
2021430515968,2021,430515968,1,9,0,9,9,8,6,0,0,6,0,0,0,0,3,1,2,2,1,34,6,1998,1,1,BMW X1,5,E01016461,0,-1
2021070811265,2021,070811265,2,9,0,5,5,6,2,4,4,4,1,0,0,0,3,1,6,6,2,33,6,1995,2,10,BMW X1,6,E01018373,0,-1
2021131048560,2021,131048560,1,9,0,18,19,2,6,0,0,0,0,0,0,0,3,1,5,6,1,51,8,1995,2,3,BMW X1,1,E01011475,0,-1
2021122100232,2021,122100232,2,9,0,5,5,5,1,0,0,0,0,0,0,0,3,1,2,2,1,48,8,1995,2,2,BMW X1,3,E01013335,0,-1
2021010290967,2021,010290967,2,9,0,6,6,1,1,0,0,0,0,0,0,0,3,1,6,6,2,35,6,1998,1,2,BMW X1,4,E01004565,0,-1
2021010337548,2021,010337548,2,9,0,99,99,9,9,99,99,9,9,99,9,99,2,9,6,6,3,-1,-1,1995,2,11,BMW X1,-1,-1,0,-1
2021201110621,2021,201110621,2,9,0,18,19,1,5,0,0,8,0,0,0,0,1,1,6,6,2,47,8,1995,2,7,BMW X1,5,E01029645,0,-1
2021430168283,2021,430168283,2,9,0,3,3,5,1,0,0,1,0,0,0,0,2,1,6,6,2,34,6,1995,2,11,BMW X1,8,E01017669,0,-1
2021122200119,2021,122200119,2,9,0,18,19,7,3,0,0,3,0,0,0,0,3,1,6,6,1,26,6,1995,2,3,BMW X1,3,-1,0,-1
2021061103916,2021,061103916,2,9,0,3,3,6,2,0,0,1,0,0,0,0,2,1,5,6,2,81,11,1995,2,8,BMW X1,9,E01006071,0,-1
2021991035513,2021,991035513,1,9,0,18,19,7,3,0,0,0,0,0,7,0,4,1,5,6,1,73,10,1998,1,3,BMW X1,9,-1,0,-1
2021041038923,2021,041038923,1,9,0,7,7,1,3,0,0,6,0,0,0,0,1,1,6,6,2,81,11,1995,2,9,BMW X1,7,E01012727,0,-1
2021501121080,2021,501121080,1,9,0,2,2,0,0,0,0,8,0,0,0,0,3,1,5,6,2,53,8,1499,1,2,BMW X1,8,E01019976,0,-1
2021010339688,2021,010339688,1,9,0,3,3,6,2,0,0,1,0,0,0,0,2,1,6,6,2,35,6,1998,1,4,BMW X1,6,E01002919,0,-1
2021101052447,2021,101052447,1,9,0,16,19,7,3,0,0,1,0,0,0,0,1,1,6,6,1,68,10,1998,1,4,BMW X1,7,E01027364,0,-1
2021520100894,2021,520100894,1,9,0,18,19,8,4,0,0,0,0,0,0,0,1,1,6,6,2,27,6,1995,2,4,BMW X1,8,E01029190,0,-1
2021170S30311,2021,170S30311,1,9,0,18,19,6,2,0,0,8,0,0,0,0,3,1,6,6,1,57,9,1995,2,2,BMW X1,9,E01032593,0,-1
202131D150321,2021,31D150321,1,9,0,9,9,1,6,0,0,5,0,0,0,0,1,1,6,6,1,86,11,1995,2,7,BMW X1,10,E01028409,0,-1
2021010316596,2021,010316596,1,9,0,4,4,5,1,0,0,1,0,0,0,0,1,1,6,6,1,45,7,1995,2,10,BMW X1,7,E01003283,0,-1
2021131076995,2021,131076995,3,9,0,2,2,0,0,0,0,0,0,0,0,0,4,1,6,6,3,-1,-1,1995,2,2,BMW X1,-1,-1,0,-1
2021430328362,2021,430328362,1,9,0,9,9,8,7,0,0,6,0,0,0,0,3,1,6,6,1,37,7,1998,1,5,BMW X1,8,E01017747,0,-1
2021061074881,2021,061074881,2,9,0,18,19,3,7,0,0,1,0,0,0,0,1,1,6,6,1,46,8,1998,1,2,BMW X1,9,E01006117,0,-1
2021991132706,2021,991132706,1,9,0,18,19,7,2,0,0,0,0,0,1,0,1,1,5,6,1,27,6,1995,2,9,BMW X1,1,-1,0,-1
2021010346496,2021,010346496,2,9,0,3,3,1,5,0,0,1,0,0,0,0,2,1,6,6,2,40,7,1995,2,7,BMW X1,4,E01030634,0,-1
2021622100577,2021,622100577,1,9,0,11,11,8,4,0,0,1,0,7,0,0,1,1,6,6,2,57,9,1995,2,7,BMW X1,1,W01001876,0,-1
2021170M10521,2021,170M10521,1,9,0,9,9,7,5,0,0,6,0,0,0,0,1,1,2,2,2,26,6,1995,2,4,BMW X1,7,E01012064,0,-1
2021010309900,2021,010309900,2,9,0,3,3,5,1,0,0,8,0,0,0,0,0,1,6,6,2,31,6,1995,2,3,BMW X1,10,E01030357,0,-1
2021531092947,2021,531092947,1,9,0,18,19,7,3,0,0,1,0,0,0,0,1,1,2,2,2,32,6,1998,1,1,BMW X1,9,E01022404,0,-1
2021461064413,2021,461064413,1,9,0,18,19,6,2,0,0,0,0,0,0,0,1,1,1,1,1,47,8,1998,1,0,BMW X1,7,E01024242,0,-1
2021351073481,2021,351073481,1,9,0,9,9,1,5,0,0,1,0,0,0,0,1,1,5,6,1,40,7,1995,2,3,BMW X1,7,E01018300,0,-1
2021010345201,2021,010345201,1,9,0,9,9,1,7,0,0,5,0,0,0,0,3,1,6,6,1,32,6,1995,2,5,BMW X1,7,E01002930,0,-1
2021041122086,2021,041122086,2,9,0,9,9,1,7,0,0,0,0,0,0,0,3,1,5,6,1,43,7,1995,2,3,BMW X1,3,E01012585,0,-1
2021131100422,2021,131100422,3,9,0,18,19,4,8,0,0,0,0,0,0,0,1,1,6,6,1,56,9,1995,2,8,BMW X1,10,E01011194,0,-1
2021440216947,2021,440216947,1,9,0,18,19,3,7,0,0,4,1,9,3,1,1,1,2,2,1,36,7,1995,2,9,BMW X1,3,E01017075,0,-1
2021520202015,2021,520202015,1,9,0,13,13,8,4,0,0,0,0,0,0,0,1,1,6,6,1,36,7,1995,2,11,BMW X1,3,E01020791,0,-1
2021010331316,2021,010331316,1,9,0,9,9,8,6,0,0,1,0,0,0,0,1,1,6,6,2,32,6,1995,2,3,BMW X1,1,E01001822,0,-1
2021531036801,2021,531036801,1,9,0,4,4,2,6,0,0,0,0,0,0,0,2,1,6,6,2,49,8,1995,2,2,BMW X1,6,E01022258,0,-1
2021430330501,2021,430330501,2,9,0,4,4,2,6,0,0,6,0,0,0,0,2,1,2,2,1,54,8,1995,2,11,BMW X1,3,E01016353,0,-1
2021461093698,2021,461093698,2,9,-1,2,2,0,0,0,0,0,0,0,0,0,4,1,6,6,2,46,8,1995,2,8,BMW X1,4,E01016177,0,-1
2021471076954,2021,471076954,3,9,0,18,19,2,6,0,0,0,0,0,0,0,1,1,5,6,2,48,8,1995,2,10,BMW X1,5,E01020951,0,-1
2021010304839,2021,010304839,1,9,0,99,99,9,9,99,99,1,9,99,9,99,1,9,6,6,1,-1,-1,1499,1,1,BMW X1,-1,-1,0,-1
2021371071184,2021,371071184,1,9,0,18,19,1,5,0,0,0,0,0,0,0,4,1,6,6,2,24,5,1995,2,9,BMW X1,7,E01026588,0,-1
2021201136516,2021,201136516,1,9,0,3,3,2,6,0,0,0,0,0,0,0,2,1,6,6,1,30,6,1995,2,7,BMW X1,3,E01009977,0,-1
2021461102133,2021,461102133,3,9,0,2,2,0,0,0,0,1,0,0,0,0,3,1,5,6,1,46,8,1995,2,5,BMW X1,10,E01024824,0,-1
2021061079404,2021,061079404,2,9,0,4,4,3,2,0,0,0,0,0,0,0,2,1,5,6,2,39,7,1998,1,3,BMW X1,2,E01005999,0,-1
2021451029473,2021,451029473,1,9,0,18,19,5,1,0,0,1,0,0,0,0,1,1,5,6,1,71,10,1998,1,4,BMW X1,10,E01030986,0,-1
2021131079613,2021,131079613,1,9,0,9,9,0,0,0,0,0,0,0,0,0,2,1,5,6,2,30,6,1499,1,2,BMW X1,2,E01011540,0,-1
2021010331377,2021,010331377,1,9,0,16,19,1,5,0,0,6,0,4,0,0,1,1,2,2,2,34,6,1499,1,4,BMW X1,2,E01001151,0,-1
2021501120499,2021,501120499,1,9,0,18,19,5,3,0,0,4,0,0,0,0,3,1,6,6,2,57,9,1995,2,5,BMW X1,5,E01018756,0,-1
2021010316643,2021,010316643,1,9,0,18,19,7,3,0,0,0,5,0,0,0,4,1,6,6,2,43,7,1995,2,4,BMW X1,5,E01002515,0,-1
2021010311489,2021,010311489,2,9,0,3,3,3,7,0,0,1,0,0,0,0,2,1,6,6,1,38,7,1995,2,4,BMW X1,3,E01000052,0,-1
2021010341071,2021,010341071,1,9,5,9,9,7,4,0,0,1,1,0,7,0,4,1,6,6,2,35,6,1998,1,2,BMW X1,1,E01000917,0,-1
2021010312424,2021,010312424,1,9,0,99,99,9,9,99,99,9,9,99,9,99,1,9,6,6,3,32,6,1998,1,1,BMW X1,-1,-1,0,-1
2021041049606,2021,041049606,1,9,0,14,14,3,7,0,0,0,0,0,0,0,1,1,3,7,2,42,7,1995,2,4,BMW X1,6,E01025031,0,-1
2021010346788,2021,010346788,2,9,0,5,5,5,1,0,0,2,0,0,0,0,1,1,6,6,1,51,8,1995,2,10,BMW X1,-1,-1,0,-1
2021421057968,2021,421057968,2,9,0,17,19,1,5,0,0,3,0,0,0,0,3,1,6,6,1,28,6,1998,1,3,BMW X1,8,E01031284,0,-1
2021161122386,2021,161122386,1,9,0,7,7,7,1,0,0,0,0,0,0,0,1,1,2,2,2,51,8,1995,2,12,BMW X1,1,E01026383,0,-1
2021501131830,2021,501131830,1,9,0,5,5,8,4,0,0,4,0,0,0,0,1,1,5,6,1,65,9,1995,2,7,BMW X1,3,E01018958,0,-1
2021010292125,2021,010292125,1,9,0,99,99,9,9,99,99,9,9,99,9,99,2,9,6,6,2,38,7,1998,1,3,BMW X1,8,E01000172,0,-1
2021010293684,2021,010293684,2,9,0,18,19,1,5,0,0,0,0,0,0,0,0,1,1,1,1,31,6,1995,2,9,BMW X1,4,E01032742,0,-1
2021201133325,2021,201133325,2,9,0,4,4,4,8,0,0,0,0,0,0,0,2,1,6,6,2,47,8,1995,2,3,BMW X1,1,E01010080,0,-1
2021201133757,2021,201133757,1,9,0,9,9,8,6,0,0,6,0,0,0,0,3,1,6,6,1,48,8,1995,2,10,BMW X1,1,E01009202,0,-1
202131B064021,2021,31B064021,3,9,0,18,19,5,1,0,0,2,0,0,0,0,1,1,6,6,2,32,6,1998,1,3,BMW X1,10,E01017995,0,-1
2021411118573,2021,411118573,2,9,0,18,19,8,4,0,0,8,1,0,7,0,1,1,2,2,2,27,6,1998,1,0,BMW X1,8,E01021801,0,-1
2021361041834,2021,361041834,1,9,0,9,9,3,7,0,0,0,0,0,0,0,1,1,5,6,1,34,6,1995,2,5,BMW X1,8,E01018003,0,-1
2021522200563,2021,522200563,2,9,0,18,19,2,6,0,0,8,0,0,0,0,4,1,6,6,2,38,7,1995,2,4,BMW X1,-1,-1,0,-1
2021010330738,2021,010330738,1,9,0,4,4,3,7,0,0,0,0,0,0,0,0,1,6,6,1,55,8,1995,2,7,BMW X1,5,E01002481,0,-1
2021010336589,2021,010336589,1,9,0,99,99,9,9,99,99,9,9,99,9,99,9,9,6,6,1,45,7,1499,8,1,BMW X1,9,E01003381,0,-1
2021010344330,2021,010344330,1,9,0,16,19,3,7,9,9,0,0,4,7,11,1,1,6,6,1,39,7,1995,2,3,BMW X1,2,E01001550,0,-1
2021451079232,2021,451079232,1,9,0,3,3,5,4,0,0,0,0,0,0,0,3,1,5,6,1,46,8,1995,2,8,BMW X1,8,E01030474,0,-1
2021461076694,2021,461076694,1,9,0,9,9,3,1,0,0,1,0,0,0,0,3,1,6,6,1,27,6,1995,2,11,BMW X1,6,E01024571,0,-1
2021010349829,2021,010349829,2,9,0,9,9,8,6,0,0,8,0,0,0,0,1,1,2,2,2,51,8,1995,2,8,BMW X1,-1,-1,0,-1
2021141033878,2021,141033878,1,9,0,4,4,7,3,0,0,0,0,0,0,0,2,1,2,2,1,63,9,1998,1,2,BMW X1,1,E01007544,0,-1
2021111059496,2021,111059496,2,9,0,18,19,8,5,0,0,8,0,0,0,0,1,1,5,6,2,73,10,1995,2,2,BMW X1,10,E01020683,0,-1
2021061043058,2021,061043058,2,9,0,18,19,5,1,0,0,0,0,0,0,0,3,1,6,6,1,65,9,1998,1,1,BMW X1,9,E01005868,0,-1
2021361039474,2021,361039474,1,9,-1,18,19,-1,-1,0,0,1,0,0,0,0,4,1,6,6,1,59,9,2000,2,12,BMW X1,6,E01030087,0,-1
2021101097788,2021,101097788,1,9,0,18,19,2,6,0,0,2,0,0,0,0,3,1,6,6,1,38,7,1499,8,0,BMW X1,10,E01008355,0,-1
2021440490275,2021,440490275,1,9,0,7,7,5,3,0,0,5,0,0,0,0,4,1,6,6,2,29,6,1995,2,4,BMW X1,7,E01022735,0,-1
202131B129821,2021,31B129821,1,9,0,9,9,8,6,0,0,6,0,0,0,0,4,1,6,6,3,-1,-1,1995,2,6,BMW X1,-1,-1,0,-1
2021461081831,2021,461081831,1,9,0,18,19,3,7,0,0,1,0,0,0,0,1,1,6,6,1,71,10,1995,2,4,BMW X1,7,E01024518,0,-1
2021031090695,2021,031090695,1,9,0,18,19,2,6,0,0,0,0,0,0,0,4,1,5,6,1,62,9,1995,2,0,BMW X1,10,E01019393,0,-1
2021041111684,2021,041111684,1,9,0,16,19,1,2,0,0,1,0,0,0,0,1,1,2,2,1,33,6,1995,2,3,BMW X1,3,E01025398,0,-1
2021991050148,2021,991050148,1,9,0,9,9,6,4,0,0,6,0,0,4,0,3,1,5,6,2,43,7,1995,2,6,BMW X1,4,-1,0,-1
2021141027035,2021,141027035,2,9,0,18,19,1,5,0,0,0,0,0,0,0,1,1,6,6,3,-1,-1,1995,2,8,BMW X1,-1,-1,0,-1
2021221054418,2021,221054418,2,9,0,18,19,4,8,0,0,8,0,0,0,0,1,1,5,6,2,25,5,1995,2,11,BMW X1,2,E01014064,0,-1
2021201113524,2021,201113524,2,9,0,18,19,5,1,0,0,1,0,0,0,0,1,1,1,1,2,-1,-1,1995,2,3,BMW X1,1,E01009476,0,-1
2021010344366,2021,010344366,2,9,9,99,99,9,9,99,99,9,9,99,9,99,9,9,6,6,1,-1,-1,1995,2,3,BMW X1,-1,-1,0,-1
2021010322504,2021,010322504,2,9,0,4,4,3,7,0,0,1,0,0,0,0,1,1,6,6,2,25,5,1995,2,7,BMW X1,4,E01023805,0,-1
2021622100435,2021,622100435,1,9,0,18,19,1,5,0,0,0,0,0,0,0,1,1,3,7,1,41,7,2000,2,12,BMW X1,4,W01000966,0,-1
2021351035087,2021,351035087,2,9,0,18,19,1,5,0,0,0,0,0,0,0,2,1,6,6,1,34,6,1995,2,4,BMW X1,9,E01023967,0,-1
2021101095721,2021,101095721,1,9,0,5,5,7,3,0,0,8,0,0,0,0,1,1,5,6,2,37,7,1995,2,11,BMW X1,5,E01008293,0,-1
2021061097610,2021,061097610,1,9,-1,18,19,3,7,0,0,0,0,0,0,0,2,1,6,6,2,32,6,1995,2,2,BMW X1,1,E01005569,0,-1
2021061048030,2021,061048030,2,9,0,18,19,7,3,0,0,0,0,0,0,0,2,1,6,6,2,38,7,1995,2,11,BMW X1,1,E01025171,0,-1
2021010295861,2021,010295861,3,9,0,18,19,3,7,0,0,0,0,0,0,0,2,1,1,1,2,36,7,1998,1,2,BMW X1,2,E01001439,0,-1
2021622100576,2021,622100576,2,9,0,2,2,0,0,0,0,0,0,0,0,0,4,1,6,6,3,-1,-1,1995,2,11,BMW X1,-1,-1,0,-1
2021010327369,2021,010327369,1,9,0,8,8,7,1,0,0,1,0,0,0,0,0,1,6,6,1,58,9,1995,2,5,BMW X1,7,E01023514,0,-1
2021552100882,2021,552100882,2,9,0,3,3,6,8,0,0,1,0,0,0,0,2,1,2,2,2,42,7,1998,1,2,BMW X1,6,E01015337,0,-1
2021131047946,2021,131047946,1,9,0,9,9,2,8,0,0,8,0,0,0,0,1,1,5,6,2,31,6,1995,2,2,BMW X1,3,E01011761,0,-1
2021010323674,2021,010323674,2,9,9,99,99,9,9,99,99,1,9,99,9,99,9,9,6,6,3,-1,-1,1995,2,5,BMW X1,4,E01001233,0,-1
2021546045021,2021,546045021,1,5,0,18,19,4,2,0,0,1,0,0,0,0,1,1,2,2,1,39,7,821,1,6,-1,5,E01014426,0,-1
2021461093682,2021,461093682,1,5,0,12,12,3,6,0,0,0,0,0,0,0,3,1,5,6,1,27,6,821,1,0,-1,9,E01016052,0,-1