collision_index,collision_year,collision_ref_no,vehicle_reference,vehicle_type,towing_and_articulation,vehicle_manoeuvre_historic,vehicle_manoeuvre,vehicle_direction_from,vehicle_direction_to,vehicle_location_restricted_lane_historic,vehicle_location_restricted_lane,junction_location,skidding_and_overturning,hit_object_in_carriageway,vehicle_leaving_carriageway,hit_object_off_carriageway,first_point_of_impact,vehicle_left_hand_drive,journey_purpose_of_driver_historic,journey_purpose_of_driver,sex_of_driver,age_of_driver,age_band_of_driver,engine_capacity_cc,propulsion_code,age_of_vehicle,generic_make_model,driver_imd_decile,lsoa_of_driver,escooter_flag,driver_distance_banding
2021010319385,2021,010319385,1,5,0,99,99,9,9,0,0,8,2,0,0,0,1,1,2,2,1,27,6,821,1,1,-1,8,E01002837,0,-1
2021221054324,2021,221054324,2,5,0,13,13,7,3,0,0,8,0,0,0,0,1,1,5,6,2,59,9,821,1,7,-1,8,E01004778,0,-1
2021440315153,2021,440315153,1,9,0,18,19,1,5,0,0,0,0,0,0,0,2,1,6,6,1,62,9,6220,1,62,-1,1,E01015279,0,-1
2021010301001,2021,010301001,1,5,0,13,13,5,1,0,0,0,0,0,0,0,4,1,6,6,1,46,8,1868,1,1,-1,1,E01002800,0,-1
2021552100953,2021,552100953,1,5,0,18,19,8,4,0,0,0,1,0,0,0,0,1,6,6,1,55,8,1340,1,25,HARLEY-DAVIDSON MODEL MISSING,9,E01022989,0,-1
2021201065967,2021,201065967,1,5,0,18,19,3,7,0,0,1,0,0,0,0,4,1,6,6,1,32,6,998,1,40,HARLEY-DAVIDSON MODEL MISSING,1,E01009033,0,-1
2021361096351,2021,361096351,1,5,0,18,19,8,4,0,0,0,5,0,0,0,1,1,5,6,1,52,8,1690,1,-1,HARLEY-DAVIDSON MODEL MISSING,3,E01026721,0,-1
2021440219204,2021,440219204,2,5,0,18,19,5,1,0,0,8,0,0,0,0,1,1,6,6,1,56,9,1340,1,40,HARLEY-DAVIDSON MODEL MISSING,4,E01020438,0,-1
2021421055080,2021,421055080,1,5,0,4,4,5,1,0,0,0,2,0,0,0,0,1,6,6,1,63,9,1130,1,19,HARLEY-DAVIDSON MODEL MISSING,6,E01021541,0,-1
2021471051510,2021,471051510,2,5,0,18,19,8,4,0,0,1,0,0,0,0,2,1,1,1,1,68,10,883,1,30,HARLEY-DAVIDSON MODEL MISSING,8,E01030556,0,-1
2021070104611,2021,070104611,1,5,0,17,19,8,4,0,0,0,0,0,0,0,0,1,6,6,1,54,8,1200,1,28,HARLEY-DAVIDSON MODEL MISSING,4,E01018618,0,-1
2021211035602,2021,211035602,1,5,0,18,19,5,1,0,0,8,0,0,0,0,1,1,6,6,1,46,8,1200,1,14,HARLEY-DAVIDSON MODEL MISSING,9,E01025947,0,-1
2021501097858,2021,501097858,2,5,0,18,19,4,8,0,0,1,0,0,0,0,4,1,6,6,1,54,8,1340,1,24,HARLEY-DAVIDSON MODEL MISSING,4,E01015268,0,-1
202134NNC0551,2021,34NNC0551,1,5,0,18,19,7,3,0,0,0,5,0,0,0,2,1,6,6,1,59,9,1000,1,46,HARLEY-DAVIDSON MODEL MISSING,-1,-1,0,-1
2021991083853,2021,991083853,1,5,0,17,19,8,6,0,0,0,0,0,1,7,4,1,5,6,1,61,9,-1,-1,-1,HARLEY-DAVIDSON MODEL MISSING,1,-1,0,-1
2021430403725,2021,430403725,1,5,0,18,19,2,6,0,0,1,0,0,0,0,1,1,6,6,1,42,7,1584,1,8,HARLEY-DAVIDSON MODEL MISSING,7,E01016478,0,-1
2021430234706,2021,430234706,1,5,0,18,19,3,7,0,0,1,0,0,0,0,1,1,6,6,1,67,10,1340,1,26,HARLEY-DAVIDSON MODEL MISSING,8,E01016334,0,-1
2021371092177,2021,371092177,1,5,0,17,19,2,6,0,0,0,0,0,1,4,1,1,5,6,1,75,10,1340,1,29,HARLEY-DAVIDSON MODEL MISSING,8,E01026258,0,-1
2021302100545,2021,302100545,1,5,0,11,11,2,8,0,0,8,0,0,0,0,0,1,6,6,1,82,11,1340,1,31,HARLEY-DAVIDSON MODEL MISSING,2,E01007697,0,-1
2021401068998,2021,401068998,2,5,0,14,14,3,7,0,0,3,1,0,0,0,3,1,5,6,1,50,8,1690,1,7,HARLEY-DAVIDSON MODEL MISSING,4,E01013617,0,-1
202134NNC3521,2021,34NNC3521,2,5,0,18,19,3,7,0,0,1,0,0,0,0,1,1,6,6,1,26,6,1340,1,40,HARLEY-DAVIDSON MODEL MISSING,6,E01027051,0,-1
2021221097416,2021,221097416,2,5,0,18,19,7,3,0,0,0,0,0,0,0,1,1,5,6,1,70,10,1200,1,53,HARLEY-DAVIDSON MODEL MISSING,7,W01000494,0,-1
2021371093464,2021,371093464,2,5,0,18,19,1,5,0,0,0,0,0,0,0,1,1,5,6,1,57,9,1200,1,44,HARLEY-DAVIDSON MODEL MISSING,7,E01014012,0,-1
2021544619721,2021,544619721,1,5,0,18,19,5,8,0,0,4,0,0,0,0,1,1,6,6,1,59,9,1340,1,36,HARLEY-DAVIDSON MODEL MISSING,6,E01028703,0,-1
2021991075636,2021,991075636,1,5,0,16,19,1,5,0,0,0,2,0,1,9,4,1,5,6,1,66,10,1340,1,33,HARLEY-DAVIDSON MODEL MISSING,6,E01008284,0,-1
2021991032071,2021,991032071,1,5,0,14,14,1,5,0,0,0,1,0,0,0,0,1,2,2,1,49,8,918,1,22,-1,4,-1,0,-1
2021548772921,2021,548772921,2,5,0,4,4,7,3,0,0,0,0,0,0,0,9,1,6,6,1,51,8,918,1,21,-1,8,E01015556,0,-1
2021361099581,2021,361099581,2,5,0,13,13,1,6,0,0,0,0,0,7,0,4,1,5,6,1,31,6,954,1,18,-1,6,E01026842,0,-1
2021061077243,2021,061077243,2,3,-1,5,5,5,1,0,0,2,0,0,0,0,2,1,6,6,1,17,4,124,1,36,-1,3,E01004905,0,-1
2021544298421,2021,544298421,2,3,0,18,19,3,7,0,0,1,2,0,0,0,2,1,6,6,1,20,4,124,1,30,-1,6,E01031971,0,-1
2021552100904,2021,552100904,2,4,0,18,19,3,7,0,0,8,1,0,0,0,1,1,1,1,1,54,8,124,1,33,-1,9,E01020497,0,-1
2021471063975,2021,471063975,2,4,0,18,19,6,2,0,0,0,0,0,0,0,3,1,1,1,1,32,6,279,1,5,-1,6,E01016938,0,-1
2021411115403,2021,411115403,1,4,0,9,9,2,7,0,0,2,1,0,0,0,0,1,6,6,1,41,7,279,1,6,-1,6,E01023855,0,-1
2021501074214,2021,501074214,2,4,0,9,9,5,2,0,0,8,0,0,0,0,1,1,6,6,1,70,10,279,1,2,-1,5,E01018839,0,-1
2021010312959,2021,010312959,1,4,0,99,99,9,9,99,99,9,9,99,9,99,1,1,6,6,1,31,6,279,1,2,-1,4,E01002055,0,-1
2021361117701,2021,361117701,1,20,0,18,19,5,1,0,0,0,0,0,0,0,4,1,1,1,1,71,10,-1,-1,-1,IVECO DAILY,4,E01026713,0,-1
202134WNC9121,2021,34WNC9121,2,19,0,2,2,0,0,6,6,0,0,0,0,0,2,1,6,6,1,81,11,2300,2,16,IVECO DAILY,10,E01027283,0,-1
2021302100400,2021,302100400,1,98,0,1,1,4,7,0,0,0,0,0,0,0,3,1,6,6,1,44,7,2998,2,4,-1,4,E01019504,0,-1
202134WNC1781,2021,34WNC1781,1,19,0,18,19,1,5,0,0,0,0,0,0,0,1,1,1,1,1,40,7,2287,2,5,IVECO DAILY,1,E01012780,0,-1
2021351108199,2021,351108199,1,19,0,9,9,5,3,0,0,0,0,0,0,0,1,1,2,2,1,55,8,2998,2,6,IVECO DAILY,6,E01018131,0,-1
2021041103959,2021,041103959,2,20,0,9,9,3,1,0,0,6,0,0,0,0,1,1,1,1,1,72,10,2998,2,11,IVECO DAILY,9,E01025533,0,-1
2021421072383,2021,421072383,3,19,0,2,2,0,0,0,0,2,0,0,0,0,4,1,6,6,3,-1,-1,2287,2,5,IVECO DAILY,-1,-1,0,-1
2021991067765,2021,991067765,2,20,0,17,19,7,4,0,0,0,0,0,0,0,1,1,1,1,1,49,8,2287,2,3,IVECO DAILY,2,-1,0,-1
2021131079764,2021,131079764,2,19,0,7,7,5,3,0,0,1,0,0,0,0,3,1,1,1,1,63,9,-1,-1,-1,IVECO DAILY,7,E01027647,0,-1
2021041036525,2021,041036525,1,20,0,1,1,8,4,0,0,0,0,0,0,0,2,1,1,1,1,59,9,2998,2,7,IVECO DAILY,7,E01025161,0,-1
2021010350548,2021,010350548,2,19,0,99,99,9,9,99,99,9,9,99,9,99,9,9,6,6,3,-1,-1,2287,2,0,IVECO DAILY,8,E01000172,0,-1
2021622100052,2021,622100052,2,19,0,18,19,8,4,0,0,4,0,0,0,0,1,1,1,1,1,26,6,2287,2,6,IVECO DAILY,4,W01001297,0,-1
2021010302400,2021,010302400,1,19,0,7,7,3,5,0,0,5,0,0,0,0,4,1,1,1,1,33,6,2287,2,10,IVECO DAILY,5,E01032731,0,-1
2021161041396,2021,161041396,2,19,0,18,19,7,3,0,0,1,5,0,1,10,1,1,1,1,1,50,8,2287,2,5,IVECO DAILY,5,E01007350,0,-1
2021471037847,2021,471037847,3,19,0,10,10,3,1,0,0,1,0,0,1,1,3,1,1,1,1,56,9,2287,2,5,IVECO DAILY,9,E01031612,0,-1
2021320113041,2021,320113041,1,20,0,17,19,4,2,0,0,0,1,0,1,1,1,1,6,6,1,40,7,2287,2,1,IVECO DAILY,-1,-1,0,-1
2021401071131,2021,401071131,1,19,0,1,1,1,5,9,9,1,0,0,0,0,2,1,1,1,1,41,7,2287,2,5,IVECO DAILY,1,E01015604,0,-1
2021211137630,2021,211137630,4,98,4,18,19,3,7,0,0,0,0,0,0,0,1,1,1,1,1,31,6,2287,2,2,-1,1,E01010111,0,-1
2021440166920,2021,440166920,4,19,0,2,2,0,0,0,0,0,0,0,0,0,1,1,6,6,1,45,7,2287,2,12,IVECO DAILY,7,E01023131,0,-1
2021440267484,2021,440267484,1,19,0,18,19,2,6,0,0,0,0,0,1,4,1,1,1,1,1,48,8,2998,2,2,IVECO DAILY,1,E01014800,0,-1
2021010333645,2021,010333645,1,20,0,99,99,9,9,99,99,0,9,99,9,99,4,9,6,6,3,-1,-1,2998,2,3,IVECO DAILY,-1,-1,0,-1
2021622200010,2021,622200010,2,19,0,4,4,4,8,0,0,0,0,0,0,0,2,1,1,1,1,30,6,2287,2,0,IVECO DAILY,4,W01001395,0,-1
2021421070233,2021,421070233,2,20,0,5,5,5,1,0,0,4,0,0,0,0,2,1,1,1,1,30,6,-1,-1,-1,IVECO DAILY,2,E01004460,0,-1
2021010348367,2021,010348367,2,19,0,99,99,9,9,99,99,0,9,99,9,99,1,9,6,6,3,-1,-1,2287,2,0,IVECO DAILY,5,E01024640,0,-1
20211383G1041,2021,1383G1041,6,19,4,18,19,7,3,0,0,0,0,0,0,0,2,1,1,1,1,56,9,2998,2,8,IVECO DAILY,3,E01012355,0,-1
2021440201242,2021,440201242,2,19,0,18,19,5,1,0,0,0,0,0,0,0,3,1,6,6,3,-1,-1,2998,2,0,IVECO DAILY,-1,-1,0,-1
2021440315471,2021,440315471,1,20,0,16,19,5,1,0,0,0,1,4,0,0,1,1,2,2,1,39,7,2287,2,12,IVECO DAILY,5,E01023086,0,-1
2021361046840,2021,361046840,3,19,0,18,19,7,3,0,0,0,0,0,0,0,1,1,1,1,1,48,8,2287,2,2,IVECO DAILY,8,E01026558,0,-1
2021320747200,2021,320747200,1,21,0,9,9,2,8,0,0,5,0,0,0,0,1,1,6,6,2,71,10,2998,2,9,IVECO DAILY,8,E01026200,0,-1
2021461013075,2021,461013075,1,19,0,18,19,3,7,0,0,0,5,7,2,4,1,1,5,6,1,49,8,2287,2,10,IVECO DAILY,4,E01024705,0,-1
2021010339193,2021,010339193,1,19,0,18,19,4,8,0,0,1,0,0,0,0,0,1,1,1,1,46,8,2998,2,5,IVECO DAILY,8,E01017804,0,-1
2021010316627,2021,010316627,1,19,0,7,7,1,4,0,0,1,0,0,0,0,1,1,1,1,1,37,7,2287,2,5,IVECO DAILY,4,E01004614,0,-1
2021471068925,2021,471068925,1,19,0,18,19,1,5,9,9,1,0,0,0,0,4,1,1,1,1,60,9,2998,2,0,IVECO DAILY,8,E01020987,0,-1
2021221101048,2021,221101048,1,19,0,9,9,6,4,0,0,5,0,0,0,0,1,1,1,1,1,55,8,2287,2,3,IVECO DAILY,2,E01009740,0,-1
2021552100957,2021,552100957,2,19,0,18,19,2,6,0,0,0,0,0,0,0,3,1,2,2,1,25,5,2287,2,6,IVECO DAILY,6,E01020516,0,-1
2021141100906,2021,141100906,3,19,0,18,19,1,5,0,0,0,1,0,0,0,1,1,1,1,1,48,8,2287,2,7,IVECO DAILY,1,E01007507,0,-1
2021041112428,2021,041112428,2,19,0,9,9,1,5,0,0,8,0,0,0,0,3,1,1,1,1,32,6,2998,2,13,IVECO DAILY,1,E01025084,0,-1
2021401118219,2021,401118219,3,19,0,3,3,5,1,0,0,4,0,11,0,0,2,1,1,1,2,38,7,2287,2,3,IVECO DAILY,10,E01023363,0,-1
2021010288170,2021,010288170,1,19,0,18,19,7,3,0,0,2,0,0,0,0,1,1,6,6,3,21,5,2286,2,15,IVECO DAILY,4,E01003683,0,-1
2021041117128,2021,041117128,2,19,0,18,19,1,5,0,0,0,0,0,0,0,3,1,1,1,1,37,7,2287,2,6,IVECO DAILY,5,E01006853,0,-1
2021501162802,2021,501162802,1,19,0,18,19,8,4,0,0,0,0,10,2,0,0,1,1,1,1,25,5,2998,2,13,IVECO DAILY,3,E01020294,0,-1
2021201135524,2021,201135524,1,19,0,1,1,6,2,0,0,1,0,0,0,0,2,1,6,6,1,56,9,2287,2,7,IVECO DAILY,1,E01010295,0,-1
2021221101432,2021,221101432,1,19,0,9,9,4,1,0,0,5,1,0,0,0,1,1,6,6,1,35,6,2300,2,14,IVECO DAILY,-1,-1,0,-1
2021461096871,2021,461096871,2,19,0,18,19,2,6,0,0,0,1,0,7,0,1,1,5,6,1,22,5,2287,2,0,IVECO DAILY,4,E01024486,0,-1
2021122100789,2021,122100789,2,10,0,18,19,1,8,0,0,4,0,0,0,0,1,1,1,1,1,49,8,2998,2,11,IVECO DAILY,10,E01013354,0,-1
2021221078459,2021,221078459,3,19,0,18,19,8,4,0,0,0,0,0,0,0,0,1,5,6,1,28,6,2287,2,5,IVECO DAILY,2,E01018484,0,-1
2021531088245,2021,531088245,2,19,0,18,19,6,2,0,0,8,0,0,0,0,3,1,1,1,1,44,7,2287,2,7,IVECO DAILY,2,E01022324,0,-1
2021070124644,2021,070124644,2,20,0,18,19,8,4,0,0,0,0,0,0,0,2,1,1,1,1,59,9,2998,2,1,IVECO DAILY,9,E01006889,0,-1
2021010336322,2021,010336322,1,19,0,2,2,0,0,0,0,0,0,0,0,0,2,1,6,6,3,-1,-1,2287,2,13,IVECO DAILY,-1,-1,0,-1
202131B128821,2021,31B128821,2,19,0,4,4,4,8,0,0,1,0,0,0,0,2,1,1,1,1,28,6,2287,2,3,IVECO DAILY,6,E01028322,0,-1
2021411069371,2021,411069371,1,19,0,1,1,6,2,0,0,0,0,0,0,0,2,1,5,6,1,52,8,2287,2,9,IVECO DAILY,4,E01023555,0,-1
2021131093936,2021,131093936,3,19,0,4,4,7,3,0,0,0,0,0,0,0,2,1,1,1,1,45,7,2287,2,8,IVECO DAILY,2,E01011032,0,-1
2021411057060,2021,411057060,2,19,0,4,4,5,1,0,0,0,0,0,0,0,1,1,1,1,1,30,6,2998,2,2,IVECO DAILY,5,E01023806,0,-1
2021010351234,2021,010351234,1,19,4,3,3,7,3,9,9,1,0,12,1,5,1,1,1,1,1,40,7,2998,2,2,IVECO DAILY,8,E01024527,0,-1
2021311111363,2021,311111363,1,19,0,7,7,3,1,0,0,0,0,0,0,0,2,1,6,6,1,65,9,2998,2,6,IVECO DAILY,9,E01028421,0,-1
20211381O1615,2021,1381O1615,2,19,0,2,2,0,0,0,0,0,0,0,0,0,1,1,6,6,3,-1,-1,2300,2,16,IVECO DAILY,-1,-1,0,-1
2021440319334,2021,440319334,2,19,0,9,9,7,5,0,0,1,0,0,0,0,1,1,6,6,1,-1,-1,2287,2,5,IVECO DAILY,-1,-1,0,-1
2021010332500,2021,010332500,2,19,0,99,99,9,9,99,99,9,9,0,0,0,1,9,6,6,3,-1,-1,2998,2,3,IVECO DAILY,-1,-1,0,-1
2021070484358,2021,070484358,1,21,1,18,19,4,8,0,0,0,0,0,0,0,1,1,1,1,1,56,9,11120,2,2,IVECO DAILY,2,E01012457,0,-1
2021461111414,2021,461111414,4,19,1,3,3,7,7,0,0,4,0,0,0,0,2,1,5,6,1,46,8,2287,2,9,IVECO DAILY,9,E01033214,0,-1
2021201118141,2021,201118141,1,98,0,7,7,4,6,0,0,8,0,0,0,0,4,1,1,1,1,31,6,2287,2,13,-1,1,E01008972,0,-1
2021421076000,2021,421076000,2,19,0,18,19,2,6,0,0,0,0,0,0,0,1,1,1,1,1,31,6,2287,2,7,IVECO DAILY,3,E01000092,0,-1
2021131041026,2021,131041026,2,19,0,14,14,7,3,0,0,2,0,0,0,0,4,1,1,1,1,25,5,-1,-1,-1,IVECO DAILY,1,E01011432,0,-1
2021131107912,2021,131107912,1,19,0,1,1,7,3,5,5,0,0,0,0,0,2,1,1,1,1,52,8,2287,2,0,IVECO DAILY,1,E01010811,0,-1
2021471012599,2021,471012599,1,19,4,18,19,6,2,0,0,0,4,0,0,0,3,1,1,1,1,51,8,2287,2,13,IVECO DAILY,3,E01032830,0,-1
2021991118153,2021,991118153,2,19,0,2,2,0,0,0,0,1,0,0,0,0,2,1,6,6,3,-1,-1,2287,2,5,IVECO DAILY,-1,-1,0,-1
2021131063486,2021,131063486,1,19,0,5,5,7,3,0,0,0,0,0,0,0,1,1,2,2,1,60,9,2287,2,4,IVECO DAILY,5,E01011921,0,-1
2021522102855,2021,522102855,2,19,0,18,19,2,6,0,0,8,0,0,0,0,1,1,6,6,1,31,6,2998,2,7,IVECO DAILY,9,E01014725,0,-1
2021010311671,2021,010311671,1,19,0,18,19,1,5,0,0,1,0,0,0,0,1,1,1,1,1,42,7,2287,2,2,IVECO DAILY,2,E01021846,0,-1
2021101100080,2021,101100080,1,19,0,1,1,3,7,0,0,1,0,0,0,0,2,1,1,1,1,24,5,2287,2,7,IVECO DAILY,-1,-1,0,-1
2021461036760,2021,461036760,1,19,0,18,19,5,1,0,0,0,0,0,0,0,1,1,2,2,1,28,6,2300,2,15,IVECO DAILY,2,E01000077,0,-1
2021991077809,2021,991077809,1,20,0,7,7,4,1,0,0,6,0,0,0,0,4,1,1,1,1,65,9,2998,2,3,IVECO DAILY,4,-1,0,-1
2021010303822,2021,010303822,2,19,0,99,99,9,9,99,99,9,9,99,9,99,9,9,6,6,3,-1,-1,2300,2,16,IVECO DAILY,-1,-1,0,-1
2021138150193,2021,138150193,1,19,0,18,19,1,5,0,0,0,0,0,0,0,4,1,1,1,1,59,9,2300,2,15,IVECO DAILY,1,E01010608,0,-1
2021622100753,2021,622100753,2,20,0,18,19,8,4,0,0,8,0,0,0,0,4,1,1,1,1,51,8,-1,-1,-1,IVECO DAILY,9,W01001284,0,-1
2021421025674,2021,421025674,1,20,0,18,19,1,3,0,0,0,0,0,0,0,4,1,6,6,1,43,7,2998,2,3,IVECO DAILY,8,E01029909,0,-1
2021141062983,2021,141062983,1,19,0,9,9,4,8,0,0,0,0,0,0,0,4,1,1,1,1,42,7,2998,2,8,IVECO DAILY,-1,-1,0,-1
2021070303745,2021,070303745,1,19,0,9,9,7,5,0,0,6,1,0,7,9,4,1,1,1,1,49,8,2287,2,11,IVECO DAILY,1,E01006426,0,-1
2021461118736,2021,461118736,1,19,0,18,19,3,7,0,0,0,0,4,0,0,1,1,6,6,1,57,9,2287,2,0,IVECO DAILY,8,E01024012,0,-1
2021070318445,2021,070318445,1,19,0,7,7,2,4,0,0,0,2,0,7,11,3,1,1,1,1,37,7,2287,2,7,IVECO DAILY,10,E01033376,0,-1
2021141019828,2021,141019828,1,19,0,2,2,5,1,0,0,0,0,0,0,0,0,1,1,1,1,40,7,2287,2,10,IVECO DAILY,1,E01010748,0,-1
2021201111902,2021,201111902,2,90,0,18,19,6,2,0,0,8,0,0,0,0,1,1,1,1,1,49,8,2998,2,3,IVECO DAILY,5,E01031037,0,-1
2021141082403,2021,141082403,2,19,0,1,1,3,7,0,0,0,0,0,0,0,2,1,6,6,1,40,7,2287,2,11,IVECO DAILY,1,E01007462,0,-1
2021440057044,2021,440057044,1,19,0,16,19,5,1,0,0,1,0,0,0,0,0,1,2,2,1,49,8,2287,2,14,IVECO DAILY,5,E01017324,0,-1
2021070525736,2021,070525736,2,19,0,18,19,1,6,0,0,0,0,0,0,0,3,1,1,1,1,60,9,2287,2,6,IVECO DAILY,7,E01018357,0,-1
2021451086559,2021,451086559,2,20,0,17,19,7,3,0,0,8,1,0,1,0,1,1,1,1,1,73,10,2998,2,16,IVECO DAILY,8,E01023149,0,-1
2021461042645,2021,461042645,1,19,0,18,19,2,6,0,0,1,0,0,0,0,4,1,1,1,1,47,8,2287,2,4,IVECO DAILY,1,E01016049,0,-1
2021070833561,2021,070833561,2,21,1,18,19,5,1,0,0,0,0,0,1,7,1,1,1,1,1,64,9,11120,2,3,IVECO DAILY,-1,-1,0,-1
2021141018405,2021,141018405,1,19,0,4,4,1,5,0,0,0,0,4,0,0,2,1,1,1,1,55,8,2287,2,8,IVECO DAILY,3,E01007777,0,-1
2021351125329,2021,351125329,1,20,0,18,19,-1,-1,0,0,0,0,0,0,0,1,1,6,6,1,76,11,-1,-1,-1,IVECO DAILY,4,E01033178,0,-1
2021221116380,2021,221116380,2,19,0,18,19,2,6,0,0,0,0,0,0,0,1,1,1,1,1,23,5,2287,2,13,IVECO DAILY,4,E01009236,0,-1
2021501048169,2021,501048169,1,20,0,16,19,5,1,0,0,0,2,0,7,0,1,1,1,1,1,49,8,-1,-1,-1,IVECO DAILY,6,E01018752,0,-1
2021161032465,2021,161032465,2,20,0,18,19,1,5,0,0,0,0,0,0,0,0,1,6,6,3,-1,-1,2998,2,0,IVECO DAILY,-1,-1,0,-1
2021010339068,2021,010339068,1,19,0,18,19,3,7,0,0,2,0,0,4,1,1,1,1,1,1,52,8,2287,2,0,IVECO DAILY,2,E01015304,0,-1
2021010309276,2021,010309276,1,19,0,18,19,5,1,0,0,1,0,0,0,0,4,1,2,2,1,30,6,2998,2,9,IVECO DAILY,-1,-1,0,-1
2021451081720,2021,451081720,2,19,0,18,19,4,8,0,0,0,1,7,1,0,4,1,1,1,1,27,6,2287,2,1,IVECO DAILY,7,E01030826,0,-1
2021221036512,2021,221036512,2,19,0,18,19,7,3,0,0,0,0,0,0,0,3,1,1,1,1,33,6,2287,2,8,IVECO DAILY,2,E01009758,0,-1
2021010351344,2021,010351344,2,19,9,99,99,9,9,99,99,9,9,99,9,99,1,9,6,6,3,-1,-1,2998,2,6,IVECO DAILY,-1,-1,0,-1
2021610051121,2021,610051121,2,19,0,18,19,4,8,0,0,4,0,0,0,0,1,1,1,1,1,36,7,2287,2,5,IVECO DAILY,4,W01001329,0,-1
2021302101161,2021,302101161,1,19,0,18,19,6,4,0,0,0,0,0,0,0,1,1,6,6,3,-1,-1,2287,2,3,IVECO DAILY,5,E01019456,0,-1
2021201137323,2021,201137323,1,98,0,18,19,7,3,0,0,0,0,0,0,0,2,1,6,6,1,59,9,2287,2,0,-1,9,E01031210,0,-1
2021411059644,2021,411059644,3,20,0,18,19,1,5,0,0,1,0,0,0,0,1,1,1,1,1,32,6,2287,2,8,IVECO DAILY,3,E01021860,0,-1
2021041042939,2021,041042939,1,20,0,18,19,3,7,0,0,1,0,0,0,0,1,1,1,1,1,47,8,2998,2,2,IVECO DAILY,2,E01006352,0,-1
2021010321746,2021,010321746,1,19,0,5,5,1,5,0,0,1,0,0,0,0,1,1,6,6,1,50,8,2287,2,14,IVECO DAILY,8,E01002461,0,-1
2021430140850,2021,430140850,1,20,0,18,19,8,4,0,0,0,0,0,0,0,1,1,6,6,1,29,6,2998,2,9,IVECO DAILY,10,E01014881,0,-1
2021101068245,2021,101068245,1,19,0,9,9,7,3,0,0,6,0,0,0,0,0,1,1,1,1,43,7,-1,-1,-1,IVECO DAILY,5,E01027389,0,-1
2021302101546,2021,302101546,2,19,0,12,12,4,1,0,0,0,0,0,0,0,3,1,1,1,1,-1,-1,2287,2,5,IVECO DAILY,8,E01010907,0,-1
202163C027221,2021,63C027221,1,19,5,18,19,6,2,0,0,0,1,0,1,4,1,1,1,1,1,53,8,2998,2,13,IVECO DAILY,6,W01000639,0,-1
2021010348753,2021,010348753,2,20,0,9,9,2,7,0,0,5,0,0,0,0,0,1,1,1,1,41,7,-1,-1,-1,IVECO DAILY,6,E01031408,0,-1
2021231015872,2021,231015872,1,19,0,18,19,7,3,0,0,0,0,0,0,0,0,1,1,1,1,44,7,29980,2,10,IVECO DAILY,1,E01009581,0,-1
2021010331362,2021,010331362,2,19,0,99,99,9,9,99,99,9,9,99,9,99,9,9,6,6,3,44,7,2287,2,0,IVECO DAILY,4,E01004142,0,-1
2021421059968,2021,421059968,3,20,4,4,4,3,7,0,0,0,0,0,0,0,1,1,1,1,1,32,6,2800,2,16,IVECO DAILY,2,E01002368,0,-1
2021361094861,2021,361094861,3,19,0,18,19,1,5,0,0,0,0,0,0,0,0,1,1,1,1,29,6,2287,2,1,IVECO DAILY,5,E01007650,0,-1
2021430366241,2021,430366241,2,19,0,1,1,6,2,0,0,1,0,0,0,0,2,1,6,6,1,-1,-1,2287,2,0,IVECO DAILY,-1,-1,0,-1
2021221066083,2021,221066083,1,19,0,9,9,1,6,0,0,5,0,0,0,0,4,1,1,1,1,40,7,2287,2,4,IVECO DAILY,3,E01032251,0,-1
202131P099721,2021,31P099721,1,19,0,2,2,0,0,0,0,0,0,0,0,0,0,1,1,1,1,55,8,-1,-1,-1,IVECO DAILY,2,E01013538,0,-1
2021552100466,2021,552100466,2,19,0,18,19,4,8,0,0,0,0,0,0,0,1,1,6,6,1,32,6,2998,2,3,IVECO DAILY,-1,-1,0,-1
2021010303157,2021,010303157,1,19,0,18,19,7,3,0,0,1,0,0,0,0,4,1,1,1,1,50,8,2287,2,3,IVECO DAILY,4,E01000788,0,-1
2021451051348,2021,451051348,2,19,4,18,19,6,1,0,0,3,0,0,0,0,4,1,1,1,1,37,7,2998,2,6,IVECO DAILY,7,E01016191,0,-1
2021311037651,2021,311037651,2,19,0,9,9,8,7,0,0,0,0,0,0,0,2,1,1,1,1,66,10,-1,-1,-1,IVECO DAILY,2,E01027958,0,-1
2021302101681,2021,302101681,1,19,0,14,14,8,4,0,0,2,0,0,0,0,4,1,2,2,1,52,8,2287,2,13,IVECO DAILY,2,E01019567,0,-1
2021041036508,2021,041036508,1,19,0,18,19,5,1,0,0,2,0,10,1,2,1,2,6,6,1,51,8,2287,2,9,IVECO DAILY,4,E01025405,0,-1
2021010317456,2021,010317456,1,20,0,3,3,2,6,0,0,9,0,0,0,0,2,1,1,1,2,45,7,-1,-1,-1,IVECO DAILY,6,E01015968,0,-1
2021471029412,2021,471029412,2,19,0,9,9,3,1,0,0,8,0,0,0,0,1,1,1,1,1,48,8,2998,2,7,IVECO DAILY,3,E01031366,0,-1