collision_index,collision_year,collision_ref_no,vehicle_reference,vehicle_type,towing_and_articulation,vehicle_manoeuvre_historic,vehicle_manoeuvre,vehicle_direction_from,vehicle_direction_to,vehicle_location_restricted_lane_historic,vehicle_location_restricted_lane,junction_location,skidding_and_overturning,hit_object_in_carriageway,vehicle_leaving_carriageway,hit_object_off_carriageway,first_point_of_impact,vehicle_left_hand_drive,journey_purpose_of_driver_historic,journey_purpose_of_driver,sex_of_driver,age_of_driver,age_band_of_driver,engine_capacity_cc,propulsion_code,age_of_vehicle,generic_make_model,driver_imd_decile,lsoa_of_driver,escooter_flag,driver_distance_banding
2021211106531,2021,211106531,1,9,0,14,14,1,5,0,0,0,0,0,0,0,4,1,6,6,1,-1,-1,1298,1,18,SUZUKI WAGON R+,-1,-1,0,-1
2021440279053,2021,440279053,1,9,0,18,19,5,1,0,0,8,0,0,0,0,3,1,6,6,2,55,8,1298,1,19,SUZUKI WAGON R+,4,E01017341,0,-1
2021010341986,2021,010341986,1,9,0,18,19,3,7,0,0,8,0,0,0,0,2,1,6,6,1,39,7,1328,1,16,SUZUKI WAGON R+,2,E01004067,0,-1
2021451057221,2021,451057221,1,9,0,18,19,3,7,0,0,0,0,0,0,0,1,1,5,6,2,81,11,1328,1,17,SUZUKI WAGON R+,2,E01024505,0,-1
2021221091901,2021,221091901,1,9,0,18,19,1,5,0,0,0,5,0,0,0,1,1,5,6,1,24,5,1298,1,19,SUZUKI WAGON R+,2,E01011104,0,-1
2021461055784,2021,461055784,1,9,0,18,19,3,7,0,0,0,0,0,0,0,4,1,6,6,2,42,7,1298,1,19,SUZUKI WAGON R+,1,E01024215,0,-1
2021010341497,2021,010341497,1,9,0,18,19,3,7,0,0,1,1,0,7,9,1,1,6,6,2,31,6,1298,1,20,SUZUKI WAGON R+,2,E01001021,0,-1
2021401140925,2021,401140925,2,9,0,9,9,1,5,0,0,1,0,0,0,0,4,1,5,6,2,78,11,1328,1,17,SUZUKI WAGON R+,2,E01017492,0,-1
2021201017121,2021,201017121,1,9,0,9,9,1,7,0,0,5,0,0,0,0,1,1,6,6,1,88,11,1328,1,17,SUZUKI WAGON R+,3,E01010509,0,-1
2021440491104,2021,440491104,1,3,0,12,12,1,5,0,0,3,1,0,0,0,3,1,1,1,1,38,7,125,1,0,-1,-1,-1,0,-1
2021411083621,2021,411083621,2,3,0,11,11,1,5,0,0,3,5,0,0,0,4,1,5,6,1,26,6,125,1,0,-1,3,E01023343,0,-1
2021201127039,2021,201127039,2,3,0,18,19,4,8,0,0,0,0,10,0,0,4,1,1,1,2,49,8,125,1,0,-1,1,E01010524,0,-1
2021440484016,2021,440484016,1,3,0,17,19,2,8,0,0,1,1,0,0,0,0,1,6,6,2,21,5,125,1,0,-1,6,E01022960,0,-1
2021052102457,2021,052102457,1,3,0,5,5,4,8,0,0,1,0,0,0,0,4,1,2,2,1,20,4,125,1,0,-1,1,E01006646,0,-1
2021161044136,2021,161044136,2,2,0,18,19,7,3,0,0,0,0,0,0,0,3,1,5,6,1,62,9,49,1,4,-1,2,E01013071,0,-1
2021440372542,2021,440372542,1,2,0,9,9,8,6,0,0,6,0,0,0,0,1,1,2,2,1,19,4,49,1,6,-1,2,E01022903,0,-1
2021361078250,2021,361078250,1,19,0,18,19,6,2,0,0,1,0,0,0,0,1,1,1,1,1,53,8,2299,2,7,VAUXHALL MOVANO,5,E01026944,0,-1
2021302100106,2021,302100106,2,19,0,18,19,2,6,0,0,0,0,0,0,0,1,1,1,1,1,48,8,2299,2,2,VAUXHALL MOVANO,8,E01019638,0,-1
2021501074235,2021,501074235,1,19,0,18,19,6,2,0,0,0,0,0,0,0,4,1,1,1,1,33,6,2463,2,16,VAUXHALL MOVANO,3,E01015143,0,-1
2021010292522,2021,010292522,1,19,0,18,19,1,5,0,0,1,0,0,0,0,1,1,6,6,1,25,5,2299,2,5,VAUXHALL MOVANO,9,E01023419,0,-1
2021161127676,2021,161127676,2,19,0,18,19,0,0,0,0,2,0,0,0,0,3,1,5,6,3,-1,-1,2299,2,6,VAUXHALL MOVANO,-1,-1,0,-1
2021211040192,2021,211040192,1,19,0,4,4,1,5,0,0,1,0,0,0,0,1,1,1,1,1,33,6,2299,2,6,VAUXHALL MOVANO,2,E01029445,0,-1
2021010348817,2021,010348817,1,20,0,99,99,9,9,99,99,9,9,99,9,99,1,9,6,6,1,27,6,-1,-1,-1,VAUXHALL MOVANO,8,E01004582,0,-1
2021052100216,2021,052100216,1,19,0,18,19,4,8,0,0,0,0,4,0,0,1,1,1,1,1,64,9,2299,2,6,VAUXHALL MOVANO,7,E01007104,0,-1
2021201087415,2021,201087415,1,19,0,18,19,8,4,0,0,8,0,0,0,0,4,1,1,1,1,56,9,2299,2,7,VAUXHALL MOVANO,2,E01008964,0,-1
2021201104456,2021,201104456,2,19,0,3,3,1,5,0,0,1,0,0,0,0,2,1,6,6,1,-1,-1,2299,2,10,VAUXHALL MOVANO,-1,-1,0,-1
2021371086247,2021,371086247,1,19,0,18,19,7,3,0,0,0,1,0,7,0,1,1,1,1,1,32,6,2299,2,5,VAUXHALL MOVANO,1,E01027168,0,-1
2021221058021,2021,221058021,2,19,0,5,5,2,6,0,0,1,0,0,0,0,2,1,5,6,1,59,9,2299,2,8,VAUXHALL MOVANO,5,E01014000,0,-1
2021070340601,2021,070340601,3,19,0,4,4,1,5,0,0,0,0,0,0,0,2,1,1,1,1,46,8,2299,2,2,VAUXHALL MOVANO,2,E01005965,0,-1
2021371130779,2021,371130779,1,19,0,18,19,1,5,0,0,0,0,0,0,0,1,1,5,6,1,69,10,2299,2,7,VAUXHALL MOVANO,6,E01030120,0,-1
2021131053285,2021,131053285,1,19,0,9,9,5,6,0,0,0,0,0,0,0,4,1,2,2,1,21,5,2299,2,10,VAUXHALL MOVANO,1,E01010814,0,-1
2021548222721,2021,548222721,1,19,0,18,19,5,1,0,0,8,2,0,1,10,3,1,1,1,1,41,7,2299,2,0,VAUXHALL MOVANO,6,E01031989,0,-1
2021411044384,2021,411044384,1,19,0,18,19,4,8,0,0,8,0,0,0,0,1,1,6,6,1,-1,-1,2299,2,9,VAUXHALL MOVANO,5,E01023769,0,-1
2021461095802,2021,461095802,2,19,0,2,2,0,0,0,0,0,0,0,0,0,2,1,1,1,1,21,5,2464,2,12,VAUXHALL MOVANO,10,E01024829,0,-1
2021161071648,2021,161071648,1,19,0,18,19,2,6,0,0,0,0,0,0,0,1,1,1,1,1,37,7,2299,2,2,VAUXHALL MOVANO,4,E01027313,0,-1
2021131034781,2021,131034781,2,19,0,7,7,2,4,0,0,0,0,0,0,0,4,1,1,1,1,63,9,2299,2,4,VAUXHALL MOVANO,6,E01011728,0,-1
2021522101724,2021,522101724,1,19,0,3,3,2,6,0,0,1,0,0,0,0,2,1,6,6,1,49,8,2299,2,3,VAUXHALL MOVANO,6,E01014769,0,-1
2021010348391,2021,010348391,2,19,0,99,99,9,9,99,99,9,9,99,9,99,2,9,6,6,3,-1,-1,2299,2,4,VAUXHALL MOVANO,4,E01003343,0,-1
2021401039992,2021,401039992,1,19,0,18,19,4,8,0,0,2,0,4,0,0,1,1,1,1,1,24,5,2299,2,7,VAUXHALL MOVANO,10,E01023655,0,-1
2021430136520,2021,430136520,2,19,0,11,11,6,4,0,0,3,0,0,0,0,4,1,6,6,1,-1,-1,2299,2,4,VAUXHALL MOVANO,-1,-1,0,-1
2021010327473,2021,010327473,2,19,0,99,99,9,9,99,99,0,9,99,9,99,2,9,6,6,3,-1,-1,2299,2,1,VAUXHALL MOVANO,-1,-1,0,-1
2021010313219,2021,010313219,2,19,0,99,99,9,9,99,99,9,9,99,9,99,9,9,6,6,3,-1,-1,2299,2,11,VAUXHALL MOVANO,6,E01004017,0,-1
2021010342687,2021,010342687,1,19,0,18,19,7,3,0,0,2,0,0,0,0,3,1,1,1,1,31,6,2299,2,3,VAUXHALL MOVANO,3,E01002553,0,-1
2021622100438,2021,622100438,1,19,0,18,19,6,2,0,0,3,0,0,0,0,3,1,2,2,1,53,8,2299,2,8,VAUXHALL MOVANO,6,W01000916,0,-1
2021161125924,2021,161125924,2,19,0,2,2,1,5,0,0,1,0,0,0,0,2,1,6,6,3,63,9,2464,2,12,VAUXHALL MOVANO,-1,-1,0,-1
2021430424082,2021,430424082,1,20,0,18,19,4,8,0,0,0,0,0,0,0,1,1,1,1,1,26,6,-1,-1,-1,VAUXHALL MOVANO,10,E01023735,0,-1
2021131040276,2021,131040276,2,19,0,18,19,3,7,0,0,0,0,0,0,0,1,1,1,1,1,67,10,2299,2,2,VAUXHALL MOVANO,4,E01011019,0,-1
2021991044877,2021,991044877,2,19,0,15,15,5,1,0,0,2,1,0,0,0,4,1,1,1,1,43,7,2299,2,2,VAUXHALL MOVANO,7,-1,0,-1
2021010304110,2021,010304110,1,20,0,9,9,8,5,0,0,5,0,0,0,0,3,1,6,6,1,31,6,-1,-1,-1,VAUXHALL MOVANO,3,E01002932,0,-1
2021991057600,2021,991057600,3,19,0,2,2,0,0,0,0,0,0,0,0,0,1,1,6,6,3,-1,-1,2299,2,4,VAUXHALL MOVANO,-1,-1,0,-1
2021010340160,2021,010340160,2,19,0,3,3,5,1,0,0,0,0,0,0,0,1,1,6,6,1,43,7,2299,2,9,VAUXHALL MOVANO,4,E01033595,0,-1
2021552100043,2021,552100043,2,19,0,3,3,3,7,0,0,0,0,0,0,0,2,1,1,1,1,52,8,2299,2,7,VAUXHALL MOVANO,7,E01020576,0,-1
2021411042257,2021,411042257,2,19,0,18,19,8,4,0,0,4,0,0,0,0,1,1,1,1,1,37,7,2299,2,2,VAUXHALL MOVANO,6,E01023934,0,-1
2021131090193,2021,131090193,1,19,0,1,1,1,5,0,0,0,0,0,0,0,2,1,1,1,1,24,5,2463,2,15,VAUXHALL MOVANO,5,E01013200,0,-1
2021471117595,2021,471117595,1,19,0,4,4,6,2,0,0,2,0,0,0,0,4,1,2,2,1,41,7,2464,2,14,VAUXHALL MOVANO,5,E01031571,0,-1
2021041043145,2021,041043145,1,19,0,18,19,1,5,0,0,1,0,0,0,0,1,1,1,1,1,57,9,2464,2,13,VAUXHALL MOVANO,3,E01012750,0,-1
2021991028144,2021,991028144,1,19,0,4,4,5,1,0,0,1,0,0,0,0,1,1,1,1,1,58,9,2299,2,2,VAUXHALL MOVANO,10,-1,0,-1
2021991092134,2021,991092134,3,19,0,18,19,7,3,0,0,0,0,1,7,0,1,1,1,1,1,57,9,2299,2,0,VAUXHALL MOVANO,9,-1,0,-1
2021522200919,2021,522200919,1,19,0,9,9,2,8,0,0,8,0,0,0,0,0,1,6,6,1,48,8,2299,2,2,VAUXHALL MOVANO,8,E01014890,0,-1
2021320631790,2021,320631790,1,19,0,18,19,2,6,0,0,0,0,0,0,0,2,1,2,2,1,33,6,2299,2,8,VAUXHALL MOVANO,1,E01011130,0,-1
2021411146623,2021,411146623,1,19,0,18,19,5,1,1,1,4,0,0,0,0,4,1,1,1,1,48,8,2299,2,1,VAUXHALL MOVANO,8,E01033026,0,-1
2021070744927,2021,070744927,1,20,4,12,12,7,3,0,0,0,0,0,0,0,3,1,1,1,1,60,9,2299,2,3,VAUXHALL MOVANO,3,E01012507,0,-1
2021991039397,2021,991039397,2,19,0,17,19,1,7,0,0,8,0,0,0,0,2,1,1,1,1,63,9,2299,2,6,VAUXHALL MOVANO,6,-1,0,-1
2021522105097,2021,522105097,2,19,0,12,12,6,2,0,0,1,0,0,0,0,3,1,6,6,3,-1,-1,2299,2,10,VAUXHALL MOVANO,-1,-1,0,-1
2021501046806,2021,501046806,2,19,0,18,19,1,5,0,0,1,0,0,0,0,2,1,6,6,1,26,6,2299,2,5,VAUXHALL MOVANO,7,E01019045,0,-1
2021461064157,2021,461064157,2,19,0,2,2,4,8,0,0,0,0,0,0,0,2,1,6,6,3,-1,-1,2463,2,18,VAUXHALL MOVANO,-1,-1,0,-1
2021010301921,2021,010301921,2,19,0,18,19,3,7,0,0,0,0,0,0,0,3,1,1,1,1,41,7,2299,2,2,VAUXHALL MOVANO,-1,-1,0,-1
2021010288661,2021,010288661,1,19,9,99,99,9,9,99,99,9,9,99,9,99,9,9,6,6,1,52,8,2299,2,2,VAUXHALL MOVANO,4,E01016070,0,-1
2021122100468,2021,122100468,2,19,0,4,4,8,4,0,0,0,0,0,1,0,3,1,1,1,1,58,9,2299,2,1,VAUXHALL MOVANO,6,E01027637,0,-1
2021430312288,2021,430312288,2,19,0,3,3,2,6,0,0,1,0,0,0,0,2,1,1,1,1,54,8,2299,2,5,VAUXHALL MOVANO,3,E01022540,0,-1
2021070545150,2021,070545150,1,19,0,14,14,3,7,0,0,0,0,4,0,0,1,1,1,1,1,56,9,2299,2,6,VAUXHALL MOVANO,2,E01006832,0,-1
2021351030187,2021,351030187,1,19,0,18,19,5,1,0,0,0,0,0,0,0,1,1,1,1,1,41,7,2299,2,9,VAUXHALL MOVANO,7,E01028387,0,-1
2021451023766,2021,451023766,1,19,0,18,19,1,5,0,0,0,0,0,0,0,1,1,1,1,1,42,7,2299,2,6,VAUXHALL MOVANO,9,E01024768,0,-1
2021552100236,2021,552100236,2,19,0,18,19,3,7,0,0,0,0,0,0,0,2,1,1,1,1,61,9,2299,2,4,VAUXHALL MOVANO,10,E01020350,0,-1
2021231021158,2021,231021158,1,19,0,1,1,8,4,0,0,0,0,0,0,0,2,1,6,6,1,37,7,2464,2,13,VAUXHALL MOVANO,3,E01009553,0,-1
2021010308342,2021,010308342,1,19,0,5,5,3,7,0,0,2,0,0,0,0,4,1,1,1,1,35,6,2299,2,3,VAUXHALL MOVANO,3,E01000032,0,-1
202134WNC2511,2021,34WNC2511,1,19,0,13,13,2,6,0,0,1,0,0,0,0,1,1,1,1,1,31,6,2299,2,4,VAUXHALL MOVANO,3,E01016714,0,-1
2021122100384,2021,122100384,2,19,0,18,19,7,6,0,0,1,0,0,0,0,3,1,1,1,1,29,6,2299,2,2,VAUXHALL MOVANO,3,E01011907,0,-1
2021052100635,2021,052100635,1,19,0,13,13,3,7,0,0,0,0,0,0,0,4,1,1,1,1,44,7,2299,2,7,VAUXHALL MOVANO,1,E01006716,0,-1
2021430384136,2021,430384136,1,19,4,1,1,4,8,0,0,0,0,0,0,0,2,1,6,6,1,28,6,2299,2,5,VAUXHALL MOVANO,-1,-1,0,-1
2021302100276,2021,302100276,3,19,0,7,7,4,6,0,0,0,0,0,0,0,0,1,1,1,1,50,8,2299,2,4,VAUXHALL MOVANO,-1,-1,0,-1
2021122100585,2021,122100585,1,19,0,17,19,5,1,0,0,8,1,0,1,1,1,1,1,1,1,34,6,2299,2,9,VAUXHALL MOVANO,4,E01012607,0,-1
2021010310981,2021,010310981,3,19,0,8,8,3,5,0,0,1,0,0,0,0,1,1,1,1,1,50,8,2299,2,2,VAUXHALL MOVANO,5,E01018135,0,-1
2021010323063,2021,010323063,2,19,0,99,99,9,9,99,99,9,9,99,9,99,1,9,6,6,3,-1,-1,2464,2,14,VAUXHALL MOVANO,2,E01001482,0,-1
202131C152221,2021,31C152221,1,19,0,9,9,4,8,0,0,4,0,0,0,0,2,1,1,1,1,54,8,2299,2,7,VAUXHALL MOVANO,4,E01013936,0,-1
2021010311401,2021,010311401,1,19,0,4,4,1,5,6,6,1,0,0,0,0,4,1,1,1,1,42,7,2299,2,3,VAUXHALL MOVANO,4,E01001252,0,-1
2021543463321,2021,543463321,1,21,0,18,19,7,3,0,0,1,0,0,0,0,1,1,1,1,1,53,8,2299,2,6,VAUXHALL MOVANO,2,E01031983,0,-1
2021061130310,2021,061130310,1,19,0,18,19,5,1,0,0,1,0,0,0,0,1,1,2,2,1,40,7,2299,2,0,VAUXHALL MOVANO,1,E01005683,0,-1
2021010347198,2021,010347198,4,19,0,2,2,0,0,0,0,1,0,4,0,0,1,1,6,6,3,-1,-1,2299,2,4,VAUXHALL MOVANO,-1,-1,0,-1
2021010341310,2021,010341310,1,19,0,9,9,7,5,0,0,1,0,0,0,0,1,1,1,1,1,25,5,2299,2,0,VAUXHALL MOVANO,-1,-1,0,-1
2021010313304,2021,010313304,1,19,0,16,19,4,8,0,0,2,0,0,0,0,4,1,6,6,1,39,7,2463,2,16,VAUXHALL MOVANO,4,E01000316,0,-1
2021070202711,2021,070202711,1,19,0,18,19,4,8,0,0,0,1,0,0,0,1,1,6,6,1,-1,-1,2299,2,5,VAUXHALL MOVANO,-1,-1,0,-1
2021991069754,2021,991069754,2,19,0,2,2,0,0,6,6,0,0,0,0,0,2,1,6,6,1,43,7,2299,2,2,VAUXHALL MOVANO,2,E01019471,0,-1
20211382N0544,2021,1382N0544,1,20,0,18,19,1,5,0,0,0,5,0,1,7,4,1,1,1,1,68,10,-1,-1,-1,VAUXHALL MOVANO,8,E01011171,0,-1
2021320601256,2021,320601256,2,20,0,4,4,6,2,0,0,0,0,0,0,0,2,1,1,1,1,38,7,-1,-1,-1,VAUXHALL MOVANO,7,E01026029,0,-1
2021461119581,2021,461119581,2,19,0,2,2,0,0,0,0,0,0,0,0,0,2,1,6,6,3,-1,-1,2299,2,3,VAUXHALL MOVANO,-1,-1,0,-1
2021221059083,2021,221059083,4,19,0,3,3,3,7,0,0,0,0,0,0,0,3,1,1,1,1,45,7,2299,2,3,VAUXHALL MOVANO,8,E01009465,0,-1
2021201141616,2021,201141616,2,19,0,2,2,0,0,0,0,2,0,0,0,0,3,1,6,6,1,62,9,2299,2,8,VAUXHALL MOVANO,2,E01009233,0,-1
2021010341259,2021,010341259,1,19,0,7,7,7,1,0,0,5,0,0,0,0,4,1,1,1,1,35,6,2299,2,4,VAUXHALL MOVANO,7,E01001968,0,-1
2021320099821,2021,320099821,3,19,0,4,4,4,8,0,0,0,0,0,0,0,2,1,1,1,1,27,6,2299,2,4,VAUXHALL MOVANO,6,E01026449,0,-1
2021041014790,2021,041014790,3,19,0,2,2,0,0,9,9,0,0,0,0,0,4,1,6,6,1,34,6,2299,2,10,VAUXHALL MOVANO,1,E01024900,0,-1
2021010316836,2021,010316836,1,19,0,18,19,1,5,0,0,1,1,11,1,2,1,1,1,1,1,40,7,2299,2,8,VAUXHALL MOVANO,3,E01001763,0,-1
2021070121349,2021,070121349,2,19,0,4,4,1,5,0,0,0,0,0,2,7,2,1,1,1,1,39,7,2299,2,5,VAUXHALL MOVANO,1,E01004946,0,-1
2021411097392,2021,411097392,1,19,0,4,4,4,8,0,0,0,0,0,0,0,1,1,2,2,1,53,8,2299,2,8,VAUXHALL MOVANO,6,E01023494,0,-1
2021430250033,2021,430250033,3,19,0,18,19,8,4,0,0,0,1,0,0,0,1,1,1,1,1,69,10,2299,2,1,VAUXHALL MOVANO,4,E01018024,0,-1
2021471097987,2021,471097987,1,19,0,5,5,3,5,0,0,4,0,0,0,0,1,1,1,1,1,-1,-1,2299,2,8,VAUXHALL MOVANO,7,E01031374,0,-1
2021010297999,2021,010297999,2,19,9,99,99,9,9,99,99,9,9,99,9,99,1,9,6,6,1,57,9,2299,2,1,VAUXHALL MOVANO,5,E01023788,0,-1
2021221038133,2021,221038133,2,19,0,16,19,1,8,0,0,8,0,0,0,0,4,1,1,1,1,43,7,2299,2,5,VAUXHALL MOVANO,4,E01014019,0,-1
2021552100613,2021,552100613,1,19,0,18,19,6,2,0,0,0,0,0,0,0,4,1,1,1,1,59,9,2299,2,8,VAUXHALL MOVANO,5,E01015346,0,-1
2021471058991,2021,471058991,2,19,0,9,9,8,6,0,0,8,0,0,0,0,3,1,1,1,1,56,9,2299,2,4,VAUXHALL MOVANO,8,E01030422,0,-1
2021471091334,2021,471091334,1,19,0,1,1,0,3,0,0,1,0,0,0,0,2,1,6,6,1,36,7,2463,2,16,VAUXHALL MOVANO,3,E01031350,0,-1
2021461040740,2021,461040740,2,19,0,7,7,3,5,0,0,8,0,0,0,0,4,1,1,1,1,51,8,2299,2,4,VAUXHALL MOVANO,1,E01024658,0,-1
2021440478408,2021,440478408,2,19,0,2,2,0,0,0,0,0,0,0,0,0,3,1,6,6,3,-1,-1,2299,2,6,VAUXHALL MOVANO,-1,-1,0,-1
2021121093473,2021,121093473,1,19,0,9,9,3,1,0,0,8,0,0,0,0,0,1,6,6,3,-1,-1,2299,2,4,VAUXHALL MOVANO,-1,-1,0,-1
2021421025997,2021,421025997,2,10,0,17,19,5,1,0,0,0,0,0,0,0,1,1,1,1,1,48,8,-1,-1,-1,VAUXHALL MOVANO,2,E01021977,0,-1
2021211027210,2021,211027210,1,19,0,18,19,6,1,0,0,0,0,0,0,0,3,1,1,1,1,55,8,2299,2,4,VAUXHALL MOVANO,2,E01018485,0,-1
2021131053317,2021,131053317,1,19,0,18,19,7,3,0,0,1,0,0,0,0,1,1,1,1,1,50,8,2299,2,7,VAUXHALL MOVANO,2,E01007770,0,-1
2021201032206,2021,201032206,1,19,0,5,5,2,6,9,9,0,0,0,0,0,4,1,6,6,1,-1,-1,2299,2,3,VAUXHALL MOVANO,-1,-1,0,-1
2021411094624,2021,411094624,1,19,0,5,5,2,6,9,9,0,0,0,0,0,1,1,6,6,1,41,7,2187,2,20,VAUXHALL MOVANO,8,E01023552,0,-1
2021461111044,2021,461111044,1,19,0,18,19,5,1,0,0,0,0,0,0,0,1,1,6,6,1,64,9,2299,2,5,VAUXHALL MOVANO,7,E01021018,0,-1
2021471073157,2021,471073157,1,19,0,7,7,6,1,0,0,1,0,0,0,0,4,1,6,6,1,59,9,2299,2,9,VAUXHALL MOVANO,7,E01032618,0,-1
2021141087155,2021,141087155,1,19,0,3,3,1,5,0,0,0,0,0,0,0,2,1,1,1,1,27,6,2299,2,1,VAUXHALL MOVANO,1,E01007856,0,-1
2021010348844,2021,010348844,2,19,0,2,2,0,0,0,0,0,0,0,0,0,2,1,6,6,3,-1,-1,2299,2,9,VAUXHALL MOVANO,-1,-1,0,-1
2021070544822,2021,070544822,1,19,0,5,5,1,3,0,0,0,0,0,0,0,1,1,1,1,1,62,9,2299,2,2,VAUXHALL MOVANO,8,W01000276,0,-1
2021421086534,2021,421086534,1,19,0,7,7,1,4,0,0,5,0,0,0,0,4,1,1,1,1,51,8,2299,2,5,VAUXHALL MOVANO,4,E01001595,0,-1
2021010302607,2021,010302607,3,19,0,18,19,5,1,0,0,2,0,0,0,0,1,1,1,1,1,51,8,2299,2,4,VAUXHALL MOVANO,10,E01030607,0,-1
2021010306723,2021,010306723,2,19,0,18,19,1,5,0,0,0,0,0,0,0,1,1,1,1,1,37,7,2299,2,5,VAUXHALL MOVANO,2,E01001191,0,-1
2021041054639,2021,041054639,2,19,0,18,19,1,5,0,0,0,0,0,0,0,1,1,5,6,1,57,9,2299,2,9,VAUXHALL MOVANO,7,E01012717,0,-1
2021471043727,2021,471043727,1,19,0,3,3,6,2,0,0,0,0,0,0,0,3,1,1,1,1,28,6,2299,2,6,VAUXHALL MOVANO,3,E01022908,0,-1
2021430394438,2021,430394438,1,19,0,18,19,7,3,0,0,0,0,0,0,0,1,1,1,1,1,26,6,2299,2,5,VAUXHALL MOVANO,4,E01028604,0,-1
2021461025409,2021,461025409,1,19,0,18,19,5,1,0,0,8,0,0,0,0,3,1,2,2,1,36,7,2299,2,7,VAUXHALL MOVANO,4,E01032800,0,-1
2021411042490,2021,411042490,2,19,0,18,19,6,2,0,0,8,1,0,0,0,1,1,1,1,1,29,6,2299,2,5,VAUXHALL MOVANO,2,E01015779,0,-1
2021461091350,2021,461091350,3,19,0,18,19,5,1,0,0,0,0,0,0,0,4,1,6,6,1,43,7,2299,2,7,VAUXHALL MOVANO,10,E01000793,0,-1
2021440053021,2021,440053021,2,19,0,3,3,2,6,0,0,0,0,0,0,0,2,1,1,1,2,54,8,2464,2,13,VAUXHALL MOVANO,7,E01020509,0,-1
2021101133047,2021,101133047,1,19,0,9,9,3,1,0,0,5,0,0,0,0,1,1,6,6,1,59,9,2299,2,5,VAUXHALL MOVANO,8,E01008469,0,-1
2021411023266,2021,411023266,3,90,0,3,3,3,7,0,0,0,0,0,0,0,1,1,6,6,1,-1,-1,2299,2,7,-1,8,E01013788,0,-1
2021421073840,2021,421073840,1,19,0,18,19,2,6,0,0,0,0,0,0,0,4,1,1,1,1,38,7,2464,2,13,VAUXHALL MOVANO,7,E01002323,0,-1
202134WNC3851,2021,34WNC3851,1,19,0,16,19,1,5,0,0,0,0,0,8,7,3,1,1,1,1,32,6,2299,2,6,VAUXHALL MOVANO,3,E01027245,0,-1
2021320018327,2021,320018327,1,19,0,18,19,7,3,0,0,0,0,0,0,0,1,1,2,2,1,42,7,2299,2,9,VAUXHALL MOVANO,1,E01026312,0,-1
2021141112203,2021,141112203,1,19,0,1,1,8,4,0,0,2,0,0,0,0,2,1,1,1,1,28,6,2299,2,6,VAUXHALL MOVANO,3,E01007488,0,-1
2021221071664,2021,221071664,2,19,0,18,19,2,6,0,0,1,0,0,4,6,4,1,1,1,1,45,7,2299,2,2,VAUXHALL MOVANO,10,E01005410,0,-1
2021041122064,2021,041122064,1,19,0,1,1,7,7,9,9,5,0,0,0,0,2,1,6,6,1,78,11,2299,2,10,VAUXHALL MOVANO,4,E01012731,0,-1
2021010330905,2021,010330905,2,19,0,9,9,7,5,0,0,8,0,0,0,0,1,1,1,1,1,54,8,2299,2,2,VAUXHALL MOVANO,1,E01021500,0,-1
202134WNC0511,2021,34WNC0511,1,19,0,18,19,2,6,0,0,0,0,0,0,0,1,1,2,2,1,74,10,2299,2,11,VAUXHALL MOVANO,-1,-1,0,-1
2021010320408,2021,010320408,2,19,0,9,9,3,8,0,0,8,0,0,0,0,1,1,1,1,1,36,7,2299,2,7,VAUXHALL MOVANO,4,E01032800,0,-1
2021010347925,2021,010347925,1,19,0,18,19,7,3,0,0,1,0,0,0,0,1,1,6,6,1,37,7,2299,2,5,VAUXHALL MOVANO,2,E01000509,0,-1
2021010338210,2021,010338210,2,19,9,99,99,9,9,99,99,9,9,99,9,99,9,9,6,6,1,41,7,2299,2,0,VAUXHALL MOVANO,4,E01002876,0,-1
2021440248135,2021,440248135,3,19,0,3,3,8,4,0,0,0,0,0,0,0,2,1,1,1,1,58,9,2299,2,8,VAUXHALL MOVANO,4,E01017217,0,-1
202134WNC3761,2021,34WNC3761,1,19,0,18,19,6,2,0,0,1,1,0,0,0,1,1,1,1,1,49,8,2299,2,4,VAUXHALL MOVANO,8,E01016760,0,-1
2021041115433,2021,041115433,1,19,0,18,19,1,1,0,0,0,0,0,0,0,1,1,6,6,3,32,6,2299,2,10,VAUXHALL MOVANO,-1,-1,0,-1
2021361080756,2021,361080756,1,19,0,18,19,7,3,0,0,0,0,0,0,0,1,1,1,1,1,53,8,2299,2,3,VAUXHALL MOVANO,8,E01026517,0,-1
2021421064761,2021,421064761,2,19,0,18,19,1,5,0,0,0,0,0,0,0,1,1,6,6,1,62,9,2299,2,5,VAUXHALL MOVANO,-1,-1,0,-1
2021361093532,2021,361093532,1,19,0,18,19,2,6,0,0,0,5,0,0,0,1,1,6,6,1,45,7,2299,2,1,VAUXHALL MOVANO,1,E01024683,0,-1
2021221121966,2021,221121966,1,19,0,11,11,3,7,0,0,0,0,0,0,0,4,1,6,6,1,64,9,2299,2,4,VAUXHALL MOVANO,7,E01014131,0,-1
2021010288174,2021,010288174,1,19,0,18,19,3,7,0,0,1,1,0,0,0,1,1,6,6,1,21,5,2299,2,8,VAUXHALL MOVANO,6,E01023070,0,-1
2021991029569,2021,991029569,1,19,0,18,19,8,4,0,0,0,0,0,1,4,4,1,2,2,1,62,9,2299,2,10,VAUXHALL MOVANO,5,-1,0,-1
2021471046160,2021,471046160,2,19,0,4,4,3,7,0,0,1,0,0,0,0,2,2,1,1,1,54,8,2299,2,1,VAUXHALL MOVANO,9,E01022930,0,-1