collision_index,collision_year,collision_ref_no,vehicle_reference,vehicle_type,towing_and_articulation,vehicle_manoeuvre_historic,vehicle_manoeuvre,vehicle_direction_from,vehicle_direction_to,vehicle_location_restricted_lane_historic,vehicle_location_restricted_lane,junction_location,skidding_and_overturning,hit_object_in_carriageway,vehicle_leaving_carriageway,hit_object_off_carriageway,first_point_of_impact,vehicle_left_hand_drive,journey_purpose_of_driver_historic,journey_purpose_of_driver,sex_of_driver,age_of_driver,age_band_of_driver,engine_capacity_cc,propulsion_code,age_of_vehicle,generic_make_model,driver_imd_decile,lsoa_of_driver,escooter_flag,driver_distance_banding
2021201101151,2021,201101151,1,4,0,3,3,6,2,0,0,1,1,10,1,0,1,1,6,6,1,-1,-1,124,1,3,-1,-1,-1,0,-1
2021111131502,2021,111131502,1,9,0,18,19,1,4,0,0,1,1,0,0,0,1,1,6,6,1,30,6,-1,-1,-1,-1,3,E01020661,0,-1
2021010346105,2021,010346105,1,11,0,4,4,7,3,0,0,9,0,0,0,0,0,1,1,1,3,43,7,6692,2,11,-1,3,E01002100,0,-1
2021471086006,2021,471086006,1,9,0,16,19,3,7,0,0,0,0,0,1,0,1,1,6,6,1,19,4,1598,1,28,-1,10,E01024483,0,-1
2021430296132,2021,430296132,2,19,0,18,19,3,7,0,0,1,0,0,0,0,2,1,6,6,1,40,7,1310,1,8,-1,-1,-1,0,-1
202131D064621,2021,31D064621,3,90,0,12,12,5,1,0,0,6,0,0,0,0,2,1,1,1,1,37,7,15928,2,1,-1,6,E01026244,0,-1
2021070068154,2021,070068154,1,11,0,18,19,7,3,0,0,2,1,0,0,0,1,1,1,1,1,59,9,4461,2,11,-1,3,E01018487,0,-1
2021010318552,2021,010318552,1,3,0,4,4,1,5,0,0,2,0,4,0,0,2,1,1,1,1,28,6,-1,3,1,-1,1,E01000595,0,-1
202163A034121,2021,63A034121,3,90,0,18,19,2,6,0,0,0,0,0,0,0,3,1,1,1,1,47,8,10837,9,2,-1,7,W01000712,0,-1
2021010288240,2021,010288240,2,3,0,5,5,1,5,0,0,1,0,0,0,0,4,1,1,1,1,26,6,124,1,5,-1,5,E01000310,0,-1
2021361064646,2021,361064646,5,17,0,2,2,0,0,0,0,0,0,0,0,0,0,1,1,1,1,50,8,-1,2,4,-1,4,E01026679,0,-1
2021351093730,2021,351093730,2,22,0,9,9,1,7,0,0,5,5,0,0,0,2,1,5,6,2,78,11,-1,3,7,-1,8,E01018290,0,-1
2021361097388,2021,361097388,2,2,0,18,19,1,4,0,0,0,0,0,0,0,4,1,5,6,1,16,4,50,1,3,-1,1,E01026688,0,-1
2021471067116,2021,471067116,1,22,0,5,5,1,5,0,0,6,0,0,0,0,1,1,6,6,1,70,10,-1,3,-1,-1,5,E01031470,0,-1
2021401130675,2021,401130675,1,9,0,18,19,6,2,0,0,2,0,0,0,0,1,1,1,1,1,28,6,1995,1,19,-1,5,E01023638,0,-1
2021010340576,2021,010340576,1,2,0,18,19,7,3,0,0,1,1,0,0,0,0,1,1,1,1,24,5,-1,3,1,-1,2,E01004718,0,-1
2021421109722,2021,421109722,1,11,0,5,5,7,3,0,0,0,0,0,0,0,4,1,1,1,1,33,6,6700,2,4,-1,2,E01000091,0,-1
2021622100516,2021,622100516,1,2,0,4,4,8,3,0,0,4,0,0,0,0,2,1,2,2,2,24,5,50,1,7,-1,7,W01001947,0,-1
2021501066042,2021,501066042,2,9,0,18,19,3,7,0,0,0,0,0,0,0,1,1,5,6,2,53,8,1149,1,16,-1,9,E01019965,0,-1
2021010321088,2021,010321088,2,5,0,99,99,9,9,99,99,9,9,99,9,99,1,1,6,6,3,-1,-1,490,1,68,-1,2,E01000533,0,-1
2021991024299,2021,991024299,2,90,1,9,9,3,8,5,5,8,0,0,0,0,1,1,1,1,1,52,8,1952,2,1,-1,5,-1,0,-1
202163B091921,2021,63B091921,1,5,0,16,19,3,6,0,0,8,0,0,0,0,0,1,6,6,1,68,10,997,1,20,-1,8,W01000644,0,-1
2021010296711,2021,010296711,2,3,0,18,19,1,5,0,0,1,0,0,0,0,1,1,1,1,1,39,7,-1,3,2,-1,8,E01003455,0,-1
2021010343847,2021,010343847,1,11,0,18,19,3,7,0,0,0,0,0,0,0,0,1,1,1,1,59,9,6692,2,12,-1,3,E01033583,0,-1
2021361059220,2021,361059220,2,22,0,5,5,4,1,4,4,1,5,0,0,0,3,1,5,6,2,52,8,-1,3,-1,-1,1,E01026603,0,-1
202163C052521,2021,63C052521,2,11,0,18,19,2,6,0,0,0,0,0,0,0,3,1,6,6,1,65,9,6374,2,16,-1,7,W01000597,0,-1
2021010347538,2021,010347538,1,11,0,5,5,5,1,0,0,8,0,0,0,0,0,1,6,6,1,62,9,-1,3,3,-1,-1,-1,0,-1
2021302101690,2021,302101690,1,17,0,5,5,5,1,0,0,0,0,0,0,0,3,1,1,1,1,-1,-1,3800,2,27,-1,4,E01019503,0,-1
2021010349753,2021,010349753,2,11,0,99,99,9,9,99,99,9,9,99,9,99,2,9,6,6,1,66,10,-1,3,2,-1,2,E01002793,0,-1
2021221078479,2021,221078479,2,9,0,18,19,3,7,0,0,0,0,0,0,0,2,1,5,6,1,53,8,594,1,33,-1,8,E01009958,0,-1
2021010349116,2021,010349116,2,11,0,99,99,9,9,99,99,9,9,99,9,99,1,9,6,6,1,40,7,-1,3,3,-1,5,E01003359,0,-1
2021010311656,2021,010311656,1,11,0,4,4,5,1,0,0,0,0,0,0,0,0,1,1,1,1,54,8,6692,2,12,-1,2,E01000096,0,-1
202163A010821,2021,63A010821,2,90,0,17,19,7,4,0,0,0,0,0,0,0,2,1,2,2,1,65,9,7200,2,12,-1,7,W01000642,0,-1
2021451113955,2021,451113955,1,9,0,17,19,1,5,0,0,0,1,0,7,3,1,1,1,1,1,54,8,1796,1,20,-1,6,E01030995,0,-1
2021552101173,2021,552101173,1,9,0,9,9,8,6,0,0,6,0,0,0,0,3,1,6,6,1,68,10,2295,1,22,-1,2,E01015277,0,-1
2021010328595,2021,010328595,1,11,0,5,5,5,1,0,0,0,0,0,1,0,0,1,1,1,1,63,9,6692,2,12,-1,4,E01015907,0,-1
2021531011680,2021,531011680,1,9,0,1,1,6,2,0,0,0,0,0,0,0,2,1,5,6,1,89,11,1360,1,13,-1,8,E01022463,0,-1
2021010347610,2021,010347610,1,11,0,9,9,3,8,0,0,8,0,4,7,5,1,1,1,1,1,63,9,6692,2,11,-1,5,E01000274,0,-1
2021010294413,2021,010294413,2,11,0,12,12,5,1,2,2,0,0,0,0,0,1,1,1,1,1,61,9,-1,3,3,-1,2,E01000315,0,-1
2021010339830,2021,010339830,2,9,0,4,4,5,1,0,0,1,0,0,0,0,1,1,6,6,2,35,6,1598,1,15,-1,6,E01032011,0,-1
2021010314824,2021,010314824,1,11,0,18,19,3,7,0,0,8,0,0,0,0,4,1,1,1,1,62,9,6692,2,11,-1,2,E01002096,0,-1
2021010337969,2021,010337969,1,9,0,9,9,7,5,0,0,4,0,0,1,11,2,1,6,6,2,78,11,1587,1,21,-1,10,E01032624,0,-1
2021522105298,2021,522105298,1,9,0,6,6,8,8,0,0,0,0,0,0,0,2,1,1,1,1,33,6,1299,1,20,-1,7,W01001594,0,-1
2021471016356,2021,471016356,1,9,0,18,19,6,2,0,0,1,0,0,0,0,1,1,6,6,3,-1,-1,2490,2,25,-1,-1,-1,0,-1
2021430318282,2021,430318282,2,9,0,16,19,1,4,0,0,0,0,0,0,0,3,1,6,6,1,-1,-1,1998,1,20,-1,-1,-1,0,-1
2021440447077,2021,440447077,1,4,0,18,19,8,4,0,0,0,0,0,0,0,0,1,6,6,1,77,11,499,1,67,-1,8,E01022918,0,-1
2021010318007,2021,010318007,1,9,5,99,99,9,9,99,99,9,9,99,9,99,9,9,6,6,1,45,7,-1,-1,-1,-1,9,E01000410,0,-1
2021302101506,2021,302101506,1,5,0,12,12,6,2,0,0,8,0,0,0,0,4,1,6,6,1,64,9,998,1,69,-1,5,E01013680,0,-1
2021461064442,2021,461064442,1,22,0,17,19,1,3,0,0,0,0,0,0,0,4,1,6,6,1,32,6,-1,3,1,-1,3,E01024103,0,-1
2021201118441,2021,201118441,2,9,0,18,19,6,2,0,0,8,0,0,0,0,3,1,6,6,1,25,5,1781,1,21,-1,2,E01009725,0,-1
2021010296109,2021,010296109,1,11,0,18,19,1,5,2,2,8,0,0,0,0,0,1,1,1,1,63,9,-1,3,4,-1,5,E01001718,0,-1
2021471091199,2021,471091199,1,22,0,5,5,8,4,0,0,0,5,10,0,0,4,1,5,6,1,63,9,-1,3,2,-1,4,E01020915,0,-1
2021010303844,2021,010303844,2,9,0,18,19,7,3,0,0,1,0,0,0,0,1,2,2,2,1,54,8,1600,1,49,-1,5,E01000281,0,-1
2021351052902,2021,351052902,1,9,0,16,19,2,6,0,0,0,1,0,1,4,3,1,6,6,1,32,6,1993,1,40,-1,2,E01033111,0,-1
2021430531969,2021,430531969,2,11,0,18,19,8,4,0,0,0,0,0,0,0,1,1,3,7,2,67,10,11967,2,17,-1,6,E01028813,0,-1
2021010343829,2021,010343829,1,11,0,5,5,5,1,0,0,1,0,0,0,0,0,1,1,1,1,35,6,6692,2,11,-1,4,E01002103,0,-1
2021302100872,2021,302100872,2,9,0,7,7,6,8,0,0,1,0,0,0,0,1,1,6,6,1,-1,-1,1149,1,15,-1,3,E01019459,0,-1
202134NNC0051,2021,34NNC0051,1,9,0,18,19,5,1,0,0,8,1,0,0,0,1,1,6,6,1,26,6,-1,-1,-1,-1,6,E01027079,0,-1
2021401053512,2021,401053512,1,9,0,17,19,8,4,0,0,0,0,0,7,4,1,1,5,6,1,20,4,1596,1,20,-1,5,E01016771,0,-1
2021010319119,2021,010319119,1,3,0,8,8,7,2,9,9,1,0,0,1,11,3,1,1,1,1,24,5,-1,3,1,-1,3,E01003938,0,-1
2021010351365,2021,010351365,1,11,0,5,5,3,7,0,0,0,0,0,0,0,0,1,1,1,1,52,8,-1,3,4,-1,5,E01004076,0,-1
2021010348387,2021,010348387,1,11,0,5,5,0,1,2,2,0,0,0,0,0,0,1,1,1,1,34,6,-1,3,2,-1,5,E01000474,0,-1
2021471065358,2021,471065358,2,9,0,8,8,8,2,0,0,2,0,0,0,0,2,1,5,6,1,44,7,850,1,58,-1,5,E01031663,0,-1
2021070885509,2021,070885509,2,3,0,18,19,2,6,0,0,8,0,0,0,0,1,1,6,6,1,39,7,125,1,14,-1,10,E01018349,0,-1
2021122100945,2021,122100945,1,4,0,7,7,7,3,0,0,0,0,11,0,0,1,1,6,6,1,75,10,248,1,67,-1,6,E01027868,0,-1
2021531078877,2021,531078877,1,9,0,16,19,6,7,0,0,0,5,0,0,0,1,1,2,2,1,56,9,1900,2,19,-1,4,E01014072,0,-1
2021302100158,2021,302100158,2,17,0,9,9,4,8,0,0,0,5,0,0,0,3,1,1,1,1,36,7,4500,2,14,-1,4,E01019773,0,-1
2021161113745,2021,161113745,2,4,0,18,19,8,4,0,0,8,1,0,0,0,1,1,5,6,1,20,4,450,1,17,-1,9,E01013121,0,-1
2021401052824,2021,401052824,1,3,0,9,9,1,1,0,0,0,1,0,0,0,3,1,5,6,1,18,4,-1,-1,-1,-1,3,E01017522,0,-1
2021501051633,2021,501051633,1,9,0,13,13,5,1,0,0,0,1,0,0,0,1,1,5,6,1,67,10,1998,1,14,-1,5,E01020325,0,-1
2021211096353,2021,211096353,2,22,0,18,19,6,2,0,0,6,5,0,0,0,4,1,5,6,1,89,11,-1,3,10,-1,4,E01029740,0,-1
2021221093515,2021,221093515,2,9,0,18,19,6,2,0,0,8,0,0,0,0,1,1,2,2,2,19,4,1597,1,36,-1,8,E01032276,0,-1
2021010348296,2021,010348296,1,11,0,3,3,3,7,0,0,0,0,0,0,0,0,1,6,6,1,41,7,6692,2,12,-1,4,E01016011,0,-1
2021161028033,2021,161028033,2,9,0,2,2,6,4,0,0,0,0,0,0,0,4,1,6,6,3,-1,-1,998,1,19,-1,-1,-1,0,-1
2021010299762,2021,010299762,5,9,0,2,2,0,0,9,9,1,0,0,0,0,3,1,6,6,3,-1,-1,998,1,20,-1,-1,-1,0,-1
2021010341366,2021,010341366,1,11,0,18,19,7,3,0,0,1,0,0,0,0,2,1,1,1,1,57,9,6692,2,11,-1,6,E01001040,0,-1
2021010315830,2021,010315830,1,9,0,18,19,2,6,0,0,2,0,4,0,0,1,1,6,6,1,58,9,1596,1,19,-1,6,E01001590,0,-1
2021471065409,2021,471065409,2,3,0,9,9,2,8,0,0,6,0,0,0,0,3,1,6,6,1,18,4,124,1,4,-1,5,E01031519,0,-1
2021201102960,2021,201102960,2,3,0,18,19,1,5,0,0,8,0,0,0,0,1,1,6,6,1,63,9,-1,3,6,-1,7,E01033243,0,-1
2021545368821,2021,545368821,1,9,0,13,13,6,2,0,0,0,0,0,0,0,1,1,6,6,1,55,8,5686,1,32,-1,5,E01032068,0,-1
2021411156897,2021,411156897,1,11,0,18,19,7,3,0,0,3,0,0,0,0,4,1,1,1,1,28,6,5900,2,13,-1,7,E01023736,0,-1
2021501113161,2021,501113161,1,3,0,17,19,3,8,0,0,2,0,10,1,0,4,1,2,2,1,26,6,124,1,5,-1,2,E01015210,0,-1
2021421031868,2021,421031868,4,9,0,18,19,8,4,0,0,0,0,0,0,0,1,1,5,6,1,34,6,2972,1,30,-1,8,E01022052,0,-1
2021421094195,2021,421094195,2,11,0,18,19,7,3,0,0,1,0,0,0,0,1,1,1,1,1,36,7,8268,2,18,-1,1,E01021325,0,-1
2021440420221,2021,440420221,2,5,0,18,19,7,3,0,0,1,0,0,0,0,4,1,6,6,1,53,8,1966,1,16,-1,10,E01022625,0,-1
2021010302923,2021,010302923,1,11,0,9,9,1,7,2,2,6,0,0,0,0,1,1,1,1,1,50,8,-1,3,3,-1,8,E01004593,0,-1
2021361087372,2021,361087372,2,90,0,18,19,1,6,0,0,1,0,0,0,0,1,1,1,1,1,31,6,8703,2,11,-1,4,E01026841,0,-1
2021461121290,2021,461121290,2,9,0,13,13,2,6,0,0,8,0,0,0,0,4,1,5,6,1,18,4,1590,1,30,-1,4,E01024665,0,-1
202131C068321,2021,31C068321,2,3,0,16,19,6,8,0,0,0,0,0,0,0,3,1,6,6,1,18,4,124,1,4,-1,2,E01013891,0,-1
2021622100070,2021,622100070,1,3,0,16,19,8,2,0,0,1,1,0,0,0,3,1,2,2,1,17,4,-1,-1,-1,-1,4,W01001061,0,-1
2021440315226,2021,440315226,2,3,0,18,19,6,2,0,0,0,0,0,0,0,1,1,6,6,1,66,10,500,1,-1,-1,9,E01022642,0,-1
2021111053896,2021,111053896,2,9,0,4,4,3,7,0,0,1,0,0,0,0,2,1,5,6,1,51,8,1600,1,30,-1,3,E01008718,0,-1
2021131105352,2021,131105352,2,3,0,18,19,7,3,0,0,8,0,0,0,0,1,1,5,6,1,33,6,124,1,5,-1,3,E01011016,0,-1
2021010340177,2021,010340177,1,11,0,4,4,2,6,2,2,0,0,0,0,0,0,1,1,1,1,54,8,6692,2,12,-1,4,E01016011,0,-1
2021010341914,2021,010341914,1,11,0,18,19,1,5,3,2,0,0,0,0,0,0,1,1,1,1,38,7,6692,2,12,-1,2,E01021319,0,-1
2021461061610,2021,461061610,1,2,0,18,19,1,2,0,0,1,0,4,0,0,1,1,6,6,1,16,4,49,1,4,-1,5,E01024623,0,-1
2021440332211,2021,440332211,1,2,0,3,3,2,5,0,0,0,0,0,0,0,2,1,6,6,1,23,5,49,1,13,-1,3,E01017111,0,-1
2021010308833,2021,010308833,1,11,0,99,99,9,9,99,99,9,0,0,0,0,0,1,1,1,3,-1,-1,6692,2,11,-1,3,E01002695,0,-1
2021101102786,2021,101102786,2,11,0,18,19,7,3,2,2,0,0,0,0,0,4,1,1,1,1,63,9,6692,2,12,-1,3,E01027537,0,-1
2021302100630,2021,302100630,2,19,0,18,19,2,6,0,0,0,0,0,0,0,3,1,6,6,2,68,10,-1,-1,-1,-1,7,E01002972,0,-1
2021131040665,2021,131040665,2,5,0,4,4,2,6,0,0,8,0,0,0,0,2,1,6,6,1,22,5,124,1,1,-1,2,E01011255,0,-1
2021010315927,2021,010315927,1,3,0,99,99,9,9,99,99,9,9,99,9,99,9,1,2,2,1,21,5,125,1,18,-1,7,E01033314,0,-1
2021010316087,2021,010316087,1,4,0,4,4,1,5,0,0,1,1,0,0,0,1,1,6,6,1,17,4,125,1,6,-1,9,E01002110,0,-1
2021010338841,2021,010338841,2,11,0,5,5,1,5,0,0,2,0,0,0,0,4,1,1,1,2,54,8,6692,2,12,-1,1,E01021317,0,-1
2021010317559,2021,010317559,3,11,0,5,5,5,1,0,0,0,0,0,0,0,4,1,1,1,1,29,6,-1,3,3,-1,2,E01004011,0,-1
2021010306020,2021,010306020,1,2,0,99,99,9,9,99,99,0,9,99,9,99,2,1,6,6,1,47,8,50,1,1,-1,5,E01001658,0,-1
2021440211417,2021,440211417,1,3,0,4,4,8,6,0,0,1,0,0,0,0,2,1,6,6,1,17,4,125,1,-1,-1,5,E01017324,0,-1
2021010332222,2021,010332222,1,11,0,17,19,7,3,0,0,1,0,0,0,0,3,1,1,1,1,40,7,6692,2,11,-1,6,E01001040,0,-1
2021031089187,2021,031089187,1,9,0,16,19,2,5,0,0,0,2,10,0,0,1,1,5,6,1,21,5,1600,1,31,-1,5,E01019278,0,-1
2021010293037,2021,010293037,1,9,0,9,9,3,8,0,0,8,0,0,0,0,1,1,6,6,2,58,9,-1,-1,-1,-1,2,E01003044,0,-1
2021501104493,2021,501104493,1,2,0,4,4,1,5,0,0,1,0,0,0,0,0,1,6,6,1,29,6,49,1,2,-1,3,E01020048,0,-1
2021010337910,2021,010337910,1,11,0,18,19,5,1,0,0,0,0,0,0,0,1,1,1,1,1,46,8,-1,2,-1,-1,6,E01016509,0,-1
2021991079502,2021,991079502,1,2,0,4,4,5,1,0,0,1,1,0,0,0,3,1,6,6,1,41,7,49,1,5,-1,1,-1,0,-1
202163A033321,2021,63A033321,3,9,0,10,10,8,7,0,0,8,0,0,0,0,2,1,6,6,2,46,8,1796,1,20,-1,4,W01000683,0,-1
2021201058900,2021,201058900,3,11,0,5,5,7,3,0,0,1,0,0,0,0,1,1,1,1,1,56,9,8268,2,17,-1,5,E01010431,0,-1
2021430352702,2021,430352702,2,9,0,18,19,1,5,0,0,8,0,0,0,0,4,1,6,6,1,37,7,-1,-1,-1,-1,3,E01016834,0,-1
2021010351634,2021,010351634,1,11,0,18,19,5,1,0,0,1,0,0,0,0,1,1,6,6,3,-1,-1,-1,3,5,-1,-1,-1,0,-1
2021131069759,2021,131069759,1,22,0,18,19,6,2,9,9,0,0,0,0,0,1,1,5,6,1,74,10,-1,3,1,-1,6,E01010969,0,-1
2021010340577,2021,010340577,2,11,0,9,9,7,5,0,0,8,0,0,0,0,1,1,1,1,1,28,6,-1,3,3,-1,2,E01004283,0,-1
2021461090473,2021,461090473,1,9,0,15,15,3,7,0,0,1,0,0,0,0,3,1,6,6,1,41,7,1192,1,19,-1,3,E01024549,0,-1
2021010327688,2021,010327688,2,11,0,18,19,3,7,0,0,8,0,0,0,0,3,1,1,1,1,42,7,6692,2,12,-1,7,E01015979,0,-1
2021010349729,2021,010349729,1,11,0,1,1,1,5,0,0,1,0,7,6,11,2,1,1,1,1,54,8,-1,3,4,-1,4,E01020973,0,-1
20211383M0260,2021,1383M0260,2,11,0,5,5,7,3,0,0,0,0,0,0,0,1,1,1,1,1,54,8,7300,2,16,-1,2,E01010778,0,-1
2021471065405,2021,471065405,1,9,0,16,19,3,5,0,0,0,0,0,0,0,1,1,5,6,1,79,11,2495,2,21,-1,6,E01021198,0,-1
2021010343486,2021,010343486,2,2,0,18,19,5,1,0,0,1,0,0,0,0,1,1,1,1,1,23,5,-1,3,0,-1,2,E01004223,0,-1
202131D148321,2021,31D148321,2,3,0,18,19,4,8,0,0,8,0,0,0,0,1,1,1,1,1,27,6,125,1,0,-1,3,E01013915,0,-1
2021320441341,2021,320441341,1,9,0,16,19,5,1,0,0,0,1,0,0,0,1,1,6,6,1,59,9,2000,1,10,-1,9,E01018159,0,-1
2021010339019,2021,010339019,1,11,0,9,9,4,1,0,0,6,0,0,0,0,3,1,6,6,1,43,7,-1,3,4,-1,2,E01033148,0,-1
2021010304664,2021,010304664,2,9,0,18,19,1,5,0,0,8,0,0,0,0,1,1,6,6,1,34,6,1595,1,20,-1,3,E01002768,0,-1
2021010323075,2021,010323075,1,11,0,18,19,1,5,0,0,8,0,0,0,0,1,1,1,1,1,35,6,6692,2,12,-1,4,E01001173,0,-1
2021201110031,2021,201110031,2,3,0,18,19,8,4,0,0,8,0,0,1,0,1,1,2,2,1,32,6,124,1,4,-1,2,E01009955,0,-1
2021622100521,2021,622100521,1,9,0,7,7,6,8,0,0,0,0,0,0,0,1,1,6,6,2,41,7,-1,-1,-1,-1,7,W01000997,0,-1
2021131088146,2021,131088146,2,5,0,18,19,1,5,0,0,0,0,0,0,0,3,1,5,6,1,54,8,1100,1,16,-1,9,E01011177,0,-1
2021041037992,2021,041037992,2,9,0,9,9,3,7,0,0,0,0,0,7,0,2,1,5,6,2,57,9,1588,1,19,-1,10,E01025353,0,-1
2021361070211,2021,361070211,2,3,0,11,11,5,1,0,0,0,0,0,0,0,4,1,5,6,1,21,5,124,1,5,-1,1,E01026604,0,-1
2021302101415,2021,302101415,1,9,0,16,19,4,8,0,0,0,1,0,1,9,1,1,6,6,1,36,7,900,1,13,-1,5,E01013587,0,-1
2021401125745,2021,401125745,2,9,0,12,12,-1,-1,0,0,1,0,0,0,0,2,1,6,6,1,24,5,1994,1,20,-1,2,E01017539,0,-1
2021010335751,2021,010335751,1,11,0,18,19,1,5,0,0,0,0,0,0,0,0,2,1,1,1,42,7,6692,2,11,-1,-1,-1,0,-1
2021548550821,2021,548550821,1,9,0,18,19,3,7,0,0,0,2,10,0,0,4,1,6,6,1,70,10,980,1,89,-1,9,E01022547,0,-1
2021010294741,2021,010294741,2,9,0,2,2,0,0,0,0,0,0,0,0,0,2,1,6,6,3,-1,-1,1242,1,34,-1,-1,-1,0,-1
20211383M0917,2021,1383M0917,1,5,0,18,19,2,5,0,0,2,0,12,0,0,3,1,6,6,1,61,9,1000,1,-1,-1,6,E01010920,0,-1
2021351077842,2021,351077842,1,9,0,18,19,-1,-1,0,0,0,0,0,0,0,3,1,6,6,3,-1,-1,1098,1,-1,-1,-1,-1,0,-1
2021010302351,2021,010302351,1,11,0,18,19,5,1,0,0,2,0,0,0,0,0,1,1,1,2,29,6,6692,2,11,-1,1,E01002758,0,-1
2021302100789,2021,302100789,1,9,0,18,19,8,4,0,0,1,0,0,0,0,1,1,6,6,1,35,6,2490,1,25,-1,2,E01013571,0,-1
2021552101093,2021,552101093,2,3,0,18,19,2,6,0,0,0,0,0,1,0,2,1,2,2,1,50,8,125,1,5,-1,9,E01020414,0,-1
2021010349586,2021,010349586,2,3,9,99,99,9,9,99,99,9,9,99,9,99,1,1,6,6,1,35,6,125,1,5,-1,4,E01033730,0,-1
2021161032164,2021,161032164,1,3,0,17,19,2,8,0,0,0,0,10,0,0,3,1,6,6,1,73,10,125,1,6,-1,3,E01013238,0,-1
2021430037794,2021,430037794,1,3,0,13,13,4,8,0,0,1,0,0,0,0,1,1,6,6,1,68,10,125,1,7,-1,3,E01028543,0,-1
2021430450568,2021,430450568,1,2,0,18,19,4,8,0,0,0,0,0,0,0,1,1,6,6,1,17,4,124,1,6,-1,8,E01017912,0,-1
2021471045036,2021,471045036,1,3,0,18,19,7,3,0,0,0,0,0,0,0,1,1,5,6,2,21,5,125,1,2,-1,1,E01020993,0,-1
2021161089745,2021,161089745,1,3,0,16,19,7,3,0,0,0,0,0,0,0,1,1,5,6,1,17,4,125,1,2,-1,3,E01012992,0,-1
2021552100639,2021,552100639,1,3,0,5,5,2,6,0,0,0,0,0,0,0,1,1,1,1,1,28,6,113,1,1,SUZUKI UK 110,2,E01015367,0,-1
2021401062154,2021,401062154,1,3,0,18,19,4,8,0,0,0,0,0,1,0,0,1,5,6,1,37,7,113,1,0,SUZUKI UK 110,8,E01018174,0,-1
2021010300033,2021,010300033,1,3,0,18,19,7,3,0,0,0,1,10,1,0,1,1,6,6,1,40,7,113,1,3,SUZUKI UK 110,1,E01001558,0,-1
2021211083941,2021,211083941,2,2,0,18,19,5,1,0,0,6,0,0,0,0,1,1,2,2,1,59,9,113,1,3,-1,7,E01029721,0,-1
2021501046260,2021,501046260,1,3,0,4,4,2,6,0,0,0,1,0,0,0,3,1,6,6,1,24,5,113,1,1,SUZUKI UK 110,4,E01020291,0,-1
2021122101415,2021,122101415,1,3,0,18,19,2,6,0,0,0,0,10,0,0,0,1,2,2,2,53,8,113,1,3,SUZUKI UK 110,3,E01013444,0,-1
2021471085432,2021,471085432,1,3,0,13,13,1,5,0,0,1,0,0,0,0,1,1,1,1,1,52,8,113,1,5,SUZUKI UK 110,5,E01016991,0,-1
2021010289622,2021,010289622,1,3,0,99,99,9,9,99,99,9,9,99,9,99,9,1,6,6,1,22,5,113,1,1,SUZUKI UK 110,2,E01001893,0,-1
2021010344901,2021,010344901,2,3,0,18,19,7,3,0,0,1,0,0,0,0,3,1,1,1,1,22,5,113,1,5,SUZUKI UK 110,3,E01001467,0,-1
2021010351955,2021,010351955,1,2,0,18,19,7,3,0,0,1,0,0,0,0,1,1,6,6,1,30,6,113,1,2,SUZUKI UK 110,4,E01003322,0,-1
2021010308534,2021,010308534,1,3,0,17,19,8,4,0,0,1,0,0,0,0,0,1,2,2,1,29,6,113,1,0,SUZUKI UK 110,5,E01003480,0,-1
2021302100740,2021,302100740,1,3,0,18,19,8,4,0,0,0,0,0,0,0,3,1,6,6,1,19,4,113,1,5,SUZUKI UK 110,2,E01013581,0,-1
2021010308089,2021,010308089,1,3,0,18,19,5,1,0,0,1,0,0,0,0,1,1,6,6,1,25,5,113,1,2,SUZUKI UK 110,-1,-1,0,-1
2021010319819,2021,010319819,1,3,0,5,5,6,2,0,0,0,0,8,0,0,4,1,6,6,1,27,6,113,1,6,SUZUKI UK 110,3,E01001242,0,-1
2021421078329,2021,421078329,2,3,0,3,3,4,8,0,0,4,0,0,0,0,2,1,2,2,1,54,8,113,1,3,SUZUKI UK 110,-1,-1,0,-1
2021371087398,2021,371087398,2,3,0,13,13,7,3,0,0,8,5,0,0,0,1,1,1,1,1,40,7,113,1,3,SUZUKI UK 110,1,E01033129,0,-1
2021010318019,2021,010318019,1,3,0,99,99,9,9,99,99,0,9,99,9,99,1,9,2,2,1,40,7,113,1,3,SUZUKI UK 110,6,E01003153,0,-1
2021010326067,2021,010326067,2,3,0,13,13,3,7,0,0,1,0,0,0,0,4,1,6,6,1,25,5,113,1,1,SUZUKI UK 110,3,E01000642,0,-1
2021461129373,2021,461129373,2,3,0,18,19,5,1,0,0,1,0,0,0,0,4,1,6,6,1,35,6,113,1,5,SUZUKI UK 110,9,E01024832,0,-1
2021031193335,2021,031193335,1,3,0,18,19,1,5,0,0,0,1,0,1,10,3,1,6,6,1,21,5,113,1,3,SUZUKI UK 110,3,E01019135,0,-1
2021501113807,2021,501113807,2,3,0,10,10,0,0,0,0,1,0,0,0,0,3,1,1,1,2,27,6,113,1,1,SUZUKI UK 110,5,E01015237,0,-1
2021010316846,2021,010316846,1,3,0,18,19,5,1,0,0,0,0,0,0,0,1,1,6,6,1,29,6,113,1,2,SUZUKI UK 110,8,E01033580,0,-1