collision_index,collision_year,collision_ref_no,vehicle_reference,vehicle_type,towing_and_articulation,vehicle_manoeuvre_historic,vehicle_manoeuvre,vehicle_direction_from,vehicle_direction_to,vehicle_location_restricted_lane_historic,vehicle_location_restricted_lane,junction_location,skidding_and_overturning,hit_object_in_carriageway,vehicle_leaving_carriageway,hit_object_off_carriageway,first_point_of_impact,vehicle_left_hand_drive,journey_purpose_of_driver_historic,journey_purpose_of_driver,sex_of_driver,age_of_driver,age_band_of_driver,engine_capacity_cc,propulsion_code,age_of_vehicle,generic_make_model,driver_imd_decile,lsoa_of_driver,escooter_flag,driver_distance_banding
2021622200034,2021,622200034,2,9,0,18,19,2,6,0,0,4,0,0,0,0,1,1,6,6,1,17,4,1197,1,4,VOLKSWAGEN POLO,4,W01000891,0,-1
2021461175976,2021,461175976,2,9,0,18,19,5,1,0,0,0,0,0,0,0,3,1,6,6,1,40,7,1390,1,14,VOLKSWAGEN POLO,4,E01024142,0,-1
2021010338705,2021,010338705,2,9,0,99,99,9,9,99,99,9,9,99,9,99,9,9,6,6,2,65,9,999,1,5,VOLKSWAGEN POLO,3,E01000164,0,-1
2021991114652,2021,991114652,1,9,0,17,19,7,3,0,0,0,2,0,1,0,1,1,2,2,2,29,6,1197,1,6,VOLKSWAGEN POLO,7,-1,0,-1
2021131091588,2021,131091588,1,9,0,18,19,5,1,0,0,0,0,0,0,0,1,1,5,6,2,18,4,999,1,3,VOLKSWAGEN POLO,8,E01011115,0,-1
2021531056844,2021,531056844,1,9,0,5,5,3,7,0,0,6,0,0,0,0,4,1,5,6,2,19,4,1198,1,9,VOLKSWAGEN POLO,7,E01015582,0,-1
2021101110780,2021,101110780,1,9,0,16,19,7,3,0,0,0,1,0,7,0,1,1,5,6,2,22,5,1390,1,9,VOLKSWAGEN POLO,5,E01027477,0,-1
2021201146950,2021,201146950,2,9,0,5,5,2,6,0,0,0,0,0,0,0,1,1,6,6,2,38,7,1400,1,14,VOLKSWAGEN POLO,2,E01009029,0,-1
2021461035343,2021,461035343,1,9,0,5,5,2,6,0,0,4,0,0,0,0,3,1,2,2,1,30,6,1390,1,17,VOLKSWAGEN POLO,3,E01024218,0,-1
202131A005121,2021,31A005121,1,9,0,9,9,3,1,0,0,6,0,0,0,0,1,1,6,6,2,73,10,999,1,2,VOLKSWAGEN POLO,3,E01028232,0,-1
2021451028673,2021,451028673,1,9,0,5,5,1,3,0,0,6,0,0,0,0,3,1,5,6,2,51,8,1198,1,12,VOLKSWAGEN POLO,8,E01030648,0,-1
2021010306594,2021,010306594,1,9,0,5,5,0,1,0,0,1,0,0,0,0,1,1,6,6,1,20,4,999,1,4,VOLKSWAGEN POLO,3,E01001240,0,-1
2021461068176,2021,461068176,2,9,0,18,19,3,7,0,0,0,0,0,0,0,1,1,6,6,1,22,5,1198,1,16,VOLKSWAGEN POLO,7,E01024203,0,-1
2021221020894,2021,221020894,2,9,0,18,19,4,8,0,0,8,0,0,0,0,1,1,5,6,2,68,10,1198,1,8,VOLKSWAGEN POLO,9,E01014170,0,-1
2021471034739,2021,471034739,2,9,0,4,4,6,2,0,0,0,0,0,0,0,2,1,6,6,1,20,4,999,1,3,VOLKSWAGEN POLO,8,E01031642,0,-1
2021131116913,2021,131116913,1,9,0,18,19,5,1,0,0,1,0,4,0,0,1,1,5,6,2,20,4,1598,2,11,VOLKSWAGEN POLO,2,E01010722,0,-1
2021010318539,2021,010318539,2,8,0,99,99,9,9,99,99,0,9,99,9,99,9,9,6,6,3,45,7,1197,1,4,VOLKSWAGEN POLO,3,E01004031,0,-1
2021231079755,2021,231079755,1,9,0,9,9,5,3,0,0,8,0,0,0,0,2,1,6,6,1,28,6,1197,1,5,VOLKSWAGEN POLO,3,E01003388,0,-1
2021411119085,2021,411119085,1,9,0,5,5,8,4,0,0,8,0,0,0,0,3,1,2,2,2,18,4,1198,1,11,VOLKSWAGEN POLO,10,E01023483,0,-1
2021131080847,2021,131080847,2,9,0,5,5,1,4,0,0,0,0,0,0,0,2,1,5,6,2,20,4,1390,1,12,VOLKSWAGEN POLO,9,E01011306,0,-1
2021461025544,2021,461025544,1,9,0,18,19,4,8,0,0,1,5,10,1,0,3,1,6,6,1,20,4,1390,1,22,VOLKSWAGEN POLO,6,E01024460,0,-1
2021010351237,2021,010351237,1,9,0,99,99,9,9,0,0,8,0,0,0,0,2,1,2,2,1,45,7,1800,1,14,VOLKSWAGEN POLO,2,E01018091,0,-1
20211382A0432,2021,1382A0432,1,9,0,9,9,3,7,0,0,2,0,0,0,0,1,1,6,6,2,24,5,1198,1,7,VOLKSWAGEN POLO,1,E01010826,0,-1
2021461136674,2021,461136674,1,9,0,18,19,8,8,0,0,0,0,0,0,0,1,1,5,6,2,64,9,1390,1,11,VOLKSWAGEN POLO,5,E01024531,0,-1
2021061051912,2021,061051912,1,9,0,18,19,3,7,0,0,0,0,0,0,0,1,1,2,2,2,31,6,1422,2,7,VOLKSWAGEN POLO,1,E01005680,0,-1
2021451053732,2021,451053732,1,9,0,16,19,3,7,0,0,0,0,0,0,0,1,1,5,6,1,22,5,999,1,2,VOLKSWAGEN POLO,10,E01030532,0,-1
2021010314660,2021,010314660,1,9,0,2,2,0,0,0,0,2,9,0,0,99,2,9,6,6,2,66,10,1198,1,13,VOLKSWAGEN POLO,3,E01001263,0,-1
2021010319851,2021,010319851,1,9,0,18,19,3,7,0,0,8,0,0,0,0,4,1,6,6,1,67,10,1390,1,12,VOLKSWAGEN POLO,9,E01004504,0,-1
2021991044463,2021,991044463,1,9,0,9,9,8,5,0,0,1,0,0,0,0,3,1,5,6,2,25,5,999,1,1,VOLKSWAGEN POLO,-1,-1,0,-1
2021991061890,2021,991061890,2,9,0,18,19,1,5,0,0,8,0,0,0,0,1,1,5,6,1,24,5,999,1,0,VOLKSWAGEN POLO,1,-1,0,-1
2021501063688,2021,501063688,1,9,0,9,9,2,8,0,0,5,0,0,0,0,3,1,5,6,1,70,10,1395,1,6,VOLKSWAGEN POLO,6,E01020181,0,-1
2021201045896,2021,201045896,3,9,0,18,19,8,4,0,0,0,0,0,1,0,1,1,6,6,1,64,9,1198,1,19,VOLKSWAGEN POLO,8,E01010540,0,-1
2021351114182,2021,351114182,2,9,0,18,19,6,6,0,0,8,0,0,1,0,3,1,2,2,2,39,7,1198,1,9,VOLKSWAGEN POLO,9,E01018012,0,-1
2021010302176,2021,010302176,2,9,0,18,19,3,7,0,0,0,0,0,0,0,1,1,6,6,3,-1,-1,1197,1,4,VOLKSWAGEN POLO,-1,-1,0,-1
2021131103880,2021,131103880,1,9,0,18,19,4,8,0,0,8,0,0,0,0,-1,1,6,6,1,-1,-1,1400,2,14,VOLKSWAGEN POLO,-1,-1,0,-1
2021451089413,2021,451089413,1,9,0,18,19,7,3,0,0,0,1,0,0,0,1,1,2,2,1,24,5,999,1,6,VOLKSWAGEN POLO,4,E01031608,0,-1
2021430506034,2021,430506034,2,9,0,4,4,8,4,0,0,1,0,0,0,0,2,1,6,6,2,21,5,999,1,1,VOLKSWAGEN POLO,7,E01016740,0,-1
2021421028278,2021,421028278,2,9,0,14,14,1,5,0,0,0,0,4,0,0,1,1,5,6,2,18,4,1198,1,8,VOLKSWAGEN POLO,7,E01021978,0,-1
2021010298961,2021,010298961,1,9,0,9,9,7,4,0,0,8,0,0,0,0,1,1,6,6,2,21,5,1390,1,7,VOLKSWAGEN POLO,2,E01000789,0,-1
2021451087631,2021,451087631,1,9,0,18,19,1,4,0,0,0,0,0,7,11,1,1,5,6,1,35,6,1198,1,14,VOLKSWAGEN POLO,8,E01030908,0,-1
2021041078403,2021,041078403,1,9,0,18,19,8,4,0,0,2,1,0,0,0,1,2,5,6,1,33,6,1598,2,11,VOLKSWAGEN POLO,2,E01025290,0,-1
2021552100743,2021,552100743,1,9,0,18,19,6,2,0,0,1,0,0,0,0,1,1,6,6,2,22,5,1422,2,13,VOLKSWAGEN POLO,2,E01020575,0,-1
2021471063537,2021,471063537,1,9,0,18,19,6,2,0,0,0,2,0,7,4,4,1,5,6,1,34,6,999,1,21,VOLKSWAGEN POLO,7,E01032663,0,-1
2021010347140,2021,010347140,1,9,9,99,99,9,9,0,0,6,0,99,0,0,1,9,2,2,1,25,5,1198,1,10,VOLKSWAGEN POLO,2,E01002637,0,-1
2021131101053,2021,131101053,1,9,0,7,7,6,2,0,0,0,0,0,1,11,1,1,5,6,2,17,4,1422,2,7,VOLKSWAGEN POLO,6,E01010991,0,-1
2021131044189,2021,131044189,1,9,0,18,19,6,2,0,0,0,0,0,0,0,1,1,5,6,1,18,4,1198,1,9,VOLKSWAGEN POLO,8,E01027587,0,-1
2021010328217,2021,010328217,2,9,0,99,99,9,9,99,99,9,9,99,9,99,1,9,6,6,1,31,6,1390,1,13,VOLKSWAGEN POLO,3,E01004756,0,-1
2021010312829,2021,010312829,1,9,0,16,19,5,1,0,0,0,0,0,0,0,4,1,2,2,2,33,6,1198,1,11,VOLKSWAGEN POLO,2,E01004402,0,-1
2021041016490,2021,041016490,2,9,0,18,19,1,5,0,0,1,0,0,0,0,1,1,5,6,2,84,11,1400,1,15,VOLKSWAGEN POLO,6,E01012730,0,-1
2021401021922,2021,401021922,2,9,0,18,19,5,1,0,0,8,0,0,0,0,1,1,6,6,2,38,7,1798,1,4,VOLKSWAGEN POLO,8,E01017461,0,-1
2021201028553,2021,201028553,2,9,0,18,19,5,1,0,0,8,1,6,1,11,2,1,6,6,2,58,9,1390,1,15,VOLKSWAGEN POLO,4,E01010298,0,-1
2021041096503,2021,041096503,1,9,0,9,9,5,1,0,0,6,0,0,0,0,4,1,1,1,2,19,4,999,1,3,VOLKSWAGEN POLO,3,E01025399,0,-1
2021010341897,2021,010341897,1,9,0,18,19,7,3,0,0,0,1,0,0,0,4,1,6,6,1,23,5,1198,1,10,VOLKSWAGEN POLO,10,E01017822,0,-1
2021122100681,2021,122100681,1,9,0,18,19,7,3,0,0,0,1,0,7,0,0,1,2,2,1,23,5,1798,1,4,VOLKSWAGEN POLO,9,E01027672,0,-1
2021501116093,2021,501116093,2,9,0,4,4,7,3,0,0,0,0,0,0,0,2,1,5,6,1,42,7,999,1,0,VOLKSWAGEN POLO,5,E01010633,0,-1
2021070866533,2021,070866533,3,9,0,18,19,5,1,0,0,0,1,0,0,0,1,1,6,6,1,32,6,999,1,3,VOLKSWAGEN POLO,6,E01022211,0,-1
2021991112085,2021,991112085,1,9,0,18,19,8,5,0,0,1,0,0,0,0,1,1,5,6,2,17,4,999,1,3,VOLKSWAGEN POLO,8,-1,0,-1
2021361044038,2021,361044038,1,9,0,18,19,6,2,0,0,0,0,0,0,0,3,1,5,6,2,23,5,1197,1,6,VOLKSWAGEN POLO,3,E01026663,0,-1
2021010313423,2021,010313423,2,9,0,18,19,5,1,0,0,1,0,0,0,0,1,1,6,6,1,23,5,1198,1,10,VOLKSWAGEN POLO,5,E01001291,0,-1
2021131079397,2021,131079397,1,9,0,-1,-1,-1,-1,-1,-1,0,-1,-1,-1,0,-1,1,6,6,3,-1,-1,1422,2,13,VOLKSWAGEN POLO,-1,-1,0,-1
2021061039340,2021,061039340,2,9,0,18,19,3,7,0,0,8,0,0,0,0,1,1,6,6,3,30,6,1390,1,19,VOLKSWAGEN POLO,-1,-1,0,-1
2021052101331,2021,052101331,3,9,0,8,8,1,3,0,0,1,0,0,0,0,3,1,6,6,2,23,5,999,1,7,VOLKSWAGEN POLO,1,E01006603,0,-1
202134WNC5461,2021,34WNC5461,1,9,0,18,19,1,5,0,0,8,0,0,0,0,1,1,6,6,2,31,6,1199,2,10,VOLKSWAGEN POLO,10,E01023423,0,-1
2021010288728,2021,010288728,2,9,0,99,99,9,9,99,99,9,9,99,9,99,9,9,6,6,3,-1,-1,999,1,2,VOLKSWAGEN POLO,-1,-1,0,-1
2021221083912,2021,221083912,2,9,0,18,19,5,1,0,0,8,1,0,1,0,1,1,5,6,2,20,4,1395,1,5,VOLKSWAGEN POLO,3,E01014005,0,-1
2021161061243,2021,161061243,3,9,0,2,2,0,0,0,0,0,0,0,0,0,0,1,6,6,3,-1,-1,1400,1,18,VOLKSWAGEN POLO,-1,-1,0,-1
2021070682994,2021,070682994,2,9,0,18,19,7,3,0,0,0,0,0,0,0,1,1,6,6,1,23,5,1198,1,10,VOLKSWAGEN POLO,2,E01018645,0,-1
2021141105465,2021,141105465,1,9,0,9,9,4,1,0,0,5,0,0,0,0,3,1,6,6,2,26,6,1197,1,4,VOLKSWAGEN POLO,10,E01007938,0,-1
2021010308692,2021,010308692,1,9,0,7,7,3,5,2,2,1,0,0,3,0,1,1,6,6,2,21,5,1197,1,4,VOLKSWAGEN POLO,3,E01004317,0,-1
2021010311394,2021,010311394,1,9,0,4,4,8,4,0,0,1,0,0,0,0,2,1,6,6,2,22,5,1390,1,14,VOLKSWAGEN POLO,-1,-1,0,-1
2021520104812,2021,520104812,1,9,0,18,19,3,7,0,0,0,0,0,0,0,4,1,6,6,2,19,4,1598,2,12,VOLKSWAGEN POLO,3,E01029112,0,-1
2021061113464,2021,061113464,1,9,0,18,19,5,1,0,0,6,0,0,0,0,3,1,6,6,1,20,4,999,1,0,VOLKSWAGEN POLO,3,E01005524,0,-1
2021361072914,2021,361072914,2,9,0,2,2,0,0,0,0,2,0,0,0,0,3,1,6,6,3,-1,-1,1198,1,12,VOLKSWAGEN POLO,-1,-1,0,-1
2021201053930,2021,201053930,1,9,0,17,19,4,2,0,0,0,0,0,0,0,3,1,2,2,2,32,6,1198,1,8,VOLKSWAGEN POLO,1,E01009274,0,-1
2021041037043,2021,041037043,1,9,0,1,1,1,5,0,0,0,0,0,0,0,1,1,5,6,1,26,6,1198,1,11,VOLKSWAGEN POLO,5,E01025243,0,-1
2021461127378,2021,461127378,1,9,0,16,19,1,5,0,0,1,0,0,0,0,1,1,1,1,1,20,4,1198,1,9,VOLKSWAGEN POLO,6,E01024847,0,-1
202163A068721,2021,63A068721,1,9,0,16,19,6,1,0,0,0,1,0,0,0,1,1,6,6,1,25,5,1422,2,19,VOLKSWAGEN POLO,-1,-1,0,-1
2021070481520,2021,070481520,1,9,0,3,3,2,6,0,0,1,0,0,0,0,1,1,6,6,1,40,7,1198,1,11,VOLKSWAGEN POLO,3,E01014344,0,-1
2021010353282,2021,010353282,2,9,0,99,99,9,9,99,99,9,9,99,9,99,9,9,6,6,3,-1,-1,1390,1,20,VOLKSWAGEN POLO,-1,-1,0,-1
2021991047025,2021,991047025,2,9,0,3,3,8,4,0,0,0,0,0,0,0,2,1,6,6,2,36,7,999,1,2,VOLKSWAGEN POLO,1,-1,0,-1
2021461061605,2021,461061605,1,9,0,5,5,7,3,0,0,0,0,11,0,0,3,1,5,6,2,21,5,1198,1,19,VOLKSWAGEN POLO,4,E01024048,0,-1
2021010343564,2021,010343564,1,9,0,18,19,7,3,0,0,1,5,10,1,0,1,1,6,6,1,23,5,1390,1,14,VOLKSWAGEN POLO,4,E01003492,0,-1
2021010325341,2021,010325341,2,9,0,99,99,9,9,99,99,9,9,99,9,99,2,9,6,6,3,-1,-1,999,1,2,VOLKSWAGEN POLO,-1,-1,0,-1
2021061096288,2021,061096288,1,9,0,10,10,6,7,0,0,1,0,0,0,0,2,1,6,6,1,18,4,1598,2,9,VOLKSWAGEN POLO,9,E01004937,0,-1
2021461077181,2021,461077181,2,9,0,18,19,5,1,0,0,8,0,0,0,0,1,1,6,6,1,57,9,1390,1,24,VOLKSWAGEN POLO,2,E01016136,0,-1
20211383G0599,2021,1383G0599,3,9,0,2,2,0,0,0,0,2,0,0,0,0,4,1,6,6,3,-1,-1,1390,1,8,VOLKSWAGEN POLO,-1,-1,0,-1
2021041056990,2021,041056990,1,9,0,18,19,1,5,0,0,0,0,0,0,0,3,1,6,6,2,22,5,999,1,6,VOLKSWAGEN POLO,7,E01024999,0,-1
2021070696203,2021,070696203,2,9,0,10,10,3,7,0,0,2,0,0,0,0,2,1,6,6,2,23,5,999,1,2,VOLKSWAGEN POLO,4,E01029541,0,-1
2021101069798,2021,101069798,2,9,0,18,19,1,5,0,0,8,0,0,0,0,3,1,5,6,2,28,6,999,1,0,VOLKSWAGEN POLO,-1,-1,0,-1
2021501064704,2021,501064704,1,9,0,2,2,0,0,0,0,0,0,0,0,0,2,1,6,6,2,45,7,1422,2,13,VOLKSWAGEN POLO,7,E01020267,0,-1
2021421029718,2021,421029718,1,9,0,5,5,4,8,0,0,0,0,0,0,0,1,1,6,6,1,21,5,1198,1,9,VOLKSWAGEN POLO,9,E01021736,0,-1
2021010307009,2021,010307009,2,9,0,5,5,4,8,0,0,0,0,0,1,0,1,1,6,6,1,19,4,1198,1,7,VOLKSWAGEN POLO,10,E01002355,0,-1
202131C101921,2021,31C101921,2,9,0,5,5,6,2,0,0,2,0,0,0,0,3,1,6,6,1,21,5,1400,1,14,VOLKSWAGEN POLO,10,E01028385,0,-1
2021131082538,2021,131082538,2,9,0,9,9,3,1,0,0,8,0,0,0,0,2,1,6,6,2,22,5,1598,2,11,VOLKSWAGEN POLO,1,E01010803,0,-1
2021061036925,2021,061036925,1,9,0,18,19,6,2,0,0,0,0,0,0,0,2,1,6,6,2,51,8,999,1,2,VOLKSWAGEN POLO,8,E01012385,0,-1
2021361087211,2021,361087211,1,9,0,15,15,2,6,0,0,0,0,0,0,0,1,1,5,6,1,20,4,1198,1,18,VOLKSWAGEN POLO,6,E01026629,0,-1
2021131045827,2021,131045827,2,9,0,4,4,5,1,0,0,0,0,0,0,0,2,1,5,6,1,21,5,1198,1,10,VOLKSWAGEN POLO,1,E01010742,0,-1
2021401031624,2021,401031624,2,9,0,5,5,2,6,0,0,4,0,0,0,0,2,1,5,6,2,25,5,1390,1,14,VOLKSWAGEN POLO,9,E01033188,0,-1
2021070609220,2021,070609220,2,9,0,4,4,1,5,0,0,4,0,0,0,0,2,1,6,6,2,53,8,999,1,2,VOLKSWAGEN POLO,9,E01018634,0,-1
2021221100691,2021,221100691,2,9,0,17,19,5,2,0,0,8,0,0,0,0,1,1,5,6,2,22,5,999,1,2,VOLKSWAGEN POLO,5,E01014023,0,-1
2021451064908,2021,451064908,2,9,0,18,19,7,3,0,0,0,1,0,0,0,1,1,5,6,2,20,4,1197,1,6,VOLKSWAGEN POLO,7,E01030530,0,-1
2021461105539,2021,461105539,1,9,0,17,19,7,3,0,0,0,1,0,0,0,1,1,5,6,1,26,6,1798,1,4,VOLKSWAGEN POLO,3,E01001640,0,-1
202163A077221,2021,63A077221,1,9,0,18,19,2,6,0,0,0,0,0,0,0,1,1,6,6,1,-1,-1,1198,1,10,VOLKSWAGEN POLO,7,W01000532,0,-1
2021010352989,2021,010352989,2,9,9,12,12,7,3,99,99,9,9,0,9,0,4,1,6,6,3,-1,-1,1198,1,18,VOLKSWAGEN POLO,-1,-1,0,-1
2021061051239,2021,061051239,1,9,0,18,19,3,7,0,0,1,0,0,0,0,2,1,6,6,2,22,5,999,1,6,VOLKSWAGEN POLO,7,E01012476,0,-1
2021061097515,2021,061097515,2,9,0,18,19,2,6,0,0,0,0,0,0,0,3,1,2,2,2,36,7,999,1,3,VOLKSWAGEN POLO,8,E01005359,0,-1
2021041049780,2021,041049780,2,9,0,18,19,5,1,0,0,8,0,0,0,0,3,1,5,6,2,57,9,999,1,4,VOLKSWAGEN POLO,9,E01025569,0,-1
2021549111121,2021,549111121,1,9,0,18,19,5,1,0,0,0,0,0,0,0,1,1,6,6,2,21,5,1198,1,12,VOLKSWAGEN POLO,9,E01032052,0,-1
2021010350556,2021,010350556,2,9,0,99,99,9,9,99,99,9,9,99,9,99,9,9,6,6,3,-1,-1,1198,1,13,VOLKSWAGEN POLO,-1,-1,0,-1
2021440496248,2021,440496248,2,9,0,18,19,8,4,0,0,0,0,0,0,0,2,1,6,6,1,-1,-1,1422,2,13,VOLKSWAGEN POLO,-1,-1,0,-1
2021430293654,2021,430293654,2,9,0,18,19,6,2,0,0,0,0,0,0,0,1,1,6,6,1,31,6,1198,1,10,VOLKSWAGEN POLO,9,E01022475,0,-1
2021351042258,2021,351042258,1,9,0,3,3,2,6,0,0,0,0,0,0,0,2,1,5,6,2,26,6,999,1,4,VOLKSWAGEN POLO,9,E01018029,0,-1
2021170H10191,2021,170H10191,2,9,0,9,9,3,1,0,0,8,0,0,0,0,1,1,6,6,1,22,5,1199,2,10,VOLKSWAGEN POLO,1,E01012000,0,-1
2021371031594,2021,371031594,1,9,0,18,19,2,6,0,0,0,1,10,1,4,1,1,2,2,1,19,4,1198,1,16,VOLKSWAGEN POLO,6,E01030150,0,-1
2021161118181,2021,161118181,2,9,0,18,19,1,5,0,0,0,0,0,0,0,1,1,6,6,1,-1,-1,1390,1,13,VOLKSWAGEN POLO,-1,-1,0,-1
2021201132987,2021,201132987,3,9,0,18,19,6,2,0,0,0,0,0,0,0,2,1,6,6,2,33,6,1390,1,9,VOLKSWAGEN POLO,9,E01009671,0,-1
2021461047508,2021,461047508,1,9,0,3,3,4,8,0,0,0,0,0,0,0,1,1,5,6,2,63,9,1197,1,5,VOLKSWAGEN POLO,10,E01024755,0,-1
2021421068574,2021,421068574,2,9,0,3,3,7,3,0,0,0,0,0,0,0,2,1,6,6,1,23,5,1198,1,8,VOLKSWAGEN POLO,3,E01015963,0,-1
2021461053233,2021,461053233,1,9,0,3,3,1,5,0,0,1,0,0,0,0,0,1,6,6,1,19,4,1390,1,10,VOLKSWAGEN POLO,4,E01024217,0,-1
2021010299669,2021,010299669,2,9,0,2,2,0,0,0,0,0,0,0,0,0,2,1,6,6,3,-1,-1,1390,1,11,VOLKSWAGEN POLO,-1,-1,0,-1
2021440478150,2021,440478150,2,9,0,18,19,5,1,0,0,1,1,0,0,0,1,1,6,6,1,25,5,1598,2,11,VOLKSWAGEN POLO,6,E01030455,0,-1
2021010338887,2021,010338887,1,9,0,18,19,2,6,0,0,1,0,0,0,0,2,1,1,1,2,23,5,1798,1,6,VOLKSWAGEN POLO,3,E01002283,0,-1
2021421074674,2021,421074674,2,9,0,3,3,3,7,0,0,1,0,0,0,0,2,1,5,6,2,79,11,999,1,4,VOLKSWAGEN POLO,6,E01021356,0,-1
2021440224948,2021,440224948,3,9,0,9,9,6,5,0,0,5,0,0,0,0,0,1,6,6,1,22,5,1198,1,8,VOLKSWAGEN POLO,8,E01023235,0,-1
2021451075267,2021,451075267,1,9,0,17,19,6,2,0,0,4,1,0,1,4,1,1,5,6,1,18,4,1400,1,14,VOLKSWAGEN POLO,9,E01030346,0,-1
2021111082826,2021,111082826,1,9,0,18,19,1,5,0,0,1,0,0,0,0,1,1,6,6,1,30,6,1197,1,6,VOLKSWAGEN POLO,-1,-1,0,-1
2021131126154,2021,131126154,1,9,0,18,19,1,5,0,0,0,0,0,0,0,1,1,2,2,1,22,5,1422,2,5,VOLKSWAGEN POLO,5,E01011666,0,-1
2021531040232,2021,531040232,2,9,0,9,9,4,2,0,0,5,0,0,0,0,1,1,5,6,1,18,4,1422,2,6,VOLKSWAGEN POLO,5,E01022420,0,-1
2021531041702,2021,531041702,3,9,0,4,4,2,6,0,0,0,0,0,0,0,2,1,2,2,2,62,9,999,1,2,VOLKSWAGEN POLO,8,E01022446,0,-1
2021010331408,2021,010331408,2,9,0,99,99,9,9,0,0,0,0,0,0,0,3,9,6,6,3,23,5,1798,1,5,VOLKSWAGEN POLO,5,E01003019,0,-1
2021211117690,2021,211117690,4,9,0,4,4,1,5,0,0,0,0,0,0,0,2,1,6,6,1,29,6,999,1,0,VOLKSWAGEN POLO,3,E01004774,0,-1
2021461109165,2021,461109165,1,9,0,18,19,7,3,0,0,0,1,0,0,0,0,1,6,6,1,18,4,1198,1,9,VOLKSWAGEN POLO,4,E01024027,0,-1
2021010294665,2021,010294665,2,9,0,99,99,9,9,99,99,9,9,99,9,99,1,9,6,6,3,-1,-1,1197,1,5,VOLKSWAGEN POLO,-1,-1,0,-1
2021421076014,2021,421076014,1,9,0,18,19,7,7,0,0,0,0,0,0,0,1,1,6,6,2,20,4,1198,1,10,VOLKSWAGEN POLO,8,E01022077,0,-1
2021010346502,2021,010346502,2,9,0,18,19,3,7,0,0,8,0,0,0,0,1,1,6,6,2,29,6,1390,1,19,VOLKSWAGEN POLO,2,E01001351,0,-1
2021041090757,2021,041090757,1,9,0,13,13,1,5,0,0,0,1,10,1,11,1,1,5,6,1,19,4,1395,1,7,VOLKSWAGEN POLO,6,E01025412,0,-1
2021451080911,2021,451080911,4,9,0,18,19,3,7,0,0,0,0,0,0,0,1,1,1,1,1,35,6,1198,1,14,VOLKSWAGEN POLO,9,E01030309,0,-1
2021201068343,2021,201068343,1,9,0,18,19,6,2,0,0,0,0,10,7,10,1,1,2,2,1,19,4,1198,1,13,VOLKSWAGEN POLO,8,E01010514,0,-1
2021052100694,2021,052100694,2,9,0,7,7,3,5,0,0,5,0,0,0,0,3,1,6,6,2,51,8,1198,1,8,VOLKSWAGEN POLO,7,E01007306,0,-1
2021061138766,2021,061138766,2,9,0,18,19,1,5,0,0,1,0,0,0,0,0,1,6,6,1,30,6,1197,1,6,VOLKSWAGEN POLO,2,E01005593,0,-1
2021430439802,2021,430439802,2,9,0,18,19,8,4,0,0,8,0,0,0,0,1,1,6,6,1,59,9,1198,1,15,VOLKSWAGEN POLO,7,E01017730,0,-1
2021010333966,2021,010333966,1,9,0,99,99,9,9,99,99,9,9,99,9,99,2,9,6,6,2,22,5,1198,1,11,VOLKSWAGEN POLO,5,E01033741,0,-1
2021122101014,2021,122101014,1,9,0,18,19,8,4,0,0,1,0,0,0,0,1,1,6,6,1,21,5,1198,1,7,VOLKSWAGEN POLO,10,E01013451,0,-1
2021522103249,2021,522103249,1,9,0,4,4,5,1,0,0,0,0,0,0,0,2,1,6,6,2,24,5,999,1,6,VOLKSWAGEN POLO,6,E01029070,0,-1
2021351073650,2021,351073650,1,9,0,3,3,6,2,0,0,0,0,0,0,0,1,1,2,2,1,48,8,1198,1,17,VOLKSWAGEN POLO,10,E01017460,0,-1
2021411060420,2021,411060420,2,9,0,4,4,7,3,0,0,0,0,0,0,0,1,1,1,1,1,20,4,1198,1,12,VOLKSWAGEN POLO,7,E01023435,0,-1
2021991024475,2021,991024475,2,9,0,10,10,5,1,0,0,1,0,0,0,0,2,1,6,6,1,61,9,1198,1,8,VOLKSWAGEN POLO,4,-1,0,-1
2021170S10411,2021,170S10411,3,9,0,18,19,8,4,0,0,0,0,0,1,7,2,1,6,6,2,41,7,1197,1,7,VOLKSWAGEN POLO,2,E01012193,0,-1
2021430528546,2021,430528546,1,9,0,18,19,2,6,0,0,1,0,0,0,0,1,1,1,1,2,18,4,1198,1,12,VOLKSWAGEN POLO,8,E01016238,0,-1
2021141045576,2021,141045576,1,9,0,18,19,8,4,0,0,0,0,0,0,0,3,1,5,6,2,36,7,1400,1,15,VOLKSWAGEN POLO,1,E01007769,0,-1
2021010295959,2021,010295959,2,9,0,99,99,9,9,99,99,0,9,99,9,99,1,9,6,6,3,-1,-1,1400,1,16,VOLKSWAGEN POLO,-1,-1,0,-1
2021440085784,2021,440085784,1,9,0,13,13,7,4,0,0,8,0,0,0,0,1,1,6,6,1,21,5,999,1,3,VOLKSWAGEN POLO,8,E01029570,0,-1
2021010301206,2021,010301206,1,9,0,3,3,7,3,0,0,0,0,0,0,0,2,1,1,1,2,19,4,1198,1,15,VOLKSWAGEN POLO,9,E01002464,0,-1
202134WNC3801,2021,34WNC3801,2,9,0,9,9,3,7,0,0,5,0,0,0,0,2,1,6,6,2,23,5,999,1,3,VOLKSWAGEN POLO,6,E01027030,0,-1
2021010337018,2021,010337018,2,9,0,18,19,7,3,0,0,8,0,4,0,0,1,1,6,6,1,67,10,1390,1,20,VOLKSWAGEN POLO,5,E01004442,0,-1
2021131125961,2021,131125961,2,9,0,9,9,8,7,0,0,8,0,0,0,0,1,1,6,6,1,41,7,1598,2,11,VOLKSWAGEN POLO,8,E01011086,0,-1
2021010315077,2021,010315077,1,9,0,12,12,1,5,0,0,4,0,0,0,0,1,1,6,6,1,58,9,1197,1,6,VOLKSWAGEN POLO,-1,-1,0,-1