collision_index,collision_year,collision_ref_no,vehicle_reference,vehicle_type,towing_and_articulation,vehicle_manoeuvre_historic,vehicle_manoeuvre,vehicle_direction_from,vehicle_direction_to,vehicle_location_restricted_lane_historic,vehicle_location_restricted_lane,junction_location,skidding_and_overturning,hit_object_in_carriageway,vehicle_leaving_carriageway,hit_object_off_carriageway,first_point_of_impact,vehicle_left_hand_drive,journey_purpose_of_driver_historic,journey_purpose_of_driver,sex_of_driver,age_of_driver,age_band_of_driver,engine_capacity_cc,propulsion_code,age_of_vehicle,generic_make_model,driver_imd_decile,lsoa_of_driver,escooter_flag,driver_distance_banding
2021201023508,2021,201023508,2,9,0,17,19,5,2,0,0,0,0,0,0,0,1,1,6,6,2,20,4,999,1,1,VOLKSWAGEN POLO,2,E01009163,0,-1
2021461047500,2021,461047500,2,9,0,18,19,6,2,0,0,0,0,0,0,0,2,1,1,1,1,19,4,1395,1,6,VOLKSWAGEN POLO,10,E01024418,0,-1
2021461053379,2021,461053379,2,9,0,3,3,5,1,0,0,0,0,0,0,0,1,1,5,6,2,92,11,1390,1,13,VOLKSWAGEN POLO,9,E01032735,0,-1
2021471126127,2021,471126127,1,9,0,13,13,3,7,0,0,0,1,0,7,11,4,1,6,6,2,40,7,1422,2,13,VOLKSWAGEN POLO,3,E01021016,0,-1
2021010323314,2021,010323314,2,9,0,4,4,1,5,0,0,0,0,0,0,0,2,1,6,6,1,41,7,1400,1,14,VOLKSWAGEN POLO,3,E01003569,0,-1
2021461084783,2021,461084783,1,9,0,18,19,3,7,0,0,0,0,0,7,1,1,1,6,6,2,19,4,999,1,5,VOLKSWAGEN POLO,9,E01021231,0,-1
2021010292649,2021,010292649,2,9,0,18,19,1,5,0,0,8,0,0,0,0,1,1,6,6,2,21,5,999,1,3,VOLKSWAGEN POLO,2,E01001528,0,-1
2021461061838,2021,461061838,2,9,0,17,19,6,2,0,0,1,0,0,0,0,1,1,2,2,1,18,4,1198,1,19,VOLKSWAGEN POLO,7,E01024680,0,-1
2021461071521,2021,461071521,1,9,0,17,19,7,4,0,0,0,2,10,8,4,1,1,6,6,2,18,4,1198,1,15,VOLKSWAGEN POLO,8,E01024271,0,-1
2021471085439,2021,471085439,2,9,0,18,19,1,5,0,0,1,1,0,0,0,1,1,2,2,1,56,9,1896,2,17,VOLKSWAGEN POLO,10,E01031635,0,-1
2021041102976,2021,041102976,1,9,0,18,19,1,5,0,0,3,0,0,0,0,1,1,6,6,3,-1,-1,1197,1,5,VOLKSWAGEN POLO,-1,-1,0,-1
2021170H11151,2021,170H11151,2,9,0,18,19,7,3,0,0,8,0,0,0,0,4,1,6,6,2,19,4,1197,1,4,VOLKSWAGEN POLO,7,E01011959,0,-1
2021440211488,2021,440211488,1,9,0,1,1,6,2,0,0,8,0,0,0,0,4,1,6,6,2,38,7,1422,2,20,VOLKSWAGEN POLO,9,E01023130,0,-1
2021010342231,2021,010342231,1,9,0,18,19,4,8,0,0,0,0,4,0,0,1,1,6,6,1,28,6,999,1,0,VOLKSWAGEN POLO,4,E01003062,0,-1
2021041015095,2021,041015095,2,9,0,9,9,1,7,0,0,8,0,0,0,0,4,1,5,6,2,66,10,1198,1,14,VOLKSWAGEN POLO,4,E01025308,0,-1
2021522104527,2021,522104527,1,9,0,18,19,1,5,0,0,8,0,0,0,0,4,1,6,6,1,20,4,1198,1,11,VOLKSWAGEN POLO,6,E01014865,0,-1
2021451027837,2021,451027837,2,9,0,2,2,0,0,0,0,0,0,0,0,0,3,1,6,6,3,-1,-1,1390,1,10,VOLKSWAGEN POLO,-1,-1,0,-1
2021070790848,2021,070790848,2,9,0,18,19,5,1,0,0,0,0,0,0,0,4,1,6,6,2,47,8,999,1,3,VOLKSWAGEN POLO,8,E01012499,0,-1
2021010313276,2021,010313276,1,9,9,9,9,1,7,0,0,6,9,99,0,0,9,1,6,6,2,30,6,999,1,2,VOLKSWAGEN POLO,6,E01011505,0,-1
2021122100472,2021,122100472,1,9,0,5,5,5,3,0,0,6,0,0,0,0,0,1,6,6,1,51,8,1198,1,17,VOLKSWAGEN POLO,5,E01027649,0,-1
2021061115292,2021,061115292,1,9,0,18,19,5,1,0,0,1,0,0,0,0,1,1,6,6,3,30,6,1198,1,11,VOLKSWAGEN POLO,-1,-1,0,-1
2021041094204,2021,041094204,2,9,0,18,19,3,8,0,0,0,0,0,0,0,4,1,5,6,2,21,5,1422,2,4,VOLKSWAGEN POLO,4,E01012599,0,-1
2021170H10841,2021,170H10841,1,9,0,18,19,6,2,0,0,0,0,0,6,0,1,1,2,2,1,49,8,1198,1,9,VOLKSWAGEN POLO,7,E01011959,0,-1
2021461062691,2021,461062691,2,9,0,3,3,5,1,0,0,4,0,0,0,0,2,1,2,2,2,28,6,1390,1,19,VOLKSWAGEN POLO,7,E01024719,0,-1
2021041114601,2021,041114601,4,9,0,4,4,1,5,0,0,0,0,0,0,0,3,1,1,1,2,20,4,1422,2,7,VOLKSWAGEN POLO,9,E01024964,0,-1
2021201096943,2021,201096943,1,9,0,18,19,8,4,0,0,1,0,0,0,0,4,1,6,6,1,27,6,1390,1,8,VOLKSWAGEN POLO,3,E01032587,0,-1
2021010296170,2021,010296170,1,9,0,3,3,7,3,0,0,1,0,0,0,0,2,1,2,2,2,35,6,999,1,4,VOLKSWAGEN POLO,3,E01000961,0,-1
2021010318097,2021,010318097,1,9,0,18,19,3,7,0,0,6,0,0,0,0,4,1,6,6,2,69,10,1198,1,11,VOLKSWAGEN POLO,-1,-1,0,-1
2021010335378,2021,010335378,1,9,0,99,99,9,9,99,99,9,9,99,9,99,2,9,6,6,3,-1,-1,1400,1,14,VOLKSWAGEN POLO,-1,-1,0,-1
2021421096627,2021,421096627,1,9,0,4,4,7,3,0,0,0,0,0,0,0,1,1,5,6,1,21,5,999,1,6,VOLKSWAGEN POLO,4,E01018046,0,-1
2021031026292,2021,031026292,1,9,0,16,19,7,3,0,0,0,1,0,2,6,4,1,6,6,1,27,6,1400,1,21,VOLKSWAGEN POLO,3,E01019171,0,-1
2021302100568,2021,302100568,2,9,0,18,19,4,8,0,0,1,0,0,0,0,1,1,6,6,2,54,8,1390,1,16,VOLKSWAGEN POLO,7,E01019726,0,-1
2021041031106,2021,041031106,2,9,0,18,19,5,1,0,0,0,0,4,0,0,1,1,6,6,3,-1,-1,1197,1,5,VOLKSWAGEN POLO,-1,-1,0,-1
2021061036901,2021,061036901,1,9,0,18,19,3,7,0,0,0,0,0,0,0,1,1,6,6,1,30,6,1390,1,20,VOLKSWAGEN POLO,4,E01018618,0,-1
2021010322175,2021,010322175,2,9,0,7,7,7,2,0,0,1,0,0,0,0,1,1,6,6,1,-1,-1,1198,1,9,VOLKSWAGEN POLO,3,E01001844,0,-1
2021061064996,2021,061064996,1,9,0,18,19,1,5,0,0,0,0,0,2,0,4,1,5,6,1,20,4,1198,1,10,VOLKSWAGEN POLO,-1,-1,0,-1
202134WNC2381,2021,34WNC2381,1,9,0,4,4,0,3,0,0,1,0,0,0,0,1,1,6,6,1,90,11,1390,1,12,VOLKSWAGEN POLO,9,E01027201,0,-1
2021010348608,2021,010348608,1,9,0,18,19,4,8,0,0,0,0,0,0,0,2,1,2,2,2,41,7,999,1,4,VOLKSWAGEN POLO,10,E01023471,0,-1
2021451068911,2021,451068911,1,9,0,18,19,3,7,0,0,1,0,0,0,0,1,1,1,1,2,30,6,1197,1,5,VOLKSWAGEN POLO,10,E01030597,0,-1
2021010299367,2021,010299367,1,9,0,3,3,3,7,0,0,1,0,0,0,0,2,1,6,6,2,33,6,999,1,2,VOLKSWAGEN POLO,2,E01003256,0,-1
2021411031933,2021,411031933,1,9,0,18,19,7,3,0,0,3,1,0,0,0,1,1,2,2,1,23,5,1272,1,27,VOLKSWAGEN POLO,7,E01023356,0,-1
2021451094616,2021,451094616,2,9,0,18,19,3,7,0,0,1,0,11,1,4,4,1,5,6,2,75,10,1798,1,6,VOLKSWAGEN POLO,10,E01030442,0,-1
2021991119348,2021,991119348,1,9,0,18,19,5,1,0,0,0,1,0,0,0,1,1,5,6,1,20,4,999,1,5,VOLKSWAGEN POLO,10,-1,0,-1
2021101031927,2021,101031927,1,9,0,9,9,1,7,0,0,0,0,0,0,0,1,1,5,6,1,47,8,1198,1,12,VOLKSWAGEN POLO,4,E01027524,0,-1
2021440409046,2021,440409046,1,9,0,18,19,7,3,0,0,0,1,0,1,0,1,1,6,6,1,26,6,1400,1,15,VOLKSWAGEN POLO,9,E01020406,0,-1
2021052100980,2021,052100980,2,9,0,18,19,3,7,0,0,8,0,0,0,0,1,1,6,6,2,18,4,999,1,3,VOLKSWAGEN POLO,10,E01007186,0,-1
2021552100233,2021,552100233,2,9,0,4,4,5,1,0,0,0,0,0,0,0,2,1,6,6,1,22,5,1198,1,16,VOLKSWAGEN POLO,10,E01015399,0,-1
2021161084983,2021,161084983,2,9,0,18,19,1,5,0,0,8,0,0,0,0,1,1,5,6,2,52,8,1198,1,13,VOLKSWAGEN POLO,1,E01013203,0,-1
2021201078705,2021,201078705,2,9,0,3,3,4,8,0,0,2,0,0,0,0,2,1,6,6,2,55,8,1198,1,7,VOLKSWAGEN POLO,7,E01010027,0,-1
2021101051069,2021,101051069,1,9,0,9,9,8,6,0,0,8,0,0,0,0,1,1,6,6,1,21,5,1198,1,10,VOLKSWAGEN POLO,2,E01012080,0,-1
2021545963421,2021,545963421,2,9,0,3,3,3,7,0,0,0,0,0,0,0,2,1,6,6,2,68,10,1197,1,6,VOLKSWAGEN POLO,6,E01032004,0,-1
2021101115628,2021,101115628,1,9,0,3,3,1,5,0,0,1,0,0,0,0,2,1,6,6,1,39,7,1422,2,17,VOLKSWAGEN POLO,2,E01008252,0,-1
2021010350938,2021,010350938,2,9,0,7,7,5,8,0,0,0,0,0,0,0,9,1,6,6,2,26,6,999,1,6,VOLKSWAGEN POLO,5,E01009647,0,-1
2021440369603,2021,440369603,1,9,0,18,19,1,5,0,0,0,0,0,0,0,1,1,6,6,2,20,4,1390,1,11,VOLKSWAGEN POLO,10,E01022888,0,-1
2021221024608,2021,221024608,1,9,0,9,9,5,4,0,0,6,0,0,0,0,1,1,6,6,1,34,6,1198,1,15,VOLKSWAGEN POLO,-1,-1,0,-1
2021440504055,2021,440504055,1,9,0,4,4,3,7,0,0,0,0,0,0,0,2,1,1,1,1,54,8,1390,1,10,VOLKSWAGEN POLO,7,E01023098,0,-1
2021010294154,2021,010294154,2,9,0,1,1,7,3,0,0,6,0,0,0,0,4,1,6,6,1,22,5,999,1,2,VOLKSWAGEN POLO,2,E01001331,0,-1
2021451067327,2021,451067327,2,9,0,18,19,5,1,0,0,0,0,0,0,0,1,1,6,6,3,20,4,1198,1,16,VOLKSWAGEN POLO,-1,-1,0,-1
2021991047575,2021,991047575,2,9,0,2,2,0,0,0,0,1,0,0,0,0,1,1,6,6,3,-1,-1,1200,1,19,VOLKSWAGEN POLO,-1,-1,0,-1
2021451079677,2021,451079677,3,9,0,2,2,0,0,9,9,0,1,0,1,0,2,1,6,6,2,59,9,1390,1,10,VOLKSWAGEN POLO,6,E01022939,0,-1
2021070718725,2021,070718725,1,9,0,5,5,6,3,0,0,1,0,2,0,0,4,1,6,6,1,42,7,999,1,2,VOLKSWAGEN POLO,9,E01018374,0,-1
2021010323214,2021,010323214,2,9,9,99,99,9,9,0,0,1,0,0,0,0,9,9,6,6,2,20,4,1390,1,10,VOLKSWAGEN POLO,1,E01001730,0,-1
2021461124733,2021,461124733,3,9,0,18,19,5,1,0,0,0,1,0,0,0,1,1,6,6,1,17,4,999,1,2,VOLKSWAGEN POLO,2,E01016042,0,-1
2021010346376,2021,010346376,1,9,0,18,19,7,3,0,0,8,0,0,0,0,1,1,6,6,2,23,5,1197,1,4,VOLKSWAGEN POLO,4,E01000561,0,-1
2021421081514,2021,421081514,2,9,0,3,3,4,8,0,0,0,0,0,0,0,2,1,6,6,2,27,6,1198,1,10,VOLKSWAGEN POLO,9,E01021654,0,-1
202131B010221,2021,31B010221,1,9,0,18,19,5,1,0,0,8,2,0,3,11,1,1,1,1,2,18,4,1198,1,15,VOLKSWAGEN POLO,6,E01028308,0,-1
2021211052766,2021,211052766,2,9,0,3,3,5,3,0,0,1,0,0,0,0,2,1,5,6,3,20,4,1390,1,10,VOLKSWAGEN POLO,3,E01029434,0,-1
2021052102930,2021,052102930,1,9,0,18,19,2,6,0,0,0,0,0,0,0,3,1,6,6,2,25,5,999,1,2,VOLKSWAGEN POLO,6,E01007112,0,-1
2021991130448,2021,991130448,1,9,0,17,19,7,3,0,0,0,2,0,7,3,1,1,5,6,2,55,8,999,1,3,VOLKSWAGEN POLO,1,-1,0,-1
2021231037084,2021,231037084,2,9,0,18,19,1,5,0,0,8,0,0,0,0,3,1,2,2,2,52,8,1400,1,21,VOLKSWAGEN POLO,7,E01025808,0,-1
2021201149354,2021,201149354,2,9,0,4,4,1,5,0,0,8,0,0,0,0,2,1,6,6,2,37,7,1198,1,12,VOLKSWAGEN POLO,3,E01009969,0,-1
2021501049889,2021,501049889,2,9,0,2,2,0,0,6,6,0,0,4,0,0,2,1,6,6,1,18,4,1422,2,13,VOLKSWAGEN POLO,3,E01015143,0,-1
2021010349738,2021,010349738,1,9,0,18,19,1,5,0,0,8,0,0,0,0,1,1,6,6,2,67,10,1197,1,6,VOLKSWAGEN POLO,2,E01003258,0,-1
2021440265526,2021,440265526,1,9,0,18,19,5,1,0,0,2,0,0,3,0,1,1,6,6,2,93,11,1390,1,17,VOLKSWAGEN POLO,10,E01022861,0,-1
2021440396461,2021,440396461,1,9,0,18,19,5,1,9,9,0,1,7,7,2,1,1,6,6,2,22,5,999,1,3,VOLKSWAGEN POLO,-1,-1,0,-1
2021421016881,2021,421016881,2,9,0,18,19,3,7,0,0,0,0,7,0,0,2,1,5,6,2,28,6,1422,2,4,VOLKSWAGEN POLO,4,E01004330,0,-1
2021161028644,2021,161028644,1,9,0,18,19,7,3,0,0,0,0,0,1,11,1,1,5,6,2,56,9,1400,2,14,VOLKSWAGEN POLO,7,E01013020,0,-1
2021010335494,2021,010335494,1,9,0,18,19,7,3,0,0,4,0,0,0,0,3,1,6,6,2,28,6,1197,1,6,VOLKSWAGEN POLO,7,E01002144,0,-1
2021622100592,2021,622100592,1,9,0,16,19,8,6,0,0,0,0,0,0,0,1,1,6,6,2,18,4,1198,1,8,VOLKSWAGEN POLO,3,W01001177,0,-1
202134WNC6451,2021,34WNC6451,2,9,0,10,10,7,5,0,0,3,0,0,0,0,2,1,6,6,1,24,5,1390,1,11,VOLKSWAGEN POLO,1,E01032978,0,-1
2021430447928,2021,430447928,1,9,0,18,19,8,4,0,0,8,0,0,0,0,4,1,2,2,2,32,6,1198,1,18,VOLKSWAGEN POLO,7,E01016470,0,-1
2021061068368,2021,061068368,4,9,0,2,2,0,0,0,0,8,0,0,0,0,4,1,6,6,1,28,6,1198,1,8,VOLKSWAGEN POLO,9,E01019845,0,-1
2021131119832,2021,131119832,1,9,0,18,19,7,7,0,0,1,0,0,0,0,2,1,2,2,2,50,8,1198,1,10,VOLKSWAGEN POLO,2,E01010781,0,-1
2021461091350,2021,461091350,2,9,0,18,19,5,1,0,0,0,0,0,0,0,1,1,6,6,1,27,6,1198,1,19,VOLKSWAGEN POLO,9,E01024851,0,-1
20211381O1490,2021,1381O1490,1,9,0,7,7,5,7,0,0,5,1,0,7,1,1,1,6,6,3,-1,-1,1198,1,11,VOLKSWAGEN POLO,-1,-1,0,-1
2021010300123,2021,010300123,1,9,0,99,99,9,9,99,99,9,9,99,9,99,2,9,6,6,1,39,7,999,1,6,VOLKSWAGEN POLO,3,E01001983,0,-1
202131B001121,2021,31B001121,1,9,0,18,19,1,5,0,0,0,0,0,0,0,4,1,6,6,2,23,5,999,1,6,VOLKSWAGEN POLO,9,E01028332,0,-1
2021522102043,2021,522102043,2,9,0,18,19,3,7,0,0,1,0,0,0,0,1,1,6,6,1,47,8,1896,2,17,VOLKSWAGEN POLO,5,E01014534,0,-1
2021010311184,2021,010311184,1,9,0,99,99,9,9,99,99,9,9,99,9,99,2,9,6,6,2,62,9,1198,1,15,VOLKSWAGEN POLO,4,E01002785,0,-1
2021161051584,2021,161051584,5,9,0,2,2,0,0,0,0,0,0,4,0,0,2,1,6,6,3,-1,-1,999,1,1,VOLKSWAGEN POLO,-1,-1,0,-1
2021361148914,2021,361148914,1,9,0,4,4,3,7,0,0,0,0,0,0,0,1,1,2,2,1,23,5,1198,1,14,VOLKSWAGEN POLO,7,-1,0,-1
2021991091530,2021,991091530,3,9,0,3,3,6,2,0,0,0,0,4,0,0,2,1,5,6,1,45,7,999,1,3,VOLKSWAGEN POLO,8,-1,0,-1
2021440495484,2021,440495484,4,9,0,3,3,2,8,0,0,0,0,0,0,0,2,1,6,6,2,19,4,999,1,2,VOLKSWAGEN POLO,-1,-1,0,-1
2021531052364,2021,531052364,1,9,0,13,13,8,4,0,0,0,0,0,0,0,3,1,2,2,2,18,4,1199,2,10,VOLKSWAGEN POLO,7,E01022373,0,-1
2021201131651,2021,201131651,2,9,0,18,19,4,2,0,0,8,0,0,0,0,4,1,6,6,2,27,6,1197,1,6,VOLKSWAGEN POLO,2,E01008883,0,-1
2021131067101,2021,131067101,2,9,0,2,2,0,0,0,0,0,0,4,1,0,2,1,6,6,3,-1,-1,1272,1,32,VOLKSWAGEN POLO,-1,-1,0,-1
2021101018468,2021,101018468,1,9,0,9,9,6,8,0,0,6,0,0,0,0,1,1,5,6,1,37,7,1198,1,12,VOLKSWAGEN POLO,2,E01027519,0,-1
2021552100553,2021,552100553,2,9,0,18,19,7,3,0,0,1,0,0,0,0,1,1,6,6,2,59,9,1390,1,13,VOLKSWAGEN POLO,9,E01015419,0,-1
2021010319692,2021,010319692,1,9,0,5,5,0,7,0,0,0,0,0,0,0,4,1,6,6,2,61,9,1400,1,14,VOLKSWAGEN POLO,9,E01000647,0,-1
2021010291500,2021,010291500,1,9,0,13,13,1,5,0,0,2,0,0,0,0,0,1,6,6,1,36,7,1198,1,12,VOLKSWAGEN POLO,5,E01003772,0,-1
2021430307015,2021,430307015,1,9,0,13,13,3,7,0,0,0,0,0,0,0,1,1,6,6,2,72,10,1197,1,4,VOLKSWAGEN POLO,6,E01017934,0,-1
2021010348090,2021,010348090,1,9,0,99,99,9,9,99,99,9,9,99,9,99,2,9,6,6,2,19,4,1197,1,5,VOLKSWAGEN POLO,10,E01002208,0,-1
2021501121416,2021,501121416,1,9,0,5,5,5,1,0,0,8,0,0,0,0,3,1,6,6,2,93,11,1390,1,10,VOLKSWAGEN POLO,5,E01020143,0,-1
2021161037883,2021,161037883,1,9,0,3,3,2,7,0,0,1,0,0,0,0,2,1,2,2,2,33,6,1197,1,5,VOLKSWAGEN POLO,1,E01013229,0,-1
2021991094820,2021,991094820,1,9,0,16,19,3,6,0,0,0,5,10,7,0,3,1,5,6,1,18,4,1198,1,15,VOLKSWAGEN POLO,3,-1,0,-1
2021131038994,2021,131038994,1,9,0,18,19,7,3,0,0,0,0,0,8,6,3,1,5,6,1,23,5,1390,1,9,VOLKSWAGEN POLO,4,W01000306,0,-1
2021221020717,2021,221020717,1,9,0,18,19,5,1,0,0,8,0,0,0,0,1,1,5,6,2,19,4,999,1,3,VOLKSWAGEN POLO,6,E01014089,0,-1
2021471083863,2021,471083863,1,9,0,18,19,7,3,0,0,0,0,0,0,0,1,1,5,6,2,21,5,1198,1,10,VOLKSWAGEN POLO,4,E01031553,0,-1
2021131046623,2021,131046623,1,9,0,6,6,5,5,0,0,0,0,0,0,0,-1,1,6,6,3,20,4,1390,1,11,VOLKSWAGEN POLO,-1,-1,0,-1
2021401096849,2021,401096849,2,9,0,18,19,-1,-1,0,0,0,0,0,0,0,2,1,6,6,1,44,7,1198,1,16,VOLKSWAGEN POLO,-1,-1,0,-1
2021430410394,2021,430410394,1,9,0,13,13,5,1,0,0,8,0,0,0,0,0,1,6,6,1,32,6,1422,2,13,VOLKSWAGEN POLO,-1,-1,0,-1
2021411095548,2021,411095548,1,9,0,3,3,3,7,0,0,0,0,0,0,0,2,1,1,1,2,22,5,1198,1,9,VOLKSWAGEN POLO,9,E01000249,0,-1
2021991017729,2021,991017729,1,9,0,18,19,7,3,0,0,0,0,0,0,0,3,1,2,2,1,27,6,1198,1,16,VOLKSWAGEN POLO,9,-1,0,-1
2021070069927,2021,070069927,1,9,0,18,19,5,1,0,0,3,0,9,3,0,1,1,1,1,1,23,5,1395,1,6,VOLKSWAGEN POLO,10,E01018690,0,-1
2021430436853,2021,430436853,2,9,0,18,19,2,6,0,0,2,0,0,0,0,2,1,2,2,1,-1,-1,999,1,2,VOLKSWAGEN POLO,6,E01028586,0,-1
2021141043401,2021,141043401,2,9,0,18,19,1,5,0,0,0,0,0,0,0,2,1,5,6,2,41,7,999,1,4,VOLKSWAGEN POLO,5,E01008139,0,-1
2021010309873,2021,010309873,1,9,0,2,2,0,0,0,0,0,0,0,0,0,2,1,6,6,3,-1,-1,1198,1,7,VOLKSWAGEN POLO,-1,-1,0,-1
2021201072970,2021,201072970,2,9,0,2,2,0,0,0,0,0,0,0,0,0,1,1,5,6,1,-1,-1,1197,1,5,VOLKSWAGEN POLO,-1,-1,0,-1
2021501119994,2021,501119994,1,9,0,7,7,8,3,0,0,8,0,0,0,0,1,1,2,2,2,40,7,999,1,6,VOLKSWAGEN POLO,4,E01015269,0,-1
2021622100685,2021,622100685,1,9,0,16,19,6,8,0,0,8,0,0,0,0,1,1,6,6,2,19,4,999,1,5,VOLKSWAGEN POLO,6,W01001147,0,-1
2021161125923,2021,161125923,1,9,0,9,9,5,7,0,0,6,0,0,0,0,1,1,2,2,2,63,9,999,1,3,VOLKSWAGEN POLO,10,E01013118,0,-1
2021531031381,2021,531031381,2,9,0,5,5,-1,-1,0,0,0,0,0,0,0,3,1,5,6,2,20,4,1197,1,7,VOLKSWAGEN POLO,3,E01022121,0,-1
2021451048994,2021,451048994,3,9,0,18,19,7,3,0,0,1,0,0,0,0,2,1,1,1,2,47,8,1198,1,18,VOLKSWAGEN POLO,10,E01030584,0,-1
2021552100588,2021,552100588,1,9,0,5,5,1,5,0,0,6,0,0,0,0,1,1,1,1,2,21,5,1422,2,13,VOLKSWAGEN POLO,7,E01015466,0,-1
2021471011288,2021,471011288,1,9,0,18,19,4,8,0,0,2,0,0,0,0,1,1,6,6,1,27,6,1390,1,20,VOLKSWAGEN POLO,4,E01020915,0,-1
2021421023924,2021,421023924,2,9,0,18,19,4,8,0,0,8,0,0,0,0,1,1,6,6,1,42,7,1198,1,9,VOLKSWAGEN POLO,2,E01004315,0,-1
2021010320483,2021,010320483,1,9,0,99,99,9,9,99,99,9,9,99,9,99,3,9,6,6,2,22,5,999,1,4,VOLKSWAGEN POLO,3,E01003136,0,-1
2021421109282,2021,421109282,2,9,0,18,19,3,7,0,0,0,0,0,0,0,2,1,5,6,1,83,11,999,1,0,VOLKSWAGEN POLO,6,E01021794,0,-1
2021161032102,2021,161032102,1,9,0,6,6,1,1,0,0,0,0,0,0,0,3,1,5,6,1,20,4,1198,1,10,VOLKSWAGEN POLO,1,E01033109,0,-1
2021501129671,2021,501129671,1,9,0,16,19,5,1,0,0,0,1,0,8,10,1,1,6,6,1,19,4,1390,1,10,VOLKSWAGEN POLO,7,E01018806,0,-1
2021351139274,2021,351139274,3,9,0,17,19,1,5,0,0,0,0,0,0,0,3,1,6,6,2,54,8,999,1,3,VOLKSWAGEN POLO,8,E01018277,0,-1
2021501078919,2021,501078919,1,9,0,18,19,7,3,0,0,0,0,0,0,0,1,1,5,6,2,58,9,1422,2,6,VOLKSWAGEN POLO,4,E01018994,0,-1
2021552100916,2021,552100916,1,9,0,16,19,7,1,0,0,8,0,0,7,10,1,1,6,6,1,18,4,1390,1,18,VOLKSWAGEN POLO,7,E01020354,0,-1
2021430544134,2021,430544134,2,9,0,4,4,1,5,0,0,1,0,0,0,0,2,1,6,6,1,50,8,1198,1,10,VOLKSWAGEN POLO,7,E01028509,0,-1
2021010338019,2021,010338019,1,9,0,18,19,1,5,0,0,0,9,0,0,0,3,1,6,6,2,49,8,1198,1,8,VOLKSWAGEN POLO,3,E01003716,0,-1
2021010310089,2021,010310089,2,9,0,9,9,5,3,0,0,8,0,0,0,0,4,1,6,6,1,21,5,1198,1,15,VOLKSWAGEN POLO,2,E01004251,0,-1
2021201111927,2021,201111927,1,9,0,17,19,1,6,0,0,0,0,10,1,11,4,1,6,6,1,17,4,1390,1,19,VOLKSWAGEN POLO,1,E01008928,0,-1
2021010298992,2021,010298992,3,9,0,99,99,9,9,99,99,9,9,99,9,99,0,9,6,6,3,-1,-1,1390,1,18,VOLKSWAGEN POLO,-1,-1,0,-1
2021010303836,2021,010303836,2,9,0,18,19,7,3,99,99,0,9,99,9,99,2,1,6,6,3,-1,-1,999,1,2,VOLKSWAGEN POLO,-1,-1,0,-1
2021010308573,2021,010308573,2,9,0,18,19,3,7,0,0,1,0,0,0,0,1,1,6,6,3,-1,-1,1197,1,4,VOLKSWAGEN POLO,-1,-1,0,-1
2021451083373,2021,451083373,2,9,0,17,19,7,3,0,0,1,0,0,1,10,1,1,5,6,2,66,10,1198,1,11,VOLKSWAGEN POLO,8,E01030527,0,-1
2021545854821,2021,545854821,2,9,0,18,19,6,2,0,0,0,0,0,0,0,3,1,6,6,1,51,8,1198,1,12,VOLKSWAGEN POLO,9,E01015471,0,-1
2021061127920,2021,061127920,1,9,0,3,3,1,5,0,0,2,0,0,1,10,4,1,5,6,2,18,4,1198,1,13,VOLKSWAGEN POLO,3,E01006114,0,-1
2021010320733,2021,010320733,2,9,0,99,99,9,9,99,99,0,9,99,9,99,9,9,6,6,3,-1,-1,1390,1,9,VOLKSWAGEN POLO,-1,-1,0,-1
2021552101194,2021,552101194,2,9,0,5,5,6,2,0,0,3,0,0,0,0,1,1,6,6,2,79,11,1198,1,11,VOLKSWAGEN POLO,5,E01020427,0,-1
2021471092902,2021,471092902,1,9,0,9,9,4,1,0,0,6,0,0,0,0,4,1,2,2,1,29,6,1197,1,4,VOLKSWAGEN POLO,6,E01016987,0,-1
2021421053753,2021,421053753,2,9,0,3,3,7,3,0,0,4,0,0,0,0,2,1,6,6,1,30,6,1198,1,12,VOLKSWAGEN POLO,3,E01021291,0,-1
2021122100446,2021,122100446,1,9,0,5,5,4,2,0,0,8,0,0,0,0,3,1,6,6,3,-1,-1,1198,1,11,VOLKSWAGEN POLO,-1,-1,0,-1
2021991048058,2021,991048058,1,9,0,18,19,4,8,0,0,1,0,0,0,0,1,1,5,6,2,38,7,999,1,5,VOLKSWAGEN POLO,1,-1,0,-1
2021501045165,2021,501045165,2,9,0,18,19,7,3,0,0,4,0,0,0,0,4,1,5,6,1,31,6,1390,1,16,VOLKSWAGEN POLO,4,E01020017,0,-1
2021430414704,2021,430414704,1,9,0,7,7,8,2,0,0,8,0,0,0,0,4,1,6,6,1,22,5,1395,1,5,VOLKSWAGEN POLO,3,E01027060,0,-1
2021451040777,2021,451040777,1,9,0,9,9,7,3,0,0,8,0,0,0,0,4,1,2,2,1,19,4,1198,1,9,VOLKSWAGEN POLO,10,E01030517,0,-1
2021010293297,2021,010293297,1,9,0,9,9,3,1,0,0,6,0,0,0,0,1,1,2,2,1,38,7,999,1,3,VOLKSWAGEN POLO,5,E01000239,0,-1
202131D068721,2021,31D068721,2,9,0,9,9,5,2,0,0,5,0,0,0,0,3,1,6,6,2,70,10,999,1,2,VOLKSWAGEN POLO,10,E01028381,0,-1
202134NNC2221,2021,34NNC2221,2,9,0,18,19,1,5,0,0,8,0,0,0,0,1,1,6,6,2,47,8,999,1,0,VOLKSWAGEN POLO,7,E01027338,0,-1
2021430241181,2021,430241181,2,9,0,12,12,4,8,0,0,8,0,0,0,0,3,1,6,6,1,27,6,1198,1,10,VOLKSWAGEN POLO,4,E01016448,0,-1
2021411118165,2021,411118165,1,9,0,18,19,8,2,0,0,4,0,0,0,0,3,1,1,1,2,19,4,1198,1,10,VOLKSWAGEN POLO,6,E01023789,0,-1