collision_index,collision_year,collision_ref_no,vehicle_reference,vehicle_type,towing_and_articulation,vehicle_manoeuvre_historic,vehicle_manoeuvre,vehicle_direction_from,vehicle_direction_to,vehicle_location_restricted_lane_historic,vehicle_location_restricted_lane,junction_location,skidding_and_overturning,hit_object_in_carriageway,vehicle_leaving_carriageway,hit_object_off_carriageway,first_point_of_impact,vehicle_left_hand_drive,journey_purpose_of_driver_historic,journey_purpose_of_driver,sex_of_driver,age_of_driver,age_band_of_driver,engine_capacity_cc,propulsion_code,age_of_vehicle,generic_make_model,driver_imd_decile,lsoa_of_driver,escooter_flag,driver_distance_banding
2021461054011,2021,461054011,2,9,0,18,19,3,7,0,0,0,0,0,0,0,2,1,6,6,2,54,8,1395,1,5,VOLKSWAGEN POLO,10,E01024731,0,-1
2021010317155,2021,010317155,1,9,0,99,99,9,9,99,99,0,9,99,9,99,2,9,6,6,2,20,4,1197,1,6,VOLKSWAGEN POLO,9,E01021748,0,-1
2021010318166,2021,010318166,2,9,0,99,99,9,9,99,99,9,9,99,9,99,1,9,6,6,2,-1,-1,999,1,2,VOLKSWAGEN POLO,3,E01001938,0,-1
2021440321822,2021,440321822,1,9,0,18,19,5,1,0,0,0,0,0,0,0,4,1,6,6,1,73,10,999,1,1,VOLKSWAGEN POLO,6,E01023284,0,-1
2021010301057,2021,010301057,1,9,0,5,5,0,1,9,9,6,0,0,0,0,1,1,6,6,1,53,8,1595,1,25,VOLKSWAGEN POLO,-1,-1,0,-1
2021991027952,2021,991027952,1,9,0,2,2,0,0,6,6,0,0,0,0,0,1,1,6,6,1,18,4,1390,1,12,VOLKSWAGEN POLO,-1,-1,0,-1
2021471038597,2021,471038597,2,9,0,18,19,5,1,0,0,8,0,0,0,0,1,1,2,2,2,75,10,1390,1,13,VOLKSWAGEN POLO,5,E01031771,0,-1
202163D047621,2021,63D047621,1,9,0,17,19,4,1,0,0,0,2,0,1,10,4,1,6,6,1,36,7,999,1,22,VOLKSWAGEN POLO,10,W01000824,0,-1
2021201131912,2021,201131912,2,9,0,18,19,4,8,0,0,6,0,10,7,10,1,1,1,1,2,21,5,1198,1,13,VOLKSWAGEN POLO,1,E01033650,0,-1
2021010307769,2021,010307769,1,9,0,18,19,1,5,99,99,9,9,99,0,0,4,9,2,2,2,19,4,999,1,6,VOLKSWAGEN POLO,8,E01000784,0,-1
2021371125698,2021,371125698,1,9,0,18,19,3,7,0,0,0,0,0,0,0,-1,1,6,6,1,65,9,999,1,6,VOLKSWAGEN POLO,6,E01030097,0,-1
202163B015221,2021,63B015221,1,9,0,4,4,4,8,0,0,0,0,0,0,0,3,1,6,6,2,22,5,999,1,3,VOLKSWAGEN POLO,9,W01000534,0,-1
2021010338791,2021,010338791,1,9,0,99,99,9,9,99,99,9,9,99,9,99,2,9,2,2,2,27,6,999,1,5,VOLKSWAGEN POLO,7,E01001131,0,-1
2021041081657,2021,041081657,1,9,0,18,19,5,1,0,0,1,0,0,0,0,1,1,5,6,1,17,4,1390,1,18,VOLKSWAGEN POLO,2,E01012579,0,-1
2021546971121,2021,546971121,3,9,0,4,4,5,1,0,0,0,0,0,0,0,2,1,1,1,2,43,7,999,1,0,VOLKSWAGEN POLO,10,W01001733,0,-1
2021991108214,2021,991108214,1,9,0,9,9,8,3,0,0,1,0,0,0,0,1,1,2,2,1,26,6,1798,1,5,VOLKSWAGEN POLO,3,-1,0,-1
2021351119738,2021,351119738,1,9,0,5,5,3,1,0,0,2,0,0,7,0,2,1,4,7,1,46,8,1984,1,2,VOLKSWAGEN POLO,2,E01018068,0,-1
2021041101558,2021,041101558,2,9,0,18,19,5,1,0,0,1,0,0,0,0,1,2,5,6,2,51,8,999,1,1,VOLKSWAGEN POLO,6,E01025002,0,-1
2021461081247,2021,461081247,1,9,0,4,4,2,5,0,0,1,2,0,7,0,4,1,5,6,1,22,5,1198,1,7,VOLKSWAGEN POLO,4,E01024090,0,-1
2021221013321,2021,221013321,1,9,0,17,19,4,1,0,0,0,0,0,1,10,1,1,2,2,2,19,4,1198,1,15,VOLKSWAGEN POLO,4,E01014025,0,-1
2021461051706,2021,461051706,1,9,0,9,9,5,3,0,0,0,0,0,0,0,3,1,2,2,2,48,8,999,1,3,VOLKSWAGEN POLO,10,E01024270,0,-1
2021211097614,2021,211097614,2,9,0,18,19,5,1,0,0,1,0,0,0,0,1,1,1,1,1,20,4,1798,1,6,VOLKSWAGEN POLO,5,E01028859,0,-1
2021401040493,2021,401040493,1,9,0,18,19,7,3,0,0,0,0,0,0,0,1,1,5,6,1,18,4,1198,1,9,VOLKSWAGEN POLO,5,E01023914,0,-1
2021010373030,2021,010373030,1,9,0,18,19,5,1,0,0,0,0,0,0,0,1,1,1,1,1,21,5,1198,1,9,VOLKSWAGEN POLO,6,E01000232,0,-1
2021010312596,2021,010312596,3,9,0,18,19,1,5,0,0,1,0,0,0,0,1,1,6,6,1,30,6,1198,1,12,VOLKSWAGEN POLO,4,E01003573,0,-1
2021411029367,2021,411029367,2,9,0,2,2,7,3,9,9,0,0,0,0,0,1,1,5,6,3,-1,-1,1198,1,16,VOLKSWAGEN POLO,-1,-1,0,-1
2021061090511,2021,061090511,2,9,0,18,19,4,8,0,0,1,0,0,0,0,1,1,6,6,3,30,6,1400,2,15,VOLKSWAGEN POLO,-1,-1,0,-1
2021010342168,2021,010342168,1,9,0,4,4,5,1,0,0,0,0,0,0,0,0,1,6,6,2,51,8,999,1,2,VOLKSWAGEN POLO,8,E01004506,0,-1
2021010317623,2021,010317623,3,9,0,2,2,0,0,0,0,1,0,0,0,0,1,1,6,6,3,-1,-1,1197,1,5,VOLKSWAGEN POLO,-1,-1,0,-1
2021010316341,2021,010316341,3,9,0,3,3,1,5,0,0,1,0,0,0,0,1,1,6,6,2,43,7,1422,2,20,VOLKSWAGEN POLO,2,E01001249,0,-1
2021101059471,2021,101059471,1,9,0,18,19,1,5,0,0,2,0,0,0,0,1,1,5,6,1,24,5,1197,1,6,VOLKSWAGEN POLO,10,E01008589,0,-1
2021010336363,2021,010336363,1,9,0,18,19,3,7,0,0,8,0,0,0,0,1,1,6,6,1,24,5,999,1,1,VOLKSWAGEN POLO,10,E01030321,0,-1
2021201146036,2021,201146036,2,9,0,18,19,5,1,0,0,8,5,10,3,0,4,1,6,6,1,20,4,1198,1,10,VOLKSWAGEN POLO,5,E01009240,0,-1
2021440458274,2021,440458274,1,9,0,18,19,5,1,0,0,1,0,0,0,0,3,1,6,6,2,21,5,999,1,6,VOLKSWAGEN POLO,10,E01032850,0,-1
2021991096788,2021,991096788,2,9,0,9,9,7,5,0,0,0,0,0,0,0,4,1,1,1,2,60,9,999,1,2,VOLKSWAGEN POLO,9,-1,0,-1
2021991017157,2021,991017157,2,9,0,5,5,1,8,0,0,3,0,0,0,0,3,1,6,6,2,33,6,999,1,5,VOLKSWAGEN POLO,1,-1,0,-1
2021010305992,2021,010305992,1,9,0,18,19,2,6,0,0,0,0,4,1,0,1,1,3,7,2,39,7,1390,1,18,VOLKSWAGEN POLO,8,E01002499,0,-1
2021201030887,2021,201030887,1,9,0,18,19,4,7,9,9,6,0,10,3,11,1,1,6,6,1,-1,-1,1400,2,14,VOLKSWAGEN POLO,-1,-1,0,-1
2021451110540,2021,451110540,2,9,0,18,19,1,5,0,0,0,0,0,0,0,4,1,6,6,1,27,6,1598,2,11,VOLKSWAGEN POLO,4,E01033081,0,-1
2021991074129,2021,991074129,1,9,0,16,19,5,1,0,0,0,1,6,1,11,2,1,6,6,2,19,4,1198,1,14,VOLKSWAGEN POLO,6,-1,0,-1
2021501135121,2021,501135121,1,9,0,17,19,3,7,0,0,0,5,0,1,11,4,1,6,6,1,17,4,1198,1,10,VOLKSWAGEN POLO,7,E01020298,0,-1
2021161016755,2021,161016755,2,9,0,3,3,7,3,0,0,0,0,0,0,0,2,1,6,6,1,41,7,1400,2,14,VOLKSWAGEN POLO,1,E01013312,0,-1
2021520104895,2021,520104895,2,9,0,2,2,0,0,0,0,0,0,0,0,0,3,1,6,6,3,-1,-1,999,1,0,VOLKSWAGEN POLO,-1,-1,0,-1
2021451109449,2021,451109449,1,9,0,18,19,3,7,0,0,1,1,0,1,11,1,1,2,2,2,35,6,1198,1,13,VOLKSWAGEN POLO,10,E01016605,0,-1
2021010333008,2021,010333008,2,9,9,99,99,9,9,99,99,9,9,99,9,99,9,9,6,6,2,66,10,1390,1,13,VOLKSWAGEN POLO,5,E01000158,0,-1
2021522101645,2021,522101645,1,9,0,18,19,3,7,0,0,3,0,0,0,0,1,1,6,6,1,21,5,1198,1,8,VOLKSWAGEN POLO,9,E01014719,0,-1
2021131083177,2021,131083177,1,9,0,9,9,6,4,0,0,8,0,0,0,0,4,1,5,6,2,33,6,999,1,7,VOLKSWAGEN POLO,2,E01010981,0,-1
2021501038396,2021,501038396,2,9,0,4,4,1,3,0,0,1,0,0,0,0,2,1,5,6,2,65,9,1400,2,14,VOLKSWAGEN POLO,3,E01018953,0,-1
2021010321543,2021,010321543,2,9,0,18,19,5,1,0,0,1,0,0,3,0,1,1,2,2,1,31,6,1197,1,6,VOLKSWAGEN POLO,4,E01001463,0,-1
2021010300428,2021,010300428,2,9,0,18,19,6,2,2,2,5,0,0,0,0,3,1,6,6,1,22,5,999,1,3,VOLKSWAGEN POLO,2,E01001367,0,-1
2021411074317,2021,411074317,1,9,0,18,19,3,7,0,0,4,0,0,0,0,1,1,6,6,2,20,4,1198,1,15,VOLKSWAGEN POLO,3,E01015724,0,-1
2021430490883,2021,430490883,1,9,0,16,19,6,2,0,0,5,0,0,1,4,1,1,6,6,1,19,4,1390,1,9,VOLKSWAGEN POLO,8,E01032947,0,-1
2021461058372,2021,461058372,1,9,0,5,5,3,7,0,0,2,0,0,0,0,1,1,1,1,2,30,6,1199,2,10,VOLKSWAGEN POLO,6,E01024225,0,-1
2021501027267,2021,501027267,1,9,0,5,5,8,6,0,0,1,0,0,0,0,1,1,6,6,1,56,9,1896,2,19,VOLKSWAGEN POLO,5,E01018831,0,-1
2021471082214,2021,471082214,1,9,0,18,19,7,3,0,0,1,1,10,1,1,4,1,6,6,1,25,5,1390,1,10,VOLKSWAGEN POLO,7,E01031471,0,-1
2021010338290,2021,010338290,1,9,0,99,99,9,9,99,99,0,9,99,9,99,1,9,6,6,2,22,5,1400,1,15,VOLKSWAGEN POLO,3,E01003736,0,-1
2021010325860,2021,010325860,1,9,0,5,5,3,7,0,0,0,5,4,0,0,1,1,6,6,2,22,5,1390,1,14,VOLKSWAGEN POLO,5,E01002443,0,-1
2021361095760,2021,361095760,1,9,0,1,1,4,8,0,0,0,0,0,0,0,1,1,6,6,2,75,10,1197,1,6,VOLKSWAGEN POLO,6,E01026771,0,-1
2021010317332,2021,010317332,1,9,0,18,19,5,1,0,0,0,0,4,0,0,1,1,6,6,2,33,6,1390,1,17,VOLKSWAGEN POLO,3,E01001728,0,-1
2021010320646,2021,010320646,2,9,0,99,99,9,9,99,99,9,9,99,9,99,1,9,6,6,3,-1,-1,999,1,0,VOLKSWAGEN POLO,-1,-1,0,-1
2021010337956,2021,010337956,1,9,0,18,19,6,2,0,0,1,0,0,0,0,1,1,6,6,1,54,8,1198,1,18,VOLKSWAGEN POLO,2,E01002217,0,-1
202134NNC2691,2021,34NNC2691,2,9,0,18,19,5,1,0,0,0,1,0,1,0,1,1,6,6,1,20,4,1198,1,19,VOLKSWAGEN POLO,9,E01027066,0,-1
2021302101327,2021,302101327,1,9,0,7,7,6,8,0,0,6,0,0,0,0,1,1,1,1,1,28,6,1984,1,1,VOLKSWAGEN POLO,10,E01029854,0,-1
2021010315446,2021,010315446,1,9,0,7,7,4,7,0,0,5,0,0,0,0,2,1,2,2,2,33,6,1198,1,9,VOLKSWAGEN POLO,2,E01003196,0,-1
2021411053406,2021,411053406,1,9,0,14,14,7,3,0,0,1,1,0,0,0,1,1,2,2,1,20,4,1422,2,19,VOLKSWAGEN POLO,5,E01002114,0,-1
2021010293631,2021,010293631,1,9,0,99,99,9,9,99,99,0,9,99,9,99,2,9,6,6,1,20,4,1400,1,15,VOLKSWAGEN POLO,9,E01030715,0,-1
2021170M10591,2021,170M10591,1,9,0,9,9,1,7,0,0,8,0,0,0,0,3,1,6,6,1,39,7,999,1,3,VOLKSWAGEN POLO,1,E01012093,0,-1
2021461100024,2021,461100024,1,9,0,8,8,8,3,0,0,0,1,0,7,0,3,1,1,1,2,27,6,1598,2,8,VOLKSWAGEN POLO,2,E01024020,0,-1
2021010322023,2021,010322023,1,9,9,99,99,9,9,0,0,9,0,99,9,99,9,9,6,6,3,-1,-1,1390,1,18,VOLKSWAGEN POLO,1,E01003087,0,-1
2021501079734,2021,501079734,1,9,0,13,13,1,5,0,0,0,0,0,0,0,1,1,1,1,1,23,5,1197,1,4,VOLKSWAGEN POLO,4,E01020053,0,-1
2021991122084,2021,991122084,2,9,0,18,19,3,8,0,0,1,0,0,0,0,1,1,5,6,2,27,6,1198,1,18,VOLKSWAGEN POLO,5,-1,0,-1
2021522106008,2021,522106008,1,9,0,18,19,6,1,0,0,8,0,0,0,0,2,1,6,6,2,33,6,1422,2,5,VOLKSWAGEN POLO,10,E01033334,0,-1
2021010331426,2021,010331426,1,9,0,3,3,3,7,0,0,1,0,0,0,0,1,1,6,6,2,23,5,1197,1,7,VOLKSWAGEN POLO,6,E01000161,0,-1
2021231078315,2021,231078315,2,9,0,18,19,5,5,0,0,0,0,0,0,0,1,1,6,6,1,27,6,1798,1,4,VOLKSWAGEN POLO,6,E01031153,0,-1
2021131125955,2021,131125955,1,9,0,18,19,1,2,0,0,1,0,0,0,0,4,1,1,1,1,33,6,1198,1,7,VOLKSWAGEN POLO,3,E01010827,0,-1
2021461029043,2021,461029043,2,9,0,3,3,7,3,0,0,0,0,0,0,0,2,1,6,6,2,52,8,1197,1,4,VOLKSWAGEN POLO,7,E01024131,0,-1
2021471041019,2021,471041019,1,9,0,18,19,1,5,0,0,0,5,0,0,0,1,1,6,6,1,24,5,1197,1,5,VOLKSWAGEN POLO,10,E01031715,0,-1
2021991051163,2021,991051163,3,9,0,2,2,0,0,0,0,2,0,0,0,0,2,1,6,6,3,-1,-1,999,1,6,VOLKSWAGEN POLO,-1,-1,0,-1
2021010320874,2021,010320874,2,9,0,9,9,7,4,0,0,5,0,0,0,0,3,1,6,6,2,30,6,999,1,7,VOLKSWAGEN POLO,1,E01002066,0,-1
2021010289070,2021,010289070,1,9,0,99,99,9,9,99,99,0,9,99,9,99,2,9,6,6,3,22,5,1390,1,11,VOLKSWAGEN POLO,9,E01000991,0,-1
2021421019675,2021,421019675,1,9,0,17,19,6,3,0,0,0,0,0,1,4,4,1,6,6,1,24,5,1422,2,19,VOLKSWAGEN POLO,5,E01021854,0,-1
2021131057693,2021,131057693,1,9,0,4,4,5,1,0,0,8,0,0,0,0,4,1,5,6,2,21,5,1422,2,6,VOLKSWAGEN POLO,7,E01011833,0,-1
2021451041241,2021,451041241,1,9,0,18,19,2,8,0,0,8,0,0,0,0,3,1,6,6,1,34,6,1197,1,7,VOLKSWAGEN POLO,10,E01030989,0,-1
2021131098609,2021,131098609,2,9,0,18,19,5,1,0,0,8,0,0,0,0,1,1,6,6,2,25,5,1197,1,5,VOLKSWAGEN POLO,2,E01011740,0,-1
2021501056264,2021,501056264,3,9,0,9,9,1,7,0,0,7,0,0,0,0,2,1,6,6,1,72,10,1197,1,7,VOLKSWAGEN POLO,6,E01019893,0,-1
2021010318812,2021,010318812,1,9,0,99,99,9,9,99,99,9,9,99,9,99,3,9,6,6,3,-1,-1,1197,1,5,VOLKSWAGEN POLO,-1,-1,0,-1
2021231047612,2021,231047612,1,9,0,9,9,7,5,0,0,6,0,0,0,0,1,1,5,6,2,19,4,1197,1,5,VOLKSWAGEN POLO,8,E01027593,0,-1
202131B172621,2021,31B172621,2,9,0,4,4,6,2,0,0,1,0,0,0,0,2,1,1,1,1,22,5,1198,1,11,VOLKSWAGEN POLO,5,E01028286,0,-1
2021430583114,2021,430583114,1,9,0,18,19,1,5,0,0,0,5,10,7,0,1,1,6,6,1,17,4,1400,1,14,VOLKSWAGEN POLO,9,E01028433,0,-1
2021010351348,2021,010351348,2,9,0,9,9,5,3,0,0,8,0,0,0,0,1,2,6,6,1,18,4,999,1,0,VOLKSWAGEN POLO,10,E01000348,0,-1
2021552100145,2021,552100145,2,9,0,18,19,5,1,0,0,1,0,0,0,0,1,1,6,6,2,22,5,1198,1,13,VOLKSWAGEN POLO,3,E01015285,0,-1
2021371136151,2021,371136151,1,9,0,18,19,2,6,0,0,0,1,0,1,9,1,1,6,6,2,55,8,1422,2,13,VOLKSWAGEN POLO,7,E01030083,0,-1
2021131045825,2021,131045825,1,9,0,18,19,3,7,0,0,0,0,0,0,0,3,1,5,6,2,19,4,1198,1,15,VOLKSWAGEN POLO,3,E01011141,0,-1
2021411117768,2021,411117768,2,9,0,18,19,8,4,0,0,0,0,0,0,0,1,1,6,6,2,-1,-1,999,1,4,VOLKSWAGEN POLO,10,E01023700,0,-1
2021010343738,2021,010343738,1,9,0,18,19,7,3,0,0,1,0,0,0,0,1,1,6,6,1,21,5,1198,1,9,VOLKSWAGEN POLO,6,E01003285,0,-1
2021522102046,2021,522102046,2,9,0,18,19,3,7,0,0,8,0,0,0,0,1,1,6,6,3,-1,-1,1390,1,9,VOLKSWAGEN POLO,-1,-1,0,-1
2021231052147,2021,231052147,2,9,0,10,10,4,2,0,0,1,0,0,3,1,2,1,5,6,2,71,10,999,1,5,VOLKSWAGEN POLO,7,E01031033,0,-1
2021041084459,2021,041084459,2,9,0,7,7,3,7,0,0,0,0,0,0,0,4,1,6,6,1,18,4,1198,1,10,VOLKSWAGEN POLO,6,E01019297,0,-1
2021010289682,2021,010289682,1,9,0,9,9,6,4,0,0,5,0,0,0,0,3,1,6,6,2,40,7,1400,1,21,VOLKSWAGEN POLO,7,E01003815,0,-1
202131B153021,2021,31B153021,2,9,0,18,19,2,6,0,0,0,0,0,0,0,1,1,6,6,2,83,11,1390,1,17,VOLKSWAGEN POLO,9,E01013077,0,-1
2021101041554,2021,101041554,1,9,0,3,3,2,6,0,0,4,0,0,0,0,1,1,1,1,2,58,9,999,1,2,VOLKSWAGEN POLO,4,-1,0,-1
2021544209821,2021,544209821,1,9,0,18,19,2,6,0,0,0,0,0,0,0,1,1,6,6,2,58,9,1197,1,7,VOLKSWAGEN POLO,9,E01031968,0,-1
2021401121811,2021,401121811,1,9,0,9,9,2,5,0,0,1,0,0,0,0,1,1,5,6,2,24,5,1390,1,10,VOLKSWAGEN POLO,2,E01015781,0,-1
2021421026041,2021,421026041,1,9,0,18,19,5,1,0,0,1,0,0,0,0,1,1,2,2,2,29,6,1598,2,11,VOLKSWAGEN POLO,4,E01029922,0,-1
2021471042462,2021,471042462,1,9,0,18,19,8,4,0,0,4,0,0,0,0,1,1,6,6,1,84,11,1198,1,9,VOLKSWAGEN POLO,8,E01031629,0,-1
2021451043761,2021,451043761,1,9,0,16,19,3,7,0,0,8,0,0,0,0,3,1,2,2,1,25,5,1390,1,7,VOLKSWAGEN POLO,9,E01030559,0,-1
2021010310850,2021,010310850,3,9,0,2,2,0,0,0,0,1,0,0,0,0,2,1,6,6,3,-1,-1,1198,1,10,VOLKSWAGEN POLO,-1,-1,0,-1
2021061135914,2021,061135914,1,9,0,18,19,7,3,0,0,8,0,0,0,0,1,1,1,1,1,45,7,1198,1,11,VOLKSWAGEN POLO,8,E01006229,0,-1
2021361110398,2021,361110398,1,9,0,7,7,1,5,0,0,0,0,0,0,0,3,1,5,6,2,78,11,999,1,3,VOLKSWAGEN POLO,5,E01026538,0,-1
2021010341810,2021,010341810,1,9,0,12,12,1,5,0,0,6,0,0,1,1,1,1,6,6,1,20,4,999,1,2,VOLKSWAGEN POLO,-1,-1,0,-1
202131A083721,2021,31A083721,2,9,0,3,3,5,1,0,0,2,0,0,0,0,2,1,6,6,1,21,5,1198,1,14,VOLKSWAGEN POLO,3,E01019508,0,-1
2021371104576,2021,371104576,1,9,0,18,19,2,6,0,0,0,0,0,0,0,3,1,5,6,1,22,5,1400,1,16,VOLKSWAGEN POLO,4,E01030231,0,-1
2021991049871,2021,991049871,1,9,0,18,19,2,6,0,0,0,0,0,0,0,1,1,5,6,1,50,8,999,1,6,VOLKSWAGEN POLO,1,-1,0,-1
202134WNC6291,2021,34WNC6291,2,9,0,16,19,5,7,0,0,7,0,0,0,0,1,1,6,6,1,20,4,1390,1,8,VOLKSWAGEN POLO,8,E01027183,0,-1
2021122100405,2021,122100405,2,9,0,2,2,0,0,0,0,0,0,0,0,0,1,1,6,6,2,40,7,1390,1,7,VOLKSWAGEN POLO,3,E01013444,0,-1
2021070454018,2021,070454018,1,9,0,5,5,5,1,0,0,1,0,0,0,0,1,1,6,6,2,-1,-1,999,1,6,VOLKSWAGEN POLO,3,E01018497,0,-1
2021070440694,2021,070440694,3,9,0,2,2,0,0,0,0,0,0,0,0,0,1,1,6,6,3,-1,-1,1198,1,13,VOLKSWAGEN POLO,-1,-1,0,-1
2021411120821,2021,411120821,2,9,-1,9,9,7,5,0,0,1,0,0,0,0,3,1,5,6,1,36,7,1198,1,9,VOLKSWAGEN POLO,10,E01023565,0,-1
2021010331532,2021,010331532,3,9,0,2,2,0,0,0,0,1,0,0,0,0,2,1,6,6,3,-1,-1,999,1,4,VOLKSWAGEN POLO,-1,-1,0,-1
2021411161385,2021,411161385,2,9,0,18,19,5,1,0,0,0,0,0,0,0,1,1,5,6,2,24,5,1198,1,7,VOLKSWAGEN POLO,10,E01023370,0,-1
2021430243575,2021,430243575,1,9,0,18,19,8,4,0,0,6,0,0,0,0,4,1,2,2,2,20,4,999,1,4,VOLKSWAGEN POLO,-1,-1,0,-1
2021461120958,2021,461120958,2,9,0,18,19,3,7,0,0,0,0,0,0,0,2,1,6,6,1,23,5,1199,2,8,VOLKSWAGEN POLO,8,E01024605,0,-1
2021010292371,2021,010292371,2,9,0,3,3,5,1,0,0,6,0,0,0,0,1,1,6,6,2,36,7,1390,1,10,VOLKSWAGEN POLO,7,E01024764,0,-1
2021010288913,2021,010288913,3,9,0,2,2,0,0,0,0,0,0,0,0,0,2,1,6,6,3,-1,-1,1198,1,10,VOLKSWAGEN POLO,-1,-1,0,-1
2021361164755,2021,361164755,1,9,0,18,19,4,8,0,0,8,0,0,0,0,1,1,5,6,1,19,4,1390,1,14,VOLKSWAGEN POLO,5,E01026464,0,-1
2021052100977,2021,052100977,2,9,0,18,19,6,2,0,0,1,0,0,0,0,1,1,6,6,2,66,10,999,1,6,VOLKSWAGEN POLO,1,E01006737,0,-1
2021101070842,2021,101070842,4,9,0,3,3,1,5,0,0,0,0,0,0,0,2,1,6,6,1,41,7,1198,1,19,VOLKSWAGEN POLO,4,E01008502,0,-1
2021481132809,2021,481132809,1,9,0,18,19,3,7,0,0,1,0,0,0,0,1,1,6,6,2,30,6,1390,1,11,VOLKSWAGEN POLO,-1,-1,0,-1
2021010330117,2021,010330117,1,9,0,18,19,5,1,0,0,0,0,0,1,0,3,1,6,6,1,86,11,1198,1,16,VOLKSWAGEN POLO,6,E01002023,0,-1
2021131067794,2021,131067794,1,9,0,18,19,8,4,0,0,0,0,0,1,0,1,1,5,6,2,26,6,999,1,1,VOLKSWAGEN POLO,1,E01011348,0,-1
2021622100422,2021,622100422,1,9,0,9,9,6,4,0,0,4,0,0,0,0,1,1,6,6,2,35,6,1198,1,11,VOLKSWAGEN POLO,4,W01001800,0,-1
2021201113793,2021,201113793,2,9,0,7,7,8,2,0,0,5,1,0,0,0,3,1,1,1,1,24,5,1198,1,11,VOLKSWAGEN POLO,1,E01008896,0,-1
2021010343665,2021,010343665,2,9,0,99,99,9,9,99,99,9,9,99,9,99,2,9,6,6,1,21,5,1400,1,16,VOLKSWAGEN POLO,1,E01004245,0,-1
2021461120894,2021,461120894,1,9,0,16,19,8,4,0,0,0,0,0,1,0,1,1,5,6,2,24,5,999,1,2,VOLKSWAGEN POLO,7,E01024813,0,-1
2021440240456,2021,440240456,2,9,0,18,19,7,4,0,0,8,0,0,0,0,3,1,6,6,1,33,6,1390,1,18,VOLKSWAGEN POLO,1,E01017035,0,-1
2021070435486,2021,070435486,1,9,0,4,4,1,5,0,0,0,0,0,0,0,2,1,3,7,2,71,10,1390,1,9,VOLKSWAGEN POLO,8,E01029616,0,-1
202163D043121,2021,63D043121,1,9,0,18,19,2,6,0,0,0,0,6,1,10,1,1,6,6,2,25,5,1390,1,9,VOLKSWAGEN POLO,6,E01004029,0,-1
2021622100368,2021,622100368,2,9,0,2,2,0,0,0,0,0,0,0,0,0,3,1,6,6,1,24,5,1197,1,8,VOLKSWAGEN POLO,3,W01001004,0,-1
2021451103084,2021,451103084,1,9,0,9,9,1,7,0,0,8,0,0,0,0,1,1,1,1,2,53,8,1198,1,9,VOLKSWAGEN POLO,7,E01030859,0,-1
2021461107839,2021,461107839,1,9,0,9,9,8,3,0,0,1,0,0,0,0,1,1,3,7,2,40,7,1400,1,14,VOLKSWAGEN POLO,1,E01016024,0,-1
2021010344195,2021,010344195,1,9,0,18,19,7,3,0,0,0,0,0,0,0,1,1,6,6,1,50,8,1390,1,18,VOLKSWAGEN POLO,10,E01002189,0,-1
2021010318174,2021,010318174,1,9,0,18,19,1,5,0,0,1,1,0,6,0,2,1,6,6,1,23,5,1400,1,14,VOLKSWAGEN POLO,4,E01002455,0,-1
2021451074542,2021,451074542,3,9,0,2,2,0,0,0,0,0,0,4,0,0,2,1,6,6,3,-1,-1,1199,2,10,VOLKSWAGEN POLO,-1,-1,0,-1
2021061077347,2021,061077347,1,9,0,18,19,7,3,0,0,0,0,0,0,0,3,1,5,6,2,34,6,999,1,2,VOLKSWAGEN POLO,5,E01006265,0,-1
2021461067403,2021,461067403,2,9,0,7,7,3,7,0,0,3,0,0,0,0,2,1,6,6,2,49,8,1197,1,7,VOLKSWAGEN POLO,1,E01024498,0,-1
2021010303410,2021,010303410,1,9,0,18,19,5,1,0,0,0,0,0,0,0,1,1,6,6,1,27,6,1390,1,12,VOLKSWAGEN POLO,1,E01003487,0,-1
2021440278652,2021,440278652,1,9,0,9,9,6,2,0,0,5,0,0,0,0,2,1,6,6,2,55,8,1197,1,5,VOLKSWAGEN POLO,10,E01022596,0,-1
2021471016074,2021,471016074,1,9,0,18,19,3,5,0,0,2,0,4,0,0,1,1,6,6,3,-1,-1,1390,1,17,VOLKSWAGEN POLO,-1,-1,0,-1
2021531103106,2021,531103106,2,9,0,18,19,-1,-1,0,0,8,0,0,0,0,1,1,5,6,1,21,5,1390,1,8,VOLKSWAGEN POLO,8,E01022446,0,-1
2021461039943,2021,461039943,2,9,0,18,19,3,7,0,0,1,0,0,0,0,2,1,5,6,2,70,10,1198,1,7,VOLKSWAGEN POLO,5,E01024033,0,-1
2021010340353,2021,010340353,2,9,0,99,99,9,9,99,99,9,9,99,9,99,9,9,6,6,1,-1,-1,1197,1,6,VOLKSWAGEN POLO,-1,-1,0,-1
2021010327611,2021,010327611,1,9,0,99,99,9,9,99,99,0,9,99,9,99,4,9,6,6,1,23,5,1600,1,21,VOLKSWAGEN POLO,3,E01002303,0,-1
2021361148371,2021,361148371,1,9,0,18,19,5,1,0,0,0,0,12,0,0,1,1,2,2,1,20,4,1198,1,13,VOLKSWAGEN POLO,-1,-1,0,-1
2021111049806,2021,111049806,2,9,0,18,19,3,7,0,0,0,0,0,0,0,1,1,5,6,2,76,11,1198,1,8,VOLKSWAGEN POLO,8,E01020862,0,-1
2021010347193,2021,010347193,1,9,0,18,19,7,3,99,99,9,9,99,9,99,3,1,6,6,1,33,6,1197,1,4,VOLKSWAGEN POLO,8,E01021795,0,-1
2021010332394,2021,010332394,1,9,0,18,19,7,3,0,0,0,0,0,1,0,4,1,6,6,1,55,8,1197,1,5,VOLKSWAGEN POLO,6,E01003641,0,-1
2021622100800,2021,622100800,1,9,0,18,19,6,2,0,0,1,0,0,0,0,1,1,6,6,2,20,4,999,1,3,VOLKSWAGEN POLO,7,W01000982,0,-1