collision_index,collision_year,collision_ref_no,vehicle_reference,vehicle_type,towing_and_articulation,vehicle_manoeuvre_historic,vehicle_manoeuvre,vehicle_direction_from,vehicle_direction_to,vehicle_location_restricted_lane_historic,vehicle_location_restricted_lane,junction_location,skidding_and_overturning,hit_object_in_carriageway,vehicle_leaving_carriageway,hit_object_off_carriageway,first_point_of_impact,vehicle_left_hand_drive,journey_purpose_of_driver_historic,journey_purpose_of_driver,sex_of_driver,age_of_driver,age_band_of_driver,engine_capacity_cc,propulsion_code,age_of_vehicle,generic_make_model,driver_imd_decile,lsoa_of_driver,escooter_flag,driver_distance_banding
2021122101121,2021,122101121,1,9,0,9,9,5,3,0,0,6,0,0,0,0,1,1,2,2,2,31,6,999,1,3,VOLKSWAGEN POLO,9,E01027664,0,-1
2021430318031,2021,430318031,1,9,0,18,19,8,4,0,0,0,0,7,0,0,3,1,6,6,1,85,11,1197,1,6,VOLKSWAGEN POLO,5,E01002449,0,-1
2021531042512,2021,531042512,1,9,0,-1,-1,-1,-1,-1,-1,-1,-1,-1,-1,0,-1,1,6,6,1,21,5,1422,2,16,VOLKSWAGEN POLO,6,E01022271,0,-1
2021010334530,2021,010334530,1,9,0,1,1,8,4,0,0,0,0,4,0,0,2,1,6,6,2,46,8,999,1,2,VOLKSWAGEN POLO,1,E01004285,0,-1
2021010299675,2021,010299675,1,9,0,5,5,7,3,0,0,1,0,0,0,0,1,1,6,6,1,32,6,999,1,5,VOLKSWAGEN POLO,5,E01003156,0,-1
202131A020021,2021,31A020021,2,9,0,18,19,3,7,0,0,2,0,0,0,0,1,1,6,6,1,23,5,1198,1,9,VOLKSWAGEN POLO,7,E01028270,0,-1
2021201075525,2021,201075525,2,9,0,7,7,4,2,0,0,0,0,0,1,0,2,1,6,6,1,26,6,1197,1,4,VOLKSWAGEN POLO,1,E01009378,0,-1
2021430217182,2021,430217182,2,9,0,18,19,3,7,0,0,8,0,0,0,0,3,1,6,6,2,17,4,999,1,0,VOLKSWAGEN POLO,-1,-1,0,-1
2021991037299,2021,991037299,1,9,0,18,19,1,5,0,0,0,0,0,0,0,1,1,6,6,2,35,6,999,1,6,VOLKSWAGEN POLO,3,-1,0,-1
2021070873465,2021,070873465,2,9,0,3,3,1,5,0,0,0,0,0,0,0,2,1,6,6,1,29,6,1198,1,11,VOLKSWAGEN POLO,10,E01018642,0,-1
2021547296721,2021,547296721,1,9,0,18,19,1,5,0,0,0,0,0,1,0,1,1,1,1,1,24,5,1197,1,5,VOLKSWAGEN POLO,10,E01031966,0,-1
2021010319544,2021,010319544,2,9,0,99,99,9,9,99,99,9,9,99,9,99,9,9,6,6,3,-1,-1,999,1,1,VOLKSWAGEN POLO,-1,-1,0,-1
2021440061589,2021,440061589,2,9,0,18,19,6,3,0,0,8,0,0,0,0,1,1,6,6,1,54,8,1198,1,19,VOLKSWAGEN POLO,3,E01017347,0,-1
2021451090629,2021,451090629,2,9,0,9,9,1,5,0,0,8,0,0,0,0,1,1,6,6,2,22,5,1198,1,10,VOLKSWAGEN POLO,7,E01030738,0,-1
2021351088420,2021,351088420,1,9,0,5,5,5,1,0,0,8,0,0,0,0,3,1,5,6,2,41,7,1199,2,8,VOLKSWAGEN POLO,6,E01015644,0,-1
2021501116392,2021,501116392,2,9,0,3,3,1,5,0,0,0,0,0,0,0,2,1,5,6,1,63,9,1197,1,5,VOLKSWAGEN POLO,8,E01020003,0,-1
2021010325091,2021,010325091,2,9,0,99,99,9,9,99,99,9,9,99,9,99,1,9,6,6,3,-1,-1,1400,1,15,VOLKSWAGEN POLO,-1,-1,0,-1
2021010293126,2021,010293126,2,9,0,18,19,5,1,0,0,1,0,0,0,0,2,1,6,6,1,44,7,999,1,6,VOLKSWAGEN POLO,4,E01030364,0,-1
2021302101320,2021,302101320,1,9,0,9,9,2,8,0,0,2,0,0,0,0,4,1,6,6,1,-1,-1,1198,1,11,VOLKSWAGEN POLO,4,E01013459,0,-1
2021501096196,2021,501096196,1,9,0,9,9,5,3,0,0,1,0,0,1,0,1,1,5,6,1,18,4,1198,1,15,VOLKSWAGEN POLO,4,E01018784,0,-1
2021070333800,2021,070333800,1,9,0,7,7,1,5,0,0,0,1,0,2,7,1,1,2,2,1,55,8,1198,1,13,VOLKSWAGEN POLO,1,E01006215,0,-1
2021010331628,2021,010331628,2,9,0,11,11,3,7,0,0,1,0,0,4,7,2,1,6,6,2,25,5,1390,1,9,VOLKSWAGEN POLO,-1,-1,0,-1
2021061051192,2021,061051192,2,9,0,18,19,3,7,0,0,1,0,0,0,0,1,1,5,6,2,30,6,999,1,5,VOLKSWAGEN POLO,9,E01012516,0,-1
2021440182339,2021,440182339,1,9,0,9,9,2,8,0,0,5,0,0,0,0,1,1,6,6,2,91,11,1198,1,18,VOLKSWAGEN POLO,9,E01023036,0,-1
2021471125926,2021,471125926,2,9,0,1,1,5,1,0,0,1,0,0,0,0,2,1,5,6,1,27,6,1198,1,16,VOLKSWAGEN POLO,6,E01016912,0,-1
2021010350201,2021,010350201,1,9,0,99,99,9,9,99,99,9,9,99,9,99,2,9,6,6,2,54,8,999,1,3,VOLKSWAGEN POLO,2,E01001560,0,-1
2021552100331,2021,552100331,1,9,0,18,19,3,7,0,0,8,0,0,1,2,1,1,1,1,1,56,9,1896,2,17,VOLKSWAGEN POLO,3,E01017251,0,-1
2021430161656,2021,430161656,3,9,0,2,2,0,0,0,0,0,0,0,0,0,1,1,6,6,1,-1,-1,1198,1,9,VOLKSWAGEN POLO,10,E01010185,0,-1
202134WNC2711,2021,34WNC2711,2,9,0,3,3,3,7,0,0,0,0,0,0,0,2,1,6,6,2,64,9,1198,1,7,VOLKSWAGEN POLO,10,E01027258,0,-1
2021461119151,2021,461119151,2,9,0,18,19,3,7,0,0,0,0,0,0,0,1,1,6,6,2,66,10,1197,1,4,VOLKSWAGEN POLO,8,E01000371,0,-1
2021010296513,2021,010296513,1,9,0,4,4,2,6,0,0,0,0,0,0,0,4,1,6,6,1,86,11,1390,1,9,VOLKSWAGEN POLO,7,E01004510,0,-1
2021010303964,2021,010303964,3,9,0,2,2,0,0,0,0,0,0,4,0,0,1,1,6,6,3,-1,-1,1390,1,18,VOLKSWAGEN POLO,-1,-1,0,-1
2021061036355,2021,061036355,2,9,0,10,10,3,5,0,0,0,0,0,0,0,1,1,6,6,1,38,7,1400,2,15,VOLKSWAGEN POLO,6,E01005620,0,-1
2021451066605,2021,451066605,1,9,0,18,19,5,3,0,0,8,1,0,0,0,1,1,5,6,1,20,4,1198,1,12,VOLKSWAGEN POLO,10,E01030807,0,-1
202131C167821,2021,31C167821,1,9,0,9,9,4,2,0,0,5,0,0,0,0,4,1,6,6,1,20,4,1199,2,9,VOLKSWAGEN POLO,4,E01019689,0,-1
2021501027270,2021,501027270,2,9,0,18,19,2,6,0,0,1,0,0,0,0,1,1,5,6,2,53,8,1781,1,15,VOLKSWAGEN POLO,4,E01018922,0,-1
2021461079712,2021,461079712,1,9,0,18,19,7,3,0,0,0,0,0,0,0,1,1,6,6,1,-1,-1,1198,1,9,VOLKSWAGEN POLO,2,E01001078,0,-1
2021061081011,2021,061081011,2,9,0,1,1,1,1,0,0,0,0,0,0,0,2,1,6,6,2,20,4,999,1,3,VOLKSWAGEN POLO,1,E01005264,0,-1
2021547404621,2021,547404621,2,9,0,17,19,4,2,0,0,0,0,0,0,0,1,1,1,1,2,39,7,1390,1,13,VOLKSWAGEN POLO,8,E01015550,0,-1
2021211149699,2021,211149699,1,9,0,18,19,6,2,0,0,0,5,0,1,0,1,1,6,6,1,22,5,1197,1,6,VOLKSWAGEN POLO,8,E01014214,0,-1
2021052102377,2021,052102377,1,9,0,18,19,4,8,0,0,6,0,0,0,0,1,1,6,6,2,36,7,1390,1,16,VOLKSWAGEN POLO,1,E01006643,0,-1
2021201133549,2021,201133549,2,9,0,6,6,4,4,0,0,0,0,0,0,0,3,1,6,6,1,17,4,1199,2,11,VOLKSWAGEN POLO,2,E01010533,0,-1
2021461064628,2021,461064628,2,9,0,16,19,2,5,0,0,0,1,0,0,0,1,1,5,6,2,63,9,999,1,4,VOLKSWAGEN POLO,6,E01015368,0,-1
2021522201410,2021,522201410,2,9,0,2,2,0,0,0,0,2,0,0,0,0,2,1,6,6,3,-1,-1,1197,1,5,VOLKSWAGEN POLO,-1,-1,0,-1
2021010324389,2021,010324389,1,9,0,16,19,6,1,0,0,7,0,4,1,0,1,1,6,6,1,29,6,1198,1,11,VOLKSWAGEN POLO,4,E01003119,0,-1
2021531104994,2021,531104994,1,9,0,9,9,-1,-1,0,0,1,0,0,0,0,4,1,5,6,1,-1,-1,1390,1,21,VOLKSWAGEN POLO,5,E01032295,0,-1
2021411097361,2021,411097361,2,9,0,18,19,4,8,0,0,0,0,0,0,0,3,1,5,6,1,50,8,1390,1,17,VOLKSWAGEN POLO,8,E01015745,0,-1
2021010346165,2021,010346165,2,9,0,18,19,1,5,0,0,8,0,0,0,0,1,1,6,6,1,-1,-1,999,1,0,VOLKSWAGEN POLO,8,E01000320,0,-1
2021131098694,2021,131098694,3,9,0,2,2,0,0,0,0,1,0,0,0,0,0,1,6,6,3,-1,-1,999,1,3,VOLKSWAGEN POLO,-1,-1,0,-1
2021010344908,2021,010344908,2,9,9,99,99,9,9,99,99,0,9,99,9,99,9,9,6,6,3,-1,-1,1390,1,7,VOLKSWAGEN POLO,-1,-1,0,-1
2021161096657,2021,161096657,1,9,0,18,19,6,2,0,0,1,0,0,0,0,1,1,5,6,1,22,5,1198,1,10,VOLKSWAGEN POLO,1,E01013080,0,-1
202163B081621,2021,63B081621,1,9,0,18,19,3,7,0,0,0,0,4,0,0,1,1,6,6,2,30,6,1896,2,17,VOLKSWAGEN POLO,-1,-1,0,-1
2021041058505,2021,041058505,2,9,0,18,19,5,1,0,0,1,0,0,0,0,3,1,2,2,1,41,7,1198,1,15,VOLKSWAGEN POLO,6,E01025563,0,-1
2021471077094,2021,471077094,2,9,0,18,19,6,2,0,0,1,0,0,8,0,1,1,5,6,1,19,4,1798,1,6,VOLKSWAGEN POLO,10,E01031754,0,-1
2021052101518,2021,052101518,1,9,0,18,19,1,5,0,0,2,0,0,0,0,1,1,6,6,3,-1,-1,999,1,4,VOLKSWAGEN POLO,-1,-1,0,-1
2021010343299,2021,010343299,1,9,0,9,9,1,6,0,0,0,0,0,0,0,3,1,6,6,1,38,7,999,1,1,VOLKSWAGEN POLO,6,E01000187,0,-1
2021041039356,2021,041039356,1,9,0,18,19,1,2,0,0,0,0,0,0,0,3,1,5,6,1,57,9,999,1,5,VOLKSWAGEN POLO,5,E01024888,0,-1
2021421017775,2021,421017775,1,9,0,9,9,5,3,0,0,5,0,0,0,0,1,1,6,6,2,21,5,999,1,6,VOLKSWAGEN POLO,1,E01001507,0,-1
2021010336238,2021,010336238,1,9,0,3,3,7,3,0,0,2,0,0,0,0,4,1,6,6,1,17,4,999,1,2,VOLKSWAGEN POLO,9,E01000205,0,-1
2021221024913,2021,221024913,1,9,0,3,3,6,2,0,0,2,0,0,0,0,2,1,5,6,2,36,7,1198,1,13,VOLKSWAGEN POLO,9,E01032325,0,-1
2021471099154,2021,471099154,1,9,0,5,5,2,6,0,0,0,1,0,1,0,1,1,5,6,1,37,7,1198,1,10,VOLKSWAGEN POLO,5,E01033711,0,-1
2021522101522,2021,522101522,2,9,0,9,9,5,3,0,0,1,0,0,0,0,1,1,6,6,2,30,6,999,1,4,VOLKSWAGEN POLO,7,E01015004,0,-1
2021122100434,2021,122100434,1,9,0,11,11,3,7,0,0,8,1,10,1,4,1,1,6,6,1,27,6,1422,2,12,VOLKSWAGEN POLO,3,E01028232,0,-1
2021201085337,2021,201085337,1,9,0,18,19,8,4,0,0,3,0,0,0,0,4,1,6,6,2,19,4,999,1,7,VOLKSWAGEN POLO,2,E01009481,0,-1
2021320641235,2021,320641235,1,9,0,18,19,7,3,0,0,0,0,0,0,0,1,1,6,6,1,30,6,1390,1,13,VOLKSWAGEN POLO,9,E01026360,0,-1
2021131051949,2021,131051949,1,9,0,18,19,3,7,0,0,8,1,0,7,0,1,1,6,6,2,85,11,1197,1,6,VOLKSWAGEN POLO,9,E01010576,0,-1
2021010310631,2021,010310631,2,9,0,99,99,9,9,0,0,1,9,0,0,0,9,9,6,6,3,22,5,1390,1,19,VOLKSWAGEN POLO,4,E01001329,0,-1
2021351064206,2021,351064206,1,9,0,18,19,3,7,0,0,0,1,0,0,0,1,1,5,6,2,19,4,1198,1,14,VOLKSWAGEN POLO,-1,-1,0,-1
2021052102300,2021,052102300,2,9,0,18,19,1,5,0,0,1,0,0,0,0,1,1,6,6,1,23,5,1896,2,19,VOLKSWAGEN POLO,4,E01005491,0,-1
2021201120854,2021,201120854,1,9,0,18,19,5,1,0,0,8,0,0,0,0,1,1,6,6,1,-1,-1,1198,1,12,VOLKSWAGEN POLO,-1,-1,0,-1
2021061107017,2021,061107017,1,9,0,18,19,7,3,0,0,0,0,0,0,0,3,1,5,6,1,19,4,1198,1,11,VOLKSWAGEN POLO,7,E01025361,0,-1
2021010342728,2021,010342728,2,9,0,99,99,9,9,99,99,9,9,99,9,99,0,9,6,6,3,-1,-1,1400,1,15,VOLKSWAGEN POLO,5,E01003706,0,-1
2021061087651,2021,061087651,2,9,0,18,19,4,8,0,0,2,0,0,0,0,1,1,6,6,3,30,6,1198,1,11,VOLKSWAGEN POLO,2,E01005280,0,-1
2021101051812,2021,101051812,2,9,0,18,19,8,4,0,0,8,0,0,0,0,4,1,6,6,2,34,6,1197,1,6,VOLKSWAGEN POLO,2,E01027534,0,-1
2021471029600,2021,471029600,1,9,0,18,19,8,4,0,0,8,1,0,0,0,1,1,5,6,1,18,4,1198,1,9,VOLKSWAGEN POLO,8,E01021201,0,-1
2021552200037,2021,552200037,1,9,0,4,4,6,2,0,0,0,0,0,0,0,2,1,6,6,1,23,5,1197,1,5,VOLKSWAGEN POLO,9,E01030795,0,-1
2021440243509,2021,440243509,1,9,0,18,19,1,5,0,0,1,0,0,0,0,1,1,6,6,1,27,6,1197,1,6,VOLKSWAGEN POLO,5,E01017317,0,-1
2021471074594,2021,471074594,1,9,0,18,19,7,3,0,0,0,0,0,0,0,1,1,5,6,2,27,6,1798,1,6,VOLKSWAGEN POLO,4,E01031364,0,-1
2021010288257,2021,010288257,2,9,0,9,9,1,7,0,0,8,0,0,0,0,1,1,6,6,1,26,6,1197,1,4,VOLKSWAGEN POLO,5,E01004494,0,-1
2021991077336,2021,991077336,1,9,0,9,9,7,5,0,0,8,0,0,0,0,1,1,5,6,2,85,11,1198,1,10,VOLKSWAGEN POLO,10,-1,0,-1
2021031121524,2021,031121524,1,9,0,9,9,1,5,0,0,6,0,0,0,0,1,1,1,1,1,22,5,1395,1,6,VOLKSWAGEN POLO,9,E01019261,0,-1
2021010332054,2021,010332054,1,9,0,9,9,3,2,0,0,5,0,0,0,0,0,1,6,6,1,30,6,1198,1,15,VOLKSWAGEN POLO,4,E01003412,0,-1
2021991126944,2021,991126944,1,9,0,4,4,3,7,0,0,1,0,0,0,0,1,1,6,6,2,24,5,999,1,5,VOLKSWAGEN POLO,5,-1,0,-1
2021440485664,2021,440485664,1,9,0,18,19,3,7,0,0,6,0,0,0,0,3,1,6,6,1,52,8,1197,1,5,VOLKSWAGEN POLO,10,E01022691,0,-1
2021622100469,2021,622100469,1,9,0,7,7,2,4,0,0,6,0,0,0,0,1,1,6,6,1,19,4,1390,1,19,VOLKSWAGEN POLO,7,W01001754,0,-1
2021331080696,2021,331080696,2,9,0,18,19,1,5,0,0,0,0,2,0,0,2,1,6,6,2,22,5,1197,1,5,VOLKSWAGEN POLO,7,E01011941,0,-1
2021010320781,2021,010320781,3,9,0,4,4,5,1,0,0,1,0,0,0,0,1,1,6,6,2,21,5,1197,1,6,VOLKSWAGEN POLO,-1,-1,0,-1
2021010336777,2021,010336777,1,9,0,18,19,5,1,0,0,1,0,0,0,0,3,1,4,7,2,36,7,1198,1,16,VOLKSWAGEN POLO,-1,-1,0,-1
2021122101083,2021,122101083,1,9,0,17,19,1,6,0,0,1,1,0,1,11,1,1,2,2,1,20,4,1198,1,13,VOLKSWAGEN POLO,7,E01010862,0,-1
2021010315315,2021,010315315,1,9,0,9,9,1,7,0,0,0,0,0,0,0,4,1,6,6,1,71,10,1198,1,12,VOLKSWAGEN POLO,2,E01000934,0,-1
2021010311092,2021,010311092,2,9,0,11,11,5,1,0,0,0,0,0,0,0,2,1,2,2,2,21,5,1198,1,11,VOLKSWAGEN POLO,3,E01032581,0,-1
2021371120551,2021,371120551,2,9,0,18,19,1,6,0,0,0,0,0,0,0,1,1,1,1,1,17,4,1198,1,11,VOLKSWAGEN POLO,6,E01026424,0,-1
2021041107148,2021,041107148,2,9,0,18,19,6,8,0,0,1,0,0,0,0,3,1,5,6,2,26,6,1197,1,6,VOLKSWAGEN POLO,1,E01012574,0,-1
2021221109215,2021,221109215,2,9,0,18,19,8,4,0,0,0,0,0,0,0,3,1,5,6,1,56,9,1198,1,12,VOLKSWAGEN POLO,2,E01014185,0,-1
2021010294971,2021,010294971,2,9,0,18,19,5,1,0,0,1,0,0,0,0,1,1,6,6,2,20,4,1197,1,6,VOLKSWAGEN POLO,4,E01001323,0,-1
2021451037443,2021,451037443,3,9,0,2,2,3,7,0,0,8,0,0,0,0,2,1,2,2,2,62,9,999,1,7,VOLKSWAGEN POLO,5,E01030724,0,-1
2021101101881,2021,101101881,1,9,0,18,19,1,5,0,0,0,5,0,5,0,1,1,6,6,1,24,5,1198,1,7,VOLKSWAGEN POLO,10,E01008319,0,-1
2021141071275,2021,141071275,1,9,0,9,9,3,1,0,0,6,0,0,0,0,1,1,6,6,1,46,8,1984,1,2,VOLKSWAGEN POLO,4,E01007444,0,-1
2021041106862,2021,041106862,1,9,0,18,19,1,5,0,0,0,1,0,0,0,1,1,1,1,2,35,6,999,1,5,VOLKSWAGEN POLO,3,E01025312,0,-1
202134WNC2431,2021,34WNC2431,1,9,0,18,19,6,2,0,0,1,0,0,0,0,1,1,6,6,2,23,5,1198,1,12,VOLKSWAGEN POLO,2,E01027151,0,-1
2021991120507,2021,991120507,1,9,0,10,10,6,2,0,0,4,0,0,3,0,4,1,5,6,2,19,4,999,1,4,VOLKSWAGEN POLO,1,-1,0,-1
202154B141221,2021,54B141221,1,9,0,17,19,6,2,0,0,0,0,0,1,9,3,1,6,6,1,19,4,1390,1,11,VOLKSWAGEN POLO,9,E01032035,0,-1
2021010292377,2021,010292377,1,9,0,18,19,1,5,0,0,1,0,0,7,0,3,1,2,2,2,23,5,1390,1,11,VOLKSWAGEN POLO,10,E01030753,0,-1
2021010296647,2021,010296647,3,9,0,2,2,0,0,0,0,1,0,4,0,0,2,1,6,6,3,-1,-1,1198,1,10,VOLKSWAGEN POLO,-1,-1,0,-1
2021430097867,2021,430097867,4,9,0,2,2,0,0,0,0,0,0,0,0,0,2,1,6,6,1,-1,-1,999,1,7,VOLKSWAGEN POLO,10,E01032408,0,-1
2021320519951,2021,320519951,2,9,0,18,19,8,4,0,0,0,0,0,0,0,1,1,6,6,1,68,10,1390,1,11,VOLKSWAGEN POLO,4,E01026016,0,-1
2021201066040,2021,201066040,2,9,0,18,19,2,6,0,0,8,0,0,0,0,4,1,5,6,2,30,6,999,1,1,VOLKSWAGEN POLO,2,E01009754,0,-1
2021471042331,2021,471042331,1,9,0,17,19,4,1,0,0,0,0,0,7,11,1,1,5,6,1,19,4,1198,1,16,VOLKSWAGEN POLO,9,E01021229,0,-1
2021421069809,2021,421069809,1,9,0,18,19,5,1,0,0,0,0,0,0,0,3,1,5,6,2,42,7,1197,1,5,VOLKSWAGEN POLO,10,E01021633,0,-1
2021122100235,2021,122100235,1,9,0,2,2,0,0,0,0,0,0,0,0,0,3,1,6,6,1,55,8,1199,2,10,VOLKSWAGEN POLO,8,E01012246,0,-1
2021141063426,2021,141063426,3,9,0,8,8,5,7,0,0,1,0,0,0,0,1,1,6,6,2,74,10,999,1,3,VOLKSWAGEN POLO,5,E01008042,0,-1
2021471093150,2021,471093150,2,9,0,3,3,6,2,0,0,0,0,0,0,0,2,1,5,6,1,36,7,1400,1,18,VOLKSWAGEN POLO,9,E01031769,0,-1
2021041035310,2021,041035310,2,9,0,3,3,5,1,0,0,4,0,0,0,0,2,1,5,6,1,31,6,1198,1,9,VOLKSWAGEN POLO,5,E01025428,0,-1
2021461101137,2021,461101137,1,9,0,7,7,5,2,0,0,0,0,0,0,0,1,1,6,6,1,27,6,1197,1,5,VOLKSWAGEN POLO,7,E01024766,0,-1
2021010327966,2021,010327966,1,9,0,5,5,3,7,0,0,8,0,0,0,0,3,1,6,6,1,20,4,1197,1,6,VOLKSWAGEN POLO,1,E01000891,0,-1
2021061141102,2021,061141102,2,9,0,18,19,4,8,0,0,1,0,0,0,0,1,1,6,6,1,27,6,999,1,5,VOLKSWAGEN POLO,3,E01025366,0,-1
202134NNC6271,2021,34NNC6271,2,9,0,18,19,4,8,0,0,8,0,0,0,10,4,1,6,6,2,18,4,1199,2,10,VOLKSWAGEN POLO,4,E01027316,0,-1
2021440140873,2021,440140873,1,9,0,10,10,2,7,0,0,1,0,0,0,0,2,1,6,6,2,35,6,999,1,3,VOLKSWAGEN POLO,-1,-1,0,-1
2021430458225,2021,430458225,2,9,0,9,9,6,2,0,0,8,0,0,0,0,1,1,6,6,1,44,7,1390,1,23,VOLKSWAGEN POLO,7,E01028424,0,-1
2021371074308,2021,371074308,3,9,0,2,2,0,0,0,0,0,0,0,0,0,3,1,5,6,1,57,9,1198,1,12,VOLKSWAGEN POLO,1,E01030258,0,-1
2021421111947,2021,421111947,1,9,0,18,19,8,1,0,0,3,0,0,0,0,1,1,5,6,1,25,5,1390,1,8,VOLKSWAGEN POLO,4,E01003704,0,-1
2021461021991,2021,461021991,1,9,0,18,19,8,4,0,0,0,0,0,0,0,1,1,5,6,1,28,6,1197,1,8,VOLKSWAGEN POLO,2,E01024505,0,-1
2021430024658,2021,430024658,2,9,0,13,13,2,6,0,0,0,0,0,0,0,4,1,2,2,2,47,8,1197,1,6,VOLKSWAGEN POLO,8,E01016508,0,-1
2021010320331,2021,010320331,1,9,0,1,1,1,5,9,9,0,0,0,3,11,1,1,6,6,2,85,11,1390,1,22,VOLKSWAGEN POLO,4,E01001050,0,-1
202134WNC0481,2021,34WNC0481,2,9,0,4,4,6,8,0,0,4,0,0,0,0,2,1,6,6,2,39,7,1400,2,15,VOLKSWAGEN POLO,-1,-1,0,-1
2021010337687,2021,010337687,2,9,0,99,99,9,9,99,99,0,9,99,9,99,9,9,6,6,3,-1,-1,1198,1,7,VOLKSWAGEN POLO,-1,-1,0,-1
2021221114543,2021,221114543,2,9,0,14,14,7,3,0,0,0,0,0,0,0,2,1,5,6,2,68,10,999,1,0,VOLKSWAGEN POLO,6,W01000456,0,-1
2021050256835,2021,050256835,1,9,0,18,19,3,6,0,0,0,0,0,0,0,1,1,6,6,2,26,6,1198,1,14,VOLKSWAGEN POLO,10,E01007266,0,-1
2021361094861,2021,361094861,1,9,0,13,13,1,5,0,0,0,0,0,0,0,4,1,5,6,2,45,7,1390,1,10,VOLKSWAGEN POLO,6,E01026896,0,-1
2021201046822,2021,201046822,2,9,0,3,3,7,1,0,0,1,0,0,0,0,1,1,2,2,2,37,7,1390,1,10,VOLKSWAGEN POLO,10,E01025410,0,-1
2021041062484,2021,041062484,2,9,0,3,3,7,3,0,0,1,0,0,0,0,2,1,2,2,1,37,7,1395,1,4,VOLKSWAGEN POLO,2,E01025285,0,-1
2021548147621,2021,548147621,1,9,0,4,4,1,3,0,0,4,0,0,0,0,1,1,6,6,1,63,9,1390,1,20,VOLKSWAGEN POLO,4,E01015569,0,-1
2021052101304,2021,052101304,6,9,0,18,19,8,4,0,0,1,0,0,0,0,3,1,6,6,1,28,6,1198,1,9,VOLKSWAGEN POLO,5,E01007030,0,-1
2021010306086,2021,010306086,1,9,0,9,9,7,6,0,0,5,0,0,0,0,3,1,6,6,1,37,7,1390,1,11,VOLKSWAGEN POLO,3,E01003522,0,-1
2021371112866,2021,371112866,2,9,0,3,3,0,0,0,0,4,0,0,0,0,2,1,1,1,2,34,6,999,1,3,VOLKSWAGEN POLO,7,E01030125,0,-1
2021501065522,2021,501065522,1,9,0,18,19,3,7,0,0,0,0,0,0,0,1,1,5,6,1,17,4,1198,1,12,VOLKSWAGEN POLO,4,E01018968,0,-1
2021010293187,2021,010293187,1,9,0,99,99,9,9,99,99,0,9,99,9,99,2,9,2,2,2,33,6,1197,1,4,VOLKSWAGEN POLO,10,E01030357,0,-1
2021010317908,2021,010317908,2,9,0,9,9,5,3,0,0,5,0,0,3,0,1,1,6,6,2,34,6,1390,1,10,VOLKSWAGEN POLO,9,E01001039,0,-1
2021131099162,2021,131099162,1,9,0,2,2,5,1,0,0,0,0,0,0,0,2,1,2,2,1,55,8,999,1,2,VOLKSWAGEN POLO,10,E01010693,0,-1
2021010291110,2021,010291110,1,9,0,18,19,1,5,0,0,8,0,0,0,0,1,1,6,6,1,62,9,999,1,3,VOLKSWAGEN POLO,5,E01000803,0,-1
2021161038980,2021,161038980,2,9,0,2,2,0,0,0,0,0,0,0,0,0,3,1,6,6,3,-1,-1,1390,1,19,VOLKSWAGEN POLO,-1,-1,0,-1
2021421037511,2021,421037511,2,9,0,7,7,6,8,0,0,3,0,0,0,0,3,1,6,6,2,27,6,999,1,2,VOLKSWAGEN POLO,5,E01000038,0,-1
2021991022816,2021,991022816,1,9,0,13,13,7,3,0,0,8,0,0,0,0,1,1,6,6,1,56,9,1422,2,17,VOLKSWAGEN POLO,7,-1,0,-1
2021501055466,2021,501055466,1,9,0,1,1,3,7,0,0,2,0,0,7,10,2,1,5,6,2,76,11,1390,1,12,VOLKSWAGEN POLO,4,E01015269,0,-1
2021061133740,2021,061133740,1,9,0,9,9,2,1,0,0,8,0,0,0,0,1,1,2,2,1,19,4,1199,2,9,VOLKSWAGEN POLO,2,E01005460,0,-1
2021451114948,2021,451114948,1,9,0,18,19,3,1,0,0,0,0,0,0,0,4,1,6,6,2,27,6,1199,2,9,VOLKSWAGEN POLO,2,E01016847,0,-1
2021010334057,2021,010334057,1,9,0,7,7,2,4,0,0,5,0,0,0,0,1,1,6,6,2,45,7,1400,1,15,VOLKSWAGEN POLO,2,E01001878,0,-1
2021010345821,2021,010345821,1,9,0,9,9,5,2,0,0,6,0,0,1,0,1,1,6,6,1,26,6,999,1,6,VOLKSWAGEN POLO,5,E01002666,0,-1
2021201079853,2021,201079853,1,9,0,18,19,2,6,0,0,0,0,0,0,0,1,1,6,6,1,19,4,1198,1,7,VOLKSWAGEN POLO,1,E01033643,0,-1
2021461118436,2021,461118436,1,9,0,6,6,4,8,0,0,0,0,11,1,4,2,1,1,1,1,78,11,1197,1,4,VOLKSWAGEN POLO,8,E01024511,0,-1
2021141067379,2021,141067379,2,9,0,2,2,0,0,6,6,2,0,0,0,0,4,1,6,6,1,23,5,1199,2,10,VOLKSWAGEN POLO,5,E01019803,0,-1
2021430505896,2021,430505896,1,9,0,9,9,1,7,0,0,6,0,0,0,0,3,1,6,6,2,65,9,999,1,7,VOLKSWAGEN POLO,6,E01016509,0,-1
2021010312922,2021,010312922,1,9,0,18,19,3,7,0,0,1,0,0,0,0,1,1,6,6,2,26,6,1197,1,7,VOLKSWAGEN POLO,3,E01002120,0,-1
2021131117552,2021,131117552,2,9,0,5,5,4,2,0,0,0,0,0,0,0,1,2,5,6,1,84,11,1197,1,5,VOLKSWAGEN POLO,7,E01011550,0,-1
2021010339932,2021,010339932,1,9,0,5,5,3,7,0,0,6,0,0,0,0,3,1,2,2,2,21,5,1422,2,4,VOLKSWAGEN POLO,1,E01000048,0,-1
2021010287678,2021,010287678,1,9,0,5,5,7,3,0,0,1,0,0,0,0,3,1,6,6,1,42,7,1896,2,17,VOLKSWAGEN POLO,7,E01002220,0,-1
2021201118572,2021,201118572,1,9,0,9,9,6,3,0,0,5,0,0,0,0,1,1,6,6,1,18,4,999,1,1,VOLKSWAGEN POLO,3,E01009971,0,-1