collision_index,collision_year,collision_ref_no,vehicle_reference,vehicle_type,towing_and_articulation,vehicle_manoeuvre_historic,vehicle_manoeuvre,vehicle_direction_from,vehicle_direction_to,vehicle_location_restricted_lane_historic,vehicle_location_restricted_lane,junction_location,skidding_and_overturning,hit_object_in_carriageway,vehicle_leaving_carriageway,hit_object_off_carriageway,first_point_of_impact,vehicle_left_hand_drive,journey_purpose_of_driver_historic,journey_purpose_of_driver,sex_of_driver,age_of_driver,age_band_of_driver,engine_capacity_cc,propulsion_code,age_of_vehicle,generic_make_model,driver_imd_decile,lsoa_of_driver,escooter_flag,driver_distance_banding
2021010289690,2021,010289690,1,9,0,9,9,1,7,0,0,2,0,0,0,0,1,1,6,6,2,54,8,1198,1,12,VOLKSWAGEN POLO,10,E01023567,0,-1
2021131052468,2021,131052468,1,9,0,18,19,3,7,0,0,8,0,0,0,0,1,1,5,6,3,19,4,1199,2,10,VOLKSWAGEN POLO,2,E01010804,0,-1
2021430121177,2021,430121177,1,9,0,1,1,2,6,0,0,0,0,0,0,0,2,1,3,7,2,25,5,999,1,2,VOLKSWAGEN POLO,3,E01017906,0,-1
202131D125221,2021,31D125221,2,9,0,18,19,3,7,0,0,8,0,0,0,0,1,1,6,6,2,46,8,1198,1,11,VOLKSWAGEN POLO,7,E01028392,0,-1
2021010328166,2021,010328166,2,9,0,99,99,9,9,99,99,9,9,99,9,99,1,9,6,6,3,22,5,1198,1,18,VOLKSWAGEN POLO,2,E01003197,0,-1
2021010349368,2021,010349368,1,9,0,18,19,1,5,0,0,2,0,0,0,0,1,1,6,6,1,30,6,1198,1,11,VOLKSWAGEN POLO,5,E01001029,0,-1
2021201078694,2021,201078694,2,9,0,9,9,3,8,0,0,1,0,0,0,0,2,1,1,1,2,25,5,999,1,1,VOLKSWAGEN POLO,2,E01010240,0,-1
2021471014345,2021,471014345,1,9,0,4,4,4,8,0,0,0,0,0,0,0,0,1,5,6,1,50,8,999,1,22,VOLKSWAGEN POLO,7,E01016899,0,-1
2021610063921,2021,610063921,2,9,0,9,9,3,1,0,0,8,0,0,0,0,1,1,6,6,2,20,4,1422,2,4,VOLKSWAGEN POLO,4,E01024197,0,-1
2021302100048,2021,302100048,1,9,0,4,4,6,2,0,0,0,0,0,0,0,2,1,6,6,1,23,5,1043,1,31,VOLKSWAGEN POLO,8,E01013575,0,-1
2021221119713,2021,221119713,1,9,0,17,19,5,2,0,0,8,5,10,7,2,1,1,5,6,2,83,11,1198,1,13,VOLKSWAGEN POLO,8,E01031241,0,-1
2021501104502,2021,501104502,1,9,0,18,19,7,3,0,0,1,0,0,0,0,1,1,6,6,1,27,6,1198,1,8,VOLKSWAGEN POLO,8,E01019951,0,-1
2021070461824,2021,070461824,1,9,0,1,1,8,6,9,9,0,0,0,0,0,3,1,1,1,1,62,9,999,1,6,VOLKSWAGEN POLO,4,E01012523,0,-1
2021201023804,2021,201023804,1,9,0,18,19,8,4,0,0,8,0,0,0,0,1,1,6,6,1,-1,-1,1390,1,17,VOLKSWAGEN POLO,5,E01009888,0,-1
2021061125771,2021,061125771,1,9,0,15,15,1,1,0,0,0,0,0,0,0,1,1,6,6,1,30,6,1198,1,16,VOLKSWAGEN POLO,5,E01005076,0,-1
2021010298999,2021,010298999,1,9,0,99,99,9,9,99,99,9,9,99,9,99,1,9,6,6,2,74,10,1798,1,5,VOLKSWAGEN POLO,4,E01002596,0,-1
2021010345650,2021,010345650,1,9,0,3,3,1,5,0,0,1,0,0,0,0,4,1,6,6,1,-1,-1,1197,1,4,VOLKSWAGEN POLO,6,E01000514,0,-1
2021461071757,2021,461071757,2,9,0,18,19,5,1,0,0,8,0,0,0,0,1,1,6,6,1,40,7,1198,1,15,VOLKSWAGEN POLO,9,E01031741,0,-1
20211381C0953,2021,1381C0953,2,9,0,10,10,3,5,0,0,1,0,0,0,0,2,1,6,6,2,38,7,999,1,6,VOLKSWAGEN POLO,3,E01010665,0,-1
2021041056933,2021,041056933,3,9,0,2,2,0,0,0,0,1,0,0,0,0,4,1,6,6,3,-1,-1,1422,2,7,VOLKSWAGEN POLO,-1,-1,0,-1
2021451018502,2021,451018502,1,9,0,18,19,7,3,0,0,0,2,0,1,7,1,1,6,6,1,45,7,1395,1,5,VOLKSWAGEN POLO,5,E01004127,0,-1
2021070610904,2021,070610904,4,9,0,4,4,5,1,0,0,0,0,0,0,0,2,1,6,6,1,18,4,999,1,7,VOLKSWAGEN POLO,10,E01007190,0,-1
2021010314738,2021,010314738,1,9,0,15,15,3,7,2,2,0,0,0,0,0,1,1,6,6,1,20,4,1390,1,11,VOLKSWAGEN POLO,1,E01003535,0,-1
2021201072995,2021,201072995,2,9,0,18,19,-1,-1,0,0,1,0,0,0,0,4,1,6,6,1,24,5,999,1,3,VOLKSWAGEN POLO,2,E01009744,0,-1
202154B769421,2021,54B769421,1,9,0,18,19,8,4,0,0,0,0,0,1,0,1,1,6,6,1,41,7,1400,2,16,VOLKSWAGEN POLO,6,E01015585,0,-1
2021010339111,2021,010339111,2,9,0,99,99,9,9,99,99,0,9,99,9,99,1,9,6,6,3,-1,-1,1198,1,15,VOLKSWAGEN POLO,-1,-1,0,-1
2021131037862,2021,131037862,1,9,0,18,19,5,1,0,0,0,0,0,0,0,1,1,6,6,3,25,5,1390,1,9,VOLKSWAGEN POLO,-1,-1,0,-1
2021131034363,2021,131034363,1,9,0,18,19,1,5,0,0,0,1,0,4,6,1,1,5,6,1,21,5,1198,1,10,VOLKSWAGEN POLO,2,E01015725,0,-1
2021411043539,2021,411043539,2,9,0,5,5,3,4,0,0,6,0,0,0,0,1,1,6,6,1,18,4,1390,1,15,VOLKSWAGEN POLO,8,E01023678,0,-1
2021201151699,2021,201151699,1,9,0,18,19,6,2,0,0,1,0,0,0,0,1,1,6,6,1,-1,-1,1198,1,19,VOLKSWAGEN POLO,-1,-1,0,-1
2021411114144,2021,411114144,2,9,0,3,3,2,6,0,0,0,0,0,0,0,1,1,5,6,2,27,6,999,1,6,VOLKSWAGEN POLO,5,E01023638,0,-1
2021131045777,2021,131045777,1,9,0,5,5,1,5,0,0,1,0,0,0,0,2,1,5,6,2,20,4,999,1,3,VOLKSWAGEN POLO,1,E01011133,0,-1
2021201148617,2021,201148617,2,9,0,9,9,4,2,0,0,8,0,0,0,0,3,1,6,6,1,-1,-1,999,1,2,VOLKSWAGEN POLO,1,E01032888,0,-1
2021061104018,2021,061104018,1,9,0,18,19,5,1,9,9,1,0,0,0,0,1,1,6,6,2,47,8,1595,2,11,VOLKSWAGEN POLO,4,E01005294,0,-1
2021501121807,2021,501121807,1,9,0,16,19,8,4,0,0,1,1,0,0,0,1,1,1,1,1,18,4,1390,1,17,VOLKSWAGEN POLO,6,E01018826,0,-1
2021101049424,2021,101049424,1,9,0,16,19,5,7,0,0,1,0,0,0,0,4,1,6,6,1,19,4,1395,1,6,VOLKSWAGEN POLO,3,E01008208,0,-1
2021451056624,2021,451056624,1,9,0,18,19,3,7,0,0,1,0,0,0,0,1,1,6,6,3,-1,-1,1422,2,13,VOLKSWAGEN POLO,-1,-1,0,-1
2021201112545,2021,201112545,1,9,0,15,15,8,4,0,0,1,0,0,0,0,3,1,6,6,2,33,6,1198,1,15,VOLKSWAGEN POLO,1,E01009259,0,-1
2021440412546,2021,440412546,2,9,0,18,19,7,3,0,0,0,0,0,0,0,1,1,6,6,1,-1,-1,1390,1,8,VOLKSWAGEN POLO,-1,-1,0,-1
2021531101294,2021,531101294,2,9,0,18,19,1,5,0,0,8,0,0,0,0,1,1,5,6,2,27,6,1422,2,13,VOLKSWAGEN POLO,7,E01022345,0,-1
2021131077898,2021,131077898,1,9,0,18,19,2,6,0,0,8,0,0,0,0,4,1,6,6,2,19,4,1198,1,8,VOLKSWAGEN POLO,2,E01010837,0,-1
2021991042633,2021,991042633,1,9,0,9,9,8,6,0,0,8,0,0,0,0,4,1,6,6,2,23,5,999,1,3,VOLKSWAGEN POLO,6,-1,0,-1
2021201082648,2021,201082648,2,9,0,18,19,7,3,0,0,8,0,0,0,0,1,1,6,6,1,18,4,999,1,7,VOLKSWAGEN POLO,4,E01009460,0,-1
2021520100245,2021,520100245,1,9,0,18,19,5,1,0,0,8,0,0,0,0,3,1,6,6,1,24,5,999,1,6,VOLKSWAGEN POLO,8,E01031946,0,-1
2021010336717,2021,010336717,1,9,0,18,19,5,1,9,9,1,0,0,7,11,1,1,6,6,2,49,8,999,1,3,VOLKSWAGEN POLO,7,E01004508,0,-1
2021010317996,2021,010317996,2,9,0,99,99,9,9,99,99,9,9,99,9,99,1,9,6,6,3,-1,-1,1197,1,5,VOLKSWAGEN POLO,-1,-1,0,-1
2021061110907,2021,061110907,2,9,0,18,19,6,2,0,0,8,0,0,0,0,1,1,2,2,2,32,6,1390,1,14,VOLKSWAGEN POLO,3,E01005604,0,-1
2021401063238,2021,401063238,2,9,0,9,9,6,4,0,0,8,0,0,0,0,4,1,6,6,1,21,5,999,1,3,VOLKSWAGEN POLO,9,E01015797,0,-1
2021201110105,2021,201110105,1,9,0,18,19,-1,-1,0,0,0,0,0,0,0,1,1,1,1,2,34,6,1896,2,18,VOLKSWAGEN POLO,2,E01032470,0,-1
2021041053719,2021,041053719,2,9,0,18,19,5,1,0,0,0,0,0,0,0,2,1,5,6,1,25,5,999,1,2,VOLKSWAGEN POLO,3,E01025223,0,-1
202131P045021,2021,31P045021,1,9,0,4,4,5,1,0,0,0,0,0,0,0,2,1,2,2,1,22,5,1798,1,5,VOLKSWAGEN POLO,3,E01013930,0,-1
2021138260338,2021,138260338,1,9,0,18,19,8,4,0,0,0,1,0,1,3,3,1,1,1,1,20,4,1198,1,14,VOLKSWAGEN POLO,5,E01010746,0,-1
2021010302753,2021,010302753,2,9,0,99,99,9,9,99,99,9,9,99,9,99,9,9,6,6,2,25,5,1197,1,10,VOLKSWAGEN POLO,3,E01000473,0,-1
2021991026572,2021,991026572,2,9,0,2,2,0,0,0,0,0,0,0,0,0,2,1,6,6,3,-1,-1,1198,1,9,VOLKSWAGEN POLO,-1,-1,0,-1
2021622100767,2021,622100767,2,9,0,4,4,4,8,0,0,0,0,0,0,0,2,1,6,6,1,29,6,1199,2,8,VOLKSWAGEN POLO,5,W01001229,0,-1
2021211034108,2021,211034108,2,9,0,18,19,6,2,0,0,1,0,0,0,0,4,1,6,6,2,66,10,1197,1,6,VOLKSWAGEN POLO,2,E01029436,0,-1
2021061038960,2021,061038960,1,9,0,9,9,7,5,0,0,5,0,0,0,0,1,1,6,6,1,57,9,1198,1,15,VOLKSWAGEN POLO,2,E01006039,0,-1
2021010333163,2021,010333163,1,9,0,9,9,7,4,0,0,1,0,0,0,0,4,1,2,2,2,30,6,1198,1,13,VOLKSWAGEN POLO,5,E01000937,0,-1
2021430501015,2021,430501015,1,9,0,7,7,4,6,0,0,2,0,0,0,0,2,1,2,2,2,26,6,1198,1,9,VOLKSWAGEN POLO,-1,-1,0,-1
2021101070457,2021,101070457,2,9,0,9,9,1,3,0,0,8,0,0,0,0,4,1,5,6,1,20,4,999,1,1,VOLKSWAGEN POLO,1,E01008730,0,-1
2021421020200,2021,421020200,1,9,0,4,4,4,8,0,0,0,0,0,0,0,1,1,6,6,1,58,9,999,1,3,VOLKSWAGEN POLO,6,E01021460,0,-1
2021552100589,2021,552100589,2,9,0,18,19,6,2,0,0,8,0,0,0,0,3,1,6,6,2,27,6,1197,1,7,VOLKSWAGEN POLO,8,E01015394,0,-1
2021010350104,2021,010350104,2,9,9,99,99,9,9,99,99,9,9,99,9,99,9,9,6,6,3,-1,-1,999,1,1,VOLKSWAGEN POLO,-1,-1,0,-1
2021430532978,2021,430532978,1,9,0,18,19,8,4,0,0,0,0,0,0,0,1,1,2,2,1,28,6,1422,2,13,VOLKSWAGEN POLO,2,E01017594,0,-1
2021010291786,2021,010291786,1,9,0,99,99,9,9,99,99,8,9,99,9,99,9,9,6,6,1,18,4,1198,1,16,VOLKSWAGEN POLO,3,E01003617,0,-1
2021471121934,2021,471121934,1,9,0,18,19,3,7,0,0,0,0,0,0,0,3,1,5,6,1,64,9,1198,1,15,VOLKSWAGEN POLO,7,E01031351,0,-1
2021411124749,2021,411124749,2,9,0,18,19,5,1,0,0,4,0,0,0,0,3,1,5,6,2,26,6,999,1,7,VOLKSWAGEN POLO,7,E01023484,0,-1
2021430533415,2021,430533415,2,9,0,4,4,1,8,0,0,1,0,0,0,0,2,1,6,6,2,45,7,1400,1,14,VOLKSWAGEN POLO,-1,-1,0,-1
2021010304837,2021,010304837,1,9,0,18,19,7,3,0,0,2,0,0,0,0,2,1,6,6,1,23,5,999,1,3,VOLKSWAGEN POLO,5,E01004052,0,-1
2021070592686,2021,070592686,2,9,0,3,3,5,1,0,0,1,0,0,0,0,4,1,6,6,2,87,11,1198,1,17,VOLKSWAGEN POLO,-1,-1,0,-1
2021351109957,2021,351109957,1,9,0,9,9,2,6,0,0,5,0,0,0,0,4,1,5,6,1,34,6,1199,2,9,VOLKSWAGEN POLO,5,E01018033,0,-1
2021546736721,2021,546736721,1,9,0,18,19,4,8,0,0,1,0,0,0,0,1,1,6,6,1,22,5,1798,1,4,VOLKSWAGEN POLO,7,E01032007,0,-1
2021141019363,2021,141019363,2,9,0,18,19,8,4,0,0,0,0,0,0,0,0,1,5,6,2,39,7,1390,1,11,VOLKSWAGEN POLO,2,E01007815,0,-1
2021010296060,2021,010296060,1,9,0,18,19,1,5,0,0,8,0,0,0,0,1,1,2,2,2,22,5,1197,1,6,VOLKSWAGEN POLO,-1,-1,0,-1
2021131087237,2021,131087237,2,9,0,18,19,3,7,0,0,0,0,10,6,6,3,1,6,6,2,57,9,1197,1,6,VOLKSWAGEN POLO,9,E01011221,0,-1
2021041127337,2021,041127337,2,9,0,18,19,5,1,0,0,1,0,0,0,0,2,1,5,6,1,26,6,999,1,0,VOLKSWAGEN POLO,2,E01012742,0,-1
202163D090721,2021,63D090721,1,9,0,18,19,7,3,0,0,0,1,0,8,10,1,1,2,2,2,26,6,1390,1,12,VOLKSWAGEN POLO,7,E01028976,0,-1
2021061040580,2021,061040580,1,9,0,18,19,5,2,0,0,1,0,0,0,0,3,1,6,6,1,35,6,1198,1,11,VOLKSWAGEN POLO,10,E01005794,0,-1
2021451045355,2021,451045355,1,9,0,18,19,5,1,0,0,8,0,0,0,0,3,1,5,6,1,29,6,1198,1,15,VOLKSWAGEN POLO,5,E01030962,0,-1
2021451074616,2021,451074616,1,9,0,18,19,3,7,0,0,2,0,0,0,0,1,1,5,6,1,28,6,1198,1,15,VOLKSWAGEN POLO,9,E01030705,0,-1
2021411061687,2021,411061687,2,9,0,4,4,2,6,0,0,1,0,0,0,0,1,1,5,6,1,28,6,1390,1,19,VOLKSWAGEN POLO,6,E01023848,0,-1
2021010293417,2021,010293417,1,9,0,99,99,9,9,99,99,6,9,99,9,99,1,9,6,6,1,29,6,999,1,3,VOLKSWAGEN POLO,5,E01002529,0,-1
2021041026603,2021,041026603,1,9,0,7,7,6,2,0,0,2,0,0,0,0,1,1,5,6,1,18,4,1390,1,11,VOLKSWAGEN POLO,7,E01025448,0,-1
2021201144798,2021,201144798,1,9,0,18,19,4,8,0,0,8,0,0,0,0,1,1,6,6,1,29,6,1199,2,11,VOLKSWAGEN POLO,9,E01032336,0,-1
2021041080497,2021,041080497,3,9,0,2,2,3,7,0,0,0,0,0,0,0,2,1,6,6,3,-1,-1,1197,1,5,VOLKSWAGEN POLO,-1,-1,0,-1
2021201109895,2021,201109895,1,9,0,17,19,4,1,0,0,0,1,10,1,11,1,1,6,6,1,17,4,1198,1,18,VOLKSWAGEN POLO,1,E01009892,0,-1
2021201120486,2021,201120486,2,9,0,18,19,-1,-1,0,0,0,0,0,0,0,0,1,6,6,2,55,8,1198,1,9,VOLKSWAGEN POLO,2,E01001257,0,-1
2021421054223,2021,421054223,2,9,0,18,19,8,4,0,0,0,0,0,0,0,3,1,5,6,2,25,5,1390,1,7,VOLKSWAGEN POLO,4,E01032773,0,-1
2021201116162,2021,201116162,2,9,0,18,19,8,4,0,0,0,0,0,0,0,2,1,5,6,1,20,4,1199,2,9,VOLKSWAGEN POLO,2,E01009516,0,-1
2021522101589,2021,522101589,1,9,0,6,6,2,2,0,0,0,0,0,0,0,3,1,6,6,1,20,4,1422,2,12,VOLKSWAGEN POLO,10,E01014513,0,-1
2021052102809,2021,052102809,3,9,0,3,3,5,1,0,0,0,0,0,0,0,2,1,6,6,2,51,8,1198,1,10,VOLKSWAGEN POLO,3,E01006431,0,-1
2021471092735,2021,471092735,2,9,0,18,19,6,2,0,0,1,0,0,0,0,2,1,6,6,1,29,6,1198,1,11,VOLKSWAGEN POLO,1,E01016904,0,-1
2021101034455,2021,101034455,1,9,0,17,19,7,3,0,0,0,0,0,0,0,1,1,5,6,2,18,4,999,1,7,VOLKSWAGEN POLO,-1,-1,0,-1
2021010315956,2021,010315956,2,9,0,99,99,9,9,99,99,0,9,99,9,99,1,9,6,6,3,-1,-1,1390,1,10,VOLKSWAGEN POLO,2,E01002703,0,-1
2021302102074,2021,302102074,1,9,0,9,9,8,6,0,0,6,0,0,0,0,3,1,6,6,3,-1,-1,1197,1,6,VOLKSWAGEN POLO,5,E01019456,0,-1
2021041041912,2021,041041912,1,9,0,18,19,1,5,0,0,0,1,0,0,0,1,1,5,6,2,37,7,999,1,3,VOLKSWAGEN POLO,1,E01005639,0,-1
2021531078839,2021,531078839,1,9,0,16,19,3,7,0,0,0,0,0,0,0,1,1,2,2,2,25,5,999,1,1,VOLKSWAGEN POLO,8,E01014890,0,-1
2021070617072,2021,070617072,1,9,0,17,19,5,1,0,0,2,2,10,1,7,1,1,6,6,1,32,6,1198,1,17,VOLKSWAGEN POLO,5,E01012451,0,-1
2021522105330,2021,522105330,2,9,0,2,2,0,0,0,0,0,0,0,0,0,1,1,6,6,3,50,8,1198,1,13,VOLKSWAGEN POLO,-1,-1,0,-1
2021991081877,2021,991081877,1,9,0,5,5,3,8,0,0,1,1,7,1,10,3,1,5,6,1,76,11,999,1,3,VOLKSWAGEN POLO,5,-1,0,-1
2021041112302,2021,041112302,1,9,0,9,9,1,3,0,0,8,0,0,0,0,1,1,5,6,1,35,6,1422,2,14,VOLKSWAGEN POLO,1,E01012572,0,-1
2021302100949,2021,302100949,2,9,0,18,19,5,1,0,0,0,1,0,0,0,2,1,6,6,2,29,6,999,1,2,VOLKSWAGEN POLO,8,E01011930,0,-1
2021501134371,2021,501134371,1,9,0,18,19,8,4,0,0,0,0,0,1,10,1,1,2,2,2,19,4,1390,1,17,VOLKSWAGEN POLO,5,E01020046,0,-1
2021320680212,2021,320680212,1,9,0,18,19,1,5,0,0,1,0,0,0,0,1,1,6,6,2,-1,-1,1390,1,17,VOLKSWAGEN POLO,4,E01026143,0,-1
2021122100628,2021,122100628,2,9,0,5,5,3,7,1,1,6,0,0,0,0,1,1,6,6,1,19,4,1395,1,6,VOLKSWAGEN POLO,10,E01013091,0,-1
2021622200069,2021,622200069,2,9,0,7,7,2,4,0,0,1,0,0,0,0,4,1,6,6,1,17,4,1400,1,15,VOLKSWAGEN POLO,2,W01001766,0,-1
2021221092660,2021,221092660,1,9,0,9,9,2,8,0,0,6,1,4,0,0,1,1,6,6,1,20,4,999,1,0,VOLKSWAGEN POLO,6,E01029488,0,-1
2021501064214,2021,501064214,1,9,0,5,5,1,5,0,0,8,0,0,0,0,3,1,5,6,2,68,10,999,1,20,VOLKSWAGEN POLO,5,E01020319,0,-1
2021401057200,2021,401057200,2,9,0,18,19,7,3,0,0,0,0,0,0,0,2,1,6,6,1,47,8,1198,1,12,VOLKSWAGEN POLO,1,E01017466,0,-1
2021101096847,2021,101096847,2,9,0,18,19,5,1,0,0,8,0,0,0,0,1,1,5,6,1,79,11,999,1,3,VOLKSWAGEN POLO,10,E01008784,0,-1
2021501096919,2021,501096919,1,9,0,9,9,1,5,0,0,0,0,0,0,0,3,1,5,6,1,38,7,1984,1,2,VOLKSWAGEN POLO,2,E01000189,0,-1
2021010349743,2021,010349743,2,9,0,99,99,9,9,99,99,9,9,99,9,99,9,9,6,6,3,-1,-1,1198,1,10,VOLKSWAGEN POLO,-1,-1,0,-1
2021010326826,2021,010326826,2,9,0,99,99,9,9,99,99,9,9,99,9,99,2,9,6,6,3,19,4,1197,1,4,VOLKSWAGEN POLO,7,E01000215,0,-1
2021501082643,2021,501082643,1,9,0,7,7,4,7,0,0,1,0,0,0,0,1,1,5,6,1,79,11,1197,1,4,VOLKSWAGEN POLO,7,E01020064,0,-1
2021010316882,2021,010316882,2,9,0,99,99,9,9,99,99,9,9,99,9,99,9,9,6,6,3,-1,-1,1390,1,18,VOLKSWAGEN POLO,3,E01002133,0,-1
2021501103732,2021,501103732,1,9,0,18,19,1,5,0,0,0,0,0,0,0,1,1,6,6,1,81,11,1198,1,14,VOLKSWAGEN POLO,3,E01018907,0,-1
2021991083383,2021,991083383,1,9,0,11,11,5,1,0,0,0,0,0,0,0,4,1,2,2,2,23,5,1198,1,8,VOLKSWAGEN POLO,10,-1,0,-1
2021010345523,2021,010345523,1,9,0,18,19,1,5,0,0,1,0,0,0,0,4,1,3,7,2,32,6,1198,1,11,VOLKSWAGEN POLO,2,E01000959,0,-1
2021411025383,2021,411025383,2,9,0,3,3,4,8,0,0,1,0,0,0,0,2,1,6,6,1,28,6,999,1,1,VOLKSWAGEN POLO,9,E01023962,0,-1
2021131079437,2021,131079437,2,9,0,18,19,3,7,0,0,0,0,0,0,0,3,1,5,6,2,26,6,999,1,7,VOLKSWAGEN POLO,9,E01011209,0,-1
2021430387093,2021,430387093,2,9,0,3,3,5,1,0,0,0,0,0,0,0,2,1,6,6,1,32,6,1198,1,10,VOLKSWAGEN POLO,7,E01028560,0,-1
2021010309118,2021,010309118,1,9,0,5,5,1,5,0,0,1,0,0,0,0,0,1,6,6,1,71,10,1390,1,14,VOLKSWAGEN POLO,-1,-1,0,-1
2021131098581,2021,131098581,2,9,0,4,4,6,2,0,0,0,0,0,0,0,1,1,5,6,2,19,4,1197,1,6,VOLKSWAGEN POLO,4,E01011499,0,-1
2021010323214,2021,010323214,1,9,0,18,19,5,1,0,0,1,0,0,0,0,2,1,6,6,2,24,5,999,1,2,VOLKSWAGEN POLO,8,E01002320,0,-1
202163C071721,2021,63C071721,1,9,0,17,19,8,5,0,0,2,5,0,2,10,4,1,6,6,2,19,4,1598,2,10,VOLKSWAGEN POLO,3,W01000607,0,-1
2021010333013,2021,010333013,1,9,0,99,99,9,9,99,99,0,9,99,9,99,2,1,6,6,2,34,6,1198,1,13,VOLKSWAGEN POLO,3,E01002370,0,-1
2021430390120,2021,430390120,1,9,0,17,19,7,4,0,0,0,2,0,1,3,1,1,6,6,1,20,4,1198,1,19,VOLKSWAGEN POLO,9,E01016543,0,-1
2021520101544,2021,520101544,1,9,0,18,19,8,2,0,0,0,0,0,0,0,1,1,6,6,1,18,4,1390,1,12,VOLKSWAGEN POLO,3,E01029307,0,-1
2021061081078,2021,061081078,1,9,0,18,19,5,1,0,0,1,0,0,0,0,1,1,6,6,3,30,6,1798,1,5,VOLKSWAGEN POLO,-1,-1,0,-1
2021141107952,2021,141107952,1,9,0,7,7,6,8,0,0,1,0,0,0,0,1,1,2,2,1,64,9,1390,1,20,VOLKSWAGEN POLO,4,E01007731,0,-1
2021010323892,2021,010323892,1,9,0,9,9,1,8,0,0,6,0,0,0,0,3,1,6,6,1,25,5,1390,1,9,VOLKSWAGEN POLO,8,E01024758,0,-1
2021440393493,2021,440393493,1,9,0,16,19,2,5,0,0,0,0,0,0,0,1,1,6,6,1,18,4,999,1,7,VOLKSWAGEN POLO,10,E01023230,0,-1
2021041024500,2021,041024500,2,9,0,12,12,5,1,0,0,1,0,0,7,2,3,1,5,6,2,29,6,999,1,3,VOLKSWAGEN POLO,8,E01006809,0,-1
2021522103864,2021,522103864,1,9,0,18,19,5,1,0,0,2,0,0,0,0,2,1,6,6,2,29,6,999,1,1,VOLKSWAGEN POLO,5,E01029314,0,-1
2021070487120,2021,070487120,1,9,0,7,7,2,7,0,0,2,0,0,0,0,1,1,2,2,2,34,6,1198,1,13,VOLKSWAGEN POLO,6,E01012465,0,-1
2021131071972,2021,131071972,1,9,0,18,19,5,1,0,0,0,5,10,0,0,3,1,5,6,1,18,4,1390,1,12,VOLKSWAGEN POLO,9,E01011199,0,-1
2021221139684,2021,221139684,1,9,0,16,19,6,1,0,0,3,0,0,0,0,1,1,5,6,1,27,6,999,1,0,VOLKSWAGEN POLO,2,E01014071,0,-1
2021161056696,2021,161056696,1,9,0,1,1,5,2,9,9,0,0,0,7,3,2,1,5,6,2,85,11,1400,1,15,VOLKSWAGEN POLO,10,E01013117,0,-1
2021061052415,2021,061052415,2,9,0,18,19,4,8,0,0,8,0,0,0,0,1,1,6,6,2,19,4,1197,1,5,VOLKSWAGEN POLO,3,E01006235,0,-1
2021010338748,2021,010338748,1,9,0,18,19,8,4,0,0,0,0,0,1,0,0,1,1,1,1,18,4,1199,2,10,VOLKSWAGEN POLO,9,E01024454,0,-1
2021061029173,2021,061029173,1,9,0,13,13,4,8,0,0,0,0,0,0,0,3,1,6,6,2,56,9,1395,1,4,VOLKSWAGEN POLO,-1,-1,0,-1
2021552101291,2021,552101291,1,9,0,18,19,1,5,0,0,1,0,0,0,0,1,1,6,6,1,33,6,1198,1,13,VOLKSWAGEN POLO,8,E01015299,0,-1
2021421065037,2021,421065037,2,9,0,18,19,5,1,0,0,1,0,0,1,11,1,1,5,6,1,19,4,999,1,5,VOLKSWAGEN POLO,6,E01021536,0,-1
2021320219833,2021,320219833,2,9,0,3,3,2,6,0,0,1,0,0,0,0,2,1,6,6,2,22,5,1198,1,8,VOLKSWAGEN POLO,10,E01026413,0,-1
2021522101708,2021,522101708,3,9,0,2,2,0,0,0,0,1,0,0,0,0,2,1,6,6,1,72,10,1197,1,5,VOLKSWAGEN POLO,4,E01014523,0,-1
2021010315374,2021,010315374,1,9,0,18,19,3,7,0,0,2,0,0,0,0,2,1,6,6,1,25,5,1198,1,11,VOLKSWAGEN POLO,3,E01004342,0,-1
2021501110899,2021,501110899,1,9,0,18,19,4,8,0,0,0,5,0,0,0,1,1,6,6,2,28,6,1390,1,15,VOLKSWAGEN POLO,4,E01020032,0,-1
202131B144321,2021,31B144321,1,9,0,16,19,6,1,0,0,8,0,0,0,0,1,1,6,6,1,49,8,1400,2,15,VOLKSWAGEN POLO,3,E01013934,0,-1
202163B083421,2021,63B083421,1,9,0,17,19,8,5,0,0,0,5,6,8,10,3,1,6,6,2,24,5,1400,1,15,VOLKSWAGEN POLO,4,W01000508,0,-1
2021010340882,2021,010340882,2,9,0,2,2,0,0,0,0,2,0,0,0,0,4,1,6,6,3,-1,-1,1390,1,19,VOLKSWAGEN POLO,-1,-1,0,-1
2021141048553,2021,141048553,1,9,0,18,19,6,2,0,0,8,0,0,0,0,1,1,2,2,2,27,6,999,1,3,VOLKSWAGEN POLO,5,E01007828,0,-1
2021440307498,2021,440307498,1,9,0,18,19,2,5,0,0,0,0,0,0,0,3,1,6,6,2,19,4,1390,1,11,VOLKSWAGEN POLO,6,E01023199,0,-1
2021052102907,2021,052102907,1,9,0,10,10,1,8,0,0,1,0,0,0,0,2,1,6,6,1,17,4,1198,1,11,VOLKSWAGEN POLO,9,E01006594,0,-1
2021451091861,2021,451091861,1,9,0,16,19,5,1,0,0,1,0,0,0,0,1,1,5,6,1,18,4,1198,1,10,VOLKSWAGEN POLO,10,E01030776,0,-1
2021052102099,2021,052102099,1,9,0,18,19,1,5,0,0,0,0,0,0,0,1,1,2,2,2,22,5,999,1,3,VOLKSWAGEN POLO,10,E01007266,0,-1
202134WNC0901,2021,34WNC0901,2,9,0,3,3,5,1,0,0,0,0,0,0,0,2,1,6,6,1,53,8,999,1,2,VOLKSWAGEN POLO,-1,-1,0,-1