collision_index,collision_year,collision_ref_no,vehicle_reference,vehicle_type,towing_and_articulation,vehicle_manoeuvre_historic,vehicle_manoeuvre,vehicle_direction_from,vehicle_direction_to,vehicle_location_restricted_lane_historic,vehicle_location_restricted_lane,junction_location,skidding_and_overturning,hit_object_in_carriageway,vehicle_leaving_carriageway,hit_object_off_carriageway,first_point_of_impact,vehicle_left_hand_drive,journey_purpose_of_driver_historic,journey_purpose_of_driver,sex_of_driver,age_of_driver,age_band_of_driver,engine_capacity_cc,propulsion_code,age_of_vehicle,generic_make_model,driver_imd_decile,lsoa_of_driver,escooter_flag,driver_distance_banding
2021622100426,2021,622100426,1,9,0,18,19,8,4,0,0,2,0,0,0,0,1,1,6,6,2,22,5,1197,1,5,VOLKSWAGEN POLO,1,W01001144,0,-1
2021041056882,2021,041056882,1,9,0,18,19,7,3,0,0,1,0,0,0,0,1,1,2,2,2,21,5,1199,2,8,VOLKSWAGEN POLO,7,E01025279,0,-1
2021371066087,2021,371066087,2,9,0,18,19,7,2,0,0,0,0,0,0,0,3,1,6,6,2,18,4,1198,1,11,VOLKSWAGEN POLO,2,E01030029,0,-1
2021101047028,2021,101047028,1,9,0,6,6,3,7,0,0,0,0,0,0,0,0,1,6,6,2,-1,-1,1198,1,8,VOLKSWAGEN POLO,-1,-1,0,-1
2021131077132,2021,131077132,1,9,0,18,19,5,1,0,0,0,0,0,0,0,1,1,6,6,1,30,6,999,1,6,VOLKSWAGEN POLO,2,E01010942,0,-1
2021111095878,2021,111095878,1,9,0,17,19,7,3,0,0,1,0,0,0,0,1,1,6,6,2,38,7,999,1,3,VOLKSWAGEN POLO,5,E01020629,0,-1
2021141073284,2021,141073284,1,9,0,18,19,4,4,0,0,0,0,0,0,0,1,1,5,6,2,66,10,999,1,2,VOLKSWAGEN POLO,9,E01013251,0,-1
2021461047322,2021,461047322,2,9,0,17,19,3,7,0,0,1,0,0,0,0,1,1,5,6,2,56,9,1197,1,6,VOLKSWAGEN POLO,6,E01024207,0,-1
2021991097642,2021,991097642,1,9,0,4,4,5,1,0,0,0,0,0,0,0,4,1,5,6,2,51,8,1395,1,4,VOLKSWAGEN POLO,10,-1,0,-1
202131A141321,2021,31A141321,1,9,0,5,5,4,8,0,0,6,0,0,0,0,1,1,6,6,2,58,9,1198,1,15,VOLKSWAGEN POLO,4,E01028249,0,-1
202163C092121,2021,63C092121,2,9,0,18,19,2,6,0,0,0,0,0,0,0,0,1,6,6,1,20,4,1197,1,5,VOLKSWAGEN POLO,3,W01000588,0,-1
2021010336656,2021,010336656,2,9,0,99,99,9,9,0,0,8,0,0,0,0,3,1,6,6,1,-1,-1,999,1,1,VOLKSWAGEN POLO,9,E01003884,0,-1
2021320608538,2021,320608538,2,9,0,9,9,4,2,0,0,1,0,0,7,11,2,1,6,6,2,25,5,999,1,7,VOLKSWAGEN POLO,5,E01026241,0,-1
2021131035222,2021,131035222,1,9,0,18,19,5,1,0,0,0,0,0,0,0,3,1,1,1,2,28,6,999,1,3,VOLKSWAGEN POLO,4,E01011606,0,-1
2021122101127,2021,122101127,1,9,0,5,5,1,5,9,9,7,0,0,0,0,1,1,1,1,2,18,4,999,1,3,VOLKSWAGEN POLO,6,E01027797,0,-1
2021991063548,2021,991063548,2,9,0,18,19,2,6,0,0,8,0,0,0,0,1,1,5,6,1,23,5,1197,1,6,VOLKSWAGEN POLO,7,-1,0,-1
2021131064328,2021,131064328,2,9,0,3,3,6,2,0,0,0,0,0,0,0,2,1,6,6,2,41,7,1198,1,16,VOLKSWAGEN POLO,1,E01010832,0,-1
2021201095761,2021,201095761,2,9,0,2,2,0,0,0,0,0,0,4,0,0,2,1,5,6,2,22,5,1198,1,9,VOLKSWAGEN POLO,-1,-1,0,-1
2021302100122,2021,302100122,1,9,0,18,19,6,3,0,0,0,0,0,1,4,1,1,6,6,2,27,6,999,1,1,VOLKSWAGEN POLO,-1,-1,0,-1
2021622101009,2021,622101009,1,9,0,18,19,1,5,0,0,3,2,10,0,0,4,1,6,6,1,17,4,1198,1,16,VOLKSWAGEN POLO,2,W01001237,0,-1
2021451126367,2021,451126367,1,9,0,18,19,5,1,0,0,1,0,0,0,0,1,1,5,6,2,21,5,1197,1,4,VOLKSWAGEN POLO,6,E01030455,0,-1
2021440217624,2021,440217624,2,9,0,2,2,0,0,0,0,0,0,0,1,0,2,1,2,2,2,26,6,1390,1,21,VOLKSWAGEN POLO,10,E01023278,0,-1
2021421041285,2021,421041285,3,9,0,2,2,0,0,0,0,0,0,0,1,0,2,1,6,6,3,-1,-1,1198,1,16,VOLKSWAGEN POLO,-1,-1,0,-1
2021161120683,2021,161120683,1,9,0,18,19,7,3,0,0,0,0,4,0,0,1,1,5,6,1,23,5,1390,1,14,VOLKSWAGEN POLO,3,E01012795,0,-1
2021010301200,2021,010301200,2,9,0,99,99,9,9,99,99,9,9,99,9,99,1,9,6,6,3,23,5,999,1,2,VOLKSWAGEN POLO,6,E01003226,0,-1
2021501025170,2021,501025170,3,9,0,2,2,0,0,0,0,1,0,0,0,0,1,1,5,6,2,25,5,1198,1,10,VOLKSWAGEN POLO,2,E01015053,0,-1
2021201085283,2021,201085283,2,9,0,18,19,6,2,0,0,0,0,0,0,0,1,1,6,6,1,21,5,999,1,3,VOLKSWAGEN POLO,7,E01009707,0,-1
2021201134312,2021,201134312,2,9,0,18,19,4,8,0,0,1,0,0,0,0,1,1,6,6,2,68,10,1390,1,9,VOLKSWAGEN POLO,5,E01010542,0,-1
2021471049422,2021,471049422,1,9,0,9,9,4,2,0,0,5,0,0,0,0,1,1,2,2,1,35,6,1197,1,8,VOLKSWAGEN POLO,6,E01031656,0,-1
2021131066310,2021,131066310,1,9,0,9,9,7,3,0,0,1,0,0,0,0,4,1,6,6,1,18,4,1896,2,18,VOLKSWAGEN POLO,1,E01010666,0,-1
2021440283369,2021,440283369,3,9,0,4,4,1,5,0,0,0,0,0,0,0,2,1,6,6,2,25,5,999,1,3,VOLKSWAGEN POLO,6,E01017809,0,-1
2021544384421,2021,544384421,1,9,0,9,9,1,7,0,0,8,0,0,0,0,4,1,6,6,1,18,4,1198,1,17,VOLKSWAGEN POLO,10,E01015499,0,-1
2021461092007,2021,461092007,1,9,0,18,19,3,7,0,0,0,0,0,0,0,1,1,6,6,1,32,6,1422,2,17,VOLKSWAGEN POLO,-1,-1,0,-1
2021061048376,2021,061048376,2,9,0,9,9,2,1,0,0,1,0,0,0,0,1,1,5,6,3,30,6,1198,1,16,VOLKSWAGEN POLO,-1,-1,0,-1
2021010289947,2021,010289947,4,9,0,9,9,5,2,0,0,3,0,0,0,0,0,1,6,6,2,31,6,1198,1,9,VOLKSWAGEN POLO,2,E01002049,0,-1
2021461048423,2021,461048423,1,9,0,18,19,6,2,0,0,1,2,11,2,0,1,1,6,6,2,24,5,1198,1,7,VOLKSWAGEN POLO,2,E01024477,0,-1
2021010340586,2021,010340586,2,9,0,99,99,9,9,99,99,9,9,99,9,99,2,9,6,6,3,-1,-1,1198,1,7,VOLKSWAGEN POLO,3,E01024567,0,-1
2021061098309,2021,061098309,1,9,0,9,9,1,1,0,0,0,0,0,0,0,3,1,6,6,2,29,6,999,1,1,VOLKSWAGEN POLO,-1,-1,0,-1
2021052101332,2021,052101332,1,9,0,4,4,1,5,0,0,1,0,0,0,0,1,1,6,6,3,-1,-1,999,1,7,VOLKSWAGEN POLO,-1,-1,0,-1
2021302101520,2021,302101520,1,9,0,9,9,4,2,0,0,8,0,0,0,0,3,1,6,6,2,64,9,1390,1,20,VOLKSWAGEN POLO,2,E01013597,0,-1
2021520200740,2021,520200740,2,9,0,18,19,6,2,0,0,0,0,0,0,0,1,1,6,6,1,62,9,1896,2,17,VOLKSWAGEN POLO,10,E01032045,0,-1
2021501041652,2021,501041652,1,9,0,3,3,1,5,0,0,0,0,0,0,0,1,1,5,6,2,32,6,1390,1,10,VOLKSWAGEN POLO,4,E01032673,0,-1
2021440104570,2021,440104570,1,9,0,9,9,5,1,9,9,5,0,0,7,10,1,1,6,6,2,23,5,999,1,5,VOLKSWAGEN POLO,7,E01030502,0,-1
2021010328659,2021,010328659,1,9,0,9,9,1,6,0,0,5,0,0,0,0,1,1,6,6,1,19,4,1198,1,10,VOLKSWAGEN POLO,1,E01004732,0,-1
2021131111769,2021,131111769,2,9,0,9,9,7,5,0,0,5,0,11,7,6,1,1,2,2,2,20,4,1198,1,9,VOLKSWAGEN POLO,1,E01011428,0,-1
2021361078091,2021,361078091,1,9,0,18,19,5,1,0,0,0,0,0,0,0,1,1,5,6,1,23,5,1198,1,8,VOLKSWAGEN POLO,2,E01008481,0,-1
2021201137624,2021,201137624,3,9,0,18,19,2,6,0,0,8,0,0,0,0,4,1,6,6,1,28,6,1198,1,13,VOLKSWAGEN POLO,9,E01010331,0,-1
2021451026057,2021,451026057,1,9,0,18,19,7,3,0,0,1,5,0,0,0,4,1,2,2,1,20,4,1390,1,9,VOLKSWAGEN POLO,6,E01030600,0,-1
2021161016916,2021,161016916,1,9,0,18,19,8,4,0,0,0,0,0,0,0,1,1,5,6,1,74,10,1197,1,4,VOLKSWAGEN POLO,8,E01013170,0,-1
2021622100737,2021,622100737,1,9,0,18,19,2,6,0,0,0,0,0,1,4,1,1,6,6,1,36,7,1199,2,9,VOLKSWAGEN POLO,1,W01001661,0,-1
2021440197345,2021,440197345,2,9,0,18,19,6,2,0,0,8,0,0,0,0,1,1,6,6,2,23,5,1199,2,9,VOLKSWAGEN POLO,4,E01017185,0,-1
2021451111396,2021,451111396,1,9,0,10,10,1,4,0,0,0,0,0,0,0,1,1,1,1,1,21,5,1198,1,12,VOLKSWAGEN POLO,5,E01030531,0,-1
2021430509164,2021,430509164,2,9,0,18,19,6,2,0,0,1,0,0,0,0,1,1,6,6,2,-1,-1,1198,1,10,VOLKSWAGEN POLO,5,E01016203,0,-1
2021010307912,2021,010307912,1,9,0,10,10,7,5,0,0,1,0,0,1,0,1,1,6,6,1,22,5,1198,1,9,VOLKSWAGEN POLO,4,E01004631,0,-1
2021131117184,2021,131117184,1,9,0,5,5,4,8,0,0,8,0,0,0,0,1,1,5,6,2,49,8,999,1,7,VOLKSWAGEN POLO,4,E01010784,0,-1
2021101125071,2021,101125071,1,9,0,7,7,3,5,0,0,2,0,0,0,0,1,1,5,6,1,33,6,1198,1,14,VOLKSWAGEN POLO,3,E01001045,0,-1
2021010336541,2021,010336541,1,9,0,18,19,3,7,0,0,1,0,0,0,0,1,1,6,6,1,27,6,999,1,4,VOLKSWAGEN POLO,5,E01000560,0,-1
2021061101581,2021,061101581,2,9,0,9,9,2,8,0,0,0,0,0,0,0,3,1,2,2,2,52,8,999,1,3,VOLKSWAGEN POLO,6,E01004998,0,-1
2021401108694,2021,401108694,2,9,0,18,19,8,5,0,0,1,1,10,1,0,3,1,4,7,2,40,7,1400,2,13,VOLKSWAGEN POLO,5,E01015762,0,-1
2021201054345,2021,201054345,1,9,0,18,19,6,2,0,0,0,0,4,0,0,1,1,1,1,2,25,5,1197,1,5,VOLKSWAGEN POLO,1,E01010486,0,-1
2021991099258,2021,991099258,1,9,0,16,19,2,7,0,0,0,2,0,7,11,1,1,5,6,1,17,4,1198,1,18,VOLKSWAGEN POLO,5,-1,0,-1
2021991112080,2021,991112080,1,9,0,18,19,5,1,0,0,1,0,0,0,0,1,1,5,6,1,22,5,1198,1,10,VOLKSWAGEN POLO,-1,-1,0,-1
2021010336691,2021,010336691,1,9,0,7,7,1,3,0,0,5,0,0,0,0,4,1,6,6,2,24,5,1400,1,15,VOLKSWAGEN POLO,6,E01003888,0,-1
2021131038071,2021,131038071,1,9,0,18,19,7,1,0,0,0,0,0,0,0,1,1,6,6,2,40,7,1390,1,18,VOLKSWAGEN POLO,7,E01011637,0,-1
2021010333793,2021,010333793,2,9,0,99,99,9,9,99,99,9,9,99,9,99,9,9,6,6,3,-1,-1,999,1,3,VOLKSWAGEN POLO,1,E01000643,0,-1
2021131074462,2021,131074462,2,9,0,9,9,1,3,0,0,1,0,0,0,0,1,1,6,6,1,18,4,1198,1,10,VOLKSWAGEN POLO,4,E01011597,0,-1
2021010332469,2021,010332469,2,9,0,9,9,1,7,0,0,8,0,0,0,0,1,1,2,2,1,43,7,1198,1,16,VOLKSWAGEN POLO,6,E01002204,0,-1
2021471044614,2021,471044614,2,9,0,4,4,3,8,0,0,0,0,0,0,0,1,1,2,2,2,53,8,1422,2,17,VOLKSWAGEN POLO,3,E01031360,0,-1
2021041127629,2021,041127629,2,9,0,18,19,3,7,0,0,8,0,0,0,0,4,1,5,6,2,81,11,1395,1,4,VOLKSWAGEN POLO,9,E01025064,0,-1
2021371040106,2021,371040106,2,9,0,18,19,6,2,0,0,8,0,0,0,0,1,1,2,2,2,63,9,1199,2,9,VOLKSWAGEN POLO,6,E01030120,0,-1
2021131034343,2021,131034343,2,9,0,15,15,1,5,0,0,1,0,0,0,0,4,1,5,6,1,23,5,1197,1,6,VOLKSWAGEN POLO,4,E01011443,0,-1
2021141062068,2021,141062068,1,9,0,5,5,1,3,0,0,8,0,0,0,0,1,1,2,2,2,31,6,999,1,1,VOLKSWAGEN POLO,7,E01007384,0,-1
2021211047060,2021,211047060,3,9,0,18,19,5,1,0,0,2,0,0,0,0,2,1,6,6,1,35,6,1390,1,22,VOLKSWAGEN POLO,1,E01014269,0,-1
2021041011467,2021,041011467,1,9,0,18,19,5,1,0,0,0,1,4,0,0,4,1,6,6,1,31,6,1390,1,20,VOLKSWAGEN POLO,9,E01024983,0,-1
2021231063165,2021,231063165,1,9,0,9,9,4,2,0,0,6,0,0,0,0,3,1,5,6,2,18,4,999,1,7,VOLKSWAGEN POLO,10,E01031250,0,-1
2021371129144,2021,371129144,1,9,0,18,19,5,1,0,0,0,0,0,0,0,1,1,5,6,1,19,4,1197,1,7,VOLKSWAGEN POLO,10,E01030181,0,-1
2021430485195,2021,430485195,2,9,0,18,19,7,3,0,0,8,0,0,0,0,1,1,1,1,1,63,9,999,1,0,VOLKSWAGEN POLO,10,E01017742,0,-1
2021010296687,2021,010296687,3,9,0,7,7,5,7,0,0,1,0,0,0,0,0,1,6,6,1,61,9,1390,1,9,VOLKSWAGEN POLO,7,E01003675,0,-1
2021010344258,2021,010344258,1,9,0,18,19,1,5,0,0,0,0,0,0,0,1,1,6,6,1,28,6,1390,1,17,VOLKSWAGEN POLO,5,E01002449,0,-1
2021010322898,2021,010322898,2,9,0,18,19,5,1,0,0,8,0,0,0,0,1,1,6,6,1,25,5,1390,1,16,VOLKSWAGEN POLO,2,E01003498,0,-1
2021101037056,2021,101037056,2,9,0,4,4,6,2,0,0,0,0,0,0,0,2,1,2,2,2,24,5,999,1,0,VOLKSWAGEN POLO,8,E01028350,0,-1
2021010303637,2021,010303637,1,9,0,4,4,3,7,0,0,0,0,0,0,0,1,1,6,6,2,22,5,1198,1,13,VOLKSWAGEN POLO,2,E01004253,0,-1
2021010303365,2021,010303365,1,9,0,5,5,3,7,0,0,1,0,0,0,0,1,1,6,6,1,35,6,1400,1,17,VOLKSWAGEN POLO,1,E01004304,0,-1
2021010294289,2021,010294289,2,9,0,1,1,3,7,0,0,3,0,0,0,0,0,1,6,6,1,18,4,1390,1,12,VOLKSWAGEN POLO,7,E01000391,0,-1
2021531103822,2021,531103822,2,9,0,4,4,-1,-1,0,0,0,1,0,0,0,2,1,2,2,2,28,6,1200,1,16,VOLKSWAGEN POLO,3,E01014502,0,-1
2021010302189,2021,010302189,2,9,0,7,7,5,8,0,0,1,0,0,1,0,4,1,6,6,1,56,9,1390,1,11,VOLKSWAGEN POLO,9,E01004087,0,-1
2021311081812,2021,311081812,2,9,0,2,2,7,3,0,0,2,0,0,0,0,2,1,6,6,3,-1,-1,1197,1,7,VOLKSWAGEN POLO,-1,-1,0,-1
2021101057378,2021,101057378,5,9,0,18,19,8,4,0,0,0,0,0,0,0,0,1,1,1,2,25,5,1199,2,7,VOLKSWAGEN POLO,4,E01027433,0,-1
2021461086692,2021,461086692,2,9,0,7,7,1,5,0,0,1,0,0,0,0,3,1,6,6,2,37,7,1400,1,15,VOLKSWAGEN POLO,7,E01024388,0,-1
2021010309672,2021,010309672,2,9,0,99,99,9,9,99,99,9,9,99,9,99,2,9,6,6,2,28,6,1400,1,16,VOLKSWAGEN POLO,2,E01004269,0,-1
2021471103816,2021,471103816,2,9,0,3,3,4,2,0,0,8,0,0,0,0,2,1,1,1,1,21,5,1198,1,14,VOLKSWAGEN POLO,4,E01021127,0,-1
2021010352920,2021,010352920,1,9,0,99,99,9,9,99,99,9,9,99,9,99,2,9,6,6,2,27,6,1198,1,7,VOLKSWAGEN POLO,2,E01002076,0,-1
2021201126759,2021,201126759,1,9,0,4,4,1,5,0,0,1,0,0,0,0,2,1,6,6,1,18,4,1199,2,9,VOLKSWAGEN POLO,9,E01009472,0,-1
2021070464096,2021,070464096,2,9,0,16,19,7,1,0,0,0,0,0,0,0,3,1,6,6,1,19,4,1198,1,7,VOLKSWAGEN POLO,9,E01018381,0,-1
2021440394173,2021,440394173,1,9,0,18,19,1,5,0,0,3,0,0,0,0,4,1,6,6,2,24,5,1390,1,11,VOLKSWAGEN POLO,10,E01022519,0,-1
2021131113887,2021,131113887,2,9,0,4,4,3,7,0,0,0,0,0,0,0,2,1,2,2,2,27,6,1197,1,6,VOLKSWAGEN POLO,5,E01011202,0,-1
202134NNC1511,2021,34NNC1511,2,9,0,18,19,2,6,0,0,1,0,0,1,2,2,1,6,6,1,20,4,1198,1,16,VOLKSWAGEN POLO,8,E01027101,0,-1
2021451109704,2021,451109704,1,9,0,18,19,5,1,0,0,0,5,0,0,0,1,1,5,6,2,17,4,1198,1,13,VOLKSWAGEN POLO,8,E01030877,0,-1
2021111034250,2021,111034250,2,9,0,9,9,7,5,0,0,8,0,0,0,0,2,1,2,2,1,27,6,1198,1,15,VOLKSWAGEN POLO,1,E01011951,0,-1
2021061113556,2021,061113556,2,9,0,9,9,2,6,0,0,0,0,0,0,0,3,1,5,6,1,25,5,999,1,4,VOLKSWAGEN POLO,1,E01005093,0,-1
2021061074735,2021,061074735,2,9,0,18,19,1,5,0,0,8,0,0,0,0,4,1,5,6,1,59,9,1422,2,16,VOLKSWAGEN POLO,6,E01005845,0,-1
2021440487037,2021,440487037,1,9,0,18,19,3,7,0,0,8,0,0,0,0,1,1,6,6,1,19,4,1199,2,10,VOLKSWAGEN POLO,2,E01022942,0,-1
2021201067669,2021,201067669,2,8,0,3,3,-1,-1,0,0,0,0,0,0,0,2,1,1,1,1,41,7,1197,1,5,VOLKSWAGEN POLO,2,E01009872,0,-1
2021052100989,2021,052100989,1,9,0,18,19,1,5,0,0,1,0,0,0,0,1,1,6,6,3,-1,-1,1197,1,6,VOLKSWAGEN POLO,-1,-1,0,-1
202163D008221,2021,63D008221,1,9,0,18,19,6,2,0,0,0,5,0,2,10,4,1,6,6,2,21,5,999,1,3,VOLKSWAGEN POLO,6,W01000108,0,-1
2021461075192,2021,461075192,1,9,0,17,19,5,8,0,0,0,0,11,1,3,1,1,6,6,1,72,10,1198,1,12,VOLKSWAGEN POLO,3,E01016465,0,-1
2021610057021,2021,610057021,1,9,0,18,19,7,3,0,0,0,0,0,0,0,1,1,2,2,2,24,5,1390,1,13,VOLKSWAGEN POLO,6,E01014952,0,-1
2021010319845,2021,010319845,2,9,3,2,2,0,0,9,9,8,0,0,0,0,1,1,6,6,3,-1,-1,1198,1,10,VOLKSWAGEN POLO,-1,-1,0,-1
2021461023640,2021,461023640,1,9,0,18,19,5,1,0,0,0,0,0,0,0,1,1,6,6,2,21,5,1198,1,10,VOLKSWAGEN POLO,5,E01024206,0,-1
2021201115739,2021,201115739,1,9,0,16,19,7,2,0,0,0,0,0,0,0,3,1,6,6,2,51,8,999,1,3,VOLKSWAGEN POLO,10,E01032154,0,-1
2021010348978,2021,010348978,1,9,0,9,9,3,1,0,0,6,0,0,0,0,1,1,6,6,2,55,8,1198,1,16,VOLKSWAGEN POLO,6,E01004703,0,-1
202134NNC6081,2021,34NNC6081,1,9,0,9,9,5,1,0,0,6,0,0,0,0,3,1,2,2,1,30,6,1198,1,8,VOLKSWAGEN POLO,10,E01027333,0,-1
2021991080893,2021,991080893,1,9,0,5,5,7,4,0,0,6,0,0,1,0,1,1,5,6,2,67,10,1198,1,12,VOLKSWAGEN POLO,9,-1,0,-1
2021231047296,2021,231047296,4,9,0,2,2,0,0,0,0,0,0,0,0,0,3,1,5,6,2,20,4,1198,1,16,VOLKSWAGEN POLO,8,E01031230,0,-1
2021010289545,2021,010289545,1,9,0,18,19,1,5,0,0,1,0,0,0,0,1,1,6,6,1,68,10,999,1,24,VOLKSWAGEN POLO,4,E01003169,0,-1
2021061071924,2021,061071924,2,9,0,9,9,1,7,0,0,8,0,0,0,0,1,1,6,6,2,21,5,1198,1,10,VOLKSWAGEN POLO,1,E01005729,0,-1
2021041062974,2021,041062974,2,9,0,18,19,4,8,0,0,0,0,0,0,0,1,1,2,2,1,18,4,1390,1,9,VOLKSWAGEN POLO,10,E01025410,0,-1
2021461067411,2021,461067411,2,9,0,2,2,0,0,9,9,0,0,0,0,0,2,1,6,6,2,-1,-1,999,1,2,VOLKSWAGEN POLO,6,E01024034,0,-1
2021451116846,2021,451116846,2,9,0,4,4,1,5,0,0,0,0,0,0,0,2,1,1,1,2,26,6,999,1,0,VOLKSWAGEN POLO,6,E01030548,0,-1
2021421080230,2021,421080230,2,9,0,2,2,0,0,0,0,0,0,0,0,0,2,1,6,6,3,-1,-1,1798,1,6,VOLKSWAGEN POLO,-1,-1,0,-1
2021430204174,2021,430204174,1,9,0,17,19,3,8,0,0,0,2,0,1,11,1,1,6,6,2,59,9,1197,1,4,VOLKSWAGEN POLO,9,E01028649,0,-1
2021531082249,2021,531082249,1,9,0,16,19,4,8,0,0,0,0,0,0,0,1,1,1,1,2,24,5,1422,2,7,VOLKSWAGEN POLO,9,E01022342,0,-1
202134WNC7321,2021,34WNC7321,2,9,0,18,19,5,1,0,0,8,0,0,0,0,1,1,2,2,1,26,6,1422,2,20,VOLKSWAGEN POLO,9,E01027144,0,-1
2021531030538,2021,531030538,2,9,0,9,9,7,2,0,0,1,0,0,0,0,2,1,5,6,2,20,4,1197,1,6,VOLKSWAGEN POLO,7,E01022206,0,-1
2021461115465,2021,461115465,2,9,0,4,4,5,1,0,0,0,0,0,0,0,2,1,6,6,2,32,6,1422,2,16,VOLKSWAGEN POLO,2,E01016066,0,-1
2021548803221,2021,548803221,2,9,0,10,10,5,3,0,0,1,0,0,0,0,2,1,1,1,1,18,4,1198,1,14,VOLKSWAGEN POLO,8,E01023197,0,-1
2021010331041,2021,010331041,2,9,0,7,7,1,3,0,0,1,0,0,0,0,1,1,6,6,1,30,6,1198,1,8,VOLKSWAGEN POLO,2,E01004405,0,-1
2021131050664,2021,131050664,2,9,0,4,4,1,5,0,0,0,0,0,0,0,2,1,5,6,2,24,5,1197,1,4,VOLKSWAGEN POLO,10,E01008563,0,-1
2021010297955,2021,010297955,2,9,0,16,19,7,3,0,0,6,0,0,0,0,3,1,6,6,1,25,5,999,1,3,VOLKSWAGEN POLO,1,E01000602,0,-1
2021552100555,2021,552100555,2,9,0,18,19,8,2,0,0,4,0,0,0,0,2,1,6,6,2,70,10,1395,1,4,VOLKSWAGEN POLO,9,E01015388,0,-1
2021041057287,2021,041057287,2,9,0,7,7,5,5,0,0,1,0,0,0,0,2,2,5,6,2,19,4,1198,1,9,VOLKSWAGEN POLO,6,E01025535,0,-1
2021201074058,2021,201074058,1,9,0,18,19,8,4,0,0,0,0,10,1,10,1,1,6,6,1,23,5,999,1,3,VOLKSWAGEN POLO,-1,-1,0,-1
2021010322713,2021,010322713,1,9,0,5,5,3,7,0,0,1,0,4,8,10,0,1,2,2,1,18,4,1198,1,15,VOLKSWAGEN POLO,8,E01002289,0,-1
2021461097197,2021,461097197,1,9,0,18,19,1,5,0,0,1,2,10,1,2,1,1,6,6,1,20,4,999,1,2,VOLKSWAGEN POLO,8,E01021750,0,-1
2021201137133,2021,201137133,2,9,0,3,3,2,6,0,0,8,0,0,0,0,4,1,6,6,2,18,4,999,1,2,VOLKSWAGEN POLO,1,E01009057,0,-1
2021010349788,2021,010349788,2,9,0,99,99,9,9,99,99,0,9,99,9,99,9,9,6,6,3,-1,-1,1198,1,7,VOLKSWAGEN POLO,-1,-1,0,-1
2021211160664,2021,211160664,1,9,0,14,14,4,8,0,0,0,0,0,0,0,1,1,6,6,1,21,5,999,1,7,VOLKSWAGEN POLO,10,E01006081,0,-1
2021201114412,2021,201114412,1,9,0,16,19,4,7,0,0,8,1,10,1,0,1,1,2,2,1,47,8,1400,2,15,VOLKSWAGEN POLO,1,E01009397,0,-1
2021430411438,2021,430411438,1,9,0,10,10,8,6,0,0,1,0,0,0,0,4,1,6,6,2,28,6,1422,2,12,VOLKSWAGEN POLO,9,E01016683,0,-1
2021010308766,2021,010308766,1,9,0,18,19,3,7,0,0,0,1,0,8,1,4,2,6,6,2,24,5,1198,1,16,VOLKSWAGEN POLO,10,E01001475,0,-1
2021201122130,2021,201122130,3,9,0,2,2,0,0,0,0,1,0,0,0,0,3,1,5,6,2,32,6,999,1,4,VOLKSWAGEN POLO,-1,-1,0,-1
2021141101348,2021,141101348,1,9,0,18,19,8,4,0,0,1,0,0,0,0,1,1,5,6,1,23,5,1197,1,5,VOLKSWAGEN POLO,5,E01007609,0,-1
2021451088154,2021,451088154,1,9,0,18,19,3,7,0,0,0,5,0,1,6,1,1,5,6,1,18,4,1198,1,10,VOLKSWAGEN POLO,10,E01023133,0,-1
2021201119654,2021,201119654,2,9,0,18,19,5,1,0,0,8,0,0,0,0,3,1,1,1,1,18,4,1198,1,8,VOLKSWAGEN POLO,2,E01009953,0,-1
2021010323667,2021,010323667,4,9,0,2,2,0,0,0,0,0,0,4,0,0,1,1,6,6,3,-1,-1,999,1,6,VOLKSWAGEN POLO,-1,-1,0,-1
2021501040048,2021,501040048,1,9,0,9,9,3,8,0,0,8,0,0,0,0,4,1,6,6,2,88,11,999,1,3,VOLKSWAGEN POLO,5,E01018940,0,-1
2021371089975,2021,371089975,3,9,0,18,19,3,6,0,0,2,0,0,0,0,2,1,2,2,1,25,5,1598,2,11,VOLKSWAGEN POLO,7,E01030055,0,-1
2021041163474,2021,041163474,1,9,0,18,19,6,2,0,0,0,0,0,0,0,1,2,6,6,2,19,4,1598,2,10,VOLKSWAGEN POLO,-1,-1,0,-1
2021430353099,2021,430353099,2,9,0,18,19,1,5,0,0,8,0,0,0,0,4,1,6,6,1,32,6,1198,1,14,VOLKSWAGEN POLO,5,E01002443,0,-1
2021361135856,2021,361135856,1,9,0,18,19,8,3,0,0,1,0,0,0,0,1,1,5,6,2,24,5,1197,1,6,VOLKSWAGEN POLO,4,E01026780,0,-1
2021371086311,2021,371086311,2,9,0,10,10,8,5,0,0,8,0,0,0,0,1,1,2,2,2,38,7,1197,1,6,VOLKSWAGEN POLO,5,E01030076,0,-1
2021522106273,2021,522106273,1,9,0,18,19,5,1,0,0,8,0,0,0,0,1,1,6,6,1,19,4,1198,1,16,VOLKSWAGEN POLO,5,E01014432,0,-1
2021461109890,2021,461109890,2,9,0,5,5,1,5,0,0,4,0,0,0,0,1,1,5,6,1,25,5,1197,1,5,VOLKSWAGEN POLO,10,E01016050,0,-1
2021991126679,2021,991126679,2,9,0,18,19,5,1,0,0,0,0,0,0,0,2,1,2,2,2,24,5,1198,1,10,VOLKSWAGEN POLO,8,-1,0,-1
2021440307171,2021,440307171,1,9,0,1,1,4,8,0,0,0,0,0,0,0,2,1,6,6,1,-1,-1,1198,1,10,VOLKSWAGEN POLO,-1,-1,0,-1
2021061109595,2021,061109595,1,9,0,5,5,5,1,0,0,8,0,0,0,0,4,1,6,6,2,30,6,999,1,0,VOLKSWAGEN POLO,8,E01005800,0,-1