collision_index,collision_year,collision_ref_no,vehicle_reference,vehicle_type,towing_and_articulation,vehicle_manoeuvre_historic,vehicle_manoeuvre,vehicle_direction_from,vehicle_direction_to,vehicle_location_restricted_lane_historic,vehicle_location_restricted_lane,junction_location,skidding_and_overturning,hit_object_in_carriageway,vehicle_leaving_carriageway,hit_object_off_carriageway,first_point_of_impact,vehicle_left_hand_drive,journey_purpose_of_driver_historic,journey_purpose_of_driver,sex_of_driver,age_of_driver,age_band_of_driver,engine_capacity_cc,propulsion_code,age_of_vehicle,generic_make_model,driver_imd_decile,lsoa_of_driver,escooter_flag,driver_distance_banding
2021371088032,2021,371088032,1,9,0,18,19,1,5,0,0,0,0,0,0,0,1,1,1,1,2,57,9,1198,1,14,VOLKSWAGEN POLO,6,E01030005,0,-1
2021201050630,2021,201050630,3,9,0,18,19,1,5,0,0,0,0,0,0,0,2,1,5,6,2,64,9,999,1,5,VOLKSWAGEN POLO,10,E01023212,0,-1
2021501068372,2021,501068372,1,9,0,7,7,7,5,0,0,1,1,0,0,0,4,1,6,6,1,-1,-1,1390,1,13,VOLKSWAGEN POLO,-1,-1,0,-1
2021101125884,2021,101125884,1,9,0,18,19,3,7,0,0,0,5,0,1,4,1,1,5,6,2,40,7,1390,1,9,VOLKSWAGEN POLO,2,E01032650,0,-1
2021101028645,2021,101028645,2,9,0,3,3,5,1,0,0,0,0,0,0,0,2,1,3,7,1,45,7,999,1,3,VOLKSWAGEN POLO,-1,-1,0,-1
2021010314054,2021,010314054,1,9,0,7,7,2,4,0,0,1,0,0,0,0,2,1,6,6,2,38,7,1197,1,10,VOLKSWAGEN POLO,3,E01032784,0,-1
2021041037021,2021,041037021,1,9,0,9,9,1,3,0,0,8,0,0,0,0,3,1,5,6,2,52,8,999,1,0,VOLKSWAGEN POLO,4,E01025073,0,-1
2021131065418,2021,131065418,1,9,0,9,9,7,4,0,0,8,0,0,2,0,1,1,5,6,1,39,7,1198,1,16,VOLKSWAGEN POLO,5,E01011356,0,-1
2021031067903,2021,031067903,1,9,0,9,9,5,3,0,0,5,0,0,0,0,4,1,6,6,1,17,4,999,1,4,VOLKSWAGEN POLO,6,E01019275,0,-1
2021430176808,2021,430176808,1,9,0,18,19,6,2,0,0,1,0,0,0,0,1,1,6,6,2,65,9,1198,1,12,VOLKSWAGEN POLO,10,E01032761,0,-1
2021461044528,2021,461044528,1,9,0,11,11,7,3,0,0,0,1,0,1,9,4,1,2,2,2,22,5,1390,1,9,VOLKSWAGEN POLO,6,E01024606,0,-1
2021401098000,2021,401098000,2,9,0,18,19,7,3,0,0,1,0,0,0,0,1,1,2,2,2,28,6,1422,2,4,VOLKSWAGEN POLO,7,E01002144,0,-1
2021131108384,2021,131108384,2,9,0,6,6,1,5,0,0,8,0,0,0,0,3,1,5,6,2,23,5,1400,1,14,VOLKSWAGEN POLO,3,E01033542,0,-1
2021201012014,2021,201012014,3,9,0,18,19,6,2,0,0,1,0,0,0,0,1,1,6,6,2,24,5,1598,2,11,VOLKSWAGEN POLO,2,E01010071,0,-1
2021070470125,2021,070470125,2,9,0,1,1,3,7,0,0,0,0,0,0,0,2,1,6,6,3,-1,-1,1598,2,2,VOLKSWAGEN POLO,5,E01012398,0,-1
2021371070929,2021,371070929,1,9,0,16,19,6,2,0,0,0,0,0,7,0,3,1,5,6,2,56,9,1422,2,14,VOLKSWAGEN POLO,4,E01002762,0,-1
2021411111087,2021,411111087,2,9,0,18,19,5,3,0,0,3,0,0,0,0,1,1,2,2,2,24,5,1198,1,17,VOLKSWAGEN POLO,9,E01023419,0,-1
2021010351675,2021,010351675,2,9,0,9,9,6,4,0,0,2,0,0,0,0,1,1,6,6,1,30,6,1198,1,13,VOLKSWAGEN POLO,4,E01003662,0,-1
2021122100861,2021,122100861,1,9,0,17,19,5,2,0,0,0,0,0,0,0,1,1,6,6,2,22,5,1198,1,9,VOLKSWAGEN POLO,2,E01027812,0,-1
2021010290580,2021,010290580,2,9,0,99,99,9,9,99,99,9,9,99,9,99,1,9,6,6,3,-1,-1,999,1,4,VOLKSWAGEN POLO,3,E01000464,0,-1
2021101015702,2021,101015702,1,9,0,7,7,3,1,0,0,7,0,0,0,0,1,1,6,6,1,71,10,1197,1,4,VOLKSWAGEN POLO,-1,-1,0,-1
2021161094353,2021,161094353,1,9,0,18,19,6,2,0,0,1,0,0,0,0,2,1,5,6,2,59,9,999,1,2,VOLKSWAGEN POLO,9,E01013194,0,-1
2021361086950,2021,361086950,2,9,0,2,2,0,0,0,0,1,0,0,0,0,1,1,5,6,1,19,4,1400,2,15,VOLKSWAGEN POLO,8,E01026531,0,-1
2021111113275,2021,111113275,2,9,0,9,9,5,3,0,0,1,0,0,0,0,3,1,2,2,2,42,7,1390,1,11,VOLKSWAGEN POLO,4,E01020872,0,-1
2021138170200,2021,138170200,2,9,0,2,2,0,0,0,0,0,0,0,0,0,2,1,6,6,3,-1,-1,1199,2,9,VOLKSWAGEN POLO,8,E01010858,0,-1
2021440253891,2021,440253891,2,9,0,5,5,6,2,0,0,8,0,0,0,0,3,1,6,6,1,18,4,999,1,7,VOLKSWAGEN POLO,-1,-1,0,-1
2021010287234,2021,010287234,4,9,0,3,3,5,1,0,0,1,0,0,0,0,1,1,6,6,2,40,7,1198,1,18,VOLKSWAGEN POLO,-1,-1,0,-1
2021010341827,2021,010341827,1,9,0,7,7,8,2,4,4,0,0,0,0,0,4,1,2,2,1,33,6,999,1,0,VOLKSWAGEN POLO,10,E01023523,0,-1
2021351047248,2021,351047248,1,9,0,15,15,1,5,0,0,0,0,0,7,0,1,1,5,6,2,18,4,1198,1,9,VOLKSWAGEN POLO,7,E01018043,0,-1
2021622100518,2021,622100518,1,9,0,1,1,6,2,0,0,0,0,0,1,11,2,1,6,6,1,81,11,1390,1,8,VOLKSWAGEN POLO,9,W01001029,0,-1
2021010320772,2021,010320772,1,9,0,9,9,1,7,0,0,1,0,0,1,1,4,1,6,6,2,25,5,1197,1,5,VOLKSWAGEN POLO,6,E01033487,0,-1
2021131098552,2021,131098552,1,9,0,18,19,1,5,0,0,8,1,0,0,0,4,1,6,6,1,18,4,999,1,6,VOLKSWAGEN POLO,1,E01010829,0,-1
2021010320816,2021,010320816,1,9,0,7,7,1,3,0,0,1,0,0,0,0,2,1,6,6,1,35,6,999,1,2,VOLKSWAGEN POLO,-1,-1,0,-1
2021141063534,2021,141063534,1,9,0,18,19,7,5,0,0,0,0,0,0,0,4,1,5,6,2,22,5,999,1,0,VOLKSWAGEN POLO,3,E01007433,0,-1
2021111044320,2021,111044320,2,9,0,18,19,4,8,0,0,8,0,0,0,0,1,1,5,6,2,21,5,999,1,3,VOLKSWAGEN POLO,4,E01020625,0,-1
2021010315909,2021,010315909,1,9,0,7,7,3,4,0,0,8,0,0,0,0,1,1,6,6,1,27,6,1198,1,18,VOLKSWAGEN POLO,1,E01004256,0,-1
2021138140688,2021,138140688,1,9,0,18,19,5,5,0,0,0,0,0,0,0,1,1,6,6,1,80,11,1198,1,12,VOLKSWAGEN POLO,1,E01011616,0,-1
2021461064434,2021,461064434,2,9,0,18,19,5,1,0,0,1,0,0,0,0,1,1,5,6,2,-1,-1,1400,1,21,VOLKSWAGEN POLO,1,E01024671,0,-1
2021501090375,2021,501090375,2,9,0,18,19,1,5,0,0,0,0,0,0,0,1,1,2,2,1,23,5,1798,1,4,VOLKSWAGEN POLO,5,E01018957,0,-1
2021138161014,2021,138161014,1,9,0,18,19,2,6,0,0,1,0,0,0,0,1,1,6,6,2,24,5,1198,1,13,VOLKSWAGEN POLO,3,E01011137,0,-1
2021552100614,2021,552100614,1,9,0,18,19,4,8,0,0,0,0,0,0,0,1,1,2,2,2,30,6,999,1,4,VOLKSWAGEN POLO,9,E01015453,0,-1
2021201076278,2021,201076278,1,9,0,5,5,6,2,0,0,6,0,0,0,0,1,1,6,6,2,24,5,1422,2,12,VOLKSWAGEN POLO,5,E01009582,0,-1
2021201029293,2021,201029293,2,9,0,18,19,6,2,0,0,0,0,7,0,0,4,1,6,6,1,30,6,1198,1,10,VOLKSWAGEN POLO,4,E01009867,0,-1
2021430551225,2021,430551225,2,9,0,4,4,4,8,0,0,8,0,0,0,0,2,1,2,2,1,28,6,1198,1,15,VOLKSWAGEN POLO,10,E01017745,0,-1
2021622100514,2021,622100514,2,9,0,18,19,2,6,0,0,0,1,0,0,0,1,1,6,6,2,19,4,1198,1,9,VOLKSWAGEN POLO,5,W01000820,0,-1
2021052102834,2021,052102834,1,9,0,9,9,7,4,0,0,2,0,0,0,0,1,1,6,6,2,33,6,999,1,6,VOLKSWAGEN POLO,1,E01006569,0,-1
2021451020346,2021,451020346,1,9,0,18,19,2,6,0,0,0,2,0,2,11,4,1,2,2,1,36,7,1390,1,20,VOLKSWAGEN POLO,10,E01022602,0,-1
2021451124176,2021,451124176,1,9,0,16,19,1,5,0,0,0,0,0,0,0,1,1,5,6,2,32,6,1197,1,6,VOLKSWAGEN POLO,9,E01030406,0,-1
2021131121883,2021,131121883,1,9,0,18,19,3,7,0,0,1,0,0,0,0,1,2,5,6,2,73,10,999,1,2,VOLKSWAGEN POLO,7,E01011410,0,-1
2021302100752,2021,302100752,1,9,0,18,19,4,8,0,0,0,0,0,0,0,1,1,6,6,2,19,4,1198,1,17,VOLKSWAGEN POLO,1,E01027956,0,-1
202163C079721,2021,63C079721,1,9,0,18,19,8,4,0,0,0,0,0,0,0,1,1,6,6,2,49,8,1390,1,22,VOLKSWAGEN POLO,7,W01000562,0,-1
2021010296340,2021,010296340,2,9,0,4,4,5,1,0,0,1,0,0,0,0,3,1,3,7,2,40,7,1198,1,11,VOLKSWAGEN POLO,4,E01001187,0,-1
2021421085111,2021,421085111,1,9,0,18,19,4,8,0,0,2,0,0,0,0,1,1,6,6,2,-1,-1,1198,1,9,VOLKSWAGEN POLO,10,E01021616,0,-1
2021461071741,2021,461071741,2,9,0,5,5,-1,-1,0,0,3,0,0,0,0,1,1,2,2,2,22,5,1197,1,5,VOLKSWAGEN POLO,2,E01016160,0,-1
2021421017291,2021,421017291,2,9,0,3,3,1,5,0,0,1,0,0,0,0,2,1,6,6,1,25,5,999,1,3,VOLKSWAGEN POLO,9,E01021899,0,-1
2021451054160,2021,451054160,1,9,0,18,19,1,5,0,0,0,5,10,0,0,3,1,2,2,1,37,7,999,1,3,VOLKSWAGEN POLO,10,E01031690,0,-1
2021010338610,2021,010338610,1,9,0,99,99,9,9,99,99,9,9,99,9,99,2,9,2,2,1,22,5,999,1,4,VOLKSWAGEN POLO,10,E01023810,0,-1
2021991086724,2021,991086724,1,9,0,18,19,5,1,0,0,0,0,0,0,0,1,1,6,6,2,27,6,1198,1,9,VOLKSWAGEN POLO,3,-1,0,-1
2021991043800,2021,991043800,2,9,0,17,19,5,1,0,0,0,0,0,0,0,3,1,6,6,2,24,5,999,1,6,VOLKSWAGEN POLO,3,-1,0,-1
2021010292894,2021,010292894,1,9,0,99,99,9,9,99,99,9,9,99,9,99,1,9,2,2,1,26,6,999,1,1,VOLKSWAGEN POLO,4,E01033730,0,-1
2021371061603,2021,371061603,2,9,0,18,19,1,3,0,0,1,1,0,0,0,1,1,5,6,1,21,5,1198,1,17,VOLKSWAGEN POLO,8,E01030065,0,-1
20211383O1744,2021,1383O1744,2,9,0,18,19,3,7,0,0,8,0,0,0,0,1,1,6,6,1,24,5,1198,1,12,VOLKSWAGEN POLO,1,E01010719,0,-1
2021010345989,2021,010345989,1,9,0,16,19,7,3,0,0,3,0,0,0,0,4,1,3,7,2,47,8,1390,1,8,VOLKSWAGEN POLO,3,E01030711,0,-1
2021010345728,2021,010345728,1,9,0,18,19,5,1,0,0,1,0,0,0,0,1,1,2,2,1,54,8,1197,1,3,VOLKSWAGEN POLO,9,E01002988,0,-1
2021052200132,2021,052200132,1,9,0,9,9,6,3,0,0,1,0,0,0,0,1,1,6,6,1,73,10,1198,1,11,VOLKSWAGEN POLO,5,E01006934,0,-1
2021131076888,2021,131076888,2,9,0,18,19,8,8,0,0,-1,0,0,0,0,4,1,2,2,2,51,8,1390,1,18,VOLKSWAGEN POLO,8,E01011514,0,-1
2021131047382,2021,131047382,2,9,0,4,4,7,3,0,0,0,0,0,1,0,2,1,2,2,1,50,8,1390,1,12,VOLKSWAGEN POLO,6,E01010754,0,-1
2021622100501,2021,622100501,2,9,0,10,10,5,1,0,0,1,0,0,0,0,2,1,6,6,1,52,8,1390,1,9,VOLKSWAGEN POLO,1,W01001886,0,-1
2021991019887,2021,991019887,1,9,0,18,19,4,8,0,0,0,5,0,1,4,1,1,2,2,1,24,5,1197,1,5,VOLKSWAGEN POLO,7,-1,0,-1
2021371034961,2021,371034961,1,9,0,16,19,5,7,0,0,0,0,0,7,4,1,1,5,6,2,61,9,1400,1,16,VOLKSWAGEN POLO,5,E01030188,0,-1
2021440298573,2021,440298573,1,9,0,17,19,3,7,0,0,0,0,0,1,11,1,1,6,6,2,18,4,999,1,6,VOLKSWAGEN POLO,10,E01022776,0,-1
2021122100575,2021,122100575,1,9,0,18,19,3,7,0,0,1,0,0,0,0,4,1,6,6,1,89,11,1390,1,10,VOLKSWAGEN POLO,7,E01027571,0,-1
2021131085025,2021,131085025,2,9,0,5,5,5,2,0,0,8,0,0,0,0,3,1,5,6,2,24,5,999,1,0,VOLKSWAGEN POLO,3,E01010717,0,-1
2021010347106,2021,010347106,1,9,0,18,19,7,3,0,0,0,0,0,0,0,2,1,6,6,1,25,5,1198,1,7,VOLKSWAGEN POLO,-1,-1,0,-1
2021302100717,2021,302100717,2,9,0,9,9,4,3,0,0,6,0,0,0,0,1,1,6,6,2,63,9,999,1,2,VOLKSWAGEN POLO,5,E01019512,0,-1
2021991070948,2021,991070948,2,9,0,18,19,1,5,0,0,8,0,0,0,0,1,1,5,6,2,69,10,1198,1,10,VOLKSWAGEN POLO,7,-1,0,-1
2021061049353,2021,061049353,1,9,0,9,9,7,5,0,0,8,0,0,0,0,1,1,6,6,2,32,6,999,1,6,VOLKSWAGEN POLO,-1,-1,0,-1
2021131127296,2021,131127296,1,9,0,18,19,1,5,0,0,0,1,0,0,0,1,1,6,6,1,84,11,1197,1,6,VOLKSWAGEN POLO,5,E01027828,0,-1
2021101074852,2021,101074852,2,9,0,12,12,1,5,0,0,0,0,0,0,0,2,1,6,6,2,21,5,999,1,2,VOLKSWAGEN POLO,5,E01008679,0,-1
2021451088953,2021,451088953,1,9,0,18,19,5,1,0,0,0,2,4,0,0,1,1,5,6,1,25,5,1197,1,7,VOLKSWAGEN POLO,4,E01002970,0,-1
2021010342187,2021,010342187,2,9,0,99,99,9,9,99,99,9,9,99,9,99,9,9,6,6,1,26,6,1198,1,10,VOLKSWAGEN POLO,10,E01030104,0,-1
2021531088944,2021,531088944,2,9,0,16,19,5,1,0,0,0,0,0,0,0,-1,1,6,6,3,-1,-1,1900,2,14,VOLKSWAGEN POLO,-1,-1,0,-1
2021201082782,2021,201082782,3,9,0,18,19,2,6,0,0,0,0,0,0,0,1,1,6,6,2,29,6,1198,1,8,VOLKSWAGEN POLO,5,E01009186,0,-1
2021221022150,2021,221022150,2,9,0,18,19,6,2,0,0,1,0,0,0,0,1,1,6,6,1,59,9,1197,1,5,VOLKSWAGEN POLO,1,E01009182,0,-1
2021131089204,2021,131089204,1,9,0,-1,-1,-1,-1,-1,-1,-1,-1,-1,-1,-1,-1,1,6,6,3,-1,-1,1390,1,14,VOLKSWAGEN POLO,-1,-1,0,-1
2021430100799,2021,430100799,1,9,0,9,9,7,5,0,0,5,0,0,0,0,4,1,6,6,2,20,4,1198,1,8,VOLKSWAGEN POLO,9,E01028624,0,-1
2021131099148,2021,131099148,2,9,0,7,7,1,5,0,0,8,0,0,0,0,2,1,6,6,1,20,4,999,1,3,VOLKSWAGEN POLO,4,E01011206,0,-1
2021010304213,2021,010304213,1,9,0,18,19,1,5,99,99,1,9,99,0,0,1,1,6,6,2,86,11,1197,1,4,VOLKSWAGEN POLO,5,E01003949,0,-1
2021041094801,2021,041094801,1,9,0,9,9,1,7,0,0,6,0,0,1,11,3,1,5,6,2,24,5,999,1,6,VOLKSWAGEN POLO,1,E01012739,0,-1
2021211088508,2021,211088508,1,9,0,2,2,0,0,0,0,2,0,0,0,0,2,1,1,1,2,44,7,1422,2,5,VOLKSWAGEN POLO,-1,-1,0,-1
2021131076253,2021,131076253,2,9,0,18,19,5,1,0,0,0,0,0,0,0,1,1,5,6,1,41,7,1198,1,8,VOLKSWAGEN POLO,7,E01011350,0,-1
2021010306906,2021,010306906,2,9,0,99,99,9,9,99,99,9,9,99,9,99,9,9,6,6,3,25,5,1198,1,11,VOLKSWAGEN POLO,9,E01001018,0,-1
2021041041952,2021,041041952,2,9,0,18,19,5,1,0,0,0,0,0,0,0,2,1,5,6,1,18,4,999,1,2,VOLKSWAGEN POLO,9,E01025281,0,-1
2021430495298,2021,430495298,1,9,0,18,19,2,6,0,0,8,0,0,0,0,4,1,6,6,3,56,9,1390,1,13,VOLKSWAGEN POLO,4,E01016357,0,-1
2021522104389,2021,522104389,2,9,0,18,19,3,7,0,0,0,0,0,0,0,4,1,6,6,2,86,11,999,1,4,VOLKSWAGEN POLO,7,E01014848,0,-1
2021010300063,2021,010300063,1,9,0,18,19,1,5,0,0,8,0,0,0,0,1,1,2,2,1,23,5,1197,1,4,VOLKSWAGEN POLO,3,E01003550,0,-1
2021010287189,2021,010287189,1,9,9,99,99,9,9,99,99,0,9,99,9,99,9,9,6,6,2,23,5,1197,1,4,VOLKSWAGEN POLO,1,E01000551,0,-1
2021010317344,2021,010317344,1,9,0,3,3,3,7,0,0,0,0,0,0,0,1,1,6,6,1,19,4,1198,1,15,VOLKSWAGEN POLO,3,E01033583,0,-1
2021010289796,2021,010289796,2,9,0,99,99,9,9,99,99,1,9,99,9,99,1,9,6,6,3,-1,-1,999,1,2,VOLKSWAGEN POLO,4,E01004330,0,-1
2021421106958,2021,421106958,4,9,0,15,15,1,5,0,0,2,0,4,0,0,1,1,5,6,1,22,5,999,1,3,VOLKSWAGEN POLO,4,E01015872,0,-1
202131C031721,2021,31C031721,2,9,0,18,19,2,6,0,0,8,0,0,0,0,1,1,1,1,2,40,7,1198,1,15,VOLKSWAGEN POLO,-1,-1,0,-1
2021010310914,2021,010310914,2,9,0,5,5,5,1,0,0,6,0,0,0,0,4,1,6,6,1,19,4,1199,2,8,VOLKSWAGEN POLO,-1,-1,0,-1
2021061130261,2021,061130261,1,9,0,13,13,5,1,0,0,1,0,0,0,0,1,1,6,6,3,30,6,999,1,3,VOLKSWAGEN POLO,-1,-1,0,-1
2021371121373,2021,371121373,1,9,0,14,14,5,1,0,0,0,0,4,1,0,4,1,5,6,1,23,5,1595,2,11,VOLKSWAGEN POLO,4,E01030160,0,-1
2021991103982,2021,991103982,2,9,0,5,5,3,1,0,0,1,0,0,0,0,1,1,6,6,2,57,9,1198,1,14,VOLKSWAGEN POLO,2,-1,0,-1
2021430172782,2021,430172782,2,9,0,10,10,6,4,0,0,1,0,0,0,0,2,1,6,6,1,24,5,1198,1,13,VOLKSWAGEN POLO,3,E01017518,0,-1
2021440361292,2021,440361292,1,9,0,18,19,3,7,0,0,1,0,0,0,0,1,1,2,2,2,41,7,999,1,2,VOLKSWAGEN POLO,10,E01022599,0,-1
2021221053779,2021,221053779,1,9,0,18,19,3,7,0,0,0,0,10,0,0,1,1,2,2,2,30,6,1198,1,18,VOLKSWAGEN POLO,4,E01014128,0,-1
2021461119548,2021,461119548,3,9,0,16,19,3,7,0,0,1,0,0,0,0,3,1,2,2,2,36,7,999,1,0,VOLKSWAGEN POLO,5,E01033089,0,-1
2021471115302,2021,471115302,1,9,0,18,19,5,1,0,0,0,1,4,0,0,1,1,2,2,1,22,5,999,1,0,VOLKSWAGEN POLO,1,E01016880,0,-1
2021440497948,2021,440497948,1,9,0,18,19,4,8,0,0,8,0,0,3,0,1,1,6,6,2,21,5,999,1,5,VOLKSWAGEN POLO,7,E01022764,0,-1
2021991043261,2021,991043261,1,9,0,11,11,6,1,0,0,0,1,0,1,2,4,1,2,2,2,18,4,999,1,4,VOLKSWAGEN POLO,5,-1,0,-1
2021361096469,2021,361096469,1,9,0,18,19,4,1,0,0,8,0,0,0,0,1,1,5,6,1,61,9,1400,1,14,VOLKSWAGEN POLO,5,E01026435,0,-1
2021061120330,2021,061120330,2,9,0,18,19,6,2,0,0,0,0,0,0,0,3,1,6,6,2,73,10,999,1,3,VOLKSWAGEN POLO,8,E01005359,0,-1
2021320287916,2021,320287916,1,9,0,5,5,7,3,0,0,6,0,0,0,0,2,1,2,2,2,25,5,1198,1,11,VOLKSWAGEN POLO,-1,-1,0,-1
2021430524165,2021,430524165,1,9,0,18,19,1,5,0,0,0,0,0,0,0,1,1,2,2,1,28,6,1199,2,10,VOLKSWAGEN POLO,-1,-1,0,-1
2021122101411,2021,122101411,1,9,0,18,19,3,7,0,0,1,0,11,0,0,1,1,6,6,1,18,4,999,1,4,VOLKSWAGEN POLO,7,E01027645,0,-1
2021991105623,2021,991105623,1,9,0,18,19,2,5,0,0,8,0,0,0,0,4,1,1,1,1,25,5,1395,1,7,VOLKSWAGEN POLO,9,-1,0,-1
2021061029475,2021,061029475,2,9,0,18,19,3,8,0,0,1,0,0,0,0,4,1,5,6,2,19,4,999,1,4,VOLKSWAGEN POLO,9,E01005055,0,-1
2021401061789,2021,401061789,1,9,0,5,5,3,2,0,0,6,0,0,0,0,1,1,5,6,1,25,5,1390,1,8,VOLKSWAGEN POLO,4,E01017475,0,-1
2021201017582,2021,201017582,1,9,0,18,19,6,2,0,0,4,0,0,0,0,1,1,1,1,2,34,6,999,1,7,VOLKSWAGEN POLO,2,E01010477,0,-1
2021010331351,2021,010331351,2,9,0,99,99,9,9,99,99,0,9,99,9,99,1,9,6,6,3,21,5,999,1,7,VOLKSWAGEN POLO,5,E01003084,0,-1
2021411097810,2021,411097810,1,9,0,18,19,3,7,0,0,1,1,0,0,0,1,1,5,6,2,21,5,999,1,3,VOLKSWAGEN POLO,5,E01015780,0,-1
2021991068260,2021,991068260,2,9,0,16,19,4,8,0,0,0,0,0,0,0,1,1,6,6,2,30,6,999,1,3,VOLKSWAGEN POLO,7,W01001118,0,-1
2021440165510,2021,440165510,2,9,0,4,4,5,1,0,0,1,0,0,0,0,2,1,6,6,2,24,5,1197,1,6,VOLKSWAGEN POLO,7,E01015354,0,-1
2021201092818,2021,201092818,2,9,0,18,19,-1,-1,0,0,8,0,0,0,0,3,1,6,6,1,19,4,1798,1,5,VOLKSWAGEN POLO,6,E01010115,0,-1
2021070878111,2021,070878111,1,9,0,9,9,7,1,0,0,1,0,0,0,0,1,1,6,6,2,75,10,1198,1,12,VOLKSWAGEN POLO,8,E01012472,0,-1
2021471062416,2021,471062416,1,9,0,18,19,7,3,0,0,8,0,0,0,0,1,1,5,6,2,25,5,1198,1,8,VOLKSWAGEN POLO,4,E01016856,0,-1
2021991035671,2021,991035671,2,9,0,18,19,3,7,0,0,1,1,0,0,0,1,1,2,2,2,20,4,999,1,3,VOLKSWAGEN POLO,4,-1,0,-1
2021440157118,2021,440157118,2,9,0,18,19,5,2,0,0,0,0,0,2,4,1,1,6,6,1,63,9,1598,2,2,VOLKSWAGEN POLO,7,E01022597,0,-1
2021451096542,2021,451096542,1,9,0,9,9,7,5,0,0,3,0,0,0,0,3,1,5,6,2,56,9,999,1,2,VOLKSWAGEN POLO,7,E01030652,0,-1
2021522105838,2021,522105838,3,9,0,18,19,7,3,0,0,1,0,0,0,0,1,1,6,6,1,18,4,1197,1,4,VOLKSWAGEN POLO,10,E01014793,0,-1
2021320198209,2021,320198209,1,9,0,18,19,8,4,0,0,0,0,0,0,0,1,1,6,6,1,18,4,1199,2,9,VOLKSWAGEN POLO,8,E01026200,0,-1
2021101020926,2021,101020926,1,9,0,18,19,7,3,0,0,0,1,0,0,0,1,1,6,6,1,20,4,1198,1,15,VOLKSWAGEN POLO,4,E01027435,0,-1
2021010292389,2021,010292389,1,9,0,99,99,9,9,99,99,9,9,99,9,99,9,1,6,6,2,19,4,999,1,7,VOLKSWAGEN POLO,6,E01002943,0,-1
2021010308504,2021,010308504,1,9,0,18,19,5,1,0,0,2,5,11,0,0,1,1,6,6,2,25,5,1197,1,5,VOLKSWAGEN POLO,5,E01002481,0,-1
2021010333104,2021,010333104,3,9,0,2,2,0,0,0,0,1,1,0,0,0,2,1,6,6,3,-1,-1,999,1,2,VOLKSWAGEN POLO,-1,-1,0,-1
2021610045921,2021,610045921,2,9,0,4,4,6,2,0,0,0,0,0,0,0,1,1,1,1,1,19,4,1198,1,12,VOLKSWAGEN POLO,2,W01001691,0,-1
2021991088187,2021,991088187,1,9,0,16,19,2,4,0,0,0,5,0,0,0,3,1,5,6,2,19,4,1198,1,8,VOLKSWAGEN POLO,5,-1,0,-1
2021201145927,2021,201145927,1,9,0,4,4,4,8,0,0,0,0,0,0,0,1,1,2,2,2,47,8,999,1,3,VOLKSWAGEN POLO,-1,-1,0,-1
2021320328102,2021,320328102,1,9,0,4,4,6,2,0,0,0,0,0,0,0,2,1,6,6,2,24,5,1197,1,6,VOLKSWAGEN POLO,-1,-1,0,-1
2021010298030,2021,010298030,2,9,0,99,99,9,9,99,99,9,9,99,9,99,9,9,6,6,3,-1,-1,1390,1,25,VOLKSWAGEN POLO,-1,-1,0,-1
202163DF01721,2021,63DF01721,1,9,0,12,12,8,4,0,0,0,5,0,0,0,1,1,6,6,1,23,5,1896,2,16,VOLKSWAGEN POLO,-1,-1,0,-1
2021061046382,2021,061046382,2,9,0,9,9,6,4,0,0,1,0,0,0,0,4,1,5,6,3,30,6,1198,1,9,VOLKSWAGEN POLO,-1,-1,0,-1
2021010344505,2021,010344505,1,9,0,99,99,9,9,99,99,9,9,99,9,99,1,9,6,6,2,26,6,1390,1,9,VOLKSWAGEN POLO,5,E01001294,0,-1
2021361050672,2021,361050672,2,9,0,13,13,3,3,0,0,0,0,0,0,0,1,1,5,6,2,27,6,1390,1,9,VOLKSWAGEN POLO,8,E01026714,0,-1
2021201148799,2021,201148799,1,9,0,3,3,5,1,0,0,0,0,0,0,0,2,1,6,6,2,-1,-1,1390,1,19,VOLKSWAGEN POLO,5,E01009926,0,-1
2021501119352,2021,501119352,1,9,0,17,19,8,2,0,0,0,1,0,0,0,1,1,6,6,2,25,5,1197,1,5,VOLKSWAGEN POLO,7,E01020156,0,-1
2021010309923,2021,010309923,2,9,0,99,99,9,9,99,99,9,9,99,9,99,9,9,6,6,2,37,7,1197,1,5,VOLKSWAGEN POLO,9,E01003868,0,-1
2021451016541,2021,451016541,1,9,0,17,19,1,5,0,0,3,1,0,0,0,1,1,2,2,2,57,9,1390,1,14,VOLKSWAGEN POLO,6,E01030643,0,-1
2021041108989,2021,041108989,1,9,0,16,19,7,3,0,0,1,5,0,7,11,1,1,2,2,1,45,7,1896,2,18,VOLKSWAGEN POLO,9,E01025148,0,-1
2021221070404,2021,221070404,1,9,0,7,7,1,3,0,0,6,0,0,0,0,1,1,5,6,2,50,8,999,1,6,VOLKSWAGEN POLO,9,E01014039,0,-1
2021531062545,2021,531062545,1,9,0,4,4,1,5,0,0,2,0,0,0,0,1,1,6,6,2,53,8,1400,1,14,VOLKSWAGEN POLO,4,E01022188,0,-1
2021231055608,2021,231055608,2,9,0,18,19,7,3,0,0,0,0,0,2,7,3,1,2,2,2,50,8,1198,1,9,VOLKSWAGEN POLO,2,E01009487,0,-1
2021010334821,2021,010334821,1,9,0,3,3,7,3,0,0,0,0,0,0,0,1,1,6,6,1,64,9,999,1,0,VOLKSWAGEN POLO,-1,-1,0,-1
202131C147721,2021,31C147721,2,9,0,16,19,4,6,0,0,0,0,0,0,0,1,1,6,6,1,18,4,1198,1,11,VOLKSWAGEN POLO,6,E01013837,0,-1
2021501082643,2021,501082643,2,9,0,18,19,3,7,0,0,1,0,0,0,0,4,1,5,6,2,23,5,1198,1,10,VOLKSWAGEN POLO,8,E01020066,0,-1