collision_index,collision_year,collision_ref_no,vehicle_reference,vehicle_type,towing_and_articulation,vehicle_manoeuvre_historic,vehicle_manoeuvre,vehicle_direction_from,vehicle_direction_to,vehicle_location_restricted_lane_historic,vehicle_location_restricted_lane,junction_location,skidding_and_overturning,hit_object_in_carriageway,vehicle_leaving_carriageway,hit_object_off_carriageway,first_point_of_impact,vehicle_left_hand_drive,journey_purpose_of_driver_historic,journey_purpose_of_driver,sex_of_driver,age_of_driver,age_band_of_driver,engine_capacity_cc,propulsion_code,age_of_vehicle,generic_make_model,driver_imd_decile,lsoa_of_driver,escooter_flag,driver_distance_banding
2021010305842,2021,010305842,1,9,0,18,19,4,8,0,0,1,0,10,0,0,1,1,6,6,2,45,7,1400,1,15,VOLKSWAGEN POLO,3,E01003589,0,-1
2021440128521,2021,440128521,1,9,0,9,9,2,7,0,0,8,0,0,0,0,3,1,6,6,2,65,9,999,1,5,VOLKSWAGEN POLO,7,E01023159,0,-1
2021141020940,2021,141020940,3,9,0,11,11,1,3,0,0,3,0,0,0,0,1,1,5,6,2,53,8,1390,1,17,VOLKSWAGEN POLO,4,E01007653,0,-1
2021531048577,2021,531048577,1,9,0,17,19,1,5,0,0,0,0,0,1,1,1,1,6,6,3,-1,-1,1198,1,19,VOLKSWAGEN POLO,-1,-1,0,-1
2021451086823,2021,451086823,2,9,0,3,3,3,7,0,0,0,0,0,0,0,2,1,5,6,2,22,5,999,1,20,VOLKSWAGEN POLO,10,E01030670,0,-1
2021070390639,2021,070390639,1,9,0,18,19,4,8,0,0,0,0,0,0,0,1,1,6,6,1,21,5,999,1,4,VOLKSWAGEN POLO,10,E01023276,0,-1
2021231092948,2021,231092948,2,9,0,4,4,6,2,0,0,0,0,0,0,0,2,1,6,6,2,50,8,1400,1,14,VOLKSWAGEN POLO,6,E01031188,0,-1
2021531099498,2021,531099498,1,9,0,18,19,1,5,0,0,0,5,0,1,1,1,1,6,6,1,17,4,1198,1,9,VOLKSWAGEN POLO,7,E01021173,0,-1
2021141062610,2021,141062610,2,9,0,18,19,1,5,0,0,0,0,0,0,0,1,1,6,6,1,22,5,1198,1,9,VOLKSWAGEN POLO,1,E01007729,0,-1
2021440076571,2021,440076571,1,9,0,10,10,4,2,0,0,8,0,0,0,0,2,1,6,6,2,66,10,1422,2,13,VOLKSWAGEN POLO,6,E01022814,0,-1
2021522104913,2021,522104913,1,9,0,18,19,1,5,0,0,2,0,0,0,0,1,1,6,6,1,24,5,1198,1,16,VOLKSWAGEN POLO,8,E01014755,0,-1
2021361083189,2021,361083189,2,9,0,18,19,2,6,0,0,0,0,0,0,0,3,1,5,6,1,30,6,999,1,0,VOLKSWAGEN POLO,6,E01020029,0,-1
2021461079155,2021,461079155,1,9,0,16,19,1,5,0,0,0,0,0,2,10,3,1,6,6,1,21,5,1198,1,12,VOLKSWAGEN POLO,9,E01024792,0,-1
2021471047957,2021,471047957,3,9,0,4,4,2,6,0,0,0,0,0,1,0,2,1,5,6,1,22,5,1197,1,5,VOLKSWAGEN POLO,8,E01016920,0,-1
2021440374300,2021,440374300,2,9,0,18,19,3,7,0,0,0,0,0,0,0,1,1,6,6,1,20,4,1198,1,19,VOLKSWAGEN POLO,8,E01023234,0,-1
2021010318293,2021,010318293,1,9,0,18,19,5,1,0,0,8,0,0,0,0,1,1,6,6,1,33,6,999,1,2,VOLKSWAGEN POLO,1,E01003192,0,-1
2021371080611,2021,371080611,2,9,0,18,19,7,3,0,0,1,0,0,0,0,1,1,1,1,2,65,9,1390,1,20,VOLKSWAGEN POLO,5,E01021420,0,-1
2021010322605,2021,010322605,1,9,9,99,99,9,9,99,99,9,9,99,9,99,2,9,6,6,2,62,9,1197,1,5,VOLKSWAGEN POLO,4,E01003213,0,-1
2021501092150,2021,501092150,1,9,0,7,7,1,5,0,0,0,5,10,0,0,1,1,5,6,2,21,5,1390,1,14,VOLKSWAGEN POLO,5,E01018960,0,-1
2021161021763,2021,161021763,3,9,0,18,19,4,8,0,0,0,0,0,0,0,1,1,5,6,1,23,5,1197,1,6,VOLKSWAGEN POLO,4,E01012820,0,-1
2021522101624,2021,522101624,3,9,0,18,19,5,1,0,0,8,0,0,0,0,4,1,6,6,2,41,7,1390,1,8,VOLKSWAGEN POLO,2,E01014640,0,-1
2021501133231,2021,501133231,2,9,0,18,19,8,4,0,0,0,0,0,0,0,2,1,6,6,2,29,6,1896,2,17,VOLKSWAGEN POLO,3,E01015209,0,-1
2021010335259,2021,010335259,2,9,0,1,1,6,3,0,0,1,0,0,0,0,2,1,6,6,1,23,5,999,1,0,VOLKSWAGEN POLO,2,E01004389,0,-1
2021052100682,2021,052100682,2,9,0,18,19,5,1,0,0,8,0,0,0,0,1,1,2,2,1,21,5,999,1,2,VOLKSWAGEN POLO,2,E01006907,0,-1
2021201065290,2021,201065290,1,9,0,18,19,8,4,0,0,6,0,0,0,0,4,1,2,2,1,25,5,1390,1,9,VOLKSWAGEN POLO,6,E01009520,0,-1
2021451105952,2021,451105952,1,9,0,4,4,5,1,0,0,0,0,0,0,0,2,1,5,6,2,25,5,1198,1,7,VOLKSWAGEN POLO,5,E01030974,0,-1
2021421072251,2021,421072251,1,9,0,18,19,7,3,0,0,0,5,0,3,0,1,1,5,6,2,19,4,1197,1,5,VOLKSWAGEN POLO,-1,-1,0,-1
202131C119021,2021,31C119021,1,8,0,18,19,3,7,0,0,0,0,0,0,0,1,1,6,6,1,46,8,999,1,3,VOLKSWAGEN POLO,5,E01013913,0,-1
202134WNC6311,2021,34WNC6311,1,9,0,18,19,3,7,0,0,8,0,0,1,10,3,1,6,6,1,20,4,1199,2,10,VOLKSWAGEN POLO,7,E01027221,0,-1
2021010304840,2021,010304840,1,9,0,18,19,5,1,0,0,1,0,0,0,0,3,1,6,6,1,21,5,1198,1,10,VOLKSWAGEN POLO,2,E01003243,0,-1
2021052100944,2021,052100944,2,9,0,18,19,3,7,0,0,0,1,10,1,2,3,1,6,6,2,20,4,999,1,3,VOLKSWAGEN POLO,1,E01006850,0,-1
2021991062455,2021,991062455,1,9,0,18,19,5,1,0,0,1,0,0,0,0,1,1,5,6,2,62,9,1390,1,10,VOLKSWAGEN POLO,8,-1,0,-1
2021010347591,2021,010347591,1,9,0,99,99,9,9,99,99,9,9,99,9,99,2,9,6,6,2,27,6,1197,1,6,VOLKSWAGEN POLO,8,E01022247,0,-1
2021010293469,2021,010293469,1,9,0,99,99,9,9,99,99,0,9,99,9,99,2,9,6,6,2,30,6,1390,1,9,VOLKSWAGEN POLO,6,E01001184,0,-1
2021351118112,2021,351118112,2,9,0,2,2,0,0,0,0,0,0,0,-1,0,3,1,6,6,2,50,8,1198,1,19,VOLKSWAGEN POLO,8,E01018289,0,-1
2021010347578,2021,010347578,2,9,0,99,99,9,9,99,99,9,9,99,9,99,2,9,6,6,3,59,9,1198,1,11,VOLKSWAGEN POLO,4,E01002908,0,-1
2021411033059,2021,411033059,1,9,0,18,19,8,4,0,0,0,0,0,0,0,1,1,6,6,1,-1,-1,1400,1,16,VOLKSWAGEN POLO,6,E01028676,0,-1
2021201064219,2021,201064219,2,9,0,3,3,8,4,0,0,1,0,0,0,0,2,1,6,6,1,31,6,1197,1,7,VOLKSWAGEN POLO,8,E01010134,0,-1
2021371141760,2021,371141760,1,9,0,18,19,3,4,0,0,0,0,10,1,5,1,1,5,6,2,83,11,999,1,3,VOLKSWAGEN POLO,6,E01030194,0,-1
2021302100466,2021,302100466,1,9,0,18,19,2,6,0,0,1,1,0,0,0,3,1,6,6,2,39,7,1390,1,17,VOLKSWAGEN POLO,1,E01013472,0,-1
2021211126255,2021,211126255,1,9,0,18,19,7,3,0,0,1,0,0,0,0,1,1,5,6,1,18,4,1198,1,13,VOLKSWAGEN POLO,8,E01029784,0,-1
2021201071014,2021,201071014,2,9,0,18,19,4,8,0,0,8,0,0,0,0,1,1,6,6,1,25,5,1198,1,9,VOLKSWAGEN POLO,2,E01009151,0,-1
2021010327463,2021,010327463,1,9,0,18,19,5,1,0,0,1,0,0,0,0,1,1,6,6,1,54,8,999,1,5,VOLKSWAGEN POLO,3,E01001638,0,-1
2021522100319,2021,522100319,2,9,0,18,19,5,1,0,0,8,0,0,0,0,1,1,6,6,1,18,4,1198,1,11,VOLKSWAGEN POLO,8,E01014383,0,-1
2021010325167,2021,010325167,2,9,0,99,99,9,9,99,99,0,9,99,9,99,1,9,6,6,3,-1,-1,999,1,6,VOLKSWAGEN POLO,-1,-1,0,-1
2021421019768,2021,421019768,1,9,0,7,7,7,1,0,0,1,0,0,7,0,1,1,5,6,1,31,6,1390,1,10,VOLKSWAGEN POLO,6,E01033458,0,-1
2021430384476,2021,430384476,2,9,0,18,19,4,8,0,0,8,2,0,0,0,1,1,6,6,1,21,5,1198,1,10,VOLKSWAGEN POLO,10,E01030798,0,-1
2021461130970,2021,461130970,1,9,0,18,19,3,7,0,0,0,0,0,0,0,4,1,6,6,1,17,4,1390,1,17,VOLKSWAGEN POLO,1,E01016024,0,-1
2021552100549,2021,552100549,2,9,0,18,19,2,6,0,0,8,0,0,0,0,1,1,6,6,1,21,5,1400,2,14,VOLKSWAGEN POLO,5,E01015456,0,-1
2021501081602,2021,501081602,2,9,0,17,19,7,3,0,0,0,0,0,0,0,1,1,2,2,2,50,8,1197,1,5,VOLKSWAGEN POLO,5,E01019947,0,-1
2021010293732,2021,010293732,1,9,0,16,19,2,6,0,0,8,1,7,0,0,1,1,6,6,2,39,7,1198,1,15,VOLKSWAGEN POLO,3,E01004743,0,-1
2021520105029,2021,520105029,2,9,0,3,3,1,5,0,0,4,0,0,0,0,2,1,6,6,2,20,4,999,1,1,VOLKSWAGEN POLO,-1,-1,0,-1
2021451116591,2021,451116591,2,9,0,18,19,1,5,0,0,6,0,0,0,0,1,1,6,6,2,25,5,1390,1,18,VOLKSWAGEN POLO,-1,-1,0,-1
2021991168083,2021,991168083,1,9,0,18,19,4,8,0,0,0,0,0,0,0,1,1,6,6,2,25,5,1400,2,16,VOLKSWAGEN POLO,3,-1,0,-1
2021070018371,2021,070018371,2,9,0,18,19,6,2,0,0,0,0,0,0,0,1,1,6,6,2,19,4,999,1,5,VOLKSWAGEN POLO,9,E01012516,0,-1
2021061040509,2021,061040509,2,9,0,18,19,5,1,0,0,8,0,0,0,0,2,1,6,6,2,25,5,999,1,7,VOLKSWAGEN POLO,-1,-1,0,-1
2021552100226,2021,552100226,2,9,0,18,19,6,2,0,0,8,0,0,0,0,1,1,2,2,2,26,6,999,1,22,VOLKSWAGEN POLO,9,E01019900,0,-1
2021302100854,2021,302100854,2,9,0,18,19,6,2,0,0,0,0,0,0,0,1,1,6,6,2,20,4,1197,1,4,VOLKSWAGEN POLO,8,E01019757,0,-1
2021411064547,2021,411064547,1,9,0,3,3,7,3,0,0,1,0,0,0,0,1,1,6,6,2,27,6,1390,1,9,VOLKSWAGEN POLO,5,E01000530,0,-1
2021101074552,2021,101074552,1,9,0,18,19,5,1,0,0,0,0,0,0,0,1,1,6,6,2,32,6,1199,2,11,VOLKSWAGEN POLO,7,E01009417,0,-1
2021111087506,2021,111087506,2,9,0,3,3,6,2,0,0,0,0,0,0,0,2,1,5,6,1,30,6,999,1,4,VOLKSWAGEN POLO,1,E01033483,0,-1
2021520101510,2021,520101510,1,9,0,18,19,4,8,0,0,3,0,0,0,0,1,1,6,6,1,24,5,999,1,4,VOLKSWAGEN POLO,6,E01029161,0,-1
2021622200109,2021,622200109,2,9,0,18,19,7,3,0,0,1,0,0,0,0,1,1,6,6,2,24,5,1197,1,5,VOLKSWAGEN POLO,9,W01001082,0,-1
2021440366420,2021,440366420,2,9,0,9,9,5,3,0,0,8,0,0,0,0,4,1,6,6,2,82,11,1400,1,14,VOLKSWAGEN POLO,5,E01031614,0,-1
2021622100663,2021,622100663,3,9,0,2,2,0,0,0,0,8,0,0,0,0,2,1,6,6,3,-1,-1,999,1,3,VOLKSWAGEN POLO,-1,-1,0,-1
2021201135633,2021,201135633,1,9,0,18,19,8,4,0,0,1,0,0,0,0,1,1,6,6,2,72,10,999,1,0,VOLKSWAGEN POLO,9,E01009817,0,-1
2021991062242,2021,991062242,2,9,0,18,19,3,7,0,0,0,0,0,0,0,2,1,5,6,1,21,5,999,1,5,VOLKSWAGEN POLO,3,-1,0,-1
2021440322969,2021,440322969,2,9,0,6,6,3,3,0,0,8,0,0,0,0,3,1,6,6,2,40,7,1198,1,19,VOLKSWAGEN POLO,3,E01022807,0,-1
2021010310871,2021,010310871,1,9,0,6,6,1,1,0,0,0,0,0,0,0,1,1,6,6,2,81,11,1400,1,15,VOLKSWAGEN POLO,4,E01003062,0,-1
2021351060873,2021,351060873,2,9,0,18,19,8,4,0,0,0,0,0,0,0,0,1,6,6,2,24,5,1198,1,11,VOLKSWAGEN POLO,10,E01018295,0,-1
2021461033590,2021,461033590,3,9,0,5,5,2,6,0,0,1,0,0,0,0,2,1,6,6,1,52,8,1400,1,21,VOLKSWAGEN POLO,2,E01023973,0,-1
2021451031183,2021,451031183,1,9,0,18,19,2,6,0,0,0,1,0,0,0,1,1,5,6,1,76,11,1390,1,10,VOLKSWAGEN POLO,10,E01030799,0,-1
2021430087838,2021,430087838,2,9,0,18,19,5,1,0,0,6,0,0,0,0,1,1,6,6,1,-1,-1,1198,1,7,VOLKSWAGEN POLO,-1,-1,0,-1
2021531020626,2021,531020626,2,9,0,18,19,5,1,0,0,8,0,0,1,0,1,1,2,2,2,18,4,1198,1,10,VOLKSWAGEN POLO,10,E01031214,0,-1
202134NNC3011,2021,34NNC3011,2,9,0,18,19,2,6,0,0,8,1,0,0,0,3,1,6,6,1,28,6,1199,2,8,VOLKSWAGEN POLO,8,E01027335,0,-1
2021221125322,2021,221125322,1,9,0,18,19,2,6,0,0,8,0,0,0,0,1,1,5,6,2,58,9,1198,1,14,VOLKSWAGEN POLO,7,E01028950,0,-1
2021010300168,2021,010300168,2,9,0,3,3,1,5,8,6,1,0,0,1,0,1,1,6,6,1,40,7,1400,1,14,VOLKSWAGEN POLO,3,E01004342,0,-1
2021501020575,2021,501020575,2,9,0,18,19,5,1,0,0,1,0,0,0,0,1,1,6,6,2,73,10,1400,1,16,VOLKSWAGEN POLO,6,E01018752,0,-1
2021141060317,2021,141060317,1,9,0,18,19,1,5,0,0,8,0,0,0,0,3,1,6,6,2,47,8,999,1,7,VOLKSWAGEN POLO,8,E01007839,0,-1
2021471087709,2021,471087709,2,9,0,16,19,8,3,0,0,0,5,0,0,0,3,1,5,6,1,60,9,1198,1,16,VOLKSWAGEN POLO,10,E01021202,0,-1
2021010287717,2021,010287717,2,9,0,99,99,9,9,99,99,9,9,99,9,99,9,9,6,6,2,43,7,1198,1,19,VOLKSWAGEN POLO,2,E01003390,0,-1
2021211049390,2021,211049390,1,9,0,4,4,1,5,0,0,0,0,0,0,0,2,1,6,6,1,21,5,1198,1,8,VOLKSWAGEN POLO,9,E01004632,0,-1
2021471085986,2021,471085986,2,9,0,9,9,7,5,0,0,0,0,0,0,0,3,1,5,6,2,33,6,1197,1,6,VOLKSWAGEN POLO,4,E01000378,0,-1
2021520103724,2021,520103724,2,9,0,18,19,8,4,0,0,8,0,0,0,0,1,1,6,6,1,31,6,1198,1,16,VOLKSWAGEN POLO,4,E01020055,0,-1
2021411051722,2021,411051722,2,9,0,18,19,5,1,0,0,0,0,0,0,0,3,1,5,6,2,29,6,1198,1,14,VOLKSWAGEN POLO,9,E01017767,0,-1
2021351092593,2021,351092593,2,9,0,9,9,3,5,0,0,6,0,0,0,0,1,1,6,6,1,26,6,1896,2,16,VOLKSWAGEN POLO,-1,-1,0,-1
2021302101960,2021,302101960,1,9,0,18,19,4,8,0,0,3,0,0,0,0,2,1,2,2,1,23,5,1390,1,16,VOLKSWAGEN POLO,3,E01013454,0,-1
2021010342231,2021,010342231,2,9,0,2,2,0,0,0,0,0,0,0,0,0,1,1,6,6,3,-1,-1,1198,1,9,VOLKSWAGEN POLO,-1,-1,0,-1
2021522102670,2021,522102670,1,9,0,18,19,2,6,0,0,8,1,0,1,1,1,1,6,6,2,22,5,1198,1,12,VOLKSWAGEN POLO,7,E01014562,0,-1
2021320158910,2021,320158910,1,9,0,18,19,2,6,0,0,1,0,0,0,0,4,1,6,6,2,37,7,1390,1,11,VOLKSWAGEN POLO,6,E01026408,0,-1
2021411033094,2021,411033094,1,9,0,16,19,5,1,0,0,3,0,0,0,0,1,1,5,6,1,67,10,999,1,6,VOLKSWAGEN POLO,3,E01023300,0,-1
2021010311571,2021,010311571,2,9,0,99,99,9,9,99,99,0,9,99,9,99,9,9,6,6,3,25,5,999,1,2,VOLKSWAGEN POLO,3,E01004038,0,-1
2021401082781,2021,401082781,1,9,0,9,9,1,7,0,0,5,0,0,0,0,1,1,6,6,1,18,4,1198,1,9,VOLKSWAGEN POLO,2,E01017601,0,-1
2021201118588,2021,201118588,2,9,0,9,9,7,5,0,0,5,0,0,0,0,3,1,5,6,2,33,6,1390,1,13,VOLKSWAGEN POLO,3,E01009095,0,-1
2021991025775,2021,991025775,1,9,0,18,19,7,3,0,0,0,0,0,0,0,1,1,6,6,1,29,6,1197,1,4,VOLKSWAGEN POLO,5,-1,0,-1
2021991127759,2021,991127759,1,9,0,17,19,4,1,0,0,0,0,0,0,0,1,1,5,6,1,28,6,999,1,1,VOLKSWAGEN POLO,3,-1,0,-1
2021201129352,2021,201129352,1,9,0,18,19,4,8,0,0,0,0,0,0,0,1,1,6,6,2,43,7,1422,2,6,VOLKSWAGEN POLO,1,E01010141,0,-1
2021138370010,2021,138370010,1,9,0,18,19,8,4,0,0,0,2,10,8,10,1,1,6,6,1,18,4,1896,2,17,VOLKSWAGEN POLO,4,E01011795,0,-1
2021451086206,2021,451086206,1,9,0,7,7,1,8,0,0,0,0,0,0,0,2,1,6,6,2,30,6,1198,1,8,VOLKSWAGEN POLO,7,E01031566,0,-1
2021471091978,2021,471091978,1,9,0,7,7,7,1,0,0,6,0,0,0,0,0,1,1,1,2,66,10,1390,1,9,VOLKSWAGEN POLO,9,E01024454,0,-1
2021461098488,2021,461098488,2,9,0,2,2,0,0,0,0,0,0,0,0,0,3,1,5,6,2,40,7,1390,1,9,VOLKSWAGEN POLO,9,E01024145,0,-1
2021421053050,2021,421053050,2,9,0,9,9,3,1,0,0,0,0,0,0,0,3,1,5,6,2,34,6,1199,2,9,VOLKSWAGEN POLO,6,E01022053,0,-1
2021371076432,2021,371076432,1,9,0,9,9,4,8,0,0,1,2,0,0,0,4,1,6,6,1,22,5,1198,1,14,VOLKSWAGEN POLO,4,E01030022,0,-1
2021061062706,2021,061062706,2,9,0,8,8,2,4,0,0,4,0,0,0,0,2,1,2,2,2,25,5,1390,1,11,VOLKSWAGEN POLO,7,E01006379,0,-1
2021522101955,2021,522101955,2,9,0,4,4,5,1,0,0,0,0,0,0,0,2,1,6,6,2,32,6,1390,1,17,VOLKSWAGEN POLO,5,W01001056,0,-1
2021010295364,2021,010295364,2,9,0,4,4,3,7,0,0,1,0,0,0,0,1,1,6,6,2,42,7,1197,1,4,VOLKSWAGEN POLO,8,E01000200,0,-1
2021430466441,2021,430466441,1,9,0,5,5,4,8,0,0,4,0,0,0,0,1,1,6,6,1,20,4,1197,1,8,VOLKSWAGEN POLO,-1,-1,0,-1
2021461037679,2021,461037679,1,9,0,18,19,5,1,0,0,1,0,0,0,0,1,1,6,6,2,29,6,1400,1,15,VOLKSWAGEN POLO,4,E01024099,0,-1
2021430558340,2021,430558340,2,9,0,12,12,3,7,0,0,0,0,0,0,0,3,1,6,6,1,20,4,999,1,1,VOLKSWAGEN POLO,-1,-1,0,-1
2021101126525,2021,101126525,1,9,0,17,19,3,7,0,0,0,1,0,7,0,1,1,6,6,1,-1,-1,1198,1,17,VOLKSWAGEN POLO,-1,-1,0,-1
2021471067759,2021,471067759,1,9,0,5,5,7,1,0,0,4,0,0,0,0,2,1,6,6,1,61,9,1198,1,15,VOLKSWAGEN POLO,4,E01031550,0,-1
2021231066564,2021,231066564,1,9,0,5,5,4,8,0,0,0,0,4,0,0,3,1,6,6,2,74,10,1197,1,4,VOLKSWAGEN POLO,6,E01031084,0,-1
2021131061478,2021,131061478,1,9,0,18,19,1,5,0,0,0,0,0,0,0,1,1,6,6,2,23,5,1198,1,11,VOLKSWAGEN POLO,1,E01011029,0,-1
2021041071840,2021,041071840,2,9,0,11,11,5,1,0,0,0,0,0,0,0,2,1,6,6,2,19,4,999,1,2,VOLKSWAGEN POLO,8,E01025089,0,-1
2021010293061,2021,010293061,2,9,0,18,19,3,7,0,0,1,0,0,0,0,1,1,6,6,1,31,6,1198,1,13,VOLKSWAGEN POLO,2,E01003325,0,-1
2021201096349,2021,201096349,2,9,0,18,19,8,4,0,0,1,0,0,0,0,1,1,6,6,1,-1,-1,1198,1,8,VOLKSWAGEN POLO,-1,-1,0,-1
2021991065873,2021,991065873,2,9,0,7,7,3,5,0,0,1,0,0,0,0,3,1,5,6,2,21,5,999,1,4,VOLKSWAGEN POLO,1,-1,0,-1
2021421093189,2021,421093189,1,9,0,5,5,5,7,0,0,1,0,0,0,0,1,1,2,2,2,45,7,999,1,1,VOLKSWAGEN POLO,4,E01021374,0,-1
2021991023452,2021,991023452,1,9,0,9,9,2,8,0,0,1,0,0,0,0,3,1,5,6,2,36,7,1395,1,5,VOLKSWAGEN POLO,9,-1,0,-1
2021010341994,2021,010341994,1,9,0,18,19,8,4,0,0,8,0,0,0,0,1,1,2,2,2,30,6,1198,1,8,VOLKSWAGEN POLO,8,E01031420,0,-1
2021010289737,2021,010289737,1,9,0,18,19,2,6,0,0,8,0,0,0,0,1,1,6,6,2,45,7,999,1,4,VOLKSWAGEN POLO,8,E01003668,0,-1
2021010343622,2021,010343622,2,9,0,99,99,9,9,99,99,9,9,99,9,99,9,9,6,6,1,33,6,999,1,2,VOLKSWAGEN POLO,1,E01003188,0,-1
2021552101157,2021,552101157,2,9,0,3,3,7,3,0,0,0,0,0,0,0,2,1,1,1,1,19,4,1198,1,12,VOLKSWAGEN POLO,6,E01020533,0,-1
2021302101748,2021,302101748,1,9,0,12,12,2,6,0,0,8,0,0,0,0,3,1,6,6,2,-1,-1,1198,1,8,VOLKSWAGEN POLO,8,E01019410,0,-1
202134NNC6381,2021,34NNC6381,2,9,0,18,19,7,3,0,0,1,1,0,0,0,2,1,2,2,2,36,7,1198,1,7,VOLKSWAGEN POLO,9,E01027014,0,-1
2021471095694,2021,471095694,1,9,0,18,19,3,7,0,0,0,0,0,0,0,1,1,2,2,1,20,4,1400,1,15,VOLKSWAGEN POLO,7,E01031616,0,-1
2021010313383,2021,010313383,2,9,0,18,19,1,5,0,0,8,0,0,0,0,3,1,6,6,2,23,5,999,1,0,VOLKSWAGEN POLO,3,E01004022,0,-1
2021520103622,2021,520103622,1,9,0,18,19,1,3,0,0,8,0,0,0,0,1,1,6,6,1,24,5,1395,1,5,VOLKSWAGEN POLO,6,E01001571,0,-1
2021440158795,2021,440158795,1,9,0,5,5,1,5,0,0,0,0,0,0,0,3,1,6,6,1,20,4,1198,1,17,VOLKSWAGEN POLO,2,E01017208,0,-1
2021010300854,2021,010300854,1,9,0,99,99,9,9,99,99,9,9,99,9,99,2,9,2,2,1,58,9,1198,1,18,VOLKSWAGEN POLO,9,E01003910,0,-1
2021361120363,2021,361120363,1,9,0,18,19,3,7,0,0,0,0,0,0,0,1,1,5,6,2,18,4,1199,2,10,VOLKSWAGEN POLO,7,E01026484,0,-1
202131C035521,2021,31C035521,1,9,0,18,19,2,6,0,0,0,0,0,0,0,1,1,1,1,1,18,4,1199,2,8,VOLKSWAGEN POLO,5,E01013938,0,-1
2021430468747,2021,430468747,1,9,0,18,19,5,1,0,0,1,0,0,0,0,1,1,1,1,2,39,7,1390,1,14,VOLKSWAGEN POLO,2,E01033499,0,-1
2021501080610,2021,501080610,2,9,0,18,19,7,3,0,0,0,0,0,0,0,2,1,6,6,2,60,9,1198,1,11,VOLKSWAGEN POLO,2,E01015081,0,-1
2021131109616,2021,131109616,1,9,0,17,19,5,1,0,0,0,0,4,0,0,1,1,5,6,2,20,4,1198,1,10,VOLKSWAGEN POLO,2,E01011262,0,-1
2021351128582,2021,351128582,3,9,0,3,3,7,3,0,0,0,0,0,0,0,2,1,6,6,2,38,7,1198,1,7,VOLKSWAGEN POLO,10,E01017373,0,-1
2021041135034,2021,041135034,1,9,0,18,19,5,1,0,0,1,5,0,7,11,1,1,2,2,2,29,6,999,1,0,VOLKSWAGEN POLO,4,E01025057,0,-1
2021010313993,2021,010313993,2,9,0,7,7,2,3,0,0,1,0,0,0,0,2,1,6,6,1,22,5,1198,1,10,VOLKSWAGEN POLO,3,E01004489,0,-1
2021131041006,2021,131041006,1,9,0,9,9,8,6,0,0,0,0,0,0,0,1,1,6,6,3,30,6,1198,1,11,VOLKSWAGEN POLO,5,E01011201,0,-1
2021440195849,2021,440195849,1,9,0,18,19,6,2,0,0,0,0,0,1,10,4,1,2,2,1,20,4,1198,1,11,VOLKSWAGEN POLO,10,E01030878,0,-1
2021010338354,2021,010338354,2,9,0,9,9,5,2,0,0,8,0,0,0,0,1,1,6,6,1,19,4,999,1,3,VOLKSWAGEN POLO,7,E01000364,0,-1
2021201077675,2021,201077675,1,9,0,18,19,8,4,0,0,1,0,0,0,0,1,1,6,6,1,-1,-1,1390,1,10,VOLKSWAGEN POLO,-1,-1,0,-1
2021991046946,2021,991046946,1,9,0,18,19,7,3,0,0,0,1,0,0,0,1,1,5,6,1,35,6,1197,1,5,VOLKSWAGEN POLO,1,-1,0,-1
2021201064030,2021,201064030,2,9,0,9,9,6,4,0,0,6,0,0,0,0,3,1,6,6,2,31,6,1390,1,11,VOLKSWAGEN POLO,1,E01009397,0,-1
2021520104567,2021,520104567,2,9,0,5,5,6,2,0,0,6,0,0,0,0,1,1,6,6,2,26,6,1422,2,13,VOLKSWAGEN POLO,5,E01029255,0,-1
2021131117550,2021,131117550,1,9,0,18,19,3,7,0,0,0,1,0,0,0,4,1,5,6,2,20,4,1198,1,14,VOLKSWAGEN POLO,4,E01011678,0,-1
2021070169830,2021,070169830,1,9,0,18,19,2,6,0,0,0,0,0,0,0,1,1,6,6,2,29,6,999,1,5,VOLKSWAGEN POLO,9,E01018650,0,-1
2021622200058,2021,622200058,1,9,0,17,19,1,5,0,0,1,1,4,3,0,1,1,6,6,1,23,5,1595,2,11,VOLKSWAGEN POLO,6,W01001263,0,-1
2021991060866,2021,991060866,1,9,0,18,19,3,7,0,0,1,0,0,0,0,1,1,2,2,1,18,4,1197,1,4,VOLKSWAGEN POLO,-1,-1,0,-1
2021041146636,2021,041146636,3,9,0,18,19,3,7,0,0,0,0,0,0,0,1,1,2,2,1,18,4,1199,2,9,VOLKSWAGEN POLO,1,E01033231,0,-1
2021010320228,2021,010320228,1,9,0,2,2,0,0,0,0,0,0,0,1,0,0,1,6,6,3,-1,-1,1400,1,15,VOLKSWAGEN POLO,-1,-1,0,-1
2021351129075,2021,351129075,2,9,0,18,19,5,1,0,0,0,1,12,0,0,3,1,6,6,2,17,4,1199,2,9,VOLKSWAGEN POLO,8,E01018280,0,-1
2021010338340,2021,010338340,2,9,9,99,99,9,9,99,99,9,9,99,9,99,9,9,6,6,3,-1,-1,1390,1,14,VOLKSWAGEN POLO,-1,-1,0,-1
2021451115918,2021,451115918,1,9,0,18,19,6,2,0,0,0,0,0,0,0,1,1,5,6,1,19,4,1390,1,11,VOLKSWAGEN POLO,10,E01022596,0,-1
202154C125621,2021,54C125621,1,9,0,18,19,7,3,0,0,0,0,0,7,4,1,1,6,6,2,84,11,1199,2,11,VOLKSWAGEN POLO,5,E01029051,0,-1
2021010310286,2021,010310286,1,9,0,18,19,5,1,0,0,8,0,0,0,0,1,1,6,6,1,23,5,999,1,3,VOLKSWAGEN POLO,-1,-1,0,-1
2021991024310,2021,991024310,1,9,0,18,19,3,7,0,0,0,0,0,0,0,1,1,6,6,2,25,5,1198,1,8,VOLKSWAGEN POLO,6,-1,0,-1