collision_index,collision_year,collision_ref_no,vehicle_reference,vehicle_type,towing_and_articulation,vehicle_manoeuvre_historic,vehicle_manoeuvre,vehicle_direction_from,vehicle_direction_to,vehicle_location_restricted_lane_historic,vehicle_location_restricted_lane,junction_location,skidding_and_overturning,hit_object_in_carriageway,vehicle_leaving_carriageway,hit_object_off_carriageway,first_point_of_impact,vehicle_left_hand_drive,journey_purpose_of_driver_historic,journey_purpose_of_driver,sex_of_driver,age_of_driver,age_band_of_driver,engine_capacity_cc,propulsion_code,age_of_vehicle,generic_make_model,driver_imd_decile,lsoa_of_driver,escooter_flag,driver_distance_banding
2021440362471,2021,440362471,2,9,0,18,19,5,1,0,0,0,0,0,0,0,3,1,6,6,2,20,4,1242,1,12,FIAT 500,6,E01017300,0,-1
2021161096075,2021,161096075,1,9,0,2,2,3,7,0,0,1,0,0,0,0,1,1,5,6,1,74,10,1242,1,10,FIAT 500,3,E01012839,0,-1
2021440059508,2021,440059508,2,9,0,18,19,8,4,0,0,0,0,0,0,0,3,1,6,6,2,63,9,1242,1,8,FIAT 500,3,E01032745,0,-1
2021545495121,2021,545495121,1,9,0,18,19,3,7,0,0,1,0,0,0,0,1,1,2,2,2,21,5,1242,1,3,FIAT 500,9,E01032706,0,-1
2021010336334,2021,010336334,2,9,0,18,19,3,7,0,0,1,0,0,0,0,1,1,6,6,1,33,6,1242,1,13,FIAT 500,9,E01021782,0,-1
202163A006821,2021,63A006821,1,9,0,9,9,8,6,0,0,6,0,0,0,0,1,1,6,6,1,30,6,1368,1,12,FIAT 500,6,W01000653,0,-1
2021122101475,2021,122101475,2,9,0,13,13,1,5,0,0,0,0,0,0,0,0,1,3,7,2,44,7,1242,1,7,FIAT 500,8,E01027588,0,-1
2021501023389,2021,501023389,1,9,0,4,4,8,4,0,0,0,0,0,1,0,2,1,1,1,2,23,5,1368,1,13,FIAT 500,7,E01020124,0,-1
2021101039993,2021,101039993,1,9,0,3,3,2,4,0,0,1,0,0,0,0,1,1,6,6,2,25,5,1242,1,5,FIAT 500,5,E01008359,0,-1
2021010311673,2021,010311673,2,9,0,99,99,9,9,99,99,4,9,99,9,99,9,9,6,6,2,29,6,1242,1,3,FIAT 500,4,E01000029,0,-1
2021461111615,2021,461111615,1,9,0,18,19,5,1,0,0,0,0,0,0,0,1,1,6,6,2,19,4,1242,1,9,FIAT 500,9,E01000415,0,-1
2021010309948,2021,010309948,1,9,9,99,99,9,9,99,99,9,9,99,9,99,9,9,6,6,2,28,6,1242,1,3,FIAT 500,8,E01004623,0,-1
2021010300663,2021,010300663,1,9,0,99,99,9,9,99,99,9,9,99,9,99,9,9,2,2,2,27,6,1242,1,6,FIAT 500,6,E01001964,0,-1
2021052101389,2021,052101389,3,9,0,18,19,1,5,0,0,7,0,0,0,0,1,1,2,2,2,29,6,1242,1,3,FIAT 500,2,E01007244,0,-1
2021361105666,2021,361105666,2,9,0,4,4,4,8,0,0,0,0,0,0,0,2,1,2,2,2,42,7,1242,1,6,FIAT 500,3,E01026719,0,-1
2021010293447,2021,010293447,3,9,0,18,19,7,3,0,0,0,0,0,0,0,1,1,2,2,2,28,6,1242,1,7,FIAT 500,2,E01033000,0,-1
202134NNC0311,2021,34NNC0311,2,9,0,18,19,1,5,0,0,0,0,0,0,0,1,1,6,6,2,43,7,1248,2,4,FIAT 500,7,E01018127,0,-1
2021010299139,2021,010299139,1,9,0,3,3,1,5,0,0,0,0,0,0,0,1,1,1,1,2,36,7,1242,1,1,FIAT 500,10,E01030945,0,-1
2021010328867,2021,010328867,2,9,0,99,99,9,9,99,99,9,9,99,9,99,9,9,6,6,2,-1,-1,1242,1,9,FIAT 500,10,E01030511,0,-1
2021010312128,2021,010312128,1,9,0,99,99,9,9,99,99,9,9,99,9,99,2,9,6,6,2,30,6,1242,1,11,FIAT 500,4,E01016011,0,-1
2021131109729,2021,131109729,2,9,0,2,2,0,0,9,9,8,0,0,0,0,2,1,6,6,3,-1,-1,1242,1,11,FIAT 500,-1,-1,0,-1
2021421071283,2021,421071283,1,9,0,9,9,5,3,0,0,8,0,0,0,0,4,1,5,6,2,78,11,1242,1,5,FIAT 500,4,E01021817,0,-1
2021430167010,2021,430167010,1,9,0,18,19,2,6,0,0,7,2,0,0,0,1,1,6,6,2,76,11,1242,1,5,FIAT 500,6,E01033505,0,-1
2021052100032,2021,052100032,2,9,0,18,19,8,4,0,0,1,0,0,0,0,1,1,6,6,2,33,6,1242,1,8,FIAT 500,4,E01007302,0,-1
2021411037371,2021,411037371,1,9,0,17,19,1,6,0,0,0,0,0,0,0,1,1,6,6,1,70,10,1242,1,7,FIAT 500,10,E01023724,0,-1
2021010351013,2021,010351013,1,9,0,9,9,2,7,0,0,8,0,0,0,0,1,1,6,6,2,18,4,1242,1,5,FIAT 500,7,E01000818,0,-1
2021211054027,2021,211054027,2,9,0,18,19,3,6,0,0,0,0,0,1,0,1,1,6,6,2,55,8,1598,1,3,FIAT 500,6,E01029413,0,-1
2021010304799,2021,010304799,2,9,0,9,9,2,8,0,0,4,0,0,0,0,3,1,6,6,2,20,4,1242,1,13,FIAT 500,-1,-1,0,-1
2021122101324,2021,122101324,1,9,0,13,13,8,4,0,0,0,2,0,1,10,1,1,6,6,1,61,9,1368,1,12,FIAT 500,5,E01012994,0,-1
2021371129346,2021,371129346,1,9,0,8,8,3,6,0,0,8,0,0,0,0,1,1,5,6,2,18,4,1242,1,13,FIAT 500,10,E01030205,0,-1
2021351013914,2021,351013914,1,9,0,18,19,5,1,0,0,0,2,0,2,0,4,1,6,6,2,23,5,1242,1,8,FIAT 500,7,E01018011,0,-1
2021547426821,2021,547426821,1,9,0,9,9,1,7,0,0,1,0,0,0,0,4,1,2,2,2,18,4,1242,1,4,FIAT 500,10,E01031927,0,-1
2021061109594,2021,061109594,1,9,0,18,19,8,4,0,0,1,0,0,0,0,1,1,6,6,2,21,5,1242,1,12,FIAT 500,-1,-1,0,-1
2021501018882,2021,501018882,2,9,0,9,9,8,3,0,0,3,0,0,0,0,2,1,6,6,2,20,4,1242,1,12,FIAT 500,4,E01018988,0,-1
2021421081828,2021,421081828,1,9,0,10,10,6,4,0,0,1,0,0,0,0,1,1,2,2,2,28,6,1242,1,11,FIAT 500,3,E01021391,0,-1
2021471081645,2021,471081645,2,9,0,18,19,6,2,0,0,0,0,10,2,11,1,1,6,6,2,86,11,1242,1,10,FIAT 500,9,E01031393,0,-1
2021430564307,2021,430564307,2,9,0,18,19,1,5,0,0,8,0,0,0,0,1,1,6,6,2,24,5,999,1,0,FIAT 500,7,E01016713,0,-1
2021201133516,2021,201133516,1,9,0,9,9,4,2,0,0,6,0,0,0,0,1,1,6,6,2,24,5,1242,1,4,FIAT 500,2,E01010400,0,-1
2021991103225,2021,991103225,1,9,0,18,19,8,4,0,0,1,0,0,0,0,1,1,5,6,2,50,8,1242,1,3,FIAT 500,-1,-1,0,-1
2021622100550,2021,622100550,2,9,0,3,3,6,2,0,0,0,0,0,0,0,2,1,6,6,2,23,5,1242,1,6,FIAT 500,3,W01001051,0,-1
202131A061921,2021,31A061921,3,9,0,7,7,6,8,0,0,6,0,0,0,0,1,1,1,1,2,22,5,1242,1,5,FIAT 500,6,E01019480,0,-1
2021361148346,2021,361148346,1,9,0,18,19,5,1,0,0,0,0,0,0,0,1,1,5,6,2,30,6,1242,1,11,FIAT 500,5,E01026831,0,-1
2021451114607,2021,451114607,1,9,0,18,19,5,4,0,0,0,0,0,0,0,1,1,6,6,2,40,7,1242,1,11,FIAT 500,8,E01030979,0,-1
2021522200144,2021,522200144,2,9,0,18,19,5,1,0,0,0,0,0,0,0,1,1,6,6,2,34,6,1242,1,2,FIAT 500,4,E01014946,0,-1
2021451110308,2021,451110308,1,9,0,9,9,5,1,0,0,8,0,0,0,0,1,1,5,6,1,59,9,875,1,7,FIAT 500,9,E01030639,0,-1
202131A140721,2021,31A140721,1,9,0,17,19,5,1,0,0,0,0,0,7,0,3,1,6,6,2,27,6,1242,1,10,FIAT 500,2,E01027967,0,-1
2021411090887,2021,411090887,1,9,0,4,4,2,3,0,0,0,0,0,0,0,2,1,1,1,2,30,6,1242,1,1,FIAT 500,9,E01023426,0,-1
2021070124647,2021,070124647,2,9,0,2,2,8,4,0,0,1,0,0,0,0,3,1,6,6,2,53,8,1242,1,8,FIAT 500,-1,-1,0,-1
2021320752760,2021,320752760,1,9,0,17,19,2,6,0,0,0,0,0,7,4,1,1,6,6,2,27,6,1242,1,2,FIAT 500,-1,-1,0,-1
202163C104521,2021,63C104521,2,9,0,18,19,6,2,0,0,1,0,0,0,0,1,1,6,6,2,58,9,1242,1,8,FIAT 500,7,W01000561,0,-1
2021052101323,2021,052101323,1,9,0,5,5,3,7,0,0,2,0,0,0,0,1,1,2,2,2,24,5,1242,1,9,FIAT 500,7,E01007305,0,-1
202106X080179,2021,06X080179,2,9,0,18,19,5,1,0,0,0,0,0,0,0,2,1,6,6,2,44,7,1242,1,7,FIAT 500,1,E01005009,0,-1
2021211149699,2021,211149699,3,9,0,2,2,0,0,0,0,0,0,0,0,0,1,1,6,6,2,21,5,1242,1,2,FIAT 500,5,E01029537,0,-1
2021991037872,2021,991037872,1,9,0,18,19,1,5,0,0,0,0,0,0,0,4,1,2,2,1,30,6,1368,1,5,FIAT 500,7,-1,0,-1
2021548842421,2021,548842421,1,9,0,9,9,1,8,0,0,2,0,0,0,0,1,1,2,2,2,30,6,1368,1,6,FIAT 500,4,E01031895,0,-1
2021101026384,2021,101026384,2,9,0,18,19,5,1,0,0,3,0,0,0,0,2,1,5,6,2,32,6,1242,1,5,FIAT 500,10,E01027400,0,-1
202131B109821,2021,31B109821,2,9,0,4,4,1,5,0,0,2,0,0,0,0,2,1,6,6,2,49,8,1242,1,6,FIAT 500,9,E01033393,0,-1
2021501097597,2021,501097597,1,9,0,17,19,1,5,0,0,0,0,0,7,0,1,1,6,6,2,17,4,1242,1,11,FIAT 500,4,E01020087,0,-1
2021010344046,2021,010344046,1,9,0,99,99,9,9,99,99,9,9,99,9,99,2,9,6,6,2,25,5,1242,1,2,FIAT 500,6,E01002630,0,-1
2021451052279,2021,451052279,2,9,0,18,19,7,3,0,0,0,0,0,0,0,3,1,5,6,2,20,4,875,1,10,FIAT 500,6,E01016507,0,-1
2021061113173,2021,061113173,1,9,0,9,9,3,1,0,0,0,0,0,0,0,1,1,5,6,2,45,7,1242,1,4,FIAT 500,10,E01006237,0,-1
2021031081097,2021,031081097,1,9,0,18,19,8,4,0,0,1,0,0,0,0,-1,1,6,6,2,68,10,1242,1,10,FIAT 500,5,E01019182,0,-1
2021061059027,2021,061059027,2,9,0,18,19,5,1,0,0,0,2,0,1,7,2,1,5,6,1,42,7,1242,1,4,FIAT 500,1,E01012596,0,-1
2021070160236,2021,070160236,2,9,0,18,19,1,5,0,0,1,0,0,0,0,3,1,6,6,1,94,11,1242,1,9,FIAT 500,5,E01018648,0,-1
2021461030718,2021,461030718,3,9,0,2,2,0,0,0,0,0,0,0,0,0,0,1,6,6,3,-1,-1,1242,1,3,FIAT 500,-1,-1,0,-1
2021451055953,2021,451055953,1,9,0,18,19,7,3,0,0,0,0,0,0,0,4,1,6,6,2,21,5,1242,1,9,FIAT 500,8,E01030529,0,-1
2021411028868,2021,411028868,1,9,0,9,9,5,1,0,0,8,0,0,0,0,3,1,2,2,2,28,6,1242,1,12,FIAT 500,6,E01023340,0,-1
2021371127013,2021,371127013,2,9,0,18,19,7,3,0,0,1,0,0,0,0,0,1,2,2,2,26,6,1242,1,6,FIAT 500,8,E01030242,0,-1
2021991085005,2021,991085005,1,9,0,18,19,1,5,0,0,0,0,0,0,0,1,1,5,6,2,23,5,1242,1,10,FIAT 500,8,-1,0,-1
2021371090714,2021,371090714,2,9,0,3,3,4,8,0,0,1,0,0,0,0,2,1,5,6,2,32,6,1242,1,4,FIAT 500,7,E01029981,0,-1
2021520201171,2021,520201171,2,9,0,18,19,3,7,0,0,8,0,0,0,0,1,1,6,6,1,60,9,1242,1,4,FIAT 500,1,E01020112,0,-1
2021451069722,2021,451069722,4,9,0,7,7,1,5,0,0,1,0,0,0,0,0,1,5,6,2,32,6,1242,1,3,FIAT 500,10,E01021653,0,-1
2021010304901,2021,010304901,2,9,0,4,4,1,5,0,0,0,0,0,0,0,2,1,6,6,2,31,6,1242,1,2,FIAT 500,4,E01003666,0,-1
2021052102838,2021,052102838,2,9,0,18,19,7,3,0,0,8,0,0,0,0,3,1,6,6,2,31,6,1368,1,6,FIAT 500,1,E01007179,0,-1
202131B129421,2021,31B129421,1,9,0,18,19,6,2,0,0,2,0,0,0,0,1,1,2,2,2,72,10,1242,1,11,FIAT 500,8,E01028303,0,-1
2021546211821,2021,546211821,1,9,0,18,19,7,3,0,0,8,5,0,1,1,1,1,6,6,2,23,5,1242,1,12,FIAT 500,9,W01001719,0,-1
2021010288313,2021,010288313,1,9,0,99,99,9,9,99,99,9,9,99,9,99,2,9,2,2,2,25,5,1242,1,5,FIAT 500,5,E01024478,0,-1
2021320664246,2021,320664246,1,9,0,17,19,3,7,0,0,1,5,0,2,0,1,1,6,6,2,24,5,1242,1,11,FIAT 500,5,E01026373,0,-1
2021131105396,2021,131105396,2,9,0,18,19,5,1,0,0,0,0,0,0,0,3,1,2,2,2,29,6,1242,1,6,FIAT 500,9,E01027556,0,-1
2021010342615,2021,010342615,2,9,0,99,99,9,9,99,99,9,9,99,9,99,9,9,6,6,3,-1,-1,1598,2,5,FIAT 500,-1,-1,0,-1
2021161076271,2021,161076271,1,9,0,18,19,4,1,0,0,0,0,0,0,0,3,1,6,6,2,20,4,875,1,9,FIAT 500,1,E01012779,0,-1
2021010290974,2021,010290974,2,9,0,18,19,1,5,0,0,0,0,0,1,0,3,1,2,2,2,23,5,1242,1,3,FIAT 500,8,E01001994,0,-1
2021461052676,2021,461052676,1,9,0,10,10,4,8,0,0,1,0,0,0,0,1,1,5,6,2,18,4,1242,1,13,FIAT 500,10,E01016054,0,-1
2021501049717,2021,501049717,1,9,0,17,19,6,2,0,0,0,2,0,0,0,1,1,5,6,2,28,6,1242,1,6,FIAT 500,5,E01018935,0,-1
2021451092176,2021,451092176,1,9,0,18,19,5,1,0,0,8,1,0,0,0,1,1,2,2,2,35,6,1242,1,7,FIAT 500,6,E01030896,0,-1
2021430405501,2021,430405501,2,9,0,18,19,3,7,0,0,1,0,0,0,0,1,1,6,6,1,-1,-1,1242,1,5,FIAT 500,-1,-1,0,-1
2021411118707,2021,411118707,1,9,0,18,19,5,1,0,0,3,2,0,4,6,4,1,2,2,2,23,5,1242,1,6,FIAT 500,7,E01023462,0,-1
2021070406798,2021,070406798,1,9,0,18,19,5,7,0,0,4,0,0,0,0,4,1,6,6,2,56,9,1242,1,2,FIAT 500,9,E01018545,0,-1
2021132100848,2021,132100848,1,9,0,18,19,1,5,0,0,8,0,0,0,0,3,1,6,6,2,21,5,1242,1,8,FIAT 500,9,E01027917,0,-1
2021010320266,2021,010320266,2,9,0,3,3,3,7,0,0,0,0,0,0,0,2,1,6,6,1,24,5,1242,1,6,FIAT 500,5,E01002977,0,-1
2021010290834,2021,010290834,1,9,0,4,4,7,3,0,0,1,0,0,0,0,4,1,6,6,2,37,7,1242,1,10,FIAT 500,9,E01021285,0,-1
2021141019828,2021,141019828,3,9,0,18,19,4,8,0,0,0,5,0,0,0,1,1,1,1,2,20,4,1242,1,4,FIAT 500,4,E01005286,0,-1
2021549376521,2021,549376521,1,9,0,18,19,7,3,0,0,1,0,0,0,0,4,1,6,6,1,28,6,1242,1,7,FIAT 500,4,E01015509,0,-1
2021101052447,2021,101052447,2,9,0,5,5,7,3,0,0,1,0,0,0,0,2,1,6,6,2,63,9,1242,1,7,FIAT 500,7,E01027364,0,-1
2021411013891,2021,411013891,1,9,0,18,19,2,6,0,0,0,0,0,0,0,1,1,6,6,2,29,6,1242,1,5,FIAT 500,3,E01002753,0,-1
2021471095711,2021,471095711,2,9,0,9,9,7,4,0,0,8,0,0,0,0,4,1,5,6,2,18,4,1242,1,7,FIAT 500,7,E01020986,0,-1
2021451066959,2021,451066959,1,9,0,5,5,7,5,0,0,7,0,0,1,11,3,1,2,2,2,19,4,1242,1,5,FIAT 500,7,E01030864,0,-1
2021010309973,2021,010309973,1,9,0,99,99,9,9,99,99,9,9,99,9,99,2,9,6,6,1,29,6,1242,1,10,FIAT 500,2,E01003089,0,-1
2021531069142,2021,531069142,2,9,0,18,19,2,6,0,0,8,0,0,0,0,1,1,6,6,2,62,9,1242,1,6,FIAT 500,3,E01022320,0,-1
2021522106055,2021,522106055,1,9,0,5,5,1,5,0,0,8,0,0,0,0,1,1,6,6,2,54,8,1242,1,2,FIAT 500,3,E01014835,0,-1
2021010307532,2021,010307532,1,9,0,18,19,3,7,0,0,1,0,0,7,11,1,1,2,2,2,56,9,1242,1,9,FIAT 500,7,E01000674,0,-1
2021622100412,2021,622100412,3,9,0,18,19,4,8,0,0,0,0,0,0,0,2,1,6,6,2,41,7,1242,1,13,FIAT 500,2,W01001768,0,-1
2021501021780,2021,501021780,4,9,0,2,2,0,0,0,0,0,0,4,0,0,1,1,5,6,2,20,4,1242,1,4,FIAT 500,8,E01015251,0,-1
2021320355503,2021,320355503,1,9,0,18,19,6,2,0,0,0,0,0,0,0,4,1,6,6,2,19,4,875,1,1,FIAT 500,5,E01026249,0,-1
2021010340176,2021,010340176,1,9,0,18,19,1,5,0,0,6,0,0,0,0,4,1,6,6,2,50,8,-1,3,0,FIAT 500,7,E01001929,0,-1
202163D028321,2021,63D028321,1,9,0,18,19,8,4,0,0,0,1,0,2,4,1,1,2,2,2,27,6,875,1,10,FIAT 500,5,W01000426,0,-1
2021010312650,2021,010312650,1,9,0,18,19,3,7,0,0,0,2,10,0,0,1,1,6,6,1,60,9,1242,1,1,FIAT 500,2,E01003498,0,-1
2021461044132,2021,461044132,1,9,0,9,9,1,7,0,0,1,0,0,0,0,1,1,1,1,2,23,5,1242,1,11,FIAT 500,7,E01024274,0,-1
2021010332783,2021,010332783,2,9,0,5,5,1,5,0,0,2,0,0,0,0,3,1,6,6,3,23,5,875,1,10,FIAT 500,6,E01004626,0,-1
2021610065721,2021,610065721,1,9,0,9,9,8,6,0,0,8,0,0,0,0,3,1,6,6,2,34,6,1598,2,6,FIAT 500,4,W01001401,0,-1
2021122101314,2021,122101314,1,9,0,16,19,7,3,0,0,0,0,0,0,0,1,1,2,2,2,23,5,1242,1,6,FIAT 500,10,E01027670,0,-1
2021351014432,2021,351014432,1,9,0,18,19,5,4,0,0,0,0,0,0,0,1,1,5,6,1,19,4,1242,1,7,FIAT 500,5,E01032526,0,-1
2021622100907,2021,622100907,2,9,0,9,9,8,6,0,0,8,0,0,0,0,1,1,1,1,2,56,9,1242,1,12,FIAT 500,9,W01001107,0,-1
2021041025206,2021,041025206,2,9,0,6,6,5,1,0,0,0,0,0,0,0,1,1,5,6,2,29,6,1598,2,5,FIAT 500,6,E01025025,0,-1
2021421101277,2021,421101277,1,9,0,7,7,7,2,0,0,1,0,0,0,0,1,1,5,6,1,46,8,1242,1,1,FIAT 500,7,E01021538,0,-1
2021520202067,2021,520202067,2,9,0,18,19,3,7,0,0,8,0,0,0,0,1,1,6,6,1,18,4,1242,1,8,FIAT 500,6,E01020510,0,-1
2021501049243,2021,501049243,2,9,0,5,5,5,1,0,0,4,0,0,0,0,1,1,5,6,1,68,10,1242,1,6,FIAT 500,4,E01019031,0,-1
2021010323919,2021,010323919,1,9,0,18,19,1,5,0,0,0,1,0,0,0,1,1,6,6,2,23,5,1242,1,5,FIAT 500,7,E01002927,0,-1
2021010342567,2021,010342567,1,9,0,99,99,9,9,99,99,9,9,99,9,99,2,9,6,6,2,32,6,1242,1,3,FIAT 500,2,E01001113,0,-1
2021141056089,2021,141056089,2,9,0,7,7,2,8,0,0,1,0,0,0,0,1,1,6,6,2,19,4,1242,1,6,FIAT 500,3,E01007843,0,-1
2021361139614,2021,361139614,1,9,0,18,19,3,7,0,0,0,0,0,0,0,1,1,5,6,2,20,4,1248,2,13,FIAT 500,2,E01030248,0,-1
2021132100848,2021,132100848,2,9,0,18,19,1,5,0,0,8,5,0,4,0,1,1,6,6,2,53,8,1242,1,4,FIAT 500,4,E01011810,0,-1
2021010324076,2021,010324076,2,9,0,99,99,9,9,99,99,9,9,99,9,99,1,9,6,6,2,28,6,1242,1,4,FIAT 500,3,E01002757,0,-1
2021522101751,2021,522101751,1,9,0,9,9,6,4,0,0,5,0,0,0,0,3,1,6,6,2,17,4,1242,1,3,FIAT 500,8,E01032680,0,-1
2021010315829,2021,010315829,1,9,0,99,99,9,9,99,99,0,9,99,9,99,1,9,2,2,2,37,7,1242,1,7,FIAT 500,4,E01002307,0,-1
2021070278516,2021,070278516,2,9,0,18,19,8,4,0,0,8,0,0,0,0,1,1,6,6,2,37,7,1242,1,8,FIAT 500,10,E01018397,0,-1
2021070234717,2021,070234717,1,9,0,18,19,1,5,0,0,1,0,0,1,4,1,1,6,6,2,20,4,1242,1,2,FIAT 500,4,E01005621,0,-1
2021041066645,2021,041066645,1,9,0,18,19,3,7,0,0,1,0,0,0,0,1,1,5,6,2,76,11,1242,1,6,FIAT 500,7,E01025102,0,-1
2021991050677,2021,991050677,3,9,0,18,19,7,2,0,0,0,0,0,0,0,4,1,5,6,2,21,5,1242,1,6,FIAT 500,10,-1,0,-1
2021111018481,2021,111018481,1,9,0,18,19,7,3,0,0,0,1,0,0,0,1,1,1,1,1,18,4,1242,1,7,FIAT 500,7,E01020637,0,-1
2021411100043,2021,411100043,3,9,0,18,19,-1,-1,0,0,0,0,0,0,0,2,1,6,6,2,41,7,1242,1,2,FIAT 500,5,E01023806,0,-1
2021201059661,2021,201059661,2,9,0,3,3,6,2,0,0,1,0,0,0,0,2,1,1,1,2,19,4,875,1,9,FIAT 500,10,E01009803,0,-1
2021141119863,2021,141119863,1,9,0,9,9,6,3,0,0,6,0,0,0,0,1,1,1,1,2,48,8,1242,1,4,FIAT 500,2,E01007556,0,-1
2021061105609,2021,061105609,1,9,0,18,19,7,7,0,0,0,0,0,0,0,1,1,5,6,2,31,6,1242,1,7,FIAT 500,3,E01006126,0,-1
2021221076216,2021,221076216,2,9,0,18,19,3,7,0,0,1,0,0,0,0,1,1,5,6,2,25,5,1242,1,7,FIAT 500,-1,-1,0,-1
2021461070416,2021,461070416,1,9,0,18,19,7,3,0,0,0,1,0,0,0,3,1,2,2,2,28,6,1242,1,11,FIAT 500,7,E01024794,0,-1
2021430040056,2021,430040056,1,9,0,6,6,5,5,0,0,0,0,0,0,0,4,1,6,6,2,67,10,1242,1,7,FIAT 500,9,E01028585,0,-1
2021440306282,2021,440306282,2,9,0,9,9,7,5,0,0,6,0,0,0,0,0,1,6,6,2,19,4,1242,1,11,FIAT 500,6,E01017138,0,-1
2021138211216,2021,138211216,1,9,0,18,19,6,2,0,0,8,0,0,0,0,4,1,6,6,2,20,4,1242,1,5,FIAT 500,8,E01011116,0,-1
2021070862000,2021,070862000,1,9,0,18,19,1,5,0,0,8,0,4,1,10,1,1,6,6,2,-1,-1,1242,1,7,FIAT 500,-1,-1,0,-1
2021451120607,2021,451120607,1,9,0,11,11,1,5,0,0,0,0,7,0,0,1,1,6,6,2,19,4,1242,1,9,FIAT 500,10,E01030392,0,-1
2021010299831,2021,010299831,2,9,0,99,99,9,9,99,99,9,9,99,9,99,9,9,6,6,3,44,7,1242,1,4,FIAT 500,7,E01002007,0,-1
2021161112141,2021,161112141,1,9,0,9,9,7,5,0,0,6,0,0,0,0,1,1,5,6,1,74,10,1368,1,6,FIAT 500,9,E01012955,0,-1
2021471031783,2021,471031783,2,9,0,3,3,6,2,0,0,1,0,0,0,0,2,1,5,6,2,23,5,1242,1,8,FIAT 500,10,E01031578,0,-1
2021421058568,2021,421058568,2,9,0,18,19,3,7,0,0,1,0,0,0,0,1,1,5,6,2,67,10,999,1,1,FIAT 500,3,E01021358,0,-1
2021351099252,2021,351099252,1,9,-1,-1,-1,-1,-1,-1,-1,0,-1,-1,-1,0,-1,1,2,2,2,36,7,1956,2,5,FIAT 500,7,E01026275,0,-1
2021010309503,2021,010309503,1,9,9,99,99,9,9,99,99,9,9,99,9,99,9,9,6,6,2,26,6,1242,1,11,FIAT 500,2,E01001118,0,-1
2021421096100,2021,421096100,2,9,0,17,19,4,1,0,0,1,5,0,0,0,4,1,5,6,2,22,5,1242,1,11,FIAT 500,-1,-1,0,-1
2021302101009,2021,302101009,3,9,0,18,19,8,4,0,0,0,0,0,0,0,1,1,6,6,2,29,6,1242,1,7,FIAT 500,8,E01019616,0,-1
2021461062169,2021,461062169,1,9,0,18,19,7,3,0,0,1,0,0,1,0,1,1,1,1,2,17,4,1242,1,12,FIAT 500,5,E01000379,0,-1
2021461090636,2021,461090636,1,9,0,10,10,7,3,0,0,1,0,0,0,0,1,1,5,6,2,21,5,875,1,10,FIAT 500,9,E01024376,0,-1
2021061095453,2021,061095453,2,9,0,4,4,6,2,0,0,1,0,0,0,0,2,1,6,6,2,24,5,1242,1,13,FIAT 500,7,E01005851,0,-1
2021411099731,2021,411099731,1,9,0,4,4,5,2,0,0,0,1,0,0,0,1,1,1,1,2,28,6,875,1,9,FIAT 500,4,E01017926,0,-1
2021141085260,2021,141085260,2,9,0,18,19,1,5,0,0,1,0,0,0,0,1,1,1,1,2,77,11,875,1,6,FIAT 500,10,E01007861,0,-1
2021361076489,2021,361076489,1,9,0,9,9,7,5,0,0,8,0,0,0,0,2,1,5,6,2,86,11,1242,1,8,FIAT 500,1,E01026626,0,-1
2021440342631,2021,440342631,1,9,0,18,19,2,6,0,0,8,5,0,7,1,4,1,6,6,2,21,5,875,1,9,FIAT 500,7,E01016293,0,-1
2021371074012,2021,371074012,1,9,0,18,19,2,6,0,0,0,1,0,7,0,1,1,6,6,2,19,4,1242,1,11,FIAT 500,3,E01030253,0,-1
2021111114709,2021,111114709,2,9,0,6,6,7,3,0,0,4,0,0,0,0,1,1,6,6,2,42,7,1598,2,5,FIAT 500,8,E01020779,0,-1
2021401024238,2021,401024238,2,9,0,5,5,7,5,0,0,4,0,0,0,0,2,1,3,7,2,25,5,1242,1,8,FIAT 500,4,E01017570,0,-1
2021010336521,2021,010336521,1,9,0,4,4,2,6,0,0,1,0,0,0,0,0,1,6,6,1,66,10,999,1,0,FIAT 500,8,E01003460,0,-1
2021070629946,2021,070629946,1,9,0,3,3,5,1,0,0,0,0,0,0,0,1,1,3,7,1,41,7,1242,1,4,FIAT 500,-1,-1,0,-1
2021461078419,2021,461078419,1,9,0,18,19,6,2,0,0,0,0,0,0,0,2,1,5,6,2,41,7,1242,1,5,FIAT 500,9,E01024213,0,-1
2021041048738,2021,041048738,2,9,0,9,9,2,5,0,0,0,0,0,1,0,1,1,5,6,2,20,4,1242,1,6,FIAT 500,7,E01025419,0,-1
2021122100353,2021,122100353,2,9,0,18,19,3,7,0,0,0,0,0,0,0,1,1,6,6,2,22,5,1598,2,4,FIAT 500,8,E01027694,0,-1
2021552101133,2021,552101133,1,9,0,7,7,3,5,0,0,6,0,0,0,0,3,1,6,6,2,25,5,1242,1,2,FIAT 500,6,E01020488,0,-1
2021461090493,2021,461090493,2,9,0,18,19,7,3,0,0,0,0,0,0,0,4,1,6,6,2,18,4,1242,1,11,FIAT 500,10,E01024449,0,-1
2021131079408,2021,131079408,1,9,0,9,9,7,1,0,0,4,0,0,0,0,1,1,5,6,2,59,9,1242,1,7,FIAT 500,8,E01011700,0,-1