collision_index,collision_year,collision_ref_no,vehicle_reference,vehicle_type,towing_and_articulation,vehicle_manoeuvre_historic,vehicle_manoeuvre,vehicle_direction_from,vehicle_direction_to,vehicle_location_restricted_lane_historic,vehicle_location_restricted_lane,junction_location,skidding_and_overturning,hit_object_in_carriageway,vehicle_leaving_carriageway,hit_object_off_carriageway,first_point_of_impact,vehicle_left_hand_drive,journey_purpose_of_driver_historic,journey_purpose_of_driver,sex_of_driver,age_of_driver,age_band_of_driver,engine_capacity_cc,propulsion_code,age_of_vehicle,generic_make_model,driver_imd_decile,lsoa_of_driver,escooter_flag,driver_distance_banding
2021010314229,2021,010314229,2,9,0,99,99,9,9,99,99,9,9,99,9,99,9,9,6,6,3,48,8,999,1,1,FIAT 500,8,E01003470,0,-1
2021010344461,2021,010344461,2,9,0,4,4,1,5,0,0,0,0,0,0,0,2,1,2,2,1,56,9,1242,1,8,FIAT 500,6,E01002246,0,-1
2021501095156,2021,501095156,1,9,0,9,9,1,5,0,0,0,0,0,0,0,1,1,5,6,2,44,7,1242,1,8,FIAT 500,7,E01020164,0,-1
2021041070858,2021,041070858,1,9,0,17,19,3,5,0,0,0,5,0,0,0,1,1,5,6,2,20,4,1242,1,7,FIAT 500,6,E01025315,0,-1
2021522105058,2021,522105058,1,9,0,7,7,1,3,0,0,1,0,0,0,0,3,1,6,6,2,44,7,875,1,7,FIAT 500,9,E01014789,0,-1
2021991065414,2021,991065414,2,9,0,18,19,1,5,0,0,8,5,0,0,0,3,1,1,1,2,52,8,1242,1,5,FIAT 500,8,-1,0,-1
2021302101445,2021,302101445,1,9,0,14,14,6,2,0,0,0,0,0,0,0,1,1,6,6,2,24,5,1242,1,3,FIAT 500,-1,-1,0,-1
2021451074512,2021,451074512,1,9,0,9,9,5,1,0,0,5,0,0,0,0,2,1,2,2,2,22,5,1242,1,7,FIAT 500,9,E01030413,0,-1
2021421124985,2021,421124985,1,9,0,9,9,8,6,0,0,0,0,0,0,0,1,1,1,1,1,24,5,999,1,0,FIAT 500,6,E01021907,0,-1
2021010301638,2021,010301638,2,9,0,99,99,9,9,99,99,9,9,99,9,99,9,9,6,6,3,-1,-1,1242,1,3,FIAT 500,-1,-1,0,-1
2021991042072,2021,991042072,1,9,0,5,5,2,7,0,0,2,0,0,0,0,3,1,5,6,2,26,6,1242,1,3,FIAT 500,3,-1,0,-1
2021101041477,2021,101041477,2,9,0,3,3,1,5,0,0,4,0,0,0,0,2,1,6,6,2,60,9,1242,1,2,FIAT 500,5,E01008306,0,-1
2021361048345,2021,361048345,1,9,0,18,19,4,8,0,0,0,0,0,0,0,1,1,2,2,1,28,6,1242,1,6,FIAT 500,1,E01030247,0,-1
2021361134772,2021,361134772,1,9,0,18,19,1,5,0,0,0,5,0,1,9,1,1,5,6,1,75,10,1368,1,4,FIAT 500,9,E01027071,0,-1
2021461102922,2021,461102922,2,9,0,9,9,6,4,0,0,1,0,0,0,0,3,1,2,2,2,56,9,1242,1,8,FIAT 500,6,E01021118,0,-1
2021421059035,2021,421059035,1,9,0,18,19,3,7,0,0,0,0,0,0,0,1,1,6,6,2,30,6,1368,1,5,FIAT 500,4,E01021822,0,-1
2021440368222,2021,440368222,1,9,0,3,3,1,5,0,0,6,0,0,0,0,1,1,6,6,1,54,8,1242,1,7,FIAT 500,7,E01022946,0,-1
2021131122269,2021,131122269,1,9,0,5,5,7,7,0,0,0,0,0,0,0,1,1,2,2,2,32,6,1242,1,10,FIAT 500,1,E01011922,0,-1
2021451028894,2021,451028894,1,9,0,18,19,3,3,0,0,0,0,0,0,0,3,1,5,6,2,21,5,875,1,7,FIAT 500,3,E01030793,0,-1
2021440449793,2021,440449793,1,9,0,18,19,8,4,0,0,0,1,0,0,0,4,1,6,6,2,48,8,875,1,6,FIAT 500,5,E01017126,0,-1
2021122100529,2021,122100529,1,9,0,10,10,5,1,0,0,1,0,0,0,0,2,1,6,6,2,54,8,1242,1,2,FIAT 500,5,E01011031,0,-1
2021991056637,2021,991056637,2,9,0,15,15,6,2,0,0,0,0,4,0,0,3,1,5,6,2,33,6,1598,1,4,FIAT 500,-1,-1,0,-1
2021131116292,2021,131116292,1,9,0,18,19,5,1,0,0,0,0,12,7,4,1,1,2,2,2,19,4,1242,1,7,FIAT 500,4,E01007344,0,-1
2021010287682,2021,010287682,2,9,0,99,99,9,9,99,99,9,9,99,9,99,9,9,6,6,2,38,7,1242,1,5,FIAT 500,3,E01000637,0,-1
2021411125281,2021,411125281,2,9,0,4,4,5,1,0,0,0,0,0,0,0,2,1,5,6,2,22,5,1242,1,7,FIAT 500,6,E01028840,0,-1
2021010329262,2021,010329262,2,9,0,99,99,9,9,99,99,9,9,99,9,99,1,9,6,6,3,-1,-1,1242,1,4,FIAT 500,-1,-1,0,-1
2021010317076,2021,010317076,1,9,0,7,7,5,7,0,0,8,0,0,0,0,4,1,6,6,2,65,9,999,1,1,FIAT 500,7,E01000317,0,-1
2021421125742,2021,421125742,2,9,0,3,3,3,1,0,0,1,0,0,0,0,1,1,5,6,2,18,4,1242,1,3,FIAT 500,-1,-1,0,-1
2021122101465,2021,122101465,1,9,0,9,9,3,7,0,0,5,0,0,0,0,1,1,6,6,2,66,10,1242,1,8,FIAT 500,10,E01013070,0,-1
2021201115798,2021,201115798,2,9,0,18,19,6,2,0,0,0,0,0,0,0,4,1,5,6,2,56,9,1242,1,4,FIAT 500,1,E01009748,0,-1
2021991124552,2021,991124552,1,9,0,18,19,1,4,0,0,8,0,0,0,0,1,1,6,6,2,43,7,1242,1,8,FIAT 500,-1,-1,0,-1
2021461073831,2021,461073831,1,9,0,18,19,4,8,0,0,0,0,0,0,0,4,1,6,6,2,22,5,1242,1,7,FIAT 500,4,E01024042,0,-1
2021201054309,2021,201054309,2,9,0,2,2,0,0,0,0,0,0,0,0,0,2,1,6,6,2,29,6,1242,1,10,FIAT 500,6,E01009206,0,-1
2021610047921,2021,610047921,1,9,0,18,19,3,7,0,0,0,0,0,0,0,1,1,6,6,2,21,5,1242,1,10,FIAT 500,2,W01001482,0,-1
2021371034964,2021,371034964,2,9,0,18,19,1,5,0,0,0,0,0,0,0,2,1,6,6,2,60,9,1242,1,13,FIAT 500,5,E01030165,0,-1
2021010305867,2021,010305867,1,9,0,9,9,5,2,0,0,1,0,0,0,0,3,1,6,6,2,43,7,1242,1,6,FIAT 500,6,E01003764,0,-1
2021101117493,2021,101117493,2,9,0,18,19,7,3,0,0,3,1,0,0,0,4,1,5,6,2,18,4,1242,1,11,FIAT 500,7,E01008473,0,-1
2021451093886,2021,451093886,1,9,0,18,19,4,5,0,0,0,0,0,0,0,4,1,5,6,1,60,9,1242,1,8,FIAT 500,3,E01016445,0,-1
2021201093488,2021,201093488,1,9,0,18,19,6,2,0,0,3,2,10,1,10,3,1,6,6,1,33,6,1242,1,5,FIAT 500,5,E01033058,0,-1
202163A091121,2021,63A091121,2,9,0,16,19,5,8,0,0,0,0,0,0,0,3,1,6,6,2,24,5,1242,1,8,FIAT 500,8,W01000775,0,-1
2021010317458,2021,010317458,2,9,9,99,99,9,9,99,99,9,9,99,9,99,9,9,6,6,3,19,4,1242,1,6,FIAT 500,7,E01016831,0,-1
2021411120528,2021,411120528,2,9,0,18,19,2,5,0,0,8,0,0,0,0,4,1,6,6,2,22,5,875,1,9,FIAT 500,5,E01000255,0,-1
2021101088483,2021,101088483,2,9,0,18,19,1,5,0,0,6,0,0,0,0,3,1,5,6,2,32,6,1242,1,5,FIAT 500,2,E01020615,0,-1
2021010319313,2021,010319313,1,9,0,99,99,9,9,99,99,9,9,99,9,99,2,9,6,6,1,40,7,1242,1,7,FIAT 500,3,E01001449,0,-1
2021052102086,2021,052102086,1,9,0,18,19,1,5,0,0,1,0,0,0,0,1,1,6,6,2,18,4,1242,1,12,FIAT 500,8,E01025233,0,-1
2021451089289,2021,451089289,3,9,0,18,19,5,1,0,0,0,0,0,0,0,1,1,5,6,2,29,6,1242,1,13,FIAT 500,8,E01022562,0,-1
2021320711153,2021,320711153,1,9,0,18,19,2,6,0,0,0,1,0,7,4,4,1,6,6,2,19,4,1242,1,8,FIAT 500,4,E01026169,0,-1
2021101059301,2021,101059301,1,9,0,7,7,1,7,0,0,0,0,0,0,0,2,1,5,6,2,19,4,1242,1,6,FIAT 500,-1,-1,0,-1
2021421034773,2021,421034773,2,9,0,18,19,1,5,0,0,0,0,0,0,0,3,1,6,6,2,33,6,1242,1,2,FIAT 500,-1,-1,0,-1
2021461040724,2021,461040724,1,9,0,4,4,2,6,0,0,0,0,0,0,0,1,1,5,6,2,65,9,1242,1,3,FIAT 500,6,E01024130,0,-1
2021610011621,2021,610011621,2,9,0,18,19,7,3,0,0,0,0,0,0,0,1,1,6,6,1,29,6,1242,1,1,FIAT 500,3,W01001448,0,-1
2021461116557,2021,461116557,1,9,0,18,19,5,1,0,0,1,0,0,0,0,1,1,6,6,1,-1,-1,1242,1,3,FIAT 500,-1,-1,0,-1
2021320601381,2021,320601381,1,9,0,16,19,2,6,0,0,0,0,0,0,0,1,1,6,6,2,24,5,1368,1,4,FIAT 500,4,E01026081,0,-1
2021471012052,2021,471012052,2,9,0,18,19,3,7,0,0,8,1,0,0,0,1,1,2,2,2,20,4,1242,1,10,FIAT 500,7,E01021007,0,-1
2021141086482,2021,141086482,3,9,0,18,19,5,5,0,0,0,0,0,0,0,4,1,5,6,2,21,5,1242,1,5,FIAT 500,2,E01019523,0,-1
2021010305624,2021,010305624,2,9,0,18,19,5,1,0,0,1,0,0,0,0,1,1,6,6,1,21,5,1242,1,11,FIAT 500,9,E01004490,0,-1
2021010343957,2021,010343957,1,9,0,18,19,3,7,0,0,1,0,0,0,0,1,1,6,6,2,53,8,1242,1,6,FIAT 500,-1,-1,0,-1
2021471072325,2021,471072325,1,9,0,16,19,5,1,0,0,0,0,0,1,10,1,1,5,6,2,33,6,1248,2,7,FIAT 500,8,E01023478,0,-1
2021061039433,2021,061039433,2,9,0,2,2,5,1,0,0,8,0,0,0,0,1,1,6,6,2,30,6,875,1,5,FIAT 500,1,E01004869,0,-1
2021440499933,2021,440499933,1,9,0,18,19,1,5,0,0,2,0,0,0,0,1,1,2,2,1,34,6,999,1,0,FIAT 500,2,E01017116,0,-1
2021548621621,2021,548621621,2,9,0,4,4,4,8,0,0,0,0,0,0,0,2,1,6,6,2,39,7,1248,2,11,FIAT 500,6,E01015579,0,-1
2021461119242,2021,461119242,1,9,0,16,19,5,1,0,0,0,0,0,1,4,1,1,6,6,2,24,5,1242,1,3,FIAT 500,8,E01024209,0,-1
2021010331955,2021,010331955,2,9,0,1,1,2,5,0,0,8,0,0,0,0,1,1,6,6,1,52,8,875,1,8,FIAT 500,5,E01003144,0,-1
2021440223303,2021,440223303,1,9,0,5,5,5,1,0,0,8,0,0,0,0,3,1,6,6,2,29,6,1242,1,5,FIAT 500,8,E01017086,0,-1
2021061074126,2021,061074126,1,9,0,7,7,3,1,0,0,8,0,0,0,0,1,1,5,6,2,39,7,1242,1,7,FIAT 500,1,E01005565,0,-1
2021531083049,2021,531083049,2,9,0,4,4,1,5,0,0,0,1,0,1,0,1,1,6,6,1,36,7,1242,1,1,FIAT 500,9,E01015525,0,-1
2021320690399,2021,320690399,1,9,0,18,19,4,8,0,0,8,2,0,0,0,4,2,2,2,2,34,6,999,1,0,FIAT 500,7,E01026319,0,-1
2021522103340,2021,522103340,3,9,0,18,19,1,5,0,0,0,0,0,0,0,1,1,6,6,1,18,4,1242,1,8,FIAT 500,9,E01014422,0,-1
2021440141824,2021,440141824,2,9,0,18,19,3,7,0,0,0,0,0,0,0,2,1,6,6,2,26,6,1242,1,12,FIAT 500,5,E01031501,0,-1
2021122100550,2021,122100550,3,9,0,2,2,0,0,9,9,2,0,0,0,0,2,1,6,6,3,-1,-1,1242,1,12,FIAT 500,-1,-1,0,-1
2021211059151,2021,211059151,1,9,0,18,19,5,1,0,0,0,1,0,7,9,1,1,2,2,2,23,5,1242,1,8,FIAT 500,4,E01029831,0,-1
2021010315107,2021,010315107,2,9,0,99,99,9,9,99,99,0,9,99,9,99,9,9,6,6,3,-1,-1,1242,1,7,FIAT 500,-1,-1,0,-1
2021041196026,2021,041196026,2,9,0,4,4,8,4,0,0,2,0,0,0,0,2,1,5,6,1,26,6,1242,1,4,FIAT 500,9,E01024901,0,-1
2021061043089,2021,061043089,2,9,0,18,19,4,2,0,0,0,0,0,0,0,1,1,6,6,2,28,6,1242,1,9,FIAT 500,8,E01024916,0,-1
2021010315055,2021,010315055,2,9,0,10,10,1,6,0,0,1,0,0,0,0,0,1,6,6,2,70,10,1242,1,1,FIAT 500,3,E01004208,0,-1
2021548152321,2021,548152321,1,9,0,18,19,4,8,0,0,0,0,0,7,11,1,1,1,1,2,46,8,1242,1,1,FIAT 500,6,E01004651,0,-1
2021430145032,2021,430145032,2,9,0,17,19,8,5,0,0,0,0,0,0,0,1,1,6,6,2,45,7,875,1,9,FIAT 500,9,E01016631,0,-1
2021320712092,2021,320712092,1,9,0,18,19,4,8,0,0,0,5,0,1,9,1,1,6,6,2,17,4,875,1,9,FIAT 500,7,E01026319,0,-1
2021010314384,2021,010314384,1,9,0,9,9,1,5,0,0,1,0,0,0,0,1,1,6,6,2,20,4,875,1,6,FIAT 500,7,E01001950,0,-1
2021201090457,2021,201090457,2,9,0,9,9,2,8,0,0,3,0,0,0,0,1,1,6,6,2,-1,-1,1242,1,11,FIAT 500,3,E01031095,0,-1
2021461120782,2021,461120782,1,9,0,18,19,7,3,0,0,1,0,0,0,0,1,1,2,2,2,56,9,1242,1,7,FIAT 500,-1,-1,0,-1
2021461047218,2021,461047218,1,9,0,18,19,4,8,0,0,0,0,0,5,6,1,1,5,6,1,21,5,1242,1,11,FIAT 500,3,E01016098,0,-1
2021531102757,2021,531102757,2,9,0,18,19,3,7,0,0,8,0,0,0,0,1,1,5,6,2,61,9,1242,1,3,FIAT 500,8,E01022313,0,-1
2021501136623,2021,501136623,1,9,0,9,9,7,3,0,0,1,0,0,0,0,4,1,5,6,2,19,4,1242,1,12,FIAT 500,3,E01019008,0,-1
2021122101490,2021,122101490,1,9,0,5,5,1,5,0,0,6,0,0,0,0,1,1,6,6,2,19,4,1242,1,9,FIAT 500,10,E01013439,0,-1
2021201046899,2021,201046899,1,9,0,18,19,3,7,0,0,0,0,0,0,0,1,1,6,6,3,-1,-1,1242,1,12,FIAT 500,-1,-1,0,-1
2021201061543,2021,201061543,1,9,0,18,19,6,2,0,0,8,0,0,0,0,1,1,6,6,2,51,8,1242,1,5,FIAT 500,4,E01009524,0,-1
2021991050569,2021,991050569,3,9,0,2,2,0,0,0,0,1,0,0,0,0,1,1,6,6,3,-1,-1,1242,1,8,FIAT 500,-1,-1,0,-1
2021170H10411,2021,170H10411,2,9,0,18,19,1,5,0,0,8,0,0,0,0,1,1,1,1,2,34,6,1242,1,5,FIAT 500,5,E01011968,0,-1
2021070479490,2021,070479490,2,9,0,4,4,3,6,0,0,1,0,0,0,0,2,1,6,6,2,22,5,1242,1,5,FIAT 500,8,E01012395,0,-1
2021041019348,2021,041019348,1,9,0,9,9,1,7,0,0,1,0,0,0,0,4,1,5,6,2,72,10,1242,1,6,FIAT 500,9,E01025553,0,-1
2021041173661,2021,041173661,2,9,0,18,19,5,1,0,0,1,0,0,0,0,4,1,5,6,2,48,8,1242,1,8,FIAT 500,8,E01025420,0,-1
2021041029636,2021,041029636,2,9,0,9,9,5,3,0,0,8,0,0,0,0,4,1,5,6,2,21,5,1242,1,13,FIAT 500,2,E01025313,0,-1
2021211054027,2021,211054027,1,9,0,1,1,4,6,0,0,0,0,0,0,0,3,1,6,6,2,50,8,1242,1,9,FIAT 500,6,E01029524,0,-1
2021010311685,2021,010311685,2,9,0,18,19,3,7,0,0,1,0,0,0,0,4,1,6,6,1,27,6,1242,1,12,FIAT 500,2,E01004296,0,-1
2021552100423,2021,552100423,2,9,0,18,19,8,4,0,0,8,0,0,0,0,1,1,6,6,2,32,6,1242,1,7,FIAT 500,6,E01020510,0,-1
2021141055728,2021,141055728,2,9,0,6,6,1,5,0,0,8,0,0,0,0,4,1,6,6,2,20,4,1242,1,7,FIAT 500,4,E01007342,0,-1
2021461081499,2021,461081499,1,9,0,7,7,3,1,0,0,3,0,0,1,0,1,1,5,6,2,18,4,1242,1,8,FIAT 500,8,E01024407,0,-1
2021041076931,2021,041076931,2,9,0,18,19,5,1,0,0,0,0,4,0,0,1,1,5,6,2,30,6,1242,1,11,FIAT 500,3,E01024959,0,-1
2021461070906,2021,461070906,1,9,0,7,7,3,5,0,0,1,0,0,0,0,3,1,6,6,2,28,6,1242,1,5,FIAT 500,5,E01024287,0,-1
2021131127128,2021,131127128,2,9,0,4,4,1,5,0,0,8,0,0,0,0,2,1,6,6,2,23,5,1242,1,4,FIAT 500,8,E01010972,0,-1
2021991106896,2021,991106896,1,9,0,9,9,7,5,0,0,8,0,0,0,0,1,1,5,6,2,33,6,1242,1,12,FIAT 500,2,-1,0,-1
2021010337152,2021,010337152,1,9,0,18,19,3,7,0,0,0,0,0,0,0,1,1,1,1,1,48,8,1242,1,5,FIAT 500,6,E01000513,0,-1
2021440269466,2021,440269466,1,9,0,18,19,5,1,0,0,1,0,0,0,0,1,1,6,6,2,24,5,1242,1,3,FIAT 500,3,E01017052,0,-1
2021010294362,2021,010294362,2,9,0,7,7,5,8,0,0,8,0,0,0,0,1,1,6,6,2,20,4,1248,2,5,FIAT 500,-1,-1,0,-1
2021010351851,2021,010351851,2,9,0,7,7,4,6,0,0,6,0,0,1,0,1,1,6,6,2,21,5,1368,1,12,FIAT 500,4,E01004418,0,-1
2021440051264,2021,440051264,2,9,0,9,9,8,6,0,0,8,0,0,0,0,3,1,2,2,2,21,5,1242,1,11,FIAT 500,10,E01023047,0,-1
2021421029495,2021,421029495,1,9,0,18,19,1,5,0,0,8,0,11,7,3,1,1,5,6,2,24,5,1242,1,6,FIAT 500,3,E01021955,0,-1
2021991024357,2021,991024357,2,9,0,18,19,3,7,0,0,1,0,0,0,0,1,1,6,6,2,21,5,1242,1,9,FIAT 500,2,-1,0,-1
2021201061953,2021,201061953,2,9,0,3,3,3,7,0,0,1,0,0,0,0,2,1,6,6,2,24,5,1242,1,10,FIAT 500,6,E01010519,0,-1
2021131061515,2021,131061515,1,9,0,4,4,3,3,0,0,0,0,0,0,0,1,1,2,2,2,24,5,1242,1,5,FIAT 500,2,E01010869,0,-1
2021131089191,2021,131089191,1,9,0,-1,-1,-1,-1,-1,-1,0,-1,-1,-1,0,-1,1,6,6,3,-1,-1,1242,1,7,FIAT 500,-1,-1,0,-1
2021302100213,2021,302100213,1,9,0,18,19,6,1,0,0,0,2,0,1,10,1,1,6,6,1,20,4,1242,1,5,FIAT 500,1,E01013485,0,-1
2021351057070,2021,351057070,1,9,0,18,19,1,5,6,6,0,1,0,0,0,1,1,6,6,1,47,8,1368,1,13,FIAT 500,8,E01017992,0,-1
2021211035602,2021,211035602,2,9,0,18,19,7,3,0,0,4,0,0,0,0,1,1,6,6,1,21,5,1242,1,11,FIAT 500,10,E01010392,0,-1
2021622100505,2021,622100505,1,9,0,9,9,4,2,0,0,8,0,0,0,0,4,1,2,2,1,18,4,1242,1,13,FIAT 500,6,W01001840,0,-1
2021201044815,2021,201044815,1,9,0,18,19,1,5,0,0,0,0,0,0,0,1,1,6,6,1,-1,-1,1242,1,8,FIAT 500,-1,-1,0,-1
2021131106378,2021,131106378,1,9,0,9,9,8,7,0,0,8,0,0,0,0,3,1,5,6,2,57,9,1598,1,5,FIAT 500,8,E01011185,0,-1
2021061028872,2021,061028872,2,9,0,2,2,0,0,0,0,2,0,0,0,0,3,1,6,6,2,20,4,1242,1,2,FIAT 500,3,E01006340,0,-1
2021351081568,2021,351081568,1,9,0,18,19,3,7,0,0,0,0,0,0,0,1,1,5,6,2,18,4,1242,1,13,FIAT 500,9,E01027014,0,-1
2021101121056,2021,101121056,1,9,-1,18,19,6,2,0,0,2,0,0,0,0,1,1,6,6,3,-1,-1,1242,1,9,FIAT 500,-1,-1,0,-1
2021552100455,2021,552100455,1,9,0,9,9,8,6,0,0,6,0,0,0,0,1,1,6,6,1,23,5,875,1,7,FIAT 500,5,E01031869,0,-1
2021061104890,2021,061104890,3,9,0,10,10,5,2,0,0,1,0,0,0,0,1,1,6,6,3,53,8,1242,1,7,FIAT 500,2,E01005383,0,-1
2021070283878,2021,070283878,1,9,0,15,15,1,5,0,0,0,0,8,0,0,4,1,1,1,2,64,9,1242,1,8,FIAT 500,4,E01018647,0,-1
2021031049842,2021,031049842,2,9,0,7,7,4,6,0,0,1,0,0,0,0,2,1,5,6,2,22,5,1242,1,8,FIAT 500,-1,-1,0,-1
2021010338918,2021,010338918,1,9,9,99,99,9,9,99,99,9,9,99,9,99,9,9,6,6,3,52,8,1242,1,10,FIAT 500,6,E01002162,0,-1
2021471049609,2021,471049609,2,9,0,3,3,8,4,0,0,4,0,0,0,0,2,1,5,6,2,21,5,1242,1,13,FIAT 500,10,E01031627,0,-1
2021010287268,2021,010287268,3,9,0,13,13,7,3,0,0,1,0,0,0,0,0,1,6,6,2,44,7,875,1,9,FIAT 500,7,E01004138,0,-1
2021141033022,2021,141033022,2,9,0,2,2,0,0,0,0,0,0,0,0,0,1,1,6,6,3,-1,-1,1242,1,4,FIAT 500,-1,-1,0,-1
2021221053430,2021,221053430,1,9,0,5,5,3,7,0,0,6,0,0,0,0,3,1,5,6,2,27,6,999,1,0,FIAT 500,6,E01028885,0,-1
2021010305716,2021,010305716,1,9,0,99,99,9,9,99,99,9,9,99,9,99,9,9,2,2,2,22,5,1242,1,8,FIAT 500,7,E01000963,0,-1
2021231048899,2021,231048899,2,9,0,18,19,2,6,0,0,0,2,0,6,6,1,1,5,6,1,61,9,1242,1,12,FIAT 500,9,E01009696,0,-1
2021320218732,2021,320218732,2,9,0,16,19,2,6,0,0,0,2,0,7,9,1,1,2,2,2,56,9,1242,1,12,FIAT 500,7,E01003064,0,-1
2021461051257,2021,461051257,1,9,0,9,9,3,7,0,0,6,0,0,7,0,3,1,2,2,2,34,6,1242,1,9,FIAT 500,9,E01024757,0,-1
2021522101943,2021,522101943,2,9,5,18,19,1,5,0,0,0,0,0,0,0,4,1,6,6,2,41,7,1242,1,10,FIAT 500,1,E01009174,0,-1
2021141114740,2021,141114740,1,9,0,6,6,1,5,0,0,0,0,0,0,0,3,1,5,6,2,32,6,1598,1,5,FIAT 500,3,E01007900,0,-1
2021201063828,2021,201063828,2,9,0,17,19,5,2,0,0,8,0,0,0,0,1,1,6,6,2,58,9,1242,1,3,FIAT 500,4,E01009813,0,-1
2021010297932,2021,010297932,1,9,0,7,7,7,2,7,6,8,0,0,0,0,4,1,4,7,2,32,6,1242,1,7,FIAT 500,3,E01004183,0,-1
2021231078936,2021,231078936,2,9,0,5,5,1,8,0,0,4,0,0,0,0,2,1,6,6,2,47,8,1242,1,3,FIAT 500,3,E01009552,0,-1
2021010317595,2021,010317595,1,9,0,9,9,5,3,0,0,6,0,0,0,0,1,1,1,1,2,67,10,1242,1,7,FIAT 500,7,E01000123,0,-1
2021451115146,2021,451115146,2,9,0,4,4,6,2,0,0,0,0,0,0,0,2,1,5,6,2,19,4,1242,1,6,FIAT 500,10,E01016671,0,-1
2021211035159,2021,211035159,2,9,0,17,19,3,8,0,0,1,0,0,0,0,1,1,1,1,2,30,6,1242,1,8,FIAT 500,7,E01029491,0,-1
2021471068597,2021,471068597,1,9,0,18,19,8,4,0,0,0,0,0,0,0,3,1,6,6,2,28,6,1242,1,5,FIAT 500,9,E01031625,0,-1
2021471041200,2021,471041200,2,9,0,18,19,5,2,0,0,8,0,0,0,0,3,1,5,6,2,18,4,1242,1,9,FIAT 500,9,E01031612,0,-1
2021101092746,2021,101092746,2,9,0,18,19,4,8,0,0,0,5,0,7,0,4,1,5,6,2,21,5,1242,1,11,FIAT 500,4,E01020643,0,-1
2021052102787,2021,052102787,1,9,0,18,19,1,5,0,0,1,0,0,0,0,1,1,6,6,2,58,9,1242,1,6,FIAT 500,1,E01007051,0,-1
2021421125121,2021,421125121,2,9,0,4,4,5,1,0,0,4,0,0,0,0,2,1,6,6,2,26,6,1242,1,8,FIAT 500,2,E01016009,0,-1
2021231143793,2021,231143793,1,9,0,18,19,5,1,0,0,0,0,0,1,4,1,1,5,6,2,19,4,1242,1,8,FIAT 500,6,E01031084,0,-1
2021421041341,2021,421041341,1,9,0,5,5,2,2,0,0,1,0,0,0,0,1,2,2,2,1,23,5,1242,1,8,FIAT 500,5,E01021680,0,-1
2021371100656,2021,371100656,1,9,0,18,19,8,4,0,0,3,2,0,1,0,0,1,5,6,2,17,4,1242,1,7,FIAT 500,3,E01030163,0,-1
2021161048777,2021,161048777,1,9,0,3,3,5,1,0,0,1,0,0,0,0,2,1,6,6,3,22,5,1242,1,13,FIAT 500,-1,-1,0,-1
2021041101508,2021,041101508,3,9,0,18,19,5,1,0,0,0,0,0,1,0,2,1,5,6,1,22,5,1242,1,5,FIAT 500,5,E01025459,0,-1
2021461071893,2021,461071893,2,9,0,18,19,5,1,0,0,0,0,0,0,0,3,1,6,6,2,50,8,1242,1,6,FIAT 500,6,E01032814,0,-1
2021991183238,2021,991183238,1,9,0,9,9,5,3,0,0,6,0,0,0,0,1,1,5,6,1,52,8,999,1,0,FIAT 500,-1,-1,0,-1
2021411071099,2021,411071099,3,9,0,4,4,5,1,0,0,4,0,0,0,0,2,1,6,6,2,-1,-1,1242,1,2,FIAT 500,10,E01028475,0,-1
2021070682693,2021,070682693,1,9,0,18,19,5,1,0,0,2,0,0,0,0,1,1,6,6,2,19,4,1242,1,11,FIAT 500,3,E01018487,0,-1
2021010323470,2021,010323470,1,9,0,99,99,9,9,99,99,9,9,99,9,99,2,9,6,6,2,22,5,1242,1,11,FIAT 500,6,E01000513,0,-1
2021451053714,2021,451053714,1,9,0,18,19,4,1,0,0,0,1,0,0,0,1,1,5,6,1,40,7,1242,1,11,FIAT 500,8,E01030490,0,-1
2021010297891,2021,010297891,1,9,0,17,19,5,3,0,0,8,0,0,0,0,1,1,6,6,2,51,8,875,1,5,FIAT 500,9,E01003462,0,-1
2021010330652,2021,010330652,1,9,0,99,99,9,9,99,99,9,9,99,9,99,9,9,6,6,2,22,5,1242,1,7,FIAT 500,8,E01024077,0,-1
2021131090941,2021,131090941,2,9,0,18,19,1,5,0,0,0,1,0,0,0,2,1,6,6,1,37,7,1242,1,6,FIAT 500,9,E01011945,0,-1
2021451117578,2021,451117578,1,9,0,17,19,5,7,0,0,8,0,0,0,0,4,1,5,6,2,22,5,1248,2,8,FIAT 500,10,E01031639,0,-1
2021231043607,2021,231043607,1,9,0,18,19,7,3,0,0,0,0,0,0,0,1,1,5,6,2,65,9,1242,1,7,FIAT 500,3,E01009544,0,-1
2021141079438,2021,141079438,1,9,0,18,19,7,3,0,0,0,0,0,0,0,3,1,6,6,2,43,7,1242,1,10,FIAT 500,10,E01007923,0,-1
2021061142157,2021,061142157,2,9,0,18,19,1,1,0,0,0,0,0,0,0,2,1,6,6,1,49,8,1242,1,7,FIAT 500,5,E01005759,0,-1
2021211082361,2021,211082361,1,9,0,3,3,-1,-1,0,0,5,0,0,0,0,1,1,6,6,2,27,6,1242,1,10,FIAT 500,1,E01014242,0,-1
2021010302178,2021,010302178,1,9,0,99,99,9,9,99,99,9,9,99,9,99,2,9,6,6,2,62,9,1242,1,3,FIAT 500,4,E01004172,0,-1