collision_index,collision_year,collision_ref_no,vehicle_reference,vehicle_type,towing_and_articulation,vehicle_manoeuvre_historic,vehicle_manoeuvre,vehicle_direction_from,vehicle_direction_to,vehicle_location_restricted_lane_historic,vehicle_location_restricted_lane,junction_location,skidding_and_overturning,hit_object_in_carriageway,vehicle_leaving_carriageway,hit_object_off_carriageway,first_point_of_impact,vehicle_left_hand_drive,journey_purpose_of_driver_historic,journey_purpose_of_driver,sex_of_driver,age_of_driver,age_band_of_driver,engine_capacity_cc,propulsion_code,age_of_vehicle,generic_make_model,driver_imd_decile,lsoa_of_driver,escooter_flag,driver_distance_banding
2021461053479,2021,461053479,1,9,0,18,19,8,3,0,0,1,0,0,0,0,1,1,6,6,2,37,7,1242,1,7,FIAT 500,3,E01016102,0,-1
2021201139650,2021,201139650,2,9,0,18,19,7,3,0,0,8,0,0,0,0,4,1,6,6,2,34,6,1242,1,8,FIAT 500,6,E01009676,0,-1
2021421088623,2021,421088623,1,9,0,7,7,7,1,0,0,0,2,10,0,0,1,1,5,6,2,19,4,1242,1,11,FIAT 500,8,E01002265,0,-1
2021010334600,2021,010334600,2,9,0,8,8,3,5,0,0,1,1,0,0,0,3,1,2,2,2,43,7,1242,1,5,FIAT 500,1,E01001857,0,-1
2021461111815,2021,461111815,1,9,0,18,19,1,5,0,0,2,0,0,0,0,1,1,5,6,2,28,6,1242,1,6,FIAT 500,2,E01024246,0,-1
2021421116335,2021,421116335,4,9,0,18,19,7,3,0,0,0,0,0,0,0,1,1,5,6,2,43,7,1242,1,5,FIAT 500,5,E01021890,0,-1
2021231104565,2021,231104565,2,9,0,9,9,5,3,0,0,8,0,0,0,0,4,1,6,6,2,43,7,1242,1,9,FIAT 500,7,E01031068,0,-1
2021201134312,2021,201134312,1,9,0,9,9,4,2,0,0,5,0,0,0,0,2,1,2,2,2,26,6,1242,1,7,FIAT 500,10,E01010391,0,-1
2021421082377,2021,421082377,1,9,0,5,5,1,1,0,0,0,0,0,0,0,4,1,6,6,2,25,5,875,1,8,FIAT 500,9,E01021471,0,-1
2021622100887,2021,622100887,3,9,0,2,2,0,0,0,0,0,0,0,0,0,3,1,6,6,3,-1,-1,1242,1,5,FIAT 500,-1,-1,0,-1
2021440362275,2021,440362275,1,9,0,9,9,4,8,0,0,1,0,0,7,11,1,1,6,6,2,25,5,1242,1,13,FIAT 500,9,E01022564,0,-1
2021131060541,2021,131060541,1,9,0,18,19,3,7,0,0,1,0,0,0,0,3,1,1,1,2,22,5,1242,1,2,FIAT 500,9,E01010913,0,-1
2021010295275,2021,010295275,1,9,0,4,4,7,3,6,6,2,0,0,0,0,3,1,6,6,1,32,6,1242,1,5,FIAT 500,4,E01004396,0,-1
2021411118646,2021,411118646,4,9,0,2,2,0,0,6,6,1,0,0,0,0,2,1,6,6,3,-1,-1,875,1,10,FIAT 500,-1,-1,0,-1
2021101051595,2021,101051595,1,9,0,18,19,1,5,0,0,0,0,0,0,0,1,1,5,6,2,18,4,1242,1,6,FIAT 500,7,E01027450,0,-1
202163A090921,2021,63A090921,2,9,0,16,19,6,1,0,0,0,0,0,0,0,3,1,6,6,1,35,6,1598,2,5,FIAT 500,4,W01000688,0,-1
2021010345162,2021,010345162,1,9,0,9,9,7,5,0,0,8,0,12,0,0,1,1,6,6,2,26,6,1242,1,6,FIAT 500,5,E01000589,0,-1
2021010322628,2021,010322628,3,9,0,18,19,5,1,0,0,1,0,4,0,0,1,1,6,6,2,19,4,1242,1,12,FIAT 500,8,E01004110,0,-1
2021361098508,2021,361098508,8,9,0,4,4,7,3,0,0,0,0,0,0,0,1,1,2,2,2,31,6,1242,1,5,FIAT 500,8,E01033538,0,-1
2021010317855,2021,010317855,1,9,0,7,7,1,4,0,0,1,0,0,0,0,1,1,6,6,1,18,4,1242,1,11,FIAT 500,4,E01000491,0,-1
2021531117913,2021,531117913,1,9,0,3,3,7,3,0,0,2,0,0,0,0,2,1,3,7,2,35,6,1598,2,6,FIAT 500,4,E01022296,0,-1
2021501121937,2021,501121937,2,9,-1,-1,-1,-1,-1,-1,-1,0,-1,-1,-1,0,-1,1,6,6,2,50,8,1242,1,11,FIAT 500,7,E01018789,0,-1
2021461103491,2021,461103491,2,9,0,18,19,5,1,0,0,0,0,0,0,0,1,1,6,6,2,25,5,1242,1,6,FIAT 500,8,E01032819,0,-1
2021421011471,2021,421011471,2,9,0,5,5,3,1,0,0,8,0,0,0,0,4,1,5,6,2,21,5,1242,1,10,FIAT 500,9,E01021927,0,-1
2021461086516,2021,461086516,2,9,0,18,19,7,3,0,0,2,1,7,0,0,4,1,6,6,2,30,6,1242,1,11,FIAT 500,8,E01024017,0,-1
2021010346149,2021,010346149,1,9,0,4,4,1,5,0,0,4,0,0,0,0,2,1,6,6,2,25,5,1242,1,3,FIAT 500,7,E01004149,0,-1
2021010335369,2021,010335369,1,9,0,99,99,9,9,99,99,9,9,99,9,99,9,9,6,6,1,45,7,1368,1,13,FIAT 500,5,E01000607,0,-1
2021451109674,2021,451109674,1,9,0,9,9,3,5,0,0,5,0,0,0,0,3,1,2,2,2,21,5,1242,1,9,FIAT 500,5,E01030787,0,-1
2021010317095,2021,010317095,1,9,0,5,5,2,6,0,0,0,0,4,0,0,1,2,2,2,2,20,4,1242,1,7,FIAT 500,9,E01000421,0,-1
2021131054912,2021,131054912,1,9,0,9,9,5,3,0,0,3,0,0,0,0,1,1,5,6,2,26,6,1242,1,8,FIAT 500,5,E01010982,0,-1
2021010321040,2021,010321040,1,9,0,9,9,5,2,0,0,5,0,0,0,0,1,1,6,6,1,21,5,999,1,0,FIAT 500,2,E01001824,0,-1
2021010323901,2021,010323901,2,9,0,99,99,9,9,99,99,9,9,99,9,99,9,9,6,6,3,-1,-1,1242,1,12,FIAT 500,-1,-1,0,-1
2021430305572,2021,430305572,2,9,0,18,19,8,5,0,0,0,0,0,0,0,3,1,6,6,2,45,7,1368,1,11,FIAT 500,-1,-1,0,-1
2021010311392,2021,010311392,1,9,0,5,5,0,8,0,0,6,0,0,0,0,4,1,6,6,1,68,10,1368,1,12,FIAT 500,10,E01004157,0,-1
2021211051658,2021,211051658,1,9,0,13,13,5,1,0,0,0,0,0,0,0,3,1,5,6,1,76,11,1956,2,5,FIAT 500,4,E01019717,0,-1
2021070436226,2021,070436226,2,9,0,5,5,5,1,0,0,2,1,0,0,10,1,2,6,6,2,24,5,1242,1,7,FIAT 500,-1,-1,0,-1
2021302101979,2021,302101979,2,9,0,2,2,0,0,0,0,0,0,0,0,0,2,1,6,6,3,-1,-1,1242,1,2,FIAT 500,-1,-1,0,-1
2021302100869,2021,302100869,1,9,0,16,19,6,8,0,0,0,2,0,1,9,4,1,6,6,2,23,5,1242,1,7,FIAT 500,9,E01033531,0,-1
2021161094589,2021,161094589,1,9,0,2,2,0,0,0,0,1,0,0,0,0,3,1,6,6,2,27,6,1242,1,10,FIAT 500,8,E01013305,0,-1
2021131052688,2021,131052688,2,9,0,18,19,1,5,0,0,0,0,0,0,0,2,1,6,6,1,49,8,1242,1,2,FIAT 500,6,E01004904,0,-1
2021010308711,2021,010308711,1,9,0,99,99,9,9,99,99,9,9,99,9,99,1,9,6,6,1,56,9,1242,1,11,FIAT 500,10,E01023813,0,-1
2021461076258,2021,461076258,2,9,0,18,19,7,3,0,0,0,2,0,0,0,2,1,2,2,2,23,5,1242,1,9,FIAT 500,6,E01024130,0,-1
2021461115058,2021,461115058,2,9,0,18,19,7,3,0,0,0,0,0,0,0,2,1,5,6,2,55,8,1242,1,5,FIAT 500,4,E01016143,0,-1
2021111129015,2021,111129015,1,9,0,7,7,5,6,0,0,1,0,0,0,0,1,1,6,6,2,76,11,1242,1,6,FIAT 500,5,E01020650,0,-1
2021010295742,2021,010295742,4,9,0,18,19,5,1,0,0,8,0,0,0,0,1,1,6,6,2,22,5,1242,1,9,FIAT 500,3,E01030547,0,-1
2021010348541,2021,010348541,2,9,0,99,99,9,9,99,99,9,9,99,9,99,2,9,6,6,3,-1,-1,1368,1,5,FIAT 500,-1,-1,0,-1
2021622100283,2021,622100283,1,9,0,9,9,8,6,0,0,8,0,0,0,0,4,1,6,6,2,28,6,1242,1,11,FIAT 500,2,W01001785,0,-1
2021010330492,2021,010330492,1,9,0,99,99,9,9,99,99,9,9,99,9,99,2,9,6,6,2,26,6,1242,1,4,FIAT 500,4,E01023538,0,-1
2021451062166,2021,451062166,3,9,0,2,2,0,0,0,0,0,0,0,0,0,1,1,6,6,1,50,8,1368,1,6,FIAT 500,8,E01030452,0,-1
2021991062383,2021,991062383,2,9,0,18,19,7,4,0,0,1,0,0,0,0,2,1,5,6,2,28,6,1242,1,2,FIAT 500,9,-1,0,-1
2021201118882,2021,201118882,2,9,0,18,19,7,3,0,0,8,0,0,0,0,4,1,6,6,2,44,7,1242,1,11,FIAT 500,2,E01009348,0,-1
2021991110285,2021,991110285,1,9,0,18,19,2,6,0,0,0,0,0,0,0,1,1,5,6,2,23,5,1242,1,6,FIAT 500,1,-1,0,-1
2021411090458,2021,411090458,1,9,0,18,19,1,5,0,0,0,2,0,0,0,1,1,5,6,2,18,4,1242,1,4,FIAT 500,8,E01023548,0,-1
2021501113007,2021,501113007,1,9,0,18,19,8,4,0,0,0,0,0,0,0,1,1,6,6,2,22,5,1242,1,4,FIAT 500,5,E01018817,0,-1
2021221033615,2021,221033615,2,9,0,17,19,3,1,0,0,0,0,0,0,0,1,1,5,6,2,28,6,1248,2,4,FIAT 500,6,E01032166,0,-1
2021131050697,2021,131050697,1,9,0,16,19,1,5,0,0,0,0,11,0,0,1,1,5,6,1,15,3,1242,1,8,FIAT 500,7,E01011571,0,-1
2021010335034,2021,010335034,1,9,0,99,99,9,9,99,99,9,9,99,9,99,2,9,6,6,1,50,8,1598,2,5,FIAT 500,5,E01003345,0,-1
2021991115074,2021,991115074,1,9,0,18,19,2,6,0,0,1,0,0,0,0,1,1,6,6,2,22,5,1242,1,6,FIAT 500,5,-1,0,-1
2021461088324,2021,461088324,2,9,0,18,19,8,4,0,0,0,2,0,1,9,1,1,6,6,2,-1,-1,1242,1,6,FIAT 500,6,E01023985,0,-1
2021311084491,2021,311084491,1,9,0,18,19,2,6,0,0,2,1,0,0,0,1,1,6,6,2,26,6,1242,1,2,FIAT 500,10,E01026206,0,-1
2021552100603,2021,552100603,1,9,0,18,19,2,6,0,0,1,0,0,0,0,1,1,2,2,2,21,5,1242,1,4,FIAT 500,8,E01020416,0,-1
2021010302916,2021,010302916,1,9,0,14,14,3,7,0,0,1,0,0,0,0,4,1,6,6,2,29,6,1242,1,3,FIAT 500,-1,-1,0,-1
2021101116198,2021,101116198,1,9,0,12,12,1,5,0,0,0,0,0,0,0,3,1,6,6,2,25,5,1242,1,11,FIAT 500,3,E01008349,0,-1
2021201066010,2021,201066010,1,9,0,4,4,8,4,0,0,1,0,0,0,0,2,1,6,6,2,50,8,1242,1,6,FIAT 500,9,E01009830,0,-1
2021991018267,2021,991018267,2,9,0,18,19,1,5,0,0,0,0,0,0,0,1,1,5,6,2,55,8,1242,1,8,FIAT 500,1,-1,0,-1
2021010336732,2021,010336732,2,9,0,99,99,9,9,0,0,0,0,99,9,99,9,1,6,6,1,-1,-1,1242,1,6,FIAT 500,-1,-1,0,-1
2021201133831,2021,201133831,1,9,0,18,19,7,3,0,0,8,0,0,0,0,1,1,2,2,2,51,8,1242,1,8,FIAT 500,6,E01009878,0,-1
2021520201128,2021,520201128,1,9,0,7,7,7,1,0,0,8,0,0,7,10,3,1,6,6,2,20,4,1242,1,5,FIAT 500,6,E01029222,0,-1
2021440230208,2021,440230208,2,9,0,18,19,2,6,0,0,8,0,0,0,0,1,1,6,6,2,33,6,1242,1,11,FIAT 500,4,E01017087,0,-1
2021421079602,2021,421079602,4,9,0,4,4,5,1,0,0,0,0,0,0,0,2,1,5,6,1,27,6,1242,1,10,FIAT 500,9,E01031593,0,-1
2021221053928,2021,221053928,1,9,0,16,19,8,4,0,0,0,0,0,0,0,1,1,5,6,1,42,7,1242,1,1,FIAT 500,-1,-1,0,-1
2021041083501,2021,041083501,2,9,0,18,19,3,7,0,0,0,0,0,0,0,1,1,1,1,2,25,5,1242,1,4,FIAT 500,7,E01025195,0,-1
2021451024851,2021,451024851,1,9,0,18,19,5,1,0,0,0,0,0,0,0,3,1,5,6,1,19,4,1242,1,9,FIAT 500,9,E01030501,0,-1
2021451108932,2021,451108932,2,9,0,4,4,7,3,0,0,0,0,0,0,0,2,1,1,1,2,27,6,1598,1,5,FIAT 500,10,E01016672,0,-1
2021461103517,2021,461103517,1,9,0,18,19,3,7,0,0,0,0,0,0,0,3,1,6,6,1,70,10,1242,1,9,FIAT 500,2,E01016061,0,-1
2021201146542,2021,201146542,1,9,0,12,12,-1,-1,0,0,0,0,0,0,0,0,1,6,6,2,-1,-1,1242,1,7,FIAT 500,-1,-1,0,-1
2021070211611,2021,070211611,1,9,0,9,9,4,2,0,0,6,0,0,0,0,4,1,6,6,1,89,11,1368,1,4,FIAT 500,8,E01018567,0,-1
2021052102754,2021,052102754,1,9,0,4,4,4,8,0,0,1,0,0,0,0,1,1,2,2,2,21,5,1242,1,5,FIAT 500,2,E01006912,0,-1
2021552101323,2021,552101323,2,9,0,3,3,7,3,0,0,1,0,0,0,0,2,1,6,6,2,68,10,1956,2,5,FIAT 500,6,E01020490,0,-1
2021010289610,2021,010289610,2,9,0,5,5,5,1,0,0,0,0,0,0,0,0,1,6,6,1,22,5,1242,1,13,FIAT 500,3,E01033593,0,-1
2021010291268,2021,010291268,1,9,0,9,9,5,2,0,0,3,1,7,1,0,3,1,6,6,2,18,4,1242,1,2,FIAT 500,8,E01000828,0,-1
2021010306394,2021,010306394,1,9,0,4,4,1,5,0,0,1,0,0,0,0,3,1,6,6,1,33,6,1242,1,12,FIAT 500,1,E01001944,0,-1
202163D103221,2021,63D103221,1,9,0,18,19,8,4,0,0,8,0,0,0,0,1,1,6,6,2,61,9,1242,1,11,FIAT 500,5,E01033530,0,-1
2021010329576,2021,010329576,1,9,0,18,19,3,7,0,0,8,0,0,0,0,1,1,6,6,2,31,6,1242,1,9,FIAT 500,10,E01021465,0,-1
2021231127249,2021,231127249,2,9,0,6,6,4,4,0,0,8,0,0,0,0,3,1,2,2,2,47,8,999,1,1,FIAT 500,5,E01031088,0,-1
2021010325847,2021,010325847,1,9,0,7,7,2,5,0,0,1,0,0,0,0,4,1,6,6,2,52,8,1242,1,5,FIAT 500,7,E01004510,0,-1
2021010295781,2021,010295781,1,9,0,99,99,9,9,99,99,9,9,99,9,99,9,9,2,2,2,53,8,1242,1,7,FIAT 500,5,E01004057,0,-1
2021361099612,2021,361099612,2,9,0,5,5,5,7,0,0,1,0,0,0,0,2,1,6,6,2,49,8,875,1,10,FIAT 500,8,E01026062,0,-1
2021421113579,2021,421113579,2,9,0,3,3,1,5,0,0,4,0,0,0,0,2,1,6,6,2,46,8,1242,1,7,FIAT 500,6,E01002293,0,-1
2021010295508,2021,010295508,1,9,0,18,19,7,3,0,0,0,0,0,0,0,1,1,6,6,2,69,10,1242,1,13,FIAT 500,-1,-1,0,-1
2021991180181,2021,991180181,2,9,0,3,3,1,5,0,0,2,0,0,0,0,3,1,6,6,2,36,7,1242,1,9,FIAT 500,1,-1,0,-1
2021552101205,2021,552101205,2,9,0,18,19,6,3,0,0,8,0,0,0,0,1,1,6,6,1,20,4,1242,1,11,FIAT 500,3,E01015285,0,-1
2021421040331,2021,421040331,2,9,0,3,3,6,4,0,0,1,0,0,0,0,2,1,3,7,2,47,8,1242,1,2,FIAT 500,8,E01003660,0,-1
2021010346222,2021,010346222,2,9,0,9,9,1,7,0,0,1,1,0,0,0,1,1,1,1,1,53,8,1242,1,4,FIAT 500,2,E01015976,0,-1
2021501122101,2021,501122101,1,9,0,3,3,3,7,0,0,0,0,0,0,0,1,1,3,7,2,72,10,1242,1,11,FIAT 500,6,E01018824,0,-1
2021131089349,2021,131089349,1,9,0,18,19,5,1,0,0,0,0,0,0,0,1,1,5,6,2,24,5,1242,1,3,FIAT 500,7,E01011637,0,-1
2021131076803,2021,131076803,1,9,0,18,19,4,8,0,0,0,0,0,0,0,1,1,6,6,3,-1,-1,1242,1,9,FIAT 500,-1,-1,0,-1
2021451101121,2021,451101121,1,9,0,18,19,1,5,0,0,0,1,0,0,0,4,1,5,6,2,45,7,1242,1,5,FIAT 500,2,E01001911,0,-1
2021201050792,2021,201050792,1,9,0,5,5,2,6,0,0,6,0,0,0,0,1,1,6,6,2,22,5,1242,1,8,FIAT 500,2,E01009809,0,-1
2021052102473,2021,052102473,1,9,0,5,5,2,8,0,0,8,0,0,0,0,4,1,2,2,2,18,4,1368,1,5,FIAT 500,2,E01032510,0,-1
2021430354033,2021,430354033,1,9,0,3,3,1,5,0,0,1,0,0,0,0,2,1,2,2,2,21,5,1242,1,6,FIAT 500,10,E01032956,0,-1
2021461057904,2021,461057904,3,9,0,4,4,7,3,0,0,0,0,0,0,0,2,1,6,6,2,43,7,1242,1,12,FIAT 500,10,E01024724,0,-1
2021122200075,2021,122200075,1,9,0,13,13,5,1,0,0,0,5,0,7,0,4,1,6,6,1,64,9,1242,1,3,FIAT 500,5,E01027630,0,-1
2021440181629,2021,440181629,1,9,0,9,9,2,1,0,0,5,0,0,0,0,3,1,6,6,2,20,4,1242,1,6,FIAT 500,9,E01022774,0,-1
2021041072182,2021,041072182,2,9,0,9,9,5,3,0,0,6,0,0,0,0,2,1,5,6,1,44,7,1242,1,8,FIAT 500,5,E01025363,0,-1
2021461068340,2021,461068340,2,9,0,18,19,7,3,0,0,0,0,0,0,0,4,1,6,6,2,24,5,875,1,6,FIAT 500,6,E01024023,0,-1
202134NNC3111,2021,34NNC3111,2,9,0,4,4,5,1,0,0,0,0,0,0,0,2,1,3,7,1,47,8,875,1,10,FIAT 500,3,E01027124,0,-1
2021430201585,2021,430201585,1,9,0,18,19,5,1,0,0,8,0,0,0,0,3,1,2,2,2,30,6,1242,1,11,FIAT 500,7,E01016344,0,-1
2021161118652,2021,161118652,1,9,0,18,19,5,1,0,0,0,0,0,0,0,1,1,6,6,2,56,9,1242,1,5,FIAT 500,5,E01012824,0,-1
2021440432805,2021,440432805,2,9,0,18,19,2,6,0,0,8,0,0,0,0,3,1,6,6,2,35,6,1368,1,3,FIAT 500,-1,-1,0,-1
202106X079843,2021,06X079843,2,9,0,4,4,7,3,0,0,1,0,0,0,0,2,1,6,6,1,61,9,1598,2,7,FIAT 500,3,E01005161,0,-1
2021440352341,2021,440352341,1,9,0,9,9,5,1,8,6,8,0,0,0,0,1,1,6,6,2,30,6,1242,1,1,FIAT 500,9,E01023274,0,-1
202134WNC2171,2021,34WNC2171,1,9,0,9,9,7,3,0,0,8,0,0,0,0,1,1,6,6,2,70,10,1242,1,6,FIAT 500,8,E01027174,0,-1
2021010311793,2021,010311793,1,9,0,8,8,2,3,0,0,6,0,0,0,0,0,1,6,6,1,-1,-1,1248,2,12,FIAT 500,-1,-1,0,-1
2021421113037,2021,421113037,2,9,0,3,3,7,3,0,0,0,0,0,0,0,2,1,5,6,2,39,7,1242,1,7,FIAT 500,4,E01015905,0,-1
2021041102376,2021,041102376,1,9,0,18,19,7,3,0,0,8,0,0,0,0,3,1,5,6,2,20,4,1242,1,10,FIAT 500,2,E01025075,0,-1
2021451057181,2021,451057181,1,9,0,18,19,1,5,0,0,0,0,4,0,0,1,1,5,6,2,77,11,1368,1,4,FIAT 500,6,E01016564,0,-1
2021101114522,2021,101114522,2,9,0,3,3,2,5,0,0,1,0,0,0,0,2,1,6,6,2,20,4,1242,1,8,FIAT 500,10,E01008373,0,-1
2021991025420,2021,991025420,2,9,0,18,19,3,7,0,0,1,0,0,0,0,3,1,1,1,2,30,6,1242,1,1,FIAT 500,9,-1,0,-1
2021010335278,2021,010335278,2,9,0,9,9,2,7,0,0,4,0,0,0,0,3,1,6,6,2,20,4,1242,1,10,FIAT 500,4,E01000039,0,-1
2021052102540,2021,052102540,2,9,0,2,2,0,0,0,0,0,0,0,0,0,2,1,1,1,2,30,6,1242,1,9,FIAT 500,7,E01007198,0,-1
2021201083073,2021,201083073,1,9,0,5,5,5,3,0,0,6,0,0,0,0,1,1,6,6,2,33,6,1242,1,9,FIAT 500,1,E01009153,0,-1
2021622100366,2021,622100366,2,9,0,18,19,8,4,0,0,0,0,0,0,0,1,1,6,6,2,21,5,875,1,9,FIAT 500,1,W01001267,0,-1
2021201066193,2021,201066193,2,9,0,18,19,5,1,0,0,8,0,0,0,0,1,1,6,6,2,48,8,1598,2,5,FIAT 500,7,E01029642,0,-1
2021552101242,2021,552101242,2,9,0,2,2,0,0,0,0,0,0,0,0,0,0,1,6,6,3,30,6,1368,1,6,FIAT 500,6,E01015392,0,-1
2021401102581,2021,401102581,2,9,0,4,4,5,1,0,0,0,0,0,0,0,2,1,6,6,2,20,4,1242,1,5,FIAT 500,10,E01017560,0,-1
2021401083544,2021,401083544,2,9,0,5,5,-1,-1,0,0,2,0,0,0,0,2,1,6,6,2,18,4,1242,1,9,FIAT 500,5,E01017525,0,-1
2021141086785,2021,141086785,1,9,0,18,19,5,1,0,0,1,0,0,0,0,4,1,6,6,2,39,7,1242,1,8,FIAT 500,5,E01008042,0,-1
2021061048107,2021,061048107,1,9,0,9,9,6,2,0,0,5,0,0,0,0,3,1,5,6,2,46,8,1242,1,10,FIAT 500,1,E01005292,0,-1
2021231069440,2021,231069440,2,9,0,7,7,3,4,0,0,5,0,0,1,0,4,1,5,6,2,25,5,1242,1,6,FIAT 500,6,E01026456,0,-1
2021501084578,2021,501084578,2,9,0,18,19,5,1,0,0,1,0,0,0,0,4,1,6,6,1,17,4,1242,1,9,FIAT 500,8,E01028443,0,-1
2021361093889,2021,361093889,1,9,0,18,19,7,3,0,0,1,5,0,1,11,1,1,5,6,1,52,8,1242,1,7,FIAT 500,4,E01026733,0,-1
2021052100428,2021,052100428,1,9,0,18,19,1,5,0,0,0,0,0,0,0,1,1,6,6,2,32,6,875,1,10,FIAT 500,1,E01007273,0,-1
2021010335335,2021,010335335,2,9,0,99,99,9,9,99,99,9,9,99,9,99,9,9,6,6,3,51,8,1242,1,12,FIAT 500,5,E01003071,0,-1
2021211060483,2021,211060483,1,9,0,18,19,7,4,0,0,0,0,0,0,0,4,1,5,6,2,19,4,1242,1,12,FIAT 500,-1,-1,0,-1
2021430324719,2021,430324719,1,9,0,18,19,7,3,0,0,0,0,0,0,0,1,1,6,6,2,19,4,1368,1,12,FIAT 500,8,E01016795,0,-1
2021351100586,2021,351100586,1,9,0,18,19,8,4,0,0,1,1,0,0,0,1,1,5,6,2,25,5,1956,2,5,FIAT 500,8,E01022081,0,-1
2021010347758,2021,010347758,1,9,0,16,19,1,5,0,0,5,1,0,0,0,1,1,1,1,1,58,9,875,1,9,FIAT 500,3,E01000641,0,-1
2021010311140,2021,010311140,1,9,0,18,19,3,7,0,0,8,0,0,0,0,4,1,2,2,2,53,8,1242,1,1,FIAT 500,3,E01004452,0,-1
2021411029669,2021,411029669,1,9,0,4,4,4,8,0,0,0,0,0,0,0,1,1,6,6,2,23,5,875,1,7,FIAT 500,8,E01023486,0,-1
2021061109168,2021,061109168,1,9,0,18,19,8,4,0,0,1,0,0,0,0,1,1,6,6,2,25,5,1598,1,5,FIAT 500,6,E01005396,0,-1
2021010301063,2021,010301063,1,9,0,99,99,9,9,99,99,9,9,99,9,99,2,9,6,6,1,29,6,1242,1,5,FIAT 500,4,E01003165,0,-1
2021471100195,2021,471100195,3,9,0,9,9,4,1,0,0,1,0,0,0,0,1,1,3,7,2,48,8,1242,1,12,FIAT 500,10,E01031699,0,-1
2021421102392,2021,421102392,2,9,0,9,9,7,5,0,0,3,0,0,0,0,4,1,5,6,2,30,6,1248,2,13,FIAT 500,7,E01021900,0,-1
2021010340469,2021,010340469,1,9,0,99,99,9,9,99,99,9,9,99,9,99,2,9,6,6,3,-1,-1,1242,1,8,FIAT 500,5,E01001524,0,-1
2021010322560,2021,010322560,2,9,0,18,19,3,7,0,0,8,1,0,0,0,3,2,6,6,3,41,7,1242,1,2,FIAT 500,-1,-1,0,-1
2021991031553,2021,991031553,1,9,0,18,19,8,4,0,0,1,0,0,0,0,2,1,6,6,2,26,6,1242,1,7,FIAT 500,10,-1,0,-1
2021041103618,2021,041103618,1,9,0,18,19,5,1,0,0,1,0,0,0,0,4,1,5,6,2,18,4,1242,1,9,FIAT 500,3,E01012677,0,-1
2021411047581,2021,411047581,1,9,0,18,19,7,3,0,0,6,0,0,0,0,2,1,5,6,2,24,5,1242,1,1,FIAT 500,-1,-1,0,-1
2021061081644,2021,061081644,1,9,0,18,19,8,2,0,0,1,0,0,0,0,1,1,6,6,2,56,9,1242,1,12,FIAT 500,2,E01005280,0,-1
2021421108023,2021,421108023,4,9,0,4,4,6,8,0,0,1,0,0,0,0,1,1,6,6,2,57,9,1242,1,12,FIAT 500,10,E01023502,0,-1
2021440402288,2021,440402288,1,9,0,5,5,3,7,0,0,8,0,10,6,0,3,1,1,1,2,65,9,1242,1,4,FIAT 500,3,E01017195,0,-1
2021991041443,2021,991041443,3,9,0,7,7,1,3,0,0,1,0,0,0,0,3,1,5,6,1,62,9,1598,1,5,FIAT 500,7,-1,0,-1
2021161036347,2021,161036347,1,9,0,18,19,3,7,0,0,2,0,0,0,0,1,1,5,6,2,20,4,1242,1,9,FIAT 500,8,E01013035,0,-1
2021101073428,2021,101073428,1,9,0,3,3,1,5,0,0,3,1,0,0,0,2,1,6,6,2,22,5,1242,1,9,FIAT 500,10,E01008547,0,-1
2021201027630,2021,201027630,2,9,0,18,19,4,8,0,0,0,0,4,0,0,3,1,6,6,1,48,8,1242,1,6,FIAT 500,1,E01010286,0,-1
2021131080866,2021,131080866,1,9,0,18,19,1,5,0,0,0,0,0,0,0,1,1,2,2,1,20,4,1242,1,10,FIAT 500,3,E01011341,0,-1
2021010346072,2021,010346072,2,9,0,2,2,0,0,0,0,0,0,0,0,0,3,1,6,6,3,-1,-1,1242,1,9,FIAT 500,-1,-1,0,-1
2021041104825,2021,041104825,1,9,0,9,9,5,1,0,0,5,0,0,0,0,4,1,6,6,2,38,7,1242,1,11,FIAT 500,3,E01012662,0,-1
2021421016529,2021,421016529,1,9,0,5,5,3,7,0,0,8,0,0,0,0,3,1,5,6,2,49,8,875,1,7,FIAT 500,8,E01021533,0,-1
2021221064748,2021,221064748,1,9,0,4,4,4,8,0,0,0,0,0,0,0,2,1,5,6,2,22,5,1242,1,9,FIAT 500,8,E01031931,0,-1
2021211126947,2021,211126947,1,9,-1,18,19,7,4,0,0,1,0,0,0,0,-1,1,6,6,2,28,6,1242,1,6,FIAT 500,3,E01029538,0,-1
2021041099987,2021,041099987,1,9,0,18,19,3,7,0,0,4,0,0,0,0,3,1,6,6,2,77,11,1242,1,9,FIAT 500,5,E01025459,0,-1
2021430495712,2021,430495712,1,9,0,3,3,2,6,0,0,1,0,0,0,0,2,1,6,6,2,21,5,1368,1,12,FIAT 500,8,E01016418,0,-1
2021471072012,2021,471072012,3,9,0,3,3,1,5,0,0,0,0,0,0,0,2,1,5,6,1,57,9,1248,2,7,FIAT 500,7,E01016997,0,-1
2021231065509,2021,231065509,1,9,0,18,19,1,5,0,0,1,0,0,3,9,1,1,5,6,1,20,4,1242,1,6,FIAT 500,9,E01009698,0,-1
2021421052728,2021,421052728,2,9,0,7,7,5,1,0,0,3,0,0,0,0,1,1,6,6,2,20,4,1242,1,8,FIAT 500,6,E01015860,0,-1