collision_index,collision_year,collision_ref_no,vehicle_reference,vehicle_type,towing_and_articulation,vehicle_manoeuvre_historic,vehicle_manoeuvre,vehicle_direction_from,vehicle_direction_to,vehicle_location_restricted_lane_historic,vehicle_location_restricted_lane,junction_location,skidding_and_overturning,hit_object_in_carriageway,vehicle_leaving_carriageway,hit_object_off_carriageway,first_point_of_impact,vehicle_left_hand_drive,journey_purpose_of_driver_historic,journey_purpose_of_driver,sex_of_driver,age_of_driver,age_band_of_driver,engine_capacity_cc,propulsion_code,age_of_vehicle,generic_make_model,driver_imd_decile,lsoa_of_driver,escooter_flag,driver_distance_banding
2021411106285,2021,411106285,2,9,0,17,19,4,1,0,0,8,0,0,0,0,4,1,6,6,2,25,5,1242,1,7,FIAT 500,8,E01023511,0,-1
202154A883021,2021,54A883021,1,9,0,18,19,4,8,0,0,0,0,10,8,3,4,1,1,1,2,30,6,1242,1,6,FIAT 500,7,E01031976,0,-1
2021010319242,2021,010319242,3,9,0,18,19,5,1,0,0,0,0,0,0,0,1,1,2,2,2,55,8,1242,1,5,FIAT 500,8,E01000671,0,-1
2021101112035,2021,101112035,2,9,0,10,10,2,6,0,0,8,0,0,0,0,2,1,1,1,2,51,8,1242,1,6,FIAT 500,10,E01008366,0,-1
2021411074942,2021,411074942,2,9,0,18,19,8,4,0,0,0,1,0,0,0,1,1,6,6,2,47,8,1242,1,3,FIAT 500,9,E01033310,0,-1
2021421042962,2021,421042962,1,9,0,9,9,2,5,0,0,8,0,0,0,0,2,1,5,6,2,25,5,999,1,1,FIAT 500,3,E01021687,0,-1
2021010330983,2021,010330983,2,9,0,9,9,3,1,0,0,1,0,0,1,0,3,1,6,6,2,19,4,1242,1,7,FIAT 500,7,E01002377,0,-1
2021010297863,2021,010297863,1,9,0,18,19,3,7,0,0,6,0,0,3,0,1,1,6,6,1,50,8,1242,1,11,FIAT 500,-1,-1,0,-1
2021371026449,2021,371026449,2,9,0,18,19,5,1,0,0,1,0,0,0,0,3,1,5,6,2,21,5,1242,1,9,FIAT 500,5,E01030219,0,-1
2021320604066,2021,320604066,2,9,0,4,4,4,8,0,0,0,0,0,0,0,2,1,2,2,1,45,7,1242,1,7,FIAT 500,4,E01026230,0,-1
2021430121000,2021,430121000,2,9,0,18,19,1,5,0,0,1,0,0,0,0,4,1,6,6,2,51,8,1242,1,2,FIAT 500,8,E01016780,0,-1
2021430271427,2021,430271427,2,9,0,18,19,6,2,0,0,8,0,0,0,0,1,1,6,6,2,17,4,1242,1,7,FIAT 500,8,E01016748,0,-1
2021052102319,2021,052102319,1,9,0,18,19,5,1,0,0,4,0,0,0,0,1,2,6,6,2,75,10,1242,1,10,FIAT 500,10,E01006985,0,-1
2021161064757,2021,161064757,1,9,0,18,19,5,1,0,0,8,0,0,0,0,1,1,6,6,1,67,10,1242,1,4,FIAT 500,3,E01013286,0,-1
2021371044949,2021,371044949,1,9,0,9,9,4,6,0,0,8,0,0,0,0,1,1,1,1,2,20,4,1242,1,8,FIAT 500,7,E01029947,0,-1
2021070659960,2021,070659960,1,9,0,18,19,3,6,0,0,1,0,0,0,0,1,1,6,6,2,68,10,1242,1,8,FIAT 500,-1,-1,0,-1
2021052101483,2021,052101483,1,9,0,13,13,4,8,0,0,8,5,0,0,0,1,1,6,6,2,41,7,1242,1,2,FIAT 500,4,E01007114,0,-1
2021440389176,2021,440389176,1,9,0,18,19,6,2,0,0,1,0,0,0,0,1,1,2,2,2,57,9,1242,1,8,FIAT 500,-1,-1,0,-1
2021501090916,2021,501090916,1,9,0,13,13,8,4,0,0,1,0,0,0,0,1,1,5,6,2,33,6,1242,1,8,FIAT 500,5,E01020122,0,-1
2021010331252,2021,010331252,2,9,0,18,19,2,6,0,0,6,0,0,0,0,0,1,6,6,2,24,5,1598,2,5,FIAT 500,9,E01003885,0,-1
2021430007466,2021,430007466,3,9,0,18,19,0,0,0,0,0,0,0,0,0,1,1,6,6,3,-1,-1,1242,1,2,FIAT 500,-1,-1,0,-1
2021010320140,2021,010320140,2,9,0,3,3,5,1,0,0,4,0,0,0,0,2,1,6,6,2,21,5,1242,1,6,FIAT 500,10,E01002458,0,-1
2021010294288,2021,010294288,2,9,0,99,99,9,9,99,99,9,9,99,9,99,1,9,6,6,3,-1,-1,1242,1,8,FIAT 500,3,E01004393,0,-1
2021520105004,2021,520105004,1,9,0,18,19,7,3,0,0,8,0,0,0,0,1,1,6,6,2,51,8,1242,1,8,FIAT 500,7,E01029151,0,-1
2021010320397,2021,010320397,2,9,0,5,5,7,3,0,0,6,0,0,0,0,1,1,6,6,2,21,5,1242,1,7,FIAT 500,3,E01023891,0,-1
2021411120895,2021,411120895,3,9,0,18,19,7,3,0,0,1,0,0,0,0,3,1,5,6,2,57,9,1368,1,5,FIAT 500,6,E01023720,0,-1
2021991110272,2021,991110272,1,9,0,9,9,1,7,0,0,8,0,0,0,0,1,1,6,6,2,19,4,1242,1,5,FIAT 500,6,-1,0,-1
2021440250523,2021,440250523,2,9,0,18,19,2,6,0,0,0,0,0,0,0,1,1,6,6,2,23,5,1242,1,5,FIAT 500,7,E01031508,0,-1
2021471091798,2021,471091798,2,9,0,5,5,1,5,0,0,4,0,0,0,0,2,1,5,6,2,55,8,999,1,0,FIAT 500,5,E01031611,0,-1
2021170S41161,2021,170S41161,1,9,0,3,3,6,2,0,0,1,0,0,0,0,2,1,6,6,2,21,5,875,1,6,FIAT 500,9,E01012200,0,-1
2021991071892,2021,991071892,1,9,0,4,4,4,8,0,0,1,0,0,0,0,3,1,2,2,2,20,4,1242,1,6,FIAT 500,10,-1,0,-1
2021471051947,2021,471051947,1,9,0,18,19,5,1,0,0,0,0,0,0,0,4,1,6,6,1,43,7,1242,1,9,FIAT 500,4,E01031610,0,-1
2021122101121,2021,122101121,2,9,0,18,19,3,7,0,0,8,2,0,0,0,4,1,6,6,1,86,11,1242,1,8,FIAT 500,5,E01027723,0,-1
2021010318342,2021,010318342,1,9,0,5,5,7,3,0,0,1,0,0,0,0,2,1,6,6,2,32,6,1242,1,9,FIAT 500,7,E01021439,0,-1
2021010299737,2021,010299737,1,9,0,2,2,0,0,0,0,1,0,4,0,0,2,1,6,6,3,-1,-1,875,1,6,FIAT 500,-1,-1,0,-1
2021552101318,2021,552101318,1,9,0,14,14,7,3,0,0,0,2,4,7,0,1,1,6,6,2,87,11,1242,1,11,FIAT 500,10,E01020350,0,-1
2021320537035,2021,320537035,3,9,0,18,19,7,3,0,0,1,0,0,0,0,1,1,6,6,2,38,7,1242,1,6,FIAT 500,8,E01026191,0,-1
2021010299066,2021,010299066,2,9,0,2,2,0,0,0,0,0,1,4,7,0,1,1,6,6,3,-1,-1,875,1,10,FIAT 500,-1,-1,0,-1
2021070408660,2021,070408660,1,9,0,10,10,5,3,0,0,1,0,0,0,0,1,1,6,6,1,37,7,875,1,8,FIAT 500,4,E01018726,0,-1
2021122101011,2021,122101011,1,9,0,18,19,5,1,0,0,1,0,0,0,0,1,1,6,6,2,18,4,1242,1,7,FIAT 500,9,E01027876,0,-1
2021041114023,2021,041114023,1,9,0,18,19,5,1,0,0,1,0,0,0,0,1,1,6,6,2,80,11,1242,1,11,FIAT 500,9,E01025256,0,-1
2021221121410,2021,221121410,3,9,0,18,19,1,5,0,0,0,0,0,0,0,3,1,5,6,2,21,5,1242,1,7,FIAT 500,9,E01022389,0,-1
2021010329694,2021,010329694,3,9,0,2,2,0,0,0,0,1,0,0,0,0,1,2,6,6,3,-1,-1,1242,1,11,FIAT 500,-1,-1,0,-1
2021411053986,2021,411053986,1,9,0,4,4,8,5,0,0,1,0,0,0,0,1,1,5,6,2,17,4,1242,1,9,FIAT 500,3,E01023637,0,-1
2021010324567,2021,010324567,1,9,0,5,5,0,5,0,0,0,1,4,0,0,1,1,6,6,3,-1,-1,1242,1,6,FIAT 500,-1,-1,0,-1
2021451119735,2021,451119735,1,9,0,4,4,7,3,0,0,0,0,0,0,0,1,1,5,6,2,54,8,875,1,10,FIAT 500,7,E01017316,0,-1
2021501049969,2021,501049969,1,9,0,18,19,6,2,0,0,0,0,0,1,4,4,1,5,6,1,70,10,1368,1,5,FIAT 500,10,E01032554,0,-1
2021430057851,2021,430057851,2,9,0,4,4,1,5,0,0,0,0,0,7,0,2,1,6,6,1,21,5,1956,2,6,FIAT 500,7,E01016293,0,-1
2021461080578,2021,461080578,1,9,0,17,19,2,6,0,0,0,0,0,1,0,1,1,5,6,2,70,10,1242,1,9,FIAT 500,9,E01024792,0,-1
2021010315302,2021,010315302,3,9,9,99,99,9,9,99,99,9,9,99,9,99,9,9,6,6,3,-1,-1,1242,1,9,FIAT 500,-1,-1,0,-1
2021411043604,2021,411043604,1,9,0,18,19,8,4,0,0,0,0,0,0,0,1,1,6,6,2,18,4,1242,1,6,FIAT 500,3,E01023348,0,-1
2021061135100,2021,061135100,2,9,0,18,19,3,7,0,0,0,0,0,0,0,1,1,6,6,2,30,6,1242,1,5,FIAT 500,-1,-1,0,-1
2021522106210,2021,522106210,2,9,0,18,19,5,1,0,0,3,0,0,0,0,1,1,6,6,3,-1,-1,1242,1,5,FIAT 500,-1,-1,0,-1
2021991116259,2021,991116259,4,9,0,2,2,0,0,0,0,0,0,0,0,0,2,1,6,6,3,-1,-1,1242,1,4,FIAT 500,-1,-1,0,-1
2021161041551,2021,161041551,1,9,0,2,2,0,0,0,0,0,0,0,0,0,2,1,6,6,2,26,6,1242,1,9,FIAT 500,5,E01016771,0,-1
2021010345312,2021,010345312,1,9,0,18,19,7,3,0,0,8,0,0,0,0,1,1,1,1,2,21,5,1242,1,6,FIAT 500,9,E01024750,0,-1
2021010289181,2021,010289181,1,9,0,18,19,8,4,0,0,0,0,10,1,0,1,1,6,6,2,26,6,1242,1,5,FIAT 500,5,E01023342,0,-1
2021052100181,2021,052100181,2,9,0,18,19,4,8,0,0,8,0,0,0,0,1,1,6,6,2,22,5,1242,1,6,FIAT 500,2,E01007176,0,-1
2021141033980,2021,141033980,1,9,0,9,9,1,3,0,0,6,0,0,0,0,3,1,5,6,2,24,5,1242,1,10,FIAT 500,1,E01033277,0,-1
2021052100625,2021,052100625,1,9,0,18,19,5,1,0,0,0,1,0,0,0,1,1,6,6,2,23,5,1598,2,5,FIAT 500,1,E01006779,0,-1
2021471103175,2021,471103175,1,9,0,18,19,2,6,0,0,8,0,0,0,0,1,1,1,1,2,42,7,1242,1,3,FIAT 500,4,E01017104,0,-1
2021361078446,2021,361078446,1,9,0,18,19,7,3,0,0,1,0,0,0,0,1,1,5,6,2,82,11,1242,1,6,FIAT 500,2,E01026477,0,-1
2021041094060,2021,041094060,2,9,0,18,19,6,2,0,0,0,0,0,0,0,1,1,3,7,2,48,8,1242,1,5,FIAT 500,6,E01025330,0,-1
2021061135108,2021,061135108,2,9,0,18,19,8,4,0,0,8,0,0,0,0,1,1,6,6,2,28,6,1248,2,12,FIAT 500,1,E01005758,0,-1
2021010347230,2021,010347230,2,9,0,3,3,8,4,0,0,1,0,0,0,0,3,1,2,2,2,48,8,999,1,0,FIAT 500,2,E01000434,0,-1
2021010302305,2021,010302305,1,9,0,18,19,1,5,0,0,1,0,0,0,0,1,1,6,6,2,21,5,1242,1,13,FIAT 500,2,E01000876,0,-1
2021545364221,2021,545364221,2,9,0,3,3,6,2,0,0,0,0,0,0,0,2,1,6,6,2,22,5,1248,2,14,FIAT 500,-1,-1,0,-1
2021371085404,2021,371085404,1,9,0,9,9,7,3,0,0,1,1,0,0,0,4,1,5,6,2,40,7,999,1,0,FIAT 500,8,E01023938,0,-1
2021010314719,2021,010314719,2,9,0,99,99,9,9,99,99,9,9,99,9,99,9,9,6,6,3,-1,-1,875,1,5,FIAT 500,8,E01004479,0,-1
202163A007521,2021,63A007521,1,9,0,18,19,8,4,0,0,0,0,0,0,0,1,1,2,2,2,35,6,1242,1,6,FIAT 500,3,W01000695,0,-1
2021461097447,2021,461097447,1,9,0,4,4,7,3,0,0,0,0,0,0,0,1,1,6,6,2,22,5,1242,1,13,FIAT 500,4,E01024358,0,-1
2021548867621,2021,548867621,1,9,0,18,19,3,7,0,0,2,0,0,1,7,1,1,6,6,2,73,10,1242,1,5,FIAT 500,8,E01031940,0,-1
2021471072329,2021,471072329,1,9,0,18,19,1,5,0,0,8,0,0,0,0,1,1,6,6,1,19,4,1242,1,11,FIAT 500,8,E01021433,0,-1
2021430159700,2021,430159700,1,9,0,3,3,6,2,0,0,0,0,0,0,0,1,1,6,6,2,21,5,1242,1,13,FIAT 500,-1,-1,0,-1
2021101057378,2021,101057378,3,9,0,18,19,8,4,0,0,0,0,0,0,0,2,1,1,1,2,47,8,1242,1,4,FIAT 500,7,E01008505,0,-1
2021411040512,2021,411040512,1,9,0,17,19,7,3,0,0,2,5,0,0,0,1,1,6,6,2,19,4,1242,1,8,FIAT 500,4,E01021853,0,-1
2021440246683,2021,440246683,1,9,0,17,19,5,1,0,0,0,0,0,0,0,1,1,6,6,2,58,9,1242,1,3,FIAT 500,3,E01022485,0,-1
2021461073109,2021,461073109,2,9,0,18,19,3,7,0,0,0,0,0,0,0,1,1,5,6,2,24,5,1242,1,12,FIAT 500,4,E01000788,0,-1
2021430017545,2021,430017545,1,9,0,7,7,2,4,0,0,5,0,0,0,0,1,1,1,1,2,22,5,1242,1,12,FIAT 500,4,E01017661,0,-1
2021010344286,2021,010344286,2,9,0,9,9,2,8,0,0,2,0,0,0,0,3,1,6,6,2,51,8,1242,1,3,FIAT 500,9,E01004559,0,-1
2021131069663,2021,131069663,1,9,0,16,19,3,7,0,0,3,0,10,0,0,2,1,5,6,2,24,5,1242,1,1,FIAT 500,-1,-1,0,-1
2021131065884,2021,131065884,1,9,0,7,7,3,5,0,0,3,0,0,0,0,4,1,6,6,2,19,4,1242,1,8,FIAT 500,8,E01011050,0,-1
2021501040585,2021,501040585,2,9,0,9,9,1,7,0,0,8,0,0,0,0,4,1,6,6,2,19,4,1242,1,9,FIAT 500,3,E01015143,0,-1
2021131091588,2021,131091588,2,9,0,18,19,5,1,0,0,0,0,0,4,0,2,1,1,1,1,52,8,999,1,0,FIAT 500,8,E01008808,0,-1
202163A032921,2021,63A032921,1,9,0,18,19,2,6,0,0,0,0,0,0,0,1,1,1,1,2,31,6,1242,1,8,FIAT 500,-1,-1,0,-1
2021061077273,2021,061077273,1,9,0,9,9,5,3,0,0,1,0,0,0,0,1,1,5,6,3,30,6,1242,1,5,FIAT 500,-1,-1,0,-1
2021501042755,2021,501042755,2,9,0,18,19,8,4,0,0,0,0,0,1,7,1,1,5,6,2,38,7,1242,1,6,FIAT 500,4,E01018760,0,-1
2021131118444,2021,131118444,1,9,0,18,19,5,1,0,0,8,0,0,0,0,1,1,5,6,1,74,10,1242,1,9,FIAT 500,4,E01010987,0,-1
2021320644415,2021,320644415,1,9,0,17,19,6,2,0,0,0,0,0,1,9,1,1,2,2,2,22,5,1242,1,11,FIAT 500,9,E01026360,0,-1
2021501115958,2021,501115958,2,9,0,3,3,7,3,0,0,0,0,0,0,0,0,1,2,2,1,45,7,1248,2,7,FIAT 500,4,E01020284,0,-1
2021131120724,2021,131120724,2,9,0,4,4,1,5,0,0,0,0,0,0,0,2,1,6,6,2,54,8,1242,1,8,FIAT 500,9,E01010706,0,-1
2021451079615,2021,451079615,2,9,0,11,11,5,1,0,0,0,0,0,0,0,2,1,5,6,2,24,5,1242,1,9,FIAT 500,9,E01003384,0,-1
2021122100426,2021,122100426,1,9,0,4,4,1,5,0,0,1,0,0,0,0,1,1,6,6,2,37,7,1242,1,10,FIAT 500,5,E01027857,0,-1
2021361103200,2021,361103200,2,9,0,10,10,7,3,0,0,1,0,0,0,0,2,1,6,6,2,23,5,1242,1,9,FIAT 500,4,E01026426,0,-1
2021471028977,2021,471028977,1,9,0,4,4,7,3,0,0,4,0,0,0,0,1,1,3,7,2,60,9,1242,1,11,FIAT 500,9,E01031563,0,-1
2021201047584,2021,201047584,1,9,0,18,19,6,2,0,0,0,0,0,0,0,1,1,5,6,2,22,5,1242,1,5,FIAT 500,10,E01031298,0,-1
2021010305921,2021,010305921,1,9,0,99,99,9,9,99,99,1,9,99,9,99,2,9,6,6,2,53,8,1242,1,7,FIAT 500,7,E01021765,0,-1
2021010324237,2021,010324237,2,9,0,99,99,9,9,99,99,0,9,99,9,99,1,9,6,6,3,26,6,1242,1,11,FIAT 500,5,E01000975,0,-1
2021221104924,2021,221104924,2,9,0,18,19,4,8,0,0,0,0,0,4,0,4,1,2,2,2,24,5,1242,1,8,FIAT 500,7,E01032249,0,-1
2021461127449,2021,461127449,1,9,0,17,19,1,5,0,0,0,0,0,1,0,1,1,5,6,2,41,7,1242,1,5,FIAT 500,7,E01024675,0,-1
2021522105081,2021,522105081,2,9,0,13,13,1,5,0,0,1,0,0,0,0,1,1,6,6,1,17,4,1242,1,7,FIAT 500,-1,-1,0,-1
202163A054321,2021,63A054321,1,9,0,18,19,6,2,0,0,0,0,0,0,0,4,1,2,2,2,20,4,1242,1,6,FIAT 500,6,W01000635,0,-1
2021111076491,2021,111076491,2,9,0,18,19,1,5,0,0,4,0,0,0,0,4,1,5,6,2,43,7,1242,1,7,FIAT 500,1,E01020592,0,-1
2021010321178,2021,010321178,1,9,0,9,9,8,5,0,0,5,0,0,0,0,4,1,2,2,2,29,6,999,1,0,FIAT 500,6,E01001619,0,-1
2021501072986,2021,501072986,1,9,0,18,19,1,5,0,0,0,5,0,0,0,1,1,6,6,1,86,11,1242,1,12,FIAT 500,7,E01018879,0,-1
2021010313461,2021,010313461,2,9,0,99,99,9,9,0,0,1,0,0,0,0,1,9,6,6,3,-1,-1,999,1,1,FIAT 500,-1,-1,0,-1
2021052102582,2021,052102582,1,9,0,5,5,7,3,0,0,0,0,0,1,10,1,1,6,6,2,80,11,1242,1,5,FIAT 500,7,E01007256,0,-1
2021471070805,2021,471070805,3,9,0,9,9,7,5,0,0,1,0,0,0,0,2,1,5,6,1,27,6,1242,1,5,FIAT 500,10,E01031668,0,-1
2021421071007,2021,421071007,1,9,0,7,7,1,3,0,0,8,0,0,0,0,3,1,6,6,2,56,9,1242,1,6,FIAT 500,-1,-1,0,-1
2021010310328,2021,010310328,2,9,0,2,2,0,0,0,0,0,0,0,0,0,2,1,6,6,3,-1,-1,1368,1,5,FIAT 500,-1,-1,0,-1
2021552100914,2021,552100914,1,9,0,12,12,1,4,0,0,0,0,0,0,0,3,1,6,6,2,17,4,1242,1,12,FIAT 500,8,E01015322,0,-1
202163D003121,2021,63D003121,1,9,0,18,19,2,6,0,0,0,1,0,2,4,4,1,6,6,1,50,8,1242,1,11,FIAT 500,7,W01000497,0,-1
2021010335779,2021,010335779,1,9,0,5,5,0,8,0,0,0,0,0,0,0,2,1,6,6,2,20,4,1242,1,3,FIAT 500,9,E01002995,0,-1
2021031029910,2021,031029910,2,9,0,9,9,1,5,0,0,1,0,0,2,0,2,1,5,6,2,28,6,1242,1,5,FIAT 500,4,E01019281,0,-1
2021520201042,2021,520201042,1,9,0,18,19,2,6,0,0,0,0,0,1,3,1,1,6,6,2,57,9,999,1,0,FIAT 500,8,E01029225,0,-1
2021052101878,2021,052101878,1,9,0,3,3,5,1,0,0,0,0,0,0,0,3,1,1,1,2,25,5,1242,1,6,FIAT 500,10,E01007186,0,-1
2021052100016,2021,052100016,2,9,0,17,19,6,3,0,0,8,0,0,0,0,1,1,6,6,2,27,6,1242,1,4,FIAT 500,9,E01007150,0,-1
202134WNC5461,2021,34WNC5461,3,9,0,18,19,1,5,0,0,8,0,0,0,0,1,1,6,6,2,21,5,1242,1,5,FIAT 500,10,E01027295,0,-1
2021231068111,2021,231068111,1,9,0,13,13,8,4,0,0,0,1,0,7,4,3,1,5,6,1,55,8,1242,1,10,FIAT 500,3,E01032236,0,-1
2021522104225,2021,522104225,1,9,0,7,7,4,7,0,0,4,0,0,0,0,1,1,6,6,1,34,6,1242,1,4,FIAT 500,3,E01014674,0,-1
2021451104099,2021,451104099,1,9,0,18,19,1,5,0,0,0,0,0,0,0,1,1,5,6,2,54,8,1598,2,6,FIAT 500,9,E01030564,0,-1
2021411038456,2021,411038456,2,9,0,14,14,5,2,0,0,0,0,0,0,0,4,1,1,1,2,45,7,1242,1,2,FIAT 500,7,E01023531,0,-1
2021552100889,2021,552100889,1,9,0,18,19,4,8,0,0,1,0,0,0,0,1,1,1,1,2,52,8,1242,1,6,FIAT 500,8,E01020400,0,-1
2021010347513,2021,010347513,2,9,0,99,99,9,9,99,99,9,9,99,9,99,1,9,6,6,3,-1,-1,1242,1,9,FIAT 500,-1,-1,0,-1
2021010319170,2021,010319170,1,9,0,12,12,7,3,0,0,7,0,0,0,0,1,1,1,1,2,19,4,999,1,1,FIAT 500,2,E01004403,0,-1
2021545222821,2021,545222821,1,9,0,5,5,1,7,0,0,8,0,0,0,0,1,1,6,6,2,18,4,1242,1,8,FIAT 500,9,E01015566,0,-1
2021201115355,2021,201115355,3,9,0,18,19,8,4,0,0,0,0,0,0,0,2,1,2,2,2,29,6,1242,1,6,FIAT 500,1,E01010375,0,-1
2021451015629,2021,451015629,1,9,0,9,9,6,5,0,0,1,0,0,0,0,4,1,5,6,2,19,4,1242,1,12,FIAT 500,8,E01004121,0,-1
2021141013773,2021,141013773,1,9,0,9,9,1,8,0,0,1,0,0,0,0,1,1,6,6,2,36,7,1242,1,7,FIAT 500,8,E01007832,0,-1
2021361062184,2021,361062184,2,9,0,10,10,1,5,0,0,0,0,0,0,0,2,1,5,6,2,19,4,1242,1,6,FIAT 500,9,E01026942,0,-1
2021471029412,2021,471029412,1,9,0,18,19,1,5,0,0,8,0,0,1,10,4,1,3,7,2,41,7,1242,1,7,FIAT 500,10,E01031749,0,-1
2021451036431,2021,451036431,2,9,0,3,3,7,3,0,0,0,0,0,0,0,2,1,5,6,1,19,4,1242,1,5,FIAT 500,10,E01030342,0,-1
2021440108447,2021,440108447,2,9,0,18,19,4,8,0,0,8,0,0,0,0,1,1,6,6,2,31,6,1242,1,4,FIAT 500,6,E01023071,0,-1
2021010350546,2021,010350546,2,9,0,99,99,9,9,99,99,0,9,99,9,99,4,9,6,6,2,50,8,1956,2,5,FIAT 500,7,E01002838,0,-1
2021440372645,2021,440372645,3,9,0,3,3,3,7,0,0,0,0,0,0,0,2,1,6,6,2,19,4,1242,1,7,FIAT 500,10,E01031003,0,-1
2021201128925,2021,201128925,1,9,0,9,9,4,2,0,0,5,1,10,1,10,1,1,6,6,1,26,6,999,1,1,FIAT 500,1,E01009965,0,-1
2021221018987,2021,221018987,1,9,0,18,19,6,2,0,0,0,0,4,7,11,1,1,5,6,2,34,6,1242,1,11,FIAT 500,3,E01009294,0,-1
2021991027849,2021,991027849,5,9,0,3,3,8,4,0,0,0,0,0,0,0,2,1,2,2,2,27,6,1242,1,3,FIAT 500,4,-1,0,-1
2021041099446,2021,041099446,1,9,0,17,19,8,4,0,0,1,2,0,1,2,1,1,5,6,2,34,6,1242,1,8,FIAT 500,3,E01024952,0,-1
2021531089313,2021,531089313,1,9,0,15,15,3,7,0,0,0,0,0,0,0,1,1,2,2,2,21,5,1242,1,6,FIAT 500,6,E01022400,0,-1
2021010318241,2021,010318241,1,9,0,99,99,9,9,99,99,0,9,99,9,99,2,9,2,2,2,41,7,1242,1,12,FIAT 500,6,E01024436,0,-1
2021421102799,2021,421102799,2,9,0,7,7,3,1,0,0,1,0,0,1,0,4,1,5,6,2,21,5,1242,1,11,FIAT 500,7,E01021966,0,-1
202134NNC0231,2021,34NNC0231,1,9,0,15,15,5,1,0,0,8,1,0,7,0,1,1,6,6,2,32,6,1242,1,3,FIAT 500,-1,-1,0,-1
2021010309675,2021,010309675,1,9,0,18,19,7,3,0,0,8,0,0,0,0,1,1,6,6,1,75,10,875,1,5,FIAT 500,5,E01002632,0,-1
2021451051118,2021,451051118,1,9,0,15,15,5,1,0,0,0,0,0,0,0,4,1,5,6,1,53,8,1248,2,13,FIAT 500,9,E01004118,0,-1
2021411147389,2021,411147389,1,9,0,18,19,2,6,0,0,0,0,0,1,4,3,1,2,2,1,45,7,875,1,9,FIAT 500,10,E01023628,0,-1
2021622100813,2021,622100813,1,9,0,8,8,8,4,0,0,1,0,0,0,0,2,1,1,1,2,49,8,999,1,0,FIAT 500,9,W01000998,0,-1
202131D058321,2021,31D058321,2,9,0,2,2,0,0,0,0,2,0,0,0,0,2,1,6,6,1,56,9,1242,1,3,FIAT 500,4,E01028158,0,-1
2021421036119,2021,421036119,1,9,0,18,19,7,3,0,0,0,0,4,0,0,1,1,2,2,1,25,5,1242,1,9,FIAT 500,5,E01015814,0,-1
2021361114513,2021,361114513,2,9,0,18,19,3,7,0,0,1,0,0,0,0,1,1,5,6,2,21,5,1242,1,4,FIAT 500,7,E01033540,0,-1
2021320694501,2021,320694501,1,9,0,18,19,8,4,0,0,0,1,0,7,1,1,1,2,2,2,46,8,1242,1,9,FIAT 500,3,E01026042,0,-1
2021411110169,2021,411110169,1,9,0,18,19,-1,-1,0,0,2,0,0,0,0,1,1,6,6,2,58,9,1242,1,4,FIAT 500,7,E01022067,0,-1
2021471074002,2021,471074002,1,9,0,18,19,3,7,0,0,0,0,0,0,0,1,1,6,6,2,47,8,1242,1,2,FIAT 500,10,E01016182,0,-1
2021451097704,2021,451097704,1,9,0,18,19,1,5,0,0,0,0,0,0,0,1,1,5,6,2,22,5,1242,1,5,FIAT 500,5,E01030719,0,-1
2021201143676,2021,201143676,2,9,0,18,19,8,4,0,0,6,0,0,0,0,3,1,6,6,1,18,4,1242,1,8,FIAT 500,1,E01009201,0,-1
2021440343004,2021,440343004,2,9,0,18,19,8,4,0,0,0,0,0,0,0,3,1,6,6,2,22,5,1242,1,2,FIAT 500,10,E01031824,0,-1
2021010314254,2021,010314254,1,9,0,99,99,9,9,99,99,9,9,99,9,99,9,9,6,6,2,24,5,1242,1,10,FIAT 500,2,E01000525,0,-1
2021522100618,2021,522100618,2,9,0,9,9,4,2,0,0,8,0,0,0,0,1,1,6,6,2,22,5,1242,1,8,FIAT 500,9,E01014467,0,-1
2021501103812,2021,501103812,1,9,0,17,19,1,7,0,0,0,0,0,0,0,1,1,2,2,1,59,9,1242,1,12,FIAT 500,7,E01018971,0,-1
2021461054011,2021,461054011,3,9,0,18,19,3,7,0,0,0,0,0,0,0,2,1,6,6,2,37,7,1368,1,5,FIAT 500,10,E01024781,0,-1
2021211036648,2021,211036648,2,9,0,8,8,1,5,0,0,1,0,0,0,0,2,1,6,6,1,41,7,1242,1,7,FIAT 500,4,E01029555,0,-1
2021451077870,2021,451077870,2,9,0,18,19,4,8,0,0,0,0,0,0,0,2,1,5,6,2,22,5,1242,1,4,FIAT 500,10,W01001777,0,-1
2021461030718,2021,461030718,2,9,0,2,2,0,0,0,0,0,0,0,0,0,1,1,6,6,3,-1,-1,1242,1,9,FIAT 500,-1,-1,0,-1
2021131066698,2021,131066698,1,9,0,7,7,1,5,0,0,1,0,0,0,0,3,1,6,6,2,19,4,1242,1,2,FIAT 500,9,E01007631,0,-1
202163A017121,2021,63A017121,2,9,0,18,19,7,2,0,0,1,0,0,0,0,1,1,6,6,2,18,4,1242,1,12,FIAT 500,3,W01001923,0,-1
2021010312126,2021,010312126,1,9,0,4,4,1,5,0,0,3,0,0,0,0,2,1,6,6,2,31,6,1242,1,12,FIAT 500,6,E01002919,0,-1
2021440133388,2021,440133388,2,9,0,3,3,2,6,0,0,0,0,0,0,0,2,1,6,6,2,37,7,1242,1,11,FIAT 500,8,E01023232,0,-1