collision_index,collision_year,collision_ref_no,vehicle_reference,vehicle_type,towing_and_articulation,vehicle_manoeuvre_historic,vehicle_manoeuvre,vehicle_direction_from,vehicle_direction_to,vehicle_location_restricted_lane_historic,vehicle_location_restricted_lane,junction_location,skidding_and_overturning,hit_object_in_carriageway,vehicle_leaving_carriageway,hit_object_off_carriageway,first_point_of_impact,vehicle_left_hand_drive,journey_purpose_of_driver_historic,journey_purpose_of_driver,sex_of_driver,age_of_driver,age_band_of_driver,engine_capacity_cc,propulsion_code,age_of_vehicle,generic_make_model,driver_imd_decile,lsoa_of_driver,escooter_flag,driver_distance_banding
2021211090332,2021,211090332,1,9,0,9,9,3,7,0,0,8,0,0,0,0,1,1,6,6,2,42,7,1242,1,12,FIAT 500,-1,-1,0,-1
2021440428591,2021,440428591,1,9,0,18,19,4,8,0,0,8,0,0,0,0,1,1,6,6,1,59,9,1242,1,3,FIAT 500,9,E01022778,0,-1
2021161099495,2021,161099495,1,9,0,18,19,8,4,0,0,0,0,0,0,0,1,1,6,6,2,21,5,1242,1,11,FIAT 500,7,E01012983,0,-1
2021141039183,2021,141039183,2,9,0,18,19,7,2,0,0,0,0,0,0,0,1,1,6,6,2,83,11,1242,1,5,FIAT 500,3,E01007637,0,-1
2021371099086,2021,371099086,1,9,0,18,19,2,5,0,0,0,0,0,0,0,3,1,5,6,2,21,5,1242,1,5,FIAT 500,7,E01030038,0,-1
2021421016887,2021,421016887,1,9,0,9,9,3,5,0,0,5,0,0,0,0,1,1,5,6,2,41,7,1242,1,5,FIAT 500,4,E01021808,0,-1
2021440317706,2021,440317706,3,9,0,9,9,4,6,0,0,1,0,0,0,0,2,1,6,6,1,51,8,875,1,4,FIAT 500,-1,-1,0,-1
2021991111284,2021,991111284,1,9,0,18,19,5,1,0,0,1,0,0,0,0,1,1,5,6,2,28,6,1242,1,8,FIAT 500,3,-1,0,-1
2021531108993,2021,531108993,1,9,0,18,19,8,4,0,0,0,2,0,1,3,1,1,6,6,2,67,10,1242,1,12,FIAT 500,6,E01022263,0,-1
2021052102473,2021,052102473,2,9,0,18,19,6,2,0,0,8,0,0,0,0,1,1,6,6,2,19,4,1242,1,9,FIAT 500,1,E01006736,0,-1
2021552100914,2021,552100914,2,9,0,18,19,1,4,0,0,0,0,0,0,0,4,1,6,6,2,30,6,1242,1,1,FIAT 500,9,E01015342,0,-1
2021010343502,2021,010343502,2,9,0,99,99,9,9,99,99,9,9,99,9,99,1,9,6,6,3,-1,-1,1242,1,9,FIAT 500,5,E01006553,0,-1
2021010329081,2021,010329081,1,9,0,18,19,3,7,0,0,1,0,0,0,0,4,1,2,2,2,18,4,1242,1,2,FIAT 500,7,E01004153,0,-1
2021991049241,2021,991049241,2,9,0,5,5,3,7,0,0,2,0,0,0,0,1,1,6,6,2,25,5,1242,1,8,FIAT 500,-1,-1,0,-1
2021010323997,2021,010323997,2,9,0,9,9,1,6,0,0,1,0,0,0,0,1,1,2,2,2,27,6,1368,1,6,FIAT 500,4,E01021817,0,-1
2021371044473,2021,371044473,1,9,0,4,4,4,7,0,0,0,0,0,0,0,1,1,2,2,2,24,5,1242,1,4,FIAT 500,8,E01030042,0,-1
2021010309178,2021,010309178,2,9,0,99,99,9,9,99,99,0,9,99,9,99,9,9,6,6,2,20,4,1242,1,10,FIAT 500,2,E01024391,0,-1
2021010307202,2021,010307202,2,9,0,3,3,7,3,0,0,1,0,0,0,0,4,1,1,1,2,33,6,1242,1,10,FIAT 500,3,E01002731,0,-1
2021010318887,2021,010318887,1,9,0,99,99,9,9,99,99,9,9,99,9,99,4,9,6,6,2,28,6,1242,1,5,FIAT 500,4,E01000978,0,-1
2021201149073,2021,201149073,1,9,0,6,6,1,1,0,0,0,0,0,0,0,3,1,5,6,2,57,9,1368,1,5,FIAT 500,1,E01009404,0,-1
2021547038121,2021,547038121,2,9,0,4,4,1,5,0,0,4,0,0,0,0,2,1,1,1,2,36,7,1242,1,4,FIAT 500,8,E01015472,0,-1
2021622200013,2021,622200013,2,9,0,18,19,6,2,0,0,0,0,0,0,0,1,1,6,6,2,26,6,1242,1,4,FIAT 500,6,W01001840,0,-1
2021201030038,2021,201030038,1,9,0,18,19,7,3,0,0,2,0,0,0,0,1,1,6,6,1,21,5,1242,1,9,FIAT 500,9,E01010215,0,-1
2021351083154,2021,351083154,2,9,0,18,19,8,4,0,0,8,0,0,0,0,1,1,5,6,2,40,7,1242,1,6,FIAT 500,9,E01005860,0,-1
2021010308195,2021,010308195,2,9,0,99,99,9,9,99,99,9,9,99,9,99,9,9,6,6,3,-1,-1,1242,1,6,FIAT 500,-1,-1,0,-1
2021010328221,2021,010328221,1,9,0,9,9,1,7,0,0,3,0,0,0,0,4,1,1,1,2,52,8,1242,1,4,FIAT 500,8,E01000760,0,-1
2021522102515,2021,522102515,1,9,0,18,19,3,7,0,0,0,0,0,0,0,1,1,6,6,2,50,8,1242,1,3,FIAT 500,-1,-1,0,-1
2021440438687,2021,440438687,1,9,0,18,19,7,3,0,0,0,0,0,0,0,2,1,6,6,2,57,9,1242,1,10,FIAT 500,2,E01017109,0,-1
2021351064213,2021,351064213,1,9,0,18,19,4,8,0,0,0,0,0,0,0,1,1,6,6,2,21,5,1242,1,12,FIAT 500,4,E01033178,0,-1
2021351106054,2021,351106054,1,9,0,7,7,3,4,0,0,6,0,0,0,0,4,1,6,6,2,26,6,875,1,8,FIAT 500,6,E01032612,0,-1
2021010301732,2021,010301732,2,9,0,99,99,9,9,99,99,9,9,99,9,99,1,9,6,6,3,-1,-1,1242,1,11,FIAT 500,-1,-1,0,-1
2021545359321,2021,545359321,1,9,0,9,9,4,2,0,0,6,0,0,0,0,3,1,2,2,2,38,7,1242,1,5,FIAT 500,3,E01015477,0,-1
2021138141155,2021,138141155,1,9,0,5,5,7,3,0,0,6,0,0,0,0,1,1,6,6,2,21,5,1242,1,12,FIAT 500,8,E01032945,0,-1
2021991106204,2021,991106204,1,9,0,18,19,8,4,0,0,1,0,0,0,0,1,1,1,1,2,46,8,1242,1,8,FIAT 500,6,-1,0,-1
2021231061207,2021,231061207,1,9,0,4,4,6,2,0,0,0,0,0,0,0,1,1,5,6,2,19,4,1242,1,13,FIAT 500,6,E01031048,0,-1
2021361087981,2021,361087981,2,9,0,18,19,5,1,0,0,8,5,0,0,0,1,1,5,6,1,59,9,1242,1,12,FIAT 500,8,E01026517,0,-1
2021451020666,2021,451020666,1,9,0,18,19,5,1,0,0,0,0,0,0,0,1,1,1,1,2,19,4,1242,1,10,FIAT 500,8,E01031521,0,-1
2021231068605,2021,231068605,1,9,0,18,19,3,7,0,0,0,0,0,7,0,1,1,5,6,2,39,7,1242,1,8,FIAT 500,5,E01033058,0,-1
2021440278652,2021,440278652,2,9,0,18,19,6,2,0,0,1,0,0,0,0,1,1,6,6,2,-1,-1,1242,1,12,FIAT 500,9,E01022594,0,-1
2021010324326,2021,010324326,1,9,0,18,19,3,7,0,0,0,0,0,0,0,1,1,6,6,2,54,8,1368,1,13,FIAT 500,6,E01004359,0,-1
2021461118318,2021,461118318,2,9,0,4,4,8,4,0,0,0,1,0,4,6,2,1,6,6,2,22,5,1248,2,7,FIAT 500,5,E01024191,0,-1
202154C401421,2021,54C401421,2,9,0,7,7,4,5,0,0,8,0,0,0,0,4,1,6,6,2,18,4,1242,1,4,FIAT 500,7,E01015474,0,-1
2021421089617,2021,421089617,1,9,0,18,19,3,7,0,0,1,0,0,0,0,1,1,6,6,2,73,10,1242,1,4,FIAT 500,10,E01022085,0,-1
2021351047198,2021,351047198,1,9,0,18,19,2,6,0,0,8,0,0,0,0,1,1,5,6,2,52,8,1242,1,2,FIAT 500,8,E01033119,0,-1
2021610065521,2021,610065521,1,9,0,17,19,2,8,0,0,0,0,0,2,10,1,1,6,6,2,34,6,1242,1,6,FIAT 500,3,W01001485,0,-1
2021411135780,2021,411135780,1,9,0,7,7,1,2,0,0,4,1,0,0,0,3,1,6,6,1,34,6,1242,1,1,FIAT 500,9,E01023680,0,-1
2021010327358,2021,010327358,1,9,0,9,9,1,7,0,0,6,0,0,0,0,1,1,2,2,2,30,6,1242,1,2,FIAT 500,4,E01001259,0,-1
202106N079208,2021,06N079208,2,9,0,2,2,0,0,0,0,0,0,0,0,0,3,1,6,6,2,30,6,1242,1,11,FIAT 500,1,E01004960,0,-1
2021041095492,2021,041095492,2,9,0,18,19,5,1,0,0,1,0,0,1,11,4,1,5,6,2,75,10,1242,1,6,FIAT 500,4,E01025393,0,-1
2021052101942,2021,052101942,2,9,0,18,19,6,2,0,0,8,0,0,0,0,1,1,6,6,2,49,8,1242,1,10,FIAT 500,7,E01006623,0,-1
2021351056085,2021,351056085,1,9,0,18,19,2,7,0,0,1,0,0,0,0,2,1,5,6,2,80,11,1242,1,6,FIAT 500,9,E01015646,0,-1
2021501049697,2021,501049697,2,9,0,3,3,3,7,0,0,1,0,0,0,0,2,1,5,6,2,20,4,1242,1,9,FIAT 500,4,E01020017,0,-1
2021461015358,2021,461015358,1,9,0,18,19,4,8,0,0,0,1,0,2,0,3,1,5,6,2,43,7,1242,1,8,FIAT 500,-1,-1,0,-1
2021052102920,2021,052102920,2,9,0,18,19,5,1,0,0,8,0,0,1,0,3,1,6,6,2,26,6,1242,1,4,FIAT 500,2,E01006616,0,-1
2021520200679,2021,520200679,1,9,0,9,9,5,2,0,0,8,0,0,0,0,1,1,6,6,1,18,4,1242,1,10,FIAT 500,7,E01029211,0,-1
2021010307566,2021,010307566,2,9,0,18,19,3,7,0,0,1,0,0,0,0,1,1,6,6,2,20,4,999,1,1,FIAT 500,-1,-1,0,-1
2021411055567,2021,411055567,1,9,0,18,19,4,8,0,0,1,0,0,0,0,1,1,6,6,2,55,8,875,1,7,FIAT 500,7,E01023799,0,-1
2021411033791,2021,411033791,1,9,0,18,19,3,7,0,0,0,1,4,0,0,1,1,5,6,2,22,5,1242,1,5,FIAT 500,5,E01023930,0,-1
2021991100421,2021,991100421,1,9,0,9,9,5,3,0,0,6,0,0,0,0,3,1,2,2,2,55,8,1242,1,4,FIAT 500,9,-1,0,-1
2021041038565,2021,041038565,1,9,0,9,9,1,3,0,0,6,0,0,0,0,3,1,5,6,2,32,6,1598,2,5,FIAT 500,9,E01025453,0,-1
2021461028457,2021,461028457,1,9,0,18,19,2,6,0,0,0,0,11,1,4,4,1,5,6,2,20,4,1242,1,7,FIAT 500,7,E01032619,0,-1
202131B099121,2021,31B099121,1,9,0,16,19,6,2,0,0,0,2,0,8,4,1,1,6,6,1,46,8,1242,1,10,FIAT 500,3,E01007546,0,-1
2021421051600,2021,421051600,2,9,0,5,5,4,8,0,0,0,0,0,0,0,2,1,6,6,2,24,5,1242,1,6,FIAT 500,7,E01021538,0,-1
2021061132334,2021,061132334,1,9,0,18,19,7,3,0,0,8,0,0,0,0,1,1,6,6,2,19,4,875,1,8,FIAT 500,9,E01005738,0,-1
2021991071219,2021,991071219,2,9,0,18,19,1,5,0,0,0,0,0,0,0,1,1,5,6,2,46,8,1242,1,8,FIAT 500,3,-1,0,-1
2021010343252,2021,010343252,1,9,0,99,99,9,9,99,99,9,9,99,9,99,9,9,6,6,1,24,5,1368,1,6,FIAT 500,2,E01004567,0,-1
2021320035375,2021,320035375,1,9,0,18,19,1,5,0,0,0,2,0,7,9,4,1,1,1,2,25,5,1242,1,10,FIAT 500,8,E01013799,0,-1
2021070885509,2021,070885509,1,9,0,10,10,4,6,0,0,6,0,0,0,0,3,1,6,6,2,44,7,1242,1,1,FIAT 500,2,E01012433,0,-1
2021440354644,2021,440354644,2,9,0,2,2,0,0,0,0,0,0,0,0,0,3,1,6,6,2,-1,-1,1242,1,11,FIAT 500,-1,-1,0,-1
2021471066992,2021,471066992,1,9,0,9,9,8,7,0,0,6,0,0,0,0,1,1,6,6,2,22,5,1242,1,10,FIAT 500,9,E01031495,0,-1
2021461025018,2021,461025018,2,9,0,10,10,2,7,0,0,1,0,0,0,0,3,1,6,6,2,42,7,1242,1,6,FIAT 500,10,E01024272,0,-1
2021411044664,2021,411044664,2,9,0,4,4,6,1,0,0,0,0,0,0,0,2,1,6,6,2,28,6,1242,1,5,FIAT 500,7,E01021856,0,-1
2021010317034,2021,010317034,2,9,0,18,19,1,5,0,0,1,0,0,0,0,2,1,6,6,1,26,6,1242,1,7,FIAT 500,3,E01001661,0,-1
2021501060217,2021,501060217,2,9,0,4,4,6,2,0,0,0,0,0,0,0,2,1,5,6,2,54,8,1242,1,11,FIAT 500,6,E01020056,0,-1
2021501027272,2021,501027272,1,9,0,9,9,1,7,0,0,8,0,0,0,0,1,1,5,6,2,18,4,1242,1,11,FIAT 500,4,E01020138,0,-1
2021010340121,2021,010340121,1,9,0,7,7,3,5,8,6,8,0,0,0,0,2,1,6,6,2,23,5,1242,1,6,FIAT 500,5,E01004522,0,-1
2021501073959,2021,501073959,2,9,0,2,2,0,0,0,0,0,0,4,0,0,3,1,6,6,1,58,9,1242,1,12,FIAT 500,9,E01019958,0,-1
2021421084134,2021,421084134,1,9,0,7,7,5,5,0,0,2,0,0,0,0,3,1,5,6,2,19,4,875,1,7,FIAT 500,8,E01021784,0,-1
2021122101354,2021,122101354,2,8,0,18,19,4,1,0,0,0,0,0,0,0,1,1,6,6,1,66,10,999,1,0,FIAT 500,4,E01010741,0,-1
2021010333100,2021,010333100,3,9,0,2,2,0,0,0,0,0,0,0,0,0,3,1,6,6,3,-1,-1,1242,1,8,FIAT 500,-1,-1,0,-1
2021411082314,2021,411082314,1,9,0,18,19,-1,-1,0,0,0,0,0,0,0,3,1,6,6,2,55,8,1242,1,4,FIAT 500,5,E01023427,0,-1
2021010305553,2021,010305553,2,9,0,99,99,9,9,99,99,9,9,99,9,99,9,9,6,6,3,-1,-1,875,1,2,FIAT 500,-1,-1,0,-1
2021421034793,2021,421034793,1,9,0,18,19,1,5,0,0,1,0,0,0,0,4,1,5,6,2,19,4,1242,1,11,FIAT 500,8,E01021389,0,-1
2021070545573,2021,070545573,2,9,0,8,8,1,5,0,0,1,0,0,0,0,2,1,6,6,2,29,6,1242,1,11,FIAT 500,6,E01006864,0,-1
2021430021658,2021,430021658,1,9,0,18,19,8,6,0,0,8,0,0,0,0,3,1,6,6,1,21,5,1242,1,9,FIAT 500,-1,-1,0,-1
2021421059866,2021,421059866,1,9,0,9,9,1,5,0,0,0,5,0,1,0,1,1,2,2,2,25,5,1242,1,6,FIAT 500,4,E01000112,0,-1
2021430057954,2021,430057954,1,9,0,4,4,8,4,0,0,0,0,0,7,11,1,1,2,2,2,19,4,1242,1,12,FIAT 500,8,E01016327,0,-1
2021451072821,2021,451072821,1,9,0,3,3,1,3,0,0,1,1,0,1,0,2,1,5,6,2,21,5,1242,1,7,FIAT 500,-1,-1,0,-1
2021461078006,2021,461078006,1,9,0,17,19,1,5,0,0,0,0,0,0,0,3,1,5,6,2,45,7,1242,1,5,FIAT 500,10,E01032655,0,-1
2021010348409,2021,010348409,1,9,0,8,8,7,2,0,0,1,0,0,0,0,2,1,6,6,2,33,6,1242,1,7,FIAT 500,5,E01004363,0,-1
2021421059968,2021,421059968,1,9,0,4,4,3,7,0,0,0,0,0,0,0,2,1,2,2,2,39,7,1242,1,3,FIAT 500,5,E01021874,0,-1
2021430353213,2021,430353213,1,9,0,18,19,7,3,0,0,0,2,10,1,4,1,1,6,6,2,19,4,1242,1,11,FIAT 500,-1,-1,0,-1
2021411026461,2021,411026461,3,9,0,2,2,0,0,0,0,0,0,0,0,0,2,1,5,6,2,18,4,1242,1,5,FIAT 500,8,E01023478,0,-1
2021061025896,2021,061025896,1,9,0,17,19,6,1,0,0,0,5,0,0,0,1,1,6,6,1,20,4,1242,1,8,FIAT 500,-1,-1,0,-1
2021141057252,2021,141057252,2,9,0,4,4,6,2,0,0,0,1,0,0,0,1,1,5,6,2,19,4,1242,1,8,FIAT 500,8,E01007712,0,-1
2021211051583,2021,211051583,2,9,0,16,19,7,1,0,0,0,0,0,0,0,3,1,5,6,2,20,4,1242,1,7,FIAT 500,6,E01029446,0,-1
2021461083254,2021,461083254,2,9,0,4,4,7,3,0,0,0,0,0,0,0,2,1,6,6,2,30,6,1242,1,11,FIAT 500,6,E01024124,0,-1
202131D160521,2021,31D160521,1,9,0,18,19,8,4,0,0,0,1,0,0,0,1,1,6,6,2,25,5,1242,1,7,FIAT 500,5,E01028369,0,-1
2021430138860,2021,430138860,1,9,0,5,5,3,7,0,0,8,0,0,0,0,1,1,6,6,1,25,5,1242,1,12,FIAT 500,8,E01032951,0,-1
2021461094046,2021,461094046,1,9,0,14,14,7,3,0,0,0,0,0,0,0,1,1,2,2,2,23,5,875,1,9,FIAT 500,5,E01016157,0,-1
2021320561054,2021,320561054,1,9,0,16,19,4,8,0,0,1,0,0,1,0,3,1,1,1,2,18,4,1242,1,10,FIAT 500,-1,-1,0,-1
2021430258530,2021,430258530,1,9,0,9,9,2,8,0,0,6,0,0,0,0,3,1,6,6,2,50,8,875,1,6,FIAT 500,4,E01016481,0,-1
2021061055486,2021,061055486,1,9,-1,18,19,6,2,0,0,0,0,0,0,0,3,1,6,6,2,28,6,1242,1,5,FIAT 500,3,E01011343,0,-1
2021461122183,2021,461122183,1,9,0,9,9,1,7,0,0,0,0,0,0,0,3,1,6,6,2,51,8,1242,1,1,FIAT 500,2,E01024398,0,-1
2021010307025,2021,010307025,1,9,0,3,3,3,7,0,0,1,0,0,0,0,2,1,6,6,2,22,5,1242,1,9,FIAT 500,5,E01000843,0,-1
2021041103241,2021,041103241,2,9,0,18,19,3,7,0,0,8,0,0,0,0,2,1,5,6,2,42,7,1242,1,6,FIAT 500,9,E01025281,0,-1
20211382I0634,2021,1382I0634,2,9,0,18,19,4,8,0,0,4,0,0,0,0,2,1,6,6,2,22,5,1368,1,12,FIAT 500,10,E01011570,0,-1
2021451061075,2021,451061075,1,9,0,18,19,3,3,0,0,0,0,0,0,0,1,1,6,6,2,20,4,1242,1,10,FIAT 500,10,E01030997,0,-1
20211382I0284,2021,1382I0284,3,9,0,18,19,3,7,0,0,0,1,0,1,0,1,1,6,6,2,27,6,1242,1,2,FIAT 500,8,E01011694,0,-1
2021010291262,2021,010291262,1,9,0,3,3,5,1,0,0,1,0,0,0,0,2,1,4,7,2,57,9,1242,1,11,FIAT 500,7,E01015966,0,-1
2021010308246,2021,010308246,1,9,0,18,19,7,3,0,0,0,0,0,0,0,1,1,6,6,2,59,9,1242,1,7,FIAT 500,8,E01000270,0,-1
2021461068777,2021,461068777,1,9,0,15,15,8,4,0,0,0,0,0,0,0,4,1,6,6,2,18,4,1368,1,14,FIAT 500,4,E01024042,0,-1
2021471047343,2021,471047343,1,9,0,18,19,3,6,0,0,0,0,0,0,0,1,1,2,2,2,27,6,1368,1,5,FIAT 500,7,E01031471,0,-1
2021991105476,2021,991105476,2,9,0,18,19,1,5,0,0,0,0,0,0,0,1,1,6,6,2,29,6,1242,1,2,FIAT 500,6,-1,0,-1
2021231045325,2021,231045325,2,9,0,18,19,4,8,0,0,0,0,0,0,0,2,1,5,6,2,42,7,1242,1,12,FIAT 500,8,E01031323,0,-1
2021401118930,2021,401118930,1,9,0,18,19,1,5,0,0,0,5,0,0,0,0,1,6,6,2,23,5,1242,1,7,FIAT 500,9,E01017417,0,-1
2021010304345,2021,010304345,1,9,9,99,99,9,9,99,99,9,9,99,9,99,9,9,2,2,2,24,5,1242,1,4,FIAT 500,4,E01000485,0,-1
2021141078884,2021,141078884,2,9,0,18,19,7,3,0,0,5,0,0,0,0,1,2,6,6,3,-1,-1,1248,2,13,FIAT 500,-1,-1,0,-1
2021440124015,2021,440124015,1,9,0,6,6,2,2,0,0,0,0,0,0,0,3,1,6,6,1,49,8,875,1,9,FIAT 500,8,E01020400,0,-1
2021010345474,2021,010345474,2,9,0,18,19,5,1,0,0,1,1,0,0,0,3,1,6,6,2,21,5,1242,1,12,FIAT 500,-1,-1,0,-1
2021461057549,2021,461057549,1,9,0,4,4,8,2,0,0,1,0,0,0,0,1,1,5,6,2,17,4,875,1,5,FIAT 500,10,E01024449,0,-1
2021430062531,2021,430062531,1,9,0,5,5,7,7,0,0,8,0,0,0,0,3,1,6,6,1,-1,-1,1242,1,11,FIAT 500,-1,-1,0,-1
202134WNC4161,2021,34WNC4161,2,9,0,18,19,1,5,0,0,8,0,0,0,0,4,1,6,6,2,20,4,1242,1,7,FIAT 500,8,E01027183,0,-1
2021622100289,2021,622100289,1,9,0,18,19,4,8,0,0,8,0,7,0,0,1,2,6,6,2,84,11,1242,1,12,FIAT 500,10,W01001735,0,-1
202131B153821,2021,31B153821,1,9,0,18,19,2,6,0,0,1,0,0,0,0,1,1,6,6,2,21,5,1242,1,8,FIAT 500,3,E01028020,0,-1
2021122100142,2021,122100142,3,9,0,2,2,0,0,0,0,0,0,0,0,0,3,1,6,6,3,-1,-1,1242,1,9,FIAT 500,-1,-1,0,-1
2021471077396,2021,471077396,1,9,0,12,12,8,6,0,0,4,0,0,0,0,1,1,6,6,1,62,9,1242,1,7,FIAT 500,6,E01031342,0,-1
2021421020080,2021,421020080,1,9,0,18,19,6,2,0,0,0,2,0,1,0,4,1,6,6,2,27,6,1242,1,9,FIAT 500,4,E01021451,0,-1
2021201131622,2021,201131622,2,9,0,18,19,1,5,0,0,8,0,0,0,0,4,1,6,6,2,17,4,1242,1,8,FIAT 500,3,E01009619,0,-1
2021440498002,2021,440498002,1,9,0,9,9,1,7,0,0,8,0,0,0,0,1,1,6,6,2,57,9,1242,1,9,FIAT 500,7,E01017094,0,-1
2021041106563,2021,041106563,2,9,0,18,19,6,2,0,0,0,0,0,0,0,3,1,6,6,2,18,4,1242,1,5,FIAT 500,6,E01004883,0,-1
2021141096732,2021,141096732,2,9,0,-1,-1,-1,-1,-1,-1,0,-1,-1,-1,0,-1,1,6,6,3,-1,-1,1242,1,8,FIAT 500,-1,-1,0,-1
202134NNC2071,2021,34NNC2071,2,9,0,18,19,4,8,0,0,1,0,0,0,0,1,1,1,1,2,22,5,1242,1,12,FIAT 500,10,E01027077,0,-1
2021547450721,2021,547450721,1,9,0,18,19,2,6,0,0,0,2,0,2,3,1,1,1,1,2,26,6,1598,1,5,FIAT 500,2,E01031928,0,-1
2021411013506,2021,411013506,2,9,0,10,10,3,5,0,0,8,0,0,0,0,2,1,6,6,2,53,8,1242,1,4,FIAT 500,7,E01022087,0,-1
2021170M11091,2021,170M11091,1,9,0,18,19,4,8,0,0,8,0,0,0,0,1,1,6,6,2,32,6,1242,1,7,FIAT 500,2,E01012081,0,-1
2021544208121,2021,544208121,1,9,0,6,6,7,7,0,0,8,0,0,0,0,-1,1,6,6,2,24,5,1242,1,7,FIAT 500,7,E01015474,0,-1
2021231113112,2021,231113112,1,9,0,7,7,7,1,0,0,6,0,0,3,1,1,1,5,6,1,23,5,1242,1,9,FIAT 500,5,E01031114,0,-1
2021361097868,2021,361097868,1,9,0,9,9,1,4,0,0,8,0,0,0,0,1,1,5,6,2,23,5,1242,1,4,FIAT 500,4,E01026790,0,-1
2021010306054,2021,010306054,1,9,0,18,19,7,3,0,0,1,0,0,0,0,4,1,6,6,1,20,4,1242,1,11,FIAT 500,5,E01001902,0,-1
2021052101569,2021,052101569,2,9,0,18,19,7,3,0,0,1,0,0,0,0,2,1,6,6,2,48,8,1242,1,5,FIAT 500,-1,-1,0,-1
2021991099649,2021,991099649,2,9,0,2,2,7,7,0,0,2,0,0,0,0,3,1,6,6,3,-1,-1,1242,1,3,FIAT 500,-1,-1,0,-1
2021501061801,2021,501061801,1,9,0,16,19,6,4,0,0,0,2,0,2,0,1,1,5,6,2,32,6,1242,1,7,FIAT 500,6,W01001535,0,-1
2021471092651,2021,471092651,2,9,0,18,19,1,5,0,0,1,0,0,0,0,1,1,6,6,2,31,6,1242,1,7,FIAT 500,7,E01031381,0,-1
2021131088486,2021,131088486,1,9,0,9,9,2,8,0,0,8,0,0,0,0,1,1,6,6,2,-1,-1,1242,1,6,FIAT 500,2,E01011166,0,-1
202131B129621,2021,31B129621,1,9,0,13,13,8,4,0,0,0,0,0,0,0,4,1,3,7,2,33,6,1242,1,6,FIAT 500,6,E01028050,0,-1
2021411036170,2021,411036170,2,9,-1,-1,-1,-1,-1,-1,-1,-1,-1,-1,-1,0,-1,1,6,6,2,27,6,1242,1,9,FIAT 500,10,E01023721,0,-1
2021501083570,2021,501083570,2,9,0,18,19,1,5,0,0,0,0,0,0,0,1,1,5,6,2,22,5,1242,1,2,FIAT 500,3,E01015084,0,-1
2021161090244,2021,161090244,2,9,0,18,19,2,5,0,0,8,0,0,0,0,4,1,6,6,2,39,7,1242,1,8,FIAT 500,8,E01012812,0,-1
2021411121620,2021,411121620,1,9,0,18,19,1,5,0,0,0,0,0,0,0,1,1,6,6,2,36,7,999,1,0,FIAT 500,8,E01033027,0,-1
202134WNC7011,2021,34WNC7011,1,9,0,18,19,3,7,0,0,8,0,0,0,0,4,1,6,6,2,19,4,1242,1,7,FIAT 500,9,E01027014,0,-1
2021411103032,2021,411103032,2,9,0,18,19,1,5,0,0,0,0,0,0,0,0,1,2,2,1,43,7,1242,1,12,FIAT 500,10,E01023510,0,-1
2021991080922,2021,991080922,1,9,0,1,1,5,1,5,5,1,5,0,0,0,2,1,5,6,1,29,6,1242,1,7,FIAT 500,4,-1,0,-1
2021201137626,2021,201137626,2,9,0,18,19,7,3,0,0,8,1,0,0,0,4,1,3,7,2,27,6,1598,2,5,FIAT 500,8,E01009814,0,-1
2021010340106,2021,010340106,2,9,0,18,19,1,5,0,0,8,0,0,0,0,1,1,6,6,2,34,6,1242,1,6,FIAT 500,7,E01003800,0,-1
2021471039056,2021,471039056,2,9,0,3,3,2,8,0,0,1,0,0,0,0,2,1,6,6,1,-1,-1,1248,2,12,FIAT 500,7,E01021108,0,-1
2021471018158,2021,471018158,1,9,0,16,19,1,5,0,0,0,1,0,1,4,3,1,6,6,2,18,4,1242,1,10,FIAT 500,10,E01031689,0,-1
2021141040660,2021,141040660,1,9,0,9,9,1,1,0,0,0,0,0,0,0,3,1,6,6,2,22,5,1242,1,11,FIAT 500,7,E01007860,0,-1
20211383Q1025,2021,1383Q1025,1,9,0,18,19,1,5,0,0,0,0,0,0,0,1,1,6,6,2,20,4,1242,1,13,FIAT 500,1,E01010872,0,-1
2021010318707,2021,010318707,1,9,9,99,99,9,9,99,99,9,9,99,9,99,9,9,6,6,2,25,5,1242,1,6,FIAT 500,4,E01030824,0,-1
2021010347376,2021,010347376,1,9,0,9,9,7,5,0,0,8,0,0,0,0,1,1,6,6,2,51,8,999,1,0,FIAT 500,5,E01015814,0,-1
2021010350274,2021,010350274,2,9,0,99,99,9,9,99,99,9,9,99,9,99,9,9,6,6,1,62,9,1242,1,5,FIAT 500,10,E01030770,0,-1
2021141057677,2021,141057677,1,9,0,5,5,7,1,0,0,0,0,0,0,0,2,1,6,6,2,21,5,1242,1,12,FIAT 500,9,E01013243,0,-1
2021461026213,2021,461026213,2,9,0,4,4,6,1,0,0,4,0,0,0,0,2,1,5,6,2,18,4,1242,1,5,FIAT 500,7,E01024689,0,-1
2021430358621,2021,430358621,1,9,0,18,19,5,1,0,0,8,0,0,0,0,1,1,1,1,2,40,7,1242,1,5,FIAT 500,2,E01016741,0,-1
2021411020658,2021,411020658,2,9,0,18,19,7,3,0,0,0,0,0,0,0,2,1,6,6,2,25,5,1242,1,6,FIAT 500,7,E01023798,0,-1
2021471103570,2021,471103570,1,9,0,18,19,2,6,0,0,0,0,0,0,0,1,1,5,6,2,78,11,1242,1,9,FIAT 500,9,E01021123,0,-1