collision_index,collision_year,collision_ref_no,vehicle_reference,vehicle_type,towing_and_articulation,vehicle_manoeuvre_historic,vehicle_manoeuvre,vehicle_direction_from,vehicle_direction_to,vehicle_location_restricted_lane_historic,vehicle_location_restricted_lane,junction_location,skidding_and_overturning,hit_object_in_carriageway,vehicle_leaving_carriageway,hit_object_off_carriageway,first_point_of_impact,vehicle_left_hand_drive,journey_purpose_of_driver_historic,journey_purpose_of_driver,sex_of_driver,age_of_driver,age_band_of_driver,engine_capacity_cc,propulsion_code,age_of_vehicle,generic_make_model,driver_imd_decile,lsoa_of_driver,escooter_flag,driver_distance_banding
2021522102046,2021,522102046,1,9,0,18,19,3,7,0,0,8,0,0,0,0,2,1,6,6,2,24,5,1242,1,6,FIAT 500,2,E01014565,0,-1
2021122101446,2021,122101446,2,9,0,18,19,5,1,0,0,0,0,0,0,0,1,1,6,6,2,35,6,1242,1,9,FIAT 500,7,E01011351,0,-1
2021991054274,2021,991054274,2,9,0,2,2,0,0,0,0,2,0,0,0,0,3,1,6,6,3,-1,-1,1242,1,5,FIAT 500,-1,-1,0,-1
2021440474376,2021,440474376,1,9,0,17,19,4,8,0,0,0,0,0,1,4,1,1,6,6,1,30,6,1242,1,9,FIAT 500,8,E01004593,0,-1
2021131043773,2021,131043773,1,9,0,18,19,1,5,0,0,0,0,0,0,0,1,1,5,6,1,55,8,1242,1,7,FIAT 500,8,E01010858,0,-1
2021052101659,2021,052101659,2,9,0,18,19,8,4,0,0,8,0,0,0,0,3,1,6,6,1,58,9,1242,1,7,FIAT 500,7,E01007196,0,-1
2021010329226,2021,010329226,2,9,0,18,19,5,1,0,0,0,0,0,0,0,1,1,6,6,1,25,5,1242,1,7,FIAT 500,6,E01004726,0,-1
2021471057301,2021,471057301,2,9,0,3,3,8,4,0,0,1,0,0,0,0,2,1,5,6,2,62,9,1242,1,10,FIAT 500,10,E01031684,0,-1
2021411052987,2021,411052987,1,9,0,18,19,6,2,0,0,2,5,7,7,1,1,1,5,6,2,22,5,1242,1,3,FIAT 500,2,E01021851,0,-1
2021411080277,2021,411080277,3,9,0,9,9,1,3,0,0,0,0,0,0,0,1,1,5,6,2,21,5,1242,1,5,FIAT 500,9,E01017722,0,-1
2021010292672,2021,010292672,5,9,0,2,2,0,0,0,0,2,0,0,0,0,1,1,6,6,3,-1,-1,1242,1,5,FIAT 500,-1,-1,0,-1
2021461083294,2021,461083294,2,9,0,18,19,6,3,0,0,0,0,0,2,0,3,1,6,6,2,25,5,1242,1,12,FIAT 500,5,E01033087,0,-1
2021421120192,2021,421120192,2,9,0,9,9,6,3,0,0,8,0,0,0,0,1,1,2,2,2,29,6,1242,1,11,FIAT 500,4,E01021984,0,-1
2021041065018,2021,041065018,1,9,0,5,5,2,6,0,0,7,0,0,0,0,4,1,5,6,2,21,5,1248,2,13,FIAT 500,9,E01012500,0,-1
2021010291307,2021,010291307,3,9,0,9,9,3,8,0,0,1,0,0,0,0,0,1,6,6,2,49,8,1242,1,5,FIAT 500,7,E01001569,0,-1
2021440511016,2021,440511016,1,9,0,17,19,4,8,0,0,0,2,0,7,0,0,1,2,2,2,25,5,1242,1,10,FIAT 500,3,E01017299,0,-1
2021451024508,2021,451024508,2,9,0,18,19,4,8,0,0,1,0,0,7,10,1,1,5,6,2,32,6,1242,1,7,FIAT 500,3,E01016860,0,-1
2021991011391,2021,991011391,1,9,0,17,19,5,8,0,0,0,2,0,7,0,0,1,6,6,2,17,4,1242,1,9,FIAT 500,9,-1,0,-1
2021221050977,2021,221050977,1,9,0,5,5,8,5,0,0,6,0,0,0,0,1,1,5,6,2,48,8,1248,2,12,FIAT 500,5,E01014084,0,-1
2021481118834,2021,481118834,2,4,0,14,14,7,3,0,0,1,0,0,0,0,1,1,2,2,1,36,7,471,1,2,-1,10,E01016597,0,-1
2021010312181,2021,010312181,1,4,0,18,19,5,1,0,0,0,0,0,0,0,4,1,2,2,2,56,9,471,1,2,-1,5,E01003131,0,-1
2021461069309,2021,461069309,2,5,0,14,14,2,6,0,0,1,0,0,0,0,1,1,6,6,1,26,6,471,1,1,-1,2,E01033212,0,-1
2021010334815,2021,010334815,1,4,0,14,14,3,7,0,0,8,1,0,0,0,1,1,6,6,1,27,6,471,1,4,-1,3,E01003042,0,-1
2021231083098,2021,231083098,1,4,0,16,19,1,5,0,0,0,0,0,7,10,1,1,6,6,1,68,10,471,1,0,-1,6,E01031084,0,-1
2021991073607,2021,991073607,2,4,0,3,3,4,7,0,0,0,0,0,0,0,2,1,2,2,2,55,8,471,1,2,-1,6,-1,0,-1
2021471120560,2021,471120560,2,4,0,14,14,3,7,0,0,0,0,0,0,0,4,1,5,6,1,60,9,471,1,4,-1,4,E01020928,0,-1
2021010303482,2021,010303482,2,5,0,14,14,1,5,0,0,1,0,0,0,0,1,1,6,6,1,58,9,471,1,2,-1,7,E01002578,0,-1
2021501142024,2021,501142024,1,4,0,18,19,8,4,0,0,0,1,0,1,0,1,1,5,6,1,36,7,471,1,3,-1,5,E01015163,0,-1
2021430498462,2021,430498462,1,4,0,16,19,2,5,0,0,8,0,0,0,0,1,1,6,6,1,59,9,471,1,0,-1,5,E01016421,0,-1
2021401070076,2021,401070076,2,5,0,18,19,6,2,0,0,1,0,0,0,0,4,1,5,6,1,67,10,471,1,2,-1,2,E01017601,0,-1
2021501063601,2021,501063601,2,4,0,18,19,4,8,0,0,0,0,0,0,0,1,1,5,6,2,54,8,471,1,1,-1,7,E01019045,0,-1
2021101120646,2021,101120646,2,17,0,2,2,5,1,0,0,1,0,0,0,0,2,1,1,1,1,68,10,3331,2,0,-1,5,E01027503,0,-1
2021522104952,2021,522104952,2,9,4,4,4,2,6,0,0,1,0,0,0,0,1,1,6,6,3,-1,-1,2198,2,8,LAND ROVER DEFENDER,-1,-1,0,-1
2021170H10691,2021,170H10691,1,9,0,4,4,7,3,0,0,1,0,0,0,0,1,1,6,6,1,29,6,2495,2,29,LAND ROVER DEFENDER,5,E01020772,0,-1
2021430262828,2021,430262828,1,9,0,9,9,4,2,0,0,6,0,0,0,0,3,1,6,6,2,61,9,2495,2,17,LAND ROVER DEFENDER,9,E01028649,0,-1
2021122100731,2021,122100731,1,9,0,18,19,5,1,0,0,0,1,0,0,0,1,1,6,6,1,65,9,2495,2,19,LAND ROVER DEFENDER,9,E01027794,0,-1
2021070426065,2021,070426065,2,9,0,18,19,4,8,0,0,8,0,0,0,0,1,1,6,6,1,63,9,2495,2,17,LAND ROVER DEFENDER,6,E01018481,0,-1
2021041064053,2021,041064053,1,9,0,11,11,2,2,0,0,0,0,0,0,0,1,1,6,6,3,-1,-1,2495,2,17,LAND ROVER DEFENDER,-1,-1,0,-1
202163A025121,2021,63A025121,2,9,0,9,9,2,7,0,0,8,0,0,0,0,3,1,6,6,1,32,6,2198,2,6,LAND ROVER DEFENDER,3,W01000695,0,-1
2021302100985,2021,302100985,2,9,0,18,19,6,2,0,0,0,0,0,0,0,1,1,6,6,1,77,11,2198,2,6,LAND ROVER DEFENDER,4,E01029797,0,-1
202163A011921,2021,63A011921,2,9,0,2,2,0,0,0,0,8,0,0,0,0,2,1,6,6,1,60,9,2198,2,9,LAND ROVER DEFENDER,1,W01000939,0,-1
2021031101547,2021,031101547,1,9,4,18,19,3,6,0,0,1,0,0,0,0,1,1,5,6,1,54,8,2198,2,9,LAND ROVER DEFENDER,7,E01019344,0,-1
2021991032381,2021,991032381,1,9,4,12,12,1,5,0,0,0,0,0,0,0,2,1,1,1,1,61,9,2495,2,26,LAND ROVER DEFENDER,6,-1,0,-1
2021991116613,2021,991116613,1,9,0,4,4,7,7,0,0,0,1,0,0,0,1,1,2,2,2,30,6,2495,2,17,LAND ROVER DEFENDER,6,-1,0,-1
2021991070440,2021,991070440,1,9,0,2,2,8,4,9,9,0,0,0,0,0,1,1,6,6,3,-1,-1,2402,2,13,LAND ROVER DEFENDER,-1,-1,0,-1
2021371121548,2021,371121548,2,9,0,18,19,7,3,0,0,1,0,0,0,0,3,1,5,6,2,55,8,2198,2,6,LAND ROVER DEFENDER,5,E01030199,0,-1
2021131038600,2021,131038600,1,9,0,18,19,4,8,0,0,0,5,4,0,0,1,1,5,6,1,37,7,2402,2,14,LAND ROVER DEFENDER,7,E01010760,0,-1
2021061036057,2021,061036057,2,9,0,18,19,5,1,0,0,1,0,0,0,0,2,1,5,6,1,52,8,2495,2,15,LAND ROVER DEFENDER,10,E01018573,0,-1
2021138220643,2021,138220643,1,9,0,18,19,6,8,0,0,1,0,0,0,0,3,1,6,6,1,63,9,2495,2,15,LAND ROVER DEFENDER,8,E01027563,0,-1
2021361061136,2021,361061136,1,9,0,15,15,5,1,0,0,1,0,0,0,0,1,1,5,6,2,55,8,2198,2,8,LAND ROVER DEFENDER,8,E01026886,0,-1
202163A078521,2021,63A078521,1,9,4,4,4,8,1,0,0,8,0,0,0,0,0,1,6,6,1,27,6,2495,2,25,LAND ROVER DEFENDER,-1,-1,0,-1
2021070324314,2021,070324314,2,9,0,18,19,2,6,0,0,1,0,0,0,0,1,2,2,2,1,74,10,2495,2,17,LAND ROVER DEFENDER,8,E01018465,0,-1
2021361081224,2021,361081224,2,9,0,18,19,4,1,0,0,1,1,0,0,0,1,1,5,6,1,47,8,2495,2,18,LAND ROVER DEFENDER,6,E01026737,0,-1
2021542388221,2021,542388221,1,9,0,18,19,8,4,0,0,0,2,0,7,11,1,1,6,6,2,23,5,2495,2,25,LAND ROVER DEFENDER,7,E01031849,0,-1
2021211052534,2021,211052534,1,9,-1,-1,-1,2,2,-1,-1,0,-1,-1,-1,-1,-1,1,1,1,1,58,9,2495,2,23,LAND ROVER DEFENDER,8,E01010487,0,-1
2021501029126,2021,501029126,1,9,0,18,19,6,2,0,0,0,0,0,1,11,1,1,1,1,1,59,9,2495,2,17,LAND ROVER DEFENDER,5,E01020331,0,-1
202154C559621,2021,54C559621,1,9,0,18,19,7,3,0,0,0,0,0,0,0,1,1,6,6,1,20,4,2495,2,15,LAND ROVER DEFENDER,8,E01001126,0,-1
2021991079957,2021,991079957,1,9,4,9,9,1,7,0,0,5,0,0,0,0,3,1,6,6,1,37,7,2495,2,18,LAND ROVER DEFENDER,5,-1,0,-1
2021221076221,2021,221076221,2,9,0,18,19,7,3,0,0,4,0,0,0,0,3,1,5,6,1,42,7,2495,2,17,LAND ROVER DEFENDER,-1,-1,0,-1
2021161116651,2021,161116651,3,9,0,18,19,3,7,0,0,0,0,0,0,0,1,1,2,2,1,24,5,2495,2,18,LAND ROVER DEFENDER,1,E01012880,0,-1
2021461060253,2021,461060253,2,9,0,2,2,0,0,0,0,0,0,0,0,0,4,1,6,6,2,-1,-1,2495,2,24,LAND ROVER DEFENDER,10,E01024852,0,-1
2021552100855,2021,552100855,2,9,0,18,19,4,8,0,0,0,0,0,1,0,1,1,6,6,1,20,4,2495,2,17,LAND ROVER DEFENDER,3,E01015429,0,-1
2021552101222,2021,552101222,1,9,0,1,1,8,4,0,0,0,0,0,0,0,2,1,6,6,1,54,8,2997,2,0,LAND ROVER DEFENDER,8,E01019618,0,-1
2021010342367,2021,010342367,13,9,0,2,2,0,0,0,0,1,0,0,0,0,2,1,6,6,3,-1,-1,2198,2,7,LAND ROVER DEFENDER,-1,-1,0,-1
2021320697424,2021,320697424,2,9,0,18,19,8,4,0,0,1,1,0,0,0,1,1,1,1,1,65,9,2495,2,26,LAND ROVER DEFENDER,8,E01026193,0,-1
2021221086402,2021,221086402,1,9,4,16,19,2,5,0,0,0,0,0,0,0,1,1,5,6,1,54,8,2402,2,10,LAND ROVER DEFENDER,8,E01028833,0,-1
2021451096616,2021,451096616,1,9,0,18,19,4,8,0,0,0,0,0,0,0,1,1,6,6,1,36,7,2402,2,10,LAND ROVER DEFENDER,5,E01017615,0,-1
2021351083488,2021,351083488,1,9,0,17,19,1,4,0,0,0,0,11,6,6,3,1,5,6,1,34,6,2402,2,14,LAND ROVER DEFENDER,7,E01026351,0,-1
2021221057068,2021,221057068,5,9,0,17,19,3,8,0,0,8,1,0,2,0,4,1,5,6,1,52,8,2495,2,27,LAND ROVER DEFENDER,5,E01014000,0,-1
2021101090853,2021,101090853,1,9,0,18,19,3,7,0,0,0,0,0,0,0,1,1,1,1,2,27,6,2198,2,6,LAND ROVER DEFENDER,8,E01027586,0,-1
2021531043012,2021,531043012,1,9,0,13,13,3,7,0,0,2,0,0,0,0,3,1,6,6,3,-1,-1,2495,2,18,LAND ROVER DEFENDER,-1,-1,0,-1
2021131096059,2021,131096059,2,9,0,9,9,1,5,0,0,1,0,0,0,0,4,1,6,6,1,73,10,2495,2,20,LAND ROVER DEFENDER,6,E01011083,0,-1
202163B059021,2021,63B059021,2,9,4,18,19,5,1,0,0,0,1,0,7,0,3,1,6,6,2,34,6,2402,2,11,LAND ROVER DEFENDER,6,W01000559,0,-1
2021501117964,2021,501117964,1,9,0,9,9,3,1,0,0,3,1,0,0,0,1,1,5,6,1,17,4,2495,2,15,LAND ROVER DEFENDER,10,E01020166,0,-1
2021552100730,2021,552100730,3,9,0,18,19,7,3,0,0,1,0,0,0,0,1,1,2,2,1,45,7,2402,2,11,LAND ROVER DEFENDER,6,E01020398,0,-1
2021111110558,2021,111110558,1,9,0,18,19,2,6,0,0,0,0,0,0,0,3,1,5,6,1,60,9,2495,2,24,LAND ROVER DEFENDER,3,E01020845,0,-1
2021501104448,2021,501104448,1,9,0,9,9,8,6,0,0,1,0,0,0,0,1,1,2,2,1,47,8,2495,2,27,LAND ROVER DEFENDER,5,E01033289,0,-1
2021401102969,2021,401102969,1,9,0,17,19,5,1,0,0,0,2,0,7,9,1,1,5,6,1,71,10,2495,2,15,LAND ROVER DEFENDER,10,E01017393,0,-1
2021471074537,2021,471074537,2,9,0,18,19,5,1,0,0,8,0,0,0,0,1,1,5,6,1,59,9,2198,2,6,LAND ROVER DEFENDER,10,E01031758,0,-1
2021552101274,2021,552101274,1,9,0,17,19,6,2,0,0,0,0,0,0,0,1,1,6,6,1,47,8,2402,2,11,LAND ROVER DEFENDER,6,E01020534,0,-1
2021991020444,2021,991020444,1,9,0,9,9,7,5,0,0,8,0,0,0,0,3,1,1,1,1,28,6,2198,2,8,LAND ROVER DEFENDER,3,-1,0,-1
2021471110261,2021,471110261,1,9,0,5,5,6,3,0,0,2,0,0,0,0,4,1,5,6,1,20,4,2495,2,17,LAND ROVER DEFENDER,8,E01031634,0,-1
2021361087628,2021,361087628,1,9,0,18,19,3,7,0,0,0,2,0,0,0,4,1,1,1,1,64,9,2198,2,8,LAND ROVER DEFENDER,8,E01026929,0,-1
2021451066898,2021,451066898,2,9,0,12,12,3,7,0,0,2,0,0,0,0,1,1,6,6,1,51,8,1999,2,1,LAND ROVER DEFENDER,4,E01004728,0,-1
2021201073692,2021,201073692,2,9,0,2,2,0,0,0,0,0,0,0,0,0,3,1,6,6,2,-1,-1,2495,2,26,LAND ROVER DEFENDER,-1,-1,0,-1
202163D013421,2021,63D013421,3,9,0,3,3,2,6,0,0,8,0,0,0,0,2,1,6,6,1,67,10,2402,2,11,LAND ROVER DEFENDER,8,W01000429,0,-1
2021101019397,2021,101019397,1,9,0,9,9,6,4,0,0,5,0,0,0,0,1,1,5,6,1,34,6,2495,2,20,LAND ROVER DEFENDER,3,E01008803,0,-1
2021552101162,2021,552101162,1,9,0,9,9,2,8,0,0,6,5,0,1,0,4,1,6,6,1,52,8,2495,2,22,LAND ROVER DEFENDER,6,E01020462,0,-1
2021501096910,2021,501096910,1,9,4,9,9,4,2,0,0,6,0,0,0,0,4,1,1,1,1,54,8,2198,2,6,LAND ROVER DEFENDER,-1,-1,0,-1
2021501098930,2021,501098930,2,9,0,18,19,2,6,0,0,1,0,0,0,0,1,1,6,6,1,58,9,2785,2,24,LAND ROVER DEFENDER,5,E01018921,0,-1
2021221020402,2021,221020402,2,9,0,14,14,4,8,0,0,0,0,4,0,0,1,1,5,6,1,51,8,2495,2,24,LAND ROVER DEFENDER,5,E01014004,0,-1
2021131105314,2021,131105314,1,9,0,18,19,5,1,0,0,0,0,0,0,0,4,1,1,1,1,75,10,2198,2,7,LAND ROVER DEFENDER,7,E01011205,0,-1
2021122100659,2021,122100659,1,9,4,17,19,6,2,0,0,0,2,0,7,1,1,1,1,1,1,24,5,2402,2,11,LAND ROVER DEFENDER,8,E01027643,0,-1
2021440283406,2021,440283406,2,9,0,4,4,3,7,0,0,5,0,0,0,0,1,1,6,6,1,18,4,2495,2,19,LAND ROVER DEFENDER,10,E01020418,0,-1
2021070075587,2021,070075587,1,9,0,18,19,7,3,0,0,1,0,0,0,0,1,1,6,6,1,77,11,2495,2,16,LAND ROVER DEFENDER,7,E01029806,0,-1
2021552100899,2021,552100899,2,9,0,18,19,6,3,0,0,8,5,0,0,0,1,1,6,6,1,67,10,2198,2,5,LAND ROVER DEFENDER,9,E01023254,0,-1
2021461020367,2021,461020367,2,9,0,16,19,5,1,0,0,1,1,0,0,0,3,1,5,6,1,65,9,2495,2,19,LAND ROVER DEFENDER,9,E01024159,0,-1
2021541925521,2021,541925521,2,9,0,17,19,2,7,0,0,1,5,0,7,10,4,1,6,6,1,20,4,2495,2,29,LAND ROVER DEFENDER,7,E01032073,0,-1
2021440468150,2021,440468150,2,9,0,18,19,1,5,0,0,7,0,0,0,0,1,1,6,6,1,23,5,2495,2,19,LAND ROVER DEFENDER,3,E01022487,0,-1
2021552100102,2021,552100102,1,9,0,16,19,5,8,0,0,0,1,0,0,0,3,1,6,6,1,71,10,2495,2,30,LAND ROVER DEFENDER,7,E01020430,0,-1
2021122100397,2021,122100397,2,9,0,9,9,5,3,0,0,1,0,0,0,0,3,1,6,6,2,35,6,2198,2,6,LAND ROVER DEFENDER,8,E01027900,0,-1
2021221120676,2021,221120676,1,9,0,9,9,5,3,0,0,6,0,0,0,0,3,1,5,6,1,29,6,2495,2,24,LAND ROVER DEFENDER,6,E01032472,0,-1
2021161027334,2021,161027334,2,9,0,5,5,2,6,0,0,1,0,0,0,0,1,1,6,6,2,39,7,2495,2,27,LAND ROVER DEFENDER,6,E01012923,0,-1
2021552100671,2021,552100671,2,9,0,2,2,0,0,0,0,0,0,0,0,0,1,1,6,6,3,-1,-1,2495,2,20,LAND ROVER DEFENDER,-1,-1,0,-1
2021610057721,2021,610057721,1,9,0,16,19,5,8,0,0,0,2,0,7,3,1,1,2,2,1,23,5,2495,2,29,LAND ROVER DEFENDER,9,W01001590,0,-1
2021131098594,2021,131098594,3,9,0,2,2,0,0,0,0,1,0,0,0,0,4,1,6,6,3,-1,-1,2402,2,10,LAND ROVER DEFENDER,-1,-1,0,-1
2021471099165,2021,471099165,2,9,0,18,19,3,7,0,0,8,0,0,7,10,1,1,5,6,1,32,6,2495,2,17,LAND ROVER DEFENDER,10,E01023230,0,-1
2021471101663,2021,471101663,2,9,0,18,19,2,6,0,0,1,0,0,0,0,1,1,5,6,1,59,9,2495,2,19,LAND ROVER DEFENDER,7,E01021189,0,-1
2021549425321,2021,549425321,1,9,0,18,19,6,2,0,0,0,0,0,0,0,4,1,6,6,1,61,9,2495,2,27,LAND ROVER DEFENDER,8,E01031868,0,-1
2021501070479,2021,501070479,1,9,0,1,1,7,3,0,0,1,0,0,0,0,2,1,5,6,1,72,10,2495,2,15,LAND ROVER DEFENDER,5,E01018780,0,-1
2021501081429,2021,501081429,1,9,4,16,19,8,4,0,0,0,0,0,0,0,1,1,5,6,1,53,8,2495,2,26,LAND ROVER DEFENDER,7,E01020074,0,-1
2021221091482,2021,221091482,2,9,0,18,19,4,8,0,0,0,5,0,7,10,3,1,5,6,1,44,7,2402,2,11,LAND ROVER DEFENDER,-1,-1,0,-1
2021991045558,2021,991045558,1,9,0,18,19,7,3,0,0,0,2,0,1,0,1,1,5,6,2,29,6,2495,2,19,LAND ROVER DEFENDER,8,-1,0,-1
202134NNC2151,2021,34NNC2151,1,9,0,18,19,3,3,0,0,3,0,0,0,0,1,1,6,6,1,28,6,2401,2,14,LAND ROVER DEFENDER,-1,-1,0,-1
2021421037156,2021,421037156,1,9,1,18,19,4,8,0,0,0,0,0,0,0,3,1,6,6,1,-1,-1,2402,2,13,LAND ROVER DEFENDER,-1,-1,0,-1
2021010321360,2021,010321360,2,9,9,99,99,9,9,99,99,9,9,99,9,99,9,9,6,6,2,51,8,2495,2,16,LAND ROVER DEFENDER,4,E01023333,0,-1
2021101048633,2021,101048633,2,9,0,3,3,1,5,0,0,4,0,0,0,0,1,1,2,2,1,54,8,2402,2,11,LAND ROVER DEFENDER,9,E01027379,0,-1
202134WNC7211,2021,34WNC7211,1,9,0,16,19,7,3,0,0,0,5,0,1,7,1,1,6,6,1,60,9,2198,2,7,LAND ROVER DEFENDER,8,E01027304,0,-1
2021320010414,2021,320010414,2,9,4,9,9,2,6,0,0,8,0,0,0,0,0,1,1,1,1,53,8,2495,2,23,LAND ROVER DEFENDER,3,E01026117,0,-1
2021411033595,2021,411033595,1,9,0,6,6,1,5,0,0,0,0,0,0,0,3,1,2,2,1,31,6,2495,2,19,LAND ROVER DEFENDER,4,E01017570,0,-1
2021991074789,2021,991074789,2,9,0,16,19,1,5,0,0,1,1,0,0,0,4,1,2,2,1,30,6,2495,2,29,LAND ROVER DEFENDER,5,-1,0,-1
2021440299690,2021,440299690,1,9,0,16,19,1,5,0,0,0,1,0,0,0,1,1,6,6,1,35,6,2495,2,24,LAND ROVER DEFENDER,2,E01017241,0,-1
2021141019827,2021,141019827,1,9,0,18,19,8,4,0,0,0,0,0,0,0,4,1,6,6,1,63,9,2495,2,15,LAND ROVER DEFENDER,5,E01007762,0,-1
2021501108637,2021,501108637,1,9,0,13,13,7,3,0,0,0,1,0,6,6,1,1,5,6,2,27,6,2495,2,25,LAND ROVER DEFENDER,5,E01019066,0,-1
2021361135699,2021,361135699,2,9,0,4,4,3,7,0,0,0,0,0,0,0,1,1,1,1,1,30,6,2198,2,6,LAND ROVER DEFENDER,6,E01026701,0,-1
2021501103018,2021,501103018,1,9,0,18,19,3,7,0,0,1,0,0,0,0,1,1,5,6,1,76,11,2495,2,18,LAND ROVER DEFENDER,4,E01018777,0,-1
2021361029502,2021,361029502,1,9,0,13,13,1,5,0,0,1,0,0,7,0,1,1,2,2,1,41,7,2495,2,17,LAND ROVER DEFENDER,6,E01026436,0,-1
2021991039563,2021,991039563,1,9,0,18,19,2,6,0,0,0,5,0,7,0,3,1,6,6,1,62,9,2402,2,10,LAND ROVER DEFENDER,9,-1,0,-1
2021221122090,2021,221122090,1,9,4,18,19,7,3,0,0,0,5,0,0,0,1,1,1,1,1,49,8,2495,2,23,LAND ROVER DEFENDER,6,E01028851,0,-1
202154B086221,2021,54B086221,1,9,0,18,19,3,7,0,0,0,1,0,1,4,1,1,6,6,2,41,7,2495,2,25,LAND ROVER DEFENDER,8,E01032095,0,-1
2021430454087,2021,430454087,2,9,0,1,1,2,6,0,0,8,0,0,0,0,4,1,6,6,1,-1,-1,1999,2,1,LAND ROVER DEFENDER,-1,-1,0,-1
2021361071146,2021,361071146,2,9,4,10,10,6,1,0,0,2,0,0,0,0,3,1,1,1,1,58,9,2495,2,17,LAND ROVER DEFENDER,8,E01026517,0,-1
2021161063307,2021,161063307,1,9,0,9,9,2,8,0,0,6,0,0,0,0,1,1,5,6,1,49,8,2997,2,1,LAND ROVER DEFENDER,10,E01013111,0,-1
2021430519606,2021,430519606,1,9,0,18,19,8,4,0,0,0,0,0,0,0,1,1,6,6,1,44,7,1997,1,1,LAND ROVER DEFENDER,9,E01016539,0,-1
2021421125945,2021,421125945,2,9,0,18,19,4,2,0,0,0,0,0,0,0,3,2,5,6,2,44,7,2997,2,0,LAND ROVER DEFENDER,7,E01021470,0,-1
2021552100694,2021,552100694,2,9,0,18,19,3,7,0,0,8,0,0,0,0,1,1,3,7,1,47,8,2500,2,30,LAND ROVER DEFENDER,10,E01020423,0,-1
2021461119371,2021,461119371,3,9,0,5,5,6,2,0,0,0,0,0,0,0,2,1,6,6,1,58,9,2402,2,12,LAND ROVER DEFENDER,8,E01024822,0,-1
2021031136377,2021,031136377,1,9,0,16,19,4,8,6,6,0,2,0,1,10,1,1,1,1,1,57,9,2495,2,15,LAND ROVER DEFENDER,6,E01019351,0,-1
2021501116870,2021,501116870,1,9,0,11,11,6,2,0,0,0,0,0,0,0,3,1,6,6,2,52,8,1997,1,0,LAND ROVER DEFENDER,4,E01020138,0,-1
2021351072537,2021,351072537,2,9,0,18,19,8,4,6,6,0,0,0,0,0,2,1,5,6,1,58,9,2198,2,6,LAND ROVER DEFENDER,9,E01018275,0,-1
2021451069236,2021,451069236,2,9,0,18,19,4,8,0,0,0,0,0,0,0,1,1,3,7,1,42,7,2198,2,8,LAND ROVER DEFENDER,8,E01030491,0,-1
2021111048576,2021,111048576,1,9,0,18,19,5,1,0,0,0,2,7,4,6,4,1,6,6,1,50,8,2495,2,14,LAND ROVER DEFENDER,2,E01020771,0,-1
2021451098142,2021,451098142,3,9,0,3,3,4,8,0,0,0,0,0,0,0,2,1,2,2,1,43,7,2495,2,24,LAND ROVER DEFENDER,4,E01032858,0,-1
2021231089805,2021,231089805,3,9,0,18,19,4,8,0,0,0,0,0,0,0,3,1,2,2,1,46,8,2198,2,6,LAND ROVER DEFENDER,10,E01010108,0,-1
2021070269446,2021,070269446,2,9,0,2,2,0,0,0,0,0,0,0,0,0,2,1,6,6,3,-1,-1,2495,2,19,LAND ROVER DEFENDER,-1,-1,0,-1
2021122100284,2021,122100284,2,9,0,3,3,6,2,0,0,1,0,0,0,0,2,1,6,6,1,65,9,2495,2,27,LAND ROVER DEFENDER,10,E01013424,0,-1
2021131038830,2021,131038830,2,9,0,18,19,6,2,0,0,8,1,0,1,10,1,1,6,6,2,41,7,2495,2,25,LAND ROVER DEFENDER,5,E01011392,0,-1
2021122100241,2021,122100241,2,9,0,2,2,0,0,0,0,0,5,0,1,0,0,1,6,6,3,-1,-1,2198,2,7,LAND ROVER DEFENDER,-1,-1,0,-1
2021041105818,2021,041105818,1,9,0,18,19,4,8,0,0,0,0,0,0,0,1,1,2,2,1,65,9,2495,2,19,LAND ROVER DEFENDER,6,E01024991,0,-1
2021302100520,2021,302100520,2,9,0,18,19,8,4,0,0,1,0,0,0,0,1,1,3,7,1,56,9,2495,2,23,LAND ROVER DEFENDER,9,E01019772,0,-1
2021320098503,2021,320098503,1,9,0,18,19,8,4,0,0,0,0,0,0,0,1,1,6,6,2,35,6,1999,2,1,LAND ROVER DEFENDER,-1,-1,0,-1
202134WNC0491,2021,34WNC0491,2,9,0,18,19,6,4,0,0,8,0,0,0,0,1,1,1,1,1,41,7,2198,2,7,LAND ROVER DEFENDER,10,E01032983,0,-1
2021440148102,2021,440148102,1,9,0,18,19,3,7,0,0,0,0,0,1,4,4,1,2,2,1,20,4,2495,2,29,LAND ROVER DEFENDER,9,E01023064,0,-1
2021461065674,2021,461065674,1,9,0,4,4,3,7,0,0,0,0,0,0,0,0,1,1,1,1,34,6,2198,2,8,LAND ROVER DEFENDER,-1,-1,0,-1
2021471014666,2021,471014666,2,9,0,18,19,1,5,0,0,0,0,0,0,0,1,1,5,6,1,53,8,2402,2,13,LAND ROVER DEFENDER,9,E01021203,0,-1