collision_index,collision_year,collision_ref_no,vehicle_reference,vehicle_type,towing_and_articulation,vehicle_manoeuvre_historic,vehicle_manoeuvre,vehicle_direction_from,vehicle_direction_to,vehicle_location_restricted_lane_historic,vehicle_location_restricted_lane,junction_location,skidding_and_overturning,hit_object_in_carriageway,vehicle_leaving_carriageway,hit_object_off_carriageway,first_point_of_impact,vehicle_left_hand_drive,journey_purpose_of_driver_historic,journey_purpose_of_driver,sex_of_driver,age_of_driver,age_band_of_driver,engine_capacity_cc,propulsion_code,age_of_vehicle,generic_make_model,driver_imd_decile,lsoa_of_driver,escooter_flag,driver_distance_banding
2021522103863,2021,522103863,1,9,0,18,19,5,1,0,0,0,0,0,0,0,1,1,6,6,1,32,6,2402,2,14,LAND ROVER DEFENDER,-1,-1,0,-1
2021351021893,2021,351021893,2,9,0,2,2,0,0,0,0,0,0,0,0,0,2,1,5,6,1,-1,-1,2198,2,9,LAND ROVER DEFENDER,-1,-1,0,-1
2021221063817,2021,221063817,1,9,0,18,19,4,8,0,0,0,1,0,0,0,1,1,2,2,1,20,4,2495,2,15,LAND ROVER DEFENDER,5,E01028869,0,-1
2021010332584,2021,010332584,2,9,0,18,19,7,3,0,0,0,0,0,0,0,1,1,6,6,1,66,10,2495,2,24,LAND ROVER DEFENDER,2,E01001250,0,-1
2021440338568,2021,440338568,1,9,0,17,19,7,3,0,0,0,0,0,2,4,1,1,6,6,1,36,7,2198,2,7,LAND ROVER DEFENDER,6,E01015369,0,-1
2021501115208,2021,501115208,1,9,0,18,19,5,1,0,0,0,0,0,0,0,4,1,6,6,1,61,9,2495,2,26,LAND ROVER DEFENDER,5,E01018940,0,-1
2021231051632,2021,231051632,2,9,0,18,19,2,7,0,0,8,0,0,0,0,1,1,5,6,1,35,6,2495,2,26,LAND ROVER DEFENDER,7,E01032892,0,-1
2021010319782,2021,010319782,2,9,0,18,19,5,1,0,0,1,0,0,0,0,3,1,6,6,1,64,9,2495,2,24,LAND ROVER DEFENDER,5,E01002520,0,-1
2021361033372,2021,361033372,1,9,0,18,19,7,3,0,0,0,0,0,0,0,3,1,5,6,1,52,8,2198,2,8,LAND ROVER DEFENDER,4,E01026697,0,-1
2021031111179,2021,031111179,1,9,0,13,13,5,1,0,0,8,1,0,0,0,1,1,2,2,1,21,5,2495,2,28,LAND ROVER DEFENDER,7,E01019258,0,-1
2021320381862,2021,320381862,1,9,0,18,19,8,4,0,0,8,2,0,1,4,1,1,6,6,1,21,5,2402,2,13,LAND ROVER DEFENDER,7,E01026397,0,-1
2021471056077,2021,471056077,2,9,0,18,19,8,4,0,0,1,0,0,0,0,1,1,5,6,2,70,10,2495,2,25,LAND ROVER DEFENDER,6,E01021145,0,-1
2021991020436,2021,991020436,2,9,0,16,19,1,4,0,0,0,0,0,0,0,2,1,6,6,1,29,6,2495,2,19,LAND ROVER DEFENDER,5,-1,0,-1
2021141039351,2021,141039351,1,9,0,13,13,8,4,0,0,0,0,0,0,0,4,1,2,2,1,65,9,2495,2,23,LAND ROVER DEFENDER,7,E01007748,0,-1
2021122101330,2021,122101330,2,9,0,2,2,0,0,0,0,0,0,0,0,0,2,1,6,6,3,-1,-1,2495,2,15,LAND ROVER DEFENDER,-1,-1,0,-1
2021501110095,2021,501110095,1,9,4,18,19,5,1,0,0,1,1,0,1,0,1,1,1,1,1,37,7,2495,2,18,LAND ROVER DEFENDER,4,E01019063,0,-1
2021421104401,2021,421104401,2,9,0,18,19,5,1,0,0,0,0,0,0,0,1,1,6,6,1,55,8,2495,2,19,LAND ROVER DEFENDER,8,E01021735,0,-1
2021461115299,2021,461115299,2,9,0,4,4,7,3,0,0,1,0,0,0,0,2,1,6,6,1,59,9,2495,2,27,LAND ROVER DEFENDER,9,E01024834,0,-1
2021520103378,2021,520103378,3,9,0,3,3,4,8,0,0,1,0,0,0,0,3,1,6,6,1,33,6,2198,2,6,LAND ROVER DEFENDER,6,E01032051,0,-1
2021221041328,2021,221041328,2,9,0,17,19,2,6,0,0,0,0,0,0,0,1,1,5,6,1,53,8,2495,2,16,LAND ROVER DEFENDER,4,E01014003,0,-1
2021451018199,2021,451018199,2,9,0,16,19,1,5,0,0,0,0,0,0,0,1,1,1,1,1,30,6,2495,2,25,LAND ROVER DEFENDER,9,E01030875,0,-1
2021371080419,2021,371080419,2,9,0,18,19,2,6,0,0,0,0,0,0,0,1,1,1,1,1,38,7,2198,2,8,LAND ROVER DEFENDER,6,E01030003,0,-1
2021471027897,2021,471027897,1,9,0,18,19,1,5,0,0,0,5,0,2,11,4,1,6,6,1,27,6,2495,2,23,LAND ROVER DEFENDER,-1,-1,0,-1
2021010312025,2021,010312025,1,9,0,13,13,2,6,9,9,2,2,10,1,0,0,1,2,2,1,28,6,2402,2,12,LAND ROVER DEFENDER,4,E01002304,0,-1
2021031046817,2021,031046817,2,9,0,16,19,2,6,0,0,0,0,0,0,0,1,1,5,6,2,40,7,2402,2,12,LAND ROVER DEFENDER,10,E01029442,0,-1
2021010301209,2021,010301209,2,9,0,4,4,3,7,99,99,9,0,0,0,0,9,1,6,6,3,-1,-1,2198,2,7,LAND ROVER DEFENDER,-1,-1,0,-1
2021010315119,2021,010315119,1,9,0,8,8,5,7,0,0,6,0,0,0,0,3,1,6,6,2,45,7,2198,2,7,LAND ROVER DEFENDER,2,E01004197,0,-1
2021221119602,2021,221119602,2,9,4,17,19,2,7,0,0,0,0,0,1,0,1,1,1,1,1,76,11,2495,2,15,LAND ROVER DEFENDER,8,E01029688,0,-1
2021320310329,2021,320310329,3,9,0,18,19,2,6,0,0,0,0,0,0,0,2,1,6,6,1,31,6,2997,2,0,LAND ROVER DEFENDER,7,E01026218,0,-1
2021302100444,2021,302100444,2,9,0,18,19,8,4,0,0,1,0,0,0,0,1,1,6,6,1,59,9,2495,2,25,LAND ROVER DEFENDER,5,E01032586,0,-1
2021111103009,2021,111103009,1,9,0,16,19,6,5,0,0,0,0,0,0,0,1,1,6,6,1,21,5,2495,2,29,LAND ROVER DEFENDER,8,E01012294,0,-1
2021451035649,2021,451035649,2,9,0,18,19,3,7,0,0,1,1,0,0,0,1,2,6,6,2,35,6,2495,2,26,LAND ROVER DEFENDER,10,E01030807,0,-1
2021430483150,2021,430483150,2,9,0,18,19,3,7,0,0,1,0,0,0,0,1,1,6,6,1,-1,-1,1999,2,1,LAND ROVER DEFENDER,-1,-1,0,-1
2021471066277,2021,471066277,2,9,0,4,4,2,6,0,0,1,0,0,0,0,2,1,5,6,2,38,7,2495,2,17,LAND ROVER DEFENDER,6,E01021145,0,-1
2021471050412,2021,471050412,2,9,0,18,19,5,1,0,0,1,0,0,7,4,1,1,5,6,1,74,10,2495,2,14,LAND ROVER DEFENDER,10,E01031424,0,-1
2021302101354,2021,302101354,2,9,0,18,19,2,6,0,0,4,0,0,0,0,1,1,6,6,3,-1,-1,2402,2,12,LAND ROVER DEFENDER,5,E01019456,0,-1
20211383O0976,2021,1383O0976,2,9,0,18,19,2,6,0,0,8,0,0,0,0,1,1,6,6,1,21,5,2495,2,18,LAND ROVER DEFENDER,4,E01026207,0,-1
2021010315474,2021,010315474,2,9,9,99,99,9,9,99,99,9,9,99,9,99,9,9,6,6,2,47,8,2198,2,7,LAND ROVER DEFENDER,2,E01033713,0,-1
2021061056614,2021,061056614,2,9,0,17,19,4,1,0,0,8,0,0,0,0,1,1,5,6,2,49,8,2495,2,16,LAND ROVER DEFENDER,-1,-1,0,-1
2021501133763,2021,501133763,1,9,0,18,19,1,5,0,0,0,0,0,0,0,1,1,6,6,2,52,8,2495,2,17,LAND ROVER DEFENDER,6,E01015187,0,-1
2021231107172,2021,231107172,2,9,0,13,13,6,2,0,0,0,5,0,7,0,4,1,5,6,1,27,6,2495,2,20,LAND ROVER DEFENDER,6,E01031159,0,-1
2021371020214,2021,371020214,1,9,0,1,1,7,3,0,0,8,0,0,0,0,2,1,5,6,1,54,8,2495,2,25,LAND ROVER DEFENDER,6,E01030081,0,-1
2021351121110,2021,351121110,2,9,0,17,19,1,5,0,0,0,0,0,1,0,3,1,6,6,1,51,8,2198,2,8,LAND ROVER DEFENDER,9,E01018298,0,-1
2021451035944,2021,451035944,1,3,0,18,19,7,3,0,0,8,2,0,0,0,1,1,2,2,1,17,4,124,1,1,LEXMOTO ISCA 125,8,E01030393,0,-1
2021430309708,2021,430309708,1,3,0,4,4,5,1,0,0,1,1,0,0,0,1,1,6,6,1,18,4,124,1,1,LEXMOTO ISCA 125,6,E01016471,0,-1
2021320411832,2021,320411832,1,3,0,13,13,5,1,0,0,1,0,7,1,0,4,1,2,2,1,17,4,124,1,1,LEXMOTO ISCA 125,3,E01026033,0,-1
2021461034048,2021,461034048,1,3,0,18,19,1,5,0,0,2,1,0,0,0,1,1,5,6,1,17,4,124,1,1,LEXMOTO ISCA 125,5,E01016151,0,-1
2021302101358,2021,302101358,1,3,0,18,19,3,8,0,0,8,0,0,0,0,1,1,2,2,1,57,9,124,1,1,LEXMOTO ISCA 125,1,E01019444,0,-1
2021522102165,2021,522102165,2,3,0,18,19,7,3,0,0,8,0,0,0,0,4,1,6,6,1,22,5,124,1,2,LEXMOTO ISCA 125,1,E01014833,0,-1
2021052101331,2021,052101331,2,3,0,18,19,7,3,0,0,1,1,0,0,0,1,1,1,1,1,24,5,124,1,1,LEXMOTO ISCA 125,2,E01006785,0,-1
2021201109929,2021,201109929,2,3,0,5,5,3,7,0,0,8,0,0,0,0,1,1,6,6,1,20,4,124,1,1,LEXMOTO ISCA 125,6,E01009618,0,-1
2021361134372,2021,361134372,1,3,0,18,19,7,3,0,0,0,1,0,0,0,4,1,2,2,1,34,6,124,1,1,LEXMOTO ISCA 125,3,E01026617,0,-1
2021010318960,2021,010318960,3,3,0,99,99,9,9,99,99,0,9,99,9,99,1,1,6,6,1,18,4,124,1,2,LEXMOTO ISCA 125,9,E01000436,0,-1
2021552101375,2021,552101375,1,3,0,18,19,1,5,0,0,0,0,0,0,0,1,1,6,6,1,33,6,124,1,2,LEXMOTO ISCA 125,2,E01015341,0,-1
2021070517592,2021,070517592,1,3,0,16,19,7,3,0,0,1,2,10,7,10,3,1,6,6,1,18,4,124,1,1,LEXMOTO ISCA 125,10,E01012513,0,-1
2021211082662,2021,211082662,2,3,0,18,19,3,7,0,0,1,0,0,0,0,1,1,2,2,1,27,6,124,1,1,LEXMOTO ISCA 125,5,E01029647,0,-1
2021430276988,2021,430276988,1,3,0,18,19,2,6,0,0,8,1,0,0,0,1,1,6,6,2,33,6,124,1,1,LEXMOTO ISCA 125,-1,-1,0,-1
2021101118866,2021,101118866,2,3,0,18,19,1,5,0,0,0,2,0,0,0,1,1,2,2,1,23,5,124,1,2,LEXMOTO ISCA 125,4,E01008483,0,-1
2021320402646,2021,320402646,1,3,0,18,19,6,2,0,0,1,1,0,0,0,4,1,6,6,1,19,4,124,1,1,LEXMOTO ISCA 125,1,E01026073,0,-1
2021141097778,2021,141097778,2,3,0,18,19,2,5,0,0,1,0,0,0,0,4,1,2,2,1,57,9,124,1,1,LEXMOTO ISCA 125,4,E01007536,0,-1
2021421034400,2021,421034400,1,3,0,11,11,2,4,7,6,0,0,0,0,0,1,1,1,1,1,33,6,124,1,1,LEXMOTO ISCA 125,8,E01021510,0,-1
2021501019250,2021,501019250,1,3,0,16,19,2,6,0,0,1,1,0,7,0,1,1,2,2,1,21,5,124,1,1,LEXMOTO ISCA 125,4,E01020309,0,-1
2021070442506,2021,070442506,1,2,0,5,5,5,8,0,0,3,1,0,0,0,4,1,6,6,1,18,4,124,1,1,LEXMOTO ISCA 125,10,E01012513,0,-1
2021501132929,2021,501132929,2,9,0,18,19,5,1,0,0,1,5,0,1,0,1,1,6,6,1,55,8,4608,1,14,-1,2,E01019076,0,-1
2021010337734,2021,010337734,2,9,0,18,19,5,1,0,0,1,0,0,0,0,3,1,6,6,1,29,6,4608,1,12,-1,2,E01003124,0,-1
2021141041995,2021,141041995,1,9,0,18,19,6,2,0,0,1,0,0,0,0,1,1,5,6,1,40,7,4608,1,14,-1,1,E01007317,0,-1
2021401126765,2021,401126765,3,9,0,5,5,3,8,0,0,0,0,0,0,0,1,1,5,6,1,55,8,1300,1,22,-1,8,E01017455,0,-1
2021552100569,2021,552100569,2,9,0,18,19,4,8,0,0,0,0,0,0,0,1,1,6,6,1,76,11,1498,1,20,-1,10,E01022684,0,-1
2021401064532,2021,401064532,1,9,0,4,4,8,3,0,0,0,0,0,0,0,1,1,5,6,1,64,9,1323,1,19,-1,8,E01022092,0,-1
2021010337667,2021,010337667,1,9,0,9,9,1,6,0,0,5,0,0,0,0,1,1,6,6,1,54,8,1498,1,18,-1,2,E01001555,0,-1
2021010319493,2021,010319493,1,9,0,18,19,7,3,0,0,2,0,0,0,0,3,1,2,2,1,27,6,1499,1,1,MINI COOPER,2,E01004296,0,-1
2021320263371,2021,320263371,3,9,0,18,19,8,4,0,0,1,0,0,0,0,3,1,6,6,2,49,8,1598,2,8,MINI COOPER,6,E01026205,0,-1
2021552100539,2021,552100539,2,9,0,10,10,7,5,0,0,5,0,0,0,0,2,1,6,6,1,41,7,1499,1,6,MINI COOPER,5,E01020431,0,-1
202154B729821,2021,54B729821,1,9,0,18,19,5,1,0,0,0,0,0,0,0,4,1,6,6,1,55,8,1998,1,5,MINI COOPER,7,E01031891,0,-1
2021010304299,2021,010304299,1,9,0,4,4,3,7,0,0,0,0,0,0,0,1,1,6,6,1,25,5,1598,1,13,MINI COOPER,7,E01023328,0,-1
2021461092248,2021,461092248,1,9,0,18,19,3,7,0,0,0,0,0,0,0,1,1,6,6,1,22,5,1598,1,16,MINI COOPER,9,E01024834,0,-1
2021041119814,2021,041119814,1,9,0,5,5,3,7,0,0,8,0,0,0,0,1,1,5,6,2,52,8,1499,1,0,MINI COOPER,8,E01025090,0,-1
2021320576735,2021,320576735,2,9,0,18,19,6,2,0,0,0,1,0,7,0,3,1,6,6,2,51,8,1598,1,16,MINI COOPER,2,E01026328,0,-1
2021161020156,2021,161020156,1,9,0,18,19,3,1,0,0,0,0,0,0,0,1,1,2,2,2,23,5,1598,1,14,MINI COOPER,1,E01012789,0,-1
2021201078456,2021,201078456,2,9,0,18,19,7,3,0,0,1,0,0,0,0,3,1,6,6,2,52,8,1598,1,15,MINI COOPER,1,E01033633,0,-1
2021451090287,2021,451090287,2,9,0,2,2,0,0,0,0,1,0,0,0,0,4,1,6,6,3,-1,-1,1598,1,10,MINI COOPER,-1,-1,0,-1
2021451049464,2021,451049464,3,9,0,18,19,7,3,0,0,0,0,0,0,0,0,1,5,6,2,83,11,1499,1,4,MINI COOPER,10,E01030350,0,-1
2021061109242,2021,061109242,2,9,0,18,19,8,4,0,0,1,0,0,0,0,3,1,6,6,1,29,6,1600,2,10,MINI COOPER,10,E01022870,0,-1
202134WNC2061,2021,34WNC2061,2,9,0,18,19,5,1,0,0,2,5,0,1,0,2,1,6,6,1,63,9,1995,2,10,MINI COOPER,9,E01027022,0,-1
2021031105038,2021,031105038,2,9,0,18,19,3,7,0,0,0,0,0,0,0,2,2,1,1,2,28,6,1499,1,3,MINI COOPER,9,E01019124,0,-1
2021471061651,2021,471061651,1,9,0,9,9,2,8,0,0,1,0,0,0,0,1,1,5,6,2,31,6,1598,1,15,MINI COOPER,8,E01031545,0,-1
2021451080760,2021,451080760,2,9,0,18,19,7,3,0,0,0,1,0,1,4,1,1,5,6,1,23,5,1598,1,13,MINI COOPER,6,E01024432,0,-1
2021070682866,2021,070682866,1,9,0,5,5,1,5,0,0,6,0,0,0,0,1,1,6,6,2,35,6,1598,1,14,MINI COOPER,3,E01018423,0,-1
2021010315660,2021,010315660,1,9,0,18,19,5,1,0,0,8,0,0,0,0,3,1,2,2,1,42,7,1560,2,13,MINI COOPER,10,E01021345,0,-1
2021010333106,2021,010333106,2,9,0,2,2,0,0,0,0,0,0,4,0,0,2,1,6,6,3,-1,-1,1598,1,19,MINI COOPER,-1,-1,0,-1
2021131100422,2021,131100422,5,9,0,2,2,0,0,0,0,0,0,0,0,0,2,1,6,6,3,-1,-1,1499,1,4,MINI COOPER,-1,-1,0,-1
2021440150746,2021,440150746,1,9,0,12,12,5,1,0,0,8,0,0,0,0,1,1,2,2,2,48,8,1499,1,1,MINI COOPER,7,E01032881,0,-1
2021131106720,2021,131106720,2,9,0,4,4,3,7,0,0,8,0,0,0,0,2,1,5,6,2,52,8,1598,1,7,MINI COOPER,10,E01010772,0,-1
2021010346072,2021,010346072,1,9,0,18,19,1,5,0,0,0,2,0,1,0,1,1,2,2,2,35,6,1995,2,5,MINI COOPER,6,E01001990,0,-1
2021052101242,2021,052101242,1,9,0,9,9,5,3,0,0,5,0,0,0,0,1,1,6,6,2,28,6,1995,2,4,MINI COOPER,6,E01007287,0,-1
2021421062982,2021,421062982,1,9,0,18,19,1,5,0,0,0,0,0,0,0,3,1,5,6,2,70,10,1598,1,17,MINI COOPER,6,E01021435,0,-1
2021010287857,2021,010287857,2,9,9,99,99,9,9,99,99,0,9,99,9,99,9,1,6,6,1,28,6,1598,1,15,MINI COOPER,8,E01000394,0,-1
2021440087185,2021,440087185,4,9,0,18,19,1,5,0,0,0,0,0,0,0,1,1,6,6,2,33,6,1598,1,8,MINI COOPER,9,E01022783,0,-1
2021411028109,2021,411028109,2,9,0,10,10,5,6,0,0,0,0,0,7,0,1,1,6,6,2,23,5,1499,1,1,MINI COOPER,9,E01000209,0,-1
2021451110540,2021,451110540,1,9,0,18,19,1,5,0,0,0,0,0,0,0,3,1,2,2,2,23,5,1499,1,6,MINI COOPER,2,E01002530,0,-1
2021991031100,2021,991031100,1,9,0,18,19,5,1,0,0,0,0,0,2,0,1,1,5,6,1,52,8,1496,2,6,MINI COOPER,7,-1,0,-1
2021411102553,2021,411102553,2,9,0,4,4,7,3,0,0,0,0,0,0,0,2,1,6,6,1,29,6,1499,1,7,MINI COOPER,4,E01004419,0,-1
2021302101721,2021,302101721,1,9,0,13,13,8,4,0,0,0,0,0,0,0,4,1,6,6,2,62,9,1499,1,2,MINI COOPER,8,E01019596,0,-1
2021101034174,2021,101034174,2,9,0,7,7,1,4,0,0,-1,0,-1,0,0,2,1,6,6,2,27,6,1598,1,16,MINI COOPER,9,E01008444,0,-1
2021010351242,2021,010351242,3,9,0,3,3,3,7,0,0,0,0,0,0,0,2,1,2,2,1,35,6,1598,1,15,MINI COOPER,-1,-1,0,-1
2021531126144,2021,531126144,1,9,0,4,4,5,1,0,0,1,0,0,0,0,4,1,2,2,2,63,9,1499,1,3,MINI COOPER,5,E01022321,0,-1
2021010338288,2021,010338288,2,9,0,99,99,9,9,99,99,9,9,99,9,99,9,9,6,6,3,-1,-1,1598,2,9,MINI COOPER,7,E01003170,0,-1
2021010324333,2021,010324333,1,9,0,18,19,1,5,0,0,2,0,0,0,0,1,1,2,2,2,24,5,1600,1,10,MINI COOPER,-1,-1,0,-1
2021061072783,2021,061072783,1,9,0,5,5,4,1,0,0,8,0,0,0,0,3,1,2,2,2,55,8,1998,1,3,MINI COOPER,10,E01006203,0,-1
2021451106919,2021,451106919,2,9,0,2,2,0,0,6,6,0,0,0,0,0,2,1,6,6,3,52,8,1998,1,1,MINI COOPER,6,E01030681,0,-1
2021471015301,2021,471015301,1,9,0,12,12,4,1,0,0,8,0,0,0,0,3,1,6,6,2,51,8,1598,1,18,MINI COOPER,8,E01031838,0,-1
2021122101050,2021,122101050,1,9,0,9,9,2,8,0,0,8,0,0,0,0,1,1,6,6,2,18,4,1598,1,13,MINI COOPER,8,E01013373,0,-1
2021221030764,2021,221030764,1,9,0,9,9,5,3,0,0,8,0,0,0,0,1,1,5,6,1,59,9,1499,1,3,MINI COOPER,5,E01014021,0,-1
2021131107684,2021,131107684,2,9,0,16,19,3,7,0,0,0,0,11,0,0,1,1,6,6,2,47,8,1598,1,12,MINI COOPER,8,E01011769,0,-1
2021471112854,2021,471112854,1,9,0,18,19,6,2,0,0,0,0,0,0,0,1,1,6,6,2,60,9,1598,1,8,MINI COOPER,4,E01031364,0,-1
2021010320124,2021,010320124,1,9,0,18,19,1,5,0,0,1,0,0,0,0,1,1,6,6,2,28,6,1598,1,7,MINI COOPER,1,E01000798,0,-1
2021430551246,2021,430551246,1,9,0,9,9,2,8,0,0,6,0,0,0,0,3,1,6,6,2,-1,-1,1499,1,0,MINI COOPER,10,E01016663,0,-1
2021221068239,2021,221068239,1,9,0,18,19,3,7,0,0,0,0,0,0,0,3,1,2,2,1,25,5,1499,1,3,MINI COOPER,6,E01014146,0,-1
2021451042699,2021,451042699,1,9,0,5,5,3,7,0,0,8,0,0,0,0,3,1,5,6,2,54,8,1560,2,12,MINI COOPER,6,E01002982,0,-1
2021552101400,2021,552101400,2,9,0,5,5,3,1,0,0,6,0,0,0,0,1,1,6,6,2,17,4,1499,1,6,MINI COOPER,9,E01015300,0,-1
2021010334558,2021,010334558,2,9,0,99,99,9,9,99,99,0,9,99,9,99,2,9,6,6,3,-1,-1,1499,1,2,MINI COOPER,-1,-1,0,-1
2021531101282,2021,531101282,2,9,0,18,19,7,3,0,0,1,0,0,0,0,1,1,5,6,2,58,9,1998,1,5,MINI COOPER,8,E01022398,0,-1
2021501082243,2021,501082243,1,9,0,18,19,5,1,0,0,0,0,0,0,0,1,1,5,6,2,27,6,1598,1,17,MINI COOPER,10,E01030620,0,-1
2021361102673,2021,361102673,2,9,0,2,2,8,8,0,0,1,0,0,0,0,2,1,5,6,2,55,8,1598,1,6,MINI COOPER,3,E01026632,0,-1
2021471114076,2021,471114076,3,9,0,18,19,2,6,0,0,0,0,0,0,0,0,1,6,6,2,27,6,1499,1,1,MINI COOPER,10,E01021210,0,-1
2021411134356,2021,411134356,1,9,0,5,5,4,8,0,0,1,0,0,0,0,1,1,5,6,1,59,9,1998,1,1,MINI COOPER,8,E01004713,0,-1
2021052102034,2021,052102034,2,9,0,2,2,0,0,0,0,0,0,0,0,0,1,1,6,6,3,-1,-1,1598,1,15,MINI COOPER,-1,-1,0,-1
2021211023456,2021,211023456,2,9,0,18,19,8,4,0,0,2,5,0,0,0,1,1,6,6,1,47,8,1598,1,18,MINI COOPER,-1,-1,0,-1
2021010348011,2021,010348011,2,9,0,99,99,9,9,99,99,9,9,99,9,99,2,9,6,6,1,36,7,1499,1,6,MINI COOPER,4,E01004697,0,-1
2021201078498,2021,201078498,1,9,0,12,12,6,4,0,0,8,0,0,0,0,1,1,6,6,2,-1,-1,1496,2,5,MINI COOPER,-1,-1,0,-1
2021421131050,2021,421131050,1,9,0,18,19,8,4,0,0,0,0,0,0,0,1,1,5,6,2,28,6,1598,1,11,MINI COOPER,7,E01015847,0,-1
2021010348402,2021,010348402,1,9,0,18,19,1,5,0,0,0,0,0,0,0,3,1,6,6,2,58,9,1499,1,0,MINI COOPER,9,E01021747,0,-1
2021201066144,2021,201066144,2,9,0,18,19,-1,-1,0,0,3,0,0,0,0,4,1,6,6,2,55,8,1598,1,11,MINI COOPER,5,E01010418,0,-1
2021991048559,2021,991048559,2,9,0,2,2,0,0,0,0,0,0,0,0,0,3,1,6,6,3,-1,-1,1499,1,6,MINI COOPER,-1,-1,0,-1
2021501021479,2021,501021479,1,9,0,18,19,1,5,0,0,0,0,0,0,0,1,1,6,6,1,57,9,1598,1,15,MINI COOPER,4,E01018880,0,-1
2021201060674,2021,201060674,1,9,0,18,19,8,2,0,0,6,0,0,0,0,1,1,6,6,1,-1,-1,1598,1,15,MINI COOPER,2,E01032262,0,-1
2021010345841,2021,010345841,1,9,0,9,9,5,2,0,0,8,0,0,0,0,1,1,6,6,2,28,6,1598,1,11,MINI COOPER,7,E01002142,0,-1
2021302100419,2021,302100419,1,9,0,18,19,2,6,0,0,7,0,0,0,0,1,1,6,6,2,64,9,1496,2,6,MINI COOPER,3,E01019818,0,-1
2021201121072,2021,201121072,1,9,0,16,19,4,8,0,0,0,0,0,0,0,1,1,6,6,2,56,9,1598,1,11,MINI COOPER,2,E01010056,0,-1
2021991098977,2021,991098977,1,9,0,17,19,6,1,0,0,2,0,0,7,0,1,1,5,6,1,28,6,1998,1,4,MINI COOPER,6,-1,0,-1
2021531103947,2021,531103947,2,9,0,17,19,1,5,0,0,1,0,0,0,0,3,1,5,6,2,41,7,1598,1,14,MINI COOPER,3,E01022237,0,-1
2021991117231,2021,991117231,2,9,0,18,19,4,8,0,0,8,0,0,0,0,4,1,2,2,2,50,8,1496,2,3,MINI COOPER,4,-1,0,-1
2021201085254,2021,201085254,2,9,0,9,9,5,1,0,0,8,0,10,1,10,1,1,6,6,1,32,6,1598,1,8,MINI COOPER,2,E01010074,0,-1
2021991011269,2021,991011269,2,9,0,18,19,3,7,0,0,0,0,0,0,0,1,1,5,6,2,33,6,1598,1,15,MINI COOPER,3,-1,0,-1
2021547702121,2021,547702121,1,9,0,16,19,8,3,0,0,0,0,10,7,4,4,1,6,6,1,24,5,1598,1,19,MINI COOPER,7,E01031872,0,-1
2021320088202,2021,320088202,2,9,0,2,2,0,0,0,0,0,0,0,8,4,2,1,6,6,2,25,5,1598,1,18,MINI COOPER,3,E01026055,0,-1
2021031039237,2021,031039237,2,9,0,2,2,0,0,0,0,0,0,0,0,0,2,1,6,6,3,-1,-1,1499,1,4,MINI COOPER,-1,-1,0,-1
2021461113616,2021,461113616,2,9,0,2,2,0,0,0,0,1,0,0,0,0,1,1,5,6,1,36,7,1598,1,12,MINI COOPER,5,E01024588,0,-1
2021471021409,2021,471021409,1,9,0,18,19,3,7,0,0,1,0,0,0,0,1,1,5,6,2,26,6,1598,1,12,MINI COOPER,8,E01031780,0,-1
2021531119136,2021,531119136,1,9,0,2,2,0,0,0,0,0,0,0,0,0,2,1,6,6,3,-1,-1,1598,1,18,MINI COOPER,-1,-1,0,-1
2021221101189,2021,221101189,2,9,0,3,3,2,6,0,0,0,0,0,0,0,2,1,5,6,1,38,7,1598,1,14,MINI COOPER,8,E01032458,0,-1
2021010336387,2021,010336387,2,9,0,99,99,9,9,99,99,9,9,99,9,99,1,9,6,6,3,-1,-1,1499,1,5,MINI COOPER,-1,-1,0,-1
2021010328249,2021,010328249,2,9,0,11,11,1,5,0,0,1,0,0,0,0,0,1,6,6,1,31,6,1598,1,12,MINI COOPER,2,E01001320,0,-1
2021070105575,2021,070105575,1,9,0,5,5,3,7,0,0,4,0,0,0,0,1,1,6,6,2,-1,-1,1598,1,15,MINI COOPER,-1,-1,0,-1
2021010312467,2021,010312467,2,9,0,99,99,9,9,99,99,9,9,99,9,99,1,9,6,6,1,51,8,1598,1,16,MINI COOPER,3,E01003596,0,-1
2021221076252,2021,221076252,1,9,0,18,19,7,4,0,0,4,0,0,0,0,3,1,6,6,1,83,11,1598,1,17,MINI COOPER,9,E01029364,0,-1
2021010288084,2021,010288084,1,9,0,1,1,4,8,0,0,0,0,0,0,0,2,1,6,6,1,26,6,-1,3,1,MINI COOPER,5,E01002791,0,-1
2021371037780,2021,371037780,1,9,0,17,19,5,1,0,0,0,5,0,0,0,3,1,5,6,2,17,4,1598,1,14,MINI COOPER,8,E01029921,0,-1