collision_index,collision_year,collision_ref_no,vehicle_reference,vehicle_type,towing_and_articulation,vehicle_manoeuvre_historic,vehicle_manoeuvre,vehicle_direction_from,vehicle_direction_to,vehicle_location_restricted_lane_historic,vehicle_location_restricted_lane,junction_location,skidding_and_overturning,hit_object_in_carriageway,vehicle_leaving_carriageway,hit_object_off_carriageway,first_point_of_impact,vehicle_left_hand_drive,journey_purpose_of_driver_historic,journey_purpose_of_driver,sex_of_driver,age_of_driver,age_band_of_driver,engine_capacity_cc,propulsion_code,age_of_vehicle,generic_make_model,driver_imd_decile,lsoa_of_driver,escooter_flag,driver_distance_banding
2021411076238,2021,411076238,2,9,0,7,7,1,5,0,0,6,0,0,1,0,3,1,5,6,1,25,5,1598,1,16,MINI COOPER,5,E01023677,0,-1
2021451027902,2021,451027902,1,9,0,9,9,1,5,0,0,8,0,0,0,0,1,1,5,6,1,33,6,1598,1,14,MINI COOPER,10,E01030620,0,-1
202134WNC4061,2021,34WNC4061,3,9,0,2,2,0,0,0,0,0,0,0,0,0,2,1,6,6,3,-1,-1,1598,1,8,MINI COOPER,-1,-1,0,-1
2021552100759,2021,552100759,2,9,0,18,19,2,6,0,0,8,0,0,0,0,3,1,6,6,2,56,9,1499,1,7,MINI COOPER,9,E01015316,0,-1
2021231064451,2021,231064451,2,9,0,10,10,7,4,0,0,8,0,0,0,0,2,1,5,6,1,83,11,1998,1,3,MINI COOPER,10,E01032135,0,-1
2021052101210,2021,052101210,1,9,0,5,5,5,7,0,0,1,0,0,0,0,1,1,6,6,2,32,6,1598,1,16,MINI COOPER,5,E01007161,0,-1
2021351035372,2021,351035372,2,9,0,18,19,5,1,0,0,8,0,0,0,0,3,1,6,6,1,42,7,1598,1,11,MINI COOPER,7,E01018011,0,-1
2021501051603,2021,501051603,1,9,0,18,19,7,3,0,0,0,0,0,1,10,1,1,5,6,2,49,8,1598,1,19,MINI COOPER,4,E01020189,0,-1
2021440359692,2021,440359692,2,9,0,3,3,5,1,0,0,1,0,0,0,0,2,1,1,1,1,55,8,1499,1,5,MINI COOPER,10,E01023173,0,-1
2021221063990,2021,221063990,1,9,0,17,19,6,3,0,0,0,1,0,1,4,1,1,5,6,1,40,7,1998,1,3,MINI COOPER,3,E01033246,0,-1
2021440166065,2021,440166065,2,9,0,9,9,5,8,0,0,1,0,0,0,0,1,1,6,6,2,32,6,1998,1,3,MINI COOPER,10,E01030780,0,-1
2021411110585,2021,411110585,1,9,0,4,4,3,7,0,0,0,1,0,1,1,1,1,2,2,1,31,6,1998,1,1,MINI COOPER,9,E01023665,0,-1
2021201149024,2021,201149024,1,9,0,18,19,8,4,0,0,8,0,0,0,0,1,1,6,6,1,-1,-1,1598,1,15,MINI COOPER,3,E01010050,0,-1
2021461122114,2021,461122114,1,9,0,18,19,7,5,0,0,4,0,0,0,0,1,1,6,6,1,78,11,1598,1,17,MINI COOPER,10,E01021194,0,-1
2021221051237,2021,221051237,2,9,0,4,4,2,7,0,0,8,0,0,0,0,2,1,5,6,2,29,6,1600,1,10,MINI COOPER,5,E01001921,0,-1
2021070824027,2021,070824027,1,9,0,16,19,8,3,0,0,0,1,0,7,0,2,1,2,2,2,53,8,1598,1,17,MINI COOPER,2,E01006092,0,-1
2021201114000,2021,201114000,3,9,0,2,2,0,0,0,0,0,0,0,0,0,4,1,5,6,2,51,8,1598,1,13,MINI COOPER,-1,-1,0,-1
2021141104211,2021,141104211,2,9,0,5,5,6,2,0,0,0,0,0,0,0,2,1,2,2,2,49,8,1499,1,4,MINI COOPER,7,E01008133,0,-1
2021010292613,2021,010292613,2,9,0,99,99,9,9,99,99,9,9,99,9,99,0,9,6,6,3,37,7,1598,1,14,MINI COOPER,4,E01001185,0,-1
2021161019466,2021,161019466,2,9,0,4,4,7,3,0,0,1,0,0,0,0,2,1,6,6,2,18,4,1598,1,12,MINI COOPER,6,E01012961,0,-1
2021451125137,2021,451125137,1,9,0,9,9,3,7,0,0,0,1,0,1,0,1,1,6,6,2,25,5,1496,2,5,MINI COOPER,6,E01030995,0,-1
2021302102039,2021,302102039,1,9,0,18,19,2,6,0,0,0,0,0,0,0,1,1,6,6,1,27,6,1598,1,16,MINI COOPER,5,E01013595,0,-1
2021010324053,2021,010324053,1,9,0,99,99,9,9,99,99,9,9,99,9,99,2,1,6,6,2,37,7,1598,1,8,MINI COOPER,3,E01003923,0,-1
2021161079609,2021,161079609,2,9,0,9,9,3,8,0,0,1,0,0,0,0,2,1,5,6,2,50,8,1499,1,4,MINI COOPER,-1,-1,0,-1
2021052101736,2021,052101736,3,9,0,2,2,0,0,0,0,1,0,0,0,0,2,1,6,6,3,-1,-1,1496,2,7,MINI COOPER,-1,-1,0,-1
2021461081127,2021,461081127,2,9,0,18,19,7,2,0,0,0,0,0,0,0,0,1,6,6,2,53,8,1995,2,5,MINI COOPER,8,E01024650,0,-1
2021411120886,2021,411120886,1,9,0,9,9,7,3,0,0,0,0,0,0,0,1,1,5,6,2,23,5,1499,1,3,MINI COOPER,9,E01023361,0,-1
2021070273253,2021,070273253,1,9,0,13,13,6,2,0,0,0,2,0,1,4,1,1,6,6,2,55,8,1598,1,19,MINI COOPER,10,E01018320,0,-1
2021010321768,2021,010321768,2,9,0,99,99,9,9,99,99,9,9,99,9,99,9,9,6,6,3,67,10,1499,1,3,MINI COOPER,5,E01000284,0,-1
2021221042349,2021,221042349,2,9,0,18,19,4,8,0,0,8,0,0,0,0,1,1,1,1,2,29,6,1499,1,4,MINI COOPER,8,E01032438,0,-1
2021201146832,2021,201146832,1,9,0,10,10,2,8,0,0,1,0,0,0,0,1,1,6,6,1,-1,-1,1598,1,19,MINI COOPER,-1,-1,0,-1
2021991061020,2021,991061020,2,9,0,18,19,5,1,0,0,2,0,0,0,0,2,1,6,6,2,30,6,1499,1,3,MINI COOPER,4,-1,0,-1
2021531078920,2021,531078920,1,9,0,9,9,4,8,0,0,1,0,0,0,0,1,1,5,6,1,26,6,1499,1,1,MINI COOPER,-1,-1,0,-1
2021141102016,2021,141102016,1,9,0,1,1,2,5,0,0,0,0,0,0,0,2,1,6,6,1,55,8,1995,2,9,MINI COOPER,5,E01008153,0,-1
2021041082951,2021,041082951,1,9,0,18,19,3,7,0,0,0,0,0,0,0,1,1,2,2,1,25,5,1598,1,18,MINI COOPER,5,E01025483,0,-1
2021010345197,2021,010345197,1,9,0,9,9,5,2,9,9,8,0,0,7,0,2,1,1,1,2,36,7,-1,3,0,MINI COOPER,9,E01031728,0,-1
2021351080744,2021,351080744,5,9,0,18,19,7,3,0,0,0,0,0,0,0,1,1,6,6,2,-1,-1,1499,1,7,MINI COOPER,6,E01015671,0,-1
2021421031276,2021,421031276,1,9,0,18,19,4,8,0,0,0,0,0,0,0,1,1,5,6,2,27,6,1499,1,1,MINI COOPER,2,E01015820,0,-1
2021421018538,2021,421018538,1,9,0,16,19,3,7,0,0,0,2,0,7,0,4,1,6,6,2,20,4,1598,1,17,MINI COOPER,4,E01021425,0,-1
2021451070250,2021,451070250,3,9,0,18,19,3,7,0,0,0,0,0,0,0,1,1,6,6,2,54,8,1598,1,14,MINI COOPER,8,E01017766,0,-1
2021010293491,2021,010293491,2,9,0,99,99,9,9,99,99,9,9,99,9,99,9,9,6,6,3,-1,-1,1598,1,9,MINI COOPER,2,E01001716,0,-1
2021061134731,2021,061134731,3,9,-1,-1,-1,1,1,-1,-1,-1,-1,-1,-1,0,-1,1,5,6,2,-1,-1,1496,2,4,MINI COOPER,-1,-1,0,-1
2021061136407,2021,061136407,2,9,0,4,4,8,4,0,0,2,0,0,0,0,2,1,2,2,2,44,7,1499,1,6,MINI COOPER,-1,-1,0,-1
2021430068258,2021,430068258,1,9,0,3,3,8,4,0,0,1,0,0,0,0,2,1,6,6,1,30,6,1598,1,14,MINI COOPER,10,E01016184,0,-1
2021401129402,2021,401129402,1,9,0,18,19,8,4,0,0,0,1,7,0,0,1,1,6,6,2,26,6,1598,1,13,MINI COOPER,7,E01017457,0,-1
2021430537167,2021,430537167,1,9,0,18,19,1,5,0,0,1,0,0,0,0,1,1,6,6,2,32,6,1598,1,11,MINI COOPER,-1,-1,0,-1
2021010307953,2021,010307953,1,9,0,18,19,1,5,0,0,2,0,0,0,0,4,1,6,6,2,44,7,1499,1,2,MINI COOPER,6,E01024806,0,-1
2021552100961,2021,552100961,2,9,0,16,19,1,3,0,0,4,0,0,0,0,3,1,6,6,1,21,5,1560,2,11,MINI COOPER,7,E01020509,0,-1
2021010335237,2021,010335237,1,9,0,18,19,1,5,0,0,2,0,0,0,0,4,1,6,6,2,32,6,1598,1,17,MINI COOPER,8,E01003823,0,-1
2021471047717,2021,471047717,1,9,0,1,1,2,6,0,0,1,0,0,0,0,2,1,6,6,1,-1,-1,1998,1,4,MINI COOPER,-1,-1,0,-1
2021302100762,2021,302100762,2,9,0,18,19,4,8,0,0,8,0,0,1,11,3,1,2,2,2,26,6,1598,2,9,MINI COOPER,8,E01013593,0,-1
2021520104178,2021,520104178,1,9,0,18,19,2,6,0,0,8,0,0,0,0,4,1,6,6,1,22,5,1598,1,12,MINI COOPER,5,E01020296,0,-1
2021010291885,2021,010291885,2,9,0,4,4,5,1,0,0,8,1,0,0,0,1,1,6,6,2,38,7,1499,1,3,MINI COOPER,6,E01000691,0,-1
2021010331183,2021,010331183,1,9,9,99,99,9,9,99,99,0,9,99,9,99,9,9,2,2,2,25,5,1499,1,3,MINI COOPER,4,E01000242,0,-1
2021471115093,2021,471115093,1,9,0,18,19,4,8,0,0,1,0,0,0,0,2,1,1,1,2,22,5,1598,2,7,MINI COOPER,6,E01031419,0,-1
2021010308094,2021,010308094,1,9,0,99,99,9,9,99,99,9,9,99,9,99,3,9,2,2,2,32,6,1598,1,8,MINI COOPER,5,E01003435,0,-1
2021010341018,2021,010341018,1,9,0,99,99,9,9,99,99,0,9,99,9,99,2,9,6,6,2,41,7,1598,1,13,MINI COOPER,9,E01004598,0,-1
2021451074222,2021,451074222,1,9,0,18,19,1,5,0,0,1,0,0,0,0,3,1,5,6,2,24,5,1598,1,11,MINI COOPER,10,E01030365,0,-1
2021401048348,2021,401048348,1,9,0,18,19,-1,-1,0,0,0,0,0,0,0,1,1,6,6,3,-1,-1,1598,1,13,MINI COOPER,-1,-1,0,-1
2021451113413,2021,451113413,1,9,0,5,5,7,3,0,0,6,0,0,0,0,1,1,5,6,2,23,5,1496,2,4,MINI COOPER,10,E01030443,0,-1
2021010349883,2021,010349883,1,9,0,10,10,5,3,0,0,6,0,0,0,0,1,1,6,6,2,35,6,1598,1,18,MINI COOPER,4,E01004447,0,-1
2021061041709,2021,061041709,3,9,0,18,19,8,4,0,0,0,1,0,0,0,3,1,6,6,2,47,8,1598,1,19,MINI COOPER,1,E01005472,0,-1
2021041045779,2021,041045779,1,9,0,18,19,5,1,0,0,0,0,0,0,0,1,1,6,6,2,40,7,1598,1,12,MINI COOPER,3,E01025356,0,-1
2021451081815,2021,451081815,1,9,0,18,19,3,7,0,0,1,0,0,0,0,1,1,5,6,2,26,6,1496,2,5,MINI COOPER,9,E01030720,0,-1
2021010302780,2021,010302780,1,9,0,9,9,7,4,0,0,8,0,0,0,0,3,1,2,2,2,51,8,1598,1,20,MINI COOPER,7,E01000986,0,-1
2021010346590,2021,010346590,1,9,0,3,3,7,3,0,0,0,0,0,0,0,2,1,6,6,1,55,8,1598,1,17,MINI COOPER,3,E01002562,0,-1
2021421066731,2021,421066731,3,9,0,17,19,3,7,0,0,0,0,0,0,0,1,1,5,6,1,34,6,1598,1,16,MINI COOPER,-1,-1,0,-1
2021302101335,2021,302101335,1,9,0,18,19,8,4,0,0,0,0,0,0,0,4,1,6,6,2,23,5,1499,1,2,MINI COOPER,7,E01019652,0,-1
2021131119357,2021,131119357,1,9,0,9,9,5,1,0,0,0,0,0,0,0,3,1,6,6,1,58,9,1598,1,12,MINI COOPER,1,E01033692,0,-1
2021010299314,2021,010299314,2,9,0,99,99,9,9,99,99,9,9,99,9,99,9,9,6,6,3,-1,-1,1998,1,3,MINI COOPER,-1,-1,0,-1
2021451024423,2021,451024423,1,9,0,18,19,1,5,0,0,0,0,0,0,0,2,1,5,6,1,28,6,1499,1,2,MINI COOPER,10,E01030344,0,-1
2021161088094,2021,161088094,1,9,0,7,7,7,1,0,0,5,0,0,0,0,4,1,2,2,1,20,4,1598,1,16,MINI COOPER,8,E01013094,0,-1
2021031070019,2021,031070019,1,9,0,12,12,2,6,0,0,1,0,0,0,0,1,1,2,2,2,60,9,1499,1,4,MINI COOPER,6,E01019180,0,-1
2021061043058,2021,061043058,1,9,0,18,19,5,1,0,0,0,0,0,0,0,1,1,6,6,1,40,7,1598,1,11,MINI COOPER,1,E01005235,0,-1
2021552200009,2021,552200009,3,9,0,18,19,8,4,0,0,0,1,0,7,6,2,1,6,6,2,27,6,1598,2,8,MINI COOPER,6,E01029952,0,-1
2021430204751,2021,430204751,1,9,0,18,19,2,6,0,0,8,0,0,0,0,3,1,6,6,2,58,9,1499,1,2,MINI COOPER,10,E01032763,0,-1
2021411088357,2021,411088357,1,9,0,18,19,4,8,0,0,0,0,0,0,0,1,1,6,6,2,43,7,1499,1,2,MINI COOPER,6,E01023807,0,-1
2021131103575,2021,131103575,2,9,0,7,7,8,2,0,0,0,0,0,0,0,1,1,5,6,2,30,6,1598,1,12,MINI COOPER,6,E01032946,0,-1
2021320458433,2021,320458433,2,9,0,9,9,4,2,0,0,1,0,0,0,0,2,1,6,6,2,47,8,1600,1,8,MINI COOPER,6,E01026147,0,-1
2021531044890,2021,531044890,1,9,0,4,4,5,1,0,0,5,0,0,0,0,2,1,6,6,2,51,8,1598,1,18,MINI COOPER,5,E01022420,0,-1
2021201037161,2021,201037161,1,9,0,5,5,6,8,0,0,8,0,0,0,0,3,1,6,6,2,54,8,1499,1,1,MINI COOPER,6,E01009526,0,-1
2021320443658,2021,320443658,2,9,0,18,19,4,8,0,0,0,0,0,0,0,2,1,6,6,1,36,7,1995,2,9,MINI COOPER,2,E01026277,0,-1
2021531081748,2021,531081748,1,9,0,16,19,1,5,0,0,2,0,0,0,0,1,1,5,6,1,42,7,1598,1,18,MINI COOPER,3,E01022284,0,-1
2021471057289,2021,471057289,1,9,0,9,9,7,3,0,0,8,0,0,0,0,2,2,5,6,2,26,6,1598,1,14,MINI COOPER,6,E01031513,0,-1
2021061065959,2021,061065959,2,9,0,18,19,1,1,0,0,0,0,0,0,0,4,1,5,6,2,28,6,1598,1,18,MINI COOPER,5,E01005347,0,-1
2021471111149,2021,471111149,1,9,0,18,19,3,7,0,0,0,0,0,0,0,1,1,2,2,1,30,6,1598,1,15,MINI COOPER,5,E01016877,0,-1
2021131127145,2021,131127145,2,9,0,3,3,2,6,0,0,1,0,0,0,0,3,1,5,6,2,40,7,1598,1,10,MINI COOPER,4,E01005986,0,-1
2021302100106,2021,302100106,6,9,0,18,19,6,2,0,0,0,1,0,0,0,1,1,6,6,2,37,7,1598,1,9,MINI COOPER,3,E01019552,0,-1
2021161097859,2021,161097859,2,9,0,18,19,7,3,0,0,0,0,0,0,0,1,1,1,1,2,48,8,1598,2,10,MINI COOPER,9,E01013016,0,-1
2021221032140,2021,221032140,1,9,0,18,19,1,5,0,0,0,5,0,0,0,1,1,5,6,2,20,4,1598,1,16,MINI COOPER,5,E01023011,0,-1
2021010327923,2021,010327923,1,9,0,5,5,0,5,0,0,1,0,0,0,0,3,1,6,6,1,21,5,1499,1,1,MINI COOPER,-1,-1,0,-1
2021061097684,2021,061097684,1,9,0,18,19,3,7,0,0,8,0,0,0,0,1,1,2,2,2,46,8,1499,1,2,MINI COOPER,7,E01025457,0,-1
2021401051400,2021,401051400,2,9,0,2,2,0,0,0,0,0,0,4,0,0,2,1,6,6,3,-1,-1,1598,1,16,MINI COOPER,-1,-1,0,-1
2021031043755,2021,031043755,1,9,0,16,19,3,5,0,0,0,0,0,0,0,1,1,3,7,1,65,9,1499,1,3,MINI COOPER,8,E01019397,0,-1
2021131054872,2021,131054872,1,9,0,7,7,1,3,0,0,5,0,0,0,0,1,1,2,2,2,25,5,1499,1,3,MINI COOPER,9,E01011054,0,-1
2021351071509,2021,351071509,2,9,0,4,4,1,5,0,0,1,0,0,0,0,2,1,5,6,1,42,7,1496,2,6,MINI COOPER,8,E01024017,0,-1
2021131064770,2021,131064770,2,9,0,2,2,0,0,0,0,0,0,4,0,0,1,1,6,6,3,-1,-1,1598,1,14,MINI COOPER,-1,-1,0,-1
2021010296687,2021,010296687,1,9,0,12,12,7,3,0,0,1,0,0,0,0,1,1,2,2,1,64,9,1598,1,14,MINI COOPER,2,E01004470,0,-1
2021201097095,2021,201097095,2,9,0,13,13,5,1,0,0,8,0,0,0,0,4,1,6,6,2,41,7,1496,2,7,MINI COOPER,3,E01009995,0,-1
2021302100691,2021,302100691,1,9,0,4,4,6,2,0,0,2,0,0,0,0,1,1,6,6,2,42,7,1598,1,17,MINI COOPER,8,E01019406,0,-1
2021141102025,2021,141102025,1,9,0,17,19,3,7,0,0,1,2,7,1,0,1,1,6,6,2,57,9,1496,2,5,MINI COOPER,4,E01013076,0,-1
2021991038160,2021,991038160,2,9,0,2,2,0,0,0,0,0,0,0,0,0,2,1,6,6,3,-1,-1,1496,2,7,MINI COOPER,-1,-1,0,-1
2021547434621,2021,547434621,2,9,0,4,4,2,6,0,0,1,0,0,0,0,2,1,2,2,2,50,8,1499,1,3,MINI COOPER,9,E01032106,0,-1
2021201031302,2021,201031302,1,9,0,17,19,6,1,0,0,8,0,0,0,0,3,1,2,2,2,24,5,1598,1,12,MINI COOPER,1,E01009346,0,-1
2021361089250,2021,361089250,1,9,0,17,19,7,3,0,0,0,2,0,1,0,1,1,5,6,2,29,6,1598,1,18,MINI COOPER,5,E01002061,0,-1
2021471064303,2021,471064303,1,9,0,18,19,3,7,0,0,1,0,0,0,0,1,1,3,7,1,42,7,1598,1,16,MINI COOPER,5,E01031512,0,-1
2021351054104,2021,351054104,1,9,0,18,19,3,7,0,0,0,1,0,1,0,3,1,1,1,2,35,6,1598,1,13,MINI COOPER,8,E01015626,0,-1
2021361051379,2021,361051379,1,9,0,5,5,4,8,0,0,1,0,0,0,0,1,1,6,6,1,22,5,1598,1,11,MINI COOPER,8,E01026930,0,-1
2021471121604,2021,471121604,1,9,0,5,5,6,2,0,0,4,0,0,0,0,1,1,2,2,2,36,7,1499,1,6,MINI COOPER,4,E01016872,0,-1
2021471013750,2021,471013750,2,9,0,3,3,3,1,0,0,1,0,0,0,0,2,1,6,6,1,25,5,1499,1,2,MINI COOPER,4,E01031806,0,-1
2021411061577,2021,411061577,1,9,0,16,19,5,1,0,0,0,1,0,7,2,3,1,5,6,2,28,6,1499,1,1,MINI COOPER,10,E01023425,0,-1
2021501064704,2021,501064704,3,9,0,2,2,0,0,0,0,0,0,0,0,0,1,1,6,6,2,-1,-1,1998,1,3,MINI COOPER,7,E01020267,0,-1
2021461110162,2021,461110162,3,9,0,2,2,0,0,0,0,1,0,0,0,0,4,1,6,6,3,-1,-1,1598,1,17,MINI COOPER,-1,-1,0,-1
2021041126924,2021,041126924,2,9,0,18,19,3,7,0,0,8,0,0,0,0,4,1,5,6,1,75,10,1496,2,7,MINI COOPER,2,E01012640,0,-1
2021471078845,2021,471078845,1,9,0,18,19,1,5,0,0,0,0,0,0,0,1,1,2,2,1,54,8,1998,1,5,MINI COOPER,8,E01021134,0,-1
2021201083449,2021,201083449,3,9,0,4,4,8,7,0,0,1,0,0,0,0,2,1,6,6,1,52,8,1499,1,1,MINI COOPER,4,E01010006,0,-1
2021320199810,2021,320199810,2,9,0,10,10,4,2,0,0,1,0,0,0,0,2,1,2,2,2,62,9,1560,2,14,MINI COOPER,2,E01015595,0,-1
2021221065608,2021,221065608,1,9,0,18,19,6,2,0,0,8,5,10,1,10,4,1,5,6,2,46,8,1998,1,2,MINI COOPER,9,E01032482,0,-1
202131D080821,2021,31D080821,2,9,0,3,3,7,3,0,0,0,0,0,0,0,2,1,6,6,2,51,8,1499,1,2,MINI COOPER,4,E01013967,0,-1
2021552100911,2021,552100911,2,9,0,18,19,6,2,0,0,0,1,0,0,0,2,1,6,6,2,30,6,1598,1,13,MINI COOPER,5,E01020427,0,-1
2021531097353,2021,531097353,1,9,0,18,19,3,7,0,0,2,0,0,0,0,1,1,5,6,1,22,5,1499,1,1,MINI COOPER,5,E01014031,0,-1
2021320620832,2021,320620832,2,9,0,9,9,8,6,0,0,8,0,0,7,0,3,1,6,6,2,72,10,1598,1,15,MINI COOPER,6,E01026329,0,-1
2021010310423,2021,010310423,1,9,0,13,13,3,7,0,0,0,0,0,0,0,1,1,6,6,1,23,5,1598,1,14,MINI COOPER,7,E01003456,0,-1
2021522104778,2021,522104778,1,9,0,11,11,1,5,2,2,2,0,0,0,0,4,1,6,6,2,22,5,1499,1,1,MINI COOPER,6,E01032652,0,-1
2021361042885,2021,361042885,2,9,0,18,19,1,5,0,0,1,0,0,0,0,3,1,5,6,2,46,8,1998,1,1,MINI COOPER,10,E01026852,0,-1
2021361019097,2021,361019097,1,9,0,17,19,4,8,0,0,0,1,0,7,4,1,1,2,2,1,38,7,1598,1,16,MINI COOPER,9,E01026548,0,-1
2021552100651,2021,552100651,1,9,0,12,12,6,2,0,0,0,0,0,0,0,1,1,6,6,2,40,7,1598,1,19,MINI COOPER,5,E01033288,0,-1
2021010333916,2021,010333916,2,9,0,99,99,9,9,99,99,9,9,99,9,99,1,9,6,6,3,-1,-1,1598,1,17,MINI COOPER,8,E01023311,0,-1
2021221039331,2021,221039331,3,9,0,18,19,2,6,0,0,0,0,0,1,0,1,1,5,6,2,59,9,1499,1,2,MINI COOPER,5,E01014014,0,-1
2021061079298,2021,061079298,1,9,0,18,19,5,1,0,0,0,0,0,0,0,4,1,6,6,3,28,6,1496,2,4,MINI COOPER,8,E01004845,0,-1
2021221018768,2021,221018768,1,9,0,17,19,4,1,0,0,0,5,0,1,10,4,1,5,6,1,20,4,1598,1,14,MINI COOPER,2,E01009495,0,-1
2021010339302,2021,010339302,3,9,0,3,3,2,6,0,0,2,0,0,0,0,3,1,2,2,2,48,8,1499,1,5,MINI COOPER,2,E01002774,0,-1
2021501048413,2021,501048413,2,9,0,4,4,7,3,0,0,0,0,0,0,0,2,1,5,6,2,22,5,1499,1,2,MINI COOPER,5,E01019032,0,-1
2021010312746,2021,010312746,2,9,0,3,3,5,1,0,0,8,1,0,0,0,0,1,1,1,2,54,8,1598,1,12,MINI COOPER,5,E01030724,0,-1
2021471029383,2021,471029383,2,9,0,18,19,2,6,0,0,0,0,0,0,0,2,1,5,6,1,36,7,1998,1,1,MINI COOPER,4,E01031657,0,-1
2021010343292,2021,010343292,2,9,0,99,99,9,9,99,99,9,9,99,9,99,1,9,6,6,3,-1,-1,1598,1,19,MINI COOPER,-1,-1,0,-1
2021471044838,2021,471044838,1,9,0,18,19,8,4,0,0,0,0,0,5,6,3,1,2,2,1,25,5,1598,1,16,MINI COOPER,1,E01020983,0,-1
2021131120726,2021,131120726,1,9,0,18,19,6,2,0,0,8,0,4,0,0,4,1,5,6,2,33,6,1598,1,12,MINI COOPER,2,E01010716,0,-1
2021231039451,2021,231039451,1,9,0,18,19,8,4,0,0,0,0,0,0,0,4,1,2,2,2,30,6,1499,1,6,MINI COOPER,3,E01031059,0,-1
2021010322557,2021,010322557,1,9,0,7,7,5,7,0,0,1,0,0,0,0,2,1,6,6,1,37,7,1598,1,13,MINI COOPER,7,E01001204,0,-1
2021451103348,2021,451103348,1,9,0,11,11,3,7,0,0,0,0,0,0,0,4,1,6,6,1,42,7,1499,1,1,MINI COOPER,3,E01000107,0,-1
2021010342963,2021,010342963,1,9,0,9,9,1,7,0,0,1,0,0,0,0,0,1,6,6,2,59,9,1499,1,2,MINI COOPER,8,E01002900,0,-1
2021411153829,2021,411153829,1,9,0,9,9,3,8,0,0,8,0,0,0,0,4,1,2,2,2,57,9,1496,2,5,MINI COOPER,3,E01015730,0,-1
2021471035645,2021,471035645,2,9,0,4,4,7,3,0,0,4,0,0,0,0,4,1,2,2,1,39,7,1598,1,12,MINI COOPER,6,E01031827,0,-1
2021471021389,2021,471021389,1,9,0,16,19,4,7,0,0,0,1,0,1,4,1,1,5,6,1,46,8,1598,1,16,MINI COOPER,10,E01031646,0,-1
2021061091707,2021,061091707,2,9,0,18,19,7,3,0,0,0,0,0,0,0,2,1,2,2,2,24,5,1499,1,4,MINI COOPER,-1,-1,0,-1
2021141039183,2021,141039183,3,9,0,9,9,1,7,0,0,0,0,0,0,0,4,1,6,6,1,74,10,1560,2,14,MINI COOPER,6,E01007560,0,-1
2021111092624,2021,111092624,1,9,0,5,5,5,1,0,0,0,0,0,0,0,1,1,6,6,1,66,10,1598,1,17,MINI COOPER,5,E01020620,0,-1
2021111061875,2021,111061875,2,9,0,9,9,3,7,0,0,1,0,0,0,0,3,1,5,6,2,38,7,1598,1,9,MINI COOPER,1,E01020639,0,-1
2021141036018,2021,141036018,1,9,0,18,19,3,7,0,0,1,2,0,0,0,1,1,2,2,2,21,5,1496,2,7,MINI COOPER,6,E01008128,0,-1
2021201084674,2021,201084674,3,9,0,3,3,6,2,0,0,0,0,0,0,0,2,1,6,6,2,43,7,1496,2,4,MINI COOPER,1,E01010053,0,-1
2021991056364,2021,991056364,2,9,0,10,10,3,1,0,0,1,0,0,0,0,2,1,5,6,2,21,5,1499,1,4,MINI COOPER,7,-1,0,-1
2021421036612,2021,421036612,1,9,0,18,19,6,2,0,0,0,0,0,0,0,1,1,6,6,2,39,7,1499,1,1,MINI COOPER,4,E01021425,0,-1
2021546713821,2021,546713821,1,9,0,18,19,8,4,0,0,0,0,0,7,11,1,1,2,2,2,38,7,1600,2,10,MINI COOPER,2,E01032093,0,-1
2021201063743,2021,201063743,2,9,0,5,5,4,8,0,0,1,0,0,3,6,3,1,6,6,2,25,5,1598,1,10,MINI COOPER,3,E01009772,0,-1
2021543356521,2021,543356521,2,9,0,18,19,5,1,0,0,1,0,0,0,0,2,1,1,1,2,35,6,1598,2,9,MINI COOPER,5,E01033288,0,-1
2021122101443,2021,122101443,1,9,0,18,19,3,7,0,0,8,0,0,0,0,1,1,6,6,1,38,7,1998,1,7,MINI COOPER,9,E01013397,0,-1
2021622100486,2021,622100486,1,9,0,15,15,6,2,0,0,1,5,0,0,0,1,1,6,6,1,29,6,1598,1,14,MINI COOPER,10,W01001771,0,-1
2021010291278,2021,010291278,1,9,0,18,19,5,1,99,99,9,9,99,9,99,4,1,6,6,1,23,5,1499,1,2,MINI COOPER,1,E01001798,0,-1
2021421048190,2021,421048190,3,9,0,18,19,2,6,0,0,0,0,0,0,0,1,1,2,2,2,26,6,1499,1,0,MINI COOPER,9,E01021654,0,-1
2021351094556,2021,351094556,2,9,0,17,19,-1,-1,0,0,8,0,0,8,10,4,1,2,2,2,40,7,1598,2,11,MINI COOPER,2,E01018144,0,-1
2021101189026,2021,101189026,2,9,0,2,2,0,0,0,0,2,0,0,0,0,2,1,6,6,3,-1,-1,1598,1,16,MINI COOPER,-1,-1,0,-1