collision_index,collision_year,collision_ref_no,vehicle_reference,vehicle_type,towing_and_articulation,vehicle_manoeuvre_historic,vehicle_manoeuvre,vehicle_direction_from,vehicle_direction_to,vehicle_location_restricted_lane_historic,vehicle_location_restricted_lane,junction_location,skidding_and_overturning,hit_object_in_carriageway,vehicle_leaving_carriageway,hit_object_off_carriageway,first_point_of_impact,vehicle_left_hand_drive,journey_purpose_of_driver_historic,journey_purpose_of_driver,sex_of_driver,age_of_driver,age_band_of_driver,engine_capacity_cc,propulsion_code,age_of_vehicle,generic_make_model,driver_imd_decile,lsoa_of_driver,escooter_flag,driver_distance_banding
2021430176595,2021,430176595,1,9,0,9,9,6,4,0,0,5,0,0,0,0,1,1,6,6,2,69,10,1995,2,5,MINI COOPER,6,E01001951,0,-1
202163A102521,2021,63A102521,1,9,0,18,19,1,4,0,0,1,0,0,0,0,1,1,6,6,2,25,5,1499,1,0,MINI COOPER,-1,-1,0,-1
2021061104079,2021,061104079,1,9,0,18,19,7,3,0,0,0,0,0,7,4,3,1,6,6,1,76,11,1598,1,19,MINI COOPER,1,E01006254,0,-1
2021361046466,2021,361046466,2,9,0,4,4,4,8,0,0,1,0,0,0,0,2,1,2,2,1,37,7,1560,2,14,MINI COOPER,6,E01026486,0,-1
2021501142513,2021,501142513,3,9,0,3,3,2,6,0,0,0,0,0,0,0,2,1,5,6,2,44,7,1998,1,4,MINI COOPER,4,E01018925,0,-1
2021201074911,2021,201074911,2,9,0,9,9,1,7,0,0,2,0,0,0,0,1,1,6,6,3,-1,-1,1598,1,15,MINI COOPER,-1,-1,0,-1
2021161096227,2021,161096227,2,9,0,18,19,5,1,0,0,0,0,0,0,0,1,1,5,6,2,29,6,1560,2,13,MINI COOPER,10,E01012925,0,-1
2021451074890,2021,451074890,1,9,0,18,19,1,5,0,0,0,0,0,0,0,2,1,6,6,2,51,8,1499,1,5,MINI COOPER,9,E01030929,0,-1
2021531050568,2021,531050568,4,9,0,18,19,5,1,0,0,2,0,0,0,0,1,1,5,6,2,61,9,1499,1,4,MINI COOPER,10,E01022181,0,-1
2021010322725,2021,010322725,3,9,0,3,3,7,3,0,0,1,0,0,0,0,2,1,6,6,1,58,9,1598,1,18,MINI COOPER,4,E01002779,0,-1
2021471106169,2021,471106169,2,9,0,17,19,6,3,0,0,0,0,11,0,0,1,1,1,1,1,56,9,1598,1,17,MINI COOPER,7,E01031500,0,-1
2021501110881,2021,501110881,1,9,0,18,19,7,4,0,0,0,0,0,0,0,1,1,5,6,2,36,7,1598,1,11,MINI COOPER,5,E01015224,0,-1
2021131061848,2021,131061848,2,9,0,9,9,5,1,0,0,0,0,0,0,0,1,1,2,2,2,41,7,1995,2,9,MINI COOPER,8,E01010977,0,-1
2021320683782,2021,320683782,2,9,0,18,19,2,6,0,0,0,0,0,0,0,2,1,6,6,2,51,8,1499,1,6,MINI COOPER,8,E01026022,0,-1
2021211079347,2021,211079347,1,9,0,3,3,3,7,0,0,1,1,0,0,0,1,1,6,6,2,43,7,1998,1,4,MINI COOPER,7,E01028899,0,-1
2021141103632,2021,141103632,1,9,0,9,9,8,6,0,0,8,0,0,0,0,3,1,2,2,1,51,8,1598,1,14,MINI COOPER,7,E01008025,0,-1
2021010342105,2021,010342105,2,9,0,99,99,9,9,99,99,0,9,99,9,99,9,9,6,6,3,-1,-1,1598,1,12,MINI COOPER,-1,-1,0,-1
2021522106188,2021,522106188,1,9,0,9,9,8,6,0,0,8,0,0,0,0,3,1,6,6,2,51,8,1499,1,1,MINI COOPER,8,E01032680,0,-1
2021010346047,2021,010346047,1,9,0,99,99,9,9,99,99,9,9,99,9,99,2,9,6,6,2,50,8,1598,1,18,MINI COOPER,9,E01030718,0,-1
2021041038558,2021,041038558,4,9,0,2,2,0,0,0,0,0,0,0,0,0,1,1,6,6,3,-1,-1,1499,1,3,MINI COOPER,-1,-1,0,-1
2021451127864,2021,451127864,1,9,0,9,9,3,7,0,0,6,0,0,0,0,3,1,2,2,2,56,9,1598,1,14,MINI COOPER,5,E01030814,0,-1
2021170S11561,2021,170S11561,3,9,0,18,19,8,4,0,0,0,0,0,0,0,2,1,6,6,1,20,4,1598,1,16,MINI COOPER,8,E01020851,0,-1
2021302101981,2021,302101981,1,9,0,11,11,5,1,0,0,0,0,0,0,0,4,1,6,6,3,-1,-1,1598,1,16,MINI COOPER,5,E01019456,0,-1
2021440424023,2021,440424023,1,9,0,18,19,7,3,0,0,2,0,4,0,0,1,1,6,6,1,35,6,1598,1,17,MINI COOPER,5,E01017222,0,-1
2021320649729,2021,320649729,2,9,0,2,2,0,0,0,0,0,0,0,0,0,1,1,6,6,3,-1,-1,1560,2,11,MINI COOPER,-1,-1,0,-1
2021501032189,2021,501032189,1,9,0,4,4,3,7,0,0,0,0,0,0,0,1,1,5,6,2,23,5,1499,1,7,MINI COOPER,8,E01020110,0,-1
2021010346594,2021,010346594,1,9,0,18,19,3,7,0,0,0,1,10,1,2,4,1,6,6,1,21,5,1560,2,12,MINI COOPER,4,E01032566,0,-1
2021201118755,2021,201118755,1,9,0,18,19,6,2,0,0,1,0,0,0,0,4,1,6,6,1,25,5,1598,1,20,MINI COOPER,2,E01009742,0,-1
2021430031183,2021,430031183,1,9,0,18,19,1,5,0,0,8,0,0,0,0,4,1,6,6,2,24,5,1598,1,6,MINI COOPER,3,E01002532,0,-1
2021440506727,2021,440506727,2,9,0,18,19,8,4,0,0,0,0,0,1,9,1,1,6,6,2,24,5,1598,2,10,MINI COOPER,10,E01023220,0,-1
2021471047083,2021,471047083,1,9,0,18,19,6,2,0,0,1,0,0,0,0,3,1,5,6,1,18,4,1499,1,5,MINI COOPER,8,E01021041,0,-1
2021010314187,2021,010314187,1,9,0,9,9,1,7,0,0,8,0,0,0,0,1,1,3,7,2,50,8,1499,1,3,MINI COOPER,10,E01000810,0,-1
2021440223675,2021,440223675,2,9,0,5,5,3,7,0,0,8,0,0,0,0,3,1,6,6,2,41,7,1499,1,6,MINI COOPER,10,E01023268,0,-1
2021131034849,2021,131034849,1,9,0,18,19,1,5,0,0,2,0,0,0,0,1,1,6,6,2,70,10,1499,1,2,MINI COOPER,5,E01011352,0,-1
2021052101123,2021,052101123,2,9,0,18,19,1,5,0,0,2,0,10,1,0,0,1,6,6,1,54,8,1496,2,6,MINI COOPER,5,E01007041,0,-1
2021430111760,2021,430111760,2,9,0,18,19,3,7,0,0,1,0,0,0,0,4,1,6,6,2,77,11,1998,1,4,MINI COOPER,8,E01028737,0,-1
2021010304362,2021,010304362,1,9,0,18,19,8,4,0,0,0,1,10,7,11,1,1,6,6,1,23,5,1598,1,20,MINI COOPER,6,E01002169,0,-1
2021430283938,2021,430283938,1,9,0,18,19,7,3,0,0,0,0,0,0,0,1,1,2,2,1,20,4,1598,1,18,MINI COOPER,9,E01017802,0,-1
2021010296864,2021,010296864,1,9,0,3,3,1,5,0,0,0,0,0,0,0,2,1,2,2,2,28,6,1598,1,12,MINI COOPER,5,E01004492,0,-1
2021361081471,2021,361081471,2,9,0,16,19,6,2,0,0,0,0,0,0,0,1,1,5,6,2,69,10,1499,1,2,MINI COOPER,6,E01026580,0,-1
2021311079666,2021,311079666,1,9,0,4,4,7,3,0,0,4,0,9,3,1,1,1,6,6,2,47,8,1598,1,13,MINI COOPER,5,E01028341,0,-1
2021211146701,2021,211146701,2,9,0,9,9,4,1,0,0,6,0,0,0,0,1,1,6,6,2,67,10,1499,1,5,MINI COOPER,8,E01029769,0,-1
202134WNC0591,2021,34WNC0591,1,9,0,18,19,1,5,0,0,6,0,0,0,0,1,1,6,6,2,32,6,1598,1,11,MINI COOPER,-1,-1,0,-1
2021221037661,2021,221037661,2,9,0,9,9,2,8,0,0,5,0,0,1,0,3,1,1,1,2,50,8,1499,1,7,MINI COOPER,10,E01028935,0,-1
202154B720521,2021,54B720521,2,9,0,18,19,5,1,0,0,8,0,0,1,0,3,1,6,6,2,61,9,1499,1,5,MINI COOPER,7,E01032693,0,-1
2021041097295,2021,041097295,2,9,0,18,19,1,5,0,0,0,0,0,0,0,1,1,2,2,2,27,6,1998,1,3,MINI COOPER,9,E01025451,0,-1
2021010297833,2021,010297833,2,9,0,10,10,5,3,0,0,5,0,0,0,0,4,1,6,6,2,42,7,1598,1,13,MINI COOPER,2,E01003069,0,-1
2021351070571,2021,351070571,2,9,0,18,19,4,8,0,0,8,0,0,0,0,1,1,2,2,2,37,7,1598,1,18,MINI COOPER,8,E01018003,0,-1
2021010289062,2021,010289062,2,9,0,99,99,9,9,99,99,9,9,99,9,99,9,9,6,6,3,58,9,1598,1,16,MINI COOPER,3,E01001920,0,-1
2021461119161,2021,461119161,2,9,0,10,10,5,3,0,0,8,0,0,0,0,1,1,5,6,1,24,5,1598,1,16,MINI COOPER,3,E01016154,0,-1
2021061099461,2021,061099461,1,9,0,18,19,1,5,0,0,8,0,0,0,0,4,1,6,6,2,46,8,1499,1,4,MINI COOPER,9,E01005017,0,-1
2021122101482,2021,122101482,1,9,0,12,12,1,5,0,0,3,0,0,0,0,3,1,6,6,2,71,10,1998,1,2,MINI COOPER,6,E01027600,0,-1
2021221088439,2021,221088439,1,9,0,17,19,8,4,0,0,8,2,0,1,11,4,1,5,6,1,33,6,1998,1,6,MINI COOPER,3,E01019042,0,-1
2021010305381,2021,010305381,1,9,0,9,9,3,2,0,0,8,0,0,0,0,1,1,2,2,2,33,6,1598,1,11,MINI COOPER,6,E01024360,0,-1
202131C125921,2021,31C125921,2,9,0,18,19,8,4,0,0,8,0,0,7,4,1,1,2,2,1,37,7,1598,1,15,MINI COOPER,5,E01019436,0,-1
2021501130899,2021,501130899,2,9,0,18,19,5,1,0,0,4,0,0,0,0,1,1,1,1,2,39,7,1598,2,10,MINI COOPER,8,E01015098,0,-1
2021520100807,2021,520100807,1,9,0,18,19,3,7,0,0,0,0,0,0,0,2,1,6,6,1,56,9,1560,2,14,MINI COOPER,3,E01029233,0,-1
2021501023487,2021,501023487,1,9,0,18,19,1,5,0,0,0,2,4,2,11,1,1,5,6,1,31,6,1598,1,19,MINI COOPER,2,E01018751,0,-1
2021010337394,2021,010337394,1,9,0,99,99,9,9,99,99,9,9,99,9,99,9,9,6,6,2,26,6,1499,1,4,MINI COOPER,2,E01003041,0,-1
2021471069622,2021,471069622,2,9,0,17,19,6,2,0,0,8,0,0,0,0,1,1,5,6,1,36,7,1600,1,10,MINI COOPER,9,E01021144,0,-1
2021010324789,2021,010324789,1,9,0,7,7,2,5,4,4,5,0,0,0,0,3,1,6,6,2,61,9,1598,1,8,MINI COOPER,6,E01001872,0,-1
2021501084081,2021,501084081,1,9,0,2,2,5,1,0,0,0,0,0,0,0,1,1,5,6,1,44,7,1998,1,2,MINI COOPER,7,E01018813,0,-1
2021430401889,2021,430401889,1,9,0,18,19,8,4,0,0,8,0,0,0,0,1,1,6,6,2,49,8,1499,1,4,MINI COOPER,-1,-1,0,-1
2021041120742,2021,041120742,2,9,0,18,19,1,1,0,0,0,0,0,0,0,4,1,5,6,1,29,6,1499,1,1,MINI COOPER,9,E01012598,0,-1
2021471042883,2021,471042883,2,9,0,4,4,6,2,0,0,0,0,0,0,0,2,1,5,6,1,68,10,1995,2,5,MINI COOPER,8,E01021176,0,-1
2021451034827,2021,451034827,1,9,0,9,9,2,6,0,0,0,0,0,0,0,3,1,5,6,2,23,5,1598,2,9,MINI COOPER,7,E01030652,0,-1
2021010336089,2021,010336089,1,9,0,99,99,9,9,99,99,9,9,99,9,99,2,9,2,2,2,29,6,1598,1,15,MINI COOPER,5,E01001035,0,-1
2021122101296,2021,122101296,1,9,0,16,19,7,5,0,0,0,1,0,7,9,1,1,6,6,2,21,5,1598,1,15,MINI COOPER,6,E01027778,0,-1
2021421024316,2021,421024316,1,9,0,18,19,4,8,0,0,0,0,0,7,3,1,1,5,6,1,18,4,1598,1,16,MINI COOPER,10,E01021570,0,-1
2021320404235,2021,320404235,1,9,0,18,19,3,7,0,0,0,0,0,0,0,1,1,6,6,3,40,7,1499,1,6,MINI COOPER,-1,-1,0,-1
2021010334897,2021,010334897,2,9,0,18,19,3,7,0,0,8,0,0,0,0,1,1,6,6,2,47,8,1499,1,3,MINI COOPER,5,E01000892,0,-1
2021231049725,2021,231049725,1,9,0,18,19,4,8,0,0,8,0,0,0,0,4,1,5,6,2,57,9,1499,1,0,MINI COOPER,8,E01031230,0,-1
2021421097722,2021,421097722,1,9,0,7,7,1,3,0,0,3,0,0,0,0,1,1,6,6,2,17,4,1496,2,5,MINI COOPER,5,E01003703,0,-1
2021440220593,2021,440220593,2,9,0,18,19,8,4,0,0,8,0,0,0,0,1,1,6,6,2,59,9,1598,1,11,MINI COOPER,9,E01017232,0,-1
2021010303951,2021,010303951,2,9,0,18,19,3,7,0,0,2,0,0,0,0,1,1,6,6,1,19,4,1499,1,5,MINI COOPER,3,E01001892,0,-1
2021302101684,2021,302101684,2,9,0,10,10,4,2,0,0,8,0,0,0,0,2,1,6,6,2,35,6,1499,1,3,MINI COOPER,9,E01019703,0,-1
2021031033333,2021,031033333,1,9,0,9,9,6,4,0,0,6,0,0,0,0,1,1,5,6,2,57,9,1496,2,7,MINI COOPER,5,E01019314,0,-1
2021031128442,2021,031128442,1,9,0,18,19,5,1,0,0,1,0,0,0,0,1,1,5,6,2,70,10,1598,1,9,MINI COOPER,10,W01000135,0,-1
2021010308281,2021,010308281,1,9,0,18,19,3,7,0,0,1,0,0,0,0,1,1,6,6,2,34,6,1499,1,0,MINI COOPER,2,E01002633,0,-1
2021041017794,2021,041017794,1,9,0,18,19,5,1,0,0,0,0,0,0,0,1,1,2,2,1,30,6,1560,2,13,MINI COOPER,7,E01024961,0,-1
2021531021037,2021,531021037,1,9,0,18,19,2,6,0,0,0,0,0,0,0,2,1,2,2,2,46,8,1598,1,12,MINI COOPER,10,E01031966,0,-1
2021440412112,2021,440412112,1,9,0,1,1,3,7,0,0,8,0,0,0,0,2,1,6,6,1,23,5,1598,2,11,MINI COOPER,10,E01022619,0,-1
2021501046777,2021,501046777,1,9,0,5,5,4,2,0,0,1,0,0,0,0,1,1,2,2,2,24,5,1499,1,3,MINI COOPER,8,E01020009,0,-1
202163A080421,2021,63A080421,2,9,0,18,19,4,8,0,0,8,0,0,0,0,1,1,6,6,2,18,4,1560,2,11,MINI COOPER,6,W01000720,0,-1
2021010337780,2021,010337780,1,9,0,18,19,5,1,0,0,8,0,0,0,0,3,1,2,2,2,28,6,-1,3,0,MINI COOPER,6,E01032767,0,-1
2021430381444,2021,430381444,2,9,0,16,19,4,7,0,0,0,0,0,0,0,2,1,2,2,2,21,5,1499,1,5,MINI COOPER,9,E01016616,0,-1
2021430335397,2021,430335397,2,9,0,4,4,7,3,0,0,0,0,0,0,0,1,1,2,2,2,24,5,1600,2,9,MINI COOPER,10,E01016386,0,-1
2021430472559,2021,430472559,2,9,0,18,19,8,4,0,0,0,0,0,0,0,2,1,6,6,2,30,6,1598,1,19,MINI COOPER,-1,-1,0,-1
2021221067647,2021,221067647,2,9,0,15,15,1,5,0,0,0,0,0,0,0,0,1,6,6,1,55,8,1499,1,2,MINI COOPER,3,E01009831,0,-1
2021041064966,2021,041064966,1,9,0,18,19,5,1,0,0,0,0,0,0,0,1,1,5,6,2,44,7,1598,1,17,MINI COOPER,-1,-1,0,-1
202134NNC6321,2021,34NNC6321,1,9,0,18,19,7,3,0,0,0,5,0,1,4,1,1,6,6,2,45,7,1598,1,11,MINI COOPER,7,E01027076,0,-1
2021501161113,2021,501161113,2,9,0,4,4,4,8,0,0,1,0,0,1,11,3,1,6,6,1,24,5,1598,1,18,MINI COOPER,2,E01018770,0,-1
2021010350115,2021,010350115,1,9,0,12,12,7,3,0,0,0,0,0,0,0,1,1,2,2,2,23,5,1598,1,11,MINI COOPER,2,E01004404,0,-1
2021991081929,2021,991081929,2,9,0,18,19,7,3,0,0,1,0,0,0,0,4,1,2,2,2,18,4,1499,1,4,MINI COOPER,9,-1,0,-1
2021421124117,2021,421124117,2,9,0,18,19,5,1,0,0,0,0,0,0,0,2,1,5,6,1,59,9,1998,1,6,MINI COOPER,7,E01001537,0,-1
2021471049409,2021,471049409,2,9,0,18,19,4,8,0,0,2,1,0,7,1,3,1,6,6,2,61,9,1995,2,5,MINI COOPER,8,E01021055,0,-1
2021010335946,2021,010335946,2,9,0,4,4,7,3,0,0,2,0,0,0,0,3,1,6,6,2,29,6,1598,1,14,MINI COOPER,7,E01002888,0,-1
2021010335050,2021,010335050,1,9,0,18,19,6,2,0,0,2,0,0,0,0,3,1,6,6,2,20,4,1598,1,13,MINI COOPER,-1,-1,0,-1
2021401041893,2021,401041893,1,9,0,5,5,-1,-1,0,0,0,0,4,0,0,1,1,6,6,1,28,6,1598,1,18,MINI COOPER,1,E01015795,0,-1
2021101041344,2021,101041344,1,9,0,18,19,2,6,0,0,0,1,0,0,0,3,1,6,6,2,45,7,-1,3,1,MINI COOPER,3,E01027544,0,-1
2021131077132,2021,131077132,2,9,0,2,2,5,1,0,0,0,0,0,0,0,3,1,6,6,3,-1,-1,1499,1,2,MINI COOPER,-1,-1,0,-1
2021430428336,2021,430428336,1,9,0,18,19,4,8,0,0,1,0,0,0,0,1,1,6,6,1,33,6,1499,1,5,MINI COOPER,-1,-1,0,-1
2021161094276,2021,161094276,2,9,0,4,4,6,2,0,0,2,0,0,0,0,2,1,5,6,2,57,9,1598,1,18,MINI COOPER,2,E01013038,0,-1
2021161128723,2021,161128723,1,9,0,9,9,7,5,0,0,8,0,0,0,0,1,1,6,6,2,19,4,1598,1,17,MINI COOPER,1,E01012783,0,-1
2021421057925,2021,421057925,1,9,0,5,5,5,1,0,0,4,0,0,0,0,3,1,1,1,2,58,9,1560,2,13,MINI COOPER,3,E01015973,0,-1
2021421014363,2021,421014363,1,9,0,18,19,3,7,0,0,0,0,0,0,0,1,1,5,6,2,45,7,1499,1,2,MINI COOPER,8,E01022091,0,-1
2021211072085,2021,211072085,1,9,0,18,19,4,5,0,0,1,0,0,0,0,0,1,6,6,2,23,5,1995,2,10,MINI COOPER,6,E01029516,0,-1
2021010314109,2021,010314109,2,9,0,9,9,1,7,0,0,5,0,0,0,0,1,9,6,6,3,-1,-1,1598,1,19,MINI COOPER,-1,-1,0,-1
2021440395823,2021,440395823,2,9,0,9,9,5,1,0,0,2,0,0,0,0,3,1,6,6,1,77,11,1598,1,17,MINI COOPER,5,E01017068,0,-1
2021010309076,2021,010309076,2,9,0,7,7,5,8,0,0,1,0,0,0,0,1,1,6,6,2,49,8,1998,1,4,MINI COOPER,-1,-1,0,-1
2021161031512,2021,161031512,1,9,0,8,8,8,4,0,0,8,0,0,0,0,2,1,5,6,1,36,7,1598,1,16,MINI COOPER,1,E01012786,0,-1
2021052101467,2021,052101467,2,9,0,18,19,5,1,0,0,8,0,0,0,0,1,1,6,6,1,45,7,1598,1,12,MINI COOPER,9,E01006922,0,-1
2021010333711,2021,010333711,2,9,0,99,99,9,9,99,99,9,9,99,9,99,9,9,6,6,2,21,5,1998,1,3,MINI COOPER,8,E01002945,0,-1
2021320718821,2021,320718821,1,9,0,5,5,4,8,0,0,6,0,0,7,0,3,1,2,2,1,50,8,1598,1,14,MINI COOPER,10,E01013793,0,-1
202131B182621,2021,31B182621,1,9,0,18,19,8,4,1,1,1,0,0,0,0,1,1,6,6,2,21,5,1598,1,13,MINI COOPER,2,E01026177,0,-1
2021430175195,2021,430175195,2,9,0,18,19,4,8,0,0,8,0,0,1,1,3,1,6,6,1,52,8,1560,2,13,MINI COOPER,10,E01016665,0,-1
202163C054621,2021,63C054621,1,9,0,17,19,7,4,0,0,0,2,11,2,10,4,1,6,6,2,53,8,1598,1,12,MINI COOPER,6,W01000584,0,-1
2021320331430,2021,320331430,2,9,0,18,19,6,2,0,0,1,0,0,1,0,3,1,6,6,1,69,10,1998,1,2,MINI COOPER,5,E01026284,0,-1
2021031043152,2021,031043152,1,9,0,17,19,3,8,0,0,0,2,0,7,11,1,1,6,6,1,55,8,1598,1,17,MINI COOPER,5,E01019286,0,-1
2021501133885,2021,501133885,4,9,0,3,3,7,3,0,0,0,0,0,0,0,2,1,5,6,2,57,9,1499,1,3,MINI COOPER,10,E01020185,0,-1
2021231105183,2021,231105183,1,9,0,18,19,6,2,0,0,0,0,0,0,0,3,1,5,6,2,50,8,1598,1,14,MINI COOPER,6,E01032968,0,-1
2021421015609,2021,421015609,1,9,0,14,14,2,6,0,0,0,0,0,0,0,4,1,6,6,2,50,8,1998,1,2,MINI COOPER,9,E01021682,0,-1
2021421115927,2021,421115927,1,9,0,18,19,7,3,0,0,2,0,0,0,0,1,1,5,6,1,23,5,1598,1,16,MINI COOPER,-1,-1,0,-1
2021031107215,2021,031107215,2,9,0,3,3,3,7,0,0,0,0,0,0,0,2,1,6,6,1,63,9,1499,1,3,MINI COOPER,8,E01019353,0,-1
2021421093424,2021,421093424,1,9,0,1,1,3,7,0,0,2,0,0,0,0,2,1,6,6,2,51,8,1598,1,9,MINI COOPER,7,E01021952,0,-1
2021430269185,2021,430269185,3,9,0,4,4,2,6,0,0,8,0,0,0,0,2,1,6,6,2,-1,-1,1499,1,3,MINI COOPER,-1,-1,0,-1
2021010337745,2021,010337745,1,9,0,99,99,9,9,99,99,9,9,99,9,99,1,9,6,6,1,33,6,1496,2,4,MINI COOPER,7,E01001610,0,-1
2021401068017,2021,401068017,1,9,0,18,19,5,2,0,0,0,1,0,0,0,1,1,6,6,1,48,8,1598,1,17,MINI COOPER,4,E01017482,0,-1
2021401106335,2021,401106335,1,9,0,18,19,5,1,0,0,0,2,0,1,2,3,1,6,6,2,50,8,1598,1,11,MINI COOPER,5,E01018138,0,-1
2021544775521,2021,544775521,2,9,0,18,19,2,6,0,0,0,0,0,0,0,1,1,2,2,1,57,9,1496,2,7,MINI COOPER,6,E01031889,0,-1
2021041060540,2021,041060540,2,9,0,17,19,1,5,0,0,0,0,0,0,0,1,1,2,2,2,47,8,1496,2,4,MINI COOPER,2,E01025051,0,-1
2021070681720,2021,070681720,1,9,0,18,19,1,5,0,0,0,0,4,0,0,1,1,6,6,2,18,4,1598,1,18,MINI COOPER,7,E01018449,0,-1
2021471116777,2021,471116777,1,9,0,18,19,1,5,0,0,0,0,0,0,0,4,1,5,6,2,53,8,1598,1,13,MINI COOPER,10,E01031775,0,-1
2021991018043,2021,991018043,1,9,0,9,9,1,7,0,0,8,0,0,0,0,1,1,6,6,1,17,4,1998,1,3,MINI COOPER,6,-1,0,-1
2021552100526,2021,552100526,1,9,0,5,5,3,7,0,0,6,0,0,0,0,1,1,6,6,2,21,5,1598,1,16,MINI COOPER,4,E01031443,0,-1
2021451092775,2021,451092775,1,9,0,18,19,5,5,9,9,0,0,0,0,0,4,1,2,2,2,50,8,1598,1,10,MINI COOPER,9,E01030706,0,-1
2021320589943,2021,320589943,1,9,0,18,19,7,3,0,0,0,5,0,7,9,1,1,6,6,1,18,4,1600,1,10,MINI COOPER,10,E01026352,0,-1
2021010338606,2021,010338606,1,9,0,4,4,5,1,0,0,0,0,0,0,0,0,1,6,6,1,33,6,1499,1,5,MINI COOPER,3,E01001836,0,-1
2021991104874,2021,991104874,1,9,0,18,19,8,4,0,0,0,1,0,1,0,1,1,5,6,2,29,6,1598,1,17,MINI COOPER,6,-1,0,-1
2021351053991,2021,351053991,2,9,0,18,19,1,7,0,0,0,-1,0,0,0,1,1,6,6,2,20,4,1598,1,10,MINI COOPER,8,E01026289,0,-1
2021501021984,2021,501021984,2,9,0,18,19,7,3,0,0,1,0,0,0,0,3,1,5,6,1,17,4,1499,1,5,MINI COOPER,8,E01015271,0,-1
2021010299194,2021,010299194,5,9,0,18,19,1,5,0,0,0,0,0,0,0,2,1,6,6,2,65,9,1998,1,1,MINI COOPER,8,E01024448,0,-1
2021991054187,2021,991054187,1,9,0,13,13,1,5,0,0,0,0,0,1,11,3,1,5,6,2,49,8,1499,1,7,MINI COOPER,8,-1,0,-1
2021010306501,2021,010306501,2,9,0,99,99,9,9,99,99,9,9,99,9,99,1,9,6,6,2,38,7,1499,1,3,MINI COOPER,6,E01003754,0,-1
2021221037920,2021,221037920,4,9,0,2,2,0,0,0,0,0,0,0,0,0,4,1,5,6,2,54,8,1598,1,15,MINI COOPER,5,E01032279,0,-1
2021231082871,2021,231082871,1,9,0,14,14,5,1,0,0,8,0,0,0,0,4,1,5,6,2,75,10,1499,1,5,MINI COOPER,9,E01031156,0,-1
2021991048559,2021,991048559,1,9,0,18,19,7,2,0,0,0,0,0,0,0,4,1,6,6,2,49,8,1499,1,3,MINI COOPER,5,-1,0,-1
2021461094421,2021,461094421,2,9,0,3,3,1,5,0,0,0,0,0,1,0,1,1,2,2,2,54,8,1598,1,11,MINI COOPER,7,E01024203,0,-1
2021010292525,2021,010292525,2,9,0,99,99,9,9,99,99,9,9,99,9,99,9,9,6,6,1,23,5,1499,1,2,MINI COOPER,9,E01002471,0,-1
2021501133765,2021,501133765,2,9,0,2,2,0,0,0,0,0,0,0,0,0,3,1,6,6,2,58,9,1998,1,5,MINI COOPER,4,E01015265,0,-1
2021010304612,2021,010304612,1,9,0,10,10,5,3,0,0,2,0,0,0,0,3,1,6,6,1,56,9,1998,1,1,MINI COOPER,4,E01020915,0,-1
2021061039244,2021,061039244,2,9,0,4,4,5,1,0,0,1,0,0,0,0,1,1,5,6,2,33,6,1598,1,13,MINI COOPER,9,E01005793,0,-1
2021010312152,2021,010312152,1,9,0,3,3,7,3,0,0,0,0,0,0,0,2,1,3,7,1,39,7,1499,1,4,MINI COOPER,9,E01001379,0,-1
2021471112969,2021,471112969,1,9,0,9,9,7,5,0,0,0,0,0,0,0,3,1,5,6,1,21,5,1598,2,11,MINI COOPER,6,E01021125,0,-1
2021461120649,2021,461120649,2,9,0,7,7,2,8,0,0,0,0,0,0,0,4,1,6,6,2,22,5,1496,2,7,MINI COOPER,8,E01024004,0,-1
2021211067210,2021,211067210,1,9,0,18,19,4,8,0,0,0,1,0,0,0,1,1,5,6,1,60,9,1598,1,13,MINI COOPER,2,E01029426,0,-1
2021302100378,2021,302100378,1,9,0,5,5,2,6,0,0,0,0,0,0,0,2,1,6,6,3,24,5,1598,1,18,MINI COOPER,2,E01013522,0,-1
2021010328283,2021,010328283,1,9,0,18,19,1,5,99,99,0,9,99,9,99,2,9,6,6,2,57,9,1499,1,4,MINI COOPER,2,E01001843,0,-1
2021070496167,2021,070496167,3,9,0,4,4,7,4,0,0,0,0,0,0,0,2,1,6,6,1,50,8,1998,1,7,MINI COOPER,10,E01018387,0,-1
2021070793869,2021,070793869,1,9,0,16,19,2,5,0,0,0,1,0,1,4,3,1,2,2,1,19,4,1598,1,13,MINI COOPER,10,E01018696,0,-1
2021531105424,2021,531105424,1,9,0,18,19,7,3,0,0,0,0,0,7,9,1,1,5,6,2,29,6,1598,1,18,MINI COOPER,3,E01004734,0,-1
2021471062216,2021,471062216,2,9,0,17,19,7,4,0,0,0,0,0,0,0,1,1,6,6,2,28,6,1499,1,5,MINI COOPER,8,E01032835,0,-1