collision_index,collision_year,collision_ref_no,vehicle_reference,vehicle_type,towing_and_articulation,vehicle_manoeuvre_historic,vehicle_manoeuvre,vehicle_direction_from,vehicle_direction_to,vehicle_location_restricted_lane_historic,vehicle_location_restricted_lane,junction_location,skidding_and_overturning,hit_object_in_carriageway,vehicle_leaving_carriageway,hit_object_off_carriageway,first_point_of_impact,vehicle_left_hand_drive,journey_purpose_of_driver_historic,journey_purpose_of_driver,sex_of_driver,age_of_driver,age_band_of_driver,engine_capacity_cc,propulsion_code,age_of_vehicle,generic_make_model,driver_imd_decile,lsoa_of_driver,escooter_flag,driver_distance_banding
202106J079268,2021,06J079268,1,9,0,18,19,5,1,0,0,1,0,0,0,0,1,1,1,1,2,25,5,1499,1,3,MINI COOPER,10,E01005813,0,-1
2021201110969,2021,201110969,2,9,0,3,3,6,2,0,0,2,0,0,0,0,0,1,6,6,2,44,7,1499,1,2,MINI COOPER,7,E01029825,0,-1
2021351053889,2021,351053889,1,9,0,18,19,3,3,0,0,0,0,0,0,0,0,1,6,6,1,29,6,1598,1,17,MINI COOPER,4,E01017947,0,-1
2021131114934,2021,131114934,1,9,0,17,19,4,8,0,0,0,1,0,0,0,2,1,5,6,1,19,4,1598,1,18,MINI COOPER,7,E01011941,0,-1
2021010347378,2021,010347378,2,9,0,99,99,9,9,99,99,9,9,99,9,99,9,9,6,6,3,-1,-1,1598,1,11,MINI COOPER,8,E01004293,0,-1
2021010297750,2021,010297750,1,9,0,2,2,0,0,0,0,0,0,0,0,0,2,1,6,6,3,-1,-1,1598,1,6,MINI COOPER,-1,-1,0,-1
2021010309290,2021,010309290,1,9,0,9,9,4,1,0,0,6,0,0,0,0,1,1,6,6,2,23,5,1499,1,7,MINI COOPER,10,E01000756,0,-1
2021361029768,2021,361029768,1,9,0,18,19,8,4,0,0,0,0,0,8,4,1,1,5,6,1,19,4,1598,1,19,MINI COOPER,6,E01026761,0,-1
2021501068701,2021,501068701,2,9,0,18,19,7,3,0,0,1,0,0,0,0,3,1,5,6,1,40,7,1496,2,7,MINI COOPER,3,E01019070,0,-1
202163A032621,2021,63A032621,2,9,0,2,2,0,0,0,0,1,0,0,1,10,3,1,6,6,2,-1,-1,1598,1,13,MINI COOPER,8,W01000704,0,-1
202163D098921,2021,63D098921,3,9,0,18,19,8,4,0,0,1,0,0,0,0,1,1,6,6,2,42,7,1598,1,18,MINI COOPER,2,W01000483,0,-1
2021421125518,2021,421125518,2,9,0,10,10,3,7,0,0,1,0,0,0,0,2,1,5,6,2,56,9,1598,2,11,MINI COOPER,7,E01022088,0,-1
2021041021007,2021,041021007,1,9,0,18,19,1,5,0,0,2,0,0,0,0,1,1,5,6,2,26,6,1496,2,6,MINI COOPER,6,E01024859,0,-1
2021302101235,2021,302101235,2,9,0,18,19,2,6,0,0,1,0,0,0,0,1,1,6,6,1,-1,-1,1998,1,0,MINI COOPER,4,E01019574,0,-1
2021430039631,2021,430039631,1,9,0,9,9,1,7,0,0,6,0,0,0,0,1,1,2,2,1,33,6,1998,1,3,MINI COOPER,4,E01028781,0,-1
2021131112946,2021,131112946,2,9,0,18,19,6,2,0,0,0,0,4,0,0,1,1,6,6,2,52,8,1598,1,13,MINI COOPER,9,E01010935,0,-1
202131D190821,2021,31D190821,2,9,0,18,19,6,2,0,0,0,0,0,0,0,1,1,1,1,2,48,8,1998,1,2,MINI COOPER,7,E01028411,0,-1
2021131107448,2021,131107448,1,9,0,18,19,5,1,0,0,1,0,0,0,0,2,1,5,6,1,54,8,1598,1,15,MINI COOPER,8,E01027682,0,-1
2021010325728,2021,010325728,1,9,0,99,99,9,9,99,99,9,9,99,9,99,2,9,1,1,2,51,8,1499,1,1,MINI COOPER,3,E01003531,0,-1
202131B112321,2021,31B112321,2,9,0,18,19,5,1,0,0,8,0,0,0,0,1,1,1,1,2,56,9,1499,1,0,MINI COOPER,5,E01028012,0,-1
2021010309021,2021,010309021,1,9,0,3,3,5,1,0,0,1,0,0,0,0,2,1,6,6,2,33,6,-1,3,0,MINI COOPER,5,E01001935,0,-1
2021211020394,2021,211020394,3,9,0,4,4,8,4,0,0,0,0,0,0,0,1,1,6,6,2,24,5,1598,1,14,MINI COOPER,7,E01029385,0,-1
2021010338211,2021,010338211,1,9,0,9,9,7,4,0,0,8,0,0,0,0,3,1,6,6,1,34,6,1598,1,13,MINI COOPER,3,E01003105,0,-1
2021161087704,2021,161087704,1,9,0,3,3,8,4,0,0,0,0,0,0,0,2,1,3,7,2,53,8,1598,2,9,MINI COOPER,10,E01033496,0,-1
2021421072760,2021,421072760,2,9,0,18,19,1,5,0,0,2,0,0,0,0,2,1,5,6,2,75,10,1598,1,14,MINI COOPER,6,E01021539,0,-1
2021131107000,2021,131107000,1,9,0,-1,-1,-1,-1,-1,-1,0,-1,-1,-1,-1,-1,1,6,6,3,-1,-1,1598,1,17,MINI COOPER,-1,-1,0,-1
2021302102020,2021,302102020,1,9,0,18,19,8,4,0,0,0,0,0,7,11,4,1,6,6,2,18,4,1598,1,15,MINI COOPER,2,E01019668,0,-1
2021991060520,2021,991060520,2,9,0,18,19,4,1,0,0,1,0,0,0,0,1,1,5,6,2,87,11,1499,1,5,MINI COOPER,10,-1,0,-1
202106K079253,2021,06K079253,2,9,0,10,10,8,4,0,0,1,0,0,0,0,3,1,1,1,2,26,6,1499,1,4,MINI COOPER,3,E01005889,0,-1
2021101105582,2021,101105582,3,9,0,4,4,7,3,0,0,1,0,0,0,0,2,1,6,6,1,50,8,1998,1,2,MINI COOPER,2,E01008450,0,-1
2021361078446,2021,361078446,2,9,0,10,10,7,4,0,0,1,0,0,0,0,2,1,5,6,2,52,8,1598,1,7,MINI COOPER,9,E01030149,0,-1
2021522101847,2021,522101847,2,9,0,2,2,0,0,0,0,0,0,4,0,0,1,1,6,6,2,25,5,1499,1,4,MINI COOPER,10,E01014666,0,-1
2021010351878,2021,010351878,2,9,0,16,19,3,5,0,0,2,0,0,0,0,2,1,6,6,1,20,4,1598,1,15,MINI COOPER,8,E01000563,0,-1
2021471099304,2021,471099304,1,9,0,18,19,1,5,0,0,0,2,0,0,0,1,1,5,6,1,22,5,1598,1,19,MINI COOPER,9,E01031622,0,-1
2021471072452,2021,471072452,1,9,0,7,7,5,1,0,0,1,0,0,0,0,1,1,5,6,2,44,7,1499,1,3,MINI COOPER,9,E01003363,0,-1
2021421115086,2021,421115086,1,9,0,18,19,5,1,0,0,0,0,0,0,0,1,1,6,6,2,58,9,1998,1,2,MINI COOPER,-1,-1,0,-1
2021471094804,2021,471094804,2,9,0,16,19,2,5,0,0,1,0,0,0,0,1,1,5,6,2,27,6,1598,1,17,MINI COOPER,4,E01020971,0,-1
2021991075913,2021,991075913,2,9,0,18,19,1,5,0,0,1,0,0,0,0,2,1,6,6,2,64,9,1499,1,5,MINI COOPER,8,-1,0,-1
2021201049948,2021,201049948,1,9,0,9,9,8,6,0,0,6,0,10,1,11,1,1,6,6,1,81,11,1995,2,10,MINI COOPER,10,E01032144,0,-1
2021430206080,2021,430206080,2,9,0,18,19,8,4,0,0,0,0,0,5,6,4,1,6,6,2,56,9,1998,1,4,MINI COOPER,5,E01033734,0,-1
2021401087548,2021,401087548,1,9,0,18,19,1,5,0,0,0,0,0,0,0,1,1,5,6,2,29,6,1598,1,12,MINI COOPER,7,E01017524,0,-1
2021411032988,2021,411032988,3,9,0,4,4,1,5,0,0,1,0,0,0,0,2,1,3,7,2,25,5,1499,1,5,MINI COOPER,10,E01023628,0,-1
2021451037443,2021,451037443,2,9,0,18,19,3,7,0,0,8,0,0,0,0,2,1,1,1,2,32,6,1499,1,4,MINI COOPER,8,E01002690,0,-1
2021430358621,2021,430358621,2,9,0,18,19,3,7,0,0,8,0,0,0,0,4,1,1,1,1,25,5,1499,1,6,MINI COOPER,6,E01016482,0,-1
2021221071834,2021,221071834,2,9,0,17,19,8,4,0,0,0,0,0,1,0,3,1,5,6,2,64,9,1600,2,10,MINI COOPER,4,E01014169,0,-1
2021371134574,2021,371134574,1,9,0,18,19,8,4,0,0,8,0,0,0,0,4,1,2,2,2,43,7,1598,1,14,MINI COOPER,6,E01030041,0,-1
2021320413112,2021,320413112,1,9,0,18,19,3,7,0,0,1,0,0,0,0,1,1,2,2,2,28,6,1598,1,19,MINI COOPER,3,E01026008,0,-1
2021411069288,2021,411069288,2,9,0,18,19,8,4,0,0,1,0,0,0,0,4,1,6,6,2,35,6,1496,2,3,MINI COOPER,10,E01018262,0,-1
2021471073326,2021,471073326,1,9,0,5,5,2,6,0,0,1,0,0,0,0,3,1,5,6,1,20,4,1598,1,18,MINI COOPER,7,E01031525,0,-1
2021201147374,2021,201147374,2,9,0,4,4,6,2,0,0,0,0,0,0,0,2,1,6,6,2,-1,-1,1499,1,7,MINI COOPER,4,E01031096,0,-1
2021010305206,2021,010305206,1,9,0,18,19,1,5,0,0,1,0,0,0,0,4,2,6,6,1,31,6,1499,1,2,MINI COOPER,3,E01004661,0,-1
2021201125696,2021,201125696,1,9,0,9,9,2,7,0,0,6,0,0,0,0,3,1,6,6,1,34,6,1598,1,14,MINI COOPER,7,E01009771,0,-1
2021991142966,2021,991142966,2,9,0,18,19,8,4,0,0,0,0,0,1,0,1,1,3,7,2,31,6,1499,1,2,MINI COOPER,5,-1,0,-1
2021131066314,2021,131066314,1,9,0,18,19,7,3,0,0,1,0,0,0,0,4,1,5,6,2,43,7,1598,1,19,MINI COOPER,7,E01011509,0,-1
2021070123162,2021,070123162,1,9,0,9,9,1,3,0,0,2,0,0,0,0,1,1,2,2,1,22,5,1598,1,18,MINI COOPER,8,E01005988,0,-1
2021522105538,2021,522105538,2,9,0,2,2,0,0,0,0,0,0,0,0,0,3,1,6,6,1,67,10,1598,1,12,MINI COOPER,7,E01014494,0,-1
2021061141992,2021,061141992,2,9,-1,3,3,1,5,0,0,8,0,0,0,0,1,1,6,6,3,30,6,1499,1,2,MINI COOPER,-1,-1,0,-1
2021201108766,2021,201108766,1,9,0,18,19,4,8,0,0,0,0,0,0,0,1,1,2,2,2,26,6,1598,1,14,MINI COOPER,8,E01010553,0,-1
2021451028355,2021,451028355,1,9,0,13,13,3,7,0,0,0,0,0,1,0,1,1,5,6,1,47,8,1499,1,5,MINI COOPER,9,E01001119,0,-1
2021461100642,2021,461100642,1,9,0,18,19,3,7,0,0,0,0,0,0,0,1,1,6,6,1,26,6,1499,1,3,MINI COOPER,-1,-1,0,-1
2021461144001,2021,461144001,2,9,0,18,19,5,1,0,0,8,0,0,0,0,1,1,6,6,1,39,7,1598,1,11,MINI COOPER,6,E01023979,0,-1
2021111029027,2021,111029027,1,9,0,18,19,7,3,0,0,0,0,0,0,0,4,1,2,2,2,52,8,1998,1,4,MINI COOPER,2,E01020602,0,-1
2021520200589,2021,520200589,2,9,0,18,19,6,2,0,0,8,0,0,0,0,1,1,6,6,1,21,5,1598,1,18,MINI COOPER,8,E01014425,0,-1
2021411128191,2021,411128191,2,9,0,18,19,8,4,0,0,1,0,0,0,0,1,1,6,6,1,29,6,1598,1,9,MINI COOPER,4,E01021833,0,-1
2021351077195,2021,351077195,1,9,0,18,19,2,6,0,0,0,0,0,7,0,1,1,5,6,1,25,5,1598,2,10,MINI COOPER,8,E01018290,0,-1
2021141126514,2021,141126514,1,9,0,18,19,1,5,0,0,0,0,0,0,0,2,1,5,6,2,26,6,1600,1,10,MINI COOPER,4,-1,0,-1
2021552100611,2021,552100611,2,9,0,10,10,4,2,0,0,2,0,0,0,0,2,1,6,6,2,48,8,1499,1,5,MINI COOPER,10,E01020420,0,-1
2021531116300,2021,531116300,1,9,0,18,19,4,8,0,0,3,0,0,0,0,3,1,5,6,1,39,7,1499,1,3,MINI COOPER,7,E01014949,0,-1
2021070840068,2021,070840068,2,9,0,18,19,5,1,0,0,1,0,0,0,0,3,1,2,2,1,19,4,1598,1,16,MINI COOPER,2,E01018477,0,-1
2021991116729,2021,991116729,1,9,0,18,19,6,1,0,0,0,1,0,1,4,1,1,2,2,2,22,5,1598,1,18,MINI COOPER,6,-1,0,-1
2021411027446,2021,411027446,1,9,0,11,11,5,1,0,0,0,0,11,1,0,3,1,5,6,2,18,4,1598,1,16,MINI COOPER,9,E01023465,0,-1
2021351083134,2021,351083134,1,9,0,9,9,4,8,0,0,0,0,0,0,0,1,1,2,2,2,24,5,1598,1,9,MINI COOPER,10,E01018282,0,-1
2021122100990,2021,122100990,2,9,0,18,19,5,1,0,0,0,0,0,0,0,4,1,6,6,1,32,6,1499,1,6,MINI COOPER,1,E01007718,0,-1
2021451044242,2021,451044242,1,9,0,18,19,5,1,0,0,0,0,0,0,0,1,1,2,2,1,55,8,1998,1,4,MINI COOPER,10,E01030998,0,-1
2021371073701,2021,371073701,2,9,0,3,3,4,8,0,0,1,0,0,0,0,2,1,5,6,1,24,5,1499,1,2,MINI COOPER,5,E01030061,0,-1
2021451018148,2021,451018148,1,9,0,17,19,7,3,0,0,0,1,0,1,1,1,1,5,6,1,20,4,1600,2,10,MINI COOPER,10,E01030809,0,-1
2021041085786,2021,041085786,2,9,0,16,19,7,3,0,0,3,0,0,0,0,2,1,2,2,2,31,6,1499,1,2,MINI COOPER,3,E01025223,0,-1
2021010295747,2021,010295747,1,9,0,18,19,7,3,0,0,2,0,0,0,0,3,1,6,6,1,73,10,1998,1,3,MINI COOPER,9,E01001224,0,-1
2021061039162,2021,061039162,2,9,0,3,3,1,1,0,0,1,0,0,0,0,2,1,6,6,1,56,9,1598,1,19,MINI COOPER,1,E01004877,0,-1
2021320052969,2021,320052969,1,9,0,18,19,1,5,0,0,0,2,0,1,9,1,1,6,6,1,32,6,1598,1,16,MINI COOPER,2,E01026277,0,-1
2021461084152,2021,461084152,1,9,0,5,5,3,7,0,0,1,0,0,0,0,3,1,5,6,2,54,8,1499,1,3,MINI COOPER,9,E01024450,0,-1
2021522103607,2021,522103607,1,9,0,18,19,8,4,0,0,8,0,0,7,0,1,1,6,6,1,44,7,1598,1,19,MINI COOPER,2,E01014977,0,-1
2021010342454,2021,010342454,2,9,0,5,5,1,5,0,0,4,0,0,0,0,1,1,2,2,1,63,9,-1,3,1,MINI COOPER,6,E01001237,0,-1
2021041076424,2021,041076424,2,9,0,18,19,5,1,0,0,0,0,0,0,0,3,1,5,6,1,26,6,1598,1,18,MINI COOPER,4,E01024945,0,-1
2021131094177,2021,131094177,2,9,0,18,19,6,2,0,0,1,0,0,0,0,1,1,6,6,2,61,9,1598,1,12,MINI COOPER,6,E01011071,0,-1
2021052100928,2021,052100928,2,9,0,18,19,1,5,0,0,8,0,0,0,0,2,1,6,6,2,31,6,1499,1,4,MINI COOPER,8,E01006822,0,-1
2021061053592,2021,061053592,2,9,0,10,10,6,2,0,0,0,0,0,0,0,4,1,5,6,2,44,7,1499,1,4,MINI COOPER,2,E01012482,0,-1
2021131093187,2021,131093187,2,9,0,4,4,1,5,0,0,0,0,0,0,0,2,1,5,6,2,26,6,1499,1,1,MINI COOPER,9,E01011515,0,-1
2021141083014,2021,141083014,3,9,0,18,19,6,2,0,0,1,0,0,0,0,0,1,5,6,2,23,5,1598,1,9,MINI COOPER,8,E01008149,0,-1
2021061028075,2021,061028075,2,9,0,18,19,8,4,0,0,0,0,0,0,0,2,1,2,2,1,48,8,1598,1,13,MINI COOPER,2,E01012728,0,-1
2021201136029,2021,201136029,2,9,0,2,2,0,0,0,0,0,0,0,0,0,1,1,5,6,2,42,7,1598,1,9,MINI COOPER,-1,-1,0,-1
2021052101183,2021,052101183,1,9,0,18,19,3,7,0,0,1,0,7,0,0,1,1,6,6,2,47,8,1598,1,16,MINI COOPER,6,E01007159,0,-1
2021545177321,2021,545177321,2,9,0,18,19,6,2,0,0,0,1,0,0,0,3,1,6,6,1,22,5,1598,1,8,MINI COOPER,5,E01014455,0,-1
2021010349299,2021,010349299,1,9,0,18,19,5,1,0,0,1,0,0,0,0,2,1,2,2,2,30,6,1998,1,4,MINI COOPER,3,E01003588,0,-1
2021101049166,2021,101049166,2,9,0,17,19,1,7,0,0,3,1,4,2,0,1,1,5,6,1,71,10,1998,1,1,MINI COOPER,5,E01008306,0,-1
2021101062260,2021,101062260,3,9,0,3,3,3,8,0,0,1,0,0,0,0,3,1,5,6,2,53,8,1995,2,8,MINI COOPER,7,E01019219,0,-1
2021461071732,2021,461071732,1,9,0,5,5,7,3,0,0,6,0,0,0,0,1,1,6,6,2,53,8,1598,1,15,MINI COOPER,8,E01024652,0,-1
2021161045063,2021,161045063,5,9,0,18,19,6,2,0,0,0,0,0,1,0,3,1,5,6,2,50,8,1598,1,12,MINI COOPER,6,E01012793,0,-1
2021221050199,2021,221050199,1,9,0,3,3,6,2,0,0,0,0,0,0,0,2,1,5,6,1,18,4,1499,1,1,MINI COOPER,8,E01014123,0,-1
2021302101450,2021,302101450,3,9,0,16,19,8,2,0,0,0,0,0,0,0,0,1,6,6,2,41,7,1499,1,2,MINI COOPER,10,E01006085,0,-1
2021010320703,2021,010320703,3,9,0,18,19,3,7,0,0,0,0,0,0,0,1,1,6,6,2,23,5,1499,1,2,MINI COOPER,2,E01024135,0,-1
202134WNC4291,2021,34WNC4291,2,9,0,2,2,0,0,0,0,1,0,0,0,0,3,1,6,6,2,74,10,1598,1,8,MINI COOPER,7,E01027190,0,-1
2021421126653,2021,421126653,3,9,0,18,19,1,4,0,0,0,0,0,0,0,1,1,5,6,2,43,7,1598,1,9,MINI COOPER,-1,-1,0,-1
2021411013506,2021,411013506,1,9,0,18,19,1,5,0,0,8,0,0,0,0,1,1,6,6,2,57,9,1499,1,3,MINI COOPER,10,E01023452,0,-1
2021522103787,2021,522103787,1,9,0,17,19,5,3,0,0,0,0,0,0,0,1,1,6,6,1,18,4,1598,1,12,MINI COOPER,9,E01014083,0,-1
2021010350105,2021,010350105,4,9,0,3,3,7,3,0,0,1,0,0,0,0,2,1,6,6,1,38,7,1598,1,15,MINI COOPER,5,E01000071,0,-1
2021031048756,2021,031048756,1,9,0,7,7,1,3,0,0,6,0,0,0,0,3,1,6,6,1,74,10,1598,1,13,MINI COOPER,2,E01008280,0,-1
2021544384421,2021,544384421,2,9,0,18,19,3,7,0,0,8,5,0,1,0,1,1,6,6,2,24,5,1598,1,11,MINI COOPER,8,E01015561,0,-1
2021201114169,2021,201114169,1,9,0,18,19,2,6,0,0,1,0,0,0,0,1,1,6,6,2,-1,-1,1598,1,19,MINI COOPER,2,E01010261,0,-1
2021411052886,2021,411052886,2,9,0,16,19,1,5,0,0,0,5,0,0,0,1,1,6,6,1,38,7,1598,1,16,MINI COOPER,3,E01023958,0,-1
2021461035736,2021,461035736,1,9,0,17,19,3,1,0,0,0,0,0,0,0,1,1,6,6,3,-1,-1,1598,1,16,MINI COOPER,-1,-1,0,-1
2021061075960,2021,061075960,1,9,0,18,19,3,7,0,0,0,0,0,0,0,1,1,6,6,2,26,6,1598,1,16,MINI COOPER,8,E01025000,0,-1
2021440508848,2021,440508848,1,9,0,18,19,3,7,0,0,0,0,0,0,0,1,1,2,2,2,38,7,1598,1,11,MINI COOPER,7,E01022948,0,-1
2021221053292,2021,221053292,2,9,0,18,19,7,3,0,0,8,0,0,0,0,3,1,5,6,1,68,10,1598,1,12,MINI COOPER,3,E01032321,0,-1
2021010332426,2021,010332426,1,9,0,99,99,9,9,99,99,9,9,99,9,99,2,9,2,2,1,34,6,-1,3,0,MINI COOPER,10,E01021751,0,-1
2021361075061,2021,361075061,3,9,0,4,4,2,6,0,0,0,0,0,0,0,2,1,5,6,1,46,8,1499,1,2,MINI COOPER,6,E01026629,0,-1
2021131038321,2021,131038321,1,9,0,18,19,5,1,0,0,0,0,0,0,0,2,1,1,1,2,48,8,1499,1,2,MINI COOPER,9,E01011385,0,-1
2021451077569,2021,451077569,1,9,0,18,19,5,1,0,0,3,1,11,1,2,1,1,5,6,2,20,4,1598,1,18,MINI COOPER,10,E01030445,0,-1
2021531078296,2021,531078296,1,9,0,17,19,5,5,0,0,1,0,0,0,0,1,1,5,6,2,25,5,1598,1,19,MINI COOPER,9,E01022436,0,-1
2021991082974,2021,991082974,1,9,0,18,19,8,4,0,0,0,1,0,0,0,1,1,5,6,1,21,5,1598,1,11,MINI COOPER,7,-1,0,-1
2021461052676,2021,461052676,3,9,0,4,4,4,8,0,0,1,0,0,0,0,2,1,5,6,2,-1,-1,1598,1,16,MINI COOPER,3,E01016102,0,-1
2021010301191,2021,010301191,1,9,0,18,19,5,1,0,0,2,0,0,0,0,1,1,2,2,1,46,8,1598,1,15,MINI COOPER,2,E01001712,0,-1
2021461099698,2021,461099698,3,9,0,4,4,3,6,0,0,0,0,0,0,0,4,1,6,6,1,28,6,1499,1,4,MINI COOPER,7,E01020970,0,-1
2021320715619,2021,320715619,1,9,0,18,19,6,2,0,0,0,1,0,0,0,2,1,2,2,2,27,6,1499,1,3,MINI COOPER,5,E01026232,0,-1
2021231035240,2021,231035240,1,9,0,17,19,4,8,0,0,0,0,10,7,9,1,1,5,6,1,19,4,1598,1,14,MINI COOPER,1,E01031118,0,-1
2021141036009,2021,141036009,2,9,0,9,9,2,8,0,0,1,0,0,0,0,4,1,5,6,2,68,10,1598,2,8,MINI COOPER,4,E01007342,0,-1
2021549482421,2021,549482421,1,9,0,17,19,6,3,0,0,0,1,0,1,11,1,1,6,6,2,23,5,1598,1,14,MINI COOPER,9,E01031930,0,-1
2021010332193,2021,010332193,2,9,0,3,3,3,7,0,0,1,0,0,0,0,2,1,6,6,2,41,7,1598,1,14,MINI COOPER,7,E01002228,0,-1
2021010339543,2021,010339543,1,9,0,7,7,3,5,0,0,1,0,0,0,0,0,1,6,6,1,58,9,1598,2,9,MINI COOPER,6,E01001288,0,-1
2021010302743,2021,010302743,2,9,0,2,2,0,0,0,0,0,0,0,0,0,2,1,6,6,3,-1,-1,1998,1,6,MINI COOPER,-1,-1,0,-1
2021361098390,2021,361098390,1,9,0,9,9,2,8,0,0,2,0,0,0,0,1,1,5,6,1,47,8,1598,1,17,MINI COOPER,8,E01026480,0,-1
2021411063410,2021,411063410,2,9,0,18,19,3,7,0,0,1,0,0,0,0,2,1,6,6,2,-1,-1,1598,1,17,MINI COOPER,10,E01023718,0,-1
2021061086828,2021,061086828,2,9,0,2,2,0,0,0,0,0,0,0,0,0,3,1,6,6,3,-1,-1,1598,1,12,MINI COOPER,-1,-1,0,-1
2021531069649,2021,531069649,1,9,0,18,19,6,2,0,0,0,0,0,1,7,3,1,5,6,2,39,7,1598,1,14,MINI COOPER,1,E01022147,0,-1
2021010332058,2021,010332058,3,9,0,3,3,5,1,0,0,0,0,0,0,0,4,1,6,6,2,32,6,1496,2,4,MINI COOPER,7,E01023168,0,-1
2021440175438,2021,440175438,1,9,0,18,19,2,6,0,0,0,0,0,7,10,3,1,2,2,2,62,9,1496,2,5,MINI COOPER,10,E01022707,0,-1
2021201111024,2021,201111024,3,9,0,4,4,8,4,0,0,0,0,0,0,0,1,1,6,6,1,42,7,1598,1,12,MINI COOPER,1,E01009632,0,-1
2021522201204,2021,522201204,2,9,0,18,19,7,3,0,0,8,0,0,0,0,1,1,6,6,2,27,6,1998,1,5,MINI COOPER,2,E01014685,0,-1
2021320336922,2021,320336922,3,9,0,18,19,1,5,0,0,0,0,0,0,0,3,1,6,6,1,54,8,1998,1,2,MINI COOPER,3,E01026085,0,-1
2021351096340,2021,351096340,1,9,0,14,14,5,5,0,0,0,1,0,0,0,1,1,5,6,2,47,8,1598,1,19,MINI COOPER,5,E01018187,0,-1
2021440160512,2021,440160512,1,9,0,5,5,7,3,0,0,8,0,0,0,0,3,1,2,2,2,40,7,1499,1,6,MINI COOPER,10,E01023222,0,-1
2021111109589,2021,111109589,2,9,0,17,19,4,8,0,0,2,0,0,0,0,0,1,6,6,1,36,7,1998,1,0,MINI COOPER,3,E01020875,0,-1
2021070121029,2021,070121029,1,9,0,16,19,3,7,0,0,0,0,0,0,0,3,1,6,6,1,53,8,1499,1,3,MINI COOPER,9,E01018516,0,-1
2021501113007,2021,501113007,3,9,0,3,3,8,4,0,0,0,0,0,0,0,2,1,6,6,1,20,4,1499,1,7,MINI COOPER,-1,-1,0,-1
2021201104903,2021,201104903,1,9,0,18,19,2,6,0,0,0,0,0,0,0,1,1,1,1,1,37,7,1600,1,10,MINI COOPER,7,E01032123,0,-1
2021421108124,2021,421108124,2,9,0,3,3,3,5,0,0,4,0,0,0,0,2,1,3,7,2,38,7,1598,1,11,MINI COOPER,5,E01021680,0,-1
202163A038821,2021,63A038821,3,9,0,4,4,6,2,0,0,0,0,0,0,0,2,1,6,6,2,70,10,1499,1,1,MINI COOPER,4,W01000681,0,-1
2021430441657,2021,430441657,2,9,0,18,19,8,4,0,0,0,0,0,1,9,3,1,6,6,2,49,8,1598,1,15,MINI COOPER,9,E01016585,0,-1
2021471070305,2021,471070305,3,9,0,17,19,8,4,0,0,0,0,0,1,0,1,1,5,6,2,25,5,1598,1,15,MINI COOPER,10,E01031678,0,-1
2021471062446,2021,471062446,1,9,0,18,19,6,2,0,0,0,0,0,0,0,1,1,5,6,1,33,6,1499,1,2,MINI COOPER,2,E01004252,0,-1
2021461073808,2021,461073808,2,9,0,18,19,3,7,0,0,2,0,0,0,0,3,1,6,6,2,57,9,1598,2,7,MINI COOPER,6,E01024212,0,-1
2021440168837,2021,440168837,3,9,0,10,10,5,3,0,0,8,0,0,0,0,2,1,6,6,2,69,10,1998,1,5,MINI COOPER,10,E01022498,0,-1
2021610063621,2021,610063621,1,9,0,9,9,1,7,0,0,6,0,0,0,0,3,1,1,1,1,45,7,1598,1,13,MINI COOPER,10,W01001624,0,-1
2021991112290,2021,991112290,2,9,0,18,19,8,4,0,0,1,0,0,0,0,4,1,5,6,1,27,6,1995,2,10,MINI COOPER,8,-1,0,-1
2021061030176,2021,061030176,1,9,0,9,9,6,4,0,0,1,0,0,0,0,3,1,6,6,2,74,10,1499,1,2,MINI COOPER,10,E01006193,0,-1
2021302101547,2021,302101547,1,9,0,18,19,5,3,0,0,3,0,0,0,0,1,1,6,6,1,23,5,1499,1,0,MINI COOPER,1,E01013570,0,-1
2021201066435,2021,201066435,1,9,0,18,19,1,5,0,0,0,0,0,0,0,1,1,6,6,1,55,8,1598,1,19,MINI COOPER,6,E01030068,0,-1
2021061042404,2021,061042404,1,9,0,3,3,2,6,0,0,0,0,0,0,0,2,1,6,6,1,20,4,1496,2,5,MINI COOPER,-1,-1,0,-1
2021010331066,2021,010331066,2,9,0,99,99,9,9,99,99,9,9,99,9,99,1,9,6,6,3,-1,-1,1560,2,13,MINI COOPER,-1,-1,0,-1
2021010349887,2021,010349887,1,9,0,9,9,8,6,0,0,1,0,0,0,0,4,1,2,2,1,34,6,-1,3,1,MINI COOPER,5,E01004701,0,-1
2021430353997,2021,430353997,2,9,0,9,9,2,8,0,0,8,0,10,7,11,3,1,6,6,2,62,9,1499,1,3,MINI COOPER,10,E01016587,0,-1
2021531046144,2021,531046144,2,9,0,18,19,-1,-1,0,0,8,0,0,0,0,2,1,5,6,1,30,6,1499,1,5,MINI COOPER,5,E01022150,0,-1