collision_index,collision_year,collision_ref_no,vehicle_reference,vehicle_type,towing_and_articulation,vehicle_manoeuvre_historic,vehicle_manoeuvre,vehicle_direction_from,vehicle_direction_to,vehicle_location_restricted_lane_historic,vehicle_location_restricted_lane,junction_location,skidding_and_overturning,hit_object_in_carriageway,vehicle_leaving_carriageway,hit_object_off_carriageway,first_point_of_impact,vehicle_left_hand_drive,journey_purpose_of_driver_historic,journey_purpose_of_driver,sex_of_driver,age_of_driver,age_band_of_driver,engine_capacity_cc,propulsion_code,age_of_vehicle,generic_make_model,driver_imd_decile,lsoa_of_driver,escooter_flag,driver_distance_banding
2021052101320,2021,052101320,1,9,0,18,19,4,8,0,0,0,0,0,0,0,1,1,2,2,1,18,4,1499,1,3,MINI COOPER,9,E01007197,0,-1
2021351044911,2021,351044911,2,9,0,18,19,1,5,0,0,8,0,0,0,0,3,1,2,2,2,48,8,1499,1,6,MINI COOPER,5,E01017972,0,-1
2021201104552,2021,201104552,3,9,0,2,2,0,0,0,0,0,0,0,0,0,2,1,6,6,2,-1,-1,1598,1,14,MINI COOPER,2,E01010313,0,-1
2021371118982,2021,371118982,3,9,0,11,11,7,6,0,0,0,0,0,0,0,1,1,5,6,1,21,5,1499,1,7,MINI COOPER,6,E01029879,0,-1
2021522104625,2021,522104625,2,9,0,18,19,1,1,0,0,8,0,0,0,0,1,1,6,6,2,-1,-1,1499,1,1,MINI COOPER,-1,-1,0,-1
2021451057221,2021,451057221,7,9,0,18,19,3,7,0,0,0,0,0,0,0,3,1,5,6,2,57,9,1499,1,0,MINI COOPER,4,E01002369,0,-1
2021421097722,2021,421097722,2,9,0,4,4,3,5,0,0,4,0,0,0,0,1,1,2,2,2,26,6,1499,1,1,MINI COOPER,6,E01021769,0,-1
2021451088160,2021,451088160,1,9,0,1,1,7,3,0,0,7,0,0,0,0,2,1,5,6,2,90,11,1598,1,8,MINI COOPER,8,E01001022,0,-1
2021461133205,2021,461133205,1,9,0,17,19,5,8,0,0,0,0,11,8,0,1,1,6,6,1,24,5,1598,1,14,MINI COOPER,8,E01024760,0,-1
2021501069943,2021,501069943,2,9,0,4,4,5,1,0,0,8,0,0,0,0,2,1,2,2,2,58,9,1598,1,15,MINI COOPER,6,E01020304,0,-1
2021451108011,2021,451108011,1,9,0,16,19,3,7,0,0,0,5,0,0,0,4,1,5,6,1,18,4,1598,1,19,MINI COOPER,7,E01001027,0,-1
2021361044292,2021,361044292,1,9,0,18,19,4,8,0,0,0,0,0,2,4,1,1,1,1,1,19,4,1598,1,17,MINI COOPER,5,E01026433,0,-1
2021041045724,2021,041045724,1,9,0,18,19,1,5,0,0,0,5,0,0,0,1,1,5,6,1,16,4,1598,1,14,MINI COOPER,5,E01025200,0,-1
2021991076960,2021,991076960,2,9,0,5,5,2,6,0,0,0,0,0,0,0,2,1,6,6,2,24,5,1560,2,13,MINI COOPER,6,-1,0,-1
2021411071034,2021,411071034,1,9,0,2,2,0,0,0,0,0,0,0,0,0,3,1,6,6,2,-1,-1,1598,1,9,MINI COOPER,8,E01000253,0,-1
2021471062795,2021,471062795,1,9,0,18,19,1,5,0,0,1,0,0,7,0,1,1,2,2,1,20,4,1598,1,15,MINI COOPER,9,E01031393,0,-1
2021440500811,2021,440500811,1,9,0,3,3,3,7,0,0,0,0,0,0,0,2,1,6,6,1,24,5,1598,1,15,MINI COOPER,4,E01031859,0,-1
2021991103906,2021,991103906,2,9,0,17,19,5,1,0,0,0,0,0,0,0,3,1,6,6,2,28,6,1499,1,4,MINI COOPER,8,-1,0,-1
2021411119280,2021,411119280,2,9,0,4,4,1,5,0,0,0,0,0,0,0,2,1,1,1,1,31,6,1499,1,2,MINI COOPER,5,E01031021,0,-1
2021320239828,2021,320239828,2,9,0,13,13,4,8,0,0,0,1,0,7,0,1,1,6,6,1,26,6,1598,1,12,MINI COOPER,3,E01026318,0,-1
2021522200969,2021,522200969,1,9,0,16,19,8,3,0,0,0,0,0,0,0,1,1,6,6,2,19,4,1598,1,13,MINI COOPER,10,E01014889,0,-1
2021361042798,2021,361042798,1,9,0,18,19,6,2,0,0,0,0,0,0,0,1,1,5,6,1,75,10,1496,2,5,MINI COOPER,4,E01026736,0,-1
2021302100158,2021,302100158,1,9,0,13,13,4,8,0,0,0,0,0,0,0,1,1,1,1,1,35,6,1998,1,1,MINI COOPER,9,E01019610,0,-1
2021101126948,2021,101126948,1,9,0,18,19,5,1,0,0,0,0,0,0,0,1,1,6,6,1,31,6,1598,1,15,MINI COOPER,2,E01008301,0,-1
2021201061187,2021,201061187,1,9,0,18,19,6,2,0,0,8,0,0,0,0,1,1,6,6,2,49,8,1598,1,17,MINI COOPER,5,E01009548,0,-1
2021411097062,2021,411097062,1,9,0,18,19,5,1,0,0,4,0,0,0,0,1,1,6,6,2,28,6,1998,1,3,MINI COOPER,7,E01023517,0,-1
2021010317313,2021,010317313,2,9,0,2,2,0,0,0,0,0,0,0,0,0,3,1,6,6,3,-1,-1,-1,3,1,MINI COOPER,-1,-1,0,-1
2021421051983,2021,421051983,2,9,0,18,19,4,8,0,0,8,0,0,0,0,1,1,5,6,1,38,7,1598,1,15,MINI COOPER,-1,-1,0,-1
2021131050178,2021,131050178,2,9,0,18,19,6,2,0,0,0,0,0,0,0,2,1,6,6,2,27,6,1496,2,5,MINI COOPER,-1,-1,0,-1
2021031116839,2021,031116839,2,9,0,18,19,1,5,0,0,0,1,1,0,0,1,1,2,2,1,48,8,1995,2,5,MINI COOPER,1,E01019160,0,-1
2021061045509,2021,061045509,1,9,0,7,7,8,3,0,0,2,0,0,0,0,1,1,6,6,2,24,5,1598,1,17,MINI COOPER,2,E01005030,0,-1
2021411107894,2021,411107894,1,9,0,4,4,2,6,0,0,0,0,0,0,0,1,1,5,6,1,20,4,1598,1,12,MINI COOPER,10,E01017703,0,-1
2021010337539,2021,010337539,2,9,0,99,99,9,9,0,0,8,0,0,0,0,4,1,6,6,2,23,5,1499,1,2,MINI COOPER,9,E01003821,0,-1
2021010307340,2021,010307340,1,9,0,18,19,5,1,0,0,1,0,0,0,0,4,1,6,6,3,-1,-1,1598,1,16,MINI COOPER,3,E01002627,0,-1
2021361081175,2021,361081175,1,9,0,18,19,1,5,0,0,2,0,0,0,0,1,1,5,6,1,19,4,1499,1,5,MINI COOPER,8,E01026691,0,-1
2021010334149,2021,010334149,1,9,0,18,19,1,5,0,0,5,0,0,0,0,4,1,2,2,2,38,7,1499,1,2,MINI COOPER,7,E01001231,0,-1
202134WNC2881,2021,34WNC2881,1,9,0,5,5,5,1,0,0,6,0,0,0,0,1,1,6,6,2,33,6,1995,2,9,MINI COOPER,7,E01026987,0,-1
2021451057517,2021,451057517,2,9,0,18,19,1,5,0,0,0,0,0,0,0,2,1,5,6,2,19,4,1499,1,1,MINI COOPER,10,E01016607,0,-1
2021421067506,2021,421067506,1,9,0,18,19,7,5,0,0,8,1,0,0,0,4,1,5,6,2,24,5,1998,1,2,MINI COOPER,7,E01021571,0,-1
2021101051922,2021,101051922,2,9,0,4,4,3,7,0,0,4,0,0,0,0,1,1,6,6,1,32,6,1598,1,15,MINI COOPER,3,E01008704,0,-1
2021201105927,2021,201105927,2,9,0,18,19,4,8,0,0,6,0,0,0,0,3,1,6,6,2,43,7,1499,1,2,MINI COOPER,3,E01009145,0,-1
2021131076312,2021,131076312,2,9,0,17,19,3,1,0,0,0,0,0,0,0,4,1,6,6,2,28,6,1995,2,7,MINI COOPER,10,E01010580,0,-1
2021411060370,2021,411060370,2,9,0,18,19,6,2,0,0,0,0,0,0,0,1,1,2,2,2,49,8,1499,1,4,MINI COOPER,10,E01023716,0,-1
2021471043504,2021,471043504,1,9,0,9,9,7,5,0,0,5,0,0,0,0,4,1,6,6,1,26,6,1598,1,17,MINI COOPER,3,E01016044,0,-1
2021010327349,2021,010327349,2,9,0,2,2,0,0,0,0,6,0,0,0,0,3,1,6,6,3,-1,-1,1598,1,13,MINI COOPER,-1,-1,0,-1
2021201130160,2021,201130160,2,9,0,3,3,-1,-1,0,0,0,0,0,0,0,2,1,6,6,2,73,10,1598,1,11,MINI COOPER,1,E01009212,0,-1
2021070578603,2021,070578603,2,9,0,18,19,1,5,0,0,8,0,0,0,0,4,1,6,6,2,41,7,1998,1,2,MINI COOPER,7,E01018457,0,-1
2021371080587,2021,371080587,1,9,0,4,4,6,2,0,0,0,0,0,0,0,2,1,5,6,1,56,9,1598,1,16,MINI COOPER,3,E01030010,0,-1
2021461046673,2021,461046673,1,9,0,9,9,3,1,0,0,5,0,0,0,0,1,1,6,6,2,27,6,1598,1,15,MINI COOPER,4,E01024219,0,-1
2021552100467,2021,552100467,1,9,0,7,7,8,2,0,0,5,0,0,0,0,4,1,6,6,2,19,4,1598,1,7,MINI COOPER,8,E01020400,0,-1
2021010304616,2021,010304616,1,9,0,18,19,6,2,0,0,8,0,0,0,0,3,1,3,7,1,25,5,1499,1,0,MINI COOPER,5,E01004616,0,-1
2021010322766,2021,010322766,2,9,0,4,4,6,2,0,0,1,0,0,0,0,2,1,6,6,2,41,7,1499,1,1,MINI COOPER,2,E01004089,0,-1
2021471100360,2021,471100360,1,9,0,18,19,6,2,0,0,2,0,0,0,0,1,1,5,6,2,49,8,1598,1,19,MINI COOPER,8,E01020987,0,-1
2021221043579,2021,221043579,1,9,0,16,19,5,8,0,0,0,0,0,0,0,1,1,5,6,2,39,7,1598,1,15,MINI COOPER,5,E01033529,0,-1
2021201143453,2021,201143453,1,9,0,13,13,3,7,0,0,0,1,0,0,0,1,1,6,6,1,21,5,1598,1,20,MINI COOPER,3,E01009633,0,-1
2021461092676,2021,461092676,3,9,0,4,4,2,6,0,0,0,0,0,0,0,1,1,5,6,2,55,8,1499,1,3,MINI COOPER,6,E01024005,0,-1
2021010343216,2021,010343216,2,9,0,99,99,9,9,99,99,9,9,99,9,99,1,9,6,6,3,-1,-1,1598,1,19,MINI COOPER,-1,-1,0,-1
2021461051175,2021,461051175,1,9,0,16,19,7,3,0,0,0,1,0,0,0,1,1,6,6,1,36,7,1598,1,16,MINI COOPER,6,E01024406,0,-1
2021522200256,2021,522200256,2,9,0,17,19,7,4,0,0,0,0,0,0,0,1,1,6,6,2,30,6,1499,1,4,MINI COOPER,4,E01014590,0,-1
2021131038180,2021,131038180,2,9,0,18,19,3,7,0,0,0,0,0,0,0,2,1,2,2,1,25,5,1598,2,8,MINI COOPER,1,E01010618,0,-1
202131D126221,2021,31D126221,2,9,0,2,2,0,0,0,0,2,0,4,0,0,2,1,6,6,2,24,5,1499,1,4,MINI COOPER,7,E01028402,0,-1
2021010304351,2021,010304351,1,9,0,18,19,1,5,0,0,0,0,0,0,0,1,1,6,6,2,25,5,1598,1,13,MINI COOPER,6,E01004653,0,-1
2021501024595,2021,501024595,1,9,0,18,19,1,5,0,0,1,0,0,0,0,1,1,5,6,2,29,6,1598,1,19,MINI COOPER,4,E01018894,0,-1
2021231093926,2021,231093926,2,9,0,2,2,0,0,0,0,0,0,0,0,0,2,1,5,6,1,61,9,1598,1,12,MINI COOPER,9,E01031258,0,-1
2021010293377,2021,010293377,2,9,0,1,1,3,1,0,0,6,0,0,0,0,2,1,6,6,1,34,6,1598,1,10,MINI COOPER,2,E01001603,0,-1
2021010329610,2021,010329610,4,9,0,18,19,1,5,0,0,0,0,0,0,0,1,1,6,6,1,19,4,1598,2,9,MINI COOPER,5,E01001068,0,-1
202134WNC6171,2021,34WNC6171,3,9,0,18,19,3,7,0,0,0,0,0,0,0,1,1,6,6,2,24,5,1499,1,3,MINI COOPER,8,E01027026,0,-1
2021010299862,2021,010299862,2,9,0,99,99,9,9,99,99,0,9,99,9,99,9,9,6,6,3,-1,-1,1598,1,17,MINI COOPER,-1,-1,0,-1
2021421104475,2021,421104475,2,9,0,18,19,1,5,0,0,0,0,0,0,0,2,1,1,1,1,47,8,1598,1,19,MINI COOPER,1,E01021988,0,-1
2021501084136,2021,501084136,2,9,0,9,9,1,7,0,0,5,0,0,0,0,3,1,5,6,1,47,8,1499,1,7,MINI COOPER,9,E01031955,0,-1
2021010287604,2021,010287604,3,9,0,2,2,0,0,0,0,8,0,4,0,0,2,1,6,6,3,-1,-1,1499,1,3,MINI COOPER,-1,-1,0,-1
2021010360384,2021,010360384,2,9,0,99,99,9,9,99,99,9,9,99,9,99,1,9,6,6,3,-1,-1,1560,2,13,MINI COOPER,-1,-1,0,-1
2021552100432,2021,552100432,2,9,0,18,19,6,1,0,0,8,0,0,0,0,1,1,6,6,2,41,7,1598,1,15,MINI COOPER,5,E01015329,0,-1
202131B112321,2021,31B112321,1,9,0,9,9,1,7,0,0,5,0,0,0,0,4,1,2,2,2,25,5,1598,2,8,MINI COOPER,5,E01026385,0,-1
2021361102604,2021,361102604,2,9,0,5,5,3,7,0,0,6,0,0,0,0,2,1,6,6,2,57,9,1598,1,18,MINI COOPER,6,E01026758,0,-1
2021010321329,2021,010321329,1,9,0,5,5,5,1,0,0,8,0,0,0,0,3,1,6,6,2,47,8,1598,1,14,MINI COOPER,6,E01002724,0,-1
2021061067044,2021,061067044,1,9,0,8,8,5,6,0,0,1,0,0,0,0,1,1,6,6,1,27,6,1499,1,4,MINI COOPER,9,E01005408,0,-1
2021010322020,2021,010322020,1,9,0,99,99,9,9,99,99,9,9,99,9,99,9,9,6,6,2,26,6,1499,1,3,MINI COOPER,2,E01003558,0,-1
2021041082410,2021,041082410,3,9,0,2,2,0,0,0,0,0,0,4,0,0,2,1,6,6,3,-1,-1,1499,1,2,MINI COOPER,-1,-1,0,-1
2021501115253,2021,501115253,2,9,0,18,19,7,3,0,0,8,0,0,0,0,2,1,6,6,2,25,5,1499,1,2,MINI COOPER,3,E01018809,0,-1
2021010316726,2021,010316726,1,9,0,99,99,9,9,99,99,9,9,99,9,99,1,9,6,6,2,63,9,1998,1,2,MINI COOPER,6,E01017810,0,-1
2021221044142,2021,221044142,1,9,0,9,9,7,5,9,9,5,0,0,0,0,3,1,5,6,2,46,8,1598,1,18,MINI COOPER,4,E01032397,0,-1
2021430304040,2021,430304040,1,9,0,18,19,5,1,0,0,0,0,0,0,0,1,1,1,1,1,54,8,1598,1,12,MINI COOPER,6,E01027029,0,-1
2021451110394,2021,451110394,2,9,0,4,4,7,3,0,0,0,0,0,0,0,1,1,6,6,1,22,5,1598,2,9,MINI COOPER,10,E01030436,0,-1
2021101056204,2021,101056204,2,9,0,9,9,3,7,0,0,1,0,0,0,0,2,1,5,6,1,24,5,1598,1,13,MINI COOPER,9,E01008617,0,-1
2021440506141,2021,440506141,1,9,0,1,1,0,3,8,6,0,0,0,0,0,2,1,6,6,1,61,9,1598,1,9,MINI COOPER,8,E01023282,0,-1
2021501061800,2021,501061800,1,9,0,18,19,1,5,0,0,8,0,0,0,0,1,1,5,6,2,22,5,1499,1,5,MINI COOPER,5,E01018900,0,-1
2021421039343,2021,421039343,2,9,0,18,19,2,6,0,0,0,0,0,0,0,2,1,2,2,1,33,6,1499,1,4,MINI COOPER,9,E01021386,0,-1
2021501022328,2021,501022328,2,9,0,18,19,5,1,0,0,1,0,0,0,0,1,1,5,6,2,40,7,1598,1,10,MINI COOPER,2,E01019074,0,-1
2021471051870,2021,471051870,1,9,0,8,8,4,8,0,0,1,0,0,1,0,1,1,6,6,2,22,5,1499,1,4,MINI COOPER,2,E01021183,0,-1
2021991115056,2021,991115056,1,9,0,18,19,4,8,0,0,2,0,11,0,0,1,1,2,2,2,22,5,1560,2,11,MINI COOPER,7,-1,0,-1
2021471017122,2021,471017122,2,9,0,18,19,8,4,0,0,0,5,0,0,0,4,1,2,2,1,31,6,1598,1,15,MINI COOPER,5,E01031750,0,-1
2021421062492,2021,421062492,1,9,0,18,19,4,8,0,0,0,0,0,0,0,1,1,5,6,1,27,6,1998,1,2,MINI COOPER,4,E01021461,0,-1
2021302102029,2021,302102029,2,9,0,18,19,3,7,0,0,0,0,0,0,0,1,1,6,6,1,60,9,1598,1,12,MINI COOPER,7,E01019769,0,-1
2021471012799,2021,471012799,1,9,0,16,19,6,2,0,0,4,0,0,0,0,3,1,5,6,2,31,6,1499,1,4,MINI COOPER,-1,-1,0,-1
2021141060310,2021,141060310,2,9,0,18,19,1,1,0,0,8,0,0,0,0,1,1,6,6,1,-1,-1,1499,1,5,MINI COOPER,-1,-1,0,-1
202134WNC0441,2021,34WNC0441,1,9,0,18,19,2,6,0,0,6,0,0,0,0,3,1,6,6,1,18,4,1598,1,18,MINI COOPER,-1,-1,0,-1
2021221115454,2021,221115454,2,9,0,3,3,1,5,0,0,1,0,0,0,0,2,1,6,6,2,47,8,1496,2,4,MINI COOPER,6,E01032466,0,-1
2021161052424,2021,161052424,1,9,0,11,11,8,4,0,0,1,0,0,0,0,4,1,6,6,2,25,5,1499,1,2,MINI COOPER,5,E01033414,0,-1
2021041109416,2021,041109416,2,9,0,5,5,1,1,0,0,1,2,0,0,0,4,1,6,6,2,57,9,1499,1,3,MINI COOPER,4,E01025262,0,-1
2021061120529,2021,061120529,2,9,0,18,19,7,3,0,0,8,0,0,0,0,4,1,6,6,3,30,6,1499,1,2,MINI COOPER,-1,-1,0,-1
2021371031917,2021,371031917,4,9,0,16,19,5,7,0,0,0,0,0,0,0,3,1,5,6,2,22,5,1560,2,12,MINI COOPER,7,E01021412,0,-1
2021461061807,2021,461061807,2,9,0,11,11,8,4,0,0,0,1,0,5,6,1,1,5,6,2,46,8,1560,2,14,MINI COOPER,4,E01010510,0,-1
2021111126316,2021,111126316,2,9,0,2,2,8,4,0,0,2,0,0,0,0,2,1,6,6,3,-1,-1,1499,1,4,MINI COOPER,-1,-1,0,-1
2021010292902,2021,010292902,1,9,0,7,7,7,2,0,0,6,0,0,0,0,1,1,6,6,1,20,4,1499,1,2,MINI COOPER,7,E01002428,0,-1
2021201091017,2021,201091017,2,9,0,2,2,0,0,6,6,0,1,0,0,0,2,1,6,6,1,27,6,1598,1,9,MINI COOPER,7,E01033243,0,-1
2021010288729,2021,010288729,1,9,0,10,10,6,3,0,0,1,0,0,0,0,1,1,6,6,2,65,9,1998,1,3,MINI COOPER,7,E01028795,0,-1
2021622100855,2021,622100855,2,9,0,2,2,0,0,0,0,0,0,0,0,0,3,1,6,6,3,-1,-1,1499,1,5,MINI COOPER,-1,-1,0,-1
202134NNC2061,2021,34NNC2061,2,9,0,4,4,7,3,0,0,1,0,0,0,0,2,1,2,2,2,53,8,1499,1,6,MINI COOPER,8,E01027174,0,-1
2021010315576,2021,010315576,2,9,0,2,2,0,0,0,0,0,0,0,0,0,4,1,6,6,3,-1,-1,1499,1,3,MINI COOPER,-1,-1,0,-1
2021430206503,2021,430206503,2,9,0,10,10,3,1,0,0,1,0,0,0,0,2,1,6,6,1,53,8,1995,2,10,MINI COOPER,8,E01016334,0,-1
2021010323382,2021,010323382,2,9,0,2,2,0,0,0,0,0,0,0,0,0,3,1,6,6,3,-1,-1,1598,1,15,MINI COOPER,-1,-1,0,-1
2021440457159,2021,440457159,2,9,0,9,9,5,1,0,0,6,0,0,0,0,4,1,6,6,2,-1,-1,1598,1,18,MINI COOPER,-1,-1,0,-1
2021010309187,2021,010309187,2,9,0,99,99,9,9,99,99,9,9,99,9,99,1,9,6,6,3,-1,-1,1598,1,11,MINI COOPER,-1,-1,0,-1
2021421023454,2021,421023454,2,9,0,18,19,5,1,0,0,8,0,0,0,0,1,1,5,6,2,25,5,1499,1,0,MINI COOPER,6,E01021542,0,-1
2021302101004,2021,302101004,2,9,0,18,19,6,2,0,0,2,0,0,0,0,4,1,2,2,2,53,8,1598,1,14,MINI COOPER,9,E01013599,0,-1
2021161088650,2021,161088650,2,9,0,4,4,8,4,0,0,1,0,0,0,0,1,1,6,6,2,-1,-1,1598,1,13,MINI COOPER,1,E01013229,0,-1
2021531082577,2021,531082577,1,9,0,18,19,1,5,0,0,0,1,10,1,4,1,1,5,6,2,24,5,1598,1,13,MINI COOPER,4,E01022102,0,-1
2021461081306,2021,461081306,1,9,0,18,19,6,2,0,0,1,0,0,0,0,1,1,5,6,2,56,9,1598,1,11,MINI COOPER,9,E01024088,0,-1
2021010305004,2021,010305004,1,9,0,4,4,7,3,0,0,2,0,0,0,0,2,1,6,6,1,27,6,1598,1,16,MINI COOPER,4,E01001497,0,-1
2021061062320,2021,061062320,2,9,0,3,3,6,2,0,0,0,0,0,0,0,2,1,6,6,2,44,7,1598,1,18,MINI COOPER,4,E01005150,0,-1
2021440394971,2021,440394971,1,9,0,18,19,5,1,0,0,0,0,0,0,0,1,1,6,6,2,30,6,1598,1,11,MINI COOPER,10,E01022647,0,-1
2021141030332,2021,141030332,1,9,0,18,19,5,6,0,0,0,0,0,0,0,3,2,6,6,1,32,6,1600,2,10,MINI COOPER,1,E01007542,0,-1
2021131126473,2021,131126473,1,9,0,18,19,5,1,0,0,0,0,0,0,0,1,1,2,2,2,19,4,1598,2,8,MINI COOPER,5,E01011870,0,-1
2021531040232,2021,531040232,1,9,0,18,19,8,4,0,0,8,0,0,0,0,1,1,1,1,1,60,9,1600,1,10,MINI COOPER,9,E01022115,0,-1
2021320238239,2021,320238239,1,9,0,18,19,4,8,0,0,8,0,0,3,0,1,1,6,6,2,23,5,1598,1,12,MINI COOPER,4,E01026067,0,-1
2021010344342,2021,010344342,1,9,0,99,99,9,9,99,99,9,9,99,9,99,2,9,2,2,2,24,5,1598,1,14,MINI COOPER,8,E01000967,0,-1
2021101032324,2021,101032324,2,9,0,2,2,5,1,0,0,0,0,0,0,0,1,1,5,6,2,18,4,1598,1,15,MINI COOPER,-1,-1,0,-1
2021440195639,2021,440195639,1,9,0,18,19,4,7,0,0,0,2,0,7,11,1,1,6,6,1,19,4,1598,1,13,MINI COOPER,6,E01023081,0,-1
2021543672921,2021,543672921,1,9,0,18,19,3,7,0,0,1,0,0,0,0,3,1,6,6,1,37,7,1598,1,12,MINI COOPER,8,E01032002,0,-1
2021201102094,2021,201102094,2,9,0,3,3,3,7,0,0,1,0,0,0,0,2,1,3,7,2,44,7,1560,2,14,MINI COOPER,4,E01009866,0,-1
2021221114235,2021,221114235,2,9,0,17,19,8,4,0,0,0,0,4,0,0,1,1,3,7,2,54,8,1598,1,12,MINI COOPER,2,E01032461,0,-1
2021010291354,2021,010291354,2,9,0,99,99,9,9,99,99,9,9,99,9,99,9,9,6,6,3,-1,-1,1598,1,15,MINI COOPER,7,E01000711,0,-1
2021052102389,2021,052102389,1,9,0,18,19,4,8,0,0,0,0,0,0,0,4,1,2,2,2,50,8,1598,1,15,MINI COOPER,9,E01007023,0,-1
2021411100637,2021,411100637,1,9,0,18,19,5,1,0,0,0,1,0,7,11,1,1,5,6,2,22,5,1598,1,9,MINI COOPER,10,E01023684,0,-1
2021221114597,2021,221114597,1,9,0,17,19,8,5,0,0,0,0,0,1,0,1,1,6,6,1,18,4,1560,2,12,MINI COOPER,4,E01014016,0,-1
202154C689621,2021,54C689621,2,9,0,18,19,5,1,0,0,1,0,0,0,0,1,1,6,6,1,26,6,1598,1,8,MINI COOPER,3,E01032094,0,-1
2021461031579,2021,461031579,3,9,0,2,2,0,0,0,0,0,0,0,0,0,4,1,6,6,2,-1,-1,1598,1,17,MINI COOPER,4,E01024387,0,-1
2021501111796,2021,501111796,1,9,0,17,19,5,1,0,0,8,0,0,0,0,4,1,2,2,2,44,7,1560,2,13,MINI COOPER,5,E01018817,0,-1
2021131077920,2021,131077920,1,9,0,18,19,1,3,0,0,0,0,0,0,0,1,1,6,6,2,53,8,1499,1,6,MINI COOPER,7,E01010879,0,-1
2021302100389,2021,302100389,1,9,0,18,19,2,6,0,0,0,2,0,1,11,1,1,2,2,1,23,5,1499,1,0,MINI COOPER,2,E01019498,0,-1
2021552101244,2021,552101244,4,9,0,16,19,3,7,0,0,0,0,0,0,0,1,1,6,6,2,32,6,1499,1,1,MINI COOPER,6,E01017174,0,-1
2021545690521,2021,545690521,1,9,0,18,19,8,4,0,0,0,0,0,0,0,1,1,6,6,2,55,8,1598,1,12,MINI COOPER,10,E01031966,0,-1
202163C101221,2021,63C101221,3,9,0,18,19,2,6,0,0,8,0,0,0,0,1,1,6,6,2,54,8,1499,1,4,MINI COOPER,1,W01000511,0,-1
2021010308165,2021,010308165,1,9,0,4,4,6,2,0,0,0,0,0,0,0,3,1,6,6,2,31,6,1598,1,11,MINI COOPER,7,E01000362,0,-1
2021401056805,2021,401056805,3,9,0,2,2,0,0,0,0,0,0,0,0,0,4,1,6,6,3,-1,-1,1598,1,16,MINI COOPER,-1,-1,0,-1
2021411020078,2021,411020078,1,9,0,18,19,-1,-1,0,0,0,0,0,0,0,1,1,6,6,2,-1,-1,1598,1,15,MINI COOPER,-1,-1,0,-1
2021131079350,2021,131079350,3,9,0,18,19,7,3,0,0,0,0,0,0,0,2,1,6,6,1,20,4,1560,2,11,MINI COOPER,9,E01025451,0,-1
2021451055986,2021,451055986,1,9,0,17,19,1,5,0,0,0,0,0,0,0,3,1,2,2,2,60,9,1598,1,15,MINI COOPER,5,E01030459,0,-1
2021201148666,2021,201148666,1,9,0,4,4,6,2,0,0,0,0,0,0,0,2,1,6,6,2,39,7,1560,2,12,MINI COOPER,-1,-1,0,-1
2021351042214,2021,351042214,1,9,0,7,7,5,8,0,0,1,0,4,7,0,1,1,5,6,1,25,5,1598,1,15,MINI COOPER,2,E01015599,0,-1
2021991038099,2021,991038099,2,9,0,5,5,5,3,0,0,1,0,0,0,0,1,1,6,6,2,19,4,1499,1,5,MINI COOPER,5,-1,0,-1
2021461065099,2021,461065099,1,9,0,9,9,5,3,0,0,6,0,0,0,0,1,1,6,6,2,38,7,1998,1,2,MINI COOPER,7,E01024553,0,-1
2021052102645,2021,052102645,3,9,0,18,19,5,1,0,0,0,0,0,0,0,2,1,6,6,2,59,9,1499,1,4,MINI COOPER,6,E01006487,0,-1
2021461081846,2021,461081846,2,9,0,18,19,7,3,0,0,3,0,0,0,0,3,1,6,6,2,66,10,1598,1,11,MINI COOPER,2,E01000374,0,-1
2021411077772,2021,411077772,1,9,0,11,11,3,3,0,0,5,0,0,0,0,3,1,5,6,2,25,5,1499,1,5,MINI COOPER,5,E01023792,0,-1
2021430317716,2021,430317716,3,9,0,3,3,6,2,0,0,0,0,0,0,0,2,1,6,6,2,45,7,1598,1,8,MINI COOPER,-1,-1,0,-1
2021010295917,2021,010295917,2,9,9,99,99,9,9,0,0,1,0,0,0,0,4,1,6,6,3,-1,-1,1598,1,15,MINI COOPER,-1,-1,0,-1
2021440511072,2021,440511072,1,9,0,1,1,6,2,0,0,1,0,0,0,0,2,1,6,6,2,46,8,1499,1,5,MINI COOPER,6,E01022677,0,-1
2021430255429,2021,430255429,2,9,0,18,19,7,3,0,0,0,0,4,0,0,3,1,6,6,2,54,8,1499,1,7,MINI COOPER,10,E01016253,0,-1
2021052101135,2021,052101135,2,9,0,17,19,2,6,0,0,0,0,0,0,0,3,1,6,6,2,64,9,1499,1,6,MINI COOPER,5,E01006490,0,-1
2021131122069,2021,131122069,2,9,0,5,5,5,1,8,6,1,0,0,0,0,0,1,6,6,2,54,8,1499,1,1,MINI COOPER,7,E01011394,0,-1