collision_index,collision_year,collision_ref_no,vehicle_reference,vehicle_type,towing_and_articulation,vehicle_manoeuvre_historic,vehicle_manoeuvre,vehicle_direction_from,vehicle_direction_to,vehicle_location_restricted_lane_historic,vehicle_location_restricted_lane,junction_location,skidding_and_overturning,hit_object_in_carriageway,vehicle_leaving_carriageway,hit_object_off_carriageway,first_point_of_impact,vehicle_left_hand_drive,journey_purpose_of_driver_historic,journey_purpose_of_driver,sex_of_driver,age_of_driver,age_band_of_driver,engine_capacity_cc,propulsion_code,age_of_vehicle,generic_make_model,driver_imd_decile,lsoa_of_driver,escooter_flag,driver_distance_banding
2021471072453,2021,471072453,1,9,0,18,19,2,6,0,0,0,0,0,0,0,1,1,5,6,1,-1,-1,1598,1,14,MINI COOPER,7,E01021205,0,-1
2021430192257,2021,430192257,1,9,0,18,19,2,6,0,0,1,0,0,0,0,1,1,2,2,2,23,5,1499,1,5,MINI COOPER,7,E01016569,0,-1
2021141084775,2021,141084775,1,9,0,16,19,1,4,0,0,0,0,10,0,0,1,1,5,6,2,52,8,1598,2,8,MINI COOPER,10,E01028215,0,-1
2021221037538,2021,221037538,2,9,0,3,3,7,3,0,0,8,0,0,0,0,2,1,1,1,2,26,6,1998,1,5,MINI COOPER,8,E01032334,0,-1
2021461079743,2021,461079743,2,9,0,10,10,3,1,0,0,1,0,0,7,0,1,1,3,7,2,57,9,1598,1,18,MINI COOPER,7,E01024375,0,-1
2021440177895,2021,440177895,1,9,0,9,9,5,3,0,0,8,0,0,0,0,1,1,6,6,1,34,6,1598,1,14,MINI COOPER,4,E01032858,0,-1
2021361087860,2021,361087860,2,9,0,4,4,7,3,0,0,0,0,0,0,0,2,1,2,2,2,21,5,1496,2,5,MINI COOPER,6,E01026573,0,-1
2021430039109,2021,430039109,4,9,0,2,2,0,0,0,0,0,0,0,0,0,3,1,6,6,3,-1,-1,1496,2,4,MINI COOPER,-1,-1,0,-1
2021501106275,2021,501106275,1,9,0,4,4,1,5,0,0,0,1,0,0,0,1,1,2,2,2,49,8,1499,1,5,MINI COOPER,7,E01018813,0,-1
2021010333593,2021,010333593,2,9,9,18,19,1,5,0,0,4,9,0,0,0,9,9,6,6,3,23,5,1499,1,1,MINI COOPER,5,E01002447,0,-1
2021010324569,2021,010324569,2,9,0,18,19,5,1,0,0,0,0,0,0,0,1,1,6,6,1,53,8,1598,1,19,MINI COOPER,3,E01000132,0,-1
2021430296120,2021,430296120,2,9,0,9,9,5,4,0,0,5,0,0,0,0,3,1,2,2,2,55,8,1998,1,3,MINI COOPER,8,E01031873,0,-1
202106K078864,2021,06K078864,3,9,0,4,4,4,8,0,0,0,0,0,0,0,2,1,6,6,1,19,4,1598,1,16,MINI COOPER,2,E01004928,0,-1
2021010308524,2021,010308524,1,9,0,18,19,7,3,0,0,1,5,4,0,0,1,1,6,6,1,57,9,1499,1,1,MINI COOPER,4,E01003169,0,-1
2021131040671,2021,131040671,3,9,0,18,19,1,5,0,0,0,0,0,0,0,2,1,2,2,2,28,6,1499,1,3,MINI COOPER,-1,-1,0,-1
2021351074252,2021,351074252,1,9,0,2,2,7,3,0,0,0,0,0,0,0,2,1,6,6,3,-1,-1,1499,1,5,MINI COOPER,-1,-1,0,-1
2021421124109,2021,421124109,1,9,0,18,19,7,3,0,0,0,5,0,1,0,1,1,5,6,2,56,9,1499,1,0,MINI COOPER,3,E01015877,0,-1
2021010332130,2021,010332130,2,9,0,99,99,9,9,99,99,9,9,99,9,99,1,9,6,6,3,50,8,1598,1,17,MINI COOPER,1,E01001857,0,-1
2021461097444,2021,461097444,4,9,0,2,2,0,0,0,0,0,0,0,0,0,2,1,5,6,3,-1,-1,1598,1,18,MINI COOPER,-1,-1,0,-1
2021440274211,2021,440274211,2,9,0,18,19,8,4,0,0,0,0,0,0,0,0,1,6,6,1,58,9,1499,1,5,MINI COOPER,7,E01016293,0,-1
2021010325743,2021,010325743,2,9,0,2,2,0,0,0,0,1,0,4,0,0,2,1,6,6,3,-1,-1,1598,1,17,MINI COOPER,-1,-1,0,-1
2021430476521,2021,430476521,2,9,0,9,9,3,1,0,0,8,0,0,0,7,4,1,1,1,2,50,8,1598,1,19,MINI COOPER,2,E01032941,0,-1
2021451096501,2021,451096501,1,9,0,18,19,1,5,0,0,0,0,0,0,0,1,1,5,6,1,20,4,1598,1,14,MINI COOPER,7,E01001026,0,-1
2021061045925,2021,061045925,3,9,0,3,3,2,6,0,0,1,0,0,0,0,2,1,5,6,1,34,6,1499,1,2,MINI COOPER,5,E01005362,0,-1
2021231114154,2021,231114154,1,9,0,10,10,3,5,0,0,5,0,0,0,0,1,1,5,6,2,62,9,1499,1,4,MINI COOPER,-1,-1,0,-1
2021371069037,2021,371069037,1,9,0,8,8,5,3,0,0,1,0,0,1,0,1,1,1,1,1,53,8,1598,1,17,MINI COOPER,6,E01029876,0,-1
202131C156721,2021,31C156721,1,9,0,18,19,3,7,1,1,0,1,0,4,2,1,1,6,6,2,56,9,1598,1,8,MINI COOPER,10,E01028384,0,-1
2021451069511,2021,451069511,1,9,0,18,19,7,3,0,0,0,0,0,0,0,1,1,5,6,2,33,6,1598,1,10,MINI COOPER,9,E01030978,0,-1
2021052100451,2021,052100451,2,9,0,10,10,5,3,0,0,1,0,0,0,0,2,1,6,6,2,50,8,1598,1,9,MINI COOPER,5,E01007314,0,-1
202134WNC3951,2021,34WNC3951,1,9,0,18,19,3,7,0,0,1,0,0,0,0,4,1,6,6,1,54,8,1598,1,12,MINI COOPER,2,E01027230,0,-1
2021461096277,2021,461096277,1,9,0,18,19,4,8,0,0,0,5,0,0,0,4,1,6,6,2,39,7,1995,2,8,MINI COOPER,5,E01024701,0,-1
2021010351201,2021,010351201,2,9,0,99,99,9,9,99,99,0,9,99,9,99,3,9,6,6,3,61,9,1598,1,11,MINI COOPER,7,E01002836,0,-1
2021201115355,2021,201115355,4,9,0,18,19,8,4,0,0,0,0,0,0,0,2,1,2,2,2,21,5,1499,1,1,MINI COOPER,3,E01026104,0,-1
2021201066054,2021,201066054,2,9,0,2,2,0,0,0,0,8,0,0,0,0,1,1,6,6,3,-1,-1,1598,1,15,MINI COOPER,-1,-1,0,-1
2021101072380,2021,101072380,2,9,-1,18,19,2,6,0,0,0,0,0,0,0,2,1,6,6,2,56,9,1995,2,6,MINI COOPER,9,E01020635,0,-1
202131A001721,2021,31A001721,1,9,0,8,8,7,1,0,0,1,0,0,0,0,2,1,6,6,2,62,9,1598,1,8,MINI COOPER,6,E01028273,0,-1
2021070821714,2021,070821714,2,9,0,18,19,7,3,0,0,4,0,0,0,0,2,1,6,6,2,30,6,1998,1,3,MINI COOPER,7,E01012371,0,-1
2021421112460,2021,421112460,2,9,0,2,2,5,1,0,0,0,0,0,0,0,2,1,6,6,2,28,6,1598,1,18,MINI COOPER,2,E01002368,0,-1
2021421081487,2021,421081487,2,9,0,18,19,1,5,0,0,0,1,0,0,0,4,1,5,6,2,27,6,1499,1,6,MINI COOPER,5,E01004046,0,-1
2021052100657,2021,052100657,1,9,0,18,19,3,7,0,0,8,0,0,7,11,1,1,6,6,1,61,9,1499,1,1,MINI COOPER,2,E01006977,0,-1
2021991024518,2021,991024518,2,9,0,3,3,4,7,0,0,4,0,0,0,0,2,1,5,6,2,56,9,1499,1,3,MINI COOPER,1,-1,0,-1
2021161120863,2021,161120863,1,9,0,9,9,3,1,0,0,6,0,0,0,0,1,1,2,2,1,57,9,1598,1,20,MINI COOPER,7,E01013256,0,-1
2021010328654,2021,010328654,1,9,0,9,9,8,6,0,0,5,0,0,0,0,1,1,6,6,2,64,9,1598,1,12,MINI COOPER,8,E01000136,0,-1
2021010287609,2021,010287609,1,9,0,4,4,1,5,0,0,1,0,0,0,0,1,1,6,6,2,18,4,1499,1,2,MINI COOPER,8,E01002252,0,-1
2021101103828,2021,101103828,1,9,0,18,19,5,1,0,0,0,0,0,0,0,1,1,5,6,2,20,4,1598,2,8,MINI COOPER,-1,-1,0,-1
2021010306330,2021,010306330,1,9,0,9,9,8,5,0,0,8,0,0,0,0,1,1,6,6,1,53,8,1598,1,17,MINI COOPER,4,E01002894,0,-1
2021440224335,2021,440224335,2,9,0,2,2,6,2,0,0,0,0,0,5,6,2,1,6,6,1,60,9,1598,1,15,MINI COOPER,4,E01000621,0,-1
2021430093270,2021,430093270,1,9,0,18,19,6,2,0,0,0,0,0,0,0,1,1,6,6,2,19,4,-1,3,1,MINI COOPER,7,E01016840,0,-1
2021010339279,2021,010339279,1,9,0,99,99,9,9,99,99,9,9,99,9,99,2,9,6,6,1,31,6,1598,1,12,MINI COOPER,5,E01003955,0,-1
2021552100700,2021,552100700,1,9,0,18,19,6,2,0,0,0,0,0,7,3,1,1,6,6,2,47,8,1598,1,14,MINI COOPER,8,E01016751,0,-1
2021361016141,2021,361016141,1,9,0,18,19,8,5,0,0,0,1,0,1,4,1,1,6,6,1,34,6,-1,3,1,MINI COOPER,5,E01026760,0,-1
2021031114085,2021,031114085,2,9,0,2,2,5,1,0,0,1,0,0,0,0,0,1,6,6,1,24,5,1496,2,5,MINI COOPER,7,E01025203,0,-1
2021231027196,2021,231027196,3,9,0,18,19,5,1,0,0,0,0,0,0,0,1,1,2,2,1,28,6,1998,1,1,MINI COOPER,7,E01032892,0,-1
2021041040982,2021,041040982,2,9,0,4,4,3,7,0,0,0,0,0,0,0,2,1,6,6,2,56,9,1598,1,13,MINI COOPER,10,E01025278,0,-1
2021010295926,2021,010295926,1,9,0,1,1,3,7,0,0,0,0,0,0,0,2,1,6,6,2,35,6,1499,1,4,MINI COOPER,7,E01004660,0,-1
2021211121123,2021,211121123,2,9,0,18,19,1,5,0,0,1,0,0,0,0,4,1,2,2,2,23,5,1499,1,2,MINI COOPER,1,E01032889,0,-1
2021131052630,2021,131052630,1,9,0,5,5,2,6,0,0,8,0,0,0,0,1,1,5,6,2,32,6,1598,1,9,MINI COOPER,9,E01011278,0,-1
202134WNC4291,2021,34WNC4291,4,9,0,2,2,0,0,0,0,1,0,0,0,0,2,1,6,6,2,53,8,1598,1,9,MINI COOPER,7,E01027190,0,-1
2021070584397,2021,070584397,1,9,0,7,7,3,5,0,0,4,0,0,0,0,3,1,1,1,1,30,6,1598,1,18,MINI COOPER,-1,-1,0,-1
2021421047740,2021,421047740,2,9,0,18,19,6,1,0,0,0,0,0,0,0,3,1,1,1,1,64,9,1598,1,17,MINI COOPER,10,E01021587,0,-1
2021201047086,2021,201047086,1,9,0,7,7,1,3,0,0,4,0,0,0,0,1,1,5,6,1,54,8,1598,1,14,MINI COOPER,4,E01009524,0,-1
2021991017058,2021,991017058,1,9,0,18,19,6,8,0,0,2,1,0,0,0,1,1,6,6,2,41,7,1496,2,5,MINI COOPER,2,-1,0,-1
2021231098489,2021,231098489,4,9,0,4,4,6,2,0,0,0,0,0,0,0,2,1,5,6,2,39,7,1600,2,10,MINI COOPER,7,E01029823,0,-1
2021231035383,2021,231035383,1,9,0,18,19,4,8,0,0,4,0,0,0,0,1,1,6,6,1,55,8,1598,1,14,MINI COOPER,5,E01031141,0,-1
2021010320595,2021,010320595,2,9,0,99,99,9,9,99,99,9,9,99,9,99,1,9,6,6,2,30,6,1499,1,5,MINI COOPER,2,E01001712,0,-1
2021061097666,2021,061097666,2,9,0,3,3,7,3,0,0,1,0,0,0,0,2,1,6,6,2,31,6,1496,2,6,MINI COOPER,8,E01005411,0,-1
2021622100166,2021,622100166,2,9,0,18,19,8,4,0,0,8,0,0,0,0,2,1,1,1,1,52,8,1496,2,5,MINI COOPER,4,W01001415,0,-1
2021610058621,2021,610058621,1,9,0,9,9,7,5,0,0,6,0,0,0,0,1,1,6,6,1,46,8,1598,1,11,MINI COOPER,5,W01001644,0,-1
2021421047956,2021,421047956,1,9,0,9,9,1,7,0,0,4,0,0,0,0,3,1,5,6,2,31,6,1998,1,1,MINI COOPER,10,E01021447,0,-1
2021111040403,2021,111040403,2,9,0,3,3,5,1,0,0,8,0,0,0,0,2,1,6,6,1,58,9,1598,1,18,MINI COOPER,2,E01020897,0,-1
2021552100475,2021,552100475,2,9,0,18,19,6,2,0,0,0,0,4,0,0,4,1,6,6,3,-1,-1,1598,1,15,MINI COOPER,5,E01015301,0,-1
2021221056506,2021,221056506,2,9,0,16,19,4,6,0,0,0,0,0,0,0,3,1,3,7,1,19,4,1598,1,18,MINI COOPER,5,E01014027,0,-1
2021545188921,2021,545188921,1,9,0,13,13,4,8,0,0,0,0,0,0,0,1,1,6,6,1,77,11,1598,1,12,MINI COOPER,10,E01022219,0,-1
2021471059037,2021,471059037,1,9,0,18,19,4,8,0,0,1,0,0,0,0,1,1,6,6,2,42,7,1499,1,1,MINI COOPER,9,E01031625,0,-1
202134WNC2821,2021,34WNC2821,2,9,0,18,19,3,7,0,0,8,0,0,0,0,1,1,6,6,2,61,9,1598,1,11,MINI COOPER,3,E01009589,0,-1
2021010346378,2021,010346378,1,9,0,18,19,7,3,0,0,0,0,4,0,0,1,1,6,6,2,20,4,1598,1,17,MINI COOPER,4,E01002643,0,-1
2021361087894,2021,361087894,1,9,5,-1,-1,-1,-1,-1,-1,0,-1,-1,-1,0,-1,1,2,2,1,31,6,1598,1,18,MINI COOPER,3,E01026775,0,-1
2021351058915,2021,351058915,1,9,0,18,19,3,7,0,0,8,0,10,7,1,1,1,2,2,2,65,9,1598,1,14,MINI COOPER,8,E01017987,0,-1
2021122101409,2021,122101409,1,9,0,18,19,5,1,0,0,0,2,0,0,0,4,1,6,6,1,73,10,1598,1,11,MINI COOPER,4,E01012356,0,-1
2021421097762,2021,421097762,1,9,0,9,9,6,3,0,0,0,0,0,0,0,1,1,6,6,2,50,8,1499,1,0,MINI COOPER,4,E01021802,0,-1
2021131046507,2021,131046507,1,9,0,9,9,3,5,0,0,2,0,0,0,0,4,1,1,1,1,28,6,1499,1,2,MINI COOPER,5,E01011392,0,-1
2021211111452,2021,211111452,1,9,0,16,19,5,8,0,0,0,0,0,0,0,1,1,6,6,2,56,9,1598,1,8,MINI COOPER,2,E01014262,0,-1
2021010345258,2021,010345258,1,9,0,18,19,5,1,0,0,0,5,0,0,0,1,2,6,6,2,26,6,1499,1,3,MINI COOPER,5,E01003737,0,-1
2021320704458,2021,320704458,3,9,0,18,19,1,5,0,0,0,0,0,0,0,1,2,6,6,1,68,10,1998,1,3,MINI COOPER,7,E01026299,0,-1
2021010315520,2021,010315520,2,9,9,99,99,9,9,99,99,9,9,99,0,0,9,9,6,6,3,-1,-1,1598,1,16,MINI COOPER,10,E01000839,0,-1
2021101054505,2021,101054505,1,9,0,4,4,5,1,0,0,1,0,0,0,0,1,1,6,6,1,23,5,1598,1,15,MINI COOPER,-1,-1,0,-1
2021461040762,2021,461040762,1,9,0,9,9,1,7,0,0,6,0,0,0,0,3,1,6,6,2,37,7,1598,1,15,MINI COOPER,9,E01000658,0,-1
2021401044333,2021,401044333,3,9,0,2,2,0,0,0,0,0,0,0,0,0,2,1,6,6,3,-1,-1,1496,2,7,MINI COOPER,-1,-1,0,-1
2021052100979,2021,052100979,2,9,0,3,3,4,8,0,0,4,0,0,0,0,2,1,6,6,1,32,6,1998,1,5,MINI COOPER,3,E01006906,0,-1
2021010339461,2021,010339461,1,9,0,9,9,2,8,0,0,8,0,0,0,0,2,1,6,6,2,38,7,1560,2,12,MINI COOPER,7,E01002966,0,-1
202134WNC3481,2021,34WNC3481,2,9,0,18,19,7,3,0,0,1,0,0,0,0,1,1,2,2,2,50,8,1598,1,14,MINI COOPER,9,E01027208,0,-1
2021421098134,2021,421098134,2,9,0,4,4,3,7,0,0,0,0,0,0,0,2,1,6,6,1,33,6,1499,1,3,MINI COOPER,3,E01021423,0,-1
2021545352421,2021,545352421,2,9,0,4,4,7,3,0,0,0,0,0,0,0,2,1,6,6,1,31,6,1499,1,3,MINI COOPER,9,E01016342,0,-1
2021471082068,2021,471082068,1,9,0,9,9,3,1,0,0,1,0,0,0,0,1,1,5,6,2,40,7,1499,1,6,MINI COOPER,2,E01017032,0,-1
2021041021764,2021,041021764,2,9,0,2,2,0,0,0,0,8,0,0,0,0,1,1,6,6,3,-1,-1,1560,2,14,MINI COOPER,-1,-1,0,-1
2021010333072,2021,010333072,1,9,0,6,6,7,7,0,0,0,0,0,0,0,1,1,6,6,2,56,9,1998,1,2,MINI COOPER,4,E01002754,0,-1
2021052102269,2021,052102269,2,9,0,4,4,7,3,0,0,0,0,0,0,0,2,1,1,1,2,31,6,1598,1,14,MINI COOPER,1,E01006739,0,-1
2021421047183,2021,421047183,1,9,0,18,19,3,7,0,0,0,1,7,1,1,4,1,2,2,1,19,4,1598,1,19,MINI COOPER,7,E01033057,0,-1
2021010343112,2021,010343112,3,9,0,2,2,0,0,0,0,1,0,0,0,0,1,1,6,6,3,-1,-1,1499,1,3,MINI COOPER,-1,-1,0,-1
2021131069364,2021,131069364,1,9,0,-1,-1,-1,-1,-1,-1,0,-1,-1,-1,-1,-1,1,6,6,3,-1,-1,1598,1,14,MINI COOPER,-1,-1,0,-1
2021991099120,2021,991099120,1,9,0,4,4,4,8,0,0,0,0,0,0,0,1,1,5,6,2,38,7,1995,2,6,MINI COOPER,6,-1,0,-1
2021101034635,2021,101034635,2,9,0,18,19,1,5,0,0,1,0,0,0,0,1,1,2,2,2,25,5,1598,1,17,MINI COOPER,1,E01027451,0,-1
2021211121350,2021,211121350,1,9,0,9,9,1,5,0,0,8,0,0,0,0,0,1,6,6,2,50,8,1598,1,14,MINI COOPER,-1,-1,0,-1
2021201136784,2021,201136784,1,9,0,18,19,6,2,0,0,0,0,0,0,0,1,1,2,2,2,22,5,1560,2,13,MINI COOPER,7,E01009931,0,-1
2021010313888,2021,010313888,2,9,0,2,2,0,0,0,0,2,0,4,0,0,3,1,6,6,3,-1,-1,1598,1,15,MINI COOPER,-1,-1,0,-1
2021421072412,2021,421072412,1,9,0,16,19,4,8,0,0,0,0,0,0,0,1,1,6,6,1,19,4,1598,1,14,MINI COOPER,7,E01023445,0,-1
2021351025368,2021,351025368,2,9,0,4,4,0,0,0,0,1,0,0,0,0,2,1,5,6,2,44,7,1598,1,18,MINI COOPER,7,E01018185,0,-1
2021501072931,2021,501072931,1,9,0,4,4,2,6,0,0,0,2,10,1,9,4,1,5,6,1,38,7,1598,1,19,MINI COOPER,6,E01020244,0,-1
2021461069160,2021,461069160,1,9,0,18,19,5,1,0,0,0,0,4,0,0,1,1,6,6,1,27,6,1598,1,18,MINI COOPER,1,E01024683,0,-1
2021531058335,2021,531058335,1,9,0,4,4,7,3,0,0,0,0,0,0,0,1,1,2,2,1,22,5,1598,1,16,MINI COOPER,9,E01022282,0,-1
2021302101522,2021,302101522,1,9,0,17,19,6,2,0,0,0,1,0,2,1,1,1,6,6,1,27,6,1598,1,14,MINI COOPER,6,E01019882,0,-1
2021471082214,2021,471082214,2,9,0,18,19,7,3,0,0,1,2,0,5,6,2,1,5,6,1,34,6,1598,1,18,MINI COOPER,7,E01032717,0,-1
2021010323247,2021,010323247,1,9,0,18,19,7,3,0,0,0,0,4,0,0,1,1,6,6,1,62,9,1598,1,14,MINI COOPER,9,E01000831,0,-1
2021221090627,2021,221090627,1,9,0,14,14,1,5,0,0,8,1,0,0,0,1,1,5,6,2,57,9,1499,1,3,MINI COOPER,6,E01028857,0,-1
2021544775521,2021,544775521,1,9,0,6,6,7,2,0,0,0,0,0,0,0,3,1,6,6,1,29,6,1998,1,2,MINI COOPER,4,E01020293,0,-1
2021131034499,2021,131034499,1,9,0,17,19,3,7,9,9,0,1,0,1,11,1,1,6,6,1,25,5,1598,1,18,MINI COOPER,8,E01011882,0,-1
2021101112236,2021,101112236,2,9,0,3,3,5,1,0,0,1,0,0,0,0,2,1,6,6,1,63,9,1499,1,6,MINI COOPER,7,E01027516,0,-1
2021070727178,2021,070727178,4,9,0,2,2,0,0,0,0,2,0,0,0,0,0,1,6,6,3,-1,-1,1499,1,2,MINI COOPER,-1,-1,0,-1
2021302100380,2021,302100380,2,9,0,16,19,6,2,0,0,0,0,0,0,0,1,1,6,6,2,39,7,1499,1,2,MINI COOPER,9,E01012448,0,-1
202131C123421,2021,31C123421,1,9,0,18,19,8,4,0,0,1,0,0,0,0,1,1,6,6,2,26,6,1998,1,0,MINI COOPER,2,E01013854,0,-1
2021451085490,2021,451085490,1,9,0,16,19,5,1,0,0,0,5,0,0,0,4,1,5,6,2,30,6,1598,1,16,MINI COOPER,4,E01031608,0,-1
2021211074499,2021,211074499,2,9,0,9,9,5,3,0,0,2,0,0,0,0,3,1,6,6,2,30,6,1598,1,7,MINI COOPER,-1,-1,0,-1
2021471083955,2021,471083955,1,9,0,17,19,8,7,0,0,0,0,0,0,0,1,1,6,6,3,-1,-1,1499,1,3,MINI COOPER,-1,-1,0,-1
2021430437974,2021,430437974,1,9,0,4,4,3,7,0,0,1,0,0,0,0,1,1,6,6,1,42,7,1598,1,18,MINI COOPER,6,E01016304,0,-1
2021302101434,2021,302101434,1,9,0,3,3,6,2,0,0,1,0,0,0,0,2,1,2,2,2,24,5,1598,1,10,MINI COOPER,5,E01027932,0,-1
202163A012821,2021,63A012821,1,9,0,4,4,7,2,0,0,1,0,0,0,0,2,1,6,6,2,55,8,1598,1,10,MINI COOPER,2,W01000660,0,-1
2021101094560,2021,101094560,3,9,0,16,19,7,3,0,0,0,0,0,0,0,0,1,5,6,1,61,9,1998,1,0,MINI COOPER,7,E01027004,0,-1
2021520100502,2021,520100502,1,9,0,18,19,3,7,0,0,8,0,0,0,0,1,1,6,6,1,28,6,1598,1,17,MINI COOPER,5,E01029259,0,-1
2021010303909,2021,010303909,1,9,0,99,99,9,9,99,99,9,9,99,9,99,9,9,6,6,1,34,6,1496,2,4,MINI COOPER,4,E01000940,0,-1
2021141044233,2021,141044233,1,9,0,9,9,6,4,0,0,1,0,0,1,1,1,1,5,6,2,55,8,1598,1,15,MINI COOPER,3,E01007971,0,-1
2021061059230,2021,061059230,3,9,0,17,19,6,2,0,0,1,0,0,0,0,4,1,6,6,2,40,7,1499,1,1,MINI COOPER,9,E01004953,0,-1
2021421113113,2021,421113113,1,9,0,18,19,2,6,0,0,0,0,0,0,0,1,1,2,2,1,24,5,1496,2,5,MINI COOPER,9,E01021692,0,-1
2021320346763,2021,320346763,1,9,0,5,5,2,6,6,6,0,0,0,0,0,1,1,6,6,2,60,9,1598,1,15,MINI COOPER,6,E01026244,0,-1
2021522105397,2021,522105397,1,9,0,3,3,7,3,0,0,0,0,0,0,0,1,1,6,6,2,22,5,1598,1,11,MINI COOPER,-1,-1,0,-1
2021221036135,2021,221036135,1,9,0,17,19,5,2,0,0,8,0,0,0,0,4,1,5,6,2,21,5,1598,1,10,MINI COOPER,2,E01032260,0,-1
2021522105426,2021,522105426,1,9,0,18,19,5,1,0,0,6,0,0,3,11,1,1,6,6,1,27,6,1598,1,14,MINI COOPER,6,E01014882,0,-1
2021041027712,2021,041027712,1,9,0,18,19,5,1,0,0,0,0,0,0,0,4,1,5,6,2,72,10,1598,1,19,MINI COOPER,8,E01025349,0,-1
2021421087425,2021,421087425,2,9,0,18,19,1,5,0,0,0,0,0,0,0,0,1,6,6,1,30,6,1598,1,16,MINI COOPER,7,E01023492,0,-1
2021041050512,2021,041050512,1,9,0,18,19,6,2,0,0,1,0,0,0,0,1,1,6,6,1,73,10,1998,1,7,MINI COOPER,7,E01025485,0,-1
202131D194121,2021,31D194121,3,9,0,18,19,8,4,0,0,0,1,0,0,0,2,1,6,6,2,29,6,1598,1,9,MINI COOPER,10,E01019708,0,-1
2021010299499,2021,010299499,2,9,0,9,9,7,5,0,0,1,0,0,0,0,0,1,6,6,1,65,9,1598,1,11,MINI COOPER,5,E01002882,0,-1
2021351106460,2021,351106460,1,9,0,9,9,3,2,0,0,6,0,0,1,0,2,1,2,2,2,19,4,1598,2,8,MINI COOPER,8,E01018268,0,-1
2021041069727,2021,041069727,2,9,0,2,2,0,0,0,0,0,0,0,0,0,2,1,5,6,2,44,7,1560,2,14,MINI COOPER,6,E01025568,0,-1
2021010309130,2021,010309130,1,9,0,18,19,5,1,9,9,1,1,0,1,10,2,1,6,6,1,21,5,1598,1,18,MINI COOPER,2,E01003190,0,-1
2021131050365,2021,131050365,1,9,0,18,19,3,7,0,0,8,0,0,0,0,1,1,6,6,2,33,6,1598,1,18,MINI COOPER,1,E01011497,0,-1
2021471104468,2021,471104468,2,9,0,2,2,0,0,0,0,1,0,0,0,0,1,1,6,6,3,-1,-1,1598,1,17,MINI COOPER,-1,-1,0,-1
2021520200820,2021,520200820,1,9,0,18,19,3,7,0,0,0,0,0,0,0,2,1,6,6,1,20,4,1598,1,10,MINI COOPER,2,E01029237,0,-1
2021522102004,2021,522102004,1,9,0,9,9,1,7,0,0,8,0,0,0,0,1,1,6,6,2,53,8,898,1,2,RENAULT CAPTUR,3,E01014695,0,-1
2021471094207,2021,471094207,10,9,0,18,19,2,6,0,0,0,0,0,0,0,3,1,5,6,1,48,8,1333,1,1,RENAULT CAPTUR,1,E01016865,0,-1
2021552100465,2021,552100465,2,9,0,4,4,8,4,0,0,8,0,0,0,0,2,1,6,6,1,29,6,1333,1,1,RENAULT CAPTUR,1,E01015307,0,-1
2021101163928,2021,101163928,2,9,0,2,2,5,1,0,0,0,0,0,0,0,2,1,6,6,1,-1,-1,1461,2,7,RENAULT CAPTUR,1,E01008800,0,-1
2021552101032,2021,552101032,2,9,0,2,2,0,0,9,9,0,0,4,0,0,2,1,6,6,3,-1,-1,999,1,0,RENAULT CAPTUR,-1,-1,0,-1
2021070732013,2021,070732013,2,9,0,18,19,1,5,0,0,8,0,0,0,0,4,1,6,6,1,41,7,1461,2,6,RENAULT CAPTUR,2,E01006862,0,-1
2021010306245,2021,010306245,1,8,0,99,99,9,9,0,0,0,0,0,0,0,9,1,6,6,3,-1,-1,898,1,4,RENAULT CAPTUR,-1,-1,0,-1
2021010318648,2021,010318648,1,9,0,17,19,1,5,0,0,2,0,4,0,0,3,1,6,6,2,79,11,898,1,7,RENAULT CAPTUR,3,E01002375,0,-1
2021320729162,2021,320729162,2,9,0,4,4,2,6,0,0,0,0,0,0,0,3,1,6,6,2,54,8,1461,2,5,RENAULT CAPTUR,5,E01026407,0,-1
2021421105894,2021,421105894,2,9,0,18,19,1,5,0,0,8,0,0,0,0,1,1,5,6,2,25,5,1461,2,7,RENAULT CAPTUR,8,E01021881,0,-1
2021061126204,2021,061126204,2,9,0,2,2,2,2,0,0,0,1,4,0,0,3,1,6,6,3,-1,-1,1461,2,7,RENAULT CAPTUR,-1,-1,0,-1
2021471029075,2021,471029075,2,9,0,7,7,5,8,0,0,8,0,0,0,0,2,1,1,1,2,58,9,898,1,8,RENAULT CAPTUR,6,E01024830,0,-1
2021430244326,2021,430244326,2,9,0,3,3,1,5,0,0,0,0,0,0,0,2,1,6,6,2,23,5,1461,2,7,RENAULT CAPTUR,-1,-1,0,-1
2021010352161,2021,010352161,1,9,0,99,99,9,9,99,99,9,9,99,9,99,2,9,2,2,1,29,6,898,1,6,RENAULT CAPTUR,7,E01000156,0,-1
2021010346512,2021,010346512,1,9,0,5,5,7,3,0,0,1,0,0,0,0,1,1,6,6,1,71,10,898,1,5,RENAULT CAPTUR,2,E01004237,0,-1