collision_index,collision_year,collision_ref_no,vehicle_reference,vehicle_type,towing_and_articulation,vehicle_manoeuvre_historic,vehicle_manoeuvre,vehicle_direction_from,vehicle_direction_to,vehicle_location_restricted_lane_historic,vehicle_location_restricted_lane,junction_location,skidding_and_overturning,hit_object_in_carriageway,vehicle_leaving_carriageway,hit_object_off_carriageway,first_point_of_impact,vehicle_left_hand_drive,journey_purpose_of_driver_historic,journey_purpose_of_driver,sex_of_driver,age_of_driver,age_band_of_driver,engine_capacity_cc,propulsion_code,age_of_vehicle,generic_make_model,driver_imd_decile,lsoa_of_driver,escooter_flag,driver_distance_banding
2021440370717,2021,440370717,2,9,0,3,3,3,7,0,0,1,0,0,0,0,2,1,6,6,2,77,11,1987,8,2,LEXUS UX 250,9,E01030428,0,-1
2021010324873,2021,010324873,1,9,0,99,99,9,9,99,99,1,9,99,9,99,9,1,6,6,2,69,10,1987,8,1,LEXUS UX 250,7,E01001125,0,-1
2021010291570,2021,010291570,1,9,0,9,9,5,2,0,0,8,0,0,7,0,3,1,1,1,1,59,9,1987,8,1,LEXUS UX 250,7,E01015977,0,-1
2021010303731,2021,010303731,1,9,0,9,9,1,6,0,0,1,0,0,0,0,2,1,6,6,1,73,10,1987,8,1,LEXUS UX 250,-1,-1,0,-1
2021161110520,2021,161110520,1,9,0,7,7,6,2,0,0,3,0,0,3,0,1,1,6,6,2,79,11,1987,8,1,LEXUS UX 250,6,E01013180,0,-1
2021622100639,2021,622100639,2,9,0,18,19,2,6,0,0,0,0,0,0,0,1,1,6,6,2,41,7,1987,8,0,LEXUS UX 250,1,W01000835,0,-1
2021010340171,2021,010340171,2,9,0,99,99,9,9,99,99,9,9,99,9,99,9,9,6,6,3,-1,-1,1987,8,0,LEXUS UX 250,5,E01000468,0,-1
2021061039433,2021,061039433,3,9,0,2,2,5,1,0,0,8,0,0,0,0,2,1,6,6,3,30,6,1987,8,1,LEXUS UX 250,9,E01004951,0,-1
2021991081002,2021,991081002,1,9,0,2,2,6,2,9,9,5,0,0,2,11,2,1,5,6,3,73,10,1987,8,0,LEXUS UX 250,-1,-1,0,-1
2021201065573,2021,201065573,1,9,0,18,19,8,4,0,0,1,0,0,0,0,1,1,6,6,1,23,5,1987,8,1,LEXUS UX 250,2,E01009342,0,-1
2021430544488,2021,430544488,1,9,0,18,19,3,7,0,0,0,0,0,0,0,1,1,2,2,2,35,6,1987,8,0,LEXUS UX 250,10,E01017636,0,-1
2021010290730,2021,010290730,2,9,0,99,99,9,9,99,99,9,9,99,9,99,1,9,6,6,3,82,11,1998,1,4,MAZDA CX-3,7,E01000837,0,-1
2021010292786,2021,010292786,2,9,0,18,19,3,7,0,0,2,0,0,0,0,1,1,2,2,1,56,9,1998,1,6,MAZDA CX-3,4,E01021309,0,-1
2021991124919,2021,991124919,2,9,0,3,3,7,3,0,0,0,0,0,0,0,2,1,5,6,1,30,6,1998,1,4,MAZDA CX-3,8,-1,0,-1
2021552200261,2021,552200261,3,9,0,18,19,6,2,0,0,8,0,0,0,0,1,1,6,6,2,23,5,1497,2,6,MAZDA CX-3,-1,-1,0,-1
2021421012522,2021,421012522,1,9,0,9,9,3,7,0,0,8,0,0,3,0,1,1,5,6,1,87,11,1998,1,4,MAZDA CX-3,10,E01021938,0,-1
2021430319178,2021,430319178,1,9,0,7,7,1,3,0,0,8,0,0,0,0,3,1,6,6,2,73,10,1998,1,2,MAZDA CX-3,10,E01028622,0,-1
2021201067435,2021,201067435,2,9,0,3,3,8,4,0,0,1,0,0,0,0,2,1,6,6,2,64,9,1998,1,4,MAZDA CX-3,7,E01009116,0,-1
2021440111468,2021,440111468,1,9,0,7,7,6,8,0,0,8,0,0,0,0,4,1,2,2,2,55,8,1998,1,4,MAZDA CX-3,7,E01017224,0,-1
2021401105389,2021,401105389,3,9,0,2,2,0,0,0,0,0,0,0,0,0,3,1,6,6,3,-1,-1,1998,1,3,MAZDA CX-3,-1,-1,0,-1
2021552200057,2021,552200057,1,9,0,18,19,8,4,0,0,8,0,0,0,0,1,1,6,6,2,61,9,1998,1,5,MAZDA CX-3,8,E01015394,0,-1
2021010312538,2021,010312538,2,9,0,10,10,5,3,0,0,2,0,0,0,0,1,1,6,6,2,72,10,1998,1,3,MAZDA CX-3,8,E01002461,0,-1
2021010296758,2021,010296758,2,9,0,2,2,0,0,0,0,2,0,0,0,0,1,1,6,6,3,-1,-1,1998,1,2,MAZDA CX-3,-1,-1,0,-1
2021520105608,2021,520105608,1,9,0,16,19,3,8,0,0,1,0,0,0,0,1,1,6,6,1,56,9,1998,1,4,MAZDA CX-3,8,E01014745,0,-1
2021520105060,2021,520105060,1,9,0,18,19,4,8,0,0,0,0,0,0,0,4,1,6,6,2,65,9,1998,1,4,MAZDA CX-3,6,E01020145,0,-1
2021461064264,2021,461064264,2,9,0,18,19,5,1,0,0,0,0,0,7,0,3,1,6,6,2,77,11,1998,1,2,MAZDA CX-3,4,E01029238,0,-1
2021010345940,2021,010345940,2,9,0,99,99,9,9,99,99,9,9,99,9,99,1,9,6,6,3,30,6,1998,1,3,MAZDA CX-3,5,E01003842,0,-1
2021101067173,2021,101067173,2,9,0,18,19,5,1,0,0,0,2,0,0,0,3,1,6,6,1,25,5,1998,1,3,MAZDA CX-3,-1,-1,0,-1
2021546873921,2021,546873921,2,9,0,9,9,1,7,0,0,5,0,0,0,0,3,1,6,6,2,77,11,1998,1,4,MAZDA CX-3,10,E01023703,0,-1
2021440405746,2021,440405746,1,9,0,18,19,1,5,0,0,0,0,0,0,0,1,1,6,6,2,38,7,1998,1,2,MAZDA CX-3,-1,-1,0,-1
2021421079440,2021,421079440,2,9,0,18,19,7,3,0,0,1,0,0,7,0,4,1,5,6,1,66,10,1998,1,2,MAZDA CX-3,7,E01030082,0,-1
2021320705017,2021,320705017,4,9,0,4,4,6,2,0,0,0,0,0,0,0,2,1,6,6,2,51,8,1998,1,2,MAZDA CX-3,-1,-1,0,-1
202163D036221,2021,63D036221,1,9,0,18,19,2,6,0,0,0,2,0,2,9,1,1,6,6,1,63,9,1998,1,6,MAZDA CX-3,7,W01000434,0,-1
2021302100847,2021,302100847,1,9,0,9,9,4,2,0,0,8,0,0,0,0,4,1,6,6,1,28,6,1497,2,5,MAZDA CX-3,5,E01013595,0,-1
2021141063145,2021,141063145,1,9,0,6,6,0,5,0,0,0,0,0,0,0,1,1,5,6,1,83,11,1998,1,2,MAZDA CX-3,7,E01007973,0,-1
2021991093064,2021,991093064,2,9,0,18,19,7,3,0,0,8,1,0,7,11,1,1,5,6,1,27,6,1998,1,3,MAZDA CX-3,5,-1,0,-1
2021320052529,2021,320052529,2,9,0,17,19,3,8,0,0,8,1,0,0,0,1,1,6,6,1,21,5,1497,2,5,MAZDA CX-3,6,E01026349,0,-1
2021010297672,2021,010297672,1,9,0,5,5,7,3,0,0,4,0,0,0,0,3,1,6,6,2,56,9,1998,1,5,MAZDA CX-3,8,E01002106,0,-1
2021111085537,2021,111085537,3,9,0,18,19,1,5,0,0,0,0,0,0,0,2,1,6,6,1,77,11,1998,1,2,MAZDA CX-3,3,E01020884,0,-1
2021461048771,2021,461048771,1,9,0,9,9,1,6,0,0,0,0,0,0,0,1,1,5,6,1,19,4,1497,2,4,MAZDA CX-3,7,E01022273,0,-1
2021991094097,2021,991094097,1,9,0,9,9,5,2,0,0,6,0,0,0,0,3,1,5,6,1,79,11,1998,1,6,MAZDA CX-3,4,-1,0,-1
2021461014252,2021,461014252,1,9,0,16,19,1,3,0,0,3,2,0,6,6,3,1,2,2,1,30,6,1998,1,2,MAZDA CX-3,5,E01024701,0,-1
2021320673308,2021,320673308,3,9,0,18,19,7,3,0,0,2,0,0,0,0,3,1,2,2,2,54,8,1497,2,3,MAZDA CX-3,9,E01026231,0,-1
2021141053956,2021,141053956,3,9,0,2,2,0,0,0,0,2,0,0,0,0,2,1,6,6,3,-1,-1,1998,1,2,MAZDA CX-3,-1,-1,0,-1
2021451106625,2021,451106625,2,9,0,18,19,3,7,0,0,0,0,0,0,0,2,1,5,6,1,71,10,1998,1,2,MAZDA CX-3,9,E01030716,0,-1
2021161117901,2021,161117901,1,9,0,17,19,3,7,0,0,0,1,0,1,4,1,1,5,6,2,37,7,1998,1,2,MAZDA CX-3,9,E01013031,0,-1
2021111053027,2021,111053027,1,9,0,9,9,5,3,0,0,2,0,0,0,0,1,1,6,6,1,60,9,1998,1,4,MAZDA CX-3,7,E01020796,0,-1
2021440491474,2021,440491474,1,9,0,18,19,2,6,0,0,1,0,0,0,0,2,1,6,6,2,36,7,1998,1,3,MAZDA CX-3,6,E01022880,0,-1
2021552101265,2021,552101265,2,9,0,18,19,8,4,0,0,8,1,0,1,0,1,1,6,6,2,31,6,1998,1,2,MAZDA CX-3,6,E01015349,0,-1
2021471045437,2021,471045437,2,9,0,13,13,8,4,0,0,0,0,0,0,0,0,1,6,6,1,50,8,1998,1,2,MAZDA CX-3,1,E01020972,0,-1
2021201112619,2021,201112619,1,9,0,18,19,8,5,0,0,2,0,0,0,0,3,1,2,2,1,55,8,1497,2,3,MAZDA CX-3,8,E01009252,0,-1
2021440049131,2021,440049131,3,9,0,4,4,5,1,0,0,0,0,0,0,0,2,1,6,6,2,36,7,1497,2,5,MAZDA CX-3,10,E01022497,0,-1
2021010333441,2021,010333441,2,9,0,99,99,9,9,99,99,9,9,99,9,99,9,9,6,6,1,59,9,1998,1,6,MAZDA CX-3,2,E01003108,0,-1
2021010353392,2021,010353392,1,9,9,99,99,9,9,99,99,0,9,99,9,99,9,9,6,6,1,55,8,3997,2,14,MERCEDES GL CLASS,9,E01003901,0,-1
2021052102047,2021,052102047,2,9,0,18,19,7,3,0,0,0,0,0,0,0,1,1,6,6,1,26,6,2987,2,6,MERCEDES GL CLASS,2,E01010740,0,-1
2021041013874,2021,041013874,1,9,0,7,7,1,3,0,0,1,0,0,0,0,1,1,6,6,3,-1,-1,3997,2,14,MERCEDES GL CLASS,-1,-1,0,-1
2021141120156,2021,141120156,2,9,0,18,19,1,5,0,0,8,0,0,3,11,1,1,6,6,3,-1,-1,3996,2,14,MERCEDES GL CLASS,-1,-1,0,-1
2021610045321,2021,610045321,1,9,0,6,6,7,7,0,0,2,0,0,7,1,3,1,6,6,1,47,8,2987,2,12,MERCEDES GL CLASS,4,W01001605,0,-1
2021221067562,2021,221067562,2,9,0,5,5,2,4,0,0,6,0,0,0,0,1,1,5,6,2,50,8,3997,2,13,MERCEDES GL CLASS,9,E01032347,0,-1
2021501082216,2021,501082216,2,9,0,4,4,5,1,0,0,0,0,0,0,0,2,1,5,6,1,71,10,2987,2,7,MERCEDES GL CLASS,4,E01020287,0,-1
2021010319701,2021,010319701,1,9,0,18,19,1,5,0,0,2,0,0,0,0,1,2,6,6,1,58,9,3997,2,14,MERCEDES GL CLASS,2,E01001760,0,-1
2021010349492,2021,010349492,2,9,0,7,7,1,4,0,0,0,0,0,0,0,0,1,6,6,1,37,7,2987,2,7,MERCEDES GL CLASS,6,E01018304,0,-1
2021430322470,2021,430322470,1,9,0,18,19,5,1,0,0,0,0,0,0,0,1,1,1,1,1,41,7,2987,2,5,MERCEDES GL CLASS,5,E01017634,0,-1
2021010302806,2021,010302806,1,9,0,9,9,1,7,0,0,6,0,0,0,0,1,1,2,2,1,48,8,2987,2,8,MERCEDES GL CLASS,3,E01004571,0,-1
2021010346773,2021,010346773,2,9,0,2,2,0,0,0,0,0,0,0,0,0,1,1,6,6,3,-1,-1,2987,2,14,MERCEDES GL CLASS,-1,-1,0,-1
2021461064113,2021,461064113,1,9,-1,-1,-1,-1,-1,-1,-1,-1,-1,-1,-1,0,-1,1,6,6,1,-1,-1,2987,2,8,MERCEDES GL CLASS,6,E01024084,0,-1
2021010345838,2021,010345838,1,9,9,99,99,9,9,99,99,9,9,99,9,99,9,9,6,6,3,-1,-1,2987,2,14,MERCEDES GL CLASS,-1,-1,0,-1
2021401092331,2021,401092331,1,9,0,18,19,-1,-1,0,0,0,0,0,-1,0,1,1,6,6,1,65,9,2987,2,13,MERCEDES GL CLASS,9,E01033313,0,-1
2021522102856,2021,522102856,2,9,0,18,19,1,5,0,0,0,0,0,0,0,0,1,6,6,2,35,6,2987,2,7,MERCEDES GL CLASS,-1,-1,0,-1
2021451112038,2021,451112038,1,9,0,18,19,7,3,0,0,0,0,0,0,0,1,1,5,6,1,71,10,1796,1,20,-1,9,E01032626,0,-1
2021302101037,2021,302101037,1,9,0,18,19,8,4,0,0,8,0,0,0,0,1,1,6,6,1,56,9,1796,1,20,-1,7,E01013529,0,-1
2021471025218,2021,471025218,1,9,0,7,7,1,2,0,0,6,0,0,0,0,1,1,5,6,1,79,11,1796,1,23,-1,10,E01024825,0,-1
2021622100183,2021,622100183,2,9,0,18,19,8,4,0,0,0,0,0,0,0,3,1,6,6,1,60,9,1796,1,21,-1,9,W01001729,0,-1
2021421044789,2021,421044789,1,9,0,18,19,2,6,0,0,1,0,0,0,0,1,1,6,6,1,-1,-1,1796,1,23,-1,-1,-1,0,-1
2021991056458,2021,991056458,2,5,0,18,19,7,3,0,0,1,0,0,0,0,1,1,5,6,1,66,10,828,1,-1,-1,7,-1,0,-1
2021501117279,2021,501117279,1,9,0,18,19,7,3,0,0,4,0,0,0,0,1,1,5,6,1,77,11,1587,1,14,PEUGEOT 307,4,E01019043,0,-1
2021501075276,2021,501075276,2,9,0,11,11,1,4,0,0,3,0,0,0,0,4,1,5,6,2,48,8,1587,1,19,PEUGEOT 307,1,E01018910,0,-1
2021320284052,2021,320284052,3,9,0,18,19,5,1,0,0,2,0,0,0,0,1,1,1,1,1,55,8,1560,2,15,PEUGEOT 307,8,E01026350,0,-1
2021010305220,2021,010305220,3,9,0,3,3,5,1,0,0,1,0,0,0,0,2,1,6,6,1,55,8,1587,1,16,PEUGEOT 307,3,E01000977,0,-1
202163A060221,2021,63A060221,1,9,0,18,19,2,6,0,0,8,0,0,0,0,1,1,1,1,2,21,5,1587,1,14,PEUGEOT 307,3,W01000848,0,-1
2021170S11931,2021,170S11931,2,9,0,7,7,1,3,0,0,8,0,0,0,0,1,1,6,6,2,65,9,1587,1,16,PEUGEOT 307,10,E01012201,0,-1
2021010327771,2021,010327771,1,9,0,9,9,5,3,0,0,1,0,0,0,0,1,1,6,6,2,39,7,1997,1,14,PEUGEOT 307,2,E01003966,0,-1
202131A074521,2021,31A074521,1,9,0,18,19,3,7,0,0,0,0,0,0,0,1,1,6,6,1,27,6,1587,1,16,PEUGEOT 307,5,E01028237,0,-1
2021430060395,2021,430060395,1,9,0,1,1,1,5,9,9,6,0,0,0,0,2,1,6,6,2,66,10,1587,1,16,PEUGEOT 307,5,E01016271,0,-1
2021211152960,2021,211152960,1,9,0,18,19,3,7,0,0,0,5,0,1,7,1,1,6,6,1,29,6,1560,2,14,PEUGEOT 307,-1,-1,0,-1
2021141052722,2021,141052722,2,9,0,4,4,5,1,0,0,0,0,0,0,0,2,1,5,6,1,28,6,1587,1,15,PEUGEOT 307,5,E01033556,0,-1
2021061093475,2021,061093475,2,9,0,5,5,1,1,0,0,2,0,0,0,0,1,1,6,6,2,67,10,1587,1,16,PEUGEOT 307,-1,-1,0,-1
2021549499721,2021,549499721,1,9,0,18,19,1,5,0,0,0,0,0,0,0,4,1,1,1,1,49,8,1587,1,15,PEUGEOT 307,7,E01015524,0,-1
2021371095632,2021,371095632,1,9,0,18,19,-1,-1,0,0,8,0,0,0,0,-1,1,6,6,1,78,11,1560,2,16,PEUGEOT 307,6,E01030143,0,-1
2021070312366,2021,070312366,1,9,0,17,19,7,3,0,0,0,0,0,0,0,1,1,6,6,1,42,7,1997,1,15,PEUGEOT 307,10,E01018506,0,-1
2021522103386,2021,522103386,2,9,0,18,19,1,5,0,0,0,0,0,0,0,4,1,6,6,3,-1,-1,1587,1,14,PEUGEOT 307,-1,-1,0,-1
2021170H11041,2021,170H11041,1,9,0,18,19,8,4,0,0,0,0,0,0,0,1,1,6,6,3,-1,-1,1398,2,20,PEUGEOT 307,-1,-1,0,-1
2021122101266,2021,122101266,1,9,0,18,19,7,3,0,0,0,5,0,7,11,1,1,6,6,1,79,11,1560,2,14,PEUGEOT 307,9,E01026226,0,-1
2021991030404,2021,991030404,1,9,0,18,19,1,4,0,0,0,0,0,0,0,1,1,6,6,1,26,6,1997,2,16,PEUGEOT 307,3,-1,0,-1
2021010304792,2021,010304792,1,9,0,18,19,5,1,0,0,8,0,0,0,0,4,1,6,6,2,22,5,1587,1,15,PEUGEOT 307,1,E01004042,0,-1
2021501022597,2021,501022597,1,9,0,18,19,7,3,0,0,2,0,0,0,0,1,1,6,6,1,49,8,1587,1,17,PEUGEOT 307,4,E01018766,0,-1
2021501120699,2021,501120699,3,9,0,2,2,0,0,6,6,1,0,0,0,0,1,1,6,6,1,65,9,1560,2,16,PEUGEOT 307,4,E01018862,0,-1
2021471031540,2021,471031540,4,9,0,4,4,1,5,0,0,0,0,0,0,0,2,1,3,7,2,38,7,1997,2,19,PEUGEOT 307,8,E01031617,0,-1
2021991072185,2021,991072185,1,9,0,18,19,6,2,0,0,0,0,0,0,0,1,1,5,6,1,58,9,1587,1,16,PEUGEOT 307,7,-1,0,-1
2021461035855,2021,461035855,1,9,0,18,19,1,5,0,0,0,0,0,0,0,1,1,6,6,1,64,9,1587,1,18,PEUGEOT 307,3,E01024684,0,-1
2021461024115,2021,461024115,2,9,0,3,3,2,6,0,0,0,0,0,0,0,2,1,6,6,2,48,8,1587,1,15,PEUGEOT 307,2,E01024646,0,-1
2021371116102,2021,371116102,1,9,0,2,2,0,0,6,6,1,0,0,0,0,4,1,5,6,1,34,6,1997,2,12,PEUGEOT 307,2,E01030170,0,-1
2021320589914,2021,320589914,2,9,0,18,19,1,5,0,0,1,0,0,0,0,3,1,6,6,1,37,7,1398,2,17,PEUGEOT 307,2,E01026378,0,-1
2021221018996,2021,221018996,2,9,0,18,19,3,7,0,0,1,0,0,0,0,4,1,5,6,2,63,9,1997,2,18,PEUGEOT 307,7,W01000484,0,-1
2021461067324,2021,461067324,1,9,0,11,11,7,3,0,0,0,0,0,0,0,2,1,5,6,1,36,7,1560,2,15,PEUGEOT 307,4,E01001194,0,-1
2021041088926,2021,041088926,1,9,0,18,19,3,7,0,0,1,0,0,0,0,1,1,6,6,1,-1,-1,1997,2,14,PEUGEOT 307,4,E01012634,0,-1
2021546393421,2021,546393421,1,9,0,9,9,7,5,0,0,6,0,0,0,0,1,1,2,2,1,43,7,1997,2,17,PEUGEOT 307,2,E01015558,0,-1
2021201072661,2021,201072661,2,9,0,18,19,6,2,0,0,0,0,0,0,0,3,1,6,6,1,26,6,1560,2,15,PEUGEOT 307,1,E01009477,0,-1
2021991109596,2021,991109596,1,9,0,18,19,5,1,0,0,0,0,12,0,0,1,1,5,6,1,75,10,1560,2,14,PEUGEOT 307,7,-1,0,-1
2021302101669,2021,302101669,2,9,0,5,5,8,5,0,0,8,0,0,0,0,3,1,6,6,1,36,7,1587,1,15,PEUGEOT 307,3,E01019776,0,-1
2021522105338,2021,522105338,2,9,0,3,3,1,5,0,0,0,0,0,0,0,2,1,6,6,2,29,6,1587,1,14,PEUGEOT 307,6,E01014539,0,-1
2021201118725,2021,201118725,4,9,0,2,2,0,0,0,0,8,0,0,0,0,2,1,6,6,3,-1,-1,1997,1,15,PEUGEOT 307,-1,-1,0,-1
2021440418092,2021,440418092,1,9,0,5,5,4,8,0,0,0,0,0,0,0,2,1,6,6,2,52,8,1360,1,14,PEUGEOT 307,1,E01017237,0,-1
2021211102008,2021,211102008,1,9,0,18,19,5,3,0,0,8,0,0,0,0,4,1,5,6,2,21,5,1997,2,16,PEUGEOT 307,3,E01029357,0,-1
2021531018127,2021,531018127,3,9,0,18,19,1,5,0,0,2,0,0,0,0,2,1,5,6,2,39,7,1587,1,17,PEUGEOT 307,-1,-1,0,-1
2021421021233,2021,421021233,3,9,0,3,3,8,4,0,0,0,0,0,0,0,2,1,6,6,1,32,6,1587,1,17,PEUGEOT 307,8,E01021749,0,-1
2021461131907,2021,461131907,1,9,0,18,19,2,6,0,0,0,0,0,0,0,4,1,6,6,1,38,7,1360,1,16,PEUGEOT 307,6,E01024568,0,-1
2021061116404,2021,061116404,2,9,0,3,3,5,7,0,0,1,0,0,0,0,2,1,6,6,2,73,10,1560,2,16,PEUGEOT 307,1,E01004960,0,-1
2021421041883,2021,421041883,2,9,0,2,2,6,6,0,0,0,0,0,0,0,2,1,5,6,2,71,10,1587,1,15,PEUGEOT 307,9,E01021661,0,-1
2021221046336,2021,221046336,1,9,0,18,19,2,6,9,9,0,0,0,7,0,1,1,6,6,1,22,5,1997,2,18,PEUGEOT 307,2,E01032239,0,-1
202134WNC0581,2021,34WNC0581,1,9,0,9,9,5,3,0,0,5,0,0,0,0,1,1,6,6,1,53,8,1587,1,17,PEUGEOT 307,6,E01017717,0,-1
2021010303618,2021,010303618,2,9,0,18,19,5,1,0,0,8,0,0,0,0,4,1,2,2,1,39,7,1587,1,14,PEUGEOT 307,2,E01001423,0,-1
2021361146556,2021,361146556,2,9,0,11,11,3,7,0,0,3,2,0,1,9,4,1,5,6,1,57,9,1560,2,14,PEUGEOT 307,3,E01026786,0,-1
2021430466664,2021,430466664,1,9,0,13,13,1,5,0,0,0,0,0,0,0,4,1,6,6,3,-1,-1,1560,2,16,PEUGEOT 307,-1,-1,0,-1
2021070409736,2021,070409736,1,9,0,16,19,7,5,0,0,0,1,0,0,11,1,1,6,6,1,36,7,1997,2,17,PEUGEOT 307,7,E01018686,0,-1
2021302101488,2021,302101488,1,9,0,7,7,8,4,0,0,2,1,0,0,0,2,1,3,7,1,47,8,1560,2,16,PEUGEOT 307,2,E01013499,0,-1
2021461051873,2021,461051873,1,9,0,7,7,5,7,0,0,1,0,0,0,0,1,1,6,6,2,37,7,1587,1,19,PEUGEOT 307,7,E01024037,0,-1
2021421071320,2021,421071320,1,9,0,13,13,5,2,0,0,0,1,0,1,0,1,1,6,6,2,20,4,1997,1,16,PEUGEOT 307,2,E01015976,0,-1
2021141033023,2021,141033023,2,9,0,14,14,3,7,0,0,1,0,0,0,0,1,1,6,6,1,23,5,1360,1,17,PEUGEOT 307,1,E01007977,0,-1
2021461097118,2021,461097118,2,9,0,18,19,1,5,0,0,0,0,0,0,0,1,1,1,1,1,63,9,1997,1,15,PEUGEOT 307,1,E01024305,0,-1
2021201146376,2021,201146376,1,9,0,18,19,4,8,0,0,0,0,10,1,5,4,1,6,6,3,-1,-1,1587,1,14,PEUGEOT 307,-1,-1,0,-1
202131B182121,2021,31B182121,1,9,0,18,19,6,2,0,0,2,0,0,0,0,1,1,6,6,1,34,6,1560,2,14,PEUGEOT 307,3,E01028027,0,-1
2021070205091,2021,070205091,1,9,0,18,19,3,7,0,0,1,0,0,0,0,1,1,6,6,1,-1,-1,1587,1,16,PEUGEOT 307,4,E01018629,0,-1
2021010342591,2021,010342591,2,9,0,5,5,6,2,0,0,0,0,0,0,0,4,1,6,6,1,32,6,1587,1,16,PEUGEOT 307,-1,-1,0,-1
2021010301884,2021,010301884,2,9,0,99,99,9,9,99,99,9,9,99,9,99,9,9,6,6,3,-1,-1,1360,1,18,PEUGEOT 307,-1,-1,0,-1
2021461108608,2021,461108608,4,9,0,18,19,4,8,0,0,0,0,0,0,0,2,1,6,6,1,48,8,1997,1,15,PEUGEOT 307,5,E01024588,0,-1
2021351116107,2021,351116107,2,9,0,4,4,2,5,0,0,0,0,0,0,0,2,1,5,6,1,28,6,1587,1,14,PEUGEOT 307,6,E01023600,0,-1
2021010313825,2021,010313825,2,9,0,18,19,3,7,0,0,1,0,0,0,0,1,1,6,6,3,-1,-1,1587,1,16,PEUGEOT 307,-1,-1,0,-1
2021320440492,2021,320440492,1,9,0,16,19,8,4,0,0,0,1,0,7,3,2,1,1,1,1,34,6,1587,1,18,PEUGEOT 307,3,E01026099,0,-1
2021991088429,2021,991088429,1,9,0,5,5,3,7,0,0,1,0,0,0,0,1,1,5,6,2,58,9,1560,2,15,PEUGEOT 307,3,-1,0,-1
2021351077542,2021,351077542,1,9,0,18,19,7,3,0,0,4,0,0,7,0,1,1,5,6,1,20,4,1560,2,15,PEUGEOT 307,2,E01015657,0,-1
2021461052676,2021,461052676,2,9,0,4,4,4,8,0,0,1,0,0,0,0,2,1,5,6,1,71,10,1560,2,14,PEUGEOT 307,5,E01016065,0,-1
2021211062994,2021,211062994,2,9,0,17,19,3,3,0,0,0,0,0,0,0,2,1,5,6,2,37,7,1360,1,14,PEUGEOT 307,-1,-1,0,-1
2021201023985,2021,201023985,1,9,0,18,19,8,4,0,0,0,1,7,0,0,1,1,6,6,1,25,5,1587,1,15,PEUGEOT 307,4,E01009658,0,-1
2021440202112,2021,440202112,1,9,0,10,10,5,1,0,0,1,0,0,0,0,2,1,6,6,1,60,9,1587,1,18,PEUGEOT 307,10,E01023233,0,-1
2021052101999,2021,052101999,2,9,0,3,3,3,7,0,0,1,0,0,0,0,2,1,6,6,1,64,9,1560,2,14,PEUGEOT 307,8,E01012530,0,-1
2021552100360,2021,552100360,1,9,0,5,5,2,6,0,0,6,0,0,0,0,1,1,2,2,1,32,6,1997,2,18,PEUGEOT 307,6,E01020586,0,-1
2021461047158,2021,461047158,1,9,0,3,3,3,7,0,0,0,0,0,0,0,1,1,6,6,2,40,7,1560,2,15,PEUGEOT 307,6,E01024130,0,-1
2021461100526,2021,461100526,1,9,0,17,19,7,3,0,0,0,0,0,1,0,1,1,6,6,1,26,6,1587,1,15,PEUGEOT 307,7,E01024737,0,-1
2021522103307,2021,522103307,1,9,0,18,19,3,7,0,0,8,0,0,0,0,1,1,6,6,1,26,6,1997,2,17,PEUGEOT 307,4,E01015011,0,-1
2021501070396,2021,501070396,1,9,0,16,19,1,5,0,0,0,0,0,0,0,1,1,5,6,1,36,7,1560,2,16,PEUGEOT 307,1,E01015155,0,-1
2021010350962,2021,010350962,2,9,0,10,10,3,1,0,0,1,0,0,0,0,3,1,2,2,1,53,8,1587,1,14,PEUGEOT 307,1,E01001979,0,-1
2021041101672,2021,041101672,1,9,0,9,9,3,7,0,0,2,0,0,0,0,1,2,2,2,1,26,6,1360,1,14,PEUGEOT 307,2,E01012630,0,-1
2021371090978,2021,371090978,1,9,0,6,6,5,3,0,0,1,0,0,0,0,3,1,6,6,1,23,5,1997,2,17,PEUGEOT 307,2,E01030031,0,-1
2021201089636,2021,201089636,1,9,0,14,14,8,4,0,0,1,0,0,0,0,1,1,6,6,1,-1,-1,1560,2,15,PEUGEOT 307,1,E01010054,0,-1
2021010318737,2021,010318737,2,9,9,18,19,5,1,0,0,1,0,99,0,0,9,1,6,6,1,41,7,1587,1,15,PEUGEOT 307,7,E01032781,0,-1
202154C013321,2021,54C013321,2,9,0,14,14,8,4,0,0,0,0,0,7,9,4,1,6,6,1,46,8,1997,2,17,PEUGEOT 307,5,E01032056,0,-1
2021010318019,2021,010318019,2,9,0,99,99,9,9,99,99,0,9,99,9,99,2,9,6,6,3,60,9,1587,1,15,PEUGEOT 307,9,E01003158,0,-1
2021010296136,2021,010296136,1,9,0,18,19,8,4,0,0,0,0,0,1,1,1,1,2,2,2,35,6,1997,1,16,PEUGEOT 307,-1,-1,0,-1
2021471094200,2021,471094200,1,9,0,5,5,1,6,0,0,8,0,0,0,0,3,1,5,6,2,58,9,1587,1,15,PEUGEOT 307,7,E01016903,0,-1
2021010299302,2021,010299302,2,9,0,99,99,9,9,99,99,9,9,99,9,99,1,9,6,6,1,-1,-1,1997,1,14,PEUGEOT 307,2,E01001702,0,-1
2021622100758,2021,622100758,1,9,0,18,19,8,4,0,0,0,0,0,1,11,1,1,6,6,1,21,5,1587,1,18,PEUGEOT 307,8,W01001190,0,-1