collision_index,collision_year,collision_ref_no,vehicle_reference,vehicle_type,towing_and_articulation,vehicle_manoeuvre_historic,vehicle_manoeuvre,vehicle_direction_from,vehicle_direction_to,vehicle_location_restricted_lane_historic,vehicle_location_restricted_lane,junction_location,skidding_and_overturning,hit_object_in_carriageway,vehicle_leaving_carriageway,hit_object_off_carriageway,first_point_of_impact,vehicle_left_hand_drive,journey_purpose_of_driver_historic,journey_purpose_of_driver,sex_of_driver,age_of_driver,age_band_of_driver,engine_capacity_cc,propulsion_code,age_of_vehicle,generic_make_model,driver_imd_decile,lsoa_of_driver,escooter_flag,driver_distance_banding
2021201148177,2021,201148177,2,9,0,3,3,-1,-1,0,0,2,0,0,0,0,1,1,6,6,1,68,10,1997,2,11,PEUGEOT 407,5,E01014057,0,-1
2021401024177,2021,401024177,2,9,0,18,19,7,3,0,0,4,0,0,3,0,1,1,1,1,1,64,9,2179,2,14,PEUGEOT 407,8,E01016808,0,-1
2021201064034,2021,201064034,1,9,0,18,19,8,4,0,0,0,0,0,0,0,1,1,6,6,2,41,7,1560,2,16,PEUGEOT 407,6,E01010011,0,-1
2021221047590,2021,221047590,1,9,0,3,3,6,2,0,0,0,0,0,0,0,2,1,1,1,1,35,6,2720,2,14,PEUGEOT 407,5,E01014084,0,-1
2021361042669,2021,361042669,1,9,0,18,19,2,6,0,0,0,0,0,0,0,1,1,2,2,1,40,7,1997,2,17,PEUGEOT 407,1,E01026597,0,-1
2021221116266,2021,221116266,2,9,0,18,19,5,1,0,0,4,0,0,0,0,1,1,6,6,1,39,7,2179,2,14,PEUGEOT 407,3,E01028880,0,-1
2021471083629,2021,471083629,1,9,-1,-1,-1,-1,-1,-1,-1,-1,-1,-1,-1,0,1,1,6,6,1,23,5,1997,2,16,PEUGEOT 407,-1,-1,0,-1
2021201146619,2021,201146619,2,9,0,18,19,2,6,0,0,8,0,0,0,0,4,1,6,6,1,70,10,1560,2,12,PEUGEOT 407,5,E01008954,0,-1
2021010308503,2021,010308503,2,9,0,99,99,9,9,99,99,9,9,99,9,99,4,9,6,6,3,-1,-1,1997,2,14,PEUGEOT 407,-1,-1,0,-1
2021421025444,2021,421025444,1,9,0,18,19,6,2,0,0,0,0,0,0,0,1,1,6,6,1,48,8,1997,2,14,PEUGEOT 407,6,E01024127,0,-1
2021070513756,2021,070513756,2,9,0,9,9,7,3,0,0,6,0,0,0,0,4,1,6,6,1,54,8,1997,2,14,PEUGEOT 407,5,E01014225,0,-1
2021461110866,2021,461110866,2,9,0,18,19,3,7,0,0,0,0,0,0,0,1,1,6,6,1,21,5,1997,2,13,PEUGEOT 407,4,E01024090,0,-1
2021541185021,2021,541185021,1,9,0,18,19,6,2,0,0,2,0,0,0,0,1,1,1,1,1,69,10,1997,2,16,PEUGEOT 407,4,E01031980,0,-1
2021361093764,2021,361093764,2,9,0,18,19,4,8,0,0,0,0,0,0,0,3,1,5,6,1,40,7,1997,2,14,PEUGEOT 407,6,E01026686,0,-1
2021101042867,2021,101042867,2,9,-1,7,7,1,5,0,0,8,0,0,0,0,3,1,6,6,1,52,8,1997,2,14,PEUGEOT 407,2,E01020809,0,-1
2021010325337,2021,010325337,1,9,0,4,4,5,1,0,0,0,0,0,0,0,2,1,2,2,2,26,6,1560,2,16,PEUGEOT 407,5,E01003701,0,-1
2021421018560,2021,421018560,1,9,0,18,19,1,5,0,0,0,1,0,5,11,1,1,5,6,1,47,8,1997,2,15,PEUGEOT 407,2,E01000091,0,-1
2021461020817,2021,461020817,2,9,0,18,19,2,6,0,0,0,0,0,0,0,4,1,2,2,1,50,8,1560,2,16,PEUGEOT 407,6,E01024225,0,-1
2021411068540,2021,411068540,3,9,0,18,19,5,1,0,0,0,0,0,0,0,2,1,6,6,2,35,6,1997,2,17,PEUGEOT 407,2,E01023339,0,-1
2021461089803,2021,461089803,3,9,0,3,3,3,7,0,0,4,1,0,0,0,2,1,5,6,1,34,6,1997,2,14,PEUGEOT 407,7,E01024578,0,-1
202131A166921,2021,31A166921,3,9,0,2,2,0,0,0,0,0,1,4,0,0,2,1,6,6,1,74,10,1560,2,14,PEUGEOT 407,5,E01028237,0,-1
2021010318405,2021,010318405,1,9,0,6,6,1,1,0,0,0,0,0,0,0,3,1,6,6,1,47,8,1997,2,16,PEUGEOT 407,3,E01004189,0,-1
2021371106510,2021,371106510,1,9,0,-1,-1,-1,-1,-1,-1,0,-1,-1,-1,0,-1,1,6,6,1,32,6,1560,2,13,PEUGEOT 407,5,E01026892,0,-1
202131C133421,2021,31C133421,1,9,0,1,1,0,6,9,9,1,0,0,1,11,2,1,6,6,1,33,6,1560,2,16,PEUGEOT 407,3,E01019666,0,-1
2021471125703,2021,471125703,1,9,0,9,9,6,4,0,0,1,0,0,0,0,3,1,5,6,1,80,11,1997,2,11,PEUGEOT 407,6,E01031658,0,-1
2021141016569,2021,141016569,2,9,0,18,19,3,1,0,0,1,0,0,0,0,1,1,6,6,1,39,7,1997,2,14,PEUGEOT 407,7,E01007755,0,-1
2021351060706,2021,351060706,2,9,0,17,19,5,1,0,0,4,0,0,0,0,2,1,6,6,1,-1,-1,1997,2,13,PEUGEOT 407,3,E01017975,0,-1
2021501049968,2021,501049968,2,9,0,3,3,2,6,0,0,0,0,0,0,0,4,1,6,6,1,65,9,1997,2,16,PEUGEOT 407,7,E01018813,0,-1
2021991031049,2021,991031049,2,9,0,4,4,2,6,0,0,0,0,0,0,0,1,1,2,2,1,29,6,1997,2,13,PEUGEOT 407,6,-1,0,-1
2021010347818,2021,010347818,1,9,0,18,19,5,1,0,0,6,0,7,3,7,1,1,6,6,1,67,10,1997,2,14,PEUGEOT 407,2,E01000550,0,-1
2021501017566,2021,501017566,3,9,0,3,3,3,7,0,0,0,0,0,0,0,2,1,5,6,1,67,10,1997,2,14,PEUGEOT 407,5,E01018975,0,-1
2021141064293,2021,141064293,1,9,0,16,19,1,5,0,0,0,0,0,0,0,4,1,1,1,1,24,5,1997,2,14,PEUGEOT 407,2,E01007784,0,-1
2021010345893,2021,010345893,2,9,0,99,99,9,9,99,99,9,9,99,9,99,1,9,6,6,3,-1,-1,1997,1,17,PEUGEOT 407,2,E01001982,0,-1
2021010347139,2021,010347139,1,9,0,4,4,4,8,0,0,1,0,0,0,0,2,1,1,1,1,59,9,1997,2,16,PEUGEOT 407,7,E01002424,0,-1
2021201064134,2021,201064134,2,9,0,18,19,8,4,0,0,0,0,0,0,0,2,1,6,6,2,37,7,1997,2,16,PEUGEOT 407,2,E01009981,0,-1
2021201135596,2021,201135596,1,9,0,18,19,1,3,0,0,0,0,0,0,0,1,1,6,6,1,40,7,1997,2,14,PEUGEOT 407,1,E01009258,0,-1
2021622100134,2021,622100134,2,9,0,18,19,8,4,0,0,0,1,0,0,0,1,1,2,2,1,30,6,1997,2,15,PEUGEOT 407,1,W01001166,0,-1
2021501095330,2021,501095330,1,9,0,18,19,7,3,0,0,0,1,0,0,0,1,1,6,6,1,65,9,1997,2,14,PEUGEOT 407,2,E01015073,0,-1
2021010302792,2021,010302792,2,9,9,99,99,9,9,99,99,9,9,99,9,99,9,1,6,6,1,37,7,1997,2,15,PEUGEOT 407,4,E01001879,0,-1
2021201137050,2021,201137050,1,9,0,18,19,2,6,0,0,8,0,0,0,0,1,1,6,6,3,-1,-1,1997,2,13,PEUGEOT 407,-1,-1,0,-1
2021101049770,2021,101049770,1,9,0,18,19,5,1,0,0,0,0,0,0,0,4,1,6,6,1,49,8,1997,2,14,PEUGEOT 407,3,E01008739,0,-1
2021320541730,2021,320541730,2,9,0,18,19,8,4,0,0,8,1,0,1,9,1,1,6,6,2,36,7,1997,2,17,PEUGEOT 407,5,E01026018,0,-1
2021545681621,2021,545681621,1,9,0,1,1,5,1,0,0,1,0,0,0,0,2,1,6,6,1,33,6,1997,2,11,PEUGEOT 407,7,E01032588,0,-1
2021141096785,2021,141096785,2,9,0,18,19,1,5,0,0,8,0,0,0,0,3,1,5,6,1,46,8,1997,2,10,PEUGEOT 407,2,E01007340,0,-1
2021320377245,2021,320377245,1,9,0,18,19,8,4,0,0,2,0,4,1,0,1,1,6,6,1,51,8,1997,2,16,PEUGEOT 407,6,E01026244,0,-1
2021501086846,2021,501086846,1,9,0,7,7,1,5,0,0,4,0,0,0,0,1,1,5,6,1,62,9,1997,2,16,PEUGEOT 407,2,E01015055,0,-1
2021111085106,2021,111085106,1,9,0,18,19,1,5,0,0,1,0,0,0,0,1,1,6,6,1,30,6,1997,2,14,PEUGEOT 407,-1,-1,0,-1
2021430358757,2021,430358757,1,9,0,11,11,7,3,0,0,0,0,0,0,0,4,1,6,6,1,-1,-1,1997,2,14,PEUGEOT 407,10,E01016826,0,-1
2021010297072,2021,010297072,2,9,0,18,19,7,3,0,0,1,1,0,0,0,1,1,6,6,1,43,7,2946,1,14,PEUGEOT 407,7,E01002679,0,-1
2021302100478,2021,302100478,1,9,0,18,19,6,2,0,0,1,0,0,0,0,2,1,2,2,2,34,6,1997,2,11,PEUGEOT 407,4,E01013548,0,-1
2021351028780,2021,351028780,1,9,0,17,19,1,1,0,0,0,0,0,1,0,1,1,6,6,1,35,6,1997,2,15,PEUGEOT 407,-1,-1,0,-1
2021440431940,2021,440431940,1,9,0,18,19,3,1,0,0,1,0,0,0,0,4,1,6,6,3,-1,-1,1997,2,16,PEUGEOT 407,-1,-1,0,-1
2021320587361,2021,320587361,1,9,0,9,9,1,7,0,0,6,0,0,0,0,3,1,6,6,1,88,11,1997,2,17,PEUGEOT 407,9,E01026320,0,-1
2021141020586,2021,141020586,2,9,0,18,19,5,1,0,0,0,0,0,0,0,1,1,6,6,1,30,6,1560,2,14,PEUGEOT 407,3,E01007900,0,-1
202163A004221,2021,63A004221,3,9,0,18,19,4,8,0,0,0,1,0,0,0,1,1,6,6,1,31,6,1560,2,16,PEUGEOT 407,3,W01000928,0,-1
2021070321614,2021,070321614,2,9,0,16,19,8,2,0,0,8,0,0,0,0,2,1,6,6,1,53,8,1997,2,14,PEUGEOT 407,1,W01000187,0,-1
2021991059233,2021,991059233,1,9,0,6,6,5,5,0,0,2,0,7,0,0,1,1,2,2,1,22,5,1997,1,15,PEUGEOT 407,1,-1,0,-1
2021501117632,2021,501117632,1,9,0,18,19,3,7,0,0,0,1,4,0,0,1,1,6,6,1,61,9,1997,2,15,PEUGEOT 407,4,E01020305,0,-1
2021141040721,2021,141040721,2,9,0,9,9,7,3,0,0,8,0,0,0,0,3,1,6,6,1,55,8,1560,2,8,PEUGEOT 5008,4,E01007728,0,-1
2021161077745,2021,161077745,1,9,0,1,1,1,5,0,0,1,0,0,0,0,2,1,6,6,1,-1,-1,1560,2,10,PEUGEOT 5008,-1,-1,0,-1
2021411104996,2021,411104996,1,9,0,11,11,6,1,0,0,4,0,0,0,0,1,1,5,6,1,46,8,1200,1,0,PEUGEOT 5008,9,E01016553,0,-1
2021211067297,2021,211067297,3,9,-1,-1,-1,-1,-1,-1,-1,0,-1,-1,-1,0,-1,1,6,6,1,-1,-1,1997,2,7,PEUGEOT 5008,7,E01029519,0,-1
2021201058900,2021,201058900,2,9,0,5,5,7,3,0,0,8,0,0,0,0,1,1,6,6,1,39,7,1500,2,0,PEUGEOT 5008,5,E01010552,0,-1
2021201078012,2021,201078012,1,9,0,7,7,6,8,9,9,6,0,0,0,0,4,1,6,6,1,57,9,1500,2,0,PEUGEOT 5008,5,E01010354,0,-1
2021010297708,2021,010297708,2,9,0,99,99,9,9,99,99,9,9,99,9,99,9,9,6,6,3,-1,-1,1200,1,0,PEUGEOT 5008,-1,-1,0,-1
2021010319913,2021,010319913,2,9,0,2,2,0,0,5,5,1,0,0,0,0,4,1,6,6,3,-1,-1,1500,2,1,PEUGEOT 5008,-1,-1,0,-1
2021461101096,2021,461101096,1,9,0,18,19,1,5,0,0,0,0,0,0,0,3,1,6,6,1,49,8,1200,1,0,PEUGEOT 5008,1,E01024148,0,-1
2021052102145,2021,052102145,2,9,0,18,19,1,5,0,0,8,0,0,0,0,3,1,6,6,2,41,7,1200,1,2,PEUGEOT 5008,1,E01007119,0,-1
202163C050921,2021,63C050921,3,9,0,4,4,3,6,0,0,1,0,0,0,0,1,1,6,6,1,35,6,1200,1,2,PEUGEOT 5008,-1,-1,0,-1
2021231067941,2021,231067941,2,9,0,4,4,2,6,0,0,0,0,0,0,0,1,1,6,6,3,-1,-1,1997,2,10,PEUGEOT 5008,-1,-1,0,-1
2021111045635,2021,111045635,3,9,0,4,4,5,1,0,0,0,0,0,0,0,2,1,2,2,1,41,7,1500,2,2,PEUGEOT 5008,10,E01008238,0,-1
2021501111232,2021,501111232,2,9,0,18,19,1,5,0,0,0,0,0,0,0,1,1,2,2,1,43,7,1560,2,3,PEUGEOT 5008,7,E01020268,0,-1
2021141064573,2021,141064573,2,9,0,5,5,1,5,0,0,1,0,0,0,0,1,1,2,2,1,60,9,1560,2,3,PEUGEOT 5008,1,E01008013,0,-1
2021221058783,2021,221058783,1,8,0,3,3,4,8,0,0,1,0,0,0,0,2,1,5,6,1,57,9,1997,2,10,PEUGEOT 5008,2,E01014196,0,-1
2021161053073,2021,161053073,1,9,0,4,4,7,3,0,0,1,0,0,0,0,2,1,6,6,1,53,8,1560,2,5,PEUGEOT 5008,3,E01013231,0,-1
2021010340126,2021,010340126,3,8,0,2,2,0,0,0,0,1,0,0,0,0,2,1,6,6,3,-1,-1,1560,2,5,PEUGEOT 5008,-1,-1,0,-1
2021010306049,2021,010306049,1,9,0,99,99,9,9,99,99,0,9,99,9,99,4,9,6,6,3,28,6,1500,2,1,PEUGEOT 5008,3,E01003275,0,-1
202131C147721,2021,31C147721,1,9,0,17,19,6,4,0,0,0,0,0,0,0,1,1,6,6,2,43,7,1598,1,3,PEUGEOT 5008,7,E01013875,0,-1
2021221097378,2021,221097378,2,9,0,10,10,6,4,0,0,8,0,0,0,0,2,1,5,6,2,46,8,1997,2,0,PEUGEOT 5008,6,E01028851,0,-1
2021101041189,2021,101041189,2,9,0,18,19,4,6,0,0,0,0,0,0,0,1,1,5,6,1,36,7,1200,1,0,PEUGEOT 5008,-1,-1,0,-1
2021010309287,2021,010309287,1,9,0,15,15,1,5,0,0,1,0,0,0,0,0,1,4,7,2,40,7,1200,1,1,PEUGEOT 5008,9,E01001017,0,-1
2021361095552,2021,361095552,1,9,0,9,9,8,6,0,0,8,0,0,0,0,4,1,5,6,1,77,11,1500,2,2,PEUGEOT 5008,8,E01030122,0,-1
2021440308886,2021,440308886,1,9,0,18,19,0,0,0,0,0,0,0,0,0,3,1,6,6,1,44,7,1500,2,3,PEUGEOT 5008,7,E01017094,0,-1
2021421071495,2021,421071495,1,9,0,7,7,3,1,0,0,0,0,0,0,0,3,1,6,6,2,61,9,1500,2,2,PEUGEOT 5008,6,E01021275,0,-1
2021421015981,2021,421015981,1,9,0,15,15,5,1,0,0,4,0,0,0,0,4,1,6,6,2,51,8,1997,2,8,PEUGEOT 5008,4,E01015835,0,-1
2021411050099,2021,411050099,2,9,-1,-1,-1,-1,-1,-1,-1,-1,-1,-1,-1,0,-1,1,6,6,1,35,6,1200,1,2,PEUGEOT 5008,8,E01033029,0,-1
2021041144746,2021,041144746,1,9,0,18,19,1,5,0,0,0,5,4,0,0,1,1,5,6,1,83,11,1500,2,1,PEUGEOT 5008,1,E01012624,0,-1
202134WNC6111,2021,34WNC6111,1,9,0,9,9,8,6,0,0,2,0,0,0,0,1,1,6,6,1,62,9,1560,2,10,PEUGEOT 5008,9,E01027289,0,-1
2021421103953,2021,421103953,2,9,0,3,3,7,3,0,0,0,0,0,0,0,2,1,5,6,2,36,7,1500,2,0,PEUGEOT 5008,2,E01003950,0,-1
2021451104097,2021,451104097,2,9,0,18,19,1,5,0,0,0,0,0,0,0,2,1,5,6,2,35,6,1200,1,3,PEUGEOT 5008,7,E01030647,0,-1
2021991099072,2021,991099072,1,9,0,3,3,5,3,0,0,1,0,0,0,0,1,1,6,6,1,42,7,1560,2,4,PEUGEOT 5008,4,-1,0,-1
2021061099244,2021,061099244,1,9,0,18,19,7,3,0,0,1,0,0,7,0,1,1,6,6,1,67,10,1200,1,0,PEUGEOT 5008,3,E01005262,0,-1
2021161016474,2021,161016474,1,9,0,18,19,1,5,0,0,4,0,0,0,0,1,1,1,1,1,43,7,1500,2,1,PEUGEOT 5008,5,E01012819,0,-1
2021010334163,2021,010334163,1,8,0,1,1,5,1,0,0,5,0,0,0,0,4,2,1,1,1,42,7,1560,2,5,PEUGEOT 5008,4,E01000155,0,-1
2021161069103,2021,161069103,2,9,0,18,19,7,5,0,0,1,0,0,0,0,3,1,6,6,1,47,8,1560,2,8,PEUGEOT 5008,2,E01032595,0,-1
2021211051139,2021,211051139,2,9,0,3,3,4,7,0,0,1,0,0,0,0,2,1,6,6,1,38,7,1500,2,1,PEUGEOT 5008,1,E01014218,0,-1
2021991023228,2021,991023228,2,9,0,18,19,4,8,0,0,1,0,0,1,11,1,1,2,2,1,42,7,1560,2,6,PEUGEOT 5008,3,-1,0,-1
202131B001421,2021,31B001421,2,9,0,18,19,1,5,0,0,1,0,0,0,0,1,1,2,2,2,29,6,1997,2,11,PEUGEOT 5008,8,E01026193,0,-1
202134WNC3201,2021,34WNC3201,2,9,0,9,9,3,1,0,0,8,0,0,0,0,1,1,2,2,1,39,7,1500,2,3,PEUGEOT 5008,2,E01027170,0,-1
2021031072746,2021,031072746,1,9,0,8,8,1,3,0,0,1,0,0,0,0,4,1,6,6,1,29,6,1500,2,1,PEUGEOT 5008,6,E01029446,0,-1
2021161019388,2021,161019388,1,9,0,18,19,4,8,0,0,0,0,4,0,0,1,1,5,6,1,17,4,1560,2,10,PEUGEOT 5008,1,E01012900,0,-1
2021010351594,2021,010351594,1,9,9,99,99,9,9,99,99,9,9,99,9,99,9,9,6,6,1,51,8,1997,2,11,PEUGEOT 5008,8,E01003471,0,-1
2021991050430,2021,991050430,1,9,0,18,19,3,7,0,0,0,1,0,0,0,2,1,5,6,1,36,7,1500,2,0,PEUGEOT 5008,1,E01004257,0,-1
2021522101847,2021,522101847,1,9,0,18,19,8,4,0,0,0,1,4,0,0,1,1,6,6,1,39,7,1560,2,7,PEUGEOT 5008,1,E01033358,0,-1
2021052100787,2021,052100787,1,9,0,18,19,1,5,0,0,6,0,0,0,0,1,1,6,6,3,-1,-1,1200,1,2,PEUGEOT 5008,-1,-1,0,-1
2021531099378,2021,531099378,2,9,0,18,19,5,1,0,0,0,0,0,0,0,1,1,2,2,2,44,7,1200,1,3,PEUGEOT 5008,9,E01014039,0,-1
2021430104412,2021,430104412,1,9,0,18,19,8,4,0,0,4,0,0,0,0,1,1,6,6,1,42,7,1500,2,1,PEUGEOT 5008,9,E01016428,0,-1
2021201023486,2021,201023486,2,9,0,2,2,0,0,0,0,0,0,0,0,0,3,1,6,6,1,33,6,1560,2,11,PEUGEOT 5008,1,E01008966,0,-1
2021430241089,2021,430241089,1,9,0,18,19,0,0,0,0,1,0,0,0,0,0,1,6,6,2,43,7,1560,2,8,PEUGEOT 5008,8,E01016252,0,-1
2021061126743,2021,061126743,3,9,0,2,2,0,0,0,0,2,0,0,0,0,2,1,3,7,2,-1,-1,1560,2,9,PEUGEOT 5008,-1,-1,0,-1
2021531093627,2021,531093627,2,9,0,6,6,5,1,8,6,0,0,0,0,0,3,1,5,6,1,36,7,1500,2,2,PEUGEOT 5008,2,E01032202,0,-1
2021010298365,2021,010298365,2,9,0,99,99,9,9,99,99,9,9,99,9,99,1,9,6,6,3,-1,-1,1997,2,1,PEUGEOT 5008,-1,-1,0,-1
2021320512248,2021,320512248,2,9,0,18,19,6,2,0,0,1,0,0,0,0,0,1,6,6,1,54,8,1560,2,5,PEUGEOT 5008,6,E01026058,0,-1
2021138220505,2021,138220505,2,9,0,3,3,7,3,0,0,0,0,0,0,0,1,1,6,6,2,36,7,1560,2,11,PEUGEOT 5008,1,E01011122,0,-1
2021451025397,2021,451025397,2,9,0,18,19,1,5,0,0,4,0,0,0,0,3,1,5,6,1,70,10,1200,1,2,PEUGEOT 5008,8,E01030708,0,-1
2021440048303,2021,440048303,2,9,0,18,19,6,2,0,0,2,0,0,0,0,1,1,6,6,2,38,7,1200,1,1,PEUGEOT 5008,3,E01017127,0,-1
2021201127465,2021,201127465,1,9,0,18,19,-1,-1,0,0,0,0,0,0,0,1,1,6,6,3,-1,-1,1200,1,0,PEUGEOT 5008,-1,-1,0,-1
2021302100645,2021,302100645,3,9,0,2,2,0,0,0,0,1,0,0,0,0,2,1,6,6,2,47,8,1560,2,4,PEUGEOT 5008,7,E01019713,0,-1
2021302100890,2021,302100890,2,9,0,2,2,0,0,0,0,1,0,0,0,0,2,1,3,7,3,-1,-1,1500,2,2,PEUGEOT 5008,-1,-1,0,-1
2021520100016,2021,520100016,2,9,0,9,9,4,2,0,0,8,0,0,0,0,3,1,6,6,3,35,6,1500,2,3,PEUGEOT 5008,-1,-1,0,-1
2021010299559,2021,010299559,1,9,0,99,99,9,9,99,99,9,9,99,0,0,9,9,6,6,2,69,10,1560,2,6,PEUGEOT 5008,3,E01003154,0,-1
2021161072945,2021,161072945,2,9,0,3,3,7,3,0,0,1,0,0,0,0,2,1,6,6,1,36,7,1500,2,1,PEUGEOT 5008,1,E01012887,0,-1
2021131101638,2021,131101638,2,9,0,18,19,7,3,0,0,8,0,0,0,0,1,1,5,6,1,43,7,1200,1,1,PEUGEOT 5008,2,E01011334,0,-1
2021201121762,2021,201121762,1,8,0,5,5,-1,-1,0,0,0,0,0,0,0,0,1,1,1,1,-1,-1,1560,2,10,PEUGEOT 5008,2,E01010567,0,-1
2021440432305,2021,440432305,1,9,0,4,4,1,5,0,0,0,0,0,0,0,1,1,6,6,2,30,6,1500,2,0,PEUGEOT 5008,3,E01017239,0,-1
2021522104662,2021,522104662,1,9,0,18,19,3,7,0,0,0,0,0,0,0,1,1,6,6,1,51,8,1560,2,5,PEUGEOT 5008,1,E01014658,0,-1
2021010339083,2021,010339083,2,9,0,15,15,5,1,0,0,1,0,0,0,0,1,1,6,6,2,43,7,1560,2,7,PEUGEOT 5008,4,E01001285,0,-1
2021522105670,2021,522105670,1,9,0,18,19,4,8,0,0,2,0,0,0,0,1,1,6,6,1,35,6,1560,2,8,PEUGEOT 5008,8,E01014709,0,-1
2021471065019,2021,471065019,1,9,0,5,5,3,7,0,0,0,0,0,0,0,4,1,5,6,1,42,7,1560,2,9,PEUGEOT 5008,8,E01030655,0,-1
202154C333821,2021,54C333821,2,9,0,14,14,3,7,0,0,0,0,0,0,0,4,1,6,6,1,65,9,1997,2,8,PEUGEOT 5008,9,E01013216,0,-1
2021170M11401,2021,170M11401,1,9,0,18,19,7,3,0,0,8,0,0,0,0,1,1,6,6,2,43,7,1560,2,8,PEUGEOT 5008,6,E01012046,0,-1
2021041097044,2021,041097044,1,9,0,18,19,1,5,0,0,1,0,0,0,0,1,1,5,6,1,18,4,1560,2,8,PEUGEOT 5008,1,E01024898,0,-1
2021052101585,2021,052101585,1,9,0,18,19,4,8,0,0,0,0,0,0,0,4,1,6,6,3,-1,-1,1200,1,2,PEUGEOT 5008,-1,-1,0,-1
2021131095808,2021,131095808,1,9,0,9,9,2,6,0,0,1,0,0,0,0,2,1,5,6,1,40,7,1500,2,0,PEUGEOT 5008,4,E01010801,0,-1
2021061090377,2021,061090377,1,9,0,4,4,7,1,0,0,1,0,0,0,0,2,1,5,6,2,43,7,1560,2,10,PEUGEOT 5008,8,E01005555,0,-1
2021320725039,2021,320725039,2,9,0,18,19,2,6,0,0,8,0,0,0,0,1,1,6,6,1,54,8,1560,2,5,PEUGEOT 5008,6,E01026058,0,-1
2021010290347,2021,010290347,2,9,0,99,99,9,9,99,99,9,9,99,9,99,1,9,6,6,3,-1,-1,1500,2,3,PEUGEOT 5008,-1,-1,0,-1
2021401121507,2021,401121507,1,9,0,17,19,3,7,0,0,0,0,0,0,0,1,1,6,6,2,37,7,1200,1,0,PEUGEOT 5008,7,E01017446,0,-1
2021361048232,2021,361048232,1,9,0,5,5,5,1,0,0,1,0,0,0,0,1,1,5,6,2,48,8,1598,1,1,PEUGEOT 5008,3,E01026784,0,-1
2021411020665,2021,411020665,1,9,0,18,19,4,8,0,0,6,0,0,0,0,1,1,5,6,1,75,10,1560,2,8,PEUGEOT 5008,3,E01023487,0,-1
2021411103505,2021,411103505,2,9,0,18,19,8,4,0,0,0,0,0,1,0,3,1,5,6,2,51,8,1560,2,7,PEUGEOT 5008,6,E01003862,0,-1
2021010315521,2021,010315521,1,9,0,9,9,1,8,0,0,1,0,0,0,0,3,1,6,6,1,45,7,1200,1,1,PEUGEOT 5008,6,E01002714,0,-1
2021061116173,2021,061116173,3,9,0,18,19,2,6,0,0,0,0,0,0,0,3,1,6,6,1,39,7,1200,1,1,PEUGEOT 5008,2,E01005369,0,-1
2021471042809,2021,471042809,1,9,0,5,5,6,2,0,0,0,0,0,0,0,1,1,6,6,2,32,6,1560,2,8,PEUGEOT 5008,3,E01021048,0,-1
2021461033257,2021,461033257,2,9,0,4,4,3,7,0,0,3,0,0,0,0,2,1,6,6,2,58,9,1500,2,1,PEUGEOT 5008,2,E01016061,0,-1
2021421013148,2021,421013148,1,9,0,18,19,3,7,0,0,0,0,0,0,0,1,1,1,1,1,38,7,1997,2,9,PEUGEOT 5008,9,E01024438,0,-1
2021010322164,2021,010322164,2,9,0,9,9,7,5,0,0,6,0,0,0,0,1,1,6,6,1,28,6,1500,2,3,PEUGEOT 5008,2,E01015787,0,-1
2021041057483,2021,041057483,1,9,0,18,19,7,3,0,0,1,0,0,0,0,1,1,1,1,1,34,6,1560,2,11,PEUGEOT 5008,1,E01025186,0,-1
2021411087494,2021,411087494,2,9,0,18,19,6,2,0,0,6,0,0,0,0,3,1,6,6,1,58,9,1200,1,0,PEUGEOT 5008,4,E01023861,0,-1
2021991147665,2021,991147665,2,9,0,3,3,3,7,0,0,0,0,0,0,0,2,1,6,6,2,30,6,1200,1,0,PEUGEOT 5008,7,-1,0,-1
2021010346507,2021,010346507,2,9,0,10,10,7,5,0,0,6,0,0,0,0,1,1,6,6,2,47,8,1500,2,3,PEUGEOT 5008,3,E01032743,0,-1
2021061128892,2021,061128892,2,9,0,9,9,8,6,0,0,1,0,0,0,0,1,1,5,6,1,34,6,1200,1,2,PEUGEOT 5008,2,E01005244,0,-1
202131C127821,2021,31C127821,2,9,0,9,9,4,2,0,0,5,0,0,0,0,0,1,3,7,3,-1,-1,1560,2,7,PEUGEOT 5008,-1,-1,0,-1
2021548447021,2021,548447021,1,9,0,9,9,8,5,0,0,1,0,0,0,0,1,1,6,6,1,68,10,1560,2,7,PEUGEOT 5008,6,E01031884,0,-1
2021320615154,2021,320615154,3,9,0,4,4,6,2,0,0,1,0,0,0,0,2,1,6,6,2,40,7,1500,2,0,PEUGEOT 5008,5,E01026245,0,-1
2021211052843,2021,211052843,1,9,0,16,19,2,4,0,0,6,0,0,0,0,1,1,6,6,2,83,11,1598,1,10,PEUGEOT 5008,1,E01029835,0,-1
2021471124166,2021,471124166,1,9,0,5,5,8,2,0,0,4,0,0,0,0,1,1,6,6,1,57,9,1560,2,8,PEUGEOT 5008,5,E01031467,0,-1
2021421029682,2021,421029682,1,9,0,18,19,8,4,0,0,0,0,0,5,0,3,1,5,6,1,33,6,1560,2,5,PEUGEOT 5008,1,E01021970,0,-1
2021201070130,2021,201070130,1,9,0,9,9,2,8,0,0,6,0,0,0,0,3,1,6,6,2,53,8,1200,1,3,PEUGEOT 5008,3,E01010139,0,-1
2021010290833,2021,010290833,1,9,0,18,19,4,8,0,0,1,0,0,0,0,1,1,6,6,1,57,9,1560,2,10,PEUGEOT 5008,3,E01032581,0,-1
2021501020918,2021,501020918,2,9,0,18,19,1,5,0,0,3,0,0,0,0,3,1,5,6,2,26,6,1500,2,3,PEUGEOT 5008,8,E01020158,0,-1