collision_index,collision_year,collision_ref_no,vehicle_reference,vehicle_type,towing_and_articulation,vehicle_manoeuvre_historic,vehicle_manoeuvre,vehicle_direction_from,vehicle_direction_to,vehicle_location_restricted_lane_historic,vehicle_location_restricted_lane,junction_location,skidding_and_overturning,hit_object_in_carriageway,vehicle_leaving_carriageway,hit_object_off_carriageway,first_point_of_impact,vehicle_left_hand_drive,journey_purpose_of_driver_historic,journey_purpose_of_driver,sex_of_driver,age_of_driver,age_band_of_driver,engine_capacity_cc,propulsion_code,age_of_vehicle,generic_make_model,driver_imd_decile,lsoa_of_driver,escooter_flag,driver_distance_banding
2021440073760,2021,440073760,1,9,0,4,4,8,5,0,0,1,0,0,0,0,0,1,1,1,1,59,9,2993,2,3,BMW X5,9,E01022565,0,-1
2021131064352,2021,131064352,2,9,0,18,19,6,2,0,0,1,0,0,0,0,2,1,5,6,2,67,10,1686,2,8,-1,1,E01010826,0,-1
2021201129005,2021,201129005,2,9,0,18,19,5,1,0,0,8,0,0,1,0,1,1,6,6,1,44,7,1686,2,8,-1,4,E01010499,0,-1
2021201036245,2021,201036245,2,9,0,2,2,0,0,0,0,0,0,0,1,0,1,1,6,6,2,39,7,1598,1,8,-1,2,E01010287,0,-1
2021041033008,2021,041033008,1,9,0,7,7,3,1,0,0,6,0,0,0,0,1,1,5,6,2,39,7,1984,1,0,-1,10,E01025257,0,-1
2021461082803,2021,461082803,6,9,0,18,19,5,1,0,0,0,0,0,0,0,0,1,1,1,1,-1,-1,1984,1,0,-1,3,E01024717,0,-1
2021010297646,2021,010297646,1,5,0,18,19,1,5,0,0,0,1,4,0,0,3,1,6,6,1,53,8,998,1,19,-1,6,E01001678,0,-1
2021351131594,2021,351131594,2,9,0,17,19,5,2,0,0,0,2,0,7,9,1,1,6,6,1,71,10,1596,1,14,FORD C-MAX,8,E01018215,0,-1
2021421097655,2021,421097655,3,9,0,2,2,0,0,9,9,0,1,0,0,0,3,1,6,6,3,-1,-1,1753,2,13,FORD C-MAX,-1,-1,0,-1
2021351148855,2021,351148855,2,9,1,18,19,3,7,0,0,1,0,0,0,0,4,1,6,6,2,60,9,1560,2,9,FORD C-MAX,9,E01018181,0,-1
2021101090853,2021,101090853,3,9,0,18,19,3,7,0,0,0,0,0,0,0,2,1,6,6,1,61,9,1560,2,7,FORD C-MAX,3,E01008258,0,-1
2021201040813,2021,201040813,3,9,0,8,8,4,6,0,0,1,0,0,0,0,3,1,6,6,1,25,5,1560,2,7,FORD C-MAX,2,E01009158,0,-1
2021010328826,2021,010328826,1,9,0,4,4,7,3,0,0,1,0,0,0,0,2,1,6,6,1,29,6,1596,1,9,FORD C-MAX,1,E01000605,0,-1
2021031036913,2021,031036913,1,9,0,5,5,1,6,0,0,2,0,0,0,0,1,1,6,6,1,49,8,1499,2,5,FORD C-MAX,2,E01019115,0,-1
2021161017681,2021,161017681,1,9,0,17,19,6,3,0,0,0,0,0,0,0,3,1,2,2,2,43,7,1499,2,5,FORD C-MAX,4,E01013051,0,-1
2021421038793,2021,421038793,4,9,0,18,19,1,5,0,0,1,0,0,0,0,1,1,6,6,1,45,7,1560,2,7,FORD C-MAX,8,E01021583,0,-1
2021421067518,2021,421067518,2,9,0,17,19,8,5,0,0,0,0,0,0,0,3,1,6,6,1,75,10,1499,2,5,FORD C-MAX,1,E01022031,0,-1
2021501103657,2021,501103657,1,9,0,5,5,5,3,0,0,1,0,0,0,0,1,1,6,6,1,43,7,1999,1,13,FORD C-MAX,3,E01018993,0,-1
2021170S10951,2021,170S10951,1,9,0,18,19,7,3,0,0,8,0,0,0,0,3,1,6,6,1,61,9,1596,1,9,FORD C-MAX,1,E01012252,0,-1
2021501105381,2021,501105381,1,9,0,18,19,1,5,0,0,0,5,0,1,0,4,1,6,6,2,45,7,1753,2,14,FORD C-MAX,5,E01018768,0,-1
2021010301741,2021,010301741,2,9,0,99,99,9,9,99,99,9,9,99,9,99,2,9,6,6,3,-1,-1,1753,2,14,FORD C-MAX,-1,-1,0,-1
2021010343626,2021,010343626,2,9,0,1,1,7,3,0,0,1,0,0,0,0,1,1,6,6,3,-1,-1,998,1,6,FORD C-MAX,-1,-1,0,-1
2021201132723,2021,201132723,3,9,0,5,5,4,8,0,0,0,0,0,0,0,2,1,6,6,2,37,7,1560,2,7,FORD C-MAX,9,E01009694,0,-1
2021361092132,2021,361092132,1,9,0,7,7,1,7,0,0,8,0,0,0,0,4,1,6,6,2,32,6,1560,2,7,FORD C-MAX,7,E01026710,0,-1
2021471050186,2021,471050186,2,9,0,18,19,7,3,0,0,8,0,0,6,0,1,1,5,6,1,35,6,998,1,8,FORD C-MAX,4,E01017104,0,-1
2021451091419,2021,451091419,1,9,0,18,19,5,1,0,0,8,0,0,0,0,1,1,5,6,1,30,6,1596,1,10,FORD C-MAX,9,E01030453,0,-1
2021052101854,2021,052101854,2,9,0,16,19,5,1,0,0,4,0,0,0,0,1,1,2,2,3,-1,-1,1560,2,7,FORD C-MAX,-1,-1,0,-1
2021552100985,2021,552100985,1,9,0,18,19,3,7,0,0,0,1,0,0,0,1,1,6,6,1,28,6,999,1,4,FORD C-MAX,8,E01020473,0,-1
20211383Q1421,2021,1383Q1421,1,9,0,18,19,7,5,0,0,8,0,0,0,0,1,1,6,6,1,40,7,1753,2,13,FORD C-MAX,-1,-1,0,-1
2021501049562,2021,501049562,2,9,0,18,19,4,8,0,0,1,1,0,0,0,1,1,6,6,1,63,9,999,1,3,FORD C-MAX,10,E01015101,0,-1
2021622100837,2021,622100837,1,9,0,18,19,2,6,0,0,0,0,4,0,0,1,1,6,6,1,33,6,1560,2,13,FORD C-MAX,4,W01001046,0,-1
2021430220422,2021,430220422,2,9,0,18,19,4,8,0,0,8,0,0,0,0,1,1,6,6,2,-1,-1,1997,2,7,FORD C-MAX,-1,-1,0,-1
2021361017999,2021,361017999,1,9,0,18,19,7,3,0,0,4,0,0,0,0,1,1,5,6,1,36,7,1997,2,9,FORD C-MAX,4,E01026846,0,-1
2021052102054,2021,052102054,1,9,0,15,15,2,6,0,0,0,0,4,0,0,1,1,6,6,2,37,7,1560,2,11,FORD C-MAX,2,E01007210,0,-1
2021471097758,2021,471097758,1,9,0,18,19,8,4,0,0,0,0,0,0,0,4,1,5,6,2,36,7,1596,1,13,FORD C-MAX,8,E01030928,0,-1
2021421015856,2021,421015856,1,9,0,6,6,8,7,0,0,1,0,0,0,0,4,1,1,1,1,48,8,999,1,3,FORD C-MAX,3,E01016012,0,-1
2021371031917,2021,371031917,2,9,0,17,19,7,5,0,0,0,0,0,0,0,3,1,2,2,1,57,9,1798,1,13,FORD C-MAX,10,E01029903,0,-1
2021522200778,2021,522200778,2,9,0,8,8,1,5,0,0,8,0,0,0,0,1,1,6,6,2,43,7,1997,2,8,FORD C-MAX,5,E01017206,0,-1
202131C042721,2021,31C042721,2,9,0,3,3,4,8,0,0,0,0,0,0,0,2,1,6,6,1,83,11,1560,2,7,FORD C-MAX,2,E01013907,0,-1
2021542890921,2021,542890921,2,9,0,4,4,1,6,0,0,1,0,0,0,0,4,1,6,6,2,38,7,1596,1,14,FORD C-MAX,2,E01015506,0,-1
2021170S11491,2021,170S11491,1,9,0,1,1,1,7,0,0,8,0,0,0,0,2,1,6,6,1,37,7,1999,1,14,FORD C-MAX,-1,-1,0,-1
2021041064966,2021,041064966,2,9,0,2,2,1,5,0,0,0,0,0,0,0,3,1,6,6,3,-1,-1,1560,2,7,FORD C-MAX,-1,-1,0,-1
2021440203480,2021,440203480,2,9,0,18,19,6,2,0,0,0,0,0,0,0,1,1,6,6,1,66,10,1999,1,13,FORD C-MAX,8,E01020425,0,-1
2021548867321,2021,548867321,3,9,0,18,19,3,7,0,0,0,0,0,0,0,2,1,6,6,1,62,9,1560,2,8,FORD C-MAX,6,E01014089,0,-1
2021061096970,2021,061096970,1,9,0,4,4,7,3,0,0,1,0,0,0,0,2,1,5,6,2,53,8,1560,2,9,FORD C-MAX,8,E01006210,0,-1
2021131120726,2021,131120726,2,9,0,2,2,0,0,9,9,8,0,0,0,0,3,1,6,6,3,-1,-1,1596,1,8,FORD C-MAX,-1,-1,0,-1
2021421018144,2021,421018144,2,9,0,2,2,0,0,0,0,0,0,0,0,0,2,1,5,6,2,67,10,1560,2,7,FORD C-MAX,6,E01021595,0,-1
202131C008921,2021,31C008921,1,9,0,1,1,7,3,0,0,0,0,0,0,0,2,1,6,6,2,61,9,1596,1,12,FORD C-MAX,1,E01013850,0,-1
2021161091672,2021,161091672,2,9,0,2,2,0,0,0,0,0,0,0,0,0,1,1,1,1,2,34,6,1560,2,8,FORD C-MAX,2,E01013291,0,-1
202134WNC4231,2021,34WNC4231,2,9,0,3,3,5,1,0,0,0,0,0,0,0,2,1,6,6,1,25,5,1596,1,10,FORD C-MAX,4,E01016829,0,-1
2021471083855,2021,471083855,1,9,0,17,19,7,3,0,0,8,0,0,0,0,4,1,5,6,1,82,11,1596,1,8,FORD C-MAX,7,E01031379,0,-1
2021111115566,2021,111115566,1,9,0,18,19,3,7,0,0,0,1,0,0,0,1,1,6,6,1,31,6,1499,2,5,FORD C-MAX,-1,-1,0,-1
2021430508718,2021,430508718,1,9,0,17,19,7,4,0,0,0,0,0,1,3,1,1,6,6,1,85,11,1997,2,10,FORD C-MAX,9,E01028723,0,-1
2021320596489,2021,320596489,3,9,0,2,2,0,0,0,0,2,0,0,0,0,0,1,6,6,1,76,11,1499,2,5,FORD C-MAX,-1,-1,0,-1
2021411040225,2021,411040225,3,9,0,4,4,7,3,0,0,0,0,0,0,0,2,1,6,6,1,34,6,1560,2,9,FORD C-MAX,4,E01023781,0,-1
2021991021366,2021,991021366,2,9,0,18,19,4,8,0,0,0,0,0,1,0,1,1,6,6,1,70,10,1560,2,8,FORD C-MAX,10,-1,0,-1
2021010293318,2021,010293318,1,9,0,9,9,5,3,0,0,1,0,0,0,0,1,1,6,6,2,50,8,999,1,5,FORD C-MAX,4,E01000313,0,-1
2021421127192,2021,421127192,1,9,0,6,6,2,4,0,0,4,0,0,0,0,1,1,6,6,2,41,7,1596,1,13,FORD C-MAX,3,E01021289,0,-1
2021010319821,2021,010319821,1,9,0,99,99,9,9,0,0,0,0,0,0,0,9,9,6,6,2,57,9,1560,2,8,FORD C-MAX,5,E01001068,0,-1
2021430160915,2021,430160915,3,9,0,18,19,7,3,0,0,1,0,0,0,0,1,1,6,6,2,37,7,1596,1,7,FORD C-MAX,7,E01017705,0,-1
2021070497765,2021,070497765,1,9,0,7,7,5,7,0,0,2,0,0,0,0,3,1,6,6,1,59,9,1596,1,8,FORD C-MAX,2,E01018477,0,-1
2021440033088,2021,440033088,1,9,0,9,9,5,5,0,0,8,0,0,0,0,3,1,6,6,1,85,11,999,1,3,FORD C-MAX,2,E01022949,0,-1
2021421113406,2021,421113406,1,9,0,18,19,2,6,0,0,0,0,0,0,0,1,1,6,6,2,38,7,1596,1,10,FORD C-MAX,4,E01021670,0,-1
2021552101169,2021,552101169,1,9,0,18,19,8,4,0,0,8,0,0,0,0,1,1,6,6,2,33,6,1596,1,12,FORD C-MAX,-1,-1,0,-1
2021320212018,2021,320212018,1,9,0,18,19,6,2,0,0,0,0,0,0,0,1,1,6,6,1,65,9,1499,2,6,FORD C-MAX,2,E01027937,0,-1
2021361059369,2021,361059369,2,9,0,18,19,1,5,0,0,0,0,0,0,0,1,1,5,6,1,81,11,1997,2,6,FORD C-MAX,2,E01026425,0,-1
2021010321000,2021,010321000,1,9,0,18,19,1,5,0,0,1,0,0,0,0,1,1,6,6,1,75,10,1999,1,11,FORD C-MAX,9,E01002364,0,-1
2021421086386,2021,421086386,2,9,0,18,19,1,5,0,0,1,1,0,0,0,4,1,5,6,1,76,11,1997,2,8,FORD C-MAX,6,E01021435,0,-1
2021451083934,2021,451083934,1,9,0,18,19,1,5,0,0,0,5,0,0,0,1,1,6,6,3,35,6,1596,1,8,FORD C-MAX,7,E01023135,0,-1
2021041104912,2021,041104912,1,9,0,7,7,3,4,0,0,2,0,0,3,0,3,1,5,6,2,65,9,1999,1,13,FORD C-MAX,7,E01024905,0,-1
2021991067367,2021,991067367,1,9,0,18,19,1,5,0,0,8,0,0,0,0,3,1,5,6,1,80,11,999,1,2,FORD C-MAX,4,-1,0,-1
2021461051310,2021,461051310,2,9,0,2,2,0,0,0,0,0,0,0,0,0,3,1,5,6,2,38,7,1560,2,10,FORD C-MAX,5,E01024842,0,-1
2021201097157,2021,201097157,1,9,0,18,19,4,8,0,0,0,0,0,0,0,1,1,6,6,2,35,6,1997,2,8,FORD C-MAX,1,E01009303,0,-1
2021471094728,2021,471094728,1,9,0,18,19,7,3,0,0,4,0,0,0,0,1,1,6,6,1,75,10,1997,2,4,FORD C-MAX,6,E01031687,0,-1
2021221021654,2021,221021654,7,9,0,18,19,4,8,0,0,8,0,0,0,0,3,1,5,6,1,35,6,1560,2,9,FORD C-MAX,2,E01014071,0,-1
2021411068636,2021,411068636,1,9,0,18,19,5,1,0,0,2,0,0,0,0,3,1,5,6,1,36,7,1560,2,6,FORD C-MAX,4,E01023774,0,-1
2021101117442,2021,101117442,3,9,0,3,3,3,7,0,0,1,0,0,0,0,2,1,5,6,1,79,11,999,1,4,FORD C-MAX,5,E01027441,0,-1
2021031030497,2021,031030497,1,9,0,18,19,1,6,0,0,0,0,0,0,0,3,1,5,6,1,81,11,1596,1,7,FORD C-MAX,7,E01019129,0,-1
2021371065270,2021,371065270,1,9,0,13,13,5,1,0,0,0,5,0,0,0,1,1,5,6,1,84,11,1596,1,12,FORD C-MAX,9,E01029893,0,-1
2021111073447,2021,111073447,3,9,0,3,3,3,7,0,0,0,0,0,0,0,2,1,5,6,1,55,8,1997,2,5,FORD C-MAX,3,E01008751,0,-1
2021991122352,2021,991122352,1,9,0,18,19,7,3,0,0,0,0,0,0,0,1,1,5,6,2,40,7,998,1,8,FORD C-MAX,6,-1,0,-1
2021440281083,2021,440281083,2,9,0,5,5,4,8,0,0,2,0,0,0,0,1,1,6,6,1,52,8,1560,2,9,FORD C-MAX,6,E01030759,0,-1
2021010314861,2021,010314861,1,9,0,4,4,3,7,0,0,1,0,0,0,0,1,1,3,7,2,32,6,1999,1,14,FORD C-MAX,1,E01001822,0,-1
2021052100250,2021,052100250,1,9,0,18,19,5,1,0,0,2,0,0,0,0,1,1,6,6,1,33,6,1596,1,11,FORD C-MAX,1,E01006758,0,-1
2021371044955,2021,371044955,2,9,0,4,4,7,3,0,0,0,0,0,0,0,0,1,2,2,2,33,6,1997,2,14,FORD C-MAX,6,E01032525,0,-1
2021052101568,2021,052101568,1,9,0,18,19,3,7,0,0,0,1,0,0,0,1,1,1,1,2,53,8,1596,1,13,FORD C-MAX,1,E01006453,0,-1
2021141127093,2021,141127093,1,9,0,9,9,6,4,0,0,5,0,0,0,0,4,1,6,6,1,68,10,1596,1,13,FORD C-MAX,3,E01007538,0,-1
2021010317851,2021,010317851,1,9,4,16,19,1,5,0,0,0,1,4,7,4,1,2,3,7,2,46,8,1753,2,13,FORD C-MAX,6,E01002439,0,-1
2021351090690,2021,351090690,2,9,0,3,3,6,1,0,0,4,0,0,0,0,2,1,5,6,2,41,7,1560,2,9,FORD C-MAX,5,E01023661,0,-1
2021991052257,2021,991052257,2,9,0,3,3,3,7,0,0,0,0,0,0,0,2,1,5,6,2,52,8,1560,2,8,FORD C-MAX,5,-1,0,-1
2021302100775,2021,302100775,1,9,0,14,14,4,8,0,0,8,0,0,0,0,1,1,6,6,1,72,10,1798,1,13,FORD C-MAX,2,E01013899,0,-1
2021231061677,2021,231061677,1,9,0,9,9,8,6,0,0,6,0,0,0,0,3,1,5,6,2,54,8,1499,2,2,FORD C-MAX,7,E01032392,0,-1
2021451124619,2021,451124619,1,9,0,18,19,1,5,0,0,0,0,0,0,0,3,1,5,6,2,62,9,1596,1,14,FORD C-MAX,7,E01030833,0,-1
2021421018037,2021,421018037,2,9,0,18,19,2,6,0,0,0,2,0,1,0,1,1,6,6,2,43,7,999,1,5,FORD C-MAX,4,E01021822,0,-1
2021052100138,2021,052100138,1,9,0,8,8,1,3,0,0,1,0,0,1,0,3,1,2,2,2,62,9,1499,2,5,FORD C-MAX,2,E01032510,0,-1
2021451079427,2021,451079427,1,9,0,16,19,2,6,0,0,1,0,0,0,0,1,1,1,1,2,59,9,1798,1,12,FORD C-MAX,7,E01031471,0,-1
2021421044611,2021,421044611,2,9,0,2,2,1,1,0,0,1,0,0,0,0,2,1,5,6,2,29,6,1596,1,13,FORD C-MAX,6,E01021536,0,-1
2021440024473,2021,440024473,1,9,0,18,19,2,6,0,0,8,0,0,0,0,3,1,6,6,1,55,8,1596,1,11,FORD C-MAX,5,E01022567,0,-1
2021010303098,2021,010303098,2,9,0,99,99,9,9,99,99,9,9,99,9,99,1,9,6,6,1,-1,-1,1499,2,5,FORD C-MAX,8,E01000985,0,-1
2021141044219,2021,141044219,1,9,0,17,19,5,2,0,0,0,5,0,2,10,1,1,6,6,1,35,6,1560,2,8,FORD C-MAX,7,E01007985,0,-1
202134NNC3571,2021,34NNC3571,1,9,0,9,9,7,4,0,0,8,0,0,0,0,1,1,6,6,2,75,10,1499,2,5,FORD C-MAX,6,E01027057,0,-1
2021101012507,2021,101012507,2,9,0,7,7,7,3,0,0,0,0,0,0,0,1,1,6,6,1,31,6,1560,2,10,FORD C-MAX,4,E01008209,0,-1
2021070600396,2021,070600396,1,9,0,14,14,1,5,0,0,0,0,0,0,0,1,1,2,2,1,40,7,1596,1,11,FORD C-MAX,-1,-1,0,-1
2021010352271,2021,010352271,2,9,0,18,19,3,7,0,0,1,0,0,0,0,1,1,6,6,2,66,10,1596,1,9,FORD C-MAX,4,E01002663,0,-1
2021010318236,2021,010318236,2,9,0,99,99,9,9,99,99,9,9,99,9,99,9,9,6,6,3,-1,-1,1596,1,6,FORD C-MAX,-1,-1,0,-1
2021471019108,2021,471019108,2,9,0,18,19,8,4,0,0,8,0,0,0,0,4,1,5,6,1,72,10,1596,1,5,FORD C-MAX,8,E01021082,0,-1
2021361095213,2021,361095213,2,9,0,2,2,0,0,0,0,0,0,0,0,0,1,1,6,6,3,-1,-1,1560,2,10,FORD C-MAX,-1,-1,0,-1
2021201034112,2021,201034112,1,9,0,10,10,1,6,0,0,1,0,0,0,0,0,1,6,6,2,49,8,1596,1,6,FORD C-MAX,6,E01009206,0,-1
202163D035221,2021,63D035221,2,9,0,14,14,4,8,0,0,5,1,0,7,10,4,1,6,6,1,66,10,1798,1,14,FORD C-MAX,2,W01001067,0,-1
202134NNC5091,2021,34NNC5091,2,9,0,8,8,1,5,0,0,1,0,0,0,0,2,1,6,6,2,29,6,1499,2,6,FORD C-MAX,1,E01027013,0,-1
2021440435242,2021,440435242,1,9,0,18,19,1,5,0,0,2,0,0,0,0,1,1,6,6,2,72,10,1753,2,13,FORD C-MAX,10,E01017063,0,-1
202134NNC7221,2021,34NNC7221,2,9,0,18,19,7,3,0,0,4,0,0,0,0,2,1,6,6,2,37,7,1560,2,7,FORD C-MAX,-1,-1,0,-1
2021010341889,2021,010341889,1,9,0,4,4,7,3,0,0,1,0,0,0,0,2,1,2,2,2,47,8,999,1,5,FORD C-MAX,-1,-1,0,-1
2021041043550,2021,041043550,1,9,0,18,19,5,1,0,0,0,0,0,0,0,1,1,5,6,2,33,6,1560,2,7,FORD C-MAX,1,E01012641,0,-1
2021371061550,2021,371061550,1,9,0,18,19,5,3,0,0,8,0,0,0,0,1,1,3,7,2,42,7,1560,2,13,FORD C-MAX,6,E01030221,0,-1
2021231130270,2021,231130270,1,9,0,18,19,1,5,0,0,0,0,0,0,0,1,1,2,2,1,52,8,1560,2,9,FORD C-MAX,7,E01025864,0,-1
2021010309921,2021,010309921,1,9,0,7,7,6,1,0,0,1,0,0,0,0,4,1,6,6,1,33,6,1596,1,14,FORD C-MAX,5,E01000321,0,-1
2021070410955,2021,070410955,2,9,0,18,19,3,7,0,0,8,0,0,7,0,4,1,6,6,2,52,8,999,1,3,FORD C-MAX,2,E01005274,0,-1
2021161084726,2021,161084726,2,9,0,18,19,1,5,0,0,4,0,0,0,0,1,1,5,6,2,49,8,1753,2,13,FORD C-MAX,1,E01013218,0,-1
2021531088889,2021,531088889,1,9,0,5,5,3,5,0,0,6,0,0,0,0,1,1,2,2,1,58,9,999,1,5,FORD C-MAX,8,E01032712,0,-1
2021122100284,2021,122100284,1,9,0,4,4,7,3,0,0,1,0,0,0,0,1,1,6,6,1,30,6,999,1,5,FORD C-MAX,10,E01013337,0,-1
2021547082521,2021,547082521,2,9,0,4,4,1,7,0,0,1,0,0,0,0,2,1,2,2,1,41,7,1997,2,10,FORD C-MAX,9,E01031880,0,-1
2021451088550,2021,451088550,4,9,0,2,2,0,0,0,0,0,0,0,0,0,2,1,6,6,3,-1,-1,1596,1,10,FORD C-MAX,-1,-1,0,-1
2021131114424,2021,131114424,1,9,0,1,1,1,5,0,0,8,0,0,0,0,2,1,5,6,1,27,6,1798,1,13,FORD C-MAX,3,E01011125,0,-1
2021991038146,2021,991038146,3,9,0,18,19,4,8,0,0,0,0,0,0,0,2,1,5,6,1,73,10,1560,2,7,FORD C-MAX,4,-1,0,-1
2021010301931,2021,010301931,2,9,9,99,99,9,9,99,99,0,9,99,9,99,9,9,6,6,3,-1,-1,1798,1,13,FORD C-MAX,-1,-1,0,-1
2021501085625,2021,501085625,1,9,0,6,6,4,4,0,0,6,0,0,0,0,2,1,5,6,1,44,7,1596,1,14,FORD C-MAX,7,E01019448,0,-1
2021351054786,2021,351054786,1,9,0,18,19,7,3,0,0,4,0,0,0,0,1,1,5,6,1,76,11,1596,1,8,FORD C-MAX,10,E01017995,0,-1
202134WNC2381,2021,34WNC2381,2,9,0,3,3,7,3,0,0,1,0,0,0,0,2,1,6,6,2,52,8,1596,1,9,FORD C-MAX,9,E01027286,0,-1
2021421068703,2021,421068703,3,9,0,18,19,5,1,0,0,0,0,0,0,0,1,1,3,7,2,33,6,1999,1,12,FORD C-MAX,10,E01021600,0,-1
2021231065190,2021,231065190,1,9,0,18,19,3,7,0,0,1,0,0,0,0,2,1,6,6,2,38,7,1560,2,10,FORD C-MAX,5,E01031093,0,-1
2021041040982,2021,041040982,1,9,0,4,4,3,7,0,0,0,0,0,0,0,1,1,6,6,1,33,6,1753,2,11,FORD C-MAX,2,E01024941,0,-1
2021421054821,2021,421054821,2,9,0,3,3,6,2,0,0,0,0,0,0,0,2,1,6,6,2,32,6,1997,2,5,FORD C-MAX,-1,-1,0,-1
2021520200718,2021,520200718,1,9,0,18,19,2,6,0,0,4,0,0,0,0,1,1,6,6,1,57,9,1499,2,4,FORD C-MAX,3,E01020073,0,-1
2021471048470,2021,471048470,2,9,0,9,9,2,8,0,0,8,0,0,0,0,3,1,5,6,1,32,6,1997,2,14,FORD C-MAX,6,E01021118,0,-1
2021421020033,2021,421020033,2,9,0,18,19,5,1,0,0,1,1,0,0,0,1,1,5,6,2,28,6,1997,2,10,FORD C-MAX,4,E01021360,0,-1
2021052102227,2021,052102227,1,9,0,9,9,7,5,0,0,4,0,0,0,0,1,1,6,6,2,57,9,1596,1,8,FORD C-MAX,3,E01007047,0,-1
2021170S11131,2021,170S11131,1,9,0,18,19,1,6,0,0,8,0,0,0,0,4,1,1,1,1,31,6,1499,2,4,FORD C-MAX,7,E01012152,0,-1
202131C053421,2021,31C053421,3,9,0,2,2,0,0,0,0,2,0,0,0,0,3,1,1,1,1,50,8,1498,1,2,FORD C-MAX,5,E01013931,0,-1
2021501049243,2021,501049243,1,9,0,5,5,1,5,0,0,4,0,0,0,0,1,1,5,6,1,71,10,1999,1,12,FORD C-MAX,5,E01033291,0,-1
2021320414469,2021,320414469,1,9,0,18,19,7,3,0,0,0,0,0,0,0,1,1,6,6,2,71,10,1997,2,8,FORD C-MAX,8,E01026365,0,-1
2021531061446,2021,531061446,1,9,0,18,19,1,5,0,0,0,0,0,0,0,1,1,6,6,1,77,11,998,1,9,FORD C-MAX,7,E01022407,0,-1
2021991099094,2021,991099094,2,9,0,18,19,8,4,0,0,4,0,0,0,0,1,1,5,6,2,86,11,999,1,3,FORD C-MAX,5,-1,0,-1
2021041073454,2021,041073454,1,9,0,9,9,1,3,0,0,1,0,0,0,0,1,1,5,6,1,41,7,1596,1,13,FORD C-MAX,3,E01025399,0,-1
2021461046910,2021,461046910,2,9,0,3,3,4,8,0,0,1,0,0,0,0,2,1,5,6,1,75,10,1596,1,11,FORD C-MAX,7,E01024447,0,-1
2021201149167,2021,201149167,1,9,0,9,9,1,7,0,0,6,0,0,0,0,3,1,6,6,2,42,7,1596,1,9,FORD C-MAX,1,E01009978,0,-1
2021531093303,2021,531093303,2,9,0,18,19,3,7,0,0,0,0,0,0,0,3,1,5,6,1,57,9,1560,2,10,FORD C-MAX,4,E01018965,0,-1
2021440280167,2021,440280167,2,9,0,18,19,2,6,0,0,4,0,0,0,0,3,1,6,6,2,40,7,999,1,2,FORD C-MAX,3,E01017357,0,-1
2021010340674,2021,010340674,2,9,0,18,19,3,7,0,0,0,0,0,0,0,1,1,6,6,1,46,8,1596,1,11,FORD C-MAX,5,E01003642,0,-1
2021440463558,2021,440463558,2,9,0,3,3,8,4,0,0,0,0,0,0,0,2,1,2,2,2,33,6,1753,2,11,FORD C-MAX,4,E01023192,0,-1
2021430062579,2021,430062579,1,9,0,18,19,2,6,0,0,0,0,0,0,0,1,1,6,6,1,28,6,1560,2,7,FORD C-MAX,8,E01016610,0,-1
2021010308846,2021,010308846,1,8,0,3,3,7,3,0,0,8,0,0,0,0,4,1,6,6,1,64,9,1596,1,10,FORD C-MAX,1,E01004222,0,-1
2021010347649,2021,010347649,2,9,0,99,99,9,9,99,99,9,9,99,9,99,1,9,6,6,2,53,8,1997,2,5,FORD C-MAX,2,E01003181,0,-1
2021421073320,2021,421073320,2,9,0,18,19,7,3,0,0,8,0,0,0,0,4,1,5,6,1,76,11,1997,2,7,FORD C-MAX,6,E01002353,0,-1
2021361051478,2021,361051478,1,9,0,1,1,5,1,0,0,0,0,0,0,0,2,1,5,6,2,42,7,1997,2,11,FORD C-MAX,7,E01026880,0,-1
2021451046192,2021,451046192,1,9,0,1,1,3,7,0,0,1,0,0,0,0,2,1,3,7,1,43,7,1560,2,10,FORD C-MAX,10,E01030299,0,-1
2021991121637,2021,991121637,1,9,0,8,8,7,2,0,0,6,0,0,0,0,1,1,6,6,1,42,7,1499,2,6,FORD C-MAX,7,-1,0,-1
2021421075637,2021,421075637,2,9,0,18,19,7,2,0,0,0,0,0,0,0,1,1,6,6,2,22,5,1997,2,7,FORD C-MAX,1,E01002091,0,-1
2021070616156,2021,070616156,1,9,0,8,8,3,1,0,0,1,0,4,0,0,1,1,6,6,1,27,6,1560,2,9,FORD C-MAX,8,W01000084,0,-1
2021010298831,2021,010298831,3,9,0,99,99,9,9,0,0,9,9,99,9,99,2,9,6,6,3,-1,-1,1997,2,10,FORD C-MAX,6,E01023305,0,-1
2021531079129,2021,531079129,1,9,0,5,5,5,1,0,0,0,0,4,0,0,4,1,5,6,1,78,11,1997,2,6,FORD C-MAX,1,E01032932,0,-1
2021430270060,2021,430270060,3,9,0,2,2,0,0,0,0,0,0,0,0,0,3,1,6,6,1,34,6,1596,1,9,FORD C-MAX,3,E01016714,0,-1
2021371057946,2021,371057946,1,9,0,18,19,6,2,0,0,1,0,0,0,0,1,1,5,6,1,86,11,1499,2,5,FORD C-MAX,9,E01029967,0,-1
2021320413203,2021,320413203,1,9,0,18,19,2,6,0,0,0,0,0,2,0,1,1,6,6,2,46,8,999,1,4,FORD C-MAX,-1,-1,0,-1
2021131038582,2021,131038582,2,9,0,4,4,2,6,0,0,1,0,0,0,0,1,1,5,6,2,42,7,1560,2,10,FORD C-MAX,1,E01011663,0,-1