collision_index,collision_year,collision_ref_no,vehicle_reference,vehicle_type,towing_and_articulation,vehicle_manoeuvre_historic,vehicle_manoeuvre,vehicle_direction_from,vehicle_direction_to,vehicle_location_restricted_lane_historic,vehicle_location_restricted_lane,junction_location,skidding_and_overturning,hit_object_in_carriageway,vehicle_leaving_carriageway,hit_object_off_carriageway,first_point_of_impact,vehicle_left_hand_drive,journey_purpose_of_driver_historic,journey_purpose_of_driver,sex_of_driver,age_of_driver,age_band_of_driver,engine_capacity_cc,propulsion_code,age_of_vehicle,generic_make_model,driver_imd_decile,lsoa_of_driver,escooter_flag,driver_distance_banding
2021471093226,2021,471093226,1,9,0,7,7,3,5,0,0,8,0,0,0,0,1,1,6,6,1,34,6,1499,2,5,FORD C-MAX,7,E01020938,0,-1
2021451065004,2021,451065004,1,9,0,18,19,1,7,0,0,3,0,0,0,0,3,1,5,6,1,42,7,1596,1,6,FORD C-MAX,-1,-1,0,-1
2021052102535,2021,052102535,2,9,0,18,19,1,5,0,0,8,0,0,0,0,3,1,6,6,2,42,7,1596,1,11,FORD C-MAX,2,E01006492,0,-1
2021421026531,2021,421026531,2,9,0,-1,-1,-1,-1,-1,-1,-1,-1,-1,-1,0,2,1,5,6,1,31,6,1596,1,10,FORD C-MAX,4,E01002267,0,-1
2021131046561,2021,131046561,1,9,0,9,9,8,4,0,0,6,0,0,0,0,1,1,5,6,2,67,10,1560,2,8,FORD C-MAX,2,E01011249,0,-1
2021351115286,2021,351115286,1,9,0,18,19,-1,-1,0,0,0,0,0,0,0,-1,1,5,6,2,40,7,1499,2,6,FORD C-MAX,9,E01018211,0,-1
2021052102745,2021,052102745,2,9,0,18,19,4,8,0,0,1,0,0,0,0,1,1,2,2,1,37,7,1753,2,14,FORD C-MAX,1,E01006775,0,-1
2021211046691,2021,211046691,1,9,0,4,4,2,6,0,0,0,0,0,0,0,1,1,6,6,2,28,6,1997,2,13,FORD C-MAX,5,E01010250,0,-1
2021461051731,2021,461051731,1,9,0,18,19,7,3,9,9,0,1,10,0,0,1,1,5,6,1,53,8,1596,1,11,FORD C-MAX,4,E01024622,0,-1
2021552101325,2021,552101325,1,9,0,18,19,2,1,0,0,6,0,0,0,0,1,1,6,6,2,42,7,1560,2,10,FORD C-MAX,10,E01020386,0,-1
2021201110167,2021,201110167,1,9,0,18,19,3,7,0,0,0,0,0,0,0,1,1,6,6,1,40,7,1499,2,5,FORD C-MAX,6,E01009717,0,-1
20211383P1438,2021,1383P1438,2,9,0,2,2,0,0,0,0,0,0,0,0,0,2,1,6,6,1,-1,-1,1596,1,13,FORD C-MAX,4,E01011037,0,-1
2021471037861,2021,471037861,2,9,0,9,9,8,6,0,0,5,0,0,0,0,2,1,6,6,2,30,6,1596,1,7,FORD C-MAX,6,E01031688,0,-1
2021231061817,2021,231061817,2,9,0,2,2,0,0,0,0,0,0,0,0,0,2,1,5,6,1,44,7,1560,2,13,FORD C-MAX,6,E01031049,0,-1
2021131083684,2021,131083684,1,9,0,18,19,1,5,0,0,0,0,4,0,0,1,1,5,6,1,21,5,1753,2,12,FORD C-MAX,1,E01011473,0,-1
2021361083861,2021,361083861,1,9,0,9,9,1,5,0,0,8,0,0,0,0,3,1,5,6,1,40,7,1596,1,13,FORD C-MAX,8,E01026839,0,-1
2021421125339,2021,421125339,2,9,0,2,2,0,0,0,0,0,0,0,0,0,3,1,6,6,3,-1,-1,1798,1,12,FORD C-MAX,-1,-1,0,-1
2021461073059,2021,461073059,1,9,0,18,19,1,5,0,0,0,0,0,0,0,1,1,6,6,2,-1,-1,1596,1,12,FORD C-MAX,5,E01024223,0,-1
2021421059815,2021,421059815,2,9,0,4,4,1,5,0,0,0,0,0,0,0,2,1,6,6,1,61,9,1999,1,13,FORD C-MAX,3,E01021649,0,-1
2021421122424,2021,421122424,1,9,0,4,4,2,6,0,0,0,1,0,0,0,1,1,5,6,1,69,10,1499,2,5,FORD C-MAX,7,E01003763,0,-1
2021031039958,2021,031039958,1,9,0,18,19,3,7,0,0,0,0,0,0,0,1,1,5,6,2,73,10,1499,2,4,FORD C-MAX,6,E01019131,0,-1
2021131076567,2021,131076567,2,9,0,9,9,3,7,0,0,5,1,0,0,0,3,1,5,6,2,50,8,1798,1,13,FORD C-MAX,1,E01011362,0,-1
2021010345310,2021,010345310,1,9,0,18,19,5,1,0,0,1,0,0,0,0,1,1,2,2,1,41,7,1560,2,7,FORD C-MAX,6,E01004107,0,-1
2021141037868,2021,141037868,1,9,0,18,19,3,7,0,0,1,0,0,0,0,1,1,5,6,1,24,5,1560,2,13,FORD C-MAX,1,E01007736,0,-1
2021141018846,2021,141018846,3,9,0,2,2,0,0,0,0,0,0,0,0,0,4,1,6,6,3,-1,-1,1560,2,8,FORD C-MAX,-1,-1,0,-1
202131B182721,2021,31B182721,1,9,0,7,7,8,2,0,0,6,0,0,0,0,3,1,6,6,1,70,10,1499,2,5,FORD C-MAX,6,E01028220,0,-1
2021201026755,2021,201026755,3,9,0,18,19,5,1,0,0,0,0,0,0,0,3,1,6,6,3,-1,-1,1798,1,11,FORD C-MAX,-1,-1,0,-1
2021010347971,2021,010347971,1,9,0,9,9,3,1,0,0,8,0,0,0,0,1,1,6,6,1,43,7,1997,2,13,FORD C-MAX,5,E01003413,0,-1
2021421018144,2021,421018144,1,9,0,18,19,7,3,0,0,0,0,0,0,0,1,1,6,6,1,73,10,1997,2,9,FORD C-MAX,6,E01021595,0,-1
2021302100998,2021,302100998,2,9,0,17,19,6,1,0,0,0,0,0,0,0,1,1,6,6,2,61,9,999,1,4,FORD C-MAX,6,E01019619,0,-1
2021010299188,2021,010299188,1,9,0,18,19,3,7,0,0,0,0,0,0,0,1,1,3,7,1,52,8,1596,1,6,FORD C-MAX,8,E01004707,0,-1
2021471056153,2021,471056153,2,9,0,9,9,6,4,0,0,5,0,0,0,0,2,1,2,2,2,50,8,1560,2,12,FORD C-MAX,9,E01031662,0,-1
2021430384012,2021,430384012,2,9,0,18,19,7,3,0,0,1,0,0,0,0,2,1,6,6,2,55,8,1798,1,13,FORD C-MAX,10,E01028791,0,-1
2021122101425,2021,122101425,2,9,0,18,19,3,7,0,0,8,0,0,1,0,1,1,6,6,2,24,5,1560,2,9,FORD C-MAX,8,E01033088,0,-1
2021411039970,2021,411039970,1,9,0,4,4,1,5,0,0,4,0,0,0,0,2,1,6,6,2,28,6,1560,2,8,FORD C-MAX,4,E01023957,0,-1
2021201063562,2021,201063562,3,9,0,2,2,0,0,0,0,2,0,0,0,0,2,1,6,6,2,77,11,999,1,3,FORD C-MAX,5,E01010256,0,-1
2021421055271,2021,421055271,1,9,0,11,11,7,3,0,0,0,5,0,0,0,1,1,5,6,1,73,10,999,1,3,FORD C-MAX,7,E01015946,0,-1
202163C088221,2021,63C088221,1,9,0,18,19,8,4,0,0,0,0,0,0,0,1,1,3,7,2,54,8,998,1,6,FORD C-MAX,7,W01000573,0,-1
2021010351752,2021,010351752,1,9,0,5,5,7,3,0,0,8,0,0,0,0,4,1,6,6,1,22,5,1798,1,14,FORD C-MAX,3,E01004656,0,-1
2021231051716,2021,231051716,1,9,0,18,19,1,5,0,0,0,0,0,0,0,4,1,5,6,1,81,11,1596,1,14,FORD C-MAX,7,E01031167,0,-1
2021371068466,2021,371068466,1,9,0,9,9,8,6,0,0,8,0,0,0,0,3,1,5,6,2,78,11,1560,2,6,FORD C-MAX,8,E01029878,0,-1
2021010321012,2021,010321012,1,9,0,99,99,9,9,99,99,9,9,99,9,99,2,9,1,1,1,60,9,1596,1,11,FORD C-MAX,8,E01002210,0,-1
2021141034398,2021,141034398,2,9,0,2,2,3,7,0,0,0,0,0,0,0,2,1,6,6,3,-1,-1,1560,2,9,FORD C-MAX,-1,-1,0,-1
2021471045341,2021,471045341,2,9,0,4,4,5,1,0,0,0,0,0,0,0,2,1,5,6,1,75,10,1596,1,11,FORD C-MAX,6,E01031801,0,-1
2021010316463,2021,010316463,1,9,9,99,99,9,9,99,99,5,9,99,9,99,9,9,6,6,2,59,9,1999,1,13,FORD C-MAX,3,E01004317,0,-1
2021430492670,2021,430492670,2,9,0,18,19,4,8,0,0,8,0,0,0,0,3,1,2,2,1,31,6,1753,2,12,FORD C-MAX,1,E01016372,0,-1
2021138451410,2021,138451410,2,9,0,17,19,3,7,0,0,0,0,0,2,11,3,1,2,2,1,64,9,1997,2,13,FORD C-MAX,6,E01010594,0,-1
2021231079793,2021,231079793,3,9,0,2,2,0,0,0,0,0,0,0,0,0,2,1,5,6,2,67,10,998,1,7,FORD C-MAX,6,E01031221,0,-1
2021231100738,2021,231100738,2,9,0,12,12,7,3,0,0,0,0,0,0,0,3,1,5,6,1,84,11,1798,1,12,FORD C-MAX,3,E01009636,0,-1
2021320242994,2021,320242994,2,9,0,3,3,8,4,0,0,1,0,0,0,0,2,1,6,6,1,67,10,1498,1,2,FORD C-MAX,7,E01026275,0,-1
2021522200106,2021,522200106,2,9,0,18,19,1,5,0,0,0,0,0,0,0,1,1,6,6,2,53,8,1560,2,10,FORD C-MAX,10,E01033334,0,-1
2021061053997,2021,061053997,1,9,0,18,19,5,1,0,0,1,0,0,0,0,1,1,6,6,1,52,8,1997,2,13,FORD C-MAX,-1,-1,0,-1
2021052102602,2021,052102602,2,9,0,18,19,3,7,0,0,1,0,0,0,0,1,1,6,6,1,61,9,1596,1,13,FORD C-MAX,4,E01007046,0,-1
2021552100360,2021,552100360,2,9,0,18,19,2,6,0,0,8,0,0,0,0,1,1,6,6,2,34,6,1997,2,10,FORD C-MAX,2,E01020575,0,-1
2021430151813,2021,430151813,1,9,0,5,5,5,7,0,0,4,0,0,0,0,1,1,6,6,1,77,11,1499,2,5,FORD C-MAX,8,E01028807,0,-1
2021010308270,2021,010308270,1,9,0,18,19,3,7,0,0,8,0,0,0,0,3,1,6,6,2,40,7,1798,1,13,FORD C-MAX,9,E01002469,0,-1
2021010339757,2021,010339757,1,9,0,99,99,9,9,99,99,9,9,99,9,99,9,9,6,6,3,34,6,1798,1,13,FORD C-MAX,7,E01003839,0,-1
2021010298510,2021,010298510,2,9,0,99,99,9,9,99,99,9,9,99,9,99,1,9,6,6,3,46,8,1596,1,6,FORD C-MAX,5,E01001350,0,-1
2021430479510,2021,430479510,2,9,0,18,19,8,4,0,0,8,0,0,0,0,3,1,6,6,2,46,8,999,1,5,FORD C-MAX,8,E01033519,0,-1
2021010303482,2021,010303482,1,9,0,9,9,3,1,0,0,1,0,0,0,0,1,1,6,6,1,44,7,999,1,4,FORD C-MAX,4,E01002681,0,-1
2021041047891,2021,041047891,1,9,0,18,19,5,1,0,0,0,0,0,0,0,1,1,5,6,1,42,7,1596,1,9,FORD C-MAX,3,E01012741,0,-1
2021991089760,2021,991089760,1,9,0,9,9,3,1,0,0,5,0,0,0,0,4,1,5,6,1,19,4,1596,1,8,FORD C-MAX,9,-1,0,-1
2021461112618,2021,461112618,1,9,0,3,3,5,1,0,0,0,0,0,0,0,1,1,6,6,1,34,6,1596,1,10,FORD C-MAX,8,E01032818,0,-1
2021421093662,2021,421093662,1,9,0,18,19,1,5,0,0,4,0,0,0,0,1,1,6,6,1,74,10,999,1,3,FORD C-MAX,2,E01015861,0,-1
2021411058945,2021,411058945,2,9,0,9,9,3,7,0,0,0,0,0,0,0,0,1,1,1,2,42,7,1560,2,6,FORD C-MAX,4,E01021822,0,-1
202134NNC1501,2021,34NNC1501,1,9,0,9,9,5,1,0,0,8,0,0,0,0,4,1,6,6,2,38,7,1596,1,10,FORD C-MAX,1,E01027318,0,-1
2021421024905,2021,421024905,4,9,0,3,3,5,1,0,0,8,0,0,0,0,2,1,5,6,2,63,9,999,1,5,FORD C-MAX,5,E01021762,0,-1
2021070663823,2021,070663823,3,9,0,18,19,8,4,0,0,2,0,0,0,0,1,1,6,6,2,30,6,999,1,5,FORD C-MAX,2,E01029765,0,-1
2021052100297,2021,052100297,4,9,0,2,2,0,0,0,0,0,0,0,0,0,2,1,6,6,2,42,7,1997,2,10,FORD C-MAX,1,E01018519,0,-1
2021031126004,2021,031126004,1,9,0,18,19,2,6,0,0,0,0,0,0,0,1,1,6,6,1,76,11,1798,1,13,FORD C-MAX,8,E01006363,0,-1
2021201133944,2021,201133944,3,9,0,18,19,4,8,0,0,1,0,10,0,0,1,1,6,6,1,-1,-1,1596,1,10,FORD C-MAX,-1,-1,0,-1
2021421064836,2021,421064836,2,9,0,15,15,7,3,0,0,0,0,0,0,0,4,1,5,6,2,35,6,1596,1,9,FORD C-MAX,8,E01021395,0,-1
2021552101052,2021,552101052,2,9,0,18,19,5,1,0,0,8,1,0,0,0,4,1,3,7,2,35,6,1560,2,9,FORD C-MAX,7,E01015330,0,-1
2021070341515,2021,070341515,1,9,0,18,19,7,3,0,0,1,0,0,0,0,1,1,6,6,1,66,10,1999,1,12,FORD C-MAX,4,E01018511,0,-1
2021430066760,2021,430066760,1,9,0,18,19,2,6,0,0,8,0,0,0,0,3,1,2,2,2,30,6,1560,2,9,FORD C-MAX,10,E01016267,0,-1
2021041038631,2021,041038631,2,9,0,18,19,5,5,0,0,1,0,0,0,0,3,1,2,2,1,33,6,1596,1,13,FORD C-MAX,7,E01025339,0,-1
2021351114033,2021,351114033,1,9,0,7,7,4,7,0,0,6,0,0,0,0,1,1,5,6,2,30,6,1999,1,13,FORD C-MAX,7,E01017963,0,-1
2021501106377,2021,501106377,2,9,0,9,9,5,6,0,0,8,0,0,0,0,3,1,6,6,1,33,6,1560,2,10,FORD C-MAX,8,E01015108,0,-1
2021010308773,2021,010308773,1,9,0,18,19,1,5,9,9,0,1,0,1,2,1,1,6,6,1,31,6,1560,2,10,FORD C-MAX,10,E01024467,0,-1
2021421106765,2021,421106765,4,9,0,3,3,2,6,0,0,0,0,0,0,0,2,1,6,6,1,71,10,998,1,8,FORD C-MAX,5,E01030165,0,-1
2021421106828,2021,421106828,2,9,0,18,19,1,5,0,0,1,0,0,0,0,1,1,6,6,1,31,6,1997,2,10,FORD C-MAX,4,E01015953,0,-1
2021622100198,2021,622100198,1,9,0,9,9,4,2,0,0,8,0,0,0,0,1,1,6,6,1,21,5,1997,2,13,FORD C-MAX,1,W01000930,0,-1
2021371142629,2021,371142629,1,9,0,1,1,1,6,0,0,0,0,0,0,0,2,1,5,6,1,58,9,1560,2,10,FORD C-MAX,9,E01030183,0,-1
2021061068368,2021,061068368,3,9,0,2,2,0,0,0,0,8,0,0,0,0,3,1,6,6,1,72,10,1596,1,13,FORD C-MAX,8,E01005571,0,-1
2021031045902,2021,031045902,1,9,0,3,3,3,7,0,0,0,0,0,0,0,1,1,5,6,2,76,11,1798,1,13,FORD C-MAX,8,E01006363,0,-1
2021161050461,2021,161050461,1,9,0,18,19,8,4,0,0,2,0,0,0,0,3,1,5,6,2,69,10,1596,1,8,FORD C-MAX,4,E01011909,0,-1
2021351057811,2021,351057811,2,9,0,16,19,7,2,0,0,0,1,0,0,0,3,1,1,1,2,37,7,1999,1,13,FORD C-MAX,6,E01018142,0,-1
2021070674941,2021,070674941,2,9,0,9,9,1,6,0,0,8,0,0,0,0,3,1,2,2,1,40,7,1560,2,11,FORD C-MAX,1,E01018351,0,-1
2021052102712,2021,052102712,2,9,0,5,5,5,1,0,0,8,0,0,0,0,1,1,6,6,1,33,6,1560,2,10,FORD C-MAX,1,E01007155,0,-1
202154A675721,2021,54A675721,1,9,0,9,9,8,5,0,0,6,0,0,0,0,1,1,3,7,2,70,10,1999,1,14,FORD C-MAX,7,E01031850,0,-1
2021531068681,2021,531068681,2,9,0,18,19,5,1,0,0,0,0,0,0,0,3,1,5,6,1,61,9,1596,1,9,FORD C-MAX,4,E01030169,0,-1
2021421067002,2021,421067002,3,9,0,4,4,5,1,0,0,0,0,0,0,0,2,1,5,6,1,74,10,999,1,3,FORD C-MAX,7,E01021408,0,-1
2021531087906,2021,531087906,1,9,0,18,19,7,3,0,0,8,0,0,0,0,3,1,5,6,2,72,10,1560,2,9,FORD C-MAX,9,E01022381,0,-1
2021461052155,2021,461052155,1,9,0,18,19,3,7,0,0,1,0,0,0,0,1,1,6,6,1,71,10,1596,1,13,FORD C-MAX,3,E01024524,0,-1
2021421120086,2021,421120086,1,9,0,15,15,1,6,0,0,1,0,0,0,0,4,1,5,6,1,40,7,1997,2,12,FORD C-MAX,9,E01021532,0,-1
2021052102680,2021,052102680,1,9,0,17,19,7,3,0,0,5,0,0,0,0,4,1,6,6,1,35,6,1560,2,8,FORD C-MAX,1,E01006552,0,-1
202163B054021,2021,63B054021,1,9,0,18,19,4,8,0,0,1,1,0,0,0,1,1,6,6,1,86,11,1798,1,13,FORD C-MAX,4,W01000516,0,-1
2021430139315,2021,430139315,1,9,0,3,3,4,8,0,0,1,0,0,0,0,1,1,1,1,2,31,6,1798,1,13,FORD C-MAX,5,E01016242,0,-1
2021131119480,2021,131119480,2,9,0,18,19,7,3,0,0,0,0,11,0,0,3,1,5,6,2,54,8,1499,2,4,FORD C-MAX,8,E01011796,0,-1
2021010300013,2021,010300013,2,9,0,18,19,7,3,0,0,1,0,0,0,0,1,1,6,6,1,60,9,1596,1,12,FORD C-MAX,7,E01023113,0,-1
2021461022107,2021,461022107,2,9,0,4,4,1,5,0,0,0,0,0,0,0,2,1,2,2,2,48,8,1798,1,14,FORD C-MAX,8,E01024057,0,-1
2021411119555,2021,411119555,1,9,0,18,19,1,5,0,0,1,0,0,0,0,1,1,6,6,2,-1,-1,1560,2,8,FORD C-MAX,5,E01023705,0,-1
2021010333781,2021,010333781,4,9,0,2,2,0,0,0,0,1,0,0,0,0,2,1,6,6,3,-1,-1,1798,1,14,FORD C-MAX,-1,-1,0,-1
2021010334690,2021,010334690,1,9,0,99,99,9,9,99,99,9,9,99,9,99,3,9,6,6,2,37,7,1499,2,5,FORD C-MAX,2,E01000045,0,-1
2021552100234,2021,552100234,2,9,0,3,3,7,3,0,0,1,0,0,0,0,2,1,6,6,2,40,7,1596,1,13,FORD C-MAX,1,E01015313,0,-1
2021052102409,2021,052102409,2,9,0,2,2,0,0,0,0,0,0,0,0,0,1,1,1,1,2,53,8,999,1,2,FORD C-MAX,6,E01007065,0,-1
2021010302295,2021,010302295,1,9,0,99,99,9,9,99,99,9,9,99,9,99,9,9,6,6,1,69,10,999,1,4,FORD C-MAX,2,E01002227,0,-1
2021211109645,2021,211109645,1,9,0,3,3,2,6,0,0,4,0,0,0,0,2,1,5,6,2,46,8,1499,2,5,FORD C-MAX,-1,-1,0,-1
2021052100970,2021,052100970,2,9,0,3,3,6,2,0,0,8,0,0,0,0,0,1,1,1,1,37,7,1560,2,6,FORD C-MAX,4,E01006617,0,-1
2021471029353,2021,471029353,2,9,0,18,19,5,1,0,0,1,0,0,0,0,2,1,6,6,2,44,7,1997,2,6,FORD C-MAX,7,E01020964,0,-1
2021320371066,2021,320371066,2,9,0,9,9,4,2,0,0,0,0,0,0,0,2,1,6,6,2,47,8,1560,2,9,FORD C-MAX,7,E01026106,0,-1
2021501107389,2021,501107389,2,9,0,9,9,1,5,0,0,7,2,0,0,0,3,1,5,6,1,38,7,1560,2,9,FORD C-MAX,5,E01020046,0,-1
2021471048166,2021,471048166,3,9,0,2,2,0,0,0,0,1,0,0,0,0,2,2,6,6,3,-1,-1,1596,1,5,FORD C-MAX,-1,-1,0,-1
2021430021558,2021,430021558,3,9,0,18,19,3,7,0,0,0,0,0,0,0,4,1,6,6,1,41,7,1753,2,13,FORD C-MAX,9,E01028650,0,-1
2021430171730,2021,430171730,2,9,0,18,19,5,1,0,0,0,0,0,0,0,1,1,6,6,2,35,6,1596,1,9,FORD C-MAX,9,E01022496,0,-1
2021430061368,2021,430061368,1,9,0,18,19,1,5,0,0,0,0,0,7,4,1,1,6,6,1,50,8,1560,2,8,FORD C-MAX,6,E01028498,0,-1
2021622100069,2021,622100069,1,9,0,18,19,8,1,0,0,4,0,0,0,0,3,1,6,6,1,48,8,1560,2,9,FORD C-MAX,1,W01000886,0,-1
2021421082122,2021,421082122,1,9,0,18,19,3,7,0,0,0,0,0,0,0,1,1,5,6,2,58,9,998,1,7,FORD C-MAX,4,E01015796,0,-1
2021320396362,2021,320396362,1,9,0,18,19,7,3,0,0,0,0,0,0,0,4,1,6,6,1,40,7,1753,2,13,FORD C-MAX,-1,-1,0,-1
2021052100557,2021,052100557,1,9,0,5,5,7,1,0,0,1,0,0,0,0,1,1,6,6,2,37,7,1560,2,6,FORD C-MAX,2,E01006415,0,-1
2021131120095,2021,131120095,1,9,0,18,19,5,1,0,0,0,0,0,0,0,1,1,5,6,1,30,6,1798,1,11,FORD C-MAX,8,E01010892,0,-1
2021010336327,2021,010336327,2,9,0,18,19,5,1,0,0,5,0,0,0,0,3,1,3,7,1,41,7,1560,2,7,FORD C-MAX,8,E01002163,0,-1
2021552100473,2021,552100473,2,9,0,18,19,2,6,0,0,8,0,0,0,0,4,1,2,2,1,40,7,1596,1,13,FORD C-MAX,3,E01015371,0,-1
2021471055727,2021,471055727,2,9,0,18,19,7,3,0,0,0,0,0,0,0,2,1,3,7,2,65,9,1798,1,13,FORD C-MAX,7,E01031471,0,-1
2021201139716,2021,201139716,1,9,0,18,19,-1,-1,0,0,0,0,0,0,0,1,1,6,6,3,-1,-1,1999,1,14,FORD C-MAX,-1,-1,0,-1
2021138421453,2021,138421453,1,9,0,18,19,5,1,0,0,1,0,0,0,0,1,1,6,6,3,-1,-1,1499,2,4,FORD C-MAX,-1,-1,0,-1
2021531081817,2021,531081817,3,9,0,2,2,1,5,6,6,1,0,0,0,0,3,1,5,6,2,23,5,1798,1,14,FORD C-MAX,4,E01022326,0,-1
202131B007321,2021,31B007321,2,9,0,3,3,1,5,0,0,4,0,0,0,0,2,1,6,6,1,29,6,1753,2,13,FORD C-MAX,8,E01028058,0,-1
202134WNC3331,2021,34WNC3331,1,9,0,18,19,1,5,0,0,4,0,0,0,0,1,1,6,6,2,45,7,1560,2,10,FORD C-MAX,8,E01027296,0,-1
2021070882193,2021,070882193,2,9,0,9,9,1,5,0,0,1,0,0,0,0,2,1,6,6,2,33,6,1560,2,7,FORD C-MAX,1,E01018311,0,-1
2021430576946,2021,430576946,1,9,0,16,19,4,7,0,0,0,0,0,0,0,1,1,1,1,1,60,9,1997,2,13,FORD C-MAX,6,E01017781,0,-1
2021430512327,2021,430512327,2,9,0,18,19,2,6,0,0,0,0,0,0,0,3,1,3,7,2,42,7,1753,2,14,FORD C-MAX,7,E01028776,0,-1
2021421091582,2021,421091582,2,9,0,5,5,5,1,0,0,0,0,0,0,0,4,1,3,7,2,31,6,1560,2,6,FORD C-MAX,1,E01016006,0,-1
2021041075266,2021,041075266,3,9,0,2,2,0,0,9,9,2,0,0,0,0,4,1,6,6,3,-1,-1,1596,1,11,FORD C-MAX,-1,-1,0,-1
2021070299281,2021,070299281,1,9,0,9,9,6,2,0,0,1,0,0,0,0,1,1,6,6,1,-1,-1,1596,1,10,FORD C-MAX,-1,-1,0,-1
2021371033959,2021,371033959,3,9,0,4,4,1,5,0,0,0,0,0,0,0,2,1,5,6,2,51,8,998,1,8,FORD C-MAX,9,E01030190,0,-1
2021451061813,2021,451061813,1,9,0,16,19,5,1,0,0,0,0,0,0,0,3,1,5,6,1,40,7,1499,2,5,FORD C-MAX,7,E01030729,0,-1
2021052102822,2021,052102822,2,9,0,5,5,1,5,0,0,1,0,0,0,0,1,1,6,6,2,64,9,1596,1,8,FORD C-MAX,4,E01007212,0,-1
2021411082311,2021,411082311,2,9,0,18,19,4,8,0,0,0,0,0,0,0,1,1,6,6,1,35,6,1499,2,6,FORD C-MAX,7,E01023398,0,-1
2021010348701,2021,010348701,2,9,9,99,99,9,9,99,99,9,9,99,9,99,9,9,6,6,3,-1,-1,1997,2,9,FORD C-MAX,-1,-1,0,-1
2021451061404,2021,451061404,2,9,0,18,19,4,8,0,0,1,0,0,0,0,1,1,2,2,2,59,9,1596,1,10,FORD C-MAX,9,E01030501,0,-1
2021481118857,2021,481118857,1,9,0,18,19,3,7,0,0,2,0,0,0,0,1,1,5,6,1,47,8,1596,1,14,FORD C-MAX,3,E01000092,0,-1
2021421130790,2021,421130790,1,9,0,18,19,7,5,0,0,0,5,0,0,0,3,1,6,6,2,67,10,1997,2,5,FORD C-MAX,8,E01015997,0,-1
2021131051861,2021,131051861,1,9,0,18,19,5,1,0,0,0,0,0,0,0,1,1,6,6,2,34,6,1560,2,9,FORD C-MAX,1,E01010626,0,-1
2021421031867,2021,421031867,2,9,0,18,19,1,5,0,0,1,0,0,0,0,4,1,5,6,1,33,6,1560,2,14,FORD C-MAX,9,E01021681,0,-1
2021111131442,2021,111131442,2,9,0,4,4,4,8,0,0,1,0,0,0,0,2,1,5,6,2,67,10,1596,1,12,FORD C-MAX,7,E01012324,0,-1
2021991035513,2021,991035513,3,9,0,2,2,0,0,0,0,0,0,0,0,0,1,1,6,6,3,-1,-1,999,1,3,FORD C-MAX,-1,-1,0,-1
2021421037665,2021,421037665,3,9,0,2,2,0,0,0,0,0,0,0,0,0,1,1,6,6,3,-1,-1,1596,1,4,FORD C-MAX,-1,-1,0,-1
2021010293930,2021,010293930,1,9,0,6,6,6,6,0,0,2,0,0,0,0,3,1,6,6,1,43,7,1596,1,9,FORD C-MAX,2,E01000930,0,-1
202131C094221,2021,31C094221,1,9,0,5,5,2,6,0,0,4,0,0,0,0,3,1,6,6,2,31,6,1997,2,6,FORD C-MAX,1,E01013879,0,-1
2021451054631,2021,451054631,1,9,0,18,19,3,7,0,0,0,0,0,0,0,1,1,5,6,1,45,7,1560,2,8,FORD C-MAX,10,E01030436,0,-1
2021131086681,2021,131086681,1,9,0,18,19,3,7,0,0,0,0,11,0,0,1,1,2,2,1,44,7,1499,2,3,FORD C-MAX,1,E01011101,0,-1
2021522201341,2021,522201341,1,9,0,18,19,1,5,0,0,8,0,0,0,0,1,1,6,6,2,45,7,1560,2,13,FORD C-MAX,7,E01014895,0,-1
2021061094045,2021,061094045,4,9,0,2,2,0,0,0,0,8,0,0,0,0,1,1,6,6,3,-1,-1,1997,2,7,FORD C-MAX,-1,-1,0,-1
2021371067597,2021,371067597,1,9,0,5,5,5,3,0,0,0,0,0,0,0,3,1,5,6,1,60,9,1596,1,13,FORD C-MAX,7,E01029995,0,-1
2021440291329,2021,440291329,1,9,0,18,19,3,7,0,0,0,0,0,0,0,1,1,6,6,1,57,9,1753,2,13,FORD C-MAX,9,E01031476,0,-1
2021501018311,2021,501018311,3,9,0,2,2,0,0,0,0,2,0,4,0,0,1,1,5,6,2,46,8,1560,2,7,FORD C-MAX,6,E01018852,0,-1
2021061098417,2021,061098417,1,9,0,9,9,2,8,0,0,8,0,0,0,0,3,1,6,6,2,30,6,1596,1,7,FORD C-MAX,-1,-1,0,-1
2021622100771,2021,622100771,2,9,0,4,4,2,6,0,0,0,0,0,0,0,1,1,6,6,1,61,9,1499,2,5,FORD C-MAX,3,W01001804,0,-1
2021061097437,2021,061097437,1,9,0,18,19,2,6,0,0,0,0,0,0,0,1,1,5,6,2,68,10,999,1,2,FORD C-MAX,2,E01005674,0,-1
2021131048059,2021,131048059,2,9,0,13,13,4,8,0,0,8,5,0,7,0,2,1,5,6,1,25,5,1997,2,9,FORD C-MAX,5,E01011928,0,-1
2021231082221,2021,231082221,1,9,0,6,6,8,8,0,0,1,0,0,0,0,1,1,5,6,2,42,7,1560,2,6,FORD C-MAX,8,E01025862,0,-1
2021010300321,2021,010300321,1,9,0,9,9,1,7,0,0,1,0,0,0,0,1,2,6,6,1,33,6,999,1,3,FORD C-MAX,2,E01002784,0,-1