collision_index,collision_year,collision_ref_no,vehicle_reference,vehicle_type,towing_and_articulation,vehicle_manoeuvre_historic,vehicle_manoeuvre,vehicle_direction_from,vehicle_direction_to,vehicle_location_restricted_lane_historic,vehicle_location_restricted_lane,junction_location,skidding_and_overturning,hit_object_in_carriageway,vehicle_leaving_carriageway,hit_object_off_carriageway,first_point_of_impact,vehicle_left_hand_drive,journey_purpose_of_driver_historic,journey_purpose_of_driver,sex_of_driver,age_of_driver,age_band_of_driver,engine_capacity_cc,propulsion_code,age_of_vehicle,generic_make_model,driver_imd_decile,lsoa_of_driver,escooter_flag,driver_distance_banding
2021141110002,2021,141110002,3,9,0,3,3,7,3,0,0,0,0,0,0,0,2,1,6,6,1,61,9,1997,2,10,FORD C-MAX,1,E01007768,0,-1
2021471052499,2021,471052499,2,9,0,10,10,2,8,0,0,1,0,0,1,0,1,1,5,6,1,44,7,1499,2,5,FORD C-MAX,9,E01027399,0,-1
2021361144136,2021,361144136,3,9,0,18,19,7,4,0,0,0,0,0,0,0,1,1,5,6,1,59,9,1499,2,6,FORD C-MAX,9,E01026908,0,-1
2021451016348,2021,451016348,1,9,0,7,7,4,2,0,0,3,0,0,0,0,1,1,2,2,2,40,7,1596,1,9,FORD C-MAX,10,E01030997,0,-1
2021421104944,2021,421104944,1,9,0,4,4,2,6,0,0,1,0,0,0,0,1,1,6,6,2,33,6,998,1,8,FORD C-MAX,2,E01015938,0,-1
2021361037702,2021,361037702,1,9,0,18,19,2,6,0,0,0,0,0,0,0,4,1,2,2,2,48,8,1753,2,14,FORD C-MAX,2,E01026476,0,-1
2021461099222,2021,461099222,2,9,0,4,4,3,7,0,0,2,0,0,0,0,2,1,6,6,2,40,7,1560,2,6,FORD C-MAX,6,E01024136,0,-1
2021052100366,2021,052100366,4,9,0,16,19,5,1,0,0,0,0,0,0,0,1,1,1,1,1,36,7,1560,2,10,FORD C-MAX,1,E01006642,0,-1
2021052102236,2021,052102236,1,9,0,7,7,6,7,0,0,1,0,0,0,0,2,1,6,6,2,-1,-1,1560,2,8,FORD C-MAX,-1,-1,0,-1
2021991101876,2021,991101876,2,9,0,18,19,6,1,0,0,1,0,0,0,0,4,1,6,6,1,53,8,1499,2,4,FORD C-MAX,2,-1,0,-1
2021471118224,2021,471118224,1,9,0,16,19,1,4,0,0,3,0,0,0,0,1,1,5,6,2,63,9,999,1,4,FORD C-MAX,8,E01031560,0,-1
2021101034217,2021,101034217,2,9,0,18,19,7,3,0,0,8,0,0,0,0,3,1,6,6,1,71,10,999,1,6,FORD C-MAX,2,E01027546,0,-1
2021010328801,2021,010328801,1,9,0,12,12,3,7,0,0,2,0,0,0,0,0,1,6,6,2,50,8,1596,1,14,FORD C-MAX,1,E01003192,0,-1
2021522200618,2021,522200618,1,9,0,9,9,2,1,0,0,8,0,0,0,0,1,1,6,6,1,65,9,1596,1,9,FORD C-MAX,4,E01014495,0,-1
2021010350295,2021,010350295,2,9,0,99,99,9,9,99,99,9,9,99,9,99,1,9,6,6,3,-1,-1,1997,2,10,FORD C-MAX,2,E01001441,0,-1
2021401130940,2021,401130940,1,9,0,9,9,8,6,0,0,3,0,0,0,0,2,1,5,6,1,37,7,1560,2,9,FORD C-MAX,9,E01017415,0,-1
2021461031451,2021,461031451,1,9,0,18,19,3,7,0,0,0,0,0,0,0,4,1,2,2,2,55,8,1997,2,10,FORD C-MAX,7,E01024422,0,-1
2021471083926,2021,471083926,1,9,0,18,19,5,1,0,0,0,5,0,0,0,1,1,5,6,2,35,6,998,1,6,FORD C-MAX,1,E01009482,0,-1
2021451106777,2021,451106777,1,9,0,18,19,3,7,0,0,0,5,0,0,0,1,1,5,6,1,55,8,1596,1,14,FORD C-MAX,5,E01030852,0,-1
2021451115438,2021,451115438,3,9,0,18,19,7,3,0,0,1,0,0,0,0,1,1,1,1,2,42,7,1999,1,12,FORD C-MAX,9,E01030391,0,-1
2021141102419,2021,141102419,2,9,0,18,19,2,5,0,0,0,0,0,0,0,1,1,5,6,2,82,11,999,1,2,FORD C-MAX,3,E01007635,0,-1
2021111063051,2021,111063051,1,9,0,9,9,3,1,0,0,2,0,0,0,0,3,1,6,6,1,68,10,1560,2,10,FORD C-MAX,2,E01020839,0,-1
2021520102284,2021,520102284,2,9,0,18,19,5,1,0,0,0,0,0,0,0,4,1,6,6,1,55,8,1560,2,6,FORD C-MAX,8,W01001888,0,-1
2021471036425,2021,471036425,1,9,0,9,9,1,7,0,0,8,0,0,0,0,4,1,5,6,2,40,7,1798,1,13,FORD C-MAX,5,E01021074,0,-1
2021430534780,2021,430534780,3,9,0,18,19,6,2,0,0,8,0,0,0,0,1,1,6,6,2,61,9,1560,2,6,FORD C-MAX,4,E01016521,0,-1
2021501098930,2021,501098930,1,9,0,7,7,4,6,0,0,6,0,0,0,0,1,1,6,6,2,72,10,1499,2,2,FORD C-MAX,7,E01018816,0,-1
2021991037747,2021,991037747,3,9,0,18,19,2,6,0,0,1,0,0,0,0,1,1,5,6,2,70,10,1560,2,7,FORD C-MAX,5,-1,0,-1
2021302101816,2021,302101816,1,9,0,5,5,6,8,0,0,8,0,0,0,0,1,1,6,6,1,81,11,2496,1,19,JAGUAR S TYPE,2,E01013512,0,-1
2021070532854,2021,070532854,2,9,0,17,19,7,3,0,0,8,0,0,1,0,1,1,6,6,1,71,10,2967,1,16,JAGUAR S TYPE,7,E01018448,0,-1
2021471112126,2021,471112126,1,9,0,18,19,8,4,0,0,0,0,0,0,0,1,1,5,6,1,69,10,2720,2,14,JAGUAR S TYPE,8,E01021061,0,-1
2021543129321,2021,543129321,4,9,0,18,19,5,1,0,0,0,0,0,0,0,0,1,6,6,1,18,4,2720,2,15,JAGUAR S TYPE,4,E01032090,0,-1
2021451074737,2021,451074737,1,9,0,18,19,5,1,0,0,0,0,0,0,0,4,1,6,6,1,45,7,2967,1,18,JAGUAR S TYPE,10,E01030314,0,-1
2021010316308,2021,010316308,2,9,0,99,99,9,9,99,99,9,9,99,9,99,9,9,6,6,3,-1,-1,2720,2,17,JAGUAR S TYPE,-1,-1,0,-1
2021201131356,2021,201131356,6,9,0,2,2,0,0,9,9,0,0,0,0,0,4,1,6,6,3,-1,-1,2967,1,19,JAGUAR S TYPE,-1,-1,0,-1
2021440457718,2021,440457718,2,9,0,18,19,6,2,0,0,8,0,0,0,0,1,1,6,6,1,49,8,2720,2,15,JAGUAR S TYPE,8,E01023049,0,-1
2021061137870,2021,061137870,1,9,0,16,19,5,1,0,0,4,0,0,0,0,1,1,6,6,1,55,8,2496,1,18,JAGUAR S TYPE,5,E01004934,0,-1
2021501063048,2021,501063048,1,9,0,18,19,3,7,0,0,0,0,0,0,0,1,1,6,6,1,72,10,2720,2,14,JAGUAR S TYPE,2,E01020111,0,-1
2021522102832,2021,522102832,2,9,0,18,19,2,6,0,0,1,0,0,0,0,1,1,6,6,1,33,6,2496,1,17,JAGUAR S TYPE,4,E01014587,0,-1
2021430548198,2021,430548198,1,9,0,17,19,3,1,0,0,8,0,0,1,3,1,1,6,6,1,81,11,2967,1,14,JAGUAR S TYPE,9,E01028649,0,-1
2021010308082,2021,010308082,1,9,0,99,99,9,9,99,99,9,9,99,9,99,9,9,6,6,2,36,7,2496,1,16,JAGUAR S TYPE,2,E01032569,0,-1
2021501080129,2021,501080129,1,9,0,9,9,3,1,0,0,0,0,0,0,0,1,1,5,6,1,71,10,2496,1,17,JAGUAR S TYPE,4,E01018948,0,-1
2021371094978,2021,371094978,1,9,0,18,19,2,6,0,0,1,0,0,0,0,4,1,6,6,1,51,8,2967,1,17,JAGUAR S TYPE,5,E01032526,0,-1
2021122100800,2021,122100800,1,9,0,1,1,1,5,0,0,0,0,0,0,0,2,1,6,6,1,63,9,2720,2,15,JAGUAR S TYPE,5,E01027711,0,-1
202131D198521,2021,31D198521,1,9,0,18,19,8,4,0,0,0,1,0,1,0,1,1,6,6,1,89,11,3996,1,21,JAGUAR S TYPE,9,E01028117,0,-1
202163C030321,2021,63C030321,2,9,0,9,9,8,6,0,0,5,0,0,0,0,3,1,6,6,1,71,10,2967,1,22,JAGUAR S TYPE,2,W01000600,0,-1
2021471022765,2021,471022765,2,9,0,18,19,3,7,0,0,1,1,0,8,0,3,1,5,6,1,36,7,2967,1,16,JAGUAR S TYPE,10,E01022585,0,-1
2021411129345,2021,411129345,2,9,0,2,2,0,0,0,0,1,0,0,0,0,2,1,6,6,3,-1,-1,4196,1,14,JAGUAR S TYPE,-1,-1,0,-1
2021161040706,2021,161040706,1,9,0,9,9,6,5,0,0,8,0,0,0,0,1,1,6,6,2,46,8,2967,1,22,JAGUAR S TYPE,4,E01028781,0,-1
2021010328856,2021,010328856,2,9,0,13,13,7,3,0,0,2,0,4,0,0,1,1,6,6,1,41,7,2496,1,18,JAGUAR S TYPE,6,E01001275,0,-1
2021221077057,2021,221077057,2,9,0,16,19,4,8,0,0,0,1,0,0,0,1,1,5,6,1,87,11,2967,1,17,JAGUAR S TYPE,5,E01028904,0,-1
2021201085315,2021,201085315,3,9,0,2,2,0,0,9,9,0,0,0,0,0,1,1,6,6,1,-1,-1,4196,1,19,JAGUAR S TYPE,7,E01010551,0,-1
2021522106102,2021,522106102,1,9,0,14,14,8,4,0,0,0,0,0,0,0,2,1,6,6,1,60,9,2720,2,17,JAGUAR S TYPE,8,E01014373,0,-1
2021010343288,2021,010343288,2,9,0,9,9,2,7,0,0,1,0,0,0,0,1,1,6,6,1,30,6,2497,1,19,JAGUAR S TYPE,-1,-1,0,-1
202131A079721,2021,31A079721,3,9,0,7,7,8,2,0,0,6,0,0,0,0,1,1,2,2,1,50,8,2720,2,16,JAGUAR S TYPE,2,E01027958,0,-1
2021111053039,2021,111053039,2,9,0,7,7,7,1,0,0,1,0,0,0,0,1,1,5,6,1,56,9,2720,2,14,JAGUAR S TYPE,3,E01012358,0,-1
2021622100118,2021,622100118,1,9,0,18,19,8,4,0,0,0,0,0,1,4,1,1,6,6,1,73,10,2967,1,22,JAGUAR S TYPE,1,W01001267,0,-1
2021501100944,2021,501100944,2,9,3,18,19,2,6,0,0,0,0,0,0,0,1,1,5,6,1,67,10,2967,1,15,JAGUAR S TYPE,8,E01025732,0,-1
2021361028980,2021,361028980,1,17,5,5,5,1,5,0,0,2,5,0,0,0,4,1,1,1,1,19,4,-1,2,2,-1,4,E01026776,0,-1
2021440324120,2021,440324120,1,3,0,16,19,7,3,0,0,0,1,0,0,0,1,1,6,6,1,19,4,124,1,20,-1,4,E01017334,0,-1
202131C190021,2021,31C190021,1,3,0,13,13,2,6,0,0,1,1,0,0,0,2,1,6,6,1,41,7,124,1,19,-1,2,E01013947,0,-1
2021991088657,2021,991088657,1,3,0,7,7,6,1,0,0,1,0,0,0,0,1,1,2,2,1,18,4,124,1,28,-1,8,-1,0,-1
2021351114170,2021,351114170,2,3,0,4,4,4,8,0,0,0,0,0,0,0,1,1,6,6,1,38,7,124,1,19,-1,8,E01017425,0,-1
2021461091464,2021,461091464,1,5,0,4,4,1,5,0,0,3,1,0,0,0,1,1,5,6,1,31,6,599,1,23,KAWASAKI ZX600,5,E01020956,0,-1
2021471067793,2021,471067793,2,5,0,17,19,6,2,0,0,0,1,0,0,0,1,1,2,2,1,24,5,599,1,23,KAWASAKI ZX600,8,E01021221,0,-1
2021401084705,2021,401084705,1,5,0,13,13,6,2,0,0,1,0,0,7,0,4,1,5,6,1,65,9,599,1,21,KAWASAKI ZX600,9,E01017603,0,-1
2021371086317,2021,371086317,1,5,0,16,19,7,2,0,0,0,5,0,8,10,1,1,5,6,1,33,6,599,1,21,KAWASAKI ZX600,6,E01030052,0,-1
2021201118372,2021,201118372,2,5,0,18,19,3,7,0,0,1,0,0,0,0,1,1,6,6,1,35,6,599,1,13,KAWASAKI ZX600,1,E01033640,0,-1
2021141088253,2021,141088253,1,5,0,18,19,5,1,0,0,1,1,0,0,0,4,1,2,2,1,48,8,599,1,24,KAWASAKI ZX600,1,E01007764,0,-1
2021061062276,2021,061062276,2,5,0,18,19,2,7,0,0,8,0,0,0,0,1,1,2,2,1,34,6,599,1,20,KAWASAKI ZX600,3,E01025505,0,-1
2021411038457,2021,411038457,1,5,0,13,13,7,3,0,0,1,0,0,0,0,3,1,1,1,1,28,6,599,1,21,KAWASAKI ZX600,9,E01023318,0,-1
2021201085833,2021,201085833,1,5,0,18,19,5,1,0,0,0,1,10,8,11,1,1,6,6,1,38,7,599,1,23,KAWASAKI ZX600,1,E01009127,0,-1
2021461044430,2021,461044430,2,5,0,14,14,5,1,0,0,0,0,0,0,0,4,1,6,6,1,42,7,599,1,23,KAWASAKI ZX600,7,E01024691,0,-1
2021622100918,2021,622100918,2,5,0,18,19,7,3,0,0,1,0,0,0,0,1,1,6,6,1,54,8,599,1,24,KAWASAKI ZX600,4,W01000753,0,-1
2021371096870,2021,371096870,1,5,0,18,19,7,3,0,0,0,0,0,1,0,4,1,5,6,1,34,6,600,1,14,KAWASAKI ZX600,6,E01030005,0,-1
2021401042263,2021,401042263,1,5,0,18,19,8,4,0,0,1,0,0,1,10,3,1,6,6,1,41,7,599,1,20,KAWASAKI ZX600,3,E01015783,0,-1
2021531054619,2021,531054619,1,5,0,17,19,8,4,0,0,0,1,10,0,0,1,1,2,2,1,35,6,599,1,24,KAWASAKI ZX600,9,E01022259,0,-1
2021451037557,2021,451037557,2,3,0,18,19,1,5,0,0,1,0,0,0,0,2,1,2,2,1,21,5,125,1,5,-1,7,E01030594,0,-1
2021522101261,2021,522101261,1,3,0,18,19,8,5,0,0,0,0,0,0,0,2,1,6,6,2,18,4,125,1,6,-1,6,E01014769,0,-1
2021131053583,2021,131053583,2,3,0,18,19,8,4,0,0,1,2,0,0,0,1,1,6,6,1,26,6,125,1,5,-1,4,E01010890,0,-1
2021131125961,2021,131125961,1,3,0,18,19,7,3,0,0,8,0,0,0,0,4,1,6,6,1,20,4,125,1,1,-1,6,E01007426,0,-1
2021010318694,2021,010318694,3,5,0,99,99,9,9,99,99,0,9,99,9,99,9,1,6,6,1,31,6,1195,1,8,-1,4,E01000124,0,-1
2021010340555,2021,010340555,1,5,0,17,19,1,5,0,0,0,1,10,0,0,4,1,6,6,1,35,6,1195,1,8,-1,8,E01003421,0,-1
2021401056756,2021,401056756,1,5,0,15,15,3,7,0,0,0,0,0,0,0,4,1,5,6,1,53,8,1195,1,8,-1,7,E01017584,0,-1
2021131082481,2021,131082481,2,5,0,18,19,1,5,0,0,0,5,0,0,0,4,1,5,6,1,57,9,1195,1,5,-1,7,E01010968,0,-1
2021531041334,2021,531041334,1,2,0,16,19,2,4,0,0,0,0,0,0,0,1,1,6,6,1,17,4,49,1,6,-1,6,E01022410,0,-1
202131C041121,2021,31C041121,1,2,0,18,19,1,5,0,0,0,1,0,0,0,3,1,6,6,1,18,4,49,1,5,-1,10,E01028395,0,-1
2021361110627,2021,361110627,2,2,0,10,10,4,2,0,0,2,0,0,0,0,4,1,6,6,1,17,4,49,1,6,-1,4,E01026660,0,-1
2021221106779,2021,221106779,1,2,0,18,19,6,2,0,0,2,0,0,0,0,1,1,2,2,1,16,4,49,1,6,-1,4,E01014044,0,-1
2021052101321,2021,052101321,1,9,0,12,12,5,1,0,0,0,0,0,0,0,3,1,1,1,1,22,5,2494,8,1,-1,5,E01033096,0,-1
2021421089132,2021,421089132,4,9,0,2,2,0,0,0,0,0,0,0,0,0,1,1,6,6,3,-1,-1,2494,8,4,-1,-1,-1,0,-1
2021061119959,2021,061119959,1,9,0,9,9,8,7,0,0,8,0,0,0,0,1,1,6,6,2,56,9,2494,8,0,-1,9,E01004884,0,-1
2021141036151,2021,141036151,1,9,0,18,19,1,5,0,0,8,0,0,0,0,1,1,6,6,1,58,9,2494,8,1,-1,8,E01031659,0,-1
2021461093748,2021,461093748,2,9,0,3,3,6,1,0,0,0,0,0,0,0,2,1,6,6,1,56,9,2494,8,2,-1,6,E01002724,0,-1
2021010289885,2021,010289885,2,9,0,10,10,3,8,0,0,1,0,0,0,0,1,1,6,6,1,47,8,2494,8,3,-1,8,E01000910,0,-1
2021010336868,2021,010336868,2,9,0,3,3,1,5,0,0,2,0,0,0,0,2,1,6,6,1,71,10,2494,8,2,-1,3,E01004678,0,-1
2021010344919,2021,010344919,2,9,0,18,19,4,8,0,0,1,0,0,0,0,1,1,6,6,3,-1,-1,2494,8,5,-1,-1,-1,0,-1
2021010346832,2021,010346832,1,9,0,10,10,3,8,9,9,1,0,0,0,0,1,1,6,6,1,45,7,2494,8,3,-1,3,E01015963,0,-1
2021522104566,2021,522104566,1,4,0,18,19,5,2,0,0,8,0,0,0,0,3,1,6,6,1,33,6,-1,-1,-1,-1,-1,-1,0,-1
2021070843251,2021,070843251,4,9,0,18,19,5,1,0,0,1,0,0,0,0,1,1,6,6,1,23,5,1397,1,11,PEUGEOT 207,9,E01032059,0,-1
2021451034094,2021,451034094,3,9,0,10,10,2,6,0,0,1,0,0,0,0,2,1,2,2,2,28,6,1360,1,10,PEUGEOT 207,9,E01031004,0,-1
2021501039518,2021,501039518,3,9,0,16,19,1,4,0,0,1,0,0,0,0,0,1,5,6,1,20,4,1598,1,12,PEUGEOT 207,4,E01018829,0,-1
2021111099402,2021,111099402,3,9,0,18,19,2,6,0,0,1,0,0,0,0,1,1,6,6,1,75,10,1360,1,10,PEUGEOT 207,2,E01020823,0,-1
2021010322862,2021,010322862,1,9,0,9,9,3,1,0,0,2,0,0,0,0,1,1,6,6,1,73,10,1360,1,12,PEUGEOT 207,10,E01021431,0,-1
2021471074675,2021,471074675,1,9,0,1,1,1,5,0,0,2,0,0,0,0,2,1,1,1,2,29,6,1560,2,13,PEUGEOT 207,4,E01020973,0,-1
2021501066496,2021,501066496,1,9,0,18,19,1,5,0,0,0,0,0,0,0,1,1,5,6,2,41,7,1397,1,13,PEUGEOT 207,4,E01018954,0,-1
2021351064598,2021,351064598,1,9,0,9,9,5,1,0,0,5,0,0,0,0,1,1,6,6,1,25,5,1360,1,14,PEUGEOT 207,10,E01018266,0,-1
2021201124505,2021,201124505,3,9,0,18,19,6,2,0,0,1,0,0,0,0,1,1,6,6,1,-1,-1,1397,1,12,PEUGEOT 207,1,E01008995,0,-1
2021070797915,2021,070797915,1,9,0,18,19,1,3,0,0,0,0,0,0,0,1,1,2,2,2,18,4,1398,2,14,PEUGEOT 207,-1,-1,0,-1
2021201145418,2021,201145418,1,9,0,18,19,-1,-1,0,0,8,0,0,0,0,1,1,6,6,1,31,6,1360,1,14,PEUGEOT 207,5,E01033058,0,-1
2021552101376,2021,552101376,1,9,0,18,19,3,7,0,0,8,0,0,0,0,3,1,6,6,2,31,6,1560,2,11,PEUGEOT 207,2,E01033200,0,-1
2021520104476,2021,520104476,1,9,0,18,19,1,5,0,0,0,0,0,0,10,1,1,6,6,3,-1,-1,1360,1,14,PEUGEOT 207,-1,-1,0,-1
2021131101306,2021,131101306,1,9,0,7,7,7,1,0,0,0,0,0,7,0,1,1,6,6,1,34,6,1360,1,15,PEUGEOT 207,1,E01011475,0,-1
2021430550754,2021,430550754,1,9,0,18,19,4,8,0,0,2,0,0,0,0,1,1,6,6,2,33,6,1398,2,14,PEUGEOT 207,-1,-1,0,-1
202131C148521,2021,31C148521,1,9,0,7,7,7,1,0,0,5,1,0,1,11,4,1,6,6,1,82,11,1360,1,14,PEUGEOT 207,4,E01028077,0,-1
2021101128076,2021,101128076,1,9,0,18,19,3,7,0,0,4,0,0,0,0,1,1,5,6,1,44,7,1360,1,13,PEUGEOT 207,3,E01008656,0,-1
2021320499429,2021,320499429,1,9,0,18,19,5,1,0,0,3,0,0,1,9,1,1,6,6,1,52,8,1360,1,13,PEUGEOT 207,6,E01013363,0,-1
2021161022198,2021,161022198,1,9,0,2,2,0,0,0,0,0,0,0,0,0,3,1,6,6,3,-1,-1,1360,1,14,PEUGEOT 207,-1,-1,0,-1
2021101035706,2021,101035706,1,9,0,15,15,2,6,0,0,0,1,0,1,11,1,1,6,6,2,47,8,1598,1,14,PEUGEOT 207,-1,-1,0,-1
2021440431699,2021,440431699,3,9,0,18,19,7,3,0,0,8,0,0,0,0,3,1,6,6,1,27,6,1560,2,15,PEUGEOT 207,1,E01017207,0,-1
2021041041440,2021,041041440,2,9,0,18,19,5,1,0,0,8,0,0,1,1,1,1,5,6,1,37,7,1360,1,12,PEUGEOT 207,6,E01025066,0,-1
2021501039072,2021,501039072,1,9,0,18,19,1,5,0,0,0,0,0,1,11,1,1,5,6,1,44,7,1398,2,13,PEUGEOT 207,4,E01019932,0,-1
2021161047565,2021,161047565,1,9,0,18,19,7,3,0,0,0,1,4,0,0,1,1,5,6,2,49,8,1560,2,13,PEUGEOT 207,4,E01013106,0,-1
2021471054096,2021,471054096,1,9,0,18,19,7,3,0,0,0,0,0,0,0,1,1,5,6,2,70,10,1397,1,11,PEUGEOT 207,4,E01021138,0,-1
2021471049609,2021,471049609,1,9,0,3,3,8,4,0,0,4,0,0,0,0,1,1,6,6,1,38,7,1560,2,12,PEUGEOT 207,9,E01031622,0,-1
2021440201934,2021,440201934,1,9,0,18,19,7,3,0,0,0,0,0,0,0,1,1,6,6,1,82,11,1360,1,15,PEUGEOT 207,10,E01022763,0,-1
2021010298400,2021,010298400,1,9,0,99,99,9,9,99,99,9,9,99,9,99,1,1,6,6,3,-1,-1,1397,1,13,PEUGEOT 207,-1,-1,0,-1
2021141085940,2021,141085940,3,9,0,2,2,0,0,6,6,0,0,0,0,0,1,1,6,6,3,-1,-1,1598,1,13,PEUGEOT 207,-1,-1,0,-1
2021440414606,2021,440414606,1,9,0,18,19,2,6,0,0,1,1,0,0,0,1,1,6,6,1,79,11,1598,1,10,PEUGEOT 207,9,E01023275,0,-1
2021461098933,2021,461098933,2,9,0,-1,-1,-1,-1,-1,-1,0,-1,-1,-1,0,-1,1,3,7,2,46,8,1560,2,11,PEUGEOT 207,9,E01024334,0,-1
2021522104317,2021,522104317,1,9,0,4,4,7,3,0,0,0,0,0,0,0,2,1,6,6,2,50,8,1560,2,7,PEUGEOT 207,2,E01014806,0,-1
2021461127089,2021,461127089,1,9,0,18,19,3,7,0,0,1,0,0,0,0,4,1,5,6,2,72,10,1598,1,10,PEUGEOT 207,5,E01001682,0,-1
2021451124074,2021,451124074,2,9,0,18,19,7,3,0,0,0,0,0,0,0,3,1,2,2,2,48,8,1360,1,14,PEUGEOT 207,8,E01030491,0,-1
202131C079021,2021,31C079021,1,9,0,9,9,8,6,0,0,5,0,0,0,0,1,1,3,7,1,51,8,1360,1,15,PEUGEOT 207,1,E01013839,0,-1
2021111017028,2021,111017028,1,9,0,18,19,7,3,0,0,0,0,0,0,0,1,1,5,6,1,51,8,1398,2,12,PEUGEOT 207,1,E01020775,0,-1
2021201119338,2021,201119338,1,9,0,17,19,8,4,0,0,0,0,4,0,0,1,1,6,6,1,46,8,1398,2,11,PEUGEOT 207,2,E01009933,0,-1
2021302101028,2021,302101028,1,9,0,18,19,2,6,0,0,8,2,0,1,1,1,1,6,6,1,38,7,1560,2,11,PEUGEOT 207,3,E01007747,0,-1
2021501027679,2021,501027679,1,9,0,18,19,2,8,0,0,1,1,0,0,0,1,1,2,2,2,29,6,1398,2,9,PEUGEOT 207,5,E01019067,0,-1
202134NNC3501,2021,34NNC3501,1,9,0,18,19,3,7,0,0,0,0,0,0,0,1,1,6,6,1,19,4,1360,1,12,PEUGEOT 207,2,E01026961,0,-1
2021131056823,2021,131056823,1,9,0,7,7,5,1,0,0,4,0,0,0,0,4,1,5,6,2,53,8,1587,1,15,PEUGEOT 207,2,E01011126,0,-1
2021501048748,2021,501048748,2,9,0,4,4,5,1,0,0,0,1,0,0,0,1,1,5,6,2,56,9,1560,2,11,PEUGEOT 207,8,E01020250,0,-1
2021501094883,2021,501094883,1,9,0,9,9,7,1,0,0,1,0,0,0,0,2,1,6,6,2,48,8,1398,2,9,PEUGEOT 207,2,E01020211,0,-1
2021411113228,2021,411113228,1,9,0,15,15,2,6,0,0,1,0,0,0,0,1,1,5,6,1,46,8,1360,1,12,PEUGEOT 207,3,E01000125,0,-1
2021010324278,2021,010324278,1,9,0,18,19,5,1,0,0,0,0,0,0,0,4,1,6,6,2,74,10,1598,1,14,PEUGEOT 207,7,E01001204,0,-1
2021440467716,2021,440467716,2,9,0,18,19,2,6,0,0,1,0,0,0,0,1,1,6,6,1,34,6,1560,2,11,PEUGEOT 207,4,E01017342,0,-1
2021501131367,2021,501131367,1,9,0,6,6,8,4,0,0,0,0,0,0,0,1,1,5,6,2,31,6,1360,1,13,PEUGEOT 207,2,E01018996,0,-1
2021201142126,2021,201142126,2,9,0,3,3,6,2,0,0,2,0,0,0,0,2,1,2,2,2,33,6,1360,1,12,PEUGEOT 207,4,E01009856,0,-1
2021471088456,2021,471088456,1,9,0,18,19,5,1,0,0,0,0,0,0,0,1,1,5,6,2,95,11,1598,1,12,PEUGEOT 207,9,E01031486,0,-1
2021111102338,2021,111102338,3,9,0,2,2,0,0,0,0,0,0,0,0,0,2,1,5,6,1,66,10,1360,1,11,PEUGEOT 207,4,E01020677,0,-1
2021501120008,2021,501120008,4,9,0,3,3,8,4,0,0,0,0,0,0,0,2,1,6,6,1,30,6,1560,2,10,PEUGEOT 207,7,E01018970,0,-1
2021010337820,2021,010337820,1,9,0,3,3,6,2,0,0,0,0,0,0,0,1,1,6,6,1,85,11,1360,1,9,PEUGEOT 207,7,E01030729,0,-1
2021531091780,2021,531091780,3,9,0,2,2,0,0,0,0,2,0,0,0,0,3,1,6,6,3,-1,-1,1397,1,11,PEUGEOT 207,-1,-1,0,-1
2021041093791,2021,041093791,1,9,0,17,19,5,3,0,0,0,5,0,1,0,1,1,2,2,1,31,6,1398,2,13,PEUGEOT 207,8,E01006928,0,-1
2021101051130,2021,101051130,1,9,0,18,19,3,7,0,0,0,0,0,0,0,1,1,5,6,2,45,7,1560,2,11,PEUGEOT 207,1,E01008733,0,-1
2021052100094,2021,052100094,1,9,0,9,9,1,6,0,0,6,0,0,0,0,3,1,6,6,2,56,9,1360,1,14,PEUGEOT 207,1,E01006816,0,-1
2021552100191,2021,552100191,1,9,0,18,19,4,8,0,0,0,0,0,0,0,1,1,6,6,1,31,6,1360,1,14,PEUGEOT 207,6,E01015363,0,-1
2021010300346,2021,010300346,2,9,0,4,4,3,7,0,0,8,0,0,0,0,1,9,6,6,3,22,5,1360,1,15,PEUGEOT 207,3,E01001109,0,-1
2021010295802,2021,010295802,1,9,0,99,99,9,9,99,99,9,9,99,9,99,9,9,6,6,2,42,7,1587,1,15,PEUGEOT 207,8,E01024475,0,-1
2021547158921,2021,547158921,1,9,0,18,19,1,5,0,0,0,5,10,7,0,1,1,6,6,2,34,6,1360,1,14,PEUGEOT 207,7,E01031979,0,-1
2021201104476,2021,201104476,1,9,0,5,5,4,2,0,0,6,0,0,0,0,1,1,6,6,2,33,6,1598,1,11,PEUGEOT 207,2,E01010074,0,-1
2021320718870,2021,320718870,1,9,0,9,9,2,8,0,0,5,0,0,0,0,2,1,6,6,1,70,10,1598,1,11,PEUGEOT 207,1,E01026150,0,-1
2021430213378,2021,430213378,2,9,0,18,19,5,1,0,0,1,0,0,0,0,1,1,6,6,1,-1,-1,1360,1,14,PEUGEOT 207,10,E01032761,0,-1
2021231044139,2021,231044139,1,9,0,14,14,8,4,0,0,0,0,0,0,0,3,1,5,6,1,42,7,1360,1,12,PEUGEOT 207,6,E01009586,0,-1
202131D082821,2021,31D082821,1,9,0,16,19,7,1,0,0,0,1,0,7,11,1,1,6,6,2,41,7,1360,1,14,PEUGEOT 207,7,E01028154,0,-1