collision_index,collision_year,collision_ref_no,vehicle_reference,vehicle_type,towing_and_articulation,vehicle_manoeuvre_historic,vehicle_manoeuvre,vehicle_direction_from,vehicle_direction_to,vehicle_location_restricted_lane_historic,vehicle_location_restricted_lane,junction_location,skidding_and_overturning,hit_object_in_carriageway,vehicle_leaving_carriageway,hit_object_off_carriageway,first_point_of_impact,vehicle_left_hand_drive,journey_purpose_of_driver_historic,journey_purpose_of_driver,sex_of_driver,age_of_driver,age_band_of_driver,engine_capacity_cc,propulsion_code,age_of_vehicle,generic_make_model,driver_imd_decile,lsoa_of_driver,escooter_flag,driver_distance_banding
2021070573610,2021,070573610,2,9,0,11,11,5,8,0,0,4,0,0,0,0,3,1,6,6,1,19,4,1397,1,10,PEUGEOT 207,3,E01018543,0,-1
2021471029204,2021,471029204,1,9,0,1,1,1,5,0,0,1,0,0,0,0,2,1,1,1,2,25,5,1360,1,12,PEUGEOT 207,2,E01031348,0,-1
2021201065342,2021,201065342,2,9,0,18,19,6,2,0,0,0,0,0,0,0,1,1,6,6,1,26,6,1360,1,10,PEUGEOT 207,1,E01009079,0,-1
2021501100937,2021,501100937,1,9,0,18,19,3,7,0,0,7,0,11,0,0,1,1,1,1,1,77,11,1560,2,10,PEUGEOT 207,3,E01018769,0,-1
2021522101923,2021,522101923,2,9,0,9,9,6,1,0,0,8,0,0,0,0,3,1,6,6,2,59,9,1397,1,11,PEUGEOT 207,2,E01014810,0,-1
2021221124151,2021,221124151,1,9,0,17,19,6,3,0,0,0,0,0,2,11,1,1,5,6,1,22,5,1360,1,15,PEUGEOT 207,5,E01014049,0,-1
2021471124166,2021,471124166,2,9,0,17,19,5,2,0,0,8,0,0,0,0,4,1,6,6,2,48,8,1560,2,14,PEUGEOT 207,6,E01031408,0,-1
2021122101013,2021,122101013,1,9,0,18,19,4,8,0,0,8,0,0,0,0,3,1,6,6,2,19,4,1360,1,15,PEUGEOT 207,4,E01013359,0,-1
2021991041486,2021,991041486,2,9,0,4,4,1,5,0,0,0,0,0,0,0,1,1,5,6,2,46,8,1560,2,9,PEUGEOT 207,8,-1,0,-1
2021201149642,2021,201149642,1,9,0,5,5,4,8,0,0,6,0,0,0,0,1,1,6,6,2,-1,-1,1598,1,11,PEUGEOT 207,1,E01033647,0,-1
2021320618366,2021,320618366,1,9,0,18,19,8,4,0,0,0,2,0,7,9,1,1,6,6,1,51,8,1398,2,9,PEUGEOT 207,6,E01026205,0,-1
2021211137630,2021,211137630,3,9,0,18,19,3,7,0,0,0,0,0,0,0,1,1,5,6,1,48,8,1398,2,12,PEUGEOT 207,1,E01009881,0,-1
2021522102471,2021,522102471,1,9,0,18,19,4,8,0,0,6,0,0,0,0,4,1,6,6,2,29,6,1398,2,10,PEUGEOT 207,1,E01033366,0,-1
2021461088115,2021,461088115,2,9,0,13,13,1,6,0,0,0,0,0,0,0,4,1,5,6,1,71,10,1560,2,10,PEUGEOT 207,8,E01024652,0,-1
2021461187412,2021,461187412,2,9,0,18,19,4,1,0,0,8,0,0,0,0,1,1,6,6,1,40,7,1360,1,13,PEUGEOT 207,1,E01024390,0,-1
2021070678882,2021,070678882,1,9,0,18,19,1,5,0,0,0,0,0,0,0,1,1,6,6,1,68,10,1397,1,11,PEUGEOT 207,1,E01012444,0,-1
2021351109239,2021,351109239,1,9,0,3,3,-1,-1,0,0,1,0,0,0,0,1,1,6,6,1,36,7,1560,2,12,PEUGEOT 207,5,E01018102,0,-1
2021010317090,2021,010317090,2,9,0,18,19,5,1,0,0,8,0,0,0,0,1,2,6,6,2,73,10,1598,1,11,PEUGEOT 207,3,E01000176,0,-1
2021010293204,2021,010293204,2,9,9,99,99,9,9,99,99,1,9,99,0,0,9,9,6,6,3,-1,-1,1360,1,14,PEUGEOT 207,-1,-1,0,-1
2021421020036,2021,421020036,2,9,0,18,19,6,2,0,0,0,2,0,1,9,4,1,5,6,1,48,8,1560,2,14,PEUGEOT 207,3,E01021649,0,-1
2021221034150,2021,221034150,2,9,0,18,19,8,4,0,0,8,0,0,1,0,1,1,5,6,2,35,6,1560,2,13,PEUGEOT 207,5,E01014008,0,-1
2021461098488,2021,461098488,1,9,0,4,4,5,1,0,0,0,0,4,0,0,3,1,2,2,1,36,7,1560,2,14,PEUGEOT 207,8,E01016028,0,-1
2021522200587,2021,522200587,1,9,0,13,13,1,5,0,0,0,0,7,0,0,1,1,6,6,1,32,6,1560,2,9,PEUGEOT 207,1,W01001659,0,-1
2021430229158,2021,430229158,1,9,0,5,5,8,4,0,0,0,0,0,0,0,1,1,6,6,1,73,10,1360,1,12,PEUGEOT 207,-1,-1,0,-1
2021411072593,2021,411072593,2,9,0,18,19,5,1,0,0,0,0,0,0,0,1,1,5,6,1,24,5,1397,1,11,PEUGEOT 207,8,E01023315,0,-1
2021031031541,2021,031031541,1,9,0,18,19,1,5,0,0,0,2,0,4,0,1,1,5,6,1,54,8,1398,2,12,PEUGEOT 207,2,-1,0,-1
2021411083572,2021,411083572,3,9,0,4,4,5,1,0,0,0,0,0,0,0,2,1,6,6,1,44,7,1398,2,10,PEUGEOT 207,1,E01013727,0,-1
2021991038139,2021,991038139,1,9,0,7,7,2,5,0,0,8,0,0,0,0,3,1,6,6,2,26,6,1560,2,14,PEUGEOT 207,9,-1,0,-1
2021010351235,2021,010351235,1,9,0,99,99,9,9,99,99,9,9,99,0,0,9,9,6,6,2,57,9,1397,1,10,PEUGEOT 207,8,E01003861,0,-1
2021141013429,2021,141013429,1,9,0,18,19,3,7,0,0,0,0,0,0,0,1,1,1,1,2,61,9,1360,1,13,PEUGEOT 207,3,E01007494,0,-1
2021201031370,2021,201031370,1,9,0,18,19,7,3,0,0,1,0,0,0,0,1,1,6,6,3,-1,-1,1360,1,11,PEUGEOT 207,-1,-1,0,-1
2021141030332,2021,141030332,2,9,0,-1,-1,-1,-1,-1,-1,0,-1,-1,-1,0,-1,1,6,6,3,-1,-1,1360,1,15,PEUGEOT 207,-1,-1,0,-1
202131C161421,2021,31C161421,1,9,0,9,9,6,2,0,0,6,0,0,0,0,1,1,6,6,2,45,7,1560,2,14,PEUGEOT 207,2,E01013842,0,-1
2021141093671,2021,141093671,1,9,0,18,19,1,5,0,0,0,0,4,0,0,1,1,2,2,1,20,4,1360,1,14,PEUGEOT 207,3,E01007900,0,-1
2021451074498,2021,451074498,2,9,0,17,19,1,5,0,0,0,1,0,0,0,2,1,5,6,1,20,4,1360,1,14,PEUGEOT 207,9,E01030334,0,-1
2021371051713,2021,371051713,2,9,0,18,19,7,3,0,0,8,0,0,0,0,1,1,2,2,3,40,7,1560,2,14,PEUGEOT 207,9,E01030193,0,-1
2021201075296,2021,201075296,1,9,0,9,9,2,7,0,0,2,0,0,0,0,1,1,2,2,1,28,6,1560,2,14,PEUGEOT 207,10,E01009780,0,-1
2021320240915,2021,320240915,1,9,0,18,19,2,6,0,0,0,0,0,0,0,1,1,6,6,1,73,10,1360,1,11,PEUGEOT 207,7,E01026299,0,-1
2021010324797,2021,010324797,2,9,0,99,99,9,9,99,99,9,9,99,9,99,9,9,6,6,3,32,6,1397,1,14,PEUGEOT 207,-1,-1,0,-1
2021411095191,2021,411095191,2,9,0,9,9,5,3,0,0,1,0,0,0,0,3,1,5,6,1,40,7,1598,1,14,PEUGEOT 207,4,E01023646,0,-1
2021361096420,2021,361096420,1,9,0,8,8,5,7,0,0,2,0,0,0,0,3,1,3,7,1,45,7,1397,1,14,PEUGEOT 207,1,E01026826,0,-1
2021010318939,2021,010318939,1,9,0,9,9,5,3,0,0,1,0,0,0,0,1,1,2,2,1,59,9,1598,1,7,PEUGEOT 207,3,E01004331,0,-1
2021010314995,2021,010314995,2,9,0,99,99,9,9,99,99,1,9,99,9,99,9,9,6,6,3,33,6,1360,1,11,PEUGEOT 207,4,E01033727,0,-1
2021411129074,2021,411129074,1,9,0,6,6,4,8,0,0,0,0,0,0,0,3,1,5,6,2,51,8,1360,1,14,PEUGEOT 207,9,E01017556,0,-1
2021052100505,2021,052100505,1,9,0,7,7,5,1,0,0,8,0,11,0,0,1,1,6,6,1,84,11,1560,2,9,PEUGEOT 207,1,E01006604,0,-1
2021052101280,2021,052101280,2,9,0,18,19,1,5,0,0,8,0,0,0,0,1,1,6,6,1,24,5,1397,1,10,PEUGEOT 207,5,E01033095,0,-1
2021070087102,2021,070087102,1,9,0,16,19,4,8,0,0,0,0,0,7,1,1,1,6,6,2,71,10,1560,2,12,PEUGEOT 207,10,E01018696,0,-1
202163A098621,2021,63A098621,1,9,0,17,19,7,4,0,0,1,0,0,0,0,1,1,1,1,1,29,6,1398,2,10,PEUGEOT 207,4,W01000636,0,-1
2021302101212,2021,302101212,2,9,0,17,19,8,4,0,0,2,0,0,0,0,3,1,6,6,2,43,7,1598,1,14,PEUGEOT 207,2,E01019471,0,-1
2021501049964,2021,501049964,1,9,0,16,19,4,8,0,0,0,2,0,0,0,4,1,5,6,1,22,5,1398,2,14,PEUGEOT 207,4,E01018781,0,-1
2021991119449,2021,991119449,2,9,0,2,2,0,0,6,6,0,0,0,0,0,1,1,6,6,3,-1,-1,1398,2,11,PEUGEOT 207,-1,-1,0,-1
2021501113400,2021,501113400,1,9,0,9,9,3,7,0,0,1,0,0,0,0,3,1,6,6,3,-1,-1,1598,1,13,PEUGEOT 207,-1,-1,0,-1
2021549387621,2021,549387621,2,9,0,4,4,3,1,0,0,1,0,0,0,0,2,1,6,6,2,30,6,1560,2,11,PEUGEOT 207,6,E01031971,0,-1
2021010334166,2021,010334166,1,9,0,9,9,1,6,0,0,2,0,0,0,0,1,1,6,6,1,62,9,1360,1,12,PEUGEOT 207,9,E01003467,0,-1
2021052100095,2021,052100095,2,9,0,3,3,5,1,0,0,1,0,0,0,0,1,1,6,6,2,51,8,1360,1,14,PEUGEOT 207,9,E01006917,0,-1
2021320306079,2021,320306079,2,9,0,18,19,3,7,0,0,0,0,0,0,0,2,1,6,6,1,59,9,1598,1,10,PEUGEOT 207,10,E01026395,0,-1
2021141024048,2021,141024048,1,9,0,18,19,1,5,0,0,8,0,0,0,0,1,1,5,6,2,34,6,1398,2,11,PEUGEOT 207,1,E01007563,0,-1
2021161027513,2021,161027513,1,9,0,18,19,6,4,0,0,6,0,0,0,0,1,1,5,6,1,37,7,1360,1,13,PEUGEOT 207,1,E01012809,0,-1
2021070541070,2021,070541070,1,9,0,18,19,2,6,0,0,1,2,0,7,4,1,1,6,6,3,56,9,1360,1,14,PEUGEOT 207,8,E01018677,0,-1
2021501023830,2021,501023830,1,9,0,16,19,5,1,0,0,0,0,0,8,0,1,1,2,2,2,55,8,1560,2,12,PEUGEOT 207,6,E01020295,0,-1
2021161119574,2021,161119574,1,9,0,18,19,5,1,0,0,6,0,0,0,0,0,1,6,6,3,-1,-1,1397,1,13,PEUGEOT 207,-1,-1,0,-1
2021221074721,2021,221074721,1,9,0,5,5,2,5,0,0,6,0,0,0,0,3,1,6,6,1,57,9,1560,2,13,PEUGEOT 207,9,E01032185,0,-1
2021421038032,2021,421038032,2,9,0,18,19,4,8,0,0,0,0,0,1,0,2,1,6,6,2,58,9,1598,1,14,PEUGEOT 207,8,E01021652,0,-1
2021122100601,2021,122100601,1,9,0,18,19,7,1,0,0,0,0,0,0,0,1,1,6,6,2,30,6,1598,1,13,PEUGEOT 207,7,E01013346,0,-1
2021991034337,2021,991034337,2,9,0,18,19,3,7,0,0,0,0,0,0,0,3,1,5,6,2,41,7,1397,1,9,PEUGEOT 207,1,-1,0,-1
2021461030588,2021,461030588,1,9,0,9,9,7,5,0,0,1,0,0,0,0,1,1,6,6,1,53,8,1560,2,12,PEUGEOT 207,7,E01024105,0,-1
2021041043471,2021,041043471,1,9,0,9,9,1,3,0,0,2,0,0,0,0,1,1,6,6,3,-1,-1,1360,1,14,PEUGEOT 207,-1,-1,0,-1
2021548346821,2021,548346821,1,9,0,18,19,6,2,0,0,0,0,0,0,0,1,1,6,6,2,56,9,1598,1,13,PEUGEOT 207,7,E01023179,0,-1
2021010311539,2021,010311539,2,9,0,99,99,9,9,0,0,0,0,0,0,0,9,9,6,6,3,-1,-1,1560,2,14,PEUGEOT 207,-1,-1,0,-1
202163B041621,2021,63B041621,1,9,0,18,19,5,1,0,0,0,0,4,0,0,4,1,6,6,1,42,7,1398,2,12,PEUGEOT 207,6,W01000543,0,-1
2021421018556,2021,421018556,1,9,0,18,19,1,8,0,0,0,0,0,8,10,1,1,6,6,2,24,5,1398,2,11,PEUGEOT 207,8,E01022091,0,-1
2021010301948,2021,010301948,2,9,0,99,99,9,9,0,0,1,0,0,0,0,9,9,6,6,3,-1,-1,1360,1,15,PEUGEOT 207,-1,-1,0,-1
2021430478910,2021,430478910,2,9,0,18,19,6,2,0,0,1,0,0,0,0,1,1,6,6,1,30,6,1598,1,11,PEUGEOT 207,3,E01016454,0,-1
2021522103798,2021,522103798,1,9,0,1,1,1,5,0,0,2,0,0,0,0,2,1,6,6,1,31,6,1397,1,12,PEUGEOT 207,4,E01014567,0,-1
2021061043101,2021,061043101,1,9,0,18,19,1,5,0,0,1,0,0,0,0,1,1,6,6,2,42,7,1360,1,14,PEUGEOT 207,9,E01006196,0,-1
2021501112514,2021,501112514,1,9,0,18,19,1,5,0,0,1,0,0,0,0,4,1,2,2,2,46,8,1397,1,12,PEUGEOT 207,1,E01019995,0,-1
2021302100902,2021,302100902,1,9,0,18,19,5,1,0,0,8,0,0,0,0,3,1,6,6,2,26,6,1398,2,11,PEUGEOT 207,-1,-1,0,-1
2021010290096,2021,010290096,1,9,0,18,19,5,1,0,0,9,0,0,0,0,9,9,2,2,3,33,6,1360,1,12,PEUGEOT 207,3,E01001669,0,-1
2021351108268,2021,351108268,1,9,0,18,19,8,4,0,0,0,5,4,0,0,3,1,5,6,3,-1,-1,1360,1,15,PEUGEOT 207,-1,-1,0,-1
2021501086961,2021,501086961,1,9,0,18,19,3,7,0,0,1,0,0,0,0,1,1,6,6,2,38,7,1360,1,11,PEUGEOT 207,6,E01019917,0,-1
20211382F0825,2021,1382F0825,1,9,0,16,19,1,5,0,0,3,1,0,0,0,1,1,2,2,1,20,4,1397,1,14,PEUGEOT 207,2,E01011742,0,-1
2021231061227,2021,231061227,2,9,0,17,19,1,6,0,0,8,0,0,0,0,4,1,6,6,1,49,8,1560,2,13,PEUGEOT 207,7,E01031334,0,-1
2021141030353,2021,141030353,2,9,0,2,2,0,0,0,0,2,0,0,0,0,0,1,6,6,1,26,6,1560,2,12,PEUGEOT 207,1,E01007534,0,-1
2021471101299,2021,471101299,2,9,0,18,19,3,7,0,0,0,0,0,0,0,1,1,2,2,2,48,8,1360,1,12,PEUGEOT 207,3,E01031787,0,-1
2021501022173,2021,501022173,2,9,0,1,1,7,3,0,0,0,0,0,0,0,2,1,6,6,1,56,9,1398,2,11,PEUGEOT 207,5,E01018798,0,-1
2021461080159,2021,461080159,2,9,0,8,8,6,2,0,0,0,0,0,0,0,2,1,5,6,1,69,10,1560,2,14,PEUGEOT 207,6,E01032814,0,-1
2021320004293,2021,320004293,3,9,0,2,2,0,0,0,0,0,0,0,0,0,3,1,6,6,2,61,9,1360,1,11,PEUGEOT 207,-1,-1,0,-1
2021440100646,2021,440100646,1,9,0,18,19,6,2,0,0,0,1,0,5,4,1,1,2,2,2,24,5,1360,1,13,PEUGEOT 207,10,E01023269,0,-1
2021031092859,2021,031092859,1,9,0,18,19,2,6,0,0,4,0,0,0,0,2,1,5,6,1,35,6,1598,1,13,PEUGEOT 207,3,E01020653,0,-1
2021531059947,2021,531059947,1,9,0,18,19,1,5,0,0,4,0,0,1,3,1,1,5,6,2,75,10,1598,1,8,PEUGEOT 207,9,E01022223,0,-1
2021041070827,2021,041070827,1,9,0,18,19,1,5,0,0,1,0,0,0,0,1,1,5,6,2,61,9,1360,1,11,PEUGEOT 207,9,E01025553,0,-1
2021461116624,2021,461116624,2,9,0,2,2,0,0,0,0,1,0,0,0,0,3,1,6,6,3,-1,-1,1598,1,10,PEUGEOT 207,-1,-1,0,-1
2021501109293,2021,501109293,1,9,0,18,19,3,7,0,0,1,1,0,0,0,1,1,6,6,1,19,4,1598,1,13,PEUGEOT 207,2,E01020037,0,-1
202134NNC6261,2021,34NNC6261,1,9,0,13,13,2,6,0,0,0,0,0,1,0,4,1,1,1,1,41,7,1397,1,13,PEUGEOT 207,5,E01025818,0,-1
2021070829293,2021,070829293,2,9,0,2,2,4,8,0,0,0,0,0,0,0,3,1,6,6,2,70,10,1360,1,14,PEUGEOT 207,2,E01012412,0,-1
2021052100365,2021,052100365,2,9,0,3,3,1,4,0,0,1,0,0,0,0,2,1,6,6,2,48,8,1360,1,10,PEUGEOT 207,3,E01006780,0,-1
2021451064929,2021,451064929,2,9,0,18,19,5,1,0,0,0,0,0,0,0,2,1,5,6,2,21,5,1360,1,11,PEUGEOT 207,6,E01020541,0,-1
2021031121364,2021,031121364,2,9,0,18,19,3,7,0,0,8,0,0,0,0,3,1,3,7,1,31,6,1360,1,15,PEUGEOT 207,1,E01019139,0,-1
2021361080547,2021,361080547,1,9,0,17,19,5,8,0,0,8,0,0,0,0,3,1,2,2,1,46,8,1360,1,15,PEUGEOT 207,5,E01018080,0,-1
2021010338360,2021,010338360,1,9,0,9,9,2,8,0,0,5,0,0,0,0,4,1,2,2,1,62,9,1360,1,14,PEUGEOT 207,7,E01003451,0,-1
2021461028388,2021,461028388,3,9,0,3,3,3,7,0,0,0,0,0,0,0,0,1,2,2,1,58,9,1360,1,12,PEUGEOT 207,5,E01024565,0,-1
2021131113281,2021,131113281,2,9,0,3,3,5,1,0,0,1,0,0,0,0,2,1,5,6,1,43,7,1360,1,9,PEUGEOT 207,1,E01011293,0,-1
2021010306775,2021,010306775,1,9,0,9,9,1,7,0,0,5,0,0,0,0,1,1,6,6,2,23,5,1360,1,15,PEUGEOT 207,3,E01000819,0,-1
2021141124843,2021,141124843,2,9,0,18,19,1,2,0,0,0,0,0,0,0,2,1,6,6,1,53,8,1598,1,11,PEUGEOT 207,6,E01028048,0,-1
2021201036783,2021,201036783,2,9,0,18,19,8,4,0,0,0,0,0,0,0,3,1,1,1,1,36,7,1560,2,13,PEUGEOT 207,6,E01029398,0,-1
2021461067455,2021,461067455,2,9,0,18,19,3,7,0,0,0,1,0,7,0,4,1,6,6,1,69,10,1397,1,12,PEUGEOT 207,9,E01024299,0,-1
2021302101470,2021,302101470,1,9,0,4,4,8,4,0,0,1,0,0,0,0,1,1,6,6,2,-1,-1,1360,1,14,PEUGEOT 207,-1,-1,0,-1
2021010339154,2021,010339154,2,9,0,5,5,5,1,0,0,0,0,0,0,0,1,1,6,6,2,24,5,1360,1,14,PEUGEOT 207,3,E01003096,0,-1
2021101033179,2021,101033179,1,9,0,5,5,1,5,0,0,0,0,0,0,0,4,1,2,2,1,63,9,1397,1,11,PEUGEOT 207,1,E01008223,0,-1
2021141038477,2021,141038477,2,9,0,2,2,0,0,0,0,2,0,4,0,0,0,1,1,1,2,30,6,1360,1,10,PEUGEOT 207,2,E01007548,0,-1
2021010316120,2021,010316120,1,9,0,99,99,9,9,99,99,9,9,99,9,99,2,9,6,6,3,44,7,1560,2,7,PEUGEOT 207,3,E01001436,0,-1
2021131102744,2021,131102744,1,9,0,17,19,7,3,0,0,0,1,0,0,0,1,1,6,6,2,31,6,1560,2,12,PEUGEOT 207,6,E01011074,0,-1
2021010344607,2021,010344607,2,9,0,2,2,0,0,0,0,0,0,4,0,0,2,1,6,6,3,-1,-1,1598,1,12,PEUGEOT 207,-1,-1,0,-1
202131C010421,2021,31C010421,2,9,0,18,19,5,1,0,0,8,0,0,0,0,2,1,2,2,1,28,6,1560,2,14,PEUGEOT 207,2,E01013852,0,-1
2021461126775,2021,461126775,2,9,0,18,19,7,2,0,0,0,0,0,5,6,4,1,6,6,2,53,8,1598,1,12,PEUGEOT 207,4,E01024624,0,-1
2021052100508,2021,052100508,1,9,0,18,19,7,3,0,0,8,0,0,0,0,1,1,6,6,2,54,8,1360,1,13,PEUGEOT 207,1,E01006558,0,-1
2021010299667,2021,010299667,1,9,0,99,99,9,9,99,99,0,9,99,9,99,3,9,6,6,1,32,6,1360,1,11,PEUGEOT 207,5,E01003742,0,-1
2021010301266,2021,010301266,1,9,0,99,99,9,9,99,99,9,9,99,9,99,9,9,6,6,1,60,9,1360,1,12,PEUGEOT 207,6,E01002496,0,-1
2021101070274,2021,101070274,2,9,0,18,19,1,6,0,0,0,0,0,0,0,4,1,5,6,1,32,6,1560,2,13,PEUGEOT 207,4,E01008404,0,-1
2021302100675,2021,302100675,1,9,0,7,7,8,3,0,0,0,0,0,0,0,1,1,2,2,2,22,5,1598,1,11,PEUGEOT 207,6,E01019445,0,-1
2021991091685,2021,991091685,1,9,0,11,11,3,7,0,0,0,0,0,0,0,1,1,2,2,1,28,6,1398,2,13,PEUGEOT 207,3,-1,0,-1
2021131099303,2021,131099303,2,9,0,18,19,3,7,0,0,0,0,0,0,0,2,1,5,6,2,58,9,1360,1,11,PEUGEOT 207,8,E01006808,0,-1
2021501025609,2021,501025609,1,9,0,18,19,7,3,0,0,1,0,0,0,0,1,1,6,6,2,33,6,1360,1,15,PEUGEOT 207,5,E01015191,0,-1
2021131085227,2021,131085227,2,9,0,18,19,5,1,0,0,8,0,11,0,0,1,1,6,6,2,51,8,1560,2,11,PEUGEOT 207,2,E01010724,0,-1
2021461038178,2021,461038178,1,9,0,18,19,1,5,0,0,0,0,0,0,0,3,1,6,6,2,58,9,1598,1,9,PEUGEOT 207,8,E01024354,0,-1
2021010301657,2021,010301657,1,9,0,9,9,4,1,2,2,5,0,0,0,0,4,1,2,2,1,28,6,1598,1,13,PEUGEOT 207,2,E01000374,0,-1
2021461095276,2021,461095276,3,9,0,18,19,4,8,0,0,0,0,11,0,0,1,1,5,6,2,-1,-1,1360,1,11,PEUGEOT 207,6,E01016076,0,-1
2021131113201,2021,131113201,1,9,0,18,19,1,3,0,0,0,0,0,0,0,1,1,6,6,3,-1,-1,1560,2,14,PEUGEOT 207,-1,-1,0,-1
2021010346833,2021,010346833,2,9,0,99,99,9,9,99,99,9,9,99,9,99,1,9,6,6,3,-1,-1,1397,1,12,PEUGEOT 207,-1,-1,0,-1
2021052101767,2021,052101767,2,9,0,18,19,3,7,0,0,0,0,0,0,0,2,1,6,6,3,-1,-1,1397,1,12,PEUGEOT 207,-1,-1,0,-1
2021201030131,2021,201030131,3,9,0,18,19,1,5,0,0,1,0,0,0,0,2,1,6,6,1,22,5,1560,2,12,PEUGEOT 207,7,E01008968,0,-1
2021401121487,2021,401121487,1,9,0,17,19,3,7,0,0,0,0,0,7,4,2,1,5,6,2,27,6,1598,1,13,PEUGEOT 207,5,E01018183,0,-1
202154A159621,2021,54A159621,1,9,0,9,9,6,4,0,0,4,0,0,0,0,1,1,2,2,1,62,9,1397,1,10,PEUGEOT 207,9,E01031909,0,-1
2021461022204,2021,461022204,1,9,0,2,2,0,0,0,0,0,0,0,0,0,2,1,1,1,1,40,7,1360,1,15,PEUGEOT 207,7,E01001125,0,-1
2021411052915,2021,411052915,3,9,0,2,2,0,0,0,0,0,0,0,0,0,1,1,5,6,2,24,5,1598,1,13,PEUGEOT 207,-1,-1,0,-1
2021991048473,2021,991048473,1,9,0,13,13,3,7,0,0,1,0,0,7,0,1,1,5,6,1,46,8,1360,1,12,PEUGEOT 207,1,-1,0,-1
2021351018227,2021,351018227,2,9,0,3,3,6,1,0,0,1,0,0,0,0,2,1,5,6,2,32,6,1598,1,12,PEUGEOT 207,7,E01017994,0,-1
2021351067986,2021,351067986,2,9,0,17,19,5,8,0,0,0,0,0,0,0,1,1,5,6,2,73,10,1397,1,9,PEUGEOT 207,1,E01015658,0,-1
2021430184411,2021,430184411,1,9,0,9,9,4,2,0,0,5,5,0,1,0,1,1,6,6,1,72,10,1360,1,13,PEUGEOT 207,5,E01017710,0,-1
2021052101078,2021,052101078,2,9,0,18,19,7,3,0,0,0,0,0,0,0,2,1,6,6,1,39,7,1397,1,12,PEUGEOT 207,2,E01007214,0,-1
2021991024841,2021,991024841,1,9,0,18,19,5,1,0,0,0,0,0,0,0,1,1,5,6,2,88,11,1360,1,12,PEUGEOT 207,10,-1,0,-1
2021991071486,2021,991071486,1,9,0,16,19,3,7,0,0,0,2,0,1,11,1,1,2,2,2,22,5,1398,2,11,PEUGEOT 207,5,-1,0,-1
2021320244683,2021,320244683,1,9,0,9,9,4,2,0,0,6,0,0,0,0,3,1,6,6,2,66,10,1560,2,13,PEUGEOT 207,6,E01026040,0,-1
2021430447914,2021,430447914,1,9,0,18,19,8,4,0,0,1,0,0,0,0,1,1,6,6,2,-1,-1,1360,1,14,PEUGEOT 207,-1,-1,0,-1
2021440138868,2021,440138868,2,9,0,18,19,7,4,0,0,0,0,0,0,0,4,1,6,6,2,-1,-1,1598,1,14,PEUGEOT 207,5,E01022835,0,-1
2021161062077,2021,161062077,2,9,0,18,19,3,7,0,0,4,0,0,0,0,2,1,1,1,2,61,9,1598,1,12,PEUGEOT 207,7,E01012792,0,-1
2021131126238,2021,131126238,1,9,0,18,19,7,3,0,0,0,2,0,1,11,1,1,5,6,1,24,5,1360,1,15,PEUGEOT 207,2,E01010815,0,-1
2021430430602,2021,430430602,1,9,0,18,19,1,5,0,0,0,0,0,0,0,2,1,3,7,2,33,6,1560,2,14,PEUGEOT 207,5,E01017899,0,-1
202131D156321,2021,31D156321,1,9,0,7,7,6,2,0,0,5,0,0,0,0,4,1,6,6,2,21,5,1560,2,14,PEUGEOT 207,10,E01028403,0,-1
2021131042979,2021,131042979,1,9,0,18,19,7,3,0,0,8,0,0,0,0,1,1,6,6,1,27,6,1560,2,9,PEUGEOT 207,1,E01010938,0,-1
2021010337222,2021,010337222,1,9,0,3,3,3,7,0,0,2,0,0,0,0,4,1,1,1,2,57,9,1360,1,11,PEUGEOT 207,1,E01002280,0,-1
2021351078467,2021,351078467,1,9,0,18,19,1,5,0,0,8,0,0,0,0,1,1,6,6,1,23,5,1360,1,15,PEUGEOT 207,2,E01015599,0,-1
2021471091661,2021,471091661,2,9,0,2,2,4,8,0,0,0,0,4,1,0,2,1,6,6,3,-1,-1,1360,1,15,PEUGEOT 207,-1,-1,0,-1
2021221035607,2021,221035607,2,9,0,1,1,7,3,0,0,8,0,4,0,0,2,1,6,6,1,21,5,1560,2,11,PEUGEOT 207,4,E01032397,0,-1
2021461059539,2021,461059539,2,9,0,5,5,7,3,0,0,4,0,0,0,0,1,1,2,2,2,35,6,1360,1,12,PEUGEOT 207,5,E01024673,0,-1
2021111077124,2021,111077124,1,9,0,5,5,5,1,0,0,4,0,0,0,0,3,1,5,6,1,60,9,1598,1,9,PEUGEOT 207,6,E01020697,0,-1
2021361061380,2021,361061380,1,9,0,7,7,3,4,0,0,1,0,0,0,0,1,1,3,7,2,47,8,1360,1,14,PEUGEOT 207,1,E01026800,0,-1
2021501056221,2021,501056221,1,9,0,11,11,1,5,0,0,1,1,0,1,4,1,1,6,6,2,40,7,1360,1,14,PEUGEOT 207,3,E01015249,0,-1
2021320695956,2021,320695956,1,9,0,18,19,6,2,0,0,8,0,0,0,0,1,1,2,2,1,39,7,1560,2,13,PEUGEOT 207,1,E01026157,0,-1
2021141111698,2021,141111698,2,9,0,2,2,1,1,0,0,0,0,0,0,0,3,1,6,6,3,-1,-1,1398,2,10,PEUGEOT 207,-1,-1,0,-1
2021010333424,2021,010333424,1,9,0,9,9,5,2,0,0,5,0,0,0,0,1,1,6,6,1,39,7,1360,1,10,PEUGEOT 207,1,E01003065,0,-1
2021111028153,2021,111028153,1,9,0,18,19,1,5,0,0,0,0,0,0,0,1,1,5,6,1,70,10,1560,2,8,PEUGEOT 207,-1,-1,0,-1