collision_index,collision_year,collision_ref_no,vehicle_reference,vehicle_type,towing_and_articulation,vehicle_manoeuvre_historic,vehicle_manoeuvre,vehicle_direction_from,vehicle_direction_to,vehicle_location_restricted_lane_historic,vehicle_location_restricted_lane,junction_location,skidding_and_overturning,hit_object_in_carriageway,vehicle_leaving_carriageway,hit_object_off_carriageway,first_point_of_impact,vehicle_left_hand_drive,journey_purpose_of_driver_historic,journey_purpose_of_driver,sex_of_driver,age_of_driver,age_band_of_driver,engine_capacity_cc,propulsion_code,age_of_vehicle,generic_make_model,driver_imd_decile,lsoa_of_driver,escooter_flag,driver_distance_banding
2021201057828,2021,201057828,1,9,0,18,19,4,8,0,0,0,1,0,1,10,1,1,6,6,1,-1,-1,1360,1,14,PEUGEOT 207,-1,-1,0,-1
2021061095747,2021,061095747,2,9,0,18,19,6,2,0,0,1,0,0,0,0,1,1,5,6,3,30,6,1360,1,12,PEUGEOT 207,-1,-1,0,-1
2021010343942,2021,010343942,2,9,0,18,19,4,8,0,0,1,0,0,0,0,1,1,6,6,1,65,9,1360,1,15,PEUGEOT 207,7,E01001986,0,-1
202163D089421,2021,63D089421,1,9,0,18,19,8,4,0,0,0,0,0,0,0,1,1,6,6,1,37,7,1560,2,13,PEUGEOT 207,2,E01014048,0,-1
2021061133322,2021,061133322,2,9,0,18,19,5,1,0,0,1,0,0,0,0,1,1,5,6,1,27,6,1360,1,14,PEUGEOT 207,-1,-1,0,-1
2021361116431,2021,361116431,1,9,0,18,19,5,1,0,0,2,1,0,1,11,1,1,5,6,1,18,4,1360,1,14,PEUGEOT 207,8,E01026913,0,-1
2021411099727,2021,411099727,1,9,0,17,19,7,3,0,0,0,5,0,1,0,1,1,6,6,1,34,6,1360,1,9,PEUGEOT 207,7,E01021857,0,-1
2021552101368,2021,552101368,1,9,0,18,19,6,2,0,0,0,2,0,1,11,4,1,2,2,1,35,6,1560,2,12,PEUGEOT 207,8,E01032110,0,-1
2021421071925,2021,421071925,1,9,0,18,19,6,3,0,0,4,0,0,3,0,3,1,2,2,1,73,10,1598,1,13,PEUGEOT 207,2,E01022039,0,-1
2021471065367,2021,471065367,1,9,0,18,19,5,2,0,0,4,0,11,0,0,3,1,1,1,1,66,10,1360,1,11,PEUGEOT 207,4,E01031809,0,-1
2021451127580,2021,451127580,2,9,0,1,1,5,1,0,0,0,0,0,0,0,2,1,6,6,1,30,6,1360,1,9,PEUGEOT 207,6,E01030995,0,-1
2021991042695,2021,991042695,3,9,0,18,19,8,4,0,0,0,0,0,0,0,1,1,5,6,1,65,9,1398,2,13,PEUGEOT 207,6,-1,0,-1
2021451048484,2021,451048484,2,9,0,18,19,1,5,0,0,0,0,0,0,0,1,1,6,6,2,60,9,1398,2,11,PEUGEOT 207,7,E01030423,0,-1
2021041107979,2021,041107979,2,9,0,4,4,5,1,0,0,1,0,0,0,0,2,1,5,6,2,68,10,1560,2,14,PEUGEOT 207,1,E01025120,0,-1
2021302100987,2021,302100987,2,9,0,9,9,2,6,0,0,1,0,0,0,0,3,1,6,6,2,27,6,1598,1,13,PEUGEOT 207,6,E01019502,0,-1
2021070783190,2021,070783190,2,9,0,18,19,3,7,0,0,8,0,0,0,0,2,1,6,6,2,39,7,1360,1,13,PEUGEOT 207,3,E01029591,0,-1
2021041070856,2021,041070856,2,9,0,18,19,5,1,0,0,0,0,0,0,0,2,1,5,6,2,27,6,1360,1,14,PEUGEOT 207,3,E01012732,0,-1
2021430554608,2021,430554608,1,9,0,5,5,4,8,0,0,6,0,0,0,0,1,1,2,2,2,24,5,1398,2,11,PEUGEOT 207,10,E01028710,0,-1
2021361041733,2021,361041733,1,9,0,18,19,5,1,0,0,1,1,0,0,0,1,1,6,6,2,88,11,1560,2,13,PEUGEOT 207,5,E01026744,0,-1
2021010304792,2021,010304792,2,9,0,18,19,5,1,0,0,8,0,0,0,0,3,1,6,6,1,56,9,1360,1,12,PEUGEOT 207,1,E01001958,0,-1
2021522102603,2021,522102603,1,9,0,7,7,3,5,0,0,8,0,0,0,0,3,1,6,6,1,64,9,1398,2,11,PEUGEOT 207,3,E01014370,0,-1
2021991114750,2021,991114750,2,9,0,18,19,3,8,0,0,1,0,0,0,0,4,1,5,6,2,27,6,1598,1,12,PEUGEOT 207,4,-1,0,-1
2021010314323,2021,010314323,2,9,0,18,19,7,3,0,0,0,0,0,0,0,2,1,6,6,1,51,8,1360,1,12,PEUGEOT 207,-1,-1,0,-1
2021430186566,2021,430186566,2,9,0,18,19,5,1,0,0,0,0,0,0,0,2,1,6,6,2,46,8,1560,2,13,PEUGEOT 207,1,E01009570,0,-1
2021501120660,2021,501120660,2,9,0,18,19,3,7,0,0,1,0,0,0,0,1,1,6,6,2,28,6,1397,1,11,PEUGEOT 207,5,E01019019,0,-1
2021543396321,2021,543396321,1,9,0,18,19,8,4,0,0,1,0,0,0,0,1,1,6,6,1,92,11,1360,1,12,PEUGEOT 207,8,E01031883,0,-1
2021371086091,2021,371086091,2,9,0,18,19,8,4,0,0,2,0,0,0,0,3,1,5,6,2,26,6,1397,1,11,PEUGEOT 207,10,E01033319,0,-1
2021361053974,2021,361053974,2,9,0,4,4,5,1,0,0,0,0,0,0,0,2,1,2,2,1,54,8,1398,2,12,PEUGEOT 207,7,E01026914,0,-1
2021471015065,2021,471015065,2,9,0,17,19,7,4,0,0,1,0,0,0,0,1,1,5,6,1,57,9,1398,2,14,PEUGEOT 207,10,E01031638,0,-1
2021211069590,2021,211069590,2,9,0,17,19,7,3,0,0,0,0,0,0,0,1,1,6,6,2,30,6,1397,1,10,PEUGEOT 207,-1,-1,0,-1
2021201129340,2021,201129340,2,9,0,3,3,3,7,0,0,0,0,0,0,0,2,1,6,6,2,29,6,1360,1,12,PEUGEOT 207,-1,-1,0,-1
2021501104889,2021,501104889,1,9,0,18,19,6,2,0,0,4,0,0,0,0,1,1,6,6,1,77,11,1560,2,9,PEUGEOT 207,6,E01019061,0,-1
2021070066552,2021,070066552,1,9,0,18,19,5,1,0,0,0,1,11,1,11,4,1,6,6,2,44,7,1360,1,14,PEUGEOT 207,3,E01005316,0,-1
2021170L11011,2021,170L11011,1,9,0,9,9,8,6,0,0,8,0,0,0,0,1,1,6,6,1,66,10,1560,2,11,PEUGEOT 207,6,E01033472,0,-1
2021522106278,2021,522106278,1,9,0,18,19,5,1,0,0,8,0,0,0,10,1,1,6,6,1,36,7,1360,1,14,PEUGEOT 207,1,E01014799,0,-1
2021010335076,2021,010335076,2,9,0,9,9,3,8,0,0,2,0,0,0,0,1,1,6,6,1,-1,-1,1360,1,14,PEUGEOT 207,4,E01001047,0,-1
2021302100372,2021,302100372,1,9,0,4,4,2,6,0,0,0,0,0,0,0,3,1,2,2,2,17,4,1360,1,12,PEUGEOT 207,5,E01013595,0,-1
2021461054395,2021,461054395,2,9,0,3,3,6,2,0,0,0,0,0,0,0,2,1,6,6,2,44,7,1598,1,14,PEUGEOT 207,3,E01001166,0,-1
2021061034625,2021,061034625,1,9,0,4,4,4,8,0,0,1,1,0,0,0,2,1,2,2,1,33,6,1397,1,10,PEUGEOT 207,1,E01005729,0,-1
2021201078471,2021,201078471,2,9,0,3,3,2,6,0,0,0,0,0,0,0,2,1,6,6,2,41,7,1360,1,12,PEUGEOT 207,1,E01009061,0,-1
2021041096099,2021,041096099,1,9,0,18,19,5,1,0,0,0,1,0,7,2,1,1,5,6,2,25,5,1360,1,14,PEUGEOT 207,1,E01025120,0,-1
2021501060146,2021,501060146,1,9,0,16,19,8,4,0,0,0,1,0,0,0,1,1,6,6,1,20,4,1360,1,12,PEUGEOT 207,5,E01018975,0,-1
2021231036211,2021,231036211,1,9,0,18,19,5,1,0,0,0,0,0,0,0,1,1,5,6,1,28,6,1360,1,13,PEUGEOT 207,4,E01031008,0,-1
2021010314096,2021,010314096,2,9,0,99,99,9,9,0,0,8,0,0,0,0,1,1,6,6,3,-1,-1,1560,2,10,PEUGEOT 207,-1,-1,0,-1
2021991052715,2021,991052715,1,9,0,17,19,6,2,0,0,0,0,0,0,0,0,1,5,6,1,19,4,1398,2,11,PEUGEOT 207,9,-1,0,-1
2021041045900,2021,041045900,1,9,0,18,19,3,7,0,0,8,0,0,0,0,1,2,5,6,1,31,6,1560,2,14,PEUGEOT 207,1,E01033231,0,-1
2021440232472,2021,440232472,1,9,0,18,19,5,1,0,0,2,0,0,0,0,1,1,3,7,1,48,8,1598,1,13,PEUGEOT 207,9,E01022469,0,-1
2021101019645,2021,101019645,2,9,0,16,19,3,7,0,0,0,1,0,1,11,1,1,5,6,1,37,7,1598,1,13,PEUGEOT 207,2,E01020741,0,-1
2021991094254,2021,991094254,1,9,0,9,9,7,4,0,0,0,5,10,1,0,1,1,2,2,2,29,6,1360,1,12,PEUGEOT 207,4,-1,0,-1
2021411113298,2021,411113298,2,9,0,4,4,5,1,0,0,0,0,0,0,0,2,1,2,2,1,23,5,1598,1,9,PEUGEOT 207,3,E01023954,0,-1
2021221066894,2021,221066894,1,9,0,18,19,3,7,0,0,8,0,0,0,0,4,1,6,6,2,36,7,1360,1,14,PEUGEOT 207,1,E01032465,0,-1
202134NNC3551,2021,34NNC3551,1,9,0,18,19,7,3,0,0,1,0,0,0,0,4,1,6,6,2,31,6,1360,1,14,PEUGEOT 207,1,E01026965,0,-1
2021052101127,2021,052101127,1,9,0,18,19,1,5,0,0,1,0,4,0,0,1,1,6,6,2,56,9,1360,1,13,PEUGEOT 207,1,E01006598,0,-1
2021501026988,2021,501026988,1,9,0,18,19,1,5,0,0,0,5,0,0,0,4,1,2,2,2,32,6,1560,2,10,PEUGEOT 207,6,E01018753,0,-1
2021991147280,2021,991147280,1,9,0,13,13,2,6,0,0,0,0,0,0,0,1,1,5,6,2,25,5,1360,1,13,PEUGEOT 207,-1,-1,0,-1
2021302101418,2021,302101418,1,9,0,18,19,8,4,0,0,8,0,0,0,0,1,1,6,6,1,58,9,1560,2,12,PEUGEOT 207,1,E01013583,0,-1
2021161038855,2021,161038855,1,9,0,6,6,5,5,0,0,1,0,0,0,0,1,1,5,6,2,37,7,1560,2,13,PEUGEOT 207,3,E01012943,0,-1
2021041069157,2021,041069157,1,9,0,9,9,1,7,0,0,8,0,0,0,0,1,1,6,6,3,-1,-1,1360,1,13,PEUGEOT 207,-1,-1,0,-1
2021302100300,2021,302100300,2,9,0,18,19,8,4,0,0,0,0,0,0,0,1,1,6,6,1,23,5,1560,2,13,PEUGEOT 207,5,E01019719,0,-1
2021471049216,2021,471049216,1,9,0,18,19,5,1,0,0,0,0,0,0,0,3,1,6,6,2,43,7,1360,1,14,PEUGEOT 207,8,E01021221,0,-1
2021111040733,2021,111040733,2,9,0,12,12,5,5,0,0,0,0,0,0,0,1,1,1,1,2,60,9,1398,2,12,PEUGEOT 207,5,E01020867,0,-1
2021501082300,2021,501082300,2,9,0,5,5,7,2,0,0,8,1,0,0,0,1,1,6,6,1,34,6,1560,2,14,PEUGEOT 207,4,E01019054,0,-1
2021122100496,2021,122100496,1,9,0,4,4,4,8,0,0,1,0,0,0,0,2,2,6,6,1,25,5,1360,1,14,PEUGEOT 207,5,E01027843,0,-1
2021052102379,2021,052102379,2,9,0,18,19,2,6,0,0,8,0,0,1,1,4,1,6,6,2,20,4,1360,1,9,PEUGEOT 207,7,E01018711,0,-1
2021041083883,2021,041083883,2,9,0,18,19,7,3,0,0,2,0,0,0,0,1,1,5,6,1,72,10,1360,1,14,PEUGEOT 207,4,E01012593,0,-1
2021061047821,2021,061047821,2,9,0,18,19,6,2,0,0,1,0,0,1,0,0,1,6,6,1,41,7,1560,2,13,PEUGEOT 207,7,E01025033,0,-1
2021501055832,2021,501055832,1,9,0,18,19,8,4,0,0,1,0,0,1,11,1,1,5,6,1,84,11,1398,2,10,PEUGEOT 207,8,E01020051,0,-1
2021351119590,2021,351119590,2,9,0,18,19,5,1,0,0,1,0,4,0,0,1,1,3,7,2,36,7,1360,1,15,PEUGEOT 207,1,E01015604,0,-1
2021161024535,2021,161024535,2,9,0,7,7,1,3,0,0,6,1,4,0,0,3,1,5,6,2,40,7,1360,1,10,PEUGEOT 207,5,E01012773,0,-1
2021131102435,2021,131102435,1,9,0,16,19,3,7,0,0,0,1,0,8,4,1,1,1,1,1,25,5,1360,1,14,PEUGEOT 207,2,E01011104,0,-1
2021451043179,2021,451043179,3,9,0,2,2,0,0,9,9,1,0,0,0,0,2,1,6,6,3,-1,-1,1360,1,10,PEUGEOT 207,-1,-1,0,-1
2021411016233,2021,411016233,4,9,0,18,19,5,1,0,0,0,0,0,0,0,1,1,6,6,2,37,7,1598,1,14,PEUGEOT 207,6,E01023921,0,-1
2021061106693,2021,061106693,3,9,0,4,4,4,8,0,0,8,0,0,0,0,2,1,6,6,1,59,9,1598,1,10,PEUGEOT 207,3,E01004889,0,-1
2021201108347,2021,201108347,1,9,0,18,19,4,8,0,0,1,0,0,0,0,1,1,6,6,1,77,11,1560,2,13,PEUGEOT 207,6,E01009869,0,-1
2021991094267,2021,991094267,2,9,0,18,19,8,3,0,0,1,0,0,0,0,1,1,5,6,1,42,7,1360,1,11,PEUGEOT 207,-1,-1,0,-1
2021471092781,2021,471092781,1,9,0,5,5,1,5,0,0,4,0,0,0,0,3,1,2,2,1,49,8,1398,2,11,PEUGEOT 207,4,E01031435,0,-1
2021401087519,2021,401087519,1,9,0,-1,-1,-1,-1,0,0,0,-1,0,-1,0,-1,1,6,6,2,28,6,1598,1,10,PEUGEOT 207,1,E01015771,0,-1
2021070029828,2021,070029828,2,9,0,18,19,6,2,0,0,0,0,0,0,0,4,1,6,6,2,43,7,1360,1,15,PEUGEOT 207,2,E01018467,0,-1
2021302101494,2021,302101494,1,9,0,3,3,4,8,0,0,4,0,0,1,1,2,1,6,6,2,26,6,1587,1,15,PEUGEOT 207,4,E01013500,0,-1
2021122101130,2021,122101130,1,9,0,1,1,8,4,0,0,8,0,0,0,0,2,1,6,6,1,46,8,1397,1,13,PEUGEOT 207,9,E01027767,0,-1
2021501032366,2021,501032366,2,9,0,18,19,2,6,0,0,1,0,0,0,0,1,1,2,2,1,47,8,1360,1,11,PEUGEOT 207,4,E01020321,0,-1
2021552200101,2021,552200101,1,9,0,18,19,8,4,0,0,0,0,0,0,0,1,1,6,6,2,65,9,1560,2,11,PEUGEOT 207,7,E01020428,0,-1
2021622100098,2021,622100098,3,9,0,2,2,0,0,0,0,0,0,0,0,0,2,1,6,6,3,-1,-1,1398,2,10,PEUGEOT 207,-1,-1,0,-1
2021041138437,2021,041138437,1,9,0,9,9,4,3,0,0,8,0,0,0,0,1,1,5,6,2,57,9,1360,1,14,PEUGEOT 207,7,E01024923,0,-1
2021991052621,2021,991052621,1,9,0,17,19,7,2,0,0,0,0,0,0,0,1,1,5,6,2,17,4,1360,1,9,PEUGEOT 207,10,-1,0,-1
2021501071353,2021,501071353,2,9,0,3,3,3,7,0,0,0,0,0,0,0,2,1,6,6,1,63,9,1360,1,14,PEUGEOT 207,4,E01015269,0,-1
2021141051095,2021,141051095,1,9,0,5,5,2,6,0,0,8,0,0,0,0,3,1,5,6,2,49,8,1360,1,13,PEUGEOT 207,10,E01007934,0,-1
2021010351057,2021,010351057,2,9,0,99,99,9,9,99,99,0,9,99,9,99,9,9,6,6,3,20,4,1598,1,13,PEUGEOT 207,7,E01001986,0,-1
2021170L21151,2021,170L21151,1,9,0,17,19,4,2,0,0,0,5,0,2,0,4,1,6,6,2,73,10,1598,1,8,PEUGEOT 207,-1,-1,0,-1
2021401061162,2021,401061162,2,9,0,4,4,4,8,0,0,6,0,0,0,0,4,1,5,6,1,33,6,1360,1,13,PEUGEOT 207,2,E01017594,0,-1
2021320529602,2021,320529602,2,9,0,2,2,0,0,0,0,0,0,0,0,0,2,1,6,6,3,40,7,1360,1,14,PEUGEOT 207,-1,-1,0,-1
2021371070920,2021,371070920,2,9,0,3,3,7,3,0,0,0,0,0,0,0,2,1,5,6,2,22,5,1360,1,10,PEUGEOT 207,7,E01029991,0,-1
2021302100171,2021,302100171,1,9,0,18,19,4,8,0,0,2,0,0,0,0,1,1,6,6,1,26,6,1598,1,14,PEUGEOT 207,2,E01019497,0,-1
2021311125627,2021,311125627,2,9,0,9,9,5,1,0,0,8,0,0,0,0,1,1,5,6,2,80,11,1397,1,13,PEUGEOT 207,-1,-1,0,-1
2021421106839,2021,421106839,1,9,0,18,19,6,3,0,0,0,0,0,0,0,1,1,6,6,1,23,5,1398,2,12,PEUGEOT 207,4,E01021374,0,-1
20211383N1738,2021,1383N1738,2,9,0,9,9,1,7,0,0,8,5,0,0,0,4,1,6,6,1,29,6,1360,1,10,PEUGEOT 207,3,E01011229,0,-1
2021440451680,2021,440451680,1,9,0,18,19,6,2,0,0,8,0,0,0,0,3,1,2,2,1,58,9,1360,1,14,PEUGEOT 207,3,E01023205,0,-1
2021320602720,2021,320602720,1,9,0,7,7,4,6,0,0,5,5,0,7,7,1,1,6,6,1,24,5,1360,1,14,PEUGEOT 207,1,E01013456,0,-1
20211383Q1164,2021,1383Q1164,1,9,0,17,19,1,5,0,0,0,0,0,1,2,1,1,6,6,3,-1,-1,1397,1,14,PEUGEOT 207,-1,-1,0,-1
2021471069884,2021,471069884,1,9,0,18,19,2,8,0,0,0,0,0,7,4,3,1,5,6,1,51,8,1587,1,14,PEUGEOT 207,4,E01021006,0,-1
2021111040166,2021,111040166,1,9,0,9,9,8,4,0,0,8,0,0,0,0,4,1,1,1,1,19,4,1560,2,14,PEUGEOT 207,3,E01020674,0,-1
2021552100229,2021,552100229,2,9,0,18,19,8,4,0,0,0,0,0,0,0,1,1,6,6,2,42,7,1560,2,15,PEUGEOT 207,3,E01015426,0,-1
2021070654817,2021,070654817,1,9,0,9,9,1,7,0,0,8,0,0,0,0,1,1,6,6,1,31,6,1598,1,12,PEUGEOT 207,6,E01018627,0,-1
2021302101428,2021,302101428,1,9,0,9,9,7,5,0,0,6,0,0,0,0,4,1,6,6,2,34,6,1598,1,12,PEUGEOT 207,8,E01019811,0,-1
2021201143712,2021,201143712,1,9,0,18,19,-1,-1,0,0,0,0,0,0,0,2,1,6,6,2,-1,-1,1360,1,11,PEUGEOT 207,5,E01009246,0,-1
2021320207917,2021,320207917,2,9,0,4,4,7,3,0,0,1,0,1,1,0,2,1,1,1,1,52,8,1360,1,9,PEUGEOT 207,-1,-1,0,-1
2021041059932,2021,041059932,1,9,0,9,9,1,3,0,0,1,0,0,0,0,1,1,6,6,1,53,8,1360,1,14,PEUGEOT 207,5,E01012706,0,-1
2021201052303,2021,201052303,2,9,0,18,19,2,6,0,0,1,0,0,0,0,4,1,1,1,1,48,8,1560,2,12,PEUGEOT 207,1,E01008940,0,-1
2021161116651,2021,161116651,2,9,0,14,14,7,3,0,0,0,0,0,0,0,1,1,2,2,1,62,9,1560,2,8,PEUGEOT 207,9,E01012965,0,-1
2021991141516,2021,991141516,3,9,0,18,19,3,8,0,0,0,0,0,0,0,0,1,5,6,2,54,8,1560,2,8,PEUGEOT 207,-1,-1,0,-1
2021520104817,2021,520104817,1,9,0,18,19,8,4,0,0,0,0,0,1,10,1,1,6,6,1,25,5,1397,1,13,PEUGEOT 207,3,E01015426,0,-1
2021010297838,2021,010297838,2,9,0,99,99,9,9,99,99,9,9,99,9,99,2,9,6,6,3,21,5,1360,1,15,PEUGEOT 207,2,E01001976,0,-1
2021461106254,2021,461106254,2,9,0,10,10,3,7,0,0,0,0,0,0,0,3,1,5,6,1,27,6,1360,1,14,PEUGEOT 207,6,E01024367,0,-1
2021501018575,2021,501018575,3,9,0,2,2,0,0,0,0,0,0,0,0,0,2,1,5,6,1,21,5,1360,1,15,PEUGEOT 207,4,E01018929,0,-1
2021622100480,2021,622100480,5,9,0,2,2,0,0,0,0,0,0,0,0,0,1,1,6,6,3,-1,-1,1398,2,12,PEUGEOT 207,-1,-1,0,-1
2021141104043,2021,141104043,1,9,0,9,9,1,7,0,0,1,0,0,0,0,2,1,5,6,2,72,10,1598,1,13,PEUGEOT 207,9,E01007921,0,-1
2021461121855,2021,461121855,1,9,0,18,19,6,2,0,0,0,0,0,0,0,1,1,5,6,2,27,6,1360,1,11,PEUGEOT 207,9,E01031711,0,-1
2021471044211,2021,471044211,2,9,0,18,19,3,7,0,0,8,0,0,0,0,1,1,5,6,2,69,10,1360,1,12,PEUGEOT 207,6,E01031538,0,-1
2021201116068,2021,201116068,1,9,0,18,19,4,1,0,0,6,1,0,0,0,1,1,5,6,1,20,4,1360,1,14,PEUGEOT 207,6,E01010023,0,-1
2021010305297,2021,010305297,1,9,0,9,9,7,4,4,4,8,0,0,0,0,1,1,6,6,1,29,6,1360,1,11,PEUGEOT 207,8,E01024185,0,-1
2021041099092,2021,041099092,1,9,0,9,9,2,6,0,0,8,0,0,0,0,4,1,2,2,2,38,7,1560,2,13,PEUGEOT 207,2,E01024886,0,-1
2021221034362,2021,221034362,2,9,0,17,19,3,8,0,0,0,0,0,0,0,1,1,5,6,1,71,10,1360,1,10,PEUGEOT 207,1,E01032424,0,-1
2021461068201,2021,461068201,1,9,0,18,19,1,6,0,0,0,5,0,7,0,3,1,6,6,1,24,5,1397,1,13,PEUGEOT 207,4,E01024528,0,-1
2021041128689,2021,041128689,1,9,0,16,19,7,3,0,0,0,0,0,7,10,1,1,5,6,2,29,6,1397,1,13,PEUGEOT 207,8,E01025498,0,-1
2021501084528,2021,501084528,1,9,0,18,19,1,5,0,0,1,0,0,0,0,1,1,6,6,1,30,6,1560,2,15,PEUGEOT 207,2,E01020016,0,-1
2021201066101,2021,201066101,3,9,0,4,4,3,5,0,0,4,0,0,0,0,3,1,5,6,2,27,6,1397,1,13,PEUGEOT 207,4,E01009226,0,-1
2021070594530,2021,070594530,1,9,0,5,5,5,1,0,0,1,0,0,0,0,1,1,6,6,1,33,6,1560,2,12,PEUGEOT 207,1,E01012397,0,-1
2021010292906,2021,010292906,1,9,0,99,99,9,9,99,99,9,9,99,9,99,9,9,6,6,1,28,6,1598,1,14,PEUGEOT 207,4,E01003333,0,-1
2021991108272,2021,991108272,2,9,0,9,9,7,5,0,0,1,0,0,0,0,1,1,6,6,1,40,7,1598,1,14,PEUGEOT 207,-1,-1,0,-1
2021221091534,2021,221091534,2,9,0,4,4,5,1,0,0,0,0,0,0,0,2,1,5,6,1,58,9,1560,2,11,PEUGEOT 207,6,E01006271,0,-1
2021041093696,2021,041093696,1,9,0,9,9,7,3,0,0,5,0,0,7,0,1,1,5,6,2,42,7,1360,1,10,PEUGEOT 207,8,E01025602,0,-1
2021201048464,2021,201048464,1,9,0,1,1,4,8,9,9,0,0,0,0,0,2,1,6,6,2,39,7,1360,1,11,PEUGEOT 207,2,E01010429,0,-1
2021041113909,2021,041113909,1,9,0,18,19,5,3,0,0,4,0,0,0,0,1,1,5,6,2,35,6,1360,1,13,PEUGEOT 207,-1,-1,0,-1
2021170S10861,2021,170S10861,1,9,0,9,9,7,5,0,0,8,0,0,0,0,1,1,6,6,1,18,4,1398,2,12,PEUGEOT 207,3,E01012282,0,-1
2021522104980,2021,522104980,2,9,0,9,9,7,5,0,0,8,0,0,0,0,1,1,6,6,3,30,6,1360,1,15,PEUGEOT 207,-1,-1,0,-1
2021461092811,2021,461092811,1,9,0,14,14,5,1,0,0,2,0,0,0,0,1,1,6,6,1,29,6,1560,2,12,PEUGEOT 207,3,E01016047,0,-1
2021131087251,2021,131087251,2,9,0,9,9,5,3,0,0,6,0,0,0,0,1,1,2,2,2,24,5,1360,1,9,PEUGEOT 207,6,E01011226,0,-1
202131A012821,2021,31A012821,1,9,0,9,9,7,5,0,0,5,0,0,0,0,1,1,6,6,1,59,9,1560,2,8,PEUGEOT 207,4,E01028252,0,-1
2021231065652,2021,231065652,1,9,0,18,19,8,4,0,0,0,5,10,2,10,4,1,2,2,2,62,9,1598,1,14,PEUGEOT 207,6,E01031221,0,-1
2021421102806,2021,421102806,1,9,0,18,19,5,1,0,0,0,0,0,0,0,1,1,2,2,1,30,6,1360,1,14,PEUGEOT 207,9,E01021804,0,-1
2021010291402,2021,010291402,1,9,0,9,9,3,8,0,0,6,0,0,0,0,1,1,6,6,1,61,9,1360,1,11,PEUGEOT 207,2,E01000143,0,-1
2021061033346,2021,061033346,4,9,0,2,2,0,0,0,0,0,0,0,0,0,4,1,6,6,3,-1,-1,1560,2,9,PEUGEOT 207,-1,-1,0,-1
2021070451360,2021,070451360,1,9,0,18,19,8,4,0,0,0,0,0,0,0,3,1,1,1,2,-1,-1,1360,1,13,PEUGEOT 207,9,E01012568,0,-1
2021010311723,2021,010311723,1,9,0,9,9,5,3,4,4,5,0,0,0,0,4,1,6,6,1,24,5,1360,1,14,PEUGEOT 207,2,E01001940,0,-1
2021451075644,2021,451075644,1,9,0,18,19,1,5,0,0,0,0,0,7,0,1,1,2,2,1,22,5,1360,1,11,PEUGEOT 207,5,E01030464,0,-1
2021461113076,2021,461113076,1,9,0,9,9,3,7,0,0,0,0,0,0,0,3,1,2,2,1,57,9,1560,2,11,PEUGEOT 207,4,E01016097,0,-1
2021122100294,2021,122100294,1,9,0,18,19,1,5,0,0,0,1,0,7,9,2,1,6,6,1,34,6,1360,1,14,PEUGEOT 207,3,E01013445,0,-1
2021371029939,2021,371029939,2,9,0,2,2,0,0,0,0,0,0,0,0,0,2,1,6,6,3,-1,-1,1598,1,14,PEUGEOT 207,-1,-1,0,-1
2021010301127,2021,010301127,1,9,0,5,5,1,5,0,0,3,0,0,0,0,4,1,6,6,1,20,4,1360,1,12,PEUGEOT 207,5,E01003130,0,-1
2021041075654,2021,041075654,2,9,0,9,9,1,7,0,0,3,0,0,0,0,4,1,2,2,1,53,8,1360,1,10,PEUGEOT 207,1,E01024855,0,-1
2021451058627,2021,451058627,1,9,0,18,19,2,6,0,0,0,0,0,1,1,1,1,5,6,2,27,6,1360,1,13,PEUGEOT 207,8,E01030478,0,-1
2021010342299,2021,010342299,1,9,0,9,9,3,1,0,0,1,0,0,0,0,1,1,6,6,2,22,5,1360,1,14,PEUGEOT 207,-1,-1,0,-1
2021052102879,2021,052102879,1,9,0,18,19,7,3,0,0,8,0,0,0,0,1,1,6,6,2,58,9,1360,1,14,PEUGEOT 207,2,E01006712,0,-1
2021501096578,2021,501096578,1,9,0,18,19,7,3,0,0,0,1,0,1,7,1,1,5,6,1,19,4,1560,2,15,PEUGEOT 207,8,E01032373,0,-1
2021610050521,2021,610050521,1,9,0,3,3,7,3,0,0,4,0,0,0,0,2,1,6,6,1,42,7,1598,1,14,PEUGEOT 207,10,W01001854,0,-1
2021471033166,2021,471033166,2,9,0,17,19,1,6,0,0,8,1,0,1,0,1,1,2,2,1,50,8,1360,1,10,PEUGEOT 207,10,E01031729,0,-1
202131C190021,2021,31C190021,2,9,0,18,19,2,6,0,0,1,0,0,0,0,1,1,6,6,1,-1,-1,1360,1,11,PEUGEOT 207,3,E01033398,0,-1
2021991061422,2021,991061422,1,9,0,18,19,8,4,0,0,1,0,0,0,0,1,1,6,6,2,52,8,1360,1,10,PEUGEOT 207,9,-1,0,-1
2021010346281,2021,010346281,1,9,0,9,9,2,7,0,0,5,0,0,7,0,1,1,6,6,1,56,9,1360,1,11,PEUGEOT 207,9,E01002935,0,-1
2021440498788,2021,440498788,1,9,0,18,19,1,5,0,0,6,0,0,0,0,1,1,6,6,2,18,4,1360,1,14,PEUGEOT 207,7,E01022737,0,-1
2021052100251,2021,052100251,1,9,0,18,19,5,1,0,0,2,0,0,1,10,4,1,6,6,2,32,6,1360,1,10,PEUGEOT 207,9,E01007081,0,-1
2021471068710,2021,471068710,2,9,0,2,2,0,0,0,0,0,0,0,0,0,3,1,6,6,3,-1,-1,1560,2,10,PEUGEOT 207,-1,-1,0,-1