collision_index,collision_year,collision_ref_no,vehicle_reference,vehicle_type,towing_and_articulation,vehicle_manoeuvre_historic,vehicle_manoeuvre,vehicle_direction_from,vehicle_direction_to,vehicle_location_restricted_lane_historic,vehicle_location_restricted_lane,junction_location,skidding_and_overturning,hit_object_in_carriageway,vehicle_leaving_carriageway,hit_object_off_carriageway,first_point_of_impact,vehicle_left_hand_drive,journey_purpose_of_driver_historic,journey_purpose_of_driver,sex_of_driver,age_of_driver,age_band_of_driver,engine_capacity_cc,propulsion_code,age_of_vehicle,generic_make_model,driver_imd_decile,lsoa_of_driver,escooter_flag,driver_distance_banding
2021010294483,2021,010294483,2,9,0,18,19,5,1,0,0,8,0,0,0,0,3,1,6,6,1,34,6,1360,1,14,PEUGEOT 207,2,E01032564,0,-1
2021461103003,2021,461103003,3,9,0,18,19,7,2,0,0,0,0,0,1,0,1,1,2,2,1,63,9,1360,1,15,PEUGEOT 207,10,E01024408,0,-1
2021010344103,2021,010344103,1,9,0,18,19,1,5,0,0,0,0,0,7,10,1,1,2,2,1,39,7,1397,1,13,PEUGEOT 207,2,E01001441,0,-1
2021461053617,2021,461053617,1,9,0,18,19,7,3,0,0,0,0,0,0,0,1,1,6,6,2,31,6,1360,1,13,PEUGEOT 207,5,E01024774,0,-1
2021070689101,2021,070689101,2,9,0,18,19,2,6,0,0,1,0,0,0,0,3,1,6,6,1,27,6,1360,1,15,PEUGEOT 207,2,E01018477,0,-1
2021421022306,2021,421022306,1,9,0,18,19,4,8,0,0,0,0,0,0,0,1,1,2,2,1,35,6,1560,2,14,PEUGEOT 207,7,E01018002,0,-1
2021010310226,2021,010310226,1,9,0,18,19,5,1,0,0,1,0,0,0,0,1,1,6,6,1,59,9,1360,1,14,PEUGEOT 207,1,E01001558,0,-1
202131D108021,2021,31D108021,3,9,0,2,2,0,0,0,0,1,0,0,0,0,2,1,6,6,3,-1,-1,1560,2,9,PEUGEOT 207,-1,-1,0,-1
2021122200017,2021,122200017,2,9,0,10,10,3,7,0,0,1,0,0,0,0,4,1,6,6,1,72,10,1360,1,10,PEUGEOT 207,8,E01027839,0,-1
2021201028723,2021,201028723,1,9,0,9,9,4,2,0,0,6,0,0,0,0,1,1,6,6,1,-1,-1,1560,2,11,PEUGEOT 207,-1,-1,0,-1
2021010352164,2021,010352164,2,9,0,99,99,9,9,99,99,9,9,99,9,99,9,9,6,6,3,-1,-1,1360,1,13,PEUGEOT 207,-1,-1,0,-1
2021501102582,2021,501102582,1,9,0,17,19,7,3,0,0,0,0,0,0,0,1,1,1,1,1,38,7,1360,1,13,PEUGEOT 207,2,E01015259,0,-1
2021421037858,2021,421037858,1,9,0,9,9,1,7,0,0,8,0,0,0,0,1,1,6,6,1,31,6,1360,1,9,PEUGEOT 207,7,E01021914,0,-1
2021371081169,2021,371081169,1,9,0,9,9,5,3,0,0,3,1,0,0,0,3,1,5,6,1,45,7,1598,1,14,PEUGEOT 207,7,E01030243,0,-1
2021991084039,2021,991084039,1,3,0,17,19,2,7,0,0,0,2,0,0,0,1,1,2,2,1,18,4,84,1,19,-1,1,-1,0,-1
2021070869626,2021,070869626,1,3,0,18,19,1,5,0,0,0,2,0,0,0,1,1,6,6,1,24,5,124,1,11,-1,8,E01018718,0,-1
2021010344229,2021,010344229,2,3,0,18,19,7,3,0,0,1,0,0,0,0,1,1,2,2,1,41,7,124,1,13,-1,2,E01001735,0,-1
2021010339118,2021,010339118,2,3,0,9,9,1,7,0,0,3,0,0,0,0,4,1,6,6,1,21,5,124,1,11,-1,2,E01003502,0,-1
2021010340362,2021,010340362,1,4,0,18,19,5,1,0,0,1,0,0,0,0,1,1,6,6,1,34,6,244,1,11,-1,2,E01021183,0,-1
2021010317941,2021,010317941,1,3,0,16,19,3,7,0,0,0,0,11,2,2,1,1,6,6,1,17,4,124,1,12,-1,6,E01002670,0,-1
2021411118756,2021,411118756,1,9,0,18,19,1,5,0,0,1,0,0,0,0,1,1,5,6,1,50,8,1498,1,1,SKODA KAROQ,5,E01017440,0,-1
2021052102799,2021,052102799,2,9,0,18,19,3,7,0,0,0,0,0,0,0,3,1,6,6,1,50,8,999,1,1,SKODA KAROQ,7,E01006530,0,-1
2021221106793,2021,221106793,1,9,0,17,19,8,5,0,0,0,0,0,1,11,1,1,5,6,1,62,9,1498,1,2,SKODA KAROQ,8,E01032287,0,-1
2021201141679,2021,201141679,2,9,0,18,19,7,3,0,0,8,0,0,0,0,1,1,6,6,1,31,6,1598,2,3,SKODA KAROQ,2,E01009342,0,-1
2021052200031,2021,052200031,2,9,0,3,3,9,9,0,0,1,0,0,0,0,2,1,6,6,1,58,9,1968,2,2,SKODA KAROQ,5,E01006474,0,-1
2021131050114,2021,131050114,2,9,0,10,10,2,6,0,0,0,0,0,0,0,2,1,6,6,2,62,9,1498,1,1,SKODA KAROQ,1,E01010800,0,-1
2021122101521,2021,122101521,2,9,0,4,4,1,5,0,0,0,0,0,0,0,2,1,6,6,1,22,5,1598,2,1,SKODA KAROQ,3,E01013366,0,-1
2021131121877,2021,131121877,2,9,0,18,19,3,7,0,0,8,0,0,0,0,2,1,5,6,1,59,9,1498,1,3,SKODA KAROQ,6,E01010590,0,-1
2021010317870,2021,010317870,2,9,0,99,99,9,9,99,99,9,9,99,9,99,1,9,6,6,2,80,11,1498,1,1,SKODA KAROQ,7,E01004505,0,-1
202163A080421,2021,63A080421,1,9,0,7,7,6,8,0,0,6,0,0,0,0,3,1,6,6,1,67,10,1968,2,0,SKODA KAROQ,6,W01000673,0,-1
2021430183999,2021,430183999,1,9,0,18,19,3,7,0,0,0,5,0,0,0,1,1,6,6,2,74,10,1498,1,3,SKODA KAROQ,7,E01016770,0,-1
2021351061609,2021,351061609,2,9,0,18,19,4,8,0,0,1,0,0,0,0,1,1,5,6,2,62,9,1598,2,2,SKODA KAROQ,7,E01029668,0,-1
2021351072639,2021,351072639,1,9,0,18,19,4,8,0,0,0,0,2,1,9,4,1,5,6,1,56,9,1498,1,0,SKODA KAROQ,2,E01017472,0,-1
2021201149305,2021,201149305,1,9,0,9,9,7,6,0,0,6,0,0,0,0,3,1,6,6,2,43,7,1498,1,1,SKODA KAROQ,8,E01009812,0,-1
202131A074021,2021,31A074021,1,9,0,2,2,0,0,0,0,1,0,0,0,0,4,1,6,6,1,77,11,999,1,3,SKODA KAROQ,4,E01028252,0,-1
2021991085011,2021,991085011,2,9,0,18,19,3,6,0,0,1,0,0,0,0,1,1,1,1,1,37,7,999,1,2,SKODA KAROQ,7,-1,0,-1
2021991140317,2021,991140317,2,9,0,18,19,7,3,0,0,1,0,0,0,0,3,1,6,6,2,71,10,1498,1,3,SKODA KAROQ,4,E01027381,0,-1
2021010335310,2021,010335310,1,9,0,5,5,1,5,0,0,1,0,0,0,0,1,1,6,6,1,75,10,1498,1,2,SKODA KAROQ,6,E01004070,0,-1
2021471031538,2021,471031538,2,9,0,3,3,4,8,0,0,4,0,0,0,0,2,1,5,6,1,64,9,1498,1,1,SKODA KAROQ,10,E01023526,0,-1
2021451099323,2021,451099323,1,9,0,18,19,1,1,0,0,8,0,0,0,0,1,1,5,6,1,64,9,1498,1,2,SKODA KAROQ,10,E01030671,0,-1
2021991072342,2021,991072342,1,9,0,18,19,2,5,0,0,0,0,0,0,0,1,1,6,6,1,50,8,1598,2,2,SKODA KAROQ,5,-1,0,-1
2021211127975,2021,211127975,2,9,0,18,19,1,3,0,0,1,0,0,0,0,3,1,5,6,1,55,8,1968,2,2,SKODA KAROQ,6,E01029371,0,-1
2021061109562,2021,061109562,2,9,0,18,19,7,3,0,0,8,0,0,0,0,4,1,6,6,2,30,6,999,1,3,SKODA KAROQ,-1,-1,0,-1
2021201109929,2021,201109929,1,9,0,9,9,5,3,0,0,6,0,0,0,0,3,1,3,7,2,40,7,999,1,3,SKODA KAROQ,6,E01009681,0,-1
2021411106285,2021,411106285,1,9,0,5,5,8,4,0,0,4,0,0,0,0,1,1,6,6,1,-1,-1,1498,1,2,SKODA KAROQ,-1,-1,0,-1
2021451122119,2021,451122119,2,9,0,18,19,7,1,0,0,4,0,0,0,0,1,1,6,6,2,28,6,1498,1,3,SKODA KAROQ,10,E01030689,0,-1
2021141126406,2021,141126406,1,9,0,18,19,5,1,0,0,1,0,0,0,0,2,1,5,6,2,27,6,1498,1,0,SKODA KAROQ,4,E01007731,0,-1
2021461114866,2021,461114866,2,9,0,2,2,0,0,0,0,0,0,4,0,0,4,1,5,6,1,68,10,1498,1,0,SKODA KAROQ,1,E01016069,0,-1
2021231071569,2021,231071569,4,9,0,2,2,0,0,0,0,0,0,4,0,0,2,1,6,6,3,-1,-1,999,1,3,SKODA KAROQ,-1,-1,0,-1
2021430250033,2021,430250033,1,9,0,4,4,8,4,0,0,0,0,0,0,0,2,1,6,6,1,73,10,1498,1,3,SKODA KAROQ,9,E01017829,0,-1
2021520105132,2021,520105132,2,9,0,18,19,3,7,0,0,0,0,0,0,0,1,1,6,6,2,40,7,1498,1,1,SKODA KAROQ,9,E01026998,0,-1
2021141112762,2021,141112762,1,9,0,3,3,1,5,0,0,0,0,0,0,0,2,1,6,6,1,57,9,1498,1,1,SKODA KAROQ,3,E01007504,0,-1
2021544858221,2021,544858221,3,9,0,18,19,4,8,0,0,8,0,0,0,0,4,1,6,6,1,58,9,1968,2,3,SKODA KAROQ,9,E01031965,0,-1
2021010308429,2021,010308429,2,9,0,8,8,8,2,0,0,2,0,0,0,0,1,1,6,6,1,37,7,1498,1,3,SKODA KAROQ,4,E01003119,0,-1
2021501172565,2021,501172565,1,9,0,5,5,1,4,0,0,8,0,0,0,0,1,1,5,6,2,67,10,1598,2,2,SKODA KAROQ,9,E01019940,0,-1
202106A079856,2021,06A079856,2,9,0,3,3,6,6,0,0,1,0,0,0,0,2,1,6,6,2,55,8,1498,1,1,SKODA KAROQ,2,E01005136,0,-1
2021421089321,2021,421089321,2,9,0,18,19,3,7,0,0,1,0,0,0,0,1,1,5,6,1,32,6,1498,1,3,SKODA KAROQ,7,E01021857,0,-1
2021061092848,2021,061092848,2,9,0,18,19,8,4,0,0,8,0,0,0,0,2,1,6,6,2,54,8,1968,2,2,SKODA KAROQ,6,E01005832,0,-1
2021010304506,2021,010304506,2,9,0,3,3,7,3,0,0,0,0,0,0,0,3,1,2,2,1,49,8,1498,1,1,SKODA KAROQ,1,E01015887,0,-1
2021070729564,2021,070729564,2,8,0,18,19,2,6,0,0,0,0,0,0,0,3,1,3,7,2,56,9,1498,1,0,SKODA KAROQ,8,E01018395,0,-1
2021461085585,2021,461085585,2,9,0,18,19,1,5,0,0,0,0,0,0,0,3,1,6,6,1,64,9,1498,1,0,SKODA KAROQ,5,E01024223,0,-1
2021041197536,2021,041197536,1,9,0,18,19,1,5,0,0,0,0,0,0,0,1,1,6,6,1,75,10,1498,1,1,SKODA KAROQ,1,E01025227,0,-1
2021010321401,2021,010321401,2,9,0,4,4,3,7,0,0,1,0,0,0,0,2,1,6,6,1,36,7,1598,2,2,SKODA KAROQ,2,E01001633,0,-1
2021201089812,2021,201089812,1,9,0,3,3,-1,-1,0,0,0,0,0,0,0,1,1,6,6,2,-1,-1,1498,1,2,SKODA KAROQ,-1,-1,0,-1
2021101058193,2021,101058193,2,9,0,4,4,4,8,0,0,1,0,0,0,0,2,1,5,6,1,57,9,1968,2,1,SKODA KAROQ,-1,-1,0,-1
2021471034739,2021,471034739,3,9,0,4,4,6,2,0,0,0,0,0,0,0,2,1,6,6,2,58,9,1498,1,3,SKODA KAROQ,9,E01031769,0,-1
2021361042823,2021,361042823,2,9,0,9,9,4,1,0,0,8,1,0,0,0,4,1,5,6,1,65,9,1598,2,3,SKODA KAROQ,6,E01018304,0,-1
2021471066965,2021,471066965,2,9,0,18,19,8,4,0,0,0,0,0,0,0,4,1,5,6,2,49,8,1498,1,0,SKODA KAROQ,10,E01021162,0,-1
2021010318144,2021,010318144,3,9,0,4,4,5,1,0,0,0,0,0,0,0,2,1,6,6,1,41,7,1498,1,0,SKODA KAROQ,9,E01000344,0,-1
2021371090079,2021,371090079,5,9,0,2,2,0,0,0,0,2,0,0,0,0,2,1,6,6,3,-1,-1,999,1,1,SKODA KAROQ,-1,-1,0,-1
2021201058846,2021,201058846,1,9,0,6,6,5,1,0,0,0,0,0,0,0,3,1,6,6,1,26,6,1498,1,0,SKODA KAROQ,5,E01002489,0,-1
2021010345557,2021,010345557,1,9,0,2,2,0,0,99,99,9,9,99,9,99,1,9,6,6,1,52,8,1598,2,2,SKODA KAROQ,-1,-1,0,-1
2021041038204,2021,041038204,1,9,0,5,5,6,2,0,0,1,0,0,0,0,2,1,2,2,1,51,8,1598,2,3,SKODA KAROQ,3,E01024883,0,-1
2021061076664,2021,061076664,1,9,0,18,19,1,5,0,0,0,0,0,0,0,0,1,6,6,1,24,5,999,1,1,SKODA KAROQ,1,E01005434,0,-1
2021302101280,2021,302101280,2,9,0,18,19,6,2,0,0,8,0,0,0,0,1,1,6,6,1,80,11,999,1,3,SKODA KAROQ,7,E01019472,0,-1
2021411138526,2021,411138526,2,9,0,18,19,2,6,0,0,1,0,0,0,0,1,1,5,6,1,42,7,1498,1,0,SKODA KAROQ,10,E01023878,0,-1
2021010314956,2021,010314956,1,9,0,7,7,3,5,0,0,6,0,0,0,0,1,1,6,6,1,59,9,1598,2,3,SKODA KAROQ,3,E01001298,0,-1
2021201146351,2021,201146351,2,9,0,4,4,4,8,0,0,2,0,0,0,0,2,1,2,2,1,46,8,1598,2,2,SKODA KAROQ,7,E01032130,0,-1
2021161106484,2021,161106484,3,9,0,3,3,6,2,0,0,2,0,0,0,0,2,1,6,6,2,53,8,1498,1,1,SKODA KAROQ,10,E01013064,0,-1
2021010305863,2021,010305863,1,9,0,5,5,1,5,0,0,2,0,0,0,0,2,1,6,6,1,40,7,1498,1,2,SKODA KAROQ,6,E01002422,0,-1
2021430328871,2021,430328871,2,9,0,18,19,2,6,0,0,0,0,0,0,0,3,1,6,6,1,69,10,1598,2,1,SKODA KAROQ,10,E01017865,0,-1
2021522102461,2021,522102461,1,9,0,11,11,3,7,0,0,8,0,0,0,0,4,1,6,6,1,48,8,1598,2,2,SKODA KAROQ,10,E01014395,0,-1
2021320379445,2021,320379445,2,9,0,18,19,8,4,0,0,0,0,0,0,0,2,1,6,6,2,42,7,1598,2,3,SKODA KAROQ,2,-1,0,-1
2021041057497,2021,041057497,4,9,0,17,19,1,1,0,0,0,0,0,0,0,1,1,5,6,1,46,8,1598,2,2,SKODA KAROQ,5,E01025017,0,-1
2021061082101,2021,061082101,1,9,0,6,6,1,5,0,0,0,0,0,0,0,3,1,5,6,1,62,9,999,1,0,SKODA KAROQ,5,E01004785,0,-1
2021061077347,2021,061077347,2,9,0,11,11,7,3,0,0,0,0,0,0,0,1,1,5,6,3,30,6,1498,1,2,SKODA KAROQ,-1,-1,0,-1
2021461065105,2021,461065105,1,9,0,4,4,7,3,0,0,0,0,0,0,0,1,1,6,6,1,47,8,1598,2,3,SKODA KAROQ,7,E01024553,0,-1
2021010311607,2021,010311607,2,9,0,18,19,5,1,0,0,8,0,0,0,0,1,1,6,6,1,39,7,1498,1,2,SKODA KAROQ,-1,-1,0,-1
2021010314826,2021,010314826,3,9,0,1,1,4,8,0,0,1,0,0,0,0,2,1,6,6,2,-1,-1,1498,1,0,SKODA KAROQ,5,E01003691,0,-1
2021052102792,2021,052102792,2,9,0,18,19,1,5,0,0,8,0,0,0,0,3,1,6,6,1,50,8,1498,1,0,SKODA KAROQ,1,E01006753,0,-1
2021430030467,2021,430030467,2,9,0,16,19,7,3,0,0,1,0,0,7,0,1,1,6,6,1,42,7,1598,2,2,SKODA KAROQ,10,E01028806,0,-1
2021361031636,2021,361031636,2,9,0,-1,-1,-1,-1,-1,-1,0,-1,-1,-1,0,-1,1,6,6,2,32,6,1498,1,0,SKODA KAROQ,5,E01026538,0,-1
2021010310041,2021,010310041,2,9,0,9,9,5,3,0,0,8,0,0,0,0,0,1,6,6,2,43,7,1498,1,1,SKODA KAROQ,-1,-1,0,-1
2021531118770,2021,531118770,2,9,0,18,19,3,7,-1,-1,0,0,0,0,0,1,1,6,6,2,56,9,1498,1,0,SKODA KAROQ,10,E01032939,0,-1
2021041100217,2021,041100217,1,9,0,18,19,0,0,0,0,1,0,0,0,0,1,1,6,6,1,51,8,1498,1,2,SKODA KAROQ,9,E01025211,0,-1
202163C078021,2021,63C078021,2,9,0,16,19,6,1,0,0,0,0,0,1,10,1,1,6,6,1,49,8,1498,1,0,SKODA KAROQ,5,W01000567,0,-1
2021302102107,2021,302102107,2,9,0,18,19,7,3,0,0,0,0,4,0,0,1,1,6,6,1,81,11,1984,1,2,SKODA KAROQ,5,E01019723,0,-1
2021430282999,2021,430282999,1,9,0,9,9,8,6,0,0,1,0,0,1,0,3,1,6,6,2,74,10,1968,2,0,SKODA KAROQ,4,E01018924,0,-1
2021552100946,2021,552100946,1,9,0,18,19,7,3,0,0,5,0,0,0,0,4,1,6,6,1,69,10,1498,1,0,SKODA KAROQ,2,W01000844,0,-1
2021991060531,2021,991060531,2,9,0,18,19,4,8,0,0,0,0,0,0,0,3,1,2,2,2,35,6,999,1,3,SKODA KAROQ,5,-1,0,-1
2021991071616,2021,991071616,2,9,0,10,10,4,2,0,0,1,0,0,0,0,2,1,6,6,2,28,6,999,1,1,SKODA KAROQ,1,-1,0,-1
2021421039048,2021,421039048,1,9,0,18,19,3,1,0,0,3,0,0,0,0,1,1,6,6,2,46,8,1498,1,3,SKODA KAROQ,6,E01033137,0,-1
2021101110625,2021,101110625,1,9,0,18,19,5,1,0,0,0,0,0,0,0,1,1,6,6,1,77,11,1498,1,2,SKODA KAROQ,5,E01027447,0,-1
2021371026017,2021,371026017,1,9,0,9,9,3,3,0,0,5,0,0,0,0,1,1,5,6,1,78,11,1498,1,3,SKODA KAROQ,9,E01033450,0,-1
2021371121373,2021,371121373,3,9,0,2,2,0,0,0,0,0,0,0,0,0,1,1,6,6,3,-1,-1,999,1,3,SKODA KAROQ,-1,-1,0,-1
2021201089362,2021,201089362,1,9,0,18,19,7,3,0,0,1,0,0,0,0,3,1,6,6,2,42,7,1598,2,3,SKODA KAROQ,1,E01009364,0,-1
2021371051211,2021,371051211,2,9,0,2,2,0,0,0,0,0,0,0,0,0,1,1,6,6,3,-1,-1,1498,1,2,SKODA KAROQ,-1,-1,0,-1
2021161037086,2021,161037086,1,9,0,11,11,6,2,0,0,0,0,0,1,7,1,1,2,2,1,38,7,999,1,2,SKODA KAROQ,3,E01013259,0,-1
2021451040525,2021,451040525,1,9,0,18,19,1,5,0,0,0,0,0,0,0,1,1,5,6,1,72,10,1498,1,2,SKODA KAROQ,10,E01030417,0,-1
2021141114288,2021,141114288,3,9,0,2,2,7,3,0,0,0,0,0,0,0,2,1,6,6,2,32,6,1498,1,0,SKODA KAROQ,1,E01007509,0,-1
2021471121595,2021,471121595,2,9,0,18,19,1,5,0,0,0,0,0,0,0,2,1,5,6,1,69,10,1968,2,3,SKODA KAROQ,3,E01031811,0,-1
2021411085675,2021,411085675,2,9,0,18,19,3,7,0,0,0,0,0,0,0,3,1,1,1,2,40,7,1498,1,2,SKODA KAROQ,9,E01023833,0,-1
2021101084025,2021,101084025,3,9,0,18,19,7,3,0,0,1,0,0,0,0,3,1,5,6,2,46,8,1498,1,0,SKODA KAROQ,-1,-1,0,-1
2021052101686,2021,052101686,3,9,0,2,2,0,0,0,0,0,0,0,0,0,3,1,6,6,3,-1,-1,1598,2,3,SKODA KAROQ,-1,-1,0,-1
2021421094032,2021,421094032,4,9,0,2,2,3,3,9,9,1,0,0,0,0,4,1,5,6,2,52,8,1498,1,1,SKODA KAROQ,8,E01021520,0,-1
2021371100843,2021,371100843,1,9,0,18,19,8,4,9,9,8,0,0,2,0,4,1,5,6,1,82,11,1498,1,3,SKODA KAROQ,4,E01030133,0,-1
2021211109661,2021,211109661,2,9,0,18,19,5,1,0,0,8,2,7,1,10,4,1,5,6,2,35,6,999,1,0,SKODA KAROQ,10,E01029864,0,-1
2021201131467,2021,201131467,2,9,0,18,19,4,8,0,0,0,0,10,0,0,2,1,6,6,1,39,7,1498,1,2,SKODA KAROQ,10,E01009560,0,-1
2021991062680,2021,991062680,2,9,0,7,7,2,5,0,0,6,0,0,0,0,0,1,6,6,2,39,7,1498,1,0,SKODA KAROQ,-1,-1,0,-1
2021131127831,2021,131127831,2,9,0,18,19,3,7,0,0,1,0,0,0,0,2,1,1,1,1,39,7,1498,1,0,SKODA KAROQ,7,E01011511,0,-1
2021471030778,2021,471030778,1,9,0,9,9,7,5,0,0,8,0,0,0,0,1,1,5,6,2,69,10,1498,1,1,SKODA KAROQ,3,E01021126,0,-1
2021411100686,2021,411100686,2,9,0,18,19,5,1,0,0,0,-1,0,0,0,2,1,6,6,1,55,8,1498,1,3,SKODA KAROQ,8,E01030686,0,-1
2021138251690,2021,138251690,3,9,0,18,19,7,3,0,0,1,1,0,0,0,4,1,6,6,1,33,6,1498,1,2,SKODA KAROQ,8,E01011769,0,-1
2021991077051,2021,991077051,2,9,0,18,19,6,2,0,0,1,0,0,0,0,1,1,6,6,1,45,7,1498,1,0,SKODA KAROQ,7,E01030621,0,-1
2021221053090,2021,221053090,1,9,0,18,19,6,2,0,0,0,0,0,0,0,1,1,6,6,1,85,11,1498,1,3,SKODA KAROQ,5,E01028902,0,-1
2021052100860,2021,052100860,2,9,0,99,99,9,9,0,0,8,0,0,0,0,9,1,6,6,2,34,6,1498,1,0,SKODA KAROQ,1,E01006450,0,-1
2021221093543,2021,221093543,1,9,0,13,13,7,3,0,0,0,0,0,7,3,1,1,5,6,1,71,10,1498,1,1,SKODA KAROQ,8,W01000450,0,-1
2021351020823,2021,351020823,1,4,0,7,7,8,3,0,0,3,2,0,0,0,4,1,6,6,1,32,6,171,1,8,-1,5,E01017949,0,-1
2021440107740,2021,440107740,2,4,0,18,19,5,2,0,0,8,0,0,0,0,1,1,2,2,1,53,8,171,1,7,-1,5,E01032883,0,-1
2021122100584,2021,122100584,2,5,0,17,19,1,5,0,0,0,0,0,0,0,3,1,6,6,1,55,8,1215,1,5,-1,1,E01012061,0,-1
2021052100211,2021,052100211,1,11,0,18,19,6,2,0,0,1,0,0,0,0,3,1,6,6,3,-1,-1,6700,2,7,-1,-1,-1,0,-1
2021131109496,2021,131109496,2,11,0,18,19,1,5,0,0,1,0,0,0,0,1,1,1,1,1,28,6,6700,2,9,-1,1,E01011910,0,-1
2021111108788,2021,111108788,2,11,0,5,5,1,5,0,0,1,0,0,0,0,1,1,1,1,1,26,6,6700,2,8,-1,2,E01020842,0,-1
2021131075306,2021,131075306,1,11,0,-1,-1,-1,-1,-1,-1,-1,-1,-1,-1,-1,-1,1,6,6,3,-1,-1,6700,2,9,-1,-1,-1,0,-1
20211383H1477,2021,1383H1477,2,11,0,9,9,5,7,0,0,8,0,0,0,0,3,1,1,1,1,57,9,6700,2,9,-1,8,E01011109,0,-1
2021622100226,2021,622100226,1,9,0,18,19,6,2,0,0,0,0,0,0,0,1,1,6,6,2,23,5,999,1,9,VOLKSWAGEN UP,9,E01014667,0,-1
2021430507476,2021,430507476,1,9,0,18,19,6,2,0,0,1,0,0,0,0,1,1,6,6,2,35,6,999,1,6,VOLKSWAGEN UP,6,E01003153,0,-1
2021421051692,2021,421051692,1,9,0,18,19,7,3,0,0,2,0,0,1,11,1,1,6,6,1,36,7,999,1,4,VOLKSWAGEN UP,3,E01016012,0,-1
2021430031822,2021,430031822,1,9,0,18,19,8,3,0,0,0,1,0,7,0,3,1,6,6,2,30,6,999,1,4,VOLKSWAGEN UP,-1,-1,0,-1
2021501134343,2021,501134343,2,9,0,2,2,0,0,0,0,0,0,0,0,0,4,1,6,6,2,-1,-1,999,1,7,VOLKSWAGEN UP,2,E01020037,0,-1
2021471034485,2021,471034485,2,9,0,18,19,1,5,0,0,0,0,0,0,0,1,1,5,6,1,20,4,999,1,8,VOLKSWAGEN UP,10,E01031754,0,-1
2021071074432,2021,071074432,4,9,0,18,19,3,7,0,0,0,0,0,0,0,2,1,5,6,2,73,10,999,1,5,VOLKSWAGEN UP,10,E01018643,0,-1
2021201120386,2021,201120386,2,9,0,2,2,0,0,9,9,0,0,0,0,0,2,1,5,6,2,-1,-1,999,1,7,VOLKSWAGEN UP,-1,-1,0,-1
2021440068078,2021,440068078,3,9,0,2,2,0,0,0,0,0,0,0,0,0,1,1,6,6,3,-1,-1,999,1,5,VOLKSWAGEN UP,-1,-1,0,-1
2021421079627,2021,421079627,1,9,0,5,5,8,6,0,0,1,0,0,0,0,1,1,5,6,2,30,6,999,1,2,VOLKSWAGEN UP,8,E01021482,0,-1
2021101110649,2021,101110649,2,9,0,2,2,0,0,0,0,1,0,0,0,0,2,1,5,6,2,17,4,999,1,7,VOLKSWAGEN UP,10,E01008522,0,-1
2021430163817,2021,430163817,2,9,0,7,7,7,1,0,0,1,0,0,0,0,2,1,6,6,2,25,5,999,1,8,VOLKSWAGEN UP,10,E01016792,0,-1
2021421070499,2021,421070499,1,9,0,10,10,7,5,0,0,6,0,0,0,0,1,1,6,6,1,55,8,999,1,6,VOLKSWAGEN UP,9,E01021682,0,-1
2021451020725,2021,451020725,2,9,0,18,19,2,5,0,0,0,0,0,0,0,1,1,2,2,2,48,8,999,1,6,VOLKSWAGEN UP,10,E01030380,0,-1
2021991030096,2021,991030096,3,9,0,18,19,2,6,0,0,1,0,0,0,0,1,1,6,6,2,31,6,999,1,7,VOLKSWAGEN UP,4,-1,0,-1
2021501120408,2021,501120408,1,9,0,9,9,2,3,0,0,1,0,0,0,0,1,1,6,6,2,47,8,999,1,2,VOLKSWAGEN UP,8,E01020170,0,-1
2021471085515,2021,471085515,3,9,0,18,19,7,3,0,0,1,0,0,0,0,1,1,1,1,1,55,8,999,1,5,VOLKSWAGEN UP,3,E01016860,0,-1
202106K079127,2021,06K079127,1,9,0,2,2,0,0,0,0,0,0,0,0,0,2,1,6,6,2,30,6,999,1,5,VOLKSWAGEN UP,3,E01004905,0,-1
2021991078969,2021,991078969,2,9,0,18,19,3,7,0,0,8,0,0,0,0,4,1,5,6,1,84,11,999,1,4,VOLKSWAGEN UP,5,-1,0,-1
2021552101113,2021,552101113,2,9,0,18,19,5,1,0,0,8,1,0,0,0,1,1,2,2,2,45,7,999,1,8,VOLKSWAGEN UP,8,E01020475,0,-1
2021520104045,2021,520104045,2,9,0,18,19,5,1,0,0,8,0,0,0,0,4,1,6,6,2,81,11,999,1,9,VOLKSWAGEN UP,9,E01029065,0,-1
2021520102269,2021,520102269,2,9,0,18,19,2,6,0,0,0,0,0,0,0,0,1,6,6,1,57,9,999,1,4,VOLKSWAGEN UP,4,E01029238,0,-1
2021061060861,2021,061060861,1,9,0,5,5,3,7,9,9,0,0,0,0,0,4,1,6,6,2,21,5,999,1,6,VOLKSWAGEN UP,8,E01004845,0,-1
2021401012769,2021,401012769,1,9,0,18,19,1,5,0,0,1,0,4,0,0,1,1,5,6,1,39,7,999,1,6,VOLKSWAGEN UP,6,E01017540,0,-1
2021010306489,2021,010306489,1,9,0,9,9,4,2,0,0,5,0,0,0,0,4,1,2,2,1,51,8,999,1,6,VOLKSWAGEN UP,3,E01000495,0,-1
2021101060498,2021,101060498,1,9,0,18,19,7,3,0,0,0,0,11,0,0,1,1,2,2,2,57,9,999,1,5,VOLKSWAGEN UP,-1,-1,0,-1
2021061109602,2021,061109602,1,9,0,5,5,5,1,0,0,8,0,0,0,0,4,1,6,6,2,30,6,999,1,7,VOLKSWAGEN UP,2,E01033680,0,-1
2021991072516,2021,991072516,1,9,0,18,19,8,4,0,0,4,0,0,0,0,1,1,5,6,2,76,11,999,1,6,VOLKSWAGEN UP,7,-1,0,-1
2021010288450,2021,010288450,1,9,0,99,99,9,9,99,99,9,9,99,9,99,9,9,6,6,1,56,9,999,1,7,VOLKSWAGEN UP,4,E01000792,0,-1