collision_index,collision_year,collision_ref_no,vehicle_reference,vehicle_type,towing_and_articulation,vehicle_manoeuvre_historic,vehicle_manoeuvre,vehicle_direction_from,vehicle_direction_to,vehicle_location_restricted_lane_historic,vehicle_location_restricted_lane,junction_location,skidding_and_overturning,hit_object_in_carriageway,vehicle_leaving_carriageway,hit_object_off_carriageway,first_point_of_impact,vehicle_left_hand_drive,journey_purpose_of_driver_historic,journey_purpose_of_driver,sex_of_driver,age_of_driver,age_band_of_driver,engine_capacity_cc,propulsion_code,age_of_vehicle,generic_make_model,driver_imd_decile,lsoa_of_driver,escooter_flag,driver_distance_banding
2021411105977,2021,411105977,1,9,0,3,3,1,7,0,0,0,0,0,0,0,1,1,5,6,2,23,5,999,1,7,VOLKSWAGEN UP,10,E01023568,0,-1
2021461116458,2021,461116458,1,9,0,18,19,5,1,0,0,4,0,0,0,0,1,1,6,6,2,81,11,999,1,6,VOLKSWAGEN UP,6,E01016080,0,-1
2021010331440,2021,010331440,5,9,0,3,3,5,1,0,0,0,0,0,0,0,2,1,6,6,1,36,7,999,1,7,VOLKSWAGEN UP,-1,-1,0,-1
2021991062188,2021,991062188,2,9,0,9,9,7,5,0,0,2,0,0,0,0,2,1,5,6,2,75,10,999,1,6,VOLKSWAGEN UP,8,-1,0,-1
2021302101478,2021,302101478,2,9,0,2,2,0,0,0,0,1,0,0,0,0,2,1,6,6,3,-1,-1,999,1,9,VOLKSWAGEN UP,-1,-1,0,-1
2021131061480,2021,131061480,1,9,0,16,19,1,5,0,0,8,0,0,0,0,1,1,5,6,1,20,4,999,1,6,VOLKSWAGEN UP,9,E01011160,0,-1
2021421034198,2021,421034198,3,9,0,18,19,7,3,0,0,0,0,0,0,0,1,1,5,6,2,64,9,999,1,7,VOLKSWAGEN UP,8,E01021652,0,-1
2021302101715,2021,302101715,2,9,0,9,9,2,8,0,0,2,0,0,0,0,3,1,6,6,2,60,9,999,1,7,VOLKSWAGEN UP,4,E01019554,0,-1
2021622200024,2021,622200024,2,9,0,5,5,6,2,0,0,1,0,0,0,0,1,1,6,6,2,18,4,999,1,9,VOLKSWAGEN UP,10,W01001130,0,-1
2021461041994,2021,461041994,2,9,0,2,2,0,0,9,9,1,0,0,0,0,1,1,6,6,3,-1,-1,999,1,8,VOLKSWAGEN UP,-1,-1,0,-1
2021170L21241,2021,170L21241,1,9,0,4,4,7,3,0,0,0,0,0,0,0,2,1,2,2,1,35,6,999,1,4,VOLKSWAGEN UP,6,E01011967,0,-1
2021061048410,2021,061048410,1,9,0,5,5,6,8,0,0,8,0,0,0,0,1,1,5,6,2,68,10,999,1,4,VOLKSWAGEN UP,9,E01006331,0,-1
2021052102816,2021,052102816,1,9,0,9,9,1,7,0,0,1,0,0,0,0,1,1,6,6,2,22,5,999,1,9,VOLKSWAGEN UP,2,E01006653,0,-1
2021371054124,2021,371054124,1,9,0,9,9,4,1,0,0,1,0,0,0,0,3,1,6,6,1,44,7,999,1,8,VOLKSWAGEN UP,5,E01030105,0,-1
2021170L41031,2021,170L41031,1,9,0,18,19,2,6,0,0,1,0,0,0,0,1,1,6,6,2,48,8,999,1,6,VOLKSWAGEN UP,8,E01012154,0,-1
2021401068822,2021,401068822,2,9,0,2,2,7,3,0,0,1,0,0,0,0,2,1,6,6,1,-1,-1,999,1,7,VOLKSWAGEN UP,9,E01017450,0,-1
2021991038602,2021,991038602,2,9,0,9,9,5,3,0,0,6,0,0,0,0,3,1,2,2,2,28,6,999,1,8,VOLKSWAGEN UP,9,-1,0,-1
2021010342517,2021,010342517,2,9,0,18,19,5,1,0,0,8,0,0,0,0,3,1,6,6,2,61,9,999,1,6,VOLKSWAGEN UP,6,E01002331,0,-1
2021430304044,2021,430304044,1,9,0,9,9,1,7,0,0,5,0,0,0,0,1,1,6,6,1,20,4,999,1,0,VOLKSWAGEN UP,9,E01016266,0,-1
2021201053028,2021,201053028,3,9,0,3,3,2,6,0,0,8,0,0,0,0,0,1,6,6,2,27,6,999,1,7,VOLKSWAGEN UP,9,E01031306,0,-1
2021122200036,2021,122200036,2,9,0,18,19,5,1,0,0,8,0,10,1,0,1,1,6,6,2,85,11,999,1,4,VOLKSWAGEN UP,5,E01027594,0,-1
2021471035968,2021,471035968,1,9,0,18,19,2,6,0,0,0,0,0,0,0,1,1,5,6,1,84,11,999,1,5,VOLKSWAGEN UP,7,E01016899,0,-1
2021101102766,2021,101102766,1,9,0,18,19,4,8,0,0,0,0,0,0,0,1,1,6,6,3,-1,-1,999,1,9,VOLKSWAGEN UP,-1,-1,0,-1
2021231108831,2021,231108831,1,9,0,6,6,4,4,0,0,4,1,9,1,0,4,1,2,2,2,31,6,999,1,9,VOLKSWAGEN UP,4,E01031115,0,-1
2021070792399,2021,070792399,1,9,0,18,19,1,5,0,0,0,0,0,0,0,1,1,6,6,2,-1,-1,999,1,7,VOLKSWAGEN UP,10,E01018387,0,-1
2021201080620,2021,201080620,3,9,0,3,3,4,8,0,0,1,0,0,0,0,2,1,6,6,2,27,6,999,1,8,VOLKSWAGEN UP,3,E01009140,0,-1
2021430534274,2021,430534274,2,9,0,17,19,8,5,0,0,8,1,0,0,0,1,1,6,6,2,-1,-1,999,1,4,VOLKSWAGEN UP,7,E01016497,0,-1
2021010331169,2021,010331169,2,9,9,99,99,9,9,99,99,9,9,99,9,99,9,9,6,6,3,-1,-1,999,1,7,VOLKSWAGEN UP,2,E01001719,0,-1
2021131084789,2021,131084789,1,9,0,4,4,3,5,0,0,1,0,0,0,0,2,1,2,2,2,19,4,999,1,7,VOLKSWAGEN UP,7,E01011603,0,-1
2021552101281,2021,552101281,1,9,0,18,19,2,6,0,0,0,0,0,0,0,1,1,2,2,2,48,8,999,1,7,VOLKSWAGEN UP,10,E01015295,0,-1
2021440094002,2021,440094002,1,9,0,4,4,1,5,0,0,1,0,0,0,0,1,1,6,6,2,21,5,999,1,8,VOLKSWAGEN UP,10,E01032850,0,-1
2021440380165,2021,440380165,1,9,0,5,5,3,7,0,0,8,0,0,0,0,3,1,6,6,1,84,11,999,1,2,VOLKSWAGEN UP,6,E01023288,0,-1
2021461128439,2021,461128439,1,9,0,9,9,7,3,0,0,1,0,0,0,0,4,1,5,6,2,78,11,999,1,3,VOLKSWAGEN UP,8,E01024519,0,-1
2021131076625,2021,131076625,1,9,0,7,7,1,5,0,0,1,0,0,0,0,4,1,2,2,2,19,4,999,1,8,VOLKSWAGEN UP,5,E01010656,0,-1
2021070118907,2021,070118907,1,9,0,5,5,4,8,0,0,0,0,0,0,0,1,1,6,6,1,25,5,999,1,8,VOLKSWAGEN UP,6,E01032686,0,-1
2021411124887,2021,411124887,1,9,0,9,9,4,8,0,0,8,0,0,0,0,1,1,1,1,1,32,6,999,1,5,VOLKSWAGEN UP,6,E01023746,0,-1
2021451103897,2021,451103897,3,9,0,18,19,6,2,0,0,0,0,0,0,0,2,1,2,2,2,43,7,999,1,6,VOLKSWAGEN UP,9,E01030605,0,-1
2021622100671,2021,622100671,1,9,0,18,19,4,8,0,0,8,0,0,0,0,3,1,6,6,1,78,11,999,1,7,VOLKSWAGEN UP,6,W01000926,0,-1
2021231114562,2021,231114562,2,9,0,16,19,6,2,0,0,0,0,0,0,0,1,1,5,6,1,58,9,999,1,7,VOLKSWAGEN UP,6,E01009531,0,-1
2021201139208,2021,201139208,1,9,0,18,19,-1,-1,0,0,3,0,0,0,0,1,1,6,6,2,22,5,999,1,1,VOLKSWAGEN UP,10,E01029630,0,-1
2021010320568,2021,010320568,2,9,0,99,99,9,9,99,99,9,9,99,9,99,1,9,6,6,3,-1,-1,999,1,8,VOLKSWAGEN UP,-1,-1,0,-1
2021302101704,2021,302101704,1,9,0,18,19,4,8,0,0,0,0,0,0,0,3,1,6,6,1,47,8,999,1,5,VOLKSWAGEN UP,10,E01013463,0,-1
2021070663694,2021,070663694,1,9,0,18,19,2,5,0,0,3,0,0,0,0,1,1,6,6,2,-1,-1,999,1,5,VOLKSWAGEN UP,10,E01029572,0,-1
2021161106214,2021,161106214,1,9,0,9,9,5,3,0,0,6,0,0,0,0,1,1,6,6,2,23,5,999,1,3,VOLKSWAGEN UP,2,E01012763,0,-1
2021170S10301,2021,170S10301,1,9,0,9,9,3,1,0,0,8,0,0,0,0,4,1,2,2,1,36,7,999,1,4,VOLKSWAGEN UP,10,E01027624,0,-1
2021010345261,2021,010345261,1,9,0,9,9,1,7,0,0,8,0,0,0,0,1,1,6,6,1,18,4,999,1,9,VOLKSWAGEN UP,2,E01002056,0,-1
2021411118165,2021,411118165,2,9,0,9,9,2,6,0,0,8,0,0,0,0,1,1,6,6,1,17,4,999,1,8,VOLKSWAGEN UP,7,E01023663,0,-1
2021211048460,2021,211048460,1,9,0,9,9,2,7,0,0,8,0,0,0,0,1,1,6,6,1,74,10,999,1,6,VOLKSWAGEN UP,1,E01014229,0,-1
2021061031369,2021,061031369,1,9,0,9,9,7,5,0,0,1,0,0,0,0,3,1,6,6,2,77,11,999,1,7,VOLKSWAGEN UP,10,E01006097,0,-1
2021302101933,2021,302101933,1,9,0,4,4,2,5,0,0,1,0,0,0,0,1,1,6,6,2,40,7,999,1,8,VOLKSWAGEN UP,2,E01013538,0,-1
202131B060321,2021,31B060321,1,9,0,18,19,1,5,0,0,2,1,0,0,0,1,1,2,2,2,31,6,999,1,6,VOLKSWAGEN UP,6,E01026404,0,-1
2021010301707,2021,010301707,1,9,0,1,1,7,3,0,0,2,0,0,0,0,2,1,6,6,1,78,11,999,1,8,VOLKSWAGEN UP,7,E01000118,0,-1
2021371103171,2021,371103171,4,9,0,2,2,0,0,0,0,2,0,0,0,0,3,1,6,6,3,-1,-1,999,1,4,VOLKSWAGEN UP,-1,-1,0,-1
2021361052827,2021,361052827,1,9,0,5,5,6,8,0,0,8,0,0,0,0,3,1,1,1,1,33,6,999,1,7,VOLKSWAGEN UP,2,-1,0,-1
2021461064434,2021,461064434,1,9,0,8,8,7,5,0,0,1,0,0,0,0,1,1,5,6,1,20,4,999,1,7,VOLKSWAGEN UP,7,E01024680,0,-1
2021201019049,2021,201019049,2,9,0,9,9,7,5,0,0,5,2,10,1,10,4,1,2,2,1,38,7,999,1,7,VOLKSWAGEN UP,4,E01010303,0,-1
202163B072121,2021,63B072121,1,9,0,17,19,6,1,0,0,0,1,0,0,0,1,1,6,6,1,63,9,999,1,2,VOLKSWAGEN UP,5,W01000528,0,-1
2021501027186,2021,501027186,1,9,0,18,19,1,5,0,0,0,0,0,7,10,3,1,1,1,2,23,5,999,1,5,VOLKSWAGEN UP,4,E01020116,0,-1
2021201147484,2021,201147484,2,9,0,18,19,7,3,0,0,0,0,4,0,0,1,1,2,2,1,27,6,999,1,6,VOLKSWAGEN UP,5,E01009654,0,-1
2021461077925,2021,461077925,3,9,0,18,19,5,1,0,0,0,0,0,0,0,3,1,5,6,1,56,9,999,1,7,VOLKSWAGEN UP,6,E01024455,0,-1
2021070813665,2021,070813665,5,9,0,3,3,3,7,0,0,0,0,0,0,0,2,1,6,6,1,-1,-1,999,1,8,VOLKSWAGEN UP,3,E01018401,0,-1
202134WNC7241,2021,34WNC7241,1,9,0,18,19,1,5,0,0,8,0,0,0,0,4,1,6,6,1,20,4,999,1,2,VOLKSWAGEN UP,9,E01027301,0,-1
2021141049699,2021,141049699,2,9,0,18,19,1,3,0,0,8,0,0,0,0,1,1,1,1,1,20,4,999,1,3,VOLKSWAGEN UP,9,E01008023,0,-1
2021101017573,2021,101017573,2,9,0,4,4,1,5,0,0,1,0,0,0,0,2,1,1,1,1,22,5,999,1,4,VOLKSWAGEN UP,4,E01027524,0,-1
2021991078378,2021,991078378,1,9,0,18,19,5,1,0,0,1,0,0,0,0,1,1,6,6,2,20,4,999,1,2,VOLKSWAGEN UP,6,-1,0,-1
2021430346789,2021,430346789,1,9,0,11,11,4,8,0,0,0,0,0,0,0,4,1,6,6,1,18,4,999,1,5,VOLKSWAGEN UP,7,E01028800,0,-1
2021161032069,2021,161032069,1,9,0,18,19,7,3,0,0,0,0,10,1,0,4,1,5,6,2,53,8,999,1,3,VOLKSWAGEN UP,9,E01013157,0,-1
2021138140787,2021,138140787,2,9,0,18,19,8,4,0,0,0,0,0,0,0,1,1,6,6,1,58,9,999,1,7,VOLKSWAGEN UP,-1,-1,0,-1
202154A673521,2021,54A673521,3,9,0,18,19,3,7,0,0,0,0,0,0,0,1,1,6,6,2,66,10,999,1,5,VOLKSWAGEN UP,7,E01031850,0,-1
2021211070203,2021,211070203,2,9,0,3,3,8,4,0,0,1,0,0,0,0,2,1,6,6,2,19,4,999,1,9,VOLKSWAGEN UP,8,E01029676,0,-1
2021111061518,2021,111061518,1,9,0,18,19,7,3,0,0,0,0,0,0,0,3,1,6,6,2,54,8,999,1,7,VOLKSWAGEN UP,5,E01020858,0,-1
2021501084959,2021,501084959,1,9,0,18,19,1,4,0,0,1,0,0,0,0,4,1,2,2,2,37,7,999,1,7,VOLKSWAGEN UP,6,E01020326,0,-1
2021471048194,2021,471048194,1,9,0,18,19,4,8,0,0,8,0,0,8,0,1,1,2,2,2,58,9,999,1,7,VOLKSWAGEN UP,5,E01031585,0,-1
2021311104809,2021,311104809,2,9,0,6,6,3,1,0,0,1,1,0,0,0,2,1,5,6,1,21,5,999,1,7,VOLKSWAGEN UP,9,E01030646,0,-1
2021520201148,2021,520201148,2,9,0,18,19,5,1,0,0,0,0,0,0,0,3,1,6,6,2,45,7,999,1,7,VOLKSWAGEN UP,7,E01029262,0,-1
2021401095982,2021,401095982,2,9,0,18,19,1,5,0,0,0,0,0,0,0,2,1,5,6,2,56,9,999,1,3,VOLKSWAGEN UP,6,E01017508,0,-1
2021141080880,2021,141080880,1,9,0,18,19,6,2,0,0,0,0,0,0,0,4,1,2,2,2,30,6,999,1,7,VOLKSWAGEN UP,2,E01007998,0,-1
202134WNC2481,2021,34WNC2481,1,9,0,18,19,2,6,0,0,0,0,0,7,4,1,1,2,2,2,19,4,999,1,3,VOLKSWAGEN UP,7,E01031197,0,-1
2021161111717,2021,161111717,2,9,0,9,9,6,3,0,0,8,0,0,0,0,2,1,6,6,2,26,6,999,1,8,VOLKSWAGEN UP,1,E01012844,0,-1
2021471087654,2021,471087654,2,9,0,18,19,1,5,0,0,1,0,0,1,0,3,1,3,7,2,57,9,999,1,9,VOLKSWAGEN UP,7,E01021025,0,-1
2021461042037,2021,461042037,1,9,0,4,4,4,8,0,0,0,0,10,7,0,1,1,6,6,1,46,8,999,1,5,VOLKSWAGEN UP,7,E01024726,0,-1
2021421014068,2021,421014068,1,9,0,9,9,5,3,0,0,6,0,0,0,0,4,1,5,6,1,82,11,999,1,8,VOLKSWAGEN UP,10,E01021643,0,-1
2021010304955,2021,010304955,1,9,0,99,99,9,9,99,99,9,9,99,9,99,2,9,6,6,1,19,4,999,1,8,VOLKSWAGEN UP,8,E01030471,0,-1
2021471012624,2021,471012624,1,9,0,18,19,2,6,0,0,8,1,0,3,4,1,1,2,2,2,50,8,999,1,3,VOLKSWAGEN UP,5,E01031614,0,-1
2021991052793,2021,991052793,1,9,0,1,1,2,6,0,0,1,0,0,0,0,2,1,5,6,2,49,8,999,1,4,VOLKSWAGEN UP,1,-1,0,-1
2021010304656,2021,010304656,1,9,0,9,9,2,8,0,0,6,0,0,0,0,1,1,6,6,2,51,8,999,1,8,VOLKSWAGEN UP,7,E01003287,0,-1
2021221080695,2021,221080695,1,9,0,7,7,6,7,7,6,0,0,0,0,0,4,1,5,6,2,50,8,999,1,3,VOLKSWAGEN UP,9,E01032379,0,-1
2021351098322,2021,351098322,2,9,0,9,9,3,7,0,0,8,0,0,0,0,4,1,5,6,2,21,5,999,1,6,VOLKSWAGEN UP,10,E01025906,0,-1
2021052100389,2021,052100389,2,9,0,18,19,7,3,0,0,0,0,0,0,0,1,1,6,6,2,53,8,999,1,3,VOLKSWAGEN UP,7,E01006666,0,-1
2021471067789,2021,471067789,1,9,0,5,5,2,6,0,0,1,0,0,0,0,1,1,5,6,2,36,7,999,1,5,VOLKSWAGEN UP,4,E01031652,0,-1
2021471025495,2021,471025495,2,9,0,5,5,2,6,0,0,4,0,0,0,0,2,1,5,6,2,83,11,999,1,7,VOLKSWAGEN UP,6,E01031673,0,-1
2021141092564,2021,141092564,2,9,0,-1,-1,-1,-1,-1,-1,-1,-1,-1,-1,0,-1,1,6,6,1,39,7,999,1,7,VOLKSWAGEN UP,1,E01009502,0,-1
2021351053088,2021,351053088,1,9,0,10,10,6,8,9,9,5,0,0,0,0,2,1,6,6,3,46,8,999,1,9,VOLKSWAGEN UP,10,E01018141,0,-1
2021471054151,2021,471054151,1,9,0,18,19,7,3,0,0,1,0,0,0,0,1,1,2,2,2,24,5,999,1,6,VOLKSWAGEN UP,2,E01016955,0,-1
2021161109832,2021,161109832,1,9,0,18,19,2,6,0,0,1,0,0,0,0,1,1,2,2,1,38,7,999,1,7,VOLKSWAGEN UP,3,E01013133,0,-1
2021522103969,2021,522103969,2,9,0,18,19,1,5,0,0,8,0,0,0,0,1,1,6,6,2,69,10,999,1,1,VOLKSWAGEN UP,5,E01014678,0,-1
2021471125078,2021,471125078,1,9,0,18,19,4,8,0,0,1,0,0,7,1,1,1,5,6,2,66,10,999,1,3,VOLKSWAGEN UP,10,E01031760,0,-1
202131D096621,2021,31D096621,1,9,0,9,9,2,8,0,0,5,0,0,0,0,1,1,6,6,2,51,8,999,1,6,VOLKSWAGEN UP,1,E01013881,0,-1
2021371103381,2021,371103381,2,9,0,4,4,1,6,0,0,0,0,0,0,0,2,1,5,6,2,30,6,999,1,2,VOLKSWAGEN UP,2,E01029969,0,-1
2021451058242,2021,451058242,1,9,0,9,9,1,7,0,0,4,0,0,0,0,3,1,5,6,1,45,7,999,1,7,VOLKSWAGEN UP,3,E01023120,0,-1
2021070565315,2021,070565315,1,9,0,18,19,8,3,0,0,3,0,0,0,0,1,1,6,6,1,23,5,999,1,9,VOLKSWAGEN UP,8,E01018323,0,-1
2021201065130,2021,201065130,2,9,0,18,19,8,4,0,0,8,0,0,0,0,1,1,6,6,1,29,6,999,1,5,VOLKSWAGEN UP,7,E01031303,0,-1
2021471101245,2021,471101245,2,9,0,18,19,7,3,0,0,1,0,0,0,0,1,1,6,6,1,21,5,999,1,8,VOLKSWAGEN UP,10,E01031700,0,-1
2021371131083,2021,371131083,1,9,0,1,1,5,5,0,0,2,0,0,0,0,2,1,5,6,1,71,10,999,1,5,VOLKSWAGEN UP,9,E01026906,0,-1
2021421074846,2021,421074846,1,9,0,1,1,6,4,9,9,0,0,0,0,0,2,1,5,6,2,47,8,999,1,1,VOLKSWAGEN UP,-1,-1,0,-1
2021451111436,2021,451111436,2,9,0,18,19,1,3,0,0,8,0,0,0,0,4,1,6,6,1,23,5,999,1,8,VOLKSWAGEN UP,10,E01030350,0,-1
2021170S10641,2021,170S10641,1,9,0,18,19,1,4,0,0,8,0,0,0,0,1,1,6,6,2,20,4,999,1,2,VOLKSWAGEN UP,5,E01012191,0,-1
2021471126963,2021,471126963,2,9,0,2,2,0,0,0,0,0,0,0,1,0,3,1,6,6,3,-1,-1,999,1,6,VOLKSWAGEN UP,-1,-1,0,-1
2021501038377,2021,501038377,1,9,0,9,9,7,5,0,0,8,0,0,0,0,3,1,5,6,1,94,11,999,1,3,VOLKSWAGEN UP,5,E01019032,0,-1
2021501080101,2021,501080101,1,9,0,4,4,7,3,0,0,1,0,0,0,0,2,1,6,6,2,64,9,999,1,7,VOLKSWAGEN UP,5,E01009888,0,-1
2021421093989,2021,421093989,1,9,0,9,9,1,5,0,0,5,5,0,0,0,4,1,5,6,1,24,5,999,1,3,VOLKSWAGEN UP,8,E01022064,0,-1
2021111032888,2021,111032888,1,9,0,18,19,8,4,0,0,0,0,0,0,0,1,1,6,6,1,30,6,999,1,5,VOLKSWAGEN UP,5,E01012338,0,-1
2021522101628,2021,522101628,1,9,0,18,19,7,3,0,0,0,0,0,0,0,1,1,6,6,1,18,4,999,1,9,VOLKSWAGEN UP,8,E01014755,0,-1
202106A080046,2021,06A080046,1,9,0,18,19,7,3,0,0,0,0,0,0,0,1,1,6,6,1,31,6,999,1,6,VOLKSWAGEN UP,6,E01005176,0,-1
2021531024041,2021,531024041,1,9,0,18,19,7,3,0,0,0,0,0,0,0,1,1,1,1,2,20,4,999,1,2,VOLKSWAGEN UP,5,E01022150,0,-1
2021421021444,2021,421021444,3,9,0,18,19,2,6,0,0,0,0,0,0,0,3,1,1,1,2,57,9,999,1,6,VOLKSWAGEN UP,4,E01004375,0,-1
2021501098253,2021,501098253,1,9,0,18,19,5,1,0,0,0,1,0,0,0,1,1,5,6,2,23,5,999,1,6,VOLKSWAGEN UP,5,E01015024,0,-1
2021531038953,2021,531038953,2,9,0,18,19,3,7,0,0,8,0,0,0,0,1,1,5,6,2,26,6,999,1,7,VOLKSWAGEN UP,10,E01031948,0,-1
2021401057862,2021,401057862,2,9,0,2,2,0,0,0,0,0,0,0,0,0,2,1,5,6,3,-1,-1,999,1,8,VOLKSWAGEN UP,-1,-1,0,-1
2021991025803,2021,991025803,2,9,0,18,19,8,3,0,0,8,0,0,0,0,1,1,5,6,2,54,8,999,1,8,VOLKSWAGEN UP,3,-1,0,-1
2021141116631,2021,141116631,1,9,0,5,5,8,2,0,0,6,0,0,0,0,1,1,5,6,1,36,7,999,1,7,VOLKSWAGEN UP,7,E01007399,0,-1
202163B029221,2021,63B029221,2,9,0,18,19,6,2,0,0,0,0,0,0,0,1,1,6,6,2,42,7,999,1,8,VOLKSWAGEN UP,6,W01000550,0,-1
2021471099867,2021,471099867,2,9,0,7,7,8,4,0,0,0,0,0,0,0,2,1,5,6,2,65,9,999,1,5,VOLKSWAGEN UP,6,E01031419,0,-1
2021451055258,2021,451055258,2,9,0,18,19,3,7,0,0,4,0,0,0,0,1,1,6,6,1,22,5,999,1,4,VOLKSWAGEN UP,9,E01023053,0,-1
2021411136798,2021,411136798,2,9,0,18,19,5,1,0,0,4,0,0,0,0,1,1,6,6,2,30,6,999,1,8,VOLKSWAGEN UP,2,E01023750,0,-1
2021552100365,2021,552100365,2,9,0,10,10,3,1,0,0,5,0,0,0,0,2,1,6,6,2,17,4,999,1,5,VOLKSWAGEN UP,5,E01020469,0,-1
2021201027630,2021,201027630,4,9,0,18,19,8,4,0,0,0,0,0,0,0,1,1,6,6,1,20,4,999,1,8,VOLKSWAGEN UP,2,E01010305,0,-1
2021421112256,2021,421112256,4,9,0,4,4,3,7,0,0,0,0,0,0,0,2,1,5,6,1,51,8,999,1,6,VOLKSWAGEN UP,7,E01015847,0,-1
2021010335707,2021,010335707,2,9,0,13,13,5,1,0,0,8,0,0,0,0,1,1,6,6,1,30,6,999,1,9,VOLKSWAGEN UP,4,E01003119,0,-1
202131C106521,2021,31C106521,1,9,0,9,9,3,1,0,0,5,0,0,0,0,4,1,6,6,2,21,5,999,1,5,VOLKSWAGEN UP,10,E01028216,0,-1
2021622100890,2021,622100890,2,9,0,18,19,1,5,0,0,0,0,0,0,0,1,1,6,6,2,72,10,999,1,8,VOLKSWAGEN UP,3,W01001787,0,-1
2021010323078,2021,010323078,2,9,0,2,2,0,0,0,0,0,0,0,7,4,4,1,6,6,3,-1,-1,999,1,3,VOLKSWAGEN UP,-1,-1,0,-1
2021451081732,2021,451081732,1,9,0,18,19,1,5,0,0,0,0,0,0,0,1,1,5,6,2,19,4,999,1,3,VOLKSWAGEN UP,10,E01017887,0,-1
2021131111676,2021,131111676,1,9,0,18,19,5,1,0,0,0,0,0,0,0,1,1,5,6,1,23,5,999,1,7,VOLKSWAGEN UP,9,E01011685,0,-1
2021231078209,2021,231078209,1,9,0,18,19,5,1,0,0,1,0,0,0,0,1,1,5,6,2,82,11,999,1,9,VOLKSWAGEN UP,8,E01031323,0,-1
2021320690399,2021,320690399,2,9,0,18,19,4,8,0,0,1,0,0,0,0,3,1,6,6,2,35,6,999,1,6,VOLKSWAGEN UP,3,E01033583,0,-1
2021545558221,2021,545558221,1,9,0,18,19,7,1,0,0,0,0,0,0,0,1,1,6,6,1,18,4,999,1,4,VOLKSWAGEN UP,9,W01001029,0,-1
2021101011720,2021,101011720,1,9,0,18,19,1,5,0,0,5,0,0,0,0,4,1,5,6,2,78,11,999,1,5,VOLKSWAGEN UP,8,E01008538,0,-1
2021991058527,2021,991058527,1,9,0,3,3,7,3,0,0,0,0,0,0,0,2,1,1,1,1,60,9,999,1,4,VOLKSWAGEN UP,-1,-1,0,-1
2021440280927,2021,440280927,1,9,0,9,9,2,8,0,0,8,0,0,0,0,1,1,6,6,2,19,4,999,1,3,VOLKSWAGEN UP,7,E01017197,0,-1
2021221040049,2021,221040049,3,9,0,3,3,7,2,0,0,1,0,0,0,0,3,1,2,2,2,21,5,999,1,1,VOLKSWAGEN UP,5,E01028870,0,-1
202131D089421,2021,31D089421,1,9,0,18,19,1,5,0,0,1,0,0,0,0,1,1,6,6,2,45,7,999,1,4,VOLKSWAGEN UP,2,E01013853,0,-1
2021501130519,2021,501130519,2,9,0,18,19,5,1,0,0,0,0,0,0,0,1,1,6,6,2,60,9,999,1,4,VOLKSWAGEN UP,7,E01020044,0,-1
2021041104065,2021,041104065,2,9,0,18,19,3,7,0,0,0,0,0,0,0,1,1,1,1,2,48,8,999,1,2,VOLKSWAGEN UP,10,E01024974,0,-1
2021991113916,2021,991113916,2,9,0,18,19,6,2,0,0,1,0,0,0,0,2,1,5,6,2,20,4,999,1,8,VOLKSWAGEN UP,9,-1,0,-1
2021421018319,2021,421018319,1,9,0,7,7,8,7,0,0,0,1,0,0,0,1,1,6,6,2,21,5,999,1,7,VOLKSWAGEN UP,2,E01021816,0,-1
2021131098727,2021,131098727,1,9,0,18,19,7,4,0,0,0,0,0,0,0,1,1,6,6,3,-1,-1,999,1,7,VOLKSWAGEN UP,5,E01010795,0,-1
2021070457161,2021,070457161,1,9,0,17,19,5,1,0,0,0,0,0,0,0,3,1,6,6,2,17,4,999,1,2,VOLKSWAGEN UP,7,E01018372,0,-1
2021471086501,2021,471086501,1,9,0,18,19,1,5,0,0,0,0,0,0,0,1,1,3,7,2,43,7,999,1,6,VOLKSWAGEN UP,7,E01031813,0,-1
2021010331246,2021,010331246,1,9,0,18,19,5,1,0,0,1,0,0,0,0,1,1,6,6,1,25,5,999,1,9,VOLKSWAGEN UP,9,E01000213,0,-1
2021010292929,2021,010292929,1,9,0,9,9,7,4,0,0,8,0,0,0,0,1,1,6,6,1,22,5,999,1,6,VOLKSWAGEN UP,4,E01004016,0,-1
2021991129490,2021,991129490,2,9,0,17,19,1,5,0,0,0,1,0,2,4,1,1,5,6,1,86,11,999,1,3,VOLKSWAGEN UP,4,-1,0,-1
2021070464168,2021,070464168,1,9,0,18,19,7,3,0,0,0,1,0,0,0,3,1,6,6,2,31,6,999,1,6,VOLKSWAGEN UP,2,E01018327,0,-1
2021161101798,2021,161101798,2,9,0,6,6,1,5,0,0,0,0,0,0,0,3,1,1,1,1,45,7,999,1,1,VOLKSWAGEN UP,2,E01012775,0,-1
2021131117256,2021,131117256,2,9,0,2,2,0,0,0,0,0,0,0,0,0,2,1,6,6,3,-1,-1,999,1,3,VOLKSWAGEN UP,-1,-1,0,-1
2021461061497,2021,461061497,3,9,0,18,19,4,8,0,0,1,0,0,0,0,3,1,2,2,2,24,5,999,1,7,VOLKSWAGEN UP,4,E01021131,0,-1
2021531074138,2021,531074138,1,9,0,9,9,3,7,0,0,8,0,0,0,0,1,1,5,6,2,17,4,999,1,6,VOLKSWAGEN UP,10,E01022114,0,-1
2021451104391,2021,451104391,1,9,0,18,19,1,5,0,0,0,0,0,0,0,4,1,5,6,2,94,11,999,1,8,VOLKSWAGEN UP,7,E01030872,0,-1
2021010310862,2021,010310862,2,9,0,9,9,5,3,0,0,6,1,0,0,0,3,1,6,6,1,70,10,999,1,3,VOLKSWAGEN UP,10,E01021447,0,-1
2021221016398,2021,221016398,2,9,0,9,9,5,4,0,0,6,0,0,0,0,1,1,1,1,2,21,5,999,1,8,VOLKSWAGEN UP,8,E01032455,0,-1
2021411131995,2021,411131995,1,9,0,18,19,7,3,0,0,1,0,10,7,1,1,1,6,6,1,29,6,999,1,5,VOLKSWAGEN UP,7,E01023561,0,-1