collision_index,collision_year,collision_ref_no,vehicle_reference,vehicle_type,towing_and_articulation,vehicle_manoeuvre_historic,vehicle_manoeuvre,vehicle_direction_from,vehicle_direction_to,vehicle_location_restricted_lane_historic,vehicle_location_restricted_lane,junction_location,skidding_and_overturning,hit_object_in_carriageway,vehicle_leaving_carriageway,hit_object_off_carriageway,first_point_of_impact,vehicle_left_hand_drive,journey_purpose_of_driver_historic,journey_purpose_of_driver,sex_of_driver,age_of_driver,age_band_of_driver,engine_capacity_cc,propulsion_code,age_of_vehicle,generic_make_model,driver_imd_decile,lsoa_of_driver,escooter_flag,driver_distance_banding
202131C161521,2021,31C161521,1,9,0,9,9,1,6,0,0,5,0,0,0,0,1,1,6,6,1,21,5,999,1,7,VOLKSWAGEN UP,8,E01011254,0,-1
2021991019740,2021,991019740,1,9,0,18,19,3,7,0,0,1,0,0,0,0,1,1,6,6,2,41,7,999,1,7,VOLKSWAGEN UP,2,-1,0,-1
2021010303718,2021,010303718,1,9,9,99,99,9,9,99,99,9,0,99,9,99,9,9,6,6,3,20,4,-1,3,4,VOLKSWAGEN UP,6,E01004588,0,-1
2021991109018,2021,991109018,1,9,0,18,19,8,4,0,0,0,0,0,0,0,4,1,6,6,2,30,6,999,1,7,VOLKSWAGEN UP,6,-1,0,-1
2021010323815,2021,010323815,1,9,0,18,19,5,1,0,0,8,1,0,0,0,4,1,6,6,2,49,8,999,1,7,VOLKSWAGEN UP,7,E01003655,0,-1
2021421086489,2021,421086489,1,9,0,16,19,5,1,0,0,0,5,0,0,0,1,1,6,6,1,26,6,999,1,8,VOLKSWAGEN UP,-1,-1,0,-1
2021451128270,2021,451128270,2,9,0,7,7,7,1,0,0,6,0,0,0,0,3,1,6,6,2,20,4,999,1,7,VOLKSWAGEN UP,8,E01030556,0,-1
2021411122193,2021,411122193,1,9,0,7,7,1,3,0,0,0,0,0,0,0,1,1,2,2,2,25,5,999,1,7,VOLKSWAGEN UP,8,E01017377,0,-1
2021010297288,2021,010297288,1,9,0,9,9,5,2,0,0,1,0,0,0,0,2,1,2,2,2,29,6,999,1,7,VOLKSWAGEN UP,6,E01024421,0,-1
2021010351244,2021,010351244,1,9,0,18,19,5,1,0,0,4,0,0,0,0,1,1,6,6,2,60,9,999,1,7,VOLKSWAGEN UP,7,E01004159,0,-1
2021010307179,2021,010307179,1,9,0,4,4,3,7,0,0,8,0,0,0,0,2,1,2,2,2,46,8,999,1,7,VOLKSWAGEN UP,3,E01002909,0,-1
2021471085496,2021,471085496,1,9,0,18,19,1,5,0,0,0,0,0,0,0,1,1,5,6,2,27,6,999,1,5,VOLKSWAGEN UP,9,E01020944,0,-1
2021131077107,2021,131077107,3,9,0,18,19,7,3,0,0,0,0,0,0,0,3,1,5,6,2,33,6,999,1,2,VOLKSWAGEN UP,1,E01010627,0,-1
2021501047111,2021,501047111,1,9,0,9,9,3,1,0,0,1,0,0,0,0,4,1,6,6,2,77,11,999,1,2,VOLKSWAGEN UP,6,E01020207,0,-1
2021471127528,2021,471127528,1,9,0,16,19,7,3,0,0,0,0,0,0,0,4,1,6,6,2,21,5,999,1,2,VOLKSWAGEN UP,9,E01031793,0,-1
2021010325437,2021,010325437,2,9,0,18,19,5,1,0,0,1,0,0,0,0,1,1,6,6,3,-1,-1,999,1,6,VOLKSWAGEN UP,4,E01002326,0,-1
2021451080124,2021,451080124,2,9,0,18,19,3,7,0,0,0,0,0,0,0,1,1,6,6,2,22,5,999,1,3,VOLKSWAGEN UP,7,E01030700,0,-1
2021461121745,2021,461121745,1,9,0,18,19,3,7,0,0,0,0,0,0,0,3,1,6,6,2,52,8,999,1,4,VOLKSWAGEN UP,10,E01024423,0,-1
2021991051952,2021,991051952,4,9,0,18,19,4,1,0,0,0,0,0,0,0,1,1,6,6,1,41,7,999,1,2,VOLKSWAGEN UP,5,-1,0,-1
2021138361453,2021,138361453,1,9,0,18,19,5,2,0,0,4,0,0,0,0,1,1,6,6,2,44,7,999,1,7,VOLKSWAGEN UP,-1,-1,0,-1
2021302101442,2021,302101442,1,9,0,18,19,2,6,9,9,0,0,0,0,0,4,1,6,6,2,55,8,999,1,8,VOLKSWAGEN UP,7,E01019603,0,-1
2021430128733,2021,430128733,2,9,0,2,2,0,0,0,0,2,0,0,0,0,2,1,6,6,3,63,9,999,1,5,VOLKSWAGEN UP,7,E01016307,0,-1
2021141052309,2021,141052309,1,9,0,18,19,6,4,0,0,8,0,7,0,0,1,1,5,6,2,73,10,999,1,5,VOLKSWAGEN UP,7,E01028023,0,-1
2021201042187,2021,201042187,1,9,0,18,19,6,2,0,0,2,0,10,7,11,1,1,6,6,1,69,10,999,1,5,VOLKSWAGEN UP,3,E01009145,0,-1
2021361107327,2021,361107327,1,9,0,18,19,8,4,0,0,1,0,0,0,0,1,1,5,6,1,20,4,999,1,5,VOLKSWAGEN UP,6,E01026748,0,-1
2021010347416,2021,010347416,1,9,0,9,9,2,8,0,0,5,0,0,0,0,4,1,2,2,2,57,9,999,1,8,VOLKSWAGEN UP,5,E01003949,0,-1
2021122100649,2021,122100649,1,9,0,9,9,8,5,0,0,6,0,0,0,0,3,1,6,6,2,28,6,999,1,6,VOLKSWAGEN UP,-1,-1,0,-1
2021010316150,2021,010316150,2,9,0,9,9,1,7,0,0,1,0,0,0,0,3,1,6,6,1,37,7,999,1,7,VOLKSWAGEN UP,8,E01031918,0,-1
2021440491409,2021,440491409,1,9,0,18,19,7,3,0,0,0,2,0,4,4,1,1,6,6,1,18,4,999,1,9,VOLKSWAGEN UP,9,-1,0,-1
2021201131356,2021,201131356,5,9,0,2,2,0,0,0,0,0,0,0,0,0,3,1,6,6,3,-1,-1,999,1,6,VOLKSWAGEN UP,-1,-1,0,-1
2021161045434,2021,161045434,2,9,0,18,19,3,7,0,0,1,0,0,0,0,1,1,2,2,1,69,10,999,1,2,VOLKSWAGEN UP,6,E01013022,0,-1
2021041092787,2021,041092787,1,9,0,7,7,3,3,0,0,0,5,11,1,0,1,1,5,6,1,29,6,999,1,7,VOLKSWAGEN UP,8,E01024939,0,-1
2021501068953,2021,501068953,1,9,0,7,7,3,5,0,0,3,0,0,0,0,4,1,1,1,2,48,8,999,1,5,VOLKSWAGEN UP,7,E01018787,0,-1
2021010351044,2021,010351044,2,9,0,9,9,6,4,0,0,1,0,0,0,0,2,1,6,6,2,53,8,999,1,5,VOLKSWAGEN UP,3,E01001874,0,-1
2021010334857,2021,010334857,1,9,0,7,7,5,8,0,0,1,0,0,0,0,4,1,2,2,1,67,10,999,1,4,VOLKSWAGEN UP,6,E01001648,0,-1
2021170S41891,2021,170S41891,3,9,0,18,19,1,5,0,0,0,0,0,0,0,1,1,6,6,2,53,8,999,1,2,VOLKSWAGEN UP,9,E01012224,0,-1
2021622100103,2021,622100103,1,9,0,7,7,2,4,0,0,8,0,0,1,1,1,1,6,6,1,18,4,999,1,8,VOLKSWAGEN UP,9,W01001729,0,-1
2021170H10601,2021,170H10601,2,9,0,18,19,7,3,0,0,1,0,0,0,0,1,1,6,6,1,72,10,999,1,9,VOLKSWAGEN UP,2,E01011954,0,-1
2021221118116,2021,221118116,1,9,0,18,19,2,6,0,0,8,0,0,0,0,4,1,5,6,2,18,4,999,1,8,VOLKSWAGEN UP,6,E01032327,0,-1
2021131114577,2021,131114577,2,9,0,9,9,6,4,0,0,8,0,0,0,0,4,1,6,6,2,67,10,999,1,7,VOLKSWAGEN UP,4,E01007820,0,-1
2021221061457,2021,221061457,2,9,0,9,9,8,6,0,0,6,0,0,0,0,3,1,5,6,2,19,4,999,1,9,VOLKSWAGEN UP,-1,-1,0,-1
2021430343823,2021,430343823,2,9,0,14,14,8,5,0,0,0,0,0,0,0,4,1,6,6,2,-1,-1,999,1,9,VOLKSWAGEN UP,-1,-1,0,-1
2021451119787,2021,451119787,1,9,0,7,7,6,4,0,0,1,0,0,0,0,1,1,5,6,1,31,6,999,1,6,VOLKSWAGEN UP,10,E01030584,0,-1
2021101029633,2021,101029633,2,9,0,3,3,3,7,0,0,4,0,0,0,0,2,1,5,6,1,64,9,999,1,9,VOLKSWAGEN UP,8,E01027457,0,-1
2021421094646,2021,421094646,1,9,0,7,7,4,7,0,0,5,0,0,0,0,3,1,6,6,1,37,7,999,1,7,VOLKSWAGEN UP,3,E01015825,0,-1
2021041054896,2021,041054896,2,9,0,18,19,5,1,0,0,0,0,0,1,7,3,1,1,1,2,29,6,999,1,4,VOLKSWAGEN UP,7,E01019395,0,-1
2021201138668,2021,201138668,3,9,0,18,19,2,5,0,0,6,0,0,0,0,4,1,6,6,2,33,6,999,1,6,VOLKSWAGEN UP,8,E01009067,0,-1
2021061082297,2021,061082297,1,9,0,18,19,4,8,0,0,0,0,0,0,0,1,1,6,6,3,-1,-1,999,1,3,VOLKSWAGEN UP,-1,-1,0,-1
2021061105653,2021,061105653,1,9,0,18,19,4,8,0,0,1,0,0,0,0,1,1,6,6,3,30,6,999,1,6,VOLKSWAGEN UP,-1,-1,0,-1
2021610066121,2021,610066121,2,9,0,18,19,7,3,0,0,8,0,0,0,0,4,1,6,6,2,26,6,999,1,9,VOLKSWAGEN UP,2,W01001862,0,-1
2021461037728,2021,461037728,1,9,0,16,19,1,5,0,0,2,0,0,0,0,1,1,5,6,2,74,10,999,1,0,VOLKSWAGEN UP,8,E01024043,0,-1
2021991094030,2021,991094030,1,9,0,7,7,1,5,0,0,1,1,0,3,0,1,1,2,2,2,20,4,999,1,4,VOLKSWAGEN UP,8,-1,0,-1
2021421095081,2021,421095081,1,9,0,7,7,2,3,0,0,1,0,0,0,0,0,1,5,6,2,47,8,999,1,4,VOLKSWAGEN UP,5,E01004353,0,-1
2021451063163,2021,451063163,2,9,0,9,9,8,7,0,0,2,0,0,0,0,1,1,5,6,2,45,7,999,1,9,VOLKSWAGEN UP,10,E01030396,0,-1
2021411057174,2021,411057174,1,9,0,18,19,4,5,0,0,0,0,0,0,0,3,1,5,6,1,-1,-1,999,1,5,VOLKSWAGEN UP,9,E01033531,0,-1
2021320225415,2021,320225415,3,9,0,2,2,0,0,9,9,2,0,0,0,0,1,1,6,6,2,19,4,999,1,3,VOLKSWAGEN UP,3,E01026116,0,-1
2021211121546,2021,211121546,1,9,0,18,19,8,8,0,0,0,0,0,0,0,1,1,5,6,1,20,4,999,1,0,VOLKSWAGEN UP,6,E01029401,0,-1
2021552100573,2021,552100573,2,9,0,18,19,3,7,0,0,8,0,0,0,0,1,1,2,2,1,29,6,999,1,6,VOLKSWAGEN UP,8,E01020475,0,-1
2021991095600,2021,991095600,6,9,0,18,19,7,3,0,0,0,0,0,0,0,3,1,5,6,2,37,7,999,1,6,VOLKSWAGEN UP,3,-1,0,-1
2021522103557,2021,522103557,1,9,0,18,19,5,1,0,0,1,0,0,0,0,1,1,6,6,1,64,9,999,1,3,VOLKSWAGEN UP,8,E01014803,0,-1
202134WNC6141,2021,34WNC6141,2,9,0,3,3,8,4,0,0,1,0,0,0,0,2,1,6,6,1,23,5,999,1,3,VOLKSWAGEN UP,9,E01027286,0,-1
2021552100315,2021,552100315,3,9,0,18,19,3,7,0,0,0,0,0,0,0,2,1,6,6,2,41,7,999,1,8,VOLKSWAGEN UP,6,E01015317,0,-1
2021501103346,2021,501103346,1,9,0,9,9,1,6,0,0,2,0,0,0,0,1,1,2,2,2,21,5,999,1,7,VOLKSWAGEN UP,6,E01015200,0,-1
2021411067780,2021,411067780,2,9,0,18,19,8,4,0,0,0,0,0,0,0,2,1,2,2,2,24,5,999,1,7,VOLKSWAGEN UP,10,E01023686,0,-1
2021451069820,2021,451069820,2,9,0,18,19,5,1,0,0,0,0,0,0,0,1,1,5,6,2,76,11,999,1,4,VOLKSWAGEN UP,6,E01031676,0,-1
2021471067283,2021,471067283,1,9,0,9,9,7,5,0,0,0,0,0,0,0,1,1,5,6,1,89,11,999,1,5,VOLKSWAGEN UP,9,E01021231,0,-1
2021540362321,2021,540362321,2,9,0,16,19,5,1,0,0,0,0,0,0,0,1,1,1,1,2,42,7,999,1,2,VOLKSWAGEN UP,-1,-1,0,-1
2021122100023,2021,122100023,2,9,0,18,19,2,6,0,0,2,0,0,1,0,1,1,6,6,1,65,9,999,1,8,VOLKSWAGEN UP,9,E01027737,0,-1
2021991119775,2021,991119775,2,9,0,18,19,2,6,0,0,0,0,0,0,0,1,1,6,6,2,55,8,999,1,6,VOLKSWAGEN UP,9,-1,0,-1
2021070610904,2021,070610904,5,9,0,2,2,5,1,0,0,0,0,0,0,0,0,1,6,6,2,25,5,999,1,5,VOLKSWAGEN UP,8,W01000404,0,-1
2021421119819,2021,421119819,2,9,0,18,19,5,1,0,0,0,0,0,0,0,1,1,5,6,2,79,11,999,1,4,VOLKSWAGEN UP,3,E01021245,0,-1
202131D081521,2021,31D081521,2,9,0,4,4,8,4,0,0,8,0,0,0,0,2,1,6,6,2,34,6,999,1,8,VOLKSWAGEN UP,4,E01019433,0,-1
2021041141504,2021,041141504,3,9,0,2,2,0,0,0,0,0,0,0,0,0,1,1,6,6,3,-1,-1,999,1,3,VOLKSWAGEN UP,-1,-1,0,-1
2021302100979,2021,302100979,1,9,0,18,19,4,8,0,0,2,0,0,0,0,3,1,6,6,2,76,11,999,1,6,VOLKSWAGEN UP,10,E01013461,0,-1
2021010338502,2021,010338502,1,9,0,18,19,1,5,0,0,8,0,0,0,0,1,1,6,6,1,25,5,999,1,8,VOLKSWAGEN UP,1,E01003246,0,-1
2021430394828,2021,430394828,2,9,0,9,9,8,6,0,0,8,0,0,0,0,4,1,6,6,1,-1,-1,999,1,4,VOLKSWAGEN UP,-1,-1,0,-1
2021430198112,2021,430198112,1,9,0,4,4,5,4,0,0,1,0,0,0,0,2,1,6,6,2,23,5,999,1,7,VOLKSWAGEN UP,7,E01028678,0,-1
2021451091059,2021,451091059,1,9,0,4,4,3,7,0,0,0,0,0,0,0,2,1,5,6,2,19,4,999,1,3,VOLKSWAGEN UP,10,E01030796,0,-1
2021111082555,2021,111082555,1,9,0,9,9,3,7,0,0,1,0,0,0,0,1,1,5,6,2,29,6,999,1,8,VOLKSWAGEN UP,6,E01010957,0,-1
2021201142220,2021,201142220,1,9,0,18,19,3,7,0,0,0,0,0,0,0,1,1,6,6,3,23,5,999,1,9,VOLKSWAGEN UP,10,E01010198,0,-1
2021430246693,2021,430246693,2,9,0,9,9,6,4,0,0,5,0,0,0,0,4,1,6,6,2,80,11,999,1,5,VOLKSWAGEN UP,-1,-1,0,-1
2021201108365,2021,201108365,1,9,0,1,1,5,1,0,0,0,0,0,0,0,2,1,6,6,2,23,5,999,1,8,VOLKSWAGEN UP,5,E01010393,0,-1
2021070595067,2021,070595067,2,9,0,16,19,1,5,0,0,0,0,0,0,0,2,1,6,6,2,50,8,999,1,9,VOLKSWAGEN UP,-1,-1,0,-1
2021371029486,2021,371029486,1,9,0,2,2,0,0,0,0,0,0,0,0,0,1,1,5,6,2,83,11,999,1,8,VOLKSWAGEN UP,9,E01030034,0,-1
2021320330455,2021,320330455,1,9,0,18,19,1,5,0,0,0,0,0,0,0,4,1,6,6,2,76,11,999,1,4,VOLKSWAGEN UP,9,E01026274,0,-1
2021221090977,2021,221090977,1,9,0,11,11,2,8,0,0,8,0,0,0,0,4,1,5,6,2,19,4,999,1,5,VOLKSWAGEN UP,5,E01032169,0,-1
2021061058012,2021,061058012,2,9,0,18,19,3,7,0,0,0,0,0,0,0,3,1,6,6,2,22,5,999,1,7,VOLKSWAGEN UP,1,E01005586,0,-1
2021010347248,2021,010347248,2,9,0,99,99,9,9,99,99,9,9,99,9,99,1,9,6,6,3,37,7,999,1,7,VOLKSWAGEN UP,3,E01002649,0,-1
2021461102667,2021,461102667,1,9,0,18,19,3,7,0,0,0,0,0,0,0,3,1,6,6,2,21,5,999,1,7,VOLKSWAGEN UP,9,E01024338,0,-1
2021101120068,2021,101120068,1,9,0,18,19,7,3,0,0,0,0,0,0,0,1,1,5,6,2,19,4,999,1,8,VOLKSWAGEN UP,-1,-1,0,-1
2021302100106,2021,302100106,3,9,0,3,3,6,2,0,0,0,0,0,0,0,2,1,1,1,2,59,9,999,1,9,VOLKSWAGEN UP,9,E01008041,0,-1
2021231018591,2021,231018591,1,9,0,7,7,6,1,0,0,6,1,0,0,0,3,1,2,2,1,22,5,999,1,6,VOLKSWAGEN UP,9,E01009435,0,-1
2021201107649,2021,201107649,2,97,0,18,19,2,6,0,0,8,0,0,0,0,1,1,1,1,1,38,7,125,1,1,-1,1,E01009358,0,-1
2021041024443,2021,041024443,2,3,0,18,19,1,5,0,0,0,0,0,0,0,4,1,5,6,2,28,6,125,1,1,-1,2,E01012591,0,-1
2021201122212,2021,201122212,1,9,0,18,19,-1,-1,0,0,0,0,10,1,3,1,1,6,6,1,38,7,2891,1,4,ALFA ROMEO GIULIA,9,E01009420,0,-1
2021351042864,2021,351042864,1,9,0,9,9,1,6,0,0,0,0,11,0,0,1,1,5,6,1,44,7,1995,1,2,ALFA ROMEO GIULIA,9,E01033426,0,-1
2021161099336,2021,161099336,2,9,0,4,4,3,7,0,0,0,0,0,0,0,2,1,6,6,1,28,6,2143,2,4,ALFA ROMEO GIULIA,10,E01027893,0,-1
2021010347203,2021,010347203,1,9,0,99,99,9,9,99,99,9,9,99,9,99,1,9,6,6,1,46,8,2891,1,1,ALFA ROMEO GIULIA,2,E01004719,0,-1
2021010295613,2021,010295613,1,9,0,10,10,3,8,0,0,4,0,0,0,0,1,1,6,6,1,31,6,1995,1,4,ALFA ROMEO GIULIA,-1,-1,0,-1
2021411073385,2021,411073385,1,9,0,14,14,3,7,0,0,0,0,0,0,0,1,1,5,6,1,75,10,1995,1,4,ALFA ROMEO GIULIA,9,E01033022,0,-1
2021010314132,2021,010314132,2,9,0,3,3,1,5,0,0,4,0,0,0,0,1,1,6,6,3,-1,-1,2891,1,4,ALFA ROMEO GIULIA,-1,-1,0,-1
2021421038574,2021,421038574,2,9,0,4,4,1,5,0,0,8,0,0,0,0,3,1,5,6,2,32,6,2891,1,4,ALFA ROMEO GIULIA,6,E01015863,0,-1
2021451012928,2021,451012928,1,9,0,18,19,5,1,0,0,0,1,10,6,11,1,1,5,6,1,21,5,2891,1,3,ALFA ROMEO GIULIA,10,E01030443,0,-1
2021201103098,2021,201103098,2,9,0,18,19,3,7,0,0,1,0,0,0,0,4,1,6,6,1,69,10,1995,1,1,ALFA ROMEO GIULIA,9,E01032142,0,-1
2021010305518,2021,010305518,1,9,0,18,19,1,5,0,0,0,0,4,0,0,4,1,3,7,2,33,6,1995,1,4,ALFA ROMEO GIULIA,7,E01003456,0,-1
2021122101442,2021,122101442,1,9,0,18,19,5,1,0,0,0,1,0,2,7,4,1,1,1,1,29,6,2891,1,3,ALFA ROMEO GIULIA,8,E01027587,0,-1
202154C271121,2021,54C271121,2,9,0,2,2,0,0,0,0,0,0,0,0,0,2,1,6,6,1,39,7,2143,2,2,ALFA ROMEO GIULIA,8,E01031892,0,-1
2021041093916,2021,041093916,1,9,0,18,19,5,7,0,0,0,0,0,0,0,1,1,6,6,1,34,6,2891,1,2,ALFA ROMEO GIULIA,8,E01025174,0,-1
2021211068036,2021,211068036,2,9,0,7,7,7,3,0,0,1,0,0,0,0,4,1,3,7,1,47,8,1995,1,4,ALFA ROMEO GIULIA,6,E01029707,0,-1
2021141120051,2021,141120051,1,5,0,13,13,2,6,0,0,0,1,0,0,0,0,1,5,6,1,53,8,1170,1,16,BMW R 1200,3,E01007525,0,-1
2021211096630,2021,211096630,2,5,0,18,19,6,2,0,0,0,0,0,7,9,3,1,5,6,1,58,9,1170,1,7,BMW R 1200,10,E01018560,0,-1
2021451080911,2021,451080911,2,5,0,4,4,7,3,0,0,0,5,0,0,0,1,1,5,6,1,56,9,1170,1,3,BMW R 1200,5,E01024427,0,-1
2021031077451,2021,031077451,1,5,0,16,19,1,5,0,0,1,1,0,7,9,1,1,5,6,1,59,9,1170,1,5,BMW R 1200,6,E01025202,0,-1
2021501063074,2021,501063074,2,5,0,18,19,1,5,0,0,8,0,0,0,0,4,1,1,1,1,55,8,1170,1,11,BMW R 1200,5,E01032013,0,-1
2021011076394,2021,011076394,2,5,0,2,2,8,5,0,0,0,5,0,0,0,4,1,1,1,1,43,7,1170,1,6,BMW R 1200,8,E01021544,0,-1
2021041056445,2021,041056445,2,5,0,18,19,1,5,0,0,0,0,0,0,0,3,1,5,6,1,51,8,1170,1,6,BMW R 1200,10,E01012463,0,-1
2021991082094,2021,991082094,1,5,0,18,19,2,6,0,0,0,0,12,0,0,1,1,5,6,1,59,9,1170,1,4,BMW R 1200,4,-1,0,-1
2021220210031,2021,220210031,2,5,0,17,19,8,5,0,0,0,0,0,0,0,0,1,1,1,1,38,7,1170,1,3,BMW R 1200,9,E01018737,0,-1
2021010331835,2021,010331835,2,5,0,11,11,3,7,0,0,2,0,0,0,0,1,1,6,6,3,-1,-1,1170,1,11,BMW R 1200,-1,-1,0,-1
2021311093435,2021,311093435,2,5,0,13,13,1,5,0,0,8,2,0,0,0,3,1,1,1,1,42,7,1170,1,2,BMW R 1200,7,E01007493,0,-1
2021010297906,2021,010297906,1,5,0,18,19,1,5,0,0,1,0,0,0,0,1,1,1,1,1,46,8,1170,1,3,BMW R 1200,3,E01003976,0,-1
2021471050715,2021,471050715,2,5,0,16,19,6,2,0,0,8,0,0,0,0,4,1,2,2,1,37,7,1170,1,10,BMW R 1200,5,E01024537,0,-1
2021461090903,2021,461090903,2,5,0,18,19,5,1,0,0,1,1,0,0,0,1,1,5,6,1,33,6,1170,1,6,BMW R 1200,7,E01029896,0,-1
2021111039989,2021,111039989,2,4,0,13,13,7,3,0,0,0,0,0,1,0,1,1,6,6,1,64,9,1170,1,4,-1,6,E01019297,0,-1
2021520103970,2021,520103970,1,5,0,18,19,6,2,0,0,0,0,0,0,0,1,1,6,6,1,58,9,1170,1,5,BMW R 1200,9,E01024821,0,-1
2021451024804,2021,451024804,1,5,0,7,7,5,7,0,0,3,1,0,0,0,4,1,5,6,1,65,9,1170,1,4,BMW R 1200,10,E01021159,0,-1
202163D077421,2021,63D077421,1,5,0,13,13,5,8,0,0,0,1,0,0,0,1,1,6,6,1,63,9,1170,1,5,BMW R 1200,4,E01009766,0,-1
2021041038828,2021,041038828,2,5,0,13,13,5,1,0,0,0,0,0,0,0,4,1,5,6,1,51,8,1170,1,17,BMW R 1200,9,E01025126,0,-1
2021302101580,2021,302101580,1,5,0,4,4,8,4,0,0,1,0,11,0,0,4,1,6,6,1,58,9,1170,1,7,BMW R 1200,9,E01019631,0,-1
2021451031528,2021,451031528,1,5,0,18,19,5,2,0,0,0,2,0,0,0,1,1,5,6,1,69,10,1170,1,4,BMW R 1200,9,E01004080,0,-1
2021531059898,2021,531059898,1,5,0,12,12,4,8,0,0,0,5,0,0,0,4,1,5,6,1,60,9,1170,1,3,BMW R 1200,7,E01022397,0,-1
2021141034435,2021,141034435,1,5,0,13,13,3,7,0,0,0,0,0,0,0,4,1,5,6,1,50,8,1170,1,11,BMW R 1200,2,E01007579,0,-1
2021451107882,2021,451107882,3,5,0,18,19,7,3,0,0,0,0,0,0,0,4,1,5,6,1,62,9,1170,1,3,BMW R 1200,8,E01004195,0,-1
2021141017763,2021,141017763,1,4,0,18,19,5,1,0,0,0,0,0,1,2,1,1,6,6,1,23,5,247,1,8,-1,3,E01008027,0,-1
2021351093005,2021,351093005,1,9,0,18,19,1,5,0,0,6,0,0,0,0,1,1,1,1,1,65,9,989,1,18,-1,2,E01026716,0,-1
2021440271847,2021,440271847,2,9,0,18,19,3,7,0,0,8,0,0,0,0,1,1,6,6,1,44,7,989,1,18,-1,3,E01017349,0,-1
2021141128732,2021,141128732,1,9,0,5,5,4,8,0,0,0,0,0,0,0,2,1,5,6,2,23,5,989,1,17,-1,3,E01033268,0,-1
2021471101636,2021,471101636,2,9,0,4,4,3,7,0,0,0,0,0,0,0,2,1,5,6,2,66,10,989,1,18,-1,6,E01031408,0,-1
2021440154184,2021,440154184,1,5,0,4,4,6,2,0,0,1,0,0,0,0,4,1,6,6,1,41,7,1098,1,12,-1,10,E01023287,0,-1
2021010330613,2021,010330613,1,9,0,18,19,5,1,0,0,1,0,0,0,0,1,1,6,6,1,29,6,4497,1,11,-1,2,E01001722,0,-1
2021221108433,2021,221108433,1,9,0,18,19,3,7,0,0,3,1,0,7,0,1,1,5,6,1,56,9,4497,1,8,-1,8,E01032182,0,-1
2021552100267,2021,552100267,1,5,0,16,19,8,4,0,0,0,0,0,8,10,3,1,6,6,1,67,10,1520,1,30,-1,-1,-1,0,-1
2021010339265,2021,010339265,1,3,0,99,99,9,9,99,99,9,9,99,9,99,1,1,1,1,1,40,7,108,1,12,HONDA NHX110WH,2,E01004207,0,-1
2021010334918,2021,010334918,1,3,0,5,5,5,1,0,0,2,0,0,0,0,4,1,2,2,2,24,5,108,1,13,HONDA NHX110WH,4,E01002704,0,-1
2021010333725,2021,010333725,2,3,0,18,19,7,3,0,0,3,0,0,0,0,1,1,6,6,1,27,6,108,1,13,HONDA NHX110WH,2,E01004223,0,-1
2021010318695,2021,010318695,1,3,0,18,19,5,1,0,0,1,0,0,0,0,2,1,6,6,1,49,8,108,1,13,HONDA NHX110WH,2,E01003947,0,-1
2021221041328,2021,221041328,1,3,0,16,19,6,2,0,0,0,0,0,0,0,1,1,6,6,2,61,9,108,1,12,HONDA NHX110WH,1,E01009097,0,-1
2021501061944,2021,501061944,1,2,0,18,19,6,8,0,0,2,1,0,0,0,1,1,5,6,1,50,8,108,1,13,HONDA NHX110WH,8,E01020091,0,-1
2021010315546,2021,010315546,2,3,0,18,19,3,7,0,0,1,0,0,0,0,1,1,6,6,1,19,4,108,1,13,HONDA NHX110WH,-1,-1,0,-1
2021010318854,2021,010318854,1,3,0,99,99,9,9,99,99,9,9,99,9,99,9,1,2,2,1,35,6,108,1,13,HONDA NHX110WH,1,E01001429,0,-1
2021010292792,2021,010292792,2,3,0,18,19,5,1,0,0,1,0,0,0,0,1,1,1,1,1,18,4,108,1,11,HONDA NHX110WH,5,E01001157,0,-1
2021010352378,2021,010352378,1,3,0,99,99,9,9,99,99,9,9,99,9,99,9,1,1,1,1,29,6,108,1,13,HONDA NHX110WH,2,E01000050,0,-1
2021010333623,2021,010333623,2,3,0,18,19,7,3,0,0,8,0,0,0,0,1,1,2,2,1,58,9,108,1,10,HONDA NHX110WH,-1,-1,0,-1
2021010314911,2021,010314911,1,3,0,99,99,9,9,99,99,9,9,99,9,99,2,1,6,6,1,29,6,108,1,11,HONDA NHX110WH,5,E01000489,0,-1
2021010329358,2021,010329358,1,2,0,18,19,5,1,0,0,8,5,0,0,0,1,1,6,6,1,39,7,108,1,12,HONDA NHX110WH,7,E01000295,0,-1
2021010317610,2021,010317610,2,3,0,18,19,1,5,0,0,2,0,0,0,0,0,1,6,6,1,43,7,108,1,12,HONDA NHX110WH,5,E01000144,0,-1
2021991038099,2021,991038099,1,3,0,18,19,3,7,0,0,8,0,0,0,0,1,1,6,6,1,24,5,108,1,12,HONDA NHX110WH,3,-1,0,-1
2021010289020,2021,010289020,2,3,0,3,3,3,7,0,0,1,0,0,0,0,2,1,1,1,1,38,7,108,1,13,HONDA NHX110WH,3,E01003522,0,-1
2021131114257,2021,131114257,2,3,0,10,10,5,3,0,0,0,0,0,0,0,1,1,5,6,2,52,8,108,1,13,HONDA NHX110WH,1,E01011922,0,-1
2021440231358,2021,440231358,2,3,0,9,9,8,6,0,0,8,0,0,0,0,4,1,1,1,1,28,6,108,1,12,HONDA NHX110WH,2,E01017076,0,-1
2021010300971,2021,010300971,1,3,0,99,99,9,9,99,99,1,9,99,9,99,9,9,6,6,1,26,6,108,1,13,HONDA NHX110WH,3,E01003606,0,-1
2021010293521,2021,010293521,1,2,0,99,99,9,9,99,99,9,9,99,9,99,9,1,6,6,1,28,6,108,1,12,-1,4,E01001595,0,-1