collision_index,collision_year,collision_ref_no,vehicle_reference,vehicle_type,towing_and_articulation,vehicle_manoeuvre_historic,vehicle_manoeuvre,vehicle_direction_from,vehicle_direction_to,vehicle_location_restricted_lane_historic,vehicle_location_restricted_lane,junction_location,skidding_and_overturning,hit_object_in_carriageway,vehicle_leaving_carriageway,hit_object_off_carriageway,first_point_of_impact,vehicle_left_hand_drive,journey_purpose_of_driver_historic,journey_purpose_of_driver,sex_of_driver,age_of_driver,age_band_of_driver,engine_capacity_cc,propulsion_code,age_of_vehicle,generic_make_model,driver_imd_decile,lsoa_of_driver,escooter_flag,driver_distance_banding
2021010297819,2021,010297819,1,3,0,18,19,3,7,0,0,8,0,0,0,0,1,1,6,6,1,39,7,108,1,12,HONDA NHX110WH,2,E01001011,0,-1
2021991074022,2021,991074022,2,17,0,9,9,7,5,0,0,0,0,0,0,0,2,1,2,2,1,56,9,4400,2,4,-1,6,-1,0,-1
20211381U0962,2021,1381U0962,2,17,0,18,19,8,4,0,0,1,0,0,0,0,0,1,1,1,1,-1,-1,4400,2,4,-1,-1,-1,0,-1
2021501120699,2021,501120699,4,17,4,16,19,6,2,0,0,2,0,4,7,0,1,1,1,1,1,27,6,4400,2,5,-1,-1,-1,0,-1
2021471125473,2021,471125473,1,9,0,4,4,8,4,7,6,0,5,10,1,4,1,1,6,6,1,64,9,2148,2,11,MERCEDES CLC CLASS,1,E01020982,0,-1
2021010313334,2021,010313334,1,9,0,99,99,9,9,99,99,0,9,99,9,99,9,9,6,6,2,26,6,1796,1,11,MERCEDES CLC CLASS,3,E01033084,0,-1
2021131075252,2021,131075252,2,9,0,2,2,0,0,0,0,0,0,0,0,0,1,1,6,6,3,-1,-1,2148,2,13,MERCEDES CLC CLASS,-1,-1,0,-1
2021010336996,2021,010336996,1,9,0,6,6,5,5,0,0,0,0,0,0,0,3,1,2,2,2,26,6,2148,2,12,MERCEDES CLC CLASS,1,E01001978,0,-1
2021421113450,2021,421113450,1,9,0,4,4,5,1,0,0,2,0,0,0,0,4,1,5,6,2,41,7,2148,2,12,MERCEDES CLC CLASS,4,E01003658,0,-1
2021320565608,2021,320565608,1,9,0,18,19,8,4,0,0,0,0,0,0,0,1,1,3,7,2,42,7,1796,1,11,MERCEDES CLC CLASS,5,E01026232,0,-1
2021991055077,2021,991055077,2,9,0,3,3,6,2,0,0,0,0,0,0,0,2,1,5,6,2,46,8,1796,1,12,MERCEDES CLC CLASS,3,-1,0,-1
2021461084071,2021,461084071,1,9,0,2,2,0,0,6,6,0,0,0,0,0,3,1,6,6,1,49,8,1796,1,12,MERCEDES CLC CLASS,8,E01024185,0,-1
2021201076173,2021,201076173,2,9,0,18,19,-1,-1,0,0,1,0,0,0,0,1,1,6,6,2,33,6,1796,1,11,MERCEDES CLC CLASS,7,E01009474,0,-1
2021010333299,2021,010333299,3,9,0,99,99,9,9,99,99,9,9,99,9,99,9,9,6,6,3,31,6,1796,1,10,MERCEDES CLC CLASS,-1,-1,0,-1
2021010319284,2021,010319284,2,9,0,18,19,5,1,0,0,8,0,0,0,0,4,1,6,6,1,32,6,1796,1,12,MERCEDES CLC CLASS,5,E01000560,0,-1
2021351114182,2021,351114182,1,9,0,18,19,4,2,0,0,6,0,0,1,0,1,1,5,6,1,25,5,2148,2,13,MERCEDES CLC CLASS,3,E01029954,0,-1
2021320729550,2021,320729550,2,9,0,18,19,2,6,0,0,8,0,0,0,0,1,1,6,6,2,79,11,1796,1,12,MERCEDES CLC CLASS,7,E01026397,0,-1
2021010345712,2021,010345712,1,8,0,18,19,1,5,0,0,1,0,0,0,0,1,1,6,6,2,55,8,-1,-1,-1,MERCEDES CLC CLASS,3,E01002243,0,-1
2021010299474,2021,010299474,2,9,0,99,99,9,9,0,0,0,0,0,0,0,9,9,6,6,3,-1,-1,1796,1,13,MERCEDES CLC CLASS,-1,-1,0,-1
2021010342488,2021,010342488,3,9,0,18,19,3,7,0,0,0,0,0,0,0,1,1,2,2,1,28,6,1796,1,12,MERCEDES CLC CLASS,4,E01001297,0,-1
2021010334828,2021,010334828,2,9,0,99,99,9,9,99,99,9,9,99,9,99,1,9,6,6,3,-1,-1,1597,1,11,MERCEDES CLC CLASS,-1,-1,0,-1
2021031110777,2021,031110777,1,9,0,5,5,3,7,0,0,1,0,0,0,0,3,1,6,6,1,34,6,2148,2,13,MERCEDES CLC CLASS,7,E01019395,0,-1
2021010323695,2021,010323695,1,9,9,99,99,9,9,99,99,9,9,99,9,99,9,9,6,6,2,50,8,1796,1,12,MERCEDES CLC CLASS,4,E01010675,0,-1
2021010323126,2021,010323126,2,9,0,2,2,0,0,0,0,1,0,0,0,0,2,1,6,6,3,-1,-1,1796,1,11,MERCEDES CLC CLASS,-1,-1,0,-1
2021421099345,2021,421099345,1,9,0,9,9,3,2,0,0,2,0,0,0,0,1,1,5,6,1,55,8,2148,2,12,MERCEDES CLC CLASS,2,E01021316,0,-1
2021471049612,2021,471049612,2,9,0,18,19,5,1,0,0,3,0,0,0,0,3,1,5,6,1,36,7,1796,1,11,MERCEDES CLC CLASS,6,E01031513,0,-1
2021070205646,2021,070205646,3,9,0,2,2,0,0,0,0,2,0,0,0,0,3,1,6,6,3,-1,-1,2148,2,13,MERCEDES CLC CLASS,-1,-1,0,-1
2021010322669,2021,010322669,1,9,0,99,99,9,9,99,99,9,9,99,9,99,9,9,2,2,2,27,6,1597,1,11,MERCEDES CLC CLASS,6,E01002617,0,-1
2021461028408,2021,461028408,1,9,0,18,19,1,5,0,0,0,0,0,0,0,0,1,5,6,2,33,6,1796,1,12,MERCEDES CLC CLASS,4,E01016177,0,-1
2021041107892,2021,041107892,1,9,0,5,5,5,5,0,0,1,0,0,0,0,1,1,5,6,1,26,6,1796,1,11,MERCEDES CLC CLASS,3,E01025097,0,-1
2021010297858,2021,010297858,1,9,0,99,99,9,9,99,99,9,9,99,9,99,1,9,6,6,1,39,7,1796,1,12,MERCEDES CLC CLASS,1,E01003961,0,-1
2021421109017,2021,421109017,2,9,0,3,3,2,6,0,0,0,0,0,0,0,2,1,5,6,1,45,7,1796,1,11,MERCEDES CLC CLASS,9,E01015941,0,-1
2021052102170,2021,052102170,1,9,0,9,9,6,4,0,0,5,0,0,0,0,1,1,6,6,1,23,5,1597,1,12,MERCEDES CLC CLASS,7,E01006856,0,-1
2021010287921,2021,010287921,3,9,0,2,2,0,0,0,0,1,0,10,7,0,4,1,6,6,3,-1,-1,1796,1,10,MERCEDES CLC CLASS,-1,-1,0,-1
2021221105655,2021,221105655,1,9,0,6,6,8,8,0,0,8,0,0,0,0,3,1,5,6,2,74,10,1796,1,12,MERCEDES CLC CLASS,5,E01003833,0,-1
2021010347353,2021,010347353,1,9,0,9,9,8,7,0,0,5,0,0,0,0,4,1,3,7,1,32,6,1796,1,12,MERCEDES CLC CLASS,4,E01001097,0,-1
2021471023689,2021,471023689,2,9,0,9,9,3,7,0,0,2,0,0,0,0,3,1,6,6,2,51,8,2148,2,12,MERCEDES CLC CLASS,4,E01021004,0,-1
2021461084731,2021,461084731,1,9,0,18,19,1,5,0,0,1,0,0,0,0,1,1,5,6,1,39,7,2148,2,13,MERCEDES CLC CLASS,1,E01016033,0,-1
2021471083931,2021,471083931,1,9,0,9,9,5,3,0,0,6,0,0,1,1,3,1,2,2,2,26,6,1796,1,13,MERCEDES CLC CLASS,3,E01031441,0,-1
2021061050853,2021,061050853,1,9,0,18,19,1,5,0,0,0,0,0,0,0,3,1,5,6,1,63,9,2148,2,13,MERCEDES CLC CLASS,7,E01032228,0,-1
2021010332858,2021,010332858,3,9,0,99,99,9,9,99,99,0,9,99,9,99,9,9,6,6,3,-1,-1,1796,1,13,MERCEDES CLC CLASS,-1,-1,0,-1
202131C060721,2021,31C060721,1,9,0,2,2,0,0,0,0,8,0,0,0,0,3,1,2,2,2,34,6,1796,1,13,MERCEDES CLC CLASS,1,E01013864,0,-1
2021411097033,2021,411097033,1,9,0,7,7,6,2,0,0,0,0,0,0,0,4,1,6,6,2,-1,-1,2148,2,12,MERCEDES CLC CLASS,-1,-1,0,-1
2021451098423,2021,451098423,2,9,0,9,9,3,3,0,0,3,0,0,0,0,3,1,6,6,1,87,11,1796,1,12,MERCEDES CLC CLASS,5,E01030579,0,-1
2021010287580,2021,010287580,1,9,0,99,99,9,9,99,99,9,9,99,9,99,9,9,2,2,2,53,8,1796,1,12,MERCEDES CLC CLASS,1,E01001850,0,-1
2021421021542,2021,421021542,1,9,0,13,13,4,8,0,0,2,0,0,0,0,1,1,6,6,1,48,8,1796,1,11,MERCEDES CLC CLASS,4,E01021367,0,-1
2021041080103,2021,041080103,2,9,0,18,19,1,5,0,0,1,0,0,0,0,4,1,2,2,1,50,8,2148,2,12,MERCEDES CLC CLASS,1,E01025171,0,-1
2021991189403,2021,991189403,1,9,0,1,1,2,6,9,9,6,0,0,1,11,2,1,5,6,2,74,10,1796,1,11,MERCEDES CLC CLASS,10,-1,0,-1
2021010311231,2021,010311231,2,9,0,18,19,3,7,0,0,8,0,0,0,0,3,1,6,6,1,32,6,1597,1,10,MERCEDES CLC CLASS,-1,-1,0,-1
2021201078183,2021,201078183,2,9,0,2,2,0,0,0,0,0,0,0,0,0,0,1,6,6,1,-1,-1,2148,2,12,MERCEDES CLC CLASS,-1,-1,0,-1
2021010351312,2021,010351312,1,9,0,18,19,5,1,0,0,2,0,0,0,0,1,1,1,1,2,38,7,1796,1,12,MERCEDES CLC CLASS,9,E01024473,0,-1
2021010348261,2021,010348261,1,9,0,7,7,1,4,0,0,5,0,0,0,0,4,1,6,6,1,39,7,1796,1,10,MERCEDES CLC CLASS,1,E01000153,0,-1
2021010299277,2021,010299277,1,9,0,9,9,7,4,0,0,5,9,99,9,99,1,1,6,6,2,28,6,2148,2,12,MERCEDES CLC CLASS,3,E01003785,0,-1
2021010301456,2021,010301456,1,9,0,10,10,7,6,0,0,1,0,0,0,0,2,1,2,2,1,45,7,1796,1,10,MERCEDES CLC CLASS,2,E01003057,0,-1
2021361017732,2021,361017732,1,9,0,7,7,7,1,0,0,8,0,0,0,0,1,1,2,2,2,56,9,2148,2,12,MERCEDES CLC CLASS,1,E01026597,0,-1
2021421016331,2021,421016331,2,9,0,18,19,3,7,0,0,1,0,0,0,0,1,1,5,6,1,27,6,2148,2,13,MERCEDES CLC CLASS,9,E01021681,0,-1
2021010342966,2021,010342966,1,9,0,17,19,5,2,0,0,8,0,0,0,0,1,1,3,7,2,41,7,1796,1,12,MERCEDES CLC CLASS,1,E01001461,0,-1
2021451117542,2021,451117542,1,9,0,4,4,6,2,0,0,0,0,0,0,0,0,1,1,1,2,38,7,2148,2,12,MERCEDES CLC CLASS,9,E01016611,0,-1
2021401023144,2021,401023144,2,9,0,4,4,7,5,0,0,4,0,0,0,0,2,1,6,6,2,58,9,1597,1,11,MERCEDES CLC CLASS,8,E01015696,0,-1
2021010306084,2021,010306084,1,9,0,99,99,9,9,99,99,9,9,99,9,99,1,9,6,6,2,30,6,2148,2,12,MERCEDES CLC CLASS,4,E01024296,0,-1
2021010333758,2021,010333758,1,9,0,18,19,6,2,0,0,0,0,0,0,0,1,1,6,6,1,30,6,1796,1,12,MERCEDES CLC CLASS,7,E01002569,0,-1
2021440197342,2021,440197342,1,9,0,5,5,1,5,0,0,8,0,0,0,0,3,1,2,2,1,58,9,2148,2,11,MERCEDES CLC CLASS,3,E01017266,0,-1
2021421071248,2021,421071248,1,9,0,18,19,2,6,0,0,0,2,0,1,7,4,1,5,6,1,28,6,2148,2,12,MERCEDES CLC CLASS,1,E01016023,0,-1
2021440023910,2021,440023910,1,9,0,18,19,1,6,0,0,4,0,0,0,0,1,1,6,6,1,29,6,2148,2,13,MERCEDES CLC CLASS,9,E01022496,0,-1
2021440228217,2021,440228217,2,9,0,18,19,3,7,0,0,1,0,0,0,0,1,1,6,6,1,-1,-1,1796,1,11,MERCEDES CLC CLASS,4,E01017308,0,-1
2021010337068,2021,010337068,1,9,0,99,99,9,9,99,99,9,0,0,9,0,9,9,6,6,3,-1,-1,2148,2,11,MERCEDES CLC CLASS,-1,-1,0,-1
2021461102846,2021,461102846,1,9,0,18,19,5,1,0,0,4,0,0,0,0,4,1,5,6,3,-1,-1,1796,1,13,MERCEDES CLC CLASS,-1,-1,0,-1
2021010314364,2021,010314364,1,9,0,99,99,9,9,99,99,8,9,99,9,99,2,9,2,2,1,41,7,1597,1,12,MERCEDES CLC CLASS,2,E01033587,0,-1
2021131104203,2021,131104203,2,9,0,18,19,6,2,0,0,2,0,0,0,0,3,1,5,6,1,34,6,2148,2,11,MERCEDES CLC CLASS,7,E01010753,0,-1
2021010321233,2021,010321233,2,9,0,18,19,6,2,0,0,0,0,0,0,0,1,1,6,6,3,-1,-1,2148,2,12,MERCEDES CLC CLASS,-1,-1,0,-1
2021010324880,2021,010324880,2,9,0,99,99,9,9,99,99,9,9,99,9,99,1,9,6,6,3,-1,-1,1597,1,12,MERCEDES CLC CLASS,-1,-1,0,-1
2021421093292,2021,421093292,2,9,0,18,19,8,4,0,0,0,0,0,0,0,2,1,6,6,1,33,6,1796,1,11,MERCEDES CLC CLASS,9,E01021756,0,-1
2021052101437,2021,052101437,1,9,0,18,19,1,5,0,0,8,0,0,0,0,1,1,6,6,1,44,7,2148,2,12,MERCEDES CLC CLASS,1,E01006849,0,-1
2021401092991,2021,401092991,2,9,0,18,19,1,5,0,0,1,0,0,0,0,1,1,2,2,1,65,9,1796,1,12,MERCEDES CLC CLASS,4,E01017570,0,-1
2021010346730,2021,010346730,2,9,0,18,19,4,8,0,0,0,0,0,0,0,1,1,6,6,3,-1,-1,2148,2,12,MERCEDES CLC CLASS,-1,-1,0,-1
2021421056957,2021,421056957,1,9,0,5,5,5,1,0,0,6,0,0,0,0,1,1,2,2,2,35,6,1796,1,11,MERCEDES CLC CLASS,5,E01021498,0,-1
2021471032388,2021,471032388,1,9,0,2,2,0,0,0,0,0,0,0,0,0,3,1,5,6,2,46,8,1796,1,10,MERCEDES CLC CLASS,7,E01031616,0,-1
2021201140857,2021,201140857,1,9,0,9,9,4,2,0,0,6,0,0,0,0,1,1,2,2,1,41,7,1796,1,12,MERCEDES CLC CLASS,1,E01010410,0,-1
202134WNC1651,2021,34WNC1651,1,9,0,18,19,3,7,0,0,1,0,0,0,0,1,1,1,1,2,31,6,2148,2,13,MERCEDES CLC CLASS,3,E01023405,0,-1
2021052101172,2021,052101172,2,9,0,18,19,1,5,0,0,0,0,0,0,0,3,1,6,6,1,48,8,1796,1,10,MERCEDES CLC CLASS,1,E01006967,0,-1
2021010348285,2021,010348285,1,3,0,2,2,0,0,0,0,2,0,0,0,0,3,1,6,6,3,-1,-1,125,1,4,-1,-1,-1,0,-1
2021041075218,2021,041075218,1,9,0,18,19,7,3,0,0,0,0,0,0,0,1,1,6,6,3,-1,-1,1951,2,17,ROVER 75,-1,-1,0,-1
2021010335371,2021,010335371,1,9,0,7,7,4,6,0,0,8,0,0,1,10,4,1,2,2,1,49,8,1951,2,18,ROVER 75,8,E01024394,0,-1
2021471048006,2021,471048006,1,9,0,18,19,7,3,0,0,8,2,9,7,1,1,1,5,6,1,48,8,1951,2,16,ROVER 75,6,E01031692,0,-1
2021170S11911,2021,170S11911,1,9,0,7,7,1,2,0,0,1,0,0,0,0,1,1,6,6,1,-1,-1,1951,2,16,ROVER 75,-1,-1,0,-1
2021430577513,2021,430577513,2,9,0,18,19,6,2,0,0,2,0,0,0,0,1,1,6,6,1,87,11,2497,1,20,ROVER 75,10,E01014417,0,-1
2021471049891,2021,471049891,3,9,0,2,2,0,0,9,9,2,0,0,0,0,1,1,6,6,3,-1,-1,2497,1,18,ROVER 75,-1,-1,0,-1
2021501016135,2021,501016135,1,9,0,16,19,3,7,0,0,0,1,0,0,0,1,1,5,6,1,50,8,1997,1,19,ROVER 75,5,E01015188,0,-1
2021101023051,2021,101023051,1,9,0,18,19,3,7,0,0,0,0,0,1,0,1,1,6,6,1,23,5,1951,2,19,ROVER 75,1,E01027545,0,-1
2021122100327,2021,122100327,1,9,0,18,19,1,5,0,0,2,0,0,0,0,1,1,3,7,1,65,9,1951,2,17,ROVER 75,9,E01027894,0,-1
2021991062680,2021,991062680,1,9,0,14,14,1,5,0,0,2,0,0,0,0,4,1,5,6,1,76,11,1951,2,17,ROVER 75,6,-1,0,-1
2021041066614,2021,041066614,4,9,0,4,4,5,1,0,0,1,0,0,0,0,2,1,6,6,1,40,7,1951,2,17,ROVER 75,2,E01012692,0,-1
2021010304495,2021,010304495,1,9,0,3,3,4,8,0,0,0,0,0,0,0,2,1,6,6,1,54,8,1951,2,17,ROVER 75,9,E01003890,0,-1
2021122100635,2021,122100635,1,9,0,18,19,3,7,0,0,1,0,0,0,0,3,1,6,6,3,48,8,1796,1,17,ROVER 75,6,E01027868,0,-1
2021440203932,2021,440203932,2,9,0,7,7,4,1,0,0,8,0,0,0,0,1,1,6,6,2,78,11,1951,2,17,ROVER 75,4,E01017093,0,-1
2021440507671,2021,440507671,1,9,0,9,9,7,5,0,0,8,0,0,0,0,1,1,6,6,1,22,5,1951,2,17,ROVER 75,6,E01022486,0,-1
2021461096103,2021,461096103,1,9,0,18,19,5,1,0,0,0,0,0,0,0,1,1,5,6,1,53,8,1951,2,17,ROVER 75,6,E01024036,0,-1
2021361074242,2021,361074242,1,9,0,7,7,4,7,0,0,3,0,0,0,0,4,1,5,6,1,85,11,1951,2,19,ROVER 75,8,E01026937,0,-1
2021010310850,2021,010310850,1,9,0,18,19,5,1,0,0,1,0,4,0,0,3,1,2,2,1,33,6,1951,2,17,ROVER 75,3,E01002133,0,-1
2021501065589,2021,501065589,2,9,0,2,2,0,0,0,0,0,0,0,0,0,1,1,5,6,1,20,4,1951,2,19,ROVER 75,5,E01018943,0,-1
2021430023283,2021,430023283,1,9,0,17,19,6,3,0,0,1,0,0,3,11,1,1,6,6,1,82,11,1997,1,20,ROVER 75,8,E01028796,0,-1
2021471029209,2021,471029209,2,9,0,4,4,3,7,0,0,1,0,0,0,0,2,1,6,6,1,70,10,1951,2,18,ROVER 75,8,E01031802,0,-1
2021302100744,2021,302100744,2,9,0,3,3,6,2,0,0,0,0,0,0,0,4,1,2,2,1,48,8,1951,2,17,ROVER 75,2,E01028269,0,-1
2021122101028,2021,122101028,2,9,0,7,7,7,8,0,0,8,0,0,0,0,1,1,6,6,1,73,10,1796,1,17,ROVER 75,9,E01013388,0,-1
2021471125017,2021,471125017,2,9,0,3,3,6,2,0,0,8,0,0,0,0,2,1,6,6,1,50,8,1951,2,18,ROVER 75,4,E01031657,0,-1
2021622200061,2021,622200061,1,9,0,6,6,8,8,9,9,0,0,0,0,0,1,1,6,6,3,-1,-1,1951,2,17,ROVER 75,-1,-1,0,-1
2021161032080,2021,161032080,1,9,0,18,19,6,2,9,9,0,0,0,0,0,1,1,6,6,1,-1,-1,2497,1,17,ROVER 75,-1,-1,0,-1
2021991114334,2021,991114334,1,9,0,18,19,4,8,0,0,0,1,0,7,0,3,1,5,6,1,82,11,1951,2,17,ROVER 75,8,-1,0,-1
2021041045432,2021,041045432,2,9,0,18,19,5,1,0,0,8,1,0,1,11,4,1,2,2,1,46,8,1991,1,21,ROVER 75,7,E01025576,0,-1
2021440473239,2021,440473239,1,9,0,5,5,3,7,0,0,0,0,0,0,0,3,1,3,7,2,39,7,1991,1,21,ROVER 75,6,E01022640,0,-1
2021010317646,2021,010317646,2,9,9,99,99,9,9,99,99,9,9,99,9,0,9,9,6,6,3,-1,-1,1951,2,17,ROVER 75,6,E01021434,0,-1
2021061055551,2021,061055551,2,9,0,2,2,0,0,0,0,1,0,0,0,0,2,1,6,6,3,-1,-1,1796,1,19,ROVER 75,-1,-1,0,-1
2021520103761,2021,520103761,2,9,0,18,19,7,3,0,0,0,0,0,0,0,1,1,6,6,1,64,9,1951,2,16,ROVER 75,2,E01029311,0,-1
2021010335123,2021,010335123,2,9,0,99,99,9,9,99,99,9,9,99,9,99,2,9,6,6,3,31,6,1991,1,21,ROVER 75,3,E01000819,0,-1
2021070175976,2021,070175976,1,2,0,18,19,7,3,0,0,0,0,0,0,0,3,1,6,6,1,16,4,50,1,1,-1,5,E01018418,0,-1
2021461073494,2021,461073494,1,9,0,16,19,1,5,0,0,7,1,0,4,0,4,1,6,6,1,30,6,1994,1,16,SUBARU IMPREZA,9,E01024416,0,-1
2021520101632,2021,520101632,2,9,0,13,13,2,6,0,0,0,0,0,0,0,1,1,6,6,1,27,6,1994,1,19,SUBARU IMPREZA,6,E01029306,0,-1
2021531079373,2021,531079373,1,9,0,18,19,1,5,9,9,1,0,0,7,10,1,1,5,6,1,31,6,1994,1,20,SUBARU IMPREZA,1,E01022122,0,-1
2021131046538,2021,131046538,2,9,0,18,19,3,7,0,0,8,0,0,0,0,4,1,5,6,1,47,8,1994,1,16,SUBARU IMPREZA,9,E01011011,0,-1
2021010337850,2021,010337850,2,9,0,5,5,7,3,0,0,0,0,0,0,0,1,1,6,6,1,26,6,2457,1,14,SUBARU IMPREZA,9,E01003799,0,-1
2021451110170,2021,451110170,2,9,0,18,19,3,7,0,0,0,0,0,6,0,1,1,5,6,1,38,7,1994,1,18,SUBARU IMPREZA,9,E01030366,0,-1
2021401111577,2021,401111577,2,9,0,18,19,7,3,0,0,0,0,0,1,2,1,1,1,1,1,63,9,1994,1,15,SUBARU IMPREZA,7,E01017446,0,-1
2021622100089,2021,622100089,1,9,0,18,19,8,4,0,0,0,1,10,7,4,1,1,6,6,1,28,6,1994,1,16,SUBARU IMPREZA,1,W01001169,0,-1
2021320419575,2021,320419575,1,9,0,18,19,1,5,0,0,1,2,0,1,11,1,1,6,6,1,51,8,1994,1,20,SUBARU IMPREZA,1,E01026109,0,-1
2021552101045,2021,552101045,1,9,0,7,7,8,4,0,0,8,0,0,0,0,2,1,6,6,1,37,7,1994,1,16,SUBARU IMPREZA,7,E01015376,0,-1
2021471083945,2021,471083945,1,9,0,13,13,3,7,0,0,8,0,0,7,0,4,1,5,6,1,42,7,2457,1,15,SUBARU IMPREZA,7,E01021009,0,-1
2021231111416,2021,231111416,1,9,0,13,13,7,3,0,0,0,0,0,0,0,4,1,5,6,1,37,7,1994,1,19,SUBARU IMPREZA,10,E01031158,0,-1
2021010327941,2021,010327941,2,9,0,99,99,9,9,99,99,9,9,99,9,99,1,9,6,6,2,53,8,1994,1,13,SUBARU IMPREZA,8,E01000366,0,-1
2021461065620,2021,461065620,1,9,0,18,19,5,1,0,0,1,0,0,0,0,1,1,6,6,1,25,5,1994,1,17,SUBARU IMPREZA,8,E01024017,0,-1
202134WNC3071,2021,34WNC3071,1,9,0,13,13,6,2,0,0,0,0,0,0,0,1,1,6,6,1,21,5,1498,1,10,SUBARU IMPREZA,8,E01026990,0,-1
2021221050118,2021,221050118,1,9,0,18,19,3,7,0,0,0,5,10,7,2,1,1,5,6,3,34,6,1994,1,18,SUBARU IMPREZA,-1,-1,0,-1
2021552100303,2021,552100303,2,9,0,4,4,7,3,0,0,1,0,0,0,0,2,1,6,6,2,32,6,2457,1,15,SUBARU IMPREZA,3,E01015381,0,-1
2021052101929,2021,052101929,2,9,0,18,19,7,3,0,0,0,1,0,0,0,1,1,3,7,1,40,7,1994,1,14,SUBARU IMPREZA,1,E01007127,0,-1
2021302100685,2021,302100685,1,9,0,11,11,8,4,0,0,0,0,0,5,6,0,1,6,6,1,36,7,2457,1,15,SUBARU IMPREZA,2,E01013835,0,-1
2021421073766,2021,421073766,2,9,0,16,19,3,7,0,0,1,1,0,0,0,1,1,6,6,1,48,8,1994,1,19,SUBARU IMPREZA,8,E01021441,0,-1
2021061114357,2021,061114357,1,9,0,18,19,1,5,0,0,0,1,0,0,0,1,1,5,6,1,36,7,2457,1,14,SUBARU IMPREZA,7,E01005053,0,-1
2021201071439,2021,201071439,2,9,0,18,19,8,4,0,0,0,0,0,0,0,2,1,6,6,1,29,6,1994,1,18,SUBARU IMPREZA,5,E01009721,0,-1
2021201069928,2021,201069928,4,9,0,2,2,0,0,0,0,0,0,0,0,0,3,1,5,6,3,-1,-1,1998,1,25,SUBARU IMPREZA,-1,-1,0,-1
2021622100920,2021,622100920,1,9,0,18,19,2,6,0,0,6,0,0,0,0,1,1,6,6,1,75,10,1498,1,12,SUBARU IMPREZA,2,W01001049,0,-1
2021201138357,2021,201138357,1,9,0,18,19,4,8,0,0,0,1,10,7,0,1,1,6,6,1,39,7,1994,1,19,SUBARU IMPREZA,5,E01010354,0,-1
2021440300618,2021,440300618,2,9,0,3,3,3,7,0,0,0,0,0,0,0,1,1,2,2,2,42,7,1994,1,18,SUBARU IMPREZA,3,E01017179,0,-1
202134NNC6241,2021,34NNC6241,1,9,0,18,19,7,3,0,0,2,0,0,0,0,4,1,6,6,1,32,6,2457,1,11,SUBARU IMPREZA,4,E01027315,0,-1
2021221059242,2021,221059242,1,9,0,6,6,7,5,0,0,0,0,0,0,0,0,1,5,6,1,28,6,1597,1,19,SUBARU IMPREZA,-1,-1,0,-1
2021231093295,2021,231093295,1,9,0,18,19,4,8,0,0,0,0,0,0,0,1,1,5,6,2,28,6,2457,1,13,SUBARU IMPREZA,6,E01032968,0,-1
2021461116708,2021,461116708,1,9,0,18,19,5,1,0,0,0,0,0,0,0,1,1,6,6,1,21,5,1994,1,14,SUBARU IMPREZA,1,E01016019,0,-1
2021010298182,2021,010298182,2,9,0,7,7,5,7,0,0,3,0,0,0,0,4,1,2,2,2,40,7,1994,1,20,SUBARU IMPREZA,2,E01004402,0,-1
2021401061600,2021,401061600,1,9,0,18,19,1,5,0,0,0,1,7,4,0,1,1,6,6,1,52,8,1994,1,17,SUBARU IMPREZA,9,E01016800,0,-1
202163D101921,2021,63D101921,1,9,0,12,12,5,1,0,0,0,0,0,0,0,3,1,6,6,1,20,4,1994,1,16,SUBARU IMPREZA,6,W01000543,0,-1
2021501100928,2021,501100928,1,9,0,4,4,3,7,0,0,0,0,0,0,0,2,1,2,2,2,45,7,1994,1,19,SUBARU IMPREZA,7,E01018899,0,-1
2021221095180,2021,221095180,1,9,0,18,19,2,6,0,0,8,0,0,1,10,4,1,2,2,1,33,6,2457,1,15,SUBARU IMPREZA,8,E01032349,0,-1
2021440053909,2021,440053909,1,9,0,4,4,7,2,0,0,8,0,0,0,0,2,1,2,2,1,54,8,2457,1,13,SUBARU IMPREZA,9,E01022689,0,-1
2021061078614,2021,061078614,1,9,0,5,5,2,6,0,0,1,0,0,0,0,2,1,6,6,1,30,6,1994,1,11,SUBARU IMPREZA,-1,-1,0,-1
202163D053221,2021,63D053221,1,9,0,18,19,3,7,0,0,6,0,0,3,10,1,1,6,6,1,42,7,2457,1,14,SUBARU IMPREZA,3,W01000479,0,-1
2021161054986,2021,161054986,1,9,0,18,19,7,3,0,0,6,0,0,0,0,1,1,6,6,1,35,6,1994,1,22,SUBARU IMPREZA,7,E01013294,0,-1
2021991025718,2021,991025718,1,9,0,13,13,6,2,0,0,0,2,0,1,0,4,1,5,6,1,33,6,1994,1,18,SUBARU IMPREZA,2,-1,0,-1
2021061119096,2021,061119096,1,9,0,1,1,-1,-1,0,0,0,0,0,0,0,2,1,6,6,1,17,4,1498,1,12,SUBARU IMPREZA,6,E01006276,0,-1
2021010305878,2021,010305878,2,9,0,1,1,8,4,0,0,1,0,0,0,0,2,1,6,6,3,-1,-1,1994,1,15,SUBARU IMPREZA,-1,-1,0,-1