collision_index,collision_year,collision_ref_no,vehicle_reference,vehicle_type,towing_and_articulation,vehicle_manoeuvre_historic,vehicle_manoeuvre,vehicle_direction_from,vehicle_direction_to,vehicle_location_restricted_lane_historic,vehicle_location_restricted_lane,junction_location,skidding_and_overturning,hit_object_in_carriageway,vehicle_leaving_carriageway,hit_object_off_carriageway,first_point_of_impact,vehicle_left_hand_drive,journey_purpose_of_driver_historic,journey_purpose_of_driver,sex_of_driver,age_of_driver,age_band_of_driver,engine_capacity_cc,propulsion_code,age_of_vehicle,generic_make_model,driver_imd_decile,lsoa_of_driver,escooter_flag,driver_distance_banding
2021440154062,2021,440154062,2,3,0,18,19,4,8,0,0,1,0,0,0,0,1,1,6,6,1,35,6,124,1,1,YAMAHA MT,3,E01032751,0,-1
2021361032032,2021,361032032,1,5,0,16,19,2,6,0,0,0,1,0,0,0,1,1,5,6,1,30,6,847,1,6,YAMAHA MT,6,E01026486,0,-1
2021211053922,2021,211053922,1,5,0,16,19,2,4,0,0,0,0,0,0,0,1,1,6,6,1,69,10,998,1,4,YAMAHA MT,5,E01014304,0,-1
2021010317413,2021,010317413,1,3,0,99,99,9,9,99,99,9,9,99,9,99,9,1,6,6,1,20,4,124,1,0,YAMAHA MT,9,E01000421,0,-1
2021010344341,2021,010344341,2,3,0,14,14,7,3,0,0,1,0,0,0,0,1,1,1,1,1,25,5,124,1,6,YAMAHA MT,5,E01002490,0,-1
202134WNC3911,2021,34WNC3911,1,3,0,13,13,1,5,0,0,8,0,0,7,0,1,1,6,6,1,18,4,124,1,0,YAMAHA MT,3,E01027038,0,-1
2021111067336,2021,111067336,1,5,0,18,19,7,3,0,0,0,0,0,1,0,1,1,6,6,1,58,9,998,1,5,YAMAHA MT,7,E01008273,0,-1
2021421021439,2021,421021439,1,3,0,13,13,2,6,0,0,1,0,0,0,0,1,1,5,6,1,20,4,124,1,6,YAMAHA MT,5,E01021762,0,-1
2021522103866,2021,522103866,1,5,0,13,13,7,3,0,0,8,0,0,0,0,1,1,6,6,1,27,6,847,1,5,YAMAHA MT,7,E01014744,0,-1
2021010328838,2021,010328838,2,3,0,18,19,5,1,0,0,1,0,0,0,0,1,1,6,6,1,18,4,124,1,0,YAMAHA MT,3,E01002780,0,-1
2021552101355,2021,552101355,1,4,0,18,19,2,6,0,0,0,0,0,0,0,1,1,6,6,1,21,5,689,1,7,YAMAHA MT,9,E01020356,0,-1
2021122101533,2021,122101533,1,3,0,14,14,5,1,0,0,0,0,0,0,0,1,1,6,6,3,-1,-1,124,1,1,YAMAHA MT,-1,-1,0,-1
2021991060533,2021,991060533,1,5,0,13,13,1,5,0,0,1,1,0,7,0,3,1,5,6,1,73,10,998,1,1,YAMAHA MT,9,-1,0,-1
2021010309857,2021,010309857,1,5,0,99,99,9,9,99,99,0,9,99,9,99,9,1,6,6,1,54,8,689,1,0,YAMAHA MT,4,E01003186,0,-1
2021411055454,2021,411055454,2,5,0,18,19,5,1,0,0,8,1,0,0,0,3,1,6,6,1,32,6,689,1,3,YAMAHA MT,5,E01023765,0,-1
2021471086322,2021,471086322,1,3,0,13,13,5,1,0,0,8,0,0,0,0,4,1,2,2,1,17,4,124,1,5,YAMAHA MT,1,E01031427,0,-1
2021010341996,2021,010341996,1,4,0,18,19,1,5,0,0,1,2,10,0,0,1,1,6,6,1,18,4,689,1,2,YAMAHA MT,4,E01003329,0,-1
2021991036594,2021,991036594,1,5,0,16,19,4,7,0,0,0,0,0,0,0,1,1,6,6,1,24,5,689,1,1,YAMAHA MT,7,-1,0,-1
2021440379438,2021,440379438,1,3,0,3,3,2,6,0,0,1,0,0,0,0,2,1,6,6,1,22,5,124,1,1,YAMAHA MT,4,E01022568,0,-1
2021010341373,2021,010341373,2,3,0,5,5,5,1,0,0,8,5,0,0,0,1,1,6,6,1,47,8,689,1,3,YAMAHA MT,6,E01024335,0,-1
2021440366035,2021,440366035,1,5,0,18,19,5,1,0,0,0,0,0,0,0,4,1,6,6,1,20,4,689,1,7,YAMAHA MT,3,E01023058,0,-1
2021010333433,2021,010333433,1,3,0,18,19,3,7,0,0,2,0,4,0,0,1,1,6,6,1,35,6,125,1,4,YAMAHA MT,1,E01002588,0,-1
2021481076157,2021,481076157,2,3,0,18,19,3,7,0,0,8,0,0,0,0,3,1,2,2,1,37,7,124,1,6,YAMAHA MT,8,E01000774,0,-1
2021991050502,2021,991050502,1,5,0,13,13,2,6,0,0,0,1,0,0,0,1,1,5,6,1,23,5,847,1,1,YAMAHA MT,3,-1,0,-1
2021231098202,2021,231098202,2,5,0,18,19,8,4,0,0,8,0,0,0,0,1,1,5,6,1,27,6,847,1,7,YAMAHA MT,1,E01009577,0,-1
2021010315047,2021,010315047,1,5,0,13,13,5,1,0,0,1,0,0,0,0,1,1,2,2,1,27,6,689,1,5,YAMAHA MT,5,E01004275,0,-1
2021010340185,2021,010340185,1,3,0,13,13,1,5,0,0,0,0,0,7,0,1,1,6,6,1,18,4,124,1,3,YAMAHA MT,3,E01002620,0,-1
2021122101129,2021,122101129,2,5,0,14,14,6,2,0,0,0,0,0,0,0,4,1,6,6,1,39,7,847,1,7,YAMAHA MT,5,E01027789,0,-1
2021010318915,2021,010318915,2,5,0,14,14,5,1,0,0,8,2,0,0,0,1,1,6,6,1,24,5,689,1,2,YAMAHA MT,5,E01004188,0,-1
2021461058562,2021,461058562,1,3,0,18,19,7,3,0,0,0,0,0,0,0,1,1,6,6,1,31,6,124,1,3,YAMAHA MT,6,E01032798,0,-1
2021501062038,2021,501062038,1,4,0,13,13,7,3,0,0,0,0,0,0,0,4,1,5,6,1,19,4,689,1,6,YAMAHA MT,4,E01015069,0,-1
2021211031936,2021,211031936,1,3,0,18,19,1,5,0,0,1,1,0,0,0,1,1,2,2,1,20,4,124,1,4,YAMAHA MT,6,E01029855,0,-1
2021221032221,2021,221032221,1,5,0,18,19,8,4,0,0,8,0,0,0,0,1,1,2,2,1,43,7,847,1,3,YAMAHA MT,6,E01028885,0,-1
2021010332741,2021,010332741,2,4,0,18,19,1,5,0,0,1,0,0,0,0,4,1,2,2,2,40,7,689,1,3,YAMAHA MT,2,E01004436,0,-1
2021302101475,2021,302101475,1,5,0,18,19,4,8,0,0,0,0,0,0,0,1,1,6,6,1,21,5,689,1,2,YAMAHA MT,2,E01005981,0,-1
2021991062494,2021,991062494,1,3,0,13,13,6,2,0,0,1,1,0,7,11,1,1,5,6,1,25,5,124,1,6,YAMAHA MT,2,-1,0,-1
2021010326387,2021,010326387,1,5,0,13,13,5,1,0,0,2,5,0,0,0,1,1,2,2,1,57,9,847,1,4,YAMAHA MT,5,E01001099,0,-1
2021421125742,2021,421125742,1,3,0,9,9,2,8,0,0,1,0,0,0,0,4,1,2,2,1,23,5,124,1,4,YAMAHA MT,3,E01002279,0,-1
2021010332570,2021,010332570,1,5,0,99,99,9,9,99,99,1,9,99,9,99,9,1,1,1,1,33,6,689,1,2,YAMAHA MT,5,E01002212,0,-1
20211381K1726,2021,1381K1726,1,5,0,18,19,8,4,0,0,1,1,0,0,0,1,1,6,6,1,19,4,689,1,2,YAMAHA MT,-1,-1,0,-1
2021522200211,2021,522200211,1,5,0,18,19,5,1,2,2,1,0,0,0,0,3,1,6,6,1,26,6,847,1,6,YAMAHA MT,1,E01033367,0,-1
2021371089464,2021,371089464,1,5,0,18,19,7,3,0,0,0,0,0,0,0,3,1,2,2,1,51,8,847,1,6,YAMAHA MT,2,E01033125,0,-1
2021070287845,2021,070287845,1,5,0,16,19,8,4,0,0,0,0,0,0,0,1,1,6,6,1,45,7,998,1,0,YAMAHA MT,4,W01000419,0,-1
2021010352378,2021,010352378,2,5,0,99,99,9,9,99,99,9,9,99,9,99,1,1,6,6,3,-1,-1,847,1,5,YAMAHA MT,-1,-1,0,-1
2021221057068,2021,221057068,2,5,0,4,4,8,3,0,0,8,0,0,0,0,0,1,5,6,1,53,8,847,1,4,YAMAHA MT,5,E01010118,0,-1
2021440231507,2021,440231507,1,5,0,18,19,3,7,0,0,0,0,0,7,0,0,1,6,6,1,39,7,998,1,3,YAMAHA MT,5,E01031401,0,-1
2021010327744,2021,010327744,1,5,0,18,19,1,5,0,0,1,0,0,0,0,3,1,1,1,1,38,7,689,1,5,YAMAHA MT,6,E01001539,0,-1
2021010299257,2021,010299257,1,5,0,13,13,1,5,0,0,0,1,10,0,0,1,1,6,6,1,31,6,847,1,3,YAMAHA MT,7,E01000573,0,-1
2021320466852,2021,320466852,2,5,0,18,19,3,7,0,0,0,0,0,0,0,3,1,6,6,1,60,9,998,1,5,YAMAHA MT,9,E01013265,0,-1
2021010342932,2021,010342932,2,4,0,99,99,9,9,99,99,9,9,99,9,99,9,1,6,6,1,18,4,124,1,0,YAMAHA MT,1,E01004005,0,-1
2021070618115,2021,070618115,1,5,0,18,19,7,3,0,0,0,0,0,0,0,1,1,6,6,1,29,6,689,1,6,YAMAHA MT,1,E01012483,0,-1
2021471107970,2021,471107970,1,5,0,18,19,8,4,0,0,3,0,0,0,0,3,1,2,2,1,32,6,847,1,6,YAMAHA MT,8,E01021180,0,-1
2021010337759,2021,010337759,2,3,0,14,14,5,1,0,0,1,0,0,0,0,1,1,6,6,1,24,5,124,1,7,YAMAHA MT,5,E01003751,0,-1
2021440176792,2021,440176792,2,5,0,18,19,5,2,0,0,1,0,0,0,0,1,1,6,6,2,27,6,321,1,2,YAMAHA MT,4,E01002315,0,-1
2021320224341,2021,320224341,1,5,0,16,19,8,4,0,0,0,1,0,1,4,2,1,6,6,1,31,6,847,1,1,YAMAHA MT,9,E01026274,0,-1
2021070593832,2021,070593832,1,2,0,18,19,2,6,0,0,1,0,0,0,0,1,1,1,1,1,21,5,124,1,4,YAMAHA MT,2,E01006311,0,-1
2021070327992,2021,070327992,1,3,0,17,19,8,5,9,9,0,2,0,0,0,1,1,2,2,1,18,4,124,1,4,YAMAHA MT,-1,-1,0,-1
2021421055369,2021,421055369,1,3,0,18,19,5,1,0,0,1,0,0,0,0,1,1,6,6,1,19,4,124,1,5,YAMAHA MT,4,E01016013,0,-1
2021010340516,2021,010340516,1,5,0,99,99,9,9,0,0,0,0,0,0,0,0,1,2,2,1,43,7,890,1,0,YAMAHA MT,5,E01021298,0,-1
2021010306646,2021,010306646,2,5,0,18,19,3,7,0,0,0,5,0,5,6,1,1,2,2,1,39,7,847,1,7,YAMAHA MT,7,E01024188,0,-1
2021421064740,2021,421064740,1,3,0,13,13,5,1,0,0,1,0,0,0,0,3,1,6,6,1,19,4,125,1,4,YAMAHA MT,3,E01015987,0,-1
2021070507538,2021,070507538,4,3,0,18,19,3,7,0,0,1,5,0,0,0,1,1,6,6,1,20,4,124,1,3,YAMAHA MT,9,E01012473,0,-1
2021101031115,2021,101031115,2,5,0,5,5,2,8,-1,-1,0,0,0,3,0,1,1,6,6,1,42,7,660,1,15,YAMAHA MT,2,E01008670,0,-1
2021440084181,2021,440084181,1,3,0,18,19,2,6,0,0,0,0,0,0,0,1,1,6,6,1,23,5,124,1,6,YAMAHA MT,-1,-1,0,-1
2021010316925,2021,010316925,2,5,0,14,14,7,3,0,0,1,1,0,0,0,1,1,6,6,1,24,5,689,1,3,YAMAHA MT,-1,-1,0,-1
2021010297108,2021,010297108,2,5,0,14,14,5,1,0,0,0,0,0,0,0,1,1,1,1,1,48,8,847,1,2,YAMAHA MT,9,E01001123,0,-1
2021010346753,2021,010346753,2,5,0,13,13,3,7,0,0,8,0,0,0,0,1,1,6,6,1,19,4,689,1,0,YAMAHA MT,-1,-1,0,-1
2021010347342,2021,010347342,1,5,0,13,13,5,1,0,0,1,0,0,0,0,1,1,2,2,1,42,7,689,1,5,YAMAHA MT,6,E01017832,0,-1
2021010346130,2021,010346130,2,5,0,17,19,7,3,9,9,0,1,4,1,11,1,1,6,6,1,33,6,689,1,1,YAMAHA MT,-1,-1,0,-1
2021302100186,2021,302100186,2,3,0,18,19,8,4,0,0,0,1,0,1,0,1,1,6,6,1,31,6,124,1,6,YAMAHA MT,4,E01019823,0,-1
2021111049851,2021,111049851,2,5,0,18,19,7,3,0,0,0,0,0,4,0,4,1,5,6,1,62,9,998,1,5,YAMAHA MT,5,E01008236,0,-1
202134WNC3181,2021,34WNC3181,2,5,0,18,19,1,5,0,0,1,0,0,1,0,1,1,6,6,1,37,7,689,1,4,YAMAHA MT,8,E01027181,0,-1
2021010299387,2021,010299387,1,3,0,18,19,2,6,0,0,2,0,0,0,0,1,1,6,6,1,24,5,124,1,4,YAMAHA MT,8,E01030735,0,-1
2021471105701,2021,471105701,1,5,0,18,19,6,1,2,2,8,0,0,0,0,1,1,5,6,1,21,5,689,1,7,YAMAHA MT,5,E01016971,0,-1
202131C071021,2021,31C071021,1,5,0,13,13,6,2,0,0,8,1,0,7,0,1,1,6,6,1,29,6,689,1,4,YAMAHA MT,3,E01013929,0,-1
2021461051141,2021,461051141,2,5,0,3,3,4,8,0,0,0,0,0,0,0,3,1,6,6,1,62,9,847,1,4,YAMAHA MT,9,E01024107,0,-1
2021302101768,2021,302101768,2,3,0,14,14,2,6,0,0,1,0,0,0,0,1,1,6,6,1,21,5,124,1,5,YAMAHA MT,9,E01029458,0,-1
2021101047754,2021,101047754,1,3,0,18,19,1,5,0,0,0,0,0,0,0,1,1,5,6,1,31,6,125,1,4,YAMAHA MT,3,E01032648,0,-1
2021161096222,2021,161096222,1,3,0,18,19,4,8,0,0,1,0,0,0,0,4,1,1,1,1,28,6,124,1,2,YAMAHA MT,5,E01013030,0,-1
202131B066921,2021,31B066921,2,5,0,18,19,4,8,0,0,0,1,0,1,0,2,1,6,6,2,21,5,689,1,5,YAMAHA MT,4,E01019822,0,-1
2021221101648,2021,221101648,1,3,0,18,19,4,8,0,0,0,0,0,0,0,1,1,5,6,1,23,5,124,1,3,YAMAHA MT,2,E01009213,0,-1
2021010324888,2021,010324888,1,3,0,13,13,3,7,0,0,1,1,7,0,0,4,1,6,6,1,28,6,124,1,2,YAMAHA MT,-1,-1,0,-1
2021010334333,2021,010334333,1,5,0,99,99,9,9,99,99,9,9,99,9,99,2,1,1,1,1,33,6,689,1,1,YAMAHA MT,5,E01002212,0,-1
2021991050558,2021,991050558,1,5,0,13,13,1,5,0,0,1,0,0,7,0,1,1,5,6,1,21,5,689,1,3,YAMAHA MT,8,-1,0,-1
2021501075323,2021,501075323,2,3,0,3,3,7,3,0,0,1,0,0,0,0,1,1,6,6,1,19,4,124,1,1,YAMAHA MT,8,E01020035,0,-1
2021991053635,2021,991053635,1,3,0,18,19,1,5,0,0,8,2,0,0,0,4,1,5,6,1,18,4,125,1,3,YAMAHA MT,6,-1,0,-1
2021221074642,2021,221074642,1,5,0,17,19,3,8,0,0,0,1,0,1,4,1,1,5,6,1,56,9,998,1,2,YAMAHA MT,7,E01022229,0,-1
2021371023105,2021,371023105,1,5,0,18,19,7,3,0,0,0,0,0,0,0,2,1,6,6,1,30,6,689,1,6,YAMAHA MT,3,E01001552,0,-1
2021201023299,2021,201023299,2,3,0,18,19,6,2,0,0,1,0,0,0,0,4,1,6,6,1,33,6,124,1,1,YAMAHA MT,2,E01009981,0,-1
2021010342278,2021,010342278,1,5,0,18,19,1,5,0,0,5,0,0,0,0,1,1,6,6,1,-1,-1,689,1,2,YAMAHA MT,-1,-1,0,-1
2021461059069,2021,461059069,2,5,0,10,10,4,2,0,0,1,0,0,0,0,2,1,6,6,1,30,6,998,1,5,YAMAHA MT,2,E01024294,0,-1
2021552100597,2021,552100597,2,3,0,14,14,2,6,0,0,8,0,0,0,0,4,1,6,6,1,21,5,124,1,2,YAMAHA MT,7,E01020390,0,-1
2021010288541,2021,010288541,1,5,0,99,99,9,9,99,99,9,9,99,9,99,1,1,2,2,1,30,6,689,1,4,YAMAHA MT,2,E01003832,0,-1
2021010318665,2021,010318665,1,5,0,13,13,5,1,0,0,0,0,0,0,0,1,1,1,1,1,28,6,689,1,2,YAMAHA MT,6,E01002955,0,-1
2021549763221,2021,549763221,1,5,0,13,13,3,7,0,0,0,0,0,0,0,1,1,6,6,1,33,6,890,1,0,YAMAHA MT,10,E01015564,0,-1
2021010289401,2021,010289401,2,5,0,13,13,3,7,0,0,0,0,0,0,0,1,1,1,1,1,27,6,689,1,5,YAMAHA MT,6,E01024571,0,-1
202163D084221,2021,63D084221,2,5,0,13,13,8,4,0,0,1,0,0,0,0,4,1,6,6,1,33,6,847,1,6,YAMAHA MT,2,E01014071,0,-1
2021161081725,2021,161081725,2,5,0,18,19,4,8,0,0,1,1,0,0,0,1,1,5,6,1,30,6,847,1,7,YAMAHA MT,6,E01013085,0,-1
2021010302269,2021,010302269,1,5,0,18,19,1,5,0,0,1,0,0,0,0,1,1,2,2,1,24,5,689,1,1,YAMAHA MT,7,E01001888,0,-1
2021010349912,2021,010349912,2,5,0,18,19,7,3,0,0,1,0,0,0,0,1,1,6,6,1,28,6,847,1,7,YAMAHA MT,5,E01000337,0,-1
2021010331316,2021,010331316,2,5,0,18,19,4,8,0,0,1,0,0,0,0,3,1,6,6,1,23,5,689,1,7,YAMAHA MT,2,E01002811,0,-1
2021421100144,2021,421100144,2,3,0,13,13,4,8,0,0,0,0,0,0,0,3,1,2,2,1,24,5,124,1,1,YAMAHA MT,7,E01023445,0,-1
2021201081457,2021,201081457,1,4,0,18,19,2,6,0,0,2,0,0,0,0,1,1,1,1,1,45,7,124,1,6,YAMAHA MT,8,E01009908,0,-1
2021991096815,2021,991096815,1,5,0,17,19,6,2,8,6,2,0,0,1,9,1,1,5,6,1,48,8,847,1,2,YAMAHA MT,10,E01012973,0,-1
2021302100912,2021,302100912,1,5,0,18,19,8,4,0,0,0,0,0,0,0,1,1,6,6,2,27,6,689,1,6,YAMAHA MT,8,E01019583,0,-1
202163D033621,2021,63D033621,3,5,0,17,19,5,2,0,0,0,0,0,0,0,0,1,6,6,1,64,9,847,1,5,YAMAHA MT,10,E01021192,0,-1
2021371141810,2021,371141810,1,3,0,17,19,1,6,0,0,2,0,0,0,0,1,1,5,6,1,18,4,124,1,0,YAMAHA MT,4,E01029929,0,-1
2021302100477,2021,302100477,1,5,0,17,19,2,8,0,0,0,1,0,7,10,0,1,6,6,2,22,5,847,1,6,YAMAHA MT,2,E01004871,0,-1
2021010288691,2021,010288691,1,4,0,18,19,2,6,0,0,8,5,0,0,0,4,1,6,6,1,46,8,124,1,5,YAMAHA MT,3,E01001412,0,-1
2021010311941,2021,010311941,2,3,0,5,5,7,3,0,0,4,1,0,0,0,1,1,2,2,1,26,6,124,1,3,YAMAHA MT,1,E01002778,0,-1
2021010319529,2021,010319529,2,5,0,99,99,9,9,99,99,0,9,99,9,99,1,9,6,6,3,-1,-1,689,1,7,YAMAHA MT,-1,-1,0,-1
2021131066674,2021,131066674,2,3,0,16,19,5,8,0,0,1,5,0,8,11,1,1,5,6,1,19,4,124,1,6,YAMAHA MT,3,E01011601,0,-1
2021430532981,2021,430532981,2,4,0,3,3,2,4,0,0,8,0,0,0,0,2,1,2,2,1,40,7,124,1,5,YAMAHA MT,10,E01028473,0,-1
2021421072873,2021,421072873,1,5,0,13,13,1,5,0,0,1,0,0,0,0,1,1,6,6,1,36,7,847,1,1,YAMAHA MT,4,E01015948,0,-1
2021010330074,2021,010330074,1,5,0,14,14,1,5,2,2,0,1,0,0,0,4,1,2,2,1,56,9,847,1,5,YAMAHA MT,8,E01023879,0,-1
2021471069525,2021,471069525,1,5,0,17,19,5,1,0,0,0,1,0,1,11,1,1,5,6,1,23,5,689,1,4,YAMAHA MT,6,E01031673,0,-1
2021991059456,2021,991059456,2,2,0,4,4,7,3,0,0,2,0,0,0,0,1,1,5,6,1,22,5,321,1,3,YAMAHA MT,1,E01024667,0,-1
2021548737521,2021,548737521,1,3,0,4,4,6,2,0,0,1,1,0,0,0,3,1,2,2,1,56,9,124,1,6,YAMAHA MT,4,E01015509,0,-1
2021522105838,2021,522105838,2,4,0,10,10,3,1,0,0,8,0,0,0,0,2,1,6,6,1,27,6,847,1,2,YAMAHA MT,6,W01001593,0,-1
2021471102417,2021,471102417,2,5,0,18,19,7,3,0,0,8,0,0,0,0,1,1,2,2,1,33,6,689,1,5,YAMAHA MT,9,E01021028,0,-1
2021421032594,2021,421032594,1,5,0,16,19,3,7,0,0,1,0,0,0,0,1,1,6,6,1,17,4,1700,1,11,YAMAHA MT,-1,-1,0,-1
20211383G1441,2021,1383G1441,1,3,0,18,19,7,2,0,0,1,0,0,0,0,1,1,6,6,1,40,7,124,1,7,YAMAHA MT,2,E01011724,0,-1
2021010338681,2021,010338681,1,5,0,15,15,7,3,2,2,0,0,0,0,0,1,1,2,2,1,25,5,847,1,7,YAMAHA MT,7,E01001600,0,-1
2021010332469,2021,010332469,1,3,0,18,19,1,5,0,0,8,0,0,0,0,1,1,6,6,1,20,4,124,1,6,YAMAHA MT,8,E01002181,0,-1
2021471056531,2021,471056531,1,3,0,18,19,8,4,0,0,1,0,0,0,0,1,1,6,6,3,-1,-1,124,1,6,YAMAHA MT,-1,-1,0,-1
2021361029430,2021,361029430,2,5,0,18,19,5,1,0,0,1,0,0,0,0,1,1,6,6,1,50,8,689,1,2,YAMAHA MT,3,E01026799,0,-1
202131D055421,2021,31D055421,1,5,0,13,13,5,1,0,0,1,0,0,0,0,3,1,6,6,1,36,7,847,1,4,YAMAHA MT,3,E01013926,0,-1
2021440406282,2021,440406282,2,5,0,4,4,4,8,0,0,8,0,0,0,0,2,1,6,6,1,22,5,689,1,6,YAMAHA MT,8,E01023090,0,-1
2021991052770,2021,991052770,1,5,0,18,19,1,5,0,0,8,0,0,1,2,1,1,5,6,1,25,5,689,1,6,YAMAHA MT,3,-1,0,-1
202134WNC0801,2021,34WNC0801,2,4,0,18,19,1,5,0,0,0,0,7,4,0,0,1,6,6,1,17,4,124,1,1,YAMAHA MT,-1,-1,0,-1
2021471079918,2021,471079918,2,3,0,18,19,1,5,0,0,0,1,0,0,0,0,1,5,6,1,19,4,124,1,1,YAMAHA MT,4,E01021013,0,-1
2021010344601,2021,010344601,1,5,0,99,99,9,9,99,99,9,9,99,9,99,9,1,6,6,2,38,7,689,1,7,YAMAHA MT,2,E01002072,0,-1
2021421109010,2021,421109010,2,5,0,9,9,7,5,0,0,8,0,0,0,0,3,1,5,6,1,33,6,689,1,6,YAMAHA MT,6,E01021879,0,-1
2021471025141,2021,471025141,2,4,0,16,19,5,8,0,0,2,0,0,0,0,3,1,5,6,1,24,5,124,1,1,YAMAHA MT,8,E01021036,0,-1
2021070253225,2021,070253225,2,3,0,18,19,4,8,0,0,2,5,0,0,0,1,1,2,2,1,60,9,124,1,2,YAMAHA MT,5,E01028881,0,-1
2021010331620,2021,010331620,1,5,0,18,19,1,5,2,2,0,0,0,1,0,1,1,6,6,1,35,6,689,1,4,YAMAHA MT,4,E01000612,0,-1
2021010312772,2021,010312772,2,3,0,14,14,6,2,0,0,2,1,0,0,0,1,1,6,6,1,23,5,124,1,1,YAMAHA MT,3,E01001192,0,-1
2021010344145,2021,010344145,1,5,0,18,19,5,1,0,0,8,0,0,0,0,1,1,2,2,1,42,7,689,1,6,YAMAHA MT,10,E01030584,0,-1
2021010312738,2021,010312738,1,3,0,16,19,6,8,0,0,0,0,4,0,0,1,1,6,6,1,17,4,124,1,3,YAMAHA MT,3,E01001154,0,-1
2021430306662,2021,430306662,1,5,0,13,13,8,4,0,0,8,0,0,0,0,1,1,6,6,1,45,7,998,1,3,YAMAHA MT,6,E01018352,0,-1
2021361147060,2021,361147060,2,3,0,8,8,6,8,0,0,1,5,0,0,0,2,1,5,6,1,50,8,124,1,0,YAMAHA MT,3,E01026853,0,-1
2021461131874,2021,461131874,2,5,0,18,19,7,3,0,0,1,0,0,0,0,3,1,6,6,1,61,9,847,1,4,YAMAHA MT,4,E01022310,0,-1
2021471031104,2021,471031104,2,3,0,18,19,8,4,0,0,8,0,0,0,0,4,1,2,2,1,17,4,124,1,1,YAMAHA MT,6,E01022961,0,-1
2021010312687,2021,010312687,1,3,0,18,19,3,7,0,0,9,0,0,0,0,9,1,6,6,1,42,7,124,1,4,YAMAHA MT,9,E01003011,0,-1
2021440013554,2021,440013554,2,5,0,18,19,4,8,0,0,8,0,0,0,0,1,1,1,1,1,20,4,689,1,4,YAMAHA MT,3,E01017315,0,-1
2021010331017,2021,010331017,1,3,0,99,99,9,9,99,99,0,9,99,9,99,9,1,2,2,1,43,7,124,1,5,YAMAHA MT,4,E01004061,0,-1
2021430525883,2021,430525883,1,3,0,18,19,2,6,0,0,1,0,0,0,0,4,1,2,2,1,36,7,124,1,3,YAMAHA MT,8,E01028715,0,-1
2021010316306,2021,010316306,1,3,9,99,99,9,9,99,99,9,9,99,9,99,9,1,2,2,1,37,7,124,1,5,YAMAHA MT,6,E01024172,0,-1
2021070351388,2021,070351388,2,5,0,18,19,6,2,0,0,8,0,0,1,0,3,1,6,6,1,32,6,998,1,4,YAMAHA MT,10,E01018724,0,-1
2021010334360,2021,010334360,1,5,0,99,99,9,9,99,99,9,9,99,9,99,1,1,6,6,1,20,4,689,1,2,YAMAHA MT,3,E01003096,0,-1
2021010309532,2021,010309532,2,5,0,18,19,7,3,0,0,0,0,0,0,0,1,1,6,6,1,26,6,847,1,6,YAMAHA MT,3,E01030793,0,-1
2021010313614,2021,010313614,2,5,0,18,19,1,5,0,0,1,5,0,0,0,1,1,6,6,1,30,6,847,1,3,YAMAHA MT,2,E01003037,0,-1
2021010349086,2021,010349086,1,5,0,99,99,9,9,99,99,9,9,99,9,99,1,1,6,6,1,20,4,689,1,4,YAMAHA MT,3,E01003146,0,-1
2021211045981,2021,211045981,1,5,0,17,19,6,2,0,0,0,0,0,1,0,1,1,6,6,1,50,8,847,1,7,YAMAHA MT,6,E01029400,0,-1
2021010344299,2021,010344299,1,5,0,99,99,9,9,99,99,9,9,99,9,99,9,1,6,6,2,21,5,689,1,1,YAMAHA MT,1,E01004204,0,-1
2021991098143,2021,991098143,1,3,0,17,19,7,4,0,0,1,0,0,1,0,4,1,2,2,1,18,4,124,1,0,YAMAHA MT,7,-1,0,-1
2021010336038,2021,010336038,2,5,0,18,19,3,7,0,0,1,0,0,0,0,1,1,1,1,1,33,6,689,1,1,YAMAHA MT,5,E01002212,0,-1
2021010344528,2021,010344528,1,4,0,9,9,1,7,0,0,1,0,0,0,0,3,1,6,6,1,25,5,124,1,7,YAMAHA MT,2,E01001250,0,-1
2021161075668,2021,161075668,1,5,0,18,19,4,8,0,0,0,0,10,5,1,1,1,2,2,1,50,8,847,1,5,YAMAHA MT,1,E01013177,0,-1
2021010325190,2021,010325190,1,5,0,99,99,9,9,99,99,9,9,99,9,99,1,1,6,6,1,22,5,689,1,1,YAMAHA MT,2,E01033703,0,-1
2021010335251,2021,010335251,1,3,0,4,4,6,2,0,0,1,0,10,0,0,1,1,6,6,1,22,5,124,1,7,YAMAHA MT,5,E01004370,0,-1
2021101068767,2021,101068767,1,3,0,4,4,7,3,0,0,8,1,0,0,0,1,1,6,6,1,17,4,124,1,1,YAMAHA MT,5,E01008306,0,-1
2021421050311,2021,421050311,1,5,0,11,11,7,3,0,0,0,1,0,1,0,1,1,2,2,1,56,9,847,1,3,YAMAHA MT,5,E01021522,0,-1
2021010319315,2021,010319315,1,2,0,13,13,1,5,0,0,1,0,0,0,0,1,1,1,1,1,27,6,847,1,8,YAMAHA MT,6,E01003843,0,-1
2021010299079,2021,010299079,1,4,0,18,19,3,7,0,0,1,0,0,0,0,1,1,6,6,1,68,10,321,1,1,YAMAHA MT,4,E01001704,0,-1
2021501022599,2021,501022599,1,3,0,18,19,5,1,0,0,0,1,0,0,0,0,1,6,6,2,33,6,125,1,4,YAMAHA MT,3,E01020000,0,-1