collision_index,collision_year,collision_ref_no,vehicle_reference,vehicle_type,towing_and_articulation,vehicle_manoeuvre_historic,vehicle_manoeuvre,vehicle_direction_from,vehicle_direction_to,vehicle_location_restricted_lane_historic,vehicle_location_restricted_lane,junction_location,skidding_and_overturning,hit_object_in_carriageway,vehicle_leaving_carriageway,hit_object_off_carriageway,first_point_of_impact,vehicle_left_hand_drive,journey_purpose_of_driver_historic,journey_purpose_of_driver,sex_of_driver,age_of_driver,age_band_of_driver,engine_capacity_cc,propulsion_code,age_of_vehicle,generic_make_model,driver_imd_decile,lsoa_of_driver,escooter_flag,driver_distance_banding
2021138340563,2021,138340563,1,9,0,18,19,4,8,0,0,0,5,0,0,0,1,1,6,6,1,81,11,1498,1,5,FORD ECOSPORT,7,E01011827,0,-1
2021010334219,2021,010334219,1,9,0,9,9,8,5,0,0,8,0,0,0,0,4,1,1,1,2,56,9,998,1,4,FORD ECOSPORT,3,E01003532,0,-1
2021010316056,2021,010316056,2,9,0,99,99,9,9,99,99,9,9,99,9,99,1,9,6,6,2,26,6,998,1,5,FORD ECOSPORT,10,E01002389,0,-1
2021430501901,2021,430501901,1,9,0,18,19,3,7,0,0,1,0,0,0,0,1,1,6,6,2,69,10,998,1,2,FORD ECOSPORT,7,E01016824,0,-1
2021522200135,2021,522200135,2,9,0,13,13,1,5,0,0,0,0,0,0,0,4,1,6,6,1,50,8,998,1,3,FORD ECOSPORT,-1,-1,0,-1
2021411049159,2021,411049159,1,9,0,2,2,6,2,0,0,0,0,0,0,0,2,1,6,6,3,-1,-1,998,1,1,FORD ECOSPORT,-1,-1,0,-1
2021461047309,2021,461047309,1,9,0,4,4,5,1,0,0,0,0,0,0,0,1,1,5,6,2,31,6,1498,1,6,FORD ECOSPORT,9,E01024298,0,-1
2021991076809,2021,991076809,2,9,0,3,3,2,6,0,0,1,0,0,0,0,3,1,6,6,1,33,6,998,1,0,FORD ECOSPORT,2,-1,0,-1
2021041077959,2021,041077959,2,9,0,9,9,1,7,0,0,8,0,0,0,0,0,1,5,6,2,79,11,998,1,1,FORD ECOSPORT,3,E01012662,0,-1
2021010298365,2021,010298365,1,9,0,99,99,9,9,99,99,9,9,99,9,99,2,9,6,6,2,27,6,998,1,5,FORD ECOSPORT,3,E01004189,0,-1
2021451077168,2021,451077168,1,9,0,4,4,1,3,0,0,0,0,0,0,0,0,1,6,6,2,26,6,998,1,6,FORD ECOSPORT,9,E01017775,0,-1
2021461105479,2021,461105479,1,9,0,18,19,6,2,0,0,0,0,0,0,0,1,1,5,6,1,73,10,998,1,2,FORD ECOSPORT,4,E01024843,0,-1
2021010289505,2021,010289505,1,9,0,8,8,3,6,0,0,0,0,0,0,0,1,1,6,6,1,64,9,998,1,2,FORD ECOSPORT,4,E01003212,0,-1
2021201147287,2021,201147287,1,9,0,18,19,1,5,0,0,0,0,0,0,0,1,1,6,6,2,73,10,1498,1,5,FORD ECOSPORT,4,E01009231,0,-1
2021302101923,2021,302101923,1,9,0,4,4,7,3,0,0,1,1,0,0,0,3,2,6,6,2,48,8,998,1,3,FORD ECOSPORT,6,E01019798,0,-1
2021052102427,2021,052102427,1,9,0,9,9,7,5,0,0,8,0,0,0,0,4,1,2,2,2,42,7,998,1,2,FORD ECOSPORT,4,E01006459,0,-1
2021991066666,2021,991066666,2,9,0,4,4,2,5,0,0,0,1,0,0,0,2,1,2,2,1,47,8,998,1,4,FORD ECOSPORT,7,-1,0,-1
2021440450316,2021,440450316,1,9,0,3,3,3,7,0,0,1,0,0,0,0,2,1,6,6,2,51,8,998,1,2,FORD ECOSPORT,8,E01022769,0,-1
2021010289103,2021,010289103,1,9,0,18,19,7,3,99,99,9,9,99,9,99,3,1,6,6,2,32,6,998,1,3,FORD ECOSPORT,3,E01003571,0,-1
2021052101941,2021,052101941,2,9,0,2,2,0,0,0,0,0,0,0,0,0,2,1,6,6,3,-1,-1,998,1,2,FORD ECOSPORT,-1,-1,0,-1
2021010303588,2021,010303588,2,9,0,7,7,1,3,0,0,1,0,0,0,0,0,1,6,6,2,31,6,998,1,3,FORD ECOSPORT,5,E01003083,0,-1
2021361121812,2021,361121812,1,9,0,9,9,2,6,0,0,8,0,0,0,0,4,1,1,1,2,66,10,998,1,3,FORD ECOSPORT,7,E01026528,0,-1
2021991048907,2021,991048907,1,9,0,15,15,3,7,0,0,2,0,0,0,0,1,1,2,2,2,33,6,998,1,5,FORD ECOSPORT,4,-1,0,-1
2021131077566,2021,131077566,2,9,0,18,19,3,7,0,0,8,0,0,0,0,4,1,5,6,1,64,9,998,1,5,FORD ECOSPORT,3,E01010657,0,-1
2021461117676,2021,461117676,2,9,0,4,4,3,7,0,0,4,0,0,0,0,0,1,5,6,2,56,9,1498,1,4,FORD ECOSPORT,-1,-1,0,-1
2021320306946,2021,320306946,1,9,0,18,19,2,6,0,0,0,0,0,0,0,1,1,6,6,1,56,9,998,1,3,FORD ECOSPORT,2,E01026049,0,-1
2021622100923,2021,622100923,1,9,0,9,9,4,2,0,0,1,0,0,0,0,1,1,6,6,1,25,5,998,1,5,FORD ECOSPORT,6,W01001712,0,-1
2021170H11091,2021,170H11091,1,9,0,4,4,1,5,0,0,0,0,0,0,0,2,1,6,6,2,54,8,998,1,5,FORD ECOSPORT,5,E01011966,0,-1
2021622100427,2021,622100427,1,9,0,18,19,4,8,0,0,0,0,0,0,0,1,1,6,6,1,55,8,1499,2,5,FORD ECOSPORT,9,W01001170,0,-1
2021041043329,2021,041043329,2,9,0,2,2,7,3,0,0,1,0,11,1,2,2,1,6,6,3,-1,-1,998,1,2,FORD ECOSPORT,-1,-1,0,-1
2021421116192,2021,421116192,1,9,0,1,1,8,3,0,0,0,0,0,7,10,1,1,5,6,2,74,10,998,1,3,FORD ECOSPORT,2,E01021816,0,-1
2021161094968,2021,161094968,1,9,0,3,3,3,7,0,0,1,0,0,0,0,2,1,6,6,2,22,5,1498,1,5,FORD ECOSPORT,8,E01013026,0,-1
2021211057616,2021,211057616,2,9,0,17,19,2,7,0,0,1,0,0,0,0,1,1,5,6,1,82,11,998,1,2,FORD ECOSPORT,-1,-1,0,-1
2021101096060,2021,101096060,2,9,0,18,19,7,3,0,0,8,0,0,0,0,4,1,2,2,2,54,8,1499,2,4,FORD ECOSPORT,6,E01008869,0,-1
2021131069629,2021,131069629,2,9,0,4,4,1,5,0,0,0,0,0,0,0,2,1,1,1,1,31,6,998,1,2,FORD ECOSPORT,7,E01016297,0,-1
2021471125969,2021,471125969,2,9,0,17,19,5,2,0,0,1,0,0,0,0,1,1,5,6,1,82,11,998,1,2,FORD ECOSPORT,8,E01017003,0,-1
2021421044948,2021,421044948,1,9,0,18,19,8,4,0,0,1,0,0,0,0,1,1,3,7,2,55,8,998,1,3,FORD ECOSPORT,10,E01021345,0,-1
2021471062576,2021,471062576,1,9,0,12,12,7,3,0,0,2,0,0,0,0,3,1,5,6,2,80,11,1499,2,3,FORD ECOSPORT,7,E01031541,0,-1
2021622100408,2021,622100408,2,9,0,18,19,4,8,0,0,8,0,0,1,11,4,1,6,6,1,45,7,1499,2,5,FORD ECOSPORT,2,W01000967,0,-1
2021010308686,2021,010308686,1,9,0,99,99,9,9,0,0,1,0,0,0,0,1,1,6,6,2,35,6,998,1,3,FORD ECOSPORT,4,E01004142,0,-1
2021501056206,2021,501056206,1,9,0,9,9,7,3,0,0,6,0,0,0,0,1,1,3,7,2,39,7,1499,2,2,FORD ECOSPORT,5,E01018768,0,-1
2021010329241,2021,010329241,2,9,0,2,2,0,0,9,9,0,0,0,0,0,1,1,6,6,3,-1,-1,998,1,2,FORD ECOSPORT,-1,-1,0,-1
2021371138299,2021,371138299,1,9,0,6,6,3,3,0,0,2,0,0,0,0,1,1,5,6,2,64,9,998,1,3,FORD ECOSPORT,6,E01029876,0,-1
2021461113395,2021,461113395,1,9,0,9,9,5,1,0,0,1,0,0,0,0,1,1,6,6,2,69,10,998,1,1,FORD ECOSPORT,8,E01024744,0,-1
2021061038694,2021,061038694,2,9,0,18,19,2,6,0,0,0,0,0,0,0,2,1,6,6,2,29,6,1499,2,7,FORD ECOSPORT,1,E01005068,0,-1
2021351055239,2021,351055239,2,9,0,18,19,-1,-1,0,0,0,0,0,0,0,2,1,6,6,2,34,6,998,1,1,FORD ECOSPORT,8,E01032996,0,-1
2021440288586,2021,440288586,1,9,0,18,19,1,5,0,0,0,0,4,0,0,1,1,6,6,2,76,11,998,1,1,FORD ECOSPORT,-1,-1,0,-1
2021471040711,2021,471040711,1,9,0,3,3,2,6,0,0,0,0,0,0,0,2,1,5,6,1,71,10,998,1,3,FORD ECOSPORT,7,E01031375,0,-1
2021991016930,2021,991016930,1,9,0,5,5,1,5,0,0,2,0,0,0,0,0,1,6,6,2,73,10,1498,1,5,FORD ECOSPORT,4,-1,0,-1
2021221112576,2021,221112576,1,9,0,10,10,7,5,0,0,1,0,0,0,0,2,1,5,6,1,32,6,998,1,4,FORD ECOSPORT,8,E01032226,0,-1
2021430296251,2021,430296251,1,9,0,18,19,8,4,0,0,0,0,0,0,0,3,1,6,6,2,37,7,998,1,2,FORD ECOSPORT,4,E01032976,0,-1
2021430234706,2021,430234706,3,9,0,4,4,3,7,0,0,1,0,0,0,0,0,1,6,6,2,41,7,998,1,1,FORD ECOSPORT,1,E01015544,0,-1
202131C009221,2021,31C009221,1,9,0,13,13,1,5,0,0,1,0,0,0,0,1,1,4,7,2,37,7,998,1,2,FORD ECOSPORT,2,E01013908,0,-1
2021421077625,2021,421077625,2,9,0,9,9,7,5,0,0,0,0,0,0,0,2,1,6,6,2,34,6,998,1,6,FORD ECOSPORT,2,E01004349,0,-1
2021411012007,2021,411012007,1,9,0,10,10,3,7,0,0,0,0,0,0,0,2,1,5,6,2,33,6,998,1,2,FORD ECOSPORT,5,E01023790,0,-1
2021161065879,2021,161065879,1,9,0,18,19,7,3,0,0,0,0,0,0,0,1,1,5,6,2,22,5,998,1,5,FORD ECOSPORT,1,E01012779,0,-1
2021131057768,2021,131057768,2,9,0,3,3,1,5,0,0,2,0,0,0,0,2,1,5,6,1,68,10,998,1,0,FORD ECOSPORT,7,E01011775,0,-1
2021411128191,2021,411128191,1,9,0,3,3,8,4,0,0,1,0,0,0,0,2,1,5,6,2,27,6,998,1,3,FORD ECOSPORT,6,E01023306,0,-1
2021421059743,2021,421059743,1,9,0,7,7,3,5,0,0,8,0,0,0,0,1,1,5,6,2,29,6,998,1,2,FORD ECOSPORT,6,E01015950,0,-1
2021302101475,2021,302101475,3,9,0,18,19,8,4,0,0,0,0,0,0,0,3,1,6,6,1,56,9,998,1,1,FORD ECOSPORT,1,E01006865,0,-1
2021131094561,2021,131094561,2,9,0,9,9,1,7,0,0,8,0,0,0,0,4,1,5,6,1,69,10,998,1,3,FORD ECOSPORT,1,E01011492,0,-1
2021101098991,2021,101098991,2,9,0,3,3,3,7,0,0,1,0,0,0,0,2,1,6,6,2,50,8,998,1,2,FORD ECOSPORT,2,E01027443,0,-1
2021231111518,2021,231111518,1,9,0,1,1,1,5,0,0,6,0,0,0,0,2,1,5,6,2,67,10,998,1,2,FORD ECOSPORT,9,E01031235,0,-1
2021461052174,2021,461052174,2,9,0,2,2,0,0,0,0,0,0,0,0,0,3,1,5,6,2,26,6,1498,1,5,FORD ECOSPORT,6,E01024161,0,-1
2021991106250,2021,991106250,1,9,0,9,9,2,8,0,0,8,0,0,0,0,1,1,5,6,1,87,11,1499,2,4,FORD ECOSPORT,8,-1,0,-1
2021991056053,2021,991056053,2,9,0,10,10,4,3,0,0,2,0,0,0,0,4,1,5,6,1,33,6,998,1,2,FORD ECOSPORT,3,-1,0,-1
2021430493485,2021,430493485,2,9,0,4,4,2,6,0,0,0,0,0,0,0,2,1,6,6,1,64,9,998,1,4,FORD ECOSPORT,9,E01016790,0,-1
2021361086231,2021,361086231,2,9,0,18,19,6,2,0,0,0,0,0,0,0,3,1,5,6,2,40,7,998,1,5,FORD ECOSPORT,5,E01026594,0,-1
2021440153832,2021,440153832,3,9,0,10,10,6,2,0,0,1,0,0,0,0,2,1,6,6,2,54,8,998,1,3,FORD ECOSPORT,4,E01022635,0,-1
2021201063130,2021,201063130,1,9,0,13,13,6,2,0,0,8,0,0,0,0,4,1,6,6,1,-1,-1,1499,2,4,FORD ECOSPORT,-1,-1,0,-1
2021010311746,2021,010311746,2,9,0,4,4,5,1,0,0,1,0,0,0,0,1,1,6,6,2,22,5,998,1,5,FORD ECOSPORT,-1,-1,0,-1
2021041041387,2021,041041387,1,9,0,18,19,5,1,0,0,4,0,0,0,0,1,2,5,6,2,78,11,998,1,1,FORD ECOSPORT,4,E01012755,0,-1
2021010300504,2021,010300504,2,9,0,99,99,9,9,99,99,9,9,99,9,99,0,9,6,6,3,-1,-1,998,1,7,FORD ECOSPORT,-1,-1,0,-1
2021201138654,2021,201138654,1,9,0,4,4,2,6,0,0,1,0,0,0,0,1,1,2,2,2,49,8,1498,1,5,FORD ECOSPORT,1,E01009172,0,-1
2021231035951,2021,231035951,4,9,0,18,19,4,8,0,0,1,0,0,0,0,4,1,5,6,2,52,8,998,1,2,FORD ECOSPORT,6,E01031099,0,-1
2021401087945,2021,401087945,1,9,0,7,7,8,4,0,0,2,0,0,0,0,3,1,6,6,1,40,7,998,1,3,FORD ECOSPORT,2,E01015749,0,-1
2021471059778,2021,471059778,2,9,0,3,3,7,2,0,0,0,0,0,0,0,2,1,5,6,2,56,9,1499,2,7,FORD ECOSPORT,9,E01021231,0,-1
2021010303927,2021,010303927,1,9,0,99,99,9,9,99,99,0,9,99,9,99,2,9,6,6,2,52,8,998,1,2,FORD ECOSPORT,3,E01003631,0,-1
2021461069212,2021,461069212,2,9,0,4,4,7,3,0,0,0,0,0,0,0,2,1,6,6,1,40,7,998,1,0,FORD ECOSPORT,3,E01016059,0,-1
2021061094368,2021,061094368,1,9,0,16,19,6,8,9,9,0,5,0,7,1,1,1,5,6,3,-1,-1,998,1,4,FORD ECOSPORT,-1,-1,0,-1
2021451028159,2021,451028159,2,9,0,18,19,5,1,0,0,1,0,0,1,0,1,1,5,6,2,46,8,998,1,3,FORD ECOSPORT,9,E01030856,0,-1
2021052102747,2021,052102747,2,9,0,18,19,6,2,0,0,2,0,0,0,0,3,1,6,6,2,52,8,1499,2,5,FORD ECOSPORT,6,E01007044,0,-1
2021010306487,2021,010306487,2,9,0,11,11,3,7,0,0,1,0,0,0,0,1,1,6,6,1,-1,-1,998,1,6,FORD ECOSPORT,2,E01002282,0,-1
2021010301194,2021,010301194,2,9,0,99,99,9,9,99,99,9,9,99,9,99,1,9,6,6,3,-1,-1,998,1,1,FORD ECOSPORT,4,E01001286,0,-1
2021161028059,2021,161028059,1,9,0,5,5,7,3,0,0,4,0,0,0,0,1,1,5,6,1,33,6,998,1,5,FORD ECOSPORT,8,E01012975,0,-1
2021522201521,2021,522201521,1,9,0,16,19,5,1,0,0,0,0,0,0,0,1,1,6,6,1,86,11,1498,1,4,FORD ECOSPORT,7,E01015013,0,-1
2021461066912,2021,461066912,2,9,0,2,2,0,0,9,9,0,0,4,1,10,2,1,5,6,2,56,9,1499,2,6,FORD ECOSPORT,7,E01024433,0,-1
2021101070274,2021,101070274,1,9,0,7,7,3,6,0,0,0,0,0,0,0,1,1,5,6,1,74,10,998,1,2,FORD ECOSPORT,1,E01008348,0,-1
2021421111686,2021,421111686,2,9,0,2,2,2,7,0,0,2,0,0,0,0,1,1,5,6,2,71,10,1498,1,5,FORD ECOSPORT,6,E01033054,0,-1
2021131115040,2021,131115040,2,9,0,2,2,3,3,9,9,0,0,0,0,0,1,1,5,6,1,79,11,998,1,1,FORD ECOSPORT,1,E01011910,0,-1
2021622100561,2021,622100561,1,9,0,9,9,1,8,0,0,4,0,0,0,0,3,1,2,2,2,49,8,998,1,3,FORD ECOSPORT,4,W01001440,0,-1
2021010290550,2021,010290550,1,9,0,18,19,7,3,0,0,1,0,0,0,0,1,1,6,6,1,34,6,998,1,2,FORD ECOSPORT,6,E01000329,0,-1
2021070867676,2021,070867676,1,9,0,18,19,2,6,0,0,3,0,0,0,0,1,1,1,1,1,59,9,998,1,5,FORD ECOSPORT,9,E01005715,0,-1
2021302100472,2021,302100472,2,9,0,1,1,4,8,8,6,6,0,0,0,0,2,1,6,6,2,60,9,1499,2,6,FORD ECOSPORT,6,E01019482,0,-1
2021522104913,2021,522104913,2,9,0,2,2,0,0,0,0,2,0,0,0,0,3,1,6,6,2,62,9,998,1,4,FORD ECOSPORT,5,E01014751,0,-1
2021131052486,2021,131052486,1,9,0,18,19,3,7,0,0,8,0,0,0,0,1,1,6,6,2,78,11,998,1,3,FORD ECOSPORT,8,E01011403,0,-1
2021131062346,2021,131062346,2,9,0,3,3,2,6,0,0,8,0,0,0,0,2,1,5,6,2,44,7,1498,1,4,FORD ECOSPORT,6,E01011518,0,-1
2021221106550,2021,221106550,1,9,0,9,9,3,1,0,0,5,0,0,0,0,3,1,5,6,2,71,10,998,1,3,FORD ECOSPORT,6,E01022260,0,-1
2021131059716,2021,131059716,1,9,0,5,5,7,5,9,9,8,0,0,0,0,1,1,2,2,2,58,9,1498,1,5,FORD ECOSPORT,8,E01011207,0,-1
2021411139361,2021,411139361,2,9,0,18,19,4,8,0,0,8,0,0,0,0,3,1,6,6,2,38,7,998,1,1,FORD ECOSPORT,7,E01023719,0,-1
2021010293338,2021,010293338,1,9,0,99,99,9,9,99,99,9,9,99,9,99,9,9,2,2,1,38,7,1499,2,4,FORD ECOSPORT,9,E01016060,0,-1
2021211144885,2021,211144885,1,9,0,16,19,1,5,0,0,1,0,0,0,0,1,1,6,6,1,40,7,998,1,6,FORD ECOSPORT,1,E01014316,0,-1
2021302101180,2021,302101180,2,9,0,5,5,2,6,0,0,8,0,0,0,0,1,1,6,6,2,70,10,998,1,4,FORD ECOSPORT,9,E01013561,0,-1
2021131068794,2021,131068794,2,9,0,-1,-1,-1,-1,-1,-1,-1,-1,-1,-1,-1,-1,1,6,6,2,33,6,1498,1,5,FORD ECOSPORT,2,E01011805,0,-1
2021041121658,2021,041121658,2,9,0,17,19,6,3,0,0,3,0,0,1,0,1,1,5,6,2,47,8,1499,2,4,FORD ECOSPORT,8,E01025241,0,-1
2021211024944,2021,211024944,1,9,0,18,19,3,6,0,0,0,5,0,7,0,1,1,2,2,1,25,5,1499,2,2,FORD ECOSPORT,9,E01029718,0,-1
2021461072909,2021,461072909,3,9,0,3,3,7,3,0,0,0,0,0,0,0,2,1,6,6,2,54,8,998,1,2,FORD ECOSPORT,10,E01021132,0,-1
2021052101200,2021,052101200,2,9,0,18,19,4,8,0,0,8,0,0,0,0,1,1,6,6,2,59,9,1499,2,3,FORD ECOSPORT,7,E01012401,0,-1
2021070640334,2021,070640334,2,9,0,16,19,7,3,0,0,0,1,0,0,0,1,1,6,6,2,33,6,998,1,6,FORD ECOSPORT,9,E01018628,0,-1
2021520103856,2021,520103856,2,9,0,18,19,1,5,0,0,0,0,0,0,0,1,1,6,6,1,24,5,998,1,5,FORD ECOSPORT,1,E01006435,0,-1
2021052100554,2021,052100554,1,9,0,18,19,4,8,0,0,6,0,0,0,0,1,1,1,1,1,43,7,998,1,2,FORD ECOSPORT,1,E01006585,0,-1
2021031058138,2021,031058138,1,9,0,11,11,1,5,0,0,0,1,0,1,10,2,1,5,6,2,48,8,998,1,2,FORD ECOSPORT,6,E01019315,0,-1
2021201141731,2021,201141731,1,9,0,9,9,6,4,0,0,6,0,0,0,0,1,1,6,6,3,20,4,998,1,1,FORD ECOSPORT,1,E01009123,0,-1
2021131101765,2021,131101765,1,9,0,-1,-1,-1,-1,-1,-1,-1,-1,-1,-1,-1,-1,1,6,6,3,-1,-1,1498,1,4,FORD ECOSPORT,-1,-1,0,-1
2021320561029,2021,320561029,1,9,0,18,19,4,8,0,0,0,0,0,0,0,1,1,6,6,1,60,9,998,1,2,FORD ECOSPORT,4,E01031079,0,-1
2021010322862,2021,010322862,2,9,0,18,19,1,5,0,0,1,0,0,0,0,4,1,6,6,2,31,6,998,1,5,FORD ECOSPORT,6,E01000110,0,-1
2021010290624,2021,010290624,1,9,0,18,19,7,3,0,0,1,0,0,0,0,2,1,6,6,2,51,8,998,1,6,FORD ECOSPORT,2,E01003111,0,-1
2021010342180,2021,010342180,1,9,0,9,9,3,1,0,0,8,0,0,0,0,4,1,6,6,1,41,7,998,1,2,FORD ECOSPORT,4,E01003568,0,-1
2021041093630,2021,041093630,3,9,0,18,19,1,5,0,0,0,5,0,2,7,1,1,2,2,1,54,8,998,1,6,FORD ECOSPORT,1,E01025527,0,-1
202131B042221,2021,31B042221,3,9,0,2,2,0,0,0,0,0,0,4,0,0,2,1,6,6,3,-1,-1,998,1,2,FORD ECOSPORT,-1,-1,0,-1
2021421013017,2021,421013017,3,9,0,16,19,7,3,0,0,0,0,0,0,0,1,1,5,6,2,55,8,998,1,2,FORD ECOSPORT,10,E01021558,0,-1
2021451083605,2021,451083605,1,9,0,18,19,1,5,0,0,4,0,0,0,0,1,1,5,6,2,41,7,998,1,3,FORD ECOSPORT,3,E01030793,0,-1
2021302100102,2021,302100102,2,9,0,18,19,3,6,0,0,1,0,0,0,0,3,1,6,6,1,57,9,1499,2,6,FORD ECOSPORT,9,E01019778,0,-1
2021061056439,2021,061056439,2,9,0,3,3,1,5,0,0,0,0,0,0,0,2,1,6,6,2,38,7,1499,2,5,FORD ECOSPORT,1,E01012704,0,-1
2021131047907,2021,131047907,2,9,0,4,4,2,6,1,1,8,0,0,0,0,2,1,2,2,1,64,9,998,1,3,FORD ECOSPORT,3,E01011328,0,-1
2021461081407,2021,461081407,2,9,0,18,19,1,5,0,0,8,0,0,0,0,1,1,1,1,2,37,7,998,1,1,FORD ECOSPORT,1,E01024240,0,-1
2021231017505,2021,231017505,2,9,0,18,19,3,7,0,0,0,0,0,0,0,3,1,1,1,2,33,6,998,1,4,FORD ECOSPORT,4,E01031086,0,-1
2021010325676,2021,010325676,1,9,0,99,99,9,9,99,99,9,9,99,9,99,2,9,6,6,2,58,9,998,1,5,FORD ECOSPORT,5,E01001168,0,-1
2021122200039,2021,122200039,1,9,0,4,4,6,2,0,0,0,0,0,0,0,2,1,6,6,1,76,11,1499,2,5,FORD ECOSPORT,5,E01013404,0,-1
2021122100241,2021,122100241,1,9,0,18,19,8,4,0,0,0,0,0,0,0,1,1,6,6,1,88,11,998,1,2,FORD ECOSPORT,7,E01027585,0,-1
2021991052935,2021,991052935,1,9,0,16,19,3,6,0,0,0,0,0,0,0,3,1,5,6,2,65,9,998,1,3,FORD ECOSPORT,-1,-1,0,-1
2021471085991,2021,471085991,2,9,0,18,19,6,2,0,0,0,0,0,0,0,1,1,5,6,2,66,10,998,1,7,FORD ECOSPORT,4,E01031799,0,-1
2021010294780,2021,010294780,1,9,0,99,99,9,9,99,99,9,9,99,9,99,1,9,6,6,3,38,7,1498,1,4,FORD ECOSPORT,6,E01001064,0,-1
2021421085437,2021,421085437,1,9,0,9,9,7,5,0,0,0,0,0,0,0,4,1,6,6,1,92,11,998,1,5,FORD ECOSPORT,9,E01021912,0,-1
2021361093781,2021,361093781,2,9,0,18,19,5,1,0,0,0,0,0,0,0,3,1,5,6,1,74,10,998,1,1,FORD ECOSPORT,7,E01026526,0,-1
2021010308254,2021,010308254,3,9,0,3,3,1,5,0,0,8,0,0,0,0,2,1,6,6,1,31,6,998,1,3,FORD ECOSPORT,5,E01004169,0,-1
2021461064223,2021,461064223,1,9,0,5,5,1,5,0,0,1,0,0,3,0,1,1,6,6,1,77,11,998,1,3,FORD ECOSPORT,7,E01032656,0,-1
2021010301667,2021,010301667,1,9,0,99,99,9,9,99,99,0,9,99,9,99,3,9,6,6,2,24,5,998,1,3,FORD ECOSPORT,2,E01000077,0,-1
2021070731035,2021,070731035,1,9,0,7,7,1,3,0,0,6,0,0,0,0,1,1,3,7,2,28,6,998,1,0,FORD ECOSPORT,2,E01012442,0,-1
2021061063969,2021,061063969,1,9,0,18,19,-1,-1,0,0,1,0,0,0,0,1,1,6,6,3,-1,-1,998,1,4,FORD ECOSPORT,-1,-1,0,-1
2021010330020,2021,010330020,2,9,0,9,9,7,4,0,0,1,0,0,0,0,1,1,6,6,1,63,9,998,1,3,FORD ECOSPORT,5,E01023529,0,-1
2021430190420,2021,430190420,1,9,0,9,9,8,6,0,0,8,0,0,0,0,3,1,6,6,2,62,9,998,1,1,FORD ECOSPORT,4,E01016715,0,-1
2021061078728,2021,061078728,1,9,0,18,19,2,6,0,0,0,0,0,0,0,1,1,2,2,1,59,9,998,1,3,FORD ECOSPORT,-1,-1,0,-1
2021201100015,2021,201100015,1,9,0,18,19,6,2,0,0,8,0,0,0,0,3,1,6,6,1,54,8,1499,2,6,FORD ECOSPORT,4,E01013179,0,-1
2021461043824,2021,461043824,1,9,0,18,19,1,5,0,0,2,0,0,0,0,1,1,6,6,1,61,9,1498,1,6,FORD ECOSPORT,4,E01029338,0,-1
2021010296870,2021,010296870,2,9,0,99,99,9,9,99,99,0,9,99,9,99,9,9,6,6,3,-1,-1,1498,1,5,FORD ECOSPORT,-1,-1,0,-1
202131A029121,2021,31A029121,2,9,0,18,19,5,1,0,0,8,0,0,0,0,1,1,6,6,2,31,6,1498,1,6,FORD ECOSPORT,4,E01028272,0,-1
2021211052222,2021,211052222,2,9,0,18,19,4,7,0,0,1,0,0,0,0,1,1,6,6,1,51,8,998,1,2,FORD ECOSPORT,7,E01029695,0,-1
2021351046392,2021,351046392,2,9,0,4,4,3,7,0,0,0,0,0,0,0,2,1,5,6,2,34,6,1499,2,1,FORD ECOSPORT,5,E01026718,0,-1
2021010301191,2021,010301191,2,9,0,3,3,5,1,0,0,2,0,0,0,0,0,1,2,2,1,38,7,1499,2,2,FORD ECOSPORT,-1,-1,0,-1
2021211152993,2021,211152993,2,9,0,18,19,5,1,0,0,1,0,0,0,0,1,1,6,6,2,40,7,1498,1,4,FORD ECOSPORT,3,E01014327,0,-1
2021010320118,2021,010320118,2,9,0,99,99,9,9,99,99,9,9,99,9,99,1,9,6,6,3,-1,-1,998,1,5,FORD ECOSPORT,4,E01002315,0,-1
2021430180241,2021,430180241,1,9,0,18,19,6,2,0,0,0,0,0,0,0,0,1,6,6,2,39,7,1498,1,6,FORD ECOSPORT,-1,-1,0,-1
2021010302632,2021,010302632,1,9,0,3,3,7,3,0,0,0,0,0,0,0,1,1,6,6,2,69,10,998,1,2,FORD ECOSPORT,9,E01024160,0,-1
2021991074995,2021,991074995,1,9,0,17,19,4,1,0,0,0,0,0,1,7,4,1,6,6,1,56,9,998,1,1,FORD ECOSPORT,8,-1,0,-1
2021201141578,2021,201141578,1,9,0,1,1,1,5,0,0,2,0,0,0,0,2,1,6,6,3,42,7,998,1,4,FORD ECOSPORT,-1,-1,0,-1
2021031053174,2021,031053174,3,9,0,2,2,0,0,0,0,1,0,0,0,0,1,1,6,6,3,-1,-1,998,1,1,FORD ECOSPORT,-1,-1,0,-1
2021061079713,2021,061079713,2,9,-1,4,4,2,7,0,0,0,0,0,0,0,2,1,6,6,2,60,9,998,1,6,FORD ECOSPORT,1,E01005467,0,-1
2021201083493,2021,201083493,2,9,0,10,10,3,1,0,0,1,0,0,0,0,1,1,6,6,1,-1,-1,998,1,5,FORD ECOSPORT,-1,-1,0,-1
2021471124349,2021,471124349,2,9,0,8,8,7,1,0,0,1,0,0,0,0,3,1,5,6,2,-1,-1,998,1,1,FORD ECOSPORT,7,E01017008,0,-1
2021991057016,2021,991057016,2,9,0,18,19,5,1,0,0,1,0,0,0,0,1,1,6,6,2,80,11,1498,1,6,FORD ECOSPORT,3,-1,0,-1