collision_index,collision_year,collision_ref_no,vehicle_reference,vehicle_type,towing_and_articulation,vehicle_manoeuvre_historic,vehicle_manoeuvre,vehicle_direction_from,vehicle_direction_to,vehicle_location_restricted_lane_historic,vehicle_location_restricted_lane,junction_location,skidding_and_overturning,hit_object_in_carriageway,vehicle_leaving_carriageway,hit_object_off_carriageway,first_point_of_impact,vehicle_left_hand_drive,journey_purpose_of_driver_historic,journey_purpose_of_driver,sex_of_driver,age_of_driver,age_band_of_driver,engine_capacity_cc,propulsion_code,age_of_vehicle,generic_make_model,driver_imd_decile,lsoa_of_driver,escooter_flag,driver_distance_banding
202134NNC6361,2021,34NNC6361,1,9,0,5,5,2,6,0,0,6,0,0,0,0,3,1,6,6,1,35,6,2204,2,17,HONDA ACCORD,2,E01027330,0,-1
2021201071177,2021,201071177,4,9,0,2,2,0,0,0,0,2,0,0,0,0,1,1,6,6,1,51,8,1998,1,13,HONDA ACCORD,1,E01010374,0,-1
2021221057456,2021,221057456,1,9,0,18,19,5,1,0,0,0,0,0,0,0,1,1,5,6,2,57,9,2354,1,12,HONDA ACCORD,7,E01014081,0,-1
202163C014421,2021,63C014421,2,9,0,4,4,4,8,0,0,0,0,0,0,0,2,1,6,6,1,28,6,2204,2,14,HONDA ACCORD,8,W01000775,0,-1
2021010322635,2021,010322635,4,9,0,2,2,0,0,0,0,2,0,0,0,0,2,1,6,6,3,-1,-1,1997,1,20,HONDA ACCORD,-1,-1,0,-1
2021451034094,2021,451034094,1,9,0,18,19,2,6,0,0,1,0,0,0,0,1,1,5,6,1,51,8,2204,2,16,HONDA ACCORD,2,E01009960,0,-1
2021231048635,2021,231048635,2,8,0,18,19,7,4,0,0,8,0,0,0,0,1,1,1,1,1,59,9,2199,2,12,HONDA ACCORD,1,E01031043,0,-1
2021430031307,2021,430031307,1,9,0,18,19,8,4,0,0,0,0,0,0,0,1,1,6,6,1,37,7,2204,2,16,HONDA ACCORD,3,E01017906,0,-1
2021461026309,2021,461026309,1,9,0,18,19,5,1,0,0,0,0,0,1,0,1,1,1,1,1,33,6,1997,1,17,HONDA ACCORD,3,E01024264,0,-1
2021991031977,2021,991031977,1,9,0,18,19,1,5,0,0,8,0,0,0,0,1,1,4,7,1,38,7,2199,2,11,HONDA ACCORD,1,-1,0,-1
2021371012513,2021,371012513,1,9,0,18,19,6,3,0,0,0,0,0,1,0,4,1,6,6,1,21,5,2354,1,16,HONDA ACCORD,6,E01033453,0,-1
2021010318919,2021,010318919,2,9,4,99,99,9,9,99,99,9,9,99,9,99,9,9,6,6,3,-1,-1,2204,2,16,HONDA ACCORD,4,E01001183,0,-1
2021161056391,2021,161056391,1,9,0,18,19,6,2,0,0,0,1,0,1,0,4,1,6,6,2,50,8,2199,2,9,HONDA ACCORD,8,E01026368,0,-1
2021411130670,2021,411130670,2,9,0,18,19,2,6,0,0,0,0,0,0,0,1,1,1,1,1,42,7,2199,2,10,HONDA ACCORD,9,E01017582,0,-1
2021201090676,2021,201090676,1,9,0,9,9,3,1,0,0,6,0,0,0,0,3,1,1,1,1,53,8,1997,1,9,HONDA ACCORD,1,E01009491,0,-1
2021010313567,2021,010313567,2,9,0,99,99,9,9,99,99,9,9,99,9,99,1,9,6,6,3,-1,-1,1997,1,17,HONDA ACCORD,-1,-1,0,-1
2021221076047,2021,221076047,2,9,0,9,9,8,5,0,0,5,0,0,0,0,1,1,6,6,1,72,10,2204,2,13,HONDA ACCORD,5,E01014056,0,-1
2021052101536,2021,052101536,2,9,0,3,3,3,7,0,0,1,0,0,0,0,1,1,6,6,1,36,7,2204,2,15,HONDA ACCORD,7,E01006800,0,-1
2021041106627,2021,041106627,1,9,0,4,4,1,5,0,0,0,0,0,0,0,1,1,2,2,1,45,7,2204,2,13,HONDA ACCORD,5,E01006364,0,-1
2021411108375,2021,411108375,2,9,0,2,2,0,0,0,0,2,0,0,0,0,1,1,6,6,3,-1,-1,1997,1,17,HONDA ACCORD,-1,-1,0,-1
2021161013742,2021,161013742,2,9,0,18,19,4,8,0,0,0,0,0,0,0,1,2,6,6,1,61,9,2204,2,15,HONDA ACCORD,1,E01012855,0,-1
2021131086835,2021,131086835,1,9,0,17,19,8,4,0,0,0,0,0,1,10,1,1,5,6,1,28,6,1998,1,15,HONDA ACCORD,2,E01011105,0,-1
2021461090499,2021,461090499,1,9,0,14,14,1,4,0,0,1,0,0,0,0,1,1,6,6,1,-1,-1,1850,1,21,HONDA ACCORD,-1,-1,0,-1
2021221075234,2021,221075234,2,9,0,18,19,8,4,0,0,0,0,0,0,0,3,1,6,6,1,40,7,2199,2,10,HONDA ACCORD,3,W01000342,0,-1
2021501103722,2021,501103722,1,9,0,18,19,7,3,0,0,0,0,0,0,0,1,1,5,6,1,47,8,2199,2,12,HONDA ACCORD,5,E01027158,0,-1
2021201131055,2021,201131055,2,9,0,18,19,6,2,0,0,0,0,0,0,0,2,1,6,6,1,59,9,1998,1,15,HONDA ACCORD,1,E01008905,0,-1
2021141076523,2021,141076523,2,9,0,7,7,2,4,0,0,8,0,0,0,0,1,1,6,6,3,-1,-1,1998,1,16,HONDA ACCORD,-1,-1,0,-1
2021131072188,2021,131072188,1,9,0,5,5,5,1,0,0,3,0,0,0,0,1,1,6,6,1,73,10,2204,2,16,HONDA ACCORD,1,E01010832,0,-1
2021010305530,2021,010305530,1,9,0,18,19,1,5,0,0,0,0,4,0,0,1,1,6,6,1,61,9,2204,2,15,HONDA ACCORD,6,E01004491,0,-1
2021131127960,2021,131127960,1,9,0,2,2,3,7,0,0,0,0,0,0,0,0,1,6,6,3,-1,-1,2204,2,14,HONDA ACCORD,-1,-1,0,-1
2021461098933,2021,461098933,1,9,0,-1,-1,-1,-1,-1,-1,0,-1,-1,-1,0,-1,1,6,6,1,46,8,2354,1,17,HONDA ACCORD,9,E01003905,0,-1
2021010299554,2021,010299554,1,9,0,4,4,7,3,0,0,8,0,7,0,0,1,1,6,6,3,-1,-1,2204,2,15,HONDA ACCORD,-1,-1,0,-1
2021201147362,2021,201147362,2,9,0,9,9,4,2,0,0,1,0,0,0,0,3,1,2,2,1,-1,-1,2204,2,16,HONDA ACCORD,2,E01010056,0,-1
2021061050037,2021,061050037,1,9,0,1,1,8,1,9,9,0,0,0,0,0,2,1,5,6,1,81,11,2199,2,8,HONDA ACCORD,5,E01006206,0,-1
2021010310299,2021,010310299,2,9,0,16,19,7,2,0,0,8,0,0,0,0,1,2,6,6,1,80,11,1998,1,18,HONDA ACCORD,3,E01002139,0,-1
2021010333890,2021,010333890,2,9,0,6,6,1,1,0,0,1,0,0,0,0,3,1,6,6,1,38,7,1997,1,11,HONDA ACCORD,2,E01004444,0,-1
2021430276838,2021,430276838,1,9,0,18,19,2,6,0,0,4,0,0,0,0,3,1,2,2,1,46,8,1997,1,11,HONDA ACCORD,10,E01016623,0,-1
2021471062175,2021,471062175,1,9,0,11,11,8,4,0,0,0,0,0,0,0,4,1,5,6,1,42,7,2354,1,17,HONDA ACCORD,1,W01000836,0,-1
2021131082538,2021,131082538,1,9,0,-1,-1,-1,-1,-1,-1,-1,-1,-1,-1,0,-1,1,6,6,3,-1,-1,1850,1,21,HONDA ACCORD,-1,-1,0,-1
2021161034601,2021,161034601,2,9,0,18,19,6,2,0,0,0,0,0,0,0,2,1,6,6,1,37,7,2199,2,12,HONDA ACCORD,-1,-1,0,-1
2021010346568,2021,010346568,1,9,0,5,5,1,5,0,0,8,0,0,0,0,3,1,2,2,1,49,8,1998,1,13,HONDA ACCORD,1,E01003291,0,-1
2021451042919,2021,451042919,1,9,0,18,19,3,7,0,0,5,0,0,0,0,1,1,5,6,1,90,11,1997,1,20,HONDA ACCORD,9,E01030559,0,-1
2021451115174,2021,451115174,1,9,0,17,19,5,1,0,0,0,1,0,1,2,1,1,6,6,1,33,6,1997,1,13,HONDA ACCORD,6,E01002614,0,-1
2021302100283,2021,302100283,1,9,0,9,9,8,6,0,0,8,0,0,0,0,3,1,6,6,1,62,9,1998,1,17,HONDA ACCORD,3,E01019730,0,-1
2021371136368,2021,371136368,2,9,0,9,9,8,4,0,0,8,0,0,0,0,1,1,2,2,2,21,5,1998,1,16,HONDA ACCORD,6,E01033452,0,-1
2021131117211,2021,131117211,2,9,0,18,19,3,7,0,0,1,0,0,0,0,1,1,6,6,1,37,7,2199,2,10,HONDA ACCORD,3,E01011040,0,-1
2021141121888,2021,141121888,1,9,0,17,19,3,7,0,0,0,0,0,0,0,4,1,6,6,1,39,7,2199,2,10,HONDA ACCORD,2,E01007349,0,-1
2021010336798,2021,010336798,2,9,0,18,19,5,1,0,0,8,0,0,0,0,1,1,6,6,1,33,6,1998,1,16,HONDA ACCORD,5,E01002213,0,-1
2021010305350,2021,010305350,2,9,0,18,19,5,1,0,0,8,0,0,0,0,1,1,6,6,2,44,7,2204,2,14,HONDA ACCORD,5,E01003833,0,-1
2021520201033,2021,520201033,2,9,0,18,19,6,2,0,0,8,0,0,0,0,1,1,6,6,1,84,11,2354,1,16,HONDA ACCORD,9,E01029315,0,-1
2021471126150,2021,471126150,1,9,0,5,5,2,6,0,0,8,0,0,0,0,1,1,6,6,1,83,11,2199,2,12,HONDA ACCORD,5,E01031526,0,-1
2021122101539,2021,122101539,1,9,0,16,19,1,5,0,0,0,1,0,0,0,1,1,6,6,1,31,6,1998,1,18,HONDA ACCORD,6,E01027637,0,-1
2021440163369,2021,440163369,1,9,0,18,19,1,5,0,0,1,0,0,0,0,1,1,6,6,2,43,7,1998,1,15,HONDA ACCORD,6,E01017018,0,-1
2021201080310,2021,201080310,4,9,0,2,2,0,0,0,0,0,0,0,0,0,3,1,5,6,1,-1,-1,2204,2,13,HONDA ACCORD,-1,-1,0,-1
2021371103502,2021,371103502,1,9,0,18,19,5,1,0,0,8,0,0,0,0,4,1,5,6,1,23,5,2254,1,19,HONDA ACCORD,-1,-1,0,-1
2021010341674,2021,010341674,1,9,0,99,99,9,9,99,99,9,9,99,9,99,2,9,6,6,2,61,9,2204,2,13,HONDA ACCORD,4,E01000570,0,-1
2021991073261,2021,991073261,1,9,0,18,19,7,3,0,0,1,0,0,0,0,1,1,6,6,1,32,6,2199,2,8,HONDA ACCORD,2,-1,0,-1
2021201023783,2021,201023783,1,9,0,18,19,1,5,0,0,6,0,0,0,0,1,1,6,6,3,-1,-1,2204,2,16,HONDA ACCORD,-1,-1,0,-1
2021320073017,2021,320073017,1,9,0,9,9,4,2,0,0,6,0,0,0,0,1,1,2,2,1,24,5,1850,1,20,HONDA ACCORD,8,E01026164,0,-1
2021131049410,2021,131049410,1,9,0,4,4,3,3,0,0,0,1,0,0,0,1,1,5,6,1,36,7,2199,2,12,HONDA ACCORD,2,E01004403,0,-1
2021010299610,2021,010299610,1,9,0,99,99,9,9,99,99,9,9,99,9,99,1,9,6,6,3,-1,-1,1998,1,14,HONDA ACCORD,-1,-1,0,-1
2021501096551,2021,501096551,2,9,0,18,19,5,1,0,0,0,0,0,0,0,1,1,6,6,2,45,7,2204,2,16,HONDA ACCORD,9,E01033234,0,-1
2021010322895,2021,010322895,3,9,0,18,19,7,3,0,0,1,0,0,0,0,4,1,1,1,1,26,6,1998,1,13,HONDA ACCORD,5,E01015926,0,-1
2021461155102,2021,461155102,1,9,0,18,19,1,5,0,0,0,0,0,0,0,1,1,2,2,1,34,6,1998,1,14,HONDA ACCORD,3,E01016014,0,-1
2021440118698,2021,440118698,1,9,0,17,19,5,3,0,0,8,0,0,0,0,1,1,6,6,1,38,7,2199,2,10,HONDA ACCORD,2,E01022820,0,-1
2021201091317,2021,201091317,1,8,0,18,19,4,8,0,0,8,0,0,0,0,1,1,1,1,1,33,6,1997,7,12,HONDA ACCORD,5,E01032238,0,-1
2021451050702,2021,451050702,1,9,0,16,19,1,5,0,0,0,5,0,8,0,1,1,2,2,1,35,6,2204,2,15,HONDA ACCORD,8,E01030908,0,-1
2021451107882,2021,451107882,1,4,0,17,19,3,7,0,0,0,0,0,1,0,3,1,5,6,1,46,8,471,1,5,-1,5,E01004178,0,-1
2021451043734,2021,451043734,2,4,0,18,19,5,1,0,0,2,1,0,0,0,1,1,2,2,1,50,8,471,1,5,-1,5,E01002529,0,-1
2021451098115,2021,451098115,1,4,0,18,19,5,1,0,0,1,1,0,8,0,4,1,2,2,1,38,7,471,1,3,-1,8,E01030654,0,-1
2021451067823,2021,451067823,2,5,0,4,4,1,5,0,0,0,1,0,0,0,1,1,2,2,1,41,7,919,1,19,-1,8,E01030529,0,-1
2021461058318,2021,461058318,1,3,0,15,15,5,1,0,0,0,0,0,0,0,1,1,2,2,1,32,6,125,1,9,-1,8,E01024057,0,-1
2021552100812,2021,552100812,2,3,0,18,19,5,1,0,0,8,0,0,0,0,0,1,6,6,1,18,4,124,1,3,HYOSUNG GT 125,3,E01015409,0,-1
2021320606446,2021,320606446,1,3,0,18,19,4,8,0,0,1,5,0,0,0,1,1,6,6,1,33,6,124,1,5,HYOSUNG GT 125,9,E01026063,0,-1
2021522103290,2021,522103290,2,3,0,18,19,5,1,0,0,8,0,0,0,0,1,1,6,6,1,35,6,124,1,5,HYOSUNG GT 125,1,E01032514,0,-1
2021041082059,2021,041082059,1,3,0,18,19,4,8,0,0,0,1,4,0,0,1,1,6,6,1,30,6,124,1,5,HYOSUNG GT 125,3,E01025269,0,-1
2021471097619,2021,471097619,2,3,0,9,9,2,7,0,0,8,0,0,0,0,3,1,1,1,1,22,5,124,1,13,HYOSUNG GT 125,3,E01016911,0,-1
2021141026642,2021,141026642,1,3,0,18,19,1,5,0,0,1,1,0,0,0,1,1,5,6,1,18,4,124,1,3,HYOSUNG GT 125,3,E01007747,0,-1
2021052100515,2021,052100515,1,4,0,18,19,3,7,0,0,1,0,0,0,0,1,1,6,6,1,26,6,124,1,14,-1,2,E01007214,0,-1
2021371129360,2021,371129360,1,3,0,18,19,3,7,0,0,1,0,0,0,0,1,1,6,6,1,17,4,124,1,6,HYOSUNG GT 125,2,E01030289,0,-1
2021131093619,2021,131093619,2,3,0,18,19,5,1,0,0,8,0,0,0,0,3,1,5,6,1,19,4,124,1,10,HYOSUNG GT 125,1,E01010755,0,-1
2021471077084,2021,471077084,3,3,0,4,4,3,7,0,0,0,0,0,0,0,0,1,5,6,1,25,5,124,1,0,HYOSUNG GT 125,4,E01021060,0,-1
2021070629081,2021,070629081,1,3,0,4,4,3,8,0,0,1,1,0,0,0,0,1,6,6,1,38,7,124,1,5,HYOSUNG GT 125,2,E01018714,0,-1
2021320741742,2021,320741742,2,3,0,9,9,8,4,0,0,8,0,0,0,0,4,1,6,6,1,18,4,124,1,10,HYOSUNG GT 125,10,E01026302,0,-1
2021320582953,2021,320582953,1,3,0,17,19,2,6,0,0,0,0,0,0,0,1,1,2,2,1,18,4,124,1,10,HYOSUNG GT 125,10,E01026302,0,-1
2021461108840,2021,461108840,3,20,0,2,2,0,0,0,0,1,0,0,0,0,0,1,6,6,3,-1,-1,-1,-1,-1,-1,-1,-1,0,-1
2021122101365,2021,122101365,1,2,0,18,19,4,8,0,0,8,0,0,0,0,1,1,6,6,1,15,3,49,1,1,-1,9,E01013432,0,-1
2021010339603,2021,010339603,2,8,0,99,99,9,9,99,99,0,9,99,0,0,9,9,6,6,3,-1,-1,1477,8,3,LEVC TX,7,E01002154,0,-1
2021010296054,2021,010296054,1,8,0,18,19,3,7,2,2,0,0,0,0,0,1,1,1,1,1,56,9,1477,8,1,LEVC TX,4,E01021815,0,-1
2021411099776,2021,411099776,2,8,0,18,19,1,5,0,0,0,0,0,0,0,2,1,1,1,1,55,8,1477,8,1,LEVC TX,5,E01021770,0,-1
2021010320302,2021,010320302,2,8,0,18,19,7,3,0,0,0,0,0,0,0,0,1,1,1,1,38,7,1477,8,1,LEVC TX,4,E01000503,0,-1
2021010290488,2021,010290488,1,8,0,5,5,0,7,0,0,2,0,0,0,0,3,1,1,1,1,59,9,1477,8,1,LEVC TX,1,E01004244,0,-1
2021010346043,2021,010346043,1,8,0,6,6,3,3,0,0,0,0,0,0,0,0,1,1,1,1,65,9,1477,8,2,LEVC TX,3,E01022044,0,-1
2021010319068,2021,010319068,2,8,0,99,99,9,9,99,99,9,9,99,9,99,1,9,6,6,3,30,6,1477,8,1,LEVC TX,2,E01003248,0,-1
2021010315847,2021,010315847,1,8,0,2,2,0,0,0,0,0,0,0,0,0,3,1,6,6,3,-1,-1,1477,8,2,LEVC TX,-1,-1,0,-1
2021010331420,2021,010331420,1,8,0,9,9,1,7,0,0,8,0,0,0,0,4,1,1,1,1,58,9,1477,8,1,LEVC TX,2,E01000086,0,-1
2021010321671,2021,010321671,1,8,0,14,14,1,5,0,0,2,0,0,0,0,1,1,6,6,1,30,6,1477,8,2,LEVC TX,1,E01000596,0,-1
2021010321934,2021,010321934,2,8,0,99,99,9,9,99,99,9,9,99,9,99,1,9,6,6,3,-1,-1,1477,8,3,LEVC TX,-1,-1,0,-1
2021010328855,2021,010328855,1,8,0,14,14,1,5,0,0,1,0,0,0,0,3,1,1,1,1,54,8,1477,8,2,LEVC TX,2,E01016009,0,-1
2021421073840,2021,421073840,3,8,0,10,10,2,7,0,0,0,0,0,0,0,4,1,1,1,1,52,8,1477,8,1,LEVC TX,6,E01003657,0,-1
2021010314859,2021,010314859,1,8,0,99,99,9,9,99,99,2,9,99,9,99,1,9,6,6,1,32,6,1477,8,2,LEVC TX,8,E01023478,0,-1
2021010307526,2021,010307526,2,8,0,9,9,3,1,0,0,8,0,0,0,0,1,1,1,1,1,50,8,1477,8,3,LEVC TX,3,E01001262,0,-1
2021010343986,2021,010343986,1,8,0,4,4,1,5,0,0,1,0,0,0,0,2,1,6,6,1,34,6,1477,8,0,LEVC TX,2,E01002054,0,-1
2021010317755,2021,010317755,1,8,0,18,19,3,7,0,0,8,1,0,0,0,1,1,1,1,1,53,8,1477,8,2,LEVC TX,-1,-1,0,-1
2021010322606,2021,010322606,2,8,0,99,99,9,9,99,99,9,9,99,9,99,9,9,6,6,3,37,7,1477,8,1,LEVC TX,5,E01002411,0,-1
2021010319781,2021,010319781,2,8,0,99,99,9,9,99,99,0,9,99,9,99,9,9,6,6,3,-1,-1,1477,8,2,LEVC TX,-1,-1,0,-1
2021010314851,2021,010314851,2,8,0,5,5,5,1,0,0,1,0,0,0,0,1,1,1,1,1,48,8,1477,8,3,LEVC TX,2,E01001447,0,-1
2021010308525,2021,010308525,1,8,0,4,4,7,3,0,0,0,0,0,0,0,0,1,1,1,1,46,8,1477,8,2,LEVC TX,5,E01023905,0,-1
2021010347714,2021,010347714,2,8,0,18,19,3,7,0,0,1,0,0,0,0,1,1,3,7,2,53,8,1477,8,3,LEVC TX,4,E01003282,0,-1
202131C077521,2021,31C077521,2,8,0,9,9,6,4,0,0,8,0,0,0,0,3,1,1,1,1,53,8,1477,8,1,LEVC TX,2,E01013945,0,-1
2021010335098,2021,010335098,4,8,0,3,3,7,3,0,0,0,0,0,0,0,3,1,6,6,1,55,8,1477,8,3,LEVC TX,5,E01000067,0,-1
2021010330990,2021,010330990,2,8,0,99,99,9,9,99,99,9,9,99,9,99,1,9,6,6,3,-1,-1,1477,8,2,LEVC TX,1,E01002790,0,-1
2021010312830,2021,010312830,2,8,0,99,99,9,9,99,99,1,9,99,9,99,2,9,6,6,3,56,9,1477,8,2,LEVC TX,8,E01001100,0,-1
2021010305365,2021,010305365,1,8,0,9,9,1,7,0,0,5,0,0,0,0,4,1,1,1,1,74,10,1477,8,2,LEVC TX,10,E01021751,0,-1
2021010334108,2021,010334108,1,8,0,4,4,7,3,0,0,0,0,0,0,0,3,1,1,1,1,53,8,1477,8,2,LEVC TX,4,E01001503,0,-1
2021010344259,2021,010344259,2,8,0,99,99,9,9,99,99,9,9,99,9,99,2,9,6,6,3,52,8,1477,8,3,LEVC TX,-1,-1,0,-1
2021010287634,2021,010287634,1,8,0,18,19,1,5,0,0,4,0,0,0,0,1,1,1,1,1,42,7,1477,8,3,LEVC TX,-1,-1,0,-1
2021010322741,2021,010322741,2,8,0,18,19,1,5,0,0,0,0,0,0,0,2,1,6,6,1,55,8,1477,8,2,LEVC TX,5,E01000071,0,-1
2021010290846,2021,010290846,1,8,0,18,19,5,1,2,2,1,0,0,0,0,1,1,6,6,1,37,7,1477,8,3,LEVC TX,5,E01001086,0,-1
2021010348897,2021,010348897,1,8,0,99,99,9,9,99,99,0,9,99,9,99,2,9,6,6,1,53,8,1477,8,3,LEVC TX,-1,-1,0,-1
2021010296552,2021,010296552,2,8,0,99,99,9,9,99,99,0,9,99,9,99,9,9,6,6,1,57,9,1477,8,1,LEVC TX,4,E01001260,0,-1
2021010328748,2021,010328748,1,8,9,18,19,4,8,99,99,9,9,99,9,99,9,1,6,6,3,-1,-1,1477,8,2,LEVC TX,-1,-1,0,-1
2021010347191,2021,010347191,1,8,0,18,19,7,3,8,6,1,0,0,0,0,3,1,1,1,1,44,7,1477,8,3,LEVC TX,8,E01002318,0,-1
2021010303293,2021,010303293,1,8,0,9,9,7,6,0,0,8,0,0,0,0,1,1,2,2,1,51,8,1477,8,2,LEVC TX,3,E01001190,0,-1
2021010292598,2021,010292598,1,8,0,99,99,9,9,99,99,9,9,99,9,99,1,9,6,6,1,50,8,1477,8,1,LEVC TX,8,E01030703,0,-1
2021010306625,2021,010306625,3,8,0,4,4,3,7,0,0,1,0,0,0,0,0,1,1,1,1,51,8,1477,8,2,LEVC TX,9,E01021747,0,-1
2021010334825,2021,010334825,2,8,0,16,19,1,3,0,0,3,0,0,1,0,1,1,1,1,1,36,7,1477,8,2,LEVC TX,2,E01002702,0,-1
2021010317542,2021,010317542,2,8,0,18,19,5,1,0,0,8,0,0,0,0,3,1,1,1,1,52,8,1477,8,2,LEVC TX,2,E01002702,0,-1
2021010304530,2021,010304530,4,9,0,3,3,7,3,0,0,2,0,0,0,0,2,1,2,2,1,35,6,-1,-1,-1,LEVC TX,-1,-1,0,-1
2021010346278,2021,010346278,2,8,0,18,19,5,1,2,2,8,0,0,0,0,1,1,1,1,1,63,9,1477,8,3,LEVC TX,8,E01000216,0,-1
2021010307737,2021,010307737,2,8,0,5,5,7,3,2,2,1,0,0,0,0,1,1,1,1,1,46,8,1477,8,3,LEVC TX,2,E01003580,0,-1
2021010315659,2021,010315659,1,8,0,5,5,3,7,0,0,1,0,0,0,0,3,1,6,6,1,69,10,1477,8,3,LEVC TX,2,E01015938,0,-1
2021010350783,2021,010350783,2,8,0,5,5,0,1,0,0,1,0,0,0,0,3,1,1,1,1,50,8,1477,8,1,LEVC TX,2,E01001172,0,-1
2021010316843,2021,010316843,2,8,0,3,3,7,3,0,0,1,0,0,0,0,2,1,2,2,1,50,8,1477,8,1,LEVC TX,3,E01000912,0,-1
2021010303637,2021,010303637,2,8,0,4,4,3,7,0,0,0,0,0,0,0,2,1,1,1,1,64,9,1477,8,2,LEVC TX,2,E01015921,0,-1
2021010293704,2021,010293704,2,8,0,99,99,9,9,99,99,0,9,99,9,99,2,9,6,6,3,-1,-1,1477,8,1,LEVC TX,8,E01024763,0,-1
2021481070395,2021,481070395,1,8,0,6,6,5,5,0,0,0,0,0,0,0,3,1,1,1,1,37,7,1477,8,2,LEVC TX,3,E01002558,0,-1
2021010333407,2021,010333407,2,8,0,6,6,3,3,0,0,8,0,0,0,0,1,1,1,1,1,52,8,1477,8,3,LEVC TX,5,E01002363,0,-1
2021010342202,2021,010342202,1,8,9,99,99,9,9,99,99,9,9,99,9,99,9,9,6,6,3,-1,-1,1477,8,1,LEVC TX,-1,-1,0,-1
2021010339562,2021,010339562,1,8,0,9,9,1,6,0,0,1,0,0,0,0,1,1,1,1,1,54,8,1477,8,2,LEVC TX,9,E01004387,0,-1
2021421079357,2021,421079357,2,8,0,3,3,4,5,0,0,0,0,0,0,0,2,1,5,6,1,57,9,1477,8,3,LEVC TX,-1,-1,0,-1
2021010320016,2021,010320016,1,8,0,6,6,7,7,0,0,1,0,0,0,0,3,1,1,1,1,41,7,1477,8,1,LEVC TX,3,E01021858,0,-1
2021010329719,2021,010329719,1,8,0,6,6,3,3,0,0,1,0,0,0,0,4,1,1,1,1,57,9,1477,8,2,LEVC TX,6,E01000166,0,-1
2021010310866,2021,010310866,3,8,0,10,10,5,2,0,0,1,0,0,0,0,1,1,1,1,1,49,8,1477,8,2,LEVC TX,3,E01003829,0,-1
2021010348659,2021,010348659,2,8,0,18,19,5,1,0,0,8,0,0,0,0,4,1,1,1,1,49,8,1477,8,3,LEVC TX,3,E01000866,0,-1
2021010319392,2021,010319392,2,8,0,12,12,1,0,0,0,0,0,0,0,0,1,1,1,1,1,58,9,1477,8,3,LEVC TX,3,E01001884,0,-1
2021010351712,2021,010351712,1,8,0,18,19,5,1,0,0,1,0,0,0,0,4,1,2,2,1,59,9,1477,8,0,LEVC TX,5,E01000142,0,-1
2021010339323,2021,010339323,2,8,0,9,9,1,6,0,0,1,0,0,0,0,1,1,1,1,1,61,9,1477,8,1,LEVC TX,3,E01003544,0,-1
2021010305227,2021,010305227,2,8,0,18,19,3,7,0,0,8,0,0,0,0,4,1,1,1,1,62,9,1477,8,3,LEVC TX,9,E01023740,0,-1
2021480316480,2021,480316480,1,8,0,6,6,7,7,0,0,1,0,0,0,0,1,1,1,1,1,47,8,1477,8,1,LEVC TX,9,E01000759,0,-1
2021010318563,2021,010318563,1,8,0,99,99,9,9,99,99,9,9,99,9,99,4,9,6,6,1,48,8,1477,8,2,LEVC TX,2,E01003988,0,-1
2021010324911,2021,010324911,2,8,0,18,19,5,1,0,0,2,0,0,0,0,1,1,1,1,1,32,6,1477,8,2,LEVC TX,8,E01023478,0,-1
2021010289185,2021,010289185,1,8,0,18,19,1,5,0,0,2,0,0,0,0,1,1,1,1,1,30,6,1477,8,2,LEVC TX,8,E01002385,0,-1
2021010289430,2021,010289430,2,8,0,99,99,9,9,99,99,9,9,99,9,99,9,9,6,6,1,51,8,1477,8,3,LEVC TX,7,E01000400,0,-1
2021010340826,2021,010340826,1,8,0,1,1,1,5,0,0,0,0,0,0,0,0,1,2,2,2,53,8,1477,8,0,LEVC TX,3,E01000961,0,-1
2021010291114,2021,010291114,1,8,0,18,19,3,7,0,0,8,0,0,0,0,1,1,1,1,1,76,11,1477,8,2,LEVC TX,10,E01017625,0,-1
2021010346307,2021,010346307,1,8,0,9,9,7,5,0,0,1,0,0,0,0,0,1,6,6,1,56,9,1477,8,2,LEVC TX,6,E01021772,0,-1
2021010334373,2021,010334373,4,8,0,3,3,7,3,0,0,0,0,0,1,0,2,1,1,1,1,64,9,1477,8,3,LEVC TX,4,E01001879,0,-1
2021010339576,2021,010339576,1,8,0,99,99,9,9,99,99,9,9,99,9,99,2,9,1,1,1,64,9,1477,8,0,LEVC TX,6,E01003843,0,-1
2021010347504,2021,010347504,2,9,0,99,99,9,9,99,99,9,9,99,9,99,1,9,6,6,3,48,8,-1,-1,-1,LEVC TX,2,E01001982,0,-1
2021010341613,2021,010341613,1,8,0,18,19,8,4,0,0,0,0,0,0,0,4,1,2,2,1,40,7,1477,8,2,LEVC TX,4,E01003757,0,-1
2021010301069,2021,010301069,3,8,0,4,4,7,3,0,0,2,0,0,0,0,1,1,1,1,1,40,7,1477,8,2,LEVC TX,6,E01001570,0,-1
2021010320855,2021,010320855,1,8,0,99,99,9,9,99,99,9,9,99,9,99,1,9,1,1,1,49,8,1477,8,2,LEVC TX,3,E01004432,0,-1
2021010348532,2021,010348532,2,8,9,99,99,9,9,99,99,9,9,99,9,99,9,9,6,6,1,31,6,1477,8,0,LEVC TX,9,E01023148,0,-1