collision_index,collision_year,collision_ref_no,vehicle_reference,vehicle_type,towing_and_articulation,vehicle_manoeuvre_historic,vehicle_manoeuvre,vehicle_direction_from,vehicle_direction_to,vehicle_location_restricted_lane_historic,vehicle_location_restricted_lane,junction_location,skidding_and_overturning,hit_object_in_carriageway,vehicle_leaving_carriageway,hit_object_off_carriageway,first_point_of_impact,vehicle_left_hand_drive,journey_purpose_of_driver_historic,journey_purpose_of_driver,sex_of_driver,age_of_driver,age_band_of_driver,engine_capacity_cc,propulsion_code,age_of_vehicle,generic_make_model,driver_imd_decile,lsoa_of_driver,escooter_flag,driver_distance_banding
2021010330238,2021,010330238,1,8,0,5,5,1,5,0,0,1,0,0,0,0,1,1,1,1,2,52,8,1477,8,0,LEVC TX,2,E01002708,0,-1
2021010351346,2021,010351346,1,8,0,99,99,9,9,99,99,5,0,0,0,0,1,9,6,6,1,61,9,1477,8,2,LEVC TX,7,E01021765,0,-1
2021010309691,2021,010309691,2,8,0,99,99,9,9,99,99,0,9,99,9,99,1,9,6,6,1,47,8,1477,8,1,LEVC TX,3,E01003348,0,-1
2021010296134,2021,010296134,2,8,0,18,19,5,1,0,0,1,0,0,1,2,2,1,1,1,1,29,6,1477,8,1,LEVC TX,10,E01023581,0,-1
2021010332989,2021,010332989,1,8,0,9,9,7,6,0,0,2,0,0,0,0,3,1,1,1,1,41,7,1477,8,0,LEVC TX,4,E01000846,0,-1
2021421057419,2021,421057419,2,8,0,17,19,7,3,0,0,8,1,0,0,0,1,1,6,6,1,64,9,1477,8,3,LEVC TX,8,E01000247,0,-1
2021010341583,2021,010341583,1,8,0,9,9,5,3,0,0,1,0,0,0,0,1,1,1,1,1,60,9,1477,8,1,LEVC TX,7,E01003475,0,-1
2021010304786,2021,010304786,1,8,0,9,9,5,3,0,0,6,0,0,0,0,3,1,1,1,1,68,10,1477,8,1,LEVC TX,9,E01023557,0,-1
2021010312517,2021,010312517,1,8,0,3,3,3,7,0,0,0,0,0,0,0,3,2,6,6,1,52,8,1477,8,1,LEVC TX,4,E01002785,0,-1
2021010331840,2021,010331840,1,8,0,18,19,5,1,0,0,1,0,0,0,0,1,1,1,1,1,32,6,1477,8,0,LEVC TX,2,E01003239,0,-1
2021010323014,2021,010323014,2,8,0,18,19,5,1,0,0,1,0,0,0,0,2,1,1,1,1,29,6,1477,8,2,LEVC TX,8,E01002383,0,-1
2021010330024,2021,010330024,1,8,0,18,19,1,5,0,0,3,0,0,0,0,4,1,1,1,1,56,9,1477,8,1,LEVC TX,4,E01000286,0,-1
2021010347646,2021,010347646,1,8,0,18,19,5,1,0,0,1,0,0,0,0,1,1,1,1,1,58,9,1477,8,2,LEVC TX,10,E01000809,0,-1
2021010348234,2021,010348234,1,8,0,6,6,7,7,0,0,0,0,0,0,0,3,1,1,1,1,49,8,1477,8,1,LEVC TX,3,E01003017,0,-1
2021010312994,2021,010312994,2,8,0,99,99,9,9,99,99,0,9,99,9,99,9,9,6,6,3,-1,-1,1477,8,2,LEVC TX,-1,-1,0,-1
2021010343680,2021,010343680,1,8,0,18,19,5,1,0,0,2,0,0,0,0,1,1,2,2,1,62,9,1477,8,2,LEVC TX,10,E01000810,0,-1
2021010347956,2021,010347956,1,8,9,99,99,9,9,99,99,0,9,99,9,99,9,9,6,6,3,-1,-1,1477,8,2,LEVC TX,-1,-1,0,-1
2021010347263,2021,010347263,2,8,0,99,99,9,9,99,99,9,9,99,9,99,1,9,6,6,3,-1,-1,1477,8,2,LEVC TX,-1,-1,0,-1
2021010322059,2021,010322059,1,8,0,5,5,6,2,0,0,2,0,0,0,0,4,1,6,6,3,-1,-1,1477,8,0,LEVC TX,-1,-1,0,-1
2021010342935,2021,010342935,1,8,9,99,99,9,9,99,99,9,9,99,9,99,9,9,6,6,1,-1,-1,1477,8,2,LEVC TX,-1,-1,0,-1
2021010292417,2021,010292417,2,8,0,10,10,5,2,0,0,1,0,0,0,0,3,1,1,1,1,52,8,1477,8,1,LEVC TX,3,E01002540,0,-1
2021010337931,2021,010337931,1,8,0,6,6,7,7,0,0,0,0,0,0,0,1,1,2,2,1,38,7,1477,8,1,LEVC TX,7,E01024187,0,-1
2021010341305,2021,010341305,1,8,0,18,19,4,8,2,2,1,0,0,0,0,1,1,2,2,1,36,7,1477,8,2,LEVC TX,4,E01023488,0,-1
2021010345852,2021,010345852,1,8,0,4,4,3,7,2,2,0,0,0,0,0,3,1,1,1,1,63,9,1477,8,3,LEVC TX,5,E01033741,0,-1
2021010327496,2021,010327496,1,8,0,5,5,1,5,0,0,2,0,0,0,0,1,1,6,6,1,52,8,1477,8,3,LEVC TX,4,E01021775,0,-1
2021010311450,2021,010311450,2,8,0,99,99,9,9,99,99,9,9,99,9,99,9,9,6,6,3,-1,-1,1477,8,2,LEVC TX,-1,-1,0,-1
2021351130502,2021,351130502,1,9,0,3,3,3,7,0,0,0,0,0,0,0,1,1,1,1,1,62,9,-1,-1,-1,LEVC TX,3,E01015692,0,-1
2021010301383,2021,010301383,1,8,0,7,7,6,8,0,0,1,0,0,0,0,4,1,1,1,1,54,8,1477,8,2,LEVC TX,2,E01000925,0,-1
2021010306898,2021,010306898,2,8,0,99,99,9,9,99,99,9,9,99,9,99,9,9,6,6,3,-1,-1,1477,8,2,LEVC TX,-1,-1,0,-1
2021010352299,2021,010352299,1,8,0,99,99,9,9,99,99,9,9,99,9,99,2,9,6,6,3,-1,-1,1477,8,2,LEVC TX,5,E01023304,0,-1
2021010345290,2021,010345290,1,8,0,9,9,5,3,0,0,8,0,0,0,0,1,1,1,1,1,40,7,1477,8,2,LEVC TX,2,E01004740,0,-1
2021991138210,2021,991138210,2,8,0,18,19,1,4,0,0,1,0,0,0,0,3,1,1,1,1,62,9,1477,8,2,LEVC TX,7,-1,0,-1
2021010303119,2021,010303119,2,8,0,99,99,9,9,99,99,0,9,99,9,99,1,9,6,6,1,59,9,1477,8,2,LEVC TX,7,E01001280,0,-1
2021010303347,2021,010303347,1,8,0,18,19,7,3,0,0,2,0,0,0,0,0,1,1,1,1,62,9,1477,8,3,LEVC TX,8,E01000216,0,-1
2021010329015,2021,010329015,1,8,0,6,6,5,5,0,0,1,0,0,0,0,3,1,1,1,1,33,6,1477,8,2,LEVC TX,6,E01023306,0,-1
2021010345635,2021,010345635,1,8,9,99,99,9,9,99,99,9,9,99,9,99,9,9,6,6,1,59,9,1477,8,2,LEVC TX,3,E01004446,0,-1
2021010345560,2021,010345560,1,8,0,18,19,1,5,2,2,8,0,0,1,0,3,1,1,1,1,67,10,1477,8,2,LEVC TX,2,E01000315,0,-1
2021010316841,2021,010316841,1,8,0,3,3,1,5,0,0,0,0,0,0,0,3,1,1,1,1,60,9,1477,8,3,LEVC TX,1,E01001410,0,-1
2021010321704,2021,010321704,2,8,0,99,99,9,9,99,99,0,9,99,9,99,1,9,6,6,1,64,9,1477,8,2,LEVC TX,7,E01024479,0,-1
2021010289969,2021,010289969,1,8,0,99,99,9,9,99,99,0,9,99,9,99,1,1,6,6,1,39,7,1477,8,2,LEVC TX,9,E01002416,0,-1
2021010330678,2021,010330678,1,8,0,18,19,3,7,0,0,2,0,0,0,0,1,1,1,1,1,63,9,1477,8,2,LEVC TX,4,E01001174,0,-1
2021302100431,2021,302100431,1,2,0,9,9,4,2,0,0,1,0,0,0,0,1,1,6,6,1,17,4,124,1,0,LEXMOTO ASSAULT 125,2,E01013585,0,-1
2021471063530,2021,471063530,1,3,0,18,19,1,5,0,0,2,0,4,0,0,1,1,5,6,1,23,5,124,1,1,LEXMOTO ASSAULT 125,1,E01020982,0,-1
2021501139871,2021,501139871,2,3,0,16,19,6,8,0,0,1,0,0,0,0,1,1,2,2,1,50,8,124,1,3,LEXMOTO ASSAULT 125,3,E01020073,0,-1
2021471095736,2021,471095736,2,3,0,18,19,5,1,0,0,0,0,0,0,0,1,1,2,2,1,17,4,124,1,0,LEXMOTO ASSAULT 125,9,E01031615,0,-1
2021461087134,2021,461087134,2,4,0,18,19,3,7,0,0,0,0,0,0,0,1,1,2,2,1,58,9,124,1,2,LEXMOTO ASSAULT 125,1,E01024659,0,-1
2021101038181,2021,101038181,1,3,0,5,5,2,6,0,0,0,0,0,0,0,1,1,6,6,1,31,6,124,1,5,LEXMOTO ASSAULT 125,-1,-1,0,-1
2021471124383,2021,471124383,2,3,0,18,19,7,3,0,0,1,0,0,0,0,1,1,6,6,1,29,6,124,1,0,LEXMOTO ASSAULT 125,2,E01016918,0,-1
2021070674941,2021,070674941,1,3,0,14,14,8,4,0,0,1,0,0,0,0,1,1,2,2,1,19,4,124,1,0,LEXMOTO ASSAULT 125,7,E01018369,0,-1
2021440213457,2021,440213457,1,3,0,18,19,2,6,0,0,0,0,0,0,0,0,1,6,6,1,17,4,124,1,5,LEXMOTO ASSAULT 125,7,E01023109,0,-1
2021320048405,2021,320048405,1,3,0,17,19,5,1,0,0,0,2,0,0,0,0,1,6,6,1,31,6,124,1,2,LEXMOTO ASSAULT 125,-1,-1,0,-1
2021221117712,2021,221117712,2,3,0,14,14,7,3,0,0,8,0,0,0,0,1,1,5,6,1,23,5,124,1,4,LEXMOTO ASSAULT 125,5,E01014079,0,-1
2021421091068,2021,421091068,2,3,0,3,3,3,7,0,0,4,0,0,0,0,2,1,5,6,1,28,6,124,1,1,LEXMOTO ASSAULT 125,4,E01021839,0,-1
2021546012021,2021,546012021,1,3,0,18,19,8,4,0,0,1,0,0,0,0,1,1,6,6,2,17,4,124,1,1,LEXMOTO ASSAULT 125,3,E01015527,0,-1
2021440234606,2021,440234606,1,4,0,9,9,6,4,0,0,8,0,0,0,0,3,1,6,6,1,18,4,124,1,1,LEXMOTO ASSAULT 125,4,E01017263,0,-1
2021440517501,2021,440517501,2,3,0,18,19,1,5,0,0,8,0,0,0,0,1,1,6,6,1,19,4,124,1,1,LEXMOTO ASSAULT 125,4,E01017263,0,-1
2021031055416,2021,031055416,1,3,0,18,19,1,5,0,0,0,0,0,1,9,4,1,1,1,1,17,4,124,1,1,LEXMOTO ASSAULT 125,8,E01019337,0,-1
2021302100328,2021,302100328,1,4,0,13,13,8,4,0,0,1,1,0,0,0,4,1,6,6,1,19,4,124,1,2,LEXMOTO ASSAULT 125,4,E01033171,0,-1
2021122100918,2021,122100918,1,3,0,18,19,5,1,0,0,0,1,0,0,0,2,1,6,6,1,17,4,124,1,5,LEXMOTO ASSAULT 125,10,E01027718,0,-1
2021361109406,2021,361109406,1,3,0,14,14,5,1,0,0,0,2,0,0,0,1,1,2,2,1,28,6,124,1,0,LEXMOTO ASSAULT 125,1,E01026798,0,-1
2021122100508,2021,122100508,1,3,0,17,19,4,1,0,0,1,1,0,0,0,3,1,2,2,2,20,4,124,1,1,LEXMOTO ASSAULT 125,1,E01027817,0,-1
2021221045416,2021,221045416,2,3,0,14,14,8,5,0,0,0,1,0,0,0,1,1,5,6,1,17,4,124,1,0,LEXMOTO ASSAULT 125,7,E01032124,0,-1
2021061029173,2021,061029173,2,3,0,15,15,4,6,0,0,0,0,0,0,0,1,1,6,6,1,30,6,124,1,5,LEXMOTO ASSAULT 125,4,E01005558,0,-1
2021522103881,2021,522103881,1,3,0,18,19,2,6,0,0,0,0,0,0,0,4,1,6,6,1,23,5,124,1,0,LEXMOTO ASSAULT 125,4,E01032516,0,-1
2021221111298,2021,221111298,1,3,0,16,19,1,4,0,0,0,0,0,0,0,1,1,5,6,1,45,7,124,1,1,LEXMOTO ASSAULT 125,5,E01014001,0,-1
2021552100412,2021,552100412,2,3,0,18,19,6,2,0,0,8,1,0,0,0,1,1,6,6,1,19,4,124,1,1,LEXMOTO ASSAULT 125,4,E01020585,0,-1
202154C180221,2021,54C180221,1,3,0,18,19,4,8,0,0,0,1,0,1,0,3,1,2,2,1,21,5,124,1,0,LEXMOTO ASSAULT 125,9,E01031995,0,-1
2021451106554,2021,451106554,2,3,0,18,19,3,7,0,0,8,0,0,0,0,4,1,2,2,1,29,6,124,1,1,LEXMOTO ASSAULT 125,4,E01030805,0,-1
2021041056892,2021,041056892,1,3,0,18,19,1,5,0,0,1,0,0,0,0,1,1,6,6,1,21,5,124,1,1,LEXMOTO ASSAULT 125,1,E01012646,0,-1
2021421018609,2021,421018609,2,3,0,18,19,2,6,0,0,1,0,0,0,0,1,1,6,6,1,46,8,124,1,2,LEXMOTO ASSAULT 125,8,E01021377,0,-1
2021070473653,2021,070473653,2,4,0,18,19,3,7,0,0,1,5,0,0,0,1,1,6,6,1,42,7,124,1,0,LEXMOTO ASSAULT 125,4,E01018672,0,-1
2021421100524,2021,421100524,1,3,0,18,19,3,7,0,0,1,0,0,0,0,1,1,5,6,1,17,4,124,1,0,LEXMOTO ASSAULT 125,8,E01022015,0,-1
2021991096433,2021,991096433,1,3,0,11,11,8,4,0,0,0,2,10,1,0,4,1,6,6,2,25,5,124,1,0,LEXMOTO ASSAULT 125,1,-1,0,-1
2021141063366,2021,141063366,1,3,0,18,19,8,7,0,0,0,0,0,0,0,4,1,6,6,1,19,4,124,1,0,LEXMOTO ASSAULT 125,1,E01007577,0,-1
2021010341526,2021,010341526,1,3,0,18,19,5,1,0,0,3,0,0,0,0,4,1,6,6,1,28,6,124,1,2,LEXMOTO ASSAULT 125,7,E01002514,0,-1
2021421092984,2021,421092984,2,2,0,18,19,3,7,0,0,8,0,0,0,0,1,1,6,6,1,20,4,124,1,1,-1,2,E01015900,0,-1
2021451055431,2021,451055431,1,3,0,3,3,5,1,0,0,0,5,0,0,0,2,1,5,6,1,24,5,124,1,1,LEXMOTO ASSAULT 125,10,E01031649,0,-1
2021311099895,2021,311099895,1,3,0,18,19,1,5,0,0,1,1,0,0,0,1,1,6,6,2,20,4,124,1,5,LEXMOTO ASSAULT 125,2,E01028334,0,-1
2021471032186,2021,471032186,1,3,0,17,19,3,8,0,0,0,2,0,0,0,1,1,2,2,1,19,4,124,1,0,LEXMOTO ASSAULT 125,8,E01021176,0,-1
202154B828821,2021,54B828821,2,3,0,18,19,1,5,0,0,1,0,0,0,0,1,1,6,6,2,17,4,124,1,1,LEXMOTO ASSAULT 125,3,E01015527,0,-1
2021471091986,2021,471091986,2,3,0,18,19,8,4,0,0,0,0,0,0,0,1,1,5,6,1,31,6,124,1,0,LEXMOTO ASSAULT 125,2,E01031819,0,-1
2021201054369,2021,201054369,1,3,0,17,19,2,7,0,0,2,0,10,1,0,0,1,6,6,1,18,4,124,1,1,LEXMOTO ASSAULT 125,1,E01009748,0,-1
2021211111948,2021,211111948,1,3,0,13,13,1,5,0,0,0,0,0,0,0,4,1,5,6,1,18,4,124,1,0,LEXMOTO ASSAULT 125,3,E01010434,0,-1
2021471090210,2021,471090210,2,3,0,18,19,6,2,0,0,0,0,0,0,0,3,1,4,7,1,17,4,124,1,0,LEXMOTO ASSAULT 125,7,E01031423,0,-1
2021471078153,2021,471078153,2,3,0,15,15,6,3,0,0,0,5,0,0,0,1,1,2,2,1,23,5,124,1,0,LEXMOTO ASSAULT 125,2,E01021014,0,-1
2021010308161,2021,010308161,2,3,0,18,19,6,2,0,0,8,0,0,0,0,1,1,6,6,1,25,5,124,1,0,LEXMOTO ASSAULT 125,7,E01032776,0,-1
2021320581639,2021,320581639,1,3,0,16,19,2,4,0,0,0,1,0,1,0,3,1,2,2,1,22,5,124,1,0,LEXMOTO ASSAULT 125,5,E01026100,0,-1
2021440406282,2021,440406282,1,3,0,4,4,4,8,0,0,8,0,0,0,0,1,1,6,6,1,21,5,124,1,1,LEXMOTO ASSAULT 125,4,E01023037,0,-1
2021320740165,2021,320740165,2,3,0,18,19,2,6,0,0,8,5,0,0,0,1,1,6,6,1,17,4,125,1,5,-1,3,E01026227,0,-1
2021461168576,2021,461168576,1,4,0,18,19,1,5,0,0,1,0,0,0,0,4,1,6,6,2,36,7,125,1,3,-1,6,E01032798,0,-1
2021421058156,2021,421058156,1,3,0,16,19,5,1,0,0,2,0,0,0,0,1,1,5,6,1,20,4,125,1,6,-1,4,E01015835,0,-1
2021552100942,2021,552100942,2,3,0,18,19,6,2,0,0,8,0,0,0,0,1,1,6,6,1,19,4,125,1,5,-1,3,E01015415,0,-1
2021501064072,2021,501064072,2,3,0,4,4,1,5,0,0,0,0,0,0,0,1,1,6,6,1,-1,-1,125,1,3,-1,4,E01020292,0,-1
2021471081223,2021,471081223,2,9,0,2,2,0,0,0,0,0,0,0,0,0,0,1,6,6,3,-1,-1,2231,2,15,LEXUS IS 220,-1,-1,0,-1
2021552100448,2021,552100448,1,9,0,18,19,2,6,0,0,1,1,0,0,0,1,1,2,2,1,31,6,2231,2,13,LEXUS IS 220,4,E01020394,0,-1
202134NNC0541,2021,34NNC0541,1,9,0,9,9,6,3,0,0,0,0,0,0,0,1,1,6,6,1,-1,-1,2231,2,14,LEXUS IS 220,5,E01026985,0,-1
2021471021308,2021,471021308,1,9,0,4,4,1,4,0,0,1,0,0,0,0,1,1,6,6,1,32,6,2231,2,14,LEXUS IS 220,9,E01016052,0,-1
2021111034843,2021,111034843,1,9,0,15,15,2,6,0,0,1,2,4,7,0,1,1,5,6,1,37,7,2231,2,15,LEXUS IS 220,1,E01020816,0,-1
2021421036325,2021,421036325,2,9,0,18,19,7,3,0,0,0,0,0,0,0,1,1,6,6,1,64,9,2231,2,12,LEXUS IS 220,3,E01015854,0,-1
2021141127359,2021,141127359,2,9,0,2,2,0,0,0,0,0,0,0,0,0,1,1,6,6,3,-1,-1,2231,2,12,LEXUS IS 220,-1,-1,0,-1
2021122200125,2021,122200125,2,9,0,18,19,7,3,0,0,1,0,0,0,0,1,1,6,6,1,39,7,2231,2,14,LEXUS IS 220,4,E01027706,0,-1
2021361080668,2021,361080668,1,9,0,18,19,3,7,0,0,8,0,0,7,1,1,1,5,6,2,41,7,2231,2,11,LEXUS IS 220,3,E01026799,0,-1
2021161051584,2021,161051584,7,9,0,2,2,0,0,0,0,0,0,0,0,0,2,1,6,6,3,-1,-1,2231,2,15,LEXUS IS 220,-1,-1,0,-1
2021461054741,2021,461054741,1,9,0,5,5,6,3,0,0,1,0,0,0,0,0,1,6,6,1,53,8,2231,2,15,LEXUS IS 220,2,E01024374,0,-1
2021201080310,2021,201080310,2,9,0,18,19,4,8,0,0,0,0,4,0,0,3,1,6,6,1,44,7,2231,2,14,LEXUS IS 220,1,E01033643,0,-1
2021320429175,2021,320429175,1,9,0,18,19,2,4,0,0,8,0,0,1,11,1,1,6,6,1,74,10,2231,2,11,LEXUS IS 220,8,E01026223,0,-1
2021221072222,2021,221072222,1,9,0,2,2,0,0,0,0,0,0,0,0,0,2,1,5,6,1,51,8,2231,2,15,LEXUS IS 220,1,E01009197,0,-1
2021421053850,2021,421053850,2,9,0,16,19,2,6,0,0,0,0,0,1,0,3,1,6,6,1,-1,-1,2231,2,11,LEXUS IS 220,6,E01021373,0,-1
2021010288143,2021,010288143,1,9,0,18,19,5,1,0,0,2,0,10,8,2,1,1,6,6,1,36,7,2231,2,13,LEXUS IS 220,4,E01002641,0,-1
2021501061545,2021,501061545,1,9,0,18,19,7,3,0,0,0,0,0,0,0,1,1,6,6,1,36,7,2231,2,13,LEXUS IS 220,2,E01015171,0,-1
2021622100372,2021,622100372,1,9,0,18,19,7,3,0,0,0,0,0,0,0,1,1,2,2,1,28,6,2231,2,15,LEXUS IS 220,5,W01000747,0,-1
2021552101146,2021,552101146,1,9,0,18,19,6,2,0,0,0,0,0,0,0,1,1,6,6,1,26,6,2231,2,14,LEXUS IS 220,3,E01015283,0,-1
2021010295830,2021,010295830,1,9,0,9,9,6,3,0,0,1,0,0,0,0,0,1,2,2,1,35,6,2231,2,14,LEXUS IS 220,5,E01032789,0,-1
2021991076038,2021,991076038,1,9,0,9,9,1,7,0,0,2,0,0,0,0,1,1,6,6,2,61,9,2231,2,15,LEXUS IS 220,8,-1,0,-1
2021430329751,2021,430329751,1,9,0,1,1,2,6,0,0,1,0,0,0,0,2,1,6,6,1,55,8,2231,2,14,LEXUS IS 220,5,E01016593,0,-1
2021461036851,2021,461036851,1,9,0,18,19,3,7,0,0,0,0,7,1,7,1,1,5,6,1,26,6,2231,2,15,LEXUS IS 220,2,E01024028,0,-1
2021141067227,2021,141067227,2,9,0,18,19,6,2,0,0,8,1,0,1,9,1,1,2,2,1,25,5,2231,2,14,LEXUS IS 220,3,E01007789,0,-1
2021201118399,2021,201118399,1,9,0,5,5,7,3,0,0,0,0,0,0,0,1,1,6,6,1,-1,-1,2231,2,12,LEXUS IS 220,-1,-1,0,-1
2021131110286,2021,131110286,2,9,0,18,19,1,5,0,0,0,0,0,0,0,1,1,5,6,1,20,4,2231,2,15,LEXUS IS 220,1,E01010677,0,-1
2021471121274,2021,471121274,1,9,0,18,19,4,1,0,0,8,5,0,0,0,4,1,2,2,1,37,7,2231,2,14,LEXUS IS 220,-1,-1,0,-1
2021430124763,2021,430124763,2,9,0,9,9,1,7,0,0,8,0,0,0,0,1,1,2,2,1,29,6,2231,2,15,LEXUS IS 220,8,E01015550,0,-1
2021010315094,2021,010315094,2,9,0,9,9,3,1,0,0,8,0,0,0,0,1,1,3,7,2,36,7,2231,2,11,LEXUS IS 220,3,E01001467,0,-1
2021522201514,2021,522201514,1,9,0,18,19,1,5,0,0,0,0,0,1,0,1,1,6,6,1,23,5,2231,2,11,LEXUS IS 220,2,E01018984,0,-1
2021031165514,2021,031165514,2,9,0,4,4,5,7,0,0,1,0,0,0,0,1,1,2,2,1,29,6,2231,2,14,LEXUS IS 220,1,E01019197,0,-1
2021061039089,2021,061039089,3,9,0,2,2,1,1,9,9,2,0,0,0,0,4,1,6,6,3,-1,-1,2231,2,14,LEXUS IS 220,-1,-1,0,-1
2021552101289,2021,552101289,2,9,0,14,14,5,1,0,0,0,0,0,0,0,0,1,6,6,2,34,6,2231,2,13,LEXUS IS 220,5,E01015374,0,-1
2021201117121,2021,201117121,2,9,0,18,19,5,1,0,0,0,0,0,0,0,2,1,6,6,1,48,8,2231,2,14,LEXUS IS 220,6,E01009598,0,-1
2021430062797,2021,430062797,1,9,0,18,19,4,8,0,0,5,0,0,0,0,1,1,6,6,1,37,7,2231,2,13,LEXUS IS 220,4,E01028532,0,-1
2021010291065,2021,010291065,1,9,0,99,99,9,9,99,99,0,9,99,9,99,2,9,2,2,1,55,8,2231,2,13,LEXUS IS 220,4,E01031610,0,-1
2021010305598,2021,010305598,2,9,0,99,99,9,9,99,99,9,9,99,9,99,9,9,6,6,3,-1,-1,2231,2,11,LEXUS IS 220,-1,-1,0,-1
2021411022404,2021,411022404,1,9,0,4,4,6,2,0,0,0,0,0,0,0,2,1,6,6,2,38,7,2231,2,14,LEXUS IS 220,10,E01023839,0,-1
2021131045436,2021,131045436,2,9,0,18,19,3,7,0,0,0,5,0,4,2,4,1,2,2,1,45,7,2231,2,14,LEXUS IS 220,4,E01011489,0,-1
2021010317380,2021,010317380,2,19,0,18,19,7,3,0,0,3,0,0,0,0,2,1,2,2,1,59,9,1461,2,3,MERCEDES CITAN,3,E01016059,0,-1
2021161080448,2021,161080448,2,19,0,18,19,3,7,0,0,0,0,0,0,0,2,1,1,1,1,26,6,1461,2,5,MERCEDES CITAN,5,E01013308,0,-1
2021991015625,2021,991015625,1,19,0,9,9,4,2,0,0,8,0,0,0,0,1,1,1,1,1,49,8,1461,2,3,MERCEDES CITAN,4,-1,0,-1
2021010346397,2021,010346397,1,19,3,5,5,2,6,0,0,5,0,0,0,0,1,1,1,1,1,29,6,1461,2,4,MERCEDES CITAN,9,E01000754,0,-1
2021221108633,2021,221108633,2,19,0,4,4,8,4,7,6,0,0,0,0,0,2,1,2,2,1,48,8,1461,2,6,MERCEDES CITAN,5,E01032414,0,-1
2021010295609,2021,010295609,1,19,0,9,9,7,5,0,0,5,0,0,1,0,2,1,1,1,2,71,10,1461,2,3,MERCEDES CITAN,2,E01001947,0,-1
2021101035191,2021,101035191,1,8,-1,-1,-1,-1,-1,-1,-1,-1,-1,-1,-1,0,-1,1,1,1,1,59,9,1461,2,6,MERCEDES CITAN,3,E01008533,0,-1
2021010288578,2021,010288578,2,19,0,5,5,6,2,0,0,1,0,0,0,0,3,1,1,1,1,31,6,1461,2,4,MERCEDES CITAN,7,E01000734,0,-1
202131C033221,2021,31C033221,1,19,0,18,19,6,2,0,0,2,0,0,0,0,1,1,1,1,1,57,9,1461,2,1,MERCEDES CITAN,8,E01013580,0,-1
2021520102195,2021,520102195,2,19,0,4,4,2,6,0,0,0,0,0,0,0,1,1,6,6,1,51,8,1461,2,4,MERCEDES CITAN,2,W01001633,0,-1
2021070811242,2021,070811242,2,19,0,2,2,0,0,0,0,0,0,0,0,0,2,1,1,1,1,26,6,1461,2,5,MERCEDES CITAN,-1,-1,0,-1
2021501143214,2021,501143214,2,19,0,4,4,4,8,0,0,0,0,0,0,0,2,1,1,1,1,30,6,1461,2,0,MERCEDES CITAN,5,E01015237,0,-1
2021471096148,2021,471096148,3,19,0,18,19,4,8,0,0,0,0,0,1,4,3,1,5,6,1,65,9,1461,2,6,MERCEDES CITAN,9,E01024834,0,-1
2021201064231,2021,201064231,2,19,0,4,4,1,5,0,0,0,0,0,0,0,2,1,1,1,1,39,7,1461,2,5,MERCEDES CITAN,4,E01032445,0,-1
2021111105965,2021,111105965,1,19,0,18,19,5,1,0,0,0,0,0,0,0,1,1,2,2,1,29,6,1461,2,7,MERCEDES CITAN,10,E01008784,0,-1
2021010347711,2021,010347711,2,19,0,18,19,5,1,0,0,1,0,0,0,0,2,1,1,1,1,20,4,1461,2,1,MERCEDES CITAN,7,E01003039,0,-1
2021991104227,2021,991104227,2,8,0,3,3,4,8,0,0,2,0,4,0,0,2,1,1,1,1,46,8,1461,2,2,MERCEDES CITAN,1,-1,0,-1
2021991020880,2021,991020880,1,19,0,18,19,8,4,0,0,0,0,4,0,0,1,1,1,1,1,64,9,1461,2,3,MERCEDES CITAN,2,-1,0,-1
2021302100069,2021,302100069,1,19,0,4,4,3,7,0,0,0,0,0,0,0,2,1,1,1,1,27,6,1461,2,4,MERCEDES CITAN,-1,-1,0,-1
2021010299782,2021,010299782,2,19,0,99,99,9,9,99,99,1,9,99,9,99,1,9,6,6,3,39,7,1461,2,6,MERCEDES CITAN,2,E01003507,0,-1
2021010297233,2021,010297233,2,19,0,3,3,7,3,0,0,2,0,0,0,0,2,1,1,1,1,43,7,1461,2,4,MERCEDES CITAN,10,E01031729,0,-1
202131B068521,2021,31B068521,2,19,0,3,3,4,8,0,0,0,0,0,0,0,3,1,2,2,1,39,7,1461,2,2,MERCEDES CITAN,10,E01028181,0,-1
2021010350163,2021,010350163,2,19,0,99,99,9,9,99,99,9,9,99,9,99,2,9,6,6,3,33,6,1461,2,2,MERCEDES CITAN,-1,-1,0,-1
2021010299466,2021,010299466,2,19,0,99,99,9,9,99,99,9,9,99,9,99,2,9,6,6,3,48,8,1461,2,3,MERCEDES CITAN,5,E01000519,0,-1
2021010298046,2021,010298046,1,19,0,18,19,3,7,0,0,8,0,0,0,0,1,1,2,2,1,51,8,1461,2,4,MERCEDES CITAN,4,E01001686,0,-1
2021991051985,2021,991051985,2,19,0,3,3,3,7,0,0,1,0,0,0,0,2,1,6,6,1,44,7,1461,2,5,MERCEDES CITAN,-1,-1,0,-1
2021471104049,2021,471104049,2,19,0,18,19,4,8,0,0,1,0,0,0,0,1,1,2,2,1,39,7,1461,2,3,MERCEDES CITAN,-1,-1,0,-1
2021421051523,2021,421051523,1,19,0,4,4,4,4,0,0,0,0,0,0,0,1,1,1,1,1,21,5,1461,2,2,MERCEDES CITAN,4,E01015907,0,-1