collision_index,collision_year,collision_ref_no,vehicle_reference,vehicle_type,towing_and_articulation,vehicle_manoeuvre_historic,vehicle_manoeuvre,vehicle_direction_from,vehicle_direction_to,vehicle_location_restricted_lane_historic,vehicle_location_restricted_lane,junction_location,skidding_and_overturning,hit_object_in_carriageway,vehicle_leaving_carriageway,hit_object_off_carriageway,first_point_of_impact,vehicle_left_hand_drive,journey_purpose_of_driver_historic,journey_purpose_of_driver,sex_of_driver,age_of_driver,age_band_of_driver,engine_capacity_cc,propulsion_code,age_of_vehicle,generic_make_model,driver_imd_decile,lsoa_of_driver,escooter_flag,driver_distance_banding
2021471097112,2021,471097112,1,19,0,1,1,7,3,0,0,0,0,0,0,0,2,1,1,1,1,75,10,1461,2,7,MERCEDES CITAN,5,E01031771,0,-1
2021991119091,2021,991119091,1,8,0,9,9,6,1,0,0,8,0,0,0,0,1,1,5,6,1,71,10,1461,2,2,MERCEDES CITAN,1,-1,0,-1
2021010307682,2021,010307682,2,19,0,5,5,3,7,0,0,0,0,0,0,0,4,1,6,6,3,-1,-1,1461,2,5,MERCEDES CITAN,-1,-1,0,-1
2021991096549,2021,991096549,1,8,0,5,5,6,1,0,0,6,0,0,0,0,4,2,1,1,1,21,5,1461,2,4,MERCEDES CITAN,1,-1,0,-1
202131B088221,2021,31B088221,2,19,0,2,2,0,0,6,6,0,0,0,0,0,2,1,1,1,1,40,7,1461,2,5,MERCEDES CITAN,7,E01007381,0,-1
2021991150420,2021,991150420,1,8,0,5,5,7,3,0,0,2,0,0,0,0,0,1,1,1,1,37,7,1461,2,3,MERCEDES CITAN,8,-1,0,-1
2021010315115,2021,010315115,1,19,0,99,99,9,9,99,99,9,9,99,9,99,9,9,6,6,1,31,6,1461,2,1,MERCEDES CITAN,2,E01001151,0,-1
2021451023825,2021,451023825,1,19,0,18,19,5,1,0,0,0,0,0,0,0,3,1,1,1,1,43,7,1461,2,1,MERCEDES CITAN,10,E01030377,0,-1
2021031074692,2021,031074692,1,19,0,18,19,1,5,0,0,0,0,0,1,0,1,1,5,6,1,32,6,1461,2,6,MERCEDES CITAN,8,E01032121,0,-1
2021421076458,2021,421076458,2,8,0,3,3,1,5,0,0,1,0,0,0,0,2,1,1,1,2,55,8,1461,2,7,MERCEDES CITAN,4,E01021894,0,-1
2021531108745,2021,531108745,1,19,0,18,19,8,4,0,0,6,0,0,0,0,4,1,2,2,1,56,9,1461,2,0,MERCEDES CITAN,6,E01022253,0,-1
2021111033314,2021,111033314,2,19,0,18,19,1,5,0,0,1,0,0,0,0,1,1,5,6,1,58,9,1461,2,5,MERCEDES CITAN,5,E01020772,0,-1
202131B144621,2021,31B144621,1,19,0,9,9,4,2,0,0,5,0,0,0,0,1,1,6,6,1,49,8,1461,2,4,MERCEDES CITAN,3,E01032242,0,-1
2021546457221,2021,546457221,1,19,0,18,19,7,3,0,0,0,0,0,0,0,1,1,1,1,1,29,6,1461,2,3,MERCEDES CITAN,6,E01018496,0,-1
2021421086872,2021,421086872,1,19,0,18,19,4,8,0,0,1,0,0,0,0,1,1,6,6,3,-1,-1,1461,2,7,MERCEDES CITAN,-1,-1,0,-1
202163D038721,2021,63D038721,1,19,0,18,19,6,2,0,0,0,0,0,1,0,4,1,6,6,1,58,9,1461,2,7,MERCEDES CITAN,6,E01028975,0,-1
2021010325188,2021,010325188,1,20,0,99,99,9,9,99,99,9,9,99,9,99,9,9,2,2,1,47,8,1461,2,3,MERCEDES CITAN,3,E01000973,0,-1
2021461057736,2021,461057736,1,19,0,11,11,6,2,0,0,0,0,0,0,0,4,1,1,1,1,19,4,1461,2,4,MERCEDES CITAN,9,E01024056,0,-1
2021111040733,2021,111040733,1,19,0,12,12,5,5,0,0,0,0,0,0,0,1,1,1,1,1,62,9,1461,2,2,MERCEDES CITAN,8,E01020862,0,-1
2021371085007,2021,371085007,1,19,0,15,15,2,6,0,0,1,0,0,0,0,4,1,5,6,1,38,7,1461,2,8,MERCEDES CITAN,7,E01029913,0,-1
2021010317124,2021,010317124,2,9,0,3,3,5,1,0,0,1,0,0,0,0,3,1,6,6,2,21,5,1950,2,2,MERCEDES GLE CLASS,4,E01002593,0,-1
2021010332640,2021,010332640,1,9,0,2,2,0,0,0,0,1,0,4,0,0,4,1,6,6,3,-1,-1,2987,2,4,MERCEDES GLE CLASS,-1,-1,0,-1
2021461035808,2021,461035808,1,9,0,11,11,7,3,0,0,0,0,0,0,0,4,1,6,6,1,40,7,2925,2,2,MERCEDES GLE CLASS,7,E01033733,0,-1
2021411078590,2021,411078590,3,9,0,2,2,0,0,0,0,1,0,0,0,0,1,1,6,6,3,-1,-1,2987,2,5,MERCEDES GLE CLASS,-1,-1,0,-1
2021501040046,2021,501040046,2,9,0,18,19,6,2,0,0,0,0,0,0,0,3,1,6,6,2,40,7,2987,2,5,MERCEDES GLE CLASS,7,E01019942,0,-1
2021451097489,2021,451097489,2,9,0,5,5,7,4,0,0,8,0,0,0,0,2,1,5,6,2,50,8,2925,2,0,MERCEDES GLE CLASS,7,E01030956,0,-1
2021201059503,2021,201059503,1,9,0,18,19,-1,-1,0,0,2,0,0,0,0,1,1,6,6,1,-1,-1,2999,1,2,MERCEDES GLE CLASS,-1,-1,0,-1
2021401044456,2021,401044456,1,9,0,15,15,1,5,0,0,0,0,0,0,0,4,1,6,6,3,-1,-1,1950,2,1,MERCEDES GLE CLASS,-1,-1,0,-1
2021430267532,2021,430267532,3,9,0,4,4,4,8,0,0,0,0,0,4,6,1,1,6,6,1,29,6,1950,2,2,MERCEDES GLE CLASS,3,E01002521,0,-1
2021010328140,2021,010328140,1,9,0,2,2,0,0,0,0,1,0,0,0,0,0,1,6,6,3,-1,-1,1950,2,2,MERCEDES GLE CLASS,-1,-1,0,-1
2021111033363,2021,111033363,1,9,0,1,1,2,6,0,0,1,0,0,0,0,2,1,6,6,1,45,7,2143,2,3,MERCEDES GLE CLASS,-1,-1,0,-1
2021221070828,2021,221070828,1,9,0,9,9,3,1,0,0,5,0,0,7,11,2,1,5,6,1,47,8,2143,2,3,MERCEDES GLE CLASS,4,E01031087,0,-1
2021010348078,2021,010348078,1,9,0,5,5,7,3,0,0,6,0,12,2,2,1,1,6,6,2,70,10,2987,2,5,MERCEDES GLE CLASS,5,E01000140,0,-1
2021461114013,2021,461114013,2,9,0,18,19,7,3,0,0,1,0,0,0,0,4,1,6,6,2,-1,-1,2143,2,5,MERCEDES GLE CLASS,10,E01024453,0,-1
202134NNC7141,2021,34NNC7141,1,9,0,18,19,7,3,0,0,6,0,0,0,0,1,1,6,6,1,51,8,2143,2,3,MERCEDES GLE CLASS,10,E01025797,0,-1
2021010321211,2021,010321211,1,9,0,9,9,1,7,0,0,1,0,0,0,0,3,1,6,6,2,43,7,2987,2,3,MERCEDES GLE CLASS,3,E01000742,0,-1
2021421032260,2021,421032260,1,9,0,1,1,1,5,0,0,0,0,0,0,0,2,1,6,6,1,28,6,2143,2,4,MERCEDES GLE CLASS,5,E01021800,0,-1
2021010335087,2021,010335087,4,9,0,2,2,0,0,0,0,3,0,0,0,0,2,1,6,6,3,-1,-1,2143,2,3,MERCEDES GLE CLASS,-1,-1,0,-1
2021371017004,2021,371017004,1,9,5,18,19,5,1,0,0,0,0,0,0,0,1,1,5,6,2,38,7,2143,2,3,MERCEDES GLE CLASS,7,E01029875,0,-1
2021010315077,2021,010315077,2,9,0,17,19,5,1,0,0,4,0,0,0,0,1,1,6,6,1,27,6,2143,2,3,MERCEDES GLE CLASS,6,E01002336,0,-1
2021991082974,2021,991082974,2,9,0,18,19,4,8,0,0,0,2,0,0,0,1,1,5,6,1,61,9,1950,2,1,MERCEDES GLE CLASS,10,E01008557,0,-1
2021430510911,2021,430510911,2,9,0,18,19,6,2,0,0,8,0,0,0,0,1,1,1,1,1,41,7,2925,2,0,MERCEDES GLE CLASS,8,E01016774,0,-1
2021122100043,2021,122100043,1,9,0,18,19,5,1,0,0,0,2,0,1,4,3,1,1,1,1,29,6,2987,2,3,MERCEDES GLE CLASS,4,E01021274,0,-1
2021622100965,2021,622100965,2,9,0,3,3,5,1,0,0,1,0,0,0,0,2,1,6,6,1,51,8,2143,2,5,MERCEDES GLE CLASS,8,W01000796,0,-1
2021411110632,2021,411110632,1,9,0,4,4,2,6,0,0,0,0,0,0,0,2,1,6,6,1,63,9,2987,2,5,MERCEDES GLE CLASS,8,E01023576,0,-1
2021010341127,2021,010341127,2,9,0,99,99,9,9,99,99,0,9,99,9,99,3,9,6,6,3,-1,-1,2987,2,5,MERCEDES GLE CLASS,-1,-1,0,-1
2021138220017,2021,138220017,1,9,0,18,19,5,8,0,0,0,0,0,7,0,1,1,6,6,1,34,6,2987,2,6,MERCEDES GLE CLASS,7,E01010879,0,-1
2021010292129,2021,010292129,2,9,0,99,99,9,9,99,99,9,9,99,9,99,1,9,6,6,3,-1,-1,2987,2,4,MERCEDES GLE CLASS,-1,-1,0,-1
2021010300755,2021,010300755,2,9,0,18,19,7,3,0,0,5,0,0,0,0,4,1,6,6,1,60,9,2143,2,5,MERCEDES GLE CLASS,6,E01001016,0,-1
2021010288114,2021,010288114,1,9,0,18,19,3,7,99,99,1,9,0,0,0,4,1,6,6,1,22,5,2143,2,3,MERCEDES GLE CLASS,1,E01002280,0,-1
2021201046888,2021,201046888,1,9,0,18,19,1,5,0,0,3,0,0,0,0,1,1,6,6,1,45,7,2925,2,2,MERCEDES GLE CLASS,9,E01029677,0,-1
2021061122290,2021,061122290,1,9,0,16,19,7,3,9,9,1,0,0,7,10,1,1,6,6,1,16,4,1950,2,1,MERCEDES GLE CLASS,1,E01005680,0,-1
2021371035564,2021,371035564,1,9,0,18,19,5,1,0,0,1,0,0,0,0,1,1,6,6,1,43,7,2143,2,5,MERCEDES GLE CLASS,5,E01030176,0,-1
2021010304354,2021,010304354,1,9,0,18,19,5,1,0,0,1,0,0,0,0,4,1,6,6,1,41,7,1950,2,1,MERCEDES GLE CLASS,2,E01000078,0,-1
2021440467544,2021,440467544,1,9,0,2,2,0,0,0,0,0,0,0,0,0,3,1,6,6,1,29,6,2987,2,6,MERCEDES GLE CLASS,9,E01032674,0,-1
2021010323396,2021,010323396,2,9,0,99,99,9,9,99,99,9,9,99,9,99,9,9,6,6,3,31,6,2987,2,5,MERCEDES GLE CLASS,-1,-1,0,-1
2021401068412,2021,401068412,1,9,-1,-1,-1,-1,-1,-1,-1,1,-1,-1,-1,0,-1,1,6,6,1,60,9,2987,2,5,MERCEDES GLE CLASS,10,E01017456,0,-1
2021991117628,2021,991117628,3,9,0,18,19,3,7,0,0,1,0,0,0,0,1,1,5,6,1,32,6,1950,2,2,MERCEDES GLE CLASS,4,-1,0,-1
2021010339291,2021,010339291,2,9,0,99,99,9,9,0,0,9,0,0,0,0,3,9,6,6,3,-1,-1,1950,2,0,MERCEDES GLE CLASS,-1,-1,0,-1
2021041024782,2021,041024782,1,9,0,18,19,5,1,0,0,1,0,0,0,0,2,1,6,6,1,59,9,2987,2,3,MERCEDES GLE CLASS,9,E01006362,0,-1
2021451055233,2021,451055233,2,9,0,18,19,5,6,0,0,4,0,0,0,0,4,1,6,6,2,44,7,2143,2,3,MERCEDES GLE CLASS,10,E01030328,0,-1
202106X078910,2021,06X078910,1,9,0,6,6,6,6,0,0,1,0,0,7,0,1,1,1,1,1,40,7,2143,2,5,MERCEDES GLE CLASS,10,E01018584,0,-1
2021201051405,2021,201051405,1,9,0,10,10,4,2,0,0,8,0,0,0,0,2,1,2,2,2,35,6,1950,2,2,MERCEDES GLE CLASS,1,E01008918,0,-1
2021211100733,2021,211100733,1,9,0,18,19,5,1,0,0,0,0,0,0,0,4,1,6,6,1,26,6,1950,2,0,MERCEDES GLE CLASS,4,E01017724,0,-1
2021401040017,2021,401040017,3,9,0,2,2,0,0,0,0,0,0,0,0,0,1,1,5,6,2,45,7,2987,2,4,MERCEDES GLE CLASS,7,E01017437,0,-1
2021010342675,2021,010342675,2,9,0,9,9,6,3,0,0,5,0,0,0,0,3,1,6,6,1,47,8,2987,2,2,MERCEDES GLE CLASS,9,E01024440,0,-1
2021070067596,2021,070067596,2,9,0,18,19,1,5,0,0,2,1,0,0,0,1,1,1,1,1,47,8,2143,2,4,MERCEDES GLE CLASS,9,E01005927,0,-1
2021421042415,2021,421042415,1,9,0,13,13,2,6,0,0,2,0,0,0,0,1,1,6,6,1,-1,-1,2987,2,3,MERCEDES GLE CLASS,-1,-1,0,-1
202163A054321,2021,63A054321,2,9,0,2,2,0,0,0,0,0,0,0,0,0,3,1,6,6,2,-1,-1,2987,2,4,MERCEDES GLE CLASS,8,W01000680,0,-1
2021131063160,2021,131063160,1,9,0,18,19,1,5,0,0,0,0,0,2,11,4,1,1,1,1,44,7,2999,8,1,MERCEDES GLE CLASS,10,E01011711,0,-1
2021201088596,2021,201088596,1,9,0,1,1,8,4,0,0,0,0,0,0,0,2,1,6,6,3,-1,-1,2987,2,5,MERCEDES GLE CLASS,-1,-1,0,-1
2021070635436,2021,070635436,1,9,0,18,19,1,5,0,0,0,0,0,0,0,1,1,6,6,3,-1,-1,2999,1,1,MERCEDES GLE CLASS,9,E01025175,0,-1
2021461031865,2021,461031865,1,9,0,9,9,3,7,0,0,2,0,0,0,0,3,1,6,6,1,45,7,2987,2,3,MERCEDES GLE CLASS,10,E01024320,0,-1
2021010304704,2021,010304704,2,9,0,99,99,9,9,99,99,9,9,99,9,99,1,9,6,6,3,36,7,2143,2,4,MERCEDES GLE CLASS,3,E01002079,0,-1
2021010302550,2021,010302550,2,9,0,4,4,7,3,0,0,1,0,0,0,0,1,1,6,6,1,36,7,2987,2,3,MERCEDES GLE CLASS,10,E01002191,0,-1
2021451077956,2021,451077956,1,9,0,17,19,8,3,0,0,8,0,0,0,0,1,1,5,6,1,45,7,2143,2,4,MERCEDES GLE CLASS,9,E01030446,0,-1
2021451039716,2021,451039716,1,9,0,9,9,3,3,0,0,1,0,0,0,0,1,1,4,7,2,37,7,1950,12,0,MERCEDES GLE CLASS,10,E01030468,0,-1
2021421104118,2021,421104118,3,9,0,18,19,2,8,0,0,3,0,0,0,0,1,1,5,6,2,45,7,1950,2,2,MERCEDES GLE CLASS,-1,-1,0,-1
2021430424051,2021,430424051,1,9,0,10,10,7,3,0,0,8,0,0,0,0,1,1,6,6,1,49,8,2925,2,2,MERCEDES GLE CLASS,-1,-1,0,-1
2021131042985,2021,131042985,2,9,0,18,19,5,1,0,0,0,1,0,0,0,1,2,5,6,1,54,8,2925,2,1,MERCEDES GLE CLASS,7,E01011942,0,-1
2021141022568,2021,141022568,2,9,0,3,3,1,5,0,0,2,0,0,0,0,2,1,5,6,1,60,9,2925,2,1,MERCEDES GLE CLASS,7,E01007778,0,-1
2021501092023,2021,501092023,2,9,0,5,5,3,5,0,0,0,0,0,0,0,4,1,5,6,1,48,8,2925,2,0,MERCEDES GLE CLASS,9,E01017603,0,-1
2021201138938,2021,201138938,1,9,0,7,7,7,2,0,0,6,0,0,0,0,4,1,1,1,1,-1,-1,1950,2,0,MERCEDES GLE CLASS,4,E01033559,0,-1
2021622100763,2021,622100763,2,9,0,18,19,2,6,0,0,1,0,0,0,0,3,1,1,1,1,52,8,2925,2,0,MERCEDES GLE CLASS,10,W01001731,0,-1
2021440265542,2021,440265542,1,9,0,18,19,6,2,0,0,0,1,0,0,0,3,1,6,6,1,58,9,1950,12,0,MERCEDES GLE CLASS,5,E01031501,0,-1
2021010325433,2021,010325433,2,9,9,99,99,9,9,99,99,9,9,99,9,99,1,9,6,6,3,-1,-1,2987,2,6,MERCEDES GLE CLASS,-1,-1,0,-1
2021552101118,2021,552101118,2,9,0,13,13,2,6,0,0,0,0,0,1,10,4,1,6,6,1,50,8,2925,2,0,MERCEDES GLE CLASS,8,E01031698,0,-1
2021010328062,2021,010328062,1,9,0,7,7,7,2,0,0,8,0,0,0,0,1,1,2,2,1,52,8,2996,8,5,MERCEDES GLE CLASS,4,E01000170,0,-1
2021010344256,2021,010344256,2,9,0,99,99,9,9,0,0,4,0,0,0,0,2,9,2,2,2,42,7,2143,2,6,MERCEDES GLE CLASS,8,E01002289,0,-1
2021010314910,2021,010314910,2,9,0,4,4,4,8,0,0,1,0,0,0,0,2,1,6,6,1,50,8,2987,2,4,MERCEDES GLE CLASS,4,E01000999,0,-1
2021231035800,2021,231035800,2,9,0,4,4,6,2,0,0,0,0,0,0,0,2,1,5,6,2,60,9,2987,2,3,MERCEDES GLE CLASS,8,E01029652,0,-1
2021461106943,2021,461106943,2,9,0,9,9,5,3,0,0,1,0,0,0,0,3,1,2,2,2,46,8,2987,2,3,MERCEDES GLE CLASS,10,E01024838,0,-1
202131A176121,2021,31A176121,2,9,0,18,19,2,6,0,0,0,1,0,1,9,3,1,6,6,2,61,9,2987,2,5,MERCEDES GLE CLASS,4,E01027950,0,-1
2021211129936,2021,211129936,1,9,-1,-1,-1,6,2,-1,-1,-1,-1,-1,-1,0,-1,1,6,6,2,28,6,2987,2,4,MERCEDES GLE CLASS,9,E01033257,0,-1
2021231124637,2021,231124637,1,9,0,18,19,3,7,0,0,8,0,0,0,0,1,1,6,6,2,53,8,1950,2,0,MERCEDES GLE CLASS,8,E01009669,0,-1
2021010306356,2021,010306356,1,9,0,1,1,3,7,4,4,6,0,0,0,0,0,1,6,6,1,44,7,2143,2,3,MERCEDES GLE CLASS,3,E01004373,0,-1
2021041088899,2021,041088899,1,9,0,9,9,7,1,0,0,8,0,0,0,0,1,1,5,6,1,24,5,2987,2,3,MERCEDES GLE CLASS,5,E01025288,0,-1
2021221151526,2021,221151526,1,9,0,18,19,5,1,0,0,3,0,0,0,0,1,1,5,6,1,57,9,2143,2,3,MERCEDES GLE CLASS,9,E01021285,0,-1
2021061047815,2021,061047815,2,9,0,2,2,1,5,0,0,0,0,0,0,0,3,1,6,6,1,33,6,2143,2,3,MERCEDES GLE CLASS,9,E01005776,0,-1
2021010345613,2021,010345613,3,9,0,2,2,0,0,0,0,1,0,0,0,0,2,1,6,6,3,-1,-1,2143,2,4,MERCEDES GLE CLASS,-1,-1,0,-1
2021371100270,2021,371100270,2,9,0,18,19,3,7,0,0,0,0,0,0,0,4,1,1,1,1,39,7,2987,2,3,MERCEDES GLE CLASS,2,E01010406,0,-1
2021451036989,2021,451036989,2,9,0,18,19,3,7,0,0,0,0,0,0,0,4,1,6,6,1,49,8,2987,2,5,MERCEDES GLE CLASS,10,E01030792,0,-1
2021010306393,2021,010306393,1,9,0,18,19,8,4,0,0,0,0,0,2,7,1,1,6,6,1,39,7,2987,2,2,MERCEDES GLE CLASS,5,E01002371,0,-1
2021201020211,2021,201020211,2,9,0,10,10,2,8,0,0,1,0,0,0,0,1,1,3,7,1,-1,-1,2143,2,4,MERCEDES GLE CLASS,8,E01010389,0,-1
2021991054060,2021,991054060,2,9,0,4,4,4,8,0,0,0,0,0,0,0,2,1,6,6,1,59,9,2925,2,2,MERCEDES GLE CLASS,2,-1,0,-1
2021440075041,2021,440075041,2,9,0,2,2,0,0,0,0,0,0,0,0,0,2,1,6,6,3,-1,-1,2143,2,4,MERCEDES GLE CLASS,-1,-1,0,-1
2021461101240,2021,461101240,3,9,0,10,10,3,7,0,0,1,0,0,0,0,1,1,6,6,2,42,7,2987,2,3,MERCEDES GLE CLASS,6,E01024555,0,-1
2021122101065,2021,122101065,1,9,0,16,19,8,5,0,0,0,2,0,0,0,4,1,6,6,1,73,10,1100,1,-1,-1,10,E01010180,0,-1
2021321071549,2021,321071549,2,5,0,13,13,3,7,0,0,1,0,0,7,0,1,1,6,6,1,65,9,850,1,51,-1,6,E01013267,0,-1
202134NNC3071,2021,34NNC3071,2,9,0,4,4,3,7,0,0,0,0,0,0,0,2,1,6,6,2,60,9,1199,1,19,-1,3,E01026959,0,-1
2021622100773,2021,622100773,1,90,0,18,19,7,3,0,0,0,0,0,0,0,1,1,6,6,2,48,8,493,1,5,-1,2,W01000940,0,-1
2021201053259,2021,201053259,2,21,0,18,19,1,2,0,0,3,0,0,0,0,1,1,1,1,1,67,10,12777,2,1,RENAULT TRUCKS Model Missing,6,E01009976,0,-1
2021351103150,2021,351103150,1,21,1,7,7,4,8,0,0,0,0,0,0,0,4,1,1,1,1,60,9,12777,2,1,RENAULT TRUCKS Model Missing,3,E01010244,0,-1
2021061093410,2021,061093410,1,21,0,18,19,8,4,0,0,8,0,0,0,0,3,1,6,6,1,38,7,10837,2,5,RENAULT TRUCKS Model Missing,1,E01012631,0,-1
2021070566609,2021,070566609,1,20,0,1,1,4,8,0,0,0,0,0,0,0,2,1,6,6,1,-1,-1,4764,2,8,RENAULT TRUCKS Model Missing,-1,-1,0,-1
2021161032432,2021,161032432,1,21,0,17,19,3,8,0,0,0,5,0,1,7,4,1,1,1,1,41,7,10837,2,5,RENAULT TRUCKS Model Missing,7,E01013295,0,-1
2021141101731,2021,141101731,4,21,0,18,19,3,7,0,0,0,0,0,0,0,0,1,6,6,3,-1,-1,12777,2,2,RENAULT TRUCKS Model Missing,-1,-1,0,-1
2021421084036,2021,421084036,2,21,1,18,19,5,2,0,0,1,0,0,0,0,1,1,1,1,1,51,8,10837,2,2,RENAULT TRUCKS Model Missing,5,E01026487,0,-1
2021061028872,2021,061028872,3,98,0,18,19,0,0,0,0,2,0,0,0,0,2,1,6,6,1,42,7,4764,2,12,-1,8,E01006299,0,-1
2021041109416,2021,041109416,1,21,0,11,11,1,1,0,0,1,0,0,0,0,1,1,1,1,1,35,6,10837,2,1,RENAULT TRUCKS Model Missing,1,E01025186,0,-1
2021122100799,2021,122100799,2,21,0,13,13,2,6,0,0,0,0,0,0,0,3,1,1,1,1,29,6,10837,2,3,RENAULT TRUCKS Model Missing,2,E01027749,0,-1
2021430312079,2021,430312079,2,21,0,7,7,5,6,0,0,3,0,0,0,0,1,1,1,1,1,48,8,12777,2,0,RENAULT TRUCKS Model Missing,8,E01021350,0,-1
2021411104975,2021,411104975,4,21,1,18,19,5,1,0,0,0,0,0,0,0,3,1,1,1,1,31,6,10837,2,2,RENAULT TRUCKS Model Missing,4,E01000618,0,-1
2021101096498,2021,101096498,1,21,0,18,19,7,3,0,0,0,0,0,0,0,0,1,1,1,3,21,5,10837,2,2,RENAULT TRUCKS Model Missing,-1,-1,0,-1
2021052102592,2021,052102592,1,98,1,18,19,7,3,0,0,0,0,0,0,0,1,1,1,1,1,30,6,10837,2,5,-1,-1,-1,0,-1
2021501111489,2021,501111489,2,21,4,18,19,1,5,0,0,0,0,0,0,0,2,1,1,1,1,36,7,10837,2,9,RENAULT TRUCKS Model Missing,1,E01018933,0,-1
2021371060765,2021,371060765,1,21,-1,18,19,3,7,0,0,0,0,0,0,0,1,1,1,1,1,-1,-1,10837,2,10,RENAULT TRUCKS Model Missing,4,E01022033,0,-1
2021351014411,2021,351014411,1,21,1,18,19,7,3,0,0,1,0,0,0,0,1,1,1,1,1,23,5,12777,2,2,RENAULT TRUCKS Model Missing,5,E01013612,0,-1
2021371069269,2021,371069269,2,21,0,18,19,7,3,0,0,2,0,0,0,0,0,1,1,1,1,-1,-1,10837,2,2,RENAULT TRUCKS Model Missing,1,E01029980,0,-1
2021320727628,2021,320727628,2,21,0,18,19,8,3,0,0,8,0,0,1,0,1,1,1,1,1,58,9,12777,2,1,RENAULT TRUCKS Model Missing,1,E01019248,0,-1
2021440310442,2021,440310442,2,21,0,9,9,7,5,0,0,3,0,0,0,0,3,1,1,1,1,36,7,10837,2,8,RENAULT TRUCKS Model Missing,8,E01023165,0,-1
2021351062135,2021,351062135,1,21,1,18,19,5,1,0,0,0,0,2,1,0,1,1,1,1,1,30,6,12780,2,12,RENAULT TRUCKS Model Missing,4,E01026268,0,-1
2021161122014,2021,161122014,5,21,0,18,19,1,5,0,0,0,0,1,0,0,3,1,1,1,1,54,8,10837,2,1,RENAULT TRUCKS Model Missing,6,E01012979,0,-1
2021211133571,2021,211133571,2,21,0,4,4,4,8,0,0,0,0,0,0,0,2,1,1,1,2,42,7,10837,2,5,RENAULT TRUCKS Model Missing,2,E01024398,0,-1
2021440079413,2021,440079413,3,20,0,4,4,3,7,0,0,1,0,0,0,0,1,1,6,6,1,-1,-1,2953,2,13,RENAULT TRUCKS Model Missing,-1,-1,0,-1
2021122101192,2021,122101192,4,21,0,18,19,7,3,0,0,1,0,0,0,0,1,1,1,1,1,23,5,12780,2,5,RENAULT TRUCKS Model Missing,9,E01011199,0,-1
20211383H1257,2021,1383H1257,2,21,1,4,4,6,1,0,0,0,0,0,0,0,1,1,1,1,1,48,8,12780,2,6,RENAULT TRUCKS Model Missing,5,E01025479,0,-1
2021421068743,2021,421068743,1,21,1,17,19,5,3,0,0,0,0,0,0,0,2,1,1,1,1,55,8,12777,2,2,RENAULT TRUCKS Model Missing,3,E01027927,0,-1
2021010303188,2021,010303188,2,21,0,18,19,3,7,0,0,1,0,0,0,0,1,1,6,6,1,70,10,10837,2,7,RENAULT TRUCKS Model Missing,9,E01002271,0,-1
2021501088627,2021,501088627,2,21,0,18,19,5,1,0,0,0,1,0,0,0,2,1,5,6,1,-1,-1,12777,2,2,RENAULT TRUCKS Model Missing,1,-1,0,-1
2021031107153,2021,031107153,1,21,1,18,19,7,3,0,0,0,1,0,0,0,1,1,1,1,1,42,7,10837,2,2,RENAULT TRUCKS Model Missing,7,E01027772,0,-1
2021411137587,2021,411137587,3,21,1,4,4,1,5,0,0,0,0,0,0,0,4,1,1,1,1,53,8,10837,2,1,RENAULT TRUCKS Model Missing,7,E01023335,0,-1
2021531038835,2021,531038835,2,21,1,3,3,1,5,0,0,0,0,0,0,0,2,1,1,1,1,61,9,10837,2,2,RENAULT TRUCKS Model Missing,1,E01014689,0,-1
2021430322138,2021,430322138,1,21,0,18,19,4,8,0,0,0,0,0,0,0,4,1,1,1,1,46,8,10837,2,6,RENAULT TRUCKS Model Missing,3,E01025905,0,-1
2021061106682,2021,061106682,2,21,0,11,11,2,6,0,0,8,0,0,0,0,4,1,6,6,1,30,6,-1,-1,-1,RENAULT TRUCKS Model Missing,1,E01005328,0,-1
2021440442933,2021,440442933,2,21,0,18,19,6,2,0,0,1,0,0,0,0,1,1,6,6,3,-1,-1,7698,2,1,RENAULT TRUCKS Model Missing,-1,-1,0,-1
2021161014340,2021,161014340,2,21,0,18,19,7,3,0,0,0,0,0,0,0,1,1,1,1,1,39,7,10837,2,4,RENAULT TRUCKS Model Missing,4,E01013271,0,-1
2021161035658,2021,161035658,2,21,1,18,19,2,6,0,0,8,0,0,0,0,1,1,1,1,1,33,6,12777,2,1,RENAULT TRUCKS Model Missing,2,E01012886,0,-1
2021141089718,2021,141089718,1,21,0,7,7,4,6,0,0,5,0,0,0,0,4,1,1,1,1,60,9,10837,2,5,RENAULT TRUCKS Model Missing,8,E01007994,0,-1
2021461037728,2021,461037728,2,21,0,4,4,1,5,0,0,2,0,0,0,0,2,1,1,1,1,37,7,4764,2,10,RENAULT TRUCKS Model Missing,5,E01024623,0,-1
2021201027737,2021,201027737,1,21,1,11,11,-1,-1,0,0,0,0,0,0,0,4,1,6,6,3,-1,-1,10837,2,6,RENAULT TRUCKS Model Missing,-1,-1,0,-1