collision_index,collision_year,collision_ref_no,vehicle_reference,vehicle_type,towing_and_articulation,vehicle_manoeuvre_historic,vehicle_manoeuvre,vehicle_direction_from,vehicle_direction_to,vehicle_location_restricted_lane_historic,vehicle_location_restricted_lane,junction_location,skidding_and_overturning,hit_object_in_carriageway,vehicle_leaving_carriageway,hit_object_off_carriageway,first_point_of_impact,vehicle_left_hand_drive,journey_purpose_of_driver_historic,journey_purpose_of_driver,sex_of_driver,age_of_driver,age_band_of_driver,engine_capacity_cc,propulsion_code,age_of_vehicle,generic_make_model,driver_imd_decile,lsoa_of_driver,escooter_flag,driver_distance_banding
2021461086689,2021,461086689,1,9,0,18,19,5,1,0,0,1,0,0,0,0,1,1,6,6,2,39,7,1598,2,8,AUDI A1,2,E01024672,0,-1
2021101041554,2021,101041554,2,9,0,9,9,6,4,0,0,4,0,0,0,0,1,1,6,6,2,24,5,1197,1,10,AUDI A1,6,-1,0,-1
2021440136014,2021,440136014,1,9,0,18,19,4,8,0,0,0,0,0,8,10,3,1,6,6,2,25,5,1395,1,5,AUDI A1,9,E01023281,0,-1
2021052101548,2021,052101548,1,9,0,99,99,9,9,0,0,8,0,0,0,0,9,1,6,6,2,43,7,1390,1,8,AUDI A1,1,E01006440,0,-1
2021070826691,2021,070826691,1,9,0,4,4,5,1,0,0,1,0,0,0,0,1,1,6,6,2,-1,-1,999,1,4,AUDI A1,-1,-1,0,-1
2021520102333,2021,520102333,1,9,0,18,19,5,1,0,0,0,0,0,0,0,4,1,6,6,2,28,6,1390,1,8,AUDI A1,9,E01029260,0,-1
2021010313825,2021,010313825,1,9,0,10,10,3,1,0,0,1,0,0,0,0,2,1,6,6,2,32,6,1395,1,4,AUDI A1,1,E01000798,0,-1
2021141026116,2021,141026116,1,9,0,7,7,5,7,0,0,2,0,0,0,0,1,1,2,2,2,25,5,999,1,5,AUDI A1,7,E01007621,0,-1
2021430545819,2021,430545819,1,9,0,9,9,7,5,0,0,8,0,0,0,0,1,1,2,2,1,25,5,999,1,2,AUDI A1,10,E01028736,0,-1
2021041046212,2021,041046212,1,9,0,18,19,7,3,0,0,0,0,0,0,0,1,1,5,6,2,20,4,1390,1,9,AUDI A1,1,E01025283,0,-1
2021070498794,2021,070498794,1,9,0,18,19,6,1,0,0,0,0,0,0,0,4,1,6,6,1,22,5,1498,1,2,AUDI A1,6,E01014333,0,-1
2021411073872,2021,411073872,1,9,0,4,4,1,5,0,0,0,0,0,0,0,1,1,2,2,2,22,5,1395,1,5,AUDI A1,6,E01023752,0,-1
2021421085711,2021,421085711,2,9,0,18,19,7,3,0,0,8,0,0,0,0,3,1,6,6,1,63,9,1598,2,9,AUDI A1,3,E01001516,0,-1
2021101034321,2021,101034321,2,9,0,9,9,6,4,0,0,6,0,0,0,0,2,1,5,6,2,27,6,1598,2,7,AUDI A1,2,E01008810,0,-1
202131C184121,2021,31C184121,2,9,0,9,9,4,2,0,0,5,0,0,0,0,1,1,6,6,1,23,5,1598,2,8,AUDI A1,4,E01027316,0,-1
2021010330891,2021,010330891,2,9,0,99,99,9,9,99,99,9,9,99,9,99,1,9,6,6,3,-1,-1,1395,1,5,AUDI A1,4,E01001420,0,-1
2021622100828,2021,622100828,2,9,0,18,19,2,6,0,0,8,0,0,0,0,1,1,6,6,2,20,4,1968,2,9,AUDI A1,2,W01001805,0,-1
2021201059612,2021,201059612,2,9,0,18,19,6,2,0,0,1,0,0,0,0,3,1,6,6,1,31,6,1598,2,5,AUDI A1,4,E01009139,0,-1
2021052100469,2021,052100469,2,9,0,10,10,6,2,0,0,1,0,0,0,0,4,1,6,6,1,34,6,1598,2,8,AUDI A1,9,E01006796,0,-1
2021401023387,2021,401023387,2,9,0,2,2,0,0,0,0,1,0,0,0,0,3,1,6,6,3,-1,-1,1598,2,9,AUDI A1,-1,-1,0,-1
2021201057011,2021,201057011,1,9,0,18,19,2,5,0,0,0,1,0,0,0,1,1,2,2,2,51,8,1598,2,9,AUDI A1,9,E01009433,0,-1
2021991112477,2021,991112477,5,9,0,18,19,8,4,0,0,0,0,0,0,0,1,1,6,6,2,23,5,1395,1,4,AUDI A1,-1,-1,0,-1
2021010319781,2021,010319781,1,9,0,99,99,9,9,99,99,0,9,99,9,99,1,9,2,2,2,24,5,999,1,4,AUDI A1,1,E01004399,0,-1
2021111131608,2021,111131608,2,9,0,2,2,0,0,9,9,0,0,0,0,0,3,1,6,6,2,20,4,1395,1,4,AUDI A1,1,E01020736,0,-1
2021411026020,2021,411026020,1,9,0,18,19,6,2,0,0,4,0,0,0,0,3,1,6,6,2,-1,-1,1390,1,9,AUDI A1,8,E01003649,0,-1
2021010322582,2021,010322582,2,9,0,18,19,6,2,0,0,1,0,0,0,0,1,1,6,6,3,-1,-1,999,1,0,AUDI A1,-1,-1,0,-1
2021041081799,2021,041081799,2,9,0,18,19,2,2,0,0,0,0,0,0,0,0,1,5,6,1,22,5,1395,1,3,AUDI A1,9,E01001224,0,-1
2021010296034,2021,010296034,1,9,0,99,99,9,9,99,99,9,9,99,9,99,2,9,2,2,2,25,5,999,1,5,AUDI A1,2,E01003320,0,-1
2021010299953,2021,010299953,2,9,0,7,7,7,1,0,0,1,0,0,0,0,4,1,6,6,1,41,7,1395,1,5,AUDI A1,7,E01002424,0,-1
202131D070821,2021,31D070821,2,9,0,18,19,7,3,0,0,1,0,0,0,0,2,1,6,6,2,23,5,1395,1,5,AUDI A1,8,E01019707,0,-1
2021351129404,2021,351129404,1,9,0,5,5,-1,-1,0,0,6,0,0,0,0,1,1,2,2,2,35,6,1598,2,10,AUDI A1,8,E01018203,0,-1
2021031078760,2021,031078760,1,9,0,13,13,7,3,0,0,0,0,0,0,0,3,1,6,6,1,23,5,1598,2,10,AUDI A1,8,E01027370,0,-1
202131C122921,2021,31C122921,2,9,0,9,9,4,2,0,0,8,0,0,0,0,3,1,6,6,2,20,4,1197,1,8,AUDI A1,5,E01032411,0,-1
2021010295777,2021,010295777,2,9,0,99,99,9,9,99,99,9,9,99,9,99,2,9,6,6,1,25,5,999,1,4,AUDI A1,3,E01003035,0,-1
2021010346705,2021,010346705,1,9,0,18,19,5,1,0,0,1,0,0,0,0,1,1,2,2,2,22,5,1390,1,8,AUDI A1,3,E01032581,0,-1
2021221103865,2021,221103865,1,9,0,4,4,8,7,0,0,8,0,0,0,0,2,1,5,6,2,55,8,1395,1,5,AUDI A1,7,E01028918,0,-1
2021101086623,2021,101086623,2,9,0,18,19,5,8,0,0,0,0,0,0,0,2,1,2,2,2,32,6,999,1,0,AUDI A1,2,E01008698,0,-1
2021010311942,2021,010311942,1,9,0,9,9,1,6,0,0,6,0,0,0,0,1,1,6,6,1,33,6,1395,1,5,AUDI A1,1,E01001765,0,-1
2021141079330,2021,141079330,2,9,0,18,19,5,1,0,0,0,0,0,0,0,2,1,5,6,1,36,7,999,1,0,AUDI A1,5,E01011392,0,-1
2021421016338,2021,421016338,1,9,0,9,9,7,5,0,0,8,0,0,0,0,1,1,1,1,2,19,4,999,1,2,AUDI A1,10,E01021253,0,-1
2021141075572,2021,141075572,2,9,0,9,9,5,2,0,0,0,0,0,0,0,4,1,5,6,1,52,8,1390,1,9,AUDI A1,4,E01007393,0,-1
2021991117194,2021,991117194,1,9,0,18,19,7,3,0,0,2,0,0,0,0,3,1,5,6,2,35,6,999,1,3,AUDI A1,6,-1,0,-1
2021061075496,2021,061075496,2,9,0,-1,-1,8,4,0,0,8,0,0,0,0,3,2,6,6,2,24,5,999,1,2,AUDI A1,9,E01005598,0,-1
2021161018487,2021,161018487,2,9,0,8,8,3,5,0,0,1,0,0,0,0,2,1,6,6,1,27,6,1598,2,6,AUDI A1,7,E01012966,0,-1
2021991014027,2021,991014027,2,9,0,18,19,1,5,0,0,0,0,0,0,0,1,1,5,6,2,43,7,1390,1,7,AUDI A1,1,-1,0,-1
2021421019856,2021,421019856,1,9,0,18,19,7,3,0,0,0,0,0,0,0,1,1,2,2,2,37,7,1598,2,8,AUDI A1,1,E01015886,0,-1
2021131107984,2021,131107984,2,9,0,18,19,6,1,0,0,0,0,0,0,0,2,1,2,2,2,28,6,1598,2,6,AUDI A1,9,E01003905,0,-1
2021061137503,2021,061137503,1,9,0,18,19,7,3,0,0,1,0,0,0,0,1,1,6,6,2,-1,-1,1598,2,10,AUDI A1,-1,-1,0,-1
202163C018821,2021,63C018821,1,9,0,16,19,8,3,0,0,1,0,0,0,0,1,1,6,6,2,25,5,1598,2,5,AUDI A1,6,W01000575,0,-1
2021010293596,2021,010293596,1,9,0,16,19,1,5,0,0,0,0,4,0,0,1,1,6,6,2,19,4,1395,1,6,AUDI A1,1,E01003516,0,-1
2021010347577,2021,010347577,1,9,0,6,6,3,3,0,0,8,0,4,0,0,1,1,6,6,2,80,11,1395,1,5,AUDI A1,6,E01000790,0,-1
2021451058116,2021,451058116,3,9,0,2,2,0,0,0,0,0,0,0,0,0,4,1,5,6,2,28,6,1598,2,10,AUDI A1,9,E01030646,0,-1
202131D072221,2021,31D072221,1,9,0,18,19,6,2,0,0,8,0,0,0,0,3,1,6,6,2,58,9,1395,1,6,AUDI A1,9,E01028117,0,-1
2021010293130,2021,010293130,2,9,0,4,4,1,5,0,0,1,1,0,0,0,1,1,6,6,2,62,9,999,1,3,AUDI A1,6,E01001284,0,-1
2021552100245,2021,552100245,1,9,0,9,9,4,2,0,0,6,0,0,0,0,1,1,2,2,2,52,8,1598,2,10,AUDI A1,6,E01015361,0,-1
2021061110102,2021,061110102,2,9,0,10,10,4,2,0,0,8,0,0,0,0,1,1,6,6,3,30,6,1197,1,8,AUDI A1,-1,-1,0,-1
2021061042428,2021,061042428,1,9,0,4,4,4,6,0,0,1,0,0,0,0,2,1,6,6,2,40,7,999,1,2,AUDI A1,5,E01032559,0,-1
2021131047952,2021,131047952,1,9,0,18,19,7,3,0,0,0,0,0,0,0,3,1,5,6,1,51,8,999,1,2,AUDI A1,10,E01010570,0,-1
2021052101166,2021,052101166,1,9,0,9,9,8,5,0,0,1,0,7,1,0,1,1,6,6,1,20,4,1390,1,8,AUDI A1,5,E01033539,0,-1
2021010337099,2021,010337099,1,9,0,99,99,9,9,99,99,9,9,99,9,99,2,9,1,1,2,45,7,999,1,5,AUDI A1,9,E01023619,0,-1
2021471078886,2021,471078886,1,9,0,9,9,5,3,0,0,0,5,10,2,2,1,1,5,6,2,18,4,999,1,3,AUDI A1,6,E01031362,0,-1
2021451048484,2021,451048484,1,9,0,2,2,0,0,0,0,0,0,0,0,0,4,1,5,6,2,45,7,1395,1,4,AUDI A1,10,E01030430,0,-1
2021501086302,2021,501086302,1,9,0,18,19,1,5,0,0,0,0,0,1,11,1,1,6,6,1,24,5,1598,2,6,AUDI A1,1,W01001955,0,-1
2021138230168,2021,138230168,2,9,0,2,2,0,0,0,0,1,0,0,0,0,1,1,6,6,1,26,6,1968,2,9,AUDI A1,4,E01011647,0,-1
2021522104172,2021,522104172,2,9,0,18,19,1,5,0,0,2,0,0,0,0,1,1,6,6,1,18,4,1390,1,8,AUDI A1,6,E01014750,0,-1
2021131109205,2021,131109205,2,9,0,18,19,1,5,0,0,8,0,0,0,0,4,1,6,6,2,20,4,1598,2,6,AUDI A1,8,E01011886,0,-1
2021361062184,2021,361062184,1,9,0,18,19,1,5,0,0,0,0,0,0,0,1,1,5,6,1,25,5,1390,1,10,AUDI A1,9,E01030067,0,-1
2021302101700,2021,302101700,2,9,0,3,3,4,8,0,0,1,0,0,0,0,2,1,6,6,1,59,9,999,1,4,AUDI A1,8,E01013013,0,-1
2021122100622,2021,122100622,1,9,0,16,19,1,5,0,0,0,0,0,1,11,1,1,6,6,2,18,4,1598,2,10,AUDI A1,4,E01027599,0,-1
2021461125625,2021,461125625,1,9,0,4,4,5,1,0,0,0,0,0,0,0,1,1,6,6,2,29,6,1598,2,7,AUDI A1,5,E01024191,0,-1
2021052102575,2021,052102575,1,9,0,18,19,3,7,0,0,0,0,0,0,0,1,1,6,6,2,27,6,999,1,5,AUDI A1,5,E01006462,0,-1
2021010329198,2021,010329198,2,9,0,14,14,3,7,0,0,2,5,0,0,0,3,1,6,6,2,45,7,1598,2,7,AUDI A1,8,E01001133,0,-1
2021302101187,2021,302101187,2,9,0,18,19,6,2,0,0,0,0,0,0,0,1,1,6,6,2,20,4,1390,1,9,AUDI A1,2,E01019817,0,-1
2021010306164,2021,010306164,1,9,0,18,19,6,2,0,0,1,0,0,0,0,1,1,6,6,3,-1,-1,999,1,5,AUDI A1,-1,-1,0,-1
2021421050653,2021,421050653,1,9,0,18,19,4,7,0,0,0,0,0,0,0,1,1,5,6,2,18,4,1598,2,11,AUDI A1,9,E01021710,0,-1
2021610062421,2021,610062421,1,9,0,5,5,4,8,0,0,4,0,0,0,0,3,1,6,6,2,45,7,999,1,0,AUDI A1,1,W01001473,0,-1
2021031033333,2021,031033333,2,9,0,18,19,4,8,0,0,1,0,0,0,0,4,1,5,6,2,35,6,1598,2,4,AUDI A1,5,E01019188,0,-1
2021351028524,2021,351028524,1,9,0,18,19,4,8,0,0,0,2,0,7,3,3,1,5,6,1,30,6,1598,2,7,AUDI A1,7,E01018168,0,-1
2021471040291,2021,471040291,2,9,0,18,19,7,3,0,0,8,5,10,7,0,4,1,5,6,1,68,10,1395,1,5,AUDI A1,9,E01021095,0,-1
2021041111011,2021,041111011,1,9,0,4,4,1,5,0,0,1,0,0,0,0,1,2,2,2,2,25,5,999,1,0,AUDI A1,4,E01012731,0,-1
2021131104309,2021,131104309,1,9,0,18,19,1,1,0,0,0,0,0,0,0,1,1,6,6,3,-1,-1,1598,2,10,AUDI A1,-1,-1,0,-1
2021201051303,2021,201051303,2,9,0,18,19,4,8,0,0,8,0,7,7,10,1,1,6,6,1,27,6,1395,1,6,AUDI A1,-1,-1,0,-1
2021522200290,2021,522200290,1,9,0,7,7,2,4,0,0,8,0,0,0,0,1,1,6,6,1,22,5,1390,1,10,AUDI A1,2,E01014691,0,-1
2021471089609,2021,471089609,2,9,0,1,1,5,1,0,0,0,0,0,0,0,3,1,6,6,2,27,6,1390,1,7,AUDI A1,3,E01016919,0,-1
2021010289773,2021,010289773,1,9,0,9,9,6,4,0,0,5,0,0,1,0,1,1,6,6,2,24,5,1390,1,8,AUDI A1,2,E01003300,0,-1
2021430539557,2021,430539557,2,9,0,17,19,3,8,0,0,0,0,0,1,0,1,1,6,6,1,66,10,1390,1,8,AUDI A1,8,E01022178,0,-1
2021552101226,2021,552101226,2,9,0,18,19,5,1,0,0,8,0,0,7,0,4,1,1,1,2,23,5,1395,1,4,AUDI A1,5,E01020389,0,-1
2021401024152,2021,401024152,1,9,0,5,5,6,2,0,0,2,0,0,0,0,3,1,6,6,1,23,5,1395,1,5,AUDI A1,2,E01017602,0,-1
202106A079259,2021,06A079259,1,9,0,18,19,2,6,0,0,0,0,0,0,0,3,1,6,6,3,30,6,999,1,5,AUDI A1,-1,-1,0,-1
2021052100441,2021,052100441,2,9,0,17,19,3,7,0,0,0,0,0,0,0,1,1,6,6,1,18,4,999,1,1,AUDI A1,5,E01006420,0,-1
2021170M21861,2021,170M21861,1,9,0,18,19,3,7,0,0,8,0,0,0,0,1,1,6,6,2,26,6,1598,2,5,AUDI A1,3,E01012079,0,-1
2021031025204,2021,031025204,1,9,0,18,19,5,7,0,0,0,0,0,1,11,1,1,5,6,1,17,4,999,1,0,AUDI A1,8,E01019224,0,-1
2021451075200,2021,451075200,2,9,0,4,4,7,3,0,0,0,0,0,4,6,2,1,5,6,2,63,9,1598,2,5,AUDI A1,10,E01030623,0,-1
2021061090130,2021,061090130,1,9,0,9,9,7,1,0,0,8,0,0,0,0,1,1,6,6,1,22,5,1598,2,5,AUDI A1,2,E01005732,0,-1
2021061145519,2021,061145519,1,9,0,8,8,2,4,0,0,8,0,0,0,0,1,1,6,6,2,46,8,1968,2,9,AUDI A1,1,E01006028,0,-1
2021622100629,2021,622100629,1,9,0,18,19,3,7,0,0,0,5,7,0,0,1,1,2,2,2,18,4,999,1,5,AUDI A1,6,W01001305,0,-1
2021471047791,2021,471047791,1,9,0,18,19,8,4,0,0,0,2,0,0,0,1,1,6,6,1,-1,-1,999,1,3,AUDI A1,-1,-1,0,-1
2021991083963,2021,991083963,2,9,0,18,19,7,3,0,0,0,0,0,0,0,2,1,5,6,2,18,4,999,1,6,AUDI A1,-1,-1,0,-1
2021061087395,2021,061087395,1,9,0,2,2,7,3,0,0,1,0,0,0,0,2,1,5,6,2,33,6,1598,2,7,AUDI A1,3,E01005297,0,-1
202134WNC4641,2021,34WNC4641,2,9,0,3,3,3,7,0,0,0,0,0,0,0,2,1,6,6,2,19,4,999,1,3,AUDI A1,9,E01027256,0,-1
2021451050692,2021,451050692,2,9,0,18,19,3,7,0,0,4,1,2,0,0,3,1,5,6,2,21,5,999,1,4,AUDI A1,4,E01021670,0,-1
2021501033233,2021,501033233,2,9,0,18,19,8,4,0,0,0,0,0,0,0,2,1,6,6,2,48,8,1498,1,2,AUDI A1,4,E01018922,0,-1
2021302101305,2021,302101305,3,9,0,18,19,8,4,0,0,0,0,0,0,0,1,1,6,6,1,24,5,1598,2,9,AUDI A1,9,E01019518,0,-1
2021161120747,2021,161120747,2,9,0,2,2,4,1,0,0,0,0,0,0,0,1,1,2,2,1,37,7,1498,1,2,AUDI A1,8,E01026394,0,-1
2021451026015,2021,451026015,2,9,0,9,9,1,1,0,0,0,0,0,0,0,2,1,5,6,2,26,6,1197,1,10,AUDI A1,8,E01030313,0,-1
2021520101998,2021,520101998,1,9,0,3,3,4,8,0,0,1,0,0,0,0,2,1,6,6,2,22,5,1598,2,7,AUDI A1,10,E01014761,0,-1
2021201134425,2021,201134425,2,9,0,9,9,2,1,0,0,8,0,0,0,0,4,1,6,6,2,22,5,999,1,1,AUDI A1,5,E01010026,0,-1
2021010298992,2021,010298992,1,9,0,99,99,9,9,99,99,9,9,99,9,99,2,9,6,6,2,24,5,999,1,1,AUDI A1,2,E01001748,0,-1
2021991022570,2021,991022570,2,9,0,18,19,4,8,0,0,8,0,0,0,0,3,1,5,6,2,61,9,1395,1,3,AUDI A1,10,-1,0,-1
20211383F0824,2021,1383F0824,1,9,0,9,9,4,8,0,0,1,0,0,0,0,3,1,6,6,2,20,4,1498,1,1,AUDI A1,10,E01011894,0,-1
202106E078786,2021,06E078786,2,9,0,18,19,8,2,0,0,0,0,0,0,0,2,1,3,7,2,35,6,1197,1,9,AUDI A1,2,E01005200,0,-1
2021201149143,2021,201149143,1,9,0,9,9,3,8,0,0,6,0,0,0,0,1,1,5,6,2,23,5,1598,2,8,AUDI A1,1,E01009259,0,-1
2021131069755,2021,131069755,1,9,0,7,7,3,7,0,0,4,0,0,0,0,1,1,6,6,3,-1,-1,1395,1,4,AUDI A1,-1,-1,0,-1
2021451048127,2021,451048127,3,9,0,18,19,5,1,0,0,0,0,0,0,0,2,1,5,6,2,29,6,1197,1,9,AUDI A1,7,E01002998,0,-1
2021461034932,2021,461034932,1,9,0,13,13,1,5,0,0,0,0,0,0,0,0,1,6,6,3,-1,-1,1395,1,4,AUDI A1,-1,-1,0,-1
2021522201184,2021,522201184,2,9,0,9,9,2,8,0,0,6,0,0,0,0,1,1,6,6,2,55,8,1395,1,5,AUDI A1,2,E01014643,0,-1
2021544292621,2021,544292621,1,9,0,18,19,2,6,0,0,1,0,0,0,0,1,1,6,6,1,22,5,1968,2,8,AUDI A1,3,E01031851,0,-1
2021371034964,2021,371034964,1,9,0,18,19,1,5,0,0,0,0,0,0,0,1,1,4,7,1,21,5,999,1,3,AUDI A1,5,E01030061,0,-1
2021010311275,2021,010311275,1,9,0,18,19,6,2,0,0,6,0,0,0,0,1,1,2,2,2,28,6,1395,1,6,AUDI A1,7,E01004166,0,-1
2021411104599,2021,411104599,2,9,0,4,4,5,1,0,0,1,0,0,0,0,2,1,6,6,2,23,5,1197,1,10,AUDI A1,3,E01001547,0,-1
2021061084692,2021,061084692,2,9,0,18,19,3,7,0,0,8,0,0,0,0,1,1,6,6,1,30,6,1395,1,4,AUDI A1,3,E01011175,0,-1
2021201125720,2021,201125720,1,9,0,18,19,4,8,0,0,6,0,0,0,0,1,1,6,6,3,-1,-1,1395,1,4,AUDI A1,-1,-1,0,-1
2021531114403,2021,531114403,2,9,0,5,5,4,8,0,0,3,0,0,0,0,2,1,5,6,2,40,7,1390,1,7,AUDI A1,4,W01001365,0,-1
2021010311979,2021,010311979,1,9,0,3,3,5,1,0,0,1,0,4,0,0,2,1,2,2,2,31,6,1390,1,9,AUDI A1,3,E01004378,0,-1
2021991121540,2021,991121540,2,9,0,18,19,2,6,0,0,8,0,0,0,0,1,1,2,2,2,26,6,1395,1,6,AUDI A1,-1,-1,0,-1
2021430211945,2021,430211945,2,9,0,18,19,8,4,0,0,0,0,0,0,0,3,1,6,6,2,40,7,1598,2,8,AUDI A1,-1,-1,0,-1
2021201014037,2021,201014037,1,9,0,18,19,7,3,0,0,1,0,10,7,11,1,1,6,6,1,18,4,1390,1,9,AUDI A1,9,E01010390,0,-1
2021061050423,2021,061050423,1,9,0,18,19,7,3,0,0,0,0,0,8,4,1,1,6,6,2,22,5,1598,2,7,AUDI A1,5,E01005045,0,-1
2021471114280,2021,471114280,3,9,0,18,19,8,4,0,0,0,0,0,0,0,2,1,2,2,2,23,5,999,1,1,AUDI A1,7,E01031396,0,-1
2021010303943,2021,010303943,2,9,0,18,19,4,8,0,0,8,0,0,0,0,3,1,6,6,1,47,8,999,1,2,AUDI A1,10,E01032854,0,-1
2021201053994,2021,201053994,1,9,0,18,19,7,1,0,0,0,0,7,0,0,4,1,6,6,3,-1,-1,1390,1,7,AUDI A1,-1,-1,0,-1
2021522103329,2021,522103329,2,9,0,1,1,2,6,0,0,8,0,0,0,0,2,1,6,6,2,37,7,1598,2,7,AUDI A1,3,E01014730,0,-1
2021991119880,2021,991119880,1,9,0,18,19,3,7,0,0,0,0,0,0,0,1,1,6,6,1,24,5,1395,1,5,AUDI A1,9,-1,0,-1
2021461042499,2021,461042499,1,9,0,7,7,1,3,0,0,6,0,0,0,0,3,1,5,6,1,27,6,1390,1,10,AUDI A1,3,E01016102,0,-1
2021461083491,2021,461083491,2,9,0,4,4,6,2,0,0,1,0,0,0,0,2,1,6,6,2,80,11,999,1,5,AUDI A1,7,E01024009,0,-1
2021221087944,2021,221087944,1,9,0,5,5,8,6,0,0,5,0,0,1,4,2,1,5,6,2,73,10,1395,1,5,AUDI A1,8,E01032334,0,-1
2021010341302,2021,010341302,3,9,0,99,99,9,9,99,99,9,9,99,9,99,9,9,6,6,3,-1,-1,1395,1,5,AUDI A1,-1,-1,0,-1
2021010310684,2021,010310684,2,9,0,5,5,6,2,0,0,6,0,0,0,0,1,1,6,6,2,51,8,1197,1,11,AUDI A1,4,E01000805,0,-1
2021161092590,2021,161092590,2,9,0,18,19,5,1,0,0,1,0,0,0,0,1,1,1,1,2,30,6,999,1,1,AUDI A1,6,E01012793,0,-1
2021411061992,2021,411061992,1,9,0,18,19,6,2,0,0,0,1,11,7,11,1,1,5,6,1,20,4,1598,2,6,AUDI A1,8,E01023571,0,-1
2021411037689,2021,411037689,1,9,0,18,19,2,6,0,0,0,0,0,0,0,4,1,5,6,2,19,4,1498,1,2,AUDI A1,6,E01001451,0,-1
2021451095450,2021,451095450,3,9,0,18,19,1,5,0,0,1,0,0,0,0,2,1,5,6,2,20,4,1598,2,10,AUDI A1,10,E01030891,0,-1
2021522105848,2021,522105848,2,9,0,18,19,3,7,0,0,0,0,0,0,0,1,1,6,6,2,20,4,1390,1,7,AUDI A1,8,E01014890,0,-1
2021170S10701,2021,170S10701,1,9,0,3,3,3,7,0,0,1,0,0,0,0,2,1,2,2,2,36,7,999,1,3,AUDI A1,8,E01032594,0,-1
2021421103976,2021,421103976,2,9,0,4,4,7,3,0,0,0,0,0,0,0,2,1,2,2,1,23,5,1395,1,6,AUDI A1,6,E01012923,0,-1
2021440223986,2021,440223986,1,9,0,11,11,2,6,0,0,8,0,0,0,0,1,1,6,6,2,40,7,999,1,1,AUDI A1,10,E01022518,0,-1
2021421037958,2021,421037958,5,9,0,18,19,7,3,0,0,0,0,0,0,0,0,1,2,2,2,27,6,1390,1,7,AUDI A1,4,E01032566,0,-1
2021131093568,2021,131093568,2,9,0,18,19,4,8,0,0,0,0,0,0,0,2,1,1,1,1,32,6,1598,2,6,AUDI A1,6,E01010909,0,-1
2021522201064,2021,522201064,2,9,0,9,9,5,3,0,0,8,0,0,0,0,1,1,6,6,1,23,5,1395,1,4,AUDI A1,10,E01014930,0,-1
2021010289521,2021,010289521,1,9,0,99,99,9,9,99,99,9,9,99,9,99,2,9,2,2,2,22,5,999,1,3,AUDI A1,8,E01004479,0,-1
2021010293707,2021,010293707,2,9,0,18,19,5,1,0,0,1,0,0,0,0,1,1,2,2,1,32,6,1598,2,8,AUDI A1,2,E01033488,0,-1
2021991076081,2021,991076081,1,9,0,5,5,8,4,0,0,0,0,0,0,0,2,1,5,6,1,39,7,1598,2,11,AUDI A1,8,-1,0,-1
2021122100975,2021,122100975,2,9,0,18,19,1,5,0,0,0,0,0,0,0,1,1,1,1,2,25,5,1197,1,8,AUDI A1,9,E01013411,0,-1
2021461065955,2021,461065955,2,9,0,18,19,6,2,0,0,0,0,0,0,0,1,1,2,2,2,59,9,1598,2,5,AUDI A1,7,E01000734,0,-1
2021010322706,2021,010322706,2,9,0,5,5,3,7,0,0,2,0,0,0,0,1,1,6,6,1,27,6,1390,1,7,AUDI A1,6,E01001040,0,-1
2021440479317,2021,440479317,1,9,0,9,9,6,4,0,0,8,0,0,0,0,1,1,6,6,1,41,7,1395,1,5,AUDI A1,5,E01020259,0,-1
2021010340774,2021,010340774,1,9,0,18,19,5,1,0,0,4,0,0,0,0,1,1,6,6,2,25,5,1598,2,6,AUDI A1,4,E01001645,0,-1
2021138461129,2021,138461129,2,9,0,18,19,5,1,0,0,8,0,0,0,0,1,1,6,6,2,31,6,1598,2,5,AUDI A1,6,E01027734,0,-1
2021010336497,2021,010336497,1,9,0,3,3,5,1,0,0,0,0,0,0,0,1,1,6,6,2,47,8,999,1,1,AUDI A1,4,E01003441,0,-1
2021010332349,2021,010332349,1,9,0,9,9,1,6,0,0,2,0,0,0,0,3,1,6,6,2,27,6,1598,2,7,AUDI A1,5,E01000417,0,-1
2021010289619,2021,010289619,1,9,0,18,19,1,5,0,0,0,5,4,0,0,1,1,6,6,1,31,6,1390,1,10,AUDI A1,4,E01004150,0,-1
2021421092579,2021,421092579,1,9,0,9,9,1,5,0,0,2,0,0,0,0,2,1,6,6,1,58,9,999,1,0,AUDI A1,10,E01021466,0,-1
2021031108521,2021,031108521,1,9,0,9,9,8,6,0,0,8,0,0,1,9,1,1,6,6,1,80,11,1598,2,6,AUDI A1,7,E01019212,0,-1
2021170H10761,2021,170H10761,1,9,0,10,10,3,1,0,0,1,0,0,0,0,2,1,6,6,1,34,6,999,1,0,AUDI A1,10,E01020719,0,-1
2021041014779,2021,041014779,1,9,0,18,19,3,7,0,0,0,0,0,1,4,1,1,2,2,1,30,6,999,1,5,AUDI A1,2,E01012696,0,-1
2021451057708,2021,451057708,1,9,0,7,7,7,8,7,6,1,0,0,0,0,1,1,5,6,2,20,4,999,1,3,AUDI A1,2,E01002506,0,-1
2021010298638,2021,010298638,2,9,0,99,99,9,9,99,99,9,9,99,9,99,1,9,6,6,3,22,5,999,1,5,AUDI A1,5,E01001407,0,-1
2021522102492,2021,522102492,2,9,0,18,19,6,2,0,0,2,0,0,0,0,4,1,6,6,2,34,6,1598,2,6,AUDI A1,6,E01014471,0,-1
2021622100605,2021,622100605,2,9,0,4,4,8,4,0,0,4,0,0,0,0,2,1,1,1,2,29,6,1598,2,6,AUDI A1,9,W01001085,0,-1