collision_index,collision_year,collision_ref_no,vehicle_reference,vehicle_type,towing_and_articulation,vehicle_manoeuvre_historic,vehicle_manoeuvre,vehicle_direction_from,vehicle_direction_to,vehicle_location_restricted_lane_historic,vehicle_location_restricted_lane,junction_location,skidding_and_overturning,hit_object_in_carriageway,vehicle_leaving_carriageway,hit_object_off_carriageway,first_point_of_impact,vehicle_left_hand_drive,journey_purpose_of_driver_historic,journey_purpose_of_driver,sex_of_driver,age_of_driver,age_band_of_driver,engine_capacity_cc,propulsion_code,age_of_vehicle,generic_make_model,driver_imd_decile,lsoa_of_driver,escooter_flag,driver_distance_banding
2021010306041,2021,010306041,2,9,9,99,99,9,9,99,99,0,9,99,9,99,9,9,6,6,3,-1,-1,999,1,3,AUDI A1,4,E01003929,0,-1
2021320433577,2021,320433577,1,9,0,18,19,3,7,0,0,8,0,0,0,0,1,1,6,6,2,19,4,1598,2,7,AUDI A1,8,E01026212,0,-1
2021622200004,2021,622200004,1,9,0,18,19,4,8,0,0,0,0,0,0,0,1,1,6,6,2,41,7,1598,2,9,AUDI A1,1,W01001266,0,-1
2021010329342,2021,010329342,2,9,0,99,99,9,9,99,99,9,9,99,9,99,1,9,6,6,3,-1,-1,1390,1,9,AUDI A1,-1,-1,0,-1
2021302101643,2021,302101643,1,9,0,18,19,6,2,0,0,0,0,0,0,0,3,1,6,6,1,84,11,999,1,2,AUDI A1,5,E01019564,0,-1
2021170S11531,2021,170S11531,2,9,0,9,9,8,5,0,0,8,0,0,0,0,3,1,6,6,2,17,4,1598,2,8,AUDI A1,9,E01012232,0,-1
2021141017438,2021,141017438,2,9,0,18,19,1,1,0,0,0,0,0,0,0,1,1,1,1,1,61,9,1598,2,8,AUDI A1,7,E01007997,0,-1
2021052100384,2021,052100384,2,9,0,17,19,6,2,0,0,2,0,0,0,0,1,1,6,6,3,24,5,999,1,0,AUDI A1,9,E01007197,0,-1
202134WNC4601,2021,34WNC4601,3,9,0,18,19,5,1,0,0,0,0,0,0,0,2,1,6,6,2,39,7,1395,1,4,AUDI A1,2,E01032569,0,-1
2021411064414,2021,411064414,2,9,0,10,10,1,5,0,0,1,0,10,0,0,2,1,6,6,1,25,5,1395,1,5,AUDI A1,8,E01023511,0,-1
2021131117256,2021,131117256,1,9,0,18,19,1,5,0,0,0,0,4,0,0,4,1,5,6,2,20,4,1395,1,6,AUDI A1,2,E01011025,0,-1
2021548338321,2021,548338321,3,9,0,4,4,2,6,0,0,1,0,0,0,0,2,1,6,6,2,26,6,1598,2,9,AUDI A1,9,E01015471,0,-1
2021201080265,2021,201080265,1,9,0,18,19,5,1,0,0,0,0,4,7,0,2,1,5,6,3,-1,-1,999,1,3,AUDI A1,-1,-1,0,-1
2021201077681,2021,201077681,1,9,0,17,19,6,3,0,0,0,1,10,1,0,1,1,6,6,1,18,4,1390,1,8,AUDI A1,8,E01010245,0,-1
20211383C1597,2021,1383C1597,1,9,0,18,19,1,5,0,0,0,0,0,0,0,3,1,6,6,2,28,6,1395,1,3,AUDI A1,2,E01010981,0,-1
2021471086455,2021,471086455,1,9,0,18,19,8,4,0,0,1,0,0,0,0,1,1,5,6,2,33,6,1390,1,8,AUDI A1,2,E01020998,0,-1
2021351106099,2021,351106099,2,9,0,18,19,3,7,0,0,0,0,0,0,0,2,1,6,6,1,20,4,999,1,2,AUDI A1,8,E01033119,0,-1
2021061050254,2021,061050254,2,9,0,18,19,6,2,0,0,1,0,0,0,0,4,1,6,6,1,22,5,1390,1,8,AUDI A1,2,E01005981,0,-1
2021131124338,2021,131124338,2,9,0,17,19,6,2,0,0,1,0,0,0,0,1,1,6,6,2,32,6,1197,1,10,AUDI A1,4,E01010978,0,-1
2021991042929,2021,991042929,1,9,0,17,19,7,3,0,0,0,1,0,2,11,1,1,6,6,1,19,4,1395,1,5,AUDI A1,7,-1,0,-1
2021010320261,2021,010320261,1,9,0,9,9,6,3,0,0,8,0,0,0,0,1,1,6,6,1,38,7,1395,1,3,AUDI A1,10,E01017374,0,-1
2021201075348,2021,201075348,2,9,0,18,19,3,7,0,0,1,0,0,0,0,3,1,6,6,2,52,8,1390,1,8,AUDI A1,1,E01009390,0,-1
2021522103376,2021,522103376,1,9,0,3,3,5,1,0,0,8,0,0,0,0,2,1,6,6,2,54,8,1598,2,6,AUDI A1,8,E01014472,0,-1
2021061099636,2021,061099636,2,9,0,7,7,4,6,0,0,1,0,0,0,0,4,1,6,6,3,30,6,1395,1,6,AUDI A1,-1,-1,0,-1
2021010343659,2021,010343659,1,9,0,99,99,9,9,99,99,9,9,99,9,99,2,9,6,6,2,24,5,1395,1,5,AUDI A1,3,E01001360,0,-1
2021052102918,2021,052102918,1,9,0,9,9,7,3,0,0,1,0,0,0,0,1,1,6,6,2,19,4,999,1,2,AUDI A1,6,E01006951,0,-1
2021430576574,2021,430576574,2,9,0,18,19,4,8,0,0,4,0,0,0,0,1,1,6,6,2,65,9,999,1,4,AUDI A1,10,E01016282,0,-1
2021451027837,2021,451027837,1,9,0,18,19,5,1,0,0,0,0,0,0,0,1,1,5,6,2,24,5,1390,1,10,AUDI A1,5,E01030609,0,-1
2021141084772,2021,141084772,1,9,0,18,19,1,1,0,0,1,0,0,0,0,4,1,6,6,2,30,6,999,1,2,AUDI A1,6,E01007665,0,-1
2021471094742,2021,471094742,2,9,0,7,7,1,7,0,0,8,0,0,0,0,2,1,6,6,1,19,4,1197,1,7,AUDI A1,10,E01031689,0,-1
2021430248883,2021,430248883,1,9,0,18,19,2,6,0,0,0,0,0,0,0,1,1,6,6,2,20,4,1390,1,8,AUDI A1,9,E01016682,0,-1
2021010348274,2021,010348274,1,9,0,99,99,9,9,99,99,9,9,99,9,99,1,9,2,2,2,34,6,1598,2,5,AUDI A1,7,E01001455,0,-1
2021041041903,2021,041041903,1,9,0,18,19,5,1,0,0,0,0,0,0,0,1,1,1,1,2,26,6,1197,1,9,AUDI A1,1,E01025042,0,-1
2021061102324,2021,061102324,1,9,0,18,19,3,7,0,0,0,0,0,0,0,1,1,6,6,2,24,5,1598,2,10,AUDI A1,3,E01005547,0,-1
2021501120812,2021,501120812,4,9,0,4,4,4,6,0,0,1,0,0,0,0,1,1,2,2,2,22,5,1598,2,7,AUDI A1,4,E01015029,0,-1
2021461088205,2021,461088205,1,9,0,18,19,7,3,0,0,0,0,0,0,0,1,1,6,6,2,22,5,1395,1,5,AUDI A1,1,E01024615,0,-1
2021010339380,2021,010339380,1,9,0,18,19,1,5,1,1,2,0,0,0,0,1,1,6,6,1,32,6,1395,1,4,AUDI A1,3,E01004448,0,-1
2021010314896,2021,010314896,2,9,0,18,19,5,1,0,0,0,0,0,0,0,1,1,6,6,2,20,4,1390,1,9,AUDI A1,-1,-1,0,-1
2021231111101,2021,231111101,1,9,0,18,19,4,8,0,0,1,0,0,0,0,2,1,2,2,2,20,4,1395,1,3,AUDI A1,7,E01030119,0,-1
2021201116681,2021,201116681,1,9,0,18,19,7,3,0,0,0,5,10,8,2,1,1,5,6,2,23,5,1390,1,7,AUDI A1,6,E01009778,0,-1
2021401077334,2021,401077334,1,9,0,11,11,7,3,0,0,3,0,0,0,0,3,1,6,6,1,22,5,1598,2,6,AUDI A1,3,E01023637,0,-1
2021061109956,2021,061109956,1,9,0,18,19,2,6,0,0,0,0,0,0,0,1,1,6,6,2,52,8,1598,2,3,AUDI A1,3,E01006273,0,-1
2021101105360,2021,101105360,1,9,0,5,5,8,2,0,0,6,0,0,0,0,3,1,6,6,2,47,8,999,1,2,AUDI A1,6,E01008206,0,-1
2021201132944,2021,201132944,2,9,0,3,3,6,2,0,0,0,0,0,0,0,2,1,6,6,2,27,6,1390,1,6,AUDI A1,5,E01010267,0,-1
2021440224335,2021,440224335,1,9,0,18,19,6,2,0,0,0,0,0,0,0,1,1,2,2,1,52,8,1598,2,5,AUDI A1,9,E01023241,0,-1
2021471085733,2021,471085733,1,9,0,7,7,7,1,0,0,4,0,0,0,0,1,1,5,6,2,66,10,1395,1,3,AUDI A1,10,E01031699,0,-1
2021141055286,2021,141055286,1,9,0,18,19,8,4,0,0,0,1,4,0,0,3,1,5,6,2,34,6,1390,1,8,AUDI A1,10,E01007430,0,-1
2021061084020,2021,061084020,2,9,0,18,19,3,7,0,0,0,0,0,0,0,3,1,6,6,1,28,6,1390,1,8,AUDI A1,8,E01021537,0,-1
2021010343093,2021,010343093,2,9,0,2,2,0,0,0,0,1,0,0,0,0,2,1,6,6,3,-1,-1,1395,1,3,AUDI A1,-1,-1,0,-1
2021991054937,2021,991054937,1,9,0,9,9,5,3,0,0,1,0,0,0,0,1,1,5,6,2,43,7,1390,1,7,AUDI A1,7,-1,0,-1
2021131069431,2021,131069431,2,9,0,18,19,3,4,0,0,0,0,0,0,0,3,1,6,6,2,33,6,999,1,2,AUDI A1,2,E01011359,0,-1
202134NNC6311,2021,34NNC6311,1,9,0,18,19,3,7,0,0,1,0,0,0,0,1,1,6,6,2,22,5,1598,2,7,AUDI A1,9,E01027053,0,-1
2021531016153,2021,531016153,1,9,0,17,19,8,4,0,0,0,0,0,0,0,1,1,5,6,1,19,4,999,1,1,AUDI A1,7,E01031233,0,-1
2021010331973,2021,010331973,2,9,0,9,9,1,6,0,0,1,0,0,0,0,1,1,6,6,2,20,4,1395,1,3,AUDI A1,9,E01001132,0,-1
2021501117748,2021,501117748,2,9,0,18,19,7,3,0,0,8,0,0,0,0,2,1,6,6,2,26,6,1598,2,10,AUDI A1,7,E01015134,0,-1
2021461093742,2021,461093742,2,9,0,18,19,3,7,0,0,1,0,0,0,0,4,1,5,6,2,31,6,1395,1,4,AUDI A1,3,E01024166,0,-1
2021201083209,2021,201083209,2,9,0,9,9,6,4,0,0,1,0,0,0,0,2,1,6,6,2,29,6,1395,1,4,AUDI A1,2,E01010314,0,-1
2021991047444,2021,991047444,1,9,0,5,5,5,8,0,0,8,0,0,0,0,1,1,6,6,2,31,6,1498,1,2,AUDI A1,7,-1,0,-1
2021411102973,2021,411102973,2,9,0,7,7,4,7,0,0,0,0,0,0,0,2,1,6,6,2,22,5,999,1,3,AUDI A1,10,E01023909,0,-1
202131B178921,2021,31B178921,1,9,0,18,19,8,4,0,0,8,0,0,0,0,1,1,6,6,1,22,5,1395,1,4,AUDI A1,7,E01032989,0,-1
2021061084697,2021,061084697,2,9,0,3,3,6,6,0,0,0,0,0,0,0,2,1,1,1,2,27,6,1598,2,6,AUDI A1,6,E01032909,0,-1
2021430549315,2021,430549315,1,9,0,7,7,6,8,0,0,8,0,0,0,0,4,1,6,6,2,22,5,1498,1,0,AUDI A1,7,E01027090,0,-1
2021070511995,2021,070511995,2,9,0,2,2,0,0,0,0,0,0,0,0,0,2,1,6,6,1,-1,-1,999,1,2,AUDI A1,-1,-1,0,-1
2021411053533,2021,411053533,1,9,0,10,10,0,0,0,0,1,0,0,0,0,1,1,2,2,2,31,6,999,1,1,AUDI A1,10,E01023711,0,-1
2021451048146,2021,451048146,1,9,0,18,19,7,3,0,0,0,0,0,0,0,1,1,5,6,1,39,7,1390,1,11,AUDI A1,1,E01002842,0,-1
2021031055866,2021,031055866,1,9,0,16,19,7,3,0,0,0,0,0,0,0,1,1,6,6,2,22,5,999,1,5,AUDI A1,3,E01019266,0,-1
2021430173465,2021,430173465,3,9,0,3,3,8,4,0,0,0,0,0,0,0,2,1,6,6,2,30,6,999,1,4,AUDI A1,9,E01021757,0,-1
2021052100850,2021,052100850,2,9,0,3,3,3,7,0,0,1,0,0,0,0,2,1,6,6,2,50,8,1197,1,7,AUDI A1,7,E01033750,0,-1
2021471096486,2021,471096486,1,9,0,9,9,5,3,0,0,4,0,0,0,0,1,1,2,2,2,23,5,999,1,1,AUDI A1,5,E01031798,0,-1
2021010317297,2021,010317297,2,9,0,99,99,9,9,99,99,9,9,99,9,99,4,9,6,6,2,-1,-1,999,1,1,AUDI A1,7,E01001882,0,-1
2021991041395,2021,991041395,2,9,0,9,9,3,7,0,0,0,0,0,0,0,3,1,5,6,2,28,6,1395,1,6,AUDI A1,7,-1,0,-1
2021010342523,2021,010342523,1,9,0,99,99,9,9,99,99,0,9,99,9,99,1,9,6,6,2,29,6,1197,1,8,AUDI A1,9,E01031761,0,-1
2021010338114,2021,010338114,1,9,0,18,19,1,5,0,0,8,1,0,0,0,1,1,6,6,1,19,4,999,1,2,AUDI A1,5,E01002625,0,-1
2021070443033,2021,070443033,2,9,0,4,4,5,1,0,0,1,0,0,0,0,4,1,6,6,1,55,8,1197,1,10,AUDI A1,9,E01012488,0,-1
2021421027347,2021,421027347,1,9,0,18,19,7,3,0,0,5,0,0,0,0,1,1,5,6,2,68,10,1390,1,8,AUDI A1,9,E01021526,0,-1
2021461130484,2021,461130484,1,9,0,18,19,3,7,0,0,0,0,0,0,0,1,1,6,6,2,22,5,1395,1,5,AUDI A1,2,E01016035,0,-1
20211383A0752,2021,1383A0752,1,9,0,7,7,2,6,0,0,8,0,0,0,0,1,1,6,6,2,27,6,1598,2,9,AUDI A1,3,E01011940,0,-1
2021471016804,2021,471016804,2,9,0,18,19,3,7,0,0,8,0,0,0,0,3,1,1,1,2,34,6,1395,1,5,AUDI A1,7,E01021112,0,-1
2021141096993,2021,141096993,1,9,0,18,19,1,5,0,0,1,0,0,0,0,1,1,5,6,2,21,5,1598,2,8,AUDI A1,5,E01007786,0,-1
2021010310493,2021,010310493,2,9,0,7,7,4,7,0,0,6,0,0,0,0,1,1,6,6,2,24,5,999,1,0,AUDI A1,3,E01001445,0,-1
2021461064792,2021,461064792,1,9,0,9,9,1,7,0,0,2,0,0,0,0,1,1,5,6,2,48,8,1390,1,10,AUDI A1,9,E01001606,0,-1
2021451099916,2021,451099916,2,9,0,4,4,6,2,0,0,0,0,0,0,0,2,1,5,6,2,44,7,1395,1,5,AUDI A1,7,E01030943,0,-1
2021991050402,2021,991050402,3,9,0,18,19,7,1,0,0,8,0,0,0,0,3,1,6,6,2,41,7,1598,2,7,AUDI A1,2,-1,0,-1
2021201146017,2021,201146017,2,9,0,18,19,5,1,0,0,8,0,0,0,0,4,1,6,6,2,23,5,999,1,2,AUDI A1,3,E01009701,0,-1
2021010334679,2021,010334679,1,9,0,18,19,5,1,0,0,8,0,0,1,0,1,1,6,6,1,31,6,999,1,6,AUDI A1,2,E01033485,0,-1
2021201136142,2021,201136142,1,9,0,13,13,1,5,0,0,1,0,0,0,0,3,1,2,2,2,26,6,1390,1,9,AUDI A1,1,E01009360,0,-1
202131B056821,2021,31B056821,2,9,0,18,19,5,1,0,0,1,0,0,0,0,1,1,6,6,1,37,7,1598,2,6,AUDI A1,1,E01026384,0,-1
2021991036673,2021,991036673,2,9,0,18,19,4,8,0,0,8,0,0,0,0,1,1,6,6,2,19,4,1197,1,10,AUDI A1,8,-1,0,-1
2021531030538,2021,531030538,1,9,0,18,19,5,1,0,0,1,0,0,0,0,1,1,5,6,1,22,5,1390,1,10,AUDI A1,10,E01014930,0,-1
2021010332033,2021,010332033,3,9,9,99,99,9,9,99,99,9,9,99,9,99,9,9,6,6,3,-1,-1,1395,1,4,AUDI A1,-1,-1,0,-1
2021351107164,2021,351107164,1,9,0,4,4,2,4,0,0,0,0,0,0,0,2,1,5,6,2,26,6,1598,2,3,AUDI A1,7,E01018127,0,-1
2021440276352,2021,440276352,2,9,0,18,19,4,8,0,0,0,0,0,0,0,1,1,3,7,2,59,9,1390,1,9,AUDI A1,2,E01022966,0,-1
2021320419462,2021,320419462,2,9,0,18,19,3,7,0,0,8,0,0,0,0,3,1,6,6,2,21,5,1395,1,5,AUDI A1,2,E01026108,0,-1
2021991115643,2021,991115643,1,9,0,10,10,4,2,0,0,2,0,0,0,0,1,1,6,6,2,19,4,999,1,0,AUDI A1,9,-1,0,-1
202106E079375,2021,06E079375,2,9,0,18,19,3,7,0,0,1,0,0,0,0,1,1,6,6,2,30,6,1395,1,6,AUDI A1,5,E01005268,0,-1
2021141128733,2021,141128733,3,9,0,9,9,1,7,0,0,8,0,0,0,0,1,1,6,6,2,55,8,1598,2,10,AUDI A1,3,E01007667,0,-1
202131D137821,2021,31D137821,1,9,0,18,19,3,7,0,0,8,0,0,0,0,1,1,6,6,2,31,6,999,1,6,AUDI A1,10,E01028415,0,-1
2021501069191,2021,501069191,1,9,0,4,4,8,4,0,0,4,0,0,0,0,1,1,5,6,2,19,4,1197,1,7,AUDI A1,3,E01015093,0,-1
2021430429794,2021,430429794,2,9,0,18,19,4,8,0,0,8,0,0,0,0,1,1,6,6,2,57,9,1395,1,6,AUDI A1,10,E01016658,0,-1
2021411071428,2021,411071428,4,9,0,4,4,1,5,0,0,0,0,0,0,0,1,1,6,6,2,20,4,1390,1,8,AUDI A1,6,E01023305,0,-1
202131B006421,2021,31B006421,1,9,0,18,19,8,4,0,0,0,0,0,0,0,1,1,6,6,1,29,6,1598,2,6,AUDI A1,1,E01006019,0,-1
2021010309993,2021,010309993,2,9,0,99,99,9,9,99,99,9,9,99,9,99,1,9,6,6,3,-1,-1,999,1,4,AUDI A1,3,E01002707,0,-1
2021552100590,2021,552100590,1,9,0,18,19,5,7,0,0,1,0,0,0,0,1,1,6,6,1,35,6,1984,1,1,AUDI A1,7,E01020357,0,-1
2021471117990,2021,471117990,1,9,0,9,9,1,8,0,0,6,0,0,7,11,1,1,2,2,1,51,8,1390,1,7,AUDI A1,4,E01021076,0,-1
2021131118744,2021,131118744,1,9,0,18,19,5,1,0,0,0,0,0,0,0,1,1,2,2,2,24,5,1197,1,9,AUDI A1,6,E01010991,0,-1
2021361050100,2021,361050100,1,9,0,1,1,8,4,0,0,0,0,0,0,0,1,1,5,6,2,41,7,1395,1,5,AUDI A1,9,E01026906,0,-1
2021302101281,2021,302101281,1,9,0,18,19,4,2,0,0,0,0,0,4,6,1,1,6,6,2,24,5,1598,2,5,AUDI A1,2,E01019453,0,-1
2021411065776,2021,411065776,2,9,0,18,19,5,1,0,0,1,0,0,0,0,4,1,5,6,2,50,8,1395,1,6,AUDI A1,5,E01023772,0,-1
2021501106232,2021,501106232,1,9,0,18,19,5,1,0,0,1,0,0,0,0,1,1,5,6,1,24,5,1197,1,7,AUDI A1,9,E01019017,0,-1
2021061079404,2021,061079404,1,9,0,18,19,6,3,0,0,0,0,0,0,0,1,1,6,6,1,54,8,999,1,4,AUDI A1,1,E01005186,0,-1
2021010295398,2021,010295398,1,9,0,18,19,5,1,0,0,5,0,0,0,0,1,1,6,6,1,21,5,1390,1,10,AUDI A1,3,E01001043,0,-1
2021401085295,2021,401085295,2,9,0,18,19,5,1,0,0,0,0,0,4,6,1,1,5,6,1,19,4,999,1,3,AUDI A1,8,E01015745,0,-1
2021991050043,2021,991050043,2,9,0,9,9,5,3,0,0,8,0,0,0,0,2,1,5,6,2,22,5,1395,1,6,AUDI A1,2,-1,0,-1
2021421054766,2021,421054766,2,9,0,18,19,5,1,0,0,8,0,0,0,0,1,1,2,2,2,22,5,999,1,2,AUDI A1,8,E01022059,0,-1
2021622100708,2021,622100708,1,9,0,18,19,6,2,0,0,0,1,0,0,0,1,1,6,6,2,21,5,1395,1,4,AUDI A1,3,W01001153,0,-1
2021411052865,2021,411052865,1,9,0,18,19,6,2,0,0,1,0,0,0,0,1,1,5,6,2,24,5,1598,2,6,AUDI A1,10,E01023436,0,-1
2021101018677,2021,101018677,2,9,0,18,19,3,7,0,0,1,0,0,0,0,1,1,5,6,1,18,4,1197,1,7,AUDI A1,1,E01008737,0,-1
2021430462196,2021,430462196,1,9,0,11,11,8,4,0,0,0,0,0,0,0,4,1,6,6,2,51,8,1395,1,5,AUDI A1,3,E01023920,0,-1
2021061074558,2021,061074558,1,9,0,3,3,4,8,0,0,8,0,0,0,0,2,1,6,6,2,27,6,999,1,0,AUDI A1,10,E01006137,0,-1
2021421027963,2021,421027963,1,9,0,18,19,6,2,0,0,0,1,0,1,0,4,1,6,6,2,34,6,999,1,2,AUDI A1,2,E01002282,0,-1
2021010309556,2021,010309556,2,9,0,99,99,9,9,99,99,9,9,99,9,99,9,9,6,6,1,36,7,1395,1,6,AUDI A1,6,E01000487,0,-1
2021010341889,2021,010341889,2,9,0,18,19,7,3,0,0,1,0,0,0,0,1,1,6,6,1,37,7,1395,1,5,AUDI A1,5,E01002145,0,-1
2021351125367,2021,351125367,1,9,0,18,19,4,8,0,0,0,0,0,0,0,1,1,5,6,1,61,9,1395,1,4,AUDI A1,9,E01018202,0,-1
2021161036547,2021,161036547,2,9,0,18,19,5,1,0,0,0,0,0,0,0,1,1,5,6,2,19,4,1390,1,7,AUDI A1,7,E01013256,0,-1
2021010342648,2021,010342648,1,9,0,18,19,1,5,0,0,0,0,0,0,0,0,1,3,7,2,33,6,1598,2,6,AUDI A1,5,E01000265,0,-1
2021201066512,2021,201066512,1,9,0,18,19,2,6,9,9,1,1,0,0,0,1,1,6,6,2,30,6,1598,2,5,AUDI A1,1,E01009351,0,-1
2021430477040,2021,430477040,2,9,0,18,19,5,1,0,0,0,0,0,0,0,2,1,6,6,2,26,6,1395,1,5,AUDI A1,8,E01028630,0,-1
2021101070696,2021,101070696,1,9,0,18,19,1,5,0,0,1,0,0,0,0,1,1,6,6,2,21,5,999,1,5,AUDI A1,7,E01008315,0,-1
2021010313719,2021,010313719,1,9,0,3,3,5,1,99,99,9,9,99,9,99,2,1,6,6,2,23,5,1598,2,7,AUDI A1,4,E01021598,0,-1
2021211074596,2021,211074596,1,9,0,9,9,2,1,0,0,2,0,0,1,9,1,1,5,6,2,21,5,999,1,1,AUDI A1,10,E01006395,0,-1
202134NNC3311,2021,34NNC3311,1,9,0,18,19,7,3,0,0,0,2,4,0,0,1,1,6,6,1,17,4,1395,1,4,AUDI A1,3,E01027058,0,-1
2021131113648,2021,131113648,2,9,0,7,7,5,3,0,0,0,0,0,0,0,1,1,3,7,2,37,7,1598,2,4,AUDI A1,8,E01011412,0,-1
2021141107407,2021,141107407,1,9,0,4,4,2,6,0,0,0,0,0,0,0,2,1,6,6,2,22,5,1598,2,7,AUDI A1,1,E01007877,0,-1
2021440395549,2021,440395549,1,9,0,18,19,5,1,0,0,8,0,0,0,0,1,1,6,6,1,20,4,1390,1,8,AUDI A1,6,E01017173,0,-1
2021421104846,2021,421104846,3,9,0,18,19,3,7,0,0,0,0,0,0,0,2,1,5,6,2,22,5,1395,1,4,AUDI A1,-1,-1,0,-1
2021010290478,2021,010290478,1,9,0,99,99,9,9,99,99,9,9,99,9,99,1,9,6,6,2,30,6,1390,1,9,AUDI A1,7,E01000288,0,-1
2021131076421,2021,131076421,1,9,0,18,19,6,8,0,0,2,0,0,0,0,4,1,5,6,2,48,8,1598,2,8,AUDI A1,8,E01011829,0,-1
2021440302756,2021,440302756,1,9,0,4,4,5,1,0,0,1,0,0,0,0,2,1,6,6,2,27,6,999,1,3,AUDI A1,8,E01032758,0,-1
2021461080100,2021,461080100,2,9,0,3,3,1,5,0,0,8,0,0,0,0,2,1,2,2,2,49,8,1395,1,3,AUDI A1,9,E01024349,0,-1
2021421051814,2021,421051814,1,9,0,18,19,8,5,0,0,0,0,0,0,0,1,1,5,6,2,19,4,1395,1,3,AUDI A1,9,E01022060,0,-1
2021122101373,2021,122101373,1,9,0,10,10,3,1,0,0,6,0,0,0,0,3,1,6,6,3,-1,-1,1598,2,5,AUDI A1,-1,-1,0,-1
2021041043295,2021,041043295,1,9,0,18,19,3,7,0,0,2,0,0,0,0,1,1,1,1,2,27,6,1598,2,9,AUDI A1,5,E01025580,0,-1
2021131052349,2021,131052349,1,9,0,16,19,7,3,0,0,0,0,0,0,0,1,1,6,6,1,18,4,1395,1,7,AUDI A1,3,E01010836,0,-1
2021161086485,2021,161086485,2,9,0,18,19,1,5,0,0,4,0,0,0,0,3,1,1,1,2,26,6,999,1,3,AUDI A1,1,E01012780,0,-1
2021141011327,2021,141011327,1,9,0,18,19,2,7,0,0,8,0,0,0,0,1,1,6,6,2,25,5,1598,2,8,AUDI A1,1,E01007509,0,-1
2021201142293,2021,201142293,2,9,0,9,9,2,8,0,0,6,0,0,0,0,1,1,6,6,1,-1,-1,1598,2,9,AUDI A1,-1,-1,0,-1
2021351111320,2021,351111320,2,9,0,18,19,8,4,0,0,1,0,0,0,0,1,1,6,6,2,19,4,999,1,0,AUDI A1,10,E01018130,0,-1
2021991043194,2021,991043194,2,9,0,18,19,1,5,0,0,1,0,10,0,0,1,1,5,6,1,17,4,1395,1,5,AUDI A1,10,-1,0,-1
2021411083516,2021,411083516,2,9,0,2,2,0,0,0,0,1,0,0,0,0,1,1,6,6,2,42,7,999,1,0,AUDI A1,2,E01023338,0,-1
2021010329395,2021,010329395,1,9,0,99,99,9,9,99,99,9,9,99,9,99,2,9,6,6,2,26,6,999,1,3,AUDI A1,2,E01000743,0,-1
2021361125972,2021,361125972,3,9,0,2,2,3,3,9,9,0,0,0,0,0,2,1,6,6,3,-1,-1,999,1,2,AUDI A1,-1,-1,0,-1
2021031104333,2021,031104333,2,9,0,4,4,7,5,0,0,1,0,0,0,0,1,1,2,2,1,28,6,1968,2,8,AUDI A1,4,-1,0,-1
2021131108967,2021,131108967,2,9,0,9,9,2,6,0,0,1,0,0,0,0,2,1,5,6,3,22,5,1598,2,6,AUDI A1,3,E01011944,0,-1
2021302100844,2021,302100844,1,9,0,9,9,4,2,0,0,2,0,0,0,0,3,1,6,6,2,-1,-1,1395,1,5,AUDI A1,10,E01013577,0,-1
2021131085001,2021,131085001,1,9,0,18,19,6,2,0,0,0,5,0,8,11,1,1,5,6,1,19,4,999,1,3,AUDI A1,4,E01011023,0,-1
2021421064612,2021,421064612,2,9,0,17,19,2,7,0,0,0,0,0,0,0,1,1,5,6,2,22,5,1498,1,1,AUDI A1,10,E01021249,0,-1
2021520200053,2021,520200053,1,9,0,18,19,8,4,0,0,0,0,0,0,0,1,1,6,6,2,90,11,1395,1,5,AUDI A1,8,E01029019,0,-1
2021131098698,2021,131098698,1,9,0,18,19,7,3,0,0,1,0,7,0,0,4,1,2,2,2,23,5,1598,2,9,AUDI A1,1,E01010832,0,-1
2021401023367,2021,401023367,1,9,-1,-1,-1,-1,-1,-1,-1,0,-1,-1,-1,0,-1,1,6,6,1,-1,-1,1395,1,3,AUDI A1,-1,-1,0,-1
2021131110763,2021,131110763,1,9,0,18,19,1,5,0,0,0,5,0,0,0,1,1,5,6,2,78,11,1395,1,3,AUDI A1,9,E01011190,0,-1
2021131052518,2021,131052518,1,9,0,18,19,3,7,0,0,8,0,0,0,0,1,1,6,6,1,27,6,1390,1,7,AUDI A1,1,E01011626,0,-1
2021471100895,2021,471100895,1,9,0,18,19,3,7,0,0,1,0,0,1,4,1,1,6,6,1,38,7,1598,2,8,AUDI A1,7,E01031746,0,-1
202134WNC1621,2021,34WNC1621,2,9,0,4,4,7,3,0,0,0,0,0,0,0,2,1,6,6,2,60,9,1390,1,8,AUDI A1,9,E01027201,0,-1
2021101033055,2021,101033055,2,9,0,9,9,1,5,0,0,0,0,0,0,0,1,1,6,6,2,27,6,999,1,3,AUDI A1,6,E01008758,0,-1
2021141105477,2021,141105477,2,9,0,18,19,2,7,0,0,8,0,0,0,0,1,1,1,1,2,55,8,1390,1,9,AUDI A1,2,E01007726,0,-1
2021421013001,2021,421013001,2,9,0,18,19,1,5,0,0,1,0,0,0,0,1,1,6,6,2,45,7,999,1,2,AUDI A1,3,E01015922,0,-1
2021138210245,2021,138210245,2,9,0,18,19,2,6,0,0,0,1,0,0,0,0,1,1,1,2,31,6,1395,1,4,AUDI A1,10,E01010954,0,-1
2021552100901,2021,552100901,1,9,0,18,19,1,5,0,0,6,0,0,0,0,1,1,6,6,1,77,11,1395,1,4,AUDI A1,10,E01015452,0,-1