collision_index,collision_year,collision_ref_no,vehicle_reference,vehicle_type,towing_and_articulation,vehicle_manoeuvre_historic,vehicle_manoeuvre,vehicle_direction_from,vehicle_direction_to,vehicle_location_restricted_lane_historic,vehicle_location_restricted_lane,junction_location,skidding_and_overturning,hit_object_in_carriageway,vehicle_leaving_carriageway,hit_object_off_carriageway,first_point_of_impact,vehicle_left_hand_drive,journey_purpose_of_driver_historic,journey_purpose_of_driver,sex_of_driver,age_of_driver,age_band_of_driver,engine_capacity_cc,propulsion_code,age_of_vehicle,generic_make_model,driver_imd_decile,lsoa_of_driver,escooter_flag,driver_distance_banding
2021302101961,2021,302101961,1,9,0,18,19,4,8,0,0,0,0,0,0,0,1,1,6,6,1,22,5,1197,1,10,AUDI A1,2,E01010528,0,-1
2021061117187,2021,061117187,1,9,0,18,19,5,1,0,0,8,0,0,0,0,1,1,5,6,2,24,5,1598,2,5,AUDI A1,1,E01005187,0,-1
2021010311343,2021,010311343,1,9,0,18,19,1,5,0,0,8,0,0,0,0,1,1,2,2,1,21,5,999,1,1,AUDI A1,3,E01033464,0,-1
2021010292148,2021,010292148,1,9,0,11,11,1,5,0,0,0,9,99,0,0,4,9,6,6,1,41,7,999,1,5,AUDI A1,2,E01004711,0,-1
2021461097904,2021,461097904,2,9,0,17,19,7,3,0,0,5,0,11,2,10,4,1,1,1,2,21,5,1598,2,9,AUDI A1,5,E01024673,0,-1
2021010334775,2021,010334775,1,9,0,99,99,9,9,99,99,9,9,99,9,99,2,9,6,6,2,42,7,1395,1,7,AUDI A1,3,E01001436,0,-1
2021991028358,2021,991028358,2,9,0,5,5,2,7,0,0,4,0,0,0,0,4,1,6,6,2,21,5,1598,2,4,AUDI A1,5,-1,0,-1
2021548176221,2021,548176221,1,9,0,18,19,3,5,0,0,1,0,0,0,0,1,1,6,6,2,19,4,999,1,0,AUDI A1,9,E01015473,0,-1
2021302100968,2021,302100968,2,9,0,18,19,8,4,0,0,1,0,0,0,0,1,1,6,6,2,23,5,1598,2,5,AUDI A1,7,E01019479,0,-1
2021461084100,2021,461084100,2,9,0,10,10,3,7,0,0,1,0,0,0,0,2,1,2,2,2,32,6,1598,2,7,AUDI A1,6,E01024679,0,-1
2021522103839,2021,522103839,1,9,0,5,5,5,1,0,0,1,0,0,0,0,2,1,6,6,2,22,5,1598,2,10,AUDI A1,10,E01014759,0,-1
2021411101506,2021,411101506,1,9,0,18,19,2,6,0,0,8,0,0,0,0,3,1,6,6,2,23,5,1390,1,10,AUDI A1,5,E01004383,0,-1
2021052100622,2021,052100622,2,9,0,3,3,3,7,0,0,1,0,0,0,0,2,1,6,6,2,20,4,1598,2,7,AUDI A1,5,E01006930,0,-1
2021201100978,2021,201100978,2,9,0,4,4,-1,-1,0,0,0,0,0,0,0,2,1,6,6,2,26,6,1968,2,7,AUDI A1,1,E01009952,0,-1
202131B164121,2021,31B164121,1,9,0,18,19,6,2,0,0,8,0,0,0,0,1,1,6,6,2,18,4,1598,2,10,AUDI A1,1,E01028320,0,-1
2021991056458,2021,991056458,1,9,0,7,7,1,7,0,0,6,0,0,0,0,1,1,5,6,2,41,7,1390,1,7,AUDI A1,9,-1,0,-1
2021122100913,2021,122100913,1,9,0,18,19,1,5,0,0,0,2,0,2,11,1,1,6,6,2,17,4,1598,2,9,AUDI A1,2,-1,0,-1
2021451038175,2021,451038175,2,9,0,4,4,3,7,0,0,0,0,0,0,0,1,1,5,6,1,17,4,1598,2,4,AUDI A1,7,E01030833,0,-1
2021471025998,2021,471025998,1,9,0,18,19,4,2,0,0,0,0,0,0,0,3,1,2,2,1,60,9,1395,1,3,AUDI A1,10,E01031641,0,-1
2021052100126,2021,052100126,1,9,0,5,5,1,5,0,0,8,0,0,0,0,1,1,6,6,2,37,7,1598,2,8,AUDI A1,1,E01006643,0,-1
2021552100944,2021,552100944,1,9,0,11,11,6,2,0,0,3,1,0,0,0,4,1,6,6,2,23,5,999,1,5,AUDI A1,10,E01015396,0,-1
2021101022020,2021,101022020,1,9,0,18,19,3,7,0,0,0,0,0,0,0,4,1,5,6,2,24,5,999,1,1,AUDI A1,2,E01008822,0,-1
2021421027991,2021,421027991,2,9,0,18,19,3,7,0,0,0,0,0,1,0,1,1,5,6,1,19,4,999,1,2,AUDI A1,7,E01021971,0,-1
2021351117762,2021,351117762,2,9,0,-1,-1,3,5,0,0,2,0,0,0,0,4,1,6,6,2,29,6,1598,2,9,AUDI A1,-1,-1,0,-1
2021302101673,2021,302101673,1,9,0,18,19,2,6,0,0,6,0,0,3,0,1,1,6,6,2,20,4,1598,2,5,AUDI A1,5,E01019456,0,-1
2021141014662,2021,141014662,2,9,0,18,19,1,5,0,0,0,1,0,0,0,2,2,6,6,2,19,4,1197,1,8,AUDI A1,5,E01019791,0,-1
2021221070471,2021,221070471,1,9,0,9,9,3,8,0,0,6,0,0,0,0,1,1,6,6,1,22,5,1598,2,7,AUDI A1,10,E01018503,0,-1
2021061095888,2021,061095888,2,9,0,4,4,1,1,0,0,0,0,0,0,0,2,1,6,6,2,20,4,999,1,5,AUDI A1,3,E01005982,0,-1
2021052102083,2021,052102083,2,9,0,2,2,0,0,0,0,0,0,0,0,0,3,1,2,2,2,21,5,999,1,6,AUDI A1,4,E01007140,0,-1
2021201088022,2021,201088022,2,9,0,18,19,4,8,0,0,0,0,0,0,0,1,1,6,6,2,39,7,1390,1,7,AUDI A1,1,E01009128,0,-1
202134NNC7271,2021,34NNC7271,2,9,0,18,19,1,5,0,0,0,0,0,0,0,1,1,6,6,1,19,4,1395,1,4,AUDI A1,6,E01027047,0,-1
2021010311935,2021,010311935,2,9,0,18,19,3,7,0,0,0,0,0,0,0,1,1,6,6,2,23,5,1498,1,2,AUDI A1,10,E01030604,0,-1
2021471047212,2021,471047212,1,9,0,5,5,7,4,0,0,1,0,0,0,0,1,1,6,6,2,23,5,1390,1,7,AUDI A1,9,E01031493,0,-1
2021421050389,2021,421050389,2,9,0,2,2,0,0,0,0,0,0,0,0,0,3,1,5,6,2,38,7,1598,2,8,AUDI A1,7,E01021378,0,-1
2021440004225,2021,440004225,1,9,0,4,4,6,2,0,0,1,0,0,0,0,2,1,1,1,1,62,9,1395,1,6,AUDI A1,2,E01022969,0,-1
2021041113454,2021,041113454,2,9,0,9,9,7,5,0,0,3,0,0,0,0,1,1,6,6,2,20,4,999,1,0,AUDI A1,3,E01012653,0,-1
2021201137323,2021,201137323,2,9,0,11,11,7,3,0,0,0,0,0,0,0,2,1,6,6,2,20,4,1395,1,3,AUDI A1,1,E01010063,0,-1
2021622100152,2021,622100152,1,9,0,18,19,2,6,0,0,0,0,0,0,0,1,1,2,2,1,20,4,999,1,5,AUDI A1,7,W01000875,0,-1
2021461106177,2021,461106177,2,9,0,18,19,1,5,0,0,8,0,0,0,0,1,1,2,2,2,20,4,1395,1,3,AUDI A1,7,E01024813,0,-1
2021401085332,2021,401085332,2,9,0,18,19,2,6,0,0,8,0,0,1,0,1,1,6,6,2,31,6,1598,2,7,AUDI A1,2,E01015720,0,-1
2021610054121,2021,610054121,2,9,0,18,19,7,3,0,0,0,0,0,0,0,1,1,6,6,2,24,5,1395,1,4,AUDI A1,2,W01001447,0,-1
2021010322002,2021,010322002,1,9,0,99,99,9,9,99,99,9,9,99,9,99,4,9,6,6,2,61,9,1390,1,7,AUDI A1,10,E01000838,0,-1
2021161035965,2021,161035965,1,9,0,5,5,2,6,0,0,1,0,0,0,0,1,1,6,6,1,18,4,1598,2,10,AUDI A1,-1,-1,0,-1
2021411136252,2021,411136252,2,9,0,2,2,0,0,0,0,0,0,0,0,0,4,1,6,6,3,-1,-1,999,1,1,AUDI A1,-1,-1,0,-1
2021010304637,2021,010304637,2,9,0,9,9,6,4,0,0,6,0,0,0,0,0,1,6,6,3,21,5,999,1,3,AUDI A1,5,E01004700,0,-1
2021361110262,2021,361110262,1,9,0,18,19,8,4,0,0,0,2,0,7,0,1,1,5,6,2,20,4,1395,1,6,AUDI A1,5,E01026496,0,-1
2021101042437,2021,101042437,2,9,0,5,5,6,2,0,0,1,0,0,0,0,1,1,2,2,2,32,6,1598,2,9,AUDI A1,-1,-1,0,-1
2021201097460,2021,201097460,2,9,0,9,9,2,8,0,0,5,0,0,0,0,3,1,6,6,1,21,5,1395,1,6,AUDI A1,3,E01008945,0,-1
2021122100663,2021,122100663,2,9,0,5,5,7,3,0,0,4,0,0,0,0,3,1,6,6,2,70,10,999,1,1,AUDI A1,7,E01027692,0,-1
2021421081647,2021,421081647,1,9,0,1,1,4,2,9,9,0,0,0,0,0,2,1,2,2,2,24,5,999,1,3,AUDI A1,1,E01021970,0,-1
2021010330565,2021,010330565,2,9,0,99,99,9,9,99,99,9,9,99,9,99,1,9,6,6,2,24,5,999,1,6,AUDI A1,5,E01001682,0,-1
2021451108442,2021,451108442,1,9,0,18,19,3,7,0,0,1,0,0,0,0,1,1,5,6,2,34,6,1390,1,7,AUDI A1,10,E01030327,0,-1
2021041059280,2021,041059280,1,9,0,9,9,1,3,0,0,0,0,0,0,0,1,1,2,2,1,30,6,999,1,3,AUDI A1,8,E01025354,0,-1
2021211145134,2021,211145134,2,9,0,18,19,8,4,0,0,0,0,0,0,0,2,1,6,6,2,27,6,1598,2,7,AUDI A1,7,E01029794,0,-1
2021411067947,2021,411067947,2,9,0,18,19,8,4,9,9,0,0,2,0,0,1,1,6,6,3,-1,-1,999,1,0,AUDI A1,-1,-1,0,-1
2021421047947,2021,421047947,2,9,0,18,19,1,5,0,0,8,0,0,0,0,1,1,6,6,2,21,5,999,1,4,AUDI A1,7,E01003651,0,-1
2021471027797,2021,471027797,2,9,0,18,19,6,2,0,0,0,0,0,0,0,1,1,5,6,2,28,6,1395,1,5,AUDI A1,10,E01031773,0,-1
2021010311340,2021,010311340,1,9,0,8,8,3,5,0,0,1,0,0,0,0,1,1,6,6,3,-1,-1,1395,1,4,AUDI A1,-1,-1,0,-1
2021461044675,2021,461044675,1,9,0,18,19,1,5,0,0,0,0,0,0,0,1,1,6,6,2,24,5,1598,2,7,AUDI A1,6,E01024245,0,-1
2021201105167,2021,201105167,2,9,0,18,19,3,7,0,0,1,0,0,0,0,1,1,6,6,2,20,4,999,1,0,AUDI A1,1,E01033639,0,-1
2021052102393,2021,052102393,2,9,0,18,19,6,2,0,0,8,0,0,0,0,1,1,6,6,2,25,5,999,1,1,AUDI A1,6,E01018394,0,-1
2021471080889,2021,471080889,1,9,0,18,19,7,3,0,0,0,0,0,0,0,4,1,5,6,1,22,5,999,1,0,AUDI A1,1,E01016942,0,-1
2021141051095,2021,141051095,2,9,0,18,19,8,4,0,0,1,0,0,0,0,1,1,5,6,1,20,4,999,1,0,AUDI A1,7,E01007829,0,-1
2021010324073,2021,010324073,1,9,0,7,7,2,4,0,0,6,0,0,0,0,3,1,6,6,1,59,9,1598,2,9,AUDI A1,3,E01000052,0,-1
2021010329669,2021,010329669,1,9,0,4,4,5,1,0,0,5,0,0,0,0,1,1,2,2,2,24,5,1390,1,11,AUDI A1,4,E01003739,0,-1
2021010322644,2021,010322644,1,9,0,3,3,7,3,0,0,0,0,0,0,0,4,1,6,6,1,32,6,1395,1,4,AUDI A1,6,E01000259,0,-1
2021010316316,2021,010316316,2,9,0,18,19,5,1,0,0,8,0,0,0,0,9,9,6,6,3,-1,-1,1968,2,8,AUDI A1,-1,-1,0,-1
2021052101815,2021,052101815,2,9,0,18,19,5,1,0,0,1,0,0,0,0,1,1,6,6,2,20,4,999,1,0,AUDI A1,1,E01006540,0,-1
2021141023568,2021,141023568,2,9,0,18,19,4,6,0,0,0,0,0,0,0,1,1,6,6,2,-1,-1,1598,2,10,AUDI A1,7,E01027988,0,-1
2021501082363,2021,501082363,1,9,0,18,19,7,3,0,0,0,0,0,0,0,1,1,6,6,2,26,6,1395,1,4,AUDI A1,4,E01019073,0,-1
2021501164880,2021,501164880,4,9,0,2,2,0,0,0,0,0,0,0,0,0,4,1,5,6,2,34,6,1598,2,9,AUDI A1,1,E01015028,0,-1
2021010300958,2021,010300958,2,9,0,4,4,1,5,0,0,1,0,0,0,0,2,2,6,6,2,59,9,999,1,2,AUDI A1,10,E01001416,0,-1
2021461102064,2021,461102064,1,9,0,17,19,1,5,0,0,0,1,0,0,0,1,1,6,6,2,19,4,1197,1,8,AUDI A1,8,E01024237,0,-1
2021991016884,2021,991016884,3,9,0,18,19,1,5,0,0,0,1,0,0,0,1,1,6,6,1,33,6,1395,1,6,AUDI A1,2,-1,0,-1
2021010339286,2021,010339286,2,9,0,9,9,1,6,0,0,6,0,0,0,0,1,1,6,6,1,20,4,999,1,0,AUDI A1,4,E01001325,0,-1
2021010303587,2021,010303587,1,9,0,18,19,1,5,9,9,0,1,4,6,11,1,1,6,6,2,23,5,1395,1,5,AUDI A1,6,E01002680,0,-1
2021201133384,2021,201133384,1,9,0,18,19,2,6,0,0,0,0,0,0,0,1,1,6,6,2,21,5,1390,1,8,AUDI A1,10,E01009431,0,-1
202134WNC2621,2021,34WNC2621,1,9,0,5,5,4,8,0,0,6,0,0,0,0,3,1,6,6,1,30,6,999,1,2,AUDI A1,4,E01016727,0,-1
2021201131355,2021,201131355,1,9,0,4,4,6,2,0,0,1,0,0,0,0,1,1,6,6,2,58,9,999,1,0,AUDI A1,1,E01010140,0,-1
2021131052719,2021,131052719,1,9,0,18,19,6,2,0,0,0,0,0,0,0,1,1,6,6,1,48,8,999,1,5,AUDI A1,1,E01010622,0,-1
2021461068826,2021,461068826,1,9,0,18,19,3,7,0,0,3,0,10,2,0,1,1,6,6,1,38,7,999,1,0,AUDI A1,4,E01001699,0,-1
2021522201357,2021,522201357,1,9,0,18,19,3,7,0,0,0,0,0,1,11,1,1,6,6,1,35,6,999,1,2,AUDI A1,4,E01014603,0,-1
2021351056016,2021,351056016,2,9,0,11,11,8,2,0,0,8,0,0,0,0,2,1,1,1,1,74,10,999,1,4,AUDI A1,9,E01018250,0,-1
2021041023097,2021,041023097,2,9,0,4,4,5,1,0,0,0,0,0,0,0,2,1,5,6,2,24,5,1598,2,10,AUDI A1,1,E01025236,0,-1
2021440288992,2021,440288992,1,9,0,3,3,6,2,0,0,0,0,0,0,0,2,1,6,6,2,21,5,1390,1,8,AUDI A1,10,E01022664,0,-1
2021010312516,2021,010312516,1,9,0,99,99,9,9,99,99,9,9,99,9,99,1,9,6,6,2,25,5,1395,1,3,AUDI A1,5,E01003691,0,-1
2021010317348,2021,010317348,1,9,0,7,7,7,2,9,9,1,1,0,1,2,1,1,6,6,1,18,4,999,1,6,AUDI A1,5,E01016556,0,-1
2021061105473,2021,061105473,2,9,0,10,10,2,1,0,0,1,0,0,0,0,2,1,5,6,2,22,5,1598,2,6,AUDI A1,2,E01004873,0,-1
202131A048721,2021,31A048721,1,9,0,9,9,2,7,0,0,5,0,0,0,0,4,1,6,6,2,19,4,1598,2,10,AUDI A1,1,E01027966,0,-1
2021010291350,2021,010291350,2,9,0,18,19,3,7,0,0,0,0,0,0,0,1,1,6,6,2,45,7,1390,1,9,AUDI A1,3,E01001516,0,-1
2021010338501,2021,010338501,3,9,0,2,2,0,0,0,0,2,0,0,0,0,1,1,6,6,3,-1,-1,999,1,2,AUDI A1,-1,-1,0,-1
2021010330246,2021,010330246,2,9,0,99,99,9,9,99,99,9,9,99,9,99,9,9,6,6,2,22,5,1598,2,7,AUDI A1,7,E01021895,0,-1
2021010320452,2021,010320452,2,9,9,99,99,9,9,99,99,9,9,99,9,99,9,9,6,6,3,-1,-1,999,1,2,AUDI A1,10,E01001032,0,-1
2021010311345,2021,010311345,1,9,0,18,19,7,3,0,0,8,0,0,1,11,1,1,6,6,1,37,7,1395,1,5,AUDI A1,-1,-1,0,-1
2021010324136,2021,010324136,1,9,0,17,19,7,3,0,0,0,0,0,0,0,1,1,2,2,1,27,6,999,1,2,AUDI A1,8,E01003001,0,-1
202131C087521,2021,31C087521,2,9,0,18,19,3,7,0,0,8,1,0,7,2,1,1,6,6,1,25,5,1598,2,8,AUDI A1,2,E01013919,0,-1
2021010336333,2021,010336333,1,9,0,18,19,5,1,0,0,1,0,0,7,0,1,1,6,6,2,20,4,999,1,3,AUDI A1,7,E01002343,0,-1
2021101054204,2021,101054204,2,9,0,18,19,3,7,0,0,2,0,0,0,0,1,1,6,6,2,29,6,999,1,5,AUDI A1,10,E01032647,0,-1
2021010309511,2021,010309511,1,9,0,18,19,1,5,0,0,1,0,0,0,0,0,1,2,2,1,54,8,999,1,1,AUDI A1,4,E01003062,0,-1
2021010315461,2021,010315461,2,9,0,2,2,0,0,0,0,0,0,0,0,0,1,1,6,6,3,-1,-1,999,1,3,AUDI A1,-1,-1,0,-1
2021131100881,2021,131100881,2,9,0,18,19,5,1,0,0,0,0,0,0,0,2,1,5,6,2,57,9,1395,1,6,AUDI A1,7,E01011069,0,-1
202131C122521,2021,31C122521,1,9,0,18,19,8,4,0,0,6,0,0,0,0,1,1,1,1,2,21,5,999,1,4,AUDI A1,2,E01013916,0,-1
2021302101284,2021,302101284,1,9,0,9,9,4,3,0,0,6,0,0,0,0,1,1,6,6,2,23,5,1395,1,3,AUDI A1,8,E01013526,0,-1
2021010329535,2021,010329535,1,9,0,18,19,5,1,0,0,2,0,0,0,0,1,1,6,6,1,38,7,999,1,3,AUDI A1,4,E01001047,0,-1
2021010306451,2021,010306451,1,9,0,99,99,9,9,99,99,0,9,99,9,99,2,9,6,6,2,73,10,1395,1,4,AUDI A1,10,E01030506,0,-1
2021231091007,2021,231091007,1,9,0,4,4,5,1,0,0,0,0,0,0,0,2,1,5,6,2,23,5,1598,2,6,AUDI A1,5,E01025193,0,-1
2021010293863,2021,010293863,1,9,0,5,5,1,5,0,0,1,0,0,0,0,1,1,6,6,2,47,8,1390,1,8,AUDI A1,2,E01001486,0,-1
2021111082254,2021,111082254,2,9,0,2,2,0,0,0,0,0,0,0,0,0,2,1,5,6,2,33,6,1598,2,7,AUDI A1,2,E01020751,0,-1
2021501084788,2021,501084788,1,9,0,18,19,2,6,0,0,0,1,0,4,6,1,1,5,6,2,24,5,1390,1,10,AUDI A1,9,E01027016,0,-1
2021302102069,2021,302102069,1,9,0,7,7,7,2,0,0,3,1,0,0,0,1,1,6,6,2,22,5,999,1,4,AUDI A1,6,E01019660,0,-1
2021010289863,2021,010289863,2,9,0,18,19,3,7,0,0,0,0,10,0,0,2,1,6,6,2,35,6,999,1,2,AUDI A1,2,E01004385,0,-1
202163B030021,2021,63B030021,2,9,0,17,19,4,1,0,0,0,0,0,7,10,1,1,6,6,2,57,9,999,1,2,AUDI A1,5,W01000535,0,-1
2021430522332,2021,430522332,1,9,0,13,13,5,1,0,0,0,0,0,0,0,4,1,6,6,1,-1,-1,1598,2,8,AUDI A1,-1,-1,0,-1
2021201085701,2021,201085701,1,9,0,10,10,3,7,0,0,1,0,0,0,0,4,1,6,6,2,28,6,1395,1,4,AUDI A1,2,E01029429,0,-1
2021010293426,2021,010293426,3,9,0,18,19,5,1,0,0,2,0,0,0,0,2,1,1,1,2,29,6,999,1,1,AUDI A1,2,E01001667,0,-1
2021141042335,2021,141042335,2,9,0,5,5,5,7,0,0,6,0,0,0,0,1,2,5,6,2,18,4,999,1,2,AUDI A1,3,E01007679,0,-1
2021201101163,2021,201101163,1,9,0,5,5,6,2,0,0,2,0,0,0,0,3,1,2,2,1,25,5,1395,1,4,AUDI A1,4,E01009879,0,-1
2021461039891,2021,461039891,2,9,0,18,19,1,5,0,0,3,0,0,0,0,3,1,2,2,2,23,5,999,1,5,AUDI A1,5,E01024598,0,-1
2021451035325,2021,451035325,2,9,0,18,19,5,1,0,0,0,0,0,0,0,2,1,6,6,3,31,6,999,1,1,AUDI A1,-1,-1,0,-1
2021451055538,2021,451055538,1,9,0,9,9,1,3,0,0,0,0,0,0,0,1,1,5,6,2,19,4,1390,1,10,AUDI A1,10,E01016603,0,-1
2021010320641,2021,010320641,2,9,0,99,99,9,9,99,99,9,9,99,9,99,1,9,6,6,3,-1,-1,1197,1,9,AUDI A1,2,E01002505,0,-1
2021061067287,2021,061067287,1,9,0,18,19,3,7,0,0,8,0,0,0,0,1,1,6,6,2,21,5,999,1,1,AUDI A1,5,E01005040,0,-1
2021211052259,2021,211052259,1,9,0,4,4,1,8,0,0,0,0,0,0,0,0,1,6,6,2,61,9,1390,1,9,AUDI A1,7,E01029519,0,-1
2021201148268,2021,201148268,1,9,0,18,19,7,3,0,0,0,2,4,0,0,1,1,2,2,2,25,5,1390,1,7,AUDI A1,1,E01009198,0,-1
2021010340931,2021,010340931,1,9,0,18,19,1,5,0,0,0,0,4,0,0,1,1,6,6,2,23,5,1395,1,7,AUDI A1,6,E01003705,0,-1
2021141029529,2021,141029529,1,9,0,1,1,6,2,9,9,1,0,0,0,0,2,1,5,6,2,20,4,1598,2,9,AUDI A1,2,E01007855,0,-1
2021461093682,2021,461093682,2,9,0,18,19,3,7,0,0,0,0,0,0,0,4,1,5,6,2,22,5,1395,1,5,AUDI A1,9,E01024445,0,-1
2021401065195,2021,401065195,2,9,0,10,10,1,5,0,0,0,0,0,0,0,1,1,5,6,2,19,4,1395,1,5,AUDI A1,9,E01017614,0,-1
2021131094735,2021,131094735,1,9,0,5,5,7,3,0,0,2,0,0,0,0,2,2,5,6,1,75,10,1395,1,3,AUDI A1,10,E01011845,0,-1
2021302101916,2021,302101916,2,9,0,18,19,4,8,0,0,4,0,0,0,0,2,1,6,6,2,49,8,1395,1,5,AUDI A1,3,E01019810,0,-1
2021451051871,2021,451051871,3,9,0,2,2,0,0,0,0,0,0,0,0,0,3,1,6,6,3,-1,-1,999,1,5,AUDI A1,-1,-1,0,-1
2021211094006,2021,211094006,2,9,0,16,19,7,7,0,0,0,0,0,0,0,1,1,5,6,1,22,5,1598,2,5,AUDI A1,9,E01029479,0,-1
2021010338091,2021,010338091,3,9,0,2,2,0,0,0,0,0,0,0,0,0,4,1,6,6,3,-1,-1,1395,1,3,AUDI A1,-1,-1,0,-1
2021421114764,2021,421114764,4,9,0,4,4,7,3,0,0,1,0,0,0,0,2,1,6,6,2,63,9,1598,2,9,AUDI A1,7,E01023598,0,-1
2021010300842,2021,010300842,2,9,0,99,99,9,9,99,99,0,9,99,9,99,9,9,6,6,3,-1,-1,1395,1,6,AUDI A1,-1,-1,0,-1
2021010324095,2021,010324095,3,9,0,18,19,3,7,0,0,0,0,4,0,0,1,1,6,6,1,19,4,1390,1,7,AUDI A1,-1,-1,0,-1
2021010332961,2021,010332961,2,9,0,6,6,5,5,0,0,0,0,0,0,0,2,1,6,6,1,21,5,999,1,2,AUDI A1,6,E01021258,0,-1
2021141068397,2021,141068397,2,9,0,5,5,1,5,0,0,8,0,0,0,0,1,1,5,6,2,27,6,1598,2,10,AUDI A1,3,E01007457,0,-1
2021544078521,2021,544078521,1,9,0,18,19,7,3,0,0,0,0,0,0,0,3,1,6,6,1,71,10,1197,1,8,AUDI A1,7,E01031891,0,-1
2021991015442,2021,991015442,1,9,0,4,4,5,1,0,0,0,0,0,0,0,1,1,6,6,2,19,4,1598,2,10,AUDI A1,5,-1,0,-1
2021401131093,2021,401131093,1,9,0,18,19,1,2,0,0,1,0,0,0,0,1,1,5,6,2,28,6,999,1,2,AUDI A1,5,E01015767,0,-1
2021131116429,2021,131116429,1,9,0,18,19,1,5,0,0,0,0,0,0,0,2,1,5,6,1,30,6,1968,2,8,AUDI A1,2,E01011262,0,-1
2021111039116,2021,111039116,1,9,-1,9,9,1,8,0,0,2,0,0,0,0,1,1,6,6,3,-1,-1,1968,2,7,AUDI A1,-1,-1,0,-1
2021010329966,2021,010329966,1,9,0,3,3,7,3,0,0,1,0,0,0,0,2,1,6,6,2,18,4,1390,1,6,AUDI A1,8,E01000271,0,-1
2021411088404,2021,411088404,2,9,0,18,19,5,1,0,0,0,0,0,0,0,1,1,5,6,2,21,5,999,1,0,AUDI A1,8,E01023486,0,-1
2021010301537,2021,010301537,1,9,0,3,3,1,5,0,0,1,0,0,0,0,2,1,6,6,2,65,9,1498,1,1,AUDI A1,2,E01032565,0,-1
2021430277355,2021,430277355,2,9,0,18,19,8,4,0,0,0,0,0,0,0,3,1,6,6,2,24,5,1498,1,2,AUDI A1,9,E01033503,0,-1
2021010348016,2021,010348016,2,9,0,99,99,9,9,99,99,9,9,99,9,99,9,9,6,6,3,-1,-1,999,1,2,AUDI A1,2,E01004044,0,-1
2021010334307,2021,010334307,1,9,0,18,19,3,7,0,0,1,0,0,0,0,1,1,6,6,2,44,7,1390,1,7,AUDI A1,9,E01000249,0,-1
2021010299320,2021,010299320,1,9,0,99,99,9,9,99,99,9,9,99,9,99,9,9,6,6,2,25,5,1598,2,7,AUDI A1,2,E01003993,0,-1
2021622100933,2021,622100933,1,9,0,18,19,6,2,0,0,0,1,0,1,0,3,1,1,1,2,31,6,1598,2,10,AUDI A1,3,W01001200,0,-1
2021170H11211,2021,170H11211,1,9,0,3,3,2,6,0,0,1,0,0,0,0,2,1,6,6,2,21,5,1395,1,4,AUDI A1,-1,-1,0,-1
2021010348154,2021,010348154,2,9,0,99,99,9,9,99,99,9,9,99,9,99,1,9,6,6,2,-1,-1,999,1,0,AUDI A1,5,E01003016,0,-1
2021430173038,2021,430173038,2,9,0,4,4,6,2,0,0,8,0,0,0,0,2,2,2,2,2,53,8,999,1,5,AUDI A1,10,E01027293,0,-1
2021471043155,2021,471043155,1,9,0,5,5,3,7,0,0,4,0,0,0,0,1,1,6,6,2,-1,-1,1598,2,9,AUDI A1,9,E01031413,0,-1
2021440254470,2021,440254470,1,9,0,18,19,2,6,0,0,0,0,0,7,4,1,1,6,6,2,75,10,1197,1,8,AUDI A1,10,E01028665,0,-1
2021471088980,2021,471088980,2,9,0,4,4,1,5,0,0,1,1,0,0,0,2,1,6,6,1,-1,-1,999,1,0,AUDI A1,6,E01021104,0,-1
2021302101370,2021,302101370,1,9,0,18,19,2,6,0,0,0,0,0,0,0,3,1,2,2,2,54,8,1395,1,3,AUDI A1,9,E01019595,0,-1
2021122101126,2021,122101126,2,9,0,5,5,1,6,0,0,2,0,0,0,0,1,1,1,1,1,25,5,1395,1,4,AUDI A1,5,E01012140,0,-1
2021461032273,2021,461032273,2,9,0,3,3,0,0,0,0,0,0,0,0,0,2,1,6,6,2,25,5,1598,2,9,AUDI A1,4,E01024111,0,-1
2021991073318,2021,991073318,1,9,0,2,2,1,6,0,0,0,0,0,0,0,3,1,6,6,3,-1,-1,1390,1,10,AUDI A1,-1,-1,0,-1
2021010345133,2021,010345133,2,9,0,2,2,0,0,0,0,0,0,0,0,0,2,1,6,6,3,-1,-1,999,1,2,AUDI A1,-1,-1,0,-1
2021061075089,2021,061075089,2,9,0,18,19,7,3,0,0,1,0,0,0,0,1,1,5,6,3,30,6,999,1,0,AUDI A1,-1,-1,0,-1
2021991028361,2021,991028361,1,9,0,18,19,6,2,0,0,0,0,0,0,0,1,1,2,2,2,24,5,1390,1,7,AUDI A1,5,-1,0,-1
2021421026580,2021,421026580,1,9,0,6,6,7,6,0,0,0,0,0,0,0,3,1,5,6,1,22,5,999,1,2,AUDI A1,3,E01004415,0,-1
2021461105576,2021,461105576,2,9,0,3,3,6,6,0,0,0,0,0,0,0,2,1,5,6,2,30,6,999,1,2,AUDI A1,7,E01024141,0,-1
2021010289177,2021,010289177,1,9,0,99,99,9,9,99,99,9,9,99,9,99,2,9,6,6,1,36,7,1390,1,10,AUDI A1,4,E01000609,0,-1
202106F079896,2021,06F079896,1,9,0,3,3,2,6,0,0,1,0,0,0,0,2,1,6,6,1,23,5,1598,2,6,AUDI A1,2,E01032906,0,-1
2021010323697,2021,010323697,2,9,0,18,19,2,6,0,0,0,0,0,0,0,1,1,6,6,2,38,7,1395,1,3,AUDI A1,5,E01000398,0,-1