collision_index,collision_year,collision_ref_no,vehicle_reference,vehicle_type,towing_and_articulation,vehicle_manoeuvre_historic,vehicle_manoeuvre,vehicle_direction_from,vehicle_direction_to,vehicle_location_restricted_lane_historic,vehicle_location_restricted_lane,junction_location,skidding_and_overturning,hit_object_in_carriageway,vehicle_leaving_carriageway,hit_object_off_carriageway,first_point_of_impact,vehicle_left_hand_drive,journey_purpose_of_driver_historic,journey_purpose_of_driver,sex_of_driver,age_of_driver,age_band_of_driver,engine_capacity_cc,propulsion_code,age_of_vehicle,generic_make_model,driver_imd_decile,lsoa_of_driver,escooter_flag,driver_distance_banding
2021991031172,2021,991031172,1,9,0,18,19,5,1,0,0,0,0,0,0,0,3,1,6,6,1,28,6,3200,2,7,MITSUBISHI SHOGUN,5,-1,0,-1
2021501083056,2021,501083056,1,9,0,17,19,8,4,0,0,1,0,0,0,0,3,1,6,6,1,37,7,2477,2,19,MITSUBISHI SHOGUN,5,E01020098,0,-1
2021010313749,2021,010313749,2,9,0,99,99,9,9,99,99,9,9,99,9,99,1,9,6,6,1,67,10,1999,1,16,MITSUBISHI SHOGUN,6,E01000250,0,-1
2021070392908,2021,070392908,1,9,0,9,9,2,8,0,0,2,0,0,0,0,1,1,6,6,1,72,10,3200,2,16,MITSUBISHI SHOGUN,8,E01018649,0,-1
2021131050490,2021,131050490,1,9,0,1,1,3,3,0,0,8,0,0,0,0,2,1,5,6,1,76,11,2442,2,2,MITSUBISHI SHOGUN,7,E01010638,0,-1
2021141085183,2021,141085183,1,9,0,18,19,7,4,0,0,1,0,0,0,0,1,1,2,2,1,55,8,2477,2,15,MITSUBISHI SHOGUN,2,E01007815,0,-1
2021549605421,2021,549605421,1,9,0,18,19,6,2,0,0,2,5,0,0,0,1,1,6,6,1,57,9,3200,2,18,MITSUBISHI SHOGUN,8,E01016298,0,-1
2021520102592,2021,520102592,1,9,0,18,19,7,3,0,0,0,0,0,0,0,1,1,6,6,1,52,8,3497,1,20,MITSUBISHI SHOGUN,5,E01029330,0,-1
2021070528824,2021,070528824,4,9,0,4,4,7,3,0,0,0,0,0,0,0,2,1,6,6,1,57,9,2442,2,2,MITSUBISHI SHOGUN,5,E01006920,0,-1
2021622100975,2021,622100975,1,9,0,18,19,8,4,0,0,1,0,0,0,0,1,1,6,6,2,33,6,3200,2,10,MITSUBISHI SHOGUN,1,W01000975,0,-1
2021501045140,2021,501045140,1,9,0,18,19,7,3,0,0,0,1,0,0,0,1,1,5,6,1,63,9,3200,2,6,MITSUBISHI SHOGUN,5,E01029058,0,-1
2021070769823,2021,070769823,1,9,0,16,19,5,1,0,0,0,5,0,0,0,0,1,6,6,2,66,10,2477,2,14,MITSUBISHI SHOGUN,6,E01018356,0,-1
2021501022593,2021,501022593,1,9,0,18,19,8,4,0,0,0,5,0,1,0,4,1,6,6,1,44,7,2477,2,14,MITSUBISHI SHOGUN,4,E01018829,0,-1
2021440359961,2021,440359961,2,9,2,18,19,6,2,0,0,8,2,0,1,0,3,1,6,6,2,39,7,2442,2,0,MITSUBISHI SHOGUN,5,E01022999,0,-1
2021131089074,2021,131089074,1,9,0,14,14,3,7,0,0,2,0,0,0,0,3,1,6,6,1,50,8,2477,2,16,MITSUBISHI SHOGUN,5,E01011065,0,-1
2021501082386,2021,501082386,1,9,0,18,19,5,1,0,0,0,0,0,5,6,1,1,5,6,1,68,10,3200,2,16,MITSUBISHI SHOGUN,5,E01020256,0,-1
2021421056140,2021,421056140,2,9,0,18,19,6,2,0,0,0,0,0,0,0,2,1,6,6,2,50,8,3200,2,5,MITSUBISHI SHOGUN,7,E01021381,0,-1
2021401101395,2021,401101395,1,9,0,18,19,2,6,0,0,1,0,0,0,0,3,1,6,6,1,59,9,3200,2,6,MITSUBISHI SHOGUN,8,E01015799,0,-1
2021501049024,2021,501049024,1,9,0,16,19,3,7,0,0,0,5,0,7,0,3,1,6,6,1,51,8,3200,2,15,MITSUBISHI SHOGUN,6,E01019058,0,-1
2021302101229,2021,302101229,1,9,0,18,19,8,4,0,0,0,0,0,0,0,1,1,6,6,3,-1,-1,2442,2,0,MITSUBISHI SHOGUN,5,E01019456,0,-1
2021461108683,2021,461108683,2,9,0,9,9,3,1,0,0,0,0,0,0,0,3,1,6,6,2,71,10,659,1,13,MITSUBISHI SHOGUN,7,E01032619,0,-1
2021131076567,2021,131076567,1,9,0,18,19,1,3,0,0,8,0,0,7,10,1,1,6,6,1,82,11,3200,2,17,MITSUBISHI SHOGUN,3,E01011048,0,-1
2021541885321,2021,541885321,2,9,0,2,2,0,0,0,0,2,0,0,0,0,2,1,6,6,3,-1,-1,3200,2,17,MITSUBISHI SHOGUN,-1,-1,0,-1
2021351095418,2021,351095418,1,9,0,18,19,4,8,0,0,0,1,0,1,2,3,1,5,6,2,44,7,3500,1,19,MITSUBISHI SHOGUN,6,E01026441,0,-1
2021451109855,2021,451109855,1,9,0,1,1,3,1,0,0,1,0,4,0,0,2,1,5,6,3,26,6,3200,2,6,MITSUBISHI SHOGUN,3,E01030362,0,-1
2021201149074,2021,201149074,2,9,0,3,3,5,1,0,0,1,0,0,0,0,2,1,6,6,1,-1,-1,1999,1,17,MITSUBISHI SHOGUN,6,E01009614,0,-1
2021552101076,2021,552101076,1,9,0,18,19,2,6,0,0,0,0,0,0,0,1,1,6,6,2,43,7,3200,2,15,MITSUBISHI SHOGUN,5,E01020472,0,-1
2021010306047,2021,010306047,2,9,0,9,9,2,1,0,0,0,0,0,0,0,1,1,1,1,1,41,7,3200,2,5,MITSUBISHI SHOGUN,3,E01032764,0,-1
2021501121617,2021,501121617,4,9,0,18,19,1,1,0,0,0,0,0,0,0,1,1,6,6,1,76,11,1834,1,20,MITSUBISHI SHOGUN,4,E01019037,0,-1
2021231125408,2021,231125408,2,9,4,18,19,7,4,0,0,8,0,0,0,0,4,1,1,1,1,29,6,3200,2,15,MITSUBISHI SHOGUN,10,E01031143,0,-1
2021451069677,2021,451069677,2,9,0,18,19,4,5,0,0,2,1,0,0,0,1,1,6,6,1,50,8,2442,2,0,MITSUBISHI SHOGUN,-1,-1,0,-1
2021501072127,2021,501072127,1,9,0,9,9,1,7,0,0,8,0,0,0,0,2,1,6,6,1,78,11,3200,2,3,MITSUBISHI SHOGUN,4,E01020065,0,-1
2021531121611,2021,531121611,1,9,0,4,4,5,1,0,0,0,0,0,0,0,1,1,2,2,1,64,9,3200,2,13,MITSUBISHI SHOGUN,6,E01022271,0,-1
2021461054246,2021,461054246,1,9,0,18,19,4,8,0,0,0,0,0,0,0,3,1,6,6,2,-1,-1,2477,2,16,MITSUBISHI SHOGUN,4,E01021013,0,-1
2021010323068,2021,010323068,2,9,0,18,19,7,3,0,0,1,0,0,0,0,1,1,6,6,1,42,7,3200,2,4,MITSUBISHI SHOGUN,1,E01004257,0,-1
2021430188286,2021,430188286,1,9,0,18,19,1,0,0,0,1,0,0,1,0,3,1,6,6,1,49,8,2442,2,2,MITSUBISHI SHOGUN,6,E01004693,0,-1
2021411025360,2021,411025360,2,19,0,18,19,5,1,0,0,4,0,0,0,0,1,1,6,6,3,-1,-1,2477,2,16,MITSUBISHI SHOGUN,-1,-1,0,-1
2021440145090,2021,440145090,1,9,0,5,5,8,4,0,0,1,0,0,0,0,1,1,6,6,1,49,8,2972,1,19,MITSUBISHI SHOGUN,6,E01022677,0,-1
2021991097181,2021,991097181,2,9,0,18,19,4,1,0,0,1,1,0,7,1,1,1,5,6,2,46,8,3200,2,9,MITSUBISHI SHOGUN,7,-1,0,-1
2021531055123,2021,531055123,1,9,0,9,9,1,7,0,0,1,0,0,0,0,1,1,6,6,1,63,9,3200,2,5,MITSUBISHI SHOGUN,9,E01028798,0,-1
2021122100129,2021,122100129,1,9,0,18,19,6,2,0,0,0,1,0,0,0,4,1,1,1,1,26,6,2477,2,16,MITSUBISHI SHOGUN,8,E01005415,0,-1
2021351018596,2021,351018596,2,9,0,18,19,2,6,0,0,0,0,0,0,0,1,1,2,2,1,48,8,3200,2,10,MITSUBISHI SHOGUN,4,E01030115,0,-1
2021010314706,2021,010314706,1,9,0,18,19,2,6,0,0,1,0,0,0,0,1,1,6,6,1,50,8,2972,7,17,MITSUBISHI SHOGUN,5,E01002740,0,-1
2021351110733,2021,351110733,2,9,0,3,3,5,1,0,0,1,0,0,0,0,2,1,6,6,1,61,9,3200,2,6,MITSUBISHI SHOGUN,3,E01026684,0,-1
2021991079597,2021,991079597,1,9,0,18,19,1,5,0,0,1,0,11,0,0,1,1,5,6,1,58,9,3200,2,5,MITSUBISHI SHOGUN,7,-1,0,-1
2021501135729,2021,501135729,2,9,0,17,19,7,3,0,0,0,0,0,0,0,1,1,5,6,1,38,7,3200,2,19,MITSUBISHI SHOGUN,4,E01018952,0,-1
2021231079851,2021,231079851,1,9,0,18,19,6,2,0,0,0,5,0,1,11,1,1,5,6,1,31,6,3200,2,20,MITSUBISHI SHOGUN,8,E01031070,0,-1
2021522101071,2021,522101071,2,9,4,18,19,5,1,0,0,1,0,0,0,0,1,1,6,6,1,30,6,2477,2,15,MITSUBISHI SHOGUN,6,E01014891,0,-1
202134WNC3101,2021,34WNC3101,1,9,0,12,12,1,5,0,0,2,0,0,0,0,1,1,6,6,1,71,10,3200,2,15,MITSUBISHI SHOGUN,10,E01017761,0,-1
2021540546621,2021,540546621,2,9,0,3,3,7,3,0,0,4,0,0,0,0,2,1,2,2,1,40,7,3200,2,18,MITSUBISHI SHOGUN,9,E01031890,0,-1
2021531107056,2021,531107056,1,9,0,18,19,1,5,0,0,0,0,0,1,11,1,1,1,1,1,30,6,3200,2,17,MITSUBISHI SHOGUN,5,E01022421,0,-1
2021501070960,2021,501070960,1,9,4,18,19,1,5,0,0,0,0,0,1,0,1,1,5,6,1,35,6,3200,2,15,MITSUBISHI SHOGUN,4,E01018961,0,-1
2021451095450,2021,451095450,2,9,0,18,19,1,5,0,0,1,0,0,0,0,1,1,5,6,1,59,9,3200,2,4,MITSUBISHI SHOGUN,10,E01022852,0,-1
2021070229398,2021,070229398,1,9,0,17,19,5,1,0,0,0,0,0,0,0,1,1,6,6,3,-1,-1,2835,2,23,MITSUBISHI SHOGUN,-1,-1,0,-1
2021031086016,2021,031086016,1,9,0,18,19,1,5,0,0,0,2,11,2,9,4,1,5,6,3,-1,-1,3200,2,18,MITSUBISHI SHOGUN,-1,-1,0,-1
2021031077024,2021,031077024,1,9,0,18,19,4,5,0,0,0,0,0,0,0,0,1,6,6,1,20,4,1999,1,15,MITSUBISHI SHOGUN,-1,-1,0,-1
2021052102588,2021,052102588,1,9,0,18,19,2,6,0,0,0,0,0,0,0,1,1,6,6,2,52,8,3200,2,10,MITSUBISHI SHOGUN,5,E01007041,0,-1
2021302101008,2021,302101008,1,9,0,16,19,2,8,0,0,0,5,0,7,11,1,1,2,2,1,29,6,2477,2,15,MITSUBISHI SHOGUN,1,E01019488,0,-1
2021010301063,2021,010301063,3,9,0,99,99,9,9,99,99,9,9,99,9,99,2,9,6,6,3,-1,-1,3200,2,11,MITSUBISHI SHOGUN,4,E01003441,0,-1
2021552100687,2021,552100687,1,9,0,6,6,7,7,0,0,0,0,0,0,0,3,1,6,6,1,35,6,3200,2,6,MITSUBISHI SHOGUN,9,E01030890,0,-1
202163A088121,2021,63A088121,1,9,0,9,9,6,5,0,0,5,0,0,0,0,1,1,6,6,1,64,9,3200,2,8,MITSUBISHI SHOGUN,9,W01000710,0,-1
202154C454621,2021,54C454621,1,9,0,18,19,7,3,0,0,0,1,0,7,11,1,1,2,2,1,59,9,2477,2,15,MITSUBISHI SHOGUN,9,E01031904,0,-1
202134NNC1901,2021,34NNC1901,1,9,0,18,19,8,4,0,0,3,5,0,1,4,1,1,6,6,1,78,11,3200,2,11,MITSUBISHI SHOGUN,8,E01026980,0,-1
2021501092823,2021,501092823,1,9,0,18,19,7,3,0,0,0,5,0,0,0,1,1,5,6,1,40,7,2442,2,0,MITSUBISHI SHOGUN,3,E01018974,0,-1
2021051041463,2021,051041463,1,9,0,18,19,8,4,0,0,8,0,0,0,0,1,1,5,6,2,68,10,3200,2,16,MITSUBISHI SHOGUN,6,E01010634,0,-1
2021531038953,2021,531038953,1,9,0,5,5,5,7,0,0,6,0,0,0,0,2,1,5,6,2,21,5,3200,2,8,MITSUBISHI SHOGUN,6,E01025412,0,-1
2021302100052,2021,302100052,2,9,0,18,19,2,6,0,0,1,0,0,0,0,1,1,2,2,1,55,8,3200,2,18,MITSUBISHI SHOGUN,5,E01019442,0,-1
2021010303853,2021,010303853,1,9,0,5,5,1,5,0,0,8,0,0,0,0,0,1,6,6,1,84,11,1834,1,21,MITSUBISHI SHOGUN,10,E01000688,0,-1
2021041116826,2021,041116826,1,9,0,18,19,5,1,0,0,0,0,0,0,0,1,1,5,6,1,62,9,3200,2,18,MITSUBISHI SHOGUN,7,E01025487,0,-1
2021461132755,2021,461132755,2,9,0,18,19,5,1,0,0,0,0,0,0,0,1,1,6,6,1,56,9,3200,2,15,MITSUBISHI SHOGUN,1,E01024618,0,-1
2021010306555,2021,010306555,3,9,0,3,3,3,7,0,0,1,0,0,0,0,1,1,6,6,1,41,7,3200,2,14,MITSUBISHI SHOGUN,5,E01002371,0,-1
2021991107043,2021,991107043,1,9,0,9,9,5,3,0,0,4,0,0,0,0,3,1,5,6,1,73,10,2477,2,18,MITSUBISHI SHOGUN,7,-1,0,-1
2021010292436,2021,010292436,1,9,0,5,5,0,5,0,0,6,0,0,7,0,1,1,1,1,1,59,9,3200,2,11,MITSUBISHI SHOGUN,5,E01002948,0,-1
2021320678099,2021,320678099,1,9,0,18,19,5,1,0,0,0,0,0,1,9,1,1,6,6,1,24,5,3200,2,17,MITSUBISHI SHOGUN,-1,-1,0,-1
2021501109543,2021,501109543,2,9,0,18,19,5,1,0,0,0,0,0,0,0,2,1,5,6,1,48,8,659,1,13,MITSUBISHI SHOGUN,7,E01029140,0,-1
202134NNC6211,2021,34NNC6211,1,9,0,18,19,1,5,0,0,1,0,0,0,0,1,1,6,6,1,53,8,2972,1,19,MITSUBISHI SHOGUN,1,E01027127,0,-1
2021522102173,2021,522102173,2,9,0,2,2,0,0,0,0,0,0,0,0,0,1,1,6,6,2,83,11,1240,1,15,NISSAN MICRA,8,E01014452,0,-1
2021471080080,2021,471080080,3,9,0,3,3,8,4,0,0,0,0,4,0,0,2,1,2,2,2,26,6,1198,1,6,NISSAN MICRA,9,E01031384,0,-1
2021010308490,2021,010308490,1,9,0,2,2,0,0,0,0,2,0,0,0,0,0,1,6,6,3,-1,-1,1240,1,13,NISSAN MICRA,-1,-1,0,-1
2021131122414,2021,131122414,1,9,0,9,9,1,7,0,0,0,0,0,0,0,2,1,5,6,2,38,7,1198,1,9,NISSAN MICRA,2,E01010658,0,-1
2021131065807,2021,131065807,2,9,0,2,2,3,5,8,6,0,0,0,1,1,1,1,5,6,1,44,7,998,1,18,NISSAN MICRA,2,E01011378,0,-1
2021052100202,2021,052100202,2,9,0,18,19,7,3,0,0,0,0,0,0,0,4,1,6,6,1,35,6,1240,1,15,NISSAN MICRA,1,E01006764,0,-1
202134NNC2691,2021,34NNC2691,1,9,0,18,19,1,5,0,0,0,0,0,0,0,1,1,6,6,1,43,7,1240,1,16,NISSAN MICRA,1,E01015602,0,-1
2021231100936,2021,231100936,1,9,0,17,19,8,4,0,0,0,1,0,1,9,4,1,5,6,1,18,4,1386,1,17,NISSAN MICRA,9,E01031315,0,-1
2021421019619,2021,421019619,3,9,0,3,3,8,4,0,0,1,0,0,0,0,3,1,5,6,1,51,8,1240,1,15,NISSAN MICRA,1,E01004249,0,-1
2021401105448,2021,401105448,1,9,0,9,9,6,5,0,0,6,0,0,0,0,3,1,5,6,2,31,6,1240,1,12,NISSAN MICRA,4,E01015776,0,-1
2021061048363,2021,061048363,2,9,0,18,19,7,1,0,0,0,0,0,0,0,1,1,6,6,2,30,6,1240,1,16,NISSAN MICRA,-1,-1,0,-1
2021031080007,2021,031080007,1,9,0,18,19,1,5,0,0,0,5,0,0,0,1,1,5,6,1,65,9,1240,1,17,NISSAN MICRA,9,E01019342,0,-1
2021552100753,2021,552100753,2,9,0,17,19,8,4,0,0,0,0,0,1,1,1,1,6,6,2,76,11,1240,1,15,NISSAN MICRA,6,E01020493,0,-1
2021361080255,2021,361080255,1,9,0,18,19,2,6,0,0,0,0,0,7,3,1,1,5,6,2,66,10,1240,1,14,NISSAN MICRA,4,E01026609,0,-1
2021552100064,2021,552100064,1,9,0,5,5,4,8,0,0,0,0,0,0,0,1,1,6,6,1,78,11,998,1,18,NISSAN MICRA,9,E01020399,0,-1
2021010334181,2021,010334181,1,9,0,99,99,9,9,99,99,9,9,99,9,99,2,9,6,6,2,20,4,1240,1,16,NISSAN MICRA,6,E01004491,0,-1
2021421103649,2021,421103649,1,9,0,1,1,1,5,0,0,2,0,0,0,0,2,1,6,6,1,86,11,1240,1,11,NISSAN MICRA,10,E01021466,0,-1
202131B007221,2021,31B007221,1,9,0,18,19,4,8,0,0,0,1,0,7,4,1,1,1,1,2,19,4,1240,1,15,NISSAN MICRA,7,E01028015,0,-1
202131D105421,2021,31D105421,4,9,0,18,19,1,5,0,0,2,0,0,0,0,2,1,6,6,2,41,7,1198,1,7,NISSAN MICRA,6,E01028075,0,-1
2021421067285,2021,421067285,2,9,0,18,19,1,5,0,0,2,0,0,0,0,1,1,5,6,2,46,8,1386,1,17,NISSAN MICRA,-1,-1,0,-1
2021010340657,2021,010340657,1,9,0,99,99,9,9,99,99,9,9,99,9,99,9,9,6,6,1,48,8,1348,1,20,NISSAN MICRA,6,E01001496,0,-1
2021201095974,2021,201095974,1,9,0,18,19,2,8,0,0,6,0,0,0,0,1,1,6,6,1,60,9,999,1,1,NISSAN MICRA,8,E01010360,0,-1
2021050646701,2021,050646701,1,9,0,18,19,7,3,0,0,0,0,2,0,0,1,1,6,6,2,24,5,1240,1,17,NISSAN MICRA,1,E01006585,0,-1
2021440488460,2021,440488460,1,9,0,17,19,2,6,0,0,1,0,0,8,10,1,1,6,6,1,24,5,998,1,22,NISSAN MICRA,8,E01017351,0,-1
2021010345074,2021,010345074,2,9,0,2,2,0,0,0,0,0,0,4,0,0,2,1,6,6,3,-1,-1,1240,1,12,NISSAN MICRA,-1,-1,0,-1
2021211143758,2021,211143758,2,9,0,5,5,8,4,0,0,2,0,0,0,0,4,1,6,6,1,38,7,1198,1,9,NISSAN MICRA,1,E01014256,0,-1
2021010291886,2021,010291886,1,9,0,9,9,7,4,0,0,8,0,0,0,0,1,1,1,1,1,40,7,998,1,3,NISSAN MICRA,2,E01003582,0,-1
2021430026572,2021,430026572,2,9,0,18,19,4,8,0,0,0,0,0,0,0,3,1,2,2,2,33,6,1386,1,18,NISSAN MICRA,8,E01028510,0,-1
2021161073718,2021,161073718,3,9,0,4,4,5,1,0,0,0,0,0,0,0,2,1,5,6,2,50,8,898,1,3,NISSAN MICRA,4,E01013207,0,-1
2021010325706,2021,010325706,1,9,0,99,99,9,9,99,99,9,9,99,9,99,2,9,6,6,1,42,7,1240,1,16,NISSAN MICRA,4,E01001221,0,-1
2021320581584,2021,320581584,2,9,0,18,19,4,6,0,0,1,0,0,0,0,1,1,6,6,1,80,11,1240,1,14,NISSAN MICRA,9,E01026195,0,-1
2021061058523,2021,061058523,2,9,0,18,19,8,4,0,0,0,0,0,0,0,1,1,6,6,3,30,6,998,1,21,NISSAN MICRA,-1,-1,0,-1
2021041077977,2021,041077977,2,9,0,18,19,7,3,0,0,8,0,0,0,0,4,2,5,6,2,22,5,1198,1,7,NISSAN MICRA,3,E01012606,0,-1
2021010318606,2021,010318606,1,9,0,18,19,2,6,0,0,0,0,0,0,0,3,1,2,2,1,51,8,1240,1,11,NISSAN MICRA,2,E01021872,0,-1
2021010316425,2021,010316425,1,9,0,6,6,1,1,0,0,5,0,0,0,0,3,1,1,1,1,45,7,1240,1,15,NISSAN MICRA,4,E01000921,0,-1
2021010320243,2021,010320243,2,9,9,99,99,9,9,99,99,0,9,99,9,99,9,9,6,6,3,51,8,998,1,19,NISSAN MICRA,3,E01003829,0,-1
2021131063503,2021,131063503,1,9,0,9,9,1,7,0,0,6,0,0,0,0,1,1,5,6,2,20,4,998,1,17,NISSAN MICRA,4,E01011319,0,-1
2021201131119,2021,201131119,4,9,0,2,2,0,0,9,9,2,0,0,0,0,1,1,6,6,1,40,7,1198,1,5,NISSAN MICRA,2,E01009348,0,-1
2021522104530,2021,522104530,1,9,0,10,10,6,2,0,0,5,0,0,0,0,2,1,6,6,1,33,6,1240,1,11,NISSAN MICRA,2,E01014694,0,-1
2021302200008,2021,302200008,2,9,0,18,19,2,6,0,0,1,0,0,0,0,3,1,6,6,2,20,4,1240,1,12,NISSAN MICRA,10,E01013468,0,-1
2021111049693,2021,111049693,1,9,0,18,19,6,2,0,0,6,0,0,0,0,4,1,5,6,2,32,6,999,1,1,NISSAN MICRA,3,E01012326,0,-1
2021440201750,2021,440201750,2,9,0,4,4,6,2,0,0,0,0,0,0,0,1,1,2,2,1,21,5,998,1,21,NISSAN MICRA,-1,-1,0,-1
2021161026484,2021,161026484,2,9,0,18,19,6,2,0,0,8,0,0,0,0,1,1,6,6,1,-1,-1,1240,1,12,NISSAN MICRA,7,E01013182,0,-1
2021201111999,2021,201111999,1,9,0,7,7,2,4,0,0,5,0,0,0,0,4,1,6,6,1,-1,-1,998,1,19,NISSAN MICRA,-1,-1,0,-1
2021430544134,2021,430544134,1,9,0,4,4,1,5,0,0,1,1,0,0,0,1,1,2,2,1,46,8,1240,1,16,NISSAN MICRA,7,E01028438,0,-1
2021031102010,2021,031102010,2,9,0,18,19,4,1,0,0,0,0,0,0,0,1,1,5,6,1,34,6,1240,1,16,NISSAN MICRA,5,E01019286,0,-1
2021201149170,2021,201149170,1,9,0,9,9,2,8,0,0,6,0,0,0,0,1,1,6,6,1,22,5,1198,1,7,NISSAN MICRA,9,E01010175,0,-1
2021010306570,2021,010306570,1,9,0,1,1,7,3,0,0,0,0,11,0,0,2,1,2,2,2,25,5,1198,1,8,NISSAN MICRA,2,E01001219,0,-1
2021421094032,2021,421094032,2,9,0,2,2,0,0,0,0,1,0,0,0,0,1,1,5,6,2,30,6,1240,1,14,NISSAN MICRA,8,E01021520,0,-1
2021371121504,2021,371121504,1,9,0,18,19,8,3,0,0,2,5,0,1,9,1,1,1,1,1,27,6,1240,1,16,NISSAN MICRA,7,E01029995,0,-1
2021101053904,2021,101053904,2,9,0,18,19,1,5,0,0,8,1,0,0,0,1,1,5,6,1,32,6,1386,1,16,NISSAN MICRA,7,E01008314,0,-1
2021320588032,2021,320588032,2,9,0,2,2,0,0,0,0,2,0,0,0,0,2,1,3,7,2,40,7,1240,1,16,NISSAN MICRA,1,E01026152,0,-1
2021451116738,2021,451116738,2,9,0,9,9,4,2,0,0,8,0,0,0,0,1,1,6,6,1,74,10,998,1,20,NISSAN MICRA,10,E01030532,0,-1
2021440388867,2021,440388867,2,9,0,1,1,1,5,0,0,0,0,0,0,0,2,1,6,6,2,-1,-1,1198,1,7,NISSAN MICRA,-1,-1,0,-1
2021461111815,2021,461111815,2,9,0,18,19,3,7,0,0,2,0,0,0,0,4,1,5,6,2,26,6,1198,1,10,NISSAN MICRA,5,E01024205,0,-1
2021041038154,2021,041038154,2,9,0,18,19,8,4,0,0,8,0,0,0,0,3,1,5,6,2,58,9,1240,1,15,NISSAN MICRA,1,E01012698,0,-1
2021010344790,2021,010344790,2,9,0,99,99,9,9,99,99,9,9,99,9,99,1,9,6,6,3,31,6,1240,1,13,NISSAN MICRA,-1,-1,0,-1
2021411117807,2021,411117807,1,9,0,11,11,3,7,0,0,0,0,0,0,0,1,1,2,2,2,32,6,1240,1,13,NISSAN MICRA,8,E01017427,0,-1
2021010288359,2021,010288359,2,9,0,99,99,9,9,99,99,9,9,99,9,99,2,9,6,6,3,-1,-1,898,1,3,NISSAN MICRA,-1,-1,0,-1
2021111020840,2021,111020840,1,9,0,18,19,1,2,0,0,0,0,0,0,0,1,1,6,6,2,30,6,999,1,1,NISSAN MICRA,-1,-1,0,-1
2021552100506,2021,552100506,1,9,0,9,9,6,4,0,0,6,0,0,0,0,1,1,6,6,2,68,10,1386,1,15,NISSAN MICRA,1,E01020552,0,-1
2021421019638,2021,421019638,2,9,0,2,2,1,5,0,0,1,0,0,0,0,4,1,6,6,3,-1,-1,1240,1,16,NISSAN MICRA,-1,-1,0,-1
2021061093018,2021,061093018,2,9,0,8,8,1,5,0,0,0,0,0,0,0,2,1,6,6,1,55,8,1240,1,15,NISSAN MICRA,7,E01005765,0,-1
2021010299027,2021,010299027,2,9,0,99,99,9,9,99,99,9,9,99,9,99,1,9,6,6,1,-1,-1,1240,1,16,NISSAN MICRA,4,E01000134,0,-1
2021010342829,2021,010342829,2,9,0,99,99,9,9,99,99,9,9,99,9,99,9,9,6,6,3,-1,-1,1240,1,18,NISSAN MICRA,-1,-1,0,-1
2021421118164,2021,421118164,1,9,0,16,19,1,4,0,0,0,1,0,0,0,1,1,6,6,2,34,6,1386,1,17,NISSAN MICRA,6,E01021663,0,-1
2021471014569,2021,471014569,2,9,0,18,19,7,3,0,0,8,0,0,0,0,1,1,6,6,1,49,8,1386,1,17,NISSAN MICRA,2,E01016993,0,-1
2021520104168,2021,520104168,1,9,0,1,1,3,3,0,0,0,0,0,0,0,2,1,6,6,1,20,4,998,1,23,NISSAN MICRA,5,E01029101,0,-1
2021010328098,2021,010328098,2,9,9,99,99,9,9,99,99,0,9,99,9,99,9,9,6,6,3,-1,-1,1240,1,12,NISSAN MICRA,7,E01004139,0,-1
2021010340877,2021,010340877,1,9,0,2,2,0,0,0,0,0,0,0,0,0,0,1,6,6,3,-1,-1,1240,1,18,NISSAN MICRA,-1,-1,0,-1
2021010288720,2021,010288720,1,9,0,18,19,6,2,0,0,1,0,0,0,0,1,1,6,6,2,28,6,1240,1,16,NISSAN MICRA,9,E01031741,0,-1
2021010300010,2021,010300010,1,9,0,18,19,7,3,0,0,8,0,0,0,0,4,1,6,6,1,50,8,999,1,1,NISSAN MICRA,5,E01000820,0,-1
2021010309545,2021,010309545,2,9,0,18,19,4,8,99,99,9,9,99,9,99,3,9,6,6,3,33,6,998,1,23,NISSAN MICRA,2,E01000743,0,-1
2021131081729,2021,131081729,1,9,0,18,19,1,5,0,0,0,0,0,0,0,1,1,6,6,2,36,7,1386,1,14,NISSAN MICRA,2,E01010929,0,-1
2021010292676,2021,010292676,2,9,0,9,9,3,1,0,0,5,0,0,0,0,1,1,6,6,1,38,7,1198,1,4,NISSAN MICRA,-1,-1,0,-1
2021320730105,2021,320730105,1,9,0,18,19,3,7,0,0,0,2,10,1,0,1,1,6,6,1,17,4,1240,1,13,NISSAN MICRA,7,E01026392,0,-1
2021122100836,2021,122100836,1,9,0,4,4,8,4,0,0,0,0,0,0,0,1,1,2,2,1,22,5,1240,1,15,NISSAN MICRA,6,E01027742,0,-1
2021461027730,2021,461027730,1,9,0,9,9,6,4,0,0,1,0,0,0,0,1,1,6,6,1,33,6,1240,1,16,NISSAN MICRA,4,E01024384,0,-1
2021461065536,2021,461065536,1,9,0,4,4,3,7,0,0,0,0,0,0,0,1,1,6,6,1,-1,-1,1198,1,10,NISSAN MICRA,-1,-1,0,-1
2021041104786,2021,041104786,1,9,0,18,19,5,1,0,0,4,1,0,1,4,1,2,5,6,2,71,10,1198,1,6,NISSAN MICRA,9,E01025425,0,-1
2021010308202,2021,010308202,2,9,9,99,99,9,9,0,0,0,9,99,9,99,9,1,6,6,1,63,9,1240,1,11,NISSAN MICRA,9,E01031497,0,-1