collision_index,collision_year,collision_ref_no,vehicle_reference,vehicle_type,towing_and_articulation,vehicle_manoeuvre_historic,vehicle_manoeuvre,vehicle_direction_from,vehicle_direction_to,vehicle_location_restricted_lane_historic,vehicle_location_restricted_lane,junction_location,skidding_and_overturning,hit_object_in_carriageway,vehicle_leaving_carriageway,hit_object_off_carriageway,first_point_of_impact,vehicle_left_hand_drive,journey_purpose_of_driver_historic,journey_purpose_of_driver,sex_of_driver,age_of_driver,age_band_of_driver,engine_capacity_cc,propulsion_code,age_of_vehicle,generic_make_model,driver_imd_decile,lsoa_of_driver,escooter_flag,driver_distance_banding
2021131116292,2021,131116292,2,9,0,2,2,5,1,0,0,0,1,0,0,0,2,1,6,6,3,-1,-1,1386,1,15,NISSAN MICRA,-1,-1,0,-1
2021010312222,2021,010312222,1,9,0,6,6,6,6,0,0,0,0,0,0,0,3,2,2,2,1,45,7,1386,1,15,NISSAN MICRA,7,E01004149,0,-1
2021531065027,2021,531065027,1,9,0,5,5,7,3,0,0,6,5,0,0,0,3,1,5,6,2,18,4,1198,1,8,NISSAN MICRA,9,E01028511,0,-1
2021010296522,2021,010296522,1,9,0,15,15,7,3,0,0,0,0,4,0,0,1,1,1,1,1,20,4,1198,1,9,NISSAN MICRA,2,E01000091,0,-1
2021101023293,2021,101023293,3,9,0,4,4,8,4,0,0,0,0,0,0,0,2,1,5,6,2,68,10,1198,1,9,NISSAN MICRA,1,E01008302,0,-1
2021522200848,2021,522200848,2,9,0,7,7,1,3,0,0,5,0,0,0,0,4,1,6,6,1,74,10,1198,1,7,NISSAN MICRA,-1,-1,0,-1
2021302101448,2021,302101448,1,9,0,18,19,4,8,0,0,2,0,0,0,0,1,1,6,6,2,31,6,999,1,1,NISSAN MICRA,3,E01013517,0,-1
2021430472287,2021,430472287,1,9,0,13,13,2,6,0,0,0,0,0,0,0,1,1,2,2,1,33,6,998,1,17,NISSAN MICRA,2,E01016443,0,-1
2021052102198,2021,052102198,1,9,0,18,19,1,5,0,0,8,0,0,0,0,1,1,6,6,1,43,7,1240,1,16,NISSAN MICRA,2,E01007139,0,-1
2021302101197,2021,302101197,1,9,0,18,19,8,4,0,0,8,0,0,0,0,1,1,6,6,2,38,7,1240,1,16,NISSAN MICRA,4,E01019495,0,-1
2021161026484,2021,161026484,1,9,0,18,19,8,4,0,0,8,0,0,0,0,3,1,6,6,2,30,6,1240,1,15,NISSAN MICRA,2,E01013143,0,-1
2021010349109,2021,010349109,1,9,0,99,99,9,9,99,99,9,9,99,9,99,2,9,6,6,1,41,7,898,1,4,NISSAN MICRA,2,E01033587,0,-1
2021546120721,2021,546120721,1,9,0,5,5,2,2,0,0,4,0,0,0,0,3,1,2,2,1,30,6,1240,1,18,NISSAN MICRA,6,E01015496,0,-1
2021010306939,2021,010306939,1,9,0,7,7,6,7,0,0,6,0,0,0,0,3,1,6,6,1,48,8,1240,1,17,NISSAN MICRA,3,E01002580,0,-1
2021451067595,2021,451067595,1,9,0,18,19,7,4,0,0,0,5,4,0,0,1,1,5,6,2,67,10,1240,1,13,NISSAN MICRA,5,E01030962,0,-1
2021061132048,2021,061132048,1,9,0,2,2,1,5,9,9,0,0,0,0,0,2,1,5,6,2,89,11,1240,1,11,NISSAN MICRA,-1,-1,0,-1
2021522105069,2021,522105069,1,9,0,1,1,1,5,0,0,0,0,0,0,0,2,1,6,6,1,63,9,1240,1,18,NISSAN MICRA,10,E01014434,0,-1
2021111073853,2021,111073853,1,9,0,18,19,7,3,0,0,2,0,0,0,0,1,1,5,6,2,31,6,1240,1,14,NISSAN MICRA,5,E01012363,0,-1
2021231062682,2021,231062682,2,9,0,18,19,8,4,0,0,3,0,0,0,0,3,1,5,6,2,21,5,1198,1,10,NISSAN MICRA,4,E01010149,0,-1
2021170L20161,2021,170L20161,2,9,0,18,19,8,4,0,0,1,0,0,0,0,1,1,6,6,1,-1,-1,1240,1,13,NISSAN MICRA,9,E01012147,0,-1
2021991023658,2021,991023658,1,9,0,18,19,4,8,0,0,0,0,0,0,0,1,1,6,6,2,64,9,1240,1,11,NISSAN MICRA,9,-1,0,-1
2021401050838,2021,401050838,3,9,0,11,11,5,5,0,0,1,0,0,0,0,1,1,5,6,3,-1,-1,1198,1,4,NISSAN MICRA,-1,-1,0,-1
2021201023939,2021,201023939,1,9,0,18,19,6,2,0,0,8,0,0,0,0,4,1,6,6,1,66,10,998,1,20,NISSAN MICRA,2,E01009317,0,-1
2021010310337,2021,010310337,2,9,0,9,9,2,7,0,0,8,0,0,0,0,1,1,6,6,2,31,6,1240,1,15,NISSAN MICRA,-1,-1,0,-1
2021522101974,2021,522101974,2,9,0,18,19,5,1,0,0,0,0,0,0,0,1,1,6,6,1,44,7,1240,1,18,NISSAN MICRA,7,E01022206,0,-1
2021451079836,2021,451079836,1,9,0,18,19,7,3,0,0,0,0,0,0,0,3,1,5,6,2,71,10,1240,1,13,NISSAN MICRA,10,E01030513,0,-1
2021320461198,2021,320461198,2,9,0,2,2,0,0,0,0,2,0,0,0,0,4,1,6,6,3,40,7,1240,1,17,NISSAN MICRA,-1,-1,0,-1
2021440273792,2021,440273792,2,9,0,18,19,5,1,0,0,0,0,0,0,0,1,1,6,6,2,26,6,998,1,23,NISSAN MICRA,4,E01023202,0,-1
2021010335256,2021,010335256,1,9,0,99,99,9,9,99,99,0,9,99,9,99,2,9,2,2,1,37,7,998,1,19,NISSAN MICRA,8,E01000678,0,-1
2021461093858,2021,461093858,1,9,0,18,19,3,7,0,0,0,0,0,0,0,1,1,6,6,2,23,5,1240,1,15,NISSAN MICRA,1,E01024581,0,-1
2021501049231,2021,501049231,3,9,0,18,19,7,3,0,0,0,0,0,0,0,1,1,5,6,2,49,8,1198,1,9,NISSAN MICRA,4,E01018781,0,-1
2021010342074,2021,010342074,1,9,0,99,99,9,9,99,99,9,9,99,9,99,9,9,6,6,2,21,5,898,1,3,NISSAN MICRA,7,E01003796,0,-1
2021010345721,2021,010345721,3,9,0,5,5,4,8,0,0,1,0,0,3,0,1,1,6,6,1,30,6,1240,1,18,NISSAN MICRA,5,E01004521,0,-1
2021101128154,2021,101128154,1,9,0,18,19,7,3,0,0,2,0,0,0,0,4,1,5,6,2,19,4,1240,1,13,NISSAN MICRA,2,E01008705,0,-1
2021052100891,2021,052100891,3,9,0,2,2,0,0,0,0,1,0,0,0,0,3,1,6,6,3,-1,-1,1198,1,7,NISSAN MICRA,-1,-1,0,-1
2021440451453,2021,440451453,1,9,0,18,19,2,6,0,0,0,0,0,0,0,1,1,6,6,2,77,11,1198,1,8,NISSAN MICRA,-1,-1,0,-1
2021501043544,2021,501043544,1,9,0,18,19,5,1,0,0,0,2,0,1,10,1,1,6,6,1,18,4,1386,1,16,NISSAN MICRA,4,E01020330,0,-1
2021201143266,2021,201143266,4,9,0,18,19,6,2,0,0,0,0,0,0,0,3,1,6,6,2,83,11,1240,1,16,NISSAN MICRA,8,E01010333,0,-1
2021070483309,2021,070483309,1,9,0,5,5,1,5,0,0,0,0,7,0,0,1,1,6,6,2,39,7,1240,1,17,NISSAN MICRA,-1,-1,0,-1
2021501102858,2021,501102858,2,9,0,9,9,7,5,0,0,5,0,0,0,0,3,1,5,6,2,34,6,1198,1,7,NISSAN MICRA,4,E01018979,0,-1
2021010291529,2021,010291529,1,9,0,4,4,1,5,0,0,1,0,0,0,0,1,1,6,6,2,62,9,1198,1,7,NISSAN MICRA,-1,-1,0,-1
2021361100722,2021,361100722,2,9,0,18,19,8,4,0,0,4,0,0,0,0,4,1,5,6,1,20,4,998,1,24,NISSAN MICRA,6,E01026420,0,-1
2021361089547,2021,361089547,1,9,0,9,9,5,1,0,0,0,0,0,0,0,4,1,5,6,1,81,11,1240,1,17,NISSAN MICRA,4,E01026741,0,-1
2021041066483,2021,041066483,1,9,0,9,9,7,1,0,0,2,0,0,0,0,3,2,5,6,1,62,9,999,1,4,NISSAN MICRA,5,E01025017,0,-1
2021010341626,2021,010341626,1,9,0,4,4,7,3,0,0,8,0,0,0,0,1,1,2,2,2,20,4,1240,1,15,NISSAN MICRA,7,E01024790,0,-1
2021010311912,2021,010311912,1,9,0,3,3,1,5,0,0,1,0,0,0,0,2,1,6,6,2,40,7,1198,1,8,NISSAN MICRA,7,E01001304,0,-1
2021131106459,2021,131106459,1,9,0,18,19,5,1,0,0,7,0,0,0,0,3,1,6,6,3,-1,-1,1386,1,12,NISSAN MICRA,-1,-1,0,-1
2021430219489,2021,430219489,1,9,0,18,19,8,4,0,0,0,0,0,0,0,3,1,6,6,1,-1,-1,1240,1,18,NISSAN MICRA,-1,-1,0,-1
2021622100882,2021,622100882,1,9,0,7,7,4,6,0,0,8,0,0,0,0,1,1,6,6,3,-1,-1,1598,1,15,NISSAN MICRA,-1,-1,0,-1
2021131085982,2021,131085982,1,9,0,7,7,1,5,0,0,1,0,0,0,0,1,1,6,6,2,35,6,1198,1,7,NISSAN MICRA,4,E01011208,0,-1
2021991093877,2021,991093877,4,9,0,2,2,0,0,0,0,0,0,0,0,0,2,1,6,6,3,-1,-1,1198,1,7,NISSAN MICRA,-1,-1,0,-1
2021052102597,2021,052102597,2,9,0,3,3,1,5,0,0,1,0,0,0,0,2,1,6,6,2,48,8,1198,1,9,NISSAN MICRA,10,E01012449,0,-1
202106N079387,2021,06N079387,1,9,0,18,19,3,7,0,0,0,0,0,0,0,1,1,6,6,2,62,9,998,1,23,NISSAN MICRA,2,E01004994,0,-1
2021061047801,2021,061047801,2,9,0,18,19,1,3,0,0,0,0,0,0,0,2,1,6,6,2,47,8,898,1,4,NISSAN MICRA,-1,-1,0,-1
2021221016324,2021,221016324,1,9,0,18,19,8,4,0,0,0,2,0,1,0,4,1,1,1,2,24,5,1240,1,13,NISSAN MICRA,2,E01008944,0,-1
2021010337505,2021,010337505,1,9,0,99,99,9,9,0,0,0,0,0,0,0,2,9,2,2,2,24,5,1198,1,8,NISSAN MICRA,1,E01003488,0,-1
2021430488576,2021,430488576,1,9,0,11,11,2,6,0,0,2,0,0,0,0,4,1,6,6,2,53,8,999,1,1,NISSAN MICRA,6,E01016737,0,-1
2021061047780,2021,061047780,1,9,0,9,9,7,1,0,0,5,0,0,0,0,3,1,6,6,2,71,10,998,1,3,NISSAN MICRA,7,E01004995,0,-1
2021401023375,2021,401023375,1,9,0,18,19,4,8,0,0,8,0,0,6,6,1,1,1,1,1,40,7,898,1,3,NISSAN MICRA,3,E01015769,0,-1
2021522105887,2021,522105887,2,9,0,18,19,3,7,0,0,4,0,0,0,0,4,1,6,6,1,24,5,1240,1,17,NISSAN MICRA,4,E01014627,0,-1
2021010309842,2021,010309842,1,9,0,18,19,5,1,0,0,8,0,0,0,0,4,1,1,1,1,53,8,998,1,19,NISSAN MICRA,3,E01003113,0,-1
2021122100401,2021,122100401,1,9,0,18,19,3,7,0,0,0,1,0,0,0,2,1,6,6,1,55,8,998,1,20,NISSAN MICRA,1,E01010824,0,-1
2021201078939,2021,201078939,1,9,0,18,19,5,1,0,0,2,0,0,0,0,4,1,6,6,1,84,11,1198,1,6,NISSAN MICRA,7,E01010493,0,-1
2021461075291,2021,461075291,1,9,0,17,19,2,6,0,0,0,1,0,1,0,2,1,6,6,1,19,4,998,1,18,NISSAN MICRA,2,E01024020,0,-1
2021170M20791,2021,170M20791,1,9,0,9,9,2,8,0,0,8,0,0,0,0,4,1,6,6,2,59,9,1198,1,6,NISSAN MICRA,-1,-1,0,-1
2021552100587,2021,552100587,2,9,0,3,3,3,7,0,0,1,0,0,0,0,2,1,6,6,2,33,6,1461,2,12,NISSAN MICRA,5,E01020469,0,-1
2021351074985,2021,351074985,2,9,0,18,19,5,5,0,0,0,0,0,0,0,2,1,2,2,2,37,7,1386,1,13,NISSAN MICRA,4,E01015614,0,-1
2021991065077,2021,991065077,1,9,0,16,19,4,8,0,0,0,1,0,2,6,1,1,5,6,2,20,4,1240,1,11,NISSAN MICRA,5,-1,0,-1
2021440308402,2021,440308402,1,9,0,9,9,3,7,0,0,8,0,0,0,0,3,1,6,6,2,20,4,1240,1,15,NISSAN MICRA,4,E01017157,0,-1
2021010345237,2021,010345237,1,9,0,99,99,9,9,99,99,9,9,99,9,99,9,9,6,6,1,74,10,1240,1,15,NISSAN MICRA,4,E01002743,0,-1
2021622100409,2021,622100409,1,9,0,5,5,8,4,0,0,4,0,0,7,2,4,1,6,6,2,28,6,1598,1,14,NISSAN MICRA,9,W01000816,0,-1
2021461046616,2021,461046616,1,9,0,18,19,3,7,0,0,1,0,0,7,0,1,1,5,6,2,77,11,999,1,2,NISSAN MICRA,6,E01024546,0,-1
2021461060264,2021,461060264,1,9,0,1,1,2,4,0,0,0,0,0,0,0,2,1,2,2,2,40,7,1240,1,11,NISSAN MICRA,7,E01024706,0,-1
2021991077557,2021,991077557,3,9,0,2,2,0,0,0,0,0,0,0,0,0,2,1,6,6,3,-1,-1,999,1,4,NISSAN MICRA,-1,-1,0,-1
2021201138319,2021,201138319,1,9,0,5,5,7,3,0,0,6,0,0,0,0,1,1,6,6,1,65,9,1240,1,12,NISSAN MICRA,10,E01009826,0,-1
2021061139792,2021,061139792,1,9,0,13,13,1,1,0,0,0,0,0,0,0,1,1,6,6,1,30,6,1198,1,7,NISSAN MICRA,1,E01006168,0,-1
2021061044093,2021,061044093,6,9,0,18,19,1,5,0,0,0,0,0,0,0,1,1,6,6,2,59,9,898,1,4,NISSAN MICRA,1,E01005205,0,-1
2021201023641,2021,201023641,1,9,0,18,19,8,4,0,0,8,5,0,0,0,4,1,2,2,2,33,6,1386,1,15,NISSAN MICRA,1,E01008979,0,-1
2021440294704,2021,440294704,2,9,0,3,3,3,6,0,0,0,0,0,0,0,1,1,6,6,1,29,6,1348,1,20,NISSAN MICRA,6,E01017174,0,-1
2021101090853,2021,101090853,2,9,0,18,19,3,7,0,0,0,0,0,0,0,2,1,6,6,2,79,11,1198,1,10,NISSAN MICRA,7,E01027364,0,-1
2021010292562,2021,010292562,1,9,0,99,99,9,9,99,99,9,9,99,9,99,2,9,6,6,1,58,9,1198,1,5,NISSAN MICRA,1,E01022026,0,-1
2021141013216,2021,141013216,1,9,0,18,19,3,7,0,0,0,0,0,0,0,1,2,2,2,2,54,8,1198,1,8,NISSAN MICRA,2,E01007965,0,-1
2021440214377,2021,440214377,2,9,0,3,3,6,2,0,0,1,0,0,0,0,2,1,6,6,2,56,9,998,1,24,NISSAN MICRA,10,E01022696,0,-1
2021201133386,2021,201133386,2,9,0,18,19,8,4,0,0,8,0,0,0,0,1,1,3,7,2,28,6,1240,1,13,NISSAN MICRA,2,E01008942,0,-1
202131D109921,2021,31D109921,2,9,0,18,19,4,6,0,0,1,0,0,0,0,3,1,6,6,3,30,6,1461,2,3,NISSAN MICRA,6,E01028188,0,-1
2021421107705,2021,421107705,3,9,0,2,2,0,0,0,0,1,0,0,0,0,1,1,5,6,2,54,8,1198,1,5,NISSAN MICRA,8,E01021578,0,-1
2021010345389,2021,010345389,1,9,9,99,99,9,9,99,99,9,9,99,9,99,2,9,2,2,1,42,7,1598,1,13,NISSAN MICRA,2,E01000129,0,-1
2021461043489,2021,461043489,1,9,0,12,12,1,5,0,0,0,0,0,0,0,3,1,6,6,2,74,10,1198,1,9,NISSAN MICRA,6,E01024220,0,-1
2021141110497,2021,141110497,1,9,0,2,2,1,1,0,0,2,0,0,0,0,2,1,6,6,2,24,5,898,1,4,NISSAN MICRA,6,E01007787,0,-1
2021221118171,2021,221118171,1,9,0,4,4,4,8,0,0,1,0,0,0,0,2,1,5,6,2,36,7,998,1,19,NISSAN MICRA,3,E01032251,0,-1
2021440167003,2021,440167003,1,9,0,15,15,1,5,0,0,0,1,0,0,0,1,1,6,6,1,25,5,998,1,22,NISSAN MICRA,3,E01016442,0,-1
2021471064631,2021,471064631,1,9,0,18,19,7,3,0,0,0,0,0,0,0,1,1,2,2,1,21,5,998,1,19,NISSAN MICRA,6,E01021058,0,-1
2021430305786,2021,430305786,1,9,0,18,19,5,1,0,0,1,0,0,0,0,1,1,6,6,2,22,5,1461,2,18,NISSAN MICRA,1,E01028576,0,-1
2021320713121,2021,320713121,2,9,0,2,2,0,0,0,0,0,0,0,0,0,3,1,1,1,1,34,6,1240,1,17,NISSAN MICRA,-1,-1,0,-1
2021440233964,2021,440233964,1,9,0,18,19,1,5,0,0,8,0,0,8,1,1,1,6,6,1,27,6,998,1,18,NISSAN MICRA,4,E01017028,0,-1
2021430353355,2021,430353355,1,9,0,3,3,2,6,0,0,2,0,0,0,0,2,1,6,6,2,34,6,1240,1,17,NISSAN MICRA,8,E01016674,0,-1
2021411055474,2021,411055474,2,9,0,2,2,0,0,0,0,2,0,0,0,0,1,1,6,6,3,-1,-1,1198,1,5,NISSAN MICRA,-1,-1,0,-1
2021122100377,2021,122100377,1,9,0,9,9,8,4,0,0,5,0,0,0,0,3,1,6,6,2,51,8,1198,1,7,NISSAN MICRA,7,E01027735,0,-1
2021991126254,2021,991126254,1,9,0,18,19,5,1,0,0,1,1,0,0,0,1,1,6,6,1,17,4,1240,1,15,NISSAN MICRA,3,-1,0,-1
2021351048743,2021,351048743,2,9,-1,-1,-1,-1,-1,-1,-1,-1,-1,-1,-1,0,-1,1,5,6,2,35,6,1386,1,16,NISSAN MICRA,8,E01017983,0,-1
2021010338260,2021,010338260,2,9,0,4,4,7,3,0,0,6,0,0,0,0,3,1,1,1,1,52,8,898,1,4,NISSAN MICRA,4,E01003344,0,-1
2021302101348,2021,302101348,3,9,0,13,13,3,7,0,0,0,0,0,0,0,2,1,6,6,1,45,7,1240,1,18,NISSAN MICRA,3,E01004708,0,-1
2021111124624,2021,111124624,1,9,0,13,13,7,5,0,0,2,0,0,0,0,1,1,6,6,1,22,5,1461,2,12,NISSAN MICRA,5,E01020629,0,-1
2021461098374,2021,461098374,2,9,0,3,3,3,7,0,0,1,0,0,0,0,1,1,2,2,2,39,7,1240,1,17,NISSAN MICRA,4,E01024645,0,-1
2021061055091,2021,061055091,2,9,0,9,9,2,8,0,0,1,0,0,0,0,3,1,6,6,1,42,7,998,1,19,NISSAN MICRA,1,E01005350,0,-1
2021201132086,2021,201132086,1,9,0,18,19,7,3,0,0,0,0,0,0,0,2,1,6,6,1,35,6,1198,1,6,NISSAN MICRA,1,E01015602,0,-1
2021010313336,2021,010313336,2,9,0,9,9,1,6,0,0,5,0,0,4,1,4,1,6,6,1,45,7,1598,1,14,NISSAN MICRA,4,E01001376,0,-1
2021451044569,2021,451044569,1,9,0,18,19,5,1,0,0,0,0,0,0,0,1,1,6,6,2,22,5,998,1,19,NISSAN MICRA,10,E01000838,0,-1
2021430503334,2021,430503334,1,9,0,1,1,3,5,0,0,0,0,0,0,0,2,1,6,6,2,47,8,1240,1,18,NISSAN MICRA,4,E01016496,0,-1
2021010312013,2021,010312013,1,9,0,3,3,3,7,0,0,1,0,0,0,0,2,1,6,6,2,72,10,1240,1,17,NISSAN MICRA,6,E01002789,0,-1
2021991038112,2021,991038112,1,9,0,3,3,7,3,0,0,0,0,4,0,0,1,1,5,6,2,78,11,1240,1,12,NISSAN MICRA,6,-1,0,-1
2021201072704,2021,201072704,2,9,0,18,19,4,8,0,0,8,0,0,0,0,1,1,6,6,2,78,11,1198,1,7,NISSAN MICRA,2,E01010531,0,-1
2021010315705,2021,010315705,2,9,0,18,19,1,5,0,0,0,0,0,0,0,1,1,6,6,1,74,10,998,1,22,NISSAN MICRA,3,E01001186,0,-1
2021471043764,2021,471043764,1,9,0,4,4,3,7,0,0,2,0,4,0,0,1,1,5,6,2,87,11,998,1,19,NISSAN MICRA,3,E01016881,0,-1
2021010338453,2021,010338453,1,9,0,18,19,3,7,0,0,1,0,0,0,0,1,1,2,2,2,55,8,1240,1,17,NISSAN MICRA,2,E01001136,0,-1
2021010302761,2021,010302761,3,9,0,18,19,3,7,0,0,1,1,0,0,0,2,1,6,6,1,40,7,1240,1,17,NISSAN MICRA,-1,-1,0,-1
2021010342604,2021,010342604,1,9,0,9,9,1,7,0,0,2,0,0,7,10,1,1,3,7,2,41,7,1275,1,22,NISSAN MICRA,1,E01001845,0,-1
2021010314045,2021,010314045,3,9,9,99,99,9,9,99,99,9,9,99,9,99,9,9,6,6,2,51,8,998,1,19,NISSAN MICRA,7,E01003956,0,-1
202134NNC0091,2021,34NNC0091,2,9,0,18,19,3,7,0,0,0,0,0,0,0,2,1,6,6,1,43,7,1461,2,2,NISSAN MICRA,10,E01027027,0,-1
2021461102818,2021,461102818,1,9,0,18,19,7,3,0,0,0,0,4,0,0,4,1,2,2,2,76,11,1240,1,15,NISSAN MICRA,3,E01024488,0,-1
2021471022319,2021,471022319,1,9,0,18,19,5,1,0,0,0,0,0,0,0,4,1,1,1,2,70,10,999,1,1,NISSAN MICRA,3,E01031360,0,-1
2021211115900,2021,211115900,1,9,0,18,19,5,1,0,0,0,0,0,0,0,1,1,1,1,3,-1,-1,1348,1,20,NISSAN MICRA,-1,-1,0,-1
2021302101381,2021,302101381,1,9,0,18,19,2,6,0,0,0,5,4,0,0,4,1,6,6,1,72,10,998,1,18,NISSAN MICRA,2,E01028311,0,-1
2021061090016,2021,061090016,1,9,0,18,19,6,2,0,0,0,0,0,0,0,2,1,5,6,1,46,8,1240,1,16,NISSAN MICRA,3,E01005435,0,-1
2021471076364,2021,471076364,1,9,0,9,9,8,7,0,0,8,0,0,0,0,1,1,5,6,1,17,4,1240,1,13,NISSAN MICRA,5,E01031498,0,-1
2021461102971,2021,461102971,2,9,0,3,3,1,5,0,0,0,0,0,0,0,2,1,3,7,2,50,8,898,1,3,NISSAN MICRA,5,E01024427,0,-1
2021101080043,2021,101080043,2,9,0,18,19,3,7,0,0,0,0,1,0,0,1,1,5,6,1,89,11,1240,1,16,NISSAN MICRA,4,E01008198,0,-1
2021351031366,2021,351031366,2,9,0,18,19,1,5,0,0,0,0,0,4,6,3,1,2,2,1,38,7,999,1,2,NISSAN MICRA,4,E01029927,0,-1
2021461073081,2021,461073081,1,9,0,18,19,4,8,0,0,0,1,0,4,6,1,1,6,6,1,56,9,1240,1,17,NISSAN MICRA,8,E01016138,0,-1
2021201147522,2021,201147522,1,9,0,18,19,4,8,0,0,4,0,0,0,0,1,1,6,6,1,30,6,1240,1,17,NISSAN MICRA,3,E01009636,0,-1
2021041079770,2021,041079770,2,9,0,18,19,5,1,0,0,0,0,0,5,6,2,1,5,6,2,44,7,1598,1,13,NISSAN MICRA,3,E01006273,0,-1
2021221080299,2021,221080299,2,9,0,5,5,1,4,0,0,6,0,0,0,0,1,1,5,6,2,78,11,1198,1,5,NISSAN MICRA,10,E01032139,0,-1
2021471026908,2021,471026908,2,9,0,4,4,1,5,0,0,0,0,0,0,0,2,1,5,6,2,56,9,1240,1,17,NISSAN MICRA,7,E01024801,0,-1
2021302101408,2021,302101408,1,9,0,17,19,8,4,0,0,8,1,10,1,3,1,1,6,6,1,25,5,998,1,21,NISSAN MICRA,8,E01019714,0,-1
2021041052298,2021,041052298,2,9,0,9,9,5,2,0,0,5,0,0,0,0,3,1,1,1,2,37,7,999,1,3,NISSAN MICRA,7,E01025365,0,-1
2021461050251,2021,461050251,3,9,0,2,2,0,0,0,0,0,0,0,0,0,2,1,5,6,2,35,6,1198,1,5,NISSAN MICRA,6,E01032798,0,-1
2021211082084,2021,211082084,1,9,0,18,19,2,4,0,0,0,0,0,0,0,3,1,6,6,1,34,6,999,1,1,NISSAN MICRA,2,E01014252,0,-1
2021501097461,2021,501097461,1,9,0,9,9,1,5,0,0,6,0,0,0,0,3,1,2,2,2,24,5,1240,1,18,NISSAN MICRA,2,E01018836,0,-1
2021101021230,2021,101021230,2,9,0,18,19,5,7,0,0,8,0,0,0,0,4,1,6,6,2,63,9,1198,1,6,NISSAN MICRA,8,E01020623,0,-1
2021010288848,2021,010288848,1,9,0,99,99,9,9,0,0,0,9,99,9,99,9,9,2,2,1,29,6,1240,1,12,NISSAN MICRA,9,E01003857,0,-1
2021010342227,2021,010342227,3,9,0,18,19,7,3,0,0,0,0,0,0,0,1,1,6,6,1,53,8,1198,1,9,NISSAN MICRA,-1,-1,0,-1
2021451043297,2021,451043297,1,9,0,18,19,1,5,0,0,1,0,0,0,0,2,1,5,6,1,85,11,1198,1,7,NISSAN MICRA,8,E01030845,0,-1
2021471016295,2021,471016295,1,9,0,18,19,8,4,0,0,0,0,0,1,7,1,1,5,6,2,72,10,1348,1,20,NISSAN MICRA,7,E01031566,0,-1
2021461074918,2021,461074918,1,9,0,18,19,3,7,0,0,0,0,4,0,0,4,1,6,6,1,40,7,998,1,27,NISSAN MICRA,2,E01016159,0,-1
2021461046333,2021,461046333,1,9,0,18,19,8,4,0,0,0,0,0,0,0,1,1,6,6,1,28,6,998,1,19,NISSAN MICRA,2,E01001576,0,-1
2021201109904,2021,201109904,4,9,0,2,2,0,0,0,0,0,0,0,0,0,3,1,6,6,3,-1,-1,1198,1,9,NISSAN MICRA,-1,-1,0,-1
2021302101972,2021,302101972,1,9,0,9,9,4,2,0,0,1,0,0,0,0,4,1,6,6,1,17,4,1198,1,8,NISSAN MICRA,9,E01019590,0,-1
2021010300980,2021,010300980,1,9,0,5,5,1,5,0,0,2,0,0,0,0,2,1,6,6,2,58,9,1240,1,14,NISSAN MICRA,4,E01000625,0,-1
202131D130721,2021,31D130721,1,9,0,18,19,8,4,0,0,0,0,4,0,0,1,1,6,6,1,85,11,1198,1,10,NISSAN MICRA,8,E01028069,0,-1
2021061093381,2021,061093381,1,9,0,18,19,1,1,0,0,1,0,0,0,0,1,1,6,6,2,33,6,1240,1,17,NISSAN MICRA,-1,-1,0,-1
2021061101420,2021,061101420,1,9,0,18,19,5,1,0,0,0,0,0,0,0,1,1,6,6,2,20,4,998,1,19,NISSAN MICRA,-1,-1,0,-1
2021451067188,2021,451067188,1,9,0,15,15,4,8,0,0,0,0,0,0,0,4,1,6,6,2,56,9,998,1,18,NISSAN MICRA,8,E01001106,0,-1
2021061090016,2021,061090016,2,9,0,18,19,6,2,0,0,0,0,0,0,0,1,1,6,6,3,30,6,1240,1,18,NISSAN MICRA,-1,-1,0,-1
2021010299164,2021,010299164,1,9,0,4,4,1,5,0,0,0,0,0,0,0,2,1,6,6,1,37,7,1240,1,13,NISSAN MICRA,6,E01023545,0,-1
2021430166924,2021,430166924,1,9,0,18,19,7,3,1,1,2,0,0,0,0,1,1,6,6,1,32,6,1198,1,9,NISSAN MICRA,10,E01032948,0,-1
2021221037538,2021,221037538,3,9,0,3,3,7,3,0,0,8,0,0,0,0,2,1,5,6,1,70,10,999,1,1,NISSAN MICRA,6,E01022460,0,-1
2021131061478,2021,131061478,2,9,0,18,19,1,5,0,0,0,0,0,0,0,2,1,6,6,1,47,8,1461,2,13,NISSAN MICRA,1,E01010831,0,-1
2021201138764,2021,201138764,2,9,0,9,9,3,1,0,0,8,0,0,0,0,2,1,6,6,2,23,5,1240,1,13,NISSAN MICRA,4,E01015614,0,-1
2021320504468,2021,320504468,1,9,0,18,19,8,4,0,0,0,0,0,0,0,1,1,6,6,2,26,6,1240,1,13,NISSAN MICRA,5,E01026845,0,-1
2021061126856,2021,061126856,2,9,0,18,19,8,4,0,0,1,0,0,0,0,1,1,6,6,3,-1,-1,1240,1,17,NISSAN MICRA,-1,-1,0,-1
2021061071603,2021,061071603,1,9,0,5,5,5,1,0,0,0,0,0,0,0,3,1,6,6,1,-1,-1,1386,1,17,NISSAN MICRA,-1,-1,0,-1