collision_index,collision_year,collision_ref_no,vehicle_reference,vehicle_type,towing_and_articulation,vehicle_manoeuvre_historic,vehicle_manoeuvre,vehicle_direction_from,vehicle_direction_to,vehicle_location_restricted_lane_historic,vehicle_location_restricted_lane,junction_location,skidding_and_overturning,hit_object_in_carriageway,vehicle_leaving_carriageway,hit_object_off_carriageway,first_point_of_impact,vehicle_left_hand_drive,journey_purpose_of_driver_historic,journey_purpose_of_driver,sex_of_driver,age_of_driver,age_band_of_driver,engine_capacity_cc,propulsion_code,age_of_vehicle,generic_make_model,driver_imd_decile,lsoa_of_driver,escooter_flag,driver_distance_banding
2021010339178,2021,010339178,1,9,0,99,99,9,9,99,99,9,9,99,9,99,9,9,6,6,2,40,7,1240,1,13,NISSAN MICRA,3,E01001697,0,-1
2021351042214,2021,351042214,3,9,0,2,2,0,0,0,0,1,0,0,0,0,0,1,6,6,3,-1,-1,998,1,22,NISSAN MICRA,-1,-1,0,-1
2021401051887,2021,401051887,1,9,0,5,5,1,5,0,0,6,0,0,0,0,3,1,6,6,3,-1,-1,1240,1,18,NISSAN MICRA,-1,-1,0,-1
2021471043195,2021,471043195,1,9,0,17,19,5,2,0,0,0,5,0,7,11,1,1,1,1,1,26,6,1240,1,16,NISSAN MICRA,1,E01016864,0,-1
2021010332193,2021,010332193,1,9,0,3,3,3,7,0,0,1,0,0,0,0,3,1,6,6,2,60,9,1198,1,7,NISSAN MICRA,7,E01002226,0,-1
2021421058321,2021,421058321,2,9,0,2,2,0,0,0,0,0,0,0,0,0,2,1,6,6,3,-1,-1,1240,1,17,NISSAN MICRA,-1,-1,0,-1
2021010335955,2021,010335955,2,9,0,9,9,5,3,0,0,8,0,0,0,0,1,1,6,6,1,75,10,1240,1,17,NISSAN MICRA,3,E01001728,0,-1
2021401038134,2021,401038134,1,9,0,4,4,4,8,0,0,0,5,0,1,0,4,1,5,6,1,25,5,1240,1,18,NISSAN MICRA,2,E01017539,0,-1
2021302100997,2021,302100997,1,9,0,17,19,8,4,0,0,0,1,0,0,0,1,1,6,6,1,25,5,1240,1,16,NISSAN MICRA,9,E01019841,0,-1
2021010342127,2021,010342127,1,9,0,12,12,5,1,0,0,1,0,0,0,0,2,1,6,6,2,19,4,998,1,3,NISSAN MICRA,4,E01001480,0,-1
2021010348264,2021,010348264,3,9,0,18,19,1,5,0,0,0,0,0,0,0,1,1,6,6,2,70,10,1198,1,10,NISSAN MICRA,-1,-1,0,-1
2021010290316,2021,010290316,1,9,0,18,19,8,4,9,9,1,0,10,3,2,1,2,6,6,2,55,8,1240,1,14,NISSAN MICRA,10,E01000753,0,-1
2021201052215,2021,201052215,1,9,0,18,19,-1,-1,0,0,0,0,0,0,0,4,1,6,6,3,-1,-1,1240,1,17,NISSAN MICRA,-1,-1,0,-1
2021461075491,2021,461075491,2,9,0,18,19,3,7,0,0,0,0,0,1,0,1,1,5,6,1,59,9,1240,1,15,NISSAN MICRA,3,E01024656,0,-1
2021061054642,2021,061054642,1,9,0,18,19,8,8,9,9,8,0,0,0,0,1,1,1,1,2,54,8,998,1,18,NISSAN MICRA,2,E01006218,0,-1
2021010321857,2021,010321857,2,9,0,18,19,1,5,0,0,0,0,0,0,0,1,1,6,6,2,22,5,1240,1,14,NISSAN MICRA,9,E01002469,0,-1
2021131067101,2021,131067101,4,9,0,2,2,0,0,0,0,0,0,0,0,0,1,1,6,6,3,-1,-1,999,1,4,NISSAN MICRA,-1,-1,0,-1
2021440092701,2021,440092701,1,9,0,2,2,0,0,0,0,0,0,0,0,0,3,1,6,6,1,91,11,1240,1,12,NISSAN MICRA,4,E01017311,0,-1
2021010330650,2021,010330650,2,9,0,18,19,7,3,0,0,0,0,4,0,0,1,1,6,6,3,-1,-1,998,1,22,NISSAN MICRA,-1,-1,0,-1
2021010310140,2021,010310140,2,9,0,18,19,7,3,0,0,0,0,0,0,0,3,1,6,6,1,33,6,998,1,20,NISSAN MICRA,5,E01003480,0,-1
2021201055615,2021,201055615,3,9,0,3,3,6,2,0,0,0,0,0,0,0,2,1,6,6,2,59,9,999,1,1,NISSAN MICRA,6,E01029640,0,-1
2021010343459,2021,010343459,1,9,0,4,4,1,5,0,0,1,0,0,0,0,4,1,3,7,1,44,7,1198,1,7,NISSAN MICRA,4,E01001645,0,-1
2021031113152,2021,031113152,3,9,0,2,2,0,0,0,0,0,0,0,0,0,1,1,5,6,2,-1,-1,898,1,2,NISSAN MICRA,4,E01019274,0,-1
2021010298388,2021,010298388,2,9,0,17,19,8,6,0,0,0,0,0,0,0,1,1,6,6,1,74,10,1198,1,10,NISSAN MICRA,2,E01000126,0,-1
2021010328810,2021,010328810,1,9,0,18,19,3,7,0,0,1,0,0,0,0,1,1,6,6,1,27,6,1198,1,9,NISSAN MICRA,2,E01000422,0,-1
2021471114641,2021,471114641,1,9,0,18,19,3,7,0,0,0,0,0,0,0,4,1,2,2,2,29,6,998,1,20,NISSAN MICRA,4,E01020935,0,-1
2021421111887,2021,421111887,2,9,0,3,3,7,3,0,0,1,0,0,0,0,2,1,6,6,2,45,7,1386,1,14,NISSAN MICRA,8,E01022091,0,-1
2021041088940,2021,041088940,2,9,0,18,19,7,3,0,0,0,0,0,0,0,2,1,1,1,2,23,5,1198,1,9,NISSAN MICRA,2,E01004829,0,-1
2021010344495,2021,010344495,1,9,0,99,99,9,9,99,99,9,9,99,9,99,1,1,6,6,3,-1,-1,1386,1,18,NISSAN MICRA,4,E01003354,0,-1
2021131052574,2021,131052574,2,9,0,18,19,6,2,0,0,1,0,0,0,0,4,1,6,6,3,-1,-1,1240,1,16,NISSAN MICRA,-1,-1,0,-1
2021501100498,2021,501100498,1,9,0,18,19,3,7,0,0,0,0,0,0,0,4,1,1,1,2,54,8,898,1,4,NISSAN MICRA,5,E01015123,0,-1
2021041026173,2021,041026173,1,9,0,18,19,6,2,0,0,0,5,0,2,11,1,1,5,6,2,22,5,1240,1,11,NISSAN MICRA,10,E01005046,0,-1
2021101112002,2021,101112002,2,9,0,3,3,7,3,0,0,7,0,0,0,0,2,1,6,6,2,48,8,1198,1,7,NISSAN MICRA,-1,-1,0,-1
2021302102101,2021,302102101,2,9,0,18,19,8,4,0,0,8,0,0,0,0,3,1,6,6,1,25,5,1240,1,11,NISSAN MICRA,7,E01013490,0,-1
2021622100150,2021,622100150,2,9,0,2,2,0,0,0,0,1,0,0,0,0,4,1,6,6,3,-1,-1,998,1,19,NISSAN MICRA,-1,-1,0,-1
2021041027881,2021,041027881,2,9,0,9,9,7,3,0,0,2,0,0,0,0,2,1,5,6,2,42,7,1240,1,15,NISSAN MICRA,6,E01025486,0,-1
2021141045576,2021,141045576,2,9,0,11,11,6,6,0,0,0,0,0,0,0,1,1,5,6,2,45,7,1240,1,16,NISSAN MICRA,1,E01008012,0,-1
2021471067074,2021,471067074,1,9,0,16,19,1,4,0,0,0,0,0,7,1,1,1,5,6,2,57,9,999,1,1,NISSAN MICRA,4,E01024843,0,-1
2021440476027,2021,440476027,1,9,0,7,7,8,4,0,0,8,0,9,0,0,3,1,6,6,1,18,4,998,1,22,NISSAN MICRA,4,E01023088,0,-1
2021361017999,2021,361017999,2,9,0,9,9,5,3,0,0,8,0,0,0,0,1,1,2,2,2,38,7,999,1,1,NISSAN MICRA,3,E01026853,0,-1
2021461093454,2021,461093454,1,9,0,14,14,7,3,0,0,3,0,0,0,0,1,1,6,6,1,26,6,1198,1,10,NISSAN MICRA,7,E01024636,0,-1
2021471096507,2021,471096507,1,9,0,18,19,4,8,0,0,0,0,0,0,0,1,1,6,6,2,62,9,1198,1,4,NISSAN MICRA,4,E01021051,0,-1
2021061072559,2021,061072559,2,9,0,4,4,5,1,0,0,0,0,0,0,0,2,1,6,6,2,69,10,1386,1,14,NISSAN MICRA,1,E01005459,0,-1
2021131058469,2021,131058469,1,9,0,18,19,1,5,0,0,8,0,0,0,0,4,1,6,6,1,26,6,1240,1,14,NISSAN MICRA,3,E01010825,0,-1
2021401022096,2021,401022096,1,9,0,18,19,3,7,0,0,0,0,4,0,0,1,1,1,1,2,19,4,1198,1,6,NISSAN MICRA,9,E01017372,0,-1
202131C049821,2021,31C049821,1,9,0,5,5,4,8,9,9,6,0,0,0,0,1,1,6,6,2,78,11,1240,1,12,NISSAN MICRA,1,E01013819,0,-1
2021361131005,2021,361131005,2,9,0,18,19,7,3,0,0,1,0,0,0,0,1,1,5,6,2,87,11,998,1,20,NISSAN MICRA,4,E01026909,0,-1
2021231040137,2021,231040137,1,9,0,18,19,1,5,0,0,4,0,0,0,0,3,1,5,6,2,70,10,1598,1,16,NISSAN MICRA,8,E01031192,0,-1
2021320430204,2021,320430204,1,9,0,18,19,8,4,0,0,0,0,0,0,0,1,1,6,6,3,40,7,998,1,21,NISSAN MICRA,-1,-1,0,-1
2021131103847,2021,131103847,1,9,0,17,19,3,7,0,0,0,1,0,1,11,4,1,5,6,1,20,4,1461,2,11,NISSAN MICRA,5,E01011772,0,-1
2021010306040,2021,010306040,2,9,0,16,19,5,8,0,0,8,0,0,0,0,3,1,6,6,2,39,7,1386,1,13,NISSAN MICRA,6,E01002170,0,-1
2021101052810,2021,101052810,2,9,0,18,19,4,8,0,0,1,0,0,0,0,1,1,5,6,1,26,6,1240,1,13,NISSAN MICRA,6,E01008181,0,-1
2021522101412,2021,522101412,1,9,0,18,19,5,1,0,0,2,0,0,0,0,4,1,6,6,1,45,7,1240,1,12,NISSAN MICRA,6,E01014451,0,-1
2021010347218,2021,010347218,2,9,0,18,19,1,5,0,0,1,0,0,0,0,1,1,1,1,1,44,7,999,1,0,NISSAN MICRA,3,E01001213,0,-1
2021201095102,2021,201095102,2,9,0,9,9,3,1,0,0,8,0,0,0,0,4,1,6,6,2,48,8,1240,1,14,NISSAN MICRA,2,E01009592,0,-1
2021041120259,2021,041120259,2,9,0,18,19,2,6,0,0,2,0,0,0,0,2,1,1,1,1,31,6,1240,1,17,NISSAN MICRA,2,E01025581,0,-1
2021440205192,2021,440205192,2,9,0,9,9,8,5,0,0,8,0,0,0,0,1,1,2,2,1,67,10,1240,1,18,NISSAN MICRA,7,E01017323,0,-1
2021461115052,2021,461115052,1,9,0,18,19,8,4,0,0,1,0,0,0,0,1,1,5,6,2,22,5,1598,1,15,NISSAN MICRA,5,E01024283,0,-1
2021201148619,2021,201148619,1,9,0,18,19,2,6,0,0,6,0,0,0,0,1,1,6,6,3,-1,-1,1198,1,10,NISSAN MICRA,-1,-1,0,-1
2021010295027,2021,010295027,2,9,0,7,7,7,2,0,0,8,0,0,0,0,1,1,6,6,2,48,8,1198,1,6,NISSAN MICRA,3,E01003275,0,-1
2021622100317,2021,622100317,1,9,0,9,9,4,2,0,0,5,0,0,0,0,1,1,6,6,1,73,10,1240,1,12,NISSAN MICRA,10,W01001769,0,-1
2021201128044,2021,201128044,2,9,0,4,4,2,6,0,0,1,0,0,0,0,2,1,6,6,2,32,6,1198,1,8,NISSAN MICRA,4,E01009268,0,-1
2021131064890,2021,131064890,2,9,0,18,19,1,5,0,0,8,0,0,0,0,1,1,5,6,2,59,9,1240,1,11,NISSAN MICRA,1,E01011624,0,-1
2021010345523,2021,010345523,2,9,0,10,10,3,8,0,0,1,0,0,0,0,1,1,6,6,2,32,6,1240,1,15,NISSAN MICRA,4,E01002055,0,-1
2021010348582,2021,010348582,1,9,0,10,10,8,5,0,0,1,0,0,0,0,0,1,6,6,2,59,9,1240,1,16,NISSAN MICRA,2,E01001758,0,-1
2021201023822,2021,201023822,2,9,0,18,19,1,5,0,0,8,0,0,0,0,4,1,6,6,1,25,5,1386,1,12,NISSAN MICRA,6,E01009183,0,-1
2021351063311,2021,351063311,1,9,0,9,9,1,7,0,0,1,0,0,0,0,1,1,6,6,1,55,8,1198,1,9,NISSAN MICRA,5,E01026245,0,-1
2021010305705,2021,010305705,2,9,0,2,2,0,0,0,0,0,0,0,0,0,3,1,6,6,3,-1,-1,1198,1,9,NISSAN MICRA,-1,-1,0,-1
2021522105286,2021,522105286,1,9,0,1,1,3,7,0,0,0,0,0,0,0,2,1,6,6,2,50,8,1240,1,15,NISSAN MICRA,9,E01014957,0,-1
202163B052821,2021,63B052821,1,9,3,18,19,2,6,0,0,0,1,0,0,0,1,1,1,1,1,62,9,998,1,20,NISSAN MICRA,5,W01000536,0,-1
2021461019936,2021,461019936,1,9,0,18,19,3,7,0,0,0,0,0,0,0,1,1,5,6,1,73,10,998,1,22,NISSAN MICRA,3,E01024083,0,-1
2021010293972,2021,010293972,1,9,0,9,9,6,3,0,0,5,1,0,0,0,4,1,6,6,2,28,6,1240,1,17,NISSAN MICRA,2,E01002080,0,-1
2021041030804,2021,041030804,1,9,0,3,3,5,3,0,0,4,0,0,0,0,1,1,6,6,1,39,7,1198,1,8,NISSAN MICRA,7,E01024961,0,-1
2021122101240,2021,122101240,1,9,0,1,1,1,5,9,9,7,0,0,0,0,2,1,6,6,2,59,9,1198,1,6,NISSAN MICRA,9,E01027844,0,-1
2021471051012,2021,471051012,1,9,0,4,4,8,4,0,0,0,0,0,0,0,2,1,6,6,2,60,9,1198,1,6,NISSAN MICRA,4,E01001261,0,-1
2021010307047,2021,010307047,1,9,9,99,99,9,9,99,99,9,9,99,9,99,9,9,6,6,3,-1,-1,1348,1,19,NISSAN MICRA,-1,-1,0,-1
2021461061604,2021,461061604,2,9,-1,-1,-1,-1,-1,-1,-1,0,-1,-1,-1,0,-1,1,2,2,2,41,7,1198,1,8,NISSAN MICRA,7,E01024558,0,-1
2021501062155,2021,501062155,1,9,0,1,1,2,6,0,0,0,0,0,0,0,2,1,5,6,1,82,11,1198,1,10,NISSAN MICRA,7,E01018813,0,-1
2021010290100,2021,010290100,1,9,0,9,9,8,5,0,0,6,0,0,0,0,1,1,6,6,1,79,11,999,1,2,NISSAN MICRA,8,E01001302,0,-1
2021161061819,2021,161061819,1,9,0,4,4,3,7,0,0,0,0,0,0,0,1,1,1,1,2,55,8,1198,1,5,NISSAN MICRA,2,E01012863,0,-1
2021461077985,2021,461077985,3,9,0,3,3,7,3,0,0,0,0,0,0,0,2,1,5,6,2,26,6,999,1,3,NISSAN MICRA,9,E01016052,0,-1
2021041032124,2021,041032124,1,9,0,18,19,7,3,0,0,0,0,0,0,0,4,1,5,6,2,82,11,998,1,2,NISSAN MICRA,9,E01025441,0,-1
2021010347377,2021,010347377,1,9,0,99,99,9,9,99,99,9,9,99,9,99,9,9,6,6,2,37,7,1198,1,8,NISSAN MICRA,8,E01001963,0,-1
2021991052038,2021,991052038,3,9,0,4,4,5,1,0,0,1,0,0,0,0,2,1,5,6,1,26,6,1461,2,2,NISSAN MICRA,5,-1,0,-1
2021221132168,2021,221132168,2,9,0,18,19,8,4,0,0,8,0,0,2,10,1,1,6,6,1,34,6,1240,1,18,NISSAN MICRA,10,W01001936,0,-1
202134NNC5121,2021,34NNC5121,1,9,0,18,19,5,1,0,0,8,0,0,0,0,1,1,6,6,1,53,8,1240,1,18,NISSAN MICRA,3,E01027312,0,-1
2021430544161,2021,430544161,1,9,0,17,19,5,3,0,0,0,2,0,1,0,1,1,2,2,2,23,5,1240,1,11,NISSAN MICRA,10,E01017737,0,-1
202134WNC0401,2021,34WNC0401,1,9,0,18,19,5,1,0,0,0,1,0,1,1,1,1,2,2,2,59,9,1461,2,11,NISSAN MICRA,-1,-1,0,-1
2021141032148,2021,141032148,2,9,0,18,19,2,6,0,0,8,0,0,0,0,1,1,6,6,1,-1,-1,1240,1,17,NISSAN MICRA,1,E01007715,0,-1
2021161060059,2021,161060059,1,9,0,18,19,6,2,0,0,0,0,0,0,0,0,1,6,6,1,82,11,1198,1,10,NISSAN MICRA,8,E01012939,0,-1
2021010346291,2021,010346291,2,9,0,9,9,1,7,0,0,6,0,0,0,0,0,1,6,6,1,-1,-1,998,1,18,NISSAN MICRA,3,E01003439,0,-1
2021421034860,2021,421034860,1,9,0,18,19,3,6,0,0,8,0,0,0,0,4,1,5,6,1,41,7,1240,1,17,NISSAN MICRA,6,E01000165,0,-1
2021461060780,2021,461060780,1,9,0,7,7,7,3,0,0,0,0,0,0,0,1,1,6,6,1,55,8,1348,1,19,NISSAN MICRA,9,E01024450,0,-1
2021421031407,2021,421031407,2,9,0,11,11,7,3,0,0,0,0,0,0,0,4,1,5,6,2,34,6,998,1,20,NISSAN MICRA,4,E01033140,0,-1
2021471023195,2021,471023195,1,9,0,4,4,7,5,0,0,0,1,6,1,11,1,1,5,6,2,36,7,1240,1,15,NISSAN MICRA,10,E01031760,0,-1
2021041064889,2021,041064889,3,9,0,5,5,5,1,0,0,2,0,0,0,0,3,1,5,6,1,55,8,998,1,19,NISSAN MICRA,1,E01012751,0,-1
2021552100204,2021,552100204,2,9,0,3,3,2,6,0,0,0,0,0,0,0,2,1,1,1,2,62,9,999,1,4,NISSAN MICRA,6,E01015361,0,-1
2021010335868,2021,010335868,1,9,0,12,12,1,5,0,0,1,0,0,0,0,1,1,6,6,3,-1,-1,998,1,22,NISSAN MICRA,-1,-1,0,-1
2021471038482,2021,471038482,1,9,0,9,9,6,3,0,0,6,0,0,0,0,3,1,5,6,2,37,7,1240,1,18,NISSAN MICRA,1,E01020992,0,-1
2021010305102,2021,010305102,1,9,0,99,99,9,9,99,99,9,9,99,9,99,1,9,2,2,1,32,6,1198,1,8,NISSAN MICRA,5,E01033288,0,-1
2021010328864,2021,010328864,1,9,0,99,99,9,9,99,99,9,9,99,9,99,4,9,6,6,1,60,9,1240,1,15,NISSAN MICRA,8,E01000680,0,-1
2021101119928,2021,101119928,1,9,0,18,19,3,7,0,0,0,2,0,1,3,1,1,1,1,1,38,7,1198,1,9,NISSAN MICRA,-1,-1,0,-1
2021430029694,2021,430029694,1,9,0,7,7,8,2,0,0,6,5,0,0,0,1,1,1,1,2,40,7,1386,1,16,NISSAN MICRA,2,E01016726,0,-1
2021361106292,2021,361106292,1,9,0,18,19,1,4,0,0,0,0,0,0,0,0,1,5,6,2,21,5,1240,1,11,NISSAN MICRA,4,E01031596,0,-1
2021552101269,2021,552101269,2,9,0,9,9,5,2,0,0,5,0,0,0,0,1,1,1,1,1,56,9,1240,1,13,NISSAN MICRA,4,E01015390,0,-1
2021440362766,2021,440362766,1,9,0,18,19,3,7,0,0,0,0,0,8,10,1,1,6,6,2,22,5,1240,1,15,NISSAN MICRA,8,E01022532,0,-1
2021010304330,2021,010304330,1,9,0,99,99,9,9,99,99,9,9,99,9,99,9,9,6,6,3,35,6,1240,1,15,NISSAN MICRA,3,E01001516,0,-1
2021010345818,2021,010345818,1,9,0,18,19,1,5,0,0,9,0,4,0,0,2,1,6,6,2,47,8,1198,1,10,NISSAN MICRA,5,E01004127,0,-1
2021522103714,2021,522103714,1,9,0,18,19,3,7,0,0,8,0,0,0,0,3,1,1,1,1,34,6,1461,2,12,NISSAN MICRA,4,E01014590,0,-1
2021061023813,2021,061023813,3,9,0,2,2,0,0,0,0,2,0,0,0,0,2,1,6,6,3,-1,-1,999,1,2,NISSAN MICRA,-1,-1,0,-1
2021501086073,2021,501086073,1,9,0,18,19,1,5,0,0,0,0,0,0,0,1,1,5,6,2,57,9,1240,1,12,NISSAN MICRA,3,E01015206,0,-1
2021547490621,2021,547490621,2,9,0,4,4,4,5,0,0,4,0,0,0,0,2,1,6,6,2,81,11,1240,1,14,NISSAN MICRA,9,E01032707,0,-1
2021041028656,2021,041028656,1,9,0,18,19,1,5,0,0,1,0,0,0,0,4,1,4,7,1,41,7,898,1,4,NISSAN MICRA,5,E01025053,0,-1
202134WNC7461,2021,34WNC7461,1,9,0,9,9,1,7,0,0,8,0,0,0,0,3,1,6,6,1,37,7,999,1,2,NISSAN MICRA,-1,-1,0,-1
2021430365271,2021,430365271,2,9,0,18,19,0,0,0,0,0,0,0,0,0,2,1,6,6,1,-1,-1,1240,1,15,NISSAN MICRA,-1,-1,0,-1
2021541121621,2021,541121621,3,9,0,3,3,2,6,0,0,0,0,0,0,0,2,1,6,6,1,73,10,998,1,21,NISSAN MICRA,3,E01031851,0,-1
2021010318930,2021,010318930,1,9,0,9,9,5,2,0,0,5,0,0,0,0,3,1,6,6,1,41,7,998,1,18,NISSAN MICRA,3,E01003235,0,-1
2021010302101,2021,010302101,1,9,0,99,99,9,9,99,99,0,9,99,9,99,2,9,6,6,1,25,5,998,1,19,NISSAN MICRA,9,E01001039,0,-1
2021361058796,2021,361058796,3,9,0,2,2,8,6,0,0,0,0,0,0,0,2,1,6,6,3,-1,-1,1461,2,17,NISSAN MICRA,-1,-1,0,-1
2021111014637,2021,111014637,1,9,0,18,19,1,5,0,0,0,1,0,0,0,1,1,1,1,2,64,9,1198,1,9,NISSAN MICRA,-1,-1,0,-1
2021131096108,2021,131096108,1,9,0,18,19,5,1,0,0,0,0,0,0,0,1,1,6,6,1,34,6,1198,1,8,NISSAN MICRA,9,E01011698,0,-1
2021440480200,2021,440480200,2,9,0,9,9,7,4,0,0,8,0,0,0,0,3,1,6,6,1,34,6,999,1,4,NISSAN MICRA,-1,-1,0,-1
2021010324263,2021,010324263,1,9,0,99,99,9,9,99,99,9,9,99,9,99,9,9,6,6,1,26,6,1240,1,11,NISSAN MICRA,4,E01004232,0,-1
2021010342955,2021,010342955,1,9,0,99,99,9,9,99,99,9,9,99,9,99,2,9,6,6,1,58,9,1240,1,11,NISSAN MICRA,4,E01000235,0,-1
2021141094453,2021,141094453,1,9,0,17,19,6,2,0,0,4,0,0,0,0,1,1,2,2,1,25,5,1240,1,15,NISSAN MICRA,1,E01007573,0,-1
2021010334540,2021,010334540,1,9,0,5,5,0,1,0,0,0,0,0,0,0,1,1,6,6,1,40,7,998,1,19,NISSAN MICRA,5,E01004374,0,-1
2021501045322,2021,501045322,2,9,0,18,19,8,4,0,0,1,0,0,0,0,1,1,5,6,2,22,5,998,1,20,NISSAN MICRA,9,E01019896,0,-1
2021010294729,2021,010294729,2,9,9,99,99,9,9,99,99,0,9,99,9,99,9,9,6,6,3,-1,-1,1240,1,15,NISSAN MICRA,-1,-1,0,-1
2021041092054,2021,041092054,2,9,0,9,9,8,4,0,0,3,0,0,0,0,4,1,5,6,2,30,6,1240,1,14,NISSAN MICRA,1,E01025183,0,-1
2021161063438,2021,161063438,1,9,0,5,5,6,2,0,0,8,0,0,0,0,1,1,2,2,1,45,7,998,1,18,NISSAN MICRA,1,E01012806,0,-1
2021440345898,2021,440345898,1,9,0,12,12,7,3,0,0,0,0,0,0,0,3,1,6,6,2,49,8,1198,1,4,NISSAN MICRA,5,E01031370,0,-1
2021141096814,2021,141096814,1,9,0,18,19,6,2,0,0,1,0,0,0,0,1,1,5,6,2,36,7,1240,1,13,NISSAN MICRA,5,E01007476,0,-1
202131C006021,2021,31C006021,1,9,0,9,9,7,5,0,0,8,0,0,0,0,1,1,2,2,1,57,9,998,1,20,NISSAN MICRA,6,E01013838,0,-1
2021131077104,2021,131077104,1,9,0,7,7,7,1,0,0,1,1,0,7,11,1,1,6,6,1,35,6,1240,1,15,NISSAN MICRA,1,E01011360,0,-1
2021421057012,2021,421057012,2,9,0,7,7,8,2,0,0,2,1,0,3,2,3,1,6,6,2,29,6,1198,1,10,NISSAN MICRA,3,E01021273,0,-1
2021552101226,2021,552101226,1,9,0,9,9,7,5,0,0,6,0,0,0,0,1,1,1,1,1,28,6,1240,1,16,NISSAN MICRA,8,E01020388,0,-1
2021522105180,2021,522105180,1,9,0,3,3,8,4,0,0,1,0,0,0,0,2,1,6,6,1,40,7,998,1,21,NISSAN MICRA,4,E01014623,0,-1
2021041153862,2021,041153862,1,9,0,18,19,1,5,0,0,1,0,0,0,0,1,1,5,6,1,27,6,1198,1,10,NISSAN MICRA,8,E01025437,0,-1
2021010318076,2021,010318076,2,9,0,99,99,9,9,99,99,9,9,99,9,99,2,9,6,6,2,55,8,1240,1,11,NISSAN MICRA,5,E01003773,0,-1
2021010301603,2021,010301603,2,9,0,9,9,1,6,0,0,1,0,0,7,0,4,1,6,6,2,51,8,1198,1,6,NISSAN MICRA,1,E01004309,0,-1
2021461102662,2021,461102662,2,9,0,18,19,1,5,0,0,1,0,0,0,0,3,1,5,6,1,67,10,1198,1,7,NISSAN MICRA,4,E01024293,0,-1
2021440025262,2021,440025262,1,9,0,10,10,3,7,0,0,8,0,0,0,0,1,1,6,6,2,87,11,1198,1,8,NISSAN MICRA,6,E01022940,0,-1
2021041033127,2021,041033127,3,9,0,18,19,4,8,0,0,1,0,0,0,0,3,1,5,6,2,22,5,1240,1,16,NISSAN MICRA,9,E01025453,0,-1
2021440243845,2021,440243845,1,9,0,18,19,7,3,0,0,8,0,0,0,0,3,1,6,6,2,85,11,1240,1,13,NISSAN MICRA,7,E01020349,0,-1
2021010294222,2021,010294222,1,9,0,5,5,5,1,0,0,1,0,0,0,0,3,1,6,6,1,59,9,1198,1,8,NISSAN MICRA,3,-1,0,-1
2021061036852,2021,061036852,2,9,0,6,6,5,5,0,0,1,0,0,0,0,1,1,6,6,1,30,6,1240,1,16,NISSAN MICRA,-1,-1,0,-1
2021131058309,2021,131058309,2,9,0,18,19,7,3,0,0,2,0,0,0,0,1,1,6,6,2,23,5,1240,1,16,NISSAN MICRA,3,E01010630,0,-1
2021501090076,2021,501090076,1,9,0,18,19,5,1,0,0,0,2,0,8,0,1,1,6,6,1,19,4,998,1,19,NISSAN MICRA,5,E01033291,0,-1
2021101016886,2021,101016886,2,9,-1,5,5,3,5,0,0,0,0,0,0,0,0,1,6,6,2,47,8,1240,1,11,NISSAN MICRA,7,E01008797,0,-1
2021371062043,2021,371062043,1,9,0,18,19,1,5,0,0,0,0,0,0,0,1,1,5,6,1,79,11,999,1,2,NISSAN MICRA,5,E01030229,0,-1
2021031069417,2021,031069417,1,9,0,9,9,1,5,0,0,0,0,0,0,0,1,1,5,6,1,86,11,1198,1,8,NISSAN MICRA,10,E01012315,0,-1
2021131059788,2021,131059788,2,9,0,18,19,5,1,0,0,1,0,0,0,0,4,1,5,6,1,49,8,998,1,19,NISSAN MICRA,4,E01010637,0,-1
2021161113745,2021,161113745,1,9,0,9,9,4,2,0,0,5,0,0,0,0,1,1,6,6,2,80,11,1240,1,16,NISSAN MICRA,9,E01013120,0,-1
2021101064460,2021,101064460,1,9,0,7,7,1,3,0,0,2,0,0,0,0,4,1,6,6,2,43,7,1198,1,8,NISSAN MICRA,4,E01008209,0,-1
2021010331570,2021,010331570,1,9,0,3,3,3,7,0,0,0,0,0,0,0,2,1,3,7,2,32,6,1198,1,7,NISSAN MICRA,-1,-1,0,-1
2021010304568,2021,010304568,1,9,0,15,15,5,1,0,0,0,0,0,0,0,4,1,6,6,2,45,7,898,1,4,NISSAN MICRA,4,E01003661,0,-1
2021061069773,2021,061069773,3,9,0,2,2,1,5,0,0,1,0,4,0,0,2,1,6,6,3,-1,-1,1240,1,17,NISSAN MICRA,-1,-1,0,-1
2021461021961,2021,461021961,1,9,0,17,19,2,6,0,0,0,1,0,7,0,1,1,1,1,2,25,5,1240,1,18,NISSAN MICRA,7,E01024013,0,-1
2021141085260,2021,141085260,1,9,0,2,2,5,1,0,0,8,0,0,0,0,2,1,1,1,2,71,10,1198,1,5,NISSAN MICRA,1,E01008092,0,-1
2021401066169,2021,401066169,1,9,0,5,5,3,1,0,0,4,0,0,0,0,1,1,5,6,2,61,9,1198,1,10,NISSAN MICRA,3,E01015765,0,-1
2021471102769,2021,471102769,2,9,0,18,19,5,1,0,0,8,0,0,0,0,1,2,1,1,1,45,7,1235,1,30,NISSAN MICRA,2,E01020910,0,-1