collision_index,collision_year,collision_ref_no,vehicle_reference,vehicle_type,towing_and_articulation,vehicle_manoeuvre_historic,vehicle_manoeuvre,vehicle_direction_from,vehicle_direction_to,vehicle_location_restricted_lane_historic,vehicle_location_restricted_lane,junction_location,skidding_and_overturning,hit_object_in_carriageway,vehicle_leaving_carriageway,hit_object_off_carriageway,first_point_of_impact,vehicle_left_hand_drive,journey_purpose_of_driver_historic,journey_purpose_of_driver,sex_of_driver,age_of_driver,age_band_of_driver,engine_capacity_cc,propulsion_code,age_of_vehicle,generic_make_model,driver_imd_decile,lsoa_of_driver,escooter_flag,driver_distance_banding
202154C532221,2021,54C532221,1,9,0,18,19,7,3,0,0,0,0,0,7,0,1,1,2,2,2,64,9,1240,1,13,NISSAN MICRA,6,E01031971,0,-1
2021501050022,2021,501050022,1,9,0,4,4,1,5,0,0,1,0,0,0,0,1,1,5,6,2,85,11,1598,1,13,NISSAN MICRA,9,E01019907,0,-1
2021131048399,2021,131048399,1,9,0,5,5,6,2,0,0,6,0,0,0,0,-1,1,6,6,3,40,7,1598,1,15,NISSAN MICRA,-1,-1,0,-1
2021461057754,2021,461057754,2,9,0,4,4,3,7,0,0,0,0,0,0,0,2,1,5,6,2,24,5,1240,1,18,NISSAN MICRA,3,E01001887,0,-1
2021351068398,2021,351068398,1,9,0,3,3,6,2,0,0,1,0,0,0,0,1,1,6,6,1,-1,-1,1461,2,11,NISSAN MICRA,3,E01017978,0,-1
2021052101484,2021,052101484,1,9,0,10,10,3,7,0,0,1,0,0,0,0,1,1,6,6,2,47,8,1240,1,13,NISSAN MICRA,6,E01007059,0,-1
2021546474521,2021,546474521,1,9,0,9,9,5,3,0,0,1,0,0,0,0,1,1,6,6,1,87,11,1198,1,9,NISSAN MICRA,7,E01032000,0,-1
202134WNC7111,2021,34WNC7111,1,9,0,18,19,4,8,0,0,0,2,0,1,9,1,1,2,2,1,21,5,1240,1,18,NISSAN MICRA,-1,-1,0,-1
2021991059942,2021,991059942,2,9,0,4,4,1,5,0,0,0,0,0,0,0,2,1,5,6,2,28,6,898,1,4,NISSAN MICRA,1,-1,0,-1
2021320455332,2021,320455332,2,9,0,18,19,5,1,0,0,2,0,0,0,0,4,1,6,6,1,36,7,1198,1,10,NISSAN MICRA,8,E01026322,0,-1
2021401115320,2021,401115320,1,9,0,7,7,-1,-1,0,0,1,0,0,0,0,3,1,6,6,2,78,11,1198,1,10,NISSAN MICRA,5,E01017430,0,-1
2021010355531,2021,010355531,1,9,9,99,99,9,9,99,99,9,9,99,9,99,9,9,6,6,1,-1,-1,1198,1,10,NISSAN MICRA,-1,-1,0,-1
2021430441377,2021,430441377,3,9,0,3,3,0,0,0,0,0,0,0,0,0,2,1,6,6,2,63,9,998,1,24,NISSAN MICRA,9,E01028627,0,-1
2021010333037,2021,010333037,2,9,0,99,99,9,9,99,99,0,9,99,9,99,9,9,6,6,3,22,5,1198,1,10,NISSAN MICRA,3,E01004445,0,-1
2021411078590,2021,411078590,1,9,0,18,19,4,8,0,0,1,0,0,0,0,1,1,6,6,2,81,11,1198,1,10,NISSAN MICRA,10,E01023701,0,-1
2021440329382,2021,440329382,2,9,0,4,4,3,7,0,0,0,0,0,0,0,2,1,6,6,2,22,5,1386,1,14,NISSAN MICRA,10,E01022686,0,-1
2021041031075,2021,041031075,1,9,0,7,7,5,7,0,0,8,0,0,0,0,1,1,2,2,1,26,6,898,1,3,NISSAN MICRA,1,E01024865,0,-1
2021520104212,2021,520104212,1,9,0,18,19,7,3,0,0,0,0,0,0,0,1,1,2,2,1,33,6,998,1,23,NISSAN MICRA,8,E01029126,0,-1
2021451114614,2021,451114614,1,9,0,9,9,7,3,0,0,1,0,0,0,0,1,1,5,6,1,93,11,998,1,21,NISSAN MICRA,8,E01030701,0,-1
2021052200035,2021,052200035,3,9,0,18,19,5,1,0,0,0,0,0,0,0,1,1,6,6,2,30,6,998,1,21,NISSAN MICRA,1,E01006698,0,-1
2021411116955,2021,411116955,1,9,0,18,19,-1,-1,0,0,0,0,0,0,0,1,1,6,6,2,43,7,1240,1,16,NISSAN MICRA,2,E01026633,0,-1
2021401085646,2021,401085646,2,9,0,3,3,4,8,0,0,0,0,0,0,0,3,1,6,6,2,77,11,1240,1,18,NISSAN MICRA,7,E01017478,0,-1
2021361138352,2021,361138352,2,9,0,18,19,7,3,0,0,8,0,0,0,0,1,1,5,6,1,17,4,998,1,21,NISSAN MICRA,7,E01026880,0,-1
2021061095099,2021,061095099,1,9,0,16,19,6,2,0,0,0,0,0,0,0,1,1,5,6,1,18,4,1240,1,15,NISSAN MICRA,1,E01005581,0,-1
2021320690386,2021,320690386,1,9,0,16,19,2,4,0,0,0,0,0,0,0,1,1,6,6,2,74,10,998,1,19,NISSAN MICRA,-1,-1,0,-1
2021010318930,2021,010318930,2,9,0,5,5,5,1,0,0,6,0,0,0,0,1,1,6,6,2,48,8,1198,1,8,NISSAN MICRA,8,E01001596,0,-1
2021520100279,2021,520100279,1,9,0,1,1,7,3,9,9,0,0,0,0,0,2,1,6,6,2,92,11,1198,1,6,NISSAN MICRA,6,E01029218,0,-1
2021552100567,2021,552100567,1,9,0,9,9,4,3,0,0,4,0,0,0,0,1,1,6,6,1,48,8,1240,1,12,NISSAN MICRA,9,E01020362,0,-1
2021010330480,2021,010330480,3,9,0,18,19,7,3,0,0,1,0,0,0,0,1,1,6,6,1,22,5,898,1,4,NISSAN MICRA,4,E01001478,0,-1
2021061042691,2021,061042691,2,9,0,18,19,6,2,0,0,1,1,0,0,0,1,1,6,6,1,50,8,1240,1,15,NISSAN MICRA,5,E01005402,0,-1
2021622100233,2021,622100233,2,9,0,18,19,4,8,0,0,3,0,0,0,0,4,1,6,6,2,39,7,998,1,2,NISSAN MICRA,8,W01001190,0,-1
2021501063763,2021,501063763,2,9,0,4,4,1,5,0,0,0,0,0,0,0,2,1,5,6,1,78,11,1386,1,13,NISSAN MICRA,5,E01015188,0,-1
2021161113469,2021,161113469,4,9,0,2,2,6,2,0,0,2,0,0,0,0,2,1,5,6,3,46,8,1240,1,15,NISSAN MICRA,-1,-1,0,-1
2021010300345,2021,010300345,2,9,9,18,19,3,7,0,0,8,0,0,0,0,1,9,6,6,3,-1,-1,1240,1,15,NISSAN MICRA,-1,-1,0,-1
2021201118114,2021,201118114,1,9,0,12,12,6,2,0,0,1,0,0,0,0,2,1,3,7,1,47,8,1240,1,15,NISSAN MICRA,1,E01009367,0,-1
2021361077280,2021,361077280,1,9,0,18,19,3,7,0,0,0,0,0,1,11,4,1,5,6,2,83,11,1198,1,5,NISSAN MICRA,4,E01026762,0,-1
2021010331939,2021,010331939,1,9,0,3,3,5,1,0,0,1,0,0,0,0,2,1,6,6,2,49,8,998,1,22,NISSAN MICRA,9,E01002386,0,-1
2021421062405,2021,421062405,1,9,0,9,9,5,3,0,0,6,0,0,0,0,4,1,5,6,2,49,8,1240,1,11,NISSAN MICRA,4,E01026458,0,-1
2021361032237,2021,361032237,3,9,0,18,19,1,5,0,0,0,0,0,0,0,1,1,5,6,1,27,6,1386,1,14,NISSAN MICRA,7,E01015686,0,-1
2021010343320,2021,010343320,1,9,0,13,13,1,5,0,0,0,0,0,0,0,1,1,1,1,1,35,6,1386,1,14,NISSAN MICRA,3,E01002554,0,-1
2021010318825,2021,010318825,1,9,0,17,19,7,3,0,0,0,0,4,0,0,4,1,3,7,2,36,7,1240,1,18,NISSAN MICRA,2,E01003557,0,-1
2021451017329,2021,451017329,1,9,0,7,7,1,7,0,0,6,0,0,0,0,3,1,2,2,2,23,5,1461,2,12,NISSAN MICRA,4,E01004048,0,-1
2021461019936,2021,461019936,2,9,0,2,2,0,0,0,0,0,0,0,0,0,3,1,5,6,1,-1,-1,1198,1,10,NISSAN MICRA,-1,-1,0,-1
2021221064341,2021,221064341,2,9,0,3,3,8,4,0,0,1,0,0,0,0,2,1,5,6,1,59,9,1348,1,19,NISSAN MICRA,6,E01014095,0,-1
2021101026212,2021,101026212,1,9,0,18,19,4,8,0,0,4,0,0,2,1,1,1,5,6,1,19,4,1240,1,18,NISSAN MICRA,6,E01008869,0,-1
2021161020088,2021,161020088,1,9,0,5,5,5,7,0,0,0,0,0,0,0,1,1,6,6,2,86,11,1240,1,13,NISSAN MICRA,4,E01013179,0,-1
2021545423121,2021,545423121,3,9,0,2,2,0,0,0,0,0,0,0,0,0,1,1,6,6,1,30,6,1240,1,16,NISSAN MICRA,7,E01032699,0,-1
2021522201200,2021,522201200,1,9,0,9,9,3,1,0,0,8,0,0,0,0,1,1,6,6,2,27,6,1198,1,8,NISSAN MICRA,7,E01032670,0,-1
2021010308879,2021,010308879,1,9,0,16,19,3,7,0,0,1,0,0,0,0,1,1,6,6,1,89,11,1198,1,7,NISSAN MICRA,8,E01000182,0,-1
2021501060838,2021,501060838,2,9,0,2,2,0,0,0,0,0,0,0,0,0,4,1,6,6,2,22,5,998,1,19,NISSAN MICRA,7,E01018806,0,-1
2021471041380,2021,471041380,1,9,0,18,19,8,4,0,0,0,2,0,7,9,1,1,5,6,1,19,4,1240,1,17,NISSAN MICRA,-1,-1,0,-1
202106F079254,2021,06F079254,1,9,0,5,5,3,7,0,0,0,0,0,0,0,1,1,6,6,1,91,11,1240,1,16,NISSAN MICRA,5,E01005687,0,-1
2021501018461,2021,501018461,1,9,0,18,19,3,7,0,0,0,0,0,0,0,1,1,5,6,2,48,8,1198,1,9,NISSAN MICRA,6,E01019068,0,-1
2021141022481,2021,141022481,1,9,0,18,19,1,5,0,0,0,0,4,0,0,1,1,5,6,2,69,10,1240,1,16,NISSAN MICRA,2,E01007656,0,-1
2021010301360,2021,010301360,1,9,0,5,5,7,3,0,0,1,1,10,0,0,3,1,2,2,2,50,8,1198,1,10,NISSAN MICRA,3,E01001366,0,-1
2021141127949,2021,141127949,2,9,0,9,9,2,1,0,0,0,0,0,0,0,1,1,5,6,2,64,9,1240,1,12,NISSAN MICRA,5,E01007501,0,-1
202131D053221,2021,31D053221,1,9,0,18,19,7,4,0,0,1,0,0,0,0,1,1,6,6,2,67,10,998,1,2,NISSAN MICRA,7,E01028107,0,-1
2021131047043,2021,131047043,2,9,0,9,9,5,7,0,0,0,0,0,0,0,3,1,5,6,2,21,5,898,1,4,NISSAN MICRA,2,E01011000,0,-1
2021991089218,2021,991089218,2,9,0,4,4,6,2,0,0,1,0,0,0,0,1,2,5,6,2,18,4,1197,1,5,NISSAN MICRA,6,-1,0,-1
2021010325584,2021,010325584,2,9,0,2,2,0,0,9,9,2,0,0,0,0,2,1,6,6,3,-1,-1,1386,1,15,NISSAN MICRA,-1,-1,0,-1
2021522104494,2021,522104494,2,9,0,7,7,7,1,0,0,4,0,0,0,0,3,1,6,6,2,99,11,1240,1,15,NISSAN MICRA,8,E01014396,0,-1
2021440028479,2021,440028479,1,9,0,18,19,7,3,0,0,0,0,0,0,0,1,1,6,6,1,27,6,1598,1,16,NISSAN MICRA,5,E01017084,0,-1
2021461039033,2021,461039033,1,9,0,4,4,1,5,0,0,0,1,0,0,0,1,1,2,2,2,37,7,1198,1,7,NISSAN MICRA,3,E01023972,0,-1
2021122100358,2021,122100358,1,9,0,10,10,5,3,0,0,1,0,0,0,0,2,1,6,6,2,61,9,998,1,23,NISSAN MICRA,9,E01027885,0,-1
2021060140466,2021,060140466,2,9,0,18,19,3,7,0,0,0,1,0,0,0,3,1,6,6,2,57,9,898,1,4,NISSAN MICRA,5,E01018654,0,-1
2021531027904,2021,531027904,1,9,0,16,19,5,1,0,0,0,0,0,1,4,1,1,5,6,1,43,7,1240,1,15,NISSAN MICRA,5,E01009527,0,-1
2021122100216,2021,122100216,1,9,0,7,7,7,1,0,0,6,1,0,0,0,3,1,2,2,1,43,7,1240,1,12,NISSAN MICRA,6,E01027659,0,-1
2021411124764,2021,411124764,1,9,0,18,19,2,6,0,0,0,5,4,0,0,1,1,5,6,2,77,11,1198,1,8,NISSAN MICRA,10,E01023685,0,-1
2021421093992,2021,421093992,2,9,0,9,9,5,3,0,0,6,0,0,0,0,3,1,5,6,1,32,6,1240,1,16,NISSAN MICRA,1,E01022001,0,-1
2021351121342,2021,351121342,2,9,0,16,19,2,6,0,0,0,0,0,0,0,1,1,5,6,1,50,8,1240,1,18,NISSAN MICRA,2,E01015654,0,-1
2021010305320,2021,010305320,2,9,0,18,19,1,5,0,0,1,0,0,0,0,1,1,6,6,3,-1,-1,1240,1,17,NISSAN MICRA,-1,-1,0,-1
2021411118347,2021,411118347,1,9,0,9,9,3,1,0,0,8,0,0,0,0,4,1,5,6,1,77,11,1240,1,13,NISSAN MICRA,7,E01023351,0,-1
2021070345419,2021,070345419,1,9,0,18,19,5,1,0,0,0,0,2,0,0,1,1,6,6,2,84,11,1240,1,11,NISSAN MICRA,10,E01018349,0,-1
2021471077484,2021,471077484,1,9,0,14,14,6,2,0,0,0,0,0,0,0,3,1,2,2,1,36,7,1240,1,16,NISSAN MICRA,7,E01031351,0,-1
2021991078378,2021,991078378,3,9,0,10,10,1,7,0,0,6,0,0,0,0,1,1,6,6,1,20,4,1198,1,9,NISSAN MICRA,9,-1,0,-1
2021440457159,2021,440457159,1,9,0,18,19,7,3,0,0,8,0,0,0,0,3,1,2,2,2,34,6,1240,1,12,NISSAN MICRA,5,E01017095,0,-1
2021501078766,2021,501078766,3,9,0,3,3,1,5,0,0,8,0,0,0,0,2,1,5,6,2,23,5,1240,1,17,NISSAN MICRA,5,E01018842,0,-1
2021421121648,2021,421121648,1,9,0,18,19,1,5,0,0,8,0,11,0,0,1,1,6,6,1,48,8,1240,1,17,NISSAN MICRA,-1,-1,0,-1
2021522103863,2021,522103863,3,9,0,18,19,5,1,0,0,0,0,0,0,0,2,1,6,6,2,24,5,1240,1,14,NISSAN MICRA,6,E01014677,0,-1
2021010303719,2021,010303719,1,9,0,99,99,9,9,99,99,9,9,99,9,99,9,9,2,2,2,50,8,1240,1,16,NISSAN MICRA,2,E01001331,0,-1
2021522201515,2021,522201515,1,9,0,18,19,4,8,0,0,0,0,0,0,0,1,1,6,6,1,17,4,1240,1,11,NISSAN MICRA,10,E01014878,0,-1
2021201151216,2021,201151216,2,9,0,9,9,4,2,0,0,8,0,0,0,0,4,1,6,6,2,32,6,1240,1,17,NISSAN MICRA,5,E01009211,0,-1
2021010298639,2021,010298639,1,9,0,18,19,1,5,0,0,1,0,0,0,0,1,1,6,6,2,38,7,1240,1,17,NISSAN MICRA,2,E01033703,0,-1
2021401120943,2021,401120943,2,9,0,3,3,8,4,0,0,4,0,0,0,0,2,1,2,2,1,41,7,1240,1,12,NISSAN MICRA,8,E01015706,0,-1
2021010322635,2021,010322635,1,9,0,18,19,5,1,0,0,2,0,0,0,0,1,1,6,6,2,80,11,1198,1,7,NISSAN MICRA,4,E01002455,0,-1
2021010338606,2021,010338606,4,9,0,3,3,5,1,0,0,0,0,0,0,0,2,1,6,6,1,20,4,1198,1,8,NISSAN MICRA,3,E01003524,0,-1
2021131085936,2021,131085936,2,9,0,18,19,3,7,0,0,0,0,0,0,0,3,1,2,2,2,49,8,898,1,3,NISSAN MICRA,5,E01011114,0,-1
2021471017784,2021,471017784,1,9,0,12,12,3,7,0,0,1,0,0,0,0,3,1,6,6,2,64,9,1240,1,18,NISSAN MICRA,6,E01021133,0,-1
2021010320243,2021,010320243,1,9,0,99,99,9,9,99,99,0,9,99,9,99,2,9,6,6,2,56,9,1198,1,5,NISSAN MICRA,7,E01003831,0,-1
2021101052162,2021,101052162,1,9,0,16,19,3,7,0,0,0,1,0,7,11,1,1,5,6,2,47,8,1461,2,11,NISSAN MICRA,-1,-1,0,-1
2021161052011,2021,161052011,2,9,0,18,19,6,4,0,0,0,0,0,0,0,1,1,5,6,1,90,11,1348,1,19,NISSAN MICRA,1,E01012840,0,-1
2021010340090,2021,010340090,1,9,0,99,99,9,9,99,99,0,9,99,9,99,2,9,6,6,2,23,5,1240,1,13,NISSAN MICRA,3,E01002303,0,-1
2021131083000,2021,131083000,1,9,0,18,19,1,5,0,0,0,2,7,0,0,1,2,5,6,1,32,6,1240,1,12,NISSAN MICRA,1,E01011780,0,-1
2021471062758,2021,471062758,2,9,0,7,7,3,5,0,0,5,0,0,0,0,3,1,6,6,2,62,9,998,1,19,NISSAN MICRA,6,E01031362,0,-1
202134NNC7081,2021,34NNC7081,1,9,0,15,15,3,7,0,0,0,1,0,0,6,3,1,6,6,1,35,6,1240,1,14,NISSAN MICRA,10,E01027116,0,-1
2021302100566,2021,302100566,2,9,0,18,19,6,2,0,0,3,0,0,0,0,4,1,3,7,2,38,7,1198,1,9,NISSAN MICRA,9,E01013514,0,-1
2021221065658,2021,221065658,1,9,0,7,7,4,6,0,0,5,0,10,7,9,1,1,5,6,2,22,5,1461,2,11,NISSAN MICRA,8,E01032208,0,-1
2021302100883,2021,302100883,1,9,0,7,7,2,6,0,0,1,0,0,0,0,4,1,6,6,2,76,11,999,1,2,NISSAN MICRA,9,E01019464,0,-1
2021031057700,2021,031057700,1,9,0,18,19,6,3,0,0,0,1,10,1,0,1,1,5,6,1,19,4,998,1,19,NISSAN MICRA,1,E01019157,0,-1
2021101028017,2021,101028017,1,9,0,18,19,6,2,0,0,0,0,0,0,0,1,1,1,1,1,29,6,1240,1,15,NISSAN MICRA,6,E01008453,0,-1
2021991075634,2021,991075634,2,9,0,4,4,3,6,0,0,0,0,0,0,0,2,1,6,6,1,27,6,1240,1,14,NISSAN MICRA,3,-1,0,-1
2021041113988,2021,041113988,1,9,0,9,9,5,1,9,9,8,0,0,0,0,4,1,5,6,1,59,9,1240,1,17,NISSAN MICRA,1,E01012571,0,-1
2021010345769,2021,010345769,2,9,0,99,99,9,9,99,99,0,9,99,9,99,1,9,6,6,3,-1,-1,1240,1,14,NISSAN MICRA,9,E01001209,0,-1
2021461044922,2021,461044922,2,9,0,18,19,3,7,0,0,1,0,0,0,0,1,1,6,6,2,30,6,1240,1,12,NISSAN MICRA,5,E01024191,0,-1
2021201084314,2021,201084314,1,9,0,4,4,7,3,0,0,1,0,4,0,0,1,1,1,1,1,68,10,1240,1,13,NISSAN MICRA,1,E01009346,0,-1
2021201034514,2021,201034514,1,9,0,4,4,6,8,0,0,4,0,0,0,0,1,1,1,1,1,34,6,1198,1,10,NISSAN MICRA,2,E01009742,0,-1
2021451060890,2021,451060890,2,9,0,18,19,3,7,0,0,1,0,0,1,0,1,1,5,6,1,22,5,998,1,21,NISSAN MICRA,9,E01030960,0,-1
2021010346308,2021,010346308,1,8,0,9,9,1,7,0,0,1,0,0,0,0,1,1,6,6,1,22,5,1240,1,17,NISSAN MICRA,3,E01001505,0,-1
2021461049142,2021,461049142,1,9,0,18,19,4,8,0,0,1,0,0,0,0,1,1,5,6,3,-1,-1,1240,1,16,NISSAN MICRA,-1,-1,0,-1
2021010330312,2021,010330312,1,9,0,6,6,3,3,0,0,1,0,0,7,0,1,1,6,6,2,78,11,1198,1,7,NISSAN MICRA,6,E01003398,0,-1
2021010350620,2021,010350620,2,9,0,11,11,1,5,0,0,8,0,0,0,0,3,1,6,6,2,30,6,1240,1,12,NISSAN MICRA,6,E01004372,0,-1
2021461020556,2021,461020556,1,9,0,4,4,8,4,0,0,0,0,0,0,0,4,1,5,6,1,41,7,1240,1,16,NISSAN MICRA,6,E01024406,0,-1
2021371087816,2021,371087816,1,9,0,18,19,6,2,0,0,8,0,0,0,0,1,1,6,6,2,79,11,1240,1,13,NISSAN MICRA,10,E01030084,0,-1
20211383E0743,2021,1383E0743,1,9,0,5,5,3,3,0,0,0,0,0,0,0,1,1,6,6,1,-1,-1,1240,1,12,NISSAN MICRA,-1,-1,0,-1
202134WNC3291,2021,34WNC3291,3,9,0,2,2,0,0,0,0,0,0,0,1,0,2,1,6,6,1,24,5,1240,1,16,NISSAN MICRA,1,E01027231,0,-1
2021451103886,2021,451103886,1,9,0,3,3,1,5,0,0,0,0,0,0,0,1,1,6,6,1,35,6,998,1,21,NISSAN MICRA,8,E01030915,0,-1
2021010307445,2021,010307445,2,9,0,99,99,9,9,99,99,9,9,99,9,99,1,9,6,6,3,-1,-1,1198,1,9,NISSAN MICRA,-1,-1,0,-1
2021010311294,2021,010311294,3,9,0,18,19,7,3,0,0,0,0,0,0,0,0,1,6,6,1,62,9,1386,1,13,NISSAN MICRA,4,E01001376,0,-1
2021010288193,2021,010288193,1,9,0,99,99,9,9,99,99,0,9,99,9,99,1,9,6,6,3,-1,-1,1240,1,17,NISSAN MICRA,3,E01002559,0,-1
2021010292494,2021,010292494,1,9,0,7,7,7,1,4,4,1,0,0,0,0,4,1,6,6,1,78,11,1240,1,18,NISSAN MICRA,2,E01001337,0,-1
2021201061619,2021,201061619,1,9,0,4,4,6,3,0,0,1,0,0,0,0,1,1,6,6,1,24,5,1461,2,3,NISSAN MICRA,2,E01010003,0,-1
2021010321580,2021,010321580,1,9,0,9,9,3,1,0,0,1,0,0,0,0,1,1,6,6,2,74,10,1240,1,14,NISSAN MICRA,-1,-1,0,-1
2021101101329,2021,101101329,3,9,0,2,2,0,0,0,0,0,0,0,0,0,1,1,5,6,2,-1,-1,1386,1,13,NISSAN MICRA,2,E01008662,0,-1
2021461087830,2021,461087830,2,9,0,18,19,1,5,0,0,0,0,0,0,0,2,1,5,6,1,57,9,1198,1,7,NISSAN MICRA,1,E01024671,0,-1
2021061119211,2021,061119211,2,9,0,18,19,1,5,0,0,1,0,0,0,0,4,1,6,6,2,37,7,898,1,3,NISSAN MICRA,2,E01005222,0,-1
2021991080050,2021,991080050,1,9,0,18,19,3,6,0,0,1,0,0,0,0,1,1,5,6,2,82,11,1240,1,15,NISSAN MICRA,4,-1,0,-1
2021471070301,2021,471070301,1,9,0,18,19,2,8,0,0,0,0,0,0,0,1,1,5,6,2,83,11,1240,1,11,NISSAN MICRA,8,E01016958,0,-1
2021010351466,2021,010351466,2,9,0,4,4,7,3,0,0,0,0,4,0,0,1,1,6,6,2,32,6,1240,1,18,NISSAN MICRA,-1,-1,0,-1
20211381H0564,2021,1381H0564,2,9,0,18,19,5,2,0,0,1,0,0,1,11,1,1,6,6,2,62,9,1348,1,19,NISSAN MICRA,5,E01011233,0,-1
2021041074697,2021,041074697,2,9,0,18,19,5,1,0,0,1,0,0,0,0,1,1,1,1,2,-1,-1,1386,1,14,NISSAN MICRA,4,E01016496,0,-1
2021302100896,2021,302100896,1,9,0,18,19,2,6,0,0,0,0,0,0,0,4,1,6,6,1,39,7,1240,1,16,NISSAN MICRA,1,E01013480,0,-1
2021052100179,2021,052100179,1,9,0,10,10,6,2,0,0,1,0,0,0,0,2,1,6,6,1,35,6,1198,1,7,NISSAN MICRA,4,E01006512,0,-1
2021010294737,2021,010294737,1,9,0,18,19,1,5,0,0,8,0,0,0,0,1,1,6,6,2,33,6,1240,1,12,NISSAN MICRA,5,E01002232,0,-1
2021131056002,2021,131056002,1,9,0,18,19,3,7,0,0,0,0,0,0,0,1,1,6,6,1,82,11,998,1,18,NISSAN MICRA,1,E01011339,0,-1
2021430146076,2021,430146076,1,9,0,18,19,1,5,0,0,4,0,0,0,0,1,1,2,2,2,58,9,998,1,19,NISSAN MICRA,1,E01016842,0,-1
2021471066327,2021,471066327,1,9,0,16,19,5,1,0,0,0,2,10,0,0,1,1,5,6,1,19,4,998,1,22,NISSAN MICRA,8,E01021134,0,-1
2021501017211,2021,501017211,1,9,0,18,19,2,6,0,0,0,0,0,0,0,4,1,5,6,2,84,11,1240,1,16,NISSAN MICRA,4,E01020184,0,-1
2021231114505,2021,231114505,1,9,0,5,5,5,8,0,0,6,0,0,0,0,4,1,5,6,2,58,9,1240,1,11,NISSAN MICRA,8,E01022177,0,-1
2021991108214,2021,991108214,2,9,0,3,3,8,4,0,0,1,0,0,0,0,1,1,2,2,2,32,6,1240,1,16,NISSAN MICRA,7,-1,0,-1
2021101124101,2021,101124101,1,9,0,18,19,4,8,0,0,0,0,0,0,0,1,1,2,2,2,50,8,1198,1,9,NISSAN MICRA,4,E01008211,0,-1
2021501026966,2021,501026966,1,9,0,4,4,2,6,0,0,1,0,0,0,0,2,1,5,6,1,73,10,998,1,23,NISSAN MICRA,1,E01015214,0,-1
2021201149209,2021,201149209,1,9,0,12,12,2,6,0,0,2,0,0,0,0,1,1,5,6,1,45,7,1240,1,15,NISSAN MICRA,3,E01033561,0,-1
2021371077207,2021,371077207,2,9,0,5,5,5,1,0,0,1,0,0,0,0,2,1,1,1,1,36,7,1461,2,12,NISSAN MICRA,1,E01033129,0,-1
2021501097794,2021,501097794,2,9,0,3,3,1,5,0,0,4,0,0,0,0,2,1,1,1,2,22,5,1240,1,13,NISSAN MICRA,6,E01020145,0,-1
2021440005070,2021,440005070,2,9,0,18,19,5,1,0,0,0,0,0,0,0,1,1,6,6,2,54,8,1198,1,7,NISSAN MICRA,-1,-1,0,-1
2021461133372,2021,461133372,2,9,0,18,19,3,7,0,0,1,0,0,0,0,1,1,6,6,2,82,11,1240,1,11,NISSAN MICRA,6,E01024520,0,-1
2021138411623,2021,138411623,1,9,0,9,9,5,3,0,0,8,0,0,0,0,1,1,6,6,2,23,5,1240,1,16,NISSAN MICRA,1,E01010802,0,-1
2021361129057,2021,361129057,1,9,0,9,9,2,6,0,0,8,0,0,0,0,3,1,5,6,2,49,8,1461,2,4,NISSAN MICRA,5,E01026442,0,-1
2021471112924,2021,471112924,5,9,0,2,2,0,0,0,0,0,0,0,0,0,1,1,6,6,3,-1,-1,998,1,28,NISSAN MICRA,-1,-1,0,-1
2021061034019,2021,061034019,1,9,0,18,19,1,1,0,0,0,0,0,0,0,1,1,6,6,3,-1,-1,1240,1,16,NISSAN MICRA,-1,-1,0,-1
2021010322390,2021,010322390,1,9,0,18,19,1,5,0,0,0,0,0,0,0,1,1,6,6,1,26,6,1386,1,18,NISSAN MICRA,5,E01002319,0,-1
2021440083266,2021,440083266,2,9,0,17,19,6,3,0,0,1,0,0,1,0,3,1,6,6,2,41,7,1240,1,16,NISSAN MICRA,7,E01017285,0,-1
2021440227504,2021,440227504,1,9,0,18,19,6,3,0,0,0,0,0,7,10,1,1,6,6,1,80,11,1240,1,16,NISSAN MICRA,7,E01017288,0,-1
2021231054444,2021,231054444,2,9,0,4,4,5,1,0,0,2,0,0,0,0,2,1,6,6,2,56,9,1240,1,18,NISSAN MICRA,8,E01031260,0,-1
2021211097159,2021,211097159,1,9,0,2,2,0,0,0,0,0,0,0,0,0,2,1,6,6,1,28,6,1386,1,17,NISSAN MICRA,2,E01003267,0,-1
2021991126662,2021,991126662,1,9,0,18,19,3,8,0,0,0,0,0,0,0,4,1,6,6,1,45,7,999,1,2,NISSAN MICRA,3,-1,0,-1
2021010324375,2021,010324375,1,9,0,18,19,1,5,0,0,0,0,0,0,0,1,1,6,6,2,18,4,1240,1,15,NISSAN MICRA,7,E01002427,0,-1
2021201114453,2021,201114453,1,9,0,17,19,2,8,0,0,2,1,0,0,0,1,1,5,6,1,80,11,1598,1,15,NISSAN MICRA,1,E01009886,0,-1
2021010294585,2021,010294585,1,9,0,3,3,5,1,0,0,0,0,0,0,0,2,1,6,6,2,48,8,1240,1,18,NISSAN MICRA,8,E01002452,0,-1
2021451108581,2021,451108581,1,9,0,17,19,7,3,0,0,0,5,0,7,4,4,1,5,6,1,19,4,998,1,19,NISSAN MICRA,6,E01030557,0,-1
2021041034826,2021,041034826,2,9,0,9,9,4,8,0,0,0,0,0,0,0,3,1,5,6,1,66,10,1240,1,12,NISSAN MICRA,6,E01007033,0,-1