collision_index,collision_year,collision_ref_no,vehicle_reference,vehicle_type,towing_and_articulation,vehicle_manoeuvre_historic,vehicle_manoeuvre,vehicle_direction_from,vehicle_direction_to,vehicle_location_restricted_lane_historic,vehicle_location_restricted_lane,junction_location,skidding_and_overturning,hit_object_in_carriageway,vehicle_leaving_carriageway,hit_object_off_carriageway,first_point_of_impact,vehicle_left_hand_drive,journey_purpose_of_driver_historic,journey_purpose_of_driver,sex_of_driver,age_of_driver,age_band_of_driver,engine_capacity_cc,propulsion_code,age_of_vehicle,generic_make_model,driver_imd_decile,lsoa_of_driver,escooter_flag,driver_distance_banding
2021010319372,2021,010319372,2,9,0,4,4,5,1,0,0,0,0,0,0,0,0,1,6,6,1,43,7,1240,1,14,NISSAN MICRA,2,E01033485,0,-1
2021010340544,2021,010340544,2,9,0,18,19,7,3,0,0,0,0,0,0,0,1,1,6,6,3,-1,-1,1240,1,14,NISSAN MICRA,-1,-1,0,-1
2021320710345,2021,320710345,1,9,0,18,19,8,4,0,0,0,2,0,7,0,0,1,6,6,2,19,4,1386,1,13,NISSAN MICRA,2,E01026011,0,-1
2021471038771,2021,471038771,2,9,0,4,4,5,1,0,0,2,0,0,0,0,2,1,6,6,3,-1,-1,1240,1,11,NISSAN MICRA,-1,-1,0,-1
2021302100637,2021,302100637,2,9,0,5,5,8,2,0,0,1,0,0,0,0,1,1,6,6,3,-1,-1,1198,1,6,NISSAN MICRA,4,E01032613,0,-1
2021010331605,2021,010331605,1,9,0,99,99,9,9,99,99,9,9,99,9,99,9,9,2,2,2,54,8,998,1,19,NISSAN MICRA,7,E01021164,0,-1
2021010351603,2021,010351603,2,9,0,99,99,9,9,99,99,9,9,99,9,99,1,9,6,6,2,33,6,998,1,20,NISSAN MICRA,6,E01023305,0,-1
2021041045619,2021,041045619,2,9,0,18,19,5,1,0,0,0,0,0,0,0,2,1,5,6,1,84,11,999,1,1,NISSAN MICRA,6,E01027559,0,-1
2021010299841,2021,010299841,1,9,0,18,19,5,1,0,0,1,0,0,0,0,1,1,2,2,1,37,7,1240,1,15,NISSAN MICRA,2,E01001462,0,-1
2021070826291,2021,070826291,1,9,0,16,19,1,4,0,0,0,1,0,0,0,1,1,6,6,2,32,6,998,1,18,NISSAN MICRA,2,E01006866,0,-1
2021031098205,2021,031098205,1,9,0,5,5,8,1,0,0,2,0,0,0,0,1,1,6,6,1,88,11,1198,1,9,NISSAN MICRA,10,E01019393,0,-1
2021421119053,2021,421119053,1,9,0,18,19,1,5,0,0,0,0,0,0,0,3,1,6,6,2,47,8,1386,1,15,NISSAN MICRA,4,E01021868,0,-1
2021010338327,2021,010338327,1,9,0,18,19,5,1,0,0,2,0,0,0,0,1,1,6,6,2,37,7,1240,1,12,NISSAN MICRA,1,E01001210,0,-1
2021010292456,2021,010292456,2,9,0,99,99,9,9,99,99,9,9,99,9,99,1,9,6,6,3,29,6,1240,1,13,NISSAN MICRA,10,E01030370,0,-1
2021231082807,2021,231082807,2,9,0,13,13,4,8,0,0,0,1,0,1,1,1,1,5,6,1,58,9,1198,1,7,NISSAN MICRA,1,E01009577,0,-1
2021451057374,2021,451057374,1,9,0,18,19,1,5,0,0,0,0,4,0,0,1,1,5,6,2,62,9,1198,1,7,NISSAN MICRA,5,E01030724,0,-1
2021201031950,2021,201031950,1,9,0,18,19,6,1,0,0,3,0,0,0,0,1,1,6,6,2,-1,-1,998,1,2,NISSAN MICRA,-1,-1,0,-1
2021411117963,2021,411117963,1,9,0,11,11,5,1,0,0,0,1,10,0,0,1,1,5,6,2,21,5,1240,1,16,NISSAN MICRA,8,E01023470,0,-1
2021421016978,2021,421016978,1,9,0,18,19,1,5,0,0,3,0,0,2,0,1,1,6,6,2,48,8,1240,1,15,NISSAN MICRA,5,E01021420,0,-1
2021010336697,2021,010336697,1,9,0,99,99,9,9,99,99,9,9,99,9,99,9,9,6,6,2,21,5,998,1,19,NISSAN MICRA,8,E01004135,0,-1
2021461094394,2021,461094394,2,9,0,18,19,7,3,6,6,0,0,0,0,0,3,1,2,2,2,54,8,999,1,1,NISSAN MICRA,4,E01024486,0,-1
2021302100486,2021,302100486,1,9,0,17,19,6,2,0,0,0,0,0,0,0,3,1,6,6,1,52,8,1240,1,14,NISSAN MICRA,9,E01029818,0,-1
2021451029473,2021,451029473,2,9,0,10,10,5,1,0,0,1,0,0,0,0,2,1,2,2,2,22,5,999,1,1,NISSAN MICRA,5,E01030971,0,-1
2021302100593,2021,302100593,1,9,0,18,19,6,2,0,0,1,1,0,0,0,1,1,6,6,1,26,6,1348,1,20,NISSAN MICRA,5,E01019837,0,-1
2021010291451,2021,010291451,2,9,0,9,9,7,5,0,0,8,0,0,0,0,9,9,6,6,1,40,7,1240,1,12,NISSAN MICRA,2,E01003502,0,-1
2021131072078,2021,131072078,1,9,0,18,19,7,3,0,0,3,1,0,0,0,1,1,6,6,1,53,8,1240,1,15,NISSAN MICRA,1,E01011038,0,-1
2021010349765,2021,010349765,1,9,9,99,99,9,9,99,99,0,9,99,9,99,9,9,6,6,3,-1,-1,1386,1,16,NISSAN MICRA,4,E01003117,0,-1
2021010299046,2021,010299046,1,9,0,5,5,3,7,0,0,1,0,0,0,0,1,1,6,6,2,71,10,998,1,19,NISSAN MICRA,9,E01003458,0,-1
2021010309133,2021,010309133,2,9,0,99,99,9,9,99,99,9,9,99,9,99,9,9,6,6,3,-1,-1,998,1,24,NISSAN MICRA,-1,-1,0,-1
2021052100358,2021,052100358,1,9,0,6,6,4,4,0,0,0,0,0,0,0,3,1,1,1,1,27,6,1240,1,13,NISSAN MICRA,5,E01006553,0,-1
2021351115313,2021,351115313,1,9,0,18,19,3,7,0,0,0,0,0,0,0,1,1,6,6,1,21,5,998,1,18,NISSAN MICRA,9,E01018153,0,-1
2021101082547,2021,101082547,1,9,0,18,19,1,5,0,0,8,0,0,0,0,1,1,6,6,2,68,10,1240,1,17,NISSAN MICRA,4,E01027433,0,-1
2021010319521,2021,010319521,1,9,0,18,19,1,5,0,0,0,0,0,7,11,1,1,6,6,1,35,6,1240,1,16,NISSAN MICRA,10,E01002947,0,-1
2021061078628,2021,061078628,1,9,0,4,4,5,1,0,0,1,0,0,0,0,2,1,6,6,2,48,8,1240,1,11,NISSAN MICRA,9,E01005022,0,-1
202131D158321,2021,31D158321,2,9,0,9,9,2,8,0,0,8,0,0,0,0,2,1,1,1,2,62,9,1598,1,13,NISSAN MICRA,7,E01028411,0,-1
2021010345070,2021,010345070,2,9,0,18,19,1,5,0,0,1,0,0,0,0,1,1,6,6,1,46,8,1240,1,14,NISSAN MICRA,2,E01002003,0,-1
2021101079469,2021,101079469,2,9,0,3,3,2,7,0,0,1,0,-1,0,0,2,1,2,2,1,28,6,1461,2,3,NISSAN MICRA,7,E01020710,0,-1
2021501083797,2021,501083797,2,9,0,18,19,3,7,0,0,0,0,0,0,0,1,1,6,6,1,49,8,1386,1,17,NISSAN MICRA,9,E01019952,0,-1
2021010302531,2021,010302531,1,9,0,18,19,5,1,0,0,6,0,11,0,0,1,1,6,6,2,32,6,1240,1,14,NISSAN MICRA,2,E01000102,0,-1
2021010325955,2021,010325955,4,9,0,2,2,0,0,6,6,8,0,0,0,0,3,1,6,6,3,-1,-1,1198,1,10,NISSAN MICRA,-1,-1,0,-1
2021101113503,2021,101113503,3,9,0,18,19,7,3,0,0,1,0,0,0,0,2,1,5,6,2,29,6,998,1,18,NISSAN MICRA,8,E01008801,0,-1
2021061075496,2021,061075496,1,9,0,7,7,6,8,0,0,-1,0,0,0,0,1,1,6,6,3,-1,-1,1240,1,15,NISSAN MICRA,-1,-1,0,-1
2021010287919,2021,010287919,2,9,0,99,99,9,9,99,99,9,9,99,9,99,9,9,6,6,2,43,7,1386,1,16,NISSAN MICRA,4,E01002987,0,-1
2021351049225,2021,351049225,1,9,0,18,19,3,7,0,0,0,0,0,0,0,1,1,6,6,1,30,6,1240,1,15,NISSAN MICRA,5,E01018195,0,-1
2021041104693,2021,041104693,1,9,0,9,9,7,5,0,0,8,0,0,0,0,1,1,1,1,2,51,8,998,1,19,NISSAN MICRA,3,E01025577,0,-1
2021010336708,2021,010336708,1,9,0,18,19,3,7,0,0,2,0,0,0,0,4,1,6,6,2,46,8,1198,1,9,NISSAN MICRA,3,E01000640,0,-1
2021401044330,2021,401044330,5,9,0,18,19,2,6,0,0,1,0,0,0,0,3,1,6,6,2,50,8,1386,1,12,NISSAN MICRA,2,E01015716,0,-1
2021221114543,2021,221114543,3,9,0,18,19,7,3,0,0,0,0,0,0,0,2,1,5,6,2,51,8,1240,1,11,NISSAN MICRA,7,W01000484,0,-1
2021010299424,2021,010299424,1,9,0,9,9,1,7,0,0,6,0,0,0,0,3,1,6,6,1,63,9,1198,1,8,NISSAN MICRA,5,E01002083,0,-1
2021991065702,2021,991065702,1,9,0,18,19,6,2,0,0,0,2,0,1,0,1,1,6,6,2,27,6,998,1,19,NISSAN MICRA,8,-1,0,-1
2021471016356,2021,471016356,2,9,0,18,19,6,2,0,0,1,0,0,0,0,2,1,5,6,2,64,9,1348,1,20,NISSAN MICRA,5,E01021096,0,-1
2021052100561,2021,052100561,2,9,0,18,19,5,1,0,0,8,0,0,0,0,4,1,6,6,1,35,6,1240,1,15,NISSAN MICRA,1,E01006764,0,-1
2021351063311,2021,351063311,2,9,0,18,19,7,3,0,0,1,0,0,0,0,1,1,6,6,1,53,8,998,1,20,NISSAN MICRA,6,E01015653,0,-1
2021411082420,2021,411082420,2,9,0,3,3,-1,-1,0,0,0,0,0,0,0,2,1,6,6,2,26,6,1240,1,16,NISSAN MICRA,6,E01023317,0,-1
2021010333062,2021,010333062,1,9,0,18,19,7,3,0,0,1,0,0,0,0,1,1,6,6,2,37,7,1240,1,16,NISSAN MICRA,6,E01001093,0,-1
2021231117848,2021,231117848,2,9,0,18,19,1,5,0,0,8,1,0,7,0,1,1,5,6,2,68,10,1198,1,6,NISSAN MICRA,8,E01025948,0,-1
2021010330104,2021,010330104,1,9,0,16,19,3,5,0,0,8,0,0,0,0,1,1,6,6,2,87,11,998,1,20,NISSAN MICRA,3,E01003263,0,-1
2021052200002,2021,052200002,1,9,0,9,9,3,7,0,0,1,0,0,0,0,4,1,6,6,2,48,8,1198,1,6,NISSAN MICRA,2,E01007214,0,-1
2021141039384,2021,141039384,2,9,0,9,9,1,7,0,0,1,0,0,0,0,2,1,5,6,1,47,8,1240,1,15,NISSAN MICRA,2,E01007796,0,-1
2021010332116,2021,010332116,1,9,0,18,19,5,1,0,0,0,0,0,0,0,4,1,6,6,1,26,6,1198,1,10,NISSAN MICRA,1,E01001364,0,-1
2021010294958,2021,010294958,1,9,0,18,19,3,7,99,99,0,9,99,9,99,2,9,6,6,1,27,6,1240,1,15,NISSAN MICRA,2,E01003305,0,-1
2021061028475,2021,061028475,1,9,0,1,1,8,2,0,0,6,0,0,0,0,2,1,5,6,1,18,4,1240,1,18,NISSAN MICRA,1,E01005352,0,-1
2021231095559,2021,231095559,2,9,0,18,19,6,2,0,0,8,0,0,1,0,1,1,5,6,2,64,9,898,1,3,NISSAN MICRA,8,E01025881,0,-1
2021421098447,2021,421098447,1,9,0,18,19,3,7,0,0,1,0,0,0,0,1,1,3,7,2,40,7,1240,1,17,NISSAN MICRA,7,E01021902,0,-1
2021010348264,2021,010348264,2,9,0,5,5,0,1,0,0,0,0,0,0,0,3,1,6,6,1,29,6,1240,1,12,NISSAN MICRA,7,E01000295,0,-1
2021471027465,2021,471027465,2,9,0,7,7,1,3,0,0,3,0,0,0,0,3,1,5,6,2,55,8,1240,1,13,NISSAN MICRA,4,E01000746,0,-1
2021451036341,2021,451036341,1,9,0,9,9,7,3,0,0,6,0,0,0,0,3,1,2,2,1,21,5,1240,1,16,NISSAN MICRA,6,E01030363,0,-1
2021522102543,2021,522102543,1,9,0,18,19,3,7,0,0,0,0,0,0,0,1,1,6,6,2,58,9,998,1,17,NISSAN MICRA,4,E01014815,0,-1
2021552101339,2021,552101339,1,9,0,9,9,2,8,0,0,6,0,0,0,0,1,1,6,6,2,25,5,1240,1,17,NISSAN MICRA,5,E01015417,0,-1
2021411087786,2021,411087786,2,9,0,18,19,1,5,0,0,0,0,0,0,0,1,1,5,6,1,89,11,1198,1,9,NISSAN MICRA,7,E01002187,0,-1
2021010345270,2021,010345270,1,9,0,18,19,7,3,0,0,1,0,0,0,0,3,1,6,6,1,26,6,1198,1,10,NISSAN MICRA,3,E01002564,0,-1
2021430580640,2021,430580640,2,9,0,18,19,3,7,0,0,0,0,0,0,0,1,1,6,6,2,76,11,1240,1,17,NISSAN MICRA,4,E01016485,0,-1
2021201141778,2021,201141778,1,9,0,18,19,5,1,0,0,0,5,10,1,10,1,1,6,6,1,55,8,1386,1,18,NISSAN MICRA,2,E01009635,0,-1
2021401088804,2021,401088804,2,9,0,3,3,4,8,0,0,0,0,0,0,0,3,1,6,6,2,77,11,1240,1,18,NISSAN MICRA,7,E01017478,0,-1
2021430247184,2021,430247184,1,9,0,2,2,0,0,0,0,0,0,0,0,0,2,1,6,6,2,28,6,1240,1,18,NISSAN MICRA,6,E01030336,0,-1
2021010330729,2021,010330729,2,9,0,99,99,9,9,99,99,0,9,99,9,99,1,9,6,6,3,-1,-1,998,1,21,NISSAN MICRA,-1,-1,0,-1
2021522106215,2021,522106215,1,9,0,18,19,1,5,0,0,2,0,0,0,0,1,1,6,6,2,32,6,1240,1,11,NISSAN MICRA,2,E01014694,0,-1
2021401091365,2021,401091365,1,9,0,18,19,3,7,0,0,1,5,10,7,0,1,1,6,6,1,64,9,1198,1,9,NISSAN MICRA,3,E01017536,0,-1
2021302100242,2021,302100242,1,9,0,18,19,4,8,4,4,0,0,0,0,0,1,1,6,6,1,26,6,1198,1,9,NISSAN MICRA,10,E01019848,0,-1
2021201057119,2021,201057119,1,9,0,18,19,5,1,0,0,6,0,7,0,0,3,1,6,6,2,24,5,1240,1,13,NISSAN MICRA,7,E01009170,0,-1
2021010326035,2021,010326035,1,9,0,18,19,5,1,0,0,0,0,4,0,0,1,1,1,1,1,45,7,1240,1,12,NISSAN MICRA,6,E01003227,0,-1
2021161028394,2021,161028394,1,9,0,9,9,3,1,0,0,5,0,0,0,0,3,1,6,6,2,30,6,1240,1,16,NISSAN MICRA,1,E01012864,0,-1
2021351102867,2021,351102867,1,9,0,13,13,6,2,0,0,0,0,0,7,4,1,1,5,6,2,50,8,1240,1,15,NISSAN MICRA,4,E01018077,0,-1
2021461046371,2021,461046371,1,9,0,18,19,8,4,0,0,0,0,0,0,0,1,1,6,6,2,27,6,1240,1,15,NISSAN MICRA,4,E01024029,0,-1
2021991052013,2021,991052013,1,9,0,18,19,1,5,0,0,8,0,0,0,0,1,1,6,6,2,58,9,898,1,2,NISSAN MICRA,6,E01019315,0,-1
2021070080583,2021,070080583,2,9,0,18,19,2,8,0,0,8,0,10,0,0,2,1,6,6,2,56,9,1240,1,16,NISSAN MICRA,9,E01012374,0,-1
2021440043526,2021,440043526,2,9,0,10,10,5,3,0,0,0,0,0,0,0,2,1,6,6,1,41,7,1240,1,17,NISSAN MICRA,2,E01017032,0,-1
2021010346555,2021,010346555,2,9,0,99,99,9,9,99,99,9,0,0,9,0,9,9,6,6,3,-1,-1,1386,1,14,NISSAN MICRA,7,E01001535,0,-1
2021061031434,2021,061031434,1,9,0,18,19,7,3,0,0,1,0,0,0,0,1,1,4,7,2,17,4,1198,1,5,NISSAN MICRA,5,E01018651,0,-1
2021010339532,2021,010339532,2,9,0,99,99,9,9,99,99,9,9,99,9,99,9,9,6,6,3,-1,-1,1198,1,8,NISSAN MICRA,-1,-1,0,-1
2021201113977,2021,201113977,2,9,0,11,11,8,4,0,0,0,1,0,0,0,3,1,5,6,1,26,6,1240,1,12,NISSAN MICRA,1,E01009486,0,-1
2021501088202,2021,501088202,3,9,0,17,19,1,5,0,0,1,0,0,0,0,1,1,5,6,2,56,9,999,1,1,NISSAN MICRA,6,E01020119,0,-1
2021991091959,2021,991091959,2,9,0,10,10,3,7,0,0,5,0,0,1,10,3,1,6,6,2,53,8,1198,1,9,NISSAN MICRA,2,-1,0,-1
2021501103664,2021,501103664,2,9,0,18,19,3,7,0,0,1,0,0,0,0,2,1,5,6,2,74,10,1240,1,11,NISSAN MICRA,7,E01028378,0,-1
2021010333566,2021,010333566,1,9,0,99,99,9,9,99,99,9,9,99,9,99,9,9,6,6,1,38,7,1240,1,17,NISSAN MICRA,2,E01000050,0,-1
2021041100863,2021,041100863,3,9,0,5,5,5,1,0,0,8,0,0,0,0,1,1,5,6,1,55,8,1198,1,5,NISSAN MICRA,4,E01024927,0,-1
2021010343111,2021,010343111,1,9,0,18,19,3,7,0,0,1,0,0,0,0,1,1,2,2,1,45,7,998,1,19,NISSAN MICRA,3,E01002085,0,-1
2021010308038,2021,010308038,1,9,0,5,5,1,5,1,1,6,0,0,0,0,1,1,6,6,2,25,5,1198,1,10,NISSAN MICRA,3,E01001874,0,-1
2021421032588,2021,421032588,1,9,0,9,9,8,6,0,0,6,0,0,0,0,1,1,5,6,2,77,11,1240,1,18,NISSAN MICRA,3,E01021888,0,-1
2021371115159,2021,371115159,1,9,0,18,19,1,1,9,9,0,0,0,0,0,1,1,6,6,2,31,6,1240,1,14,NISSAN MICRA,4,E01030270,0,-1
2021010327625,2021,010327625,2,9,0,2,2,0,0,0,0,0,0,0,0,0,2,1,6,6,3,-1,-1,1198,1,7,NISSAN MICRA,-1,-1,0,-1
2021010305193,2021,010305193,1,9,0,7,7,6,8,0,0,1,0,0,0,0,3,1,6,6,3,-1,-1,1198,1,10,NISSAN MICRA,-1,-1,0,-1
2021371090040,2021,371090040,1,9,0,18,19,1,5,0,0,0,1,0,7,0,1,1,6,6,2,21,5,1240,1,17,NISSAN MICRA,6,E01026650,0,-1
2021010331176,2021,010331176,1,9,0,3,3,5,1,0,0,0,0,0,0,0,3,1,6,6,2,59,9,1198,1,7,NISSAN MICRA,2,E01000086,0,-1
2021421074042,2021,421074042,1,9,0,5,5,7,5,0,0,6,0,0,0,0,3,1,1,1,2,81,11,1198,1,5,NISSAN MICRA,5,E01002262,0,-1
2021501117784,2021,501117784,1,9,0,18,19,7,3,0,0,6,-1,0,0,0,4,1,6,6,2,71,10,1198,1,5,NISSAN MICRA,5,E01018935,0,-1
2021010297487,2021,010297487,1,9,0,9,9,1,7,0,0,5,0,0,0,0,1,1,6,6,2,82,11,1240,1,12,NISSAN MICRA,6,E01004173,0,-1
2021421106828,2021,421106828,1,9,0,18,19,3,7,0,0,1,0,0,0,0,1,1,6,6,2,54,8,1240,1,16,NISSAN MICRA,7,E01015969,0,-1
2021221017131,2021,221017131,1,9,0,17,19,5,3,0,0,0,2,7,1,0,1,1,1,1,2,25,5,1348,1,20,NISSAN MICRA,4,E01014011,0,-1
2021430333827,2021,430333827,1,9,0,9,9,4,2,0,0,6,0,10,1,1,3,1,6,6,1,77,11,999,1,1,NISSAN MICRA,6,E01016492,0,-1
2021010312684,2021,010312684,1,9,0,11,11,3,7,0,0,5,0,0,0,0,4,1,6,6,1,35,6,1240,1,14,NISSAN MICRA,2,E01003506,0,-1
2021131112905,2021,131112905,1,9,0,3,3,7,3,0,0,1,0,0,0,0,2,1,1,1,1,55,8,1240,1,15,NISSAN MICRA,8,E01011514,0,-1
2021211046007,2021,211046007,1,9,0,9,9,5,3,0,0,8,0,0,0,0,1,1,6,6,2,34,6,1198,1,6,NISSAN MICRA,6,E01029637,0,-1
2021361014625,2021,361014625,1,9,0,18,19,4,8,0,0,0,0,0,7,0,1,1,5,6,2,64,9,1240,1,16,NISSAN MICRA,2,E01026716,0,-1
202134NNC7111,2021,34NNC7111,1,9,0,18,19,6,2,0,0,1,0,0,0,0,1,1,6,6,2,64,9,998,1,19,NISSAN MICRA,2,E01020802,0,-1
2021010350934,2021,010350934,1,9,0,9,9,5,2,0,0,8,0,0,0,0,1,1,6,6,2,29,6,1598,1,15,NISSAN MICRA,9,E01030391,0,-1
2021451016422,2021,451016422,2,9,0,2,2,5,1,0,0,0,0,0,1,0,3,1,5,6,2,21,5,1240,1,11,NISSAN MICRA,10,E01030939,0,-1
2021440287185,2021,440287185,2,9,0,3,3,5,1,0,0,1,0,0,0,0,2,1,6,6,2,31,6,1198,1,10,NISSAN MICRA,3,E01022908,0,-1
2021010325180,2021,010325180,1,9,0,4,4,5,1,0,0,1,0,0,0,0,1,1,6,6,2,89,11,998,1,20,NISSAN MICRA,4,E01004643,0,-1
2021461085791,2021,461085791,1,9,0,18,19,2,6,0,0,0,0,0,0,0,1,1,6,6,1,74,10,1240,1,13,NISSAN MICRA,2,E01024128,0,-1
2021411019545,2021,411019545,1,9,0,18,19,6,2,0,0,0,1,0,4,6,1,1,6,6,1,-1,-1,1240,1,11,NISSAN MICRA,9,E01001417,0,-1
2021010335563,2021,010335563,1,9,0,99,99,9,9,99,99,9,9,99,9,99,1,9,6,6,3,35,6,1348,1,20,NISSAN MICRA,6,E01002630,0,-1
2021552101113,2021,552101113,1,9,0,9,9,1,7,0,0,5,1,0,0,0,4,1,6,6,1,20,4,998,1,21,NISSAN MICRA,6,E01020493,0,-1
2021440401795,2021,440401795,2,9,0,18,19,4,8,0,0,8,0,0,0,0,3,1,2,2,2,23,5,1240,1,16,NISSAN MICRA,6,E01022716,0,-1
2021351042214,2021,351042214,2,9,0,2,2,0,0,0,0,1,0,0,0,0,0,1,6,6,3,-1,-1,1240,1,14,NISSAN MICRA,-1,-1,0,-1
2021991055821,2021,991055821,2,9,0,18,19,5,1,0,0,0,0,0,0,0,1,1,5,6,1,21,5,1198,1,5,NISSAN MICRA,9,-1,0,-1
2021010324315,2021,010324315,2,9,0,3,3,1,5,0,0,2,0,4,0,0,2,1,6,6,2,61,9,999,1,1,NISSAN MICRA,2,E01003497,0,-1
2021041062958,2021,041062958,2,9,0,18,19,1,2,0,0,0,0,0,0,0,1,1,2,2,2,18,4,998,1,19,NISSAN MICRA,8,E01025348,0,-1
2021622100459,2021,622100459,1,9,0,18,19,6,2,0,0,0,0,0,0,0,1,1,6,6,1,33,6,1240,1,18,NISSAN MICRA,2,W01000900,0,-1
2021451043359,2021,451043359,1,9,0,7,7,7,1,0,0,6,0,7,0,0,1,1,5,6,2,31,6,1240,1,15,NISSAN MICRA,10,E01016208,0,-1
2021440136779,2021,440136779,1,9,0,17,19,1,0,0,0,2,2,0,1,10,3,1,6,6,2,29,6,1240,1,17,NISSAN MICRA,8,E01022468,0,-1
2021070022395,2021,070022395,1,9,0,1,1,4,8,0,0,2,0,0,0,0,2,1,2,2,2,19,4,1240,1,14,NISSAN MICRA,10,W01000326,0,-1
2021170S10261,2021,170S10261,1,9,0,18,19,6,2,0,0,8,0,10,1,0,0,1,1,1,1,26,6,1240,1,17,NISSAN MICRA,2,E01012217,0,-1
2021451088924,2021,451088924,2,9,0,18,19,5,1,0,0,1,0,0,0,0,1,1,5,6,1,73,10,1198,1,10,NISSAN MICRA,10,E01030369,0,-1
2021361039578,2021,361039578,1,9,0,18,19,5,3,0,0,1,0,0,0,0,1,1,6,6,2,94,11,1240,1,15,NISSAN MICRA,5,E01026751,0,-1
2021440400746,2021,440400746,1,9,0,8,8,1,5,0,0,6,0,0,0,0,2,1,6,6,1,20,4,1386,1,17,NISSAN MICRA,5,E01032726,0,-1
2021451022213,2021,451022213,2,9,0,18,19,1,5,0,0,1,0,0,0,0,1,1,5,6,2,51,8,1198,1,10,NISSAN MICRA,9,E01030574,0,-1
2021411020927,2021,411020927,1,9,0,5,5,8,3,0,0,0,0,0,0,0,1,1,1,1,2,58,9,1386,1,17,NISSAN MICRA,2,E01000221,0,-1
2021131116818,2021,131116818,1,9,0,18,19,8,4,0,0,8,0,0,0,0,4,1,5,6,2,59,9,999,1,2,NISSAN MICRA,3,E01011920,0,-1
2021131058608,2021,131058608,1,9,0,4,4,5,1,0,0,8,0,0,0,0,2,1,2,2,2,50,8,1240,1,14,NISSAN MICRA,1,E01011739,0,-1
2021070447684,2021,070447684,1,9,0,16,19,1,5,0,0,0,5,10,1,0,3,1,6,6,1,21,5,1240,1,11,NISSAN MICRA,4,E01018672,0,-1
2021371100122,2021,371100122,2,9,0,18,19,1,5,0,0,0,0,0,7,11,1,1,1,1,2,18,4,1240,1,13,NISSAN MICRA,9,E01030107,0,-1
2021991018036,2021,991018036,2,9,0,7,7,3,5,0,0,1,0,0,0,0,1,1,5,6,1,80,11,1198,1,6,NISSAN MICRA,-1,-1,0,-1
2021351130216,2021,351130216,1,9,0,15,15,3,7,0,0,0,2,0,1,0,4,1,6,6,1,82,11,998,1,17,NISSAN MICRA,6,E01027051,0,-1
2021421116782,2021,421116782,2,9,0,5,5,5,1,0,0,1,0,0,0,0,1,1,6,6,2,72,10,999,1,0,NISSAN MICRA,9,E01021893,0,-1
2021052102605,2021,052102605,1,9,0,18,19,7,3,0,0,1,0,0,0,0,1,1,6,6,1,82,11,1240,1,14,NISSAN MICRA,1,E01007127,0,-1
2021070008441,2021,070008441,1,9,0,9,9,7,5,0,0,5,0,0,0,0,4,1,6,6,2,37,7,1198,1,6,NISSAN MICRA,2,E01012442,0,-1
2021201125279,2021,201125279,1,9,0,5,5,4,2,0,0,1,0,10,7,0,1,1,4,7,2,38,7,1240,1,13,NISSAN MICRA,1,E01010364,0,-1
2021622100636,2021,622100636,1,9,0,18,19,4,8,0,0,2,0,0,0,0,1,1,6,6,2,55,8,998,1,18,NISSAN MICRA,10,W01001734,0,-1
2021201092475,2021,201092475,2,9,0,9,9,5,1,0,0,0,5,0,7,0,1,1,2,2,2,69,10,998,1,18,NISSAN MICRA,2,E01009641,0,-1
2021041044187,2021,041044187,1,9,0,9,9,1,7,0,0,8,0,0,0,0,4,1,5,6,2,89,11,1240,1,16,NISSAN MICRA,4,E01012665,0,-1
2021522102559,2021,522102559,1,9,0,18,19,3,7,0,0,0,0,0,0,0,4,1,6,6,1,38,7,998,1,20,NISSAN MICRA,1,E01014658,0,-1
202134WNC0931,2021,34WNC0931,1,9,0,18,19,1,5,0,0,8,0,0,0,0,4,1,2,2,1,23,5,898,1,2,NISSAN MICRA,-1,-1,0,-1
2021010306854,2021,010306854,2,9,0,99,99,9,9,99,99,9,9,99,9,99,1,9,6,6,3,-1,-1,1240,1,15,NISSAN MICRA,4,E01004366,0,-1
2021991035305,2021,991035305,1,9,0,6,6,2,2,0,0,0,0,0,0,0,3,1,6,6,1,66,10,1198,1,6,NISSAN MICRA,7,-1,0,-1
2021010287518,2021,010287518,2,9,9,18,19,7,3,99,99,9,9,99,9,99,3,9,6,6,3,-1,-1,998,1,3,NISSAN MICRA,2,E01003582,0,-1
2021010338806,2021,010338806,1,9,0,9,9,5,3,0,0,1,0,0,0,0,4,1,6,6,1,40,7,1275,1,22,NISSAN MICRA,2,E01001012,0,-1
2021010297532,2021,010297532,1,9,0,18,19,3,7,0,0,0,0,4,0,0,4,1,6,6,2,76,11,999,1,2,NISSAN MICRA,8,E01003422,0,-1
2021221059249,2021,221059249,1,9,0,18,19,1,5,0,0,8,0,0,0,0,1,1,6,6,3,-1,-1,1240,1,15,NISSAN MICRA,-1,-1,0,-1