collision_index,collision_year,collision_ref_no,vehicle_reference,vehicle_type,towing_and_articulation,vehicle_manoeuvre_historic,vehicle_manoeuvre,vehicle_direction_from,vehicle_direction_to,vehicle_location_restricted_lane_historic,vehicle_location_restricted_lane,junction_location,skidding_and_overturning,hit_object_in_carriageway,vehicle_leaving_carriageway,hit_object_off_carriageway,first_point_of_impact,vehicle_left_hand_drive,journey_purpose_of_driver_historic,journey_purpose_of_driver,sex_of_driver,age_of_driver,age_band_of_driver,engine_capacity_cc,propulsion_code,age_of_vehicle,generic_make_model,driver_imd_decile,lsoa_of_driver,escooter_flag,driver_distance_banding
2021201116696,2021,201116696,1,9,0,18,19,4,8,0,0,0,0,10,1,4,4,1,6,6,1,65,9,1240,1,11,NISSAN MICRA,2,E01010056,0,-1
2021351033810,2021,351033810,2,9,0,16,19,4,2,0,0,0,0,0,0,0,3,1,5,6,2,58,9,1240,1,12,NISSAN MICRA,8,E01018021,0,-1
2021010329486,2021,010329486,1,9,0,18,19,3,7,0,0,0,5,4,0,0,4,1,2,2,2,34,6,1240,1,18,NISSAN MICRA,2,E01003634,0,-1
2021010306252,2021,010306252,1,9,0,9,9,5,2,0,0,9,0,99,0,0,2,1,6,6,2,35,6,1240,1,12,NISSAN MICRA,1,E01004428,0,-1
2021430499740,2021,430499740,2,9,0,1,1,8,4,0,0,0,0,0,0,0,2,1,6,6,2,30,6,1240,1,16,NISSAN MICRA,-1,-1,0,-1
2021041032177,2021,041032177,2,9,0,3,3,1,1,0,0,1,0,0,0,0,2,1,6,6,2,42,7,1240,1,15,NISSAN MICRA,2,E01012573,0,-1
202154A085621,2021,54A085621,2,9,0,4,4,6,2,0,0,0,0,0,0,0,2,1,6,6,2,21,5,1240,1,15,NISSAN MICRA,8,E01032071,0,-1
2021010317672,2021,010317672,1,9,0,18,19,7,3,0,0,6,0,0,0,0,1,1,6,6,2,71,10,1240,1,14,NISSAN MICRA,3,E01002052,0,-1
2021010290490,2021,010290490,1,9,0,1,1,3,6,0,0,2,0,0,0,0,3,1,6,6,2,45,7,998,1,18,NISSAN MICRA,4,E01001023,0,-1
2021541374521,2021,541374521,1,9,0,9,9,5,3,0,0,1,0,0,0,0,1,1,6,6,2,70,10,1240,1,11,NISSAN MICRA,8,E01032690,0,-1
2021471024403,2021,471024403,2,9,0,18,19,2,6,0,0,0,0,0,0,0,2,1,5,6,1,58,9,1240,1,17,NISSAN MICRA,7,E01021081,0,-1
2021052101629,2021,052101629,1,9,0,18,19,1,5,0,0,0,0,0,0,0,1,1,1,1,1,25,5,1240,1,17,NISSAN MICRA,1,E01006673,0,-1
2021010352472,2021,010352472,1,9,0,18,19,3,7,0,0,0,0,0,0,0,1,1,1,1,1,59,9,1240,1,17,NISSAN MICRA,9,E01032576,0,-1
2021501138730,2021,501138730,1,9,0,5,5,3,7,0,0,0,0,0,0,0,1,1,1,1,2,57,9,1240,1,18,NISSAN MICRA,3,E01020118,0,-1
2021361068496,2021,361068496,1,9,0,16,19,1,5,0,0,0,0,0,0,0,3,1,5,6,2,20,4,1240,1,14,NISSAN MICRA,4,E01026522,0,-1
2021010349249,2021,010349249,2,9,0,99,99,9,9,99,99,9,9,99,9,99,1,9,6,6,2,34,6,1198,1,9,NISSAN MICRA,2,E01003349,0,-1
202131D137621,2021,31D137621,2,9,0,18,19,6,2,0,0,8,0,0,0,0,1,1,6,6,1,45,7,1598,1,13,NISSAN MICRA,1,E01013880,0,-1
2021061073012,2021,061073012,1,9,0,18,19,6,2,0,0,0,0,0,0,0,2,1,5,6,1,47,8,1240,1,15,NISSAN MICRA,3,E01006066,0,-1
2021522201367,2021,522201367,1,9,0,18,19,3,7,0,0,0,0,0,1,0,0,1,6,6,1,33,6,1240,1,12,NISSAN MICRA,10,E01031907,0,-1
2021522103418,2021,522103418,2,9,0,18,19,4,8,0,0,8,0,0,0,0,1,1,6,6,1,68,10,998,1,20,NISSAN MICRA,6,E01014539,0,-1
2021451109723,2021,451109723,1,9,0,18,19,4,8,0,0,0,0,0,0,0,1,1,6,6,1,21,5,998,1,21,NISSAN MICRA,3,E01015292,0,-1
2021061092912,2021,061092912,1,9,0,6,6,3,1,0,0,0,0,0,0,0,4,1,6,6,1,30,6,1240,1,16,NISSAN MICRA,-1,-1,0,-1
2021351028483,2021,351028483,1,9,0,18,19,7,4,0,0,0,0,0,0,0,4,1,6,6,2,43,7,1240,1,12,NISSAN MICRA,4,E01015676,0,-1
2021010320643,2021,010320643,1,9,0,18,19,5,1,0,0,1,0,0,0,0,3,1,1,1,1,60,9,998,1,23,NISSAN MICRA,9,E01004155,0,-1
2021070578515,2021,070578515,2,9,0,10,10,2,6,0,0,1,0,0,0,0,2,1,6,6,2,67,10,1240,1,17,NISSAN MICRA,7,E01012524,0,-1
2021052100364,2021,052100364,1,9,0,7,7,5,7,0,0,1,0,0,0,0,1,1,6,6,2,61,9,1240,1,12,NISSAN MICRA,5,E01007143,0,-1
2021471025766,2021,471025766,1,9,0,18,19,7,3,0,0,1,0,0,0,0,1,1,2,2,2,32,6,1198,1,9,NISSAN MICRA,7,E01016946,0,-1
2021201090865,2021,201090865,1,9,0,18,19,-1,-1,0,0,6,0,0,0,0,1,1,3,7,2,52,8,1598,1,14,NISSAN MICRA,1,E01010367,0,-1
2021361078328,2021,361078328,2,9,0,3,3,1,5,0,0,0,0,0,0,0,2,1,5,6,2,41,7,1240,1,15,NISSAN MICRA,1,E01026809,0,-1
2021141124782,2021,141124782,1,9,0,16,19,7,3,0,0,0,0,0,0,0,1,1,6,6,2,37,7,1240,1,15,NISSAN MICRA,9,E01007425,0,-1
2021041041952,2021,041041952,1,9,0,12,12,5,1,0,0,0,0,0,0,0,1,1,6,6,2,22,5,1240,1,16,NISSAN MICRA,-1,-1,0,-1
2021461129002,2021,461129002,3,9,0,18,19,3,7,0,0,0,0,0,1,9,1,1,5,6,2,69,10,1198,1,8,NISSAN MICRA,6,E01032567,0,-1
202131D171321,2021,31D171321,1,9,0,9,9,4,2,0,0,5,0,0,0,0,4,1,6,6,2,-1,-1,1240,1,12,NISSAN MICRA,10,E01028136,0,-1
2021201133463,2021,201133463,2,9,0,18,19,8,4,0,0,8,0,0,0,0,1,1,6,6,2,69,10,1386,1,18,NISSAN MICRA,4,E01010377,0,-1
2021010300073,2021,010300073,1,9,0,18,19,3,7,0,0,1,0,4,0,0,3,1,6,6,1,38,7,1240,1,13,NISSAN MICRA,-1,-1,0,-1
2021221117906,2021,221117906,1,9,0,18,19,7,3,0,0,0,0,0,0,0,1,1,6,6,2,17,4,998,1,20,NISSAN MICRA,3,E01014155,0,-1
2021411089815,2021,411089815,1,9,0,18,19,5,5,0,0,1,0,0,0,0,1,1,5,6,2,93,11,1240,1,17,NISSAN MICRA,10,E01023919,0,-1
2021471074701,2021,471074701,1,9,0,18,19,8,4,0,0,1,0,0,0,0,1,1,5,6,2,56,9,1240,1,15,NISSAN MICRA,10,E01031686,0,-1
2021131126186,2021,131126186,2,9,0,9,9,7,3,0,0,8,0,10,0,0,3,1,5,6,1,33,6,1240,1,15,NISSAN MICRA,2,E01011041,0,-1
2021041019626,2021,041019626,2,9,0,18,19,7,3,0,0,2,0,0,0,0,1,1,5,6,1,25,5,1275,1,27,NISSAN MICRA,5,E01025206,0,-1
2021361054535,2021,361054535,2,9,0,18,19,7,3,0,0,0,0,0,0,0,1,1,5,6,2,82,11,1198,1,6,NISSAN MICRA,4,E01026898,0,-1
2021302101772,2021,302101772,2,9,0,18,19,1,5,0,0,1,1,0,0,0,1,1,6,6,1,23,5,1198,1,10,NISSAN MICRA,3,E01033387,0,-1
2021010345362,2021,010345362,1,9,0,3,3,3,7,0,0,1,0,0,0,0,1,1,2,2,2,43,7,1461,2,14,NISSAN MICRA,5,E01000174,0,-1
202163C101621,2021,63C101621,1,9,0,17,19,5,2,0,0,1,0,0,0,0,1,1,6,6,2,25,5,898,1,3,NISSAN MICRA,5,W01000593,0,-1
202134WNC2991,2021,34WNC2991,2,9,0,18,19,5,1,0,0,1,1,0,0,0,1,1,2,2,2,59,9,1240,1,17,NISSAN MICRA,9,E01027301,0,-1
2021411076722,2021,411076722,1,9,0,5,5,1,7,0,0,1,0,0,0,0,3,1,5,6,2,84,11,1240,1,13,NISSAN MICRA,10,E01023852,0,-1
2021522101873,2021,522101873,1,9,0,18,19,8,4,0,0,0,1,0,1,7,4,1,6,6,2,40,7,1386,1,11,NISSAN MICRA,10,E01014761,0,-1
2021522102835,2021,522102835,2,9,0,11,11,4,7,0,0,3,0,0,0,0,3,1,6,6,3,-1,-1,1240,1,16,NISSAN MICRA,-1,-1,0,-1
2021010335941,2021,010335941,2,9,0,99,99,9,9,99,99,9,9,99,9,99,1,9,6,6,1,48,8,1240,1,13,NISSAN MICRA,3,E01001488,0,-1
2021461073000,2021,461073000,3,9,0,4,4,1,5,0,0,1,0,0,0,0,2,1,6,6,2,47,8,1198,1,8,NISSAN MICRA,9,E01024757,0,-1
2021131115395,2021,131115395,1,9,0,18,19,5,1,0,0,1,1,0,0,0,1,1,5,6,1,31,6,999,1,1,NISSAN MICRA,1,E01011657,0,-1
2021421034812,2021,421034812,2,9,0,9,9,1,5,0,0,5,0,0,0,0,3,1,5,6,2,63,9,1275,1,22,NISSAN MICRA,5,E01021518,0,-1
2021010336508,2021,010336508,1,9,0,10,10,1,7,0,0,8,0,0,0,0,3,1,6,6,1,35,6,1240,1,15,NISSAN MICRA,4,E01001221,0,-1
2021501031576,2021,501031576,1,9,0,10,10,1,7,0,0,6,0,0,-1,0,3,1,1,1,2,52,8,1198,1,7,NISSAN MICRA,3,E01020282,0,-1
2021221055026,2021,221055026,1,9,0,18,19,2,6,0,0,0,0,0,0,0,1,1,5,6,1,38,7,1240,1,13,NISSAN MICRA,1,E01009198,0,-1
2021041128313,2021,041128313,3,9,0,10,10,5,3,0,0,1,0,0,0,0,2,1,6,6,1,46,8,1198,1,10,NISSAN MICRA,2,E01025245,0,-1
2021421057554,2021,421057554,1,9,0,18,19,1,5,0,0,1,0,0,0,0,4,1,2,2,2,47,8,1275,1,23,NISSAN MICRA,2,E01015844,0,-1
2021522105268,2021,522105268,1,9,0,3,3,3,7,0,0,0,0,0,0,0,2,1,6,6,2,58,9,1240,1,12,NISSAN MICRA,5,E01033339,0,-1
2021231044739,2021,231044739,1,9,0,18,19,7,3,0,0,8,1,0,0,0,1,1,5,6,1,19,4,998,1,19,NISSAN MICRA,5,E01031088,0,-1
2021201020165,2021,201020165,1,9,0,18,19,6,2,0,0,2,0,0,0,0,1,1,6,6,2,-1,-1,1198,1,8,NISSAN MICRA,-1,-1,0,-1
2021471112443,2021,471112443,2,9,0,18,19,8,3,0,0,0,0,0,0,0,3,1,6,6,2,29,6,999,1,1,NISSAN MICRA,4,E01021060,0,-1
2021101112002,2021,101112002,1,9,0,18,19,7,3,0,0,7,0,0,0,0,1,1,6,6,1,-1,-1,1240,1,15,NISSAN MICRA,-1,-1,0,-1
2021451105250,2021,451105250,1,9,0,9,9,1,5,0,0,8,0,0,0,0,1,1,5,6,2,81,11,1240,1,18,NISSAN MICRA,9,E01030560,0,-1
2021131034207,2021,131034207,2,9,0,18,19,6,2,0,0,8,0,0,1,0,1,1,2,2,1,26,6,1240,1,17,NISSAN MICRA,3,E01011225,0,-1
2021141020112,2021,141020112,2,9,0,18,19,4,8,0,0,1,0,0,0,0,1,1,5,6,1,66,10,1240,1,14,NISSAN MICRA,2,E01007982,0,-1
2021361084848,2021,361084848,1,9,0,18,19,8,4,0,0,0,0,0,0,0,2,1,6,6,1,-1,-1,1386,1,14,NISSAN MICRA,-1,-1,0,-1
2021052102345,2021,052102345,1,9,0,18,19,7,3,0,0,8,0,0,0,0,1,1,6,6,1,65,9,999,1,2,NISSAN MICRA,1,E01007086,0,-1
2021440107740,2021,440107740,1,9,0,7,7,7,2,0,0,4,0,0,0,0,3,1,6,6,2,53,8,1348,1,19,NISSAN MICRA,2,E01017119,0,-1
2021411113294,2021,411113294,1,9,0,4,4,4,8,0,0,1,0,0,0,0,1,1,6,6,2,-1,-1,1240,1,12,NISSAN MICRA,-1,-1,0,-1
2021131124229,2021,131124229,2,9,0,18,19,8,2,0,0,1,0,0,0,0,2,1,6,6,2,40,7,1198,1,9,NISSAN MICRA,1,E01010829,0,-1
2021010298994,2021,010298994,1,9,0,18,19,1,5,0,0,2,0,0,0,0,1,1,6,6,1,53,8,1240,1,12,NISSAN MICRA,7,E01002367,0,-1
2021501091284,2021,501091284,2,9,0,2,2,7,3,0,0,0,0,0,0,0,2,1,6,6,2,44,7,1461,2,14,NISSAN MICRA,2,E01018928,0,-1
2021440131793,2021,440131793,1,9,0,3,3,2,6,0,0,0,0,0,0,0,2,1,6,6,1,88,11,1198,1,11,NISSAN MICRA,2,E01017165,0,-1
2021451066309,2021,451066309,2,9,0,18,19,5,1,0,0,1,0,0,0,0,4,1,5,6,2,57,9,1240,1,11,NISSAN MICRA,8,E01030654,0,-1
2021421113205,2021,421113205,1,9,0,18,19,5,1,0,0,0,0,0,0,0,1,1,6,6,2,23,5,1240,1,15,NISSAN MICRA,4,E01021309,0,-1
2021302100900,2021,302100900,2,9,0,18,19,6,2,0,0,2,0,0,0,0,1,1,1,1,2,48,8,998,1,19,NISSAN MICRA,7,E01013490,0,-1
2021622200009,2021,622200009,2,9,0,7,7,5,7,0,0,3,0,0,0,0,3,1,6,6,2,61,9,1198,1,6,NISSAN MICRA,2,W01001298,0,-1
2021461119166,2021,461119166,1,9,0,18,19,1,5,0,0,0,1,0,1,7,1,1,6,6,2,48,8,998,1,21,NISSAN MICRA,1,E01024148,0,-1
2021010318096,2021,010318096,1,9,0,18,19,7,3,0,0,0,2,7,7,0,1,1,6,6,1,28,6,999,1,1,NISSAN MICRA,5,E01020969,0,-1
2021440026356,2021,440026356,2,9,0,18,19,6,2,0,0,8,0,0,0,0,1,1,6,6,2,62,9,1240,1,18,NISSAN MICRA,5,E01017254,0,-1
2021010299406,2021,010299406,1,9,0,18,19,3,7,0,0,1,0,0,0,0,4,1,6,6,1,26,6,1240,1,15,NISSAN MICRA,2,E01001202,0,-1
2021371130329,2021,371130329,1,9,0,18,19,1,5,0,0,0,0,0,0,0,1,1,6,6,2,86,11,998,1,20,NISSAN MICRA,9,E01033450,0,-1
2021421121139,2021,421121139,1,9,0,18,19,1,3,0,0,0,1,0,0,0,4,1,6,6,2,20,4,1240,1,16,NISSAN MICRA,9,E01021335,0,-1
2021070064860,2021,070064860,2,9,0,18,19,1,5,0,0,0,0,0,1,0,1,1,6,6,1,23,5,998,1,19,NISSAN MICRA,7,E01018597,0,-1
2021010323425,2021,010323425,1,9,0,18,19,1,5,0,0,0,0,0,0,0,1,1,6,6,2,27,6,1198,1,7,NISSAN MICRA,2,E01032787,0,-1
2021461117914,2021,461117914,2,9,0,18,19,2,6,0,0,6,0,0,0,0,1,1,6,6,1,18,4,1298,1,23,NISSAN MICRA,2,E01021119,0,-1
2021421049398,2021,421049398,2,9,0,5,5,1,7,0,0,0,0,0,0,0,3,1,6,6,1,46,8,1198,1,9,NISSAN MICRA,3,E01021418,0,-1
2021461120958,2021,461120958,1,9,0,18,19,3,7,0,0,0,0,0,0,0,1,1,6,6,2,23,5,1240,1,13,NISSAN MICRA,3,E01024599,0,-1
2021461046673,2021,461046673,2,9,0,18,19,7,3,0,0,1,0,0,0,0,1,1,6,6,2,29,6,999,1,3,NISSAN MICRA,3,E01024218,0,-1
2021101084904,2021,101084904,1,9,0,1,1,1,5,0,0,0,0,0,0,0,4,1,5,6,2,79,11,998,1,17,NISSAN MICRA,1,E01008388,0,-1
2021010305546,2021,010305546,1,9,0,3,3,1,5,0,0,2,0,1,0,0,1,1,6,6,1,80,11,1240,1,18,NISSAN MICRA,7,E01000377,0,-1
2021161053170,2021,161053170,1,9,0,18,19,6,1,0,0,0,5,10,1,0,4,1,6,6,1,26,6,1240,1,16,NISSAN MICRA,5,E01012804,0,-1
2021411105559,2021,411105559,1,9,0,18,19,7,3,0,0,0,0,0,0,0,0,1,5,6,1,89,11,1198,1,8,NISSAN MICRA,8,E01023660,0,-1
2021351084559,2021,351084559,2,9,0,18,19,8,5,0,0,0,0,0,0,0,2,1,5,6,1,39,7,1198,1,7,NISSAN MICRA,8,E01033117,0,-1
2021320337613,2021,320337613,1,9,0,9,9,2,8,1,1,0,0,0,7,0,4,1,6,6,2,32,6,1240,1,16,NISSAN MICRA,3,E01026246,0,-1
2021201047152,2021,201047152,1,9,0,17,19,2,7,0,0,8,0,10,1,2,3,1,5,6,2,45,7,1240,1,16,NISSAN MICRA,3,E01009164,0,-1
2021061045180,2021,061045180,2,9,0,18,19,2,6,0,0,0,0,0,0,0,2,1,2,2,2,54,8,1240,1,17,NISSAN MICRA,1,E01005585,0,-1
2021361083657,2021,361083657,2,9,0,9,9,1,7,0,0,1,0,0,0,0,2,1,5,6,2,79,11,1240,1,13,NISSAN MICRA,5,E01026591,0,-1
2021471043308,2021,471043308,3,9,0,3,3,5,1,0,0,1,0,0,0,0,3,1,5,6,1,76,11,1240,1,18,NISSAN MICRA,5,E01020969,0,-1
2021131048136,2021,131048136,1,9,0,17,19,7,3,0,0,8,0,0,0,0,1,1,5,6,2,41,7,1240,1,17,NISSAN MICRA,7,E01011111,0,-1
2021041041336,2021,041041336,2,9,0,18,19,1,5,0,0,0,0,0,0,0,3,1,5,6,2,63,9,1240,1,14,NISSAN MICRA,1,E01024885,0,-1
2021010344059,2021,010344059,1,9,0,4,4,1,5,0,0,8,0,0,0,0,2,1,6,6,1,44,7,998,1,23,NISSAN MICRA,-1,-1,0,-1
2021010324360,2021,010324360,1,9,0,9,9,5,3,0,0,5,0,0,0,0,3,1,6,6,2,50,8,998,1,20,NISSAN MICRA,4,E01000559,0,-1
2021041107583,2021,041107583,1,9,0,18,19,3,7,0,0,1,0,0,0,0,1,1,2,2,1,47,8,1240,1,13,NISSAN MICRA,3,E01025209,0,-1
2021010312973,2021,010312973,2,9,0,99,99,9,9,99,99,9,9,99,9,99,9,9,6,6,2,50,8,1240,1,13,NISSAN MICRA,4,E01001514,0,-1
2021010289193,2021,010289193,2,9,0,99,99,9,9,99,99,9,9,99,9,99,1,9,6,6,3,52,8,1348,1,20,NISSAN MICRA,2,E01001066,0,-1
2021010296870,2021,010296870,1,9,0,99,99,9,9,99,99,0,9,99,9,99,9,9,6,6,2,23,5,1598,1,14,NISSAN MICRA,8,E01004168,0,-1
2021010327169,2021,010327169,1,9,0,10,10,7,5,0,0,1,0,0,0,0,1,1,6,6,2,61,9,1386,1,16,NISSAN MICRA,9,E01030835,0,-1
2021052100417,2021,052100417,3,9,0,2,2,0,0,0,0,1,0,0,0,0,1,1,6,6,2,41,7,1240,1,11,NISSAN MICRA,5,E01006802,0,-1
2021010339647,2021,010339647,1,9,0,99,99,9,9,99,99,9,9,99,9,99,9,9,6,6,2,28,6,1240,1,11,NISSAN MICRA,5,E01000594,0,-1
2021010353800,2021,010353800,2,9,0,99,99,9,9,99,99,9,9,99,9,99,1,9,6,6,2,34,6,1240,1,12,NISSAN MICRA,6,E01004108,0,-1
2021010352826,2021,010352826,1,9,0,99,99,9,9,99,99,9,9,99,9,99,2,9,6,6,1,33,6,1240,1,15,NISSAN MICRA,10,E01031619,0,-1
202163A006621,2021,63A006621,2,9,0,4,4,1,3,0,0,1,0,0,0,0,2,1,6,6,2,30,6,898,1,4,NISSAN MICRA,8,W01000715,0,-1
2021471062212,2021,471062212,2,9,0,18,19,3,7,0,0,8,0,0,0,0,3,1,2,2,2,37,7,1240,1,18,NISSAN MICRA,4,E01016890,0,-1
2021451035157,2021,451035157,1,9,0,16,19,1,5,0,0,0,0,0,0,0,2,1,5,6,1,34,6,1240,1,16,NISSAN MICRA,8,E01030927,0,-1
2021471072444,2021,471072444,1,9,0,18,19,3,7,0,0,0,0,0,0,0,1,1,6,6,2,39,7,1240,1,16,NISSAN MICRA,4,E01031809,0,-1
2021052101458,2021,052101458,2,9,0,18,19,7,3,0,0,1,0,0,2,11,3,1,6,6,2,79,11,1198,1,9,NISSAN MICRA,1,E01006738,0,-1
2021411083282,2021,411083282,1,9,0,18,19,5,1,0,0,8,0,0,0,0,3,1,1,1,1,60,9,998,1,17,NISSAN MICRA,4,E01023350,0,-1
2021010352427,2021,010352427,1,9,0,9,9,3,2,0,0,1,0,0,0,0,1,1,6,6,2,49,8,1240,1,15,NISSAN MICRA,2,E01004067,0,-1
2021991101326,2021,991101326,1,9,0,9,9,1,6,0,0,8,0,0,0,0,1,1,2,2,2,38,7,1240,1,12,NISSAN MICRA,3,-1,0,-1
202106X079363,2021,06X079363,1,9,0,17,19,3,7,0,0,0,0,0,2,7,1,1,6,6,1,79,11,1240,1,16,NISSAN MICRA,10,E01005796,0,-1
2021041032428,2021,041032428,2,9,0,18,19,3,7,0,0,1,0,0,0,0,3,1,6,6,1,55,8,1240,1,16,NISSAN MICRA,1,E01012670,0,-1
2021320543599,2021,320543599,2,9,0,18,19,6,2,0,0,0,0,0,0,0,1,1,6,6,1,73,10,1240,1,12,NISSAN MICRA,6,E01013234,0,-1
2021010321668,2021,010321668,3,9,0,2,2,0,0,0,0,8,0,0,0,0,2,1,6,6,3,-1,-1,1386,1,18,NISSAN MICRA,-1,-1,0,-1
2021471072009,2021,471072009,2,9,0,3,3,5,1,0,0,4,0,0,0,0,2,1,5,6,2,56,9,998,1,18,NISSAN MICRA,8,E01001106,0,-1
2021010324339,2021,010324339,1,9,0,3,3,7,3,0,0,2,0,0,0,0,2,1,6,6,2,48,8,1240,1,12,NISSAN MICRA,-1,-1,0,-1
2021411100665,2021,411100665,1,9,0,9,9,4,8,0,0,7,1,0,0,0,1,1,5,6,2,64,9,1198,1,4,NISSAN MICRA,8,E01015997,0,-1
2021131032530,2021,131032530,1,9,0,9,9,5,3,0,0,8,0,0,0,0,1,1,5,6,2,27,6,1240,1,16,NISSAN MICRA,1,E01010802,0,-1
2021471109436,2021,471109436,3,9,0,4,4,1,6,0,0,2,0,0,0,0,2,1,5,6,2,24,5,1348,1,20,NISSAN MICRA,6,E01031390,0,-1
2021010344427,2021,010344427,2,9,0,99,99,9,9,99,99,9,9,99,9,99,1,9,6,6,3,-1,-1,1386,1,12,NISSAN MICRA,2,E01004255,0,-1
2021010308211,2021,010308211,1,9,0,99,99,9,9,99,99,9,9,99,9,99,1,9,6,6,2,23,5,998,1,21,NISSAN MICRA,6,E01004532,0,-1
2021421119129,2021,421119129,2,9,0,18,19,7,3,0,0,0,0,0,0,0,1,1,5,6,1,62,9,1240,1,13,NISSAN MICRA,4,E01021365,0,-1
2021201147388,2021,201147388,2,9,0,5,5,7,3,0,0,0,0,0,0,0,2,1,6,6,2,-1,-1,898,1,3,NISSAN MICRA,5,E01009913,0,-1
2021010309127,2021,010309127,2,9,0,99,99,9,9,99,99,9,9,99,9,99,1,9,6,6,3,-1,-1,1198,1,4,NISSAN MICRA,3,E01003293,0,-1
2021201117635,2021,201117635,2,9,0,9,9,8,5,0,0,5,0,0,0,0,3,1,6,6,1,26,6,1240,1,11,NISSAN MICRA,2,E01009017,0,-1
2021010290399,2021,010290399,2,9,0,99,99,9,9,99,99,9,9,99,9,99,1,9,6,6,1,62,9,1240,1,16,NISSAN MICRA,4,E01001167,0,-1
2021421092395,2021,421092395,1,9,0,9,9,2,8,0,0,6,0,0,0,0,4,1,5,6,2,41,7,1386,1,17,NISSAN MICRA,6,E01021714,0,-1
2021201107083,2021,201107083,2,9,0,18,19,1,5,0,0,0,0,0,0,0,3,1,6,6,1,25,5,1240,1,14,NISSAN MICRA,1,E01009127,0,-1
2021101043191,2021,101043191,1,9,0,18,19,8,3,0,0,1,0,0,0,0,1,1,6,6,2,70,10,1240,1,11,NISSAN MICRA,4,E01008226,0,-1
2021371044985,2021,371044985,1,9,0,18,19,5,1,0,0,0,0,0,0,0,0,1,1,1,1,80,11,1240,1,12,NISSAN MICRA,6,E01029926,0,-1
2021471111768,2021,471111768,2,9,0,2,2,0,0,0,0,0,0,0,1,9,2,1,6,6,3,-1,-1,1240,1,16,NISSAN MICRA,-1,-1,0,-1
2021010345758,2021,010345758,2,9,9,99,99,9,9,99,99,9,9,99,9,99,9,9,6,6,2,58,9,1198,1,9,NISSAN MICRA,6,E01000259,0,-1
2021371086156,2021,371086156,1,9,0,16,19,2,5,0,0,1,0,0,0,0,1,1,5,6,2,74,10,1275,1,22,NISSAN MICRA,6,E01030282,0,-1
2021122100119,2021,122100119,1,9,0,16,19,1,5,0,0,0,1,0,1,9,1,1,2,2,2,22,5,1240,1,17,NISSAN MICRA,5,E01027649,0,-1
202163C025321,2021,63C025321,2,9,0,17,19,8,6,0,0,0,0,0,0,0,3,1,1,1,1,52,8,1240,1,19,NISSAN MICRA,3,E01002104,0,-1
2021122101469,2021,122101469,1,9,0,18,19,1,5,0,0,0,0,0,0,0,1,1,6,6,3,28,6,998,1,18,NISSAN MICRA,10,E01027719,0,-1
2021010335249,2021,010335249,2,9,0,18,19,1,5,0,0,1,0,0,0,0,1,1,6,6,2,21,5,1240,1,13,NISSAN MICRA,-1,-1,0,-1
2021010349162,2021,010349162,1,9,0,99,99,9,9,99,99,0,9,99,9,99,1,9,2,2,2,50,8,1240,1,16,NISSAN MICRA,3,E01003374,0,-1
2021552101412,2021,552101412,2,9,0,3,3,4,7,0,0,1,0,0,0,0,2,1,1,1,1,44,7,1386,1,16,NISSAN MICRA,2,E01015379,0,-1
2021302101732,2021,302101732,1,9,0,6,6,4,4,0,0,0,0,0,0,0,3,1,6,6,1,39,7,1461,2,17,NISSAN MICRA,4,E01013501,0,-1
2021010349463,2021,010349463,2,9,0,99,99,9,9,99,99,9,9,99,9,99,1,9,6,6,1,51,8,1240,1,15,NISSAN MICRA,5,E01000375,0,-1
2021221018904,2021,221018904,1,9,0,9,9,5,3,0,0,5,0,0,0,0,1,1,6,6,2,73,10,1386,1,15,NISSAN MICRA,10,E01032419,0,-1
2021201079063,2021,201079063,1,9,0,18,19,5,1,0,0,0,0,0,7,0,1,1,6,6,1,40,7,1386,1,15,NISSAN MICRA,1,E01009507,0,-1
2021201082866,2021,201082866,1,9,0,9,9,2,8,0,0,6,0,0,0,0,3,1,6,6,1,-1,-1,1198,1,6,NISSAN MICRA,-1,-1,0,-1
2021430230263,2021,430230263,1,9,0,9,9,1,7,0,0,6,0,0,0,0,1,1,6,6,1,22,5,1240,1,16,NISSAN MICRA,7,E01033509,0,-1
2021201115448,2021,201115448,1,9,0,9,9,3,1,0,0,1,0,0,0,0,4,1,3,7,2,38,7,998,1,17,NISSAN MICRA,3,E01009597,0,-1
2021170H10081,2021,170H10081,1,9,0,10,10,4,1,0,0,1,0,0,0,0,2,1,6,6,2,58,9,1386,1,17,NISSAN MICRA,6,E01011995,0,-1
2021211087659,2021,211087659,1,9,0,9,9,7,4,0,0,1,0,0,0,0,4,1,6,6,1,56,9,1198,1,7,NISSAN MICRA,10,E01029685,0,-1
2021052101196,2021,052101196,2,9,0,18,19,5,2,0,0,8,0,0,0,0,4,1,6,6,2,66,10,1198,1,7,NISSAN MICRA,3,E01006719,0,-1
2021131068280,2021,131068280,1,9,0,18,19,2,6,0,0,8,0,0,0,0,1,1,5,6,2,31,6,998,1,17,NISSAN MICRA,2,E01011246,0,-1