collision_index,collision_year,collision_ref_no,vehicle_reference,vehicle_type,towing_and_articulation,vehicle_manoeuvre_historic,vehicle_manoeuvre,vehicle_direction_from,vehicle_direction_to,vehicle_location_restricted_lane_historic,vehicle_location_restricted_lane,junction_location,skidding_and_overturning,hit_object_in_carriageway,vehicle_leaving_carriageway,hit_object_off_carriageway,first_point_of_impact,vehicle_left_hand_drive,journey_purpose_of_driver_historic,journey_purpose_of_driver,sex_of_driver,age_of_driver,age_band_of_driver,engine_capacity_cc,propulsion_code,age_of_vehicle,generic_make_model,driver_imd_decile,lsoa_of_driver,escooter_flag,driver_distance_banding
2021041090798,2021,041090798,2,9,0,18,19,7,3,0,0,1,0,0,0,0,1,1,5,6,1,20,4,1386,1,14,NISSAN MICRA,-1,-1,0,-1
2021501109055,2021,501109055,1,9,0,9,9,1,7,0,0,1,0,0,0,0,1,1,5,6,1,77,11,998,1,22,NISSAN MICRA,6,E01018824,0,-1
2021231086285,2021,231086285,1,9,0,17,19,4,1,0,0,0,1,0,0,0,4,1,5,6,2,24,5,1240,1,13,NISSAN MICRA,7,E01031212,0,-1
2021041072831,2021,041072831,1,9,0,18,19,1,5,0,0,1,0,0,0,0,1,1,5,6,2,38,7,1240,1,18,NISSAN MICRA,3,E01025282,0,-1
2021201116168,2021,201116168,2,9,0,2,2,0,0,0,0,0,0,0,0,0,2,1,5,6,3,-1,-1,998,1,19,NISSAN MICRA,-1,-1,0,-1
2021061100766,2021,061100766,1,9,0,7,7,2,6,0,0,0,0,0,1,11,1,1,5,6,2,75,10,1240,1,14,NISSAN MICRA,2,E01005200,0,-1
2021201097893,2021,201097893,1,9,0,18,19,-1,-1,0,0,0,0,0,0,0,1,1,6,6,1,84,11,1198,1,6,NISSAN MICRA,7,E01010493,0,-1
2021461023476,2021,461023476,2,9,0,3,3,4,8,0,0,1,0,0,0,0,2,1,6,6,1,26,6,1240,1,17,NISSAN MICRA,3,E01024309,0,-1
2021010310595,2021,010310595,2,9,0,18,19,5,1,0,0,1,0,4,0,0,1,1,6,6,2,18,4,1198,1,10,NISSAN MICRA,2,E01000743,0,-1
2021010321778,2021,010321778,1,9,0,7,7,3,5,0,0,1,0,0,0,0,1,1,6,6,1,33,6,1275,1,23,NISSAN MICRA,7,E01002999,0,-1
202131D124021,2021,31D124021,2,9,0,18,19,5,1,0,0,8,0,0,0,0,1,1,6,6,2,19,4,898,1,2,NISSAN MICRA,7,E01031534,0,-1
2021010303677,2021,010303677,1,9,0,99,99,9,9,99,99,9,9,99,9,99,9,9,6,6,2,51,8,998,1,18,NISSAN MICRA,2,E01004403,0,-1
2021552101111,2021,552101111,1,9,0,18,19,1,5,0,0,0,0,0,0,0,1,1,6,6,2,53,8,1198,1,9,NISSAN MICRA,-1,-1,0,-1
2021010349450,2021,010349450,1,9,0,9,9,3,1,0,0,2,0,0,0,0,1,1,6,6,2,43,7,1198,1,7,NISSAN MICRA,4,E01003053,0,-1
2021471055282,2021,471055282,2,9,0,9,9,4,2,0,0,1,0,0,6,2,2,1,5,6,2,64,9,998,1,20,NISSAN MICRA,5,E01021011,0,-1
2021501071529,2021,501071529,2,9,0,16,19,2,5,0,0,0,0,0,0,0,1,1,5,6,2,66,10,1240,1,11,NISSAN MICRA,6,E01020168,0,-1
2021471049558,2021,471049558,1,9,0,4,4,4,8,0,0,0,0,0,0,0,1,1,5,6,1,19,4,998,1,19,NISSAN MICRA,4,E01031443,0,-1
2021061048492,2021,061048492,2,9,0,18,19,2,6,0,0,1,0,0,0,0,1,1,6,6,1,20,4,1348,1,21,NISSAN MICRA,10,E01005786,0,-1
2021061111713,2021,061111713,1,9,0,18,19,5,1,0,0,0,1,0,1,0,1,1,6,6,2,81,11,1198,1,5,NISSAN MICRA,7,E01006231,0,-1
2021211067724,2021,211067724,2,9,0,9,9,2,7,0,0,8,0,0,0,0,1,1,6,6,2,23,5,1240,1,11,NISSAN MICRA,1,E01025592,0,-1
2021531099378,2021,531099378,4,9,0,18,19,4,8,0,0,0,0,0,0,0,2,1,5,6,2,26,6,898,1,4,NISSAN MICRA,8,E01022101,0,-1
2021471025791,2021,471025791,1,9,0,18,19,3,7,0,0,8,0,0,0,0,1,1,5,6,2,45,7,1240,1,11,NISSAN MICRA,5,E01021121,0,-1
2021302101298,2021,302101298,1,9,0,16,19,6,2,0,0,2,5,0,7,2,1,1,2,2,1,29,6,1386,1,14,NISSAN MICRA,5,E01019534,0,-1
2021010312008,2021,010312008,1,9,9,99,99,9,9,99,99,9,9,99,9,99,9,9,6,6,1,44,7,1386,1,17,NISSAN MICRA,3,E01002528,0,-1
2021430431819,2021,430431819,1,9,0,18,19,8,4,0,0,0,0,0,0,0,4,1,2,2,2,39,7,1240,1,11,NISSAN MICRA,3,E01032730,0,-1
2021991027960,2021,991027960,1,9,0,18,19,4,8,0,0,0,0,0,0,0,1,1,5,6,2,25,5,1240,1,15,NISSAN MICRA,4,-1,0,-1
2021501047095,2021,501047095,1,9,0,18,19,7,3,0,0,0,0,0,0,0,1,1,5,6,2,29,6,1240,1,18,NISSAN MICRA,3,E01015041,0,-1
2021302100713,2021,302100713,1,9,0,17,19,8,2,0,0,0,1,0,1,7,1,1,6,6,1,42,7,998,1,21,NISSAN MICRA,2,E01013477,0,-1
2021101120999,2021,101120999,2,9,0,18,19,6,3,0,0,3,0,0,0,0,4,1,5,6,2,21,5,1240,1,16,NISSAN MICRA,1,E01020777,0,-1
2021451074088,2021,451074088,3,9,0,18,19,5,1,0,0,0,0,0,1,5,3,1,6,6,3,-1,-1,1240,1,16,NISSAN MICRA,-1,-1,0,-1
2021201116559,2021,201116559,2,9,0,8,8,6,1,0,0,1,0,0,0,0,2,1,1,1,3,45,7,1198,1,8,NISSAN MICRA,1,E01010274,0,-1
2021471100195,2021,471100195,1,9,0,9,9,1,8,0,0,8,0,0,0,0,3,1,5,6,1,36,7,1198,1,10,NISSAN MICRA,8,E01016875,0,-1
2021070611553,2021,070611553,1,9,0,5,5,5,7,0,0,2,0,0,0,0,4,1,2,2,2,20,4,999,1,2,NISSAN MICRA,9,E01006076,0,-1
2021052100605,2021,052100605,3,9,0,10,10,1,6,0,0,1,0,0,0,0,3,1,6,6,2,57,9,1240,1,17,NISSAN MICRA,10,E01007259,0,-1
2021101111135,2021,101111135,1,9,0,18,19,4,1,0,0,0,0,0,0,0,4,1,6,6,1,82,11,1198,1,6,NISSAN MICRA,4,E01032484,0,-1
2021461028419,2021,461028419,1,9,0,4,4,5,1,0,0,0,0,0,0,0,1,1,6,6,2,95,11,998,1,22,NISSAN MICRA,10,E01024751,0,-1
2021010290029,2021,010290029,1,9,0,99,99,9,9,99,99,9,9,99,9,99,2,9,6,6,2,23,5,898,1,4,NISSAN MICRA,9,E01000293,0,-1
2021010327660,2021,010327660,2,9,9,18,19,7,3,0,0,9,0,99,0,0,1,1,6,6,2,22,5,1386,1,16,NISSAN MICRA,2,E01000100,0,-1
2021010287600,2021,010287600,1,9,0,99,99,9,9,99,99,9,9,99,9,99,9,9,6,6,2,41,7,1386,1,18,NISSAN MICRA,2,E01001506,0,-1
2021991132271,2021,991132271,2,9,0,17,19,5,1,0,0,0,0,0,1,0,2,1,6,6,2,68,10,1198,1,7,NISSAN MICRA,9,-1,0,-1
2021201116541,2021,201116541,1,9,0,18,19,6,2,0,0,1,0,4,0,0,1,1,6,6,2,79,11,1240,1,15,NISSAN MICRA,7,E01029393,0,-1
2021421023651,2021,421023651,1,9,0,18,19,5,1,0,0,0,0,0,0,0,1,1,5,6,2,55,8,1240,1,11,NISSAN MICRA,8,E01021444,0,-1
2021010297223,2021,010297223,2,9,0,99,99,9,9,99,99,9,9,99,9,99,1,9,6,6,3,-1,-1,1240,1,15,NISSAN MICRA,3,E01003286,0,-1
2021010330199,2021,010330199,2,9,0,9,9,3,1,0,0,8,0,0,0,0,1,1,6,6,2,49,8,998,1,19,NISSAN MICRA,4,E01002168,0,-1
2021101030566,2021,101030566,2,9,0,2,2,8,2,0,0,0,0,0,0,0,1,1,5,6,2,53,8,1240,1,18,NISSAN MICRA,3,E01008739,0,-1
2021440135042,2021,440135042,1,9,0,9,9,7,5,0,0,8,0,0,0,0,4,1,6,6,2,31,6,998,1,18,NISSAN MICRA,8,E01022991,0,-1
2021351045848,2021,351045848,4,9,0,2,2,0,0,0,0,2,0,0,0,0,1,1,6,6,1,49,8,1598,1,15,NISSAN MICRA,7,E01029947,0,-1
2021302100892,2021,302100892,1,9,0,17,19,2,6,0,0,0,0,0,0,0,1,1,6,6,1,45,7,1240,1,16,NISSAN MICRA,4,E01019822,0,-1
2021131078067,2021,131078067,1,9,0,18,19,3,7,0,0,8,0,0,0,0,1,1,6,6,2,51,8,1386,1,17,NISSAN MICRA,1,E01010739,0,-1
2021451059803,2021,451059803,1,9,0,4,4,1,5,0,0,0,0,0,0,0,2,1,5,6,2,59,9,1240,1,11,NISSAN MICRA,4,E01004526,0,-1
2021440154062,2021,440154062,1,9,0,10,10,4,8,0,0,1,0,0,0,0,2,1,1,1,1,40,7,998,1,18,NISSAN MICRA,4,E01023261,0,-1
2021501022101,2021,501022101,2,9,0,18,19,5,1,0,0,1,0,0,0,0,1,1,3,7,2,30,6,1198,1,7,NISSAN MICRA,5,E01015224,0,-1
2021201133874,2021,201133874,1,9,0,5,5,4,8,0,0,1,0,0,0,0,1,1,6,6,2,52,8,999,1,1,NISSAN MICRA,2,E01010500,0,-1
2021201145471,2021,201145471,1,9,0,18,19,-1,-1,0,0,0,0,0,0,0,4,1,6,6,3,-1,-1,1240,1,12,NISSAN MICRA,-1,-1,0,-1
2021010338280,2021,010338280,1,9,0,4,4,1,5,0,0,1,0,0,0,0,4,1,3,7,2,44,7,1240,1,13,NISSAN MICRA,2,E01002493,0,-1
2021401047185,2021,401047185,2,9,0,18,19,2,5,0,0,1,0,0,0,0,1,1,3,7,2,40,7,1240,1,16,NISSAN MICRA,6,E01015775,0,-1
2021501099552,2021,501099552,3,9,0,4,4,5,1,0,0,8,0,0,0,0,4,1,1,1,2,42,7,1386,1,13,NISSAN MICRA,4,E01018760,0,-1
2021070805172,2021,070805172,1,9,0,9,9,1,7,0,0,8,0,0,0,0,4,1,6,6,2,54,8,1198,1,9,NISSAN MICRA,10,E01018384,0,-1
2021471103176,2021,471103176,1,9,0,18,19,7,3,0,0,1,0,0,0,0,1,1,6,6,2,76,11,1198,1,8,NISSAN MICRA,7,E01021088,0,-1
2021552101384,2021,552101384,1,9,0,5,5,7,3,0,0,4,0,0,0,0,1,1,6,6,2,87,11,898,1,3,NISSAN MICRA,9,E01020457,0,-1
2021010300034,2021,010300034,1,9,0,18,19,1,5,0,0,8,0,0,0,0,1,1,6,6,2,29,6,1240,1,12,NISSAN MICRA,5,E01003195,0,-1
2021010334171,2021,010334171,1,9,0,18,19,3,7,0,0,0,0,0,0,0,2,1,2,2,1,38,7,998,1,22,NISSAN MICRA,7,E01000347,0,-1
2021141048995,2021,141048995,1,9,0,18,19,4,8,0,0,0,1,0,1,4,1,1,5,6,1,20,4,1348,1,19,NISSAN MICRA,8,E01033275,0,-1
2021061068472,2021,061068472,1,9,0,18,19,7,3,0,0,8,0,0,0,0,1,1,6,6,1,30,6,1240,1,14,NISSAN MICRA,2,E01005200,0,-1
2021421106937,2021,421106937,2,9,0,17,19,2,6,0,0,0,0,0,0,0,3,1,5,6,2,56,9,999,1,1,NISSAN MICRA,3,E01021291,0,-1
2021440349015,2021,440349015,2,9,0,18,19,5,1,0,0,0,0,0,0,0,2,1,2,2,1,32,6,1240,1,12,NISSAN MICRA,10,E01023220,0,-1
202154A101821,2021,54A101821,2,9,0,18,19,1,5,0,0,0,0,0,1,9,3,1,6,6,1,18,4,1240,1,13,NISSAN MICRA,10,E01031948,0,-1
2021221115565,2021,221115565,1,9,0,17,19,5,3,0,0,2,0,0,0,0,1,1,6,6,3,56,9,1198,1,9,NISSAN MICRA,7,E01028830,0,-1
2021031092197,2021,031092197,2,9,0,18,19,5,1,0,0,1,0,0,0,0,1,1,5,6,2,46,8,999,1,1,NISSAN MICRA,1,E01019113,0,-1
2021440166658,2021,440166658,2,9,0,4,4,5,1,0,0,0,0,0,0,0,2,1,1,1,2,20,4,1240,1,16,NISSAN MICRA,2,E01017108,0,-1
2021010325862,2021,010325862,2,9,0,9,9,5,3,0,0,5,0,0,0,0,2,1,6,6,1,42,7,1240,1,16,NISSAN MICRA,2,E01003044,0,-1
2021430279113,2021,430279113,1,9,0,3,3,2,6,0,0,2,0,0,0,0,2,1,6,6,2,47,8,1198,1,8,NISSAN MICRA,-1,-1,0,-1
2021522101480,2021,522101480,1,9,0,10,10,8,6,0,0,1,0,0,0,0,1,1,6,6,2,41,7,1240,1,13,NISSAN MICRA,8,E01014693,0,-1
2021471096450,2021,471096450,1,9,0,18,19,1,5,0,0,0,0,0,0,0,1,1,5,6,1,31,6,1240,1,15,NISSAN MICRA,6,E01021113,0,-1
2021010312083,2021,010312083,1,9,0,18,19,5,1,0,0,8,0,0,0,0,1,1,6,6,2,42,7,1461,2,16,NISSAN MICRA,4,E01001671,0,-1
2021052102858,2021,052102858,2,9,0,18,19,5,1,0,0,8,0,0,0,0,1,1,6,6,1,71,10,1198,1,9,NISSAN MICRA,1,E01006762,0,-1
2021111081671,2021,111081671,1,9,0,18,19,3,7,0,0,0,2,0,0,0,1,1,5,6,1,26,6,1240,1,15,NISSAN MICRA,2,E01020618,0,-1
2021361140859,2021,361140859,2,9,0,2,2,0,0,0,0,0,0,0,0,0,4,1,6,6,1,53,8,998,1,21,NISSAN MICRA,4,E01026654,0,-1
2021411099680,2021,411099680,2,9,0,7,7,1,3,0,0,1,0,0,0,0,2,1,5,6,2,26,6,1240,1,15,NISSAN MICRA,6,E01023754,0,-1
2021131058951,2021,131058951,1,9,0,18,19,6,2,0,0,1,0,0,0,0,1,1,5,6,1,70,10,998,1,19,NISSAN MICRA,1,E01011138,0,-1
2021010330158,2021,010330158,2,9,0,4,4,5,1,0,0,1,0,0,0,0,3,1,2,2,1,59,9,1348,1,19,NISSAN MICRA,10,E01001456,0,-1
2021131091440,2021,131091440,1,9,0,18,19,7,3,0,0,0,0,0,0,0,4,1,5,6,2,38,7,1240,1,11,NISSAN MICRA,4,E01011489,0,-1
202134WNC1621,2021,34WNC1621,1,9,0,18,19,7,3,0,0,0,0,0,0,0,1,1,6,6,1,21,5,1461,2,3,NISSAN MICRA,5,E01027139,0,-1
2021010343891,2021,010343891,1,9,0,99,99,9,9,0,0,9,0,0,0,0,9,9,1,1,1,31,6,1240,1,18,NISSAN MICRA,3,E01000062,0,-1
2021041041953,2021,041041953,1,9,0,16,19,5,1,0,0,0,0,0,1,0,1,1,6,6,1,49,8,1240,1,16,NISSAN MICRA,2,E01012629,0,-1
2021010309692,2021,010309692,1,9,9,99,99,9,9,99,99,9,9,99,9,99,9,9,6,6,3,-1,-1,1240,1,11,NISSAN MICRA,-1,-1,0,-1
2021010310400,2021,010310400,1,9,0,99,99,9,9,99,99,9,9,99,9,99,2,9,6,6,1,40,7,1240,1,12,NISSAN MICRA,2,E01003502,0,-1
2021010333550,2021,010333550,1,9,0,99,99,9,9,99,99,9,9,99,9,99,2,9,2,2,2,29,6,1198,1,5,NISSAN MICRA,7,E01002127,0,-1
2021010323509,2021,010323509,2,9,0,99,99,9,9,99,99,0,9,99,9,99,2,9,6,6,2,28,6,898,1,4,NISSAN MICRA,5,E01032779,0,-1
2021010312813,2021,010312813,1,9,0,18,19,6,2,0,0,1,0,0,0,0,1,1,2,2,2,26,6,1240,1,15,NISSAN MICRA,9,E01001063,0,-1
2021471063200,2021,471063200,1,9,0,7,7,8,4,0,0,0,0,11,0,0,3,1,6,6,1,57,9,998,1,19,NISSAN MICRA,4,E01031788,0,-1
2021221021731,2021,221021731,2,9,0,9,9,4,2,0,0,6,0,10,1,2,4,1,5,6,1,77,11,1240,1,17,NISSAN MICRA,4,E01032479,0,-1
2021010329338,2021,010329338,1,9,0,99,99,9,9,99,99,9,9,99,9,99,9,9,6,6,1,59,9,1240,1,14,NISSAN MICRA,6,E01003646,0,-1
2021461047670,2021,461047670,1,9,0,18,19,8,2,0,0,6,0,0,0,0,3,1,5,6,2,43,7,1461,2,14,NISSAN MICRA,6,E01024216,0,-1
2021010347426,2021,010347426,1,9,0,4,4,7,3,0,0,4,0,0,0,0,2,1,2,2,1,49,8,1240,1,18,NISSAN MICRA,6,E01002601,0,-1
2021141119841,2021,141119841,1,9,0,2,2,0,0,0,0,0,0,0,0,0,1,1,6,6,2,24,5,1240,1,15,NISSAN MICRA,1,E01008061,0,-1
2021010299402,2021,010299402,1,9,0,18,19,1,5,1,1,6,1,0,0,0,1,2,6,6,2,70,10,1240,1,15,NISSAN MICRA,5,E01000803,0,-1
2021052101459,2021,052101459,2,9,0,3,3,4,8,0,0,0,0,0,0,0,2,1,6,6,1,37,7,1240,1,14,NISSAN MICRA,1,E01033765,0,-1
2021010333742,2021,010333742,2,9,3,5,5,7,3,0,0,8,0,0,0,0,1,1,2,2,2,57,9,998,1,23,NISSAN MICRA,8,E01003421,0,-1
2021421065914,2021,421065914,1,9,0,18,19,1,5,0,0,2,0,0,0,0,1,1,6,6,1,29,6,1240,1,16,NISSAN MICRA,1,E01015916,0,-1
2021531057915,2021,531057915,2,9,0,4,4,-1,-1,0,0,1,0,0,0,0,2,1,2,2,2,26,6,1240,1,17,NISSAN MICRA,8,E01022255,0,-1
2021991087322,2021,991087322,1,9,0,14,14,5,1,0,0,0,0,4,0,0,1,1,5,6,2,77,11,999,1,0,NISSAN MICRA,3,-1,0,-1
2021010334000,2021,010334000,1,9,0,99,99,9,9,0,0,9,9,0,0,0,1,9,6,6,2,45,7,1198,1,7,NISSAN MICRA,2,E01004283,0,-1
2021010299736,2021,010299736,1,9,0,3,3,1,5,0,0,0,0,0,0,0,2,2,2,2,1,30,6,1240,1,16,NISSAN MICRA,4,E01003766,0,-1
2021010321998,2021,010321998,1,9,0,18,19,5,1,0,0,1,0,4,0,0,1,1,6,6,2,24,5,1386,1,17,NISSAN MICRA,5,E01000211,0,-1
2021522103823,2021,522103823,1,9,0,18,19,3,7,0,0,8,0,0,0,0,4,1,6,6,1,51,8,-1,-1,-1,-1,6,E01014708,0,-1
2021522105464,2021,522105464,1,8,0,2,2,0,0,0,0,2,0,0,0,0,2,1,6,6,2,38,7,1997,2,7,-1,4,E01014924,0,-1
2021070519798,2021,070519798,1,8,0,4,4,6,2,0,0,1,0,0,0,0,1,1,1,1,1,54,8,1997,2,7,-1,3,E01012454,0,-1
2021421103976,2021,421103976,3,8,0,3,3,7,3,0,0,0,0,0,0,0,2,1,1,1,1,59,9,1997,2,6,-1,4,E01024027,0,-1
2021361087098,2021,361087098,4,9,0,3,3,6,2,0,0,0,0,0,0,0,2,1,6,6,1,57,9,-1,-1,-1,-1,8,E01026860,0,-1
2021991040985,2021,991040985,1,8,0,18,19,7,3,0,0,1,0,0,0,0,4,1,1,1,1,43,7,1997,2,9,-1,2,-1,0,-1
2021201147414,2021,201147414,1,8,0,9,9,6,4,0,0,5,0,0,0,0,1,1,1,1,1,-1,-1,1997,2,8,-1,2,E01009744,0,-1
2021361074051,2021,361074051,2,9,0,18,19,7,3,0,0,0,0,0,0,0,1,1,1,1,1,54,8,-1,-1,-1,-1,8,E01033538,0,-1
2021471022546,2021,471022546,1,9,0,6,6,-1,-1,0,0,0,0,0,0,0,2,1,6,6,1,-1,-1,-1,-1,-1,-1,5,E01021059,0,-1
2021302101126,2021,302101126,1,8,0,17,19,4,2,0,0,0,0,0,1,10,1,1,1,1,1,24,5,1997,2,5,-1,1,E01013481,0,-1
2021041050152,2021,041050152,1,9,0,5,5,6,1,0,0,1,0,0,0,0,1,1,1,1,1,50,8,-1,-1,-1,-1,1,E01025224,0,-1
2021471033044,2021,471033044,2,9,0,4,4,6,2,0,0,0,0,0,0,0,1,1,6,6,1,51,8,-1,-1,-1,-1,5,E01031565,0,-1
2021201078996,2021,201078996,1,9,0,18,19,2,6,0,0,1,0,0,0,0,2,1,6,6,1,-1,-1,1149,1,15,-1,-1,-1,0,-1
2021991026572,2021,991026572,3,9,0,2,2,0,0,0,0,0,0,0,0,0,1,1,6,6,3,-1,-1,1149,1,15,-1,-1,-1,0,-1
2021440407996,2021,440407996,2,9,0,9,9,5,1,0,0,8,0,0,0,0,4,1,6,6,2,56,9,1373,1,3,SUZUKI VITARA,4,E01017121,0,-1
2021451081651,2021,451081651,1,9,0,2,2,0,0,0,0,0,0,0,0,0,1,1,5,6,2,23,5,1586,1,5,SUZUKI VITARA,7,E01002939,0,-1
2021052101217,2021,052101217,2,9,0,18,19,3,7,0,0,8,0,0,0,0,3,1,2,2,2,44,7,1586,1,3,SUZUKI VITARA,1,E01007278,0,-1
2021010322717,2021,010322717,2,9,0,99,99,9,9,99,99,9,9,99,9,99,9,9,6,6,1,22,5,1586,1,5,SUZUKI VITARA,5,E01002629,0,-1
2021122101195,2021,122101195,1,9,0,18,19,1,5,0,0,8,0,0,1,11,4,1,6,6,2,81,11,998,1,2,SUZUKI VITARA,9,E01027737,0,-1
2021371074302,2021,371074302,2,9,0,2,2,1,1,0,0,2,1,0,0,0,4,1,5,6,2,26,6,1586,1,3,SUZUKI VITARA,5,E01030272,0,-1
2021201095761,2021,201095761,4,9,0,2,2,0,0,0,0,0,0,0,0,0,1,1,5,6,2,56,9,1373,1,2,SUZUKI VITARA,-1,-1,0,-1
2021161087706,2021,161087706,2,9,0,2,2,0,0,0,0,0,0,0,0,0,3,1,6,6,1,53,8,1373,1,1,SUZUKI VITARA,1,E01012787,0,-1
2021052102754,2021,052102754,2,9,0,4,4,4,8,0,0,1,0,0,0,0,2,1,6,6,2,46,8,1373,1,2,SUZUKI VITARA,1,E01006872,0,-1
2021411107872,2021,411107872,1,9,0,16,19,1,5,0,0,0,0,0,0,0,1,1,2,2,2,34,6,1586,1,4,SUZUKI VITARA,3,E01023346,0,-1
2021411039723,2021,411039723,2,9,0,4,4,3,7,0,0,0,0,0,0,0,0,1,5,6,1,52,8,998,1,2,SUZUKI VITARA,7,E01000190,0,-1
2021501095336,2021,501095336,2,9,0,4,4,1,5,0,0,0,0,0,0,0,2,1,5,6,1,47,8,1870,2,8,SUZUKI VITARA,6,E01020059,0,-1
2021451024804,2021,451024804,2,9,0,17,19,5,1,0,0,8,0,0,0,0,3,1,5,6,1,34,6,1586,1,3,SUZUKI VITARA,9,E01030830,0,-1
2021552101117,2021,552101117,1,9,0,9,9,8,6,0,0,6,0,0,0,0,3,1,6,6,2,29,6,1586,1,5,SUZUKI VITARA,5,E01015286,0,-1
2021501021785,2021,501021785,1,9,0,16,19,1,5,0,0,0,0,0,1,0,1,1,6,6,1,55,8,1373,1,2,SUZUKI VITARA,4,E01018954,0,-1
2021531045654,2021,531045654,2,9,0,16,19,7,3,0,0,0,0,0,1,0,1,1,5,6,1,61,9,1586,1,5,SUZUKI VITARA,5,E01014035,0,-1
202131B152021,2021,31B152021,2,9,0,18,19,4,8,0,0,8,0,0,0,0,1,1,6,6,3,-1,-1,1586,1,3,SUZUKI VITARA,-1,-1,0,-1
2021101081784,2021,101081784,2,9,0,18,19,6,2,0,0,0,0,0,0,0,2,1,5,6,2,35,6,998,1,2,SUZUKI VITARA,4,E01027531,0,-1
2021111073447,2021,111073447,2,9,0,3,3,3,7,0,0,0,0,0,0,0,2,1,5,6,2,55,8,1598,2,4,SUZUKI VITARA,3,E01020679,0,-1
202106P078961,2021,06P078961,2,9,0,18,19,7,3,0,0,0,0,0,0,0,3,1,1,1,1,42,7,1598,2,4,SUZUKI VITARA,1,E01005256,0,-1
2021622100335,2021,622100335,2,9,0,4,4,4,8,0,0,2,0,0,0,0,2,1,6,6,2,67,10,1373,1,4,SUZUKI VITARA,7,W01001109,0,-1
2021421038729,2021,421038729,3,9,0,4,4,5,1,0,0,0,0,0,0,0,1,1,5,6,2,62,9,1586,1,5,SUZUKI VITARA,8,E01030668,0,-1
2021440234660,2021,440234660,1,9,0,7,7,2,4,0,0,8,0,0,0,0,3,1,6,6,2,88,11,1590,1,21,SUZUKI VITARA,9,E01022774,0,-1
2021361073525,2021,361073525,2,9,0,3,3,2,6,0,0,1,0,0,0,0,2,1,5,6,1,79,11,1373,1,2,SUZUKI VITARA,5,E01017748,0,-1
2021991055077,2021,991055077,1,9,0,18,19,6,2,0,0,0,0,0,1,0,1,1,5,6,2,22,5,1586,1,5,SUZUKI VITARA,-1,-1,0,-1
2021161110808,2021,161110808,1,9,0,16,19,8,4,0,0,0,0,0,7,4,1,1,6,6,1,29,6,1373,8,0,SUZUKI VITARA,1,E01013311,0,-1
2021501133247,2021,501133247,3,9,0,3,3,7,3,0,0,1,0,0,0,0,2,1,2,2,1,57,9,1586,1,3,SUZUKI VITARA,5,E01020098,0,-1
2021031089512,2021,031089512,3,9,0,3,3,5,5,0,0,0,0,0,0,0,2,1,5,6,2,55,8,1373,1,4,SUZUKI VITARA,4,E01020643,0,-1
2021101117597,2021,101117597,2,9,0,18,19,3,7,0,0,0,0,0,5,0,3,1,6,6,1,42,7,1586,1,3,SUZUKI VITARA,-1,-1,0,-1
2021461121989,2021,461121989,1,9,0,18,19,1,5,0,0,1,0,0,0,0,3,1,6,6,2,56,9,1586,1,5,SUZUKI VITARA,6,E01024606,0,-1
2021302101515,2021,302101515,1,9,0,18,19,8,4,9,9,2,0,0,7,11,1,2,2,2,1,57,9,1586,1,5,SUZUKI VITARA,9,E01019599,0,-1
2021320634785,2021,320634785,1,9,0,18,19,7,3,0,0,0,0,4,0,0,1,1,6,6,2,63,9,998,1,2,SUZUKI VITARA,4,E01026016,0,-1
202134WNC0761,2021,34WNC0761,1,9,0,1,1,3,7,0,0,0,0,0,0,0,2,1,6,6,1,-1,-1,1373,1,3,SUZUKI VITARA,7,E01027221,0,-1
2021991062401,2021,991062401,1,9,0,17,19,4,8,0,0,0,5,0,0,0,1,1,5,6,2,73,10,1373,1,4,SUZUKI VITARA,8,-1,0,-1
2021622100087,2021,622100087,1,9,0,18,19,6,2,0,0,0,0,0,0,0,1,1,6,6,1,81,11,998,1,2,SUZUKI VITARA,4,W01000944,0,-1
2021991052747,2021,991052747,1,9,0,11,11,6,2,0,0,0,5,0,1,0,1,1,6,6,1,38,7,998,1,2,SUZUKI VITARA,1,-1,0,-1
2021430282094,2021,430282094,1,9,0,18,19,8,4,0,0,4,0,0,0,0,1,1,6,6,2,49,8,1373,1,4,SUZUKI VITARA,-1,-1,0,-1
2021141124880,2021,141124880,2,9,0,2,2,0,0,0,0,2,0,0,0,0,4,1,6,6,3,-1,-1,1373,8,0,SUZUKI VITARA,-1,-1,0,-1
2021501016621,2021,501016621,2,9,0,4,4,5,1,0,0,1,0,0,0,0,2,1,5,6,2,48,8,1373,1,2,SUZUKI VITARA,3,E01015041,0,-1
2021501066349,2021,501066349,1,9,0,18,19,3,7,0,0,8,1,0,0,0,3,1,1,1,1,70,10,1373,1,2,SUZUKI VITARA,6,E01020312,0,-1
2021461093085,2021,461093085,2,9,0,18,19,3,7,0,0,0,0,0,5,7,4,1,3,7,2,34,6,1586,1,5,SUZUKI VITARA,4,E01031054,0,-1
2021622100592,2021,622100592,2,9,0,17,19,7,8,0,0,0,0,0,0,0,1,1,6,6,1,38,7,1586,1,3,SUZUKI VITARA,1,W01001203,0,-1