collision_index,collision_year,collision_ref_no,vehicle_reference,vehicle_type,towing_and_articulation,vehicle_manoeuvre_historic,vehicle_manoeuvre,vehicle_direction_from,vehicle_direction_to,vehicle_location_restricted_lane_historic,vehicle_location_restricted_lane,junction_location,skidding_and_overturning,hit_object_in_carriageway,vehicle_leaving_carriageway,hit_object_off_carriageway,first_point_of_impact,vehicle_left_hand_drive,journey_purpose_of_driver_historic,journey_purpose_of_driver,sex_of_driver,age_of_driver,age_band_of_driver,engine_capacity_cc,propulsion_code,age_of_vehicle,generic_make_model,driver_imd_decile,lsoa_of_driver,escooter_flag,driver_distance_banding
2021010297871,2021,010297871,1,3,0,99,99,9,9,99,99,0,9,99,9,99,1,1,2,2,3,26,6,124,1,3,YAMAHA X,8,E01004103,0,-1
2021010325692,2021,010325692,1,4,0,99,99,9,9,99,99,9,9,99,9,99,9,1,2,2,1,60,9,292,1,2,YAMAHA X,8,E01002499,0,-1
2021451100710,2021,451100710,1,4,0,18,19,4,5,0,0,0,0,0,0,0,2,1,6,6,1,44,7,124,1,0,YAMAHA X,6,E01030957,0,-1
2021010351463,2021,010351463,1,3,0,99,99,9,9,99,99,9,9,99,9,99,1,1,6,6,1,33,6,292,1,0,YAMAHA X,4,E01001974,0,-1
2021010319244,2021,010319244,1,3,0,5,5,0,1,0,0,1,0,0,0,0,1,1,2,2,2,38,7,124,1,1,YAMAHA X,2,E01003121,0,-1
2021010299919,2021,010299919,1,4,0,99,99,9,9,99,99,9,9,99,9,99,2,1,6,6,1,32,6,292,1,3,YAMAHA X,6,E01004485,0,-1
2021411118764,2021,411118764,2,3,0,3,3,4,2,0,0,1,5,7,0,0,2,1,6,6,1,26,6,124,1,0,YAMAHA X,9,E01023417,0,-1
2021010328899,2021,010328899,2,4,0,99,99,9,9,99,99,9,9,99,9,99,1,1,2,2,1,33,6,292,1,2,YAMAHA X,2,E01004269,0,-1
2021010351162,2021,010351162,1,3,0,99,99,9,9,99,99,9,9,99,9,99,9,1,6,6,1,20,4,124,1,1,YAMAHA X,7,E01004291,0,-1
2021010298669,2021,010298669,1,4,0,99,99,9,9,99,99,9,9,99,9,99,1,1,6,6,1,27,6,292,1,3,YAMAHA X,3,E01033594,0,-1
2021010292060,2021,010292060,1,3,0,18,19,1,5,0,0,8,9,0,0,0,1,1,6,6,1,32,6,124,1,3,YAMAHA X,3,E01003017,0,-1
2021010308424,2021,010308424,1,3,9,99,99,9,9,99,99,9,9,99,9,99,1,1,6,6,1,30,6,124,1,0,YAMAHA X,8,E01021793,0,-1
2021010324503,2021,010324503,2,3,0,9,9,3,1,0,0,8,0,0,0,0,1,1,6,6,1,35,6,124,1,4,YAMAHA X,7,E01001231,0,-1
2021010337438,2021,010337438,2,3,0,18,19,1,5,0,0,0,2,0,0,0,1,1,6,6,1,47,8,124,1,0,YAMAHA X,-1,-1,0,-1
2021010346541,2021,010346541,1,4,0,5,5,5,1,0,0,1,0,0,0,0,4,1,6,6,1,23,5,292,1,0,YAMAHA X,6,E01024556,0,-1
2021010318775,2021,010318775,1,3,0,99,99,9,9,99,99,9,9,99,9,99,1,1,6,6,3,-1,-1,124,1,1,YAMAHA X,-1,-1,0,-1
2021010293535,2021,010293535,1,3,0,99,99,9,9,99,99,9,9,99,9,99,2,1,6,6,1,27,6,124,1,1,YAMAHA X,9,E01003360,0,-1
2021010337555,2021,010337555,1,3,0,13,13,1,5,0,0,1,0,0,1,0,1,1,1,1,1,40,7,124,1,4,YAMAHA X,4,E01003447,0,-1
2021622100827,2021,622100827,1,3,0,18,19,4,8,0,0,1,0,0,0,0,1,1,6,6,1,56,9,124,1,3,YAMAHA X,10,W01001060,0,-1
2021010325392,2021,010325392,1,3,0,18,19,5,1,0,0,8,0,0,0,0,4,1,2,2,1,42,7,124,1,1,YAMAHA X,5,E01004601,0,-1
2021010313517,2021,010313517,1,3,0,18,19,7,3,0,0,0,0,0,0,0,1,1,1,1,1,27,6,124,1,1,YAMAHA X,4,E01004027,0,-1
2021010350844,2021,010350844,1,3,0,18,19,5,1,0,0,6,0,0,0,0,1,1,6,6,1,33,6,124,1,1,YAMAHA X,4,E01004658,0,-1
2021010346737,2021,010346737,1,4,0,13,13,7,3,0,0,8,0,0,0,0,4,1,1,1,1,26,6,124,1,0,YAMAHA X,1,E01001210,0,-1
2021010299041,2021,010299041,2,3,0,18,19,1,5,0,0,8,5,0,0,0,1,1,6,6,1,20,4,124,1,2,YAMAHA X,3,E01004752,0,-1
2021010349130,2021,010349130,1,4,0,99,99,9,9,99,99,0,9,99,9,99,1,1,6,6,1,26,6,292,1,3,YAMAHA X,2,E01002045,0,-1
2021010298346,2021,010298346,2,3,0,13,13,5,1,0,0,1,2,0,0,0,1,1,1,1,1,28,6,124,1,1,YAMAHA X,4,E01001007,0,-1
2021010337636,2021,010337636,1,4,0,99,99,9,9,99,99,9,9,99,9,99,1,1,6,6,1,40,7,300,1,3,YAMAHA X,5,E01016404,0,-1
2021010349129,2021,010349129,1,3,0,99,99,9,9,99,99,0,9,99,9,99,9,1,6,6,1,34,6,124,1,2,YAMAHA X,5,E01003067,0,-1
2021010295703,2021,010295703,1,4,0,99,99,9,9,99,99,9,9,99,9,99,9,1,6,6,1,27,6,292,1,3,YAMAHA X,3,E01033594,0,-1
2021010343411,2021,010343411,1,4,0,99,99,9,9,99,99,9,9,99,9,99,9,1,2,2,1,42,7,292,1,0,YAMAHA X,8,E01002181,0,-1
2021010314013,2021,010314013,1,3,0,18,19,3,7,0,0,0,0,0,0,0,3,1,6,6,1,39,7,124,1,3,YAMAHA X,4,E01004612,0,-1
2021010338983,2021,010338983,2,4,0,10,10,1,6,0,0,1,0,0,0,0,2,1,1,1,1,50,8,292,1,0,YAMAHA X,2,E01004060,0,-1
2021010297574,2021,010297574,1,4,0,18,19,1,5,0,0,1,0,0,0,0,4,1,1,1,1,37,7,292,1,1,YAMAHA X,1,E01003075,0,-1
2021010351614,2021,010351614,1,4,0,18,19,5,1,0,0,1,0,0,0,0,1,1,6,6,1,25,5,292,1,1,YAMAHA X,3,E01001832,0,-1
2021010351352,2021,010351352,1,3,0,99,99,9,9,99,99,9,9,99,9,99,2,1,6,6,1,25,5,124,1,0,YAMAHA X,1,E01002069,0,-1
2021010313113,2021,010313113,1,2,0,15,15,5,1,2,2,8,0,0,0,0,3,1,6,6,1,26,6,124,1,3,YAMAHA X,3,E01003146,0,-1
2021010305715,2021,010305715,1,3,0,99,99,9,9,99,99,9,9,99,9,99,1,1,6,6,1,25,5,124,1,1,YAMAHA X,2,E01004001,0,-1
202131A013221,2021,31A013221,1,3,0,18,19,5,1,0,0,0,0,0,1,0,0,1,1,1,1,19,4,124,1,1,YAMAHA X,5,E01019520,0,-1
2021010312848,2021,010312848,1,3,0,99,99,9,9,99,99,9,9,99,9,99,9,1,6,6,1,27,6,124,1,2,YAMAHA X,-1,-1,0,-1
2021010349451,2021,010349451,1,4,0,99,99,9,9,99,99,0,9,99,9,99,1,1,6,6,1,20,4,292,1,4,YAMAHA X,1,E01003963,0,-1
2021010317200,2021,010317200,1,3,0,99,99,9,9,99,99,9,9,99,9,99,9,1,6,6,1,-1,-1,124,1,0,YAMAHA X,1,E01002758,0,-1
2021010312946,2021,010312946,2,3,0,18,19,7,3,0,0,8,0,0,0,0,4,1,6,6,1,29,6,124,1,1,YAMAHA X,6,E01000273,0,-1
2021010338074,2021,010338074,2,3,0,18,19,1,5,0,0,1,0,0,0,0,3,1,6,6,1,19,4,124,1,1,YAMAHA X,2,E01002766,0,-1
2021010292880,2021,010292880,2,3,0,18,19,1,5,0,0,9,9,0,0,0,1,1,6,6,3,-1,-1,124,1,1,YAMAHA X,-1,-1,0,-1
2021010322156,2021,010322156,1,3,0,99,99,9,9,99,99,9,9,99,9,99,9,1,2,2,1,42,7,124,1,4,YAMAHA X,4,E01003513,0,-1
2021010304828,2021,010304828,1,3,0,13,13,2,6,0,0,1,0,0,0,0,1,1,1,1,1,32,6,124,1,4,YAMAHA X,4,E01000926,0,-1
2021010332913,2021,010332913,1,3,0,99,99,9,9,99,99,0,9,99,9,99,2,1,6,6,1,60,9,124,1,1,YAMAHA X,3,E01000644,0,-1
2021010343642,2021,010343642,2,2,0,4,4,7,3,0,0,2,0,0,0,0,2,1,6,6,1,29,6,124,1,1,YAMAHA X,7,E01003763,0,-1
2021010333789,2021,010333789,1,3,0,13,13,2,6,0,0,1,0,0,0,0,1,1,2,2,1,42,7,124,1,2,YAMAHA X,8,E01024313,0,-1
2021010330198,2021,010330198,2,4,0,18,19,7,3,0,0,0,0,0,0,0,4,1,6,6,1,46,8,292,1,2,YAMAHA X,8,E01033610,0,-1
2021440155823,2021,440155823,2,4,0,5,5,5,1,0,0,0,0,0,0,0,1,1,1,1,1,47,8,292,1,4,YAMAHA X,3,E01017191,0,-1
2021010321196,2021,010321196,1,3,0,99,99,9,9,99,99,0,9,99,9,99,1,1,6,6,1,38,7,124,1,3,YAMAHA X,6,E01033582,0,-1
2021010336588,2021,010336588,1,4,0,99,99,9,9,99,99,9,9,99,9,99,9,1,2,2,1,36,7,292,1,1,YAMAHA X,2,E01002080,0,-1
2021010304315,2021,010304315,1,3,0,13,13,3,7,0,0,0,1,0,0,0,1,1,6,6,1,33,6,124,1,3,YAMAHA X,9,E01001273,0,-1
2021010297188,2021,010297188,1,4,0,99,99,9,9,99,99,9,9,99,9,99,9,1,6,6,1,41,7,300,1,4,YAMAHA X,3,E01004408,0,-1
2021010308248,2021,010308248,1,4,0,18,19,5,1,0,0,1,0,0,0,0,1,1,1,1,1,50,8,292,1,2,YAMAHA X,7,E01000139,0,-1
2021010328858,2021,010328858,1,3,0,18,19,5,1,0,0,4,0,0,0,0,2,1,6,6,1,20,4,124,1,1,YAMAHA X,2,E01000126,0,-1
2021010345943,2021,010345943,2,4,0,18,19,7,3,0,0,0,0,0,0,0,4,1,1,1,1,32,6,292,1,0,YAMAHA X,6,E01017810,0,-1
2021010303821,2021,010303821,1,4,0,99,99,9,9,99,99,9,9,99,9,99,9,1,6,6,1,46,8,292,1,2,YAMAHA X,2,E01003124,0,-1
2021010311930,2021,010311930,1,3,9,99,99,9,9,99,99,9,9,99,9,99,9,1,6,6,1,32,6,124,1,0,YAMAHA X,3,E01002752,0,-1
2021991027167,2021,991027167,2,3,0,14,14,8,4,0,0,0,0,0,0,0,1,1,5,6,1,40,7,124,1,4,YAMAHA X,1,-1,0,-1
2021010294027,2021,010294027,1,4,0,18,19,7,3,0,0,0,0,0,0,0,1,1,6,6,1,38,7,292,1,4,YAMAHA X,2,E01004718,0,-1
2021010322440,2021,010322440,1,3,0,99,99,9,9,99,99,1,9,99,9,99,1,1,6,6,1,29,6,124,1,1,YAMAHA X,3,E01003979,0,-1
2021010318895,2021,010318895,2,4,0,13,13,1,5,0,0,1,0,0,7,0,4,1,6,6,1,31,6,395,1,1,YAMAHA X,-1,-1,0,-1
2021010300343,2021,010300343,2,9,0,99,99,9,9,99,99,0,9,99,9,99,9,9,6,6,3,-1,-1,2777,2,13,-1,-1,-1,0,-1
2021010325726,2021,010325726,1,19,0,2,2,0,0,0,0,1,0,0,0,0,2,1,6,6,3,-1,-1,2198,2,7,CITROEN RELAY,-1,-1,0,-1
2021141063302,2021,141063302,1,19,0,18,19,3,7,0,0,1,0,0,0,0,1,1,1,1,1,54,8,1997,2,4,CITROEN RELAY,6,E01007924,0,-1
2021031037029,2021,031037029,2,19,0,4,4,7,3,0,0,0,0,0,1,0,2,1,1,1,1,47,8,2198,2,5,CITROEN RELAY,2,E01025101,0,-1
2021461061756,2021,461061756,1,19,0,9,9,8,3,0,0,1,0,0,0,0,0,1,1,1,2,22,5,2198,2,9,CITROEN RELAY,4,E01024200,0,-1
2021991102780,2021,991102780,1,19,0,1,1,2,6,0,0,1,0,0,0,0,2,1,6,6,1,45,7,2198,2,12,CITROEN RELAY,7,E01023391,0,-1
2021501074197,2021,501074197,1,19,0,18,19,2,6,0,0,0,0,0,0,0,1,1,1,1,1,27,6,2200,2,1,CITROEN RELAY,2,E01019076,0,-1
2021010345194,2021,010345194,2,19,0,2,2,0,0,0,0,2,0,0,0,0,4,1,6,6,3,-1,-1,2198,2,6,CITROEN RELAY,-1,-1,0,-1
2021302101688,2021,302101688,1,19,0,18,19,3,7,0,0,0,0,0,0,0,4,1,6,6,1,49,8,2198,2,5,CITROEN RELAY,9,E01025945,0,-1
2021131114424,2021,131114424,3,19,0,18,19,3,7,0,0,8,0,0,0,0,1,1,1,1,1,34,6,2198,2,6,CITROEN RELAY,1,E01007369,0,-1
2021421110109,2021,421110109,4,19,0,9,9,7,6,0,0,0,0,0,0,0,0,1,6,6,1,55,8,1997,2,4,CITROEN RELAY,3,E01021594,0,-1
2021141063302,2021,141063302,2,19,0,18,19,3,7,0,0,2,0,0,0,0,2,1,1,1,1,62,9,1997,2,4,CITROEN RELAY,4,E01008001,0,-1
2021622100553,2021,622100553,3,20,0,4,4,4,8,0,0,0,0,0,0,0,2,1,1,1,1,50,8,-1,-1,-1,CITROEN RELAY,5,E01015019,0,-1
202163D012421,2021,63D012421,1,19,0,9,9,4,2,0,0,5,0,0,0,0,1,1,6,6,1,32,6,1997,2,3,CITROEN RELAY,10,W01000257,0,-1
2021371033232,2021,371033232,1,19,0,1,1,5,7,0,0,0,0,0,0,0,1,1,1,1,1,59,9,2200,2,1,CITROEN RELAY,9,E01030280,0,-1
2021440382304,2021,440382304,3,19,0,18,19,4,8,0,0,0,0,0,0,0,1,1,1,1,1,23,5,2200,2,2,CITROEN RELAY,-1,-1,0,-1
2021201138668,2021,201138668,1,19,0,18,19,2,5,0,0,6,0,0,0,0,1,1,6,6,2,-1,-1,1997,2,4,CITROEN RELAY,-1,-1,0,-1
2021041019340,2021,041019340,2,19,0,18,19,1,5,0,0,0,0,0,0,0,1,1,2,2,1,42,7,2198,2,6,CITROEN RELAY,5,E01025304,0,-1
2021440224948,2021,440224948,2,19,0,4,4,6,2,0,0,1,0,0,0,0,0,1,1,1,1,61,9,1997,2,4,CITROEN RELAY,8,E01032664,0,-1
2021010322143,2021,010322143,1,19,0,11,11,7,3,0,0,0,0,0,0,0,4,1,6,6,1,33,6,2198,2,6,CITROEN RELAY,1,E01033456,0,-1
2021371025576,2021,371025576,2,19,0,2,2,0,0,0,0,0,0,0,1,0,2,1,1,1,1,71,10,2179,2,16,CITROEN RELAY,7,E01021993,0,-1
2021991046811,2021,991046811,2,19,0,18,19,7,3,0,0,0,0,0,0,0,2,1,1,1,1,55,8,2198,2,13,CITROEN RELAY,2,-1,0,-1
2021010350499,2021,010350499,2,19,0,99,99,9,9,99,99,9,9,99,9,99,1,9,6,6,3,-1,-1,1997,2,5,CITROEN RELAY,2,E01003309,0,-1
2021501032246,2021,501032246,2,19,0,18,19,2,6,0,0,1,0,0,0,0,3,1,2,2,1,35,6,1997,2,4,CITROEN RELAY,9,E01015118,0,-1
2021131065373,2021,131065373,3,19,0,2,2,0,0,6,6,0,0,0,0,0,0,1,2,2,1,32,6,1997,2,2,CITROEN RELAY,1,E01012838,0,-1
2021991129977,2021,991129977,1,19,0,9,9,1,8,4,4,8,0,11,0,0,1,1,1,1,1,52,8,1997,2,4,CITROEN RELAY,7,-1,0,-1
2021131102375,2021,131102375,2,19,0,18,19,7,3,0,0,2,0,0,0,0,2,1,1,1,1,24,5,1997,2,2,CITROEN RELAY,2,E01011686,0,-1
202163B026321,2021,63B026321,1,19,0,18,19,6,2,0,0,1,0,0,1,4,1,1,1,1,1,30,6,1997,2,2,CITROEN RELAY,8,W01000663,0,-1
2021320208663,2021,320208663,2,19,0,18,19,1,5,0,0,1,0,0,0,0,1,1,6,6,1,36,7,2198,2,6,CITROEN RELAY,-1,-1,0,-1
2021141082403,2021,141082403,1,19,0,2,2,2,6,0,0,0,0,0,0,0,1,1,2,2,1,32,6,2200,2,2,CITROEN RELAY,4,E01011007,0,-1
2021461129002,2021,461129002,1,19,0,18,19,7,3,0,0,0,0,0,0,0,3,1,6,6,1,38,7,2200,2,0,CITROEN RELAY,5,E01024010,0,-1
2021141064238,2021,141064238,2,19,0,7,7,8,2,0,0,2,0,0,0,0,1,1,6,6,1,-1,-1,1997,2,4,CITROEN RELAY,-1,-1,0,-1
2021131115600,2021,131115600,1,19,0,-1,-1,-1,-1,-1,-1,0,-1,-1,-1,-1,-1,1,6,6,3,-1,-1,1997,2,16,CITROEN RELAY,-1,-1,0,-1
2021320175968,2021,320175968,4,19,0,18,19,8,4,0,0,0,0,0,0,0,0,1,6,6,1,30,6,2198,2,13,CITROEN RELAY,6,E01026332,0,-1
2021991117231,2021,991117231,1,19,0,18,19,6,8,0,0,1,1,0,7,0,1,1,1,1,1,72,10,2198,2,14,CITROEN RELAY,3,-1,0,-1
2021440021288,2021,440021288,2,19,0,18,19,8,4,0,0,8,0,0,0,0,3,1,1,1,2,41,7,2200,2,1,CITROEN RELAY,7,E01022797,0,-1
2021010349912,2021,010349912,1,19,0,9,9,3,1,0,0,8,0,10,0,0,4,1,2,2,1,28,6,1997,2,3,CITROEN RELAY,-1,-1,0,-1
2021471122213,2021,471122213,1,19,0,18,19,3,7,0,0,0,0,0,0,0,1,1,2,2,1,54,8,2200,2,0,CITROEN RELAY,3,E01031830,0,-1
2021361135568,2021,361135568,1,19,0,18,19,8,4,0,0,0,0,0,0,0,1,1,2,2,1,22,5,2200,2,1,CITROEN RELAY,7,E01026710,0,-1
2021010289543,2021,010289543,1,19,0,10,10,7,4,0,0,1,0,0,0,0,2,1,1,1,1,36,7,1997,2,4,CITROEN RELAY,1,E01001358,0,-1
2021211063855,2021,211063855,2,19,0,18,19,5,1,0,0,0,0,11,0,0,1,1,1,1,1,38,7,2198,2,10,CITROEN RELAY,4,-1,0,-1
2021131095460,2021,131095460,1,19,0,18,19,1,5,0,0,0,0,0,0,0,1,1,5,6,1,60,9,2198,2,7,CITROEN RELAY,4,E01010798,0,-1
2021131061749,2021,131061749,1,19,0,18,19,5,1,0,0,0,0,0,1,11,1,1,1,1,1,49,8,2200,2,0,CITROEN RELAY,7,E01005691,0,-1
2021052101396,2021,052101396,1,19,0,18,19,1,5,0,0,0,0,0,0,0,1,1,2,2,1,60,9,2198,2,8,CITROEN RELAY,4,E01006425,0,-1
2021131101160,2021,131101160,1,19,0,18,19,6,2,0,0,2,0,0,0,0,1,1,1,1,1,25,5,2198,2,5,CITROEN RELAY,2,E01011032,0,-1
2021010321995,2021,010321995,1,19,0,10,10,2,1,0,0,1,0,0,0,0,3,1,6,6,1,38,7,2200,2,2,CITROEN RELAY,9,E01001274,0,-1
2021231066532,2021,231066532,1,19,0,9,9,2,8,0,0,5,0,0,0,0,4,1,1,1,1,55,8,2198,2,8,CITROEN RELAY,7,E01025825,0,-1
2021010312979,2021,010312979,1,19,0,18,19,3,7,0,0,0,0,0,0,0,1,1,1,1,1,27,6,1997,2,3,CITROEN RELAY,2,E01002638,0,-1
202134NNC2471,2021,34NNC2471,2,19,0,18,19,5,1,0,0,8,0,0,0,0,1,1,1,1,1,40,7,1997,2,2,CITROEN RELAY,4,W01000194,0,-1
2021552100646,2021,552100646,2,19,0,18,19,6,2,0,0,8,0,0,0,0,1,1,1,1,1,41,7,1997,2,2,CITROEN RELAY,5,E01029301,0,-1
2021010336775,2021,010336775,2,19,9,99,99,9,9,99,99,9,9,99,9,99,9,9,6,6,1,-1,-1,2198,2,9,CITROEN RELAY,2,E01000086,0,-1
2021161122014,2021,161122014,4,19,0,18,19,1,5,0,0,0,0,0,0,0,1,1,1,1,1,21,5,2200,2,0,CITROEN RELAY,1,E01011663,0,-1
2021440398356,2021,440398356,2,19,0,4,4,5,1,0,0,0,0,0,0,0,2,1,1,1,1,28,6,1997,2,2,CITROEN RELAY,10,E01016294,0,-1
2021010316620,2021,010316620,3,19,0,2,2,0,0,0,0,2,0,0,0,0,2,1,6,6,3,-1,-1,-1,-1,-1,CITROEN RELAY,-1,-1,0,-1
2021131125048,2021,131125048,1,19,0,18,19,3,3,0,0,2,0,0,0,0,1,1,6,6,1,49,8,1997,2,4,CITROEN RELAY,7,E01027924,0,-1
2021471105701,2021,471105701,2,19,0,4,4,6,2,2,2,8,0,0,0,0,2,1,5,6,1,64,9,2999,2,13,CITROEN RELAY,7,E01023963,0,-1
2021361135568,2021,361135568,2,19,0,18,19,8,3,0,0,0,0,0,0,0,2,1,1,1,1,45,7,2198,2,5,CITROEN RELAY,4,E01026654,0,-1
2021101018677,2021,101018677,1,19,0,3,3,5,1,0,0,1,0,0,0,0,3,1,1,1,1,30,6,1997,2,2,CITROEN RELAY,2,E01008834,0,-1
2021501091021,2021,501091021,2,19,0,9,9,1,5,0,0,8,0,0,0,0,3,1,1,1,1,31,6,2200,2,0,CITROEN RELAY,5,E01020060,0,-1
2021141032763,2021,141032763,1,19,0,18,19,7,3,0,0,1,0,0,0,0,1,1,1,1,1,27,6,1997,2,4,CITROEN RELAY,7,E01007846,0,-1
202134NNC7191,2021,34NNC7191,1,19,0,18,19,7,3,0,0,4,0,0,3,1,1,1,6,6,1,33,6,2198,2,5,CITROEN RELAY,8,E01026138,0,-1
2021211089231,2021,211089231,1,19,4,15,15,1,5,0,0,0,1,0,0,0,1,1,5,6,1,32,6,2800,2,18,CITROEN RELAY,6,-1,0,-1
2021061081807,2021,061081807,1,19,0,3,3,7,3,0,0,8,0,0,0,0,4,1,5,6,1,34,6,2198,2,6,CITROEN RELAY,2,E01005999,0,-1
2021451031488,2021,451031488,2,19,0,18,19,5,1,0,0,0,0,0,0,0,0,1,1,1,1,47,8,2198,2,7,CITROEN RELAY,8,E01031613,0,-1
2021070794701,2021,070794701,1,19,0,7,7,1,8,0,0,8,0,0,0,0,4,1,1,1,1,60,9,1997,2,4,CITROEN RELAY,4,E01006189,0,-1
2021161042940,2021,161042940,2,19,0,18,19,4,8,0,0,1,0,0,0,0,3,1,1,1,1,34,6,1997,2,4,CITROEN RELAY,7,E01013182,0,-1
2021501066075,2021,501066075,2,19,0,9,9,5,3,0,0,1,0,0,0,0,4,1,6,6,1,24,5,2200,2,0,CITROEN RELAY,4,E01019057,0,-1
2021201144066,2021,201144066,1,19,0,4,4,2,6,0,0,0,1,0,0,0,1,1,6,6,1,-1,-1,2198,2,13,CITROEN RELAY,-1,-1,0,-1
2021161105740,2021,161105740,1,19,0,9,9,2,8,0,0,6,0,0,0,0,1,1,1,1,1,53,8,2198,2,14,CITROEN RELAY,3,E01012827,0,-1
2021440163653,2021,440163653,4,19,0,4,4,7,3,0,0,0,0,0,0,0,2,1,1,1,1,65,9,1997,2,4,CITROEN RELAY,6,E01022761,0,-1
202134NNC6201,2021,34NNC6201,2,19,0,18,19,6,2,0,0,0,0,0,0,0,1,1,2,2,2,54,8,2198,2,6,CITROEN RELAY,3,E01027112,0,-1
2021010330415,2021,010330415,1,19,0,18,19,7,3,0,0,0,0,0,0,0,1,1,6,6,1,54,8,2198,2,6,CITROEN RELAY,3,E01002306,0,-1
202131D061221,2021,31D061221,2,19,0,18,19,8,4,0,0,0,0,0,0,0,1,1,6,6,1,45,7,2198,2,7,CITROEN RELAY,3,E01019401,0,-1
202134WNC1811,2021,34WNC1811,1,19,0,18,19,4,8,0,0,8,0,0,0,0,1,1,6,6,1,33,6,2198,2,6,CITROEN RELAY,9,E01027303,0,-1
2021141105830,2021,141105830,1,19,0,18,19,1,5,0,0,0,0,0,0,0,3,1,1,1,1,57,9,1997,2,4,CITROEN RELAY,3,E01007993,0,-1
2021501052066,2021,501052066,1,19,0,18,19,4,8,0,0,2,0,0,0,0,1,1,1,1,1,62,9,1997,2,2,CITROEN RELAY,5,E01032636,0,-1
2021010335998,2021,010335998,1,19,0,7,7,5,8,4,4,6,0,0,0,0,1,1,1,1,1,43,7,2200,2,1,CITROEN RELAY,1,E01003045,0,-1
2021461066524,2021,461066524,2,19,0,8,8,3,5,0,0,1,0,0,0,0,2,1,1,1,1,57,9,1997,2,4,CITROEN RELAY,4,E01024566,0,-1
2021991028655,2021,991028655,1,19,0,18,19,7,3,0,0,0,0,0,0,0,1,1,1,1,1,52,8,2198,2,6,CITROEN RELAY,4,-1,0,-1
2021101014948,2021,101014948,2,21,0,3,3,1,1,0,0,0,0,0,0,0,2,1,1,1,1,34,6,-1,-1,-1,CITROEN RELAY,3,E01008486,0,-1
2021201026480,2021,201026480,1,19,0,9,9,8,6,0,0,6,0,0,0,0,4,1,6,6,1,53,8,1997,2,3,CITROEN RELAY,8,E01009822,0,-1
2021440312634,2021,440312634,3,19,0,18,19,1,5,0,0,8,1,0,0,0,1,1,1,1,1,38,7,2200,2,0,CITROEN RELAY,3,E01022803,0,-1
2021451037548,2021,451037548,2,19,0,3,3,2,6,0,0,1,0,0,0,0,1,1,6,6,1,35,6,1997,2,4,CITROEN RELAY,9,E01030306,0,-1
2021041066702,2021,041066702,1,19,0,18,19,1,5,0,0,0,0,0,0,0,1,1,5,6,1,49,8,1997,2,4,CITROEN RELAY,9,E01024979,0,-1
2021440055758,2021,440055758,2,19,0,18,19,2,6,0,0,0,0,0,0,0,1,1,6,6,1,38,7,1997,2,2,CITROEN RELAY,7,E01022710,0,-1
2021141072096,2021,141072096,2,19,0,2,2,0,0,0,0,0,0,0,0,0,2,2,6,6,3,-1,-1,2200,2,2,CITROEN RELAY,-1,-1,0,-1
202131P099721,2021,31P099721,2,19,0,2,2,0,0,0,0,0,0,0,0,0,2,1,1,1,1,51,8,2200,2,2,CITROEN RELAY,5,E01029433,0,-1
2021471028179,2021,471028179,4,19,0,7,7,1,5,0,0,3,0,0,0,0,4,1,1,1,1,41,7,2198,2,5,CITROEN RELAY,10,E01022625,0,-1
2021451042305,2021,451042305,1,10,0,18,19,1,3,0,0,0,0,0,0,0,4,1,1,1,1,40,7,2198,2,13,CITROEN RELAY,6,E01030667,0,-1
2021111059180,2021,111059180,2,19,0,18,19,6,2,0,0,0,0,0,0,0,1,1,5,6,1,59,9,1997,2,2,CITROEN RELAY,7,E01019311,0,-1
2021430534780,2021,430534780,2,19,0,12,12,2,6,0,0,8,0,0,0,0,2,1,2,2,1,56,9,1997,2,3,CITROEN RELAY,6,E01002423,0,-1
2021010295878,2021,010295878,1,19,0,16,19,3,7,0,0,0,0,0,0,0,1,1,1,1,1,45,7,1997,2,2,CITROEN RELAY,-1,-1,0,-1
2021451030523,2021,451030523,1,19,0,18,19,1,5,0,0,0,1,0,0,0,1,1,1,1,1,59,9,2198,2,6,CITROEN RELAY,7,E01000710,0,-1
2021531112972,2021,531112972,1,19,0,11,11,1,5,0,0,2,0,0,0,0,1,1,1,1,1,27,6,2200,2,0,CITROEN RELAY,1,E01013954,0,-1
2021131047453,2021,131047453,2,19,0,18,19,2,6,0,0,1,0,0,0,0,1,1,1,1,1,39,7,2200,2,1,CITROEN RELAY,1,E01007574,0,-1
2021010349485,2021,010349485,1,19,0,99,99,9,9,99,99,9,9,99,9,99,9,9,6,6,1,71,10,1997,2,5,CITROEN RELAY,6,E01001195,0,-1
2021501120008,2021,501120008,1,20,0,18,19,8,4,0,0,0,0,0,0,0,1,1,1,1,1,39,7,-1,-1,-1,CITROEN RELAY,7,E01018934,0,-1