collision_index,collision_year,collision_ref_no,vehicle_reference,vehicle_type,towing_and_articulation,vehicle_manoeuvre_historic,vehicle_manoeuvre,vehicle_direction_from,vehicle_direction_to,vehicle_location_restricted_lane_historic,vehicle_location_restricted_lane,junction_location,skidding_and_overturning,hit_object_in_carriageway,vehicle_leaving_carriageway,hit_object_off_carriageway,first_point_of_impact,vehicle_left_hand_drive,journey_purpose_of_driver_historic,journey_purpose_of_driver,sex_of_driver,age_of_driver,age_band_of_driver,engine_capacity_cc,propulsion_code,age_of_vehicle,generic_make_model,driver_imd_decile,lsoa_of_driver,escooter_flag,driver_distance_banding
2021430356323,2021,430356323,2,9,0,18,19,2,6,0,0,0,0,0,1,9,1,1,6,6,1,55,8,2982,2,16,TOYOTA LANDCRUISER,8,E01027008,0,-1
2021471069070,2021,471069070,1,9,0,10,10,5,1,0,0,0,0,0,0,0,2,2,5,6,1,72,10,2982,2,22,TOYOTA LANDCRUISER,1,E01016865,0,-1
2021430387008,2021,430387008,2,9,0,18,19,7,3,0,0,1,0,0,0,0,1,1,6,6,1,61,9,2982,2,15,TOYOTA LANDCRUISER,10,E01017640,0,-1
2021170L30731,2021,170L30731,2,9,0,9,9,8,5,0,0,8,0,0,0,0,1,1,6,6,1,35,6,4164,2,25,TOYOTA LANDCRUISER,1,E01033691,0,-1
2021010324578,2021,010324578,4,9,0,2,2,0,0,0,0,0,0,4,0,0,2,1,6,6,3,-1,-1,3378,1,23,TOYOTA LANDCRUISER,-1,-1,0,-1
2021501064950,2021,501064950,2,19,0,9,9,1,7,0,0,8,0,0,0,0,1,1,2,2,1,23,5,1968,2,4,VOLKSWAGEN CADDY,6,E01020241,0,-1
2021548617621,2021,548617621,2,19,0,4,4,3,7,0,0,0,0,0,0,0,2,1,6,6,1,30,6,1598,2,6,VOLKSWAGEN CADDY,8,E01015344,0,-1
2021451039638,2021,451039638,1,19,0,11,11,3,1,0,0,2,0,0,0,0,1,1,2,2,2,57,9,1598,2,7,VOLKSWAGEN CADDY,6,E01030912,0,-1
2021991096429,2021,991096429,2,19,0,18,19,3,7,0,0,8,0,0,0,0,4,1,6,6,1,53,8,1968,2,11,VOLKSWAGEN CADDY,5,-1,0,-1
2021010336217,2021,010336217,1,19,0,7,7,2,4,2,2,1,0,0,0,0,1,1,1,1,1,28,6,1968,2,4,VOLKSWAGEN CADDY,3,E01021601,0,-1
2021041104906,2021,041104906,1,19,0,4,4,5,1,0,0,0,0,0,0,0,1,2,5,6,1,35,6,1598,2,7,VOLKSWAGEN CADDY,1,E01005133,0,-1
2021070737577,2021,070737577,2,19,0,18,19,6,2,0,0,0,0,0,0,0,2,1,6,6,1,69,10,1968,2,14,VOLKSWAGEN CADDY,5,E01012451,0,-1
2021411026441,2021,411026441,1,19,0,1,1,1,5,0,0,2,0,0,0,0,2,1,6,6,1,31,6,1968,2,1,VOLKSWAGEN CADDY,4,E01003166,0,-1
2021430240461,2021,430240461,2,19,0,18,19,4,8,0,0,1,0,0,0,0,1,1,6,6,1,-1,-1,1598,2,9,VOLKSWAGEN CADDY,9,E01022717,0,-1
2021041034259,2021,041034259,2,9,0,3,3,5,3,0,0,8,0,0,0,0,2,1,6,6,2,25,5,-1,-1,-1,VOLKSWAGEN CADDY,5,E01025095,0,-1
2021131106747,2021,131106747,1,19,0,-1,-1,-1,-1,-1,-1,-1,-1,-1,-1,-1,2,1,6,6,3,-1,-1,1896,2,14,VOLKSWAGEN CADDY,-1,-1,0,-1
2021131119179,2021,131119179,2,9,0,2,2,0,0,0,0,0,0,0,0,0,2,1,6,6,3,-1,-1,-1,-1,-1,VOLKSWAGEN CADDY,-1,-1,0,-1
2021041113444,2021,041113444,2,19,0,18,19,1,5,0,0,0,0,0,0,0,1,1,1,1,1,22,5,1968,2,12,VOLKSWAGEN CADDY,6,E01025334,0,-1
2021451025376,2021,451025376,3,19,0,18,19,3,7,0,0,0,0,0,0,0,4,1,6,6,1,35,6,1598,2,10,VOLKSWAGEN CADDY,10,E01030523,0,-1
202154B071021,2021,54B071021,1,19,0,18,19,1,5,0,0,7,0,0,0,0,1,1,2,2,1,23,5,1598,2,7,VOLKSWAGEN CADDY,2,E01015537,0,-1
2021421119547,2021,421119547,1,19,0,9,9,1,7,0,0,1,0,0,0,0,1,1,6,6,2,45,7,1968,2,1,VOLKSWAGEN CADDY,3,E01015935,0,-1
2021471073764,2021,471073764,1,19,0,9,9,1,7,0,0,6,0,0,0,0,1,2,5,6,1,54,8,1968,2,0,VOLKSWAGEN CADDY,7,E01031508,0,-1
2021421053684,2021,421053684,2,19,0,18,19,7,2,0,0,0,0,0,0,0,3,1,2,2,1,49,8,1598,2,8,VOLKSWAGEN CADDY,8,E01021718,0,-1
2021122100612,2021,122100612,2,9,0,9,9,3,1,0,0,6,0,0,0,0,1,1,6,6,1,74,10,1968,2,6,VOLKSWAGEN CADDY,7,E01018127,0,-1
2021411075815,2021,411075815,2,19,0,18,19,2,6,0,0,1,0,0,0,0,1,1,6,6,1,41,7,1598,2,8,VOLKSWAGEN CADDY,6,E01023929,0,-1
2021552100362,2021,552100362,2,19,0,16,19,4,6,0,0,8,0,0,0,0,1,1,2,2,1,59,9,1968,2,4,VOLKSWAGEN CADDY,2,E01020347,0,-1
2021141043087,2021,141043087,2,9,0,9,9,7,3,0,0,0,0,0,0,0,1,1,6,6,3,-1,-1,-1,-1,-1,VOLKSWAGEN CADDY,-1,-1,0,-1
2021061033425,2021,061033425,2,9,0,1,1,3,7,0,0,1,0,0,0,0,2,1,5,6,1,30,6,-1,-1,-1,VOLKSWAGEN CADDY,3,E01005761,0,-1
2021010335329,2021,010335329,1,19,9,99,99,9,9,99,99,9,9,99,9,99,9,9,6,6,3,-1,-1,1968,2,3,VOLKSWAGEN CADDY,2,E01033491,0,-1
2021170S10241,2021,170S10241,1,19,0,18,19,8,4,0,0,0,0,0,0,0,3,1,1,1,1,55,8,1968,2,16,VOLKSWAGEN CADDY,1,E01012238,0,-1
2021622100896,2021,622100896,2,19,0,18,19,8,4,0,0,8,0,0,0,0,0,1,6,6,1,37,7,1968,2,6,VOLKSWAGEN CADDY,4,W01001182,0,-1
2021010321229,2021,010321229,5,19,0,2,2,0,0,0,0,1,1,0,0,0,0,2,6,6,3,-1,-1,1896,2,14,VOLKSWAGEN CADDY,-1,-1,0,-1
2021161021225,2021,161021225,1,19,0,9,9,3,1,0,0,8,0,0,0,0,1,1,2,2,1,60,9,1896,2,17,VOLKSWAGEN CADDY,6,E01013160,0,-1
2021501125681,2021,501125681,1,19,0,18,19,3,7,0,0,0,0,0,0,0,1,1,5,6,1,24,5,1598,2,8,VOLKSWAGEN CADDY,9,E01019958,0,-1
2021546344321,2021,546344321,1,19,0,18,19,6,2,0,0,0,2,0,2,10,4,1,1,1,1,48,8,1968,2,2,VOLKSWAGEN CADDY,-1,-1,0,-1
2021371089635,2021,371089635,1,19,0,4,4,1,5,0,0,0,0,0,0,0,2,1,1,1,1,63,9,1598,2,9,VOLKSWAGEN CADDY,4,E01030295,0,-1
2021101040687,2021,101040687,2,8,0,3,3,7,3,0,0,1,0,0,0,0,2,1,1,1,1,63,9,1896,2,11,VOLKSWAGEN CADDY,6,E01008381,0,-1
2021010294554,2021,010294554,1,19,0,18,19,3,7,0,0,0,0,0,7,4,1,1,6,6,1,60,9,1598,2,10,VOLKSWAGEN CADDY,-1,-1,0,-1
2021461080639,2021,461080639,1,19,0,9,9,5,2,0,0,1,0,0,0,0,1,1,5,6,1,23,5,1598,2,10,VOLKSWAGEN CADDY,6,E01024455,0,-1
2021052102804,2021,052102804,3,19,0,2,2,0,0,0,0,0,0,0,0,0,1,1,6,6,3,-1,-1,1598,2,7,VOLKSWAGEN CADDY,-1,-1,0,-1
2021211020950,2021,211020950,1,19,0,6,6,8,5,0,0,8,0,0,0,0,4,1,2,2,2,60,9,1968,2,5,VOLKSWAGEN CADDY,7,E01029545,0,-1
2021501133732,2021,501133732,1,19,0,18,19,4,8,0,0,0,0,0,0,0,4,1,6,6,1,25,5,1598,2,7,VOLKSWAGEN CADDY,9,E01019896,0,-1
2021010293747,2021,010293747,1,19,0,9,9,3,1,0,0,8,0,0,0,0,3,1,1,1,1,45,7,1968,2,2,VOLKSWAGEN CADDY,4,E01004418,0,-1
2021010300097,2021,010300097,1,19,0,18,19,7,3,0,0,0,0,0,0,0,3,1,6,6,1,51,8,1968,2,15,VOLKSWAGEN CADDY,3,E01003036,0,-1
2021430401389,2021,430401389,1,19,0,18,19,4,8,0,0,0,2,0,0,0,0,1,6,6,1,21,5,1968,2,14,VOLKSWAGEN CADDY,7,E01028720,0,-1
2021552100420,2021,552100420,1,19,0,18,19,2,5,0,0,4,0,0,0,0,1,1,1,1,1,39,7,1598,2,10,VOLKSWAGEN CADDY,6,E01015317,0,-1
2021101087760,2021,101087760,1,8,0,6,6,1,5,0,0,0,0,0,0,0,1,1,1,1,1,31,6,1896,2,11,VOLKSWAGEN CADDY,1,E01008398,0,-1
2021401084388,2021,401084388,3,19,0,3,3,3,7,0,0,0,0,0,0,0,2,1,1,1,1,32,6,1598,2,8,VOLKSWAGEN CADDY,5,E01016766,0,-1
2021201023509,2021,201023509,2,19,0,18,19,8,4,0,0,1,0,0,0,0,1,1,6,6,1,29,6,1968,2,17,VOLKSWAGEN CADDY,5,E01009227,0,-1
2021440432305,2021,440432305,3,9,0,4,4,1,5,0,0,0,0,0,0,0,2,1,6,6,1,46,8,-1,-1,-1,VOLKSWAGEN CADDY,6,E01022677,0,-1
2021010337421,2021,010337421,1,19,0,5,5,0,5,0,0,1,0,0,0,0,3,1,6,6,1,43,7,1598,2,10,VOLKSWAGEN CADDY,1,E01000596,0,-1
2021101037553,2021,101037553,1,19,0,6,6,5,1,0,0,0,0,0,0,0,3,1,1,1,1,35,6,1598,2,10,VOLKSWAGEN CADDY,3,E01008242,0,-1
2021010337855,2021,010337855,1,19,0,1,1,1,7,2,2,8,0,0,0,0,2,1,1,1,1,71,10,1598,2,8,VOLKSWAGEN CADDY,7,E01000764,0,-1
2021451078317,2021,451078317,4,19,0,18,19,8,4,0,0,0,0,0,0,0,2,1,1,1,1,39,7,1598,2,5,VOLKSWAGEN CADDY,6,E01022875,0,-1
2021010338223,2021,010338223,1,19,0,9,9,3,1,0,0,2,0,0,0,0,1,1,1,1,3,26,6,1968,2,4,VOLKSWAGEN CADDY,4,E01002088,0,-1
2021501098296,2021,501098296,2,19,0,2,2,0,0,6,6,0,5,0,0,0,2,1,5,6,1,51,8,1968,2,5,VOLKSWAGEN CADDY,9,E01029115,0,-1
2021440382986,2021,440382986,1,19,0,18,19,3,7,0,0,0,0,0,0,0,1,1,1,1,1,35,6,1598,2,6,VOLKSWAGEN CADDY,3,E01022901,0,-1
2021010327513,2021,010327513,4,19,0,18,19,7,3,0,0,0,0,0,0,0,1,1,1,1,1,36,7,1598,2,6,VOLKSWAGEN CADDY,6,E01021369,0,-1
2021010322853,2021,010322853,1,19,0,1,1,1,5,9,9,7,0,0,0,0,2,1,1,1,1,36,7,1598,2,9,VOLKSWAGEN CADDY,9,E01030823,0,-1
2021041171743,2021,041171743,1,98,0,1,1,2,6,8,6,0,0,0,0,0,2,1,1,1,1,29,6,1598,2,10,-1,7,E01025365,0,-1
2021101017337,2021,101017337,1,9,0,4,4,1,5,0,0,1,0,0,0,0,2,1,6,6,1,55,8,-1,-1,-1,VOLKSWAGEN CADDY,8,E01008781,0,-1
2021991075438,2021,991075438,2,19,0,10,10,5,3,0,0,1,0,0,0,0,4,1,5,6,1,54,8,1968,2,2,VOLKSWAGEN CADDY,6,-1,0,-1
2021041136146,2021,041136146,3,19,0,2,2,5,1,0,0,1,0,0,0,0,0,1,6,6,3,-1,-1,1598,2,10,VOLKSWAGEN CADDY,-1,-1,0,-1
202163D004121,2021,63D004121,1,8,0,13,13,2,6,0,0,0,0,0,0,0,3,1,1,1,1,52,8,1598,2,6,VOLKSWAGEN CADDY,3,W01000479,0,-1
202163D075621,2021,63D075621,3,19,0,4,4,6,2,0,0,1,0,0,0,0,2,1,1,1,1,51,8,1598,2,7,VOLKSWAGEN CADDY,9,W01000441,0,-1
2021471100929,2021,471100929,1,9,0,17,19,1,5,0,0,0,0,0,3,4,1,1,5,6,1,27,6,-1,-1,-1,VOLKSWAGEN CADDY,6,E01031743,0,-1
2021440011611,2021,440011611,2,19,0,18,19,1,5,0,0,0,0,0,0,0,1,1,2,2,1,32,6,1598,2,8,VOLKSWAGEN CADDY,3,E01022680,0,-1
2021481146155,2021,481146155,1,19,0,9,9,6,3,0,0,8,0,0,0,0,4,1,1,1,1,61,9,1968,2,3,VOLKSWAGEN CADDY,3,E01002627,0,-1
2021361147567,2021,361147567,2,19,0,18,19,1,5,0,0,0,0,0,0,0,0,1,2,2,1,20,4,1896,2,12,VOLKSWAGEN CADDY,-1,-1,0,-1
2021101041477,2021,101041477,1,19,0,18,19,1,5,0,0,1,0,0,0,0,1,1,1,1,1,22,5,1598,2,10,VOLKSWAGEN CADDY,8,E01030549,0,-1
2021622100553,2021,622100553,2,19,0,4,4,4,8,0,0,0,1,0,1,0,2,1,1,1,1,22,5,1598,2,9,VOLKSWAGEN CADDY,2,W01000937,0,-1
2021991032519,2021,991032519,2,19,0,18,19,1,5,0,0,1,0,0,0,0,1,1,1,1,1,36,7,1598,2,9,VOLKSWAGEN CADDY,4,-1,0,-1
2021991035670,2021,991035670,2,19,0,5,5,1,6,0,0,1,0,0,0,0,3,1,5,6,1,55,8,1968,2,3,VOLKSWAGEN CADDY,9,-1,0,-1
2021411141214,2021,411141214,1,19,0,17,19,5,2,0,0,0,2,11,1,4,3,1,5,6,1,24,5,1896,2,14,VOLKSWAGEN CADDY,4,E01023774,0,-1
2021522103804,2021,522103804,2,9,0,5,5,5,1,0,0,2,0,0,0,0,1,1,6,6,2,81,11,1968,2,4,VOLKSWAGEN CADDY,6,E01014929,0,-1
2021131114253,2021,131114253,2,19,0,3,3,7,3,0,0,0,0,0,0,0,2,1,2,2,1,40,7,1968,2,4,VOLKSWAGEN CADDY,7,E01017431,0,-1
2021320224939,2021,320224939,1,19,0,18,19,6,2,0,0,0,0,0,7,4,1,1,6,6,1,40,7,1598,2,7,VOLKSWAGEN CADDY,7,E01028154,0,-1
2021461095325,2021,461095325,2,9,0,4,4,2,6,0,0,0,0,0,0,0,0,1,6,6,1,27,6,1598,2,10,VOLKSWAGEN CADDY,7,E01024578,0,-1
2021010323587,2021,010323587,1,19,0,15,15,3,7,0,0,2,5,0,0,0,1,1,6,6,1,46,8,1598,2,7,VOLKSWAGEN CADDY,6,E01004146,0,-1
2021101046776,2021,101046776,2,9,0,17,19,5,3,0,0,0,0,0,0,0,3,1,1,1,1,20,4,1896,2,11,VOLKSWAGEN CADDY,1,E01008331,0,-1
2021361065169,2021,361065169,1,19,0,5,5,4,2,0,0,1,0,0,0,0,1,1,5,6,1,73,10,1598,2,9,VOLKSWAGEN CADDY,5,E01026443,0,-1
2021421069221,2021,421069221,1,19,0,16,19,8,3,0,0,0,0,0,0,0,1,1,6,6,1,69,10,1598,2,9,VOLKSWAGEN CADDY,6,E01021313,0,-1
2021421114909,2021,421114909,1,9,0,18,19,7,3,0,0,1,0,0,0,0,1,1,6,6,1,45,7,-1,-1,-1,VOLKSWAGEN CADDY,6,E01021313,0,-1
2021010350759,2021,010350759,2,19,0,18,19,5,1,0,0,8,0,0,0,0,4,1,6,6,1,40,7,1968,2,2,VOLKSWAGEN CADDY,4,E01001174,0,-1
2021440394074,2021,440394074,1,19,0,18,19,5,1,0,0,0,1,0,0,0,1,1,2,2,2,22,5,1968,2,5,VOLKSWAGEN CADDY,8,E01017056,0,-1
2021010331063,2021,010331063,2,19,9,99,99,9,9,99,99,9,9,99,9,99,9,9,6,6,3,-1,-1,1896,2,15,VOLKSWAGEN CADDY,-1,-1,0,-1
2021471084442,2021,471084442,2,19,0,4,4,3,7,0,0,0,0,0,0,0,2,1,6,6,1,-1,-1,1598,2,7,VOLKSWAGEN CADDY,2,E01021091,0,-1
2021141122373,2021,141122373,2,19,0,16,19,1,5,0,0,0,0,0,0,0,1,1,2,2,1,44,7,1968,2,3,VOLKSWAGEN CADDY,6,E01007787,0,-1
2021471029544,2021,471029544,1,19,0,18,19,8,4,0,0,2,0,0,0,0,4,1,2,2,1,40,7,1598,2,5,VOLKSWAGEN CADDY,4,E01016968,0,-1
2021543886021,2021,543886021,2,9,0,18,19,3,7,0,0,1,0,0,1,11,4,1,1,1,1,61,9,-1,-1,-1,VOLKSWAGEN CADDY,4,E01032014,0,-1
2021501053758,2021,501053758,1,9,0,18,19,4,1,0,0,0,1,0,0,0,1,1,2,2,2,37,7,-1,-1,-1,VOLKSWAGEN CADDY,5,E01018779,0,-1
2021041037622,2021,041037622,1,19,0,4,4,7,3,0,0,1,0,0,0,0,1,1,1,1,1,37,7,1598,2,7,VOLKSWAGEN CADDY,6,E01025098,0,-1
2021544661021,2021,544661021,1,19,0,9,9,5,5,0,0,8,0,0,0,0,1,1,1,1,1,44,7,1896,2,19,VOLKSWAGEN CADDY,5,E01032063,0,-1
2021545013521,2021,545013521,1,19,0,5,5,2,8,0,0,8,0,0,0,0,1,1,2,2,1,43,7,1896,2,13,VOLKSWAGEN CADDY,7,E01032067,0,-1
2021201084389,2021,201084389,2,19,0,18,19,3,8,0,0,0,0,0,0,0,3,1,6,6,1,26,6,1900,2,11,VOLKSWAGEN CADDY,8,E01028848,0,-1
2021361103881,2021,361103881,2,19,0,18,19,2,6,0,0,0,0,0,0,0,1,1,5,6,1,41,7,1598,2,7,VOLKSWAGEN CADDY,2,E01033122,0,-1
2021201114494,2021,201114494,1,19,0,18,19,4,8,0,0,1,0,0,0,0,1,1,6,6,3,-1,-1,1968,2,5,VOLKSWAGEN CADDY,-1,-1,0,-1
2021461093305,2021,461093305,1,9,0,5,5,7,3,0,0,0,0,4,1,0,1,1,5,6,2,29,6,1395,1,3,VOLKSWAGEN CADDY,3,E01024608,0,-1
2021010318527,2021,010318527,2,19,0,18,19,1,5,0,0,9,0,99,0,0,9,9,6,6,1,-1,-1,1896,2,14,VOLKSWAGEN CADDY,1,E01001145,0,-1
2021201102690,2021,201102690,2,19,0,9,9,2,8,0,0,5,0,0,0,0,3,1,6,6,1,59,9,1968,2,12,VOLKSWAGEN CADDY,5,E01009591,0,-1
2021010312004,2021,010312004,2,9,0,99,99,9,9,99,99,9,9,99,9,99,9,9,6,6,3,22,5,1968,2,3,VOLKSWAGEN CADDY,-1,-1,0,-1
2021201143247,2021,201143247,2,19,0,7,7,2,4,0,0,3,1,9,3,10,1,1,6,6,3,-1,-1,1968,2,5,VOLKSWAGEN CADDY,-1,-1,0,-1
2021161064278,2021,161064278,2,19,0,18,19,3,7,0,0,8,0,0,0,0,1,1,6,6,1,-1,-1,1968,2,4,VOLKSWAGEN CADDY,3,E01013310,0,-1
2021451050870,2021,451050870,1,19,0,7,7,3,5,0,0,8,0,7,0,0,1,1,5,6,1,25,5,1598,2,10,VOLKSWAGEN CADDY,-1,-1,0,-1
2021991086548,2021,991086548,1,19,0,18,19,1,5,0,0,0,0,0,0,0,1,1,1,1,1,50,8,1968,2,4,VOLKSWAGEN CADDY,10,-1,0,-1
2021231015129,2021,231015129,1,19,0,5,5,6,2,0,0,8,0,0,0,0,3,1,5,6,1,35,6,1598,2,9,VOLKSWAGEN CADDY,2,E01009412,0,-1
2021501030528,2021,501030528,1,19,0,18,19,1,5,0,0,0,0,0,0,0,1,1,6,6,1,60,9,1968,2,11,VOLKSWAGEN CADDY,1,E01015266,0,-1
2021471030595,2021,471030595,1,19,0,18,19,7,3,0,0,0,0,4,0,0,1,1,2,2,1,29,6,1968,2,3,VOLKSWAGEN CADDY,3,E01020930,0,-1
2021361121708,2021,361121708,2,19,0,18,19,7,7,0,0,8,0,0,0,0,1,1,5,6,1,52,8,1968,2,2,VOLKSWAGEN CADDY,9,E01026422,0,-1
2021170H10141,2021,170H10141,2,19,0,18,19,6,2,0,0,8,0,0,0,0,1,1,1,1,1,28,6,1968,2,3,VOLKSWAGEN CADDY,6,E01033472,0,-1
2021231043649,2021,231043649,1,9,0,18,19,4,8,0,0,1,0,0,0,0,1,1,1,1,1,54,8,-1,-1,-1,VOLKSWAGEN CADDY,7,E01031013,0,-1
2021311098167,2021,311098167,1,19,0,17,19,1,7,0,0,1,0,0,1,0,1,1,5,6,2,26,6,1968,2,12,VOLKSWAGEN CADDY,6,E01028413,0,-1
202131C095421,2021,31C095421,2,19,0,18,19,2,6,0,0,8,0,0,0,0,1,1,2,2,1,48,8,1968,2,11,VOLKSWAGEN CADDY,5,E01019451,0,-1
2021501060838,2021,501060838,1,19,0,18,19,7,3,0,0,0,0,0,0,0,1,1,5,6,1,27,6,1598,2,7,VOLKSWAGEN CADDY,6,E01018983,0,-1
2021471062212,2021,471062212,3,9,0,8,8,5,7,0,0,2,0,0,0,0,1,1,1,1,1,31,6,-1,-1,-1,VOLKSWAGEN CADDY,6,E01021128,0,-1
2021010293048,2021,010293048,1,19,0,12,12,5,1,0,0,0,0,0,0,0,1,1,6,6,1,28,6,1968,2,5,VOLKSWAGEN CADDY,6,E01002336,0,-1
2021501120401,2021,501120401,2,9,0,18,19,5,1,0,0,1,0,0,0,0,1,1,2,2,1,29,6,1968,2,5,VOLKSWAGEN CADDY,5,E01019019,0,-1
2021010298360,2021,010298360,2,19,0,99,99,9,9,99,99,9,9,99,9,99,1,9,6,6,1,34,6,1598,2,8,VOLKSWAGEN CADDY,8,E01000679,0,-1
2021520103970,2021,520103970,2,9,0,18,19,6,6,0,0,0,0,0,0,0,1,1,6,6,1,28,6,-1,-1,-1,VOLKSWAGEN CADDY,5,E01020589,0,-1
2021411043497,2021,411043497,1,19,0,18,19,7,3,0,0,0,0,0,0,0,1,1,2,2,1,44,7,1968,2,3,VOLKSWAGEN CADDY,10,E01023523,0,-1
2021010337338,2021,010337338,1,19,0,9,9,7,5,0,0,5,0,0,0,0,1,1,6,6,1,53,8,1968,2,2,VOLKSWAGEN CADDY,2,E01003024,0,-1
2021201084267,2021,201084267,1,19,0,16,19,4,7,0,0,0,0,0,0,0,1,1,6,6,1,29,6,1968,2,8,VOLKSWAGEN CADDY,1,E01010511,0,-1
2021991049839,2021,991049839,2,19,0,18,19,8,4,0,0,1,0,0,0,0,1,1,2,2,1,31,6,1598,2,5,VOLKSWAGEN CADDY,5,-1,0,-1
2021201141716,2021,201141716,1,9,0,9,9,6,4,0,0,6,0,0,0,0,1,1,6,6,1,-1,-1,-1,-1,-1,VOLKSWAGEN CADDY,3,E01009237,0,-1
2021010319858,2021,010319858,1,19,0,99,99,9,9,99,99,0,9,99,9,99,2,9,6,6,1,55,8,1968,2,2,VOLKSWAGEN CADDY,9,E01000409,0,-1
2021501040522,2021,501040522,3,19,0,4,4,3,7,0,0,1,0,0,0,0,2,1,2,2,1,30,6,1968,2,1,VOLKSWAGEN CADDY,8,E01019966,0,-1
2021320720859,2021,320720859,1,9,0,18,19,2,6,0,0,1,0,0,0,0,1,1,2,2,1,67,10,-1,-1,-1,VOLKSWAGEN CADDY,3,E01026075,0,-1
2021461111844,2021,461111844,1,19,0,13,13,4,8,0,0,0,0,0,0,0,2,1,2,2,1,57,9,1968,2,2,VOLKSWAGEN CADDY,6,E01023986,0,-1
2021131106199,2021,131106199,1,19,0,18,19,1,5,0,0,0,0,0,0,0,1,1,6,6,1,37,7,1968,2,11,VOLKSWAGEN CADDY,1,E01011745,0,-1
2021010293923,2021,010293923,1,19,0,9,9,1,7,0,0,6,0,0,0,0,1,1,6,6,3,-1,-1,1598,2,4,VOLKSWAGEN CADDY,-1,-1,0,-1
2021221117804,2021,221117804,2,19,0,9,9,7,5,0,0,6,0,0,0,0,1,1,6,6,1,19,4,1598,2,9,VOLKSWAGEN CADDY,6,E01028913,0,-1
2021320317067,2021,320317067,2,19,0,18,19,2,6,0,0,0,0,0,0,0,2,1,1,1,1,50,8,1598,2,6,VOLKSWAGEN CADDY,4,E01026445,0,-1
2021471077119,2021,471077119,2,19,0,18,19,6,2,0,0,2,0,0,7,11,4,1,6,6,1,22,5,1896,2,11,VOLKSWAGEN CADDY,5,E01031401,0,-1
2021010310953,2021,010310953,2,19,0,9,9,3,1,0,0,5,0,0,0,0,3,1,2,2,1,39,7,1968,2,2,VOLKSWAGEN CADDY,10,E01018177,0,-1
2021010295883,2021,010295883,1,19,0,18,19,5,1,0,0,0,0,0,0,0,4,1,2,2,1,23,5,1896,2,15,VOLKSWAGEN CADDY,9,E01021229,0,-1
2021371063128,2021,371063128,1,19,0,18,19,4,1,0,0,8,0,0,0,0,3,1,5,6,1,63,9,1896,2,16,VOLKSWAGEN CADDY,6,E01023539,0,-1
2021010296389,2021,010296389,1,19,0,18,19,1,5,0,0,0,1,0,7,10,0,1,6,6,1,32,6,1968,2,14,VOLKSWAGEN CADDY,5,E01001189,0,-1
2021010347336,2021,010347336,1,19,0,99,99,9,9,99,99,9,9,99,9,99,9,9,2,2,1,31,6,1968,2,3,VOLKSWAGEN CADDY,7,E01024417,0,-1
2021552100278,2021,552100278,1,19,0,13,13,8,4,0,0,1,0,0,0,0,1,1,6,6,1,26,6,1598,2,9,VOLKSWAGEN CADDY,10,E01020377,0,-1
2021131102731,2021,131102731,2,19,0,4,4,4,4,0,0,0,0,0,0,0,2,1,1,1,1,30,6,1598,2,9,VOLKSWAGEN CADDY,5,E01011287,0,-1
2021070034991,2021,070034991,2,19,0,18,19,3,7,0,0,8,0,0,0,0,1,1,6,6,1,30,6,1598,2,10,VOLKSWAGEN CADDY,8,E01018443,0,-1
2021201068785,2021,201068785,2,19,0,18,19,2,6,0,0,8,0,0,0,0,1,1,6,6,1,64,9,1968,2,11,VOLKSWAGEN CADDY,5,E01009519,0,-1
2021991017803,2021,991017803,1,19,0,9,9,6,3,0,0,8,0,0,0,0,1,1,2,2,1,24,5,1598,2,5,VOLKSWAGEN CADDY,7,-1,0,-1
2021170M21191,2021,170M21191,1,19,0,18,19,2,6,0,0,1,0,0,0,0,1,1,1,1,1,-1,-1,1968,2,14,VOLKSWAGEN CADDY,-1,-1,0,-1
2021461120955,2021,461120955,3,19,0,3,3,3,7,0,0,0,0,0,0,0,2,1,5,6,1,-1,-1,1968,2,0,VOLKSWAGEN CADDY,1,E01024615,0,-1
2021010335904,2021,010335904,2,19,0,99,99,9,9,99,99,9,9,99,9,99,9,9,6,6,3,55,8,1968,2,1,VOLKSWAGEN CADDY,2,E01000935,0,-1
2021131080354,2021,131080354,2,19,0,18,19,3,7,0,0,0,0,0,0,0,1,1,1,1,1,32,6,1598,2,9,VOLKSWAGEN CADDY,1,E01010967,0,-1
2021131088533,2021,131088533,1,19,0,1,1,5,1,0,0,0,0,0,0,0,2,1,5,6,1,32,6,1968,2,11,VOLKSWAGEN CADDY,4,E01007545,0,-1
2021131043700,2021,131043700,2,9,0,18,19,3,7,0,0,1,0,0,0,0,4,1,1,1,2,29,6,1896,2,13,VOLKSWAGEN CADDY,5,E01032495,0,-1
2021440519841,2021,440519841,2,19,0,18,19,3,7,0,0,8,0,0,0,0,1,1,6,6,1,-1,-1,1598,2,8,VOLKSWAGEN CADDY,7,E01017316,0,-1
2021991096819,2021,991096819,2,9,0,9,9,3,1,0,0,0,0,0,0,0,3,1,6,6,2,69,10,1598,2,6,VOLKSWAGEN CADDY,7,-1,0,-1
2021052100071,2021,052100071,2,19,0,18,19,1,5,0,0,1,0,0,0,0,1,1,6,6,1,36,7,1598,2,6,VOLKSWAGEN CADDY,5,E01006891,0,-1
2021552100722,2021,552100722,3,19,0,2,2,0,0,0,0,0,0,0,0,0,3,1,6,6,3,-1,-1,1896,2,13,VOLKSWAGEN CADDY,-1,-1,0,-1
2021552100226,2021,552100226,1,19,0,9,9,8,4,0,0,6,0,0,0,0,3,1,2,2,1,17,4,1968,2,16,VOLKSWAGEN CADDY,5,E01020535,0,-1
2021471031399,2021,471031399,1,19,0,5,5,7,3,0,0,6,0,0,0,0,1,1,1,1,1,50,8,1968,2,3,VOLKSWAGEN CADDY,4,E01000518,0,-1