collision_index,collision_year,collision_ref_no,vehicle_reference,vehicle_type,towing_and_articulation,vehicle_manoeuvre_historic,vehicle_manoeuvre,vehicle_direction_from,vehicle_direction_to,vehicle_location_restricted_lane_historic,vehicle_location_restricted_lane,junction_location,skidding_and_overturning,hit_object_in_carriageway,vehicle_leaving_carriageway,hit_object_off_carriageway,first_point_of_impact,vehicle_left_hand_drive,journey_purpose_of_driver_historic,journey_purpose_of_driver,sex_of_driver,age_of_driver,age_band_of_driver,engine_capacity_cc,propulsion_code,age_of_vehicle,generic_make_model,driver_imd_decile,lsoa_of_driver,escooter_flag,driver_distance_banding
202131A035121,2021,31A035121,2,19,0,10,10,5,1,0,0,1,0,0,0,0,2,1,1,1,1,35,6,1968,2,6,VOLKSWAGEN TRANSPORTER,1,E01027956,0,-1
2021440493773,2021,440493773,1,19,0,10,10,3,7,0,0,2,0,0,0,0,2,1,1,1,1,24,5,1968,2,2,VOLKSWAGEN TRANSPORTER,7,E01022927,0,-1
2021010298299,2021,010298299,1,19,0,4,4,1,5,0,0,0,0,0,0,0,2,1,6,6,1,58,9,1896,2,17,VOLKSWAGEN TRANSPORTER,4,E01004418,0,-1
2021010324373,2021,010324373,1,19,0,2,2,0,0,0,0,0,0,0,0,0,4,1,6,6,3,-1,-1,1968,2,10,VOLKSWAGEN TRANSPORTER,-1,-1,0,-1
2021440286302,2021,440286302,2,19,0,18,19,6,2,0,0,8,0,0,0,0,1,1,1,1,1,58,9,1968,2,3,VOLKSWAGEN TRANSPORTER,10,E01022605,0,-1
2021440350648,2021,440350648,1,19,0,18,19,2,6,0,0,0,0,0,0,0,3,1,6,6,1,58,9,1968,2,6,VOLKSWAGEN TRANSPORTER,8,E01017069,0,-1
2021201077655,2021,201077655,1,19,0,18,19,8,4,0,0,0,0,0,0,0,1,1,6,6,1,-1,-1,1968,2,7,VOLKSWAGEN TRANSPORTER,-1,-1,0,-1
2021430446322,2021,430446322,1,19,0,3,3,6,2,0,0,0,0,0,0,0,2,1,6,6,1,40,7,1968,2,5,VOLKSWAGEN TRANSPORTER,8,E01026530,0,-1
2021010291749,2021,010291749,1,10,0,2,2,0,0,0,0,1,0,0,0,0,2,1,6,6,3,-1,-1,-1,-1,-1,VOLKSWAGEN TRANSPORTER,-1,-1,0,-1
2021520103542,2021,520103542,1,19,0,18,19,3,7,0,0,8,0,0,0,0,1,1,6,6,1,40,7,1896,2,14,VOLKSWAGEN TRANSPORTER,6,E01029161,0,-1
2021430330427,2021,430330427,1,19,0,18,19,8,4,0,0,8,0,0,0,0,1,1,6,6,1,33,6,2460,2,14,VOLKSWAGEN TRANSPORTER,10,E01016261,0,-1
2021471118454,2021,471118454,3,19,0,18,19,4,8,0,0,0,0,0,0,0,3,1,1,1,1,73,10,1968,2,8,VOLKSWAGEN TRANSPORTER,8,E01021147,0,-1
2021231113746,2021,231113746,1,19,0,18,19,8,4,0,0,4,0,0,0,0,1,1,5,6,1,23,5,1968,2,2,VOLKSWAGEN TRANSPORTER,5,E01009169,0,-1
2021010305669,2021,010305669,2,19,0,1,1,5,1,0,0,1,0,0,0,0,1,1,6,6,1,28,6,1968,2,4,VOLKSWAGEN TRANSPORTER,3,E01000403,0,-1
2021221080855,2021,221080855,2,19,0,18,19,7,3,0,0,8,1,0,0,0,1,1,6,6,1,40,7,1968,2,3,VOLKSWAGEN TRANSPORTER,10,E01032140,0,-1
2021501086225,2021,501086225,1,19,0,9,9,1,3,0,0,8,0,0,0,0,1,1,6,6,1,74,10,1968,2,8,VOLKSWAGEN TRANSPORTER,5,E01020235,0,-1
2021430147261,2021,430147261,1,19,0,10,10,1,6,0,0,2,0,0,0,0,2,1,1,1,1,21,5,1968,2,6,VOLKSWAGEN TRANSPORTER,9,E01033282,0,-1
2021221030817,2021,221030817,2,19,0,18,19,1,5,0,0,1,0,0,0,0,1,1,1,1,1,48,8,1968,2,6,VOLKSWAGEN TRANSPORTER,5,E01029013,0,-1
2021221058035,2021,221058035,2,19,0,2,2,0,0,0,0,0,0,4,0,0,3,1,1,1,1,48,8,1968,2,1,VOLKSWAGEN TRANSPORTER,9,E01032362,0,-1
2021371138472,2021,371138472,1,19,0,18,19,7,3,0,0,2,0,0,0,0,1,1,1,1,1,41,7,1896,2,14,VOLKSWAGEN TRANSPORTER,8,E01030043,0,-1
2021320199935,2021,320199935,2,19,0,4,4,3,7,0,0,0,0,0,0,0,2,1,2,2,1,45,7,1968,2,5,VOLKSWAGEN TRANSPORTER,4,E01026067,0,-1
2021010301510,2021,010301510,2,19,0,9,9,2,1,0,0,8,0,0,0,0,9,1,6,6,3,34,6,1968,2,1,VOLKSWAGEN TRANSPORTER,2,E01001337,0,-1
2021421100898,2021,421100898,2,19,0,2,2,6,2,0,0,0,0,0,0,0,3,1,1,1,1,50,8,1968,2,3,VOLKSWAGEN TRANSPORTER,7,E01033720,0,-1
2021549219021,2021,549219021,1,19,0,18,19,3,7,0,0,1,0,0,0,0,1,1,2,2,1,25,5,1968,2,7,VOLKSWAGEN TRANSPORTER,9,E01029032,0,-1
2021211099961,2021,211099961,2,19,0,18,19,7,7,0,0,1,0,0,0,0,1,1,6,6,1,39,7,1968,2,0,VOLKSWAGEN TRANSPORTER,3,E01029407,0,-1
2021991109368,2021,991109368,2,19,0,18,19,1,5,0,0,0,0,0,0,0,1,1,1,1,1,43,7,1968,2,1,VOLKSWAGEN TRANSPORTER,1,-1,0,-1
2021131124195,2021,131124195,4,19,0,3,3,4,8,0,0,8,0,0,0,0,2,1,6,6,1,28,6,1896,2,14,VOLKSWAGEN TRANSPORTER,8,E01011929,0,-1
2021548332521,2021,548332521,3,19,0,4,4,4,8,0,0,1,0,0,0,0,2,1,6,6,1,37,7,1968,2,8,VOLKSWAGEN TRANSPORTER,9,E01015535,0,-1
2021010342770,2021,010342770,2,19,0,99,99,9,9,99,99,9,9,99,9,99,9,9,6,6,3,40,7,1968,2,4,VOLKSWAGEN TRANSPORTER,2,E01003089,0,-1
2021010331289,2021,010331289,2,19,9,99,99,9,9,99,99,9,9,99,9,99,9,9,6,6,3,-1,-1,1896,2,15,VOLKSWAGEN TRANSPORTER,-1,-1,0,-1
2021041112810,2021,041112810,1,19,0,-1,-1,-1,-1,-1,-1,0,-1,-1,-1,-1,1,1,6,6,3,-1,-1,1896,2,17,VOLKSWAGEN TRANSPORTER,-1,-1,0,-1
2021430372916,2021,430372916,1,19,0,13,13,5,1,0,0,8,0,0,0,0,1,1,6,6,1,55,8,2460,2,13,VOLKSWAGEN TRANSPORTER,5,E01017748,0,-1
2021451043831,2021,451043831,1,19,0,3,3,1,5,0,0,1,0,0,0,0,1,1,5,6,1,45,7,1896,2,17,VOLKSWAGEN TRANSPORTER,4,E01030503,0,-1
2021070317225,2021,070317225,1,19,0,18,19,6,2,0,0,0,0,0,0,0,4,1,6,6,1,-1,-1,1968,2,5,VOLKSWAGEN TRANSPORTER,9,E01018537,0,-1
2021010319650,2021,010319650,1,19,0,3,3,7,3,0,0,0,0,0,0,0,1,1,1,1,1,32,6,1968,2,1,VOLKSWAGEN TRANSPORTER,5,E01001291,0,-1
2021501058565,2021,501058565,2,9,0,2,2,0,0,0,0,0,0,0,0,0,3,1,5,6,2,-1,-1,1968,2,5,VOLKSWAGEN TRANSPORTER,7,E01020105,0,-1
2021070135845,2021,070135845,1,19,0,17,19,8,6,0,0,1,1,0,1,11,1,1,1,1,1,27,6,1968,2,4,VOLKSWAGEN TRANSPORTER,9,E01018430,0,-1
2021461100517,2021,461100517,2,19,0,-1,-1,-1,-1,-1,-1,-1,-1,-1,-1,0,4,1,6,6,1,53,8,1968,2,2,VOLKSWAGEN TRANSPORTER,6,E01024117,0,-1
2021010311911,2021,010311911,1,19,0,3,3,7,3,0,0,0,0,0,0,0,2,1,1,1,1,40,7,1968,2,0,VOLKSWAGEN TRANSPORTER,3,E01004217,0,-1
2021421112070,2021,421112070,1,19,0,18,19,8,6,0,0,0,0,0,0,0,1,1,2,2,1,29,6,1968,2,4,VOLKSWAGEN TRANSPORTER,8,E01021537,0,-1
2021201042916,2021,201042916,1,19,0,5,5,4,7,0,0,6,0,0,0,0,1,1,6,6,1,46,8,1896,2,16,VOLKSWAGEN TRANSPORTER,5,E01010542,0,-1
2021552100913,2021,552100913,1,19,0,18,19,3,7,0,0,0,0,0,0,0,4,1,1,1,1,61,9,2461,2,18,VOLKSWAGEN TRANSPORTER,6,E01020447,0,-1
2021221020623,2021,221020623,1,19,0,18,19,3,7,0,0,0,0,4,0,0,1,1,1,1,1,50,8,1968,2,2,VOLKSWAGEN TRANSPORTER,2,E01014140,0,-1
2021010325308,2021,010325308,2,19,0,99,99,9,9,99,99,9,9,99,9,99,2,9,6,6,3,60,9,1968,2,2,VOLKSWAGEN TRANSPORTER,7,E01024732,0,-1
2021430000004,2021,430000004,2,19,0,5,5,1,5,0,0,0,0,0,0,0,3,1,1,1,1,41,7,1896,2,13,VOLKSWAGEN TRANSPORTER,10,E01017452,0,-1
2021010341604,2021,010341604,1,19,0,18,19,5,1,0,0,0,0,10,0,0,1,1,6,6,1,85,11,-1,-1,-1,VOLKSWAGEN TRANSPORTER,5,E01021096,0,-1
2021141045391,2021,141045391,3,19,0,18,19,5,1,0,0,0,0,1,0,0,1,1,5,6,1,31,6,1968,2,10,VOLKSWAGEN TRANSPORTER,7,E01011998,0,-1
2021501102504,2021,501102504,2,19,0,18,19,6,2,0,0,1,0,0,0,0,1,1,5,6,1,44,7,1968,2,8,VOLKSWAGEN TRANSPORTER,2,E01013588,0,-1
2021440499030,2021,440499030,2,19,0,2,2,0,0,0,0,0,0,0,0,0,2,1,6,6,1,46,8,2460,2,14,VOLKSWAGEN TRANSPORTER,10,E01023045,0,-1
2021052102410,2021,052102410,1,19,0,9,9,2,6,0,0,8,0,0,0,0,1,1,1,1,1,55,8,1968,2,2,VOLKSWAGEN TRANSPORTER,5,E01007056,0,-1
2021010336207,2021,010336207,2,19,0,99,99,9,9,99,99,9,9,99,9,99,9,9,6,6,3,-1,-1,1968,2,2,VOLKSWAGEN TRANSPORTER,2,E01001246,0,-1
2021010317077,2021,010317077,1,19,0,7,7,7,2,0,0,5,0,0,0,0,3,1,6,6,1,37,7,1968,2,7,VOLKSWAGEN TRANSPORTER,8,E01030592,0,-1
2021451064634,2021,451064634,4,19,0,18,19,4,8,0,0,0,0,0,0,0,4,1,1,1,1,61,9,2460,2,14,VOLKSWAGEN TRANSPORTER,6,E01030748,0,-1
2021501108817,2021,501108817,3,19,0,18,19,3,7,0,0,0,0,11,0,0,0,1,6,6,1,28,6,1968,2,0,VOLKSWAGEN TRANSPORTER,6,E01018986,0,-1
2021302100292,2021,302100292,1,19,0,5,5,0,0,0,0,0,0,0,0,0,3,1,6,6,1,38,7,-1,-1,-1,VOLKSWAGEN TRANSPORTER,9,E01019749,0,-1
2021501045853,2021,501045853,2,19,0,16,19,7,4,0,0,0,0,0,1,0,3,1,5,6,1,54,8,2460,2,13,VOLKSWAGEN TRANSPORTER,6,E01018752,0,-1
2021501105008,2021,501105008,1,19,0,4,4,5,1,0,0,0,0,0,0,0,1,1,5,6,2,69,10,-1,-1,-1,VOLKSWAGEN TRANSPORTER,8,E01020110,0,-1
2021421115300,2021,421115300,1,19,0,7,7,5,7,9,9,0,0,0,0,0,4,1,2,2,1,46,8,1968,2,3,VOLKSWAGEN TRANSPORTER,7,E01015849,0,-1
2021430185389,2021,430185389,2,19,0,18,19,2,6,0,0,8,0,0,0,0,1,1,2,2,1,57,9,1968,2,3,VOLKSWAGEN TRANSPORTER,9,E01016523,0,-1
202134WNC2991,2021,34WNC2991,1,19,0,5,5,7,3,0,0,6,1,0,0,1,3,1,2,2,1,25,5,1968,2,6,VOLKSWAGEN TRANSPORTER,9,E01027250,0,-1
2021552100886,2021,552100886,1,19,0,9,9,7,1,0,0,5,0,0,0,0,1,1,6,6,1,61,9,1968,2,2,VOLKSWAGEN TRANSPORTER,8,E01020504,0,-1
2021201030131,2021,201030131,1,19,0,7,7,6,1,0,0,6,0,0,0,0,1,1,1,1,2,52,8,1968,2,2,VOLKSWAGEN TRANSPORTER,3,E01009112,0,-1
2021471013078,2021,471013078,3,19,0,18,19,4,8,0,0,1,0,0,0,0,1,1,5,6,1,30,6,1968,2,8,VOLKSWAGEN TRANSPORTER,7,E01016899,0,-1
2021010306477,2021,010306477,1,19,0,9,9,8,6,0,0,5,0,0,0,0,1,1,2,2,1,64,9,1968,2,9,VOLKSWAGEN TRANSPORTER,6,E01000709,0,-1
2021361077489,2021,361077489,2,19,0,18,19,3,7,0,0,1,0,0,0,0,1,1,5,6,1,48,8,1968,2,5,VOLKSWAGEN TRANSPORTER,9,E01027108,0,-1
2021122101290,2021,122101290,2,19,0,18,19,5,1,0,0,1,0,0,0,0,1,1,6,6,1,46,8,2461,2,20,VOLKSWAGEN TRANSPORTER,8,E01027738,0,-1
2021430431828,2021,430431828,2,19,0,1,1,1,5,0,0,1,0,0,0,0,2,1,6,6,1,-1,-1,2460,2,14,VOLKSWAGEN TRANSPORTER,-1,-1,0,-1
2021461082670,2021,461082670,2,19,0,18,19,7,3,0,0,0,0,0,0,0,0,1,2,2,1,52,8,2461,2,19,VOLKSWAGEN TRANSPORTER,4,E01024312,0,-1
2021161063461,2021,161063461,1,19,0,18,19,6,2,0,0,0,0,0,0,0,1,1,1,1,1,65,9,1968,2,2,VOLKSWAGEN TRANSPORTER,-1,-1,0,-1
2021552100152,2021,552100152,1,19,0,7,7,7,3,0,0,8,0,0,0,0,1,1,1,1,1,57,9,1968,2,4,VOLKSWAGEN TRANSPORTER,3,E01015442,0,-1
2021991021272,2021,991021272,2,19,0,18,19,2,6,0,0,0,0,0,0,0,2,1,1,1,1,45,7,1968,2,1,VOLKSWAGEN TRANSPORTER,3,-1,0,-1
2021501097820,2021,501097820,1,19,0,18,19,1,5,0,0,0,0,0,1,11,1,1,5,6,1,63,9,1968,2,4,VOLKSWAGEN TRANSPORTER,8,E01018859,0,-1
2021031078005,2021,031078005,2,19,0,18,19,1,5,0,0,2,0,0,0,0,1,1,5,6,1,48,8,1968,2,1,VOLKSWAGEN TRANSPORTER,9,E01024867,0,-1
202163C010921,2021,63C010921,2,19,0,9,9,7,5,0,0,5,0,0,0,0,3,1,1,1,1,50,8,2460,2,14,VOLKSWAGEN TRANSPORTER,7,W01000585,0,-1
202131C025121,2021,31C025121,2,19,0,2,2,0,0,0,0,1,0,0,0,0,3,1,6,6,3,-1,-1,1896,2,16,VOLKSWAGEN TRANSPORTER,-1,-1,0,-1
2021302101747,2021,302101747,1,19,0,18,19,6,2,0,0,2,0,0,0,0,3,1,6,6,2,47,8,1968,2,5,VOLKSWAGEN TRANSPORTER,6,E01019763,0,-1
2021010312695,2021,010312695,1,19,0,18,19,5,1,0,0,8,0,0,0,0,4,1,1,1,1,52,8,1968,2,3,VOLKSWAGEN TRANSPORTER,6,E01003840,0,-1
2021041185243,2021,041185243,2,10,0,4,4,3,7,0,0,2,0,0,0,0,2,1,1,1,2,49,8,-1,-1,-1,-1,9,E01025281,0,-1
2021041049351,2021,041049351,1,19,0,5,5,7,3,8,6,0,0,0,0,0,1,1,5,6,1,57,9,1968,2,8,VOLKSWAGEN TRANSPORTER,3,E01025397,0,-1
2021440371233,2021,440371233,2,19,0,18,19,3,7,0,0,0,0,0,0,0,1,1,1,1,1,51,8,1968,2,3,VOLKSWAGEN TRANSPORTER,2,E01017219,0,-1
2021440437214,2021,440437214,1,19,0,18,19,6,2,0,0,1,0,0,0,0,1,1,6,6,1,42,7,1968,2,8,VOLKSWAGEN TRANSPORTER,1,E01022905,0,-1
2021451086763,2021,451086763,3,19,0,18,19,3,7,0,0,1,0,0,0,0,1,1,5,6,1,44,7,2461,2,20,VOLKSWAGEN TRANSPORTER,5,E01016554,0,-1
2021041024739,2021,041024739,2,19,0,18,19,1,3,0,0,0,0,0,0,0,3,1,2,2,1,40,7,1968,2,8,VOLKSWAGEN TRANSPORTER,3,E01006238,0,-1
2021010298827,2021,010298827,2,19,0,99,99,9,9,99,99,9,9,99,9,99,9,9,6,6,3,57,9,1968,2,6,VOLKSWAGEN TRANSPORTER,7,E01001608,0,-1
2021411064720,2021,411064720,1,19,0,18,19,1,5,0,0,0,5,4,1,0,1,1,2,2,1,55,8,1968,2,2,VOLKSWAGEN TRANSPORTER,7,E01023347,0,-1
2021401054777,2021,401054777,1,19,0,4,4,1,5,0,0,4,0,0,0,0,3,1,1,1,1,44,7,1968,2,1,VOLKSWAGEN TRANSPORTER,2,E01015779,0,-1
2021421095419,2021,421095419,2,19,-1,4,4,1,5,0,0,1,0,0,0,0,4,1,1,1,1,42,7,1968,2,2,VOLKSWAGEN TRANSPORTER,5,E01015928,0,-1
2021010337892,2021,010337892,1,8,0,99,99,9,9,99,99,9,9,99,9,99,2,9,1,1,1,52,8,1968,2,4,VOLKSWAGEN TRANSPORTER,1,E01001781,0,-1
2021471126505,2021,471126505,2,19,0,18,19,7,3,0,0,0,1,0,0,0,1,1,5,6,1,43,7,1968,2,7,VOLKSWAGEN TRANSPORTER,4,E01031377,0,-1
2021221089882,2021,221089882,3,19,0,2,2,0,0,0,0,0,0,0,0,0,1,1,5,6,1,59,9,1968,2,2,VOLKSWAGEN TRANSPORTER,2,E01032161,0,-1
202163D031821,2021,63D031821,3,19,0,4,4,5,1,0,0,0,0,0,0,0,2,1,6,6,1,20,4,1968,2,1,VOLKSWAGEN TRANSPORTER,9,E01000667,0,-1
2021010333044,2021,010333044,2,19,0,9,9,3,1,0,0,0,0,0,0,0,1,1,1,1,1,27,6,1968,2,1,VOLKSWAGEN TRANSPORTER,-1,-1,0,-1
2021440090473,2021,440090473,1,19,0,3,3,2,6,0,0,0,0,0,0,0,2,1,2,2,1,50,8,2460,2,13,VOLKSWAGEN TRANSPORTER,3,E01015032,0,-1
202154B371821,2021,54B371821,2,19,0,2,2,0,0,0,0,0,0,10,7,0,4,1,6,6,2,58,9,2461,2,19,VOLKSWAGEN TRANSPORTER,7,E01032024,0,-1
2021461129899,2021,461129899,3,19,0,4,4,3,7,0,0,1,0,0,0,0,4,1,5,6,1,-1,-1,1968,2,0,VOLKSWAGEN TRANSPORTER,9,E01032821,0,-1
2021461087268,2021,461087268,1,19,0,5,5,4,7,0,0,1,0,0,0,0,1,1,5,6,1,40,7,1968,2,2,VOLKSWAGEN TRANSPORTER,8,E01024784,0,-1
2021430312579,2021,430312579,1,19,0,18,19,2,6,0,0,3,1,0,0,0,3,1,2,2,1,58,9,1968,2,4,VOLKSWAGEN TRANSPORTER,8,E01030979,0,-1
2021451016426,2021,451016426,2,19,0,2,2,0,0,0,0,0,0,0,0,0,1,1,6,6,1,40,7,1968,2,1,VOLKSWAGEN TRANSPORTER,6,E01030587,0,-1
2021161122381,2021,161122381,1,19,0,18,19,8,4,0,0,0,0,0,3,1,1,1,1,1,1,36,7,1968,2,2,VOLKSWAGEN TRANSPORTER,9,E01012770,0,-1
2021010351388,2021,010351388,2,19,0,99,99,9,9,99,99,9,9,99,9,99,9,9,6,6,1,50,8,1968,2,2,VOLKSWAGEN TRANSPORTER,3,E01000163,0,-1
2021991086671,2021,991086671,3,19,0,2,2,0,0,0,0,0,0,0,0,0,3,1,6,6,3,-1,-1,1896,2,15,VOLKSWAGEN TRANSPORTER,-1,-1,0,-1
2021501067876,2021,501067876,1,19,0,3,3,7,3,0,0,0,0,0,0,0,2,1,6,6,1,20,4,1968,2,9,VOLKSWAGEN TRANSPORTER,5,E01018896,0,-1
202163D024021,2021,63D024021,2,19,0,13,13,1,5,0,0,1,0,0,0,0,4,1,1,1,1,47,8,1968,2,0,VOLKSWAGEN TRANSPORTER,2,W01001375,0,-1
2021361048453,2021,361048453,1,10,-1,-1,-1,-1,-1,-1,-1,-1,-1,-1,-1,0,-1,1,6,6,2,48,8,-1,-1,-1,VOLKSWAGEN TRANSPORTER,5,E01026770,0,-1
2021440396033,2021,440396033,2,19,0,18,19,2,6,0,0,0,5,0,1,0,3,1,1,1,1,52,8,1968,2,3,VOLKSWAGEN TRANSPORTER,8,E01020379,0,-1
202131D063321,2021,31D063321,1,19,0,18,19,6,2,0,0,0,0,0,0,0,3,1,6,6,1,47,8,1968,2,1,VOLKSWAGEN TRANSPORTER,5,E01028073,0,-1
2021161088918,2021,161088918,1,19,0,7,7,7,5,0,0,0,0,0,0,0,1,1,5,6,1,64,9,1968,2,4,VOLKSWAGEN TRANSPORTER,9,E01013015,0,-1
2021101074484,2021,101074484,1,19,0,9,9,5,1,0,0,8,0,0,0,0,1,1,5,6,1,37,7,1968,2,7,VOLKSWAGEN TRANSPORTER,10,E01010586,0,-1
2021622100284,2021,622100284,1,20,0,9,9,2,7,0,0,8,0,0,0,0,1,1,1,1,1,45,7,-1,-1,-1,VOLKSWAGEN TRANSPORTER,9,W01000845,0,-1
2021991067708,2021,991067708,1,5,0,18,19,7,3,0,0,8,5,11,0,0,3,1,5,6,1,52,8,1199,1,9,-1,6,-1,0,-1
2021221085823,2021,221085823,1,5,0,16,19,4,7,0,0,1,1,0,1,0,1,1,5,6,1,53,8,1199,1,7,-1,9,E01032336,0,-1
2021542803121,2021,542803121,1,3,0,18,19,5,1,0,0,0,1,0,0,0,1,1,6,6,1,20,4,124,1,16,-1,2,E01015476,0,-1
2021161098960,2021,161098960,2,3,0,18,19,7,4,0,0,8,0,0,0,0,3,1,2,2,1,44,7,124,1,10,-1,10,E01013111,0,-1
2021440349412,2021,440349412,1,3,0,15,15,7,3,0,0,1,0,0,0,0,1,1,6,6,1,20,4,124,1,15,-1,3,E01017346,0,-1
2021351062675,2021,351062675,2,5,0,18,19,3,7,0,0,0,1,0,0,0,1,1,2,2,1,54,8,595,1,22,-1,10,E01018149,0,-1
2021101094613,2021,101094613,2,5,0,18,19,4,7,0,0,1,0,0,0,0,1,1,5,6,1,51,8,1199,1,3,-1,3,E01027541,0,-1
2021010307401,2021,010307401,2,3,0,18,19,3,7,0,0,0,0,0,0,0,1,1,6,6,1,20,4,124,1,12,-1,4,E01000780,0,-1
2021522101608,2021,522101608,1,5,0,3,3,7,3,0,0,1,0,0,0,0,2,1,1,1,1,41,7,659,1,13,-1,1,E01014582,0,-1
2021451070784,2021,451070784,1,3,0,18,19,1,5,0,0,0,1,0,0,0,1,1,5,6,1,17,4,124,1,16,-1,10,E01030430,0,-1
2021131091799,2021,131091799,2,5,0,18,19,4,8,0,0,1,0,0,0,0,4,1,6,6,1,57,9,599,1,18,-1,3,E01011225,0,-1
2021010341013,2021,010341013,2,5,0,4,4,5,1,0,0,1,5,0,0,0,1,1,6,6,1,51,8,660,1,12,-1,7,E01004635,0,-1
2021501049179,2021,501049179,2,5,0,18,19,8,4,0,0,1,0,0,0,0,3,1,5,6,1,54,8,660,1,13,-1,7,E01020273,0,-1
2021010305297,2021,010305297,2,5,0,18,19,5,1,0,0,1,0,0,0,0,1,1,6,6,1,36,7,659,1,13,-1,-1,-1,0,-1
2021010319672,2021,010319672,1,3,0,99,99,9,9,99,99,9,9,99,9,99,9,1,2,2,1,33,6,124,1,13,-1,4,E01003452,0,-1
2021211085557,2021,211085557,2,11,0,18,19,6,2,0,0,0,0,0,0,0,1,1,3,7,1,62,9,6700,2,5,-1,1,E01009836,0,-1
2021101076087,2021,101076087,1,11,0,2,2,1,5,0,0,0,0,0,0,0,0,1,1,1,1,70,10,6700,2,3,-1,5,E01008470,0,-1
2021052100939,2021,052100939,2,4,0,18,19,7,3,0,0,1,1,0,0,0,1,1,6,6,1,72,10,250,1,12,-1,7,E01018335,0,-1
2021141037534,2021,141037534,2,2,0,18,19,1,5,0,0,4,0,0,0,0,1,1,6,6,2,19,4,49,1,5,-1,2,E01007531,0,-1
2021461109870,2021,461109870,1,9,0,16,19,7,3,0,0,0,0,0,1,3,4,1,6,6,1,46,8,3996,1,1,-1,5,E01024206,0,-1
2021131091648,2021,131091648,3,11,0,4,4,1,5,0,0,0,0,0,0,0,2,1,1,1,1,77,11,9200,2,10,-1,4,E01011871,0,-1
2021111077124,2021,111077124,2,2,0,18,19,3,7,0,0,8,0,0,0,0,4,1,6,6,2,43,7,49,1,10,-1,3,E01020875,0,-1
2021010348319,2021,010348319,2,21,9,99,99,9,9,99,99,0,9,99,9,99,2,9,6,6,3,46,8,12902,2,4,DAF TRUCKS Model Missing,6,E01032407,0,-1
2021411032864,2021,411032864,2,21,0,18,19,2,5,0,0,0,0,0,0,0,1,1,1,1,1,45,7,10837,2,0,DAF TRUCKS Model Missing,8,E01023938,0,-1
2021351129075,2021,351129075,1,21,1,11,11,5,8,0,0,0,0,0,0,0,4,1,1,1,1,28,6,10837,2,2,DAF TRUCKS Model Missing,1,E01012833,0,-1
2021440450607,2021,440450607,2,21,1,18,19,5,1,0,0,0,0,0,0,0,3,1,1,1,1,63,9,12902,2,7,DAF TRUCKS Model Missing,1,E01017236,0,-1
2021061034693,2021,061034693,4,98,0,18,19,1,1,0,0,0,0,0,0,0,2,1,6,6,1,59,9,9186,2,8,-1,5,E01027785,0,-1
2021991024040,2021,991024040,1,21,0,16,19,6,1,0,0,0,0,0,0,0,1,1,1,1,1,58,9,12902,2,2,DAF TRUCKS Model Missing,4,-1,0,-1
2021531099874,2021,531099874,1,21,0,18,19,5,1,0,0,0,0,5,0,0,2,1,1,1,1,48,8,6700,2,3,DAF TRUCKS Model Missing,4,E01022151,0,-1
2021052101261,2021,052101261,1,21,1,5,5,4,8,0,0,1,0,0,0,0,1,1,1,1,1,31,6,12902,2,5,DAF TRUCKS Model Missing,-1,-1,0,-1
2021201107206,2021,201107206,1,19,0,9,9,4,2,0,0,6,0,0,0,0,1,1,1,1,1,47,8,4500,2,5,DAF TRUCKS Model Missing,3,E01018720,0,-1
2021411051190,2021,411051190,2,21,0,18,19,3,7,0,0,1,0,0,0,0,3,1,1,1,1,58,9,5900,2,14,DAF TRUCKS Model Missing,8,E01023365,0,-1
2021010316260,2021,010316260,2,21,0,99,99,9,9,99,99,9,9,99,9,99,9,1,6,6,3,-1,-1,10837,2,3,DAF TRUCKS Model Missing,3,E01024280,0,-1
2021361090975,2021,361090975,5,21,1,3,3,4,8,0,0,0,0,0,0,0,2,1,1,1,1,62,9,6700,2,4,DAF TRUCKS Model Missing,4,E01026466,0,-1
2021201141799,2021,201141799,1,21,0,11,11,3,7,0,0,1,0,0,0,0,4,1,1,1,1,57,9,12902,2,1,DAF TRUCKS Model Missing,8,E01011553,0,-1
2021141028669,2021,141028669,1,21,0,12,12,1,5,0,0,0,0,0,0,0,1,1,1,1,1,58,9,12902,2,2,DAF TRUCKS Model Missing,-1,-1,0,-1
2021141042751,2021,141042751,1,21,0,11,11,5,1,0,0,0,0,0,0,0,4,1,1,1,1,46,8,10837,2,1,DAF TRUCKS Model Missing,1,E01008100,0,-1
2021041027812,2021,041027812,1,98,0,11,11,5,1,0,0,4,0,0,0,0,1,1,1,1,1,53,8,6692,2,12,-1,8,E01004984,0,-1
2021201027588,2021,201027588,2,21,0,18,19,6,2,0,0,8,0,0,0,0,1,1,1,1,1,27,6,6700,2,3,DAF TRUCKS Model Missing,6,E01009207,0,-1
2021302100707,2021,302100707,2,21,1,18,19,4,8,0,0,0,0,0,0,0,2,1,1,1,1,50,8,12902,2,2,DAF TRUCKS Model Missing,4,E01019690,0,-1
2021201141140,2021,201141140,1,21,1,12,12,5,1,0,0,0,0,0,0,0,1,1,6,6,1,57,9,12902,2,5,DAF TRUCKS Model Missing,6,E01029481,0,-1