collision_index,collision_year,collision_ref_no,vehicle_reference,vehicle_type,towing_and_articulation,vehicle_manoeuvre_historic,vehicle_manoeuvre,vehicle_direction_from,vehicle_direction_to,vehicle_location_restricted_lane_historic,vehicle_location_restricted_lane,junction_location,skidding_and_overturning,hit_object_in_carriageway,vehicle_leaving_carriageway,hit_object_off_carriageway,first_point_of_impact,vehicle_left_hand_drive,journey_purpose_of_driver_historic,journey_purpose_of_driver,sex_of_driver,age_of_driver,age_band_of_driver,engine_capacity_cc,propulsion_code,age_of_vehicle,generic_make_model,driver_imd_decile,lsoa_of_driver,escooter_flag,driver_distance_banding
2021411111007,2021,411111007,1,21,0,5,5,3,7,0,0,4,0,0,0,0,1,1,1,1,1,50,8,4500,2,2,DAF TRUCKS Model Missing,1,E01009640,0,-1
2021451044202,2021,451044202,2,20,0,3,3,8,4,0,0,0,0,0,0,0,2,1,1,1,1,47,8,4500,2,2,DAF TRUCKS Model Missing,4,E01020924,0,-1
2021061103264,2021,061103264,2,21,1,7,7,4,6,0,0,5,0,0,0,0,4,1,1,1,1,38,7,12902,2,0,DAF TRUCKS Model Missing,2,E01006218,0,-1
2021041080021,2021,041080021,3,21,0,18,19,1,5,0,0,0,0,0,0,0,3,1,1,1,1,56,9,10837,2,4,DAF TRUCKS Model Missing,7,-1,0,-1
2021141092389,2021,141092389,1,21,1,18,19,1,5,0,0,0,0,0,0,0,2,1,1,1,1,53,8,12902,2,5,DAF TRUCKS Model Missing,1,E01012836,0,-1
2021351090350,2021,351090350,2,21,1,18,19,5,1,0,0,0,1,0,0,0,2,1,1,1,1,42,7,12902,2,4,DAF TRUCKS Model Missing,2,E01019799,0,-1
2021201083050,2021,201083050,1,21,0,5,5,4,8,0,0,4,0,0,0,0,4,1,1,1,1,57,9,12902,2,8,DAF TRUCKS Model Missing,2,E01010564,0,-1
2021351139613,2021,351139613,1,21,1,18,19,2,6,0,0,0,5,0,1,0,4,1,1,1,1,62,9,12902,2,2,DAF TRUCKS Model Missing,4,E01026677,0,-1
2021471039402,2021,471039402,1,21,0,18,19,7,3,0,0,8,0,0,0,0,1,1,1,1,1,57,9,6693,2,8,DAF TRUCKS Model Missing,9,E01031761,0,-1
2021451113397,2021,451113397,2,21,0,18,19,6,2,0,0,8,0,0,0,0,1,1,1,1,1,33,6,6700,2,4,DAF TRUCKS Model Missing,8,E01030565,0,-1
2021451047944,2021,451047944,1,2,0,4,4,7,3,0,0,2,0,0,0,0,1,1,5,6,1,16,4,50,1,2,-1,10,E01030777,0,-1
2021070699000,2021,070699000,3,5,0,18,19,3,7,0,0,0,0,0,0,0,2,1,6,6,1,55,8,1202,1,8,-1,8,E01018469,0,-1
2021440360591,2021,440360591,1,5,0,18,19,3,7,0,0,0,0,0,0,0,3,1,6,6,1,27,6,1202,1,7,-1,10,E01022846,0,-1
2021010300008,2021,010300008,1,5,0,99,99,9,9,99,99,9,9,99,9,99,2,1,6,6,1,36,7,1202,1,8,-1,1,E01004449,0,-1
2021501090718,2021,501090718,1,5,0,17,19,1,5,0,0,0,0,0,0,0,0,1,6,6,1,51,8,1202,1,8,-1,10,E01016630,0,-1
2021461116237,2021,461116237,2,5,0,17,19,3,7,0,0,2,0,0,0,0,2,1,2,2,1,40,7,599,1,16,-1,7,E01024447,0,-1
2021622100730,2021,622100730,2,3,0,18,19,8,4,0,0,0,0,0,0,0,2,1,6,6,1,24,5,124,1,36,-1,9,W01001277,0,-1
2021471060980,2021,471060980,2,9,0,4,4,2,6,0,0,0,0,0,0,0,2,1,5,6,1,33,6,2000,1,19,-1,5,E01031663,0,-1
2021421065427,2021,421065427,2,11,0,3,3,5,1,0,0,0,0,0,0,0,4,1,3,7,1,70,10,2998,2,13,-1,4,E01015948,0,-1
2021552100306,2021,552100306,1,10,0,18,19,6,2,0,0,0,0,0,0,0,1,1,1,1,1,67,10,2800,2,16,-1,5,E01020506,0,-1
2021221093543,2021,221093543,2,9,0,5,5,7,3,0,0,0,0,0,0,0,3,1,5,6,1,74,10,5343,1,34,-1,6,E01033527,0,-1
2021010307936,2021,010307936,1,9,0,18,19,5,1,0,0,7,0,0,0,0,3,1,3,7,1,74,10,3996,1,20,-1,8,E01003777,0,-1
2021430459167,2021,430459167,1,9,0,18,19,1,5,0,0,0,0,0,0,0,4,1,6,6,1,60,9,3996,1,22,-1,-1,-1,0,-1
2021041022019,2021,041022019,1,17,0,4,4,3,7,0,0,0,0,0,0,0,1,1,1,1,1,27,6,6788,2,5,-1,6,E01025568,0,-1
2021070779045,2021,070779045,1,17,4,18,19,3,5,0,0,0,0,11,0,4,0,1,1,1,3,-1,-1,6788,2,4,-1,-1,-1,0,-1
2021451086763,2021,451086763,4,17,0,2,2,0,0,6,6,1,0,0,0,0,0,1,5,6,1,48,8,4525,2,5,-1,9,E01030673,0,-1
2021061067041,2021,061067041,2,17,0,18,19,1,5,0,0,8,0,0,0,0,1,1,1,1,1,20,4,6788,2,2,-1,8,E01005555,0,-1
2021401045314,2021,401045314,1,9,0,17,19,1,3,0,0,0,5,0,0,0,0,1,6,6,1,46,8,5204,1,2,-1,3,E01002805,0,-1
2021361068870,2021,361068870,1,9,0,18,19,3,7,0,0,0,0,0,0,0,4,1,2,2,1,58,9,2179,2,7,LAND ROVER FREELANDER,9,E01026500,0,-1
2021461058240,2021,461058240,1,9,0,16,19,7,3,0,0,1,0,0,0,0,4,1,5,6,2,34,6,2179,2,14,LAND ROVER FREELANDER,-1,-1,0,-1
2021221133385,2021,221133385,2,9,0,18,19,5,1,0,0,0,0,0,0,0,1,1,5,6,1,61,9,2179,2,14,LAND ROVER FREELANDER,5,E01014051,0,-1
2021440175297,2021,440175297,5,9,0,18,19,2,6,0,0,0,0,0,0,0,2,1,6,6,2,33,6,1951,2,19,LAND ROVER FREELANDER,8,E01023084,0,-1
2021221095996,2021,221095996,1,9,0,9,9,1,7,0,0,6,0,0,0,0,1,1,5,6,2,47,8,2179,2,9,LAND ROVER FREELANDER,5,E01032193,0,-1
2021170L10851,2021,170L10851,2,9,0,7,7,4,6,0,0,8,0,0,0,0,1,1,6,6,2,50,8,2179,2,11,LAND ROVER FREELANDER,3,E01012119,0,-1
2021122200074,2021,122200074,1,9,0,4,4,3,7,0,0,1,0,0,0,0,1,1,6,6,2,40,7,2179,2,7,LAND ROVER FREELANDER,7,E01027781,0,-1
2021320748634,2021,320748634,1,9,0,18,19,6,2,0,0,0,0,0,0,0,1,1,6,6,1,73,10,2179,2,12,LAND ROVER FREELANDER,4,E01026102,0,-1
2021461122219,2021,461122219,1,9,0,9,9,2,4,0,0,0,0,0,0,0,3,1,6,6,1,29,6,2179,2,13,LAND ROVER FREELANDER,1,E01024683,0,-1
2021461125183,2021,461125183,1,9,0,18,19,7,3,0,0,0,5,11,0,0,3,1,6,6,2,38,7,2179,2,9,LAND ROVER FREELANDER,6,E01024456,0,-1
2021131098805,2021,131098805,1,9,0,18,19,1,5,0,0,1,0,0,0,0,4,1,5,6,1,87,11,2179,2,8,LAND ROVER FREELANDER,6,E01010786,0,-1
2021052101430,2021,052101430,2,9,0,3,3,1,5,0,0,1,0,0,0,0,2,1,6,6,1,28,6,2179,2,14,LAND ROVER FREELANDER,9,E01006365,0,-1
2021622100990,2021,622100990,2,9,0,17,19,7,3,0,0,0,0,0,0,0,3,1,6,6,2,48,8,2179,2,9,LAND ROVER FREELANDER,4,W01001149,0,-1
2021520104273,2021,520104273,2,9,0,18,19,3,7,0,0,8,0,0,0,0,1,1,6,6,2,21,5,1796,1,17,LAND ROVER FREELANDER,9,E01029318,0,-1
2021461116479,2021,461116479,2,9,0,18,19,7,3,0,0,0,0,0,0,0,2,1,6,6,1,36,7,2179,2,11,LAND ROVER FREELANDER,5,E01024383,0,-1
2021451075269,2021,451075269,2,9,0,18,19,3,7,0,0,2,0,0,0,0,1,1,5,6,1,60,9,2179,2,14,LAND ROVER FREELANDER,8,E01030927,0,-1
2021221071860,2021,221071860,1,9,0,7,7,4,5,0,0,4,0,0,0,0,4,1,6,6,1,56,9,2179,2,9,LAND ROVER FREELANDER,5,E01032256,0,-1
2021371065704,2021,371065704,1,9,0,5,5,7,3,0,0,1,0,0,0,0,3,1,5,6,2,31,6,1951,2,19,LAND ROVER FREELANDER,6,E01029876,0,-1
2021221066556,2021,221066556,2,9,0,9,9,4,1,0,0,5,0,0,0,0,4,1,5,6,1,81,11,2179,2,11,LAND ROVER FREELANDER,9,E01014083,0,-1
2021061042566,2021,061042566,2,9,0,18,19,6,2,0,0,0,0,0,0,0,1,1,5,6,1,30,6,1951,2,18,LAND ROVER FREELANDER,3,E01005752,0,-1
2021501089479,2021,501089479,1,9,0,18,19,3,7,0,0,8,5,0,0,0,1,1,6,6,2,56,9,2179,2,7,LAND ROVER FREELANDER,6,E01020172,0,-1
2021461060429,2021,461060429,1,9,0,1,1,5,1,0,0,0,0,0,0,0,2,1,5,6,1,25,5,1951,2,16,LAND ROVER FREELANDER,1,E01004428,0,-1
2021421093507,2021,421093507,2,9,0,18,19,3,7,0,0,8,0,7,0,0,4,1,5,6,1,58,9,1795,1,21,LAND ROVER FREELANDER,4,E01015872,0,-1
2021211032007,2021,211032007,1,9,0,7,7,6,1,0,0,1,0,0,0,0,1,1,6,6,1,53,8,2179,2,7,LAND ROVER FREELANDER,6,E01014299,0,-1
2021201028778,2021,201028778,1,9,0,9,9,8,6,0,0,5,0,0,0,0,1,1,1,1,1,31,6,2179,2,8,LAND ROVER FREELANDER,9,E01009830,0,-1
2021221121503,2021,221121503,1,9,0,5,5,3,7,0,0,0,0,0,0,0,1,1,6,6,1,61,9,1796,1,17,LAND ROVER FREELANDER,7,W01000428,0,-1
2021520104212,2021,520104212,2,9,0,2,2,0,0,0,0,0,0,0,0,0,1,1,6,6,3,-1,-1,2179,2,13,LAND ROVER FREELANDER,-1,-1,0,-1
2021461056943,2021,461056943,2,9,0,9,9,5,1,0,0,1,0,0,0,0,3,1,5,6,2,70,10,1951,2,15,LAND ROVER FREELANDER,7,E01024538,0,-1
2021501074913,2021,501074913,2,9,0,18,19,3,7,0,0,0,1,0,0,0,2,1,5,6,2,35,6,1951,2,17,LAND ROVER FREELANDER,5,E01020072,0,-1
2021371089583,2021,371089583,2,9,0,18,19,2,6,0,0,8,0,0,0,0,3,1,5,6,2,32,6,2179,2,10,LAND ROVER FREELANDER,6,E01030154,0,-1
20211381P1178,2021,1381P1178,1,9,0,18,19,8,4,0,0,6,0,0,7,10,4,1,6,6,1,77,11,1951,2,15,LAND ROVER FREELANDER,10,E01011196,0,-1
2021010288971,2021,010288971,1,9,0,1,1,3,7,0,0,0,0,4,0,0,2,1,6,6,1,84,11,2179,2,14,LAND ROVER FREELANDER,9,E01001227,0,-1
2021122100409,2021,122100409,1,9,0,5,5,6,2,0,0,6,5,0,7,0,1,1,6,6,1,37,7,2179,2,13,LAND ROVER FREELANDER,9,E01027619,0,-1
2021010347852,2021,010347852,2,9,0,4,4,1,5,0,0,0,0,0,0,0,2,1,6,6,1,48,8,1796,1,17,LAND ROVER FREELANDER,1,E01021500,0,-1
2021461033296,2021,461033296,1,9,0,5,5,6,8,0,0,6,0,0,0,0,3,1,6,6,2,50,8,2179,2,12,LAND ROVER FREELANDER,1,E01033215,0,-1
2021440465246,2021,440465246,2,9,0,18,19,3,7,0,0,0,0,0,0,0,2,1,6,6,1,68,10,1951,2,17,LAND ROVER FREELANDER,-1,-1,0,-1
2021430381496,2021,430381496,2,9,0,7,7,2,4,0,0,6,0,0,0,0,1,1,6,6,2,44,7,2179,2,10,LAND ROVER FREELANDER,8,E01028507,0,-1
2021430326726,2021,430326726,2,9,0,2,2,0,0,0,0,0,0,0,0,0,3,1,6,6,3,50,8,1951,2,17,LAND ROVER FREELANDER,-1,-1,0,-1
2021461108683,2021,461108683,1,9,0,18,19,1,5,0,0,0,0,0,0,0,1,1,6,6,2,31,6,2179,2,14,LAND ROVER FREELANDER,7,E01024141,0,-1
2021138220505,2021,138220505,1,9,0,18,19,3,7,0,0,0,1,0,0,0,1,1,6,6,1,-1,-1,1796,1,16,LAND ROVER FREELANDER,-1,-1,0,-1
2021161083566,2021,161083566,3,9,0,18,19,1,5,0,0,1,0,0,0,0,1,1,6,6,3,-1,-1,2179,2,9,LAND ROVER FREELANDER,-1,-1,0,-1
2021361080818,2021,361080818,2,9,0,4,4,7,3,0,0,0,0,0,0,0,2,1,1,1,1,63,9,2179,2,12,LAND ROVER FREELANDER,4,E01026522,0,-1
2021552101071,2021,552101071,1,9,0,13,13,4,8,0,0,0,0,0,0,0,3,1,6,6,1,70,10,1951,2,16,LAND ROVER FREELANDER,8,E01029190,0,-1
2021010332279,2021,010332279,2,9,0,99,99,9,9,99,99,9,9,99,9,99,9,9,6,6,1,53,8,2179,2,14,LAND ROVER FREELANDER,10,W01001827,0,-1
2021302100334,2021,302100334,2,9,0,18,19,6,2,0,0,1,0,0,0,0,1,1,6,6,2,53,8,2179,2,7,LAND ROVER FREELANDER,5,E01019741,0,-1
2021540354621,2021,540354621,3,9,0,3,3,2,6,0,0,1,0,0,0,0,2,1,6,6,1,31,6,2179,2,8,LAND ROVER FREELANDER,6,E01032011,0,-1
2021351130641,2021,351130641,1,9,0,7,7,1,7,0,0,0,0,0,0,0,2,1,5,6,1,75,10,2179,2,7,LAND ROVER FREELANDER,6,E01018126,0,-1
2021622100717,2021,622100717,2,9,0,18,19,7,3,0,0,0,0,0,0,0,2,1,2,2,1,60,9,2179,2,10,LAND ROVER FREELANDER,7,W01000692,0,-1
2021122100984,2021,122100984,2,9,0,18,19,3,7,0,0,8,2,0,1,10,4,1,6,6,1,31,6,2179,2,10,LAND ROVER FREELANDER,6,E01027764,0,-1
2021440162679,2021,440162679,2,9,0,4,4,2,6,0,0,1,0,0,0,0,2,1,2,2,1,42,7,2179,2,14,LAND ROVER FREELANDER,10,E01023218,0,-1
2021061087627,2021,061087627,1,9,0,18,19,1,5,0,0,1,0,0,0,0,1,1,6,6,2,30,6,2179,2,14,LAND ROVER FREELANDER,8,E01019734,0,-1
2021302100313,2021,302100313,1,9,4,18,19,6,2,0,0,0,0,0,0,0,0,1,6,6,1,60,9,2179,2,14,LAND ROVER FREELANDER,3,E01019818,0,-1
2021430198112,2021,430198112,2,9,0,8,8,5,4,0,0,1,0,0,0,0,1,1,6,6,1,39,7,2179,2,9,LAND ROVER FREELANDER,7,E01017878,0,-1
2021221071272,2021,221071272,2,9,0,17,19,2,7,0,0,0,0,0,1,9,1,1,6,6,1,72,10,2179,2,10,LAND ROVER FREELANDER,5,E01032198,0,-1
2021520102359,2021,520102359,1,9,0,7,7,2,4,0,0,8,0,0,0,0,3,1,6,6,1,33,6,1951,2,18,LAND ROVER FREELANDER,4,E01029334,0,-1
202131B012121,2021,31B012121,1,9,0,17,19,2,8,0,0,0,0,0,0,0,1,1,6,6,1,28,6,2179,2,9,LAND ROVER FREELANDER,2,E01026382,0,-1
2021010340102,2021,010340102,2,9,0,99,99,9,9,99,99,0,9,99,9,99,1,1,6,6,2,35,6,2179,2,14,LAND ROVER FREELANDER,6,E01000304,0,-1
2021122100807,2021,122100807,2,9,0,15,15,1,5,0,0,1,0,0,0,0,1,1,6,6,1,73,10,2179,2,10,LAND ROVER FREELANDER,7,E01027821,0,-1
2021131045593,2021,131045593,4,9,0,2,2,0,0,0,0,0,0,4,0,0,2,1,6,6,3,-1,-1,2179,2,10,LAND ROVER FREELANDER,-1,-1,0,-1
2021201144768,2021,201144768,1,9,0,18,19,-1,-1,0,0,0,0,0,0,0,0,1,6,6,2,35,6,2179,2,15,LAND ROVER FREELANDER,2,E01009291,0,-1
2021122101119,2021,122101119,2,9,0,18,19,8,2,0,0,1,0,0,0,0,1,1,6,6,1,27,6,2179,2,11,LAND ROVER FREELANDER,6,E01027778,0,-1
2021440272644,2021,440272644,2,9,0,18,19,8,4,0,0,0,0,0,0,0,1,1,6,6,1,46,8,1951,2,15,LAND ROVER FREELANDER,9,E01023182,0,-1
202163C061221,2021,63C061221,1,9,0,5,5,7,3,0,0,6,0,0,0,0,3,1,6,6,2,84,11,1951,2,15,LAND ROVER FREELANDER,8,W01000555,0,-1
2021430270109,2021,430270109,2,9,0,18,19,1,6,0,0,8,0,0,1,0,1,1,6,6,1,66,10,2179,2,10,LAND ROVER FREELANDER,10,E01022196,0,-1
2021122101410,2021,122101410,2,9,0,18,19,1,5,0,0,1,0,0,0,0,1,1,6,6,2,25,5,2179,2,9,LAND ROVER FREELANDER,6,E01027780,0,-1
2021522103373,2021,522103373,2,9,0,1,1,1,5,0,0,0,0,0,0,0,2,1,6,6,2,67,10,2179,2,9,LAND ROVER FREELANDER,1,E01033359,0,-1
2021131083388,2021,131083388,1,9,0,18,19,1,5,0,0,0,0,0,0,0,4,1,6,6,2,43,7,1951,2,18,LAND ROVER FREELANDER,8,E01011397,0,-1
2021221126206,2021,221126206,2,9,0,18,19,2,6,0,0,0,0,0,0,0,1,1,6,6,2,53,8,2179,2,7,LAND ROVER FREELANDER,4,E01014052,0,-1
2021430514045,2021,430514045,1,9,0,18,19,1,5,0,0,6,1,0,7,1,1,1,6,6,3,-1,-1,1997,2,21,LAND ROVER FREELANDER,-1,-1,0,-1
2021161036296,2021,161036296,4,9,0,4,4,1,5,0,0,8,0,0,0,0,3,1,5,6,1,70,10,2179,2,7,LAND ROVER FREELANDER,4,E01011705,0,-1
2021221072091,2021,221072091,2,9,0,9,9,1,7,0,0,5,0,0,0,0,3,1,5,6,2,51,8,2179,2,12,LAND ROVER FREELANDER,4,E01018757,0,-1
2021061091857,2021,061091857,3,9,0,2,2,0,0,0,0,2,0,0,0,0,2,1,6,6,3,-1,-1,2179,2,7,LAND ROVER FREELANDER,-1,-1,0,-1
2021201119635,2021,201119635,1,9,0,18,19,5,1,0,0,8,1,11,0,0,3,1,5,6,1,62,9,2179,2,12,LAND ROVER FREELANDER,6,E01009036,0,-1
2021131074771,2021,131074771,1,9,0,5,5,1,5,0,0,0,5,0,7,11,1,1,5,6,1,52,8,2179,2,7,LAND ROVER FREELANDER,2,E01011805,0,-1
2021010301043,2021,010301043,1,9,0,99,99,9,9,99,99,9,9,99,9,99,1,9,6,6,1,64,9,1951,2,16,LAND ROVER FREELANDER,2,E01000056,0,-1
2021471027531,2021,471027531,1,9,0,13,13,1,5,0,0,0,0,0,0,0,3,1,1,1,1,19,4,2179,2,14,LAND ROVER FREELANDER,5,E01031614,0,-1
2021501080101,2021,501080101,3,9,0,4,4,7,3,0,0,1,0,0,0,0,1,1,6,6,1,58,9,2179,2,14,LAND ROVER FREELANDER,4,E01020134,0,-1
2021320559338,2021,320559338,1,9,0,18,19,4,8,0,0,0,0,0,0,0,1,1,6,6,1,68,10,2179,2,9,LAND ROVER FREELANDER,4,E01022018,0,-1
2021320424794,2021,320424794,1,9,0,18,19,6,2,0,0,1,0,0,0,0,1,1,6,6,1,77,11,2179,2,10,LAND ROVER FREELANDER,8,E01026313,0,-1
2021161058493,2021,161058493,2,9,0,18,19,3,7,0,0,0,0,0,0,0,2,1,6,6,1,58,9,2179,2,10,LAND ROVER FREELANDER,2,E01013240,0,-1
2021540635421,2021,540635421,1,9,0,18,19,3,7,0,0,0,0,0,0,0,4,1,6,6,2,72,10,1951,2,15,LAND ROVER FREELANDER,5,E01031937,0,-1
2021161028335,2021,161028335,2,9,0,18,19,5,1,0,0,3,0,0,0,0,4,1,6,6,1,47,8,1951,2,20,LAND ROVER FREELANDER,1,E01027819,0,-1
2021070094195,2021,070094195,2,9,0,18,19,3,7,0,0,1,0,0,0,0,4,1,6,6,1,27,6,2179,2,11,LAND ROVER FREELANDER,6,E01018689,0,-1
2021010315614,2021,010315614,1,9,0,3,3,5,1,0,0,1,0,99,0,0,1,1,6,6,2,55,8,2497,1,21,LAND ROVER FREELANDER,3,E01000009,0,-1
2021061036376,2021,061036376,1,9,0,18,19,1,5,0,0,0,0,0,0,0,1,1,6,6,1,46,8,2179,2,10,LAND ROVER FREELANDER,10,E01006343,0,-1
2021161120282,2021,161120282,2,9,0,18,19,3,7,0,0,0,0,0,1,0,1,1,5,6,2,28,6,2179,2,10,LAND ROVER FREELANDER,-1,-1,0,-1
2021421084024,2021,421084024,3,9,0,17,19,1,5,0,0,8,0,0,0,0,3,1,5,6,1,56,9,2179,2,8,LAND ROVER FREELANDER,9,E01021757,0,-1
2021010289222,2021,010289222,1,9,0,18,19,7,3,0,0,1,0,0,0,0,1,1,2,2,1,60,9,2179,2,10,LAND ROVER FREELANDER,7,E01003834,0,-1
2021622200023,2021,622200023,1,9,0,7,7,3,8,0,0,2,0,0,0,0,1,1,6,6,3,-1,-1,1951,2,17,LAND ROVER FREELANDER,-1,-1,0,-1
2021302101935,2021,302101935,1,9,0,4,4,2,6,0,0,1,0,0,0,0,1,1,6,6,1,29,6,1951,2,19,LAND ROVER FREELANDER,7,E01029796,0,-1
2021520104607,2021,520104607,2,9,0,18,19,6,5,0,0,8,0,0,0,0,3,1,6,6,1,60,9,1951,2,17,LAND ROVER FREELANDER,-1,-1,0,-1
2021131052673,2021,131052673,1,9,0,18,19,2,6,0,0,1,0,0,0,0,1,1,6,6,1,47,8,2179,2,12,LAND ROVER FREELANDER,4,E01011073,0,-1
2021361118941,2021,361118941,2,9,0,17,19,8,4,0,0,0,0,0,0,0,1,1,2,2,1,23,5,1951,2,19,LAND ROVER FREELANDER,5,E01026648,0,-1
202131C004121,2021,31C004121,1,9,0,18,19,1,5,0,0,2,1,0,1,1,1,1,6,6,2,46,8,2179,2,15,LAND ROVER FREELANDER,9,E01028410,0,-1
2021161116651,2021,161116651,1,9,4,2,2,0,0,0,0,0,0,0,0,0,2,1,5,6,2,47,8,1951,2,16,LAND ROVER FREELANDER,-1,-1,0,-1
2021061125576,2021,061125576,1,9,0,18,19,1,5,0,0,8,0,0,0,0,1,1,6,6,1,67,10,2179,2,14,LAND ROVER FREELANDER,3,E01006295,0,-1
2021461126904,2021,461126904,2,9,0,18,19,4,8,0,0,0,0,0,0,0,3,1,6,6,1,28,6,2179,2,8,LAND ROVER FREELANDER,4,E01024204,0,-1
2021552101275,2021,552101275,1,9,0,18,19,4,8,0,0,0,2,0,2,10,4,1,6,6,2,51,8,2179,2,8,LAND ROVER FREELANDER,6,E01020531,0,-1
2021440228540,2021,440228540,2,9,0,17,19,5,2,0,0,0,0,0,7,1,3,1,3,7,2,51,8,1951,2,15,LAND ROVER FREELANDER,6,E01023026,0,-1
2021201183223,2021,201183223,1,9,0,18,19,8,4,0,0,8,0,0,0,0,4,1,2,2,1,44,7,1951,2,17,LAND ROVER FREELANDER,5,E01009042,0,-1
2021221071398,2021,221071398,3,9,0,2,2,0,0,0,0,0,0,4,0,0,2,1,6,6,1,55,8,2497,1,20,LAND ROVER FREELANDER,7,E01032180,0,-1
2021041126643,2021,041126643,2,9,0,18,19,8,8,0,0,0,0,0,0,0,1,1,5,6,1,54,8,2179,2,14,LAND ROVER FREELANDER,8,E01024937,0,-1
2021010345082,2021,010345082,1,9,0,14,14,5,1,0,0,1,0,0,0,0,4,1,2,2,1,56,9,2179,2,10,LAND ROVER FREELANDER,4,E01004728,0,-1
2021531081278,2021,531081278,1,9,0,18,19,5,1,0,0,0,0,0,0,0,4,1,6,6,1,90,11,2179,2,8,LAND ROVER FREELANDER,7,E01022376,0,-1
2021411027067,2021,411027067,2,9,0,9,9,2,7,0,0,4,0,0,0,0,1,1,6,6,1,42,7,1951,2,17,LAND ROVER FREELANDER,10,E01017443,0,-1
2021351025461,2021,351025461,1,9,0,12,12,4,8,0,0,0,0,0,0,0,1,1,6,6,1,52,8,2179,2,14,LAND ROVER FREELANDER,6,E01015691,0,-1
2021421013006,2021,421013006,2,9,0,18,19,6,2,0,0,1,1,0,1,11,1,1,5,6,2,44,7,1951,2,19,LAND ROVER FREELANDER,8,E01022064,0,-1
2021421094497,2021,421094497,1,9,0,18,19,5,1,0,0,0,0,0,0,0,1,1,6,6,1,34,6,2179,2,14,LAND ROVER FREELANDER,5,E01021664,0,-1
2021451039861,2021,451039861,2,9,0,17,19,1,5,0,0,0,0,0,0,0,3,1,2,2,1,52,8,2179,2,12,LAND ROVER FREELANDER,9,E01030932,0,-1
2021302100553,2021,302100553,1,9,0,13,13,2,6,0,0,0,0,0,0,0,4,1,6,6,1,26,6,1951,2,19,LAND ROVER FREELANDER,1,E01019488,0,-1
2021041034245,2021,041034245,2,9,0,18,19,5,1,0,0,8,0,0,0,0,1,1,5,6,1,71,10,1796,1,19,LAND ROVER FREELANDER,4,E01025588,0,-1
2021101115294,2021,101115294,1,9,0,18,19,7,3,0,0,1,0,0,0,0,4,1,5,6,2,49,8,1796,1,16,LAND ROVER FREELANDER,7,E01008500,0,-1
2021041051094,2021,041051094,1,9,0,18,19,5,1,0,0,1,0,0,0,0,1,1,6,6,2,31,6,2179,2,14,LAND ROVER FREELANDER,3,E01025492,0,-1
2021070603858,2021,070603858,3,9,0,18,19,1,5,0,0,0,0,0,0,0,4,1,6,6,1,50,8,1951,2,15,LAND ROVER FREELANDER,4,E01006954,0,-1
2021471115657,2021,471115657,1,9,0,18,19,6,2,0,0,0,5,0,0,0,1,1,6,6,2,38,7,2179,2,14,LAND ROVER FREELANDER,7,E01031508,0,-1
2021221057606,2021,221057606,2,9,0,18,19,5,1,0,0,1,0,0,0,0,1,1,6,6,1,61,9,1951,2,17,LAND ROVER FREELANDER,6,E01032436,0,-1
202131A110921,2021,31A110921,2,9,0,3,3,2,6,0,0,0,0,0,0,0,2,1,6,6,2,57,9,1951,2,18,LAND ROVER FREELANDER,5,E01028314,0,-1
2021161052020,2021,161052020,2,9,0,17,19,6,2,0,0,1,1,0,0,0,1,1,6,6,1,37,7,2179,2,14,LAND ROVER FREELANDER,7,E01005517,0,-1
2021061093951,2021,061093951,2,9,0,4,4,1,5,0,0,0,0,0,0,0,0,1,5,6,1,64,9,2179,2,12,LAND ROVER FREELANDER,9,E01005409,0,-1
2021361103868,2021,361103868,1,9,0,17,19,8,5,0,0,0,5,0,0,0,3,1,5,6,3,56,9,1951,2,20,LAND ROVER FREELANDER,6,E01026781,0,-1
2021531107406,2021,531107406,1,9,0,18,19,3,7,0,0,0,1,0,1,0,1,1,5,6,1,76,11,2179,2,7,LAND ROVER FREELANDER,10,E01022415,0,-1
2021101027967,2021,101027967,1,9,0,5,5,3,7,0,0,0,0,0,0,0,3,1,6,6,1,25,5,1951,2,16,LAND ROVER FREELANDER,-1,-1,0,-1