collision_index,collision_year,collision_ref_no,vehicle_reference,vehicle_type,towing_and_articulation,vehicle_manoeuvre_historic,vehicle_manoeuvre,vehicle_direction_from,vehicle_direction_to,vehicle_location_restricted_lane_historic,vehicle_location_restricted_lane,junction_location,skidding_and_overturning,hit_object_in_carriageway,vehicle_leaving_carriageway,hit_object_off_carriageway,first_point_of_impact,vehicle_left_hand_drive,journey_purpose_of_driver_historic,journey_purpose_of_driver,sex_of_driver,age_of_driver,age_band_of_driver,engine_capacity_cc,propulsion_code,age_of_vehicle,generic_make_model,driver_imd_decile,lsoa_of_driver,escooter_flag,driver_distance_banding
2021471059195,2021,471059195,2,9,0,18,19,2,6,0,0,8,0,0,0,0,1,1,2,2,1,49,8,1969,2,6,VOLVO V40,9,E01031829,0,-1
2021010305777,2021,010305777,1,9,0,5,5,5,1,0,0,8,0,0,0,0,1,1,6,6,1,57,9,1498,1,2,VOLVO V40,8,E01004193,0,-1
2021170L30521,2021,170L30521,1,9,0,18,19,1,5,0,0,8,0,0,0,0,4,1,6,6,2,51,8,1984,2,8,VOLVO V40,2,E01012159,0,-1
2021552100722,2021,552100722,1,9,0,18,19,4,7,0,0,0,0,0,0,0,1,1,6,6,2,70,10,1498,1,3,VOLVO V40,8,E01019961,0,-1
2021501137872,2021,501137872,1,9,0,6,6,4,3,0,0,0,0,0,0,0,3,1,6,6,1,61,9,1560,2,9,VOLVO V40,9,E01020186,0,-1
2021461144001,2021,461144001,1,9,0,18,19,4,8,0,0,6,0,0,3,9,1,1,6,6,1,21,5,1560,2,8,VOLVO V40,4,E01024197,0,-1
2021131038887,2021,131038887,1,9,0,18,19,3,7,0,0,2,0,0,0,0,1,1,5,6,1,71,10,1498,1,3,VOLVO V40,1,E01011475,0,-1
2021451068669,2021,451068669,2,9,0,18,19,3,7,0,0,3,0,0,0,0,4,1,5,6,2,63,9,1969,2,2,VOLVO V40,9,E01031741,0,-1
2021351016204,2021,351016204,1,9,0,18,19,6,2,0,0,0,0,0,0,0,1,1,6,6,2,32,6,1560,2,7,VOLVO V40,7,E01018085,0,-1
2021061088923,2021,061088923,6,9,0,18,19,7,3,0,0,0,0,0,0,0,2,1,6,6,1,45,7,1969,2,5,VOLVO V40,8,E01006053,0,-1
2021161027085,2021,161027085,2,9,0,18,19,4,8,0,0,8,5,0,1,10,4,1,5,6,1,77,11,1560,2,7,VOLVO V40,7,E01013307,0,-1
2021010343103,2021,010343103,1,9,0,18,19,3,7,0,0,0,0,0,0,0,1,1,6,6,1,58,9,1498,1,6,VOLVO V40,2,E01000789,0,-1
2021141114720,2021,141114720,1,9,0,18,19,1,5,0,0,0,0,0,0,0,1,1,2,2,2,38,7,1969,2,5,VOLVO V40,9,E01025737,0,-1
2021131044121,2021,131044121,2,9,0,18,19,3,7,0,0,0,0,0,0,0,3,1,1,1,1,52,8,1560,2,7,VOLVO V40,-1,-1,0,-1
2021221036645,2021,221036645,1,9,0,18,19,5,1,0,0,0,0,0,0,0,1,1,5,6,1,32,6,1560,2,7,VOLVO V40,2,E01032161,0,-1
2021302101941,2021,302101941,2,9,0,4,4,2,6,0,0,0,0,0,0,0,2,1,6,6,2,37,7,1560,2,6,VOLVO V40,1,E01013570,0,-1
2021010328402,2021,010328402,1,9,0,9,9,5,3,0,0,5,0,0,0,0,1,1,2,2,2,31,6,1969,1,3,VOLVO V40,9,E01003808,0,-1
2021302100951,2021,302100951,1,9,0,1,1,2,6,0,0,0,0,0,0,0,2,1,6,6,1,64,9,1969,2,5,VOLVO V40,5,E01019623,0,-1
2021991022211,2021,991022211,2,9,0,2,2,0,0,0,0,0,0,0,0,0,1,1,6,6,3,-1,-1,1560,2,8,VOLVO V40,-1,-1,0,-1
2021201110433,2021,201110433,3,9,0,2,2,0,0,0,0,0,0,0,0,0,2,1,6,6,1,68,10,1984,2,8,VOLVO V40,-1,-1,0,-1
2021351116132,2021,351116132,3,9,0,2,2,0,0,0,0,1,0,0,0,0,1,1,5,6,3,-1,-1,1969,2,3,VOLVO V40,-1,-1,0,-1
2021231027265,2021,231027265,1,9,0,18,19,8,4,0,0,0,0,0,1,10,3,1,5,6,1,30,6,1969,2,6,VOLVO V40,-1,-1,0,-1
2021430523065,2021,430523065,2,9,0,18,19,6,2,0,0,2,0,0,0,0,1,1,6,6,1,-1,-1,1498,1,5,VOLVO V40,-1,-1,0,-1
2021401028866,2021,401028866,2,9,0,9,9,4,2,0,0,1,0,0,0,0,4,1,5,6,1,38,7,1969,1,6,VOLVO V40,8,E01023625,0,-1
2021461078438,2021,461078438,2,9,0,18,19,5,1,0,0,0,1,0,0,0,3,1,6,6,1,22,5,1498,1,5,VOLVO V40,10,E01024733,0,-1
2021211071232,2021,211071232,3,9,0,18,19,5,2,0,0,0,0,0,0,0,4,1,2,2,1,58,9,1969,1,5,VOLVO V40,4,E01010361,0,-1
2021122101028,2021,122101028,1,9,0,18,19,4,8,0,0,8,0,0,0,0,4,1,6,6,3,61,9,1560,2,6,VOLVO V40,7,E01013406,0,-1
2021461046970,2021,461046970,1,9,0,4,4,8,4,0,0,0,0,0,0,0,1,1,6,6,2,43,7,1969,2,6,VOLVO V40,2,E01017594,0,-1
2021411105559,2021,411105559,4,9,0,18,19,3,7,0,0,0,0,0,0,0,0,1,5,6,1,49,8,1498,1,3,VOLVO V40,7,E01020480,0,-1
2021320720859,2021,320720859,2,9,0,3,3,2,6,0,0,1,0,0,0,0,2,1,6,6,1,34,6,1969,2,4,VOLVO V40,7,E01026053,0,-1
2021138410325,2021,138410325,2,9,0,18,19,1,5,0,0,8,0,0,0,0,1,1,6,6,1,70,10,1969,2,3,VOLVO V40,6,E01027736,0,-1
2021430483514,2021,430483514,2,9,0,18,19,5,1,0,0,0,0,0,1,0,1,1,6,6,1,63,9,1560,2,6,VOLVO V40,8,E01028766,0,-1
2021421059134,2021,421059134,4,9,0,18,19,7,3,0,0,0,0,0,0,0,0,1,6,6,2,60,9,1969,1,3,VOLVO V40,10,E01025794,0,-1
2021991011441,2021,991011441,2,9,0,18,19,4,8,0,0,1,0,0,0,0,1,1,5,6,2,19,4,1969,1,3,VOLVO V40,8,-1,0,-1
2021552101312,2021,552101312,1,9,0,7,7,2,5,0,0,6,0,0,0,0,4,1,6,6,1,63,9,1498,1,2,VOLVO V40,10,E01015401,0,-1
2021131032515,2021,131032515,2,9,0,18,19,1,5,0,0,8,0,0,0,0,1,1,5,6,1,70,10,1969,2,3,VOLVO V40,6,E01027736,0,-1
2021421045602,2021,421045602,1,9,0,18,19,7,3,0,0,8,0,0,0,0,4,1,6,6,1,59,9,1984,2,7,VOLVO V40,9,E01015857,0,-1
2021471032048,2021,471032048,1,9,0,7,7,8,8,0,0,5,0,0,0,0,1,1,6,6,1,71,10,1870,2,17,VOLVO V40,10,E01021052,0,-1
2021211047038,2021,211047038,3,9,0,4,4,5,1,0,0,0,0,0,0,0,4,1,6,6,2,41,7,1969,1,5,VOLVO V40,7,E01014362,0,-1
2021161044592,2021,161044592,2,9,0,9,9,6,2,0,0,8,0,0,0,0,1,1,2,2,2,30,6,1969,1,5,VOLVO V40,1,E01013312,0,-1
2021991097910,2021,991097910,3,9,0,3,3,5,1,0,0,1,0,0,0,0,2,1,2,2,2,56,9,1560,2,6,VOLVO V40,9,-1,0,-1
2021991035496,2021,991035496,3,9,0,3,3,7,3,0,0,0,0,0,0,0,2,1,5,6,2,64,9,1969,2,5,VOLVO V40,10,-1,0,-1
2021010322229,2021,010322229,1,9,0,18,19,7,3,0,0,0,5,10,1,9,3,1,6,6,2,46,8,1560,2,7,VOLVO V40,5,E01001852,0,-1
2021122101138,2021,122101138,2,9,0,18,19,1,5,0,0,0,0,0,0,0,1,1,6,6,1,65,9,1969,2,3,VOLVO V40,8,E01027839,0,-1
2021141055034,2021,141055034,2,9,0,3,3,6,2,0,0,0,0,0,0,0,2,1,6,6,2,45,7,1870,2,21,VOLVO V40,4,E01007460,0,-1
202131B068521,2021,31B068521,1,9,0,18,19,4,8,0,0,0,0,0,0,0,1,1,6,6,2,69,10,1969,2,4,VOLVO V40,10,E01028330,0,-1
2021052101637,2021,052101637,1,9,0,18,19,7,3,0,0,0,0,0,0,0,1,1,6,6,2,39,7,1560,2,7,VOLVO V40,6,E01007163,0,-1
2021052100543,2021,052100543,2,9,0,2,2,0,0,0,0,0,0,0,0,0,1,1,6,6,3,-1,-1,1984,2,8,VOLVO V40,-1,-1,0,-1
202154B591821,2021,54B591821,2,9,0,4,4,1,5,0,0,0,0,0,0,0,2,1,6,6,1,32,6,1560,2,7,VOLVO V40,8,E01022952,0,-1
2021430478310,2021,430478310,1,9,0,17,19,8,5,0,0,0,0,0,1,4,1,1,6,6,1,34,6,1969,2,6,VOLVO V40,5,E01016771,0,-1
2021031046347,2021,031046347,1,9,0,4,4,4,1,9,9,2,0,0,0,0,1,1,5,6,2,61,9,1560,2,7,VOLVO V40,3,E01019194,0,-1
2021451087003,2021,451087003,2,9,0,18,19,7,3,0,0,8,0,0,0,0,0,1,6,6,1,52,8,1984,2,7,VOLVO V40,-1,-1,0,-1
2021111069372,2021,111069372,3,9,0,3,3,5,1,0,0,0,0,0,0,0,2,1,6,6,1,46,8,1969,2,5,VOLVO V40,5,E01020812,0,-1
2021371027634,2021,371027634,2,9,0,18,19,-1,-1,0,0,-1,0,0,0,0,4,1,6,6,1,43,7,1588,1,20,VOLVO V40,1,E01030250,0,-1
2021430580634,2021,430580634,1,9,0,16,19,2,5,0,0,0,2,0,2,4,1,1,6,6,1,50,8,1969,2,5,VOLVO V40,10,E01017406,0,-1
2021471038732,2021,471038732,2,9,0,9,9,2,7,0,0,5,0,0,7,0,4,1,5,6,2,52,8,1969,2,3,VOLVO V40,7,E01022597,0,-1
2021531039699,2021,531039699,1,9,0,18,19,-1,-1,0,0,0,0,0,0,0,1,1,6,6,1,18,4,1560,2,8,VOLVO V40,4,E01030201,0,-1
2021622100039,2021,622100039,2,9,0,4,4,6,2,0,0,0,0,0,0,0,2,1,6,6,2,46,8,1560,2,7,VOLVO V40,6,W01000857,0,-1
2021052102504,2021,052102504,1,9,0,5,5,2,6,0,0,8,0,0,0,0,4,1,6,6,2,53,8,1498,1,4,VOLVO V40,5,E01006687,0,-1
2021401097618,2021,401097618,1,9,0,18,19,3,7,0,0,0,1,0,7,0,0,1,1,1,1,58,9,1969,1,4,VOLVO V40,8,E01023907,0,-1
2021141024056,2021,141024056,2,9,0,18,19,4,8,0,0,8,0,0,0,0,1,1,6,6,2,31,6,1560,2,7,VOLVO V40,1,E01007542,0,-1
2021371108317,2021,371108317,1,9,0,18,19,1,5,0,0,0,0,0,0,0,1,1,2,2,2,56,9,1969,1,4,VOLVO V40,8,E01033445,0,-1
2021552100745,2021,552100745,3,9,0,17,19,6,3,0,0,0,0,0,1,3,1,1,6,6,1,52,8,1587,1,19,VOLVO V40,5,E01029154,0,-1
2021010314111,2021,010314111,1,9,0,99,99,9,9,99,99,9,9,99,9,99,2,9,6,6,2,37,7,1969,1,6,VOLVO V40,3,E01004562,0,-1
2021010333703,2021,010333703,1,9,0,9,9,3,1,0,0,6,0,0,0,0,4,1,6,6,2,44,7,1498,1,4,VOLVO V40,8,E01002925,0,-1
2021131076372,2021,131076372,2,9,0,18,19,7,3,0,0,2,0,0,0,0,4,1,2,2,1,52,8,1969,2,6,VOLVO V40,5,E01011287,0,-1
2021471080458,2021,471080458,2,9,0,4,4,1,5,0,0,0,0,0,0,0,2,1,5,6,2,70,10,1969,2,6,VOLVO V40,7,E01031540,0,-1
2021501026684,2021,501026684,2,9,0,13,13,6,2,0,0,8,0,0,0,0,4,1,5,6,2,27,6,1969,2,4,VOLVO V40,4,E01015042,0,-1
2021161051540,2021,161051540,3,9,0,3,3,6,2,0,0,2,0,0,0,0,2,1,6,6,1,50,8,1969,2,5,VOLVO V40,3,E01015032,0,-1
2021122100509,2021,122100509,2,9,0,3,3,1,5,0,0,4,0,0,0,0,2,1,2,2,2,58,9,1587,1,17,VOLVO V40,8,E01033184,0,-1
2021411029921,2021,411029921,1,9,0,14,14,5,1,0,0,0,0,4,0,0,1,1,5,6,1,23,5,1969,2,3,VOLVO V40,1,E01009360,0,-1
2021520102359,2021,520102359,2,9,0,18,19,8,4,0,0,8,0,0,0,0,1,1,6,6,1,62,9,1969,2,6,VOLVO V40,9,E01033156,0,-1
2021991077430,2021,991077430,1,9,0,16,19,7,2,0,0,0,0,0,0,0,1,1,6,6,1,28,6,1969,2,5,VOLVO V40,9,-1,0,-1
2021052101842,2021,052101842,3,9,0,18,19,3,7,0,0,8,0,0,0,0,3,1,6,6,2,44,7,1560,2,7,VOLVO V40,4,E01006641,0,-1
2021161083566,2021,161083566,2,9,0,1,1,3,7,0,0,2,0,0,0,0,2,1,6,6,3,-1,-1,1560,2,8,VOLVO V40,-1,-1,0,-1
2021991093544,2021,991093544,1,9,0,17,19,2,6,0,0,1,0,0,0,0,1,1,6,6,1,43,7,1498,1,3,VOLVO V40,5,-1,0,-1
2021221072292,2021,221072292,1,9,0,18,19,2,6,0,0,1,0,0,0,0,1,1,2,2,2,38,7,1969,1,3,VOLVO V40,9,E01028966,0,-1
2021371145072,2021,371145072,1,9,0,18,19,6,2,0,0,0,0,0,0,0,1,1,5,6,1,74,10,1870,2,19,VOLVO V40,1,E01030021,0,-1
2021131081906,2021,131081906,2,9,0,13,13,1,1,0,0,1,0,0,1,11,1,1,2,2,1,28,6,1969,2,3,VOLVO V40,5,E01011201,0,-1
2021010316401,2021,010316401,1,9,0,9,9,3,1,0,0,5,0,0,0,0,4,1,6,6,1,70,10,1948,1,19,VOLVO V40,-1,-1,0,-1
202163A066721,2021,63A066721,1,9,0,18,19,2,6,0,0,6,0,0,3,1,1,1,6,6,1,20,4,1560,2,8,VOLVO V40,10,W01001006,0,-1
2021122100534,2021,122100534,2,9,0,18,19,3,7,0,0,8,0,0,1,0,3,1,6,6,1,31,6,1969,2,6,VOLVO V40,4,E01027779,0,-1
2021430523193,2021,430523193,1,9,0,3,3,4,8,0,0,6,0,0,0,0,4,1,1,1,2,42,7,1969,2,7,VOLVO V40,-1,-1,0,-1
2021010314704,2021,010314704,2,9,0,4,4,5,1,0,0,3,0,0,0,0,2,1,6,6,2,35,6,1969,2,7,VOLVO V40,6,E01002117,0,-1
2021010311014,2021,010311014,2,9,0,99,99,9,9,99,99,9,9,99,9,99,1,9,6,6,3,-1,-1,1498,1,3,VOLVO V40,-1,-1,0,-1
2021141105465,2021,141105465,2,9,0,18,19,1,5,0,0,6,0,0,0,0,1,1,6,6,1,74,10,1783,1,19,VOLVO V40,8,E01007678,0,-1
2021131107984,2021,131107984,1,9,0,18,19,6,1,0,0,0,0,0,0,0,1,1,5,6,1,33,6,1984,2,7,VOLVO V40,10,E01011948,0,-1
202163A015621,2021,63A015621,1,9,0,5,5,7,2,0,0,0,0,0,0,0,4,1,6,6,1,64,9,1870,2,17,VOLVO V40,6,W01000701,0,-1
2021522102348,2021,522102348,1,9,0,18,19,5,1,0,0,1,0,0,0,0,2,1,6,6,2,32,6,1969,2,5,VOLVO V40,8,E01014723,0,-1
2021451069125,2021,451069125,2,9,0,18,19,7,3,0,0,0,0,0,1,0,1,1,1,1,1,29,6,1498,1,3,VOLVO V40,9,E01030453,0,-1
2021201144720,2021,201144720,1,9,0,18,19,2,6,0,0,2,0,0,0,0,1,1,6,6,1,69,10,1783,1,20,VOLVO V40,3,E01010458,0,-1
2021461050763,2021,461050763,2,9,0,18,19,5,1,0,0,0,0,0,1,0,0,1,6,6,2,32,6,1560,2,9,VOLVO V40,6,E01024038,0,-1
2021010327404,2021,010327404,1,8,0,99,99,9,9,99,99,9,9,99,9,99,9,9,6,6,3,-1,-1,1984,2,8,VOLVO V40,3,E01009003,0,-1
2021520104108,2021,520104108,2,9,0,17,19,1,7,0,0,0,0,0,0,0,1,1,6,6,1,30,6,1588,1,22,VOLVO V40,6,E01029321,0,-1
2021440240620,2021,440240620,1,9,0,10,10,1,7,0,0,1,0,0,0,0,2,1,2,2,2,53,8,1969,2,5,VOLVO V40,9,E01022989,0,-1
2021361028961,2021,361028961,2,9,0,1,1,7,1,0,0,0,0,0,0,0,4,1,5,6,1,59,9,1969,2,5,VOLVO V40,3,E01026684,0,-1
2021141100869,2021,141100869,1,9,0,9,9,3,8,0,0,2,0,0,0,0,3,1,2,2,1,47,8,1560,2,6,VOLVO V40,8,E01008149,0,-1
2021231049249,2021,231049249,1,9,0,4,4,1,7,0,0,6,0,0,0,0,2,1,5,6,1,80,11,1969,1,6,VOLVO V40,9,E01018581,0,-1
202131C101121,2021,31C101121,1,9,0,3,3,4,8,0,0,1,0,0,0,0,4,1,2,2,1,31,6,1984,2,8,VOLVO V40,6,E01027925,0,-1
2021361059643,2021,361059643,2,9,0,18,19,7,3,0,0,0,0,0,0,0,2,1,6,6,2,44,7,1560,2,6,VOLVO V40,2,E01033436,0,-1
2021201102545,2021,201102545,1,9,0,1,1,1,5,0,0,6,0,0,0,0,2,1,6,6,1,-1,-1,1560,2,7,VOLVO V40,-1,-1,0,-1
2021101054119,2021,101054119,3,9,0,3,3,3,7,0,0,1,0,0,0,0,2,1,6,6,1,63,9,1969,1,4,VOLVO V40,5,E01008741,0,-1
2021111048346,2021,111048346,2,9,0,18,19,7,3,0,0,1,0,0,0,0,4,1,5,6,1,46,8,1969,1,6,VOLVO V40,9,E01020664,0,-1
2021371120457,2021,371120457,3,9,0,4,4,1,7,0,0,1,0,0,0,0,0,1,6,6,2,29,6,1560,2,6,VOLVO V40,4,E01030263,0,-1
2021231111387,2021,231111387,2,9,0,4,4,6,2,0,0,1,0,0,0,0,2,1,5,6,2,19,4,1560,2,6,VOLVO V40,5,E01031169,0,-1
2021131105767,2021,131105767,1,9,0,9,9,5,3,0,0,0,0,0,0,0,1,1,1,1,2,34,6,1560,2,6,VOLVO V40,7,E01027645,0,-1
2021201077750,2021,201077750,1,9,0,16,19,7,1,0,0,8,1,0,0,0,1,1,6,6,1,39,7,1969,1,3,VOLVO V40,10,E01010187,0,-1
2021131085491,2021,131085491,1,9,0,18,19,3,7,0,0,0,0,0,0,0,4,1,5,6,1,88,11,1498,1,3,VOLVO V40,5,E01010795,0,-1
2021010333091,2021,010333091,1,9,0,7,7,1,2,0,0,8,0,0,0,0,3,1,6,6,1,62,9,1969,1,5,VOLVO V40,1,E01001431,0,-1
2021371035580,2021,371035580,2,9,0,3,3,6,2,0,0,1,0,0,0,0,2,1,2,2,1,34,6,1969,2,6,VOLVO V40,6,E01030245,0,-1
2021991076854,2021,991076854,2,9,0,2,2,2,6,0,0,0,0,4,0,0,2,1,5,6,1,52,8,1560,2,7,VOLVO V40,4,-1,0,-1
2021231082631,2021,231082631,2,9,0,4,4,8,4,0,0,0,0,0,0,0,2,1,5,6,2,29,6,1969,1,2,VOLVO V40,5,E01031056,0,-1
2021041084996,2021,041084996,1,9,0,4,4,7,3,0,0,1,0,0,0,0,2,2,5,6,1,36,7,1984,2,8,VOLVO V40,8,E01006403,0,-1
2021411118716,2021,411118716,2,9,0,18,19,5,1,0,0,0,1,0,1,0,2,1,5,6,1,43,7,1783,1,20,VOLVO V40,6,E01000231,0,-1
2021061028073,2021,061028073,1,9,0,2,2,1,1,0,0,0,0,0,0,0,2,1,6,6,3,30,6,1560,2,8,VOLVO V40,-1,-1,0,-1
2021231128142,2021,231128142,1,9,0,18,19,5,1,0,0,0,0,0,0,0,1,1,5,6,2,50,8,1498,1,2,VOLVO V40,10,E01031289,0,-1
2021351079958,2021,351079958,2,9,0,18,19,3,8,0,0,1,0,0,0,0,2,1,2,2,1,34,6,1560,2,7,VOLVO V40,5,E01017945,0,-1
2021161083186,2021,161083186,1,9,0,7,7,5,6,0,0,6,0,0,0,0,1,1,6,6,2,26,6,1969,1,5,VOLVO V40,1,E01012780,0,-1
2021010310363,2021,010310363,2,9,0,7,7,7,1,0,0,6,0,0,0,0,1,1,6,6,3,22,5,1969,2,2,VOLVO V40,-1,-1,0,-1
2021501021538,2021,501021538,1,9,0,18,19,3,1,0,0,1,0,0,0,0,4,1,1,1,2,62,9,1969,2,3,VOLVO V40,8,E01019890,0,-1
2021991024309,2021,991024309,2,9,0,4,4,8,5,0,0,0,0,0,0,0,2,1,2,2,2,48,8,1969,1,3,VOLVO V40,10,-1,0,-1
2021430501901,2021,430501901,3,9,0,10,10,3,1,0,0,1,0,0,0,0,2,1,6,6,2,32,6,1560,2,6,VOLVO V40,4,E01016829,0,-1
2021371030325,2021,371030325,1,9,0,5,5,8,4,0,0,0,0,0,0,0,-1,1,6,6,1,43,7,1588,1,20,VOLVO V40,1,E01030250,0,-1
2021451022311,2021,451022311,2,9,0,4,4,5,1,0,0,0,5,0,8,4,1,1,5,6,2,28,6,1969,2,3,VOLVO V40,5,E01030814,0,-1
202163D065921,2021,63D065921,1,9,0,18,19,1,5,0,0,2,0,0,0,0,1,1,6,6,2,52,8,1560,2,9,VOLVO V40,8,W01000472,0,-1
2021531109451,2021,531109451,2,9,0,18,19,6,2,0,0,0,0,0,0,0,1,1,1,1,1,60,9,1560,2,6,VOLVO V40,10,E01022367,0,-1
2021031095467,2021,031095467,2,9,0,17,19,1,6,0,0,1,0,0,0,0,1,1,1,1,2,37,7,1969,2,4,VOLVO V40,5,E01019225,0,-1
2021052100604,2021,052100604,2,9,0,18,19,9,9,0,0,8,0,0,0,0,9,1,6,6,2,24,5,1560,2,7,VOLVO V40,2,E01006785,0,-1
2021501102047,2021,501102047,3,9,0,17,19,3,7,0,0,0,0,0,0,0,1,1,6,6,1,55,8,1984,2,6,VOLVO V40,5,E01020149,0,-1
2021991047623,2021,991047623,1,9,0,18,19,7,1,0,0,8,1,0,3,0,3,1,6,6,1,22,5,1870,2,18,VOLVO V40,1,-1,0,-1
2021010297460,2021,010297460,1,9,0,3,3,7,3,0,0,3,0,0,0,0,1,1,6,6,2,53,8,1498,1,2,VOLVO V40,10,E01002476,0,-1
2021211148180,2021,211148180,1,9,0,18,19,4,8,0,0,1,0,0,0,0,-1,1,6,6,2,67,10,1560,2,6,VOLVO V40,7,E01029585,0,-1
2021531099718,2021,531099718,1,9,0,18,19,2,6,0,0,0,0,0,0,0,4,1,6,6,1,-1,-1,1560,2,8,VOLVO V40,-1,-1,0,-1
2021351037769,2021,351037769,1,9,0,16,19,7,3,0,0,0,0,0,7,10,1,1,6,6,2,66,10,1498,1,3,VOLVO V40,8,E01018197,0,-1
2021552200122,2021,552200122,2,9,0,18,19,1,5,0,0,0,0,0,0,0,1,1,6,6,1,23,5,1560,2,8,VOLVO V40,5,E01020577,0,-1
2021501089355,2021,501089355,1,9,0,5,5,1,5,0,0,1,0,0,0,0,1,1,5,6,2,42,7,1834,1,18,VOLVO V40,3,E01018815,0,-1
2021320269745,2021,320269745,2,9,0,4,4,2,6,0,0,0,0,0,0,0,0,1,6,6,1,65,9,1969,2,5,VOLVO V40,9,E01026234,0,-1
2021010299220,2021,010299220,1,9,0,9,9,7,5,0,0,8,0,0,0,0,3,1,6,6,1,59,9,1783,1,17,VOLVO V40,6,E01000585,0,-1
2021010315863,2021,010315863,1,9,0,3,3,2,6,0,0,0,0,4,0,0,3,1,6,6,1,37,7,1969,2,4,VOLVO V40,9,E01003882,0,-1
2021351131508,2021,351131508,2,9,0,9,9,2,8,0,0,8,0,0,0,0,1,1,5,6,2,29,6,1560,2,6,VOLVO V40,3,E01018109,0,-1
2021440495523,2021,440495523,2,9,0,18,19,1,5,0,0,0,0,0,0,0,1,1,6,6,1,18,4,1870,2,18,VOLVO V40,9,E01022943,0,-1
2021552100831,2021,552100831,1,9,0,7,7,2,5,0,0,4,0,0,0,0,0,1,6,6,2,75,10,1969,2,4,VOLVO V40,4,E01015276,0,-1
2021010322659,2021,010322659,2,9,0,9,9,5,3,0,0,6,0,0,0,0,1,1,1,1,1,27,6,1969,2,6,VOLVO V40,4,E01001704,0,-1
2021131040983,2021,131040983,3,9,0,4,4,5,1,0,0,0,0,0,0,0,2,1,5,6,1,25,5,1560,2,7,VOLVO V40,8,E01011882,0,-1
2021471028304,2021,471028304,3,9,0,3,3,3,7,0,0,1,0,0,0,0,2,2,6,6,1,23,5,1560,2,6,VOLVO V40,6,E01021087,0,-1
2021010330899,2021,010330899,3,9,0,2,2,0,0,0,0,1,0,4,0,0,1,1,6,6,3,-1,-1,1969,1,3,VOLVO V40,-1,-1,0,-1
2021531121611,2021,531121611,3,9,0,4,4,5,1,0,0,0,0,0,0,0,2,1,2,2,2,48,8,1560,2,7,VOLVO V40,10,E01022316,0,-1
202131D062821,2021,31D062821,1,9,0,18,19,5,8,0,0,1,0,10,1,2,1,1,1,1,2,22,5,1969,2,3,VOLVO V40,6,E01028146,0,-1
2021421063508,2021,421063508,2,9,0,18,19,5,1,0,0,1,0,0,0,0,1,1,6,6,1,36,7,1969,1,2,VOLVO V40,5,E01021410,0,-1
2021141090235,2021,141090235,1,9,0,18,19,5,1,6,6,2,0,0,0,0,4,1,3,7,2,34,6,1969,2,7,VOLVO V40,2,E01007965,0,-1
2021221125293,2021,221125293,1,9,0,18,19,1,5,0,0,0,0,0,0,0,4,1,5,6,2,66,10,1783,1,18,VOLVO V40,10,E01028935,0,-1
2021010347062,2021,010347062,1,9,0,99,99,9,9,99,99,0,9,99,9,99,2,9,2,2,1,38,7,1969,1,4,VOLVO V40,3,E01000689,0,-1
2021010314751,2021,010314751,1,9,0,18,19,8,4,0,0,0,0,0,0,0,1,1,6,6,1,29,6,1560,2,7,VOLVO V40,7,E01001026,0,-1
2021010337034,2021,010337034,3,9,0,2,2,0,0,0,0,1,0,0,0,0,2,1,6,6,3,-1,-1,1969,2,7,VOLVO V40,-1,-1,0,-1
2021501031319,2021,501031319,1,9,0,18,19,5,1,0,0,0,2,0,2,0,4,1,6,6,1,26,6,1855,1,22,VOLVO V40,9,E01015121,0,-1
2021471116777,2021,471116777,3,9,0,2,2,0,0,6,6,0,0,0,0,0,3,1,6,6,3,-1,-1,1984,2,6,VOLVO V40,-1,-1,0,-1
2021061077679,2021,061077679,1,9,0,18,19,3,7,0,0,1,0,0,0,0,1,1,6,6,2,28,6,1984,2,8,VOLVO V40,4,E01011075,0,-1
2021451023638,2021,451023638,1,9,0,9,9,3,5,0,0,8,0,0,0,0,1,1,5,6,2,61,9,1560,2,7,VOLVO V40,10,E01030506,0,-1
2021451064821,2021,451064821,1,9,0,18,19,7,3,0,0,0,0,0,0,0,2,1,5,6,2,37,7,1560,2,8,VOLVO V40,10,E01022473,0,-1
2021010289383,2021,010289383,2,9,0,99,99,9,9,0,0,9,0,0,0,0,4,9,6,6,3,-1,-1,1560,2,8,VOLVO V40,-1,-1,0,-1
2021122100772,2021,122100772,1,9,0,3,3,3,7,0,0,0,0,0,0,0,1,1,6,6,1,33,6,1969,1,4,VOLVO V40,9,E01013431,0,-1
2021461057271,2021,461057271,2,9,0,4,4,1,5,0,0,2,0,0,0,0,3,1,5,6,1,43,7,1969,2,5,VOLVO V40,4,E01024195,0,-1
2021371062883,2021,371062883,1,9,0,18,19,8,3,0,0,0,0,0,0,0,4,1,5,6,1,76,11,1498,1,3,VOLVO V40,-1,-1,0,-1
2021461044643,2021,461044643,1,9,0,9,9,7,3,0,0,6,0,0,0,0,4,1,6,6,1,24,5,1870,2,19,VOLVO V40,3,E01024583,0,-1
2021421101391,2021,421101391,1,9,0,17,19,1,5,0,0,1,0,0,0,0,1,1,1,1,1,25,5,1560,2,8,VOLVO V40,9,E01021681,0,-1
2021041083650,2021,041083650,2,9,0,1,1,7,3,0,0,2,0,0,0,0,2,1,6,6,1,35,6,1560,2,7,VOLVO V40,4,E01025249,0,-1