collision_index,collision_year,collision_ref_no,vehicle_reference,vehicle_type,towing_and_articulation,vehicle_manoeuvre_historic,vehicle_manoeuvre,vehicle_direction_from,vehicle_direction_to,vehicle_location_restricted_lane_historic,vehicle_location_restricted_lane,junction_location,skidding_and_overturning,hit_object_in_carriageway,vehicle_leaving_carriageway,hit_object_off_carriageway,first_point_of_impact,vehicle_left_hand_drive,journey_purpose_of_driver_historic,journey_purpose_of_driver,sex_of_driver,age_of_driver,age_band_of_driver,engine_capacity_cc,propulsion_code,age_of_vehicle,generic_make_model,driver_imd_decile,lsoa_of_driver,escooter_flag,driver_distance_banding
2021622100245,2021,622100245,1,9,0,9,9,4,2,0,0,8,0,0,0,0,1,1,6,6,1,83,11,1332,1,16,MITSUBISHI COLT,6,W01001147,0,-1
2021371093489,2021,371093489,2,9,0,18,19,7,3,0,0,0,0,0,0,0,2,1,2,2,2,56,9,1499,1,13,MITSUBISHI COLT,9,E01030196,0,-1
2021522104769,2021,522104769,2,9,0,18,19,4,8,0,0,0,0,0,0,0,1,1,6,6,1,40,7,1124,1,10,MITSUBISHI COLT,1,W01001607,0,-1
2021010291306,2021,010291306,1,9,0,99,99,9,9,99,99,0,9,99,9,99,1,9,6,6,2,20,4,1124,1,14,MITSUBISHI COLT,5,E01003433,0,-1
2021041038265,2021,041038265,1,9,0,18,19,5,1,0,0,0,5,10,1,0,3,1,5,6,1,18,4,1332,1,15,MITSUBISHI COLT,4,E01025262,0,-1
2021122100765,2021,122100765,1,9,0,18,19,9,9,0,0,0,5,0,7,9,3,1,6,6,1,18,4,1332,1,13,MITSUBISHI COLT,3,E01013335,0,-1
202106F079141,2021,06F079141,2,9,0,18,19,3,7,0,0,5,0,0,0,0,1,1,6,6,1,47,8,1124,1,14,MITSUBISHI COLT,1,E01005203,0,-1
2021501080156,2021,501080156,2,9,0,18,19,5,1,0,0,0,0,0,0,0,1,1,5,6,2,48,8,1597,1,21,MITSUBISHI COLT,3,E01015249,0,-1
2021010322542,2021,010322542,2,9,0,2,2,0,0,0,0,1,0,0,0,0,4,1,6,6,3,-1,-1,1332,1,12,MITSUBISHI COLT,-1,-1,0,-1
2021170M10651,2021,170M10651,2,9,0,9,9,5,1,0,0,8,0,0,0,0,1,1,6,6,1,18,4,1124,1,11,MITSUBISHI COLT,1,E01012068,0,-1
2021041055748,2021,041055748,1,9,0,18,19,3,7,0,0,0,0,11,0,0,4,1,5,6,2,19,4,1499,1,13,MITSUBISHI COLT,8,E01012611,0,-1
2021052101114,2021,052101114,2,9,0,18,19,3,7,0,0,0,0,0,0,0,1,1,6,6,1,59,9,1332,1,15,MITSUBISHI COLT,2,E01006977,0,-1
2021061096680,2021,061096680,3,9,0,2,2,0,0,0,0,0,0,0,0,0,3,1,6,6,3,-1,-1,1124,1,15,MITSUBISHI COLT,-1,-1,0,-1
2021010335529,2021,010335529,2,9,0,3,3,5,1,0,0,1,0,0,0,0,2,1,6,6,2,56,9,1124,1,17,MITSUBISHI COLT,2,E01004398,0,-1
202131D164721,2021,31D164721,1,9,0,9,9,8,6,0,0,5,0,0,0,0,3,1,6,6,2,28,6,1332,1,13,MITSUBISHI COLT,2,E01013852,0,-1
2021111038276,2021,111038276,1,9,0,18,19,1,5,0,0,0,0,12,0,0,1,1,5,6,1,27,6,1332,1,13,MITSUBISHI COLT,7,E01012366,0,-1
2021010306617,2021,010306617,3,9,0,18,19,5,1,0,0,0,0,0,0,0,1,1,6,6,1,36,7,1493,2,16,MITSUBISHI COLT,5,E01001214,0,-1
2021201119099,2021,201119099,1,9,0,5,5,7,3,0,0,0,0,0,0,0,1,1,5,6,1,26,6,1124,1,17,MITSUBISHI COLT,6,E01009699,0,-1
2021010304556,2021,010304556,1,9,0,9,9,3,1,0,0,3,0,0,0,0,1,1,2,2,1,37,7,1332,1,12,MITSUBISHI COLT,9,E01000713,0,-1
2021461058564,2021,461058564,3,9,0,4,4,7,3,0,0,2,0,0,0,0,3,1,5,6,1,32,6,1332,1,13,MITSUBISHI COLT,6,E01000790,0,-1
2021401108871,2021,401108871,2,9,0,4,4,7,1,0,0,0,0,0,0,0,2,1,5,6,1,31,6,1332,1,13,MITSUBISHI COLT,4,E01015798,0,-1
2021161107728,2021,161107728,1,9,0,17,19,7,3,0,0,0,2,0,1,0,4,1,5,6,2,19,4,1332,1,14,MITSUBISHI COLT,8,E01013028,0,-1
2021991047981,2021,991047981,1,9,0,5,5,5,1,0,0,0,0,0,0,0,1,1,5,6,1,33,6,1124,1,14,MITSUBISHI COLT,1,-1,0,-1
2021501096371,2021,501096371,1,9,0,18,19,3,7,0,0,0,2,0,1,7,1,1,5,6,2,28,6,1124,1,12,MITSUBISHI COLT,1,E01015080,0,-1
2021471046227,2021,471046227,1,9,0,17,19,4,8,0,0,0,0,0,7,0,1,1,5,6,1,60,9,1332,1,16,MITSUBISHI COLT,7,E01031407,0,-1
2021041046209,2021,041046209,2,9,0,18,19,1,5,0,0,0,0,0,0,0,1,1,5,6,1,23,5,1124,1,10,MITSUBISHI COLT,1,E01005483,0,-1
202131D177821,2021,31D177821,1,9,0,18,19,8,4,0,0,0,0,0,0,0,1,1,6,6,1,37,7,1332,1,11,MITSUBISHI COLT,8,E01019659,0,-1
2021501049947,2021,501049947,2,9,0,4,4,3,7,0,0,0,0,0,0,0,2,1,6,6,1,31,6,1332,1,11,MITSUBISHI COLT,4,E01015185,0,-1
2021401105178,2021,401105178,2,9,0,8,8,6,8,0,0,1,0,0,0,0,2,1,6,6,1,56,9,1124,1,11,MITSUBISHI COLT,6,E01017481,0,-1
2021501129831,2021,501129831,2,9,0,18,19,5,1,0,0,1,0,0,1,2,1,1,6,6,1,76,11,1124,1,13,MITSUBISHI COLT,8,E01020250,0,-1
2021302100659,2021,302100659,1,9,0,18,19,3,7,0,0,0,5,10,8,11,1,1,6,6,1,23,5,1468,1,14,MITSUBISHI COLT,5,E01011233,0,-1
2021010317090,2021,010317090,1,9,0,9,9,1,7,0,0,8,0,0,0,0,3,2,6,6,1,40,7,1124,1,9,MITSUBISHI COLT,6,E01017781,0,-1
2021010297333,2021,010297333,1,9,0,99,99,9,9,99,99,9,9,99,9,99,2,9,2,2,2,63,9,1499,1,12,MITSUBISHI COLT,5,E01024205,0,-1
2021161106339,2021,161106339,1,9,0,9,9,7,5,0,0,8,0,0,0,0,1,1,6,6,2,-1,-1,1124,1,15,MITSUBISHI COLT,-1,-1,0,-1
2021010348877,2021,010348877,2,9,0,99,99,9,9,99,99,9,9,99,9,99,1,9,6,6,1,19,4,1124,1,16,MITSUBISHI COLT,8,E01024209,0,-1
2021440371104,2021,440371104,2,9,0,4,4,5,1,0,0,1,0,0,0,0,2,1,6,6,2,50,8,1332,1,10,MITSUBISHI COLT,10,E01030898,0,-1
2021461048858,2021,461048858,1,9,0,18,19,4,8,0,0,1,0,0,0,0,4,1,5,6,2,45,7,1332,1,12,MITSUBISHI COLT,4,E01024296,0,-1
2021010332981,2021,010332981,2,9,0,18,19,1,5,0,0,5,0,0,0,0,1,1,6,6,1,39,7,1124,1,14,MITSUBISHI COLT,2,E01004129,0,-1
2021471045620,2021,471045620,2,9,0,18,19,3,7,0,0,1,0,0,0,0,4,1,6,6,2,56,9,1332,1,10,MITSUBISHI COLT,4,E01031786,0,-1
2021501100451,2021,501100451,2,9,0,4,4,2,6,0,0,0,2,0,0,0,2,1,6,6,2,22,5,1332,1,10,MITSUBISHI COLT,6,E01019044,0,-1
2021421106958,2021,421106958,3,9,0,2,2,0,0,0,0,1,0,0,0,0,3,1,6,6,3,-1,-1,1124,1,14,MITSUBISHI COLT,-1,-1,0,-1
2021351149056,2021,351149056,1,9,0,16,19,3,7,0,0,0,2,0,0,0,1,1,6,6,1,40,7,1493,2,14,MITSUBISHI COLT,9,E01015648,0,-1
2021010315747,2021,010315747,2,9,0,9,9,4,1,0,0,1,0,11,0,0,3,1,6,6,2,26,6,1124,1,15,MITSUBISHI COLT,10,E01001108,0,-1
2021610064121,2021,610064121,2,9,0,2,2,0,0,0,0,0,0,0,0,0,3,1,6,6,3,-1,-1,1332,1,12,MITSUBISHI COLT,-1,-1,0,-1
2021541501221,2021,541501221,2,9,0,4,4,6,2,0,0,0,0,0,0,0,2,1,6,6,2,50,8,1597,1,22,MITSUBISHI COLT,2,E01015558,0,-1
2021101030700,2021,101030700,1,9,0,9,9,6,2,0,0,1,0,0,0,0,4,1,3,7,2,41,7,1332,1,11,MITSUBISHI COLT,1,E01008733,0,-1
2021552200013,2021,552200013,1,9,0,18,19,1,5,0,0,0,0,8,0,0,1,1,6,6,1,53,8,1493,2,15,MITSUBISHI COLT,6,E01015368,0,-1
2021122100230,2021,122100230,1,9,0,5,5,3,6,0,0,6,0,0,0,0,1,1,6,6,2,34,6,1332,1,14,MITSUBISHI COLT,5,E01027711,0,-1
2021471081944,2021,471081944,2,9,0,5,5,5,1,0,0,4,0,0,1,0,1,1,5,6,2,54,8,1124,1,14,MITSUBISHI COLT,9,E01031816,0,-1
2021221074694,2021,221074694,1,9,0,18,19,6,2,0,0,0,1,0,7,0,3,1,5,6,1,32,6,1124,1,16,MITSUBISHI COLT,-1,-1,0,-1
2021991022798,2021,991022798,1,9,0,9,9,4,2,0,0,6,0,0,0,0,1,1,6,6,2,29,6,1493,2,13,MITSUBISHI COLT,7,-1,0,-1
2021622100847,2021,622100847,2,9,0,4,4,2,6,0,0,2,0,0,0,0,2,1,2,2,2,42,7,1332,1,10,MITSUBISHI COLT,10,W01001848,0,-1
2021501090562,2021,501090562,1,9,0,13,13,3,7,0,0,0,0,11,0,0,1,1,6,6,2,37,7,1332,1,12,MITSUBISHI COLT,1,E01020094,0,-1
2021010300793,2021,010300793,2,9,0,99,99,9,9,99,99,9,9,99,0,0,1,9,6,6,3,-1,-1,1124,1,14,MITSUBISHI COLT,2,E01003309,0,-1
2021451121387,2021,451121387,1,9,0,18,19,1,5,0,0,0,5,0,0,0,1,1,5,6,2,64,9,1332,1,14,MITSUBISHI COLT,10,E01030331,0,-1
2021471095553,2021,471095553,1,9,0,11,11,3,7,0,0,0,0,0,0,0,4,1,5,6,2,31,6,1124,1,14,MITSUBISHI COLT,4,E01001015,0,-1
2021430144341,2021,430144341,2,9,0,3,3,8,4,0,0,8,0,0,0,0,2,1,6,6,1,45,7,1124,1,15,MITSUBISHI COLT,9,E01016424,0,-1
2021061076576,2021,061076576,1,9,0,18,19,8,3,0,0,1,0,0,0,0,1,1,5,6,2,30,6,1332,1,12,MITSUBISHI COLT,9,E01025441,0,-1
2021141088130,2021,141088130,1,9,0,5,5,1,5,0,0,0,0,0,0,0,1,1,6,6,1,49,8,1124,1,13,MITSUBISHI COLT,6,E01027918,0,-1
2021501134295,2021,501134295,2,9,0,17,19,4,1,0,0,0,0,0,0,0,1,1,6,6,1,79,11,1597,1,20,MITSUBISHI COLT,8,E01032050,0,-1
2021531115160,2021,531115160,1,9,0,9,9,7,3,0,0,1,0,0,0,0,1,1,1,1,1,37,7,1124,1,15,MITSUBISHI COLT,9,E01022100,0,-1
2021540189421,2021,540189421,1,9,0,4,4,3,7,0,0,1,0,0,0,0,2,1,6,6,2,31,6,1298,1,24,MITSUBISHI COLT,4,E01015509,0,-1
2021547471321,2021,547471321,2,9,0,18,19,7,3,0,0,8,0,0,0,0,1,1,6,6,2,28,6,1332,1,10,MITSUBISHI COLT,8,E01014955,0,-1
2021122100635,2021,122100635,2,9,0,7,7,1,5,0,0,1,0,0,0,0,1,1,6,6,3,42,7,1124,1,14,MITSUBISHI COLT,5,E01027826,0,-1
2021471122342,2021,471122342,2,9,0,12,12,6,2,0,0,0,0,0,0,0,2,1,5,6,2,76,11,1332,1,9,MITSUBISHI COLT,7,E01031462,0,-1
2021351076342,2021,351076342,1,9,0,18,19,4,8,0,0,0,0,0,0,0,1,1,5,6,1,34,6,1124,1,15,MITSUBISHI COLT,2,E01015633,0,-1
2021411073872,2021,411073872,3,9,0,3,3,1,5,0,0,0,0,0,0,0,2,1,2,2,1,24,5,1124,1,15,MITSUBISHI COLT,6,E01033308,0,-1
2021552101416,2021,552101416,2,9,0,18,19,7,3,0,0,8,0,0,0,0,4,1,6,6,2,66,10,1124,1,13,MITSUBISHI COLT,8,E01015436,0,-1
2021061108941,2021,061108941,2,9,0,18,19,2,6,0,0,1,0,0,7,11,4,1,5,6,2,39,7,1499,1,15,MITSUBISHI COLT,2,E01006333,0,-1
202134NNC5001,2021,34NNC5001,1,9,0,18,19,5,1,0,0,0,0,0,0,0,1,1,2,2,2,39,7,1332,1,12,MITSUBISHI COLT,1,E01027339,0,-1
2021501101056,2021,501101056,1,9,0,9,9,5,1,0,0,0,0,0,0,0,0,1,5,6,2,34,6,1124,1,15,MITSUBISHI COLT,5,E01019996,0,-1
2021161088318,2021,161088318,2,9,0,7,7,4,6,0,0,1,0,0,0,0,1,1,6,6,2,46,8,1124,1,15,MITSUBISHI COLT,-1,-1,0,-1
2021501040752,2021,501040752,3,9,0,4,4,3,7,0,0,0,1,0,0,0,2,1,6,6,2,59,9,1124,1,17,MITSUBISHI COLT,2,E01015026,0,-1
2021131125617,2021,131125617,1,9,0,5,5,1,5,9,9,0,0,0,0,0,1,2,2,2,1,25,5,1332,1,9,MITSUBISHI COLT,6,E01011551,0,-1
2021546089521,2021,546089521,2,9,0,18,19,3,7,0,0,1,0,0,0,0,3,1,6,6,1,60,9,1493,2,13,MITSUBISHI COLT,9,E01015473,0,-1
2021122100653,2021,122100653,1,9,0,18,19,3,7,0,0,1,0,0,0,0,1,1,2,2,1,46,8,1468,1,16,MITSUBISHI COLT,7,E01027821,0,-1
2021010292060,2021,010292060,2,9,0,99,99,9,9,0,0,6,9,0,0,0,1,9,6,6,3,-1,-1,1332,1,16,MITSUBISHI COLT,-1,-1,0,-1
2021010340441,2021,010340441,2,9,0,99,99,9,9,0,0,8,0,0,0,0,9,9,6,6,3,-1,-1,1332,1,12,MITSUBISHI COLT,-1,-1,0,-1
2021221082795,2021,221082795,1,9,0,9,9,1,7,0,0,6,0,0,0,0,1,1,5,6,1,51,8,1124,1,13,MITSUBISHI COLT,6,E01028970,0,-1
2021991086682,2021,991086682,1,9,0,16,19,7,4,0,0,0,5,10,1,4,1,1,6,6,1,43,7,1124,1,14,MITSUBISHI COLT,1,-1,0,-1
2021430418849,2021,430418849,1,9,0,9,9,2,8,0,0,8,0,0,0,0,1,1,6,6,1,31,6,1332,1,11,MITSUBISHI COLT,3,E01017712,0,-1
2021501062660,2021,501062660,1,9,0,1,1,1,5,0,0,0,0,0,0,0,0,1,6,6,1,55,8,1332,1,12,MITSUBISHI COLT,3,E01018869,0,-1
2021501063588,2021,501063588,2,9,0,18,19,5,1,0,0,3,0,0,0,0,4,1,5,6,2,43,7,1499,1,15,MITSUBISHI COLT,5,E01018791,0,-1
2021430125140,2021,430125140,1,9,0,3,3,1,5,0,0,1,0,0,0,0,2,1,2,2,2,41,7,1332,1,16,MITSUBISHI COLT,6,E01022875,0,-1
2021201099726,2021,201099726,3,9,0,3,3,4,8,0,0,1,0,0,0,0,2,1,6,6,2,-1,-1,1124,1,14,MITSUBISHI COLT,9,E01032894,0,-1
2021041093550,2021,041093550,1,9,0,9,9,5,5,0,0,0,1,6,0,0,1,1,6,6,2,22,5,1332,1,15,MITSUBISHI COLT,8,E01025498,0,-1
2021461028736,2021,461028736,2,9,0,18,19,5,1,0,0,0,0,0,0,0,2,1,6,6,1,52,8,1499,1,12,MITSUBISHI COLT,2,E01024315,0,-1
2021221105600,2021,221105600,2,9,0,9,9,2,8,0,0,4,0,0,0,0,1,1,6,6,1,57,9,1332,1,12,MITSUBISHI COLT,10,E01032284,0,-1
2021451053147,2021,451053147,2,9,0,16,19,7,3,0,0,0,0,0,0,0,4,1,2,2,2,50,8,1124,1,14,MITSUBISHI COLT,5,E01002590,0,-1
2021201137168,2021,201137168,2,9,0,18,19,3,1,0,0,4,0,0,0,0,2,1,6,6,2,34,6,1124,1,15,MITSUBISHI COLT,2,E01008943,0,-1
2021201141182,2021,201141182,1,9,0,9,9,1,7,0,0,6,0,0,0,0,1,1,6,6,1,35,6,1332,1,12,MITSUBISHI COLT,1,E01009212,0,-1
2021501089396,2021,501089396,3,9,0,2,2,0,0,0,0,0,0,0,0,0,2,1,6,6,1,30,6,1298,1,17,MITSUBISHI COLT,2,E01020037,0,-1
2021141077479,2021,141077479,1,9,0,5,5,5,2,0,0,2,0,0,0,0,1,1,5,6,1,79,11,1332,1,16,MITSUBISHI COLT,1,E01007760,0,-1
2021320064253,2021,320064253,1,9,0,18,19,2,6,0,0,0,1,0,1,9,3,1,2,2,2,30,6,1493,2,14,MITSUBISHI COLT,9,E01026263,0,-1
2021010347251,2021,010347251,2,9,0,99,99,9,9,99,99,9,9,99,9,99,9,9,6,6,3,-1,-1,1332,1,14,MITSUBISHI COLT,-1,-1,0,-1
2021501133204,2021,501133204,4,9,0,2,2,0,0,0,0,1,0,0,0,0,4,1,6,6,2,61,9,1124,1,13,MITSUBISHI COLT,4,E01019972,0,-1
2021501031292,2021,501031292,1,9,0,16,19,6,3,0,0,0,2,0,0,0,1,1,5,6,1,52,8,1332,1,10,MITSUBISHI COLT,7,E01020258,0,-1
202163D083921,2021,63D083921,1,9,0,18,19,6,2,0,0,0,2,0,8,4,1,1,6,6,1,33,6,1332,1,14,MITSUBISHI COLT,6,W01000489,0,-1
2021520103469,2021,520103469,1,9,0,18,19,6,2,0,0,0,0,0,1,4,1,1,6,6,1,30,6,1124,1,14,MITSUBISHI COLT,5,E01029229,0,-1
2021430167500,2021,430167500,1,9,0,14,14,3,7,0,0,0,0,0,0,0,1,1,6,6,1,-1,-1,1124,1,14,MITSUBISHI COLT,-1,-1,0,-1
2021622100455,2021,622100455,1,9,0,18,19,6,2,0,0,0,0,0,0,0,1,1,6,6,1,26,6,1124,1,14,MITSUBISHI COLT,10,W01001772,0,-1
2021221020703,2021,221020703,1,9,0,17,19,6,3,0,0,0,1,0,7,0,1,1,2,2,2,48,8,1124,1,14,MITSUBISHI COLT,9,E01032402,0,-1
2021991088499,2021,991088499,1,9,0,18,19,6,1,0,0,1,0,0,0,0,1,1,5,6,2,74,10,1332,1,12,MITSUBISHI COLT,7,-1,0,-1
2021131112399,2021,131112399,1,9,0,18,19,1,5,0,0,0,0,0,0,0,1,1,6,6,3,-1,-1,1332,1,15,MITSUBISHI COLT,-1,-1,0,-1
2021411107260,2021,411107260,2,9,0,18,19,5,1,0,0,0,1,0,1,0,2,1,2,2,2,23,5,1499,1,13,MITSUBISHI COLT,4,E01002551,0,-1
2021351061745,2021,351061745,1,5,0,17,19,6,2,0,0,0,0,0,1,10,4,1,5,6,1,72,10,744,1,15,-1,9,E01021397,0,-1
2021991059941,2021,991059941,1,5,0,16,19,1,5,0,0,0,5,0,8,0,1,1,5,6,1,54,8,744,1,18,-1,6,E01029240,0,-1
2021061076628,2021,061076628,1,9,5,13,13,7,3,0,0,0,0,0,0,0,4,1,6,6,1,48,8,1598,2,7,NISSAN X-TRAIL,6,E01006143,0,-1
2021010335369,2021,010335369,2,9,0,99,99,9,9,99,99,9,9,99,9,99,1,9,6,6,3,-1,-1,1598,2,4,NISSAN X-TRAIL,-1,-1,0,-1
2021041074285,2021,041074285,1,9,0,18,19,1,5,0,0,1,0,0,0,0,1,1,6,6,1,75,10,2184,2,15,NISSAN X-TRAIL,1,E01012649,0,-1
2021501115283,2021,501115283,1,9,0,18,19,7,3,0,0,0,0,0,0,0,1,1,5,6,1,50,8,1332,1,0,NISSAN X-TRAIL,9,E01028663,0,-1
2021170S10931,2021,170S10931,1,9,0,7,7,2,4,0,0,6,0,0,0,0,1,1,6,6,2,35,6,1598,2,6,NISSAN X-TRAIL,8,E01033476,0,-1
2021122100945,2021,122100945,2,9,3,18,19,1,5,0,0,0,0,0,0,0,2,1,6,6,1,43,7,1995,2,13,NISSAN X-TRAIL,4,E01027803,0,-1
2021471058628,2021,471058628,6,9,0,18,19,6,2,0,0,0,0,0,0,0,0,1,5,6,1,36,7,1598,2,5,NISSAN X-TRAIL,9,E01031395,0,-1
2021141120051,2021,141120051,2,9,0,5,5,2,6,0,0,0,0,0,0,0,0,1,6,6,1,-1,-1,1598,2,6,NISSAN X-TRAIL,9,E01007624,0,-1
2021501082324,2021,501082324,2,9,0,18,19,7,3,0,0,8,0,0,0,0,1,1,6,6,1,64,9,1598,2,5,NISSAN X-TRAIL,5,E01018960,0,-1
2021421053473,2021,421053473,1,9,0,9,9,5,3,0,0,1,0,0,0,0,1,1,5,6,1,78,11,2488,1,14,NISSAN X-TRAIL,6,E01021473,0,-1
2021320208663,2021,320208663,1,9,0,9,9,3,1,0,0,8,0,0,0,0,1,1,6,6,2,56,9,1598,2,4,NISSAN X-TRAIL,8,E01026365,0,-1
2021461057538,2021,461057538,1,9,0,18,19,1,5,0,0,0,0,0,0,0,3,1,5,6,2,29,6,1598,2,6,NISSAN X-TRAIL,6,E01024546,0,-1
2021061101535,2021,061101535,2,9,0,9,9,3,1,0,0,1,0,0,0,0,2,1,6,6,2,52,8,1598,2,5,NISSAN X-TRAIL,1,E01033220,0,-1
2021201151216,2021,201151216,1,9,0,7,7,8,2,0,0,6,0,0,0,0,1,1,6,6,2,51,8,1995,2,13,NISSAN X-TRAIL,5,E01008960,0,-1
2021421114909,2021,421114909,2,9,0,18,19,3,7,0,0,1,0,0,0,0,1,1,5,6,1,49,8,1598,2,5,NISSAN X-TRAIL,6,E01021562,0,-1
2021010307772,2021,010307772,1,9,0,99,99,9,9,99,99,9,9,99,9,99,9,9,6,6,1,36,7,1598,2,6,NISSAN X-TRAIL,5,E01001348,0,-1
2021061039089,2021,061039089,1,9,0,13,13,1,1,9,9,2,1,0,7,0,1,1,6,6,1,32,6,1598,2,5,NISSAN X-TRAIL,-1,-1,0,-1
2021201137560,2021,201137560,7,9,0,2,2,0,0,0,0,0,0,0,0,0,2,1,5,6,2,35,6,2184,2,15,NISSAN X-TRAIL,-1,-1,0,-1
2021622100183,2021,622100183,1,9,0,6,6,8,8,0,0,0,0,0,0,0,3,1,2,2,2,42,7,1598,2,4,NISSAN X-TRAIL,2,W01001162,0,-1
2021461093467,2021,461093467,1,9,0,18,19,3,7,0,0,0,0,0,0,0,4,1,6,6,2,50,8,1598,2,5,NISSAN X-TRAIL,4,E01022568,0,-1
2021622100877,2021,622100877,1,9,3,2,2,0,0,0,0,0,0,0,7,4,1,1,6,6,3,-1,-1,1598,2,5,NISSAN X-TRAIL,-1,-1,0,-1
2021361060365,2021,361060365,1,9,0,18,19,1,1,0,0,4,0,0,0,0,3,1,5,6,1,48,8,1598,2,5,NISSAN X-TRAIL,7,E01018300,0,-1
2021451092725,2021,451092725,3,9,0,18,19,6,2,0,0,0,0,0,0,0,1,1,5,6,2,48,8,1332,1,2,NISSAN X-TRAIL,5,E01030974,0,-1
2021201137053,2021,201137053,2,9,0,4,4,4,8,0,0,0,0,0,0,0,1,1,2,2,1,47,8,1618,1,4,NISSAN X-TRAIL,2,E01010343,0,-1
2021131058056,2021,131058056,1,9,0,18,19,5,5,0,0,1,0,0,0,0,1,1,2,2,2,50,8,1995,2,10,NISSAN X-TRAIL,3,E01011868,0,-1
2021302101291,2021,302101291,1,9,0,18,19,5,2,0,0,8,0,0,1,1,1,2,6,6,2,36,7,1598,2,5,NISSAN X-TRAIL,2,E01013588,0,-1
2021302100176,2021,302100176,2,9,0,18,19,2,6,0,0,1,0,0,0,0,3,1,2,2,1,47,8,1598,2,5,NISSAN X-TRAIL,1,E01019728,0,-1
2021451095997,2021,451095997,1,9,0,9,9,3,7,0,0,6,0,0,0,0,4,1,5,6,2,62,9,1998,1,16,NISSAN X-TRAIL,8,E01030698,0,-1
2021430383439,2021,430383439,1,9,0,9,9,8,6,0,0,6,0,0,0,0,1,1,6,6,1,23,5,1995,2,11,NISSAN X-TRAIL,10,E01022546,0,-1
2021552100272,2021,552100272,3,9,0,2,2,0,0,0,0,0,0,0,0,0,3,1,6,6,3,-1,-1,1618,1,5,NISSAN X-TRAIL,-1,-1,0,-1
2021141047494,2021,141047494,2,9,0,4,4,2,6,0,0,0,0,0,0,0,2,1,2,2,1,32,6,1598,2,5,NISSAN X-TRAIL,1,E01007948,0,-1
2021061053352,2021,061053352,2,9,0,18,19,6,2,0,0,1,0,0,0,0,4,1,5,6,3,30,6,1598,2,5,NISSAN X-TRAIL,-1,-1,0,-1
2021041064708,2021,041064708,1,9,0,18,19,7,3,0,0,0,0,0,1,0,1,1,5,6,2,38,7,1995,2,13,NISSAN X-TRAIL,3,E01012623,0,-1
2021161046369,2021,161046369,1,9,0,18,19,5,1,0,0,1,0,0,0,0,1,1,5,6,2,26,6,1598,2,4,NISSAN X-TRAIL,5,E01012772,0,-1
2021430172389,2021,430172389,1,9,0,18,19,8,4,0,0,0,0,0,0,0,1,1,3,7,2,36,7,1598,2,6,NISSAN X-TRAIL,10,E01017819,0,-1
2021451107464,2021,451107464,3,9,0,2,2,0,0,0,0,0,0,0,0,0,2,1,3,7,2,33,6,1598,2,5,NISSAN X-TRAIL,4,E01030702,0,-1
2021361138799,2021,361138799,1,9,0,18,19,6,2,0,0,0,5,0,0,0,1,1,5,6,1,35,6,1995,2,8,NISSAN X-TRAIL,6,E01026431,0,-1
2021010318231,2021,010318231,2,9,0,18,19,1,5,0,0,1,0,0,0,0,3,1,6,6,1,50,8,1995,2,3,NISSAN X-TRAIL,4,E01001023,0,-1
2021302102095,2021,302102095,4,9,0,2,2,0,0,0,0,0,0,0,0,0,3,1,6,6,3,-1,-1,2184,2,18,NISSAN X-TRAIL,-1,-1,0,-1
2021451039861,2021,451039861,1,9,0,16,19,6,2,0,0,0,0,0,0,0,3,1,5,6,1,57,9,1995,2,3,NISSAN X-TRAIL,9,E01022600,0,-1
2021440067292,2021,440067292,1,9,0,18,19,2,6,0,0,0,1,0,1,4,1,1,2,2,1,40,7,1598,2,6,NISSAN X-TRAIL,6,E01023143,0,-1
2021122101503,2021,122101503,2,9,0,1,1,1,5,0,0,1,0,0,0,0,2,1,6,6,1,20,4,2184,2,14,NISSAN X-TRAIL,10,E01013440,0,-1
2021320370922,2021,320370922,2,9,0,17,19,8,4,0,0,0,0,0,0,0,1,1,6,6,2,50,8,1749,2,1,NISSAN X-TRAIL,5,E01026373,0,-1
2021201108228,2021,201108228,2,9,0,2,2,0,0,0,0,0,0,0,0,0,2,1,5,6,2,-1,-1,1998,1,19,NISSAN X-TRAIL,-1,-1,0,-1
2021010336311,2021,010336311,1,9,0,18,19,6,2,0,0,0,5,4,0,0,1,1,6,6,2,39,7,1618,1,4,NISSAN X-TRAIL,9,E01000382,0,-1
2021451013615,2021,451013615,2,9,0,12,12,5,1,0,0,0,0,0,0,0,3,1,6,6,1,50,8,1749,2,1,NISSAN X-TRAIL,5,E01003842,0,-1
2021531105424,2021,531105424,2,9,0,18,19,3,7,0,0,0,0,0,1,9,1,1,5,6,1,54,8,1995,2,11,NISSAN X-TRAIL,6,E01022226,0,-1
2021531032794,2021,531032794,1,9,0,18,19,1,5,0,0,0,5,0,7,11,3,1,5,6,1,50,8,1998,1,19,NISSAN X-TRAIL,6,E01022225,0,-1
2021552101364,2021,552101364,2,9,0,18,19,3,6,0,0,8,0,0,0,0,1,1,6,6,2,54,8,2184,2,14,NISSAN X-TRAIL,5,E01023061,0,-1
2021010335247,2021,010335247,1,9,0,7,7,5,7,0,0,1,2,0,0,0,4,1,1,1,2,36,7,1598,2,5,NISSAN X-TRAIL,3,E01001661,0,-1