collision_index,collision_year,collision_ref_no,vehicle_reference,vehicle_type,towing_and_articulation,vehicle_manoeuvre_historic,vehicle_manoeuvre,vehicle_direction_from,vehicle_direction_to,vehicle_location_restricted_lane_historic,vehicle_location_restricted_lane,junction_location,skidding_and_overturning,hit_object_in_carriageway,vehicle_leaving_carriageway,hit_object_off_carriageway,first_point_of_impact,vehicle_left_hand_drive,journey_purpose_of_driver_historic,journey_purpose_of_driver,sex_of_driver,age_of_driver,age_band_of_driver,engine_capacity_cc,propulsion_code,age_of_vehicle,generic_make_model,driver_imd_decile,lsoa_of_driver,escooter_flag,driver_distance_banding
2021991041447,2021,991041447,3,9,0,4,4,4,8,0,0,0,0,0,0,0,0,1,5,6,2,56,9,1995,2,13,NISSAN X-TRAIL,5,-1,0,-1
2021421090378,2021,421090378,1,9,0,7,7,4,6,0,0,6,0,0,0,0,3,1,2,2,1,51,8,2184,2,16,NISSAN X-TRAIL,7,E01021950,0,-1
2021320559713,2021,320559713,1,9,0,9,9,6,4,0,0,2,0,0,0,0,3,1,6,6,1,71,10,1995,2,7,NISSAN X-TRAIL,2,E01026101,0,-1
2021440291329,2021,440291329,2,9,0,3,3,3,7,0,0,0,0,0,0,0,2,1,2,2,1,43,7,2184,2,16,NISSAN X-TRAIL,-1,-1,0,-1
2021320137910,2021,320137910,1,9,0,9,9,5,4,0,0,8,0,0,0,0,1,1,3,7,2,33,6,1598,2,4,NISSAN X-TRAIL,8,E01026269,0,-1
2021010303200,2021,010303200,2,9,0,99,99,9,9,99,99,9,9,99,9,99,1,9,6,6,3,-1,-1,1598,2,4,NISSAN X-TRAIL,-1,-1,0,-1
2021440413429,2021,440413429,2,9,0,18,19,1,5,0,0,8,0,0,0,0,1,1,6,6,2,50,8,1618,1,4,NISSAN X-TRAIL,10,E01023248,0,-1
2021010290916,2021,010290916,2,9,0,99,99,9,9,99,99,9,9,99,9,99,2,9,6,6,3,-1,-1,1598,2,5,NISSAN X-TRAIL,2,E01015934,0,-1
2021010350374,2021,010350374,2,9,0,99,99,9,9,99,99,9,9,99,9,99,1,9,6,6,3,-1,-1,2488,1,17,NISSAN X-TRAIL,4,E01000864,0,-1
2021411035533,2021,411035533,3,9,0,3,3,3,7,0,0,2,0,0,0,0,2,1,2,2,1,42,7,1998,1,14,NISSAN X-TRAIL,1,E01002089,0,-1
2021501026980,2021,501026980,1,9,0,18,19,1,5,0,0,1,0,0,0,0,1,1,5,6,1,35,6,1598,2,5,NISSAN X-TRAIL,6,E01020175,0,-1
2021471046186,2021,471046186,3,9,0,2,2,0,0,0,0,2,0,0,0,0,2,1,6,6,3,-1,-1,2184,2,16,NISSAN X-TRAIL,-1,-1,0,-1
2021052100989,2021,052100989,2,9,0,18,19,1,5,0,0,1,0,0,0,0,2,1,6,6,2,32,6,1598,2,7,NISSAN X-TRAIL,1,E01007012,0,-1
2021052100306,2021,052100306,2,9,0,9,9,5,1,0,0,5,0,0,0,0,3,1,6,6,1,60,9,1995,2,14,NISSAN X-TRAIL,4,E01006570,0,-1
2021461038092,2021,461038092,1,10,0,18,19,3,7,0,0,0,0,10,7,0,1,1,5,6,1,80,11,-1,-1,-1,NISSAN X-TRAIL,6,E01016076,0,-1
2021010294337,2021,010294337,2,9,0,18,19,1,5,0,0,0,0,0,0,0,9,1,6,6,3,-1,-1,1618,1,4,NISSAN X-TRAIL,-1,-1,0,-1
2021061103004,2021,061103004,1,9,0,18,19,5,1,0,0,8,0,0,0,0,1,1,2,2,2,41,7,1598,2,5,NISSAN X-TRAIL,4,E01004943,0,-1
2021111128143,2021,111128143,1,9,0,18,19,3,7,0,0,0,0,0,1,0,1,1,6,6,1,58,9,2184,2,17,NISSAN X-TRAIL,6,E01020863,0,-1
2021361115542,2021,361115542,2,9,0,4,4,5,1,0,0,0,0,0,0,0,-1,1,5,6,1,43,7,1995,2,13,NISSAN X-TRAIL,7,E01026801,0,-1
2021421059173,2021,421059173,1,9,0,18,19,5,1,0,0,0,0,0,0,0,3,1,3,7,1,40,7,1618,1,3,NISSAN X-TRAIL,8,E01021514,0,-1
2021010300806,2021,010300806,2,9,0,4,4,5,1,0,0,8,0,0,0,0,2,1,6,6,1,56,9,1332,1,2,NISSAN X-TRAIL,8,E01000328,0,-1
2021622100507,2021,622100507,3,9,0,2,2,0,0,0,0,0,0,0,0,0,1,1,6,6,3,-1,-1,1995,2,10,NISSAN X-TRAIL,-1,-1,0,-1
2021991112093,2021,991112093,1,9,0,5,5,1,5,0,0,2,0,0,0,0,1,1,5,6,1,45,7,1598,2,4,NISSAN X-TRAIL,1,-1,0,-1
2021010339222,2021,010339222,1,9,0,99,99,9,9,0,0,4,0,99,0,0,9,9,6,6,1,49,8,1598,2,5,NISSAN X-TRAIL,3,E01003609,0,-1
2021440496949,2021,440496949,1,9,0,2,2,0,0,0,0,0,0,0,1,7,4,1,2,2,1,45,7,1995,2,4,NISSAN X-TRAIL,10,E01022578,0,-1
2021520103734,2021,520103734,2,9,0,18,19,3,7,0,0,8,0,0,0,0,1,1,6,6,2,32,6,1598,2,4,NISSAN X-TRAIL,-1,-1,0,-1
2021461046944,2021,461046944,2,9,0,18,19,5,1,0,0,0,0,0,0,0,1,1,6,6,1,44,7,1598,2,5,NISSAN X-TRAIL,7,E01032829,0,-1
2021161021266,2021,161021266,1,9,0,18,19,2,6,0,0,0,1,0,0,0,1,1,5,6,2,40,7,1598,2,4,NISSAN X-TRAIL,8,E01013102,0,-1
2021421125027,2021,421125027,2,9,0,4,4,6,2,0,0,0,0,0,0,0,2,1,5,6,1,69,10,1598,2,4,NISSAN X-TRAIL,10,E01029903,0,-1
2021451127580,2021,451127580,1,9,0,2,2,0,0,0,0,0,0,0,0,0,3,1,5,6,2,79,11,1995,2,10,NISSAN X-TRAIL,10,E01030897,0,-1
2021991115342,2021,991115342,1,9,0,18,19,2,6,0,0,0,1,0,1,11,4,1,5,6,1,78,11,1995,2,8,NISSAN X-TRAIL,5,-1,0,-1
2021061091342,2021,061091342,2,9,0,4,4,7,3,0,0,0,0,0,0,0,2,1,6,6,2,40,7,1332,1,2,NISSAN X-TRAIL,-1,-1,0,-1
2021461025917,2021,461025917,2,9,0,18,19,4,8,0,0,8,0,0,0,0,4,1,6,6,2,43,7,1995,2,3,NISSAN X-TRAIL,6,E01024704,0,-1
2021991080740,2021,991080740,2,9,0,3,3,6,2,0,0,1,0,0,0,0,2,1,2,2,1,59,9,1598,2,4,NISSAN X-TRAIL,2,-1,0,-1
2021302100370,2021,302100370,1,9,0,18,19,2,6,0,0,0,5,4,0,0,1,1,2,2,1,63,9,1598,2,4,NISSAN X-TRAIL,7,E01013488,0,-1
2021010349529,2021,010349529,2,9,0,99,99,9,9,99,99,0,9,99,9,99,0,9,6,6,3,23,5,1995,2,3,NISSAN X-TRAIL,3,E01004430,0,-1
2021201122170,2021,201122170,1,9,0,6,6,2,8,0,0,0,0,0,0,0,4,1,6,6,2,42,7,1618,1,3,NISSAN X-TRAIL,2,E01009740,0,-1
2021010316832,2021,010316832,1,9,4,13,13,2,6,0,0,0,0,0,0,0,2,1,6,6,1,-1,-1,2184,2,16,NISSAN X-TRAIL,5,E01001652,0,-1
2021520103800,2021,520103800,2,9,0,4,4,5,1,0,0,8,0,0,0,0,2,1,6,6,1,36,7,1598,2,6,NISSAN X-TRAIL,3,W01001632,0,-1
2021440373778,2021,440373778,1,9,0,3,3,2,6,0,0,0,0,0,0,0,2,1,6,6,1,63,9,1598,2,3,NISSAN X-TRAIL,-1,-1,0,-1
2021122101272,2021,122101272,2,9,0,18,19,1,5,0,0,0,2,0,1,7,2,1,6,6,1,45,7,1995,2,9,NISSAN X-TRAIL,3,E01012358,0,-1
2021010338213,2021,010338213,2,9,0,99,99,9,9,99,99,0,9,99,9,99,1,9,6,6,3,-1,-1,1332,1,1,NISSAN X-TRAIL,-1,-1,0,-1
202134NNC0311,2021,34NNC0311,1,9,3,18,19,5,1,0,0,0,0,0,0,0,3,1,6,6,3,-1,-1,2184,2,18,NISSAN X-TRAIL,-1,-1,0,-1
2021991064253,2021,991064253,1,9,0,18,19,1,5,0,0,0,0,0,0,0,1,1,5,6,1,60,9,2184,2,15,NISSAN X-TRAIL,3,-1,0,-1
2021010301897,2021,010301897,1,9,0,99,99,9,9,99,99,9,9,99,9,99,2,9,6,6,1,40,7,1598,2,6,NISSAN X-TRAIL,2,E01004239,0,-1
2021052100830,2021,052100830,1,9,0,18,19,7,3,0,0,8,0,0,0,0,1,1,2,2,2,34,6,1598,2,4,NISSAN X-TRAIL,1,E01005071,0,-1
2021371073901,2021,371073901,2,9,0,18,19,5,1,0,0,8,1,0,1,0,1,1,2,2,2,58,9,2184,2,17,NISSAN X-TRAIL,7,E01030153,0,-1
2021421047288,2021,421047288,1,9,0,18,19,5,1,0,0,0,0,0,0,0,1,1,6,6,2,52,8,1598,2,4,NISSAN X-TRAIL,6,E01022053,0,-1
2021131084550,2021,131084550,2,9,0,18,19,7,3,0,0,0,0,0,1,0,3,1,6,6,1,70,10,1995,2,10,NISSAN X-TRAIL,9,E01026402,0,-1
2021010304056,2021,010304056,2,9,0,7,7,5,7,0,0,1,0,0,0,0,0,1,6,6,2,46,8,1332,1,0,NISSAN X-TRAIL,2,E01004008,0,-1
2021161052686,2021,161052686,1,9,0,9,9,2,8,0,0,8,0,0,0,0,3,1,5,6,1,33,6,1618,1,5,NISSAN X-TRAIL,8,E01012911,0,-1
2021141055234,2021,141055234,1,9,0,3,3,4,8,0,0,0,0,0,0,0,2,1,6,6,2,36,7,1598,2,6,NISSAN X-TRAIL,7,E01007604,0,-1
2021122100607,2021,122100607,2,9,0,18,19,5,1,0,0,1,0,0,0,0,1,1,6,6,1,77,11,2184,2,15,NISSAN X-TRAIL,8,E01027863,0,-1
2021461040329,2021,461040329,1,9,0,18,19,7,3,0,0,0,1,0,0,0,1,1,1,1,1,35,6,1598,2,5,NISSAN X-TRAIL,3,E01024508,0,-1
2021501039952,2021,501039952,1,9,0,18,19,3,7,0,0,1,5,0,3,0,1,1,6,6,1,73,10,2184,2,15,NISSAN X-TRAIL,5,E01020259,0,-1
2021010349802,2021,010349802,2,9,0,99,99,9,9,99,99,9,9,99,9,99,2,9,6,6,2,42,7,1618,1,6,NISSAN X-TRAIL,4,E01003230,0,-1
2021231080128,2021,231080128,2,9,0,18,19,5,1,0,0,0,0,0,0,0,4,1,6,6,2,49,8,1332,1,1,NISSAN X-TRAIL,10,E01022705,0,-1
2021471032799,2021,471032799,2,9,0,18,19,4,1,0,0,0,0,0,0,0,1,1,5,6,1,66,10,1995,2,13,NISSAN X-TRAIL,3,E01021178,0,-1
2021440206034,2021,440206034,1,9,0,9,9,7,4,0,0,8,0,0,0,0,3,1,6,6,1,34,6,1995,2,13,NISSAN X-TRAIL,6,E01031989,0,-1
2021991081951,2021,991081951,1,9,0,3,3,3,6,0,0,1,0,0,0,0,2,1,6,6,2,45,7,1598,2,3,NISSAN X-TRAIL,5,-1,0,-1
2021440501795,2021,440501795,2,9,0,10,10,5,2,0,0,1,0,0,0,0,2,1,6,6,2,53,8,1749,2,1,NISSAN X-TRAIL,7,E01022481,0,-1
2021622100876,2021,622100876,2,9,0,4,4,2,6,0,0,0,0,0,0,0,2,1,2,2,1,42,7,2184,2,17,NISSAN X-TRAIL,1,W01001144,0,-1
2021361085912,2021,361085912,1,9,0,18,19,2,4,0,0,0,0,0,0,0,1,1,5,6,1,73,10,2184,2,14,NISSAN X-TRAIL,6,E01026872,0,-1
2021201110255,2021,201110255,2,9,0,18,19,4,8,0,0,0,0,0,0,0,2,1,5,6,1,34,6,2184,2,15,NISSAN X-TRAIL,1,E01010288,0,-1
2021501080609,2021,501080609,1,9,0,18,19,2,6,0,0,0,0,0,0,0,3,1,5,6,1,58,9,1598,2,4,NISSAN X-TRAIL,8,E01028877,0,-1
2021061097657,2021,061097657,2,9,0,18,19,1,5,0,0,1,0,0,0,0,2,1,6,6,1,31,6,1598,2,4,NISSAN X-TRAIL,7,E01005468,0,-1
2021101060213,2021,101060213,1,9,0,9,9,2,8,0,0,0,1,10,1,2,1,1,2,2,1,57,9,2184,2,16,NISSAN X-TRAIL,8,E01008862,0,-1
2021622100482,2021,622100482,1,9,0,9,9,6,4,0,0,8,0,0,0,0,1,1,6,6,2,42,7,1598,2,5,NISSAN X-TRAIL,5,W01001213,0,-1
2021010291684,2021,010291684,2,9,0,18,19,3,7,0,0,1,0,0,0,0,1,1,6,6,2,41,7,1598,2,3,NISSAN X-TRAIL,7,E01000190,0,-1
2021101031221,2021,101031221,1,9,0,4,4,3,7,0,0,0,0,0,0,0,4,1,1,1,2,32,6,1598,2,5,NISSAN X-TRAIL,-1,-1,0,-1
2021131089742,2021,131089742,1,9,0,18,19,3,7,0,0,2,0,0,0,0,1,1,5,6,1,80,11,1995,2,14,NISSAN X-TRAIL,1,E01025227,0,-1
2021101048620,2021,101048620,2,9,0,18,19,1,5,0,0,1,0,0,0,0,2,1,5,6,1,37,7,1332,1,1,NISSAN X-TRAIL,3,E01008594,0,-1
2021010313671,2021,010313671,1,9,0,99,99,9,9,99,99,9,9,99,9,99,3,9,6,6,1,38,7,1618,1,3,NISSAN X-TRAIL,4,E01003781,0,-1
2021461047423,2021,461047423,1,9,0,18,19,4,8,0,0,1,0,0,0,0,3,1,6,6,1,-1,-1,2184,2,16,NISSAN X-TRAIL,6,E01023988,0,-1
2021101061834,2021,101061834,1,9,0,18,19,3,6,0,0,1,0,0,0,0,3,1,6,6,1,50,8,2184,2,16,NISSAN X-TRAIL,-1,-1,0,-1
2021010297477,2021,010297477,2,9,0,18,19,3,7,0,0,0,0,0,0,0,1,1,6,6,1,70,10,1998,1,20,NISSAN X-TRAIL,2,E01000072,0,-1
2021010333798,2021,010333798,2,9,0,3,3,7,3,0,0,2,0,0,0,0,2,1,6,6,1,34,6,1598,2,5,NISSAN X-TRAIL,4,E01000155,0,-1
2021061053212,2021,061053212,1,9,0,18,19,3,7,0,0,8,0,0,0,0,3,1,5,6,2,33,6,2488,1,18,NISSAN X-TRAIL,3,E01006341,0,-1
2021122100250,2021,122100250,1,9,0,18,19,6,1,0,0,8,0,0,0,0,3,1,6,6,1,50,8,1598,2,4,NISSAN X-TRAIL,9,E01027583,0,-1
2021010300121,2021,010300121,1,9,0,18,19,1,5,0,0,1,0,0,0,0,1,1,6,6,3,-1,-1,1618,1,5,NISSAN X-TRAIL,9,E01002451,0,-1
202163C034321,2021,63C034321,1,9,0,17,19,6,4,0,0,8,0,0,0,0,4,1,6,6,1,80,11,1598,2,4,NISSAN X-TRAIL,-1,-1,0,-1
2021991099094,2021,991099094,1,9,0,6,6,8,8,0,0,4,0,0,0,0,3,1,5,6,2,37,7,1332,1,2,NISSAN X-TRAIL,8,-1,0,-1
2021622100229,2021,622100229,2,9,0,2,2,0,0,0,0,0,0,0,0,0,2,1,6,6,1,68,10,1598,2,4,NISSAN X-TRAIL,7,W01001048,0,-1
2021122100264,2021,122100264,2,9,0,3,3,1,5,0,0,1,0,0,0,0,1,1,6,6,1,70,10,1598,2,4,NISSAN X-TRAIL,4,E01027866,0,-1
2021361105568,2021,361105568,1,9,0,18,19,7,3,0,0,0,0,0,1,4,1,1,5,6,1,57,9,2184,2,18,NISSAN X-TRAIL,1,E01026604,0,-1
2021461095527,2021,461095527,2,9,0,18,19,3,7,0,0,0,0,0,0,0,2,1,5,6,2,30,6,1598,2,6,NISSAN X-TRAIL,4,E01016077,0,-1
2021070326049,2021,070326049,2,9,0,2,2,6,2,0,0,0,0,0,0,0,4,1,6,6,2,34,6,1749,2,2,NISSAN X-TRAIL,1,E01018310,0,-1
2021461127408,2021,461127408,1,9,0,9,9,3,1,0,0,0,0,0,0,0,1,1,6,6,1,41,7,1598,2,5,NISSAN X-TRAIL,2,E01004296,0,-1
2021401125745,2021,401125745,1,9,0,18,19,-1,-1,0,0,1,0,0,0,0,1,1,6,6,3,27,6,2184,2,17,NISSAN X-TRAIL,4,E01017512,0,-1
202134WNC3441,2021,34WNC3441,1,9,0,18,19,5,1,0,0,3,0,0,7,0,1,1,2,2,2,45,7,1598,2,4,NISSAN X-TRAIL,8,E01032975,0,-1
2021622100683,2021,622100683,1,9,0,18,19,4,8,0,0,8,0,0,0,0,1,1,6,6,2,53,8,2184,2,18,NISSAN X-TRAIL,6,W01001147,0,-1
2021131062380,2021,131062380,2,9,0,3,3,7,3,0,0,0,0,0,0,0,2,1,5,6,2,44,7,1598,2,5,NISSAN X-TRAIL,3,E01012860,0,-1
2021411051874,2021,411051874,2,9,0,18,19,-1,-1,0,0,1,0,0,0,0,1,1,6,6,2,62,9,1598,2,3,NISSAN X-TRAIL,4,E01023333,0,-1
2021010332514,2021,010332514,2,9,0,99,99,9,9,99,99,9,9,99,9,99,9,9,6,6,2,-1,-1,1995,2,9,NISSAN X-TRAIL,10,E01030404,0,-1
202134WNC6271,2021,34WNC6271,1,9,0,18,19,7,3,0,0,0,0,0,5,4,3,1,6,6,2,30,6,1598,2,4,NISSAN X-TRAIL,6,-1,0,-1
2021170H10271,2021,170H10271,2,9,0,12,12,6,2,0,0,0,5,0,4,0,0,1,6,6,1,75,10,1598,2,5,NISSAN X-TRAIL,9,E01020756,0,-1
2021302100376,2021,302100376,2,9,0,9,9,4,2,0,0,1,0,0,0,0,3,1,6,6,2,39,7,1598,2,4,NISSAN X-TRAIL,10,E01019756,0,-1
2021461015887,2021,461015887,2,9,0,18,19,1,5,0,0,0,0,0,0,0,3,1,5,6,1,57,9,1995,2,13,NISSAN X-TRAIL,5,E01024654,0,-1
2021461080618,2021,461080618,2,9,0,7,7,5,8,0,0,0,0,0,0,0,1,1,5,6,1,42,7,1598,2,4,NISSAN X-TRAIL,8,E01024259,0,-1
2021440220364,2021,440220364,2,9,0,2,2,0,0,0,0,0,0,0,0,0,3,1,6,6,1,58,9,2184,2,16,NISSAN X-TRAIL,10,E01023117,0,-1
2021461099544,2021,461099544,1,9,0,18,19,1,5,0,0,0,0,0,0,0,1,1,6,6,1,59,9,1995,2,11,NISSAN X-TRAIL,1,E01024666,0,-1
2021010333169,2021,010333169,2,9,0,99,99,9,9,99,99,9,9,99,9,99,9,9,6,6,3,-1,-1,1998,1,17,NISSAN X-TRAIL,5,E01001500,0,-1
2021371080319,2021,371080319,2,9,0,18,19,6,2,0,0,0,0,0,0,0,2,1,5,6,1,55,8,1995,2,4,NISSAN X-TRAIL,6,E01029877,0,-1
2021461088774,2021,461088774,2,9,0,4,4,3,7,0,0,0,0,0,0,0,1,1,5,6,2,48,8,1332,1,0,NISSAN X-TRAIL,9,E01024112,0,-1
2021411084371,2021,411084371,1,9,0,18,19,2,7,0,0,1,1,12,7,4,1,1,2,2,1,53,8,1598,2,6,NISSAN X-TRAIL,9,E01023653,0,-1
2021010333853,2021,010333853,2,9,9,99,99,9,9,99,99,9,9,99,9,99,9,9,6,6,3,-1,-1,1618,1,6,NISSAN X-TRAIL,-1,-1,0,-1
2021201060269,2021,201060269,2,9,0,2,2,0,0,0,0,0,0,0,0,0,3,1,6,6,1,52,8,1598,2,5,NISSAN X-TRAIL,8,E01029509,0,-1
2021010325572,2021,010325572,2,9,0,99,99,9,9,99,99,9,9,99,9,99,9,9,6,6,3,-1,-1,1598,2,5,NISSAN X-TRAIL,-1,-1,0,-1
2021061038392,2021,061038392,1,9,0,18,19,3,7,0,0,8,0,0,0,0,1,1,6,6,1,62,9,1598,2,5,NISSAN X-TRAIL,4,E01006022,0,-1
2021320696302,2021,320696302,1,9,0,18,19,7,3,0,0,8,0,0,0,0,1,1,1,1,1,28,6,1598,2,5,NISSAN X-TRAIL,1,E01013222,0,-1
2021041037047,2021,041037047,1,9,0,13,13,1,5,0,0,2,0,0,0,0,3,1,2,2,1,43,7,1598,2,5,NISSAN X-TRAIL,9,E01025545,0,-1
2021371020554,2021,371020554,1,9,0,18,19,4,8,0,0,0,2,0,1,10,4,1,3,7,2,32,6,2488,1,17,NISSAN X-TRAIL,10,E01030070,0,-1
2021430432817,2021,430432817,1,9,0,18,19,8,4,0,0,8,0,0,0,0,1,1,6,6,2,38,7,2184,2,15,NISSAN X-TRAIL,10,E01017621,0,-1
202131C038021,2021,31C038021,1,9,0,3,3,5,1,0,0,1,0,0,0,0,2,1,2,2,1,55,8,2488,1,18,NISSAN X-TRAIL,5,E01013890,0,-1
2021991061963,2021,991061963,2,9,0,5,5,2,6,0,0,8,0,11,1,11,3,1,6,6,1,77,11,1749,2,1,NISSAN X-TRAIL,8,-1,0,-1
2021311065817,2021,311065817,3,9,0,18,19,5,1,0,0,0,0,0,0,0,1,1,5,6,1,58,9,1995,2,11,NISSAN X-TRAIL,9,E01027014,0,-1
2021010293687,2021,010293687,4,9,0,2,2,0,0,0,0,2,0,0,0,0,2,1,6,6,3,-1,-1,1598,2,4,NISSAN X-TRAIL,-1,-1,0,-1
2021361074035,2021,361074035,1,9,0,18,19,1,5,0,0,1,0,0,0,0,1,1,6,6,1,28,6,2184,2,14,NISSAN X-TRAIL,4,E01026429,0,-1
2021622100861,2021,622100861,1,9,0,5,5,3,7,0,0,4,0,0,0,0,4,1,6,6,2,37,7,1598,2,5,NISSAN X-TRAIL,10,W01001730,0,-1
2021010349290,2021,010349290,2,9,0,1,1,5,1,0,0,0,0,0,0,0,0,1,6,6,2,33,6,1332,1,1,NISSAN X-TRAIL,8,E01003830,0,-1
2021471028353,2021,471028353,2,9,0,18,19,7,3,0,0,8,0,0,0,0,4,1,3,7,2,36,7,1332,1,2,NISSAN X-TRAIL,2,E01020929,0,-1
2021201107297,2021,201107297,2,9,0,18,19,7,3,0,0,8,0,0,0,0,4,1,2,2,1,-1,-1,1598,2,6,NISSAN X-TRAIL,2,E01009348,0,-1
2021531021467,2021,531021467,1,9,0,16,19,3,7,0,0,1,2,0,4,2,3,1,6,6,1,37,7,2184,2,16,NISSAN X-TRAIL,9,E01022443,0,-1
2021320719556,2021,320719556,1,9,0,18,19,8,4,0,0,0,0,0,0,0,0,1,2,2,2,70,10,1995,2,10,NISSAN X-TRAIL,9,E01026406,0,-1
2021131046176,2021,131046176,1,9,0,2,2,3,7,0,0,8,0,0,0,0,3,1,5,6,1,44,7,1598,2,4,NISSAN X-TRAIL,5,E01011666,0,-1
2021061039052,2021,061039052,2,9,0,18,19,1,1,0,0,8,0,0,0,0,3,1,6,6,2,26,6,1995,2,4,NISSAN X-TRAIL,7,E01004786,0,-1
2021010347635,2021,010347635,1,9,0,5,5,8,4,0,0,2,0,0,0,0,1,1,6,6,1,42,7,1598,2,5,NISSAN X-TRAIL,10,E01003385,0,-1
2021052102619,2021,052102619,1,9,0,9,9,6,3,0,0,2,0,0,0,0,1,1,6,6,1,57,9,1749,2,1,NISSAN X-TRAIL,2,E01006826,0,-1
2021622100219,2021,622100219,2,9,0,3,3,4,6,0,0,1,0,0,0,0,2,1,2,2,1,71,10,1749,2,2,NISSAN X-TRAIL,4,W01000901,0,-1
2021010335950,2021,010335950,2,9,0,99,99,9,9,99,99,9,9,99,9,99,1,9,6,6,3,-1,-1,1598,2,3,NISSAN X-TRAIL,3,E01004430,0,-1
2021061092105,2021,061092105,1,9,0,18,19,8,4,0,0,0,0,0,0,0,1,1,6,6,1,30,6,1598,2,3,NISSAN X-TRAIL,-1,-1,0,-1
2021351111025,2021,351111025,1,9,0,4,4,6,8,0,0,1,0,0,0,0,1,1,2,2,1,62,9,1598,2,7,NISSAN X-TRAIL,5,E01018233,0,-1
2021440180571,2021,440180571,1,9,0,9,9,5,4,0,0,8,0,0,0,0,0,1,3,7,2,48,8,1598,2,6,NISSAN X-TRAIL,9,E01022782,0,-1
2021010293322,2021,010293322,1,9,0,9,9,2,8,0,0,5,0,0,0,0,1,1,2,2,1,56,9,1598,2,4,NISSAN X-TRAIL,4,E01032742,0,-1
202134NNC0131,2021,34NNC0131,2,9,0,18,19,1,5,0,0,8,0,0,0,0,1,1,6,6,1,66,10,1749,2,2,NISSAN X-TRAIL,7,E01027309,0,-1
2021010289658,2021,010289658,2,9,0,99,99,9,9,99,99,9,9,99,9,99,1,9,6,6,2,45,7,1598,2,4,NISSAN X-TRAIL,2,E01003593,0,-1
2021451116591,2021,451116591,1,9,0,7,7,7,3,0,0,1,0,0,0,0,1,1,1,1,2,41,7,1749,2,2,NISSAN X-TRAIL,2,E01004524,0,-1
2021070855119,2021,070855119,2,9,0,2,2,1,5,9,9,0,0,0,0,0,4,1,3,7,2,35,6,1332,1,0,NISSAN X-TRAIL,6,E01018610,0,-1
2021461073048,2021,461073048,1,9,0,5,5,2,6,0,0,6,0,0,0,0,1,1,6,6,1,47,8,1995,2,4,NISSAN X-TRAIL,10,E01024068,0,-1
2021111048870,2021,111048870,2,9,0,18,19,5,1,0,0,1,5,0,0,0,3,1,5,6,2,73,10,1995,2,10,NISSAN X-TRAIL,2,E01020894,0,-1
2021010308066,2021,010308066,3,9,0,2,2,0,0,0,0,1,0,0,0,0,3,1,6,6,3,-1,-1,1598,2,6,NISSAN X-TRAIL,-1,-1,0,-1
2021131053951,2021,131053951,2,9,0,18,19,1,5,0,0,8,0,0,0,0,3,1,2,2,1,41,7,1598,2,4,NISSAN X-TRAIL,8,E01011118,0,-1
2021421021290,2021,421021290,1,9,0,18,19,2,6,0,0,2,0,0,0,0,1,1,6,6,2,40,7,1332,1,2,NISSAN X-TRAIL,3,E01021859,0,-1
2021991016090,2021,991016090,1,9,0,9,9,4,2,0,0,0,0,0,0,0,1,1,2,2,1,70,10,1998,1,17,NISSAN X-TRAIL,2,-1,0,-1
2021451016180,2021,451016180,1,9,0,17,19,3,7,0,0,1,1,0,8,9,1,1,5,6,2,62,9,2488,1,17,NISSAN X-TRAIL,4,E01030805,0,-1
2021522102781,2021,522102781,2,9,0,18,19,1,5,0,0,1,0,0,0,0,1,1,6,6,1,41,7,1998,1,19,NISSAN X-TRAIL,2,W01001646,0,-1
2021461095078,2021,461095078,2,9,5,2,2,0,0,0,0,0,0,0,0,0,4,1,6,6,3,-1,-1,2184,2,16,NISSAN X-TRAIL,-1,-1,0,-1
2021061039812,2021,061039812,2,9,0,8,8,4,3,0,0,8,0,0,0,0,2,1,6,6,1,37,7,1598,2,5,NISSAN X-TRAIL,3,E01006235,0,-1
2021302100941,2021,302100941,1,9,0,18,19,4,8,0,0,1,0,0,0,0,3,1,6,6,2,54,8,1598,2,5,NISSAN X-TRAIL,9,E01026320,0,-1
2021461127088,2021,461127088,2,9,0,18,19,5,5,0,0,0,0,0,0,0,1,1,5,6,2,51,8,1598,2,3,NISSAN X-TRAIL,7,E01024035,0,-1
2021061027095,2021,061027095,1,9,0,18,19,7,3,0,0,0,0,0,0,0,3,1,6,6,2,39,7,1598,2,6,NISSAN X-TRAIL,-1,-1,0,-1
2021010313699,2021,010313699,1,9,0,9,9,6,4,0,0,1,0,0,0,0,1,1,2,2,2,51,8,1598,2,5,NISSAN X-TRAIL,2,E01001555,0,-1
2021461068745,2021,461068745,1,9,0,9,9,1,5,0,0,5,0,0,0,0,1,1,5,6,2,42,7,1598,2,5,NISSAN X-TRAIL,9,E01016060,0,-1
2021451101858,2021,451101858,1,9,0,9,9,1,5,0,0,0,0,0,0,0,1,1,5,6,2,53,8,1998,1,19,NISSAN X-TRAIL,10,E01030624,0,-1
2021501016284,2021,501016284,1,9,0,14,14,5,1,0,0,0,0,0,0,0,1,1,6,6,1,22,5,2184,2,15,NISSAN X-TRAIL,1,E01015196,0,-1
2021552101066,2021,552101066,1,9,0,12,12,2,7,0,0,8,0,0,0,0,3,1,6,6,1,73,10,1995,2,9,NISSAN X-TRAIL,7,E01021088,0,-1
2021221066107,2021,221066107,1,9,0,8,8,4,7,0,0,1,0,0,0,0,2,1,5,6,2,38,7,1598,2,6,NISSAN X-TRAIL,6,E01009217,0,-1
2021070536151,2021,070536151,2,9,0,4,4,3,7,0,0,1,0,0,0,0,2,1,6,6,2,35,6,1598,2,3,NISSAN X-TRAIL,10,E01007189,0,-1