collision_index,collision_year,collision_ref_no,vehicle_reference,vehicle_type,towing_and_articulation,vehicle_manoeuvre_historic,vehicle_manoeuvre,vehicle_direction_from,vehicle_direction_to,vehicle_location_restricted_lane_historic,vehicle_location_restricted_lane,junction_location,skidding_and_overturning,hit_object_in_carriageway,vehicle_leaving_carriageway,hit_object_off_carriageway,first_point_of_impact,vehicle_left_hand_drive,journey_purpose_of_driver_historic,journey_purpose_of_driver,sex_of_driver,age_of_driver,age_band_of_driver,engine_capacity_cc,propulsion_code,age_of_vehicle,generic_make_model,driver_imd_decile,lsoa_of_driver,escooter_flag,driver_distance_banding
2021031019191,2021,031019191,1,9,0,18,19,6,2,0,0,0,0,0,0,0,1,1,6,6,1,30,6,2401,2,13,VOLVO S40,2,E01019227,0,-1
2021010312033,2021,010312033,1,9,0,5,5,7,3,0,0,0,0,0,0,0,1,1,6,6,1,74,10,1596,1,13,VOLVO S40,7,E01003903,0,-1
2021010304937,2021,010304937,1,9,0,18,19,7,3,0,0,0,0,0,0,0,2,1,6,6,1,57,9,1998,2,16,VOLVO S40,2,E01003582,0,-1
2021061029840,2021,061029840,1,9,0,9,9,6,4,0,0,8,0,0,0,0,1,1,5,6,1,30,6,1998,2,16,VOLVO S40,9,E01005598,0,-1
2021461078164,2021,461078164,2,4,0,9,9,7,3,0,0,5,0,0,0,0,2,1,6,6,1,62,9,649,1,22,-1,5,E01024032,0,-1
2021010345295,2021,010345295,2,9,0,18,19,7,3,0,0,0,0,0,0,0,2,1,6,6,1,25,5,1995,2,7,BMW 5 SERIES,6,E01002260,0,-1
2021461109143,2021,461109143,1,9,0,5,5,5,1,0,0,0,0,0,0,0,1,1,5,6,1,39,7,2993,2,7,BMW 5 SERIES,8,E01024261,0,-1
202134WNC7281,2021,34WNC7281,1,9,0,9,9,5,3,0,0,5,0,0,7,11,4,1,6,6,1,54,8,1995,2,7,BMW 5 SERIES,9,E01026997,0,-1
2021141128724,2021,141128724,1,9,0,5,5,5,1,0,0,0,1,0,0,0,1,1,5,6,2,30,6,1995,2,16,BMW 5 SERIES,3,E01007637,0,-1
2021471102749,2021,471102749,2,9,0,18,19,6,4,0,0,8,0,0,0,0,4,1,5,6,1,23,5,2979,1,17,BMW 5 SERIES,7,E01031478,0,-1
2021371121348,2021,371121348,1,9,0,17,19,2,7,0,0,0,0,0,0,0,1,1,5,6,1,34,6,1995,2,14,BMW 5 SERIES,8,E01030211,0,-1
2021201133786,2021,201133786,2,9,0,3,3,5,1,0,0,0,0,0,0,0,2,1,1,1,1,44,7,1995,2,11,BMW 5 SERIES,1,E01009329,0,-1
2021010345074,2021,010345074,3,9,0,2,2,0,0,0,0,0,0,0,0,0,0,1,6,6,3,-1,-1,2497,1,16,BMW 5 SERIES,-1,-1,0,-1
2021421016604,2021,421016604,1,9,0,17,19,1,2,0,0,0,1,4,0,0,1,1,6,6,1,31,6,2993,2,14,BMW 5 SERIES,3,E01015956,0,-1
2021010309588,2021,010309588,1,9,0,1,1,7,3,0,0,1,0,0,0,0,2,1,6,6,1,-1,-1,2993,2,15,BMW 5 SERIES,9,E01023580,0,-1
2021010300987,2021,010300987,4,9,0,18,19,7,3,0,0,0,0,0,0,0,0,1,6,6,1,40,7,2993,2,2,BMW 5 SERIES,4,E01000472,0,-1
2021010298509,2021,010298509,1,9,0,3,3,1,5,0,0,2,0,0,0,0,2,1,6,6,1,55,8,1998,1,4,BMW 5 SERIES,10,E01002152,0,-1
2021201132854,2021,201132854,2,9,0,18,19,8,4,0,0,0,0,0,0,0,1,1,6,6,1,-1,-1,2993,2,5,BMW 5 SERIES,-1,-1,0,-1
2021421095978,2021,421095978,1,9,0,7,7,5,7,0,0,3,0,0,0,0,1,1,6,6,1,37,7,1995,2,7,BMW 5 SERIES,9,E01015883,0,-1
2021991023012,2021,991023012,1,9,0,5,5,4,8,0,0,0,0,0,0,0,1,1,5,6,1,31,6,1995,2,8,BMW 5 SERIES,6,-1,0,-1
2021461026720,2021,461026720,1,9,0,13,13,8,4,-1,-1,0,0,0,0,0,4,1,6,6,1,22,5,1995,2,5,BMW 5 SERIES,5,E01024122,0,-1
2021052101775,2021,052101775,1,9,0,18,19,1,5,0,0,1,0,0,0,0,1,1,6,6,1,56,9,1995,2,3,BMW 5 SERIES,1,E01007257,0,-1
2021430177418,2021,430177418,1,9,0,9,9,5,3,0,0,5,0,0,0,0,1,1,1,1,2,40,7,2993,2,11,BMW 5 SERIES,7,E01017800,0,-1
2021351045848,2021,351045848,2,9,0,9,9,5,3,0,0,8,0,0,0,0,0,1,1,1,1,36,7,2993,2,2,BMW 5 SERIES,6,E01018151,0,-1
2021010330417,2021,010330417,2,9,0,99,99,9,9,99,99,9,9,99,9,99,9,9,6,6,3,-1,-1,1998,1,2,BMW 5 SERIES,6,E01003013,0,-1
2021461044658,2021,461044658,1,9,0,18,19,7,3,0,0,0,0,0,0,0,1,1,6,6,1,75,10,2793,1,22,BMW 5 SERIES,1,E01024618,0,-1
2021141089317,2021,141089317,2,9,0,4,4,8,4,0,0,0,0,0,0,0,1,1,1,1,1,54,8,2993,2,2,BMW 5 SERIES,1,E01007902,0,-1
2021170S11931,2021,170S11931,1,9,0,18,19,7,3,0,0,8,0,0,0,0,4,1,1,1,1,34,6,2993,2,6,BMW 5 SERIES,1,E01012088,0,-1
2021471053172,2021,471053172,1,9,0,5,5,7,3,9,9,6,0,0,0,0,4,1,6,6,1,-1,-1,1995,2,8,BMW 5 SERIES,4,E01020957,0,-1
2021991109040,2021,991109040,3,9,0,2,2,0,0,6,6,2,0,0,0,0,1,1,5,6,1,41,7,2993,2,16,BMW 5 SERIES,8,-1,0,-1
2021061085195,2021,061085195,2,9,0,4,4,2,6,0,0,0,0,0,0,0,4,1,6,6,1,30,6,1995,2,9,BMW 5 SERIES,4,E01006110,0,-1
2021010334200,2021,010334200,2,9,0,18,19,1,5,0,0,0,0,0,0,0,0,1,1,1,1,35,6,2993,2,1,BMW 5 SERIES,3,E01024372,0,-1
2021010335098,2021,010335098,2,9,0,3,3,7,3,0,0,0,0,0,0,0,3,1,6,6,1,33,6,1995,2,4,BMW 5 SERIES,2,E01004289,0,-1
2021430508977,2021,430508977,2,9,0,18,19,8,6,0,0,6,0,0,0,0,1,1,6,6,1,45,7,2993,2,6,BMW 5 SERIES,6,E01000487,0,-1
2021201080521,2021,201080521,3,9,0,2,2,0,0,0,0,0,0,0,0,0,1,1,5,6,1,63,9,1995,2,7,BMW 5 SERIES,-1,-1,0,-1
2021041087421,2021,041087421,1,9,0,18,19,5,1,0,0,1,0,0,0,0,1,1,1,1,1,41,7,1995,2,15,BMW 5 SERIES,5,E01012700,0,-1
2021201144066,2021,201144066,3,9,0,4,4,2,6,0,0,0,0,0,0,0,2,1,6,6,1,38,7,1995,2,9,BMW 5 SERIES,-1,-1,0,-1
2021010293683,2021,010293683,1,9,0,18,19,1,5,0,0,2,0,0,0,0,2,1,6,6,1,35,6,2993,2,15,BMW 5 SERIES,7,E01002171,0,-1
2021010308898,2021,010308898,2,9,0,2,2,0,0,0,0,2,0,4,0,0,1,1,6,6,3,-1,-1,1995,2,13,BMW 5 SERIES,-1,-1,0,-1
202134WNC5471,2021,34WNC5471,4,9,0,18,19,1,5,0,0,8,0,0,0,0,0,1,6,6,1,37,7,1995,2,9,BMW 5 SERIES,2,E01027161,0,-1
2021010313247,2021,010313247,1,9,0,18,19,7,3,0,0,8,1,0,0,0,4,1,6,6,1,28,6,1995,2,5,BMW 5 SERIES,1,E01024155,0,-1
2021052102078,2021,052102078,1,9,0,18,19,4,8,0,0,1,0,0,0,0,1,1,6,6,1,36,7,1995,2,13,BMW 5 SERIES,2,E01006745,0,-1
2021061079670,2021,061079670,3,9,0,18,19,5,8,0,0,0,0,0,0,0,1,1,6,6,1,42,7,2000,2,10,BMW 5 SERIES,8,E01006315,0,-1
2021201080647,2021,201080647,2,9,0,18,19,2,6,0,0,2,1,0,0,0,3,1,6,6,1,38,7,2993,2,14,BMW 5 SERIES,5,E01010548,0,-1
2021430514256,2021,430514256,2,9,0,18,19,6,4,0,0,8,0,0,0,0,4,1,6,6,1,22,5,1998,1,2,BMW 5 SERIES,5,E01002515,0,-1
2021010343968,2021,010343968,1,9,0,18,19,7,3,0,0,2,0,0,0,0,4,1,6,6,1,72,10,1997,1,8,BMW 5 SERIES,5,E01004486,0,-1
2021522201594,2021,522201594,1,9,0,18,19,2,6,0,0,0,0,0,0,0,2,1,6,6,1,60,9,2993,2,4,BMW 5 SERIES,5,E01032330,0,-1
2021010292438,2021,010292438,3,9,0,18,19,1,5,0,0,0,0,0,0,0,0,1,6,6,1,-1,-1,2993,2,1,BMW 5 SERIES,4,E01001247,0,-1
2021201118833,2021,201118833,1,9,0,9,9,8,6,0,0,6,0,0,0,0,4,1,6,6,3,30,6,1995,2,8,BMW 5 SERIES,-1,-1,0,-1
2021010340711,2021,010340711,2,9,0,99,99,9,9,99,99,9,9,99,9,99,9,9,6,6,1,41,7,2993,2,3,BMW 5 SERIES,4,E01002794,0,-1
2021010323202,2021,010323202,1,9,0,16,19,7,3,0,0,0,0,10,1,11,1,1,6,6,1,34,6,1995,2,8,BMW 5 SERIES,4,E01000068,0,-1
2021522104389,2021,522104389,1,9,0,5,5,5,1,0,0,0,0,0,0,0,1,1,6,6,1,36,7,1995,2,9,BMW 5 SERIES,1,E01014585,0,-1
2021010350398,2021,010350398,2,9,9,99,99,9,9,99,99,0,9,99,9,99,9,9,6,6,3,-1,-1,1995,2,8,BMW 5 SERIES,7,E01004175,0,-1
2021010290636,2021,010290636,2,9,0,16,19,1,5,0,0,1,0,0,0,0,0,1,1,1,1,36,7,2993,2,5,BMW 5 SERIES,4,E01033589,0,-1
2021010344644,2021,010344644,1,9,0,4,4,3,7,0,0,2,0,0,0,0,2,1,6,6,1,34,6,2993,2,4,BMW 5 SERIES,4,E01003766,0,-1
2021041052565,2021,041052565,2,9,0,4,4,5,1,0,0,0,0,0,0,0,2,1,5,6,1,41,7,2993,2,5,BMW 5 SERIES,4,E01033073,0,-1
2021010348418,2021,010348418,2,9,0,18,19,5,1,0,0,0,0,0,0,0,1,1,6,6,3,-1,-1,1995,2,15,BMW 5 SERIES,-1,-1,0,-1
2021010293150,2021,010293150,1,9,0,9,9,7,5,0,0,6,0,0,0,0,3,1,6,6,1,35,6,4398,1,18,BMW 5 SERIES,5,E01002671,0,-1
2021061097515,2021,061097515,1,9,0,14,14,2,6,0,0,0,0,0,0,0,1,1,6,6,3,30,6,1995,2,8,BMW 5 SERIES,-1,-1,0,-1
2021411071943,2021,411071943,1,9,0,17,19,2,7,0,0,8,0,0,0,0,3,1,5,6,1,61,9,2993,2,15,BMW 5 SERIES,5,E01023791,0,-1
2021231099793,2021,231099793,1,9,0,18,19,3,7,0,0,0,1,4,7,4,3,1,5,6,1,25,5,2993,2,18,BMW 5 SERIES,-1,-1,0,-1
2021010351103,2021,010351103,2,9,0,4,4,5,1,0,0,1,0,0,0,0,2,1,6,6,1,58,9,1995,2,8,BMW 5 SERIES,3,E01001359,0,-1
2021010335061,2021,010335061,2,9,0,18,19,3,7,0,0,4,0,0,0,0,3,1,6,6,3,-1,-1,2497,1,14,BMW 5 SERIES,-1,-1,0,-1
2021010293431,2021,010293431,1,9,0,18,19,3,7,0,0,0,0,0,0,0,0,1,1,1,1,41,7,1998,1,1,BMW 5 SERIES,9,E01003356,0,-1
2021061027740,2021,061027740,1,9,0,7,7,1,2,0,0,5,0,0,0,0,4,1,6,6,1,30,6,1995,2,5,BMW 5 SERIES,4,E01005309,0,-1
2021122101032,2021,122101032,2,9,0,4,4,5,1,0,0,1,0,0,0,0,2,1,6,6,2,38,7,2993,2,7,BMW 5 SERIES,-1,-1,0,-1
2021031069975,2021,031069975,1,9,0,18,19,1,5,0,0,0,0,4,0,0,4,1,6,6,1,20,4,1995,2,9,BMW 5 SERIES,4,E01019118,0,-1
2021041103638,2021,041103638,1,9,0,9,9,3,7,0,0,0,0,0,0,0,4,1,5,6,1,21,5,1995,2,7,BMW 5 SERIES,7,E01005014,0,-1
2021010309930,2021,010309930,2,9,0,3,3,5,1,0,0,1,0,0,0,0,1,1,6,6,3,-1,-1,1995,2,13,BMW 5 SERIES,-1,-1,0,-1
2021211104362,2021,211104362,1,9,0,5,5,1,7,0,0,2,0,0,0,0,4,1,5,6,1,34,6,1995,2,3,BMW 5 SERIES,2,E01014309,0,-1
2021010312071,2021,010312071,1,9,0,99,99,9,9,0,0,0,0,0,0,0,4,1,6,6,1,31,6,1995,2,5,BMW 5 SERIES,6,E01003366,0,-1
2021522105709,2021,522105709,3,9,0,2,2,0,0,0,0,2,0,0,0,0,2,1,6,6,1,22,5,2993,2,4,BMW 5 SERIES,3,E01014942,0,-1
2021471050787,2021,471050787,2,9,0,18,19,1,5,0,0,1,0,0,1,10,3,1,5,6,1,44,7,2993,2,4,BMW 5 SERIES,8,E01016981,0,-1
2021411079826,2021,411079826,2,9,0,18,19,6,2,0,0,0,0,4,0,0,1,1,6,6,1,35,6,2993,2,4,BMW 5 SERIES,5,E01002184,0,-1
2021430160912,2021,430160912,2,9,0,3,3,3,7,0,0,1,0,0,0,0,2,1,6,6,1,37,7,2000,2,10,BMW 5 SERIES,1,E01027199,0,-1
2021991076892,2021,991076892,1,8,0,18,19,1,5,0,0,8,0,0,0,0,4,1,1,1,2,45,7,1995,2,7,BMW 5 SERIES,2,-1,0,-1
2021221088734,2021,221088734,2,9,0,2,2,0,0,6,6,0,0,0,0,0,1,1,1,1,1,42,7,2993,2,1,BMW 5 SERIES,-1,-1,0,-1
2021010318554,2021,010318554,1,9,0,18,19,3,7,99,99,9,9,0,0,0,2,1,6,6,1,36,7,1995,2,6,BMW 5 SERIES,3,E01003562,0,-1
2021131108876,2021,131108876,2,9,0,11,11,3,7,0,0,0,0,0,0,0,2,1,1,1,1,28,6,1995,2,15,BMW 5 SERIES,10,E01011088,0,-1
2021501177546,2021,501177546,1,9,0,16,19,8,4,0,0,0,0,11,0,0,1,1,6,6,1,39,7,2171,1,18,BMW 5 SERIES,4,E01018866,0,-1
2021991038955,2021,991038955,2,9,0,2,2,0,0,0,0,1,0,0,0,0,2,1,6,6,3,-1,-1,2494,1,22,BMW 5 SERIES,-1,-1,0,-1
2021461080228,2021,461080228,2,9,0,18,19,8,4,0,0,0,0,0,0,0,1,1,6,6,1,47,8,1998,8,3,BMW 5 SERIES,4,E01024132,0,-1
2021010339306,2021,010339306,1,9,0,18,19,7,3,0,0,2,0,0,0,0,1,1,6,6,2,28,6,1995,2,8,BMW 5 SERIES,5,E01003713,0,-1
2021061060127,2021,061060127,1,9,0,16,19,4,4,0,0,0,1,7,0,0,1,1,1,1,1,42,7,2993,12,1,BMW 5 SERIES,4,E01005730,0,-1
2021440269545,2021,440269545,1,9,0,12,12,6,2,0,0,0,0,0,0,0,3,1,6,6,1,33,6,1995,2,12,BMW 5 SERIES,8,E01022813,0,-1
2021041106179,2021,041106179,2,9,0,18,19,1,1,0,0,1,0,0,0,0,1,1,6,6,1,43,7,2993,2,14,BMW 5 SERIES,10,E01025255,0,-1
2021010329292,2021,010329292,1,9,0,5,5,0,5,0,0,0,0,0,0,0,3,1,6,6,1,44,7,1998,8,4,BMW 5 SERIES,7,E01002819,0,-1
2021302100501,2021,302100501,1,9,0,18,19,8,2,0,0,4,0,0,0,0,1,1,6,6,1,27,6,1995,2,14,BMW 5 SERIES,2,E01032873,0,-1
2021010345295,2021,010345295,4,9,0,18,19,7,3,0,0,0,0,0,0,0,1,1,6,6,1,22,5,1995,2,4,BMW 5 SERIES,3,E01015956,0,-1
2021010311791,2021,010311791,2,9,0,18,19,5,1,0,0,1,0,0,0,0,0,1,6,6,1,29,6,2993,2,1,BMW 5 SERIES,4,E01003666,0,-1
2021010347226,2021,010347226,1,9,0,18,19,5,1,0,0,0,0,0,0,0,1,1,6,6,1,24,5,1995,2,10,BMW 5 SERIES,2,E01001487,0,-1
2021010347657,2021,010347657,1,9,0,9,9,8,6,0,0,1,0,0,0,0,1,1,6,6,1,36,7,1995,2,7,BMW 5 SERIES,3,E01003606,0,-1
2021201019049,2021,201019049,3,9,0,18,19,3,7,0,0,1,0,0,0,0,1,1,2,2,1,27,6,2993,2,9,BMW 5 SERIES,7,E01029396,0,-1
2021070885156,2021,070885156,1,9,0,18,19,6,2,0,0,0,0,0,0,0,0,1,6,6,1,66,10,2993,2,14,BMW 5 SERIES,2,E01018710,0,-1
2021471116858,2021,471116858,1,9,0,5,5,1,5,8,6,0,0,0,0,0,0,1,1,1,1,-1,-1,2993,12,1,BMW 5 SERIES,6,E01021034,0,-1
2021201070735,2021,201070735,2,9,0,17,19,4,8,0,0,8,0,0,0,0,3,1,6,6,1,49,8,1995,2,7,BMW 5 SERIES,6,E01009976,0,-1
2021501058713,2021,501058713,3,9,0,3,3,7,3,0,0,0,0,0,0,0,2,1,5,6,1,53,8,1995,2,7,BMW 5 SERIES,1,E01013600,0,-1
2021141070212,2021,141070212,4,9,0,18,19,2,6,0,0,0,0,0,0,0,2,1,5,6,1,40,7,1995,2,5,BMW 5 SERIES,8,E01009536,0,-1
2021010318850,2021,010318850,2,9,0,4,4,8,4,0,0,1,0,4,0,0,1,1,6,6,1,-1,-1,1998,8,0,BMW 5 SERIES,-1,-1,0,-1
2021070236406,2021,070236406,2,9,0,10,10,6,2,0,0,1,0,0,0,0,1,1,1,1,2,33,6,1995,2,4,BMW 5 SERIES,-1,-1,0,-1
2021461041261,2021,461041261,2,9,0,18,19,3,7,0,0,0,0,0,0,0,3,1,5,6,1,48,8,1995,2,8,BMW 5 SERIES,7,E01000389,0,-1
2021411118201,2021,411118201,3,9,0,18,19,3,7,0,0,8,0,0,0,0,0,1,1,1,1,39,7,2993,2,1,BMW 5 SERIES,4,E01001247,0,-1
2021451121178,2021,451121178,2,9,0,18,19,6,2,0,0,8,0,0,0,0,2,1,5,6,2,46,8,2993,2,8,BMW 5 SERIES,10,E01030937,0,-1
2021201146441,2021,201146441,1,9,0,18,19,6,2,0,0,4,0,0,0,0,1,1,6,6,2,29,6,1998,8,2,BMW 5 SERIES,3,E01010523,0,-1
2021010302761,2021,010302761,4,9,0,13,13,3,7,0,0,1,1,0,0,0,1,1,6,6,1,-1,-1,2998,1,4,BMW 5 SERIES,-1,-1,0,-1
2021461074283,2021,461074283,2,9,0,13,13,7,3,0,0,0,0,0,7,2,1,1,1,1,1,36,7,2993,2,1,BMW 5 SERIES,3,E01024717,0,-1
2021201054355,2021,201054355,1,9,0,14,14,5,1,0,0,0,0,0,0,0,1,1,6,6,1,46,8,1995,2,11,BMW 5 SERIES,1,E01008938,0,-1
2021010321082,2021,010321082,2,9,0,99,99,9,9,0,0,1,0,0,0,0,9,9,6,6,1,50,8,1995,2,11,BMW 5 SERIES,7,E01000963,0,-1
2021010327418,2021,010327418,1,9,0,18,19,1,5,0,0,1,0,0,0,0,0,1,1,1,1,34,6,2993,2,1,BMW 5 SERIES,7,E01003456,0,-1
2021411036076,2021,411036076,2,9,0,3,3,0,0,0,0,1,0,0,0,0,2,1,6,6,1,33,6,1995,2,15,BMW 5 SERIES,10,E01023670,0,-1
2021302101786,2021,302101786,1,9,0,18,19,6,2,0,0,8,0,0,0,0,1,1,6,6,1,66,10,2171,1,20,BMW 5 SERIES,1,E01013566,0,-1
2021010329491,2021,010329491,1,9,0,13,13,5,1,0,0,1,0,0,0,0,1,1,6,6,1,41,7,1998,1,2,BMW 5 SERIES,4,E01001484,0,-1
2021421099119,2021,421099119,2,9,0,18,19,5,2,0,0,1,0,0,1,0,1,1,5,6,1,47,8,2998,1,4,BMW 5 SERIES,9,E01015893,0,-1
2021421098134,2021,421098134,1,9,0,4,4,3,7,0,0,0,0,0,0,0,1,1,2,2,2,40,7,2993,12,1,BMW 5 SERIES,6,E01021541,0,-1
2021430507368,2021,430507368,2,9,0,18,19,5,1,0,0,8,0,0,0,0,3,1,6,6,1,-1,-1,1995,2,7,BMW 5 SERIES,-1,-1,0,-1
2021010345553,2021,010345553,1,9,0,18,19,7,3,99,99,8,9,99,9,99,9,9,6,6,1,29,6,1995,2,13,BMW 5 SERIES,3,E01004317,0,-1
2021010314321,2021,010314321,1,9,0,99,99,9,9,99,99,9,9,99,9,99,4,9,6,6,1,50,8,1995,2,8,BMW 5 SERIES,8,E01003679,0,-1
2021010318864,2021,010318864,2,9,0,99,99,9,9,99,99,9,9,99,9,99,9,9,6,6,3,36,7,1998,1,3,BMW 5 SERIES,3,E01003708,0,-1
2021440144989,2021,440144989,1,9,4,18,19,8,4,0,0,0,0,0,0,0,4,1,6,6,3,-1,-1,1995,2,9,BMW 5 SERIES,-1,-1,0,-1
2021221016098,2021,221016098,2,9,0,18,19,6,2,0,0,8,0,0,0,0,1,1,5,6,1,27,6,2497,2,16,BMW 5 SERIES,6,E01032374,0,-1
2021041021448,2021,041021448,1,9,0,18,19,1,5,7,6,0,0,4,1,0,1,1,6,6,3,-1,-1,2993,2,6,BMW 5 SERIES,-1,-1,0,-1
2021010331796,2021,010331796,1,9,0,99,99,9,9,99,99,9,9,99,9,99,2,9,6,6,1,30,6,1998,8,3,BMW 5 SERIES,7,E01000309,0,-1
2021411044352,2021,411044352,2,9,0,18,19,8,3,0,0,0,0,0,0,0,1,1,6,6,1,33,6,2979,1,18,BMW 5 SERIES,5,E01023303,0,-1
2021010309073,2021,010309073,3,9,0,2,2,0,0,0,0,1,0,0,0,0,2,1,6,6,3,-1,-1,2996,1,10,BMW 5 SERIES,-1,-1,0,-1
2021991048054,2021,991048054,1,9,0,12,12,7,3,0,0,0,1,0,1,4,3,1,6,6,1,27,6,1995,2,8,BMW 5 SERIES,2,-1,0,-1
2021161090083,2021,161090083,2,9,0,4,4,7,3,0,0,0,0,0,0,0,2,1,2,2,1,39,7,1995,2,8,BMW 5 SERIES,4,E01013106,0,-1
2021010299254,2021,010299254,1,9,0,99,99,9,9,99,99,0,9,99,9,99,9,9,6,6,1,27,6,2993,2,7,BMW 5 SERIES,2,E01003566,0,-1
2021991048963,2021,991048963,1,9,0,16,19,2,6,0,0,0,1,0,7,0,1,1,5,6,1,25,5,2993,2,4,BMW 5 SERIES,4,E01016829,0,-1
2021451034286,2021,451034286,1,9,0,2,2,0,0,0,0,0,0,0,0,0,3,1,2,2,1,43,7,2497,2,16,BMW 5 SERIES,3,E01030354,0,-1
2021471028642,2021,471028642,2,9,0,18,19,5,1,0,0,0,0,0,0,0,1,1,5,6,1,44,7,2993,2,3,BMW 5 SERIES,-1,-1,0,-1
2021052200032,2021,052200032,1,9,0,9,9,8,4,0,0,5,0,0,0,0,1,1,6,6,1,52,8,1995,2,3,BMW 5 SERIES,7,E01006689,0,-1
2021010345085,2021,010345085,1,9,0,2,2,0,0,0,0,0,0,0,0,0,0,1,6,6,3,-1,-1,1995,2,6,BMW 5 SERIES,-1,-1,0,-1
202131D064621,2021,31D064621,2,9,0,12,12,5,1,0,0,1,0,0,0,0,4,1,6,6,1,33,6,2171,1,18,BMW 5 SERIES,9,E01027250,0,-1
2021010348229,2021,010348229,4,9,0,3,3,3,7,0,0,1,0,0,0,0,2,1,6,6,1,35,6,2993,2,15,BMW 5 SERIES,3,E01024149,0,-1
2021161115173,2021,161115173,1,9,0,9,9,7,3,0,0,8,0,0,0,0,4,2,6,6,1,32,6,1995,2,11,BMW 5 SERIES,1,E01012854,0,-1
2021010329226,2021,010329226,1,9,0,18,19,1,5,0,0,0,0,0,0,0,3,1,1,1,1,36,7,1995,2,4,BMW 5 SERIES,1,E01004250,0,-1
2021010312603,2021,010312603,3,9,0,18,19,3,7,0,0,8,0,0,0,0,0,1,1,1,1,53,8,2993,2,5,BMW 5 SERIES,4,E01003666,0,-1
2021041095705,2021,041095705,1,9,0,18,19,5,5,0,0,1,0,0,0,0,1,1,5,6,1,39,7,2993,2,15,BMW 5 SERIES,5,E01025573,0,-1
2021010295128,2021,010295128,1,9,0,7,7,7,1,0,0,5,0,0,0,0,2,1,6,6,1,37,7,1995,2,9,BMW 5 SERIES,6,E01004501,0,-1
2021201074956,2021,201074956,1,9,0,18,19,7,3,0,0,0,0,0,0,0,4,1,6,6,1,46,8,1995,2,8,BMW 5 SERIES,1,E01009328,0,-1
2021430351114,2021,430351114,2,9,0,4,4,5,1,0,0,0,0,0,0,0,2,1,6,6,1,21,5,1995,2,6,BMW 5 SERIES,2,E01001328,0,-1
2021141045680,2021,141045680,2,9,0,12,12,5,1,0,0,0,5,0,1,0,1,1,5,6,1,33,6,1995,2,10,BMW 5 SERIES,3,E01011139,0,-1
2021501102712,2021,501102712,2,9,0,18,19,3,7,0,0,8,0,0,0,0,4,1,5,6,1,32,6,2497,2,15,BMW 5 SERIES,5,E01018912,0,-1
2021471098147,2021,471098147,1,9,0,18,19,8,3,0,0,0,0,0,0,0,1,1,2,2,1,48,8,1995,2,6,BMW 5 SERIES,8,E01021221,0,-1
2021061036800,2021,061036800,2,9,0,18,19,7,7,0,0,1,0,0,0,0,1,1,6,6,1,44,7,1995,2,13,BMW 5 SERIES,1,E01004818,0,-1
2021461119228,2021,461119228,2,9,0,18,19,4,8,0,0,1,0,0,0,0,1,1,6,6,2,38,7,1995,2,6,BMW 5 SERIES,2,E01016066,0,-1
2021010293027,2021,010293027,1,9,0,99,99,9,9,99,99,9,9,99,9,99,1,9,6,6,3,-1,-1,1995,2,6,BMW 5 SERIES,4,E01001146,0,-1
2021501048581,2021,501048581,1,9,0,18,19,7,3,0,0,0,0,0,0,0,1,1,1,1,1,38,7,1995,12,1,BMW 5 SERIES,8,E01020171,0,-1
2021471095725,2021,471095725,2,9,0,4,4,6,2,0,0,0,0,0,0,0,2,1,2,2,1,27,6,2996,1,13,BMW 5 SERIES,5,E01031501,0,-1
202163D054221,2021,63D054221,1,9,0,18,19,3,7,0,0,0,0,0,0,0,4,1,6,6,1,39,7,2993,2,4,BMW 5 SERIES,9,W01001581,0,-1
2021052100757,2021,052100757,1,9,0,18,19,2,6,0,0,8,0,0,7,2,1,1,6,6,2,36,7,1995,2,5,BMW 5 SERIES,2,E01006797,0,-1
2021061028703,2021,061028703,2,9,0,18,19,5,5,0,0,8,0,0,0,0,1,1,6,6,1,55,8,2494,1,20,BMW 5 SERIES,1,E01005107,0,-1
2021552100739,2021,552100739,1,9,0,18,19,2,6,0,0,0,0,0,0,0,4,1,6,6,1,38,7,1995,2,8,BMW 5 SERIES,3,E01015293,0,-1
2021010319001,2021,010319001,1,9,0,18,19,7,3,0,0,4,0,0,0,0,1,1,6,6,1,30,6,1995,2,5,BMW 5 SERIES,4,E01033082,0,-1
2021991050530,2021,991050530,1,9,0,18,19,3,7,0,0,2,0,0,0,0,1,1,5,6,1,56,9,1995,2,7,BMW 5 SERIES,10,-1,0,-1
2021010317718,2021,010317718,1,9,0,18,19,1,5,0,0,2,0,0,0,0,0,1,6,6,1,42,7,2993,2,1,BMW 5 SERIES,6,E01000330,0,-1
2021010349853,2021,010349853,2,9,0,99,99,9,9,0,0,9,0,0,0,0,9,9,6,6,3,-1,-1,1995,2,12,BMW 5 SERIES,-1,-1,0,-1
2021302100637,2021,302100637,1,9,0,5,5,8,2,0,0,1,0,0,0,0,2,1,6,6,2,35,6,2993,2,14,BMW 5 SERIES,6,E01027962,0,-1
2021461097064,2021,461097064,1,9,0,7,7,5,7,9,9,1,0,0,0,0,1,1,6,6,1,73,10,2993,2,7,BMW 5 SERIES,8,E01024625,0,-1
2021010292712,2021,010292712,2,9,0,99,99,9,9,99,99,8,9,99,9,99,2,9,6,6,1,26,6,1995,2,4,BMW 5 SERIES,4,E01003661,0,-1
2021201130910,2021,201130910,1,9,0,9,9,8,6,0,0,1,0,0,0,0,3,1,3,7,1,47,8,1995,2,8,BMW 5 SERIES,3,E01009242,0,-1