collision_index,collision_year,collision_ref_no,vehicle_reference,vehicle_type,towing_and_articulation,vehicle_manoeuvre_historic,vehicle_manoeuvre,vehicle_direction_from,vehicle_direction_to,vehicle_location_restricted_lane_historic,vehicle_location_restricted_lane,junction_location,skidding_and_overturning,hit_object_in_carriageway,vehicle_leaving_carriageway,hit_object_off_carriageway,first_point_of_impact,vehicle_left_hand_drive,journey_purpose_of_driver_historic,journey_purpose_of_driver,sex_of_driver,age_of_driver,age_band_of_driver,engine_capacity_cc,propulsion_code,age_of_vehicle,generic_make_model,driver_imd_decile,lsoa_of_driver,escooter_flag,driver_distance_banding
2021201061997,2021,201061997,1,9,0,18,19,4,8,0,0,8,0,0,0,0,1,1,6,6,1,31,6,2497,2,18,BMW 5 SERIES,1,E01009477,0,-1
2021052100773,2021,052100773,2,9,0,5,5,3,7,0,0,0,0,0,0,0,4,1,6,6,3,-1,-1,1995,2,11,BMW 5 SERIES,-1,-1,0,-1
2021010346730,2021,010346730,1,9,0,18,19,4,8,0,0,0,0,0,0,0,2,1,1,1,1,37,7,1995,2,5,BMW 5 SERIES,3,E01004367,0,-1
2021201068082,2021,201068082,3,9,0,18,19,7,3,0,0,8,0,0,0,0,1,1,1,1,1,-1,-1,2993,2,1,BMW 5 SERIES,5,E01009234,0,-1
2021010315373,2021,010315373,3,9,0,16,19,1,5,0,0,0,0,0,0,0,0,1,1,1,1,48,8,1998,1,2,BMW 5 SERIES,9,E01002364,0,-1
2021010345572,2021,010345572,2,9,0,99,99,9,9,99,99,9,9,99,9,99,9,9,6,6,3,-1,-1,1995,2,7,BMW 5 SERIES,-1,-1,0,-1
2021010307834,2021,010307834,2,9,0,99,99,9,9,99,99,9,9,99,9,99,0,9,6,6,3,-1,-1,1995,2,8,BMW 5 SERIES,1,E01004300,0,-1
2021061130002,2021,061130002,1,9,0,18,19,5,1,0,0,0,2,7,1,0,3,1,5,6,1,23,5,1995,2,9,BMW 5 SERIES,4,E01005462,0,-1
2021161052559,2021,161052559,1,9,0,9,9,8,6,0,0,8,0,0,0,0,3,1,5,6,1,40,7,1995,2,9,BMW 5 SERIES,7,E01013333,0,-1
2021371020954,2021,371020954,1,9,0,7,7,1,4,0,0,2,0,0,0,0,1,1,5,6,1,30,6,1995,2,11,BMW 5 SERIES,1,E01030018,0,-1
2021545177321,2021,545177321,1,9,0,16,19,2,6,0,0,0,1,0,0,0,1,1,6,6,1,34,6,2993,2,17,BMW 5 SERIES,1,E01032096,0,-1
2021010348269,2021,010348269,1,9,0,18,19,7,3,0,0,8,0,0,0,0,3,1,6,6,1,24,5,2993,2,8,BMW 5 SERIES,5,E01017617,0,-1
2021010295243,2021,010295243,2,9,0,18,19,7,3,0,0,8,0,0,0,0,1,1,1,1,1,45,7,2993,2,1,BMW 5 SERIES,3,E01003221,0,-1
2021010333862,2021,010333862,1,9,0,18,19,7,3,0,0,1,0,4,7,3,1,1,6,6,1,25,5,1995,2,3,BMW 5 SERIES,3,E01000127,0,-1
2021430080812,2021,430080812,1,9,0,18,19,8,4,0,0,0,0,0,0,0,1,1,1,1,1,34,6,2000,2,10,BMW 5 SERIES,10,E01016621,0,-1
2021070444201,2021,070444201,2,9,0,18,19,8,4,0,0,0,0,0,0,0,3,1,6,6,1,67,10,2993,2,9,BMW 5 SERIES,-1,-1,0,-1
2021461049540,2021,461049540,1,9,0,9,9,1,7,0,0,6,0,0,0,0,3,1,5,6,1,67,10,2494,1,22,BMW 5 SERIES,5,E01024072,0,-1
2021201148521,2021,201148521,1,9,0,18,19,6,2,0,0,8,0,0,0,0,1,1,6,6,1,32,6,1995,2,11,BMW 5 SERIES,1,E01009409,0,-1
202134WNC5361,2021,34WNC5361,1,9,0,18,19,5,1,0,0,6,0,0,3,1,3,1,6,6,1,30,6,1995,2,14,BMW 5 SERIES,1,E01007320,0,-1
202106M079337,2021,06M079337,2,9,0,7,7,6,8,0,0,1,1,0,0,0,1,1,6,6,1,24,5,2993,2,4,BMW 5 SERIES,9,E01006178,0,-1
2021221116491,2021,221116491,1,9,0,18,19,6,2,0,0,8,0,0,1,0,1,1,5,6,1,42,7,2993,2,4,BMW 5 SERIES,6,E01028851,0,-1
2021401034537,2021,401034537,2,9,0,7,7,5,1,0,0,6,0,0,0,0,0,1,1,1,1,26,6,2993,2,1,BMW 5 SERIES,2,E01023758,0,-1
2021371062044,2021,371062044,3,9,0,18,19,4,8,0,0,1,0,0,0,0,0,1,1,1,1,-1,-1,2993,2,3,BMW 5 SERIES,-1,-1,0,-1
2021010336034,2021,010336034,2,9,0,99,99,9,9,99,99,0,9,99,9,99,9,9,6,6,1,-1,-1,2993,2,8,BMW 5 SERIES,2,E01003538,0,-1
2021411049002,2021,411049002,2,9,0,18,19,6,2,0,0,0,0,0,0,0,3,1,6,6,1,27,6,1995,2,5,BMW 5 SERIES,-1,-1,0,-1
2021061100500,2021,061100500,2,9,0,18,19,7,3,0,0,1,0,0,0,0,4,1,6,6,1,30,6,1995,2,3,BMW 5 SERIES,2,E01003558,0,-1
2021010338684,2021,010338684,1,9,0,18,19,1,5,0,0,1,0,0,0,0,1,1,6,6,1,37,7,2993,2,5,BMW 5 SERIES,4,E01001684,0,-1
2021010320353,2021,010320353,2,9,0,18,19,1,5,0,0,1,0,0,0,0,0,1,1,1,1,41,7,2993,2,1,BMW 5 SERIES,-1,-1,0,-1
2021010330920,2021,010330920,2,9,0,18,19,3,7,0,0,0,0,0,0,0,2,1,6,6,1,43,7,1998,8,3,BMW 5 SERIES,8,E01002178,0,-1
2021302101853,2021,302101853,1,9,0,5,5,8,4,0,0,4,0,0,0,0,1,1,6,6,1,27,6,2996,1,13,BMW 5 SERIES,4,E01008088,0,-1
2021471041496,2021,471041496,1,9,0,9,9,4,8,0,0,0,0,0,0,0,1,1,1,1,1,26,6,2993,2,3,BMW 5 SERIES,6,E01021034,0,-1
2021161036271,2021,161036271,2,9,0,18,19,6,2,0,0,0,0,0,0,0,0,1,1,1,1,-1,-1,2993,2,3,BMW 5 SERIES,10,E01013090,0,-1
2021320518365,2021,320518365,1,9,0,18,19,6,2,0,0,1,0,0,0,0,1,1,6,6,3,40,7,2993,2,17,BMW 5 SERIES,-1,-1,0,-1
2021471036657,2021,471036657,3,9,0,4,4,2,6,0,0,1,0,0,0,0,0,1,1,1,2,35,6,2993,2,5,BMW 5 SERIES,3,E01021090,0,-1
2021501020043,2021,501020043,3,9,0,18,19,3,6,0,0,0,0,0,0,0,0,1,1,1,1,-1,-1,2993,2,1,BMW 5 SERIES,-1,-1,0,-1
2021061094810,2021,061094810,3,9,0,18,19,2,6,0,0,1,0,0,0,0,0,1,1,1,1,44,7,2993,12,1,BMW 5 SERIES,-1,-1,0,-1
2021010319280,2021,010319280,3,9,0,18,19,1,5,0,0,0,0,0,0,0,0,1,1,1,1,41,7,2993,2,1,BMW 5 SERIES,3,E01003221,0,-1
2021401065167,2021,401065167,2,9,0,18,19,5,1,0,0,0,0,0,0,0,2,1,6,6,1,44,7,1995,2,7,BMW 5 SERIES,5,E01015767,0,-1
2021010339700,2021,010339700,1,9,0,7,7,7,2,2,2,5,0,0,0,0,4,1,6,6,1,35,6,2996,1,16,BMW 5 SERIES,3,E01002047,0,-1
2021991109685,2021,991109685,1,9,0,12,12,4,8,0,0,0,0,0,0,0,4,1,6,6,1,35,6,1998,8,0,BMW 5 SERIES,2,-1,0,-1
2021010316528,2021,010316528,4,9,0,18,19,3,7,0,0,9,0,99,0,0,0,9,6,6,1,43,7,2993,12,1,BMW 5 SERIES,8,E01030452,0,-1
2021070527415,2021,070527415,2,9,0,7,7,0,0,0,0,4,0,0,0,0,3,1,1,1,1,50,8,1995,2,2,BMW 5 SERIES,10,E01018584,0,-1
2021411111134,2021,411111134,1,9,0,18,19,1,5,0,0,0,0,0,0,0,1,1,5,6,1,39,7,1995,2,8,BMW 5 SERIES,5,E01023780,0,-1
2021070852430,2021,070852430,1,9,0,5,5,3,7,8,6,8,0,0,0,0,3,1,6,6,1,68,10,2793,1,21,BMW 5 SERIES,6,E01018481,0,-1
2021201142089,2021,201142089,5,9,0,18,19,3,7,0,0,0,0,0,0,0,0,1,1,1,3,-1,-1,2993,2,1,BMW 5 SERIES,5,E01009234,0,-1
2021231066192,2021,231066192,1,9,0,18,19,1,5,0,0,8,0,0,0,0,0,1,2,2,1,45,7,2000,2,10,BMW 5 SERIES,4,E01029820,0,-1
2021010341361,2021,010341361,2,9,0,18,19,1,5,0,0,8,0,0,7,10,1,1,6,6,1,19,4,1995,2,13,BMW 5 SERIES,2,E01001971,0,-1
2021010317704,2021,010317704,2,9,0,99,99,9,9,99,99,9,9,99,9,99,1,9,6,6,3,43,7,2993,2,3,BMW 5 SERIES,5,E01003495,0,-1
2021421118505,2021,421118505,4,9,0,18,19,5,8,0,0,3,0,0,0,0,4,1,1,1,1,47,8,2993,2,1,BMW 5 SERIES,8,E01021750,0,-1
2021010346290,2021,010346290,3,9,0,4,4,1,5,0,0,0,0,0,0,0,2,1,6,6,1,46,8,2993,2,15,BMW 5 SERIES,6,E01030973,0,-1
2021351137178,2021,351137178,1,9,0,18,19,5,1,0,0,0,0,0,0,0,1,1,5,6,1,27,6,1995,2,11,BMW 5 SERIES,6,E01023903,0,-1
2021131106619,2021,131106619,2,9,0,17,19,1,5,0,0,0,0,0,0,0,1,1,6,6,2,47,8,2993,2,16,BMW 5 SERIES,7,E01010641,0,-1
2021401054359,2021,401054359,2,9,0,18,19,4,8,0,0,0,0,0,0,0,0,1,1,1,1,32,6,2993,2,3,BMW 5 SERIES,2,E01023758,0,-1
2021010318454,2021,010318454,2,9,0,18,19,7,3,0,0,1,0,0,0,0,0,1,1,1,1,20,4,1998,1,2,BMW 5 SERIES,-1,-1,0,-1
2021170M10881,2021,170M10881,1,9,0,11,11,1,5,0,0,0,0,0,1,1,4,1,6,6,1,35,6,1995,2,12,BMW 5 SERIES,6,E01012022,0,-1
2021070294807,2021,070294807,1,9,0,5,5,1,5,0,0,1,0,0,0,0,1,1,6,6,1,35,6,1995,2,9,BMW 5 SERIES,1,E01012520,0,-1
2021131107131,2021,131107131,2,9,0,5,5,5,1,0,0,0,0,0,0,0,1,1,2,2,1,38,7,1995,2,5,BMW 5 SERIES,2,E01011618,0,-1
2021010323767,2021,010323767,2,9,0,18,19,3,7,0,0,0,0,0,0,0,0,1,6,6,1,35,6,1998,1,2,BMW 5 SERIES,9,E01003356,0,-1
2021010301893,2021,010301893,1,9,0,9,9,6,4,0,0,6,0,0,0,0,4,1,2,2,2,27,6,1995,2,5,BMW 5 SERIES,9,E01000831,0,-1
2021010347411,2021,010347411,2,9,0,99,99,9,9,99,99,9,9,99,9,99,1,9,6,6,3,38,7,1995,2,6,BMW 5 SERIES,5,E01003842,0,-1
2021141065330,2021,141065330,2,9,0,18,19,5,1,0,0,0,0,0,0,0,0,1,1,1,2,45,7,2993,2,2,BMW 5 SERIES,1,E01007902,0,-1
2021010300598,2021,010300598,1,9,0,99,99,9,9,99,99,9,9,99,9,99,9,9,6,6,1,22,5,1995,2,4,BMW 5 SERIES,3,E01000125,0,-1
2021501150462,2021,501150462,3,9,0,4,4,1,5,0,0,0,0,0,0,0,2,1,6,6,1,35,6,2000,2,12,BMW 5 SERIES,2,E01015086,0,-1
2021451050713,2021,451050713,2,9,0,18,19,1,5,0,0,0,0,0,0,0,1,1,1,1,1,50,8,2993,2,2,BMW 5 SERIES,9,E01030830,0,-1
2021221094812,2021,221094812,1,9,0,18,19,4,8,0,0,0,0,0,1,0,1,1,6,6,1,19,4,1995,2,14,BMW 5 SERIES,1,E01014361,0,-1
2021061130278,2021,061130278,2,9,0,18,19,4,8,0,0,8,0,0,0,0,4,1,1,1,1,27,6,1995,2,5,BMW 5 SERIES,1,E01005583,0,-1
2021302101020,2021,302101020,2,9,0,16,19,2,6,0,0,0,0,0,0,0,3,1,6,6,1,65,9,1995,2,6,BMW 5 SERIES,10,E01033169,0,-1
2021010296473,2021,010296473,2,9,0,99,99,9,9,99,99,0,9,99,9,99,9,9,6,6,3,-1,-1,2171,1,19,BMW 5 SERIES,-1,-1,0,-1
2021201082289,2021,201082289,1,9,0,-1,-1,-1,-1,-1,-1,-1,0,0,0,0,-1,1,6,6,3,-1,-1,2993,2,10,BMW 5 SERIES,-1,-1,0,-1
2021991110256,2021,991110256,3,9,0,4,4,2,6,0,0,0,0,0,0,0,2,1,2,2,2,50,8,1995,2,4,BMW 5 SERIES,3,-1,0,-1
2021010346448,2021,010346448,2,9,0,18,19,8,4,0,0,0,0,0,0,0,0,1,6,6,3,-1,-1,1995,2,12,BMW 5 SERIES,-1,-1,0,-1
2021010328190,2021,010328190,1,9,0,14,14,1,5,0,0,1,0,0,0,0,1,1,6,6,1,55,8,1998,8,2,BMW 5 SERIES,3,E01002707,0,-1
2021430233836,2021,430233836,2,9,0,18,19,6,2,0,0,1,0,0,0,0,2,1,6,6,3,-1,-1,2993,2,15,BMW 5 SERIES,-1,-1,0,-1
2021161092572,2021,161092572,2,9,0,2,2,0,0,0,0,0,0,0,0,0,4,1,6,6,1,38,7,1995,2,8,BMW 5 SERIES,3,E01012997,0,-1
2021421084024,2021,421084024,2,9,0,18,19,5,1,0,0,1,0,0,0,0,0,1,1,1,1,50,8,2993,2,1,BMW 5 SERIES,8,E01021750,0,-1
2021010303183,2021,010303183,3,9,0,18,19,1,5,0,0,0,0,0,0,0,1,1,1,1,1,43,7,1998,1,2,BMW 5 SERIES,-1,-1,0,-1
2021010334237,2021,010334237,1,9,0,4,4,7,3,0,0,5,0,0,0,0,1,1,3,7,2,43,7,1995,2,8,BMW 5 SERIES,8,E01001126,0,-1
2021451029543,2021,451029543,2,9,0,18,19,1,5,0,0,8,0,0,7,10,4,1,6,6,1,25,5,1995,2,14,BMW 5 SERIES,10,E01030374,0,-1
2021131038952,2021,131038952,3,9,0,18,19,2,2,0,0,8,0,0,0,0,1,1,6,6,1,38,7,1995,2,11,BMW 5 SERIES,3,E01010805,0,-1
2021010330503,2021,010330503,1,9,0,99,99,9,9,99,99,9,9,99,9,99,9,9,2,2,1,65,9,1991,1,21,BMW 5 SERIES,5,E01000663,0,-1
2021552101129,2021,552101129,1,9,0,18,19,8,4,0,0,0,0,0,0,0,1,1,6,6,1,49,8,2993,2,13,BMW 5 SERIES,8,E01020478,0,-1
2021010291223,2021,010291223,1,9,0,99,99,9,9,99,99,9,9,99,9,99,9,9,2,2,1,29,6,1995,2,7,BMW 5 SERIES,3,E01004280,0,-1
2021010294472,2021,010294472,2,9,0,99,99,9,9,0,0,1,0,0,0,0,1,9,6,6,3,-1,-1,2494,1,18,BMW 5 SERIES,-1,-1,0,-1
2021010297562,2021,010297562,1,9,0,12,12,5,1,0,0,0,0,0,0,0,3,1,1,1,2,24,5,1998,1,2,BMW 5 SERIES,-1,-1,0,-1
2021010300167,2021,010300167,1,9,0,9,9,7,5,0,0,8,0,0,0,0,1,1,6,6,2,64,9,2494,1,20,BMW 5 SERIES,9,E01000771,0,-1
2021010343328,2021,010343328,1,9,0,6,6,5,5,0,0,8,0,0,0,0,1,1,1,1,2,36,7,1998,8,4,BMW 5 SERIES,4,E01002231,0,-1
2021010330033,2021,010330033,3,9,0,18,19,1,5,0,0,4,0,0,0,0,0,1,6,6,1,38,7,1998,1,2,BMW 5 SERIES,4,E01001247,0,-1
2021052100122,2021,052100122,1,9,0,18,19,5,1,0,0,0,1,0,1,4,3,1,6,6,1,31,6,1995,2,5,BMW 5 SERIES,4,E01024579,0,-1
2021471109507,2021,471109507,1,9,0,17,19,2,6,0,0,0,0,0,0,0,1,1,2,2,1,44,7,1995,2,9,BMW 5 SERIES,2,E01000483,0,-1
2021461065674,2021,461065674,3,9,0,2,2,3,7,0,0,0,0,0,0,0,3,1,6,6,2,30,6,1995,2,13,BMW 5 SERIES,3,E01024092,0,-1
2021061094645,2021,061094645,2,9,0,13,13,4,8,0,0,8,0,0,0,0,1,1,6,6,3,30,6,1995,2,9,BMW 5 SERIES,-1,-1,0,-1
2021461111879,2021,461111879,3,9,0,3,3,4,8,0,0,0,0,0,0,0,2,1,5,6,1,46,8,1995,2,7,BMW 5 SERIES,3,E01016036,0,-1
2021320637463,2021,320637463,2,9,0,18,19,3,7,0,0,0,0,0,0,0,1,1,2,2,2,38,7,1995,2,4,BMW 5 SERIES,4,E01026057,0,-1
2021061081711,2021,061081711,3,9,0,18,19,7,7,0,0,0,0,0,0,0,0,1,1,1,1,54,8,2993,2,2,BMW 5 SERIES,2,E01005950,0,-1
2021011041501,2021,011041501,2,9,0,18,19,5,1,0,0,0,0,0,0,0,2,1,1,1,2,39,7,2993,2,2,BMW 5 SERIES,8,E01030452,0,-1
2021411018689,2021,411018689,2,9,0,18,19,1,1,0,0,4,0,0,0,0,0,1,1,1,1,48,8,2993,2,2,BMW 5 SERIES,2,E01023758,0,-1
2021131090199,2021,131090199,2,9,0,18,19,6,2,0,0,2,0,0,0,0,4,1,5,6,2,54,8,1998,8,3,BMW 5 SERIES,10,E01011535,0,-1
2021010313886,2021,010313886,3,9,5,18,19,5,1,0,0,1,0,0,0,0,0,1,1,1,1,43,7,1998,1,2,BMW 5 SERIES,7,E01003199,0,-1
2021451043272,2021,451043272,1,9,0,9,9,5,5,0,0,5,0,4,0,0,1,1,5,6,1,40,7,1995,2,5,BMW 5 SERIES,5,E01004601,0,-1
2021010346994,2021,010346994,1,9,0,10,10,7,5,0,0,1,0,0,0,0,3,1,3,7,1,40,7,1995,2,5,BMW 5 SERIES,7,E01001231,0,-1
2021010292916,2021,010292916,1,9,0,3,3,5,1,0,0,1,0,0,0,0,2,1,1,1,1,28,6,1995,2,5,BMW 5 SERIES,6,E01000677,0,-1
2021010293455,2021,010293455,3,9,0,18,19,4,8,0,0,7,0,0,0,0,2,1,2,2,1,48,8,2993,2,11,BMW 5 SERIES,-1,-1,0,-1
2021161088918,2021,161088918,3,9,0,18,19,1,5,0,0,0,0,0,0,0,1,1,2,2,1,33,6,2993,2,14,BMW 5 SERIES,1,E01013000,0,-1
2021010323284,2021,010323284,2,9,0,18,19,7,3,0,0,0,0,0,7,0,3,1,6,6,1,32,6,1998,1,3,BMW 5 SERIES,5,E01001859,0,-1
2021010308644,2021,010308644,1,9,0,18,19,5,1,0,0,4,0,0,0,0,1,1,6,6,1,66,10,1995,2,6,BMW 5 SERIES,4,E01003718,0,-1
2021991076809,2021,991076809,6,9,0,18,19,2,6,0,0,1,0,0,0,0,4,1,1,1,1,46,8,2993,2,1,BMW 5 SERIES,10,-1,0,-1
202106K080119,2021,06K080119,2,9,0,18,19,3,7,0,0,1,0,0,0,0,1,1,6,6,3,30,6,2993,2,7,BMW 5 SERIES,-1,-1,0,-1
2021010299412,2021,010299412,2,9,0,99,99,9,9,99,99,9,9,99,9,99,1,9,6,6,3,46,8,1995,2,5,BMW 5 SERIES,3,E01003536,0,-1
2021010311774,2021,010311774,2,9,0,7,7,5,7,0,0,1,0,0,0,0,0,1,1,1,1,30,6,2993,2,1,BMW 5 SERIES,3,E01002133,0,-1
2021451060998,2021,451060998,2,9,0,9,9,1,3,0,0,0,0,0,0,0,1,1,5,6,1,43,7,1998,8,1,BMW 5 SERIES,9,E01030802,0,-1
2021010307910,2021,010307910,1,9,0,13,13,4,8,0,0,0,0,0,0,0,0,1,1,1,1,41,7,1998,1,2,BMW 5 SERIES,3,E01001045,0,-1
2021201071074,2021,201071074,2,9,0,18,19,4,8,0,0,8,0,0,0,0,1,1,6,6,2,43,7,1995,2,10,BMW 5 SERIES,3,E01010018,0,-1
2021430529245,2021,430529245,2,9,0,18,19,8,4,0,0,8,0,0,0,0,1,1,6,6,1,30,6,1995,2,6,BMW 5 SERIES,5,E01016404,0,-1
2021010313333,2021,010313333,1,9,0,16,19,7,3,0,0,2,0,0,0,0,1,1,6,6,1,30,6,1995,12,0,BMW 5 SERIES,4,E01002059,0,-1
2021161022056,2021,161022056,2,9,0,18,19,1,5,0,0,0,0,0,7,0,3,1,2,2,1,27,6,1995,2,6,BMW 5 SERIES,7,E01013034,0,-1
2021461100224,2021,461100224,2,9,0,9,9,3,2,0,0,1,0,0,0,0,3,1,5,6,1,32,6,2497,1,15,BMW 5 SERIES,5,E01024623,0,-1
2021101038564,2021,101038564,1,9,0,13,13,3,7,0,0,8,0,0,7,0,1,1,6,6,1,28,6,1995,2,12,BMW 5 SERIES,2,E01027363,0,-1
2021471012895,2021,471012895,1,9,0,9,9,7,5,0,0,1,0,0,0,0,4,1,5,6,1,31,6,2993,2,8,BMW 5 SERIES,6,E01021058,0,-1
2021070417570,2021,070417570,1,9,0,18,19,2,6,0,0,1,0,0,0,0,1,1,3,7,1,49,8,1995,2,9,BMW 5 SERIES,2,E01018564,0,-1
202106K078983,2021,06K078983,1,9,0,4,4,6,2,0,0,1,0,0,0,0,1,1,6,6,1,30,6,1995,2,13,BMW 5 SERIES,-1,-1,0,-1
2021010306023,2021,010306023,2,9,0,4,4,8,4,0,0,4,0,0,0,0,3,1,1,1,1,52,8,2993,2,5,BMW 5 SERIES,-1,-1,0,-1
2021430167500,2021,430167500,2,9,0,5,5,3,7,0,0,0,0,0,0,0,2,1,6,6,1,40,7,1995,2,8,BMW 5 SERIES,10,E01028741,0,-1
2021070066157,2021,070066157,1,9,0,18,19,8,4,0,0,0,0,0,0,0,1,1,6,6,1,77,11,1995,2,4,BMW 5 SERIES,10,E01012449,0,-1
2021010333862,2021,010333862,4,9,0,18,19,7,3,0,0,1,0,0,0,0,0,1,1,1,1,39,7,2993,2,1,BMW 5 SERIES,4,E01000478,0,-1
2021010331786,2021,010331786,2,9,0,99,99,9,9,99,99,9,9,99,9,99,1,9,6,6,3,-1,-1,1998,8,0,BMW 5 SERIES,-1,-1,0,-1
202134WNC5521,2021,34WNC5521,1,9,0,18,19,4,8,0,0,8,0,0,0,0,1,1,6,6,1,-1,-1,1995,2,11,BMW 5 SERIES,2,E01027226,0,-1
2021010344412,2021,010344412,2,9,0,7,7,5,8,0,0,1,0,0,0,0,1,1,6,6,1,41,7,1998,1,2,BMW 5 SERIES,4,E01000472,0,-1
2021010342001,2021,010342001,6,9,0,16,19,5,1,0,0,1,0,0,0,0,0,1,1,1,1,31,6,1998,1,2,BMW 5 SERIES,5,E01000631,0,-1
2021501203378,2021,501203378,1,9,0,18,19,1,5,0,0,0,0,0,0,0,2,1,2,2,1,51,8,2993,2,16,BMW 5 SERIES,9,E01019906,0,-1
2021201131066,2021,201131066,1,9,0,18,19,6,2,0,0,0,0,11,0,0,1,1,6,6,1,28,6,1995,2,13,BMW 5 SERIES,3,E01009792,0,-1
202131B012121,2021,31B012121,2,9,0,16,19,8,2,0,0,0,0,0,0,0,1,1,6,6,1,23,5,1995,2,10,BMW 5 SERIES,4,E01026410,0,-1
2021010287151,2021,010287151,1,9,0,6,6,7,7,0,0,2,0,0,0,0,4,1,1,1,1,27,6,1998,8,4,BMW 5 SERIES,2,E01002056,0,-1
2021010295167,2021,010295167,3,9,0,18,19,1,5,0,0,1,0,0,0,0,0,1,1,1,1,37,7,1998,1,2,BMW 5 SERIES,1,E01003047,0,-1
2021201065566,2021,201065566,1,9,0,11,11,6,2,0,0,1,0,0,0,0,4,1,6,6,1,-1,-1,1995,2,6,BMW 5 SERIES,-1,-1,0,-1
2021991127948,2021,991127948,1,9,0,18,19,5,1,0,0,8,0,0,0,0,1,1,5,6,2,60,9,1998,1,2,BMW 5 SERIES,8,-1,0,-1
2021010290758,2021,010290758,2,9,0,99,99,9,9,99,99,9,9,99,9,99,1,9,6,6,3,-1,-1,2497,1,13,BMW 5 SERIES,-1,-1,0,-1
2021052100374,2021,052100374,1,9,0,18,19,3,7,0,0,0,0,0,1,11,1,1,6,6,1,40,7,4395,1,17,BMW 5 SERIES,3,E01006627,0,-1
2021201065784,2021,201065784,3,9,0,2,2,0,0,0,0,1,0,0,0,0,1,1,6,6,1,28,6,2993,2,14,BMW 5 SERIES,2,E01009744,0,-1
2021010339953,2021,010339953,4,9,0,16,19,5,1,0,0,0,0,0,0,0,0,1,1,1,1,49,8,2993,2,1,BMW 5 SERIES,9,E01002364,0,-1
2021061029451,2021,061029451,3,9,0,4,4,1,5,0,0,1,0,0,0,0,2,1,5,6,1,33,6,1998,8,4,BMW 5 SERIES,2,E01004922,0,-1
2021010309726,2021,010309726,2,9,0,9,9,5,3,0,0,8,0,0,0,0,1,1,6,6,1,53,8,1998,1,4,BMW 5 SERIES,-1,-1,0,-1
2021141092795,2021,141092795,6,9,0,2,2,0,0,0,0,0,0,0,0,0,1,1,6,6,3,-1,-1,1995,2,6,BMW 5 SERIES,-1,-1,0,-1
2021010332770,2021,010332770,1,9,0,16,19,5,1,0,0,1,0,0,0,0,1,1,6,6,1,37,7,1995,2,11,BMW 5 SERIES,3,E01001970,0,-1
2021401076368,2021,401076368,1,9,0,9,9,1,5,0,0,1,0,0,0,0,2,1,6,6,1,38,7,2000,2,10,BMW 5 SERIES,6,E01023868,0,-1
2021170S31741,2021,170S31741,1,9,0,10,10,7,5,0,0,1,0,0,0,0,2,1,6,6,1,56,9,1995,2,2,BMW 5 SERIES,6,E01012049,0,-1
2021401105178,2021,401105178,1,9,0,8,8,6,8,0,0,1,0,0,0,0,1,1,6,6,1,44,7,2926,2,18,BMW 5 SERIES,9,E01017454,0,-1
2021141067175,2021,141067175,1,9,0,-1,-1,-1,-1,-1,-1,8,-1,-1,-1,0,-1,1,6,6,3,-1,-1,1995,2,14,BMW 5 SERIES,-1,-1,0,-1
2021501046709,2021,501046709,1,9,0,18,19,7,3,0,0,0,0,11,1,11,4,1,6,6,1,25,5,1995,2,9,BMW 5 SERIES,5,E01018947,0,-1
2021211022273,2021,211022273,4,9,0,2,2,0,0,0,0,8,0,0,0,0,0,1,1,1,1,-1,-1,2993,2,1,BMW 5 SERIES,-1,-1,0,-1
2021010337037,2021,010337037,2,9,0,18,19,7,3,0,0,1,0,0,0,0,1,1,6,6,1,44,7,2993,2,1,BMW 5 SERIES,4,E01003937,0,-1
2021010304641,2021,010304641,1,9,0,3,3,5,1,0,0,1,0,0,0,0,2,1,6,6,1,44,7,2993,2,4,BMW 5 SERIES,4,E01002964,0,-1
2021010322539,2021,010322539,3,9,0,18,19,1,5,0,0,0,0,0,0,0,4,1,1,1,1,44,7,1998,1,2,BMW 5 SERIES,4,E01000472,0,-1
2021111022564,2021,111022564,2,9,0,13,13,3,7,0,0,0,0,0,1,0,1,1,5,6,1,48,8,1995,2,12,BMW 5 SERIES,1,E01020749,0,-1
2021101126559,2021,101126559,1,9,0,18,19,2,7,0,0,1,1,10,1,2,1,1,5,6,1,37,7,2993,2,5,BMW 5 SERIES,2,E01033074,0,-1
2021471103376,2021,471103376,3,9,0,18,19,7,3,0,0,1,0,0,0,0,0,1,1,1,1,46,8,2993,2,2,BMW 5 SERIES,6,E01021034,0,-1
202131B154521,2021,31B154521,2,9,0,2,2,0,0,0,0,1,0,0,1,11,2,1,6,6,3,-1,-1,1995,2,10,BMW 5 SERIES,-1,-1,0,-1
2021991113470,2021,991113470,1,9,0,5,5,7,3,5,5,6,0,0,0,0,1,1,2,2,1,27,6,2000,2,12,BMW 5 SERIES,4,-1,0,-1
2021010308505,2021,010308505,1,9,0,15,15,5,1,2,2,1,0,0,0,0,1,1,1,1,1,33,6,2993,2,1,BMW 5 SERIES,4,E01004142,0,-1
2021542159521,2021,542159521,1,9,0,5,5,2,7,0,0,3,0,0,0,0,2,1,6,6,1,-1,-1,2979,1,17,BMW 5 SERIES,-1,-1,0,-1
2021010344368,2021,010344368,1,9,0,11,11,7,3,0,0,0,0,0,0,0,4,1,6,6,1,69,10,1995,2,7,BMW 5 SERIES,6,E01000513,0,-1
2021010342983,2021,010342983,1,9,0,12,12,1,5,0,0,0,1,10,7,0,4,1,6,6,1,21,5,1995,2,5,BMW 5 SERIES,3,E01001043,0,-1