collision_index,collision_year,collision_ref_no,vehicle_reference,vehicle_type,towing_and_articulation,vehicle_manoeuvre_historic,vehicle_manoeuvre,vehicle_direction_from,vehicle_direction_to,vehicle_location_restricted_lane_historic,vehicle_location_restricted_lane,junction_location,skidding_and_overturning,hit_object_in_carriageway,vehicle_leaving_carriageway,hit_object_off_carriageway,first_point_of_impact,vehicle_left_hand_drive,journey_purpose_of_driver_historic,journey_purpose_of_driver,sex_of_driver,age_of_driver,age_band_of_driver,engine_capacity_cc,propulsion_code,age_of_vehicle,generic_make_model,driver_imd_decile,lsoa_of_driver,escooter_flag,driver_distance_banding
2021070488705,2021,070488705,2,9,0,18,19,3,7,0,0,0,0,0,0,0,1,1,2,2,1,41,7,2497,2,16,BMW 5 SERIES,-1,-1,0,-1
2021501017688,2021,501017688,1,9,0,10,10,1,7,0,0,7,0,0,0,0,1,1,6,6,1,78,11,1995,2,13,BMW 5 SERIES,6,E01020226,0,-1
2021010331369,2021,010331369,1,9,0,99,99,9,9,99,99,9,9,99,9,99,9,9,6,6,2,44,7,1995,2,9,BMW 5 SERIES,5,E01016405,0,-1
2021010321436,2021,010321436,1,9,0,4,4,5,1,0,0,1,0,0,0,0,1,1,6,6,1,42,7,2993,2,1,BMW 5 SERIES,3,E01000936,0,-1
2021061041157,2021,061041157,1,9,0,18,19,2,6,0,0,0,0,0,0,0,3,1,6,6,3,30,6,2993,2,10,BMW 5 SERIES,-1,-1,0,-1
2021010332671,2021,010332671,1,9,0,7,7,7,2,0,0,5,0,0,0,0,4,1,6,6,2,41,7,1995,2,10,BMW 5 SERIES,5,E01003663,0,-1
2021010308777,2021,010308777,2,9,0,18,19,5,1,0,0,1,0,0,0,0,0,1,1,1,1,31,6,2993,2,1,BMW 5 SERIES,4,E01003666,0,-1
2021361069258,2021,361069258,1,9,0,18,19,5,1,0,0,0,0,0,0,0,1,1,5,6,1,54,8,2000,2,10,BMW 5 SERIES,6,E01021595,0,-1
2021471074600,2021,471074600,2,9,0,18,19,1,5,0,0,0,0,0,0,0,2,1,6,6,1,54,8,1995,2,6,BMW 5 SERIES,6,E01031792,0,-1
2021010341181,2021,010341181,2,9,0,18,19,1,5,0,0,1,0,0,0,0,0,1,1,1,1,31,6,1998,1,2,BMW 5 SERIES,3,E01002695,0,-1
2021131079168,2021,131079168,1,9,0,11,11,4,8,0,0,1,1,0,1,2,1,1,6,6,1,21,5,1995,2,9,BMW 5 SERIES,1,E01010673,0,-1
2021010338392,2021,010338392,1,9,0,18,19,5,1,0,0,1,9,99,0,0,4,9,6,6,1,-1,-1,2494,1,23,BMW 5 SERIES,8,E01002981,0,-1
2021010312956,2021,010312956,1,9,0,99,99,9,9,99,99,9,9,99,9,99,2,9,2,2,1,43,7,1998,1,3,BMW 5 SERIES,4,E01004417,0,-1
2021010319387,2021,010319387,1,9,0,5,5,4,8,0,0,6,0,0,0,0,1,1,2,2,1,23,5,1995,2,10,BMW 5 SERIES,-1,-1,0,-1
2021010338558,2021,010338558,2,9,0,99,99,9,9,99,99,9,9,99,9,99,1,9,6,6,3,55,8,1995,2,7,BMW 5 SERIES,2,E01003049,0,-1
2021010352134,2021,010352134,1,9,0,7,7,4,6,0,0,3,0,0,0,0,3,1,6,6,1,48,8,1998,1,4,BMW 5 SERIES,10,E01002437,0,-1
2021010340895,2021,010340895,1,9,0,9,9,7,5,9,9,0,0,0,0,0,1,1,1,1,1,37,7,1998,1,2,BMW 5 SERIES,-1,-1,0,-1
2021041051037,2021,041051037,2,9,0,18,19,3,7,0,0,8,0,0,1,0,3,1,5,6,2,65,9,1995,2,14,BMW 5 SERIES,6,E01025020,0,-1
2021141114795,2021,141114795,2,9,0,18,19,5,1,0,0,3,0,0,1,0,1,1,1,1,1,43,7,2993,2,2,BMW 5 SERIES,1,E01007902,0,-1
2021010302365,2021,010302365,3,9,0,18,19,5,1,0,0,2,0,0,0,0,0,1,1,1,1,50,8,2993,2,1,BMW 5 SERIES,3,E01003221,0,-1
2021101038995,2021,101038995,2,9,0,9,9,5,1,0,0,1,0,0,0,0,3,1,6,6,1,67,10,1995,12,1,BMW 5 SERIES,4,E01020630,0,-1
2021131114766,2021,131114766,2,9,0,4,4,3,7,0,0,0,0,0,0,0,2,1,1,1,1,37,7,1995,2,7,BMW 5 SERIES,1,E01005190,0,-1
2021010352488,2021,010352488,2,9,0,99,99,9,9,99,99,0,9,99,9,99,9,9,6,6,3,-1,-1,1995,2,9,BMW 5 SERIES,7,E01002154,0,-1
2021522200119,2021,522200119,2,9,0,18,19,5,2,0,0,8,0,0,0,0,0,1,6,6,1,35,6,2993,2,3,BMW 5 SERIES,-1,-1,0,-1
2021111090430,2021,111090430,1,9,0,18,19,6,2,0,0,0,0,0,7,1,1,1,2,2,1,35,6,1995,2,8,BMW 5 SERIES,2,E01012013,0,-1
2021010343264,2021,010343264,1,9,0,5,5,1,5,0,0,8,0,0,0,0,3,1,6,6,1,27,6,1995,2,8,BMW 5 SERIES,2,E01001773,0,-1
2021122100907,2021,122100907,1,9,0,3,3,7,3,0,0,0,0,0,0,0,2,1,6,6,1,61,9,1995,2,12,BMW 5 SERIES,4,E01027779,0,-1
2021451081716,2021,451081716,1,9,0,7,7,3,7,0,0,6,0,0,0,0,1,1,6,6,3,36,7,2497,2,16,BMW 5 SERIES,-1,-1,0,-1
2021010300509,2021,010300509,1,9,0,5,5,5,1,0,0,1,0,0,0,0,1,1,6,6,1,26,6,2993,2,14,BMW 5 SERIES,-1,-1,0,-1
2021141032441,2021,141032441,1,9,0,18,19,7,3,0,0,0,1,0,0,0,0,1,1,1,1,38,7,2993,2,2,BMW 5 SERIES,-1,-1,0,-1
2021010298210,2021,010298210,3,9,0,3,3,4,8,0,0,2,0,0,0,0,2,1,1,1,2,32,6,1995,2,5,BMW 5 SERIES,2,E01003266,0,-1
2021401090637,2021,401090637,1,9,0,4,4,1,4,0,0,1,0,0,0,0,1,1,2,2,1,30,6,2993,2,10,BMW 5 SERIES,5,E01015763,0,-1
2021451044571,2021,451044571,3,9,0,18,19,7,3,0,0,0,0,0,0,0,0,1,1,1,1,37,7,2993,12,1,BMW 5 SERIES,8,E01030452,0,-1
2021522102017,2021,522102017,2,9,0,9,9,2,8,0,0,8,0,0,0,0,4,1,6,6,1,32,6,1995,2,3,BMW 5 SERIES,7,E01014949,0,-1
2021461084280,2021,461084280,1,9,0,18,19,3,7,0,0,0,0,0,0,0,1,1,5,6,1,75,10,1995,2,7,BMW 5 SERIES,7,E01030832,0,-1
2021542714421,2021,542714421,1,9,0,18,19,5,1,0,0,2,0,0,0,0,1,1,6,6,2,32,6,1995,2,9,BMW 5 SERIES,9,E01032703,0,-1
2021351115489,2021,351115489,1,9,0,5,5,1,7,0,0,6,0,0,0,0,1,1,1,1,1,30,6,1995,2,5,BMW 5 SERIES,2,E01015633,0,-1
2021501027150,2021,501027150,4,9,0,4,4,7,3,0,0,0,0,0,0,0,0,1,1,1,1,36,7,2993,2,1,BMW 5 SERIES,-1,-1,0,-1
2021010316781,2021,010316781,1,9,0,18,19,7,3,0,0,0,0,0,7,0,1,1,6,6,1,41,7,1995,2,14,BMW 5 SERIES,-1,-1,0,-1
2021031106680,2021,031106680,1,9,0,9,9,1,5,0,0,8,0,0,0,0,1,1,5,6,1,24,5,1995,2,16,BMW 5 SERIES,2,E01019138,0,-1
2021211138080,2021,211138080,1,9,0,18,19,3,7,0,0,8,0,0,0,0,4,1,1,1,2,31,6,1995,2,3,BMW 5 SERIES,1,E01014305,0,-1
2021010330268,2021,010330268,1,9,0,7,7,3,6,0,0,1,0,0,0,0,4,1,6,6,1,-1,-1,2993,2,11,BMW 5 SERIES,8,E01030384,0,-1
2021221050840,2021,221050840,2,9,0,18,19,6,2,0,0,2,0,0,0,0,1,1,1,1,2,27,6,2993,2,3,BMW 5 SERIES,4,E01032157,0,-1
2021201026755,2021,201026755,4,9,0,18,19,5,1,0,0,0,0,0,0,0,4,1,1,1,1,-1,-1,2993,2,1,BMW 5 SERIES,5,E01009234,0,-1
2021070398329,2021,070398329,1,9,0,13,13,1,5,0,0,0,0,0,0,0,4,1,2,2,1,31,6,1995,2,8,BMW 5 SERIES,2,E01018645,0,-1
2021010312106,2021,010312106,2,9,0,99,99,9,9,99,99,9,9,99,9,99,1,9,6,6,3,-1,-1,2497,2,14,BMW 5 SERIES,2,E01002051,0,-1
2021221028262,2021,221028262,3,9,0,16,19,5,8,0,0,0,0,0,0,0,1,1,5,6,1,19,4,1995,12,1,BMW 5 SERIES,5,E01029011,0,-1
2021421058560,2021,421058560,1,9,0,18,19,5,1,0,0,0,0,0,0,0,1,1,6,6,1,70,10,2494,1,21,BMW 5 SERIES,2,E01021711,0,-1
2021361023602,2021,361023602,1,9,0,17,19,6,3,0,0,0,0,0,1,0,1,1,5,6,1,59,9,2993,2,12,BMW 5 SERIES,6,E01026748,0,-1
2021411050099,2021,411050099,1,9,-1,-1,-1,-1,-1,-1,-1,-1,-1,-1,-1,0,-1,1,6,6,1,41,7,1995,2,3,BMW 5 SERIES,10,E01023668,0,-1
2021201148826,2021,201148826,2,9,0,18,19,5,1,0,0,8,0,0,0,0,1,1,6,6,1,47,8,1995,2,5,BMW 5 SERIES,2,E01009832,0,-1
2021010350062,2021,010350062,1,9,0,2,2,0,0,0,0,2,0,0,0,0,3,1,6,6,3,-1,-1,2993,2,6,BMW 5 SERIES,-1,-1,0,-1
2021430495630,2021,430495630,1,9,0,18,19,8,4,0,0,0,0,0,0,0,1,1,6,6,1,31,6,2993,2,10,BMW 5 SERIES,-1,-1,0,-1
2021061025896,2021,061025896,2,9,0,9,9,6,1,0,0,0,0,0,0,0,0,1,1,1,1,38,7,2993,2,4,BMW 5 SERIES,4,E01005730,0,-1
2021010317142,2021,010317142,1,9,0,99,99,9,9,99,99,9,9,99,9,99,2,9,6,6,1,32,6,1995,2,7,BMW 5 SERIES,3,E01003571,0,-1
2021401046831,2021,401046831,2,9,0,18,19,5,1,0,0,1,0,0,0,0,0,1,6,6,1,27,6,2993,2,1,BMW 5 SERIES,2,E01023758,0,-1
2021010315393,2021,010315393,1,9,0,18,19,5,1,0,0,1,0,0,0,0,1,1,2,2,2,33,6,1995,2,5,BMW 5 SERIES,9,E01003462,0,-1
2021451095256,2021,451095256,2,9,0,5,5,4,8,0,0,0,0,0,0,0,1,1,6,6,1,45,7,1995,2,6,BMW 5 SERIES,6,E01030973,0,-1
20211382E0774,2021,1382E0774,1,9,0,18,19,5,1,0,0,8,0,0,0,0,1,1,6,6,1,32,6,1995,2,14,BMW 5 SERIES,3,E01012691,0,-1
2021430126358,2021,430126358,1,9,0,18,19,5,1,0,0,0,0,0,0,0,1,1,6,6,1,66,10,2494,1,22,BMW 5 SERIES,10,E01028423,0,-1
2021351068876,2021,351068876,2,9,0,18,19,3,7,0,0,0,0,0,0,0,0,1,1,1,2,42,7,2993,2,1,BMW 5 SERIES,6,E01018151,0,-1
2021302100558,2021,302100558,1,9,0,5,5,8,4,0,0,0,0,0,1,2,1,1,6,6,1,22,5,2494,1,19,BMW 5 SERIES,9,E01013540,0,-1
2021549400821,2021,549400821,4,9,0,18,19,7,3,0,0,0,0,0,0,0,3,1,1,1,1,-1,-1,2993,2,3,BMW 5 SERIES,-1,-1,0,-1
2021010307683,2021,010307683,1,9,0,18,19,4,8,0,0,1,0,0,0,0,1,1,6,6,1,23,5,1995,2,8,BMW 5 SERIES,6,E01000231,0,-1
2021991017478,2021,991017478,2,9,0,16,19,2,6,0,0,0,0,0,0,0,2,1,1,1,1,40,7,2993,2,4,BMW 5 SERIES,10,-1,0,-1
2021010301407,2021,010301407,2,9,9,99,99,9,9,99,99,0,9,99,9,99,9,9,6,6,3,-1,-1,2993,2,4,BMW 5 SERIES,-1,-1,0,-1
2021010327510,2021,010327510,2,9,0,18,19,5,1,0,0,3,0,0,0,0,1,1,6,6,1,32,6,2993,2,16,BMW 5 SERIES,1,E01001483,0,-1
2021010338802,2021,010338802,2,9,0,99,99,9,9,99,99,9,9,99,9,99,1,9,6,6,3,-1,-1,1995,2,5,BMW 5 SERIES,-1,-1,0,-1
2021170M10271,2021,170M10271,2,9,0,9,9,2,7,0,0,8,0,0,0,0,1,1,6,6,1,28,6,2993,2,15,BMW 5 SERIES,1,E01012040,0,-1
2021010295342,2021,010295342,1,9,0,99,99,9,9,99,99,9,9,99,9,99,9,9,6,6,1,28,6,2993,2,16,BMW 5 SERIES,4,E01020952,0,-1
2021991023228,2021,991023228,1,9,0,9,9,8,7,0,0,8,0,0,7,11,4,1,2,2,1,63,9,1995,2,6,BMW 5 SERIES,7,E01013295,0,-1
2021010334679,2021,010334679,2,9,0,7,7,3,6,0,0,4,0,0,0,0,1,1,6,6,1,38,7,1998,1,2,BMW 5 SERIES,4,E01003666,0,-1
2021010296575,2021,010296575,2,9,0,4,4,2,6,0,0,2,0,0,0,0,2,1,6,6,1,27,6,1995,2,5,BMW 5 SERIES,3,E01000130,0,-1
2021010310795,2021,010310795,1,9,0,99,99,9,9,99,99,9,9,99,9,99,2,9,6,6,1,31,6,2993,2,7,BMW 5 SERIES,2,E01004319,0,-1
2021052102653,2021,052102653,2,9,0,18,19,8,4,0,0,2,0,0,0,0,3,1,6,6,1,34,6,1995,2,4,BMW 5 SERIES,3,E01012587,0,-1
2021522104610,2021,522104610,1,9,0,9,9,5,3,0,0,6,0,7,7,1,1,1,1,1,2,40,7,1995,2,6,BMW 5 SERIES,8,E01014921,0,-1
2021440101342,2021,440101342,2,9,0,4,4,2,6,0,0,8,0,0,0,0,0,1,6,6,3,-1,-1,2993,2,11,BMW 5 SERIES,-1,-1,0,-1
2021010331645,2021,010331645,1,9,0,7,7,3,5,0,0,7,0,10,1,7,4,1,6,6,1,38,7,1995,2,8,BMW 5 SERIES,-1,-1,0,-1
2021221013728,2021,221013728,1,9,0,2,2,0,0,0,0,0,0,0,2,11,4,1,5,6,1,46,8,1998,1,1,BMW 5 SERIES,10,E01032356,0,-1
2021451016296,2021,451016296,2,9,0,9,9,7,1,0,0,6,0,0,0,0,1,1,5,6,2,55,8,1995,2,6,BMW 5 SERIES,4,E01030805,0,-1
2021010347899,2021,010347899,1,8,0,5,5,7,3,0,0,0,0,0,0,0,0,1,1,1,1,45,7,1995,2,4,BMW 5 SERIES,8,E01000204,0,-1
2021010328806,2021,010328806,1,9,0,9,9,1,7,99,99,9,9,99,9,99,1,9,6,6,3,33,6,1995,2,3,BMW 5 SERIES,9,E01001926,0,-1
2021010334429,2021,010334429,2,9,0,18,19,3,7,0,0,1,0,0,0,0,0,1,1,1,1,47,8,1998,1,2,BMW 5 SERIES,7,E01002514,0,-1
2021010293926,2021,010293926,2,9,0,18,19,7,3,0,0,1,0,0,0,0,1,1,1,1,1,29,6,1995,2,6,BMW 5 SERIES,4,E01002016,0,-1
2021010288827,2021,010288827,2,9,0,4,4,7,3,0,0,0,0,0,0,0,1,1,6,6,1,41,7,1998,1,2,BMW 5 SERIES,4,E01003666,0,-1
2021061130013,2021,061130013,1,9,0,18,19,8,3,0,0,0,0,0,0,0,1,1,1,1,1,-1,-1,2993,12,1,BMW 5 SERIES,1,E01005202,0,-1
2021101101805,2021,101101805,1,9,0,18,19,7,3,0,0,0,1,0,1,0,1,1,5,6,1,27,6,2993,2,15,BMW 5 SERIES,3,E01008751,0,-1
2021430223206,2021,430223206,1,9,0,18,19,4,8,0,0,0,2,0,2,11,1,1,6,6,1,40,7,1995,2,6,BMW 5 SERIES,2,E01009151,0,-1
2021010327505,2021,010327505,2,9,0,3,3,5,1,0,0,1,0,0,0,0,0,1,1,1,1,20,4,1998,1,2,BMW 5 SERIES,-1,-1,0,-1
2021351092913,2021,351092913,1,9,0,13,13,8,4,0,0,0,0,0,7,9,1,1,2,2,1,38,7,2993,2,7,BMW 5 SERIES,5,E01018102,0,-1
2021401121915,2021,401121915,2,9,0,2,2,0,0,6,6,0,0,0,0,0,3,1,5,6,1,29,6,2000,2,11,BMW 5 SERIES,3,E01015724,0,-1
2021010345969,2021,010345969,1,9,0,14,14,1,5,0,0,5,0,11,0,0,3,1,2,2,1,48,8,2993,2,14,BMW 5 SERIES,5,E01002371,0,-1
2021501086137,2021,501086137,1,9,0,9,9,3,1,0,0,1,0,0,0,0,1,1,6,6,2,48,8,2993,2,15,BMW 5 SERIES,9,E01033515,0,-1
202131D105421,2021,31D105421,1,9,0,18,19,1,5,0,0,2,0,0,0,0,1,1,6,6,1,40,7,1995,2,8,BMW 5 SERIES,6,E01028188,0,-1
2021010293996,2021,010293996,3,9,0,2,2,0,0,0,0,0,0,0,0,0,0,1,6,6,3,-1,-1,1995,2,6,BMW 5 SERIES,-1,-1,0,-1
2021351078727,2021,351078727,1,9,0,18,19,2,6,0,0,1,0,0,0,0,4,1,3,7,2,34,6,1995,2,11,BMW 5 SERIES,2,E01015612,0,-1
2021010309343,2021,010309343,2,9,0,18,19,1,5,0,0,8,0,0,7,3,1,1,6,6,2,60,9,1995,2,7,BMW 5 SERIES,3,E01001394,0,-1
2021461022324,2021,461022324,7,9,0,2,2,0,0,0,0,0,0,0,0,0,2,1,6,6,2,-1,-1,2793,6,21,BMW 5 SERIES,1,E01024666,0,-1
2021531016358,2021,531016358,2,9,0,18,19,7,3,9,9,0,0,0,0,0,0,1,1,1,1,42,7,2993,2,1,BMW 5 SERIES,6,E01032934,0,-1
2021010346521,2021,010346521,1,9,0,6,6,2,2,0,0,0,0,0,0,0,4,1,6,6,1,37,7,1998,8,3,BMW 5 SERIES,2,E01000075,0,-1
2021010306903,2021,010306903,1,9,0,18,19,1,5,0,0,1,0,0,0,0,1,1,2,2,1,44,7,1995,2,5,BMW 5 SERIES,3,E01001166,0,-1
2021010339596,2021,010339596,1,9,0,18,19,5,1,0,0,2,0,0,0,0,0,1,1,1,1,39,7,1998,1,2,BMW 5 SERIES,6,E01002293,0,-1
2021010330033,2021,010330033,4,9,0,18,19,5,1,0,0,1,0,0,0,0,0,1,6,6,1,39,7,1998,1,2,BMW 5 SERIES,5,E01004733,0,-1
2021010338296,2021,010338296,4,9,0,4,4,5,1,0,0,0,0,0,0,0,2,1,6,6,1,49,8,1995,2,4,BMW 5 SERIES,9,E01021619,0,-1
2021520201225,2021,520201225,2,9,0,2,2,0,0,0,0,1,0,0,0,0,2,1,6,6,1,39,7,1995,2,13,BMW 5 SERIES,2,E01029099,0,-1
2021351071654,2021,351071654,1,9,0,18,19,6,2,0,0,0,0,0,1,3,1,1,5,6,1,51,8,1995,2,9,BMW 5 SERIES,6,E01018208,0,-1
2021320011688,2021,320011688,1,9,0,18,19,5,1,0,0,0,0,0,0,0,3,1,4,7,1,77,11,1995,2,8,BMW 5 SERIES,4,E01026102,0,-1
2021471124396,2021,471124396,2,9,0,4,4,5,1,0,0,0,0,0,0,0,2,1,5,6,1,47,8,2993,2,11,BMW 5 SERIES,10,E01031380,0,-1
2021201150008,2021,201150008,1,9,0,18,19,4,8,0,0,0,0,0,0,0,2,1,2,2,1,34,6,1995,2,13,BMW 5 SERIES,1,E01009378,0,-1
2021451084941,2021,451084941,2,9,0,18,19,7,3,0,0,1,0,0,0,0,4,1,2,2,1,43,7,1995,2,2,BMW 5 SERIES,8,E01024758,0,-1
2021401040439,2021,401040439,2,9,0,9,9,6,4,0,0,0,0,0,1,0,4,1,1,1,1,32,6,2993,2,4,BMW 5 SERIES,-1,-1,0,-1
2021010330033,2021,010330033,5,9,0,18,19,1,5,0,0,2,0,0,0,0,1,1,2,2,1,55,8,2993,2,8,BMW 5 SERIES,5,E01000843,0,-1
2021401097618,2021,401097618,2,9,0,18,19,7,3,0,0,0,0,0,0,0,3,1,1,1,1,37,7,2993,2,11,BMW 5 SERIES,9,E01033194,0,-1
2021010331638,2021,010331638,1,9,0,99,99,9,9,99,99,0,9,0,0,0,4,9,6,6,1,32,6,1998,1,3,BMW 5 SERIES,3,E01000092,0,-1
2021610058821,2021,610058821,2,9,0,17,19,4,1,0,0,0,0,0,0,0,1,1,6,6,2,51,8,2993,2,13,BMW 5 SERIES,1,W01001473,0,-1
2021010328271,2021,010328271,3,9,0,18,19,1,5,0,0,8,0,0,0,0,0,1,1,1,2,37,7,1998,1,2,BMW 5 SERIES,7,E01000675,0,-1
2021991081715,2021,991081715,1,9,0,18,19,8,4,0,0,8,0,0,0,0,4,1,5,6,1,34,6,1995,2,14,BMW 5 SERIES,8,-1,0,-1
2021052101331,2021,052101331,1,9,0,9,9,3,1,0,0,1,0,0,0,0,1,1,2,2,1,51,8,1995,2,14,BMW 5 SERIES,1,E01032509,0,-1
2021010302984,2021,010302984,1,9,0,7,7,8,1,0,0,1,0,11,0,0,1,1,6,6,1,31,6,3982,1,26,BMW 5 SERIES,6,E01030550,0,-1
2021211113884,2021,211113884,2,9,0,18,19,5,1,0,0,4,0,0,0,0,3,1,6,6,1,50,8,1998,8,3,BMW 5 SERIES,3,E01029360,0,-1
2021471111303,2021,471111303,4,9,0,18,19,8,4,0,0,0,0,0,0,0,1,1,3,7,1,38,7,1995,2,6,BMW 5 SERIES,5,E01021195,0,-1
2021061060906,2021,061060906,1,9,0,18,19,1,5,0,0,0,0,0,0,0,1,1,6,6,1,30,6,1991,1,24,BMW 5 SERIES,10,E01005883,0,-1
2021010293229,2021,010293229,2,9,0,18,19,5,1,0,0,8,0,0,0,0,0,1,1,1,1,42,7,2993,2,1,BMW 5 SERIES,4,E01000472,0,-1
2021221118737,2021,221118737,1,9,0,18,19,3,7,0,0,0,5,0,2,7,1,1,5,6,1,38,7,2993,2,16,BMW 5 SERIES,8,E01014123,0,-1
2021411018772,2021,411018772,2,9,0,2,2,0,0,0,0,2,0,0,0,0,3,1,6,6,1,76,11,2993,2,14,BMW 5 SERIES,10,E01017727,0,-1
2021461095786,2021,461095786,4,9,0,3,3,6,2,0,0,0,0,0,0,0,2,1,5,6,1,45,7,1995,2,5,BMW 5 SERIES,5,E01024082,0,-1
2021010330034,2021,010330034,1,9,0,9,9,6,4,0,0,8,0,0,0,0,1,1,6,6,1,36,7,1995,2,8,BMW 5 SERIES,6,E01002162,0,-1
2021540734221,2021,540734221,1,9,0,5,5,8,4,0,0,1,0,0,0,0,4,1,6,6,1,59,9,1995,2,9,BMW 5 SERIES,6,E01032117,0,-1
2021401119577,2021,401119577,1,9,0,18,19,2,7,0,0,0,1,0,0,0,1,1,2,2,1,26,6,1995,2,8,BMW 5 SERIES,10,E01027333,0,-1
2021161129171,2021,161129171,4,9,0,2,2,0,0,0,0,0,0,0,0,0,1,1,6,6,3,-1,-1,1995,2,5,BMW 5 SERIES,-1,-1,0,-1
2021010287648,2021,010287648,1,9,0,4,4,5,1,0,0,4,0,0,0,0,2,1,6,6,2,68,10,1995,2,7,BMW 5 SERIES,-1,-1,0,-1
2021421054969,2021,421054969,1,9,0,18,19,2,6,0,0,0,1,0,4,6,3,1,5,6,1,28,6,1995,2,5,BMW 5 SERIES,4,E01001061,0,-1
2021522103129,2021,522103129,2,9,0,9,9,3,1,0,0,1,0,0,0,0,2,1,6,6,1,-1,-1,2494,1,20,BMW 5 SERIES,-1,-1,0,-1
2021501063398,2021,501063398,3,9,0,18,19,1,5,0,0,0,0,0,0,0,2,1,5,6,1,29,6,2494,1,17,BMW 5 SERIES,6,E01015107,0,-1
2021010291908,2021,010291908,1,9,0,99,99,9,9,99,99,9,9,99,9,99,9,9,2,2,1,65,9,1995,2,8,BMW 5 SERIES,5,E01033592,0,-1
2021010342848,2021,010342848,1,9,0,3,3,5,1,0,0,8,0,0,0,0,1,1,2,2,1,46,8,1995,2,7,BMW 5 SERIES,-1,-1,0,-1
2021010296064,2021,010296064,2,9,0,9,9,7,5,0,0,8,0,0,0,0,2,1,6,6,1,48,8,1995,2,5,BMW 5 SERIES,3,E01003570,0,-1
2021010335285,2021,010335285,2,9,0,99,99,9,9,99,99,6,9,99,9,99,1,9,6,6,3,-1,-1,1995,2,5,BMW 5 SERIES,-1,-1,0,-1
2021010305864,2021,010305864,1,9,0,18,19,5,1,9,9,1,0,7,7,10,1,1,1,1,1,36,7,2993,2,1,BMW 5 SERIES,4,E01004142,0,-1
2021010320435,2021,010320435,2,9,0,9,9,1,6,0,0,4,0,0,0,0,3,1,3,7,1,48,8,1995,2,6,BMW 5 SERIES,4,E01000799,0,-1
2021520102067,2021,520102067,3,9,0,18,19,6,2,0,0,0,0,0,0,0,1,1,6,6,2,53,8,1995,2,5,BMW 5 SERIES,3,E01029202,0,-1
2021010297164,2021,010297164,2,9,0,99,99,9,9,0,0,6,0,0,0,0,1,9,6,6,1,48,8,1995,2,4,BMW 5 SERIES,3,E01030588,0,-1
2021010342924,2021,010342924,1,9,0,13,13,3,7,0,0,0,0,0,0,0,4,1,6,6,3,-1,-1,1995,2,10,BMW 5 SERIES,-1,-1,0,-1
2021010350571,2021,010350571,1,8,0,99,99,9,9,99,99,9,9,99,9,99,9,9,1,1,1,30,6,1995,2,6,BMW 5 SERIES,1,E01001554,0,-1
2021010302741,2021,010302741,2,9,0,99,99,9,9,99,99,9,9,99,9,99,9,9,6,6,3,-1,-1,1995,2,14,BMW 5 SERIES,-1,-1,0,-1
2021201040859,2021,201040859,1,9,0,18,19,2,6,0,0,0,0,0,0,0,4,1,6,6,1,37,7,2993,2,9,BMW 5 SERIES,1,E01009410,0,-1
202154A626921,2021,54A626921,3,9,0,4,4,1,5,0,0,1,0,0,0,0,2,1,6,6,1,45,7,1995,2,7,BMW 5 SERIES,10,E01032080,0,-1
2021010337145,2021,010337145,3,9,0,2,2,0,0,0,0,1,0,0,0,0,1,1,6,6,3,-1,-1,1995,2,5,BMW 5 SERIES,-1,-1,0,-1
2021010341103,2021,010341103,2,9,9,18,19,5,1,0,0,1,0,0,0,0,1,1,6,6,1,35,6,1995,2,7,BMW 5 SERIES,6,E01023322,0,-1
2021991096484,2021,991096484,3,9,0,18,19,6,2,0,0,0,0,0,0,0,2,1,2,2,1,37,7,1995,2,5,BMW 5 SERIES,4,-1,0,-1
2021010346399,2021,010346399,1,9,0,9,9,4,2,0,0,8,0,0,0,0,1,1,3,7,1,42,7,1995,2,7,BMW 5 SERIES,-1,-1,0,-1
2021440208830,2021,440208830,2,9,0,4,4,7,3,0,0,0,0,0,0,0,0,1,6,6,1,24,5,1995,2,12,BMW 5 SERIES,4,E01017362,0,-1
2021546674921,2021,546674921,2,9,0,4,4,5,1,0,0,1,0,0,0,0,2,1,6,6,1,48,8,1998,8,0,BMW 5 SERIES,2,E01015506,0,-1
2021547265921,2021,547265921,2,9,0,11,11,2,7,0,0,8,0,0,0,0,3,1,6,6,1,50,8,1995,2,8,BMW 5 SERIES,10,E01028745,0,-1
2021302100969,2021,302100969,2,9,0,3,3,2,6,0,0,4,0,0,0,0,0,1,6,6,2,47,8,2993,2,11,BMW 5 SERIES,5,E01019598,0,-1
2021430304592,2021,430304592,1,9,0,7,7,6,8,0,0,1,0,0,0,0,1,1,6,6,1,49,8,1995,2,13,BMW 5 SERIES,-1,-1,0,-1
2021201132014,2021,201132014,2,9,0,18,19,1,5,0,0,8,0,0,0,0,1,1,6,6,1,37,7,1995,2,10,BMW 5 SERIES,1,E01009200,0,-1
2021461071093,2021,461071093,1,9,0,18,19,3,7,0,0,0,0,0,0,0,1,1,6,6,1,37,7,3000,1,11,BMW 5 SERIES,6,E01004218,0,-1
2021010320792,2021,010320792,2,9,0,18,19,1,5,0,0,0,0,0,0,0,0,1,1,1,1,39,7,2993,2,1,BMW 5 SERIES,3,E01003221,0,-1
2021552100432,2021,552100432,3,9,0,18,19,6,1,0,0,8,0,0,0,0,0,1,1,1,1,33,6,2993,2,5,BMW 5 SERIES,7,E01020491,0,-1