collision_index,collision_year,collision_ref_no,vehicle_reference,vehicle_type,towing_and_articulation,vehicle_manoeuvre_historic,vehicle_manoeuvre,vehicle_direction_from,vehicle_direction_to,vehicle_location_restricted_lane_historic,vehicle_location_restricted_lane,junction_location,skidding_and_overturning,hit_object_in_carriageway,vehicle_leaving_carriageway,hit_object_off_carriageway,first_point_of_impact,vehicle_left_hand_drive,journey_purpose_of_driver_historic,journey_purpose_of_driver,sex_of_driver,age_of_driver,age_band_of_driver,engine_capacity_cc,propulsion_code,age_of_vehicle,generic_make_model,driver_imd_decile,lsoa_of_driver,escooter_flag,driver_distance_banding
2021421053408,2021,421053408,2,9,0,3,3,1,5,0,0,2,0,0,0,0,2,1,3,7,2,39,7,1995,2,8,BMW 5 SERIES,4,E01016011,0,-1
2021170M10601,2021,170M10601,2,9,0,18,19,8,4,0,0,8,0,0,0,0,4,1,6,6,2,24,5,1995,2,7,BMW 5 SERIES,7,E01012152,0,-1
2021201128426,2021,201128426,1,9,0,18,19,2,6,0,0,4,0,0,0,0,1,1,6,6,1,30,6,1998,8,4,BMW 5 SERIES,2,E01009414,0,-1
2021991074306,2021,991074306,1,9,0,18,19,7,3,0,0,3,1,0,0,0,1,1,1,1,1,30,6,1995,2,15,BMW 5 SERIES,1,-1,0,-1
2021991118420,2021,991118420,3,9,0,18,19,6,4,0,0,1,0,0,0,0,0,1,1,1,1,40,7,2993,2,1,BMW 5 SERIES,4,-1,0,-1
2021401045911,2021,401045911,1,9,0,5,5,8,4,0,0,1,0,0,0,0,1,1,1,1,1,52,8,2993,2,2,BMW 5 SERIES,-1,-1,0,-1
2021010337034,2021,010337034,2,9,0,18,19,4,8,1,1,2,0,0,0,0,1,1,1,1,1,40,7,1998,1,2,BMW 5 SERIES,4,E01003666,0,-1
2021010295219,2021,010295219,1,9,0,99,99,9,9,99,99,9,9,99,9,99,9,9,2,2,1,59,9,2996,1,13,BMW 5 SERIES,2,E01004055,0,-1
2021010348477,2021,010348477,1,9,0,9,9,1,6,0,0,5,0,0,0,0,1,1,6,6,1,49,8,1995,2,5,BMW 5 SERIES,2,E01002634,0,-1
2021501043480,2021,501043480,2,9,0,2,2,5,1,0,0,8,0,0,0,0,0,1,1,1,1,46,8,2993,2,1,BMW 5 SERIES,4,E01015029,0,-1
2021061096415,2021,061096415,1,9,0,9,9,6,2,0,0,2,0,0,0,0,1,1,5,6,2,34,6,1995,2,13,BMW 5 SERIES,1,E01005707,0,-1
2021061045119,2021,061045119,2,9,0,18,19,6,2,0,0,0,0,0,0,0,4,1,5,6,1,33,6,2993,2,17,BMW 5 SERIES,1,E01005781,0,-1
2021231037132,2021,231037132,1,9,0,9,9,7,5,0,0,5,0,0,0,0,3,1,5,6,2,27,6,2293,2,14,BMW 5 SERIES,1,E01032890,0,-1
2021401074018,2021,401074018,2,9,0,17,19,5,1,0,0,0,0,0,0,0,0,1,1,1,1,-1,-1,2993,2,2,BMW 5 SERIES,6,E01018151,0,-1
2021320559338,2021,320559338,4,9,0,18,19,4,8,0,0,0,0,0,1,0,2,1,6,6,1,40,7,1998,8,0,BMW 5 SERIES,9,E01026301,0,-1
2021131081999,2021,131081999,1,9,0,5,5,1,5,0,0,6,0,0,0,0,3,1,6,6,3,-1,-1,1995,2,14,BMW 5 SERIES,-1,-1,0,-1
2021546050221,2021,546050221,2,9,0,18,19,6,2,0,0,1,0,0,0,0,1,1,2,2,1,47,8,1995,2,5,BMW 5 SERIES,8,E01031894,0,-1
2021421024905,2021,421024905,5,9,0,18,19,5,1,0,0,8,0,0,0,0,0,1,1,1,1,47,8,2993,2,2,BMW 5 SERIES,8,E01021750,0,-1
2021302100783,2021,302100783,1,9,0,18,19,4,8,0,0,1,0,0,0,0,1,1,6,6,1,29,6,2993,2,14,BMW 5 SERIES,3,E01025706,0,-1
2021010321252,2021,010321252,2,9,9,18,19,5,1,0,0,1,9,0,0,99,3,9,6,6,3,-1,-1,1998,8,2,BMW 5 SERIES,-1,-1,0,-1
202154C312921,2021,54C312921,2,9,0,3,3,4,8,0,0,0,0,0,0,0,2,1,6,6,1,35,6,2979,1,19,BMW 5 SERIES,10,E01015512,0,-1
2021201114122,2021,201114122,1,9,0,18,19,2,6,0,0,2,0,10,1,11,1,1,6,6,1,25,5,2993,2,15,BMW 5 SERIES,1,E01033643,0,-1
2021070725730,2021,070725730,1,9,0,3,3,1,1,0,0,0,0,0,0,0,2,1,1,1,1,22,5,1998,1,1,BMW 5 SERIES,6,E01012475,0,-1
2021552100903,2021,552100903,1,9,0,18,19,2,4,0,0,1,0,0,0,0,1,1,6,6,1,34,6,2993,2,15,BMW 5 SERIES,4,E01015343,0,-1
2021010326088,2021,010326088,2,9,0,18,19,2,6,0,0,8,0,0,0,0,1,1,2,2,2,28,6,1995,2,8,BMW 5 SERIES,6,E01021772,0,-1
2021221051676,2021,221051676,1,9,0,17,19,4,8,0,0,0,1,10,1,4,1,1,5,6,1,35,6,2993,2,16,BMW 5 SERIES,2,E01032461,0,-1
2021010288340,2021,010288340,2,9,0,99,99,9,9,99,99,9,9,99,9,99,2,9,6,6,3,-1,-1,1995,2,7,BMW 5 SERIES,-1,-1,0,-1
2021231083662,2021,231083662,3,9,0,18,19,5,1,0,0,0,0,0,0,0,1,1,5,6,1,48,8,1995,2,6,BMW 5 SERIES,1,E01009273,0,-1
2021522103247,2021,522103247,1,9,0,18,19,5,1,0,0,8,0,0,0,0,4,1,6,6,1,45,7,1995,2,10,BMW 5 SERIES,9,E01014713,0,-1
2021010308303,2021,010308303,2,9,0,99,99,9,9,99,99,1,9,99,9,99,9,9,6,6,3,35,6,2993,2,3,BMW 5 SERIES,10,E01021467,0,-1
2021421113680,2021,421113680,2,9,0,18,19,1,5,0,0,1,0,0,0,0,0,1,6,6,1,42,7,1995,2,7,BMW 5 SERIES,-1,-1,0,-1
2021131065730,2021,131065730,1,9,0,18,19,8,4,0,0,1,0,0,0,0,1,1,6,6,1,30,6,1995,2,10,BMW 5 SERIES,1,E01010733,0,-1
2021501100131,2021,501100131,2,9,0,18,19,7,3,6,6,1,1,0,2,3,2,1,6,6,1,73,10,2497,2,16,BMW 5 SERIES,5,E01029314,0,-1
2021041032753,2021,041032753,1,9,0,18,19,5,1,0,0,1,0,0,0,0,4,2,5,6,2,34,6,1995,2,8,BMW 5 SERIES,3,E01006994,0,-1
2021461017911,2021,461017911,1,9,0,18,19,8,4,0,0,0,1,0,1,6,1,1,5,6,1,28,6,1995,2,9,BMW 5 SERIES,1,E01024660,0,-1
2021371099051,2021,371099051,1,9,0,18,19,6,1,0,0,0,5,0,7,9,3,1,5,6,1,20,4,2993,2,16,BMW 5 SERIES,6,E01033453,0,-1
2021052100868,2021,052100868,1,9,0,9,9,7,5,0,0,5,0,0,7,0,1,1,6,6,2,22,5,1995,2,12,BMW 5 SERIES,3,E01006717,0,-1
2021010303109,2021,010303109,1,9,0,18,19,3,7,0,0,1,0,0,0,0,3,1,6,6,1,44,7,2996,1,16,BMW 5 SERIES,3,E01002027,0,-1
2021061052860,2021,061052860,2,9,0,18,19,6,2,0,0,0,0,0,0,0,1,1,6,6,3,30,6,1995,2,6,BMW 5 SERIES,-1,-1,0,-1
2021101101971,2021,101101971,2,9,0,18,19,1,5,0,0,8,0,0,0,0,1,1,5,6,2,34,6,1995,2,2,BMW 5 SERIES,3,E01027395,0,-1
2021361077188,2021,361077188,3,9,0,4,4,7,3,0,0,0,0,0,0,0,2,1,3,7,2,36,7,1995,2,6,BMW 5 SERIES,8,E01026470,0,-1
2021520104218,2021,520104218,1,9,0,18,19,4,8,0,0,0,0,0,7,2,1,1,6,6,1,35,6,2993,2,13,BMW 5 SERIES,4,E01014968,0,-1
2021070295260,2021,070295260,1,9,0,15,15,3,7,0,0,1,0,0,0,0,0,1,6,6,1,58,9,2993,2,6,BMW 5 SERIES,8,E01014214,0,-1
2021010338110,2021,010338110,3,9,0,18,19,6,2,0,0,0,0,0,0,0,0,1,1,1,1,34,6,2993,2,1,BMW 5 SERIES,7,E01003456,0,-1
2021461078429,2021,461078429,2,9,0,3,3,4,8,0,0,0,0,0,0,0,2,1,6,6,1,46,8,2998,1,4,BMW 5 SERIES,10,E01024402,0,-1
2021361101543,2021,361101543,2,9,0,18,19,5,1,0,0,8,0,0,0,0,3,1,5,6,1,70,10,1995,2,6,BMW 5 SERIES,4,E01026694,0,-1
2021440292771,2021,440292771,2,9,0,18,19,1,5,0,0,0,0,0,0,0,1,1,6,6,2,56,9,1995,2,9,BMW 5 SERIES,8,E01022935,0,-1
2021522100290,2021,522100290,1,9,0,18,19,2,6,0,0,0,0,0,0,0,1,1,1,1,2,55,8,1995,2,12,BMW 5 SERIES,9,E01014758,0,-1
2021010315927,2021,010315927,2,9,0,99,99,9,9,99,99,9,9,99,9,99,1,9,6,6,2,31,6,2993,2,11,BMW 5 SERIES,5,E01021575,0,-1
2021411070752,2021,411070752,2,9,0,4,4,8,4,0,0,0,0,0,0,0,1,1,1,1,1,32,6,2993,2,3,BMW 5 SERIES,-1,-1,0,-1
2021010345467,2021,010345467,1,9,0,18,19,3,7,0,0,1,0,0,0,0,0,1,6,6,1,45,7,2993,2,1,BMW 5 SERIES,9,E01003356,0,-1
2021010334962,2021,010334962,2,9,0,4,4,1,5,0,0,2,0,0,0,0,2,2,6,6,2,31,6,1995,2,8,BMW 5 SERIES,7,E01000657,0,-1
2021010287625,2021,010287625,3,9,0,99,99,9,9,99,99,0,9,99,9,99,0,9,6,6,3,-1,-1,1995,2,6,BMW 5 SERIES,-1,-1,0,-1
2021010336721,2021,010336721,1,9,0,18,19,5,1,0,0,1,0,0,0,0,1,1,6,6,1,34,6,2497,1,15,BMW 5 SERIES,2,E01033327,0,-1
2021010291154,2021,010291154,1,9,0,99,99,9,9,99,99,9,9,99,9,99,4,9,6,6,1,26,6,1998,1,3,BMW 5 SERIES,2,E01003079,0,-1
2021010320400,2021,010320400,1,9,0,18,19,7,3,0,0,2,0,0,0,0,1,1,1,1,1,29,6,2993,2,1,BMW 5 SERIES,4,E01003666,0,-1
2021010308109,2021,010308109,1,9,0,9,9,7,5,0,0,1,0,0,0,0,3,1,6,6,1,26,6,1995,2,7,BMW 5 SERIES,6,E01002135,0,-1
2021061072334,2021,061072334,1,9,0,18,19,8,4,0,0,6,0,0,0,0,1,1,5,6,1,51,8,1995,2,6,BMW 5 SERIES,2,E01005460,0,-1
2021041079569,2021,041079569,2,9,0,18,19,1,5,0,0,0,0,0,0,0,3,1,5,6,1,28,6,1995,2,8,BMW 5 SERIES,5,E01024958,0,-1
2021010302553,2021,010302553,2,9,0,18,19,5,1,0,0,8,0,0,0,0,1,1,6,6,1,-1,-1,1995,2,15,BMW 5 SERIES,3,E01004528,0,-1
2021552101294,2021,552101294,1,9,0,5,5,3,6,0,0,4,0,0,0,0,1,1,2,2,1,40,7,2993,2,13,BMW 5 SERIES,7,E01015408,0,-1
2021471014347,2021,471014347,1,9,0,18,19,8,4,0,0,1,0,0,0,0,4,1,1,1,2,37,7,2993,2,3,BMW 5 SERIES,1,E01020992,0,-1
202131C155421,2021,31C155421,1,9,0,17,19,8,4,0,0,8,0,0,0,0,1,1,1,1,1,58,9,1995,2,12,BMW 5 SERIES,1,E01013813,0,-1
2021545519521,2021,545519521,1,9,0,14,14,4,8,0,0,1,0,0,0,0,1,1,6,6,1,34,6,1995,2,8,BMW 5 SERIES,9,E01028738,0,-1
2021302101590,2021,302101590,1,9,0,18,19,1,5,0,0,0,1,0,0,0,1,1,6,6,3,-1,-1,2993,2,17,BMW 5 SERIES,5,E01019456,0,-1
2021430490981,2021,430490981,1,9,0,17,19,6,3,0,0,0,0,0,1,11,1,1,6,6,1,39,7,1995,2,15,BMW 5 SERIES,10,E01017865,0,-1
2021070824680,2021,070824680,1,9,0,4,4,7,2,0,0,0,0,11,0,0,1,1,2,2,2,55,8,1995,2,8,BMW 5 SERIES,-1,-1,0,-1
2021010287818,2021,010287818,1,9,0,7,7,7,2,0,0,1,0,0,0,0,3,1,6,6,1,33,6,1995,2,6,BMW 5 SERIES,1,E01027231,0,-1
2021440106028,2021,440106028,2,9,0,9,9,1,7,0,0,8,0,0,0,0,1,1,6,6,1,-1,-1,2993,2,11,BMW 5 SERIES,-1,-1,0,-1
2021010305020,2021,010305020,1,9,0,4,4,3,7,0,0,8,0,0,0,0,1,1,1,1,1,45,7,2993,2,1,BMW 5 SERIES,3,E01004666,0,-1
2021131061491,2021,131061491,1,9,0,7,7,5,1,0,0,0,1,0,7,0,1,1,5,6,1,39,7,2000,2,12,BMW 5 SERIES,8,E01010709,0,-1
2021141060317,2021,141060317,2,9,0,18,19,7,3,0,0,6,0,0,0,0,1,1,6,6,1,30,6,2494,1,21,BMW 5 SERIES,6,E01008002,0,-1
2021010302450,2021,010302450,2,9,0,99,99,9,9,99,99,9,9,99,9,99,9,9,6,6,3,-1,-1,1995,2,5,BMW 5 SERIES,-1,-1,0,-1
2021461112657,2021,461112657,1,9,0,9,9,2,8,0,0,0,0,0,0,0,4,1,5,6,1,47,8,1995,2,10,BMW 5 SERIES,4,E01024167,0,-1
2021351096347,2021,351096347,2,9,0,2,2,0,0,0,0,0,0,0,0,0,2,1,2,2,2,47,8,2497,2,17,BMW 5 SERIES,7,E01018188,0,-1
2021010318071,2021,010318071,6,9,0,18,19,1,5,0,0,0,0,0,0,0,0,1,1,1,1,28,6,2993,2,1,BMW 5 SERIES,3,E01002133,0,-1
2021010331221,2021,010331221,1,9,5,18,19,3,7,0,0,0,0,0,0,0,0,1,2,2,1,33,6,1995,12,2,BMW 5 SERIES,4,E01023301,0,-1
2021440195494,2021,440195494,1,9,0,9,9,1,7,0,0,8,0,0,0,0,1,1,2,2,1,32,6,2494,1,17,BMW 5 SERIES,4,E01001041,0,-1
2021061044093,2021,061044093,10,9,0,18,19,1,5,0,0,0,0,0,0,0,3,1,6,6,1,50,8,1998,8,2,BMW 5 SERIES,9,E01009416,0,-1
2021010348124,2021,010348124,1,9,0,18,19,3,7,0,0,0,0,0,0,0,1,1,6,6,2,34,6,2993,2,1,BMW 5 SERIES,4,E01004142,0,-1
2021010339741,2021,010339741,1,9,0,17,19,6,2,0,0,6,0,0,0,0,1,1,1,1,1,34,6,1998,8,2,BMW 5 SERIES,3,E01003388,0,-1
2021010310546,2021,010310546,2,9,0,3,3,5,1,0,0,2,0,0,0,0,0,1,1,1,1,40,7,1995,2,4,BMW 5 SERIES,3,E01004325,0,-1
2021010306396,2021,010306396,1,9,0,17,19,3,7,0,0,0,1,7,0,0,4,1,1,1,1,32,6,4799,1,15,BMW 5 SERIES,5,E01002083,0,-1
2021041017165,2021,041017165,2,9,0,4,4,1,5,0,0,0,0,0,0,0,2,1,5,6,1,72,10,1995,12,1,BMW 5 SERIES,10,E01025022,0,-1
2021010327619,2021,010327619,1,9,0,18,19,1,5,0,0,8,0,0,1,2,4,1,3,7,1,30,6,1995,2,6,BMW 5 SERIES,6,E01015968,0,-1
2021351084409,2021,351084409,1,9,0,5,5,1,5,0,0,1,0,0,0,0,2,1,6,6,3,-1,-1,2171,1,17,BMW 5 SERIES,-1,-1,0,-1
2021440288435,2021,440288435,2,9,0,18,19,1,5,0,0,0,0,0,0,0,2,1,6,6,1,33,6,1995,2,9,BMW 5 SERIES,5,E01001910,0,-1
2021430218629,2021,430218629,2,9,0,13,13,5,1,0,0,8,0,0,0,0,4,1,6,6,1,-1,-1,1995,2,15,BMW 5 SERIES,-1,-1,0,-1
2021461114514,2021,461114514,2,9,0,18,19,8,4,0,0,0,0,0,0,0,1,1,1,1,1,35,6,2993,2,4,BMW 5 SERIES,-1,-1,0,-1
2021070087354,2021,070087354,2,9,0,2,2,0,0,0,0,0,0,0,0,0,3,1,2,2,1,24,5,2993,2,7,BMW 5 SERIES,6,E01018479,0,-1
2021010292751,2021,010292751,5,9,0,18,19,7,3,0,0,0,0,0,0,0,0,1,1,1,1,39,7,2993,2,1,BMW 5 SERIES,3,E01003221,0,-1
2021010328801,2021,010328801,4,9,0,18,19,3,7,0,0,2,1,10,2,2,1,1,6,6,1,23,5,1995,2,6,BMW 5 SERIES,3,E01032785,0,-1
202134WNC4651,2021,34WNC4651,1,9,0,18,19,1,5,0,0,0,0,0,0,0,4,1,6,6,2,27,6,1995,2,10,BMW 5 SERIES,6,E01027169,0,-1
2021010294196,2021,010294196,2,9,0,18,19,7,3,9,9,8,0,0,0,0,0,1,6,6,1,50,8,1998,1,2,BMW 5 SERIES,3,E01003221,0,-1
2021010298285,2021,010298285,2,9,0,18,19,7,3,0,0,0,0,0,0,0,1,1,1,1,1,41,7,1998,1,2,BMW 5 SERIES,4,E01000472,0,-1
2021052101819,2021,052101819,1,9,0,18,19,5,1,0,0,0,0,0,1,2,1,1,6,6,1,36,7,1995,2,11,BMW 5 SERIES,8,E01025416,0,-1
2021010336161,2021,010336161,2,9,0,18,19,3,7,0,0,1,0,0,0,0,1,1,3,7,3,32,6,2500,1,11,BMW 5 SERIES,6,E01002628,0,-1
2021451047747,2021,451047747,2,9,0,9,9,5,1,0,0,8,0,0,0,0,1,1,5,6,1,66,10,2993,2,5,BMW 5 SERIES,7,E01030741,0,-1
2021010311747,2021,010311747,2,9,0,5,5,5,1,0,0,2,0,0,0,0,3,1,6,6,1,36,7,1995,2,8,BMW 5 SERIES,-1,-1,0,-1
2021170H10341,2021,170H10341,1,9,0,18,19,6,2,0,0,0,0,0,0,0,1,1,6,6,1,37,7,1995,2,3,BMW 5 SERIES,2,E01008261,0,-1
2021991060532,2021,991060532,1,9,0,13,13,6,2,0,0,0,0,0,0,0,0,1,6,6,1,67,10,2993,2,3,BMW 5 SERIES,10,-1,0,-1
2021201070933,2021,201070933,4,9,0,18,19,4,8,0,0,2,0,0,0,0,0,1,1,1,1,-1,-1,2993,2,1,BMW 5 SERIES,-1,-1,0,-1
2021010319706,2021,010319706,1,9,0,99,99,9,9,99,99,9,9,99,9,99,9,9,6,6,1,33,6,1995,2,7,BMW 5 SERIES,8,E01004143,0,-1
2021421016377,2021,421016377,1,9,0,7,7,1,5,0,0,0,0,0,0,0,1,1,6,6,1,39,7,2993,2,8,BMW 5 SERIES,3,E01015956,0,-1
2021411097081,2021,411097081,1,9,0,18,19,2,6,0,0,0,0,0,7,10,1,1,6,6,1,33,6,1995,2,2,BMW 5 SERIES,10,E01023559,0,-1
2021010289460,2021,010289460,1,9,0,99,99,9,9,99,99,1,9,99,9,99,2,9,6,6,1,32,6,2497,2,17,BMW 5 SERIES,4,E01003513,0,-1
2021010300987,2021,010300987,2,9,0,18,19,7,3,0,0,0,0,0,0,0,0,1,6,6,1,42,7,2993,2,1,BMW 5 SERIES,7,E01002514,0,-1
2021010298926,2021,010298926,1,9,0,99,99,9,9,99,99,9,9,99,9,99,9,9,6,6,2,30,6,1995,2,7,BMW 5 SERIES,4,E01004254,0,-1
2021010298467,2021,010298467,3,9,0,18,19,5,1,0,0,0,0,0,0,0,0,1,1,1,1,36,7,1998,1,2,BMW 5 SERIES,4,E01000472,0,-1
2021061039089,2021,061039089,4,9,0,2,2,1,1,9,9,2,0,0,0,0,4,1,6,6,3,-1,-1,1995,2,13,BMW 5 SERIES,-1,-1,0,-1
202106X079525,2021,06X079525,1,9,0,18,19,6,2,0,0,0,0,0,0,0,1,1,6,6,1,18,4,1995,2,9,BMW 5 SERIES,1,E01010617,0,-1
2021010294200,2021,010294200,1,9,0,99,99,9,9,99,99,9,9,99,9,99,4,9,6,6,1,52,8,1995,2,6,BMW 5 SERIES,2,E01001218,0,-1
2021201084880,2021,201084880,1,9,0,11,11,7,3,0,0,4,0,0,0,0,1,1,6,6,1,-1,-1,1995,2,9,BMW 5 SERIES,-1,-1,0,-1
2021320643184,2021,320643184,1,9,0,18,19,7,3,0,0,2,0,0,0,0,4,1,6,6,1,24,5,2494,1,22,BMW 5 SERIES,7,E01026188,0,-1
2021010302016,2021,010302016,1,9,0,99,99,9,9,99,99,9,9,99,9,99,2,9,2,2,2,41,7,1995,2,14,BMW 5 SERIES,8,E01030666,0,-1
2021010302981,2021,010302981,2,9,0,18,19,1,5,0,0,3,0,0,0,0,0,1,1,1,1,38,7,1998,1,2,BMW 5 SERIES,-1,-1,0,-1
2021010308014,2021,010308014,2,9,0,99,99,9,9,99,99,9,9,99,9,99,1,9,6,6,3,-1,-1,1995,2,5,BMW 5 SERIES,-1,-1,0,-1
2021010315555,2021,010315555,6,9,0,18,19,3,7,0,0,1,0,0,0,0,0,1,1,1,1,42,7,1998,1,2,BMW 5 SERIES,3,E01004666,0,-1
2021010335227,2021,010335227,2,9,9,99,99,9,9,0,0,9,0,0,0,0,9,9,6,6,3,-1,-1,4398,1,16,BMW 5 SERIES,4,E01022040,0,-1
2021010298970,2021,010298970,1,9,0,18,19,3,7,0,0,2,0,0,0,0,1,1,1,1,1,49,8,1998,1,2,BMW 5 SERIES,4,E01003666,0,-1
2021411117899,2021,411117899,2,9,0,18,19,1,5,0,0,0,0,0,0,0,2,1,6,6,1,56,9,1995,2,8,BMW 5 SERIES,3,E01002526,0,-1
202134NNC2141,2021,34NNC2141,2,9,0,4,4,4,8,0,0,2,0,0,0,0,2,1,6,6,2,30,6,1995,2,8,BMW 5 SERIES,3,E01025976,0,-1
2021010343870,2021,010343870,1,9,0,3,3,5,1,99,99,9,9,0,0,0,2,1,6,6,1,23,5,1995,2,9,BMW 5 SERIES,7,E01000295,0,-1
2021161037898,2021,161037898,3,9,0,18,19,6,1,0,0,8,0,4,0,0,2,2,1,1,2,26,6,2993,2,3,BMW 5 SERIES,10,E01013090,0,-1
2021010337572,2021,010337572,1,9,0,18,19,5,1,0,0,1,0,0,0,0,0,1,6,6,1,39,7,1998,1,2,BMW 5 SERIES,4,E01004142,0,-1
2021061124574,2021,061124574,2,9,0,18,19,4,8,0,0,1,0,0,0,0,3,1,6,6,1,37,7,1995,2,9,BMW 5 SERIES,3,E01005282,0,-1
2021010331156,2021,010331156,1,9,0,18,19,7,3,0,0,1,0,0,0,0,4,1,6,6,2,50,8,1998,1,1,BMW 5 SERIES,6,E01001295,0,-1
202163C013221,2021,63C013221,1,9,0,18,19,6,2,0,0,8,0,0,7,10,1,1,6,6,1,53,8,2497,2,15,BMW 5 SERIES,6,W01000613,0,-1
2021471126562,2021,471126562,2,9,0,18,19,1,5,0,0,8,0,0,0,0,4,1,5,6,2,32,6,2993,2,16,BMW 5 SERIES,1,E01020994,0,-1
2021122101043,2021,122101043,1,9,0,18,19,7,3,0,0,0,0,0,0,0,1,1,6,6,1,61,9,2993,2,9,BMW 5 SERIES,2,E01008301,0,-1
2021522103567,2021,522103567,2,8,0,18,19,8,4,2,2,0,0,0,0,0,4,1,6,6,1,50,8,1995,2,6,BMW 5 SERIES,-1,-1,0,-1
2021010345911,2021,010345911,3,9,0,18,19,1,5,0,0,1,0,0,0,0,0,1,1,1,1,39,7,2993,2,2,BMW 5 SERIES,4,E01000472,0,-1
2021010322672,2021,010322672,2,9,0,13,13,1,5,0,0,8,0,0,0,0,1,1,6,6,1,20,4,2979,1,17,BMW 5 SERIES,-1,-1,0,-1
2021430582635,2021,430582635,1,9,0,9,9,7,5,0,0,5,0,0,0,0,1,1,6,6,1,34,6,1995,2,6,BMW 5 SERIES,4,E01016514,0,-1
2021010348848,2021,010348848,2,9,0,3,3,5,1,0,0,0,0,0,0,0,1,1,1,1,1,61,9,1995,2,3,BMW 5 SERIES,5,E01016419,0,-1
2021131080056,2021,131080056,1,9,0,-1,-1,-1,-1,-1,-1,0,-1,-1,-1,-1,-1,1,6,6,3,-1,-1,2497,2,16,BMW 5 SERIES,-1,-1,0,-1
2021010345911,2021,010345911,1,9,0,18,19,1,5,0,0,1,0,0,3,10,1,1,6,6,1,33,6,2993,2,15,BMW 5 SERIES,2,E01000223,0,-1
2021991038996,2021,991038996,2,9,0,16,19,3,6,0,0,6,0,0,0,0,4,1,5,6,2,36,7,1995,2,13,BMW 5 SERIES,3,-1,0,-1
2021070122410,2021,070122410,2,9,0,4,4,5,1,0,0,1,0,0,0,0,1,1,6,6,2,-1,-1,1995,2,4,BMW 5 SERIES,5,E01018620,0,-1
2021010347950,2021,010347950,2,9,0,99,99,9,9,99,99,9,9,99,9,99,1,9,6,6,3,-1,-1,2497,2,17,BMW 5 SERIES,2,E01001555,0,-1
2021361111269,2021,361111269,1,9,0,18,19,5,5,0,0,0,0,0,0,0,1,1,5,6,1,77,11,1995,2,8,BMW 5 SERIES,8,E01026542,0,-1
2021010323119,2021,010323119,2,9,0,5,5,5,1,0,0,8,0,0,0,0,1,1,6,6,1,39,7,2993,2,6,BMW 5 SERIES,3,E01004633,0,-1
2021010333261,2021,010333261,2,9,0,99,99,9,9,99,99,9,9,99,9,99,9,9,2,2,1,54,8,1995,2,5,BMW 5 SERIES,10,E01017924,0,-1
2021411085355,2021,411085355,1,9,0,-1,-1,-1,-1,0,0,1,0,0,0,0,-1,1,6,6,3,-1,-1,1995,2,9,BMW 5 SERIES,-1,-1,0,-1
2021991069599,2021,991069599,2,9,0,7,7,2,4,0,0,8,0,0,0,0,1,1,5,6,1,64,9,1995,2,14,BMW 5 SERIES,3,-1,0,-1
2021221040135,2021,221040135,2,9,0,4,4,3,7,0,0,0,0,0,0,0,2,1,2,2,1,28,6,1995,2,7,BMW 5 SERIES,3,W01000287,0,-1
2021430375570,2021,430375570,2,9,0,18,19,2,6,0,0,8,0,0,0,0,1,1,6,6,1,62,9,1995,2,13,BMW 5 SERIES,10,E01016632,0,-1
2021401128598,2021,401128598,1,9,0,17,19,5,1,0,0,1,0,0,0,0,1,1,6,6,1,58,9,2996,1,15,BMW 5 SERIES,3,E01017518,0,-1
2021371017321,2021,371017321,1,9,0,18,19,1,5,0,0,1,0,0,0,0,1,1,6,6,1,41,7,1995,2,8,BMW 5 SERIES,10,E01033442,0,-1
2021010288406,2021,010288406,1,9,0,18,19,7,3,0,0,0,0,0,0,0,3,1,6,6,1,46,8,1998,1,2,BMW 5 SERIES,6,E01000330,0,-1
2021141114325,2021,141114325,2,9,0,17,19,4,1,0,0,1,0,0,0,0,1,2,6,6,1,52,8,1998,8,2,BMW 5 SERIES,6,E01007421,0,-1
2021501088815,2021,501088815,3,9,0,2,2,0,0,0,0,0,0,0,0,0,3,1,6,6,1,-1,-1,1995,2,5,BMW 5 SERIES,10,E01028806,0,-1
2021010313423,2021,010313423,1,9,0,18,19,1,5,0,0,1,0,0,0,0,1,1,6,6,1,22,5,1995,2,4,BMW 5 SERIES,9,E01002516,0,-1
2021320424005,2021,320424005,2,9,0,4,4,7,4,0,0,0,0,0,0,0,1,1,1,1,1,40,7,2993,2,1,BMW 5 SERIES,-1,-1,0,-1
2021522106031,2021,522106031,3,9,0,18,19,5,1,0,0,0,0,0,0,0,4,1,6,6,1,50,8,2993,2,3,BMW 5 SERIES,10,E01014793,0,-1
2021010308124,2021,010308124,1,9,0,5,5,5,1,0,0,6,0,0,0,0,4,1,1,1,1,41,7,1998,1,3,BMW 5 SERIES,10,E01030320,0,-1
2021010348169,2021,010348169,4,9,0,4,4,7,3,0,0,1,0,0,0,0,0,1,6,6,1,42,7,2993,2,1,BMW 5 SERIES,4,E01003666,0,-1
2021010335064,2021,010335064,1,9,0,18,19,3,7,9,9,0,0,10,1,2,1,1,6,6,1,43,7,2979,1,17,BMW 5 SERIES,-1,-1,0,-1
2021010296093,2021,010296093,1,9,0,99,99,9,9,99,99,9,9,99,9,99,1,9,6,6,2,29,6,1995,2,8,BMW 5 SERIES,2,E01000433,0,-1
2021991076129,2021,991076129,2,9,0,3,3,1,5,0,0,1,0,0,0,0,2,1,5,6,1,54,8,1995,2,9,BMW 5 SERIES,7,-1,0,-1
2021010316528,2021,010316528,3,9,0,18,19,3,7,0,0,9,0,99,0,0,9,9,1,1,1,32,6,2993,2,3,BMW 5 SERIES,8,E01030452,0,-1