collision_index,collision_year,collision_ref_no,vehicle_reference,vehicle_type,towing_and_articulation,vehicle_manoeuvre_historic,vehicle_manoeuvre,vehicle_direction_from,vehicle_direction_to,vehicle_location_restricted_lane_historic,vehicle_location_restricted_lane,junction_location,skidding_and_overturning,hit_object_in_carriageway,vehicle_leaving_carriageway,hit_object_off_carriageway,first_point_of_impact,vehicle_left_hand_drive,journey_purpose_of_driver_historic,journey_purpose_of_driver,sex_of_driver,age_of_driver,age_band_of_driver,engine_capacity_cc,propulsion_code,age_of_vehicle,generic_make_model,driver_imd_decile,lsoa_of_driver,escooter_flag,driver_distance_banding
2021010330081,2021,010330081,4,9,0,18,19,5,1,0,0,0,0,0,0,0,0,1,6,6,1,36,7,2993,2,1,BMW 5 SERIES,4,E01003666,0,-1
2021010319415,2021,010319415,1,9,0,9,9,1,7,0,0,6,0,0,0,0,1,1,6,6,1,36,7,1995,2,6,BMW 5 SERIES,4,E01003715,0,-1
2021411103497,2021,411103497,1,9,0,9,9,4,8,0,0,5,0,0,0,0,1,1,6,6,2,41,7,1995,2,6,BMW 5 SERIES,10,E01023667,0,-1
2021010314922,2021,010314922,1,9,0,99,99,9,9,99,99,0,9,99,9,99,2,9,6,6,1,29,6,2993,2,5,BMW 5 SERIES,4,E01000466,0,-1
2021122100175,2021,122100175,2,9,0,6,6,8,8,0,0,0,0,0,0,0,3,1,6,6,2,65,9,1995,2,13,BMW 5 SERIES,7,E01013401,0,-1
2021010344764,2021,010344764,1,9,0,17,19,3,7,0,0,1,0,0,0,0,0,1,2,2,1,49,8,2993,2,1,BMW 5 SERIES,9,E01002364,0,-1
2021010292507,2021,010292507,1,9,0,9,9,6,3,0,0,2,0,0,0,0,1,1,1,1,1,32,6,1998,1,2,BMW 5 SERIES,3,E01004666,0,-1
2021201062726,2021,201062726,2,9,0,10,10,8,6,0,0,5,0,0,0,0,1,1,6,6,1,69,10,1995,2,13,BMW 5 SERIES,1,E01009147,0,-1
2021010324095,2021,010324095,2,9,0,3,3,3,7,0,0,0,0,0,0,0,0,1,6,6,1,51,8,1995,2,6,BMW 5 SERIES,7,E01002679,0,-1
2021101071674,2021,101071674,2,9,0,18,19,3,7,0,0,0,0,0,0,0,3,1,2,2,2,53,8,1998,8,3,BMW 5 SERIES,5,E01027373,0,-1
2021101012612,2021,101012612,1,9,0,18,19,5,1,0,0,0,0,0,1,0,1,1,6,6,2,27,6,2993,2,13,BMW 5 SERIES,6,E01027532,0,-1
2021211150474,2021,211150474,2,9,0,18,19,4,8,0,0,0,0,0,0,0,4,1,6,6,1,32,6,1995,2,8,BMW 5 SERIES,1,E01012430,0,-1
2021351098033,2021,351098033,1,9,0,14,14,1,5,0,0,0,0,0,0,0,1,1,5,6,1,30,6,1995,2,15,BMW 5 SERIES,3,E01026717,0,-1
2021010297188,2021,010297188,2,9,0,99,99,9,9,99,99,9,9,99,9,99,3,9,6,6,3,-1,-1,1995,2,8,BMW 5 SERIES,-1,-1,0,-1
2021401028266,2021,401028266,1,9,0,18,19,2,6,0,0,0,0,10,0,0,4,1,5,6,1,55,8,1995,2,5,BMW 5 SERIES,7,E01017416,0,-1
2021440497380,2021,440497380,1,9,0,18,19,8,4,0,0,0,0,0,1,9,1,1,6,6,1,35,6,1995,2,7,BMW 5 SERIES,9,E01022653,0,-1
2021552100603,2021,552100603,3,9,0,18,19,2,6,0,0,1,0,0,0,0,1,1,3,7,1,69,10,1995,2,9,BMW 5 SERIES,10,E01020423,0,-1
2021010314497,2021,010314497,1,9,0,99,99,9,9,99,99,9,9,99,9,99,1,9,2,2,1,33,6,1995,2,14,BMW 5 SERIES,3,E01001649,0,-1
2021010296485,2021,010296485,1,9,0,13,13,2,6,0,0,4,0,10,0,0,1,2,6,6,1,44,7,1998,1,2,BMW 5 SERIES,4,E01004142,0,-1
2021461127026,2021,461127026,2,9,0,8,8,5,7,0,0,0,0,0,0,0,1,1,6,6,1,27,6,1995,2,6,BMW 5 SERIES,6,E01024130,0,-1
2021421126275,2021,421126275,2,9,0,17,19,3,7,0,0,0,1,0,0,0,1,1,5,6,1,68,10,1995,2,3,BMW 5 SERIES,5,E01021909,0,-1
2021421062419,2021,421062419,1,9,0,18,19,5,1,0,0,0,1,0,1,0,4,1,6,6,1,40,7,2996,1,16,BMW 5 SERIES,4,E01000112,0,-1
2021201136684,2021,201136684,1,9,0,7,7,2,4,0,0,3,0,0,0,0,1,1,3,7,1,49,8,1995,2,11,BMW 5 SERIES,4,E01009236,0,-1
2021302101624,2021,302101624,2,9,0,2,2,0,0,0,0,0,0,0,0,0,2,1,6,6,3,-1,-1,1995,2,2,BMW 5 SERIES,-1,-1,0,-1
2021440377445,2021,440377445,3,9,0,18,19,7,3,0,0,0,0,11,0,0,1,1,2,2,2,35,6,2993,2,18,BMW 5 SERIES,2,E01017076,0,-1
2021201077749,2021,201077749,1,9,0,18,19,1,5,0,0,4,0,10,3,10,1,1,6,6,1,52,8,1995,2,12,BMW 5 SERIES,3,E01032534,0,-1
202134WNC0201,2021,34WNC0201,2,9,0,2,2,0,0,0,0,8,0,0,0,0,2,1,6,6,3,-1,-1,1995,2,7,BMW 5 SERIES,-1,-1,0,-1
2021520201106,2021,520201106,1,9,0,18,19,6,2,0,0,0,0,0,0,0,1,1,6,6,2,37,7,1995,2,3,BMW 5 SERIES,5,E01020324,0,-1
2021010321149,2021,010321149,3,9,0,18,19,5,1,0,0,0,0,0,0,0,0,1,6,6,1,40,7,2993,2,1,BMW 5 SERIES,4,E01003666,0,-1
2021010347213,2021,010347213,2,8,0,9,9,3,1,0,0,8,0,0,7,0,4,1,2,2,1,34,6,1995,2,6,BMW 5 SERIES,6,E01004078,0,-1
2021440077922,2021,440077922,1,9,0,18,19,2,6,0,0,8,0,0,0,0,2,1,6,6,1,57,9,2494,1,20,BMW 5 SERIES,7,E01022979,0,-1
2021361137339,2021,361137339,1,9,0,14,14,8,4,0,0,1,0,0,8,7,3,1,5,6,1,20,4,1995,2,16,BMW 5 SERIES,2,E01026698,0,-1
2021440163694,2021,440163694,3,9,0,2,2,0,0,0,0,2,0,0,0,0,3,1,6,6,3,-1,-1,1995,2,5,BMW 5 SERIES,-1,-1,0,-1
2021421112086,2021,421112086,2,9,0,4,4,6,2,0,0,0,0,0,0,0,2,1,5,6,1,37,7,1995,2,10,BMW 5 SERIES,2,E01029987,0,-1
2021552200260,2021,552200260,2,9,4,18,19,6,2,0,0,0,0,0,0,0,3,1,6,6,1,28,6,2993,2,13,BMW 5 SERIES,3,E01022908,0,-1
202134NNC5191,2021,34NNC5191,1,9,0,18,19,5,1,0,0,0,0,0,0,0,1,1,6,6,1,27,6,2993,2,15,BMW 5 SERIES,5,E01026956,0,-1
2021430481019,2021,430481019,2,9,0,4,4,8,4,0,0,0,0,0,0,0,1,1,6,6,1,76,11,1995,2,9,BMW 5 SERIES,10,E01028599,0,-1
2021302101631,2021,302101631,2,9,0,18,19,8,4,0,0,0,0,0,1,9,1,1,2,2,1,32,6,2993,2,10,BMW 5 SERIES,9,E01019635,0,-1
2021010345749,2021,010345749,2,9,0,18,19,5,1,0,0,1,0,0,0,0,4,1,1,1,1,52,8,2993,2,1,BMW 5 SERIES,4,E01003666,0,-1
2021010333048,2021,010333048,2,9,0,18,19,7,3,0,0,8,0,0,0,0,0,1,1,1,1,35,6,2993,2,1,BMW 5 SERIES,4,E01004142,0,-1
2021221089461,2021,221089461,1,9,0,17,19,5,1,0,0,0,5,0,7,10,1,1,5,6,1,21,5,1995,2,10,BMW 5 SERIES,6,E01032199,0,-1
2021302102018,2021,302102018,1,9,0,18,19,4,8,0,0,0,1,4,1,0,3,2,6,6,1,61,9,1995,2,5,BMW 5 SERIES,2,E01019796,0,-1
2021010341998,2021,010341998,1,9,0,18,19,1,5,0,0,1,0,0,0,0,0,1,1,1,1,30,6,1998,1,2,BMW 5 SERIES,2,E01002729,0,-1
2021451088950,2021,451088950,4,9,0,2,2,0,0,9,9,0,0,0,0,0,2,2,6,6,3,-1,-1,1995,2,7,BMW 5 SERIES,-1,-1,0,-1
2021451122076,2021,451122076,2,9,0,11,11,1,5,0,0,0,0,0,0,0,0,1,5,6,1,49,8,1995,2,5,BMW 5 SERIES,4,E01022568,0,-1
2021061053460,2021,061053460,2,9,0,9,9,5,3,0,0,8,0,0,0,0,1,1,6,6,3,30,6,1995,2,7,BMW 5 SERIES,-1,-1,0,-1
2021010340187,2021,010340187,1,9,0,18,19,3,7,0,0,0,0,0,0,0,0,1,1,1,1,33,6,2993,2,1,BMW 5 SERIES,3,E01004666,0,-1
2021010313050,2021,010313050,2,9,0,18,19,7,3,0,0,0,0,0,0,0,3,1,6,6,1,40,7,1995,2,9,BMW 5 SERIES,4,E01000124,0,-1
2021221082907,2021,221082907,2,9,0,18,19,1,5,0,0,0,0,0,0,0,3,1,5,6,2,45,7,1995,2,9,BMW 5 SERIES,6,E01032200,0,-1
2021440269613,2021,440269613,2,9,0,4,4,2,6,0,0,0,0,0,0,0,2,1,2,2,1,41,7,1995,2,10,BMW 5 SERIES,4,E01015443,0,-1
2021361061387,2021,361061387,3,9,0,18,19,2,6,0,0,1,0,0,0,0,1,1,2,2,1,33,6,1995,2,8,BMW 5 SERIES,1,E01026635,0,-1
2021371111314,2021,371111314,2,9,0,18,19,5,1,0,0,1,1,7,7,0,1,1,1,1,1,34,6,2993,2,3,BMW 5 SERIES,-1,-1,0,-1
2021010348622,2021,010348622,2,9,0,9,9,4,2,0,0,6,0,0,0,0,1,1,2,2,1,44,7,1998,8,4,BMW 5 SERIES,-1,-1,0,-1
2021131047394,2021,131047394,2,9,0,18,19,3,7,0,0,0,0,0,0,0,1,1,5,6,1,25,5,2993,2,4,BMW 5 SERIES,3,E01011141,0,-1
2021010300187,2021,010300187,3,9,0,18,19,1,5,0,0,0,0,0,0,0,1,1,1,1,1,35,6,1998,1,2,BMW 5 SERIES,6,E01000330,0,-1
2021471054572,2021,471054572,1,9,0,13,13,5,1,0,0,0,0,0,0,0,3,1,6,6,2,54,8,1995,2,4,BMW 5 SERIES,10,E01031581,0,-1
2021061064780,2021,061064780,2,9,0,18,19,3,7,0,0,8,0,0,0,0,4,1,6,6,1,41,7,1995,2,11,BMW 5 SERIES,2,E01006397,0,-1
2021010331327,2021,010331327,1,9,0,9,9,7,4,0,0,2,0,0,0,0,1,1,2,2,1,43,7,2993,2,11,BMW 5 SERIES,8,E01000200,0,-1
2021522104676,2021,522104676,2,9,0,5,5,5,3,0,0,2,0,0,0,0,3,1,6,6,1,50,8,1995,2,2,BMW 5 SERIES,-1,-1,0,-1
2021010332224,2021,010332224,1,8,0,4,4,8,4,0,0,5,0,0,0,0,2,1,1,1,1,36,7,1995,2,7,BMW 5 SERIES,4,E01022523,0,-1
2021141019870,2021,141019870,1,9,0,18,19,1,5,0,0,0,5,10,2,6,3,1,5,6,1,39,7,2993,2,17,BMW 5 SERIES,6,E01008046,0,-1
2021010339306,2021,010339306,5,9,0,10,10,5,2,0,0,2,0,0,0,0,4,1,6,6,1,32,6,1995,2,8,BMW 5 SERIES,3,E01003785,0,-1
2021122100989,2021,122100989,2,9,0,3,3,3,7,0,0,0,0,0,0,0,4,1,6,6,3,-1,-1,1995,2,2,BMW 5 SERIES,-1,-1,0,-1
2021501111819,2021,501111819,1,9,0,18,19,3,7,0,0,3,0,0,0,0,1,1,1,1,1,-1,-1,2993,2,1,BMW 5 SERIES,4,E01015029,0,-1
2021010340524,2021,010340524,2,9,0,99,99,9,9,99,99,9,9,99,9,99,2,9,6,6,3,-1,-1,2979,1,17,BMW 5 SERIES,-1,-1,0,-1
2021010350339,2021,010350339,1,9,0,1,1,1,5,0,0,0,0,0,0,0,2,1,6,6,2,-1,-1,1995,2,5,BMW 5 SERIES,3,E01003730,0,-1
2021552100985,2021,552100985,2,9,0,18,19,3,7,0,0,0,0,0,0,0,2,1,6,6,2,39,7,1995,2,14,BMW 5 SERIES,2,E01020575,0,-1
2021451043230,2021,451043230,3,9,0,4,4,3,7,0,0,0,0,0,0,0,1,1,5,6,2,59,9,1998,1,3,BMW 5 SERIES,9,E01030713,0,-1
2021501018881,2021,501018881,2,9,0,18,19,5,8,0,0,8,0,0,0,0,4,1,5,6,1,32,6,2993,2,7,BMW 5 SERIES,1,E01020094,0,-1
2021010312577,2021,010312577,2,9,0,2,2,0,0,9,9,0,0,0,0,0,1,1,6,6,3,-1,-1,2000,2,10,BMW 5 SERIES,-1,-1,0,-1
2021010335670,2021,010335670,2,9,0,99,99,9,9,99,99,9,9,99,9,99,1,9,6,6,3,36,7,1995,2,7,BMW 5 SERIES,1,E01004324,0,-1
2021201119189,2021,201119189,3,8,0,4,4,2,6,0,0,1,0,0,0,0,2,1,1,1,1,36,7,1995,2,5,BMW 5 SERIES,1,E01033645,0,-1
2021501070984,2021,501070984,2,9,0,10,10,3,7,0,0,1,0,0,0,0,2,1,5,6,1,35,6,1995,2,11,BMW 5 SERIES,4,E01018908,0,-1
2021010351878,2021,010351878,1,9,0,15,15,1,5,2,2,2,0,0,0,0,1,1,6,6,1,25,5,2993,2,15,BMW 5 SERIES,3,E01021321,0,-1
2021471111762,2021,471111762,3,9,0,4,4,5,1,0,0,0,0,0,0,0,2,1,5,6,2,33,6,2993,2,16,BMW 5 SERIES,4,E01031469,0,-1
2021461090939,2021,461090939,2,9,0,5,5,3,7,0,0,1,0,0,0,0,1,1,6,6,1,44,7,2993,2,1,BMW 5 SERIES,7,E01024801,0,-1
2021401071003,2021,401071003,2,9,0,18,19,1,5,0,0,0,0,0,0,0,4,1,6,6,1,58,9,1995,12,1,BMW 5 SERIES,7,E01003659,0,-1
2021461103303,2021,461103303,2,9,0,18,19,3,7,0,0,0,0,0,0,0,4,1,6,6,1,52,8,1995,2,5,BMW 5 SERIES,5,E01016165,0,-1
2021010289020,2021,010289020,1,9,0,18,19,3,7,0,0,1,0,4,0,0,1,1,6,6,2,39,7,2693,1,37,BMW 5 SERIES,1,E01003516,0,-1
2021461052854,2021,461052854,2,9,0,18,19,3,7,0,0,0,0,0,0,0,2,1,6,6,1,27,6,1995,2,5,BMW 5 SERIES,6,E01024568,0,-1
2021010321081,2021,010321081,1,9,0,18,19,1,5,0,0,8,0,0,0,0,1,1,2,2,1,31,6,1995,2,11,BMW 5 SERIES,3,E01016452,0,-1
2021471115175,2021,471115175,2,9,0,18,19,2,6,0,0,0,0,0,0,0,1,1,1,1,1,43,7,2993,2,2,BMW 5 SERIES,6,E01021034,0,-1
2021170S31951,2021,170S31951,1,9,0,18,19,3,7,0,0,8,0,0,0,0,4,1,6,6,1,39,7,1995,2,9,BMW 5 SERIES,9,E01012230,0,-1
202134WNC7271,2021,34WNC7271,1,9,0,13,13,5,1,0,0,0,2,0,7,9,1,1,1,1,1,45,7,1995,12,0,BMW 5 SERIES,6,E01027030,0,-1
2021010300987,2021,010300987,3,9,0,18,19,7,3,0,0,0,0,0,0,0,0,1,6,6,1,38,7,2993,2,1,BMW 5 SERIES,-1,-1,0,-1
2021041076438,2021,041076438,2,9,0,17,19,7,4,0,0,0,1,0,1,10,3,1,5,6,1,49,8,2993,2,4,BMW 5 SERIES,4,E01012712,0,-1
202134WNC3441,2021,34WNC3441,2,9,0,18,19,5,1,0,0,3,0,0,1,2,4,1,6,6,1,50,8,1995,2,5,BMW 5 SERIES,5,E01032981,0,-1
2021010348772,2021,010348772,2,9,0,18,19,6,2,0,0,8,0,0,0,0,1,1,6,6,1,27,6,1995,2,8,BMW 5 SERIES,5,E01024485,0,-1
2021991061460,2021,991061460,2,9,0,17,19,1,5,0,0,4,0,0,0,0,2,1,5,6,1,24,5,1995,2,4,BMW 5 SERIES,5,-1,0,-1
2021010307882,2021,010307882,2,9,0,3,3,3,7,0,0,0,0,0,0,0,2,1,2,2,1,39,7,1998,8,0,BMW 5 SERIES,1,E01003486,0,-1
2021211113839,2021,211113839,2,9,0,9,9,6,4,0,0,8,0,0,0,0,1,1,6,6,2,28,6,1995,2,5,BMW 5 SERIES,8,E01029680,0,-1
2021010308109,2021,010308109,2,9,0,18,19,7,3,0,0,8,0,0,0,0,1,1,6,6,1,50,8,2171,1,19,BMW 5 SERIES,5,E01001291,0,-1
2021010352095,2021,010352095,4,9,0,2,2,0,0,9,9,1,0,0,0,0,2,1,6,6,3,-1,-1,2497,1,13,BMW 5 SERIES,-1,-1,0,-1
202131B065521,2021,31B065521,2,9,0,18,19,5,1,0,0,1,1,0,0,0,3,1,6,6,1,56,9,1995,2,5,BMW 5 SERIES,3,E01028030,0,-1
2021421056946,2021,421056946,1,9,0,18,19,3,7,0,0,0,1,0,1,1,1,1,5,6,1,24,5,2947,1,15,BMW 5 SERIES,7,E01022067,0,-1
2021010340704,2021,010340704,2,9,0,18,19,1,5,0,0,8,0,0,0,0,1,1,6,6,2,29,6,1998,1,3,BMW 5 SERIES,6,E01004588,0,-1
2021131075255,2021,131075255,2,9,0,2,2,0,0,0,0,0,0,4,0,0,3,1,6,6,3,-1,-1,2993,2,14,BMW 5 SERIES,-1,-1,0,-1
2021061115405,2021,061115405,2,9,0,9,9,8,6,0,0,8,0,0,0,0,4,1,6,6,1,38,7,1995,2,4,BMW 5 SERIES,8,E01005768,0,-1
2021070513928,2021,070513928,4,9,0,18,19,2,6,0,0,0,0,0,0,0,2,1,6,6,1,43,7,2000,2,12,BMW 5 SERIES,9,E01007150,0,-1
2021201143561,2021,201143561,2,9,0,18,19,6,2,0,0,8,0,0,0,0,1,1,6,6,2,43,7,2993,2,1,BMW 5 SERIES,1,E01009569,0,-1
2021061043018,2021,061043018,1,9,0,18,19,1,5,0,0,1,0,0,0,0,4,1,6,6,1,33,6,1995,2,2,BMW 5 SERIES,-1,-1,0,-1
2021421042558,2021,421042558,3,9,0,6,6,1,1,0,0,1,0,0,0,0,0,1,6,6,1,37,7,1995,2,15,BMW 5 SERIES,7,E01023662,0,-1
2021010302983,2021,010302983,2,9,0,18,19,7,3,0,0,8,0,0,0,0,1,1,1,1,1,39,7,1995,2,5,BMW 5 SERIES,5,E01000583,0,-1
2021010305127,2021,010305127,3,9,0,3,3,7,3,0,0,1,0,0,0,0,0,1,1,1,2,42,7,2993,2,1,BMW 5 SERIES,7,E01003456,0,-1
2021010344412,2021,010344412,3,9,0,7,7,5,8,0,0,1,1,0,0,0,1,1,6,6,1,39,7,2993,2,1,BMW 5 SERIES,-1,-1,0,-1
2021041023654,2021,041023654,1,9,0,18,19,6,6,0,0,1,0,0,7,4,1,1,5,6,1,34,6,1995,2,16,BMW 5 SERIES,-1,-1,0,-1
2021041114682,2021,041114682,2,9,0,2,2,0,0,0,0,1,0,0,0,0,1,1,6,6,3,-1,-1,2494,1,17,BMW 5 SERIES,-1,-1,0,-1
2021421055552,2021,421055552,2,9,0,18,19,3,7,0,0,0,0,0,0,0,4,1,5,6,1,55,8,1998,8,2,BMW 5 SERIES,10,E01021450,0,-1
2021302100978,2021,302100978,2,9,0,12,12,2,6,0,0,7,0,0,0,0,3,1,6,6,3,-1,-1,1995,2,2,BMW 5 SERIES,5,E01019456,0,-1
2021010289842,2021,010289842,2,9,0,99,99,9,9,99,99,9,9,99,9,99,2,9,6,6,3,-1,-1,1998,8,2,BMW 5 SERIES,6,E01003272,0,-1
2021061062831,2021,061062831,1,9,0,10,10,3,5,0,0,0,0,0,0,0,2,1,5,6,1,25,5,1995,2,8,BMW 5 SERIES,1,E01005190,0,-1
2021010302119,2021,010302119,2,9,0,18,19,4,8,0,0,8,0,0,0,0,0,1,6,6,1,49,8,2497,2,16,BMW 5 SERIES,-1,-1,0,-1
2021010328166,2021,010328166,1,8,0,99,99,9,9,99,99,9,9,99,9,99,4,9,2,2,1,-1,-1,1995,2,6,BMW 5 SERIES,-1,-1,0,-1
2021010328217,2021,010328217,3,9,0,99,99,9,9,99,99,9,9,99,9,99,2,9,6,6,3,-1,-1,1995,2,7,BMW 5 SERIES,-1,-1,0,-1
2021010300685,2021,010300685,1,9,0,4,4,3,7,0,0,2,0,0,0,0,0,1,6,6,1,51,8,2993,2,5,BMW 5 SERIES,3,E01003221,0,-1
2021221027422,2021,221027422,2,9,0,18,19,4,8,0,0,1,0,0,0,0,1,1,6,6,1,35,6,2993,2,16,BMW 5 SERIES,1,E01014120,0,-1
2021010335855,2021,010335855,1,9,0,9,9,5,2,0,0,6,0,0,0,0,1,1,6,6,1,29,6,2979,1,18,BMW 5 SERIES,4,E01003494,0,-1
2021041042203,2021,041042203,1,9,0,18,19,1,3,0,0,0,0,0,0,0,1,1,6,6,1,28,6,2000,2,10,BMW 5 SERIES,1,E01012657,0,-1
2021131110832,2021,131110832,2,9,0,2,2,0,0,0,0,0,0,0,0,0,1,1,6,6,3,-1,-1,1995,12,0,BMW 5 SERIES,-1,-1,0,-1
2021421119854,2021,421119854,1,9,0,13,13,8,4,0,0,0,0,0,0,0,1,1,6,6,1,33,6,2993,2,1,BMW 5 SERIES,3,E01002313,0,-1
2021131088119,2021,131088119,2,9,0,9,9,1,2,0,0,5,0,0,0,0,3,1,6,6,1,34,6,2993,2,3,BMW 5 SERIES,1,E01011081,0,-1
2021052100789,2021,052100789,1,9,0,12,12,3,7,0,0,1,0,0,0,0,4,1,2,2,3,-1,-1,2993,2,15,BMW 5 SERIES,-1,-1,0,-1
2021411110459,2021,411110459,1,9,0,2,2,5,1,6,6,0,0,0,1,0,4,1,6,6,1,-1,-1,2993,12,1,BMW 5 SERIES,8,E01027593,0,-1
2021430521790,2021,430521790,3,9,0,12,12,7,3,0,0,0,0,0,0,0,0,1,6,6,3,-1,-1,2497,2,16,BMW 5 SERIES,-1,-1,0,-1
2021411070661,2021,411070661,2,9,0,18,19,5,1,0,0,0,0,0,0,0,1,1,1,1,1,33,6,2993,2,2,BMW 5 SERIES,-1,-1,0,-1
2021061095099,2021,061095099,4,9,0,18,19,6,2,0,0,0,0,0,0,0,0,1,1,1,1,44,7,2993,12,1,BMW 5 SERIES,-1,-1,0,-1
2021371063643,2021,371063643,2,9,0,2,2,0,0,0,0,1,0,0,0,0,2,1,6,6,2,-1,-1,1995,2,6,BMW 5 SERIES,7,E01029945,0,-1
2021461095773,2021,461095773,1,9,0,3,3,6,2,0,0,0,0,0,0,0,1,1,6,6,1,50,8,1998,1,2,BMW 5 SERIES,7,E01024189,0,-1
2021471020127,2021,471020127,1,9,0,4,4,7,3,0,0,1,0,0,0,0,1,1,2,2,1,61,9,2993,2,12,BMW 5 SERIES,5,E01031410,0,-1
2021201119227,2021,201119227,1,9,0,9,9,2,7,0,0,6,0,0,0,0,1,1,6,6,1,-1,-1,1995,2,5,BMW 5 SERIES,1,E01008906,0,-1
2021461040762,2021,461040762,2,9,0,18,19,5,1,0,0,1,0,0,0,0,1,1,6,6,1,37,7,2993,2,10,BMW 5 SERIES,7,E01024417,0,-1
2021361120363,2021,361120363,2,9,0,18,19,7,3,0,0,0,0,0,0,0,1,1,5,6,2,32,6,1995,2,10,BMW 5 SERIES,7,E01026484,0,-1
2021461126889,2021,461126889,1,9,0,18,19,1,5,0,0,0,0,0,0,0,4,1,6,6,2,37,7,1997,1,6,BMW 5 SERIES,2,E01003236,0,-1
2021041112327,2021,041112327,1,9,0,7,7,7,8,0,0,2,0,10,1,4,3,1,5,6,1,94,11,3498,1,24,BMW 5 SERIES,9,E01025472,0,-1
2021361078785,2021,361078785,3,9,0,18,19,1,5,0,0,1,0,0,0,0,2,1,5,6,1,54,8,1995,2,8,BMW 5 SERIES,8,E01033538,0,-1
2021161093372,2021,161093372,2,9,0,18,19,6,2,0,0,8,0,0,0,0,1,1,6,6,1,-1,-1,1995,2,16,BMW 5 SERIES,-1,-1,0,-1
2021010314407,2021,010314407,2,9,0,99,99,9,9,99,99,9,9,99,9,99,1,9,6,6,3,-1,-1,2171,1,18,BMW 5 SERIES,10,E01030754,0,-1
2021430397020,2021,430397020,2,9,0,2,2,0,0,0,0,1,0,0,0,0,0,1,6,6,1,-1,-1,1998,1,2,BMW 5 SERIES,-1,-1,0,-1
2021622100939,2021,622100939,1,9,0,6,6,6,6,0,0,0,0,4,0,0,2,1,6,6,1,79,11,1995,2,8,BMW 5 SERIES,3,W01001247,0,-1
2021010310785,2021,010310785,1,9,0,17,19,3,7,0,0,1,1,11,0,0,1,1,6,6,1,44,7,2993,2,11,BMW 5 SERIES,4,E01001221,0,-1
2021401067716,2021,401067716,1,9,0,18,19,4,8,0,0,6,0,0,0,0,1,1,6,6,2,33,6,1995,2,9,BMW 5 SERIES,5,E01015780,0,-1
2021010303595,2021,010303595,2,9,0,18,19,1,5,0,0,6,0,0,0,0,1,1,6,6,1,57,9,2993,2,13,BMW 5 SERIES,3,E01000577,0,-1
2021231119337,2021,231119337,1,9,0,9,9,1,7,0,0,6,0,0,0,0,3,1,5,6,1,64,9,2993,2,4,BMW 5 SERIES,8,E01031285,0,-1
2021411122304,2021,411122304,1,9,0,4,4,5,1,0,0,0,0,0,0,0,1,1,2,2,1,-1,-1,1995,2,5,BMW 5 SERIES,8,E01016797,0,-1
2021061074774,2021,061074774,1,9,0,18,19,3,7,0,0,0,1,0,0,0,4,1,6,6,1,36,7,1995,2,9,BMW 5 SERIES,4,E01027433,0,-1
2021170H10261,2021,170H10261,1,9,0,1,1,3,5,0,0,8,0,0,0,0,2,1,6,6,1,52,8,1995,2,13,BMW 5 SERIES,1,E01011973,0,-1
2021010315555,2021,010315555,7,9,0,18,19,3,7,0,0,1,0,0,0,0,0,1,1,1,1,38,7,2993,2,1,BMW 5 SERIES,4,E01000472,0,-1
2021421036042,2021,421036042,2,9,0,18,19,8,5,0,0,0,0,0,0,0,0,1,1,1,1,36,7,2993,2,1,BMW 5 SERIES,8,E01021750,0,-1
2021010289807,2021,010289807,2,9,0,7,7,3,5,0,0,5,0,0,0,0,0,1,1,1,1,37,7,2993,2,1,BMW 5 SERIES,7,E01003456,0,-1
2021461025713,2021,461025713,2,9,0,7,7,2,6,0,0,0,0,0,0,0,2,1,5,6,1,30,6,2996,1,15,BMW 5 SERIES,4,E01024561,0,-1
2021421027991,2021,421027991,1,9,0,18,19,7,3,0,0,0,0,0,0,0,1,1,5,6,1,43,7,1995,2,3,BMW 5 SERIES,7,E01021972,0,-1
202131B190921,2021,31B190921,4,9,0,18,19,2,6,0,0,0,0,0,0,0,2,1,6,6,1,25,5,2171,1,17,BMW 5 SERIES,2,E01028029,0,-1
2021421067374,2021,421067374,2,9,0,18,19,8,8,0,0,0,0,0,0,0,2,1,5,6,1,41,7,2993,2,17,BMW 5 SERIES,5,E01000855,0,-1
2021401084862,2021,401084862,1,9,0,18,19,7,3,0,0,0,0,4,0,0,4,1,1,1,1,33,6,1995,2,6,BMW 5 SERIES,5,E01017617,0,-1
2021010320388,2021,010320388,1,9,0,99,99,9,9,99,99,9,9,99,9,99,2,9,6,6,1,34,6,1998,1,4,BMW 5 SERIES,3,E01002526,0,-1
2021411060929,2021,411060929,1,9,0,9,9,1,5,0,0,5,0,0,0,0,2,1,5,6,1,40,7,1995,2,7,BMW 5 SERIES,5,E01023933,0,-1
2021211053128,2021,211053128,2,9,0,2,2,0,0,0,0,0,0,0,0,0,2,1,5,6,3,30,6,1995,2,8,BMW 5 SERIES,-1,-1,0,-1
2021061041039,2021,061041039,2,9,0,18,19,5,8,0,0,1,0,0,0,0,0,1,1,1,1,30,6,2993,12,1,BMW 5 SERIES,-1,-1,0,-1
2021471127630,2021,471127630,1,9,0,9,9,1,6,0,0,4,0,0,0,0,3,1,5,6,1,39,7,1995,2,7,BMW 5 SERIES,1,E01002748,0,-1
2021131068009,2021,131068009,2,9,0,12,12,6,2,0,0,0,0,0,0,0,3,1,2,2,1,34,6,1995,2,14,BMW 5 SERIES,7,W01000295,0,-1
2021010335098,2021,010335098,6,9,0,3,3,7,3,0,0,0,0,0,0,0,2,1,6,6,1,38,7,1995,2,5,BMW 5 SERIES,2,E01003611,0,-1