collision_index,collision_year,collision_ref_no,vehicle_reference,vehicle_type,towing_and_articulation,vehicle_manoeuvre_historic,vehicle_manoeuvre,vehicle_direction_from,vehicle_direction_to,vehicle_location_restricted_lane_historic,vehicle_location_restricted_lane,junction_location,skidding_and_overturning,hit_object_in_carriageway,vehicle_leaving_carriageway,hit_object_off_carriageway,first_point_of_impact,vehicle_left_hand_drive,journey_purpose_of_driver_historic,journey_purpose_of_driver,sex_of_driver,age_of_driver,age_band_of_driver,engine_capacity_cc,propulsion_code,age_of_vehicle,generic_make_model,driver_imd_decile,lsoa_of_driver,escooter_flag,driver_distance_banding
2021010319426,2021,010319426,1,9,0,3,3,3,7,0,0,0,0,0,0,0,2,1,2,2,1,42,7,2996,1,12,MERCEDES CLK CLASS,9,E01016601,0,-1
2021361030041,2021,361030041,1,9,0,18,19,8,4,0,0,1,0,0,0,0,1,1,5,6,1,31,6,1796,1,16,MERCEDES CLK CLASS,9,E01026550,0,-1
2021552101214,2021,552101214,1,9,0,13,13,6,2,0,0,8,0,0,0,0,1,1,6,6,1,49,8,2597,1,18,MERCEDES CLK CLASS,7,E01020539,0,-1
202131C119921,2021,31C119921,1,9,0,18,19,2,6,0,0,0,1,10,1,9,4,1,6,6,1,-1,-1,3199,1,21,MERCEDES CLK CLASS,-1,-1,0,-1
2021501109543,2021,501109543,1,9,0,18,19,5,1,0,0,0,0,0,4,7,1,1,5,6,1,54,8,2295,1,21,MERCEDES CLK CLASS,7,E01021063,0,-1
2021501040606,2021,501040606,2,9,0,2,2,0,0,0,0,0,0,0,0,0,0,1,6,6,1,76,11,1998,1,20,MERCEDES CLK CLASS,9,E01016308,0,-1
2021201149494,2021,201149494,3,9,0,3,3,8,4,0,0,0,0,0,0,0,2,1,6,6,3,28,6,2996,1,15,MERCEDES CLK CLASS,-1,-1,0,-1
2021010323947,2021,010323947,1,9,0,18,19,3,7,0,0,0,0,0,0,0,1,1,6,6,1,22,5,1796,1,15,MERCEDES CLK CLASS,3,E01000082,0,-1
2021061125108,2021,061125108,1,9,0,18,19,3,7,0,0,8,0,0,0,0,1,1,5,6,2,56,9,2597,1,17,MERCEDES CLK CLASS,9,E01005409,0,-1
2021421114326,2021,421114326,1,9,0,9,9,8,6,0,0,5,0,0,0,0,1,1,5,6,1,69,10,2996,1,13,MERCEDES CLK CLASS,8,E01021737,0,-1
2021522106119,2021,522106119,2,9,0,18,19,7,3,0,0,0,0,0,0,0,1,1,6,6,1,59,9,2597,1,17,MERCEDES CLK CLASS,5,E01014549,0,-1
2021010341770,2021,010341770,1,9,0,99,99,9,9,99,99,0,9,99,9,99,2,9,6,6,1,29,6,1796,1,17,MERCEDES CLK CLASS,7,E01001226,0,-1
2021010318355,2021,010318355,1,9,0,18,19,1,5,0,0,1,0,0,0,0,1,1,6,6,1,53,8,3498,1,15,MERCEDES CLK CLASS,5,E01002693,0,-1
2021501021792,2021,501021792,2,9,0,4,4,5,8,0,0,1,1,0,1,0,2,1,5,6,1,69,10,3199,1,17,MERCEDES CLK CLASS,5,E01019947,0,-1
2021010319718,2021,010319718,1,9,0,4,4,7,3,0,0,8,0,0,0,0,1,1,6,6,1,38,7,2597,1,17,MERCEDES CLK CLASS,3,E01001489,0,-1
2021471037049,2021,471037049,1,9,0,18,19,7,3,0,0,8,0,10,1,2,1,1,6,6,1,55,8,2597,1,19,MERCEDES CLK CLASS,5,E01016963,0,-1
2021061112148,2021,061112148,1,9,0,3,3,7,3,0,0,8,0,0,0,0,2,1,6,6,1,30,6,2148,2,12,MERCEDES CLK CLASS,4,E01005341,0,-1
2021010290972,2021,010290972,1,9,0,18,19,1,5,0,0,2,0,0,0,0,4,1,6,6,1,66,10,2987,2,12,MERCEDES CLK CLASS,5,E01000979,0,-1
2021161083195,2021,161083195,1,9,0,7,7,1,8,9,9,6,0,4,1,0,1,1,6,6,1,27,6,2685,2,19,MERCEDES CLK CLASS,2,E01013332,0,-1
2021010318459,2021,010318459,2,9,0,18,19,5,1,0,0,0,0,0,0,0,1,1,6,6,2,45,7,1796,1,14,MERCEDES CLK CLASS,3,E01003519,0,-1
2021421054223,2021,421054223,1,9,0,18,19,8,4,0,0,0,0,0,0,0,1,1,6,6,1,50,8,1796,1,12,MERCEDES CLK CLASS,5,E01021241,0,-1
2021552200198,2021,552200198,1,9,0,9,9,6,4,0,0,6,0,0,0,0,3,1,6,6,1,39,7,2597,1,19,MERCEDES CLK CLASS,8,E01015335,0,-1
2021061048404,2021,061048404,1,9,0,18,19,6,2,0,0,0,1,0,1,0,1,1,5,6,1,46,8,2149,2,14,MERCEDES CLK CLASS,5,E01025228,0,-1
2021041035994,2021,041035994,1,9,0,9,9,3,7,0,0,0,0,1,0,0,1,1,6,6,1,24,5,2597,1,19,MERCEDES CLK CLASS,1,E01025287,0,-1
2021471106667,2021,471106667,2,9,0,3,3,5,1,0,0,1,0,0,0,0,2,1,5,6,2,-1,-1,1796,1,14,MERCEDES CLK CLASS,9,E01031475,0,-1
2021010320854,2021,010320854,1,9,0,9,9,4,2,0,0,8,0,0,0,0,4,1,6,6,1,45,7,3199,1,17,MERCEDES CLK CLASS,7,E01002821,0,-1
2021461128981,2021,461128981,2,9,0,10,10,6,3,0,0,1,0,0,0,0,2,1,6,6,1,65,9,2597,1,19,MERCEDES CLK CLASS,6,E01032653,0,-1
2021122100431,2021,122100431,2,9,0,18,19,4,8,0,0,0,0,0,0,0,3,1,6,6,2,77,11,3199,1,17,MERCEDES CLK CLASS,10,E01013377,0,-1
2021421018859,2021,421018859,1,9,0,17,19,2,7,0,0,0,0,0,0,0,1,1,5,6,1,51,8,2149,2,14,MERCEDES CLK CLASS,9,E01023319,0,-1
202131D186921,2021,31D186921,1,9,0,4,4,8,4,0,0,1,0,0,0,0,2,1,6,6,1,52,8,1998,1,22,MERCEDES CLK CLASS,8,E01028096,0,-1
2021010316306,2021,010316306,2,9,0,99,99,9,9,99,99,9,9,99,9,99,9,9,6,6,3,-1,-1,2685,2,17,MERCEDES CLK CLASS,-1,-1,0,-1
2021440078405,2021,440078405,1,9,0,18,19,1,5,0,0,0,0,0,0,0,1,1,6,6,2,54,8,1796,1,13,MERCEDES CLK CLASS,8,E01023165,0,-1
2021010328896,2021,010328896,2,9,0,18,19,5,1,0,0,1,0,4,0,0,1,1,6,6,2,75,10,3199,1,19,MERCEDES CLK CLASS,6,E01000262,0,-1
2021991111313,2021,991111313,1,9,0,16,19,5,1,0,0,0,1,0,1,11,4,1,6,6,1,43,7,2148,2,16,MERCEDES CLK CLASS,1,-1,0,-1
2021010349241,2021,010349241,2,9,0,99,99,9,9,99,99,9,9,99,9,99,9,9,6,6,1,-1,-1,2996,1,15,MERCEDES CLK CLASS,-1,-1,0,-1
2021520101238,2021,520101238,3,9,0,9,9,6,4,0,0,8,0,0,0,0,1,1,6,6,1,39,7,2149,2,14,MERCEDES CLK CLASS,6,E01029135,0,-1
2021010303896,2021,010303896,3,9,9,99,99,9,9,99,99,0,9,99,9,99,9,9,6,6,3,-1,-1,2685,2,16,MERCEDES CLK CLASS,-1,-1,0,-1
2021041092035,2021,041092035,1,9,0,18,19,3,7,0,0,1,0,4,1,10,1,1,6,6,1,43,7,2987,2,13,MERCEDES CLK CLASS,4,E01025276,0,-1
2021351199880,2021,351199880,1,9,0,18,19,1,5,0,0,4,5,0,7,9,1,1,6,6,1,48,8,1796,1,12,MERCEDES CLK CLASS,5,E01027269,0,-1
2021421055096,2021,421055096,1,9,0,4,4,1,5,0,0,0,0,0,0,0,0,1,5,6,1,39,7,2685,2,18,MERCEDES CLK CLASS,7,E01033057,0,-1
2021010331542,2021,010331542,1,9,0,5,5,3,7,0,0,0,0,0,0,0,3,1,2,2,1,76,11,3199,1,18,MERCEDES CLK CLASS,7,E01000389,0,-1
2021461051840,2021,461051840,1,9,0,18,19,3,7,0,0,0,0,0,0,0,4,1,6,6,1,66,10,2597,1,17,MERCEDES CLK CLASS,7,E01024232,0,-1
2021041065559,2021,041065559,2,9,0,9,9,3,7,0,0,1,0,0,0,0,3,1,5,6,2,70,10,1796,1,16,MERCEDES CLK CLASS,4,E01024975,0,-1
2021461047093,2021,461047093,1,9,0,18,19,7,3,0,0,0,0,0,0,0,1,1,6,6,2,-1,-1,2148,2,15,MERCEDES CLK CLASS,-1,-1,0,-1
2021501051145,2021,501051145,2,9,0,6,6,3,7,0,0,6,0,0,0,0,4,1,6,6,1,64,9,2996,1,16,MERCEDES CLK CLASS,9,E01020092,0,-1
2021010311346,2021,010311346,1,9,0,9,9,5,3,0,0,1,0,0,0,0,1,1,6,6,2,68,10,2597,1,17,MERCEDES CLK CLASS,2,E01001161,0,-1
2021430138180,2021,430138180,1,9,0,18,19,7,3,0,0,0,1,0,0,6,3,1,6,6,1,39,7,2685,2,18,MERCEDES CLK CLASS,-1,-1,0,-1
2021351046052,2021,351046052,1,9,0,18,19,-1,-1,0,0,0,0,0,0,0,1,1,6,6,1,48,8,1796,1,12,MERCEDES CLK CLASS,-1,-1,0,-1
2021552100774,2021,552100774,1,9,0,5,5,4,8,0,0,8,0,0,0,0,1,1,6,6,1,67,10,2987,2,14,MERCEDES CLK CLASS,4,E01018861,0,-1
2021522106151,2021,522106151,2,9,0,12,12,3,7,0,0,5,0,0,0,0,4,1,6,6,1,18,4,2148,2,15,MERCEDES CLK CLASS,6,E01014960,0,-1
202134WNC7091,2021,34WNC7091,1,9,0,18,19,7,3,0,0,0,1,0,0,0,2,1,2,2,2,29,6,2685,2,18,MERCEDES CLK CLASS,1,E01026950,0,-1
2021421079930,2021,421079930,1,9,0,10,10,5,3,0,0,8,0,0,0,0,1,1,2,2,1,60,9,2597,1,18,MERCEDES CLK CLASS,4,E01022041,0,-1
2021361052140,2021,361052140,1,9,0,18,19,5,1,0,0,0,0,0,0,0,1,1,5,6,1,43,7,2685,2,16,MERCEDES CLK CLASS,4,E01026859,0,-1
2021351115247,2021,351115247,1,9,0,18,19,2,7,0,0,8,0,0,0,0,4,1,6,6,1,48,8,2685,2,16,MERCEDES CLK CLASS,4,E01018100,0,-1
2021010331249,2021,010331249,2,9,0,99,99,9,9,0,0,0,0,0,0,0,4,1,6,6,3,-1,-1,2597,1,17,MERCEDES CLK CLASS,-1,-1,0,-1
2021501102954,2021,501102954,1,9,0,16,19,7,3,0,0,0,2,0,7,11,1,1,2,2,1,23,5,2295,1,19,MERCEDES CLK CLASS,1,E01015231,0,-1
2021201113706,2021,201113706,2,9,0,2,2,0,0,9,9,2,0,0,0,0,2,1,6,6,1,66,10,1796,1,14,MERCEDES CLK CLASS,1,E01010453,0,-1
2021010350682,2021,010350682,2,9,0,99,99,9,9,99,99,9,9,99,9,99,1,9,6,6,1,77,11,1796,1,15,MERCEDES CLK CLASS,4,E01000170,0,-1
2021070442717,2021,070442717,2,9,0,17,19,5,1,0,0,0,0,0,0,0,1,1,6,6,1,63,9,2685,2,16,MERCEDES CLK CLASS,4,E01018672,0,-1
2021010344959,2021,010344959,2,9,0,6,6,7,7,0,0,0,0,0,0,0,0,1,6,6,1,38,7,2996,1,15,MERCEDES CLK CLASS,8,E01000120,0,-1
2021010338976,2021,010338976,2,9,0,3,3,7,3,0,0,0,0,0,0,0,2,1,6,6,1,27,6,2987,2,15,MERCEDES CLK CLASS,-1,-1,0,-1
2021461110313,2021,461110313,2,9,0,2,2,0,0,0,0,1,0,0,0,0,1,1,6,6,3,-1,-1,2148,2,15,MERCEDES CLK CLASS,-1,-1,0,-1
2021010304785,2021,010304785,3,9,0,4,4,5,1,0,0,0,0,0,0,0,1,1,6,6,1,60,9,1796,1,16,MERCEDES CLK CLASS,3,E01033464,0,-1
2021010349977,2021,010349977,1,9,0,99,99,9,9,99,99,9,9,99,9,99,9,9,2,2,1,42,7,2148,2,13,MERCEDES CLK CLASS,1,E01003048,0,-1
2021010323378,2021,010323378,2,9,0,5,5,1,5,0,0,2,0,0,0,0,1,1,6,6,1,29,6,1796,1,13,MERCEDES CLK CLASS,3,E01000055,0,-1
2021041061843,2021,041061843,2,9,0,18,19,5,1,0,0,0,0,0,0,0,1,1,5,6,1,42,7,2148,2,12,MERCEDES CLK CLASS,-1,-1,0,-1
2021421125765,2021,421125765,1,9,0,18,19,8,4,0,0,2,0,0,1,4,1,1,5,6,1,49,8,3199,1,16,MERCEDES CLK CLASS,8,E01021725,0,-1
2021221040469,2021,221040469,1,9,0,1,1,5,1,0,0,1,0,4,0,0,2,1,6,6,1,39,7,2148,2,14,MERCEDES CLK CLASS,4,E01014166,0,-1
2021320602456,2021,320602456,1,9,0,9,9,8,6,0,0,2,0,0,0,0,1,1,2,2,1,33,6,2148,2,16,MERCEDES CLK CLASS,8,E01026347,0,-1
2021010342125,2021,010342125,1,9,0,5,5,1,5,0,0,8,0,0,0,0,1,1,6,6,2,69,10,2295,1,23,MERCEDES CLK CLASS,4,E01002754,0,-1
2021430123140,2021,430123140,1,9,0,3,3,1,5,0,0,1,0,0,0,0,2,1,6,6,2,40,7,2148,2,15,MERCEDES CLK CLASS,4,E01016512,0,-1
2021010331874,2021,010331874,1,9,0,99,99,9,9,99,99,9,9,99,9,99,9,9,2,2,1,22,5,2148,2,15,MERCEDES CLK CLASS,4,E01002583,0,-1
2021010319202,2021,010319202,1,9,0,9,9,3,8,0,0,8,0,0,0,0,1,1,6,6,2,61,9,1796,1,16,MERCEDES CLK CLASS,7,E01001534,0,-1
2021440456207,2021,440456207,1,9,0,9,9,5,3,0,0,6,0,0,0,0,1,1,6,6,2,76,11,3199,1,20,MERCEDES CLK CLASS,10,E01022595,0,-1
2021041102519,2021,041102519,1,9,0,9,9,3,7,0,0,1,0,0,0,0,2,1,5,6,1,69,10,2685,2,17,MERCEDES CLK CLASS,6,E01025598,0,-1
2021211059081,2021,211059081,1,9,0,18,19,6,2,0,0,1,1,10,7,1,4,1,6,6,1,34,6,3199,1,18,MERCEDES CLK CLASS,3,E01029434,0,-1
2021010319319,2021,010319319,1,9,0,18,19,1,5,0,0,3,0,0,0,0,1,1,6,6,1,49,8,1796,1,13,MERCEDES CLK CLASS,2,E01003310,0,-1
2021010339615,2021,010339615,2,9,9,18,19,3,7,99,99,9,9,99,9,99,9,9,6,6,3,-1,-1,3199,1,18,MERCEDES CLK CLASS,-1,-1,0,-1
2021010289007,2021,010289007,1,9,0,99,99,9,9,0,0,0,0,0,0,0,2,9,6,6,1,62,9,2996,1,16,MERCEDES CLK CLASS,4,E01003767,0,-1
2021522200779,2021,522200779,1,9,0,18,19,4,2,0,0,8,0,0,0,0,1,1,6,6,1,45,7,2996,1,16,MERCEDES CLK CLASS,5,E01015000,0,-1
2021302101129,2021,302101129,1,9,0,13,13,6,2,0,0,0,0,0,0,0,4,1,6,6,1,47,8,2987,2,14,MERCEDES CLK CLASS,9,E01019795,0,-1
2021371142707,2021,371142707,2,9,0,3,3,6,1,0,0,1,0,0,0,0,2,1,5,6,1,76,11,2987,2,15,MERCEDES CLK CLASS,7,E01030083,0,-1
2021430268568,2021,430268568,1,9,0,10,10,8,6,0,0,1,0,0,0,0,2,1,6,6,1,64,9,3199,1,17,MERCEDES CLK CLASS,9,E01016531,0,-1
2021161091953,2021,161091953,1,9,0,4,4,6,3,0,0,0,0,4,0,0,1,1,5,6,1,73,10,3199,1,18,MERCEDES CLK CLASS,1,E01012948,0,-1
2021010289149,2021,010289149,1,9,0,5,5,5,1,0,0,1,0,0,0,0,4,1,6,6,1,39,7,3199,1,18,MERCEDES CLK CLASS,3,E01003539,0,-1
2021070646374,2021,070646374,1,9,0,7,7,2,5,0,0,5,0,0,0,0,1,1,6,6,2,-1,-1,1796,1,16,MERCEDES CLK CLASS,7,E01018591,0,-1
2021440235001,2021,440235001,2,9,0,18,19,2,6,0,0,0,0,0,0,0,3,1,6,6,1,69,10,1998,1,23,MERCEDES CLK CLASS,3,E01029175,0,-1
2021991041939,2021,991041939,2,9,0,4,4,6,6,0,0,0,0,0,0,0,2,1,6,6,2,42,7,1796,1,14,MERCEDES CLK CLASS,3,-1,0,-1
2021010290886,2021,010290886,1,9,0,7,7,7,8,0,0,6,1,0,0,0,3,1,6,6,1,48,8,2685,2,16,MERCEDES CLK CLASS,2,E01000075,0,-1
2021010322739,2021,010322739,2,9,0,6,6,4,4,0,0,1,0,0,0,0,3,1,6,6,1,21,5,5439,1,18,MERCEDES CLK CLASS,9,E01030861,0,-1
2021991059319,2021,991059319,1,9,0,9,9,5,2,0,0,6,0,0,0,0,3,1,2,2,1,42,7,2148,2,16,MERCEDES CLK CLASS,7,-1,0,-1
2021010288920,2021,010288920,1,9,0,16,19,1,5,0,0,0,1,0,0,0,4,1,2,2,1,43,7,3498,1,15,MERCEDES CLK CLASS,8,E01030853,0,-1
2021501043801,2021,501043801,1,9,0,18,19,4,8,0,0,1,0,7,7,2,3,1,6,6,1,31,6,2597,1,17,MERCEDES CLK CLASS,4,E01018905,0,-1
2021010322229,2021,010322229,2,9,0,18,19,7,3,0,0,0,5,10,0,0,1,1,6,6,1,28,6,2148,2,15,MERCEDES CLK CLASS,-1,-1,0,-1
2021451052743,2021,451052743,2,9,0,2,2,0,0,0,0,0,0,0,0,0,1,1,6,6,3,-1,-1,2997,1,14,MERCEDES CLK CLASS,-1,-1,0,-1
2021070511539,2021,070511539,2,9,0,3,3,8,3,0,0,1,0,0,0,0,1,1,6,6,1,40,7,2149,2,14,MERCEDES CLK CLASS,8,E01018348,0,-1
2021421029284,2021,421029284,1,9,0,9,9,7,5,0,0,0,0,0,0,0,1,1,6,6,1,60,9,1796,1,18,MERCEDES CLK CLASS,6,E01022090,0,-1
2021411066528,2021,411066528,1,9,0,18,19,6,2,0,0,0,1,0,7,0,3,1,6,6,1,77,11,3199,1,18,MERCEDES CLK CLASS,10,E01023839,0,-1
2021010308397,2021,010308397,2,9,0,9,9,7,5,0,0,2,0,0,0,0,3,1,6,6,1,52,8,1998,1,19,MERCEDES CLK CLASS,4,E01004576,0,-1
2021320253221,2021,320253221,2,9,0,5,5,4,6,0,0,2,0,0,0,0,2,1,6,6,1,29,6,2685,2,17,MERCEDES CLK CLASS,3,E01026025,0,-1
2021501093512,2021,501093512,2,9,0,2,2,0,0,0,0,0,0,0,0,0,2,1,5,6,2,33,6,2597,1,16,MERCEDES CLK CLASS,1,E01019041,0,-1
2021010321215,2021,010321215,1,9,0,18,19,3,7,0,0,1,0,0,0,0,1,1,6,6,3,-1,-1,2597,1,17,MERCEDES CLK CLASS,-1,-1,0,-1
2021131105396,2021,131105396,1,9,0,5,5,1,5,0,0,0,0,0,0,0,3,1,2,2,2,42,7,2597,1,19,MERCEDES CLK CLASS,3,E01010847,0,-1
2021061063019,2021,061063019,2,9,0,11,11,4,8,0,0,8,0,0,0,0,4,1,6,6,3,-1,-1,3199,1,17,MERCEDES CLK CLASS,-1,-1,0,-1
2021461068330,2021,461068330,1,9,0,18,19,7,3,0,0,0,0,0,0,0,1,1,6,6,2,41,7,1796,1,17,MERCEDES CLK CLASS,1,E01024610,0,-1
2021451015408,2021,451015408,2,9,0,18,19,3,7,0,0,0,1,0,0,0,1,1,5,6,1,55,8,1796,1,14,MERCEDES CLK CLASS,5,E01030946,0,-1
2021221101572,2021,221101572,1,9,0,13,13,1,4,0,0,0,0,0,0,0,1,1,6,6,1,37,7,1796,1,17,MERCEDES CLK CLASS,1,E01009107,0,-1
2021061041039,2021,061041039,1,9,0,18,19,5,8,0,0,4,0,0,0,0,3,1,6,6,3,30,6,3199,1,17,MERCEDES CLK CLASS,-1,-1,0,-1
2021451120666,2021,451120666,1,9,0,4,4,3,7,0,0,1,0,0,0,0,2,1,6,6,1,40,7,2996,1,13,MERCEDES CLK CLASS,10,E01030454,0,-1
2021520103262,2021,520103262,1,9,0,4,4,6,2,0,0,0,0,0,0,0,2,1,6,6,2,38,7,1796,1,16,MERCEDES CLK CLASS,1,E01029292,0,-1
2021161051573,2021,161051573,2,9,0,5,5,6,2,0,0,8,0,0,0,0,1,1,2,2,1,30,6,1796,1,18,MERCEDES CLK CLASS,6,E01013180,0,-1
2021010313059,2021,010313059,1,9,0,9,9,4,1,0,0,6,0,0,0,0,1,1,6,6,2,55,8,1998,1,20,MERCEDES CLK CLASS,3,E01004430,0,-1
2021010341659,2021,010341659,2,9,0,99,99,9,9,99,99,9,9,99,9,99,1,9,6,6,3,-1,-1,3199,1,22,MERCEDES CLK CLASS,-1,-1,0,-1
2021010347393,2021,010347393,2,9,0,18,19,7,3,0,0,1,0,0,0,0,3,1,6,6,1,31,6,4300,1,21,MERCEDES CLK CLASS,6,E01002423,0,-1
2021010314963,2021,010314963,2,9,0,99,99,9,9,99,99,9,9,99,9,99,9,9,6,6,3,-1,-1,2597,1,19,MERCEDES CLK CLASS,-1,-1,0,-1
2021010330243,2021,010330243,1,9,0,9,9,7,5,0,0,1,1,0,0,0,1,1,6,6,1,29,6,3199,1,21,MERCEDES CLK CLASS,4,E01014488,0,-1
2021522103494,2021,522103494,1,9,0,12,12,5,1,0,0,7,0,0,0,10,1,1,6,6,1,32,6,2148,2,15,MERCEDES CLK CLASS,8,E01014693,0,-1
2021461100488,2021,461100488,1,9,0,18,19,5,3,0,0,1,0,0,0,0,1,1,6,6,1,29,6,2148,2,12,MERCEDES CLK CLASS,9,E01024768,0,-1
2021461093682,2021,461093682,4,9,0,18,19,3,7,0,0,0,0,0,0,0,0,1,5,6,1,41,7,2148,2,15,MERCEDES CLK CLASS,7,E01024719,0,-1
2021522200587,2021,522200587,2,9,0,18,19,5,1,0,0,0,0,10,0,0,1,1,6,6,1,43,7,2148,2,13,MERCEDES CLK CLASS,3,E01014499,0,-1
2021010350596,2021,010350596,1,9,0,18,19,7,3,0,0,6,0,0,0,0,1,1,6,6,1,57,9,2597,1,17,MERCEDES CLK CLASS,2,E01004398,0,-1
2021461060049,2021,461060049,1,9,0,17,19,1,5,0,0,0,0,10,0,0,1,1,5,6,1,71,10,1796,1,12,MERCEDES CLK CLASS,8,E01024113,0,-1
2021622100990,2021,622100990,3,9,0,2,2,0,0,0,0,0,0,0,7,3,1,1,6,6,3,-1,-1,3199,1,17,MERCEDES CLK CLASS,-1,-1,0,-1
2021471125352,2021,471125352,1,9,0,18,19,8,4,0,0,0,0,0,0,0,1,1,6,6,2,70,10,2597,1,16,MERCEDES CLK CLASS,8,E01020934,0,-1
2021101095957,2021,101095957,2,9,0,9,9,5,3,0,0,8,0,0,0,0,3,1,5,6,1,38,7,1796,1,18,MERCEDES CLK CLASS,2,E01008693,0,-1
2021501083068,2021,501083068,1,9,0,17,19,2,6,0,0,0,1,0,7,0,1,1,5,6,2,37,7,2597,1,17,MERCEDES CLK CLASS,3,E01018761,0,-1
2021010329082,2021,010329082,2,9,0,5,5,7,3,0,0,0,0,0,0,0,4,1,6,6,1,83,11,2143,2,7,MERCEDES GLA CLASS,5,E01003640,0,-1
2021421070845,2021,421070845,1,9,0,17,19,3,7,0,0,0,1,11,0,0,1,1,5,6,1,34,6,1332,1,0,MERCEDES GLA CLASS,4,E01000235,0,-1
2021421110322,2021,421110322,2,9,0,3,3,5,1,0,0,0,0,0,0,0,2,1,6,6,2,33,6,2143,2,6,MERCEDES GLA CLASS,3,E01021639,0,-1
2021010294626,2021,010294626,2,9,0,99,99,9,9,99,99,9,9,99,9,99,1,9,6,6,1,20,4,2143,2,6,MERCEDES GLA CLASS,6,E01001741,0,-1
2021411035052,2021,411035052,2,9,0,18,19,7,3,0,0,1,2,0,7,0,1,1,2,2,2,49,8,2143,2,6,MERCEDES GLA CLASS,10,E01023770,0,-1
2021131039394,2021,131039394,3,9,0,8,8,0,4,0,0,6,0,0,0,0,3,1,5,6,1,41,7,1595,1,2,MERCEDES GLA CLASS,3,E01011028,0,-1
2021401076275,2021,401076275,1,9,0,3,3,5,1,0,0,1,0,0,0,0,1,1,5,6,1,32,6,1595,1,2,MERCEDES GLA CLASS,6,E01027057,0,-1
2021041029697,2021,041029697,2,9,0,18,19,5,1,0,0,1,0,0,0,0,4,1,2,2,2,30,6,2143,2,6,MERCEDES GLA CLASS,2,E01012688,0,-1
2021010321196,2021,010321196,2,9,0,99,99,9,9,99,99,0,9,99,9,99,2,9,6,6,3,31,6,2143,2,6,MERCEDES GLA CLASS,3,E01003609,0,-1
2021041025536,2021,041025536,3,9,0,4,4,5,1,0,0,1,0,0,0,0,2,1,6,6,2,33,6,2143,2,4,MERCEDES GLA CLASS,1,E01012704,0,-1
2021010353419,2021,010353419,2,9,9,99,99,9,9,99,99,9,9,99,9,99,9,9,6,6,3,-1,-1,1595,1,2,MERCEDES GLA CLASS,-1,-1,0,-1
2021421014651,2021,421014651,2,9,0,18,19,5,1,0,0,0,0,0,1,7,3,1,5,6,2,26,6,1595,1,2,MERCEDES GLA CLASS,4,E01021849,0,-1
2021430152802,2021,430152802,1,9,0,14,14,3,7,0,0,0,0,0,0,0,1,1,6,6,3,-1,-1,1332,1,1,MERCEDES GLA CLASS,-1,-1,0,-1
2021411110585,2021,411110585,2,9,0,3,3,3,7,0,0,0,0,0,0,0,2,1,2,2,1,30,6,1595,1,2,MERCEDES GLA CLASS,9,E01023477,0,-1
2021010312762,2021,010312762,2,9,0,18,19,8,4,0,0,1,0,0,0,0,2,1,6,6,1,39,7,1595,1,2,MERCEDES GLA CLASS,8,E01018342,0,-1
2021010331994,2021,010331994,1,9,0,9,9,1,7,0,0,8,0,0,0,0,3,1,6,6,2,54,8,1595,1,1,MERCEDES GLA CLASS,4,E01001376,0,-1
2021461051014,2021,461051014,2,9,0,18,19,2,6,0,0,1,0,0,0,0,1,1,2,2,1,34,6,1595,1,5,MERCEDES GLA CLASS,3,E01016038,0,-1
2021991045689,2021,991045689,2,9,0,18,19,7,3,0,0,8,0,0,0,0,4,1,5,6,1,54,8,1595,1,3,MERCEDES GLA CLASS,9,-1,0,-1
2021131038176,2021,131038176,1,9,0,4,4,7,3,0,0,0,0,0,0,0,1,1,6,6,3,30,6,2143,2,5,MERCEDES GLA CLASS,-1,-1,0,-1
2021421017169,2021,421017169,1,9,0,18,19,1,5,0,0,0,0,0,0,0,1,1,5,6,1,38,7,1595,1,1,MERCEDES GLA CLASS,8,E01021924,0,-1
2021170L30321,2021,170L30321,1,9,0,7,7,7,1,0,0,8,0,0,0,0,4,1,6,6,1,50,8,2143,2,5,MERCEDES GLA CLASS,10,E01012303,0,-1
2021201122180,2021,201122180,2,9,0,18,19,4,8,0,0,0,0,0,0,0,3,1,2,2,2,26,6,2143,2,3,MERCEDES GLA CLASS,3,E01009660,0,-1
2021122100408,2021,122100408,1,9,0,9,9,7,5,0,0,8,0,0,0,0,1,1,6,6,1,73,10,1595,1,2,MERCEDES GLA CLASS,6,E01013418,0,-1
2021052101829,2021,052101829,2,9,0,18,19,5,1,0,0,0,0,0,0,0,1,1,6,6,2,34,6,2143,2,3,MERCEDES GLA CLASS,9,E01006091,0,-1
2021061036126,2021,061036126,1,9,0,3,3,2,6,0,0,4,0,0,0,0,2,1,5,6,2,24,5,2143,2,4,MERCEDES GLA CLASS,1,E01005746,0,-1
2021421105387,2021,421105387,2,9,0,3,3,3,7,0,0,4,0,0,0,0,2,1,5,6,2,60,9,1595,1,2,MERCEDES GLA CLASS,4,E01022028,0,-1