collision_index,collision_year,collision_ref_no,vehicle_reference,vehicle_type,towing_and_articulation,vehicle_manoeuvre_historic,vehicle_manoeuvre,vehicle_direction_from,vehicle_direction_to,vehicle_location_restricted_lane_historic,vehicle_location_restricted_lane,junction_location,skidding_and_overturning,hit_object_in_carriageway,vehicle_leaving_carriageway,hit_object_off_carriageway,first_point_of_impact,vehicle_left_hand_drive,journey_purpose_of_driver_historic,journey_purpose_of_driver,sex_of_driver,age_of_driver,age_band_of_driver,engine_capacity_cc,propulsion_code,age_of_vehicle,generic_make_model,driver_imd_decile,lsoa_of_driver,escooter_flag,driver_distance_banding
2021010337452,2021,010337452,2,9,0,99,99,9,9,99,99,9,9,99,9,99,1,9,6,6,3,-1,-1,1595,1,2,MERCEDES GLA CLASS,-1,-1,0,-1
2021010319485,2021,010319485,1,9,0,9,9,5,3,0,0,8,1,0,6,0,4,1,6,6,1,62,9,1595,1,2,MERCEDES GLA CLASS,10,E01003780,0,-1
2021991049858,2021,991049858,2,9,0,9,9,6,4,0,0,8,0,0,0,0,3,1,5,6,1,30,6,1595,1,3,MERCEDES GLA CLASS,10,-1,0,-1
2021101071394,2021,101071394,1,9,0,18,19,3,7,0,0,2,0,0,0,0,4,1,5,6,2,-1,-1,2143,2,4,MERCEDES GLA CLASS,8,E01008734,0,-1
2021041017165,2021,041017165,1,9,0,18,19,1,5,0,0,0,1,0,4,0,1,1,5,6,1,33,6,2143,2,4,MERCEDES GLA CLASS,8,E01004780,0,-1
2021010340022,2021,010340022,2,9,0,99,99,9,9,99,99,9,9,99,9,99,9,9,6,6,3,-1,-1,1950,2,0,MERCEDES GLA CLASS,-1,-1,0,-1
2021471038817,2021,471038817,2,9,0,18,19,3,7,0,0,1,1,0,0,0,4,1,5,6,1,84,11,1595,1,2,MERCEDES GLA CLASS,9,E01021144,0,-1
2021221018979,2021,221018979,1,9,0,18,19,7,3,0,0,0,0,0,0,0,1,1,5,6,1,28,6,1991,1,4,MERCEDES GLA CLASS,8,E01032197,0,-1
2021211143726,2021,211143726,1,9,0,2,2,5,1,0,0,1,0,0,0,0,3,1,6,6,2,55,8,1595,1,1,MERCEDES GLA CLASS,1,E01014330,0,-1
2021010308616,2021,010308616,2,9,0,99,99,9,9,99,99,9,9,99,9,99,9,9,6,6,2,-1,-1,2143,2,6,MERCEDES GLA CLASS,2,E01001878,0,-1
2021010329961,2021,010329961,1,9,0,99,99,9,9,99,99,4,9,99,9,99,2,9,2,2,2,52,8,1595,1,3,MERCEDES GLA CLASS,9,E01021479,0,-1
2021010311667,2021,010311667,1,9,0,7,7,5,8,0,0,5,0,0,0,0,2,1,6,6,2,41,7,1332,1,0,MERCEDES GLA CLASS,2,E01001848,0,-1
2021430241181,2021,430241181,3,9,0,3,3,8,4,0,0,1,0,0,0,0,3,1,6,6,2,34,6,2143,2,5,MERCEDES GLA CLASS,-1,-1,0,-1
2021421126082,2021,421126082,1,9,0,4,4,7,3,0,0,0,0,0,0,0,1,1,6,6,2,44,7,1595,1,2,MERCEDES GLA CLASS,3,E01021303,0,-1
2021461120955,2021,461120955,1,9,0,18,19,3,7,0,0,0,0,0,0,0,1,1,5,6,1,41,7,2143,2,6,MERCEDES GLA CLASS,7,E01024793,0,-1
2021421120266,2021,421120266,2,9,0,2,2,0,0,0,0,0,0,0,0,0,1,1,6,6,3,-1,-1,2143,2,4,MERCEDES GLA CLASS,-1,-1,0,-1
202154C134821,2021,54C134821,2,9,0,4,4,7,3,0,0,1,0,0,0,0,3,1,6,6,2,52,8,2143,2,5,MERCEDES GLA CLASS,1,E01032096,0,-1
2021461101387,2021,461101387,2,9,0,18,19,5,1,0,0,0,0,0,0,0,3,1,5,6,2,48,8,2143,2,5,MERCEDES GLA CLASS,3,E01016102,0,-1
2021010310724,2021,010310724,2,9,0,16,19,1,5,0,0,2,1,0,8,4,3,1,6,6,1,31,6,1595,1,1,MERCEDES GLA CLASS,-1,-1,0,-1
2021522105743,2021,522105743,1,9,0,18,19,1,5,0,0,8,0,0,0,0,4,1,6,6,2,40,7,2143,2,4,MERCEDES GLA CLASS,1,E01014688,0,-1
2021221046780,2021,221046780,1,9,0,7,7,1,3,0,0,6,0,0,0,0,1,1,5,6,1,73,10,1332,8,1,MERCEDES GLA CLASS,5,E01028948,0,-1
2021522102045,2021,522102045,1,9,0,7,7,2,4,0,0,8,0,0,0,6,1,1,6,6,1,35,6,1595,1,2,MERCEDES GLA CLASS,1,E01014605,0,-1
2021061044093,2021,061044093,8,9,0,18,19,1,5,0,0,0,0,0,0,0,1,1,6,6,2,45,7,1595,1,2,MERCEDES GLA CLASS,1,E01005101,0,-1
2021010315715,2021,010315715,2,9,0,18,19,7,3,9,9,0,0,0,1,4,1,1,6,6,1,42,7,1595,1,3,MERCEDES GLA CLASS,1,E01001364,0,-1
2021010343443,2021,010343443,1,9,0,5,5,0,3,0,0,1,0,0,0,0,2,2,6,6,1,50,8,1595,1,2,MERCEDES GLA CLASS,2,E01004263,0,-1
2021010339355,2021,010339355,2,9,0,6,6,3,3,0,0,0,0,0,0,0,3,1,6,6,3,-1,-1,2143,2,4,MERCEDES GLA CLASS,-1,-1,0,-1
2021010308546,2021,010308546,3,9,0,2,2,0,0,0,0,1,0,0,0,0,9,9,6,6,3,-1,-1,1595,1,2,MERCEDES GLA CLASS,-1,-1,0,-1
2021221058090,2021,221058090,2,9,0,9,9,2,7,0,0,0,0,0,0,0,2,1,6,6,1,62,9,2143,2,4,MERCEDES GLA CLASS,8,E01010245,0,-1
2021461065551,2021,461065551,4,9,0,3,3,7,3,0,0,1,0,0,0,0,2,1,6,6,2,30,6,2143,2,4,MERCEDES GLA CLASS,8,E01016082,0,-1
2021201065102,2021,201065102,2,9,0,18,19,4,8,0,0,1,0,0,0,0,1,1,6,6,2,25,5,1595,1,2,MERCEDES GLA CLASS,7,E01010359,0,-1
202131D003121,2021,31D003121,1,9,0,17,19,7,3,0,0,0,2,0,1,11,1,1,2,2,1,32,6,1595,1,2,MERCEDES GLA CLASS,2,E01013906,0,-1
2021991055003,2021,991055003,2,9,0,15,15,1,5,0,0,0,0,0,0,0,3,1,5,6,2,34,6,2143,2,7,MERCEDES GLA CLASS,1,E01005167,0,-1
2021201130195,2021,201130195,1,9,0,18,19,1,5,0,0,4,0,0,0,0,1,1,6,6,1,42,7,1595,1,2,MERCEDES GLA CLASS,6,E01009685,0,-1
2021010292873,2021,010292873,1,9,0,99,99,9,9,99,99,9,9,99,9,99,9,9,2,2,1,34,6,1595,1,2,MERCEDES GLA CLASS,7,E01002328,0,-1
2021101038959,2021,101038959,2,9,0,3,3,1,5,0,0,8,0,0,0,0,2,1,6,6,2,-1,-1,1595,1,4,MERCEDES GLA CLASS,-1,-1,0,-1
2021010299971,2021,010299971,2,9,0,7,7,3,6,0,0,2,0,0,0,0,1,1,6,6,1,62,9,2143,2,4,MERCEDES GLA CLASS,-1,-1,0,-1
2021471050098,2021,471050098,1,9,0,18,19,7,3,0,0,0,0,0,0,0,1,1,6,6,2,54,8,1950,2,1,MERCEDES GLA CLASS,6,E01016927,0,-1
2021501116890,2021,501116890,1,9,0,18,19,3,7,0,0,0,0,0,0,0,1,1,6,6,3,-1,-1,1595,1,1,MERCEDES GLA CLASS,-1,-1,0,-1
2021010333569,2021,010333569,1,9,0,18,19,1,5,0,0,1,0,0,0,0,3,1,6,6,1,37,7,1332,1,1,MERCEDES GLA CLASS,8,E01003774,0,-1
2021122100811,2021,122100811,2,9,0,18,19,2,6,0,0,0,5,0,1,0,3,1,6,6,1,36,7,1595,1,3,MERCEDES GLA CLASS,9,E01011580,0,-1
2021411128484,2021,411128484,1,9,0,3,3,8,4,0,0,1,0,0,0,0,2,1,6,6,2,40,7,2143,2,5,MERCEDES GLA CLASS,9,E01017701,0,-1
2021122200012,2021,122200012,1,9,0,5,5,1,3,0,0,1,0,0,0,0,1,1,2,2,2,29,6,2143,2,5,MERCEDES GLA CLASS,10,E01027855,0,-1
2021401061726,2021,401061726,2,9,0,9,9,8,4,0,0,4,0,0,0,0,1,1,5,6,2,30,6,1950,2,0,MERCEDES GLA CLASS,4,E01017567,0,-1
2021010293083,2021,010293083,1,9,0,99,99,9,9,99,99,0,9,99,9,99,9,1,6,6,2,51,8,2143,2,4,MERCEDES GLA CLASS,9,E01000205,0,-1
2021201103121,2021,201103121,2,8,0,2,2,0,0,0,0,1,0,0,0,0,2,1,1,1,1,31,6,2143,2,6,MERCEDES GLA CLASS,1,E01009733,0,-1
202163A027921,2021,63A027921,2,9,0,2,2,0,0,0,0,0,0,4,0,0,1,1,6,6,1,27,6,1991,1,7,MERCEDES GLA CLASS,6,W01000666,0,-1
2021361034145,2021,361034145,2,9,0,4,4,4,8,0,0,0,0,0,0,0,2,1,5,6,2,62,9,2143,2,2,MERCEDES GLA CLASS,4,E01026638,0,-1
2021361090975,2021,361090975,3,9,0,3,3,4,8,0,0,0,0,0,0,0,2,1,5,6,1,67,10,1332,1,1,MERCEDES GLA CLASS,7,E01026924,0,-1
2021061062337,2021,061062337,2,9,0,18,19,4,8,0,0,0,0,0,0,0,3,1,6,6,1,30,6,2143,2,6,MERCEDES GLA CLASS,-1,-1,0,-1
2021061052386,2021,061052386,3,9,0,4,4,7,3,0,0,0,0,0,0,0,2,1,5,6,2,33,6,2143,2,6,MERCEDES GLA CLASS,1,E01001729,0,-1
2021471057322,2021,471057322,2,9,0,9,9,5,3,0,0,8,0,0,0,0,4,1,5,6,2,49,8,1332,1,0,MERCEDES GLA CLASS,2,E01016906,0,-1
2021991032686,2021,991032686,2,9,0,18,19,5,1,0,0,1,0,0,0,0,1,1,6,6,2,43,7,2143,2,3,MERCEDES GLA CLASS,1,-1,0,-1
2021010308546,2021,010308546,1,9,0,18,19,1,5,0,0,1,9,0,0,0,1,1,6,6,2,19,4,1595,1,2,MERCEDES GLA CLASS,4,E01033572,0,-1
2021461099982,2021,461099982,2,9,0,2,2,0,0,0,0,0,0,4,0,0,2,1,2,2,2,23,5,2143,2,6,MERCEDES GLA CLASS,5,E01032654,0,-1
2021161067337,2021,161067337,2,9,0,4,4,6,2,0,0,0,0,0,0,0,2,1,5,6,2,27,6,1595,1,2,MERCEDES GLA CLASS,8,E01013035,0,-1
202131A153121,2021,31A153121,3,9,0,18,19,6,2,0,0,8,0,0,0,0,1,1,6,6,1,72,10,1595,1,3,MERCEDES GLA CLASS,7,E01027984,0,-1
2021010305699,2021,010305699,3,9,0,2,2,0,0,0,0,1,0,0,0,0,3,1,6,6,3,-1,-1,2143,2,4,MERCEDES GLA CLASS,-1,-1,0,-1
2021141126387,2021,141126387,2,9,0,5,5,5,1,0,0,0,0,0,0,0,3,2,5,6,1,53,8,1950,2,0,MERCEDES GLA CLASS,7,E01013248,0,-1
202154B522421,2021,54B522421,1,9,0,5,5,3,7,0,0,3,0,0,0,0,1,1,2,2,2,59,9,1595,1,3,MERCEDES GLA CLASS,9,E01032038,0,-1
2021010333319,2021,010333319,2,9,0,99,99,9,9,99,99,9,9,99,9,99,1,9,6,6,3,-1,-1,1595,1,1,MERCEDES GLA CLASS,3,E01026113,0,-1
2021052101527,2021,052101527,1,9,0,18,19,3,7,0,0,8,0,0,0,0,3,1,6,6,1,65,9,1595,1,1,MERCEDES GLA CLASS,4,E01007160,0,-1
2021141044887,2021,141044887,2,9,0,3,3,1,4,0,0,8,0,0,0,0,2,1,6,6,2,60,9,2143,2,5,MERCEDES GLA CLASS,4,E01007584,0,-1
2021991139602,2021,991139602,3,9,0,18,19,7,3,0,0,1,0,0,0,0,4,1,6,6,2,41,7,2143,2,3,MERCEDES GLA CLASS,4,-1,0,-1
2021131079605,2021,131079605,2,9,0,-1,-1,-1,-1,-1,-1,0,-1,-1,-1,-1,-1,1,5,6,2,63,9,2143,2,6,MERCEDES GLA CLASS,8,E01010859,0,-1
2021052101911,2021,052101911,1,9,0,18,19,6,2,0,0,0,0,0,0,0,4,1,6,6,1,36,7,1595,1,2,MERCEDES GLA CLASS,9,E01006597,0,-1
2021522201208,2021,522201208,1,9,0,18,19,3,7,0,0,0,0,0,0,0,1,1,6,6,1,37,7,1595,1,4,MERCEDES GLA CLASS,3,E01014461,0,-1
2021010342936,2021,010342936,1,9,0,18,19,5,1,0,0,0,0,0,0,0,1,1,6,6,2,61,9,2143,2,2,MERCEDES GLA CLASS,2,E01004524,0,-1
2021451055165,2021,451055165,1,9,0,18,19,1,8,0,0,0,0,0,0,0,1,1,1,1,2,23,5,2143,2,4,MERCEDES GLA CLASS,9,E01030705,0,-1
2021622100962,2021,622100962,2,9,0,18,19,2,6,0,0,8,0,0,0,0,3,1,6,6,1,67,10,1595,1,3,MERCEDES GLA CLASS,10,W01000785,0,-1
2021201080649,2021,201080649,1,9,0,18,19,4,8,0,0,0,0,4,0,0,1,1,6,6,2,35,6,2143,2,4,MERCEDES GLA CLASS,5,E01008974,0,-1
2021010313169,2021,010313169,2,9,0,18,19,1,5,0,0,2,0,0,0,0,0,1,6,6,3,-1,-1,1595,1,2,MERCEDES GLA CLASS,4,E01001355,0,-1
2021451094729,2021,451094729,2,9,0,18,19,5,1,0,0,0,0,0,0,0,1,1,3,7,2,53,8,2143,2,6,MERCEDES GLA CLASS,10,E01030442,0,-1
2021430548372,2021,430548372,1,9,0,18,19,2,6,0,0,8,0,9,3,0,1,1,6,6,1,64,9,1595,1,2,MERCEDES GLA CLASS,8,E01033519,0,-1
2021061062331,2021,061062331,1,9,0,18,19,8,4,0,0,8,0,0,0,0,1,1,6,6,2,31,6,1595,1,2,MERCEDES GLA CLASS,9,E01004968,0,-1
2021522104626,2021,522104626,3,9,0,9,9,5,3,0,0,8,0,0,0,0,2,1,6,6,2,42,7,1595,1,2,MERCEDES GLA CLASS,8,E01014996,0,-1
2021991035651,2021,991035651,1,9,0,9,9,3,1,0,0,1,0,0,0,0,4,1,6,6,2,51,8,2143,2,4,MERCEDES GLA CLASS,2,-1,0,-1
2021010309641,2021,010309641,1,9,0,5,5,1,5,0,0,1,0,0,0,0,1,1,6,6,2,27,6,1595,1,1,MERCEDES GLA CLASS,4,E01015994,0,-1
2021010305144,2021,010305144,1,9,0,18,19,5,1,0,0,1,0,0,0,0,1,1,6,6,1,35,6,2143,2,5,MERCEDES GLA CLASS,2,E01003508,0,-1
2021052102859,2021,052102859,2,9,0,7,7,1,3,0,0,2,0,0,0,0,4,1,6,6,1,71,10,1595,1,2,MERCEDES GLA CLASS,1,E01006460,0,-1
2021201035750,2021,201035750,2,9,0,18,19,8,4,0,0,8,0,0,0,0,1,1,2,2,1,24,5,2143,2,4,MERCEDES GLA CLASS,6,E01010221,0,-1
2021411092493,2021,411092493,2,9,0,4,4,6,2,0,0,0,0,0,0,0,2,1,5,6,2,47,8,1595,1,3,MERCEDES GLA CLASS,9,E01023910,0,-1
2021010314929,2021,010314929,2,9,0,99,99,9,9,99,99,9,9,99,9,99,2,9,6,6,3,-1,-1,2143,2,4,MERCEDES GLA CLASS,4,E01001903,0,-1
2021010294595,2021,010294595,1,9,0,99,99,9,9,99,99,9,9,99,9,99,9,9,6,6,3,29,6,2143,2,3,MERCEDES GLA CLASS,5,E01001278,0,-1
2021010300346,2021,010300346,1,9,0,18,19,3,7,0,0,8,0,0,0,0,2,9,6,6,2,31,6,1595,1,2,MERCEDES GLA CLASS,8,E01000985,0,-1
2021440049131,2021,440049131,2,9,0,4,4,5,1,0,0,0,0,0,0,0,2,1,6,6,2,63,9,2143,2,4,MERCEDES GLA CLASS,10,E01022510,0,-1
2021010287738,2021,010287738,1,9,0,9,9,1,7,0,0,8,0,0,0,0,1,1,1,1,1,54,8,2143,2,4,MERCEDES GLA CLASS,10,E01000838,0,-1
202134NNC7221,2021,34NNC7221,1,9,0,18,19,7,3,0,0,4,0,0,0,0,1,1,6,6,1,51,8,1332,8,0,MERCEDES GLA CLASS,-1,-1,0,-1
2021010296444,2021,010296444,1,9,0,99,99,9,9,99,99,9,9,99,9,99,1,9,6,6,2,27,6,1595,1,2,MERCEDES GLA CLASS,5,E01004451,0,-1
2021991030740,2021,991030740,1,9,0,16,19,7,3,0,0,0,0,0,0,0,1,1,6,6,2,48,8,1595,1,2,MERCEDES GLA CLASS,7,-1,0,-1
2021010349515,2021,010349515,3,9,0,3,3,3,7,0,0,1,0,0,0,0,3,1,1,1,2,40,7,2143,2,6,MERCEDES GLA CLASS,1,E01000521,0,-1
2021010314742,2021,010314742,1,9,0,9,9,3,1,0,0,8,0,0,0,0,1,1,6,6,2,56,9,1332,1,0,MERCEDES GLA CLASS,1,E01001458,0,-1
2021010298096,2021,010298096,2,9,0,99,99,9,9,99,99,9,9,99,9,99,9,9,6,6,3,-1,-1,1595,1,2,MERCEDES GLA CLASS,2,E01001754,0,-1
2021041076438,2021,041076438,1,9,0,16,19,4,7,0,0,0,1,0,0,0,3,1,5,6,1,29,6,2143,2,5,MERCEDES GLA CLASS,1,E01033747,0,-1
2021421048967,2021,421048967,1,9,0,9,9,5,7,0,0,0,0,0,0,0,1,1,5,6,2,55,8,2143,2,5,MERCEDES GLA CLASS,8,E01021349,0,-1
2021061078931,2021,061078931,2,9,0,18,19,6,2,0,0,0,0,0,0,0,1,1,6,6,3,30,6,1595,1,2,MERCEDES GLA CLASS,-1,-1,0,-1
2021221070432,2021,221070432,2,9,0,3,3,4,8,0,0,1,0,0,0,0,2,1,5,6,2,32,6,2143,2,7,MERCEDES GLA CLASS,9,E01032362,0,-1
2021010337789,2021,010337789,1,9,0,7,7,2,5,4,4,6,0,0,0,0,1,1,6,6,2,60,9,1595,1,2,MERCEDES GLA CLASS,2,E01001775,0,-1
2021010342227,2021,010342227,1,9,0,18,19,3,7,0,0,0,0,0,0,0,1,1,6,6,1,56,9,1332,1,0,MERCEDES GLA CLASS,2,E01001528,0,-1
2021461064311,2021,461064311,2,9,0,18,19,3,7,0,0,0,0,0,0,0,2,1,6,6,2,32,6,2143,2,6,MERCEDES GLA CLASS,5,E01016165,0,-1
2021421074726,2021,421074726,3,9,0,2,2,0,0,0,0,0,0,0,0,0,3,1,6,6,3,20,4,1595,1,3,MERCEDES GLA CLASS,-1,-1,0,-1
2021440480850,2021,440480850,2,9,0,9,9,2,1,0,0,8,0,0,0,0,0,1,6,6,1,29,6,1595,1,4,MERCEDES GLA CLASS,4,E01031434,0,-1
2021371017004,2021,371017004,2,9,5,18,19,5,1,0,0,0,0,0,0,0,1,1,1,1,1,61,9,2143,2,4,MERCEDES GLA CLASS,6,E01029876,0,-1
2021010335171,2021,010335171,1,9,0,18,19,3,7,0,0,4,0,11,7,11,3,1,6,6,2,42,7,1332,1,0,MERCEDES GLA CLASS,2,E01001827,0,-1
2021471073851,2021,471073851,1,9,0,7,7,3,5,0,0,1,0,0,0,0,0,1,5,6,2,52,8,1332,1,1,MERCEDES GLA CLASS,8,E01016928,0,-1
2021061141113,2021,061141113,1,9,0,18,19,2,6,0,0,8,0,0,0,0,1,1,6,6,3,30,6,1595,1,2,MERCEDES GLA CLASS,-1,-1,0,-1
2021010315462,2021,010315462,1,9,0,18,19,5,1,5,5,1,0,0,0,0,3,1,6,6,2,61,9,2143,2,3,MERCEDES GLA CLASS,9,E01030391,0,-1
2021201106461,2021,201106461,2,9,0,18,19,8,4,0,0,8,1,0,0,0,3,1,6,6,2,37,7,2143,2,5,MERCEDES GLA CLASS,1,E01009477,0,-1
2021010320469,2021,010320469,2,9,0,18,19,1,5,0,0,1,0,0,0,0,3,1,6,6,2,33,6,2143,2,5,MERCEDES GLA CLASS,-1,-1,0,-1
2021010312561,2021,010312561,1,9,0,18,19,1,5,0,0,2,0,10,0,0,1,1,6,6,2,37,7,2143,2,6,MERCEDES GLA CLASS,3,E01000432,0,-1
2021451045298,2021,451045298,2,9,0,9,9,2,5,0,0,0,0,0,0,0,3,1,5,6,2,46,8,2143,2,5,MERCEDES GLA CLASS,9,E01030554,0,-1
2021440025750,2021,440025750,2,9,0,18,19,7,3,0,0,8,0,0,0,0,1,1,6,6,2,30,6,2143,2,5,MERCEDES GLA CLASS,5,E01017213,0,-1
2021451040233,2021,451040233,1,9,0,18,19,5,1,0,0,0,0,0,0,0,3,1,5,6,1,65,9,1595,1,1,MERCEDES GLA CLASS,4,E01020918,0,-1
2021041012619,2021,041012619,1,9,0,18,19,5,1,0,0,1,0,0,0,0,1,1,6,6,1,45,7,1595,1,4,MERCEDES GLA CLASS,1,E01005259,0,-1
2021010304211,2021,010304211,2,9,0,14,14,7,3,0,0,0,0,0,0,0,1,1,6,6,2,31,6,2143,2,3,MERCEDES GLA CLASS,4,E01003530,0,-1
2021010290270,2021,010290270,1,9,0,99,99,9,9,99,99,9,9,99,9,99,9,9,6,6,1,29,6,1595,1,4,MERCEDES GLA CLASS,1,E01002855,0,-1
2021010331957,2021,010331957,2,9,0,99,99,9,9,99,99,9,9,99,9,99,1,9,6,6,2,64,9,1595,1,2,MERCEDES GLA CLASS,8,E01001392,0,-1
2021010322477,2021,010322477,2,9,0,99,99,9,9,99,99,0,9,99,9,99,2,9,6,6,3,21,5,2143,2,5,MERCEDES GLA CLASS,2,E01003313,0,-1
2021411019171,2021,411019171,8,9,0,18,19,1,5,0,0,0,1,0,0,0,3,1,6,6,1,46,8,1991,1,4,MERCEDES GLA CLASS,9,E01023802,0,-1
2021010355734,2021,010355734,1,9,9,99,99,9,9,99,99,9,9,99,9,99,9,9,6,6,1,61,9,1332,1,0,MERCEDES GLA CLASS,3,E01000622,0,-1
2021141124702,2021,141124702,2,9,0,17,19,3,8,0,0,0,1,0,1,2,1,1,6,6,1,60,9,2143,2,4,-1,6,E01010970,0,-1
2021070215762,2021,070215762,1,9,0,2,2,0,0,0,0,0,0,0,0,0,0,1,6,6,3,-1,-1,1991,1,0,-1,-1,-1,0,-1
2021010314140,2021,010314140,3,9,0,2,2,0,0,0,0,0,0,0,0,0,2,1,6,6,3,-1,-1,1595,1,3,-1,-1,-1,0,-1
2021122100703,2021,122100703,1,9,0,5,5,1,5,0,0,6,0,7,7,11,1,1,6,6,2,67,10,1991,1,4,-1,6,E01027659,0,-1
2021070747045,2021,070747045,2,9,0,13,13,6,2,0,0,0,0,0,0,0,3,1,6,6,2,81,11,1991,1,4,-1,10,E01018370,0,-1
2021041066622,2021,041066622,1,9,0,18,19,7,3,0,0,0,0,4,0,0,3,1,5,6,2,83,11,1991,1,3,-1,9,E01024967,0,-1
2021201078939,2021,201078939,2,9,0,18,19,1,5,0,0,1,0,0,1,0,4,1,6,6,2,61,9,2143,2,4,-1,8,E01010540,0,-1
2021471019729,2021,471019729,1,9,0,5,5,3,6,0,0,4,0,0,0,0,4,1,2,2,2,56,9,1991,1,2,-1,10,E01031485,0,-1
2021351016010,2021,351016010,2,9,0,3,3,2,6,0,0,0,0,0,0,0,2,1,6,6,1,47,8,2143,2,5,-1,3,E01018081,0,-1
2021471111030,2021,471111030,1,9,0,9,9,1,7,0,0,5,0,0,0,0,3,1,3,7,1,50,8,-1,3,10,-1,4,E01021057,0,-1
2021010318937,2021,010318937,1,19,0,18,19,1,5,0,0,1,0,0,0,0,1,1,1,1,1,62,9,2300,2,19,-1,6,E01000306,0,-1
2021501134076,2021,501134076,1,5,0,5,5,1,4,0,0,0,1,10,7,0,1,1,5,6,1,36,7,599,1,15,SUZUKI GSXR 600,8,E01020146,0,-1
2021052101419,2021,052101419,1,5,0,13,13,6,2,0,0,0,0,0,0,0,1,1,6,6,1,32,6,599,1,17,SUZUKI GSXR 600,1,E01033094,0,-1
2021451050675,2021,451050675,1,5,0,18,19,1,5,0,0,0,1,0,0,0,1,1,5,6,1,60,9,600,1,21,SUZUKI GSXR 600,7,E01030621,0,-1
2021052101076,2021,052101076,1,5,0,4,4,8,6,0,0,0,1,10,7,11,1,1,6,6,1,29,6,599,1,17,SUZUKI GSXR 600,10,E01025502,0,-1
2021451047415,2021,451047415,1,5,0,18,19,7,3,0,0,0,0,11,0,0,1,1,2,2,1,31,6,599,1,8,SUZUKI GSXR 600,5,E01024427,0,-1
2021061077093,2021,061077093,1,5,0,18,19,7,3,0,0,0,1,0,0,0,3,1,6,6,1,34,6,599,1,19,SUZUKI GSXR 600,2,E01006185,0,-1
2021430258412,2021,430258412,2,5,0,10,10,6,4,0,0,1,0,0,0,0,2,1,6,6,1,64,9,599,1,18,SUZUKI GSXR 600,4,E01022635,0,-1
2021461064641,2021,461064641,2,5,0,18,19,7,3,0,0,1,2,0,0,0,3,1,1,1,1,25,5,599,1,16,SUZUKI GSXR 600,7,E01016167,0,-1
2021061061498,2021,061061498,2,5,0,18,19,1,1,0,0,0,0,0,0,0,1,1,6,6,1,31,6,599,1,15,SUZUKI GSXR 600,4,E01005217,0,-1
2021610010621,2021,610010621,2,5,0,15,15,7,3,0,0,3,0,0,0,0,2,1,6,6,1,41,7,599,1,7,SUZUKI GSXR 600,6,W01001492,0,-1
2021201075521,2021,201075521,1,5,0,18,19,6,2,0,0,1,1,4,0,0,2,1,6,6,1,39,7,599,1,23,SUZUKI GSXR 600,3,E01010089,0,-1
2021061115881,2021,061115881,2,5,0,18,19,2,6,0,0,2,0,0,0,0,1,1,6,6,1,35,6,599,1,18,SUZUKI GSXR 600,8,E01006299,0,-1
2021531041097,2021,531041097,1,5,0,16,19,3,7,0,0,1,1,9,0,0,1,1,5,6,1,24,5,599,1,13,SUZUKI GSXR 600,7,E01014962,0,-1
2021461054350,2021,461054350,2,5,0,18,19,1,5,0,0,1,0,0,0,0,1,1,6,6,1,30,6,600,1,23,SUZUKI GSXR 600,1,E01024615,0,-1
2021401044805,2021,401044805,2,5,0,18,19,6,2,0,0,8,0,0,0,0,1,1,6,6,1,29,6,599,1,19,SUZUKI GSXR 600,10,E01017406,0,-1
2021531026636,2021,531026636,1,5,0,13,13,7,3,7,6,0,2,10,1,4,1,1,5,6,1,24,5,675,1,13,-1,7,E01022302,0,-1
2021451104197,2021,451104197,1,9,0,18,19,7,3,0,0,0,0,0,0,0,2,1,5,6,1,56,9,1969,12,0,VOLVO XC60,2,E01016110,0,-1
2021041040148,2021,041040148,2,9,0,17,19,7,5,0,0,0,0,0,0,0,3,1,6,6,2,44,7,2400,2,5,VOLVO XC60,7,E01019390,0,-1
2021101142583,2021,101142583,1,9,0,18,19,7,3,0,0,4,1,10,0,0,1,1,6,6,3,18,4,1969,2,4,VOLVO XC60,-1,-1,0,-1
2021221068137,2021,221068137,2,9,0,14,14,7,4,0,0,0,0,0,0,0,4,1,5,6,1,72,10,1969,2,3,VOLVO XC60,10,E01032227,0,-1
2021430419012,2021,430419012,1,9,0,9,9,7,6,0,0,6,0,0,0,0,1,1,2,2,1,61,9,1969,8,0,VOLVO XC60,10,E01017782,0,-1
2021461100173,2021,461100173,1,9,0,9,9,8,6,0,0,0,0,0,0,0,1,1,6,6,1,52,8,2400,2,4,VOLVO XC60,10,E01024731,0,-1
2021320589900,2021,320589900,1,9,0,4,4,8,4,0,0,1,0,0,0,0,1,1,6,6,2,30,6,2400,2,10,VOLVO XC60,1,E01026010,0,-1
202131B001421,2021,31B001421,1,9,0,12,12,1,5,0,0,1,0,0,0,0,3,1,2,2,2,50,8,1969,12,0,VOLVO XC60,3,E01007540,0,-1
2021991029649,2021,991029649,1,9,0,18,19,5,1,0,0,0,0,0,7,0,1,1,5,6,1,54,8,1969,2,4,VOLVO XC60,5,E01000003,0,-1