collision_index,collision_year,collision_ref_no,vehicle_reference,vehicle_type,towing_and_articulation,vehicle_manoeuvre_historic,vehicle_manoeuvre,vehicle_direction_from,vehicle_direction_to,vehicle_location_restricted_lane_historic,vehicle_location_restricted_lane,junction_location,skidding_and_overturning,hit_object_in_carriageway,vehicle_leaving_carriageway,hit_object_off_carriageway,first_point_of_impact,vehicle_left_hand_drive,journey_purpose_of_driver_historic,journey_purpose_of_driver,sex_of_driver,age_of_driver,age_band_of_driver,engine_capacity_cc,propulsion_code,age_of_vehicle,generic_make_model,driver_imd_decile,lsoa_of_driver,escooter_flag,driver_distance_banding
2021440073252,2021,440073252,2,9,0,9,9,2,8,0,0,8,0,0,0,0,2,1,6,6,2,57,9,2400,2,9,VOLVO XC60,5,E01022999,0,-1
2021010302546,2021,010302546,1,9,0,4,4,7,3,0,0,1,0,0,0,0,2,1,6,6,1,55,8,2400,2,6,VOLVO XC60,4,E01030709,0,-1
2021201056814,2021,201056814,3,9,0,2,2,0,0,0,0,1,0,4,0,0,1,1,6,6,2,29,6,2400,2,4,VOLVO XC60,3,E01010480,0,-1
2021010328757,2021,010328757,2,9,0,99,99,9,9,99,99,9,9,99,9,99,0,9,6,6,1,63,9,1969,8,3,VOLVO XC60,7,E01000237,0,-1
202131B138921,2021,31B138921,2,9,0,10,10,8,4,0,0,1,0,0,0,0,2,1,6,6,1,52,8,1969,2,4,VOLVO XC60,7,E01028021,0,-1
2021010302186,2021,010302186,1,9,0,7,7,1,3,0,0,5,0,0,0,0,3,1,6,6,1,24,5,1969,8,0,VOLVO XC60,6,E01003705,0,-1
2021522104887,2021,522104887,2,9,0,3,3,3,7,0,0,1,0,0,0,0,2,1,6,6,2,35,6,2400,2,9,VOLVO XC60,2,E01014810,0,-1
2021471046580,2021,471046580,1,9,0,18,19,5,2,0,0,1,0,0,0,0,1,1,2,2,1,54,8,2400,2,9,VOLVO XC60,5,E01020968,0,-1
2021010320160,2021,010320160,2,9,0,99,99,9,9,99,99,9,9,99,9,99,1,9,6,6,3,-1,-1,1969,8,0,VOLVO XC60,5,E01004503,0,-1
2021461043426,2021,461043426,1,9,0,12,12,7,3,0,0,0,0,0,0,0,4,1,6,6,1,-1,-1,1969,12,1,VOLVO XC60,10,E01027662,0,-1
202134NNC1951,2021,34NNC1951,1,9,0,18,19,5,1,0,0,1,0,0,0,0,1,1,6,6,1,61,9,2400,2,4,VOLVO XC60,10,E01027077,0,-1
2021546022721,2021,546022721,4,9,0,3,3,4,8,0,0,0,0,0,0,0,2,1,6,6,2,55,8,1969,1,3,VOLVO XC60,6,E01031846,0,-1
2021440103165,2021,440103165,1,9,0,4,4,8,4,0,0,0,0,0,0,0,3,1,6,6,1,63,9,2400,2,7,VOLVO XC60,3,E01017364,0,-1
2021302101421,2021,302101421,1,9,0,18,19,4,8,0,0,0,5,4,0,0,1,1,6,6,1,44,7,1984,2,11,VOLVO XC60,1,E01013591,0,-1
2021170S32021,2021,170S32021,3,9,0,2,2,0,0,0,0,0,0,0,0,0,3,1,6,6,1,-1,-1,2400,2,5,VOLVO XC60,1,E01012238,0,-1
2021440180734,2021,440180734,1,9,0,18,19,6,2,0,0,1,0,0,0,0,1,1,6,6,1,55,8,2400,2,4,VOLVO XC60,10,E01023229,0,-1
2021010310509,2021,010310509,1,9,0,9,9,7,5,0,0,8,0,0,0,0,1,1,6,6,1,37,7,1969,2,3,VOLVO XC60,4,E01001285,0,-1
2021031056108,2021,031056108,2,9,0,11,11,5,1,0,0,0,0,0,0,0,2,1,6,6,1,53,8,2400,2,8,VOLVO XC60,3,E01019081,0,-1
2021170H10921,2021,170H10921,1,9,0,18,19,7,3,0,0,8,0,0,0,0,1,1,6,6,1,77,11,1969,1,2,VOLVO XC60,9,E01012003,0,-1
2021122101483,2021,122101483,2,9,0,18,19,1,5,0,0,1,0,0,0,0,1,1,6,6,2,54,8,1969,2,5,VOLVO XC60,9,E01027619,0,-1
2021361070674,2021,361070674,2,9,0,18,19,7,3,0,0,1,0,0,0,0,3,1,2,2,1,34,6,1969,2,7,VOLVO XC60,4,E01030201,0,-1
202131B063421,2021,31B063421,1,9,0,18,19,1,5,0,0,2,0,0,0,0,1,1,6,6,1,72,10,1969,2,2,VOLVO XC60,5,E01028002,0,-1
2021411153404,2021,411153404,2,9,0,3,3,4,8,0,0,1,0,0,0,0,2,1,6,6,2,48,8,1969,1,4,VOLVO XC60,7,E01023540,0,-1
2021061052415,2021,061052415,1,9,0,5,5,2,6,0,0,8,0,0,0,0,4,1,6,6,1,74,10,1969,2,4,VOLVO XC60,9,E01006367,0,-1
2021531121610,2021,531121610,2,9,0,4,4,5,1,0,0,0,0,0,0,0,2,1,2,2,1,45,7,2400,2,8,VOLVO XC60,-1,-1,0,-1
2021622100922,2021,622100922,1,9,0,18,19,2,6,0,0,0,0,11,1,1,3,1,2,2,1,54,8,1969,8,2,VOLVO XC60,10,W01001730,0,-1
2021211091152,2021,211091152,2,9,0,9,9,6,4,0,0,1,0,0,0,0,3,1,6,6,1,60,9,2400,2,12,VOLVO XC60,3,E01029782,0,-1
2021501043544,2021,501043544,2,9,0,3,3,1,5,0,0,0,0,0,0,0,1,1,6,6,1,54,8,2400,2,11,VOLVO XC60,4,E01020320,0,-1
2021461011297,2021,461011297,2,9,0,18,19,1,5,0,0,2,0,0,0,0,4,1,5,6,2,70,10,2400,2,9,VOLVO XC60,3,E01024396,0,-1
2021010322734,2021,010322734,2,9,0,7,7,1,4,0,0,3,0,0,0,0,1,1,6,6,3,-1,-1,2400,2,8,VOLVO XC60,-1,-1,0,-1
2021991089318,2021,991089318,2,9,0,2,2,8,3,0,0,0,0,0,0,0,4,1,6,6,3,-1,-1,2400,2,11,VOLVO XC60,-1,-1,0,-1
2021461077197,2021,461077197,1,9,0,18,19,6,2,0,0,0,0,0,0,0,4,1,6,6,2,51,8,1969,2,4,VOLVO XC60,5,E01016034,0,-1
2021451103184,2021,451103184,1,9,0,18,19,7,3,0,0,8,1,0,0,0,3,1,5,6,1,51,8,1969,2,4,VOLVO XC60,10,E01032140,0,-1
2021361065565,2021,361065565,1,9,0,17,19,3,7,0,0,0,1,0,1,0,1,1,5,6,2,40,7,1969,2,5,VOLVO XC60,6,E01026419,0,-1
2021991084337,2021,991084337,1,9,0,18,19,8,4,0,0,0,2,11,7,4,1,1,6,6,1,59,9,2400,2,8,VOLVO XC60,-1,-1,0,-1
202131D148321,2021,31D148321,1,9,0,9,9,6,4,0,0,6,0,0,0,0,1,1,6,6,2,56,9,2400,2,7,VOLVO XC60,10,E01028384,0,-1
2021122200070,2021,122200070,3,9,0,18,19,1,5,0,0,1,0,0,0,0,3,1,6,6,1,58,9,1969,1,2,VOLVO XC60,10,E01027674,0,-1
2021461079814,2021,461079814,2,9,0,18,19,3,7,0,0,0,5,0,0,0,3,1,5,6,2,30,6,1969,2,4,VOLVO XC60,10,E01024408,0,-1
2021991081324,2021,991081324,2,9,0,18,19,6,2,0,0,8,0,0,0,0,1,1,5,6,2,53,8,1969,2,3,VOLVO XC60,6,-1,0,-1
2021451103989,2021,451103989,2,9,0,18,19,3,7,0,0,0,0,0,0,0,1,1,5,6,2,52,8,2400,2,5,VOLVO XC60,10,E01030804,0,-1
2021161031629,2021,161031629,3,9,0,5,5,1,5,0,0,3,0,0,0,0,0,1,1,1,1,47,8,2400,2,7,VOLVO XC60,10,E01012924,0,-1
2021221068370,2021,221068370,1,9,0,6,6,8,8,0,0,0,0,0,0,0,3,1,5,6,2,33,6,1969,2,7,VOLVO XC60,8,E01032308,0,-1
2021010343707,2021,010343707,1,9,0,7,7,3,6,0,0,8,0,0,0,0,4,1,6,6,1,40,7,1969,8,3,VOLVO XC60,4,E01003034,0,-1
2021010299366,2021,010299366,1,9,0,99,99,9,9,99,99,9,9,99,9,99,1,9,6,6,1,42,7,1969,2,7,VOLVO XC60,6,E01001075,0,-1
2021461022067,2021,461022067,2,9,0,2,2,0,0,0,0,0,0,0,0,0,2,1,6,6,3,-1,-1,1969,8,2,VOLVO XC60,-1,-1,0,-1
2021010290169,2021,010290169,1,9,0,99,99,9,9,0,0,0,9,99,9,99,9,9,6,6,1,43,7,1969,2,3,VOLVO XC60,7,E01000241,0,-1
2021501026618,2021,501026618,3,9,0,18,19,3,7,0,0,0,0,0,0,0,1,1,5,6,3,-1,-1,2400,2,13,VOLVO XC60,-1,-1,0,-1
2021520102108,2021,520102108,1,9,0,12,12,6,1,0,0,8,0,0,0,0,3,1,6,6,1,44,7,2400,2,11,VOLVO XC60,3,E01029233,0,-1
2021231030054,2021,231030054,1,9,0,9,9,4,2,0,0,3,1,0,7,2,1,1,5,6,2,49,8,1969,2,3,VOLVO XC60,8,E01031272,0,-1
2021211095700,2021,211095700,1,9,0,3,3,2,6,0,0,0,0,0,3,0,1,1,5,6,1,50,8,2400,2,10,VOLVO XC60,7,E01019711,0,-1
2021421076921,2021,421076921,2,9,0,4,4,7,3,0,0,0,0,0,4,6,2,1,6,6,1,33,6,2400,2,7,VOLVO XC60,6,E01023499,0,-1
2021471106853,2021,471106853,1,9,0,7,7,1,3,0,0,8,1,0,0,0,1,1,6,6,1,68,10,2400,2,12,VOLVO XC60,6,E01021125,0,-1
2021010355018,2021,010355018,2,9,0,99,99,9,9,99,99,9,9,99,9,99,9,9,6,6,3,54,8,1969,2,3,VOLVO XC60,9,E01000424,0,-1
2021501115220,2021,501115220,2,9,0,14,14,3,7,0,0,0,0,0,7,0,4,1,5,6,1,46,8,2400,2,4,VOLVO XC60,5,E01018940,0,-1
2021542450521,2021,542450521,1,9,0,9,9,4,2,0,0,6,0,0,0,0,1,1,1,1,1,43,7,2400,2,8,VOLVO XC60,7,E01016307,0,-1
2021451121179,2021,451121179,2,9,0,18,19,1,5,0,0,8,0,0,0,0,1,1,5,6,2,40,7,2400,2,7,VOLVO XC60,10,E01030525,0,-1
2021161075543,2021,161075543,2,9,0,4,4,5,1,0,0,1,0,0,0,0,2,1,5,6,2,49,8,1969,2,4,VOLVO XC60,8,E01013190,0,-1
2021161048847,2021,161048847,3,9,0,7,7,1,5,0,0,1,0,0,0,0,1,1,6,6,2,44,7,1984,2,10,VOLVO XC60,9,E01013154,0,-1
2021501150475,2021,501150475,1,9,0,5,5,8,5,0,0,6,0,0,0,0,4,1,5,6,1,75,10,2400,2,9,VOLVO XC60,3,E01019053,0,-1
2021451030378,2021,451030378,1,9,0,18,19,1,5,0,0,1,0,0,0,0,1,1,5,6,1,49,8,2400,2,5,VOLVO XC60,10,E01030606,0,-1
2021351121097,2021,351121097,2,9,0,18,19,4,8,0,0,1,0,0,0,0,4,1,6,6,2,68,10,2400,2,9,VOLVO XC60,5,E01015669,0,-1
2021131042993,2021,131042993,4,9,0,4,4,1,5,6,6,0,0,0,0,0,2,1,5,6,2,38,7,1969,2,3,VOLVO XC60,10,E01011709,0,-1
2021421067675,2021,421067675,1,9,0,3,3,3,3,0,0,0,0,0,0,0,3,1,1,1,1,55,8,1969,2,5,VOLVO XC60,4,E01021648,0,-1
2021010350568,2021,010350568,1,9,0,9,9,3,1,0,0,1,0,0,0,0,1,1,1,1,1,35,6,1969,8,0,VOLVO XC60,-1,-1,0,-1
2021471112924,2021,471112924,1,9,0,18,19,3,7,0,0,0,5,4,0,0,1,1,5,6,1,37,7,1969,2,6,VOLVO XC60,9,E01031704,0,-1
2021221133394,2021,221133394,2,9,0,3,3,2,6,0,0,8,0,0,0,0,0,1,5,6,1,56,9,1969,2,4,VOLVO XC60,4,E01028984,0,-1
2021221076751,2021,221076751,1,9,0,18,19,8,4,0,0,0,0,0,0,0,3,1,5,6,2,52,8,1969,8,1,VOLVO XC60,4,E01028922,0,-1
2021170S11271,2021,170S11271,2,9,0,4,4,4,8,0,0,0,0,0,0,0,2,1,6,6,2,54,8,1969,12,1,VOLVO XC60,-1,-1,0,-1
2021430167274,2021,430167274,2,9,0,4,4,1,5,0,0,0,0,0,0,0,2,1,1,1,1,34,6,1969,2,3,VOLVO XC60,5,E01030663,0,-1
2021131043122,2021,131043122,1,9,0,18,19,5,1,0,0,0,0,0,0,0,1,1,5,6,1,46,8,1969,8,2,VOLVO XC60,7,E01011350,0,-1
2021010343411,2021,010343411,2,9,0,99,99,9,9,99,99,9,9,99,9,99,9,9,6,6,1,32,6,1969,2,5,VOLVO XC60,3,E01002130,0,-1
2021131101069,2021,131101069,2,9,0,9,9,1,7,0,0,8,0,0,0,0,1,1,6,6,2,32,6,1969,1,3,VOLVO XC60,4,E01010595,0,-1
2021461126788,2021,461126788,2,9,0,3,3,3,7,0,0,0,0,0,0,0,2,1,2,2,1,51,8,1969,2,3,VOLVO XC60,4,E01024624,0,-1
202131C106421,2021,31C106421,2,9,0,18,19,8,4,0,0,8,0,0,0,0,1,1,6,6,1,-1,-1,1969,1,4,VOLVO XC60,4,E01013941,0,-1
2021991064221,2021,991064221,3,9,0,2,2,3,2,0,0,0,0,0,0,0,2,1,6,6,3,-1,-1,1969,2,6,VOLVO XC60,-1,-1,0,-1
2021231053550,2021,231053550,1,9,0,9,9,2,8,0,0,6,0,0,0,0,4,1,5,6,2,60,9,1969,2,2,VOLVO XC60,6,E01031187,0,-1
2021041030891,2021,041030891,1,9,0,14,14,1,5,0,0,1,0,0,0,0,3,1,6,6,1,58,9,2400,2,4,VOLVO XC60,5,E01004809,0,-1
2021010332602,2021,010332602,2,9,0,18,19,7,3,0,0,8,0,0,0,0,1,1,6,6,2,46,8,1969,2,3,VOLVO XC60,-1,-1,0,-1
2021052100421,2021,052100421,2,9,0,18,19,8,4,0,0,0,0,0,0,0,2,1,1,1,1,42,7,1969,2,2,VOLVO XC60,-1,-1,0,-1
2021471103211,2021,471103211,2,9,0,17,19,3,1,0,0,2,0,0,0,0,1,1,5,6,2,39,7,2400,2,5,VOLVO XC60,6,E01031692,0,-1
2021041061554,2021,041061554,2,9,0,9,9,7,3,0,0,5,0,0,0,0,4,1,3,7,2,40,7,2400,2,5,VOLVO XC60,9,E01025039,0,-1
2021041076772,2021,041076772,3,9,0,18,19,3,7,0,0,1,0,0,0,0,3,1,5,6,2,71,10,2400,2,12,VOLVO XC60,1,E01012680,0,-1
2021122100136,2021,122100136,2,9,0,18,19,3,7,0,0,0,0,0,1,11,1,1,6,6,1,61,9,1969,2,2,VOLVO XC60,8,E01010709,0,-1
2021131099642,2021,131099642,4,9,0,18,19,5,1,0,0,0,0,0,0,0,2,1,2,2,1,71,10,2400,2,11,VOLVO XC60,3,E01007632,0,-1
2021351129068,2021,351129068,2,9,0,8,8,-1,-1,0,0,0,0,0,0,0,2,1,2,2,2,62,9,2400,2,10,VOLVO XC60,10,E01018240,0,-1
2021311084500,2021,311084500,2,9,0,2,2,0,0,6,6,8,0,0,0,0,3,1,5,6,2,59,9,1969,8,0,VOLVO XC60,4,E01028165,0,-1
2021411074349,2021,411074349,2,9,0,18,19,7,3,0,0,8,0,0,7,0,4,1,5,6,2,32,6,2400,2,8,VOLVO XC60,10,E01023420,0,-1
2021440348938,2021,440348938,1,9,0,18,19,4,8,0,0,0,5,12,7,0,1,1,1,1,1,56,9,2400,2,11,VOLVO XC60,10,E01022519,0,-1
2021010320230,2021,010320230,2,9,0,99,99,9,9,99,99,9,9,99,9,99,1,9,6,6,1,-1,-1,1969,2,1,VOLVO XC60,-1,-1,0,-1
2021421109824,2021,421109824,3,9,0,18,19,5,1,0,0,0,0,0,0,0,4,1,5,6,1,36,7,1969,8,3,VOLVO XC60,6,E01026761,0,-1
2021010301458,2021,010301458,1,9,0,9,9,1,7,0,0,5,0,0,1,0,1,1,6,6,2,33,6,1969,2,3,VOLVO XC60,3,E01002777,0,-1
2021351057182,2021,351057182,1,9,0,18,19,1,5,0,0,8,0,0,1,0,1,1,5,6,1,41,7,1969,8,0,VOLVO XC60,7,E01022098,0,-1
2021061127429,2021,061127429,2,9,0,9,9,2,8,0,0,8,0,0,0,0,4,1,6,6,3,30,6,1969,2,5,VOLVO XC60,-1,-1,0,-1
2021440456617,2021,440456617,2,9,0,4,4,2,6,0,0,0,0,0,0,0,1,1,6,6,2,43,7,1969,2,4,VOLVO XC60,5,E01023201,0,-1
2021070837577,2021,070837577,1,9,0,16,19,2,6,0,0,3,0,0,0,0,3,1,6,6,1,-1,-1,2400,2,8,VOLVO XC60,-1,-1,0,-1
2021351086070,2021,351086070,2,9,0,18,19,6,2,0,0,3,0,0,0,0,4,1,5,6,1,53,8,2400,2,9,VOLVO XC60,10,E01023377,0,-1
2021111095759,2021,111095759,2,9,0,9,9,2,8,0,0,8,0,0,0,0,2,1,5,6,1,72,10,2400,2,12,VOLVO XC60,8,E01020837,0,-1
2021501067082,2021,501067082,3,9,0,10,10,5,2,0,0,1,0,0,0,0,2,1,6,6,1,71,10,1969,2,3,VOLVO XC60,9,E01022282,0,-1
2021451036542,2021,451036542,2,9,0,17,19,1,5,0,0,0,0,0,1,0,0,2,5,6,1,42,7,2400,2,8,VOLVO XC60,8,E01030611,0,-1
2021522101963,2021,522101963,2,9,0,18,19,1,5,0,0,0,0,0,0,0,2,1,6,6,2,34,6,1969,2,4,VOLVO XC60,1,W01001073,0,-1
2021010335210,2021,010335210,2,9,0,99,99,9,9,99,99,9,9,99,9,99,9,9,6,6,3,-1,-1,1969,8,0,VOLVO XC60,5,E01000489,0,-1
2021471120712,2021,471120712,3,9,0,2,2,0,0,6,6,0,0,4,0,0,2,1,6,6,3,-1,-1,1969,2,5,VOLVO XC60,-1,-1,0,-1
2021131075607,2021,131075607,1,9,0,18,19,2,6,0,0,8,0,0,0,0,1,1,5,6,1,56,9,1969,8,1,VOLVO XC60,7,E01011309,0,-1
2021411053917,2021,411053917,2,9,0,3,3,5,1,0,0,0,0,0,0,0,2,1,6,6,2,47,8,2400,2,7,VOLVO XC60,8,E01022089,0,-1
2021010352461,2021,010352461,2,9,0,99,99,9,9,99,99,6,9,99,9,99,9,9,6,6,3,32,6,1969,2,1,VOLVO XC60,6,E01002680,0,-1
2021471045645,2021,471045645,2,9,0,18,19,1,5,0,0,0,0,0,0,0,3,1,5,6,1,67,10,2400,2,4,VOLVO XC60,5,E01021101,0,-1
2021041045885,2021,041045885,1,9,0,7,7,7,3,9,9,6,0,0,0,0,1,1,5,6,1,77,11,2400,2,8,VOLVO XC60,10,E01025532,0,-1
2021031069136,2021,031069136,1,9,0,1,1,5,3,8,6,0,0,0,0,0,2,1,5,6,1,62,9,1969,8,1,VOLVO XC60,4,E01025374,0,-1
2021552100727,2021,552100727,1,9,0,1,1,3,7,0,0,0,0,0,0,0,2,1,6,6,1,64,9,2400,2,11,VOLVO XC60,6,E01020528,0,-1
2021451082142,2021,451082142,1,9,0,18,19,7,3,0,0,0,0,0,0,0,4,1,5,6,1,48,8,1969,8,0,VOLVO XC60,10,E01030473,0,-1
2021052100590,2021,052100590,1,9,0,18,19,7,3,0,0,2,0,0,0,0,1,1,6,6,1,45,7,1969,8,0,VOLVO XC60,6,E01006166,0,-1
2021440165105,2021,440165105,1,9,0,7,7,1,3,0,0,8,0,0,0,0,4,1,6,6,2,37,7,2400,2,11,VOLVO XC60,2,E01017238,0,-1
2021010325377,2021,010325377,2,9,0,9,9,7,4,0,0,1,0,0,0,0,3,1,6,6,2,40,7,1969,2,5,VOLVO XC60,9,E01002239,0,-1
202154B373121,2021,54B373121,1,9,0,17,19,4,1,0,0,0,0,0,1,4,1,1,6,6,1,41,7,1969,2,6,VOLVO XC60,4,E01015269,0,-1
2021991082051,2021,991082051,2,9,0,4,4,3,1,0,0,5,0,0,0,0,1,1,5,6,2,63,9,2400,2,6,VOLVO XC60,-1,-1,0,-1
2021451112425,2021,451112425,2,9,0,18,19,1,5,0,0,8,0,0,0,0,0,1,6,6,2,69,10,2400,2,10,VOLVO XC60,10,E01031003,0,-1
202134NNC9061,2021,34NNC9061,2,9,0,18,19,7,3,0,0,0,1,0,0,0,1,1,6,6,2,73,10,1969,1,4,VOLVO XC60,8,E01018152,0,-1
2021440448938,2021,440448938,2,9,0,18,19,7,3,0,0,0,0,0,0,0,1,1,6,6,2,38,7,2400,2,6,VOLVO XC60,10,E01023229,0,-1
2021122101122,2021,122101122,2,9,0,9,9,3,8,0,0,0,0,0,0,0,1,1,6,6,1,51,8,2400,2,9,VOLVO XC60,9,E01013411,0,-1
2021111100073,2021,111100073,1,9,0,18,19,1,4,0,0,1,0,0,0,0,1,1,6,6,1,40,7,1969,2,6,VOLVO XC60,-1,-1,0,-1
2021131089001,2021,131089001,3,9,0,18,19,3,7,0,0,0,0,0,0,0,3,1,2,2,1,57,9,1969,8,0,VOLVO XC60,4,E01010978,0,-1
2021201045131,2021,201045131,1,9,0,9,9,3,1,0,0,1,0,0,0,0,0,1,6,6,2,47,8,2400,2,5,VOLVO XC60,3,E01010237,0,-1
2021991029537,2021,991029537,2,9,0,16,19,2,6,0,0,0,0,0,0,0,1,1,2,2,2,43,7,2400,2,9,VOLVO XC60,5,-1,0,-1
2021430410143,2021,430410143,2,9,0,18,19,8,4,0,0,1,0,0,0,0,1,1,6,6,2,-1,-1,2400,2,12,VOLVO XC60,-1,-1,0,-1
202163D032221,2021,63D032221,2,9,0,18,19,6,2,0,0,8,0,0,7,10,1,1,6,6,1,55,8,1969,2,5,VOLVO XC60,8,E01032571,0,-1
2021141109790,2021,141109790,2,9,0,18,19,7,2,0,0,1,0,0,0,0,1,1,5,6,2,40,7,2400,2,10,VOLVO XC60,8,E01007603,0,-1
2021221024425,2021,221024425,1,9,0,18,19,7,3,0,0,1,1,0,0,0,4,1,5,6,1,32,6,1984,2,10,VOLVO XC60,1,E01032302,0,-1
2021041018654,2021,041018654,2,9,0,18,19,5,1,0,0,0,0,0,0,0,3,1,2,2,1,28,6,1969,2,3,VOLVO XC60,10,E01025259,0,-1
2021010290692,2021,010290692,1,9,0,18,19,3,7,0,0,5,0,0,0,0,3,1,6,6,1,47,8,1969,2,6,VOLVO XC60,6,E01001519,0,-1
2021010310116,2021,010310116,2,9,0,9,9,4,2,0,0,0,0,0,0,0,1,1,6,6,2,47,8,2400,2,12,VOLVO XC60,5,E01004519,0,-1
2021010314762,2021,010314762,1,9,0,9,9,3,1,0,0,8,0,0,0,0,3,1,6,6,1,37,7,1969,1,2,VOLVO XC60,10,E01030378,0,-1
2021010325404,2021,010325404,3,9,0,3,3,1,5,0,0,0,0,0,0,0,0,1,6,6,3,70,10,2400,2,11,VOLVO XC60,-1,-1,0,-1
2021401047277,2021,401047277,1,9,0,18,19,1,5,0,0,0,0,0,0,0,1,1,5,6,1,47,8,1969,2,5,VOLVO XC60,9,E01027066,0,-1
2021991103931,2021,991103931,1,9,0,18,19,6,2,0,0,0,0,0,0,0,1,1,5,6,2,34,6,2400,2,5,VOLVO XC60,9,-1,0,-1
2021131092387,2021,131092387,1,9,0,18,19,5,1,0,0,0,0,0,0,0,1,1,5,6,1,37,7,2400,2,5,VOLVO XC60,7,E01011119,0,-1
2021440309954,2021,440309954,1,9,0,9,9,1,7,0,0,6,0,0,0,0,1,1,6,6,2,32,6,2400,2,8,VOLVO XC60,6,E01016348,0,-1
2021052101097,2021,052101097,1,9,0,18,19,3,7,0,0,0,0,0,0,0,1,1,6,6,1,74,10,2400,2,12,VOLVO XC60,10,E01006926,0,-1
202134WNC3341,2021,34WNC3341,1,9,0,5,5,6,2,0,0,6,0,0,0,0,1,1,6,6,2,47,8,2400,2,7,VOLVO XC60,8,E01016774,0,-1
2021010327485,2021,010327485,4,9,0,18,19,3,7,0,0,0,0,0,0,0,0,1,6,6,1,39,7,1969,2,7,VOLVO XC60,7,E01024766,0,-1
2021010330611,2021,010330611,1,9,0,18,19,7,3,0,0,8,0,0,0,0,3,1,6,6,2,20,4,1984,2,11,VOLVO XC60,4,E01000170,0,-1
2021471050576,2021,471050576,4,9,0,2,2,0,0,0,0,1,0,0,0,0,2,1,6,6,3,-1,-1,1969,12,1,VOLVO XC60,-1,-1,0,-1
2021052101610,2021,052101610,2,9,0,2,2,0,0,0,0,0,0,0,0,0,4,1,6,6,3,-1,-1,1969,2,6,VOLVO XC60,-1,-1,0,-1
2021141083714,2021,141083714,1,9,0,18,19,5,1,0,0,1,0,0,0,0,1,1,6,6,2,29,6,2400,2,4,VOLVO XC60,2,E01007451,0,-1
2021161119780,2021,161119780,2,9,0,18,19,7,3,0,0,1,0,0,0,0,1,1,6,6,1,-1,-1,1969,2,3,VOLVO XC60,9,E01013016,0,-1
2021991096006,2021,991096006,1,9,0,5,5,6,2,0,0,8,0,0,0,0,3,1,5,6,1,49,8,1969,2,4,VOLVO XC60,10,-1,0,-1
2021430404087,2021,430404087,1,9,0,18,19,8,4,0,0,2,0,0,0,0,3,1,6,6,2,70,10,1969,2,5,VOLVO XC60,9,E01016180,0,-1
2021451029625,2021,451029625,1,9,0,1,1,0,0,0,0,1,0,0,0,0,2,1,5,6,1,36,7,2400,2,4,VOLVO XC60,10,E01030489,0,-1
2021231040001,2021,231040001,2,9,0,2,2,0,0,0,0,0,0,0,0,0,2,1,5,6,2,38,7,1969,1,2,VOLVO XC60,10,E01031317,0,-1
2021031041720,2021,031041720,1,9,0,14,14,7,3,0,0,0,0,0,0,0,3,1,5,6,1,52,8,1969,2,2,VOLVO XC60,-1,-1,0,-1
2021052101636,2021,052101636,3,9,0,10,10,6,3,0,0,8,0,0,0,0,2,1,6,6,2,35,6,1984,2,10,VOLVO XC60,6,E01006949,0,-1
2021010313503,2021,010313503,2,9,0,18,19,7,3,0,0,0,0,0,0,0,1,1,1,1,1,44,7,2400,2,9,VOLVO XC60,10,E01017942,0,-1
2021471067347,2021,471067347,2,9,0,2,2,0,0,0,0,0,1,0,0,0,4,1,6,6,3,-1,-1,2400,2,8,VOLVO XC60,-1,-1,0,-1
2021361164755,2021,361164755,2,9,0,18,19,8,4,0,0,8,0,0,0,0,1,1,5,6,1,60,9,1969,8,1,VOLVO XC60,5,E01026491,0,-1
2021471081658,2021,471081658,3,9,0,18,19,2,6,0,0,0,0,0,0,0,1,1,5,6,1,75,10,1969,2,4,VOLVO XC60,7,E01021189,0,-1
2021201119140,2021,201119140,2,9,0,18,19,4,8,0,0,8,1,0,0,0,3,1,6,6,1,40,7,1969,2,3,VOLVO XC60,3,E01009106,0,-1
2021440414696,2021,440414696,2,9,0,18,19,2,6,0,0,8,0,0,0,0,1,1,6,6,2,51,8,2400,2,9,VOLVO XC60,6,E01015353,0,-1
2021010313572,2021,010313572,1,9,0,99,99,9,9,99,99,9,9,99,9,99,1,9,6,6,1,49,8,1969,8,0,VOLVO XC60,3,E01001749,0,-1
2021010329208,2021,010329208,1,9,0,9,9,7,5,0,0,6,0,0,0,0,1,1,6,6,1,34,6,2400,2,8,VOLVO XC60,2,E01003546,0,-1
2021552101248,2021,552101248,2,9,0,3,3,7,3,0,0,5,0,0,0,0,2,1,6,6,1,53,8,2400,2,4,VOLVO XC60,4,E01014169,0,-1
2021010317939,2021,010317939,2,9,0,2,2,0,0,0,0,2,0,0,0,0,4,1,6,6,3,-1,-1,1969,8,3,VOLVO XC60,-1,-1,0,-1
2021501090470,2021,501090470,1,9,0,16,19,3,1,0,0,1,0,0,0,0,4,1,5,6,2,57,9,1969,2,5,VOLVO XC60,7,E01018269,0,-1
2021471102440,2021,471102440,1,9,0,18,19,7,3,0,0,8,0,0,0,0,1,1,5,6,2,40,7,1969,2,6,VOLVO XC60,9,E01031592,0,-1
2021141015342,2021,141015342,3,9,0,18,19,5,1,0,0,0,0,0,0,0,2,1,6,6,1,66,10,1969,1,3,VOLVO XC60,3,E01008063,0,-1
2021010293212,2021,010293212,5,9,0,2,2,0,0,9,9,2,0,0,0,0,0,1,6,6,3,-1,-1,1984,2,9,VOLVO XC60,-1,-1,0,-1