collision_index,collision_year,collision_ref_no,vehicle_reference,vehicle_type,towing_and_articulation,vehicle_manoeuvre_historic,vehicle_manoeuvre,vehicle_direction_from,vehicle_direction_to,vehicle_location_restricted_lane_historic,vehicle_location_restricted_lane,junction_location,skidding_and_overturning,hit_object_in_carriageway,vehicle_leaving_carriageway,hit_object_off_carriageway,first_point_of_impact,vehicle_left_hand_drive,journey_purpose_of_driver_historic,journey_purpose_of_driver,sex_of_driver,age_of_driver,age_band_of_driver,engine_capacity_cc,propulsion_code,age_of_vehicle,generic_make_model,driver_imd_decile,lsoa_of_driver,escooter_flag,driver_distance_banding
2021351109266,2021,351109266,1,9,0,9,9,5,3,0,0,6,0,0,0,0,1,1,5,6,1,77,11,2400,2,11,VOLVO XC60,8,E01018224,0,-1
2021411080395,2021,411080395,1,9,0,18,19,5,1,0,0,2,0,0,0,0,3,1,6,6,2,-1,-1,1969,1,3,VOLVO XC60,10,E01023617,0,-1
2021041076438,2021,041076438,4,9,0,18,19,4,8,0,0,0,0,0,0,0,0,1,1,1,1,31,6,1969,2,2,VOLVO XC60,-1,-1,0,-1
2021351080776,2021,351080776,2,9,0,2,2,0,0,0,0,0,0,0,0,0,2,1,6,6,1,-1,-1,1969,2,4,VOLVO XC60,-1,-1,0,-1
2021122101351,2021,122101351,2,9,0,18,19,1,5,0,0,8,0,0,0,0,4,1,6,6,2,34,6,2400,2,8,VOLVO XC60,9,E01033186,0,-1
2021440296716,2021,440296716,2,9,0,9,9,5,3,0,0,8,0,0,0,0,1,1,6,6,1,41,7,2400,2,8,VOLVO XC60,4,E01017081,0,-1
2021411063125,2021,411063125,2,9,0,3,3,7,3,0,0,1,0,0,0,0,2,1,5,6,1,39,7,2400,2,7,VOLVO XC60,3,E01023891,0,-1
2021011041501,2021,011041501,1,9,0,18,19,5,1,0,0,0,0,0,0,0,1,1,5,6,1,34,6,2400,2,13,VOLVO XC60,2,E01001042,0,-1
2021221036178,2021,221036178,1,9,0,16,19,3,6,0,0,8,0,0,0,0,0,1,1,1,1,49,8,1969,2,3,VOLVO XC60,9,E01028929,0,-1
2021351110560,2021,351110560,1,9,0,4,4,7,3,0,0,0,1,0,0,0,1,1,2,2,1,39,7,1969,2,7,VOLVO XC60,-1,-1,0,-1
2021501095739,2021,501095739,2,9,0,4,4,2,6,0,0,0,0,0,0,0,0,1,5,6,1,44,7,1969,2,3,VOLVO XC60,5,E01020046,0,-1
2021461120883,2021,461120883,1,9,0,3,3,3,7,0,0,0,0,0,0,0,1,1,5,6,2,44,7,1969,2,3,VOLVO XC60,5,E01024774,0,-1
2021991079250,2021,991079250,2,9,0,4,4,7,3,0,0,0,0,0,0,0,2,1,5,6,2,29,6,2400,2,7,VOLVO XC60,6,-1,0,-1
202134WNC7121,2021,34WNC7121,3,9,0,18,19,5,1,0,0,8,0,0,0,0,1,1,6,6,2,57,9,1969,12,0,VOLVO XC60,9,E01027014,0,-1
2021461098162,2021,461098162,2,9,0,18,19,1,5,0,0,0,0,0,0,0,3,1,6,6,2,-1,-1,1969,2,2,VOLVO XC60,5,E01024281,0,-1
2021471030514,2021,471030514,1,9,0,1,1,3,7,0,0,0,0,0,0,0,2,1,5,6,2,70,10,1969,2,6,VOLVO XC60,6,E01020959,0,-1
2021302100118,2021,302100118,5,9,0,18,19,4,8,0,0,0,0,0,0,0,1,1,1,1,1,53,8,2400,2,6,VOLVO XC60,2,E01019483,0,-1
2021122100984,2021,122100984,1,9,0,5,5,5,1,0,0,6,1,0,1,0,3,1,6,6,1,64,9,1969,2,4,VOLVO XC60,5,E01012185,0,-1
2021131106707,2021,131106707,2,9,0,12,12,2,2,0,0,8,0,0,0,0,3,1,6,6,1,32,6,2400,2,7,VOLVO XC60,1,E01010614,0,-1
2021471067289,2021,471067289,1,9,0,18,19,1,6,0,0,2,0,0,0,0,1,1,5,6,2,77,11,2400,2,8,VOLVO XC60,9,E01031764,0,-1
2021131119921,2021,131119921,2,9,0,18,19,7,3,0,0,0,1,0,2,7,2,1,6,6,1,43,7,1969,2,4,VOLVO XC60,4,E01011529,0,-1
2021101102810,2021,101102810,3,9,0,4,4,3,7,0,0,0,0,0,0,0,2,1,6,6,2,40,7,1969,8,2,VOLVO XC60,10,E01008724,0,-1
2021010338420,2021,010338420,1,9,0,18,19,3,7,0,0,6,0,0,0,0,4,1,6,6,2,50,8,1969,8,2,VOLVO XC60,10,E01000263,0,-1
2021221087857,2021,221087857,2,9,0,16,19,6,1,0,0,5,0,0,0,0,3,1,5,6,2,55,8,1969,2,6,VOLVO XC60,4,E01020284,0,-1
2021351016210,2021,351016210,2,9,0,9,9,4,2,0,0,7,0,0,1,1,3,1,5,6,1,51,8,1969,8,3,VOLVO XC60,2,E01018091,0,-1
2021221022189,2021,221022189,1,9,0,18,19,7,3,0,0,0,1,0,5,6,1,1,2,2,1,28,6,1969,2,5,VOLVO XC60,10,E01032348,0,-1
2021201102602,2021,201102602,1,9,0,1,1,2,6,9,9,6,0,0,0,0,0,1,6,6,1,-1,-1,1969,2,2,VOLVO XC60,-1,-1,0,-1
2021052102345,2021,052102345,2,9,0,18,19,5,1,0,0,8,0,0,0,0,1,1,2,2,1,38,7,2400,2,12,VOLVO XC60,2,E01006956,0,-1
2021131110281,2021,131110281,3,9,0,18,19,5,1,0,0,1,0,0,0,0,3,1,2,2,1,56,9,1969,8,1,VOLVO XC60,10,E01027576,0,-1
2021221111691,2021,221111691,1,9,4,18,19,8,4,0,0,0,0,0,0,0,1,1,5,6,1,76,11,1969,12,1,VOLVO XC60,6,E01029667,0,-1
2021070550493,2021,070550493,2,9,0,18,19,5,1,0,0,2,0,0,0,0,1,1,6,6,1,59,9,1984,2,9,VOLVO XC60,8,E01012551,0,-1
2021010327825,2021,010327825,1,9,0,18,19,5,1,0,0,0,0,0,0,0,3,1,6,6,1,54,8,1969,2,4,VOLVO XC60,2,E01001776,0,-1
2021141097008,2021,141097008,2,9,0,18,19,7,3,0,0,0,0,0,0,0,1,1,5,6,2,59,9,2400,2,6,VOLVO XC60,1,E01007626,0,-1
2021141050192,2021,141050192,1,3,0,18,19,2,6,0,0,1,5,1,0,0,1,1,2,2,1,18,4,125,1,1,-1,5,E01033260,0,-1
2021070156402,2021,070156402,1,4,0,14,14,5,1,0,0,1,0,0,0,0,1,1,6,6,1,17,4,125,1,3,-1,1,E01005639,0,-1
2021138360743,2021,138360743,1,5,0,5,5,4,8,0,0,0,0,0,0,0,1,1,6,6,1,53,8,1250,1,13,YAMAHA XJR,1,E01010680,0,-1
202134WNC2621,2021,34WNC2621,2,5,0,18,19,2,6,0,0,1,0,0,0,0,1,1,6,6,1,50,8,1250,1,19,YAMAHA XJR,5,E01016754,0,-1
2021461098980,2021,461098980,2,4,0,18,19,7,3,0,0,0,2,0,0,0,1,1,6,6,1,56,9,1250,1,17,YAMAHA XJR,7,E01024067,0,-1
2021221037384,2021,221037384,2,5,0,4,4,1,5,0,0,1,0,0,0,0,2,1,5,6,1,53,8,1250,1,12,YAMAHA XJR,7,E01032412,0,-1
2021430174099,2021,430174099,1,5,0,13,13,2,6,0,0,3,1,0,0,0,3,1,6,6,1,56,9,1250,1,21,YAMAHA XJR,9,E01016258,0,-1
2021061051925,2021,061051925,1,5,0,18,19,1,5,0,0,1,5,0,0,0,1,1,2,2,1,39,7,1300,1,19,YAMAHA XJR,3,E01005744,0,-1
2021501080535,2021,501080535,1,5,0,18,19,6,2,0,0,0,2,0,0,0,1,1,5,6,2,61,9,1251,1,4,YAMAHA XJR,10,E01016634,0,-1
2021371072567,2021,371072567,2,5,0,18,19,3,7,0,0,0,0,0,0,0,1,1,6,6,1,38,7,1250,1,22,YAMAHA XJR,3,E01029985,0,-1
2021371046976,2021,371046976,1,5,0,18,19,5,1,0,0,0,0,0,0,0,0,1,5,6,1,53,8,1250,1,13,YAMAHA XJR,6,E01029876,0,-1
2021201072677,2021,201072677,2,4,0,18,19,5,1,0,0,0,0,0,0,0,0,1,6,6,1,60,9,1250,1,20,YAMAHA XJR,6,E01029826,0,-1
2021430403923,2021,430403923,2,5,0,18,19,5,1,0,0,8,0,0,0,0,1,1,6,6,1,70,10,1250,1,17,YAMAHA XJR,10,E01017774,0,-1
2021552200065,2021,552200065,2,5,0,18,19,8,3,0,0,4,0,0,0,0,1,1,6,6,1,66,10,1250,1,16,YAMAHA XJR,3,E01015308,0,-1
2021991054914,2021,991054914,2,5,0,17,19,3,7,0,0,0,0,0,0,0,1,1,5,6,1,51,8,1250,1,16,YAMAHA XJR,2,-1,0,-1
2021991081847,2021,991081847,2,5,0,18,19,3,7,0,0,0,0,0,0,0,4,1,5,6,1,60,9,1250,1,16,YAMAHA XJR,6,-1,0,-1
2021201086263,2021,201086263,1,5,0,9,9,5,3,0,0,5,0,0,0,0,1,1,6,6,1,57,9,1298,1,23,YAMAHA XJR,10,E01031150,0,-1
2021501043480,2021,501043480,1,5,0,18,19,5,1,0,0,8,0,0,0,0,4,1,5,6,1,42,7,1250,1,20,YAMAHA XJR,7,E01020150,0,-1
2021101031653,2021,101031653,2,3,0,18,19,7,3,0,0,3,0,0,0,0,4,1,5,6,1,30,6,1250,1,18,YAMAHA XJR,1,E01008824,0,-1
2021471124484,2021,471124484,2,9,0,4,4,2,6,0,0,0,0,0,1,9,2,1,2,2,1,56,9,2993,2,6,BMW X4,10,E01031425,0,-1
2021201147015,2021,201147015,1,9,0,9,9,4,2,0,0,5,0,0,0,0,1,1,6,6,1,-1,-1,2993,1,2,BMW X4,-1,-1,0,-1
2021010328066,2021,010328066,1,9,0,18,19,5,1,9,9,8,0,0,1,2,1,1,6,6,1,28,6,1995,2,3,BMW X4,4,E01004580,0,-1
2021010325006,2021,010325006,2,9,0,9,9,3,8,0,0,1,0,0,0,0,0,1,6,6,2,-1,-1,1995,2,2,BMW X4,-1,-1,0,-1
2021461071022,2021,461071022,1,9,0,6,6,7,5,0,0,2,0,0,0,0,1,1,6,6,2,59,9,1995,2,3,BMW X4,6,E01024034,0,-1
2021041020388,2021,041020388,3,9,0,3,3,1,5,0,0,0,0,0,0,0,2,1,2,2,1,57,9,2993,2,2,BMW X4,10,E01025019,0,-1
2021010305467,2021,010305467,2,9,0,99,99,9,9,99,99,0,9,99,9,99,9,9,6,6,3,22,5,2993,2,2,BMW X4,2,E01004068,0,-1
2021131106738,2021,131106738,1,9,0,2,2,0,0,0,0,1,0,0,0,0,1,1,6,6,2,39,7,1995,2,5,BMW X4,6,E01011505,0,-1
2021461115441,2021,461115441,2,9,0,18,19,1,5,0,0,1,1,0,1,0,1,1,6,6,2,52,8,1995,2,7,BMW X4,7,E01016167,0,-1
2021211033820,2021,211033820,1,9,0,18,19,8,4,0,0,1,0,0,0,0,1,1,6,6,2,42,7,1995,2,1,BMW X4,10,E01019848,0,-1
2021461026633,2021,461026633,3,9,0,18,19,1,5,0,0,0,0,0,0,0,1,1,6,6,2,50,8,2993,2,5,BMW X4,6,E01024544,0,-1
2021041106041,2021,041106041,2,9,0,18,19,6,8,0,0,2,0,0,0,0,4,1,6,6,2,33,6,1995,2,2,BMW X4,6,E01025002,0,-1
2021131053139,2021,131053139,1,9,0,18,19,5,1,0,0,0,0,0,1,0,1,1,1,1,2,45,7,2993,2,4,BMW X4,5,E01011772,0,-1
2021010311621,2021,010311621,1,9,0,18,19,3,7,0,0,1,0,4,0,0,1,1,6,6,1,26,6,1995,2,4,BMW X4,1,E01003511,0,-1
2021061049907,2021,061049907,1,9,0,18,19,3,7,0,0,0,0,0,1,0,4,1,6,6,1,18,4,1995,2,5,BMW X4,1,E01005074,0,-1
2021991079485,2021,991079485,4,9,0,2,2,0,0,0,0,0,0,0,0,0,1,1,5,6,2,36,7,1995,2,5,BMW X4,7,-1,0,-1
2021610064821,2021,610064821,2,9,0,2,2,0,0,0,0,0,0,0,0,0,2,1,6,6,2,40,7,1995,2,4,BMW X4,2,W01001375,0,-1
2021421048157,2021,421048157,1,9,0,18,19,3,7,0,0,0,0,0,0,0,3,1,6,6,2,42,7,2993,2,3,BMW X4,2,E01021314,0,-1
2021471073751,2021,471073751,1,9,0,18,19,1,5,0,0,0,0,0,0,0,1,1,2,2,1,27,6,2993,2,5,BMW X4,7,E01031351,0,-1
2021451051118,2021,451051118,2,9,0,11,11,5,1,0,0,0,0,0,0,0,3,1,5,6,2,25,5,1995,2,3,BMW X4,6,E01030598,0,-1
2021010345510,2021,010345510,2,9,0,3,3,7,3,0,0,0,0,0,0,0,0,1,6,6,2,32,6,1995,2,5,BMW X4,2,E01033587,0,-1
2021522200087,2021,522200087,2,9,0,18,19,5,1,0,0,8,0,0,0,0,1,1,6,6,1,22,5,1995,2,3,BMW X4,9,E01032035,0,-1
2021421090064,2021,421090064,2,9,0,7,7,7,3,0,0,1,0,0,2,2,2,1,6,6,1,31,6,2998,1,2,BMW X4,5,E01021762,0,-1
2021131090042,2021,131090042,1,9,0,9,9,1,3,0,0,2,0,0,0,0,1,1,6,6,3,-1,-1,2998,1,2,BMW X4,-1,-1,0,-1
2021440213276,2021,440213276,1,9,0,18,19,4,8,0,0,8,0,0,0,0,4,1,6,6,1,61,9,2993,2,2,BMW X4,10,E01022629,0,-1
2021061046798,2021,061046798,1,9,0,18,19,3,7,0,0,0,0,0,0,0,4,1,2,2,1,54,8,1995,2,3,BMW X4,3,E01004955,0,-1
2021411065986,2021,411065986,3,9,0,3,3,5,1,0,0,3,0,0,0,0,0,1,6,6,3,-1,-1,1995,2,2,BMW X4,-1,-1,0,-1
2021531019565,2021,531019565,1,9,0,-1,-1,-1,-1,0,0,1,0,0,0,0,1,1,6,6,1,39,7,1995,2,6,BMW X4,3,E01022237,0,-1
2021010324071,2021,010324071,1,9,0,99,99,9,9,99,99,1,9,99,9,99,2,9,2,2,2,28,6,1995,2,2,BMW X4,1,E01003051,0,-1
2021010313608,2021,010313608,5,9,0,18,19,5,1,0,0,1,0,0,1,1,1,1,6,6,2,37,7,2993,2,5,BMW X4,2,E01003712,0,-1
202134NNC5071,2021,34NNC5071,2,9,0,17,19,7,3,0,0,0,0,0,0,0,3,1,6,6,1,35,6,1995,2,4,BMW X4,2,E01026975,0,-1
2021010325922,2021,010325922,1,9,0,99,99,9,9,99,99,9,9,99,9,99,9,9,6,6,2,39,7,2993,2,5,BMW X4,7,E01003796,0,-1
2021010318733,2021,010318733,2,9,9,18,19,5,1,99,99,0,9,99,9,99,9,9,6,6,1,22,5,2993,2,3,BMW X4,1,E01000744,0,-1
2021010344342,2021,010344342,3,8,0,99,99,9,9,99,99,9,9,99,9,99,1,9,6,6,1,40,7,-1,-1,-1,BMW X4,2,E01003046,0,-1
2021010340944,2021,010340944,2,9,0,18,19,8,4,0,0,1,0,0,0,0,1,1,6,6,1,32,6,1995,2,3,BMW X4,2,E01001621,0,-1
2021411120460,2021,411120460,1,9,0,18,19,8,4,0,0,0,5,11,7,11,3,1,6,6,1,22,5,1995,2,3,BMW X4,8,E01023704,0,-1
2021122101286,2021,122101286,2,9,0,18,19,7,3,0,0,1,0,0,0,0,2,1,6,6,1,65,9,1995,2,7,BMW X4,5,E01012338,0,-1
2021440314316,2021,440314316,1,9,0,18,19,8,4,0,0,0,1,12,0,0,1,1,6,6,2,25,5,1995,2,5,BMW X4,7,E01023012,0,-1
2021430408724,2021,430408724,1,9,0,3,3,1,5,0,0,0,0,0,0,0,2,1,2,2,2,50,8,1995,2,2,BMW X4,10,E01017815,0,-1
2021547244221,2021,547244221,1,9,0,18,19,3,7,0,0,0,0,0,0,0,1,1,6,6,1,41,7,1995,2,5,BMW X4,5,W01001647,0,-1
2021131042445,2021,131042445,1,9,0,4,4,7,1,0,0,1,0,0,0,0,1,1,6,6,3,40,7,1995,2,5,BMW X4,-1,-1,0,-1
2021430561712,2021,430561712,1,9,0,13,13,5,1,0,0,8,0,0,0,0,4,1,6,6,3,-1,-1,2993,2,2,BMW X4,-1,-1,0,-1
2021031087951,2021,031087951,1,9,0,17,19,3,7,0,0,0,2,0,0,0,1,1,2,2,1,58,9,2993,12,0,BMW X4,8,E01019307,0,-1
2021610057421,2021,610057421,1,9,0,4,4,1,5,0,0,1,0,0,0,0,4,1,6,6,1,39,7,1995,2,2,BMW X4,6,W01001372,0,-1
2021991054165,2021,991054165,2,9,0,18,19,5,1,0,0,0,0,0,0,0,3,1,6,6,1,65,9,2993,2,5,BMW X4,8,-1,0,-1
2021471105490,2021,471105490,1,9,0,9,9,4,2,0,0,0,0,0,0,0,4,1,3,7,2,39,7,1995,2,4,BMW X4,4,E01020974,0,-1
2021010315437,2021,010315437,2,9,0,18,19,2,6,0,0,1,0,0,0,0,1,1,6,6,1,69,10,1995,2,6,BMW X4,10,E01021751,0,-1
2021351110575,2021,351110575,1,9,-1,17,19,2,7,0,0,1,0,4,7,11,3,1,6,6,1,28,6,1995,2,6,BMW X4,4,E01029949,0,-1
2021010309800,2021,010309800,2,9,0,99,99,9,9,99,99,9,9,99,9,99,1,9,6,6,3,-1,-1,2993,2,6,BMW X4,-1,-1,0,-1
2021010331838,2021,010331838,2,9,0,6,6,5,5,0,0,1,0,0,0,0,2,1,2,2,2,28,6,1995,2,7,BMW X4,-1,-1,0,-1
2021451012920,2021,451012920,1,9,0,2,2,0,0,0,0,0,0,0,0,0,4,1,5,6,2,33,6,2993,12,1,BMW X4,9,E01030446,0,-1
2021010343461,2021,010343461,2,9,0,99,99,9,9,99,99,9,9,99,9,99,2,9,6,6,1,34,6,2993,2,7,BMW X4,4,E01000916,0,-1
2021501068723,2021,501068723,1,9,0,16,19,2,6,0,0,0,2,0,1,7,3,1,5,6,2,41,7,2993,1,1,BMW X4,3,E01020229,0,-1
2021201064564,2021,201064564,1,9,0,18,19,4,8,0,0,0,0,0,0,0,1,1,6,6,1,-1,-1,1995,2,6,BMW X4,-1,-1,0,-1
2021122101370,2021,122101370,1,9,0,9,9,2,8,0,0,8,0,0,0,0,4,1,6,6,1,29,6,1995,2,3,BMW X4,5,E01027649,0,-1
2021010315830,2021,010315830,2,9,0,2,2,0,0,0,0,2,0,0,0,0,2,1,6,6,3,-1,-1,1995,2,2,BMW X4,-1,-1,0,-1
2021010289371,2021,010289371,1,9,0,5,5,7,3,0,0,6,0,0,1,0,1,1,3,7,2,44,7,1995,2,5,BMW X4,5,E01003741,0,-1
2021371086233,2021,371086233,2,9,0,16,19,5,1,0,0,0,0,0,0,0,1,1,5,6,1,23,5,3980,1,28,-1,9,E01030088,0,-1
2021010343807,2021,010343807,1,3,0,99,99,9,9,99,99,9,9,99,9,99,9,1,2,2,2,24,5,125,1,1,-1,9,E01004598,0,-1
2021351052230,2021,351052230,2,3,0,18,19,3,7,0,0,0,0,0,0,0,2,1,2,2,1,54,8,125,1,1,-1,7,E01017457,0,-1
2021161051552,2021,161051552,1,3,0,18,19,2,6,0,0,0,0,0,1,0,1,1,5,6,1,56,9,125,1,0,-1,1,E01012859,0,-1
2021052101212,2021,052101212,1,3,0,18,19,1,5,0,0,0,0,0,0,0,1,1,1,1,1,39,7,125,1,2,-1,1,E01006522,0,-1
2021111109546,2021,111109546,2,3,0,18,19,3,7,0,0,0,0,0,0,0,1,1,5,6,1,72,10,125,1,2,-1,7,E01020684,0,-1
2021201053856,2021,201053856,1,3,0,17,19,4,1,0,0,0,5,10,1,0,0,1,2,2,1,58,9,125,1,3,-1,1,E01031057,0,-1
2021010291631,2021,010291631,3,2,9,99,99,9,9,99,99,9,9,99,9,99,9,1,6,6,1,60,9,125,1,2,-1,3,E01001043,0,-1
2021520102008,2021,520102008,1,5,0,16,19,4,8,0,0,0,1,0,0,0,1,1,6,6,1,33,6,599,1,12,-1,9,E01029142,0,-1
2021552101213,2021,552101213,2,5,0,14,14,3,7,0,0,0,0,0,0,0,1,1,6,6,1,44,7,599,1,17,-1,1,E01015281,0,-1
2021010291112,2021,010291112,1,4,0,18,19,7,3,2,2,1,0,0,0,0,1,1,2,2,1,45,7,599,1,10,-1,2,E01003538,0,-1
2021471121405,2021,471121405,1,5,0,18,19,7,3,0,0,8,0,0,0,0,1,1,2,2,1,39,7,599,1,12,-1,3,E01031459,0,-1
2021010303646,2021,010303646,2,5,0,14,14,1,5,0,0,1,0,0,0,0,1,1,6,6,1,35,6,745,1,3,-1,1,E01001330,0,-1
2021440338283,2021,440338283,2,9,0,9,9,5,2,0,0,5,0,0,0,0,1,1,6,6,1,24,5,1086,1,17,KIA PICANTO,7,E01032618,0,-1
2021440292979,2021,440292979,2,9,0,18,19,1,5,0,0,1,0,0,0,0,1,1,6,6,1,39,7,998,1,7,KIA PICANTO,8,E01022713,0,-1
2021221113689,2021,221113689,1,9,0,18,19,7,3,0,0,0,0,4,1,0,1,1,2,2,1,27,6,999,1,12,KIA PICANTO,6,E01032476,0,-1
2021531087608,2021,531087608,1,9,0,18,19,7,3,0,0,4,0,0,0,0,3,1,5,6,2,64,9,1248,1,4,KIA PICANTO,10,E01022339,0,-1
202163C012521,2021,63C012521,2,9,0,2,2,0,0,0,0,8,0,0,0,0,2,1,6,6,3,-1,-1,998,1,10,KIA PICANTO,-1,-1,0,-1
2021010305051,2021,010305051,2,9,0,18,19,5,1,0,0,1,0,0,0,0,1,1,6,6,2,56,9,1248,1,3,KIA PICANTO,1,E01002089,0,-1
202131C021721,2021,31C021721,1,9,0,9,9,2,8,0,0,8,0,0,0,0,1,1,6,6,2,23,5,998,1,10,KIA PICANTO,1,E01013819,0,-1
2021991041199,2021,991041199,1,9,0,17,19,2,6,0,0,0,0,0,0,0,1,1,5,6,1,26,6,998,1,10,KIA PICANTO,5,-1,0,-1
2021451012611,2021,451012611,1,9,0,5,5,1,5,0,0,8,0,0,0,0,1,1,2,2,2,52,8,1248,1,2,KIA PICANTO,6,E01030587,0,-1
2021991066224,2021,991066224,2,9,0,8,8,8,2,0,0,8,0,0,0,0,2,1,2,2,2,49,8,998,1,1,KIA PICANTO,3,-1,0,-1
2021991042880,2021,991042880,2,9,0,18,19,3,7,0,0,8,0,0,0,0,1,1,5,6,2,60,9,998,1,8,KIA PICANTO,9,-1,0,-1
2021421102119,2021,421102119,2,9,0,4,4,5,1,0,0,0,0,0,0,0,2,1,6,6,1,27,6,1086,1,17,KIA PICANTO,1,E01022026,0,-1
202134WNC2001,2021,34WNC2001,1,9,0,18,19,1,5,0,0,0,0,0,0,0,1,1,6,6,1,40,7,998,1,8,KIA PICANTO,2,E01027151,0,-1
2021371071942,2021,371071942,3,9,0,4,4,4,8,0,0,0,0,0,0,0,2,1,5,6,1,61,9,998,1,5,KIA PICANTO,6,E01026492,0,-1
2021501027471,2021,501027471,3,9,0,2,2,0,0,0,0,0,0,4,0,0,1,1,6,6,2,80,11,1248,1,2,KIA PICANTO,6,E01015243,0,-1
202134NNC0361,2021,34NNC0361,1,9,0,18,19,5,1,0,0,8,0,0,0,0,1,1,6,6,1,31,6,1248,1,5,KIA PICANTO,-1,-1,0,-1
2021041022297,2021,041022297,1,9,0,18,19,5,1,0,0,4,0,0,0,0,1,1,1,1,1,34,6,1086,1,15,KIA PICANTO,1,E01012586,0,-1
2021991011682,2021,991011682,1,9,0,18,19,2,6,0,0,0,1,0,7,4,1,1,2,2,1,56,9,1086,1,15,KIA PICANTO,-1,-1,0,-1
2021052100385,2021,052100385,1,9,0,18,19,4,8,0,0,8,0,0,0,0,3,1,6,6,1,31,6,998,1,9,KIA PICANTO,1,E01006721,0,-1
2021371021873,2021,371021873,1,9,0,18,19,3,7,0,0,0,5,0,0,0,1,1,1,1,1,21,5,999,1,14,KIA PICANTO,8,E01030173,0,-1
2021440150376,2021,440150376,1,9,0,18,19,6,2,0,0,8,0,0,3,11,1,1,2,2,2,21,5,1086,1,16,KIA PICANTO,9,E01017252,0,-1
2021552100388,2021,552100388,1,9,0,18,19,8,4,0,0,0,0,0,0,0,4,1,6,6,1,28,6,1086,1,12,KIA PICANTO,5,E01020459,0,-1
2021361136638,2021,361136638,2,9,0,18,19,5,1,0,0,0,0,0,0,0,3,1,5,6,2,74,10,1086,1,11,KIA PICANTO,9,E01026933,0,-1
2021440329621,2021,440329621,3,9,0,4,4,3,7,0,0,1,0,0,0,0,1,1,2,2,2,60,9,998,1,1,KIA PICANTO,-1,-1,0,-1
2021421101773,2021,421101773,1,9,0,18,19,5,1,0,0,1,0,0,0,0,3,1,2,2,2,51,8,1248,1,1,KIA PICANTO,-1,-1,0,-1
2021440262346,2021,440262346,1,9,0,9,9,1,6,0,0,8,0,0,0,0,3,1,6,6,2,26,6,1086,1,15,KIA PICANTO,4,E01022810,0,-1
2021010325618,2021,010325618,1,9,0,18,19,3,7,0,0,1,0,4,0,0,1,1,6,6,1,70,10,1248,1,5,KIA PICANTO,2,E01033726,0,-1
2021461046747,2021,461046747,2,9,0,18,19,3,6,0,0,1,0,0,0,0,1,1,6,6,2,20,4,998,1,8,KIA PICANTO,1,E01016032,0,-1
2021411037756,2021,411037756,1,9,0,9,9,6,4,0,0,1,0,0,0,0,4,1,5,6,2,31,6,998,1,4,KIA PICANTO,8,E01021795,0,-1
2021991035292,2021,991035292,1,9,0,10,10,1,6,0,0,0,0,0,7,0,1,1,2,2,1,55,8,999,1,11,KIA PICANTO,6,-1,0,-1
2021010341968,2021,010341968,2,9,0,10,10,4,2,0,0,5,0,0,0,0,1,1,6,6,2,43,7,999,1,10,KIA PICANTO,9,E01000775,0,-1
2021122101440,2021,122101440,1,9,0,16,19,4,8,0,0,0,0,0,0,0,1,1,6,6,2,76,11,1248,1,4,KIA PICANTO,5,E01027775,0,-1
2021010364866,2021,010364866,2,9,0,99,99,9,9,99,99,9,9,99,9,99,4,9,6,6,1,56,9,998,1,0,KIA PICANTO,6,E01003711,0,-1
2021351063681,2021,351063681,2,9,0,18,19,4,8,0,0,8,0,10,0,0,3,1,5,6,1,37,7,1086,1,12,KIA PICANTO,5,E01015651,0,-1
2021070170725,2021,070170725,2,9,0,3,3,2,5,0,0,1,0,0,0,0,2,1,6,6,1,35,6,998,1,9,KIA PICANTO,9,E01018516,0,-1
2021622100541,2021,622100541,2,9,0,18,19,2,6,0,0,0,0,0,0,0,1,1,2,2,1,59,9,1248,1,4,KIA PICANTO,4,W01001262,0,-1
2021501100483,2021,501100483,1,9,0,18,19,1,5,0,0,3,0,0,0,0,1,1,5,6,1,31,6,998,1,7,KIA PICANTO,6,E01020241,0,-1
2021010301381,2021,010301381,2,9,0,99,99,9,9,0,0,9,0,99,9,0,9,9,6,6,3,22,5,1086,1,11,KIA PICANTO,5,E01002977,0,-1
2021411018958,2021,411018958,2,9,0,3,3,4,8,0,0,0,0,0,0,0,2,1,6,6,2,46,8,998,1,7,KIA PICANTO,7,E01001537,0,-1
2021461022598,2021,461022598,1,9,0,18,19,7,5,0,0,0,2,0,7,3,1,1,2,2,2,20,4,998,1,9,KIA PICANTO,8,E01031653,0,-1
2021543586121,2021,543586121,2,9,0,2,2,0,0,0,0,0,0,0,0,0,2,1,6,6,1,53,8,1086,1,15,KIA PICANTO,10,E01031984,0,-1
2021411026898,2021,411026898,2,9,0,3,3,1,5,0,0,0,0,0,0,0,2,1,6,6,2,41,7,998,1,8,KIA PICANTO,-1,-1,0,-1
2021101055485,2021,101055485,1,9,0,18,19,5,1,0,0,3,0,0,0,0,1,1,5,6,1,81,11,998,1,0,KIA PICANTO,3,E01008683,0,-1
2021451081344,2021,451081344,1,9,0,9,9,6,7,0,0,6,0,0,0,0,1,1,5,6,2,32,6,998,1,8,KIA PICANTO,8,E01030784,0,-1
2021546170621,2021,546170621,1,9,0,17,19,6,3,0,0,0,5,0,1,4,1,1,6,6,1,87,11,1248,1,5,KIA PICANTO,6,E01032031,0,-1