collision_index,collision_year,collision_ref_no,vehicle_reference,vehicle_type,towing_and_articulation,vehicle_manoeuvre_historic,vehicle_manoeuvre,vehicle_direction_from,vehicle_direction_to,vehicle_location_restricted_lane_historic,vehicle_location_restricted_lane,junction_location,skidding_and_overturning,hit_object_in_carriageway,vehicle_leaving_carriageway,hit_object_off_carriageway,first_point_of_impact,vehicle_left_hand_drive,journey_purpose_of_driver_historic,journey_purpose_of_driver,sex_of_driver,age_of_driver,age_band_of_driver,engine_capacity_cc,propulsion_code,age_of_vehicle,generic_make_model,driver_imd_decile,lsoa_of_driver,escooter_flag,driver_distance_banding
2021451057547,2021,451057547,1,9,0,18,19,6,2,0,0,0,1,0,0,0,1,1,5,6,2,27,6,999,1,14,KIA PICANTO,5,E01030484,0,-1
2021010313469,2021,010313469,1,9,9,99,99,9,9,99,99,0,9,99,9,99,9,9,2,2,1,21,5,998,1,8,KIA PICANTO,4,E01004642,0,-1
2021501058675,2021,501058675,1,9,0,18,19,3,7,0,0,1,0,0,0,0,1,1,6,6,1,32,6,1248,1,4,KIA PICANTO,3,E01017129,0,-1
2021041081341,2021,041081341,1,9,0,15,15,6,2,0,0,1,0,0,0,0,3,1,6,6,1,45,7,1086,1,16,KIA PICANTO,4,E01025276,0,-1
2021010315961,2021,010315961,1,9,0,18,19,1,5,0,0,0,5,4,0,0,1,1,2,2,2,20,4,998,1,6,KIA PICANTO,8,E01004386,0,-1
2021231063415,2021,231063415,1,9,0,9,9,6,4,0,0,5,0,0,0,0,3,1,5,6,1,83,11,1248,1,8,KIA PICANTO,10,E01031201,0,-1
202154A147921,2021,54A147921,3,9,0,2,2,0,0,0,0,0,0,0,0,0,3,1,6,6,2,52,8,998,1,1,KIA PICANTO,10,E01032080,0,-1
2021520201370,2021,520201370,2,9,0,18,19,5,8,0,0,8,0,0,0,0,2,1,6,6,2,24,5,1248,1,3,KIA PICANTO,5,E01029058,0,-1
2021440412997,2021,440412997,1,9,0,9,9,3,7,0,0,1,0,0,0,0,4,1,6,6,2,75,10,1248,1,7,KIA PICANTO,7,E01022823,0,-1
2021201115684,2021,201115684,1,9,0,4,4,8,4,0,0,8,0,0,0,0,1,1,6,6,2,32,6,1248,1,8,KIA PICANTO,1,E01010532,0,-1
2021111070557,2021,111070557,1,9,0,18,19,5,1,0,0,0,0,0,0,0,1,1,6,6,1,30,6,998,1,10,KIA PICANTO,-1,-1,0,-1
2021031053132,2021,031053132,2,9,0,18,19,6,6,0,0,0,0,0,0,0,2,1,5,6,2,22,5,998,1,9,KIA PICANTO,4,-1,0,-1
2021041194702,2021,041194702,2,9,0,18,19,1,5,0,0,8,0,0,0,0,3,1,6,6,2,34,6,1248,1,2,KIA PICANTO,3,E01025221,0,-1
2021501142054,2021,501142054,2,9,0,7,7,7,1,0,0,0,0,0,0,0,4,1,5,6,2,48,8,1248,1,3,KIA PICANTO,1,E01015233,0,-1
2021122101019,2021,122101019,1,9,0,18,19,5,8,0,0,4,0,0,3,0,2,1,6,6,2,30,6,998,1,3,KIA PICANTO,7,E01007493,0,-1
2021122100865,2021,122100865,2,9,0,18,19,5,1,0,0,1,0,0,0,0,1,1,6,6,1,58,9,999,1,12,KIA PICANTO,2,E01012136,0,-1
2021991059954,2021,991059954,1,9,0,18,19,3,7,0,0,1,0,0,0,0,1,1,5,6,2,19,4,998,1,10,KIA PICANTO,8,-1,0,-1
2021041027237,2021,041027237,2,9,0,18,19,8,4,0,0,1,0,0,0,0,3,1,2,2,2,53,8,1086,1,15,KIA PICANTO,-1,-1,0,-1
2021411103061,2021,411103061,2,9,0,9,9,8,6,0,0,6,0,0,0,0,1,1,6,6,2,24,5,1086,1,16,KIA PICANTO,9,E01033313,0,-1
2021461034634,2021,461034634,1,9,0,18,19,7,3,0,0,0,0,4,0,0,1,1,5,6,1,53,8,999,1,10,KIA PICANTO,7,E01024422,0,-1
2021461017705,2021,461017705,4,9,0,18,19,7,3,0,0,0,0,0,0,0,1,1,6,6,2,23,5,998,1,7,KIA PICANTO,3,E01016036,0,-1
2021991067800,2021,991067800,1,9,0,18,19,4,4,0,0,0,0,0,0,0,4,1,2,2,1,28,6,998,1,0,KIA PICANTO,4,-1,0,-1
2021421041442,2021,421041442,1,9,0,18,19,7,3,0,0,0,0,0,0,0,1,1,5,6,2,80,11,998,1,4,KIA PICANTO,10,E01015908,0,-1
2021010294289,2021,010294289,1,9,0,2,2,0,0,0,0,3,0,0,0,0,0,1,6,6,3,-1,-1,1248,1,2,KIA PICANTO,-1,-1,0,-1
2021440218182,2021,440218182,1,9,0,18,19,1,4,0,0,8,0,0,0,0,1,1,6,6,2,61,9,998,1,4,KIA PICANTO,10,E01023067,0,-1
2021471067048,2021,471067048,2,9,0,18,19,5,1,0,0,1,0,0,7,11,3,1,2,2,2,22,5,1086,1,10,KIA PICANTO,6,E01031445,0,-1
2021991042633,2021,991042633,2,9,0,18,19,4,8,0,0,1,0,0,0,0,1,1,6,6,2,85,11,998,1,1,KIA PICANTO,9,-1,0,-1
2021201141622,2021,201141622,2,9,0,6,6,5,5,0,0,0,1,0,0,0,1,1,6,6,1,27,6,1086,1,15,KIA PICANTO,1,E01033650,0,-1
2021471057716,2021,471057716,1,9,0,18,19,5,1,0,0,0,0,11,0,0,1,1,5,6,1,24,5,1086,1,16,KIA PICANTO,2,E01004033,0,-1
2021522100184,2021,522100184,1,9,0,5,5,7,3,0,0,0,0,0,0,0,4,1,6,6,2,76,11,1086,1,11,KIA PICANTO,9,E01014779,0,-1
2021311091771,2021,311091771,1,9,0,5,5,6,5,0,0,4,0,0,0,0,3,1,5,6,2,53,8,1248,1,3,KIA PICANTO,9,E01033393,0,-1
2021991081763,2021,991081763,1,9,0,18,19,8,4,0,0,0,1,0,0,0,1,1,2,2,2,18,4,998,1,0,KIA PICANTO,7,-1,0,-1
2021201125162,2021,201125162,1,9,0,7,7,4,6,9,9,6,0,0,0,0,3,1,6,6,2,28,6,998,1,8,KIA PICANTO,1,E01009297,0,-1
2021471083374,2021,471083374,2,9,0,18,19,7,3,0,0,1,0,0,0,0,1,1,5,6,2,20,4,1086,1,14,KIA PICANTO,8,E01031840,0,-1
2021010302158,2021,010302158,3,9,0,18,19,5,1,0,0,4,0,0,0,0,1,1,2,2,2,64,9,1086,1,11,KIA PICANTO,2,E01002530,0,-1
2021061062089,2021,061062089,1,9,0,8,8,5,7,0,0,1,0,0,0,0,2,1,6,6,2,68,10,1248,1,8,KIA PICANTO,4,E01005916,0,-1
2021461042002,2021,461042002,3,9,0,4,4,3,7,0,0,8,0,0,0,0,2,1,6,6,2,-1,-1,998,1,7,KIA PICANTO,-1,-1,0,-1
2021010291658,2021,010291658,1,9,0,8,8,5,8,0,0,4,0,0,0,0,2,1,1,1,1,56,9,998,1,1,KIA PICANTO,7,E01002514,0,-1
2021622100432,2021,622100432,1,9,0,16,19,4,7,0,0,2,0,0,0,0,4,1,1,1,2,41,7,998,1,7,KIA PICANTO,2,W01000752,0,-1
2021401015619,2021,401015619,2,9,0,18,19,5,1,0,0,1,-1,0,0,0,1,1,6,6,1,23,5,998,1,9,KIA PICANTO,3,E01015713,0,-1
2021451098464,2021,451098464,2,9,0,18,19,3,7,0,0,1,0,0,0,0,1,1,1,1,1,53,8,1086,1,12,KIA PICANTO,10,E01022505,0,-1
2021552100472,2021,552100472,1,9,0,16,19,2,6,0,0,0,0,0,7,4,1,1,6,6,1,30,6,998,1,1,KIA PICANTO,7,E01020375,0,-1
2021010331054,2021,010331054,2,9,0,18,19,3,7,0,0,1,0,0,1,0,1,1,6,6,1,23,5,1086,1,12,KIA PICANTO,2,E01000141,0,-1
2021991032512,2021,991032512,1,9,0,18,19,5,1,0,0,2,0,0,0,0,4,1,5,6,2,30,6,998,1,1,KIA PICANTO,4,-1,0,-1
2021531101770,2021,531101770,2,9,0,9,9,6,2,0,0,2,0,0,0,0,1,1,5,6,2,24,5,999,1,12,KIA PICANTO,2,E01022160,0,-1
2021131067204,2021,131067204,2,9,0,18,19,1,5,0,0,0,0,0,0,0,2,1,1,1,1,24,5,999,1,11,KIA PICANTO,3,E01010974,0,-1
2021302101807,2021,302101807,1,9,0,11,11,2,6,0,0,3,0,0,0,0,4,1,6,6,2,40,7,998,1,5,KIA PICANTO,3,E01013455,0,-1
2021041097544,2021,041097544,1,9,0,6,6,5,1,0,0,1,0,0,0,0,1,1,2,2,2,32,6,1086,1,15,KIA PICANTO,1,E01025295,0,-1
2021991027510,2021,991027510,1,9,0,10,10,6,1,0,0,7,0,0,0,0,1,1,5,6,2,65,9,999,1,11,KIA PICANTO,1,-1,0,-1
2021010333117,2021,010333117,1,9,0,99,99,9,9,99,99,9,9,99,9,99,4,9,6,6,1,29,6,1086,1,15,KIA PICANTO,4,E01002779,0,-1
2021461111481,2021,461111481,1,9,0,18,19,1,5,0,0,0,0,0,0,0,1,1,6,6,2,80,11,998,1,4,KIA PICANTO,7,E01016139,0,-1
2021991113979,2021,991113979,3,9,0,18,19,2,6,0,0,0,0,0,0,0,1,1,5,6,2,79,11,1248,1,4,KIA PICANTO,8,-1,0,-1
2021991046262,2021,991046262,1,9,0,4,4,3,7,0,0,0,0,0,0,0,1,1,5,6,1,40,7,1086,1,13,KIA PICANTO,3,-1,0,-1
2021061027030,2021,061027030,1,9,0,18,19,4,8,0,0,0,0,0,0,0,1,1,1,1,1,20,4,998,1,7,KIA PICANTO,4,E01006211,0,-1
2021122100183,2021,122100183,1,9,0,16,19,6,1,0,0,0,2,0,7,9,1,1,6,6,2,31,6,1086,1,13,KIA PICANTO,8,E01013348,0,-1
2021010347688,2021,010347688,1,9,0,9,9,3,1,0,0,8,0,0,0,0,2,1,3,7,2,42,7,1248,1,9,KIA PICANTO,2,E01001509,0,-1
2021122101001,2021,122101001,2,9,0,18,19,7,3,0,0,0,0,0,7,9,3,1,3,7,2,55,8,1248,1,2,KIA PICANTO,9,E01027922,0,-1
2021991100052,2021,991100052,1,9,0,18,19,4,1,0,0,0,0,0,5,0,1,1,6,6,2,24,5,998,1,7,KIA PICANTO,2,-1,0,-1
2021131066295,2021,131066295,1,9,0,18,19,2,6,0,0,1,0,0,0,0,4,1,5,6,1,74,10,1248,1,2,KIA PICANTO,9,E01007890,0,-1
2021231121432,2021,231121432,1,9,0,9,9,4,2,0,0,6,0,0,0,0,4,1,5,6,1,82,11,999,1,11,KIA PICANTO,5,E01009248,0,-1
202163A033321,2021,63A033321,1,9,0,18,19,8,4,0,0,1,0,0,0,0,1,1,6,6,2,32,6,1086,1,11,KIA PICANTO,4,W01000697,0,-1
2021010329736,2021,010329736,2,9,0,99,99,9,9,99,99,9,9,99,9,99,9,9,6,6,3,31,6,998,1,0,KIA PICANTO,2,E01001152,0,-1
2021461101096,2021,461101096,3,9,0,2,2,0,0,0,0,0,0,0,0,0,1,1,6,6,2,-1,-1,1086,1,12,KIA PICANTO,10,E01024147,0,-1
2021361128474,2021,361128474,2,9,0,18,19,3,7,0,0,0,1,0,0,0,1,1,6,6,2,47,8,998,1,0,KIA PICANTO,9,E01026550,0,-1
2021461031284,2021,461031284,1,9,-1,-1,-1,-1,-1,-1,-1,0,-1,-1,-1,0,-1,1,6,6,2,29,6,1248,1,6,KIA PICANTO,5,E01024156,0,-1
2021221091526,2021,221091526,1,9,0,18,19,2,6,0,0,0,0,0,0,0,1,1,5,6,1,18,4,998,1,6,KIA PICANTO,6,E01014175,0,-1
2021471057560,2021,471057560,1,9,0,12,12,1,5,0,0,0,0,0,0,0,1,1,6,6,3,25,5,1248,1,5,KIA PICANTO,7,E01031633,0,-1
2021371090079,2021,371090079,2,9,0,2,2,0,0,0,0,2,0,0,0,0,2,1,6,6,3,-1,-1,999,1,10,KIA PICANTO,-1,-1,0,-1
2021131111359,2021,131111359,1,9,0,9,9,1,5,0,0,2,0,0,0,0,1,1,2,2,1,63,9,999,1,11,KIA PICANTO,1,E01011101,0,-1
2021161063355,2021,161063355,3,9,0,2,2,0,0,0,0,2,0,0,0,0,1,1,6,6,3,-1,-1,998,1,5,KIA PICANTO,-1,-1,0,-1
2021430557131,2021,430557131,1,9,0,16,19,7,1,0,0,8,1,10,1,0,3,1,2,2,2,35,6,1248,1,5,KIA PICANTO,7,E01028658,0,-1
2021991055766,2021,991055766,2,9,0,18,19,7,3,0,0,1,1,0,0,0,1,1,5,6,2,73,10,999,1,11,KIA PICANTO,6,-1,0,-1
2021201130272,2021,201130272,2,9,0,18,19,5,2,0,0,8,0,0,0,0,4,1,6,6,2,49,8,1086,1,12,KIA PICANTO,2,E01009407,0,-1
2021221019069,2021,221019069,2,9,0,18,19,2,6,0,0,8,0,0,0,0,1,1,6,6,2,34,6,998,1,8,KIA PICANTO,-1,-1,0,-1
2021101100883,2021,101100883,1,9,0,18,19,3,7,0,0,0,0,0,0,0,1,1,6,6,2,23,5,998,1,7,KIA PICANTO,10,E01008418,0,-1
2021471114140,2021,471114140,1,9,0,9,9,5,3,0,0,8,0,0,0,0,1,1,5,6,1,61,9,999,1,13,KIA PICANTO,4,E01031377,0,-1
2021131081636,2021,131081636,1,9,0,9,9,5,3,0,0,5,0,0,1,11,1,1,5,6,2,72,10,1248,1,6,KIA PICANTO,9,E01011353,0,-1
2021461034022,2021,461034022,2,9,0,18,19,3,7,0,0,8,0,0,6,0,3,1,5,6,1,58,9,999,1,12,KIA PICANTO,7,E01024405,0,-1
202131B164421,2021,31B164421,1,9,0,12,12,8,5,0,0,3,0,10,7,1,3,1,6,6,2,68,10,998,1,4,KIA PICANTO,8,E01028047,0,-1
2021421094629,2021,421094629,3,9,0,3,3,6,2,0,0,0,0,0,0,0,2,1,6,6,1,32,6,999,1,11,KIA PICANTO,4,E01003715,0,-1
2021471112913,2021,471112913,4,9,0,2,2,0,0,0,0,1,0,0,0,0,2,1,6,6,3,-1,-1,1248,1,2,KIA PICANTO,-1,-1,0,-1
2021991074986,2021,991074986,2,9,0,18,19,7,3,0,0,1,0,0,0,0,1,1,5,6,2,79,11,999,1,10,KIA PICANTO,4,-1,0,-1
202134WNC2731,2021,34WNC2731,2,9,0,9,9,1,5,0,0,2,0,0,7,0,3,1,6,6,2,51,8,998,1,3,KIA PICANTO,7,E01027354,0,-1
202163A075021,2021,63A075021,2,9,0,18,19,4,8,0,0,1,1,0,1,10,1,1,6,6,2,60,9,1248,1,2,KIA PICANTO,8,W01000624,0,-1
2021411074219,2021,411074219,1,9,0,5,5,3,7,0,0,6,0,0,0,0,1,1,6,6,1,21,5,999,1,12,KIA PICANTO,8,E01023383,0,-1
2021010350839,2021,010350839,2,9,0,18,19,7,3,0,0,1,1,0,0,0,1,1,6,6,1,69,10,1248,1,7,KIA PICANTO,5,E01003773,0,-1
2021471039387,2021,471039387,1,9,0,18,19,5,1,0,0,1,5,0,0,0,3,1,1,1,2,54,8,1086,1,15,KIA PICANTO,6,E01031449,0,-1
2021991067776,2021,991067776,1,9,0,18,19,4,1,0,0,0,5,0,0,0,1,1,5,6,2,82,11,1248,1,2,KIA PICANTO,10,-1,0,-1
2021501027150,2021,501027150,3,9,0,4,4,3,7,0,0,0,0,0,0,0,1,1,2,2,2,24,5,1248,1,8,KIA PICANTO,3,E01020282,0,-1
2021302102046,2021,302102046,1,9,0,9,9,1,6,0,0,6,0,0,0,0,1,1,6,6,2,19,4,998,1,10,KIA PICANTO,7,E01019415,0,-1
2021131121529,2021,131121529,2,9,0,-1,-1,5,5,-1,-1,0,0,0,0,0,-1,1,5,6,1,45,7,1248,1,9,KIA PICANTO,-1,-1,0,-1
2021041196972,2021,041196972,2,9,0,18,19,1,5,0,0,1,0,0,0,0,1,1,5,6,2,22,5,1086,1,13,KIA PICANTO,6,E01012667,0,-1
202131C069721,2021,31C069721,1,9,0,18,19,5,1,0,0,0,0,0,0,0,1,1,6,6,1,21,5,1086,1,16,KIA PICANTO,2,E01013918,0,-1
2021461046291,2021,461046291,2,9,0,17,19,4,8,0,0,0,0,0,0,0,3,1,6,6,2,58,9,998,1,7,KIA PICANTO,8,E01024261,0,-1
2021440263776,2021,440263776,1,9,0,18,19,5,1,0,0,8,1,0,1,0,1,1,1,1,1,19,4,1248,1,1,KIA PICANTO,4,E01022527,0,-1
2021430300298,2021,430300298,1,9,0,9,9,8,6,0,0,6,0,0,0,0,3,1,6,6,1,87,11,998,1,9,KIA PICANTO,10,E01028455,0,-1
2021161075623,2021,161075623,1,9,0,9,9,4,3,0,0,6,0,0,0,0,1,1,6,6,1,21,5,1086,1,13,KIA PICANTO,1,E01012761,0,-1
2021520106204,2021,520106204,1,9,0,18,19,7,3,0,0,8,0,0,7,0,3,1,6,6,2,56,9,998,1,3,KIA PICANTO,4,E01029050,0,-1
2021501124193,2021,501124193,1,9,0,18,19,7,3,0,0,0,0,4,0,0,1,1,6,6,1,85,11,1248,1,10,KIA PICANTO,3,E01019059,0,-1
2021451074669,2021,451074669,2,9,0,18,19,7,3,0,0,4,0,0,0,0,1,1,5,6,2,32,6,1248,1,4,KIA PICANTO,10,E01030903,0,-1
2021471059085,2021,471059085,1,9,0,9,9,1,7,0,0,8,0,0,0,0,3,1,2,2,2,59,9,998,1,6,KIA PICANTO,9,E01031630,0,-1
2021622100645,2021,622100645,1,9,0,9,9,2,8,0,0,6,5,10,1,0,4,1,6,6,2,24,5,998,1,4,KIA PICANTO,5,W01001437,0,-1
2021061126644,2021,061126644,2,9,0,18,19,6,3,0,0,0,1,0,1,0,2,1,6,6,2,21,5,998,1,10,KIA PICANTO,1,E01005205,0,-1
2021411134473,2021,411134473,1,9,0,18,19,3,7,0,0,0,0,0,0,0,1,1,6,6,1,24,5,1086,1,12,KIA PICANTO,5,E01023593,0,-1
2021231128142,2021,231128142,2,9,0,18,19,5,1,0,0,0,0,0,0,0,1,1,5,6,1,84,11,1086,1,13,KIA PICANTO,5,E01009690,0,-1
2021141086477,2021,141086477,2,9,0,18,19,6,2,0,0,0,1,0,0,0,4,1,5,6,2,22,5,999,1,11,KIA PICANTO,8,E01007713,0,-1
2021451050778,2021,451050778,1,9,0,18,19,1,5,0,0,8,0,0,0,0,3,1,5,6,2,22,5,1086,1,14,KIA PICANTO,10,E01030589,0,-1
2021221105955,2021,221105955,2,9,0,2,2,0,0,0,0,0,0,4,0,0,1,1,5,6,1,35,6,999,1,16,KIA PICANTO,1,E01032252,0,-1
2021010307327,2021,010307327,1,9,0,99,99,9,9,99,99,9,9,99,9,99,4,9,6,6,2,20,4,1086,1,12,KIA PICANTO,5,E01017615,0,-1
2021371080626,2021,371080626,2,9,0,8,8,8,2,0,0,1,0,0,0,0,2,1,5,6,2,73,10,1248,1,6,KIA PICANTO,10,E01030104,0,-1
2021010315574,2021,010315574,1,9,0,18,19,8,4,0,0,0,0,4,0,0,1,1,6,6,1,23,5,1086,1,17,KIA PICANTO,6,E01000238,0,-1
2021221044080,2021,221044080,1,9,0,18,19,5,1,0,0,0,0,0,0,0,4,1,5,6,2,58,9,998,1,4,KIA PICANTO,9,E01014102,0,-1
2021543842821,2021,543842821,2,9,0,4,4,3,7,0,0,0,0,0,0,0,2,1,6,6,2,38,7,998,1,8,KIA PICANTO,9,E01032112,0,-1
2021440248945,2021,440248945,1,9,0,4,4,5,1,0,0,0,0,0,0,0,2,1,6,6,2,30,6,1248,1,5,KIA PICANTO,3,E01030788,0,-1
2021471060743,2021,471060743,1,9,0,18,19,4,8,0,0,8,0,0,0,0,3,1,6,6,2,55,8,998,1,4,KIA PICANTO,3,E01020922,0,-1
2021122100689,2021,122100689,1,9,0,9,9,5,3,0,0,6,0,0,0,0,3,1,6,6,1,69,10,999,1,14,KIA PICANTO,4,E01019455,0,-1
2021052101955,2021,052101955,2,9,0,10,10,2,7,0,0,1,0,0,0,0,2,1,6,6,2,41,7,998,1,4,KIA PICANTO,5,E01032905,0,-1
2021201073161,2021,201073161,2,9,0,18,19,8,4,0,0,0,0,0,0,0,2,1,6,6,2,23,5,998,1,7,KIA PICANTO,8,E01009555,0,-1
2021401026749,2021,401026749,1,9,0,6,6,7,5,0,0,0,0,0,0,0,4,1,2,2,2,46,8,998,1,9,KIA PICANTO,6,E01017578,0,-1
2021010344383,2021,010344383,2,9,0,99,99,9,9,99,99,9,9,99,9,99,1,9,6,6,3,17,4,999,1,11,KIA PICANTO,7,E01000361,0,-1
2021991073778,2021,991073778,1,9,0,7,7,1,3,9,9,1,0,0,3,0,1,1,6,6,2,70,10,999,1,12,KIA PICANTO,4,-1,0,-1
2021471057527,2021,471057527,2,9,0,18,19,2,6,0,0,0,0,0,1,0,1,1,5,6,2,67,10,998,1,2,KIA PICANTO,7,E01031616,0,-1
2021991027952,2021,991027952,2,9,0,1,1,1,5,8,6,0,0,0,0,0,2,1,6,6,2,62,9,998,1,7,KIA PICANTO,-1,-1,0,-1
2021170M10591,2021,170M10591,2,9,0,9,9,7,5,0,0,8,0,0,0,0,1,1,2,2,1,26,6,1086,1,16,KIA PICANTO,1,E01012093,0,-1
2021451088049,2021,451088049,2,9,0,18,19,7,3,0,0,0,0,0,0,0,2,1,2,2,2,50,8,999,1,12,KIA PICANTO,9,E01016247,0,-1
2021471060061,2021,471060061,1,9,0,5,5,7,2,0,0,4,0,0,0,0,3,1,5,6,2,76,11,998,1,0,KIA PICANTO,7,E01031387,0,-1
2021131046590,2021,131046590,2,9,0,18,19,5,1,0,0,0,0,0,0,0,3,1,6,6,2,82,11,1248,1,5,KIA PICANTO,7,E01011521,0,-1
2021052100682,2021,052100682,1,9,0,9,9,7,5,0,0,1,1,0,1,1,3,1,6,6,2,43,7,1248,1,3,KIA PICANTO,2,E01006912,0,-1
2021471085466,2021,471085466,1,9,0,18,19,8,4,0,0,1,0,0,0,0,1,1,6,6,2,82,11,998,1,4,KIA PICANTO,10,E01031485,0,-1
2021552100803,2021,552100803,1,9,0,18,19,3,7,0,0,0,0,0,0,0,1,1,2,2,1,42,7,999,1,12,KIA PICANTO,7,E01015330,0,-1
2021421050501,2021,421050501,1,9,0,18,19,7,3,0,0,1,0,0,0,0,3,1,1,1,2,-1,-1,1086,1,12,KIA PICANTO,-1,-1,0,-1
2021201115738,2021,201115738,1,9,0,9,9,4,2,0,0,6,0,0,0,0,1,1,6,6,2,62,9,998,1,7,KIA PICANTO,2,E01010049,0,-1
2021070221198,2021,070221198,2,9,0,18,19,6,2,0,0,8,0,0,0,0,4,1,6,6,1,25,5,1086,1,14,KIA PICANTO,1,E01033300,0,-1
2021320728492,2021,320728492,1,9,0,14,14,6,2,0,0,2,0,0,0,0,1,1,2,2,2,21,5,998,1,7,KIA PICANTO,2,E01026006,0,-1
2021471106039,2021,471106039,1,9,0,18,19,6,2,0,0,0,0,0,0,0,1,1,4,7,2,47,8,998,1,5,KIA PICANTO,5,E01031594,0,-1
2021430141232,2021,430141232,1,9,0,9,9,3,1,0,0,5,0,0,0,0,4,1,1,1,2,27,6,1086,1,12,KIA PICANTO,10,E01016591,0,-1
2021471049784,2021,471049784,1,9,0,18,19,1,5,0,0,0,0,0,0,0,2,1,6,6,2,28,6,998,1,3,KIA PICANTO,9,E01031672,0,-1
2021070403832,2021,070403832,1,9,0,4,4,7,3,0,0,1,0,0,0,0,1,1,6,6,3,-1,-1,999,1,14,KIA PICANTO,-1,-1,0,-1
2021131094308,2021,131094308,1,9,0,9,9,1,5,0,0,0,0,0,0,0,3,1,6,6,2,76,11,998,1,7,KIA PICANTO,3,E01011261,0,-1
2021371080996,2021,371080996,2,9,0,8,8,2,5,0,0,1,0,0,0,0,2,1,2,2,2,33,6,999,1,12,KIA PICANTO,4,E01029910,0,-1
2021231041683,2021,231041683,1,9,0,18,19,6,2,0,0,4,0,0,0,0,1,1,5,6,1,62,9,1086,1,16,KIA PICANTO,10,E01031275,0,-1
2021131061955,2021,131061955,1,9,0,7,7,5,8,0,0,7,0,0,0,0,1,1,5,6,2,42,7,998,1,6,KIA PICANTO,6,E01011071,0,-1
2021622100237,2021,622100237,2,9,0,18,19,8,4,0,0,1,0,0,0,0,3,1,1,1,2,55,8,1086,1,13,KIA PICANTO,5,W01000763,0,-1
2021471062212,2021,471062212,1,9,0,18,19,2,5,0,0,8,0,0,0,0,1,1,5,6,2,25,5,998,1,2,KIA PICANTO,4,E01016973,0,-1
2021461100447,2021,461100447,1,9,0,18,19,3,7,0,0,4,0,9,0,0,1,1,6,6,1,48,8,998,1,8,KIA PICANTO,4,E01024086,0,-1
2021061094554,2021,061094554,1,9,0,18,19,3,7,0,0,0,0,0,0,0,4,1,2,2,2,43,7,1248,1,2,KIA PICANTO,10,E01005794,0,-1
2021061135904,2021,061135904,2,9,0,18,19,7,3,0,0,0,0,0,0,0,1,1,6,6,2,67,10,998,1,7,KIA PICANTO,3,E01006041,0,-1
2021549419621,2021,549419621,2,9,0,4,4,3,7,0,0,0,0,0,0,0,2,1,6,6,1,56,9,1086,1,14,KIA PICANTO,2,E01015539,0,-1
2021010334829,2021,010334829,2,9,0,99,99,9,9,99,99,9,9,99,9,99,9,9,6,6,3,-1,-1,1248,1,4,KIA PICANTO,4,E01001406,0,-1
2021052102668,2021,052102668,1,9,0,18,19,7,3,0,0,0,0,0,0,0,1,1,6,6,2,25,5,998,1,8,KIA PICANTO,3,E01007240,0,-1
2021361093764,2021,361093764,3,9,0,18,19,4,7,0,0,0,0,0,0,0,3,1,1,1,2,55,8,999,1,11,KIA PICANTO,5,E01018214,0,-1
202131B081221,2021,31B081221,2,9,0,10,10,5,1,0,0,1,0,0,0,0,2,1,6,6,1,61,9,1086,1,11,KIA PICANTO,8,E01027999,0,-1
2021141107435,2021,141107435,2,9,0,9,9,8,6,0,0,8,0,0,0,0,1,1,6,6,1,80,11,1248,1,6,KIA PICANTO,7,E01007814,0,-1
2021010289877,2021,010289877,2,9,3,2,2,0,0,0,0,2,0,0,0,0,2,1,6,6,3,-1,-1,999,1,12,KIA PICANTO,-1,-1,0,-1
2021010310460,2021,010310460,1,9,0,18,19,7,3,0,0,1,0,0,0,0,1,1,6,6,2,72,10,1248,1,2,KIA PICANTO,3,E01003550,0,-1
202163A041421,2021,63A041421,1,9,0,16,19,7,2,0,0,0,0,0,1,10,0,1,6,6,1,56,9,998,1,9,KIA PICANTO,1,W01000734,0,-1
2021440327231,2021,440327231,1,9,0,9,9,1,7,0,0,6,0,0,0,0,3,1,6,6,2,22,5,1086,1,11,KIA PICANTO,7,E01023224,0,-1
2021061088238,2021,061088238,2,9,0,3,3,5,1,0,0,1,0,0,0,0,2,1,5,6,2,28,6,998,1,7,KIA PICANTO,5,E01004840,0,-1
2021320062034,2021,320062034,1,9,0,9,9,8,6,0,0,6,0,0,0,0,3,1,6,6,2,77,11,1248,1,2,KIA PICANTO,7,E01026236,0,-1
2021991090570,2021,991090570,1,9,0,9,9,1,6,0,0,8,0,0,0,0,3,1,5,6,2,74,10,1248,1,1,KIA PICANTO,1,-1,0,-1
2021461064094,2021,461064094,4,9,0,2,2,5,1,0,0,0,0,0,0,0,2,1,6,6,1,52,8,998,1,7,KIA PICANTO,7,E01030833,0,-1
2021622100371,2021,622100371,1,9,0,18,19,8,4,0,0,3,0,0,0,0,1,1,6,6,2,85,11,998,1,6,KIA PICANTO,9,W01000854,0,-1
2021520201522,2021,520201522,1,9,0,9,9,6,4,0,0,8,0,0,0,0,1,1,6,6,2,75,10,998,1,4,KIA PICANTO,10,E01029030,0,-1