collision_index,collision_year,collision_ref_no,vehicle_reference,vehicle_type,towing_and_articulation,vehicle_manoeuvre_historic,vehicle_manoeuvre,vehicle_direction_from,vehicle_direction_to,vehicle_location_restricted_lane_historic,vehicle_location_restricted_lane,junction_location,skidding_and_overturning,hit_object_in_carriageway,vehicle_leaving_carriageway,hit_object_off_carriageway,first_point_of_impact,vehicle_left_hand_drive,journey_purpose_of_driver_historic,journey_purpose_of_driver,sex_of_driver,age_of_driver,age_band_of_driver,engine_capacity_cc,propulsion_code,age_of_vehicle,generic_make_model,driver_imd_decile,lsoa_of_driver,escooter_flag,driver_distance_banding
2021401015687,2021,401015687,2,9,0,18,19,7,3,0,0,0,0,0,0,0,1,1,5,6,2,28,6,998,1,9,KIA PICANTO,2,E01017519,0,-1
2021471031672,2021,471031672,2,9,0,18,19,7,2,0,0,0,0,0,0,0,1,1,2,2,2,22,5,998,1,7,KIA PICANTO,9,E01021175,0,-1
2021411097490,2021,411097490,1,9,0,4,4,7,3,0,0,1,0,0,0,0,1,1,5,6,2,88,11,1248,1,2,KIA PICANTO,10,E01023735,0,-1
2021131065197,2021,131065197,1,9,0,18,19,5,2,0,0,3,0,0,0,0,3,1,5,6,2,66,10,998,1,9,KIA PICANTO,4,E01010877,0,-1
2021371042808,2021,371042808,2,9,0,3,3,5,1,0,0,1,0,0,0,0,2,1,5,6,2,47,8,999,1,11,KIA PICANTO,6,E01033049,0,-1
2021201133786,2021,201133786,1,9,0,18,19,5,1,0,0,0,0,0,0,0,1,1,1,1,2,25,5,998,1,3,KIA PICANTO,2,E01009985,0,-1
2021501059570,2021,501059570,2,9,0,3,3,1,5,0,0,0,0,0,1,0,2,1,6,6,2,44,7,998,1,9,KIA PICANTO,3,E01018888,0,-1
2021451110288,2021,451110288,1,9,0,18,19,4,8,0,0,1,0,0,0,0,3,1,5,6,2,59,9,1248,1,8,KIA PICANTO,5,E01030664,0,-1
202131A057721,2021,31A057721,1,9,0,9,9,2,8,0,0,8,5,7,0,0,4,1,6,6,1,70,10,1086,1,12,KIA PICANTO,4,E01027982,0,-1
2021421062314,2021,421062314,1,9,0,18,19,8,5,0,0,0,0,0,0,0,1,1,5,6,2,68,10,1248,1,3,KIA PICANTO,10,E01021459,0,-1
2021991024807,2021,991024807,1,9,0,18,19,5,1,0,0,0,0,0,0,0,1,1,6,6,1,84,11,998,1,3,KIA PICANTO,6,-1,0,-1
2021351121027,2021,351121027,1,9,0,11,11,7,3,0,0,0,5,0,2,7,3,1,6,6,2,29,6,1086,1,15,KIA PICANTO,1,E01015600,0,-1
2021122101330,2021,122101330,1,9,0,18,19,3,7,0,0,0,2,4,0,0,1,1,6,6,1,71,10,1248,1,3,KIA PICANTO,2,E01007448,0,-1
2021010292257,2021,010292257,2,9,0,99,99,9,9,99,99,9,9,99,9,99,1,9,6,6,3,-1,-1,998,1,5,KIA PICANTO,-1,-1,0,-1
202131A023221,2021,31A023221,1,9,0,18,19,8,4,0,0,0,0,0,0,0,4,1,6,6,1,84,11,1248,1,2,KIA PICANTO,7,E01027988,0,-1
2021991040150,2021,991040150,1,9,0,5,5,6,2,0,0,0,0,0,0,0,0,1,5,6,1,53,8,1248,1,7,KIA PICANTO,7,-1,0,-1
2021471018851,2021,471018851,2,9,0,16,19,3,6,0,0,0,1,0,0,0,1,1,2,2,1,22,5,1248,1,8,KIA PICANTO,9,E01022617,0,-1
2021041117373,2021,041117373,1,9,0,4,4,5,1,0,0,1,0,0,0,0,3,1,6,6,3,-1,-1,1248,1,3,KIA PICANTO,-1,-1,0,-1
2021461044642,2021,461044642,2,9,0,18,19,4,8,0,0,1,0,0,0,0,1,1,6,6,2,73,10,998,1,1,KIA PICANTO,7,E01021657,0,-1
2021221111445,2021,221111445,1,9,0,7,7,7,1,0,0,5,0,0,0,0,1,1,6,6,1,50,8,1086,1,17,KIA PICANTO,5,E01032414,0,-1
2021440229831,2021,440229831,2,9,0,18,19,1,5,0,0,8,0,0,0,0,0,1,6,6,3,-1,-1,1086,1,13,KIA PICANTO,-1,-1,0,-1
2021440201346,2021,440201346,1,9,0,4,4,8,4,0,0,0,0,0,0,0,2,1,6,6,2,35,6,998,1,2,KIA PICANTO,5,E01017152,0,-1
2021320321544,2021,320321544,1,9,0,18,19,2,6,0,0,1,0,0,0,0,0,1,6,6,1,92,11,998,1,7,KIA PICANTO,1,E01026157,0,-1
2021451099096,2021,451099096,2,9,0,18,19,2,8,0,0,1,0,0,0,0,1,1,2,2,2,21,5,998,1,10,KIA PICANTO,9,E01023115,0,-1
2021622100808,2021,622100808,1,9,0,18,19,4,8,0,0,0,1,0,1,7,1,1,2,2,1,17,4,998,1,9,KIA PICANTO,3,W01001137,0,-1
2021501122279,2021,501122279,1,9,0,18,19,3,7,0,0,0,0,0,0,0,1,1,5,6,2,57,9,1248,1,3,KIA PICANTO,5,E01018834,0,-1
2021061026782,2021,061026782,3,9,0,2,2,0,0,0,0,1,0,0,0,0,4,1,6,6,3,-1,-1,1086,1,16,KIA PICANTO,-1,-1,0,-1
2021101076975,2021,101076975,1,9,0,18,19,2,2,0,0,1,0,4,0,0,1,1,1,1,1,34,6,998,1,3,KIA PICANTO,2,E01008754,0,-1
2021451074445,2021,451074445,2,9,0,9,9,5,1,0,0,1,0,0,1,0,2,1,5,6,1,37,7,998,1,1,KIA PICANTO,10,E01031690,0,-1
2021440384188,2021,440384188,2,9,0,18,19,8,4,0,0,1,0,0,0,0,1,1,6,6,1,69,10,1086,1,11,KIA PICANTO,9,E01022522,0,-1
2021461110866,2021,461110866,1,9,0,7,7,1,5,0,0,0,0,0,0,0,3,1,6,6,1,23,5,999,1,10,KIA PICANTO,2,E01015954,0,-1
2021421032281,2021,421032281,1,9,0,18,19,3,7,0,0,0,0,0,0,0,1,1,6,6,2,55,8,999,1,12,KIA PICANTO,9,E01015980,0,-1
2021010304835,2021,010304835,1,9,0,9,9,5,3,0,0,8,0,10,0,0,1,1,6,6,2,19,4,998,1,6,KIA PICANTO,-1,-1,0,-1
2021351058280,2021,351058280,2,9,0,3,3,3,7,0,0,4,0,0,0,0,2,1,1,1,1,26,6,998,1,7,KIA PICANTO,7,E01018058,0,-1
2021501117747,2021,501117747,1,9,0,7,7,1,3,0,0,1,0,0,0,0,1,1,6,6,1,21,5,998,1,8,KIA PICANTO,6,E01018808,0,-1
2021411138331,2021,411138331,2,9,0,18,19,8,4,0,0,2,0,4,0,0,1,1,6,6,1,35,6,1248,1,9,KIA PICANTO,6,E01023855,0,-1
202131D003521,2021,31D003521,1,9,0,18,19,6,2,0,0,8,0,0,0,0,1,1,6,6,1,70,10,1086,1,16,KIA PICANTO,1,E01013958,0,-1
2021501100650,2021,501100650,1,9,0,18,19,6,4,0,0,2,0,0,0,0,1,1,2,2,2,21,5,1248,1,4,KIA PICANTO,4,E01020017,0,-1
2021211072808,2021,211072808,1,9,0,9,9,8,4,6,6,6,0,0,0,0,1,1,6,6,1,39,7,998,1,9,KIA PICANTO,6,E01009796,0,-1
2021041053733,2021,041053733,1,9,0,14,14,1,5,0,0,0,0,0,0,0,1,1,2,2,2,77,11,1248,1,3,KIA PICANTO,10,E01025510,0,-1
2021522201338,2021,522201338,3,9,0,3,3,4,8,0,0,0,0,0,0,0,2,1,6,6,2,22,5,1248,1,8,KIA PICANTO,7,E01022287,0,-1
2021221073634,2021,221073634,2,9,0,17,19,3,1,0,0,0,0,0,0,0,1,1,5,6,2,53,8,1086,1,16,KIA PICANTO,9,E01032379,0,-1
2021201127049,2021,201127049,2,9,0,5,5,8,4,0,0,0,0,0,0,0,3,1,6,6,2,32,6,998,1,10,KIA PICANTO,2,E01009090,0,-1
2021461044651,2021,461044651,1,9,0,17,19,5,1,0,0,0,0,0,0,0,1,1,6,6,1,34,6,998,1,10,KIA PICANTO,7,E01024361,0,-1
2021440161096,2021,440161096,2,9,0,18,19,4,8,0,0,0,0,0,0,0,1,1,2,2,2,22,5,999,1,12,KIA PICANTO,3,E01017357,0,-1
2021061096891,2021,061096891,1,9,0,10,10,2,1,0,0,1,0,0,0,0,2,1,2,2,2,20,4,1248,1,2,KIA PICANTO,10,E01004893,0,-1
2021170M11631,2021,170M11631,1,9,0,18,19,6,2,0,0,0,0,0,0,0,1,1,6,6,1,86,11,1086,1,14,KIA PICANTO,-1,-1,0,-1
2021131112909,2021,131112909,1,9,0,18,19,3,7,0,0,2,0,0,0,0,4,1,2,2,2,51,8,998,1,4,KIA PICANTO,3,E01011154,0,-1
2021010294594,2021,010294594,2,9,0,99,99,9,9,99,99,9,9,99,9,99,1,9,6,6,3,-1,-1,998,1,2,KIA PICANTO,-1,-1,0,-1
2021471075620,2021,471075620,1,9,0,18,19,5,1,0,0,0,0,0,0,0,1,1,5,6,2,88,11,1248,1,6,KIA PICANTO,4,E01031596,0,-1
2021031121172,2021,031121172,1,9,0,17,19,7,2,0,0,0,0,0,0,0,1,1,1,1,2,23,5,998,1,1,KIA PICANTO,6,E01025265,0,-1
2021471073566,2021,471073566,2,9,0,4,4,3,7,0,0,1,0,0,0,0,1,1,6,6,1,-1,-1,1248,1,4,KIA PICANTO,5,E01020951,0,-1
2021471065459,2021,471065459,2,9,0,18,19,2,6,0,0,0,0,0,1,0,1,1,5,6,2,59,9,998,1,8,KIA PICANTO,2,E01021179,0,-1
2021543899621,2021,543899621,2,9,0,2,2,0,0,0,0,0,0,10,1,0,2,1,6,6,1,40,7,999,1,14,KIA PICANTO,5,E01031898,0,-1
2021471127649,2021,471127649,3,9,0,2,2,0,0,0,0,0,0,0,0,0,2,1,6,6,3,-1,-1,998,1,6,KIA PICANTO,-1,-1,0,-1
2021302100021,2021,302100021,2,9,0,4,4,8,4,0,0,0,0,0,0,0,1,1,6,6,2,47,8,1086,1,15,KIA PICANTO,2,E01019799,0,-1
2021101040223,2021,101040223,2,9,0,18,19,1,5,0,0,0,0,0,0,0,1,1,5,6,2,20,4,998,1,1,KIA PICANTO,3,E01027541,0,-1
2021546524921,2021,546524921,2,9,0,2,2,0,0,0,0,0,0,0,0,0,2,1,6,6,2,69,10,998,1,2,KIA PICANTO,6,E01032109,0,-1
2021471073610,2021,471073610,2,9,0,9,9,2,6,0,0,0,0,0,0,0,3,1,5,6,2,57,9,1248,1,9,KIA PICANTO,8,E01004171,0,-1
2021320499121,2021,320499121,1,9,0,18,19,8,2,0,0,2,0,0,0,0,0,1,6,6,2,44,7,998,1,6,KIA PICANTO,8,E01032991,0,-1
2021070739217,2021,070739217,1,9,0,6,6,3,5,0,0,0,0,0,1,10,1,1,6,6,2,80,11,1248,1,3,KIA PICANTO,1,E01006052,0,-1
2021201023856,2021,201023856,3,9,0,2,2,0,0,9,9,2,0,0,0,0,4,1,6,6,2,58,9,998,1,2,KIA PICANTO,1,E01010283,0,-1
2021201073995,2021,201073995,2,9,-1,18,19,7,3,0,0,2,0,0,0,0,4,1,6,6,1,19,4,999,1,16,KIA PICANTO,1,E01010039,0,-1
2021302101368,2021,302101368,2,9,0,11,11,8,2,0,0,1,0,0,0,0,4,1,6,6,2,45,7,998,1,3,KIA PICANTO,-1,-1,0,-1
2021549395421,2021,549395421,3,9,0,4,4,1,5,0,0,1,0,0,0,0,2,1,6,6,2,54,8,1248,1,9,KIA PICANTO,10,E01031921,0,-1
2021122100469,2021,122100469,1,9,0,4,4,7,3,0,0,0,0,0,0,0,2,1,6,6,2,77,11,998,1,5,KIA PICANTO,9,E01013411,0,-1
2021010338667,2021,010338667,1,9,0,18,19,3,7,0,0,1,0,0,0,0,3,1,2,2,1,56,9,999,1,12,KIA PICANTO,3,E01000052,0,-1
2021161075052,2021,161075052,1,9,0,18,19,7,3,0,0,0,0,0,0,0,1,1,6,6,2,18,4,998,1,3,KIA PICANTO,-1,-1,0,-1
2021461091132,2021,461091132,1,9,0,18,19,8,4,0,0,0,0,0,0,0,1,1,6,6,2,65,9,998,1,6,KIA PICANTO,4,E01024533,0,-1
2021052100732,2021,052100732,2,9,0,3,3,7,1,0,0,1,0,0,0,0,2,1,6,6,2,30,6,999,1,15,KIA PICANTO,1,E01007296,0,-1
2021010317451,2021,010317451,2,9,0,18,19,6,2,0,0,0,0,0,0,0,1,1,2,2,2,24,5,1248,1,2,KIA PICANTO,1,E01001813,0,-1
202134WNC7401,2021,34WNC7401,2,9,0,3,3,1,5,0,0,0,0,0,0,6,4,1,6,6,1,36,7,998,1,0,KIA PICANTO,8,E01003355,0,-1
2021010348452,2021,010348452,2,9,0,18,19,4,8,9,9,6,1,0,7,0,3,1,2,2,2,59,9,998,1,2,KIA PICANTO,6,E01002332,0,-1
2021122200135,2021,122200135,1,9,0,18,19,8,4,0,0,0,0,0,0,0,4,1,6,6,1,57,9,998,1,4,KIA PICANTO,6,E01027720,0,-1
2021461057860,2021,461057860,2,9,0,18,19,7,3,0,0,1,0,0,7,4,1,1,6,6,1,18,4,1086,1,12,KIA PICANTO,8,E01023983,0,-1
2021430267100,2021,430267100,1,9,0,13,13,8,4,0,0,8,0,0,0,0,3,1,6,6,2,19,4,999,1,11,KIA PICANTO,10,E01017881,0,-1
2021010340226,2021,010340226,2,9,0,18,19,5,1,0,0,1,0,0,0,0,0,1,6,6,3,-1,-1,998,1,0,KIA PICANTO,-1,-1,0,-1
2021221119117,2021,221119117,1,9,0,7,7,7,8,0,0,4,0,0,0,0,1,1,6,6,1,73,10,998,1,6,KIA PICANTO,6,E01032188,0,-1
2021141022606,2021,141022606,2,9,0,18,19,1,5,0,0,0,0,0,0,0,1,1,6,6,2,-1,-1,1248,1,7,KIA PICANTO,8,E01007622,0,-1
2021031061417,2021,031061417,1,9,0,18,19,7,3,0,0,0,0,0,0,0,1,1,6,6,1,60,9,1248,1,5,KIA PICANTO,4,E01025149,0,-1
2021061036858,2021,061036858,1,9,0,5,5,1,7,0,0,0,0,0,0,0,2,1,6,6,2,56,9,998,1,9,KIA PICANTO,2,E01004798,0,-1
2021501027711,2021,501027711,1,9,0,16,19,3,7,0,0,0,1,0,0,0,1,1,2,2,1,46,8,998,1,9,KIA PICANTO,8,E01018792,0,-1
2021201148645,2021,201148645,2,9,0,5,5,5,2,0,0,1,0,0,0,0,4,1,2,2,2,-1,-1,998,1,2,KIA PICANTO,3,E01032536,0,-1
2021548352121,2021,548352121,2,9,0,4,4,6,2,0,0,0,0,0,0,0,2,1,6,6,2,57,9,998,1,0,KIA PICANTO,8,E01023176,0,-1
2021231128550,2021,231128550,1,9,0,17,19,2,7,0,0,0,2,0,7,9,1,1,6,6,2,17,4,999,1,12,KIA PICANTO,9,E01031129,0,-1
2021471053441,2021,471053441,2,9,0,18,19,3,7,0,0,1,0,0,0,0,3,1,5,6,2,70,10,998,1,4,KIA PICANTO,10,E01031713,0,-1
2021622100707,2021,622100707,1,9,0,6,6,4,4,0,0,0,0,0,0,0,3,1,6,6,2,19,4,999,1,11,KIA PICANTO,4,W01001709,0,-1
2021052100939,2021,052100939,1,9,0,7,7,1,3,0,0,1,0,0,0,0,0,1,6,6,2,52,8,998,1,3,KIA PICANTO,8,E01006581,0,-1
2021522105536,2021,522105536,2,9,0,7,7,5,7,0,0,8,0,0,0,0,3,1,6,6,2,30,6,1248,1,5,KIA PICANTO,-1,-1,0,-1
2021010307057,2021,010307057,1,9,0,2,2,0,0,0,0,1,0,0,0,0,2,1,6,6,3,-1,-1,1248,1,2,KIA PICANTO,-1,-1,0,-1
2021010312822,2021,010312822,1,9,0,99,99,9,9,99,99,9,9,99,9,99,2,9,6,6,2,34,6,1086,1,15,KIA PICANTO,2,E01001082,0,-1
2021461067523,2021,461067523,4,9,0,18,19,8,4,0,0,1,0,0,0,0,1,1,6,6,2,55,8,1248,1,4,KIA PICANTO,7,E01024572,0,-1
2021050134348,2021,050134348,1,9,0,3,3,4,8,0,0,1,0,0,0,0,1,1,6,6,1,-1,-1,998,1,7,KIA PICANTO,-1,-1,0,-1
2021471050546,2021,471050546,1,9,0,9,9,7,3,0,0,5,0,0,0,0,1,1,5,6,2,47,8,998,1,0,KIA PICANTO,8,E01030534,0,-1
2021201114474,2021,201114474,2,9,0,5,5,2,6,0,0,1,0,0,0,0,1,1,6,6,2,36,7,998,1,8,KIA PICANTO,4,E01032157,0,-1
2021552100697,2021,552100697,1,9,0,18,19,5,1,0,0,0,5,4,0,0,1,1,6,6,2,51,8,1248,1,5,KIA PICANTO,8,E01015350,0,-1
2021440481446,2021,440481446,1,9,0,4,4,8,4,0,0,2,0,0,0,0,2,1,3,7,2,43,7,1248,1,7,KIA PICANTO,7,E01017114,0,-1
2021041106638,2021,041106638,2,9,0,17,19,1,4,0,0,0,0,0,0,0,1,1,5,6,2,52,8,998,1,0,KIA PICANTO,9,E01025133,0,-1
2021221060876,2021,221060876,2,9,0,17,19,5,1,0,0,0,0,0,0,0,2,1,6,6,2,52,8,1248,1,2,KIA PICANTO,8,E01028887,0,-1
2021131035376,2021,131035376,2,9,0,18,19,5,5,0,0,0,0,0,0,0,0,1,6,6,2,28,6,998,1,4,KIA PICANTO,3,E01011137,0,-1
2021451096633,2021,451096633,2,9,0,9,9,3,7,0,0,8,0,0,0,0,3,1,1,1,2,56,9,1248,1,4,KIA PICANTO,10,E01030380,0,-1
2021991095662,2021,991095662,1,9,0,18,19,5,1,0,0,0,0,0,3,11,1,1,5,6,2,85,11,998,1,0,KIA PICANTO,9,-1,0,-1
2021471046177,2021,471046177,1,9,0,9,9,4,2,0,0,1,0,0,1,11,1,1,5,6,2,19,4,1086,1,16,KIA PICANTO,10,E01031822,0,-1
2021471027203,2021,471027203,1,9,0,9,9,1,7,0,0,2,0,0,0,0,3,1,5,6,1,79,11,999,1,14,KIA PICANTO,8,E01031780,0,-1
2021991047623,2021,991047623,2,9,0,18,19,5,1,0,0,1,1,0,0,0,1,1,1,1,1,61,9,1086,1,17,KIA PICANTO,2,-1,0,-1
2021161099125,2021,161099125,3,9,0,18,19,1,5,0,0,8,0,0,0,0,3,1,5,6,2,82,11,998,1,2,KIA PICANTO,6,E01013041,0,-1
202106L079139,2021,06L079139,2,9,0,18,19,5,1,0,0,8,0,0,0,0,1,1,6,6,2,30,6,999,1,12,KIA PICANTO,3,E01006408,0,-1
2021501086035,2021,501086035,1,9,0,15,15,3,7,0,0,0,0,0,0,0,1,1,2,2,2,28,6,998,1,8,KIA PICANTO,4,E01020055,0,-1
2021052102643,2021,052102643,1,9,0,16,19,5,1,0,0,0,0,0,0,0,1,1,6,6,1,49,8,1248,1,3,KIA PICANTO,3,E01007236,0,-1
202131B109821,2021,31B109821,1,9,0,18,19,1,5,0,0,2,0,0,0,0,1,1,6,6,1,74,10,998,1,7,KIA PICANTO,7,E01028289,0,-1
2021461124931,2021,461124931,1,9,0,18,19,3,7,0,0,0,1,0,0,0,3,1,6,6,2,57,9,1248,1,7,KIA PICANTO,5,E01024562,0,-1
2021351121330,2021,351121330,1,9,0,9,9,4,7,0,0,1,2,0,3,0,4,1,6,6,1,34,6,1248,1,6,KIA PICANTO,3,E01009604,0,-1
2021421036520,2021,421036520,2,9,0,18,19,5,1,0,0,1,5,0,0,0,4,1,6,6,2,18,4,998,1,5,KIA PICANTO,10,E01021805,0,-1
2021161052559,2021,161052559,2,9,0,18,19,4,8,0,0,8,0,0,0,0,1,1,6,6,1,74,10,998,1,9,KIA PICANTO,2,E01013315,0,-1
2021010298342,2021,010298342,1,9,9,99,99,9,9,0,0,0,9,0,0,99,2,9,2,2,1,50,8,1248,1,2,KIA PICANTO,2,E01015851,0,-1
2021440167316,2021,440167316,2,9,0,2,2,0,0,0,0,2,0,0,0,0,4,1,6,6,2,-1,-1,998,1,7,KIA PICANTO,-1,-1,0,-1
2021131034799,2021,131034799,1,9,0,9,9,1,3,0,0,5,0,0,0,0,1,1,5,6,2,85,11,1248,1,5,KIA PICANTO,7,E01010899,0,-1
2021440167633,2021,440167633,2,9,0,3,3,6,2,0,0,1,0,0,0,0,1,1,6,6,2,35,6,1086,1,12,KIA PICANTO,5,E01022656,0,-1
2021471012627,2021,471012627,2,9,0,16,19,7,2,0,0,0,0,0,0,0,1,1,5,6,2,60,9,999,1,11,KIA PICANTO,8,E01031642,0,-1
2021411139365,2021,411139365,2,9,0,16,19,8,4,0,0,0,0,0,0,0,2,1,2,2,1,42,7,1248,1,9,KIA PICANTO,6,E01017481,0,-1
2021010341820,2021,010341820,1,9,0,12,12,3,7,0,0,0,0,0,0,0,3,1,2,2,1,39,7,1248,1,5,KIA PICANTO,2,E01016153,0,-1
2021461099489,2021,461099489,1,9,0,18,19,7,3,0,0,0,0,0,0,0,1,1,5,6,2,-1,-1,1248,1,9,KIA PICANTO,2,E01024686,0,-1
2021131120091,2021,131120091,1,9,0,18,19,1,1,0,0,1,0,0,0,0,3,1,1,1,1,19,4,999,1,10,KIA PICANTO,2,E01010667,0,-1
2021522101430,2021,522101430,2,9,0,9,9,5,3,0,0,8,0,0,0,0,1,1,6,6,1,70,10,1086,1,17,KIA PICANTO,-1,-1,0,-1
2021520101631,2021,520101631,2,9,0,17,19,8,4,0,0,8,0,0,0,0,4,1,6,6,1,27,6,998,1,6,KIA PICANTO,4,E01029183,0,-1
2021010348250,2021,010348250,2,9,0,9,9,5,3,0,0,1,0,0,0,0,4,1,6,6,2,49,8,1086,1,11,KIA PICANTO,2,E01000548,0,-1
2021061108714,2021,061108714,1,9,0,18,19,2,6,0,0,1,0,0,0,0,1,1,5,6,2,30,6,998,1,0,KIA PICANTO,3,E01005704,0,-1
2021010300334,2021,010300334,1,9,0,18,19,5,1,0,0,1,1,0,0,0,1,1,6,6,2,43,7,998,1,9,KIA PICANTO,4,E01001148,0,-1
2021430478203,2021,430478203,2,9,0,18,19,3,7,0,0,0,0,0,0,0,2,1,6,6,2,25,5,998,1,4,KIA PICANTO,7,E01006918,0,-1
2021361056793,2021,361056793,1,9,0,-1,-1,-1,-1,-1,-1,0,-1,-1,-1,0,1,1,5,6,1,78,11,1086,1,10,KIA PICANTO,5,E01026767,0,-1
2021991112881,2021,991112881,1,9,0,2,2,0,0,0,0,1,0,0,0,0,0,1,5,6,1,69,10,1248,1,4,KIA PICANTO,6,-1,0,-1
2021010307633,2021,010307633,1,9,0,7,7,3,5,4,4,1,0,0,0,0,4,1,6,6,1,26,6,1248,1,4,KIA PICANTO,1,E01004382,0,-1
2021141051537,2021,141051537,2,9,0,9,9,3,5,0,0,6,0,0,0,0,2,1,5,6,2,26,6,1248,1,6,KIA PICANTO,6,E01007908,0,-1
2021010296173,2021,010296173,3,9,0,18,19,1,5,0,0,1,0,0,0,0,2,1,2,2,2,59,9,998,1,3,KIA PICANTO,8,E01000672,0,-1
2021122100136,2021,122100136,1,9,0,18,19,7,3,0,0,0,1,0,0,0,3,1,6,6,2,21,5,1086,1,13,KIA PICANTO,6,E01027560,0,-1
2021542956921,2021,542956921,1,9,0,17,19,3,4,0,0,0,1,0,2,10,4,1,6,6,1,40,7,999,1,12,KIA PICANTO,7,E01032116,0,-1
2021501062136,2021,501062136,1,9,0,18,19,7,3,0,0,0,5,0,1,0,1,1,5,6,2,20,4,1086,1,14,KIA PICANTO,4,E01018846,0,-1
2021440238481,2021,440238481,1,9,0,18,19,2,6,0,0,8,0,0,0,0,1,1,6,6,2,21,5,998,1,4,KIA PICANTO,6,E01031523,0,-1
2021141124783,2021,141124783,1,9,0,9,9,6,4,0,0,6,0,0,0,0,1,1,6,6,2,58,9,998,1,4,KIA PICANTO,5,E01007459,0,-1
2021622100031,2021,622100031,1,9,0,16,19,2,6,0,0,0,0,0,0,0,1,1,2,2,2,53,8,1248,1,3,KIA PICANTO,9,W01000778,0,-1
2021070623236,2021,070623236,2,9,0,4,4,5,1,0,0,4,1,0,0,0,2,1,2,2,2,48,8,998,1,6,KIA PICANTO,1,E01012546,0,-1
2021471067146,2021,471067146,1,9,0,9,9,5,3,0,0,8,0,11,0,0,1,1,2,2,1,18,4,999,1,11,KIA PICANTO,10,E01031383,0,-1
202134WNC0831,2021,34WNC0831,1,9,0,6,6,6,6,0,0,0,0,0,0,0,1,1,6,6,1,18,4,999,1,13,KIA PICANTO,2,E01027351,0,-1
2021451074659,2021,451074659,2,9,0,18,19,5,1,0,0,0,0,0,0,0,2,1,5,6,2,41,7,998,1,7,KIA PICANTO,5,E01016566,0,-1
2021501067917,2021,501067917,1,9,0,7,7,5,7,0,0,6,0,0,0,0,1,1,5,6,2,73,10,1086,1,16,KIA PICANTO,9,E01019998,0,-1
2021991065434,2021,991065434,1,9,0,16,19,4,7,0,0,0,0,0,0,0,1,1,5,6,2,53,8,1086,1,11,KIA PICANTO,7,-1,0,-1
2021201099044,2021,201099044,1,9,0,18,19,6,2,0,0,0,0,0,0,0,1,1,6,6,2,40,7,1086,1,15,KIA PICANTO,2,E01009980,0,-1
2021361080656,2021,361080656,2,9,0,4,4,5,1,0,0,0,0,0,0,0,2,1,2,2,2,19,4,1086,1,11,KIA PICANTO,10,E01026915,0,-1
2021041101608,2021,041101608,2,9,0,18,19,4,8,0,0,0,0,0,0,0,2,1,5,6,2,80,11,1086,1,11,KIA PICANTO,4,E01025300,0,-1
2021201149479,2021,201149479,1,9,0,5,5,6,2,0,0,0,0,0,0,0,1,1,6,6,2,23,5,1086,1,11,KIA PICANTO,1,E01009200,0,-1
2021010331480,2021,010331480,2,9,0,99,99,9,9,99,99,9,9,99,9,99,9,9,6,6,3,58,9,998,1,1,KIA PICANTO,7,E01003800,0,-1
2021010309538,2021,010309538,2,9,0,99,99,9,9,99,99,9,9,99,9,99,1,9,6,6,3,-1,-1,998,1,0,KIA PICANTO,-1,-1,0,-1
2021041072074,2021,041072074,3,9,0,3,3,4,8,0,0,1,0,0,0,0,2,1,5,6,2,61,9,1248,1,3,KIA PICANTO,9,E01025551,0,-1
2021371036225,2021,371036225,1,9,0,18,19,3,7,0,0,8,0,0,0,0,1,1,6,6,1,-1,-1,1248,1,3,KIA PICANTO,5,E01030001,0,-1
2021052100598,2021,052100598,1,9,0,18,19,6,2,0,0,0,0,0,0,0,1,1,6,6,2,78,11,1248,1,8,KIA PICANTO,4,E01007001,0,-1
2021010329491,2021,010329491,2,9,0,9,9,5,3,0,0,1,0,0,0,0,2,1,6,6,2,64,9,998,1,5,KIA PICANTO,8,E01001470,0,-1
2021531066173,2021,531066173,1,9,0,18,19,-1,-1,0,0,1,0,0,0,0,1,1,6,6,2,20,4,1086,1,15,KIA PICANTO,3,E01022157,0,-1
2021461061935,2021,461061935,2,9,0,9,9,7,5,0,0,5,0,0,0,0,1,1,5,6,2,54,8,1248,1,10,KIA PICANTO,8,E01024761,0,-1
2021201034648,2021,201034648,1,9,0,9,9,2,8,0,0,5,0,0,0,0,1,1,6,6,1,17,4,999,1,12,KIA PICANTO,8,E01009722,0,-1
2021351068554,2021,351068554,1,9,0,18,19,3,7,0,0,1,0,0,0,0,4,1,6,6,2,19,4,998,1,10,KIA PICANTO,5,E01018212,0,-1
2021501086049,2021,501086049,2,9,0,18,19,1,5,0,0,0,1,0,0,0,1,1,6,6,1,64,9,998,1,3,KIA PICANTO,3,E01018978,0,-1
2021440349338,2021,440349338,1,9,0,18,19,7,3,0,0,4,0,0,0,0,1,1,6,6,1,90,11,999,1,12,KIA PICANTO,5,E01022656,0,-1
2021461108840,2021,461108840,2,9,0,18,19,7,3,0,0,1,0,0,0,0,3,1,6,6,2,59,9,998,1,0,KIA PICANTO,4,E01024231,0,-1