collision_index,collision_year,collision_ref_no,vehicle_reference,vehicle_type,towing_and_articulation,vehicle_manoeuvre_historic,vehicle_manoeuvre,vehicle_direction_from,vehicle_direction_to,vehicle_location_restricted_lane_historic,vehicle_location_restricted_lane,junction_location,skidding_and_overturning,hit_object_in_carriageway,vehicle_leaving_carriageway,hit_object_off_carriageway,first_point_of_impact,vehicle_left_hand_drive,journey_purpose_of_driver_historic,journey_purpose_of_driver,sex_of_driver,age_of_driver,age_band_of_driver,engine_capacity_cc,propulsion_code,age_of_vehicle,generic_make_model,driver_imd_decile,lsoa_of_driver,escooter_flag,driver_distance_banding
2021010331324,2021,010331324,1,9,0,18,19,7,3,0,0,8,0,0,0,0,4,1,6,6,1,43,7,1586,1,10,SUZUKI SX4,4,E01001711,0,-1
2021131067316,2021,131067316,1,9,0,17,19,1,3,0,0,8,0,0,0,0,1,1,5,6,2,32,6,1586,1,6,SUZUKI SX4,7,E01010641,0,-1
2021010338161,2021,010338161,1,9,0,99,99,9,9,99,99,9,9,99,9,99,2,9,6,6,2,37,7,1586,1,6,SUZUKI SX4,6,E01002200,0,-1
2021070532854,2021,070532854,3,9,0,16,19,3,7,0,0,1,0,0,0,0,2,1,2,2,1,53,8,1586,1,10,SUZUKI SX4,9,E01025611,0,-1
2021552101089,2021,552101089,1,9,0,9,9,7,6,0,0,5,0,0,0,0,1,1,6,6,2,45,7,1586,1,15,SUZUKI SX4,3,E01015381,0,-1
2021552100299,2021,552100299,2,9,0,3,3,2,4,0,0,4,0,0,0,0,2,1,6,6,2,29,6,1586,1,15,SUZUKI SX4,5,E01015444,0,-1
202163D091321,2021,63D091321,2,9,0,18,19,6,2,0,0,0,0,0,1,10,3,1,6,6,1,36,7,1586,1,7,SUZUKI SX4,3,E01004391,0,-1
2021052102726,2021,052102726,2,9,0,17,19,1,6,0,0,8,0,0,0,0,1,1,6,6,2,54,8,1586,1,13,SUZUKI SX4,1,E01006957,0,-1
2021161029240,2021,161029240,1,9,0,18,19,3,7,0,0,8,0,0,0,0,2,1,6,6,2,-1,-1,1586,1,5,SUZUKI SX4,1,E01012880,0,-1
2021010287921,2021,010287921,2,9,0,2,2,0,0,0,0,1,0,0,0,0,2,1,6,6,3,-1,-1,1586,1,10,SUZUKI SX4,-1,-1,0,-1
2021070561366,2021,070561366,1,9,0,11,11,2,5,0,0,8,0,0,0,0,1,1,6,6,2,72,10,1560,2,12,SUZUKI SX4,2,E01012536,0,-1
2021440205514,2021,440205514,2,9,0,4,4,2,6,0,0,0,0,0,0,0,2,1,6,6,2,31,6,1598,2,7,SUZUKI SX4,7,E01022737,0,-1
2021411026441,2021,411026441,2,9,0,4,4,5,1,0,0,5,0,0,0,0,1,1,5,6,2,48,8,1586,1,8,SUZUKI SX4,3,E01023954,0,-1
2021010354414,2021,010354414,2,9,0,99,99,9,9,99,99,9,9,99,9,99,1,9,6,6,3,-1,-1,1586,1,7,SUZUKI SX4,2,E01000152,0,-1
2021010315302,2021,010315302,2,9,9,99,99,9,9,99,99,9,9,99,9,99,9,9,6,6,3,-1,-1,1586,1,14,SUZUKI SX4,-1,-1,0,-1
2021622100058,2021,622100058,1,9,0,18,19,4,8,0,0,1,5,7,0,0,1,1,6,6,2,51,8,998,1,2,SUZUKI SX4,1,W01000935,0,-1
2021440308640,2021,440308640,2,9,0,18,19,3,7,0,0,1,0,0,7,4,1,1,2,2,2,51,8,1373,1,4,SUZUKI SX4,8,E01031993,0,-1
2021131080887,2021,131080887,2,9,0,18,19,5,1,0,0,0,0,0,0,0,2,1,2,2,1,27,6,1586,1,7,SUZUKI SX4,6,E01010909,0,-1
202163A087321,2021,63A087321,2,9,0,18,19,6,3,0,0,8,0,0,0,0,4,1,6,6,1,59,9,1598,2,3,SUZUKI SX4,8,W01000704,0,-1
2021061106330,2021,061106330,1,9,0,18,19,1,4,0,0,8,0,10,7,5,1,1,6,6,2,55,8,1586,1,9,SUZUKI SX4,6,E01005973,0,-1
2021501086887,2021,501086887,2,9,0,18,19,5,1,0,0,8,0,0,0,0,1,1,5,6,1,24,5,998,1,2,SUZUKI SX4,8,W01001505,0,-1
2021010318020,2021,010318020,2,9,0,99,99,9,9,99,99,9,9,99,9,99,9,9,6,6,3,-1,-1,1373,1,1,SUZUKI SX4,-1,-1,0,-1
2021430263199,2021,430263199,2,9,0,3,3,7,3,0,0,1,0,0,0,0,1,1,6,6,2,50,8,1590,1,10,SUZUKI SX4,4,E01016772,0,-1
2021421111724,2021,421111724,2,9,0,9,9,7,8,0,0,8,0,0,0,0,1,1,2,2,1,40,7,1586,1,7,SUZUKI SX4,6,E01021668,0,-1
2021471086451,2021,471086451,2,9,0,18,19,2,6,0,0,1,0,0,0,0,4,1,5,6,2,47,8,1590,1,14,SUZUKI SX4,5,E01021011,0,-1
2021991026204,2021,991026204,1,9,0,18,19,1,5,0,0,0,0,0,1,11,1,1,5,6,1,40,7,1598,2,5,SUZUKI SX4,8,-1,0,-1
2021061097387,2021,061097387,1,9,0,9,9,4,2,0,0,1,0,0,0,0,1,1,5,6,2,30,6,1586,1,10,SUZUKI SX4,9,E01005055,0,-1
2021010296768,2021,010296768,2,9,0,99,99,9,9,99,99,9,9,99,9,99,1,9,6,6,2,48,8,1586,1,10,SUZUKI SX4,2,E01032720,0,-1
202131B186421,2021,31B186421,3,9,0,18,19,3,7,0,0,0,0,0,0,0,1,1,6,6,2,35,6,1586,1,8,SUZUKI SX4,5,E01007608,0,-1
2021010353903,2021,010353903,3,9,0,2,2,0,0,0,0,0,0,0,0,0,0,1,6,6,3,-1,-1,1586,1,7,SUZUKI SX4,-1,-1,0,-1
2021010353903,2021,010353903,2,9,0,18,19,2,6,0,0,0,0,0,0,0,4,1,6,6,1,45,7,1586,1,15,SUZUKI SX4,3,E01001493,0,-1
2021070819609,2021,070819609,1,9,0,9,9,1,7,0,0,5,0,0,0,0,1,1,6,6,1,81,11,998,1,4,SUZUKI SX4,5,E01018480,0,-1
202154A423021,2021,54A423021,2,9,0,4,4,8,4,0,0,1,0,0,0,0,2,1,6,6,1,59,9,1560,2,11,SUZUKI SX4,4,E01015511,0,-1
2021610058221,2021,610058221,2,9,0,2,2,0,0,0,0,0,0,0,0,0,3,1,6,6,1,-1,-1,1586,1,13,SUZUKI SX4,4,W01001411,0,-1
2021440494701,2021,440494701,1,9,0,9,9,2,6,0,0,8,0,0,7,0,1,1,6,6,2,89,11,998,1,4,SUZUKI SX4,9,E01023003,0,-1
2021991108497,2021,991108497,3,9,0,4,4,8,4,0,0,0,1,0,1,0,2,1,6,6,2,42,7,1586,1,7,SUZUKI SX4,5,-1,0,-1
2021201132987,2021,201132987,1,9,0,18,19,6,2,0,0,0,0,0,0,0,1,1,6,6,1,34,6,1586,1,15,SUZUKI SX4,7,E01032820,0,-1
2021161019379,2021,161019379,1,9,0,7,7,1,2,0,0,4,0,0,0,0,3,1,5,6,2,60,9,1586,1,11,SUZUKI SX4,5,E01012824,0,-1
2021010313882,2021,010313882,1,9,0,99,99,9,9,99,99,0,9,99,9,99,2,9,6,6,2,52,8,1586,1,7,SUZUKI SX4,2,E01004004,0,-1
2021010344895,2021,010344895,1,9,0,9,9,5,2,0,0,1,0,0,0,0,1,1,3,7,2,38,7,1586,1,13,SUZUKI SX4,2,E01003912,0,-1
2021161043502,2021,161043502,2,9,0,18,19,3,7,0,0,1,0,0,0,0,1,1,6,6,1,55,8,998,1,2,SUZUKI SX4,1,E01012780,0,-1
2021061074009,2021,061074009,2,9,0,3,3,3,7,0,0,1,0,0,0,0,2,1,5,6,2,65,9,998,1,5,SUZUKI SX4,5,E01005025,0,-1
2021131042716,2021,131042716,1,9,0,18,19,8,4,0,0,8,1,0,0,0,4,1,6,6,1,29,6,1560,2,12,SUZUKI SX4,4,E01011678,0,-1
2021501018587,2021,501018587,2,9,0,18,19,2,6,0,0,8,0,0,0,0,2,1,6,6,2,46,8,1598,2,7,SUZUKI SX4,5,E01019039,0,-1
2021041043285,2021,041043285,1,9,0,9,9,1,1,0,0,1,0,11,3,0,1,1,2,2,2,56,9,1586,1,12,SUZUKI SX4,5,E01025128,0,-1
2021010295822,2021,010295822,1,9,0,18,19,1,5,0,0,8,0,0,0,0,3,1,2,2,2,65,9,1586,1,14,SUZUKI SX4,4,E01004015,0,-1
2021031025189,2021,031025189,1,9,0,18,19,3,7,0,0,0,0,0,1,11,1,1,5,6,1,29,6,1586,1,14,SUZUKI SX4,1,E01019267,0,-1
2021061026912,2021,061026912,1,9,0,18,19,6,2,0,0,8,0,0,0,0,1,1,6,6,1,75,10,1586,1,5,SUZUKI SX4,10,E01005748,0,-1
2021471026123,2021,471026123,2,9,0,18,19,4,8,0,0,8,0,0,0,0,4,1,5,6,1,59,9,998,1,4,SUZUKI SX4,1,E01016885,0,-1
2021991107445,2021,991107445,1,9,0,18,19,7,3,0,0,0,0,0,0,0,1,1,5,6,2,61,9,1586,1,6,SUZUKI SX4,2,-1,0,-1
2021010307947,2021,010307947,2,9,0,99,99,9,9,99,99,9,9,99,9,99,2,9,6,6,1,25,5,1586,1,7,SUZUKI SX4,2,E01001802,0,-1
2021170S31961,2021,170S31961,2,9,0,18,19,4,8,0,0,1,0,0,0,0,1,1,6,6,2,70,10,1586,1,5,SUZUKI SX4,3,E01012289,0,-1
2021302101917,2021,302101917,2,9,0,16,19,8,2,0,0,0,0,0,0,0,1,1,6,6,2,44,7,1586,1,14,SUZUKI SX4,7,E01019460,0,-1
2021010346049,2021,010346049,1,9,0,9,9,3,1,0,0,6,0,0,0,0,0,1,6,6,2,22,5,1586,1,7,SUZUKI SX4,3,E01002503,0,-1
2021070254428,2021,070254428,2,9,0,2,2,0,0,9,9,1,0,0,0,0,0,1,6,6,2,-1,-1,1586,1,12,SUZUKI SX4,4,E01018624,0,-1
202131A151321,2021,31A151321,1,9,0,18,19,6,2,0,0,2,0,10,7,11,1,1,1,1,2,63,9,1586,1,11,SUZUKI SX4,5,E01027975,0,-1
2021131041338,2021,131041338,1,9,0,12,12,5,1,0,0,0,1,0,0,0,1,1,6,6,1,34,6,1586,1,15,SUZUKI SX4,8,E01011707,0,-1
2021041028366,2021,041028366,1,9,0,18,19,1,5,0,0,8,0,11,0,0,1,1,1,1,1,58,9,1598,2,7,SUZUKI SX4,-1,-1,0,-1
2021501040752,2021,501040752,4,9,0,4,4,3,7,0,0,0,1,0,0,0,2,1,6,6,2,32,6,1586,1,5,SUZUKI SX4,1,E01015146,0,-1
2021371119231,2021,371119231,1,9,0,1,1,8,4,9,9,0,0,0,0,0,2,1,5,6,2,52,8,998,1,4,SUZUKI SX4,8,E01029890,0,-1
2021421127192,2021,421127192,2,9,0,18,19,7,3,0,0,3,0,0,0,0,2,1,5,6,2,32,6,1598,2,5,SUZUKI SX4,2,E01021268,0,-1
2021221053468,2021,221053468,2,9,0,16,19,3,6,0,0,8,0,0,0,0,1,1,5,6,2,47,8,1586,1,14,SUZUKI SX4,-1,-1,0,-1
2021471033505,2021,471033505,1,9,0,5,5,3,7,0,0,0,0,0,0,0,1,1,6,6,2,-1,-1,1586,1,6,SUZUKI SX4,-1,-1,0,-1
2021010293596,2021,010293596,2,9,0,2,2,0,0,0,0,0,0,0,0,0,4,1,6,6,3,-1,-1,998,1,2,SUZUKI SX4,-1,-1,0,-1
2021430321107,2021,430321107,1,9,0,18,19,4,8,0,0,0,0,0,0,0,1,1,6,6,1,-1,-1,1586,1,6,SUZUKI SX4,-1,-1,0,-1
2021141079330,2021,141079330,3,9,0,18,19,5,1,0,0,0,0,0,0,0,2,1,5,6,1,75,10,1586,1,7,SUZUKI SX4,7,E01010775,0,-1
2021010335379,2021,010335379,1,9,0,18,19,1,5,0,0,1,0,0,0,0,1,1,2,2,2,58,9,1586,1,14,SUZUKI SX4,10,E01000839,0,-1
2021161104380,2021,161104380,1,9,0,18,19,1,5,0,0,1,0,0,0,0,1,1,6,6,1,63,9,998,1,3,SUZUKI SX4,3,E01013282,0,-1
202106F080180,2021,06F080180,3,9,0,10,10,3,7,0,0,1,0,0,0,0,3,1,6,6,1,28,6,1586,1,5,SUZUKI SX4,1,E01005947,0,-1
2021141019400,2021,141019400,1,9,0,17,19,1,3,0,0,0,0,0,0,0,1,2,2,2,2,48,8,1586,1,10,SUZUKI SX4,2,E01011862,0,-1
2021010297666,2021,010297666,1,9,0,99,99,9,9,99,99,9,9,99,9,99,9,9,6,6,1,47,8,1586,1,15,SUZUKI SX4,7,E01001593,0,-1
2021131107190,2021,131107190,1,9,0,5,5,5,1,0,0,6,0,0,0,0,1,1,3,7,2,34,6,1586,1,15,SUZUKI SX4,4,E01010763,0,-1
202134WNC6391,2021,34WNC6391,2,9,0,18,19,1,5,0,0,8,1,0,0,0,3,1,2,2,2,57,9,1586,1,9,SUZUKI SX4,5,E01027176,0,-1
2021010308844,2021,010308844,1,9,0,99,99,9,9,99,99,0,9,99,9,99,9,9,6,6,1,43,7,1586,1,13,SUZUKI SX4,4,E01004643,0,-1
2021320660192,2021,320660192,1,9,4,13,13,5,1,0,0,0,0,0,0,0,0,1,6,6,1,74,10,1586,1,7,SUZUKI SX4,2,E01026111,0,-1
2021501111510,2021,501111510,1,9,0,18,19,7,3,0,0,0,0,0,0,0,1,1,1,1,1,58,9,998,1,4,SUZUKI SX4,10,E01014454,0,-1
2021451057630,2021,451057630,1,9,0,18,19,5,1,0,0,0,1,0,1,4,4,1,5,6,2,34,6,1490,1,12,SUZUKI SX4,2,E01023119,0,-1
2021461047163,2021,461047163,1,9,0,11,11,3,7,0,0,0,0,0,0,0,3,1,6,6,1,60,9,1598,2,6,SUZUKI SX4,10,E01024068,0,-1
2021371107380,2021,371107380,1,9,0,5,5,7,2,0,0,8,0,0,0,0,1,1,5,6,2,74,10,998,1,4,SUZUKI SX4,4,E01030201,0,-1
2021131099362,2021,131099362,1,9,0,18,19,4,8,0,0,0,0,0,0,0,1,1,5,6,2,32,6,1586,1,6,SUZUKI SX4,4,E01010669,0,-1
202134NNC3221,2021,34NNC3221,2,9,0,10,10,1,5,0,0,1,0,0,0,0,1,1,2,2,1,62,9,1586,1,13,SUZUKI SX4,2,E01027128,0,-1
2021141117603,2021,141117603,3,9,0,2,2,0,0,0,0,1,0,0,0,0,1,1,5,6,1,40,7,998,1,3,SUZUKI SX4,1,E01007568,0,-1
2021141030971,2021,141030971,1,9,0,4,4,2,6,0,0,0,0,0,0,0,1,1,6,6,1,59,9,1586,1,14,SUZUKI SX4,2,E01008029,0,-1
2021440479317,2021,440479317,2,9,0,18,19,8,4,0,0,8,0,0,0,0,3,1,6,6,1,30,6,1586,1,8,SUZUKI SX4,5,E01032698,0,-1
2021221068125,2021,221068125,2,9,0,9,9,2,8,0,0,0,0,0,0,0,3,1,6,6,2,52,8,1598,2,7,SUZUKI SX4,7,E01028988,0,-1
2021991027879,2021,991027879,1,9,0,18,19,8,4,0,0,0,0,0,0,0,1,1,6,6,2,76,11,1598,2,7,SUZUKI SX4,8,-1,0,-1
2021411067517,2021,411067517,3,9,0,3,3,5,1,0,0,0,0,0,0,0,2,1,5,6,1,42,7,1586,1,9,SUZUKI SX4,10,E01023497,0,-1
2021122101329,2021,122101329,3,9,0,4,4,5,1,0,0,1,0,0,0,0,4,1,6,6,2,32,6,1586,1,9,SUZUKI SX4,1,E01010650,0,-1
2021010316643,2021,010316643,3,9,0,2,2,0,0,0,0,0,0,0,0,0,2,1,6,6,3,-1,-1,1586,1,6,SUZUKI SX4,-1,-1,0,-1
2021471058615,2021,471058615,1,9,0,18,19,5,1,0,0,8,0,0,0,0,1,1,5,6,2,24,5,1586,1,14,SUZUKI SX4,2,E01031779,0,-1
202154A547221,2021,54A547221,1,9,0,18,19,7,3,0,0,8,0,0,0,0,1,1,2,2,2,40,7,1586,1,10,SUZUKI SX4,8,E01032712,0,-1
2021622100418,2021,622100418,1,9,0,9,9,4,2,0,0,6,0,0,0,0,3,1,6,6,2,54,8,998,1,3,SUZUKI SX4,6,W01001840,0,-1
2021101078806,2021,101078806,1,9,0,9,9,7,1,0,0,8,0,0,0,0,1,1,5,6,2,65,9,1586,1,13,SUZUKI SX4,3,E01008851,0,-1
2021320139157,2021,320139157,1,9,0,8,8,3,7,0,0,8,0,0,1,0,3,1,6,6,2,33,6,1586,1,13,SUZUKI SX4,-1,-1,0,-1
2021371049684,2021,371049684,1,9,0,18,19,5,1,0,0,0,0,0,0,0,1,1,2,2,2,48,8,1586,1,7,SUZUKI SX4,6,E01030068,0,-1
2021122100271,2021,122100271,1,9,0,5,5,5,1,0,0,4,0,0,0,0,1,1,6,6,1,69,10,998,1,4,SUZUKI SX4,10,E01013375,0,-1
2021201090521,2021,201090521,1,9,0,18,19,2,6,0,0,6,0,0,0,0,1,1,6,6,2,50,8,1586,1,8,SUZUKI SX4,1,E01009332,0,-1
202163D101421,2021,63D101421,1,9,0,18,19,7,3,0,0,0,1,0,2,10,4,1,6,6,2,49,8,1586,1,10,SUZUKI SX4,8,W01001563,0,-1
2021111117499,2021,111117499,1,9,0,18,19,5,1,0,0,0,0,0,1,0,1,1,5,6,1,49,8,1373,8,0,SUZUKI SX4,7,E01033177,0,-1
2021101088053,2021,101088053,1,9,0,18,19,3,7,0,0,0,0,0,0,0,2,1,6,6,1,84,11,1586,1,6,SUZUKI SX4,8,E01020595,0,-1
2021320200209,2021,320200209,3,9,0,10,10,1,6,0,0,1,0,0,0,0,2,1,6,6,2,33,6,1598,2,7,SUZUKI SX4,-1,-1,0,-1
2021371063912,2021,371063912,2,9,0,4,4,3,8,0,0,0,0,0,0,0,3,1,5,6,1,74,10,998,1,4,SUZUKI SX4,5,E01030241,0,-1
2021471089031,2021,471089031,2,5,0,18,19,3,7,0,0,1,0,0,0,0,1,1,6,6,1,55,8,1783,1,14,-1,6,E01029028,0,-1
2021302101744,2021,302101744,2,5,0,18,19,8,4,0,0,5,0,0,0,0,2,1,2,2,1,47,8,1783,1,5,-1,-1,-1,0,-1
2021440156749,2021,440156749,2,5,0,18,19,8,4,0,0,8,0,0,0,0,1,1,6,6,1,57,9,1783,1,8,-1,2,E01016295,0,-1
2021320588975,2021,320588975,1,5,0,13,13,6,2,0,0,0,2,0,7,9,1,1,6,6,1,38,7,1783,1,14,-1,5,E01028341,0,-1
2021991143799,2021,991143799,1,5,0,13,13,8,4,0,0,0,0,0,0,0,1,1,5,6,1,32,6,1783,1,12,-1,4,-1,0,-1
2021421033325,2021,421033325,2,9,0,5,5,1,3,0,0,8,0,0,0,0,1,1,6,6,1,40,7,2497,8,0,-1,-1,-1,0,-1
2021430423767,2021,430423767,1,19,0,18,19,5,1,0,0,0,0,0,0,0,3,1,6,6,1,72,10,-1,-1,-1,-1,5,E01029152,0,-1
2021430222355,2021,430222355,2,9,0,18,19,4,8,0,0,0,0,0,0,0,3,1,6,6,1,60,9,2000,1,47,-1,4,E01001739,0,-1
2021302100390,2021,302100390,2,9,0,18,19,5,2,0,0,0,0,0,0,0,3,1,6,6,1,60,9,1970,1,24,-1,5,E01019532,0,-1
2021451053213,2021,451053213,2,9,0,18,19,5,1,0,0,1,0,0,0,0,3,1,2,2,1,67,10,1970,1,22,-1,6,E01002005,0,-1
2021070191011,2021,070191011,1,9,0,18,19,4,7,0,0,1,0,0,0,0,4,1,2,2,1,54,8,2000,1,24,-1,6,E01018481,0,-1
2021401103756,2021,401103756,1,9,0,13,13,1,5,9,9,0,0,0,0,0,1,1,6,6,1,21,5,1498,1,0,AUDI Q2,2,E01015749,0,-1
2021010319433,2021,010319433,1,9,0,18,19,5,1,0,0,0,5,0,1,2,4,1,6,6,1,41,7,1598,2,3,AUDI Q2,6,E01001519,0,-1
2021010287314,2021,010287314,1,9,0,99,99,9,9,99,99,9,9,99,9,99,2,9,6,6,1,23,5,1598,2,2,AUDI Q2,3,E01033583,0,-1
2021471082591,2021,471082591,1,9,0,18,19,1,5,0,0,0,5,4,0,0,1,1,5,6,2,36,7,1395,1,3,AUDI Q2,3,E01031372,0,-1
2021421106892,2021,421106892,2,9,0,5,5,8,5,0,0,4,0,0,0,0,3,1,5,6,2,21,5,1598,2,2,AUDI Q2,7,E01021832,0,-1
2021991062376,2021,991062376,3,9,0,10,10,1,7,0,0,0,0,0,0,0,2,1,5,6,1,22,5,1598,2,4,AUDI Q2,7,-1,0,-1
2021010306580,2021,010306580,2,9,0,9,9,7,5,0,0,1,0,0,0,0,1,1,6,6,2,18,4,1598,2,1,AUDI Q2,2,E01000603,0,-1
2021201075311,2021,201075311,1,9,0,18,19,4,2,0,0,8,0,0,0,0,1,1,1,1,1,22,5,1598,2,2,AUDI Q2,5,E01009939,0,-1
2021052100420,2021,052100420,1,9,0,18,19,7,3,0,0,0,0,0,7,5,1,1,6,6,2,45,7,999,1,1,AUDI Q2,1,E01007228,0,-1
2021010341336,2021,010341336,1,9,0,99,99,9,9,99,99,9,9,99,9,99,9,9,6,6,2,30,6,999,1,2,AUDI Q2,6,E01031604,0,-1
2021010318154,2021,010318154,1,9,0,99,99,9,9,99,99,9,9,99,9,99,2,9,6,6,2,43,7,999,1,3,AUDI Q2,7,E01023556,0,-1
2021041082159,2021,041082159,2,9,0,4,4,3,7,0,0,0,0,0,0,0,2,1,5,6,1,24,5,1598,2,4,AUDI Q2,1,E01025298,0,-1
2021411150793,2021,411150793,2,9,0,18,19,8,3,0,0,0,1,0,0,0,1,1,5,6,1,31,6,999,1,4,AUDI Q2,10,E01023482,0,-1
2021010339501,2021,010339501,2,9,0,6,6,5,5,0,0,8,0,0,0,0,3,1,6,6,1,27,6,1598,2,2,AUDI Q2,6,E01004724,0,-1
2021041195091,2021,041195091,1,9,0,9,9,6,2,0,0,0,0,11,0,0,3,1,2,2,2,52,8,1598,2,4,AUDI Q2,8,E01004806,0,-1
2021010343098,2021,010343098,2,9,0,99,99,9,9,99,99,9,9,99,9,99,1,9,6,6,3,-1,-1,999,1,3,AUDI Q2,-1,-1,0,-1
2021131125615,2021,131125615,2,9,0,18,19,5,1,0,0,0,0,0,0,0,1,2,6,6,1,41,7,1598,2,1,AUDI Q2,1,E01010734,0,-1
2021010331284,2021,010331284,1,9,0,9,9,3,8,0,0,5,0,0,0,0,1,1,6,6,2,23,5,1395,1,4,AUDI Q2,5,E01033345,0,-1
2021010312252,2021,010312252,2,9,0,5,5,1,5,0,0,8,0,0,0,0,1,1,6,6,1,26,6,1498,1,2,AUDI Q2,-1,-1,0,-1
2021010335312,2021,010335312,1,9,0,18,19,4,8,0,0,1,0,0,0,0,4,1,6,6,2,24,5,1498,1,0,AUDI Q2,8,E01004587,0,-1
2021010321654,2021,010321654,1,9,0,6,6,7,7,0,0,0,0,0,0,0,1,1,6,6,2,20,4,1598,2,1,AUDI Q2,6,E01004714,0,-1
2021461083949,2021,461083949,1,9,0,17,19,3,7,0,0,0,5,0,0,0,1,1,5,6,1,18,4,1598,2,1,AUDI Q2,2,E01004237,0,-1
2021471063983,2021,471063983,3,9,0,9,9,1,8,0,0,5,0,0,0,0,0,1,5,6,2,33,6,1395,1,3,AUDI Q2,8,E01030422,0,-1
2021201125801,2021,201125801,1,9,0,5,5,2,6,0,0,1,0,0,0,0,1,1,2,2,1,25,5,1968,2,0,AUDI Q2,1,E01009367,0,-1
2021461106504,2021,461106504,1,9,0,3,3,1,5,0,0,0,0,0,0,0,1,1,5,6,1,17,4,999,1,0,AUDI Q2,7,E01024422,0,-1
2021201105632,2021,201105632,2,9,0,18,19,7,3,0,0,2,0,0,0,0,3,1,6,6,1,20,4,1598,2,1,AUDI Q2,1,E01009197,0,-1
2021010318726,2021,010318726,2,9,0,5,5,1,5,0,0,6,0,0,0,0,3,1,6,6,3,-1,-1,1598,2,1,AUDI Q2,-1,-1,0,-1
2021010313239,2021,010313239,1,9,0,99,99,9,9,99,99,9,9,99,9,99,2,9,6,6,2,21,5,1498,1,0,AUDI Q2,10,E01023749,0,-1
2021141067172,2021,141067172,2,9,0,18,19,5,1,0,0,8,0,0,0,0,1,1,5,6,1,19,4,999,1,1,AUDI Q2,1,E01008065,0,-1
2021131055029,2021,131055029,2,9,0,9,9,6,4,0,0,5,0,0,0,0,3,1,6,6,1,21,5,999,1,2,AUDI Q2,-1,-1,0,-1
2021546953621,2021,546953621,2,9,0,4,4,4,8,0,0,4,0,0,0,0,2,1,6,6,1,22,5,999,1,2,AUDI Q2,10,E01031906,0,-1
2021010338232,2021,010338232,2,9,0,14,14,3,7,0,0,0,0,0,0,0,3,1,6,6,2,26,6,1395,1,4,AUDI Q2,2,E01001745,0,-1
2021440133800,2021,440133800,1,9,0,18,19,1,5,0,0,8,0,0,0,0,3,1,6,6,2,29,6,999,1,3,AUDI Q2,10,E01022763,0,-1
2021531072080,2021,531072080,2,9,0,17,19,5,1,0,0,0,0,0,0,0,3,1,5,6,2,41,7,1395,1,3,AUDI Q2,9,E01031958,0,-1
2021471053205,2021,471053205,1,9,0,9,9,7,5,0,0,1,0,0,0,0,3,1,1,1,1,53,8,1498,1,0,AUDI Q2,6,E01031586,0,-1
2021010319662,2021,010319662,3,9,0,2,2,0,0,0,0,1,0,0,0,0,3,1,6,6,3,-1,-1,999,1,1,AUDI Q2,-1,-1,0,-1
2021302101364,2021,302101364,2,9,0,18,19,4,8,0,0,8,0,0,0,0,1,1,6,6,1,20,4,999,1,1,AUDI Q2,1,E01013487,0,-1
2021501116025,2021,501116025,2,9,0,1,1,3,8,0,0,-1,0,0,0,0,2,1,3,7,2,46,8,1498,1,0,AUDI Q2,6,E01018752,0,-1
2021501096043,2021,501096043,2,9,0,17,19,5,1,0,0,0,0,0,0,0,1,1,5,6,1,57,9,1498,1,2,AUDI Q2,7,E01028713,0,-1
2021430238299,2021,430238299,1,9,0,18,19,4,8,0,0,8,0,0,0,0,2,1,6,6,2,-1,-1,1598,2,2,AUDI Q2,5,E01023384,0,-1
2021010304440,2021,010304440,2,9,0,99,99,9,9,99,99,9,9,99,9,99,1,9,6,6,1,35,6,1498,1,0,AUDI Q2,2,E01017537,0,-1
2021010340279,2021,010340279,2,9,0,6,6,3,3,0,0,0,0,0,0,0,3,9,6,6,1,32,6,1395,1,4,AUDI Q2,2,E01001151,0,-1
20211383O0976,2021,1383O0976,1,9,0,12,12,2,6,0,0,7,0,0,0,0,2,1,6,6,1,31,6,1598,2,1,AUDI Q2,2,E01010405,0,-1
2021052100188,2021,052100188,2,9,0,13,13,2,6,0,0,0,2,10,0,0,4,1,6,6,2,22,5,1598,2,2,AUDI Q2,1,E01006484,0,-1
2021522105270,2021,522105270,1,9,0,9,9,5,4,0,0,5,0,0,0,0,1,1,6,6,2,34,6,1598,2,1,AUDI Q2,3,E01014622,0,-1
2021351133514,2021,351133514,1,9,0,18,19,2,6,0,0,3,0,0,0,0,3,1,1,1,2,49,8,999,1,1,AUDI Q2,9,E01033426,0,-1
2021461087795,2021,461087795,2,9,0,8,8,3,7,0,0,0,0,0,0,0,2,1,6,6,1,42,7,1395,1,5,AUDI Q2,7,E01032656,0,-1
2021010349914,2021,010349914,1,9,0,99,99,9,9,99,99,9,9,99,9,99,9,9,2,2,1,34,6,1498,1,0,AUDI Q2,8,E01000453,0,-1
2021440512183,2021,440512183,2,9,0,2,2,0,0,0,0,2,0,0,0,0,3,1,6,6,1,-1,-1,1598,2,2,AUDI Q2,-1,-1,0,-1
2021430196805,2021,430196805,2,9,0,18,19,2,6,0,0,1,0,0,0,0,1,1,6,6,1,-1,-1,1598,2,1,AUDI Q2,-1,-1,0,-1
2021010288623,2021,010288623,1,9,0,9,9,7,5,0,0,8,0,10,1,0,3,2,6,6,1,22,5,1598,2,3,AUDI Q2,3,E01000127,0,-1
2021131124306,2021,131124306,3,9,0,2,2,0,0,0,0,1,0,0,0,0,4,1,6,6,3,-1,-1,1598,2,1,AUDI Q2,-1,-1,0,-1
2021010337464,2021,010337464,1,9,0,99,99,9,9,99,99,9,9,99,9,99,9,9,6,6,2,26,6,1598,2,3,AUDI Q2,7,E01003370,0,-1
2021052100752,2021,052100752,1,9,0,12,12,6,2,0,0,1,0,0,0,0,1,1,6,6,1,-1,-1,1598,2,2,AUDI Q2,3,E01006717,0,-1