collision_index,collision_year,collision_ref_no,vehicle_reference,vehicle_type,towing_and_articulation,vehicle_manoeuvre_historic,vehicle_manoeuvre,vehicle_direction_from,vehicle_direction_to,vehicle_location_restricted_lane_historic,vehicle_location_restricted_lane,junction_location,skidding_and_overturning,hit_object_in_carriageway,vehicle_leaving_carriageway,hit_object_off_carriageway,first_point_of_impact,vehicle_left_hand_drive,journey_purpose_of_driver_historic,journey_purpose_of_driver,sex_of_driver,age_of_driver,age_band_of_driver,engine_capacity_cc,propulsion_code,age_of_vehicle,generic_make_model,driver_imd_decile,lsoa_of_driver,escooter_flag,driver_distance_banding
2021010320568,2021,010320568,1,9,0,99,99,9,9,99,99,9,9,99,9,99,2,9,6,6,1,42,7,1598,2,1,AUDI Q2,2,E01000925,0,-1
2021010352268,2021,010352268,1,9,0,18,19,7,3,0,0,6,0,0,2,11,4,1,6,6,1,45,7,1598,2,2,AUDI Q2,3,E01001546,0,-1
2021421018248,2021,421018248,3,9,0,18,19,1,5,0,0,0,0,0,1,0,3,1,6,6,2,27,6,999,1,2,AUDI Q2,-1,-1,0,-1
2021010297743,2021,010297743,1,9,0,9,9,1,6,0,0,8,0,0,0,0,0,1,6,6,1,25,5,1498,1,1,AUDI Q2,4,E01002698,0,-1
2021010333554,2021,010333554,2,9,0,2,2,0,0,0,0,0,0,0,0,0,2,1,6,6,3,-1,-1,1984,1,3,AUDI Q2,-1,-1,0,-1
2021061118119,2021,061118119,2,9,0,18,19,3,7,2,2,1,0,0,0,0,3,1,6,6,2,33,6,1598,2,1,AUDI Q2,4,E01033651,0,-1
2021052101593,2021,052101593,2,9,0,4,4,7,3,0,0,1,0,0,0,0,1,1,6,6,1,52,8,1598,2,2,AUDI Q2,1,E01006612,0,-1
2021430169459,2021,430169459,1,9,0,18,19,2,1,0,0,0,0,0,0,0,1,1,6,6,1,69,10,6261,1,12,-1,6,E01030363,0,-1
2021991108479,2021,991108479,1,5,0,5,5,4,1,0,0,0,0,0,0,0,3,1,6,6,1,59,9,1745,1,4,-1,8,-1,0,-1
2021231071895,2021,231071895,1,5,0,18,19,3,7,0,0,0,0,11,0,0,1,1,5,6,1,65,9,1745,1,3,-1,9,E01023834,0,-1
2021991047041,2021,991047041,2,5,0,18,19,5,1,0,0,3,1,0,0,0,1,1,6,6,1,73,10,1745,1,3,-1,9,-1,0,-1
2021430341300,2021,430341300,1,3,0,4,4,5,1,0,0,1,0,0,0,0,1,1,6,6,1,17,4,124,1,0,-1,10,E01027006,0,-1
2021010302734,2021,010302734,1,3,0,18,19,5,1,0,0,1,0,0,0,0,1,1,6,6,1,26,6,124,1,1,-1,2,E01001361,0,-1
2021010288507,2021,010288507,1,3,0,18,19,3,7,7,6,1,1,0,0,0,0,1,6,6,1,31,6,124,1,1,-1,8,E01003861,0,-1
2021010332760,2021,010332760,1,3,0,99,99,9,9,99,99,9,9,99,9,99,1,1,6,6,1,43,7,124,1,0,-1,4,E01002677,0,-1
2021461084799,2021,461084799,1,3,5,4,4,5,1,0,0,8,0,0,0,0,2,1,1,1,1,19,4,124,1,3,-1,7,E01032656,0,-1
2021010348136,2021,010348136,2,3,0,15,15,7,3,0,0,1,1,0,0,0,1,1,6,6,1,33,6,124,1,0,-1,4,E01033739,0,-1
2021451099474,2021,451099474,1,5,0,4,4,5,1,0,0,0,0,0,1,0,3,1,5,6,1,75,10,1202,1,7,-1,3,E01001779,0,-1
2021421031539,2021,421031539,1,5,0,18,19,8,3,0,0,0,1,0,0,0,3,1,6,6,1,41,7,1202,1,8,-1,7,E01015920,0,-1
2021041104774,2021,041104774,1,5,0,18,19,5,1,0,0,0,0,0,0,0,1,1,5,6,1,45,7,1202,1,8,-1,2,E01012654,0,-1
2021430087859,2021,430087859,2,3,0,17,19,2,7,0,0,8,0,0,0,0,1,1,6,6,1,20,4,125,1,5,-1,6,E01016340,0,-1
2021010340364,2021,010340364,2,9,0,99,99,9,9,99,99,9,9,99,9,99,1,9,6,6,3,-1,-1,4969,8,12,-1,-1,-1,0,-1
2021010340205,2021,010340205,1,9,0,18,19,5,1,0,0,5,0,0,0,0,1,2,2,2,1,71,10,4969,8,10,-1,8,E01021749,0,-1
2021421087680,2021,421087680,2,9,0,18,19,7,7,0,0,0,1,0,0,0,1,1,2,2,1,72,10,4969,8,14,-1,-1,-1,0,-1
2021010348500,2021,010348500,3,9,0,9,9,3,1,0,0,2,0,0,0,0,1,1,6,6,1,54,8,3498,1,14,MERCEDES SL CLASS,8,E01000913,0,-1
2021061109721,2021,061109721,2,9,0,18,19,7,3,0,0,0,0,0,0,0,2,1,5,6,1,28,6,5439,1,19,MERCEDES SL CLASS,1,E01010960,0,-1
2021010345632,2021,010345632,2,9,0,9,9,5,2,0,0,5,0,0,0,0,3,1,6,6,1,60,9,4973,1,24,MERCEDES SL CLASS,9,E01016553,0,-1
2021010306328,2021,010306328,2,9,0,18,19,5,1,0,0,0,0,0,0,0,1,1,6,6,1,69,10,3498,1,7,MERCEDES SL CLASS,-1,-1,0,-1
2021061047435,2021,061047435,2,9,0,18,19,5,1,0,0,0,0,0,0,0,2,1,6,6,3,30,6,3498,1,7,MERCEDES SL CLASS,-1,-1,0,-1
2021141044183,2021,141044183,1,9,0,5,5,3,7,0,0,4,0,0,0,0,2,1,6,6,2,43,7,5461,1,7,MERCEDES SL CLASS,6,E01019816,0,-1
2021010331912,2021,010331912,1,9,0,99,99,9,9,99,99,9,9,99,9,99,9,9,6,6,1,76,11,4663,1,4,MERCEDES SL CLASS,9,E01001993,0,-1
2021010323775,2021,010323775,1,9,0,7,7,7,2,0,0,3,0,0,0,0,3,1,6,6,1,84,11,3724,1,18,MERCEDES SL CLASS,3,E01001238,0,-1
2021010287425,2021,010287425,1,9,0,99,99,9,9,99,99,0,9,99,9,99,9,9,6,6,1,46,8,3498,1,7,MERCEDES SL CLASS,3,E01003391,0,-1
2021371088779,2021,371088779,2,9,0,18,19,1,5,0,0,1,1,0,0,0,4,1,5,6,2,55,8,4973,1,25,MERCEDES SL CLASS,6,E01026899,0,-1
2021010304831,2021,010304831,2,9,0,99,99,9,9,99,99,9,9,99,9,99,2,9,6,6,3,58,9,4663,1,9,MERCEDES SL CLASS,2,E01002810,0,-1
2021010348464,2021,010348464,2,9,0,99,99,9,9,99,99,0,9,99,9,99,2,1,2,2,1,55,8,4966,1,19,MERCEDES SL CLASS,3,E01004045,0,-1
2021471039862,2021,471039862,1,9,0,10,10,2,8,0,0,0,0,0,0,0,1,1,5,6,2,74,10,2799,1,22,MERCEDES SL CLASS,6,E01021149,0,-1
2021451084378,2021,451084378,2,9,0,2,2,0,0,0,0,2,0,0,0,0,1,1,6,6,3,-1,-1,3498,1,7,MERCEDES SL CLASS,-1,-1,0,-1
2021320465731,2021,320465731,1,9,0,18,19,7,3,0,0,0,0,0,0,0,4,1,2,2,1,50,8,4966,1,19,MERCEDES SL CLASS,4,E01026028,0,-1
2021430230526,2021,430230526,2,9,0,9,9,7,6,0,0,6,0,0,0,0,4,1,6,6,1,-1,-1,3498,1,15,MERCEDES SL CLASS,10,E01016548,0,-1
2021010333481,2021,010333481,2,5,0,18,19,2,6,0,0,8,1,0,0,0,1,1,6,6,1,40,7,1078,1,11,-1,2,E01003325,0,-1
2021122101087,2021,122101087,1,4,0,18,19,2,6,0,0,0,0,0,0,0,3,1,6,6,1,60,9,749,1,17,-1,6,E01012959,0,-1
2021010295921,2021,010295921,1,5,0,18,19,7,3,0,0,1,0,0,0,0,1,1,6,6,1,46,8,798,1,1,-1,9,E01000382,0,-1
2021421059044,2021,421059044,1,5,0,16,19,3,7,0,0,0,2,0,0,0,1,1,6,6,1,47,8,798,1,3,-1,6,E01015937,0,-1
202163B049021,2021,63B049021,1,5,0,18,19,6,2,0,0,0,0,0,1,10,4,1,6,6,1,52,8,798,1,4,-1,-1,-1,0,-1
2021201117662,2021,201117662,2,3,0,18,19,8,4,0,0,4,0,0,0,0,2,1,6,6,1,54,8,125,1,9,-1,2,E01010555,0,-1
2021320401188,2021,320401188,2,9,0,18,19,6,2,0,0,8,0,0,0,0,4,1,6,6,2,53,8,1598,8,0,-1,10,E01026139,0,-1
2021041086700,2021,041086700,2,5,0,18,19,1,1,0,0,1,0,0,0,0,1,1,5,6,1,56,9,1255,1,11,MAKE AND MODEL REDACTED,5,E01025035,0,-1
2021991018146,2021,991018146,1,5,0,13,13,3,6,0,0,0,0,0,7,0,4,1,5,6,1,47,8,885,1,23,-1,6,-1,0,-1
2021010319976,2021,010319976,1,5,0,14,14,1,5,0,0,1,0,0,0,0,4,1,2,2,1,34,6,660,1,0,-1,8,E01015997,0,-1
2021520105754,2021,520105754,2,5,0,18,19,1,5,0,0,0,0,0,0,0,1,1,6,6,1,54,8,660,1,0,-1,7,E01031976,0,-1
2021010331555,2021,010331555,1,5,0,99,99,9,9,99,99,9,9,99,9,99,9,1,6,6,1,59,9,660,1,0,-1,7,E01024274,0,-1
2021471086832,2021,471086832,1,5,0,18,19,5,1,0,0,0,1,12,0,0,1,1,6,6,1,53,8,660,1,0,-1,5,E01031481,0,-1
2021302101349,2021,302101349,1,5,0,17,19,8,4,0,0,0,0,10,2,11,1,1,6,6,1,24,5,660,1,0,-1,6,E01019421,0,-1
2021531089044,2021,531089044,1,5,0,18,19,5,1,0,0,1,1,0,0,0,1,1,5,6,2,53,8,660,1,0,-1,6,E01023155,0,-1
2021451053213,2021,451053213,1,5,0,18,19,3,7,0,0,1,2,0,0,0,4,1,5,6,1,58,9,660,1,0,-1,3,E01016456,0,-1
2021351125784,2021,351125784,2,5,0,17,19,8,5,0,0,8,0,0,0,0,4,1,6,6,1,27,6,2294,1,15,MAKE AND MODEL REDACTED,10,E01027046,0,-1
2021041062574,2021,041062574,1,5,0,12,12,3,7,0,0,0,0,0,0,0,3,1,5,6,1,27,6,2294,1,5,MAKE AND MODEL REDACTED,5,E01025013,0,-1
2021041047357,2021,041047357,1,2,0,17,19,3,7,0,0,0,0,0,0,0,4,1,5,6,1,54,8,49,1,1,-1,1,E01024987,0,-1
2021201085294,2021,201085294,1,2,0,17,19,5,2,0,0,1,0,10,0,0,1,1,6,6,1,17,4,49,1,1,-1,5,E01010418,0,-1
2021010302365,2021,010302365,1,3,0,18,19,5,1,0,0,2,5,0,0,0,1,1,6,6,1,25,5,124,1,14,-1,4,E01003278,0,-1
2021451036337,2021,451036337,1,3,0,18,19,8,4,0,0,1,0,0,0,0,1,1,2,2,1,19,4,124,2,15,-1,9,E01030718,0,-1
2021461061557,2021,461061557,1,9,0,12,12,1,5,0,0,0,0,0,0,0,1,1,6,6,1,75,10,2302,1,32,BMW M3,5,E01024366,0,-1
2021010300854,2021,010300854,2,9,0,99,99,9,9,99,99,9,9,99,9,99,1,9,6,6,3,-1,-1,2990,1,26,BMW M3,7,E01001255,0,-1
2021010316014,2021,010316014,1,9,0,18,19,2,6,0,0,1,0,0,0,0,0,1,6,6,3,31,6,2979,1,4,BMW M3,-1,-1,0,-1
2021010310536,2021,010310536,3,9,0,3,3,8,4,0,0,1,0,0,0,0,3,1,6,6,1,27,6,3999,1,8,BMW M3,1,E01033701,0,-1
2021061124933,2021,061124933,2,9,0,18,19,7,3,0,0,1,0,0,0,0,1,1,6,6,1,37,7,2998,1,1,BMW M3,1,E01005266,0,-1
2021061108587,2021,061108587,1,9,0,18,19,1,5,5,5,0,1,0,1,0,1,1,5,6,1,26,6,2998,8,1,BMW M3,7,E01005847,0,-1
2021411130122,2021,411130122,1,9,0,15,15,4,8,0,0,2,2,0,1,11,0,1,6,6,1,27,6,2979,1,3,BMW M3,4,E01021839,0,-1
2021440495399,2021,440495399,1,9,0,17,19,3,7,0,0,1,0,0,1,11,1,1,6,6,1,-1,-1,3246,1,16,BMW M3,4,E01031980,0,-1
2021010291871,2021,010291871,2,9,0,13,13,7,3,0,0,8,0,0,1,0,4,1,1,1,1,39,7,2979,1,6,BMW M3,2,E01002227,0,-1
2021141114720,2021,141114720,2,9,0,18,19,1,5,0,0,0,0,0,0,0,2,1,5,6,2,35,6,2998,8,0,BMW M3,10,E01028379,0,-1
2021471120221,2021,471120221,1,9,0,18,19,3,7,0,0,0,1,0,3,4,1,1,6,6,1,37,7,2979,1,4,BMW M3,3,E01031783,0,-1
2021451122076,2021,451122076,1,9,0,18,19,1,5,0,0,0,0,0,0,0,3,1,6,6,3,45,7,2993,12,0,BMW M3,-1,-1,0,-1
2021010308055,2021,010308055,1,9,0,18,19,1,5,0,0,0,0,0,0,0,3,1,2,2,1,41,7,2979,1,3,BMW M3,4,E01004396,0,-1
2021320706696,2021,320706696,3,9,0,18,19,8,4,0,0,0,0,0,0,0,2,1,6,6,2,31,6,2998,8,0,BMW M3,4,E01026192,0,-1
202134NNC2861,2021,34NNC2861,1,9,0,15,15,7,3,0,0,0,0,0,0,0,1,1,6,6,2,-1,-1,2998,1,1,BMW M3,-1,-1,0,-1
2021549362721,2021,549362721,1,9,0,7,7,1,3,9,9,6,0,0,0,0,1,1,6,6,1,35,6,2979,1,7,BMW M3,5,E01032013,0,-1
2021061094645,2021,061094645,1,9,0,18,19,4,8,0,0,8,0,0,0,0,1,1,6,6,1,47,8,2998,8,1,BMW M3,2,E01006262,0,-1
2021991069127,2021,991069127,1,9,0,16,19,6,2,0,0,0,1,0,4,10,1,1,5,6,1,21,5,2998,8,0,BMW M3,2,-1,0,-1
2021401080131,2021,401080131,2,9,0,18,19,-1,-1,0,0,0,0,0,0,0,2,1,5,6,1,39,7,2979,1,7,BMW M3,6,E01015766,0,-1
2021552101009,2021,552101009,1,9,0,18,19,3,7,0,0,8,0,0,7,11,1,1,6,6,1,19,4,2993,12,0,BMW M3,7,E01020549,0,-1
2021552101335,2021,552101335,1,9,0,17,19,8,4,0,0,0,2,0,7,4,1,1,6,6,1,32,6,2990,1,27,BMW M3,7,E01020467,0,-1
2021131083816,2021,131083816,1,9,0,18,19,5,1,0,0,8,0,0,0,0,1,1,6,6,1,43,7,2998,8,0,BMW M3,8,E01011055,0,-1
2021010341963,2021,010341963,1,9,0,3,3,5,1,0,0,0,0,0,0,0,2,1,6,6,1,36,7,3999,1,9,BMW M3,6,E01002365,0,-1
2021101022912,2021,101022912,2,9,0,18,19,7,4,0,0,8,0,0,0,0,4,1,6,6,1,38,7,3999,1,13,BMW M3,5,E01033556,0,-1
202131C013421,2021,31C013421,2,9,0,18,19,1,5,2,2,8,0,0,0,0,1,1,6,6,1,41,7,2979,1,7,BMW M3,1,E01013921,0,-1
2021010291896,2021,010291896,1,9,0,9,9,6,4,9,9,6,0,10,7,11,1,1,6,6,1,39,7,2979,1,6,BMW M3,4,E01001085,0,-1
2021430221570,2021,430221570,1,9,0,13,13,8,4,0,0,0,0,0,0,0,1,1,6,6,1,25,5,3246,1,17,BMW M3,10,E01032759,0,-1
2021010350293,2021,010350293,2,9,0,2,2,0,0,0,0,8,0,0,0,0,1,1,6,6,3,-1,-1,2993,12,0,BMW M3,-1,-1,0,-1
2021451066575,2021,451066575,2,9,0,18,19,1,5,0,0,1,0,0,0,0,1,1,6,6,1,35,6,2979,1,3,BMW M3,6,E01030767,0,-1
2021101112236,2021,101112236,1,9,0,4,4,5,1,0,0,1,0,0,0,0,1,1,6,6,1,-1,-1,3246,1,18,BMW M3,-1,-1,0,-1
2021052102908,2021,052102908,1,9,0,18,19,3,7,0,0,0,1,0,1,2,1,1,6,6,1,30,6,2979,1,6,BMW M3,6,E01012426,0,-1
2021302102104,2021,302102104,1,9,0,4,4,6,2,0,0,4,0,0,0,0,1,1,6,6,1,-1,-1,2998,8,0,BMW M3,9,E01019683,0,-1
2021010345699,2021,010345699,1,9,0,2,2,0,0,0,0,1,0,8,0,0,3,1,6,6,3,-1,-1,2993,12,1,BMW M3,-1,-1,0,-1
2021131061427,2021,131061427,1,9,0,18,19,1,5,0,0,8,0,0,2,1,1,1,6,6,1,30,6,2979,1,5,BMW M3,1,E01011467,0,-1
2021451083469,2021,451083469,1,9,0,7,7,3,5,0,0,0,0,0,0,0,3,1,2,2,1,53,8,3246,1,19,BMW M3,8,E01030794,0,-1
2021010330814,2021,010330814,1,9,0,11,11,7,3,0,0,1,0,0,0,0,1,1,6,6,1,24,5,2998,8,0,BMW M3,7,E01032776,0,-1
2021031116085,2021,031116085,1,9,0,18,19,2,6,0,0,0,2,0,0,0,3,1,2,2,1,31,6,2993,12,0,BMW M3,2,E01019110,0,-1
2021451101686,2021,451101686,1,9,0,18,19,7,3,0,0,0,0,0,7,11,3,1,5,6,1,48,8,2979,1,3,BMW M3,9,E01030660,0,-1
2021101075610,2021,101075610,2,9,0,4,4,7,3,0,0,0,0,0,0,0,1,1,5,6,1,29,6,3999,1,8,BMW M3,8,E01008538,0,-1
2021061109577,2021,061109577,2,9,0,18,19,2,6,0,0,8,0,0,0,0,3,1,6,6,1,24,5,2993,12,0,BMW M3,4,E01006332,0,-1
2021010299759,2021,010299759,1,9,0,9,9,7,6,0,0,8,0,0,0,0,3,1,2,2,1,26,6,3999,1,9,BMW M3,8,E01004472,0,-1
2021421055719,2021,421055719,1,9,0,9,9,1,7,0,0,0,0,0,0,0,1,1,6,6,2,35,6,2993,1,0,BMW M3,6,E01021663,0,-1
2021010336022,2021,010336022,1,9,0,99,99,9,9,99,99,9,9,99,9,99,9,9,6,6,1,38,7,2979,1,6,BMW M3,1,E01002038,0,-1
2021401107302,2021,401107302,1,9,0,18,19,8,4,0,0,8,1,0,7,0,1,1,6,6,1,28,6,2979,1,4,BMW M3,3,E01015728,0,-1
2021440165510,2021,440165510,3,9,0,18,19,5,1,0,0,1,0,0,0,0,1,1,6,6,1,44,7,3999,1,13,BMW M3,6,E01023022,0,-1
2021010312774,2021,010312774,3,9,0,2,2,0,0,0,0,2,0,0,0,0,2,1,6,6,3,-1,-1,2979,1,4,BMW M3,-1,-1,0,-1
2021201071083,2021,201071083,1,9,0,12,12,8,4,0,0,1,0,0,0,0,1,1,6,6,1,30,6,3246,1,19,BMW M3,4,E01009228,0,-1
2021010345129,2021,010345129,1,9,0,18,19,6,2,0,0,8,1,4,0,0,2,1,6,6,1,28,6,2979,1,3,BMW M3,3,E01004202,0,-1
2021471017812,2021,471017812,1,9,0,18,19,7,3,0,0,0,0,0,0,0,1,1,5,6,1,22,5,3999,1,13,BMW M3,6,E01031345,0,-1
2021549602721,2021,549602721,1,9,0,18,19,1,5,0,0,1,0,0,7,0,1,1,6,6,1,35,6,2979,1,7,BMW M3,5,E01032013,0,-1
2021501086096,2021,501086096,2,9,0,18,19,5,1,0,0,8,1,0,0,0,1,1,5,6,1,22,5,3999,1,13,BMW M3,5,E01019066,0,-1
2021221050911,2021,221050911,1,9,0,3,3,8,4,0,0,8,0,0,0,0,2,1,5,6,1,66,10,2998,8,0,BMW M3,8,E01029517,0,-1
2021411074193,2021,411074193,2,9,0,18,19,5,1,0,0,0,1,7,1,6,3,1,6,6,3,35,6,2979,1,5,BMW M3,10,E01023421,0,-1
2021201138719,2021,201138719,1,9,0,18,19,2,6,0,0,2,1,10,7,1,3,1,6,6,1,28,6,2979,1,5,BMW M3,2,E01009568,0,-1
2021552100419,2021,552100419,2,9,0,4,4,5,1,0,0,0,0,0,0,0,2,1,6,6,1,41,7,2998,1,1,BMW M3,10,E01020380,0,-1
2021010297759,2021,010297759,1,9,0,18,19,3,7,0,0,0,0,0,0,0,1,1,6,6,1,40,7,2998,1,1,BMW M3,5,E01017908,0,-1
2021421034218,2021,421034218,1,9,0,16,19,3,7,0,0,0,1,0,0,0,1,1,5,6,1,20,4,2998,1,1,BMW M3,8,E01003649,0,-1
2021201095740,2021,201095740,1,9,0,18,19,2,6,0,0,0,0,4,7,2,1,1,6,6,1,41,7,2993,1,0,BMW M3,2,E01032898,0,-1
2021421127588,2021,421127588,1,9,0,18,19,1,4,0,0,0,1,0,1,9,4,1,6,6,1,45,7,2979,1,5,BMW M3,8,E01017148,0,-1
2021201068415,2021,201068415,1,9,0,17,19,4,2,0,0,1,1,10,1,3,1,1,6,6,1,29,6,2979,1,5,BMW M3,10,E01032138,0,-1
2021302100035,2021,302100035,1,9,0,18,19,2,6,0,0,0,0,0,1,1,1,1,2,2,1,38,7,2998,1,2,BMW M3,1,E01009125,0,-1
2021320105195,2021,320105195,1,9,0,18,19,8,4,0,0,1,1,4,0,0,1,1,6,6,2,32,6,3246,1,19,BMW M3,1,E01026092,0,-1
2021010348761,2021,010348761,3,9,0,2,2,0,0,0,0,1,0,4,0,0,2,1,6,6,3,-1,-1,2998,8,0,BMW M3,-1,-1,0,-1
2021101045583,2021,101045583,1,9,0,13,13,5,1,0,0,0,0,0,1,0,1,1,5,6,1,29,6,2993,12,1,BMW M3,4,E01020656,0,-1
2021421042262,2021,421042262,2,9,0,9,9,5,2,0,0,2,0,0,0,0,1,1,5,6,2,26,6,2998,8,0,BMW M3,3,E01001669,0,-1
2021010332460,2021,010332460,1,9,0,18,19,5,1,0,0,1,0,0,0,0,1,1,6,6,1,35,6,3246,1,17,BMW M3,9,E01023318,0,-1
2021131044231,2021,131044231,1,9,0,18,19,1,5,0,0,0,1,10,0,0,1,1,5,6,1,42,7,2979,1,4,BMW M3,1,E01010607,0,-1
2021522200738,2021,522200738,1,9,0,18,19,1,5,0,0,1,0,0,0,0,1,1,1,1,1,39,7,3999,1,9,BMW M3,6,E01014505,0,-1
2021010322838,2021,010322838,1,9,0,18,19,5,1,0,0,1,0,11,0,0,1,1,6,6,3,-1,-1,5654,1,24,-1,-1,-1,0,-1
2021531077500,2021,531077500,2,9,0,18,19,2,6,0,0,1,0,0,0,0,1,1,5,6,1,55,8,1560,2,8,CITROEN DS4,4,E01022250,0,-1
2021501084580,2021,501084580,1,9,0,4,4,5,8,0,0,0,0,0,0,0,1,1,5,6,1,29,6,1560,2,9,CITROEN DS4,5,E01020301,0,-1
2021231084226,2021,231084226,1,9,0,9,9,4,2,0,0,6,0,0,0,0,3,1,5,6,2,31,6,1560,2,9,CITROEN DS4,10,E01031150,0,-1
2021052100934,2021,052100934,1,9,0,18,19,7,3,0,0,0,0,0,0,0,1,1,6,6,2,36,7,1560,2,9,CITROEN DS4,1,E01006429,0,-1
2021070846601,2021,070846601,1,9,0,18,19,6,2,0,0,4,0,0,0,0,1,1,2,2,2,41,7,1560,2,9,CITROEN DS4,-1,-1,0,-1
2021351035210,2021,351035210,1,9,0,18,19,3,7,0,0,8,1,0,0,0,3,1,6,6,2,33,6,1560,2,9,CITROEN DS4,6,E01018304,0,-1
2021010307454,2021,010307454,1,9,0,7,7,5,7,0,0,5,0,0,0,0,1,1,6,6,1,28,6,1560,2,8,CITROEN DS4,7,E01004585,0,-1
2021070766393,2021,070766393,2,9,0,3,3,4,8,0,0,2,0,0,0,0,2,1,2,2,2,25,5,1560,2,9,CITROEN DS4,5,E01018437,0,-1
2021531082156,2021,531082156,1,9,0,9,9,2,7,0,0,6,1,0,0,0,1,1,5,6,1,54,8,1997,2,8,CITROEN DS4,10,E01022359,0,-1
2021131045142,2021,131045142,2,9,0,9,9,3,5,0,0,0,0,0,0,0,3,1,6,6,1,43,7,1560,2,7,CITROEN DS4,7,E01011800,0,-1
2021201140803,2021,201140803,2,9,0,18,19,8,4,0,0,8,0,10,0,0,4,1,6,6,1,51,8,1560,2,10,CITROEN DS4,7,E01010498,0,-1
2021131083816,2021,131083816,2,9,0,18,19,1,5,0,0,8,0,0,0,0,1,1,6,6,1,29,6,1997,2,7,CITROEN DS4,7,E01011056,0,-1
2021010335446,2021,010335446,1,9,0,18,19,5,1,0,0,0,0,0,0,0,1,1,6,6,2,28,6,1560,2,9,CITROEN DS4,2,E01002505,0,-1
2021010322087,2021,010322087,1,9,0,18,19,7,3,0,0,3,0,0,0,0,4,1,6,6,2,55,8,1997,2,7,CITROEN DS4,4,E01003715,0,-1
202131C039221,2021,31C039221,1,9,0,9,9,4,2,0,0,4,0,0,0,0,3,1,6,6,2,60,9,1560,2,7,CITROEN DS4,4,E01027935,0,-1
2021101113588,2021,101113588,2,9,0,9,9,5,3,0,0,1,0,0,1,0,2,1,5,6,2,50,8,1560,2,6,CITROEN DS4,6,E01020776,0,-1
2021141045390,2021,141045390,2,9,0,9,9,5,3,0,0,8,0,0,0,0,1,1,2,2,2,45,7,1560,2,7,CITROEN DS4,2,E01007651,0,-1
2021451029514,2021,451029514,2,9,0,10,10,1,5,0,0,5,0,0,0,0,2,1,3,7,1,53,8,1560,2,9,CITROEN DS4,9,E01030785,0,-1
2021440371490,2021,440371490,2,9,0,18,19,5,1,0,0,1,0,0,0,0,1,1,6,6,1,60,9,1598,1,10,CITROEN DS4,10,E01023276,0,-1
2021010315374,2021,010315374,2,9,0,18,19,3,7,0,0,2,0,0,0,0,1,1,6,6,1,22,5,1560,2,9,CITROEN DS4,3,E01003618,0,-1
2021522104715,2021,522104715,1,9,0,2,2,0,0,6,6,0,0,0,0,0,2,1,6,6,2,23,5,1560,2,9,CITROEN DS4,-1,-1,0,-1
2021430365017,2021,430365017,1,9,0,18,19,2,6,0,0,1,1,10,7,0,1,1,6,6,1,33,6,1598,1,8,CITROEN DS4,8,E01017653,0,-1
2021522103864,2021,522103864,2,9,0,18,19,5,1,0,0,2,0,0,0,0,1,1,6,6,2,30,6,1598,1,9,CITROEN DS4,5,E01029852,0,-1
2021440384287,2021,440384287,1,9,0,3,3,3,7,0,0,1,0,0,0,0,2,1,1,1,2,48,8,1560,2,9,CITROEN DS4,3,E01032851,0,-1
2021111046045,2021,111046045,1,9,0,7,7,1,5,0,0,1,0,0,0,0,1,1,5,6,2,58,9,1997,2,10,CITROEN DS4,2,E01012362,0,-1
2021101086885,2021,101086885,1,9,0,18,19,1,5,0,0,0,0,0,0,0,1,1,5,6,2,36,7,1560,2,7,CITROEN DS4,2,E01027422,0,-1
2021231048899,2021,231048899,1,9,0,13,13,2,6,0,0,0,1,0,0,0,1,1,5,6,3,26,6,1997,2,10,CITROEN DS4,-1,-1,0,-1
2021041054657,2021,041054657,2,9,0,18,19,8,4,0,0,8,0,0,1,11,4,1,1,1,2,65,9,1560,2,8,CITROEN DS4,9,E01025106,0,-1
2021211046722,2021,211046722,2,9,0,9,9,6,3,0,0,0,0,0,0,0,4,1,6,6,2,61,9,1560,2,8,CITROEN DS4,5,E01009973,0,-1
2021031015135,2021,031015135,3,9,0,10,10,0,0,0,0,1,0,0,0,0,2,1,6,6,2,39,7,1560,2,8,CITROEN DS4,8,E01019101,0,-1
20211382I0634,2021,1382I0634,1,9,0,18,19,4,8,0,0,4,0,0,0,0,1,1,6,6,1,40,7,1997,2,8,CITROEN DS4,2,E01010815,0,-1
202134NNC3371,2021,34NNC3371,2,9,0,18,19,5,1,0,0,8,0,0,0,0,3,1,2,2,2,39,7,1997,2,8,CITROEN DS4,1,E01026968,0,-1
2021471110752,2021,471110752,2,9,0,3,3,5,1,0,0,0,0,0,0,0,2,1,6,6,2,43,7,1997,2,9,CITROEN DS4,4,E01031596,0,-1
202131C046821,2021,31C046821,1,9,0,18,19,2,6,0,0,8,0,0,0,0,1,1,3,7,2,25,5,1560,2,8,CITROEN DS4,-1,-1,0,-1
2021440008555,2021,440008555,1,9,0,18,19,3,6,0,0,8,0,0,0,0,2,1,2,2,2,36,7,1560,2,8,CITROEN DS4,1,E01017053,0,-1
202163D033121,2021,63D033121,2,9,0,10,10,6,4,0,0,8,0,0,0,0,4,1,2,2,2,29,6,1997,2,9,CITROEN DS4,3,W01000478,0,-1
202131D016321,2021,31D016321,1,9,0,5,5,3,7,0,0,1,0,0,0,0,1,1,6,6,2,64,9,1560,2,9,CITROEN DS4,8,E01028375,0,-1