collision_index,collision_year,collision_ref_no,vehicle_reference,vehicle_type,towing_and_articulation,vehicle_manoeuvre_historic,vehicle_manoeuvre,vehicle_direction_from,vehicle_direction_to,vehicle_location_restricted_lane_historic,vehicle_location_restricted_lane,junction_location,skidding_and_overturning,hit_object_in_carriageway,vehicle_leaving_carriageway,hit_object_off_carriageway,first_point_of_impact,vehicle_left_hand_drive,journey_purpose_of_driver_historic,journey_purpose_of_driver,sex_of_driver,age_of_driver,age_band_of_driver,engine_capacity_cc,propulsion_code,age_of_vehicle,generic_make_model,driver_imd_decile,lsoa_of_driver,escooter_flag,driver_distance_banding
2021471106523,2021,471106523,1,9,0,9,9,5,3,0,0,6,0,0,0,0,1,1,6,6,3,-1,-1,1560,2,7,CITROEN DS4,-1,-1,0,-1
2021041091979,2021,041091979,1,2,0,18,19,5,1,0,0,0,0,0,0,0,1,1,6,6,2,16,4,49,1,7,-1,3,E01012663,0,-1
2021141103145,2021,141103145,2,2,0,18,19,5,1,0,0,0,0,0,0,0,1,1,2,2,1,18,4,49,1,17,-1,1,E01007730,0,-1
2021471053625,2021,471053625,2,5,0,3,3,6,1,0,0,1,0,0,0,0,2,1,5,6,1,61,9,1690,1,7,-1,5,E01031600,0,-1
2021991076960,2021,991076960,1,19,0,16,19,2,6,0,0,0,1,0,0,0,1,1,1,1,1,56,9,2999,2,4,ISUZU TRUCKS FORWARD,-1,-1,0,-1
2021122101377,2021,122101377,1,20,0,18,19,2,6,0,0,0,1,0,0,0,1,1,1,1,1,31,6,2999,2,4,ISUZU TRUCKS FORWARD,9,E01010953,0,-1
2021052102572,2021,052102572,1,20,0,9,9,1,5,0,0,2,0,0,0,0,0,1,1,1,1,54,8,2999,2,3,ISUZU TRUCKS FORWARD,8,E01010437,0,-1
2021430176888,2021,430176888,2,21,0,2,2,8,4,0,0,0,0,0,0,0,2,1,1,1,1,35,6,5193,2,1,ISUZU TRUCKS FORWARD,7,E01022481,0,-1
2021221022239,2021,221022239,2,19,0,18,19,8,4,0,0,1,0,0,0,0,1,1,1,1,1,64,9,5193,2,6,ISUZU TRUCKS FORWARD,5,W01000452,0,-1
2021131081907,2021,131081907,2,21,0,18,19,7,3,0,0,0,0,0,0,0,2,1,1,1,1,52,8,5193,2,7,ISUZU TRUCKS FORWARD,1,E01012312,0,-1
2021010336390,2021,010336390,3,20,0,3,3,3,7,0,0,2,0,0,0,0,1,1,1,1,1,27,6,2999,2,4,ISUZU TRUCKS FORWARD,2,E01003994,0,-1
2021351078284,2021,351078284,1,20,0,2,2,8,5,0,0,0,0,0,0,0,3,1,1,1,1,50,8,5193,2,3,ISUZU TRUCKS FORWARD,-1,-1,0,-1
2021131064207,2021,131064207,2,21,0,18,19,0,5,0,0,1,0,0,0,0,1,1,1,1,1,36,7,2999,2,2,ISUZU TRUCKS FORWARD,2,E01011558,0,-1
2021401062750,2021,401062750,4,20,0,18,19,5,1,0,0,0,0,0,0,0,2,1,1,1,1,66,10,5193,2,4,ISUZU TRUCKS FORWARD,7,E01000334,0,-1
2021351033792,2021,351033792,1,20,0,18,19,7,3,0,0,0,2,0,1,0,4,1,1,1,1,29,6,2999,2,5,ISUZU TRUCKS FORWARD,5,E01033113,0,-1
2021010335044,2021,010335044,1,20,0,18,19,7,3,0,0,8,0,0,0,0,1,1,1,1,1,44,7,2999,2,3,ISUZU TRUCKS FORWARD,5,E01023800,0,-1
2021991088907,2021,991088907,2,20,0,18,19,4,1,0,0,0,1,0,0,0,3,1,1,1,1,54,8,5193,2,3,ISUZU TRUCKS FORWARD,4,-1,0,-1
2021010317250,2021,010317250,2,19,0,99,99,9,9,99,99,9,9,99,9,99,9,9,6,6,3,-1,-1,5193,2,6,ISUZU TRUCKS FORWARD,-1,-1,0,-1
2021552100582,2021,552100582,3,20,0,4,4,4,8,0,0,0,0,0,0,0,2,1,1,1,1,64,9,5193,2,6,ISUZU TRUCKS FORWARD,4,E01022243,0,-1
2021501133832,2021,501133832,1,19,0,18,19,5,1,0,0,0,0,0,0,0,1,1,1,1,1,56,9,-1,-1,-1,ISUZU TRUCKS FORWARD,3,E01020272,0,-1
2021122100186,2021,122100186,2,19,0,2,2,0,0,0,0,0,0,0,0,0,4,1,1,1,1,32,6,5193,2,1,ISUZU TRUCKS FORWARD,9,E01013304,0,-1
2021461015827,2021,461015827,1,19,0,3,3,5,1,0,0,1,0,0,0,0,1,1,1,1,1,41,7,5193,2,8,ISUZU TRUCKS FORWARD,5,E01024577,0,-1
202163B041221,2021,63B041221,2,20,0,4,4,1,5,0,0,0,0,0,0,0,1,1,1,1,1,45,7,5193,2,9,ISUZU TRUCKS FORWARD,3,W01000510,0,-1
2021430098394,2021,430098394,2,19,0,12,12,5,1,0,0,1,0,0,0,0,1,1,2,2,1,45,7,-1,-1,-1,ISUZU TRUCKS FORWARD,10,E01028625,0,-1
2021010297199,2021,010297199,3,20,0,3,3,5,1,0,0,1,0,0,0,0,3,1,1,1,1,51,8,5193,2,1,ISUZU TRUCKS FORWARD,6,E01023305,0,-1
2021471084914,2021,471084914,1,21,0,7,7,1,3,0,0,8,0,0,0,0,1,1,1,1,1,43,7,5193,2,1,ISUZU TRUCKS FORWARD,4,E01016070,0,-1
2021010330785,2021,010330785,2,19,0,7,7,7,2,0,0,4,0,0,0,0,3,1,6,6,1,50,8,2999,2,5,ISUZU TRUCKS FORWARD,4,E01003354,0,-1
2021010307921,2021,010307921,1,21,0,18,19,3,7,0,0,2,0,0,0,0,1,1,6,6,1,47,8,2999,2,6,ISUZU TRUCKS FORWARD,5,E01000337,0,-1
2021061068266,2021,061068266,3,19,0,2,2,5,1,0,0,0,0,0,0,0,3,1,6,6,3,-1,-1,2999,2,4,ISUZU TRUCKS FORWARD,-1,-1,0,-1
2021471102379,2021,471102379,2,20,0,16,19,3,6,0,0,1,0,0,2,10,1,1,1,1,1,57,9,5193,2,6,ISUZU TRUCKS FORWARD,7,E01021220,0,-1
2021501079744,2021,501079744,2,19,0,16,19,7,3,0,0,1,1,0,0,0,1,1,1,1,1,58,9,5193,2,3,ISUZU TRUCKS FORWARD,1,E01015030,0,-1
2021361136139,2021,361136139,1,21,5,4,4,2,6,0,0,1,0,0,0,0,1,1,1,1,1,55,8,5193,2,6,ISUZU TRUCKS FORWARD,4,E01026638,0,-1
2021501072940,2021,501072940,2,20,0,3,3,2,6,0,0,1,0,1,0,0,0,1,1,1,1,56,9,-1,-1,-1,ISUZU TRUCKS FORWARD,2,E01018751,0,-1
2021461125795,2021,461125795,1,20,0,18,19,8,4,0,0,1,0,0,0,0,1,1,1,1,1,53,8,5193,2,7,ISUZU TRUCKS FORWARD,7,E01024121,0,-1
2021201031302,2021,201031302,2,20,0,17,19,4,1,0,0,3,0,0,0,0,1,1,1,1,1,27,6,5193,2,5,ISUZU TRUCKS FORWARD,9,E01025947,0,-1
2021361085912,2021,361085912,2,19,4,18,19,4,2,0,0,0,0,0,0,0,3,1,1,1,1,26,6,-1,-1,-1,ISUZU TRUCKS FORWARD,6,E01026436,0,-1
2021010331590,2021,010331590,2,19,0,5,5,3,7,0,0,0,0,0,0,0,1,1,1,1,1,55,8,5193,2,1,ISUZU TRUCKS FORWARD,7,E01000459,0,-1
2021010317261,2021,010317261,2,20,0,18,19,7,3,0,0,0,0,0,0,0,2,1,6,6,1,45,7,5193,2,2,ISUZU TRUCKS FORWARD,3,E01002589,0,-1
2021010312152,2021,010312152,3,21,0,18,19,7,3,0,0,0,1,0,0,0,1,1,1,1,1,60,9,5193,2,0,ISUZU TRUCKS FORWARD,9,E01032035,0,-1
2021371029472,2021,371029472,1,19,0,18,19,1,5,0,0,1,0,0,0,0,1,1,1,1,1,54,8,5193,2,5,ISUZU TRUCKS FORWARD,1,E01026384,0,-1
2021421091187,2021,421091187,1,20,0,17,19,7,5,0,0,0,5,0,0,0,1,1,1,1,1,36,7,5193,2,0,ISUZU TRUCKS FORWARD,10,E01033721,0,-1
2021501081159,2021,501081159,3,20,0,2,2,3,7,4,4,0,0,0,0,0,3,1,1,1,1,62,9,-1,-1,-1,ISUZU TRUCKS FORWARD,4,E01020041,0,-1
2021991110203,2021,991110203,2,20,0,4,4,4,8,0,0,0,0,4,0,0,2,1,1,1,1,51,8,5193,2,0,ISUZU TRUCKS FORWARD,-1,-1,0,-1
2021421058742,2021,421058742,1,20,0,18,19,4,8,0,0,0,0,0,0,0,1,1,1,1,1,49,8,-1,-1,-1,ISUZU TRUCKS FORWARD,8,E01021395,0,-1
202134NNC3211,2021,34NNC3211,1,19,0,18,19,3,7,0,0,0,0,0,0,0,3,1,1,1,1,55,8,5193,2,8,ISUZU TRUCKS FORWARD,7,E01015659,0,-1
202134NNC3641,2021,34NNC3641,5,21,0,2,2,0,0,0,0,0,0,0,0,0,2,1,1,1,1,55,8,-1,-1,-1,ISUZU TRUCKS FORWARD,5,E01027113,0,-1
2021052100304,2021,052100304,2,19,0,18,19,5,1,0,0,4,0,0,0,0,1,1,1,1,1,56,9,5193,2,1,ISUZU TRUCKS FORWARD,1,E01006964,0,-1
2021010338136,2021,010338136,1,21,0,18,19,3,7,0,0,0,0,0,0,0,1,1,1,1,1,38,7,5193,2,0,ISUZU TRUCKS FORWARD,7,E01000256,0,-1
2021052102479,2021,052102479,1,21,0,1,1,3,7,0,0,0,0,0,0,0,2,1,1,1,1,-1,-1,5193,2,5,ISUZU TRUCKS FORWARD,7,E01006803,0,-1
2021361086011,2021,361086011,1,20,0,4,4,5,1,0,0,0,0,0,0,0,1,1,1,1,1,53,8,5193,2,7,ISUZU TRUCKS FORWARD,6,E01018110,0,-1
2021552100582,2021,552100582,2,21,0,4,4,4,8,0,0,0,0,0,0,0,2,1,1,1,1,56,9,5193,2,7,ISUZU TRUCKS FORWARD,5,E01020410,0,-1
2021451079398,2021,451079398,1,2,0,4,4,1,5,0,0,0,1,0,0,0,1,1,5,6,2,18,4,50,1,6,-1,4,E01030634,0,-1
2021440104553,2021,440104553,1,3,0,18,19,3,7,0,0,3,0,0,0,0,4,1,6,6,1,25,5,124,1,17,-1,3,E01022811,0,-1
2021549740721,2021,549740721,1,2,0,4,4,1,5,0,0,1,1,0,0,0,1,1,2,2,1,25,5,124,1,17,-1,6,E01032114,0,-1
2021070393358,2021,070393358,2,9,0,9,9,5,7,0,0,1,0,0,0,0,1,1,6,6,1,22,5,1588,1,29,-1,6,E01018722,0,-1
2021547549821,2021,547549821,1,19,0,16,19,6,2,0,0,0,5,0,0,0,3,1,1,1,1,38,7,2499,2,18,-1,5,E01022999,0,-1
2021552101098,2021,552101098,2,19,0,13,13,5,1,0,0,0,1,0,0,0,1,1,2,2,1,66,10,2499,2,14,-1,5,E01020444,0,-1
2021430466670,2021,430466670,1,19,0,2,2,0,0,0,0,0,0,0,0,0,3,1,6,6,1,49,8,2953,2,12,-1,-1,-1,0,-1
2021221035622,2021,221035622,3,9,0,4,4,8,4,0,0,0,0,0,0,0,2,1,5,6,2,38,7,1995,2,20,-1,2,E01032333,0,-1
2021061084113,2021,061084113,2,9,0,9,9,3,1,0,0,1,0,0,0,0,1,1,6,6,3,30,6,1796,1,20,-1,9,E01006076,0,-1
2021010294818,2021,010294818,1,9,0,2,2,0,0,0,0,2,0,0,0,0,2,1,6,6,2,71,10,1984,1,6,PORSCHE MACAN,10,E01003461,0,-1
2021010319008,2021,010319008,2,9,0,5,5,1,5,0,0,8,0,0,0,0,3,1,2,2,1,51,8,3604,1,5,PORSCHE MACAN,9,E01001992,0,-1
2021361071902,2021,361071902,1,9,0,18,19,8,4,0,0,1,0,0,0,0,4,1,6,6,1,-1,-1,2995,1,1,PORSCHE MACAN,7,E01017424,0,-1
2021010338674,2021,010338674,1,9,0,9,9,1,6,0,0,0,0,0,0,0,3,1,6,6,1,62,9,1984,1,1,PORSCHE MACAN,7,E01002860,0,-1
2021471039091,2021,471039091,1,9,0,4,4,5,2,0,0,1,0,0,0,0,4,1,5,6,2,25,5,2967,2,4,PORSCHE MACAN,5,E01016851,0,-1
2021411126874,2021,411126874,3,9,0,4,4,2,6,0,0,0,0,0,0,0,2,1,5,6,2,75,10,2967,2,4,PORSCHE MACAN,8,E01023732,0,-1
2021451071095,2021,451071095,2,9,0,7,7,2,1,0,0,1,0,0,0,0,2,1,5,6,2,60,9,2967,2,7,PORSCHE MACAN,10,E01030443,0,-1
2021520200420,2021,520200420,1,9,0,18,19,7,3,0,0,4,0,0,0,0,4,1,6,6,2,22,5,2967,2,5,PORSCHE MACAN,6,E01029181,0,-1
202131A113421,2021,31A113421,1,9,0,18,19,4,8,0,0,8,0,0,0,0,1,1,2,2,1,50,8,1984,1,1,PORSCHE MACAN,4,E01028343,0,-1
2021320574332,2021,320574332,2,9,0,18,19,8,4,0,0,0,0,0,0,0,3,1,6,6,1,47,8,2967,2,5,PORSCHE MACAN,10,E01026187,0,-1
2021010303372,2021,010303372,4,9,0,4,4,7,3,0,0,7,0,0,0,0,2,1,6,6,2,53,8,2995,1,2,PORSCHE MACAN,8,E01002513,0,-1
2021010314932,2021,010314932,2,9,0,99,99,9,9,99,99,9,9,99,9,99,1,9,6,6,1,71,10,2995,1,2,PORSCHE MACAN,10,E01000666,0,-1
2021430206503,2021,430206503,1,9,0,18,19,3,7,0,0,1,0,0,0,0,1,1,6,6,1,53,8,2967,2,7,PORSCHE MACAN,9,E01016424,0,-1
2021201128125,2021,201128125,3,9,0,18,19,6,2,0,0,0,0,0,0,0,0,1,6,6,1,38,7,2967,2,4,PORSCHE MACAN,5,E01009279,0,-1
2021302101367,2021,302101367,1,9,0,11,11,6,2,0,0,0,0,0,0,0,4,1,6,6,2,55,8,2967,2,3,PORSCHE MACAN,7,E01019607,0,-1
2021461028560,2021,461028560,1,9,0,9,9,7,3,0,0,6,0,0,0,0,3,1,5,6,2,43,7,2995,1,2,PORSCHE MACAN,7,E01024347,0,-1
202163A102421,2021,63A102421,1,9,0,18,19,7,3,0,0,0,0,4,0,0,1,1,6,6,1,46,8,2967,2,7,PORSCHE MACAN,8,W01000676,0,-1
2021991079578,2021,991079578,4,9,0,18,19,7,3,0,0,0,0,0,0,0,2,1,6,6,2,22,5,2995,1,2,PORSCHE MACAN,9,-1,0,-1
2021010321430,2021,010321430,3,9,0,9,9,5,2,0,0,2,0,0,0,0,1,1,1,1,1,20,4,2967,2,4,PORSCHE MACAN,2,E01003238,0,-1
2021010321585,2021,010321585,2,9,0,99,99,9,9,99,99,9,9,99,9,99,2,9,6,6,3,-1,-1,1984,1,2,PORSCHE MACAN,5,E01001345,0,-1
2021451069077,2021,451069077,4,9,0,4,4,6,2,0,0,0,0,0,0,0,2,1,6,6,1,32,6,2997,1,3,PORSCHE MACAN,7,E01024459,0,-1
2021430466648,2021,430466648,1,9,0,3,3,2,6,0,0,1,0,0,0,0,2,1,3,7,1,48,8,2995,1,1,PORSCHE MACAN,10,E01016289,0,-1
2021010337707,2021,010337707,1,9,3,18,19,3,7,0,0,1,0,0,0,0,4,1,2,2,1,56,9,2995,1,0,PORSCHE MACAN,5,E01004644,0,-1
2021122100383,2021,122100383,1,9,0,18,19,1,5,9,9,1,0,10,7,2,3,1,6,6,1,70,10,2967,2,6,PORSCHE MACAN,6,E01027868,0,-1
2021411025304,2021,411025304,1,9,0,5,5,6,2,0,0,4,0,0,0,0,3,1,5,6,1,50,8,2997,1,4,PORSCHE MACAN,9,E01023726,0,-1
2021010313199,2021,010313199,1,9,0,99,99,9,9,99,99,9,9,99,9,99,2,9,6,6,1,79,11,1984,1,2,PORSCHE MACAN,10,E01003474,0,-1
20211382D0401,2021,1382D0401,2,9,0,18,19,3,7,0,0,0,0,0,0,0,1,1,6,6,1,29,6,2997,1,4,PORSCHE MACAN,8,E01011655,0,-1
202134WNC0081,2021,34WNC0081,2,9,0,18,19,5,1,0,0,0,0,0,0,0,2,1,1,1,1,51,8,2967,2,5,PORSCHE MACAN,10,E01027165,0,-1
2021411051798,2021,411051798,2,9,0,5,5,7,3,0,0,0,0,0,0,0,1,1,6,6,1,68,10,2995,1,0,PORSCHE MACAN,10,E01023887,0,-1
2021302102078,2021,302102078,1,9,0,13,13,6,2,0,0,0,0,0,0,0,4,1,6,6,3,-1,-1,2967,2,5,PORSCHE MACAN,5,E01019456,0,-1
2021010333644,2021,010333644,1,9,0,7,7,5,8,0,0,2,0,0,0,0,1,1,6,6,1,43,7,2967,2,6,PORSCHE MACAN,6,E01002844,0,-1
2021520104717,2021,520104717,2,9,0,18,19,2,6,0,0,1,0,0,3,9,1,1,6,6,1,74,10,2997,1,4,PORSCHE MACAN,5,E01020506,0,-1
2021010318908,2021,010318908,1,9,0,99,99,9,9,99,99,9,9,99,9,99,1,9,6,6,2,32,6,1984,1,1,PORSCHE MACAN,2,E01000143,0,-1
2021010356776,2021,010356776,2,9,9,99,99,9,9,99,99,9,9,99,9,99,9,9,6,6,3,-1,-1,1984,1,2,PORSCHE MACAN,-1,-1,0,-1
2021451089302,2021,451089302,2,9,0,18,19,4,8,0,0,0,0,0,0,0,1,1,5,6,1,32,6,2967,2,7,PORSCHE MACAN,8,E01030977,0,-1
2021201075918,2021,201075918,2,9,0,18,19,6,2,0,0,0,0,0,0,0,2,1,6,6,1,44,7,1984,1,3,PORSCHE MACAN,3,E01009294,0,-1
2021031032631,2021,031032631,2,9,0,18,19,5,1,0,0,0,0,0,1,11,4,1,5,6,1,55,8,2967,2,4,PORSCHE MACAN,-1,-1,0,-1
2021131086662,2021,131086662,1,9,0,18,19,3,7,0,0,2,0,0,1,11,1,1,6,6,3,-1,-1,2967,2,6,PORSCHE MACAN,-1,-1,0,-1
2021522103510,2021,522103510,2,9,0,1,1,5,1,0,0,0,0,0,0,0,2,1,6,6,2,57,9,2967,2,4,PORSCHE MACAN,8,E01014375,0,-1
2021411092992,2021,411092992,1,9,0,5,5,-1,-1,0,0,1,0,0,0,0,1,1,6,6,2,63,9,2967,2,7,PORSCHE MACAN,8,E01023485,0,-1
2021010323989,2021,010323989,1,9,0,9,9,3,2,0,0,8,0,0,0,0,1,1,6,6,2,68,10,2967,2,6,PORSCHE MACAN,7,E01000256,0,-1
2021010288590,2021,010288590,2,9,0,18,19,3,7,0,0,0,0,0,0,0,1,1,6,6,1,37,7,2967,2,6,PORSCHE MACAN,3,E01001673,0,-1
2021501125180,2021,501125180,1,9,0,18,19,7,3,0,0,1,0,0,1,0,1,1,5,6,1,79,11,1984,1,0,PORSCHE MACAN,5,E01020068,0,-1
2021010297642,2021,010297642,2,9,0,99,99,9,9,99,99,0,9,99,9,99,3,9,6,6,3,-1,-1,1984,1,2,PORSCHE MACAN,5,E01000820,0,-1
2021131098883,2021,131098883,1,9,0,4,4,5,1,0,0,0,0,0,0,0,2,1,6,6,2,48,8,1984,1,3,PORSCHE MACAN,9,E01011180,0,-1
2021411029052,2021,411029052,2,9,0,4,4,5,1,0,0,0,0,0,0,0,2,1,5,6,2,50,8,1984,1,1,PORSCHE MACAN,7,E01023450,0,-1
2021122100898,2021,122100898,2,9,2,3,3,5,1,0,0,0,0,0,0,0,0,1,6,6,1,74,10,1984,1,1,PORSCHE MACAN,9,E01005906,0,-1
2021010331628,2021,010331628,1,9,0,16,19,3,7,0,0,1,0,0,0,0,1,1,1,1,1,43,7,2995,1,2,PORSCHE MACAN,5,E01000239,0,-1
2021451019504,2021,451019504,2,9,0,18,19,3,7,0,0,4,0,0,0,0,2,1,5,6,1,52,8,2995,1,2,PORSCHE MACAN,10,E01030998,0,-1
2021451047771,2021,451047771,1,9,0,18,19,5,1,0,0,0,0,0,0,0,4,1,5,6,1,47,8,3604,1,5,PORSCHE MACAN,9,E01022600,0,-1
2021440014928,2021,440014928,1,9,0,5,5,6,2,0,0,4,0,0,0,0,4,1,2,2,1,57,9,2995,1,2,PORSCHE MACAN,8,E01023171,0,-1
2021010315716,2021,010315716,2,9,0,99,99,9,9,99,99,9,9,99,9,99,9,9,6,6,3,-1,-1,2995,1,1,PORSCHE MACAN,-1,-1,0,-1
2021501090541,2021,501090541,1,9,0,18,19,1,5,0,0,0,0,0,0,0,3,1,5,6,1,58,9,2995,1,1,PORSCHE MACAN,10,E01018014,0,-1
2021451029250,2021,451029250,1,3,0,18,19,1,5,0,0,0,0,0,0,0,1,1,5,6,1,38,7,124,1,6,-1,6,E01031673,0,-1
2021041128413,2021,041128413,1,3,0,18,19,7,3,0,0,0,0,0,0,0,1,1,5,6,1,25,5,124,1,6,-1,7,E01025079,0,-1
2021131121602,2021,131121602,2,3,0,18,19,3,7,0,0,1,0,0,0,0,3,1,1,1,1,28,6,125,1,6,-1,1,E01011750,0,-1
2021471065828,2021,471065828,1,3,0,5,5,3,7,0,0,2,0,0,0,0,4,1,6,6,1,19,4,124,1,6,-1,3,E01021185,0,-1
2021131052348,2021,131052348,2,3,0,13,13,5,1,0,0,0,1,0,7,11,3,1,5,6,1,25,5,124,1,7,-1,2,E01011740,0,-1
2021070259676,2021,070259676,2,3,0,18,19,4,8,0,0,1,0,0,0,0,1,1,2,2,1,31,6,124,1,6,-1,4,E01018672,0,-1
2021461093335,2021,461093335,1,9,0,5,5,7,3,0,0,7,0,0,0,0,3,1,5,6,1,86,11,5379,1,22,-1,4,E01024387,0,-1
2021061059966,2021,061059966,1,9,0,18,19,4,6,0,0,0,0,0,0,0,1,1,6,6,2,49,8,998,1,4,SUZUKI SWIFT,3,E01006260,0,-1
2021221064530,2021,221064530,1,9,0,17,19,5,2,0,0,0,5,0,2,10,1,1,2,2,2,24,5,1328,1,13,SUZUKI SWIFT,5,E01029016,0,-1
202134WNC3501,2021,34WNC3501,1,9,0,17,19,6,2,0,0,0,5,0,2,10,1,1,2,2,1,60,9,1242,1,5,SUZUKI SWIFT,9,E01027002,0,-1
2021371093539,2021,371093539,1,9,0,2,2,0,0,0,0,0,0,0,0,0,1,1,5,6,2,26,6,1490,1,13,SUZUKI SWIFT,2,E01030036,0,-1
2021138220976,2021,138220976,2,9,0,18,19,4,8,0,0,1,0,0,0,0,2,1,6,6,2,38,7,1328,1,13,SUZUKI SWIFT,1,E01011869,0,-1
2021471026008,2021,471026008,1,9,0,9,9,5,3,0,0,8,0,0,0,0,3,1,1,1,2,62,9,1242,1,5,SUZUKI SWIFT,5,E01031467,0,-1
2021010288147,2021,010288147,1,9,0,11,11,7,3,0,0,8,0,0,0,0,4,1,6,6,1,57,9,1242,1,5,SUZUKI SWIFT,2,E01002314,0,-1
2021401091511,2021,401091511,3,9,0,16,19,2,5,0,0,1,0,0,0,0,1,1,2,2,2,22,5,1242,1,10,SUZUKI SWIFT,6,E01017616,0,-1
2021101021224,2021,101021224,1,9,-1,18,19,3,7,0,0,0,1,0,0,0,1,1,6,6,1,20,4,1328,1,14,SUZUKI SWIFT,3,E01008851,0,-1
2021141069688,2021,141069688,1,9,0,5,5,5,1,0,0,0,0,0,0,0,3,1,6,6,2,32,6,1242,1,6,SUZUKI SWIFT,3,E01007528,0,-1
2021010334222,2021,010334222,1,9,0,6,6,7,7,0,0,0,0,0,0,0,1,1,2,2,1,23,5,1490,1,13,SUZUKI SWIFT,2,E01004669,0,-1
2021131088266,2021,131088266,1,9,0,18,19,1,5,0,0,0,0,0,0,0,1,1,6,6,1,22,5,1328,1,12,SUZUKI SWIFT,1,E01011492,0,-1
2021552100888,2021,552100888,2,9,0,2,2,0,0,0,0,0,0,0,0,0,2,1,6,6,3,-1,-1,1242,1,7,SUZUKI SWIFT,-1,-1,0,-1
2021451116238,2021,451116238,2,9,0,15,15,7,1,0,0,0,0,0,0,0,1,1,6,6,2,45,7,1242,1,9,SUZUKI SWIFT,2,E01001700,0,-1
2021421124667,2021,421124667,2,9,0,4,4,2,4,0,0,1,0,0,0,0,2,1,5,6,1,38,7,1490,1,16,SUZUKI SWIFT,7,E01021765,0,-1
2021471065019,2021,471065019,2,9,0,18,19,3,7,0,0,0,0,0,0,0,4,1,5,6,2,31,6,1490,1,12,SUZUKI SWIFT,4,E01031573,0,-1
2021991111279,2021,991111279,1,9,0,18,19,5,1,0,0,1,0,0,0,0,1,1,5,6,1,84,11,1242,1,8,SUZUKI SWIFT,6,-1,0,-1
2021010293091,2021,010293091,1,9,0,99,99,9,9,99,99,9,9,99,9,99,9,9,6,6,2,26,6,1490,1,16,SUZUKI SWIFT,3,E01001467,0,-1
2021101034620,2021,101034620,2,9,0,10,10,8,4,0,0,1,0,0,0,0,3,1,5,6,1,20,4,1328,1,14,SUZUKI SWIFT,7,E01008473,0,-1
2021010304797,2021,010304797,1,9,0,13,13,3,7,0,0,0,0,0,0,0,1,1,6,6,1,74,10,1242,1,6,SUZUKI SWIFT,4,E01003900,0,-1
2021552100790,2021,552100790,3,9,0,18,19,1,5,0,0,0,0,0,1,0,4,1,2,2,2,44,7,1242,1,9,SUZUKI SWIFT,7,E01029243,0,-1
2021501132316,2021,501132316,1,9,0,9,9,2,8,0,0,1,0,0,0,0,3,1,1,1,1,19,4,1248,2,11,SUZUKI SWIFT,4,E01018919,0,-1
2021440308362,2021,440308362,3,9,0,3,3,7,3,0,0,0,0,0,0,0,2,1,6,6,1,20,4,1328,1,12,SUZUKI SWIFT,8,E01014391,0,-1
2021622100034,2021,622100034,1,9,0,18,19,4,8,0,0,2,0,0,0,0,1,1,6,6,2,32,6,1328,1,13,SUZUKI SWIFT,3,W01001265,0,-1
2021501119542,2021,501119542,1,9,0,9,9,7,5,0,0,6,0,0,0,0,0,1,6,6,1,57,9,1298,1,23,SUZUKI SWIFT,2,E01018857,0,-1
2021371144201,2021,371144201,3,9,0,2,2,5,5,0,0,0,0,0,0,0,1,1,6,6,3,-1,-1,1373,1,3,SUZUKI SWIFT,-1,-1,0,-1
2021131076402,2021,131076402,2,9,0,18,19,1,5,0,0,1,0,0,0,0,1,1,6,6,2,59,9,1586,1,6,SUZUKI SWIFT,10,E01013371,0,-1
2021211089092,2021,211089092,1,9,0,18,19,1,5,0,0,0,0,0,0,0,2,1,2,2,2,50,8,1242,1,7,SUZUKI SWIFT,8,E01018428,0,-1
202131A051921,2021,31A051921,2,9,0,2,2,0,0,9,9,1,0,0,0,0,2,1,6,6,3,-1,-1,1586,1,6,SUZUKI SWIFT,-1,-1,0,-1
2021010290152,2021,010290152,1,9,0,18,19,1,5,0,0,8,0,0,1,0,1,1,6,6,1,27,6,1490,1,14,SUZUKI SWIFT,3,E01001436,0,-1
2021461046661,2021,461046661,1,9,0,4,4,7,3,0,0,0,1,0,0,0,1,1,1,1,1,39,7,1242,1,2,SUZUKI SWIFT,2,E01003197,0,-1
2021361028260,2021,361028260,3,9,0,2,2,0,0,0,0,0,0,4,0,0,2,1,5,6,2,29,6,1490,1,14,SUZUKI SWIFT,6,E01026430,0,-1
2021111094346,2021,111094346,3,9,0,18,19,1,5,0,0,0,0,0,0,0,1,1,6,6,2,56,9,998,1,2,SUZUKI SWIFT,2,E01008874,0,-1
2021461050223,2021,461050223,2,9,0,18,19,6,2,0,0,0,5,0,1,0,1,1,6,6,1,58,9,1490,1,14,SUZUKI SWIFT,1,E01024148,0,-1
2021122100622,2021,122100622,2,9,0,17,19,5,1,0,0,0,0,0,0,0,1,1,6,6,2,21,5,1328,1,15,SUZUKI SWIFT,10,E01027598,0,-1
2021421114764,2021,421114764,2,9,0,17,19,3,7,0,0,1,0,0,0,0,1,1,6,6,2,57,9,1242,1,10,SUZUKI SWIFT,3,E01021842,0,-1
2021052100579,2021,052100579,2,9,0,18,19,6,2,0,0,8,0,0,0,0,3,1,6,6,2,22,5,998,8,2,SUZUKI SWIFT,9,E01006889,0,-1
2021052102384,2021,052102384,1,9,0,4,4,3,7,0,0,1,1,0,0,0,1,1,2,2,2,35,6,1490,1,14,SUZUKI SWIFT,7,E01006800,0,-1