collision_index,collision_year,collision_ref_no,vehicle_reference,vehicle_type,towing_and_articulation,vehicle_manoeuvre_historic,vehicle_manoeuvre,vehicle_direction_from,vehicle_direction_to,vehicle_location_restricted_lane_historic,vehicle_location_restricted_lane,junction_location,skidding_and_overturning,hit_object_in_carriageway,vehicle_leaving_carriageway,hit_object_off_carriageway,first_point_of_impact,vehicle_left_hand_drive,journey_purpose_of_driver_historic,journey_purpose_of_driver,sex_of_driver,age_of_driver,age_band_of_driver,engine_capacity_cc,propulsion_code,age_of_vehicle,generic_make_model,driver_imd_decile,lsoa_of_driver,escooter_flag,driver_distance_banding
2021471076486,2021,471076486,2,9,0,2,2,0,0,0,0,0,0,0,0,0,4,1,6,6,3,-1,-1,1490,1,15,SUZUKI SWIFT,-1,-1,0,-1
2021221040045,2021,221040045,2,9,0,5,5,7,5,0,0,6,0,0,0,0,1,1,2,2,2,22,5,1242,1,6,SUZUKI SWIFT,1,E01014120,0,-1
2021545694021,2021,545694021,1,9,0,9,9,4,2,0,0,5,0,0,0,0,4,1,6,6,1,44,7,1242,1,3,SUZUKI SWIFT,5,E01032075,0,-1
2021421057926,2021,421057926,1,9,0,5,5,5,1,0,0,0,0,0,0,0,0,1,5,6,1,79,11,1242,1,8,SUZUKI SWIFT,6,E01015945,0,-1
2021411038131,2021,411038131,1,9,0,18,19,-1,-1,0,0,0,0,0,0,0,1,1,2,2,2,40,7,1490,1,14,SUZUKI SWIFT,4,E01023350,0,-1
2021361068438,2021,361068438,2,9,0,4,4,1,4,0,0,1,0,0,0,0,2,1,5,6,2,25,5,1242,1,9,SUZUKI SWIFT,5,E01003110,0,-1
2021010348533,2021,010348533,2,9,0,9,9,4,1,0,0,8,0,0,0,0,3,1,3,7,1,42,7,1490,1,14,SUZUKI SWIFT,2,E01003943,0,-1
2021010318960,2021,010318960,2,9,0,99,99,9,9,99,99,0,9,99,9,99,2,1,6,6,2,29,6,998,1,3,SUZUKI SWIFT,4,E01001635,0,-1
2021010297987,2021,010297987,2,9,0,18,19,1,5,0,0,8,0,0,1,0,0,1,1,1,1,31,6,1328,1,13,SUZUKI SWIFT,7,E01023863,0,-1
2021052101451,2021,052101451,2,9,0,18,19,3,7,0,0,8,0,0,0,0,4,1,6,6,2,68,10,998,1,3,SUZUKI SWIFT,6,E01007213,0,-1
2021010296910,2021,010296910,1,9,0,2,2,0,0,0,0,0,0,0,0,0,2,1,6,6,3,-1,-1,1490,1,12,SUZUKI SWIFT,-1,-1,0,-1
2021522200272,2021,522200272,1,9,0,18,19,8,4,0,0,0,0,0,0,0,1,1,6,6,2,55,8,998,1,3,SUZUKI SWIFT,6,E01014960,0,-1
2021161118691,2021,161118691,1,9,0,9,9,5,3,0,0,1,0,0,0,0,2,1,6,6,2,31,6,1197,8,0,SUZUKI SWIFT,1,E01013229,0,-1
2021320728386,2021,320728386,1,9,0,9,9,8,6,0,0,6,0,0,7,0,1,1,2,2,2,38,7,1242,8,1,SUZUKI SWIFT,7,E01026372,0,-1
2021111087295,2021,111087295,2,9,0,2,2,2,6,0,0,1,1,0,0,0,2,1,6,6,3,-1,-1,1328,1,12,SUZUKI SWIFT,-1,-1,0,-1
2021201081489,2021,201081489,2,9,0,18,19,2,5,0,0,8,0,0,0,0,3,1,6,6,1,26,6,1586,1,13,SUZUKI SWIFT,3,E01010042,0,-1
2021122100880,2021,122100880,2,9,0,18,19,4,8,0,0,8,1,0,0,0,1,1,6,6,2,71,10,1328,1,11,SUZUKI SWIFT,6,E01027628,0,-1
2021061036803,2021,061036803,1,9,0,10,10,4,2,0,0,8,0,0,0,0,1,1,6,6,1,78,11,1242,1,5,SUZUKI SWIFT,-1,-1,0,-1
2021549982121,2021,549982121,2,9,0,9,9,7,5,0,0,1,0,0,0,0,4,1,6,6,2,24,5,1242,1,7,SUZUKI SWIFT,9,E01031878,0,-1
2021031133884,2021,031133884,1,9,0,18,19,5,1,0,0,0,0,0,0,0,1,1,2,2,2,20,4,1242,1,5,SUZUKI SWIFT,2,E01019285,0,-1
2021622100169,2021,622100169,2,9,0,9,9,2,8,0,0,8,0,0,0,0,1,1,6,6,1,34,6,1586,1,8,SUZUKI SWIFT,1,W01000885,0,-1
2021010340683,2021,010340683,3,9,0,3,3,1,5,0,0,0,0,0,0,0,2,1,6,6,2,67,10,1490,1,13,SUZUKI SWIFT,3,E01002547,0,-1
2021052102097,2021,052102097,2,9,0,10,10,4,2,0,0,1,0,0,0,0,2,1,6,6,2,36,7,1242,1,8,SUZUKI SWIFT,4,E01006554,0,-1
2021545393121,2021,545393121,1,9,0,4,4,3,7,0,0,4,0,0,0,0,3,1,6,6,1,58,9,1242,1,8,SUZUKI SWIFT,8,E01031977,0,-1
2021471050787,2021,471050787,1,9,0,9,9,3,1,0,0,1,0,0,0,0,3,1,6,6,1,-1,-1,1490,1,15,SUZUKI SWIFT,8,E01016980,0,-1
2021061030647,2021,061030647,1,9,0,18,19,5,5,0,0,1,0,0,0,0,1,1,6,6,3,-1,-1,1328,1,15,SUZUKI SWIFT,-1,-1,0,-1
2021302100450,2021,302100450,1,9,0,18,19,6,2,0,0,0,5,0,5,6,3,1,6,6,1,19,4,1242,1,4,SUZUKI SWIFT,3,E01027977,0,-1
2021622100569,2021,622100569,1,9,0,18,19,3,7,0,0,0,1,7,7,10,1,1,6,6,2,29,6,1328,1,12,SUZUKI SWIFT,1,W01001002,0,-1
2021451125499,2021,451125499,1,9,0,16,19,4,1,0,0,1,1,0,1,4,3,1,5,6,1,18,4,1328,1,11,SUZUKI SWIFT,10,E01030922,0,-1
2021010332201,2021,010332201,1,9,0,99,99,9,9,99,99,9,9,99,9,99,9,9,6,6,1,54,8,1242,1,8,SUZUKI SWIFT,5,E01000274,0,-1
2021361072645,2021,361072645,2,9,0,5,5,1,5,0,0,4,0,0,0,0,1,1,5,6,2,85,11,1242,1,6,SUZUKI SWIFT,3,E01026753,0,-1
2021010343667,2021,010343667,1,9,0,5,5,3,7,0,0,1,0,0,0,0,4,1,6,6,2,59,9,1490,1,15,SUZUKI SWIFT,5,E01000505,0,-1
2021991090061,2021,991090061,2,9,0,13,13,1,5,0,0,0,0,0,0,0,4,1,5,6,2,20,4,1328,1,13,SUZUKI SWIFT,5,-1,0,-1
2021320721068,2021,320721068,2,9,0,18,19,4,8,0,0,0,0,0,0,0,3,1,6,6,1,55,8,1242,1,2,SUZUKI SWIFT,5,E01026224,0,-1
2021010295721,2021,010295721,2,9,0,99,99,9,9,99,99,9,9,99,9,99,1,9,6,6,3,18,4,1490,1,14,SUZUKI SWIFT,4,E01004576,0,-1
202163A101321,2021,63A101321,1,9,0,16,19,1,4,0,0,0,2,0,1,9,4,1,6,6,2,17,4,1328,1,14,SUZUKI SWIFT,5,W01000533,0,-1
2021451094031,2021,451094031,1,9,0,18,19,5,1,0,0,0,0,0,0,0,1,1,5,6,1,24,5,1242,1,6,SUZUKI SWIFT,2,E01017032,0,-1
2021201144376,2021,201144376,1,9,0,18,19,4,8,0,0,6,0,0,0,0,3,1,6,6,2,27,6,1242,1,7,SUZUKI SWIFT,3,E01009977,0,-1
2021122100906,2021,122100906,2,9,0,17,19,7,3,0,0,8,0,0,0,0,3,1,6,6,2,27,6,1328,1,13,SUZUKI SWIFT,6,E01027889,0,-1
2021430498470,2021,430498470,1,9,0,18,19,5,1,0,0,0,0,0,0,0,2,1,6,6,2,45,7,1242,8,3,SUZUKI SWIFT,8,E01016286,0,-1
2021010294228,2021,010294228,1,9,0,99,99,9,9,99,99,9,9,99,9,99,2,9,6,6,2,25,5,1328,1,11,SUZUKI SWIFT,6,E01004151,0,-1
2021010310080,2021,010310080,1,9,0,5,5,1,5,9,9,0,0,0,0,0,1,1,6,6,1,60,9,1490,1,16,SUZUKI SWIFT,3,E01002528,0,-1
2021991030096,2021,991030096,1,9,0,18,19,6,2,0,0,1,1,0,0,0,1,1,6,6,2,45,7,998,1,2,SUZUKI SWIFT,10,-1,0,-1
2021501094256,2021,501094256,1,9,0,1,1,1,5,0,0,8,0,0,0,0,2,1,6,6,1,47,8,1242,8,1,SUZUKI SWIFT,8,E01032153,0,-1
2021461067897,2021,461067897,2,9,0,18,19,1,5,0,0,0,0,0,1,0,3,1,6,6,2,60,9,1490,1,11,SUZUKI SWIFT,7,E01024727,0,-1
2021010326366,2021,010326366,1,9,0,18,19,5,1,0,0,1,0,0,0,0,1,1,2,2,2,32,6,1242,1,8,SUZUKI SWIFT,7,E01000225,0,-1
2021440471021,2021,440471021,2,9,0,18,19,8,4,0,0,8,0,0,0,0,1,1,6,6,1,41,7,1242,8,1,SUZUKI SWIFT,7,E01004775,0,-1
202163C071421,2021,63C071421,1,9,0,16,19,2,5,0,0,0,5,0,2,7,4,1,2,2,2,29,6,1248,2,12,SUZUKI SWIFT,6,W01000595,0,-1
2021131089241,2021,131089241,1,9,0,18,19,7,3,0,0,0,0,0,0,0,1,1,5,6,2,36,7,1242,1,4,SUZUKI SWIFT,8,E01011886,0,-1
2021041114682,2021,041114682,1,9,0,18,19,1,5,0,0,1,0,4,0,0,1,1,5,6,1,27,6,1242,1,6,SUZUKI SWIFT,-1,-1,0,-1
2021201148552,2021,201148552,2,9,0,2,2,0,0,0,0,0,0,0,0,0,1,1,6,6,2,52,8,1242,1,7,SUZUKI SWIFT,5,E01008971,0,-1
2021010299066,2021,010299066,4,9,0,2,2,0,0,0,0,0,0,4,0,0,2,1,6,6,3,-1,-1,1242,1,8,SUZUKI SWIFT,-1,-1,0,-1
2021131061565,2021,131061565,1,9,0,17,19,3,5,0,0,2,0,0,0,0,2,1,5,6,2,45,7,998,1,4,SUZUKI SWIFT,1,E01011360,0,-1
2021010341644,2021,010341644,1,9,0,9,9,7,4,0,0,0,0,0,7,3,1,1,6,6,2,40,7,998,1,3,SUZUKI SWIFT,5,E01017913,0,-1
2021461129167,2021,461129167,1,9,0,7,7,5,7,0,0,1,0,0,0,0,1,1,6,6,1,19,4,1248,2,15,SUZUKI SWIFT,7,E01024592,0,-1
2021421041185,2021,421041185,1,9,0,18,19,4,8,0,0,0,1,0,1,0,1,1,6,6,1,21,5,1242,8,1,SUZUKI SWIFT,-1,-1,0,-1
2021501051610,2021,501051610,1,9,0,16,19,2,4,0,0,0,0,0,0,0,1,1,6,6,2,17,4,1490,1,14,SUZUKI SWIFT,4,E01020287,0,-1
2021070221198,2021,070221198,1,9,0,7,7,1,2,0,0,6,0,0,0,0,1,1,6,6,2,-1,-1,1242,1,6,SUZUKI SWIFT,8,E01012528,0,-1
2021052101160,2021,052101160,2,9,0,2,2,0,0,0,0,0,0,4,0,0,3,1,6,6,3,-1,-1,1490,1,12,SUZUKI SWIFT,-1,-1,0,-1
2021401078979,2021,401078979,1,9,0,4,4,3,7,0,0,1,0,4,0,0,1,1,2,2,2,32,6,1242,1,6,SUZUKI SWIFT,6,E01017540,0,-1
2021010330899,2021,010330899,4,9,0,2,2,0,0,0,0,1,0,4,0,0,2,1,6,6,3,-1,-1,1328,1,15,SUZUKI SWIFT,-1,-1,0,-1
2021440085508,2021,440085508,1,9,0,9,9,8,5,0,0,8,0,0,0,0,1,1,6,6,1,25,5,1248,2,15,SUZUKI SWIFT,6,E01022824,0,-1
2021501063925,2021,501063925,2,9,0,18,19,5,1,0,0,0,0,0,0,0,1,1,6,6,1,24,5,1586,1,13,SUZUKI SWIFT,4,E01020087,0,-1
2021201144066,2021,201144066,2,9,0,4,4,2,6,0,0,0,0,0,0,0,2,1,6,6,1,-1,-1,1242,1,7,SUZUKI SWIFT,5,E01017021,0,-1
2021122101461,2021,122101461,1,9,0,17,19,6,3,0,0,0,1,0,1,11,1,1,6,6,2,17,4,1248,2,11,SUZUKI SWIFT,5,E01027763,0,-1
2021471065452,2021,471065452,1,9,0,18,19,5,1,0,0,8,0,0,7,2,1,1,6,6,2,61,9,1197,8,0,SUZUKI SWIFT,10,E01021194,0,-1
2021461049540,2021,461049540,2,9,0,18,19,7,3,0,0,1,0,0,0,0,1,1,5,6,2,27,6,993,1,19,SUZUKI SWIFT,6,E01024071,0,-1
2021070314298,2021,070314298,2,9,0,5,5,5,1,0,0,1,0,0,0,0,1,1,6,6,2,52,8,1197,8,0,SUZUKI SWIFT,5,E01018648,0,-1
2021991095271,2021,991095271,1,9,0,3,3,2,6,0,0,1,0,0,0,0,2,1,5,6,1,29,6,1242,1,2,SUZUKI SWIFT,2,-1,0,-1
2021052100026,2021,052100026,1,9,0,18,19,3,7,0,0,0,0,4,0,0,1,1,6,6,3,-1,-1,998,8,2,SUZUKI SWIFT,-1,-1,0,-1
2021501065082,2021,501065082,1,9,0,9,9,1,5,0,0,1,0,0,0,0,4,1,6,6,2,24,5,998,1,4,SUZUKI SWIFT,6,E01023952,0,-1
2021501096551,2021,501096551,1,9,0,4,4,5,1,0,0,0,0,0,0,0,2,1,6,6,2,58,9,1490,1,14,SUZUKI SWIFT,8,E01020240,0,-1
2021031063883,2021,031063883,1,9,0,9,9,3,7,0,0,0,0,0,0,0,1,1,5,6,2,-1,-1,1242,8,1,SUZUKI SWIFT,6,E01027628,0,-1
2021320188619,2021,320188619,1,9,0,17,19,4,8,0,0,0,2,0,0,0,1,1,6,6,1,18,4,1586,1,14,SUZUKI SWIFT,10,E01026233,0,-1
2021122101061,2021,122101061,1,9,0,18,19,3,7,0,0,0,0,0,0,0,1,1,2,2,2,19,4,1328,1,14,SUZUKI SWIFT,4,E01027835,0,-1
2021320571262,2021,320571262,2,9,0,18,19,1,5,0,0,1,0,0,0,0,1,1,6,6,2,38,7,998,1,4,SUZUKI SWIFT,8,E01026269,0,-1
2021010345072,2021,010345072,2,9,0,18,19,1,5,0,0,8,0,0,0,0,1,1,6,6,1,30,6,1242,1,9,SUZUKI SWIFT,1,E01004420,0,-1
2021531120707,2021,531120707,1,9,0,18,19,2,5,0,0,0,1,0,0,0,1,1,6,6,2,43,7,998,8,4,SUZUKI SWIFT,9,E01022207,0,-1
2021451076027,2021,451076027,2,9,0,18,19,5,1,0,0,1,0,0,0,0,1,1,1,1,2,33,6,1197,8,0,SUZUKI SWIFT,9,E01030660,0,-1
2021010302845,2021,010302845,1,9,0,18,19,3,7,99,99,9,0,0,0,0,2,1,6,6,3,48,8,1242,1,9,SUZUKI SWIFT,6,E01002335,0,-1
2021070548094,2021,070548094,2,9,0,4,4,7,3,0,0,0,0,0,0,0,1,1,6,6,2,55,8,1242,8,1,SUZUKI SWIFT,10,E01018687,0,-1
2021991016598,2021,991016598,4,9,0,2,2,0,0,0,0,0,0,10,1,11,2,1,6,6,3,-1,-1,1242,1,6,SUZUKI SWIFT,-1,-1,0,-1
2021161079402,2021,161079402,1,9,0,12,12,8,4,0,0,0,0,0,1,0,3,1,5,6,2,37,7,1242,1,4,SUZUKI SWIFT,1,E01017280,0,-1
2021451064713,2021,451064713,2,9,0,18,19,7,3,0,0,0,0,0,0,0,2,1,2,2,1,24,5,998,8,3,SUZUKI SWIFT,6,E01021145,0,-1
2021031084375,2021,031084375,1,9,0,9,9,7,2,0,0,2,0,0,0,0,3,1,6,6,2,40,7,1242,1,7,SUZUKI SWIFT,5,E01019220,0,-1
2021440025099,2021,440025099,1,9,0,18,19,4,8,0,0,0,1,0,8,10,3,1,2,2,2,37,7,1490,1,14,SUZUKI SWIFT,8,W01001244,0,-1
2021101093595,2021,101093595,3,9,0,4,4,3,7,0,0,0,0,0,0,0,2,1,5,6,2,26,6,1586,1,12,SUZUKI SWIFT,5,E01027500,0,-1
2021501108286,2021,501108286,2,9,0,4,4,1,5,0,0,0,0,0,0,0,2,1,1,1,2,38,7,1490,1,14,SUZUKI SWIFT,4,E01019037,0,-1
2021421096292,2021,421096292,2,9,0,9,9,7,3,0,0,2,0,0,0,0,4,1,1,1,2,54,8,998,8,2,SUZUKI SWIFT,5,E01022008,0,-1
2021461109918,2021,461109918,3,9,0,2,2,0,0,0,0,1,0,0,0,0,4,1,5,6,3,-1,-1,998,1,4,SUZUKI SWIFT,-1,-1,0,-1
2021010314854,2021,010314854,1,9,0,18,19,6,2,0,0,0,0,0,0,0,1,1,6,6,2,84,11,1490,1,11,SUZUKI SWIFT,10,E01003835,0,-1
2021311115913,2021,311115913,2,9,0,4,4,4,4,0,0,3,0,0,0,0,1,1,6,6,1,30,6,1490,1,14,SUZUKI SWIFT,6,E01013928,0,-1
2021201044539,2021,201044539,1,9,0,9,9,1,5,0,0,4,0,0,0,0,1,1,6,6,2,58,9,1328,1,14,SUZUKI SWIFT,7,E01010081,0,-1
2021231095138,2021,231095138,2,9,0,18,19,2,6,0,0,8,0,0,0,0,1,1,5,6,1,26,6,1586,1,11,SUZUKI SWIFT,9,E01031328,0,-1
2021522201336,2021,522201336,1,9,0,9,9,6,4,0,0,8,0,0,0,0,3,1,6,6,2,30,6,1242,1,6,SUZUKI SWIFT,4,E01014573,0,-1
2021141063976,2021,141063976,1,9,0,16,19,1,5,0,0,0,0,0,0,0,1,1,3,7,2,41,7,1242,1,8,SUZUKI SWIFT,1,E01008123,0,-1
2021141097021,2021,141097021,1,9,0,18,19,2,6,0,0,1,0,0,0,0,1,1,1,1,2,42,7,1490,1,12,SUZUKI SWIFT,1,E01007327,0,-1
2021101079985,2021,101079985,1,9,0,18,19,5,1,0,0,2,1,0,1,0,1,1,5,6,1,18,4,1586,1,12,SUZUKI SWIFT,8,E01027356,0,-1
2021010296081,2021,010296081,1,9,0,99,99,9,9,99,99,9,9,99,9,99,9,9,6,6,1,21,5,1242,1,10,SUZUKI SWIFT,3,E01002408,0,-1
202131A061921,2021,31A061921,1,9,0,18,19,8,4,0,0,1,0,0,1,0,1,1,2,2,2,66,10,1242,1,2,SUZUKI SWIFT,5,E01027998,0,-1
2021061047588,2021,061047588,3,9,0,18,19,1,5,0,0,0,0,0,0,0,2,1,6,6,1,27,6,1242,1,2,SUZUKI SWIFT,2,E01006241,0,-1
2021543007921,2021,543007921,1,9,0,18,19,6,2,0,0,1,0,0,0,0,1,1,6,6,1,47,8,1242,1,7,SUZUKI SWIFT,6,E01032708,0,-1
2021131066432,2021,131066432,2,9,0,18,19,1,5,0,0,8,0,0,0,0,1,1,5,6,2,30,6,1328,1,13,SUZUKI SWIFT,2,E01011166,0,-1
2021041089206,2021,041089206,1,9,0,18,19,7,3,0,0,0,5,0,1,0,2,1,2,2,2,24,5,1586,1,5,SUZUKI SWIFT,3,E01012658,0,-1
2021131121298,2021,131121298,1,9,0,9,9,1,1,0,0,6,0,0,0,0,1,1,5,6,2,20,4,1242,1,8,SUZUKI SWIFT,2,E01027980,0,-1
2021440291187,2021,440291187,2,9,0,7,7,5,1,0,0,8,0,0,0,0,4,1,6,6,2,-1,-1,1490,1,16,SUZUKI SWIFT,2,E01017132,0,-1
2021320658894,2021,320658894,1,9,0,18,19,5,1,0,0,0,1,0,0,0,1,1,2,2,2,66,10,1242,1,7,SUZUKI SWIFT,3,E01026068,0,-1
2021061060072,2021,061060072,1,9,0,18,19,5,6,0,0,0,0,0,0,0,1,1,1,1,1,26,6,1242,1,7,SUZUKI SWIFT,2,E01005450,0,-1
202163B029621,2021,63B029621,2,9,0,17,19,5,2,0,0,8,0,0,1,10,3,1,6,6,1,29,6,1242,1,6,SUZUKI SWIFT,10,W01001843,0,-1
2021430485769,2021,430485769,1,9,0,9,9,8,6,0,0,8,0,0,0,0,3,1,6,6,1,19,4,1242,1,7,SUZUKI SWIFT,5,E01022999,0,-1
2021031116839,2021,031116839,5,9,0,18,19,1,5,0,0,0,1,1,0,0,1,1,2,2,1,48,8,1490,1,14,SUZUKI SWIFT,1,E01019139,0,-1
2021522103783,2021,522103783,1,9,0,18,19,1,5,0,0,6,0,0,0,0,3,1,6,6,2,24,5,1490,1,12,SUZUKI SWIFT,5,E01014530,0,-1
2021041059410,2021,041059410,1,9,0,12,12,1,4,0,0,3,0,0,0,0,3,1,6,6,2,21,5,1328,1,11,SUZUKI SWIFT,9,E01025299,0,-1
2021501112401,2021,501112401,2,9,0,4,4,2,7,0,0,3,0,0,0,0,1,1,5,6,1,49,8,1242,1,3,SUZUKI SWIFT,8,E01018884,0,-1
2021451030672,2021,451030672,1,9,0,18,19,5,1,0,0,0,0,0,0,0,1,1,2,2,1,25,5,1328,1,12,SUZUKI SWIFT,6,E01030633,0,-1
2021991111233,2021,991111233,1,9,0,4,4,6,2,0,0,0,0,0,0,0,2,1,2,2,2,19,4,1328,1,11,SUZUKI SWIFT,-1,-1,0,-1
2021131115078,2021,131115078,1,9,0,4,4,1,5,0,0,0,0,0,0,0,-1,1,6,6,3,-1,-1,1248,2,11,SUZUKI SWIFT,-1,-1,0,-1
2021520102486,2021,520102486,1,9,0,18,19,6,2,0,0,8,0,0,0,0,4,1,6,6,1,22,5,1248,2,9,SUZUKI SWIFT,4,E01029337,0,-1
2021440466752,2021,440466752,2,9,0,7,7,4,6,0,0,1,0,0,0,0,1,1,6,6,1,22,5,1490,1,13,SUZUKI SWIFT,6,E01016268,0,-1
2021461019410,2021,461019410,2,9,0,18,19,2,6,0,0,8,1,10,7,0,1,1,5,6,2,19,4,1328,1,11,SUZUKI SWIFT,7,E01000764,0,-1
2021221119602,2021,221119602,1,9,0,16,19,7,2,0,0,0,1,0,7,0,1,1,5,6,1,24,5,1586,1,7,SUZUKI SWIFT,3,E01029701,0,-1
2021351108167,2021,351108167,1,9,0,18,19,-1,-1,0,0,1,0,0,0,0,1,1,6,6,2,-1,-1,1242,1,8,SUZUKI SWIFT,8,E01018215,0,-1
2021522200481,2021,522200481,1,9,0,18,19,5,8,0,0,8,0,0,0,0,1,1,6,6,1,50,8,1242,8,1,SUZUKI SWIFT,9,E01014965,0,-1
2021501109593,2021,501109593,2,9,0,5,5,1,5,0,0,1,0,0,0,0,3,1,6,6,2,27,6,1490,1,12,SUZUKI SWIFT,4,E01020081,0,-1
2021041036806,2021,041036806,1,9,0,17,19,3,7,0,0,1,0,0,0,0,1,1,1,1,2,61,9,1586,1,5,SUZUKI SWIFT,8,E01025241,0,-1
2021522101420,2021,522101420,2,9,0,18,19,7,3,0,0,0,0,0,0,0,2,1,6,6,1,25,5,1242,1,5,SUZUKI SWIFT,10,E01014966,0,-1
2021010329426,2021,010329426,1,9,0,9,9,1,7,0,0,0,0,0,0,0,1,1,1,1,1,52,8,1242,1,9,SUZUKI SWIFT,3,E01002768,0,-1
2021351090855,2021,351090855,1,9,0,18,19,5,5,0,0,1,0,0,0,0,1,1,2,2,1,22,5,1328,1,16,SUZUKI SWIFT,8,E01018286,0,-1
2021991069132,2021,991069132,1,9,0,17,19,6,2,0,0,0,0,0,0,0,1,1,6,6,1,18,4,1586,1,5,SUZUKI SWIFT,5,-1,0,-1
2021440271848,2021,440271848,2,9,0,3,3,8,3,0,0,0,0,0,0,0,2,1,1,1,2,23,5,998,1,4,SUZUKI SWIFT,1,E01032882,0,-1
2021201049076,2021,201049076,2,9,0,5,5,6,2,0,0,0,0,0,0,0,1,1,6,6,1,20,4,1328,1,15,SUZUKI SWIFT,1,E01009396,0,-1
2021371059635,2021,371059635,3,9,0,4,4,5,1,0,0,1,0,0,0,0,2,1,2,2,1,20,4,1490,1,14,SUZUKI SWIFT,6,E01026904,0,-1
2021031092712,2021,031092712,1,9,0,16,19,4,7,0,0,2,0,0,0,0,1,1,5,6,2,73,10,1197,8,0,SUZUKI SWIFT,8,E01010876,0,-1
2021031140980,2021,031140980,2,9,0,18,19,7,3,0,0,1,0,0,0,0,2,1,1,1,2,31,6,1242,1,9,SUZUKI SWIFT,6,E01019096,0,-1
2021221100853,2021,221100853,1,9,0,7,7,5,8,0,0,3,1,10,0,0,4,1,2,2,2,34,6,1242,1,5,SUZUKI SWIFT,9,E01010215,0,-1
2021131126348,2021,131126348,2,9,0,18,19,5,1,0,0,0,0,0,0,0,1,1,6,6,2,45,7,998,1,4,SUZUKI SWIFT,4,E01033281,0,-1
2021010293629,2021,010293629,1,9,0,1,1,5,1,0,0,0,0,0,0,0,2,1,6,6,3,-1,-1,1242,1,6,SUZUKI SWIFT,-1,-1,0,-1
202163C078621,2021,63C078621,1,9,0,18,19,4,8,0,0,0,0,0,8,10,3,1,6,6,2,68,10,1328,1,14,SUZUKI SWIFT,-1,-1,0,-1
2021302101411,2021,302101411,3,9,0,2,2,0,0,0,0,8,0,0,0,0,4,1,6,6,1,47,8,1328,1,11,SUZUKI SWIFT,6,E01019846,0,-1
202163C040521,2021,63C040521,1,9,0,9,9,8,6,0,0,6,0,0,0,0,1,1,2,2,1,60,9,1242,1,5,SUZUKI SWIFT,2,W01000600,0,-1
202163A069821,2021,63A069821,1,9,0,5,5,6,1,0,0,4,0,0,0,0,1,1,6,6,1,80,11,1242,1,2,SUZUKI SWIFT,3,W01000626,0,-1
2021411052865,2021,411052865,2,9,0,18,19,6,2,0,0,1,0,0,0,0,2,1,5,6,1,74,10,998,1,4,SUZUKI SWIFT,7,E01023434,0,-1
2021520102044,2021,520102044,1,9,0,18,19,5,1,0,0,4,0,0,0,0,1,1,6,6,2,54,8,1242,1,7,SUZUKI SWIFT,1,E01029132,0,-1
2021411093398,2021,411093398,2,9,0,2,2,0,0,0,0,0,0,0,1,0,2,1,6,6,3,-1,-1,1242,1,2,SUZUKI SWIFT,-1,-1,0,-1
2021531115160,2021,531115160,2,9,0,18,19,3,8,0,0,8,0,0,0,0,3,1,5,6,1,41,7,1242,1,5,SUZUKI SWIFT,5,E01022330,0,-1
2021361062637,2021,361062637,2,9,0,18,19,7,3,0,0,0,0,0,0,0,3,1,5,6,2,52,8,1197,8,0,SUZUKI SWIFT,4,E01026656,0,-1
202154B638021,2021,54B638021,1,9,0,14,14,4,8,0,0,2,0,0,0,0,1,1,6,6,2,28,6,1490,1,12,SUZUKI SWIFT,7,E01032079,0,-1
2021122100862,2021,122100862,2,9,0,2,2,0,0,0,0,0,0,0,0,0,4,1,6,6,1,30,6,1490,1,12,SUZUKI SWIFT,8,E01027591,0,-1
2021061070058,2021,061070058,2,9,0,18,19,3,7,0,0,8,0,0,0,0,1,1,6,6,1,29,6,1242,1,9,SUZUKI SWIFT,6,E01005620,0,-1
2021471037491,2021,471037491,1,9,0,1,1,7,3,0,0,6,0,0,3,0,2,1,6,6,3,-1,-1,1328,1,14,SUZUKI SWIFT,-1,-1,0,-1
2021411071070,2021,411071070,2,9,0,3,3,1,4,0,0,7,0,0,0,0,2,1,5,6,1,40,7,1490,1,13,SUZUKI SWIFT,7,E01023963,0,-1
2021302102070,2021,302102070,1,9,0,18,19,6,2,0,0,0,0,0,1,9,1,1,2,2,2,17,4,1328,1,11,SUZUKI SWIFT,7,E01019814,0,-1
2021440508848,2021,440508848,2,9,0,12,12,3,7,0,0,0,0,0,0,0,2,1,2,2,1,20,4,1328,1,15,SUZUKI SWIFT,10,E01032880,0,-1
2021131108155,2021,131108155,2,9,0,18,19,3,7,0,0,0,1,0,0,0,3,1,6,6,2,42,7,1242,1,9,SUZUKI SWIFT,3,E01011783,0,-1
2021991095698,2021,991095698,1,9,0,3,3,6,2,0,0,2,0,0,0,0,0,1,5,6,2,38,7,1242,1,9,SUZUKI SWIFT,4,-1,0,-1
2021101110318,2021,101110318,2,9,0,3,3,7,3,0,0,1,0,0,0,0,2,1,2,2,1,60,9,1242,1,7,SUZUKI SWIFT,3,E01008242,0,-1
2021451104199,2021,451104199,1,9,0,18,19,3,1,0,0,1,0,0,0,0,1,1,6,6,1,49,8,1490,1,13,SUZUKI SWIFT,10,E01023114,0,-1
2021440226682,2021,440226682,1,9,0,18,19,3,7,0,0,0,0,0,0,0,1,1,2,2,2,26,6,1242,1,11,SUZUKI SWIFT,9,E01022674,0,-1
20211382A1154,2021,1382A1154,1,9,0,18,19,7,3,0,0,0,0,0,0,0,1,1,6,6,2,75,10,1328,1,11,SUZUKI SWIFT,7,E01011775,0,-1
2021010332988,2021,010332988,2,9,0,18,19,7,3,0,0,8,0,0,0,0,1,1,6,6,2,71,10,1242,1,8,SUZUKI SWIFT,6,E01000252,0,-1
2021451086763,2021,451086763,1,9,0,3,3,1,7,0,0,1,0,0,0,0,2,1,2,2,1,21,5,998,1,2,SUZUKI SWIFT,8,E01030994,0,-1