collision_index,collision_year,collision_ref_no,vehicle_reference,vehicle_type,towing_and_articulation,vehicle_manoeuvre_historic,vehicle_manoeuvre,vehicle_direction_from,vehicle_direction_to,vehicle_location_restricted_lane_historic,vehicle_location_restricted_lane,junction_location,skidding_and_overturning,hit_object_in_carriageway,vehicle_leaving_carriageway,hit_object_off_carriageway,first_point_of_impact,vehicle_left_hand_drive,journey_purpose_of_driver_historic,journey_purpose_of_driver,sex_of_driver,age_of_driver,age_band_of_driver,engine_capacity_cc,propulsion_code,age_of_vehicle,generic_make_model,driver_imd_decile,lsoa_of_driver,escooter_flag,driver_distance_banding
2021010330862,2021,010330862,2,9,0,18,19,3,7,0,0,0,1,0,0,0,2,1,6,6,1,40,7,1242,1,8,SUZUKI SWIFT,3,E01021764,0,-1
2021211131669,2021,211131669,3,9,-1,17,19,2,7,-1,-1,0,-1,-1,-1,0,-1,1,5,6,2,28,6,1328,1,11,SUZUKI SWIFT,7,E01029805,0,-1
2021101044289,2021,101044289,2,9,0,13,13,5,1,0,0,2,0,0,0,0,1,1,5,6,2,30,6,1490,1,14,SUZUKI SWIFT,4,E01008451,0,-1
2021131090267,2021,131090267,2,9,0,9,9,2,8,0,0,0,0,0,0,0,3,1,5,6,1,34,6,1586,1,6,SUZUKI SWIFT,3,E01011834,0,-1
202131A010721,2021,31A010721,1,9,0,18,19,6,2,0,0,1,0,0,0,0,1,1,6,6,2,54,8,1490,1,14,SUZUKI SWIFT,7,E01028250,0,-1
202106Q079448,2021,06Q079448,2,9,0,3,3,1,5,0,0,1,0,0,0,0,4,1,6,6,1,19,4,998,1,4,SUZUKI SWIFT,1,E01005257,0,-1
2021010337330,2021,010337330,1,9,0,18,19,1,5,0,0,6,5,4,0,0,1,1,6,6,2,50,8,998,1,2,SUZUKI SWIFT,4,E01003268,0,-1
2021421130650,2021,421130650,1,9,0,18,19,1,5,0,0,0,1,0,0,0,1,1,6,6,1,24,5,998,1,3,SUZUKI SWIFT,5,E01024815,0,-1
2021451097704,2021,451097704,2,9,0,13,13,5,1,0,0,0,0,0,0,0,2,1,5,6,1,62,9,1242,1,6,SUZUKI SWIFT,5,E01002616,0,-1
2021201037584,2021,201037584,1,9,0,18,19,4,8,0,0,8,0,10,3,11,1,1,6,6,1,41,7,1242,1,7,SUZUKI SWIFT,4,E01009625,0,-1
2021461057743,2021,461057743,2,9,0,2,2,0,0,0,0,0,0,0,0,0,2,1,6,6,1,-1,-1,1242,1,9,SUZUKI SWIFT,-1,-1,0,-1
2021548697721,2021,548697721,2,9,0,18,19,1,5,0,0,8,0,0,0,0,4,1,6,6,2,26,6,1242,1,8,SUZUKI SWIFT,5,E01031933,0,-1
2021161048985,2021,161048985,2,9,0,18,19,1,3,0,0,1,0,0,0,0,1,1,6,6,2,20,4,1242,1,6,SUZUKI SWIFT,6,E01013023,0,-1
2021122100546,2021,122100546,1,9,0,17,19,1,5,0,0,0,0,0,1,5,1,1,6,6,2,75,10,1242,1,7,SUZUKI SWIFT,8,E01011700,0,-1
2021421018436,2021,421018436,2,9,0,3,3,1,5,0,0,1,0,0,0,0,2,1,6,6,1,22,5,1490,1,15,SUZUKI SWIFT,-1,-1,0,-1
2021201075392,2021,201075392,1,9,0,18,19,8,4,0,0,0,0,7,4,4,4,1,6,6,2,45,7,1242,1,10,SUZUKI SWIFT,1,E01009204,0,-1
2021522200706,2021,522200706,2,9,0,18,19,3,5,0,0,8,0,0,0,0,4,1,6,6,1,20,4,1242,1,5,SUZUKI SWIFT,7,E01029130,0,-1
2021461097821,2021,461097821,1,9,0,18,19,4,8,0,0,0,0,0,0,0,1,1,5,6,2,26,6,1328,1,14,SUZUKI SWIFT,8,E01001402,0,-1
2021622100790,2021,622100790,3,9,0,3,3,8,4,0,0,0,0,0,0,0,2,1,6,6,2,70,10,1242,8,1,SUZUKI SWIFT,7,W01001118,0,-1
2021061081366,2021,061081366,1,9,0,4,4,6,2,0,0,0,0,0,0,0,1,1,6,6,2,19,4,1242,1,9,SUZUKI SWIFT,6,E01006276,0,-1
2021141041418,2021,141041418,2,9,0,18,19,7,3,0,0,1,0,0,0,0,1,1,6,6,1,35,6,1586,1,6,SUZUKI SWIFT,9,E01008023,0,-1
2021131075560,2021,131075560,1,9,0,18,19,5,1,0,0,1,0,0,0,0,1,1,5,6,2,28,6,1242,1,4,SUZUKI SWIFT,9,E01011302,0,-1
2021141102788,2021,141102788,2,9,0,18,19,1,5,0,0,0,1,7,0,0,2,1,5,6,1,40,7,1242,8,1,SUZUKI SWIFT,6,E01010588,0,-1
2021461080118,2021,461080118,2,9,0,18,19,5,1,0,0,0,0,0,0,0,1,1,6,6,2,31,6,1248,2,12,SUZUKI SWIFT,1,E01024657,0,-1
2021461108736,2021,461108736,2,9,0,18,19,5,1,0,0,0,0,0,0,0,2,1,6,6,2,50,8,1373,1,3,SUZUKI SWIFT,10,E01016145,0,-1
2021302100939,2021,302100939,1,9,0,18,19,2,6,0,0,0,0,0,3,11,1,1,6,6,1,24,5,1490,1,13,SUZUKI SWIFT,2,E01019761,0,-1
2021991053260,2021,991053260,2,9,0,9,9,5,1,0,0,1,0,0,0,0,1,1,6,6,2,45,7,1242,1,8,SUZUKI SWIFT,5,-1,0,-1
2021320220201,2021,320220201,1,9,0,13,13,8,4,0,0,1,0,0,0,0,4,1,6,6,1,81,11,1242,1,9,SUZUKI SWIFT,5,E01026052,0,-1
2021131111193,2021,131111193,1,9,0,18,19,3,7,0,0,2,0,0,0,0,1,1,5,6,2,54,8,1242,1,2,SUZUKI SWIFT,9,E01011566,0,-1
2021101105834,2021,101105834,1,9,0,18,19,1,5,0,0,2,0,0,0,0,1,1,5,6,1,17,4,1242,1,9,SUZUKI SWIFT,8,E01033717,0,-1
202154B500421,2021,54B500421,4,9,0,18,19,3,8,0,0,0,0,0,0,0,1,1,2,2,1,22,5,1586,1,10,SUZUKI SWIFT,5,E01031908,0,-1
2021361059220,2021,361059220,1,9,0,18,19,5,1,0,0,1,0,0,0,0,0,1,1,1,1,62,9,998,1,3,SUZUKI SWIFT,2,E01026600,0,-1
2021221058760,2021,221058760,2,9,0,17,19,5,3,0,0,8,0,0,0,0,1,1,2,2,2,45,7,998,1,3,SUZUKI SWIFT,8,E01014179,0,-1
2021221120710,2021,221120710,1,9,0,18,19,2,6,0,0,0,0,0,0,0,1,1,5,6,2,26,6,1242,1,10,SUZUKI SWIFT,6,E01032159,0,-1
2021522104769,2021,522104769,1,9,0,3,3,4,8,0,0,0,0,0,0,0,2,1,6,6,2,28,6,1490,1,14,SUZUKI SWIFT,3,E01022254,0,-1
2021991025526,2021,991025526,1,9,0,18,19,6,2,0,0,0,0,0,0,0,1,1,5,6,1,69,10,1242,1,8,SUZUKI SWIFT,8,-1,0,-1
2021547483621,2021,547483621,2,9,0,17,19,2,6,0,0,0,0,0,7,0,3,1,6,6,1,52,8,1197,8,0,SUZUKI SWIFT,4,E01032090,0,-1
2021061047843,2021,061047843,3,9,0,18,19,8,4,0,0,1,0,0,0,0,3,1,6,6,2,60,9,1328,1,13,SUZUKI SWIFT,1,E01005121,0,-1
2021201028910,2021,201028910,2,9,0,18,19,-1,-1,0,0,0,0,0,0,0,1,1,6,6,2,-1,-1,1242,1,7,SUZUKI SWIFT,3,E01009922,0,-1
2021010342739,2021,010342739,1,9,0,99,99,9,9,99,99,9,9,99,9,99,2,9,6,6,3,-1,-1,1328,1,12,SUZUKI SWIFT,-1,-1,0,-1
2021131041388,2021,131041388,1,9,0,18,19,8,4,0,0,8,5,0,8,0,1,1,5,6,1,30,6,1248,2,12,SUZUKI SWIFT,1,E01011620,0,-1
2021061066085,2021,061066085,1,9,0,18,19,6,2,0,0,0,0,0,0,0,3,1,6,6,2,39,7,1328,1,13,SUZUKI SWIFT,-1,-1,0,-1
2021522102162,2021,522102162,2,9,0,3,3,8,4,0,0,0,0,0,0,0,2,1,6,6,1,33,6,1490,1,16,SUZUKI SWIFT,9,E01014713,0,-1
2021041083366,2021,041083366,1,9,0,18,19,1,5,0,0,0,5,0,0,0,1,1,5,6,1,24,5,1242,1,8,SUZUKI SWIFT,5,E01025387,0,-1
2021010328857,2021,010328857,1,9,0,7,7,5,7,0,0,5,0,0,1,0,4,1,2,2,2,44,7,1490,1,13,SUZUKI SWIFT,2,E01001555,0,-1
2021221058090,2021,221058090,1,9,0,18,19,2,6,0,0,0,0,0,0,0,1,1,6,6,2,27,6,1328,1,13,SUZUKI SWIFT,1,E01009378,0,-1
2021545070921,2021,545070921,2,9,0,4,4,2,6,0,0,1,0,0,0,0,2,1,6,6,2,42,7,1490,1,14,SUZUKI SWIFT,6,E01015585,0,-1
2021061046469,2021,061046469,1,9,0,4,4,3,7,0,0,1,0,0,0,0,3,1,5,6,2,30,6,1242,1,5,SUZUKI SWIFT,8,E01005810,0,-1
2021131108939,2021,131108939,2,9,0,18,19,7,3,0,0,0,0,0,0,0,3,1,5,6,1,32,6,1328,1,13,SUZUKI SWIFT,1,E01011667,0,-1
202106L079139,2021,06L079139,1,9,0,18,19,1,5,0,0,8,0,0,4,0,3,1,6,6,1,30,6,1242,1,10,SUZUKI SWIFT,3,E01006286,0,-1
2021522104854,2021,522104854,1,9,0,3,3,5,1,0,0,1,0,0,0,0,2,1,6,6,1,62,9,1242,1,2,SUZUKI SWIFT,8,E01014705,0,-1
2021430255429,2021,430255429,4,9,0,2,2,0,0,0,0,0,0,0,0,0,3,1,6,6,3,-1,-1,1242,1,7,SUZUKI SWIFT,-1,-1,0,-1
2021221091519,2021,221091519,1,9,0,17,19,1,6,0,0,8,5,0,0,0,1,1,5,6,1,25,5,1242,1,8,SUZUKI SWIFT,4,E01014015,0,-1
2021520102857,2021,520102857,2,9,0,18,19,1,5,0,0,0,0,0,0,0,4,1,6,6,1,58,9,1242,8,1,SUZUKI SWIFT,6,E01029064,0,-1
2021061104752,2021,061104752,2,9,0,18,19,4,8,0,0,8,0,0,0,0,1,1,6,6,2,52,8,1328,1,15,SUZUKI SWIFT,5,E01006355,0,-1
2021111017269,2021,111017269,2,9,0,3,3,4,8,0,0,8,0,0,0,0,2,1,6,6,2,29,6,1328,1,13,SUZUKI SWIFT,4,E01020651,0,-1
2021101031847,2021,101031847,1,9,0,5,5,2,7,0,0,4,0,0,0,0,1,1,5,6,2,23,5,1328,1,12,SUZUKI SWIFT,1,E01008854,0,-1
2021610057121,2021,610057121,1,9,0,2,2,0,0,6,6,0,0,0,0,0,2,1,1,1,2,31,6,1242,1,9,SUZUKI SWIFT,8,W01001508,0,-1
2021201062690,2021,201062690,2,9,0,2,2,0,0,0,0,0,0,0,0,0,1,1,5,6,1,21,5,1242,1,4,SUZUKI SWIFT,-1,-1,0,-1
2021141087163,2021,141087163,2,9,0,18,19,1,1,0,0,1,0,0,0,0,4,1,5,6,1,63,9,1242,1,10,SUZUKI SWIFT,1,E01007372,0,-1
2021461053247,2021,461053247,4,9,0,3,3,1,5,0,0,0,0,0,0,0,2,1,6,6,2,39,7,1490,1,13,SUZUKI SWIFT,8,E01024650,0,-1
2021141120283,2021,141120283,1,9,0,18,19,5,1,0,0,1,0,0,0,0,2,1,2,2,2,33,6,998,1,3,SUZUKI SWIFT,5,E01007909,0,-1
2021061082385,2021,061082385,2,9,0,18,19,4,8,0,0,8,0,0,0,0,1,1,6,6,2,27,6,1242,1,6,SUZUKI SWIFT,1,E01005203,0,-1
2021052101365,2021,052101365,1,9,0,18,19,7,3,0,0,1,0,0,0,0,4,1,6,6,2,22,5,1328,1,13,SUZUKI SWIFT,1,E01006461,0,-1
2021421124985,2021,421124985,2,9,0,18,19,7,3,0,0,0,0,0,7,0,1,1,5,6,2,21,5,1586,1,13,SUZUKI SWIFT,5,E01021720,0,-1
2021302100832,2021,302100832,1,9,0,16,19,4,6,0,0,2,0,0,0,0,1,1,6,6,1,19,4,1242,1,9,SUZUKI SWIFT,9,E01016786,0,-1
2021440017756,2021,440017756,1,9,0,9,9,2,7,0,0,5,0,0,0,0,1,1,6,6,1,52,8,998,1,2,SUZUKI SWIFT,10,E01022745,0,-1
2021010320453,2021,010320453,3,9,0,2,2,0,0,0,0,2,0,0,0,0,1,1,6,6,3,-1,-1,1242,1,7,SUZUKI SWIFT,-1,-1,0,-1
2021320552019,2021,320552019,3,9,0,18,19,4,8,0,0,1,0,0,0,0,1,1,6,6,1,26,6,1490,1,14,SUZUKI SWIFT,5,E01015651,0,-1
2021501064074,2021,501064074,1,9,0,9,9,1,5,0,0,4,0,0,0,0,1,1,5,6,2,56,9,1242,1,6,SUZUKI SWIFT,1,E01015078,0,-1
2021471014352,2021,471014352,1,9,0,18,19,3,7,0,0,0,0,0,0,0,3,1,2,2,2,36,7,1242,1,11,SUZUKI SWIFT,5,E01031663,0,-1
2021010331445,2021,010331445,1,9,0,4,4,1,5,0,0,1,0,0,0,0,1,1,6,6,1,28,6,1490,1,16,SUZUKI SWIFT,1,E01003577,0,-1
2021101039936,2021,101039936,3,9,0,3,3,8,4,0,0,0,0,0,0,0,2,1,6,6,2,-1,-1,1242,1,2,SUZUKI SWIFT,-1,-1,0,-1
2021131121659,2021,131121659,1,9,0,14,14,6,2,0,0,8,0,0,0,0,4,1,6,6,2,60,9,998,1,3,SUZUKI SWIFT,1,E01011362,0,-1
2021161021138,2021,161021138,2,9,0,16,19,2,6,0,0,1,1,0,0,0,1,1,2,2,1,23,5,1242,1,9,SUZUKI SWIFT,-1,-1,0,-1
2021471067163,2021,471067163,2,9,0,18,19,6,2,0,0,8,0,0,0,0,1,1,6,6,2,28,6,1328,1,14,SUZUKI SWIFT,8,E01021077,0,-1
2021991087101,2021,991087101,1,9,0,18,19,4,7,0,0,0,0,0,0,0,4,1,6,6,2,58,9,1490,1,14,SUZUKI SWIFT,6,-1,0,-1
2021371102232,2021,371102232,1,9,0,18,19,8,4,0,0,0,0,0,1,1,1,1,2,2,1,60,9,1242,1,10,SUZUKI SWIFT,6,E01030130,0,-1
2021041050242,2021,041050242,1,9,0,18,19,3,7,0,0,0,5,0,0,0,1,1,2,2,1,24,5,1242,1,5,SUZUKI SWIFT,2,E01012640,0,-1
2021531056844,2021,531056844,2,9,0,18,19,1,5,0,0,1,0,0,0,0,1,1,2,2,2,49,8,1490,1,14,SUZUKI SWIFT,7,E01031887,0,-1
2021610022821,2021,610022821,1,9,0,17,19,2,8,0,0,2,2,0,0,0,4,1,6,6,2,17,4,1328,1,12,SUZUKI SWIFT,6,W01001344,0,-1
2021451092293,2021,451092293,2,9,0,4,4,3,7,0,0,0,0,0,0,0,2,1,2,2,2,25,5,1242,1,10,SUZUKI SWIFT,9,E01023748,0,-1
2021401023111,2021,401023111,1,9,0,18,19,3,7,0,0,0,0,0,7,0,1,1,2,2,1,34,6,998,8,4,SUZUKI SWIFT,10,E01017462,0,-1
2021461021979,2021,461021979,1,9,0,18,19,5,1,0,0,0,1,0,5,0,1,1,1,1,1,40,7,1328,1,14,SUZUKI SWIFT,2,E01024741,0,-1
2021461102897,2021,461102897,1,9,0,7,7,7,1,0,0,0,1,0,0,0,1,1,5,6,1,18,4,1586,1,14,SUZUKI SWIFT,9,E01024734,0,-1
2021371074351,2021,371074351,2,9,0,18,19,8,4,0,0,0,0,0,0,0,3,1,5,6,1,38,7,1242,1,5,SUZUKI SWIFT,6,E01030090,0,-1
2021471086460,2021,471086460,1,9,0,18,19,3,7,0,0,8,2,0,0,0,3,1,5,6,1,26,6,1328,1,14,SUZUKI SWIFT,3,E01020981,0,-1
2021471119898,2021,471119898,1,9,0,5,5,5,1,0,0,0,0,0,0,0,3,1,5,6,2,46,8,1242,1,9,SUZUKI SWIFT,8,E01016980,0,-1
2021201079970,2021,201079970,1,9,0,18,19,-1,-1,0,0,0,0,0,0,0,0,1,6,6,1,34,6,1328,1,13,SUZUKI SWIFT,-1,-1,0,-1
2021061076496,2021,061076496,1,9,0,9,9,5,3,0,0,1,0,0,0,0,4,1,5,6,1,51,8,1242,1,9,SUZUKI SWIFT,1,E01005206,0,-1
2021501060598,2021,501060598,1,9,0,9,9,6,3,0,0,1,0,0,0,0,1,1,5,6,1,74,10,1242,1,7,SUZUKI SWIFT,5,E01018946,0,-1
2021131042984,2021,131042984,2,9,0,9,9,1,7,0,0,6,0,0,0,0,3,1,5,6,1,58,9,1242,1,11,SUZUKI SWIFT,8,E01011496,0,-1
2021061132357,2021,061132357,1,9,0,10,10,6,5,0,0,0,0,0,0,0,2,1,6,6,2,24,5,1328,1,15,SUZUKI SWIFT,5,E01032914,0,-1
2021131119276,2021,131119276,2,9,0,18,19,3,7,0,0,0,0,0,0,0,2,1,5,6,2,37,7,1328,1,12,SUZUKI SWIFT,4,E01011891,0,-1
2021610065921,2021,610065921,3,9,0,5,5,7,3,0,0,1,0,0,0,0,2,1,2,2,2,25,5,1242,1,6,SUZUKI SWIFT,1,W01001400,0,-1
2021131045749,2021,131045749,1,9,0,5,5,7,3,0,0,4,0,0,0,0,2,1,5,6,2,45,7,1328,1,14,SUZUKI SWIFT,1,E01011468,0,-1
2021421097864,2021,421097864,3,9,0,3,3,3,7,0,0,0,0,0,0,0,2,1,6,6,2,63,9,1242,1,2,SUZUKI SWIFT,3,E01021639,0,-1
2021401091448,2021,401091448,2,9,0,9,9,8,2,0,0,0,0,0,0,0,3,1,5,6,2,21,5,998,1,3,SUZUKI SWIFT,4,E01017542,0,-1
2021430224581,2021,430224581,2,9,0,9,9,1,3,0,0,6,0,0,0,0,1,1,2,2,2,23,5,1328,1,11,SUZUKI SWIFT,-1,-1,0,-1
2021461117558,2021,461117558,1,9,0,18,19,4,8,0,0,1,0,0,0,0,1,1,1,1,1,34,6,1328,1,13,SUZUKI SWIFT,1,E01024306,0,-1
2021131080481,2021,131080481,1,9,0,18,19,5,1,0,0,8,0,0,0,0,1,1,2,2,2,50,8,1328,1,15,SUZUKI SWIFT,9,E01010904,0,-1
2021440368369,2021,440368369,3,9,0,18,19,3,7,0,0,1,0,0,0,0,3,1,6,6,1,18,4,1328,1,12,SUZUKI SWIFT,10,E01022688,0,-1
2021122101339,2021,122101339,1,9,0,5,5,3,7,0,0,1,0,0,0,0,4,1,6,6,2,80,11,998,1,4,SUZUKI SWIFT,4,E01013359,0,-1
2021010331016,2021,010331016,1,9,0,99,99,9,9,99,99,9,9,99,9,99,2,9,6,6,2,61,9,1242,1,2,SUZUKI SWIFT,8,E01001413,0,-1
2021131065864,2021,131065864,1,9,0,9,9,2,8,0,0,8,0,0,0,0,3,1,5,6,1,46,8,1328,1,13,SUZUKI SWIFT,3,E01033542,0,-1
2021141076824,2021,141076824,1,9,0,6,6,1,5,0,0,0,0,0,0,0,3,1,1,1,2,27,6,1490,1,16,SUZUKI SWIFT,2,E01007417,0,-1
2021401087133,2021,401087133,2,9,0,4,4,8,2,0,0,1,0,0,0,0,2,1,5,6,2,18,4,1328,1,15,SUZUKI SWIFT,7,E01017511,0,-1
2021622100495,2021,622100495,3,9,0,2,2,0,0,0,0,0,0,0,0,0,2,1,6,6,3,-1,-1,1242,1,6,SUZUKI SWIFT,-1,-1,0,-1
2021501107719,2021,501107719,1,9,0,17,19,4,2,0,0,0,1,0,7,0,2,1,5,6,1,19,4,1248,2,12,SUZUKI SWIFT,4,E01020140,0,-1
2021501135804,2021,501135804,2,9,0,4,4,5,1,0,0,8,0,0,0,0,2,1,6,6,2,24,5,1242,1,10,SUZUKI SWIFT,10,E01020004,0,-1
2021401016006,2021,401016006,1,9,0,18,19,7,3,0,0,0,0,7,0,0,3,1,5,6,2,80,11,998,8,3,SUZUKI SWIFT,7,E01017424,0,-1
2021010334167,2021,010334167,2,9,0,9,9,7,5,0,0,6,0,0,0,0,3,1,6,6,1,34,6,1328,7,15,SUZUKI SWIFT,3,E01003532,0,-1
2021010336771,2021,010336771,1,9,0,18,19,1,5,0,0,8,0,0,0,0,1,1,6,6,1,30,6,1328,1,13,SUZUKI SWIFT,7,E01008585,0,-1
2021221048495,2021,221048495,1,9,0,9,9,2,8,0,0,5,0,0,0,0,1,1,5,6,2,72,10,1242,8,1,SUZUKI SWIFT,6,E01009066,0,-1
2021221030817,2021,221030817,1,9,0,4,4,1,5,0,0,1,0,0,0,0,2,1,5,6,1,22,5,1490,1,14,SUZUKI SWIFT,4,E01018951,0,-1
2021501121937,2021,501121937,1,9,-1,-1,-1,-1,-1,-1,-1,0,-1,-1,-1,0,-1,1,6,6,3,-1,-1,1242,1,5,SUZUKI SWIFT,-1,-1,0,-1
2021461108608,2021,461108608,2,9,0,18,19,4,8,0,0,0,0,0,0,0,2,1,6,6,1,32,6,1328,1,11,SUZUKI SWIFT,5,E01024551,0,-1
2021170L10191,2021,170L10191,2,9,0,18,19,6,2,0,0,0,0,0,0,0,1,1,6,6,1,58,9,993,1,19,SUZUKI SWIFT,4,E01012118,0,-1
2021531027821,2021,531027821,2,9,0,17,19,8,5,0,0,0,0,0,1,0,1,1,2,2,1,56,9,1586,1,8,SUZUKI SWIFT,10,E01022461,0,-1
202131D087821,2021,31D087821,1,9,0,18,19,2,6,0,0,1,0,0,1,5,1,1,6,6,1,37,7,1586,1,9,SUZUKI SWIFT,3,E01028127,0,-1
2021010330862,2021,010330862,1,9,0,18,19,3,7,0,0,0,0,0,0,0,1,1,6,6,3,-1,-1,1242,1,8,SUZUKI SWIFT,-1,-1,0,-1
2021440428360,2021,440428360,2,9,0,10,10,7,3,0,0,1,0,0,0,0,1,1,6,6,2,19,4,1242,1,2,SUZUKI SWIFT,8,E01022502,0,-1
2021231077909,2021,231077909,1,9,0,16,19,4,7,0,0,0,0,0,0,0,1,1,2,2,1,72,10,993,1,24,SUZUKI SWIFT,7,E01031212,0,-1
2021010351648,2021,010351648,2,9,0,18,19,1,5,0,0,6,0,0,0,0,3,1,1,1,1,25,5,1242,1,10,SUZUKI SWIFT,-1,-1,0,-1
2021131101244,2021,131101244,2,9,0,6,6,1,1,1,1,1,0,0,0,0,3,1,6,6,1,29,6,1242,1,7,SUZUKI SWIFT,3,E01010662,0,-1
2021170S11151,2021,170S11151,1,9,0,18,19,6,2,0,0,0,0,0,0,0,1,1,6,6,1,59,9,998,8,3,SUZUKI SWIFT,7,E01012207,0,-1
2021201101184,2021,201101184,1,9,0,18,19,8,4,0,0,0,0,0,0,0,1,1,6,6,1,33,6,1490,1,16,SUZUKI SWIFT,2,E01010314,0,-1
2021101108102,2021,101108102,2,9,0,18,19,5,1,0,0,1,0,0,1,0,1,1,5,6,2,65,9,1242,8,1,SUZUKI SWIFT,6,E01027476,0,-1
2021010318018,2021,010318018,1,9,0,9,9,1,6,0,0,1,0,0,0,0,1,1,6,6,2,62,9,1242,1,8,SUZUKI SWIFT,2,E01003168,0,-1
2021201060662,2021,201060662,2,9,0,18,19,3,7,0,0,0,0,0,0,0,2,1,6,6,1,67,10,1242,1,2,SUZUKI SWIFT,4,E01026028,0,-1
2021041016327,2021,041016327,1,9,0,9,9,1,3,0,0,0,0,0,0,0,3,1,1,1,2,50,8,1242,1,8,SUZUKI SWIFT,-1,-1,0,-1
2021371044842,2021,371044842,1,9,0,12,12,4,8,0,0,0,0,0,0,0,4,1,5,6,1,45,7,1490,1,12,SUZUKI SWIFT,10,E01030206,0,-1
2021010339370,2021,010339370,1,9,0,18,19,5,1,9,9,0,0,0,1,11,3,1,6,6,1,21,5,1490,1,13,SUZUKI SWIFT,-1,-1,0,-1
2021622100138,2021,622100138,1,9,0,18,19,5,1,0,0,0,0,0,1,11,1,1,6,6,2,53,8,1490,1,13,SUZUKI SWIFT,3,W01001018,0,-1
2021010319350,2021,010319350,1,9,0,5,5,3,7,1,1,6,0,0,0,0,1,1,2,2,2,19,4,1242,1,7,SUZUKI SWIFT,10,E01000793,0,-1
2021991082378,2021,991082378,3,9,0,17,19,8,4,0,0,0,0,0,0,0,1,1,1,1,1,24,5,1586,1,7,SUZUKI SWIFT,9,-1,0,-1
2021161035009,2021,161035009,1,9,0,3,3,7,3,0,0,0,0,0,0,0,2,1,6,6,2,26,6,1242,1,7,SUZUKI SWIFT,3,E01012832,0,-1
2021531022365,2021,531022365,1,9,0,9,9,1,2,0,0,6,0,0,0,0,1,1,2,2,2,54,8,1328,1,15,SUZUKI SWIFT,2,E01022164,0,-1
2021101041011,2021,101041011,2,9,0,3,3,8,4,0,0,1,0,0,0,0,2,1,6,6,2,35,6,1328,1,14,SUZUKI SWIFT,5,E01008707,0,-1
2021010313369,2021,010313369,2,9,0,99,99,9,9,99,99,9,9,99,9,99,9,9,6,6,3,25,5,1328,1,11,SUZUKI SWIFT,6,E01002828,0,-1
2021522101452,2021,522101452,2,9,0,9,9,5,2,0,0,5,0,0,0,0,1,1,6,6,1,20,4,1242,1,7,SUZUKI SWIFT,-1,-1,0,-1
202163C037921,2021,63C037921,3,9,0,18,19,8,4,0,0,0,0,0,0,0,1,1,6,6,1,23,5,1242,1,4,SUZUKI SWIFT,-1,-1,0,-1
2021201082837,2021,201082837,1,9,0,18,19,6,2,0,0,2,0,0,0,0,1,1,6,6,1,37,7,1490,1,15,SUZUKI SWIFT,8,E01010514,0,-1
2021547628421,2021,547628421,1,9,0,4,4,3,7,0,0,0,1,0,0,0,1,1,6,6,2,25,5,1242,1,11,SUZUKI SWIFT,7,E01031857,0,-1
2021221049682,2021,221049682,1,9,0,5,5,5,1,0,0,6,0,0,0,0,4,1,5,6,2,36,7,1242,1,7,SUZUKI SWIFT,8,E01032208,0,-1
2021221040850,2021,221040850,1,9,0,18,19,8,4,0,0,0,0,0,0,0,1,1,5,6,2,39,7,1242,1,9,SUZUKI SWIFT,2,E01032262,0,-1
2021320502229,2021,320502229,2,9,0,9,9,4,2,0,0,8,0,0,0,0,3,1,6,6,2,23,5,1242,1,8,SUZUKI SWIFT,10,E01025893,0,-1
2021031124593,2021,031124593,2,9,0,4,4,7,3,0,0,0,0,0,0,0,2,1,2,2,2,46,8,1242,1,2,SUZUKI SWIFT,9,E01019085,0,-1
2021421126275,2021,421126275,1,9,0,16,19,7,3,0,0,0,1,0,0,0,1,1,5,6,2,50,8,1242,1,7,SUZUKI SWIFT,5,E01021909,0,-1
2021421072084,2021,421072084,1,9,0,-1,-1,1,5,-1,-1,-1,-1,-1,-1,0,-1,1,5,6,1,50,8,998,1,1,SUZUKI SWIFT,2,E01022056,0,-1
2021991060079,2021,991060079,1,9,0,18,19,4,7,0,0,0,0,0,0,0,1,1,5,6,2,54,8,1586,1,9,SUZUKI SWIFT,1,-1,0,-1
2021010333433,2021,010333433,2,9,0,2,2,0,0,0,0,2,0,4,0,0,2,1,6,6,3,-1,-1,998,8,4,SUZUKI SWIFT,-1,-1,0,-1
2021622100443,2021,622100443,4,9,0,4,4,6,2,0,0,0,0,0,0,0,2,1,6,6,2,46,8,1242,1,8,SUZUKI SWIFT,4,W01001220,0,-1
2021052102193,2021,052102193,2,9,0,3,3,2,6,0,0,1,0,0,0,0,2,1,6,6,2,30,6,1490,1,15,SUZUKI SWIFT,7,E01000296,0,-1
2021201109943,2021,201109943,2,9,0,4,4,6,2,0,0,1,0,0,0,0,2,1,6,6,2,29,6,1242,1,10,SUZUKI SWIFT,7,E01010356,0,-1
2021052100776,2021,052100776,1,9,0,9,9,1,6,0,0,6,0,0,0,0,4,1,2,2,2,25,5,1328,1,13,SUZUKI SWIFT,5,E01006256,0,-1
2021010339949,2021,010339949,2,9,0,18,19,8,4,0,0,2,0,0,0,0,1,1,6,6,1,22,5,1242,1,8,SUZUKI SWIFT,6,E01031777,0,-1
2021061133213,2021,061133213,1,9,0,9,9,8,6,0,0,8,0,0,0,0,1,1,1,1,1,41,7,1328,1,14,SUZUKI SWIFT,1,E01033678,0,-1
2021411053406,2021,411053406,2,9,0,18,19,3,7,0,0,2,0,0,0,0,1,1,5,6,1,49,8,1586,1,13,SUZUKI SWIFT,7,E01023504,0,-1
2021010317196,2021,010317196,1,9,0,4,4,3,7,0,0,0,1,0,0,0,2,1,6,6,1,54,8,1242,1,10,SUZUKI SWIFT,3,E01003549,0,-1
2021351053829,2021,351053829,2,9,0,16,19,7,3,0,0,0,0,0,0,0,3,1,6,6,1,22,5,1490,1,14,SUZUKI SWIFT,9,E01018124,0,-1