collision_index,collision_year,collision_ref_no,vehicle_reference,vehicle_type,towing_and_articulation,vehicle_manoeuvre_historic,vehicle_manoeuvre,vehicle_direction_from,vehicle_direction_to,vehicle_location_restricted_lane_historic,vehicle_location_restricted_lane,junction_location,skidding_and_overturning,hit_object_in_carriageway,vehicle_leaving_carriageway,hit_object_off_carriageway,first_point_of_impact,vehicle_left_hand_drive,journey_purpose_of_driver_historic,journey_purpose_of_driver,sex_of_driver,age_of_driver,age_band_of_driver,engine_capacity_cc,propulsion_code,age_of_vehicle,generic_make_model,driver_imd_decile,lsoa_of_driver,escooter_flag,driver_distance_banding
2021501068345,2021,501068345,2,9,0,5,5,1,5,0,0,1,0,0,0,0,2,1,5,6,1,59,9,1199,1,4,VAUXHALL CROSSLAND,6,E01031513,0,-1
2021531024232,2021,531024232,2,9,0,5,5,5,7,0,0,4,0,0,0,0,2,1,5,6,2,59,9,1199,1,1,VAUXHALL CROSSLAND,5,E01022148,0,-1
2021122100764,2021,122100764,1,9,0,18,19,3,7,0,0,0,0,4,0,0,1,1,6,6,2,80,11,1199,1,0,VAUXHALL CROSSLAND,4,E01020846,0,-1
2021546474521,2021,546474521,2,9,0,18,19,7,3,0,0,1,5,0,0,0,3,1,6,6,1,81,11,1199,1,2,VAUXHALL CROSSLAND,8,E01015584,0,-1
2021201112987,2021,201112987,1,9,0,18,19,2,6,0,0,1,0,4,0,0,1,1,6,6,2,51,8,1199,1,2,VAUXHALL CROSSLAND,2,E01009955,0,-1
2021501060544,2021,501060544,1,9,0,11,11,5,3,0,0,3,0,0,0,0,3,1,6,6,1,37,7,1199,1,0,VAUXHALL CROSSLAND,8,E01002989,0,-1
2021010301561,2021,010301561,2,9,0,99,99,9,9,99,99,1,9,99,9,99,2,9,6,6,3,36,7,1199,1,4,VAUXHALL CROSSLAND,1,E01003060,0,-1
2021010290942,2021,010290942,1,9,0,18,19,1,5,0,0,8,1,0,0,0,3,1,6,6,2,34,6,1199,1,1,VAUXHALL CROSSLAND,2,E01002840,0,-1
2021221023083,2021,221023083,1,9,0,9,9,2,8,0,0,5,0,0,0,0,4,1,5,6,2,43,7,1199,1,2,VAUXHALL CROSSLAND,1,E01014142,0,-1
2021061062664,2021,061062664,3,9,0,8,8,7,1,0,0,1,0,0,0,0,3,1,3,7,2,47,8,1199,1,2,VAUXHALL CROSSLAND,6,E01005750,0,-1
2021451081720,2021,451081720,1,9,0,18,19,8,4,0,0,0,5,0,8,6,3,1,5,6,1,24,5,1499,2,2,VAUXHALL CROSSLAND,7,E01033523,0,-1
2021052102859,2021,052102859,1,9,0,5,5,3,7,0,0,8,0,0,3,0,3,1,6,6,2,72,10,1199,1,2,VAUXHALL CROSSLAND,3,E01006452,0,-1
2021101059993,2021,101059993,2,9,0,3,3,5,1,0,0,4,0,0,0,0,2,1,5,6,1,70,10,1199,1,2,VAUXHALL CROSSLAND,5,E01008861,0,-1
2021010350837,2021,010350837,1,9,0,18,19,7,3,0,0,0,0,0,2,7,3,1,6,6,2,40,7,1199,1,0,VAUXHALL CROSSLAND,8,E01023571,0,-1
2021201142177,2021,201142177,2,9,0,18,19,6,2,0,0,3,0,10,7,2,4,1,6,6,1,28,6,1199,1,0,VAUXHALL CROSSLAND,4,E01032370,0,-1
2021141043632,2021,141043632,1,9,0,18,19,5,5,0,0,2,5,0,7,0,4,1,1,1,1,21,5,1199,1,1,VAUXHALL CROSSLAND,1,E01007768,0,-1
2021101070807,2021,101070807,1,9,0,18,19,1,5,0,0,8,0,0,0,0,1,1,5,6,2,24,5,1199,1,1,VAUXHALL CROSSLAND,5,E01008514,0,-1
2021131099434,2021,131099434,2,9,0,18,19,5,1,0,0,0,0,0,0,0,1,1,2,2,2,62,9,1199,1,1,VAUXHALL CROSSLAND,-1,-1,0,-1
2021010315920,2021,010315920,1,9,0,5,5,1,5,0,0,8,0,0,0,0,4,1,6,6,1,60,9,1199,1,1,VAUXHALL CROSSLAND,4,E01003043,0,-1
2021371073967,2021,371073967,2,9,0,18,19,2,6,0,0,8,0,0,0,0,1,1,2,2,1,29,6,1199,1,1,VAUXHALL CROSSLAND,7,E01030243,0,-1
2021122101337,2021,122101337,2,9,0,10,10,2,8,0,0,1,0,0,0,0,4,1,6,6,2,68,10,1199,1,3,VAUXHALL CROSSLAND,7,E01027890,0,-1
2021131119717,2021,131119717,2,9,0,18,19,7,3,0,0,0,0,0,0,0,1,1,5,6,1,59,9,1199,1,2,VAUXHALL CROSSLAND,3,E01013444,0,-1
2021430181201,2021,430181201,1,9,0,9,9,4,2,0,0,5,0,0,0,0,3,1,3,7,2,56,9,1199,1,2,VAUXHALL CROSSLAND,10,E01017890,0,-1
2021010294366,2021,010294366,2,9,0,9,9,7,5,0,0,8,0,0,0,0,1,1,6,6,2,34,6,1199,1,1,VAUXHALL CROSSLAND,5,E01004343,0,-1
2021430424082,2021,430424082,3,9,0,18,19,4,8,0,0,0,0,0,0,0,2,1,6,6,1,47,8,1199,1,0,VAUXHALL CROSSLAND,8,E01021140,0,-1
2021052101078,2021,052101078,3,9,0,18,19,7,3,0,0,0,0,0,0,0,1,1,6,6,1,79,11,1199,1,1,VAUXHALL CROSSLAND,3,E01007219,0,-1
2021070808214,2021,070808214,1,9,0,18,19,4,8,6,6,5,0,0,1,7,1,1,2,2,2,32,6,1199,1,3,VAUXHALL CROSSLAND,1,E01006361,0,-1
2021991088930,2021,991088930,2,9,0,18,19,3,8,0,0,1,0,0,0,0,4,1,6,6,2,62,9,1199,1,2,VAUXHALL CROSSLAND,3,-1,0,-1
2021010311103,2021,010311103,2,9,0,1,1,1,5,0,0,1,0,0,0,0,2,1,6,6,3,-1,-1,1199,1,1,VAUXHALL CROSSLAND,-1,-1,0,-1
2021221128074,2021,221128074,2,9,0,18,19,7,3,0,0,8,0,0,0,0,4,1,5,6,1,68,10,1199,1,3,VAUXHALL CROSSLAND,4,E01032479,0,-1
2021052100055,2021,052100055,2,9,0,18,19,5,1,0,0,8,0,0,0,0,1,1,6,6,2,57,9,1199,1,3,VAUXHALL CROSSLAND,-1,-1,0,-1
2021421126455,2021,421126455,1,9,0,7,7,1,5,0,0,8,1,11,7,0,1,1,6,6,1,83,11,1199,1,1,VAUXHALL CROSSLAND,-1,-1,0,-1
2021520102942,2021,520102942,1,9,0,5,5,1,5,0,0,8,0,0,0,0,1,1,6,6,2,71,10,1199,1,0,VAUXHALL CROSSLAND,2,E01029453,0,-1
2021520101858,2021,520101858,1,9,0,18,19,8,4,0,0,1,0,0,1,10,1,1,6,6,1,60,9,1199,1,2,VAUXHALL CROSSLAND,6,E01029028,0,-1
2021421126988,2021,421126988,1,9,0,18,19,6,1,0,0,0,0,0,0,0,4,1,5,6,2,44,7,1499,2,2,VAUXHALL CROSSLAND,3,E01021974,0,-1
2021141124868,2021,141124868,3,9,0,18,19,8,4,0,0,0,0,0,0,0,2,1,5,6,1,48,8,1199,1,0,VAUXHALL CROSSLAND,2,E01007343,0,-1
2021131127330,2021,131127330,1,9,0,18,19,6,2,0,0,8,0,0,0,0,1,1,5,6,1,80,11,1499,2,0,VAUXHALL CROSSLAND,3,E01011722,0,-1
2021501136040,2021,501136040,1,9,0,9,9,5,3,0,0,6,1,0,0,0,1,1,6,6,2,77,11,1199,1,1,VAUXHALL CROSSLAND,10,E01030821,0,-1
2021211145365,2021,211145365,1,9,-1,-1,-1,7,3,-1,-1,-1,-1,-1,-1,0,-1,1,6,6,1,70,10,1199,1,1,VAUXHALL CROSSLAND,1,E01014354,0,-1
2021101024492,2021,101024492,3,9,0,18,19,1,5,0,0,0,0,0,0,0,2,1,5,6,1,26,6,1199,1,3,VAUXHALL CROSSLAND,10,E01008619,0,-1
2021302100919,2021,302100919,1,9,0,9,9,8,6,0,0,6,0,0,1,10,1,1,6,6,2,62,9,1199,1,1,VAUXHALL CROSSLAND,6,E01019763,0,-1
2021201122180,2021,201122180,1,9,0,18,19,8,4,0,0,0,0,0,0,0,3,1,6,6,1,34,6,1199,1,2,VAUXHALL CROSSLAND,9,E01011982,0,-1
2021371101534,2021,371101534,1,9,0,18,19,3,8,0,0,0,0,0,0,0,1,1,5,6,1,24,5,1199,1,1,VAUXHALL CROSSLAND,7,E01017994,0,-1
2021010295426,2021,010295426,2,9,0,99,99,9,9,99,99,9,9,99,9,99,9,9,6,6,3,-1,-1,1199,1,2,VAUXHALL CROSSLAND,-1,-1,0,-1
2021122101119,2021,122101119,1,9,0,3,3,8,2,0,0,1,0,0,0,0,2,1,6,6,1,58,9,1199,1,1,VAUXHALL CROSSLAND,10,E01027786,0,-1
2021052102314,2021,052102314,1,9,0,18,19,3,7,0,0,8,0,0,0,0,1,1,6,6,2,55,8,1199,1,2,VAUXHALL CROSSLAND,9,E01028966,0,-1
2021221105757,2021,221105757,2,9,0,18,19,3,7,0,0,5,0,0,0,0,4,1,6,6,1,61,9,1199,1,2,VAUXHALL CROSSLAND,8,E01032168,0,-1
2021440328043,2021,440328043,3,9,0,18,19,1,5,0,0,0,1,0,0,0,1,1,2,2,2,37,7,1199,1,2,VAUXHALL CROSSLAND,10,E01022790,0,-1
2021430134020,2021,430134020,1,9,0,9,9,3,8,0,0,5,0,0,0,0,1,1,6,6,1,71,10,1499,2,1,VAUXHALL CROSSLAND,8,E01017624,0,-1
2021552100994,2021,552100994,2,9,0,5,5,7,3,0,0,8,0,0,0,0,1,1,2,2,1,46,8,1199,1,0,VAUXHALL CROSSLAND,9,E01020524,0,-1
2021991069453,2021,991069453,1,9,0,5,5,6,3,0,0,8,0,0,0,0,1,1,5,6,2,61,9,1199,1,2,VAUXHALL CROSSLAND,5,-1,0,-1
2021010341766,2021,010341766,1,9,9,99,99,9,9,0,0,9,9,99,9,99,9,9,6,6,1,28,6,1560,2,3,VAUXHALL CROSSLAND,4,E01001173,0,-1
2021622100837,2021,622100837,2,9,0,2,2,0,0,0,0,0,0,0,0,0,1,1,6,6,3,-1,-1,1199,1,0,VAUXHALL CROSSLAND,-1,-1,0,-1
2021052100936,2021,052100936,1,9,0,18,19,1,5,0,0,0,0,0,0,0,1,1,6,6,1,43,7,1199,1,1,VAUXHALL CROSSLAND,3,E01006433,0,-1
2021201087009,2021,201087009,1,9,0,18,19,8,4,0,0,1,0,0,0,0,1,1,1,1,2,40,7,1199,1,2,VAUXHALL CROSSLAND,2,E01010474,0,-1
2021010343061,2021,010343061,2,9,0,9,9,1,7,0,0,5,0,0,1,10,3,1,6,6,2,74,10,1199,1,0,VAUXHALL CROSSLAND,4,E01032566,0,-1
2021991098490,2021,991098490,1,9,0,14,14,7,3,0,0,0,0,0,0,0,1,1,5,6,1,81,11,1199,1,1,VAUXHALL CROSSLAND,7,-1,0,-1
2021461077662,2021,461077662,1,9,0,18,19,5,1,0,0,0,0,0,0,0,1,1,5,6,1,59,9,1199,1,1,VAUXHALL CROSSLAND,5,E01024525,0,-1
2021622100083,2021,622100083,1,9,0,6,6,2,2,0,0,0,0,0,0,0,4,1,1,1,1,23,5,1199,1,2,VAUXHALL CROSSLAND,2,W01001942,0,-1
2021061125714,2021,061125714,1,9,0,9,9,8,4,0,0,8,0,0,0,0,1,1,6,6,1,76,11,1199,1,3,VAUXHALL CROSSLAND,6,E01005114,0,-1
2021421075264,2021,421075264,4,9,0,18,19,1,5,0,0,0,0,0,0,0,2,1,6,6,1,38,7,1199,1,1,VAUXHALL CROSSLAND,4,E01003784,0,-1
2021010310692,2021,010310692,2,9,0,7,7,7,1,0,0,8,0,0,0,0,1,1,6,6,3,-1,-1,1199,1,1,VAUXHALL CROSSLAND,-1,-1,0,-1
202131B064021,2021,31B064021,1,9,0,4,4,5,1,0,0,2,0,0,0,0,2,1,6,6,2,43,7,1199,1,1,VAUXHALL CROSSLAND,6,E01010970,0,-1
202154B085521,2021,54B085521,2,9,0,4,4,1,7,0,0,1,0,0,0,0,2,1,6,6,1,60,9,1199,1,2,VAUXHALL CROSSLAND,-1,-1,0,-1
2021531061512,2021,531061512,2,9,0,17,19,5,1,0,0,0,0,0,0,0,3,1,1,1,1,36,7,1199,1,1,VAUXHALL CROSSLAND,8,E01014509,0,-1
2021361044537,2021,361044537,2,9,0,18,19,2,6,0,0,1,0,0,0,0,4,1,5,6,1,65,9,1199,1,1,VAUXHALL CROSSLAND,1,E01026800,0,-1
2021440341078,2021,440341078,2,9,0,18,19,7,3,0,0,1,0,0,0,0,1,1,6,6,1,50,8,1199,1,2,VAUXHALL CROSSLAND,10,E01022580,0,-1
2021010314190,2021,010314190,2,9,0,18,19,5,1,0,0,9,9,99,0,0,1,9,6,6,1,41,7,1199,1,1,VAUXHALL CROSSLAND,-1,-1,0,-1
2021302101265,2021,302101265,1,9,0,18,19,2,6,0,0,0,0,0,1,11,1,1,6,6,1,74,10,1199,1,1,VAUXHALL CROSSLAND,8,E01033170,0,-1
202134NNC2281,2021,34NNC2281,2,9,0,7,7,6,8,0,0,2,0,0,0,0,4,1,6,6,2,67,10,1199,1,1,VAUXHALL CROSSLAND,2,E01027342,0,-1
202131A192521,2021,31A192521,1,9,0,5,5,3,7,0,0,8,0,0,0,0,4,1,6,6,1,41,7,1199,1,0,VAUXHALL CROSSLAND,5,E01027943,0,-1
2021302100057,2021,302100057,1,9,0,2,2,0,0,0,0,0,0,0,0,0,2,1,6,6,1,34,6,1199,1,1,VAUXHALL CROSSLAND,6,E01007518,0,-1
2021991061788,2021,991061788,1,9,0,18,19,5,8,0,0,0,0,0,0,0,1,1,1,1,2,37,7,1199,1,3,VAUXHALL CROSSLAND,2,-1,0,-1
2021101068169,2021,101068169,2,9,0,18,19,5,1,0,0,0,0,0,0,0,1,1,5,6,1,56,9,1199,1,2,VAUXHALL CROSSLAND,2,E01033074,0,-1
2021522201520,2021,522201520,1,9,0,4,4,2,6,0,0,0,0,0,0,0,2,1,6,6,1,24,5,1199,1,3,VAUXHALL CROSSLAND,5,E01014973,0,-1
2021122100959,2021,122100959,1,9,0,6,6,1,1,0,0,8,0,0,0,0,3,1,6,6,1,27,6,1199,1,0,VAUXHALL CROSSLAND,3,E01015167,0,-1
2021421092398,2021,421092398,2,9,0,7,7,1,7,0,0,3,0,0,0,0,1,1,5,6,2,55,8,1199,1,0,VAUXHALL CROSSLAND,-1,-1,0,-1
2021161034247,2021,161034247,2,9,0,18,19,8,7,0,0,1,0,0,0,0,1,1,5,6,1,64,9,1499,2,2,VAUXHALL CROSSLAND,6,E01026387,0,-1
2021170L11271,2021,170L11271,2,9,0,18,19,5,1,0,0,0,0,0,0,0,2,1,6,6,1,84,11,1199,1,1,VAUXHALL CROSSLAND,8,E01012095,0,-1
2021302101745,2021,302101745,1,9,0,10,10,6,4,0,0,1,0,0,0,0,2,1,6,6,2,32,6,1199,1,0,VAUXHALL CROSSLAND,8,E01019755,0,-1
2021101083868,2021,101083868,2,9,0,18,19,3,7,0,0,0,0,0,0,0,1,1,6,6,1,66,10,1199,1,1,VAUXHALL CROSSLAND,10,E01008237,0,-1
2021010287277,2021,010287277,2,9,0,18,19,5,1,0,0,1,0,4,0,0,2,1,6,6,3,-1,-1,1199,1,1,VAUXHALL CROSSLAND,-1,-1,0,-1
2021010300461,2021,010300461,1,9,0,18,19,5,1,0,0,8,0,0,0,0,1,1,1,1,1,45,7,1199,1,1,VAUXHALL CROSSLAND,2,E01033090,0,-1
2021401051887,2021,401051887,2,9,0,4,4,7,3,0,0,1,0,0,0,0,1,1,6,6,1,56,9,1199,1,0,VAUXHALL CROSSLAND,5,E01017586,0,-1
2021622100352,2021,622100352,2,9,0,18,19,6,2,0,0,8,0,0,1,10,4,1,6,6,1,64,9,1199,1,0,VAUXHALL CROSSLAND,2,W01001020,0,-1
2021471044931,2021,471044931,2,9,0,4,4,3,7,0,0,8,0,0,0,0,1,1,5,6,1,79,11,1199,1,1,VAUXHALL CROSSLAND,8,E01031564,0,-1
2021461094259,2021,461094259,1,9,0,3,3,4,1,0,0,8,0,0,0,0,2,1,5,6,2,38,7,1199,1,0,VAUXHALL CROSSLAND,10,E01024443,0,-1
2021302101529,2021,302101529,1,9,0,18,19,8,4,0,0,1,0,0,0,0,1,1,6,6,3,55,8,1199,1,0,VAUXHALL CROSSLAND,2,E01013598,0,-1
2021070085802,2021,070085802,1,9,0,16,19,7,3,0,0,6,1,0,0,0,3,1,1,1,2,37,7,1199,1,3,VAUXHALL CROSSLAND,8,E01012485,0,-1
2021010303111,2021,010303111,1,9,0,9,9,3,1,0,0,2,0,0,0,0,3,1,6,6,2,53,8,1199,1,3,VAUXHALL CROSSLAND,2,E01003351,0,-1
2021361108675,2021,361108675,2,9,0,4,4,1,6,0,0,2,0,0,0,0,2,1,6,6,3,-1,-1,1560,2,4,VAUXHALL CROSSLAND,-1,-1,0,-1
2021061033862,2021,061033862,1,9,0,18,19,1,5,0,0,1,0,0,0,0,1,1,6,6,3,30,6,1199,1,1,VAUXHALL CROSSLAND,-1,-1,0,-1
2021501099213,2021,501099213,1,9,0,5,5,6,2,0,0,0,0,4,0,0,1,1,6,6,2,44,7,1560,2,3,VAUXHALL CROSSLAND,1,E01018995,0,-1
2021010312801,2021,010312801,2,9,9,99,99,9,9,99,99,0,9,99,9,99,9,9,6,6,3,-1,-1,1199,1,1,VAUXHALL CROSSLAND,6,E01002260,0,-1
2021461099487,2021,461099487,1,9,0,18,19,3,7,0,0,1,0,0,0,0,1,1,5,6,1,-1,-1,1499,2,2,VAUXHALL CROSSLAND,7,E01024766,0,-1
2021991018050,2021,991018050,1,9,0,5,5,3,2,0,0,6,0,0,0,0,2,1,5,6,2,77,11,1199,1,3,VAUXHALL CROSSLAND,2,-1,0,-1
2021061144727,2021,061144727,1,9,0,18,19,3,7,0,0,1,0,0,0,0,1,1,6,6,3,30,6,1560,2,3,VAUXHALL CROSSLAND,-1,-1,0,-1
2021010324511,2021,010324511,1,9,0,2,2,0,0,0,0,1,0,0,0,0,3,1,6,6,3,-1,-1,1199,1,3,VAUXHALL CROSSLAND,-1,-1,0,-1
2021991017409,2021,991017409,1,9,0,18,19,8,4,0,0,0,2,0,1,0,1,1,2,2,2,51,8,1199,1,2,VAUXHALL CROSSLAND,-1,-1,0,-1
2021131047348,2021,131047348,2,9,0,3,3,3,1,0,0,0,0,0,0,0,2,1,1,1,2,26,6,1199,1,1,VAUXHALL CROSSLAND,6,E01013074,0,-1
2021010334648,2021,010334648,2,9,0,18,19,1,5,0,0,8,0,0,0,0,1,1,2,2,1,41,7,1199,1,0,VAUXHALL CROSSLAND,8,E01017912,0,-1
2021010338075,2021,010338075,1,9,0,18,19,3,7,0,0,1,0,0,0,0,1,1,6,6,1,35,6,1199,1,0,VAUXHALL CROSSLAND,6,E01016398,0,-1
2021522102395,2021,522102395,1,9,0,2,2,0,0,0,0,0,0,0,0,0,2,1,6,6,1,59,9,1199,1,2,VAUXHALL CROSSLAND,7,E01014783,0,-1
2021111055573,2021,111055573,2,9,0,9,9,7,3,0,0,8,0,0,0,0,1,1,6,6,2,42,7,1499,2,3,VAUXHALL CROSSLAND,3,E01020652,0,-1
2021010291788,2021,010291788,2,9,0,99,99,9,9,99,99,9,9,99,9,99,2,9,6,6,3,-1,-1,1199,1,1,VAUXHALL CROSSLAND,-1,-1,0,-1
2021201138936,2021,201138936,1,9,0,9,9,6,4,0,0,6,0,0,0,0,4,1,6,6,2,85,11,1199,1,1,VAUXHALL CROSSLAND,1,E01009347,0,-1
2021161075642,2021,161075642,3,9,0,2,2,0,0,0,0,0,0,0,0,0,4,1,6,6,3,-1,-1,1560,2,3,VAUXHALL CROSSLAND,-1,-1,0,-1
2021111067546,2021,111067546,2,9,0,3,3,5,1,0,0,0,0,0,0,0,2,1,6,6,2,59,9,1199,1,1,VAUXHALL CROSSLAND,1,E01020749,0,-1
2021302101430,2021,302101430,2,9,0,12,12,8,4,0,0,0,0,0,0,0,3,1,6,6,1,29,6,1199,1,2,VAUXHALL CROSSLAND,2,E01019556,0,-1
2021061033866,2021,061033866,1,9,0,18,19,1,5,0,0,1,0,0,0,0,1,1,6,6,3,30,6,1199,1,1,VAUXHALL CROSSLAND,8,E01030452,0,-1
2021461082184,2021,461082184,1,9,0,18,19,2,6,0,0,0,5,0,1,11,4,1,6,6,1,38,7,3175,1,19,-1,7,E01000377,0,-1
2021010333229,2021,010333229,1,9,0,9,9,7,4,0,0,5,0,0,0,0,1,1,6,6,2,49,8,999,1,2,VOLKSWAGEN T-CROSS,6,E01000262,0,-1
2021461047324,2021,461047324,1,9,0,18,19,8,4,0,0,0,1,0,1,4,3,1,6,6,1,24,5,999,1,0,VOLKSWAGEN T-CROSS,2,E01024128,0,-1
2021111126316,2021,111126316,1,9,0,18,19,8,4,0,0,2,0,4,0,0,4,1,5,6,2,85,11,999,1,2,VOLKSWAGEN T-CROSS,10,E01012315,0,-1
202163A100121,2021,63A100121,3,9,0,3,3,2,6,0,0,0,0,0,0,0,2,1,6,6,1,73,10,999,1,0,VOLKSWAGEN T-CROSS,10,W01001843,0,-1
2021501136544,2021,501136544,5,9,0,18,19,3,7,0,0,0,0,0,0,0,2,1,6,6,2,55,8,999,1,0,VOLKSWAGEN T-CROSS,6,E01019030,0,-1
2021170M11211,2021,170M11211,2,9,0,18,19,7,3,0,0,0,0,0,0,0,1,1,6,6,1,28,6,999,1,1,VOLKSWAGEN T-CROSS,1,E01012011,0,-1
2021010339949,2021,010339949,1,9,0,18,19,4,8,0,0,1,0,0,0,0,1,1,6,6,2,31,6,999,1,1,VOLKSWAGEN T-CROSS,5,E01000975,0,-1
2021302101064,2021,302101064,2,9,0,9,9,8,6,0,0,6,0,0,7,1,4,1,6,6,1,28,6,999,1,2,VOLKSWAGEN T-CROSS,3,E01006066,0,-1
2021010296068,2021,010296068,2,9,0,99,99,9,9,99,99,9,9,99,9,99,1,9,6,6,3,-1,-1,999,1,1,VOLKSWAGEN T-CROSS,3,E01003221,0,-1
202134WNC0601,2021,34WNC0601,1,9,0,15,15,5,1,0,0,0,0,0,0,0,1,1,6,6,2,40,7,999,1,2,VOLKSWAGEN T-CROSS,-1,-1,0,-1
2021122100618,2021,122100618,2,9,0,3,3,6,1,0,0,1,0,0,0,0,2,1,6,6,1,81,11,999,1,0,VOLKSWAGEN T-CROSS,9,E01027655,0,-1
2021070727178,2021,070727178,2,9,0,18,19,3,7,0,0,1,0,4,0,0,3,1,6,6,1,50,8,999,1,0,VOLKSWAGEN T-CROSS,4,E01012504,0,-1
2021501089791,2021,501089791,2,9,0,9,9,5,3,0,0,8,0,0,0,0,1,1,5,6,2,42,7,999,1,2,VOLKSWAGEN T-CROSS,7,E01019018,0,-1
2021041072493,2021,041072493,2,9,0,7,7,7,2,0,0,8,0,0,0,0,1,1,6,6,2,33,6,999,1,0,VOLKSWAGEN T-CROSS,1,E01012698,0,-1
2021430543460,2021,430543460,1,9,0,1,1,8,2,0,0,8,0,0,0,0,2,1,6,6,1,79,11,999,1,1,VOLKSWAGEN T-CROSS,9,E01016523,0,-1
2021411054073,2021,411054073,3,9,0,3,3,5,1,0,0,0,0,0,0,0,2,1,6,6,1,37,7,999,1,1,VOLKSWAGEN T-CROSS,10,E01023820,0,-1
2021430281778,2021,430281778,1,9,0,6,6,3,3,0,0,0,0,0,0,0,3,1,6,6,2,46,8,999,1,1,VOLKSWAGEN T-CROSS,10,E01017891,0,-1
2021622100110,2021,622100110,1,9,0,18,19,6,2,0,0,0,0,4,0,0,1,1,6,6,1,44,7,999,1,2,VOLKSWAGEN T-CROSS,3,W01001247,0,-1
2021501097858,2021,501097858,1,9,0,9,9,7,2,0,0,6,0,0,0,0,1,1,6,6,1,83,11,999,1,1,VOLKSWAGEN T-CROSS,4,E01015236,0,-1
2021010315774,2021,010315774,1,9,0,5,5,7,3,0,0,0,0,0,0,0,1,1,6,6,2,26,6,999,1,0,VOLKSWAGEN T-CROSS,6,E01002117,0,-1
2021549387721,2021,549387721,1,9,0,18,19,1,5,0,0,0,0,0,0,0,3,1,6,6,1,41,7,999,1,0,VOLKSWAGEN T-CROSS,7,E01022221,0,-1
2021138180212,2021,138180212,1,9,0,18,19,8,4,0,0,0,1,11,7,11,1,1,6,6,2,22,5,999,1,1,VOLKSWAGEN T-CROSS,9,-1,0,-1
2021201048746,2021,201048746,1,9,0,18,19,-1,-1,0,0,4,0,0,0,0,1,1,6,6,3,-1,-1,999,1,1,VOLKSWAGEN T-CROSS,-1,-1,0,-1
2021010313242,2021,010313242,1,9,0,99,99,9,9,99,99,9,9,99,9,99,2,9,2,2,2,36,7,999,1,1,VOLKSWAGEN T-CROSS,2,E01000729,0,-1
2021622100203,2021,622100203,1,9,0,5,5,5,1,0,0,0,0,0,0,0,3,1,1,1,2,30,6,999,1,2,VOLKSWAGEN T-CROSS,8,W01000877,0,-1
2021010299584,2021,010299584,1,9,0,14,14,7,3,0,0,1,0,0,0,0,3,1,6,6,1,18,4,999,1,1,VOLKSWAGEN T-CROSS,4,E01003683,0,-1
2021052102689,2021,052102689,1,9,0,18,19,1,5,0,0,1,0,0,0,0,1,1,6,6,1,51,8,999,1,0,VOLKSWAGEN T-CROSS,4,E01025407,0,-1
2021221084216,2021,221084216,1,9,0,9,9,5,2,0,0,6,0,0,0,0,1,1,5,6,2,78,11,999,1,1,VOLKSWAGEN T-CROSS,4,E01029015,0,-1
2021520104045,2021,520104045,1,9,0,9,9,7,5,0,0,6,0,0,0,0,1,1,6,6,1,29,6,999,1,1,VOLKSWAGEN T-CROSS,6,E01002126,0,-1
2021101020920,2021,101020920,1,9,0,18,19,4,8,0,0,0,0,0,0,0,1,1,5,6,2,21,5,999,1,2,VOLKSWAGEN T-CROSS,-1,-1,0,-1
2021522101852,2021,522101852,2,9,0,2,2,0,0,9,9,1,0,0,0,0,4,-1,6,6,1,69,10,999,1,2,VOLKSWAGEN T-CROSS,8,E01015003,0,-1
2021010347047,2021,010347047,2,9,0,99,99,9,9,99,99,9,9,99,9,99,9,9,6,6,3,-1,-1,999,1,0,VOLKSWAGEN T-CROSS,-1,-1,0,-1
2021111045207,2021,111045207,2,9,-1,3,3,1,5,0,0,0,0,0,0,0,2,1,5,6,1,45,7,999,1,2,VOLKSWAGEN T-CROSS,9,E01012226,0,-1
2021471050211,2021,471050211,2,9,0,4,4,2,6,0,0,0,0,0,0,0,2,1,5,6,2,27,6,999,1,0,VOLKSWAGEN T-CROSS,10,E01031703,0,-1
2021547760221,2021,547760221,1,9,0,18,19,2,6,0,0,0,0,0,0,0,1,1,1,1,1,21,5,999,1,0,VOLKSWAGEN T-CROSS,7,E01014635,0,-1
2021161018555,2021,161018555,3,9,0,2,2,0,0,0,0,0,0,0,0,0,2,1,6,6,3,-1,-1,999,1,1,VOLKSWAGEN T-CROSS,-1,-1,0,-1
2021010333293,2021,010333293,1,9,0,99,99,9,9,99,99,0,9,99,9,99,2,9,6,6,1,30,6,999,1,1,VOLKSWAGEN T-CROSS,3,E01000092,0,-1
2021101112242,2021,101112242,3,9,0,3,3,5,1,0,0,0,0,0,0,0,2,1,5,6,1,72,10,999,1,2,VOLKSWAGEN T-CROSS,-1,-1,0,-1
2021421091995,2021,421091995,2,9,0,18,19,6,2,0,0,0,0,0,0,0,2,1,3,7,2,39,7,999,1,2,VOLKSWAGEN T-CROSS,8,E01002019,0,-1
2021010325230,2021,010325230,2,9,0,99,99,9,9,99,99,9,9,99,9,99,9,9,6,6,3,-1,-1,999,1,0,VOLKSWAGEN T-CROSS,-1,-1,0,-1
2021010289158,2021,010289158,1,9,9,99,99,9,9,99,99,9,9,99,9,99,9,9,6,6,3,48,8,999,1,1,VOLKSWAGEN T-CROSS,6,E01021460,0,-1
2021131054985,2021,131054985,1,9,0,16,19,8,8,0,0,8,0,11,0,0,1,1,2,2,2,49,8,999,1,0,VOLKSWAGEN T-CROSS,1,E01011746,0,-1
2021201107842,2021,201107842,1,9,0,18,19,1,5,0,0,8,0,0,0,0,4,1,6,6,1,40,7,999,1,0,VOLKSWAGEN T-CROSS,5,E01010548,0,-1