collision_index,collision_year,collision_ref_no,vehicle_reference,vehicle_type,towing_and_articulation,vehicle_manoeuvre_historic,vehicle_manoeuvre,vehicle_direction_from,vehicle_direction_to,vehicle_location_restricted_lane_historic,vehicle_location_restricted_lane,junction_location,skidding_and_overturning,hit_object_in_carriageway,vehicle_leaving_carriageway,hit_object_off_carriageway,first_point_of_impact,vehicle_left_hand_drive,journey_purpose_of_driver_historic,journey_purpose_of_driver,sex_of_driver,age_of_driver,age_band_of_driver,engine_capacity_cc,propulsion_code,age_of_vehicle,generic_make_model,driver_imd_decile,lsoa_of_driver,escooter_flag,driver_distance_banding
2021010306355,2021,010306355,1,3,0,3,3,1,5,0,0,1,0,0,0,0,1,1,1,1,1,28,6,125,1,1,YAMAHA GPD,4,E01004401,0,-1
2021010351192,2021,010351192,1,4,0,99,99,9,9,99,99,9,9,99,9,99,9,1,1,1,1,51,8,125,1,3,YAMAHA GPD,1,E01000106,0,-1
2021010333091,2021,010333091,2,3,0,7,7,1,2,0,0,8,0,0,0,0,4,1,6,6,2,23,5,125,1,2,YAMAHA GPD,2,E01002087,0,-1
2021522100911,2021,522100911,2,3,0,18,19,5,1,0,0,0,0,0,0,0,1,1,6,6,1,40,7,125,1,1,YAMAHA GPD,-1,-1,0,-1
2021010317812,2021,010317812,1,3,0,99,99,9,9,0,0,9,0,0,0,0,1,1,2,2,1,21,5,125,1,2,YAMAHA GPD,4,E01001724,0,-1
2021010344076,2021,010344076,1,3,0,14,14,3,7,0,0,0,0,11,0,0,1,1,6,6,1,23,5,125,1,0,YAMAHA GPD,2,E01002843,0,-1
2021010295077,2021,010295077,1,3,0,14,14,3,7,0,0,1,0,0,0,0,1,1,1,1,1,28,6,125,1,6,YAMAHA GPD,3,E01001673,0,-1
2021010317634,2021,010317634,1,3,9,99,99,9,9,0,0,9,5,99,0,0,9,1,6,6,1,31,6,125,1,3,YAMAHA GPD,4,E01033490,0,-1
2021010306595,2021,010306595,1,3,0,99,99,9,9,99,99,9,9,99,9,99,2,1,6,6,1,28,6,125,1,5,YAMAHA GPD,2,E01001862,0,-1
2021010341583,2021,010341583,2,3,0,18,19,8,4,0,0,1,0,0,0,0,1,1,6,6,1,19,4,125,1,2,YAMAHA GPD,1,E01004040,0,-1
2021010323177,2021,010323177,2,3,0,13,13,7,3,0,0,1,0,0,0,0,1,1,1,1,1,31,6,125,1,0,YAMAHA GPD,9,E01001305,0,-1
2021010294173,2021,010294173,1,3,0,99,99,9,9,99,99,9,9,99,9,99,1,1,6,6,1,21,5,125,1,1,YAMAHA GPD,4,E01000997,0,-1
2021010290505,2021,010290505,1,3,0,99,99,9,9,99,99,4,9,99,9,99,9,1,6,6,1,37,7,125,1,5,YAMAHA GPD,3,E01003618,0,-1
2021010329034,2021,010329034,2,2,0,13,13,1,5,0,0,0,5,0,0,0,1,1,6,6,1,48,8,125,1,2,YAMAHA GPD,-1,-1,0,-1
2021010288132,2021,010288132,2,4,0,18,19,5,1,0,0,1,0,0,0,0,1,1,6,6,1,27,6,125,1,1,YAMAHA GPD,7,E01002986,0,-1
2021010299246,2021,010299246,2,2,0,7,7,1,2,0,0,6,0,0,0,0,1,1,6,6,2,49,8,125,1,1,YAMAHA GPD,5,E01003314,0,-1
2021010296817,2021,010296817,1,3,0,99,99,9,9,99,99,0,9,99,9,99,1,1,6,6,3,29,6,125,1,4,YAMAHA GPD,5,E01001277,0,-1
2021010342154,2021,010342154,1,3,0,99,99,9,9,99,99,0,9,99,9,99,1,1,6,6,1,31,6,125,1,0,YAMAHA GPD,7,E01001495,0,-1
2021010341984,2021,010341984,2,3,0,99,99,9,9,99,99,9,9,99,9,99,1,1,6,6,3,-1,-1,125,1,3,YAMAHA GPD,2,E01033591,0,-1
2021010310668,2021,010310668,1,3,0,18,19,5,1,0,0,1,0,0,0,0,3,1,6,6,1,29,6,125,1,1,YAMAHA GPD,4,E01000799,0,-1
2021010329199,2021,010329199,2,2,0,18,19,5,1,0,0,0,0,4,0,0,3,1,1,1,1,31,6,125,1,5,YAMAHA GPD,1,E01003075,0,-1
2021010295123,2021,010295123,1,3,0,99,99,9,9,99,99,9,9,99,9,99,9,1,6,6,2,47,8,125,1,2,YAMAHA GPD,2,E01001042,0,-1
2021010327480,2021,010327480,1,3,0,99,99,9,9,99,99,9,9,99,9,99,1,1,2,2,1,19,4,125,1,2,YAMAHA GPD,1,E01004199,0,-1
2021010301935,2021,010301935,1,3,0,99,99,9,9,99,99,9,9,99,9,99,2,1,6,6,1,30,6,125,1,3,YAMAHA GPD,3,E01003631,0,-1
2021010341169,2021,010341169,1,3,0,99,99,9,9,99,99,0,9,99,9,99,9,1,6,6,1,49,8,125,1,3,YAMAHA GPD,3,E01004229,0,-1
2021010302753,2021,010302753,1,3,0,99,99,9,9,99,99,9,9,99,9,99,9,1,6,6,1,28,6,125,1,3,YAMAHA GPD,4,E01001233,0,-1
2021010294328,2021,010294328,1,3,0,99,99,9,9,99,99,0,9,99,9,99,9,1,6,6,1,23,5,125,1,4,YAMAHA GPD,3,E01004590,0,-1
2021010293276,2021,010293276,1,3,0,99,99,9,9,99,99,9,9,99,9,99,1,1,6,6,1,44,7,125,1,3,YAMAHA GPD,2,E01000077,0,-1
2021010322384,2021,010322384,1,3,0,99,99,9,9,99,99,1,9,99,9,99,1,1,1,1,1,18,4,125,1,3,YAMAHA GPD,4,E01003784,0,-1
2021010322633,2021,010322633,2,3,0,18,19,7,3,0,0,6,0,0,0,0,3,1,6,6,1,18,4,125,1,1,YAMAHA GPD,1,E01001178,0,-1
2021010288880,2021,010288880,1,3,0,99,99,9,9,99,99,9,9,99,9,99,9,1,6,6,2,31,6,125,1,3,YAMAHA GPD,3,E01001089,0,-1
2021010341302,2021,010341302,1,4,0,99,99,9,9,99,99,9,9,99,9,99,9,1,1,1,1,29,6,125,1,6,YAMAHA GPD,1,E01004407,0,-1
2021010307815,2021,010307815,1,3,0,99,99,9,9,99,99,0,9,99,9,99,9,1,6,6,1,21,5,125,1,3,YAMAHA GPD,7,E01002182,0,-1
2021010310052,2021,010310052,1,3,0,99,99,9,9,99,99,9,9,99,9,99,9,1,2,2,1,20,4,125,1,0,YAMAHA GPD,6,E01000487,0,-1
2021010334268,2021,010334268,1,3,0,99,99,9,9,99,99,0,9,99,9,99,9,1,1,1,1,39,7,125,1,0,YAMAHA GPD,7,E01004629,0,-1
2021010300636,2021,010300636,1,2,0,99,99,9,9,0,0,9,2,0,0,0,9,1,6,6,1,28,6,125,1,4,YAMAHA GPD,2,E01004295,0,-1
2021010334171,2021,010334171,2,3,0,18,19,3,7,0,0,0,0,0,0,0,1,1,2,2,1,43,7,125,1,0,YAMAHA GPD,4,E01001636,0,-1
2021010297310,2021,010297310,1,3,0,99,99,9,9,99,99,9,9,99,9,99,2,9,6,6,1,18,4,125,1,1,YAMAHA GPD,1,E01000595,0,-1
2021010320513,2021,010320513,2,3,0,10,10,5,2,0,0,1,0,0,0,0,2,1,1,1,1,46,8,125,1,0,YAMAHA GPD,4,E01002406,0,-1
2021010347014,2021,010347014,1,3,0,99,99,9,9,99,99,9,9,99,9,99,9,1,2,2,1,24,5,125,1,0,YAMAHA GPD,4,E01003114,0,-1
2021010299643,2021,010299643,2,2,0,18,19,5,1,0,0,1,2,0,0,0,1,1,6,6,1,29,6,125,1,1,YAMAHA GPD,2,E01000223,0,-1
2021430388906,2021,430388906,1,3,0,18,19,8,4,0,0,2,0,7,0,0,1,1,6,6,1,26,6,125,1,3,YAMAHA GPD,10,E01016639,0,-1
2021451113389,2021,451113389,1,3,0,18,19,1,5,0,0,1,1,0,0,0,4,1,5,6,2,34,6,125,1,2,YAMAHA GPD,7,E01030993,0,-1
2021010294279,2021,010294279,1,3,0,18,19,1,5,0,0,1,0,0,0,0,3,1,6,6,1,29,6,125,1,5,YAMAHA GPD,1,E01033701,0,-1
2021010350364,2021,010350364,1,3,0,99,99,9,9,99,99,0,9,99,9,99,1,1,1,1,2,31,6,125,1,2,YAMAHA GPD,5,E01033741,0,-1
2021010337441,2021,010337441,1,3,0,99,99,9,9,99,99,9,9,99,9,99,1,1,6,6,1,36,7,125,1,3,YAMAHA GPD,3,E01000312,0,-1
2021010321574,2021,010321574,2,2,0,5,5,3,7,0,0,8,0,0,0,0,4,1,6,6,2,29,6,125,1,3,YAMAHA GPD,6,E01001288,0,-1
2021010317821,2021,010317821,1,3,9,99,99,9,9,99,99,9,9,99,9,99,9,1,6,6,1,50,8,125,1,4,YAMAHA GPD,4,E01002016,0,-1
2021010342007,2021,010342007,1,3,0,99,99,9,9,99,99,9,9,99,9,99,2,1,1,1,1,44,7,125,1,2,YAMAHA GPD,7,E01003677,0,-1
2021010340572,2021,010340572,1,3,0,99,99,9,9,99,99,9,9,99,9,99,9,1,1,1,1,34,6,125,1,4,YAMAHA GPD,5,E01000494,0,-1
2021010350953,2021,010350953,1,3,0,18,19,5,1,0,0,0,0,0,0,0,2,1,6,6,2,55,8,125,1,3,YAMAHA GPD,2,E01003971,0,-1
2021010332150,2021,010332150,2,2,0,18,19,5,1,0,0,8,0,0,0,0,1,1,6,6,1,32,6,125,1,1,YAMAHA GPD,2,E01000525,0,-1
2021010313789,2021,010313789,2,3,0,18,19,3,7,0,0,0,1,0,0,0,1,1,1,1,1,27,6,125,1,1,YAMAHA GPD,6,E01004501,0,-1
2021010304039,2021,010304039,1,3,0,99,99,9,9,99,99,9,9,99,9,99,2,1,6,6,1,24,5,125,1,0,YAMAHA GPD,3,E01004756,0,-1
2021010320374,2021,010320374,1,3,0,18,19,5,1,0,0,8,0,0,0,0,1,1,1,1,1,21,5,125,1,3,YAMAHA GPD,2,E01001042,0,-1
2021010295188,2021,010295188,1,3,0,99,99,9,9,99,99,0,9,99,9,99,1,1,6,6,1,33,6,125,1,3,YAMAHA GPD,3,E01003145,0,-1
2021010349252,2021,010349252,2,3,0,99,99,9,9,99,99,9,9,99,9,99,9,1,1,1,1,31,6,125,1,0,YAMAHA GPD,3,E01003105,0,-1
2021010331831,2021,010331831,1,3,0,16,19,3,5,0,0,1,5,0,0,0,1,1,6,6,3,-1,-1,125,1,0,YAMAHA GPD,-1,-1,0,-1
2021010334426,2021,010334426,2,3,0,3,3,5,1,0,0,1,0,0,0,0,2,1,1,1,1,36,7,125,1,3,YAMAHA GPD,-1,-1,0,-1
2021010296521,2021,010296521,1,3,0,99,99,9,9,99,99,9,9,99,9,99,9,1,6,6,1,40,7,125,1,5,YAMAHA GPD,1,E01002067,0,-1
2021010347959,2021,010347959,2,3,0,18,19,5,1,0,0,1,0,0,0,0,1,1,6,6,1,23,5,125,1,0,YAMAHA GPD,7,E01004500,0,-1
202131C072821,2021,31C072821,1,3,0,18,19,2,6,0,0,0,0,0,0,0,3,1,6,6,1,37,7,125,1,0,YAMAHA GPD,1,E01033405,0,-1
2021010315904,2021,010315904,2,3,0,16,19,7,3,0,0,1,1,0,0,0,1,1,1,1,1,18,4,125,1,3,YAMAHA GPD,6,E01003386,0,-1
2021440495525,2021,440495525,2,3,0,10,10,6,4,0,0,1,0,0,0,0,2,1,1,1,1,35,6,125,1,0,YAMAHA GPD,1,E01017077,0,-1
2021010293297,2021,010293297,2,3,0,18,19,1,5,0,0,1,5,0,0,0,1,1,2,2,1,19,4,125,1,4,YAMAHA GPD,4,E01033595,0,-1
2021010344986,2021,010344986,2,3,0,18,19,1,5,0,0,0,0,0,0,0,3,1,1,1,2,38,7,125,1,5,YAMAHA GPD,6,E01003398,0,-1
2021010325311,2021,010325311,2,3,0,14,14,1,5,0,0,1,0,0,0,0,1,1,6,6,1,19,4,125,1,0,YAMAHA GPD,1,E01000521,0,-1
2021010328042,2021,010328042,2,3,0,15,15,5,1,0,0,2,5,0,0,0,3,1,1,1,1,25,5,125,1,0,YAMAHA GPD,1,E01001839,0,-1
2021010323989,2021,010323989,2,3,0,18,19,7,3,0,0,1,0,0,0,0,1,1,6,6,1,22,5,125,1,1,YAMAHA GPD,4,E01000235,0,-1
2021010346443,2021,010346443,1,3,0,99,99,9,9,99,99,9,9,99,9,99,9,1,6,6,1,23,5,125,1,1,YAMAHA GPD,1,E01000953,0,-1
2021010343681,2021,010343681,2,3,0,13,13,5,1,0,0,1,0,0,0,0,1,1,1,1,1,33,6,125,1,1,YAMAHA GPD,4,E01003231,0,-1
2021010290651,2021,010290651,1,3,0,18,19,1,5,0,0,0,0,0,0,0,3,1,6,6,3,-1,-1,125,1,3,YAMAHA GPD,5,E01021518,0,-1
2021010336876,2021,010336876,1,3,0,99,99,9,9,99,99,9,9,99,9,99,9,1,1,1,1,44,7,125,1,0,YAMAHA GPD,6,E01023314,0,-1
2021010290075,2021,010290075,1,3,0,4,4,1,5,0,0,1,1,0,0,0,3,1,6,6,2,55,8,125,1,1,YAMAHA GPD,5,E01000240,0,-1
2021010330996,2021,010330996,2,4,9,99,99,9,9,99,99,9,9,99,9,99,9,1,6,6,2,39,7,125,1,1,YAMAHA GPD,2,E01001161,0,-1
2021471118985,2021,471118985,1,4,0,18,19,7,3,0,0,1,0,0,0,0,1,1,6,6,1,27,6,125,1,1,YAMAHA GPD,5,E01031355,0,-1
2021010300560,2021,010300560,2,3,0,18,19,3,7,2,2,1,1,0,0,0,1,1,1,1,1,21,5,125,1,1,YAMAHA GPD,6,E01001741,0,-1
2021010302645,2021,010302645,1,3,0,99,99,9,9,99,99,9,9,99,9,99,1,1,6,6,1,33,6,125,1,3,YAMAHA GPD,3,E01016442,0,-1
2021010339090,2021,010339090,1,3,0,13,13,5,1,0,0,0,0,0,0,0,4,1,1,1,1,28,6,125,1,2,YAMAHA GPD,1,E01013748,0,-1
2021010333053,2021,010333053,2,3,0,15,15,3,7,0,0,8,0,0,0,0,3,1,6,6,1,23,5,125,1,0,YAMAHA GPD,3,E01003569,0,-1
2021010316983,2021,010316983,2,3,0,15,15,5,1,0,0,0,0,0,0,0,1,1,6,6,1,25,5,125,1,0,YAMAHA GPD,3,E01004563,0,-1
2021010302080,2021,010302080,1,3,9,99,99,9,9,99,99,9,9,99,9,99,9,1,6,6,1,23,5,125,1,4,YAMAHA GPD,3,E01033464,0,-1
2021010322089,2021,010322089,2,3,0,11,11,3,7,0,0,1,0,0,0,0,4,1,6,6,1,20,4,125,1,1,YAMAHA GPD,3,E01001242,0,-1
2021010352185,2021,010352185,2,4,0,15,15,7,3,0,0,8,5,0,0,0,1,1,1,1,1,41,7,125,1,0,YAMAHA GPD,5,E01001960,0,-1
2021010332449,2021,010332449,1,3,0,99,99,9,9,99,99,9,9,99,9,99,1,1,6,6,1,31,6,125,1,0,YAMAHA GPD,2,E01001447,0,-1
2021461042733,2021,461042733,2,3,0,3,3,5,1,0,0,0,0,0,0,0,2,1,1,1,1,22,5,125,1,0,YAMAHA GPD,1,E01016049,0,-1
2021010331871,2021,010331871,2,3,0,18,19,1,5,0,0,1,0,0,0,0,1,1,6,6,1,18,4,125,1,4,YAMAHA GPD,2,E01004010,0,-1
2021010299405,2021,010299405,2,3,0,5,5,8,4,0,0,1,0,0,0,0,1,1,6,6,1,29,6,125,1,3,YAMAHA GPD,5,E01001859,0,-1
2021010314872,2021,010314872,1,3,0,99,99,9,9,99,99,9,9,99,9,99,9,1,6,6,1,29,6,125,1,0,YAMAHA GPD,5,E01001232,0,-1
2021010316841,2021,010316841,2,3,0,14,14,1,5,0,0,0,0,0,0,0,2,1,2,2,1,32,6,125,1,0,YAMAHA GPD,5,E01000310,0,-1
2021010343373,2021,010343373,1,3,0,99,99,9,9,99,99,0,9,99,9,99,9,1,6,6,1,22,5,125,1,3,YAMAHA GPD,3,E01004022,0,-1
2021010349028,2021,010349028,1,3,0,99,99,9,9,99,99,9,9,99,9,99,1,1,2,2,1,24,5,125,1,4,YAMAHA GPD,3,E01003025,0,-1
2021010309804,2021,010309804,1,3,0,99,99,9,9,99,99,9,9,99,9,99,2,1,6,6,1,22,5,125,1,4,YAMAHA GPD,2,E01000628,0,-1
2021471076046,2021,471076046,1,3,0,17,19,5,2,0,0,0,1,10,1,11,4,1,6,6,1,19,4,125,1,2,YAMAHA GPD,1,E01016868,0,-1
2021010340841,2021,010340841,1,3,0,18,19,7,3,0,0,0,0,0,0,0,1,1,6,6,1,20,4,125,1,0,YAMAHA GPD,5,E01003359,0,-1
2021010290507,2021,010290507,1,5,0,18,19,7,3,0,0,1,0,0,0,0,1,1,6,6,1,36,7,-1,-1,-1,YAMAHA GPD,7,E01002816,0,-1
2021010297405,2021,010297405,1,3,0,14,14,7,3,0,0,0,5,0,0,0,4,1,1,1,1,18,4,125,1,4,YAMAHA GPD,2,E01003168,0,-1
2021010340906,2021,010340906,2,4,0,18,19,2,6,0,0,1,0,0,6,0,1,1,6,6,1,23,5,125,1,1,YAMAHA GPD,2,E01004403,0,-1
2021010318319,2021,010318319,1,3,0,7,7,3,5,0,0,8,0,10,0,0,4,1,1,1,1,23,5,125,1,3,YAMAHA GPD,2,E01003111,0,-1
2021010287824,2021,010287824,1,3,0,99,99,9,9,99,99,9,9,99,9,99,9,1,6,6,2,37,7,125,1,2,YAMAHA GPD,5,E01003415,0,-1
2021010297007,2021,010297007,1,4,0,99,99,9,9,99,99,9,9,99,9,99,9,1,6,6,1,27,6,125,1,5,YAMAHA GPD,5,E01003433,0,-1
2021010348257,2021,010348257,2,3,0,9,9,7,4,0,0,4,0,0,0,0,4,1,1,1,1,19,4,125,1,2,YAMAHA GPD,3,E01003215,0,-1
2021010298868,2021,010298868,1,3,0,4,4,1,5,0,0,2,0,0,0,0,2,1,6,6,1,55,8,125,1,3,YAMAHA GPD,6,E01004626,0,-1
2021010291265,2021,010291265,1,3,0,4,4,5,1,0,0,1,0,0,0,0,1,1,1,1,1,35,6,125,1,5,YAMAHA GPD,2,E01000523,0,-1
2021010294482,2021,010294482,2,3,0,99,99,9,9,99,99,0,9,99,9,99,9,1,6,6,3,-1,-1,125,1,4,YAMAHA GPD,-1,-1,0,-1
2021010343727,2021,010343727,1,4,0,18,19,8,4,9,9,0,0,0,0,0,1,1,6,6,1,19,4,125,1,4,YAMAHA GPD,-1,-1,0,-1
2021010331566,2021,010331566,1,3,0,99,99,9,9,99,99,9,9,99,9,99,9,1,1,1,1,22,5,125,1,0,YAMAHA GPD,6,E01003378,0,-1
2021010297498,2021,010297498,1,3,0,99,99,9,9,99,99,9,9,99,9,99,9,1,6,6,1,30,6,125,1,3,YAMAHA GPD,6,E01003226,0,-1
2021010341247,2021,010341247,1,3,0,99,99,9,9,99,99,9,9,99,9,99,2,1,6,6,1,25,5,125,1,5,YAMAHA GPD,6,E01003393,0,-1
2021221064755,2021,221064755,2,3,0,18,19,1,5,0,0,0,0,0,0,0,3,1,1,1,1,39,7,125,1,2,YAMAHA GPD,1,E01032331,0,-1
2021010330729,2021,010330729,1,3,0,99,99,9,9,99,99,0,9,99,9,99,2,1,1,1,2,39,7,125,1,0,YAMAHA GPD,5,E01003855,0,-1
2021010304555,2021,010304555,2,3,0,18,19,4,8,0,0,2,0,0,0,0,1,1,1,1,1,34,6,125,1,0,YAMAHA GPD,-1,-1,0,-1
2021010336283,2021,010336283,1,3,0,99,99,9,9,0,0,0,0,0,0,0,9,1,1,1,1,32,6,125,1,0,YAMAHA GPD,2,E01003689,0,-1
2021010350962,2021,010350962,1,3,0,14,14,3,7,0,0,1,0,0,0,0,4,1,2,2,1,58,9,125,1,5,YAMAHA GPD,-1,-1,0,-1
2021010327743,2021,010327743,1,3,0,99,99,9,9,99,99,9,9,99,9,99,2,1,6,6,1,29,6,125,1,1,YAMAHA GPD,4,E01004572,0,-1
2021010342239,2021,010342239,1,2,5,9,9,2,8,0,0,1,0,0,1,0,1,1,1,1,1,30,6,125,1,5,YAMAHA GPD,2,E01033327,0,-1
2021010297409,2021,010297409,1,2,0,18,19,7,3,2,2,1,0,0,1,0,1,1,6,6,1,26,6,125,1,0,YAMAHA GPD,2,E01004023,0,-1
2021010347513,2021,010347513,1,3,0,99,99,9,9,99,99,9,9,99,9,99,2,1,6,6,1,21,5,125,1,1,YAMAHA GPD,3,E01000535,0,-1
2021010322546,2021,010322546,1,3,9,3,3,1,5,0,0,1,9,0,0,0,2,1,6,6,1,18,4,125,1,3,YAMAHA GPD,4,E01003913,0,-1
2021010299123,2021,010299123,1,3,0,99,99,9,9,99,99,9,9,99,9,99,2,1,6,6,1,28,6,125,1,4,YAMAHA GPD,4,E01003133,0,-1
2021010306612,2021,010306612,2,3,0,15,15,5,1,0,0,2,2,0,0,0,2,1,6,6,1,40,7,125,1,2,YAMAHA GPD,3,E01001983,0,-1
2021421024620,2021,421024620,2,3,0,3,3,5,1,0,0,0,0,0,0,0,1,1,1,1,1,20,4,125,1,2,YAMAHA GPD,3,E01002370,0,-1
2021010292629,2021,010292629,1,3,0,18,19,1,5,0,0,0,0,0,0,0,2,1,1,1,1,33,6,125,1,5,YAMAHA GPD,4,E01001252,0,-1
2021010311469,2021,010311469,1,3,0,99,99,9,9,99,99,9,9,99,9,99,9,1,6,6,2,35,6,125,1,2,YAMAHA GPD,2,E01004211,0,-1
2021010308923,2021,010308923,1,3,0,9,9,6,3,0,0,1,0,0,0,0,3,1,1,1,1,39,7,125,1,2,YAMAHA GPD,3,E01000640,0,-1
2021010313793,2021,010313793,1,3,0,99,99,9,9,99,99,9,9,99,9,99,1,1,6,6,2,-1,-1,125,1,0,YAMAHA GPD,3,E01000641,0,-1
2021010330318,2021,010330318,1,3,0,99,99,9,9,99,99,9,9,99,9,99,2,1,2,2,1,28,6,125,1,1,YAMAHA GPD,9,E01002164,0,-1
2021010291495,2021,010291495,1,2,0,18,19,6,2,2,2,1,1,0,0,0,1,1,6,6,1,24,5,125,1,2,YAMAHA GPD,4,E01024179,0,-1
2021010346964,2021,010346964,3,3,0,18,19,3,7,0,0,1,0,0,0,0,0,1,6,6,3,-1,-1,125,1,1,YAMAHA GPD,-1,-1,0,-1
2021010317114,2021,010317114,2,2,0,18,19,5,1,0,0,1,5,0,0,0,1,1,6,6,1,21,5,125,1,0,YAMAHA GPD,3,E01000640,0,-1
2021430533020,2021,430533020,2,3,0,18,19,2,6,0,0,8,0,0,0,0,1,1,6,6,1,25,5,125,1,0,YAMAHA GPD,8,E01017921,0,-1
2021010310167,2021,010310167,1,3,0,18,19,5,1,0,0,0,0,0,0,0,1,1,6,6,1,31,6,125,1,3,YAMAHA GPD,5,E01003173,0,-1
2021010312636,2021,010312636,1,3,0,99,99,9,9,99,99,9,9,99,9,99,9,1,6,6,1,33,6,125,1,1,YAMAHA GPD,2,E01001783,0,-1
2021010346624,2021,010346624,2,3,0,15,15,7,3,2,2,1,0,0,0,0,3,1,1,1,1,39,7,125,1,0,YAMAHA GPD,4,E01004221,0,-1
2021010342842,2021,010342842,1,3,0,99,99,9,9,99,99,9,9,99,9,99,1,1,6,6,1,42,7,125,1,0,YAMAHA GPD,3,E01003521,0,-1
2021010331674,2021,010331674,1,3,0,99,99,9,9,99,99,9,9,99,9,99,9,1,2,2,1,26,6,125,1,0,YAMAHA GPD,2,E01004287,0,-1
2021010302673,2021,010302673,1,3,0,99,99,9,9,99,99,9,9,99,9,99,1,1,6,6,1,19,4,125,1,4,YAMAHA GPD,5,E01000488,0,-1
2021010304085,2021,010304085,2,4,0,13,13,5,1,0,0,2,5,0,0,0,1,1,1,1,1,25,5,125,1,4,YAMAHA GPD,6,E01001570,0,-1
2021010289873,2021,010289873,2,4,0,18,19,5,1,0,0,1,0,0,0,0,1,1,6,6,1,19,4,125,1,1,YAMAHA GPD,5,E01001301,0,-1
2021010327792,2021,010327792,1,3,0,99,99,9,9,99,99,9,9,99,9,99,1,1,1,1,1,34,6,125,1,0,YAMAHA GPD,2,E01000509,0,-1
2021010334181,2021,010334181,2,3,0,99,99,9,9,99,99,9,9,99,9,99,1,1,6,6,3,-1,-1,125,1,3,YAMAHA GPD,2,E01003120,0,-1
2021010296615,2021,010296615,2,3,0,18,19,1,5,0,0,1,0,0,0,0,1,1,6,6,1,27,6,125,1,6,YAMAHA GPD,6,E01000203,0,-1
2021010325390,2021,010325390,2,3,0,18,19,5,1,0,0,1,0,0,0,0,0,1,1,1,1,27,6,125,1,4,YAMAHA GPD,3,E01004317,0,-1
2021010333458,2021,010333458,1,3,0,5,5,7,3,0,0,1,0,0,0,0,1,1,1,1,1,18,4,125,1,2,YAMAHA GPD,4,E01000570,0,-1
2021010319612,2021,010319612,2,3,0,99,99,9,9,0,0,8,0,0,0,0,2,1,6,6,3,-1,-1,125,1,0,YAMAHA GPD,-1,-1,0,-1
2021010311873,2021,010311873,1,3,0,18,19,5,1,0,0,0,0,10,0,0,4,1,6,6,1,23,5,125,1,2,YAMAHA GPD,6,E01002358,0,-1
2021010287491,2021,010287491,1,2,9,99,99,9,9,99,99,0,9,99,9,99,9,1,6,6,1,20,4,125,1,3,YAMAHA GPD,3,E01000062,0,-1
2021010312901,2021,010312901,2,3,0,99,99,9,9,99,99,9,9,99,9,99,1,1,6,6,3,-1,-1,125,1,4,YAMAHA GPD,5,E01024701,0,-1
2021010306861,2021,010306861,1,3,0,99,99,9,9,0,0,9,9,0,0,0,9,1,6,6,3,33,6,125,1,0,YAMAHA GPD,3,E01001076,0,-1
2021010314236,2021,010314236,1,3,0,99,99,9,9,99,99,9,9,99,9,99,9,1,2,2,1,43,7,125,1,3,YAMAHA GPD,2,E01003338,0,-1
2021522100903,2021,522100903,1,3,0,13,13,6,3,0,0,8,0,0,0,0,2,1,6,6,1,25,5,125,1,4,YAMAHA GPD,6,E01014707,0,-1
2021010288287,2021,010288287,1,3,0,99,99,9,9,99,99,9,9,99,9,99,9,9,6,6,1,27,6,125,1,4,YAMAHA GPD,3,E01000929,0,-1
2021010343424,2021,010343424,2,3,0,99,99,9,9,99,99,0,9,99,9,99,9,1,6,6,3,-1,-1,125,1,0,YAMAHA GPD,1,E01000521,0,-1
2021010296524,2021,010296524,1,3,0,7,7,5,7,0,0,1,0,0,1,0,1,1,1,1,1,20,4,125,1,4,YAMAHA GPD,5,E01030750,0,-1
2021010314555,2021,010314555,1,3,9,99,99,9,9,99,99,9,9,99,9,99,9,1,6,6,1,38,7,125,1,1,YAMAHA GPD,3,E01003627,0,-1
2021471067147,2021,471067147,1,3,0,18,19,7,3,0,0,8,0,0,0,0,4,1,2,2,1,20,4,125,1,2,YAMAHA GPD,5,E01016971,0,-1
2021010347506,2021,010347506,2,3,0,99,99,9,9,99,99,9,9,99,9,99,2,1,1,1,1,21,5,125,1,2,YAMAHA GPD,2,E01000556,0,-1
2021010330033,2021,010330033,2,3,0,18,19,2,6,0,0,3,2,0,1,0,1,1,2,2,2,31,6,125,1,0,YAMAHA GPD,6,E01002742,0,-1
2021010347138,2021,010347138,1,3,0,99,99,9,9,99,99,9,9,99,9,99,9,1,1,1,1,38,7,125,1,1,YAMAHA GPD,3,E01004217,0,-1
2021010306009,2021,010306009,2,3,0,5,5,3,7,0,0,8,0,0,0,0,1,1,1,1,1,22,5,125,1,1,YAMAHA GPD,5,E01023402,0,-1
2021010299220,2021,010299220,2,3,0,18,19,3,7,0,0,6,1,0,0,0,3,1,6,6,1,26,6,125,1,2,YAMAHA GPD,5,E01000505,0,-1
2021010319534,2021,010319534,1,3,0,9,9,9,9,0,0,4,5,0,0,99,4,1,6,6,1,26,6,125,1,4,YAMAHA GPD,6,E01001952,0,-1