collision_index,collision_year,collision_ref_no,vehicle_reference,vehicle_type,towing_and_articulation,vehicle_manoeuvre_historic,vehicle_manoeuvre,vehicle_direction_from,vehicle_direction_to,vehicle_location_restricted_lane_historic,vehicle_location_restricted_lane,junction_location,skidding_and_overturning,hit_object_in_carriageway,vehicle_leaving_carriageway,hit_object_off_carriageway,first_point_of_impact,vehicle_left_hand_drive,journey_purpose_of_driver_historic,journey_purpose_of_driver,sex_of_driver,age_of_driver,age_band_of_driver,engine_capacity_cc,propulsion_code,age_of_vehicle,generic_make_model,driver_imd_decile,lsoa_of_driver,escooter_flag,driver_distance_banding
2021010330580,2021,010330580,1,3,0,99,99,9,9,0,0,0,0,0,0,0,2,1,1,1,1,32,6,125,1,0,YAMAHA GPD,9,E01000208,0,-1
2021010345930,2021,010345930,1,3,0,18,19,1,5,0,0,2,0,0,0,0,1,1,6,6,1,20,4,125,1,0,YAMAHA GPD,4,E01003249,0,-1
2021010322341,2021,010322341,1,3,0,99,99,9,9,99,99,9,9,99,9,99,9,1,6,6,1,42,7,125,1,0,YAMAHA GPD,3,E01000515,0,-1
2021010335767,2021,010335767,1,3,0,99,99,9,9,99,99,9,9,99,9,99,9,1,1,1,1,27,6,125,1,0,YAMAHA GPD,6,E01003429,0,-1
2021010310407,2021,010310407,2,3,0,15,15,3,7,0,0,8,0,0,0,0,1,1,1,1,1,37,7,125,1,1,YAMAHA GPD,2,E01004252,0,-1
2021010346857,2021,010346857,1,3,0,18,19,8,4,0,0,1,0,0,0,0,3,1,1,1,1,22,5,125,1,5,YAMAHA GPD,5,E01001301,0,-1
2021010299069,2021,010299069,1,4,0,18,19,3,7,0,0,8,0,0,0,0,3,1,6,6,1,29,6,125,1,1,YAMAHA GPD,4,E01004715,0,-1
2021010306136,2021,010306136,1,3,0,99,99,9,9,0,0,9,0,11,0,0,9,1,6,6,1,32,6,125,1,1,YAMAHA GPD,2,E01001700,0,-1
2021010290071,2021,010290071,1,3,0,99,99,9,9,99,99,9,9,99,9,99,1,1,6,6,1,30,6,125,1,2,YAMAHA GPD,3,E01003942,0,-1
2021010334341,2021,010334341,1,3,0,99,99,9,9,99,99,9,9,99,9,99,1,9,6,6,1,18,4,125,1,1,YAMAHA GPD,1,E01000595,0,-1
2021010292626,2021,010292626,1,2,0,18,19,7,3,0,0,6,0,0,0,0,1,1,6,6,1,20,4,125,1,5,YAMAHA GPD,4,E01001285,0,-1
2021010307514,2021,010307514,1,3,9,99,99,9,9,99,99,9,9,99,9,99,9,1,6,6,1,31,6,125,1,0,YAMAHA GPD,5,E01004363,0,-1
2021010331067,2021,010331067,2,3,0,13,13,5,1,0,0,5,0,0,7,0,1,1,1,1,1,23,5,125,1,4,YAMAHA GPD,4,E01002088,0,-1
2021010304870,2021,010304870,2,3,0,15,15,5,1,0,0,1,0,0,0,0,1,1,1,1,1,34,6,125,1,3,YAMAHA GPD,2,E01004302,0,-1
2021010296919,2021,010296919,1,3,0,99,99,9,9,99,99,9,9,99,9,99,9,1,6,6,1,36,7,125,1,2,YAMAHA GPD,3,E01032774,0,-1
2021010351165,2021,010351165,1,3,0,99,99,9,9,99,99,9,9,99,9,99,9,1,6,6,1,29,6,125,1,4,YAMAHA GPD,3,E01001282,0,-1
2021010330905,2021,010330905,1,3,5,18,19,7,3,0,0,8,0,0,0,0,3,1,6,6,1,41,7,125,1,0,YAMAHA GPD,1,E01002067,0,-1
2021010303754,2021,010303754,1,3,0,18,19,3,7,0,0,0,0,0,0,0,0,1,6,6,1,18,4,125,1,3,YAMAHA GPD,-1,-1,0,-1
2021421073837,2021,421073837,2,4,0,14,14,4,7,0,0,2,0,0,0,0,1,1,6,6,1,25,5,125,1,3,YAMAHA GPD,4,E01021707,0,-1
2021010309997,2021,010309997,1,3,0,18,19,1,5,0,0,0,0,0,0,0,1,1,1,1,1,32,6,125,1,2,YAMAHA GPD,4,E01000491,0,-1
2021010315824,2021,010315824,2,3,0,14,14,1,5,0,0,1,0,0,0,0,1,1,2,2,1,30,6,125,1,1,YAMAHA GPD,-1,-1,0,-1
2021471118985,2021,471118985,2,3,0,3,3,7,3,0,0,1,0,0,0,0,2,1,2,2,1,26,6,125,1,2,YAMAHA GPD,5,E01016994,0,-1
2021010317799,2021,010317799,1,3,9,99,99,9,9,99,99,9,9,99,9,99,9,1,2,2,1,35,6,125,1,3,YAMAHA GPD,1,E01002095,0,-1
2021010318530,2021,010318530,1,3,0,99,99,9,9,99,99,9,9,99,9,99,1,1,6,6,1,27,6,125,1,1,YAMAHA GPD,3,E01003940,0,-1
2021010304861,2021,010304861,1,3,0,99,99,9,9,99,99,9,9,99,9,99,1,1,6,6,1,42,7,125,1,0,YAMAHA GPD,4,E01000491,0,-1
2021010300920,2021,010300920,1,3,0,99,99,9,9,99,99,9,9,99,9,99,1,1,6,6,1,41,7,125,1,1,YAMAHA GPD,6,E01004636,0,-1
2021010332981,2021,010332981,3,3,0,18,19,1,5,0,0,1,0,0,0,0,1,1,6,6,1,33,6,125,1,1,YAMAHA GPD,3,E01004325,0,-1
2021430481950,2021,430481950,2,3,0,15,15,6,2,0,0,8,0,0,0,0,4,1,1,1,1,31,6,125,1,0,YAMAHA GPD,4,E01016529,0,-1
2021010321726,2021,010321726,1,3,0,99,99,9,9,99,99,0,9,99,9,99,9,1,6,6,1,26,6,125,1,0,YAMAHA GPD,4,E01000617,0,-1
2021010340346,2021,010340346,1,3,0,99,99,9,9,99,99,0,9,99,9,99,2,1,1,1,2,40,7,125,1,0,YAMAHA GPD,3,E01001175,0,-1
2021010296393,2021,010296393,1,3,0,99,99,9,9,99,99,9,9,99,9,99,1,1,6,6,2,45,7,125,1,5,YAMAHA GPD,2,E01000603,0,-1
2021010328706,2021,010328706,1,3,0,3,3,5,1,0,0,1,0,0,0,0,2,1,6,6,1,38,7,125,1,2,YAMAHA GPD,6,E01001312,0,-1
2021010299820,2021,010299820,1,3,0,99,99,9,9,99,99,9,9,99,9,99,9,9,6,6,2,26,6,125,1,1,YAMAHA GPD,2,E01002077,0,-1
2021010314282,2021,010314282,2,3,0,99,99,9,9,99,99,9,9,99,9,99,1,1,6,6,3,-1,-1,125,1,2,YAMAHA GPD,6,E01003657,0,-1
2021010332587,2021,010332587,1,3,0,99,99,9,9,99,99,9,9,99,9,99,1,1,2,2,2,39,7,125,1,0,YAMAHA GPD,4,E01015327,0,-1
2021010337754,2021,010337754,1,3,0,18,19,3,7,0,0,1,0,0,0,0,4,1,1,1,1,27,6,125,1,0,YAMAHA GPD,6,E01003228,0,-1
2021010349205,2021,010349205,1,3,0,99,99,9,9,99,99,9,9,99,9,99,1,9,1,1,1,26,6,125,1,0,YAMAHA GPD,5,E01033741,0,-1
2021430384136,2021,430384136,2,3,0,3,3,8,4,0,0,0,0,0,0,0,1,1,6,6,1,25,5,125,1,2,YAMAHA GPD,6,E01028557,0,-1
2021010310041,2021,010310041,1,3,0,9,9,7,4,0,0,6,1,0,0,0,0,1,6,6,1,51,8,125,1,3,YAMAHA GPD,2,E01000628,0,-1
2021010321741,2021,010321741,1,3,0,99,99,9,9,99,99,9,9,99,9,99,1,1,1,1,2,33,6,125,1,0,YAMAHA GPD,3,E01001045,0,-1
2021010292528,2021,010292528,1,3,0,18,19,2,6,0,0,1,0,0,0,0,1,1,6,6,1,30,6,125,1,4,YAMAHA GPD,5,E01000620,0,-1
2021010340310,2021,010340310,1,3,0,18,19,5,1,0,0,8,2,0,0,0,1,1,6,6,1,31,6,125,1,2,YAMAHA GPD,4,E01004628,0,-1
2021461087848,2021,461087848,2,3,0,13,13,7,3,0,0,1,0,0,0,0,4,1,2,2,1,21,5,125,1,0,YAMAHA GPD,4,E01024258,0,-1
2021010323022,2021,010323022,2,3,0,5,5,3,7,0,0,1,0,0,0,0,2,1,1,1,1,20,4,125,1,0,YAMAHA GPD,5,E01033741,0,-1
2021440093252,2021,440093252,1,3,0,5,5,2,6,0,0,0,0,0,0,0,1,1,1,1,1,35,6,125,1,1,YAMAHA GPD,3,E01017191,0,-1
2021010323727,2021,010323727,2,3,0,99,99,9,9,99,99,9,9,99,9,99,9,1,2,2,2,24,5,125,1,0,YAMAHA GPD,2,E01003324,0,-1
2021010323693,2021,010323693,2,3,0,13,13,1,5,0,0,2,0,0,0,0,1,1,1,1,1,34,6,125,1,1,YAMAHA GPD,3,E01030744,0,-1
2021010346416,2021,010346416,1,3,0,99,99,9,9,99,99,9,9,99,9,99,9,1,1,1,1,42,7,125,1,3,YAMAHA GPD,1,E01033584,0,-1
2021010292120,2021,010292120,2,3,0,99,99,9,9,99,99,9,9,99,9,99,1,9,6,6,3,-1,-1,125,1,1,YAMAHA GPD,-1,-1,0,-1
2021010292251,2021,010292251,2,4,0,3,3,1,5,0,0,1,2,0,0,0,1,1,6,6,1,30,6,125,1,4,YAMAHA GPD,6,E01002005,0,-1
2021010314896,2021,010314896,1,3,0,3,3,5,1,0,0,0,0,0,0,0,1,1,2,2,1,37,7,125,1,1,YAMAHA GPD,4,E01001873,0,-1
2021010351575,2021,010351575,1,3,0,99,99,9,9,99,99,0,9,99,9,99,1,1,1,1,1,23,5,125,1,3,YAMAHA GPD,2,E01004365,0,-1
2021010346381,2021,010346381,1,3,0,5,5,4,8,0,0,1,0,0,0,0,1,1,6,6,1,26,6,125,1,0,YAMAHA GPD,4,E01001854,0,-1
2021010312340,2021,010312340,1,2,0,17,19,1,5,7,6,0,0,0,0,0,1,1,1,1,1,26,6,125,1,0,YAMAHA GPD,2,E01003497,0,-1
2021010319917,2021,010319917,2,3,0,5,5,3,7,0,0,1,0,0,0,0,1,1,2,2,1,30,6,125,1,0,YAMAHA GPD,8,E01001211,0,-1
2021010300623,2021,010300623,1,3,0,99,99,9,9,99,99,9,9,99,9,99,9,1,6,6,2,29,6,125,1,3,YAMAHA GPD,2,E01002087,0,-1
2021010334561,2021,010334561,2,3,0,5,5,5,1,0,0,1,0,0,0,0,3,1,1,1,2,32,6,125,1,0,YAMAHA GPD,5,E01000607,0,-1
2021010300728,2021,010300728,1,3,0,99,99,9,9,99,99,9,9,99,9,99,1,1,6,6,1,28,6,125,1,4,YAMAHA GPD,8,E01001390,0,-1
2021010325091,2021,010325091,1,3,0,99,99,9,9,99,99,9,9,99,9,99,1,1,6,6,1,20,4,125,1,0,YAMAHA GPD,5,E01003139,0,-1
2021010300328,2021,010300328,2,3,0,18,19,7,3,0,0,0,0,0,0,0,1,1,6,6,1,20,4,125,1,5,YAMAHA GPD,2,E01001976,0,-1
2021010319516,2021,010319516,1,3,0,99,99,9,9,99,99,9,9,99,9,99,9,1,6,6,1,30,6,125,1,0,YAMAHA GPD,5,E01000251,0,-1
2021010319308,2021,010319308,1,3,0,18,19,3,7,0,0,1,0,0,0,0,1,1,2,2,1,18,4,125,1,5,YAMAHA GPD,3,E01004592,0,-1
2021010315187,2021,010315187,2,3,0,18,19,5,1,0,0,8,0,0,0,0,1,1,6,6,1,30,6,125,1,1,YAMAHA GPD,7,E01004609,0,-1
2021010346075,2021,010346075,1,2,0,13,13,3,7,0,0,0,0,0,0,0,1,1,1,1,1,26,6,125,1,0,YAMAHA GPD,4,E01000475,0,-1
2021010331098,2021,010331098,1,3,0,99,99,9,9,99,99,9,9,99,9,99,9,1,1,1,1,26,6,125,1,0,YAMAHA GPD,4,E01001176,0,-1
2021471120279,2021,471120279,2,3,0,14,14,3,7,0,0,8,0,0,0,0,4,1,5,6,1,63,9,125,1,4,YAMAHA GPD,2,E01016854,0,-1
2021430443273,2021,430443273,1,3,0,3,3,4,8,0,0,0,0,0,0,0,1,1,1,1,1,41,7,125,1,0,YAMAHA GPD,5,E01016421,0,-1
2021010301466,2021,010301466,1,3,0,99,99,9,9,99,99,9,9,99,9,99,2,1,6,6,1,39,7,125,1,5,YAMAHA GPD,3,E01000644,0,-1
2021010298074,2021,010298074,1,3,0,99,99,9,9,99,99,9,9,99,9,99,2,1,6,6,1,26,6,125,1,0,YAMAHA GPD,1,E01004382,0,-1
2021010301410,2021,010301410,2,3,0,18,19,1,5,0,0,1,1,0,0,0,3,1,6,6,1,22,5,125,1,2,YAMAHA GPD,2,E01002831,0,-1
2021010319392,2021,010319392,1,3,0,18,19,5,1,0,0,0,0,0,0,0,4,1,1,1,1,18,4,125,1,0,YAMAHA GPD,4,E01001276,0,-1
2021010316549,2021,010316549,1,3,0,99,99,9,9,99,99,9,9,99,9,99,1,1,6,6,1,34,6,125,1,0,YAMAHA GPD,4,E01033424,0,-1
2021010298515,2021,010298515,2,3,0,18,19,5,1,0,0,8,0,0,0,0,1,1,1,1,1,36,7,125,1,3,YAMAHA GPD,2,E01004405,0,-1
2021010349384,2021,010349384,1,3,0,99,99,9,9,99,99,9,9,99,9,99,9,1,6,6,1,37,7,125,1,2,YAMAHA GPD,4,E01002088,0,-1
2021010302115,2021,010302115,2,3,0,99,99,9,9,99,99,9,9,99,9,99,9,1,6,6,3,36,7,125,1,3,YAMAHA GPD,5,E01004733,0,-1
2021010327549,2021,010327549,1,3,0,1,1,7,3,0,0,0,0,0,0,0,3,1,1,1,1,28,6,125,1,1,YAMAHA GPD,2,E01004746,0,-1
2021010333596,2021,010333596,1,3,0,18,19,7,3,0,0,8,0,0,0,0,4,1,6,6,1,29,6,125,1,3,YAMAHA GPD,2,E01000599,0,-1
2021010312307,2021,010312307,2,3,0,18,19,3,7,0,0,0,0,0,0,0,1,1,1,1,1,36,7,125,1,4,YAMAHA GPD,5,E01004377,0,-1
2021010339505,2021,010339505,1,3,0,99,99,9,9,99,99,9,9,99,9,99,1,1,1,1,1,36,7,125,1,0,YAMAHA GPD,5,E01000636,0,-1
2021010324326,2021,010324326,2,3,0,3,3,3,7,0,0,0,0,0,0,0,2,1,6,6,1,20,4,125,1,1,YAMAHA GPD,5,E01004347,0,-1
2021010291727,2021,010291727,1,4,9,99,99,9,9,99,99,0,9,99,9,99,1,1,2,2,2,32,6,125,1,6,YAMAHA GPD,8,E01002981,0,-1
2021010311229,2021,010311229,1,3,0,99,99,9,9,99,99,9,9,99,9,99,9,1,6,6,1,31,6,125,1,2,YAMAHA GPD,2,E01002031,0,-1
2021010338912,2021,010338912,1,3,0,99,99,9,9,99,99,9,9,99,9,99,1,1,1,1,1,27,6,125,1,0,YAMAHA GPD,7,E01000536,0,-1
2021010316579,2021,010316579,2,3,0,15,15,4,8,0,0,1,0,0,0,0,1,1,6,6,1,33,6,125,1,4,YAMAHA GPD,3,E01001725,0,-1
2021010316228,2021,010316228,1,3,0,99,99,9,9,99,99,9,9,99,9,99,9,1,6,6,1,27,6,125,1,0,YAMAHA GPD,4,E01001002,0,-1
2021010308790,2021,010308790,1,3,0,9,9,5,2,9,9,0,1,0,2,2,1,1,2,2,1,34,6,125,1,3,YAMAHA GPD,-1,-1,0,-1
2021010335766,2021,010335766,1,3,0,18,19,1,5,0,0,0,1,0,0,0,1,1,6,6,2,25,5,125,1,1,YAMAHA GPD,4,E01004628,0,-1
2021010301326,2021,010301326,1,3,0,16,19,4,7,0,0,0,0,0,0,0,1,1,2,2,1,35,6,125,1,0,YAMAHA GPD,9,E01001273,0,-1
2021522200290,2021,522200290,2,4,0,18,19,1,6,0,0,8,0,0,0,0,1,1,6,6,2,35,6,125,1,4,YAMAHA GPD,8,E01014634,0,-1
2021010333177,2021,010333177,1,3,9,99,99,9,9,99,99,0,9,99,9,99,9,1,6,6,1,20,4,125,1,2,YAMAHA GPD,3,E01003171,0,-1
2021010330007,2021,010330007,1,3,0,99,99,9,9,99,99,0,9,99,9,99,2,1,2,2,1,53,8,125,1,1,YAMAHA GPD,3,E01000740,0,-1
2021461052448,2021,461052448,1,2,0,18,19,1,5,0,0,1,0,0,0,0,4,1,6,6,1,20,4,125,1,0,YAMAHA GPD,6,E01033091,0,-1
2021010338026,2021,010338026,1,3,0,99,99,9,9,99,99,9,9,99,9,99,2,1,6,6,1,25,5,125,1,0,YAMAHA GPD,5,E01004363,0,-1
2021010349962,2021,010349962,1,3,0,99,99,9,9,99,99,9,9,99,9,99,1,1,6,6,1,46,8,125,1,0,YAMAHA GPD,5,E01001646,0,-1
202131C079021,2021,31C079021,2,3,0,14,14,4,8,0,0,8,0,0,0,0,3,1,1,1,1,28,6,125,1,3,YAMAHA GPD,5,E01013840,0,-1
2021010299799,2021,010299799,1,3,0,99,99,9,9,99,99,0,9,99,9,99,1,1,6,6,1,23,5,125,1,2,YAMAHA GPD,2,E01003509,0,-1
2021010300757,2021,010300757,1,3,0,18,19,5,1,0,0,0,0,0,0,0,1,1,6,6,1,33,6,125,1,4,YAMAHA GPD,6,E01000584,0,-1
2021010331247,2021,010331247,1,4,0,18,19,3,7,0,0,8,0,0,0,0,1,1,2,2,1,21,5,125,1,0,YAMAHA GPD,4,E01003147,0,-1
2021411128102,2021,411128102,1,3,0,17,19,5,1,0,0,0,0,0,0,0,3,1,2,2,1,38,7,125,1,3,YAMAHA GPD,6,E01023413,0,-1
2021010304034,2021,010304034,2,3,0,15,15,5,1,0,0,8,0,0,0,0,1,1,1,1,1,46,8,125,1,3,YAMAHA GPD,3,E01002781,0,-1
2021010304088,2021,010304088,1,3,0,99,99,9,9,99,99,9,9,99,9,99,1,1,6,6,1,27,6,125,1,4,YAMAHA GPD,10,E01000707,0,-1
2021010350399,2021,010350399,1,3,0,13,13,1,5,0,0,1,0,0,0,0,4,1,6,6,1,33,6,125,1,0,YAMAHA GPD,1,E01001210,0,-1
2021010345931,2021,010345931,2,3,0,18,19,1,5,0,0,0,0,0,0,0,1,1,1,1,2,23,5,125,1,0,YAMAHA GPD,4,E01003376,0,-1
2021010331414,2021,010331414,1,3,0,99,99,9,9,99,99,9,9,99,9,99,1,1,2,2,1,26,6,125,1,1,YAMAHA GPD,7,E01003039,0,-1
2021010332831,2021,010332831,1,3,0,15,15,3,7,4,4,0,0,0,0,0,1,1,6,6,1,27,6,125,1,5,YAMAHA GPD,2,E01001947,0,-1
2021010319255,2021,010319255,1,3,0,99,99,9,9,99,99,0,9,99,9,99,1,1,2,2,1,23,5,125,1,4,YAMAHA GPD,1,E01033584,0,-1
2021010321539,2021,010321539,1,3,0,99,99,9,9,0,0,9,0,99,0,0,9,1,6,6,3,-1,-1,125,1,2,YAMAHA GPD,-1,-1,0,-1
2021010335950,2021,010335950,1,3,0,99,99,9,9,99,99,9,9,99,9,99,9,1,1,1,1,43,7,125,1,0,YAMAHA GPD,2,E01004409,0,-1
2021010337931,2021,010337931,2,4,0,18,19,7,3,0,0,0,0,0,0,0,1,1,6,6,1,17,4,125,1,0,YAMAHA GPD,7,E01001901,0,-1
2021010336629,2021,010336629,1,4,0,18,19,7,3,0,0,2,0,0,0,0,1,1,2,2,1,29,6,125,1,0,YAMAHA GPD,4,E01004628,0,-1
2021401066078,2021,401066078,2,3,0,14,14,6,2,0,0,1,1,0,0,0,4,1,2,2,1,46,8,125,1,0,YAMAHA GPD,1,E01015795,0,-1
2021010351447,2021,010351447,1,3,0,3,3,7,3,0,0,1,0,0,0,0,2,1,1,1,1,21,5,125,1,2,YAMAHA GPD,1,E01004304,0,-1
2021481026736,2021,481026736,2,3,0,18,19,3,7,0,0,8,0,0,0,0,1,1,5,6,1,23,5,125,1,1,YAMAHA GPD,2,E01000533,0,-1
2021010328534,2021,010328534,1,2,0,18,19,7,3,0,0,4,0,0,0,0,1,1,6,6,1,17,4,125,1,5,YAMAHA GPD,1,E01002067,0,-1
2021010330285,2021,010330285,1,3,0,99,99,9,9,99,99,9,9,99,9,99,1,1,1,1,1,26,6,125,1,2,YAMAHA GPD,5,E01001520,0,-1
2021010305919,2021,010305919,1,3,0,18,19,3,7,2,2,0,0,0,0,0,1,1,6,6,1,33,6,125,1,2,YAMAHA GPD,1,E01002751,0,-1
2021010341074,2021,010341074,2,3,0,99,99,9,9,99,99,9,9,99,9,99,1,1,6,6,1,25,5,125,1,0,YAMAHA GPD,3,E01000499,0,-1
2021010309455,2021,010309455,2,3,0,99,99,9,9,99,99,0,9,99,9,99,1,1,6,6,3,47,8,125,1,1,YAMAHA GPD,2,E01004283,0,-1
2021010297884,2021,010297884,1,3,0,99,99,9,9,99,99,9,9,99,9,99,2,1,6,6,1,29,6,125,1,2,YAMAHA GPD,1,E01002089,0,-1
2021010319595,2021,010319595,1,3,0,9,9,7,5,0,0,1,0,0,0,0,1,1,1,1,1,39,7,125,1,1,YAMAHA GPD,6,E01001284,0,-1
2021010350602,2021,010350602,1,4,0,13,13,5,1,0,0,2,1,8,0,0,4,1,1,1,1,28,6,125,1,1,YAMAHA GPD,4,E01000676,0,-1
2021010331989,2021,010331989,1,3,0,99,99,9,9,99,99,0,9,99,9,99,2,1,1,1,2,31,6,125,1,4,YAMAHA GPD,4,E01003376,0,-1
2021430230460,2021,430230460,2,2,0,18,19,8,4,0,0,8,0,0,0,0,3,1,1,1,1,31,6,125,1,1,YAMAHA GPD,7,E01017925,0,-1
2021010316371,2021,010316371,2,3,0,5,5,5,1,2,2,1,0,0,0,0,1,1,6,6,1,27,6,125,1,2,YAMAHA GPD,2,E01001553,0,-1
2021010321832,2021,010321832,2,3,0,18,19,4,8,0,0,2,1,0,0,0,0,1,6,6,1,32,6,125,1,0,YAMAHA GPD,1,E01004757,0,-1
2021010318368,2021,010318368,1,3,9,99,99,9,9,99,99,9,9,99,9,99,9,1,6,6,1,19,4,125,1,2,YAMAHA GPD,3,E01001467,0,-1
2021010330147,2021,010330147,1,3,0,99,99,9,9,99,99,0,9,99,9,99,9,1,6,6,2,44,7,125,1,1,YAMAHA GPD,5,E01000530,0,-1
2021421078710,2021,421078710,2,2,0,13,13,3,7,0,0,1,0,0,0,0,1,1,5,6,1,25,5,125,1,6,YAMAHA GPD,1,E01000551,0,-1
2021010311212,2021,010311212,1,3,0,4,4,3,7,0,0,1,0,0,0,0,1,1,1,1,1,36,7,125,1,1,YAMAHA GPD,4,E01002704,0,-1
2021010322132,2021,010322132,2,2,0,13,13,1,5,0,0,1,0,0,0,0,4,1,1,1,2,29,6,125,1,0,YAMAHA GPD,5,E01000994,0,-1
2021010318373,2021,010318373,1,3,0,9,9,4,2,0,0,2,0,0,0,0,3,1,1,1,1,23,5,125,1,2,YAMAHA GPD,4,E01003452,0,-1
2021010297632,2021,010297632,1,3,0,3,3,1,5,3,2,1,0,0,0,0,1,1,6,6,1,44,7,125,1,3,YAMAHA GPD,3,E01002808,0,-1
2021010309207,2021,010309207,1,3,0,99,99,9,9,99,99,9,9,99,9,99,2,1,6,6,1,22,5,125,1,0,YAMAHA GPD,2,E01000990,0,-1
2021010335018,2021,010335018,1,3,0,99,99,9,9,99,99,0,9,99,9,99,9,1,1,1,1,33,6,125,1,0,YAMAHA GPD,7,E01002986,0,-1
2021010333758,2021,010333758,2,3,0,6,6,6,6,0,0,0,0,0,0,0,3,1,6,6,1,20,4,125,1,0,YAMAHA GPD,3,E01003101,0,-1
2021010309715,2021,010309715,1,3,0,5,5,1,5,0,0,1,5,0,0,0,2,1,6,6,1,19,4,125,1,2,YAMAHA GPD,1,E01004710,0,-1
2021010326387,2021,010326387,2,3,0,13,13,5,1,0,0,2,0,0,0,0,2,1,6,6,2,28,6,125,1,0,YAMAHA GPD,3,E01003141,0,-1
2021010338756,2021,010338756,2,3,0,18,19,3,7,0,0,8,0,0,0,0,4,1,6,6,1,32,6,125,1,3,YAMAHA GPD,6,E01004059,0,-1
2021010304796,2021,010304796,2,3,0,18,19,1,5,0,0,0,0,0,0,0,1,1,1,1,1,27,6,125,1,1,YAMAHA GPD,6,E01000203,0,-1
2021010317714,2021,010317714,1,3,0,15,15,1,5,2,2,1,0,0,0,0,1,1,6,6,1,26,6,125,1,5,YAMAHA GPD,9,E01002110,0,-1
2021010315474,2021,010315474,1,3,9,99,99,9,9,99,99,9,9,99,9,99,9,1,6,6,1,30,6,125,1,0,YAMAHA GPD,3,E01001816,0,-1
2021010311093,2021,010311093,2,3,0,18,19,3,7,2,2,1,1,0,0,0,1,1,1,1,1,33,6,125,1,1,YAMAHA GPD,6,E01000584,0,-1
2021010337872,2021,010337872,1,3,0,99,99,9,9,99,99,9,9,99,9,99,9,1,2,2,1,36,7,125,1,6,YAMAHA GPD,3,E01001109,0,-1
2021010289299,2021,010289299,1,3,0,99,99,9,9,99,99,9,9,99,9,99,2,1,6,6,1,44,7,125,1,2,YAMAHA GPD,4,E01000171,0,-1
2021010344779,2021,010344779,2,3,9,99,99,9,9,99,99,9,9,99,0,0,9,1,6,6,1,-1,-1,125,1,4,YAMAHA GPD,-1,-1,0,-1
2021010330855,2021,010330855,1,3,0,18,19,5,1,0,0,9,0,0,0,0,4,1,6,6,1,44,7,125,1,1,YAMAHA GPD,-1,-1,0,-1
2021522104004,2021,522104004,1,3,0,18,19,8,4,0,0,0,0,0,0,0,4,1,6,6,2,35,6,125,1,0,YAMAHA GPD,8,E01014867,0,-1
2021010316853,2021,010316853,1,3,0,99,99,9,9,99,99,9,9,99,9,99,9,1,6,6,1,24,5,125,1,0,YAMAHA GPD,3,E01001941,0,-1
2021010306372,2021,010306372,2,3,0,18,19,7,3,0,0,1,0,0,0,0,3,1,1,1,1,30,6,125,1,0,YAMAHA GPD,8,E01030390,0,-1
2021010350539,2021,010350539,1,3,0,15,15,4,8,0,0,8,0,0,0,0,1,1,6,6,2,35,6,125,1,0,YAMAHA GPD,4,E01001087,0,-1
2021010336472,2021,010336472,1,3,0,18,19,1,5,0,0,8,0,0,0,0,1,1,6,6,1,17,4,125,1,3,YAMAHA GPD,4,E01003186,0,-1
2021010338451,2021,010338451,1,3,0,18,19,5,1,0,0,8,0,0,0,0,1,1,6,6,1,46,8,125,1,1,YAMAHA GPD,1,E01000524,0,-1
2021010319452,2021,010319452,1,3,0,99,99,9,9,99,99,9,9,99,9,99,2,1,6,6,1,26,6,125,1,2,YAMAHA GPD,7,E01002171,0,-1
2021010320475,2021,010320475,2,3,0,18,19,2,6,0,0,1,0,0,0,0,1,1,6,6,1,21,5,125,1,1,YAMAHA GPD,4,E01025518,0,-1
2021010325159,2021,010325159,1,3,0,99,99,9,9,99,99,0,9,99,9,99,2,1,2,2,2,31,6,125,1,0,YAMAHA GPD,3,E01001147,0,-1
2021010322645,2021,010322645,1,3,0,99,99,9,9,99,99,0,9,99,9,99,1,1,1,1,1,29,6,125,1,0,YAMAHA GPD,3,E01001747,0,-1
2021010351520,2021,010351520,1,3,0,99,99,9,9,99,99,9,9,99,9,99,9,1,6,6,1,26,6,125,1,2,YAMAHA GPD,8,E01001046,0,-1
2021010295436,2021,010295436,2,2,0,5,5,1,5,0,0,2,0,0,0,0,1,1,6,6,1,18,4,125,1,2,YAMAHA GPD,3,E01004123,0,-1
2021010290663,2021,010290663,1,3,9,18,19,5,1,99,99,9,9,99,9,0,9,1,6,6,1,19,4,125,1,2,YAMAHA GPD,2,E01003093,0,-1
2021010317969,2021,010317969,1,3,0,99,99,9,9,99,99,9,9,99,9,99,1,1,6,6,2,27,6,125,1,0,YAMAHA GPD,3,E01002047,0,-1
2021010347918,2021,010347918,1,3,9,99,99,9,9,99,99,9,9,99,9,99,9,1,2,2,1,42,7,125,1,3,YAMAHA GPD,4,E01000995,0,-1
2021471092311,2021,471092311,2,3,0,18,19,8,4,0,0,0,0,0,0,0,1,1,5,6,1,30,6,125,1,6,YAMAHA GPD,4,E01016967,0,-1