collision_index,collision_year,collision_ref_no,vehicle_reference,vehicle_type,towing_and_articulation,vehicle_manoeuvre_historic,vehicle_manoeuvre,vehicle_direction_from,vehicle_direction_to,vehicle_location_restricted_lane_historic,vehicle_location_restricted_lane,junction_location,skidding_and_overturning,hit_object_in_carriageway,vehicle_leaving_carriageway,hit_object_off_carriageway,first_point_of_impact,vehicle_left_hand_drive,journey_purpose_of_driver_historic,journey_purpose_of_driver,sex_of_driver,age_of_driver,age_band_of_driver,engine_capacity_cc,propulsion_code,age_of_vehicle,generic_make_model,driver_imd_decile,lsoa_of_driver,escooter_flag,driver_distance_banding
2021010318310,2021,010318310,1,3,0,16,19,3,7,9,9,1,0,10,0,0,1,1,6,6,1,22,5,125,1,1,YAMAHA GPD,2,E01004584,0,-1
2021010329579,2021,010329579,1,3,0,9,9,3,1,0,0,5,0,0,0,0,2,1,1,1,1,51,8,125,1,3,YAMAHA GPD,5,E01004178,0,-1
2021501105105,2021,501105105,2,3,0,18,19,1,5,0,0,3,0,0,0,0,4,1,1,1,1,38,7,125,1,4,YAMAHA GPD,7,E01015100,0,-1
2021010345329,2021,010345329,2,4,0,7,7,1,3,0,0,6,0,0,7,0,4,1,1,1,1,47,8,125,1,0,YAMAHA GPD,3,E01003145,0,-1
2021010322806,2021,010322806,1,3,0,9,9,3,8,0,0,6,0,0,0,0,1,1,1,1,1,17,4,125,1,0,YAMAHA GPD,1,E01002036,0,-1
2021010318075,2021,010318075,1,3,9,99,99,9,9,99,99,9,9,99,9,99,9,1,6,6,1,27,6,125,1,4,YAMAHA GPD,4,E01004368,0,-1
2021010350235,2021,010350235,1,3,0,4,4,3,7,0,0,1,0,0,0,0,4,1,1,1,1,31,6,125,1,1,YAMAHA GPD,3,E01003728,0,-1
2021010330971,2021,010330971,1,3,0,18,19,5,1,0,0,8,9,0,0,0,1,1,2,2,1,26,6,125,1,3,YAMAHA GPD,2,E01001136,0,-1
2021010340751,2021,010340751,1,3,0,3,3,1,5,0,0,1,0,0,0,0,2,1,6,6,1,20,4,125,1,3,YAMAHA GPD,3,E01004043,0,-1
2021010301347,2021,010301347,1,3,0,99,99,9,9,99,99,9,9,99,9,99,9,1,6,6,1,40,7,125,1,1,YAMAHA GPD,1,E01002067,0,-1
2021010353089,2021,010353089,1,3,0,99,99,9,9,99,99,0,9,99,9,99,9,1,6,6,1,47,8,125,1,4,YAMAHA GPD,5,E01000310,0,-1
2021010320706,2021,010320706,1,3,0,99,99,9,9,99,99,9,9,99,9,99,2,1,6,6,1,23,5,125,1,2,YAMAHA GPD,3,E01003154,0,-1
2021010304701,2021,010304701,2,3,0,13,13,5,1,0,0,1,0,0,0,0,1,1,6,6,1,20,4,125,1,3,YAMAHA GPD,2,E01002766,0,-1
2021010341716,2021,010341716,1,2,0,5,5,7,3,0,0,1,0,0,0,0,1,1,6,6,1,42,7,125,1,4,YAMAHA GPD,4,E01003782,0,-1
2021010307467,2021,010307467,1,3,0,99,99,9,9,99,99,9,9,99,9,99,1,1,6,6,1,29,6,125,1,3,YAMAHA GPD,4,E01003527,0,-1
2021010287353,2021,010287353,2,2,0,18,19,7,3,0,0,1,5,0,0,0,3,1,6,6,1,22,5,125,1,3,YAMAHA GPD,2,E01032720,0,-1
2021010317125,2021,010317125,1,3,0,99,99,9,9,99,99,9,9,99,9,99,9,1,2,2,1,22,5,125,1,1,YAMAHA GPD,1,E01003986,0,-1
2021010291723,2021,010291723,1,3,0,99,99,9,9,99,99,9,9,99,9,99,9,1,6,6,1,38,7,125,1,2,YAMAHA GPD,7,E01001593,0,-1
2021010302338,2021,010302338,2,3,0,18,19,3,7,0,0,8,0,0,0,0,1,1,1,1,1,28,6,125,1,2,YAMAHA GPD,4,E01000547,0,-1
2021010305836,2021,010305836,2,3,0,6,6,8,8,0,0,1,0,0,0,0,1,1,1,1,1,31,6,125,1,2,YAMAHA GPD,7,E01003800,0,-1
2021010319041,2021,010319041,1,3,0,99,99,9,9,99,99,0,9,99,9,99,9,1,6,6,1,46,8,125,1,4,YAMAHA GPD,5,E01000310,0,-1
2021010315972,2021,010315972,2,3,0,18,19,3,7,0,0,1,0,0,0,0,1,1,6,6,1,26,6,125,1,1,YAMAHA GPD,3,E01004562,0,-1
2021010333793,2021,010333793,1,3,0,99,99,9,9,99,99,9,9,99,9,99,9,1,6,6,1,19,4,125,1,0,YAMAHA GPD,5,E01000583,0,-1
2021010333328,2021,010333328,1,3,0,13,13,3,7,0,0,0,0,8,0,0,4,1,1,1,1,30,6,125,1,5,YAMAHA GPD,5,E01004347,0,-1
2021010348886,2021,010348886,1,3,0,99,99,9,9,99,99,9,9,99,9,99,9,1,6,6,1,-1,-1,125,1,3,YAMAHA GPD,4,E01002908,0,-1
2021471019865,2021,471019865,2,3,0,18,19,7,3,0,0,1,5,0,0,0,1,1,1,1,1,22,5,125,1,3,YAMAHA GPD,2,E01016969,0,-1
2021010339501,2021,010339501,1,3,0,18,19,7,3,0,0,8,0,0,0,0,1,1,6,6,1,28,6,125,1,5,YAMAHA GPD,1,E01004675,0,-1
2021430559623,2021,430559623,1,3,0,18,19,4,8,0,0,0,0,0,0,0,3,1,1,1,1,39,7,125,1,1,YAMAHA GPD,8,E01016337,0,-1
2021010305908,2021,010305908,2,2,0,15,15,1,5,0,0,8,0,0,0,0,1,1,1,1,1,19,4,125,1,4,YAMAHA GPD,7,E01024355,0,-1
2021010325652,2021,010325652,2,3,0,18,19,3,7,0,0,6,0,0,0,0,1,1,1,1,1,21,5,125,1,3,YAMAHA GPD,-1,-1,0,-1
2021010308821,2021,010308821,2,3,0,18,19,1,5,0,0,8,2,0,0,0,1,1,6,6,1,26,6,125,1,0,YAMAHA GPD,7,E01000459,0,-1
2021010317433,2021,010317433,1,3,0,99,99,9,9,0,0,9,0,0,9,0,4,1,6,6,2,21,5,125,1,0,YAMAHA GPD,3,E01002044,0,-1
2021010290185,2021,010290185,2,3,0,3,3,3,7,0,0,1,0,0,0,0,0,1,6,6,1,24,5,125,1,2,YAMAHA GPD,5,E01001852,0,-1
2021010335076,2021,010335076,1,3,0,18,19,5,1,0,0,2,0,0,0,0,3,1,1,1,1,21,5,125,1,0,YAMAHA GPD,5,E01000454,0,-1
2021010342114,2021,010342114,1,4,9,99,99,9,9,99,99,9,9,99,9,99,1,1,6,6,1,21,5,125,1,0,YAMAHA GPD,4,E01003166,0,-1
2021010328426,2021,010328426,1,3,0,99,99,9,9,99,99,0,9,99,9,99,1,1,1,1,1,32,6,125,1,5,YAMAHA GPD,2,E01001181,0,-1
2021010313550,2021,010313550,1,2,0,14,14,1,5,0,0,8,0,0,0,0,1,1,6,6,1,42,7,125,1,4,YAMAHA GPD,4,E01001435,0,-1
2021010344344,2021,010344344,1,3,0,99,99,9,9,99,99,9,9,99,9,99,1,1,1,1,1,39,7,125,1,1,YAMAHA GPD,2,E01002056,0,-1
2021010328588,2021,010328588,1,3,0,99,99,9,9,99,99,9,9,99,9,99,9,1,1,1,1,43,7,125,1,2,YAMAHA GPD,2,E01002087,0,-1
2021010300361,2021,010300361,2,3,0,18,19,7,3,0,0,8,0,0,0,0,1,1,6,6,1,23,5,125,1,0,YAMAHA GPD,5,E01001278,0,-1
2021010330630,2021,010330630,1,3,0,13,13,1,5,0,0,1,0,0,0,0,4,1,6,6,1,18,4,125,1,2,YAMAHA GPD,3,E01004430,0,-1
2021010351201,2021,010351201,1,3,4,99,99,9,9,99,99,0,9,99,9,99,9,1,1,1,1,23,5,125,1,4,YAMAHA GPD,1,E01032513,0,-1
2021010322338,2021,010322338,2,3,0,99,99,9,9,99,99,2,9,99,9,99,9,1,6,6,1,21,5,125,1,5,YAMAHA GPD,2,E01003120,0,-1
2021010341278,2021,010341278,1,3,0,99,99,9,9,99,99,9,9,99,9,99,1,1,2,2,1,21,5,125,1,2,YAMAHA GPD,4,E01001724,0,-1
2021010333897,2021,010333897,2,3,0,18,19,3,7,0,0,8,0,0,0,0,3,1,1,1,1,21,5,125,1,4,YAMAHA GPD,1,E01033598,0,-1
2021010293888,2021,010293888,1,3,0,99,99,9,9,99,99,9,9,99,9,99,1,1,6,6,1,48,8,125,1,3,YAMAHA GPD,6,E01000584,0,-1
2021010300930,2021,010300930,1,3,0,15,15,6,2,4,4,0,0,0,0,0,1,1,6,6,1,18,4,125,1,3,YAMAHA GPD,4,E01004611,0,-1
2021010330211,2021,010330211,2,2,0,18,19,5,1,0,0,1,0,0,0,0,1,1,6,6,1,38,7,125,1,0,YAMAHA GPD,6,E01001312,0,-1
2021010300234,2021,010300234,1,3,0,99,99,9,9,99,99,9,9,99,9,99,1,1,6,6,1,27,6,125,1,4,YAMAHA GPD,8,E01001390,0,-1
2021010294615,2021,010294615,2,3,0,6,6,3,3,0,0,1,0,0,0,0,3,1,6,6,1,19,4,125,1,1,YAMAHA GPD,5,E01001301,0,-1
2021010347263,2021,010347263,1,3,0,99,99,9,9,99,99,9,9,99,9,99,2,1,1,1,1,39,7,125,1,3,YAMAHA GPD,4,E01000507,0,-1
2021010289570,2021,010289570,1,3,0,99,99,9,9,99,99,9,9,99,9,99,1,1,2,2,2,19,4,125,1,3,YAMAHA GPD,2,E01002076,0,-1
2021010321829,2021,010321829,2,3,0,9,9,7,6,0,0,1,0,0,0,0,1,1,1,1,1,22,5,125,1,1,YAMAHA GPD,1,E01001857,0,-1
2021010316932,2021,010316932,2,2,0,99,99,9,9,99,99,9,9,99,9,99,1,1,6,6,1,-1,-1,125,1,0,YAMAHA GPD,5,E01003951,0,-1
2021010296330,2021,010296330,2,3,0,18,19,1,5,0,0,0,0,0,0,0,0,1,6,6,1,21,5,125,1,6,YAMAHA GPD,8,E01001543,0,-1
2021010348011,2021,010348011,1,3,0,99,99,9,9,99,99,9,9,99,9,99,1,1,1,1,1,28,6,125,1,1,YAMAHA GPD,5,E01000489,0,-1
2021010314380,2021,010314380,1,3,0,99,99,9,9,99,99,9,9,99,9,99,1,1,6,6,1,23,5,125,1,5,YAMAHA GPD,3,E01000535,0,-1
2021010322973,2021,010322973,1,3,0,5,5,7,3,0,0,1,0,0,0,0,1,1,6,6,1,24,5,125,1,0,YAMAHA GPD,6,E01004712,0,-1
2021010350546,2021,010350546,1,3,0,99,99,9,9,99,99,0,9,99,9,99,4,1,1,1,1,24,5,125,1,0,YAMAHA GPD,5,E01003411,0,-1
2021010339887,2021,010339887,1,3,0,14,14,1,5,0,0,1,0,0,0,0,4,1,6,6,1,21,5,125,1,0,YAMAHA GPD,2,E01003502,0,-1
2021010328139,2021,010328139,2,2,0,5,5,5,1,0,0,1,0,0,0,0,1,1,6,6,1,29,6,125,1,2,YAMAHA GPD,1,E01033598,0,-1
2021010341229,2021,010341229,1,3,0,3,3,1,5,0,0,2,0,0,0,0,2,1,6,6,2,23,5,125,1,3,YAMAHA GPD,-1,-1,0,-1
2021010330258,2021,010330258,1,3,0,18,19,1,5,0,0,8,0,0,0,0,3,1,1,1,1,19,4,125,1,1,YAMAHA GPD,-1,-1,0,-1
2021010290834,2021,010290834,2,3,0,18,19,7,3,4,4,1,0,0,1,2,3,1,1,1,1,32,6,125,1,4,YAMAHA GPD,7,E01000427,0,-1
2021010287358,2021,010287358,2,3,0,13,13,3,7,0,0,1,0,0,1,0,1,1,2,2,1,48,8,125,1,2,YAMAHA GPD,2,E01000931,0,-1
2021010305629,2021,010305629,1,3,0,99,99,9,9,99,99,9,9,99,9,99,1,9,6,6,3,-1,-1,125,1,5,YAMAHA GPD,-1,-1,0,-1
2021010349900,2021,010349900,1,3,0,13,13,3,7,0,0,8,0,0,0,0,4,1,1,1,2,36,7,125,1,1,YAMAHA GPD,3,E01004037,0,-1
2021010334175,2021,010334175,1,3,0,14,14,7,3,0,0,2,0,0,0,0,1,1,1,1,1,32,6,125,1,3,YAMAHA GPD,3,E01003532,0,-1
2021010306365,2021,010306365,2,3,0,13,13,7,3,0,0,1,0,0,0,0,4,1,1,1,1,25,5,125,1,2,YAMAHA GPD,4,E01002103,0,-1
2021451079457,2021,451079457,2,3,0,18,19,4,8,0,0,8,1,0,0,0,1,1,6,6,1,27,6,125,1,0,YAMAHA GPD,9,E01030605,0,-1
2021461072024,2021,461072024,1,3,0,5,5,4,8,0,0,0,0,0,0,0,1,1,6,6,2,24,5,125,1,0,YAMAHA GPD,10,E01024150,0,-1
2021010290399,2021,010290399,1,3,0,99,99,9,9,99,99,9,9,99,9,99,2,1,6,6,1,32,6,125,1,2,YAMAHA GPD,3,E01001089,0,-1
2021010322750,2021,010322750,1,2,0,18,19,6,2,0,0,1,0,0,0,0,1,1,1,1,1,29,6,125,1,0,YAMAHA GPD,1,E01004459,0,-1
2021010350281,2021,010350281,2,3,0,7,7,8,2,0,0,2,0,0,0,0,1,1,1,1,2,36,7,125,1,1,YAMAHA GPD,5,E01000636,0,-1
2021010332210,2021,010332210,2,3,0,15,15,2,6,0,0,8,0,0,3,0,1,1,1,1,1,28,6,125,1,1,YAMAHA GPD,4,E01004401,0,-1
2021010348877,2021,010348877,1,3,0,99,99,9,9,99,99,9,9,99,9,99,9,1,6,6,1,24,5,125,1,0,YAMAHA GPD,1,E01003188,0,-1
2021010329259,2021,010329259,1,3,0,99,99,9,9,99,99,9,9,99,9,99,9,1,1,1,1,33,6,125,1,1,YAMAHA GPD,5,E01003222,0,-1
2021010340103,2021,010340103,1,3,0,99,99,9,9,99,99,9,9,99,9,99,2,1,6,6,1,33,6,125,1,0,YAMAHA GPD,5,E01000996,0,-1
2021010330810,2021,010330810,1,3,0,18,19,5,1,0,0,1,0,0,0,0,1,1,6,6,2,31,6,125,1,2,YAMAHA GPD,7,E01001411,0,-1
2021010334567,2021,010334567,1,3,0,99,99,9,9,99,99,9,9,99,9,99,9,1,1,1,1,36,7,125,1,2,YAMAHA GPD,4,E01003621,0,-1
2021010295570,2021,010295570,2,3,0,14,14,4,8,0,0,8,0,0,0,0,4,1,1,1,1,22,5,125,1,2,YAMAHA GPD,6,E01003378,0,-1
2021471103587,2021,471103587,1,3,0,18,19,2,6,3,2,1,0,0,0,0,1,1,1,1,1,43,7,125,1,1,YAMAHA GPD,8,E01031369,0,-1
2021010344952,2021,010344952,1,4,0,18,19,7,3,1,1,0,0,0,0,0,2,1,6,6,1,20,4,125,1,0,YAMAHA GPD,8,E01000835,0,-1
2021991057121,2021,991057121,1,3,0,5,5,3,7,0,0,1,0,0,0,0,4,1,1,1,1,27,6,125,1,0,YAMAHA GPD,1,-1,0,-1
2021010297785,2021,010297785,2,3,0,18,19,6,2,0,0,1,0,0,0,0,1,1,2,2,1,25,5,125,1,3,YAMAHA GPD,3,E01004262,0,-1
2021010310441,2021,010310441,1,3,0,99,99,9,9,99,99,9,9,99,9,99,9,1,6,6,1,21,5,125,1,0,YAMAHA GPD,6,E01003157,0,-1
2021010348038,2021,010348038,1,4,0,13,13,5,1,0,0,1,0,0,0,0,3,1,6,6,1,31,6,125,1,0,YAMAHA GPD,7,E01003408,0,-1
2021010318336,2021,010318336,1,3,0,99,99,9,9,99,99,0,9,99,9,99,9,1,6,6,1,19,4,125,1,1,YAMAHA GPD,3,E01003172,0,-1
2021451025011,2021,451025011,1,3,0,3,3,1,1,0,0,3,0,4,0,0,1,1,1,1,1,35,6,125,1,3,YAMAHA GPD,6,E01030610,0,-1
2021010325343,2021,010325343,2,3,0,8,8,5,7,0,0,0,0,0,0,0,2,1,1,1,2,33,6,125,1,0,YAMAHA GPD,9,E01003902,0,-1
2021010340163,2021,010340163,1,3,0,99,99,9,9,99,99,9,9,99,9,99,1,1,1,1,1,33,6,125,1,0,YAMAHA GPD,3,E01001089,0,-1
2021010341793,2021,010341793,1,4,0,18,19,5,1,0,0,2,0,0,0,0,1,1,1,1,1,27,6,125,1,3,YAMAHA GPD,6,E01003416,0,-1
2021010346118,2021,010346118,2,3,0,18,19,3,7,0,0,7,0,0,0,0,1,1,1,1,1,29,6,125,1,0,YAMAHA GPD,3,E01001238,0,-1
2021010346826,2021,010346826,1,3,0,5,5,1,5,0,0,1,0,0,0,0,1,1,1,1,1,33,6,125,1,0,YAMAHA GPD,3,E01004630,0,-1
2021010324924,2021,010324924,3,3,0,4,4,7,3,0,0,1,0,0,0,0,2,1,2,2,1,46,8,125,1,2,YAMAHA GPD,9,E01002386,0,-1
2021411044415,2021,411044415,2,4,0,13,13,7,3,0,0,1,0,0,0,0,1,1,5,6,1,20,4,125,1,2,YAMAHA GPD,2,E01003124,0,-1
2021010294588,2021,010294588,2,3,0,14,14,1,5,0,0,1,0,0,0,0,1,1,2,2,1,27,6,125,1,1,YAMAHA GPD,1,E01002092,0,-1
2021010307476,2021,010307476,1,3,0,99,99,9,9,99,99,9,9,99,9,99,1,1,6,6,1,29,6,125,1,0,YAMAHA GPD,3,E01003387,0,-1
2021010324397,2021,010324397,1,4,0,17,19,1,5,0,0,0,1,10,0,0,1,1,6,6,1,32,6,125,1,3,YAMAHA GPD,2,E01001758,0,-1
2021010324044,2021,010324044,2,3,0,18,19,7,3,0,0,0,2,4,0,0,1,1,6,6,1,23,5,125,1,0,YAMAHA GPD,4,E01004765,0,-1
2021010348031,2021,010348031,1,3,0,4,4,3,7,0,0,0,0,0,0,0,1,1,1,1,1,36,7,125,1,1,YAMAHA GPD,3,E01001983,0,-1
2021430209466,2021,430209466,2,4,0,18,19,7,3,0,0,0,0,0,0,0,3,1,2,2,1,39,7,125,1,1,YAMAHA GPD,6,E01016312,0,-1
2021010322556,2021,010322556,2,3,0,18,19,5,1,0,0,0,1,0,0,0,1,1,6,6,1,18,4,125,1,4,YAMAHA GPD,5,E01000593,0,-1
2021010332258,2021,010332258,1,3,0,99,99,9,9,99,99,9,9,99,9,99,1,1,1,1,1,30,6,125,1,0,YAMAHA GPD,8,E01003909,0,-1
2021010342194,2021,010342194,2,3,0,18,19,5,1,0,0,8,0,0,0,0,1,1,1,1,1,30,6,125,1,2,YAMAHA GPD,4,E01002663,0,-1
2021010298265,2021,010298265,2,3,0,3,3,1,5,0,0,1,0,0,0,0,0,1,6,6,1,33,6,125,1,1,YAMAHA GPD,2,E01004271,0,-1
2021010300390,2021,010300390,1,3,0,99,99,9,9,99,99,9,9,99,9,99,9,1,6,6,1,31,6,125,1,0,YAMAHA GPD,4,E01001182,0,-1
2021010348419,2021,010348419,1,3,0,99,99,9,9,99,99,0,9,99,9,99,2,1,1,1,1,36,7,125,1,0,YAMAHA GPD,2,E01003303,0,-1
2021010288152,2021,010288152,1,3,0,99,99,9,9,99,99,0,9,99,9,99,1,1,6,6,1,23,5,125,1,3,YAMAHA GPD,2,E01003509,0,-1
2021010300950,2021,010300950,2,3,0,15,15,7,3,0,0,0,0,0,0,0,4,1,1,1,1,34,6,125,1,4,YAMAHA GPD,4,E01001222,0,-1
2021010288045,2021,010288045,2,3,0,16,19,6,2,0,0,1,1,0,0,0,1,1,2,2,1,18,4,125,1,3,YAMAHA GPD,4,E01003412,0,-1
2021010301561,2021,010301561,1,3,0,99,99,9,9,99,99,1,9,99,9,99,9,1,2,2,1,35,6,125,1,0,YAMAHA GPD,3,E01003564,0,-1
2021010318211,2021,010318211,1,3,0,18,19,5,1,0,0,1,5,0,0,0,1,1,2,2,1,31,6,125,1,2,YAMAHA GPD,5,E01004517,0,-1
2021010348541,2021,010348541,1,3,0,99,99,9,9,99,99,9,9,99,9,99,1,1,1,1,1,19,4,125,1,0,YAMAHA GPD,3,E01001117,0,-1
2021010351506,2021,010351506,1,3,0,99,99,9,9,99,99,9,9,99,9,99,1,1,6,6,1,35,6,125,1,0,YAMAHA GPD,2,E01004023,0,-1
2021010329678,2021,010329678,1,3,0,99,99,9,9,99,99,9,9,99,9,99,1,9,2,2,1,31,6,125,1,0,YAMAHA GPD,3,E01000510,0,-1
2021010300681,2021,010300681,2,3,0,9,9,7,4,0,0,1,0,0,0,0,0,1,1,1,1,29,6,125,1,2,YAMAHA GPD,3,E01003940,0,-1
2021010328208,2021,010328208,1,4,0,18,19,1,5,0,0,8,0,0,1,0,3,1,1,1,1,19,4,125,1,1,YAMAHA GPD,2,E01000958,0,-1
2021010335346,2021,010335346,1,3,0,99,99,9,9,99,99,0,9,99,9,99,1,1,6,6,1,32,6,125,1,2,YAMAHA GPD,8,E01003471,0,-1
2021010295777,2021,010295777,1,3,0,99,99,9,9,99,99,9,9,99,9,99,1,1,6,6,1,34,6,125,1,3,YAMAHA GPD,6,E01003033,0,-1
2021010303465,2021,010303465,2,3,0,18,19,6,2,0,0,1,0,0,0,0,1,1,1,1,1,31,6,125,1,0,YAMAHA GPD,5,E01003547,0,-1
2021010295672,2021,010295672,1,3,0,18,19,3,7,0,0,1,0,0,0,0,1,1,6,6,1,28,6,125,1,1,YAMAHA GPD,4,E01004531,0,-1
2021010301960,2021,010301960,1,3,9,99,99,9,9,99,99,9,9,99,9,99,9,1,6,6,1,31,6,125,1,1,YAMAHA GPD,4,E01001158,0,-1
2021010310050,2021,010310050,1,3,0,99,99,9,9,99,99,9,9,99,9,99,1,1,6,6,1,24,5,125,1,2,YAMAHA GPD,4,E01023547,0,-1
2021010299869,2021,010299869,1,3,0,18,19,3,7,0,0,8,0,0,1,0,1,1,2,2,1,20,4,125,1,3,YAMAHA GPD,2,E01002702,0,-1
2021010293150,2021,010293150,2,3,0,18,19,1,5,0,0,1,0,0,0,0,1,1,2,2,1,48,8,124,1,5,YAMAHA GPD,2,E01000604,0,-1
2021010310015,2021,010310015,1,3,0,99,99,9,9,99,99,9,9,99,9,99,9,1,2,2,1,62,9,125,1,2,YAMAHA GPD,6,E01033582,0,-1
2021010337702,2021,010337702,1,3,0,99,99,9,9,99,99,9,9,99,9,99,1,1,1,1,1,25,5,125,1,0,YAMAHA GPD,3,E01001043,0,-1
2021010336472,2021,010336472,2,3,0,4,4,1,5,0,0,2,0,0,0,0,2,1,6,6,1,20,4,125,1,4,YAMAHA GPD,2,E01003168,0,-1
2021010291023,2021,010291023,1,3,0,99,99,9,9,99,99,9,9,99,9,99,1,1,6,6,1,22,5,125,1,3,YAMAHA GPD,4,E01000746,0,-1
2021010325258,2021,010325258,1,3,0,99,99,9,9,99,99,0,9,99,9,99,9,1,6,6,2,26,6,125,1,4,YAMAHA GPD,6,E01004474,0,-1
2021010287756,2021,010287756,1,3,0,99,99,9,9,99,99,0,9,99,9,99,1,1,6,6,1,25,5,125,1,4,YAMAHA GPD,4,E01001087,0,-1
2021010334673,2021,010334673,2,3,0,3,3,5,1,0,0,1,0,0,0,0,1,1,2,2,1,34,6,125,1,0,YAMAHA GPD,8,E01004507,0,-1
2021010287529,2021,010287529,1,3,0,99,99,9,9,99,99,9,9,99,9,99,2,1,6,6,1,22,5,125,1,3,YAMAHA GPD,1,E01002074,0,-1
2021010339350,2021,010339350,1,3,0,18,19,1,5,0,0,9,9,0,0,0,1,1,1,1,1,30,6,125,1,3,YAMAHA GPD,5,E01001277,0,-1
2021522104657,2021,522104657,2,4,0,3,3,1,5,0,0,0,0,0,0,0,2,1,6,6,1,21,5,125,1,3,YAMAHA GPD,1,E01014653,0,-1
2021010335387,2021,010335387,1,3,0,99,99,9,9,99,99,9,9,99,9,99,2,1,2,2,1,30,6,125,1,3,YAMAHA GPD,6,E01001288,0,-1
2021010343865,2021,010343865,2,4,0,3,3,5,1,0,0,1,0,0,0,0,2,1,1,1,1,41,7,125,1,0,YAMAHA GPD,3,E01002564,0,-1
2021010301423,2021,010301423,1,3,0,99,99,9,9,99,99,9,9,99,9,99,1,1,6,6,1,19,4,125,1,0,YAMAHA GPD,4,E01001153,0,-1
2021010315636,2021,010315636,2,3,0,18,19,5,1,0,0,1,0,0,0,0,1,1,6,6,1,33,6,125,1,2,YAMAHA GPD,2,E01004289,0,-1
2021010346410,2021,010346410,1,3,0,99,99,9,9,99,99,9,9,99,9,99,1,1,1,1,1,27,6,125,1,0,YAMAHA GPD,4,E01004142,0,-1
2021010342992,2021,010342992,1,4,0,18,19,1,5,0,0,1,0,0,0,0,1,1,6,6,1,38,7,125,1,0,YAMAHA GPD,5,E01000142,0,-1
2021010306200,2021,010306200,1,3,0,99,99,9,9,99,99,9,9,99,9,99,1,1,2,2,1,18,4,125,1,1,YAMAHA GPD,2,E01004197,0,-1
2021010291531,2021,010291531,2,3,0,13,13,1,5,0,0,1,0,0,0,0,1,1,6,6,2,47,8,125,1,1,YAMAHA GPD,4,E01004484,0,-1
2021010333110,2021,010333110,1,3,0,99,99,9,9,99,99,9,9,99,9,99,1,1,1,1,1,22,5,125,1,0,YAMAHA GPD,1,E01033604,0,-1
2021010314862,2021,010314862,1,3,0,18,19,5,1,0,0,5,0,0,0,0,1,1,6,6,1,30,6,125,1,2,YAMAHA GPD,4,E01003554,0,-1
2021010334989,2021,010334989,1,3,0,99,99,9,9,99,99,9,9,99,9,99,1,1,2,2,1,22,5,125,1,1,YAMAHA GPD,1,E01000508,0,-1
2021411116108,2021,411116108,1,3,0,18,19,4,8,0,0,0,2,0,0,0,3,1,1,1,1,55,8,125,1,0,YAMAHA GPD,6,E01023868,0,-1
2021010352221,2021,010352221,2,3,0,9,9,6,4,0,0,1,0,0,0,0,2,1,6,6,1,51,8,125,1,2,YAMAHA GPD,4,E01004694,0,-1
2021010346209,2021,010346209,2,3,0,13,13,4,8,0,0,1,5,0,7,11,1,1,1,1,1,42,7,125,1,0,YAMAHA GPD,9,E01003444,0,-1
2021010330804,2021,010330804,1,3,0,99,99,9,9,99,99,9,9,99,9,99,1,1,6,6,3,29,6,125,1,4,YAMAHA GPD,4,E01000546,0,-1
2021010319186,2021,010319186,1,3,9,99,99,9,9,99,99,9,9,99,9,99,9,1,6,6,1,36,7,125,1,4,YAMAHA GPD,1,E01004322,0,-1
2021010338802,2021,010338802,1,3,0,99,99,9,9,99,99,9,9,99,9,99,9,1,1,1,1,19,4,125,1,0,YAMAHA GPD,5,E01003713,0,-1
2021010333224,2021,010333224,1,3,0,99,99,9,9,99,99,9,9,99,9,99,9,1,1,1,1,42,7,125,1,0,YAMAHA GPD,5,E01000310,0,-1
2021010295028,2021,010295028,2,3,0,18,19,5,1,0,0,1,0,0,0,0,1,1,2,2,1,31,6,125,1,4,YAMAHA GPD,3,E01000506,0,-1
2021010327747,2021,010327747,1,3,0,99,99,9,9,99,99,9,9,99,9,99,1,1,1,1,1,36,7,125,1,3,YAMAHA GPD,4,E01017160,0,-1
2021010287427,2021,010287427,2,3,9,99,99,9,9,99,99,9,9,99,9,99,9,1,6,6,3,-1,-1,125,1,2,YAMAHA GPD,-1,-1,0,-1
2021010321227,2021,010321227,2,3,0,4,4,5,1,0,0,0,0,0,0,0,1,1,2,2,1,25,5,125,1,0,YAMAHA GPD,2,E01003093,0,-1
2021010324668,2021,010324668,1,4,0,3,3,1,5,0,0,1,0,0,0,0,0,1,6,6,1,28,6,125,1,2,YAMAHA GPD,7,E01000309,0,-1
2021010339216,2021,010339216,2,3,0,18,19,6,2,0,0,2,0,0,0,0,1,1,6,6,1,24,5,125,1,3,YAMAHA GPD,-1,-1,0,-1
2021010320348,2021,010320348,1,3,0,99,99,9,9,99,99,0,9,99,9,99,9,1,2,2,1,61,9,125,1,4,YAMAHA GPD,2,E01003310,0,-1
2021010322918,2021,010322918,1,3,0,13,13,2,6,0,0,1,0,0,7,0,4,1,1,1,1,31,6,125,1,5,YAMAHA GPD,9,E01001385,0,-1