collision_index,collision_year,collision_ref_no,vehicle_reference,vehicle_type,towing_and_articulation,vehicle_manoeuvre_historic,vehicle_manoeuvre,vehicle_direction_from,vehicle_direction_to,vehicle_location_restricted_lane_historic,vehicle_location_restricted_lane,junction_location,skidding_and_overturning,hit_object_in_carriageway,vehicle_leaving_carriageway,hit_object_off_carriageway,first_point_of_impact,vehicle_left_hand_drive,journey_purpose_of_driver_historic,journey_purpose_of_driver,sex_of_driver,age_of_driver,age_band_of_driver,engine_capacity_cc,propulsion_code,age_of_vehicle,generic_make_model,driver_imd_decile,lsoa_of_driver,escooter_flag,driver_distance_banding
2021010320795,2021,010320795,1,3,0,99,99,9,9,99,99,9,9,99,9,99,2,1,1,1,1,34,6,125,1,3,YAMAHA GPD,2,E01003523,0,-1
2021010334939,2021,010334939,1,3,0,99,99,9,9,99,99,9,9,99,9,99,1,1,1,1,1,30,6,125,1,0,YAMAHA GPD,4,E01033576,0,-1
2021010301208,2021,010301208,1,3,0,17,19,7,3,0,0,0,0,0,0,0,1,1,6,6,1,33,6,125,1,2,YAMAHA GPD,5,E01003547,0,-1
2021010335381,2021,010335381,1,3,0,99,99,9,9,99,99,9,9,99,9,99,1,1,6,6,1,28,6,125,1,4,YAMAHA GPD,2,E01003604,0,-1
2021010297032,2021,010297032,1,3,0,14,14,1,5,0,0,1,1,0,0,0,1,1,6,6,1,40,7,125,1,5,YAMAHA GPD,2,E01004409,0,-1
2021010311304,2021,010311304,1,3,0,18,19,1,5,0,0,8,0,0,0,0,2,1,6,6,1,27,6,125,1,0,YAMAHA GPD,2,E01003995,0,-1
2021010339534,2021,010339534,2,3,9,99,99,9,9,99,99,0,9,99,9,99,9,1,6,6,1,18,4,125,1,1,YAMAHA GPD,7,E01003800,0,-1
2021552100832,2021,552100832,2,3,0,9,9,6,4,0,0,6,0,0,0,0,2,1,1,1,2,40,7,125,1,5,YAMAHA GPD,6,E01015324,0,-1
2021010339988,2021,010339988,2,3,0,18,19,1,5,0,0,4,0,0,0,0,2,1,1,1,1,25,5,125,1,0,YAMAHA GPD,6,E01001341,0,-1
2021010320805,2021,010320805,1,3,0,4,4,7,3,0,0,0,0,0,0,0,1,1,1,1,1,23,5,125,1,0,YAMAHA GPD,3,E01004336,0,-1
2021010313787,2021,010313787,2,3,0,18,19,1,5,0,0,1,0,0,0,0,1,1,6,6,1,24,5,125,1,0,YAMAHA GPD,5,E01001271,0,-1
2021010344102,2021,010344102,1,3,0,99,99,9,9,99,99,0,9,99,9,99,1,1,6,6,1,17,4,125,1,0,YAMAHA GPD,1,E01002036,0,-1
2021010350045,2021,010350045,1,3,0,13,13,1,5,0,0,8,0,0,0,0,1,1,1,1,1,35,6,125,1,4,YAMAHA GPD,3,E01003081,0,-1
2021010335636,2021,010335636,1,3,0,99,99,9,9,99,99,9,9,99,9,99,1,9,2,2,1,27,6,125,1,1,YAMAHA GPD,4,E01000609,0,-1
2021430394525,2021,430394525,1,3,0,18,19,8,4,0,0,0,0,0,0,0,1,1,6,6,1,19,4,125,1,1,YAMAHA GPD,10,E01017868,0,-1
2021010317748,2021,010317748,1,3,0,5,5,7,3,0,0,0,5,0,0,0,2,1,6,6,1,19,4,125,1,3,YAMAHA GPD,3,E01004043,0,-1
2021010332986,2021,010332986,1,3,0,99,99,9,9,99,99,9,9,99,9,99,9,1,2,2,1,23,5,125,1,1,YAMAHA GPD,4,E01000997,0,-1
2021010346385,2021,010346385,1,3,0,99,99,9,9,99,99,0,9,99,9,99,1,1,6,6,1,35,6,125,1,0,YAMAHA GPD,1,E01001840,0,-1
2021010299538,2021,010299538,1,3,3,99,99,9,9,99,99,9,9,99,9,99,9,1,6,6,1,19,4,125,1,3,YAMAHA GPD,7,E01004639,0,-1
2021010298560,2021,010298560,2,2,0,17,19,1,5,0,0,1,0,0,0,0,1,1,6,6,1,29,6,125,1,1,YAMAHA GPD,4,E01003282,0,-1
2021010305269,2021,010305269,1,3,0,99,99,9,9,99,99,9,9,99,9,99,9,1,6,6,2,28,6,125,1,1,YAMAHA GPD,1,E01001958,0,-1
2021010334123,2021,010334123,1,3,0,99,99,9,9,99,99,9,9,99,9,99,9,1,1,1,2,32,6,125,1,0,YAMAHA GPD,4,E01000497,0,-1
2021010332590,2021,010332590,1,3,0,18,19,7,3,2,2,1,0,0,0,0,1,1,1,1,1,27,6,125,1,0,YAMAHA GPD,3,E01004208,0,-1
2021010309771,2021,010309771,1,2,0,99,99,9,9,0,0,1,9,99,0,0,9,1,6,6,1,25,5,125,1,0,YAMAHA GPD,2,E01003303,0,-1
2021010315315,2021,010315315,2,2,0,15,15,3,7,0,0,0,0,0,0,0,1,1,6,6,1,19,4,125,1,0,YAMAHA GPD,4,E01000846,0,-1
2021010288445,2021,010288445,1,3,0,99,99,9,9,99,99,9,9,99,9,99,9,1,2,2,1,40,7,125,1,1,YAMAHA GPD,2,E01003126,0,-1
2021010344796,2021,010344796,1,3,0,99,99,9,9,99,99,9,9,99,9,99,1,1,1,1,1,34,6,125,1,1,YAMAHA GPD,3,E01003221,0,-1
2021471064199,2021,471064199,2,3,0,4,4,5,8,0,0,1,0,0,0,0,2,1,5,6,1,45,7,125,1,1,YAMAHA GPD,9,E01031495,0,-1
2021010331100,2021,010331100,1,3,0,99,99,9,9,99,99,9,9,99,9,99,1,1,6,6,1,30,6,125,1,0,YAMAHA GPD,5,E01000251,0,-1
2021010338577,2021,010338577,1,3,0,18,19,3,7,0,0,8,0,0,0,0,4,1,6,6,1,21,5,125,1,4,YAMAHA GPD,-1,-1,0,-1
2021010323706,2021,010323706,1,3,4,18,19,5,1,0,0,1,0,0,0,0,9,1,1,1,1,20,4,125,1,0,YAMAHA GPD,4,E01004631,0,-1
2021471077091,2021,471077091,2,3,0,3,3,7,3,0,0,4,0,0,0,0,2,1,6,6,2,56,9,125,1,1,YAMAHA GPD,3,E01031556,0,-1
2021421110836,2021,421110836,2,3,0,10,10,2,8,0,0,1,0,0,0,0,1,1,6,6,1,25,5,125,1,0,YAMAHA GPD,3,E01000032,0,-1
2021010318692,2021,010318692,1,3,9,99,99,9,9,99,99,9,9,99,9,99,1,1,6,6,1,24,5,125,1,4,YAMAHA GPD,2,E01001719,0,-1
2021010304545,2021,010304545,1,3,0,17,19,3,7,0,0,1,0,0,1,2,0,1,6,6,1,38,7,125,1,5,YAMAHA GPD,4,E01001241,0,-1
2021010289560,2021,010289560,2,3,0,99,99,9,9,99,99,9,9,99,9,99,1,1,6,6,3,-1,-1,125,1,2,YAMAHA GPD,-1,-1,0,-1
2021010289229,2021,010289229,2,3,0,15,15,4,8,0,0,8,1,0,0,0,1,1,1,1,1,37,7,125,1,6,YAMAHA GPD,5,E01000144,0,-1
2021461112604,2021,461112604,2,3,0,18,19,3,7,0,0,8,0,0,0,0,1,1,1,1,1,20,4,125,1,1,YAMAHA GPD,1,E01024278,0,-1
2021010292571,2021,010292571,1,3,0,99,99,9,9,99,99,9,9,99,9,99,1,1,6,6,1,29,6,125,1,1,YAMAHA GPD,5,E01000321,0,-1
2021010303855,2021,010303855,1,3,0,99,99,9,9,99,99,9,9,99,9,99,9,1,2,2,2,36,7,125,1,1,YAMAHA GPD,4,E01003034,0,-1
2021010308712,2021,010308712,1,3,0,99,99,9,9,99,99,9,9,99,9,99,9,1,6,6,1,42,7,125,1,0,YAMAHA GPD,4,E01000497,0,-1
2021010300278,2021,010300278,1,3,0,99,99,9,9,99,99,9,9,99,9,99,2,1,6,6,1,40,7,125,1,1,YAMAHA GPD,3,E01000630,0,-1
2021010338634,2021,010338634,1,4,0,99,99,9,9,99,99,9,9,99,9,99,1,1,2,2,1,24,5,125,1,1,YAMAHA GPD,2,E01033485,0,-1
2021010340153,2021,010340153,1,3,0,13,13,3,7,0,0,8,0,11,0,0,1,1,2,2,2,30,6,125,1,1,YAMAHA GPD,4,E01001939,0,-1
2021010331408,2021,010331408,1,3,0,99,99,9,9,0,0,0,0,0,0,0,3,1,1,1,1,40,7,125,1,0,YAMAHA GPD,1,E01000521,0,-1
2021010350736,2021,010350736,1,3,0,99,99,9,9,99,99,9,9,99,9,99,1,1,6,6,1,45,7,125,1,0,YAMAHA GPD,4,E01000171,0,-1
2021010327728,2021,010327728,2,3,0,99,99,9,9,99,99,9,9,99,9,99,1,1,6,6,1,29,6,125,1,1,YAMAHA GPD,2,E01000013,0,-1
2021010297821,2021,010297821,1,3,0,99,99,9,9,99,99,9,9,99,9,99,9,1,6,6,2,37,7,125,1,0,YAMAHA GPD,5,E01003415,0,-1
2021201084166,2021,201084166,2,23,0,18,19,6,2,0,0,8,0,0,0,0,1,1,6,6,1,24,5,125,1,2,YAMAHA GPD,1,E01009104,0,-1
2021010342400,2021,010342400,1,3,0,99,99,9,9,99,99,9,9,99,9,99,9,1,1,1,1,38,7,125,1,2,YAMAHA GPD,2,E01002080,0,-1
2021010339324,2021,010339324,1,3,0,18,19,2,6,0,0,0,0,0,0,0,1,1,6,6,1,38,7,125,1,0,YAMAHA GPD,3,E01002397,0,-1
2021451095955,2021,451095955,1,3,0,3,3,5,1,0,0,0,0,0,0,0,1,1,1,1,1,28,6,125,1,0,YAMAHA GPD,4,E01002603,0,-1
2021010293812,2021,010293812,1,3,0,18,19,1,5,0,0,8,0,0,0,0,4,1,1,1,1,29,6,125,1,1,YAMAHA GPD,3,E01002587,0,-1
2021010339595,2021,010339595,2,2,0,18,19,3,7,0,0,8,0,0,0,0,3,1,2,2,1,31,6,125,1,0,YAMAHA GPD,5,E01003697,0,-1
2021010322247,2021,010322247,1,3,0,99,99,9,9,99,99,0,9,99,9,99,9,1,1,1,2,43,7,125,1,1,YAMAHA GPD,4,E01000995,0,-1
2021440287393,2021,440287393,1,3,0,18,19,7,3,0,0,8,0,10,0,0,1,1,1,1,1,51,8,125,1,0,YAMAHA GPD,7,E01032846,0,-1
2021010315028,2021,010315028,1,3,0,99,99,9,9,99,99,9,9,99,9,99,2,9,6,6,1,23,5,125,1,0,YAMAHA GPD,3,E01000510,0,-1
2021010316857,2021,010316857,1,3,0,99,99,9,9,99,99,9,9,99,9,99,2,1,6,6,1,22,5,125,1,0,YAMAHA GPD,1,E01002036,0,-1
2021010348331,2021,010348331,1,3,0,99,99,9,9,99,99,0,9,99,9,99,1,9,6,6,1,20,4,125,1,0,YAMAHA GPD,3,E01001117,0,-1
2021010331209,2021,010331209,1,3,0,99,99,9,9,99,99,0,9,99,9,99,1,1,6,6,2,21,5,125,1,1,YAMAHA GPD,2,E01001010,0,-1
2021010310810,2021,010310810,1,3,0,99,99,9,9,99,99,9,9,99,9,99,1,1,6,6,1,19,4,125,1,5,YAMAHA GPD,1,E01001461,0,-1
2021010334252,2021,010334252,1,3,0,99,99,9,9,99,99,9,9,99,9,99,2,1,6,6,2,33,6,125,1,1,YAMAHA GPD,3,E01001436,0,-1
2021010346691,2021,010346691,1,3,0,18,19,7,3,0,0,8,0,0,0,0,4,1,1,1,1,48,8,125,1,1,YAMAHA GPD,2,E01004283,0,-1
2021010348993,2021,010348993,2,3,0,13,13,5,1,0,0,8,0,0,0,0,1,1,6,6,1,28,6,125,1,1,YAMAHA GPD,2,E01003187,0,-1
2021010343792,2021,010343792,1,3,0,99,99,9,9,99,99,9,9,99,9,99,2,1,1,1,1,31,6,125,1,3,YAMAHA GPD,2,E01001553,0,-1
2021010345879,2021,010345879,2,3,0,18,19,5,1,0,0,1,1,4,0,0,4,1,6,6,1,36,7,125,1,2,YAMAHA GPD,3,E01002084,0,-1
2021010300823,2021,010300823,1,3,0,99,99,9,9,99,99,9,9,99,9,99,9,1,6,6,1,26,6,125,1,4,YAMAHA GPD,4,E01003409,0,-1
2021010309853,2021,010309853,1,3,4,99,99,9,9,99,99,9,9,99,9,99,9,1,6,6,1,21,5,125,1,0,YAMAHA GPD,2,E01001191,0,-1
2021010349378,2021,010349378,1,3,0,18,19,5,1,99,99,9,9,99,9,99,9,1,6,6,1,25,5,125,1,0,YAMAHA GPD,6,E01004481,0,-1
2021010344374,2021,010344374,1,3,0,99,99,9,9,99,99,9,9,99,9,99,1,1,1,1,1,33,6,125,1,5,YAMAHA GPD,2,E01004264,0,-1
2021010342727,2021,010342727,1,3,0,99,99,9,9,99,99,0,9,99,9,99,1,1,6,6,1,28,6,125,1,2,YAMAHA GPD,2,E01004524,0,-1
2021010304156,2021,010304156,2,3,0,15,15,5,1,0,0,1,0,0,0,0,1,1,6,6,1,18,4,125,1,2,YAMAHA GPD,5,E01000855,0,-1
2021010311216,2021,010311216,1,3,0,99,99,9,9,99,99,9,9,99,9,99,9,1,6,6,1,43,7,125,1,1,YAMAHA GPD,2,E01000057,0,-1
2021010350612,2021,010350612,1,3,0,18,19,8,4,0,0,1,0,10,1,0,2,1,1,1,1,32,6,125,1,1,YAMAHA GPD,-1,-1,0,-1
2021010329572,2021,010329572,1,2,0,18,19,5,1,0,0,1,0,0,0,0,1,1,1,1,1,46,8,125,1,3,YAMAHA GPD,-1,-1,0,-1
2021010336900,2021,010336900,2,3,0,18,19,3,7,4,4,1,1,0,0,0,1,1,6,6,1,34,6,125,1,0,YAMAHA GPD,-1,-1,0,-1
2021010318457,2021,010318457,1,3,0,13,13,6,2,0,0,1,0,0,0,0,1,1,2,2,1,19,4,125,1,3,YAMAHA GPD,1,E01001730,0,-1
2021010336600,2021,010336600,1,3,0,18,19,3,7,0,0,1,0,0,0,0,3,1,1,1,1,26,6,125,1,0,YAMAHA GPD,2,E01003124,0,-1
2021010351404,2021,010351404,1,3,0,18,19,3,7,0,0,0,0,0,0,0,1,1,6,6,1,42,7,125,1,0,YAMAHA GPD,4,E01000497,0,-1
2021010340508,2021,010340508,1,3,0,5,5,5,1,0,0,8,0,0,0,0,3,1,6,6,2,25,5,125,1,0,YAMAHA GPD,5,E01001914,0,-1
2021010335880,2021,010335880,1,3,0,18,19,1,5,0,0,2,0,0,0,0,4,1,1,1,1,31,6,125,1,0,YAMAHA GPD,6,E01000069,0,-1
2021010297083,2021,010297083,2,2,0,18,19,5,1,0,0,1,0,0,0,0,1,1,1,1,1,21,5,125,1,3,YAMAHA GPD,5,E01004701,0,-1
2021010350601,2021,010350601,2,3,0,7,7,5,8,0,0,1,0,0,0,0,3,1,1,1,1,34,6,125,1,5,YAMAHA GPD,3,E01004568,0,-1
2021010354835,2021,010354835,1,3,0,99,99,9,9,99,99,0,9,99,9,99,1,1,6,6,1,20,4,125,1,0,YAMAHA GPD,1,E01001364,0,-1
2021010299007,2021,010299007,1,3,0,99,99,9,9,99,99,9,9,99,9,99,9,1,6,6,1,21,5,125,1,2,YAMAHA GPD,3,E01001242,0,-1
2021010309212,2021,010309212,1,3,0,99,99,9,9,99,99,9,9,99,9,99,1,1,6,6,2,31,6,125,1,0,YAMAHA GPD,2,E01003324,0,-1
2021010333257,2021,010333257,1,4,0,18,19,3,7,3,2,8,0,0,0,0,3,1,6,6,1,36,7,125,1,4,YAMAHA GPD,2,E01003303,0,-1
2021471106534,2021,471106534,2,3,0,4,4,1,5,0,0,1,0,0,0,0,1,1,2,2,2,20,4,125,1,3,YAMAHA GPD,3,E01016952,0,-1
2021010340642,2021,010340642,1,3,0,99,99,9,9,99,99,0,9,99,9,99,9,1,1,1,1,50,8,125,1,0,YAMAHA GPD,1,E01000595,0,-1
2021010330538,2021,010330538,1,3,0,99,99,9,9,99,99,0,9,99,9,99,1,1,6,6,2,27,6,125,1,0,YAMAHA GPD,3,E01002047,0,-1
2021010349494,2021,010349494,1,3,0,99,99,9,9,99,99,0,9,99,9,99,1,1,6,6,1,28,6,125,1,4,YAMAHA GPD,3,E01001239,0,-1
2021010332130,2021,010332130,1,3,0,99,99,9,9,99,99,9,9,99,9,99,2,1,6,6,1,32,6,125,1,2,YAMAHA GPD,8,E01003471,0,-1
2021010303361,2021,010303361,1,4,0,13,13,3,7,0,0,0,0,0,0,0,1,1,6,6,1,17,4,125,1,0,YAMAHA GPD,2,E01000023,0,-1
2021010349829,2021,010349829,1,3,0,3,3,6,2,0,0,1,0,0,0,0,1,1,1,1,2,32,6,125,1,0,YAMAHA GPD,9,E01021512,0,-1
2021010309538,2021,010309538,1,3,0,99,99,9,9,99,99,9,9,99,9,99,1,1,6,6,1,26,6,125,1,2,YAMAHA GPD,2,E01004287,0,-1
2021010290655,2021,010290655,1,3,0,99,99,9,9,99,99,9,9,99,9,99,2,1,2,2,1,25,5,125,1,2,YAMAHA GPD,5,E01000994,0,-1
2021522104110,2021,522104110,1,4,0,18,19,2,6,0,0,2,0,0,0,0,1,1,6,6,2,30,6,125,1,0,YAMAHA GPD,4,E01014496,0,-1
2021010337542,2021,010337542,2,3,0,18,19,7,3,0,0,8,0,0,0,0,1,1,1,1,1,21,5,125,1,0,YAMAHA GPD,4,E01001087,0,-1
2021010299906,2021,010299906,2,2,0,7,7,2,5,0,0,1,0,0,0,0,2,1,1,1,1,31,6,125,1,6,YAMAHA GPD,9,E01033101,0,-1
2021010321713,2021,010321713,1,3,0,99,99,9,9,99,99,9,9,99,9,99,2,1,6,6,1,24,5,125,1,4,YAMAHA GPD,2,E01032805,0,-1
2021010329125,2021,010329125,1,3,0,99,99,9,9,99,99,9,9,99,9,99,1,1,1,1,1,30,6,125,1,0,YAMAHA GPD,3,E01001434,0,-1
2021010342291,2021,010342291,1,3,0,18,19,3,7,0,0,1,0,0,0,0,1,1,1,1,1,35,6,125,1,0,YAMAHA GPD,3,E01001365,0,-1
2021010296835,2021,010296835,1,3,0,9,9,3,2,0,0,1,0,0,0,0,1,1,6,6,1,17,4,125,1,3,YAMAHA GPD,8,E01028506,0,-1
2021010326180,2021,010326180,1,3,0,99,99,9,9,99,99,9,9,99,9,99,1,1,6,6,1,27,6,125,1,1,YAMAHA GPD,7,E01001986,0,-1
2021010308795,2021,010308795,1,3,0,18,19,3,7,0,0,8,5,0,0,0,4,1,1,1,1,21,5,125,1,0,YAMAHA GPD,6,E01003157,0,-1
2021010314916,2021,010314916,1,3,0,13,13,4,8,0,0,1,0,0,0,0,3,1,1,1,1,46,8,125,1,1,YAMAHA GPD,3,E01004426,0,-1
2021010308218,2021,010308218,1,4,0,99,99,9,9,99,99,1,9,99,9,99,9,1,6,6,1,44,7,125,1,3,YAMAHA GPD,3,E01003728,0,-1
2021010343131,2021,010343131,1,3,0,4,4,3,7,0,0,8,1,0,0,0,1,1,2,2,1,30,6,125,1,3,YAMAHA GPD,3,E01024149,0,-1
2021421100508,2021,421100508,2,3,0,4,4,8,3,0,0,4,0,0,0,0,2,1,6,6,1,54,8,125,1,3,YAMAHA GPD,4,E01021496,0,-1
2021010288463,2021,010288463,1,3,0,99,99,9,9,99,99,9,9,99,9,99,1,1,2,2,2,27,6,125,1,5,YAMAHA GPD,6,E01003398,0,-1
2021010314193,2021,010314193,2,3,0,18,19,5,1,0,0,1,0,0,0,0,1,1,1,1,1,26,6,125,1,1,YAMAHA GPD,4,E01002759,0,-1
2021010321406,2021,010321406,1,3,9,99,99,9,9,99,99,9,9,99,9,99,1,1,1,1,1,27,6,125,1,1,YAMAHA GPD,2,E01032787,0,-1
2021010322786,2021,010322786,1,3,0,99,99,9,9,99,99,9,9,99,9,99,9,1,1,1,1,34,6,125,1,0,YAMAHA GPD,7,E01001890,0,-1
2021010297465,2021,010297465,2,3,0,15,15,1,5,0,0,8,2,0,0,0,1,1,6,6,2,38,7,125,1,2,YAMAHA GPD,5,E01003083,0,-1
2021010344834,2021,010344834,1,4,0,14,14,3,7,0,0,0,0,0,0,0,0,1,6,6,1,33,6,125,1,4,YAMAHA GPD,1,E01033602,0,-1
2021010334660,2021,010334660,1,3,0,99,99,9,9,99,99,9,9,99,9,99,9,1,1,1,1,22,5,125,1,1,YAMAHA GPD,7,E01001049,0,-1
2021010334089,2021,010334089,1,3,0,18,19,7,3,0,0,8,0,0,0,0,4,1,1,1,1,25,5,125,1,0,YAMAHA GPD,5,E01001946,0,-1
2021010328513,2021,010328513,2,3,0,13,13,1,5,0,0,8,0,0,0,0,1,1,6,6,1,41,7,125,1,2,YAMAHA GPD,8,E01000777,0,-1
2021010336615,2021,010336615,1,3,0,18,19,7,3,0,0,1,0,0,0,0,1,1,6,6,2,26,6,125,1,0,YAMAHA GPD,5,E01003359,0,-1
2021010338304,2021,010338304,1,3,0,18,19,1,5,0,0,8,0,0,0,0,2,1,6,6,1,21,5,125,1,0,YAMAHA GPD,3,E01002350,0,-1
2021010317916,2021,010317916,2,4,0,14,14,7,3,0,0,8,2,0,0,0,1,1,6,6,1,43,7,125,1,4,YAMAHA GPD,7,E01002691,0,-1
2021010347846,2021,010347846,2,3,0,7,7,3,6,0,0,8,0,0,0,0,1,1,2,2,1,31,6,125,1,0,YAMAHA GPD,8,E01003798,0,-1
2021010333716,2021,010333716,1,3,0,13,13,4,8,0,0,0,0,0,0,0,4,1,6,6,1,24,5,125,1,6,YAMAHA GPD,2,E01003196,0,-1
2021552200198,2021,552200198,2,2,0,18,19,2,6,0,0,8,0,0,0,0,1,1,6,6,1,33,6,125,1,4,YAMAHA GPD,6,E01015324,0,-1
2021010316449,2021,010316449,1,3,0,5,5,7,3,0,0,8,0,0,0,0,1,1,2,2,1,27,6,125,1,1,YAMAHA GPD,3,E01003940,0,-1
2021010340694,2021,010340694,1,3,0,18,19,6,2,0,0,0,0,0,0,0,1,1,2,2,1,31,6,125,1,3,YAMAHA GPD,3,E01004030,0,-1
2021010352334,2021,010352334,1,3,0,99,99,9,9,99,99,9,9,99,9,99,2,1,1,1,1,34,6,125,1,0,YAMAHA GPD,1,E01002091,0,-1
2021010313645,2021,010313645,2,3,0,9,9,3,1,0,0,2,0,0,0,0,1,1,1,1,1,43,7,125,1,1,YAMAHA GPD,6,E01002957,0,-1
2021010337747,2021,010337747,2,2,0,18,19,5,1,0,0,2,0,0,0,0,1,1,1,1,1,29,6,125,1,3,YAMAHA GPD,8,E01000874,0,-1
2021430523065,2021,430523065,1,3,0,18,19,6,2,0,0,2,0,0,0,0,2,1,1,1,1,43,7,125,1,0,YAMAHA GPD,6,E01016310,0,-1
2021010310649,2021,010310649,2,3,0,18,19,6,2,0,0,0,0,10,1,0,4,1,1,1,1,37,7,125,1,5,YAMAHA GPD,2,E01000955,0,-1
2021010314273,2021,010314273,1,3,0,99,99,9,9,99,99,9,9,99,9,99,1,1,6,6,1,31,6,125,1,0,YAMAHA GPD,4,E01001158,0,-1
2021010313979,2021,010313979,1,3,0,99,99,9,9,99,99,9,9,99,9,99,9,1,2,2,1,30,6,125,1,0,YAMAHA GPD,2,E01002078,0,-1
2021010329282,2021,010329282,1,2,0,18,19,7,3,0,0,0,0,0,0,0,1,1,1,1,1,46,8,125,1,0,YAMAHA GPD,2,E01000482,0,-1
2021010351746,2021,010351746,2,3,0,16,19,5,7,0,0,8,0,0,0,0,3,1,1,1,1,29,6,125,1,1,YAMAHA GPD,1,E01002038,0,-1
2021010345326,2021,010345326,1,3,0,99,99,9,9,99,99,0,9,99,9,99,1,1,2,2,1,28,6,125,1,2,YAMAHA GPD,6,E01000555,0,-1
2021471104781,2021,471104781,2,3,0,13,13,5,1,0,0,2,0,0,0,0,4,1,6,6,1,29,6,125,1,3,YAMAHA GPD,2,E01020910,0,-1
2021010309030,2021,010309030,1,3,0,18,19,5,1,0,0,1,0,0,0,0,2,1,6,6,1,28,6,125,1,1,YAMAHA GPD,2,E01001437,0,-1
2021010307610,2021,010307610,2,4,0,13,13,3,7,0,0,8,0,0,0,0,4,1,1,1,1,33,6,125,1,1,YAMAHA GPD,2,E01004239,0,-1
2021010307731,2021,010307731,2,3,0,3,3,5,1,0,0,1,0,0,0,0,2,1,6,6,1,25,5,125,1,0,YAMAHA GPD,1,E01004285,0,-1
2021010337345,2021,010337345,2,3,0,18,19,1,5,0,0,1,0,0,0,0,0,1,1,1,1,35,6,125,1,2,YAMAHA GPD,1,E01003921,0,-1
2021010336212,2021,010336212,1,3,0,99,99,9,9,99,99,0,9,99,9,99,9,1,1,1,1,37,7,125,1,0,YAMAHA GPD,1,E01033604,0,-1
2021010351756,2021,010351756,1,3,0,99,99,9,9,99,99,9,9,99,9,99,1,1,1,1,1,31,6,125,1,4,YAMAHA GPD,3,E01004212,0,-1
2021010333510,2021,010333510,2,2,0,13,13,5,1,0,0,1,5,0,0,0,1,1,1,1,1,53,8,125,1,0,YAMAHA GPD,4,E01004150,0,-1
2021411054462,2021,411054462,4,3,0,2,2,0,0,0,0,1,0,0,0,0,1,1,1,1,3,-1,-1,125,1,0,YAMAHA GPD,-1,-1,0,-1
2021010290289,2021,010290289,1,3,0,99,99,9,9,99,99,9,9,99,9,99,9,1,6,6,1,27,6,125,1,6,YAMAHA GPD,6,E01000203,0,-1
2021010313859,2021,010313859,1,3,0,18,19,2,6,0,0,0,0,0,0,0,2,1,2,2,1,38,7,125,1,0,YAMAHA GPD,7,E01004500,0,-1
2021010344790,2021,010344790,1,3,0,99,99,9,9,99,99,9,9,99,9,99,1,1,1,1,1,33,6,125,1,0,YAMAHA GPD,3,E01004630,0,-1
2021010296504,2021,010296504,1,3,0,18,19,4,8,0,0,0,9,0,0,99,1,1,6,6,1,18,4,125,1,4,YAMAHA GPD,1,E01000602,0,-1
2021010310650,2021,010310650,2,3,0,18,19,1,5,0,0,1,0,0,0,0,9,1,6,6,1,31,6,125,1,4,YAMAHA GPD,1,E01004710,0,-1
2021010321134,2021,010321134,1,3,0,99,99,9,9,99,99,9,9,99,9,99,1,1,6,6,1,-1,-1,125,1,1,YAMAHA GPD,5,E01000321,0,-1
2021010335515,2021,010335515,1,3,0,99,99,9,9,99,99,9,9,99,9,99,9,1,1,1,1,40,7,125,1,0,YAMAHA GPD,5,E01033322,0,-1
2021010339642,2021,010339642,1,3,4,99,99,9,9,99,99,9,9,99,9,99,2,1,1,1,2,25,5,125,1,2,YAMAHA GPD,5,E01003144,0,-1
2021010343545,2021,010343545,2,3,0,18,19,1,5,0,0,1,0,0,0,0,4,1,2,2,1,23,5,125,1,0,YAMAHA GPD,5,E01002237,0,-1
2021010309624,2021,010309624,4,3,0,3,3,7,3,0,0,2,5,0,0,0,3,1,1,1,1,42,7,125,1,1,YAMAHA GPD,4,E01000497,0,-1
2021010331993,2021,010331993,1,3,0,99,99,9,9,99,99,9,9,99,9,99,9,1,6,6,1,35,6,125,1,2,YAMAHA GPD,2,E01000527,0,-1
2021010307711,2021,010307711,2,3,0,18,19,5,1,0,0,1,0,0,0,0,1,1,1,1,1,26,6,125,1,1,YAMAHA GPD,3,E01000872,0,-1
2021010336786,2021,010336786,1,3,0,99,99,9,9,99,99,9,9,99,9,99,1,1,1,1,1,27,6,125,1,0,YAMAHA GPD,8,E01002157,0,-1
2021010338726,2021,010338726,2,3,0,18,19,5,1,0,0,2,0,0,0,0,0,1,6,6,1,42,7,125,1,0,YAMAHA GPD,5,E01001962,0,-1
2021010345327,2021,010345327,1,3,0,18,19,3,7,0,0,8,0,0,0,0,1,1,6,6,2,45,7,125,1,0,YAMAHA GPD,2,E01003132,0,-1
2021010314418,2021,010314418,1,3,0,99,99,9,9,99,99,9,9,99,9,99,2,1,6,6,1,23,5,125,1,3,YAMAHA GPD,3,E01001147,0,-1
2021010328819,2021,010328819,1,3,0,18,19,3,7,0,0,1,1,0,0,0,2,1,6,6,1,43,7,125,1,2,YAMAHA GPD,2,E01002087,0,-1