collision_index,collision_year,collision_ref_no,vehicle_reference,vehicle_type,towing_and_articulation,vehicle_manoeuvre_historic,vehicle_manoeuvre,vehicle_direction_from,vehicle_direction_to,vehicle_location_restricted_lane_historic,vehicle_location_restricted_lane,junction_location,skidding_and_overturning,hit_object_in_carriageway,vehicle_leaving_carriageway,hit_object_off_carriageway,first_point_of_impact,vehicle_left_hand_drive,journey_purpose_of_driver_historic,journey_purpose_of_driver,sex_of_driver,age_of_driver,age_band_of_driver,engine_capacity_cc,propulsion_code,age_of_vehicle,generic_make_model,driver_imd_decile,lsoa_of_driver,escooter_flag,driver_distance_banding
2021520105738,2021,520105738,2,9,0,18,19,8,4,0,0,0,0,0,0,0,0,1,6,6,1,38,7,1984,1,10,AUDI Q5,3,E01029029,0,-1
2021010316404,2021,010316404,1,9,0,5,5,1,5,0,0,8,0,0,0,0,1,1,6,6,1,30,6,1984,8,1,AUDI Q5,5,E01002520,0,-1
2021201143764,2021,201143764,2,9,0,9,9,5,2,0,0,6,0,0,0,0,1,1,6,6,1,39,7,1968,2,3,AUDI Q5,1,E01010053,0,-1
2021201124960,2021,201124960,2,9,0,18,19,1,5,0,0,8,0,0,0,0,1,1,6,6,2,51,8,1968,2,3,AUDI Q5,9,E01010168,0,-1
2021061097066,2021,061097066,2,9,0,18,19,3,7,0,0,8,0,0,0,0,3,1,5,6,1,45,7,1968,2,8,AUDI Q5,5,E01006206,0,-1
2021010330694,2021,010330694,2,9,0,18,19,3,7,0,0,0,0,0,7,0,1,1,6,6,3,-1,-1,1968,2,2,AUDI Q5,-1,-1,0,-1
2021361108525,2021,361108525,1,9,0,18,19,6,2,0,0,0,0,0,0,0,0,1,6,6,1,55,8,1968,2,2,AUDI Q5,10,E01026812,0,-1
2021361143832,2021,361143832,2,9,0,18,19,5,1,0,0,1,0,0,0,0,1,1,5,6,2,37,7,1968,2,5,AUDI Q5,8,E01026518,0,-1
2021991095271,2021,991095271,2,9,0,4,4,2,6,0,0,1,0,0,0,0,1,1,5,6,2,31,6,1968,2,6,AUDI Q5,4,-1,0,-1
2021471085991,2021,471085991,1,9,0,18,19,2,6,0,0,0,0,0,0,0,1,2,2,2,2,29,6,1968,2,5,AUDI Q5,2,E01031819,0,-1
2021041032782,2021,041032782,1,9,0,9,9,8,4,0,0,6,0,0,0,0,1,1,2,2,1,41,7,1984,1,1,AUDI Q5,10,E01025410,0,-1
2021361022006,2021,361022006,1,9,0,5,5,5,3,0,0,4,0,0,0,0,4,1,5,6,2,26,6,1968,2,4,AUDI Q5,1,E01026662,0,-1
2021421119819,2021,421119819,1,9,0,4,4,5,8,0,0,0,0,0,0,0,2,1,5,6,1,54,8,1968,2,2,AUDI Q5,7,E01021344,0,-1
2021010338860,2021,010338860,1,9,0,99,99,9,9,99,99,9,9,99,9,99,2,9,2,2,1,56,9,2967,2,10,AUDI Q5,2,E01001506,0,-1
2021010332717,2021,010332717,2,9,0,3,3,4,8,0,0,0,0,0,0,0,2,2,6,6,2,33,6,1968,2,3,AUDI Q5,3,E01004125,0,-1
2021010335905,2021,010335905,2,9,0,99,99,9,9,99,99,9,9,99,9,99,9,9,6,6,3,-1,-1,1968,2,5,AUDI Q5,2,E01000079,0,-1
2021440489552,2021,440489552,1,9,0,4,4,1,5,0,0,0,0,0,0,0,2,1,6,6,2,37,7,1968,2,3,AUDI Q5,-1,-1,0,-1
202134WNC7131,2021,34WNC7131,2,9,0,4,4,5,1,0,0,0,0,0,0,0,2,1,6,6,2,40,7,1968,2,0,AUDI Q5,9,E01025816,0,-1
2021131051116,2021,131051116,1,9,0,18,19,1,5,0,0,2,0,0,0,0,3,1,5,6,2,37,7,1968,2,10,AUDI Q5,3,E01010630,0,-1
2021552100376,2021,552100376,1,9,0,1,1,6,2,0,0,0,0,0,0,0,0,1,6,6,2,25,5,1968,2,3,AUDI Q5,7,E01020546,0,-1
2021010293888,2021,010293888,2,9,0,99,99,9,9,99,99,9,9,99,9,99,2,9,6,6,3,-1,-1,2967,2,12,AUDI Q5,-1,-1,0,-1
2021430216563,2021,430216563,2,9,0,18,19,3,7,0,0,8,0,0,0,0,1,1,2,2,2,54,8,1968,2,4,AUDI Q5,6,E01022454,0,-1
2021111062553,2021,111062553,1,9,0,5,5,6,4,0,0,1,0,0,0,0,1,1,1,1,1,35,6,1968,2,7,AUDI Q5,7,E01020627,0,-1
2021052100460,2021,052100460,1,9,0,18,19,3,7,0,0,0,0,0,0,0,1,1,6,6,1,76,11,1984,1,4,AUDI Q5,3,E01006811,0,-1
2021471069693,2021,471069693,1,9,0,18,19,3,7,0,0,1,0,0,0,0,1,1,6,6,3,-1,-1,1984,1,12,AUDI Q5,-1,-1,0,-1
2021010341920,2021,010341920,1,9,0,99,99,9,9,99,99,0,9,99,9,99,9,9,6,6,1,31,6,1984,1,2,AUDI Q5,2,E01001773,0,-1
2021061126644,2021,061126644,1,9,0,18,19,6,3,0,0,0,1,0,0,0,1,1,6,6,1,51,8,1984,1,1,AUDI Q5,-1,-1,0,-1
2021411016233,2021,411016233,10,9,0,11,11,5,1,0,0,0,0,0,0,0,1,1,6,6,1,67,10,1968,2,8,AUDI Q5,5,E01001407,0,-1
202154C447321,2021,54C447321,1,9,0,18,19,1,5,0,0,8,0,0,0,0,1,1,6,6,1,55,8,1968,2,6,AUDI Q5,9,E01015471,0,-1
2021221086968,2021,221086968,1,9,0,2,2,0,0,0,0,0,0,0,0,0,3,1,6,6,2,50,8,1968,2,1,AUDI Q5,5,E01014008,0,-1
202134WNC0131,2021,34WNC0131,1,9,0,9,9,5,3,0,0,5,0,0,0,0,4,1,6,6,2,37,7,1968,2,7,AUDI Q5,9,E01027303,0,-1
2021010292712,2021,010292712,1,9,0,99,99,9,9,99,99,8,9,99,9,99,1,9,6,6,3,56,9,1984,1,3,AUDI Q5,4,E01000029,0,-1
2021052100317,2021,052100317,2,9,0,18,19,6,2,0,0,2,0,0,0,0,1,1,6,6,2,50,8,1984,1,2,AUDI Q5,8,E01006532,0,-1
2021221093701,2021,221093701,2,9,0,18,19,8,4,0,0,0,0,0,0,0,2,1,2,2,1,30,6,1968,2,0,AUDI Q5,6,E01014146,0,-1
2021201056514,2021,201056514,2,9,0,18,19,6,2,0,0,8,0,0,0,0,1,1,6,6,1,47,8,1968,2,11,AUDI Q5,1,E01010478,0,-1
2021622100916,2021,622100916,2,9,0,18,19,6,2,0,0,5,2,0,1,2,1,1,6,6,1,32,6,1984,1,0,AUDI Q5,10,W01001780,0,-1
202131D062621,2021,31D062621,2,9,0,18,19,2,6,0,0,8,0,0,0,0,1,1,6,6,2,31,6,1968,2,6,AUDI Q5,6,E01028162,0,-1
2021622100647,2021,622100647,1,9,0,18,19,3,7,0,0,4,0,0,0,0,1,1,2,2,2,51,8,1968,2,10,AUDI Q5,9,W01001136,0,-1
2021061088857,2021,061088857,2,9,0,18,19,4,8,0,0,8,5,0,0,0,4,1,6,6,1,23,5,1968,2,12,AUDI Q5,1,E01004825,0,-1
2021131112278,2021,131112278,1,9,0,7,7,4,8,0,0,1,0,0,0,0,2,1,5,6,1,38,7,1968,2,10,AUDI Q5,1,E01011342,0,-1
2021361108675,2021,361108675,3,9,0,4,4,1,6,0,0,2,0,0,0,0,2,1,6,6,3,-1,-1,2967,2,6,AUDI Q5,-1,-1,0,-1
2021302101944,2021,302101944,1,9,0,18,19,2,6,0,0,1,1,0,0,0,1,1,2,2,1,41,7,1968,2,4,AUDI Q5,9,E01019624,0,-1
202131D080521,2021,31D080521,2,9,0,4,4,2,6,0,0,0,0,0,0,0,1,1,6,6,2,36,7,1968,2,12,AUDI Q5,4,E01028133,0,-1
2021421091995,2021,421091995,1,9,0,18,19,6,2,0,0,0,0,0,0,0,1,1,5,6,1,48,8,1984,1,0,AUDI Q5,4,E01004015,0,-1
2021031060292,2021,031060292,1,9,0,18,19,1,5,0,0,4,0,0,0,0,1,1,1,1,2,51,8,1968,2,6,AUDI Q5,2,E01019206,0,-1
2021221085821,2021,221085821,1,9,0,17,19,3,8,0,0,2,1,0,1,9,3,1,5,6,2,44,7,1968,2,4,AUDI Q5,4,E01014024,0,-1
2021440248114,2021,440248114,1,9,0,4,4,8,4,0,0,0,0,0,0,0,1,1,6,6,1,33,6,1968,2,1,AUDI Q5,6,E01031877,0,-1
2021010315762,2021,010315762,3,9,0,18,19,5,1,0,0,2,0,0,0,0,2,1,2,2,1,41,7,1968,2,0,AUDI Q5,4,E01003441,0,-1
2021041116826,2021,041116826,3,9,0,18,19,5,1,0,0,0,0,0,0,0,2,1,5,6,1,38,7,1984,1,2,AUDI Q5,9,E01006582,0,-1
2021010320457,2021,010320457,2,9,0,99,99,9,9,99,99,9,9,99,9,99,9,9,6,6,3,-1,-1,1984,1,12,AUDI Q5,-1,-1,0,-1
2021421077966,2021,421077966,1,9,0,18,19,6,2,0,0,0,0,0,0,0,1,1,6,6,1,25,5,1968,2,11,AUDI Q5,1,E01001554,0,-1
2021010312437,2021,010312437,2,9,0,99,99,9,9,99,99,9,9,99,9,99,4,9,6,6,3,-1,-1,1984,1,12,AUDI Q5,8,E01004103,0,-1
2021451127350,2021,451127350,1,9,0,17,19,5,1,0,0,0,1,0,2,1,1,1,5,6,1,33,6,2967,2,12,AUDI Q5,9,E01030785,0,-1
2021131072848,2021,131072848,1,9,0,18,19,1,5,0,0,8,0,0,0,0,1,1,6,6,1,65,9,1968,2,1,AUDI Q5,5,E01010746,0,-1
2021361078785,2021,361078785,2,9,0,18,19,5,1,0,0,1,0,0,0,0,3,1,1,1,2,29,6,1968,2,10,AUDI Q5,6,E01026534,0,-1
2021131064857,2021,131064857,2,9,0,5,5,5,1,0,0,0,0,0,0,0,2,1,5,6,1,61,9,1968,2,0,AUDI Q5,6,E01029789,0,-1
2021430538383,2021,430538383,2,9,0,17,19,5,3,0,0,8,0,0,0,0,4,1,6,6,2,61,9,2967,2,6,AUDI Q5,8,E01028737,0,-1
2021141127093,2021,141127093,2,9,0,18,19,2,6,0,0,1,0,0,1,2,1,1,6,6,1,23,5,1968,2,11,AUDI Q5,2,E01007539,0,-1
2021041053720,2021,041053720,1,9,0,18,19,5,1,0,0,1,0,0,0,0,2,1,6,6,1,-1,-1,1968,2,3,AUDI Q5,4,E01004921,0,-1
2021522103862,2021,522103862,1,9,0,18,19,7,3,0,0,0,0,0,0,0,3,1,6,6,1,71,10,1461,2,4,DACIA LOGAN,6,E01014447,0,-1
2021031069621,2021,031069621,1,9,0,9,9,2,7,0,0,0,5,0,0,0,1,1,5,6,1,40,7,898,1,5,DACIA LOGAN,7,E01019387,0,-1
2021302100371,2021,302100371,1,9,0,18,19,5,1,0,0,0,0,0,0,0,1,1,6,6,1,43,7,898,1,3,DACIA LOGAN,-1,-1,0,-1
2021991038733,2021,991038733,1,9,0,18,19,7,3,0,0,0,0,4,0,0,1,1,6,6,1,74,10,898,1,6,DACIA LOGAN,-1,-1,0,-1
2021361035597,2021,361035597,1,9,0,13,13,3,7,0,0,0,0,0,0,0,1,1,1,1,1,31,6,1461,2,6,DACIA LOGAN,1,E01026793,0,-1
2021501121737,2021,501121737,2,9,0,18,19,2,6,0,0,1,0,0,0,0,4,1,1,1,1,46,8,1461,2,6,DACIA LOGAN,2,E01018854,0,-1
2021440445509,2021,440445509,2,8,0,6,6,2,6,0,0,0,0,0,0,0,4,1,1,1,3,-1,-1,1149,1,6,DACIA LOGAN,-1,-1,0,-1
2021101136661,2021,101136661,2,9,0,10,10,5,1,0,0,1,0,0,0,0,1,1,5,6,1,43,7,1461,2,4,DACIA LOGAN,1,E01008540,0,-1
2021622100583,2021,622100583,1,9,0,18,19,8,4,0,0,4,0,0,0,0,1,1,1,1,1,56,9,898,1,4,DACIA LOGAN,2,W01001049,0,-1
2021430058606,2021,430058606,1,9,0,13,13,6,2,0,0,8,0,0,0,0,3,1,6,6,2,23,5,1461,2,4,DACIA LOGAN,7,E01028640,0,-1
2021010351333,2021,010351333,2,9,0,4,4,1,5,0,0,1,0,0,0,0,1,2,6,6,1,68,10,998,1,3,DACIA LOGAN,5,E01001960,0,-1
2021991072215,2021,991072215,1,9,0,5,5,7,2,0,0,0,0,0,0,0,1,1,6,6,1,37,7,1149,1,5,DACIA LOGAN,7,-1,0,-1
2021461034260,2021,461034260,2,8,0,18,19,7,3,0,0,1,0,0,0,0,1,1,1,1,1,49,8,1461,2,6,DACIA LOGAN,7,E01024766,0,-1
2021131049838,2021,131049838,1,9,0,9,9,3,1,0,0,1,0,0,0,0,4,1,5,6,2,44,7,898,1,1,DACIA LOGAN,7,E01011119,0,-1
2021052100157,2021,052100157,2,9,0,18,19,5,1,0,0,8,0,0,0,0,3,1,6,6,1,64,9,898,1,3,DACIA LOGAN,8,E01007250,0,-1
2021041044793,2021,041044793,2,9,0,4,4,7,3,0,0,1,0,0,3,0,2,1,3,7,1,49,8,1461,2,6,DACIA LOGAN,3,E01025398,0,-1
2021991057949,2021,991057949,1,9,0,5,5,4,8,0,0,0,0,4,0,0,1,1,2,2,2,27,6,898,1,5,DACIA LOGAN,8,-1,0,-1
2021991080740,2021,991080740,1,9,0,18,19,6,2,0,0,1,0,0,0,0,1,1,1,1,1,74,10,1461,2,7,DACIA LOGAN,3,-1,0,-1
2021052102615,2021,052102615,2,9,0,18,19,2,6,0,0,8,0,0,0,0,4,1,6,6,1,55,8,1461,2,6,DACIA LOGAN,7,E01007225,0,-1
2021041047291,2021,041047291,1,9,0,9,9,1,7,0,0,5,0,0,0,0,1,1,6,6,1,35,6,1461,2,2,DACIA LOGAN,4,E01004777,0,-1
202131B043921,2021,31B043921,1,9,0,13,13,7,3,0,0,0,0,0,0,0,0,1,6,6,3,-1,-1,1461,2,6,DACIA LOGAN,-1,-1,0,-1
2021548338321,2021,548338321,1,9,0,18,19,2,6,0,0,1,0,0,0,0,1,1,6,6,2,41,7,898,1,3,DACIA LOGAN,8,E01032951,0,-1
2021991083741,2021,991083741,1,8,0,2,2,0,0,0,0,0,0,0,0,0,4,1,1,1,2,57,9,1461,2,7,DACIA LOGAN,5,-1,0,-1
2021411118707,2021,411118707,2,9,0,18,19,3,7,0,0,4,0,0,0,0,3,1,5,6,1,64,9,1461,2,1,DACIA LOGAN,6,E01022035,0,-1
2021320461171,2021,320461171,2,9,0,3,3,1,5,0,0,2,0,0,0,0,2,1,6,6,2,54,8,1461,2,2,DACIA LOGAN,6,E01026348,0,-1
2021451104180,2021,451104180,1,9,0,2,2,5,1,0,0,0,0,0,0,0,0,1,5,6,2,75,10,998,1,3,DACIA LOGAN,8,E01030478,0,-1
2021522200982,2021,522200982,1,9,0,7,7,6,8,0,0,8,0,0,0,0,1,1,6,6,2,79,11,1461,2,7,DACIA LOGAN,2,E01014659,0,-1
2021161031317,2021,161031317,1,9,0,5,5,5,3,0,0,0,0,0,0,0,3,1,5,6,1,61,9,1461,2,5,DACIA LOGAN,6,E01013095,0,-1
2021371035422,2021,371035422,1,9,0,18,19,3,7,0,0,1,0,0,0,0,1,1,5,6,1,82,11,1461,2,6,DACIA LOGAN,7,E01029885,0,-1
2021122100403,2021,122100403,3,9,0,18,19,4,8,0,0,0,0,0,0,0,3,1,6,6,1,35,6,898,1,3,DACIA LOGAN,6,E01010588,0,-1
2021991101876,2021,991101876,1,9,0,18,19,1,5,0,0,8,0,0,0,0,1,1,6,6,3,35,6,898,1,1,DACIA LOGAN,1,-1,0,-1
2021991183458,2021,991183458,1,8,0,4,4,1,5,9,9,2,0,0,0,0,1,1,1,1,1,52,8,1461,2,5,-1,1,-1,0,-1
2021221119567,2021,221119567,2,9,0,8,8,1,2,0,0,1,0,0,0,0,2,1,5,6,2,34,6,898,1,7,DACIA LOGAN,4,E01014128,0,-1
2021461102613,2021,461102613,1,9,0,1,1,3,7,0,0,0,0,0,0,0,2,1,6,6,1,22,5,1149,1,7,DACIA LOGAN,1,E01024240,0,-1
2021501070467,2021,501070467,1,9,0,18,19,1,5,0,0,0,0,0,0,0,1,1,6,6,1,50,8,1149,1,5,DACIA LOGAN,1,-1,0,-1
2021549066721,2021,549066721,2,9,0,5,5,6,1,0,0,8,0,9,0,0,3,1,6,6,2,58,9,898,1,2,DACIA LOGAN,8,E01015500,0,-1
2021101108153,2021,101108153,1,9,0,9,9,5,3,0,0,8,0,0,0,0,1,1,2,2,1,54,8,898,1,6,DACIA LOGAN,2,E01008203,0,-1
2021061058990,2021,061058990,1,9,0,9,9,3,5,0,0,8,0,0,0,0,3,1,6,6,1,62,9,898,1,2,DACIA LOGAN,2,E01005640,0,-1
2021010330224,2021,010330224,2,9,0,99,99,9,9,99,99,9,9,99,9,99,1,9,6,6,3,-1,-1,898,1,6,DACIA LOGAN,7,E01002944,0,-1
2021041019626,2021,041019626,1,9,0,9,9,1,5,0,0,2,0,0,0,0,1,1,5,6,1,53,8,898,1,5,DACIA LOGAN,2,E01025208,0,-1
20211382L1622,2021,1382L1622,2,9,0,18,19,7,3,0,0,1,0,0,0,0,1,1,6,6,1,69,10,898,1,3,DACIA LOGAN,8,E01010767,0,-1
2021421106639,2021,421106639,5,9,0,2,2,0,0,0,0,0,0,0,0,0,1,1,6,6,3,-1,-1,898,1,8,DACIA LOGAN,-1,-1,0,-1
2021170L50831,2021,170L50831,2,9,0,17,19,2,7,0,0,0,0,0,0,0,1,1,6,6,1,68,10,1461,2,3,DACIA LOGAN,1,E01033473,0,-1
2021201090313,2021,201090313,3,9,0,2,2,0,0,0,0,1,0,0,0,0,3,1,5,6,1,41,7,898,1,2,DACIA LOGAN,-1,-1,0,-1
2021451096616,2021,451096616,3,9,0,18,19,4,8,0,0,0,0,0,0,0,2,1,5,6,1,43,7,1461,2,4,DACIA LOGAN,9,E01015857,0,-1
2021010305258,2021,010305258,1,9,0,9,9,5,3,0,0,1,0,0,0,0,1,1,6,6,1,47,8,898,1,6,DACIA LOGAN,3,E01000511,0,-1
2021320498989,2021,320498989,2,9,0,18,19,6,2,0,0,0,0,7,0,0,2,1,6,6,1,60,9,898,1,3,DACIA LOGAN,2,E01028319,0,-1
2021401087035,2021,401087035,2,9,0,18,19,3,8,0,0,1,0,0,0,0,1,1,6,6,1,-1,-1,1461,2,5,DACIA LOGAN,3,E01015761,0,-1
2021361108288,2021,361108288,1,9,0,2,2,0,0,0,0,0,0,0,0,0,4,1,6,6,3,-1,-1,1461,2,8,DACIA LOGAN,-1,-1,0,-1
2021471046393,2021,471046393,2,9,0,3,3,8,4,0,0,0,0,0,0,0,2,1,5,6,1,73,10,898,1,7,DACIA LOGAN,3,E01021048,0,-1
2021501113599,2021,501113599,2,5,0,18,19,2,6,0,0,0,1,0,0,0,3,1,6,6,1,44,7,996,1,19,-1,5,E01020149,0,-1
2021430381099,2021,430381099,2,5,0,18,19,5,1,0,0,2,0,0,0,0,3,1,6,6,1,24,5,1868,1,0,-1,5,E01028635,0,-1
2021351072737,2021,351072737,1,5,0,16,19,5,8,0,0,0,1,0,0,0,4,1,6,6,1,22,5,471,1,3,-1,8,E01015590,0,-1
2021041087288,2021,041087288,2,4,0,13,13,5,1,0,0,1,5,0,0,0,1,1,6,6,1,19,4,471,1,5,-1,6,E01025325,0,-1
2021411081563,2021,411081563,2,17,1,16,19,3,7,0,0,0,3,0,0,0,4,1,1,1,1,19,4,6596,2,6,JCB MODEL MISSING,9,E01023467,0,-1
2021101066098,2021,101066098,1,17,0,4,4,7,3,0,0,1,1,4,0,0,1,1,1,1,1,69,10,4400,2,9,JCB MODEL MISSING,-1,-1,0,-1
2021320615667,2021,320615667,1,17,4,18,19,8,4,0,0,0,1,0,0,0,1,1,1,1,1,22,5,6702,2,7,JCB MODEL MISSING,5,E01026221,0,-1
2021548119421,2021,548119421,1,17,0,2,2,7,7,0,0,1,0,2,0,0,1,1,1,1,1,53,8,3990,2,16,JCB MODEL MISSING,-1,-1,0,-1
2021471079272,2021,471079272,1,17,0,18,19,3,7,0,0,0,0,0,0,0,0,1,1,1,1,22,5,6596,2,1,JCB MODEL MISSING,6,E01031687,0,-1
2021041055092,2021,041055092,1,17,4,18,19,3,7,0,0,0,0,0,0,0,4,1,6,6,1,45,7,-1,2,26,JCB MODEL MISSING,5,E01025329,0,-1
2021320347495,2021,320347495,1,17,0,16,19,6,2,0,0,0,5,0,0,0,0,1,1,1,1,57,9,6702,2,6,JCB MODEL MISSING,1,E01026149,0,-1
2021991076478,2021,991076478,1,17,0,5,5,4,2,0,0,2,0,0,0,0,1,1,1,1,1,40,7,4400,2,8,JCB MODEL MISSING,2,-1,0,-1
2021461063133,2021,461063133,1,17,1,1,1,5,1,0,0,0,0,0,0,0,2,1,1,1,1,-1,-1,4440,2,2,JCB MODEL MISSING,2,E01023990,0,-1
2021430405614,2021,430405614,1,17,0,18,19,1,5,0,0,8,2,0,1,11,1,1,1,1,1,73,10,6702,2,9,JCB MODEL MISSING,7,E01016579,0,-1
2021440486920,2021,440486920,2,17,0,18,19,5,1,0,0,0,0,0,0,0,4,1,1,1,1,57,9,-1,2,6,JCB MODEL MISSING,6,E01023071,0,-1
2021991104841,2021,991104841,1,17,0,18,19,4,8,0,0,0,0,0,0,0,0,1,1,1,1,44,7,4400,2,14,JCB MODEL MISSING,6,-1,0,-1
2021421054147,2021,421054147,2,17,4,18,19,5,2,0,0,8,1,0,0,0,1,1,1,1,1,28,6,6702,2,11,JCB MODEL MISSING,8,E01021424,0,-1
2021320552019,2021,320552019,2,17,0,9,9,4,2,0,0,8,0,0,0,0,1,1,1,1,1,21,5,4400,2,7,JCB MODEL MISSING,-1,-1,0,-1
2021131053285,2021,131053285,2,5,0,18,19,1,1,0,0,0,0,0,0,0,1,1,2,2,1,56,9,1052,1,21,-1,3,E01011139,0,-1
2021141076393,2021,141076393,2,5,0,18,19,4,8,0,0,1,0,0,0,0,3,1,5,6,1,79,11,1062,1,28,-1,1,E01007775,0,-1
2021010335407,2021,010335407,1,3,0,99,99,9,9,99,99,9,9,99,9,99,9,1,2,2,2,53,8,124,1,0,KEEWAY K-LIGHT,7,E01002939,0,-1
2021361068007,2021,361068007,2,3,0,4,4,8,7,0,0,8,5,0,0,0,2,1,5,6,1,18,4,124,1,1,KEEWAY K-LIGHT,3,E01018093,0,-1
2021052101379,2021,052101379,2,3,0,18,19,3,7,0,0,8,0,0,0,0,1,1,6,6,1,53,8,125,1,3,KEEWAY K-LIGHT,1,E01007274,0,-1
2021411055496,2021,411055496,1,3,0,5,5,7,4,0,0,0,0,0,1,0,1,1,2,2,1,25,5,124,1,2,KEEWAY K-LIGHT,7,E01023935,0,-1
2021211098079,2021,211098079,2,3,0,16,19,1,5,0,0,1,0,0,0,0,1,1,6,6,1,21,5,124,1,1,KEEWAY K-LIGHT,-1,-1,0,-1
2021070568398,2021,070568398,2,3,0,4,4,6,2,0,0,0,2,0,0,0,3,1,6,6,2,44,7,124,1,0,KEEWAY K-LIGHT,6,E01018481,0,-1
2021161019841,2021,161019841,1,3,0,16,19,1,5,0,0,0,0,0,0,0,1,1,6,6,1,35,6,124,1,1,KEEWAY K-LIGHT,1,E01012891,0,-1
2021131084037,2021,131084037,1,3,0,18,19,5,1,0,0,0,2,10,1,1,4,1,2,2,1,32,6,124,1,0,KEEWAY K-LIGHT,1,E01010941,0,-1
2021061104084,2021,061104084,1,3,0,5,5,8,4,0,0,3,0,0,0,0,3,1,6,6,1,39,7,124,1,2,KEEWAY K-LIGHT,3,E01006106,0,-1
2021501068333,2021,501068333,1,3,0,13,13,8,4,0,0,1,0,0,0,0,1,1,6,6,1,21,5,124,1,0,KEEWAY K-LIGHT,4,E01020070,0,-1
2021070762604,2021,070762604,1,3,0,18,19,6,2,0,0,0,2,0,0,0,0,1,6,6,1,30,6,125,1,3,KEEWAY K-LIGHT,2,E01018477,0,-1
2021061049434,2021,061049434,2,3,0,18,19,7,3,0,0,0,0,0,0,0,1,1,5,6,1,39,7,124,1,3,KEEWAY K-LIGHT,1,E01005089,0,-1
2021111087295,2021,111087295,1,3,0,18,19,2,6,0,0,2,1,0,0,0,1,1,6,6,2,29,6,124,1,0,KEEWAY K-LIGHT,5,E01020687,0,-1
2021122101125,2021,122101125,1,3,0,4,4,1,5,0,0,0,1,0,0,0,1,1,2,2,1,17,4,124,1,0,KEEWAY K-LIGHT,6,E01027842,0,-1
2021010297230,2021,010297230,1,3,0,18,19,5,1,0,0,1,0,0,0,0,3,1,6,6,1,22,5,124,1,1,KEEWAY K-LIGHT,5,E01004178,0,-1
2021031118214,2021,031118214,2,3,0,9,9,3,7,0,0,8,0,0,0,0,1,1,1,1,1,23,5,124,1,2,KEEWAY K-LIGHT,1,E01019248,0,-1
2021070627121,2021,070627121,1,3,0,5,5,8,4,0,0,4,1,0,0,0,0,1,1,1,1,25,5,124,1,1,KEEWAY K-LIGHT,1,E01018476,0,-1
2021471038569,2021,471038569,2,3,0,18,19,6,2,0,0,0,0,0,0,0,2,1,2,2,1,20,4,124,1,1,KEEWAY K-LIGHT,3,E01032832,0,-1
2021531041177,2021,531041177,1,9,0,5,5,7,3,0,0,8,0,0,0,0,1,1,5,6,2,34,6,1685,2,6,KIA SPORTAGE,9,E01022108,0,-1
2021461059839,2021,461059839,2,9,0,18,19,2,6,0,0,0,0,0,0,0,1,1,5,6,2,54,8,1991,2,13,KIA SPORTAGE,4,E01024582,0,-1
2021161039593,2021,161039593,1,9,0,18,19,2,6,0,0,0,0,0,0,0,1,1,6,6,1,-1,-1,1685,2,5,KIA SPORTAGE,6,E01012961,0,-1
2021471108218,2021,471108218,1,9,0,7,7,7,1,0,0,0,0,0,1,10,2,1,5,6,2,64,9,1995,2,8,KIA SPORTAGE,10,E01031682,0,-1
2021371145072,2021,371145072,2,9,0,3,3,6,2,0,0,0,0,0,0,0,2,1,5,6,2,32,6,1991,2,14,KIA SPORTAGE,3,E01021639,0,-1
2021201136143,2021,201136143,2,9,0,18,19,6,2,0,0,1,0,0,0,0,1,1,6,6,2,-1,-1,1591,1,5,KIA SPORTAGE,10,E01010386,0,-1
2021440123587,2021,440123587,2,9,0,2,2,0,0,0,0,0,0,0,0,0,4,1,6,6,3,-1,-1,1598,8,0,KIA SPORTAGE,-1,-1,0,-1
2021451047918,2021,451047918,2,9,0,4,4,5,1,0,0,7,0,0,0,0,2,1,5,6,1,49,8,1995,2,5,KIA SPORTAGE,10,E01023287,0,-1
2021010303555,2021,010303555,1,9,0,1,1,5,1,8,6,1,0,0,0,0,4,1,6,6,1,66,10,1598,8,0,KIA SPORTAGE,2,E01004000,0,-1
2021122100838,2021,122100838,2,9,0,4,4,5,1,0,0,4,0,0,0,0,2,1,6,6,2,49,8,1685,2,6,KIA SPORTAGE,8,E01027875,0,-1
2021421061313,2021,421061313,3,9,0,18,19,2,7,0,0,0,0,0,0,0,2,1,6,6,2,42,7,1591,1,3,KIA SPORTAGE,7,E01021571,0,-1
2021031062523,2021,031062523,1,9,0,12,12,4,8,0,0,1,0,0,0,0,3,1,5,6,1,58,9,1995,2,4,KIA SPORTAGE,9,E01011939,0,-1
202134NNC3401,2021,34NNC3401,4,9,0,18,19,7,3,0,0,1,0,0,0,0,2,1,6,6,1,31,6,1591,1,7,KIA SPORTAGE,6,E01023600,0,-1
2021070199053,2021,070199053,1,9,0,18,19,3,7,0,0,0,0,0,0,0,3,1,3,7,1,-1,-1,1598,2,2,KIA SPORTAGE,9,E01033378,0,-1
2021440381855,2021,440381855,1,9,0,18,19,1,5,0,0,0,0,0,0,0,4,1,1,1,2,50,8,1685,2,7,KIA SPORTAGE,10,E01022742,0,-1
2021421029846,2021,421029846,3,9,0,18,19,7,3,0,0,1,0,0,0,0,0,1,5,6,1,76,11,1685,2,7,KIA SPORTAGE,8,E01021337,0,-1
2021421021525,2021,421021525,1,9,-1,7,7,2,4,0,0,2,0,0,0,0,1,1,6,6,2,-1,-1,1591,1,4,KIA SPORTAGE,3,E01021594,0,-1