collision_index,collision_year,collision_ref_no,vehicle_reference,vehicle_type,towing_and_articulation,vehicle_manoeuvre_historic,vehicle_manoeuvre,vehicle_direction_from,vehicle_direction_to,vehicle_location_restricted_lane_historic,vehicle_location_restricted_lane,junction_location,skidding_and_overturning,hit_object_in_carriageway,vehicle_leaving_carriageway,hit_object_off_carriageway,first_point_of_impact,vehicle_left_hand_drive,journey_purpose_of_driver_historic,journey_purpose_of_driver,sex_of_driver,age_of_driver,age_band_of_driver,engine_capacity_cc,propulsion_code,age_of_vehicle,generic_make_model,driver_imd_decile,lsoa_of_driver,escooter_flag,driver_distance_banding
2021061094042,2021,061094042,2,9,0,3,3,7,3,0,0,1,0,0,0,0,2,1,6,6,1,34,6,1591,1,6,KIA SPORTAGE,2,E01006032,0,-1
2021401100616,2021,401100616,2,9,0,18,19,1,8,0,0,0,0,0,0,0,2,1,5,6,2,34,6,1685,2,6,KIA SPORTAGE,3,E01017562,0,-1
2021991086697,2021,991086697,2,9,0,17,19,7,4,0,0,0,0,0,0,0,3,1,6,6,1,64,9,1685,2,3,KIA SPORTAGE,3,-1,0,-1
2021041110134,2021,041110134,1,9,0,5,5,1,5,0,0,1,0,0,0,0,1,1,5,6,1,21,5,1995,2,9,KIA SPORTAGE,8,E01012582,0,-1
2021041096797,2021,041096797,1,9,0,9,9,3,7,0,0,0,0,0,0,0,1,1,6,6,1,75,10,1685,2,4,KIA SPORTAGE,9,E01025242,0,-1
2021991058527,2021,991058527,2,9,0,4,4,7,3,0,0,0,0,0,0,0,2,1,5,6,2,64,9,1995,2,3,KIA SPORTAGE,5,-1,0,-1
2021170S10471,2021,170S10471,1,9,0,4,4,4,8,0,0,1,0,0,0,0,2,1,6,6,2,77,11,1685,2,5,KIA SPORTAGE,5,E01012191,0,-1
2021471090763,2021,471090763,1,9,0,18,19,7,3,0,0,0,0,0,0,0,4,1,5,6,1,39,7,1598,8,0,KIA SPORTAGE,7,E01016979,0,-1
2021010314925,2021,010314925,2,9,9,99,99,9,9,99,99,9,9,99,9,99,9,9,6,6,1,34,6,1591,1,5,KIA SPORTAGE,4,E01001974,0,-1
2021421057672,2021,421057672,2,9,0,18,19,1,5,0,0,8,0,0,0,0,1,1,5,6,1,42,7,1685,2,7,KIA SPORTAGE,6,E01021419,0,-1
2021010317107,2021,010317107,1,9,0,5,5,1,5,0,0,1,0,0,0,0,1,1,6,6,2,62,9,1685,2,10,KIA SPORTAGE,2,E01003950,0,-1
2021131052468,2021,131052468,2,9,0,4,4,3,7,0,0,8,0,0,0,0,2,1,5,6,1,36,7,1591,1,3,KIA SPORTAGE,1,E01010800,0,-1
2021010307690,2021,010307690,2,9,0,99,99,9,9,99,99,9,9,99,9,99,2,9,6,6,3,-1,-1,1591,1,5,KIA SPORTAGE,-1,-1,0,-1
2021041068265,2021,041068265,1,9,0,18,19,6,2,0,0,0,0,0,0,0,3,1,5,6,2,39,7,1685,2,9,KIA SPORTAGE,7,E01025033,0,-1
2021010320608,2021,010320608,2,9,0,99,99,9,9,99,99,2,9,99,9,99,2,9,6,6,3,39,7,1685,2,4,KIA SPORTAGE,3,E01002311,0,-1
2021548286321,2021,548286321,2,9,0,4,4,3,7,0,0,0,0,0,0,0,2,1,2,2,1,52,8,1685,2,5,KIA SPORTAGE,4,E01031925,0,-1
2021161081754,2021,161081754,1,9,0,18,19,5,1,0,0,8,0,0,0,0,1,1,5,6,1,55,8,1591,1,8,KIA SPORTAGE,1,E01012881,0,-1
2021991132503,2021,991132503,2,9,0,4,4,4,8,0,0,0,0,0,0,0,3,1,6,6,2,44,7,1591,1,3,KIA SPORTAGE,6,-1,0,-1
2021320627349,2021,320627349,2,9,0,17,19,2,8,0,0,0,0,0,0,0,1,1,6,6,2,22,5,1685,2,9,KIA SPORTAGE,8,E01026238,0,-1
2021371019337,2021,371019337,1,9,0,5,5,1,5,0,0,1,0,0,0,0,3,1,5,6,2,79,11,1591,1,2,KIA SPORTAGE,6,E01026441,0,-1
2021122100858,2021,122100858,1,9,0,4,4,7,3,0,0,1,0,0,0,0,1,1,6,6,1,34,6,1975,1,15,KIA SPORTAGE,6,E01012940,0,-1
2021302100493,2021,302100493,3,9,0,13,13,6,2,0,0,0,0,0,0,0,2,1,1,1,2,29,6,1685,2,5,KIA SPORTAGE,8,E01029704,0,-1
2021461067852,2021,461067852,2,9,0,4,4,5,1,0,0,0,0,0,0,0,3,1,5,6,2,41,7,1685,2,7,KIA SPORTAGE,1,E01024663,0,-1
2021401018027,2021,401018027,2,9,0,18,19,3,7,0,0,5,0,0,0,0,2,1,1,1,1,41,7,1598,2,2,KIA SPORTAGE,6,E01018150,0,-1
2021991112895,2021,991112895,2,9,0,17,19,7,3,0,0,0,1,0,0,0,1,1,5,6,1,68,10,1995,2,4,KIA SPORTAGE,8,-1,0,-1
2021421056909,2021,421056909,4,9,0,2,2,7,3,0,0,1,0,0,0,0,1,1,6,6,3,-1,-1,1991,2,12,KIA SPORTAGE,-1,-1,0,-1
2021351102964,2021,351102964,2,9,0,18,19,3,7,0,0,1,0,0,0,0,3,1,1,1,2,39,7,1685,2,9,KIA SPORTAGE,3,E01015665,0,-1
2021361076284,2021,361076284,1,9,0,18,19,2,6,0,0,1,0,0,0,0,3,1,3,7,2,31,6,1685,2,6,KIA SPORTAGE,5,E01026726,0,-1
2021991082378,2021,991082378,1,9,0,16,19,5,7,0,0,0,0,0,0,0,1,1,2,2,1,55,8,1598,2,2,KIA SPORTAGE,5,-1,0,-1
2021010309426,2021,010309426,1,9,0,18,19,1,5,0,0,8,0,4,0,0,3,1,3,7,2,42,7,1591,1,4,KIA SPORTAGE,6,E01002570,0,-1
2021141083006,2021,141083006,2,9,0,18,19,5,1,0,0,1,0,0,0,0,1,1,5,6,1,65,9,1975,1,12,KIA SPORTAGE,1,E01007856,0,-1
2021070265521,2021,070265521,1,9,0,18,19,4,8,0,0,8,0,0,0,0,1,1,6,6,2,66,10,1598,2,2,KIA SPORTAGE,-1,-1,0,-1
2021161030808,2021,161030808,1,9,0,9,9,7,3,0,0,1,0,0,0,0,1,1,6,6,2,46,8,1685,2,8,KIA SPORTAGE,1,E01013222,0,-1
2021070535511,2021,070535511,1,9,0,4,4,5,1,0,0,1,0,0,0,0,1,1,2,2,2,24,5,1591,1,3,KIA SPORTAGE,7,E01012401,0,-1
2021010339179,2021,010339179,2,9,0,18,19,5,1,0,0,2,0,0,0,0,4,1,6,6,2,63,9,1685,2,6,KIA SPORTAGE,4,E01002346,0,-1
2021522200336,2021,522200336,1,9,0,18,19,5,1,0,0,8,0,0,0,0,1,1,6,6,2,63,9,1591,1,1,KIA SPORTAGE,8,E01014556,0,-1
2021991054930,2021,991054930,1,9,0,18,19,7,3,0,0,0,0,0,0,0,3,1,6,6,2,57,9,1598,8,0,KIA SPORTAGE,3,-1,0,-1
2021041046560,2021,041046560,2,9,0,18,19,3,7,0,0,0,0,0,0,0,1,1,2,2,2,57,9,1598,2,2,KIA SPORTAGE,5,E01025370,0,-1
2021231098226,2021,231098226,2,9,0,2,2,0,0,0,0,0,0,0,0,0,3,1,5,6,2,58,9,1598,2,2,KIA SPORTAGE,8,E01031290,0,-1
2021522200217,2021,522200217,2,9,0,18,19,7,3,0,0,0,0,0,0,0,1,1,6,6,2,46,8,1591,1,1,KIA SPORTAGE,9,E01006806,0,-1
2021010341921,2021,010341921,1,9,0,18,19,5,1,0,0,0,0,0,0,0,1,1,3,7,1,31,6,1975,1,13,KIA SPORTAGE,9,E01002242,0,-1
2021461057023,2021,461057023,1,9,0,5,5,1,5,0,0,6,0,0,0,0,2,1,6,6,2,-1,-1,1685,2,4,KIA SPORTAGE,9,E01033214,0,-1
2021070130876,2021,070130876,2,9,0,2,2,0,0,0,0,0,0,0,0,0,0,1,6,6,3,-1,-1,1685,2,8,KIA SPORTAGE,-1,-1,0,-1
2021471016096,2021,471016096,3,9,0,3,3,2,6,0,0,0,0,0,0,0,2,1,2,2,1,45,7,1685,2,7,KIA SPORTAGE,1,E01017112,0,-1
2021351027749,2021,351027749,1,9,0,1,1,-1,-1,0,0,0,0,0,0,0,2,1,6,6,1,60,9,1995,2,7,KIA SPORTAGE,1,E01015597,0,-1
2021430346148,2021,430346148,2,9,0,4,4,1,5,0,0,4,0,0,0,0,2,1,6,6,2,39,7,1591,1,7,KIA SPORTAGE,8,E01032725,0,-1
2021010304695,2021,010304695,1,9,0,18,19,2,6,0,0,1,1,0,1,0,3,1,6,6,1,72,10,1591,1,6,KIA SPORTAGE,9,E01000759,0,-1
2021010306678,2021,010306678,2,9,0,99,99,9,9,99,99,9,9,99,9,99,9,9,6,6,3,-1,-1,1591,1,1,KIA SPORTAGE,-1,-1,0,-1
2021041062958,2021,041062958,1,9,0,9,9,1,3,0,0,0,0,0,0,0,3,1,5,6,2,77,11,1591,1,0,KIA SPORTAGE,6,E01025351,0,-1
2021411092138,2021,411092138,2,9,0,7,7,7,1,0,0,1,0,0,0,0,4,1,5,6,2,64,9,1591,1,4,KIA SPORTAGE,9,E01023375,0,-1
2021052101410,2021,052101410,2,9,0,18,19,3,7,0,0,1,0,0,7,0,3,1,6,6,2,47,8,1591,1,3,KIA SPORTAGE,8,E01006928,0,-1
2021111014403,2021,111014403,2,9,0,18,19,1,5,0,0,1,0,0,0,0,3,1,5,6,2,34,6,1685,2,8,KIA SPORTAGE,3,E01033198,0,-1
2021430338797,2021,430338797,3,9,0,11,11,7,3,0,0,0,0,0,0,0,4,1,6,6,2,41,7,1591,1,3,KIA SPORTAGE,8,E01015484,0,-1
2021522101099,2021,522101099,1,9,0,18,19,7,3,0,0,8,0,0,1,10,4,1,6,6,2,34,6,1591,1,1,KIA SPORTAGE,4,E01014892,0,-1
2021041024850,2021,041024850,1,9,0,7,7,5,7,0,0,4,0,0,0,0,1,1,5,6,2,67,10,1685,2,7,KIA SPORTAGE,4,E01025172,0,-1
2021430052090,2021,430052090,1,9,0,3,3,5,1,0,0,0,0,0,0,0,2,1,6,6,2,33,6,1685,2,6,KIA SPORTAGE,8,E01016674,0,-1
2021547750121,2021,547750121,2,9,0,18,19,4,8,0,0,0,0,0,0,0,2,1,6,6,2,25,5,1995,2,7,KIA SPORTAGE,9,E01031841,0,-1
2021141092209,2021,141092209,1,9,0,18,19,8,4,0,0,8,0,0,0,0,1,1,5,6,1,80,11,1598,2,2,KIA SPORTAGE,5,E01007996,0,-1
202163A046621,2021,63A046621,1,9,0,17,19,2,7,0,0,0,1,0,0,0,1,1,2,2,2,31,6,1685,2,5,KIA SPORTAGE,4,W01000672,0,-1
2021361083074,2021,361083074,1,9,0,2,2,5,1,0,0,0,0,0,0,0,0,1,5,6,1,65,9,1685,2,4,KIA SPORTAGE,3,E01026455,0,-1
2021430277417,2021,430277417,2,9,0,18,19,6,2,0,0,8,0,0,0,0,2,1,2,2,1,47,8,1995,2,3,KIA SPORTAGE,9,E01015485,0,-1
2021070577378,2021,070577378,1,9,0,18,19,7,3,0,0,1,0,0,0,0,1,1,6,6,1,64,9,1975,1,14,KIA SPORTAGE,5,E01007644,0,-1
2021010320067,2021,010320067,2,9,0,99,99,9,9,99,99,9,9,99,9,99,9,9,6,6,3,-1,-1,1591,1,1,KIA SPORTAGE,-1,-1,0,-1
2021131061430,2021,131061430,1,9,0,18,19,5,1,0,0,8,0,0,0,0,3,1,2,2,2,55,8,1995,2,6,KIA SPORTAGE,1,E01011658,0,-1
2021211040392,2021,211040392,2,9,0,14,14,2,7,0,0,0,0,0,0,0,3,1,6,6,1,62,9,1591,1,3,KIA SPORTAGE,5,E01009135,0,-1
2021061078313,2021,061078313,2,9,0,5,5,1,1,0,0,0,0,0,0,0,2,1,5,6,2,51,8,1995,2,7,KIA SPORTAGE,3,E01006295,0,-1
2021461034879,2021,461034879,2,9,0,18,19,3,7,0,0,1,0,0,0,0,3,1,5,6,1,23,5,1991,2,14,KIA SPORTAGE,-1,-1,0,-1
2021991019905,2021,991019905,2,9,0,18,19,4,8,0,0,0,2,0,2,0,3,1,6,6,2,54,8,1685,2,5,KIA SPORTAGE,5,-1,0,-1
2021061136733,2021,061136733,1,9,0,18,19,7,3,0,0,0,0,0,0,0,1,1,6,6,2,32,6,1598,2,2,KIA SPORTAGE,1,E01006847,0,-1
2021122100418,2021,122100418,1,9,0,3,3,7,3,0,0,1,0,0,0,0,2,1,6,6,2,57,9,1995,2,10,KIA SPORTAGE,6,E01013441,0,-1
2021421082580,2021,421082580,3,9,0,18,19,5,1,0,0,0,0,0,0,0,1,1,6,6,1,36,7,1995,2,5,KIA SPORTAGE,-1,-1,0,-1
2021201026527,2021,201026527,1,9,0,9,9,5,3,0,0,6,0,10,1,2,1,1,6,6,1,57,9,1591,1,1,KIA SPORTAGE,10,E01009784,0,-1
2021430577837,2021,430577837,3,9,0,3,3,4,7,0,0,0,0,0,0,0,2,1,6,6,1,-1,-1,1995,2,4,KIA SPORTAGE,9,E01017701,0,-1
202131A050721,2021,31A050721,2,9,0,10,10,6,2,0,0,1,0,0,0,0,1,1,6,6,2,32,6,1685,2,10,KIA SPORTAGE,4,E01028225,0,-1
2021010304509,2021,010304509,1,9,0,4,4,7,3,0,0,1,0,0,0,0,4,1,6,6,2,60,9,1591,1,2,KIA SPORTAGE,6,E01003038,0,-1
2021361099934,2021,361099934,3,9,0,18,19,4,8,0,0,0,0,0,0,0,1,1,5,6,2,55,8,1598,8,1,KIA SPORTAGE,6,E01026424,0,-1
2021411043566,2021,411043566,2,9,0,3,3,7,3,0,0,1,0,0,0,0,3,1,2,2,2,27,6,1591,1,2,KIA SPORTAGE,4,E01021785,0,-1
2021451126592,2021,451126592,1,9,0,3,3,8,4,0,0,0,0,0,0,0,2,1,5,6,1,32,6,1591,1,1,KIA SPORTAGE,9,E01030488,0,-1
202163D097221,2021,63D097221,2,9,0,17,19,4,1,0,0,0,0,11,0,0,1,1,6,6,1,32,6,1995,2,5,KIA SPORTAGE,6,W01000709,0,-1
2021622100693,2021,622100693,2,9,0,2,2,0,0,0,0,0,0,0,0,0,2,1,6,6,3,-1,-1,1598,8,0,KIA SPORTAGE,-1,-1,0,-1
2021622100733,2021,622100733,1,9,0,18,19,4,8,0,0,1,0,4,0,0,4,1,6,6,1,55,8,1991,2,13,KIA SPORTAGE,3,W01001802,0,-1
2021991115606,2021,991115606,2,9,0,2,2,0,0,0,0,0,0,4,0,0,3,1,6,6,3,-1,-1,1685,2,4,KIA SPORTAGE,-1,-1,0,-1
2021320614616,2021,320614616,1,9,0,18,19,8,4,0,0,0,5,0,7,0,1,1,6,6,2,69,10,1685,2,5,KIA SPORTAGE,7,E01007553,0,-1
2021061042444,2021,061042444,2,9,0,18,19,5,1,0,0,0,0,0,0,0,1,1,6,6,2,33,6,1685,2,8,KIA SPORTAGE,4,E01029535,0,-1
2021546265321,2021,546265321,2,9,0,10,10,5,1,0,0,5,0,0,0,0,2,1,6,6,2,40,7,1598,8,1,KIA SPORTAGE,10,E01031948,0,-1
2021461051636,2021,461051636,5,9,0,18,19,3,7,0,0,6,0,0,0,0,2,1,5,6,1,39,7,1591,1,5,KIA SPORTAGE,8,E01015974,0,-1
2021471125832,2021,471125832,2,9,0,18,19,6,2,0,0,0,0,0,0,0,4,1,6,6,2,-1,-1,1591,1,6,KIA SPORTAGE,7,E01021108,0,-1
2021451093884,2021,451093884,1,9,0,18,19,5,1,0,0,0,0,0,0,0,1,1,1,1,1,29,6,1995,2,8,KIA SPORTAGE,5,E01017273,0,-1
2021991037062,2021,991037062,3,9,0,7,7,1,4,0,0,0,0,0,0,0,1,1,1,1,2,40,7,1598,8,1,KIA SPORTAGE,6,-1,0,-1
2021161057179,2021,161057179,2,9,0,18,19,5,1,0,0,1,0,0,0,0,1,1,5,6,2,25,5,1591,1,4,KIA SPORTAGE,9,E01013168,0,-1
2021411055567,2021,411055567,2,9,0,18,19,4,8,0,0,1,0,0,0,0,2,1,6,6,1,35,6,1685,2,6,KIA SPORTAGE,6,E01023752,0,-1
2021440146015,2021,440146015,3,9,0,18,19,6,2,0,0,0,0,0,0,0,2,1,6,6,1,56,9,1991,2,13,KIA SPORTAGE,5,E01017307,0,-1
2021201064051,2021,201064051,2,9,0,16,19,5,8,0,0,4,0,0,0,0,1,1,2,2,1,36,7,1591,1,5,KIA SPORTAGE,2,E01010056,0,-1
2021471040711,2021,471040711,4,9,0,18,19,2,6,0,0,0,0,0,0,0,1,1,2,2,2,31,6,1685,2,4,KIA SPORTAGE,4,E01016882,0,-1
2021010331077,2021,010331077,1,9,0,1,1,5,2,0,0,1,0,0,0,0,2,1,2,2,2,35,6,1591,1,3,KIA SPORTAGE,-1,-1,0,-1
2021411049199,2021,411049199,3,9,0,4,4,3,7,0,0,1,0,0,0,0,2,1,2,2,2,35,6,1591,1,3,KIA SPORTAGE,6,E01023469,0,-1
2021411032988,2021,411032988,1,9,0,4,4,1,5,0,0,1,0,0,0,0,1,1,3,7,2,29,6,1591,1,9,KIA SPORTAGE,6,E01023582,0,-1
2021070647015,2021,070647015,2,9,0,18,19,5,1,0,0,0,1,7,7,7,3,1,6,6,1,49,8,1591,1,3,KIA SPORTAGE,3,-1,0,-1
2021461103481,2021,461103481,1,9,0,9,9,7,5,0,0,0,0,0,0,0,1,1,5,6,2,45,7,1995,2,6,KIA SPORTAGE,9,E01032735,0,-1
2021061087507,2021,061087507,2,9,0,18,19,6,2,0,0,0,0,0,0,0,1,1,6,6,2,30,6,1685,2,9,KIA SPORTAGE,1,E01006052,0,-1
2021031065124,2021,031065124,1,9,-1,18,19,2,6,0,0,0,0,0,0,0,4,1,6,6,2,50,8,1685,2,6,KIA SPORTAGE,1,E01019197,0,-1
2021461060126,2021,461060126,3,9,0,2,2,0,0,0,0,1,0,0,0,0,2,1,5,6,1,-1,-1,1591,1,5,KIA SPORTAGE,8,E01024113,0,-1
2021161027334,2021,161027334,1,9,0,9,9,6,2,0,0,6,0,0,0,0,3,1,2,2,2,41,7,1598,2,2,KIA SPORTAGE,10,E01012919,0,-1
2021430462598,2021,430462598,1,9,0,3,3,2,6,0,0,0,0,0,0,0,2,1,6,6,1,72,10,1591,1,4,KIA SPORTAGE,10,E01016532,0,-1
2021471027531,2021,471027531,3,9,0,18,19,1,5,0,0,0,0,0,0,0,0,1,6,6,1,-1,-1,1685,2,5,KIA SPORTAGE,9,E01031612,0,-1
2021501073892,2021,501073892,1,9,0,9,9,1,8,0,0,6,0,0,0,0,1,1,5,6,1,54,8,1995,2,9,KIA SPORTAGE,10,E01019943,0,-1
2021131094146,2021,131094146,1,9,0,18,19,5,1,0,0,0,0,0,0,0,1,1,5,6,2,36,7,1685,2,3,KIA SPORTAGE,7,E01011873,0,-1
2021991074306,2021,991074306,2,9,0,4,4,3,6,0,0,1,0,0,0,0,3,1,5,6,1,60,9,1685,2,3,KIA SPORTAGE,9,-1,0,-1
2021131078322,2021,131078322,2,9,0,18,19,3,7,0,0,0,0,0,0,0,4,1,5,6,1,40,7,1598,8,0,KIA SPORTAGE,7,E01005891,0,-1
2021461058196,2021,461058196,2,9,0,18,19,2,6,0,0,0,0,0,0,0,1,1,6,6,1,38,7,1591,1,6,KIA SPORTAGE,7,E01024234,0,-1
20211381G1275,2021,1381G1275,2,9,0,3,3,2,6,0,0,0,0,0,0,0,2,1,6,6,2,34,6,1591,1,2,KIA SPORTAGE,9,E01011190,0,-1
2021010293793,2021,010293793,2,9,0,99,99,9,9,99,99,9,9,99,9,99,1,9,6,6,3,-1,-1,1685,2,6,KIA SPORTAGE,-1,-1,0,-1
202131A118221,2021,31A118221,1,9,0,18,19,3,7,0,0,8,0,0,0,0,4,1,6,6,2,26,6,1995,2,4,KIA SPORTAGE,9,E01028241,0,-1
2021041051964,2021,041051964,2,9,0,18,19,5,1,0,0,0,0,0,0,0,4,1,5,6,2,44,7,1995,2,9,KIA SPORTAGE,10,E01025466,0,-1
2021141117251,2021,141117251,1,9,0,9,9,8,7,0,0,8,0,0,0,0,3,1,6,6,1,40,7,1685,2,9,KIA SPORTAGE,4,E01007587,0,-1
2021010349673,2021,010349673,2,9,0,2,2,0,0,0,0,1,0,4,0,0,1,1,6,6,3,-1,-1,1591,1,2,KIA SPORTAGE,-1,-1,0,-1
2021201049212,2021,201049212,1,9,0,5,5,8,4,0,0,0,0,0,0,0,3,1,2,2,1,50,8,1991,2,12,KIA SPORTAGE,10,E01032761,0,-1
2021131098780,2021,131098780,3,9,0,18,19,5,1,0,0,8,0,0,0,0,2,1,5,6,2,35,6,1591,1,0,KIA SPORTAGE,8,E01010905,0,-1
2021052102537,2021,052102537,2,9,0,3,3,6,2,0,0,0,0,0,0,0,1,1,3,7,1,51,8,1995,2,5,KIA SPORTAGE,10,E01006932,0,-1
2021052101243,2021,052101243,2,9,0,18,19,7,3,0,0,0,0,0,0,0,3,1,6,6,2,42,7,1685,2,3,KIA SPORTAGE,8,E01006581,0,-1
2021461028065,2021,461028065,3,9,0,3,3,5,1,0,0,0,0,0,0,0,2,1,6,6,2,64,9,1995,2,6,KIA SPORTAGE,10,E01024404,0,-1
2021070303524,2021,070303524,2,9,0,18,19,1,5,0,0,2,0,0,0,0,3,1,6,6,1,-1,-1,1591,1,3,KIA SPORTAGE,10,E01018588,0,-1
2021302101749,2021,302101749,2,9,0,10,10,4,2,0,0,1,0,0,0,0,2,1,3,7,2,38,7,1995,2,5,KIA SPORTAGE,8,E01019874,0,-1
2021547621021,2021,547621021,1,9,0,18,19,1,5,0,0,8,0,0,0,0,3,1,6,6,2,46,8,1995,2,7,KIA SPORTAGE,7,E01015582,0,-1
2021131066726,2021,131066726,1,9,0,18,19,8,4,0,0,1,0,0,0,0,1,1,2,2,2,37,7,1685,2,4,KIA SPORTAGE,8,E01010709,0,-1
2021302101297,2021,302101297,2,9,0,4,4,6,2,0,0,0,0,0,0,0,2,1,2,2,1,38,7,1685,2,4,KIA SPORTAGE,6,E01027169,0,-1
2021501048889,2021,501048889,3,9,0,18,19,3,7,0,0,0,0,0,0,0,0,1,5,6,1,47,8,1591,1,2,KIA SPORTAGE,8,E01029194,0,-1
2021122101356,2021,122101356,1,9,0,9,9,7,3,0,0,1,0,0,0,0,1,1,6,6,2,24,5,1995,2,4,KIA SPORTAGE,7,E01027603,0,-1
2021141111084,2021,141111084,2,9,0,18,19,5,2,0,0,4,0,0,0,0,1,1,6,6,2,24,5,1685,2,5,KIA SPORTAGE,4,E01007545,0,-1
2021061125032,2021,061125032,1,9,0,7,7,6,8,0,0,6,0,0,0,0,3,1,5,6,1,41,7,1591,1,1,KIA SPORTAGE,10,E01004788,0,-1
2021421124186,2021,421124186,2,9,0,18,19,3,7,0,0,1,0,0,0,0,3,1,6,6,2,63,9,1591,1,5,KIA SPORTAGE,3,E01015902,0,-1
2021041106865,2021,041106865,1,9,0,18,19,1,5,0,0,0,0,0,7,4,1,1,5,6,1,58,9,1685,2,8,KIA SPORTAGE,1,E01024865,0,-1
2021201092496,2021,201092496,1,9,0,14,14,5,1,0,0,1,0,11,0,0,4,1,6,6,1,71,10,1685,2,10,KIA SPORTAGE,3,E01010050,0,-1
2021991049451,2021,991049451,3,9,0,18,19,3,7,0,0,0,0,0,0,0,2,1,5,6,1,49,8,1685,2,6,KIA SPORTAGE,2,-1,0,-1
2021421022280,2021,421022280,4,9,0,18,19,7,3,0,0,0,0,0,0,0,1,1,6,6,2,60,9,1591,1,1,KIA SPORTAGE,2,E01002368,0,-1
2021070146209,2021,070146209,1,9,0,18,19,2,6,0,0,0,0,0,0,0,2,1,6,6,1,58,9,1591,1,5,KIA SPORTAGE,1,E01006105,0,-1
2021010345656,2021,010345656,1,9,0,99,99,9,9,99,99,9,9,99,9,99,9,9,2,2,2,36,7,1591,1,0,KIA SPORTAGE,4,E01000406,0,-1
2021070444569,2021,070444569,2,9,0,8,8,8,4,0,0,1,0,0,0,0,2,1,6,6,2,45,7,1591,1,3,KIA SPORTAGE,1,E01006739,0,-1
2021421079048,2021,421079048,1,9,0,7,7,6,8,0,0,2,0,0,0,0,3,1,6,6,1,54,8,1591,1,9,KIA SPORTAGE,6,E01023320,0,-1
2021461083052,2021,461083052,1,9,0,18,19,1,5,0,0,0,0,0,0,0,3,1,6,6,2,71,10,1995,2,6,KIA SPORTAGE,9,E01016073,0,-1
2021440166065,2021,440166065,1,9,0,18,19,3,7,0,0,8,0,0,0,0,4,1,6,6,2,34,6,1591,1,4,KIA SPORTAGE,10,E01022572,0,-1
2021061106871,2021,061106871,4,9,0,9,9,7,2,0,0,2,0,0,0,0,4,1,6,6,1,46,8,1685,2,8,KIA SPORTAGE,1,E01006019,0,-1
2021991114576,2021,991114576,1,9,0,9,9,3,8,0,0,8,0,0,0,0,1,1,2,2,1,58,9,1591,1,4,KIA SPORTAGE,7,-1,0,-1
2021320343859,2021,320343859,3,9,0,2,2,0,0,0,0,0,0,0,0,0,2,1,6,6,2,40,7,1995,2,5,KIA SPORTAGE,7,E01026267,0,-1
2021061062328,2021,061062328,2,9,0,5,5,4,8,0,0,8,0,0,0,0,4,1,6,6,2,60,9,1591,1,1,KIA SPORTAGE,9,E01006024,0,-1
2021302100351,2021,302100351,2,9,0,17,19,2,6,0,0,0,0,0,0,0,1,1,6,6,1,53,8,1685,2,9,KIA SPORTAGE,8,E01019600,0,-1
2021010300010,2021,010300010,2,9,0,18,19,5,1,0,0,4,0,0,0,0,1,1,6,6,2,64,9,1998,1,8,KIA SPORTAGE,5,E01000825,0,-1
202163C106021,2021,63C106021,2,9,0,18,19,3,7,0,0,8,0,0,1,10,3,1,6,6,2,45,7,1591,1,5,KIA SPORTAGE,4,W01000591,0,-1
2021991097275,2021,991097275,2,9,0,17,19,7,3,0,0,1,0,0,0,0,1,1,6,6,1,71,10,1598,2,2,KIA SPORTAGE,7,-1,0,-1
2021010342365,2021,010342365,2,9,0,99,99,9,9,99,99,9,9,99,9,99,9,9,6,6,3,68,10,1591,1,4,KIA SPORTAGE,9,E01021789,0,-1
2021201124293,2021,201124293,1,9,0,9,9,2,1,0,0,6,0,0,0,0,3,1,6,6,1,56,9,1685,2,4,KIA SPORTAGE,2,E01008958,0,-1
2021010310113,2021,010310113,1,9,0,18,19,5,1,0,0,1,0,0,0,0,1,1,6,6,2,39,7,1591,1,9,KIA SPORTAGE,6,E01002125,0,-1
2021440026685,2021,440026685,1,9,0,16,19,4,8,0,0,2,1,0,1,4,1,1,6,6,2,26,6,1685,2,8,KIA SPORTAGE,5,E01022579,0,-1
2021501063103,2021,501063103,1,9,0,18,19,7,3,0,0,1,5,0,0,0,1,1,6,6,2,72,10,1685,2,5,KIA SPORTAGE,4,E01019980,0,-1
2021430129009,2021,430129009,2,9,0,1,1,2,6,0,0,2,0,0,0,0,2,1,6,6,2,-1,-1,1591,1,4,KIA SPORTAGE,-1,-1,0,-1
2021122100462,2021,122100462,1,9,0,9,9,7,1,0,0,8,0,0,0,0,1,1,6,6,2,55,8,1685,2,8,KIA SPORTAGE,9,E01013381,0,-1
2021061105968,2021,061105968,2,9,0,9,9,4,2,0,0,1,0,0,0,0,3,1,3,7,1,40,7,1685,2,9,KIA SPORTAGE,6,E01004883,0,-1
2021141076791,2021,141076791,2,9,0,2,2,0,0,6,6,2,0,0,0,0,2,1,6,6,1,64,9,1995,2,5,KIA SPORTAGE,7,E01007605,0,-1
2021501049918,2021,501049918,2,9,0,18,19,4,1,0,0,8,0,0,0,0,4,1,6,6,2,51,8,1995,2,6,KIA SPORTAGE,8,E01020158,0,-1
2021471067722,2021,471067722,2,9,0,5,5,4,7,0,0,0,0,0,0,0,2,1,5,6,2,41,7,1591,1,5,KIA SPORTAGE,8,E01031838,0,-1
2021010327999,2021,010327999,2,9,0,3,3,5,1,0,0,2,0,0,0,0,4,1,6,6,2,57,9,1591,1,3,KIA SPORTAGE,3,E01001089,0,-1
2021041114990,2021,041114990,2,9,0,18,19,5,1,0,0,2,0,0,0,0,1,1,5,6,2,29,6,1685,2,3,KIA SPORTAGE,6,E01025496,0,-1