collision_index,collision_year,collision_ref_no,vehicle_reference,vehicle_type,towing_and_articulation,vehicle_manoeuvre_historic,vehicle_manoeuvre,vehicle_direction_from,vehicle_direction_to,vehicle_location_restricted_lane_historic,vehicle_location_restricted_lane,junction_location,skidding_and_overturning,hit_object_in_carriageway,vehicle_leaving_carriageway,hit_object_off_carriageway,first_point_of_impact,vehicle_left_hand_drive,journey_purpose_of_driver_historic,journey_purpose_of_driver,sex_of_driver,age_of_driver,age_band_of_driver,engine_capacity_cc,propulsion_code,age_of_vehicle,generic_make_model,driver_imd_decile,lsoa_of_driver,escooter_flag,driver_distance_banding
2021061141232,2021,061141232,2,9,0,10,10,5,2,0,0,1,0,0,0,0,3,1,5,6,2,33,6,1685,2,5,KIA SPORTAGE,1,E01005707,0,-1
2021430256982,2021,430256982,1,9,0,18,19,6,2,0,0,0,0,0,0,0,1,1,6,6,2,46,8,1685,2,7,KIA SPORTAGE,10,E01027266,0,-1
2021070155218,2021,070155218,4,9,0,2,2,0,0,0,0,0,0,0,0,0,2,1,3,7,1,40,7,1598,8,1,KIA SPORTAGE,1,E01018563,0,-1
2021201119293,2021,201119293,1,9,0,2,2,0,0,0,0,0,0,0,0,0,2,1,6,6,2,26,6,1685,2,4,KIA SPORTAGE,3,E01009950,0,-1
2021421057434,2021,421057434,2,9,0,10,10,3,7,0,0,1,0,0,0,0,2,1,5,6,2,45,7,1685,2,8,KIA SPORTAGE,1,E01022045,0,-1
2021451086028,2021,451086028,1,9,0,2,2,3,7,0,0,0,0,0,0,0,0,1,1,1,1,33,6,1991,2,15,KIA SPORTAGE,3,E01016047,0,-1
2021010351022,2021,010351022,2,9,0,18,19,5,1,0,0,8,9,0,1,0,2,9,6,6,3,-1,-1,1591,1,1,KIA SPORTAGE,2,E01003229,0,-1
2021531117370,2021,531117370,1,9,0,9,9,1,2,0,0,6,0,0,0,0,3,1,6,6,2,33,6,1591,1,0,KIA SPORTAGE,10,E01022461,0,-1
2021411117089,2021,411117089,1,9,0,6,6,4,4,0,0,0,0,0,0,0,1,1,2,2,1,39,7,1685,2,4,KIA SPORTAGE,6,E01023874,0,-1
2021031021152,2021,031021152,1,9,0,9,9,1,3,0,0,8,0,0,0,0,3,1,5,6,1,19,4,1685,2,10,KIA SPORTAGE,1,E01019231,0,-1
2021201077706,2021,201077706,1,9,0,18,19,1,5,0,0,4,0,0,0,0,1,1,6,6,1,-1,-1,1685,2,5,KIA SPORTAGE,-1,-1,0,-1
2021041054863,2021,041054863,1,9,0,18,19,1,5,0,0,0,0,0,0,0,1,1,5,6,1,40,7,1598,8,0,KIA SPORTAGE,8,E01025348,0,-1
2021451026021,2021,451026021,3,9,0,18,19,7,3,0,0,0,0,0,0,0,1,1,6,6,2,55,8,1995,2,7,KIA SPORTAGE,10,E01016621,0,-1
2021548242421,2021,548242421,2,9,0,18,19,1,5,0,0,8,0,0,1,0,1,1,6,6,2,50,8,1598,2,2,KIA SPORTAGE,10,E01023181,0,-1
2021461108582,2021,461108582,1,9,0,18,19,1,5,0,0,0,0,0,0,0,1,1,6,6,1,39,7,1995,2,8,KIA SPORTAGE,4,E01024647,0,-1
2021070426171,2021,070426171,2,9,0,18,19,7,3,0,0,0,0,0,0,0,3,1,1,1,2,34,6,1591,1,3,KIA SPORTAGE,5,E01005617,0,-1
2021061027288,2021,061027288,1,9,0,17,19,8,4,0,0,1,0,0,0,0,1,1,5,6,2,45,7,1591,1,1,KIA SPORTAGE,3,E01005332,0,-1
2021451093900,2021,451093900,1,9,0,18,19,5,1,0,0,0,0,0,0,0,1,1,2,2,2,37,7,1685,2,10,KIA SPORTAGE,10,E01031735,0,-1
2021211078190,2021,211078190,1,9,0,18,19,5,1,0,0,2,0,0,0,0,2,1,5,6,1,58,9,1598,2,2,KIA SPORTAGE,8,E01029767,0,-1
2021141097690,2021,141097690,2,9,0,18,19,5,1,0,0,0,0,0,0,0,4,1,6,6,2,56,9,1685,2,8,KIA SPORTAGE,1,E01007365,0,-1
2021010324059,2021,010324059,1,9,0,18,19,5,1,0,0,2,0,0,0,0,4,1,6,6,2,34,6,1685,2,5,KIA SPORTAGE,1,E01024177,0,-1
2021122100155,2021,122100155,2,9,0,18,19,7,3,0,0,8,0,0,0,0,1,1,1,1,3,63,9,1685,2,6,KIA SPORTAGE,8,E01027750,0,-1
2021991062376,2021,991062376,2,9,0,3,3,1,5,0,0,0,0,0,0,0,2,1,5,6,2,29,6,1591,1,6,KIA SPORTAGE,-1,-1,0,-1
2021440156632,2021,440156632,1,9,0,18,19,4,6,0,0,1,0,0,0,0,1,1,6,6,1,60,9,1685,2,5,KIA SPORTAGE,1,E01022967,0,-1
2021010299402,2021,010299402,2,9,0,1,1,5,1,0,0,5,0,0,1,0,2,1,6,6,3,-1,-1,1591,1,0,KIA SPORTAGE,-1,-1,0,-1
2021041096797,2021,041096797,2,9,0,14,14,7,3,0,0,0,0,0,0,0,4,1,5,6,2,37,7,1591,1,2,KIA SPORTAGE,7,E01025029,0,-1
2021302101502,2021,302101502,1,9,0,9,9,6,4,0,0,6,0,0,0,0,3,1,6,6,2,31,6,1975,1,15,KIA SPORTAGE,7,E01019603,0,-1
2021471109507,2021,471109507,2,9,0,16,19,6,2,0,0,0,0,0,0,0,1,1,5,6,2,57,9,1598,8,0,KIA SPORTAGE,6,E01021187,0,-1
2021547829221,2021,547829221,1,9,0,18,19,7,2,0,0,1,0,0,0,0,1,1,6,6,2,37,7,1685,2,5,KIA SPORTAGE,8,E01015472,0,-1
2021440421185,2021,440421185,1,9,0,18,19,8,4,0,0,0,0,0,0,0,1,1,2,2,2,28,6,1591,1,3,KIA SPORTAGE,9,E01031878,0,-1
2021430508347,2021,430508347,1,9,0,1,1,4,1,0,0,1,0,0,0,0,2,1,6,6,2,64,9,1685,2,5,KIA SPORTAGE,9,E01028659,0,-1
2021461043236,2021,461043236,2,9,0,18,19,7,3,0,0,2,0,11,0,0,1,1,5,6,2,33,6,1591,1,4,KIA SPORTAGE,3,E01024696,0,-1
2021552100996,2021,552100996,2,9,0,4,4,6,2,0,0,0,0,0,0,0,2,1,6,6,2,48,8,1685,2,7,KIA SPORTAGE,6,E01029157,0,-1
2021141090740,2021,141090740,1,9,0,3,3,7,3,0,0,0,0,0,0,0,2,1,6,6,2,37,7,1591,1,4,KIA SPORTAGE,3,E01007776,0,-1
2021211080877,2021,211080877,2,9,0,3,3,7,4,0,0,1,0,0,0,0,1,1,2,2,2,52,8,1591,1,5,KIA SPORTAGE,8,E01029792,0,-1
2021991027879,2021,991027879,2,9,0,18,19,8,4,0,0,0,0,0,0,0,2,1,6,6,2,43,7,1685,2,4,KIA SPORTAGE,10,-1,0,-1
2021501060714,2021,501060714,2,9,0,7,7,5,7,0,0,8,0,0,0,0,1,1,5,6,1,24,5,1591,1,0,KIA SPORTAGE,4,E01015185,0,-1
2021070709966,2021,070709966,2,9,0,2,2,0,0,0,0,0,0,0,0,0,4,1,6,6,1,32,6,1591,1,3,KIA SPORTAGE,4,E01012521,0,-1
2021010320984,2021,010320984,1,9,0,5,5,3,7,0,0,3,0,0,0,0,1,1,6,6,1,56,9,1995,2,5,KIA SPORTAGE,4,E01001097,0,-1
2021440498855,2021,440498855,1,9,0,17,19,1,5,0,0,0,0,0,1,0,0,1,1,1,2,29,6,1591,1,0,KIA SPORTAGE,8,E01016334,0,-1
2021501066376,2021,501066376,1,9,0,18,19,7,3,0,0,0,0,0,0,0,1,1,2,2,1,26,6,1685,2,6,KIA SPORTAGE,5,E01020137,0,-1
2021421116105,2021,421116105,2,9,0,9,9,8,4,0,0,0,0,0,0,0,3,1,5,6,2,41,7,1591,1,4,KIA SPORTAGE,7,E01021887,0,-1
2021552100800,2021,552100800,2,9,0,3,3,2,6,0,0,0,0,0,0,0,2,1,6,6,1,38,7,1685,2,6,KIA SPORTAGE,2,E01027246,0,-1
2021041117449,2021,041117449,2,9,0,9,9,7,5,0,0,1,0,0,0,0,3,1,3,7,2,31,6,1685,2,8,KIA SPORTAGE,5,E01025415,0,-1
2021371023336,2021,371023336,2,9,0,18,19,1,5,0,0,0,0,0,0,0,2,1,6,6,1,66,10,1685,2,4,KIA SPORTAGE,8,E01030065,0,-1
2021421050280,2021,421050280,1,9,0,18,19,8,5,0,0,0,0,0,0,0,1,1,5,6,1,45,7,1591,1,4,KIA SPORTAGE,8,E01018223,0,-1
2021451089302,2021,451089302,1,9,0,13,13,8,4,0,0,0,0,0,0,0,1,1,5,6,1,35,6,1591,1,1,KIA SPORTAGE,8,E01030491,0,-1
2021211116677,2021,211116677,1,9,0,18,19,7,3,0,0,0,0,0,0,0,1,1,2,2,2,32,6,1685,2,5,KIA SPORTAGE,8,E01029517,0,-1
2021302100312,2021,302100312,1,9,0,9,9,2,6,0,0,6,0,0,0,0,1,1,2,2,1,-1,-1,1591,1,2,KIA SPORTAGE,7,E01006057,0,-1
2021221062168,2021,221062168,3,9,0,4,4,4,8,0,0,0,0,0,0,0,2,1,5,6,1,37,7,1685,2,6,KIA SPORTAGE,4,E01026713,0,-1
2021991109175,2021,991109175,2,9,0,8,8,5,8,0,0,7,0,0,0,0,2,1,2,2,2,40,7,1591,1,1,KIA SPORTAGE,9,-1,0,-1
2021201071883,2021,201071883,2,9,0,16,19,6,2,0,0,0,0,0,0,0,0,1,1,1,1,59,9,1591,1,2,KIA SPORTAGE,7,E01009116,0,-1
2021461091296,2021,461091296,2,9,0,3,3,3,7,0,0,0,0,0,0,0,2,1,6,6,2,43,7,1591,1,5,KIA SPORTAGE,3,E01016047,0,-1
2021041096394,2021,041096394,1,9,0,18,19,8,4,0,0,1,0,0,0,0,3,1,5,6,1,69,10,1995,2,8,KIA SPORTAGE,5,E01025228,0,-1
2021041013097,2021,041013097,2,9,0,18,19,3,7,0,0,0,0,0,0,0,2,1,5,6,1,79,11,1685,2,4,KIA SPORTAGE,6,E01024915,0,-1
2021211150491,2021,211150491,3,9,0,2,2,0,0,9,9,2,0,0,0,0,1,1,6,6,3,-1,-1,1598,8,0,KIA SPORTAGE,-1,-1,0,-1
2021451050552,2021,451050552,1,9,0,4,4,5,1,0,0,0,0,0,0,0,0,1,5,6,1,49,8,1598,2,3,KIA SPORTAGE,5,E01023796,0,-1
2021451031084,2021,451031084,1,9,0,18,19,5,1,0,0,0,0,0,0,0,4,1,2,2,2,49,8,1591,1,9,KIA SPORTAGE,4,E01030304,0,-1
2021440354002,2021,440354002,1,9,0,9,9,1,4,0,0,5,0,0,0,0,1,1,6,6,1,46,8,1591,1,5,KIA SPORTAGE,6,E01003840,0,-1
2021351074267,2021,351074267,1,9,0,18,19,2,6,0,0,2,0,0,0,0,4,1,5,6,2,31,6,1685,2,9,KIA SPORTAGE,8,E01017989,0,-1
2021010292565,2021,010292565,2,9,0,5,5,8,4,0,0,7,0,0,0,0,0,1,6,6,2,49,8,1685,2,6,KIA SPORTAGE,6,E01002125,0,-1
2021122101267,2021,122101267,1,9,0,7,7,6,3,0,0,0,0,0,0,0,3,1,6,6,1,69,10,1995,2,2,KIA SPORTAGE,10,E01025614,0,-1
2021010342406,2021,010342406,1,9,0,3,3,5,1,0,0,1,0,0,0,0,4,1,6,6,2,27,6,1591,1,5,KIA SPORTAGE,3,E01004437,0,-1
2021471109458,2021,471109458,3,9,0,7,7,2,5,0,0,8,0,0,0,0,3,1,5,6,2,40,7,1995,2,8,KIA SPORTAGE,7,E01031421,0,-1
2021010335152,2021,010335152,2,9,0,5,5,5,1,0,0,0,0,4,0,0,1,1,6,6,2,67,10,1995,2,8,KIA SPORTAGE,-1,-1,0,-1
2021161018517,2021,161018517,1,9,0,18,19,7,3,0,0,1,0,0,0,0,1,1,6,6,1,-1,-1,1685,2,10,KIA SPORTAGE,6,E01027884,0,-1
2021010303593,2021,010303593,2,9,0,9,9,8,5,0,0,5,0,0,0,0,3,1,6,6,1,56,9,1995,2,9,KIA SPORTAGE,3,E01004270,0,-1
20211383O1744,2021,1383O1744,1,9,0,9,9,3,1,0,0,5,0,0,0,0,3,1,6,6,1,62,9,1591,1,3,KIA SPORTAGE,8,E01032904,0,-1
2021201083227,2021,201083227,2,9,0,2,2,0,0,0,0,0,0,0,0,0,2,1,6,6,2,69,10,1685,2,5,KIA SPORTAGE,6,E01029428,0,-1
2021052101957,2021,052101957,2,9,0,18,19,7,3,0,0,0,0,0,0,0,1,2,6,6,1,67,10,1685,2,6,KIA SPORTAGE,1,E01006505,0,-1
2021010341826,2021,010341826,1,9,0,18,19,3,7,0,0,0,5,4,7,0,4,1,6,6,2,41,7,1995,2,9,KIA SPORTAGE,8,E01000447,0,-1
2021041083974,2021,041083974,2,9,0,2,2,3,3,0,0,1,0,0,0,0,3,2,6,6,3,-1,-1,1995,2,4,KIA SPORTAGE,-1,-1,0,-1
2021421104927,2021,421104927,2,9,0,18,19,1,4,0,0,0,0,0,0,0,1,1,6,6,1,24,5,1598,8,0,KIA SPORTAGE,2,E01021872,0,-1
2021461098395,2021,461098395,1,9,0,18,19,3,7,0,0,0,0,0,0,0,1,1,5,6,2,69,10,1591,1,1,KIA SPORTAGE,7,E01024064,0,-1
2021101066353,2021,101066353,1,9,0,18,19,4,8,0,0,1,0,0,0,0,4,1,6,6,2,52,8,1591,1,0,KIA SPORTAGE,5,E01008346,0,-1
2021131036588,2021,131036588,2,9,0,9,9,7,5,0,0,3,0,0,0,0,4,1,5,6,1,69,10,1685,2,7,KIA SPORTAGE,3,E01011343,0,-1
2021461113214,2021,461113214,1,9,0,18,19,1,5,0,0,0,0,0,0,0,1,1,6,6,2,-1,-1,1685,2,3,KIA SPORTAGE,-1,-1,0,-1
2021061097683,2021,061097683,1,9,0,18,19,1,5,0,0,1,0,0,0,0,1,1,6,6,1,39,7,1591,1,2,KIA SPORTAGE,6,E01005519,0,-1
2021201029066,2021,201029066,2,9,0,3,3,-1,-1,0,0,1,0,0,0,0,2,1,6,6,2,-1,-1,1975,1,14,KIA SPORTAGE,1,E01010416,0,-1
2021201041576,2021,201041576,3,9,0,2,2,0,0,0,0,2,0,0,0,0,4,1,6,6,3,-1,-1,1591,1,3,KIA SPORTAGE,-1,-1,0,-1
2021061088641,2021,061088641,1,9,0,13,13,1,1,0,0,0,0,0,0,0,1,1,6,6,1,42,7,1598,8,0,KIA SPORTAGE,1,E01005186,0,-1
2021991178257,2021,991178257,1,9,0,18,19,3,7,9,9,0,0,10,7,0,3,1,6,6,1,36,7,1995,2,7,KIA SPORTAGE,1,-1,0,-1
2021361038476,2021,361038476,1,9,0,18,19,5,1,0,0,0,0,0,0,0,1,1,5,6,1,28,6,1975,1,14,KIA SPORTAGE,3,E01021821,0,-1
2021201023856,2021,201023856,1,9,0,17,19,8,5,0,0,1,0,10,1,5,1,1,6,6,1,32,6,1685,2,4,KIA SPORTAGE,2,E01010277,0,-1
2021111113275,2021,111113275,1,9,0,9,9,3,1,0,0,2,0,0,0,0,1,1,6,6,1,46,8,1995,2,5,KIA SPORTAGE,1,E01020874,0,-1
2021010333870,2021,010333870,1,9,0,99,99,9,9,99,99,9,9,99,9,99,0,9,6,6,1,61,9,1591,1,2,KIA SPORTAGE,10,E01024751,0,-1
2021320543218,2021,320543218,1,9,0,16,19,2,6,0,0,0,5,0,7,9,1,1,6,6,2,48,8,1591,1,1,KIA SPORTAGE,9,E01026222,0,-1
2021010338117,2021,010338117,2,9,0,18,19,1,5,0,0,6,0,0,0,0,1,1,6,6,1,66,10,1591,1,2,KIA SPORTAGE,5,E01004178,0,-1
2021401023549,2021,401023549,1,9,0,5,5,5,1,0,0,0,0,0,0,0,3,1,1,1,1,40,7,1685,2,5,KIA SPORTAGE,7,E01016719,0,-1
2021061046078,2021,061046078,1,9,0,18,19,7,3,0,0,0,0,0,0,0,1,1,5,6,1,44,7,1591,1,3,KIA SPORTAGE,6,E01005801,0,-1
2021991045644,2021,991045644,1,9,0,16,19,1,4,0,0,0,2,12,2,0,1,1,6,6,1,74,10,1995,2,9,KIA SPORTAGE,2,-1,0,-1
2021421105843,2021,421105843,3,9,0,18,19,4,6,0,0,0,0,0,0,0,3,1,5,6,2,37,7,1591,1,6,KIA SPORTAGE,-1,-1,0,-1
2021010325584,2021,010325584,1,9,0,18,19,1,5,0,0,8,0,0,0,0,1,1,6,6,1,26,6,1591,1,0,KIA SPORTAGE,7,E01001399,0,-1
202131B077121,2021,31B077121,2,9,0,18,19,5,1,0,0,8,0,0,7,0,1,1,6,6,1,48,8,1591,1,0,KIA SPORTAGE,1,E01027974,0,-1
2021201049296,2021,201049296,1,9,0,9,9,7,3,0,0,6,0,0,0,0,1,1,5,6,1,49,8,1591,1,1,KIA SPORTAGE,2,E01008894,0,-1
2021501114164,2021,501114164,2,9,0,18,19,7,3,0,0,8,0,0,0,0,1,1,5,6,2,30,6,1591,1,0,KIA SPORTAGE,7,E01019892,0,-1
2021440502081,2021,440502081,3,9,0,18,19,5,1,0,0,8,0,0,0,0,1,1,2,2,2,46,8,1685,2,9,KIA SPORTAGE,3,E01022670,0,-1
2021201143775,2021,201143775,1,9,0,18,19,2,5,0,0,4,0,0,0,0,3,1,6,6,1,86,11,1591,1,6,KIA SPORTAGE,5,E01009936,0,-1
2021010309057,2021,010309057,1,9,0,99,99,9,9,99,99,9,9,99,9,99,9,9,6,6,1,28,6,1591,1,3,KIA SPORTAGE,8,E01003678,0,-1
2021010318850,2021,010318850,1,9,0,3,3,8,4,0,0,1,0,0,0,0,2,1,2,2,1,36,7,1591,1,4,KIA SPORTAGE,9,E01000301,0,-1
2021131039265,2021,131039265,1,9,0,4,4,1,1,0,0,1,0,0,0,0,1,1,6,6,2,33,6,1995,2,9,KIA SPORTAGE,6,E01011586,0,-1
20211383H0692,2021,1383H0692,1,9,0,18,19,3,7,0,0,0,0,0,0,0,4,1,6,6,2,38,7,1685,2,7,KIA SPORTAGE,1,E01010782,0,-1
2021141054623,2021,141054623,1,9,0,14,14,2,6,0,0,0,0,0,0,0,1,1,3,7,1,50,8,1995,2,4,KIA SPORTAGE,6,E01008128,0,-1
2021361059643,2021,361059643,1,9,0,3,3,5,1,0,0,0,0,0,0,0,1,1,6,6,2,41,7,1685,2,3,KIA SPORTAGE,1,E01026832,0,-1
2021401092703,2021,401092703,1,9,0,18,19,5,1,0,0,0,5,0,1,0,1,1,6,6,2,37,7,1591,1,4,KIA SPORTAGE,6,E01023545,0,-1
2021010338659,2021,010338659,1,9,0,99,99,9,9,99,99,9,9,99,9,99,1,9,6,6,2,32,6,1685,2,6,KIA SPORTAGE,5,E01003415,0,-1
2021161055143,2021,161055143,1,9,0,18,19,2,6,0,0,1,0,0,0,0,4,1,2,2,1,49,8,1685,2,7,KIA SPORTAGE,4,E01013227,0,-1
2021371103416,2021,371103416,1,9,0,18,19,3,7,0,0,1,0,0,0,0,1,1,5,6,1,58,9,1685,2,6,KIA SPORTAGE,3,E01021427,0,-1
2021052102449,2021,052102449,2,9,0,3,3,3,7,0,0,0,0,0,0,0,2,1,6,6,1,54,8,1685,2,10,KIA SPORTAGE,5,E01006669,0,-1
2021371070001,2021,371070001,2,9,0,18,19,1,5,0,0,1,0,0,0,0,1,1,5,6,2,50,8,1598,8,0,KIA SPORTAGE,7,E01030224,0,-1
2021010310332,2021,010310332,2,9,0,18,19,5,1,0,0,1,0,0,0,0,1,1,6,6,1,30,6,1685,2,4,KIA SPORTAGE,7,E01016578,0,-1
2021320383940,2021,320383940,1,9,0,7,7,6,8,0,0,5,0,0,0,0,4,1,6,6,2,32,6,1685,2,6,KIA SPORTAGE,6,W01001726,0,-1
2021052101748,2021,052101748,1,9,0,9,9,5,3,0,0,8,0,0,0,0,4,1,6,6,2,31,6,1685,2,5,KIA SPORTAGE,4,E01006537,0,-1
2021010348804,2021,010348804,1,9,0,2,2,0,0,0,0,2,0,0,0,0,3,1,6,6,3,-1,-1,1598,2,2,KIA SPORTAGE,-1,-1,0,-1
2021201094840,2021,201094840,1,9,0,18,19,5,1,0,0,0,0,0,0,0,1,1,6,6,1,27,6,1598,8,0,KIA SPORTAGE,2,E01009121,0,-1
2021501130327,2021,501130327,1,9,0,18,19,3,7,0,0,1,0,0,0,0,1,1,5,6,1,31,6,1685,2,6,KIA SPORTAGE,8,E01015113,0,-1
2021411035533,2021,411035533,2,9,0,3,3,3,7,0,0,2,0,0,0,0,2,1,2,2,2,37,7,1591,1,7,KIA SPORTAGE,8,E01023297,0,-1
2021010320059,2021,010320059,2,9,0,4,4,7,3,0,0,1,0,0,0,0,2,1,6,6,2,57,9,1991,2,11,KIA SPORTAGE,3,E01002311,0,-1
2021520102369,2021,520102369,1,9,0,3,3,4,8,0,0,0,0,0,0,0,1,1,6,6,1,33,6,1591,1,5,KIA SPORTAGE,5,E01029020,0,-1
2021010322812,2021,010322812,1,9,0,5,5,1,5,0,0,8,0,0,0,0,3,1,6,6,2,35,6,1591,1,4,KIA SPORTAGE,5,E01032495,0,-1
2021201146497,2021,201146497,1,9,0,18,19,1,5,0,0,8,0,0,0,0,1,1,6,6,1,-1,-1,1591,1,3,KIA SPORTAGE,-1,-1,0,-1
2021421034829,2021,421034829,2,9,0,2,2,0,0,6,6,0,0,0,0,0,2,1,6,6,2,63,9,1591,1,8,KIA SPORTAGE,10,E01018265,0,-1
202154C560521,2021,54C560521,1,9,0,7,7,4,6,0,0,2,0,0,0,0,1,1,6,6,1,35,6,1591,1,3,KIA SPORTAGE,7,E01032098,0,-1
2021622100745,2021,622100745,1,9,0,18,19,8,4,0,0,0,0,0,0,0,4,1,6,6,2,31,6,1591,1,0,KIA SPORTAGE,8,W01001914,0,-1
2021131047453,2021,131047453,1,9,0,12,12,2,6,0,0,1,0,0,0,0,3,1,2,2,1,59,9,1685,2,7,KIA SPORTAGE,2,E01032502,0,-1
2021010346651,2021,010346651,1,9,0,4,4,3,7,0,0,0,0,0,0,0,1,1,6,6,2,38,7,1591,1,10,KIA SPORTAGE,2,E01021816,0,-1
2021361111751,2021,361111751,2,9,0,18,19,1,1,0,0,0,0,0,0,0,1,1,5,6,1,38,7,1685,2,7,KIA SPORTAGE,5,E01026845,0,-1
2021471065902,2021,471065902,1,9,0,18,19,3,7,0,0,4,0,0,0,0,3,1,5,6,1,75,10,1995,2,6,KIA SPORTAGE,7,E01018057,0,-1
2021161115237,2021,161115237,1,9,0,17,19,8,5,0,0,8,0,0,0,0,4,1,6,6,2,33,6,1995,2,7,KIA SPORTAGE,2,E01013038,0,-1
2021010308543,2021,010308543,1,9,0,18,19,3,7,0,0,8,1,0,0,0,3,1,2,2,1,67,10,1991,2,13,KIA SPORTAGE,-1,-1,0,-1
2021010317220,2021,010317220,2,9,0,9,9,7,4,0,0,6,0,0,0,0,3,1,2,2,1,60,9,1598,8,1,KIA SPORTAGE,8,E01004168,0,-1
202163D063121,2021,63D063121,1,9,0,18,19,8,4,0,0,0,0,0,7,9,1,1,6,6,1,64,9,1685,2,5,KIA SPORTAGE,9,E01014134,0,-1
2021041122097,2021,041122097,3,9,0,18,19,2,6,0,0,1,0,0,0,0,0,1,5,6,1,38,7,1598,2,2,KIA SPORTAGE,6,E01024921,0,-1
2021051078761,2021,051078761,2,9,0,18,19,5,1,0,0,0,0,0,0,0,2,1,6,6,2,25,5,1591,1,8,KIA SPORTAGE,2,E01006405,0,-1
2021991091268,2021,991091268,2,9,0,9,9,8,6,0,0,1,0,0,0,0,4,1,1,1,2,29,6,1685,2,5,KIA SPORTAGE,2,-1,0,-1
2021010345916,2021,010345916,1,9,0,18,19,8,4,0,0,0,0,0,0,0,1,1,6,6,1,45,7,1685,2,4,KIA SPORTAGE,8,E01023528,0,-1
2021070787354,2021,070787354,1,9,0,18,19,7,6,0,0,2,0,0,0,0,3,1,1,1,2,36,7,1685,2,7,KIA SPORTAGE,1,E01012526,0,-1
2021010302189,2021,010302189,1,9,0,18,19,5,1,0,0,2,0,0,0,0,1,1,2,2,1,28,6,1685,2,10,KIA SPORTAGE,9,E01004087,0,-1
2021221089010,2021,221089010,3,9,0,18,19,4,8,0,0,0,0,0,0,0,1,1,5,6,2,37,7,1598,8,1,KIA SPORTAGE,6,W01000671,0,-1
2021311114708,2021,311114708,2,9,0,18,19,1,5,0,0,0,1,0,0,0,1,1,5,6,1,41,7,1591,1,3,KIA SPORTAGE,9,E01033393,0,-1
2021041150268,2021,041150268,1,9,0,1,1,2,0,0,0,0,0,0,0,0,2,1,5,6,2,58,9,1598,8,1,KIA SPORTAGE,4,E01025150,0,-1
2021451084272,2021,451084272,2,9,0,18,19,1,5,0,0,6,0,0,0,0,1,1,6,6,1,60,9,1591,1,7,KIA SPORTAGE,9,E01030306,0,-1
2021070269446,2021,070269446,1,9,0,16,19,4,8,0,0,0,0,4,0,11,1,1,6,6,1,69,10,1685,2,7,KIA SPORTAGE,10,E01018490,0,-1
2021501087047,2021,501087047,2,9,0,3,3,3,7,0,0,1,0,0,0,0,2,1,5,6,2,26,6,1685,2,10,KIA SPORTAGE,8,E01020110,0,-1
2021211082942,2021,211082942,1,9,0,4,4,4,5,0,0,0,0,0,0,0,2,1,5,6,1,60,9,1591,1,9,KIA SPORTAGE,1,E01009321,0,-1
2021531067662,2021,531067662,1,9,0,18,19,5,1,0,0,0,0,0,0,0,1,1,1,1,1,35,6,1685,2,3,KIA SPORTAGE,6,E01019893,0,-1
2021141104116,2021,141104116,1,9,0,5,5,5,1,0,0,1,0,0,3,10,1,1,5,6,2,76,11,1591,1,0,KIA SPORTAGE,1,E01007544,0,-1
2021302101315,2021,302101315,1,9,0,18,19,3,7,0,0,0,0,4,0,0,4,1,6,6,1,75,10,1591,1,0,KIA SPORTAGE,10,E01006072,0,-1
20211382R0997,2021,1382R0997,1,9,0,18,19,5,4,0,0,4,0,0,0,0,3,1,6,6,1,43,7,1995,2,10,KIA SPORTAGE,2,E01011374,0,-1
2021131118952,2021,131118952,1,9,0,9,9,1,5,5,5,0,0,0,0,0,1,1,6,6,3,-1,-1,1685,2,6,KIA SPORTAGE,-1,-1,0,-1
202134WNC2701,2021,34WNC2701,2,9,0,18,19,5,1,0,0,1,0,0,0,0,4,1,6,6,1,34,6,1685,2,7,KIA SPORTAGE,1,E01027231,0,-1
2021231025034,2021,231025034,1,9,0,17,19,5,2,0,0,0,0,0,1,9,3,1,5,6,1,82,11,1991,2,15,KIA SPORTAGE,7,E01031247,0,-1
2021010297779,2021,010297779,1,9,0,1,1,3,7,0,0,6,0,0,0,0,2,1,6,6,1,68,10,1591,1,4,KIA SPORTAGE,4,E01002369,0,-1
2021430489905,2021,430489905,3,9,0,18,19,2,6,0,0,0,0,0,0,0,2,1,6,6,1,37,7,1591,1,1,KIA SPORTAGE,4,W01001610,0,-1
2021411124598,2021,411124598,2,9,0,18,19,5,1,0,0,1,0,0,0,0,1,1,5,6,2,35,6,1591,1,5,KIA SPORTAGE,10,E01017407,0,-1
2021041199041,2021,041199041,1,9,0,7,7,1,5,0,0,1,0,0,0,0,1,1,5,6,2,19,4,1685,2,7,KIA SPORTAGE,7,E01025123,0,-1
2021991027882,2021,991027882,2,9,0,4,4,1,5,6,6,8,0,0,1,0,0,1,5,6,1,50,8,1685,2,5,KIA SPORTAGE,6,-1,0,-1
2021211133571,2021,211133571,1,9,3,18,19,4,8,0,0,0,0,0,0,0,1,1,6,6,1,67,10,1685,2,5,KIA SPORTAGE,1,E01006771,0,-1
2021991076081,2021,991076081,2,9,0,18,19,8,4,0,0,0,0,0,0,0,1,1,5,6,1,31,6,1591,1,2,KIA SPORTAGE,-1,-1,0,-1
2021471081887,2021,471081887,2,9,0,18,19,5,1,0,0,1,0,0,0,0,1,1,6,6,1,24,5,1991,2,12,KIA SPORTAGE,1,E01031427,0,-1
2021549870921,2021,549870921,1,9,0,16,19,1,5,0,0,0,0,0,1,11,3,1,6,6,1,46,8,1685,2,8,KIA SPORTAGE,9,E01017439,0,-1