collision_index,collision_year,collision_ref_no,vehicle_reference,vehicle_type,towing_and_articulation,vehicle_manoeuvre_historic,vehicle_manoeuvre,vehicle_direction_from,vehicle_direction_to,vehicle_location_restricted_lane_historic,vehicle_location_restricted_lane,junction_location,skidding_and_overturning,hit_object_in_carriageway,vehicle_leaving_carriageway,hit_object_off_carriageway,first_point_of_impact,vehicle_left_hand_drive,journey_purpose_of_driver_historic,journey_purpose_of_driver,sex_of_driver,age_of_driver,age_band_of_driver,engine_capacity_cc,propulsion_code,age_of_vehicle,generic_make_model,driver_imd_decile,lsoa_of_driver,escooter_flag,driver_distance_banding
2021161094276,2021,161094276,1,9,0,4,4,5,2,0,0,2,0,0,0,0,2,1,5,6,1,34,6,1685,2,4,KIA SPORTAGE,6,E01012882,0,-1
2021052101567,2021,052101567,1,9,0,6,6,4,4,0,0,8,0,0,0,0,1,1,6,6,1,65,9,1685,2,8,KIA SPORTAGE,1,E01006458,0,-1
2021622101008,2021,622101008,1,9,0,4,4,7,1,0,0,3,0,0,0,0,2,1,6,6,2,32,6,1591,1,1,KIA SPORTAGE,5,W01001161,0,-1
2021070488836,2021,070488836,2,9,0,1,1,8,4,9,9,6,0,0,0,10,2,1,6,6,2,53,8,1685,2,6,KIA SPORTAGE,10,E01018700,0,-1
2021010343620,2021,010343620,2,9,0,18,19,3,7,0,0,8,9,0,0,0,1,1,6,6,2,-1,-1,1591,1,0,KIA SPORTAGE,-1,-1,0,-1
2021421024149,2021,421024149,2,9,0,18,19,4,8,0,0,0,0,0,0,0,3,1,5,6,1,39,7,1591,1,2,KIA SPORTAGE,4,E01016013,0,-1
2021141038200,2021,141038200,2,9,0,17,19,1,5,0,0,2,0,0,0,0,3,1,5,6,2,56,9,1991,2,11,KIA SPORTAGE,4,E01007842,0,-1
2021520201129,2021,520201129,1,9,0,18,19,3,5,0,0,8,0,0,0,0,3,1,6,6,2,59,9,1685,2,5,KIA SPORTAGE,3,E01029233,0,-1
2021552100120,2021,552100120,1,9,0,9,9,2,8,0,0,6,0,0,0,0,1,1,6,6,3,-1,-1,1685,2,10,KIA SPORTAGE,-1,-1,0,-1
2021010334598,2021,010334598,1,9,0,99,99,9,9,99,99,9,9,99,9,99,1,9,2,2,2,37,7,1685,2,6,KIA SPORTAGE,5,E01016127,0,-1
2021010343821,2021,010343821,1,9,9,99,99,9,9,99,99,0,9,99,9,99,9,9,6,6,2,50,8,1591,1,0,KIA SPORTAGE,5,E01002492,0,-1
2021201116935,2021,201116935,1,9,0,18,19,4,8,0,0,6,0,0,0,0,1,1,6,6,2,49,8,1685,2,5,KIA SPORTAGE,3,E01009862,0,-1
2021010301922,2021,010301922,1,9,0,18,19,1,5,0,0,0,0,0,0,0,1,1,6,6,2,72,10,1995,2,5,KIA SPORTAGE,-1,-1,0,-1
2021010346573,2021,010346573,1,9,0,2,2,0,0,0,0,0,0,0,0,0,1,1,6,6,3,-1,-1,1591,1,10,KIA SPORTAGE,-1,-1,0,-1
2021320541832,2021,320541832,2,9,0,3,3,6,2,0,0,0,0,0,0,0,2,1,2,2,2,27,6,1685,2,9,KIA SPORTAGE,8,E01018217,0,-1
2021122100496,2021,122100496,2,9,0,4,4,4,8,0,0,1,0,0,0,0,2,1,6,6,2,32,6,1591,1,8,KIA SPORTAGE,1,E01027819,0,-1
2021991029272,2021,991029272,2,9,0,9,9,7,5,0,0,3,0,0,0,0,1,1,1,1,1,61,9,1591,1,5,KIA SPORTAGE,2,-1,0,-1
2021010299398,2021,010299398,1,9,0,9,9,6,3,0,0,6,0,0,0,0,4,1,6,6,1,63,9,1685,2,3,KIA SPORTAGE,3,E01001141,0,-1
2021141095155,2021,141095155,2,9,0,18,19,7,3,0,0,0,0,0,0,0,1,1,5,6,2,36,7,1685,2,7,KIA SPORTAGE,3,E01007385,0,-1
2021440335193,2021,440335193,6,9,0,4,4,7,3,0,0,0,1,0,0,0,2,1,6,6,2,52,8,1591,1,3,KIA SPORTAGE,10,E01023852,0,-1
2021041128696,2021,041128696,1,9,0,18,19,3,7,0,0,5,0,0,0,0,1,1,5,6,1,52,8,1975,1,14,KIA SPORTAGE,1,E01012619,0,-1
2021211067761,2021,211067761,1,9,0,4,4,4,7,0,0,0,0,0,0,0,2,1,1,1,2,28,6,1685,2,5,KIA SPORTAGE,7,E01014303,0,-1
2021122100722,2021,122100722,1,9,0,13,13,5,1,0,0,1,0,0,1,9,4,1,6,6,1,77,11,1591,1,4,KIA SPORTAGE,8,E01011960,0,-1
2021991129148,2021,991129148,1,9,0,16,19,6,2,0,0,0,1,0,0,0,1,1,5,6,2,39,7,1591,1,3,KIA SPORTAGE,3,-1,0,-1
2021010339141,2021,010339141,2,9,0,9,9,3,8,0,0,1,0,0,0,0,4,1,6,6,2,37,7,1591,1,5,KIA SPORTAGE,7,E01002341,0,-1
2021010287901,2021,010287901,2,9,0,99,99,9,9,99,99,9,9,99,9,99,1,9,6,6,3,56,9,1591,1,4,KIA SPORTAGE,6,E01004493,0,-1
2021552100564,2021,552100564,4,9,0,18,19,3,7,0,0,0,0,0,0,0,1,1,6,6,1,41,7,1991,2,13,KIA SPORTAGE,7,E01020549,0,-1
2021421014117,2021,421014117,1,9,0,13,13,3,7,0,0,0,0,0,0,0,1,1,5,6,2,38,7,1598,8,1,KIA SPORTAGE,9,E01022063,0,-1
202131C118321,2021,31C118321,1,9,0,18,19,4,8,0,0,1,0,0,0,0,4,1,2,2,2,46,8,1598,8,1,KIA SPORTAGE,1,E01013865,0,-1
2021501113052,2021,501113052,2,9,0,18,19,1,5,0,0,0,5,0,1,0,1,1,5,6,2,51,8,1991,2,11,KIA SPORTAGE,6,E01020312,0,-1
2021522103079,2021,522103079,2,9,0,7,7,5,7,0,0,5,0,0,0,0,2,1,6,6,1,49,8,1685,2,3,KIA SPORTAGE,1,E01014594,0,-1
2021302102132,2021,302102132,2,9,0,18,19,6,2,0,0,8,0,0,1,1,3,1,6,6,1,66,10,1598,8,1,KIA SPORTAGE,6,E01019871,0,-1
2021221084316,2021,221084316,1,9,0,17,19,7,5,0,0,8,0,0,0,0,3,1,5,6,1,59,9,1995,2,8,KIA SPORTAGE,6,E01028888,0,-1
2021440392535,2021,440392535,2,9,0,9,9,3,7,0,0,8,0,0,0,0,4,1,6,6,2,31,6,1591,1,0,KIA SPORTAGE,8,E01022667,0,-1
2021451084894,2021,451084894,3,9,0,18,19,3,7,0,0,0,0,0,4,4,1,1,5,6,1,56,9,1995,2,9,KIA SPORTAGE,7,E01030629,0,-1
2021991076809,2021,991076809,5,9,0,2,2,0,0,0,0,1,0,0,0,0,3,1,6,6,3,-1,-1,1591,1,1,KIA SPORTAGE,-1,-1,0,-1
2021421106892,2021,421106892,1,9,0,18,19,8,3,0,0,4,0,0,0,0,4,1,6,6,1,19,4,1685,2,5,KIA SPORTAGE,8,E01002348,0,-1
2021421080437,2021,421080437,1,9,0,18,19,8,4,0,0,1,0,0,0,0,1,1,6,6,2,58,9,1591,1,0,KIA SPORTAGE,3,E01021811,0,-1
2021440350325,2021,440350325,1,9,0,18,19,1,5,0,0,0,0,0,0,0,1,1,6,6,2,31,6,1591,1,4,KIA SPORTAGE,3,E01017220,0,-1
2021622100982,2021,622100982,2,9,0,4,4,5,1,0,0,0,0,0,0,0,2,1,6,6,1,41,7,1685,2,8,KIA SPORTAGE,5,W01000426,0,-1
2021010315638,2021,010315638,2,9,0,18,19,3,7,0,0,4,0,0,0,0,1,1,2,2,1,49,8,1995,2,6,KIA SPORTAGE,5,E01003642,0,-1
2021131069629,2021,131069629,1,9,0,18,19,1,5,0,0,0,0,0,0,0,1,1,2,2,1,40,7,1591,1,2,KIA SPORTAGE,8,E01011882,0,-1
2021201131974,2021,201131974,1,9,0,18,19,3,7,0,0,8,0,0,0,0,1,1,5,6,1,44,7,1995,2,7,KIA SPORTAGE,10,E01032139,0,-1
2021010322097,2021,010322097,1,9,0,9,9,5,2,0,0,1,0,0,0,0,4,1,6,6,1,24,5,1591,1,5,KIA SPORTAGE,2,E01004539,0,-1
2021010316083,2021,010316083,1,9,0,99,99,9,9,99,99,0,9,99,9,99,2,9,2,2,1,25,5,1685,2,3,KIA SPORTAGE,2,E01002807,0,-1
2021302101471,2021,302101471,1,9,0,9,9,1,7,0,0,8,0,0,0,0,1,1,6,6,2,51,8,1995,2,6,KIA SPORTAGE,9,E01008023,0,-1
2021461071822,2021,461071822,3,9,0,2,2,0,0,0,0,1,0,0,0,0,4,1,6,6,1,50,8,1685,2,4,KIA SPORTAGE,8,E01033213,0,-1
2021221109183,2021,221109183,3,9,0,3,3,4,8,0,0,0,0,0,0,0,2,1,5,6,2,35,6,1685,2,5,KIA SPORTAGE,6,E01014173,0,-1
2021201078528,2021,201078528,2,9,0,2,2,0,0,0,0,0,0,0,0,0,0,1,6,6,1,-1,-1,1995,2,4,KIA SPORTAGE,-1,-1,0,-1
202163A060421,2021,63A060421,3,9,0,2,2,0,0,0,0,1,0,0,0,0,0,1,6,6,3,-1,-1,1598,8,1,KIA SPORTAGE,-1,-1,0,-1
2021451120632,2021,451120632,2,9,0,18,19,1,3,0,0,0,0,0,0,0,1,1,6,6,1,21,5,1591,1,2,KIA SPORTAGE,10,E01002476,0,-1
2021061073019,2021,061073019,3,9,0,3,3,1,5,0,0,4,0,0,0,0,1,1,5,6,1,43,7,1685,2,7,KIA SPORTAGE,4,E01005730,0,-1
2021461130765,2021,461130765,1,9,0,18,19,5,1,0,0,0,5,0,0,0,1,1,6,6,2,51,8,1591,1,2,KIA SPORTAGE,9,E01016112,0,-1
2021991025775,2021,991025775,3,9,0,2,2,0,0,0,0,0,0,0,0,0,1,1,6,6,3,-1,-1,1591,1,2,KIA SPORTAGE,-1,-1,0,-1
2021111070526,2021,111070526,2,9,0,3,3,5,1,0,0,0,0,0,0,0,2,1,5,6,1,33,6,1591,1,3,KIA SPORTAGE,4,E01020735,0,-1
2021201056122,2021,201056122,1,9,0,18,19,5,8,0,0,0,0,0,0,0,1,1,5,6,1,25,5,1591,1,0,KIA SPORTAGE,9,W01000482,0,-1
2021061038784,2021,061038784,1,9,0,1,1,7,3,0,0,0,0,10,0,0,2,1,5,6,1,69,10,1591,1,6,KIA SPORTAGE,-1,-1,0,-1
2021545070921,2021,545070921,3,9,0,4,4,2,8,0,0,1,0,0,0,0,2,1,6,6,1,58,9,1685,2,5,KIA SPORTAGE,7,E01015493,0,-1
2021351098972,2021,351098972,2,9,0,4,4,5,1,0,0,0,0,0,0,0,1,1,1,1,1,26,6,1991,2,16,KIA SPORTAGE,6,E01015653,0,-1
2021991070354,2021,991070354,2,9,0,7,7,7,3,0,0,5,0,0,0,0,4,1,5,6,1,71,10,1598,8,0,KIA SPORTAGE,1,-1,0,-1
2021170S31571,2021,170S31571,1,9,0,18,19,2,6,0,0,1,0,0,0,0,1,1,6,6,2,32,6,1685,2,6,KIA SPORTAGE,9,E01012233,0,-1
2021061095020,2021,061095020,1,9,0,17,19,3,7,0,0,1,0,0,0,0,4,1,5,6,1,30,6,1685,2,4,KIA SPORTAGE,7,E01025362,0,-1
2021371056714,2021,371056714,1,9,0,6,6,4,7,0,0,8,0,0,0,0,1,1,6,6,1,72,10,1991,2,11,KIA SPORTAGE,6,E01030090,0,-1
2021010321610,2021,010321610,1,9,0,9,9,3,1,0,0,8,0,0,0,0,1,1,6,6,1,58,9,1591,1,2,KIA SPORTAGE,2,E01003330,0,-1
2021201048829,2021,201048829,2,9,0,18,19,6,2,0,0,8,0,0,0,0,4,1,6,6,2,48,8,1685,2,4,KIA SPORTAGE,2,E01009840,0,-1
2021552101116,2021,552101116,1,9,0,18,19,6,2,0,0,4,0,0,0,0,1,1,6,6,1,57,9,1991,2,15,KIA SPORTAGE,1,E01015281,0,-1
2021141063980,2021,141063980,2,9,0,4,4,1,3,0,0,1,0,0,0,0,2,1,6,6,1,53,8,1685,2,4,KIA SPORTAGE,6,E01007835,0,-1
2021531097935,2021,531097935,2,9,0,10,10,3,7,0,0,1,0,0,0,0,2,1,6,6,1,58,9,1685,2,10,KIA SPORTAGE,6,E01022227,0,-1
2021201147296,2021,201147296,1,9,0,18,19,4,8,0,0,6,0,0,0,0,4,1,6,6,2,38,7,1995,2,4,KIA SPORTAGE,5,E01009764,0,-1
2021131077101,2021,131077101,2,9,0,4,4,1,5,0,0,1,0,0,0,0,2,1,6,6,1,32,6,1591,1,0,KIA SPORTAGE,8,E01011086,0,-1
2021231039562,2021,231039562,1,9,0,18,19,8,4,0,0,6,0,0,0,0,1,1,5,6,1,75,10,1991,2,15,KIA SPORTAGE,6,E01031189,0,-1
2021122101146,2021,122101146,1,9,0,18,19,7,3,0,0,0,0,0,0,0,1,1,2,2,1,59,9,1598,2,3,KIA SPORTAGE,9,E01027619,0,-1
2021501019168,2021,501019168,1,9,0,17,19,2,7,0,0,0,1,0,5,6,1,1,5,6,1,38,7,1685,2,4,KIA SPORTAGE,4,E01019063,0,-1
2021010323802,2021,010323802,1,9,0,15,15,4,8,9,9,1,0,11,1,3,1,1,6,6,1,24,5,1995,2,5,KIA SPORTAGE,6,E01032567,0,-1
2021141088530,2021,141088530,1,9,0,18,19,1,5,0,0,8,0,0,0,0,1,1,5,6,1,48,8,1591,1,7,KIA SPORTAGE,2,E01011872,0,-1
2021010328513,2021,010328513,1,9,0,10,10,5,4,0,0,5,0,0,0,0,1,1,6,6,1,44,7,1598,2,2,KIA SPORTAGE,2,E01000739,0,-1
2021471120670,2021,471120670,1,9,0,18,19,4,1,0,0,1,1,0,0,0,1,1,5,6,2,-1,-1,1591,1,4,KIA SPORTAGE,6,E01031579,0,-1
2021201056814,2021,201056814,4,9,0,2,2,0,0,0,0,1,0,0,0,0,1,1,6,6,2,34,6,1995,2,5,KIA SPORTAGE,1,E01010413,0,-1
2021141030363,2021,141030363,1,9,0,16,19,1,5,0,0,0,0,0,0,0,1,1,1,1,1,29,6,1591,1,1,KIA SPORTAGE,7,E01033280,0,-1
2021421099280,2021,421099280,1,9,0,6,6,3,3,0,0,6,0,0,0,0,3,1,5,6,2,50,8,1591,1,0,KIA SPORTAGE,6,E01021535,0,-1
2021221035235,2021,221035235,1,9,0,4,4,5,1,0,0,8,0,0,0,0,2,1,5,6,1,69,10,1591,1,1,KIA SPORTAGE,8,E01028997,0,-1
2021010321152,2021,010321152,3,9,0,2,2,0,0,9,9,0,0,0,0,0,1,1,6,6,3,-1,-1,1591,1,3,KIA SPORTAGE,-1,-1,0,-1
2021010351825,2021,010351825,2,9,0,2,2,0,0,0,0,0,0,4,0,0,2,2,6,6,3,-1,-1,1591,1,5,KIA SPORTAGE,-1,-1,0,-1
2021221053928,2021,221053928,2,9,0,17,19,4,8,0,0,0,0,0,0,0,1,1,5,6,2,62,9,1995,2,7,KIA SPORTAGE,6,E01028885,0,-1
2021010290030,2021,010290030,1,9,0,99,99,9,9,99,99,1,9,99,9,99,9,9,6,6,1,42,7,1685,2,4,KIA SPORTAGE,3,E01002375,0,-1
2021010297584,2021,010297584,1,9,0,16,19,5,1,0,0,0,0,0,0,0,1,1,6,6,2,39,7,1685,2,8,KIA SPORTAGE,7,E01000437,0,-1
2021401061789,2021,401061789,2,9,0,18,19,2,6,0,0,8,0,0,0,0,4,1,1,1,1,23,5,1591,1,0,KIA SPORTAGE,3,E01017536,0,-1
2021111028676,2021,111028676,1,9,0,18,19,6,2,0,0,0,0,0,0,0,1,1,5,6,1,46,8,1591,1,1,KIA SPORTAGE,7,E01008721,0,-1
2021010332253,2021,010332253,1,9,0,18,19,5,1,0,0,0,0,8,0,0,1,1,6,6,3,-1,-1,1591,1,4,KIA SPORTAGE,-1,-1,0,-1
2021471054798,2021,471054798,1,9,0,18,19,3,6,0,0,0,0,4,0,0,3,1,2,2,2,27,6,1591,1,8,KIA SPORTAGE,5,E01031565,0,-1
2021461027655,2021,461027655,1,9,0,12,12,4,8,0,0,3,0,0,0,0,3,1,6,6,1,54,8,1685,2,9,KIA SPORTAGE,1,E01021305,0,-1
202131B052821,2021,31B052821,2,9,0,2,2,0,0,0,0,1,0,0,0,0,1,1,6,6,3,-1,-1,1591,1,4,KIA SPORTAGE,-1,-1,0,-1
2021411134794,2021,411134794,2,9,0,18,19,5,3,0,0,1,0,0,0,0,1,1,6,6,2,73,10,1995,2,5,KIA SPORTAGE,9,E01023833,0,-1
2021552101266,2021,552101266,1,9,0,18,19,8,6,0,0,1,0,0,0,0,1,1,2,2,2,33,6,1591,1,2,KIA SPORTAGE,8,E01020458,0,-1
202134WNC7271,2021,34WNC7271,2,9,0,18,19,1,5,0,0,0,0,0,0,0,1,1,6,6,1,83,11,1591,1,10,KIA SPORTAGE,8,E01025771,0,-1
2021430485336,2021,430485336,1,9,0,18,19,4,8,0,0,0,2,0,0,0,4,1,6,6,2,31,6,1591,1,0,KIA SPORTAGE,3,W01001287,0,-1
2021061105912,2021,061105912,2,9,0,16,19,5,1,0,0,0,0,0,0,0,4,1,2,2,2,26,6,1995,2,5,KIA SPORTAGE,4,E01005214,0,-1
2021471115390,2021,471115390,2,9,0,18,19,5,1,0,0,0,0,0,0,0,1,1,6,6,2,41,7,1591,1,8,KIA SPORTAGE,8,E01031560,0,-1
2021221110115,2021,221110115,2,9,0,18,19,1,5,0,0,8,0,0,0,0,1,1,2,2,1,32,6,1685,2,8,KIA SPORTAGE,4,E01032397,0,-1
2021461114502,2021,461114502,2,9,0,18,19,3,7,0,0,0,0,0,1,0,0,1,6,6,1,54,8,1975,1,16,KIA SPORTAGE,6,E01024420,0,-1
2021411071605,2021,411071605,2,9,0,18,19,-1,-1,0,0,3,0,0,0,0,1,1,5,6,2,53,8,1685,2,4,KIA SPORTAGE,8,E01023485,0,-1
2021461041557,2021,461041557,2,9,0,13,13,3,7,0,0,0,0,0,0,0,4,1,5,6,1,45,7,1685,2,5,KIA SPORTAGE,8,E01000680,0,-1
2021430552945,2021,430552945,1,9,0,18,19,3,7,0,0,0,0,0,0,0,1,1,6,6,1,55,8,1685,2,5,KIA SPORTAGE,5,E01032726,0,-1
2021010292629,2021,010292629,2,9,0,18,19,1,5,0,0,0,0,0,0,0,1,1,6,6,1,54,8,1591,1,4,KIA SPORTAGE,4,E01002681,0,-1
2021440020353,2021,440020353,1,9,0,18,19,8,4,0,0,1,1,0,1,9,1,1,2,2,2,30,6,1995,2,6,KIA SPORTAGE,6,E01023143,0,-1
2021122101361,2021,122101361,1,9,0,18,19,1,5,0,0,8,0,0,0,0,1,1,6,6,1,40,7,1995,2,7,KIA SPORTAGE,5,E01026309,0,-1
2021461082893,2021,461082893,1,9,0,18,19,7,3,0,0,0,0,0,3,2,1,1,1,1,1,27,6,1591,1,2,KIA SPORTAGE,2,E01024311,0,-1
2021351100727,2021,351100727,1,9,0,18,19,3,7,0,0,0,0,0,0,0,4,1,5,6,2,35,6,1685,2,7,KIA SPORTAGE,6,E01018016,0,-1
2021421078478,2021,421078478,2,9,0,18,19,4,8,0,0,0,0,0,0,0,2,1,5,6,2,27,6,1685,2,8,KIA SPORTAGE,8,E01015991,0,-1
2021010330975,2021,010330975,2,9,0,99,99,9,9,99,99,9,9,99,9,99,9,9,6,6,3,-1,-1,1685,2,9,KIA SPORTAGE,-1,-1,0,-1
2021141126514,2021,141126514,3,9,0,18,19,1,5,0,0,0,0,0,0,0,1,1,5,6,2,49,8,1685,2,6,KIA SPORTAGE,1,E01007492,0,-1
2021141080442,2021,141080442,1,9,0,18,19,5,1,0,0,1,0,0,0,0,1,1,6,6,2,29,6,1995,2,5,KIA SPORTAGE,5,E01007361,0,-1
2021361030675,2021,361030675,1,9,0,18,19,8,4,0,0,0,0,0,0,0,1,1,5,6,1,76,11,1598,8,0,KIA SPORTAGE,5,E01030281,0,-1
2021061047802,2021,061047802,3,9,0,5,5,8,4,0,0,0,0,0,0,0,2,1,6,6,3,47,8,1685,2,8,KIA SPORTAGE,4,E01005029,0,-1
2021010323519,2021,010323519,2,9,0,8,8,7,1,0,0,1,0,0,0,0,3,1,6,6,2,42,7,1591,1,5,KIA SPORTAGE,2,E01001448,0,-1
2021471106533,2021,471106533,2,9,0,18,19,6,2,0,0,4,0,0,0,0,1,1,2,2,1,51,8,1685,2,9,KIA SPORTAGE,6,E01031452,0,-1
2021161116334,2021,161116334,1,9,0,9,9,8,4,0,0,8,0,0,0,0,1,1,2,2,1,66,10,1591,1,2,KIA SPORTAGE,6,E01013176,0,-1
2021010347671,2021,010347671,1,9,0,3,3,5,1,0,0,1,0,0,0,0,2,1,6,6,1,45,7,1591,1,2,KIA SPORTAGE,6,E01023934,0,-1
2021010329387,2021,010329387,1,9,0,5,5,3,7,0,0,8,0,0,0,0,1,1,3,7,2,40,7,1591,1,3,KIA SPORTAGE,4,E01002425,0,-1
2021421110356,2021,421110356,1,9,0,7,7,5,3,0,0,2,0,0,0,0,3,1,6,6,2,70,10,1685,2,4,KIA SPORTAGE,6,E01021723,0,-1
2021211115900,2021,211115900,2,9,0,18,19,5,1,0,0,0,0,0,0,0,2,1,6,6,2,50,8,1598,8,1,KIA SPORTAGE,7,E01029856,0,-1
2021201118798,2021,201118798,3,9,0,2,2,0,0,0,0,0,0,0,0,0,1,1,6,6,3,-1,-1,1591,1,1,KIA SPORTAGE,-1,-1,0,-1
20211382Q1021,2021,1382Q1021,1,9,0,18,19,7,3,0,0,0,1,0,0,0,1,1,6,6,1,28,6,1598,8,0,KIA SPORTAGE,5,E01002520,0,-1
2021371015672,2021,371015672,2,9,0,2,2,0,0,0,0,0,0,0,0,0,1,1,6,6,2,31,6,1685,2,10,KIA SPORTAGE,8,E01030043,0,-1
2021010288868,2021,010288868,2,9,0,99,99,9,9,99,99,9,9,99,9,99,1,9,6,6,3,-1,-1,1991,2,16,KIA SPORTAGE,5,E01002395,0,-1
2021141047350,2021,141047350,1,9,0,18,19,3,7,0,0,1,0,0,0,0,1,1,5,6,1,76,11,1598,8,1,KIA SPORTAGE,10,E01007927,0,-1
2021010306451,2021,010306451,3,9,0,99,99,9,9,99,99,0,9,99,9,99,9,9,6,6,3,45,7,1591,1,3,KIA SPORTAGE,5,E01002950,0,-1
2021471092779,2021,471092779,2,9,0,4,4,6,2,0,0,1,0,0,1,4,1,1,5,6,2,33,6,1591,1,5,KIA SPORTAGE,8,E01021163,0,-1
2021041091756,2021,041091756,2,9,0,18,19,1,5,0,0,0,0,0,0,0,2,1,5,6,1,60,9,1995,2,7,KIA SPORTAGE,5,E01025243,0,-1
2021991078589,2021,991078589,1,9,0,1,1,3,4,0,0,2,0,0,0,0,2,1,5,6,1,53,8,1685,2,6,KIA SPORTAGE,2,-1,0,-1
2021010330984,2021,010330984,1,9,0,99,99,9,9,99,99,9,9,99,9,99,2,9,6,6,1,43,7,1591,1,4,KIA SPORTAGE,2,E01002045,0,-1
2021991043027,2021,991043027,2,9,0,10,10,3,7,0,0,1,0,0,0,0,1,1,6,6,1,45,7,1995,2,6,KIA SPORTAGE,8,-1,0,-1
2021010341697,2021,010341697,1,9,0,99,99,9,9,99,99,9,9,99,9,99,9,9,6,6,3,-1,-1,1685,2,5,KIA SPORTAGE,-1,-1,0,-1
2021622100946,2021,622100946,1,9,0,18,19,2,5,0,0,4,0,0,0,0,1,1,2,2,1,35,6,1685,2,3,KIA SPORTAGE,1,W01000835,0,-1
2021131071288,2021,131071288,1,9,0,18,19,5,1,0,0,8,0,0,0,0,4,1,5,6,2,52,8,1591,1,5,KIA SPORTAGE,7,E01011775,0,-1
2021411125283,2021,411125283,1,9,0,18,19,2,6,0,0,8,0,0,0,0,3,1,5,6,2,52,8,1591,1,8,KIA SPORTAGE,8,E01023938,0,-1
2021461110870,2021,461110870,1,9,0,11,11,7,3,0,0,8,0,0,0,0,4,1,5,6,2,21,5,1685,2,4,KIA SPORTAGE,4,E01024566,0,-1
2021161131495,2021,161131495,2,9,0,18,19,6,2,0,0,0,0,0,0,0,4,1,6,6,2,56,9,1995,2,6,KIA SPORTAGE,7,E01013228,0,-1
2021070657135,2021,070657135,2,9,0,7,7,4,5,0,0,8,0,0,1,0,1,1,6,6,1,-1,-1,1591,1,2,KIA SPORTAGE,-1,-1,0,-1
2021451088981,2021,451088981,2,9,0,3,3,1,3,0,0,1,0,0,0,0,4,1,6,6,2,30,6,1685,2,4,KIA SPORTAGE,9,E01030690,0,-1
2021031065445,2021,031065445,1,9,0,5,5,1,5,0,0,2,0,0,0,0,3,1,1,1,2,64,9,1995,2,8,KIA SPORTAGE,2,E01025116,0,-1
2021361024163,2021,361024163,1,9,0,18,19,5,1,0,0,1,0,0,7,4,1,1,5,6,1,37,7,1591,1,2,KIA SPORTAGE,4,E01026654,0,-1
2021010312586,2021,010312586,1,9,0,99,99,9,9,99,99,9,9,99,9,99,2,9,6,6,2,42,7,1591,1,5,KIA SPORTAGE,3,E01003841,0,-1
2021471104222,2021,471104222,2,9,0,17,19,2,7,0,0,8,0,0,1,0,4,1,2,2,2,59,9,1995,2,6,KIA SPORTAGE,9,E01031630,0,-1
2021461096268,2021,461096268,1,9,0,18,19,5,1,0,0,1,0,0,0,0,1,1,5,6,2,-1,-1,1685,2,4,KIA SPORTAGE,10,E01016026,0,-1
2021361080774,2021,361080774,1,9,0,4,4,6,2,0,0,0,0,0,0,0,2,1,5,6,2,45,7,1591,1,1,KIA SPORTAGE,7,E01025826,0,-1
2021991038130,2021,991038130,1,9,0,5,5,2,6,0,0,4,0,0,0,0,1,1,2,2,1,59,9,1591,1,6,KIA SPORTAGE,9,-1,0,-1
2021101037191,2021,101037191,1,9,0,18,19,5,1,0,0,0,0,0,0,0,1,1,5,6,1,87,11,1591,1,5,KIA SPORTAGE,2,E01020602,0,-1
2021471096105,2021,471096105,1,9,0,5,5,6,1,0,0,2,0,0,0,0,3,1,5,6,2,44,7,1591,1,2,KIA SPORTAGE,10,E01031646,0,-1
2021991091102,2021,991091102,1,9,0,17,19,3,7,0,0,0,0,0,1,1,1,1,1,1,1,50,8,1591,1,0,KIA SPORTAGE,1,E01010530,0,-1
2021161088584,2021,161088584,2,9,0,18,19,3,7,0,0,0,1,0,0,0,2,1,5,6,1,68,10,1685,2,5,KIA SPORTAGE,8,E01013101,0,-1
2021010311715,2021,010311715,1,9,0,15,15,7,3,0,0,1,0,11,0,0,4,1,6,6,2,75,10,1995,2,5,KIA SPORTAGE,-1,-1,0,-1
2021501027164,2021,501027164,2,9,0,18,19,6,2,0,0,0,1,0,0,0,3,1,2,2,1,32,6,1995,2,7,KIA SPORTAGE,6,E01020312,0,-1
2021421037958,2021,421037958,2,9,0,18,19,7,3,0,0,0,0,0,0,0,1,1,1,1,1,67,10,1685,2,5,KIA SPORTAGE,4,E01016128,0,-1
2021411105559,2021,411105559,2,9,0,18,19,3,7,0,0,0,0,0,0,0,2,1,5,6,1,61,9,1591,1,6,KIA SPORTAGE,9,E01023507,0,-1
2021440347116,2021,440347116,1,9,0,18,19,1,5,0,0,8,0,0,0,0,1,1,6,6,2,53,8,1598,2,2,KIA SPORTAGE,4,E01022845,0,-1
2021531087385,2021,531087385,1,9,0,8,8,-1,-1,0,0,2,0,0,0,0,1,1,6,6,1,50,8,1685,2,6,KIA SPORTAGE,10,E01022106,0,-1
2021610064921,2021,610064921,1,9,0,18,19,1,5,0,0,8,0,0,0,0,1,1,2,2,1,60,9,1975,1,14,KIA SPORTAGE,7,W01001490,0,-1
2021430229016,2021,430229016,1,9,0,9,9,8,5,0,0,6,0,0,0,0,4,1,6,6,1,48,8,1685,2,4,KIA SPORTAGE,10,E01016410,0,-1
2021041184489,2021,041184489,2,9,0,2,2,1,5,0,0,0,0,0,0,0,2,1,2,2,2,36,7,1685,2,4,KIA SPORTAGE,10,E01025278,0,-1
2021070246637,2021,070246637,2,9,0,17,19,5,2,0,0,0,0,0,0,0,3,1,6,6,2,50,8,1591,1,4,KIA SPORTAGE,2,E01018701,0,-1