collision_index,collision_year,collision_ref_no,vehicle_reference,vehicle_type,towing_and_articulation,vehicle_manoeuvre_historic,vehicle_manoeuvre,vehicle_direction_from,vehicle_direction_to,vehicle_location_restricted_lane_historic,vehicle_location_restricted_lane,junction_location,skidding_and_overturning,hit_object_in_carriageway,vehicle_leaving_carriageway,hit_object_off_carriageway,first_point_of_impact,vehicle_left_hand_drive,journey_purpose_of_driver_historic,journey_purpose_of_driver,sex_of_driver,age_of_driver,age_band_of_driver,engine_capacity_cc,propulsion_code,age_of_vehicle,generic_make_model,driver_imd_decile,lsoa_of_driver,escooter_flag,driver_distance_banding
2021201122106,2021,201122106,2,9,0,4,4,4,8,0,0,0,0,0,0,0,2,1,6,6,2,37,7,1591,1,5,KIA SPORTAGE,1,E01010374,0,-1
2021440288992,2021,440288992,3,9,0,18,19,6,2,0,0,0,0,0,0,0,1,1,6,6,2,33,6,1591,1,3,KIA SPORTAGE,7,E01022648,0,-1
2021052102385,2021,052102385,2,9,0,18,19,5,1,0,0,8,0,0,0,0,1,1,6,6,1,58,9,1685,2,10,KIA SPORTAGE,6,E01006595,0,-1
2021161119645,2021,161119645,2,9,0,4,4,5,1,0,0,0,0,0,0,0,1,1,6,6,2,-1,-1,1685,2,9,KIA SPORTAGE,7,E01013188,0,-1
2021302100160,2021,302100160,2,9,0,2,2,0,0,0,0,0,0,0,0,0,2,1,6,6,1,64,9,1685,2,6,KIA SPORTAGE,8,E01019747,0,-1
2021010291520,2021,010291520,1,9,0,18,19,3,7,0,0,3,0,0,4,11,1,1,6,6,2,30,6,1995,2,5,KIA SPORTAGE,6,E01002659,0,-1
2021471074456,2021,471074456,2,9,0,4,4,1,5,0,0,0,0,0,0,0,2,1,5,6,1,55,8,1685,2,9,KIA SPORTAGE,7,E01031488,0,-1
2021430540983,2021,430540983,1,9,0,7,7,3,5,0,0,3,0,0,0,0,2,1,6,6,1,37,7,1598,8,1,KIA SPORTAGE,10,E01016816,0,-1
2021501103797,2021,501103797,1,9,0,18,19,1,5,0,0,0,0,0,0,0,1,1,2,2,2,37,7,1995,2,6,KIA SPORTAGE,6,E01020121,0,-1
2021052102044,2021,052102044,1,9,0,18,19,5,1,0,0,0,0,0,0,0,1,1,6,6,3,-1,-1,1685,2,5,KIA SPORTAGE,-1,-1,0,-1
2021501095375,2021,501095375,2,9,0,18,19,8,4,0,0,8,0,0,0,0,1,1,5,6,1,46,8,1591,1,3,KIA SPORTAGE,-1,-1,0,-1
2021430515978,2021,430515978,2,9,0,18,19,8,4,0,0,8,0,0,1,9,1,1,6,6,1,59,9,1995,2,9,KIA SPORTAGE,8,E01016686,0,-1
2021361060741,2021,361060741,2,9,0,5,5,1,6,0,0,0,0,0,0,0,1,1,5,6,2,30,6,1995,2,6,KIA SPORTAGE,7,E01026932,0,-1
2021371119144,2021,371119144,2,9,0,18,19,8,3,0,0,0,0,0,0,0,3,1,5,6,2,57,9,1591,1,10,KIA SPORTAGE,10,E01030085,0,-1
2021010336334,2021,010336334,1,9,0,18,19,5,1,0,0,1,0,0,1,4,4,1,6,6,1,26,6,1685,2,4,KIA SPORTAGE,2,E01000015,0,-1
2021440222487,2021,440222487,2,9,0,18,19,8,4,0,0,8,0,0,0,0,4,1,6,6,2,35,6,1685,2,10,KIA SPORTAGE,8,E01023084,0,-1
2021141077097,2021,141077097,2,9,0,3,3,5,1,0,0,0,0,0,0,0,1,1,5,6,2,39,7,1598,8,0,KIA SPORTAGE,5,E01032495,0,-1
2021302100454,2021,302100454,1,9,4,13,13,2,6,0,0,0,0,0,0,0,4,1,6,6,1,72,10,1995,2,4,KIA SPORTAGE,9,E01029479,0,-1
202106A079522,2021,06A079522,1,9,0,18,19,5,1,0,0,0,0,0,0,0,1,1,6,6,1,49,8,1685,2,8,KIA SPORTAGE,1,E01005098,0,-1
202106L079734,2021,06L079734,1,9,0,7,7,6,8,0,0,8,0,0,0,0,3,1,6,6,3,30,6,1685,2,7,KIA SPORTAGE,-1,-1,0,-1
2021461035787,2021,461035787,1,9,0,18,19,2,4,0,0,2,0,0,0,0,1,1,6,6,2,41,7,1591,1,0,KIA SPORTAGE,2,E01004725,0,-1
2021041115576,2021,041115576,2,9,0,18,19,3,8,0,0,1,0,0,0,0,4,1,5,6,1,72,10,1591,1,3,KIA SPORTAGE,3,E01025505,0,-1
2021411118332,2021,411118332,2,9,0,2,2,-1,-1,6,6,2,0,0,0,0,4,1,5,6,3,-1,-1,1598,8,0,KIA SPORTAGE,-1,-1,0,-1
2021552100361,2021,552100361,1,9,0,18,19,4,8,0,0,8,0,0,0,0,1,1,6,6,2,47,8,1685,2,4,KIA SPORTAGE,9,E01015388,0,-1
2021010299639,2021,010299639,1,9,0,99,99,9,9,99,99,9,9,99,9,99,2,9,6,6,2,36,7,1685,2,5,KIA SPORTAGE,4,E01002442,0,-1
202134NNC2601,2021,34NNC2601,1,9,0,4,4,3,7,0,0,6,0,0,0,0,1,1,6,6,2,32,6,1591,1,0,KIA SPORTAGE,7,E01027078,0,-1
2021211114380,2021,211114380,1,9,0,11,11,5,1,0,0,1,1,0,1,0,1,1,2,2,1,39,7,1685,2,8,KIA SPORTAGE,-1,-1,0,-1
2021122101076,2021,122101076,2,9,0,4,4,5,1,0,0,1,0,0,0,0,1,1,6,6,2,29,6,1975,1,13,KIA SPORTAGE,2,E01027580,0,-1
2021010302559,2021,010302559,2,9,0,11,11,2,6,0,0,1,0,0,0,0,4,1,6,6,1,27,6,1591,1,2,KIA SPORTAGE,1,E01003761,0,-1
2021161039619,2021,161039619,2,9,0,18,19,6,2,0,0,1,1,10,7,1,1,1,5,6,1,80,11,1995,2,6,KIA SPORTAGE,8,E01013040,0,-1
2021461111027,2021,461111027,3,9,0,18,19,1,5,0,0,0,0,0,0,0,1,1,5,6,1,38,7,1991,2,11,KIA SPORTAGE,8,E01024106,0,-1
2021421019593,2021,421019593,1,9,0,18,19,1,5,0,0,0,0,4,0,0,1,1,2,2,1,49,8,1685,2,7,KIA SPORTAGE,7,E01021898,0,-1
2021991084719,2021,991084719,2,9,0,17,19,7,3,0,0,1,0,0,0,0,3,1,6,6,1,62,9,1685,2,4,KIA SPORTAGE,10,-1,0,-1
2021010330344,2021,010330344,1,9,0,3,3,1,5,0,0,1,0,0,0,0,2,1,6,6,1,38,7,1995,2,6,KIA SPORTAGE,7,E01021146,0,-1
2021061029093,2021,061029093,2,9,0,10,10,2,6,0,0,1,0,0,0,0,3,1,5,6,2,52,8,1591,1,4,KIA SPORTAGE,8,E01005365,0,-1
2021131037499,2021,131037499,4,9,0,2,2,0,0,0,0,0,0,0,7,0,4,1,6,6,3,-1,-1,1591,1,4,KIA SPORTAGE,-1,-1,0,-1
2021501051220,2021,501051220,2,9,0,7,7,7,1,0,0,8,0,0,0,0,2,1,6,6,1,35,6,1685,2,8,KIA SPORTAGE,6,E01020315,0,-1
2021111112331,2021,111112331,2,9,0,18,19,3,7,0,0,0,0,0,0,0,4,1,6,6,2,28,6,1995,2,7,KIA SPORTAGE,9,E01012297,0,-1
2021451055258,2021,451055258,1,9,0,3,3,3,7,0,0,4,0,0,0,0,2,1,6,6,1,36,7,1591,1,0,KIA SPORTAGE,9,E01030781,0,-1
2021461047487,2021,461047487,2,9,0,3,3,1,5,0,0,0,0,0,0,0,2,1,2,2,2,33,6,1995,2,7,KIA SPORTAGE,6,E01024783,0,-1
2021052101318,2021,052101318,1,9,0,9,9,1,5,0,0,8,0,0,0,0,3,1,3,7,1,53,8,1685,2,8,KIA SPORTAGE,4,E01006425,0,-1
2021052102546,2021,052102546,2,9,0,5,5,2,6,0,0,8,0,0,0,0,1,1,6,6,2,36,7,1685,2,7,KIA SPORTAGE,1,E01006850,0,-1
2021122100361,2021,122100361,2,9,0,18,19,1,5,0,0,1,1,0,0,0,1,1,1,1,1,30,6,1591,1,2,KIA SPORTAGE,8,E01027838,0,-1
2021070753086,2021,070753086,2,9,0,18,19,5,1,0,0,0,0,0,0,0,2,1,6,6,1,46,8,1598,8,1,KIA SPORTAGE,5,E01025483,0,-1
2021010322757,2021,010322757,1,9,0,18,19,1,5,0,0,1,0,0,6,11,4,1,6,6,2,46,8,1685,2,9,KIA SPORTAGE,6,E01023143,0,-1
2021070482714,2021,070482714,2,9,0,3,3,7,3,0,0,0,0,2,0,0,2,1,6,6,2,32,6,1685,2,9,KIA SPORTAGE,3,E01018435,0,-1
20211383V1515,2021,1383V1515,1,9,0,18,19,3,7,0,0,0,0,0,0,0,2,1,2,2,1,51,8,1685,2,8,KIA SPORTAGE,5,E01006848,0,-1
2021461027655,2021,461027655,2,9,0,8,8,4,8,0,0,3,0,0,0,0,4,1,6,6,2,49,8,1995,2,3,KIA SPORTAGE,7,E01024727,0,-1
2021461032139,2021,461032139,6,9,0,3,3,5,2,0,0,0,0,0,0,0,2,1,2,2,2,39,7,1685,2,3,KIA SPORTAGE,-1,-1,0,-1
2021211029869,2021,211029869,2,9,0,7,7,1,4,0,0,0,0,0,0,0,1,1,6,6,2,29,6,1685,2,3,KIA SPORTAGE,7,E01029694,0,-1
2021430199162,2021,430199162,1,9,0,18,19,7,3,0,0,0,0,0,0,0,1,1,6,6,1,29,6,1995,2,6,KIA SPORTAGE,-1,-1,0,-1
2021622100266,2021,622100266,2,9,0,18,19,2,6,0,0,1,0,0,0,0,1,1,2,2,1,51,8,1685,2,5,KIA SPORTAGE,7,W01001953,0,-1
2021451034865,2021,451034865,1,9,0,13,13,7,3,0,0,1,5,0,0,0,1,1,6,6,1,44,7,1591,1,4,KIA SPORTAGE,7,E01030465,0,-1
2021440273231,2021,440273231,2,9,0,3,3,1,5,0,0,0,0,0,0,0,2,1,6,6,2,36,7,1995,2,5,KIA SPORTAGE,9,E01028179,0,-1
2021211076396,2021,211076396,1,9,0,18,19,4,8,0,0,1,0,0,0,0,1,1,5,6,1,64,9,1991,2,13,KIA SPORTAGE,-1,-1,0,-1
2021141086482,2021,141086482,2,9,0,18,19,5,5,0,0,0,0,0,0,0,3,1,5,6,1,41,7,1598,2,2,KIA SPORTAGE,5,E01011968,0,-1
20211381O1381,2021,1381O1381,2,9,0,18,19,3,8,0,0,8,0,0,0,0,4,1,6,6,2,24,5,1995,2,11,KIA SPORTAGE,5,E01007489,0,-1
2021320704418,2021,320704418,1,9,0,18,19,4,8,0,0,0,0,0,1,4,1,1,6,6,2,76,11,1995,2,7,KIA SPORTAGE,3,E01026075,0,-1
2021031033465,2021,031033465,1,9,0,18,19,5,1,0,0,0,5,0,1,11,1,1,5,6,1,64,9,1991,2,16,KIA SPORTAGE,-1,-1,0,-1
2021411029949,2021,411029949,1,9,0,9,9,2,6,0,0,2,0,0,0,0,3,1,3,7,1,37,7,1591,1,4,KIA SPORTAGE,7,E01023736,0,-1
2021161124701,2021,161124701,1,9,0,18,19,2,6,0,0,0,1,0,7,9,1,1,5,6,2,41,7,1591,1,2,KIA SPORTAGE,9,E01013052,0,-1
2021451096144,2021,451096144,1,9,0,4,4,5,1,0,0,0,0,0,0,0,2,1,5,6,1,41,7,1591,1,2,KIA SPORTAGE,3,E01002612,0,-1
2021991043007,2021,991043007,1,9,0,7,7,2,5,0,0,5,0,0,0,0,3,1,6,6,2,54,8,1995,2,5,KIA SPORTAGE,5,-1,0,-1
2021991016114,2021,991016114,1,9,0,18,19,3,7,0,0,0,1,0,1,4,1,1,2,2,1,67,10,1991,2,11,KIA SPORTAGE,6,-1,0,-1
2021161071081,2021,161071081,1,9,0,18,19,8,4,0,0,0,0,0,0,0,1,1,6,6,1,60,9,1591,1,10,KIA SPORTAGE,-1,-1,0,-1
2021161045063,2021,161045063,6,9,0,18,19,6,2,0,0,0,0,0,0,0,2,1,5,6,1,58,9,1591,1,2,KIA SPORTAGE,5,E01012769,0,-1
202163D057121,2021,63D057121,1,9,0,18,19,4,8,0,0,0,1,0,8,10,1,1,6,6,1,69,10,1591,1,6,KIA SPORTAGE,4,E01014025,0,-1
2021501121416,2021,501121416,2,9,0,18,19,3,7,0,0,8,0,0,0,0,1,1,6,6,1,66,10,1598,2,3,KIA SPORTAGE,5,E01020143,0,-1
2021991086594,2021,991086594,1,9,0,3,3,6,2,0,0,0,0,0,0,0,2,1,6,6,1,45,7,1591,1,2,KIA SPORTAGE,3,E01010070,0,-1
2021211070627,2021,211070627,2,9,0,2,2,0,0,0,0,0,0,0,0,0,2,1,6,6,2,-1,-1,1591,1,0,KIA SPORTAGE,9,E01029677,0,-1
202131B103821,2021,31B103821,1,9,0,6,6,6,6,8,6,0,0,0,0,0,3,1,6,6,1,31,6,1685,2,5,KIA SPORTAGE,9,E01032993,0,-1
2021010331828,2021,010331828,1,9,0,18,19,8,4,0,0,2,0,0,0,0,1,2,6,6,3,-1,-1,1598,8,0,KIA SPORTAGE,-1,-1,0,-1
2021411017368,2021,411017368,3,9,0,2,2,0,0,0,0,0,0,0,0,0,1,1,6,6,3,-1,-1,1991,2,14,KIA SPORTAGE,-1,-1,0,-1
2021122101106,2021,122101106,4,9,0,4,4,3,7,0,0,1,0,0,0,0,2,1,6,6,1,42,7,1685,2,7,KIA SPORTAGE,3,-1,0,-1
2021031092988,2021,031092988,2,9,0,5,5,4,8,0,0,6,0,0,0,0,3,1,6,6,2,32,6,1685,2,7,KIA SPORTAGE,-1,-1,0,-1
2021052101047,2021,052101047,1,9,0,7,7,1,2,0,0,8,0,0,1,0,1,1,6,6,1,49,8,1685,2,7,KIA SPORTAGE,5,E01006486,0,-1
2021131106202,2021,131106202,3,9,0,4,4,6,2,0,0,0,0,0,0,0,2,1,6,6,1,65,9,1591,1,1,KIA SPORTAGE,7,E01007002,0,-1
2021320385997,2021,320385997,3,9,0,2,2,0,0,0,0,0,5,0,0,0,2,1,6,6,2,56,9,1685,2,5,KIA SPORTAGE,-1,-1,0,-1
2021371137671,2021,371137671,1,9,0,18,19,7,3,0,0,0,0,0,0,0,1,1,1,1,1,46,8,1685,2,7,KIA SPORTAGE,6,E01030003,0,-1
2021211150491,2021,211150491,4,9,0,2,2,0,0,9,9,2,0,0,0,0,1,1,6,6,3,-1,-1,1591,1,0,KIA SPORTAGE,-1,-1,0,-1
2021052100849,2021,052100849,1,9,0,7,7,3,5,0,0,6,0,0,0,0,1,1,6,6,2,39,7,1591,1,8,KIA SPORTAGE,1,E01006569,0,-1
2021131069724,2021,131069724,2,9,0,18,19,3,7,0,0,0,0,0,1,10,4,1,5,6,1,44,7,1591,1,5,KIA SPORTAGE,4,E01010902,0,-1
2021411126920,2021,411126920,2,9,0,18,19,-1,-1,0,0,1,0,0,0,0,1,1,3,7,1,33,6,1591,1,3,KIA SPORTAGE,5,E01023535,0,-1
2021421031042,2021,421031042,2,9,0,18,19,8,5,0,0,5,0,0,0,0,1,2,2,2,2,35,6,1685,2,8,KIA SPORTAGE,2,E01015844,0,-1
2021320684059,2021,320684059,1,9,0,9,9,2,8,0,0,6,0,0,0,0,0,1,6,6,1,69,10,1995,2,7,KIA SPORTAGE,6,E01026411,0,-1
2021471106120,2021,471106120,1,9,0,5,5,1,4,0,0,4,0,0,0,0,1,1,2,2,2,57,9,1975,1,13,KIA SPORTAGE,4,E01031344,0,-1
2021010322399,2021,010322399,2,9,0,4,4,2,6,0,0,1,0,0,0,0,1,1,6,6,1,41,7,1598,8,0,KIA SPORTAGE,3,E01004182,0,-1
2021451062166,2021,451062166,1,9,0,18,19,2,3,0,0,0,0,4,0,0,1,1,5,6,2,65,9,1591,1,2,KIA SPORTAGE,5,E01030459,0,-1
2021430511643,2021,430511643,1,9,0,14,14,5,1,0,0,0,0,0,0,0,1,1,6,6,1,66,10,1591,1,8,KIA SPORTAGE,10,E01028719,0,-1
2021031097909,2021,031097909,1,9,0,5,5,7,2,0,0,2,0,0,0,0,1,1,5,6,1,52,8,1591,1,1,KIA SPORTAGE,1,E01019295,0,-1
2021010318804,2021,010318804,2,9,0,10,10,7,4,0,0,8,0,0,0,0,1,1,6,6,1,45,7,1591,1,7,KIA SPORTAGE,10,E01000841,0,-1
2021138261544,2021,138261544,1,9,0,3,3,8,4,0,0,0,0,0,0,0,2,1,6,6,2,38,7,1685,2,4,KIA SPORTAGE,2,E01011224,0,-1
2021010315371,2021,010315371,2,9,0,2,2,0,0,9,9,0,0,0,0,0,1,1,6,6,3,-1,-1,1685,2,10,KIA SPORTAGE,-1,-1,0,-1
2021501086202,2021,501086202,2,9,0,18,19,5,1,0,0,2,0,0,0,0,3,1,5,6,2,36,7,1591,1,0,KIA SPORTAGE,5,E01020084,0,-1
2021371130593,2021,371130593,1,9,0,18,19,5,1,0,0,0,5,0,0,0,1,1,5,6,2,33,6,1591,1,0,KIA SPORTAGE,5,E01026902,0,-1
2021520101514,2021,520101514,1,9,0,18,19,3,7,0,0,1,0,0,0,0,1,1,6,6,1,53,8,1598,2,2,KIA SPORTAGE,5,E01029185,0,-1
2021522200256,2021,522200256,1,9,0,18,19,4,8,0,0,0,0,0,1,2,3,1,6,6,1,41,7,1591,1,5,KIA SPORTAGE,9,E01014918,0,-1
2021161122370,2021,161122370,2,9,0,18,19,8,4,0,0,8,0,0,0,0,1,1,6,6,1,53,8,1995,2,7,KIA SPORTAGE,9,E01013016,0,-1
2021052100124,2021,052100124,1,9,0,18,19,1,5,0,0,8,0,0,0,0,1,1,6,6,2,46,8,1591,1,6,KIA SPORTAGE,1,E01006445,0,-1
2021451036967,2021,451036967,1,9,0,2,2,0,0,0,0,0,0,0,0,0,3,1,2,2,2,43,7,1995,2,8,KIA SPORTAGE,5,E01030310,0,-1
2021161116780,2021,161116780,1,9,0,18,19,5,1,0,0,4,1,0,3,0,1,1,6,6,1,85,11,1991,2,16,KIA SPORTAGE,8,E01013264,0,-1
2021451046589,2021,451046589,2,9,0,7,7,5,3,0,0,7,0,0,2,0,1,1,5,6,2,36,7,1591,1,9,KIA SPORTAGE,10,E01030868,0,-1
2021070280246,2021,070280246,2,9,0,5,5,6,2,0,0,0,0,0,0,0,2,1,6,6,2,51,8,1685,2,6,KIA SPORTAGE,10,E01018407,0,-1
2021411124499,2021,411124499,1,9,0,18,19,4,8,0,0,0,0,0,0,0,1,1,6,6,2,55,8,1685,2,7,KIA SPORTAGE,10,E01023768,0,-1
2021461081273,2021,461081273,1,9,0,9,9,8,4,0,0,6,0,0,0,0,1,1,6,6,2,75,10,1591,1,0,KIA SPORTAGE,3,E01000403,0,-1
202163C017521,2021,63C017521,2,9,0,4,4,2,6,0,0,0,0,0,0,0,2,1,6,6,1,69,10,1591,1,3,KIA SPORTAGE,3,W01000608,0,-1
2021221030189,2021,221030189,1,9,0,9,9,4,1,0,0,5,0,0,0,0,0,1,5,6,1,34,6,1685,2,6,KIA SPORTAGE,7,E01028899,0,-1
2021361018312,2021,361018312,1,9,0,17,19,7,2,0,0,0,5,0,1,9,4,1,2,2,1,49,8,1685,2,6,KIA SPORTAGE,6,E01026475,0,-1
2021461088329,2021,461088329,2,9,0,18,19,1,5,0,0,0,0,0,0,0,2,1,5,6,2,42,7,1995,2,10,KIA SPORTAGE,8,E01023989,0,-1
2021522101832,2021,522101832,1,9,0,10,10,8,6,0,0,1,0,0,0,0,4,1,6,6,2,30,6,1991,2,13,KIA SPORTAGE,2,E01014661,0,-1
2021010303254,2021,010303254,1,9,0,4,4,3,7,0,0,2,0,0,0,0,2,1,6,6,2,54,8,1991,2,12,KIA SPORTAGE,4,E01001418,0,-1
2021170H10141,2021,170H10141,1,9,0,18,19,8,4,0,0,8,0,0,0,0,3,1,6,6,1,49,8,1591,1,8,KIA SPORTAGE,1,E01033471,0,-1
2021991067660,2021,991067660,1,9,0,4,4,2,7,0,0,1,0,0,0,0,1,1,6,6,1,66,10,1991,2,11,KIA SPORTAGE,1,-1,0,-1
2021421089110,2021,421089110,2,9,0,18,19,2,6,0,0,0,0,0,0,0,2,1,5,6,2,26,6,1598,8,0,KIA SPORTAGE,3,E01021641,0,-1
2021991024863,2021,991024863,1,9,0,5,5,2,6,0,0,6,0,0,0,0,4,1,5,6,2,45,7,1591,1,6,KIA SPORTAGE,4,-1,0,-1
2021371145107,2021,371145107,1,9,0,5,5,4,8,0,0,1,0,0,0,0,3,1,5,6,2,42,7,1591,1,1,KIA SPORTAGE,9,E01029893,0,-1
2021430399007,2021,430399007,1,9,0,18,19,8,4,0,0,8,0,0,0,0,3,1,6,6,2,45,7,1591,1,2,KIA SPORTAGE,4,E01016573,0,-1
2021411054517,2021,411054517,1,9,0,4,4,5,1,0,0,1,0,0,0,0,4,1,5,6,2,41,7,1685,2,10,KIA SPORTAGE,6,E01023390,0,-1
2021010342175,2021,010342175,1,9,0,7,7,1,3,0,0,1,0,0,0,0,0,2,6,6,1,38,7,1591,1,3,KIA SPORTAGE,2,E01004364,0,-1
2021061110578,2021,061110578,2,9,0,3,3,8,4,0,0,1,0,0,0,0,2,1,2,2,1,32,6,1685,2,7,KIA SPORTAGE,5,E01005002,0,-1
2021302100669,2021,302100669,2,9,0,17,19,5,1,0,0,0,1,0,1,9,3,1,6,6,1,73,10,1995,2,4,KIA SPORTAGE,8,E01029420,0,-1
2021501108230,2021,501108230,1,9,0,18,19,3,7,0,0,0,0,4,0,0,1,1,6,6,1,47,8,1685,2,6,KIA SPORTAGE,3,E01015085,0,-1
2021010326135,2021,010326135,2,9,0,9,9,1,7,0,0,1,0,0,0,0,1,1,6,6,1,47,8,1591,1,2,KIA SPORTAGE,9,E01002275,0,-1
2021543923921,2021,543923921,1,9,0,9,9,2,8,0,0,8,0,0,0,0,1,1,6,6,1,73,10,1995,2,6,KIA SPORTAGE,7,E01032699,0,-1
2021041022288,2021,041022288,1,9,0,18,19,5,1,9,9,1,0,0,7,11,1,1,5,6,2,62,9,1995,2,4,KIA SPORTAGE,5,E01019144,0,-1
2021131055253,2021,131055253,1,9,0,8,8,8,6,0,0,8,0,0,0,0,0,1,6,6,2,34,6,1995,2,9,KIA SPORTAGE,1,E01010609,0,-1
202131A035121,2021,31A035121,1,9,0,18,19,5,1,0,0,1,0,0,0,0,1,1,2,2,1,37,7,1991,2,12,KIA SPORTAGE,4,E01027957,0,-1
2021052100156,2021,052100156,4,9,0,18,19,5,1,0,0,0,0,0,0,0,0,1,6,6,1,-1,-1,1598,8,1,KIA SPORTAGE,2,E01006464,0,-1
2021451090207,2021,451090207,2,9,0,18,19,2,6,0,0,1,0,0,0,0,1,1,5,6,1,83,11,1591,1,3,KIA SPORTAGE,7,E01021025,0,-1
2021461108577,2021,461108577,1,9,0,18,19,1,5,0,0,1,0,0,0,0,1,1,2,2,2,28,6,1598,2,2,KIA SPORTAGE,7,E01024719,0,-1
2021991049391,2021,991049391,2,9,0,2,2,0,0,0,0,2,0,0,0,0,4,1,6,6,3,-1,-1,1591,1,5,KIA SPORTAGE,-1,-1,0,-1
2021010323063,2021,010323063,1,9,0,99,99,9,9,99,99,9,9,99,9,99,2,9,6,6,2,28,6,1995,2,4,KIA SPORTAGE,5,E01000268,0,-1
2021010344608,2021,010344608,4,9,0,9,9,7,5,0,0,6,0,0,0,0,1,1,6,6,2,56,9,1685,2,8,KIA SPORTAGE,7,E01002538,0,-1
2021401051686,2021,401051686,2,9,0,8,8,2,6,0,0,0,0,0,0,0,0,1,6,6,2,40,7,1685,2,5,KIA SPORTAGE,10,E01023768,0,-1
2021361045226,2021,361045226,1,9,0,-1,-1,-1,-1,-1,-1,0,-1,-1,-1,0,-1,1,6,6,2,49,8,1685,2,5,KIA SPORTAGE,4,E01026874,0,-1
2021221022396,2021,221022396,2,9,0,8,8,3,5,0,0,1,0,0,0,0,2,1,5,6,2,40,7,1591,1,0,KIA SPORTAGE,7,E01028950,0,-1
2021061028373,2021,061028373,1,9,0,18,19,3,7,0,0,8,0,0,0,0,1,1,6,6,3,30,6,1685,2,6,KIA SPORTAGE,-1,-1,0,-1
2021411110187,2021,411110187,2,9,0,8,8,3,1,0,0,0,0,0,0,0,1,1,6,6,1,62,9,1685,2,4,KIA SPORTAGE,7,E01023871,0,-1
2021131106069,2021,131106069,1,9,0,18,19,1,5,0,0,0,5,10,1,11,1,1,6,6,1,73,10,1995,2,5,KIA SPORTAGE,8,E01005155,0,-1
2021010292931,2021,010292931,1,9,0,99,99,9,9,99,99,0,9,99,9,99,2,9,2,2,1,33,6,1591,1,3,KIA SPORTAGE,1,E01033701,0,-1
2021010305874,2021,010305874,2,9,0,99,99,9,9,99,99,9,9,99,9,99,9,9,6,6,3,29,6,1591,1,6,KIA SPORTAGE,10,E01023657,0,-1
202163A009921,2021,63A009921,2,9,0,4,4,4,8,0,0,0,0,0,0,0,2,1,6,6,2,49,8,1995,2,7,KIA SPORTAGE,8,W01000663,0,-1
2021010302651,2021,010302651,2,9,0,99,99,9,9,99,99,9,9,99,9,99,2,9,6,6,3,-1,-1,1685,2,6,KIA SPORTAGE,-1,-1,0,-1
2021302100266,2021,302100266,2,9,0,9,9,6,2,0,0,4,0,0,0,0,2,1,6,6,1,29,6,1591,1,3,KIA SPORTAGE,9,E01033534,0,-1
2021451029597,2021,451029597,2,9,0,5,5,1,5,0,0,6,0,0,0,0,1,1,6,6,2,50,8,1591,1,1,KIA SPORTAGE,10,E01030435,0,-1
2021991105069,2021,991105069,2,9,0,18,19,7,3,0,0,8,2,0,7,0,4,1,5,6,2,58,9,1591,1,4,KIA SPORTAGE,3,-1,0,-1
2021041080869,2021,041080869,2,9,0,18,19,5,1,0,0,1,0,0,1,0,2,1,6,6,1,33,6,1591,1,0,KIA SPORTAGE,1,E01025181,0,-1
2021440456133,2021,440456133,1,9,0,3,3,2,6,0,0,8,0,0,0,0,0,1,6,6,1,53,8,1591,1,1,KIA SPORTAGE,4,E01023068,0,-1
2021421030183,2021,421030183,1,9,0,5,5,5,1,0,0,1,0,0,0,0,1,1,6,6,1,65,9,1995,2,3,KIA SPORTAGE,6,E01021509,0,-1
2021320584026,2021,320584026,2,9,0,4,4,5,2,0,0,0,0,0,7,0,2,1,6,6,2,46,8,1591,1,1,KIA SPORTAGE,6,E01026260,0,-1
2021451107464,2021,451107464,4,9,0,2,2,0,0,0,0,0,0,0,0,0,0,1,3,7,2,45,7,1591,1,0,KIA SPORTAGE,5,E01030739,0,-1
2021440498761,2021,440498761,1,9,0,9,9,4,2,0,0,6,0,0,0,0,3,1,6,6,1,69,10,1591,1,1,KIA SPORTAGE,10,E01022704,0,-1
2021122101041,2021,122101041,1,9,0,18,19,2,6,0,0,0,0,0,1,0,1,1,2,2,2,22,5,1685,2,6,KIA SPORTAGE,8,E01006281,0,-1
2021622100197,2021,622100197,1,9,0,9,9,2,8,0,0,1,0,0,0,0,1,1,6,6,2,31,6,1591,1,0,KIA SPORTAGE,1,W01000981,0,-1
2021041107965,2021,041107965,2,9,0,18,19,3,7,0,0,0,0,0,0,0,2,1,5,6,1,39,7,1685,2,4,KIA SPORTAGE,3,E01024879,0,-1
2021302100236,2021,302100236,1,9,0,18,19,2,6,0,0,4,0,0,0,0,3,1,6,6,2,59,9,1995,2,8,KIA SPORTAGE,9,E01019631,0,-1
2021061072109,2021,061072109,2,9,0,18,19,7,1,0,0,0,0,0,0,0,3,1,6,6,1,72,10,1591,1,2,KIA SPORTAGE,1,E01005101,0,-1
2021010325078,2021,010325078,1,9,0,3,3,7,3,0,0,1,0,0,0,0,2,1,2,2,2,56,9,1995,2,5,KIA SPORTAGE,2,E01003601,0,-1
2021461076290,2021,461076290,2,9,0,10,10,8,4,0,0,1,0,0,0,0,2,1,2,2,2,62,9,1591,1,0,KIA SPORTAGE,4,E01016129,0,-1
2021010305541,2021,010305541,2,9,0,99,99,9,9,99,99,9,9,99,9,99,9,9,6,6,3,35,6,1591,1,2,KIA SPORTAGE,10,E01016184,0,-1
2021451060891,2021,451060891,1,9,0,9,9,1,5,0,0,8,0,0,0,0,1,1,5,6,2,60,9,1591,1,6,KIA SPORTAGE,10,E01030769,0,-1