collision_index,collision_year,collision_ref_no,vehicle_reference,vehicle_type,towing_and_articulation,vehicle_manoeuvre_historic,vehicle_manoeuvre,vehicle_direction_from,vehicle_direction_to,vehicle_location_restricted_lane_historic,vehicle_location_restricted_lane,junction_location,skidding_and_overturning,hit_object_in_carriageway,vehicle_leaving_carriageway,hit_object_off_carriageway,first_point_of_impact,vehicle_left_hand_drive,journey_purpose_of_driver_historic,journey_purpose_of_driver,sex_of_driver,age_of_driver,age_band_of_driver,engine_capacity_cc,propulsion_code,age_of_vehicle,generic_make_model,driver_imd_decile,lsoa_of_driver,escooter_flag,driver_distance_banding
2021471026002,2021,471026002,2,9,0,17,19,4,1,0,0,8,1,0,7,0,3,1,2,2,2,54,8,1999,2,5,LAND ROVER RANGE ROVER EVOQUE,5,E01021089,0,-1
2021552101300,2021,552101300,2,9,0,18,19,8,6,0,0,8,0,0,0,0,4,1,6,6,1,71,10,2179,2,9,LAND ROVER RANGE ROVER EVOQUE,9,E01020404,0,-1
2021461084123,2021,461084123,1,9,0,18,19,1,5,0,0,0,0,0,0,0,1,1,6,6,1,-1,-1,2179,2,7,LAND ROVER RANGE ROVER EVOQUE,-1,-1,0,-1
2021543063221,2021,543063221,2,9,0,18,19,8,4,0,0,0,0,0,0,0,1,1,6,6,2,41,7,2179,2,6,LAND ROVER RANGE ROVER EVOQUE,7,E01031976,0,-1
2021371064663,2021,371064663,1,9,0,18,19,8,4,0,0,1,0,0,0,0,1,1,6,6,1,21,5,2179,2,8,LAND ROVER RANGE ROVER EVOQUE,4,E01029950,0,-1
2021421071339,2021,421071339,2,9,0,3,3,8,4,0,0,1,0,0,0,0,2,1,5,6,2,58,9,1999,2,4,LAND ROVER RANGE ROVER EVOQUE,9,E01021397,0,-1
2021371058710,2021,371058710,1,9,0,18,19,8,4,0,0,1,0,0,0,0,1,1,5,6,2,26,6,1999,2,5,LAND ROVER RANGE ROVER EVOQUE,8,E01029890,0,-1
2021010336328,2021,010336328,1,9,0,18,19,3,7,0,0,8,0,0,0,0,1,1,6,6,1,41,7,1999,2,4,LAND ROVER RANGE ROVER EVOQUE,-1,-1,0,-1
2021141056484,2021,141056484,2,9,0,18,19,7,3,0,0,8,0,0,0,0,1,1,1,1,2,30,6,1999,2,1,LAND ROVER RANGE ROVER EVOQUE,6,E01008040,0,-1
2021421063050,2021,421063050,1,9,0,9,9,4,1,0,0,2,0,0,0,0,4,1,6,6,2,29,6,2179,2,6,LAND ROVER RANGE ROVER EVOQUE,5,E01021297,0,-1
2021451127019,2021,451127019,2,9,0,18,19,7,3,0,0,1,0,0,1,0,1,1,5,6,2,53,8,2179,2,8,LAND ROVER RANGE ROVER EVOQUE,10,E01030780,0,-1
2021010292804,2021,010292804,2,9,0,18,19,1,5,0,0,1,0,0,0,0,1,1,1,1,1,30,6,2179,2,6,LAND ROVER RANGE ROVER EVOQUE,5,E01024281,0,-1
2021010329468,2021,010329468,2,9,0,99,99,9,9,99,99,0,9,99,9,99,1,9,6,6,3,29,6,2179,2,8,LAND ROVER RANGE ROVER EVOQUE,-1,-1,0,-1
2021361085717,2021,361085717,1,9,0,12,12,1,5,0,0,0,0,0,0,0,1,1,5,6,1,60,9,1999,2,3,LAND ROVER RANGE ROVER EVOQUE,8,E01017695,0,-1
2021010333716,2021,010333716,2,9,0,9,9,4,1,0,0,0,0,0,0,0,3,1,6,6,2,31,6,1999,2,1,LAND ROVER RANGE ROVER EVOQUE,10,E01000357,0,-1
2021122200067,2021,122200067,1,9,0,18,19,2,6,0,0,8,0,0,0,0,3,1,6,6,2,58,9,1999,2,3,LAND ROVER RANGE ROVER EVOQUE,8,E01027627,0,-1
2021010304811,2021,010304811,3,9,0,2,2,0,0,0,0,0,0,0,0,0,2,1,6,6,3,-1,-1,1999,2,6,LAND ROVER RANGE ROVER EVOQUE,-1,-1,0,-1
2021131115105,2021,131115105,1,9,0,6,6,7,1,0,0,0,0,0,0,0,1,1,5,6,2,37,7,2179,2,9,LAND ROVER RANGE ROVER EVOQUE,1,E01011366,0,-1
2021141029611,2021,141029611,2,9,0,13,13,6,2,0,0,0,0,0,0,0,4,1,6,6,2,-1,-1,1999,2,1,LAND ROVER RANGE ROVER EVOQUE,7,E01007972,0,-1
2021421023781,2021,421023781,1,9,0,18,19,1,4,0,0,2,0,0,0,0,1,1,6,6,2,35,6,1999,2,3,LAND ROVER RANGE ROVER EVOQUE,-1,-1,0,-1
2021361143698,2021,361143698,1,9,0,9,9,5,2,0,0,8,0,0,0,0,3,1,5,6,2,60,9,2179,2,6,LAND ROVER RANGE ROVER EVOQUE,1,E01026848,0,-1
2021010328443,2021,010328443,1,9,0,5,5,5,1,0,0,0,0,4,0,0,1,1,6,6,2,46,8,2179,2,9,LAND ROVER RANGE ROVER EVOQUE,2,E01000386,0,-1
2021141092714,2021,141092714,1,9,0,18,19,6,2,0,0,8,0,0,0,0,1,1,5,6,1,68,10,1999,2,4,LAND ROVER RANGE ROVER EVOQUE,2,E01007847,0,-1
202131A175021,2021,31A175021,2,9,0,10,10,6,2,0,0,1,0,0,0,0,2,1,6,6,1,31,6,2179,2,7,LAND ROVER RANGE ROVER EVOQUE,1,E01027965,0,-1
2021101091842,2021,101091842,3,9,0,18,19,5,1,0,0,0,0,0,0,0,2,1,5,6,2,55,8,1999,2,2,LAND ROVER RANGE ROVER EVOQUE,9,E01008799,0,-1
2021122100999,2021,122100999,2,9,0,4,4,1,5,0,0,0,0,0,0,0,3,1,6,6,1,75,10,1999,2,2,LAND ROVER RANGE ROVER EVOQUE,9,E01025319,0,-1
2021231069008,2021,231069008,1,9,0,18,19,4,8,0,0,0,0,0,0,0,1,1,6,6,2,54,8,1999,2,4,LAND ROVER RANGE ROVER EVOQUE,-1,-1,0,-1
2021131072132,2021,131072132,3,9,0,2,2,0,0,0,0,0,0,4,0,0,1,1,6,6,3,-1,-1,2179,2,8,LAND ROVER RANGE ROVER EVOQUE,-1,-1,0,-1
2021010316070,2021,010316070,1,9,0,9,9,7,5,0,0,5,0,0,0,0,1,1,6,6,1,25,5,1999,2,3,LAND ROVER RANGE ROVER EVOQUE,-1,-1,0,-1
2021320266550,2021,320266550,1,9,0,14,14,6,2,0,0,1,0,0,0,0,4,1,6,6,1,57,9,1999,2,2,LAND ROVER RANGE ROVER EVOQUE,4,E01026259,0,-1
2021461073608,2021,461073608,2,9,0,2,2,0,0,0,0,1,0,0,0,0,3,1,6,6,1,51,8,1999,2,2,LAND ROVER RANGE ROVER EVOQUE,6,E01018190,0,-1
2021401083261,2021,401083261,2,9,0,10,10,1,3,0,0,1,0,0,0,0,2,1,5,6,2,59,9,1999,2,1,LAND ROVER RANGE ROVER EVOQUE,10,E01017572,0,-1
2021320200407,2021,320200407,2,9,0,18,19,8,4,0,0,8,1,0,7,0,3,1,6,6,1,61,9,1999,2,4,LAND ROVER RANGE ROVER EVOQUE,4,E01026183,0,-1
202134WNC3961,2021,34WNC3961,1,9,0,11,11,1,5,0,0,3,0,0,1,10,4,1,6,6,2,35,6,1999,2,3,LAND ROVER RANGE ROVER EVOQUE,10,E01027280,0,-1
2021451045757,2021,451045757,1,9,0,4,4,1,5,0,0,4,0,0,0,0,1,1,6,6,2,38,7,2179,2,6,LAND ROVER RANGE ROVER EVOQUE,7,E01030826,0,-1
2021411086184,2021,411086184,1,9,0,18,19,2,6,0,0,1,0,0,0,0,3,1,5,6,1,64,9,2179,2,6,LAND ROVER RANGE ROVER EVOQUE,7,E01023663,0,-1
2021010312089,2021,010312089,1,9,0,5,5,3,7,0,0,8,0,0,0,0,1,1,6,6,1,25,5,1997,1,0,LAND ROVER RANGE ROVER EVOQUE,3,E01002909,0,-1
2021131034235,2021,131034235,1,9,0,18,19,1,5,0,0,0,0,0,0,0,1,1,6,6,3,-1,-1,2179,2,10,LAND ROVER RANGE ROVER EVOQUE,-1,-1,0,-1
2021010340986,2021,010340986,1,9,0,99,99,9,9,99,99,9,9,99,9,99,1,9,6,6,2,41,7,1999,2,5,LAND ROVER RANGE ROVER EVOQUE,6,E01003273,0,-1
2021170H10201,2021,170H10201,1,9,0,4,4,6,2,0,0,1,0,0,0,0,2,1,6,6,1,54,8,2179,2,8,LAND ROVER RANGE ROVER EVOQUE,2,E01011949,0,-1
2021010318257,2021,010318257,2,9,0,18,19,5,1,0,0,4,0,0,0,0,3,1,6,6,2,49,8,2179,2,7,LAND ROVER RANGE ROVER EVOQUE,-1,-1,0,-1
2021170M10311,2021,170M10311,1,9,0,4,4,4,8,0,0,1,0,0,0,0,2,1,6,6,2,21,5,1999,2,5,LAND ROVER RANGE ROVER EVOQUE,10,E01012183,0,-1
2021122100192,2021,122100192,2,9,0,9,9,1,7,0,0,5,0,0,0,0,3,1,6,6,2,54,8,1999,2,3,LAND ROVER RANGE ROVER EVOQUE,8,E01033066,0,-1
2021131099642,2021,131099642,7,9,0,18,19,5,1,0,0,0,0,0,0,0,1,1,5,6,1,61,9,2179,2,7,LAND ROVER RANGE ROVER EVOQUE,1,E01019444,0,-1
2021991054617,2021,991054617,1,9,0,18,19,3,6,0,0,0,0,0,0,0,1,1,6,6,2,71,10,2179,2,6,LAND ROVER RANGE ROVER EVOQUE,10,-1,0,-1
2021010343703,2021,010343703,1,9,0,99,99,9,9,0,0,0,0,0,0,0,0,9,6,6,2,40,7,2179,2,6,LAND ROVER RANGE ROVER EVOQUE,2,E01002314,0,-1
2021421031085,2021,421031085,1,9,0,1,1,3,7,9,9,0,0,0,0,0,2,1,3,7,2,55,8,1999,2,3,LAND ROVER RANGE ROVER EVOQUE,5,E01015859,0,-1
2021361042628,2021,361042628,1,9,0,9,9,2,7,0,0,8,0,0,0,0,4,1,5,6,2,52,8,1999,2,5,LAND ROVER RANGE ROVER EVOQUE,7,E01026627,0,-1
2021010349159,2021,010349159,3,9,0,2,2,0,0,0,0,1,0,0,0,0,1,1,6,6,3,-1,-1,2179,2,8,LAND ROVER RANGE ROVER EVOQUE,-1,-1,0,-1
2021461048210,2021,461048210,2,9,0,18,19,4,8,0,0,0,0,0,0,0,3,1,3,7,2,32,6,2179,2,8,LAND ROVER RANGE ROVER EVOQUE,5,E01024640,0,-1
2021010325562,2021,010325562,1,9,0,99,99,9,9,99,99,9,9,99,9,99,1,9,6,6,2,32,6,2179,2,9,LAND ROVER RANGE ROVER EVOQUE,4,E01004015,0,-1
2021111064046,2021,111064046,2,9,0,18,19,5,1,0,0,0,0,0,0,0,3,1,5,6,2,49,8,2179,2,8,LAND ROVER RANGE ROVER EVOQUE,5,-1,0,-1
2021061079661,2021,061079661,3,9,0,18,19,2,6,0,0,0,1,0,0,0,4,1,5,6,2,35,6,1999,2,2,LAND ROVER RANGE ROVER EVOQUE,8,E01005335,0,-1
2021111080180,2021,111080180,2,9,0,18,19,2,4,0,0,8,0,0,0,0,3,1,6,6,2,31,6,1998,2,0,LAND ROVER RANGE ROVER EVOQUE,5,E01020620,0,-1
2021371033113,2021,371033113,1,9,0,18,19,2,6,0,0,0,0,0,0,0,1,1,5,6,1,31,6,1999,2,3,LAND ROVER RANGE ROVER EVOQUE,9,E01030107,0,-1
2021221097946,2021,221097946,2,9,0,18,19,1,5,0,0,0,0,0,0,0,4,1,5,6,1,50,8,1999,2,2,LAND ROVER RANGE ROVER EVOQUE,2,E01032450,0,-1
20211383S1188,2021,1383S1188,2,9,0,18,19,1,5,0,0,1,0,0,0,1,3,1,6,6,2,58,9,1999,2,2,LAND ROVER RANGE ROVER EVOQUE,7,E01010973,0,-1
2021401059581,2021,401059581,1,9,0,5,5,-1,-1,8,6,6,0,0,0,0,4,1,6,6,2,61,9,1999,2,4,LAND ROVER RANGE ROVER EVOQUE,10,E01017392,0,-1
2021041113391,2021,041113391,2,9,0,4,4,5,1,0,0,0,0,0,0,0,2,1,2,2,2,66,10,1999,2,4,LAND ROVER RANGE ROVER EVOQUE,10,E01007191,0,-1
2021421069123,2021,421069123,2,9,0,9,9,6,2,0,0,6,0,0,0,0,1,1,6,6,1,37,7,2179,2,8,LAND ROVER RANGE ROVER EVOQUE,7,E01021538,0,-1
202131C117821,2021,31C117821,2,9,0,18,19,4,8,0,0,0,0,0,0,0,1,1,6,6,2,29,6,1999,2,5,LAND ROVER RANGE ROVER EVOQUE,1,E01013810,0,-1
2021041024782,2021,041024782,2,9,0,18,19,5,1,0,0,1,0,0,0,0,2,1,6,6,2,22,5,1999,2,6,LAND ROVER RANGE ROVER EVOQUE,9,E01024994,0,-1
2021101055229,2021,101055229,1,9,0,18,19,4,7,0,0,0,0,0,0,0,1,1,6,6,2,45,7,1999,2,1,LAND ROVER RANGE ROVER EVOQUE,9,E01027521,0,-1
2021361078299,2021,361078299,1,9,0,2,2,3,3,0,0,8,0,0,0,0,2,1,6,6,3,-1,-1,2179,2,6,LAND ROVER RANGE ROVER EVOQUE,-1,-1,0,-1
2021010315193,2021,010315193,2,9,0,18,19,2,6,0,0,1,0,4,0,0,4,1,6,6,1,29,6,1999,2,2,LAND ROVER RANGE ROVER EVOQUE,3,E01003096,0,-1
2021010339755,2021,010339755,2,9,0,9,9,1,6,0,0,1,0,0,0,0,1,1,3,7,2,39,7,1997,1,0,LAND ROVER RANGE ROVER EVOQUE,5,E01004579,0,-1
2021221036645,2021,221036645,2,9,0,4,4,5,1,0,0,0,0,0,0,0,2,1,5,6,2,41,7,1999,2,1,LAND ROVER RANGE ROVER EVOQUE,7,E01032130,0,-1
2021041021942,2021,041021942,1,9,0,5,5,1,1,0,0,4,0,0,0,0,1,1,6,6,2,37,7,2179,2,9,LAND ROVER RANGE ROVER EVOQUE,10,E01025337,0,-1
2021070302255,2021,070302255,1,9,0,4,4,3,7,0,0,1,0,0,0,0,2,1,6,6,2,29,6,1498,8,0,LAND ROVER RANGE ROVER EVOQUE,9,E01012568,0,-1
2021141096256,2021,141096256,1,9,0,9,9,5,3,0,0,6,0,0,1,0,1,1,2,2,2,30,6,1999,2,1,LAND ROVER RANGE ROVER EVOQUE,4,E01011839,0,-1
2021461071122,2021,461071122,2,9,0,7,7,4,8,0,0,5,0,0,0,0,2,1,6,6,2,28,6,1999,2,4,LAND ROVER RANGE ROVER EVOQUE,8,E01024235,0,-1
2021010310310,2021,010310310,1,9,0,5,5,1,5,0,0,1,0,0,0,0,4,1,6,6,1,41,7,1999,2,4,LAND ROVER RANGE ROVER EVOQUE,2,E01001333,0,-1
2021501025187,2021,501025187,1,9,0,7,7,1,5,0,0,1,0,0,0,0,1,1,5,6,1,55,8,2179,2,10,LAND ROVER RANGE ROVER EVOQUE,4,E01018908,0,-1
2021221015860,2021,221015860,2,9,0,9,9,3,1,0,0,8,0,0,0,0,4,1,5,6,2,44,7,2179,2,8,LAND ROVER RANGE ROVER EVOQUE,10,E01022455,0,-1
2021010298908,2021,010298908,1,9,0,18,19,3,7,0,0,8,0,0,0,0,4,2,2,2,1,36,7,1999,2,5,LAND ROVER RANGE ROVER EVOQUE,3,E01004066,0,-1
2021991102647,2021,991102647,2,9,0,3,3,8,6,0,0,6,0,0,0,0,2,1,6,6,2,26,6,1999,2,2,LAND ROVER RANGE ROVER EVOQUE,7,-1,0,-1
2021161076796,2021,161076796,1,9,0,5,5,6,2,0,0,6,0,0,0,0,1,1,5,6,2,23,5,2179,2,7,LAND ROVER RANGE ROVER EVOQUE,6,E01013085,0,-1
2021041107579,2021,041107579,1,9,0,2,2,0,0,9,9,1,0,0,0,0,0,1,5,6,1,52,8,2179,2,8,LAND ROVER RANGE ROVER EVOQUE,1,E01012673,0,-1
2021010294557,2021,010294557,1,9,0,5,5,0,5,0,0,0,0,0,0,0,1,1,6,6,1,44,7,1999,2,1,LAND ROVER RANGE ROVER EVOQUE,2,E01004539,0,-1
2021061084703,2021,061084703,2,9,0,18,19,1,3,0,0,8,0,0,0,0,1,1,6,6,2,40,7,1999,2,5,LAND ROVER RANGE ROVER EVOQUE,4,E01005286,0,-1
2021501029416,2021,501029416,5,9,0,4,4,3,7,0,0,1,0,0,0,0,2,1,6,6,2,46,8,2179,2,6,LAND ROVER RANGE ROVER EVOQUE,2,E01020280,0,-1
2021131083827,2021,131083827,2,9,0,2,2,1,1,0,0,8,0,0,0,0,1,1,6,6,1,42,7,2179,2,9,LAND ROVER RANGE ROVER EVOQUE,1,E01010620,0,-1
2021010328038,2021,010328038,1,9,0,16,19,5,1,0,0,0,2,0,0,0,3,1,6,6,1,27,6,1999,2,4,LAND ROVER RANGE ROVER EVOQUE,4,E01028164,0,-1
2021991070226,2021,991070226,2,9,0,12,12,4,7,0,0,0,0,0,0,0,2,1,5,6,2,31,6,1999,2,3,LAND ROVER RANGE ROVER EVOQUE,6,-1,0,-1
2021201116408,2021,201116408,2,9,0,18,19,7,3,0,0,8,0,0,0,0,3,1,6,6,1,21,5,2179,2,7,LAND ROVER RANGE ROVER EVOQUE,3,E01010336,0,-1
2021010341581,2021,010341581,2,9,0,3,3,3,7,0,0,1,0,0,0,0,0,1,2,2,2,28,6,1498,8,0,LAND ROVER RANGE ROVER EVOQUE,3,E01001373,0,-1
2021070259110,2021,070259110,2,9,0,5,5,7,2,0,0,4,0,0,0,0,1,1,6,6,2,47,8,1999,2,1,LAND ROVER RANGE ROVER EVOQUE,9,E01012562,0,-1
2021302101412,2021,302101412,2,9,0,18,19,6,2,0,0,0,0,0,0,0,4,1,6,6,1,39,7,2179,2,8,LAND ROVER RANGE ROVER EVOQUE,7,E01010317,0,-1
2021201023300,2021,201023300,1,9,0,18,19,2,6,0,0,2,0,0,0,0,4,1,2,2,2,45,7,2179,2,8,LAND ROVER RANGE ROVER EVOQUE,-1,-1,0,-1
2021501120933,2021,501120933,2,9,0,3,3,3,7,0,0,0,0,0,0,0,2,1,6,6,2,43,7,1999,2,5,LAND ROVER RANGE ROVER EVOQUE,5,E01015092,0,-1
2021010300533,2021,010300533,1,9,0,18,19,3,7,0,0,9,0,0,0,0,9,9,6,6,2,62,9,1999,2,3,LAND ROVER RANGE ROVER EVOQUE,4,E01030749,0,-1
2021440349914,2021,440349914,1,9,0,1,1,1,5,0,0,6,0,0,0,0,2,2,6,6,2,58,9,2179,2,9,LAND ROVER RANGE ROVER EVOQUE,7,E01022797,0,-1
2021041107148,2021,041107148,1,9,0,9,9,5,8,0,0,6,0,0,0,0,1,1,6,6,2,32,6,1999,2,2,LAND ROVER RANGE ROVER EVOQUE,8,E01012581,0,-1
2021461019522,2021,461019522,2,9,0,18,19,3,7,0,0,0,0,0,0,0,1,1,5,6,1,59,9,1999,2,5,LAND ROVER RANGE ROVER EVOQUE,8,E01024055,0,-1
2021201137574,2021,201137574,1,9,0,9,9,6,4,0,0,6,0,0,0,0,1,1,2,2,2,65,9,1999,2,1,LAND ROVER RANGE ROVER EVOQUE,4,E01010510,0,-1
2021471101741,2021,471101741,1,9,0,18,19,2,6,0,0,0,0,0,0,0,4,1,5,6,1,80,11,1999,2,3,LAND ROVER RANGE ROVER EVOQUE,6,E01031479,0,-1
2021141079503,2021,141079503,2,9,0,18,19,2,6,0,0,2,0,0,0,0,2,1,5,6,1,55,8,2179,2,8,LAND ROVER RANGE ROVER EVOQUE,8,E01019806,0,-1
2021421045640,2021,421045640,3,9,0,18,19,2,4,0,0,0,1,0,0,0,1,1,6,6,1,52,8,1997,1,2,LAND ROVER RANGE ROVER EVOQUE,8,E01000370,0,-1
202134WNC2351,2021,34WNC2351,2,9,0,2,2,0,0,0,0,0,0,0,0,0,1,1,6,6,1,55,8,1999,2,2,LAND ROVER RANGE ROVER EVOQUE,8,E01032974,0,-1
2021052100520,2021,052100520,2,9,0,4,4,7,3,0,0,0,0,0,0,0,2,1,6,6,2,38,7,1999,2,4,LAND ROVER RANGE ROVER EVOQUE,1,E01007051,0,-1
2021010348944,2021,010348944,2,9,0,99,99,9,9,99,99,0,9,99,9,99,0,9,6,6,1,49,8,1999,2,5,LAND ROVER RANGE ROVER EVOQUE,2,E01001014,0,-1
2021010350930,2021,010350930,1,9,0,4,4,7,3,0,0,1,0,0,0,0,1,1,2,2,2,48,8,1999,2,5,LAND ROVER RANGE ROVER EVOQUE,6,E01001070,0,-1
2021061048030,2021,061048030,3,9,0,18,19,7,3,0,0,0,0,0,0,0,2,1,6,6,2,32,6,1999,2,4,LAND ROVER RANGE ROVER EVOQUE,2,E01025157,0,-1
2021101104068,2021,101104068,2,9,0,18,19,7,3,0,0,8,0,0,0,0,1,1,6,6,2,38,7,1999,2,1,LAND ROVER RANGE ROVER EVOQUE,-1,-1,0,-1
2021010303259,2021,010303259,2,9,0,99,99,9,9,99,99,9,9,99,9,99,2,9,6,6,3,-1,-1,1997,1,0,LAND ROVER RANGE ROVER EVOQUE,6,E01000244,0,-1
2021010329602,2021,010329602,1,9,0,99,99,9,9,99,99,0,9,99,9,99,9,9,6,6,2,46,8,2179,2,8,LAND ROVER RANGE ROVER EVOQUE,1,E01004541,0,-1
202163D090821,2021,63D090821,1,9,0,17,19,3,8,0,0,0,1,0,7,10,3,1,6,6,1,28,6,1999,2,4,LAND ROVER RANGE ROVER EVOQUE,3,W01000454,0,-1
2021101018554,2021,101018554,1,9,0,5,5,6,6,0,0,4,0,0,0,0,1,1,6,6,1,33,6,1999,2,4,LAND ROVER RANGE ROVER EVOQUE,1,E01008542,0,-1
2021421030663,2021,421030663,1,9,0,1,1,2,6,0,0,1,0,0,0,0,2,1,6,6,2,29,6,1999,2,3,LAND ROVER RANGE ROVER EVOQUE,6,E01021758,0,-1
2021361097623,2021,361097623,2,9,0,2,2,8,4,0,0,0,0,4,0,0,2,1,6,6,3,-1,-1,1999,2,5,LAND ROVER RANGE ROVER EVOQUE,-1,-1,0,-1
2021411047581,2021,411047581,2,9,0,5,5,1,5,0,0,6,0,0,0,0,1,1,1,1,2,36,7,1999,2,2,LAND ROVER RANGE ROVER EVOQUE,-1,-1,0,-1
2021010312259,2021,010312259,1,9,0,9,9,7,5,0,0,0,0,0,0,0,1,9,6,6,2,30,6,1999,2,4,LAND ROVER RANGE ROVER EVOQUE,5,E01003946,0,-1
2021461075691,2021,461075691,2,9,0,18,19,5,1,0,0,0,0,0,0,0,2,1,6,6,2,46,8,1999,1,6,LAND ROVER RANGE ROVER EVOQUE,8,E01016119,0,-1
2021010316063,2021,010316063,1,9,0,4,4,5,1,0,0,2,0,0,0,0,2,1,6,6,1,-1,-1,1999,2,6,LAND ROVER RANGE ROVER EVOQUE,3,E01001045,0,-1
2021010343857,2021,010343857,2,9,9,12,12,1,5,0,0,3,9,0,0,0,9,9,6,6,1,-1,-1,2179,2,10,LAND ROVER RANGE ROVER EVOQUE,-1,-1,0,-1
202134WNC5281,2021,34WNC5281,1,9,0,9,9,3,1,0,0,8,0,0,0,0,1,1,3,7,2,44,7,1999,2,3,LAND ROVER RANGE ROVER EVOQUE,10,E01027205,0,-1
2021010322465,2021,010322465,1,9,0,99,99,9,9,99,99,9,9,99,9,99,2,9,6,6,2,36,7,1999,2,5,LAND ROVER RANGE ROVER EVOQUE,2,E01003321,0,-1
202154B674521,2021,54B674521,1,9,0,18,19,5,1,0,0,0,0,0,0,0,1,1,6,6,2,41,7,1999,2,6,LAND ROVER RANGE ROVER EVOQUE,2,E01015573,0,-1
2021302100225,2021,302100225,1,9,0,14,14,6,2,0,0,0,0,0,0,0,1,1,6,6,1,29,6,1999,2,5,LAND ROVER RANGE ROVER EVOQUE,6,E01019815,0,-1
202134WNC2531,2021,34WNC2531,3,9,0,18,19,1,5,0,0,2,0,11,0,0,1,1,2,2,1,38,7,1999,2,5,LAND ROVER RANGE ROVER EVOQUE,6,E01023932,0,-1
2021010329290,2021,010329290,1,9,0,99,99,9,9,99,99,9,9,99,9,99,2,9,6,6,1,36,7,1999,2,2,LAND ROVER RANGE ROVER EVOQUE,3,E01016005,0,-1
2021061047823,2021,061047823,1,9,0,18,19,3,7,0,0,0,0,0,0,0,3,1,6,6,2,45,7,2179,2,8,LAND ROVER RANGE ROVER EVOQUE,3,E01005215,0,-1
2021010305261,2021,010305261,2,9,9,99,99,9,9,99,99,9,9,99,9,99,9,9,6,6,2,-1,-1,1997,1,1,LAND ROVER RANGE ROVER EVOQUE,-1,-1,0,-1
2021552101140,2021,552101140,1,9,0,18,19,4,6,0,0,1,0,0,0,0,1,1,6,6,2,62,9,1999,2,5,LAND ROVER RANGE ROVER EVOQUE,10,E01023239,0,-1
2021010332981,2021,010332981,1,9,0,2,2,0,0,0,0,1,0,0,0,0,4,1,6,6,3,-1,-1,2179,2,8,LAND ROVER RANGE ROVER EVOQUE,-1,-1,0,-1
2021131124112,2021,131124112,1,9,0,18,19,5,1,9,9,8,0,0,2,0,1,1,6,6,3,-1,-1,2179,2,9,LAND ROVER RANGE ROVER EVOQUE,-1,-1,0,-1
2021430041495,2021,430041495,1,9,0,9,9,4,2,0,0,4,0,0,0,0,1,1,6,6,1,26,6,1999,2,5,LAND ROVER RANGE ROVER EVOQUE,8,E01016610,0,-1
2021461078995,2021,461078995,1,9,0,18,19,8,4,0,0,6,0,0,1,0,4,1,5,6,1,21,5,1999,2,4,LAND ROVER RANGE ROVER EVOQUE,4,E01000378,0,-1
2021421094012,2021,421094012,1,9,0,4,4,3,7,0,0,0,0,0,0,0,2,1,6,6,2,50,8,1999,2,5,LAND ROVER RANGE ROVER EVOQUE,-1,-1,0,-1
2021041052930,2021,041052930,1,9,0,4,4,3,7,0,0,0,0,0,0,0,2,1,5,6,1,29,6,2179,2,9,LAND ROVER RANGE ROVER EVOQUE,6,E01006221,0,-1
2021201031469,2021,201031469,3,9,0,3,3,2,6,0,0,1,0,0,0,0,2,1,6,6,2,33,6,1999,2,5,LAND ROVER RANGE ROVER EVOQUE,5,E01029345,0,-1
2021552100808,2021,552100808,2,9,0,18,19,8,4,0,0,0,0,0,0,0,1,1,6,6,1,74,10,1999,2,5,LAND ROVER RANGE ROVER EVOQUE,4,E01015365,0,-1
2021430479897,2021,430479897,2,9,0,18,19,5,1,0,0,8,0,0,0,0,3,1,6,6,2,56,9,1999,2,1,LAND ROVER RANGE ROVER EVOQUE,7,E01017705,0,-1
2021010337229,2021,010337229,2,9,0,99,99,9,9,99,99,5,9,99,9,99,9,9,6,6,2,-1,-1,1997,1,2,LAND ROVER RANGE ROVER EVOQUE,2,E01003057,0,-1
2021461078189,2021,461078189,1,9,0,18,19,5,1,0,0,2,0,0,0,0,3,1,5,6,1,52,8,2179,2,7,LAND ROVER RANGE ROVER EVOQUE,8,E01024760,0,-1
2021411090707,2021,411090707,1,9,0,18,19,7,3,0,0,1,0,0,0,0,1,1,1,1,2,53,8,2179,2,8,LAND ROVER RANGE ROVER EVOQUE,10,E01023911,0,-1
2021201091077,2021,201091077,1,9,0,18,19,7,3,0,0,2,0,0,0,0,3,1,6,6,1,57,9,2179,2,10,LAND ROVER RANGE ROVER EVOQUE,6,E01009496,0,-1
2021221106779,2021,221106779,2,9,0,4,4,6,2,0,0,2,0,0,0,0,2,1,2,2,2,30,6,2179,2,8,LAND ROVER RANGE ROVER EVOQUE,4,E01014017,0,-1
2021141101949,2021,141101949,2,9,0,1,1,5,1,0,0,0,0,0,0,0,2,1,6,6,3,34,6,1999,2,5,LAND ROVER RANGE ROVER EVOQUE,-1,-1,0,-1
2021201134319,2021,201134319,1,9,0,18,19,8,4,0,0,0,0,0,0,0,1,1,6,6,2,45,7,1999,2,6,LAND ROVER RANGE ROVER EVOQUE,3,E01009239,0,-1