collision_index,collision_year,collision_ref_no,vehicle_reference,vehicle_type,towing_and_articulation,vehicle_manoeuvre_historic,vehicle_manoeuvre,vehicle_direction_from,vehicle_direction_to,vehicle_location_restricted_lane_historic,vehicle_location_restricted_lane,junction_location,skidding_and_overturning,hit_object_in_carriageway,vehicle_leaving_carriageway,hit_object_off_carriageway,first_point_of_impact,vehicle_left_hand_drive,journey_purpose_of_driver_historic,journey_purpose_of_driver,sex_of_driver,age_of_driver,age_band_of_driver,engine_capacity_cc,propulsion_code,age_of_vehicle,generic_make_model,driver_imd_decile,lsoa_of_driver,escooter_flag,driver_distance_banding
2021451028992,2021,451028992,1,19,0,18,19,3,7,0,0,4,0,0,0,0,3,1,2,2,1,25,5,2143,2,4,MERCEDES SPRINTER,3,E01023107,0,-1
2021010316339,2021,010316339,2,19,0,15,15,6,2,0,0,0,0,8,0,0,3,1,2,2,1,45,7,2143,2,3,MERCEDES SPRINTER,5,E01002556,0,-1
2021520105235,2021,520105235,2,19,0,16,19,2,6,0,0,1,0,0,0,0,1,1,6,6,1,46,8,2143,2,3,MERCEDES SPRINTER,5,E01029257,0,-1
2021010290914,2021,010290914,1,19,0,5,5,5,1,0,0,8,0,0,0,0,1,1,1,1,1,36,7,2143,2,4,MERCEDES SPRINTER,3,E01004756,0,-1
2021991120287,2021,991120287,2,11,0,5,5,1,4,0,0,1,0,0,0,0,0,1,1,1,1,46,8,2143,2,3,MERCEDES SPRINTER,6,-1,0,-1
2021552101228,2021,552101228,1,90,0,17,19,1,5,0,0,0,1,0,1,4,1,1,1,1,2,25,5,2987,2,6,MERCEDES SPRINTER,8,E01020477,0,-1
2021010346354,2021,010346354,2,19,0,18,19,5,1,0,0,8,0,0,0,0,1,1,6,6,1,32,6,2143,2,2,MERCEDES SPRINTER,8,E01000179,0,-1
2021371134829,2021,371134829,1,19,0,17,19,1,5,0,0,0,0,0,0,0,3,1,1,1,1,30,6,2143,2,2,MERCEDES SPRINTER,4,E01021658,0,-1
2021371141162,2021,371141162,1,19,0,9,9,7,4,0,0,2,1,0,0,0,1,1,1,1,1,22,5,2143,2,0,MERCEDES SPRINTER,8,E01029909,0,-1
2021041146255,2021,041146255,1,19,0,18,19,3,7,0,0,0,0,0,0,0,1,1,5,6,1,44,7,2151,2,16,MERCEDES SPRINTER,9,E01025364,0,-1
2021991077972,2021,991077972,1,19,0,18,19,7,3,0,0,0,0,0,0,0,1,1,1,1,1,55,8,2143,2,3,MERCEDES SPRINTER,-1,-1,0,-1
2021101021659,2021,101021659,1,21,0,18,19,6,2,0,0,0,0,0,7,0,3,1,1,1,1,34,6,-1,-1,-1,MERCEDES SPRINTER,4,E01033077,0,-1
2021522102688,2021,522102688,1,90,0,5,5,2,6,0,0,1,0,0,0,0,1,1,1,1,2,27,6,2987,2,4,MERCEDES SPRINTER,-1,-1,0,-1
2021061025087,2021,061025087,2,19,0,18,19,5,1,0,0,0,0,0,0,0,3,1,6,6,1,31,6,2143,2,8,MERCEDES SPRINTER,8,E01006285,0,-1
2021010318891,2021,010318891,1,19,0,2,2,0,0,0,0,0,0,0,0,0,2,1,6,6,3,-1,-1,2143,2,10,MERCEDES SPRINTER,-1,-1,0,-1
2021421122033,2021,421122033,2,19,0,2,2,0,0,0,0,0,0,0,1,0,2,1,1,1,1,56,9,2143,2,6,MERCEDES SPRINTER,4,E01021837,0,-1
2021031069454,2021,031069454,2,19,0,2,2,5,1,6,6,0,0,0,2,0,2,1,1,1,1,25,5,2143,2,5,MERCEDES SPRINTER,-1,-1,0,-1
2021361067752,2021,361067752,2,20,0,4,4,2,6,0,0,0,0,0,0,0,2,1,2,2,1,52,8,-1,-1,-1,MERCEDES SPRINTER,7,E01026723,0,-1
202131C202021,2021,31C202021,1,19,0,17,19,3,1,0,0,6,0,0,0,0,3,1,1,1,1,36,7,2143,2,5,MERCEDES SPRINTER,2,E01013856,0,-1
2021010348608,2021,010348608,2,19,0,18,19,4,8,0,0,0,0,0,0,0,1,1,1,1,1,22,5,2143,2,4,MERCEDES SPRINTER,3,E01000866,0,-1
2021231047308,2021,231047308,2,19,0,18,19,6,2,0,0,0,1,0,0,0,1,1,1,1,1,30,6,2143,2,2,MERCEDES SPRINTER,2,E01027106,0,-1
2021221059083,2021,221059083,2,19,0,3,3,7,3,0,0,0,0,0,0,0,1,1,1,1,1,47,8,2143,2,1,MERCEDES SPRINTER,6,E01009217,0,-1
2021461049485,2021,461049485,1,19,0,18,19,7,7,0,0,4,0,0,0,0,1,1,6,6,1,32,6,-1,-1,-1,MERCEDES SPRINTER,3,E01013641,0,-1
2021010329889,2021,010329889,1,19,0,9,9,3,8,0,0,8,0,0,0,0,3,1,1,1,1,20,4,-1,3,1,MERCEDES SPRINTER,3,E01001445,0,-1
2021361095128,2021,361095128,3,19,0,18,19,7,2,0,0,1,0,0,1,0,3,1,2,2,1,60,9,2151,2,17,MERCEDES SPRINTER,7,E01030235,0,-1
2021010289961,2021,010289961,1,19,0,7,7,4,7,9,9,1,1,0,1,11,1,1,1,1,1,21,5,2143,2,5,MERCEDES SPRINTER,4,E01001503,0,-1
2021440490253,2021,440490253,2,19,0,9,9,4,2,0,0,8,0,0,0,0,1,1,1,1,1,-1,-1,2143,2,8,MERCEDES SPRINTER,-1,-1,0,-1
2021010344397,2021,010344397,1,19,0,9,9,4,2,0,0,6,0,0,0,0,1,1,6,6,1,30,6,2143,2,1,MERCEDES SPRINTER,7,E01021022,0,-1
2021010330798,2021,010330798,1,19,0,99,99,9,9,99,99,9,9,99,9,99,2,9,1,1,1,41,7,2143,2,0,MERCEDES SPRINTER,2,E01003304,0,-1
2021440259159,2021,440259159,5,90,0,9,9,7,5,0,0,2,0,0,0,0,0,1,1,1,1,23,5,2143,2,6,MERCEDES SPRINTER,9,E01028648,0,-1
2021010299325,2021,010299325,1,19,0,7,7,5,8,0,0,1,0,0,0,0,0,1,6,6,1,39,7,2143,2,10,MERCEDES SPRINTER,-1,-1,0,-1
2021170S12051,2021,170S12051,1,20,0,2,2,0,0,0,0,0,0,0,0,0,2,1,1,1,1,62,9,2143,2,4,MERCEDES SPRINTER,-1,-1,0,-1
2021361097868,2021,361097868,2,20,0,18,19,3,7,0,0,8,5,0,0,0,3,1,1,1,1,50,8,2143,2,4,MERCEDES SPRINTER,6,E01026922,0,-1
2021545513221,2021,545513221,2,19,0,3,3,3,7,0,0,1,0,0,0,0,2,1,1,1,1,33,6,2143,2,4,MERCEDES SPRINTER,4,E01015511,0,-1
2021221038472,2021,221038472,2,19,0,13,13,6,2,0,0,8,0,0,0,0,1,1,5,6,1,29,6,2143,2,5,MERCEDES SPRINTER,4,E01032440,0,-1
2021461099698,2021,461099698,2,19,0,4,4,3,6,0,0,0,0,0,0,0,4,1,6,6,1,39,7,2143,2,2,MERCEDES SPRINTER,7,E01024073,0,-1
2021010324567,2021,010324567,5,19,0,2,2,0,0,0,0,0,0,0,0,0,1,1,6,6,3,-1,-1,2143,2,3,MERCEDES SPRINTER,-1,-1,0,-1
2021010339041,2021,010339041,2,19,0,3,3,2,6,0,0,1,0,0,0,0,1,1,1,1,1,48,8,2143,2,3,MERCEDES SPRINTER,4,E01000503,0,-1
202163D055321,2021,63D055321,1,19,0,18,19,1,5,0,0,1,0,0,0,0,1,1,1,1,1,58,9,2143,2,4,MERCEDES SPRINTER,1,E01005009,0,-1
2021522103924,2021,522103924,2,19,0,12,12,1,5,0,0,0,0,0,0,0,1,1,1,1,1,30,6,2143,2,3,MERCEDES SPRINTER,-1,-1,0,-1
2021531036328,2021,531036328,1,19,0,10,10,1,1,0,0,0,0,0,0,0,3,1,1,1,1,46,8,2143,2,5,MERCEDES SPRINTER,-1,-1,0,-1
2021010334178,2021,010334178,1,19,0,18,19,5,1,0,0,0,0,0,0,0,1,1,1,1,1,57,9,2143,2,4,MERCEDES SPRINTER,4,E01018147,0,-1
2021101101485,2021,101101485,3,90,0,18,19,5,1,0,0,0,0,0,0,0,0,1,1,1,1,44,7,2987,2,7,MERCEDES SPRINTER,1,E01008400,0,-1
2021546686321,2021,546686321,2,19,0,2,2,0,0,0,0,1,0,0,0,0,2,1,6,6,1,-1,-1,2143,2,6,MERCEDES SPRINTER,-1,-1,0,-1
2021320175490,2021,320175490,2,19,0,18,19,6,2,0,0,1,0,0,0,0,1,1,6,6,1,40,7,2143,2,2,MERCEDES SPRINTER,-1,-1,0,-1
2021302101452,2021,302101452,2,19,0,4,4,4,8,0,0,0,0,0,0,0,2,1,1,1,1,50,8,2143,2,2,MERCEDES SPRINTER,3,E01013470,0,-1
2021131098574,2021,131098574,2,19,0,3,3,4,8,0,0,0,0,0,0,0,2,1,1,1,1,25,5,2143,2,4,MERCEDES SPRINTER,1,E01010680,0,-1
2021451063495,2021,451063495,3,19,0,17,19,1,5,0,0,0,0,0,0,0,1,1,1,1,1,63,9,2143,2,10,MERCEDES SPRINTER,4,E01016141,0,-1
2021430224581,2021,430224581,3,19,0,18,19,3,7,0,0,8,0,0,0,0,3,1,1,1,1,54,8,2143,2,1,MERCEDES SPRINTER,8,E01028807,0,-1
2021501131838,2021,501131838,1,19,0,18,19,4,8,0,0,0,0,0,0,0,1,1,1,1,1,42,7,1950,2,0,MERCEDES SPRINTER,2,E01024951,0,-1
2021451036563,2021,451036563,1,90,0,18,19,3,7,0,0,8,0,0,4,1,1,1,1,1,1,33,6,2987,2,10,MERCEDES SPRINTER,4,E01030914,0,-1
2021351059580,2021,351059580,1,19,0,18,19,4,8,0,0,0,0,0,0,0,1,1,1,1,2,52,8,2143,2,1,MERCEDES SPRINTER,4,E01017542,0,-1
2021061043371,2021,061043371,1,19,0,9,9,5,1,0,0,0,0,0,0,0,4,1,1,1,1,32,6,2143,2,2,MERCEDES SPRINTER,2,E01004855,0,-1
2021161069103,2021,161069103,1,19,0,9,9,8,7,0,0,1,0,0,0,0,1,1,1,1,1,55,8,1950,2,1,MERCEDES SPRINTER,-1,-1,0,-1
2021361066126,2021,361066126,1,19,0,18,19,6,2,0,0,0,0,0,0,0,1,1,1,1,1,36,7,2143,2,3,MERCEDES SPRINTER,2,E01026476,0,-1
2021991121297,2021,991121297,2,19,0,18,19,2,7,0,0,8,0,0,0,0,1,1,2,2,1,28,6,2143,2,4,MERCEDES SPRINTER,4,-1,0,-1
2021010309157,2021,010309157,1,19,0,18,19,3,7,0,0,4,0,0,0,0,4,1,1,1,1,48,8,2143,2,4,MERCEDES SPRINTER,4,E01000588,0,-1
2021522101820,2021,522101820,2,90,0,18,19,7,3,0,0,8,0,0,0,0,1,1,1,1,3,40,7,2987,2,7,MERCEDES SPRINTER,-1,-1,0,-1
2021010295842,2021,010295842,1,90,0,18,19,3,7,0,0,0,0,0,0,0,0,1,1,1,2,25,5,2987,2,1,MERCEDES SPRINTER,9,E01030733,0,-1
2021991072813,2021,991072813,1,19,4,5,5,4,8,9,9,0,0,0,0,0,4,1,1,1,1,36,7,2143,2,7,MERCEDES SPRINTER,7,-1,0,-1
2021131088266,2021,131088266,2,19,0,18,19,5,1,0,0,0,0,0,0,0,1,1,1,1,1,63,9,2143,2,4,MERCEDES SPRINTER,9,E01010589,0,-1
2021010338607,2021,010338607,1,19,0,1,1,3,7,0,0,0,0,0,0,0,2,1,1,1,1,49,8,2143,2,4,MERCEDES SPRINTER,3,E01003589,0,-1
2021461063583,2021,461063583,1,19,0,18,19,7,3,0,0,0,0,0,0,0,1,1,1,1,1,56,9,2143,2,3,MERCEDES SPRINTER,8,E01003426,0,-1
2021010338388,2021,010338388,2,19,0,18,19,7,3,0,0,1,0,0,0,0,9,9,6,6,1,-1,-1,2143,2,4,MERCEDES SPRINTER,2,E01000063,0,-1
2021501103664,2021,501103664,3,90,0,3,3,5,7,0,0,1,0,0,0,0,0,1,1,1,1,46,8,2987,2,10,MERCEDES SPRINTER,3,E01015095,0,-1
2021371121941,2021,371121941,2,19,0,18,19,3,7,0,0,1,0,0,0,0,3,1,1,1,2,52,8,2148,2,13,MERCEDES SPRINTER,2,E01030023,0,-1
2021041034491,2021,041034491,1,19,0,18,19,4,8,0,0,1,0,0,0,0,1,1,2,2,1,58,9,2151,2,16,MERCEDES SPRINTER,9,E01012583,0,-1
2021041019786,2021,041019786,1,19,0,18,19,8,4,0,0,2,1,0,0,0,2,1,1,1,1,51,8,2143,2,5,MERCEDES SPRINTER,1,E01006411,0,-1
2021010342384,2021,010342384,2,19,0,99,99,9,9,99,99,9,9,99,9,99,2,9,6,6,3,-1,-1,2143,2,2,MERCEDES SPRINTER,2,E01004090,0,-1
2021411031908,2021,411031908,2,90,0,18,19,7,3,0,0,8,1,7,4,0,4,1,1,1,1,55,8,2987,2,5,MERCEDES SPRINTER,3,E01021811,0,-1
2021010302921,2021,010302921,2,19,9,99,99,9,9,99,99,9,9,99,9,99,9,9,6,6,3,-1,-1,2143,2,4,MERCEDES SPRINTER,7,E01002654,0,-1
2021440156148,2021,440156148,1,90,0,18,19,7,3,0,0,0,0,0,0,0,4,1,1,1,1,25,5,2987,2,4,MERCEDES SPRINTER,5,E01022835,0,-1
2021010331060,2021,010331060,1,19,0,4,4,3,7,0,0,6,0,0,0,0,1,1,1,1,1,47,8,2151,2,18,MERCEDES SPRINTER,2,E01000434,0,-1
2021461085582,2021,461085582,1,19,0,18,19,6,2,0,0,4,0,0,0,0,4,1,6,6,1,36,7,2143,2,7,MERCEDES SPRINTER,2,E01024247,0,-1
2021991147999,2021,991147999,1,19,0,18,19,5,1,0,0,3,0,0,1,0,1,1,1,1,1,26,6,2143,2,2,MERCEDES SPRINTER,5,E01026971,0,-1
2021461077602,2021,461077602,1,19,0,18,19,7,3,0,0,0,0,0,0,0,1,1,6,6,1,50,8,2143,2,2,MERCEDES SPRINTER,2,E01021314,0,-1
2021440099228,2021,440099228,1,19,0,4,4,3,7,0,0,2,0,0,0,0,2,1,1,1,1,57,9,2143,2,2,MERCEDES SPRINTER,10,E01022741,0,-1
2021010348898,2021,010348898,1,19,0,9,9,1,6,0,0,1,0,0,0,0,4,1,1,1,1,30,6,1950,2,0,MERCEDES SPRINTER,10,E01016776,0,-1
2021010289665,2021,010289665,1,19,0,9,9,7,5,0,0,8,0,0,0,0,4,1,1,1,1,51,8,2143,2,1,MERCEDES SPRINTER,2,E01033148,0,-1
2021161083202,2021,161083202,1,19,0,18,19,3,7,0,0,0,0,0,0,0,1,1,1,1,1,21,5,2143,2,2,MERCEDES SPRINTER,8,E01033107,0,-1
2021010345870,2021,010345870,2,19,0,11,11,3,7,0,0,1,0,0,0,0,1,1,1,1,1,65,9,2143,2,2,MERCEDES SPRINTER,3,E01012443,0,-1
2021501164652,2021,501164652,4,19,0,18,19,3,7,0,0,5,0,0,0,0,0,1,1,1,1,41,7,-1,-1,-1,MERCEDES SPRINTER,6,E01019893,0,-1
2021622100134,2021,622100134,3,19,0,18,19,8,4,0,0,0,0,0,0,0,2,1,2,2,1,47,8,2143,2,8,MERCEDES SPRINTER,7,W01000822,0,-1
2021430520795,2021,430520795,1,19,0,9,9,1,7,0,0,8,0,0,0,0,1,1,1,1,1,20,4,2143,2,1,MERCEDES SPRINTER,-1,-1,0,-1
2021351099579,2021,351099579,2,19,0,-1,-1,-1,-1,-1,-1,0,-1,-1,-1,0,1,1,6,6,1,40,7,2143,2,3,MERCEDES SPRINTER,-1,-1,0,-1
2021010295678,2021,010295678,2,19,0,5,5,5,1,0,0,1,0,0,0,0,1,1,1,1,1,27,6,2143,2,4,MERCEDES SPRINTER,5,E01023773,0,-1
202163A068921,2021,63A068921,1,19,0,18,19,-1,-1,0,0,0,0,0,0,0,1,1,1,1,1,23,5,2143,2,1,MERCEDES SPRINTER,5,W01000662,0,-1
2021544117621,2021,544117621,1,20,0,17,19,5,2,0,0,0,0,0,0,0,4,1,1,1,1,30,6,2143,2,4,MERCEDES SPRINTER,10,E01031906,0,-1
2021010302378,2021,010302378,1,19,0,7,7,7,1,0,0,6,0,0,0,0,1,1,2,2,1,42,7,2143,2,6,MERCEDES SPRINTER,3,E01002587,0,-1
2021991089600,2021,991089600,3,90,0,4,4,6,3,0,0,1,0,0,0,0,3,1,1,1,1,58,9,2987,2,4,MERCEDES SPRINTER,3,-1,0,-1
2021010329855,2021,010329855,1,20,0,99,99,9,9,99,99,9,9,99,9,99,2,9,1,1,1,51,8,2143,2,3,MERCEDES SPRINTER,6,E01024544,0,-1
2021411081089,2021,411081089,2,19,0,5,5,1,4,0,0,4,0,0,0,0,4,1,1,1,1,29,6,2143,2,6,MERCEDES SPRINTER,5,E01017486,0,-1
2021131071947,2021,131071947,1,19,0,11,11,5,1,0,0,8,0,0,0,0,1,1,1,1,1,38,7,2143,2,4,MERCEDES SPRINTER,1,E01010803,0,-1
2021461058555,2021,461058555,2,19,0,9,9,6,2,0,0,0,0,0,0,0,2,1,5,6,1,61,9,2143,2,7,MERCEDES SPRINTER,3,E01031556,0,-1
2021320313701,2021,320313701,1,19,0,18,19,3,7,0,0,1,1,0,0,0,1,1,1,1,1,49,8,2143,2,5,MERCEDES SPRINTER,4,E01013733,0,-1
2021531016550,2021,531016550,2,19,0,18,19,1,5,0,0,0,0,0,0,0,1,1,1,1,1,38,7,2143,2,4,MERCEDES SPRINTER,10,E01022466,0,-1
2021471103816,2021,471103816,1,19,0,18,19,7,3,0,0,1,0,0,1,9,1,1,1,1,1,29,6,1950,2,0,MERCEDES SPRINTER,8,E01024403,0,-1
2021010333735,2021,010333735,2,19,0,99,99,9,9,99,99,9,9,99,9,99,9,9,6,6,3,41,7,2143,2,9,MERCEDES SPRINTER,5,E01003787,0,-1
2021141101937,2021,141101937,1,19,0,18,19,5,1,0,0,0,0,0,0,0,2,1,1,1,1,44,7,2143,2,4,MERCEDES SPRINTER,1,E01011134,0,-1
2021161097643,2021,161097643,2,19,0,18,19,2,6,0,0,8,0,0,0,0,1,1,6,6,1,36,7,2148,2,13,MERCEDES SPRINTER,3,E01012868,0,-1
2021351054045,2021,351054045,2,19,0,7,7,1,5,0,0,8,0,0,0,0,4,1,1,1,1,58,9,2143,2,7,MERCEDES SPRINTER,8,E01018257,0,-1
2021010338199,2021,010338199,2,19,0,3,3,1,5,2,2,0,0,0,0,0,2,1,6,6,3,37,7,2143,2,2,MERCEDES SPRINTER,4,E01003527,0,-1
2021221121352,2021,221121352,2,19,0,9,9,5,3,0,0,5,0,0,0,0,1,1,5,6,1,56,9,2143,2,2,MERCEDES SPRINTER,6,E01032288,0,-1
2021010287204,2021,010287204,1,19,0,18,19,7,3,0,0,1,0,0,0,0,1,1,6,6,1,68,10,2143,2,4,MERCEDES SPRINTER,3,E01002185,0,-1
2021201114553,2021,201114553,2,19,0,18,19,4,8,0,0,8,0,0,0,0,2,1,6,6,1,38,7,2143,2,7,MERCEDES SPRINTER,1,E01009638,0,-1
2021302102016,2021,302102016,1,19,0,18,19,4,2,0,0,3,0,0,0,0,3,1,1,1,1,33,6,2143,2,6,MERCEDES SPRINTER,1,E01011338,0,-1
2021471025525,2021,471025525,1,19,0,18,19,3,7,0,0,1,1,7,0,0,1,1,2,2,1,50,8,2151,2,18,MERCEDES SPRINTER,3,E01017099,0,-1
2021131067165,2021,131067165,1,19,0,2,2,0,0,1,1,0,0,0,0,0,2,1,6,6,3,-1,-1,2143,2,4,MERCEDES SPRINTER,-1,-1,0,-1
2021302100145,2021,302100145,2,19,0,16,19,4,8,0,0,0,0,0,0,0,1,1,1,1,1,63,9,2143,2,5,MERCEDES SPRINTER,3,E01013455,0,-1
2021451013795,2021,451013795,1,90,0,18,19,7,1,0,0,1,0,0,0,0,0,1,1,1,1,36,7,2987,2,7,MERCEDES SPRINTER,6,E01030912,0,-1
2021991049587,2021,991049587,2,19,0,7,7,3,3,0,0,6,0,0,0,0,1,1,1,1,1,61,9,2143,2,8,MERCEDES SPRINTER,5,-1,0,-1
2021122100210,2021,122100210,1,19,0,16,19,8,3,0,0,0,1,0,7,0,1,1,1,1,1,52,8,1950,2,1,MERCEDES SPRINTER,1,E01011472,0,-1
2021010332896,2021,010332896,2,19,0,99,99,9,9,99,99,9,9,99,9,99,1,9,6,6,1,30,6,2148,2,16,MERCEDES SPRINTER,2,E01001447,0,-1
2021131067101,2021,131067101,3,19,0,2,2,0,0,0,0,0,0,0,0,0,2,1,6,6,3,-1,-1,2143,2,5,MERCEDES SPRINTER,-1,-1,0,-1
2021991043071,2021,991043071,2,19,0,18,19,5,1,0,0,0,0,0,0,0,1,1,1,1,1,48,8,2143,2,8,MERCEDES SPRINTER,4,E01019229,0,-1
2021101031197,2021,101031197,2,19,0,7,7,6,8,0,0,2,0,0,0,0,1,1,1,1,1,62,9,2148,2,16,MERCEDES SPRINTER,5,E01027377,0,-1
2021545513221,2021,545513221,3,19,0,3,3,3,7,0,0,1,0,0,0,0,2,1,1,1,1,55,8,2143,2,1,MERCEDES SPRINTER,10,E01031906,0,-1
202131B110521,2021,31B110521,2,19,0,18,19,6,2,0,0,0,1,0,1,0,3,1,6,6,1,57,9,2143,2,2,MERCEDES SPRINTER,9,E01013251,0,-1
2021531027058,2021,531027058,1,19,0,9,9,3,1,0,0,1,0,0,0,0,1,1,1,1,1,41,7,2143,2,3,MERCEDES SPRINTER,-1,-1,0,-1
2021411049208,2021,411049208,2,20,0,18,19,5,1,0,0,3,0,11,7,1,4,1,2,2,1,35,6,-1,-1,-1,MERCEDES SPRINTER,3,E01008857,0,-1
2021461030649,2021,461030649,3,19,0,18,19,3,7,0,0,0,0,0,0,0,1,1,1,1,1,22,5,2143,2,1,MERCEDES SPRINTER,9,E01024088,0,-1
2021010328702,2021,010328702,1,19,0,7,7,3,4,0,0,5,0,0,0,0,1,1,2,2,1,43,7,2143,2,4,MERCEDES SPRINTER,4,E01003098,0,-1
2021061043129,2021,061043129,1,11,0,2,2,0,0,2,2,0,0,0,0,0,0,1,1,1,1,55,8,2143,2,3,MERCEDES SPRINTER,5,E01005990,0,-1
2021101084416,2021,101084416,1,19,-1,3,3,1,5,0,0,0,0,0,0,0,3,1,6,6,1,-1,-1,2143,2,8,MERCEDES SPRINTER,-1,-1,0,-1
2021010322746,2021,010322746,2,19,0,7,7,7,2,0,0,0,0,0,0,0,4,2,6,6,3,21,5,2143,2,9,MERCEDES SPRINTER,-1,-1,0,-1
2021351107426,2021,351107426,2,19,0,18,19,1,5,0,0,0,0,0,0,0,1,1,1,1,1,51,8,1950,2,0,MERCEDES SPRINTER,-1,-1,0,-1
2021451121178,2021,451121178,3,19,0,18,19,6,2,0,0,8,0,0,0,0,2,1,1,1,1,56,9,2143,2,10,MERCEDES SPRINTER,6,E01016564,0,-1
2021501021704,2021,501021704,2,19,0,18,19,2,6,0,0,1,0,0,0,0,1,1,1,1,1,60,9,2143,2,5,MERCEDES SPRINTER,4,E01019932,0,-1
2021991104706,2021,991104706,2,19,0,18,19,8,4,0,0,0,0,0,0,0,3,1,5,6,2,48,8,2148,2,13,MERCEDES SPRINTER,5,-1,0,-1
2021430353899,2021,430353899,2,19,0,17,19,5,1,0,0,2,0,0,0,0,1,1,6,6,1,55,8,2143,2,1,MERCEDES SPRINTER,-1,-1,0,-1
2021010304601,2021,010304601,1,19,0,1,1,3,7,0,0,0,0,0,0,0,2,1,1,1,1,38,7,2143,2,3,MERCEDES SPRINTER,5,E01000631,0,-1
2021401122261,2021,401122261,1,19,0,4,4,7,3,0,0,0,1,0,0,0,1,1,6,6,3,-1,-1,2148,2,11,MERCEDES SPRINTER,-1,-1,0,-1
2021211065024,2021,211065024,3,19,0,2,2,0,0,0,0,2,0,0,0,0,2,1,6,6,3,-1,-1,2148,2,14,MERCEDES SPRINTER,-1,-1,0,-1
2021010332520,2021,010332520,2,19,9,99,99,9,9,99,99,9,9,99,9,99,9,9,6,6,3,-1,-1,2143,2,1,MERCEDES SPRINTER,-1,-1,0,-1
2021991034411,2021,991034411,1,19,0,4,4,8,4,0,0,1,0,0,0,0,1,1,1,1,1,49,8,2143,2,3,MERCEDES SPRINTER,-1,-1,0,-1
202134WNC0411,2021,34WNC0411,1,19,0,9,9,4,6,0,0,8,0,0,0,0,4,1,1,1,1,40,7,2148,2,14,MERCEDES SPRINTER,7,E01027210,0,-1
2021101029794,2021,101029794,2,21,0,18,19,5,1,0,0,4,0,0,0,0,1,1,1,1,1,20,4,2143,2,5,MERCEDES SPRINTER,1,E01008426,0,-1
2021070443692,2021,070443692,2,19,0,18,19,1,5,0,0,0,0,0,0,0,1,1,1,1,1,44,7,2143,2,3,MERCEDES SPRINTER,1,E01006495,0,-1
2021548707521,2021,548707521,2,19,0,4,4,1,5,0,0,0,0,0,0,0,2,1,1,1,1,49,8,2143,2,0,MERCEDES SPRINTER,2,E01019646,0,-1
2021451025277,2021,451025277,2,19,0,9,9,1,7,0,0,0,0,0,0,0,1,1,1,1,1,19,4,2143,2,1,MERCEDES SPRINTER,9,E01030720,0,-1
2021461024542,2021,461024542,2,90,0,17,19,4,8,0,0,0,0,0,0,0,1,1,1,1,1,22,5,2987,2,2,MERCEDES SPRINTER,3,E01024695,0,-1
2021170M31011,2021,170M31011,3,19,0,18,19,2,6,0,0,0,0,0,0,0,1,1,6,6,1,35,6,2143,2,12,MERCEDES SPRINTER,6,E01012151,0,-1
2021131098713,2021,131098713,2,19,0,8,8,3,7,0,0,1,0,0,1,0,3,1,6,6,1,32,6,2148,2,15,MERCEDES SPRINTER,1,E01011340,0,-1
2021010319205,2021,010319205,1,11,0,7,7,7,2,2,2,6,0,0,0,0,1,1,6,6,2,28,6,2143,2,6,MERCEDES SPRINTER,9,E01000687,0,-1
2021430036458,2021,430036458,2,19,0,18,19,4,8,0,0,0,0,7,6,6,4,1,1,1,1,46,8,2143,2,1,MERCEDES SPRINTER,8,E01032438,0,-1
2021041027191,2021,041027191,1,19,0,18,19,3,7,0,0,0,0,0,0,0,1,1,1,1,1,50,8,2143,2,2,MERCEDES SPRINTER,2,E01006869,0,-1
2021471101874,2021,471101874,1,19,0,18,19,1,5,0,0,2,5,0,1,0,4,1,6,6,1,30,6,2151,2,20,MERCEDES SPRINTER,3,E01016465,0,-1
2021622100217,2021,622100217,3,19,0,4,4,2,6,0,0,3,0,0,0,0,2,1,6,6,1,51,8,2143,2,6,MERCEDES SPRINTER,10,W01001513,0,-1
2021231110953,2021,231110953,1,19,0,18,19,7,3,0,0,0,0,0,0,0,4,1,1,1,1,53,8,2143,2,5,MERCEDES SPRINTER,2,E01012525,0,-1
2021991108867,2021,991108867,1,19,0,18,19,6,2,0,0,0,0,0,0,0,4,1,1,1,2,52,8,1950,2,1,MERCEDES SPRINTER,5,E01016762,0,-1
2021201137301,2021,201137301,1,19,0,3,3,6,2,0,0,0,0,0,0,0,1,1,6,6,1,65,9,2143,2,5,MERCEDES SPRINTER,4,E01032479,0,-1
2021052101078,2021,052101078,5,10,0,18,19,7,3,0,0,0,0,0,0,0,1,1,1,1,1,55,8,2143,2,7,MERCEDES SPRINTER,4,E01007140,0,-1
2021440457718,2021,440457718,1,90,0,9,9,2,8,0,0,8,0,0,0,0,4,1,1,1,1,59,9,2987,2,9,MERCEDES SPRINTER,3,E01017239,0,-1
2021302101435,2021,302101435,2,20,0,18,19,8,4,0,0,8,0,0,0,0,1,1,1,1,3,-1,-1,-1,-1,-1,MERCEDES SPRINTER,5,E01019456,0,-1