collision_index,collision_year,collision_ref_no,vehicle_reference,vehicle_type,towing_and_articulation,vehicle_manoeuvre_historic,vehicle_manoeuvre,vehicle_direction_from,vehicle_direction_to,vehicle_location_restricted_lane_historic,vehicle_location_restricted_lane,junction_location,skidding_and_overturning,hit_object_in_carriageway,vehicle_leaving_carriageway,hit_object_off_carriageway,first_point_of_impact,vehicle_left_hand_drive,journey_purpose_of_driver_historic,journey_purpose_of_driver,sex_of_driver,age_of_driver,age_band_of_driver,engine_capacity_cc,propulsion_code,age_of_vehicle,generic_make_model,driver_imd_decile,lsoa_of_driver,escooter_flag,driver_distance_banding
2021111095759,2021,111095759,1,19,0,18,19,3,8,0,0,1,0,0,0,0,1,1,1,1,1,29,6,2143,2,2,MERCEDES SPRINTER,2,E01020842,0,-1
2021010287252,2021,010287252,2,19,0,4,4,1,5,0,0,1,0,4,0,0,2,1,1,1,1,24,5,2143,2,7,MERCEDES SPRINTER,5,E01000299,0,-1
2021351131971,2021,351131971,2,19,0,18,19,5,1,0,0,0,0,0,0,0,1,1,1,1,1,32,6,2143,2,6,MERCEDES SPRINTER,1,E01009094,0,-1
2021201142062,2021,201142062,1,19,0,1,1,-1,-1,0,0,0,0,0,0,0,2,1,6,6,1,-1,-1,2143,2,5,MERCEDES SPRINTER,-1,-1,0,-1
2021141105650,2021,141105650,1,19,0,1,1,1,5,0,0,0,0,0,0,0,2,1,1,1,1,32,6,2143,2,2,MERCEDES SPRINTER,1,E01010054,0,-1
2021131042993,2021,131042993,8,19,0,18,19,1,5,0,0,0,0,0,0,0,2,1,1,1,1,57,9,2143,2,5,MERCEDES SPRINTER,8,E01011520,0,-1
2021471028555,2021,471028555,1,19,0,18,19,2,5,0,0,0,0,0,0,0,4,1,1,1,1,60,9,2143,2,9,MERCEDES SPRINTER,8,E01031369,0,-1
2021201092156,2021,201092156,2,19,0,2,2,0,0,0,0,0,0,4,0,0,2,1,1,1,1,45,7,2143,2,1,MERCEDES SPRINTER,9,E01032177,0,-1
2021481037527,2021,481037527,1,19,0,7,7,5,7,0,0,8,0,0,0,0,4,1,1,1,1,50,8,2143,2,1,MERCEDES SPRINTER,3,E01003723,0,-1
2021451089543,2021,451089543,3,90,0,5,5,7,3,0,0,4,0,0,0,0,0,1,1,1,1,30,6,2987,2,10,MERCEDES SPRINTER,-1,-1,0,-1
2021440408253,2021,440408253,1,19,0,18,19,1,0,0,0,0,2,0,0,0,1,1,1,1,1,41,7,2148,2,13,MERCEDES SPRINTER,1,E01033642,0,-1
2021010319976,2021,010319976,2,19,0,9,9,3,1,0,0,2,0,0,0,0,1,1,2,2,1,26,6,2143,2,2,MERCEDES SPRINTER,4,E01001234,0,-1
2021010309885,2021,010309885,1,90,0,99,99,9,9,99,99,9,9,99,9,99,9,9,6,6,1,50,8,2987,2,2,MERCEDES SPRINTER,2,E01003302,0,-1
2021131061021,2021,131061021,1,19,0,18,19,3,7,0,0,2,0,0,1,4,1,1,6,6,1,48,8,2143,2,2,MERCEDES SPRINTER,5,E01011765,0,-1
2021320046142,2021,320046142,2,19,0,18,19,7,3,0,0,8,0,0,0,0,3,1,6,6,1,32,6,2143,2,1,MERCEDES SPRINTER,8,E01026163,0,-1
2021010330720,2021,010330720,2,19,0,18,19,7,3,0,0,0,0,0,0,0,1,1,6,6,1,52,8,2148,2,13,MERCEDES SPRINTER,2,E01009263,0,-1
2021010317230,2021,010317230,2,19,9,99,99,9,9,99,99,9,9,99,9,99,3,9,6,6,3,-1,-1,2148,2,14,MERCEDES SPRINTER,-1,-1,0,-1
2021440382129,2021,440382129,2,19,0,18,19,1,5,0,0,1,0,0,0,0,0,1,1,1,1,-1,-1,2143,2,2,MERCEDES SPRINTER,-1,-1,0,-1
202163C085121,2021,63C085121,1,19,0,9,9,6,4,0,0,5,0,0,0,0,4,1,1,1,1,40,7,2143,2,1,MERCEDES SPRINTER,-1,-1,0,-1
2021361016972,2021,361016972,2,19,0,4,4,2,6,0,0,0,0,0,0,0,4,1,2,2,1,28,6,2143,2,3,MERCEDES SPRINTER,1,E01024676,0,-1
2021201107687,2021,201107687,1,19,0,5,5,2,6,0,0,4,0,0,0,0,1,1,1,1,1,27,6,2143,2,2,MERCEDES SPRINTER,2,E01010279,0,-1
2021440444268,2021,440444268,1,19,0,18,19,1,5,0,0,0,0,0,0,0,4,1,1,1,1,55,8,2143,2,3,MERCEDES SPRINTER,8,E01022815,0,-1
2021010334060,2021,010334060,1,19,0,6,6,1,1,0,0,0,0,0,0,0,3,1,1,1,1,53,8,1950,2,0,MERCEDES SPRINTER,6,E01033308,0,-1
2021010345961,2021,010345961,2,90,0,3,3,1,5,0,0,0,0,0,0,0,2,1,6,6,3,-1,-1,2987,2,0,MERCEDES SPRINTER,-1,-1,0,-1
2021531091741,2021,531091741,1,19,0,11,11,1,3,0,0,8,0,0,0,0,4,1,1,1,1,31,6,2143,2,0,MERCEDES SPRINTER,5,E01022344,0,-1
2021010306872,2021,010306872,1,19,0,4,4,7,3,0,0,1,0,0,0,0,1,1,1,1,1,48,8,2143,2,2,MERCEDES SPRINTER,1,E01003511,0,-1
2021231068112,2021,231068112,2,19,0,3,3,6,2,0,0,0,0,0,0,0,2,1,5,6,1,71,10,2148,2,13,MERCEDES SPRINTER,8,E01031162,0,-1
2021010345515,2021,010345515,1,19,0,12,12,7,3,0,0,1,0,0,0,0,1,1,2,2,1,41,7,2143,2,2,MERCEDES SPRINTER,4,E01000408,0,-1
2021010337683,2021,010337683,1,19,0,18,19,5,1,0,0,4,0,0,0,0,1,1,1,1,1,42,7,2143,2,4,MERCEDES SPRINTER,4,E01021853,0,-1
2021371030973,2021,371030973,1,19,0,13,13,5,1,0,0,1,0,0,7,0,4,1,5,6,1,23,5,2143,2,4,MERCEDES SPRINTER,2,E01030031,0,-1
2021351048843,2021,351048843,1,19,0,6,6,6,2,0,0,0,0,0,0,0,3,1,1,1,1,34,6,1950,2,0,MERCEDES SPRINTER,10,E01018249,0,-1
2021211086895,2021,211086895,3,20,0,13,13,8,4,0,0,0,0,0,0,0,2,1,1,1,1,49,8,-1,-1,-1,MERCEDES SPRINTER,2,E01007763,0,-1
2021010333458,2021,010333458,2,20,0,5,5,3,7,0,0,1,0,0,0,0,1,1,6,6,1,27,6,-1,-1,-1,MERCEDES SPRINTER,-1,-1,0,-1
2021201149124,2021,201149124,1,19,4,12,12,5,2,0,0,2,0,0,0,0,3,1,1,1,1,49,8,2143,2,0,MERCEDES SPRINTER,2,E01009842,0,-1
2021471122067,2021,471122067,1,19,0,1,1,2,7,7,6,0,0,0,0,0,0,1,1,1,1,39,7,2143,2,6,MERCEDES SPRINTER,4,E01031576,0,-1
2021421121986,2021,421121986,1,19,0,18,19,8,4,0,0,0,0,0,0,0,1,1,1,1,1,42,7,2143,2,10,MERCEDES SPRINTER,5,E01023332,0,-1
2021070475335,2021,070475335,2,19,0,18,19,1,5,0,0,2,0,0,0,0,2,1,1,1,1,42,7,2143,2,7,MERCEDES SPRINTER,4,E01006835,0,-1
2021061057007,2021,061057007,4,19,0,18,19,3,7,0,0,0,0,0,0,0,3,1,1,1,1,45,7,2143,2,3,MERCEDES SPRINTER,5,E01010539,0,-1
2021010352027,2021,010352027,1,19,0,18,19,1,5,0,0,0,0,0,0,0,2,1,1,1,1,31,6,2143,2,4,MERCEDES SPRINTER,2,E01002090,0,-1
2021622100252,2021,622100252,1,19,0,18,19,5,1,0,0,1,0,0,0,0,1,1,1,1,1,55,8,2143,2,4,MERCEDES SPRINTER,1,E01001562,0,-1
2021201134786,2021,201134786,2,21,0,4,4,4,8,0,0,0,0,0,0,0,2,1,1,1,1,36,7,-1,-1,-1,-1,1,E01010478,0,-1
2021122100742,2021,122100742,1,19,0,18,19,7,3,0,0,1,0,0,0,0,1,1,2,2,1,24,5,2151,2,18,MERCEDES SPRINTER,1,E01011430,0,-1
2021991099024,2021,991099024,2,19,0,18,19,6,2,0,0,0,0,0,0,0,1,1,1,1,1,40,7,2143,2,11,MERCEDES SPRINTER,-1,-1,0,-1
2021010320150,2021,010320150,1,19,0,3,3,3,7,0,0,0,0,0,0,0,2,1,1,1,1,31,6,2143,2,1,MERCEDES SPRINTER,-1,-1,0,-1
2021461132167,2021,461132167,2,19,0,8,8,1,5,0,0,1,0,0,0,0,4,1,5,6,1,63,9,2143,2,3,MERCEDES SPRINTER,1,E01016024,0,-1
2021546971121,2021,546971121,2,19,0,4,4,5,1,0,0,0,0,0,0,0,2,1,1,1,1,68,10,2143,2,3,MERCEDES SPRINTER,2,E01020014,0,-1
20211383M0801,2021,1383M0801,2,19,0,18,19,2,6,0,0,4,0,0,0,0,2,1,1,1,1,47,8,2143,2,2,MERCEDES SPRINTER,9,E01010953,0,-1
2021010338615,2021,010338615,2,19,0,18,19,5,1,0,0,1,0,0,0,0,1,1,1,1,1,38,7,2143,2,0,MERCEDES SPRINTER,2,E01004535,0,-1
2021548737721,2021,548737721,2,19,0,18,19,5,1,0,0,0,0,0,0,0,1,1,1,1,1,24,5,1950,2,0,MERCEDES SPRINTER,4,E01031980,0,-1
2021461116448,2021,461116448,1,19,0,1,1,1,5,0,0,0,0,0,0,0,2,1,6,6,1,-1,-1,2143,2,2,MERCEDES SPRINTER,-1,-1,0,-1
2021010295945,2021,010295945,2,19,0,99,99,9,9,99,99,0,9,99,9,99,1,9,6,6,3,45,7,2143,2,3,MERCEDES SPRINTER,5,E01003022,0,-1
2021010328738,2021,010328738,1,19,0,99,99,9,9,99,99,9,9,99,9,99,9,9,6,6,3,-1,-1,2143,2,1,MERCEDES SPRINTER,-1,-1,0,-1
2021440134893,2021,440134893,2,19,0,17,19,3,7,0,0,0,0,0,0,0,1,1,1,1,1,21,5,1950,2,0,MERCEDES SPRINTER,10,E01022974,0,-1
2021201148666,2021,201148666,2,19,0,18,19,6,2,0,0,0,0,0,0,0,1,1,6,6,1,55,8,2143,2,8,MERCEDES SPRINTER,-1,-1,0,-1
2021061084706,2021,061084706,2,19,0,18,19,3,7,0,0,2,0,0,0,0,1,1,6,6,1,53,8,2143,2,8,MERCEDES SPRINTER,3,E01006073,0,-1
2021010312025,2021,010312025,2,19,0,10,10,2,7,0,0,5,0,0,0,0,0,1,2,2,1,56,9,2143,2,2,MERCEDES SPRINTER,6,E01021758,0,-1
2021010318485,2021,010318485,1,19,0,18,19,7,3,0,0,0,0,0,0,0,1,1,1,1,1,45,7,2148,2,13,MERCEDES SPRINTER,4,E01000475,0,-1
202134WNC0501,2021,34WNC0501,1,19,0,18,19,1,5,0,0,4,0,0,0,0,1,1,1,1,1,60,9,2143,2,1,MERCEDES SPRINTER,6,E01023632,0,-1
2021421066988,2021,421066988,1,20,0,13,13,3,7,0,0,0,0,0,0,0,4,1,1,1,1,37,7,2143,2,5,MERCEDES SPRINTER,7,E01023450,0,-1
2021131083363,2021,131083363,1,19,0,18,19,3,7,0,0,4,0,0,7,1,1,1,2,2,1,38,7,2143,2,6,MERCEDES SPRINTER,4,E01011892,0,-1
2021520200707,2021,520200707,1,19,0,18,19,2,6,0,0,0,0,0,0,0,1,1,6,6,1,42,7,2143,2,1,MERCEDES SPRINTER,5,E01011749,0,-1
2021461022662,2021,461022662,1,19,0,18,19,2,6,0,0,0,1,0,0,0,1,1,1,1,1,33,6,2143,2,6,MERCEDES SPRINTER,4,E01020971,0,-1
2021501016298,2021,501016298,1,19,0,9,9,8,6,0,0,6,5,0,0,0,3,1,1,1,1,50,8,2143,2,2,MERCEDES SPRINTER,1,E01015058,0,-1
202163A005721,2021,63A005721,1,19,0,3,3,2,6,0,0,0,0,0,0,0,2,1,1,1,1,35,6,2143,2,4,MERCEDES SPRINTER,1,W01000830,0,-1
202131C037021,2021,31C037021,1,19,0,18,19,7,3,0,0,8,0,0,0,0,1,1,1,1,1,29,6,2143,2,6,MERCEDES SPRINTER,1,E01013850,0,-1
2021461013852,2021,461013852,1,19,0,1,1,3,7,0,0,1,0,0,0,0,2,1,5,6,1,-1,-1,2143,2,3,MERCEDES SPRINTER,-1,-1,0,-1
2021991030481,2021,991030481,1,19,0,18,19,4,8,0,0,0,0,0,0,0,1,1,1,1,1,42,7,2143,2,1,MERCEDES SPRINTER,2,-1,0,-1
202134WNC2441,2021,34WNC2441,1,19,0,11,11,1,5,0,0,0,0,0,0,0,1,1,1,1,1,53,8,2143,2,5,MERCEDES SPRINTER,3,E01016490,0,-1
2021302100879,2021,302100879,1,20,0,9,9,2,7,0,0,6,0,0,0,0,3,1,1,1,1,55,8,-1,-1,-1,MERCEDES SPRINTER,3,E01032536,0,-1
2021201058365,2021,201058365,1,19,0,18,19,6,2,0,0,0,0,0,0,0,1,1,6,6,3,-1,-1,2143,2,10,MERCEDES SPRINTER,-1,-1,0,-1
2021461105619,2021,461105619,6,19,0,18,19,3,7,0,0,0,0,0,0,0,3,1,5,6,1,52,8,2143,2,1,MERCEDES SPRINTER,8,E01002499,0,-1
2021010318162,2021,010318162,2,19,0,99,99,9,9,99,99,9,9,99,9,99,2,9,6,6,3,-1,-1,2143,2,5,MERCEDES SPRINTER,-1,-1,0,-1
2021461024643,2021,461024643,2,19,0,2,2,0,0,0,0,0,0,0,0,0,0,1,6,6,1,47,8,2151,2,17,MERCEDES SPRINTER,2,E01024248,0,-1
2021501117624,2021,501117624,1,19,0,18,19,7,3,0,0,0,0,0,0,0,1,1,6,6,1,56,9,2143,2,7,MERCEDES SPRINTER,6,E01018764,0,-1
2021010343984,2021,010343984,2,19,0,99,99,9,9,99,99,0,9,99,9,99,2,9,6,6,3,-1,-1,2143,2,9,MERCEDES SPRINTER,2,E01003975,0,-1
2021052100407,2021,052100407,1,20,0,2,2,0,0,0,0,1,0,0,0,0,4,1,1,1,1,-1,-1,-1,-1,-1,MERCEDES SPRINTER,-1,-1,0,-1
2021302101846,2021,302101846,1,19,0,5,5,8,4,0,0,8,0,0,0,0,3,1,6,6,1,27,6,2143,2,9,MERCEDES SPRINTER,8,E01011459,0,-1
2021010325271,2021,010325271,2,19,0,99,99,9,9,99,99,9,9,99,9,99,1,9,6,6,3,-1,-1,2148,2,12,MERCEDES SPRINTER,-1,-1,0,-1
2021201079811,2021,201079811,1,19,0,18,19,3,7,0,0,0,0,0,0,0,1,1,6,6,3,-1,-1,2143,2,5,MERCEDES SPRINTER,-1,-1,0,-1
2021010341819,2021,010341819,2,19,0,99,99,9,9,99,99,9,9,99,9,99,9,9,6,6,3,-1,-1,2143,2,4,MERCEDES SPRINTER,3,E01004022,0,-1
2021201089577,2021,201089577,2,19,0,18,19,6,2,0,0,8,0,0,0,0,4,1,1,1,1,24,5,2143,2,10,MERCEDES SPRINTER,5,E01008974,0,-1
2021361089581,2021,361089581,1,19,0,18,19,3,7,0,0,0,0,0,0,0,3,1,6,6,1,42,7,2143,2,4,MERCEDES SPRINTER,7,E01026565,0,-1
2021010320093,2021,010320093,1,19,0,5,5,0,7,8,6,0,0,0,0,0,1,1,1,1,1,38,7,-1,3,1,MERCEDES SPRINTER,2,E01000533,0,-1
2021991111233,2021,991111233,2,19,0,4,4,6,2,0,0,0,0,0,0,0,1,1,1,1,1,22,5,2143,2,4,MERCEDES SPRINTER,-1,-1,0,-1
2021010349624,2021,010349624,1,19,0,18,19,8,4,0,0,1,0,0,0,0,1,1,1,1,1,33,6,1950,2,0,MERCEDES SPRINTER,6,E01003397,0,-1
2021440422753,2021,440422753,1,19,0,18,19,5,1,0,0,0,0,0,0,0,3,1,1,1,1,55,8,2143,2,6,MERCEDES SPRINTER,4,E01022810,0,-1
2021010348680,2021,010348680,1,19,0,1,1,3,7,0,0,1,0,0,0,0,2,1,1,1,1,20,4,2143,2,2,MERCEDES SPRINTER,5,E01013287,0,-1
2021211055295,2021,211055295,1,19,0,18,19,7,7,0,0,1,0,0,0,0,1,1,6,6,1,26,6,2143,2,1,MERCEDES SPRINTER,3,E01010055,0,-1
2021010306870,2021,010306870,2,19,0,99,99,9,9,99,99,9,9,99,9,99,9,9,6,6,3,-1,-1,2148,2,12,MERCEDES SPRINTER,-1,-1,0,-1
2021010324924,2021,010324924,1,19,0,4,4,7,3,0,0,1,0,0,0,0,1,1,2,2,1,32,6,2143,2,3,MERCEDES SPRINTER,8,E01002318,0,-1
2021361050831,2021,361050831,1,19,0,18,19,3,1,0,0,1,0,0,0,0,1,1,5,6,1,43,7,2151,2,17,MERCEDES SPRINTER,6,E01026529,0,-1
2021010289079,2021,010289079,2,19,0,1,1,5,1,0,0,1,0,99,0,0,2,9,6,6,3,-1,-1,2148,2,12,MERCEDES SPRINTER,-1,-1,0,-1
2021010335600,2021,010335600,2,19,9,16,19,8,2,99,99,9,9,99,9,99,9,9,6,6,1,-1,-1,2148,2,15,MERCEDES SPRINTER,-1,-1,0,-1
2021471107955,2021,471107955,1,19,0,14,14,1,5,0,0,1,0,0,0,0,3,1,5,6,1,29,6,-1,-1,-1,MERCEDES SPRINTER,7,E01024101,0,-1
2021010293141,2021,010293141,1,19,0,4,4,7,3,0,0,0,0,0,0,0,1,1,1,1,1,50,8,2148,2,13,MERCEDES SPRINTER,9,E01030706,0,-1
2021170S31291,2021,170S31291,1,19,0,9,9,1,7,0,0,8,0,0,0,0,4,1,1,1,1,38,7,2143,2,8,MERCEDES SPRINTER,6,E01012012,0,-1
2021991046225,2021,991046225,2,19,0,10,10,1,5,0,0,8,0,0,0,0,3,1,1,1,1,51,8,2143,2,2,MERCEDES SPRINTER,4,-1,0,-1
2021010341471,2021,010341471,1,20,0,18,19,3,7,0,0,0,0,0,0,0,4,1,6,6,1,47,8,-1,-1,-1,MERCEDES SPRINTER,4,E01000113,0,-1
2021501084580,2021,501084580,2,19,0,4,4,1,4,0,0,0,1,0,0,0,1,1,1,1,1,56,9,2143,2,2,MERCEDES SPRINTER,4,E01020130,0,-1
202131P136721,2021,31P136721,4,19,0,2,2,0,0,0,0,2,0,4,0,0,2,1,1,1,1,37,7,2143,2,2,MERCEDES SPRINTER,1,E01007779,0,-1
2021070276271,2021,070276271,1,19,0,10,10,2,6,0,0,1,0,0,0,0,1,1,1,1,1,32,6,2143,2,3,MERCEDES SPRINTER,3,E01009606,0,-1
2021010340126,2021,010340126,1,19,0,7,7,3,5,9,9,2,0,4,0,0,1,1,6,6,1,28,6,-1,3,1,MERCEDES SPRINTER,5,E01002004,0,-1
2021201114509,2021,201114509,2,19,0,2,2,0,0,9,9,0,0,0,0,0,1,1,6,6,3,-1,-1,2143,2,8,MERCEDES SPRINTER,-1,-1,0,-1
2021371094609,2021,371094609,1,10,0,18,19,5,1,0,0,0,0,0,0,0,3,1,6,6,1,64,9,2151,2,18,MERCEDES SPRINTER,6,E01030194,0,-1
2021070689101,2021,070689101,1,19,0,17,19,8,5,0,0,6,0,0,0,0,1,1,1,1,1,-1,-1,2143,2,6,MERCEDES SPRINTER,-1,-1,0,-1
2021501022615,2021,501022615,1,19,0,18,19,1,5,0,0,0,1,0,0,0,1,1,1,1,1,26,6,2143,2,5,MERCEDES SPRINTER,-1,-1,0,-1
2021302100098,2021,302100098,2,19,0,18,19,4,8,0,0,2,0,0,0,0,3,1,1,1,1,64,9,2143,2,2,MERCEDES SPRINTER,2,E01013647,0,-1
2021201087401,2021,201087401,2,19,0,18,19,7,3,0,0,8,0,0,0,0,1,1,6,6,3,-1,-1,1950,2,0,MERCEDES SPRINTER,-1,-1,0,-1
2021421019652,2021,421019652,2,19,0,2,2,0,0,6,6,0,0,0,0,0,2,1,1,1,1,30,6,2143,2,7,MERCEDES SPRINTER,2,E01029988,0,-1
2021520102012,2021,520102012,1,19,0,2,2,0,0,0,0,8,0,0,0,0,1,1,6,6,1,55,8,2143,2,2,MERCEDES SPRINTER,3,E01029307,0,-1
2021061081342,2021,061081342,4,19,0,3,3,7,1,0,0,1,0,0,0,0,1,1,1,1,1,32,6,2143,2,5,MERCEDES SPRINTER,3,E01024880,0,-1
2021041058764,2021,041058764,3,19,0,9,9,5,3,0,0,6,0,0,0,0,0,1,1,1,1,49,8,2143,2,1,MERCEDES SPRINTER,3,E01004874,0,-1
2021010293408,2021,010293408,1,19,0,1,1,1,5,0,0,6,0,0,0,0,2,1,6,6,3,-1,-1,2143,2,4,MERCEDES SPRINTER,-1,-1,0,-1
2021302101906,2021,302101906,1,19,0,2,2,0,0,0,0,0,0,0,0,0,3,1,1,1,1,30,6,2143,2,8,MERCEDES SPRINTER,9,E01007709,0,-1
2021170L21061,2021,170L21061,1,19,0,9,9,8,6,0,0,2,0,0,0,0,3,1,1,1,1,45,7,2143,2,2,MERCEDES SPRINTER,1,E01012150,0,-1
2021411039759,2021,411039759,2,19,0,18,19,1,5,0,0,0,0,0,0,0,2,1,1,1,1,43,7,2143,2,1,MERCEDES SPRINTER,4,E01023781,0,-1
2021520102195,2021,520102195,1,19,0,18,19,6,2,0,0,0,0,0,0,0,1,1,6,6,1,41,7,1950,2,0,MERCEDES SPRINTER,6,E01014708,0,-1
2021161053073,2021,161053073,3,19,0,18,19,7,3,0,0,1,0,0,0,0,1,1,1,1,1,52,8,2143,2,1,MERCEDES SPRINTER,4,E01013183,0,-1
2021451035653,2021,451035653,2,19,0,9,9,2,8,0,0,6,0,0,0,0,2,1,1,1,1,55,8,2143,2,2,MERCEDES SPRINTER,9,E01030742,0,-1
2021052102866,2021,052102866,2,9,0,18,19,1,5,0,0,0,0,0,0,0,2,1,6,6,2,59,9,2143,2,1,-1,7,E01007203,0,-1
2021421082349,2021,421082349,1,19,0,9,9,5,4,0,0,1,0,0,0,0,3,1,6,6,3,-1,-1,-1,3,1,MERCEDES SPRINTER,-1,-1,0,-1
2021010308390,2021,010308390,1,19,0,7,7,4,6,0,0,8,0,0,0,0,1,1,1,1,1,33,6,2143,2,3,MERCEDES SPRINTER,4,E01003053,0,-1
2021122101014,2021,122101014,3,20,0,18,19,4,8,0,0,1,0,0,0,0,1,1,1,1,1,27,6,2143,2,5,MERCEDES SPRINTER,3,E01013386,0,-1
2021010344167,2021,010344167,1,20,0,9,9,3,1,0,0,8,0,0,0,0,3,1,1,1,1,29,6,-1,-1,-1,MERCEDES SPRINTER,7,E01021830,0,-1
2021320495221,2021,320495221,2,19,0,17,19,6,2,0,0,0,0,0,0,0,3,1,1,1,1,48,8,2143,2,8,MERCEDES SPRINTER,7,E01013270,0,-1
2021201029917,2021,201029917,2,19,0,5,5,8,6,0,0,6,0,0,0,0,4,1,1,1,1,34,6,2143,2,2,MERCEDES SPRINTER,9,E01031237,0,-1
2021070507401,2021,070507401,1,19,0,18,19,3,7,0,0,0,0,2,0,0,1,1,1,1,1,38,7,2143,2,4,MERCEDES SPRINTER,9,E01033194,0,-1
2021041110311,2021,041110311,1,19,0,11,11,5,1,0,0,0,0,0,0,0,4,1,1,1,1,30,6,1950,2,0,MERCEDES SPRINTER,9,E01032993,0,-1
2021461072896,2021,461072896,2,19,0,18,19,1,5,0,0,0,0,0,0,0,1,1,6,6,1,33,6,2143,2,3,MERCEDES SPRINTER,1,E01024148,0,-1
2021010294391,2021,010294391,2,19,9,99,99,9,9,99,99,9,9,99,9,99,9,1,6,6,1,-1,-1,2148,2,15,MERCEDES SPRINTER,-1,-1,0,-1
2021201149087,2021,201149087,1,19,0,18,19,4,8,0,0,0,1,10,1,2,4,1,6,6,1,38,7,2143,2,11,MERCEDES SPRINTER,1,E01010371,0,-1
2021501018585,2021,501018585,1,19,0,4,4,1,5,0,0,1,0,0,0,0,1,1,2,2,1,29,6,2143,2,2,MERCEDES SPRINTER,2,E01018770,0,-1
2021320652952,2021,320652952,2,10,0,18,19,3,7,0,0,8,0,0,0,0,1,1,1,1,1,23,5,2143,2,6,MERCEDES SPRINTER,3,E01026415,0,-1
2021052101785,2021,052101785,1,19,0,1,1,6,2,0,0,0,0,0,0,0,2,1,1,1,3,-1,-1,2143,2,1,MERCEDES SPRINTER,-1,-1,0,-1
2021010339103,2021,010339103,2,19,0,99,99,9,9,99,99,0,9,99,9,99,3,9,6,6,3,-1,-1,2148,2,12,MERCEDES SPRINTER,2,E01000091,0,-1
2021010301999,2021,010301999,1,19,0,18,19,7,3,0,0,2,0,0,0,0,1,1,6,6,3,-1,-1,2143,2,6,MERCEDES SPRINTER,-1,-1,0,-1
2021010325588,2021,010325588,1,19,0,18,19,3,7,0,0,1,0,0,0,0,1,1,1,1,1,67,10,2143,2,7,MERCEDES SPRINTER,2,E01001745,0,-1
2021010340973,2021,010340973,1,19,0,9,9,1,7,0,0,5,0,0,0,0,1,1,1,1,1,34,6,1950,2,0,MERCEDES SPRINTER,5,E01009247,0,-1
2021411020078,2021,411020078,3,19,0,3,3,-1,-1,0,0,0,0,0,0,0,2,1,6,6,1,45,7,2143,2,1,MERCEDES SPRINTER,4,E01023877,0,-1
2021010342401,2021,010342401,1,19,0,7,7,6,8,4,4,1,0,0,0,0,3,1,6,6,1,31,6,2143,2,2,MERCEDES SPRINTER,3,E01001505,0,-1
2021201099628,2021,201099628,2,19,0,18,19,6,2,0,0,4,0,10,1,2,4,1,1,1,1,-1,-1,2143,2,4,MERCEDES SPRINTER,-1,-1,0,-1
2021440021048,2021,440021048,1,19,0,9,9,3,1,0,0,8,0,0,0,0,3,1,1,1,1,56,9,2143,2,4,MERCEDES SPRINTER,8,E01014921,0,-1
2021041031762,2021,041031762,2,19,0,16,19,3,5,0,0,2,0,0,0,0,0,1,6,6,1,51,8,2143,2,3,MERCEDES SPRINTER,4,E01025450,0,-1
2021471017122,2021,471017122,3,19,0,18,19,4,8,0,0,0,0,0,0,0,3,1,1,1,1,41,7,2143,2,2,MERCEDES SPRINTER,8,E01001211,0,-1
2021010331534,2021,010331534,1,19,0,18,19,1,5,0,0,1,0,0,0,0,1,1,6,6,1,-1,-1,-1,3,1,MERCEDES SPRINTER,-1,-1,0,-1
2021991111697,2021,991111697,2,19,0,18,19,7,3,0,0,1,0,0,0,0,2,1,2,2,1,49,8,2143,2,4,MERCEDES SPRINTER,7,-1,0,-1
2021401081042,2021,401081042,1,20,0,6,6,5,3,0,0,8,0,0,0,0,2,1,1,1,1,25,5,2143,2,9,MERCEDES SPRINTER,3,E01015769,0,-1
2021991072403,2021,991072403,1,19,0,17,19,6,2,0,0,0,0,0,1,1,1,1,5,6,1,29,6,2143,2,2,MERCEDES SPRINTER,1,-1,0,-1
2021010332412,2021,010332412,2,90,0,18,19,7,3,0,0,0,0,4,0,0,1,1,1,1,1,44,7,2143,2,9,MERCEDES SPRINTER,1,E01001655,0,-1
2021451074088,2021,451074088,1,90,0,16,19,5,1,0,0,0,1,0,1,5,1,1,1,1,1,38,7,2987,2,2,MERCEDES SPRINTER,10,E01030447,0,-1
2021070103491,2021,070103491,2,19,0,4,4,4,8,0,0,0,0,4,0,0,2,1,1,1,1,48,8,2143,2,7,MERCEDES SPRINTER,-1,-1,0,-1
2021320175968,2021,320175968,3,19,0,18,19,8,4,0,0,0,0,0,0,0,1,1,1,1,1,68,10,2143,2,3,MERCEDES SPRINTER,3,E01026415,0,-1
2021061045180,2021,061045180,1,19,0,18,19,2,6,0,0,0,0,0,0,0,1,1,6,6,1,48,8,2143,2,5,MERCEDES SPRINTER,3,E01005878,0,-1
2021131126623,2021,131126623,1,19,0,9,9,1,5,0,0,8,0,0,0,0,1,1,6,6,3,-1,-1,2143,2,4,MERCEDES SPRINTER,-1,-1,0,-1