collision_index,collision_year,collision_ref_no,vehicle_reference,vehicle_type,towing_and_articulation,vehicle_manoeuvre_historic,vehicle_manoeuvre,vehicle_direction_from,vehicle_direction_to,vehicle_location_restricted_lane_historic,vehicle_location_restricted_lane,junction_location,skidding_and_overturning,hit_object_in_carriageway,vehicle_leaving_carriageway,hit_object_off_carriageway,first_point_of_impact,vehicle_left_hand_drive,journey_purpose_of_driver_historic,journey_purpose_of_driver,sex_of_driver,age_of_driver,age_band_of_driver,engine_capacity_cc,propulsion_code,age_of_vehicle,generic_make_model,driver_imd_decile,lsoa_of_driver,escooter_flag,driver_distance_banding
2021501080544,2021,501080544,1,19,0,18,19,7,3,0,0,1,0,0,1,0,1,1,1,1,1,37,7,2143,2,2,MERCEDES SPRINTER,8,E01015114,0,-1
2021010329616,2021,010329616,3,19,0,5,5,1,5,0,0,1,0,0,0,0,1,1,1,1,1,39,7,2143,2,1,MERCEDES SPRINTER,4,E01000611,0,-1
2021320117372,2021,320117372,1,19,0,1,1,8,4,0,0,0,0,0,0,0,2,1,6,6,1,40,7,2143,2,1,MERCEDES SPRINTER,-1,-1,0,-1
2021010300345,2021,010300345,1,19,0,99,99,9,9,99,99,9,9,99,9,99,2,9,6,6,1,50,8,2143,2,6,MERCEDES SPRINTER,3,E01003286,0,-1
2021371071843,2021,371071843,1,19,0,9,9,7,5,0,0,1,0,0,0,0,0,1,1,1,1,35,6,2143,2,7,MERCEDES SPRINTER,5,E01029961,0,-1
2021010298043,2021,010298043,1,19,0,9,9,4,1,0,0,7,0,0,0,0,3,1,6,6,1,35,6,2143,2,3,MERCEDES SPRINTER,1,E01002713,0,-1
2021544954721,2021,544954721,2,19,0,18,19,7,5,0,0,8,1,0,0,0,4,1,6,6,1,30,6,2143,2,2,MERCEDES SPRINTER,-1,-1,0,-1
2021141063744,2021,141063744,1,19,0,18,19,7,3,0,0,1,0,0,0,0,1,1,1,1,1,39,7,2143,2,4,MERCEDES SPRINTER,5,E01005362,0,-1
2021991100657,2021,991100657,2,19,0,18,19,5,1,0,0,0,0,0,0,0,1,1,1,1,1,34,6,2143,2,4,MERCEDES SPRINTER,4,-1,0,-1
2021548636421,2021,548636421,1,19,0,13,13,2,6,0,0,0,0,0,0,0,1,1,1,1,1,25,5,2143,2,2,MERCEDES SPRINTER,3,E01031911,0,-1
2021010288922,2021,010288922,2,90,0,18,19,2,6,0,0,8,0,0,0,0,3,1,1,1,1,31,6,2987,2,1,MERCEDES SPRINTER,7,E01002954,0,-1
2021211034032,2021,211034032,1,19,0,18,19,2,6,0,0,1,0,0,0,0,3,1,6,6,1,-1,-1,2151,2,17,MERCEDES SPRINTER,6,E01029802,0,-1
2021010326135,2021,010326135,1,19,0,18,19,5,1,0,0,2,0,0,0,0,1,1,6,6,1,33,6,2143,2,10,MERCEDES SPRINTER,7,E01021827,0,-1
2021411128515,2021,411128515,1,19,0,18,19,5,1,0,0,8,0,0,0,0,1,1,1,1,1,50,8,2143,2,3,MERCEDES SPRINTER,4,E01023783,0,-1
2021010322371,2021,010322371,2,19,0,5,5,0,5,0,0,1,0,0,0,0,0,1,1,1,3,20,4,1950,2,0,MERCEDES SPRINTER,3,E01003917,0,-1
2021010328463,2021,010328463,1,19,0,9,9,5,3,0,0,4,0,0,0,0,1,1,6,6,1,21,5,2143,2,7,MERCEDES SPRINTER,2,E01001878,0,-1
2021010290087,2021,010290087,2,19,0,99,99,9,9,99,99,9,9,99,9,99,1,9,6,6,3,-1,-1,2143,2,8,MERCEDES SPRINTER,8,E01000328,0,-1
2021221029110,2021,221029110,3,19,0,8,8,8,2,0,0,1,0,0,0,0,3,1,5,6,1,61,9,2143,2,2,MERCEDES SPRINTER,4,E01026891,0,-1
2021991029736,2021,991029736,2,19,4,18,19,2,6,0,0,8,0,0,0,0,4,1,1,1,1,56,9,2143,2,1,MERCEDES SPRINTER,10,-1,0,-1
2021361015271,2021,361015271,1,19,0,18,19,3,7,0,0,0,0,0,0,0,4,1,6,6,1,45,7,2143,2,1,MERCEDES SPRINTER,4,E01026841,0,-1
2021010299450,2021,010299450,1,19,0,18,19,5,1,0,0,0,0,11,0,0,1,1,2,2,1,36,7,2143,2,7,MERCEDES SPRINTER,3,E01002562,0,-1
2021010343640,2021,010343640,2,19,0,10,10,6,4,0,0,1,0,0,0,0,0,1,1,1,1,33,6,2143,2,1,MERCEDES SPRINTER,4,E01000475,0,-1
2021010336384,2021,010336384,2,19,0,99,99,9,9,99,99,0,9,99,9,99,9,9,6,6,1,62,9,2143,2,5,MERCEDES SPRINTER,4,E01003704,0,-1
2021231114631,2021,231114631,1,19,0,18,19,4,8,0,0,0,0,0,0,0,1,1,1,1,1,45,7,2143,2,5,MERCEDES SPRINTER,-1,-1,0,-1
2021461072883,2021,461072883,2,19,0,17,19,3,7,0,0,0,0,0,0,0,3,1,1,1,1,40,7,2143,2,2,MERCEDES SPRINTER,2,E01002312,0,-1
2021461095612,2021,461095612,1,19,0,18,19,6,2,0,0,8,1,0,0,0,3,1,1,1,1,42,7,2143,2,2,MERCEDES SPRINTER,4,E01016067,0,-1
2021010304811,2021,010304811,1,19,0,4,4,7,3,9,9,0,0,0,0,0,0,1,6,6,1,29,6,2987,2,2,MERCEDES SPRINTER,4,E01001247,0,-1
2021401119502,2021,401119502,2,19,0,18,19,1,5,0,0,0,0,0,0,0,1,1,1,1,1,24,5,2143,2,5,MERCEDES SPRINTER,7,E01017577,0,-1
2021010307354,2021,010307354,1,11,0,99,99,9,9,99,99,9,9,99,9,99,3,9,6,6,1,35,6,2143,2,1,MERCEDES SPRINTER,2,E01004435,0,-1
2021471020955,2021,471020955,2,19,0,18,19,1,5,0,0,0,0,0,0,0,1,1,1,1,1,52,8,2148,2,12,MERCEDES SPRINTER,5,E01024379,0,-1
2021221095560,2021,221095560,1,19,0,9,9,2,8,0,0,5,0,0,0,0,4,1,1,1,1,26,6,2148,2,12,MERCEDES SPRINTER,1,E01009345,0,-1
2021522201163,2021,522201163,1,19,0,18,19,7,3,0,0,0,0,0,0,0,4,1,6,6,1,35,6,2143,2,7,MERCEDES SPRINTER,7,E01014905,0,-1
2021052100216,2021,052100216,2,19,0,2,2,0,0,0,0,0,0,0,0,0,2,1,1,1,1,51,8,2143,2,3,MERCEDES SPRINTER,4,E01006626,0,-1
2021471029494,2021,471029494,1,19,0,1,1,7,3,9,9,0,0,0,0,0,2,1,1,1,1,44,7,2143,2,4,MERCEDES SPRINTER,5,E01032836,0,-1
2021522103791,2021,522103791,2,19,0,18,19,6,2,0,0,4,0,0,0,0,1,1,6,6,1,37,7,-1,-1,-1,MERCEDES SPRINTER,7,W01001953,0,-1
2021231047519,2021,231047519,1,19,0,12,12,3,8,0,0,0,0,0,0,0,1,1,5,6,1,29,6,2143,2,6,MERCEDES SPRINTER,1,E01014217,0,-1
2021501028400,2021,501028400,1,19,0,4,4,7,3,0,0,0,0,0,0,0,2,1,1,1,1,63,9,2143,2,6,MERCEDES SPRINTER,6,E01019058,0,-1
2021010287481,2021,010287481,2,19,0,99,99,9,9,99,99,9,9,99,9,99,9,9,6,6,3,-1,-1,2143,2,5,MERCEDES SPRINTER,-1,-1,0,-1
202163D058621,2021,63D058621,1,19,0,16,19,4,6,0,0,0,0,0,1,10,4,1,6,6,1,36,7,2151,2,20,MERCEDES SPRINTER,5,E01012310,0,-1
2021221106793,2021,221106793,2,19,0,16,19,5,8,0,0,0,0,0,0,0,1,1,1,1,1,30,6,2143,2,2,MERCEDES SPRINTER,9,E01032448,0,-1
202134NNC2071,2021,34NNC2071,1,19,0,5,5,6,2,0,0,6,0,0,0,0,1,1,1,1,1,26,6,2143,2,2,MERCEDES SPRINTER,3,E01026984,0,-1
2021010344625,2021,010344625,1,19,0,4,4,4,8,0,0,5,0,11,0,0,1,1,1,1,1,27,6,2143,2,2,MERCEDES SPRINTER,4,E01000787,0,-1
2021010330122,2021,010330122,1,19,0,3,3,7,3,0,0,8,0,0,0,0,4,1,1,1,1,43,7,2143,2,4,MERCEDES SPRINTER,6,E01023469,0,-1
2021991020023,2021,991020023,1,19,0,17,19,8,4,0,0,0,1,0,7,11,1,1,1,1,1,44,7,2143,2,4,MERCEDES SPRINTER,7,-1,0,-1
2021070189894,2021,070189894,3,19,0,4,4,8,4,0,0,1,0,0,0,0,2,1,1,1,1,28,6,2143,2,2,MERCEDES SPRINTER,1,E01013600,0,-1
2021430119946,2021,430119946,2,19,0,7,7,8,1,0,0,3,0,0,0,0,4,1,6,6,1,-1,-1,2143,2,2,MERCEDES SPRINTER,-1,-1,0,-1
2021141102759,2021,141102759,1,19,0,18,19,4,8,0,0,0,1,0,0,0,1,1,1,1,1,22,5,2143,2,6,MERCEDES SPRINTER,1,E01007629,0,-1
2021010348598,2021,010348598,2,19,0,99,99,9,9,99,99,9,9,99,9,99,1,9,6,6,3,-1,-1,2143,2,4,MERCEDES SPRINTER,-1,-1,0,-1
2021131049450,2021,131049450,1,19,0,18,19,3,7,0,0,0,0,0,0,0,1,1,1,1,1,29,6,2143,2,5,MERCEDES SPRINTER,8,E01010896,0,-1
2021221059645,2021,221059645,1,19,0,16,19,2,5,0,0,8,1,0,0,0,1,1,5,6,1,38,7,2143,2,9,MERCEDES SPRINTER,4,E01014016,0,-1
2021122101428,2021,122101428,1,19,0,2,2,0,0,0,0,2,0,0,0,0,0,1,1,1,2,58,9,2143,2,11,MERCEDES SPRINTER,4,E01013076,0,-1
2021010298549,2021,010298549,2,19,0,15,15,1,5,0,0,1,0,0,0,0,1,1,6,6,1,41,7,2143,2,2,MERCEDES SPRINTER,8,E01000989,0,-1
2021481047532,2021,481047532,1,19,0,9,9,7,5,0,0,8,0,0,0,0,3,1,1,1,1,51,8,2143,2,3,MERCEDES SPRINTER,5,E01003790,0,-1
2021010295495,2021,010295495,2,19,0,99,99,9,9,99,99,9,9,99,9,99,1,9,6,6,3,-1,-1,2143,2,2,MERCEDES SPRINTER,-1,-1,0,-1
2021141059057,2021,141059057,2,19,0,12,12,6,2,0,0,0,0,0,0,0,2,1,1,1,1,34,6,2143,2,3,MERCEDES SPRINTER,4,E01007536,0,-1
2021052100967,2021,052100967,1,19,0,1,1,1,5,0,0,8,0,0,0,0,2,1,1,1,1,21,5,2143,2,2,MERCEDES SPRINTER,2,E01005030,0,-1
2021061053212,2021,061053212,2,19,0,16,19,1,5,0,0,8,0,0,0,0,1,1,1,1,1,30,6,-1,-1,-1,MERCEDES SPRINTER,8,E01006859,0,-1
2021351117882,2021,351117882,1,19,0,18,19,6,2,0,0,8,0,0,0,0,3,1,1,1,1,51,8,2151,2,17,MERCEDES SPRINTER,4,E01003527,0,-1
2021451032800,2021,451032800,2,19,0,18,19,5,1,0,0,8,2,0,1,4,3,1,1,1,1,36,7,2143,2,2,MERCEDES SPRINTER,7,E01023124,0,-1
2021041056928,2021,041056928,2,19,0,2,2,7,3,9,9,0,1,0,0,0,2,1,1,1,1,53,8,2143,2,2,MERCEDES SPRINTER,2,E01025051,0,-1
2021010345979,2021,010345979,2,19,0,6,6,7,7,0,0,1,0,0,0,0,1,1,6,6,1,51,8,2143,2,4,MERCEDES SPRINTER,7,E01003475,0,-1
202131D124421,2021,31D124421,2,19,0,17,19,2,8,0,0,0,0,0,0,0,1,1,1,1,1,50,8,2143,2,8,MERCEDES SPRINTER,3,E01028192,0,-1
2021320726186,2021,320726186,3,19,0,3,3,6,2,0,0,0,0,0,0,0,2,1,1,1,1,42,7,2143,2,2,MERCEDES SPRINTER,8,E01026212,0,-1
2021101046332,2021,101046332,2,9,0,5,5,2,6,0,0,4,0,0,0,0,2,1,6,6,1,58,9,2143,2,1,MERCEDES SPRINTER,6,E01020821,0,-1
2021552100870,2021,552100870,1,19,0,13,13,4,8,0,0,0,1,0,0,0,1,1,1,1,1,28,6,-1,-1,-1,MERCEDES SPRINTER,8,E01020474,0,-1
2021461073067,2021,461073067,1,19,0,9,9,3,5,0,0,1,0,0,0,0,3,1,6,6,1,34,6,2148,2,14,MERCEDES SPRINTER,6,E01024276,0,-1
2021461067420,2021,461067420,2,19,0,2,2,0,0,0,0,0,0,0,0,0,4,1,6,6,2,48,8,2143,2,10,MERCEDES SPRINTER,4,E01024510,0,-1
2021201147284,2021,201147284,1,19,0,18,19,4,8,0,0,1,0,10,1,2,1,1,6,6,1,-1,-1,2143,2,8,MERCEDES SPRINTER,1,E01009355,0,-1
2021010350038,2021,010350038,2,19,0,5,5,0,3,0,0,1,0,4,1,0,4,1,1,1,1,30,6,2143,2,2,MERCEDES SPRINTER,9,E01021782,0,-1
2021010344368,2021,010344368,2,19,0,18,19,7,3,8,6,0,0,0,0,0,3,1,1,1,1,22,5,2143,2,5,MERCEDES SPRINTER,3,E01004677,0,-1
2021430471398,2021,430471398,1,19,0,1,1,7,3,0,0,0,0,0,0,0,2,1,6,6,1,50,8,2143,2,1,MERCEDES SPRINTER,-1,-1,0,-1
2021991084495,2021,991084495,1,19,0,18,19,8,4,0,0,1,0,0,0,0,1,1,1,1,1,47,8,2143,2,4,MERCEDES SPRINTER,3,-1,0,-1
2021351042892,2021,351042892,1,19,0,9,9,3,7,0,0,0,0,0,0,0,1,1,6,6,1,50,8,2143,2,2,MERCEDES SPRINTER,2,E01029859,0,-1
2021010294155,2021,010294155,2,19,0,6,6,5,5,2,2,0,0,0,0,0,1,1,1,1,1,45,7,2143,2,4,MERCEDES SPRINTER,9,E01033609,0,-1
2021351106018,2021,351106018,2,19,0,18,19,4,8,0,0,1,0,0,0,0,1,1,1,1,1,52,8,2143,2,6,MERCEDES SPRINTER,8,E01018268,0,-1
2021451074203,2021,451074203,2,19,0,18,19,4,8,0,0,1,0,0,0,0,1,1,6,6,1,32,6,2148,2,12,MERCEDES SPRINTER,-1,-1,0,-1
2021061078172,2021,061078172,1,19,0,1,1,2,6,0,0,8,0,0,0,0,2,1,6,6,3,30,6,2148,2,12,MERCEDES SPRINTER,-1,-1,0,-1
2021302101388,2021,302101388,2,19,0,18,19,2,6,0,0,0,0,0,0,0,1,1,6,6,1,39,7,2148,2,13,MERCEDES SPRINTER,2,E01019580,0,-1
2021041069571,2021,041069571,1,19,0,18,19,5,1,0,0,1,0,0,0,0,2,1,6,6,3,-1,-1,2143,2,6,MERCEDES SPRINTER,-1,-1,0,-1
2021010310036,2021,010310036,2,19,0,99,99,9,9,99,99,9,9,99,9,99,9,9,6,6,3,38,7,2143,2,6,MERCEDES SPRINTER,2,E01003046,0,-1
2021471036900,2021,471036900,3,19,0,4,4,3,7,0,0,0,0,0,0,0,2,1,1,1,1,39,7,2143,2,6,MERCEDES SPRINTER,2,E01021091,0,-1
202134WNC0881,2021,34WNC0881,1,19,0,18,19,3,7,0,0,0,0,0,0,0,1,1,2,2,1,55,8,2143,2,8,MERCEDES SPRINTER,3,E01027180,0,-1
202163D094321,2021,63D094321,2,19,0,1,1,8,4,0,0,5,0,0,0,0,1,1,1,1,1,22,5,2143,2,2,MERCEDES SPRINTER,2,E01010439,0,-1
2021131045392,2021,131045392,1,19,0,9,9,5,2,0,0,1,0,0,3,0,1,1,1,1,2,24,5,2143,2,4,MERCEDES SPRINTER,7,E01011521,0,-1
2021552100686,2021,552100686,1,19,0,18,19,6,2,0,0,4,0,0,0,0,1,1,2,2,1,53,8,2143,2,1,MERCEDES SPRINTER,10,E01015433,0,-1
2021231080531,2021,231080531,1,19,0,18,19,5,1,7,6,0,0,4,0,0,1,1,1,1,1,27,6,2143,2,2,MERCEDES SPRINTER,4,E01009689,0,-1
2021010341514,2021,010341514,2,90,0,5,5,3,7,1,1,0,0,0,0,0,1,1,1,1,2,34,6,2987,2,6,MERCEDES SPRINTER,8,E01023485,0,-1
2021461059868,2021,461059868,2,19,0,18,19,5,1,0,0,1,0,0,0,0,1,1,5,6,1,45,7,2148,2,14,MERCEDES SPRINTER,3,E01026853,0,-1
202131C034021,2021,31C034021,3,19,0,2,2,0,0,0,0,1,0,0,0,0,3,1,6,6,3,-1,-1,2148,2,14,MERCEDES SPRINTER,-1,-1,0,-1
2021451076044,2021,451076044,1,19,0,18,19,7,3,0,0,1,0,0,0,0,1,1,1,1,1,44,7,2143,2,1,MERCEDES SPRINTER,9,E01031742,0,-1
2021211147699,2021,211147699,3,19,0,2,2,0,0,0,0,0,0,0,0,0,0,1,1,1,2,52,8,2143,2,7,MERCEDES SPRINTER,4,E01029423,0,-1
2021161108030,2021,161108030,2,19,0,11,11,3,7,0,0,0,2,10,0,0,1,1,1,1,1,44,7,2143,2,2,MERCEDES SPRINTER,8,E01012385,0,-1
2021461112139,2021,461112139,2,19,0,9,9,4,2,0,0,1,0,0,7,4,1,1,2,2,1,37,7,2143,2,2,MERCEDES SPRINTER,3,E01001892,0,-1
2021430249136,2021,430249136,1,20,0,7,7,1,3,0,0,3,0,0,0,0,1,1,1,1,1,49,8,-1,-1,-1,MERCEDES SPRINTER,-1,-1,0,-1
2021991077972,2021,991077972,2,19,0,18,19,7,3,0,0,0,0,0,0,0,2,1,1,1,1,51,8,1950,2,0,MERCEDES SPRINTER,1,E01010414,0,-1
2021451059659,2021,451059659,2,19,0,5,5,7,3,0,0,7,0,0,0,0,1,1,1,1,1,44,7,2143,2,7,MERCEDES SPRINTER,10,E01004120,0,-1
2021991082158,2021,991082158,2,19,0,18,19,6,2,0,0,0,0,0,0,0,2,1,5,6,1,59,9,2143,2,10,MERCEDES SPRINTER,7,E01012324,0,-1
2021361080614,2021,361080614,1,19,0,-1,-1,-1,-1,-1,-1,-1,-1,-1,-1,0,-1,1,1,1,1,28,6,2143,2,4,MERCEDES SPRINTER,6,E01026449,0,-1
2021211074539,2021,211074539,4,19,0,18,19,6,1,0,0,0,0,0,0,0,0,1,1,1,1,40,7,2143,2,5,MERCEDES SPRINTER,-1,-1,0,-1
2021010318964,2021,010318964,1,19,0,18,19,5,1,0,0,2,0,0,0,0,1,1,1,1,1,54,8,2143,2,2,MERCEDES SPRINTER,2,E01003196,0,-1
2021031015046,2021,031015046,1,19,0,18,19,7,6,0,0,8,0,0,0,0,4,1,1,1,1,53,8,2143,2,1,MERCEDES SPRINTER,2,E01019230,0,-1
2021622100187,2021,622100187,1,19,0,18,19,1,5,0,0,4,0,0,0,0,1,1,1,1,1,55,8,2143,2,3,MERCEDES SPRINTER,1,W01001381,0,-1
2021421049403,2021,421049403,1,19,0,1,1,7,3,0,0,2,0,0,0,0,2,1,1,1,1,28,6,2148,2,14,MERCEDES SPRINTER,6,E01003750,0,-1
2021010346836,2021,010346836,1,19,0,99,99,9,9,99,99,9,9,99,9,99,9,9,6,6,3,29,6,2143,2,1,MERCEDES SPRINTER,3,E01003263,0,-1
2021010293239,2021,010293239,2,19,0,17,19,1,5,0,0,8,0,0,0,0,4,1,6,6,1,-1,-1,2143,2,9,MERCEDES SPRINTER,5,E01002489,0,-1
2021430421141,2021,430421141,3,19,0,4,4,6,2,0,0,0,0,0,0,0,2,1,1,1,1,57,9,2143,2,4,MERCEDES SPRINTER,5,E01028494,0,-1
2021351102867,2021,351102867,2,20,0,16,19,4,6,0,0,0,0,0,0,0,1,1,1,1,1,33,6,-1,-1,-1,MERCEDES SPRINTER,2,E01033111,0,-1
2021361087981,2021,361087981,1,19,0,7,7,7,1,0,0,8,0,0,0,0,1,1,2,2,1,40,7,2143,2,9,MERCEDES SPRINTER,9,E01026422,0,-1
2021201092867,2021,201092867,1,19,0,18,19,2,6,0,0,0,0,7,4,0,1,1,6,6,1,36,7,2143,2,11,MERCEDES SPRINTER,1,E01009612,0,-1
2021991115039,2021,991115039,1,19,0,18,19,8,4,0,0,0,0,0,0,0,1,1,1,1,1,30,6,2143,2,2,MERCEDES SPRINTER,1,-1,0,-1
2021221121140,2021,221121140,1,19,0,18,19,2,6,0,0,0,0,0,0,0,3,1,1,1,1,34,6,2143,2,2,MERCEDES SPRINTER,1,E01010453,0,-1
202134WNC0121,2021,34WNC0121,1,19,0,9,9,3,1,0,0,6,0,0,0,0,3,1,1,1,1,32,6,2143,2,1,MERCEDES SPRINTER,6,E01009535,0,-1
2021430428119,2021,430428119,2,19,0,18,19,3,7,0,0,1,0,0,0,0,1,1,6,6,1,30,6,2143,2,12,MERCEDES SPRINTER,-1,-1,0,-1
2021141026642,2021,141026642,2,19,0,18,19,4,7,0,0,1,0,0,0,0,3,1,1,1,1,60,9,2143,2,1,MERCEDES SPRINTER,6,E01028046,0,-1
2021010313526,2021,010313526,1,19,0,18,19,7,3,99,99,0,9,99,9,99,9,1,6,6,1,-1,-1,2143,2,5,MERCEDES SPRINTER,3,E01003727,0,-1
2021461111682,2021,461111682,1,19,0,2,2,0,0,0,0,0,0,0,0,0,0,1,6,6,1,45,7,2143,2,9,MERCEDES SPRINTER,3,E01016038,0,-1
2021010325252,2021,010325252,2,19,0,99,99,9,9,99,99,9,9,99,9,99,2,9,6,6,3,28,6,2143,2,3,MERCEDES SPRINTER,3,E01002393,0,-1
2021471059075,2021,471059075,3,19,0,18,19,3,7,0,0,1,0,0,0,0,1,1,1,1,1,21,5,2143,2,7,MERCEDES SPRINTER,7,E01016916,0,-1
2021010318695,2021,010318695,2,19,0,18,19,5,1,0,0,1,0,0,0,0,1,1,6,6,1,23,5,2143,2,0,MERCEDES SPRINTER,3,E01002151,0,-1
202131C041021,2021,31C041021,1,19,0,9,9,7,5,0,0,6,0,0,0,0,3,1,1,1,1,58,9,-1,-1,-1,MERCEDES SPRINTER,5,E01019442,0,-1
2021010295401,2021,010295401,1,19,0,9,9,3,1,0,0,1,0,0,0,0,4,1,1,1,1,52,8,2143,2,4,MERCEDES SPRINTER,3,E01003588,0,-1
2021522103952,2021,522103952,1,19,0,1,1,1,5,0,0,0,0,0,0,0,2,1,1,1,3,30,6,-1,3,1,MERCEDES SPRINTER,-1,-1,0,-1
2021991061063,2021,991061063,1,19,0,18,19,4,8,0,0,0,0,0,0,0,0,1,1,1,1,23,5,2143,2,5,MERCEDES SPRINTER,1,-1,0,-1
2021501022497,2021,501022497,1,19,0,18,19,1,5,0,0,0,0,0,0,0,1,1,1,1,1,23,5,2143,2,7,MERCEDES SPRINTER,4,E01020321,0,-1
2021010294266,2021,010294266,2,19,0,99,99,9,9,99,99,9,9,99,9,99,0,9,6,6,1,47,8,2143,2,3,MERCEDES SPRINTER,2,E01003324,0,-1
2021471052932,2021,471052932,1,11,0,4,4,5,8,0,0,2,0,0,0,0,0,1,6,6,2,55,8,2143,2,5,MERCEDES SPRINTER,8,E01021180,0,-1
2021471066277,2021,471066277,1,19,0,18,19,2,6,0,0,1,1,0,0,0,1,1,1,1,1,35,6,2143,2,8,MERCEDES SPRINTER,3,E01021044,0,-1
2021070612573,2021,070612573,1,19,0,9,9,1,7,0,0,8,0,0,0,0,1,1,1,1,1,61,9,2143,2,1,MERCEDES SPRINTER,4,E01025452,0,-1
2021010349184,2021,010349184,2,19,0,18,19,7,3,0,0,0,1,0,0,0,1,1,1,1,1,25,5,2143,2,4,MERCEDES SPRINTER,1,E01033603,0,-1
2021421013196,2021,421013196,1,19,0,9,9,1,7,0,0,0,0,0,0,0,1,1,1,1,1,35,6,2143,2,1,MERCEDES SPRINTER,6,E01030006,0,-1
2021520106174,2021,520106174,1,19,0,1,1,1,5,0,0,0,0,0,0,0,2,1,6,6,1,40,7,1950,2,0,MERCEDES SPRINTER,-1,-1,0,-1
20211381M0642,2021,1381M0642,4,19,0,18,19,3,7,0,0,0,0,0,0,0,3,1,1,1,1,49,8,2143,2,7,MERCEDES SPRINTER,2,E01025060,0,-1
2021010287405,2021,010287405,1,19,0,18,19,1,5,0,0,0,0,4,0,0,3,1,1,1,1,28,6,2143,2,3,MERCEDES SPRINTER,5,E01002446,0,-1
2021010320760,2021,010320760,2,19,0,7,7,5,8,0,0,1,0,0,0,0,4,1,1,1,1,23,5,2143,2,0,MERCEDES SPRINTER,1,E01023844,0,-1
2021070316308,2021,070316308,1,19,0,18,19,8,2,0,0,5,0,0,7,0,3,1,1,1,1,-1,-1,2143,2,3,MERCEDES SPRINTER,-1,-1,0,-1
2021010346123,2021,010346123,2,19,0,1,1,7,3,0,0,1,0,0,0,0,2,1,6,6,3,-1,-1,2143,2,5,MERCEDES SPRINTER,-1,-1,0,-1
2021010288478,2021,010288478,1,10,0,9,9,1,7,0,0,3,0,0,0,0,1,1,1,1,1,50,8,2143,2,10,MERCEDES SPRINTER,7,E01003682,0,-1
2021201023539,2021,201023539,1,19,0,18,19,-1,-1,0,0,0,0,0,0,0,1,1,1,1,3,-1,-1,2143,2,10,MERCEDES SPRINTER,-1,-1,0,-1
202163D027321,2021,63D027321,1,19,0,17,19,5,2,0,0,0,1,0,0,0,1,1,1,1,1,25,5,2143,2,2,MERCEDES SPRINTER,1,E01010054,0,-1
2021991085927,2021,991085927,1,19,0,18,19,6,2,0,0,0,0,0,4,0,3,1,1,1,1,58,9,2143,2,3,MERCEDES SPRINTER,-1,-1,0,-1
2021111034248,2021,111034248,1,19,0,4,4,1,5,0,0,4,0,0,0,0,1,1,1,1,1,26,6,2143,2,1,MERCEDES SPRINTER,4,E01011037,0,-1
2021070509919,2021,070509919,1,19,0,3,3,1,5,0,0,0,0,0,0,9,1,1,1,1,1,25,5,1950,2,1,MERCEDES SPRINTER,4,E01018489,0,-1
2021501117692,2021,501117692,1,19,0,18,19,5,1,0,0,1,0,0,0,0,1,1,6,6,1,51,8,-1,-1,-1,MERCEDES SPRINTER,6,E01020241,0,-1
2021361144139,2021,361144139,1,19,0,18,19,3,7,0,0,0,0,4,0,0,1,1,1,1,1,32,6,2143,2,1,MERCEDES SPRINTER,3,E01018109,0,-1
2021461099633,2021,461099633,2,19,0,18,19,1,5,0,0,0,0,0,0,0,1,1,6,6,1,34,6,1950,2,0,MERCEDES SPRINTER,6,E01031557,0,-1
2021170L50301,2021,170L50301,1,19,0,18,19,6,2,0,0,8,0,0,7,1,1,1,1,1,1,39,7,2143,2,5,MERCEDES SPRINTER,8,E01012163,0,-1
2021122200100,2021,122200100,1,19,0,13,13,5,1,0,0,8,0,0,0,0,1,1,1,1,1,23,5,2143,2,3,MERCEDES SPRINTER,9,E01013077,0,-1
2021461039837,2021,461039837,2,19,0,4,4,5,1,0,0,0,0,0,0,0,2,1,5,6,1,42,7,2143,2,2,MERCEDES SPRINTER,2,E01024081,0,-1
2021522105074,2021,522105074,2,19,0,1,1,5,2,0,0,6,0,0,0,0,2,1,1,1,3,-1,-1,2143,2,0,MERCEDES SPRINTER,-1,-1,0,-1
2021461020462,2021,461020462,1,19,0,4,4,8,4,0,0,0,0,0,1,7,1,1,6,6,1,56,9,2143,2,4,MERCEDES SPRINTER,8,E01016138,0,-1
2021101065848,2021,101065848,2,19,0,18,19,7,3,0,0,8,0,0,0,0,3,1,1,1,1,61,9,2143,2,6,MERCEDES SPRINTER,9,E01008799,0,-1
2021421039497,2021,421039497,1,19,0,7,7,6,8,0,0,1,0,0,0,0,2,1,1,1,1,50,8,2143,2,1,MERCEDES SPRINTER,-1,-1,0,-1
2021010329698,2021,010329698,1,19,0,5,5,5,1,0,0,0,0,0,0,0,1,1,1,1,1,22,5,2143,2,0,MERCEDES SPRINTER,2,E01015934,0,-1
2021061071279,2021,061071279,3,10,0,18,19,7,3,0,0,8,0,0,0,0,3,1,1,1,2,54,8,2143,2,5,MERCEDES SPRINTER,2,E01006011,0,-1