collision_index,collision_year,collision_ref_no,vehicle_reference,vehicle_type,towing_and_articulation,vehicle_manoeuvre_historic,vehicle_manoeuvre,vehicle_direction_from,vehicle_direction_to,vehicle_location_restricted_lane_historic,vehicle_location_restricted_lane,junction_location,skidding_and_overturning,hit_object_in_carriageway,vehicle_leaving_carriageway,hit_object_off_carriageway,first_point_of_impact,vehicle_left_hand_drive,journey_purpose_of_driver_historic,journey_purpose_of_driver,sex_of_driver,age_of_driver,age_band_of_driver,engine_capacity_cc,propulsion_code,age_of_vehicle,generic_make_model,driver_imd_decile,lsoa_of_driver,escooter_flag,driver_distance_banding
2021451120073,2021,451120073,2,19,0,18,19,3,7,0,0,0,0,0,0,0,1,1,1,1,1,34,6,2143,2,6,MERCEDES SPRINTER,7,E01032619,0,-1
2021991103908,2021,991103908,2,19,0,18,19,2,6,0,0,1,0,0,0,0,3,1,1,1,1,43,7,2143,2,3,MERCEDES SPRINTER,8,-1,0,-1
202134WNC7181,2021,34WNC7181,3,19,0,3,3,3,7,0,0,0,0,0,0,0,0,1,1,1,1,42,7,2143,2,9,MERCEDES SPRINTER,10,E01016736,0,-1
2021461044318,2021,461044318,1,90,0,9,9,1,7,0,0,1,1,0,7,0,3,1,5,6,1,59,9,2874,2,24,MERCEDES SPRINTER,3,E01024529,0,-1
2021070311942,2021,070311942,1,19,0,17,19,1,5,0,0,0,0,0,0,0,4,1,1,1,1,-1,-1,2143,2,5,MERCEDES SPRINTER,-1,-1,0,-1
2021221127589,2021,221127589,1,19,0,18,19,5,1,0,0,8,0,0,0,0,1,1,1,1,1,41,7,2143,2,5,MERCEDES SPRINTER,10,E01022455,0,-1
2021010345600,2021,010345600,4,19,0,18,19,7,3,0,0,0,0,0,0,0,1,1,1,1,1,33,6,2143,2,5,MERCEDES SPRINTER,-1,-1,0,-1
2021531052286,2021,531052286,1,19,0,11,11,5,1,0,0,0,0,0,1,0,1,1,1,1,1,22,5,2143,2,7,MERCEDES SPRINTER,1,E01010274,0,-1
2021351119098,2021,351119098,1,19,0,18,19,1,5,0,0,8,0,4,3,10,1,1,1,1,1,70,10,1950,2,0,MERCEDES SPRINTER,3,E01015674,0,-1
2021010346616,2021,010346616,2,19,0,99,99,9,9,99,99,9,9,99,9,99,9,9,6,6,3,44,7,2143,2,8,MERCEDES SPRINTER,5,E01003863,0,-1
2021201132106,2021,201132106,2,19,0,3,3,2,4,0,0,1,0,0,0,0,2,1,1,1,1,46,8,2143,2,5,MERCEDES SPRINTER,1,E01010062,0,-1
2021471034365,2021,471034365,2,19,0,4,4,1,5,0,0,0,0,0,0,0,2,1,1,1,1,58,9,2143,2,6,MERCEDES SPRINTER,9,E01031674,0,-1
2021531064160,2021,531064160,1,90,0,18,19,2,6,0,0,0,0,0,0,0,1,1,1,1,2,40,7,2987,2,6,MERCEDES SPRINTER,6,E01022236,0,-1
2021131054790,2021,131054790,1,19,0,18,19,3,7,0,0,8,0,0,0,0,1,1,6,6,3,-1,-1,2143,2,6,MERCEDES SPRINTER,-1,-1,0,-1
2021010345340,2021,010345340,2,19,0,18,19,1,5,0,0,1,0,0,0,0,2,1,6,6,1,30,6,2143,2,8,MERCEDES SPRINTER,-1,-1,0,-1
2021010326051,2021,010326051,2,20,0,18,19,7,3,0,0,0,0,0,0,0,1,1,1,1,1,37,7,-1,-1,-1,MERCEDES SPRINTER,6,E01001990,0,-1
2021010334876,2021,010334876,2,20,0,99,99,9,9,99,99,0,9,99,9,99,1,9,6,6,3,46,8,2143,2,3,MERCEDES SPRINTER,3,E01003588,0,-1
2021131055151,2021,131055151,1,19,0,18,19,5,1,0,0,8,0,0,0,0,1,1,1,1,1,29,6,2143,2,2,MERCEDES SPRINTER,7,E01011247,0,-1
2021010311461,2021,010311461,2,19,0,13,13,1,5,0,0,1,0,0,0,0,1,1,6,6,3,-1,-1,2143,2,4,MERCEDES SPRINTER,-1,-1,0,-1
2021991069111,2021,991069111,1,19,0,9,9,7,4,0,0,8,0,0,0,0,1,1,1,1,1,33,6,2143,2,0,MERCEDES SPRINTER,4,-1,0,-1
2021421116979,2021,421116979,2,19,0,4,4,1,5,0,0,0,1,0,0,0,1,1,6,6,1,69,10,2151,2,18,MERCEDES SPRINTER,3,E01021358,0,-1
2021430567650,2021,430567650,2,19,0,18,19,4,8,0,0,8,0,0,0,0,1,1,2,2,1,46,8,2143,2,3,MERCEDES SPRINTER,-1,-1,0,-1
2021010305805,2021,010305805,1,19,0,99,99,9,9,99,99,9,9,99,9,99,2,9,6,6,1,48,8,2143,2,2,MERCEDES SPRINTER,9,E01005735,0,-1
2021471125810,2021,471125810,1,19,0,9,9,7,5,0,0,0,0,0,0,0,3,1,1,1,1,31,6,2143,2,0,MERCEDES SPRINTER,5,E01021059,0,-1
2021471093179,2021,471093179,1,19,0,18,19,4,1,0,0,0,0,0,0,0,4,1,1,1,1,69,10,2143,2,11,MERCEDES SPRINTER,5,E01031600,0,-1
2021461126931,2021,461126931,1,19,0,16,19,3,7,0,0,1,1,0,0,0,1,1,6,6,1,34,6,2143,2,3,MERCEDES SPRINTER,6,E01024340,0,-1
2021501105812,2021,501105812,2,19,0,18,19,7,3,0,0,8,0,0,0,0,1,1,1,1,1,35,6,1950,2,1,MERCEDES SPRINTER,8,E01020054,0,-1
2021010300515,2021,010300515,5,19,0,2,2,0,0,0,0,1,0,0,0,0,4,1,6,6,3,-1,-1,2143,2,10,MERCEDES SPRINTER,-1,-1,0,-1
2021010350626,2021,010350626,2,19,0,3,3,3,7,0,0,2,0,0,0,0,0,1,1,1,1,34,6,2143,2,2,MERCEDES SPRINTER,2,E01024165,0,-1
2021122100468,2021,122100468,1,19,0,4,4,4,8,0,0,0,0,0,0,0,3,1,1,1,1,26,6,2143,2,1,MERCEDES SPRINTER,6,E01005037,0,-1
2021010346187,2021,010346187,1,19,1,99,99,9,9,99,99,9,9,99,9,99,9,9,6,6,3,-1,-1,2143,2,4,MERCEDES SPRINTER,2,E01003325,0,-1
2021471087267,2021,471087267,3,19,0,2,2,0,0,0,0,1,0,0,0,0,0,1,6,6,3,-1,-1,1950,2,1,MERCEDES SPRINTER,-1,-1,0,-1
2021451116238,2021,451116238,1,19,0,4,4,7,1,0,0,0,0,0,0,0,2,1,1,1,1,30,6,2143,2,0,MERCEDES SPRINTER,3,E01017075,0,-1
2021010317384,2021,010317384,1,19,0,18,19,1,5,0,0,1,0,0,0,0,0,1,2,2,1,46,8,2143,2,4,MERCEDES SPRINTER,6,E01002618,0,-1
2021010328443,2021,010328443,4,19,0,3,3,5,1,0,0,0,0,0,0,0,2,1,1,1,1,24,5,2143,2,4,MERCEDES SPRINTER,-1,-1,0,-1
2021440400737,2021,440400737,1,19,0,9,9,2,8,0,0,8,0,0,0,0,3,1,1,1,1,70,10,2143,2,5,MERCEDES SPRINTER,8,E01023049,0,-1
2021010292210,2021,010292210,2,19,0,99,99,9,9,99,99,0,9,99,9,99,2,9,6,6,3,-1,-1,2143,2,1,MERCEDES SPRINTER,-1,-1,0,-1
2021161071694,2021,161071694,1,19,0,1,1,7,3,0,0,1,0,0,0,0,2,1,1,1,1,51,8,2143,2,1,MERCEDES SPRINTER,10,E01013090,0,-1
2021061110211,2021,061110211,2,19,0,18,19,2,6,0,0,8,0,0,0,0,1,1,6,6,3,30,6,2143,2,10,MERCEDES SPRINTER,-1,-1,0,-1
2021401058284,2021,401058284,1,19,0,18,19,4,2,0,0,0,1,0,0,0,1,1,6,6,1,30,6,2143,2,8,MERCEDES SPRINTER,1,E01008899,0,-1
2021991081362,2021,991081362,1,19,0,7,7,4,7,0,0,1,0,0,0,0,4,1,1,1,1,28,6,2143,2,7,MERCEDES SPRINTER,3,-1,0,-1
2021371061211,2021,371061211,1,19,0,9,9,2,7,0,0,1,0,0,0,0,4,1,1,1,1,59,9,2143,2,4,MERCEDES SPRINTER,5,E01023939,0,-1
202134NNC1841,2021,34NNC1841,1,19,0,2,2,3,7,0,0,0,0,0,0,0,0,1,2,2,1,33,6,2143,2,3,MERCEDES SPRINTER,5,E01029462,0,-1
2021010320325,2021,010320325,3,19,9,99,99,9,9,99,99,9,9,99,9,99,0,9,6,6,3,-1,-1,2143,2,1,MERCEDES SPRINTER,-1,-1,0,-1
2021991042559,2021,991042559,2,19,0,3,3,7,3,0,0,0,0,0,0,0,2,1,1,1,1,30,6,2143,2,4,MERCEDES SPRINTER,-1,-1,0,-1
2021622100929,2021,622100929,1,20,0,4,4,8,4,0,0,0,1,0,1,7,1,1,1,1,1,27,6,-1,-1,-1,MERCEDES SPRINTER,5,W01000698,0,-1
2021111030813,2021,111030813,2,19,0,9,9,3,1,0,0,0,0,0,0,0,3,1,1,1,1,54,8,2148,2,14,MERCEDES SPRINTER,3,E01020834,0,-1
2021461048637,2021,461048637,1,19,0,18,19,3,7,0,0,0,0,0,0,0,4,1,6,6,1,-1,-1,2148,2,12,MERCEDES SPRINTER,2,E01003546,0,-1
2021010312485,2021,010312485,2,19,9,99,99,9,9,99,99,9,9,99,9,99,9,9,6,6,3,-1,-1,2143,2,1,MERCEDES SPRINTER,2,E01003980,0,-1
2021141019749,2021,141019749,1,19,0,9,9,8,6,0,0,2,0,4,0,0,1,1,1,1,1,26,6,2143,2,3,MERCEDES SPRINTER,2,E01007326,0,-1
2021010296651,2021,010296651,1,19,0,9,9,7,5,0,0,6,0,0,0,0,3,1,1,1,1,24,5,2143,2,10,MERCEDES SPRINTER,2,E01003506,0,-1
2021622100747,2021,622100747,2,21,0,18,19,4,8,0,0,0,0,0,0,0,2,1,1,1,1,56,9,2143,2,2,MERCEDES SPRINTER,8,W01001945,0,-1
2021010348183,2021,010348183,2,19,0,1,1,1,5,0,0,1,0,0,0,0,2,1,1,1,1,55,8,1950,2,0,MERCEDES SPRINTER,-1,-1,0,-1
2021010287601,2021,010287601,1,90,0,13,13,5,1,0,0,2,0,0,0,0,1,1,1,1,1,24,5,2987,2,3,MERCEDES SPRINTER,2,E01004238,0,-1
2021070553997,2021,070553997,1,20,0,18,19,2,6,0,0,0,0,0,0,0,1,1,1,1,1,-1,-1,2143,2,5,MERCEDES SPRINTER,-1,-1,0,-1
2021401126765,2021,401126765,2,19,0,5,5,3,8,0,0,0,0,0,0,0,1,1,1,1,1,57,9,2143,2,2,MERCEDES SPRINTER,3,E01017514,0,-1
2021010346111,2021,010346111,1,19,0,18,19,1,5,0,0,1,0,0,0,0,1,1,1,1,1,27,6,2143,2,12,MERCEDES SPRINTER,2,E01004341,0,-1
202163B052921,2021,63B052921,1,19,0,18,19,7,3,0,0,0,0,0,0,0,3,1,6,6,1,55,8,2143,2,1,MERCEDES SPRINTER,6,W01000519,0,-1
2021421077251,2021,421077251,2,19,0,4,4,4,8,0,0,1,0,0,0,0,2,1,1,1,1,48,8,2143,2,1,MERCEDES SPRINTER,8,E01021924,0,-1
2021010350885,2021,010350885,2,19,0,99,99,9,9,99,99,9,9,99,9,99,9,9,6,6,3,-1,-1,2143,2,10,MERCEDES SPRINTER,8,E01002575,0,-1
2021111036674,2021,111036674,2,19,0,18,19,7,3,0,0,0,0,0,0,0,1,1,6,6,1,53,8,2143,2,11,MERCEDES SPRINTER,1,E01020902,0,-1
2021010328154,2021,010328154,2,19,0,18,19,7,3,0,0,1,0,0,0,0,1,1,6,6,3,-1,-1,2143,2,8,MERCEDES SPRINTER,-1,-1,0,-1
2021421017288,2021,421017288,1,20,0,4,4,7,3,0,0,0,1,0,0,0,1,1,1,1,1,26,6,-1,-1,-1,MERCEDES SPRINTER,2,E01011854,0,-1
2021161042120,2021,161042120,2,19,0,1,1,5,3,0,0,8,0,0,0,0,2,1,6,6,3,-1,-1,2143,2,12,MERCEDES SPRINTER,-1,-1,0,-1
2021471029228,2021,471029228,2,19,0,18,19,8,4,0,0,0,0,0,0,0,3,1,1,1,1,61,9,2143,2,2,MERCEDES SPRINTER,10,E01031578,0,-1
2021031113295,2021,031113295,2,19,0,9,9,8,2,0,0,1,0,0,0,0,3,1,2,2,1,26,6,2987,2,2,MERCEDES SPRINTER,4,E01019218,0,-1
2021411077939,2021,411077939,1,90,0,18,19,7,3,0,0,0,0,0,0,0,0,1,1,1,1,57,9,2987,2,5,MERCEDES SPRINTER,4,E01016724,0,-1
2021201195551,2021,201195551,1,19,0,1,1,6,2,0,0,0,0,0,0,0,2,1,1,1,1,39,7,2143,2,5,MERCEDES SPRINTER,4,E01009223,0,-1
2021421036003,2021,421036003,1,19,0,18,19,5,1,0,0,0,0,0,0,0,1,1,1,1,1,47,8,2143,2,4,MERCEDES SPRINTER,4,E01022011,0,-1
2021201058806,2021,201058806,1,19,0,16,19,5,1,0,0,2,0,0,0,0,4,1,1,1,1,56,9,2143,2,2,MERCEDES SPRINTER,7,E01029823,0,-1
202163A016521,2021,63A016521,1,19,0,5,5,1,5,0,0,2,0,0,0,0,1,1,1,1,1,55,8,2143,2,2,MERCEDES SPRINTER,4,W01001330,0,-1
2021471073131,2021,471073131,1,19,0,16,19,4,8,0,0,0,0,0,0,0,3,1,1,1,1,41,7,2143,2,7,MERCEDES SPRINTER,2,E01021179,0,-1
2021221113827,2021,221113827,2,19,0,18,19,1,5,0,0,1,0,0,0,0,1,1,1,1,1,29,6,2143,2,3,MERCEDES SPRINTER,2,E01028934,0,-1
2021991070171,2021,991070171,2,19,0,18,19,1,5,0,0,0,0,0,1,0,3,1,1,1,1,36,7,2143,2,0,MERCEDES SPRINTER,1,-1,0,-1
2021461113947,2021,461113947,2,20,0,3,3,6,2,0,0,0,0,0,0,0,2,1,6,6,1,64,9,-1,-1,-1,MERCEDES SPRINTER,10,E01024631,0,-1
2021221041824,2021,221041824,2,90,0,18,19,5,1,0,0,0,0,0,0,0,1,1,1,1,1,36,7,2987,2,2,MERCEDES SPRINTER,5,E01014032,0,-1
2021010311059,2021,010311059,1,19,0,99,99,9,9,99,99,9,9,99,9,99,9,9,6,6,3,52,8,2143,2,3,MERCEDES SPRINTER,3,E01003727,0,-1
2021991184515,2021,991184515,1,19,0,18,19,3,7,0,0,4,0,0,0,0,1,1,1,1,1,37,7,2143,2,10,MERCEDES SPRINTER,10,-1,0,-1
2021031024839,2021,031024839,1,20,0,17,19,2,7,0,0,2,0,0,0,0,1,1,6,6,1,46,8,-1,-1,-1,MERCEDES SPRINTER,4,E01008732,0,-1
2021101063941,2021,101063941,1,19,0,8,8,6,2,0,0,4,0,0,0,0,1,1,6,6,1,64,9,2143,2,7,MERCEDES SPRINTER,5,E01027448,0,-1
2021010291847,2021,010291847,2,19,0,7,7,3,5,0,0,8,0,0,0,0,4,1,1,1,2,31,6,2143,2,2,MERCEDES SPRINTER,2,E01001633,0,-1
2021061062321,2021,061062321,1,19,0,3,3,7,3,0,0,1,0,0,0,0,4,1,6,6,1,41,7,2143,2,5,MERCEDES SPRINTER,8,E01006345,0,-1
2021131104353,2021,131104353,3,20,0,18,19,3,7,0,0,0,0,0,0,0,1,1,6,6,1,79,11,-1,-1,-1,MERCEDES SPRINTER,1,E01010744,0,-1
2021010325086,2021,010325086,1,20,9,99,99,9,9,99,99,9,9,99,9,99,9,9,6,6,1,42,7,2143,2,1,MERCEDES SPRINTER,2,E01002604,0,-1
2021010345692,2021,010345692,1,19,0,18,19,2,6,0,0,0,0,0,0,0,1,1,6,6,1,33,6,1950,2,0,MERCEDES SPRINTER,3,E01002303,0,-1
2021070677400,2021,070677400,2,20,0,16,19,3,7,0,0,0,0,0,0,0,1,1,1,1,1,34,6,-1,-1,-1,MERCEDES SPRINTER,3,E01006286,0,-1
2021061061509,2021,061061509,1,19,0,4,4,3,7,0,0,0,0,0,0,0,1,1,6,6,1,28,6,2143,2,9,MERCEDES SPRINTER,1,E01033220,0,-1
2021451069096,2021,451069096,1,19,0,18,19,5,1,0,0,1,0,0,0,0,1,1,1,1,1,36,7,2143,2,4,MERCEDES SPRINTER,6,E01003852,0,-1
2021351057811,2021,351057811,1,19,0,17,19,2,6,0,0,0,1,0,1,4,3,1,2,2,1,38,7,2143,2,3,MERCEDES SPRINTER,5,E01018158,0,-1
2021061057707,2021,061057707,1,19,0,18,19,1,5,0,0,1,0,0,0,0,1,1,6,6,1,32,6,2143,2,6,MERCEDES SPRINTER,5,E01006008,0,-1
2021221073065,2021,221073065,1,19,0,13,13,6,3,0,0,1,0,0,0,0,1,1,6,6,1,38,7,2143,2,5,MERCEDES SPRINTER,7,E01016680,0,-1
2021101125569,2021,101125569,2,19,-1,2,2,3,7,6,6,0,1,-1,0,0,2,1,2,2,1,61,9,-1,-1,-1,MERCEDES SPRINTER,6,E01007252,0,-1
2021010322438,2021,010322438,1,19,0,99,99,9,9,0,0,0,9,0,0,0,9,9,6,6,3,-1,-1,2151,2,19,MERCEDES SPRINTER,-1,-1,0,-1
2021161055926,2021,161055926,2,19,0,18,19,7,3,0,0,8,0,0,0,0,2,1,1,1,1,-1,-1,2143,2,6,MERCEDES SPRINTER,-1,-1,0,-1
2021401096257,2021,401096257,2,19,0,6,6,3,7,0,0,0,1,0,0,0,3,1,5,6,1,53,8,2143,2,9,MERCEDES SPRINTER,1,E01002073,0,-1
2021010323693,2021,010323693,1,19,0,9,9,1,6,0,0,2,0,0,0,0,3,1,1,1,1,25,5,2143,2,1,MERCEDES SPRINTER,5,E01002591,0,-1
2021122100192,2021,122100192,1,19,0,13,13,1,5,0,0,8,0,0,7,0,1,1,1,1,1,64,9,2143,2,2,MERCEDES SPRINTER,5,E01027775,0,-1
2021201146087,2021,201146087,1,19,0,18,19,2,6,9,9,1,0,5,0,0,1,1,1,1,1,57,9,1950,2,0,MERCEDES SPRINTER,4,E01025843,0,-1
2021010332429,2021,010332429,2,19,0,2,2,0,0,9,9,1,0,0,0,0,1,2,6,6,3,-1,-1,2148,2,15,MERCEDES SPRINTER,-1,-1,0,-1
2021461025249,2021,461025249,1,19,0,5,5,5,1,0,0,0,0,0,0,0,1,1,6,6,1,31,6,2148,2,14,MERCEDES SPRINTER,2,E01001709,0,-1
2021041026951,2021,041026951,1,19,0,1,1,5,1,0,0,0,0,0,0,0,2,1,1,1,1,31,6,2143,2,6,MERCEDES SPRINTER,3,E01025306,0,-1
2021471046478,2021,471046478,2,19,0,3,3,3,7,0,0,1,0,0,0,0,2,1,1,1,1,23,5,2143,2,2,MERCEDES SPRINTER,9,E01031719,0,-1
2021501021777,2021,501021777,1,19,0,18,19,7,2,0,0,0,0,0,0,0,4,1,6,6,1,41,7,2143,2,6,MERCEDES SPRINTER,6,E01015079,0,-1
2021421047716,2021,421047716,2,19,0,18,19,8,4,0,0,0,0,0,1,0,1,1,1,1,1,51,8,2143,2,3,MERCEDES SPRINTER,9,E01022063,0,-1
2021471074517,2021,471074517,1,19,0,9,9,1,8,0,0,8,0,0,0,0,3,1,1,1,1,21,5,2143,2,3,MERCEDES SPRINTER,7,E01004153,0,-1
2021430121989,2021,430121989,1,20,0,10,10,7,5,0,0,1,0,0,0,0,1,1,1,1,1,35,6,2143,2,4,MERCEDES SPRINTER,10,E01017405,0,-1
2021010330522,2021,010330522,1,19,5,4,4,7,3,0,0,0,0,0,0,0,1,1,1,1,1,25,5,2143,2,10,MERCEDES SPRINTER,5,E01002202,0,-1
2021991071616,2021,991071616,1,19,0,16,19,4,7,0,0,1,0,0,0,0,1,1,1,1,1,41,7,2148,2,13,MERCEDES SPRINTER,1,-1,0,-1
2021201028947,2021,201028947,1,19,0,7,7,7,2,0,0,7,0,0,0,0,1,1,6,6,1,-1,-1,2143,2,7,MERCEDES SPRINTER,-1,-1,0,-1
2021371046153,2021,371046153,1,19,0,5,5,4,8,0,0,8,0,0,0,0,1,1,1,1,1,43,7,2143,2,8,MERCEDES SPRINTER,2,E01026803,0,-1
2021041012281,2021,041012281,1,19,0,18,19,7,3,0,0,0,0,0,0,0,1,1,1,1,1,54,8,2143,2,8,MERCEDES SPRINTER,4,E01025213,0,-1
2021061108064,2021,061108064,1,11,0,18,19,1,5,0,0,0,0,0,0,0,0,1,6,6,3,30,6,2143,2,3,MERCEDES SPRINTER,1,E01004811,0,-1
2021141022299,2021,141022299,2,19,0,2,2,6,2,0,0,0,0,0,0,0,0,1,6,6,3,-1,-1,2143,2,1,MERCEDES SPRINTER,-1,-1,0,-1
2021302100241,2021,302100241,2,19,0,2,2,0,0,0,0,0,0,0,0,0,2,1,6,6,1,36,7,2143,2,6,MERCEDES SPRINTER,2,E01013847,0,-1
2021010314211,2021,010314211,2,19,0,99,99,9,9,99,99,9,9,99,9,99,1,9,6,6,3,-1,-1,2143,2,1,MERCEDES SPRINTER,9,E01002164,0,-1
2021501102542,2021,501102542,1,19,0,18,19,4,8,0,0,1,0,0,0,0,1,1,1,1,2,21,5,2143,2,1,MERCEDES SPRINTER,7,E01018934,0,-1
2021101054107,2021,101054107,2,19,0,18,19,2,6,0,0,1,0,0,0,0,1,1,1,1,1,26,6,2143,2,6,MERCEDES SPRINTER,1,E01008736,0,-1
2021052100726,2021,052100726,2,19,0,18,19,8,4,0,0,8,0,0,7,2,1,1,6,6,1,35,6,2143,2,9,MERCEDES SPRINTER,7,E01006940,0,-1
2021010316912,2021,010316912,1,19,0,18,19,5,1,0,0,0,0,0,0,0,4,1,6,6,1,22,5,2143,2,1,MERCEDES SPRINTER,3,E01003209,0,-1
2021461072560,2021,461072560,2,19,0,18,19,5,1,0,0,4,0,0,0,0,1,1,6,6,1,40,7,2143,2,3,MERCEDES SPRINTER,9,E01032821,0,-1
2021320506130,2021,320506130,1,19,0,18,19,4,8,0,0,0,1,10,1,4,3,1,1,1,1,28,6,2143,2,5,MERCEDES SPRINTER,6,E01026040,0,-1
2021430457606,2021,430457606,2,20,0,1,1,1,5,0,0,0,0,0,0,0,2,1,6,6,1,-1,-1,-1,-1,-1,MERCEDES SPRINTER,5,E01016472,0,-1
2021041091618,2021,041091618,1,19,0,18,19,1,5,0,0,3,0,0,0,0,2,1,1,1,1,36,7,2143,2,7,MERCEDES SPRINTER,4,E01006890,0,-1
2021061099985,2021,061099985,2,19,0,18,19,7,3,0,0,0,0,0,0,0,0,1,2,2,1,20,4,2143,2,2,MERCEDES SPRINTER,1,E01006443,0,-1
2021401024635,2021,401024635,2,19,0,18,19,5,1,0,0,1,0,0,0,0,1,1,1,1,1,24,5,2143,2,4,MERCEDES SPRINTER,5,E01023643,0,-1
2021111071218,2021,111071218,5,19,0,2,2,0,0,0,0,1,0,0,0,0,3,1,1,1,1,29,6,2143,2,2,MERCEDES SPRINTER,7,E01020853,0,-1
2021361044492,2021,361044492,1,19,0,7,7,5,7,0,0,8,0,0,0,0,4,1,1,1,1,63,9,2143,2,0,MERCEDES SPRINTER,1,E01026798,0,-1
2021201086080,2021,201086080,2,19,0,18,19,3,7,0,0,1,0,0,0,0,3,1,2,2,1,51,8,2143,2,6,MERCEDES SPRINTER,7,E01010505,0,-1
2021522103043,2021,522103043,1,19,0,3,3,5,1,0,0,0,0,0,0,0,2,1,6,6,2,55,8,2143,2,3,MERCEDES SPRINTER,3,E01014690,0,-1
2021041058867,2021,041058867,2,19,0,18,19,1,5,0,0,0,0,0,0,0,1,1,1,1,1,23,5,2143,2,1,MERCEDES SPRINTER,5,E01025061,0,-1
2021010332873,2021,010332873,1,19,0,2,2,0,0,0,0,1,0,4,0,0,3,1,6,6,3,-1,-1,2987,2,3,MERCEDES SPRINTER,-1,-1,0,-1
2021010336486,2021,010336486,2,19,0,5,5,3,7,0,0,8,0,0,0,0,1,1,1,1,1,24,5,2143,2,2,MERCEDES SPRINTER,6,E01033308,0,-1
2021451056193,2021,451056193,2,19,0,18,19,1,5,0,0,4,5,0,0,0,2,1,6,6,3,45,7,2143,2,3,MERCEDES SPRINTER,6,E01030714,0,-1
2021010304323,2021,010304323,1,19,0,18,19,6,2,0,0,2,2,10,1,2,1,1,1,1,1,21,5,2143,2,7,MERCEDES SPRINTER,4,E01001336,0,-1
2021461064292,2021,461064292,1,19,0,18,19,7,3,0,0,0,0,0,0,0,4,1,1,1,1,30,6,2143,2,0,MERCEDES SPRINTER,8,E01024762,0,-1
2021351052847,2021,351052847,2,19,0,3,3,7,3,0,0,0,5,0,0,0,2,1,1,1,1,60,9,2143,2,7,MERCEDES SPRINTER,9,E01017549,0,-1
2021070513928,2021,070513928,1,19,0,18,19,2,6,0,0,0,0,0,0,0,1,1,1,1,1,22,5,2143,2,5,MERCEDES SPRINTER,1,E01012441,0,-1
2021501034037,2021,501034037,1,19,0,5,5,3,7,0,0,6,0,0,0,0,1,1,1,1,1,40,7,1950,2,1,MERCEDES SPRINTER,2,E01018865,0,-1
2021552100408,2021,552100408,1,19,0,7,7,6,8,0,0,5,0,0,0,0,4,1,1,1,1,28,6,2143,2,5,MERCEDES SPRINTER,5,E01015334,0,-1
2021010298685,2021,010298685,1,19,0,7,7,1,3,0,0,1,0,0,0,0,3,1,1,1,1,40,7,2143,2,1,MERCEDES SPRINTER,2,E01001331,0,-1
2021170M30891,2021,170M30891,1,19,0,3,3,4,8,0,0,1,0,0,0,0,2,1,6,6,1,48,8,2143,2,6,MERCEDES SPRINTER,1,E01012266,0,-1
2021010304146,2021,010304146,2,19,0,99,99,9,9,99,99,9,9,99,9,99,1,9,6,6,3,-1,-1,2143,2,8,MERCEDES SPRINTER,3,E01001548,0,-1
2021211148075,2021,211148075,1,19,0,9,9,5,3,0,0,8,0,0,0,0,1,1,1,1,1,50,8,2143,2,2,MERCEDES SPRINTER,1,E01014251,0,-1
2021041020066,2021,041020066,1,19,0,18,19,1,5,0,0,0,0,0,0,0,0,1,1,1,1,32,6,2143,2,6,MERCEDES SPRINTER,8,E01005016,0,-1
2021501129478,2021,501129478,1,19,0,1,1,5,1,0,0,0,0,0,0,0,2,1,1,1,1,63,9,2143,2,7,MERCEDES SPRINTER,6,E01020160,0,-1
2021010329723,2021,010329723,1,19,0,18,19,6,2,0,0,1,0,0,0,0,4,1,2,2,1,29,6,2143,2,5,MERCEDES SPRINTER,10,E01029308,0,-1
2021451067013,2021,451067013,1,19,0,18,19,6,2,0,0,0,0,0,0,0,1,1,1,1,1,54,8,2143,2,6,MERCEDES SPRINTER,3,E01001045,0,-1
2021141067698,2021,141067698,1,19,0,18,19,8,5,0,0,0,0,0,0,0,2,1,1,1,1,48,8,2143,2,7,MERCEDES SPRINTER,2,E01008752,0,-1
2021010308400,2021,010308400,2,20,0,18,19,1,5,0,0,1,0,0,0,0,1,1,2,2,1,27,6,-1,-1,-1,MERCEDES SPRINTER,-1,-1,0,-1
2021010332684,2021,010332684,1,19,0,7,7,5,6,0,0,5,0,0,0,0,3,1,1,1,1,29,6,2143,2,3,MERCEDES SPRINTER,8,E01003765,0,-1
2021552101203,2021,552101203,1,19,0,9,9,8,7,0,0,8,0,0,0,0,1,1,1,1,1,37,7,2143,2,9,MERCEDES SPRINTER,1,E01015772,0,-1
2021131126226,2021,131126226,2,19,0,18,19,1,5,0,0,0,0,0,0,0,1,1,6,6,1,42,7,2143,2,9,MERCEDES SPRINTER,4,E01010601,0,-1
2021221091534,2021,221091534,3,19,0,4,4,5,1,0,0,0,0,0,0,0,2,1,1,1,1,64,9,2143,2,6,MERCEDES SPRINTER,5,E01009863,0,-1