collision_index,collision_year,collision_ref_no,vehicle_reference,vehicle_type,towing_and_articulation,vehicle_manoeuvre_historic,vehicle_manoeuvre,vehicle_direction_from,vehicle_direction_to,vehicle_location_restricted_lane_historic,vehicle_location_restricted_lane,junction_location,skidding_and_overturning,hit_object_in_carriageway,vehicle_leaving_carriageway,hit_object_off_carriageway,first_point_of_impact,vehicle_left_hand_drive,journey_purpose_of_driver_historic,journey_purpose_of_driver,sex_of_driver,age_of_driver,age_band_of_driver,engine_capacity_cc,propulsion_code,age_of_vehicle,generic_make_model,driver_imd_decile,lsoa_of_driver,escooter_flag,driver_distance_banding
2021070247591,2021,070247591,2,19,0,4,4,2,6,0,0,0,0,0,0,0,2,1,1,1,1,48,8,2143,2,9,MERCEDES SPRINTER,3,E01018378,0,-1
2021440223520,2021,440223520,2,19,0,10,10,7,8,0,0,1,0,0,0,0,3,1,1,1,1,22,5,2143,2,2,MERCEDES SPRINTER,5,E01017021,0,-1
2021361131166,2021,361131166,1,19,0,6,6,1,1,0,0,8,0,0,0,0,3,1,1,1,1,44,7,2143,2,3,MERCEDES SPRINTER,3,E01026617,0,-1
2021421031983,2021,421031983,1,19,0,2,2,8,5,9,9,0,0,0,0,0,3,1,1,1,1,54,8,2148,2,12,MERCEDES SPRINTER,4,E01022036,0,-1
202163C030821,2021,63C030821,1,19,0,9,9,6,2,9,9,0,0,0,0,0,2,1,6,6,1,45,7,2143,2,8,MERCEDES SPRINTER,6,W01000645,0,-1
2021430259113,2021,430259113,1,19,0,18,19,4,8,0,0,0,0,0,0,0,4,1,1,1,1,57,9,2143,2,5,MERCEDES SPRINTER,6,E01028677,0,-1
2021010343861,2021,010343861,5,19,0,2,2,0,0,0,0,0,0,0,0,0,0,1,6,6,3,-1,-1,1950,2,0,MERCEDES SPRINTER,-1,-1,0,-1
2021010351654,2021,010351654,1,19,0,9,9,5,3,0,0,1,0,0,0,0,1,1,1,1,1,20,4,2143,2,1,MERCEDES SPRINTER,2,E01000526,0,-1
2021010323920,2021,010323920,2,19,0,4,4,1,5,0,0,1,0,0,0,0,1,1,1,1,1,56,9,2143,2,0,MERCEDES SPRINTER,2,E01000223,0,-1
2021131083599,2021,131083599,1,19,0,18,19,3,7,0,0,0,0,0,0,0,1,1,1,1,1,34,6,2143,2,3,MERCEDES SPRINTER,8,E01010758,0,-1
2021010289661,2021,010289661,2,19,0,18,19,1,5,0,0,1,0,0,0,0,1,1,6,6,3,-1,-1,2143,2,1,MERCEDES SPRINTER,-1,-1,0,-1
2021122100540,2021,122100540,2,19,0,8,8,3,7,0,0,0,0,0,0,0,2,2,1,1,1,44,7,2143,2,1,MERCEDES SPRINTER,4,E01027608,0,-1
2021010339095,2021,010339095,1,19,0,15,15,1,5,0,0,0,0,0,0,0,0,1,6,6,1,45,7,2987,2,3,MERCEDES SPRINTER,-1,-1,0,-1
2021411080815,2021,411080815,1,19,0,18,19,4,8,0,0,0,0,4,0,0,1,1,1,1,1,49,8,2143,2,1,MERCEDES SPRINTER,1,E01011144,0,-1
2021471084220,2021,471084220,4,19,0,2,2,0,0,0,0,0,0,0,0,0,0,1,1,1,1,41,7,2143,2,5,MERCEDES SPRINTER,5,E01016991,0,-1
2021610059521,2021,610059521,1,19,0,1,1,5,1,9,9,0,0,0,0,0,2,1,1,1,1,33,6,2143,2,2,MERCEDES SPRINTER,2,W01001526,0,-1
2021430520685,2021,430520685,2,20,0,18,19,7,3,0,0,8,0,0,0,0,1,1,1,1,1,21,5,2143,2,2,MERCEDES SPRINTER,7,E01016728,0,-1
2021221103265,2021,221103265,2,19,0,17,19,6,2,0,0,0,0,0,0,0,1,1,1,1,1,38,7,2143,2,8,MERCEDES SPRINTER,5,E01028959,0,-1
2021501040149,2021,501040149,1,19,0,1,1,8,4,0,0,1,0,0,0,0,2,1,1,1,1,55,8,2143,2,3,MERCEDES SPRINTER,9,E01015105,0,-1
2021052102933,2021,052102933,1,19,0,5,5,3,7,0,0,1,0,0,0,0,1,1,1,1,1,34,6,2143,2,1,MERCEDES SPRINTER,2,E01007139,0,-1
2021549594621,2021,549594621,1,19,0,18,19,7,3,0,0,0,0,0,0,0,1,1,1,1,1,65,9,2143,2,3,MERCEDES SPRINTER,10,E01014855,0,-1
2021010352077,2021,010352077,1,19,9,18,19,1,5,99,99,0,9,99,9,99,9,1,6,6,1,19,4,2143,2,3,MERCEDES SPRINTER,2,E01004284,0,-1
2021041050512,2021,041050512,3,19,0,10,10,6,2,0,0,1,0,0,0,0,2,1,6,6,1,67,10,2148,2,12,MERCEDES SPRINTER,9,E01006316,0,-1
2021371071624,2021,371071624,2,19,0,7,7,4,6,0,0,0,0,0,0,0,4,1,1,1,1,41,7,2143,2,0,MERCEDES SPRINTER,3,E01030025,0,-1
2021010336212,2021,010336212,2,19,0,99,99,9,9,99,99,0,9,99,9,99,9,9,6,6,3,-1,-1,2143,2,4,MERCEDES SPRINTER,-1,-1,0,-1
2021302100898,2021,302100898,2,19,0,7,7,8,2,0,0,6,0,0,0,0,3,1,1,1,1,29,6,2143,2,4,MERCEDES SPRINTER,-1,-1,0,-1
2021991058167,2021,991058167,2,19,0,2,2,0,0,0,0,0,0,0,0,0,2,1,1,1,1,28,6,2143,2,0,MERCEDES SPRINTER,10,-1,0,-1
2021320086887,2021,320086887,1,19,0,18,19,7,3,0,0,0,0,0,1,0,1,1,2,2,1,22,5,2143,2,4,MERCEDES SPRINTER,8,E01026368,0,-1
2021430301996,2021,430301996,2,19,0,7,7,2,4,0,0,6,0,0,0,0,2,1,1,1,1,33,6,2143,2,3,MERCEDES SPRINTER,5,E01028605,0,-1
2021031120422,2021,031120422,2,11,0,18,19,5,1,0,0,0,5,0,0,0,1,1,1,1,1,63,9,2143,2,1,MERCEDES SPRINTER,3,E01019081,0,-1
2021010311694,2021,010311694,1,19,0,18,19,1,5,0,0,1,0,0,0,0,4,1,2,2,1,35,6,2143,2,12,MERCEDES SPRINTER,4,E01002611,0,-1
2021010319865,2021,010319865,2,19,0,18,19,3,7,0,0,1,0,0,0,0,1,1,2,2,1,30,6,2143,2,8,MERCEDES SPRINTER,7,E01002679,0,-1
2021461066754,2021,461066754,1,19,0,1,1,7,0,0,0,0,0,0,0,0,2,1,6,6,1,41,7,2143,2,2,MERCEDES SPRINTER,4,E01015972,0,-1
2021010337433,2021,010337433,2,20,0,99,99,9,9,99,99,9,9,99,9,99,4,9,6,6,1,-1,-1,2143,2,5,MERCEDES SPRINTER,2,E01003111,0,-1
2021061091707,2021,061091707,1,19,0,18,19,7,3,0,0,0,0,0,0,0,1,1,1,1,1,74,10,2143,2,8,MERCEDES SPRINTER,1,E01011346,0,-1
2021430072103,2021,430072103,1,19,0,13,13,1,5,0,0,0,0,0,0,0,4,1,6,6,1,42,7,2143,2,2,MERCEDES SPRINTER,4,E01002631,0,-1
2021010294279,2021,010294279,2,19,0,12,12,1,5,0,0,1,0,0,0,0,4,1,1,1,1,29,6,2143,2,1,MERCEDES SPRINTER,6,E01023921,0,-1
2021221075194,2021,221075194,2,19,0,18,19,8,4,0,0,0,0,0,0,0,2,1,1,1,1,51,8,2148,2,14,MERCEDES SPRINTER,7,E01010518,0,-1
2021010332472,2021,010332472,1,20,0,5,5,3,7,0,0,1,0,0,0,0,1,1,1,1,1,45,7,-1,-1,-1,MERCEDES SPRINTER,10,E01000839,0,-1
2021471078335,2021,471078335,1,19,0,9,9,7,5,0,0,8,0,0,0,0,1,1,1,1,1,49,8,2143,2,6,MERCEDES SPRINTER,-1,-1,0,-1
2021010334091,2021,010334091,3,19,0,9,9,3,1,0,0,6,0,0,0,0,1,1,1,1,1,27,6,2143,2,4,MERCEDES SPRINTER,3,E01002401,0,-1
2021311057997,2021,311057997,1,19,0,18,19,1,5,0,0,1,0,0,0,0,1,1,1,1,1,21,5,2143,2,5,MERCEDES SPRINTER,1,E01015602,0,-1
2021991096813,2021,991096813,1,19,0,18,19,7,3,0,0,0,0,0,0,0,1,1,5,6,1,33,6,-1,-1,-1,MERCEDES SPRINTER,3,-1,0,-1
2021070753086,2021,070753086,1,19,0,18,19,5,1,0,0,0,0,0,0,0,1,1,6,6,1,41,7,2143,2,5,MERCEDES SPRINTER,1,E01005918,0,-1
2021010345196,2021,010345196,2,19,0,18,19,7,3,2,2,8,0,0,0,0,3,1,1,1,2,30,6,-1,-1,-1,MERCEDES SPRINTER,2,E01004197,0,-1
2021430370701,2021,430370701,1,19,0,18,19,3,7,0,0,0,0,0,0,0,1,1,1,1,1,39,7,2148,2,14,MERCEDES SPRINTER,-1,-1,0,-1
2021501030550,2021,501030550,1,19,0,18,19,2,6,0,0,0,0,0,0,0,1,1,1,1,1,71,10,-1,-1,-1,MERCEDES SPRINTER,4,E01029309,0,-1
2021010323151,2021,010323151,2,19,0,18,19,5,1,0,0,1,0,0,0,0,4,1,1,1,3,-1,-1,-1,-1,-1,MERCEDES SPRINTER,-1,-1,0,-1
2021141114913,2021,141114913,1,19,0,4,4,3,7,0,0,4,0,0,0,0,1,1,1,1,1,29,6,1950,2,0,MERCEDES SPRINTER,6,E01011881,0,-1
2021231115366,2021,231115366,1,19,0,5,5,7,2,0,0,6,2,0,3,9,1,1,1,1,1,26,6,2143,2,10,MERCEDES SPRINTER,3,E01010144,0,-1
2021421043025,2021,421043025,1,19,0,9,9,6,3,0,0,1,0,0,0,0,1,1,1,1,1,54,8,2143,2,3,MERCEDES SPRINTER,1,E01022042,0,-1
2021201053470,2021,201053470,2,19,0,18,19,2,4,0,0,5,0,0,0,0,1,1,1,1,1,61,9,1950,2,0,MERCEDES SPRINTER,2,E01010001,0,-1
2021141064333,2021,141064333,3,19,0,18,19,1,5,0,0,0,0,0,0,0,3,1,6,6,1,27,6,2143,2,11,MERCEDES SPRINTER,4,E01007761,0,-1
2021010345148,2021,010345148,1,19,0,5,5,3,7,1,1,1,0,0,0,0,4,1,1,1,1,31,6,2143,2,5,MERCEDES SPRINTER,6,E01000306,0,-1
2021010335218,2021,010335218,1,19,0,9,9,1,6,0,0,5,0,0,0,0,3,1,1,1,1,20,4,2143,2,1,MERCEDES SPRINTER,1,E01005209,0,-1
2021440276322,2021,440276322,2,19,0,9,9,6,5,0,0,8,0,0,0,0,3,1,6,6,1,-1,-1,2143,2,9,MERCEDES SPRINTER,-1,-1,0,-1
2021451067720,2021,451067720,2,19,0,10,10,6,2,0,0,8,0,0,0,0,2,1,1,1,1,21,5,2143,2,5,MERCEDES SPRINTER,9,E01030975,0,-1
2021010293862,2021,010293862,2,19,0,18,19,5,1,0,0,1,0,0,0,0,1,1,6,6,1,28,6,2143,2,4,MERCEDES SPRINTER,2,E01001143,0,-1
2021461017705,2021,461017705,1,19,0,18,19,7,3,0,0,0,0,0,0,0,1,1,6,6,1,45,7,2143,2,4,MERCEDES SPRINTER,3,E01027060,0,-1
202131C164321,2021,31C164321,1,19,0,18,19,7,3,0,0,2,0,0,0,0,1,1,1,1,3,-1,-1,1950,2,0,MERCEDES SPRINTER,-1,-1,0,-1
2021471051012,2021,471051012,4,19,0,18,19,8,4,0,0,0,0,0,0,0,1,1,5,6,1,28,6,-1,-1,-1,MERCEDES SPRINTER,9,E01027690,0,-1
2021201078726,2021,201078726,1,19,0,6,6,8,8,0,0,8,0,0,0,0,1,1,1,1,1,48,8,2143,2,8,MERCEDES SPRINTER,5,E01010534,0,-1
2021122100287,2021,122100287,1,19,0,1,1,2,7,0,0,0,0,0,0,0,2,1,1,1,1,25,5,2143,2,10,MERCEDES SPRINTER,2,E01032487,0,-1
2021401042587,2021,401042587,3,19,0,2,2,0,0,0,0,0,0,0,0,0,4,1,6,6,1,38,7,2143,2,2,MERCEDES SPRINTER,3,E01017596,0,-1
2021361060209,2021,361060209,1,19,0,18,19,8,4,0,0,1,0,0,0,0,1,1,1,1,1,20,4,2143,2,2,MERCEDES SPRINTER,7,E01011416,0,-1
2021010330319,2021,010330319,1,19,0,18,19,1,5,0,0,0,0,0,0,0,3,1,1,1,1,35,6,2143,2,4,MERCEDES SPRINTER,4,E01032566,0,-1
2021522101479,2021,522101479,1,19,0,18,19,6,2,0,0,2,0,0,0,0,4,1,1,1,2,51,8,-1,-1,-1,MERCEDES SPRINTER,9,E01014965,0,-1
2021131080003,2021,131080003,3,19,0,18,19,5,1,0,0,0,0,0,0,0,1,1,6,6,1,31,6,2143,2,6,MERCEDES SPRINTER,2,E01009997,0,-1
2021010306880,2021,010306880,2,19,0,99,99,9,9,99,99,9,9,99,9,99,1,9,6,6,3,-1,-1,2143,2,10,MERCEDES SPRINTER,-1,-1,0,-1
2021010343821,2021,010343821,2,20,9,99,99,9,9,99,99,0,9,99,9,99,9,9,6,6,1,38,7,-1,-1,-1,MERCEDES SPRINTER,3,E01002548,0,-1
2021010308696,2021,010308696,1,19,0,18,19,1,5,0,0,0,0,0,0,0,1,1,2,2,1,61,9,2143,2,4,MERCEDES SPRINTER,2,E01022046,0,-1
2021122101221,2021,122101221,1,19,0,2,2,0,0,0,0,0,0,0,0,0,1,1,1,1,1,75,10,1950,2,0,MERCEDES SPRINTER,9,E01033186,0,-1
2021302100680,2021,302100680,1,19,0,18,19,4,8,0,0,0,0,0,0,0,1,1,1,1,1,26,6,1950,2,1,MERCEDES SPRINTER,1,E01014328,0,-1
2021010290298,2021,010290298,2,90,0,99,99,9,9,99,99,0,9,99,9,99,1,9,6,6,3,31,6,2987,2,4,MERCEDES SPRINTER,-1,-1,0,-1
2021231095813,2021,231095813,1,19,0,16,19,8,4,0,0,1,1,0,7,4,1,1,5,6,1,43,7,2143,2,7,MERCEDES SPRINTER,1,E01024876,0,-1
2021161044026,2021,161044026,2,19,0,4,4,5,1,0,0,0,0,0,0,0,1,1,1,1,1,54,8,2143,2,3,MERCEDES SPRINTER,6,E01013334,0,-1
2021430548348,2021,430548348,2,19,0,9,9,8,6,0,0,5,0,0,0,0,4,1,2,2,1,53,8,2143,2,1,MERCEDES SPRINTER,3,E01002400,0,-1
2021010302488,2021,010302488,1,10,0,3,3,7,3,9,9,6,0,0,0,0,4,1,6,6,1,40,7,2151,2,21,MERCEDES SPRINTER,3,E01001186,0,-1
2021010288441,2021,010288441,2,19,0,99,99,9,9,99,99,9,9,99,9,99,1,9,6,6,3,-1,-1,2143,2,2,MERCEDES SPRINTER,-1,-1,0,-1
2021546906721,2021,546906721,2,19,0,18,19,2,6,0,0,0,0,0,0,0,1,1,1,1,1,23,5,2143,2,1,MERCEDES SPRINTER,2,E01003490,0,-1
2021070628390,2021,070628390,1,19,0,18,19,3,7,0,0,8,0,0,0,0,1,1,1,1,1,21,5,2143,2,1,MERCEDES SPRINTER,4,E01018329,0,-1
2021320723079,2021,320723079,2,19,0,18,19,4,8,0,0,8,0,0,7,0,1,1,1,1,1,29,6,2143,2,1,MERCEDES SPRINTER,8,E01026229,0,-1
2021991114696,2021,991114696,2,10,0,7,7,3,5,0,0,2,0,0,0,0,4,1,1,1,1,46,8,-1,-1,-1,MERCEDES SPRINTER,1,-1,0,-1
2021010289539,2021,010289539,1,19,0,7,7,5,8,0,0,5,0,0,0,0,1,1,1,1,1,43,7,2143,2,2,MERCEDES SPRINTER,5,E01004052,0,-1
2021010334886,2021,010334886,1,20,0,6,6,3,3,0,0,0,0,0,0,0,4,1,1,1,1,39,7,2143,2,2,MERCEDES SPRINTER,6,E01002659,0,-1
2021430213545,2021,430213545,1,19,0,18,19,6,2,0,0,0,0,0,0,0,4,1,6,6,1,36,7,2143,2,1,MERCEDES SPRINTER,-1,-1,0,-1
2021543426421,2021,543426421,1,19,0,9,9,7,5,0,0,6,0,0,7,9,4,1,1,1,1,35,6,2143,2,4,MERCEDES SPRINTER,6,E01031853,0,-1
2021548621621,2021,548621621,1,19,0,18,19,4,8,0,0,0,0,0,0,0,1,1,6,6,1,39,7,2143,2,6,MERCEDES SPRINTER,9,E01022129,0,-1
2021010351216,2021,010351216,2,19,0,17,19,3,7,0,0,2,0,0,0,0,1,1,1,1,1,22,5,2143,2,1,MERCEDES SPRINTER,3,E01016474,0,-1
2021451025708,2021,451025708,2,19,0,18,19,5,1,0,0,0,0,0,0,0,3,1,1,1,1,31,6,2143,2,1,MERCEDES SPRINTER,5,E01030656,0,-1
2021320677150,2021,320677150,2,19,0,18,19,8,4,0,0,1,0,0,0,0,3,1,1,1,1,54,8,2143,2,0,MERCEDES SPRINTER,4,E01026143,0,-1
2021201047219,2021,201047219,1,19,0,1,1,8,6,0,0,5,0,0,0,0,2,1,1,1,1,56,9,2143,2,9,MERCEDES SPRINTER,2,E01010408,0,-1
2021010308349,2021,010308349,1,19,0,9,9,1,6,0,0,8,0,0,0,0,4,1,1,1,1,50,8,2143,2,2,MERCEDES SPRINTER,1,E01001634,0,-1
2021052101972,2021,052101972,1,19,0,18,19,1,5,0,0,0,0,4,0,0,1,1,1,1,1,28,6,2143,2,4,MERCEDES SPRINTER,2,E01007136,0,-1
2021061052441,2021,061052441,1,19,0,18,19,8,4,0,0,0,0,0,0,0,1,1,1,1,1,23,5,2143,2,3,MERCEDES SPRINTER,4,E01006186,0,-1
2021622100725,2021,622100725,1,20,0,9,9,5,3,0,0,8,0,0,0,0,3,1,1,1,1,24,5,-1,-1,-1,MERCEDES SPRINTER,6,W01001240,0,-1
2021010291307,2021,010291307,2,19,0,4,4,5,1,0,0,1,1,0,0,0,1,1,2,2,1,31,6,2143,2,4,MERCEDES SPRINTER,2,E01001529,0,-1
2021010327545,2021,010327545,1,19,0,99,99,9,9,99,99,9,9,99,9,99,4,9,2,2,1,33,6,2143,2,4,MERCEDES SPRINTER,9,E01001274,0,-1
2021622100139,2021,622100139,1,19,0,18,19,4,8,0,0,1,0,0,0,0,4,1,2,2,1,34,6,1950,2,1,MERCEDES SPRINTER,1,W01001219,0,-1
2021351102276,2021,351102276,1,19,0,18,19,-1,-1,0,0,0,0,0,0,0,1,1,6,6,3,-1,-1,2143,2,3,MERCEDES SPRINTER,-1,-1,0,-1
20211381C0643,2021,1381C0643,2,19,0,18,19,5,1,0,0,1,0,0,0,0,2,1,1,1,1,30,6,2143,2,5,MERCEDES SPRINTER,1,E01010700,0,-1
2021371130928,2021,371130928,1,19,0,18,19,4,8,0,0,0,0,0,1,3,1,1,1,1,1,39,7,2143,2,2,MERCEDES SPRINTER,6,E01022000,0,-1
2021430304669,2021,430304669,1,19,0,18,19,3,7,0,0,0,0,0,0,0,4,1,6,6,3,32,6,2143,2,1,MERCEDES SPRINTER,-1,-1,0,-1
2021010343262,2021,010343262,2,19,0,9,9,6,3,0,0,1,0,0,0,0,1,1,1,1,1,41,7,2148,2,16,MERCEDES SPRINTER,5,E01033731,0,-1
2021010347852,2021,010347852,1,19,0,4,4,1,5,0,0,0,0,0,0,0,1,1,6,6,1,34,6,2143,2,9,MERCEDES SPRINTER,5,E01000150,0,-1
2021010304781,2021,010304781,1,19,0,5,5,5,1,0,0,2,0,11,0,0,4,1,1,1,1,35,6,2143,2,8,MERCEDES SPRINTER,3,E01001488,0,-1
2021451073737,2021,451073737,2,19,0,18,19,7,3,0,0,0,0,0,0,0,1,1,1,1,1,53,8,2143,2,4,MERCEDES SPRINTER,3,E01030578,0,-1
2021141103714,2021,141103714,4,19,0,18,19,5,1,0,0,0,0,0,0,0,1,1,1,1,1,59,9,2143,2,1,MERCEDES SPRINTER,5,E01010746,0,-1
2021101053893,2021,101053893,1,19,0,18,19,7,3,0,0,0,0,0,0,0,1,1,1,1,1,26,6,2143,2,2,MERCEDES SPRINTER,-1,-1,0,-1
2021201115502,2021,201115502,2,19,0,18,19,5,1,0,0,1,0,0,0,0,1,1,1,1,1,43,7,2143,2,4,MERCEDES SPRINTER,1,E01008938,0,-1
2021010328143,2021,010328143,1,19,0,9,9,4,2,0,0,6,0,0,0,0,1,1,1,1,1,19,4,-1,3,1,MERCEDES SPRINTER,6,E01000165,0,-1
2021552100403,2021,552100403,1,19,0,1,1,7,3,0,0,0,0,0,0,0,2,1,1,1,1,51,8,2143,2,1,MERCEDES SPRINTER,4,E01020311,0,-1
2021461078906,2021,461078906,1,19,0,18,19,7,7,0,0,0,0,0,0,0,1,1,2,2,1,31,6,1950,2,0,MERCEDES SPRINTER,-1,-1,0,-1
202134NNC6191,2021,34NNC6191,1,19,0,18,19,3,7,0,0,0,0,0,0,0,1,1,2,2,1,72,10,2143,2,6,MERCEDES SPRINTER,7,E01031335,0,-1
2021041120941,2021,041120941,1,11,0,18,19,5,5,0,0,2,0,0,0,0,1,1,6,6,3,-1,-1,2143,2,0,MERCEDES SPRINTER,-1,-1,0,-1
2021010328786,2021,010328786,1,19,0,6,6,5,5,0,0,1,0,0,0,0,2,1,6,6,1,65,9,2143,2,4,MERCEDES SPRINTER,8,E01021793,0,-1
2021451016242,2021,451016242,2,19,0,17,19,7,3,0,0,2,1,0,0,0,1,1,1,1,1,38,7,2143,2,1,MERCEDES SPRINTER,10,E01032839,0,-1
2021010348176,2021,010348176,1,19,0,7,7,2,4,0,0,5,0,0,0,0,4,1,1,1,1,41,7,2143,2,4,MERCEDES SPRINTER,6,E01031692,0,-1
2021010313392,2021,010313392,2,90,0,4,4,1,5,0,0,1,0,0,0,0,2,1,1,1,1,-1,-1,2987,2,1,MERCEDES SPRINTER,-1,-1,0,-1
2021991085052,2021,991085052,2,19,0,9,9,6,4,0,0,8,0,0,0,0,3,1,1,1,1,29,6,2143,2,5,MERCEDES SPRINTER,4,-1,0,-1
2021991119895,2021,991119895,2,19,0,17,19,2,6,0,0,0,0,0,0,0,1,1,1,1,1,30,6,2143,2,2,MERCEDES SPRINTER,5,-1,0,-1
2021010310325,2021,010310325,1,90,9,99,99,9,9,9,9,5,0,0,0,0,0,9,6,6,3,34,6,2987,2,3,MERCEDES SPRINTER,3,E01000506,0,-1
2021501134385,2021,501134385,2,19,0,2,2,0,0,0,0,0,0,0,0,0,4,1,6,6,1,44,7,2148,2,14,MERCEDES SPRINTER,4,E01020055,0,-1
2021201097434,2021,201097434,2,19,0,2,2,0,0,0,0,8,0,0,0,0,0,1,6,6,3,-1,-1,2143,2,3,MERCEDES SPRINTER,-1,-1,0,-1
2021451083676,2021,451083676,2,19,0,9,9,1,5,0,0,1,0,0,0,0,0,1,6,6,1,36,7,2143,2,5,MERCEDES SPRINTER,8,E01003001,0,-1
2021031085465,2021,031085465,1,19,0,13,13,1,5,0,0,0,0,0,0,0,4,1,1,1,1,37,7,1950,2,1,MERCEDES SPRINTER,2,E01024951,0,-1
2021421077327,2021,421077327,1,19,0,18,19,5,1,0,0,0,0,0,0,0,1,1,1,1,1,55,8,2143,2,7,MERCEDES SPRINTER,5,E01000036,0,-1
2021430493505,2021,430493505,1,19,0,18,19,5,1,0,0,1,1,0,0,0,1,1,2,2,1,26,6,2143,2,8,MERCEDES SPRINTER,7,E01023434,0,-1
2021131114528,2021,131114528,2,19,0,3,3,1,5,0,0,1,0,0,0,0,2,1,1,1,1,37,7,2143,2,6,MERCEDES SPRINTER,8,E01010876,0,-1
2021451052464,2021,451052464,1,19,0,4,4,1,5,0,0,8,0,0,0,0,2,1,1,1,1,46,8,2143,2,6,MERCEDES SPRINTER,3,E01030793,0,-1
2021351057206,2021,351057206,3,19,0,3,3,8,4,0,0,0,0,0,0,0,2,1,1,1,1,53,8,2143,2,7,MERCEDES SPRINTER,8,E01033115,0,-1
2021471118907,2021,471118907,2,19,0,5,5,7,3,0,0,0,0,0,0,0,3,1,6,6,1,31,6,2143,2,2,MERCEDES SPRINTER,5,E01031571,0,-1
2021201064110,2021,201064110,2,19,0,18,19,4,8,0,0,8,0,0,0,0,1,1,2,2,1,30,6,2143,2,5,MERCEDES SPRINTER,5,E01009046,0,-1
2021010315045,2021,010315045,1,19,0,4,4,5,1,99,99,1,0,99,9,99,9,1,1,1,1,-1,-1,2148,2,16,MERCEDES SPRINTER,9,E01003365,0,-1
2021411047137,2021,411047137,2,19,0,18,19,1,5,0,0,1,0,0,0,0,1,1,1,1,1,29,6,2143,2,6,MERCEDES SPRINTER,5,E01017837,0,-1
2021010317583,2021,010317583,1,19,0,7,7,1,4,2,2,1,0,0,0,0,2,1,1,1,1,37,7,2143,2,4,MERCEDES SPRINTER,3,E01002104,0,-1
2021440067690,2021,440067690,2,19,0,18,19,4,8,0,0,1,0,0,0,0,1,1,1,1,1,-1,-1,2143,2,6,MERCEDES SPRINTER,-1,-1,0,-1
2021211116390,2021,211116390,2,19,0,18,19,2,6,0,0,8,0,0,0,0,1,1,1,1,1,58,9,2143,2,0,MERCEDES SPRINTER,8,E01014123,0,-1
2021041196825,2021,041196825,1,98,0,7,7,7,1,0,0,8,0,0,0,0,1,1,1,1,1,29,6,1950,2,1,-1,2,E01012745,0,-1
202131C027621,2021,31C027621,1,19,0,18,19,4,8,0,0,0,0,0,0,0,1,1,6,6,1,58,9,2143,2,11,MERCEDES SPRINTER,8,E01028367,0,-1
2021540438821,2021,540438821,1,19,0,18,19,3,7,0,0,0,1,0,0,0,1,1,1,1,1,32,6,2143,2,9,MERCEDES SPRINTER,9,E01033310,0,-1
2021201027354,2021,201027354,2,19,0,7,7,5,7,0,0,6,0,0,0,0,3,1,6,6,1,32,6,2143,2,9,MERCEDES SPRINTER,3,E01009992,0,-1
2021411081212,2021,411081212,1,20,0,9,9,3,1,0,0,1,0,0,0,0,1,1,1,1,1,53,8,2143,2,1,MERCEDES SPRINTER,6,E01002129,0,-1
2021201070572,2021,201070572,2,19,0,18,19,2,6,0,0,1,0,0,0,0,1,1,6,6,1,-1,-1,2143,2,2,MERCEDES SPRINTER,-1,-1,0,-1
2021070656696,2021,070656696,1,20,0,18,19,1,5,0,0,1,0,0,0,0,1,1,6,6,1,61,9,1950,2,1,MERCEDES SPRINTER,1,E01006455,0,-1
2021010288373,2021,010288373,1,19,0,18,19,7,3,0,0,1,0,0,0,0,1,1,6,6,1,-1,-1,2143,2,1,MERCEDES SPRINTER,-1,-1,0,-1
2021061101718,2021,061101718,2,19,0,7,7,2,4,0,0,5,0,0,0,0,1,1,6,6,3,30,6,2143,2,1,MERCEDES SPRINTER,-1,-1,0,-1
2021231098985,2021,231098985,2,19,0,16,19,6,2,0,0,0,0,0,0,0,3,1,1,1,1,56,9,2143,2,0,MERCEDES SPRINTER,2,E01028319,0,-1
2021131094363,2021,131094363,1,90,0,18,19,7,3,0,0,2,0,0,0,0,2,1,6,6,1,25,5,2987,2,6,MERCEDES SPRINTER,4,E01011325,0,-1
2021010346106,2021,010346106,2,19,0,99,99,9,9,99,99,9,9,99,9,99,1,9,6,6,3,-1,-1,2143,2,4,MERCEDES SPRINTER,7,E01003475,0,-1
2021461027246,2021,461027246,2,19,0,18,19,8,4,0,0,1,0,0,1,3,1,1,2,2,1,28,6,2143,2,4,MERCEDES SPRINTER,7,E01024805,0,-1
2021201149162,2021,201149162,2,19,0,5,5,4,8,0,0,1,0,0,0,0,2,1,1,1,1,-1,-1,2143,2,4,MERCEDES SPRINTER,4,E01010015,0,-1
2021201126713,2021,201126713,1,19,0,12,12,2,6,0,0,1,0,0,0,0,3,1,1,1,1,21,5,2143,2,4,MERCEDES SPRINTER,1,E01010061,0,-1