collision_index,collision_year,collision_ref_no,vehicle_reference,vehicle_type,towing_and_articulation,vehicle_manoeuvre_historic,vehicle_manoeuvre,vehicle_direction_from,vehicle_direction_to,vehicle_location_restricted_lane_historic,vehicle_location_restricted_lane,junction_location,skidding_and_overturning,hit_object_in_carriageway,vehicle_leaving_carriageway,hit_object_off_carriageway,first_point_of_impact,vehicle_left_hand_drive,journey_purpose_of_driver_historic,journey_purpose_of_driver,sex_of_driver,age_of_driver,age_band_of_driver,engine_capacity_cc,propulsion_code,age_of_vehicle,generic_make_model,driver_imd_decile,lsoa_of_driver,escooter_flag,driver_distance_banding
2021010317625,2021,010317625,1,19,0,16,19,5,1,0,0,0,0,4,0,0,1,1,2,2,1,26,6,2143,2,3,MERCEDES SPRINTER,1,E01024621,0,-1
2021010298901,2021,010298901,2,90,0,18,19,1,5,0,0,0,0,0,0,0,2,1,1,1,2,24,5,2987,2,2,MERCEDES SPRINTER,6,E01021033,0,-1
2021010336296,2021,010336296,2,19,0,99,99,9,9,99,99,9,9,99,9,99,9,9,6,6,3,64,9,2143,2,10,MERCEDES SPRINTER,3,E01027319,0,-1
2021122101528,2021,122101528,2,21,0,1,1,5,1,0,0,1,0,0,0,0,4,1,1,1,1,31,6,-1,-1,-1,MERCEDES SPRINTER,3,E01008258,0,-1
2021070563787,2021,070563787,2,19,0,17,19,2,6,0,0,8,1,10,1,0,4,1,1,1,1,40,7,2143,2,8,MERCEDES SPRINTER,7,E01018591,0,-1
2021070282426,2021,070282426,2,19,0,18,19,7,3,0,0,1,0,0,0,0,1,1,2,2,1,55,8,2143,2,6,MERCEDES SPRINTER,2,E01011815,0,-1
2021543510421,2021,543510421,1,19,0,14,14,8,4,0,0,0,1,0,7,0,1,1,1,1,1,19,4,2143,2,4,MERCEDES SPRINTER,4,E01031895,0,-1
2021010297329,2021,010297329,1,19,0,1,1,5,1,0,0,2,0,0,0,0,2,1,1,1,1,22,5,2143,2,8,MERCEDES SPRINTER,4,E01001995,0,-1
2021010322529,2021,010322529,2,19,0,18,19,5,1,0,0,1,0,0,0,0,1,1,1,1,1,57,9,2143,2,5,MERCEDES SPRINTER,1,E01000106,0,-1
2021320088202,2021,320088202,1,19,0,18,19,7,3,0,0,0,0,4,0,0,4,1,2,2,1,24,5,2143,2,12,MERCEDES SPRINTER,2,E01026111,0,-1
2021411105681,2021,411105681,1,19,0,4,4,1,5,0,0,0,1,0,0,0,1,1,1,1,1,31,6,2143,2,0,MERCEDES SPRINTER,1,E01029372,0,-1
2021361064248,2021,361064248,3,90,0,18,19,5,7,0,0,1,0,0,0,0,0,1,1,1,2,26,6,2987,2,5,MERCEDES SPRINTER,10,E01018245,0,-1
2021010339350,2021,010339350,2,19,9,9,9,1,7,0,0,8,0,0,0,0,3,9,6,6,3,-1,-1,2143,2,3,MERCEDES SPRINTER,-1,-1,0,-1
2021010288529,2021,010288529,2,19,0,15,15,5,1,0,0,0,0,0,0,0,1,1,1,1,1,32,6,2143,2,2,MERCEDES SPRINTER,9,E01021208,0,-1
2021010321935,2021,010321935,1,19,0,3,3,5,1,0,0,1,0,0,0,0,0,1,1,1,1,36,7,2143,2,4,MERCEDES SPRINTER,-1,-1,0,-1
2021991078395,2021,991078395,1,10,0,18,19,7,3,0,0,0,0,0,0,0,1,1,1,1,1,53,8,2143,2,4,MERCEDES SPRINTER,5,-1,0,-1
2021430543650,2021,430543650,2,10,0,9,9,4,2,0,0,6,0,0,0,0,1,1,6,6,1,-1,-1,2148,2,14,MERCEDES SPRINTER,-1,-1,0,-1
2021451119014,2021,451119014,1,19,0,4,4,3,7,0,0,1,0,0,0,0,2,1,1,1,1,28,6,2143,2,4,MERCEDES SPRINTER,7,E01019460,0,-1
2021041031248,2021,041031248,1,10,0,18,19,1,5,0,0,1,0,0,0,0,1,1,1,1,1,31,6,-1,-1,-1,MERCEDES SPRINTER,1,E01025226,0,-1
2021010312248,2021,010312248,1,19,0,99,99,9,9,99,99,9,9,99,9,99,9,9,6,6,1,24,5,2148,2,16,MERCEDES SPRINTER,8,E01023312,0,-1
2021991070278,2021,991070278,3,19,0,4,4,6,2,0,0,0,0,0,0,0,2,1,1,1,1,25,5,2143,2,6,MERCEDES SPRINTER,7,-1,0,-1
2021201044810,2021,201044810,2,19,0,10,10,6,2,0,0,1,0,0,0,0,2,1,6,6,1,60,9,2143,2,11,MERCEDES SPRINTER,8,E01029616,0,-1
2021131105771,2021,131105771,4,19,0,18,19,7,3,0,0,0,0,0,0,0,2,1,5,6,1,24,5,1950,2,0,MERCEDES SPRINTER,7,E01022287,0,-1
2021010320394,2021,010320394,1,19,0,18,19,7,3,0,0,1,0,0,0,0,1,1,1,1,2,46,8,2987,2,1,MERCEDES SPRINTER,8,E01003897,0,-1
2021451083203,2021,451083203,1,19,0,9,9,3,7,0,0,8,0,0,0,0,3,1,1,1,1,27,6,2148,2,14,MERCEDES SPRINTER,10,E01017822,0,-1
2021430056956,2021,430056956,1,19,0,9,9,4,2,0,0,8,0,0,0,0,1,1,1,1,1,32,6,2143,2,1,MERCEDES SPRINTER,4,E01032942,0,-1
2021991053851,2021,991053851,2,19,0,18,19,3,7,0,0,0,0,0,0,0,2,1,1,1,1,52,8,2987,2,6,MERCEDES SPRINTER,4,-1,0,-1
2021471111893,2021,471111893,1,19,0,7,7,5,7,0,0,8,0,0,0,0,4,1,1,1,1,48,8,2143,2,2,MERCEDES SPRINTER,9,E01030795,0,-1
2021010310290,2021,010310290,1,19,0,9,9,6,4,0,0,8,0,0,0,0,4,1,6,6,1,23,5,2143,2,0,MERCEDES SPRINTER,2,E01001357,0,-1
2021320052747,2021,320052747,1,19,0,17,19,1,5,0,0,0,1,0,7,9,1,1,1,1,1,23,5,2143,2,7,MERCEDES SPRINTER,-1,-1,0,-1
2021131064914,2021,131064914,2,19,0,2,2,0,0,0,0,2,1,0,0,0,1,1,6,6,3,-1,-1,2143,2,2,MERCEDES SPRINTER,-1,-1,0,-1
2021552100918,2021,552100918,4,2,0,18,19,5,1,0,0,0,1,0,0,0,1,1,6,6,1,16,4,50,1,1,-1,4,E01020394,0,-1
2021161070157,2021,161070157,1,2,0,18,19,6,4,0,0,1,1,0,0,0,1,1,5,6,1,16,4,50,1,0,-1,1,E01012892,0,-1
2021501082856,2021,501082856,2,9,0,17,19,5,1,0,0,0,1,0,1,0,1,1,5,6,1,65,9,996,1,8,SUZUKI ALTO,6,E01029261,0,-1
2021231093349,2021,231093349,1,9,0,18,19,8,4,0,0,0,0,0,0,0,1,1,5,6,2,80,11,996,1,6,SUZUKI ALTO,8,E01031252,0,-1
2021622100161,2021,622100161,1,9,0,17,19,3,8,0,0,0,5,10,7,0,1,1,6,6,2,45,7,996,1,7,SUZUKI ALTO,6,W01000926,0,-1
2021201081167,2021,201081167,2,9,0,2,2,0,0,0,0,2,0,0,0,0,1,1,6,6,2,56,9,996,1,10,SUZUKI ALTO,4,E01009711,0,-1
2021531089305,2021,531089305,1,9,0,18,19,5,1,0,0,0,0,0,0,0,1,1,5,6,2,22,5,996,1,10,SUZUKI ALTO,6,E01022211,0,-1
2021411081563,2021,411081563,1,9,0,17,19,7,3,0,0,0,0,0,1,0,1,1,2,2,2,60,9,996,1,8,SUZUKI ALTO,3,E01023640,0,-1
2021351057071,2021,351057071,2,9,0,3,3,7,3,0,0,1,0,0,0,0,2,1,5,6,1,19,4,996,1,8,SUZUKI ALTO,3,E01018073,0,-1
2021501049034,2021,501049034,1,9,0,5,5,2,4,0,0,8,0,0,0,0,3,1,1,1,2,34,6,996,1,11,SUZUKI ALTO,1,E01015152,0,-1
2021991126998,2021,991126998,1,9,0,18,19,7,3,0,0,1,0,0,0,0,3,1,5,6,1,37,7,996,1,11,SUZUKI ALTO,3,-1,0,-1
2021320740414,2021,320740414,1,9,0,17,19,8,4,0,0,0,1,0,7,9,2,1,6,6,1,18,4,996,1,7,SUZUKI ALTO,6,E01026247,0,-1
2021161105216,2021,161105216,1,9,0,9,9,2,7,0,0,5,0,0,0,0,1,1,6,6,2,54,8,996,1,7,SUZUKI ALTO,6,E01013178,0,-1
2021131043769,2021,131043769,1,9,0,6,6,3,7,0,0,0,0,0,0,0,3,1,6,6,1,50,8,996,1,11,SUZUKI ALTO,1,E01010840,0,-1
2021461023953,2021,461023953,1,9,0,1,1,7,1,0,0,1,0,0,0,0,2,1,1,1,2,24,5,996,1,10,SUZUKI ALTO,2,E01024496,0,-1
2021201138312,2021,201138312,1,9,0,5,5,6,2,0,0,4,0,0,0,0,1,1,1,1,1,43,7,996,1,7,SUZUKI ALTO,1,E01010371,0,-1
2021122101494,2021,122101494,1,9,0,13,13,4,8,0,0,1,0,0,0,0,1,1,2,2,2,62,9,996,1,8,SUZUKI ALTO,2,E01013443,0,-1
202163A075021,2021,63A075021,3,9,0,17,19,4,1,0,0,1,0,0,1,10,3,1,6,6,2,47,8,996,1,11,SUZUKI ALTO,8,W01000704,0,-1
20211381R0722,2021,1381R0722,1,9,0,5,5,2,6,0,0,0,0,0,0,0,1,1,1,1,2,54,8,996,1,7,SUZUKI ALTO,5,E01010818,0,-1
2021010349120,2021,010349120,2,9,0,99,99,9,9,99,99,9,9,99,9,99,9,9,6,6,3,-1,-1,996,1,9,SUZUKI ALTO,-1,-1,0,-1
2021131036987,2021,131036987,3,9,0,2,2,0,0,0,0,0,0,4,0,0,1,1,6,6,3,-1,-1,996,1,7,SUZUKI ALTO,-1,-1,0,-1
2021010341818,2021,010341818,2,9,0,18,19,1,5,0,0,3,0,99,0,0,9,9,6,6,2,38,7,996,1,9,SUZUKI ALTO,4,E01016457,0,-1
2021522101904,2021,522101904,2,9,0,7,7,1,3,0,0,1,0,0,0,0,1,1,6,6,2,36,7,996,1,9,SUZUKI ALTO,3,E01014673,0,-1
2021201148041,2021,201148041,2,9,0,3,3,1,5,0,0,0,0,0,0,0,2,1,6,6,1,23,5,996,1,11,SUZUKI ALTO,3,E01009184,0,-1
2021010351607,2021,010351607,1,9,0,99,99,9,9,99,99,9,9,99,0,0,2,9,6,6,1,50,8,1061,1,16,SUZUKI ALTO,3,E01003550,0,-1
2021351061793,2021,351061793,1,9,0,17,19,0,1,0,0,4,1,0,0,0,4,1,5,6,2,28,6,1061,1,17,SUZUKI ALTO,7,E01015659,0,-1
2021010348872,2021,010348872,1,9,0,4,4,1,5,0,0,7,0,0,0,0,2,1,6,6,1,22,5,996,1,7,SUZUKI ALTO,8,E01023872,0,-1
2021541938721,2021,541938721,1,9,0,7,7,5,8,0,0,2,0,0,0,0,1,1,6,6,1,19,4,996,1,7,SUZUKI ALTO,8,E01031946,0,-1
2021545549121,2021,545549121,1,9,0,18,19,6,2,0,0,0,1,0,0,0,1,1,6,6,1,82,11,996,1,11,SUZUKI ALTO,9,E01020457,0,-1
2021010346625,2021,010346625,2,9,0,99,99,9,9,99,99,9,9,99,9,99,1,9,6,6,3,-1,-1,996,1,12,SUZUKI ALTO,5,E01003415,0,-1
202131C162721,2021,31C162721,2,9,0,3,3,1,5,0,0,1,0,0,0,0,2,1,6,6,1,30,6,996,1,12,SUZUKI ALTO,10,E01028391,0,-1
2021361099785,2021,361099785,1,9,0,17,19,1,4,0,0,2,0,0,0,0,1,1,5,6,2,20,4,996,1,11,SUZUKI ALTO,8,E01026518,0,-1
2021131107378,2021,131107378,1,9,0,18,19,6,2,0,0,0,0,0,0,0,1,1,6,6,2,34,6,996,1,12,SUZUKI ALTO,2,E01011421,0,-1
2021141088512,2021,141088512,1,9,0,4,4,7,3,0,0,1,0,0,0,0,2,1,5,6,2,51,8,996,1,11,SUZUKI ALTO,2,E01007451,0,-1
2021041063528,2021,041063528,2,9,0,18,19,5,1,0,0,0,0,0,1,0,1,1,5,6,2,65,9,996,1,8,SUZUKI ALTO,4,E01024919,0,-1
202163A038821,2021,63A038821,1,9,0,18,19,6,2,0,0,0,0,0,0,0,1,1,6,6,1,84,11,1061,1,16,SUZUKI ALTO,8,W01000680,0,-1
2021010347163,2021,010347163,1,9,0,18,19,7,3,2,2,0,0,0,0,0,1,1,6,6,1,37,7,996,1,12,SUZUKI ALTO,5,E01002119,0,-1
2021440412279,2021,440412279,2,9,0,2,2,0,0,9,9,0,0,0,0,0,3,1,6,6,3,-1,-1,996,1,8,SUZUKI ALTO,-1,-1,0,-1
2021622100412,2021,622100412,1,9,0,18,19,4,8,0,0,0,0,0,0,0,1,1,6,6,2,20,4,996,1,10,SUZUKI ALTO,3,W01001021,0,-1
2021061068873,2021,061068873,1,9,0,18,19,1,1,0,0,0,1,0,0,0,1,1,5,6,1,42,7,996,1,8,SUZUKI ALTO,-1,-1,0,-1
2021440061655,2021,440061655,1,9,0,4,4,6,2,0,0,0,0,0,0,0,1,1,6,6,2,28,6,996,1,8,SUZUKI ALTO,6,E01023155,0,-1
2021010334081,2021,010334081,1,9,0,18,19,3,7,0,0,8,0,0,0,0,3,1,6,6,2,37,7,996,1,9,SUZUKI ALTO,-1,-1,0,-1
2021141075114,2021,141075114,2,9,0,18,19,2,6,0,0,1,0,0,0,0,1,1,5,6,2,47,8,996,1,7,SUZUKI ALTO,1,E01007655,0,-1
2021122101429,2021,122101429,1,9,0,9,9,4,2,0,0,8,0,0,0,0,4,1,6,6,1,47,8,996,1,8,SUZUKI ALTO,4,E01027910,0,-1
2021010330105,2021,010330105,2,9,0,16,19,5,1,0,0,6,0,0,0,0,2,1,1,1,2,41,7,1061,1,15,SUZUKI ALTO,2,E01003351,0,-1
2021141022780,2021,141022780,1,9,0,18,19,7,3,0,0,0,0,0,0,0,3,1,6,6,2,58,9,996,1,7,SUZUKI ALTO,9,E01007475,0,-1
2021010329027,2021,010329027,2,9,0,15,15,5,1,0,0,0,0,0,0,0,1,1,6,6,1,51,8,996,1,12,SUZUKI ALTO,3,E01004336,0,-1
2021131052354,2021,131052354,1,9,0,5,5,5,5,0,0,1,0,11,0,0,1,1,2,2,1,24,5,996,1,7,SUZUKI ALTO,1,E01010676,0,-1
2021552100998,2021,552100998,2,9,0,4,4,1,5,0,0,0,0,0,0,0,2,1,6,6,1,31,6,1061,1,16,SUZUKI ALTO,6,E01020517,0,-1
2021411052101,2021,411052101,1,9,0,3,3,5,1,0,0,4,0,0,0,0,3,1,5,6,1,90,11,996,1,7,SUZUKI ALTO,7,E01023636,0,-1
2021031085350,2021,031085350,2,9,0,3,3,4,6,0,0,0,0,0,0,0,1,1,6,6,2,56,9,1061,1,17,SUZUKI ALTO,2,E01019138,0,-1
2021052102127,2021,052102127,1,9,0,9,9,5,1,0,0,5,0,0,1,1,1,1,3,7,2,69,10,996,1,7,SUZUKI ALTO,3,E01006969,0,-1
2021052100717,2021,052100717,1,9,0,9,9,3,1,0,0,8,0,0,0,0,1,1,6,6,2,24,5,996,1,7,SUZUKI ALTO,7,E01007316,0,-1
2021991097286,2021,991097286,2,9,0,18,19,3,7,0,0,8,0,0,0,0,2,1,6,6,2,38,7,996,1,11,SUZUKI ALTO,5,-1,0,-1
2021471067006,2021,471067006,2,9,0,9,9,6,5,0,0,8,0,0,0,0,3,1,1,1,2,51,8,996,1,8,SUZUKI ALTO,2,E01031456,0,-1
2021122101444,2021,122101444,1,9,0,3,3,4,8,0,0,0,0,0,0,0,4,1,6,6,1,20,4,996,1,7,SUZUKI ALTO,7,E01013401,0,-1
2021010289181,2021,010289181,2,9,0,18,19,4,8,0,0,0,0,0,0,0,1,1,6,6,1,36,7,996,1,8,SUZUKI ALTO,7,E01023572,0,-1
2021501021799,2021,501021799,1,9,0,11,11,8,4,0,0,0,1,7,0,0,1,1,5,6,2,35,6,996,1,8,SUZUKI ALTO,3,E01018761,0,-1
2021991023214,2021,991023214,1,9,0,9,9,2,8,0,0,8,0,0,1,1,4,1,5,6,1,29,6,996,1,12,SUZUKI ALTO,2,-1,0,-1
2021010302059,2021,010302059,1,9,0,18,19,1,5,0,0,2,1,0,0,0,4,1,4,7,1,31,6,996,1,9,SUZUKI ALTO,1,E01004244,0,-1
202131C095421,2021,31C095421,1,9,0,7,7,4,6,0,0,4,0,0,0,0,3,1,6,6,1,36,7,996,1,8,SUZUKI ALTO,2,E01027937,0,-1
202106P080013,2021,06P080013,2,9,0,7,7,3,5,0,0,6,0,0,0,0,3,1,6,6,1,41,7,996,1,9,SUZUKI ALTO,2,E01005563,0,-1
2021471124457,2021,471124457,1,9,0,18,19,8,4,0,0,2,0,0,0,0,1,1,5,6,2,22,5,996,1,12,SUZUKI ALTO,3,E01031552,0,-1
2021451114843,2021,451114843,1,9,0,18,19,1,5,0,0,0,0,0,0,0,4,1,6,6,2,51,8,996,1,9,SUZUKI ALTO,3,E01030952,0,-1
2021041014343,2021,041014343,1,9,0,18,19,5,1,0,0,0,0,0,0,0,1,1,5,6,1,40,7,996,1,11,SUZUKI ALTO,7,E01024955,0,-1
2021531109514,2021,531109514,1,9,0,18,19,4,8,0,0,0,0,0,0,0,1,1,2,2,2,24,5,996,1,10,SUZUKI ALTO,6,W01001599,0,-1
2021061028075,2021,061028075,1,9,0,12,12,8,4,0,0,0,0,0,0,0,1,1,2,2,2,31,6,996,1,8,SUZUKI ALTO,5,E01004899,0,-1
2021201130592,2021,201130592,2,9,0,18,19,6,2,0,0,8,0,0,0,0,1,1,1,1,2,33,6,996,1,6,SUZUKI ALTO,2,E01010428,0,-1
2021991091281,2021,991091281,2,9,0,18,19,7,3,0,0,0,0,0,0,0,2,1,5,6,2,23,5,996,1,7,SUZUKI ALTO,-1,-1,0,-1
2021302100787,2021,302100787,2,9,0,18,19,8,4,0,0,1,0,0,0,0,1,1,3,7,2,44,7,996,1,12,SUZUKI ALTO,5,E01013530,0,-1
2021061050074,2021,061050074,2,9,0,18,19,3,7,0,0,1,0,0,0,0,3,1,6,6,2,46,8,996,1,8,SUZUKI ALTO,9,E01004968,0,-1
2021471050676,2021,471050676,2,9,0,18,19,1,5,0,0,1,0,0,0,0,1,1,5,6,1,19,4,996,1,8,SUZUKI ALTO,9,E01021203,0,-1
2021122100483,2021,122100483,1,9,0,18,19,1,5,0,0,2,0,0,0,0,1,1,2,2,1,34,6,996,1,7,SUZUKI ALTO,7,E01027739,0,-1
2021451026944,2021,451026944,1,9,0,18,19,5,1,0,0,2,0,0,0,0,2,1,1,1,1,24,5,1061,1,18,SUZUKI ALTO,8,E01030782,0,-1
2021501031810,2021,501031810,1,9,0,18,19,4,8,0,0,0,5,0,1,0,1,1,2,2,2,22,5,996,1,12,SUZUKI ALTO,5,E01018756,0,-1
2021320700076,2021,320700076,1,9,0,18,19,8,4,0,0,1,0,0,0,5,1,1,6,6,1,59,9,996,1,12,SUZUKI ALTO,3,E01026024,0,-1
2021101118577,2021,101118577,2,9,0,10,10,5,1,0,0,1,0,0,0,0,4,1,2,2,1,62,9,996,1,6,SUZUKI ALTO,3,E01008192,0,-1
2021520201003,2021,520201003,1,9,0,7,7,8,3,0,0,1,0,0,0,0,1,1,6,6,2,70,10,996,1,8,SUZUKI ALTO,9,E01029295,0,-1
2021440485664,2021,440485664,2,9,0,18,19,1,5,0,0,8,0,0,0,0,1,1,1,1,1,61,9,996,1,10,SUZUKI ALTO,3,E01017194,0,-1
2021161059039,2021,161059039,1,9,0,4,4,6,2,0,0,0,0,0,0,0,2,1,6,6,1,64,9,996,1,10,SUZUKI ALTO,3,E01013198,0,-1
2021131037978,2021,131037978,1,9,0,18,19,3,7,0,0,8,0,0,0,0,1,1,1,1,2,27,6,996,1,12,SUZUKI ALTO,3,E01011783,0,-1
2021545072021,2021,545072021,1,9,0,18,19,2,6,0,0,4,0,0,0,0,1,1,1,1,1,23,5,996,1,9,SUZUKI ALTO,4,E01015494,0,-1
2021471094369,2021,471094369,1,9,0,9,9,6,3,0,0,8,0,0,0,0,4,1,5,6,2,20,4,996,1,8,SUZUKI ALTO,4,E01031575,0,-1
2021622100587,2021,622100587,2,9,0,9,9,2,8,0,0,8,0,0,0,0,3,1,6,6,1,45,7,996,1,7,SUZUKI ALTO,3,W01000928,0,-1
2021531038182,2021,531038182,1,9,0,18,19,3,7,0,0,0,5,0,1,11,1,1,6,6,1,65,9,996,1,12,SUZUKI ALTO,3,E01022134,0,-1
2021440465142,2021,440465142,1,9,0,9,9,8,6,0,0,8,0,0,0,0,4,1,6,6,2,71,10,996,1,7,SUZUKI ALTO,3,E01017325,0,-1
2021010334091,2021,010334091,1,9,0,9,9,3,1,0,0,6,0,0,0,0,2,1,6,6,2,42,7,996,1,9,SUZUKI ALTO,6,E01002678,0,-1
2021131074077,2021,131074077,1,9,0,5,5,1,1,0,0,8,0,0,0,0,1,1,6,6,3,-1,-1,996,1,10,SUZUKI ALTO,-1,-1,0,-1
2021622100468,2021,622100468,2,9,0,3,3,2,6,0,0,1,0,0,0,0,2,2,6,6,2,60,9,996,1,9,SUZUKI ALTO,4,W01000978,0,-1
2021440174812,2021,440174812,1,9,0,9,9,3,1,0,0,8,0,0,0,0,1,1,6,6,2,17,4,996,1,12,SUZUKI ALTO,10,E01022926,0,-1
2021010293099,2021,010293099,2,9,9,99,99,9,9,99,99,0,9,99,9,99,1,9,6,6,3,58,9,996,1,7,SUZUKI ALTO,9,E01003466,0,-1
2021461054691,2021,461054691,2,9,0,7,7,2,6,0,0,1,0,0,0,0,4,1,5,6,1,35,6,996,1,9,SUZUKI ALTO,1,E01024671,0,-1
2021622100186,2021,622100186,1,9,0,18,19,6,2,0,0,0,0,0,0,0,3,1,1,1,2,27,6,996,1,7,SUZUKI ALTO,2,W01001162,0,-1
2021010346630,2021,010346630,1,9,0,8,8,6,1,0,0,1,0,0,0,0,2,1,6,6,2,59,9,996,1,8,SUZUKI ALTO,4,E01000802,0,-1
2021031085910,2021,031085910,3,9,0,2,2,0,0,0,0,0,0,0,0,0,2,1,6,6,3,-1,-1,1061,1,17,SUZUKI ALTO,-1,-1,0,-1
2021010305482,2021,010305482,1,9,0,5,5,5,1,0,0,8,0,0,0,0,1,1,6,6,2,61,9,996,1,9,SUZUKI ALTO,-1,-1,0,-1
2021201149550,2021,201149550,1,9,0,18,19,2,6,0,0,8,0,0,0,0,1,1,6,6,1,35,6,996,1,6,SUZUKI ALTO,1,E01033638,0,-1
2021421032117,2021,421032117,1,9,0,17,19,1,5,0,0,0,0,0,7,0,4,1,6,6,1,29,6,996,1,7,SUZUKI ALTO,8,E01021708,0,-1
2021610055521,2021,610055521,1,9,0,18,19,2,6,0,0,0,0,0,0,0,1,1,3,7,2,55,8,996,1,12,SUZUKI ALTO,10,W01001509,0,-1
202163A062221,2021,63A062221,1,9,0,9,9,4,2,0,0,8,0,0,0,0,0,1,1,1,1,49,8,996,1,8,SUZUKI ALTO,6,W01000647,0,-1
2021010340824,2021,010340824,1,9,0,18,19,7,3,0,0,1,0,4,0,0,1,1,6,6,1,41,7,996,1,9,SUZUKI ALTO,3,E01002133,0,-1
2021991062469,2021,991062469,1,9,0,17,19,3,7,0,0,0,5,0,7,0,1,1,6,6,1,30,6,996,1,7,SUZUKI ALTO,-1,-1,0,-1
2021010290729,2021,010290729,2,9,0,4,4,5,1,0,0,4,0,0,0,0,1,1,2,2,1,31,6,996,1,11,SUZUKI ALTO,-1,-1,0,-1
202131D160521,2021,31D160521,2,9,0,18,19,4,8,0,0,0,0,0,0,0,1,1,6,6,1,48,8,996,1,12,SUZUKI ALTO,1,E01013959,0,-1
2021052101460,2021,052101460,3,9,0,10,10,3,7,0,0,1,0,0,0,0,1,1,6,6,3,-1,-1,1061,1,17,SUZUKI ALTO,-1,-1,0,-1
202106X079808,2021,06X079808,2,9,0,18,19,5,1,0,0,0,0,0,0,0,3,1,6,6,2,25,5,996,1,7,SUZUKI ALTO,-1,-1,0,-1
2021031106611,2021,031106611,1,9,0,18,19,5,1,0,0,0,0,0,7,9,1,1,1,1,1,61,9,996,1,8,SUZUKI ALTO,7,E01019134,0,-1
2021361095893,2021,361095893,1,9,0,4,4,4,8,0,0,0,0,0,0,0,3,1,4,7,2,19,4,996,1,8,SUZUKI ALTO,1,E01026868,0,-1
2021221035295,2021,221035295,2,9,0,9,9,4,1,0,0,5,0,0,0,0,4,1,5,6,2,68,10,1061,1,17,SUZUKI ALTO,2,E01032161,0,-1
2021541121621,2021,541121621,2,9,0,3,3,2,6,0,0,0,0,0,0,0,2,1,6,6,2,28,6,996,1,11,SUZUKI ALTO,2,E01032062,0,-1
2021320201191,2021,320201191,1,9,0,18,19,4,8,0,0,0,5,0,0,0,1,1,2,2,2,64,9,996,1,8,SUZUKI ALTO,1,E01026152,0,-1
202106A078760,2021,06A078760,3,9,0,2,2,0,0,0,0,0,0,0,0,0,3,1,6,6,1,27,6,996,1,9,SUZUKI ALTO,2,E01005140,0,-1
2021361130606,2021,361130606,2,9,0,17,19,7,3,0,0,0,0,0,0,0,3,1,5,6,2,61,9,996,1,11,SUZUKI ALTO,7,E01026504,0,-1
2021421089114,2021,421089114,2,9,0,9,9,1,5,0,0,8,0,0,0,0,1,1,5,6,2,69,10,996,1,7,SUZUKI ALTO,4,E01022037,0,-1
2021501083292,2021,501083292,2,9,0,3,3,8,4,0,0,0,0,0,0,0,1,1,5,6,2,22,5,996,1,10,SUZUKI ALTO,10,E01019931,0,-1
2021131081907,2021,131081907,1,9,0,18,19,7,3,0,0,0,0,0,0,0,1,1,5,6,1,20,4,996,1,7,SUZUKI ALTO,1,E01033003,0,-1
2021221080855,2021,221080855,1,9,0,18,19,5,1,0,0,8,0,0,0,0,4,1,6,6,1,83,11,996,1,8,SUZUKI ALTO,6,E01032166,0,-1
2021522106024,2021,522106024,1,9,0,2,2,0,0,0,0,2,0,0,0,0,1,1,6,6,2,42,7,996,1,12,SUZUKI ALTO,1,E01014589,0,-1
2021421096358,2021,421096358,1,9,0,18,19,7,3,0,0,0,0,0,0,0,1,1,6,6,1,-1,-1,1061,1,16,SUZUKI ALTO,-1,-1,0,-1
2021052102659,2021,052102659,1,9,0,9,9,5,3,0,0,8,0,0,0,0,1,1,6,6,1,58,9,996,1,7,SUZUKI ALTO,5,E01006502,0,-1
2021010295878,2021,010295878,2,9,0,9,9,6,4,0,0,0,0,0,0,0,1,1,1,1,2,51,8,996,1,7,SUZUKI ALTO,-1,-1,0,-1
2021302101859,2021,302101859,1,9,0,9,9,8,5,0,0,6,0,0,0,0,1,1,6,6,2,22,5,996,1,10,SUZUKI ALTO,10,E01028087,0,-1
2021320678099,2021,320678099,2,9,0,18,19,5,1,0,0,0,0,0,1,9,0,1,6,6,1,23,5,996,1,7,SUZUKI ALTO,2,E01026382,0,-1
2021361031491,2021,361031491,2,9,0,18,19,4,8,0,0,0,0,0,0,0,3,1,5,6,2,53,8,996,1,9,SUZUKI ALTO,8,E01026849,0,-1
2021471027842,2021,471027842,2,9,0,2,2,0,0,0,0,0,0,0,0,0,3,1,6,6,3,-1,-1,996,1,8,SUZUKI ALTO,-1,-1,0,-1
2021052101495,2021,052101495,1,9,0,18,19,5,1,0,0,0,0,0,0,0,4,1,6,6,2,50,8,996,1,6,SUZUKI ALTO,1,E01007296,0,-1
2021501093007,2021,501093007,1,9,0,18,19,1,5,0,0,0,0,4,0,0,1,1,5,6,2,77,11,996,1,11,SUZUKI ALTO,8,E01015098,0,-1
20211383C0212,2021,1383C0212,2,9,0,18,19,7,3,0,0,0,0,0,0,0,1,1,2,2,1,25,5,996,1,7,SUZUKI ALTO,1,E01011493,0,-1
2021010325307,2021,010325307,2,9,0,6,6,5,5,0,0,0,0,0,0,0,1,1,6,6,3,-1,-1,996,1,7,SUZUKI ALTO,-1,-1,0,-1
2021010289867,2021,010289867,1,9,0,10,10,1,8,0,0,6,0,0,0,0,1,1,6,6,2,25,5,996,1,7,SUZUKI ALTO,2,E01001576,0,-1
2021440388936,2021,440388936,1,9,0,18,19,3,7,0,0,0,0,0,0,0,1,1,6,6,2,49,8,996,1,7,SUZUKI ALTO,10,E01022471,0,-1