collision_index,collision_year,collision_ref_no,vehicle_reference,vehicle_type,towing_and_articulation,vehicle_manoeuvre_historic,vehicle_manoeuvre,vehicle_direction_from,vehicle_direction_to,vehicle_location_restricted_lane_historic,vehicle_location_restricted_lane,junction_location,skidding_and_overturning,hit_object_in_carriageway,vehicle_leaving_carriageway,hit_object_off_carriageway,first_point_of_impact,vehicle_left_hand_drive,journey_purpose_of_driver_historic,journey_purpose_of_driver,sex_of_driver,age_of_driver,age_band_of_driver,engine_capacity_cc,propulsion_code,age_of_vehicle,generic_make_model,driver_imd_decile,lsoa_of_driver,escooter_flag,driver_distance_banding
2021440496788,2021,440496788,2,9,0,3,3,5,1,0,0,1,0,0,0,0,2,1,6,6,1,25,5,996,1,12,SUZUKI ALTO,3,E01017089,0,-1
2021201055854,2021,201055854,1,9,0,5,5,8,2,9,9,5,0,0,0,0,1,1,6,6,2,-1,-1,1061,1,17,SUZUKI ALTO,-1,-1,0,-1
2021010296685,2021,010296685,1,9,0,3,3,5,1,0,0,1,0,0,1,0,1,1,2,2,2,33,6,996,1,12,SUZUKI ALTO,3,E01001493,0,-1
2021061100698,2021,061100698,2,9,0,4,4,1,1,0,0,0,0,0,0,0,2,1,2,2,2,31,6,996,1,9,SUZUKI ALTO,1,E01005202,0,-1
2021991028730,2021,991028730,1,9,0,16,19,4,7,6,6,0,0,4,7,0,1,1,5,6,2,62,9,996,1,7,SUZUKI ALTO,4,-1,0,-1
2021010320781,2021,010320781,2,9,0,4,4,5,1,0,0,1,0,4,0,0,1,1,6,6,1,29,6,996,1,8,SUZUKI ALTO,4,E01023144,0,-1
2021010325098,2021,010325098,1,9,0,99,99,9,9,99,99,9,9,99,9,99,2,9,6,6,1,30,6,996,1,12,SUZUKI ALTO,9,E01015797,0,-1
2021131116473,2021,131116473,1,9,0,18,19,1,5,0,0,6,0,0,0,0,4,1,2,2,2,26,6,996,1,8,SUZUKI ALTO,4,E01011606,0,-1
2021061054958,2021,061054958,1,9,0,17,19,5,1,0,0,0,2,0,1,11,4,1,6,6,2,37,7,996,1,8,SUZUKI ALTO,1,E01005202,0,-1
202131C023821,2021,31C023821,1,9,0,18,19,8,4,0,0,1,0,0,0,0,1,1,6,6,1,35,6,1061,1,16,SUZUKI ALTO,2,E01013845,0,-1
2021201030006,2021,201030006,1,9,0,6,6,1,5,0,0,0,0,0,0,0,3,1,6,6,1,18,4,996,1,9,SUZUKI ALTO,1,E01009401,0,-1
2021070662690,2021,070662690,2,9,0,4,4,1,3,0,0,1,0,0,0,0,2,1,2,2,2,44,7,1061,1,17,SUZUKI ALTO,4,E01018452,0,-1
2021041109421,2021,041109421,1,9,0,9,9,6,2,0,0,8,0,0,7,0,3,1,5,6,1,62,9,996,1,10,SUZUKI ALTO,2,E01025305,0,-1
2021520101856,2021,520101856,1,9,0,18,19,5,1,0,0,8,0,0,1,11,1,1,6,6,2,72,10,1061,1,15,SUZUKI ALTO,5,E01029301,0,-1
2021531038596,2021,531038596,2,9,0,7,7,1,3,0,0,8,0,0,0,0,3,1,5,6,1,89,11,996,1,10,SUZUKI ALTO,8,E01022402,0,-1
2021991060908,2021,991060908,2,9,0,18,19,7,3,0,0,1,0,0,0,0,1,1,5,6,2,59,9,996,1,8,SUZUKI ALTO,8,-1,0,-1
2021471051047,2021,471051047,1,9,0,18,19,3,7,0,0,8,0,0,7,1,4,1,5,6,2,18,4,996,1,11,SUZUKI ALTO,10,E01031754,0,-1
2021070863850,2021,070863850,1,9,0,7,7,1,3,0,0,6,0,0,0,0,1,1,2,2,2,-1,-1,996,1,10,SUZUKI ALTO,-1,-1,0,-1
2021501053483,2021,501053483,2,9,0,17,19,7,4,0,0,0,1,0,1,0,1,1,5,6,1,46,8,996,1,8,SUZUKI ALTO,8,E01019898,0,-1
2021501128261,2021,501128261,1,9,0,18,19,7,3,0,0,0,0,0,1,11,1,1,6,6,2,84,11,996,1,7,SUZUKI ALTO,8,E01020190,0,-1
2021211153184,2021,211153184,2,9,0,8,8,3,6,0,0,0,0,0,0,0,2,1,6,6,2,33,6,996,1,7,SUZUKI ALTO,9,E01018442,0,-1
2021122100919,2021,122100919,2,9,0,7,7,6,8,0,0,0,0,0,0,0,3,1,6,6,1,-1,-1,996,1,7,SUZUKI ALTO,-1,-1,0,-1
2021552100762,2021,552100762,2,9,0,8,8,6,8,0,0,1,0,0,0,0,1,1,6,6,2,56,9,996,1,11,SUZUKI ALTO,6,E01015414,0,-1
2021131098713,2021,131098713,1,9,0,18,19,1,5,0,0,1,0,0,0,0,4,1,5,6,1,18,4,996,1,8,SUZUKI ALTO,2,E01033031,0,-1
2021461052423,2021,461052423,2,9,0,18,19,6,2,0,0,0,0,0,1,0,2,1,1,1,1,34,6,1061,1,15,SUZUKI ALTO,6,E01032824,0,-1
2021430125936,2021,430125936,1,9,0,18,19,7,3,0,0,0,0,0,0,0,1,1,6,6,2,91,11,1061,1,15,SUZUKI ALTO,8,E01016763,0,-1
2021351120905,2021,351120905,1,9,0,18,19,3,7,0,0,0,0,0,0,0,1,1,5,6,1,48,8,996,1,8,SUZUKI ALTO,4,E01029940,0,-1
2021111040264,2021,111040264,2,9,0,17,19,3,7,0,0,0,0,0,1,0,1,1,6,6,1,59,9,996,1,9,SUZUKI ALTO,-1,-1,0,-1
2021122101012,2021,122101012,1,9,0,9,9,5,1,0,0,1,0,0,0,0,4,1,6,6,1,84,11,996,1,11,SUZUKI ALTO,8,E01027593,0,-1
2021041044426,2021,041044426,1,9,0,14,14,5,1,0,0,0,0,0,0,0,3,1,6,6,2,49,8,996,1,10,SUZUKI ALTO,1,E01025186,0,-1
2021451112356,2021,451112356,2,9,0,3,3,5,1,0,0,0,0,0,0,0,1,1,6,6,1,32,6,996,1,12,SUZUKI ALTO,5,E01023867,0,-1
2021351022212,2021,351022212,1,9,0,18,19,8,4,0,0,0,5,0,1,0,1,1,6,6,1,41,7,996,1,12,SUZUKI ALTO,1,E01018108,0,-1
2021361067602,2021,361067602,3,9,0,18,19,4,1,0,0,0,0,0,0,0,3,1,5,6,2,60,9,996,1,8,SUZUKI ALTO,4,E01026850,0,-1
2021161021006,2021,161021006,2,9,0,16,19,6,2,0,0,1,0,0,1,0,3,1,6,6,2,49,8,996,1,7,SUZUKI ALTO,5,E01012964,0,-1
2021552200061,2021,552200061,2,9,0,2,2,0,0,0,0,0,0,0,0,0,2,1,6,6,3,-1,-1,996,1,7,SUZUKI ALTO,-1,-1,0,-1
2021440476941,2021,440476941,1,9,0,18,19,1,5,0,0,2,0,0,0,0,1,1,6,6,1,79,11,996,1,7,SUZUKI ALTO,2,E01022949,0,-1
2021010305385,2021,010305385,1,9,9,99,99,9,9,99,99,0,9,99,9,99,9,9,6,6,2,21,5,996,1,7,SUZUKI ALTO,5,E01002446,0,-1
2021131116074,2021,131116074,4,9,0,2,2,0,0,0,0,8,0,0,0,0,1,1,6,6,3,-1,-1,996,1,7,SUZUKI ALTO,-1,-1,0,-1
2021552100888,2021,552100888,1,9,0,16,19,2,6,0,0,0,0,4,0,0,1,1,6,6,2,30,6,996,1,8,SUZUKI ALTO,1,E01020569,0,-1
2021440208889,2021,440208889,1,9,0,7,7,7,1,0,0,8,0,0,0,0,3,1,6,6,1,45,7,996,1,9,SUZUKI ALTO,4,E01017034,0,-1
2021131076265,2021,131076265,1,9,0,18,19,1,5,0,0,2,0,0,0,0,3,1,2,2,2,27,6,996,1,8,SUZUKI ALTO,4,E01007545,0,-1
2021991100382,2021,991100382,2,9,0,18,19,3,8,0,0,8,1,0,0,0,4,1,3,7,1,67,10,996,1,10,SUZUKI ALTO,-1,-1,0,-1
2021545004021,2021,545004021,2,9,0,18,19,6,4,0,0,8,0,0,0,0,2,1,6,6,2,25,5,996,1,7,SUZUKI ALTO,6,E01032065,0,-1
2021010325835,2021,010325835,1,9,9,18,19,5,1,99,99,9,9,99,0,0,2,9,2,2,2,32,6,996,1,7,SUZUKI ALTO,3,E01000464,0,-1
2021544143821,2021,544143821,2,9,0,3,3,3,7,0,0,1,0,0,0,0,4,1,6,6,1,27,6,996,1,9,SUZUKI ALTO,3,E01015510,0,-1
2021131049818,2021,131049818,2,9,0,18,19,2,2,0,0,4,0,0,0,0,2,1,6,6,1,52,8,996,1,10,SUZUKI ALTO,1,E01010813,0,-1
2021161012984,2021,161012984,1,9,0,18,19,1,5,0,0,1,0,0,7,10,1,1,6,6,1,73,10,996,1,7,SUZUKI ALTO,1,E01012849,0,-1
2021471087232,2021,471087232,2,5,0,18,19,3,7,0,0,3,0,0,1,0,4,1,2,2,1,45,7,599,1,25,-1,6,E01031817,0,-1
2021411059194,2021,411059194,2,5,0,3,3,7,3,0,0,1,0,0,0,0,2,1,5,6,1,53,8,599,1,25,-1,6,E01023388,0,-1
2021010311395,2021,010311395,1,8,0,16,19,3,7,0,0,0,0,0,0,0,1,1,1,1,1,59,9,-1,3,1,-1,3,E01002491,0,-1
2021010292149,2021,010292149,2,9,0,3,3,3,7,0,0,1,0,0,0,0,2,1,1,1,1,51,8,-1,3,2,-1,-1,-1,0,-1
2021461053333,2021,461053333,2,9,0,3,3,3,7,0,0,0,0,0,0,0,2,1,6,6,2,27,6,1598,1,11,VAUXHALL MERIVA,5,E01024228,0,-1
2021161050791,2021,161050791,1,9,0,16,19,3,6,0,0,0,5,0,1,9,1,1,6,6,2,24,5,1364,1,12,VAUXHALL MERIVA,3,E01028025,0,-1
2021161087948,2021,161087948,2,9,0,18,19,6,2,0,0,1,0,0,-1,0,1,1,6,6,2,-1,-1,1598,1,13,VAUXHALL MERIVA,4,E01026416,0,-1
2021622100964,2021,622100964,1,9,0,18,19,6,2,0,0,0,1,0,0,0,2,1,6,6,2,48,8,1364,1,15,VAUXHALL MERIVA,7,W01001891,0,-1
2021451072818,2021,451072818,2,9,0,18,19,5,5,0,0,0,0,0,0,0,1,1,6,6,1,55,8,1364,1,14,VAUXHALL MERIVA,6,E01030524,0,-1
2021622100548,2021,622100548,1,9,0,18,19,8,4,0,0,8,0,0,0,0,1,1,6,6,1,79,11,1364,1,13,VAUXHALL MERIVA,9,W01001123,0,-1
202131D137521,2021,31D137521,2,9,0,18,19,5,1,0,0,0,0,0,0,0,2,1,6,6,2,62,9,1686,2,9,VAUXHALL MERIVA,5,E01011820,0,-1
2021430305940,2021,430305940,1,9,0,18,19,7,3,0,0,0,0,0,0,0,4,1,6,6,1,33,6,1598,1,11,VAUXHALL MERIVA,6,E01016398,0,-1
2021471038890,2021,471038890,1,9,0,9,9,7,5,0,0,8,0,0,0,0,3,1,5,6,2,50,8,1398,1,10,VAUXHALL MERIVA,4,E01031786,0,-1
2021522105665,2021,522105665,1,9,0,3,3,5,2,0,0,1,0,0,0,0,2,1,6,6,1,35,6,1398,1,6,VAUXHALL MERIVA,6,E01014813,0,-1
2021440062722,2021,440062722,2,9,0,2,2,0,0,0,0,0,0,0,0,0,0,1,6,6,1,-1,-1,1598,1,11,VAUXHALL MERIVA,-1,-1,0,-1
2021311045937,2021,311045937,1,9,0,3,3,2,6,0,0,0,0,0,0,0,3,1,1,1,2,58,9,1398,1,4,VAUXHALL MERIVA,4,E01025899,0,-1
2021401031756,2021,401031756,3,9,0,4,4,5,1,0,0,0,0,0,0,0,2,1,5,6,1,70,10,1248,2,13,VAUXHALL MERIVA,7,E01017511,0,-1
2021302101664,2021,302101664,1,9,0,18,19,7,3,0,0,0,0,0,1,9,1,1,6,6,2,64,9,1398,1,7,VAUXHALL MERIVA,4,E01019773,0,-1
2021141086605,2021,141086605,2,9,0,14,14,1,5,0,0,0,0,0,0,0,3,1,3,7,2,32,6,1398,1,5,VAUXHALL MERIVA,2,E01007394,0,-1
2021122100506,2021,122100506,3,9,0,18,19,5,1,0,0,0,0,0,1,0,3,1,6,6,1,63,9,1598,2,4,VAUXHALL MERIVA,10,E01027855,0,-1
202154B449321,2021,54B449321,1,9,0,18,19,5,1,0,0,1,0,0,0,0,1,1,1,1,1,21,5,1598,1,18,VAUXHALL MERIVA,8,E01015576,0,-1
2021522101921,2021,522101921,1,9,0,9,9,7,4,0,0,8,0,0,0,0,1,1,6,6,1,46,8,1598,1,13,VAUXHALL MERIVA,5,E01014678,0,-1
2021501055812,2021,501055812,1,9,0,18,19,1,5,0,0,6,0,0,0,0,1,1,6,6,1,27,6,1364,1,13,VAUXHALL MERIVA,8,E01015119,0,-1
2021546308821,2021,546308821,2,9,0,18,19,7,3,0,0,0,0,0,0,0,3,1,6,6,1,40,7,1248,2,9,VAUXHALL MERIVA,3,E01015527,0,-1
2021361060252,2021,361060252,1,9,0,5,5,7,3,0,0,0,0,0,0,0,3,1,3,7,1,40,7,1364,1,15,VAUXHALL MERIVA,4,E01026780,0,-1
2021351095506,2021,351095506,1,9,0,17,19,7,3,9,9,2,0,11,1,3,1,1,5,6,2,78,11,1364,1,11,VAUXHALL MERIVA,3,E01018073,0,-1
2021991058599,2021,991058599,2,9,0,9,9,7,5,0,0,1,0,0,0,0,3,1,5,6,2,40,7,1398,1,9,VAUXHALL MERIVA,1,-1,0,-1
2021421120087,2021,421120087,2,9,0,5,5,0,2,0,0,0,0,0,0,0,2,1,5,6,2,53,8,1364,1,9,VAUXHALL MERIVA,4,E01021508,0,-1
2021461109254,2021,461109254,1,9,0,14,14,1,5,0,0,0,5,4,0,0,3,1,6,6,1,83,11,1398,1,5,VAUXHALL MERIVA,6,E01024655,0,-1
2021201110942,2021,201110942,2,9,0,7,7,2,4,0,0,6,0,0,0,0,3,1,6,6,2,77,11,1362,1,8,VAUXHALL MERIVA,5,E01009031,0,-1
2021522105032,2021,522105032,2,9,0,5,5,2,6,0,0,1,0,0,0,0,3,1,6,6,2,49,8,1686,2,10,VAUXHALL MERIVA,7,E01014945,0,-1
2021411080338,2021,411080338,1,9,0,18,19,5,1,0,0,0,0,0,0,0,1,1,5,6,2,35,6,1686,2,10,VAUXHALL MERIVA,3,E01002589,0,-1
2021010340632,2021,010340632,1,9,0,18,19,6,2,0,0,8,0,0,1,1,3,1,6,6,2,31,6,1398,1,11,VAUXHALL MERIVA,5,E01002590,0,-1
2021421079620,2021,421079620,2,9,0,10,10,7,5,0,0,2,0,0,0,0,3,1,6,6,2,48,8,1398,1,10,VAUXHALL MERIVA,6,E01021369,0,-1
2021411075303,2021,411075303,1,9,0,18,19,4,8,0,0,0,1,7,2,6,3,1,5,6,1,49,8,1398,1,6,VAUXHALL MERIVA,2,E01001878,0,-1
2021361089406,2021,361089406,1,9,5,18,19,5,1,0,0,0,0,0,0,0,1,1,5,6,1,84,11,1686,2,9,VAUXHALL MERIVA,6,E01033541,0,-1
2021170H11111,2021,170H11111,2,9,0,18,19,6,2,0,0,8,0,0,0,0,1,1,6,6,2,38,7,1364,1,12,VAUXHALL MERIVA,-1,-1,0,-1
2021622100713,2021,622100713,1,9,0,18,19,4,8,0,0,0,0,0,0,0,4,1,1,1,2,53,8,1398,1,6,VAUXHALL MERIVA,9,W01001132,0,-1
2021010318592,2021,010318592,3,9,0,2,2,0,0,0,0,0,0,0,0,0,3,1,6,6,3,-1,-1,1364,1,11,VAUXHALL MERIVA,-1,-1,0,-1
2021501133247,2021,501133247,2,9,0,3,3,7,3,0,0,1,0,0,0,0,2,1,2,2,1,47,8,1364,1,11,VAUXHALL MERIVA,3,E01015204,0,-1
2021451044194,2021,451044194,1,9,0,18,19,4,8,0,0,0,0,0,0,0,1,1,5,6,1,52,8,1364,1,14,VAUXHALL MERIVA,6,E01030717,0,-1
2021461084731,2021,461084731,2,9,0,18,19,5,1,0,0,1,0,0,0,0,1,1,5,6,2,54,8,1686,2,8,VAUXHALL MERIVA,4,E01016048,0,-1
2021411139461,2021,411139461,1,9,0,4,4,3,7,0,0,1,0,0,0,0,3,1,1,1,1,29,6,1248,2,9,VAUXHALL MERIVA,7,E01023923,0,-1
2021010307450,2021,010307450,1,9,0,5,5,1,5,0,0,1,0,0,0,0,3,1,6,6,1,32,6,1598,1,17,VAUXHALL MERIVA,4,E01002179,0,-1
2021547874421,2021,547874421,1,9,0,18,19,3,7,0,0,0,0,0,1,1,1,1,6,6,1,58,9,1598,1,17,VAUXHALL MERIVA,8,E01032095,0,-1
2021141116851,2021,141116851,1,9,0,18,19,6,2,0,0,1,0,0,0,0,1,1,6,6,1,38,7,1364,1,12,VAUXHALL MERIVA,2,E01007470,0,-1
2021501051178,2021,501051178,2,9,0,3,3,3,7,0,0,1,0,0,0,0,2,1,5,6,2,44,7,1598,1,15,VAUXHALL MERIVA,4,E01018922,0,-1
2021131055235,2021,131055235,1,9,0,18,19,6,2,0,0,0,0,0,0,0,-1,1,6,6,3,-1,-1,1364,1,12,VAUXHALL MERIVA,-1,-1,0,-1
2021451021326,2021,451021326,1,9,0,2,2,0,0,0,0,0,0,0,0,0,1,1,5,6,1,51,8,1364,1,14,VAUXHALL MERIVA,6,E01030717,0,-1
2021320498292,2021,320498292,1,9,0,16,19,7,2,0,0,0,5,0,7,9,1,1,6,6,2,35,6,1598,1,13,VAUXHALL MERIVA,5,E01026100,0,-1
2021531081349,2021,531081349,2,9,0,4,4,5,1,0,0,1,0,0,0,0,2,1,6,6,2,30,6,1398,1,11,VAUXHALL MERIVA,1,E01022319,0,-1
2021520102307,2021,520102307,2,9,0,18,19,8,4,0,0,1,0,0,0,0,1,1,6,6,1,30,6,1598,1,13,VAUXHALL MERIVA,-1,-1,0,-1
2021031115983,2021,031115983,2,9,0,2,2,0,0,0,0,1,0,0,0,0,-1,1,6,6,2,-1,-1,1364,1,14,VAUXHALL MERIVA,5,E01019170,0,-1
2021991043114,2021,991043114,1,9,0,9,9,6,3,0,0,6,0,0,0,0,1,1,5,6,2,22,5,1398,1,8,VAUXHALL MERIVA,10,-1,0,-1
2021302101685,2021,302101685,2,9,0,18,19,6,2,0,0,3,0,0,0,0,4,1,1,1,2,48,8,1598,1,16,VAUXHALL MERIVA,4,E01019458,0,-1
2021430397542,2021,430397542,1,9,0,5,5,3,5,0,0,1,0,0,0,0,1,1,6,6,2,34,6,1364,1,15,VAUXHALL MERIVA,6,E01028757,0,-1
2021522104957,2021,522104957,1,9,0,18,19,1,5,0,0,1,0,0,0,0,1,1,1,1,1,48,8,1364,1,14,VAUXHALL MERIVA,3,E01014600,0,-1
2021302101609,2021,302101609,1,9,0,18,19,4,8,0,0,0,0,0,0,0,1,1,6,6,1,35,6,1686,2,10,VAUXHALL MERIVA,1,E01019561,0,-1
2021501051661,2021,501051661,2,9,0,2,2,5,3,0,0,8,0,0,0,0,4,1,5,6,2,29,6,1686,2,14,VAUXHALL MERIVA,5,E01015163,0,-1
202134WNC5181,2021,34WNC5181,1,9,0,9,9,3,1,0,0,5,0,0,0,0,2,1,6,6,2,36,7,1364,1,16,VAUXHALL MERIVA,3,E01027240,0,-1
2021552100357,2021,552100357,2,9,0,2,2,0,0,0,0,0,0,0,0,0,3,1,6,6,3,-1,-1,1364,1,8,VAUXHALL MERIVA,-1,-1,0,-1
2021371130340,2021,371130340,2,9,0,18,19,3,1,0,0,0,0,0,0,0,1,1,6,6,1,54,8,1686,2,10,VAUXHALL MERIVA,4,E01029892,0,-1
2021351056087,2021,351056087,1,9,0,5,5,5,8,0,0,8,0,0,3,11,1,1,6,6,2,51,8,1364,1,7,VAUXHALL MERIVA,5,E01017960,0,-1
202131D113221,2021,31D113221,2,9,0,18,19,4,8,0,0,8,2,0,0,0,4,1,6,6,1,83,11,1364,1,6,VAUXHALL MERIVA,8,E01028420,0,-1
202131A145421,2021,31A145421,1,9,0,18,19,1,5,0,0,0,0,0,0,0,1,1,6,6,2,60,9,1598,1,17,VAUXHALL MERIVA,1,E01013881,0,-1
2021471073512,2021,471073512,1,9,0,8,8,6,8,0,0,8,0,0,0,0,3,1,5,6,2,46,8,1686,2,10,VAUXHALL MERIVA,8,E01021214,0,-1
2021141041393,2021,141041393,2,9,0,5,5,1,7,0,0,8,0,0,0,0,4,1,6,6,1,34,6,1598,1,15,VAUXHALL MERIVA,1,E01007775,0,-1
2021991050632,2021,991050632,1,9,0,18,19,7,3,0,0,1,0,0,0,0,3,1,2,2,1,65,9,1398,1,10,VAUXHALL MERIVA,4,-1,0,-1
2021010347380,2021,010347380,1,9,0,4,4,3,7,0,0,0,0,0,0,0,2,1,2,2,1,58,9,1686,2,10,VAUXHALL MERIVA,4,E01001139,0,-1
2021141099929,2021,141099929,2,9,0,9,9,4,2,0,0,0,0,0,0,0,3,1,5,6,1,47,8,1598,1,13,VAUXHALL MERIVA,2,E01007717,0,-1
2021041015452,2021,041015452,2,9,0,18,19,4,8,0,0,1,0,0,0,0,1,1,2,2,1,24,5,1364,1,10,VAUXHALL MERIVA,9,E01025404,0,-1
2021070445985,2021,070445985,2,9,0,18,19,3,7,0,0,1,0,0,0,0,4,1,6,6,2,32,6,1364,1,13,VAUXHALL MERIVA,2,E01018564,0,-1
2021221068218,2021,221068218,2,9,0,3,3,6,2,0,0,0,0,0,0,0,3,1,6,6,1,51,8,1796,1,17,VAUXHALL MERIVA,5,E01014013,0,-1
2021461125318,2021,461125318,2,9,0,18,19,7,3,0,0,1,0,0,0,0,2,1,3,7,2,31,6,1686,2,9,VAUXHALL MERIVA,4,E01024582,0,-1
2021010331428,2021,010331428,1,9,0,3,3,1,5,0,0,1,0,0,0,0,0,1,6,6,2,32,6,1398,1,8,VAUXHALL MERIVA,4,E01004526,0,-1
2021161035414,2021,161035414,2,9,0,18,19,3,7,0,0,0,0,0,0,0,1,1,6,6,1,23,5,1686,2,13,VAUXHALL MERIVA,3,E01012866,0,-1
2021041083991,2021,041083991,1,9,0,11,11,5,1,0,0,0,0,0,0,0,1,1,5,6,2,48,8,1598,1,17,VAUXHALL MERIVA,1,E01006865,0,-1
2021411095917,2021,411095917,2,9,0,18,19,5,1,0,0,0,0,0,0,0,3,1,6,6,1,37,7,1796,1,17,VAUXHALL MERIVA,5,E01023631,0,-1
2021320454312,2021,320454312,3,9,0,2,2,0,0,0,0,0,0,0,0,0,1,1,6,6,1,75,10,1364,1,7,VAUXHALL MERIVA,5,E01026306,0,-1
2021522105989,2021,522105989,1,9,0,18,19,7,3,0,0,1,0,0,0,0,1,1,6,6,2,39,7,1598,1,15,VAUXHALL MERIVA,1,E01032514,0,-1
2021411099815,2021,411099815,1,9,0,18,19,1,5,0,0,0,0,0,0,0,1,1,6,6,2,23,5,1686,2,11,VAUXHALL MERIVA,4,E01023774,0,-1
2021552200147,2021,552200147,1,9,0,14,14,6,2,0,0,1,0,0,0,0,1,1,6,6,2,83,11,1364,1,11,VAUXHALL MERIVA,6,E01015369,0,-1
2021170H10361,2021,170H10361,1,9,0,5,5,0,1,0,0,0,0,0,0,0,0,1,6,6,1,-1,-1,1398,1,8,VAUXHALL MERIVA,-1,-1,0,-1
2021451077491,2021,451077491,2,9,0,18,19,2,6,0,0,1,0,0,0,0,1,1,5,6,1,77,11,1686,2,10,VAUXHALL MERIVA,4,E01032858,0,-1
2021531073301,2021,531073301,2,9,0,18,19,8,2,0,0,8,1,0,0,0,1,1,5,6,1,76,11,1398,1,6,VAUXHALL MERIVA,5,E01014065,0,-1
2021520200374,2021,520200374,1,9,0,9,9,3,1,0,0,8,0,0,0,0,1,1,6,6,1,23,5,1598,1,16,VAUXHALL MERIVA,6,E01029061,0,-1
2021552100157,2021,552100157,2,9,0,14,14,8,4,0,0,0,0,0,0,0,1,1,6,6,2,41,7,1686,2,9,VAUXHALL MERIVA,5,E01015301,0,-1
2021421103079,2021,421103079,2,9,0,18,19,1,5,0,0,0,0,0,0,0,3,1,6,6,2,62,9,1598,1,15,VAUXHALL MERIVA,6,E01021394,0,-1
2021461101240,2021,461101240,1,9,0,9,9,3,7,0,0,5,0,0,0,0,4,1,6,6,1,76,11,1364,1,6,VAUXHALL MERIVA,6,E01024557,0,-1
2021010303140,2021,010303140,1,9,0,9,9,5,2,0,0,1,0,0,0,0,3,1,1,1,1,50,8,1598,1,14,VAUXHALL MERIVA,6,E01030678,0,-1
2021061110052,2021,061110052,2,9,0,18,19,6,2,0,0,0,1,0,0,0,2,1,6,6,1,72,10,1398,1,9,VAUXHALL MERIVA,3,E01005181,0,-1
2021421066692,2021,421066692,1,9,0,7,7,1,5,8,6,0,0,0,1,0,3,1,5,6,2,34,6,1398,1,5,VAUXHALL MERIVA,9,E01021825,0,-1
20211382L1330,2021,1382L1330,3,9,0,2,2,4,8,0,0,0,0,0,0,0,1,1,6,6,1,-1,-1,1598,1,14,VAUXHALL MERIVA,-1,-1,0,-1
2021052100082,2021,052100082,1,9,0,18,19,3,7,0,0,0,1,0,0,0,1,1,6,6,1,25,5,1598,1,13,VAUXHALL MERIVA,2,E01006298,0,-1
2021430329281,2021,430329281,1,9,0,4,4,1,5,0,0,0,0,0,0,0,2,1,6,6,1,55,8,1598,1,11,VAUXHALL MERIVA,1,E01028576,0,-1
2021421067262,2021,421067262,2,9,0,9,9,3,1,0,0,5,0,0,0,0,1,1,5,6,2,60,9,1598,2,4,VAUXHALL MERIVA,4,E01021815,0,-1
2021061095998,2021,061095998,1,9,0,18,19,5,1,0,0,8,0,0,0,0,1,1,6,6,2,39,7,1398,1,10,VAUXHALL MERIVA,4,E01006370,0,-1
2021991052606,2021,991052606,1,9,0,18,19,4,1,0,0,0,0,0,0,0,4,1,5,6,2,41,7,1364,1,11,VAUXHALL MERIVA,9,-1,0,-1
2021010321678,2021,010321678,2,9,0,18,19,3,7,0,0,4,0,0,1,0,3,1,6,6,2,26,6,1686,2,10,VAUXHALL MERIVA,4,E01002409,0,-1
2021052101756,2021,052101756,1,9,0,18,19,4,8,0,0,0,0,0,0,0,4,1,6,6,2,81,11,1364,1,12,VAUXHALL MERIVA,5,E01007152,0,-1
2021070513209,2021,070513209,1,9,0,18,19,8,4,0,0,0,0,0,0,0,3,1,6,6,1,80,11,1398,1,7,VAUXHALL MERIVA,10,E01018560,0,-1
2021010292543,2021,010292543,2,9,0,5,5,5,1,0,0,8,0,0,0,0,3,1,6,6,1,34,6,1364,1,6,VAUXHALL MERIVA,2,E01000599,0,-1
2021010318108,2021,010318108,2,9,0,99,99,9,9,99,99,9,9,99,9,99,9,9,6,6,3,-1,-1,1598,1,13,VAUXHALL MERIVA,1,E01002790,0,-1
2021010294043,2021,010294043,1,9,0,17,19,1,5,0,0,2,0,0,0,0,3,1,2,2,1,40,7,1598,1,18,VAUXHALL MERIVA,3,E01002932,0,-1
2021531046118,2021,531046118,1,9,0,13,13,-1,-1,0,0,2,0,0,0,0,4,1,6,6,1,-1,-1,1598,1,18,VAUXHALL MERIVA,-1,-1,0,-1
2021161117374,2021,161117374,1,9,0,9,9,4,2,0,0,1,0,0,0,0,1,1,1,1,1,77,11,1686,2,8,VAUXHALL MERIVA,1,E01013221,0,-1
2021010318483,2021,010318483,1,9,0,18,19,1,5,0,0,8,0,11,0,0,1,1,6,6,1,32,6,1364,1,13,VAUXHALL MERIVA,8,E01033028,0,-1
2021401035923,2021,401035923,2,9,-1,-1,-1,-1,-1,-1,-1,-1,-1,-1,-1,0,-1,1,5,6,2,25,5,1398,1,9,VAUXHALL MERIVA,9,E01017558,0,-1
2021440177995,2021,440177995,1,9,0,9,9,7,5,0,0,8,0,0,0,0,4,1,6,6,2,45,7,1364,1,9,VAUXHALL MERIVA,3,E01017350,0,-1
2021991019269,2021,991019269,2,9,0,2,2,7,4,0,0,1,0,0,0,0,2,1,5,6,1,31,6,1686,2,10,VAUXHALL MERIVA,1,-1,0,-1
2021471094176,2021,471094176,1,9,0,1,1,8,4,0,0,0,0,0,0,0,2,1,5,6,1,47,8,1598,1,17,VAUXHALL MERIVA,2,E01020998,0,-1
2021131047259,2021,131047259,1,9,0,18,19,3,7,0,0,8,0,0,0,0,1,1,5,6,2,58,9,1398,1,6,VAUXHALL MERIVA,3,E01032606,0,-1