collision_index,collision_year,collision_ref_no,vehicle_reference,vehicle_type,towing_and_articulation,vehicle_manoeuvre_historic,vehicle_manoeuvre,vehicle_direction_from,vehicle_direction_to,vehicle_location_restricted_lane_historic,vehicle_location_restricted_lane,junction_location,skidding_and_overturning,hit_object_in_carriageway,vehicle_leaving_carriageway,hit_object_off_carriageway,first_point_of_impact,vehicle_left_hand_drive,journey_purpose_of_driver_historic,journey_purpose_of_driver,sex_of_driver,age_of_driver,age_band_of_driver,engine_capacity_cc,propulsion_code,age_of_vehicle,generic_make_model,driver_imd_decile,lsoa_of_driver,escooter_flag,driver_distance_banding
2021201075055,2021,201075055,1,9,0,18,19,1,5,0,0,2,0,0,0,0,1,1,6,6,1,-1,-1,1248,2,13,VAUXHALL MERIVA,-1,-1,0,-1
2021461050446,2021,461050446,6,9,0,18,19,1,5,0,0,0,1,0,0,0,2,1,6,6,1,45,7,1598,1,12,VAUXHALL MERIVA,7,E01000734,0,-1
2021421029263,2021,421029263,1,9,0,6,6,7,3,8,6,6,0,0,0,0,3,1,5,6,1,47,8,1796,1,17,VAUXHALL MERIVA,7,E01015837,0,-1
2021010316595,2021,010316595,2,9,0,99,99,9,9,99,99,9,9,99,9,99,9,9,6,6,3,-1,-1,1364,1,5,VAUXHALL MERIVA,5,E01004188,0,-1
2021141060064,2021,141060064,1,9,0,18,19,6,2,0,0,0,0,0,0,0,2,1,5,6,2,40,7,1364,1,12,VAUXHALL MERIVA,1,E01007945,0,-1
2021010299899,2021,010299899,1,9,0,18,19,3,7,0,0,8,0,0,0,0,1,1,6,6,2,47,8,1398,1,7,VAUXHALL MERIVA,-1,-1,0,-1
2021161084332,2021,161084332,2,9,0,4,4,3,7,0,0,1,0,0,0,0,1,1,6,6,2,36,7,1398,1,10,VAUXHALL MERIVA,1,E01012892,0,-1
2021010288404,2021,010288404,2,9,9,99,99,9,9,99,99,9,9,99,9,99,2,9,6,6,3,-1,-1,1598,1,15,VAUXHALL MERIVA,2,E01002087,0,-1
2021010299179,2021,010299179,2,9,0,4,4,3,7,0,0,0,0,0,0,0,2,1,6,6,2,51,8,1598,1,15,VAUXHALL MERIVA,5,E01023293,0,-1
2021010344927,2021,010344927,2,9,9,99,99,9,9,99,99,9,9,99,9,99,1,9,6,6,2,-1,-1,1598,1,17,VAUXHALL MERIVA,3,E01002923,0,-1
2021010346334,2021,010346334,1,9,0,18,19,5,1,9,9,2,1,10,3,10,1,1,6,6,1,19,4,1364,1,10,VAUXHALL MERIVA,7,E01000437,0,-1
2021221107930,2021,221107930,2,9,0,5,5,7,5,0,0,6,0,0,0,0,1,1,5,6,2,57,9,1364,1,8,VAUXHALL MERIVA,6,E01032390,0,-1
202134NNC3591,2021,34NNC3591,2,9,0,18,19,2,6,0,0,8,5,0,0,0,4,1,6,6,2,29,6,1598,1,15,VAUXHALL MERIVA,1,E01027083,0,-1
2021170S10871,2021,170S10871,1,9,0,18,19,2,6,0,0,0,0,0,0,0,1,1,6,6,1,50,8,1398,1,9,VAUXHALL MERIVA,5,E01012219,0,-1
202134NNC0401,2021,34NNC0401,1,9,0,18,19,1,5,0,0,0,0,0,0,0,1,1,6,6,1,34,6,1796,1,11,VAUXHALL MERIVA,2,E01027331,0,-1
2021320356177,2021,320356177,1,9,0,18,19,2,6,0,0,1,0,0,0,0,1,1,6,6,1,77,11,1598,1,17,VAUXHALL MERIVA,3,E01026023,0,-1
2021101082423,2021,101082423,1,9,0,5,5,6,2,0,0,2,0,0,7,11,3,1,6,6,2,58,9,1598,1,16,VAUXHALL MERIVA,3,E01027537,0,-1
2021451126578,2021,451126578,1,9,0,18,19,5,1,0,0,0,0,0,7,4,4,1,5,6,2,31,6,1364,1,13,VAUXHALL MERIVA,3,E01031569,0,-1
2021201044740,2021,201044740,2,9,0,3,3,2,6,0,0,1,0,0,0,0,2,1,5,6,2,41,7,1364,1,11,VAUXHALL MERIVA,6,E01010557,0,-1
2021320495114,2021,320495114,1,9,0,18,19,7,3,0,0,0,0,0,1,4,3,1,6,6,1,36,7,1598,1,15,VAUXHALL MERIVA,4,E01028130,0,-1
2021161018215,2021,161018215,1,9,0,18,19,3,7,0,0,0,0,4,0,0,4,1,2,2,2,49,8,1796,1,13,VAUXHALL MERIVA,1,E01012782,0,-1
2021522104684,2021,522104684,2,9,0,18,19,3,7,0,0,0,0,0,0,0,4,1,6,6,2,53,8,1398,1,7,VAUXHALL MERIVA,8,E01014637,0,-1
202163A023421,2021,63A023421,2,9,5,18,19,7,3,0,0,4,0,0,0,0,3,1,6,6,1,40,7,1686,2,10,VAUXHALL MERIVA,3,W01000928,0,-1
2021552100882,2021,552100882,1,9,0,18,19,6,8,0,0,1,0,0,0,0,1,1,2,2,2,59,9,1598,1,16,VAUXHALL MERIVA,6,E01015291,0,-1
2021131114253,2021,131114253,4,9,0,4,4,7,3,0,0,0,0,0,0,0,1,1,5,6,2,30,6,1398,1,5,VAUXHALL MERIVA,4,E01011153,0,-1
2021131117702,2021,131117702,1,9,0,18,19,5,1,0,0,8,0,0,0,0,3,1,5,6,1,69,10,1364,1,11,VAUXHALL MERIVA,1,E01011864,0,-1
2021201028167,2021,201028167,1,9,0,18,19,2,6,0,0,4,0,0,0,0,1,1,6,6,2,-1,-1,1598,1,14,VAUXHALL MERIVA,3,E01009956,0,-1
2021461108584,2021,461108584,3,9,0,10,10,5,3,0,0,1,0,0,0,0,4,1,6,6,1,80,11,1398,1,5,VAUXHALL MERIVA,9,E01024268,0,-1
2021052100918,2021,052100918,2,9,0,18,19,1,5,0,0,8,0,0,0,0,1,1,2,2,1,51,8,1398,1,10,VAUXHALL MERIVA,2,E01006514,0,-1
2021221067693,2021,221067693,2,9,0,9,9,5,3,0,0,5,0,0,0,0,3,1,5,6,1,49,8,1364,1,15,VAUXHALL MERIVA,8,E01032316,0,-1
2021320754344,2021,320754344,1,9,0,18,19,6,2,0,0,0,5,0,1,0,1,1,6,6,1,28,6,1364,1,17,VAUXHALL MERIVA,1,E01015616,0,-1
2021221082696,2021,221082696,1,9,0,18,19,5,1,0,0,0,0,0,0,0,2,1,6,6,2,25,5,1364,1,14,VAUXHALL MERIVA,7,E01028889,0,-1
2021461128434,2021,461128434,1,9,0,5,5,6,2,0,0,1,0,0,0,0,1,1,5,6,1,76,11,1686,2,10,VAUXHALL MERIVA,2,E01016039,0,-1
2021440374360,2021,440374360,1,9,0,9,9,7,3,0,0,8,0,0,0,0,3,1,6,6,2,64,9,1598,1,17,VAUXHALL MERIVA,5,E01023019,0,-1
2021520105844,2021,520105844,2,9,0,18,19,3,7,0,0,0,0,0,0,0,1,1,6,6,1,44,7,1598,1,15,VAUXHALL MERIVA,3,E01029041,0,-1
2021070800584,2021,070800584,1,9,0,9,9,1,7,0,0,1,0,0,0,0,1,1,2,2,2,37,7,1398,1,7,VAUXHALL MERIVA,7,E01018699,0,-1
2021131107748,2021,131107748,1,9,0,1,1,1,5,0,0,1,0,0,0,0,2,1,6,6,3,-1,-1,1398,1,8,VAUXHALL MERIVA,-1,-1,0,-1
2021440240924,2021,440240924,1,9,0,9,9,3,1,0,0,8,0,0,0,0,4,1,6,6,1,26,6,1598,1,12,VAUXHALL MERIVA,3,E01017089,0,-1
2021461102677,2021,461102677,1,9,0,18,19,3,7,0,0,0,0,0,0,0,1,1,6,6,1,64,9,1598,1,17,VAUXHALL MERIVA,10,E01024326,0,-1
2021411100050,2021,411100050,2,9,0,18,19,5,1,0,0,2,0,0,1,7,1,1,5,6,2,52,8,1364,1,9,VAUXHALL MERIVA,5,E01023791,0,-1
2021010290103,2021,010290103,1,9,0,99,99,9,9,99,99,9,9,99,9,99,2,9,6,6,1,29,6,1598,1,17,VAUXHALL MERIVA,7,E01000297,0,-1
2021010299001,2021,010299001,1,9,0,18,19,2,6,0,0,1,0,8,3,0,1,1,6,6,2,78,11,1598,1,16,VAUXHALL MERIVA,8,E01002461,0,-1
2021421051523,2021,421051523,2,9,0,4,4,4,4,0,0,0,0,0,0,0,2,1,5,6,1,58,9,1598,1,14,VAUXHALL MERIVA,2,E01015861,0,-1
2021501066724,2021,501066724,2,9,0,3,3,7,3,0,0,0,0,0,0,0,2,1,6,6,2,49,8,1686,2,8,VAUXHALL MERIVA,7,E01020511,0,-1
20211382M1837,2021,1382M1837,1,9,0,9,9,5,3,0,0,6,0,0,0,0,1,1,6,6,1,73,10,1598,1,11,VAUXHALL MERIVA,2,E01010916,0,-1
2021052102015,2021,052102015,1,9,0,5,5,8,6,0,0,0,0,11,1,2,4,1,6,6,1,80,11,1398,1,10,VAUXHALL MERIVA,3,E01007276,0,-1
2021622100133,2021,622100133,2,9,0,18,19,6,2,0,0,8,0,0,0,0,4,1,6,6,1,63,9,1598,2,5,VAUXHALL MERIVA,6,W01001039,0,-1
2021010344720,2021,010344720,1,9,0,99,99,9,9,99,99,0,9,99,9,99,9,9,6,6,3,29,6,1398,1,10,VAUXHALL MERIVA,3,E01003719,0,-1
2021201124623,2021,201124623,2,9,0,12,12,4,8,0,0,0,0,0,0,0,4,1,6,6,2,38,7,1398,1,8,VAUXHALL MERIVA,1,E01009611,0,-1
20211382C0945,2021,1382C0945,2,9,0,4,4,7,3,0,0,8,0,0,0,0,2,1,6,6,2,59,9,1598,1,17,VAUXHALL MERIVA,6,E01027916,0,-1
2021041119803,2021,041119803,1,9,0,4,4,6,6,0,0,1,0,4,0,0,1,1,6,6,1,-1,-1,1364,1,11,VAUXHALL MERIVA,6,E01025066,0,-1
2021461058259,2021,461058259,1,9,0,7,7,1,5,0,0,1,0,0,0,0,1,1,6,6,1,33,6,1598,1,18,VAUXHALL MERIVA,5,E01024601,0,-1
2021010328630,2021,010328630,2,9,0,99,99,9,9,99,99,9,9,99,9,99,3,9,6,6,3,-1,-1,1398,1,6,VAUXHALL MERIVA,4,E01003255,0,-1
2021161121508,2021,161121508,1,9,0,18,19,1,5,0,0,5,0,0,0,0,3,1,5,6,1,72,10,1398,1,9,VAUXHALL MERIVA,-1,-1,0,-1
2021170M21191,2021,170M21191,2,9,0,10,10,2,8,0,0,1,0,0,0,0,2,1,6,6,1,40,7,1364,1,14,VAUXHALL MERIVA,1,E01007370,0,-1
2021201100278,2021,201100278,2,9,0,18,19,2,6,0,0,0,0,0,0,0,2,1,6,6,1,66,10,1686,2,17,VAUXHALL MERIVA,8,E01009465,0,-1
2021141027928,2021,141027928,2,9,0,18,19,8,4,0,0,1,0,0,0,0,1,1,5,6,1,31,6,1364,1,11,VAUXHALL MERIVA,3,E01007774,0,-1
2021070203389,2021,070203389,1,9,0,18,19,5,1,0,0,0,0,7,0,0,3,1,6,6,1,72,10,1598,1,18,VAUXHALL MERIVA,6,E01032119,0,-1
2021041051532,2021,041051532,1,9,0,18,19,7,3,0,0,8,0,0,0,0,4,1,2,2,1,51,8,1398,1,11,VAUXHALL MERIVA,4,E01025198,0,-1
2021010330996,2021,010330996,1,9,9,99,99,9,9,99,99,9,9,99,9,99,9,9,6,6,3,48,8,1598,1,17,VAUXHALL MERIVA,5,E01003173,0,-1
2021061086655,2021,061086655,3,9,0,9,9,3,7,0,0,6,1,0,0,0,3,1,5,6,2,47,8,1686,2,12,VAUXHALL MERIVA,4,E01004819,0,-1
2021320206709,2021,320206709,1,9,0,18,19,2,6,0,0,1,0,0,0,0,1,1,6,6,1,81,11,1598,1,17,VAUXHALL MERIVA,3,E01027955,0,-1
2021041112101,2021,041112101,2,9,0,18,19,7,3,0,0,4,0,0,0,0,2,1,6,6,2,26,6,1364,1,12,VAUXHALL MERIVA,1,E01025528,0,-1
2021430302848,2021,430302848,2,9,0,18,19,1,5,0,0,8,0,0,0,0,3,1,6,6,2,-1,-1,1364,1,11,VAUXHALL MERIVA,9,E01028485,0,-1
2021501103486,2021,501103486,1,9,0,18,19,3,7,0,0,4,0,0,0,0,1,1,6,6,1,52,8,1598,1,17,VAUXHALL MERIVA,7,E01020064,0,-1
2021361077718,2021,361077718,2,9,0,18,19,3,7,0,0,0,0,0,0,0,2,1,5,6,1,52,8,1598,1,14,VAUXHALL MERIVA,10,E01017392,0,-1
2021421125651,2021,421125651,1,9,0,9,9,6,2,0,0,0,0,0,0,0,1,1,6,6,1,74,10,1598,1,11,VAUXHALL MERIVA,4,E01021984,0,-1
2021052102854,2021,052102854,2,9,0,18,19,8,4,0,0,8,0,0,0,0,1,1,6,6,1,31,6,1364,1,12,VAUXHALL MERIVA,1,E01006950,0,-1
2021451102013,2021,451102013,3,9,0,18,19,1,5,0,0,0,0,0,0,0,2,1,5,6,1,31,6,1686,2,10,VAUXHALL MERIVA,9,E01016292,0,-1
2021211137365,2021,211137365,1,8,0,16,19,2,6,0,0,1,1,0,1,0,3,1,1,1,1,56,9,1686,2,8,VAUXHALL MERIVA,4,E01014192,0,-1
2021351110132,2021,351110132,1,9,0,11,11,2,6,0,0,1,0,0,0,0,2,1,5,6,2,63,9,1598,1,17,VAUXHALL MERIVA,5,E01017997,0,-1
2021070598231,2021,070598231,1,9,0,18,19,3,7,0,0,1,0,0,0,0,1,1,6,6,2,83,11,1598,1,11,VAUXHALL MERIVA,-1,-1,0,-1
2021170H10891,2021,170H10891,1,9,0,4,4,5,1,0,0,0,0,0,0,0,0,1,6,6,1,88,11,1398,1,11,VAUXHALL MERIVA,-1,-1,0,-1
2021421114489,2021,421114489,1,9,0,18,19,3,7,0,0,2,0,0,0,0,1,1,6,6,1,-1,-1,1686,2,10,VAUXHALL MERIVA,-1,-1,0,-1
2021010325277,2021,010325277,1,9,0,8,8,5,8,99,99,9,9,99,0,0,2,9,6,6,1,67,10,1364,1,14,VAUXHALL MERIVA,10,E01000841,0,-1
2021461082877,2021,461082877,2,9,0,2,2,0,0,0,0,0,0,0,0,0,2,1,5,6,2,74,10,1598,1,16,VAUXHALL MERIVA,2,E01024664,0,-1
2021440474020,2021,440474020,1,9,0,17,19,6,2,0,0,0,0,0,2,10,1,1,6,6,2,86,11,1796,1,13,VAUXHALL MERIVA,9,E01023263,0,-1
2021440291316,2021,440291316,1,9,0,9,9,3,5,0,0,6,0,0,0,0,3,1,3,7,1,55,8,1686,2,8,VAUXHALL MERIVA,1,E01017103,0,-1
2021501107678,2021,501107678,3,9,0,18,19,5,1,0,0,1,1,0,1,0,1,1,1,1,1,46,8,1248,2,14,VAUXHALL MERIVA,4,E01018969,0,-1
2021010317072,2021,010317072,1,9,0,99,99,9,9,99,99,0,9,99,9,99,9,9,6,6,2,29,6,1364,1,7,VAUXHALL MERIVA,2,E01004740,0,-1
2021991103990,2021,991103990,1,9,0,18,19,4,8,0,0,0,0,0,0,0,1,1,2,2,1,44,7,1598,2,7,VAUXHALL MERIVA,1,-1,0,-1
2021170L21311,2021,170L21311,5,9,0,7,7,4,6,0,0,0,1,0,0,0,1,1,2,2,2,40,7,1398,1,10,VAUXHALL MERIVA,6,E01012151,0,-1
2021471091538,2021,471091538,1,9,0,9,9,7,5,0,0,8,0,0,0,0,4,1,6,6,2,47,8,1598,1,13,VAUXHALL MERIVA,7,E01031423,0,-1
2021041019402,2021,041019402,1,9,0,9,9,7,5,0,0,6,0,0,0,0,1,1,5,6,1,35,6,1598,1,16,VAUXHALL MERIVA,1,E01024856,0,-1
2021471039210,2021,471039210,1,9,0,7,7,6,1,0,0,4,0,0,0,0,1,2,6,6,2,60,9,1598,1,11,VAUXHALL MERIVA,10,E01031703,0,-1
2021211107367,2021,211107367,2,9,0,9,9,8,6,0,0,5,0,0,0,0,3,1,5,6,2,48,8,1686,2,10,VAUXHALL MERIVA,4,E01029552,0,-1
2021520100245,2021,520100245,2,9,0,18,19,7,3,0,0,8,0,0,1,0,1,1,6,6,2,44,7,1398,1,11,VAUXHALL MERIVA,7,E01029214,0,-1
2021010301974,2021,010301974,1,9,0,18,19,5,1,0,0,5,0,0,0,0,3,1,6,6,1,42,7,1364,1,11,VAUXHALL MERIVA,6,E01003375,0,-1
2021052100540,2021,052100540,2,9,0,18,19,1,5,0,0,1,0,0,0,0,1,1,6,6,2,56,9,1686,2,10,VAUXHALL MERIVA,1,E01006569,0,-1
2021552100276,2021,552100276,2,9,0,9,9,4,3,0,0,5,0,0,7,0,3,1,2,2,2,42,7,1364,1,14,VAUXHALL MERIVA,2,E01020553,0,-1
2021451060580,2021,451060580,2,9,0,2,2,0,0,0,0,0,0,0,0,0,0,1,6,6,2,31,6,1398,1,5,VAUXHALL MERIVA,6,E01021419,0,-1
2021070396251,2021,070396251,1,9,0,18,19,2,6,0,0,1,0,0,0,0,1,1,6,6,1,-1,-1,1398,1,5,VAUXHALL MERIVA,7,E01018338,0,-1
2021471089134,2021,471089134,1,9,0,18,19,2,6,0,0,0,0,0,0,0,1,1,5,6,2,50,8,1364,1,10,VAUXHALL MERIVA,7,E01021098,0,-1
2021461096971,2021,461096971,2,9,-1,-1,-1,7,3,-1,-1,-1,-1,-1,-1,0,-1,1,6,6,2,50,8,1686,2,10,VAUXHALL MERIVA,6,E01024260,0,-1
2021440459294,2021,440459294,2,9,0,18,19,1,5,0,0,8,0,0,1,0,4,1,2,2,1,36,7,1364,1,16,VAUXHALL MERIVA,4,E01022805,0,-1
2021371132918,2021,371132918,3,9,0,3,3,3,7,0,0,0,0,0,0,0,3,1,5,6,2,41,7,1364,1,13,VAUXHALL MERIVA,6,E01030044,0,-1
2021440291626,2021,440291626,4,9,0,2,2,0,0,0,0,0,0,0,0,0,0,1,6,6,3,-1,-1,1796,1,13,VAUXHALL MERIVA,-1,-1,0,-1
2021361075994,2021,361075994,1,9,0,9,9,2,8,0,0,1,0,0,0,0,1,1,5,6,2,70,10,1686,2,8,VAUXHALL MERIVA,7,E01026773,0,-1
202131C171421,2021,31C171421,1,9,0,18,19,1,5,0,0,1,0,0,0,0,1,1,6,6,2,29,6,1598,1,15,VAUXHALL MERIVA,6,E01027997,0,-1
2021161055738,2021,161055738,2,9,0,18,19,2,6,0,0,0,0,0,1,0,3,1,5,6,1,73,10,1598,2,7,VAUXHALL MERIVA,5,E01008034,0,-1
2021411025921,2021,411025921,1,9,0,18,19,8,4,0,0,4,0,0,0,0,1,1,2,2,1,40,7,1598,1,15,VAUXHALL MERIVA,7,E01023445,0,-1
2021461160456,2021,461160456,2,9,0,7,7,5,1,0,0,1,0,0,0,0,1,1,6,6,1,60,9,1364,1,11,VAUXHALL MERIVA,2,E01001621,0,-1
2021101132891,2021,101132891,2,9,0,18,19,7,3,0,0,3,0,0,0,0,3,1,5,6,2,41,7,1598,1,17,VAUXHALL MERIVA,1,E01008544,0,-1
2021161074091,2021,161074091,1,9,0,17,19,5,2,0,0,0,2,10,1,9,1,1,6,6,1,17,4,1364,1,12,VAUXHALL MERIVA,1,E01012894,0,-1
2021471057662,2021,471057662,1,9,0,18,19,5,1,0,0,1,0,0,0,0,1,1,5,6,2,60,9,1598,1,11,VAUXHALL MERIVA,8,E01021086,0,-1
2021421051571,2021,421051571,2,9,0,18,19,3,3,0,0,8,0,0,0,0,1,1,2,2,1,63,9,1364,1,11,VAUXHALL MERIVA,7,E01021985,0,-1
2021471024400,2021,471024400,1,9,0,7,7,5,7,0,0,3,0,0,0,0,4,1,5,6,1,58,9,1686,2,8,VAUXHALL MERIVA,3,E01031752,0,-1
2021122100410,2021,122100410,2,9,0,4,4,1,5,0,0,0,0,0,0,0,2,1,6,6,2,64,9,1248,2,9,VAUXHALL MERIVA,4,E01027906,0,-1
2021421102316,2021,421102316,1,9,0,18,19,2,6,0,0,8,0,0,0,0,1,1,5,6,1,75,10,1598,1,17,VAUXHALL MERIVA,4,E01021283,0,-1
2021440172882,2021,440172882,1,9,0,18,19,4,7,0,0,8,0,0,0,0,1,1,6,6,1,57,9,1398,1,5,VAUXHALL MERIVA,10,E01023212,0,-1
2021122100531,2021,122100531,3,9,0,18,19,6,2,0,0,0,0,0,0,0,1,1,6,6,2,53,8,1398,1,8,VAUXHALL MERIVA,10,E01027914,0,-1
2021991086612,2021,991086612,1,9,0,18,19,5,1,0,0,8,0,0,0,0,1,1,5,6,1,55,8,1398,1,4,VAUXHALL MERIVA,-1,-1,0,-1
2021451058577,2021,451058577,1,9,0,3,3,7,3,0,0,1,0,0,0,0,2,1,5,6,2,34,6,1796,1,13,VAUXHALL MERIVA,10,E01030299,0,-1
2021522103930,2021,522103930,2,9,0,9,9,5,3,0,0,8,0,0,0,0,1,1,6,6,2,30,6,1364,1,6,VAUXHALL MERIVA,-1,-1,0,-1
2021170H10511,2021,170H10511,1,9,0,18,19,2,6,0,0,0,0,0,7,0,1,1,6,6,1,78,11,1248,2,15,VAUXHALL MERIVA,1,E01012001,0,-1
202131B060221,2021,31B060221,2,9,0,7,7,2,4,0,0,5,0,0,0,0,4,1,1,1,2,44,7,1398,1,7,VAUXHALL MERIVA,7,E01028287,0,-1
2021361063916,2021,361063916,1,9,0,9,9,2,7,0,0,1,0,0,0,0,4,1,2,2,2,67,10,1398,1,7,VAUXHALL MERIVA,8,E01026434,0,-1
2021052100704,2021,052100704,1,9,0,18,19,3,7,0,0,8,0,0,0,0,1,1,1,1,2,42,7,1364,1,11,VAUXHALL MERIVA,1,E01006442,0,-1
2021552200010,2021,552200010,1,9,0,1,1,8,4,0,0,0,0,0,0,0,2,1,6,6,2,37,7,1686,2,10,VAUXHALL MERIVA,5,E01015334,0,-1
2021302101885,2021,302101885,1,9,0,9,9,4,8,0,0,1,0,0,0,0,1,1,2,2,2,38,7,1598,1,18,VAUXHALL MERIVA,4,E01031032,0,-1
2021211082331,2021,211082331,1,9,0,14,14,7,3,0,0,0,0,0,0,0,1,1,6,6,1,63,9,1686,2,10,VAUXHALL MERIVA,5,E01029382,0,-1
2021451095997,2021,451095997,2,9,0,18,19,2,6,0,0,8,0,0,0,0,1,1,2,2,1,42,7,1598,1,13,VAUXHALL MERIVA,6,E01030717,0,-1
2021552100262,2021,552100262,1,9,0,18,19,6,2,0,0,0,0,0,0,0,1,1,6,6,1,79,11,1398,1,6,VAUXHALL MERIVA,10,E01020407,0,-1
2021522201214,2021,522201214,1,9,0,7,7,8,3,0,0,0,0,0,0,0,4,1,6,6,2,46,8,1364,1,15,VAUXHALL MERIVA,3,E01014830,0,-1
2021421109828,2021,421109828,1,9,0,9,9,6,4,0,0,0,0,0,0,0,4,1,5,6,1,32,6,1598,1,15,VAUXHALL MERIVA,-1,-1,0,-1
2021351100749,2021,351100749,1,9,0,5,5,4,8,0,0,0,0,0,0,0,1,1,5,6,2,50,8,1598,1,13,VAUXHALL MERIVA,4,E01015655,0,-1
2021010306899,2021,010306899,2,9,0,99,99,9,9,99,99,9,9,99,9,99,9,9,6,6,3,81,11,1398,1,6,VAUXHALL MERIVA,-1,-1,0,-1
2021010296033,2021,010296033,1,9,0,5,5,3,7,9,9,1,0,0,0,0,2,2,6,6,1,31,6,1598,1,15,VAUXHALL MERIVA,6,E01001245,0,-1
2021070359681,2021,070359681,1,9,0,18,19,8,4,0,0,0,0,0,0,0,1,1,2,2,1,25,5,1364,1,8,VAUXHALL MERIVA,1,E01018550,0,-1
2021070307401,2021,070307401,2,9,0,18,19,1,5,0,0,1,0,0,0,0,1,1,6,6,1,37,7,1364,1,11,VAUXHALL MERIVA,2,E01018478,0,-1
2021371017512,2021,371017512,1,9,0,5,5,3,8,0,0,2,0,0,0,0,4,1,6,6,2,62,9,1248,2,14,VAUXHALL MERIVA,5,E01030229,0,-1
2021070811006,2021,070811006,1,9,0,4,4,8,4,0,0,3,0,9,0,0,1,1,6,6,1,56,9,1364,1,11,VAUXHALL MERIVA,1,E01012367,0,-1
2021122100411,2021,122100411,1,9,0,5,5,7,3,0,0,1,0,0,0,0,0,1,3,7,2,37,7,1364,1,11,VAUXHALL MERIVA,4,E01027787,0,-1
2021522104959,2021,522104959,1,9,0,9,9,5,3,0,0,6,0,0,0,0,4,1,6,6,2,40,7,1398,1,11,VAUXHALL MERIVA,-1,-1,0,-1
2021320474764,2021,320474764,1,9,0,17,19,4,8,0,0,0,5,0,1,4,4,1,6,6,2,30,6,1364,1,15,VAUXHALL MERIVA,4,E01026081,0,-1
202131A141021,2021,31A141021,1,9,0,3,3,6,2,0,0,1,0,0,0,0,2,1,6,6,2,46,8,1598,1,14,VAUXHALL MERIVA,3,E01028259,0,-1
2021201073675,2021,201073675,1,9,0,18,19,2,6,0,0,0,0,0,0,0,1,1,6,6,2,52,8,1364,1,12,VAUXHALL MERIVA,9,E01009416,0,-1
2021471037235,2021,471037235,2,9,0,3,3,3,7,0,0,1,0,0,0,0,2,1,2,2,2,44,7,1686,2,10,VAUXHALL MERIVA,6,E01031817,0,-1
2021010343490,2021,010343490,1,9,0,4,4,1,5,0,0,2,0,10,0,0,1,1,6,6,2,76,11,1362,1,8,VAUXHALL MERIVA,5,E01003863,0,-1
2021010313016,2021,010313016,1,9,0,3,3,3,7,0,0,1,0,0,0,0,2,1,6,6,2,53,8,1398,1,8,VAUXHALL MERIVA,1,E01002588,0,-1
2021421124090,2021,421124090,1,9,0,9,9,8,3,0,0,8,0,0,0,0,1,1,6,6,1,26,6,1364,1,11,VAUXHALL MERIVA,9,E01021948,0,-1
2021010339630,2021,010339630,1,9,9,18,19,5,1,99,99,9,9,99,0,0,9,9,6,6,3,-1,-1,1398,1,8,VAUXHALL MERIVA,-1,-1,0,-1
2021430145876,2021,430145876,1,9,0,18,19,3,7,0,0,1,0,0,0,0,1,1,6,6,2,41,7,1598,1,11,VAUXHALL MERIVA,-1,-1,0,-1
2021101023304,2021,101023304,1,9,0,2,2,4,8,0,0,1,0,0,7,0,2,1,5,6,1,75,10,1686,2,10,VAUXHALL MERIVA,4,E01033077,0,-1
2021501086033,2021,501086033,2,9,0,18,19,7,3,0,0,0,0,0,0,0,1,1,6,6,2,67,10,1362,1,8,VAUXHALL MERIVA,8,E01027938,0,-1
202131A189221,2021,31A189221,1,9,0,7,7,8,2,0,0,6,0,0,0,0,1,1,6,6,2,42,7,1398,1,7,VAUXHALL MERIVA,8,E01027938,0,-1
2021010325905,2021,010325905,1,9,0,99,99,9,9,99,99,9,9,99,9,99,3,9,6,6,1,57,9,1598,1,15,VAUXHALL MERIVA,2,E01001010,0,-1
2021111097843,2021,111097843,2,9,0,3,3,8,4,0,0,0,0,0,0,0,2,1,2,2,2,45,7,1364,1,15,VAUXHALL MERIVA,4,E01020630,0,-1
2021010311056,2021,010311056,2,9,0,18,19,3,7,0,0,1,0,0,0,0,1,1,6,6,1,30,6,1398,1,5,VAUXHALL MERIVA,4,E01004015,0,-1
2021430027285,2021,430027285,2,9,0,18,19,1,5,0,0,1,0,0,0,0,1,1,6,6,1,80,11,1598,1,14,VAUXHALL MERIVA,9,E01028650,0,-1
2021461014139,2021,461014139,1,9,0,9,9,5,1,0,0,1,0,0,0,0,4,1,6,6,1,-1,-1,1598,1,11,VAUXHALL MERIVA,6,E01023986,0,-1
2021010337162,2021,010337162,1,9,0,18,19,5,1,99,99,3,0,99,9,99,9,9,6,6,2,56,9,1362,1,8,VAUXHALL MERIVA,7,E01024479,0,-1
2021052100560,2021,052100560,2,9,0,10,10,7,5,0,0,1,0,0,0,0,2,1,6,6,2,35,6,1598,1,17,VAUXHALL MERIVA,2,E01007210,0,-1
2021141063426,2021,141063426,1,9,0,18,19,7,3,0,0,1,0,0,0,0,1,1,1,1,1,41,7,1686,2,11,VAUXHALL MERIVA,1,E01007970,0,-1
2021052100580,2021,052100580,1,9,0,18,19,1,5,0,0,5,0,0,0,0,1,1,6,6,2,38,7,1398,1,11,VAUXHALL MERIVA,1,E01007051,0,-1
2021052102174,2021,052102174,3,9,0,3,3,3,7,0,0,0,0,0,0,0,2,1,2,2,2,22,5,1398,1,10,VAUXHALL MERIVA,1,E01032509,0,-1