collision_index,collision_year,collision_ref_no,vehicle_reference,vehicle_type,towing_and_articulation,vehicle_manoeuvre_historic,vehicle_manoeuvre,vehicle_direction_from,vehicle_direction_to,vehicle_location_restricted_lane_historic,vehicle_location_restricted_lane,junction_location,skidding_and_overturning,hit_object_in_carriageway,vehicle_leaving_carriageway,hit_object_off_carriageway,first_point_of_impact,vehicle_left_hand_drive,journey_purpose_of_driver_historic,journey_purpose_of_driver,sex_of_driver,age_of_driver,age_band_of_driver,engine_capacity_cc,propulsion_code,age_of_vehicle,generic_make_model,driver_imd_decile,lsoa_of_driver,escooter_flag,driver_distance_banding
2021451109014,2021,451109014,2,9,0,1,1,1,7,0,0,1,0,0,0,0,2,1,6,6,2,47,8,2688,2,16,MERCEDES ML CLASS,7,E01030420,0,-1
2021371102261,2021,371102261,5,9,0,2,2,0,0,0,0,0,0,0,0,0,2,1,6,6,3,-1,-1,2987,2,10,MERCEDES ML CLASS,-1,-1,0,-1
2021201095314,2021,201095314,1,9,0,9,9,7,3,0,0,1,0,0,0,0,1,1,1,1,2,59,9,2688,2,20,MERCEDES ML CLASS,2,E01010284,0,-1
2021010345128,2021,010345128,2,9,0,18,19,7,3,0,0,1,0,0,0,0,1,1,6,6,2,45,7,4966,1,15,MERCEDES ML CLASS,9,E01001279,0,-1
202131D059321,2021,31D059321,2,9,0,18,19,5,1,0,0,8,0,0,0,0,1,1,6,6,2,53,8,2987,2,14,MERCEDES ML CLASS,9,E01019825,0,-1
2021010302165,2021,010302165,2,9,0,99,99,9,9,99,99,1,9,99,9,99,1,9,6,6,3,-1,-1,2987,2,13,MERCEDES ML CLASS,4,E01030383,0,-1
2021430130338,2021,430130338,1,9,0,9,9,8,5,0,0,6,0,0,0,0,1,1,6,6,1,40,7,2143,2,7,MERCEDES ML CLASS,10,E01016632,0,-1
2021451035973,2021,451035973,1,9,0,5,5,7,3,0,0,0,0,0,0,0,0,1,2,2,1,60,9,2987,2,8,MERCEDES ML CLASS,5,E01030740,0,-1
2021411035729,2021,411035729,1,9,0,18,19,1,5,0,0,0,0,11,0,0,1,1,6,6,1,40,7,2987,2,14,MERCEDES ML CLASS,4,E01001252,0,-1
202106A079595,2021,06A079595,2,9,0,18,19,1,5,0,0,1,0,0,0,0,2,1,6,6,1,65,9,2987,2,15,MERCEDES ML CLASS,8,E01005770,0,-1
2021320253221,2021,320253221,1,9,0,11,11,2,6,0,0,8,0,10,4,0,1,1,6,6,1,25,5,2987,2,13,MERCEDES ML CLASS,4,E01026028,0,-1
2021430182821,2021,430182821,1,9,0,18,19,5,1,0,0,8,0,0,0,0,1,1,6,6,1,74,10,2688,2,21,MERCEDES ML CLASS,10,E01017756,0,-1
2021101082373,2021,101082373,1,9,-1,-1,-1,-1,-1,-1,-1,0,-1,-1,-1,0,-1,1,6,6,3,-1,-1,2987,2,15,MERCEDES ML CLASS,-1,-1,0,-1
2021430261089,2021,430261089,1,9,0,17,19,6,2,0,0,0,0,0,1,9,1,1,6,6,2,36,7,2143,2,9,MERCEDES ML CLASS,9,E01027016,0,-1
2021461053057,2021,461053057,3,9,0,2,2,0,0,0,0,0,0,0,0,0,4,1,5,6,2,45,7,2987,2,15,MERCEDES ML CLASS,1,E01016069,0,-1
2021131079810,2021,131079810,1,9,0,18,19,3,7,0,0,1,0,0,0,0,1,1,6,6,3,-1,-1,2143,2,8,MERCEDES ML CLASS,-1,-1,0,-1
2021010324256,2021,010324256,2,9,0,18,19,3,7,0,0,8,0,0,0,0,1,2,6,6,2,42,7,2143,2,7,MERCEDES ML CLASS,2,E01002881,0,-1
2021991066851,2021,991066851,2,9,0,2,2,6,1,0,0,0,0,0,1,0,2,1,5,6,2,40,7,2987,2,7,MERCEDES ML CLASS,3,-1,0,-1
2021361067580,2021,361067580,2,9,0,2,2,0,0,9,9,2,0,0,1,0,2,1,5,6,1,-1,-1,2143,2,8,MERCEDES ML CLASS,7,E01026421,0,-1
2021451073990,2021,451073990,1,9,0,18,19,3,7,0,0,0,0,0,0,0,3,1,6,6,2,50,8,2143,2,9,MERCEDES ML CLASS,10,E01030907,0,-1
2021010304901,2021,010304901,3,9,0,4,4,1,5,0,0,0,0,0,0,0,2,1,6,6,1,45,7,2987,2,11,MERCEDES ML CLASS,8,E01002322,0,-1
2021010299946,2021,010299946,1,9,0,99,99,9,9,99,99,9,9,99,9,99,2,9,6,6,1,49,8,3199,1,21,MERCEDES ML CLASS,6,E01003738,0,-1
2021440142174,2021,440142174,1,9,0,18,19,7,3,0,0,8,0,0,0,0,4,1,6,6,1,49,8,2987,2,14,MERCEDES ML CLASS,6,E01030896,0,-1
2021010345335,2021,010345335,1,9,0,7,7,1,3,0,0,5,0,0,1,0,3,1,2,2,1,60,9,3199,1,21,MERCEDES ML CLASS,8,E01000989,0,-1
2021501087020,2021,501087020,1,9,0,18,19,2,6,0,0,0,0,0,0,0,1,1,6,6,1,59,9,2688,2,16,MERCEDES ML CLASS,3,E01015167,0,-1
2021421077725,2021,421077725,2,9,0,4,4,8,4,0,0,0,0,0,0,0,2,1,6,6,2,37,7,2987,2,10,MERCEDES ML CLASS,8,E01001022,0,-1
2021991054273,2021,991054273,1,9,0,18,19,4,7,0,0,1,0,0,0,0,3,1,6,6,1,63,9,2143,2,7,MERCEDES ML CLASS,3,-1,0,-1
2021010289031,2021,010289031,3,9,0,18,19,1,5,0,0,6,0,0,0,0,1,1,6,6,1,26,6,2987,2,11,MERCEDES ML CLASS,-1,-1,0,-1
2021501099248,2021,501099248,1,9,0,18,19,1,5,0,0,0,5,0,0,0,1,1,5,6,1,65,9,4966,1,16,MERCEDES ML CLASS,6,E01027005,0,-1
2021361030339,2021,361030339,1,9,0,18,19,8,3,0,0,0,0,0,0,0,1,1,3,7,2,47,8,2987,2,13,MERCEDES ML CLASS,10,E01026882,0,-1
2021010314236,2021,010314236,2,9,0,99,99,9,9,99,99,9,9,99,9,99,9,9,6,6,2,40,7,2143,2,7,MERCEDES ML CLASS,9,E01000436,0,-1
2021440127424,2021,440127424,1,9,0,18,19,4,8,0,0,1,0,0,0,0,1,1,6,6,1,62,9,2987,2,13,MERCEDES ML CLASS,8,E01022651,0,-1
2021471077084,2021,471077084,2,9,0,18,19,7,3,0,0,0,0,0,0,0,4,1,5,6,1,33,6,2987,2,15,MERCEDES ML CLASS,4,E01002576,0,-1
2021471032475,2021,471032475,2,9,0,18,19,2,6,0,0,1,0,0,0,0,1,1,5,6,2,31,6,2987,2,10,MERCEDES ML CLASS,5,E01021195,0,-1
2021010293674,2021,010293674,2,9,0,5,5,7,3,0,0,6,0,0,0,0,3,1,6,6,1,53,8,2143,2,9,MERCEDES ML CLASS,6,E01003750,0,-1
2021141027688,2021,141027688,1,9,0,18,19,6,2,0,0,1,0,0,0,0,2,1,3,7,1,47,8,2143,2,6,MERCEDES ML CLASS,3,E01007903,0,-1
2021070862856,2021,070862856,2,9,0,17,19,7,3,0,0,3,0,0,0,0,2,1,6,6,1,54,8,2987,2,11,MERCEDES ML CLASS,5,E01018651,0,-1
2021010289514,2021,010289514,2,9,0,99,99,9,9,99,99,0,9,99,9,99,1,9,6,6,3,42,7,2143,2,7,MERCEDES ML CLASS,7,E01003003,0,-1
2021041186256,2021,041186256,1,9,0,13,13,5,1,0,0,1,0,0,0,0,1,1,6,6,1,-1,-1,2987,2,12,MERCEDES ML CLASS,-1,-1,0,-1
202163A056721,2021,63A056721,1,9,0,17,19,7,4,0,0,8,0,0,0,0,1,1,2,2,1,37,7,2987,2,13,MERCEDES ML CLASS,2,W01000660,0,-1
2021371129144,2021,371129144,2,9,0,2,2,7,3,0,0,0,0,0,0,0,1,1,5,6,1,71,10,2688,2,19,MERCEDES ML CLASS,1,E01030018,0,-1
2021010309306,2021,010309306,1,9,0,99,99,9,9,99,99,1,9,99,9,99,9,9,6,6,2,30,6,2987,2,8,MERCEDES ML CLASS,1,E01033585,0,-1
2021461065085,2021,461065085,2,9,0,18,19,3,7,0,0,0,0,10,0,0,1,1,6,6,1,38,7,2143,2,9,MERCEDES ML CLASS,1,E01024618,0,-1
2021131091613,2021,131091613,4,9,0,2,2,1,1,0,0,0,0,0,0,0,3,1,6,6,3,-1,-1,2143,2,7,MERCEDES ML CLASS,-1,-1,0,-1
2021010307551,2021,010307551,2,9,0,3,3,1,5,0,0,2,0,0,0,0,0,1,6,6,1,64,9,2143,2,6,MERCEDES ML CLASS,5,E01000994,0,-1
2021461017436,2021,461017436,1,9,0,18,19,3,7,0,0,1,0,0,0,0,4,1,6,6,2,55,8,2987,2,15,MERCEDES ML CLASS,5,E01024031,0,-1
2021231023677,2021,231023677,1,9,0,18,19,8,4,0,0,0,0,0,0,0,1,1,5,6,1,61,9,6209,1,14,MERCEDES ML CLASS,9,E01031227,0,-1
2021010348462,2021,010348462,2,9,0,99,99,9,9,99,99,9,9,99,9,99,2,9,6,6,3,34,6,3498,1,16,MERCEDES ML CLASS,6,E01002125,0,-1
2021031092988,2021,031092988,1,9,0,5,5,2,6,0,0,6,0,0,0,0,1,1,6,6,1,45,7,2987,2,12,MERCEDES ML CLASS,1,E01019280,0,-1
2021041086087,2021,041086087,1,9,0,18,19,1,5,0,0,0,0,0,0,0,1,1,6,6,3,76,11,2143,2,8,MERCEDES ML CLASS,1,E01024878,0,-1
2021201060856,2021,201060856,2,9,0,18,19,5,1,0,0,1,-1,0,0,0,3,1,6,6,1,75,10,2987,2,11,MERCEDES ML CLASS,8,E01010540,0,-1
2021010301581,2021,010301581,2,9,0,18,19,1,5,0,0,0,0,0,0,0,3,1,6,6,2,33,6,2987,2,11,MERCEDES ML CLASS,7,E01024437,0,-1
2021201028167,2021,201028167,2,9,0,11,11,8,4,0,0,8,0,0,0,0,4,1,1,1,1,37,7,5461,1,12,MERCEDES ML CLASS,4,E01010015,0,-1
2021010313956,2021,010313956,1,9,0,99,99,9,9,99,99,9,9,99,9,99,2,9,6,6,1,42,7,4966,1,17,MERCEDES ML CLASS,5,E01017913,0,-1
2021302100047,2021,302100047,1,9,0,18,19,6,2,0,0,0,0,0,0,0,1,1,1,1,1,41,7,2987,2,10,MERCEDES ML CLASS,7,E01011878,0,-1
2021451068443,2021,451068443,1,9,0,1,1,0,5,0,0,0,0,0,0,0,0,1,6,6,1,43,7,2987,2,8,MERCEDES ML CLASS,10,E01030540,0,-1
2021010328996,2021,010328996,1,9,0,18,19,5,1,0,0,2,0,0,0,0,4,1,6,6,1,75,10,2143,2,8,MERCEDES ML CLASS,10,E01019606,0,-1
2021430404364,2021,430404364,1,9,0,3,3,2,6,0,0,1,0,0,0,0,2,1,6,6,1,34,6,2987,2,12,MERCEDES ML CLASS,3,E01016474,0,-1
2021531029261,2021,531029261,1,9,0,7,7,5,1,0,0,2,0,0,0,0,4,1,6,6,1,71,10,2987,2,11,MERCEDES ML CLASS,5,E01032198,0,-1
2021122101180,2021,122101180,1,3,0,18,19,2,5,0,0,1,1,0,0,0,4,1,6,6,2,26,6,125,1,4,-1,1,E01027819,0,-1
2021552101143,2021,552101143,1,3,0,18,19,2,6,0,0,0,0,4,0,0,1,1,6,6,1,22,5,125,1,1,-1,6,E01020462,0,-1
2021421072121,2021,421072121,1,3,0,14,14,7,3,0,0,1,2,0,0,0,1,1,1,1,1,28,6,125,1,4,-1,6,E01021714,0,-1
2021552100130,2021,552100130,1,4,0,18,19,8,4,0,0,1,1,0,0,0,4,1,6,6,2,44,7,125,1,0,-1,6,E01020488,0,-1
2021302101841,2021,302101841,2,4,0,13,13,6,2,0,0,1,0,0,0,0,1,1,6,6,1,27,6,249,1,0,-1,4,E01019690,0,-1
2021131101571,2021,131101571,2,3,0,18,19,5,1,0,0,1,0,0,0,0,0,1,2,2,1,34,6,124,1,7,-1,1,E01011345,0,-1
2021471083763,2021,471083763,2,9,0,18,19,5,1,0,0,4,0,0,0,0,1,1,5,6,1,48,8,1995,2,10,-1,7,E01031567,0,-1
2021010302099,2021,010302099,1,9,0,18,19,1,5,0,0,0,0,0,0,0,1,1,6,6,1,46,8,1995,2,14,-1,8,E01000672,0,-1
2021430519472,2021,430519472,1,9,0,10,10,4,8,0,0,1,0,0,0,0,2,1,3,7,2,55,8,1995,2,9,-1,10,E01017765,0,-1
2021440084181,2021,440084181,2,9,0,2,2,0,0,0,0,0,0,0,0,0,2,1,6,6,3,-1,-1,1995,2,12,-1,-1,-1,0,-1
2021041079151,2021,041079151,2,9,0,18,19,1,1,0,0,1,0,0,0,0,1,2,1,1,1,62,9,2958,2,19,-1,5,E01012710,0,-1
2021371039333,2021,371039333,2,19,0,18,19,5,1,0,0,0,0,0,0,0,2,1,1,1,1,54,8,4116,2,15,RENAULT MODEL MISSING,9,E01030127,0,-1
2021549245621,2021,549245621,1,20,0,5,5,6,1,0,0,1,0,0,0,0,1,1,1,1,1,52,8,4116,2,14,RENAULT MODEL MISSING,6,E01015497,0,-1
2021411113596,2021,411113596,1,10,0,18,19,4,8,0,0,0,0,0,1,4,1,1,1,1,1,39,7,2464,2,13,RENAULT MODEL MISSING,4,E01023681,0,-1
2021061085995,2021,061085995,2,9,0,18,19,1,5,0,0,2,0,0,0,0,3,1,6,6,1,63,9,1598,1,15,RENAULT MODEL MISSING,3,E01005308,0,-1
2021471035983,2021,471035983,1,19,0,17,19,1,6,0,0,2,0,0,0,0,1,1,6,6,1,60,9,2463,2,15,RENAULT MODEL MISSING,5,E01031401,0,-1
2021501041919,2021,501041919,1,21,0,16,19,5,1,0,0,0,0,0,0,0,1,1,1,1,1,57,9,4116,2,16,RENAULT MODEL MISSING,-1,-1,0,-1
2021170L10681,2021,170L10681,1,19,0,18,19,7,3,0,0,1,0,0,0,0,0,1,1,1,1,56,9,2298,2,0,RENAULT MODEL MISSING,5,E01028237,0,-1
2021421070845,2021,421070845,3,90,0,16,19,7,3,0,0,0,1,11,7,0,3,1,1,1,1,36,7,4764,2,14,RENAULT MODEL MISSING,1,E01021988,0,-1
2021501048857,2021,501048857,9,20,0,18,19,3,7,0,0,0,1,0,0,0,1,1,6,6,1,42,7,11116,2,21,RENAULT MODEL MISSING,4,E01018988,0,-1
2021031073236,2021,031073236,2,20,0,17,19,5,1,0,0,0,0,0,0,0,3,1,1,1,1,52,8,4116,2,21,RENAULT MODEL MISSING,9,E01020692,0,-1
202134WNC1851,2021,34WNC1851,2,19,0,4,4,1,5,0,0,0,0,0,0,0,2,1,2,2,1,55,8,1995,2,7,RENAULT MODEL MISSING,9,E01027212,0,-1
2021061045514,2021,061045514,2,9,0,18,19,6,2,0,0,7,0,0,0,0,2,1,6,6,2,54,8,1598,1,13,RENAULT MODEL MISSING,1,E01005068,0,-1
2021440496711,2021,440496711,2,9,0,18,19,1,5,0,0,8,0,0,0,0,1,1,6,6,1,49,8,1397,1,12,RENAULT MODEL MISSING,10,E01022869,0,-1
2021302102014,2021,302102014,1,9,0,18,19,2,6,0,0,0,0,0,0,0,1,1,6,6,1,36,7,1390,1,14,RENAULT MODEL MISSING,2,E01024315,0,-1
202154C204921,2021,54C204921,1,20,0,18,19,2,6,0,0,0,0,0,0,0,0,1,1,1,1,-1,-1,10837,2,13,RENAULT MODEL MISSING,-1,-1,0,-1
2021131094541,2021,131094541,2,19,0,18,19,5,1,0,0,1,0,0,0,0,3,1,6,6,1,44,7,2799,2,20,RENAULT MODEL MISSING,2,E01011061,0,-1
2021010294864,2021,010294864,1,9,0,18,19,7,3,0,0,7,0,0,0,0,0,1,6,6,1,36,7,1598,1,13,RENAULT MODEL MISSING,8,E01001392,0,-1
2021461030574,2021,461030574,1,9,0,9,9,5,3,0,0,6,0,0,0,0,3,1,5,6,2,34,6,1870,2,14,RENAULT MODEL MISSING,7,E01024576,0,-1
2021461116984,2021,461116984,1,9,0,18,19,2,6,0,0,1,0,0,0,0,1,1,5,6,1,62,9,1598,1,14,RENAULT MODEL MISSING,1,E01024504,0,-1
2021552100912,2021,552100912,1,17,0,17,19,6,2,0,0,0,5,0,0,0,1,1,1,1,2,63,9,-1,2,25,RENAULT MODEL MISSING,-1,-1,0,-1
2021010303642,2021,010303642,1,9,9,99,99,9,9,99,99,9,9,99,9,99,9,9,6,6,3,-1,-1,1598,1,13,RENAULT MODEL MISSING,3,E01003716,0,-1
2021141060455,2021,141060455,1,9,0,16,19,1,5,0,0,1,0,0,0,0,2,1,5,6,2,47,8,1598,2,8,RENAULT MODEL MISSING,7,E01007551,0,-1
2021221022239,2021,221022239,1,21,5,3,3,8,4,0,0,1,0,0,0,0,2,1,1,1,1,67,10,10837,2,14,RENAULT MODEL MISSING,4,W01000587,0,-1
2021421067032,2021,421067032,1,9,0,18,19,4,1,0,0,4,2,7,3,0,1,1,5,6,1,44,7,1998,1,19,RENAULT MODEL MISSING,-1,-1,0,-1
2021440203500,2021,440203500,1,9,0,3,3,5,8,0,0,8,0,0,0,0,2,1,6,6,2,70,10,1870,2,15,RENAULT MODEL MISSING,10,E01022882,0,-1
2021471032037,2021,471032037,1,9,0,1,1,3,7,0,0,0,0,0,0,0,2,1,6,6,1,82,11,1149,1,11,-1,8,E01021180,0,-1
2021440162727,2021,440162727,2,9,0,18,19,6,2,0,0,8,0,0,0,0,1,1,2,2,2,63,9,1598,1,11,-1,4,E01022953,0,-1
2021320175763,2021,320175763,2,9,0,18,19,1,5,0,0,8,0,0,0,0,4,1,1,1,2,45,7,1149,1,10,-1,5,E01026249,0,-1
2021231056119,2021,231056119,1,9,0,9,9,2,8,0,0,5,0,0,0,0,4,1,5,6,2,48,8,1598,1,11,-1,4,E01031127,0,-1
2021361043627,2021,361043627,2,9,0,10,10,6,2,0,0,1,0,0,0,0,2,1,5,6,2,50,8,1149,1,10,-1,4,E01033037,0,-1
2021552100112,2021,552100112,2,19,0,9,9,1,7,0,0,5,0,0,0,0,3,1,1,1,1,28,6,2299,2,5,-1,3,E01004562,0,-1
202131A114121,2021,31A114121,1,9,0,18,19,8,4,0,0,6,0,10,3,11,1,1,6,6,1,36,7,1149,1,10,-1,5,E01019442,0,-1
2021211075313,2021,211075313,1,9,0,14,14,7,3,0,0,8,0,0,0,0,1,1,2,2,1,30,6,1990,1,16,SAAB 9-5,3,E01009757,0,-1
2021430119133,2021,430119133,1,9,0,13,13,2,6,0,0,0,0,0,7,4,4,1,6,6,1,65,9,2290,1,16,SAAB 9-5,9,E01016308,0,-1
2021320336137,2021,320336137,1,9,0,18,19,4,8,0,0,0,0,0,0,0,1,1,6,6,1,35,6,1956,2,11,SAAB 9-5,3,E01026085,0,-1
202134NNC0351,2021,34NNC0351,1,9,0,18,19,5,1,0,0,0,0,0,0,0,1,1,1,1,1,41,7,2290,1,18,SAAB 9-5,3,E01027111,0,-1
202131B070321,2021,31B070321,1,9,0,18,19,4,8,0,0,0,0,0,7,4,1,1,6,6,1,41,7,1910,2,13,SAAB 9-5,4,E01007810,0,-1
2021010290404,2021,010290404,1,9,0,4,4,5,1,0,0,0,0,0,0,0,1,1,6,6,1,52,8,1910,2,11,SAAB 9-5,-1,-1,0,-1
2021552100653,2021,552100653,1,9,0,18,19,6,2,0,0,0,0,0,0,0,1,1,6,6,3,-1,-1,2290,1,13,SAAB 9-5,-1,-1,0,-1
2021041075100,2021,041075100,1,9,0,18,19,3,7,0,0,1,0,0,0,0,1,1,5,6,1,41,7,2290,1,19,SAAB 9-5,10,E01025316,0,-1
2021522104004,2021,522104004,2,9,0,2,2,0,0,0,0,0,0,0,0,0,3,1,6,6,3,-1,-1,1910,2,14,SAAB 9-5,-1,-1,0,-1
202134NNC3811,2021,34NNC3811,2,9,0,18,19,3,7,0,0,8,0,0,0,0,3,1,6,6,1,39,7,2290,1,17,SAAB 9-5,9,E01027080,0,-1
2021201078432,2021,201078432,1,9,0,18,19,-1,-1,0,0,0,0,0,0,0,1,1,6,6,1,-1,-1,1956,2,10,SAAB 9-5,-1,-1,0,-1
2021471112330,2021,471112330,2,9,0,18,19,5,1,0,0,1,0,0,0,0,2,1,5,6,1,82,11,2290,1,17,SAAB 9-5,9,E01031691,0,-1
2021461126926,2021,461126926,1,9,0,1,1,6,2,0,0,0,0,0,0,0,2,1,6,6,1,87,11,1910,2,12,SAAB 9-5,9,E01024827,0,-1
2021061088641,2021,061088641,2,9,0,3,3,1,1,0,0,0,0,0,0,0,1,1,2,2,1,38,7,1956,2,10,SAAB 9-5,1,E01005386,0,-1
2021302100216,2021,302100216,2,9,0,3,3,2,6,0,0,0,0,0,0,0,2,1,6,6,1,21,5,1910,2,12,SAAB 9-5,3,E01013508,0,-1
2021010348080,2021,010348080,2,9,0,7,7,5,8,0,0,1,0,0,0,0,3,1,6,6,1,61,9,1985,1,19,SAAB 9-5,3,E01003109,0,-1
2021430184327,2021,430184327,1,9,0,18,19,4,8,0,0,0,0,0,0,0,4,1,6,6,1,58,9,2171,2,17,SAAB 9-5,8,E01027288,0,-1
2021010298613,2021,010298613,1,9,0,18,19,4,8,0,0,0,0,0,0,0,3,1,6,6,2,64,9,1910,2,14,SAAB 9-5,6,E01030312,0,-1
2021440284557,2021,440284557,2,9,0,6,6,2,2,0,0,0,0,0,0,0,3,1,6,6,1,40,7,2170,2,17,SAAB 9-5,6,E01023199,0,-1
2021201095463,2021,201095463,1,9,0,18,19,8,4,0,0,8,0,0,0,0,1,1,6,6,1,70,10,2290,1,18,SAAB 9-5,5,E01009926,0,-1
2021170S11381,2021,170S11381,1,9,0,18,19,3,7,0,0,0,0,0,0,0,1,1,6,6,1,56,9,2290,1,11,SAAB 9-5,1,E01013472,0,-1
2021201149748,2021,201149748,1,9,0,18,19,5,1,0,0,0,0,0,0,0,1,1,6,6,1,71,10,2290,1,13,SAAB 9-5,10,E01014987,0,-1
2021221046448,2021,221046448,2,9,0,7,7,2,4,0,0,6,0,0,0,0,3,1,5,6,1,63,9,1985,1,23,SAAB 9-5,9,E01028929,0,-1
2021010303962,2021,010303962,2,9,0,18,19,1,5,0,0,8,0,0,0,0,1,1,6,6,3,-1,-1,1910,2,15,SAAB 9-5,-1,-1,0,-1
2021471093752,2021,471093752,1,9,0,18,19,2,6,0,0,0,0,0,0,0,1,1,5,6,2,73,10,2290,1,17,SAAB 9-5,9,E01021231,0,-1
2021501108356,2021,501108356,2,9,0,18,19,5,1,0,0,0,0,0,0,0,1,1,5,6,2,32,6,998,1,4,SUZUKI BALENO,9,E01019949,0,-1
2021122100652,2021,122100652,2,9,0,18,19,4,8,0,0,0,0,0,0,0,1,1,6,6,1,25,5,998,1,4,SUZUKI BALENO,5,E01027711,0,-1
2021371035417,2021,371035417,2,9,0,2,2,0,0,0,0,0,0,0,0,0,3,1,6,6,3,-1,-1,998,1,4,SUZUKI BALENO,-1,-1,0,-1
2021552100854,2021,552100854,1,9,0,18,19,8,4,0,0,0,0,0,0,0,4,1,6,6,1,79,11,998,1,5,SUZUKI BALENO,7,E01015428,0,-1
2021070824023,2021,070824023,1,9,0,18,19,3,7,0,0,0,0,0,7,10,1,1,6,6,1,77,11,998,1,2,SUZUKI BALENO,8,E01018458,0,-1
2021302101739,2021,302101739,1,9,0,9,9,0,0,0,0,6,0,0,0,0,1,1,2,2,1,37,7,1242,1,4,SUZUKI BALENO,5,E01013519,0,-1
2021991028020,2021,991028020,1,9,0,18,19,5,2,0,0,0,0,0,0,0,4,1,5,6,2,33,6,998,1,5,SUZUKI BALENO,4,-1,0,-1
202163D065921,2021,63D065921,2,9,0,4,4,1,5,0,0,8,0,0,0,0,2,1,6,6,2,32,6,998,1,4,SUZUKI BALENO,10,W01000432,0,-1
2021501117898,2021,501117898,1,9,0,16,19,5,7,0,0,0,0,0,0,0,1,1,5,6,2,54,8,998,1,2,SUZUKI BALENO,3,E01018927,0,-1
2021430311887,2021,430311887,2,9,0,13,13,5,1,0,0,0,0,0,0,0,4,1,6,6,2,57,9,998,1,4,SUZUKI BALENO,7,E01017577,0,-1
2021131107947,2021,131107947,2,9,0,18,19,3,7,0,0,0,0,0,0,0,2,1,1,1,1,37,7,1590,1,22,SUZUKI BALENO,9,E01011146,0,-1
2021320425188,2021,320425188,1,9,0,18,19,3,7,0,0,0,0,0,0,0,1,1,6,6,1,78,11,998,1,3,SUZUKI BALENO,3,E01026110,0,-1
2021501092830,2021,501092830,1,9,0,18,19,1,5,0,0,0,0,0,1,0,1,1,6,6,2,87,11,1590,1,23,SUZUKI BALENO,4,E01019002,0,-1
2021131082995,2021,131082995,2,9,0,18,19,1,5,0,0,0,0,0,0,0,2,1,5,6,1,53,8,998,1,3,SUZUKI BALENO,2,E01011611,0,-1
202131B044221,2021,31B044221,1,9,0,16,19,1,3,0,0,5,2,0,7,1,3,1,6,6,2,27,6,998,1,5,SUZUKI BALENO,8,E01007502,0,-1
2021991142966,2021,991142966,1,9,0,13,13,4,8,0,0,0,1,0,1,9,1,1,3,7,1,32,6,1242,1,3,SUZUKI BALENO,8,-1,0,-1
202134NNC2471,2021,34NNC2471,1,9,0,7,7,3,7,0,0,8,0,0,7,3,4,1,6,6,1,80,11,998,1,4,SUZUKI BALENO,6,E01027326,0,-1
2021010352091,2021,010352091,1,5,0,4,4,1,5,0,0,2,0,0,0,0,1,1,2,2,1,50,8,1050,1,4,TRIUMPH SPEED TRIPLE,-1,-1,0,-1
2021461043426,2021,461043426,2,5,0,18,19,7,3,0,0,0,0,0,0,0,3,1,6,6,1,45,7,1050,1,2,TRIUMPH SPEED TRIPLE,7,E01024388,0,-1
202134NNC9061,2021,34NNC9061,1,5,0,13,13,3,7,0,0,0,0,0,1,10,1,1,6,6,1,24,5,1050,1,1,TRIUMPH SPEED TRIPLE,7,E01033431,0,-1
202131B079521,2021,31B079521,1,5,0,13,13,1,5,0,0,2,0,0,0,0,1,1,6,6,1,49,8,1050,1,10,TRIUMPH SPEED TRIPLE,4,E01007780,0,-1
2021461054323,2021,461054323,1,5,0,18,19,5,1,0,0,0,0,0,0,0,0,1,6,6,1,44,7,1050,1,4,TRIUMPH SPEED TRIPLE,6,E01021104,0,-1
2021552100706,2021,552100706,2,5,0,18,19,6,2,0,0,0,0,0,0,0,1,1,6,6,1,42,7,1050,1,3,TRIUMPH SPEED TRIPLE,10,E01022981,0,-1
2021351035490,2021,351035490,2,3,0,18,19,7,7,0,0,0,2,0,0,0,1,1,5,6,1,50,8,1050,1,4,TRIUMPH SPEED TRIPLE,3,E01026721,0,-1
2021991083792,2021,991083792,2,5,0,18,19,8,4,0,0,1,0,0,0,0,4,1,6,6,1,57,9,1050,1,13,TRIUMPH SPEED TRIPLE,8,-1,0,-1
2021543308121,2021,543308121,1,4,0,18,19,3,7,0,0,4,0,0,0,0,1,1,6,6,1,35,6,1050,1,2,TRIUMPH SPEED TRIPLE,8,E01002150,0,-1
2021320469255,2021,320469255,2,5,0,15,15,2,6,0,0,0,5,0,7,9,0,1,6,6,1,48,8,1050,1,14,TRIUMPH SPEED TRIPLE,6,E01028156,0,-1
2021041055424,2021,041055424,2,5,0,18,19,7,3,0,0,8,0,0,0,0,1,1,1,1,1,27,6,1160,1,0,TRIUMPH SPEED TRIPLE,2,E01025070,0,-1
2021010325085,2021,010325085,1,5,0,99,99,9,9,99,99,0,9,99,9,99,9,1,2,2,1,32,6,1050,1,4,TRIUMPH SPEED TRIPLE,4,E01031575,0,-1