collision_index,collision_year,collision_ref_no,vehicle_reference,vehicle_type,towing_and_articulation,vehicle_manoeuvre_historic,vehicle_manoeuvre,vehicle_direction_from,vehicle_direction_to,vehicle_location_restricted_lane_historic,vehicle_location_restricted_lane,junction_location,skidding_and_overturning,hit_object_in_carriageway,vehicle_leaving_carriageway,hit_object_off_carriageway,first_point_of_impact,vehicle_left_hand_drive,journey_purpose_of_driver_historic,journey_purpose_of_driver,sex_of_driver,age_of_driver,age_band_of_driver,engine_capacity_cc,propulsion_code,age_of_vehicle,generic_make_model,driver_imd_decile,lsoa_of_driver,escooter_flag,driver_distance_banding
2021421050480,2021,421050480,1,5,0,16,19,6,2,0,0,0,1,0,0,0,1,1,5,6,1,43,7,1050,1,8,TRIUMPH SPEED TRIPLE,5,E01022021,0,-1
2021010302901,2021,010302901,2,5,0,18,19,5,1,0,0,8,0,0,0,0,3,1,6,6,1,42,7,1050,1,2,TRIUMPH SPEED TRIPLE,7,E01001027,0,-1
2021122101105,2021,122101105,1,5,0,18,19,4,8,0,0,0,0,0,1,0,4,1,6,6,1,57,9,1160,1,0,TRIUMPH SPEED TRIPLE,1,E01012077,0,-1
2021010305125,2021,010305125,1,5,0,13,13,6,2,0,0,1,0,0,0,0,1,1,6,6,1,33,6,955,1,18,TRIUMPH SPEED TRIPLE,9,E01003775,0,-1
2021552100868,2021,552100868,1,4,0,18,19,7,3,0,0,8,0,0,0,0,1,1,1,1,1,26,6,1050,1,3,TRIUMPH SPEED TRIPLE,5,E01015296,0,-1
2021010310932,2021,010310932,1,5,0,18,19,5,1,0,0,0,5,0,0,0,1,1,6,6,1,42,7,955,1,19,TRIUMPH SPEED TRIPLE,4,E01002014,0,-1
2021531022935,2021,531022935,1,5,0,16,19,4,8,0,0,1,0,0,8,6,1,1,5,6,1,34,6,765,1,4,TRIUMPH SPEED TRIPLE,9,E01014547,0,-1
2021320401283,2021,320401283,1,5,0,13,13,2,6,0,0,0,1,0,2,0,1,1,6,6,1,54,8,1050,1,13,TRIUMPH SPEED TRIPLE,3,E01026113,0,-1
2021138181631,2021,138181631,1,5,0,18,19,3,7,0,0,0,2,0,0,0,4,1,6,6,1,37,7,1050,1,13,TRIUMPH SPEED TRIPLE,1,E01011371,0,-1
2021010341294,2021,010341294,1,5,0,99,99,9,9,99,99,0,9,99,9,99,1,1,2,2,1,43,7,1050,1,11,TRIUMPH SPEED TRIPLE,3,E01001697,0,-1
2021031057010,2021,031057010,5,5,0,18,19,2,5,0,0,8,0,0,0,0,1,1,5,6,1,56,9,1050,1,3,TRIUMPH SPEED TRIPLE,6,E01026555,0,-1
2021231085321,2021,231085321,1,5,0,13,13,2,6,0,0,8,0,0,7,0,1,1,5,6,1,50,8,1050,1,7,TRIUMPH SPEED TRIPLE,8,E01031162,0,-1
2021161057913,2021,161057913,2,5,0,4,4,2,6,0,0,0,0,0,0,0,2,1,6,6,1,29,6,1050,1,6,TRIUMPH SPEED TRIPLE,7,E01013034,0,-1
2021070609266,2021,070609266,1,4,0,18,19,1,5,0,0,1,0,0,0,0,1,1,6,6,1,53,8,955,1,17,TRIUMPH SPEED TRIPLE,-1,-1,0,-1
2021421097302,2021,421097302,2,5,0,18,19,3,7,0,0,1,0,0,0,0,1,1,6,6,1,46,8,1050,1,8,TRIUMPH SPEED TRIPLE,5,E01021487,0,-1
2021010334779,2021,010334779,1,5,0,18,19,1,5,0,0,1,0,0,0,0,1,1,6,6,1,77,11,1050,1,1,TRIUMPH SPEED TRIPLE,6,E01004636,0,-1
2021320211757,2021,320211757,1,5,0,4,4,8,4,0,0,0,1,0,0,0,1,1,6,6,1,49,8,955,1,17,TRIUMPH SPEED TRIPLE,6,E01026332,0,-1
2021211045285,2021,211045285,2,5,0,17,19,4,2,0,0,8,0,0,0,0,1,1,6,6,1,61,9,1050,1,12,TRIUMPH SPEED TRIPLE,3,E01029849,0,-1
2021461021610,2021,461021610,1,5,0,18,19,8,4,0,0,0,0,0,0,0,0,1,5,6,1,34,6,1050,1,7,TRIUMPH SPEED TRIPLE,2,E01016068,0,-1
2021031079642,2021,031079642,2,5,0,18,19,1,5,0,0,1,2,0,0,0,4,1,6,6,1,54,8,1160,1,0,TRIUMPH SPEED TRIPLE,5,E01019152,0,-1
2021461072479,2021,461072479,2,5,0,18,19,5,1,0,0,0,0,0,0,0,4,1,6,6,1,48,8,1050,1,3,TRIUMPH SPEED TRIPLE,1,E01024610,0,-1
2021302101366,2021,302101366,1,4,0,18,19,2,4,0,0,0,1,0,7,0,4,1,6,6,1,42,7,1050,1,13,TRIUMPH SPEED TRIPLE,9,E01011180,0,-1
2021131089521,2021,131089521,1,5,0,18,19,1,5,0,0,8,0,11,0,0,1,1,5,6,1,42,7,1050,1,2,TRIUMPH SPEED TRIPLE,4,E01011727,0,-1
2021010305125,2021,010305125,2,9,0,9,9,5,2,0,0,1,0,0,0,0,3,2,6,6,2,46,8,1198,1,10,VOLKSWAGEN FOX,-1,-1,0,-1
2021320249020,2021,320249020,2,9,0,2,2,0,0,0,0,0,0,0,7,5,2,1,6,6,1,79,11,1198,1,11,VOLKSWAGEN FOX,6,E01026265,0,-1
2021361086167,2021,361086167,2,9,0,9,9,8,6,0,0,1,1,0,0,0,1,1,2,2,1,22,5,1198,1,10,VOLKSWAGEN FOX,9,E01026936,0,-1
2021161089127,2021,161089127,1,9,0,9,9,3,1,0,0,8,0,0,0,0,1,1,6,6,2,20,4,1198,1,14,VOLKSWAGEN FOX,6,E01012914,0,-1
2021552101065,2021,552101065,1,9,0,7,7,8,3,0,0,6,0,0,0,0,1,1,6,6,1,44,7,1390,1,11,VOLKSWAGEN FOX,8,E01015370,0,-1
2021010288709,2021,010288709,1,9,0,5,5,5,1,0,0,8,0,0,0,0,1,1,3,7,2,32,6,1198,1,12,VOLKSWAGEN FOX,-1,-1,0,-1
2021231030578,2021,231030578,1,9,0,17,19,8,5,0,0,0,2,10,7,10,3,1,5,6,2,19,4,1198,1,14,VOLKSWAGEN FOX,2,E01009317,0,-1
2021010319916,2021,010319916,1,9,0,4,4,3,7,0,0,1,0,0,0,0,1,1,2,2,1,62,9,1198,1,15,VOLKSWAGEN FOX,7,E01003831,0,-1
2021461098101,2021,461098101,2,9,0,18,19,1,5,0,0,2,0,0,0,0,4,1,5,6,2,19,4,1198,1,10,VOLKSWAGEN FOX,4,E01016100,0,-1
2021111028124,2021,111028124,1,9,0,7,7,1,3,0,0,2,0,4,0,0,1,1,5,6,2,61,9,1198,1,10,VOLKSWAGEN FOX,4,E01020900,0,-1
2021231039767,2021,231039767,2,9,0,4,4,7,3,0,0,8,0,0,0,0,2,1,5,6,2,31,6,1198,1,13,VOLKSWAGEN FOX,6,E01031051,0,-1
2021320504070,2021,320504070,1,9,0,18,19,5,1,0,0,2,0,0,0,0,3,1,6,6,2,21,5,1198,1,14,VOLKSWAGEN FOX,10,E01028384,0,-1
2021522200748,2021,522200748,1,9,0,18,19,8,4,0,0,8,0,0,0,0,1,1,6,6,1,18,4,1198,1,14,VOLKSWAGEN FOX,4,E01014024,0,-1
2021430327519,2021,430327519,2,9,0,18,19,4,8,0,0,2,0,0,0,0,1,1,6,6,1,-1,-1,1198,1,13,VOLKSWAGEN FOX,-1,-1,0,-1
2021440472988,2021,440472988,2,9,0,2,2,0,0,0,0,0,0,0,0,0,2,1,6,6,3,-1,-1,1198,1,10,VOLKSWAGEN FOX,-1,-1,0,-1
2021421107319,2021,421107319,1,9,0,18,19,6,3,0,0,0,5,0,1,4,1,1,6,6,1,19,4,1198,1,12,VOLKSWAGEN FOX,5,E01033719,0,-1
2021041032753,2021,041032753,2,9,0,9,9,1,5,0,0,8,0,0,0,0,4,2,5,6,1,19,4,1198,1,15,VOLKSWAGEN FOX,6,E01025495,0,-1
2021010317633,2021,010317633,1,9,0,7,7,7,1,0,0,5,1,0,0,0,1,1,6,6,1,17,4,1198,1,11,VOLKSWAGEN FOX,4,E01002631,0,-1
2021201051394,2021,201051394,1,9,0,18,19,6,2,0,0,2,0,0,0,0,1,1,6,6,2,29,6,1198,1,15,VOLKSWAGEN FOX,1,E01009310,0,-1
2021552101110,2021,552101110,1,9,0,18,19,7,3,0,0,0,1,0,7,11,3,1,6,6,1,38,7,1390,1,11,VOLKSWAGEN FOX,8,E01015436,0,-1
2021101101852,2021,101101852,1,9,0,5,5,1,5,0,0,2,0,0,0,0,1,1,6,6,2,30,6,1198,1,11,VOLKSWAGEN FOX,-1,-1,0,-1
2021010319465,2021,010319465,1,9,0,18,19,8,4,0,0,1,5,0,0,0,4,1,6,6,2,19,4,1198,1,11,VOLKSWAGEN FOX,8,E01002193,0,-1
2021041115584,2021,041115584,1,9,0,4,4,5,2,0,0,1,0,4,0,0,1,1,6,6,1,-1,-1,1198,1,11,VOLKSWAGEN FOX,-1,-1,0,-1
2021122100583,2021,122100583,2,9,0,17,19,8,4,0,0,0,0,0,0,0,3,1,6,6,1,37,7,1198,1,10,VOLKSWAGEN FOX,5,E01011201,0,-1
2021471121662,2021,471121662,3,9,0,3,3,1,4,0,0,0,0,0,0,0,2,1,2,2,1,25,5,1198,1,11,VOLKSWAGEN FOX,7,E01031417,0,-1
2021221125685,2021,221125685,1,9,0,5,5,1,7,0,0,6,0,0,0,0,1,1,6,6,1,59,9,1198,1,12,VOLKSWAGEN FOX,8,E01032127,0,-1
2021371087331,2021,371087331,1,9,0,18,19,8,4,0,0,0,5,0,0,0,4,1,5,6,1,21,5,1198,1,11,VOLKSWAGEN FOX,7,E01029991,0,-1
2021461083425,2021,461083425,2,9,0,5,5,8,4,0,0,0,0,0,0,0,3,1,6,6,2,26,6,1198,1,14,VOLKSWAGEN FOX,2,E01016064,0,-1
2021041051662,2021,041051662,2,9,0,18,19,5,3,0,0,3,0,0,0,0,1,1,6,6,1,17,4,1390,1,11,VOLKSWAGEN FOX,8,E01025322,0,-1
2021622100498,2021,622100498,1,9,0,7,7,2,4,0,0,1,0,0,0,0,1,1,2,2,1,27,6,1198,1,10,VOLKSWAGEN FOX,10,W01001956,0,-1
2021041153371,2021,041153371,1,9,0,18,19,1,5,0,0,0,0,0,0,0,1,1,5,6,1,87,11,1198,1,10,VOLKSWAGEN FOX,10,E01025467,0,-1
2021421069064,2021,421069064,1,9,0,18,19,7,3,0,0,1,0,0,0,0,1,1,5,6,2,22,5,1198,1,14,VOLKSWAGEN FOX,4,E01021785,0,-1
2021061145564,2021,061145564,1,9,0,18,19,2,7,0,0,0,0,0,0,0,1,1,6,6,3,-1,-1,1198,1,11,VOLKSWAGEN FOX,-1,-1,0,-1
2021010311277,2021,010311277,2,9,0,9,9,6,4,0,0,1,0,0,0,0,2,1,6,6,2,24,5,1198,1,15,VOLKSWAGEN FOX,9,E01030394,0,-1
2021401014963,2021,401014963,1,9,0,18,19,2,6,0,0,8,0,0,0,0,1,1,6,6,2,26,6,1198,1,12,VOLKSWAGEN FOX,8,E01017670,0,-1
2021010325178,2021,010325178,2,9,0,99,99,9,9,99,99,9,9,99,9,99,9,9,6,6,3,27,6,1198,1,12,VOLKSWAGEN FOX,6,E01003254,0,-1
2021440342517,2021,440342517,1,9,0,9,9,4,2,0,0,1,0,0,0,0,1,1,6,6,1,75,10,1198,1,13,VOLKSWAGEN FOX,9,E01022958,0,-1
2021501020170,2021,501020170,1,9,0,18,19,1,5,0,0,2,0,0,0,0,1,1,1,1,2,22,5,1390,1,15,VOLKSWAGEN FOX,6,E01015049,0,-1
202163C026421,2021,63C026421,1,9,0,17,19,3,1,0,0,0,0,0,0,0,1,1,6,6,2,55,8,1198,1,11,VOLKSWAGEN FOX,6,W01000579,0,-1
2021361121415,2021,361121415,1,9,0,18,19,2,6,0,0,8,0,0,0,0,1,1,5,6,2,20,4,1198,1,11,VOLKSWAGEN FOX,8,E01030145,0,-1
2021101032153,2021,101032153,1,9,0,9,9,2,6,0,0,0,0,0,0,0,4,1,6,6,1,65,9,1198,1,11,VOLKSWAGEN FOX,2,E01033716,0,-1
2021622100413,2021,622100413,2,9,0,4,4,1,5,0,0,1,0,0,0,0,2,1,6,6,2,28,6,1390,1,11,VOLKSWAGEN FOX,1,W01001708,0,-1
2021201029050,2021,201029050,2,9,0,18,19,5,1,0,0,8,0,10,1,11,1,1,6,6,1,30,6,1198,1,15,VOLKSWAGEN FOX,2,E01010265,0,-1
2021501029416,2021,501029416,4,9,0,4,4,3,7,0,0,1,0,0,0,0,2,1,6,6,2,56,9,1198,1,11,VOLKSWAGEN FOX,9,E01020086,0,-1
2021501032045,2021,501032045,2,9,0,18,19,2,4,0,0,0,0,0,0,0,3,1,6,6,1,52,8,1198,1,11,VOLKSWAGEN FOX,3,E01018761,0,-1
2021552100220,2021,552100220,2,9,0,18,19,5,1,0,0,8,0,0,0,0,1,1,1,1,2,62,9,1390,1,13,VOLKSWAGEN FOX,6,E01020462,0,-1
2021421033163,2021,421033163,2,9,0,16,19,4,8,0,0,0,0,0,0,0,0,1,5,6,2,28,6,1198,1,15,VOLKSWAGEN FOX,8,E01022057,0,-1
2021501089944,2021,501089944,1,9,0,18,19,6,2,0,0,0,2,0,0,0,4,1,6,6,1,37,7,1198,1,14,VOLKSWAGEN FOX,3,E01029235,0,-1
2021351089822,2021,351089822,1,9,0,7,7,2,5,0,0,4,0,0,0,0,1,1,6,6,1,19,4,1198,1,13,VOLKSWAGEN FOX,5,E01015651,0,-1
2021010309741,2021,010309741,1,9,0,99,99,9,9,0,0,1,0,0,0,0,9,1,6,6,2,-1,-1,1198,1,11,VOLKSWAGEN FOX,-1,-1,0,-1
202131P077921,2021,31P077921,1,9,0,18,19,6,2,0,0,0,1,0,5,6,2,1,6,6,1,74,10,1198,1,11,VOLKSWAGEN FOX,9,E01028121,0,-1
2021221015860,2021,221015860,1,9,0,5,5,5,1,0,0,4,0,0,0,0,1,1,5,6,2,17,4,1198,1,11,VOLKSWAGEN FOX,9,E01032339,0,-1
2021401116178,2021,401116178,2,9,0,4,4,4,8,0,0,0,0,0,0,0,2,1,2,2,2,21,5,1198,1,11,VOLKSWAGEN FOX,10,E01017438,0,-1
2021371027309,2021,371027309,2,9,-1,17,19,5,3,0,0,8,0,0,0,0,3,1,2,2,1,55,8,1198,1,11,VOLKSWAGEN FOX,5,E01018017,0,-1
2021231110874,2021,231110874,2,9,0,18,19,1,5,0,0,8,0,0,0,0,1,1,6,6,2,40,7,2401,2,14,VOLVO C 30,-1,-1,0,-1
2021622100133,2021,622100133,1,9,0,18,19,4,8,0,0,6,1,0,0,0,1,1,6,6,1,41,7,1560,2,11,VOLVO C 30,4,W01000978,0,-1
2021161105341,2021,161105341,2,9,0,18,19,1,5,0,0,0,0,0,0,0,1,1,6,6,1,65,9,1560,2,13,VOLVO C 30,5,E01019613,0,-1
2021131036987,2021,131036987,2,9,0,2,2,0,0,0,0,0,0,0,0,0,1,1,6,6,3,-1,-1,1798,1,13,VOLVO C 30,-1,-1,0,-1
2021991016367,2021,991016367,1,9,0,16,19,2,6,0,0,0,0,0,0,0,1,1,5,6,2,44,7,1560,2,13,VOLVO C 30,8,-1,0,-1
2021010299128,2021,010299128,1,9,0,99,99,9,9,99,99,9,9,99,9,99,2,9,2,2,1,41,7,1596,1,14,VOLVO C 30,3,E01001887,0,-1
2021610064621,2021,610064621,2,9,0,18,19,7,3,0,0,0,0,0,0,0,1,1,6,6,1,31,6,2521,1,12,VOLVO C 30,6,E01022267,0,-1
2021131111705,2021,131111705,2,9,0,18,19,1,5,0,0,0,0,0,0,0,2,1,2,2,1,43,7,1560,2,11,VOLVO C 30,4,E01027892,0,-1
2021070134534,2021,070134534,2,9,0,3,3,1,5,0,0,0,0,0,0,0,1,1,6,6,1,34,6,1999,1,12,VOLVO C 30,10,E01018406,0,-1
2021991114920,2021,991114920,1,9,0,18,19,3,8,0,0,8,0,0,0,0,1,1,6,6,2,19,4,1560,2,13,VOLVO C 30,4,-1,0,-1
2021131109643,2021,131109643,1,9,0,6,6,8,4,0,0,8,0,0,0,0,3,1,5,6,1,32,6,1560,2,12,VOLVO C 30,1,E01010824,0,-1
2021061023586,2021,061023586,1,9,0,18,19,3,7,0,0,0,0,0,0,0,1,1,6,6,1,30,6,1560,2,11,VOLVO C 30,5,E01024954,0,-1
2021501084059,2021,501084059,2,9,0,3,3,3,7,0,0,0,0,0,0,0,2,1,5,6,2,61,9,1560,2,12,VOLVO C 30,6,E01020230,0,-1
202131A102221,2021,31A102221,2,9,0,18,19,4,8,0,0,0,0,0,0,0,1,1,6,6,2,59,9,1997,2,12,VOLVO C 30,6,E01027962,0,-1
2021061048986,2021,061048986,3,9,0,18,19,5,1,0,0,1,0,0,0,0,2,1,5,6,1,43,7,1596,1,14,VOLVO C 30,8,E01005169,0,-1
2021052100059,2021,052100059,1,9,0,12,12,7,3,0,0,0,1,0,0,0,4,1,6,6,1,23,5,1984,2,11,VOLVO C 30,6,E01007255,0,-1
2021461024643,2021,461024643,1,9,0,2,2,1,5,0,0,0,0,0,0,0,1,1,6,6,1,47,8,1596,1,13,VOLVO C 30,2,E01024248,0,-1
2021522102812,2021,522102812,2,9,0,18,19,1,5,0,0,0,0,0,0,0,1,1,6,6,1,30,6,1596,1,14,VOLVO C 30,-1,-1,0,-1
2021501021471,2021,501021471,1,9,0,16,19,5,4,0,0,0,2,0,7,0,1,1,2,2,2,18,4,1560,2,11,VOLVO C 30,6,E01018755,0,-1
2021430433449,2021,430433449,1,9,0,18,19,1,5,0,0,2,0,0,0,0,1,1,6,6,1,42,7,1596,1,13,VOLVO C 30,-1,-1,0,-1
2021122100443,2021,122100443,1,9,0,16,19,1,5,0,0,0,1,10,8,2,3,1,6,6,1,28,6,2521,1,11,VOLVO C 30,-1,-1,0,-1
2021991030525,2021,991030525,2,9,0,18,19,7,3,0,0,1,0,0,0,0,3,1,5,6,1,34,6,1560,2,12,VOLVO C 30,2,-1,0,-1
2021041079770,2021,041079770,3,9,0,18,19,5,1,0,0,0,0,0,4,6,1,1,2,2,2,31,6,1596,1,13,VOLVO C 30,6,E01004894,0,-1
2021501110549,2021,501110549,1,9,0,18,19,4,8,0,0,8,0,0,0,0,4,1,6,6,1,18,4,1560,2,12,VOLVO C 30,4,E01018962,0,-1
2021371040903,2021,371040903,1,9,0,1,1,-1,-1,0,0,8,0,0,0,0,4,1,5,6,2,21,5,1997,2,14,VOLVO C 30,9,E01026931,0,-1
2021010337525,2021,010337525,1,9,0,99,99,9,9,99,99,9,9,99,9,99,2,9,6,6,2,58,9,1596,1,13,VOLVO C 30,1,E01001210,0,-1
2021461172998,2021,461172998,1,9,0,18,19,7,3,0,0,0,2,0,1,0,0,1,6,6,1,55,8,1560,2,11,VOLVO C 30,2,E01016161,0,-1
2021361098508,2021,361098508,3,9,0,4,4,7,3,0,0,0,0,0,0,0,2,1,5,6,2,46,8,2400,2,14,VOLVO C 30,4,E01026458,0,-1
2021161031052,2021,161031052,2,9,0,18,19,5,1,0,0,0,0,0,0,0,2,1,2,2,1,39,7,1560,2,11,VOLVO C 30,1,E01012891,0,-1
2021361144136,2021,361144136,2,9,0,4,4,7,3,0,0,0,0,0,0,0,2,1,5,6,1,17,4,1596,1,14,VOLVO C 30,10,E01033428,0,-1
2021311154784,2021,311154784,1,9,0,13,13,1,5,0,0,1,1,4,7,0,1,1,6,6,1,33,6,2400,2,13,VOLVO C 30,1,E01027974,0,-1
202163A030721,2021,63A030721,2,9,0,18,19,3,7,0,0,1,0,4,0,0,1,1,6,6,1,25,5,1798,1,14,VOLVO C 30,6,W01000667,0,-1
2021131105515,2021,131105515,1,9,0,11,11,3,7,0,0,0,0,0,0,0,1,1,5,6,1,23,5,1997,2,13,VOLVO C 30,8,E01011687,0,-1
2021010303480,2021,010303480,2,9,0,99,99,9,9,99,99,9,9,99,9,99,9,9,6,6,3,-1,-1,2401,2,14,VOLVO C 30,3,E01016465,0,-1
2021411118712,2021,411118712,4,9,0,18,19,3,7,0,0,0,0,0,0,0,4,1,6,6,1,37,7,1560,2,12,VOLVO C 30,6,E01023943,0,-1
2021461052807,2021,461052807,1,9,0,18,19,3,7,0,0,0,0,4,0,0,1,1,6,6,1,-1,-1,1560,2,12,VOLVO C 30,4,E01024217,0,-1
2021522103939,2021,522103939,1,9,0,3,3,1,5,0,0,0,0,0,0,0,2,1,6,6,1,19,4,1998,2,14,VOLVO C 30,3,E01014830,0,-1
2021461017815,2021,461017815,1,9,0,18,19,5,1,0,0,0,0,0,0,0,4,1,6,6,1,43,7,1999,1,10,VOLVO C 30,9,E01031446,0,-1
2021302101094,2021,302101094,1,9,0,9,9,2,8,0,0,6,0,0,0,0,1,1,6,6,1,44,7,1997,2,12,VOLVO C 30,3,E01013554,0,-1
2021421070518,2021,421070518,3,9,0,17,19,4,1,0,0,0,0,0,0,0,3,1,6,6,1,28,6,1999,1,9,VOLVO C 30,7,E01021408,0,-1
2021201087837,2021,201087837,1,9,0,9,9,2,8,0,0,5,0,0,0,0,4,1,1,1,1,40,7,1997,2,13,VOLVO C 30,9,E01018241,0,-1
2021041052340,2021,041052340,1,9,0,9,9,5,1,0,0,0,0,0,0,0,1,1,5,6,2,21,5,1596,1,11,VOLVO C 30,1,E01025226,0,-1
2021440074201,2021,440074201,2,9,0,9,9,4,2,0,0,8,0,0,7,11,4,1,6,6,2,27,6,1560,2,12,VOLVO C 30,8,E01023232,0,-1
2021010317304,2021,010317304,1,9,0,18,19,5,1,0,0,0,0,0,0,0,2,1,6,6,1,22,5,2401,2,14,VOLVO C 30,5,W01000522,0,-1
2021122101125,2021,122101125,2,9,0,18,19,5,1,0,0,0,0,0,0,0,1,1,6,6,3,-1,-1,1596,1,13,VOLVO C 30,-1,-1,0,-1
2021010311405,2021,010311405,2,9,9,99,99,9,9,99,99,9,9,99,9,99,9,1,6,6,1,68,10,1999,1,14,VOLVO C 30,3,E01003036,0,-1
2021302100049,2021,302100049,1,9,0,7,7,2,8,0,0,2,0,0,0,0,4,1,6,6,1,81,11,1560,2,11,VOLVO C 30,7,E01013490,0,-1
2021531113304,2021,531113304,1,9,0,18,19,7,3,0,0,0,0,0,0,0,0,1,5,6,1,57,9,1997,2,12,VOLVO C 30,8,E01022390,0,-1
2021231090896,2021,231090896,2,9,0,2,2,0,0,0,0,8,0,0,1,10,2,1,5,6,1,44,7,1560,2,14,VOLVO C 30,6,E01032390,0,-1
2021371131254,2021,371131254,3,9,0,18,19,4,8,0,0,8,0,0,0,0,1,1,5,6,1,30,6,1798,1,13,VOLVO C 30,6,E01030039,0,-1
2021010324058,2021,010324058,1,9,0,16,19,8,4,0,0,0,0,0,7,10,1,1,6,6,1,19,4,2400,2,12,VOLVO C 30,5,E01023546,0,-1
2021161017349,2021,161017349,2,9,0,18,19,8,4,0,0,8,1,10,0,0,4,1,5,6,1,24,5,1560,2,14,VOLVO C 30,1,E01012878,0,-1
2021161100352,2021,161100352,1,9,0,16,19,3,6,0,0,8,0,10,7,9,1,1,6,6,1,35,6,1997,2,12,VOLVO C 30,2,E01013332,0,-1
2021131101863,2021,131101863,1,9,0,7,7,5,1,0,0,8,0,0,0,0,4,1,5,6,1,23,5,1560,2,12,VOLVO C 30,6,E01008250,0,-1
2021041109659,2021,041109659,1,9,0,18,19,7,3,0,0,1,0,0,0,0,1,1,5,6,2,84,11,1596,1,13,VOLVO C 30,9,E01025545,0,-1
2021231090462,2021,231090462,2,9,0,4,4,4,8,0,0,0,0,0,0,0,2,1,1,1,2,48,8,1368,1,10,ABARTH 500,8,E01031149,0,-1
2021061049003,2021,061049003,1,9,0,18,19,1,5,0,0,8,1,0,1,1,1,1,5,6,1,35,6,1368,1,10,ABARTH 500,9,E01005713,0,-1
2021201055878,2021,201055878,1,9,0,18,19,6,2,0,0,2,0,0,0,0,1,1,6,6,2,44,7,1368,1,11,ABARTH 500,5,E01032354,0,-1
2021430576963,2021,430576963,1,9,0,9,9,5,3,0,0,6,0,0,0,0,1,1,6,6,2,87,11,1368,1,7,ABARTH 500,10,E01017675,0,-1
2021371029847,2021,371029847,2,9,0,18,19,6,3,0,0,0,5,0,1,0,1,1,2,2,1,56,9,1368,1,10,ABARTH 500,4,E01030110,0,-1
2021471103854,2021,471103854,1,9,0,18,19,4,8,0,0,2,0,0,0,0,3,1,6,6,2,53,8,1368,1,7,ABARTH 500,7,E01021199,0,-1
2021221036910,2021,221036910,1,9,0,18,19,6,2,0,0,1,1,0,0,0,1,1,5,6,2,23,5,1368,1,8,ABARTH 500,3,E01032422,0,-1
2021552100619,2021,552100619,1,9,0,18,19,8,4,0,0,8,0,0,0,0,4,1,6,6,2,26,6,1368,1,12,ABARTH 500,9,E01030521,0,-1
2021061064972,2021,061064972,2,9,0,18,19,7,3,0,0,7,0,0,0,0,3,1,5,6,1,43,7,1368,1,7,ABARTH 500,7,E01005306,0,-1
2021010344097,2021,010344097,2,9,0,18,19,5,1,0,0,8,0,0,1,11,1,1,6,6,1,30,6,1368,1,9,ABARTH 500,5,E01000564,0,-1
2021430255429,2021,430255429,1,9,0,18,19,3,7,0,0,0,0,4,0,0,3,1,6,6,2,45,7,1368,1,9,ABARTH 500,10,E01016692,0,-1
202131D173621,2021,31D173621,2,9,0,18,19,5,1,0,0,8,0,0,0,0,3,1,6,6,1,52,8,1368,1,5,ABARTH 500,2,E01013906,0,-1
2021421116372,2021,421116372,2,9,0,18,19,7,3,0,0,0,1,0,0,0,1,1,6,6,1,21,5,1368,1,9,ABARTH 500,8,E01022068,0,-1
2021430284613,2021,430284613,1,9,0,18,19,2,6,0,0,8,0,7,0,0,3,1,6,6,1,50,8,1368,1,10,ABARTH 500,10,E01017816,0,-1
2021401073173,2021,401073173,1,9,0,9,9,1,5,0,0,4,0,0,0,0,4,1,5,6,2,20,4,1368,1,7,ABARTH 500,9,E01017546,0,-1
2021411035093,2021,411035093,1,9,0,7,7,6,1,0,0,5,2,10,3,1,1,1,5,6,1,21,5,1368,1,9,ABARTH 500,10,E01023721,0,-1
2021010302111,2021,010302111,1,9,0,9,9,7,4,0,0,1,0,0,0,0,1,1,2,2,1,43,7,1368,1,12,ABARTH 500,2,E01001591,0,-1
202134NNC3791,2021,34NNC3791,2,9,0,3,3,3,7,0,0,0,0,0,0,0,1,1,6,6,2,23,5,1368,1,9,ABARTH 500,7,E01027078,0,-1
2021010292880,2021,010292880,1,9,0,99,99,9,9,99,99,9,9,99,9,99,2,9,6,6,2,35,6,1368,1,6,ABARTH 500,2,E01000931,0,-1
2021471097999,2021,471097999,1,9,0,9,9,2,8,0,0,1,0,0,0,0,1,1,5,6,2,71,10,1368,1,10,ABARTH 500,6,E01020960,0,-1
2021010338908,2021,010338908,2,9,0,99,99,9,9,99,99,5,9,99,9,99,2,9,6,6,3,-1,-1,1368,1,10,ABARTH 500,3,E01002504,0,-1
2021010333817,2021,010333817,2,9,0,99,99,9,9,99,99,9,9,99,9,99,9,9,6,6,3,-1,-1,1368,1,11,ABARTH 500,4,E01000491,0,-1
2021991100369,2021,991100369,2,9,0,18,19,3,7,0,0,0,0,0,7,10,3,1,2,2,2,46,8,1368,1,6,ABARTH 500,6,-1,0,-1
2021201142627,2021,201142627,1,9,0,18,19,6,2,0,0,6,0,10,1,10,1,1,6,6,1,-1,-1,1368,1,12,ABARTH 500,-1,-1,0,-1
2021520103761,2021,520103761,1,4,0,13,13,3,7,0,0,0,0,0,0,0,1,1,6,6,1,45,7,650,1,23,-1,5,E01019947,0,-1
2021041098502,2021,041098502,2,2,0,9,9,3,7,0,0,2,0,0,0,0,3,1,6,6,1,17,4,49,1,18,-1,-1,-1,0,-1
2021041117991,2021,041117991,2,3,0,18,19,8,4,0,0,8,0,0,0,0,1,1,2,2,1,30,6,124,1,21,MAKE AND MODEL REDACTED,3,E01025399,0,-1