collision_index,collision_year,collision_ref_no,vehicle_reference,vehicle_type,towing_and_articulation,vehicle_manoeuvre_historic,vehicle_manoeuvre,vehicle_direction_from,vehicle_direction_to,vehicle_location_restricted_lane_historic,vehicle_location_restricted_lane,junction_location,skidding_and_overturning,hit_object_in_carriageway,vehicle_leaving_carriageway,hit_object_off_carriageway,first_point_of_impact,vehicle_left_hand_drive,journey_purpose_of_driver_historic,journey_purpose_of_driver,sex_of_driver,age_of_driver,age_band_of_driver,engine_capacity_cc,propulsion_code,age_of_vehicle,generic_make_model,driver_imd_decile,lsoa_of_driver,escooter_flag,driver_distance_banding
2021451080911,2021,451080911,3,5,0,4,4,7,3,0,0,0,5,0,0,0,1,1,5,6,1,55,8,998,1,19,-1,5,E01024427,0,-1
2021041079363,2021,041079363,2,3,0,18,19,3,7,0,0,8,0,0,0,0,1,1,2,2,1,20,4,125,1,20,MAKE AND MODEL REDACTED,2,E01024941,0,-1
2021411100114,2021,411100114,1,5,0,11,11,8,4,0,0,0,1,0,0,0,1,1,6,6,1,33,6,1000,1,19,-1,5,E01017687,0,-1
2021361077405,2021,361077405,1,9,0,8,8,5,7,0,0,1,0,0,0,0,4,1,5,6,1,77,11,747,1,-1,-1,9,E01026587,0,-1
202154A301221,2021,54A301221,2,9,0,18,19,3,7,0,0,8,0,0,0,0,1,1,6,6,1,63,9,748,1,-1,-1,9,E01022547,0,-1
2021010328642,2021,010328642,1,9,0,18,19,5,1,0,0,0,0,0,0,0,1,1,6,6,1,25,5,647,8,7,BMW I3,5,E01033577,0,-1
2021371035580,2021,371035580,1,9,0,4,4,6,2,0,0,1,0,0,0,0,1,1,5,6,2,61,9,647,8,5,BMW I3,5,E01030222,0,-1
2021010352234,2021,010352234,1,9,0,18,19,7,3,9,9,1,0,0,1,0,1,1,2,2,1,27,6,-1,3,2,BMW I3,6,E01000232,0,-1
2021010311294,2021,010311294,1,9,0,18,19,7,3,0,0,0,0,0,0,0,1,1,2,2,1,51,8,647,8,6,BMW I3,4,E01000960,0,-1
2021010332183,2021,010332183,2,9,0,10,10,1,6,0,0,1,0,0,0,0,3,1,6,6,1,44,7,-1,3,7,BMW I3,8,E01000859,0,-1
2021070632608,2021,070632608,1,9,0,2,2,7,3,0,0,0,0,0,0,0,0,1,6,6,2,49,8,-1,3,0,BMW I3,10,E01018588,0,-1
2021501135804,2021,501135804,1,9,0,18,19,1,5,0,0,8,0,0,0,0,1,1,6,6,2,74,10,-1,3,2,BMW I3,5,E01019994,0,-1
2021010342181,2021,010342181,1,9,0,9,9,1,6,0,0,2,0,0,0,0,1,1,6,6,1,40,7,600,8,2,BMW I3,8,E01004506,0,-1
2021430179970,2021,430179970,3,9,0,18,19,1,5,0,0,8,0,0,0,0,3,1,6,6,1,56,9,600,8,4,BMW I3,10,E01028645,0,-1
2021010289991,2021,010289991,3,9,0,4,4,5,1,0,0,1,1,4,0,0,1,1,6,6,3,-1,-1,647,8,5,BMW I3,-1,-1,0,-1
2021421112662,2021,421112662,2,9,0,3,3,7,3,0,0,1,0,0,0,0,1,1,6,6,2,51,8,647,8,6,BMW I3,8,E01015913,0,-1
2021522201645,2021,522201645,2,9,0,18,19,5,1,0,0,8,0,0,0,0,1,1,6,6,2,30,6,-1,3,2,BMW I3,10,E01014885,0,-1
2021010294796,2021,010294796,1,9,0,18,19,3,7,0,0,1,0,0,0,0,1,1,6,6,1,47,8,647,8,4,BMW I3,4,E01001939,0,-1
2021451059371,2021,451059371,2,9,0,18,19,5,1,0,0,1,0,0,0,0,1,1,6,6,1,44,7,647,8,5,BMW I3,5,E01030913,0,-1
2021010345095,2021,010345095,2,9,0,18,19,1,5,0,0,0,0,0,0,0,1,1,6,6,2,39,7,-1,3,0,BMW I3,9,E01000213,0,-1
2021501048714,2021,501048714,2,9,0,10,10,5,1,0,0,0,0,0,0,0,4,1,5,6,1,52,8,647,8,7,BMW I3,8,E01019961,0,-1
2021501133366,2021,501133366,1,9,0,10,10,1,7,0,0,6,0,0,0,0,1,1,6,6,1,59,9,647,8,4,BMW I3,6,E01019967,0,-1
2021451040656,2021,451040656,2,9,0,5,5,3,7,0,0,0,0,0,0,0,4,1,1,1,1,43,7,600,8,3,BMW I3,8,E01030452,0,-1
2021010318782,2021,010318782,2,9,0,5,5,1,5,0,0,6,0,0,0,0,1,1,1,1,2,29,6,600,8,3,BMW I3,2,E01001830,0,-1
2021440133912,2021,440133912,2,9,0,18,19,7,3,0,0,0,0,0,0,0,2,1,1,1,1,40,7,600,8,4,BMW I3,2,E01017119,0,-1
2021010341468,2021,010341468,2,9,0,99,99,9,9,99,99,9,9,99,9,99,9,9,6,6,3,40,7,-1,3,1,BMW I3,2,E01033700,0,-1
2021010320308,2021,010320308,2,9,0,99,99,9,9,99,99,0,9,99,9,99,9,9,6,6,3,-1,-1,-1,3,1,BMW I3,-1,-1,0,-1
2021010304464,2021,010304464,2,9,0,18,19,7,3,0,0,0,0,0,0,0,2,1,1,1,1,38,7,647,8,3,BMW I3,3,E01003235,0,-1
2021010342338,2021,010342338,3,9,0,99,99,9,9,99,99,9,9,99,9,99,2,9,6,6,3,31,6,647,8,5,BMW I3,-1,-1,0,-1
2021031077819,2021,031077819,3,9,0,10,10,5,1,0,0,1,0,0,0,0,0,1,1,1,1,24,5,-1,3,2,BMW I3,-1,-1,0,-1
2021201146355,2021,201146355,1,9,0,7,7,8,2,0,0,6,0,10,1,10,1,1,6,6,1,56,9,-1,3,2,BMW I3,4,E01032479,0,-1
2021010328405,2021,010328405,2,9,0,18,19,1,5,0,0,0,0,0,0,0,1,1,6,6,1,79,11,-1,3,5,BMW I3,5,E01000489,0,-1
2021010315988,2021,010315988,2,9,0,5,5,1,5,0,0,1,0,0,0,0,3,1,6,6,2,23,5,-1,3,4,BMW I3,9,E01000884,0,-1
2021451119445,2021,451119445,2,9,0,18,19,5,1,0,0,1,0,0,0,0,1,1,2,2,2,46,8,647,8,5,BMW I3,6,E01002601,0,-1
2021440351734,2021,440351734,1,9,0,18,19,1,5,0,0,1,0,10,3,0,1,1,6,6,2,77,11,647,8,6,BMW I3,3,E01032751,0,-1
2021052101089,2021,052101089,1,9,0,9,9,7,3,0,0,2,0,0,0,0,1,1,2,2,1,42,7,-1,3,1,BMW I3,1,E01006775,0,-1
2021010320834,2021,010320834,1,9,0,1,1,1,5,4,4,1,0,0,0,0,3,1,6,6,2,54,8,600,8,3,BMW I3,7,E01000909,0,-1
2021440263948,2021,440263948,1,9,0,18,19,7,3,0,0,0,0,0,7,4,1,1,6,6,1,52,8,647,8,7,BMW I3,6,E01023219,0,-1
2021010325261,2021,010325261,1,9,0,18,19,1,5,0,0,0,0,0,0,0,3,1,6,6,2,-1,-1,600,8,3,BMW I3,6,E01001917,0,-1
2021440383884,2021,440383884,1,9,0,1,1,3,7,0,0,8,0,0,0,0,2,1,6,6,1,66,10,-1,3,3,BMW I3,9,E01014398,0,-1
2021010319284,2021,010319284,1,9,0,18,19,7,3,0,0,1,0,0,0,0,1,1,1,1,2,30,6,600,8,3,BMW I3,5,E01000583,0,-1
2021010334220,2021,010334220,1,9,0,9,9,3,1,0,0,1,0,0,0,0,2,1,1,1,1,33,6,600,8,2,BMW I3,8,E01029887,0,-1
2021522201108,2021,522201108,2,9,0,18,19,7,3,0,0,8,0,0,0,0,3,1,6,6,2,78,11,-1,3,2,BMW I3,8,E01014766,0,-1
2021010288414,2021,010288414,1,9,0,9,9,3,1,0,0,1,0,0,0,0,3,1,2,2,1,50,8,647,8,4,BMW I3,9,E01023460,0,-1
2021451067202,2021,451067202,1,9,0,18,19,5,1,0,0,0,0,0,0,0,1,1,2,2,1,44,7,647,8,5,BMW I3,5,E01030913,0,-1
2021010300238,2021,010300238,2,9,0,7,7,1,4,0,0,6,0,0,0,0,3,1,3,7,2,41,7,-1,3,2,BMW I3,4,E01000491,0,-1
2021010349057,2021,010349057,2,9,0,18,19,5,1,0,0,1,0,0,0,0,4,1,6,6,1,81,11,-1,3,1,BMW I3,8,E01004602,0,-1
2021361033356,2021,361033356,1,9,0,1,1,1,5,0,0,0,0,0,0,0,2,1,1,1,1,42,7,-1,3,2,BMW I3,2,E01026822,0,-1
2021010319101,2021,010319101,2,9,0,10,10,7,5,0,0,6,0,0,0,0,1,1,6,6,1,46,8,-1,3,7,BMW I3,8,E01000269,0,-1
202131C169021,2021,31C169021,1,9,0,18,19,6,2,0,0,1,0,0,0,0,1,1,6,6,1,28,6,-1,3,0,BMW I3,3,E01013929,0,-1
2021010309624,2021,010309624,1,9,0,4,4,7,3,0,0,3,0,0,0,0,1,1,6,6,1,72,10,-1,3,1,BMW I3,5,E01003941,0,-1
2021010303298,2021,010303298,1,9,0,18,19,1,5,0,0,8,0,0,0,0,1,1,6,6,2,48,8,-1,3,2,BMW I3,8,E01002820,0,-1
2021461128494,2021,461128494,2,9,0,18,19,1,5,0,0,0,0,0,0,0,2,1,2,2,1,54,8,647,8,4,BMW I3,7,E01024388,0,-1
2021522104052,2021,522104052,1,9,0,18,19,3,7,0,0,1,0,0,0,0,1,1,2,2,1,25,5,647,8,5,BMW I3,5,E01015019,0,-1
2021531058931,2021,531058931,1,9,0,13,13,3,7,0,0,0,5,0,0,0,1,1,5,6,2,86,11,-1,3,1,BMW I3,8,E01028767,0,-1
2021547338021,2021,547338021,1,9,0,7,7,7,1,0,0,6,0,0,0,0,3,1,6,6,1,78,11,647,8,4,BMW I3,8,E01031868,0,-1
2021010340718,2021,010340718,2,9,0,2,2,0,0,0,0,0,0,0,0,0,4,1,6,6,3,-1,-1,-1,3,0,BMW I3,-1,-1,0,-1
2021471096436,2021,471096436,1,9,0,18,19,1,5,0,0,0,0,0,0,0,4,1,5,6,1,51,8,-1,3,1,BMW I3,5,E01021096,0,-1
2021041120259,2021,041120259,1,9,0,18,19,2,6,0,0,2,1,0,0,0,1,1,1,1,1,25,5,647,8,4,BMW I3,1,E01025584,0,-1
2021122100481,2021,122100481,2,9,0,9,9,3,1,0,0,1,0,0,0,0,4,1,2,2,2,46,8,-1,3,3,BMW I3,9,E01013341,0,-1
2021010314108,2021,010314108,1,9,0,9,9,7,4,0,0,5,0,0,0,0,2,1,6,6,2,31,6,-1,3,2,BMW I3,3,E01000185,0,-1
2021501049873,2021,501049873,1,9,0,18,19,7,3,0,0,0,0,0,0,0,4,1,6,6,1,77,11,-1,3,2,BMW I3,3,E01000961,0,-1
2021201065573,2021,201065573,2,9,0,18,19,8,4,0,0,1,0,0,0,0,2,1,6,6,1,-1,-1,600,8,3,BMW I3,-1,-1,0,-1
2021430202484,2021,430202484,1,9,0,18,19,2,6,0,0,8,0,0,0,0,1,1,6,6,2,35,6,647,8,7,BMW I3,7,E01033509,0,-1
2021010289816,2021,010289816,2,9,0,99,99,9,9,99,99,9,9,99,9,99,9,9,6,6,3,45,7,647,8,6,BMW I3,10,E01001456,0,-1
2021010315711,2021,010315711,1,9,0,1,1,3,7,0,0,6,0,0,0,0,2,2,6,6,1,54,8,-1,3,2,BMW I3,8,E01000204,0,-1
2021471065008,2021,471065008,1,9,0,4,4,2,6,0,0,0,0,0,0,0,1,1,6,6,2,42,7,-1,3,4,BMW I3,9,E01031496,0,-1
2021211114585,2021,211114585,2,9,0,16,19,8,2,0,0,0,0,0,0,0,2,1,6,6,1,38,7,600,8,3,BMW I3,4,E01009065,0,-1
2021221118057,2021,221118057,1,9,0,13,13,3,6,0,0,0,0,0,0,0,1,1,5,6,1,49,8,-1,3,1,BMW I3,9,E01032325,0,-1
2021010343028,2021,010343028,1,9,0,18,19,1,5,0,0,1,0,0,0,0,1,1,3,7,2,40,7,-1,3,0,BMW I3,9,E01001224,0,-1
2021010342566,2021,010342566,1,9,0,9,9,2,1,0,0,1,0,0,0,0,1,1,6,6,2,55,8,-1,3,2,BMW I3,8,E01021760,0,-1
2021991014355,2021,991014355,1,9,0,16,19,2,6,0,0,0,1,0,1,1,1,1,2,2,2,46,8,-1,3,2,BMW I3,7,-1,0,-1
2021010321180,2021,010321180,2,9,0,18,19,5,1,0,0,8,0,0,0,0,3,1,6,6,1,-1,-1,647,8,5,BMW I3,-1,-1,0,-1
2021010346888,2021,010346888,1,9,0,1,1,6,2,0,0,1,0,0,0,0,2,1,1,1,1,30,6,600,8,3,BMW I3,3,E01004259,0,-1
2021010345153,2021,010345153,1,9,0,18,19,7,3,9,9,6,0,10,1,11,1,1,6,6,2,66,10,600,8,3,BMW I3,4,E01033576,0,-1
2021461102583,2021,461102583,1,9,0,5,5,1,5,0,0,3,2,0,1,9,3,1,5,6,2,63,9,600,8,3,BMW I3,7,E01024805,0,-1
2021221052061,2021,221052061,1,9,0,5,5,5,3,0,0,6,0,0,0,0,3,1,5,6,1,90,11,600,8,3,BMW I3,4,E01028847,0,-1
2021991089105,2021,991089105,1,9,0,9,9,1,6,0,0,1,0,0,0,0,1,1,5,6,1,22,5,-1,3,1,BMW I3,5,-1,0,-1
2021010289220,2021,010289220,1,9,0,18,19,5,1,0,0,1,0,0,0,0,1,1,6,6,1,40,7,-1,3,1,BMW I3,9,E01000279,0,-1
2021302100871,2021,302100871,1,9,0,5,5,6,2,0,0,6,0,0,1,1,4,1,6,6,1,63,9,-1,3,4,BMW I3,10,E01019427,0,-1
2021010320717,2021,010320717,1,9,0,18,19,5,1,9,9,0,0,10,7,2,1,1,6,6,1,73,10,-1,3,1,BMW I3,-1,-1,0,-1
2021010291916,2021,010291916,1,9,0,18,19,3,7,0,0,2,1,10,1,11,4,1,1,1,1,33,6,600,8,3,BMW I3,3,E01004259,0,-1
2021010301825,2021,010301825,2,9,9,99,99,9,9,99,99,9,9,99,9,99,9,9,6,6,2,51,8,600,8,2,BMW I3,6,E01004680,0,-1
202131C199921,2021,31C199921,1,9,0,18,19,4,8,0,0,1,0,0,0,0,1,1,6,6,2,36,7,647,8,5,BMW I3,1,E01013864,0,-1
2021070156402,2021,070156402,2,9,0,18,19,1,5,0,0,1,0,0,0,0,1,1,6,6,2,68,10,-1,3,2,BMW I3,5,E01018648,0,-1
2021010334829,2021,010334829,1,9,0,99,99,9,9,99,99,9,9,99,9,99,9,9,6,6,1,46,8,-1,3,1,BMW I3,4,E01001450,0,-1
2021101045861,2021,101045861,2,9,0,18,19,7,3,0,0,0,0,0,0,0,1,1,6,6,2,38,7,-1,3,3,BMW I3,5,E01027511,0,-1
2021010346772,2021,010346772,1,9,0,18,19,5,1,0,0,0,0,0,0,0,1,1,6,6,3,-1,-1,-1,3,0,BMW I3,-1,-1,0,-1
2021010313100,2021,010313100,1,9,0,18,19,7,3,0,0,0,0,0,1,0,1,1,6,6,1,70,10,-1,3,2,BMW I3,9,E01002992,0,-1
2021201060837,2021,201060837,1,9,0,7,7,1,3,0,0,6,0,0,0,0,1,1,6,6,2,-1,-1,-1,3,2,BMW I3,7,E01009189,0,-1
2021522104523,2021,522104523,1,9,0,11,11,7,3,0,0,0,0,4,0,0,1,1,6,6,1,60,9,-1,3,2,BMW I3,10,E01014513,0,-1
2021131075624,2021,131075624,3,9,0,9,9,7,3,0,0,8,0,0,0,0,1,1,2,2,1,52,8,-1,3,4,BMW I3,4,E01011644,0,-1
2021010321684,2021,010321684,2,9,0,99,99,9,9,99,99,0,9,99,9,99,9,9,6,6,3,-1,-1,-1,3,4,BMW I3,-1,-1,0,-1
2021991104156,2021,991104156,1,9,0,9,9,3,1,0,0,1,0,7,1,1,4,1,6,6,1,83,11,647,8,4,BMW I3,5,-1,0,-1
2021451094221,2021,451094221,1,9,0,16,19,5,1,0,0,0,1,5,2,7,1,1,6,6,1,33,6,1598,1,0,-1,2,E01004746,0,-1
2021351060291,2021,351060291,2,9,0,18,19,-1,-1,0,0,0,0,0,1,9,3,1,6,6,1,54,8,1796,1,23,-1,8,E01018203,0,-1
2021461048362,2021,461048362,2,9,0,12,12,2,6,0,0,0,0,0,0,0,3,1,5,6,1,55,8,1796,1,16,-1,10,E01024725,0,-1
2021411028890,2021,411028890,2,9,0,11,11,5,1,0,0,0,0,0,0,0,1,1,5,6,1,57,9,1600,1,19,-1,4,E01021837,0,-1
2021010288663,2021,010288663,1,20,1,18,19,5,1,0,0,0,0,0,0,0,1,1,1,1,1,45,7,-1,-1,-1,DENNIS MODEL MISSING,3,E01002306,0,-1
2021201102880,2021,201102880,1,11,0,4,4,5,3,0,0,0,0,0,0,0,1,1,1,1,1,77,11,8268,2,18,DENNIS MODEL MISSING,6,E01029614,0,-1
202131D170121,2021,31D170121,2,21,0,18,19,2,6,0,0,1,0,0,0,0,1,1,1,1,1,42,7,-1,-1,-1,DENNIS MODEL MISSING,10,E01019653,0,-1
2021201028520,2021,201028520,2,11,0,4,4,3,7,0,0,0,0,0,0,0,3,1,1,1,1,57,9,8268,2,20,DENNIS MODEL MISSING,8,E01010333,0,-1
2021471056550,2021,471056550,1,20,0,9,9,5,4,0,0,8,0,0,0,0,1,1,1,1,1,43,7,-1,-1,-1,DENNIS MODEL MISSING,4,E01020916,0,-1
2021411017994,2021,411017994,2,90,0,16,19,3,7,0,0,1,1,0,0,0,3,1,1,1,1,63,9,7146,2,5,DENNIS MODEL MISSING,10,E01023701,0,-1
202131B063721,2021,31B063721,2,20,0,18,19,5,1,0,0,0,0,0,0,0,4,1,1,1,1,40,7,-1,-1,-1,DENNIS MODEL MISSING,1,E01028276,0,-1
2021430192022,2021,430192022,1,11,0,18,19,1,5,0,0,0,0,0,0,0,1,1,6,6,1,22,5,3900,2,19,DENNIS MODEL MISSING,5,E01017659,0,-1
2021131106585,2021,131106585,1,11,0,18,19,3,7,0,0,0,0,0,0,0,4,1,1,1,1,79,11,8286,2,18,DENNIS MODEL MISSING,9,E01011812,0,-1
2021991035585,2021,991035585,3,11,0,4,4,3,8,0,0,0,0,0,0,0,2,1,1,1,1,51,8,3900,2,19,DENNIS MODEL MISSING,1,-1,0,-1
202131C031621,2021,31C031621,1,21,0,18,19,4,8,0,0,1,0,0,0,0,1,1,1,1,1,-1,-1,-1,-1,-1,DENNIS MODEL MISSING,7,E01028085,0,-1
2021421087451,2021,421087451,2,20,0,18,19,1,5,0,0,0,0,0,0,0,1,1,1,1,1,61,9,-1,-1,-1,DENNIS MODEL MISSING,8,E01021725,0,-1
2021138390579,2021,138390579,1,21,0,18,19,2,6,0,0,8,0,0,0,0,4,1,1,1,1,59,9,-1,-1,-1,DENNIS MODEL MISSING,-1,-1,0,-1
2021430447832,2021,430447832,2,20,0,3,3,7,3,0,0,0,0,0,0,0,2,1,1,1,1,49,8,-1,-1,-1,DENNIS MODEL MISSING,7,E01028690,0,-1
2021201081084,2021,201081084,1,11,0,7,7,6,8,0,0,5,0,0,0,0,1,1,1,1,1,60,9,8268,2,20,DENNIS MODEL MISSING,7,E01010246,0,-1
2021501110387,2021,501110387,1,20,0,18,19,1,5,0,0,1,0,0,0,0,0,1,1,1,1,53,8,-1,-1,-1,DENNIS MODEL MISSING,8,E01019976,0,-1
2021010321627,2021,010321627,1,21,9,2,2,0,0,0,0,0,0,99,0,0,9,9,6,6,1,59,9,-1,-1,-1,DENNIS MODEL MISSING,-1,-1,0,-1
2021361080656,2021,361080656,1,11,0,5,5,5,1,0,0,0,0,0,0,0,0,1,1,1,1,26,6,10824,2,19,DENNIS MODEL MISSING,6,E01026919,0,-1
2021201131654,2021,201131654,2,11,0,14,14,4,2,0,0,0,0,4,0,0,4,1,1,1,1,77,11,-1,2,16,DENNIS MODEL MISSING,8,E01010513,0,-1
2021421017353,2021,421017353,1,21,0,1,1,2,6,9,9,0,0,0,0,0,2,1,1,1,1,49,8,-1,-1,-1,DENNIS MODEL MISSING,6,E01021372,0,-1
2021201069172,2021,201069172,2,11,0,18,19,1,5,0,0,8,0,0,0,0,1,1,1,1,2,41,7,8268,2,20,DENNIS MODEL MISSING,2,E01010010,0,-1
202131D103021,2021,31D103021,3,21,0,7,7,6,8,0,0,5,0,0,0,0,0,1,6,6,1,43,7,-1,-1,-1,DENNIS MODEL MISSING,7,E01028116,0,-1
2021401068822,2021,401068822,1,11,0,4,4,7,3,0,0,1,0,0,0,0,1,1,1,1,1,68,10,8268,2,19,DENNIS MODEL MISSING,2,E01015781,0,-1
2021440382304,2021,440382304,1,11,0,4,4,4,8,0,0,0,0,0,0,0,2,1,1,1,1,51,8,8268,2,19,DENNIS MODEL MISSING,7,E01017256,0,-1
2021461085561,2021,461085561,1,11,0,18,19,1,5,0,0,0,0,0,0,0,3,1,1,1,1,-1,-1,8268,2,18,DENNIS MODEL MISSING,3,E01016030,0,-1
2021430472180,2021,430472180,2,11,0,18,19,5,1,0,0,8,0,0,0,0,1,1,1,1,1,40,7,8268,2,19,DENNIS MODEL MISSING,9,E01017635,0,-1
2021010335835,2021,010335835,1,21,0,7,7,3,6,0,0,2,0,0,0,0,4,1,1,1,1,59,9,-1,-1,-1,DENNIS MODEL MISSING,2,E01003540,0,-1
2021371020730,2021,371020730,1,21,0,2,2,5,1,0,0,0,0,0,0,0,3,1,1,1,1,49,8,-1,-1,-1,DENNIS MODEL MISSING,10,E01030233,0,-1
2021320534409,2021,320534409,1,21,0,7,7,8,6,0,0,1,2,0,1,9,0,1,1,1,1,27,6,-1,-1,-1,DENNIS MODEL MISSING,7,E01026326,0,-1
2021320441341,2021,320441341,2,11,0,17,19,1,5,0,0,0,0,0,0,0,1,1,1,1,1,61,9,8268,2,18,DENNIS MODEL MISSING,2,E01026094,0,-1
2021010306611,2021,010306611,1,21,0,16,19,7,3,0,0,0,5,0,4,0,0,1,1,1,1,54,8,-1,-1,-1,DENNIS MODEL MISSING,2,E01001487,0,-1
2021101059893,2021,101059893,1,11,0,5,5,3,7,0,0,0,0,0,0,0,4,1,3,7,1,40,7,8268,2,19,DENNIS MODEL MISSING,-1,-1,0,-1
2021211018151,2021,211018151,1,11,0,18,19,3,7,0,0,0,0,0,0,0,1,1,1,1,1,34,6,8268,2,19,DENNIS MODEL MISSING,1,E01010289,0,-1
2021211106127,2021,211106127,1,20,0,1,1,8,4,-1,-1,0,-1,-1,-1,0,-1,1,1,1,1,53,8,-1,-1,-1,DENNIS MODEL MISSING,4,E01029783,0,-1
2021421032680,2021,421032680,2,5,0,18,19,5,1,0,0,8,0,0,0,0,1,1,5,6,1,46,8,1262,1,4,-1,5,E01021489,0,-1
2021461061852,2021,461061852,2,5,0,5,5,1,7,0,0,1,0,0,0,0,2,1,6,6,1,70,10,1262,1,3,-1,6,E01024023,0,-1
2021549099221,2021,549099221,2,4,0,18,19,6,2,0,0,1,0,0,1,0,1,1,6,6,1,52,8,1262,1,1,-1,5,E01015529,0,-1
2021440287784,2021,440287784,2,9,0,13,13,8,4,0,0,0,0,0,0,0,4,1,6,6,2,-1,-1,1388,1,12,FORD FUSION,-1,-1,0,-1
2021041067381,2021,041067381,1,9,0,18,19,5,1,0,0,1,0,0,0,0,4,1,5,6,2,30,6,1596,1,10,FORD FUSION,1,E01012737,0,-1
2021302100010,2021,302100010,2,9,0,2,2,0,0,6,6,0,0,0,0,0,1,1,6,6,1,32,6,1399,2,17,FORD FUSION,4,E01014284,0,-1
2021302100727,2021,302100727,1,9,0,18,19,4,8,0,0,0,0,0,0,0,2,1,6,6,1,32,6,1388,1,15,FORD FUSION,3,E01013547,0,-1
2021201133823,2021,201133823,2,9,0,17,19,1,6,0,0,0,0,0,0,0,3,1,5,6,2,46,8,1388,1,15,FORD FUSION,3,E01010336,0,-1
2021991035511,2021,991035511,2,9,0,17,19,3,1,0,0,1,0,0,0,0,1,1,6,6,1,64,9,1399,2,14,FORD FUSION,8,-1,0,-1
2021010349159,2021,010349159,1,9,0,18,19,2,6,0,0,1,0,0,0,0,1,1,6,6,1,86,11,1388,1,11,FORD FUSION,7,E01003027,0,-1
2021201118688,2021,201118688,1,9,0,14,14,2,6,0,0,0,0,0,0,0,0,1,6,6,1,86,11,1388,1,17,FORD FUSION,8,E01031042,0,-1
2021201030757,2021,201030757,2,9,0,18,19,5,1,0,0,8,1,0,0,0,1,1,2,2,1,31,6,1399,2,18,FORD FUSION,1,E01010532,0,-1
2021440055220,2021,440055220,2,9,0,18,19,3,7,0,0,1,0,0,0,0,1,1,6,6,2,38,7,1388,1,17,FORD FUSION,6,E01020411,0,-1
2021041028652,2021,041028652,1,9,0,16,19,7,3,0,0,0,0,0,0,0,4,1,5,6,1,74,10,1388,1,15,FORD FUSION,8,E01025166,0,-1
2021430416325,2021,430416325,1,9,0,18,19,5,1,0,0,8,0,0,0,0,1,1,6,6,2,47,8,1388,1,13,FORD FUSION,5,E01028542,0,-1
2021531108745,2021,531108745,2,9,0,3,3,4,8,0,0,1,0,0,0,0,1,1,5,6,1,39,7,1399,2,18,FORD FUSION,6,E01022198,0,-1
2021371067513,2021,371067513,1,9,0,5,5,1,4,0,0,1,0,0,0,0,1,1,5,6,2,75,10,1388,1,18,FORD FUSION,6,E01026900,0,-1
2021501022615,2021,501022615,2,9,0,18,19,5,1,0,0,0,0,0,0,0,1,1,5,6,2,59,9,1388,1,10,FORD FUSION,5,E01020117,0,-1
2021451067823,2021,451067823,1,9,0,4,4,1,5,0,0,0,0,0,0,0,2,1,2,2,2,65,9,1596,1,14,FORD FUSION,8,E01030544,0,-1
2021440178245,2021,440178245,1,9,0,18,19,1,5,0,0,0,0,0,0,0,1,1,6,6,1,85,11,1399,2,11,FORD FUSION,3,E01023055,0,-1
2021440157925,2021,440157925,1,9,0,18,19,6,2,0,0,0,0,0,0,0,1,1,6,6,1,71,10,1596,1,11,FORD FUSION,8,E01022992,0,-1
2021471066891,2021,471066891,1,9,0,1,1,1,5,0,0,1,0,0,0,0,2,1,6,6,2,-1,-1,1399,2,16,FORD FUSION,-1,-1,0,-1
2021421064832,2021,421064832,1,9,0,5,5,1,5,9,9,1,0,0,0,0,1,1,5,6,2,78,11,1388,1,19,FORD FUSION,1,E01021990,0,-1
2021552100411,2021,552100411,2,9,0,18,19,7,3,0,0,0,0,0,0,0,2,1,6,6,1,67,10,1388,1,17,FORD FUSION,6,E01015438,0,-1
2021471072010,2021,471072010,1,9,0,9,9,2,7,0,0,2,0,0,0,0,3,1,5,6,2,36,7,1388,1,14,FORD FUSION,8,E01021170,0,-1
2021131087284,2021,131087284,1,9,0,18,19,1,5,0,0,8,0,7,0,0,4,1,5,6,1,65,9,1399,2,15,FORD FUSION,6,E01011239,0,-1
2021501110899,2021,501110899,2,9,0,18,19,4,8,0,0,0,0,0,0,0,2,1,6,6,1,68,10,1388,1,14,FORD FUSION,6,E01020243,0,-1
2021501050364,2021,501050364,2,9,0,18,19,1,5,0,0,1,0,0,0,0,3,1,5,6,1,53,8,1388,1,15,FORD FUSION,8,E01019944,0,-1
2021211153179,2021,211153179,2,9,0,4,4,1,7,0,0,1,0,0,0,0,1,1,6,6,2,27,6,1560,2,13,FORD FUSION,7,E01029533,0,-1
2021411090163,2021,411090163,1,9,0,5,5,1,5,0,0,1,0,0,0,0,2,1,6,6,1,43,7,1388,1,10,FORD FUSION,2,E01015716,0,-1
2021552100981,2021,552100981,2,9,0,18,19,7,3,0,0,0,0,0,0,0,3,1,2,2,1,59,9,1388,1,15,FORD FUSION,6,E01020456,0,-1
2021070756836,2021,070756836,3,9,0,4,4,1,5,0,0,0,0,0,0,0,2,1,6,6,1,21,5,1399,2,12,FORD FUSION,6,E01026349,0,-1
2021302101093,2021,302101093,2,9,0,18,19,2,6,0,0,4,0,0,0,0,1,1,6,6,2,33,6,1388,1,17,FORD FUSION,1,E01013536,0,-1