collision_index,collision_year,collision_ref_no,vehicle_reference,vehicle_type,towing_and_articulation,vehicle_manoeuvre_historic,vehicle_manoeuvre,vehicle_direction_from,vehicle_direction_to,vehicle_location_restricted_lane_historic,vehicle_location_restricted_lane,junction_location,skidding_and_overturning,hit_object_in_carriageway,vehicle_leaving_carriageway,hit_object_off_carriageway,first_point_of_impact,vehicle_left_hand_drive,journey_purpose_of_driver_historic,journey_purpose_of_driver,sex_of_driver,age_of_driver,age_band_of_driver,engine_capacity_cc,propulsion_code,age_of_vehicle,generic_make_model,driver_imd_decile,lsoa_of_driver,escooter_flag,driver_distance_banding
2021010329577,2021,010329577,2,9,0,99,99,9,9,99,99,9,9,99,9,99,1,9,6,6,3,23,5,1388,1,18,FORD FUSION,6,E01003786,0,-1
2021010342006,2021,010342006,1,9,0,3,3,1,5,99,99,9,9,0,0,0,2,1,6,6,1,35,6,1388,1,14,FORD FUSION,4,E01021819,0,-1
2021421014784,2021,421014784,2,9,0,18,19,5,1,0,0,8,1,0,7,4,3,1,5,6,1,54,8,1388,1,16,FORD FUSION,9,E01021798,0,-1
2021010348672,2021,010348672,3,9,0,4,4,7,3,0,0,0,1,0,0,0,1,1,2,2,2,44,7,1388,1,10,FORD FUSION,8,E01002383,0,-1
2021302102005,2021,302102005,1,9,0,18,19,8,4,0,0,0,0,0,0,0,1,1,6,6,1,75,10,1596,1,14,FORD FUSION,4,E01019492,0,-1
2021411063902,2021,411063902,1,9,0,1,1,1,5,0,0,0,0,0,0,0,2,1,5,6,1,79,11,1388,1,12,FORD FUSION,10,E01023457,0,-1
2021361035433,2021,361035433,1,9,0,18,19,2,6,0,0,2,0,0,0,0,1,1,5,6,2,46,8,1399,2,11,FORD FUSION,5,E01015767,0,-1
2021201058900,2021,201058900,1,9,0,9,9,3,8,0,0,5,0,0,0,0,1,1,6,6,2,23,5,1388,1,14,FORD FUSION,6,E01028857,0,-1
2021041063633,2021,041063633,1,9,0,18,19,2,6,0,0,1,0,0,0,0,4,1,2,2,2,66,10,1399,2,11,FORD FUSION,3,E01012658,0,-1
2021991051558,2021,991051558,1,9,0,18,19,4,8,0,0,1,0,0,0,0,1,1,5,6,1,47,8,1560,2,15,FORD FUSION,3,-1,0,-1
2021545852121,2021,545852121,3,9,0,3,3,5,7,0,0,1,0,0,0,0,1,1,2,2,1,26,6,1596,1,12,FORD FUSION,10,E01032097,0,-1
2021052100717,2021,052100717,2,9,0,18,19,7,3,0,0,8,0,0,0,0,1,1,6,6,1,35,6,1388,1,18,FORD FUSION,1,E01007129,0,-1
2021501027247,2021,501027247,1,9,0,9,9,4,8,0,0,1,0,0,0,0,1,1,5,6,2,76,11,1596,1,14,FORD FUSION,7,E01015198,0,-1
2021231127964,2021,231127964,1,9,0,16,19,8,3,0,0,0,2,0,7,10,1,1,5,6,2,42,7,1388,1,17,FORD FUSION,-1,-1,0,-1
2021501085080,2021,501085080,1,9,0,5,5,8,6,0,0,2,0,0,0,0,1,1,2,2,2,33,6,1596,1,13,FORD FUSION,5,E01015164,0,-1
2021052102809,2021,052102809,1,9,0,18,19,5,1,0,0,0,0,0,0,0,1,1,6,6,1,57,9,1560,2,11,FORD FUSION,1,E01006674,0,-1
2021440258961,2021,440258961,1,9,0,17,19,6,2,0,0,0,1,0,0,4,1,1,6,6,1,24,5,1596,1,17,FORD FUSION,7,E01017329,0,-1
2021461017014,2021,461017014,2,9,0,4,4,6,1,0,0,1,0,0,0,0,2,1,5,6,2,86,11,1596,1,12,FORD FUSION,10,E01024745,0,-1
2021501073818,2021,501073818,1,9,0,9,9,4,2,0,0,6,0,0,0,0,1,1,6,6,1,86,11,1596,1,15,FORD FUSION,3,E01015245,0,-1
2021122100222,2021,122100222,2,9,0,18,19,7,3,0,0,1,0,0,0,0,1,1,6,6,1,57,9,1388,1,15,FORD FUSION,6,E01027884,0,-1
2021361111899,2021,361111899,1,9,0,9,9,1,7,0,0,8,0,0,0,0,3,1,5,6,2,82,11,1388,1,13,FORD FUSION,4,E01026733,0,-1
2021471061855,2021,471061855,2,9,0,18,19,4,8,0,0,8,0,0,0,0,3,1,6,6,1,48,8,1596,1,17,FORD FUSION,3,E01016858,0,-1
2021010319782,2021,010319782,1,9,0,9,9,1,7,0,0,5,0,0,0,0,2,1,6,6,1,37,7,1560,2,12,FORD FUSION,-1,-1,0,-1
2021430402864,2021,430402864,2,9,0,18,19,4,8,0,0,0,0,0,0,0,4,1,6,6,2,-1,-1,1388,1,17,FORD FUSION,-1,-1,0,-1
2021461023640,2021,461023640,2,9,0,9,9,1,3,0,0,0,0,0,7,0,3,1,6,6,2,38,7,1596,1,18,FORD FUSION,3,E01024241,0,-1
2021430076916,2021,430076916,2,9,0,3,3,8,4,0,0,0,0,0,0,0,2,1,2,2,2,44,7,1388,1,18,FORD FUSION,9,E01032957,0,-1
2021991074847,2021,991074847,3,9,0,3,3,4,8,0,0,0,0,0,0,0,2,1,6,6,1,33,6,1388,1,11,FORD FUSION,10,E01013560,0,-1
2021430385498,2021,430385498,1,9,0,18,19,7,3,0,0,0,0,0,0,0,1,1,6,6,1,68,10,1388,1,18,FORD FUSION,10,E01016621,0,-1
2021111131106,2021,111131106,1,9,0,18,19,7,3,0,0,0,0,10,3,0,4,1,1,1,2,35,6,1399,2,12,FORD FUSION,2,E01020675,0,-1
2021061106688,2021,061106688,2,9,0,4,4,7,1,0,0,8,0,0,0,0,1,1,6,6,2,30,6,1596,1,18,FORD FUSION,-1,-1,0,-1
2021471107881,2021,471107881,2,9,0,18,19,3,6,0,0,8,0,0,0,0,1,1,5,6,1,73,10,1596,1,14,FORD FUSION,3,E01016911,0,-1
2021041036587,2021,041036587,4,9,0,18,19,5,1,0,0,0,0,0,0,0,1,1,6,6,3,-1,-1,1399,2,13,FORD FUSION,-1,-1,0,-1
2021371045943,2021,371045943,2,9,0,18,19,3,7,0,0,8,0,0,0,0,2,1,1,1,2,49,8,1596,1,16,FORD FUSION,9,E01033450,0,-1
2021101050943,2021,101050943,2,9,0,7,7,5,7,0,0,3,1,0,1,1,1,1,6,6,1,35,6,1388,1,18,FORD FUSION,5,E01027441,0,-1
2021440333672,2021,440333672,1,9,0,18,19,6,2,0,0,7,0,0,0,0,1,1,6,6,3,49,8,1388,1,12,FORD FUSION,4,E01004468,0,-1
2021041147672,2021,041147672,2,9,0,18,19,1,5,0,0,8,0,0,1,0,1,1,6,6,2,52,8,1596,1,18,FORD FUSION,8,E01024939,0,-1
2021010311484,2021,010311484,2,9,0,99,99,9,9,99,99,1,9,99,9,99,1,9,6,6,3,-1,-1,1388,1,16,FORD FUSION,-1,-1,0,-1
2021401078967,2021,401078967,1,9,0,18,19,5,1,0,0,4,0,0,0,0,1,1,6,6,2,28,6,1388,1,15,FORD FUSION,8,E01017377,0,-1
2021101096265,2021,101096265,2,9,0,18,19,7,3,0,0,1,0,0,0,0,1,1,6,6,1,34,6,1388,1,16,FORD FUSION,1,E01008391,0,-1
2021451026571,2021,451026571,3,9,0,12,12,4,8,0,0,0,0,0,0,0,0,1,5,6,1,62,9,1596,1,12,FORD FUSION,5,E01016577,0,-1
2021401088275,2021,401088275,2,9,0,4,4,6,2,0,0,0,0,0,0,0,2,1,2,2,2,37,7,1399,2,12,FORD FUSION,9,E01017441,0,-1
2021501025609,2021,501025609,2,9,0,3,3,7,3,0,0,1,0,0,0,0,2,1,6,6,2,82,11,1596,1,14,FORD FUSION,2,E01015194,0,-1
2021421082586,2021,421082586,1,9,0,17,19,1,3,0,0,0,2,4,0,0,1,1,6,6,1,41,7,1596,1,18,FORD FUSION,7,E01033720,0,-1
2021141058571,2021,141058571,1,9,0,2,2,3,7,0,0,2,0,0,1,0,4,1,3,7,1,29,6,1560,2,16,FORD FUSION,-1,-1,0,-1
2021461025917,2021,461025917,1,9,0,5,5,7,3,0,0,4,0,0,0,0,1,1,6,6,2,88,11,1596,1,11,FORD FUSION,6,E01024220,0,-1
2021302101889,2021,302101889,1,9,0,18,19,6,2,0,0,0,0,0,0,0,1,1,6,6,1,45,7,1388,1,14,FORD FUSION,4,E01013493,0,-1
2021421120277,2021,421120277,1,9,0,18,19,6,2,0,0,0,1,0,0,0,1,1,6,6,1,28,6,1388,1,17,FORD FUSION,9,E01021454,0,-1
2021440043526,2021,440043526,1,9,0,18,19,5,1,0,0,0,0,0,0,0,1,1,6,6,1,40,7,1596,1,14,FORD FUSION,4,E01017085,0,-1
2021440017345,2021,440017345,1,9,0,18,19,4,8,0,0,8,1,9,0,0,1,1,6,6,1,48,8,1596,1,14,FORD FUSION,6,E01022657,0,-1
2021440368312,2021,440368312,1,9,0,1,1,1,0,0,0,0,0,0,1,10,2,1,6,6,2,83,11,1596,1,15,FORD FUSION,10,E01022931,0,-1
2021471011431,2021,471011431,2,9,0,4,4,2,6,0,0,0,0,0,0,0,2,1,5,6,2,59,9,1596,1,12,FORD FUSION,6,E01021047,0,-1
2021320009437,2021,320009437,1,9,0,16,19,6,2,0,0,0,0,4,0,0,1,1,6,6,2,30,6,1388,1,16,FORD FUSION,2,E01026378,0,-1
2021440470163,2021,440470163,1,9,0,18,19,7,3,0,0,1,0,0,0,0,1,1,2,2,1,34,6,1399,2,15,FORD FUSION,3,E01022680,0,-1
2021991038931,2021,991038931,2,9,0,18,19,5,2,0,0,4,0,0,0,0,4,1,5,6,1,31,6,1388,1,11,FORD FUSION,2,-1,0,-1
2021991081874,2021,991081874,1,9,0,9,9,1,7,0,0,0,0,0,0,0,4,1,6,6,1,43,7,1596,1,12,FORD FUSION,3,-1,0,-1
2021522201338,2021,522201338,2,9,0,3,3,4,8,0,0,0,0,0,0,0,2,1,6,6,1,41,7,1560,2,15,FORD FUSION,7,W01001257,0,-1
2021131111042,2021,131111042,2,9,0,18,19,5,1,0,0,0,0,6,0,0,4,1,5,6,1,39,7,1388,1,16,FORD FUSION,-1,-1,0,-1
2021501096043,2021,501096043,1,9,0,16,19,1,5,0,0,0,2,0,0,0,1,1,5,6,1,23,5,1388,1,16,FORD FUSION,9,E01023460,0,-1
2021052100166,2021,052100166,1,9,0,18,19,5,1,0,0,8,0,0,0,0,1,1,6,6,2,48,8,1388,1,16,FORD FUSION,2,E01006845,0,-1
2021522101705,2021,522101705,2,9,0,18,19,5,1,0,0,8,0,0,0,0,3,1,6,6,1,24,5,1388,1,14,FORD FUSION,6,E01014846,0,-1
2021302101561,2021,302101561,2,9,0,2,2,0,0,0,0,8,0,0,0,0,0,1,6,6,3,-1,-1,1388,1,15,FORD FUSION,-1,-1,0,-1
2021501016926,2021,501016926,1,9,0,18,19,3,7,0,0,0,1,0,5,6,1,1,5,6,1,26,6,1399,2,14,FORD FUSION,4,E01018895,0,-1
2021101043090,2021,101043090,1,9,0,18,19,2,6,0,0,4,0,0,0,0,1,1,6,6,1,83,11,1560,2,11,FORD FUSION,8,E01027554,0,-1
2021211035389,2021,211035389,1,9,0,7,7,1,4,0,0,8,0,0,0,0,4,1,1,1,2,29,6,1596,1,19,FORD FUSION,9,E01013556,0,-1
2021421062990,2021,421062990,1,9,0,18,19,7,3,0,0,8,0,0,7,1,1,1,6,6,1,53,8,1388,1,12,FORD FUSION,7,E01021904,0,-1
2021351120893,2021,351120893,2,9,0,16,19,1,5,0,0,8,0,0,0,0,1,1,5,6,1,34,6,1388,1,16,FORD FUSION,7,E01018065,0,-1
2021201028270,2021,201028270,3,9,0,18,19,4,8,0,0,0,0,0,0,0,2,1,6,6,2,40,7,1596,1,13,FORD FUSION,1,E01009380,0,-1
2021010344254,2021,010344254,2,9,0,9,9,5,2,0,0,1,0,0,0,0,0,1,2,2,1,47,8,1399,2,15,FORD FUSION,5,E01003247,0,-1
2021421065404,2021,421065404,2,9,0,17,19,1,5,0,0,0,0,0,1,0,1,1,5,6,2,84,11,1596,1,13,FORD FUSION,10,E01021754,0,-1
2021471117137,2021,471117137,2,9,0,18,19,8,4,0,0,1,0,0,0,0,1,1,5,6,1,72,10,1388,1,14,FORD FUSION,2,E01031819,0,-1
2021302100805,2021,302100805,1,9,0,18,19,8,4,0,0,1,0,0,0,0,1,1,6,6,1,82,11,1596,1,14,FORD FUSION,1,E01019650,0,-1
2021010321524,2021,010321524,1,9,0,18,19,5,1,0,0,1,0,0,0,0,1,1,2,2,2,43,7,1596,1,16,FORD FUSION,4,E01015971,0,-1
2021010311869,2021,010311869,1,9,0,5,5,0,1,0,0,1,0,0,0,0,3,1,6,6,1,67,10,1388,1,12,FORD FUSION,2,E01001755,0,-1
2021010307332,2021,010307332,1,9,0,18,19,7,3,0,0,0,0,0,0,0,1,1,6,6,2,49,8,1596,1,13,FORD FUSION,2,E01000189,0,-1
2021421122071,2021,421122071,1,9,0,18,19,1,3,0,0,0,0,0,0,0,4,1,1,1,1,42,7,1596,1,17,FORD FUSION,8,E01015834,0,-1
2021041038862,2021,041038862,2,9,0,2,2,5,1,0,0,0,0,0,1,0,3,1,6,6,3,-1,-1,1596,1,12,FORD FUSION,-1,-1,0,-1
2021461064419,2021,461064419,2,9,0,4,4,5,1,9,9,1,0,0,0,0,2,1,3,7,2,41,7,1596,1,16,FORD FUSION,1,E01024615,0,-1
2021421096967,2021,421096967,1,9,0,7,7,7,3,0,0,0,0,0,0,0,4,1,1,1,2,69,10,1560,2,15,FORD FUSION,8,E01021783,0,-1
2021201138511,2021,201138511,1,9,0,7,7,7,1,0,0,6,0,0,0,0,1,1,3,7,2,36,7,1388,1,17,FORD FUSION,1,E01010031,0,-1
2021161070157,2021,161070157,3,9,0,2,2,0,0,0,0,1,0,0,0,0,3,1,5,6,3,-1,-1,1596,1,16,FORD FUSION,-1,-1,0,-1
2021141104761,2021,141104761,1,9,0,9,9,5,3,0,0,8,0,0,0,0,4,1,1,1,2,62,9,1596,1,15,FORD FUSION,1,E01007885,0,-1
2021131036980,2021,131036980,2,9,0,18,19,3,7,0,0,0,0,0,0,0,2,1,6,6,2,67,10,1596,1,10,FORD FUSION,2,E01011235,0,-1
2021161035064,2021,161035064,1,9,0,18,19,5,1,0,0,2,0,0,0,0,1,1,6,6,2,50,8,1388,1,13,FORD FUSION,2,E01013281,0,-1
2021010331127,2021,010331127,1,9,0,7,7,6,8,0,0,5,0,0,0,0,4,1,6,6,2,78,11,1399,2,13,FORD FUSION,10,E01000809,0,-1
2021201030165,2021,201030165,1,9,0,18,19,6,2,0,0,0,0,0,0,0,4,1,6,6,1,-1,-1,1399,2,18,FORD FUSION,-1,-1,0,-1
2021010299987,2021,010299987,4,9,0,99,99,9,9,0,0,0,9,99,9,99,1,9,6,6,3,-1,-1,1388,1,15,FORD FUSION,-1,-1,0,-1
2021052101644,2021,052101644,1,9,0,5,5,1,5,0,0,6,0,0,0,0,1,1,6,6,1,39,7,1596,1,12,FORD FUSION,6,E01007255,0,-1
2021031136745,2021,031136745,2,9,0,18,19,2,6,0,0,0,0,0,0,0,0,1,5,6,2,69,10,1399,2,13,FORD FUSION,-1,-1,0,-1
2021522105984,2021,522105984,1,9,0,18,19,1,5,0,0,0,1,0,0,0,1,1,6,6,1,31,6,1388,1,18,FORD FUSION,6,E01014591,0,-1
2021221017673,2021,221017673,1,9,0,16,19,5,8,0,0,2,0,0,0,0,1,1,5,6,1,38,7,1388,1,16,FORD FUSION,6,E01032244,0,-1
2021461039790,2021,461039790,2,9,0,18,19,5,1,0,0,0,0,0,0,0,1,1,5,6,1,46,8,1388,1,16,FORD FUSION,2,E01000007,0,-1
2021421087569,2021,421087569,1,9,0,18,19,3,7,0,0,1,0,0,0,0,3,1,6,6,2,84,11,1388,1,14,FORD FUSION,6,E01021917,0,-1
2021440515178,2021,440515178,1,9,0,8,8,4,8,0,0,8,0,0,0,0,4,1,2,2,2,61,9,1388,1,14,FORD FUSION,7,E01022737,0,-1
2021501119243,2021,501119243,1,9,0,17,19,7,5,0,0,0,5,11,1,4,1,1,2,2,1,23,5,1388,1,13,FORD FUSION,1,E01020094,0,-1
202131A157421,2021,31A157421,2,9,0,18,19,6,2,0,0,8,0,0,0,0,1,1,3,7,2,40,7,1388,1,12,FORD FUSION,1,E01028301,0,-1
2021141106207,2021,141106207,1,9,0,18,19,7,3,0,0,0,0,0,0,0,2,1,5,6,1,62,9,1399,2,15,FORD FUSION,1,E01008075,0,-1
202163D094221,2021,63D094221,1,9,0,7,7,2,4,0,0,6,0,0,1,10,3,1,6,6,2,83,11,1388,1,12,FORD FUSION,10,W01000432,0,-1
2021430353248,2021,430353248,1,9,0,18,19,8,4,0,0,0,0,4,0,0,1,1,6,6,1,25,5,1388,1,19,FORD FUSION,8,E01017628,0,-1
2021201116519,2021,201116519,1,9,0,1,1,8,4,0,0,1,0,0,0,0,2,1,6,6,1,49,8,1388,1,14,FORD FUSION,4,E01016481,0,-1
2021061067197,2021,061067197,2,9,0,18,19,7,3,0,0,0,0,2,0,0,2,1,6,6,1,31,6,1388,1,16,FORD FUSION,2,E01005553,0,-1
2021421019853,2021,421019853,1,9,0,4,4,3,7,0,0,0,1,10,0,0,1,1,5,6,1,64,9,1399,2,17,FORD FUSION,7,E01002377,0,-1
2021371046283,2021,371046283,2,9,0,18,19,3,7,0,0,0,0,0,0,0,1,1,2,2,1,61,9,1596,1,19,FORD FUSION,2,E01030023,0,-1
2021320705928,2021,320705928,2,9,0,18,19,6,2,0,0,8,0,0,0,0,1,1,6,6,1,52,8,1399,2,15,FORD FUSION,6,E01026344,0,-1
202134NNC1721,2021,34NNC1721,2,9,0,18,19,7,3,0,0,0,0,0,0,0,3,1,1,1,1,56,9,1388,1,15,FORD FUSION,1,E01013601,0,-1
2021070422081,2021,070422081,1,9,0,2,2,0,0,0,0,0,0,0,0,0,0,1,6,6,2,-1,-1,1596,1,11,FORD FUSION,-1,-1,0,-1
2021361051260,2021,361051260,1,9,0,7,7,3,5,0,0,8,0,0,0,0,1,1,5,6,1,69,10,1560,2,14,FORD FUSION,9,E01028219,0,-1
202163D038721,2021,63D038721,2,9,0,2,2,0,0,6,6,0,0,0,0,0,4,1,6,6,1,75,10,1388,1,12,FORD FUSION,7,W01000434,0,-1
202163A070721,2021,63A070721,1,9,0,16,19,3,6,0,0,0,5,0,2,10,1,1,6,6,2,49,8,1399,2,17,FORD FUSION,5,W01000533,0,-1
2021451067977,2021,451067977,1,9,0,3,3,1,5,0,0,0,0,0,0,0,2,1,5,6,2,65,9,1596,1,11,FORD FUSION,10,E01004105,0,-1
2021440218184,2021,440218184,1,9,0,9,9,5,4,0,0,6,1,0,0,0,3,1,6,6,2,33,6,1388,1,16,FORD FUSION,6,E01023183,0,-1
2021010292299,2021,010292299,1,9,0,18,19,1,5,0,0,1,1,0,1,2,1,1,2,2,1,30,6,1388,1,15,FORD FUSION,8,E01030405,0,-1
2021461058336,2021,461058336,1,9,0,13,13,3,7,0,0,0,0,0,0,0,0,1,6,6,1,24,5,1596,1,16,FORD FUSION,4,E01024742,0,-1
2021501090356,2021,501090356,3,9,0,16,19,7,3,0,0,0,1,0,0,0,1,1,5,6,2,30,6,1399,2,13,FORD FUSION,4,E01018894,0,-1
2021501099241,2021,501099241,2,9,0,18,19,1,5,0,0,8,0,0,0,0,4,1,5,6,1,29,6,1399,2,10,FORD FUSION,6,E01019058,0,-1
2021010289686,2021,010289686,1,9,0,18,19,7,3,0,0,1,0,0,0,0,2,1,6,6,2,-1,-1,1596,1,11,FORD FUSION,7,E01002255,0,-1
2021371144464,2021,371144464,1,9,0,9,9,7,4,0,0,0,0,0,0,0,1,1,5,6,1,22,5,1388,1,13,FORD FUSION,8,E01029909,0,-1
2021522200460,2021,522200460,3,9,0,18,19,3,7,0,0,8,0,0,0,0,1,1,6,6,1,71,10,1388,1,13,FORD FUSION,-1,-1,0,-1
2021041079363,2021,041079363,1,9,0,5,5,1,5,0,0,8,0,0,0,0,4,1,5,6,1,89,11,1399,2,14,FORD FUSION,10,E01025440,0,-1
2021610063421,2021,610063421,2,9,0,9,9,5,3,0,0,8,0,0,0,0,1,1,6,6,1,47,8,1596,1,15,FORD FUSION,2,W01001466,0,-1
2021501105380,2021,501105380,2,9,0,9,9,5,3,0,0,0,0,0,0,0,1,1,6,6,1,37,7,1388,1,15,FORD FUSION,4,E01018895,0,-1
2021141027990,2021,141027990,1,9,0,9,9,3,7,0,0,1,0,0,0,0,3,1,5,6,2,92,11,1596,1,16,FORD FUSION,9,E01007825,0,-1
2021010322819,2021,010322819,2,9,0,99,99,9,9,99,99,9,9,99,9,99,9,9,6,6,3,-1,-1,1388,1,16,FORD FUSION,-1,-1,0,-1
2021320697572,2021,320697572,5,9,0,18,19,2,6,0,0,3,0,0,0,0,2,1,6,6,1,29,6,1388,1,15,FORD FUSION,5,E01026052,0,-1
2021161050491,2021,161050491,2,9,0,18,19,2,6,0,0,0,1,0,0,0,1,1,5,6,2,37,7,1388,1,12,FORD FUSION,1,E01012932,0,-1
2021991019158,2021,991019158,1,9,0,18,19,5,1,0,0,0,0,0,0,0,1,1,5,6,2,26,6,1388,1,15,FORD FUSION,-1,-1,0,-1
2021501097039,2021,501097039,1,9,0,18,19,2,6,0,0,0,5,0,0,0,1,1,6,6,2,61,9,1596,1,14,FORD FUSION,3,E01019005,0,-1
2021461075078,2021,461075078,1,9,0,7,7,1,5,0,0,0,0,0,0,0,1,1,6,6,1,43,7,1596,1,18,FORD FUSION,3,E01024352,0,-1
2021201082384,2021,201082384,2,9,0,18,19,4,2,0,0,8,0,0,0,0,1,1,6,6,2,34,6,1388,1,12,FORD FUSION,3,E01009411,0,-1
2021010293361,2021,010293361,1,9,0,18,19,7,3,0,0,1,0,4,0,0,1,1,6,6,1,87,11,1388,1,13,FORD FUSION,3,E01001468,0,-1
2021361035076,2021,361035076,2,9,0,10,10,6,2,0,0,0,0,0,0,0,2,1,5,6,1,35,6,1388,1,18,FORD FUSION,5,E01026487,0,-1
2021010352377,2021,010352377,1,9,0,18,19,5,1,0,0,0,1,10,0,0,1,1,6,6,1,75,10,1596,1,12,FORD FUSION,10,E01010770,0,-1
2021430402864,2021,430402864,1,9,0,18,19,4,8,0,0,0,0,0,0,0,3,1,2,2,1,26,6,1399,2,14,FORD FUSION,8,E01017741,0,-1
2021461122017,2021,461122017,2,9,0,18,19,5,1,0,0,1,0,0,0,0,1,1,6,6,1,35,6,1388,1,18,FORD FUSION,6,E01024285,0,-1
2021552101108,2021,552101108,2,9,0,3,3,8,4,0,0,0,0,0,0,0,2,1,6,6,2,38,7,1388,1,10,FORD FUSION,7,E01020361,0,-1
2021041089192,2021,041089192,2,9,0,2,2,7,3,9,9,1,0,0,0,0,3,1,6,6,3,-1,-1,1388,1,16,FORD FUSION,-1,-1,0,-1
2021061086838,2021,061086838,1,9,0,18,19,1,5,0,0,2,0,0,0,0,1,1,6,6,1,40,7,1560,2,14,FORD FUSION,2,E01005145,0,-1
2021010291691,2021,010291691,2,9,0,2,2,0,0,0,0,2,0,0,0,0,2,1,6,6,3,-1,-1,1399,2,18,FORD FUSION,-1,-1,0,-1
2021311097293,2021,311097293,2,9,0,3,3,7,3,0,0,1,0,0,0,0,2,1,6,6,2,59,9,1388,1,17,FORD FUSION,1,E01028065,0,-1
2021522106268,2021,522106268,2,9,0,18,19,3,7,0,0,1,0,0,0,0,1,1,6,6,1,30,6,1388,1,15,FORD FUSION,-1,-1,0,-1
2021430481468,2021,430481468,1,9,0,18,19,5,1,0,0,0,0,0,0,0,1,1,6,6,1,68,10,1596,1,12,FORD FUSION,9,E01021940,0,-1
2021501063103,2021,501063103,2,9,0,10,10,7,3,0,0,1,0,0,0,0,2,1,6,6,2,68,10,1596,1,14,FORD FUSION,3,E01020010,0,-1
2021501075287,2021,501075287,2,9,0,18,19,4,8,0,0,1,0,0,0,0,0,1,6,6,2,52,8,1560,2,12,FORD FUSION,9,E01019900,0,-1
2021061051498,2021,061051498,1,9,0,5,5,1,5,0,0,1,0,0,0,0,1,1,6,6,2,83,11,1388,1,16,FORD FUSION,6,E01018612,0,-1
2021201041774,2021,201041774,2,9,0,16,19,1,3,0,0,0,0,0,0,0,1,1,2,2,2,29,6,1596,1,14,FORD FUSION,1,E01009611,0,-1
2021451074684,2021,451074684,1,9,0,18,19,1,5,0,0,1,0,0,0,0,1,1,5,6,1,63,9,1596,1,16,FORD FUSION,10,E01030509,0,-1
2021201137635,2021,201137635,1,9,0,9,9,8,7,0,0,6,0,0,0,0,3,1,6,6,2,88,11,1388,1,11,FORD FUSION,8,E01009785,0,-1
2021361025630,2021,361025630,2,9,0,2,2,0,0,0,0,0,0,0,0,0,2,1,6,6,3,-1,-1,1399,2,16,FORD FUSION,-1,-1,0,-1
2021361071148,2021,361071148,1,9,0,18,19,7,3,0,0,1,0,0,0,0,3,1,2,2,2,58,9,1388,1,10,FORD FUSION,7,E01026421,0,-1
2021010307659,2021,010307659,1,9,0,18,19,5,1,0,0,0,0,4,0,0,1,1,6,6,1,28,6,1596,1,18,FORD FUSION,10,E01003364,0,-1
2021440279717,2021,440279717,1,9,0,9,9,5,2,0,0,6,0,0,0,0,3,1,6,6,1,50,8,1388,1,11,FORD FUSION,5,E01017296,0,-1
2021421042957,2021,421042957,1,9,0,18,19,5,1,4,4,0,0,0,0,0,4,1,6,6,1,60,9,1399,2,14,FORD FUSION,8,E01021931,0,-1
2021131113895,2021,131113895,1,9,0,4,4,7,3,0,0,1,0,0,0,0,1,1,6,6,3,-1,-1,1388,1,15,FORD FUSION,-1,-1,0,-1
202134WNC2841,2021,34WNC2841,1,9,0,13,13,3,7,0,0,0,5,0,2,0,3,1,6,6,2,86,11,1388,1,14,FORD FUSION,7,E01026987,0,-1
2021041089005,2021,041089005,1,9,0,18,19,5,1,0,0,0,0,0,1,0,4,1,5,6,1,64,9,1388,1,18,FORD FUSION,8,E01031545,0,-1
2021010323302,2021,010323302,1,9,0,18,19,5,1,0,0,1,0,0,1,0,3,1,6,6,2,58,9,1596,1,14,FORD FUSION,2,E01003266,0,-1
202106A080112,2021,06A080112,3,9,0,3,3,5,1,0,0,1,0,0,0,0,1,1,6,6,1,50,8,1596,1,18,FORD FUSION,2,E01005220,0,-1
202163D011521,2021,63D011521,1,9,0,17,19,5,2,0,0,0,2,0,2,10,1,1,6,6,2,54,8,1596,1,12,FORD FUSION,5,E01030241,0,-1
2021302100185,2021,302100185,2,9,0,18,19,2,6,0,0,0,0,0,0,0,3,1,6,6,2,60,9,1388,1,17,FORD FUSION,10,E01025869,0,-1
2021201025247,2021,201025247,4,9,0,2,2,0,0,0,0,0,0,0,0,0,1,1,6,6,3,-1,-1,1388,1,12,FORD FUSION,-1,-1,0,-1
2021411100686,2021,411100686,1,9,0,11,11,5,1,0,0,0,-1,0,0,0,1,1,6,6,3,-1,-1,1596,1,13,FORD FUSION,-1,-1,0,-1
2021471113460,2021,471113460,3,9,0,10,10,8,6,0,0,5,0,0,0,0,2,1,6,6,1,53,8,1388,1,13,FORD FUSION,2,E01031361,0,-1