collision_index,collision_year,collision_ref_no,vehicle_reference,vehicle_type,towing_and_articulation,vehicle_manoeuvre_historic,vehicle_manoeuvre,vehicle_direction_from,vehicle_direction_to,vehicle_location_restricted_lane_historic,vehicle_location_restricted_lane,junction_location,skidding_and_overturning,hit_object_in_carriageway,vehicle_leaving_carriageway,hit_object_off_carriageway,first_point_of_impact,vehicle_left_hand_drive,journey_purpose_of_driver_historic,journey_purpose_of_driver,sex_of_driver,age_of_driver,age_band_of_driver,engine_capacity_cc,propulsion_code,age_of_vehicle,generic_make_model,driver_imd_decile,lsoa_of_driver,escooter_flag,driver_distance_banding
2021010319080,2021,010319080,1,9,0,99,99,9,9,0,0,9,9,99,9,99,2,9,2,2,1,48,8,2191,2,5,MAZDA 6,10,E01021475,0,-1
2021461080096,2021,461080096,1,9,0,18,19,5,1,0,0,0,0,0,0,0,2,1,6,6,2,26,6,1798,1,12,MAZDA 6,7,E01021098,0,-1
2021461023734,2021,461023734,2,9,0,5,5,1,5,0,0,0,0,0,0,0,3,1,6,6,1,28,6,2191,2,7,MAZDA 6,6,E01032798,0,-1
2021211056345,2021,211056345,1,9,0,18,19,4,8,0,0,0,0,0,0,0,1,1,6,6,1,68,10,2191,2,8,MAZDA 6,10,E01025707,0,-1
2021440017085,2021,440017085,1,9,0,18,19,4,8,0,0,8,0,0,0,0,4,1,2,2,1,56,9,1998,1,2,MAZDA 6,10,E01022773,0,-1
2021302101279,2021,302101279,1,9,0,2,2,0,0,0,0,0,0,0,0,0,3,1,6,6,3,-1,-1,2261,1,15,MAZDA 6,-1,-1,0,-1
2021010330609,2021,010330609,1,9,0,99,99,9,9,99,99,0,9,99,9,99,9,9,6,6,2,46,8,2191,2,8,MAZDA 6,4,E01000418,0,-1
2021351016118,2021,351016118,2,9,0,18,19,3,7,0,0,0,0,0,7,0,1,1,5,6,1,50,8,2183,2,10,MAZDA 6,9,E01030116,0,-1
2021061094041,2021,061094041,1,9,0,9,9,7,5,0,0,8,0,0,0,0,3,1,6,6,1,34,6,2184,2,12,MAZDA 6,8,E01005452,0,-1
2021131057006,2021,131057006,1,9,0,18,19,5,1,0,0,0,0,0,7,11,1,1,5,6,1,20,4,1999,1,15,MAZDA 6,10,E01011948,0,-1
2021522103170,2021,522103170,1,9,0,10,10,1,7,0,0,8,0,0,0,0,4,1,6,6,1,42,7,1999,1,10,MAZDA 6,6,E01014508,0,-1
202163A033321,2021,63A033321,2,9,0,4,4,8,4,0,0,1,0,0,0,0,2,1,6,6,1,62,9,1998,1,4,MAZDA 6,6,W01000538,0,-1
2021131094984,2021,131094984,2,9,0,9,9,5,3,0,0,5,0,0,0,0,2,1,3,7,2,44,7,1798,1,16,MAZDA 6,8,E01011217,0,-1
2021471100658,2021,471100658,1,9,0,5,5,6,2,0,0,8,0,0,0,0,1,1,6,6,2,49,8,1798,1,11,MAZDA 6,7,E01016903,0,-1
2021010297583,2021,010297583,2,9,0,18,19,1,5,0,0,0,0,0,0,0,1,1,6,6,1,-1,-1,1998,1,5,MAZDA 6,8,E01004514,0,-1
202134NNC2851,2021,34NNC2851,3,9,0,18,19,1,5,0,0,0,0,0,0,0,1,1,2,2,1,42,7,2183,2,9,MAZDA 6,8,E01025771,0,-1
2021010309492,2021,010309492,2,9,0,99,99,9,9,99,99,9,9,99,9,99,1,9,6,6,3,-1,-1,1999,7,10,MAZDA 6,7,E01001535,0,-1
2021101111622,2021,101111622,1,9,0,18,19,1,5,0,0,6,0,0,0,0,4,1,6,6,1,49,8,2184,2,12,MAZDA 6,-1,-1,0,-1
202131C067121,2021,31C067121,1,9,0,18,19,4,8,0,0,2,0,0,0,0,0,1,6,6,1,31,6,1998,1,2,MAZDA 6,3,E01013828,0,-1
2021401059608,2021,401059608,2,9,0,18,19,7,3,0,0,1,0,0,0,0,1,1,5,6,2,33,6,2183,2,11,MAZDA 6,3,E01015813,0,-1
2021451037053,2021,451037053,3,9,0,18,19,1,5,0,0,0,0,0,0,0,2,1,2,2,1,27,6,1999,1,14,MAZDA 6,5,E01031570,0,-1
2021061040240,2021,061040240,2,9,0,18,19,2,6,0,0,8,0,0,0,0,4,1,6,6,1,46,8,1998,2,13,MAZDA 6,1,E01005138,0,-1
20211382D0819,2021,1382D0819,1,9,0,1,1,1,7,0,0,0,0,0,0,0,2,1,6,6,1,50,8,1998,1,7,MAZDA 6,-1,-1,0,-1
202134WNC4231,2021,34WNC4231,1,9,0,18,19,5,1,0,0,0,0,0,0,0,1,1,6,6,1,36,7,1798,1,12,MAZDA 6,1,E01016743,0,-1
2021010303597,2021,010303597,2,9,0,2,2,0,0,6,6,8,0,0,0,0,2,1,6,6,3,-1,-1,1999,1,14,MAZDA 6,-1,-1,0,-1
202131C190521,2021,31C190521,2,9,0,18,19,8,4,0,0,1,0,0,0,0,1,1,6,6,1,-1,-1,2183,2,11,MAZDA 6,2,E01013847,0,-1
2021161020276,2021,161020276,1,9,0,18,19,8,4,0,0,8,0,0,0,0,3,1,5,6,1,42,7,2191,2,6,MAZDA 6,1,E01013162,0,-1
2021361094577,2021,361094577,1,9,0,5,5,5,1,0,0,1,0,0,0,0,1,1,5,6,1,47,8,2191,2,6,MAZDA 6,7,E01026565,0,-1
2021201115504,2021,201115504,1,9,0,8,8,5,7,0,0,0,0,0,0,0,1,1,6,6,3,-1,-1,2183,2,10,MAZDA 6,-1,-1,0,-1
2021430166552,2021,430166552,1,9,0,18,19,6,2,0,0,0,0,0,0,0,4,1,6,6,1,59,9,1798,1,11,MAZDA 6,10,E01017757,0,-1
2021041100407,2021,041100407,1,9,0,18,19,5,1,0,0,0,0,0,0,0,4,1,6,6,1,38,7,2191,2,5,MAZDA 6,3,E01012658,0,-1
2021010319937,2021,010319937,7,9,0,18,19,7,3,0,0,0,0,4,0,0,1,1,6,6,1,34,6,1999,1,14,MAZDA 6,2,E01000065,0,-1
2021430028475,2021,430028475,1,9,0,18,19,2,6,0,0,0,1,0,0,0,1,1,2,2,1,31,6,2184,2,12,MAZDA 6,5,E01016494,0,-1
2021471051800,2021,471051800,1,9,0,9,9,1,7,0,0,8,0,0,0,0,3,1,6,6,1,65,9,2183,2,11,MAZDA 6,7,E01021063,0,-1
2021131077107,2021,131077107,1,9,0,18,19,3,7,0,0,0,0,0,7,6,1,1,5,6,1,58,9,2191,2,4,MAZDA 6,6,E01010750,0,-1
2021010304144,2021,010304144,1,9,0,99,99,9,9,99,99,9,9,99,9,99,4,9,6,6,1,47,8,1999,1,18,MAZDA 6,7,E01021582,0,-1
2021201049310,2021,201049310,1,9,0,18,19,3,7,0,0,1,0,0,0,0,1,1,6,6,3,-1,-1,2148,2,12,MERCEDES C CLASS,-1,-1,0,-1
2021371076432,2021,371076432,2,9,0,18,19,7,5,0,0,8,0,0,0,0,1,1,6,6,1,22,5,2143,2,10,MERCEDES C CLASS,7,E01029974,0,-1
2021010325638,2021,010325638,2,9,0,18,19,4,8,0,0,0,0,0,0,0,1,1,6,6,2,60,9,1796,1,13,MERCEDES C CLASS,3,E01002139,0,-1
2021010317054,2021,010317054,1,9,0,18,19,5,1,0,0,0,0,0,0,0,3,1,1,1,1,49,8,1598,2,4,MERCEDES C CLASS,10,E01000830,0,-1
2021201056865,2021,201056865,4,9,0,4,4,6,2,0,0,0,0,0,0,0,2,1,6,6,1,25,5,2143,2,10,MERCEDES C CLASS,2,E01010088,0,-1
2021161031052,2021,161031052,1,9,0,18,19,5,1,0,0,0,0,0,0,0,2,1,2,2,1,50,8,2143,2,6,MERCEDES C CLASS,8,E01013026,0,-1
2021440405503,2021,440405503,1,9,0,5,5,3,7,0,0,1,0,0,0,0,1,1,6,6,2,-1,-1,2143,2,5,MERCEDES C CLASS,-1,-1,0,-1
2021421043257,2021,421043257,1,9,0,18,19,1,5,0,0,1,0,0,0,0,4,1,2,2,1,38,7,2149,2,14,MERCEDES C CLASS,2,E01001577,0,-1
2021501133846,2021,501133846,1,9,0,4,4,7,3,0,0,0,1,0,7,0,1,1,6,6,1,-1,-1,2148,2,16,MERCEDES C CLASS,-1,-1,0,-1
2021041115871,2021,041115871,1,9,0,9,9,6,1,0,0,8,0,0,0,0,1,1,1,1,1,30,6,2148,2,15,MERCEDES C CLASS,1,E01025139,0,-1
2021010322651,2021,010322651,2,9,0,99,99,9,9,99,99,9,9,99,9,99,3,9,6,6,1,56,9,2143,2,5,MERCEDES C CLASS,8,E01004085,0,-1
2021111036979,2021,111036979,2,9,0,2,2,0,0,0,0,0,0,0,0,0,3,1,6,6,3,-1,-1,2143,2,6,MERCEDES C CLASS,-1,-1,0,-1
2021010324806,2021,010324806,1,9,0,99,99,9,9,99,99,0,9,99,9,99,1,9,6,6,1,26,6,2143,2,5,MERCEDES C CLASS,3,E01004189,0,-1
2021430047594,2021,430047594,1,9,0,18,19,3,7,0,0,0,0,0,0,0,3,1,6,6,1,31,6,2143,2,10,MERCEDES C CLASS,4,E01028632,0,-1
2021461128959,2021,461128959,2,9,0,4,4,8,4,0,0,0,0,0,0,0,2,1,6,6,2,38,7,1595,1,8,MERCEDES C CLASS,2,E01016018,0,-1
2021471051567,2021,471051567,1,9,0,7,7,5,6,0,0,1,0,0,0,0,1,1,5,6,1,20,4,2149,2,14,MERCEDES C CLASS,4,E01031443,0,-1
2021211071199,2021,211071199,2,9,0,18,19,1,4,0,0,0,0,0,0,0,3,1,6,6,1,31,6,2143,2,9,MERCEDES C CLASS,1,E01010289,0,-1
2021010299043,2021,010299043,1,9,0,99,99,9,9,99,99,0,9,99,9,99,2,9,6,6,2,60,9,1991,1,4,MERCEDES C CLASS,2,E01000060,0,-1
2021201081570,2021,201081570,1,9,0,13,13,6,2,0,0,0,0,10,7,11,4,1,6,6,1,19,4,1796,1,18,MERCEDES C CLASS,2,E01008889,0,-1
202134NNC9061,2021,34NNC9061,3,9,0,18,19,3,7,0,0,0,0,0,0,0,0,1,6,6,3,37,7,2143,2,7,MERCEDES C CLASS,8,E01018152,0,-1
2021010287260,2021,010287260,2,9,0,99,99,9,9,99,99,0,9,99,9,99,1,9,6,6,3,-1,-1,1497,1,2,MERCEDES C CLASS,-1,-1,0,-1
2021401088241,2021,401088241,3,9,0,18,19,5,1,0,0,1,0,0,0,0,1,1,6,6,1,32,6,2143,2,9,MERCEDES C CLASS,1,E01015795,0,-1
2021421029528,2021,421029528,2,9,0,18,19,7,3,0,0,1,0,0,0,0,1,1,5,6,1,40,7,2143,2,10,MERCEDES C CLASS,9,E01022099,0,-1
2021421126289,2021,421126289,2,9,0,10,10,3,7,0,0,8,0,0,0,0,3,1,5,6,1,48,8,1796,1,13,MERCEDES C CLASS,6,E01021460,0,-1
2021991059769,2021,991059769,1,9,0,18,19,3,7,0,0,0,0,0,0,0,1,1,5,6,1,26,6,1598,2,5,MERCEDES C CLASS,3,-1,0,-1
2021010314879,2021,010314879,1,9,0,5,5,1,5,0,0,5,0,0,0,0,1,1,6,6,1,71,10,1598,2,5,MERCEDES C CLASS,-1,-1,0,-1
2021061119952,2021,061119952,3,9,0,7,7,7,1,0,0,6,0,0,0,0,1,1,6,6,2,42,7,1796,1,16,MERCEDES C CLASS,2,E01005980,0,-1
2021052100429,2021,052100429,2,9,0,18,19,1,5,0,0,8,0,0,0,0,4,1,6,6,1,29,6,2148,2,12,MERCEDES C CLASS,5,E01007235,0,-1
2021520201115,2021,520201115,1,9,0,18,19,2,6,0,0,0,0,0,0,0,0,1,6,6,1,79,11,2148,2,17,MERCEDES C CLASS,7,E01020075,0,-1
2021138451612,2021,138451612,3,9,0,18,19,7,3,0,0,1,0,0,0,0,1,1,6,6,1,-1,-1,2148,2,12,MERCEDES C CLASS,-1,-1,0,-1
2021010315555,2021,010315555,2,9,0,3,3,3,7,0,0,1,0,0,0,0,3,1,6,6,2,54,8,2143,2,7,MERCEDES C CLASS,-1,-1,0,-1
2021371020053,2021,371020053,1,9,0,13,13,1,5,0,0,0,0,0,0,0,1,1,5,6,1,42,7,2143,2,9,MERCEDES C CLASS,7,E01030125,0,-1
2021351030767,2021,351030767,1,9,0,9,9,1,5,0,0,8,0,0,0,0,1,1,1,1,1,45,7,2143,12,6,MERCEDES C CLASS,3,E01017971,0,-1
2021010333380,2021,010333380,2,9,0,99,99,9,9,99,99,1,9,99,9,99,9,9,6,6,3,-1,-1,2143,2,4,MERCEDES C CLASS,1,E01002026,0,-1
2021320094271,2021,320094271,1,9,0,9,9,7,5,0,0,6,0,0,0,0,3,1,2,2,1,33,6,2143,12,6,MERCEDES C CLASS,8,E01026400,0,-1
2021522200967,2021,522200967,1,8,0,18,19,3,7,0,0,8,0,0,0,0,1,1,6,6,1,24,5,2143,2,6,MERCEDES C CLASS,2,E01014683,0,-1
2021010318960,2021,010318960,1,9,0,99,99,9,9,99,99,0,9,99,9,99,9,1,6,6,2,50,8,2143,2,4,MERCEDES C CLASS,5,E01033741,0,-1
2021041086022,2021,041086022,1,9,0,18,19,1,5,0,0,8,0,0,0,0,4,1,5,6,1,22,5,2148,2,13,MERCEDES C CLASS,2,E01025173,0,-1
2021010305153,2021,010305153,2,9,0,18,19,7,3,0,0,1,0,0,0,0,2,1,6,6,1,26,6,2148,2,13,MERCEDES C CLASS,-1,-1,0,-1
2021451029436,2021,451029436,1,9,0,18,19,3,7,0,0,1,0,0,0,0,1,1,5,6,2,31,6,1991,8,5,MERCEDES C CLASS,6,E01002609,0,-1
2021131038549,2021,131038549,2,9,0,18,19,7,3,0,0,0,0,0,0,0,2,1,2,2,2,29,6,1497,1,2,MERCEDES C CLASS,1,E01011466,0,-1
2021010305778,2021,010305778,1,9,0,18,19,1,5,0,0,1,0,0,0,0,1,1,1,1,1,27,6,2143,2,5,MERCEDES C CLASS,5,E01001524,0,-1
2021461069228,2021,461069228,2,9,0,2,2,4,4,0,0,0,0,0,0,0,2,1,5,6,3,-1,-1,1998,1,18,MERCEDES C CLASS,-1,-1,0,-1
2021010321739,2021,010321739,2,9,0,99,99,9,9,99,99,4,9,99,9,99,1,9,6,6,3,54,8,1991,1,7,MERCEDES C CLASS,4,E01000066,0,-1
2021320251421,2021,320251421,2,9,0,4,4,6,2,0,0,0,0,0,0,0,2,1,2,2,1,29,6,2685,2,18,MERCEDES C CLASS,2,E01026011,0,-1
2021421075053,2021,421075053,2,9,0,4,4,5,5,0,0,0,0,0,0,0,2,1,6,6,1,47,8,2143,12,5,MERCEDES C CLASS,7,E01001642,0,-1
2021010330478,2021,010330478,2,9,0,18,19,7,3,0,0,0,0,0,0,0,1,1,6,6,2,51,8,2143,2,5,MERCEDES C CLASS,2,E01003324,0,-1
2021201118346,2021,201118346,3,9,0,2,2,0,0,0,0,0,0,0,0,0,1,1,6,6,1,-1,-1,1950,2,2,MERCEDES C CLASS,-1,-1,0,-1
2021010339526,2021,010339526,1,9,0,99,99,9,9,99,99,2,9,99,9,99,9,9,6,6,1,50,8,1991,1,7,MERCEDES C CLASS,2,E01001161,0,-1
2021131068173,2021,131068173,2,9,0,18,19,2,2,0,0,0,0,0,0,0,2,1,5,6,1,35,6,2143,2,6,MERCEDES C CLASS,3,E01011242,0,-1
2021991045802,2021,991045802,1,9,0,2,2,0,0,0,0,0,0,4,0,0,2,1,5,6,1,63,9,2143,2,6,MERCEDES C CLASS,2,-1,0,-1
2021440416084,2021,440416084,1,9,0,4,4,1,5,0,0,1,0,0,0,0,2,1,6,6,1,33,6,2987,2,10,MERCEDES C CLASS,8,E01017215,0,-1
2021622100867,2021,622100867,1,9,0,18,19,6,2,0,0,8,0,0,0,0,1,1,6,6,1,62,9,1950,2,2,MERCEDES C CLASS,3,W01000897,0,-1
2021351062052,2021,351062052,1,9,0,18,19,3,7,0,0,0,0,0,0,0,3,1,5,6,2,35,6,2148,2,13,MERCEDES C CLASS,7,E01018243,0,-1
2021520200314,2021,520200314,3,9,0,18,19,8,4,0,0,0,0,0,0,0,1,1,6,6,1,23,5,2149,2,13,MERCEDES C CLASS,6,E01029316,0,-1
2021141041755,2021,141041755,2,9,0,9,9,7,5,0,0,6,0,0,0,0,1,1,5,6,1,52,8,2143,2,5,MERCEDES C CLASS,9,E01007802,0,-1
2021010338848,2021,010338848,2,9,0,18,19,3,7,0,0,2,0,0,0,0,1,1,6,6,1,30,6,2143,2,4,MERCEDES C CLASS,3,E01000114,0,-1
2021461187412,2021,461187412,1,9,0,9,9,1,6,0,0,8,0,0,0,0,1,1,6,6,1,22,5,2143,2,9,MERCEDES C CLASS,8,E01024354,0,-1
202134WNC0651,2021,34WNC0651,1,9,0,18,19,1,5,0,0,0,0,0,0,0,1,1,1,1,2,41,7,2143,2,6,MERCEDES C CLASS,8,E01027209,0,-1
2021010307976,2021,010307976,2,9,0,99,99,9,9,99,99,9,9,99,9,99,1,9,6,6,3,31,6,1796,1,13,MERCEDES C CLASS,2,E01001755,0,-1
2021010356183,2021,010356183,2,9,0,99,99,9,9,99,99,9,9,99,9,99,1,9,6,6,3,-1,-1,2143,2,9,MERCEDES C CLASS,-1,-1,0,-1
2021461032188,2021,461032188,2,9,0,2,2,0,0,0,0,0,0,0,0,0,3,1,6,6,3,-1,-1,2143,2,6,MERCEDES C CLASS,-1,-1,0,-1
2021161063438,2021,161063438,2,9,0,18,19,4,8,0,0,1,0,0,0,0,1,1,5,6,1,69,10,1991,1,4,MERCEDES C CLASS,7,E01012969,0,-1
2021201020184,2021,201020184,1,9,0,18,19,8,4,0,0,2,0,0,0,0,1,1,2,2,2,27,6,2143,2,4,MERCEDES C CLASS,2,E01009383,0,-1
2021131042993,2021,131042993,3,9,0,18,19,1,5,0,0,0,1,0,0,0,1,1,5,6,1,28,6,2143,2,10,MERCEDES C CLASS,1,E01012039,0,-1
2021010319811,2021,010319811,3,9,0,99,99,9,9,99,99,9,9,99,9,99,0,9,6,6,3,-1,-1,1497,8,1,MERCEDES C CLASS,-1,-1,0,-1
2021451057550,2021,451057550,2,9,0,18,19,1,5,0,0,2,0,0,0,0,2,1,6,6,1,42,7,2143,2,4,MERCEDES C CLASS,10,E01022876,0,-1
202134WNC4581,2021,34WNC4581,1,9,0,6,6,3,7,0,0,8,0,0,7,0,3,1,6,6,1,28,6,2148,2,19,MERCEDES C CLASS,1,E01027195,0,-1
2021010326031,2021,010326031,1,9,0,9,9,6,5,0,0,1,0,0,0,0,2,1,6,6,2,62,9,2143,2,6,MERCEDES C CLASS,4,E01002873,0,-1
2021622100446,2021,622100446,1,9,0,4,4,7,3,0,0,1,0,0,0,0,1,1,6,6,1,29,6,2143,2,7,MERCEDES C CLASS,8,E01014509,0,-1
2021201071042,2021,201071042,1,9,0,10,10,6,4,0,0,1,0,0,0,0,4,1,6,6,2,58,9,1497,8,1,MERCEDES C CLASS,6,E01010200,0,-1
2021010312325,2021,010312325,1,9,0,5,5,0,3,0,0,6,0,0,0,0,1,1,1,1,1,22,5,1796,1,17,MERCEDES C CLASS,2,E01002049,0,-1
2021520100487,2021,520100487,2,9,0,18,19,5,1,0,0,8,0,0,0,0,4,1,1,1,1,34,6,2143,2,10,MERCEDES C CLASS,3,E01029096,0,-1
2021061044015,2021,061044015,1,9,0,18,19,6,2,0,0,1,0,0,0,0,1,1,6,6,3,30,6,2148,2,13,MERCEDES C CLASS,-1,-1,0,-1
2021461092801,2021,461092801,1,9,0,5,5,5,1,0,0,1,0,0,0,0,3,1,6,6,2,27,6,2143,2,10,MERCEDES C CLASS,2,E01024627,0,-1
2021010333473,2021,010333473,1,9,0,7,7,1,3,0,0,0,0,4,0,0,1,1,6,6,1,87,11,2143,2,7,MERCEDES C CLASS,9,E01002225,0,-1
2021141115931,2021,141115931,1,9,0,18,19,7,3,0,0,2,0,0,0,0,1,1,5,6,1,58,9,2148,2,13,MERCEDES C CLASS,7,E01007778,0,-1
2021131089137,2021,131089137,2,9,0,2,2,0,0,0,0,2,0,0,0,0,1,1,6,6,3,-1,-1,2143,2,6,MERCEDES C CLASS,-1,-1,0,-1
2021471094773,2021,471094773,2,9,0,16,19,8,3,0,0,0,0,0,0,0,1,1,5,6,2,63,9,2143,2,11,MERCEDES C CLASS,7,E01021212,0,-1
2021131059943,2021,131059943,1,9,0,4,4,1,1,0,0,8,0,0,0,0,2,1,5,6,2,49,8,1796,1,16,MERCEDES C CLASS,5,E01011356,0,-1
2021010330536,2021,010330536,2,9,0,18,19,7,3,0,0,0,0,0,0,0,1,1,6,6,3,-1,-1,2143,2,10,MERCEDES C CLASS,-1,-1,0,-1
2021471090801,2021,471090801,3,19,0,9,9,6,4,0,0,6,0,0,0,0,0,1,1,1,1,48,8,1461,2,2,-1,-1,-1,0,-1
202131B123221,2021,31B123221,1,9,0,16,19,4,6,0,0,0,1,0,0,0,3,1,6,6,1,-1,-1,2143,2,4,MERCEDES C CLASS,8,E01028351,0,-1
2021010309609,2021,010309609,2,9,0,18,19,5,1,0,0,1,0,0,0,0,1,1,6,6,2,63,9,2143,2,4,MERCEDES C CLASS,10,E01030606,0,-1
2021010345737,2021,010345737,1,9,0,18,19,4,8,0,0,0,0,0,0,0,1,1,3,7,2,38,7,1796,1,15,MERCEDES C CLASS,10,E01000449,0,-1
2021471096187,2021,471096187,1,9,0,9,9,3,8,0,0,4,0,0,0,0,1,1,2,2,1,38,7,2143,2,7,MERCEDES C CLASS,4,E01020973,0,-1
2021010349437,2021,010349437,1,9,0,99,99,9,9,99,99,9,9,99,9,99,2,9,6,6,2,52,8,1597,1,12,MERCEDES C CLASS,4,E01002718,0,-1
2021010332007,2021,010332007,2,9,0,99,99,9,9,99,99,9,9,99,9,99,1,9,6,6,3,-1,-1,1991,1,5,MERCEDES C CLASS,5,E01003217,0,-1
202131B152321,2021,31B152321,1,9,0,18,19,4,8,0,0,1,0,0,0,0,1,1,6,6,3,-1,-1,1796,1,18,MERCEDES C CLASS,-1,-1,0,-1
2021131056205,2021,131056205,1,9,0,16,19,2,6,0,0,1,1,0,1,0,3,1,5,6,1,22,5,1998,1,20,MERCEDES C CLASS,3,E01010980,0,-1
2021010339265,2021,010339265,2,9,0,99,99,9,9,99,99,9,9,99,9,99,9,9,6,6,3,36,7,1991,1,6,MERCEDES C CLASS,8,E01015805,0,-1
2021411104694,2021,411104694,2,9,0,2,2,2,6,0,0,0,0,0,0,0,2,1,2,2,1,39,7,1796,1,16,MERCEDES C CLASS,10,E01017768,0,-1
2021302102028,2021,302102028,3,9,0,18,19,4,8,0,0,1,0,0,0,0,1,1,6,6,1,38,7,2143,2,12,MERCEDES C CLASS,2,E01013504,0,-1
2021161074463,2021,161074463,1,9,0,18,19,6,2,0,0,8,0,0,0,0,4,1,6,6,1,63,9,2143,2,9,MERCEDES C CLASS,7,E01013007,0,-1
2021010310535,2021,010310535,2,9,0,3,3,5,1,0,0,1,0,4,0,0,2,1,6,6,2,41,7,2143,2,7,MERCEDES C CLASS,6,E01000324,0,-1
2021131098691,2021,131098691,2,9,0,7,7,5,1,0,0,8,0,0,0,0,4,1,2,2,1,54,8,2143,2,6,MERCEDES C CLASS,6,E01011425,0,-1
2021991121013,2021,991121013,1,9,0,18,19,1,5,0,0,0,0,0,0,0,3,1,6,6,3,17,4,1497,1,2,MERCEDES C CLASS,-1,-1,0,-1
2021451029563,2021,451029563,2,9,0,4,4,7,3,0,0,0,0,0,0,0,2,1,1,1,1,57,9,2143,2,10,MERCEDES C CLASS,9,E01030488,0,-1
2021421074160,2021,421074160,2,9,0,12,12,8,2,0,0,3,0,0,0,0,4,1,3,7,2,21,5,2143,2,4,MERCEDES C CLASS,2,E01021488,0,-1
2021010321604,2021,010321604,2,9,9,5,5,0,5,0,0,1,9,0,0,0,4,9,6,6,1,31,6,1950,2,2,MERCEDES C CLASS,10,E01030316,0,-1
2021010317863,2021,010317863,2,9,0,17,19,1,5,0,0,3,0,0,0,0,2,1,6,6,2,31,6,1598,2,5,MERCEDES C CLASS,10,E01024424,0,-1
2021010300957,2021,010300957,1,9,0,99,99,9,9,99,99,9,9,99,9,99,2,9,6,6,2,32,6,2143,2,6,MERCEDES C CLASS,1,E01000153,0,-1
2021010356497,2021,010356497,3,9,0,99,99,9,9,0,0,9,0,0,0,0,9,9,6,6,3,-1,-1,2987,2,11,MERCEDES C CLASS,-1,-1,0,-1
2021440480478,2021,440480478,2,9,0,18,19,4,8,0,0,0,1,0,0,0,3,1,2,2,1,56,9,2996,1,14,MERCEDES C CLASS,-1,-1,0,-1
2021471122342,2021,471122342,1,9,0,18,19,6,2,0,0,0,1,0,0,0,1,1,6,6,1,-1,-1,2987,2,8,MERCEDES C CLASS,-1,-1,0,-1
2021501090325,2021,501090325,1,9,0,9,9,1,7,0,0,6,0,0,0,0,1,1,6,6,1,66,10,1991,8,5,MERCEDES C CLASS,5,E01018921,0,-1
2021010308166,2021,010308166,2,9,0,99,99,9,9,0,0,1,9,99,9,99,9,9,6,6,1,-1,-1,1991,1,3,MERCEDES C CLASS,-1,-1,0,-1
2021231069019,2021,231069019,2,9,0,4,4,5,1,0,0,0,0,0,0,0,2,1,6,6,2,59,9,2148,2,19,MERCEDES C CLASS,5,E01031242,0,-1
2021461037009,2021,461037009,1,9,0,9,9,5,3,0,0,1,0,0,0,0,4,1,6,6,2,27,6,2148,2,18,MERCEDES C CLASS,5,E01024138,0,-1
2021010329098,2021,010329098,1,9,0,99,99,9,9,99,99,9,9,99,9,99,9,9,6,6,1,35,6,2597,1,19,MERCEDES C CLASS,2,E01001726,0,-1
2021111075046,2021,111075046,1,9,0,4,4,2,6,0,0,0,0,0,0,0,1,1,5,6,1,27,6,2987,2,8,MERCEDES C CLASS,6,E01020822,0,-1
2021440176454,2021,440176454,2,9,0,3,3,6,2,0,0,0,0,0,0,0,2,1,6,6,1,37,7,1796,1,13,MERCEDES C CLASS,9,E01022857,0,-1
2021061125303,2021,061125303,1,9,0,18,19,4,8,0,0,1,0,0,0,0,1,1,6,6,1,30,6,2143,12,6,MERCEDES C CLASS,1,E01005723,0,-1
2021421109009,2021,421109009,1,9,0,6,6,8,8,0,0,0,0,0,0,0,3,1,6,6,2,30,6,1497,8,1,MERCEDES C CLASS,10,E01015890,0,-1
2021010289229,2021,010289229,1,9,0,9,9,4,1,0,0,8,0,0,0,0,3,1,6,6,1,58,9,1595,1,7,MERCEDES C CLASS,2,E01000905,0,-1
2021461120815,2021,461120815,2,9,0,18,19,4,8,0,0,1,0,0,0,0,1,1,5,6,2,43,7,2143,2,12,MERCEDES C CLASS,3,E01024392,0,-1
2021201032880,2021,201032880,2,9,0,4,4,2,6,0,0,8,0,0,0,0,3,1,1,1,1,38,7,2148,2,16,MERCEDES C CLASS,1,E01009952,0,-1
2021201031681,2021,201031681,1,9,0,18,19,-1,-1,0,0,0,0,0,0,0,1,1,6,6,3,-1,-1,1497,1,1,MERCEDES C CLASS,-1,-1,0,-1
2021552101088,2021,552101088,3,9,0,18,19,2,6,0,0,0,5,0,2,10,4,1,1,1,1,39,7,9999,2,8,MERCEDES C CLASS,-1,-1,0,-1
2021052101060,2021,052101060,1,9,0,18,19,1,5,0,0,0,0,0,0,0,1,1,6,6,1,35,6,3982,1,4,MERCEDES C CLASS,3,E01007058,0,-1
2021061078366,2021,061078366,2,9,0,4,4,7,3,0,0,1,0,0,0,0,2,1,6,6,1,28,6,2143,2,6,MERCEDES C CLASS,9,E01006300,0,-1
2021430168339,2021,430168339,1,9,0,18,19,4,8,0,0,8,0,0,0,0,3,1,6,6,1,67,10,1796,1,15,MERCEDES C CLASS,3,E01002407,0,-1