collision_index,collision_year,collision_ref_no,vehicle_reference,vehicle_type,towing_and_articulation,vehicle_manoeuvre_historic,vehicle_manoeuvre,vehicle_direction_from,vehicle_direction_to,vehicle_location_restricted_lane_historic,vehicle_location_restricted_lane,junction_location,skidding_and_overturning,hit_object_in_carriageway,vehicle_leaving_carriageway,hit_object_off_carriageway,first_point_of_impact,vehicle_left_hand_drive,journey_purpose_of_driver_historic,journey_purpose_of_driver,sex_of_driver,age_of_driver,age_band_of_driver,engine_capacity_cc,propulsion_code,age_of_vehicle,generic_make_model,driver_imd_decile,lsoa_of_driver,escooter_flag,driver_distance_banding
2021052101734,2021,052101734,1,9,0,9,9,1,7,0,0,2,1,0,4,2,1,1,6,6,1,30,6,2143,2,7,MERCEDES C CLASS,1,E01006549,0,-1
2021371061690,2021,371061690,1,9,0,17,19,4,1,0,0,2,0,0,0,0,1,1,6,6,2,22,5,2143,2,7,MERCEDES C CLASS,5,E01029960,0,-1
2021010325800,2021,010325800,1,9,0,18,19,5,1,0,0,1,0,0,0,0,1,1,6,6,1,38,7,2143,2,4,MERCEDES C CLASS,-1,-1,0,-1
2021320618983,2021,320618983,1,9,0,1,1,1,5,0,0,1,0,0,0,0,2,1,6,6,2,32,6,2148,2,15,MERCEDES C CLASS,3,E01026036,0,-1
2021070584557,2021,070584557,2,9,0,18,19,3,7,0,0,0,0,0,0,0,2,1,6,6,1,30,6,2148,2,13,MERCEDES C CLASS,3,E01005702,0,-1
2021141069396,2021,141069396,2,9,0,3,3,5,1,0,0,0,0,0,0,0,2,1,6,6,1,42,7,2143,2,6,MERCEDES C CLASS,3,E01019420,0,-1
2021131057317,2021,131057317,5,9,0,3,3,5,1,0,0,0,0,0,0,0,2,1,5,6,1,74,10,1796,1,15,MERCEDES C CLASS,8,E01023639,0,-1
2021141036466,2021,141036466,5,9,0,18,19,1,5,0,0,0,0,0,0,0,1,1,1,1,1,28,6,2143,2,7,MERCEDES C CLASS,9,-1,0,-1
2021430560591,2021,430560591,1,9,0,9,9,6,4,0,0,8,0,0,0,0,3,1,6,6,1,75,10,2143,2,6,MERCEDES C CLASS,7,E01028438,0,-1
2021010300947,2021,010300947,2,9,0,9,9,5,3,0,0,8,0,0,0,0,3,1,6,6,1,43,7,2987,2,11,MERCEDES C CLASS,7,E01020436,0,-1
2021201086965,2021,201086965,2,9,0,15,15,4,8,0,0,1,0,0,0,0,1,1,2,2,2,23,5,1595,1,7,MERCEDES C CLASS,2,E01010091,0,-1
2021471030027,2021,471030027,1,9,0,18,19,7,2,0,0,1,0,0,0,0,1,1,6,6,1,-1,-1,1796,1,17,MERCEDES C CLASS,-1,-1,0,-1
2021052101419,2021,052101419,3,9,0,18,19,6,2,0,0,0,0,0,0,0,0,1,6,6,1,29,6,2143,2,9,MERCEDES C CLASS,8,E01006232,0,-1
2021010308537,2021,010308537,2,9,0,18,19,5,1,0,0,0,0,0,0,0,2,1,6,6,1,24,5,1796,1,18,MERCEDES C CLASS,2,E01001485,0,-1
2021991091222,2021,991091222,2,9,0,7,7,7,7,0,0,2,0,0,0,0,3,1,5,6,2,70,10,2143,2,5,MERCEDES C CLASS,-1,-1,0,-1
2021010313942,2021,010313942,2,9,0,3,3,7,3,0,0,1,0,0,0,0,2,1,6,6,1,-1,-1,2143,2,9,MERCEDES C CLASS,-1,-1,0,-1
2021221118157,2021,221118157,1,9,0,18,19,5,1,0,0,0,0,0,0,0,1,1,5,6,1,82,11,1595,1,7,MERCEDES C CLASS,9,E01028985,0,-1
2021221071834,2021,221071834,1,9,0,13,13,4,8,0,0,0,0,0,1,0,1,1,5,6,1,33,6,1991,1,7,MERCEDES C CLASS,2,E01009953,0,-1
2021010291141,2021,010291141,1,9,0,9,9,1,6,0,0,8,0,0,0,0,4,1,6,6,1,32,6,2143,2,7,MERCEDES C CLASS,3,E01001856,0,-1
2021010324578,2021,010324578,3,9,0,2,2,0,0,0,0,0,0,4,0,0,2,1,6,6,3,-1,-1,2996,1,13,MERCEDES C CLASS,-1,-1,0,-1
2021131042896,2021,131042896,2,9,0,18,19,1,1,0,0,8,0,0,0,0,3,1,6,6,2,56,9,1950,2,0,MERCEDES C CLASS,10,E01011526,0,-1
2021010333549,2021,010333549,2,9,0,99,99,9,9,99,99,9,9,99,9,99,9,9,6,6,1,-1,-1,1595,1,9,MERCEDES C CLASS,1,E01000868,0,-1
2021552101231,2021,552101231,1,9,0,18,19,7,3,0,0,0,0,0,0,0,1,1,6,6,3,-1,-1,2148,2,19,MERCEDES C CLASS,-1,-1,0,-1
2021401095119,2021,401095119,1,9,0,18,19,8,4,0,0,2,0,0,0,0,1,1,5,6,1,75,10,2143,2,9,MERCEDES C CLASS,9,E01033188,0,-1
2021061037230,2021,061037230,1,9,0,9,9,3,1,0,0,1,0,0,0,0,2,1,5,6,1,31,6,2143,2,10,MERCEDES C CLASS,5,E01005899,0,-1
2021430139476,2021,430139476,1,9,0,7,7,2,4,0,0,5,2,0,0,0,1,1,6,6,1,48,8,2987,2,12,MERCEDES C CLASS,3,E01017711,0,-1
2021010335244,2021,010335244,1,9,0,99,99,9,9,99,99,0,9,99,9,99,9,9,6,6,1,24,5,1991,2,5,MERCEDES C CLASS,6,E01003386,0,-1
2021010324856,2021,010324856,1,9,0,18,19,1,5,0,0,1,0,0,0,0,1,1,6,6,1,20,4,2143,2,7,MERCEDES C CLASS,1,E01004199,0,-1
2021101118594,2021,101118594,1,9,0,18,19,4,2,0,0,0,0,0,0,0,3,1,2,2,1,31,6,2143,2,7,MERCEDES C CLASS,1,E01008438,0,-1
2021440058179,2021,440058179,1,9,0,18,19,1,5,0,0,0,1,0,1,0,3,1,2,2,1,41,7,2143,2,7,MERCEDES C CLASS,8,E01017817,0,-1
2021010299755,2021,010299755,2,9,0,9,9,3,8,0,0,8,0,0,0,0,1,1,6,6,1,27,6,2143,2,7,MERCEDES C CLASS,9,E01030672,0,-1
2021221121468,2021,221121468,1,9,0,16,19,5,8,0,0,0,1,0,1,4,1,1,5,6,1,32,6,1991,1,3,MERCEDES C CLASS,5,E01032295,0,-1
2021010322271,2021,010322271,2,9,0,99,99,9,9,99,99,9,9,99,9,99,9,9,6,6,3,29,6,1796,1,9,MERCEDES C CLASS,4,E01001085,0,-1
2021061024965,2021,061024965,1,9,0,18,19,3,7,0,0,0,1,0,2,0,1,1,6,6,1,23,5,2143,2,4,MERCEDES C CLASS,7,E01018336,0,-1
2021501021473,2021,501021473,1,9,0,18,19,3,7,0,0,0,1,11,0,0,1,1,5,6,2,35,6,2143,2,6,MERCEDES C CLASS,6,E01018826,0,-1
2021010318738,2021,010318738,1,9,0,99,99,9,9,99,99,9,9,99,9,99,2,9,6,6,1,31,6,6208,1,12,MERCEDES C CLASS,8,E01002382,0,-1
2021451061779,2021,451061779,1,19,0,10,10,1,5,0,0,0,0,0,0,0,2,1,1,1,1,26,6,1461,2,3,-1,-1,-1,0,-1
2021991119026,2021,991119026,2,9,0,18,19,4,7,0,0,1,0,0,0,0,1,1,5,6,1,35,6,1991,1,3,MERCEDES C CLASS,7,-1,0,-1
2021010330752,2021,010330752,1,9,9,99,99,9,9,99,99,9,9,99,9,99,9,9,1,1,1,39,7,2143,2,5,MERCEDES C CLASS,3,E01033583,0,-1
2021131109652,2021,131109652,1,9,0,18,19,6,4,0,0,1,0,0,0,0,1,1,5,6,1,69,10,2143,2,10,MERCEDES C CLASS,2,E01010718,0,-1
2021430322906,2021,430322906,2,9,0,17,19,8,5,0,0,0,0,0,0,0,1,1,6,6,1,21,5,2143,2,3,MERCEDES C CLASS,8,E01016217,0,-1
2021161093652,2021,161093652,1,9,0,17,19,5,2,0,0,0,1,0,8,7,2,1,2,2,1,25,5,1991,8,5,MERCEDES C CLASS,2,E01007636,0,-1
2021010310895,2021,010310895,1,9,0,18,19,3,7,0,0,1,0,0,0,0,1,1,6,6,1,32,6,2143,2,5,MERCEDES C CLASS,2,E01001433,0,-1
202134NNC6401,2021,34NNC6401,2,9,0,4,4,3,7,0,0,0,0,0,1,4,2,1,1,1,2,37,7,1597,1,12,MERCEDES C CLASS,-1,-1,0,-1
2021471031086,2021,471031086,1,9,0,18,19,1,5,0,0,1,0,0,0,0,1,1,6,6,1,-1,-1,1796,1,18,MERCEDES C CLASS,10,E01031635,0,-1
2021010318922,2021,010318922,2,9,0,99,99,9,9,99,99,9,9,99,9,99,2,9,6,6,3,-1,-1,1598,2,5,MERCEDES C CLASS,2,E01000040,0,-1
2021010315752,2021,010315752,1,9,0,99,99,9,9,99,99,9,9,99,9,99,2,9,6,6,2,37,7,2143,2,7,MERCEDES C CLASS,4,E01000029,0,-1
2021010335214,2021,010335214,2,9,9,99,99,9,9,99,99,9,9,99,9,99,9,9,6,6,1,39,7,1796,1,15,MERCEDES C CLASS,2,E01004219,0,-1
2021010305819,2021,010305819,1,9,0,99,99,9,9,99,99,9,9,99,9,99,1,9,6,6,3,47,8,2148,2,13,MERCEDES C CLASS,5,E01003638,0,-1
202134WNC7321,2021,34WNC7321,1,9,0,9,9,1,7,0,0,5,0,0,0,0,4,1,6,6,1,37,7,2143,2,10,MERCEDES C CLASS,2,E01027241,0,-1
2021010341225,2021,010341225,2,9,0,18,19,7,3,0,0,0,0,0,0,0,3,1,1,1,2,54,8,2996,1,13,MERCEDES C CLASS,8,E01002132,0,-1
2021131067834,2021,131067834,3,9,0,4,4,8,4,0,0,0,0,0,0,0,2,1,5,6,1,76,11,2987,2,14,MERCEDES C CLASS,8,E01011252,0,-1
2021461101373,2021,461101373,4,9,0,18,19,3,7,0,0,0,0,0,0,0,1,1,5,6,2,33,6,1950,2,1,MERCEDES C CLASS,6,E01024546,0,-1
2021070862856,2021,070862856,1,9,0,17,19,7,3,0,0,8,1,0,7,7,1,1,6,6,1,46,8,1796,1,14,MERCEDES C CLASS,10,E01006084,0,-1
2021430045797,2021,430045797,2,9,0,18,19,4,8,0,0,2,0,0,0,0,1,1,6,6,2,30,6,1796,1,9,MERCEDES C CLASS,-1,-1,0,-1
2021320366984,2021,320366984,1,9,0,18,19,5,1,0,0,3,0,0,0,0,1,1,6,6,1,75,10,1991,1,5,MERCEDES C CLASS,3,E01027977,0,-1
2021991094779,2021,991094779,2,9,0,18,19,2,6,0,0,0,0,0,0,0,2,1,2,2,1,59,9,2143,2,9,MERCEDES C CLASS,5,-1,0,-1
2021522103863,2021,522103863,5,9,0,18,19,5,1,0,0,0,0,0,0,0,2,1,6,6,2,48,8,2143,2,3,MERCEDES C CLASS,4,E01014401,0,-1
2021010309673,2021,010309673,1,9,0,17,19,5,3,0,0,6,0,0,0,0,1,1,2,2,2,51,8,2148,2,15,MERCEDES C CLASS,-1,-1,0,-1
2021141032637,2021,141032637,2,9,0,2,2,0,0,0,0,0,0,0,0,0,2,1,6,6,3,-1,-1,2143,2,7,MERCEDES C CLASS,-1,-1,0,-1
2021351150247,2021,351150247,2,9,0,13,13,5,1,6,6,0,0,0,8,0,1,1,5,6,1,37,7,2987,2,9,MERCEDES C CLASS,6,E01018045,0,-1
2021041083852,2021,041083852,2,9,0,3,3,7,3,0,0,1,0,0,0,0,2,1,5,6,1,66,10,1598,2,5,MERCEDES C CLASS,9,E01024994,0,-1
2021170S10221,2021,170S10221,1,9,0,18,19,5,1,5,5,0,0,0,8,5,1,1,6,6,1,24,5,2143,2,7,MERCEDES C CLASS,7,E01012269,0,-1
2021141114329,2021,141114329,1,9,0,14,14,2,6,0,0,0,0,0,0,0,1,1,2,2,1,43,7,2143,2,6,MERCEDES C CLASS,4,E01007704,0,-1
2021201057750,2021,201057750,2,9,0,18,19,1,6,0,0,8,0,10,8,11,1,1,6,6,2,50,8,2148,2,13,MERCEDES C CLASS,2,E01009890,0,-1
2021471052476,2021,471052476,1,9,0,18,19,2,6,0,0,8,0,0,0,0,1,1,6,6,3,-1,-1,3199,1,17,MERCEDES C CLASS,-1,-1,0,-1
2021201149530,2021,201149530,1,9,0,17,19,7,4,0,0,8,0,0,0,0,1,1,1,1,1,58,9,1991,8,4,MERCEDES C CLASS,3,E01009938,0,-1
2021052102775,2021,052102775,1,9,0,18,19,3,7,0,0,1,0,0,0,0,1,1,6,6,1,26,6,1991,1,7,MERCEDES C CLASS,9,E01007101,0,-1
2021131114767,2021,131114767,1,9,0,-1,-1,-1,-1,-1,-1,8,-1,-1,-1,0,-1,1,6,6,3,-1,-1,1799,1,26,MERCEDES C CLASS,-1,-1,0,-1
2021010334598,2021,010334598,2,9,0,99,99,9,9,99,99,9,9,99,9,99,2,9,6,6,3,-1,-1,1799,1,26,MERCEDES C CLASS,-1,-1,0,-1
2021302101017,2021,302101017,2,9,0,12,12,2,6,0,0,0,0,0,0,0,2,1,6,6,1,27,6,2143,2,5,MERCEDES C CLASS,2,E01029409,0,-1
202131C090221,2021,31C090221,1,9,0,7,7,2,4,0,0,5,0,0,0,0,4,1,1,1,1,30,6,2143,2,5,MERCEDES C CLASS,1,E01013962,0,-1
2021451101667,2021,451101667,1,9,0,18,19,7,3,0,0,0,0,0,0,0,3,1,2,2,1,58,9,1991,8,6,MERCEDES C CLASS,1,E01001080,0,-1
2021141109991,2021,141109991,2,9,0,9,9,4,8,0,0,8,0,0,0,0,3,1,5,6,1,59,9,1991,1,2,MERCEDES C CLASS,7,E01007827,0,-1
2021010346663,2021,010346663,2,9,0,10,10,1,7,0,0,1,0,0,0,0,2,1,6,6,1,35,6,1796,1,10,MERCEDES C CLASS,-1,-1,0,-1
2021201052201,2021,201052201,1,9,0,18,19,4,8,0,0,0,0,0,0,0,1,1,6,6,1,30,6,1796,1,17,MERCEDES C CLASS,10,E01010181,0,-1
2021010339931,2021,010339931,1,9,0,18,19,3,7,0,0,2,0,0,0,0,1,1,6,6,1,63,9,1796,1,9,MERCEDES C CLASS,1,E01003516,0,-1
2021010303525,2021,010303525,1,9,0,3,3,7,3,0,0,0,0,0,0,0,2,1,6,6,1,51,8,1991,8,4,MERCEDES C CLASS,2,E01003497,0,-1
2021461022183,2021,461022183,1,9,0,12,12,7,3,0,0,0,1,2,1,0,0,1,6,6,1,57,9,1991,1,5,MERCEDES C CLASS,4,E01024377,0,-1
2021201116031,2021,201116031,1,9,0,10,10,8,6,0,0,1,0,0,0,0,3,1,3,7,2,26,6,1597,1,12,MERCEDES C CLASS,1,E01009062,0,-1
2021061069729,2021,061069729,1,9,0,18,19,7,3,0,0,0,0,0,0,0,1,1,5,6,1,49,8,1991,1,7,MERCEDES C CLASS,2,E01005111,0,-1
2021010346646,2021,010346646,1,9,0,99,99,9,9,99,99,0,9,99,9,99,2,9,6,6,3,-1,-1,2148,2,18,MERCEDES C CLASS,-1,-1,0,-1
2021010310674,2021,010310674,2,9,0,99,99,9,9,99,99,0,9,99,9,99,9,9,6,6,1,34,6,1497,8,1,MERCEDES C CLASS,1,E01004541,0,-1
2021010288135,2021,010288135,2,9,0,99,99,9,9,99,99,9,9,99,9,99,9,9,6,6,3,-1,-1,2148,2,15,MERCEDES C CLASS,5,E01002399,0,-1
2021201084267,2021,201084267,2,9,0,17,19,7,4,0,0,0,0,0,1,9,1,1,6,6,2,46,8,2143,2,8,MERCEDES C CLASS,9,E01017649,0,-1
2021010312535,2021,010312535,1,9,0,5,5,0,1,0,0,6,0,0,0,0,1,1,6,6,1,67,10,1991,8,4,MERCEDES C CLASS,7,E01030851,0,-1
2021201121822,2021,201121822,1,9,0,18,19,6,2,0,0,2,0,0,0,0,1,1,6,6,1,22,5,1796,1,11,MERCEDES C CLASS,2,E01009018,0,-1
2021010316073,2021,010316073,2,9,0,99,99,9,9,99,99,9,9,99,9,99,1,9,6,6,3,-1,-1,2143,2,5,MERCEDES C CLASS,3,E01003575,0,-1
2021320744119,2021,320744119,1,9,0,9,9,7,4,0,0,6,0,0,3,9,3,1,6,6,1,26,6,2143,2,7,MERCEDES C CLASS,-1,-1,0,-1
2021010293296,2021,010293296,1,9,0,4,4,5,1,0,0,1,0,0,0,0,1,1,2,2,2,50,8,1796,1,18,MERCEDES C CLASS,8,E01000122,0,-1
2021231053967,2021,231053967,3,9,0,2,2,0,0,0,0,0,0,4,0,0,1,1,5,6,1,24,5,2143,2,8,MERCEDES C CLASS,-1,-1,0,-1
2021991035590,2021,991035590,1,9,0,18,19,2,6,9,9,6,1,0,1,0,1,1,6,6,1,29,6,2143,2,11,MERCEDES C CLASS,5,-1,0,-1
2021320261155,2021,320261155,2,9,0,18,19,7,3,0,0,1,0,0,0,0,1,1,6,6,2,51,8,2143,2,9,MERCEDES C CLASS,3,E01026311,0,-1
2021010326928,2021,010326928,2,9,0,2,2,0,0,0,0,0,0,0,0,0,2,1,6,6,3,-1,-1,1796,1,18,MERCEDES C CLASS,-1,-1,0,-1
2021440299814,2021,440299814,1,9,0,17,19,6,2,0,0,0,1,0,2,7,1,1,2,2,1,28,6,2143,2,9,MERCEDES C CLASS,8,E01023049,0,-1
2021031130950,2021,031130950,1,9,0,9,9,2,7,0,0,5,0,0,0,0,1,1,6,6,1,20,4,2143,2,7,MERCEDES C CLASS,7,E01019219,0,-1
2021052102861,2021,052102861,1,19,0,7,7,2,6,0,0,6,0,0,0,0,1,1,1,1,1,37,7,1461,2,7,-1,8,E01006684,0,-1
2021501065971,2021,501065971,1,9,0,18,19,5,1,0,0,2,0,0,0,0,4,1,3,7,1,48,8,2143,2,3,MERCEDES C CLASS,9,E01015110,0,-1
2021010302338,2021,010302338,1,9,0,9,9,7,5,0,0,8,0,0,0,0,1,1,2,2,2,58,9,1796,1,16,MERCEDES C CLASS,6,E01000486,0,-1
2021010322190,2021,010322190,1,9,0,18,19,6,2,0,0,1,0,0,0,0,1,1,6,6,1,30,6,1991,1,5,MERCEDES C CLASS,3,E01002084,0,-1
2021411043479,2021,411043479,1,9,0,18,19,1,5,0,0,8,0,0,0,0,3,1,6,6,1,35,6,1796,1,15,MERCEDES C CLASS,4,E01023395,0,-1
2021430215321,2021,430215321,2,9,0,18,19,3,7,0,0,1,0,0,0,0,2,1,3,7,2,45,7,2987,2,11,MERCEDES C CLASS,10,E01028661,0,-1
2021411025360,2021,411025360,3,9,0,18,19,3,7,0,0,8,0,0,7,1,4,1,6,6,3,-1,-1,1950,2,1,MERCEDES C CLASS,-1,-1,0,-1
2021401041738,2021,401041738,3,9,0,18,19,4,8,0,0,0,1,0,4,0,1,1,6,6,1,40,7,2148,2,15,MERCEDES C CLASS,2,E01027226,0,-1
2021161117440,2021,161117440,1,9,0,18,19,2,6,0,0,1,0,0,1,10,1,1,5,6,1,40,7,2987,2,12,MERCEDES C CLASS,6,E01013085,0,-1
2021991115209,2021,991115209,2,9,0,10,10,8,6,0,0,8,0,0,0,0,3,1,5,6,2,41,7,2148,2,16,MERCEDES C CLASS,2,-1,0,-1
2021010352567,2021,010352567,3,9,0,2,2,0,0,0,0,0,0,0,0,0,3,1,6,6,3,-1,-1,2143,2,3,MERCEDES C CLASS,-1,-1,0,-1
2021010296762,2021,010296762,1,9,0,9,9,5,2,1,1,1,0,0,0,0,1,1,2,2,1,70,10,2143,2,6,MERCEDES C CLASS,6,E01001496,0,-1
2021010325818,2021,010325818,3,9,0,18,19,1,5,0,0,0,0,0,0,0,1,1,6,6,2,63,9,1991,1,5,MERCEDES C CLASS,9,E01016572,0,-1
2021451086574,2021,451086574,1,9,0,18,19,1,3,0,0,1,0,0,0,0,1,1,5,6,1,25,5,1991,1,5,MERCEDES C CLASS,3,E01016442,0,-1
2021622100472,2021,622100472,1,9,0,18,19,6,2,0,0,0,0,0,0,0,2,1,6,6,1,28,6,2143,2,7,MERCEDES C CLASS,6,W01000974,0,-1
2021010334178,2021,010334178,2,9,0,3,3,5,1,0,0,0,0,0,0,0,2,1,6,6,1,58,9,2143,2,10,MERCEDES C CLASS,1,E01004257,0,-1
2021010298571,2021,010298571,2,9,0,4,4,1,5,0,0,1,0,0,0,0,2,1,3,7,2,51,8,1595,1,8,MERCEDES C CLASS,3,E01001117,0,-1
2021101019406,2021,101019406,2,9,0,18,19,3,7,0,0,0,0,0,0,0,2,1,1,1,1,37,7,2143,2,4,MERCEDES C CLASS,10,E01027468,0,-1
2021201131396,2021,201131396,1,9,0,18,19,8,4,0,0,0,0,0,0,0,1,1,6,6,1,30,6,2143,2,3,MERCEDES C CLASS,7,E01009318,0,-1
2021010297331,2021,010297331,1,9,0,18,19,7,3,0,0,8,0,0,0,0,3,1,6,6,2,39,7,1796,1,15,MERCEDES C CLASS,8,E01000885,0,-1
2021201028605,2021,201028605,1,9,0,18,19,5,1,0,0,8,0,0,0,0,1,1,6,6,2,36,7,2143,2,6,MERCEDES C CLASS,2,E01010158,0,-1
2021010351739,2021,010351739,2,9,0,9,9,4,1,0,0,8,0,0,0,0,1,1,6,6,1,32,6,2143,2,7,MERCEDES C CLASS,3,E01001338,0,-1
2021141069600,2021,141069600,1,9,0,3,3,7,3,0,0,8,0,0,0,0,2,1,5,6,1,45,7,2148,2,13,MERCEDES C CLASS,1,E01007450,0,-1
2021461069294,2021,461069294,2,9,0,5,5,2,6,0,0,8,0,0,0,0,3,1,6,6,1,34,6,2143,2,9,MERCEDES C CLASS,6,E01030862,0,-1
2021010325068,2021,010325068,2,9,0,7,7,1,3,0,0,5,0,0,0,0,3,1,6,6,1,27,6,1597,1,11,MERCEDES C CLASS,-1,-1,0,-1
2021522200313,2021,522200313,2,9,0,2,2,0,0,0,0,8,0,0,0,0,1,1,6,6,3,-1,-1,2148,2,13,MERCEDES C CLASS,-1,-1,0,-1
2021430325509,2021,430325509,2,9,0,7,7,6,8,0,0,6,0,0,0,0,1,1,6,6,2,-1,-1,2143,2,9,MERCEDES C CLASS,-1,-1,0,-1
2021061029765,2021,061029765,1,9,0,18,19,1,1,0,0,8,0,0,0,0,1,1,6,6,1,45,7,2143,2,12,MERCEDES C CLASS,-1,-1,0,-1
2021471052499,2021,471052499,1,9,0,18,19,8,4,0,0,1,1,0,1,0,1,1,5,6,1,20,4,2148,2,15,MERCEDES C CLASS,5,E01004646,0,-1
2021010339975,2021,010339975,2,9,0,99,99,9,9,99,99,9,9,99,9,99,9,9,6,6,3,-1,-1,2143,2,5,MERCEDES C CLASS,7,E01002962,0,-1
2021471096306,2021,471096306,2,9,0,18,19,2,6,0,0,1,0,0,0,0,1,1,5,6,2,45,7,2143,2,6,MERCEDES C CLASS,7,E01021146,0,-1
2021522201002,2021,522201002,1,9,0,18,19,6,2,0,0,0,0,0,0,0,2,1,6,6,2,37,7,1991,8,6,MERCEDES C CLASS,-1,-1,0,-1
2021041090246,2021,041090246,2,19,0,18,19,7,3,0,0,8,0,0,0,0,1,1,2,2,1,51,8,1461,2,2,-1,4,E01012651,0,-1
2021201150160,2021,201150160,1,9,0,18,19,4,8,0,0,8,0,0,0,0,1,1,6,6,1,65,9,1595,1,6,MERCEDES C CLASS,4,E01010457,0,-1
2021471080024,2021,471080024,2,9,0,4,4,3,7,0,0,0,0,0,0,0,2,1,5,6,1,29,6,2143,2,7,MERCEDES C CLASS,1,E01020978,0,-1
2021010316267,2021,010316267,1,9,0,9,9,1,7,0,0,5,0,0,0,0,1,1,6,6,2,35,6,2143,2,4,MERCEDES C CLASS,2,E01015844,0,-1
2021010340098,2021,010340098,2,9,0,99,99,9,9,99,99,9,9,99,9,99,2,9,6,6,3,-1,-1,1991,8,5,MERCEDES C CLASS,6,E01001662,0,-1
2021010338862,2021,010338862,2,9,0,18,19,5,1,0,0,0,0,0,0,0,3,1,6,6,1,55,8,1796,1,15,MERCEDES C CLASS,9,E01002134,0,-1
2021010336958,2021,010336958,1,9,0,99,99,9,9,0,0,9,0,0,0,0,2,1,6,6,1,-1,-1,1796,1,16,MERCEDES C CLASS,6,E01000924,0,-1
2021231021023,2021,231021023,1,9,0,18,19,3,7,0,0,0,0,0,1,10,1,1,5,6,1,51,8,2148,2,16,MERCEDES C CLASS,5,E01031186,0,-1
2021031077819,2021,031077819,2,9,0,4,4,7,3,0,0,2,0,0,0,0,2,1,6,6,1,57,9,2143,2,8,MERCEDES C CLASS,10,E01019241,0,-1
2021451015437,2021,451015437,3,9,0,4,4,8,4,0,0,1,0,0,0,0,0,1,3,7,2,39,7,1796,1,11,MERCEDES C CLASS,8,E01030994,0,-1
2021421103997,2021,421103997,1,9,0,18,19,3,7,0,0,3,0,0,0,0,1,1,5,6,1,20,4,2143,2,11,MERCEDES C CLASS,3,E01021312,0,-1
2021010347122,2021,010347122,1,9,0,10,10,8,6,0,0,1,0,0,0,0,4,1,6,6,2,31,6,1598,2,4,MERCEDES C CLASS,2,E01003125,0,-1
2021101117631,2021,101117631,2,9,0,18,19,3,7,0,0,2,0,0,0,0,3,1,5,6,2,35,6,1796,1,14,MERCEDES C CLASS,4,E01008597,0,-1
2021141091828,2021,141091828,1,9,0,18,19,1,4,0,0,0,0,0,0,0,1,1,6,6,3,-1,-1,2148,2,20,MERCEDES C CLASS,-1,-1,0,-1
2021010319124,2021,010319124,2,9,0,18,19,3,7,0,0,8,0,0,0,0,1,1,2,2,1,36,7,2143,2,9,MERCEDES C CLASS,7,E01004159,0,-1
2021010297676,2021,010297676,1,9,0,99,99,9,9,99,99,9,9,99,9,99,2,9,6,6,1,26,6,1796,1,10,MERCEDES C CLASS,2,E01004255,0,-1
2021010344888,2021,010344888,1,9,0,1,1,1,3,0,0,0,0,10,0,0,2,1,2,2,2,32,6,2143,2,6,MERCEDES C CLASS,5,E01000469,0,-1
2021010349534,2021,010349534,1,9,0,17,19,3,2,0,0,2,2,0,0,0,4,1,6,6,1,28,6,1991,8,3,MERCEDES C CLASS,3,E01000043,0,-1
2021101028084,2021,101028084,2,9,0,18,19,5,1,0,0,1,0,0,0,0,1,1,6,6,1,39,7,2143,2,5,MERCEDES C CLASS,2,E01008834,0,-1
2021201087937,2021,201087937,2,9,0,3,3,8,4,0,0,1,0,0,0,0,1,1,6,6,1,42,7,2148,2,13,MERCEDES C CLASS,6,E01010011,0,-1
2021061072709,2021,061072709,2,9,0,18,19,5,1,0,0,1,0,0,0,0,3,1,5,6,1,30,6,1950,2,2,MERCEDES C CLASS,1,E01006027,0,-1
2021501096915,2021,501096915,2,9,0,18,19,3,7,0,0,0,0,0,0,0,1,1,6,6,2,75,10,1950,2,0,MERCEDES C CLASS,10,E01016605,0,-1
2021421059743,2021,421059743,2,9,0,18,19,1,5,0,0,1,0,0,0,0,4,1,5,6,1,34,6,2143,12,6,MERCEDES C CLASS,8,E01015965,0,-1
2021010317584,2021,010317584,1,9,0,7,7,5,7,0,0,1,0,0,0,0,2,1,3,7,2,46,8,1991,8,4,MERCEDES C CLASS,3,E01004743,0,-1
2021010320161,2021,010320161,2,9,0,99,99,9,9,0,0,1,0,0,0,0,9,1,6,6,2,42,7,1796,1,18,MERCEDES C CLASS,2,E01032564,0,-1
2021061039510,2021,061039510,1,9,0,-1,-1,-1,-1,-1,-1,-1,-1,-1,-1,0,-1,1,6,6,1,35,6,2143,2,9,MERCEDES C CLASS,1,E01005196,0,-1
2021010333042,2021,010333042,2,9,0,99,99,9,9,0,0,8,0,0,0,0,1,9,6,6,2,70,10,1991,8,3,MERCEDES C CLASS,7,E01002883,0,-1