collision_index,collision_year,collision_ref_no,vehicle_reference,vehicle_type,towing_and_articulation,vehicle_manoeuvre_historic,vehicle_manoeuvre,vehicle_direction_from,vehicle_direction_to,vehicle_location_restricted_lane_historic,vehicle_location_restricted_lane,junction_location,skidding_and_overturning,hit_object_in_carriageway,vehicle_leaving_carriageway,hit_object_off_carriageway,first_point_of_impact,vehicle_left_hand_drive,journey_purpose_of_driver_historic,journey_purpose_of_driver,sex_of_driver,age_of_driver,age_band_of_driver,engine_capacity_cc,propulsion_code,age_of_vehicle,generic_make_model,driver_imd_decile,lsoa_of_driver,escooter_flag,driver_distance_banding
2021010343083,2021,010343083,2,9,0,5,5,2,6,0,0,2,0,0,0,0,2,1,6,6,1,31,6,1796,1,9,MERCEDES C CLASS,3,E01003520,0,-1
2021411023286,2021,411023286,2,9,0,2,2,0,0,6,6,0,0,0,0,0,2,1,6,6,3,-1,-1,2143,2,8,MERCEDES C CLASS,-1,-1,0,-1
2021010324846,2021,010324846,1,9,0,18,19,7,3,0,0,2,0,0,0,0,1,1,1,1,1,57,9,2143,2,4,MERCEDES C CLASS,5,E01022021,0,-1
2021010294245,2021,010294245,1,9,0,99,99,9,9,99,99,9,9,99,9,99,9,9,6,6,1,38,7,1598,2,5,MERCEDES C CLASS,1,E01032512,0,-1
2021201094548,2021,201094548,2,9,0,18,19,4,8,0,0,2,0,0,0,0,1,1,6,6,1,22,5,1950,2,2,MERCEDES C CLASS,1,E01009492,0,-1
2021451062414,2021,451062414,3,9,0,3,3,6,2,0,0,0,0,0,0,0,2,1,2,2,1,55,8,1799,1,23,MERCEDES C CLASS,10,E01022862,0,-1
2021010321923,2021,010321923,1,9,0,7,7,7,2,0,0,1,0,0,1,0,4,1,6,6,1,28,6,1796,1,17,MERCEDES C CLASS,2,E01001577,0,-1
2021010307924,2021,010307924,1,9,0,18,19,1,5,0,0,6,0,0,0,0,3,1,6,6,2,38,7,2143,2,9,MERCEDES C CLASS,3,E01000432,0,-1
2021440397808,2021,440397808,1,9,0,9,9,7,3,0,0,8,0,0,0,0,3,1,6,6,2,60,9,2685,2,18,MERCEDES C CLASS,10,E01022773,0,-1
2021221035492,2021,221035492,2,9,0,3,3,3,7,0,0,0,0,0,0,0,1,1,5,6,1,56,9,1991,8,0,MERCEDES C CLASS,5,E01014063,0,-1
2021070850608,2021,070850608,2,9,0,9,9,8,1,0,0,6,0,0,0,0,1,1,6,6,1,28,6,1998,1,20,MERCEDES C CLASS,1,E01018462,0,-1
2021552100454,2021,552100454,1,9,0,18,19,2,6,0,0,8,0,0,0,0,1,1,6,6,1,78,11,2149,2,14,MERCEDES C CLASS,-1,-1,0,-1
202134WNC6611,2021,34WNC6611,1,9,0,9,9,1,5,0,0,8,0,0,0,0,1,1,6,6,1,47,8,2143,2,4,MERCEDES C CLASS,9,E01027164,0,-1
2021411134794,2021,411134794,1,9,0,18,19,3,7,0,0,1,0,0,0,0,1,1,6,6,1,26,6,2143,2,6,MERCEDES C CLASS,3,E01023573,0,-1
2021061100581,2021,061100581,2,9,0,18,19,1,1,0,0,0,0,0,0,0,1,1,6,6,1,30,6,2143,2,8,MERCEDES C CLASS,-1,-1,0,-1
2021320585992,2021,320585992,1,9,0,18,19,8,4,0,0,0,0,0,0,0,1,1,6,6,1,23,5,2143,2,12,MERCEDES C CLASS,5,E01026745,0,-1
2021522102600,2021,522102600,2,9,0,18,19,5,1,0,0,0,0,0,0,0,3,1,6,6,1,42,7,1796,1,16,MERCEDES C CLASS,3,E01014730,0,-1
2021010332058,2021,010332058,2,9,0,3,3,5,1,0,0,0,1,4,0,0,2,1,6,6,1,48,8,1796,1,13,MERCEDES C CLASS,5,E01004354,0,-1
2021201061126,2021,201061126,1,9,0,18,19,4,8,0,0,0,0,0,0,0,1,1,2,2,1,29,6,2143,2,9,MERCEDES C CLASS,1,E01009503,0,-1
2021131117552,2021,131117552,1,9,0,18,19,1,5,0,0,0,0,0,0,0,1,2,5,6,1,25,5,2149,2,14,MERCEDES C CLASS,2,E01011324,0,-1
2021010333781,2021,010333781,2,9,0,18,19,1,5,0,0,1,0,0,0,0,4,2,6,6,1,18,4,2143,2,6,MERCEDES C CLASS,3,E01003439,0,-1
2021161103527,2021,161103527,1,9,0,9,9,6,4,0,0,6,0,0,0,0,1,1,5,6,2,56,9,1991,1,5,MERCEDES C CLASS,3,E01013198,0,-1
2021440010897,2021,440010897,2,9,0,4,4,2,6,0,0,1,0,0,0,0,2,1,6,6,2,36,7,2143,2,11,MERCEDES C CLASS,9,E01022920,0,-1
202134WNC4511,2021,34WNC4511,2,9,0,18,19,3,7,0,0,2,0,0,0,0,4,1,6,6,1,30,6,2143,2,5,MERCEDES C CLASS,5,E01027232,0,-1
2021221078531,2021,221078531,1,9,0,16,19,6,8,0,0,0,1,0,6,2,1,1,5,6,2,62,9,1991,8,5,MERCEDES C CLASS,9,E01032257,0,-1
2021141101731,2021,141101731,3,9,0,18,19,3,7,0,0,0,0,0,0,0,1,1,5,6,1,39,7,2143,2,4,MERCEDES C CLASS,6,E01025608,0,-1
2021010307536,2021,010307536,1,9,0,5,5,4,8,0,0,1,0,0,0,0,1,1,6,6,2,61,9,1796,1,15,MERCEDES C CLASS,9,E01004638,0,-1
2021501133832,2021,501133832,2,9,0,3,3,5,1,0,0,0,0,0,0,0,2,1,5,6,1,52,8,2148,2,16,MERCEDES C CLASS,10,E01020253,0,-1
2021131057317,2021,131057317,2,9,0,2,2,0,0,0,0,0,0,0,0,0,1,1,6,6,3,-1,-1,1796,1,10,MERCEDES C CLASS,-1,-1,0,-1
2021421058405,2021,421058405,1,9,0,8,8,1,3,0,0,0,0,0,0,0,1,1,5,6,2,38,7,1497,1,2,MERCEDES C CLASS,7,E01021540,0,-1
2021010319812,2021,010319812,2,9,0,99,99,9,9,99,99,9,9,99,9,99,1,9,6,6,1,43,7,2143,2,4,MERCEDES C CLASS,5,E01002302,0,-1
2021010293865,2021,010293865,1,9,0,9,9,7,4,0,0,2,0,0,0,0,1,1,6,6,2,79,11,2149,2,14,MERCEDES C CLASS,2,E01001482,0,-1
2021461022095,2021,461022095,1,9,0,18,19,1,5,0,0,0,0,0,0,0,0,1,6,6,1,44,7,2148,2,11,MERCEDES C CLASS,4,E01024027,0,-1
2021161074516,2021,161074516,1,9,0,9,9,2,8,0,0,0,0,0,0,0,1,1,5,6,2,43,7,2143,2,6,MERCEDES C CLASS,8,E01033107,0,-1
2021010319232,2021,010319232,1,9,0,99,99,9,9,99,99,9,9,99,9,99,9,9,6,6,1,35,6,2148,2,13,MERCEDES C CLASS,6,E01003429,0,-1
2021461076340,2021,461076340,2,9,0,17,19,1,7,0,0,6,0,0,0,0,3,1,5,6,1,69,10,2143,2,7,MERCEDES C CLASS,10,E01016132,0,-1
2021401066169,2021,401066169,2,9,0,18,19,1,5,0,0,4,0,0,0,0,4,1,6,6,1,26,6,2143,2,5,MERCEDES C CLASS,8,E01015745,0,-1
2021320719623,2021,320719623,1,9,0,18,19,8,4,0,0,0,1,4,7,0,1,1,6,6,1,52,8,2143,2,8,MERCEDES C CLASS,1,E01026073,0,-1
2021430183389,2021,430183389,2,9,0,10,10,1,7,0,0,1,0,0,0,0,3,1,6,6,1,25,5,2143,2,8,MERCEDES C CLASS,6,E01016832,0,-1
2021471088974,2021,471088974,1,9,0,13,13,2,6,0,0,1,0,0,0,0,1,1,5,6,1,63,9,2143,2,4,MERCEDES C CLASS,7,E01021032,0,-1
2021401040129,2021,401040129,1,9,0,9,9,-1,-1,0,0,3,0,12,0,0,4,1,6,6,1,72,10,1598,2,5,MERCEDES C CLASS,9,E01017614,0,-1
2021010291087,2021,010291087,1,9,0,99,99,9,9,99,99,9,9,99,9,99,2,9,6,6,1,58,9,2148,2,13,MERCEDES C CLASS,3,E01002044,0,-1
2021351107431,2021,351107431,1,9,0,9,9,3,4,0,0,0,0,0,0,0,3,1,2,2,1,38,7,1796,1,17,MERCEDES C CLASS,-1,-1,0,-1
2021010328533,2021,010328533,2,9,0,99,99,9,9,99,99,9,9,99,9,99,9,9,6,6,3,-1,-1,2143,2,6,MERCEDES C CLASS,-1,-1,0,-1
2021201102132,2021,201102132,1,9,0,18,19,4,8,0,0,0,0,0,1,0,1,1,6,6,1,51,8,2143,2,6,MERCEDES C CLASS,1,E01009475,0,-1
2021622100523,2021,622100523,2,9,0,18,19,8,4,0,0,0,0,0,0,0,2,1,6,6,2,69,10,2143,2,9,MERCEDES C CLASS,6,W01001305,0,-1
2021471101973,2021,471101973,1,9,0,5,5,1,4,0,0,2,0,0,0,0,3,1,5,6,1,75,10,2143,2,7,MERCEDES C CLASS,4,E01024510,0,-1
2021122100972,2021,122100972,2,9,0,18,19,1,5,0,0,0,0,0,1,4,2,1,6,6,1,25,5,2143,2,6,MERCEDES C CLASS,1,E01033470,0,-1
202163C032721,2021,63C032721,2,9,0,4,4,4,8,0,0,0,0,0,0,0,2,1,2,2,2,63,9,2143,2,6,MERCEDES C CLASS,5,W01001925,0,-1
2021161107962,2021,161107962,3,9,0,3,3,1,5,0,0,0,0,0,0,0,1,1,2,2,1,63,9,2143,2,8,MERCEDES C CLASS,9,E01013265,0,-1
2021471026198,2021,471026198,1,9,0,18,19,1,5,0,0,0,0,4,0,0,1,1,5,6,1,90,11,1796,1,18,MERCEDES C CLASS,9,E01016983,0,-1
2021010351926,2021,010351926,2,9,0,99,99,9,9,99,99,9,9,99,9,99,1,9,6,6,1,-1,-1,2143,2,7,MERCEDES C CLASS,3,E01001089,0,-1
2021520200910,2021,520200910,1,9,0,18,19,1,5,0,0,0,0,0,7,10,1,1,6,6,1,65,9,2143,2,7,MERCEDES C CLASS,6,E01029027,0,-1
202163C062721,2021,63C062721,2,9,0,18,19,6,2,0,0,8,0,0,0,0,4,1,1,1,2,44,7,1497,1,2,MERCEDES C CLASS,5,W01000621,0,-1
2021061070469,2021,061070469,2,9,0,11,11,7,3,0,0,8,0,0,0,0,4,1,6,6,3,30,6,2143,2,4,MERCEDES C CLASS,-1,-1,0,-1
2021010317217,2021,010317217,1,9,0,99,99,9,9,99,99,0,9,99,9,99,1,9,6,6,3,-1,-1,2143,2,5,MERCEDES C CLASS,2,E01032772,0,-1
2021010339556,2021,010339556,2,9,0,2,2,0,0,0,0,2,0,0,0,0,2,1,6,6,3,-1,-1,2143,2,7,MERCEDES C CLASS,-1,-1,0,-1
2021991092327,2021,991092327,2,9,0,18,19,8,4,0,0,8,0,0,0,0,3,1,5,6,1,61,9,2148,2,20,MERCEDES C CLASS,3,-1,0,-1
2021010307230,2021,010307230,2,9,0,7,7,1,3,0,0,6,0,0,0,0,1,1,6,6,3,-1,-1,2143,2,5,MERCEDES C CLASS,-1,-1,0,-1
2021041076772,2021,041076772,2,9,0,10,10,3,1,0,0,2,0,0,0,0,1,1,5,6,1,73,10,2148,2,14,MERCEDES C CLASS,10,E01025016,0,-1
2021351104637,2021,351104637,3,9,-1,4,4,4,8,0,0,0,0,0,0,0,2,1,6,6,2,34,6,1595,1,6,MERCEDES C CLASS,3,E01015619,0,-1
2021010307879,2021,010307879,2,9,0,4,4,4,8,0,0,1,0,0,0,0,2,1,6,6,1,36,7,6208,1,13,MERCEDES C CLASS,-1,-1,0,-1
2021201146972,2021,201146972,2,9,0,3,3,6,2,0,0,8,0,0,0,0,2,1,6,6,1,29,6,1796,1,13,MERCEDES C CLASS,1,E01009513,0,-1
2021440500811,2021,440500811,4,9,0,18,19,3,7,0,0,0,0,0,0,0,1,1,6,6,1,29,6,2148,2,17,MERCEDES C CLASS,2,E01017153,0,-1
2021010318497,2021,010318497,1,9,0,7,7,3,5,4,4,5,0,0,0,0,4,1,6,6,1,70,10,1595,1,9,MERCEDES C CLASS,6,E01004501,0,-1
2021010318485,2021,010318485,3,9,0,3,3,7,3,0,0,0,0,0,0,0,2,1,6,6,1,32,6,1796,1,9,MERCEDES C CLASS,1,E01002907,0,-1
2021161065394,2021,161065394,2,9,0,2,2,0,0,0,0,1,0,0,0,0,3,1,6,6,3,-1,-1,2143,2,6,MERCEDES C CLASS,-1,-1,0,-1
2021010314996,2021,010314996,1,9,0,99,99,9,9,99,99,9,9,99,9,99,9,9,2,2,2,60,9,1796,1,18,MERCEDES C CLASS,5,E01000240,0,-1
2021010346697,2021,010346697,1,9,0,11,11,5,1,0,0,8,0,0,0,0,4,1,6,6,1,52,8,2143,2,5,MERCEDES C CLASS,10,E01017757,0,-1
2021010315859,2021,010315859,1,9,0,18,19,5,1,0,0,1,0,0,0,0,1,1,2,2,1,32,6,2143,2,5,MERCEDES C CLASS,4,E01003781,0,-1
2021401022504,2021,401022504,1,9,0,18,19,3,7,0,0,1,0,0,0,0,1,1,2,2,1,44,7,2143,2,10,MERCEDES C CLASS,5,E01023533,0,-1
202134WNC7151,2021,34WNC7151,1,9,0,18,19,5,1,0,0,0,0,0,0,0,1,1,2,2,2,26,6,2143,2,6,MERCEDES C CLASS,7,E01027219,0,-1
2021010352296,2021,010352296,1,9,0,7,7,5,8,0,0,1,0,0,0,0,1,1,6,6,1,59,9,1796,1,15,MERCEDES C CLASS,4,E01001276,0,-1
2021010296443,2021,010296443,1,9,0,5,5,1,5,0,0,7,0,0,0,0,1,1,6,6,2,28,6,1796,1,15,MERCEDES C CLASS,9,E01001992,0,-1
2021451032123,2021,451032123,2,9,0,3,3,6,2,0,0,0,0,0,0,0,1,1,5,6,1,28,6,2143,2,9,MERCEDES C CLASS,3,E01032730,0,-1
2021421050594,2021,421050594,2,9,0,2,2,2,5,0,0,2,0,0,0,0,1,1,5,6,2,31,6,2143,2,9,MERCEDES C CLASS,4,E01021367,0,-1
2021461099489,2021,461099489,2,9,0,4,4,7,3,0,0,0,0,0,0,0,2,1,5,6,1,-1,-1,2143,2,9,MERCEDES C CLASS,-1,-1,0,-1
2021440023648,2021,440023648,2,9,0,18,19,8,4,0,0,1,0,0,0,0,1,1,2,2,2,37,7,2143,12,7,MERCEDES C CLASS,2,E01017265,0,-1
2021010337946,2021,010337946,1,9,0,3,3,7,3,0,0,1,0,0,0,0,2,1,6,6,1,22,5,1991,1,3,MERCEDES C CLASS,6,E01004360,0,-1
202131D173321,2021,31D173321,1,9,0,18,19,4,8,0,0,0,0,0,0,0,1,1,6,6,1,79,11,1796,1,16,MERCEDES C CLASS,8,E01028194,0,-1
2021010302431,2021,010302431,1,9,0,5,5,7,3,0,0,1,0,0,0,0,4,1,6,6,1,27,6,2143,2,5,MERCEDES C CLASS,4,E01002718,0,-1
2021522105103,2021,522105103,2,9,0,18,19,7,3,0,0,0,0,0,0,0,1,1,6,6,1,30,6,1595,1,8,MERCEDES C CLASS,-1,-1,0,-1
2021522102247,2021,522102247,1,9,0,9,9,8,5,0,0,8,0,0,0,0,1,1,6,6,1,35,6,1796,1,16,MERCEDES C CLASS,2,E01014640,0,-1
2021461105369,2021,461105369,2,9,0,18,19,8,4,0,0,0,0,0,0,0,4,1,6,6,1,29,6,2143,2,9,MERCEDES C CLASS,8,E01024057,0,-1
202134WNC4211,2021,34WNC4211,1,9,0,18,19,7,3,0,0,8,1,9,0,1,1,1,6,6,1,34,6,2143,2,8,MERCEDES C CLASS,8,E01027160,0,-1
2021421028641,2021,421028641,1,9,0,18,19,3,7,0,0,0,0,0,0,0,1,1,6,6,2,54,8,2143,2,4,MERCEDES C CLASS,8,E01021793,0,-1
2021451097748,2021,451097748,1,9,0,9,9,3,1,0,0,6,0,0,0,0,1,1,1,1,1,33,6,1991,8,5,MERCEDES C CLASS,3,E01003374,0,-1
2021010302836,2021,010302836,4,9,0,2,2,0,0,0,0,2,0,0,0,0,1,1,6,6,3,-1,-1,1950,2,2,MERCEDES C CLASS,-1,-1,0,-1
2021411092227,2021,411092227,2,9,0,4,4,-1,-1,0,0,0,0,0,0,0,2,1,6,6,2,40,7,1597,1,11,MERCEDES C CLASS,10,E01023894,0,-1
202131B024321,2021,31B024321,1,9,0,17,19,6,2,0,0,0,5,7,0,0,1,1,6,6,1,27,6,2143,2,8,MERCEDES C CLASS,7,E01028329,0,-1
2021010323860,2021,010323860,1,9,0,18,19,1,5,0,0,1,0,0,0,0,1,1,6,6,1,50,8,2143,2,7,MERCEDES C CLASS,2,E01000902,0,-1
202134NNC2061,2021,34NNC2061,1,9,0,4,4,7,3,0,0,1,0,0,0,0,1,1,2,2,1,34,6,2148,2,17,MERCEDES C CLASS,4,E01027007,0,-1
2021010310959,2021,010310959,1,9,0,7,7,1,4,9,9,5,0,10,3,11,1,1,6,6,1,16,4,1497,1,2,MERCEDES C CLASS,6,E01001070,0,-1
2021010322023,2021,010322023,2,9,0,99,99,9,9,99,99,9,9,99,9,99,9,9,6,6,2,28,6,1991,1,4,MERCEDES C CLASS,3,E01001188,0,-1
2021010319459,2021,010319459,2,9,9,99,99,9,9,99,99,0,9,99,9,99,9,9,6,6,3,-1,-1,1497,8,1,MERCEDES C CLASS,-1,-1,0,-1
2021221064280,2021,221064280,1,9,0,14,14,5,1,0,0,0,0,4,0,0,1,1,5,6,1,32,6,2148,2,13,MERCEDES C CLASS,4,E01029010,0,-1
2021010346099,2021,010346099,1,9,0,16,19,5,7,9,9,6,0,0,0,0,4,1,6,6,1,46,8,1796,1,11,MERCEDES C CLASS,-1,-1,0,-1
2021010306028,2021,010306028,1,9,0,99,99,9,9,99,99,9,9,99,9,99,9,9,6,6,2,53,8,1796,1,15,MERCEDES C CLASS,3,E01003438,0,-1
2021010345109,2021,010345109,1,9,0,18,19,2,6,0,0,0,0,0,0,0,1,1,6,6,1,38,7,1597,1,12,MERCEDES C CLASS,-1,-1,0,-1
2021122100283,2021,122100283,2,9,0,18,19,7,3,0,0,1,0,0,0,0,4,1,6,6,1,71,10,2143,2,8,MERCEDES C CLASS,5,E01011391,0,-1
2021061097128,2021,061097128,1,9,0,9,9,7,5,0,0,1,0,0,0,0,1,1,6,6,1,26,6,2143,2,6,MERCEDES C CLASS,1,E01005287,0,-1
2021010306621,2021,010306621,1,9,0,3,3,5,1,0,0,2,0,0,0,0,1,1,6,6,1,38,7,2148,2,18,MERCEDES C CLASS,10,E01016621,0,-1
2021451064732,2021,451064732,1,9,0,18,19,7,3,0,0,0,0,0,1,1,1,1,5,6,1,22,5,1991,1,4,MERCEDES C CLASS,5,E01030464,0,-1
2021201111799,2021,201111799,2,9,0,18,19,7,3,0,0,0,0,0,0,0,1,1,6,6,1,-1,-1,2143,2,4,MERCEDES C CLASS,-1,-1,0,-1
2021010332391,2021,010332391,1,9,0,99,99,9,9,99,99,9,9,99,9,99,2,9,6,6,1,26,6,1597,1,11,MERCEDES C CLASS,1,E01004304,0,-1
2021421030408,2021,421030408,2,9,0,2,2,0,0,0,0,0,0,0,0,0,4,1,6,6,3,-1,-1,1796,1,14,MERCEDES C CLASS,-1,-1,0,-1
2021471125017,2021,471125017,1,9,0,18,19,6,2,0,0,8,0,0,0,0,1,1,6,6,1,61,9,2148,2,13,MERCEDES C CLASS,4,E01031550,0,-1
2021052101356,2021,052101356,1,9,0,18,19,3,7,0,0,0,0,0,0,0,4,1,6,6,1,23,5,2143,2,7,MERCEDES C CLASS,4,E01033756,0,-1
2021010306044,2021,010306044,1,9,0,99,99,9,9,99,99,8,9,99,9,99,4,9,6,6,1,27,6,2143,2,6,MERCEDES C CLASS,6,E01000110,0,-1
2021471081710,2021,471081710,2,9,0,4,4,8,4,0,0,1,0,0,0,0,2,1,6,6,1,34,6,2143,2,9,MERCEDES C CLASS,9,E01031563,0,-1
2021052100927,2021,052100927,1,9,0,18,19,1,5,0,0,1,5,0,1,2,1,1,6,6,1,41,7,1497,1,3,MERCEDES C CLASS,-1,-1,0,-1
2021010300612,2021,010300612,1,9,0,5,5,1,5,0,0,5,0,0,0,0,3,1,6,6,1,31,6,2143,2,5,MERCEDES C CLASS,7,E01002165,0,-1
2021201078422,2021,201078422,2,9,0,18,19,4,8,0,0,0,0,0,0,0,3,1,6,6,1,57,9,2143,2,11,MERCEDES C CLASS,3,E01010538,0,-1
2021010320938,2021,010320938,2,9,0,99,99,9,9,99,99,9,9,99,9,99,1,9,6,6,3,27,6,1991,8,6,MERCEDES C CLASS,6,E01003646,0,-1
2021010307218,2021,010307218,1,9,0,12,12,1,5,0,0,5,0,0,0,0,1,1,6,6,1,27,6,1950,2,1,MERCEDES C CLASS,8,E01016711,0,-1
2021010309917,2021,010309917,2,9,0,18,19,6,2,0,0,1,0,0,0,0,2,1,6,6,1,33,6,2143,2,4,MERCEDES C CLASS,2,E01002604,0,-1
2021471026050,2021,471026050,2,9,0,4,4,2,6,0,0,1,0,0,0,0,2,1,5,6,1,36,7,1796,1,10,MERCEDES C CLASS,5,E01031671,0,-1
2021471077310,2021,471077310,2,9,0,18,19,1,5,0,0,8,0,0,0,0,4,1,6,6,1,64,9,1796,1,15,MERCEDES C CLASS,4,E01031628,0,-1
2021010347972,2021,010347972,2,9,0,99,99,9,9,99,99,9,9,99,9,99,9,9,6,6,3,-1,-1,1597,1,12,MERCEDES C CLASS,-1,-1,0,-1
2021010324904,2021,010324904,1,9,0,18,19,1,5,2,2,0,1,0,0,0,1,1,6,6,1,31,6,2143,2,5,MERCEDES C CLASS,6,E01021879,0,-1
2021041102427,2021,041102427,1,9,0,9,9,3,1,0,0,2,0,0,0,0,1,1,6,6,1,41,7,2148,2,14,MERCEDES C CLASS,3,E01012691,0,-1
2021430313359,2021,430313359,1,9,0,18,19,4,8,0,0,0,0,0,0,0,4,1,1,1,1,32,6,2143,2,5,MERCEDES C CLASS,2,E01017665,0,-1
2021010330953,2021,010330953,2,9,0,99,99,9,9,99,99,9,9,99,9,99,9,9,6,6,3,-1,-1,1950,2,1,MERCEDES C CLASS,-1,-1,0,-1
2021010342001,2021,010342001,1,9,0,16,19,5,1,0,0,1,0,4,0,0,3,1,6,6,1,35,6,1796,1,13,MERCEDES C CLASS,5,E01001201,0,-1
2021201052273,2021,201052273,1,9,0,5,5,4,1,0,0,4,0,0,0,0,3,1,6,6,1,61,9,2143,2,10,MERCEDES C CLASS,7,E01008967,0,-1
2021010300984,2021,010300984,2,9,0,99,99,9,9,99,99,9,9,99,9,99,1,9,6,6,3,29,6,2143,2,6,MERCEDES C CLASS,3,E01016036,0,-1
2021991082195,2021,991082195,1,9,0,4,4,3,7,0,0,8,1,0,0,0,2,1,5,6,1,24,5,2143,2,6,MERCEDES C CLASS,4,-1,0,-1
2021010298074,2021,010298074,2,9,0,99,99,9,9,99,99,9,9,99,9,99,1,9,6,6,3,-1,-1,2143,2,6,MERCEDES C CLASS,3,E01001489,0,-1
2021010289299,2021,010289299,2,9,0,99,99,9,9,99,99,9,9,99,9,99,1,9,6,6,3,35,6,2143,2,7,MERCEDES C CLASS,3,E01000167,0,-1
2021010295701,2021,010295701,2,9,0,99,99,9,9,99,99,9,9,99,9,99,1,9,6,6,3,-1,-1,2143,2,3,MERCEDES C CLASS,-1,-1,0,-1
2021010342961,2021,010342961,1,9,0,9,9,3,1,0,0,8,0,0,0,0,3,1,1,1,2,26,6,2143,2,4,MERCEDES C CLASS,3,E01004337,0,-1
2021440033088,2021,440033088,2,9,0,18,19,3,7,0,0,8,0,0,0,0,1,1,2,2,2,42,7,1796,1,18,MERCEDES C CLASS,8,E01017060,0,-1
2021201064591,2021,201064591,2,9,0,18,19,2,6,0,0,8,0,0,0,0,2,1,6,6,1,40,7,2148,2,15,MERCEDES C CLASS,3,E01009553,0,-1
2021010322018,2021,010322018,1,9,0,9,9,8,6,0,0,1,0,0,0,0,1,1,6,6,1,52,8,1991,8,3,MERCEDES C CLASS,5,E01000583,0,-1
2021161101310,2021,161101310,2,9,0,18,19,5,1,0,0,1,0,0,0,0,1,1,5,6,2,45,7,1497,1,3,MERCEDES C CLASS,4,E01012762,0,-1
2021041072806,2021,041072806,1,9,0,9,9,5,1,0,0,6,0,0,0,0,1,1,6,6,1,24,5,1497,1,2,MERCEDES C CLASS,1,E01012577,0,-1
2021231047447,2021,231047447,2,9,0,10,10,3,1,0,0,1,0,0,0,0,2,1,5,6,1,23,5,1497,1,2,MERCEDES C CLASS,6,E01031106,0,-1
2021041061918,2021,041061918,2,9,0,2,2,1,5,9,9,1,0,0,0,0,1,1,6,6,3,-1,-1,2143,2,4,MERCEDES C CLASS,-1,-1,0,-1
2021010343826,2021,010343826,2,9,0,99,99,9,9,99,99,9,9,99,9,99,1,9,6,6,3,31,6,1796,1,10,MERCEDES C CLASS,1,E01004420,0,-1
2021010344375,2021,010344375,1,9,0,18,19,5,1,0,0,2,0,0,0,0,3,1,6,6,1,65,9,1598,2,5,MERCEDES C CLASS,2,E01003181,0,-1
2021010311703,2021,010311703,1,9,0,18,19,5,1,99,99,9,9,99,9,99,2,1,6,6,1,37,7,1991,1,5,MERCEDES C CLASS,5,E01003751,0,-1
2021061024994,2021,061024994,2,9,0,9,9,8,6,0,0,2,0,0,0,0,1,1,6,6,2,56,9,2143,2,4,MERCEDES C CLASS,8,E01005056,0,-1
2021010336231,2021,010336231,2,9,0,99,99,9,9,99,99,9,9,99,9,99,9,9,6,6,3,44,7,1991,1,6,MERCEDES C CLASS,4,E01003672,0,-1
2021991093929,2021,991093929,1,9,0,5,5,5,7,0,0,6,0,0,0,0,1,1,5,6,1,67,10,2143,2,7,MERCEDES C CLASS,1,-1,0,-1
2021440200330,2021,440200330,1,9,0,17,19,8,6,0,0,8,0,0,0,0,1,1,2,2,2,36,7,1991,1,3,MERCEDES C CLASS,10,E01022664,0,-1
2021010316164,2021,010316164,2,9,0,99,99,9,9,99,99,1,9,99,9,99,2,9,6,6,3,-1,-1,1796,1,12,MERCEDES C CLASS,-1,-1,0,-1
2021401023381,2021,401023381,1,9,0,16,19,-1,-1,0,0,0,0,0,0,0,1,1,5,6,3,-1,-1,2149,2,14,MERCEDES C CLASS,-1,-1,0,-1
2021471121656,2021,471121656,1,9,0,7,7,7,1,0,0,8,0,0,0,0,1,1,6,6,1,55,8,2143,2,7,MERCEDES C CLASS,7,E01023892,0,-1
2021131048076,2021,131048076,2,9,0,18,19,5,1,0,0,8,0,0,0,0,0,1,6,6,1,28,6,1991,1,1,MERCEDES C CLASS,2,E01010930,0,-1
2021221102311,2021,221102311,1,9,0,4,4,4,8,0,0,0,0,0,0,0,1,1,5,6,1,38,7,1796,1,14,MERCEDES C CLASS,4,E01032343,0,-1
2021131093347,2021,131093347,1,9,0,17,19,7,7,0,0,4,0,0,0,0,1,1,3,7,1,46,8,2143,2,5,MERCEDES C CLASS,1,E01010673,0,-1
2021122100889,2021,122100889,1,9,0,18,19,8,4,0,0,8,0,0,2,7,4,1,6,6,1,40,7,1950,2,1,MERCEDES C CLASS,4,E01007479,0,-1
2021010300841,2021,010300841,1,9,0,5,5,1,5,0,0,8,0,0,0,0,1,1,2,2,1,44,7,2143,2,10,MERCEDES C CLASS,6,E01024568,0,-1
2021461029157,2021,461029157,2,9,0,18,19,8,4,0,0,0,1,0,2,0,2,1,6,6,1,34,6,2148,2,13,MERCEDES C CLASS,3,E01004454,0,-1
2021070825184,2021,070825184,4,9,0,18,19,4,8,0,0,0,0,0,0,0,1,1,6,6,1,24,5,2143,2,7,MERCEDES C CLASS,8,E01018417,0,-1