collision_index,collision_year,collision_ref_no,vehicle_reference,vehicle_type,towing_and_articulation,vehicle_manoeuvre_historic,vehicle_manoeuvre,vehicle_direction_from,vehicle_direction_to,vehicle_location_restricted_lane_historic,vehicle_location_restricted_lane,junction_location,skidding_and_overturning,hit_object_in_carriageway,vehicle_leaving_carriageway,hit_object_off_carriageway,first_point_of_impact,vehicle_left_hand_drive,journey_purpose_of_driver_historic,journey_purpose_of_driver,sex_of_driver,age_of_driver,age_band_of_driver,engine_capacity_cc,propulsion_code,age_of_vehicle,generic_make_model,driver_imd_decile,lsoa_of_driver,escooter_flag,driver_distance_banding
2021010351061,2021,010351061,1,9,0,99,99,9,9,0,0,8,0,0,0,0,2,1,6,6,1,33,6,2148,2,12,MERCEDES C CLASS,5,E01000975,0,-1
2021010317772,2021,010317772,1,9,0,99,99,9,9,99,99,9,9,99,9,99,9,9,6,6,1,62,9,2148,2,13,MERCEDES C CLASS,3,E01004217,0,-1
2021451045621,2021,451045621,1,9,0,3,3,5,1,0,0,2,0,0,0,0,2,1,1,1,2,45,7,2143,2,9,MERCEDES C CLASS,10,E01031581,0,-1
2021161116444,2021,161116444,1,9,0,4,4,2,6,0,0,0,0,0,0,0,2,1,6,6,1,29,6,2143,2,9,MERCEDES C CLASS,5,E01012756,0,-1
2021010336659,2021,010336659,2,9,0,99,99,9,9,99,99,9,9,99,9,99,9,9,6,6,3,-1,-1,2996,1,14,MERCEDES C CLASS,-1,-1,0,-1
2021041028383,2021,041028383,3,9,0,18,19,5,1,0,0,0,0,0,0,0,1,1,5,6,2,50,8,2143,2,4,MERCEDES C CLASS,3,E01012632,0,-1
2021010334494,2021,010334494,1,9,0,99,99,9,9,99,99,9,9,99,9,99,1,9,2,2,1,33,6,2143,2,9,MERCEDES C CLASS,3,E01003976,0,-1
2021451110797,2021,451110797,1,9,0,18,19,3,7,0,0,0,0,0,0,0,1,1,5,6,1,43,7,2143,2,6,MERCEDES C CLASS,2,E01003599,0,-1
2021440026479,2021,440026479,1,9,0,18,19,7,3,0,0,8,0,0,0,0,1,1,6,6,1,29,6,6208,1,8,MERCEDES C CLASS,6,E01023028,0,-1
2021401035140,2021,401035140,1,9,0,17,19,1,4,0,0,0,0,4,0,0,1,1,6,6,1,19,4,1497,1,3,MERCEDES C CLASS,3,E01015744,0,-1
2021010347062,2021,010347062,2,9,0,99,99,9,9,99,99,0,9,99,9,99,1,9,6,6,3,51,8,1597,1,12,MERCEDES C CLASS,2,E01000739,0,-1
2021531057345,2021,531057345,2,9,0,18,19,7,3,0,0,1,0,0,7,0,1,1,6,6,1,52,8,2143,2,6,MERCEDES C CLASS,9,E01032220,0,-1
2021010319626,2021,010319626,3,9,0,18,19,3,7,0,0,0,0,0,0,0,1,1,6,6,1,40,7,2143,2,9,MERCEDES C CLASS,-1,-1,0,-1
2021061062849,2021,061062849,2,9,0,18,19,2,6,0,0,0,0,0,0,0,1,1,5,6,3,30,6,2987,2,8,MERCEDES C CLASS,-1,-1,0,-1
2021201129340,2021,201129340,1,9,0,14,14,3,7,0,0,0,0,0,0,0,1,1,6,6,1,-1,-1,1991,8,5,MERCEDES C CLASS,-1,-1,0,-1
2021010323058,2021,010323058,1,9,0,99,99,9,9,99,99,9,9,99,9,99,9,9,2,2,1,24,5,2143,2,6,MERCEDES C CLASS,4,E01003722,0,-1
2021991042880,2021,991042880,1,8,0,9,9,7,4,0,0,8,0,0,0,0,1,1,1,1,1,51,8,2143,2,4,MERCEDES C CLASS,10,-1,0,-1
2021010324907,2021,010324907,1,9,0,2,2,0,0,0,0,0,0,0,0,0,1,1,6,6,3,-1,-1,1597,1,12,MERCEDES C CLASS,-1,-1,0,-1
2021010338463,2021,010338463,2,9,0,99,99,9,9,99,99,9,9,99,9,99,1,9,6,6,3,-1,-1,1991,1,6,MERCEDES C CLASS,3,E01002104,0,-1
2021440335193,2021,440335193,1,9,0,18,19,7,3,0,0,0,1,0,0,0,1,1,2,2,1,31,6,2148,2,14,MERCEDES C CLASS,4,E01002624,0,-1
2021010335080,2021,010335080,1,9,0,18,19,1,5,0,0,1,0,0,0,0,1,1,6,6,1,24,5,2143,2,6,MERCEDES C CLASS,6,E01004583,0,-1
2021440097563,2021,440097563,1,9,0,4,4,4,8,0,0,1,0,0,0,0,2,1,3,7,2,38,7,2143,2,6,MERCEDES C CLASS,5,E01017222,0,-1
2021010316914,2021,010316914,1,9,0,7,7,7,2,0,0,8,0,0,0,0,1,1,6,6,2,38,7,2143,2,7,MERCEDES C CLASS,-1,-1,0,-1
2021010334187,2021,010334187,2,9,0,18,19,1,5,6,6,7,0,0,0,0,3,1,6,6,1,45,7,2143,2,9,MERCEDES C CLASS,7,E01002177,0,-1
2021010344341,2021,010344341,1,9,0,7,7,1,3,0,0,8,1,0,0,0,1,1,6,6,2,42,7,2143,2,11,MERCEDES C CLASS,3,E01002407,0,-1
2021010325429,2021,010325429,3,9,0,4,4,5,1,0,0,0,0,0,0,0,2,1,6,6,2,49,8,2148,2,15,MERCEDES C CLASS,3,E01002542,0,-1
2021010351868,2021,010351868,3,9,0,18,19,7,3,0,0,7,1,0,0,0,1,1,6,6,1,28,6,2148,2,16,MERCEDES C CLASS,-1,-1,0,-1
2021201131131,2021,201131131,2,9,0,9,9,1,7,0,0,5,0,0,0,0,4,1,6,6,1,34,6,2148,2,18,MERCEDES C CLASS,2,E01008946,0,-1
2021052100326,2021,052100326,1,9,0,9,9,1,6,0,0,8,0,0,7,1,1,1,2,2,2,46,8,2143,2,10,MERCEDES C CLASS,3,E01006342,0,-1
2021010304175,2021,010304175,2,9,0,99,99,9,9,99,99,9,9,99,9,99,1,9,6,6,3,-1,-1,2143,2,8,MERCEDES C CLASS,3,E01003481,0,-1
2021010307588,2021,010307588,1,9,0,14,14,1,5,0,0,0,0,0,0,0,1,1,6,6,1,27,6,1796,1,10,MERCEDES C CLASS,3,E01000819,0,-1
2021411114218,2021,411114218,1,9,0,9,9,5,1,0,0,1,0,0,0,0,1,1,3,7,2,40,7,1991,1,4,MERCEDES C CLASS,8,E01023837,0,-1
2021010323975,2021,010323975,2,9,0,99,99,9,9,99,99,0,9,99,9,99,1,9,6,6,3,-1,-1,1796,1,9,MERCEDES C CLASS,-1,-1,0,-1
2021421083289,2021,421083289,3,9,0,3,3,3,7,0,0,0,0,0,0,0,2,1,6,6,2,39,7,1991,1,7,MERCEDES C CLASS,10,E01021941,0,-1
2021010298078,2021,010298078,1,9,5,4,4,7,3,8,6,6,0,0,0,0,1,1,6,6,1,30,6,2143,2,5,MERCEDES C CLASS,6,E01002955,0,-1
2021440016624,2021,440016624,1,9,0,9,9,1,7,0,0,8,0,0,0,0,1,1,6,6,1,47,8,1991,8,4,MERCEDES C CLASS,6,E01022824,0,-1
2021411097057,2021,411097057,2,9,0,4,4,7,3,0,0,0,0,0,0,0,2,1,5,6,2,33,6,1796,1,10,MERCEDES C CLASS,8,E01023893,0,-1
202163C028921,2021,63C028921,1,9,0,18,19,3,7,0,0,2,0,0,0,0,1,1,6,6,1,67,10,2143,2,10,MERCEDES C CLASS,1,W01000592,0,-1
2021411134349,2021,411134349,2,9,0,7,7,8,4,0,0,1,0,0,3,11,3,1,6,6,1,58,9,1497,1,2,MERCEDES C CLASS,10,E01023550,0,-1
2021440238726,2021,440238726,1,9,0,18,19,4,8,0,0,8,0,0,0,0,1,1,1,1,1,44,7,2143,2,9,MERCEDES C CLASS,8,E01022650,0,-1
2021101048673,2021,101048673,2,9,0,3,3,1,5,0,0,0,0,0,0,0,2,1,5,6,1,21,5,2143,2,5,MERCEDES C CLASS,1,E01012312,0,-1
2021010344174,2021,010344174,1,9,0,2,2,0,0,9,9,1,0,0,0,0,4,1,6,6,3,-1,-1,2597,1,20,MERCEDES C CLASS,-1,-1,0,-1
202131C039021,2021,31C039021,2,9,0,18,19,5,1,0,0,1,0,0,0,0,4,1,6,6,2,26,6,2143,2,8,MERCEDES C CLASS,-1,-1,0,-1
2021010343545,2021,010343545,1,9,0,5,5,2,6,0,0,1,0,0,1,0,1,1,6,6,1,62,9,2149,2,14,MERCEDES C CLASS,5,E01003028,0,-1
2021231067941,2021,231067941,1,9,0,4,4,2,6,0,0,0,0,0,0,0,1,1,5,6,1,34,6,2143,2,9,MERCEDES C CLASS,5,E01002492,0,-1
2021320411046,2021,320411046,1,9,0,13,13,5,1,0,0,0,1,0,7,9,1,1,6,6,2,41,7,2143,2,8,MERCEDES C CLASS,4,E01026192,0,-1
2021430385629,2021,430385629,1,9,0,9,9,1,7,0,0,6,0,0,0,0,1,1,6,6,1,76,11,1796,1,17,MERCEDES C CLASS,7,E01016510,0,-1
2021010290171,2021,010290171,1,9,0,18,19,1,5,0,0,0,0,0,0,0,2,1,6,6,1,38,7,2143,2,5,MERCEDES C CLASS,3,E01003588,0,-1
2021401074211,2021,401074211,2,9,0,5,5,2,6,0,0,1,0,0,0,0,1,1,5,6,1,75,10,2143,2,5,MERCEDES C CLASS,8,E01017458,0,-1
2021010290381,2021,010290381,1,9,0,9,9,1,7,0,0,6,0,0,0,0,1,1,1,1,1,58,9,2799,1,26,MERCEDES C CLASS,3,E01001203,0,-1
2021471079272,2021,471079272,3,9,0,18,19,3,7,0,0,0,0,0,1,11,1,1,5,6,2,32,6,1497,1,3,MERCEDES C CLASS,7,E01030865,0,-1
2021991131742,2021,991131742,2,9,0,18,19,2,6,0,0,1,0,0,0,0,1,1,5,6,1,40,7,1950,2,2,MERCEDES C CLASS,10,-1,0,-1
2021221037778,2021,221037778,1,9,0,17,19,6,3,0,0,0,0,0,1,4,1,1,5,6,2,57,9,2143,2,3,MERCEDES C CLASS,10,E01025817,0,-1
2021201146842,2021,201146842,1,9,0,5,5,7,3,0,0,0,0,0,0,0,3,1,6,6,2,-1,-1,2143,2,10,MERCEDES C CLASS,-1,-1,0,-1
2021201029874,2021,201029874,2,9,0,18,19,6,2,0,0,0,0,0,0,0,1,1,6,6,1,52,8,2143,2,5,MERCEDES C CLASS,3,E01009790,0,-1
2021421050311,2021,421050311,3,9,0,18,19,7,3,0,0,0,0,0,0,0,1,1,2,2,1,59,9,1991,8,4,MERCEDES C CLASS,7,E01021524,0,-1
2021461033669,2021,461033669,1,9,0,18,19,7,3,0,0,0,0,0,0,0,3,1,6,6,1,19,4,6208,1,8,MERCEDES C CLASS,8,E01024011,0,-1
2021201134333,2021,201134333,1,9,0,18,19,8,4,0,0,0,0,0,0,0,4,1,3,7,1,38,7,1991,1,6,MERCEDES C CLASS,2,E01010074,0,-1
2021010314331,2021,010314331,1,9,0,4,4,7,3,0,0,1,0,0,0,0,1,1,6,6,1,36,7,2143,2,7,MERCEDES C CLASS,9,E01021767,0,-1
2021131085491,2021,131085491,2,9,0,18,19,7,3,1,1,0,0,0,0,0,3,1,5,6,2,39,7,2149,2,13,MERCEDES C CLASS,7,E01010939,0,-1
2021461113582,2021,461113582,2,9,0,18,19,5,1,0,0,1,0,0,0,0,1,1,6,6,1,44,7,2148,2,12,MERCEDES C CLASS,2,E01016140,0,-1
2021471094804,2021,471094804,1,9,0,17,19,5,2,0,0,2,0,0,0,0,1,1,6,6,3,-1,-1,2597,1,20,MERCEDES C CLASS,-1,-1,0,-1
2021010347669,2021,010347669,2,9,0,99,99,9,9,99,99,9,9,99,9,99,2,9,6,6,3,-1,-1,2143,2,9,MERCEDES C CLASS,-1,-1,0,-1
2021471024176,2021,471024176,1,9,0,7,7,8,1,0,0,2,0,0,0,0,1,1,1,1,1,62,9,2143,2,3,MERCEDES C CLASS,9,E01027894,0,-1
2021552100869,2021,552100869,1,9,0,17,19,3,2,0,0,2,0,0,0,0,1,1,2,2,1,37,7,2143,2,6,MERCEDES C CLASS,3,E01015283,0,-1
2021010332859,2021,010332859,2,9,0,99,99,9,9,99,99,9,9,99,9,99,1,9,6,6,3,-1,-1,1991,8,5,MERCEDES C CLASS,-1,-1,0,-1
2021991074958,2021,991074958,1,9,0,4,4,2,6,0,0,0,0,0,0,0,4,1,5,6,1,55,8,1950,2,2,MERCEDES C CLASS,8,E01027588,0,-1
2021430554468,2021,430554468,2,9,0,2,2,0,0,0,0,0,0,0,0,0,1,1,6,6,2,60,9,2148,2,17,MERCEDES C CLASS,-1,-1,0,-1
2021430270553,2021,430270553,1,9,0,7,7,6,1,9,9,6,0,0,0,0,4,1,6,6,2,-1,-1,2149,2,14,MERCEDES C CLASS,-1,-1,0,-1
2021010335600,2021,010335600,1,9,0,99,99,9,9,99,99,9,9,99,9,99,2,9,2,2,2,61,9,2143,2,5,MERCEDES C CLASS,3,E01002527,0,-1
2021302100581,2021,302100581,3,9,0,18,19,2,6,0,0,1,0,0,0,0,1,1,6,6,1,46,8,2148,2,14,MERCEDES C CLASS,2,E01019510,0,-1
2021010323804,2021,010323804,1,9,0,18,19,3,7,0,0,0,0,0,0,0,1,1,2,2,1,34,6,1991,8,4,MERCEDES C CLASS,1,E01001958,0,-1
2021052102864,2021,052102864,2,9,0,18,19,7,3,0,0,1,0,0,0,0,3,1,6,6,2,45,7,2143,2,4,MERCEDES C CLASS,2,E01006428,0,-1
2021461058103,2021,461058103,1,9,0,9,9,1,7,0,0,1,0,0,0,0,1,1,5,6,2,36,7,2143,2,4,MERCEDES C CLASS,3,E01024696,0,-1
2021010333832,2021,010333832,2,9,0,99,99,9,9,99,99,9,9,99,9,99,1,9,6,6,3,48,8,2143,2,4,MERCEDES C CLASS,9,E01003892,0,-1
2021421024110,2021,421024110,1,9,0,17,19,8,4,0,0,0,1,0,1,0,4,1,2,2,1,48,8,2143,2,10,MERCEDES C CLASS,9,E01021390,0,-1
2021010329063,2021,010329063,1,9,0,6,6,1,1,0,0,1,0,0,0,0,1,1,6,6,1,26,6,2143,2,3,MERCEDES C CLASS,2,E01032569,0,-1
2021520102284,2021,520102284,3,9,0,18,19,5,1,0,0,0,0,0,0,0,4,1,6,6,1,46,8,1796,1,17,MERCEDES C CLASS,3,E01029280,0,-1
2021010303098,2021,010303098,1,9,0,99,99,9,9,99,99,9,9,99,9,99,9,9,6,6,1,51,8,1991,8,5,MERCEDES C CLASS,3,E01001676,0,-1
2021010296274,2021,010296274,2,9,0,18,19,4,8,0,0,0,0,0,0,0,2,1,2,2,1,29,6,1796,1,16,MERCEDES C CLASS,-1,-1,0,-1
2021501080105,2021,501080105,1,9,0,4,4,3,7,0,0,0,0,0,0,0,2,1,1,1,1,38,7,2148,2,16,MERCEDES C CLASS,3,E01018769,0,-1
2021010309944,2021,010309944,2,9,0,4,4,1,5,0,0,7,0,0,0,0,1,1,6,6,1,33,6,2143,2,6,MERCEDES C CLASS,2,E01001745,0,-1
2021622100961,2021,622100961,1,9,0,9,9,4,2,0,0,8,0,0,0,0,1,1,6,6,2,57,9,2143,2,7,MERCEDES C CLASS,1,W01001886,0,-1
2021141047993,2021,141047993,1,9,0,18,19,2,5,0,0,1,0,0,0,0,4,1,6,6,1,21,5,2143,2,4,MERCEDES C CLASS,5,E01008042,0,-1
2021010342324,2021,010342324,2,9,0,99,99,9,9,99,99,9,9,99,9,99,9,9,6,6,3,-1,-1,1950,2,1,MERCEDES C CLASS,-1,-1,0,-1
2021010301549,2021,010301549,1,9,0,7,7,3,5,0,0,8,0,0,0,0,4,1,6,6,2,56,9,1796,1,11,MERCEDES C CLASS,7,E01023892,0,-1
2021461064434,2021,461064434,4,9,0,2,2,0,0,0,0,1,0,0,0,0,1,1,5,6,3,-1,-1,2143,2,8,MERCEDES C CLASS,-1,-1,0,-1
2021991058649,2021,991058649,1,9,0,7,7,4,6,0,0,1,0,0,6,11,3,1,6,6,1,28,6,6208,1,7,MERCEDES C CLASS,3,-1,0,-1
2021401097564,2021,401097564,2,9,0,18,19,5,1,0,0,0,0,0,0,0,1,1,2,2,1,56,9,1595,1,9,MERCEDES C CLASS,7,E01008850,0,-1
2021131039878,2021,131039878,1,9,0,7,7,3,5,0,0,6,0,0,0,0,3,1,6,6,1,23,5,1597,1,12,MERCEDES C CLASS,3,E01011824,0,-1
2021201101425,2021,201101425,1,8,0,1,1,5,1,0,0,1,0,0,0,0,0,1,6,6,1,39,7,2148,2,16,MERCEDES C CLASS,-1,-1,0,-1
2021010293128,2021,010293128,1,9,0,99,99,9,9,99,99,9,9,99,9,99,9,9,6,6,1,27,6,2143,2,5,MERCEDES C CLASS,2,E01004296,0,-1
2021201080746,2021,201080746,1,9,0,4,4,8,4,0,0,0,0,0,0,0,2,1,6,6,1,48,8,1950,12,1,MERCEDES C CLASS,6,E01013759,0,-1
2021010314182,2021,010314182,1,9,0,18,19,5,1,0,0,1,0,0,0,0,2,1,6,6,2,28,6,1998,1,22,MERCEDES C CLASS,8,E01002207,0,-1
2021010287333,2021,010287333,1,9,0,99,99,9,9,99,99,9,9,99,9,99,9,9,6,6,2,44,7,1796,1,17,MERCEDES C CLASS,4,E01003927,0,-1
2021131083933,2021,131083933,1,9,0,-1,-1,-1,-1,-1,-1,-1,-1,-1,-1,-1,-1,1,6,6,3,-1,-1,2143,2,6,MERCEDES C CLASS,-1,-1,0,-1
2021070563210,2021,070563210,2,9,0,18,19,8,5,0,0,0,0,0,0,0,2,1,2,2,1,62,9,2143,2,8,MERCEDES C CLASS,8,E01029610,0,-1
2021010304943,2021,010304943,2,9,0,99,99,9,9,99,99,9,9,99,9,99,1,9,6,6,3,-1,-1,2143,2,5,MERCEDES C CLASS,-1,-1,0,-1
2021221071243,2021,221071243,1,9,0,4,4,3,7,0,0,8,0,0,0,0,2,1,5,6,1,52,8,2143,2,5,MERCEDES C CLASS,7,E01013325,0,-1
2021010299264,2021,010299264,1,9,0,10,10,1,6,0,0,1,0,0,0,0,2,1,6,6,1,47,8,1597,1,12,MERCEDES C CLASS,3,E01033743,0,-1
2021440080969,2021,440080969,2,9,0,5,5,1,5,0,0,1,0,0,0,0,0,1,6,6,2,58,9,1796,1,18,MERCEDES C CLASS,8,E01002813,0,-1
2021141048781,2021,141048781,2,9,0,18,19,5,1,0,0,0,0,0,0,0,1,1,6,6,1,-1,-1,2143,12,5,MERCEDES C CLASS,-1,-1,0,-1
2021010296747,2021,010296747,1,9,0,18,19,7,3,0,0,8,0,0,0,0,4,1,6,6,1,42,7,1991,8,6,MERCEDES C CLASS,4,E01002233,0,-1
2021010300309,2021,010300309,2,9,0,99,99,9,9,99,99,9,9,99,9,99,2,9,6,6,3,-1,-1,1796,1,16,MERCEDES C CLASS,6,E01003469,0,-1
2021461097904,2021,461097904,1,9,0,5,5,1,5,0,0,6,0,11,0,0,1,1,6,6,1,91,11,2143,2,11,MERCEDES C CLASS,5,E01024651,0,-1
2021201031780,2021,201031780,2,9,0,18,19,2,6,0,0,0,0,0,0,0,1,1,6,6,1,-1,-1,1991,1,5,MERCEDES C CLASS,3,E01009006,0,-1
2021461032139,2021,461032139,3,9,0,18,19,1,5,0,0,0,0,0,0,0,3,1,5,6,1,75,10,1991,1,4,MERCEDES C CLASS,7,E01024388,0,-1
2021052102863,2021,052102863,1,9,0,18,19,1,5,0,0,0,0,0,0,0,1,1,6,6,1,-1,-1,1497,1,3,MERCEDES C CLASS,8,E01006684,0,-1
2021302100355,2021,302100355,3,9,0,4,4,4,8,0,0,1,0,0,0,0,1,1,6,6,1,28,6,2143,2,9,MERCEDES C CLASS,5,E01019470,0,-1
2021522105294,2021,522105294,1,9,0,3,3,7,3,0,0,1,0,0,0,0,3,1,6,6,1,30,6,1991,8,5,MERCEDES C CLASS,6,E01014379,0,-1
202163D090221,2021,63D090221,2,9,0,4,4,4,8,0,0,0,0,0,0,0,2,1,6,6,1,50,8,2143,2,3,MERCEDES C CLASS,3,E01027537,0,-1
2021302101700,2021,302101700,1,9,0,18,19,4,8,0,0,1,0,0,0,0,1,1,6,6,3,-1,-1,1796,1,9,MERCEDES C CLASS,5,E01019456,0,-1
2021010330450,2021,010330450,1,9,0,99,99,9,9,99,99,0,9,99,9,99,2,9,6,6,2,61,9,1796,1,17,MERCEDES C CLASS,3,E01016555,0,-1
2021231110048,2021,231110048,3,9,0,18,19,1,5,0,0,8,0,0,0,0,2,1,5,6,1,33,6,2143,2,9,MERCEDES C CLASS,8,E01031069,0,-1
2021549557721,2021,549557721,1,9,0,18,19,2,6,0,0,0,0,0,7,2,1,1,1,1,1,19,4,2143,2,8,MERCEDES C CLASS,9,E01032105,0,-1
2021010310026,2021,010310026,1,9,0,9,9,3,1,0,0,6,0,0,0,0,3,1,6,6,1,32,6,1991,8,5,MERCEDES C CLASS,9,E01002509,0,-1
2021010331985,2021,010331985,1,9,0,18,19,1,5,0,0,3,0,0,0,0,2,1,2,2,2,25,5,1497,8,1,MERCEDES C CLASS,4,E01023805,0,-1
2021010346086,2021,010346086,2,9,0,15,15,4,8,0,0,1,0,0,0,0,4,1,6,6,1,30,6,1991,1,4,MERCEDES C CLASS,5,E01004057,0,-1
2021622100908,2021,622100908,1,9,0,18,19,4,8,0,0,0,0,0,0,0,1,1,6,6,1,36,7,1796,1,11,MERCEDES C CLASS,8,W01001822,0,-1
2021010298737,2021,010298737,1,9,0,7,7,8,3,0,0,8,0,0,0,0,3,1,6,6,1,33,6,1796,1,13,MERCEDES C CLASS,4,E01001355,0,-1
2021041101105,2021,041101105,1,9,0,2,2,0,0,0,0,1,0,0,0,0,2,1,5,6,1,44,7,2143,2,6,MERCEDES C CLASS,6,E01025568,0,-1
2021201097360,2021,201097360,1,9,0,7,7,6,1,0,0,5,0,4,1,0,1,1,6,6,1,38,7,2143,2,9,MERCEDES C CLASS,1,E01009157,0,-1
2021501086235,2021,501086235,1,9,0,3,3,5,1,0,0,1,0,0,0,0,0,1,2,2,2,69,10,1950,2,2,MERCEDES C CLASS,7,E01015226,0,-1
2021010289461,2021,010289461,2,9,0,18,19,5,1,0,0,0,0,0,0,0,1,1,6,6,1,28,6,1598,2,5,MERCEDES C CLASS,2,E01004720,0,-1
2021371021971,2021,371021971,2,9,0,4,4,7,3,0,0,0,0,0,0,0,3,1,2,2,1,45,7,2143,2,8,MERCEDES C CLASS,7,E01030184,0,-1
2021052101470,2021,052101470,1,9,0,18,19,3,7,0,0,0,1,0,0,0,1,1,6,6,1,27,6,2143,2,6,MERCEDES C CLASS,1,E01033637,0,-1
2021010304345,2021,010304345,2,9,0,99,99,9,9,99,99,9,9,99,9,99,9,9,6,6,3,-1,-1,1796,1,11,MERCEDES C CLASS,5,E01000592,0,-1
2021041117551,2021,041117551,1,19,0,18,19,5,7,0,0,4,0,0,0,0,1,1,1,1,1,22,5,1461,2,5,-1,7,E01025506,0,-1
2021131103616,2021,131103616,1,9,0,17,19,1,5,0,0,0,1,0,3,2,1,1,5,6,1,56,9,1796,1,18,MERCEDES C CLASS,2,E01010718,0,-1
2021122101060,2021,122101060,2,9,0,4,4,3,7,0,0,0,0,0,0,0,1,1,6,6,1,75,10,1796,1,10,MERCEDES C CLASS,9,E01003860,0,-1
2021302100081,2021,302100081,1,9,0,18,19,8,4,0,0,2,0,2,0,0,1,1,1,1,1,45,7,2143,2,9,MERCEDES C CLASS,1,E01013485,0,-1
2021361052827,2021,361052827,2,9,0,17,19,2,8,0,0,8,0,0,0,0,4,1,5,6,2,36,7,2143,2,8,MERCEDES C CLASS,5,E01026438,0,-1
2021041045770,2021,041045770,2,9,0,8,8,5,7,0,0,1,0,0,0,0,2,1,5,6,1,23,5,2143,2,6,MERCEDES C CLASS,2,E01012573,0,-1
202163B023521,2021,63B023521,2,9,0,18,19,2,6,0,0,0,0,0,1,10,1,1,6,6,1,45,7,1991,8,0,MERCEDES C CLASS,6,W01001458,0,-1
2021010316620,2021,010316620,1,9,0,18,19,7,3,0,0,8,0,0,0,0,1,1,2,2,2,62,9,1991,1,6,MERCEDES C CLASS,-1,-1,0,-1
2021010335295,2021,010335295,1,9,0,14,14,2,6,0,0,0,0,0,0,0,1,1,1,1,1,36,7,2143,12,5,MERCEDES C CLASS,4,E01000039,0,-1
2021010288492,2021,010288492,1,9,0,10,10,4,2,0,0,5,0,0,0,0,4,1,6,6,1,39,7,2685,2,19,MERCEDES C CLASS,3,E01000522,0,-1
2021010307405,2021,010307405,2,9,0,7,7,3,6,0,0,1,0,0,0,0,1,1,6,6,3,-1,-1,2143,2,10,MERCEDES C CLASS,-1,-1,0,-1
2021010299405,2021,010299405,1,9,0,5,5,4,8,0,0,8,0,0,0,0,1,1,6,6,1,40,7,2143,2,7,MERCEDES C CLASS,1,E01002720,0,-1
2021010329190,2021,010329190,1,9,9,99,99,9,9,99,99,9,9,99,9,99,9,9,6,6,3,60,9,2143,2,7,MERCEDES C CLASS,2,E01001056,0,-1
2021010336171,2021,010336171,1,9,0,99,99,9,9,99,99,9,9,99,9,99,1,9,2,2,2,30,6,1598,2,5,MERCEDES C CLASS,3,E01001445,0,-1
2021031075972,2021,031075972,3,9,0,18,19,7,2,0,0,0,0,0,0,0,0,1,6,6,1,56,9,2143,2,6,MERCEDES C CLASS,8,E01019370,0,-1
2021421106937,2021,421106937,1,9,0,13,13,7,3,0,0,0,0,0,0,0,1,1,6,6,1,-1,-1,2143,2,7,MERCEDES C CLASS,-1,-1,0,-1
2021010289232,2021,010289232,3,9,0,2,2,0,0,0,0,0,0,0,0,0,2,1,6,6,3,-1,-1,1796,1,10,MERCEDES C CLASS,-1,-1,0,-1
2021451080106,2021,451080106,3,9,0,2,2,0,0,0,0,0,0,0,0,0,1,1,6,6,3,-1,-1,2143,2,9,MERCEDES C CLASS,-1,-1,0,-1
2021052100106,2021,052100106,1,9,0,18,19,1,5,0,0,8,0,0,0,0,1,1,6,6,2,33,6,2143,2,6,MERCEDES C CLASS,-1,-1,0,-1
2021141084432,2021,141084432,1,9,0,18,19,5,1,0,0,0,0,0,0,0,2,1,5,6,1,27,6,2143,2,11,MERCEDES C CLASS,3,E01020729,0,-1
2021010296055,2021,010296055,2,9,0,99,99,9,9,99,99,9,9,99,9,99,9,9,6,6,3,-1,-1,2597,1,21,MERCEDES C CLASS,2,E01002068,0,-1
2021430183803,2021,430183803,1,9,0,18,19,2,6,0,0,4,0,0,0,0,1,1,1,1,1,30,6,2143,2,7,MERCEDES C CLASS,7,E01032699,0,-1
2021061124676,2021,061124676,1,9,0,9,9,1,5,0,0,1,0,0,0,0,1,1,6,6,1,40,7,2987,2,8,MERCEDES C CLASS,-1,-1,0,-1
2021061091272,2021,061091272,2,9,0,10,10,3,7,0,0,8,0,0,0,0,4,1,5,6,1,27,6,1950,2,0,MERCEDES C CLASS,4,E01006049,0,-1
202131D100321,2021,31D100321,2,9,0,17,19,5,1,0,0,0,1,0,0,0,1,1,6,6,1,25,5,2148,2,13,MERCEDES C CLASS,2,E01013847,0,-1
2021201088723,2021,201088723,1,9,0,7,7,2,4,0,0,5,0,0,0,0,1,1,6,6,1,23,5,2143,2,6,MERCEDES C CLASS,1,E01009321,0,-1
2021010336364,2021,010336364,2,9,0,18,19,7,3,0,0,1,0,0,0,0,3,1,6,6,3,-1,-1,2143,2,4,MERCEDES C CLASS,-1,-1,0,-1
2021201095428,2021,201095428,4,9,0,2,2,0,0,0,0,0,0,0,0,0,1,1,5,6,2,-1,-1,2148,2,16,MERCEDES C CLASS,-1,-1,0,-1
2021471046393,2021,471046393,1,9,0,18,19,8,4,0,0,0,0,0,0,0,1,1,5,6,1,36,7,1598,2,5,MERCEDES C CLASS,3,E01024182,0,-1