collision_index,collision_year,collision_ref_no,vehicle_reference,vehicle_type,towing_and_articulation,vehicle_manoeuvre_historic,vehicle_manoeuvre,vehicle_direction_from,vehicle_direction_to,vehicle_location_restricted_lane_historic,vehicle_location_restricted_lane,junction_location,skidding_and_overturning,hit_object_in_carriageway,vehicle_leaving_carriageway,hit_object_off_carriageway,first_point_of_impact,vehicle_left_hand_drive,journey_purpose_of_driver_historic,journey_purpose_of_driver,sex_of_driver,age_of_driver,age_band_of_driver,engine_capacity_cc,propulsion_code,age_of_vehicle,generic_make_model,driver_imd_decile,lsoa_of_driver,escooter_flag,driver_distance_banding
2021010300997,2021,010300997,2,9,0,99,99,9,9,99,99,9,9,99,9,99,9,9,6,6,3,-1,-1,1991,1,4,MERCEDES C CLASS,-1,-1,0,-1
2021411028273,2021,411028273,1,9,0,18,19,3,7,0,0,0,0,0,0,0,1,1,6,6,1,32,6,1950,2,1,MERCEDES C CLASS,9,E01023665,0,-1
2021111017187,2021,111017187,1,9,0,5,5,7,3,0,0,0,0,0,0,0,1,1,1,1,1,27,6,2143,2,8,MERCEDES C CLASS,2,E01008812,0,-1
2021501120969,2021,501120969,2,9,0,16,19,8,4,0,0,0,0,0,0,0,1,1,2,2,1,68,10,1796,1,10,MERCEDES C CLASS,4,E01018846,0,-1
2021201065560,2021,201065560,3,9,0,17,19,4,2,0,0,1,0,0,0,0,0,1,6,6,3,-1,-1,1991,1,4,MERCEDES C CLASS,-1,-1,0,-1
2021052100764,2021,052100764,1,9,0,9,9,5,4,0,0,8,0,0,0,0,2,1,6,6,1,48,8,1796,1,15,MERCEDES C CLASS,3,E01006784,0,-1
2021411065217,2021,411065217,1,9,0,9,9,1,7,0,0,6,0,0,0,0,1,1,5,6,2,52,8,2143,2,11,MERCEDES C CLASS,6,E01023396,0,-1
2021302101941,2021,302101941,1,9,0,18,19,2,6,0,0,0,0,0,0,0,1,1,6,6,1,-1,-1,2143,2,8,MERCEDES C CLASS,1,E01013568,0,-1
2021461096903,2021,461096903,1,9,0,18,19,7,3,0,0,0,1,0,0,0,1,1,6,6,1,20,4,2987,2,13,MERCEDES C CLASS,5,E01016034,0,-1
2021010331529,2021,010331529,3,9,0,3,3,3,7,0,0,0,0,0,0,0,0,1,2,2,1,34,6,1497,8,2,MERCEDES C CLASS,6,E01002984,0,-1
2021010304000,2021,010304000,1,9,0,99,99,9,9,99,99,9,9,99,9,99,9,9,6,6,2,32,6,1598,2,4,MERCEDES C CLASS,4,E01001469,0,-1
2021501134426,2021,501134426,1,9,0,18,19,3,7,0,0,0,0,4,0,0,1,1,5,6,1,76,11,2148,2,15,MERCEDES C CLASS,7,E01015036,0,-1
2021010311899,2021,010311899,2,9,0,99,99,9,9,99,99,9,9,99,9,99,9,9,6,6,3,58,9,2143,2,7,MERCEDES C CLASS,3,E01003388,0,-1
2021201026896,2021,201026896,2,9,0,18,19,1,5,0,0,0,1,0,0,0,4,1,6,6,1,63,9,1796,1,9,MERCEDES C CLASS,1,E01009114,0,-1
2021221080619,2021,221080619,1,9,0,18,19,2,6,0,0,0,0,0,0,0,4,1,5,6,1,20,4,1497,1,1,MERCEDES C CLASS,10,E01032149,0,-1
2021061119039,2021,061119039,1,9,-1,-1,-1,-1,-1,-1,-1,-1,-1,-1,-1,0,-1,1,6,6,1,37,7,1950,2,2,MERCEDES C CLASS,2,E01005230,0,-1
2021010320549,2021,010320549,1,9,0,18,19,5,1,0,0,1,5,0,0,0,4,1,6,6,2,63,9,1796,1,16,MERCEDES C CLASS,10,E01027205,0,-1
2021010317169,2021,010317169,1,9,0,3,3,5,1,0,0,1,0,0,0,0,3,1,6,6,1,40,7,1991,1,6,MERCEDES C CLASS,7,E01002220,0,-1
2021010297916,2021,010297916,2,9,0,7,7,1,4,0,0,5,0,0,0,0,4,1,2,2,2,25,5,1595,1,8,MERCEDES C CLASS,2,E01033601,0,-1
2021010294293,2021,010294293,1,9,0,4,4,5,1,0,0,2,0,4,0,0,2,1,6,6,1,32,6,2143,2,11,MERCEDES C CLASS,3,E01003618,0,-1
2021552101027,2021,552101027,2,9,0,4,4,4,8,0,0,0,0,0,0,0,2,1,6,6,1,26,6,2143,2,9,MERCEDES C CLASS,7,E01020164,0,-1
2021161126407,2021,161126407,1,9,0,9,9,7,5,0,0,0,0,10,0,0,1,2,5,6,2,27,6,1598,2,5,MERCEDES C CLASS,8,E01013263,0,-1
2021010334926,2021,010334926,1,9,0,99,99,9,9,99,99,9,9,99,9,99,2,9,6,6,1,41,7,2143,2,6,MERCEDES C CLASS,7,E01004762,0,-1
2021440465744,2021,440465744,1,9,0,18,19,4,8,0,0,0,0,0,0,0,1,1,6,6,2,45,7,2143,2,5,MERCEDES C CLASS,10,E01022981,0,-1
2021221093354,2021,221093354,1,9,0,13,13,6,2,0,0,8,0,0,0,0,1,1,1,1,1,47,8,2143,2,8,MERCEDES C CLASS,1,E01032888,0,-1
202154A227021,2021,54A227021,2,9,0,18,19,6,2,0,0,0,0,0,7,9,1,1,6,6,1,60,9,2143,2,11,MERCEDES C CLASS,7,E01031887,0,-1
2021070623739,2021,070623739,1,9,0,18,19,3,1,0,0,1,0,0,0,0,1,1,6,6,1,-1,-1,1950,2,0,MERCEDES C CLASS,-1,-1,0,-1
2021052102766,2021,052102766,2,9,0,2,2,0,0,0,0,0,0,0,1,2,2,1,6,6,3,-1,-1,1796,1,13,MERCEDES C CLASS,-1,-1,0,-1
202134WNC5231,2021,34WNC5231,2,9,0,18,19,7,3,0,0,8,0,0,0,0,4,1,6,6,1,54,8,2143,2,4,MERCEDES C CLASS,5,E01027179,0,-1
2021010338495,2021,010338495,2,9,0,4,4,1,5,0,0,3,0,0,0,0,2,1,6,6,1,22,5,2143,2,7,MERCEDES C CLASS,-1,-1,0,-1
2021010300032,2021,010300032,2,9,0,9,9,5,2,0,0,5,0,0,0,0,2,1,6,6,1,34,6,1598,2,6,MERCEDES C CLASS,2,E01004319,0,-1
2021411133296,2021,411133296,2,9,0,2,2,0,0,0,0,2,0,0,0,0,1,1,6,6,3,-1,-1,2143,2,4,MERCEDES C CLASS,-1,-1,0,-1
2021522200733,2021,522200733,2,9,0,7,7,5,7,9,9,8,0,0,0,0,4,1,6,6,2,33,6,1796,1,9,MERCEDES C CLASS,5,E01033339,0,-1
2021461128347,2021,461128347,1,9,0,18,19,8,4,0,0,1,0,0,0,0,1,1,3,7,2,41,7,2148,2,12,MERCEDES C CLASS,8,E01024772,0,-1
2021430443583,2021,430443583,1,9,0,9,9,5,3,0,0,6,0,0,0,0,3,1,2,2,1,36,7,2143,2,7,MERCEDES C CLASS,6,E01028557,0,-1
2021302100719,2021,302100719,2,9,0,4,4,4,8,0,0,0,0,0,0,0,0,1,6,6,2,37,7,2148,2,16,MERCEDES C CLASS,1,E01013473,0,-1
2021440308362,2021,440308362,1,9,0,4,4,7,3,0,0,0,0,0,0,0,1,1,6,6,1,23,5,2143,2,4,MERCEDES C CLASS,6,E01023162,0,-1
2021451043721,2021,451043721,2,9,0,12,12,7,3,0,0,0,0,0,0,0,2,1,5,6,2,28,6,1991,1,4,MERCEDES C CLASS,8,E01003845,0,-1
2021461057985,2021,461057985,2,9,0,18,19,3,7,0,0,8,0,10,0,0,4,1,6,6,1,58,9,2143,2,4,MERCEDES C CLASS,6,E01024230,0,-1
202134NNC1701,2021,34NNC1701,1,9,0,18,19,6,2,0,0,1,0,0,0,0,4,1,6,6,1,79,11,2148,2,16,MERCEDES C CLASS,7,E01027343,0,-1
2021991031732,2021,991031732,2,9,0,18,19,5,1,0,0,1,0,0,0,0,4,1,2,2,1,47,8,2148,2,12,MERCEDES C CLASS,-1,-1,0,-1
202134WNC4701,2021,34WNC4701,1,9,0,18,19,8,4,0,0,0,0,0,0,0,1,1,6,6,1,79,11,2685,2,19,MERCEDES C CLASS,8,E01027193,0,-1
2021061062328,2021,061062328,1,9,0,9,9,6,4,0,0,6,0,0,0,0,1,1,6,6,1,30,6,2143,12,5,MERCEDES C CLASS,-1,-1,0,-1
2021302100676,2021,302100676,2,9,0,9,9,3,1,0,0,1,0,0,0,0,4,1,6,6,3,40,7,2143,2,4,MERCEDES C CLASS,4,E01004964,0,-1
2021010307274,2021,010307274,2,9,0,5,5,3,7,0,0,2,0,0,0,0,1,1,6,6,1,84,11,1998,1,22,MERCEDES C CLASS,5,E01001335,0,-1
2021052101214,2021,052101214,3,9,0,18,19,1,5,0,0,0,0,0,0,0,1,1,2,2,1,57,9,2987,2,15,MERCEDES C CLASS,1,E01006741,0,-1
202131C005021,2021,31C005021,2,9,0,9,9,7,5,0,0,6,0,0,0,0,1,1,6,6,1,26,6,2143,2,6,MERCEDES C CLASS,5,E01013938,0,-1
2021131058678,2021,131058678,2,9,0,13,13,8,4,0,0,1,0,0,0,0,1,1,6,6,3,-1,-1,2148,2,14,MERCEDES C CLASS,-1,-1,0,-1
2021461113721,2021,461113721,2,9,0,4,4,7,1,0,0,1,0,0,0,0,2,1,6,6,2,32,6,2143,2,4,MERCEDES C CLASS,5,E01024774,0,-1
2021461094252,2021,461094252,1,9,0,14,14,8,4,0,0,0,0,0,7,0,1,1,5,6,1,18,4,1598,2,5,MERCEDES C CLASS,7,E01024435,0,-1
2021010307025,2021,010307025,2,9,0,18,19,3,7,0,0,1,0,0,0,0,2,1,6,6,1,-1,-1,2143,2,10,MERCEDES C CLASS,-1,-1,0,-1
2021311070955,2021,311070955,3,9,0,18,19,4,8,0,0,0,0,0,1,9,1,1,6,6,1,26,6,2143,2,8,MERCEDES C CLASS,5,E01019512,0,-1
2021010319456,2021,010319456,2,9,0,18,19,7,3,0,0,1,0,0,0,0,0,1,6,6,3,-1,-1,2148,2,15,MERCEDES C CLASS,-1,-1,0,-1
2021991031101,2021,991031101,1,9,0,18,19,1,5,0,0,0,0,0,1,11,4,1,2,2,1,26,6,1595,1,1,MERCEDES C CLASS,7,E01015201,0,-1
2021061133213,2021,061133213,2,9,0,18,19,5,1,0,0,8,0,0,0,0,1,1,5,6,1,38,7,2148,2,13,MERCEDES C CLASS,5,E01032684,0,-1
2021351066825,2021,351066825,1,9,0,2,2,6,5,0,0,0,0,0,0,0,0,1,5,6,1,42,7,2148,2,15,MERCEDES C CLASS,2,E01021953,0,-1
2021061063082,2021,061063082,2,9,-1,18,19,5,1,0,0,8,0,0,0,0,1,1,6,6,3,30,6,2148,2,16,MERCEDES C CLASS,1,E01032912,0,-1
2021010290906,2021,010290906,1,9,0,5,5,0,7,0,0,0,0,0,0,0,1,1,6,6,2,24,5,2143,2,5,MERCEDES C CLASS,4,E01001518,0,-1
2021440303052,2021,440303052,2,9,0,18,19,6,2,0,0,8,0,0,0,0,1,1,6,6,1,36,7,1796,1,13,MERCEDES C CLASS,4,E01033082,0,-1
2021201134606,2021,201134606,1,9,0,5,5,8,2,0,0,6,0,0,0,0,1,1,1,1,1,46,8,1991,1,7,MERCEDES C CLASS,1,E01033645,0,-1
2021421022799,2021,421022799,1,9,0,7,7,1,5,0,0,8,0,0,0,0,3,1,5,6,1,46,8,2143,2,9,MERCEDES C CLASS,4,E01021822,0,-1
2021548845421,2021,548845421,1,9,0,18,19,7,3,0,0,0,0,0,0,0,1,1,6,6,1,75,10,1991,1,6,MERCEDES C CLASS,7,E01002687,0,-1
2021451094164,2021,451094164,1,9,0,18,19,3,7,0,0,1,2,0,1,4,1,1,5,6,1,37,7,2143,2,6,MERCEDES C CLASS,9,E01032604,0,-1
2021461066336,2021,461066336,1,9,0,16,19,6,2,0,0,0,0,0,0,0,1,1,6,6,1,33,6,2143,2,10,MERCEDES C CLASS,5,E01024205,0,-1
2021451079528,2021,451079528,1,9,0,18,19,1,1,0,0,0,0,0,0,0,1,1,6,6,2,21,5,1497,1,2,MERCEDES C CLASS,10,E01030331,0,-1
2021351055828,2021,351055828,1,9,0,13,13,7,4,0,0,2,0,0,0,0,4,1,6,6,1,74,10,1796,1,13,MERCEDES C CLASS,9,E01018027,0,-1
2021010352433,2021,010352433,2,9,9,99,99,9,9,99,99,9,9,99,9,99,9,9,6,6,3,-1,-1,1597,1,12,MERCEDES C CLASS,-1,-1,0,-1
2021101105844,2021,101105844,1,9,0,18,19,3,7,0,0,0,1,0,1,4,2,1,5,6,1,35,6,2148,2,16,MERCEDES C CLASS,2,E01008334,0,-1
2021371129159,2021,371129159,1,9,0,18,19,7,3,0,0,1,0,0,0,0,1,1,5,6,2,41,7,2143,2,9,MERCEDES C CLASS,6,E01032523,0,-1
2021471022881,2021,471022881,3,9,0,2,2,0,0,0,0,8,0,0,0,0,2,1,6,6,3,-1,-1,2143,2,10,MERCEDES C CLASS,-1,-1,0,-1
2021010331586,2021,010331586,1,9,0,99,99,9,9,99,99,9,9,99,9,99,9,9,6,6,2,49,8,2987,2,11,MERCEDES C CLASS,10,E01023473,0,-1
2021302101580,2021,302101580,2,9,0,4,4,8,4,0,0,8,0,0,0,0,2,1,6,6,2,62,9,1497,1,2,MERCEDES C CLASS,7,E01019769,0,-1
2021010339944,2021,010339944,3,9,0,2,2,0,0,0,0,1,0,0,0,0,3,1,6,6,3,-1,-1,1595,1,9,MERCEDES C CLASS,-1,-1,0,-1
2021010329385,2021,010329385,2,9,0,99,99,9,9,99,99,9,9,99,9,99,1,9,6,6,3,52,8,1597,1,12,MERCEDES C CLASS,9,E01002956,0,-1
2021010315510,2021,010315510,1,9,0,7,7,5,8,4,4,5,0,0,0,0,1,1,6,6,1,31,6,2143,2,5,MERCEDES C CLASS,5,E01004347,0,-1
2021010347421,2021,010347421,1,9,0,3,3,3,7,0,0,8,0,0,0,0,2,1,6,6,2,23,5,2143,2,5,MERCEDES C CLASS,8,E01030732,0,-1
202134WNC0151,2021,34WNC0151,1,9,0,7,7,3,6,0,0,6,0,0,0,0,1,1,6,6,1,31,6,2149,2,14,MERCEDES C CLASS,3,E01027184,0,-1
2021440189129,2021,440189129,1,9,0,18,19,6,2,0,0,0,2,0,1,9,3,1,6,6,1,24,5,2143,2,5,MERCEDES C CLASS,6,E01032748,0,-1
2021010345975,2021,010345975,1,9,0,18,19,3,7,0,0,3,0,0,0,0,4,1,6,6,2,33,6,1497,1,2,MERCEDES C CLASS,4,E01000418,0,-1
2021991029272,2021,991029272,1,9,0,9,9,3,8,0,0,4,0,0,0,0,1,1,1,1,1,52,8,2143,2,3,MERCEDES C CLASS,5,-1,0,-1
2021010325506,2021,010325506,2,9,0,18,19,1,5,0,0,1,0,0,0,0,1,1,2,2,1,42,7,1595,1,7,MERCEDES C CLASS,3,E01000947,0,-1
2021461130099,2021,461130099,1,9,0,18,19,7,3,0,0,1,0,0,0,0,1,1,6,6,2,-1,-1,1991,1,7,MERCEDES C CLASS,5,E01024342,0,-1
2021411130172,2021,411130172,2,9,0,18,19,4,8,0,0,8,0,0,0,0,1,1,5,6,1,47,8,2143,2,6,MERCEDES C CLASS,8,E01023312,0,-1
2021061025800,2021,061025800,2,9,0,18,19,5,1,0,0,0,0,0,0,0,4,1,6,6,3,30,6,2143,2,10,MERCEDES C CLASS,5,E01027139,0,-1
2021361031332,2021,361031332,1,9,0,18,19,5,2,0,0,1,0,0,1,2,1,1,2,2,1,23,5,2143,2,4,MERCEDES C CLASS,7,E01026928,0,-1
2021221116288,2021,221116288,2,9,0,4,4,8,4,0,0,1,0,0,0,0,1,1,6,6,1,34,6,2151,2,22,MERCEDES C CLASS,2,E01010397,0,-1
2021141126514,2021,141126514,2,9,0,18,19,1,5,0,0,0,0,0,0,0,1,1,5,6,1,56,9,1991,1,3,MERCEDES C CLASS,8,E01023692,0,-1
2021010323431,2021,010323431,1,9,9,1,1,9,9,0,0,0,0,0,0,99,2,9,6,6,1,-1,-1,2143,2,5,MERCEDES C CLASS,-1,-1,0,-1
2021461113010,2021,461113010,1,9,0,18,19,1,5,0,0,0,0,0,0,0,1,1,6,6,2,76,11,1998,1,19,MERCEDES C CLASS,7,E01024242,0,-1
2021010307894,2021,010307894,2,9,0,99,99,9,9,99,99,9,9,99,9,99,1,9,6,6,3,-1,-1,2685,2,18,MERCEDES C CLASS,-1,-1,0,-1
2021010305209,2021,010305209,2,9,0,9,9,1,6,0,0,8,0,0,0,0,4,1,6,6,1,61,9,1950,2,2,MERCEDES C CLASS,9,E01021586,0,-1
2021010314251,2021,010314251,3,9,0,99,99,9,9,0,0,1,0,0,0,0,2,1,6,6,2,56,9,1796,1,14,MERCEDES C CLASS,4,E01001276,0,-1
2021010305286,2021,010305286,3,9,9,99,99,9,9,99,99,9,9,99,9,99,9,9,6,6,2,57,9,2143,2,9,MERCEDES C CLASS,1,E01002067,0,-1
2021010312780,2021,010312780,2,9,0,99,99,9,9,0,0,0,0,0,0,0,9,9,6,6,3,-1,-1,2143,2,6,MERCEDES C CLASS,1,E01010066,0,-1
2021991116236,2021,991116236,1,9,0,18,19,6,2,0,0,0,0,0,0,0,1,1,1,1,1,52,8,2143,2,6,MERCEDES C CLASS,10,-1,0,-1
2021061078595,2021,061078595,1,9,0,9,9,4,2,0,0,2,0,0,0,0,3,1,6,6,1,79,11,1991,8,6,MERCEDES C CLASS,4,E01005311,0,-1
2021010347299,2021,010347299,1,9,0,18,19,3,7,0,0,0,0,0,0,0,1,1,6,6,2,37,7,2143,2,5,MERCEDES C CLASS,3,E01003430,0,-1
2021411049002,2021,411049002,1,9,0,18,19,2,6,0,0,0,5,0,7,0,3,1,6,6,1,31,6,1796,1,16,MERCEDES C CLASS,6,E01023746,0,-1
2021421029284,2021,421029284,2,9,0,4,4,5,1,0,0,0,0,0,0,0,1,1,5,6,2,27,6,2143,2,5,MERCEDES C CLASS,6,E01021308,0,-1
2021010301844,2021,010301844,2,9,0,99,99,9,9,0,0,9,0,0,0,0,0,9,6,6,1,38,7,2496,1,15,MERCEDES C CLASS,5,E01001685,0,-1
2021010339884,2021,010339884,1,9,0,18,19,1,5,0,0,2,0,0,0,0,2,1,6,6,2,46,8,1497,1,1,MERCEDES C CLASS,8,E01002106,0,-1
2021231056449,2021,231056449,2,9,0,4,4,6,2,0,0,0,0,0,0,0,2,1,3,7,1,39,7,2143,2,6,MERCEDES C CLASS,7,E01031164,0,-1
2021010306537,2021,010306537,1,9,0,3,3,3,7,0,0,1,0,0,0,0,1,1,6,6,1,28,6,1950,2,3,MERCEDES C CLASS,6,E01003163,0,-1
202163A044321,2021,63A044321,2,9,0,9,9,4,3,0,0,5,0,0,0,0,1,1,6,6,2,39,7,1796,1,16,MERCEDES C CLASS,8,E01030086,0,-1
2021231108619,2021,231108619,2,9,0,7,7,2,6,0,0,3,0,0,0,0,4,1,6,6,1,30,6,1796,1,19,MERCEDES C CLASS,10,E01029514,0,-1
2021010323728,2021,010323728,1,9,0,5,5,3,7,0,0,3,0,0,0,0,1,1,6,6,1,21,5,2597,1,19,MERCEDES C CLASS,3,E01001282,0,-1
2021010324002,2021,010324002,1,9,0,5,5,5,1,0,0,4,0,0,0,0,3,1,6,6,1,24,5,2143,2,5,MERCEDES C CLASS,3,E01004012,0,-1
2021010341042,2021,010341042,2,9,0,99,99,9,9,99,99,9,9,99,9,99,1,9,6,6,3,-1,-1,2148,2,13,MERCEDES C CLASS,-1,-1,0,-1
2021161097207,2021,161097207,1,9,0,3,3,6,2,0,0,0,0,0,0,0,1,1,6,6,1,32,6,2143,2,10,MERCEDES C CLASS,1,E01012892,0,-1
2021361041297,2021,361041297,3,9,0,18,19,7,3,0,0,0,0,0,1,0,3,1,5,6,1,31,6,2143,2,9,MERCEDES C CLASS,5,E01033039,0,-1
2021451030712,2021,451030712,2,19,0,17,19,1,3,0,0,0,0,0,0,0,3,1,6,6,1,40,7,1461,2,5,-1,8,E01024693,0,-1
2021010294055,2021,010294055,1,9,0,99,99,9,9,99,99,9,9,99,9,99,2,9,6,6,1,22,5,2143,2,5,MERCEDES C CLASS,3,E01023865,0,-1
2021010328286,2021,010328286,1,9,0,18,19,1,5,0,0,1,0,0,0,0,1,1,6,6,2,25,5,1597,1,12,MERCEDES C CLASS,4,E01002631,0,-1
2021401121943,2021,401121943,1,9,0,10,10,7,4,0,0,1,0,0,0,0,1,1,3,7,2,44,7,2149,2,14,MERCEDES C CLASS,2,E01015749,0,-1
2021010334691,2021,010334691,2,9,0,7,7,6,1,0,0,5,0,0,1,10,4,1,6,6,1,31,6,1497,1,2,MERCEDES C CLASS,1,E01003252,0,-1
2021010336715,2021,010336715,2,9,0,18,19,1,5,0,0,0,0,0,0,0,1,1,6,6,1,20,4,2143,2,4,MERCEDES C CLASS,5,E01004353,0,-1
2021010319550,2021,010319550,1,9,0,99,99,9,9,99,99,9,9,99,9,99,2,9,6,6,1,31,6,2143,2,9,MERCEDES C CLASS,2,E01000095,0,-1
2021471079482,2021,471079482,4,9,0,4,4,6,2,0,0,1,0,0,0,0,2,1,5,6,1,50,8,1796,1,19,MERCEDES C CLASS,7,E01031396,0,-1
2021131053151,2021,131053151,1,9,0,18,19,1,5,0,0,1,0,0,0,0,4,1,6,6,3,-1,-1,2143,2,8,MERCEDES C CLASS,-1,-1,0,-1
2021010302975,2021,010302975,1,8,9,99,99,9,9,99,99,2,9,99,9,99,2,9,6,6,1,30,6,1991,8,5,MERCEDES C CLASS,6,E01003393,0,-1
2021031117777,2021,031117777,1,9,0,13,13,1,5,0,0,1,0,0,0,0,1,1,5,6,1,28,6,2143,2,7,MERCEDES C CLASS,-1,-1,0,-1
2021461039033,2021,461039033,2,9,0,5,5,6,2,0,0,0,0,0,0,0,2,1,2,2,1,56,9,1991,1,5,MERCEDES C CLASS,6,E01024530,0,-1
2021070482033,2021,070482033,1,9,0,17,19,7,3,0,0,0,0,0,1,4,1,1,6,6,1,22,5,1497,1,2,MERCEDES C CLASS,9,E01012503,0,-1
2021010347230,2021,010347230,1,9,0,7,7,7,8,0,0,8,1,0,0,0,1,1,2,2,1,31,6,2143,2,9,MERCEDES C CLASS,2,E01024374,0,-1
2021411100050,2021,411100050,1,9,0,18,19,5,1,0,0,2,1,0,0,0,4,1,5,6,1,41,7,2143,2,6,MERCEDES C CLASS,7,E01033177,0,-1
2021451054605,2021,451054605,1,9,0,7,7,3,7,0,0,2,5,10,0,0,1,1,5,6,1,32,6,1796,1,18,MERCEDES C CLASS,1,E01004088,0,-1
2021010316784,2021,010316784,1,9,0,18,19,3,7,0,0,1,0,0,0,0,3,1,1,1,1,45,7,1998,1,20,MERCEDES C CLASS,5,E01000571,0,-1
2021010299409,2021,010299409,1,9,0,18,19,7,3,0,0,0,0,0,0,0,4,1,6,6,1,31,6,2143,2,10,MERCEDES C CLASS,5,E01033592,0,-1
2021522104404,2021,522104404,1,9,0,5,5,4,2,0,0,0,0,0,0,0,1,1,6,6,1,50,8,2143,2,11,MERCEDES C CLASS,-1,-1,0,-1
2021101068790,2021,101068790,1,9,0,17,19,3,4,0,0,0,5,0,0,0,4,1,2,2,1,30,6,2143,2,11,MERCEDES C CLASS,2,E01008210,0,-1
2021501105362,2021,501105362,1,9,0,9,9,5,1,0,0,1,0,0,0,0,3,1,1,1,1,63,9,1796,1,18,MERCEDES C CLASS,2,E01015158,0,-1
2021010349927,2021,010349927,2,9,0,99,99,9,9,99,99,9,9,99,9,99,1,9,6,6,3,-1,-1,2143,2,9,MERCEDES C CLASS,2,E01004253,0,-1
2021010300136,2021,010300136,1,9,0,6,6,3,3,0,0,1,0,0,0,0,1,1,6,6,1,63,9,1497,1,2,MERCEDES C CLASS,5,E01000979,0,-1
2021440520390,2021,440520390,2,9,0,18,19,8,4,0,0,8,0,0,0,0,0,1,6,6,1,-1,-1,2143,2,3,MERCEDES C CLASS,-1,-1,0,-1
2021010300722,2021,010300722,2,9,9,99,99,9,9,99,99,4,9,99,9,99,9,9,6,6,3,-1,-1,1796,1,12,MERCEDES C CLASS,-1,-1,0,-1
2021371051974,2021,371051974,1,9,0,18,19,7,3,6,6,0,1,0,1,3,4,1,5,6,1,25,5,6208,1,9,MERCEDES C CLASS,8,E01030065,0,-1
2021131066306,2021,131066306,2,9,0,2,2,0,0,9,9,0,0,0,0,0,3,1,6,6,3,-1,-1,1796,1,14,MERCEDES C CLASS,-1,-1,0,-1
2021421078230,2021,421078230,2,9,0,18,19,1,5,0,0,0,0,0,0,0,3,1,2,2,2,62,9,2143,2,7,MERCEDES C CLASS,7,E01021910,0,-1
2021440514443,2021,440514443,1,9,0,18,19,3,7,0,0,0,2,0,1,0,1,1,6,6,1,34,6,2143,2,9,MERCEDES C CLASS,5,E01017152,0,-1
2021010295208,2021,010295208,2,9,0,99,99,9,9,99,99,0,9,99,9,99,1,9,6,6,1,84,11,2148,2,16,MERCEDES C CLASS,6,E01000898,0,-1
2021430470478,2021,430470478,1,9,0,18,19,4,8,0,0,0,0,0,0,0,4,1,6,6,1,27,6,2143,2,5,MERCEDES C CLASS,4,E01001252,0,-1
2021411052123,2021,411052123,1,9,0,5,5,1,5,0,0,0,0,0,0,0,1,1,5,6,1,30,6,2143,2,10,MERCEDES C CLASS,8,E01002892,0,-1
2021451038254,2021,451038254,3,9,0,17,19,5,1,0,0,0,0,0,0,0,1,1,5,6,1,64,9,2143,2,5,MERCEDES C CLASS,10,E01016222,0,-1
2021010352185,2021,010352185,1,8,0,18,19,5,1,0,0,8,0,0,7,0,1,1,1,1,1,36,7,2143,12,6,MERCEDES C CLASS,5,E01002769,0,-1
2021141108563,2021,141108563,1,9,0,18,19,6,2,0,0,1,0,0,0,0,1,1,6,6,1,52,8,1991,8,1,MERCEDES C CLASS,4,E01007580,0,-1
2021010347559,2021,010347559,2,9,0,7,7,2,4,0,0,8,0,0,0,0,1,1,6,6,1,30,6,1991,1,3,MERCEDES C CLASS,2,E01001529,0,-1
2021211058537,2021,211058537,1,9,0,9,9,2,8,0,0,8,0,0,0,0,3,1,6,6,2,47,8,2143,2,7,MERCEDES C CLASS,10,E01029758,0,-1
2021421037908,2021,421037908,1,9,0,18,19,1,5,0,0,0,0,0,0,0,4,1,6,6,1,43,7,2143,2,6,MERCEDES C CLASS,4,E01001450,0,-1
2021010295892,2021,010295892,2,9,0,18,19,1,5,0,0,0,0,0,0,0,1,1,6,6,1,37,7,1991,1,4,MERCEDES C CLASS,4,E01000731,0,-1
2021010308676,2021,010308676,1,9,0,99,99,9,9,99,99,0,9,99,9,99,2,9,6,6,2,37,7,2143,2,4,MERCEDES C CLASS,8,E01004506,0,-1
2021440304311,2021,440304311,1,9,0,18,19,7,3,0,0,0,0,7,1,10,3,1,6,6,1,-1,-1,1796,1,17,MERCEDES C CLASS,-1,-1,0,-1
2021371134379,2021,371134379,2,9,0,7,7,5,1,0,0,1,0,0,0,0,2,1,5,6,1,68,10,2149,2,14,MERCEDES C CLASS,3,E01029968,0,-1
2021471026114,2021,471026114,1,9,0,5,5,2,6,0,0,2,0,0,0,0,1,1,5,6,1,24,5,2148,2,15,MERCEDES C CLASS,2,E01016918,0,-1
2021111108504,2021,111108504,1,9,0,11,11,2,8,0,0,0,0,0,0,0,2,1,1,1,1,50,8,2685,2,16,MERCEDES C CLASS,3,E01008396,0,-1
2021461065153,2021,461065153,1,9,0,18,19,1,4,0,0,0,0,0,0,0,1,1,6,6,1,32,6,2143,12,6,MERCEDES C CLASS,8,E01016082,0,-1