collision_index,collision_year,collision_ref_no,vehicle_reference,vehicle_type,towing_and_articulation,vehicle_manoeuvre_historic,vehicle_manoeuvre,vehicle_direction_from,vehicle_direction_to,vehicle_location_restricted_lane_historic,vehicle_location_restricted_lane,junction_location,skidding_and_overturning,hit_object_in_carriageway,vehicle_leaving_carriageway,hit_object_off_carriageway,first_point_of_impact,vehicle_left_hand_drive,journey_purpose_of_driver_historic,journey_purpose_of_driver,sex_of_driver,age_of_driver,age_band_of_driver,engine_capacity_cc,propulsion_code,age_of_vehicle,generic_make_model,driver_imd_decile,lsoa_of_driver,escooter_flag,driver_distance_banding
2021010314418,2021,010314418,2,9,0,99,99,9,9,99,99,9,9,99,9,99,1,9,6,6,3,29,6,1497,8,1,MERCEDES C CLASS,8,E01001106,0,-1
2021421092792,2021,421092792,2,9,0,18,19,1,5,0,0,8,0,0,0,0,3,1,5,6,2,48,8,1950,2,1,MERCEDES C CLASS,6,E01021796,0,-1
2021451061037,2021,451061037,1,9,0,18,19,4,8,9,9,1,0,0,0,0,1,1,5,6,2,20,4,2143,2,4,MERCEDES C CLASS,9,E01030685,0,-1
2021010346130,2021,010346130,3,9,0,2,2,0,0,9,9,0,0,0,0,0,2,1,6,6,3,-1,-1,1598,2,5,MERCEDES C CLASS,-1,-1,0,-1
2021138361079,2021,138361079,1,9,0,9,9,4,2,0,0,8,0,0,0,0,1,1,6,6,1,42,7,2143,2,4,MERCEDES C CLASS,7,E01011800,0,-1
2021421016606,2021,421016606,2,9,0,4,4,7,3,0,0,8,0,0,0,0,1,1,2,2,1,39,7,1796,1,13,MERCEDES C CLASS,3,E01015891,0,-1
2021010305454,2021,010305454,2,9,0,99,99,9,9,99,99,9,9,99,9,99,9,9,6,6,3,33,6,1796,1,10,MERCEDES C CLASS,6,E01003705,0,-1
2021451089246,2021,451089246,1,9,0,3,3,1,5,0,0,1,0,0,0,0,2,1,6,6,2,54,8,1796,1,13,MERCEDES C CLASS,2,E01001081,0,-1
2021010311919,2021,010311919,1,9,0,9,9,1,7,0,0,8,0,0,0,0,1,1,6,6,1,28,6,2143,2,9,MERCEDES C CLASS,10,E01018292,0,-1
2021451062255,2021,451062255,2,9,0,18,19,5,1,0,0,1,0,0,0,0,2,1,2,2,1,21,5,2148,2,13,MERCEDES C CLASS,3,E01002589,0,-1
2021010298478,2021,010298478,1,9,0,18,19,5,1,0,0,1,0,0,0,0,1,1,6,6,1,25,5,2143,2,7,MERCEDES C CLASS,5,E01004057,0,-1
2021430560462,2021,430560462,1,9,0,9,9,2,8,0,0,6,0,0,0,0,1,1,6,6,1,20,4,1991,1,4,MERCEDES C CLASS,9,E01016432,0,-1
2021440187111,2021,440187111,2,9,0,18,19,0,0,0,0,0,0,0,0,0,2,1,6,6,3,-1,-1,2143,2,8,MERCEDES C CLASS,-1,-1,0,-1
2021451063188,2021,451063188,2,9,0,18,19,7,3,0,0,0,0,0,5,6,3,1,2,2,2,53,8,2143,2,5,MERCEDES C CLASS,5,E01032726,0,-1
2021302101096,2021,302101096,1,9,0,3,3,2,6,0,0,3,0,0,0,0,2,1,6,6,2,35,6,2143,2,6,MERCEDES C CLASS,9,E01019751,0,-1
2021010331792,2021,010331792,1,9,0,99,99,9,9,99,99,9,9,99,9,99,2,9,6,6,1,26,6,1796,1,17,MERCEDES C CLASS,3,E01004228,0,-1
2021010336562,2021,010336562,1,9,0,18,19,1,5,0,0,1,0,0,0,0,4,1,6,6,1,35,6,1991,8,4,MERCEDES C CLASS,2,E01002077,0,-1
2021052102437,2021,052102437,2,9,0,18,19,3,7,0,0,8,0,0,0,0,4,1,6,6,1,41,7,1950,2,2,MERCEDES C CLASS,6,E01006499,0,-1
2021161057368,2021,161057368,2,9,0,16,19,7,2,0,0,0,0,0,0,0,1,1,5,6,2,53,8,2143,2,4,MERCEDES C CLASS,9,E01013115,0,-1
2021461047322,2021,461047322,1,9,0,4,4,3,7,0,0,1,0,0,0,0,2,1,2,2,2,53,8,2143,2,11,MERCEDES C CLASS,1,E01024657,0,-1
2021320208951,2021,320208951,2,9,0,2,2,0,0,0,0,2,0,4,0,0,2,1,6,6,2,37,7,2149,2,14,MERCEDES C CLASS,9,E01028264,0,-1
2021070113310,2021,070113310,1,9,0,9,9,3,7,0,0,2,0,0,0,0,0,1,6,6,2,35,6,2143,2,9,MERCEDES C CLASS,-1,-1,0,-1
2021010346086,2021,010346086,1,9,0,3,3,4,8,0,0,1,0,0,0,0,1,1,6,6,2,52,8,2143,2,4,MERCEDES C CLASS,5,E01004057,0,-1
2021061096456,2021,061096456,2,9,0,2,2,1,1,0,0,0,0,0,0,0,3,1,6,6,1,46,8,2143,2,7,MERCEDES C CLASS,-1,-1,0,-1
2021041031288,2021,041031288,1,9,0,18,19,4,8,0,0,0,0,0,0,0,1,1,6,6,1,28,6,2143,2,4,MERCEDES C CLASS,4,E01012469,0,-1
2021351090339,2021,351090339,1,9,0,5,5,3,1,0,0,8,0,0,0,0,1,1,2,2,1,34,6,2148,2,14,MERCEDES C CLASS,8,E01033117,0,-1
2021061076628,2021,061076628,2,9,5,13,13,7,7,0,0,0,0,0,0,0,1,1,5,6,3,-1,-1,2143,2,6,MERCEDES C CLASS,-1,-1,0,-1
2021141114288,2021,141114288,1,9,0,18,19,3,7,0,0,0,0,0,0,0,1,1,6,6,3,-1,-1,1796,1,17,MERCEDES C CLASS,-1,-1,0,-1
2021201146001,2021,201146001,1,9,0,5,5,2,6,0,0,4,0,0,0,0,3,1,6,6,1,24,5,2143,2,6,MERCEDES C CLASS,2,E01010102,0,-1
202163A074521,2021,63A074521,2,9,0,5,5,8,4,0,0,6,0,0,3,10,3,1,6,6,1,88,11,2143,2,8,MERCEDES C CLASS,6,W01000574,0,-1
2021522105371,2021,522105371,1,9,0,18,19,3,7,0,0,0,0,0,0,0,1,1,6,6,1,30,6,2685,2,20,MERCEDES C CLASS,8,E01014396,0,-1
2021010300813,2021,010300813,2,9,0,99,99,9,9,99,99,9,9,99,9,99,9,9,6,6,3,23,5,1796,1,11,MERCEDES C CLASS,3,E01003104,0,-1
2021461061445,2021,461061445,1,9,0,5,5,5,1,0,0,0,0,0,3,0,1,1,5,6,2,67,10,1796,1,15,MERCEDES C CLASS,3,E01024264,0,-1
2021201147015,2021,201147015,2,9,0,7,7,7,2,0,0,5,0,0,0,0,2,1,6,6,1,21,5,2143,2,6,MERCEDES C CLASS,3,E01033561,0,-1
2021010332277,2021,010332277,1,9,0,99,99,9,9,99,99,9,9,99,9,99,2,9,6,6,1,36,7,1497,1,2,MERCEDES C CLASS,-1,-1,0,-1
2021061034714,2021,061034714,1,9,0,18,19,3,3,0,0,0,0,0,0,0,1,1,6,6,3,30,6,1497,8,1,MERCEDES C CLASS,-1,-1,0,-1
2021010296635,2021,010296635,1,9,0,4,4,5,1,6,6,0,0,0,0,0,1,1,2,2,2,34,6,1991,1,3,MERCEDES C CLASS,2,E01004364,0,-1
2021461128379,2021,461128379,1,9,0,9,9,1,2,0,0,1,0,0,0,0,4,1,5,6,2,66,10,1998,1,20,MERCEDES C CLASS,9,E01024338,0,-1
2021471099595,2021,471099595,1,9,0,18,19,6,2,0,0,0,0,12,1,11,1,1,5,6,2,35,6,2143,2,3,MERCEDES C CLASS,6,E01031661,0,-1
2021010310171,2021,010310171,1,9,9,99,99,9,9,0,0,9,0,0,0,0,9,9,6,6,1,30,6,1991,8,5,MERCEDES C CLASS,4,E01000504,0,-1
2021010340874,2021,010340874,2,9,0,99,99,9,9,99,99,9,9,99,9,99,9,9,6,6,3,-1,-1,2143,2,6,MERCEDES C CLASS,1,E01003577,0,-1
2021010319637,2021,010319637,1,9,0,9,9,7,5,0,0,1,0,0,0,0,4,1,1,1,1,55,8,1991,8,5,MERCEDES C CLASS,7,E01002930,0,-1
2021451106715,2021,451106715,1,9,0,18,19,5,1,0,0,0,0,0,0,0,1,1,5,6,1,22,5,1991,1,3,MERCEDES C CLASS,5,E01030664,0,-1
202131C062721,2021,31C062721,2,9,0,18,19,3,7,0,0,8,0,0,0,0,4,1,6,6,1,53,8,1991,1,2,MERCEDES C CLASS,4,E01019690,0,-1
2021430423986,2021,430423986,1,9,0,4,4,4,8,0,0,8,0,0,0,0,2,1,6,6,1,37,7,1796,1,14,MERCEDES C CLASS,9,E01003910,0,-1
2021501084876,2021,501084876,1,9,0,18,19,1,5,0,0,0,0,0,0,0,1,1,6,6,2,69,10,2148,2,14,MERCEDES C CLASS,8,E01019968,0,-1
2021361039755,2021,361039755,1,9,0,18,19,8,4,0,0,0,0,0,0,0,3,1,5,6,2,35,6,2143,2,6,MERCEDES C CLASS,8,E01026860,0,-1
2021461093654,2021,461093654,1,9,0,18,19,7,3,0,0,2,0,0,0,0,1,1,2,2,1,33,6,2148,2,17,MERCEDES C CLASS,6,E01024371,0,-1
2021010318090,2021,010318090,2,9,0,9,9,7,5,0,0,6,0,0,0,0,4,1,6,6,1,35,6,2143,2,9,MERCEDES C CLASS,2,E01001760,0,-1
2021141054583,2021,141054583,2,9,0,18,19,6,3,0,0,1,0,0,0,0,1,1,6,6,2,73,10,2148,2,13,MERCEDES C CLASS,9,E01007581,0,-1
2021131048088,2021,131048088,2,9,0,18,19,5,1,0,0,8,0,0,0,0,0,1,6,6,1,28,6,1991,1,1,MERCEDES C CLASS,2,E01010930,0,-1
2021461078032,2021,461078032,1,9,0,9,9,1,7,0,0,0,0,0,0,0,3,1,5,6,1,68,10,1998,1,22,MERCEDES C CLASS,5,E01024198,0,-1
2021010348982,2021,010348982,1,9,0,7,7,1,4,0,0,6,0,0,0,0,1,1,1,1,1,54,8,2143,2,12,MERCEDES C CLASS,8,E01002160,0,-1
2021010297127,2021,010297127,2,9,0,9,9,5,3,0,0,4,0,0,0,0,3,1,6,6,1,32,6,2143,2,5,MERCEDES C CLASS,2,E01004243,0,-1
2021231089998,2021,231089998,2,9,0,18,19,1,5,0,0,0,0,0,0,0,4,1,5,6,1,25,5,1950,2,0,MERCEDES C CLASS,2,E01009383,0,-1
2021451102195,2021,451102195,2,9,0,4,4,8,4,0,0,0,0,0,0,0,1,1,5,6,1,50,8,1796,1,17,MERCEDES C CLASS,7,E01002494,0,-1
2021421122111,2021,421122111,2,9,0,12,12,1,5,0,0,0,0,0,0,0,4,1,6,6,2,29,6,2143,2,5,MERCEDES C CLASS,5,E01003756,0,-1
2021430391355,2021,430391355,1,9,0,18,19,7,3,0,0,0,1,11,0,0,1,1,6,6,1,24,5,1497,1,2,MERCEDES C CLASS,7,E01002173,0,-1
2021440255884,2021,440255884,1,9,0,5,5,7,3,0,0,1,0,0,0,0,1,1,6,6,1,59,9,2143,2,11,MERCEDES C CLASS,6,E01023008,0,-1
2021170S41021,2021,170S41021,1,9,0,18,19,1,5,0,0,8,0,0,0,0,0,1,2,2,1,74,10,2148,2,13,MERCEDES C CLASS,7,E01012269,0,-1
2021010325172,2021,010325172,3,9,0,2,2,0,0,0,0,2,0,0,0,0,0,1,6,6,3,-1,-1,1991,1,4,MERCEDES C CLASS,-1,-1,0,-1
2021170M10291,2021,170M10291,1,9,0,9,9,1,7,0,0,8,0,0,0,0,1,1,6,6,1,36,7,2143,2,7,MERCEDES C CLASS,-1,-1,0,-1
2021010334820,2021,010334820,2,9,0,9,9,7,5,0,0,5,0,0,0,0,1,1,6,6,1,48,8,2148,2,19,MERCEDES C CLASS,4,E01001896,0,-1
2021440005564,2021,440005564,3,9,0,16,19,7,1,0,0,1,0,0,0,0,3,1,6,6,1,54,8,2143,2,7,MERCEDES C CLASS,10,E01022972,0,-1
202134NNC7281,2021,34NNC7281,2,9,0,18,19,5,1,0,0,8,0,0,0,0,3,1,6,6,1,57,9,2143,2,9,MERCEDES C CLASS,8,E01032969,0,-1
2021541851521,2021,541851521,1,9,0,18,19,7,3,0,0,8,0,0,0,0,1,1,1,1,1,38,7,1597,2,2,MERCEDES C CLASS,10,E01017939,0,-1
2021010320668,2021,010320668,2,9,0,18,19,2,6,0,0,1,0,0,0,0,2,1,6,6,1,-1,-1,1950,2,2,MERCEDES C CLASS,-1,-1,0,-1
2021070844605,2021,070844605,2,9,0,4,4,5,1,0,0,0,0,0,0,0,2,1,6,6,2,34,6,2143,2,5,MERCEDES C CLASS,8,E01029790,0,-1
2021041069926,2021,041069926,1,9,0,18,19,3,7,9,9,0,0,0,0,0,3,1,6,6,1,75,10,2143,2,7,MERCEDES C CLASS,5,E01012710,0,-1
2021010308706,2021,010308706,1,8,0,7,7,3,6,0,0,6,1,7,0,0,1,1,6,6,1,29,6,2143,12,6,MERCEDES C CLASS,1,E01002037,0,-1
2021141115135,2021,141115135,1,9,0,18,19,6,1,0,0,0,0,0,1,0,1,1,6,6,2,23,5,2148,2,13,MERCEDES C CLASS,6,E01007598,0,-1
2021010333084,2021,010333084,1,9,0,9,9,7,5,0,0,5,0,0,0,0,1,1,2,2,1,29,6,1991,1,2,MERCEDES C CLASS,8,E01000311,0,-1
2021421056314,2021,421056314,1,9,0,7,7,5,7,0,0,2,0,0,0,0,0,1,6,6,2,28,6,2143,2,3,MERCEDES C CLASS,5,E01033141,0,-1
2021451114775,2021,451114775,2,9,0,17,19,5,1,0,0,0,0,0,0,0,1,1,6,6,1,43,7,1595,1,7,MERCEDES C CLASS,9,E01030836,0,-1
2021010311814,2021,010311814,1,9,0,99,99,9,9,99,99,9,9,99,9,99,1,9,6,6,2,34,6,2148,2,15,MERCEDES C CLASS,4,E01003231,0,-1
2021061135098,2021,061135098,2,9,0,9,9,1,7,0,0,8,0,0,0,0,1,1,6,6,2,68,10,2143,2,9,MERCEDES C CLASS,9,E01005835,0,-1
2021421061053,2021,421061053,1,9,0,18,19,5,1,0,0,0,0,0,0,0,1,1,6,6,2,48,8,2143,2,5,MERCEDES C CLASS,3,E01021836,0,-1
2021010335695,2021,010335695,1,9,0,9,9,5,3,0,0,5,0,0,0,0,1,1,6,6,1,22,5,1991,8,5,MERCEDES C CLASS,4,E01003929,0,-1
2021010349532,2021,010349532,1,9,0,18,19,5,1,0,0,1,0,10,0,0,1,1,6,6,2,33,6,2143,2,4,MERCEDES C CLASS,1,E01001013,0,-1
2021522104485,2021,522104485,1,9,0,18,19,6,2,0,0,0,0,0,0,0,2,1,6,6,1,36,7,1598,2,5,MERCEDES C CLASS,-1,-1,0,-1
2021201136033,2021,201136033,1,9,0,18,19,4,8,0,0,2,1,10,1,4,1,1,6,6,1,49,8,2143,2,6,MERCEDES C CLASS,-1,-1,0,-1
2021010312568,2021,010312568,1,9,0,18,19,7,3,0,0,1,0,0,0,0,1,1,6,6,1,30,6,2143,2,5,MERCEDES C CLASS,7,E01003287,0,-1
2021451104190,2021,451104190,2,9,0,9,9,1,5,0,0,8,0,0,0,0,1,1,5,6,2,51,8,1796,1,16,MERCEDES C CLASS,5,E01002950,0,-1
2021052101793,2021,052101793,2,9,0,2,2,0,0,0,0,0,0,0,0,0,2,1,6,6,3,-1,-1,2143,2,11,MERCEDES C CLASS,-1,-1,0,-1
2021052101987,2021,052101987,2,9,0,18,19,1,5,0,0,8,0,0,0,0,1,1,6,6,2,35,6,2143,2,5,MERCEDES C CLASS,6,E01007029,0,-1
2021101022846,2021,101022846,2,9,0,3,3,5,1,0,0,1,0,0,0,0,3,1,1,1,1,29,6,2143,2,3,MERCEDES C CLASS,8,E01008525,0,-1
2021201044429,2021,201044429,2,9,0,2,2,0,0,0,0,0,0,0,0,0,1,1,6,6,3,-1,-1,2143,2,9,MERCEDES C CLASS,-1,-1,0,-1
2021411116664,2021,411116664,1,9,0,18,19,3,7,0,0,1,0,0,0,0,1,1,6,6,2,-1,-1,2143,2,4,MERCEDES C CLASS,6,E01023554,0,-1
2021070792546,2021,070792546,1,9,0,18,19,6,1,0,0,1,0,0,0,0,1,1,6,6,1,-1,-1,2143,2,4,MERCEDES C CLASS,-1,-1,0,-1
2021010313541,2021,010313541,1,9,9,18,19,7,3,99,99,9,9,99,0,0,9,9,6,6,2,25,5,1796,1,15,MERCEDES C CLASS,6,E01001083,0,-1
2021101094880,2021,101094880,1,9,0,18,19,1,5,0,0,8,0,0,0,0,1,1,6,6,1,40,7,2148,2,13,MERCEDES C CLASS,10,E01008378,0,-1
2021421071582,2021,421071582,2,9,0,18,19,4,8,0,0,0,0,0,0,0,2,1,6,6,2,40,7,2143,2,4,MERCEDES C CLASS,2,E01002310,0,-1
2021010322135,2021,010322135,2,9,0,18,19,5,1,9,9,4,1,10,1,10,1,1,6,6,1,35,6,1796,1,16,MERCEDES C CLASS,8,E01003361,0,-1
2021010318632,2021,010318632,2,9,0,18,19,1,5,0,0,1,0,0,0,0,9,1,6,6,1,-1,-1,2143,2,5,MERCEDES C CLASS,-1,-1,0,-1
20211383N1881,2021,1383N1881,2,9,0,9,9,8,6,0,0,1,0,0,0,0,3,1,1,1,1,38,7,2143,2,7,MERCEDES C CLASS,1,E01010744,0,-1
2021010351479,2021,010351479,1,9,0,3,3,3,7,0,0,1,0,0,0,0,2,1,6,6,1,27,6,2143,2,4,MERCEDES C CLASS,6,E01003711,0,-1
202131D144521,2021,31D144521,2,9,0,18,19,4,8,0,0,8,2,0,1,1,4,1,6,6,1,62,9,2496,1,15,MERCEDES C CLASS,9,E01028394,0,-1
2021010293417,2021,010293417,2,9,0,99,99,9,9,99,99,1,9,99,9,99,2,9,6,6,1,68,10,2143,2,8,MERCEDES C CLASS,4,E01023779,0,-1
2021201090863,2021,201090863,1,9,0,18,19,2,5,0,0,2,0,0,0,0,1,1,6,6,1,20,4,1796,1,16,MERCEDES C CLASS,1,E01008905,0,-1
2021430140276,2021,430140276,1,9,0,18,19,7,3,0,0,0,0,0,1,7,1,1,6,6,1,71,10,1991,1,6,MERCEDES C CLASS,8,E01023732,0,-1
2021201085278,2021,201085278,1,9,0,12,12,6,2,0,0,0,0,0,0,0,3,1,2,2,1,53,8,2148,2,13,MERCEDES C CLASS,4,E01014128,0,-1
2021440002742,2021,440002742,2,9,0,2,2,0,0,0,0,0,0,0,0,0,1,1,6,6,1,42,7,2143,2,6,MERCEDES C CLASS,6,E01022919,0,-1
2021010317558,2021,010317558,2,9,0,4,4,5,1,0,0,0,0,0,0,0,2,1,1,1,1,45,7,1991,8,5,MERCEDES C CLASS,6,E01004216,0,-1
202106A079306,2021,06A079306,2,9,0,18,19,7,3,0,0,8,0,0,0,0,1,1,6,6,1,35,6,1796,1,16,MERCEDES C CLASS,3,E01005066,0,-1
2021010319385,2021,010319385,2,9,0,99,99,9,9,0,0,6,0,0,0,0,3,1,6,6,2,32,6,1497,8,0,MERCEDES C CLASS,7,E01002819,0,-1
2021201149209,2021,201149209,3,9,0,18,19,4,6,0,0,6,0,0,0,0,3,1,5,6,1,50,8,1991,1,3,MERCEDES C CLASS,7,E01010024,0,-1
2021010352508,2021,010352508,1,9,0,7,7,5,7,0,0,6,0,0,0,0,0,1,6,6,2,60,9,1991,1,3,MERCEDES C CLASS,4,E01000745,0,-1
2021461100137,2021,461100137,3,9,0,2,2,0,0,0,0,0,0,0,0,0,3,1,6,6,3,-1,-1,2143,2,4,MERCEDES C CLASS,-1,-1,0,-1
2021010329559,2021,010329559,2,9,9,99,99,9,9,99,99,9,9,99,9,99,9,9,6,6,3,-1,-1,1991,8,5,MERCEDES C CLASS,5,E01003945,0,-1
202106L079212,2021,06L079212,2,9,0,18,19,4,8,0,0,1,0,0,0,0,1,1,6,6,3,30,6,2148,2,15,MERCEDES C CLASS,-1,-1,0,-1
2021061100551,2021,061100551,1,9,0,4,4,3,7,0,0,1,0,0,0,0,2,1,6,6,1,40,7,2143,2,8,MERCEDES C CLASS,6,E01005168,0,-1
2021430065102,2021,430065102,1,9,0,18,19,7,3,0,0,4,0,0,0,0,1,1,1,1,2,30,6,1796,1,16,MERCEDES C CLASS,-1,-1,0,-1
2021010295548,2021,010295548,2,9,0,99,99,9,9,99,99,9,9,99,9,99,1,9,6,6,3,-1,-1,2143,2,10,MERCEDES C CLASS,-1,-1,0,-1
2021010328829,2021,010328829,1,9,0,18,19,5,1,0,0,1,0,0,0,0,1,1,6,6,1,61,9,1598,2,5,MERCEDES C CLASS,8,E01033610,0,-1
2021461058033,2021,461058033,2,9,0,4,4,3,7,0,0,0,0,0,0,0,2,1,2,2,1,33,6,2143,2,9,MERCEDES C CLASS,3,E01024600,0,-1
2021522105856,2021,522105856,3,9,0,3,3,1,5,0,0,0,0,0,0,0,2,1,6,6,2,45,7,1991,1,7,MERCEDES C CLASS,-1,-1,0,-1
2021991057121,2021,991057121,2,9,0,5,5,3,7,0,0,1,0,0,0,0,3,1,6,6,1,36,7,2148,2,15,MERCEDES C CLASS,4,-1,0,-1
2021461092873,2021,461092873,1,9,0,5,5,3,6,0,0,0,0,0,0,0,1,1,6,6,1,-1,-1,2496,1,15,MERCEDES C CLASS,-1,-1,0,-1
2021552100773,2021,552100773,1,9,0,18,19,1,5,0,0,6,0,0,1,0,1,1,6,6,1,54,8,1950,2,0,MERCEDES C CLASS,10,E01015459,0,-1
2021361107196,2021,361107196,2,9,0,18,19,3,8,0,0,0,0,0,0,0,1,1,5,6,1,77,11,2143,2,4,MERCEDES C CLASS,6,E01026781,0,-1
2021010312923,2021,010312923,1,9,0,5,5,3,7,0,0,2,0,0,0,0,1,1,6,6,2,34,6,1796,1,9,MERCEDES C CLASS,2,E01003920,0,-1
2021010304165,2021,010304165,1,9,0,99,99,9,9,99,99,9,9,99,9,99,1,9,6,6,1,45,7,1597,1,12,MERCEDES C CLASS,1,E01001155,0,-1
2021421064002,2021,421064002,1,9,0,9,9,5,3,0,0,1,0,0,0,0,4,1,6,6,2,25,5,2143,2,8,MERCEDES C CLASS,10,E01021754,0,-1
2021542827521,2021,542827521,1,9,0,18,19,8,4,0,0,0,0,0,0,0,1,1,6,6,1,89,11,2148,2,16,MERCEDES C CLASS,4,E01032070,0,-1
2021010339960,2021,010339960,2,9,0,2,2,0,0,0,0,0,0,0,0,0,1,1,6,6,3,-1,-1,2143,2,10,MERCEDES C CLASS,-1,-1,0,-1
202131C051421,2021,31C051421,2,9,0,9,9,8,6,0,0,6,0,0,0,0,4,1,6,6,1,22,5,2143,2,6,MERCEDES C CLASS,1,E01013859,0,-1
2021041045574,2021,041045574,2,9,0,18,19,5,1,0,0,1,0,0,0,0,1,1,6,6,1,41,7,1497,1,2,MERCEDES C CLASS,2,E01024941,0,-1
2021041026946,2021,041026946,1,9,0,18,19,2,6,0,0,1,0,0,0,0,1,1,1,1,2,48,8,1796,1,15,MERCEDES C CLASS,1,E01012622,0,-1
2021010292798,2021,010292798,2,9,0,18,19,1,5,0,0,0,0,0,0,0,4,1,1,1,1,33,6,2148,2,16,MERCEDES C CLASS,6,E01033463,0,-1
2021138350876,2021,138350876,2,9,0,5,5,5,1,8,6,0,0,0,0,0,1,1,6,6,1,33,6,2143,2,10,MERCEDES C CLASS,1,E01010739,0,-1
2021231047296,2021,231047296,2,9,0,2,2,0,0,0,0,0,0,0,0,0,2,1,5,6,1,43,7,1598,2,5,MERCEDES C CLASS,1,E01009489,0,-1
2021201133453,2021,201133453,1,9,0,18,19,8,4,0,0,0,0,0,0,0,3,1,3,7,1,40,7,2143,2,7,MERCEDES C CLASS,7,E01009975,0,-1
2021991048091,2021,991048091,2,9,0,2,2,1,5,0,0,0,0,0,0,0,2,1,5,6,2,71,10,2143,2,7,MERCEDES C CLASS,7,-1,0,-1
2021371067670,2021,371067670,1,9,0,18,19,7,3,0,0,1,5,0,1,2,3,1,5,6,1,44,7,1991,8,3,MERCEDES C CLASS,9,E01030124,0,-1
2021010315574,2021,010315574,2,9,0,2,2,0,0,0,0,0,0,0,0,0,1,1,6,6,3,-1,-1,1597,1,12,MERCEDES C CLASS,-1,-1,0,-1
2021031030350,2021,031030350,1,9,0,17,19,2,4,0,0,0,0,0,7,0,1,1,6,6,1,34,6,1796,1,16,MERCEDES C CLASS,-1,-1,0,-1
2021010327480,2021,010327480,2,9,0,99,99,9,9,99,99,9,9,99,9,99,1,9,6,6,3,-1,-1,1796,1,15,MERCEDES C CLASS,2,E01004219,0,-1
2021010331978,2021,010331978,1,9,0,4,4,7,3,0,0,1,0,0,0,0,1,1,6,6,1,34,6,1796,1,16,MERCEDES C CLASS,-1,-1,0,-1
2021010305991,2021,010305991,1,9,0,6,6,5,5,0,0,1,0,0,0,0,3,1,6,6,2,49,8,1796,1,17,MERCEDES C CLASS,7,E01030577,0,-1
2021430519052,2021,430519052,2,9,0,18,19,3,7,0,0,1,0,0,0,0,1,1,2,2,1,45,7,1991,1,6,MERCEDES C CLASS,2,E01016726,0,-1
2021302101295,2021,302101295,1,9,0,18,19,6,8,0,0,2,0,0,0,0,3,1,6,6,3,-1,-1,1595,1,9,MERCEDES C CLASS,5,E01019456,0,-1
2021131085924,2021,131085924,2,9,0,4,4,3,1,0,0,8,0,0,0,0,1,1,5,6,2,31,6,2143,2,7,MERCEDES C CLASS,2,E01011862,0,-1
2021361125972,2021,361125972,2,9,0,18,19,7,3,0,0,0,1,0,1,0,1,1,5,6,1,34,6,2996,1,14,MERCEDES C CLASS,2,E01018063,0,-1
2021010309870,2021,010309870,1,9,0,6,6,1,1,0,0,1,0,0,0,0,1,1,6,6,1,35,6,1796,1,15,MERCEDES C CLASS,4,E01021272,0,-1
2021041072831,2021,041072831,2,9,0,4,4,5,1,0,0,1,0,0,0,0,1,1,5,6,1,58,9,1991,8,4,MERCEDES C CLASS,8,E01025272,0,-1
202131D126921,2021,31D126921,1,9,0,18,19,8,4,0,0,0,0,0,7,9,1,1,6,6,1,28,6,1991,1,7,MERCEDES C CLASS,6,E01015775,0,-1
2021430136514,2021,430136514,2,9,0,18,19,5,1,0,0,0,0,0,0,0,4,1,6,6,1,56,9,1991,1,4,MERCEDES C CLASS,8,E01025781,0,-1
2021010343870,2021,010343870,2,9,0,18,19,5,1,99,99,9,9,0,0,0,1,1,6,6,1,30,6,2143,2,11,MERCEDES C CLASS,5,E01000268,0,-1
2021430267120,2021,430267120,1,9,0,18,19,4,8,0,0,0,0,0,0,0,1,1,3,7,2,45,7,1991,8,5,MERCEDES C CLASS,10,E01016619,0,-1
2021010339250,2021,010339250,1,9,0,9,9,7,6,0,0,1,0,0,0,0,1,1,6,6,1,41,7,1991,8,5,MERCEDES C CLASS,6,E01033582,0,-1
2021141115533,2021,141115533,1,9,0,18,19,3,8,0,0,0,0,10,6,0,3,1,5,6,1,33,6,2143,2,3,MERCEDES C CLASS,3,E01007569,0,-1
2021010331440,2021,010331440,3,9,0,3,3,5,1,0,0,0,0,0,0,0,2,1,6,6,1,36,7,2143,2,6,MERCEDES C CLASS,-1,-1,0,-1
2021622100281,2021,622100281,2,9,0,18,19,6,2,0,0,1,0,0,0,0,1,1,6,6,1,33,6,2685,2,16,MERCEDES C CLASS,7,W01000873,0,-1
2021421043011,2021,421043011,1,9,0,18,19,7,3,0,0,0,0,0,0,0,1,1,6,6,1,27,6,6208,1,7,MERCEDES C CLASS,4,E01021785,0,-1
202131B019921,2021,31B019921,3,9,0,18,19,3,7,0,0,1,1,0,0,0,1,1,6,6,1,41,7,2143,2,4,MERCEDES C CLASS,2,E01028223,0,-1