collision_index,collision_year,collision_ref_no,vehicle_reference,vehicle_type,towing_and_articulation,vehicle_manoeuvre_historic,vehicle_manoeuvre,vehicle_direction_from,vehicle_direction_to,vehicle_location_restricted_lane_historic,vehicle_location_restricted_lane,junction_location,skidding_and_overturning,hit_object_in_carriageway,vehicle_leaving_carriageway,hit_object_off_carriageway,first_point_of_impact,vehicle_left_hand_drive,journey_purpose_of_driver_historic,journey_purpose_of_driver,sex_of_driver,age_of_driver,age_band_of_driver,engine_capacity_cc,propulsion_code,age_of_vehicle,generic_make_model,driver_imd_decile,lsoa_of_driver,escooter_flag,driver_distance_banding
2021010298976,2021,010298976,1,9,0,3,3,3,7,0,0,1,0,0,0,0,1,1,2,2,2,50,8,2143,2,11,MERCEDES C CLASS,6,E01003281,0,-1
2021622100633,2021,622100633,2,9,0,18,19,8,4,0,0,1,0,0,0,0,1,1,6,6,1,69,10,2143,2,9,MERCEDES C CLASS,2,W01001750,0,-1
2021052102316,2021,052102316,1,9,0,18,19,7,3,0,0,8,0,0,0,0,1,1,1,1,1,30,6,2143,2,5,MERCEDES C CLASS,1,E01006429,0,-1
2021231068811,2021,231068811,1,9,0,13,13,2,6,0,0,8,0,0,7,0,1,1,2,2,1,35,6,1796,1,13,MERCEDES C CLASS,3,E01031332,0,-1
2021010325273,2021,010325273,3,9,0,99,99,9,9,99,99,9,9,99,9,99,1,9,6,6,3,-1,-1,2148,2,13,MERCEDES C CLASS,-1,-1,0,-1
2021211056345,2021,211056345,2,9,0,18,19,4,8,0,0,0,0,0,0,0,3,1,6,6,1,30,6,1950,2,3,MERCEDES C CLASS,-1,-1,0,-1
2021141104836,2021,141104836,1,9,0,9,9,3,1,0,0,6,1,0,0,0,1,1,5,6,1,47,8,2143,2,11,MERCEDES C CLASS,3,E01033265,0,-1
2021010339214,2021,010339214,2,9,0,18,19,7,3,0,0,8,1,0,0,0,2,2,6,6,1,31,6,2143,2,6,MERCEDES C CLASS,3,E01032764,0,-1
2021141109488,2021,141109488,2,9,0,4,4,4,8,0,0,0,0,0,0,0,2,1,5,6,1,48,8,2143,12,6,MERCEDES C CLASS,2,E01007497,0,-1
2021010310074,2021,010310074,2,9,0,99,99,9,9,99,99,9,9,99,9,99,1,9,6,6,3,-1,-1,1991,8,0,MERCEDES C CLASS,-1,-1,0,-1
2021010301448,2021,010301448,2,9,0,2,2,0,0,0,0,1,0,0,0,0,1,1,6,6,3,-1,-1,2149,2,14,MERCEDES C CLASS,-1,-1,0,-1
2021440196424,2021,440196424,2,9,0,18,19,7,3,0,0,0,0,0,0,0,1,1,6,6,3,-1,-1,2143,2,7,MERCEDES C CLASS,-1,-1,0,-1
2021010352775,2021,010352775,2,9,0,99,99,9,9,99,99,9,9,99,9,99,1,9,2,2,1,28,6,2143,2,9,MERCEDES C CLASS,10,E01017807,0,-1
2021010317078,2021,010317078,2,9,0,99,99,9,9,99,99,9,9,99,9,99,2,9,6,6,3,-1,-1,2148,2,18,MERCEDES C CLASS,-1,-1,0,-1
2021471125561,2021,471125561,2,9,0,18,19,5,1,0,0,8,0,0,0,0,1,1,5,6,1,26,6,2143,2,7,MERCEDES C CLASS,9,E01031623,0,-1
2021401064218,2021,401064218,1,9,0,18,19,7,3,0,0,0,0,0,0,0,1,1,6,6,1,53,8,2143,12,6,MERCEDES C CLASS,10,E01017604,0,-1
2021010319101,2021,010319101,1,9,0,18,19,5,1,0,0,8,0,0,0,0,0,1,6,6,1,38,7,1796,1,16,MERCEDES C CLASS,6,E01000267,0,-1
2021010321133,2021,010321133,2,9,0,99,99,9,9,99,99,9,9,99,9,99,9,9,6,6,3,-1,-1,1796,1,18,MERCEDES C CLASS,5,E01002229,0,-1
2021471064538,2021,471064538,1,9,0,11,11,7,3,0,0,0,0,0,0,0,4,1,6,6,2,33,6,2143,2,5,MERCEDES C CLASS,10,E01031389,0,-1
2021461095268,2021,461095268,3,9,0,4,4,5,1,0,0,0,0,0,0,0,2,1,5,6,1,42,7,2143,12,5,MERCEDES C CLASS,3,E01024534,0,-1
2021010337572,2021,010337572,2,9,0,18,19,1,5,0,0,1,0,0,0,0,1,1,3,7,2,33,6,2987,2,11,MERCEDES C CLASS,8,E01004081,0,-1
2021461070389,2021,461070389,1,9,0,18,19,1,5,0,0,0,0,0,0,0,4,1,6,6,1,35,6,1497,1,3,MERCEDES C CLASS,6,E01024276,0,-1
2021421041602,2021,421041602,1,9,0,14,14,7,3,0,0,0,0,0,0,0,4,1,6,6,1,50,8,2143,2,5,MERCEDES C CLASS,5,E01015926,0,-1
2021461065504,2021,461065504,2,9,0,3,3,8,5,0,0,1,0,0,0,0,2,1,3,7,2,40,7,2143,2,10,MERCEDES C CLASS,7,E01016058,0,-1
2021451125050,2021,451125050,2,9,0,4,4,2,5,0,0,0,0,0,0,0,2,1,5,6,1,60,9,1497,1,2,MERCEDES C CLASS,9,E01030705,0,-1
2021221058574,2021,221058574,1,9,0,3,3,1,5,0,0,0,0,0,0,0,3,1,5,6,1,67,10,2143,2,9,MERCEDES C CLASS,4,E01014017,0,-1
2021440485814,2021,440485814,1,9,0,18,19,7,3,0,0,4,1,0,0,0,1,1,6,6,1,44,7,2143,2,4,MERCEDES C CLASS,10,E01022848,0,-1
2021041066994,2021,041066994,2,9,0,18,19,5,1,0,0,1,0,0,1,0,1,1,2,2,2,59,9,2143,2,4,MERCEDES C CLASS,8,E01024993,0,-1
2021170H11031,2021,170H11031,1,9,0,18,19,4,8,0,0,8,0,0,0,0,4,1,6,6,2,22,5,2143,2,4,MERCEDES C CLASS,9,E01011971,0,-1
2021010350441,2021,010350441,1,9,0,4,4,6,2,0,0,0,0,0,0,0,2,1,6,6,3,31,6,1796,1,14,MERCEDES C CLASS,4,E01003118,0,-1
2021201100612,2021,201100612,2,9,0,18,19,3,7,0,0,1,0,0,0,0,1,1,6,6,2,26,6,2143,2,9,MERCEDES C CLASS,1,E01008909,0,-1
2021131085003,2021,131085003,1,9,0,9,9,3,1,9,9,8,0,7,0,0,1,1,6,6,1,55,8,1991,1,4,MERCEDES C CLASS,3,E01007799,0,-1
2021010302043,2021,010302043,1,9,0,7,7,3,6,0,0,0,0,0,0,0,1,1,1,1,1,21,5,2143,2,4,MERCEDES C CLASS,9,E01024056,0,-1
2021211046841,2021,211046841,1,9,0,18,19,2,6,0,0,1,0,0,0,0,1,1,6,6,1,28,6,2143,2,3,MERCEDES C CLASS,9,E01029364,0,-1
2021010302917,2021,010302917,2,9,0,9,9,3,1,0,0,8,0,0,0,0,1,1,6,6,1,29,6,2143,2,8,MERCEDES C CLASS,8,E01021282,0,-1
2021010328656,2021,010328656,2,9,0,9,9,3,1,0,0,8,0,0,0,0,1,1,6,6,3,-1,-1,1991,1,6,MERCEDES C CLASS,-1,-1,0,-1
2021401074930,2021,401074930,1,9,0,18,19,-1,-1,0,0,2,0,0,0,0,4,1,6,6,1,25,5,1991,1,4,MERCEDES C CLASS,3,E01017538,0,-1
2021461127524,2021,461127524,1,9,0,18,19,1,5,0,0,0,0,0,0,0,1,1,6,6,2,26,6,2143,2,5,MERCEDES C CLASS,5,E01024495,0,-1
2021010290196,2021,010290196,1,9,0,9,9,3,1,0,0,1,0,0,0,0,1,1,6,6,1,33,6,1796,1,16,MERCEDES C CLASS,2,E01003580,0,-1
2021421028134,2021,421028134,2,9,0,18,19,2,6,0,0,0,0,0,0,0,2,1,2,2,1,27,6,1796,1,19,MERCEDES C CLASS,2,E01021969,0,-1
2021010348510,2021,010348510,2,9,0,7,7,4,6,0,0,6,0,0,0,0,0,1,6,6,2,41,7,1991,1,7,MERCEDES C CLASS,4,E01003344,0,-1
2021131048510,2021,131048510,1,9,0,9,9,4,2,0,0,6,0,0,0,0,1,1,5,6,1,41,7,2143,2,11,MERCEDES C CLASS,1,E01011422,0,-1
2021421060547,2021,421060547,2,9,0,18,19,3,7,0,0,0,0,0,0,0,4,1,6,6,1,32,6,2143,2,5,MERCEDES C CLASS,4,E01021598,0,-1
2021111059460,2021,111059460,2,9,0,18,19,5,1,0,0,1,0,0,0,0,1,1,5,6,1,69,10,2143,2,9,MERCEDES C CLASS,7,E01020655,0,-1
2021061052052,2021,061052052,1,9,0,11,11,3,7,0,0,0,0,0,0,0,4,1,6,6,1,28,6,1950,2,1,MERCEDES C CLASS,10,E01017636,0,-1
2021010308807,2021,010308807,1,9,0,5,5,0,1,0,0,2,0,0,0,0,1,1,4,7,1,22,5,2143,2,6,MERCEDES C CLASS,1,E01003963,0,-1
2021451086586,2021,451086586,1,9,0,16,19,8,4,0,0,0,0,0,0,0,1,1,5,6,1,62,9,2987,2,13,MERCEDES C CLASS,10,E01030689,0,-1
2021411047268,2021,411047268,1,9,0,18,19,1,5,0,0,0,1,0,0,0,1,1,6,6,1,27,6,1497,1,1,MERCEDES C CLASS,3,E01004337,0,-1
2021170M11411,2021,170M11411,1,9,0,18,19,6,2,0,0,0,0,0,0,0,1,1,6,6,1,27,6,1598,2,6,MERCEDES C CLASS,6,E01012049,0,-1
2021010335320,2021,010335320,1,9,0,9,9,3,1,0,0,1,0,0,0,0,1,1,3,7,1,51,8,1991,8,4,MERCEDES C CLASS,6,E01002655,0,-1
2021231087016,2021,231087016,2,9,0,18,19,3,7,0,0,8,0,0,0,0,4,1,5,6,1,53,8,2143,2,3,MERCEDES C CLASS,8,E01031294,0,-1
2021440409308,2021,440409308,1,9,0,9,9,5,1,0,0,5,0,0,0,0,4,1,6,6,1,-1,-1,1598,2,5,MERCEDES C CLASS,-1,-1,0,-1
2021010314742,2021,010314742,2,9,0,18,19,7,3,0,0,8,0,0,0,0,1,1,2,2,2,46,8,1597,1,11,MERCEDES C CLASS,2,E01001432,0,-1
2021061044958,2021,061044958,2,9,0,18,19,1,5,0,0,0,0,0,0,0,2,1,5,6,1,23,5,2143,2,7,MERCEDES C CLASS,1,E01005086,0,-1
2021041143489,2021,041143489,2,9,0,18,19,5,1,0,0,0,0,7,5,0,2,1,5,6,1,61,9,2143,2,6,MERCEDES C CLASS,3,E01012497,0,-1
2021010304763,2021,010304763,1,9,0,18,19,2,6,0,0,6,0,0,0,0,1,1,6,6,1,33,6,2143,2,3,MERCEDES C CLASS,5,E01001641,0,-1
2021010340813,2021,010340813,1,9,0,99,99,9,9,99,99,9,9,99,9,99,1,9,6,6,3,-1,-1,1998,1,19,MERCEDES C CLASS,-1,-1,0,-1
2021010309350,2021,010309350,1,9,0,3,3,1,5,0,0,1,0,0,0,0,2,1,2,2,1,52,8,2148,2,11,MERCEDES C CLASS,9,E01004082,0,-1
2021211111749,2021,211111749,1,9,0,17,19,3,7,0,0,0,0,0,1,4,3,1,5,6,2,82,11,2143,2,7,MERCEDES C CLASS,-1,-1,0,-1
2021010308513,2021,010308513,1,9,0,9,9,7,5,0,0,3,0,0,0,0,4,2,2,2,1,27,6,2143,2,4,MERCEDES C CLASS,2,E01004746,0,-1
2021522105478,2021,522105478,1,9,0,3,3,2,6,0,0,8,0,0,0,0,1,1,6,6,2,35,6,2143,2,9,MERCEDES C CLASS,1,E01014589,0,-1
2021461035237,2021,461035237,1,9,0,18,19,1,5,0,0,0,0,0,0,0,1,1,6,6,1,52,8,2143,2,7,MERCEDES C CLASS,3,E01024509,0,-1
2021010331469,2021,010331469,1,9,0,99,99,9,9,99,99,9,9,99,9,99,1,9,6,6,1,32,6,2143,2,6,MERCEDES C CLASS,3,E01003997,0,-1
2021991081566,2021,991081566,1,9,0,5,5,3,7,0,0,1,0,0,0,0,1,1,6,6,1,55,8,2143,2,5,MERCEDES C CLASS,1,-1,0,-1
2021610049221,2021,610049221,1,9,0,18,19,8,4,0,0,8,0,0,0,0,1,1,6,6,1,48,8,1796,1,14,MERCEDES C CLASS,1,W01001421,0,-1
2021622100903,2021,622100903,1,9,0,18,19,4,8,0,0,0,1,0,0,0,1,1,1,1,1,66,10,1796,1,9,MERCEDES C CLASS,3,W01001018,0,-1
202131C008421,2021,31C008421,2,9,0,18,19,4,7,0,0,8,0,0,0,0,1,1,6,6,1,55,8,1598,2,4,MERCEDES C CLASS,6,E01007669,0,-1
2021010349662,2021,010349662,1,9,0,99,99,9,9,99,99,9,9,99,9,99,9,9,6,6,1,36,7,1991,8,5,MERCEDES C CLASS,4,E01004682,0,-1
2021010295618,2021,010295618,1,9,0,6,6,1,1,0,0,6,0,0,0,0,3,1,6,6,1,54,8,1950,2,2,MERCEDES C CLASS,3,E01002752,0,-1
2021041139990,2021,041139990,1,9,5,1,1,0,0,0,0,1,0,0,0,0,2,1,6,6,1,23,5,1796,1,18,MERCEDES C CLASS,1,E01024875,0,-1
2021548084621,2021,548084621,2,9,0,9,9,3,1,0,0,2,0,0,0,0,1,1,6,6,1,40,7,1796,1,16,MERCEDES C CLASS,8,E01031946,0,-1
2021010299203,2021,010299203,1,9,0,7,7,1,3,0,0,6,0,0,0,0,4,1,6,6,1,29,6,2143,2,11,MERCEDES C CLASS,-1,-1,0,-1
2021440278046,2021,440278046,1,9,0,18,19,4,8,0,0,1,0,0,0,0,1,1,6,6,1,30,6,2143,2,8,MERCEDES C CLASS,6,E01023155,0,-1
2021361058796,2021,361058796,4,9,0,2,2,3,3,0,0,0,0,0,0,0,2,1,6,6,3,-1,-1,2148,2,18,MERCEDES C CLASS,-1,-1,0,-1
2021421099261,2021,421099261,1,9,0,18,19,5,1,0,0,1,0,0,0,0,1,1,2,2,1,47,8,1991,8,3,MERCEDES C CLASS,5,E01021680,0,-1
2021201060674,2021,201060674,3,9,0,2,2,0,0,0,0,2,0,4,0,0,2,1,6,6,3,-1,-1,2148,2,13,MERCEDES C CLASS,-1,-1,0,-1
2021010302961,2021,010302961,1,9,0,18,19,3,7,0,0,1,0,11,4,1,1,1,6,6,2,32,6,2143,2,5,MERCEDES C CLASS,1,E01003087,0,-1
2021141013217,2021,141013217,1,9,0,5,5,7,3,0,0,1,0,0,0,0,1,1,6,6,1,50,8,2148,2,13,MERCEDES C CLASS,4,E01008161,0,-1
2021522102641,2021,522102641,1,9,0,5,5,1,5,0,0,8,0,0,0,0,1,1,6,6,1,88,11,1796,1,17,MERCEDES C CLASS,9,E01014382,0,-1
2021451092119,2021,451092119,2,9,0,18,19,5,1,0,0,4,0,0,0,0,1,1,6,6,1,73,10,1796,1,9,MERCEDES C CLASS,6,E01030818,0,-1
2021052100136,2021,052100136,2,9,0,5,5,4,8,0,0,8,0,0,0,0,1,1,2,2,1,31,6,2143,2,5,MERCEDES C CLASS,3,E01007022,0,-1
2021361034662,2021,361034662,2,9,0,18,19,4,8,0,0,0,0,0,0,0,2,1,5,6,2,56,9,2143,2,5,MERCEDES C CLASS,6,E01026797,0,-1
2021010327065,2021,010327065,2,9,0,99,99,9,9,99,99,0,9,99,9,99,9,9,6,6,1,25,5,2597,1,19,MERCEDES C CLASS,4,E01001165,0,-1
2021010319658,2021,010319658,1,9,0,4,4,5,1,1,1,0,1,0,0,0,2,1,1,1,1,43,7,1991,8,6,MERCEDES C CLASS,5,E01003737,0,-1
2021361078492,2021,361078492,1,9,0,18,19,2,5,0,0,0,1,0,7,0,1,1,5,6,1,69,10,1497,8,0,MERCEDES C CLASS,9,E01021937,0,-1
2021221054538,2021,221054538,1,9,0,9,9,2,8,0,0,6,0,0,0,0,1,1,5,6,2,33,6,2143,2,3,MERCEDES C CLASS,5,E01014084,0,-1
2021161098065,2021,161098065,2,9,0,7,7,5,7,0,0,8,0,0,0,0,1,1,6,6,1,-1,-1,2143,2,10,MERCEDES C CLASS,3,E01012866,0,-1
2021302101188,2021,302101188,1,9,0,9,9,7,4,0,0,8,0,0,0,0,3,1,6,6,2,47,8,1598,2,4,MERCEDES C CLASS,1,E01013584,0,-1
2021520103491,2021,520103491,2,9,0,18,19,2,6,0,0,0,0,0,0,0,1,1,6,6,1,45,7,2148,2,20,MERCEDES C CLASS,8,E01029190,0,-1
2021041107460,2021,041107460,1,9,0,18,19,1,5,0,0,1,0,0,0,0,1,1,6,6,3,-1,-1,1998,1,19,MERCEDES C CLASS,-1,-1,0,-1
2021421085495,2021,421085495,1,9,0,13,13,7,3,0,0,0,0,0,0,0,4,1,6,6,3,44,7,1796,1,11,MERCEDES C CLASS,2,E01004389,0,-1
2021010310704,2021,010310704,1,9,0,99,99,9,9,99,99,9,9,99,9,99,9,9,2,2,1,51,8,1796,1,16,MERCEDES C CLASS,5,E01002330,0,-1
2021401073105,2021,401073105,2,9,0,18,19,4,8,0,0,2,0,0,0,0,2,1,6,6,2,34,6,2143,2,9,MERCEDES C CLASS,9,E01033191,0,-1
2021501071529,2021,501071529,1,9,0,3,3,2,5,0,0,0,0,0,0,0,2,1,5,6,1,69,10,2143,2,8,MERCEDES C CLASS,6,E01020152,0,-1
2021430173299,2021,430173299,1,9,0,18,19,2,8,0,0,1,0,0,0,0,1,1,6,6,1,24,5,2148,2,14,MERCEDES C CLASS,4,E01028532,0,-1
2021461114388,2021,461114388,1,9,0,18,19,3,7,0,0,1,0,0,0,0,1,1,6,6,1,38,7,2143,2,5,MERCEDES C CLASS,1,E01016111,0,-1
2021010324734,2021,010324734,1,9,0,16,19,1,5,0,0,1,0,0,0,0,3,1,2,2,1,50,8,2143,12,6,MERCEDES C CLASS,4,E01004572,0,-1
2021070447010,2021,070447010,1,9,0,18,19,2,6,0,0,0,1,0,0,0,1,1,6,6,1,31,6,2143,2,4,MERCEDES C CLASS,-1,-1,0,-1
2021010314778,2021,010314778,1,9,0,99,99,9,9,99,99,9,9,99,9,99,2,9,6,6,1,61,9,1795,1,14,MERCEDES C CLASS,4,E01003326,0,-1
2021351047325,2021,351047325,3,9,0,3,3,8,4,0,0,0,0,0,0,0,2,1,5,6,2,54,8,1796,1,11,MERCEDES C CLASS,9,E01015689,0,-1
202163D090221,2021,63D090221,1,9,0,18,19,4,8,0,0,0,0,0,0,0,1,1,1,1,1,61,9,1991,1,6,MERCEDES C CLASS,10,E01018576,0,-1
2021010319541,2021,010319541,3,9,0,4,4,5,1,0,0,1,0,0,0,0,2,2,6,6,1,48,8,2148,2,14,MERCEDES C CLASS,6,E01003386,0,-1
2021451118051,2021,451118051,2,9,0,18,19,5,1,0,0,1,0,0,0,0,1,1,5,6,1,45,7,1497,1,2,MERCEDES C CLASS,-1,-1,0,-1
2021991126894,2021,991126894,1,9,0,9,9,2,8,0,0,1,0,0,0,0,1,1,5,6,1,22,5,2143,2,3,MERCEDES C CLASS,10,-1,0,-1
2021010314660,2021,010314660,2,9,0,18,19,1,5,0,0,2,9,4,0,99,1,9,6,6,1,-1,-1,1796,1,17,MERCEDES C CLASS,6,E01002439,0,-1
2021430171660,2021,430171660,1,9,0,18,19,6,2,0,0,6,0,0,0,0,1,1,6,6,1,37,7,2143,2,8,MERCEDES C CLASS,3,E01032730,0,-1
2021010321526,2021,010321526,2,9,0,7,7,5,7,0,0,6,0,0,0,0,0,1,6,6,1,40,7,2143,12,5,MERCEDES C CLASS,2,E01002831,0,-1
2021141100625,2021,141100625,4,9,0,18,19,1,5,0,0,0,1,0,0,0,1,1,2,2,1,47,8,1598,2,4,MERCEDES C CLASS,7,E01007589,0,-1
2021451044595,2021,451044595,1,9,0,18,19,7,3,0,0,8,0,0,0,0,1,1,5,6,1,51,8,1597,1,12,MERCEDES C CLASS,9,E01004098,0,-1
2021451124103,2021,451124103,2,9,0,9,9,4,3,0,0,8,0,0,0,0,1,1,5,6,1,71,10,1991,1,7,MERCEDES C CLASS,10,E01030581,0,-1
2021522104526,2021,522104526,1,9,0,18,19,5,1,0,0,0,0,0,0,0,3,1,6,6,1,71,10,2143,2,3,MERCEDES C CLASS,7,E01029127,0,-1
2021010323367,2021,010323367,2,9,0,5,5,5,1,0,0,1,0,0,0,0,1,1,6,6,1,32,6,2143,2,4,MERCEDES C CLASS,-1,-1,0,-1
2021991026240,2021,991026240,1,9,0,1,1,1,5,9,9,2,0,0,1,0,2,1,6,6,2,51,8,1796,1,18,MERCEDES C CLASS,5,-1,0,-1
2021010312366,2021,010312366,1,9,0,18,19,7,3,0,0,8,0,7,0,0,4,1,6,6,1,20,4,1991,1,7,MERCEDES C CLASS,-1,-1,0,-1
2021552100279,2021,552100279,1,9,0,18,19,7,3,0,0,0,1,0,1,10,1,1,6,6,2,31,6,2143,2,9,MERCEDES C CLASS,8,E01020379,0,-1
2021010322185,2021,010322185,1,9,0,99,99,9,9,99,99,9,9,99,9,99,9,9,6,6,2,54,8,2148,2,19,MERCEDES C CLASS,7,E01002127,0,-1
2021201032053,2021,201032053,1,9,0,18,19,-1,-1,0,0,0,0,0,0,0,1,1,6,6,1,-1,-1,2143,2,7,MERCEDES C CLASS,-1,-1,0,-1
2021010307921,2021,010307921,2,9,0,9,9,7,5,0,0,5,1,0,0,0,4,1,3,7,2,37,7,2143,2,6,MERCEDES C CLASS,2,E01003240,0,-1
2021451028996,2021,451028996,2,9,0,18,19,1,5,0,0,0,0,0,0,0,2,1,5,6,1,39,7,2987,2,15,MERCEDES C CLASS,8,E01030659,0,-1
2021010321622,2021,010321622,1,9,0,18,19,3,7,0,0,1,0,0,0,0,4,1,6,6,2,30,6,1497,8,0,MERCEDES C CLASS,7,E01032577,0,-1
2021010342219,2021,010342219,2,9,0,9,9,5,3,0,0,8,0,0,0,0,1,1,6,6,3,-1,-1,1598,2,6,MERCEDES C CLASS,-1,-1,0,-1
2021010300189,2021,010300189,2,9,0,1,1,1,5,0,0,2,0,0,0,0,2,1,6,6,2,32,6,2143,2,12,MERCEDES C CLASS,5,E01033537,0,-1
2021451011255,2021,451011255,1,9,0,18,19,3,8,0,0,4,0,9,3,10,1,1,1,1,1,52,8,1991,8,6,MERCEDES C CLASS,3,E01002728,0,-1
2021010343752,2021,010343752,1,9,0,9,9,1,7,0,0,8,0,0,0,0,1,1,2,2,1,51,8,1991,1,4,MERCEDES C CLASS,4,E01023906,0,-1
2021411128537,2021,411128537,1,9,0,14,14,7,3,0,0,0,0,4,0,0,1,1,2,2,1,29,6,1991,1,5,MERCEDES C CLASS,9,E01023428,0,-1
2021061052435,2021,061052435,2,9,0,18,19,5,1,0,0,1,0,0,0,0,4,1,6,6,2,27,6,1991,1,2,MERCEDES C CLASS,9,E01005927,0,-1
2021531041438,2021,531041438,1,9,0,18,19,6,2,0,0,1,0,0,0,0,1,1,6,6,2,42,7,2143,2,9,MERCEDES C CLASS,5,E01022448,0,-1
2021440371441,2021,440371441,2,9,0,9,9,1,5,0,0,8,0,0,0,0,1,1,6,6,1,29,6,2143,2,10,MERCEDES C CLASS,5,E01017279,0,-1
2021041200122,2021,041200122,2,9,0,4,4,7,3,0,0,0,0,0,0,0,1,1,5,6,1,51,8,2996,1,15,MERCEDES C CLASS,4,E01006294,0,-1
2021010291551,2021,010291551,1,9,0,99,99,9,9,99,99,0,9,99,9,99,9,9,6,6,3,-1,-1,2143,12,5,MERCEDES C CLASS,2,E01001780,0,-1
2021010292016,2021,010292016,1,9,0,99,99,9,9,99,99,9,9,99,9,99,1,9,6,6,1,31,6,1991,8,5,MERCEDES C CLASS,4,E01001615,0,-1
2021201103154,2021,201103154,1,9,0,9,9,3,1,0,0,2,0,0,0,0,1,1,6,6,3,-1,-1,1595,1,1,MERCEDES C CLASS,-1,-1,0,-1
2021010301001,2021,010301001,2,9,0,6,6,5,5,0,0,0,0,0,0,0,3,1,6,6,3,-1,-1,1497,1,2,MERCEDES C CLASS,-1,-1,0,-1
2021451024055,2021,451024055,2,9,0,18,19,3,7,0,0,8,0,0,0,0,3,1,5,6,2,28,6,2143,2,11,MERCEDES C CLASS,3,E01023145,0,-1
2021461045138,2021,461045138,1,9,0,9,9,8,4,0,0,1,0,0,0,0,1,1,6,6,1,30,6,2148,2,13,MERCEDES C CLASS,1,E01024278,0,-1
2021542438321,2021,542438321,1,9,0,9,9,3,5,0,0,1,0,0,0,0,4,1,3,7,1,38,7,2143,2,9,MERCEDES C CLASS,8,E01031988,0,-1
2021552200286,2021,552200286,1,9,0,5,5,3,7,0,0,6,0,0,0,0,1,1,6,6,1,61,9,2148,2,19,MERCEDES C CLASS,8,E01015335,0,-1
2021010307259,2021,010307259,1,9,0,18,19,7,3,0,0,0,0,0,0,0,1,1,6,6,1,24,5,2143,12,6,MERCEDES C CLASS,-1,-1,0,-1
2021141065353,2021,141065353,1,9,0,18,19,8,4,0,0,1,0,0,0,0,1,1,6,6,1,46,8,1597,2,2,MERCEDES C CLASS,1,E01007403,0,-1
2021461064474,2021,461064474,1,9,0,18,19,5,1,0,0,0,0,0,0,0,1,1,6,6,3,-1,-1,1991,1,4,MERCEDES C CLASS,-1,-1,0,-1
2021010340644,2021,010340644,2,9,9,99,99,9,9,99,99,0,9,99,9,99,9,9,6,6,1,-1,-1,2143,2,4,MERCEDES C CLASS,8,E01000175,0,-1
2021010307656,2021,010307656,1,9,9,99,99,9,9,99,99,9,9,99,9,99,9,9,6,6,1,32,6,1796,1,9,MERCEDES C CLASS,1,E01002907,0,-1
2021211047060,2021,211047060,2,9,0,18,19,5,1,0,0,2,0,0,0,0,2,1,6,6,1,26,6,2143,2,6,MERCEDES C CLASS,1,E01014250,0,-1
2021010342246,2021,010342246,2,9,0,9,9,7,4,2,2,0,0,0,0,0,1,1,1,1,1,53,8,1991,8,5,MERCEDES C CLASS,5,E01004225,0,-1
2021010300835,2021,010300835,1,9,0,18,19,5,1,0,0,8,0,0,0,0,3,1,2,2,1,42,7,1950,2,1,MERCEDES C CLASS,6,E01001964,0,-1
2021141093969,2021,141093969,1,9,0,18,19,1,5,0,0,0,0,0,0,0,1,1,5,6,2,43,7,1796,1,17,MERCEDES C CLASS,1,E01007735,0,-1
2021371044774,2021,371044774,2,9,0,18,19,8,4,0,0,1,0,0,0,0,3,1,6,6,1,28,6,2143,2,6,MERCEDES C CLASS,4,E01029949,0,-1
2021052101764,2021,052101764,1,9,0,18,19,6,2,0,0,0,0,0,0,0,1,1,6,6,1,25,5,2143,2,12,MERCEDES C CLASS,1,E01007007,0,-1
2021010300050,2021,010300050,1,9,0,99,99,9,9,99,99,9,9,99,9,99,2,9,6,6,1,47,8,2148,2,16,MERCEDES C CLASS,3,E01003585,0,-1
2021170M11501,2021,170M11501,1,9,0,10,10,1,6,0,0,1,0,0,0,0,2,1,3,7,2,37,7,2143,2,7,MERCEDES C CLASS,1,E01012085,0,-1
2021440234370,2021,440234370,2,9,0,2,2,0,0,0,0,0,0,0,0,0,4,1,6,6,3,-1,-1,1950,2,2,MERCEDES C CLASS,-1,-1,0,-1
2021010351550,2021,010351550,1,9,0,18,19,5,1,0,0,1,0,0,0,0,1,1,6,6,1,43,7,1796,1,17,MERCEDES C CLASS,2,E01003501,0,-1
2021231066564,2021,231066564,4,9,0,2,2,0,0,0,0,0,0,0,0,0,2,1,5,6,1,77,11,2143,2,12,MERCEDES C CLASS,6,E01031085,0,-1
2021361134131,2021,361134131,1,9,0,18,19,3,7,0,0,0,2,0,7,0,3,1,5,6,2,32,6,2143,2,4,MERCEDES C CLASS,5,E01026525,0,-1
2021070680104,2021,070680104,1,9,0,16,19,7,3,0,0,0,1,0,1,1,1,1,3,7,1,49,8,1950,2,1,MERCEDES C CLASS,-1,-1,0,-1