collision_index,collision_year,collision_ref_no,vehicle_reference,vehicle_type,towing_and_articulation,vehicle_manoeuvre_historic,vehicle_manoeuvre,vehicle_direction_from,vehicle_direction_to,vehicle_location_restricted_lane_historic,vehicle_location_restricted_lane,junction_location,skidding_and_overturning,hit_object_in_carriageway,vehicle_leaving_carriageway,hit_object_off_carriageway,first_point_of_impact,vehicle_left_hand_drive,journey_purpose_of_driver_historic,journey_purpose_of_driver,sex_of_driver,age_of_driver,age_band_of_driver,engine_capacity_cc,propulsion_code,age_of_vehicle,generic_make_model,driver_imd_decile,lsoa_of_driver,escooter_flag,driver_distance_banding
2021010328482,2021,010328482,1,9,0,13,13,7,3,0,0,8,0,0,7,0,1,1,6,6,3,-1,-1,2143,2,6,MERCEDES C CLASS,-1,-1,0,-1
2021010334996,2021,010334996,2,9,9,99,99,9,9,99,99,9,9,99,9,99,9,9,6,6,3,-1,-1,2143,2,5,MERCEDES C CLASS,-1,-1,0,-1
2021061028972,2021,061028972,2,9,0,18,19,3,7,0,0,0,0,0,0,0,1,1,6,6,1,30,6,2148,2,13,MERCEDES C CLASS,4,E01005491,0,-1
202134WNC5031,2021,34WNC5031,2,9,0,18,19,3,7,0,0,8,0,0,0,0,1,1,6,6,2,41,7,2143,2,10,MERCEDES C CLASS,3,E01027180,0,-1
2021421124667,2021,421124667,1,9,0,18,19,1,4,0,0,1,0,0,0,0,1,1,5,6,1,21,5,1998,1,19,MERCEDES C CLASS,6,E01003711,0,-1
2021401046916,2021,401046916,2,9,0,18,19,5,1,0,0,0,0,0,0,0,1,1,5,6,1,28,6,2143,2,11,MERCEDES C CLASS,2,E01032506,0,-1
2021421075999,2021,421075999,1,9,0,18,19,1,6,0,0,0,0,0,1,3,1,1,2,2,2,49,8,2143,2,10,MERCEDES C CLASS,8,E01021885,0,-1
2021401129427,2021,401129427,1,9,0,18,19,7,3,0,0,1,0,0,0,0,1,1,6,6,1,49,8,2143,12,6,MERCEDES C CLASS,3,E01015715,0,-1
2021010319871,2021,010319871,1,9,0,18,19,3,7,0,0,8,0,0,0,0,1,1,6,6,3,-1,-1,1497,1,2,MERCEDES C CLASS,-1,-1,0,-1
202134WNC4591,2021,34WNC4591,2,9,0,18,19,5,1,0,0,1,0,0,7,11,1,1,6,6,1,-1,-1,2685,2,17,MERCEDES C CLASS,5,E01027134,0,-1
2021052200085,2021,052200085,1,9,0,9,9,5,2,0,0,6,0,0,0,0,1,1,6,6,2,38,7,2143,2,3,MERCEDES C CLASS,8,E01025477,0,-1
2021010334244,2021,010334244,2,9,0,99,99,9,9,99,99,9,9,99,9,99,9,9,6,6,3,-1,-1,2143,2,5,MERCEDES C CLASS,5,E01003142,0,-1
2021010345771,2021,010345771,2,9,0,99,99,9,9,99,99,9,9,99,9,99,9,9,6,6,3,-1,-1,2143,2,4,MERCEDES C CLASS,-1,-1,0,-1
2021010340335,2021,010340335,2,9,0,10,10,3,1,9,9,2,0,0,0,0,1,1,2,2,1,67,10,1991,1,4,MERCEDES C CLASS,7,E01002473,0,-1
2021430223270,2021,430223270,1,9,0,18,19,8,4,0,0,0,1,0,5,6,3,1,6,6,1,24,5,2143,2,3,MERCEDES C CLASS,9,E01030960,0,-1
2021010352196,2021,010352196,2,9,0,18,19,2,6,0,0,2,0,0,0,0,1,1,6,6,1,29,6,1796,1,14,MERCEDES C CLASS,2,E01003558,0,-1
2021111090316,2021,111090316,2,9,0,18,19,1,5,0,0,1,0,0,0,0,3,1,5,6,2,39,7,2148,2,12,MERCEDES C CLASS,2,E01012342,0,-1
2021351057235,2021,351057235,1,9,0,18,19,7,3,0,0,6,0,0,0,0,1,1,1,1,1,28,6,2143,2,11,MERCEDES C CLASS,2,E01018078,0,-1
2021010311891,2021,010311891,2,9,0,15,15,3,7,0,0,1,0,0,0,0,3,1,6,6,1,30,6,2143,2,4,MERCEDES C CLASS,5,E01002119,0,-1
2021471100226,2021,471100226,2,9,0,4,4,3,7,0,0,0,0,0,0,0,2,1,5,6,1,68,10,1595,1,8,MERCEDES C CLASS,4,E01031786,0,-1
2021010303309,2021,010303309,1,9,0,99,99,9,9,99,99,9,9,99,9,99,2,9,6,6,1,48,8,1595,1,8,MERCEDES C CLASS,5,E01004346,0,-1
2021010328674,2021,010328674,2,9,0,9,9,3,1,0,0,1,0,0,0,0,1,2,1,1,1,37,7,1796,1,18,MERCEDES C CLASS,3,E01003589,0,-1
2021010296612,2021,010296612,2,9,0,18,19,5,1,99,99,0,9,99,9,99,1,9,6,6,3,38,7,1796,1,9,MERCEDES C CLASS,7,E01003778,0,-1
2021302101928,2021,302101928,2,9,0,4,4,8,4,0,0,4,0,0,0,0,1,1,6,6,1,37,7,2143,2,7,MERCEDES C CLASS,2,E01028231,0,-1
2021471116622,2021,471116622,1,9,0,18,19,1,5,0,0,8,0,0,0,0,1,1,6,6,1,23,5,2143,2,6,MERCEDES C CLASS,5,E01031526,0,-1
2021010339140,2021,010339140,2,9,0,4,4,5,1,0,0,8,0,8,0,0,3,1,6,6,3,-1,-1,2143,2,5,MERCEDES C CLASS,-1,-1,0,-1
2021351077385,2021,351077385,1,9,0,18,19,3,7,0,0,8,0,0,0,0,4,1,6,6,1,35,6,6208,1,7,MERCEDES C CLASS,-1,-1,0,-1
2021471099879,2021,471099879,1,9,0,16,19,2,8,0,0,1,0,0,0,0,1,1,5,6,1,62,9,1998,1,18,MERCEDES C CLASS,6,E01016878,0,-1
2021010330303,2021,010330303,1,9,9,99,99,9,9,99,99,9,9,99,9,99,9,9,6,6,3,-1,-1,2143,2,7,MERCEDES C CLASS,-1,-1,0,-1
2021131077999,2021,131077999,1,9,0,18,19,7,3,0,0,0,0,0,0,0,4,1,6,6,2,36,7,1991,1,4,MERCEDES C CLASS,2,E01011105,0,-1
2021010332877,2021,010332877,2,9,0,99,99,9,9,99,99,9,9,99,9,99,1,9,6,6,3,-1,-1,1595,1,9,MERCEDES C CLASS,-1,-1,0,-1
2021451040310,2021,451040310,1,9,0,16,19,1,5,0,0,0,0,0,0,0,1,1,5,6,1,19,4,2143,2,4,MERCEDES C CLASS,5,E01030747,0,-1
2021401047185,2021,401047185,1,9,0,18,19,5,2,0,0,1,0,0,0,0,1,1,6,6,1,29,6,2143,2,11,MERCEDES C CLASS,2,E01015704,0,-1
2021201044933,2021,201044933,3,9,0,3,3,8,4,0,0,1,0,0,0,0,2,1,1,1,1,62,9,2148,2,16,MERCEDES C CLASS,3,E01009242,0,-1
202131C023321,2021,31C023321,2,9,0,4,4,5,1,0,0,0,0,0,0,0,2,1,6,6,1,26,6,2143,2,6,MERCEDES C CLASS,3,E01013830,0,-1
2021302101731,2021,302101731,2,9,0,2,2,0,0,0,0,1,0,0,1,11,2,1,6,6,3,-1,-1,2996,1,13,MERCEDES C CLASS,-1,-1,0,-1
2021010316004,2021,010316004,1,9,0,7,7,1,3,0,0,1,0,0,0,0,4,1,6,6,2,30,6,2143,2,6,MERCEDES C CLASS,2,E01003983,0,-1
2021201144198,2021,201144198,3,9,0,18,19,8,4,0,0,0,0,0,0,0,1,1,2,2,1,43,7,2143,2,9,MERCEDES C CLASS,5,E01010306,0,-1
2021131089079,2021,131089079,2,9,0,17,19,2,8,0,0,8,0,0,0,0,3,1,5,6,2,24,5,1796,1,11,MERCEDES C CLASS,5,E01011831,0,-1
2021361056334,2021,361056334,2,9,0,4,4,7,3,0,0,1,0,0,0,0,2,1,3,7,1,72,10,2143,12,6,MERCEDES C CLASS,10,E01026915,0,-1
2021451011377,2021,451011377,2,9,0,18,19,1,5,0,0,1,0,0,0,0,1,1,5,6,2,54,8,1598,2,4,MERCEDES C CLASS,9,E01003466,0,-1
2021430197491,2021,430197491,2,9,0,18,19,6,2,0,0,4,0,0,0,0,1,1,6,6,1,-1,-1,2143,2,3,MERCEDES C CLASS,-1,-1,0,-1
2021411069169,2021,411069169,2,9,0,18,19,1,5,0,0,0,0,0,0,0,1,1,5,6,1,21,5,1598,2,5,MERCEDES C CLASS,-1,-1,0,-1
2021361068564,2021,361068564,1,9,0,5,5,5,1,0,0,1,5,0,0,0,4,1,5,6,1,79,11,2143,2,7,MERCEDES C CLASS,7,E01026920,0,-1
2021061065959,2021,061065959,3,9,0,18,19,1,1,0,0,0,0,0,0,0,3,1,5,6,1,32,6,2143,2,10,MERCEDES C CLASS,2,E01005320,0,-1
2021061027348,2021,061027348,1,9,0,18,19,8,4,0,0,8,0,0,0,0,1,1,2,2,1,26,6,2143,2,4,MERCEDES C CLASS,-1,-1,0,-1
2021451058848,2021,451058848,1,9,0,12,12,1,5,9,9,0,1,10,0,0,1,1,5,6,1,30,6,2143,12,5,MERCEDES C CLASS,8,E01010492,0,-1
2021010349881,2021,010349881,4,9,0,5,5,7,3,0,0,1,0,0,0,0,2,1,6,6,2,31,6,1595,1,8,MERCEDES C CLASS,3,E01002623,0,-1
2021041017165,2021,041017165,6,9,0,4,4,1,5,0,0,0,0,0,0,0,3,1,5,6,1,22,5,1950,2,2,MERCEDES C CLASS,2,E01006456,0,-1
2021991032511,2021,991032511,1,9,0,7,7,8,3,0,0,6,0,0,0,0,1,1,5,6,2,65,9,1950,2,1,MERCEDES C CLASS,10,-1,0,-1
2021421100810,2021,421100810,1,9,0,18,19,6,2,0,0,0,0,0,0,0,1,1,3,7,2,39,7,1796,1,10,MERCEDES C CLASS,6,E01021758,0,-1
2021401094949,2021,401094949,1,9,0,1,1,1,5,0,0,6,0,0,0,0,2,1,6,6,2,29,6,2143,2,5,MERCEDES C CLASS,2,E01015754,0,-1
2021010328830,2021,010328830,1,9,0,5,5,5,1,0,0,1,0,0,0,0,1,1,6,6,1,37,7,1991,8,5,MERCEDES C CLASS,4,E01000978,0,-1
2021010338997,2021,010338997,1,9,0,9,9,7,5,0,0,1,0,0,0,0,3,1,2,2,1,57,9,1991,1,3,MERCEDES C CLASS,6,E01001266,0,-1
2021010338831,2021,010338831,2,9,0,4,4,5,1,0,0,0,0,0,0,0,1,1,6,6,1,33,6,2143,2,4,MERCEDES C CLASS,5,E01024156,0,-1
2021440384989,2021,440384989,2,9,0,18,19,6,2,0,0,5,0,0,0,0,1,1,6,6,2,61,9,2148,2,12,MERCEDES C CLASS,4,E01017160,0,-1
2021440318445,2021,440318445,1,9,0,4,4,5,1,0,0,1,0,0,0,0,2,1,6,6,1,35,6,1796,1,19,MERCEDES C CLASS,-1,-1,0,-1
2021010295623,2021,010295623,1,9,0,18,19,3,7,0,0,8,0,0,0,0,1,1,6,6,1,35,6,1497,8,2,MERCEDES C CLASS,4,E01003212,0,-1
2021070488836,2021,070488836,1,9,0,15,15,2,6,0,0,1,0,0,0,0,1,1,6,6,1,26,6,1950,2,1,MERCEDES C CLASS,10,E01018705,0,-1
2021010343719,2021,010343719,1,9,0,9,9,3,1,0,0,8,0,0,0,0,1,1,6,6,3,-1,-1,1595,1,8,MERCEDES C CLASS,-1,-1,0,-1
2021440287305,2021,440287305,1,9,0,16,19,4,6,0,0,1,0,0,0,0,3,1,6,6,1,47,8,2143,2,8,MERCEDES C CLASS,1,E01022905,0,-1
2021122101260,2021,122101260,4,9,0,4,4,1,5,0,0,0,0,0,0,0,2,1,6,6,1,68,10,2143,2,8,MERCEDES C CLASS,9,E01031113,0,-1
2021010304732,2021,010304732,1,9,0,7,7,1,3,0,0,8,0,0,0,0,4,1,6,6,1,29,6,2143,2,6,MERCEDES C CLASS,1,E01033456,0,-1
2021461075352,2021,461075352,2,9,0,18,19,5,1,0,0,0,0,0,0,0,2,1,6,6,2,22,5,2143,2,8,MERCEDES C CLASS,2,E01024081,0,-1
2021010288054,2021,010288054,1,9,0,4,4,3,7,0,0,1,0,0,0,0,2,1,2,2,2,48,8,1497,1,2,MERCEDES C CLASS,4,E01002596,0,-1
2021991038866,2021,991038866,2,9,0,4,4,4,8,0,0,1,0,0,0,0,3,1,6,6,1,46,8,2143,2,4,MERCEDES C CLASS,1,-1,0,-1
2021010305467,2021,010305467,1,9,0,99,99,9,9,99,99,0,9,99,9,99,9,9,6,6,1,36,7,1950,2,3,MERCEDES C CLASS,2,E01001744,0,-1
2021010302013,2021,010302013,1,9,0,99,99,9,9,99,99,9,9,99,9,99,9,9,6,6,1,70,10,1796,1,11,MERCEDES C CLASS,9,E01001274,0,-1
2021461128703,2021,461128703,1,9,0,16,19,6,1,0,0,1,1,0,0,0,1,1,6,6,2,30,6,2143,2,11,MERCEDES C CLASS,8,E01024744,0,-1
2021010321210,2021,010321210,2,9,9,99,99,9,9,99,99,9,9,99,9,99,9,9,6,6,3,-1,-1,2148,2,16,MERCEDES C CLASS,-1,-1,0,-1
2021351129483,2021,351129483,1,9,0,18,19,7,3,0,0,1,2,0,1,0,2,1,5,6,1,29,6,2143,2,4,MERCEDES C CLASS,4,E01008468,0,-1
2021010311458,2021,010311458,1,9,0,9,9,5,3,0,0,2,0,0,0,0,4,1,6,6,2,48,8,2143,2,5,MERCEDES C CLASS,1,E01003070,0,-1
2021430385530,2021,430385530,1,9,0,18,19,8,4,0,0,8,0,0,0,0,4,1,6,6,1,44,7,2148,2,16,MERCEDES C CLASS,8,E01016327,0,-1
2021010315705,2021,010315705,1,9,0,18,19,1,5,0,0,0,0,0,0,0,2,1,1,1,1,41,7,2143,2,6,MERCEDES C CLASS,2,E01000103,0,-1
2021201133932,2021,201133932,1,9,0,9,9,6,4,0,0,6,0,0,0,0,1,1,6,6,3,35,6,2143,12,5,MERCEDES C CLASS,2,E01014281,0,-1
2021221050097,2021,221050097,1,9,0,2,2,0,0,0,0,0,0,0,0,0,3,1,5,6,1,28,6,2148,2,16,MERCEDES C CLASS,7,E01028987,0,-1
2021041114521,2021,041114521,1,9,0,9,9,7,3,0,0,8,0,0,3,2,1,1,5,6,2,39,7,2143,2,7,MERCEDES C CLASS,5,E01025252,0,-1
2021451109663,2021,451109663,1,9,0,18,19,5,1,0,0,2,0,0,0,0,1,1,5,6,1,59,9,2143,2,5,MERCEDES C CLASS,10,E01030637,0,-1
2021440248330,2021,440248330,1,9,0,5,5,5,1,0,0,8,0,0,0,0,1,1,6,6,1,72,10,1796,1,16,MERCEDES C CLASS,4,E01022910,0,-1
2021010310535,2021,010310535,3,9,0,18,19,5,1,0,0,1,0,4,0,0,1,1,6,6,2,49,8,1796,1,15,MERCEDES C CLASS,4,E01002101,0,-1
2021010320622,2021,010320622,1,9,0,18,19,3,7,0,0,1,0,4,1,0,3,1,6,6,1,54,8,2143,2,9,MERCEDES C CLASS,4,E01003714,0,-1
2021010356497,2021,010356497,2,9,0,18,19,1,5,0,0,9,0,0,0,0,9,9,6,6,1,36,7,2143,2,6,MERCEDES C CLASS,2,E01000548,0,-1
2021430432595,2021,430432595,1,9,0,9,9,5,3,0,0,8,0,0,0,0,4,1,6,6,1,43,7,1991,8,5,MERCEDES C CLASS,8,E01016760,0,-1
2021061104601,2021,061104601,1,9,0,18,19,5,1,0,0,1,0,0,0,0,1,1,6,6,3,30,6,1991,1,4,MERCEDES C CLASS,-1,-1,0,-1
2021552100434,2021,552100434,2,9,0,4,4,8,4,0,0,0,0,0,0,0,2,1,2,2,1,26,6,2149,2,14,MERCEDES C CLASS,5,E01015345,0,-1
2021440518826,2021,440518826,1,9,0,18,19,2,6,0,0,8,0,0,2,7,1,1,6,6,1,62,9,2143,2,8,MERCEDES C CLASS,4,E01023037,0,-1
2021010340574,2021,010340574,1,9,0,18,19,3,7,0,0,0,0,0,1,7,1,1,6,6,2,21,5,2143,2,5,MERCEDES C CLASS,9,E01024446,0,-1
2021010307684,2021,010307684,1,9,0,9,9,5,3,0,0,1,0,0,0,0,1,1,6,6,1,30,6,2143,2,4,MERCEDES C CLASS,6,E01003038,0,-1
2021131091983,2021,131091983,1,9,0,1,1,5,1,0,0,8,0,0,0,0,2,1,6,6,1,24,5,2143,2,6,MERCEDES C CLASS,2,E01019294,0,-1
2021522106292,2021,522106292,1,9,0,18,19,2,6,0,0,8,0,0,0,0,1,1,6,6,1,28,6,1991,8,4,MERCEDES C CLASS,2,E01014626,0,-1
2021010322276,2021,010322276,1,9,0,99,99,9,9,0,0,0,0,0,0,0,4,1,6,6,3,-1,-1,2143,2,6,MERCEDES C CLASS,-1,-1,0,-1
2021141027363,2021,141027363,1,9,0,3,3,3,7,0,0,1,0,0,0,0,2,1,6,6,1,58,9,1950,2,2,MERCEDES C CLASS,9,E01011935,0,-1
2021041099337,2021,041099337,1,9,0,5,5,1,1,0,0,6,0,0,0,0,1,1,5,6,1,44,7,2149,2,14,MERCEDES C CLASS,1,E01012724,0,-1
202131C000121,2021,31C000121,3,9,0,2,2,0,0,0,0,8,0,0,0,0,1,1,6,6,3,-1,-1,1991,1,5,MERCEDES C CLASS,-1,-1,0,-1
2021010289715,2021,010289715,1,9,0,99,99,9,9,99,99,9,9,99,9,99,9,9,6,6,2,33,6,2143,2,8,MERCEDES C CLASS,2,E01003349,0,-1
2021010302247,2021,010302247,2,9,0,13,13,1,5,0,0,1,0,0,0,0,3,1,6,6,3,-1,-1,2143,2,7,MERCEDES C CLASS,-1,-1,0,-1
2021201090127,2021,201090127,1,9,0,2,2,0,0,0,0,0,0,0,0,0,4,1,6,6,1,-1,-1,2143,2,6,MERCEDES C CLASS,-1,-1,0,-1
2021211034518,2021,211034518,1,9,0,10,10,8,5,0,0,1,0,0,0,0,0,1,6,6,1,25,5,2143,2,4,MERCEDES C CLASS,7,E01032902,0,-1
2021131099875,2021,131099875,1,9,0,13,13,0,0,0,0,1,0,4,7,0,1,1,1,1,1,26,6,2143,2,8,MERCEDES C CLASS,2,E01033689,0,-1
2021543308121,2021,543308121,2,9,0,4,4,3,7,0,0,4,0,0,0,0,2,1,6,6,1,32,6,1950,2,0,MERCEDES C CLASS,8,E01032021,0,-1
2021461055377,2021,461055377,1,9,0,4,4,3,7,0,0,0,0,0,0,0,2,1,6,6,1,40,7,1796,1,17,MERCEDES C CLASS,1,E01024581,0,-1
2021111094867,2021,111094867,1,9,0,18,19,3,7,0,0,0,1,0,0,0,1,1,6,6,2,40,7,2149,2,13,MERCEDES C CLASS,8,E01012246,0,-1
2021201104546,2021,201104546,1,9,0,9,9,3,1,0,0,8,0,0,0,0,4,1,6,6,1,37,7,1796,1,13,MERCEDES C CLASS,3,E01033564,0,-1
2021010296471,2021,010296471,1,9,0,18,19,5,1,0,0,5,0,0,1,3,2,1,6,6,1,23,5,2143,2,10,MERCEDES C CLASS,5,E01017088,0,-1
2021371023124,2021,371023124,1,9,0,7,7,3,6,0,0,6,0,0,0,0,3,1,5,6,1,32,6,2143,2,8,MERCEDES C CLASS,3,E01029998,0,-1
2021201055909,2021,201055909,2,9,0,2,2,0,0,9,9,8,0,0,0,0,3,1,5,6,3,-1,-1,2143,2,10,MERCEDES C CLASS,-1,-1,0,-1
2021010318448,2021,010318448,3,9,0,3,3,7,3,0,0,1,0,0,0,0,2,1,6,6,1,34,6,2143,2,4,MERCEDES C CLASS,1,E01002099,0,-1
2021010342421,2021,010342421,1,9,0,9,9,3,1,0,0,2,0,0,0,0,1,1,6,6,1,27,6,1950,2,2,MERCEDES C CLASS,3,E01001327,0,-1
2021010348355,2021,010348355,1,9,0,9,9,5,3,2,2,1,0,0,0,0,4,1,6,6,1,26,6,1598,2,6,MERCEDES C CLASS,6,E01003459,0,-1
2021411063628,2021,411063628,1,9,0,10,10,5,3,0,0,0,0,0,0,0,2,1,5,6,1,20,4,2143,2,12,MERCEDES C CLASS,7,E01023947,0,-1
2021471027066,2021,471027066,1,9,0,17,19,1,5,0,0,0,0,0,1,3,1,1,5,6,1,87,11,1799,1,22,MERCEDES C CLASS,2,E01021049,0,-1
2021010321230,2021,010321230,1,9,0,99,99,9,9,99,99,9,9,99,9,99,9,9,6,6,3,-1,-1,2148,2,16,MERCEDES C CLASS,9,E01002107,0,-1
2021471133945,2021,471133945,1,9,0,18,19,4,8,9,9,0,0,4,1,0,1,1,1,1,2,84,11,2148,2,14,MERCEDES C CLASS,9,E01020944,0,-1
2021351015316,2021,351015316,2,9,0,18,19,1,5,0,0,0,0,0,0,0,1,1,6,6,3,-1,-1,2148,2,14,MERCEDES C CLASS,-1,-1,0,-1
2021010340683,2021,010340683,2,9,0,3,3,1,5,0,0,0,0,0,0,0,2,1,6,6,1,68,10,2143,2,4,MERCEDES C CLASS,6,E01002628,0,-1
2021061047839,2021,061047839,1,9,-1,18,19,3,7,0,0,0,0,0,0,0,-1,1,6,6,1,28,6,2148,2,12,MERCEDES C CLASS,-1,-1,0,-1
2021010317525,2021,010317525,1,9,0,18,19,1,5,0,0,0,1,0,0,0,1,1,2,2,1,53,8,2143,2,8,MERCEDES C CLASS,3,E01024169,0,-1
2021010324683,2021,010324683,2,8,0,99,99,9,9,99,99,0,9,99,9,99,2,9,1,1,1,65,9,2143,2,6,MERCEDES C CLASS,3,E01004367,0,-1
2021522102620,2021,522102620,3,9,0,1,1,8,4,0,0,8,0,0,0,0,0,1,6,6,3,40,7,2143,2,6,MERCEDES C CLASS,-1,-1,0,-1
2021010346908,2021,010346908,1,9,0,18,19,3,7,0,0,2,0,0,0,0,4,1,6,6,1,25,5,1497,1,2,MERCEDES C CLASS,5,E01003756,0,-1
2021440184859,2021,440184859,1,9,0,9,9,3,1,0,0,8,0,0,0,0,1,1,6,6,1,39,7,2148,2,12,MERCEDES C CLASS,9,E01004115,0,-1
2021201075779,2021,201075779,2,9,0,18,19,-1,-1,0,0,0,0,0,0,0,1,1,6,6,1,25,5,2143,2,12,MERCEDES C CLASS,-1,-1,0,-1
2021010311672,2021,010311672,1,9,0,18,19,3,7,9,9,1,0,0,5,2,1,1,6,6,2,29,6,2143,2,5,MERCEDES C CLASS,-1,-1,0,-1
2021041014647,2021,041014647,1,9,0,9,9,6,4,0,0,8,0,0,0,0,4,1,5,6,1,41,7,2143,2,5,MERCEDES C CLASS,1,E01011899,0,-1
2021010310240,2021,010310240,2,9,0,13,13,7,3,0,0,0,0,0,0,0,3,1,6,6,1,28,6,1796,1,11,MERCEDES C CLASS,6,E01002023,0,-1
2021131037812,2021,131037812,1,9,0,18,19,1,1,0,0,8,0,10,1,0,1,1,5,6,1,25,5,1595,1,9,MERCEDES C CLASS,5,E01003414,0,-1
2021421077154,2021,421077154,1,9,0,17,19,5,3,0,0,0,2,0,1,9,3,1,6,6,1,37,7,2143,2,9,MERCEDES C CLASS,4,E01021461,0,-1
2021201130038,2021,201130038,2,9,0,13,13,5,1,0,0,0,0,10,8,10,1,1,6,6,1,24,5,2148,2,18,MERCEDES C CLASS,-1,-1,0,-1
2021552101377,2021,552101377,1,9,0,18,19,2,6,0,0,1,1,0,0,0,1,1,6,6,2,53,8,2143,2,4,MERCEDES C CLASS,4,E01015326,0,-1
2021010330220,2021,010330220,2,9,0,8,8,5,8,0,0,1,0,0,0,0,1,1,6,6,1,-1,-1,1991,1,4,MERCEDES C CLASS,3,E01004391,0,-1
2021471127132,2021,471127132,2,9,0,18,19,1,5,0,0,4,0,0,0,0,2,1,6,6,1,27,6,2148,2,17,MERCEDES C CLASS,9,E01031662,0,-1
2021070444201,2021,070444201,3,9,0,18,19,8,4,0,0,0,0,0,0,0,1,1,1,1,1,33,6,2143,2,5,MERCEDES C CLASS,7,E01029612,0,-1
2021451019641,2021,451019641,1,9,0,8,8,1,5,0,0,1,0,0,0,0,2,1,5,6,1,42,7,1991,1,4,MERCEDES C CLASS,10,E01002978,0,-1
2021131122045,2021,131122045,2,9,0,13,13,7,3,0,0,0,0,0,0,0,1,1,6,6,2,38,7,1950,2,1,MERCEDES C CLASS,6,E01027684,0,-1
2021010287244,2021,010287244,1,9,0,16,19,3,7,0,0,0,5,10,0,0,1,1,6,6,1,47,8,1796,1,16,MERCEDES C CLASS,-1,-1,0,-1
2021010288987,2021,010288987,2,9,0,3,3,8,4,0,0,1,0,0,0,0,3,1,6,6,1,38,7,2143,2,6,MERCEDES C CLASS,-1,-1,0,-1
2021010295725,2021,010295725,2,9,0,99,99,9,9,99,99,1,9,99,9,99,9,1,6,6,1,37,7,1950,2,2,MERCEDES C CLASS,9,E01030757,0,-1
2021010346055,2021,010346055,2,9,0,5,5,5,1,0,0,1,0,0,0,0,4,1,6,6,1,56,9,2143,2,4,MERCEDES C CLASS,7,E01021813,0,-1
2021221036202,2021,221036202,1,9,0,6,6,3,3,0,0,8,0,0,0,0,3,1,5,6,1,79,11,2148,2,19,MERCEDES C CLASS,9,E01032433,0,-1
2021161048541,2021,161048541,1,9,0,3,3,5,1,0,0,2,0,0,0,0,2,1,6,6,2,43,7,2143,2,6,MERCEDES C CLASS,8,E01033107,0,-1
2021010297869,2021,010297869,1,9,0,18,19,5,1,0,0,0,0,0,0,0,4,1,6,6,1,27,6,2143,2,4,MERCEDES C CLASS,4,E01003357,0,-1
2021141044887,2021,141044887,1,19,0,18,19,1,4,0,0,4,0,0,0,0,1,1,6,6,1,58,9,1461,2,4,-1,8,E01027620,0,-1
2021010304125,2021,010304125,2,9,0,2,2,0,0,0,0,2,0,0,0,0,2,1,6,6,3,-1,-1,1991,1,3,MERCEDES C CLASS,-1,-1,0,-1
2021451075643,2021,451075643,3,9,0,18,19,5,1,0,0,1,0,0,0,0,1,1,5,6,2,44,7,2143,2,4,MERCEDES C CLASS,10,E01030820,0,-1
2021070396106,2021,070396106,1,9,0,18,19,5,1,0,0,0,0,0,0,0,1,1,6,6,1,27,6,2143,2,4,MERCEDES C CLASS,6,E01003752,0,-1
2021010325851,2021,010325851,2,9,0,9,9,8,6,0,0,6,0,0,0,0,3,1,6,6,1,32,6,1796,1,17,MERCEDES C CLASS,3,E01033744,0,-1
2021351057943,2021,351057943,2,9,0,4,4,3,7,0,0,0,0,0,0,0,2,1,5,6,1,24,5,2143,2,4,MERCEDES C CLASS,6,E01018190,0,-1
2021010321668,2021,010321668,1,9,0,18,19,1,5,9,9,1,1,0,1,10,1,1,6,6,1,28,6,2143,2,6,MERCEDES C CLASS,3,E01002543,0,-1
2021201096024,2021,201096024,2,9,0,9,9,1,6,0,0,6,0,0,0,0,1,1,2,2,1,71,10,1497,1,3,MERCEDES C CLASS,6,E01009183,0,-1
2021540970521,2021,540970521,1,9,0,18,19,7,3,0,0,1,0,0,0,0,1,1,6,6,1,37,7,2143,2,8,MERCEDES C CLASS,8,E01031900,0,-1
2021451012299,2021,451012299,1,9,0,18,19,7,3,0,0,0,1,0,0,0,1,1,5,6,2,36,7,2143,2,11,MERCEDES C CLASS,6,E01031658,0,-1
2021010289585,2021,010289585,1,9,0,18,19,5,1,0,0,0,0,0,0,0,2,1,6,6,2,54,8,2143,2,6,MERCEDES C CLASS,2,E01001464,0,-1
2021201086152,2021,201086152,2,9,0,3,3,4,1,0,0,1,0,0,0,0,2,1,6,6,1,42,7,2143,2,10,MERCEDES C CLASS,2,E01010010,0,-1
2021461012406,2021,461012406,2,9,0,18,19,3,7,0,0,1,0,0,0,0,3,1,5,6,2,26,6,2143,2,4,MERCEDES C CLASS,-1,-1,0,-1
2021461101387,2021,461101387,1,9,0,18,19,1,5,0,0,0,1,0,0,0,3,1,5,6,2,29,6,1796,1,15,MERCEDES C CLASS,-1,-1,0,-1
2021401054300,2021,401054300,2,9,0,3,3,3,1,0,0,1,0,0,0,0,3,1,5,6,1,53,8,2143,2,10,MERCEDES C CLASS,2,E01015704,0,-1