collision_index,collision_year,collision_ref_no,vehicle_reference,vehicle_type,towing_and_articulation,vehicle_manoeuvre_historic,vehicle_manoeuvre,vehicle_direction_from,vehicle_direction_to,vehicle_location_restricted_lane_historic,vehicle_location_restricted_lane,junction_location,skidding_and_overturning,hit_object_in_carriageway,vehicle_leaving_carriageway,hit_object_off_carriageway,first_point_of_impact,vehicle_left_hand_drive,journey_purpose_of_driver_historic,journey_purpose_of_driver,sex_of_driver,age_of_driver,age_band_of_driver,engine_capacity_cc,propulsion_code,age_of_vehicle,generic_make_model,driver_imd_decile,lsoa_of_driver,escooter_flag,driver_distance_banding
2021141020932,2021,141020932,2,9,0,7,7,5,7,0,0,1,0,0,0,0,3,1,6,6,3,-1,-1,2148,2,12,MERCEDES C CLASS,-1,-1,0,-1
2021061067197,2021,061067197,1,9,0,18,19,7,3,0,0,0,0,2,0,0,1,1,6,6,1,25,5,1497,1,2,MERCEDES C CLASS,-1,-1,0,-1
2021031086607,2021,031086607,1,9,0,18,19,1,5,2,2,0,0,0,0,0,4,1,6,6,1,44,7,1950,2,2,MERCEDES C CLASS,6,E01019235,0,-1
2021421110814,2021,421110814,2,9,0,4,4,7,3,0,0,0,0,0,0,0,2,1,6,6,2,26,6,2143,2,4,MERCEDES C CLASS,3,E01021269,0,-1
2021010322538,2021,010322538,1,9,0,18,19,5,1,0,0,0,0,0,0,0,4,1,6,6,1,32,6,1796,1,13,MERCEDES C CLASS,4,E01000532,0,-1
2021010314323,2021,010314323,3,9,0,18,19,7,3,0,0,0,0,0,0,0,1,1,6,6,2,25,5,1991,1,6,MERCEDES C CLASS,1,E01001559,0,-1
2021010347855,2021,010347855,2,9,0,99,99,9,9,99,99,0,9,99,9,99,0,9,6,6,1,27,6,2143,2,7,MERCEDES C CLASS,1,E01001178,0,-1
2021010341297,2021,010341297,1,9,0,18,19,7,3,0,0,2,0,0,0,0,1,1,6,6,1,-1,-1,2143,2,6,MERCEDES C CLASS,9,E01021767,0,-1
2021101104494,2021,101104494,1,9,0,14,14,2,7,0,0,0,0,4,0,0,4,1,5,6,1,37,7,2143,2,4,MERCEDES C CLASS,-1,-1,0,-1
2021320182348,2021,320182348,1,9,0,18,19,2,6,0,0,0,0,0,0,0,1,1,6,6,1,90,11,1950,2,0,MERCEDES C CLASS,-1,-1,0,-1
2021231061817,2021,231061817,3,9,0,2,2,0,0,0,0,0,0,0,0,0,1,1,5,6,1,53,8,1796,1,14,MERCEDES C CLASS,3,E01016046,0,-1
2021471116825,2021,471116825,2,9,0,4,4,4,2,0,0,1,0,0,0,0,4,1,5,6,1,24,5,2148,2,13,MERCEDES C CLASS,4,E01031434,0,-1
2021010330039,2021,010330039,1,9,0,99,99,9,9,99,99,9,9,99,9,99,2,9,2,2,1,38,7,2143,2,4,MERCEDES C CLASS,4,E01002180,0,-1
2021010304085,2021,010304085,1,8,0,5,5,0,1,0,0,1,0,0,0,0,3,1,1,1,1,34,6,1991,8,4,MERCEDES C CLASS,1,E01001427,0,-1
2021010287993,2021,010287993,2,9,0,18,19,4,8,0,0,1,0,0,0,0,2,1,6,6,1,23,5,2149,2,14,MERCEDES C CLASS,3,E01003606,0,-1
2021131060014,2021,131060014,1,9,0,18,19,1,5,0,0,1,0,0,0,0,4,1,5,6,1,77,11,2143,2,4,MERCEDES C CLASS,9,E01011568,0,-1
2021010304713,2021,010304713,1,9,0,99,99,9,9,99,99,9,9,99,9,99,9,9,6,6,1,86,11,2143,2,5,MERCEDES C CLASS,9,E01002339,0,-1
2021010308574,2021,010308574,2,9,0,2,2,0,0,0,0,0,0,0,0,0,2,1,6,6,3,-1,-1,1796,1,15,MERCEDES C CLASS,-1,-1,0,-1
2021552200013,2021,552200013,2,9,0,2,2,0,0,0,0,0,0,0,0,0,3,1,6,6,1,33,6,1796,1,15,MERCEDES C CLASS,4,E01001276,0,-1
2021201063183,2021,201063183,2,9,0,4,4,7,3,0,0,1,0,0,0,0,2,1,6,6,1,39,7,1991,1,4,MERCEDES C CLASS,8,E01029616,0,-1
2021501099769,2021,501099769,3,9,0,3,3,1,5,0,0,1,0,0,0,0,2,1,5,6,2,29,6,2143,2,8,MERCEDES C CLASS,3,E01018958,0,-1
2021010304799,2021,010304799,1,9,0,18,19,1,5,0,0,4,0,0,0,0,2,1,6,6,1,41,7,2143,2,10,MERCEDES C CLASS,-1,-1,0,-1
2021010343089,2021,010343089,1,9,0,99,99,9,9,99,99,9,9,99,9,99,2,9,1,1,2,54,8,1796,1,17,MERCEDES C CLASS,4,E01001007,0,-1
2021552101063,2021,552101063,2,9,0,7,7,6,8,0,0,5,0,0,0,0,1,1,2,2,1,22,5,1796,1,14,MERCEDES C CLASS,2,E01032659,0,-1
2021010315008,2021,010315008,2,9,0,15,15,5,1,9,9,1,0,10,1,1,1,1,6,6,1,34,6,1796,1,17,MERCEDES C CLASS,1,E01001634,0,-1
2021010297902,2021,010297902,1,9,0,9,9,7,4,0,0,0,0,0,0,0,2,1,6,6,1,70,10,1998,1,20,MERCEDES C CLASS,2,E01003593,0,-1
2021440279986,2021,440279986,2,9,0,9,9,3,1,0,0,8,0,0,0,0,4,1,6,6,1,26,6,2987,2,10,MERCEDES C CLASS,6,E01023081,0,-1
202134NNC3531,2021,34NNC3531,1,9,0,18,19,1,5,0,0,1,0,0,7,0,1,1,6,6,1,21,5,2143,2,9,MERCEDES C CLASS,1,E01004335,0,-1
2021430430896,2021,430430896,2,9,0,12,12,6,2,0,0,0,0,0,0,0,3,1,6,6,1,-1,-1,2143,2,12,MERCEDES C CLASS,-1,-1,0,-1
2021471047957,2021,471047957,2,9,0,18,19,2,6,0,0,0,0,0,0,0,2,1,5,6,1,31,6,1796,1,10,MERCEDES C CLASS,5,E01031373,0,-1
2021170L21251,2021,170L21251,1,9,0,9,9,6,4,0,0,8,0,0,0,0,1,1,6,6,2,40,7,1991,1,3,MERCEDES C CLASS,8,E01012062,0,-1
2021131108516,2021,131108516,1,9,0,-1,-1,-1,-1,-1,-1,0,-1,-1,-1,0,-1,1,5,6,1,34,6,2143,2,5,MERCEDES C CLASS,6,E01027902,0,-1
2021471027376,2021,471027376,1,9,0,17,19,4,1,0,0,0,0,0,7,4,3,1,2,2,1,23,5,2143,2,8,MERCEDES C CLASS,6,E01031676,0,-1
2021411110632,2021,411110632,6,9,0,4,4,2,6,0,0,0,0,0,0,0,2,1,6,6,1,34,6,2143,12,4,MERCEDES C CLASS,7,E01000574,0,-1
2021552200050,2021,552200050,1,9,0,1,1,3,7,0,0,0,0,0,0,0,2,1,6,6,1,55,8,1595,1,8,MERCEDES C CLASS,10,E01004104,0,-1
2021010339409,2021,010339409,1,9,0,99,99,9,9,99,99,9,9,99,9,99,2,9,6,6,1,46,8,2148,2,15,MERCEDES C CLASS,5,E01000564,0,-1
2021010343637,2021,010343637,2,9,0,18,19,2,6,0,0,2,0,0,0,0,3,1,6,6,1,74,10,1497,1,3,MERCEDES C CLASS,10,E01023566,0,-1
2021440313452,2021,440313452,2,9,0,18,19,3,7,0,0,1,1,0,0,0,3,1,6,6,1,62,9,2148,2,12,MERCEDES C CLASS,1,E01022917,0,-1
2021010325360,2021,010325360,2,9,0,99,99,9,9,99,99,9,9,99,9,99,1,9,6,6,3,-1,-1,2143,12,6,MERCEDES C CLASS,-1,-1,0,-1
2021141086940,2021,141086940,4,9,0,2,2,0,0,0,0,1,0,0,0,0,4,1,6,6,1,24,5,1991,1,4,MERCEDES C CLASS,1,E01033271,0,-1
202134NNC0181,2021,34NNC0181,2,9,0,18,19,7,3,0,0,0,0,0,0,0,2,1,2,2,1,53,8,2148,2,15,MERCEDES C CLASS,10,E01023664,0,-1
2021061048366,2021,061048366,2,9,0,3,3,7,3,0,0,0,0,0,0,0,4,1,6,6,2,34,6,2143,2,5,MERCEDES C CLASS,9,E01005713,0,-1
2021010292585,2021,010292585,2,9,0,99,99,9,9,99,99,9,9,99,9,99,1,9,6,6,1,27,6,2148,2,13,MERCEDES C CLASS,4,E01001674,0,-1
2021010351868,2021,010351868,2,9,0,18,19,5,1,0,0,5,1,0,0,0,2,1,6,6,1,22,5,2143,2,8,MERCEDES C CLASS,-1,-1,0,-1
202131C008721,2021,31C008721,2,9,0,4,4,7,3,0,0,1,0,0,0,0,2,1,6,6,1,60,9,2143,2,7,MERCEDES C CLASS,4,E01013937,0,-1
2021201107795,2021,201107795,2,9,0,3,3,1,5,0,0,0,0,0,0,0,2,1,6,6,1,28,6,2987,2,13,MERCEDES C CLASS,1,E01025139,0,-1
2021010297396,2021,010297396,2,9,0,9,9,1,7,0,0,8,0,0,0,0,4,1,6,6,1,29,6,1950,2,2,MERCEDES C CLASS,4,E01000728,0,-1
2021211072722,2021,211072722,1,9,0,18,19,1,5,0,0,0,0,0,0,0,1,1,6,6,1,-1,-1,1950,2,2,MERCEDES C CLASS,6,E01029699,0,-1
2021201131119,2021,201131119,3,9,0,2,2,0,0,9,9,1,0,0,0,0,1,1,6,6,1,35,6,2143,2,8,MERCEDES C CLASS,1,E01009222,0,-1
2021010293063,2021,010293063,2,9,0,99,99,9,9,99,99,9,9,99,9,99,2,9,6,6,3,-1,-1,1796,1,18,MERCEDES C CLASS,-1,-1,0,-1
2021451104364,2021,451104364,2,9,0,4,4,1,5,0,0,0,0,0,0,0,1,1,6,6,1,74,10,2143,2,10,MERCEDES C CLASS,10,E01030780,0,-1
2021991018219,2021,991018219,1,9,0,7,7,4,7,0,0,4,0,0,0,0,2,1,2,2,1,29,6,2143,2,5,MERCEDES C CLASS,3,-1,0,-1
2021440316225,2021,440316225,2,9,0,12,12,7,3,0,0,0,0,0,0,0,3,1,6,6,1,50,8,1991,1,1,MERCEDES C CLASS,-1,-1,0,-1
2021101090651,2021,101090651,1,9,0,4,4,7,3,0,0,0,0,0,0,0,1,1,6,6,1,33,6,2143,2,8,MERCEDES C CLASS,3,E01008251,0,-1
2021111019825,2021,111019825,1,9,0,18,19,3,7,0,0,8,0,0,0,0,1,1,5,6,1,43,7,2143,2,11,MERCEDES C CLASS,1,E01020767,0,-1
2021070341515,2021,070341515,3,9,0,2,2,7,3,0,0,1,0,0,0,0,2,1,6,6,1,33,6,2148,2,19,MERCEDES C CLASS,1,E01018462,0,-1
2021010319307,2021,010319307,2,9,0,7,7,1,4,4,4,5,0,0,0,0,4,1,6,6,1,26,6,2143,2,6,MERCEDES C CLASS,2,E01002506,0,-1
2021430551270,2021,430551270,1,9,0,18,19,1,5,0,0,8,0,0,0,0,4,1,2,2,1,44,7,2143,2,8,MERCEDES C CLASS,8,E01015549,0,-1
2021221022044,2021,221022044,1,9,0,18,19,2,6,0,0,0,1,0,0,0,1,1,2,2,1,26,6,2143,2,8,MERCEDES C CLASS,3,E01009837,0,-1
2021440212497,2021,440212497,1,9,0,7,7,3,1,0,0,8,0,0,0,0,3,1,6,6,1,77,11,1497,1,2,MERCEDES C CLASS,10,E01022746,0,-1
2021010311767,2021,010311767,3,9,0,2,2,0,0,0,0,0,0,4,0,0,3,1,6,6,3,-1,-1,1991,1,3,MERCEDES C CLASS,-1,-1,0,-1
2021010339178,2021,010339178,2,9,0,99,99,9,9,99,99,9,9,99,9,99,1,9,6,6,1,74,10,1796,1,17,MERCEDES C CLASS,4,E01001699,0,-1
2021201071205,2021,201071205,2,9,0,3,3,4,8,0,0,1,0,0,0,0,4,1,6,6,2,46,8,2143,2,5,MERCEDES C CLASS,6,E01032591,0,-1
2021010350544,2021,010350544,1,9,0,4,4,1,5,0,0,6,0,0,0,0,1,1,6,6,1,73,10,2143,2,4,MERCEDES C CLASS,7,E01021765,0,-1
2021471121649,2021,471121649,3,9,0,18,19,4,8,0,0,0,0,0,1,0,0,1,6,6,2,35,6,1598,2,5,MERCEDES C CLASS,9,E01000686,0,-1
2021010343837,2021,010343837,2,9,0,99,99,9,9,99,99,9,9,99,9,99,3,9,6,6,1,38,7,1796,1,13,MERCEDES C CLASS,9,E01001531,0,-1
2021061075604,2021,061075604,2,9,0,9,9,1,3,0,0,1,0,0,0,0,1,1,6,6,1,26,6,2148,2,14,MERCEDES C CLASS,1,E01010719,0,-1
2021201065560,2021,201065560,2,9,0,17,19,4,2,0,0,2,0,0,0,0,1,1,6,6,3,-1,-1,1991,1,4,MERCEDES C CLASS,-1,-1,0,-1
2021010333197,2021,010333197,1,9,0,12,12,4,8,0,0,0,0,0,0,0,4,1,6,6,1,29,6,1497,1,2,MERCEDES C CLASS,1,E01033701,0,-1
2021010328430,2021,010328430,1,9,0,99,99,9,9,99,99,9,9,99,9,99,9,9,6,6,1,31,6,2143,2,9,MERCEDES C CLASS,8,E01023311,0,-1
2021440489639,2021,440489639,2,9,0,18,19,8,4,0,0,8,0,0,0,0,1,1,6,6,1,37,7,6208,1,9,MERCEDES C CLASS,10,E01022898,0,-1
2021052102368,2021,052102368,1,9,0,18,19,7,3,0,0,0,0,0,0,0,3,1,6,6,2,64,9,2143,2,8,MERCEDES C CLASS,10,E01006991,0,-1
2021201068343,2021,201068343,2,9,0,18,19,2,6,0,0,0,0,0,0,0,4,1,6,6,1,35,6,1497,8,1,MERCEDES C CLASS,6,E01010519,0,-1
2021461035808,2021,461035808,2,9,0,17,19,7,1,0,0,0,0,0,0,0,3,1,6,6,2,24,5,2143,2,5,MERCEDES C CLASS,9,E01024331,0,-1
2021010288235,2021,010288235,3,9,0,18,19,1,5,0,0,8,0,0,0,0,1,1,6,6,3,-1,-1,1796,1,16,MERCEDES C CLASS,-1,-1,0,-1
2021440010214,2021,440010214,1,9,0,18,19,6,2,0,0,0,0,0,0,0,1,1,6,6,1,92,11,1796,1,13,MERCEDES C CLASS,7,E01023046,0,-1
2021131052906,2021,131052906,2,9,0,18,19,7,3,0,0,0,0,0,0,0,2,1,2,2,2,58,9,1950,2,1,MERCEDES C CLASS,4,E01010595,0,-1
2021010319466,2021,010319466,1,9,0,16,19,7,3,0,0,0,5,0,0,0,1,1,6,6,1,36,7,1796,1,18,MERCEDES C CLASS,2,E01003729,0,-1
2021131044108,2021,131044108,2,9,0,3,3,2,5,0,0,1,0,0,0,0,2,1,5,6,2,44,7,2143,2,9,MERCEDES C CLASS,7,E01007381,0,-1
2021320404235,2021,320404235,2,9,0,18,19,7,3,0,0,0,0,0,0,0,1,1,6,6,2,42,7,2143,2,8,MERCEDES C CLASS,7,E01026388,0,-1
2021421125461,2021,421125461,2,9,0,18,19,3,7,0,0,0,0,0,1,0,1,1,5,6,1,21,5,3498,1,10,MERCEDES C CLASS,2,E01023338,0,-1
2021201071917,2021,201071917,2,9,0,5,5,4,8,0,0,6,0,0,0,0,3,1,6,6,1,-1,-1,2987,2,9,MERCEDES C CLASS,-1,-1,0,-1
2021010336688,2021,010336688,1,9,0,18,19,8,4,0,0,0,0,0,0,0,1,1,6,6,1,36,7,1497,8,2,MERCEDES C CLASS,4,E01003212,0,-1
2021010311671,2021,010311671,4,9,0,18,19,1,5,0,0,1,0,0,0,0,2,1,6,6,2,57,9,2143,2,6,MERCEDES C CLASS,6,E01004078,0,-1
2021010345394,2021,010345394,1,9,0,9,9,3,8,0,0,5,0,0,0,0,1,1,6,6,1,34,6,1991,8,4,MERCEDES C CLASS,1,E01003516,0,-1
2021531054803,2021,531054803,1,9,0,3,3,-1,-1,0,0,0,0,0,0,0,0,1,5,6,1,77,11,2143,2,5,MERCEDES C CLASS,10,E01022181,0,-1
2021010314839,2021,010314839,2,9,0,99,99,9,9,99,99,9,9,99,9,99,9,9,6,6,3,-1,-1,1595,1,9,MERCEDES C CLASS,-1,-1,0,-1
2021010340196,2021,010340196,1,9,0,4,4,5,1,0,0,0,0,0,0,0,2,1,6,6,1,48,8,1796,1,10,MERCEDES C CLASS,5,E01000467,0,-1
2021010331482,2021,010331482,2,9,0,4,4,6,2,0,0,8,0,0,0,0,1,1,6,6,3,-1,-1,2143,2,7,MERCEDES C CLASS,-1,-1,0,-1
2021010343243,2021,010343243,2,9,0,11,11,7,3,2,2,2,0,0,0,0,4,1,6,6,1,41,7,1991,8,4,MERCEDES C CLASS,2,E01032579,0,-1
2021010289831,2021,010289831,2,9,0,99,99,9,9,99,99,9,9,99,9,99,2,9,6,6,3,-1,-1,1991,1,3,MERCEDES C CLASS,8,E01030302,0,-1
2021041102029,2021,041102029,1,9,0,9,9,3,7,0,0,0,0,0,0,0,3,1,6,6,1,29,6,2148,2,12,MERCEDES C CLASS,1,E01025215,0,-1
2021201066008,2021,201066008,2,9,0,18,19,8,4,0,0,8,0,7,0,0,1,1,6,6,1,23,5,2148,2,13,MERCEDES C CLASS,2,E01010310,0,-1
2021501115197,2021,501115197,3,9,0,3,3,4,8,0,0,0,0,0,0,0,1,1,2,2,2,39,7,2143,2,8,MERCEDES C CLASS,1,E01015180,0,-1
2021111046391,2021,111046391,1,9,0,18,19,8,4,0,0,1,0,0,0,0,1,1,6,6,1,24,5,2143,2,6,MERCEDES C CLASS,2,E01020647,0,-1
2021440204533,2021,440204533,1,9,0,11,11,1,5,0,0,0,0,0,0,0,4,1,6,6,2,45,7,2143,2,8,MERCEDES C CLASS,4,E01023122,0,-1
2021461051175,2021,461051175,2,9,0,17,19,3,7,0,0,0,0,0,0,0,4,1,2,2,2,32,6,1991,1,4,MERCEDES C CLASS,3,E01016173,0,-1
2021010319629,2021,010319629,2,9,0,9,9,2,8,0,0,8,0,0,0,0,4,1,6,6,1,33,6,2143,2,5,MERCEDES C CLASS,8,E01001452,0,-1
2021440120341,2021,440120341,4,9,0,4,4,2,6,0,0,0,0,0,0,0,2,1,2,2,1,55,8,1991,1,5,MERCEDES C CLASS,10,E01022619,0,-1
2021101054119,2021,101054119,2,9,0,3,3,3,7,0,0,1,0,0,0,0,2,1,6,6,1,60,9,2143,2,11,MERCEDES C CLASS,1,E01008824,0,-1
2021010299910,2021,010299910,1,9,0,18,19,5,1,0,0,1,0,0,0,0,4,1,6,6,1,79,11,2799,1,22,MERCEDES C CLASS,3,E01003567,0,-1
2021010319803,2021,010319803,1,9,0,5,5,5,1,0,0,6,0,0,0,0,4,1,2,2,1,32,6,2143,12,5,MERCEDES C CLASS,4,E01003282,0,-1
2021010325898,2021,010325898,1,9,0,99,99,9,9,99,99,0,9,99,9,99,9,9,6,6,1,31,6,1950,2,2,MERCEDES C CLASS,2,E01003320,0,-1
2021201121357,2021,201121357,1,9,0,9,9,8,7,0,0,5,0,0,0,0,4,1,2,2,1,45,7,1597,1,12,MERCEDES C CLASS,1,E01009346,0,-1
2021010317266,2021,010317266,1,9,0,3,3,5,1,0,0,0,0,0,0,0,3,1,6,6,1,51,8,2148,2,16,MERCEDES C CLASS,3,E01003992,0,-1
2021201017651,2021,201017651,1,9,0,18,19,2,6,0,0,1,0,0,0,0,1,1,6,6,1,-1,-1,1598,2,3,MERCEDES C CLASS,-1,-1,0,-1
2021101113498,2021,101113498,1,9,0,16,19,1,8,0,0,2,1,0,0,0,1,1,5,6,1,19,4,2143,2,4,MERCEDES C CLASS,1,E01027539,0,-1
2021010331019,2021,010331019,1,9,9,99,99,9,9,99,99,0,9,99,9,99,1,9,2,2,2,25,5,2148,2,15,MERCEDES C CLASS,3,E01000092,0,-1
2021461095786,2021,461095786,3,9,0,3,3,6,2,0,0,0,0,0,0,0,2,1,5,6,1,49,8,1796,1,16,MERCEDES C CLASS,2,E01024080,0,-1
2021010346208,2021,010346208,2,9,0,99,99,9,9,99,99,9,9,99,9,99,1,9,6,6,3,37,7,2143,2,5,MERCEDES C CLASS,9,E01021454,0,-1
2021440428637,2021,440428637,2,9,0,18,19,2,6,0,0,1,0,0,0,0,4,1,2,2,1,62,9,2143,2,10,MERCEDES C CLASS,-1,-1,0,-1
2021010313394,2021,010313394,2,9,0,9,9,7,5,0,0,6,0,0,0,0,1,1,6,6,1,22,5,2143,2,10,MERCEDES C CLASS,-1,-1,0,-1
2021991081876,2021,991081876,3,9,0,18,19,8,4,0,0,0,0,0,0,0,1,1,2,2,1,22,5,2143,2,5,MERCEDES C CLASS,-1,-1,0,-1
2021010309161,2021,010309161,2,9,0,9,9,5,3,0,0,8,0,0,0,0,4,1,1,1,2,49,8,1595,1,6,MERCEDES C CLASS,4,E01004016,0,-1
2021440391804,2021,440391804,3,9,0,8,8,1,5,0,0,8,0,0,0,0,2,1,6,6,1,-1,-1,2143,2,7,MERCEDES C CLASS,-1,-1,0,-1
2021991041405,2021,991041405,1,9,0,9,9,1,6,0,0,2,0,0,0,0,3,1,5,6,1,62,9,1497,1,2,MERCEDES C CLASS,4,-1,0,-1
2021010298897,2021,010298897,3,9,0,13,13,6,2,0,0,2,1,0,0,0,1,1,6,6,3,-1,-1,1595,1,8,MERCEDES C CLASS,-1,-1,0,-1
2021010292764,2021,010292764,2,9,0,99,99,9,9,99,99,9,9,99,9,99,9,9,6,6,1,49,8,2148,2,15,MERCEDES C CLASS,3,E01023348,0,-1
2021461087978,2021,461087978,2,9,0,13,13,1,5,0,0,0,0,0,0,0,1,1,5,6,1,62,9,1991,1,5,MERCEDES C CLASS,10,E01022510,0,-1
2021170S31671,2021,170S31671,2,9,0,18,19,7,3,0,0,8,0,0,0,0,1,1,6,6,1,32,6,2148,2,15,MERCEDES C CLASS,1,E01033477,0,-1
2021461064477,2021,461064477,2,9,0,5,5,3,7,0,0,4,0,0,0,0,3,1,1,1,1,37,7,1991,8,5,MERCEDES C CLASS,9,E01009850,0,-1
2021010323432,2021,010323432,2,9,0,99,99,9,9,99,99,9,9,99,9,99,2,9,6,6,3,-1,-1,2143,2,5,MERCEDES C CLASS,2,E01002075,0,-1
2021421112343,2021,421112343,1,9,0,4,4,5,1,0,0,0,0,0,1,0,1,1,5,6,2,22,5,1595,1,8,MERCEDES C CLASS,5,E01022017,0,-1
2021201132063,2021,201132063,1,9,0,18,19,4,8,0,0,2,0,0,0,0,1,1,6,6,1,37,7,2148,2,17,MERCEDES C CLASS,2,E01031092,0,-1
2021010329370,2021,010329370,1,9,0,2,2,0,0,0,0,1,0,0,0,0,4,1,6,6,2,36,7,2143,2,7,MERCEDES C CLASS,-1,-1,0,-1
2021351044291,2021,351044291,1,9,0,18,19,2,6,0,0,1,0,0,0,0,1,1,5,6,2,66,10,2143,2,7,MERCEDES C CLASS,9,E01018054,0,-1
2021061144588,2021,061144588,2,9,0,18,19,1,1,0,0,0,0,0,0,0,1,1,6,6,2,23,5,2143,2,4,MERCEDES C CLASS,9,E01006377,0,-1
2021201097547,2021,201097547,2,9,0,5,5,4,8,9,9,6,0,0,0,0,1,1,6,6,1,54,8,1950,2,2,MERCEDES C CLASS,1,E01010129,0,-1
2021131112464,2021,131112464,1,9,0,16,19,2,1,0,0,2,0,11,0,0,1,1,5,6,1,18,4,2143,2,6,MERCEDES C CLASS,1,E01010719,0,-1
2021010334266,2021,010334266,2,9,0,99,99,9,9,99,99,9,9,99,9,99,1,9,6,6,1,22,5,2148,2,12,MERCEDES C CLASS,2,E01004268,0,-1
2021501018886,2021,501018886,1,9,0,13,13,2,6,0,0,0,0,0,0,0,1,1,6,6,1,33,6,2143,12,5,MERCEDES C CLASS,4,E01018979,0,-1
2021361083646,2021,361083646,1,9,0,6,6,5,8,0,0,1,0,0,0,0,0,1,6,6,1,62,9,2143,2,4,MERCEDES C CLASS,4,E01030225,0,-1
2021010300529,2021,010300529,2,9,0,4,4,3,7,0,0,0,1,4,0,0,1,1,2,2,1,43,7,1796,1,9,MERCEDES C CLASS,1,E01001957,0,-1
2021010316512,2021,010316512,1,9,0,18,19,7,3,0,0,0,0,0,0,0,4,1,2,2,1,51,8,1796,1,16,MERCEDES C CLASS,3,E01003989,0,-1
2021170S21421,2021,170S21421,1,9,0,18,19,3,7,0,0,1,0,0,0,0,1,1,6,6,1,82,11,2148,2,12,MERCEDES C CLASS,9,E01012257,0,-1
2021010297899,2021,010297899,1,9,0,4,4,5,1,0,0,1,1,0,0,0,2,1,6,6,2,43,7,1991,1,4,MERCEDES C CLASS,3,E01004356,0,-1
2021061067201,2021,061067201,2,9,0,4,4,1,7,0,0,0,0,0,0,0,2,1,6,6,1,37,7,2143,2,4,MERCEDES C CLASS,2,E01005230,0,-1
2021010296482,2021,010296482,2,9,0,99,99,9,9,99,99,9,9,99,9,99,9,9,6,6,3,-1,-1,1796,1,11,MERCEDES C CLASS,-1,-1,0,-1
2021552100730,2021,552100730,1,9,0,7,7,2,3,0,0,6,0,0,0,0,0,1,2,2,2,34,6,1595,1,8,MERCEDES C CLASS,5,E01015301,0,-1
2021471101434,2021,471101434,2,9,0,4,4,4,8,0,0,0,0,0,0,0,2,1,5,6,2,54,8,2143,2,11,MERCEDES C CLASS,10,E01031690,0,-1
2021061101735,2021,061101735,1,9,0,18,19,2,6,0,0,8,0,0,0,0,1,1,6,6,3,30,6,2143,12,6,MERCEDES C CLASS,-1,-1,0,-1
2021421069873,2021,421069873,3,9,0,18,19,1,5,0,0,0,0,0,1,0,2,1,6,6,1,45,7,1991,8,5,MERCEDES C CLASS,3,E01003788,0,-1
2021101015591,2021,101015591,1,9,0,15,15,8,4,0,0,0,1,0,0,0,1,1,6,6,3,-1,-1,2148,2,14,MERCEDES C CLASS,-1,-1,0,-1
2021201141367,2021,201141367,3,9,0,18,19,7,3,0,0,0,0,0,0,0,2,1,6,6,1,47,8,2143,2,9,MERCEDES C CLASS,1,E01012891,0,-1
2021201127390,2021,201127390,2,9,0,9,9,6,4,0,0,5,0,0,0,0,2,1,6,6,2,26,6,2143,2,4,MERCEDES C CLASS,4,E01009089,0,-1
2021411065235,2021,411065235,1,9,0,18,19,4,8,0,0,0,1,0,1,6,1,1,6,6,1,53,8,2148,2,12,MERCEDES C CLASS,8,E01009695,0,-1
2021161036271,2021,161036271,1,9,0,18,19,6,2,0,0,0,0,0,1,0,1,1,5,6,1,31,6,2143,2,6,MERCEDES C CLASS,9,E01012998,0,-1
2021421071159,2021,421071159,2,9,0,18,19,5,1,0,0,0,0,0,0,0,2,1,5,6,1,62,9,2148,2,12,MERCEDES C CLASS,3,E01021888,0,-1
2021451068311,2021,451068311,1,19,0,18,19,6,3,0,0,8,0,0,0,0,1,1,1,1,1,64,9,1461,2,6,-1,6,E01030677,0,-1
2021201033950,2021,201033950,2,9,0,18,19,4,8,0,0,8,0,0,0,0,1,1,1,1,2,35,6,2143,2,8,MERCEDES C CLASS,7,E01009550,0,-1
2021010343823,2021,010343823,1,9,0,14,14,1,5,0,0,8,0,0,0,0,1,1,6,6,1,48,8,1991,1,4,MERCEDES C CLASS,9,E01003462,0,-1
2021461083063,2021,461083063,1,9,0,10,10,5,1,0,0,1,0,0,0,0,1,1,6,6,1,24,5,2148,2,16,MERCEDES C CLASS,2,E01016040,0,-1
2021411154189,2021,411154189,2,9,0,18,19,7,3,0,0,8,0,0,0,0,1,1,6,6,1,32,6,2143,2,5,MERCEDES C CLASS,9,E01023626,0,-1
2021401110608,2021,401110608,1,9,0,-1,-1,-1,-1,-1,-1,-1,-1,-1,-1,0,-1,1,6,6,1,19,4,1796,1,18,MERCEDES C CLASS,1,E01025227,0,-1
2021440361506,2021,440361506,1,9,0,18,19,7,3,0,0,0,0,0,0,0,3,1,6,6,1,35,6,2398,1,23,MERCEDES C CLASS,2,E01017155,0,-1