collision_index,collision_year,collision_ref_no,vehicle_reference,vehicle_type,towing_and_articulation,vehicle_manoeuvre_historic,vehicle_manoeuvre,vehicle_direction_from,vehicle_direction_to,vehicle_location_restricted_lane_historic,vehicle_location_restricted_lane,junction_location,skidding_and_overturning,hit_object_in_carriageway,vehicle_leaving_carriageway,hit_object_off_carriageway,first_point_of_impact,vehicle_left_hand_drive,journey_purpose_of_driver_historic,journey_purpose_of_driver,sex_of_driver,age_of_driver,age_band_of_driver,engine_capacity_cc,propulsion_code,age_of_vehicle,generic_make_model,driver_imd_decile,lsoa_of_driver,escooter_flag,driver_distance_banding
2021411111087,2021,411111087,1,9,0,18,19,1,5,0,0,4,0,0,0,0,3,1,6,6,2,-1,-1,3982,1,4,MERCEDES C CLASS,-1,-1,0,-1
2021371030325,2021,371030325,2,9,0,5,5,4,8,0,0,0,0,0,0,0,4,1,5,6,1,47,8,2143,2,4,MERCEDES C CLASS,7,E01030239,0,-1
202134WNC4341,2021,34WNC4341,1,9,0,18,19,3,7,0,0,6,0,0,0,0,1,1,2,2,2,60,9,1991,1,5,MERCEDES C CLASS,10,E01027255,0,-1
2021131086267,2021,131086267,2,9,0,7,7,8,4,0,0,1,0,0,0,0,1,1,5,6,1,36,7,2148,2,12,MERCEDES C CLASS,4,E01011597,0,-1
2021010340743,2021,010340743,2,9,0,17,19,5,1,0,0,0,0,0,0,0,3,1,6,6,2,36,7,2148,2,12,MERCEDES C CLASS,5,E01001335,0,-1
2021440242626,2021,440242626,1,9,0,18,19,5,1,0,0,0,0,0,0,0,1,1,6,6,1,65,9,2143,2,11,MERCEDES C CLASS,6,E01023081,0,-1
2021010311750,2021,010311750,1,9,0,99,99,9,9,99,99,1,9,99,9,99,2,9,6,6,1,29,6,1796,1,9,MERCEDES C CLASS,5,E01003638,0,-1
2021201092015,2021,201092015,3,9,0,9,9,6,4,0,0,6,0,0,0,0,3,1,6,6,1,43,7,2143,2,6,MERCEDES C CLASS,2,E01010265,0,-1
2021522105793,2021,522105793,1,9,0,3,3,1,5,0,0,0,0,0,0,0,2,1,6,6,2,25,5,1991,1,5,MERCEDES C CLASS,5,E01032056,0,-1
2021010304203,2021,010304203,2,9,0,99,99,9,9,99,99,9,9,99,9,99,9,9,6,6,3,-1,-1,1796,1,15,MERCEDES C CLASS,9,E01000698,0,-1
2021052101577,2021,052101577,1,9,0,10,10,6,4,0,0,6,0,0,0,0,3,1,6,6,1,49,8,2148,2,16,MERCEDES C CLASS,1,E01006877,0,-1
2021010323404,2021,010323404,2,9,9,99,99,9,9,99,99,9,9,99,9,99,9,9,6,6,3,-1,-1,2143,2,6,MERCEDES C CLASS,-1,-1,0,-1
2021010309993,2021,010309993,1,9,0,99,99,9,9,99,99,9,9,99,9,99,2,9,6,6,1,22,5,2143,2,6,MERCEDES C CLASS,10,W01000870,0,-1
2021201063464,2021,201063464,2,9,0,5,5,4,8,0,0,8,0,0,0,0,1,1,6,6,1,37,7,2148,2,14,MERCEDES C CLASS,1,E01009408,0,-1
20211382F0930,2021,1382F0930,2,9,0,9,9,5,3,0,0,0,0,0,7,0,3,1,6,6,1,21,5,1950,2,1,MERCEDES C CLASS,3,E01033542,0,-1
202154A069021,2021,54A069021,2,9,0,4,4,1,5,0,0,2,0,0,0,0,2,1,6,6,1,30,6,1991,1,5,MERCEDES C CLASS,9,E01032706,0,-1
2021451032767,2021,451032767,1,9,0,4,4,1,5,0,0,1,0,0,0,0,2,1,5,6,1,28,6,2143,2,10,MERCEDES C CLASS,9,E01017935,0,-1
2021461059123,2021,461059123,1,9,0,18,19,3,7,0,0,0,0,0,7,0,1,1,6,6,2,64,9,2148,2,15,MERCEDES C CLASS,5,E01016149,0,-1
2021041108255,2021,041108255,2,9,0,18,19,2,6,0,0,1,0,0,0,0,4,1,5,6,2,50,8,2148,2,13,MERCEDES C CLASS,3,E01012585,0,-1
2021010306733,2021,010306733,1,9,0,3,3,8,4,0,0,1,0,0,0,0,4,1,6,6,1,60,9,2143,2,8,MERCEDES C CLASS,9,E01004118,0,-1
2021471022769,2021,471022769,1,9,0,18,19,5,1,0,0,8,0,0,0,0,4,1,6,6,2,31,6,1991,1,4,MERCEDES C CLASS,10,E01016982,0,-1
2021622100125,2021,622100125,1,9,0,18,19,3,8,0,0,1,0,0,1,2,1,1,6,6,3,-1,-1,1796,1,14,MERCEDES C CLASS,-1,-1,0,-1
2021610061721,2021,610061721,1,9,0,18,19,2,6,0,0,0,5,0,2,11,4,1,6,6,2,56,9,2148,2,14,MERCEDES C CLASS,8,W01001542,0,-1
2021010349643,2021,010349643,1,8,0,99,99,9,9,99,99,9,9,99,9,99,9,9,1,1,1,47,8,1991,8,4,MERCEDES C CLASS,-1,-1,0,-1
2021010302607,2021,010302607,4,9,0,18,19,5,1,0,0,2,0,0,0,0,1,1,1,1,1,27,6,2143,2,4,MERCEDES C CLASS,10,E01004114,0,-1
2021010300874,2021,010300874,1,9,0,18,19,5,1,0,0,4,0,0,0,0,1,1,6,6,1,48,8,1950,2,2,MERCEDES C CLASS,8,E01000896,0,-1
2021031021221,2021,031021221,2,9,0,2,2,0,0,0,0,0,0,0,0,0,2,1,5,6,1,59,9,1796,1,14,MERCEDES C CLASS,6,E01019213,0,-1
2021481114537,2021,481114537,2,9,0,18,19,3,7,0,0,8,0,0,0,0,3,1,5,6,1,37,7,2143,12,5,MERCEDES C CLASS,-1,-1,0,-1
2021010338345,2021,010338345,1,9,0,18,19,7,3,0,0,2,0,4,0,0,1,1,6,6,1,29,6,1991,8,5,MERCEDES C CLASS,3,E01001089,0,-1
2021991034215,2021,991034215,1,9,0,15,15,5,1,0,0,0,0,0,0,0,4,1,6,6,1,50,8,1796,1,15,MERCEDES C CLASS,3,-1,0,-1
2021010300322,2021,010300322,1,9,0,5,5,7,3,0,0,3,0,0,0,0,1,1,6,6,1,50,8,2143,2,5,MERCEDES C CLASS,6,E01002218,0,-1
2021351080744,2021,351080744,3,9,0,18,19,7,3,0,0,0,0,0,0,0,2,1,6,6,1,23,5,2143,2,10,MERCEDES C CLASS,1,E01015639,0,-1
2021010290965,2021,010290965,1,9,0,18,19,1,5,0,0,4,0,0,0,0,1,2,2,2,1,72,10,2496,1,13,MERCEDES C CLASS,8,E01030803,0,-1
2021010293369,2021,010293369,2,9,9,99,99,9,9,99,99,1,9,99,9,99,9,9,6,6,3,-1,-1,2143,2,9,MERCEDES C CLASS,-1,-1,0,-1
2021421097757,2021,421097757,2,9,0,18,19,4,8,0,0,0,0,0,0,0,3,1,6,6,1,29,6,1991,8,4,MERCEDES C CLASS,-1,-1,0,-1
2021471024325,2021,471024325,1,9,0,18,19,3,7,0,0,4,0,9,3,4,1,1,5,6,1,36,7,2143,2,6,MERCEDES C CLASS,-1,-1,0,-1
2021531046495,2021,531046495,1,9,0,9,9,1,5,0,0,1,0,0,0,0,1,1,5,6,1,77,11,1991,1,4,MERCEDES C CLASS,8,W01001583,0,-1
2021070806026,2021,070806026,1,9,0,9,9,7,5,0,0,6,0,0,0,0,1,1,6,6,1,-1,-1,1796,1,17,MERCEDES C CLASS,10,W01000268,0,-1
2021461114442,2021,461114442,2,9,-1,-1,-1,-1,-1,-1,-1,0,-1,-1,-1,0,-1,1,6,6,2,33,6,2149,2,14,MERCEDES C CLASS,2,E01033090,0,-1
2021010296038,2021,010296038,2,9,0,99,99,9,9,99,99,9,9,99,9,99,9,9,6,6,2,26,6,1595,1,1,MERCEDES C CLASS,5,E01000854,0,-1
2021501084239,2021,501084239,1,9,0,18,19,3,7,0,0,0,0,10,1,0,4,1,5,6,1,50,8,1991,8,3,MERCEDES C CLASS,4,E01016143,0,-1
2021231080223,2021,231080223,1,9,0,17,19,2,6,0,0,0,2,0,1,0,1,1,5,6,1,20,4,1991,1,3,MERCEDES C CLASS,3,E01033615,0,-1
2021010296154,2021,010296154,1,9,0,18,19,1,5,0,0,8,1,0,0,0,1,1,2,2,1,41,7,1991,8,4,MERCEDES C CLASS,3,E01003570,0,-1
2021010320911,2021,010320911,3,9,0,18,19,7,3,0,0,8,0,0,0,0,1,1,6,6,1,39,7,1597,1,12,MERCEDES C CLASS,-1,-1,0,-1
2021111061914,2021,111061914,1,9,0,18,19,1,5,0,0,2,0,0,0,0,1,1,5,6,1,49,8,2143,2,8,MERCEDES C CLASS,1,E01011955,0,-1
2021052102798,2021,052102798,1,9,0,18,19,5,1,0,0,4,0,0,0,0,3,1,6,6,1,27,6,2143,2,11,MERCEDES C CLASS,1,E01007055,0,-1
2021401024177,2021,401024177,1,9,0,7,7,3,7,0,0,3,0,0,0,0,4,1,5,6,1,51,8,2148,2,16,MERCEDES C CLASS,3,E01013765,0,-1
2021010333308,2021,010333308,2,9,0,9,9,1,7,0,0,5,0,0,0,0,4,1,6,6,1,30,6,2143,2,6,MERCEDES C CLASS,5,E01023529,0,-1
2021461116534,2021,461116534,5,9,0,18,19,3,7,0,0,0,0,0,0,0,1,1,6,6,1,20,4,1497,1,3,MERCEDES C CLASS,5,E01030747,0,-1
2021461097503,2021,461097503,1,9,0,9,9,5,1,0,0,0,0,0,0,0,3,1,6,6,1,41,7,1796,1,11,MERCEDES C CLASS,1,E01024661,0,-1
2021451073433,2021,451073433,2,9,0,5,5,1,6,0,0,1,0,0,0,0,1,1,6,6,1,39,7,2148,2,13,MERCEDES C CLASS,10,E01030365,0,-1
2021041028847,2021,041028847,1,9,0,5,5,1,6,0,0,1,0,11,0,0,1,1,2,2,1,50,8,2143,2,7,MERCEDES C CLASS,7,E01025347,0,-1
2021010290222,2021,010290222,2,9,9,18,19,1,5,99,99,9,9,0,9,0,3,1,6,6,2,-1,-1,1497,1,2,MERCEDES C CLASS,-1,-1,0,-1
2021111134408,2021,111134408,2,9,0,2,2,0,0,0,0,0,0,0,0,0,4,1,5,6,2,35,6,1950,2,3,MERCEDES C CLASS,1,E01020807,0,-1
2021531062512,2021,531062512,2,9,0,4,4,1,5,0,0,0,0,0,0,0,2,1,5,6,2,53,8,2143,2,5,MERCEDES C CLASS,8,-1,0,-1
2021471124380,2021,471124380,2,9,0,4,4,8,4,0,0,0,0,0,0,0,2,1,5,6,2,36,7,2143,2,5,MERCEDES C CLASS,6,E01021182,0,-1
2021471022900,2021,471022900,2,9,0,2,2,0,0,0,0,1,0,0,0,0,1,1,6,6,3,-1,-1,1597,1,25,-1,-1,-1,0,-1
2021451095256,2021,451095256,1,9,0,7,7,4,8,0,0,0,0,0,0,0,2,1,2,2,2,45,7,1597,1,18,-1,5,E01030980,0,-1
2021440371254,2021,440371254,1,9,0,18,19,5,1,0,0,0,0,10,7,0,1,1,2,2,1,67,10,1834,1,23,-1,10,E01022581,0,-1
2021371097398,2021,371097398,3,9,0,2,2,0,0,0,0,8,0,0,0,0,4,1,6,6,3,-1,-1,1870,2,18,-1,-1,-1,0,-1
2021501092005,2021,501092005,2,9,0,16,19,7,3,0,0,0,0,0,0,0,1,1,1,1,1,34,6,1870,2,17,-1,4,E01015069,0,-1
202163D030421,2021,63D030421,2,9,0,4,4,4,8,0,0,8,1,0,0,0,1,1,6,6,2,32,6,1597,1,19,-1,-1,-1,0,-1
2021461040787,2021,461040787,2,9,0,18,19,5,8,0,0,0,0,0,0,0,3,1,2,2,2,51,8,1870,2,17,-1,6,E01024436,0,-1
2021991022968,2021,991022968,1,9,0,6,6,6,6,0,0,1,1,0,1,0,3,1,6,6,1,45,7,1870,2,19,-1,4,-1,0,-1
2021010328486,2021,010328486,1,9,0,1,1,1,5,9,9,6,0,0,0,0,2,1,6,6,1,24,5,1597,1,24,-1,6,E01002260,0,-1
202106A079048,2021,06A079048,2,3,0,18,19,5,1,0,0,8,1,0,0,0,1,1,6,6,1,39,7,744,1,18,-1,1,E01005638,0,-1
2021544910921,2021,544910921,1,3,0,14,14,1,5,0,0,0,0,0,0,0,1,1,6,6,1,18,4,125,1,6,-1,8,E01015550,0,-1
2021010329970,2021,010329970,2,2,0,15,15,1,5,9,9,1,0,0,1,0,1,1,2,2,1,52,8,49,1,16,-1,9,E01001104,0,-1
2021141059767,2021,141059767,1,97,0,18,19,7,3,0,0,0,0,0,0,0,1,1,6,6,1,20,4,49,1,15,-1,1,E01007857,0,-1
2021221026521,2021,221026521,2,2,0,18,19,1,5,0,0,8,0,0,0,0,1,1,5,6,1,21,5,49,1,15,-1,7,E01028987,0,-1
2021201146383,2021,201146383,2,2,0,3,3,2,6,0,0,8,0,0,0,0,4,1,1,1,1,41,7,49,1,13,-1,2,E01009980,0,-1
2021141104016,2021,141104016,2,2,0,18,19,7,3,0,0,8,0,0,1,0,1,1,6,6,1,28,6,49,1,15,-1,1,E01007370,0,-1
2021430534041,2021,430534041,2,3,0,18,19,6,2,0,0,8,0,0,0,0,1,1,2,2,1,17,4,-1,-1,-1,-1,10,E01016676,0,-1
2021141055073,2021,141055073,3,2,0,18,19,7,3,0,0,0,0,0,0,0,1,1,6,6,1,-1,-1,49,1,15,-1,-1,-1,0,-1
2021461054691,2021,461054691,1,2,0,15,15,2,6,0,0,1,0,0,0,0,1,1,5,6,1,20,4,49,1,18,-1,2,E01024648,0,-1
2021061095989,2021,061095989,2,3,0,18,19,7,3,0,0,0,0,0,0,0,1,1,6,6,1,56,9,-1,-1,-1,-1,1,E01004957,0,-1
2021461059333,2021,461059333,1,2,0,18,19,7,1,0,0,0,1,0,0,0,4,1,5,6,1,20,4,49,1,18,-1,2,E01024648,0,-1
2021131035301,2021,131035301,1,2,0,18,19,8,4,0,0,1,0,0,0,0,1,1,1,1,1,25,5,49,1,11,-1,4,E01011390,0,-1
2021522105985,2021,522105985,1,2,0,99,99,9,9,0,0,8,0,0,0,0,0,1,6,6,1,17,4,49,1,1,-1,9,E01014382,0,-1
2021461034868,2021,461034868,2,3,0,18,19,4,8,0,0,1,5,0,0,0,1,1,5,6,1,18,4,124,1,13,-1,5,E01023992,0,-1
2021010325923,2021,010325923,1,9,0,99,99,9,9,99,99,9,9,99,9,99,1,1,6,6,1,34,6,998,1,13,-1,4,E01002250,0,-1
2021061060551,2021,061060551,1,9,0,15,15,5,1,0,0,8,0,0,0,0,3,1,1,1,1,74,10,1762,1,24,-1,5,E01005646,0,-1
2021052100959,2021,052100959,1,9,0,18,19,3,7,0,0,1,0,0,0,0,1,1,6,6,1,36,7,998,1,13,-1,5,E01007223,0,-1
2021520200902,2021,520200902,1,2,0,18,19,1,5,0,0,0,1,0,0,0,0,1,6,6,1,16,4,49,1,6,-1,10,E01014424,0,-1
2021440421251,2021,440421251,1,3,0,18,19,1,5,0,0,1,0,0,0,0,0,1,6,6,2,27,6,-1,-1,-1,-1,6,E01017015,0,-1
2021471070070,2021,471070070,1,2,0,18,19,7,3,0,0,4,0,0,0,0,4,1,2,2,2,20,4,49,1,11,-1,7,E01031398,0,-1
2021010327885,2021,010327885,1,23,0,99,99,9,9,99,99,9,9,99,9,99,9,1,6,6,1,29,6,-1,3,1,-1,4,E01023805,0,-1
2021552101399,2021,552101399,1,9,0,18,19,2,7,0,0,0,5,0,1,0,0,1,6,6,1,20,4,1598,1,18,BMW MODEL MISSING,10,E01020380,0,-1
2021131062542,2021,131062542,1,5,0,16,19,3,7,0,0,0,0,0,0,0,3,1,5,6,1,78,11,800,1,42,BMW MODEL MISSING,5,E01011537,0,-1
2021131057622,2021,131057622,2,5,0,18,19,5,1,0,0,0,0,0,0,0,4,1,5,6,1,68,10,980,1,42,BMW MODEL MISSING,9,E01010769,0,-1
202134NNC5331,2021,34NNC5331,2,9,0,18,19,5,1,0,0,8,0,0,0,0,1,1,6,6,1,37,7,2926,2,18,BMW MODEL MISSING,1,E01027339,0,-1
2021101094560,2021,101094560,1,5,0,17,19,6,3,0,0,0,0,0,0,0,1,1,5,6,1,68,10,998,1,-1,BMW MODEL MISSING,1,E01010817,0,-1
2021010336420,2021,010336420,1,9,0,5,5,3,7,0,0,4,0,0,0,0,1,1,6,6,1,34,6,2926,2,18,BMW MODEL MISSING,4,E01004221,0,-1
2021320521960,2021,320521960,2,5,0,18,19,6,2,0,0,2,1,0,0,0,1,1,6,6,1,40,7,980,1,26,BMW MODEL MISSING,-1,-1,0,-1
2021320540998,2021,320540998,1,5,0,17,19,2,6,0,0,0,1,0,1,0,4,1,6,6,1,79,11,750,1,33,BMW MODEL MISSING,5,E01026276,0,-1
202131B161721,2021,31B161721,1,5,0,7,7,8,4,0,0,5,0,0,0,0,2,1,6,6,1,68,10,980,1,40,BMW MODEL MISSING,6,E01028331,0,-1
2021010306709,2021,010306709,2,5,0,18,19,5,1,0,0,5,0,0,0,0,3,1,6,6,1,30,6,797,1,42,BMW MODEL MISSING,2,E01004253,0,-1
2021010346370,2021,010346370,1,9,0,18,19,7,3,0,0,0,2,0,1,2,1,1,6,6,1,46,8,2500,1,11,BMW MODEL MISSING,3,E01003555,0,-1
2021552101162,2021,552101162,2,9,0,18,19,4,8,0,0,8,0,0,0,0,1,1,6,6,2,61,9,1796,1,24,BMW MODEL MISSING,7,E01029216,0,-1
2021320369582,2021,320369582,2,9,0,18,19,4,8,0,0,1,0,0,0,0,1,1,6,6,1,24,5,2494,1,24,BMW MODEL MISSING,-1,-1,0,-1
2021421054168,2021,421054168,2,5,0,18,19,5,1,0,0,0,1,0,0,0,1,1,5,6,1,53,8,800,1,43,BMW MODEL MISSING,5,E01021551,0,-1
2021522100322,2021,522100322,1,9,0,2,2,0,0,0,0,0,0,4,0,0,3,1,6,6,1,28,6,2171,1,19,BMW MODEL MISSING,10,E01022307,0,-1
2021471090551,2021,471090551,1,5,0,14,14,8,4,0,0,1,0,0,0,0,1,1,2,2,1,55,8,1130,1,20,BMW MODEL MISSING,2,E01031450,0,-1
2021201142035,2021,201142035,1,9,0,11,11,4,8,0,0,0,0,0,0,0,4,1,6,6,1,34,6,1995,1,10,BMW MODEL MISSING,1,E01009979,0,-1
2021010319687,2021,010319687,2,4,0,18,19,1,5,3,2,6,0,8,0,0,1,1,6,6,1,56,9,980,1,42,BMW MODEL MISSING,2,E01000059,0,-1
2021351043430,2021,351043430,1,9,0,5,5,5,1,0,0,8,0,0,0,0,3,1,6,6,2,30,6,3000,1,13,BMW MODEL MISSING,7,E01029937,0,-1
2021010290883,2021,010290883,2,5,0,18,19,7,3,0,0,8,0,0,0,0,3,1,2,2,1,42,7,740,1,27,BMW MODEL MISSING,-1,-1,0,-1
2021070205782,2021,070205782,2,9,0,3,3,6,2,0,0,0,0,0,0,0,2,1,3,7,2,40,7,4398,1,16,BMW MODEL MISSING,10,W01000257,0,-1
2021501096979,2021,501096979,2,4,0,16,19,5,1,0,0,0,0,0,1,0,1,1,5,6,1,61,9,398,1,17,-1,6,E01020209,0,-1
2021131059096,2021,131059096,1,5,0,7,7,6,8,0,0,1,1,0,0,0,0,1,6,6,1,74,10,600,1,0,-1,5,E01011178,0,-1
202163D067221,2021,63D067221,2,5,0,18,19,2,7,0,0,8,0,0,0,0,4,1,6,6,1,60,9,600,1,2,-1,8,E01028930,0,-1
2021451082142,2021,451082142,2,4,0,4,4,3,7,0,0,0,0,0,0,0,1,1,5,6,1,58,9,499,1,18,-1,10,E01030403,0,-1
2021010295677,2021,010295677,1,8,0,5,5,3,7,0,0,0,0,0,0,0,4,1,1,1,1,47,8,1368,1,5,FIAT TIPO,4,E01000534,0,-1
2021421086557,2021,421086557,2,9,0,18,19,5,1,0,0,1,0,0,0,0,4,1,2,2,1,32,6,1368,1,4,FIAT TIPO,-1,-1,0,-1
2021430436848,2021,430436848,1,9,0,5,5,5,1,8,6,0,0,0,0,0,3,1,6,6,2,36,7,1368,1,4,FIAT TIPO,5,E01016594,0,-1
2021010332749,2021,010332749,1,9,9,3,3,1,5,0,0,0,9,99,9,99,2,9,6,6,2,52,8,1368,1,2,FIAT TIPO,5,E01030609,0,-1
2021440141111,2021,440141111,2,9,0,5,5,5,1,0,0,1,0,0,0,0,1,1,6,6,2,29,6,1368,1,4,FIAT TIPO,8,E01022650,0,-1
2021031068444,2021,031068444,1,9,0,18,19,1,5,0,0,0,0,0,0,0,1,1,5,6,2,29,6,1368,1,4,FIAT TIPO,4,-1,0,-1
2021010294293,2021,010294293,2,9,0,2,2,0,0,0,0,2,0,4,0,0,2,1,6,6,3,-1,-1,1368,1,2,FIAT TIPO,-1,-1,0,-1
2021430174701,2021,430174701,1,9,0,3,3,4,8,0,0,2,0,0,0,0,2,1,2,2,1,52,8,1598,2,5,FIAT TIPO,9,E01017655,0,-1
2021991052132,2021,991052132,1,9,0,18,19,2,7,0,0,1,0,0,0,0,1,1,5,6,2,34,6,1248,2,3,FIAT TIPO,4,-1,0,-1
2021461103491,2021,461103491,1,9,0,18,19,1,5,0,0,0,0,0,0,0,1,1,6,6,1,58,9,999,1,0,FIAT TIPO,9,E01023999,0,-1
2021471022770,2021,471022770,1,9,0,5,5,4,6,9,9,0,0,0,0,0,4,1,6,6,1,50,8,1248,2,2,FIAT TIPO,6,E01031673,0,-1
2021520104553,2021,520104553,1,9,0,16,19,6,2,0,0,0,0,0,7,11,1,1,6,6,1,38,7,1368,1,1,FIAT TIPO,10,E01029168,0,-1
202134WNC6231,2021,34WNC6231,1,9,0,18,19,1,5,0,0,0,0,0,0,0,3,1,1,1,1,36,7,1368,1,2,FIAT TIPO,9,E01027303,0,-1
2021161114231,2021,161114231,1,9,0,18,19,8,4,0,0,0,0,0,0,0,2,1,6,6,1,34,6,1598,2,5,FIAT TIPO,4,E01012870,0,-1
2021041100406,2021,041100406,2,9,0,18,19,5,1,0,0,0,0,0,0,0,4,1,2,2,2,46,8,1368,1,1,FIAT TIPO,9,E01025299,0,-1
2021522103307,2021,522103307,2,9,0,18,19,7,3,0,0,8,0,0,0,0,1,1,6,6,1,34,6,1368,1,4,FIAT TIPO,10,E01014966,0,-1
2021991099027,2021,991099027,1,9,0,18,19,8,4,0,0,1,0,0,0,0,4,1,5,6,2,32,6,1368,1,2,FIAT TIPO,2,-1,0,-1
2021231080108,2021,231080108,2,9,0,3,3,6,2,0,0,1,0,0,0,0,2,1,5,6,2,34,6,1368,1,4,FIAT TIPO,4,E01031054,0,-1
202134NNC3081,2021,34NNC3081,2,9,0,18,19,7,3,0,0,1,0,0,0,0,2,1,6,6,2,46,8,1248,2,4,FIAT TIPO,5,E01027073,0,-1
2021211035487,2021,211035487,1,9,0,18,19,3,7,0,0,2,0,0,0,0,1,1,1,1,1,66,10,1368,1,4,FIAT TIPO,7,E01029471,0,-1
2021351046123,2021,351046123,2,9,0,9,9,3,7,0,0,8,0,0,0,0,4,1,1,1,2,28,6,1368,1,4,FIAT TIPO,4,E01018062,0,-1
2021471011288,2021,471011288,2,9,0,18,19,2,6,0,0,1,0,0,7,11,4,1,6,6,1,18,4,1368,1,4,FIAT TIPO,8,E01031765,0,-1
2021991115825,2021,991115825,2,9,0,2,2,0,0,0,0,0,0,0,0,0,2,1,6,6,3,-1,-1,1248,2,4,FIAT TIPO,-1,-1,0,-1
2021010309666,2021,010309666,2,9,0,2,2,0,0,9,9,1,0,0,0,0,1,1,6,6,3,-1,-1,1368,1,2,FIAT TIPO,-1,-1,0,-1
202163C033021,2021,63C033021,1,9,0,14,14,2,6,0,0,2,0,0,0,0,1,1,6,6,1,69,10,1368,1,1,FIAT TIPO,-1,-1,0,-1
2021041034119,2021,041034119,2,9,0,3,3,2,8,0,0,0,0,0,0,0,2,2,2,2,2,25,5,1368,1,3,FIAT TIPO,6,E01025486,0,-1
2021201134835,2021,201134835,1,9,0,7,7,8,2,0,0,1,0,0,0,0,0,1,1,1,1,48,8,999,1,0,FIAT TIPO,9,E01029364,0,-1
2021010316111,2021,010316111,2,9,0,18,19,5,1,0,0,8,0,0,7,0,1,1,6,6,2,27,6,1368,1,2,FIAT TIPO,5,E01003345,0,-1
2021131100837,2021,131100837,2,9,0,5,5,5,1,0,0,3,0,0,0,0,3,1,2,2,2,25,5,1368,1,4,FIAT TIPO,6,E01011548,0,-1
2021221046505,2021,221046505,1,9,0,14,14,1,6,0,0,0,0,0,0,0,1,1,5,6,2,35,6,1368,1,1,FIAT TIPO,3,E01014104,0,-1
2021061045206,2021,061045206,1,9,0,18,19,8,5,0,0,4,0,0,0,0,3,1,6,6,1,29,6,1368,1,4,FIAT TIPO,7,E01005057,0,-1
2021010333063,2021,010333063,1,9,0,7,7,1,3,0,0,1,0,0,0,0,3,1,6,6,1,25,5,1368,1,1,FIAT TIPO,2,E01000925,0,-1
2021221091901,2021,221091901,3,9,0,18,19,1,5,0,0,0,0,0,7,9,1,1,5,6,1,42,7,999,1,0,FIAT TIPO,1,E01006964,0,-1
2021231067639,2021,231067639,1,9,0,9,9,7,5,0,0,5,0,0,0,0,1,1,5,6,1,50,8,1248,2,4,FIAT TIPO,5,E01031311,0,-1
2021052100966,2021,052100966,2,9,0,10,10,5,3,0,0,1,0,0,0,0,2,1,6,6,1,25,5,1368,1,4,FIAT TIPO,4,E01006639,0,-1
202154B818121,2021,54B818121,1,9,0,9,9,7,3,0,0,1,0,0,0,0,1,1,6,6,2,46,8,1368,1,3,FIAT TIPO,7,E01032025,0,-1
2021010294481,2021,010294481,2,9,0,3,3,5,1,2,2,0,0,10,2,10,2,1,6,6,1,34,6,1368,1,4,FIAT TIPO,6,E01003153,0,-1
2021010323264,2021,010323264,1,9,9,99,99,9,9,99,99,9,9,99,9,99,9,9,6,6,1,57,9,1597,1,21,FORD ESCORT,1,E01004674,0,-1
2021421049271,2021,421049271,1,9,0,18,19,1,6,0,0,1,0,0,0,0,1,1,5,6,1,82,11,1597,1,21,FORD ESCORT,1,E01021990,0,-1
2021201031880,2021,201031880,2,9,0,3,3,8,4,0,0,0,0,0,0,0,2,1,6,6,1,26,6,1597,1,24,FORD ESCORT,5,E01009739,0,-1
2021070667295,2021,070667295,1,9,0,16,19,4,7,0,0,0,0,0,7,11,0,1,6,6,1,54,8,1599,1,-1,FORD ESCORT,10,E01018385,0,-1
2021548911221,2021,548911221,1,9,0,18,19,1,5,0,0,0,0,0,0,0,1,1,6,6,1,48,8,1598,1,41,FORD ESCORT,6,E01031989,0,-1
2021440276105,2021,440276105,1,9,0,18,19,2,6,0,0,2,0,0,0,0,1,1,6,6,1,64,9,1597,1,28,FORD ESCORT,4,E01030650,0,-1
2021221068752,2021,221068752,1,9,0,18,19,6,3,0,0,0,0,0,0,0,1,1,6,6,1,24,5,1597,1,32,FORD ESCORT,9,E01014168,0,-1
2021361067704,2021,361067704,1,9,0,5,5,5,3,0,0,1,0,0,0,0,4,1,6,6,3,-1,-1,-1,-1,-1,FORD ESCORT,-1,-1,0,-1
2021371023960,2021,371023960,1,19,0,18,19,2,6,0,0,8,0,0,0,0,3,1,5,6,1,23,5,1753,2,19,FORD ESCORT,9,E01029973,0,-1
2021501116377,2021,501116377,1,9,0,18,19,1,5,0,0,0,1,0,0,0,1,1,5,6,1,21,5,1597,1,39,FORD ESCORT,8,E01019976,0,-1
2021421071339,2021,421071339,1,19,-1,18,19,8,4,0,0,1,0,0,0,0,1,1,6,6,3,-1,-1,1753,2,25,FORD ESCORT,-1,-1,0,-1
2021421079559,2021,421079559,1,9,0,11,11,1,5,0,0,3,0,0,0,0,1,1,5,6,1,48,8,-1,-1,-1,FORD ESCORT,-1,-1,0,-1
2021471045811,2021,471045811,3,9,0,17,19,1,5,0,0,0,0,0,0,0,4,1,6,6,3,-1,-1,-1,-1,-1,FORD ESCORT,-1,-1,0,-1