collision_index,collision_year,collision_ref_no,vehicle_reference,vehicle_type,towing_and_articulation,vehicle_manoeuvre_historic,vehicle_manoeuvre,vehicle_direction_from,vehicle_direction_to,vehicle_location_restricted_lane_historic,vehicle_location_restricted_lane,junction_location,skidding_and_overturning,hit_object_in_carriageway,vehicle_leaving_carriageway,hit_object_off_carriageway,first_point_of_impact,vehicle_left_hand_drive,journey_purpose_of_driver_historic,journey_purpose_of_driver,sex_of_driver,age_of_driver,age_band_of_driver,engine_capacity_cc,propulsion_code,age_of_vehicle,generic_make_model,driver_imd_decile,lsoa_of_driver,escooter_flag,driver_distance_banding
2021421076075,2021,421076075,1,19,0,17,19,6,2,0,0,1,0,0,0,0,1,1,6,6,1,50,8,1753,2,20,FORD ESCORT,4,E01021368,0,-1
2021451074848,2021,451074848,2,9,0,4,4,2,6,0,0,0,0,0,0,0,3,1,5,6,1,45,7,1100,1,-1,FORD ESCORT,9,E01030978,0,-1
2021552200233,2021,552200233,1,9,0,17,19,2,6,0,0,0,0,0,0,0,1,1,6,6,1,24,5,1597,1,31,FORD ESCORT,6,E01020529,0,-1
2021131067026,2021,131067026,1,9,0,17,19,5,1,0,0,0,0,0,1,11,4,1,6,6,1,39,7,1796,1,23,FORD ESCORT,2,E01011061,0,-1
2021131089096,2021,131089096,2,5,0,18,19,5,1,0,0,1,0,0,0,0,1,1,5,6,1,58,9,1801,1,5,-1,8,E01011514,0,-1
2021141027728,2021,141027728,1,9,0,15,15,1,1,0,0,0,1,0,0,0,1,1,2,2,1,44,7,3493,8,2,-1,3,E01019506,0,-1
2021991018029,2021,991018029,1,3,0,13,13,3,7,9,9,1,0,7,7,0,1,1,6,6,1,42,7,102,1,14,HONDA SCV100F,3,-1,0,-1
2021010329817,2021,010329817,1,3,0,18,19,3,7,0,0,6,0,0,0,0,1,1,6,6,1,19,4,102,1,14,HONDA SCV100F,2,E01003112,0,-1
2021010288368,2021,010288368,1,3,0,99,99,9,9,99,99,9,9,99,9,99,9,1,6,6,1,17,4,102,1,14,HONDA SCV100F,4,E01000625,0,-1
2021991060919,2021,991060919,2,3,0,18,19,5,1,0,0,8,1,0,1,0,3,1,6,6,2,33,6,102,1,14,HONDA SCV100F,-1,-1,0,-1
2021010315584,2021,010315584,1,3,0,99,99,9,9,99,99,0,9,99,9,99,3,9,6,6,1,19,4,102,1,14,HONDA SCV100F,2,E01003112,0,-1
2021010320008,2021,010320008,2,3,0,13,13,1,5,0,0,1,0,0,0,0,1,1,6,6,1,63,9,102,1,15,HONDA SCV100F,4,E01001974,0,-1
2021010330656,2021,010330656,1,3,0,9,9,7,5,0,0,1,0,7,3,6,1,1,6,6,1,38,7,102,1,11,HONDA SCV100F,-1,-1,0,-1
2021451114791,2021,451114791,1,3,0,7,7,4,6,0,0,8,2,0,0,0,4,1,6,6,1,18,4,102,1,15,HONDA SCV100F,7,E01030956,0,-1
2021010293449,2021,010293449,2,3,0,18,19,7,3,0,0,8,0,0,0,0,1,1,1,1,1,31,6,102,1,16,HONDA SCV100F,4,E01003453,0,-1
2021010288363,2021,010288363,1,3,0,18,19,1,5,0,0,0,1,0,0,0,0,1,6,6,1,20,4,102,1,16,HONDA SCV100F,-1,-1,0,-1
2021522105974,2021,522105974,2,4,0,18,19,1,5,0,0,8,0,0,0,0,1,1,6,6,1,36,7,102,1,14,HONDA SCV100F,4,E01014603,0,-1
2021010289355,2021,010289355,1,3,0,18,19,5,1,0,0,0,0,0,0,0,1,1,6,6,1,40,7,102,1,16,HONDA SCV100F,5,E01000264,0,-1
2021010345370,2021,010345370,2,5,0,14,14,5,1,0,0,0,0,0,0,0,4,1,2,2,1,55,8,1237,1,5,HONDA VFR 1200,3,E01015924,0,-1
2021010291736,2021,010291736,2,5,0,13,13,1,5,0,0,1,0,0,0,0,1,1,6,6,1,28,6,1237,1,11,HONDA VFR 1200,3,E01001147,0,-1
2021991077105,2021,991077105,3,5,0,17,19,1,5,0,0,0,1,0,0,0,1,1,5,6,1,51,8,1237,1,5,HONDA VFR 1200,8,-1,0,-1
2021991036220,2021,991036220,2,5,0,5,5,7,3,0,0,1,0,0,0,0,2,1,5,6,1,53,8,1237,1,10,HONDA VFR 1200,7,-1,0,-1
2021010307007,2021,010307007,2,5,0,4,4,5,1,0,0,8,5,0,0,0,2,1,1,1,1,48,8,1237,1,10,HONDA VFR 1200,2,E01000080,0,-1
2021991120450,2021,991120450,1,5,0,18,19,6,2,0,0,0,0,0,1,0,1,1,5,6,1,65,9,1237,1,3,HONDA VFR 1200,10,-1,0,-1
2021461067416,2021,461067416,2,5,0,15,15,3,7,0,0,1,0,0,0,0,1,1,6,6,1,30,6,1237,1,7,HONDA VFR 1200,5,E01016116,0,-1
2021440118698,2021,440118698,2,5,0,3,3,5,3,0,0,8,0,0,0,0,2,1,6,6,1,55,8,1237,1,11,HONDA VFR 1200,6,E01022814,0,-1
2021401049721,2021,401049721,1,5,0,14,14,7,3,0,0,0,0,0,0,0,4,1,5,6,1,63,9,1237,1,1,HONDA VFR 1200,2,E01017472,0,-1
2021461065144,2021,461065144,1,5,0,17,19,3,6,0,0,1,0,0,0,0,0,1,6,6,1,53,8,1237,1,11,HONDA VFR 1200,5,E01010854,0,-1
2021552100998,2021,552100998,1,5,0,18,19,1,5,0,0,0,0,0,0,0,1,1,6,6,1,61,9,1237,1,1,HONDA VFR 1200,10,E01022683,0,-1
2021211117364,2021,211117364,1,5,0,18,19,1,6,0,0,8,0,0,0,0,1,1,1,1,1,54,8,1237,1,9,HONDA VFR 1200,8,E01032400,0,-1
2021430547432,2021,430547432,1,5,0,18,19,5,1,0,0,8,1,9,0,0,1,1,6,6,1,37,7,1237,1,8,HONDA VFR 1200,10,E01017799,0,-1
2021548010321,2021,548010321,1,5,0,4,4,5,1,0,0,1,0,0,0,0,0,1,2,2,1,68,10,1237,1,5,HONDA VFR 1200,10,E01031903,0,-1
2021010323572,2021,010323572,2,5,0,18,19,2,6,0,0,2,0,0,0,0,1,1,2,2,1,39,7,1237,1,6,HONDA VFR 1200,10,E01030771,0,-1
2021991088090,2021,991088090,1,5,0,18,19,1,5,0,0,0,0,0,1,0,3,1,5,6,1,64,9,1237,1,11,HONDA VFR 1200,8,E01027621,0,-1
2021451116382,2021,451116382,2,5,0,18,19,6,2,0,0,0,0,11,0,0,1,1,2,2,1,49,8,1237,1,6,HONDA VFR 1200,7,E01016216,0,-1
2021161091957,2021,161091957,1,3,0,9,9,1,5,0,0,0,0,0,0,0,0,1,6,6,1,23,5,124,1,1,LEXMOTO VENOM 125,1,E01012881,0,-1
2021411120612,2021,411120612,2,2,0,9,9,8,6,0,0,0,1,0,1,0,0,1,2,2,1,29,6,124,1,5,LEXMOTO VENOM 125,6,E01023789,0,-1
2021320411380,2021,320411380,1,3,0,18,19,4,8,0,0,0,1,4,0,0,1,1,6,6,1,25,5,124,1,5,LEXMOTO VENOM 125,3,E01026023,0,-1
202134WNC2591,2021,34WNC2591,2,3,0,18,19,1,5,0,0,8,0,0,0,0,1,1,6,6,1,26,6,124,1,2,LEXMOTO VENOM 125,10,E01032983,0,-1
202134WNC1841,2021,34WNC1841,1,3,0,18,19,3,7,0,0,4,0,0,0,0,1,1,2,2,1,45,7,124,1,3,LEXMOTO VENOM 125,-1,-1,0,-1
2021131120058,2021,131120058,1,3,0,18,19,5,1,0,0,0,0,0,0,0,1,1,5,6,2,36,7,124,1,6,LEXMOTO VENOM 125,2,E01011105,0,-1
2021320493745,2021,320493745,1,3,0,16,19,1,4,0,0,0,2,0,0,0,0,1,2,2,1,23,5,124,1,5,LEXMOTO VENOM 125,1,E01026126,0,-1
202131D192021,2021,31D192021,1,3,0,14,14,3,7,0,0,2,0,0,0,0,4,1,6,6,1,18,4,124,1,2,LEXMOTO VENOM 125,10,E01028390,0,-1
2021070885156,2021,070885156,2,3,0,18,19,2,6,0,0,0,0,0,0,0,0,1,6,6,1,17,4,124,1,6,LEXMOTO VENOM 125,6,E01018674,0,-1
2021430401217,2021,430401217,2,3,0,18,19,4,8,0,0,8,0,0,0,0,1,1,2,2,1,20,4,124,1,6,LEXMOTO VENOM 125,4,E01016462,0,-1
2021371063731,2021,371063731,1,3,0,4,4,8,4,0,0,0,5,0,0,0,1,1,2,2,1,25,5,124,1,0,LEXMOTO VENOM 125,1,E01033129,0,-1
2021010321328,2021,010321328,1,3,0,18,19,1,5,0,0,8,0,0,1,0,2,1,6,6,1,50,8,124,1,5,LEXMOTO VENOM 125,4,E01004172,0,-1
2021520105120,2021,520105120,2,3,0,18,19,2,6,0,0,0,1,0,0,0,1,1,6,6,1,18,4,124,1,5,LEXMOTO VENOM 125,6,E01029064,0,-1
2021201103788,2021,201103788,2,3,0,3,3,3,6,0,0,1,0,0,0,0,2,1,1,1,1,20,4,124,1,4,LEXMOTO VENOM 125,2,E01009998,0,-1
2021401057200,2021,401057200,1,3,0,4,4,7,3,0,0,0,0,0,0,0,1,1,6,6,1,21,5,124,1,1,LEXMOTO VENOM 125,7,E01017516,0,-1
202134NNC1881,2021,34NNC1881,1,3,0,16,19,5,1,0,0,3,2,7,0,6,1,1,6,6,1,19,4,124,1,5,LEXMOTO VENOM 125,1,E01026968,0,-1
2021131093619,2021,131093619,1,3,0,18,19,5,1,0,0,8,1,0,0,0,4,1,5,6,1,19,4,124,1,2,LEXMOTO VENOM 125,1,E01010845,0,-1
2021010292417,2021,010292417,1,3,0,18,19,5,1,0,0,8,0,0,0,0,1,1,2,2,1,28,6,124,1,5,LEXMOTO VENOM 125,9,E01002967,0,-1
2021991022582,2021,991022582,2,3,0,18,19,7,3,0,0,0,0,0,0,0,1,1,6,6,1,17,4,124,1,1,LEXMOTO VENOM 125,2,-1,0,-1
2021991048603,2021,991048603,1,3,0,7,7,4,6,0,0,8,1,0,0,0,4,1,1,1,1,34,6,124,1,5,LEXMOTO VENOM 125,7,-1,0,-1
2021430515286,2021,430515286,2,3,0,18,19,5,2,0,0,8,0,0,0,0,1,1,2,2,1,22,5,124,1,6,LEXMOTO VENOM 125,9,E01017877,0,-1
2021161101168,2021,161101168,1,3,0,4,4,8,4,0,0,4,0,0,0,0,3,1,6,6,1,17,4,124,1,5,LEXMOTO VENOM 125,1,E01012905,0,-1
2021201090886,2021,201090886,1,3,0,9,9,5,3,0,0,3,0,0,0,0,0,1,2,2,1,20,4,124,1,3,LEXMOTO VENOM 125,1,E01010275,0,-1
2021070224553,2021,070224553,1,5,0,17,19,1,3,0,0,0,1,0,0,0,3,1,6,6,2,20,4,124,1,4,LEXMOTO VENOM 125,-1,-1,0,-1
2021552101075,2021,552101075,2,3,0,18,19,2,6,2,2,8,0,0,2,11,3,1,6,6,1,26,6,124,1,3,LEXMOTO VENOM 125,6,E01020586,0,-1
2021461067916,2021,461067916,2,3,0,9,9,1,5,0,0,0,0,0,0,0,3,1,5,6,1,18,4,124,1,3,LEXMOTO VENOM 125,3,E01024795,0,-1
2021522201545,2021,522201545,2,3,0,18,19,4,6,0,0,8,0,0,0,0,1,1,6,6,1,25,5,124,1,5,LEXMOTO VENOM 125,7,E01015013,0,-1
2021440387554,2021,440387554,2,3,0,11,11,3,7,0,0,8,0,0,0,0,1,1,6,6,1,18,4,124,1,5,LEXMOTO VENOM 125,9,E01022494,0,-1
2021302100615,2021,302100615,2,3,0,13,13,2,6,0,0,0,0,0,0,0,1,1,6,6,1,21,5,124,1,6,LEXMOTO VENOM 125,2,E01019505,0,-1
2021501043503,2021,501043503,1,3,0,5,5,3,7,0,0,2,1,0,0,0,4,1,4,7,1,17,4,124,1,5,LEXMOTO VENOM 125,8,E01015108,0,-1
2021451078352,2021,451078352,1,3,0,12,12,5,1,0,0,0,0,0,0,0,3,1,5,6,1,18,4,124,1,1,LEXMOTO VENOM 125,7,E01031508,0,-1
2021070480950,2021,070480950,1,3,0,18,19,4,8,0,0,0,0,0,0,0,1,1,2,2,1,19,4,124,1,1,LEXMOTO VENOM 125,9,E01018390,0,-1
2021461141981,2021,461141981,2,3,0,18,19,5,1,0,0,0,5,0,0,0,3,1,2,2,2,28,6,124,1,3,LEXMOTO VENOM 125,3,E01024241,0,-1
2021010305183,2021,010305183,1,3,0,99,99,9,9,99,99,9,9,99,9,99,9,1,6,6,1,22,5,124,1,1,LEXMOTO VENOM 125,5,E01004052,0,-1
2021131102344,2021,131102344,1,3,0,4,4,3,7,0,0,1,0,0,0,0,2,1,6,6,1,29,6,124,1,4,LEXMOTO VENOM 125,6,E01011182,0,-1
2021520101903,2021,520101903,2,5,0,18,19,7,3,0,0,8,0,0,0,0,4,1,6,6,1,22,5,124,1,5,-1,-1,-1,0,-1
2021411056708,2021,411056708,1,3,0,18,19,3,5,0,0,8,5,0,0,0,1,1,6,6,2,30,6,124,1,4,LEXMOTO VENOM 125,4,E01017469,0,-1
2021371093026,2021,371093026,2,3,0,18,19,8,4,0,0,2,0,0,0,0,0,1,5,6,1,18,4,124,1,5,LEXMOTO VENOM 125,5,E01030210,0,-1
2021471118122,2021,471118122,1,3,0,13,13,3,7,0,0,8,0,0,0,0,1,1,5,6,1,28,6,124,1,5,LEXMOTO VENOM 125,7,E01020962,0,-1
2021552101033,2021,552101033,1,3,0,17,19,8,4,0,0,0,0,0,1,0,1,1,2,2,1,36,7,124,1,2,LEXMOTO VENOM 125,9,E01020414,0,-1
2021430204565,2021,430204565,2,3,0,18,19,6,2,0,0,8,0,0,0,0,1,1,2,2,1,19,4,124,1,2,LEXMOTO VENOM 125,5,E01017486,0,-1
2021622100820,2021,622100820,2,3,0,18,19,4,8,9,9,1,0,0,0,0,1,1,6,6,1,37,7,124,1,6,LEXMOTO VENOM 125,10,W01000792,0,-1
2021122100445,2021,122100445,1,4,0,5,5,7,3,0,0,2,0,0,0,0,1,1,2,2,1,29,6,124,1,4,LEXMOTO VENOM 125,3,E01013447,0,-1
2021161063307,2021,161063307,2,3,0,18,19,2,6,0,0,1,0,0,0,0,1,1,5,6,1,27,6,124,1,2,LEXMOTO VENOM 125,7,E01013100,0,-1
2021201148067,2021,201148067,1,9,0,18,19,6,2,0,0,6,0,0,0,0,2,1,2,2,2,52,8,3799,1,7,-1,1,E01009379,0,-1
2021440326470,2021,440326470,2,9,0,18,19,5,1,0,0,0,0,0,0,0,2,1,6,6,2,40,7,2477,2,32,-1,5,E01017324,0,-1
2021061111282,2021,061111282,2,3,0,5,5,2,6,0,0,1,0,0,0,0,3,1,2,2,1,58,9,124,1,9,MAKE AND MODEL REDACTED,4,E01033651,0,-1
2021451093930,2021,451093930,1,3,0,18,19,3,7,0,0,0,0,0,0,0,2,1,6,6,1,55,8,124,1,16,MAKE AND MODEL REDACTED,8,E01030478,0,-1
2021451058397,2021,451058397,1,4,0,18,19,3,7,0,0,0,1,0,0,0,1,1,2,2,1,45,7,278,1,8,MAKE AND MODEL REDACTED,9,E01000656,0,-1
2021010300855,2021,010300855,2,3,0,18,19,1,5,0,0,2,2,0,0,0,1,1,2,2,1,22,5,125,1,6,-1,-1,-1,0,-1
2021991047054,2021,991047054,2,3,0,13,13,8,6,0,0,1,1,0,0,0,1,1,2,2,1,45,7,124,1,22,-1,3,-1,0,-1
2021070076777,2021,070076777,1,9,4,18,19,5,1,0,0,0,0,0,0,0,0,1,1,1,1,32,6,4921,2,15,VOLKSWAGEN TOUAREG,2,E01006898,0,-1
2021552100645,2021,552100645,1,9,0,18,19,8,4,0,0,0,0,0,7,11,1,1,6,6,1,56,9,2967,2,5,VOLKSWAGEN TOUAREG,8,E01022532,0,-1
2021991045283,2021,991045283,2,9,0,17,19,7,3,0,0,1,0,0,0,0,1,1,5,6,1,40,7,2967,2,6,VOLKSWAGEN TOUAREG,8,-1,0,-1
2021351080392,2021,351080392,1,9,0,18,19,8,4,9,9,0,0,11,7,0,1,1,6,6,2,50,8,2967,2,13,VOLKSWAGEN TOUAREG,7,E01003270,0,-1
2021430542928,2021,430542928,1,9,0,18,19,6,2,0,0,4,0,0,0,0,1,1,6,6,1,51,8,2967,2,10,VOLKSWAGEN TOUAREG,10,E01016781,0,-1
2021522104681,2021,522104681,2,9,0,2,2,0,0,0,0,1,0,0,0,0,3,1,6,6,1,43,7,2999,2,14,VOLKSWAGEN TOUAREG,10,E01014885,0,-1
2021531027903,2021,531027903,1,9,0,18,19,7,3,0,0,8,0,0,0,0,1,1,6,6,1,49,8,2967,2,1,VOLKSWAGEN TOUAREG,10,E01022366,0,-1
2021161022576,2021,161022576,1,9,0,18,19,1,5,0,0,0,0,11,0,0,3,1,3,7,1,62,9,2967,2,10,VOLKSWAGEN TOUAREG,7,E01013324,0,-1
2021101110015,2021,101110015,1,9,0,18,19,6,2,0,0,2,0,0,0,0,4,1,5,6,1,32,6,2967,2,4,VOLKSWAGEN TOUAREG,2,E01008655,0,-1
2021411019171,2021,411019171,9,9,0,18,19,1,5,0,0,0,1,0,0,0,2,1,6,6,1,37,7,2967,2,4,VOLKSWAGEN TOUAREG,3,E01015751,0,-1
2021010302713,2021,010302713,3,9,0,99,99,9,9,99,99,9,9,99,9,99,9,9,6,6,3,-1,-1,2460,2,17,VOLKSWAGEN TOUAREG,-1,-1,0,-1
2021041052282,2021,041052282,2,9,0,18,19,5,1,0,0,0,0,0,0,0,2,1,5,6,1,60,9,2967,2,7,VOLKSWAGEN TOUAREG,2,E01005337,0,-1
2021471065338,2021,471065338,1,9,0,6,6,7,7,0,0,1,0,0,0,0,3,1,5,6,1,59,9,2967,2,13,VOLKSWAGEN TOUAREG,2,E01031371,0,-1
2021991096819,2021,991096819,1,9,0,7,7,1,3,0,0,0,0,0,0,0,4,1,6,6,1,76,11,2967,2,15,VOLKSWAGEN TOUAREG,8,-1,0,-1
2021440134963,2021,440134963,1,9,0,9,9,5,3,0,0,8,0,0,0,0,1,1,6,6,1,61,9,4921,2,16,VOLKSWAGEN TOUAREG,7,E01023046,0,-1
2021052102042,2021,052102042,2,9,0,18,19,3,7,0,0,0,0,0,0,0,0,1,1,1,1,-1,-1,2967,2,1,VOLKSWAGEN TOUAREG,-1,-1,0,-1
2021010293268,2021,010293268,2,9,0,99,99,9,9,99,99,0,9,99,9,99,1,9,6,6,2,61,9,2967,2,9,VOLKSWAGEN TOUAREG,6,E01024036,0,-1
2021552101234,2021,552101234,1,9,0,9,9,6,3,0,0,8,0,0,0,0,1,1,6,6,2,56,9,4921,2,17,VOLKSWAGEN TOUAREG,7,E01020539,0,-1
202163A007221,2021,63A007221,2,9,0,16,19,7,2,0,0,8,0,0,0,0,1,1,6,6,2,38,7,2967,2,9,VOLKSWAGEN TOUAREG,4,W01000636,0,-1
2021371075426,2021,371075426,2,9,0,16,19,6,2,0,0,0,0,0,0,0,1,1,5,6,1,71,10,2967,2,8,VOLKSWAGEN TOUAREG,1,E01030256,0,-1
2021520105332,2021,520105332,2,9,0,2,2,0,0,0,0,0,0,0,0,0,3,1,6,6,3,-1,-1,2460,2,16,VOLKSWAGEN TOUAREG,-1,-1,0,-1
2021421064905,2021,421064905,1,9,0,4,4,3,7,0,0,2,0,0,0,0,1,1,5,6,2,35,6,2999,2,15,VOLKSWAGEN TOUAREG,6,E01021991,0,-1
202131A048921,2021,31A048921,2,9,0,7,7,3,5,0,0,6,0,0,0,0,1,1,6,6,2,36,7,2967,2,9,VOLKSWAGEN TOUAREG,3,E01028192,0,-1
202163D046421,2021,63D046421,3,9,0,3,3,8,4,0,0,0,0,0,0,0,2,1,6,6,1,67,10,2967,2,7,VOLKSWAGEN TOUAREG,6,E01028842,0,-1
2021531062939,2021,531062939,1,9,0,1,1,7,3,0,0,0,0,0,0,0,2,1,6,6,3,-1,-1,2999,2,15,VOLKSWAGEN TOUAREG,-1,-1,0,-1
2021010297105,2021,010297105,2,9,0,99,99,9,9,99,99,0,9,99,9,99,1,9,6,6,3,60,9,2460,2,15,VOLKSWAGEN TOUAREG,6,E01003469,0,-1
2021010345732,2021,010345732,1,9,0,99,99,9,9,99,99,0,9,99,9,99,4,9,6,6,1,47,8,2967,2,0,VOLKSWAGEN TOUAREG,9,E01001098,0,-1
2021010306809,2021,010306809,2,9,0,9,9,1,6,0,0,1,0,0,0,0,3,1,6,6,1,43,7,2967,2,7,VOLKSWAGEN TOUAREG,9,E01007862,0,-1
2021351035075,2021,351035075,1,9,0,5,5,6,2,0,0,4,0,0,0,0,1,1,5,6,1,59,9,2967,2,10,VOLKSWAGEN TOUAREG,3,E01015668,0,-1
2021471081658,2021,471081658,2,9,0,18,19,2,6,0,0,0,0,0,0,0,3,1,5,6,2,46,8,2967,2,2,VOLKSWAGEN TOUAREG,8,E01031707,0,-1
2021122100497,2021,122100497,1,9,0,5,5,1,5,0,0,0,0,0,0,0,4,1,6,6,1,29,6,2967,2,12,VOLKSWAGEN TOUAREG,7,E01027645,0,-1
2021041093826,2021,041093826,2,9,0,18,19,3,7,0,0,1,0,0,0,0,1,1,2,2,2,49,8,2967,2,8,VOLKSWAGEN TOUAREG,7,E01012592,0,-1
2021991152884,2021,991152884,2,9,0,9,9,1,7,0,0,1,0,0,0,0,2,1,6,6,1,43,7,2967,2,9,VOLKSWAGEN TOUAREG,4,-1,0,-1
2021552100663,2021,552100663,1,9,0,9,9,1,7,0,0,6,1,0,0,0,3,1,6,6,1,72,10,2967,2,1,VOLKSWAGEN TOUAREG,10,E01018603,0,-1
2021141013215,2021,141013215,1,9,0,5,5,7,3,0,0,6,0,0,0,0,1,1,5,6,1,36,7,2967,2,4,VOLKSWAGEN TOUAREG,1,E01007463,0,-1
2021501116029,2021,501116029,1,9,0,18,19,3,7,0,0,0,0,0,0,0,4,1,6,6,1,60,9,2967,2,6,VOLKSWAGEN TOUAREG,5,E01018896,0,-1
2021471026743,2021,471026743,2,9,0,18,19,3,7,0,0,2,0,0,0,0,4,1,6,6,1,24,5,2460,2,16,VOLKSWAGEN TOUAREG,7,E01021164,0,-1
2021411064599,2021,411064599,2,9,0,5,5,5,1,0,0,0,0,0,0,0,1,1,5,6,1,42,7,2967,2,8,VOLKSWAGEN TOUAREG,5,E01023933,0,-1
2021552101192,2021,552101192,1,9,0,18,19,8,4,0,0,0,0,0,0,0,1,1,6,6,3,-1,-1,2460,2,16,VOLKSWAGEN TOUAREG,-1,-1,0,-1
2021141027983,2021,141027983,1,9,0,18,19,8,8,0,0,0,0,0,0,0,1,1,5,6,1,51,8,2967,2,0,VOLKSWAGEN TOUAREG,8,E01007527,0,-1
2021531065045,2021,531065045,2,9,0,18,19,6,2,0,0,1,1,0,7,11,1,1,5,6,1,68,10,2967,2,3,VOLKSWAGEN TOUAREG,9,E01027022,0,-1
2021010308598,2021,010308598,1,9,0,9,9,3,1,0,0,2,0,0,0,0,1,1,6,6,2,33,6,2967,2,2,VOLKSWAGEN TOUAREG,4,E01000733,0,-1
2021010313214,2021,010313214,1,9,0,18,19,7,3,0,0,6,0,0,0,0,1,1,6,6,2,45,7,2461,2,13,VOLKSWAGEN TOUAREG,3,E01004189,0,-1
2021201130082,2021,201130082,2,9,0,3,3,8,4,0,0,8,0,0,0,0,2,1,6,6,2,30,6,2967,2,6,VOLKSWAGEN TOUAREG,1,E01009514,0,-1
2021991051998,2021,991051998,5,9,0,3,3,6,2,0,0,0,0,0,0,0,2,1,6,6,2,32,6,2967,2,4,VOLKSWAGEN TOUAREG,4,-1,0,-1
2021052101677,2021,052101677,1,9,0,9,9,5,3,0,0,8,0,0,0,0,3,1,6,6,2,31,6,2967,2,6,VOLKSWAGEN TOUAREG,5,E01006502,0,-1
2021461068766,2021,461068766,2,9,0,18,19,4,8,0,0,1,0,0,0,0,3,1,6,6,1,63,9,2967,2,0,VOLKSWAGEN TOUAREG,4,E01001165,0,-1
2021201056789,2021,201056789,1,9,0,18,19,4,8,0,0,0,0,0,0,0,1,1,6,6,1,38,7,2461,2,15,VOLKSWAGEN TOUAREG,3,E01009138,0,-1
2021451048513,2021,451048513,2,9,0,4,4,5,1,0,0,0,0,0,0,0,2,1,2,2,1,59,9,2967,2,2,VOLKSWAGEN TOUAREG,8,E01030915,0,-1
2021451110759,2021,451110759,2,9,0,7,7,3,1,0,0,2,0,0,0,0,1,1,6,6,1,38,7,2967,2,0,VOLKSWAGEN TOUAREG,9,E01000754,0,-1
2021471119426,2021,471119426,3,9,0,18,19,4,8,0,0,8,0,0,0,0,1,1,1,1,1,62,9,2460,2,16,VOLKSWAGEN TOUAREG,6,E01021104,0,-1
2021010290328,2021,010290328,2,9,0,9,9,3,1,0,0,2,0,0,0,0,3,1,6,6,1,39,7,2967,2,4,VOLKSWAGEN TOUAREG,-1,-1,0,-1
2021122100403,2021,122100403,1,9,3,18,19,8,4,0,0,0,0,0,7,0,1,1,6,6,1,71,10,2967,2,4,VOLKSWAGEN TOUAREG,1,E01007463,0,-1
2021991058421,2021,991058421,1,9,4,18,19,6,2,0,0,0,2,0,1,0,1,1,6,6,1,44,7,2460,2,16,VOLKSWAGEN TOUAREG,8,E01009785,0,-1
2021061045501,2021,061045501,2,9,0,18,19,4,8,0,0,1,0,0,0,0,1,1,6,6,1,44,7,2995,1,0,VOLKSWAGEN TOUAREG,4,E01005632,0,-1
2021131108590,2021,131108590,2,9,0,5,5,3,7,0,0,0,0,0,0,0,-1,1,6,6,1,41,7,2967,2,7,VOLKSWAGEN TOUAREG,4,E01011489,0,-1
2021041169266,2021,041169266,1,9,0,9,9,5,3,0,0,2,0,0,0,0,1,1,1,1,2,35,6,2967,2,3,VOLKSWAGEN TOUAREG,6,E01025367,0,-1
2021440341831,2021,440341831,1,9,0,18,19,3,7,0,0,0,0,0,0,0,3,1,6,6,1,30,6,2999,2,15,VOLKSWAGEN TOUAREG,6,E01022657,0,-1
2021461083064,2021,461083064,1,9,0,18,19,7,3,0,0,0,0,0,0,0,1,1,6,6,2,-1,-1,2460,2,15,VOLKSWAGEN TOUAREG,-1,-1,0,-1
2021010325402,2021,010325402,1,9,0,16,19,7,3,0,0,0,0,0,0,0,1,1,1,1,1,50,8,2967,2,8,VOLKSWAGEN TOUAREG,8,E01024313,0,-1
2021461141543,2021,461141543,3,9,0,2,2,0,0,0,0,1,0,0,0,0,1,1,5,6,3,-1,-1,2967,2,14,VOLKSWAGEN TOUAREG,-1,-1,0,-1
2021061146433,2021,061146433,1,9,0,18,19,6,3,0,0,1,0,0,0,0,2,1,6,6,1,30,6,2967,2,0,VOLKSWAGEN TOUAREG,8,E01005775,0,-1
2021010289585,2021,010289585,5,9,0,18,19,5,1,0,0,0,0,0,0,0,1,1,6,6,1,27,6,2460,2,16,VOLKSWAGEN TOUAREG,2,E01000050,0,-1
2021201145435,2021,201145435,2,9,0,18,19,7,7,0,0,8,0,0,0,0,1,1,2,2,1,38,7,2967,2,6,VOLKSWAGEN TOUAREG,1,E01009477,0,-1
2021061036901,2021,061036901,2,9,0,3,3,3,7,0,0,0,0,0,0,0,2,1,3,7,1,30,6,2460,2,16,VOLKSWAGEN TOUAREG,8,E01005503,0,-1
2021552100350,2021,552100350,2,9,0,4,4,5,1,0,0,0,0,0,0,0,1,1,6,6,1,53,8,2967,2,12,VOLKSWAGEN TOUAREG,7,E01020440,0,-1
2021991040151,2021,991040151,1,9,0,9,9,3,2,0,0,8,0,0,3,11,1,1,5,6,2,34,6,2460,2,15,VOLKSWAGEN TOUAREG,7,-1,0,-1
2021201079869,2021,201079869,2,9,0,18,19,3,7,0,0,8,0,0,0,0,4,1,6,6,1,26,6,2461,2,14,VOLKSWAGEN TOUAREG,4,E01009868,0,-1
2021461042232,2021,461042232,1,9,0,18,19,8,4,0,0,1,1,4,0,0,1,1,6,6,3,-1,-1,4921,2,17,VOLKSWAGEN TOUAREG,-1,-1,0,-1
2021461056650,2021,461056650,1,9,0,5,5,1,5,0,0,0,0,0,0,0,1,1,6,6,2,39,7,2995,1,1,VOLKSWAGEN TOUAREG,6,E01032814,0,-1