collision_index,collision_year,collision_ref_no,vehicle_reference,vehicle_type,towing_and_articulation,vehicle_manoeuvre_historic,vehicle_manoeuvre,vehicle_direction_from,vehicle_direction_to,vehicle_location_restricted_lane_historic,vehicle_location_restricted_lane,junction_location,skidding_and_overturning,hit_object_in_carriageway,vehicle_leaving_carriageway,hit_object_off_carriageway,first_point_of_impact,vehicle_left_hand_drive,journey_purpose_of_driver_historic,journey_purpose_of_driver,sex_of_driver,age_of_driver,age_band_of_driver,engine_capacity_cc,propulsion_code,age_of_vehicle,generic_make_model,driver_imd_decile,lsoa_of_driver,escooter_flag,driver_distance_banding
2021010339067,2021,010339067,1,11,0,10,10,5,2,0,0,1,0,7,3,10,1,1,1,1,1,61,9,4500,2,7,ALEXANDER DENNIS MODEL MISSING,9,E01000829,0,-1
2021010342999,2021,010342999,2,11,9,99,99,9,9,99,99,9,9,99,9,99,9,9,6,6,3,45,7,4461,2,8,ALEXANDER DENNIS MODEL MISSING,2,E01002664,0,-1
2021010332530,2021,010332530,1,11,0,3,3,7,3,0,0,4,0,0,0,0,0,1,1,1,1,45,7,4500,2,1,ALEXANDER DENNIS MODEL MISSING,6,E01033083,0,-1
2021552100102,2021,552100102,2,11,0,17,19,8,5,0,0,0,0,0,0,0,1,1,1,1,1,64,9,6700,2,9,ALEXANDER DENNIS MODEL MISSING,9,E01020505,0,-1
2021010337785,2021,010337785,1,11,0,18,19,1,5,0,0,0,0,0,0,0,1,1,1,1,1,48,8,4500,2,12,ALEXANDER DENNIS MODEL MISSING,3,E01003829,0,-1
2021010340131,2021,010340131,1,11,0,18,19,1,5,0,0,1,0,0,0,0,1,1,1,1,1,39,7,6700,2,7,ALEXANDER DENNIS MODEL MISSING,4,E01015923,0,-1
2021010310972,2021,010310972,1,11,0,17,19,5,1,0,0,1,0,0,0,0,0,1,1,1,1,29,6,6700,2,9,ALEXANDER DENNIS MODEL MISSING,2,E01001577,0,-1
2021010297383,2021,010297383,2,11,0,18,19,3,7,0,0,1,0,0,0,0,4,1,1,1,1,25,5,6700,2,9,ALEXANDER DENNIS MODEL MISSING,2,E01003983,0,-1
2021010335327,2021,010335327,2,11,0,99,99,9,9,99,99,9,9,99,9,99,9,9,6,6,3,-1,-1,4500,2,4,ALEXANDER DENNIS MODEL MISSING,-1,-1,0,-1
2021010304938,2021,010304938,1,11,0,4,4,5,1,0,0,1,0,0,0,0,0,1,1,1,1,41,7,4500,2,1,ALEXANDER DENNIS MODEL MISSING,2,E01001110,0,-1
2021010351588,2021,010351588,1,11,0,4,4,5,1,0,0,0,0,0,0,0,0,1,1,1,2,41,7,4461,2,8,ALEXANDER DENNIS MODEL MISSING,4,E01001323,0,-1
2021231016812,2021,231016812,2,11,0,18,19,4,7,0,0,8,0,0,0,0,1,1,1,1,2,55,8,4461,2,7,ALEXANDER DENNIS MODEL MISSING,3,E01009701,0,-1
2021161114016,2021,161114016,1,11,0,18,19,7,3,0,0,1,0,0,0,0,0,1,1,1,1,49,8,6700,2,2,ALEXANDER DENNIS MODEL MISSING,7,E01013046,0,-1
2021461078280,2021,461078280,2,11,0,3,3,7,3,0,0,0,0,0,0,0,3,1,1,1,1,49,8,4500,2,14,ALEXANDER DENNIS MODEL MISSING,4,E01030601,0,-1
2021101114746,2021,101114746,1,11,0,14,14,3,7,0,0,0,0,0,0,0,1,1,1,1,1,61,9,4500,2,10,ALEXANDER DENNIS MODEL MISSING,8,E01008287,0,-1
2021010351444,2021,010351444,1,11,0,18,19,3,7,0,0,8,0,0,0,0,3,1,1,1,1,42,7,8300,2,14,ALEXANDER DENNIS MODEL MISSING,4,E01004487,0,-1
2021010319079,2021,010319079,1,11,0,18,19,3,7,0,0,2,0,0,0,0,0,1,6,6,1,29,6,6700,2,10,ALEXANDER DENNIS MODEL MISSING,2,E01003506,0,-1
2021010332705,2021,010332705,1,11,0,4,4,5,1,0,0,8,0,0,0,0,0,1,1,1,1,27,6,6700,2,9,ALEXANDER DENNIS MODEL MISSING,2,E01002097,0,-1
2021010322617,2021,010322617,2,11,0,18,19,8,4,0,0,0,0,0,0,0,1,1,1,1,1,57,9,6700,2,14,ALEXANDER DENNIS MODEL MISSING,6,E01000816,0,-1
2021201137219,2021,201137219,1,11,0,18,19,8,4,0,0,0,0,0,0,0,1,1,1,1,1,62,9,6696,2,8,ALEXANDER DENNIS MODEL MISSING,5,E01009580,0,-1
2021991071311,2021,991071311,1,11,0,18,19,3,7,0,0,0,0,0,0,0,1,1,1,1,1,44,7,6700,2,10,ALEXANDER DENNIS MODEL MISSING,2,-1,0,-1
2021461082266,2021,461082266,1,11,0,18,19,7,3,9,9,0,0,0,0,0,3,1,6,6,1,58,9,6700,2,10,ALEXANDER DENNIS MODEL MISSING,4,E01024622,0,-1
2021501133992,2021,501133992,1,11,0,5,5,5,1,0,0,8,0,0,0,0,0,1,1,1,1,65,9,4500,2,3,ALEXANDER DENNIS MODEL MISSING,5,E01020006,0,-1
2021010349674,2021,010349674,2,11,0,99,99,9,9,99,99,9,9,99,9,99,1,9,6,6,1,51,8,4500,2,3,ALEXANDER DENNIS MODEL MISSING,2,E01001722,0,-1
2021461116464,2021,461116464,1,11,0,18,19,8,4,0,0,0,0,0,0,0,1,1,6,6,1,-1,-1,3900,2,15,ALEXANDER DENNIS MODEL MISSING,2,E01023975,0,-1
2021991089299,2021,991089299,1,11,0,18,19,1,5,0,0,0,0,0,0,0,4,1,1,1,2,57,9,6696,2,8,ALEXANDER DENNIS MODEL MISSING,3,-1,0,-1
2021010332649,2021,010332649,3,11,0,99,99,9,9,99,99,0,9,99,9,99,2,9,6,6,3,-1,-1,4500,2,3,ALEXANDER DENNIS MODEL MISSING,-1,-1,0,-1
2021161035110,2021,161035110,2,11,0,18,19,3,7,0,0,0,0,0,0,0,3,1,1,1,3,-1,-1,6700,2,2,ALEXANDER DENNIS MODEL MISSING,-1,-1,0,-1
2021991064195,2021,991064195,1,11,0,4,4,5,1,0,0,0,0,0,0,0,0,1,1,1,1,50,8,4500,2,10,ALEXANDER DENNIS MODEL MISSING,3,-1,0,-1
2021010307986,2021,010307986,2,11,0,18,19,7,3,0,0,1,0,0,0,0,1,1,1,1,1,23,5,6700,2,1,ALEXANDER DENNIS MODEL MISSING,3,E01032785,0,-1
2021411042834,2021,411042834,1,11,0,16,19,2,4,0,0,0,0,0,0,0,4,1,1,1,1,49,8,4461,2,3,ALEXANDER DENNIS MODEL MISSING,5,E01017634,0,-1
2021010320313,2021,010320313,1,11,0,99,99,9,9,99,99,0,9,99,9,99,1,9,6,6,3,-1,-1,6700,2,12,ALEXANDER DENNIS MODEL MISSING,-1,-1,0,-1
2021010289838,2021,010289838,2,11,0,18,19,1,5,0,0,1,0,0,0,0,3,1,1,1,1,37,7,4500,2,10,ALEXANDER DENNIS MODEL MISSING,2,E01000525,0,-1
2021141089093,2021,141089093,1,11,0,18,19,7,3,0,0,1,0,0,0,0,1,1,1,1,1,59,9,6700,2,12,ALEXANDER DENNIS MODEL MISSING,2,E01007694,0,-1
2021101101616,2021,101101616,2,11,0,18,19,7,3,0,0,0,0,0,0,0,1,1,1,1,1,62,9,6700,2,11,ALEXANDER DENNIS MODEL MISSING,-1,-1,0,-1
2021010309831,2021,010309831,1,11,0,4,4,5,1,2,2,1,0,0,0,0,1,1,6,6,1,30,6,4500,2,3,ALEXANDER DENNIS MODEL MISSING,3,E01003185,0,-1
2021010349296,2021,010349296,1,11,0,9,9,3,1,0,0,1,0,0,0,0,0,1,1,1,1,62,9,4500,2,11,ALEXANDER DENNIS MODEL MISSING,4,E01033081,0,-1
2021010299342,2021,010299342,1,11,0,2,2,0,0,0,0,0,0,0,0,0,2,1,6,6,3,-1,-1,4500,2,12,ALEXANDER DENNIS MODEL MISSING,-1,-1,0,-1
2021010308687,2021,010308687,1,11,0,5,5,3,7,0,0,0,0,0,0,0,1,1,1,1,1,68,10,4500,2,3,ALEXANDER DENNIS MODEL MISSING,2,E01021314,0,-1
2021010302691,2021,010302691,1,11,0,4,4,1,5,0,0,1,0,0,0,0,0,1,1,1,1,52,8,4500,2,5,ALEXANDER DENNIS MODEL MISSING,1,E01001052,0,-1
202131C194721,2021,31C194721,2,11,0,18,19,8,4,2,2,8,0,0,0,0,4,1,6,6,1,40,7,4461,2,8,ALEXANDER DENNIS MODEL MISSING,1,E01013920,0,-1
2021010326302,2021,010326302,1,11,0,3,3,1,5,0,0,6,0,0,0,0,0,1,1,1,2,27,6,6700,2,10,ALEXANDER DENNIS MODEL MISSING,5,E01031571,0,-1
2021010307221,2021,010307221,1,11,0,4,4,1,5,0,0,1,0,0,0,0,0,1,1,1,1,65,9,4500,2,7,ALEXANDER DENNIS MODEL MISSING,1,E01003921,0,-1
2021451068248,2021,451068248,2,11,0,9,9,3,1,0,0,1,0,0,0,0,4,1,1,1,1,40,7,4500,2,1,ALEXANDER DENNIS MODEL MISSING,3,E01030483,0,-1
2021501086228,2021,501086228,3,11,0,3,3,6,2,0,0,1,0,0,0,0,0,1,5,6,1,51,8,4500,2,10,ALEXANDER DENNIS MODEL MISSING,4,E01020017,0,-1
2021622100711,2021,622100711,2,11,0,18,19,6,2,0,0,1,0,0,0,0,1,1,1,1,1,41,7,6700,2,5,ALEXANDER DENNIS MODEL MISSING,3,W01001287,0,-1
2021010346005,2021,010346005,1,11,0,18,19,5,1,0,0,1,0,0,0,0,0,1,1,1,1,42,7,4500,2,10,ALEXANDER DENNIS MODEL MISSING,3,E01004633,0,-1
2021520200258,2021,520200258,1,11,0,18,19,5,1,0,0,0,0,0,0,0,1,1,6,6,1,52,8,3900,2,15,ALEXANDER DENNIS MODEL MISSING,5,E01029185,0,-1
2021351051204,2021,351051204,3,11,0,18,19,8,3,0,0,8,0,0,0,0,3,1,1,1,2,54,8,6700,2,5,ALEXANDER DENNIS MODEL MISSING,3,E01017978,0,-1
2021010349474,2021,010349474,1,11,0,18,19,5,1,2,2,0,0,0,0,0,4,1,1,1,1,59,9,6700,2,12,ALEXANDER DENNIS MODEL MISSING,2,E01001550,0,-1
2021010350018,2021,010350018,1,11,0,18,19,3,7,0,0,1,0,0,0,0,1,1,1,1,1,56,9,4500,2,10,ALEXANDER DENNIS MODEL MISSING,3,E01004421,0,-1
2021010291885,2021,010291885,1,11,0,18,19,1,5,0,0,8,0,0,0,0,1,1,1,1,1,28,6,4500,2,3,ALEXANDER DENNIS MODEL MISSING,2,E01003506,0,-1
2021010341226,2021,010341226,1,11,0,4,4,1,5,0,0,1,0,0,0,0,0,1,1,1,1,62,9,6700,2,11,ALEXANDER DENNIS MODEL MISSING,4,E01001174,0,-1
2021201080720,2021,201080720,1,11,0,18,19,6,2,2,2,8,0,0,0,0,1,1,1,1,1,56,9,6700,2,3,ALEXANDER DENNIS MODEL MISSING,2,E01009872,0,-1
2021201058740,2021,201058740,2,11,0,18,19,3,7,0,0,1,0,0,0,0,4,1,1,1,1,-1,-1,4500,2,2,ALEXANDER DENNIS MODEL MISSING,2,E01009029,0,-1
2021010312219,2021,010312219,1,11,0,5,5,0,5,0,0,6,0,0,0,0,0,1,6,6,1,35,6,4500,2,3,ALEXANDER DENNIS MODEL MISSING,2,E01004023,0,-1
2021010322404,2021,010322404,1,11,0,8,8,1,4,0,0,5,0,11,7,2,1,1,1,1,1,46,8,6700,2,9,ALEXANDER DENNIS MODEL MISSING,6,E01003665,0,-1
2021041151021,2021,041151021,2,11,0,11,11,1,5,0,0,0,0,0,0,0,0,1,1,1,1,29,6,6700,2,2,ALEXANDER DENNIS MODEL MISSING,2,E01025124,0,-1
2021010318585,2021,010318585,1,11,0,7,7,7,2,0,0,8,0,0,0,0,1,1,1,1,1,54,8,4500,2,3,ALEXANDER DENNIS MODEL MISSING,1,E01001634,0,-1
202131D193221,2021,31D193221,1,11,0,4,4,3,7,0,0,8,0,0,0,0,0,1,1,1,1,50,8,6700,2,4,ALEXANDER DENNIS MODEL MISSING,5,E01013890,0,-1
2021010323031,2021,010323031,1,11,0,18,19,5,1,0,0,8,0,0,0,0,0,1,1,1,1,31,6,4500,2,3,ALEXANDER DENNIS MODEL MISSING,5,E01023867,0,-1
2021991044343,2021,991044343,2,11,0,7,7,4,7,0,0,4,0,0,0,0,3,1,1,1,1,55,8,6700,2,5,ALEXANDER DENNIS MODEL MISSING,7,-1,0,-1
2021552100785,2021,552100785,2,11,0,18,19,3,7,0,0,0,0,0,0,0,0,1,1,1,1,63,9,6700,2,3,ALEXANDER DENNIS MODEL MISSING,7,E01032661,0,-1
2021991087275,2021,991087275,2,11,0,3,3,6,1,0,0,0,0,0,0,0,2,1,6,6,1,52,8,6696,2,8,ALEXANDER DENNIS MODEL MISSING,4,-1,0,-1
2021010293738,2021,010293738,1,11,0,3,3,3,7,0,0,0,0,0,0,0,0,1,6,6,2,58,9,4500,2,4,ALEXANDER DENNIS MODEL MISSING,2,E01033698,0,-1
2021061093469,2021,061093469,2,11,0,4,4,7,3,0,0,1,0,0,0,0,1,1,1,1,3,30,6,6700,2,13,ALEXANDER DENNIS MODEL MISSING,-1,-1,0,-1
2021010322323,2021,010322323,1,11,0,18,19,1,5,2,2,1,0,0,0,0,0,1,1,1,1,26,6,4500,2,3,ALEXANDER DENNIS MODEL MISSING,1,E01003761,0,-1
2021010349569,2021,010349569,3,11,0,99,99,9,9,99,99,0,9,99,9,99,0,9,6,6,3,-1,-1,6700,2,7,ALEXANDER DENNIS MODEL MISSING,-1,-1,0,-1
2021302100602,2021,302100602,1,11,0,18,19,6,2,2,2,1,0,0,0,0,1,1,1,1,1,47,8,6700,2,5,ALEXANDER DENNIS MODEL MISSING,6,E01028152,0,-1
2021440379649,2021,440379649,2,11,0,10,10,4,8,0,0,1,0,0,0,0,1,1,1,1,1,45,7,4461,2,8,ALEXANDER DENNIS MODEL MISSING,4,E01022552,0,-1
2021481121422,2021,481121422,1,11,0,18,19,7,3,0,0,1,0,0,0,0,4,1,1,1,1,52,8,6700,2,1,ALEXANDER DENNIS MODEL MISSING,-1,-1,0,-1
2021041048567,2021,041048567,2,11,0,18,19,5,1,0,0,0,0,0,0,0,3,1,1,1,1,45,7,6696,2,7,ALEXANDER DENNIS MODEL MISSING,6,E01006929,0,-1
2021010310991,2021,010310991,1,11,0,16,19,5,1,0,0,1,0,0,0,0,1,1,1,1,2,30,6,4500,2,3,ALEXANDER DENNIS MODEL MISSING,1,E01003060,0,-1
2021991105292,2021,991105292,1,11,0,18,19,3,7,0,0,1,0,0,0,0,4,1,1,1,1,29,6,6696,2,8,ALEXANDER DENNIS MODEL MISSING,6,-1,0,-1
2021010292961,2021,010292961,1,11,0,18,19,5,1,0,0,8,0,99,0,0,1,1,6,6,1,60,9,4500,2,4,ALEXANDER DENNIS MODEL MISSING,9,E01021943,0,-1
2021010294020,2021,010294020,1,11,0,5,5,7,3,0,0,0,0,0,0,0,0,1,1,1,1,32,6,6700,2,9,ALEXANDER DENNIS MODEL MISSING,2,E01003689,0,-1
2021991039404,2021,991039404,2,11,0,18,19,5,1,0,0,1,0,0,0,0,1,1,1,1,1,35,6,6700,2,10,ALEXANDER DENNIS MODEL MISSING,9,-1,0,-1
2021010351403,2021,010351403,1,11,0,18,19,5,1,2,2,1,0,0,0,0,1,1,1,1,1,43,7,4500,2,4,ALEXANDER DENNIS MODEL MISSING,6,E01033083,0,-1
2021010323236,2021,010323236,1,11,0,18,19,2,6,0,0,1,0,0,0,0,1,1,1,1,1,49,8,4500,2,7,ALEXANDER DENNIS MODEL MISSING,4,E01016048,0,-1
2021010330628,2021,010330628,1,11,0,3,3,5,1,0,0,0,0,0,0,0,2,1,1,1,1,52,8,6700,2,12,ALEXANDER DENNIS MODEL MISSING,1,E01013821,0,-1
2021010348412,2021,010348412,1,11,0,4,4,8,4,0,0,4,0,0,0,0,0,1,1,1,1,31,6,6700,2,10,ALEXANDER DENNIS MODEL MISSING,5,E01002344,0,-1
2021010312573,2021,010312573,2,11,0,5,5,0,1,0,0,0,0,0,0,0,1,1,6,6,2,59,9,6700,2,14,ALEXANDER DENNIS MODEL MISSING,7,E01000369,0,-1
2021010299278,2021,010299278,2,11,0,99,99,9,9,99,99,9,9,99,9,99,2,9,6,6,3,61,9,4500,2,10,ALEXANDER DENNIS MODEL MISSING,5,E01026241,0,-1
2021010307263,2021,010307263,1,11,0,4,4,4,8,0,0,1,0,0,0,0,1,1,1,1,1,59,9,4461,2,8,ALEXANDER DENNIS MODEL MISSING,4,E01024142,0,-1
2021010320725,2021,010320725,1,11,0,4,4,7,3,2,2,1,0,0,0,0,0,1,1,1,1,54,8,4500,2,9,ALEXANDER DENNIS MODEL MISSING,4,E01001180,0,-1
2021302101962,2021,302101962,2,11,0,18,19,2,6,0,0,8,0,0,0,0,0,1,1,1,2,46,8,6700,2,5,ALEXANDER DENNIS MODEL MISSING,1,E01019452,0,-1
2021010319457,2021,010319457,1,11,0,10,10,5,3,0,0,1,0,0,0,0,1,1,6,6,1,67,10,4500,2,9,ALEXANDER DENNIS MODEL MISSING,4,E01003203,0,-1
2021010349861,2021,010349861,1,11,0,17,19,1,5,0,0,2,0,0,0,0,1,1,1,1,1,57,9,6696,2,8,ALEXANDER DENNIS MODEL MISSING,3,E01033735,0,-1
2021010294481,2021,010294481,1,11,0,18,19,5,1,2,2,0,0,0,0,0,1,1,1,1,1,49,8,6700,2,12,ALEXANDER DENNIS MODEL MISSING,5,E01004523,0,-1
2021010339774,2021,010339774,2,11,9,99,99,9,9,99,99,0,9,99,9,99,9,9,6,6,3,-1,-1,6700,2,9,ALEXANDER DENNIS MODEL MISSING,-1,-1,0,-1
2021471075549,2021,471075549,1,11,0,18,19,1,5,0,0,0,0,4,0,0,1,1,2,2,1,62,9,4500,2,12,ALEXANDER DENNIS MODEL MISSING,6,E01031408,0,-1
2021010290191,2021,010290191,1,11,0,17,19,1,5,0,0,0,0,0,0,0,3,1,1,1,1,63,9,4500,2,10,ALEXANDER DENNIS MODEL MISSING,10,E01023563,0,-1
2021010338751,2021,010338751,1,11,0,5,5,1,5,0,0,1,0,0,0,0,1,1,1,1,1,23,5,4500,2,4,ALEXANDER DENNIS MODEL MISSING,4,E01003919,0,-1
2021010307637,2021,010307637,1,11,0,18,19,5,1,0,0,6,0,0,0,0,1,1,1,1,1,23,5,4500,2,2,ALEXANDER DENNIS MODEL MISSING,1,E01001410,0,-1
2021010288125,2021,010288125,1,11,0,3,3,5,1,2,2,0,0,0,0,0,0,1,1,1,1,37,7,4500,2,1,ALEXANDER DENNIS MODEL MISSING,6,E01001040,0,-1
2021201128093,2021,201128093,1,11,0,11,11,4,8,0,0,2,0,0,0,0,2,1,1,1,1,52,8,6700,2,6,ALEXANDER DENNIS MODEL MISSING,2,E01029390,0,-1
2021471037278,2021,471037278,1,11,0,5,5,7,3,0,0,1,0,0,0,0,1,1,1,1,1,32,6,4500,2,1,ALEXANDER DENNIS MODEL MISSING,6,E01021058,0,-1
2021010315877,2021,010315877,1,11,0,99,99,9,9,99,99,9,9,99,9,99,9,9,6,6,1,51,8,4500,2,7,ALEXANDER DENNIS MODEL MISSING,4,E01033745,0,-1
2021010346336,2021,010346336,2,11,0,99,99,9,9,99,99,9,9,99,9,99,9,9,6,6,3,49,8,4500,2,7,ALEXANDER DENNIS MODEL MISSING,5,E01032779,0,-1
202131A096521,2021,31A096521,2,11,0,18,19,2,6,0,0,8,0,0,0,0,0,1,1,1,1,31,6,6700,2,10,ALEXANDER DENNIS MODEL MISSING,8,E01028246,0,-1
2021010292164,2021,010292164,2,11,0,99,99,9,9,99,99,1,9,99,9,99,9,9,6,6,3,-1,-1,6700,2,10,ALEXANDER DENNIS MODEL MISSING,2,E01000079,0,-1
2021010337446,2021,010337446,1,11,0,9,9,1,7,0,0,5,0,0,0,0,0,1,6,6,1,27,6,4500,2,5,ALEXANDER DENNIS MODEL MISSING,2,E01033712,0,-1
2021010341080,2021,010341080,1,11,9,99,99,9,9,99,99,9,9,99,9,99,9,9,6,6,3,38,7,4500,2,9,ALEXANDER DENNIS MODEL MISSING,1,E01004199,0,-1
2021461081846,2021,461081846,1,11,0,18,19,7,3,0,0,3,0,0,0,0,4,1,6,6,1,61,9,6700,2,12,ALEXANDER DENNIS MODEL MISSING,4,E01024373,0,-1
2021610065921,2021,610065921,1,11,0,5,5,7,3,0,0,1,0,0,0,0,1,1,1,1,1,26,6,4461,2,9,ALEXANDER DENNIS MODEL MISSING,-1,-1,0,-1
2021471044402,2021,471044402,1,11,0,2,2,0,0,0,0,0,0,0,0,0,0,1,1,1,1,55,8,4500,2,9,ALEXANDER DENNIS MODEL MISSING,1,E01020982,0,-1
2021010313197,2021,010313197,1,11,1,4,4,4,8,2,2,0,0,0,0,0,3,1,1,1,1,55,8,6700,2,11,ALEXANDER DENNIS MODEL MISSING,-1,-1,0,-1
2021211034108,2021,211034108,1,11,0,9,9,6,3,0,0,8,0,0,3,10,3,1,1,1,1,50,8,4461,2,4,ALEXANDER DENNIS MODEL MISSING,9,E01029466,0,-1
2021010316264,2021,010316264,1,11,0,5,5,7,3,0,0,1,0,0,0,0,1,1,1,1,2,51,8,4500,2,12,ALEXANDER DENNIS MODEL MISSING,3,E01002130,0,-1
2021010338500,2021,010338500,1,11,0,18,19,1,5,3,2,2,0,0,0,0,1,1,1,1,1,55,8,4500,2,5,ALEXANDER DENNIS MODEL MISSING,7,E01001058,0,-1
2021010342527,2021,010342527,1,11,0,4,4,3,7,0,0,1,0,0,0,0,0,1,1,1,1,40,7,6700,2,9,ALEXANDER DENNIS MODEL MISSING,2,E01001339,0,-1
2021501049515,2021,501049515,1,11,0,18,19,1,5,0,0,0,0,11,0,0,1,1,1,1,1,55,8,6700,2,5,ALEXANDER DENNIS MODEL MISSING,1,E01015048,0,-1
2021010304114,2021,010304114,1,11,0,5,5,7,3,3,2,0,0,0,0,0,0,1,1,1,1,34,6,6700,2,10,ALEXANDER DENNIS MODEL MISSING,6,E01002246,0,-1
2021010341508,2021,010341508,3,11,9,99,99,9,9,99,99,9,9,99,9,99,9,1,6,6,3,-1,-1,4500,2,7,ALEXANDER DENNIS MODEL MISSING,-1,-1,0,-1
2021010315669,2021,010315669,1,11,0,5,5,7,3,6,6,1,0,0,0,0,0,1,1,1,1,56,9,4500,2,2,ALEXANDER DENNIS MODEL MISSING,5,E01001344,0,-1
2021501040874,2021,501040874,1,11,0,18,19,7,2,0,0,0,0,0,0,0,1,1,1,1,1,59,9,6700,2,13,ALEXANDER DENNIS MODEL MISSING,2,E01015156,0,-1
2021010298274,2021,010298274,1,11,0,4,4,3,7,0,0,2,0,0,0,0,0,1,1,1,1,48,8,4500,2,4,ALEXANDER DENNIS MODEL MISSING,2,E01003243,0,-1
2021010310670,2021,010310670,1,11,0,5,5,8,4,2,2,0,0,0,0,0,4,1,1,1,1,55,8,4500,2,3,ALEXANDER DENNIS MODEL MISSING,9,E01000350,0,-1
2021010333350,2021,010333350,1,11,0,7,7,7,1,0,0,1,0,0,0,0,0,1,1,1,1,63,9,4500,2,6,ALEXANDER DENNIS MODEL MISSING,3,E01004430,0,-1
2021010314779,2021,010314779,4,11,0,18,19,3,7,0,0,1,0,0,0,0,2,1,1,1,1,19,4,6700,2,11,ALEXANDER DENNIS MODEL MISSING,3,E01001465,0,-1
2021161047808,2021,161047808,2,11,0,2,2,0,0,0,0,0,0,0,0,0,0,1,1,1,1,48,8,4461,2,7,ALEXANDER DENNIS MODEL MISSING,3,E01013184,0,-1
2021170H10281,2021,170H10281,1,11,0,9,9,1,7,0,0,4,0,0,0,0,0,1,1,1,1,67,10,6700,2,2,ALEXANDER DENNIS MODEL MISSING,1,E01012000,0,-1
2021010317871,2021,010317871,1,11,0,9,9,1,7,0,0,3,0,0,0,0,0,1,1,1,1,20,4,6700,2,10,ALEXANDER DENNIS MODEL MISSING,5,E01002363,0,-1
2021161026425,2021,161026425,1,11,0,5,5,2,6,0,0,0,0,0,0,0,0,1,1,1,1,60,9,8300,2,14,ALEXANDER DENNIS MODEL MISSING,1,E01013199,0,-1
2021440292152,2021,440292152,1,11,0,18,19,8,4,0,0,0,0,0,0,0,4,1,1,1,1,63,9,6700,2,3,ALEXANDER DENNIS MODEL MISSING,7,E01022735,0,-1
2021421063296,2021,421063296,2,11,0,2,2,0,0,3,2,0,0,0,0,0,0,1,1,1,1,70,10,4461,2,8,ALEXANDER DENNIS MODEL MISSING,8,E01033138,0,-1
2021101103455,2021,101103455,1,11,0,5,5,7,3,0,0,0,0,0,0,0,1,1,1,1,1,59,9,6700,2,13,ALEXANDER DENNIS MODEL MISSING,2,E01027397,0,-1
2021010304121,2021,010304121,1,11,0,18,19,7,3,0,0,2,0,0,0,0,0,1,6,6,1,25,5,6696,2,8,ALEXANDER DENNIS MODEL MISSING,5,E01003359,0,-1
2021440152099,2021,440152099,2,11,0,18,19,3,7,0,0,8,0,0,0,0,4,1,1,1,1,29,6,6700,2,2,ALEXANDER DENNIS MODEL MISSING,8,E01022703,0,-1
2021010337134,2021,010337134,1,11,0,18,19,3,7,2,2,0,0,0,0,0,1,1,1,1,1,36,7,4500,2,5,ALEXANDER DENNIS MODEL MISSING,4,E01002643,0,-1
2021010348345,2021,010348345,1,11,0,3,3,7,3,0,0,1,0,0,0,0,0,1,1,1,1,66,10,4500,2,9,ALEXANDER DENNIS MODEL MISSING,4,E01023574,0,-1
2021991075910,2021,991075910,1,11,0,4,4,3,7,7,6,0,0,0,0,0,1,1,1,1,1,56,9,4500,2,11,ALEXANDER DENNIS MODEL MISSING,8,-1,0,-1
2021201044098,2021,201044098,2,11,0,18,19,1,6,0,0,3,0,0,0,0,1,1,1,1,1,50,8,6700,2,2,ALEXANDER DENNIS MODEL MISSING,1,E01009929,0,-1
2021302100804,2021,302100804,1,11,0,4,4,8,4,0,0,8,0,0,0,0,0,1,6,6,1,-1,-1,4500,2,5,ALEXANDER DENNIS MODEL MISSING,-1,-1,0,-1
2021010349802,2021,010349802,1,11,0,99,99,9,9,99,99,9,9,99,9,99,1,9,6,6,3,49,8,4500,2,1,ALEXANDER DENNIS MODEL MISSING,4,E01003166,0,-1
2021010329578,2021,010329578,1,11,0,18,19,3,7,2,2,0,0,0,0,0,1,1,1,1,2,53,8,4500,2,4,ALEXANDER DENNIS MODEL MISSING,2,E01001339,0,-1
2021010340184,2021,010340184,1,11,0,99,99,9,9,99,99,9,9,99,9,99,9,9,6,6,3,59,9,4500,2,12,ALEXANDER DENNIS MODEL MISSING,3,E01000977,0,-1
2021201078909,2021,201078909,1,11,0,5,5,2,6,0,0,0,0,10,1,5,1,1,1,1,1,50,8,3900,2,15,ALEXANDER DENNIS MODEL MISSING,1,E01010067,0,-1