collision_index,collision_year,collision_ref_no,vehicle_reference,vehicle_type,towing_and_articulation,vehicle_manoeuvre_historic,vehicle_manoeuvre,vehicle_direction_from,vehicle_direction_to,vehicle_location_restricted_lane_historic,vehicle_location_restricted_lane,junction_location,skidding_and_overturning,hit_object_in_carriageway,vehicle_leaving_carriageway,hit_object_off_carriageway,first_point_of_impact,vehicle_left_hand_drive,journey_purpose_of_driver_historic,journey_purpose_of_driver,sex_of_driver,age_of_driver,age_band_of_driver,engine_capacity_cc,propulsion_code,age_of_vehicle,generic_make_model,driver_imd_decile,lsoa_of_driver,escooter_flag,driver_distance_banding
2021471016343,2021,471016343,2,11,0,2,2,0,0,0,0,0,0,0,0,0,0,1,1,1,3,-1,-1,4461,2,8,ALEXANDER DENNIS MODEL MISSING,-1,-1,0,-1
2021010319013,2021,010319013,1,11,0,18,19,5,1,0,0,2,0,0,0,0,0,1,1,1,1,60,9,4500,2,1,ALEXANDER DENNIS MODEL MISSING,8,E01030347,0,-1
2021552101284,2021,552101284,1,11,0,4,4,6,2,0,0,0,0,0,0,0,0,1,1,1,1,40,7,6696,2,8,ALEXANDER DENNIS MODEL MISSING,1,E01015279,0,-1
2021010332879,2021,010332879,1,11,0,4,4,7,3,0,0,1,0,0,0,0,1,1,6,6,1,26,6,4500,2,3,ALEXANDER DENNIS MODEL MISSING,3,E01033735,0,-1
2021010295328,2021,010295328,1,11,0,5,5,1,5,0,0,1,0,0,0,0,0,1,6,6,2,35,6,6700,2,12,ALEXANDER DENNIS MODEL MISSING,3,E01003088,0,-1
2021010325970,2021,010325970,1,11,0,5,5,0,5,0,0,5,0,0,0,0,0,1,1,1,1,45,7,6700,2,12,ALEXANDER DENNIS MODEL MISSING,6,E01023855,0,-1
2021010341805,2021,010341805,1,11,0,18,19,5,1,2,2,0,0,0,0,0,0,1,1,1,1,29,6,4500,2,1,ALEXANDER DENNIS MODEL MISSING,3,E01003017,0,-1
2021061062567,2021,061062567,2,11,0,18,19,1,5,0,0,1,0,0,0,0,0,1,1,1,1,34,6,6700,2,1,ALEXANDER DENNIS MODEL MISSING,1,E01005061,0,-1
2021010312225,2021,010312225,2,11,0,4,4,5,1,2,2,1,0,0,0,0,1,1,6,6,2,57,9,6700,2,12,ALEXANDER DENNIS MODEL MISSING,4,E01003436,0,-1
2021010325149,2021,010325149,1,11,0,3,3,3,7,2,2,0,0,0,0,0,0,1,1,1,1,50,8,4500,2,12,ALEXANDER DENNIS MODEL MISSING,2,E01001877,0,-1
2021010294905,2021,010294905,2,11,0,10,10,1,7,0,0,0,0,0,0,0,1,1,1,1,2,64,9,4500,2,4,ALEXANDER DENNIS MODEL MISSING,4,E01004414,0,-1
2021010351394,2021,010351394,1,11,0,9,9,5,2,0,0,1,0,0,0,0,4,1,1,1,1,23,5,4500,2,10,ALEXANDER DENNIS MODEL MISSING,1,E01004273,0,-1
202163A063621,2021,63A063621,1,11,0,18,19,2,5,0,0,1,0,0,0,0,1,1,1,1,1,26,6,6700,2,5,ALEXANDER DENNIS MODEL MISSING,4,W01000636,0,-1
2021010288575,2021,010288575,1,11,0,18,19,6,2,2,2,0,0,10,0,0,1,1,1,1,1,64,9,4500,2,9,ALEXANDER DENNIS MODEL MISSING,3,E01001436,0,-1
2021010330847,2021,010330847,1,11,0,9,9,5,2,0,0,1,0,0,1,1,1,1,1,1,2,62,9,4500,2,4,ALEXANDER DENNIS MODEL MISSING,1,E01000105,0,-1
2021170M10421,2021,170M10421,1,11,0,5,5,0,2,0,0,1,0,0,0,0,0,1,1,1,2,59,9,6700,2,2,ALEXANDER DENNIS MODEL MISSING,7,E01012244,0,-1
2021440079666,2021,440079666,1,11,0,18,19,7,3,0,0,0,0,0,0,0,1,1,1,1,1,67,10,8300,2,14,ALEXANDER DENNIS MODEL MISSING,10,E01022643,0,-1
2021010323681,2021,010323681,1,11,0,18,19,5,1,2,2,8,0,0,0,0,0,1,1,1,1,52,8,6700,2,11,ALEXANDER DENNIS MODEL MISSING,6,E01001083,0,-1
2021010352314,2021,010352314,1,11,0,5,5,5,1,0,0,0,0,0,0,0,0,1,1,1,1,33,6,4500,2,6,ALEXANDER DENNIS MODEL MISSING,8,E01030860,0,-1
2021010301453,2021,010301453,1,11,0,5,5,7,3,0,0,0,0,0,0,0,0,2,1,1,3,-1,-1,6700,2,5,ALEXANDER DENNIS MODEL MISSING,4,E01002098,0,-1
2021010305177,2021,010305177,1,11,0,18,19,5,1,0,0,8,0,0,0,0,4,9,6,6,1,56,9,4500,2,1,ALEXANDER DENNIS MODEL MISSING,3,E01000718,0,-1
2021010340748,2021,010340748,1,11,0,5,5,7,3,2,2,0,0,0,0,0,0,1,1,1,1,48,8,6696,2,8,ALEXANDER DENNIS MODEL MISSING,4,E01001704,0,-1
2021302102041,2021,302102041,2,11,0,18,19,5,1,0,0,1,0,0,0,0,1,1,1,1,1,54,8,4500,2,9,ALEXANDER DENNIS MODEL MISSING,3,E01019562,0,-1
2021010313131,2021,010313131,1,11,0,18,19,1,5,0,0,1,0,0,0,0,0,1,1,1,1,48,8,6700,2,9,ALEXANDER DENNIS MODEL MISSING,1,E01000721,0,-1
2021201046114,2021,201046114,2,11,0,18,19,6,2,0,0,0,0,0,0,0,2,1,1,1,1,-1,-1,6700,2,4,ALEXANDER DENNIS MODEL MISSING,-1,-1,0,-1
2021010319541,2021,010319541,1,11,0,18,19,5,1,0,0,1,0,4,0,0,1,1,6,6,1,65,9,4500,2,1,ALEXANDER DENNIS MODEL MISSING,10,E01002961,0,-1
2021010290046,2021,010290046,2,11,0,18,19,5,1,0,0,1,0,0,0,0,1,1,1,1,1,47,8,4500,2,11,ALEXANDER DENNIS MODEL MISSING,7,E01000389,0,-1
2021031070178,2021,031070178,1,11,0,4,4,6,2,0,0,0,0,0,0,0,0,1,1,1,1,63,9,6700,2,10,ALEXANDER DENNIS MODEL MISSING,4,E01019276,0,-1
2021010309220,2021,010309220,1,11,0,18,19,1,5,0,0,1,0,0,0,0,0,1,1,1,1,40,7,6700,2,12,ALEXANDER DENNIS MODEL MISSING,4,E01004737,0,-1
2021361099653,2021,361099653,1,11,0,18,19,4,8,0,0,0,0,0,0,0,1,1,1,1,1,49,8,6696,2,8,ALEXANDER DENNIS MODEL MISSING,2,E01030265,0,-1
2021010307677,2021,010307677,2,11,0,99,99,9,9,99,99,9,9,99,9,99,9,9,6,6,1,75,10,6700,2,3,ALEXANDER DENNIS MODEL MISSING,2,E01003197,0,-1
2021141110533,2021,141110533,1,11,0,18,19,8,4,0,0,0,0,0,0,0,1,1,1,1,1,57,9,6696,2,7,ALEXANDER DENNIS MODEL MISSING,10,E01007923,0,-1
2021010287661,2021,010287661,1,11,0,18,19,7,3,0,0,6,0,0,0,0,4,1,1,1,1,44,7,4500,2,5,ALEXANDER DENNIS MODEL MISSING,4,E01003148,0,-1
2021010334432,2021,010334432,1,11,0,4,4,3,7,0,0,0,0,0,0,0,4,1,1,1,1,34,6,4500,2,3,ALEXANDER DENNIS MODEL MISSING,2,E01001693,0,-1
2021010303052,2021,010303052,1,11,0,5,5,3,7,0,0,0,0,0,0,0,0,1,1,1,1,31,6,4500,2,5,ALEXANDER DENNIS MODEL MISSING,2,E01001118,0,-1
2021010329148,2021,010329148,1,11,0,4,4,5,1,0,0,0,0,0,0,0,1,1,1,1,1,65,9,6700,2,9,ALEXANDER DENNIS MODEL MISSING,2,E01000098,0,-1
2021010314811,2021,010314811,1,11,0,5,5,0,1,0,0,1,0,0,0,0,0,1,1,1,1,44,7,4500,2,6,ALEXANDER DENNIS MODEL MISSING,2,E01003046,0,-1
2021061030864,2021,061030864,1,11,0,18,19,1,1,0,0,0,0,0,0,0,0,1,1,1,1,57,9,6700,2,4,ALEXANDER DENNIS MODEL MISSING,3,E01005162,0,-1
2021010350408,2021,010350408,2,11,0,9,9,1,6,0,0,1,0,0,0,0,1,1,1,1,1,47,8,4500,2,9,ALEXANDER DENNIS MODEL MISSING,4,E01001180,0,-1
2021471030002,2021,471030002,2,11,0,17,19,3,8,0,0,1,0,0,0,0,1,1,1,1,1,53,8,6700,2,10,ALEXANDER DENNIS MODEL MISSING,6,E01020949,0,-1
2021010343260,2021,010343260,2,11,0,5,5,1,5,0,0,0,0,0,0,0,4,1,1,1,1,26,6,6700,2,10,ALEXANDER DENNIS MODEL MISSING,-1,-1,0,-1
2021471023690,2021,471023690,1,11,0,5,5,5,1,0,0,0,0,0,0,0,0,1,1,1,1,51,8,6700,2,11,ALEXANDER DENNIS MODEL MISSING,3,E01031482,0,-1
2021101089688,2021,101089688,1,11,0,4,4,3,7,0,0,1,0,0,0,0,4,1,1,1,1,28,6,6700,2,1,ALEXANDER DENNIS MODEL MISSING,-1,-1,0,-1
2021471047354,2021,471047354,1,11,0,4,4,7,3,0,0,0,0,0,0,0,0,1,1,1,1,52,8,4500,2,1,ALEXANDER DENNIS MODEL MISSING,5,E01016963,0,-1
2021622100285,2021,622100285,1,11,0,18,19,5,1,0,0,1,0,0,0,0,1,1,1,1,2,21,5,4461,2,8,ALEXANDER DENNIS MODEL MISSING,6,W01001184,0,-1
2021010295758,2021,010295758,1,11,0,18,19,3,7,2,2,0,0,0,0,0,0,1,1,1,1,61,9,6700,2,9,ALEXANDER DENNIS MODEL MISSING,5,E01002344,0,-1
2021010304339,2021,010304339,1,11,0,18,19,2,6,0,0,2,0,0,0,0,4,1,1,1,1,56,9,4500,2,10,ALEXANDER DENNIS MODEL MISSING,4,E01001194,0,-1
2021010304842,2021,010304842,2,11,0,18,19,1,5,0,0,8,1,0,1,10,1,1,1,1,1,31,6,4500,2,13,ALEXANDER DENNIS MODEL MISSING,6,E01002335,0,-1
2021141087844,2021,141087844,2,11,0,18,19,3,7,0,0,8,0,0,0,0,1,1,1,1,1,37,7,3900,2,15,ALEXANDER DENNIS MODEL MISSING,1,E01026383,0,-1
2021070663386,2021,070663386,2,11,0,17,19,7,3,0,0,0,0,0,0,0,1,1,1,1,1,61,9,6700,2,12,ALEXANDER DENNIS MODEL MISSING,2,E01018327,0,-1
2021201102192,2021,201102192,1,11,0,18,19,4,8,0,0,0,0,0,0,0,1,1,1,1,1,28,6,6700,2,6,ALEXANDER DENNIS MODEL MISSING,2,E01010406,0,-1
2021141028585,2021,141028585,1,11,0,5,5,1,5,0,0,0,0,0,0,0,0,1,1,1,1,57,9,8300,2,15,ALEXANDER DENNIS MODEL MISSING,3,E01028062,0,-1
2021101040235,2021,101040235,1,11,0,16,19,3,7,0,0,3,0,0,0,0,0,1,1,1,1,57,9,4500,2,10,ALEXANDER DENNIS MODEL MISSING,2,E01008569,0,-1
2021061104178,2021,061104178,1,11,0,-1,-1,-1,-1,-1,-1,-1,-1,-1,-1,0,-1,1,1,1,1,55,8,4500,2,11,ALEXANDER DENNIS MODEL MISSING,1,E01006005,0,-1
2021320290836,2021,320290836,2,11,0,18,19,3,7,0,0,8,0,0,0,0,4,1,1,1,1,46,8,8268,2,16,ALEXANDER DENNIS MODEL MISSING,3,E01026386,0,-1
2021141092730,2021,141092730,1,11,0,18,19,8,4,2,2,0,0,0,0,0,3,1,1,1,1,30,6,4500,2,10,ALEXANDER DENNIS MODEL MISSING,3,E01008108,0,-1
2021161122289,2021,161122289,1,11,0,4,4,8,4,0,0,2,0,0,0,0,1,1,1,1,1,60,9,8300,2,15,ALEXANDER DENNIS MODEL MISSING,7,E01013153,0,-1
2021010318701,2021,010318701,1,11,0,18,19,7,3,0,0,8,0,11,2,10,4,1,6,6,1,53,8,4500,2,2,ALEXANDER DENNIS MODEL MISSING,4,E01002631,0,-1
2021010317311,2021,010317311,2,11,0,5,5,3,7,3,2,1,0,0,0,0,1,1,1,1,1,56,9,4500,2,2,ALEXANDER DENNIS MODEL MISSING,9,E01024265,0,-1
2021991064366,2021,991064366,2,11,0,7,7,7,2,0,0,4,0,0,0,0,1,1,1,1,1,40,7,4461,2,6,ALEXANDER DENNIS MODEL MISSING,2,-1,0,-1
2021552100625,2021,552100625,2,11,0,18,19,4,8,0,0,4,0,0,0,0,1,1,6,6,1,40,7,6700,2,3,ALEXANDER DENNIS MODEL MISSING,8,E01020408,0,-1
2021471068749,2021,471068749,1,11,0,2,2,7,3,0,0,0,0,0,0,0,0,1,1,1,1,51,8,4500,2,1,ALEXANDER DENNIS MODEL MISSING,2,E01016873,0,-1
2021201085221,2021,201085221,2,11,0,2,2,0,0,0,0,0,0,0,0,0,0,1,1,1,3,-1,-1,6700,2,13,ALEXANDER DENNIS MODEL MISSING,-1,-1,0,-1
2021541762621,2021,541762621,1,11,0,18,19,3,7,0,0,0,0,0,0,0,3,1,1,1,1,51,8,4500,2,9,ALEXANDER DENNIS MODEL MISSING,4,E01014445,0,-1
2021010310892,2021,010310892,2,11,0,4,4,6,2,0,0,1,0,0,0,0,1,1,1,1,1,56,9,6700,2,10,ALEXANDER DENNIS MODEL MISSING,6,E01030896,0,-1
2021010293493,2021,010293493,1,11,0,12,12,1,5,0,0,0,0,0,0,0,3,1,1,1,1,34,6,4500,2,3,ALEXANDER DENNIS MODEL MISSING,3,E01004047,0,-1
2021101112301,2021,101112301,2,11,0,18,19,1,5,0,0,1,0,0,0,0,1,1,1,1,1,41,7,4500,2,10,ALEXANDER DENNIS MODEL MISSING,-1,-1,0,-1
2021411038001,2021,411038001,1,11,0,4,4,6,2,0,0,0,0,0,0,0,1,1,1,1,1,34,6,6700,2,4,ALEXANDER DENNIS MODEL MISSING,7,E01023398,0,-1
2021122101212,2021,122101212,1,11,0,3,3,3,7,2,2,0,0,0,0,0,0,1,1,1,1,53,8,4461,2,6,ALEXANDER DENNIS MODEL MISSING,4,E01027861,0,-1
2021010312189,2021,010312189,1,11,0,99,99,9,9,99,99,9,9,99,9,99,9,9,6,6,1,53,8,6700,2,13,ALEXANDER DENNIS MODEL MISSING,10,E01024147,0,-1
2021471019609,2021,471019609,1,11,0,18,19,4,8,0,0,0,0,0,0,0,4,1,1,1,1,31,6,4500,2,1,ALEXANDER DENNIS MODEL MISSING,7,E01031375,0,-1
2021010307246,2021,010307246,2,11,0,99,99,9,9,99,99,0,9,99,9,99,2,9,6,6,3,-1,-1,6700,2,1,ALEXANDER DENNIS MODEL MISSING,-1,-1,0,-1
2021010352440,2021,010352440,2,11,0,9,9,4,3,0,0,6,0,0,0,0,1,1,1,1,1,39,7,4500,2,9,ALEXANDER DENNIS MODEL MISSING,1,E01001955,0,-1
2021010307732,2021,010307732,2,11,0,4,4,1,5,0,0,1,0,0,0,0,1,1,6,6,1,61,9,6700,2,1,ALEXANDER DENNIS MODEL MISSING,1,E01001732,0,-1
2021010315277,2021,010315277,1,11,0,16,19,5,1,0,0,0,0,0,0,0,1,1,1,1,1,31,6,4500,2,10,ALEXANDER DENNIS MODEL MISSING,7,E01000812,0,-1
2021010336246,2021,010336246,1,11,0,5,5,4,8,0,0,0,0,0,0,0,0,1,1,1,1,52,8,4500,2,10,ALEXANDER DENNIS MODEL MISSING,7,E01002223,0,-1
2021481082270,2021,481082270,2,11,0,18,19,5,1,0,0,1,0,0,0,0,2,1,5,6,1,73,10,6700,2,12,ALEXANDER DENNIS MODEL MISSING,-1,-1,0,-1
2021440235065,2021,440235065,1,11,0,18,19,1,5,0,0,0,0,0,0,0,1,1,1,1,2,51,8,6700,2,2,ALEXANDER DENNIS MODEL MISSING,6,E01017176,0,-1
202131A101621,2021,31A101621,1,11,0,2,2,0,0,0,0,1,0,0,0,0,0,1,1,1,1,64,9,6696,2,7,ALEXANDER DENNIS MODEL MISSING,5,E01027953,0,-1
202131C106021,2021,31C106021,2,11,0,11,11,8,4,0,0,2,0,0,0,0,4,1,1,1,1,-1,-1,4461,2,8,ALEXANDER DENNIS MODEL MISSING,-1,-1,0,-1
2021010320375,2021,010320375,1,11,0,18,19,6,2,0,0,2,0,0,0,0,0,1,1,1,1,58,9,4500,2,1,ALEXANDER DENNIS MODEL MISSING,4,E01001047,0,-1
2021010314808,2021,010314808,1,11,0,5,5,1,5,0,0,7,0,0,0,0,0,1,6,6,1,56,9,6700,2,12,ALEXANDER DENNIS MODEL MISSING,7,E01001027,0,-1
2021010332539,2021,010332539,1,11,0,4,4,5,1,2,2,1,0,0,0,0,0,1,1,1,2,38,7,4500,2,10,ALEXANDER DENNIS MODEL MISSING,-1,-1,0,-1
2021010297741,2021,010297741,1,11,0,4,4,1,5,2,2,0,0,0,9,0,0,1,3,7,2,59,9,6700,2,10,ALEXANDER DENNIS MODEL MISSING,7,E01002367,0,-1
2021101051171,2021,101051171,1,11,0,9,9,1,5,0,0,8,0,0,0,0,0,1,1,1,1,36,7,6700,2,5,ALEXANDER DENNIS MODEL MISSING,-1,-1,0,-1
2021501148088,2021,501148088,2,11,0,3,3,8,4,0,0,0,0,0,0,0,3,1,1,1,1,56,9,8300,2,15,ALEXANDER DENNIS MODEL MISSING,-1,-1,0,-1
2021010339646,2021,010339646,1,11,0,4,4,7,3,0,0,8,0,0,0,0,0,1,1,1,1,62,9,6700,2,11,ALEXANDER DENNIS MODEL MISSING,5,E01003359,0,-1
2021471094329,2021,471094329,1,11,0,12,12,7,3,0,0,0,0,0,0,0,0,1,1,1,1,52,8,4461,2,4,ALEXANDER DENNIS MODEL MISSING,7,E01031837,0,-1
2021451093802,2021,451093802,1,11,0,18,19,1,5,0,0,0,0,0,0,0,1,1,1,1,2,35,6,6700,2,1,ALEXANDER DENNIS MODEL MISSING,2,E01001202,0,-1
202131A050921,2021,31A050921,1,11,0,2,2,0,0,0,0,0,0,0,0,0,0,1,1,1,1,60,9,6700,2,3,ALEXANDER DENNIS MODEL MISSING,8,E01028344,0,-1
2021451067042,2021,451067042,1,11,0,18,19,1,3,0,0,0,0,10,1,0,0,1,1,1,1,57,9,4500,2,10,ALEXANDER DENNIS MODEL MISSING,7,E01030921,0,-1
2021010302863,2021,010302863,1,11,0,5,5,1,5,0,0,4,0,0,0,0,0,1,1,1,1,52,8,4500,2,10,ALEXANDER DENNIS MODEL MISSING,3,E01000020,0,-1
2021552100756,2021,552100756,1,11,0,4,4,8,4,0,0,0,0,0,0,0,0,1,1,1,1,31,6,6700,2,3,ALEXANDER DENNIS MODEL MISSING,5,E01015468,0,-1
2021010350779,2021,010350779,2,11,0,18,19,1,5,2,2,1,0,0,0,0,1,1,1,1,1,42,7,4500,2,11,ALEXANDER DENNIS MODEL MISSING,3,E01002540,0,-1
2021471079358,2021,471079358,1,11,0,5,5,4,8,0,0,0,0,0,0,0,0,1,1,1,1,40,7,6700,2,10,ALEXANDER DENNIS MODEL MISSING,4,E01031473,0,-1
2021320367545,2021,320367545,1,11,0,5,5,6,2,0,0,0,2,0,0,0,1,1,1,1,1,47,8,4500,2,9,ALEXANDER DENNIS MODEL MISSING,1,E01026176,0,-1
2021010341510,2021,010341510,1,11,0,5,5,3,7,2,2,8,0,0,0,0,1,1,1,1,1,32,6,4500,2,3,ALEXANDER DENNIS MODEL MISSING,5,E01003359,0,-1
2021010294614,2021,010294614,1,11,0,18,19,1,5,2,2,7,0,0,0,0,0,1,1,1,1,37,7,4500,2,9,ALEXANDER DENNIS MODEL MISSING,3,E01002100,0,-1
2021010336716,2021,010336716,1,11,0,11,11,6,2,0,0,1,0,11,0,0,2,1,1,1,1,53,8,6700,2,1,ALEXANDER DENNIS MODEL MISSING,4,E01003492,0,-1
2021010287640,2021,010287640,2,11,0,9,9,3,8,0,0,1,0,0,0,0,4,1,1,1,1,36,7,4500,2,10,ALEXANDER DENNIS MODEL MISSING,3,E01000506,0,-1
2021010337079,2021,010337079,1,11,0,3,3,7,3,0,0,0,0,0,0,0,2,1,1,1,1,48,8,4500,2,3,ALEXANDER DENNIS MODEL MISSING,6,E01002640,0,-1
2021101095580,2021,101095580,1,11,4,18,19,3,7,2,2,0,0,11,0,0,4,1,1,1,1,57,9,4500,2,10,ALEXANDER DENNIS MODEL MISSING,2,E01008572,0,-1
2021010340660,2021,010340660,1,11,0,99,99,9,9,0,0,9,0,99,0,0,9,1,1,1,3,-1,-1,6700,2,10,ALEXANDER DENNIS MODEL MISSING,2,E01000025,0,-1
2021010309590,2021,010309590,1,11,0,3,3,1,5,2,2,1,0,0,0,0,0,1,1,1,1,57,9,4500,2,6,ALEXANDER DENNIS MODEL MISSING,6,E01000691,0,-1
2021041039814,2021,041039814,1,11,0,18,19,6,2,0,0,1,0,0,0,0,4,1,1,1,1,45,7,6696,2,8,ALEXANDER DENNIS MODEL MISSING,1,E01025260,0,-1
2021010314965,2021,010314965,2,11,0,13,13,5,1,0,0,0,0,0,0,0,1,1,1,1,1,53,8,4500,2,5,ALEXANDER DENNIS MODEL MISSING,2,E01001008,0,-1
2021010287596,2021,010287596,2,11,0,18,19,1,5,0,0,1,0,0,0,0,1,1,1,1,1,57,9,6700,2,9,ALEXANDER DENNIS MODEL MISSING,1,E01001429,0,-1
2021010292218,2021,010292218,2,11,0,18,19,7,3,0,0,1,0,0,0,0,1,1,1,1,1,59,9,6700,2,10,ALEXANDER DENNIS MODEL MISSING,1,E01021324,0,-1
2021010296539,2021,010296539,1,11,0,4,4,1,5,0,0,1,0,0,0,0,0,1,6,6,2,52,8,6700,2,9,ALEXANDER DENNIS MODEL MISSING,4,E01001276,0,-1
2021041099469,2021,041099469,2,11,0,18,19,1,5,0,0,8,0,0,0,0,3,1,1,1,1,28,6,4500,2,3,ALEXANDER DENNIS MODEL MISSING,5,E01012664,0,-1
2021991041213,2021,991041213,1,11,0,18,19,5,1,0,0,0,0,0,0,0,1,1,1,1,1,30,6,6700,2,3,ALEXANDER DENNIS MODEL MISSING,4,-1,0,-1
2021201117788,2021,201117788,2,11,0,6,6,6,6,0,0,8,0,0,0,0,3,1,1,1,1,39,7,6700,2,6,ALEXANDER DENNIS MODEL MISSING,1,E01009372,0,-1
2021010298515,2021,010298515,1,11,0,5,5,5,1,0,0,8,0,0,0,0,3,1,1,1,1,38,7,4500,2,5,ALEXANDER DENNIS MODEL MISSING,2,E01002075,0,-1
2021010313163,2021,010313163,1,11,0,18,19,1,5,0,0,8,0,0,0,0,1,1,1,1,1,38,7,4500,2,2,ALEXANDER DENNIS MODEL MISSING,6,E01001040,0,-1
2021010340633,2021,010340633,1,11,0,18,19,7,3,2,2,1,0,0,0,0,1,1,1,1,1,40,7,6700,2,1,ALEXANDER DENNIS MODEL MISSING,2,E01032765,0,-1
2021010342522,2021,010342522,1,11,0,99,99,9,9,99,99,9,9,0,0,0,9,9,1,1,1,32,6,6700,2,10,ALEXANDER DENNIS MODEL MISSING,7,E01032776,0,-1
2021161093814,2021,161093814,1,11,0,4,4,1,5,0,0,0,0,0,0,0,0,1,1,1,1,42,7,6696,2,6,ALEXANDER DENNIS MODEL MISSING,1,E01013140,0,-1
2021991052013,2021,991052013,2,11,0,2,2,0,0,7,6,1,0,4,1,0,0,1,1,1,1,41,7,6700,2,2,ALEXANDER DENNIS MODEL MISSING,8,-1,0,-1
2021471112863,2021,471112863,2,11,0,18,19,5,1,0,0,0,0,0,0,0,4,1,1,1,1,35,6,4500,2,1,ALEXANDER DENNIS MODEL MISSING,6,E01021058,0,-1
2021320350626,2021,320350626,1,11,0,18,19,6,2,0,0,1,0,0,0,0,1,1,1,1,3,36,7,6700,2,9,ALEXANDER DENNIS MODEL MISSING,7,E01026397,0,-1
2021101028203,2021,101028203,2,11,0,9,9,3,7,0,0,8,0,0,0,0,3,1,1,1,1,35,6,5900,2,12,ALEXANDER DENNIS MODEL MISSING,10,E01027369,0,-1
202134WNC6311,2021,34WNC6311,2,11,0,18,19,5,1,0,0,1,0,0,0,0,1,1,1,1,2,55,8,4500,2,10,ALEXANDER DENNIS MODEL MISSING,5,E01031141,0,-1
2021010312644,2021,010312644,1,11,0,7,7,5,8,0,0,4,0,0,0,0,1,1,1,1,1,-1,-1,4500,2,2,ALEXANDER DENNIS MODEL MISSING,3,E01002303,0,-1
2021010294307,2021,010294307,1,11,0,18,19,1,5,0,0,0,0,0,0,0,1,1,6,6,1,43,7,4500,2,5,ALEXANDER DENNIS MODEL MISSING,4,E01000805,0,-1
2021010309369,2021,010309369,1,11,0,5,5,2,6,0,0,0,0,0,0,0,1,1,6,6,1,56,9,4500,2,9,ALEXANDER DENNIS MODEL MISSING,4,E01004049,0,-1
2021010301403,2021,010301403,1,11,0,4,4,5,1,0,0,2,0,0,0,0,0,1,1,1,1,52,8,4500,2,5,ALEXANDER DENNIS MODEL MISSING,5,E01003195,0,-1
2021010346077,2021,010346077,1,11,0,4,4,1,5,0,0,0,0,0,0,0,0,1,1,1,1,58,9,4500,2,6,ALEXANDER DENNIS MODEL MISSING,3,E01001003,0,-1
2021010308640,2021,010308640,1,11,0,18,19,8,4,0,0,1,0,0,0,0,1,1,1,1,1,58,9,4500,2,12,ALEXANDER DENNIS MODEL MISSING,5,E01003415,0,-1
2021371033831,2021,371033831,1,11,0,-1,-1,-1,-1,0,0,0,0,0,0,0,0,1,6,6,1,44,7,6696,2,8,ALEXANDER DENNIS MODEL MISSING,3,E01026617,0,-1
2021320741556,2021,320741556,1,11,0,18,19,6,2,0,0,0,0,0,0,0,1,1,1,1,1,29,6,6700,2,4,ALEXANDER DENNIS MODEL MISSING,7,E01013323,0,-1
2021010334369,2021,010334369,2,11,0,5,5,5,1,2,2,1,0,0,0,0,1,1,1,1,1,60,9,4500,2,4,ALEXANDER DENNIS MODEL MISSING,3,E01001981,0,-1
2021010315017,2021,010315017,2,11,0,4,4,5,1,0,0,5,0,0,0,0,4,1,1,1,1,39,7,6700,2,12,ALEXANDER DENNIS MODEL MISSING,7,E01015955,0,-1
2021361136354,2021,361136354,1,11,0,18,19,5,1,0,0,8,0,0,0,0,3,1,1,1,1,53,8,6696,2,8,ALEXANDER DENNIS MODEL MISSING,-1,-1,0,-1
2021010347359,2021,010347359,1,11,0,18,19,7,3,0,0,1,0,0,0,0,1,1,6,6,1,26,6,4500,2,5,ALEXANDER DENNIS MODEL MISSING,2,E01001631,0,-1
2021010321626,2021,010321626,1,11,0,5,5,3,7,0,0,2,0,0,0,0,0,1,1,1,1,61,9,4500,2,6,ALEXANDER DENNIS MODEL MISSING,3,E01003519,0,-1
2021010325028,2021,010325028,1,11,0,4,4,5,1,2,2,0,0,0,0,0,0,1,1,1,1,35,6,4500,2,4,ALEXANDER DENNIS MODEL MISSING,3,E01004039,0,-1
2021010290780,2021,010290780,1,11,0,17,19,5,2,0,0,2,0,0,0,0,3,1,1,1,1,37,7,6700,2,9,ALEXANDER DENNIS MODEL MISSING,3,E01000081,0,-1
2021131080705,2021,131080705,1,11,0,17,19,5,5,0,0,2,0,0,0,0,0,1,6,6,3,-1,-1,4461,2,5,ALEXANDER DENNIS MODEL MISSING,-1,-1,0,-1