collision_index,collision_year,collision_ref_no,vehicle_reference,vehicle_type,towing_and_articulation,vehicle_manoeuvre_historic,vehicle_manoeuvre,vehicle_direction_from,vehicle_direction_to,vehicle_location_restricted_lane_historic,vehicle_location_restricted_lane,junction_location,skidding_and_overturning,hit_object_in_carriageway,vehicle_leaving_carriageway,hit_object_off_carriageway,first_point_of_impact,vehicle_left_hand_drive,journey_purpose_of_driver_historic,journey_purpose_of_driver,sex_of_driver,age_of_driver,age_band_of_driver,engine_capacity_cc,propulsion_code,age_of_vehicle,generic_make_model,driver_imd_decile,lsoa_of_driver,escooter_flag,driver_distance_banding
2021440081441,2021,440081441,2,11,0,18,19,8,4,2,2,0,0,0,0,0,3,1,1,1,1,51,8,6696,2,8,ALEXANDER DENNIS MODEL MISSING,6,E01022715,0,-1
2021201125176,2021,201125176,1,11,0,18,19,6,2,0,0,8,0,0,0,0,1,1,1,1,1,25,5,6700,2,3,ALEXANDER DENNIS MODEL MISSING,1,E01033645,0,-1
2021161062885,2021,161062885,2,11,0,18,19,6,2,0,0,2,0,0,1,0,3,1,1,1,1,52,8,8300,2,15,ALEXANDER DENNIS MODEL MISSING,5,E01012796,0,-1
2021010332664,2021,010332664,2,11,0,2,2,0,0,0,0,1,0,0,0,0,2,1,6,6,3,-1,-1,4500,2,3,ALEXANDER DENNIS MODEL MISSING,-1,-1,0,-1
2021991076815,2021,991076815,1,11,0,5,5,5,1,0,0,0,0,0,0,0,0,1,1,1,1,44,7,4461,2,4,ALEXANDER DENNIS MODEL MISSING,7,-1,0,-1
2021010321793,2021,010321793,1,11,0,4,4,3,7,2,2,0,0,0,0,0,0,1,1,1,1,32,6,4500,2,4,ALEXANDER DENNIS MODEL MISSING,1,E01004222,0,-1
2021201064487,2021,201064487,2,11,0,18,19,8,4,0,0,0,0,0,0,0,3,1,1,1,1,53,8,4461,2,7,ALEXANDER DENNIS MODEL MISSING,1,E01009987,0,-1
2021010295176,2021,010295176,1,11,0,99,99,9,9,99,99,0,9,99,0,0,9,9,6,6,1,32,6,6696,2,8,ALEXANDER DENNIS MODEL MISSING,2,E01000045,0,-1
2021302101623,2021,302101623,1,11,0,18,19,4,8,0,0,1,0,0,0,0,0,1,1,1,1,47,8,6700,2,1,ALEXANDER DENNIS MODEL MISSING,1,E01013822,0,-1
2021010295074,2021,010295074,1,11,0,99,99,9,9,99,99,9,9,99,9,99,0,9,6,6,1,53,8,6700,2,9,ALEXANDER DENNIS MODEL MISSING,4,E01003766,0,-1
2021361042831,2021,361042831,1,11,0,18,19,7,3,0,0,0,0,0,0,0,4,1,1,1,1,64,9,6696,2,6,ALEXANDER DENNIS MODEL MISSING,4,E01026780,0,-1
2021461035943,2021,461035943,1,11,0,2,2,7,3,0,0,0,0,0,0,0,0,1,1,1,1,54,8,4500,2,12,ALEXANDER DENNIS MODEL MISSING,5,E01024281,0,-1
2021010316555,2021,010316555,1,11,0,18,19,3,7,0,0,0,0,0,0,0,0,2,1,1,1,40,7,4500,2,10,ALEXANDER DENNIS MODEL MISSING,1,E01004204,0,-1
2021302100533,2021,302100533,1,11,0,2,2,0,0,0,0,1,0,0,0,0,0,1,6,6,1,58,9,4500,2,9,ALEXANDER DENNIS MODEL MISSING,2,E01019572,0,-1
2021010298701,2021,010298701,1,11,0,18,19,2,6,0,0,1,0,0,0,0,0,1,1,1,1,28,6,4500,2,5,ALEXANDER DENNIS MODEL MISSING,2,E01004251,0,-1
2021411143681,2021,411143681,2,11,0,18,19,5,1,0,0,2,0,0,0,0,4,1,1,1,1,56,9,4500,2,3,ALEXANDER DENNIS MODEL MISSING,8,E01000230,0,-1
2021010296388,2021,010296388,1,11,0,99,99,9,9,99,99,9,9,99,9,99,9,9,6,6,1,36,7,4500,2,10,ALEXANDER DENNIS MODEL MISSING,3,E01000010,0,-1
2021010296378,2021,010296378,1,11,0,16,19,7,3,0,0,1,0,0,0,0,0,1,6,6,1,28,6,6700,2,10,ALEXANDER DENNIS MODEL MISSING,5,E01003741,0,-1
2021010310956,2021,010310956,1,11,0,7,7,1,3,0,0,3,0,0,0,0,0,1,1,1,1,50,8,4500,2,6,ALEXANDER DENNIS MODEL MISSING,9,E01030731,0,-1
2021010339256,2021,010339256,1,11,0,4,4,5,1,0,0,1,0,0,0,0,0,1,1,1,1,35,6,4500,2,9,ALEXANDER DENNIS MODEL MISSING,-1,-1,0,-1
2021010323910,2021,010323910,1,11,0,3,3,5,1,0,0,1,0,0,0,0,3,1,1,1,1,58,9,4500,2,7,ALEXANDER DENNIS MODEL MISSING,2,E01000796,0,-1
2021010324196,2021,010324196,2,11,0,5,5,3,7,0,0,0,0,0,0,0,2,1,1,1,1,30,6,6700,2,9,ALEXANDER DENNIS MODEL MISSING,3,E01003536,0,-1
2021471107938,2021,471107938,2,11,0,4,4,5,1,0,0,0,0,0,0,0,4,1,1,1,1,33,6,3900,2,15,ALEXANDER DENNIS MODEL MISSING,5,E01020969,0,-1
2021010347710,2021,010347710,1,11,0,9,9,4,3,0,0,6,0,0,0,0,0,1,1,1,1,52,8,6700,2,13,ALEXANDER DENNIS MODEL MISSING,3,E01001004,0,-1
2021010299398,2021,010299398,2,11,0,4,4,4,8,0,0,1,0,0,0,0,1,1,1,1,1,32,6,4500,2,9,ALEXANDER DENNIS MODEL MISSING,4,E01001165,0,-1
2021501119128,2021,501119128,1,11,0,13,13,7,3,2,2,2,0,0,0,0,4,1,6,6,1,58,9,4500,2,3,ALEXANDER DENNIS MODEL MISSING,9,E01020026,0,-1
2021141076651,2021,141076651,1,11,0,2,2,0,0,0,0,1,0,0,0,0,0,1,1,1,1,49,8,4500,2,11,ALEXANDER DENNIS MODEL MISSING,1,E01007916,0,-1
2021991029010,2021,991029010,2,11,-1,7,7,6,1,0,0,5,0,0,0,0,-1,1,1,1,1,48,8,4500,2,10,ALEXANDER DENNIS MODEL MISSING,1,-1,0,-1
2021471095050,2021,471095050,1,11,0,4,4,3,7,0,0,0,0,0,0,0,0,1,1,1,1,38,7,4500,2,2,ALEXANDER DENNIS MODEL MISSING,6,E01031352,0,-1
2021010351398,2021,010351398,1,11,0,18,19,1,5,0,0,0,0,0,0,0,0,1,1,1,1,61,9,4500,2,4,ALEXANDER DENNIS MODEL MISSING,2,E01003267,0,-1
2021010344823,2021,010344823,1,11,0,18,19,7,3,0,0,4,0,0,0,0,0,1,1,1,1,48,8,4500,2,5,ALEXANDER DENNIS MODEL MISSING,3,E01024264,0,-1
2021010313474,2021,010313474,1,11,9,99,99,9,9,99,99,9,9,99,9,99,9,1,6,6,3,-1,-1,4500,2,1,ALEXANDER DENNIS MODEL MISSING,-1,-1,0,-1
2021010323297,2021,010323297,3,11,0,3,3,1,5,0,0,2,0,0,0,0,2,1,1,1,1,25,5,4500,2,2,ALEXANDER DENNIS MODEL MISSING,8,E01002575,0,-1
2021010331709,2021,010331709,2,11,0,3,3,1,5,0,0,0,0,0,0,0,2,1,1,1,1,61,9,4500,2,9,ALEXANDER DENNIS MODEL MISSING,6,E01003367,0,-1
2021070588991,2021,070588991,1,11,0,16,19,7,3,0,0,0,0,0,0,0,3,1,6,6,1,27,6,4461,2,6,ALEXANDER DENNIS MODEL MISSING,7,E01018421,0,-1
2021010350937,2021,010350937,1,11,0,5,5,7,3,8,6,0,0,0,0,0,0,1,1,1,1,69,10,4500,2,11,ALEXANDER DENNIS MODEL MISSING,2,E01000096,0,-1
2021101087780,2021,101087780,2,11,0,3,3,5,1,0,0,1,0,0,0,0,0,1,1,1,1,52,8,6700,2,13,ALEXANDER DENNIS MODEL MISSING,2,E01008254,0,-1
2021201087112,2021,201087112,1,11,0,4,4,7,3,0,0,0,0,0,0,0,3,1,1,1,1,25,5,6700,2,5,ALEXANDER DENNIS MODEL MISSING,1,E01010054,0,-1
2021010337620,2021,010337620,1,11,0,12,12,7,3,2,2,0,0,0,0,0,3,1,6,6,1,42,7,4500,2,12,ALEXANDER DENNIS MODEL MISSING,2,E01001931,0,-1
2021010288921,2021,010288921,2,11,0,18,19,5,1,0,0,0,0,0,0,0,1,1,1,1,1,58,9,4500,2,4,ALEXANDER DENNIS MODEL MISSING,1,E01000643,0,-1
2021010319909,2021,010319909,2,11,0,4,4,1,5,0,0,3,0,0,0,0,1,1,1,1,1,52,8,4500,2,7,ALEXANDER DENNIS MODEL MISSING,6,E01033742,0,-1
2021131036320,2021,131036320,1,11,0,5,5,8,4,0,0,0,0,0,0,0,0,1,6,6,3,30,6,6696,2,6,ALEXANDER DENNIS MODEL MISSING,-1,-1,0,-1
2021010337400,2021,010337400,1,11,0,13,13,5,1,0,0,1,0,0,0,0,4,1,1,1,1,54,8,4500,2,7,ALEXANDER DENNIS MODEL MISSING,6,E01001573,0,-1
2021010294379,2021,010294379,1,11,0,4,4,5,1,2,2,1,0,0,0,0,0,1,1,1,2,32,6,6700,2,12,ALEXANDER DENNIS MODEL MISSING,3,E01004533,0,-1
2021201023369,2021,201023369,1,11,0,18,19,1,5,0,0,8,0,0,0,0,1,1,1,1,1,39,7,6700,2,14,ALEXANDER DENNIS MODEL MISSING,1,E01009321,0,-1
2021010294271,2021,010294271,1,11,0,4,4,5,1,0,0,0,0,0,0,0,0,1,1,1,2,55,8,6700,2,9,ALEXANDER DENNIS MODEL MISSING,2,E01001878,0,-1
2021543007921,2021,543007921,2,11,0,18,19,2,6,0,0,1,0,0,0,0,3,1,1,1,1,59,9,3900,2,15,ALEXANDER DENNIS MODEL MISSING,7,E01015567,0,-1
2021010301548,2021,010301548,1,11,0,4,4,1,5,0,0,1,0,0,0,0,3,1,1,1,1,69,10,6700,2,11,ALEXANDER DENNIS MODEL MISSING,7,E01015964,0,-1
2021010332341,2021,010332341,1,11,0,18,19,3,7,0,0,1,0,0,0,0,0,1,1,1,1,48,8,6700,2,9,ALEXANDER DENNIS MODEL MISSING,1,E01001857,0,-1
2021010344916,2021,010344916,2,11,0,3,3,3,7,0,0,1,0,0,0,0,1,1,1,1,1,65,9,4500,2,9,ALEXANDER DENNIS MODEL MISSING,4,E01003919,0,-1
2021010344256,2021,010344256,1,11,0,99,99,9,9,99,99,9,9,99,9,99,2,9,6,6,3,-1,-1,6700,2,10,ALEXANDER DENNIS MODEL MISSING,5,E01015975,0,-1
2021010305050,2021,010305050,2,11,0,9,9,3,1,0,0,5,0,0,0,0,3,1,1,1,1,18,4,4500,2,12,ALEXANDER DENNIS MODEL MISSING,3,E01001116,0,-1
2021010329531,2021,010329531,1,11,0,18,19,1,5,0,0,2,0,0,0,0,0,1,1,1,1,41,7,4500,2,5,ALEXANDER DENNIS MODEL MISSING,3,E01001661,0,-1
2021201078930,2021,201078930,2,11,0,2,2,0,0,0,0,1,0,0,0,0,0,1,6,6,2,-1,-1,6700,2,13,ALEXANDER DENNIS MODEL MISSING,-1,-1,0,-1
2021440389026,2021,440389026,1,11,0,18,19,1,5,0,0,8,0,0,0,0,4,1,1,1,1,57,9,6700,2,5,ALEXANDER DENNIS MODEL MISSING,6,E01022668,0,-1
2021010341716,2021,010341716,3,11,0,2,2,0,0,0,0,2,0,0,0,0,0,1,6,6,3,-1,-1,6700,2,9,ALEXANDER DENNIS MODEL MISSING,-1,-1,0,-1
2021010330416,2021,010330416,2,11,0,7,7,2,5,0,0,8,0,0,0,0,0,1,1,1,1,50,8,4500,2,11,ALEXANDER DENNIS MODEL MISSING,3,E01001669,0,-1
202131D076421,2021,31D076421,2,11,0,18,19,2,6,0,0,1,0,0,0,0,0,1,1,1,2,39,7,6700,2,3,ALEXANDER DENNIS MODEL MISSING,8,E01033412,0,-1
2021010321970,2021,010321970,1,11,0,18,19,1,5,0,0,1,0,0,0,0,0,1,6,6,2,36,7,4500,2,3,ALEXANDER DENNIS MODEL MISSING,5,E01000194,0,-1
2021461070374,2021,461070374,1,11,0,18,19,5,1,0,0,0,0,0,0,0,4,1,1,1,1,48,8,4461,2,8,ALEXANDER DENNIS MODEL MISSING,5,E01024492,0,-1
2021010305796,2021,010305796,1,11,0,18,19,3,7,0,0,2,0,0,0,0,0,1,1,1,1,38,7,4500,2,4,ALEXANDER DENNIS MODEL MISSING,-1,-1,0,-1
2021010335377,2021,010335377,1,11,0,18,19,1,5,0,0,1,0,0,0,0,0,1,1,1,1,36,7,6696,2,8,ALEXANDER DENNIS MODEL MISSING,1,E01004272,0,-1
2021991099825,2021,991099825,1,11,0,7,7,5,7,0,0,8,0,0,0,0,1,1,1,1,1,45,7,6700,2,12,ALEXANDER DENNIS MODEL MISSING,8,-1,0,-1
2021010287443,2021,010287443,1,11,0,5,5,1,5,0,0,0,0,0,0,0,0,1,6,6,1,39,7,4500,2,11,ALEXANDER DENNIS MODEL MISSING,2,E01001339,0,-1
2021010334104,2021,010334104,1,11,0,5,5,3,7,0,0,0,0,0,0,0,0,1,1,1,1,54,8,4500,2,5,ALEXANDER DENNIS MODEL MISSING,4,E01001260,0,-1
2021010350193,2021,010350193,2,11,0,18,19,7,3,0,0,8,0,0,0,0,4,1,1,1,1,62,9,6700,2,10,ALEXANDER DENNIS MODEL MISSING,4,E01016129,0,-1
2021522104745,2021,522104745,1,11,0,18,19,5,1,0,0,0,0,0,0,0,1,1,6,6,1,62,9,6700,2,6,ALEXANDER DENNIS MODEL MISSING,2,E01014629,0,-1
2021010337654,2021,010337654,2,11,0,4,4,3,7,0,0,0,0,0,0,0,2,1,1,1,1,47,8,4500,2,5,ALEXANDER DENNIS MODEL MISSING,5,E01001632,0,-1
2021101101358,2021,101101358,2,11,0,-1,-1,-1,-1,-1,-1,0,-1,-1,-1,0,-1,1,1,1,1,40,7,4500,2,10,ALEXANDER DENNIS MODEL MISSING,-1,-1,0,-1
2021010336293,2021,010336293,1,11,0,9,9,5,4,0,0,1,0,0,0,0,4,1,1,1,1,64,9,4500,2,6,ALEXANDER DENNIS MODEL MISSING,3,E01001186,0,-1
2021010289118,2021,010289118,1,11,0,18,19,5,1,0,0,8,0,0,0,0,4,1,1,1,1,46,8,4500,2,6,ALEXANDER DENNIS MODEL MISSING,9,E01001018,0,-1
2021010312821,2021,010312821,1,11,0,4,4,2,6,2,2,2,0,0,0,0,4,1,1,1,1,66,10,6700,2,1,ALEXANDER DENNIS MODEL MISSING,2,E01003514,0,-1
2021471040663,2021,471040663,2,11,0,18,19,5,1,0,0,2,0,0,0,0,4,1,1,1,1,53,8,4500,2,14,ALEXANDER DENNIS MODEL MISSING,5,E01031583,0,-1
2021440409428,2021,440409428,1,11,0,18,19,3,7,0,0,0,0,0,0,0,4,1,1,1,1,-1,-1,8268,2,15,ALEXANDER DENNIS MODEL MISSING,-1,-1,0,-1
2021010329002,2021,010329002,2,11,0,5,5,3,7,0,0,1,0,0,0,0,1,1,1,1,1,52,8,6700,2,9,ALEXANDER DENNIS MODEL MISSING,2,E01003497,0,-1
2021461088769,2021,461088769,1,11,0,13,13,7,3,0,0,0,0,0,0,0,4,1,1,1,1,68,10,4500,2,12,ALEXANDER DENNIS MODEL MISSING,5,E01016116,0,-1
2021010338488,2021,010338488,1,11,0,18,19,5,1,2,2,1,0,0,0,0,1,1,1,1,1,50,8,4500,2,5,ALEXANDER DENNIS MODEL MISSING,5,E01004050,0,-1
2021170M21621,2021,170M21621,1,11,0,7,7,6,8,0,0,8,0,0,0,0,1,1,1,1,1,61,9,6696,2,7,ALEXANDER DENNIS MODEL MISSING,1,E01012273,0,-1
2021010348823,2021,010348823,1,11,0,4,4,7,3,0,0,1,0,0,0,0,1,1,1,1,1,56,9,4500,2,4,ALEXANDER DENNIS MODEL MISSING,3,E01001360,0,-1
2021351057108,2021,351057108,1,11,0,13,13,3,7,0,0,2,0,0,0,0,1,1,1,1,1,62,9,6700,2,10,ALEXANDER DENNIS MODEL MISSING,9,E01033173,0,-1
202131C117021,2021,31C117021,1,11,0,4,4,4,8,0,0,0,0,0,0,0,0,1,1,1,1,33,6,6700,2,3,ALEXANDER DENNIS MODEL MISSING,2,E01013966,0,-1
2021542974621,2021,542974621,2,11,0,18,19,5,3,0,0,1,0,0,0,0,4,1,1,1,1,49,8,6696,2,5,ALEXANDER DENNIS MODEL MISSING,10,E01031969,0,-1
2021010345409,2021,010345409,1,11,0,18,19,1,5,0,0,0,0,0,0,0,0,1,1,1,1,57,9,4500,2,3,ALEXANDER DENNIS MODEL MISSING,3,E01001238,0,-1
2021101026217,2021,101026217,1,11,0,18,19,5,1,0,0,0,0,0,0,0,4,1,1,1,1,34,6,6700,2,5,ALEXANDER DENNIS MODEL MISSING,7,E01008342,0,-1
2021991030159,2021,991030159,1,11,0,5,5,7,3,0,0,1,0,0,0,0,1,1,1,1,1,36,7,6700,2,3,ALEXANDER DENNIS MODEL MISSING,5,-1,0,-1
2021010349105,2021,010349105,1,11,0,5,5,6,2,0,0,0,0,0,0,0,0,1,1,1,1,53,8,6700,2,9,ALEXANDER DENNIS MODEL MISSING,5,E01000519,0,-1
2021010339429,2021,010339429,2,11,0,3,3,3,7,0,0,0,0,0,0,0,2,1,1,1,1,40,7,4500,2,13,ALEXANDER DENNIS MODEL MISSING,-1,-1,0,-1
2021141083712,2021,141083712,1,11,0,4,4,3,7,0,0,0,0,0,0,0,0,1,1,1,1,47,8,4461,2,8,ALEXANDER DENNIS MODEL MISSING,1,E01007875,0,-1
2021010330462,2021,010330462,2,11,0,99,99,9,9,99,99,0,9,99,9,99,1,9,6,6,3,-1,-1,4500,2,11,ALEXANDER DENNIS MODEL MISSING,-1,-1,0,-1
2021010320349,2021,010320349,2,11,0,4,4,7,3,2,2,1,0,0,0,0,0,1,1,1,1,33,6,4500,2,9,ALEXANDER DENNIS MODEL MISSING,7,E01000288,0,-1
2021302100282,2021,302100282,1,11,0,4,4,2,6,0,0,0,0,0,0,0,0,1,1,1,1,28,6,6700,2,1,ALEXANDER DENNIS MODEL MISSING,-1,-1,0,-1
2021461131361,2021,461131361,2,11,0,16,19,7,3,2,2,0,0,0,0,0,1,1,6,6,1,-1,-1,4500,2,4,ALEXANDER DENNIS MODEL MISSING,-1,-1,0,-1
2021552100222,2021,552100222,2,11,0,18,19,2,6,2,2,8,0,0,0,0,1,1,1,1,1,23,5,6700,2,3,ALEXANDER DENNIS MODEL MISSING,7,E01031872,0,-1
2021010294370,2021,010294370,2,11,0,99,99,9,9,99,99,0,9,99,9,99,3,9,6,6,3,-1,-1,4500,2,4,ALEXANDER DENNIS MODEL MISSING,-1,-1,0,-1
2021991030159,2021,991030159,2,11,0,3,3,7,3,0,0,1,0,0,0,0,2,1,1,1,1,48,8,6700,2,10,ALEXANDER DENNIS MODEL MISSING,1,-1,0,-1
2021010305814,2021,010305814,1,11,0,4,4,1,5,0,0,1,0,0,0,0,0,1,1,1,1,57,9,4500,2,2,ALEXANDER DENNIS MODEL MISSING,3,E01000545,0,-1
2021010310693,2021,010310693,1,11,0,5,5,3,7,0,0,0,0,0,0,0,0,1,1,1,1,58,9,6700,2,11,ALEXANDER DENNIS MODEL MISSING,4,E01003685,0,-1
2021471073131,2021,471073131,2,11,0,17,19,8,4,0,0,0,0,0,0,0,3,1,1,1,1,32,6,3900,2,15,ALEXANDER DENNIS MODEL MISSING,5,E01021011,0,-1
2021201027600,2021,201027600,1,11,0,14,14,6,2,0,0,0,0,0,0,0,1,1,1,1,1,38,7,6696,2,7,ALEXANDER DENNIS MODEL MISSING,3,E01009140,0,-1
2021440480005,2021,440480005,1,11,0,18,19,7,3,0,0,8,0,0,0,0,1,1,1,1,1,59,9,6696,2,8,ALEXANDER DENNIS MODEL MISSING,10,E01022572,0,-1
2021010334698,2021,010334698,1,11,0,5,5,8,4,0,0,1,0,0,0,0,0,1,1,1,1,62,9,4500,2,6,ALEXANDER DENNIS MODEL MISSING,2,E01024170,0,-1
202131B113821,2021,31B113821,1,11,0,4,4,3,7,0,0,0,0,0,0,0,0,1,1,1,1,62,9,4500,2,9,ALEXANDER DENNIS MODEL MISSING,2,E01028281,0,-1
2021010317046,2021,010317046,1,11,0,3,3,5,1,0,0,0,0,0,0,0,2,1,1,1,1,42,7,4500,2,1,ALEXANDER DENNIS MODEL MISSING,2,E01032569,0,-1
2021401091603,2021,401091603,2,11,0,18,19,1,5,0,0,8,0,0,0,0,4,1,1,1,1,48,8,6700,2,10,ALEXANDER DENNIS MODEL MISSING,10,E01017483,0,-1
2021010319909,2021,010319909,1,11,0,4,4,5,1,0,0,3,0,0,0,0,2,1,1,1,1,49,8,4500,2,7,ALEXANDER DENNIS MODEL MISSING,3,E01001649,0,-1
2021201081096,2021,201081096,2,11,0,18,19,1,5,0,0,8,0,0,0,0,4,1,1,1,1,38,7,6700,2,1,ALEXANDER DENNIS MODEL MISSING,9,E01009694,0,-1
2021010307420,2021,010307420,1,11,0,5,5,5,1,0,0,0,0,0,0,0,0,1,1,1,1,61,9,4461,2,8,ALEXANDER DENNIS MODEL MISSING,3,E01001229,0,-1
2021070709822,2021,070709822,1,11,0,18,19,7,3,0,0,0,0,0,0,0,4,1,1,1,1,55,8,6696,2,7,ALEXANDER DENNIS MODEL MISSING,4,W01000238,0,-1
2021440059501,2021,440059501,2,11,0,18,19,1,5,0,0,0,0,0,0,0,1,1,1,1,1,37,7,6696,2,5,ALEXANDER DENNIS MODEL MISSING,2,E01017345,0,-1
2021991073349,2021,991073349,2,11,0,17,19,7,4,0,0,0,0,0,0,0,3,1,1,1,1,72,10,6700,2,2,ALEXANDER DENNIS MODEL MISSING,2,-1,0,-1
2021010292745,2021,010292745,2,11,9,99,99,9,9,99,99,9,9,99,9,99,9,1,1,1,2,56,9,6700,2,2,ALEXANDER DENNIS MODEL MISSING,2,E01001621,0,-1
2021010352999,2021,010352999,3,11,0,99,99,9,9,99,99,7,9,99,9,99,0,9,6,6,3,-1,-1,4500,2,6,ALEXANDER DENNIS MODEL MISSING,-1,-1,0,-1
2021010298457,2021,010298457,1,11,0,5,5,3,7,0,0,8,0,0,0,0,0,1,1,1,1,60,9,4500,2,4,ALEXANDER DENNIS MODEL MISSING,6,E01002618,0,-1
2021501027311,2021,501027311,1,11,0,9,9,3,1,0,0,1,1,0,0,0,1,1,1,1,1,55,8,6700,2,5,ALEXANDER DENNIS MODEL MISSING,4,E01015258,0,-1
2021010333514,2021,010333514,1,11,9,99,99,9,9,99,99,9,9,99,9,99,4,9,6,6,3,37,7,6700,2,4,ALEXANDER DENNIS MODEL MISSING,5,E01021810,0,-1
2021010289629,2021,010289629,1,11,0,18,19,3,7,0,0,0,0,0,0,0,3,1,1,1,1,63,9,6700,2,9,ALEXANDER DENNIS MODEL MISSING,4,E01002549,0,-1
2021471046159,2021,471046159,1,11,0,4,4,8,4,0,0,0,0,0,0,0,0,1,1,1,1,41,7,3900,2,15,ALEXANDER DENNIS MODEL MISSING,2,E01020990,0,-1
2021010338854,2021,010338854,2,11,0,18,19,7,3,0,0,2,0,0,0,0,1,1,1,1,2,42,7,6700,2,10,ALEXANDER DENNIS MODEL MISSING,3,E01003524,0,-1
202131C050521,2021,31C050521,1,11,0,9,9,8,5,0,0,6,0,0,0,0,0,1,1,1,1,47,8,6696,2,8,ALEXANDER DENNIS MODEL MISSING,3,E01028192,0,-1
202131D095821,2021,31D095821,1,11,0,5,5,5,1,0,0,2,0,0,0,0,0,1,1,1,1,60,9,6700,2,2,ALEXANDER DENNIS MODEL MISSING,7,E01019513,0,-1
2021991111170,2021,991111170,2,11,0,9,9,1,5,0,0,8,0,0,4,0,3,1,5,6,1,60,9,6700,2,3,ALEXANDER DENNIS MODEL MISSING,1,-1,0,-1
2021201074964,2021,201074964,1,11,0,18,19,3,7,0,0,0,0,0,0,0,1,1,1,1,1,64,9,6700,2,5,ALEXANDER DENNIS MODEL MISSING,2,E01009391,0,-1
2021440139013,2021,440139013,2,11,0,18,19,7,3,0,0,8,0,0,0,0,1,1,1,1,1,72,10,6696,2,8,ALEXANDER DENNIS MODEL MISSING,3,E01017091,0,-1
2021461016126,2021,461016126,1,11,0,9,9,3,1,0,0,8,1,0,0,0,1,1,1,1,1,63,9,6700,2,12,ALEXANDER DENNIS MODEL MISSING,2,E01033726,0,-1
2021010306849,2021,010306849,1,11,0,4,4,6,2,2,2,1,0,0,0,0,0,1,1,1,1,51,8,6700,2,10,ALEXANDER DENNIS MODEL MISSING,4,E01003743,0,-1
2021141108399,2021,141108399,1,11,0,18,19,4,8,0,0,1,0,0,0,0,0,1,1,1,2,65,9,4500,2,10,ALEXANDER DENNIS MODEL MISSING,2,E01033279,0,-1
202131D014521,2021,31D014521,1,11,0,4,4,3,7,0,0,0,0,0,0,0,0,1,1,1,1,56,9,6700,2,4,ALEXANDER DENNIS MODEL MISSING,2,E01013832,0,-1
2021501136546,2021,501136546,1,11,0,18,19,6,2,0,0,0,0,0,0,0,1,1,1,1,1,57,9,4500,2,10,ALEXANDER DENNIS MODEL MISSING,9,E01019993,0,-1
2021010287737,2021,010287737,1,11,0,5,5,3,7,2,2,2,0,0,0,0,0,1,1,1,1,39,7,4500,2,3,ALEXANDER DENNIS MODEL MISSING,-1,-1,0,-1
2021041050832,2021,041050832,1,11,0,4,4,5,1,7,6,0,0,0,0,0,4,1,6,6,3,-1,-1,6700,2,4,ALEXANDER DENNIS MODEL MISSING,-1,-1,0,-1
2021010298555,2021,010298555,2,11,0,4,4,7,3,0,0,1,0,0,0,0,2,1,1,1,1,55,8,4500,2,4,ALEXANDER DENNIS MODEL MISSING,8,E01002949,0,-1
2021010295943,2021,010295943,2,11,0,9,9,5,4,0,0,2,0,0,0,0,3,9,1,1,3,-1,-1,6700,2,10,ALEXANDER DENNIS MODEL MISSING,-1,-1,0,-1
2021010301529,2021,010301529,1,11,0,18,19,7,3,0,0,8,0,0,0,0,0,1,1,1,1,25,5,6700,2,1,ALEXANDER DENNIS MODEL MISSING,2,E01004271,0,-1
2021010293532,2021,010293532,2,11,0,7,7,5,7,0,0,2,0,4,0,0,4,1,1,1,1,52,8,6700,2,10,ALEXANDER DENNIS MODEL MISSING,8,E01002340,0,-1
2021010305550,2021,010305550,1,11,0,18,19,1,5,0,0,8,0,0,0,0,4,1,1,1,1,53,8,4500,2,9,ALEXANDER DENNIS MODEL MISSING,7,E01002420,0,-1
2021010339710,2021,010339710,2,11,0,99,99,9,9,99,99,9,9,99,9,99,2,9,6,6,3,-1,-1,4500,2,1,ALEXANDER DENNIS MODEL MISSING,-1,-1,0,-1
2021161132991,2021,161132991,1,11,0,5,5,7,3,0,0,0,0,0,0,0,0,1,1,1,1,59,9,4500,2,10,ALEXANDER DENNIS MODEL MISSING,1,E01012855,0,-1
2021010329601,2021,010329601,1,11,0,18,19,3,7,0,0,1,0,0,0,0,0,1,1,1,1,52,8,4500,2,10,ALEXANDER DENNIS MODEL MISSING,3,E01016555,0,-1