collision_index,collision_year,collision_ref_no,vehicle_reference,vehicle_type,towing_and_articulation,vehicle_manoeuvre_historic,vehicle_manoeuvre,vehicle_direction_from,vehicle_direction_to,vehicle_location_restricted_lane_historic,vehicle_location_restricted_lane,junction_location,skidding_and_overturning,hit_object_in_carriageway,vehicle_leaving_carriageway,hit_object_off_carriageway,first_point_of_impact,vehicle_left_hand_drive,journey_purpose_of_driver_historic,journey_purpose_of_driver,sex_of_driver,age_of_driver,age_band_of_driver,engine_capacity_cc,propulsion_code,age_of_vehicle,generic_make_model,driver_imd_decile,lsoa_of_driver,escooter_flag,driver_distance_banding
2021131090144,2021,131090144,2,11,0,18,19,5,1,0,0,1,0,0,0,0,4,1,1,1,1,65,9,4461,2,5,ALEXANDER DENNIS MODEL MISSING,1,E01010733,0,-1
2021451054931,2021,451054931,2,11,0,9,9,7,1,0,0,8,0,0,0,0,4,1,1,1,1,54,8,4500,2,3,ALEXANDER DENNIS MODEL MISSING,5,E01002556,0,-1
2021471074618,2021,471074618,2,11,0,18,19,1,5,0,0,8,0,0,0,0,1,1,1,1,1,51,8,6700,2,3,ALEXANDER DENNIS MODEL MISSING,2,E01031456,0,-1
2021010344746,2021,010344746,1,11,0,99,99,9,9,99,99,0,9,99,9,99,1,9,1,1,1,55,8,4500,2,5,ALEXANDER DENNIS MODEL MISSING,7,E01000437,0,-1
2021010290189,2021,010290189,1,11,0,18,19,1,5,0,0,0,0,0,0,0,1,1,1,1,1,48,8,4500,2,4,ALEXANDER DENNIS MODEL MISSING,5,E01015926,0,-1
2021010313839,2021,010313839,4,11,0,18,19,1,5,0,0,0,0,0,0,0,3,1,1,1,1,45,7,4500,2,7,ALEXANDER DENNIS MODEL MISSING,5,E01003359,0,-1
2021010347304,2021,010347304,1,11,0,4,4,7,3,0,0,2,0,0,0,0,0,1,1,1,1,27,6,4500,2,10,ALEXANDER DENNIS MODEL MISSING,5,E01000194,0,-1
2021010332848,2021,010332848,1,11,0,18,19,3,7,0,0,0,0,0,0,0,1,1,1,1,1,62,9,6700,2,10,ALEXANDER DENNIS MODEL MISSING,9,E01000363,0,-1
2021010313455,2021,010313455,1,11,0,3,3,5,1,0,0,0,0,0,0,0,1,1,1,1,1,35,6,4500,2,11,ALEXANDER DENNIS MODEL MISSING,4,E01003919,0,-1
2021122101537,2021,122101537,1,11,0,18,19,8,4,0,0,8,1,0,0,0,1,1,1,1,1,63,9,4461,2,8,ALEXANDER DENNIS MODEL MISSING,2,E01027825,0,-1
2021302101843,2021,302101843,1,11,0,5,5,2,6,0,0,8,0,0,0,0,0,1,1,1,1,55,8,6700,2,1,ALEXANDER DENNIS MODEL MISSING,3,E01028111,0,-1
2021010318299,2021,010318299,1,11,0,5,5,0,3,0,0,0,0,0,0,0,0,1,1,1,1,47,8,4500,2,5,ALEXANDER DENNIS MODEL MISSING,2,E01004251,0,-1
2021010319416,2021,010319416,1,11,0,18,19,5,1,0,0,2,0,0,0,0,0,1,6,6,1,37,7,4500,2,12,ALEXANDER DENNIS MODEL MISSING,3,E01003728,0,-1
2021010308049,2021,010308049,1,11,0,18,19,3,7,0,0,4,0,0,0,0,0,1,1,1,1,54,8,4500,2,6,ALEXANDER DENNIS MODEL MISSING,2,E01004537,0,-1
2021991068244,2021,991068244,2,11,0,3,3,7,2,0,0,0,0,0,0,0,1,1,1,1,2,49,8,3900,2,16,ALEXANDER DENNIS MODEL MISSING,6,-1,0,-1
2021010320995,2021,010320995,1,11,0,4,4,3,7,0,0,1,0,0,0,0,0,1,1,1,1,46,8,4461,2,8,ALEXANDER DENNIS MODEL MISSING,8,E01002658,0,-1
2021421031625,2021,421031625,2,11,0,2,2,0,0,0,0,0,0,0,0,0,2,1,1,1,1,46,8,6700,2,11,ALEXANDER DENNIS MODEL MISSING,10,E01021653,0,-1
2021010289298,2021,010289298,1,11,0,4,4,3,7,0,0,1,0,0,0,0,3,1,1,1,1,49,8,4500,2,3,ALEXANDER DENNIS MODEL MISSING,1,E01003065,0,-1
2021010317725,2021,010317725,1,11,0,5,5,7,3,0,0,1,0,0,0,0,1,1,1,1,1,27,6,4500,2,9,ALEXANDER DENNIS MODEL MISSING,5,E01004494,0,-1
2021351121926,2021,351121926,1,11,0,18,19,5,1,0,0,0,0,0,0,0,1,1,1,1,1,59,9,6700,2,11,ALEXANDER DENNIS MODEL MISSING,2,E01015657,0,-1
2021141048526,2021,141048526,1,11,0,9,9,2,8,0,0,2,0,0,0,0,0,1,1,1,1,63,9,6700,2,5,ALEXANDER DENNIS MODEL MISSING,5,E01007331,0,-1
2021440045618,2021,440045618,2,11,0,7,7,3,5,0,0,8,0,0,0,0,3,1,1,1,1,50,8,4500,2,6,ALEXANDER DENNIS MODEL MISSING,1,E01017167,0,-1
2021010335260,2021,010335260,1,11,0,18,19,5,1,0,0,0,0,0,0,0,1,1,1,1,1,60,9,4500,2,10,ALEXANDER DENNIS MODEL MISSING,6,E01000727,0,-1
2021010320936,2021,010320936,1,11,0,17,19,1,5,0,0,3,0,0,0,0,0,1,1,1,2,33,6,4500,2,3,ALEXANDER DENNIS MODEL MISSING,8,E01002575,0,-1
2021010303322,2021,010303322,1,11,0,4,4,1,5,0,0,0,0,0,0,0,0,1,1,1,1,60,9,6700,2,9,ALEXANDER DENNIS MODEL MISSING,4,E01001666,0,-1
2021501062555,2021,501062555,2,11,0,2,2,7,3,0,0,0,0,0,0,0,2,1,1,1,1,31,6,4500,2,14,ALEXANDER DENNIS MODEL MISSING,1,E01015152,0,-1
2021622100733,2021,622100733,2,11,0,2,2,0,0,0,0,2,0,0,0,0,0,1,1,1,1,46,8,4461,2,8,ALEXANDER DENNIS MODEL MISSING,3,W01001804,0,-1
2021010344679,2021,010344679,1,11,0,5,5,5,1,2,2,5,0,0,0,0,2,1,1,1,1,31,6,4500,2,4,ALEXANDER DENNIS MODEL MISSING,3,E01001763,0,-1
2021010320553,2021,010320553,1,11,0,18,19,1,5,0,0,4,0,0,0,0,0,1,1,1,1,43,7,6700,2,12,ALEXANDER DENNIS MODEL MISSING,2,E01003229,0,-1
2021010351460,2021,010351460,2,11,0,10,10,1,7,0,0,1,0,0,0,0,3,1,1,1,1,63,9,4500,2,6,ALEXANDER DENNIS MODEL MISSING,3,E01002550,0,-1
2021361074408,2021,361074408,3,11,0,18,19,2,5,0,0,0,0,0,0,0,3,1,1,1,1,56,9,6700,2,9,ALEXANDER DENNIS MODEL MISSING,5,E01026816,0,-1
2021531038757,2021,531038757,2,11,0,18,19,5,1,0,0,8,0,0,0,0,1,1,1,1,1,58,9,6700,2,10,ALEXANDER DENNIS MODEL MISSING,4,E01022310,0,-1
2021544689021,2021,544689021,2,11,0,18,19,2,6,0,0,3,0,0,0,0,3,1,1,1,1,29,6,6700,2,4,ALEXANDER DENNIS MODEL MISSING,4,E01015578,0,-1
2021010339833,2021,010339833,1,11,0,5,5,0,2,0,0,0,0,0,0,0,1,1,1,1,1,59,9,6700,2,12,ALEXANDER DENNIS MODEL MISSING,4,E01003389,0,-1
2021010352032,2021,010352032,2,11,9,99,99,9,9,99,99,9,9,99,9,99,4,1,6,6,1,-1,-1,6700,2,12,ALEXANDER DENNIS MODEL MISSING,4,E01001406,0,-1
2021101083397,2021,101083397,2,11,0,16,19,3,7,2,2,0,0,0,0,0,3,1,1,1,1,33,6,4500,2,10,ALEXANDER DENNIS MODEL MISSING,3,E01027391,0,-1
2021010344642,2021,010344642,1,11,0,5,5,7,3,0,0,0,0,0,0,0,0,1,1,1,1,59,9,4500,2,11,ALEXANDER DENNIS MODEL MISSING,3,E01002554,0,-1
2021010317669,2021,010317669,1,11,9,99,99,9,9,99,99,1,9,99,9,99,9,1,1,1,1,-1,-1,6700,2,9,ALEXANDER DENNIS MODEL MISSING,2,E01003689,0,-1
2021010347160,2021,010347160,1,11,0,18,19,1,5,0,0,1,0,0,0,0,1,1,1,1,1,59,9,4500,2,11,ALEXANDER DENNIS MODEL MISSING,3,E01000515,0,-1
2021010305930,2021,010305930,2,11,0,18,19,1,5,0,0,8,0,0,0,0,1,1,1,1,1,35,6,6700,2,12,ALEXANDER DENNIS MODEL MISSING,5,E01003359,0,-1
2021010348843,2021,010348843,2,11,0,10,10,5,3,0,0,1,0,0,0,0,3,1,1,1,1,29,6,4500,2,3,ALEXANDER DENNIS MODEL MISSING,4,E01002643,0,-1
2021010303447,2021,010303447,2,11,0,18,19,1,5,2,2,2,0,0,0,0,1,1,1,1,2,55,8,4500,2,6,ALEXANDER DENNIS MODEL MISSING,9,E01030574,0,-1
2021010334322,2021,010334322,1,11,0,4,4,1,5,0,0,5,0,0,0,0,0,1,1,1,1,45,7,6700,2,9,ALEXANDER DENNIS MODEL MISSING,3,E01000610,0,-1
2021010325006,2021,010325006,1,5,0,18,19,7,3,6,6,1,1,0,3,0,3,1,2,2,1,32,6,998,1,13,-1,1,E01004298,0,-1
2021070246875,2021,070246875,1,5,0,7,7,3,5,0,0,1,2,0,0,0,3,1,6,6,1,51,8,998,1,14,-1,8,E01018391,0,-1
2021010307834,2021,010307834,1,5,0,99,99,9,9,99,99,9,9,99,9,99,9,1,6,6,1,32,6,998,1,13,-1,1,E01004674,0,-1
2021471052421,2021,471052421,2,9,0,3,3,1,5,0,0,0,0,0,0,0,2,1,5,6,2,61,9,1968,2,11,AUDI A5,9,E01031751,0,-1
2021070450446,2021,070450446,2,9,0,18,19,5,1,0,0,8,1,0,0,0,4,1,6,6,1,76,11,1395,1,2,AUDI A5,9,W01000212,0,-1
2021010330424,2021,010330424,1,9,0,18,19,7,3,0,0,8,1,0,0,0,3,1,6,6,1,28,6,1984,1,4,AUDI A5,-1,-1,0,-1
2021010320898,2021,010320898,2,9,0,99,99,9,9,99,99,9,9,99,9,99,1,9,6,6,3,-1,-1,2967,2,12,AUDI A5,3,E01029096,0,-1
2021461070983,2021,461070983,2,9,0,18,19,6,2,0,0,0,0,0,0,0,1,1,6,6,1,30,6,1968,2,0,AUDI A5,-1,-1,0,-1
2021010295294,2021,010295294,2,9,0,18,19,5,1,0,0,1,0,0,0,0,1,2,6,6,1,20,4,1984,1,3,AUDI A5,-1,-1,0,-1
2021010351519,2021,010351519,1,9,0,8,8,5,7,9,9,1,0,8,0,0,1,1,6,6,1,39,7,1984,1,3,AUDI A5,4,E01001176,0,-1
2021440432794,2021,440432794,2,9,0,13,13,6,2,0,0,2,0,0,0,0,4,1,2,2,1,21,5,1968,2,11,AUDI A5,4,E01017263,0,-1
2021471109497,2021,471109497,2,9,0,2,2,0,0,0,0,0,0,0,0,0,4,1,6,6,3,-1,-1,1984,1,12,AUDI A5,-1,-1,0,-1
2021421109601,2021,421109601,2,9,0,18,19,3,7,0,0,3,0,0,0,0,1,1,5,6,1,36,7,1968,2,4,AUDI A5,9,E01023665,0,-1
2021061080272,2021,061080272,2,9,0,18,19,2,6,0,0,1,0,0,0,0,1,1,6,6,1,38,7,1968,2,10,AUDI A5,6,E01032928,0,-1
2021520105844,2021,520105844,1,9,0,13,13,7,3,0,0,0,1,0,0,0,1,1,6,6,1,28,6,1968,2,4,AUDI A5,6,E01029070,0,-1
2021421040373,2021,421040373,1,9,0,3,3,7,3,0,0,0,0,0,0,0,1,1,6,6,1,24,5,2967,2,7,AUDI A5,7,E01021264,0,-1
2021111021342,2021,111021342,1,9,0,18,19,6,2,0,0,0,0,0,0,0,1,1,2,2,1,30,6,1968,2,6,AUDI A5,5,E01020650,0,-1
2021141038759,2021,141038759,1,9,0,18,19,5,1,0,0,1,0,0,0,0,1,1,5,6,1,21,5,1968,2,8,AUDI A5,2,E01007796,0,-1
2021010310870,2021,010310870,1,9,0,5,5,3,7,0,0,4,0,0,0,0,1,1,6,6,1,36,7,1968,2,4,AUDI A5,5,E01033741,0,-1
2021061104078,2021,061104078,2,9,0,18,19,5,1,0,0,1,0,0,0,0,1,1,6,6,2,40,7,1968,2,7,AUDI A5,4,E01005850,0,-1
2021010302719,2021,010302719,2,9,0,4,4,1,5,0,0,0,0,0,0,0,2,1,6,6,2,36,7,1968,2,8,AUDI A5,3,E01003525,0,-1
2021101041037,2021,101041037,2,9,0,5,5,1,5,0,0,0,0,0,0,0,1,1,5,6,2,41,7,1968,2,6,AUDI A5,-1,-1,0,-1
2021522200915,2021,522200915,2,9,0,7,7,6,1,0,0,6,0,0,0,0,1,1,6,6,1,30,6,2967,2,13,AUDI A5,8,E01014544,0,-1
2021010298312,2021,010298312,1,9,0,18,19,7,3,0,0,2,0,4,0,0,1,1,6,6,1,23,5,1968,2,8,AUDI A5,4,E01003560,0,-1
2021302100424,2021,302100424,2,9,0,3,3,4,8,0,0,0,1,0,0,0,2,2,6,6,1,50,8,1968,2,8,AUDI A5,10,E01019708,0,-1
20211383A0406,2021,1383A0406,2,9,0,18,19,2,6,0,0,8,0,0,0,0,1,1,6,6,1,26,6,1984,1,2,AUDI A5,3,E01033005,0,-1
2021061101394,2021,061101394,1,9,0,7,7,4,3,0,0,1,0,0,0,0,1,1,5,6,2,30,6,1968,2,8,AUDI A5,2,E01005008,0,-1
2021141024381,2021,141024381,2,9,0,18,19,5,5,0,0,1,0,0,0,0,1,1,6,6,1,-1,-1,1968,2,10,AUDI A5,-1,-1,0,-1
2021461035413,2021,461035413,2,9,0,18,19,7,3,0,0,1,0,0,0,0,3,1,6,6,1,32,6,1968,2,5,AUDI A5,1,E01009259,0,-1
2021361081080,2021,361081080,2,9,0,17,19,3,6,0,0,0,0,0,0,0,1,1,5,6,1,30,6,1968,2,4,AUDI A5,4,E01026725,0,-1
2021201138709,2021,201138709,2,9,0,18,19,8,4,0,0,8,0,0,0,0,1,1,6,6,2,39,7,1984,1,2,AUDI A5,1,E01008998,0,-1
2021401078979,2021,401078979,3,9,0,3,3,3,7,0,0,1,0,0,0,0,2,1,2,2,1,41,7,1984,1,3,AUDI A5,9,E01018178,0,-1
2021010303597,2021,010303597,3,9,0,2,2,0,0,6,6,8,0,0,0,0,2,1,6,6,3,-1,-1,1984,1,11,AUDI A5,-1,-1,0,-1
2021421119837,2021,421119837,3,9,0,11,11,2,6,0,0,0,0,0,0,0,2,1,5,6,1,40,7,2967,2,9,AUDI A5,4,E01022016,0,-1
2021031074778,2021,031074778,2,9,0,5,5,5,3,0,0,1,0,7,0,0,3,1,2,2,2,54,8,2698,2,13,AUDI A5,4,E01019217,0,-1
2021070331111,2021,070331111,1,9,0,5,5,5,1,0,0,1,0,0,0,0,1,1,6,6,2,-1,-1,1984,1,4,AUDI A5,5,E01028946,0,-1
2021411104975,2021,411104975,2,9,0,18,19,5,1,0,0,0,0,0,0,0,2,1,5,6,1,38,7,1968,2,5,AUDI A5,4,E01017581,0,-1
2021010330609,2021,010330609,3,9,9,99,99,9,9,99,99,0,9,99,9,99,9,9,6,6,3,-1,-1,1984,1,12,AUDI A5,-1,-1,0,-1
2021010333100,2021,010333100,2,9,0,2,2,0,0,0,0,0,0,0,0,0,2,1,6,6,3,-1,-1,1984,1,10,AUDI A5,-1,-1,0,-1
2021302101420,2021,302101420,2,9,0,11,11,6,2,0,0,8,0,0,0,0,4,1,6,6,1,43,7,2967,2,10,AUDI A5,5,E01019470,0,-1
2021111085628,2021,111085628,1,9,0,18,19,5,1,0,0,0,0,0,0,0,1,1,6,6,2,47,8,1984,1,1,AUDI A5,8,E01020883,0,-1
2021351128223,2021,351128223,2,9,0,18,19,1,5,0,0,2,0,0,0,0,2,1,6,6,2,46,8,1968,2,8,AUDI A5,10,E01018155,0,-1
2021010295784,2021,010295784,1,9,0,9,9,7,5,0,0,8,0,0,0,0,3,1,6,6,1,37,7,1984,1,11,AUDI A5,7,E01002675,0,-1
2021010321233,2021,010321233,1,9,0,18,19,2,6,0,0,0,0,0,0,0,1,1,6,6,2,37,7,1984,1,2,AUDI A5,4,E01001623,0,-1
2021622100568,2021,622100568,2,9,0,18,19,7,3,0,0,8,0,0,0,0,4,1,6,6,1,33,6,1968,2,11,AUDI A5,4,W01001248,0,-1
2021351101546,2021,351101546,1,9,0,1,1,1,5,0,0,0,0,12,0,0,2,1,6,6,1,-1,-1,1968,2,7,AUDI A5,2,E01033111,0,-1
2021010349515,2021,010349515,2,9,0,18,19,3,7,0,0,1,0,0,0,0,4,1,6,6,3,-1,-1,2894,1,4,AUDI A5,-1,-1,0,-1
2021361017360,2021,361017360,1,9,0,18,19,2,6,0,0,0,0,0,0,0,1,1,5,6,2,44,7,1968,2,6,AUDI A5,3,E01018092,0,-1
2021041117128,2021,041117128,1,9,0,18,19,5,1,0,0,0,0,0,0,0,3,1,5,6,2,25,5,1968,2,6,AUDI A5,5,E01005248,0,-1
2021010317461,2021,010317461,2,9,0,14,14,2,6,0,0,1,0,0,0,0,1,1,6,6,1,60,9,1984,1,7,AUDI A5,7,E01030729,0,-1
202131A045621,2021,31A045621,2,9,0,18,19,8,4,0,0,8,0,0,0,0,3,1,1,1,1,25,5,1968,2,7,AUDI A5,9,E01028200,0,-1
2021201143221,2021,201143221,3,9,0,17,19,6,2,0,0,0,0,0,0,0,1,1,6,6,1,56,9,1968,2,9,AUDI A5,8,E01010245,0,-1
2021010318285,2021,010318285,2,9,0,2,2,0,0,0,0,0,0,0,0,0,2,1,6,6,3,-1,-1,2698,2,10,AUDI A5,-1,-1,0,-1
2021010311802,2021,010311802,1,9,0,99,99,9,9,99,99,9,9,99,9,99,2,9,2,2,1,45,7,1984,1,2,AUDI A5,4,E01001221,0,-1
2021451107450,2021,451107450,1,9,0,18,19,5,1,0,0,1,0,4,0,0,1,1,5,6,1,38,7,2967,2,8,AUDI A5,9,E01030582,0,-1
2021101031054,2021,101031054,2,9,0,2,2,0,0,9,9,0,0,0,0,0,0,1,6,6,3,-1,-1,2967,2,10,AUDI A5,-1,-1,0,-1
2021061098324,2021,061098324,2,9,0,18,19,1,1,0,0,0,0,0,0,0,0,1,6,6,1,33,6,1968,2,7,AUDI A5,-1,-1,0,-1
2021101031452,2021,101031452,1,9,0,5,5,5,3,0,0,1,0,0,0,0,3,1,5,6,1,20,4,1968,2,11,AUDI A5,10,E01008238,0,-1
2021411129056,2021,411129056,1,9,0,18,19,7,3,0,0,0,0,0,0,0,1,1,1,1,1,36,7,1968,2,4,AUDI A5,4,E01021844,0,-1
2021552200098,2021,552200098,1,9,0,18,19,7,3,0,0,0,0,0,0,0,1,1,6,6,3,-1,-1,2967,2,13,AUDI A5,-1,-1,0,-1
2021010301459,2021,010301459,2,9,0,18,19,3,7,0,0,1,0,0,0,0,1,1,6,6,1,20,4,1798,1,13,AUDI A5,4,E01003568,0,-1
2021170S10741,2021,170S10741,3,9,0,18,19,6,2,0,0,0,0,0,0,0,1,1,6,6,2,34,6,1968,2,5,AUDI A5,1,E01012020,0,-1
2021421126365,2021,421126365,3,9,0,18,19,8,4,0,0,0,0,0,0,0,2,1,6,6,3,-1,-1,1984,1,2,AUDI A5,-1,-1,0,-1
2021211114704,2021,211114704,2,9,-1,-1,-1,-1,-1,-1,-1,0,-1,-1,-1,0,-1,1,6,6,1,38,7,2967,2,7,AUDI A5,8,E01029704,0,-1
2021401116078,2021,401116078,1,9,0,18,19,5,1,0,0,0,0,0,0,0,1,1,6,6,1,28,6,1968,2,5,AUDI A5,3,E01015783,0,-1
2021440207025,2021,440207025,1,9,0,10,10,4,2,0,0,1,0,0,0,0,2,1,6,6,1,53,8,2995,1,9,AUDI A5,10,E01022977,0,-1
2021010292125,2021,010292125,2,9,0,99,99,9,9,99,99,9,9,99,9,99,1,9,6,6,3,-1,-1,1984,1,11,AUDI A5,8,E01009736,0,-1
2021061099042,2021,061099042,3,9,0,18,19,7,3,0,0,0,0,0,0,0,2,1,5,6,1,19,4,1968,2,4,AUDI A5,9,E01018473,0,-1
2021430545203,2021,430545203,3,9,0,4,4,8,4,0,0,0,0,0,0,0,2,1,6,6,2,54,8,1968,2,8,AUDI A5,10,E01016291,0,-1
2021010347423,2021,010347423,1,9,0,3,3,1,5,0,0,0,0,0,0,0,2,1,1,1,1,31,6,1395,1,3,AUDI A5,3,E01001673,0,-1
2021161051552,2021,161051552,2,9,0,3,3,2,6,0,0,0,0,0,0,0,2,1,5,6,1,39,7,1984,2,12,AUDI A5,7,E01027911,0,-1
2021061049436,2021,061049436,2,9,0,9,9,2,8,0,0,2,0,0,0,0,4,1,6,6,1,24,5,1968,2,8,AUDI A5,2,E01005146,0,-1
2021211036424,2021,211036424,1,9,0,18,19,3,7,0,0,1,0,0,0,0,1,1,6,6,2,39,7,1968,2,2,AUDI A5,5,E01029829,0,-1
2021221117906,2021,221117906,2,9,0,3,3,7,3,0,0,0,0,0,0,0,2,1,5,6,2,24,5,1968,2,3,AUDI A5,9,E01014170,0,-1
2021061075069,2021,061075069,2,9,0,10,10,6,5,0,0,1,0,0,0,0,1,1,5,6,1,30,6,1968,2,5,AUDI A5,-1,-1,0,-1
2021430503449,2021,430503449,2,9,0,3,3,6,2,0,0,1,0,0,0,0,2,1,6,6,1,27,6,1984,1,7,AUDI A5,9,E01002225,0,-1
2021501133901,2021,501133901,1,9,0,18,19,3,7,0,0,0,0,0,0,0,1,1,6,6,2,37,7,1968,2,10,AUDI A5,2,E01018928,0,-1
2021010307532,2021,010307532,2,9,0,18,19,1,5,0,0,1,0,0,7,11,1,1,1,1,2,22,5,1968,2,8,AUDI A5,2,E01000992,0,-1
2021010291927,2021,010291927,1,9,0,18,19,1,5,99,99,4,9,99,9,99,1,9,2,2,1,25,5,1968,2,1,AUDI A5,4,E01003758,0,-1
2021010332104,2021,010332104,2,9,0,18,19,5,1,0,0,0,0,0,0,0,1,1,6,6,1,49,8,1984,1,6,AUDI A5,2,E01033485,0,-1
2021041089749,2021,041089749,1,9,0,7,7,1,3,0,0,3,0,0,0,0,4,1,5,6,1,57,9,2967,2,4,AUDI A5,10,E01025350,0,-1
2021131065913,2021,131065913,3,9,0,2,2,0,0,0,0,0,0,0,0,0,1,1,6,6,3,-1,-1,2894,1,0,AUDI A5,-1,-1,0,-1
202134WNC0911,2021,34WNC0911,1,9,0,18,19,7,3,0,0,3,0,0,0,0,3,1,6,6,1,21,5,1968,2,6,AUDI A5,10,E01027206,0,-1
202163A022221,2021,63A022221,2,9,0,18,19,5,8,0,0,8,0,0,3,1,4,1,1,1,2,36,7,1968,2,3,AUDI A5,6,W01000559,0,-1
2021010312589,2021,010312589,2,9,0,99,99,9,9,99,99,9,9,99,9,99,1,9,6,6,1,29,6,1984,1,10,AUDI A5,1,E01001772,0,-1
2021111030897,2021,111030897,1,9,0,18,19,3,7,0,0,2,0,0,0,0,1,1,6,6,1,31,6,1968,2,10,AUDI A5,1,E01012038,0,-1
2021010340196,2021,010340196,2,9,0,18,19,5,1,0,0,0,0,0,0,0,1,1,6,6,1,29,6,1984,1,7,AUDI A5,10,E01024139,0,-1
2021461116529,2021,461116529,1,9,0,5,5,1,7,0,0,0,1,11,0,0,1,1,6,6,1,43,7,1984,1,2,AUDI A5,8,E01024763,0,-1
2021430017170,2021,430017170,1,9,0,9,9,6,4,0,0,8,0,0,0,0,4,1,2,2,1,44,7,1968,2,7,AUDI A5,5,E01016494,0,-1
2021451114875,2021,451114875,2,9,0,18,19,6,2,0,0,0,0,0,0,0,1,1,6,6,1,29,6,2894,1,1,AUDI A5,-1,-1,0,-1
2021302100459,2021,302100459,1,9,0,18,19,6,2,0,0,1,0,0,7,4,1,1,6,6,1,19,4,1984,1,12,AUDI A5,6,E01019669,0,-1
2021451117001,2021,451117001,1,9,0,9,9,4,1,0,0,0,0,0,0,0,4,1,5,6,1,19,4,2967,2,13,AUDI A5,7,E01030858,0,-1
2021111045207,2021,111045207,1,9,0,18,19,1,5,0,0,0,0,0,0,0,1,1,6,6,1,28,6,1968,2,11,AUDI A5,3,E01012353,0,-1
2021010312532,2021,010312532,2,9,9,99,99,9,9,99,99,9,9,99,9,99,9,9,6,6,3,19,4,1968,2,4,AUDI A5,5,E01003948,0,-1
2021451024482,2021,451024482,1,9,0,7,7,3,3,0,0,6,0,0,0,0,1,1,1,1,2,47,8,1984,1,7,AUDI A5,10,E01031003,0,-1
2021031064689,2021,031064689,2,9,0,18,19,1,5,0,0,0,0,0,0,0,1,1,5,6,2,20,4,2967,2,14,AUDI A5,-1,-1,0,-1
2021421064429,2021,421064429,2,9,0,18,19,5,1,0,0,0,0,0,0,0,2,1,5,6,1,30,6,1984,1,0,AUDI A5,8,E01015833,0,-1
2021052101690,2021,052101690,1,9,0,18,19,1,5,0,0,8,0,0,0,0,1,1,6,6,1,30,6,1968,2,4,AUDI A5,1,E01007293,0,-1
20211383D0198,2021,1383D0198,1,9,0,18,19,6,2,0,0,0,0,0,0,0,1,1,6,6,1,43,7,1968,2,1,AUDI A5,2,E01012576,0,-1
2021461097770,2021,461097770,1,9,0,18,19,1,5,0,0,0,0,0,0,0,1,1,2,2,1,33,6,1984,2,12,AUDI A5,10,W01000015,0,-1
2021440166223,2021,440166223,2,9,0,18,19,3,7,0,0,8,0,0,0,0,4,1,6,6,1,46,8,1968,2,11,AUDI A5,4,E01022482,0,-1
2021991112815,2021,991112815,1,9,0,16,19,3,6,0,0,1,0,0,0,0,1,1,1,1,1,59,9,1968,2,6,AUDI A5,4,-1,0,-1
2021991073224,2021,991073224,1,9,0,3,3,4,8,0,0,4,0,0,0,0,1,1,5,6,2,29,6,1968,2,4,AUDI A5,8,-1,0,-1
2021421036898,2021,421036898,2,9,0,18,19,3,7,0,0,0,0,0,0,0,3,1,6,6,1,26,6,1984,1,2,AUDI A5,9,E01015982,0,-1
2021552100626,2021,552100626,1,9,0,18,19,6,2,0,0,0,0,0,0,0,1,1,6,6,3,-1,-1,1968,2,10,AUDI A5,-1,-1,0,-1
2021211111543,2021,211111543,2,9,0,18,19,8,4,0,0,8,0,0,0,0,1,1,5,6,1,22,5,2967,2,9,AUDI A5,1,E01014330,0,-1
2021161015087,2021,161015087,1,9,0,18,19,3,7,0,0,0,1,0,0,0,4,1,2,2,1,42,7,1968,2,10,AUDI A5,4,E01011238,0,-1
2021548306921,2021,548306921,1,9,0,16,19,7,1,0,0,0,0,0,8,4,1,1,6,6,1,21,5,1968,2,5,AUDI A5,4,E01031862,0,-1
2021010323912,2021,010323912,2,9,0,5,5,5,1,0,0,0,0,0,0,0,4,1,6,6,1,-1,-1,1984,1,12,AUDI A5,3,E01001175,0,-1
2021052102555,2021,052102555,1,9,0,18,19,5,1,0,0,2,0,0,0,0,1,1,1,1,2,36,7,1968,2,8,AUDI A5,8,E01007170,0,-1
2021031140980,2021,031140980,1,9,0,18,19,7,3,0,0,1,0,0,0,0,1,1,6,6,1,23,5,1984,2,12,AUDI A5,1,E01012657,0,-1
2021991114359,2021,991114359,1,9,0,18,19,1,4,0,0,1,0,0,0,0,1,1,6,6,1,33,6,2967,2,11,AUDI A5,1,-1,0,-1
2021421015921,2021,421015921,2,9,0,18,19,8,4,0,0,0,0,0,1,0,4,1,2,2,1,23,5,3197,1,13,AUDI A5,10,E01021351,0,-1
2021221101648,2021,221101648,2,9,0,4,4,4,8,0,0,0,0,0,0,0,2,1,5,6,1,51,8,2698,2,13,AUDI A5,2,E01008919,0,-1
202134NNC5321,2021,34NNC5321,1,9,0,18,19,5,1,0,0,4,5,9,0,0,1,1,4,7,1,24,5,1968,2,8,AUDI A5,9,E01027003,0,-1
2021471119443,2021,471119443,4,9,0,4,4,8,4,0,0,0,0,0,0,0,2,1,1,1,1,22,5,2698,2,12,AUDI A5,7,E01020961,0,-1