collision_index,collision_year,collision_ref_no,vehicle_reference,vehicle_type,towing_and_articulation,vehicle_manoeuvre_historic,vehicle_manoeuvre,vehicle_direction_from,vehicle_direction_to,vehicle_location_restricted_lane_historic,vehicle_location_restricted_lane,junction_location,skidding_and_overturning,hit_object_in_carriageway,vehicle_leaving_carriageway,hit_object_off_carriageway,first_point_of_impact,vehicle_left_hand_drive,journey_purpose_of_driver_historic,journey_purpose_of_driver,sex_of_driver,age_of_driver,age_band_of_driver,engine_capacity_cc,propulsion_code,age_of_vehicle,generic_make_model,driver_imd_decile,lsoa_of_driver,escooter_flag,driver_distance_banding
2021041087297,2021,041087297,1,9,0,18,19,1,5,0,0,0,0,0,2,11,1,1,6,6,1,24,5,2967,2,9,AUDI A5,7,E01025485,0,-1
2021010321917,2021,010321917,1,9,9,99,99,9,9,99,99,9,9,99,9,99,9,9,6,6,1,31,6,1968,2,10,AUDI A5,4,E01004375,0,-1
2021430391194,2021,430391194,1,9,0,18,19,8,4,0,0,0,0,0,0,0,1,1,6,6,1,32,6,1968,2,5,AUDI A5,-1,-1,0,-1
2021221045259,2021,221045259,1,9,0,18,19,6,2,0,0,1,0,0,0,0,1,1,5,6,1,28,6,1968,2,7,AUDI A5,9,E01032433,0,-1
2021201083207,2021,201083207,2,9,0,18,19,8,4,0,0,0,1,0,0,0,1,1,2,2,1,56,9,2967,2,8,AUDI A5,8,E01031290,0,-1
2021061047149,2021,061047149,1,9,0,4,4,4,6,0,0,0,0,0,0,0,3,1,5,6,1,29,6,1968,2,11,AUDI A5,6,E01006389,0,-1
2021010321045,2021,010321045,1,9,0,18,19,1,5,0,0,1,0,0,0,0,1,1,6,6,1,23,5,1968,2,4,AUDI A5,4,E01003766,0,-1
2021351041568,2021,351041568,1,9,0,18,19,8,4,0,0,0,0,0,0,0,2,1,5,6,1,40,7,1968,2,9,AUDI A5,7,E01007203,0,-1
2021421088577,2021,421088577,2,9,0,18,19,7,3,9,9,0,0,0,1,0,3,1,5,6,1,37,7,1968,2,9,AUDI A5,9,E01021346,0,-1
2021461076290,2021,461076290,1,9,0,18,19,8,4,0,0,1,0,0,0,0,1,1,6,6,1,43,7,1968,2,7,AUDI A5,2,E01016066,0,-1
2021201059147,2021,201059147,1,9,0,5,5,2,6,0,0,6,0,0,0,0,1,1,1,1,1,34,6,1968,2,8,AUDI A5,2,E01009151,0,-1
2021010300996,2021,010300996,1,9,0,10,10,7,5,0,0,5,0,0,0,0,3,1,6,6,2,27,6,1968,2,4,AUDI A5,2,E01032569,0,-1
2021010300600,2021,010300600,2,9,0,99,99,9,9,99,99,9,9,99,9,99,9,9,6,6,3,24,5,2698,2,13,AUDI A5,2,E01004306,0,-1
2021131048002,2021,131048002,2,9,0,18,19,7,3,0,0,1,0,0,0,0,4,1,6,6,1,32,6,1968,2,6,AUDI A5,1,E01011354,0,-1
2021231118324,2021,231118324,1,9,0,13,13,4,8,0,0,0,5,0,1,7,1,1,6,6,1,35,6,1968,2,10,AUDI A5,3,E01009792,0,-1
2021131045588,2021,131045588,1,9,0,3,3,5,1,0,0,0,0,0,0,0,2,1,6,6,2,32,6,1968,2,7,AUDI A5,6,E01011083,0,-1
2021041014647,2021,041014647,2,9,0,18,19,2,7,0,0,1,0,0,0,0,1,1,5,6,1,32,6,1798,1,5,AUDI A5,2,E01025284,0,-1
2021010303544,2021,010303544,2,9,0,99,99,9,9,99,99,9,9,99,9,99,2,9,6,6,3,-1,-1,1984,1,11,AUDI A5,-1,-1,0,-1
2021371076257,2021,371076257,2,9,0,18,19,7,3,0,0,2,0,0,0,0,2,1,6,6,1,30,6,1968,2,8,AUDI A5,5,E01030030,0,-1
2021371148120,2021,371148120,1,9,0,18,19,1,5,0,0,0,0,0,0,0,1,1,5,6,1,28,6,1968,2,10,AUDI A5,5,E01030267,0,-1
2021430579041,2021,430579041,2,9,0,3,3,3,7,0,0,1,0,0,0,0,2,1,6,6,1,44,7,1968,2,8,AUDI A5,-1,-1,0,-1
2021991064990,2021,991064990,1,9,0,4,4,5,8,0,0,1,0,0,0,0,1,1,6,6,1,40,7,4163,1,11,AUDI A5,-1,-1,0,-1
2021548597421,2021,548597421,1,9,0,11,11,3,7,0,0,3,0,0,0,0,1,1,2,2,1,53,8,2698,2,12,AUDI A5,8,E01015550,0,-1
2021411068878,2021,411068878,2,9,0,18,19,6,2,0,0,1,0,0,0,0,1,1,5,6,2,48,8,1984,1,3,AUDI A5,10,E01023454,0,-1
2021421081352,2021,421081352,1,9,0,18,19,2,4,0,0,0,1,0,2,0,1,1,6,6,1,26,6,1984,1,8,AUDI A5,2,E01000100,0,-1
2021131064850,2021,131064850,1,9,0,18,19,7,3,0,0,8,0,0,0,0,3,1,5,6,2,37,7,1968,2,10,AUDI A5,5,E01011749,0,-1
2021061112371,2021,061112371,1,9,0,9,9,1,5,0,0,8,0,0,0,0,1,1,5,6,1,28,6,1984,1,1,AUDI A5,3,E01018326,0,-1
2021320719301,2021,320719301,1,9,0,18,19,6,2,0,0,0,5,0,7,9,1,1,6,6,1,36,7,1968,2,9,AUDI A5,1,E01026092,0,-1
2021320172070,2021,320172070,2,9,0,2,2,0,0,0,0,0,0,0,0,0,2,1,6,6,2,62,9,1968,2,6,AUDI A5,4,E01026379,0,-1
2021010330459,2021,010330459,2,9,0,9,9,5,2,0,0,8,0,0,0,0,1,1,1,1,1,31,6,1968,2,6,AUDI A5,6,E01001270,0,-1
2021371046021,2021,371046021,4,9,0,3,3,3,7,0,0,1,0,0,0,0,2,1,5,6,1,33,6,1984,1,2,AUDI A5,10,E01017406,0,-1
2021131061464,2021,131061464,2,9,0,4,4,7,3,0,0,0,0,0,0,0,2,1,6,6,1,25,5,2967,2,9,AUDI A5,7,E01005857,0,-1
2021451104004,2021,451104004,1,9,0,18,19,3,7,0,0,0,0,0,6,0,1,1,6,6,1,29,6,1968,2,7,AUDI A5,3,E01002623,0,-1
2021430493485,2021,430493485,1,9,0,18,19,2,6,0,0,0,0,0,0,0,1,1,6,6,1,47,8,1968,2,8,AUDI A5,5,E01016787,0,-1
2021451102426,2021,451102426,1,9,0,18,19,5,1,0,0,0,0,0,0,0,4,1,5,6,1,19,4,1395,1,3,AUDI A5,10,E01004084,0,-1
2021010298678,2021,010298678,2,9,0,99,99,9,9,99,99,9,9,99,9,99,9,9,6,6,3,-1,-1,1968,2,10,AUDI A5,8,E01003417,0,-1
20211383Q0809,2021,1383Q0809,2,9,0,18,19,8,4,0,0,0,0,0,0,0,2,1,6,6,2,-1,-1,1968,2,10,AUDI A5,4,E01011157,0,-1
2021141113893,2021,141113893,3,9,0,4,4,3,7,0,0,0,0,0,0,0,2,1,2,2,1,41,7,1968,2,7,AUDI A5,5,E01020687,0,-1
2021161049861,2021,161049861,3,9,0,2,2,0,0,0,0,2,0,0,1,11,1,1,6,6,3,-1,-1,1798,1,5,AUDI A5,-1,-1,0,-1
2021547181121,2021,547181121,3,9,0,4,4,3,7,0,0,1,0,0,0,0,2,1,6,6,1,49,8,1968,2,1,AUDI A5,6,E01029021,0,-1
2021471106734,2021,471106734,2,9,0,18,19,3,7,0,0,2,0,0,0,0,1,1,5,6,1,56,9,1968,2,11,AUDI A5,3,E01021090,0,-1
2021010303699,2021,010303699,1,9,0,4,4,2,6,0,0,0,0,0,0,0,2,1,6,6,2,50,8,1798,1,10,AUDI A5,3,E01004533,0,-1
2021010316821,2021,010316821,2,9,0,9,9,5,3,0,0,1,0,0,0,0,4,1,6,6,1,45,7,1984,1,2,AUDI A5,8,E01004472,0,-1
2021430399314,2021,430399314,1,9,0,18,19,6,2,0,0,1,0,0,0,0,1,1,6,6,1,56,9,1798,1,7,AUDI A5,10,E01028702,0,-1
2021451058573,2021,451058573,2,9,0,6,6,1,3,0,0,0,0,0,0,0,1,1,6,6,2,37,7,1984,1,10,AUDI A5,5,E01030743,0,-1
2021211057397,2021,211057397,2,9,0,9,9,3,8,0,0,8,0,0,0,0,4,1,6,6,1,37,7,1984,1,11,AUDI A5,-1,-1,0,-1
2021361117824,2021,361117824,2,9,0,18,19,5,1,0,0,0,0,0,0,0,2,1,5,6,2,60,9,1984,1,4,AUDI A5,8,E01022091,0,-1
2021061058066,2021,061058066,1,9,0,18,19,5,1,0,0,1,0,0,0,0,3,1,6,6,1,30,6,1968,2,11,AUDI A5,-1,-1,0,-1
2021461059362,2021,461059362,2,9,0,4,4,7,3,0,0,0,0,0,0,0,2,1,5,6,1,30,6,1968,2,8,AUDI A5,10,E01024353,0,-1
2021010290127,2021,010290127,2,9,0,18,19,1,5,0,0,0,0,0,7,0,1,1,6,6,1,22,5,1798,1,13,AUDI A5,4,E01000611,0,-1
2021041189930,2021,041189930,1,9,0,1,1,5,1,0,0,4,0,0,0,0,2,1,6,6,1,62,9,1984,1,13,AUDI A5,9,E01025430,0,-1
2021361078963,2021,361078963,1,9,0,18,19,5,1,0,0,0,0,0,0,0,1,1,6,6,1,30,6,1984,2,12,AUDI A5,3,E01033439,0,-1
2021991109423,2021,991109423,1,9,0,18,19,1,5,0,0,1,0,0,0,0,1,1,5,6,1,43,7,1968,2,4,AUDI A5,2,-1,0,-1
2021991092773,2021,991092773,1,9,0,18,19,7,4,0,0,8,0,0,0,0,1,1,6,6,1,40,7,2967,2,13,AUDI A5,3,-1,0,-1
2021061112371,2021,061112371,2,9,0,18,19,4,8,0,0,1,0,0,0,0,1,1,5,6,1,34,6,1984,1,0,AUDI A5,3,E01006177,0,-1
2021501102047,2021,501102047,2,9,0,17,19,3,7,0,0,0,0,0,0,0,1,1,6,6,1,24,5,2967,2,14,AUDI A5,6,E01020207,0,-1
2021461059149,2021,461059149,1,9,0,17,19,2,1,0,0,0,0,0,3,9,1,1,6,6,3,-1,-1,1984,2,12,AUDI A5,-1,-1,0,-1
2021231025467,2021,231025467,1,9,0,1,1,1,5,0,0,1,0,7,0,0,4,1,5,6,1,22,5,2967,2,8,AUDI A5,-1,-1,0,-1
2021371058005,2021,371058005,1,9,0,7,7,5,7,0,0,2,0,0,0,0,1,1,5,6,1,28,6,1984,1,9,AUDI A5,1,E01030277,0,-1
2021010336549,2021,010336549,3,9,0,18,19,3,7,0,0,0,0,0,0,0,2,1,6,6,1,36,7,3197,1,13,AUDI A5,4,E01030710,0,-1
2021131099791,2021,131099791,2,9,0,-1,-1,-1,-1,-1,-1,0,-1,-1,-1,0,-1,1,5,6,1,31,6,1968,2,11,AUDI A5,7,E01011396,0,-1
2021201057197,2021,201057197,2,9,0,3,3,2,6,0,0,1,0,0,0,0,2,1,6,6,1,41,7,1968,2,7,AUDI A5,5,E01009714,0,-1
2021461068582,2021,461068582,1,9,0,5,5,5,1,0,0,0,0,4,0,0,1,1,6,6,1,21,5,1968,2,11,AUDI A5,1,E01024563,0,-1
2021522102357,2021,522102357,2,9,0,18,19,2,6,0,0,8,0,0,0,0,1,1,6,6,1,35,6,1968,2,8,AUDI A5,9,E01022372,0,-1
2021501090317,2021,501090317,3,9,0,4,4,3,7,0,0,1,0,0,0,0,0,1,6,6,1,40,7,1968,2,11,AUDI A5,5,E01019019,0,-1
2021201023641,2021,201023641,2,9,0,7,7,2,4,0,0,6,0,0,0,0,3,1,6,6,1,27,6,1968,2,9,AUDI A5,5,E01009234,0,-1
2021010337364,2021,010337364,2,9,0,99,99,9,9,99,99,9,9,99,9,99,1,9,6,6,3,-1,-1,1984,1,12,AUDI A5,-1,-1,0,-1
2021622100227,2021,622100227,2,9,0,18,19,8,4,0,0,1,0,0,0,0,1,1,6,6,1,23,5,1968,2,11,AUDI A5,1,W01000742,0,-1
2021201133264,2021,201133264,1,9,0,18,19,-1,-1,0,0,0,0,0,0,0,1,1,6,6,3,-1,-1,1984,1,11,AUDI A5,-1,-1,0,-1
2021440489552,2021,440489552,2,9,0,4,4,1,5,0,0,0,0,0,0,0,1,1,2,2,2,29,6,2967,2,13,AUDI A5,8,E01023232,0,-1
2021451069451,2021,451069451,2,9,0,18,19,3,7,0,0,2,2,0,0,0,1,1,5,6,1,34,6,1968,2,4,AUDI A5,4,E01030824,0,-1
2021440461433,2021,440461433,1,9,0,18,19,2,6,0,0,3,0,0,0,0,2,1,3,7,1,47,8,1968,2,5,AUDI A5,6,E01022677,0,-1
2021522105636,2021,522105636,1,9,0,18,19,1,5,0,0,1,0,0,0,0,4,1,6,6,2,35,6,1984,1,0,AUDI A5,10,E01014903,0,-1
2021411124980,2021,411124980,2,9,0,18,19,1,5,0,0,0,0,0,0,0,2,1,6,6,1,25,5,1968,2,6,AUDI A5,5,E01010431,0,-1
2021010291800,2021,010291800,2,9,0,5,5,5,1,0,0,6,1,0,1,3,4,1,1,1,1,23,5,1968,2,4,AUDI A5,2,E01004436,0,-1
2021201149803,2021,201149803,1,9,0,18,19,8,4,0,0,8,0,10,1,11,1,1,5,6,1,27,6,1984,1,12,AUDI A5,2,E01010525,0,-1
2021461053375,2021,461053375,1,9,0,8,8,-1,-1,5,5,1,0,0,0,0,1,1,2,2,1,21,5,1984,1,3,AUDI A5,2,E01016039,0,-1
2021201128044,2021,201128044,1,9,0,18,19,2,6,0,0,1,0,0,0,0,1,1,6,6,1,29,6,1968,2,9,AUDI A5,1,E01009272,0,-1
2021010312637,2021,010312637,1,9,0,18,19,5,1,0,0,8,0,0,0,0,2,1,6,6,1,40,7,1798,1,10,AUDI A5,4,E01001518,0,-1
2021471070225,2021,471070225,2,9,0,10,10,5,3,0,0,8,0,0,0,0,1,1,5,6,1,65,9,1395,1,3,AUDI A5,10,E01031706,0,-1
2021221017743,2021,221017743,2,9,0,18,19,6,2,0,0,8,0,0,1,1,1,1,5,6,1,38,7,1984,1,3,AUDI A5,5,E01014076,0,-1
2021010321774,2021,010321774,1,9,0,99,99,9,9,99,99,9,9,99,9,99,1,9,6,6,2,50,8,1984,1,0,AUDI A5,4,E01002583,0,-1
2021010310607,2021,010310607,2,8,0,99,99,9,9,99,99,9,9,99,9,99,9,9,6,6,3,-1,-1,-1,-1,-1,AUDI A5,-1,-1,0,-1
2021440225645,2021,440225645,1,9,0,18,19,2,6,0,0,8,0,0,0,0,1,1,6,6,2,37,7,1968,2,5,AUDI A5,8,E01017059,0,-1
2021991121782,2021,991121782,2,9,0,3,3,4,8,0,0,1,0,0,0,0,2,1,6,6,2,33,6,1968,2,6,AUDI A5,4,-1,0,-1
2021010346174,2021,010346174,2,9,0,9,9,7,5,0,0,6,0,0,0,0,1,1,6,6,1,37,7,1984,1,12,AUDI A5,2,E01003288,0,-1
2021461120446,2021,461120446,2,9,0,18,19,7,3,0,0,1,0,0,0,0,3,1,5,6,1,19,4,1984,2,12,AUDI A5,2,E01024517,0,-1
2021101029815,2021,101029815,1,9,0,16,19,3,5,0,0,0,0,0,7,0,1,1,5,6,1,25,5,1968,2,7,AUDI A5,9,E01027521,0,-1
2021991055254,2021,991055254,3,9,0,3,3,7,3,0,0,1,0,0,0,0,1,1,6,6,1,46,8,1968,2,1,AUDI A5,10,-1,0,-1
2021371140830,2021,371140830,2,9,0,9,9,5,2,0,0,1,0,0,0,0,2,1,5,6,1,45,7,2967,2,7,AUDI A5,3,E01030025,0,-1
2021302101190,2021,302101190,1,9,0,4,4,2,4,0,0,1,0,0,0,0,1,1,6,6,1,21,5,1968,2,10,AUDI A5,3,E01013510,0,-1
2021010312378,2021,010312378,1,9,9,99,99,9,9,99,99,9,9,99,9,99,9,9,2,2,1,26,6,1968,2,6,AUDI A5,7,E01004609,0,-1
2021010351732,2021,010351732,2,9,0,7,7,7,8,0,0,6,0,0,0,0,3,1,6,6,1,31,6,1968,2,5,AUDI A5,6,E01000706,0,-1
2021131038222,2021,131038222,1,9,0,18,19,2,6,0,0,0,0,0,0,0,1,1,5,6,1,22,5,1968,2,7,AUDI A5,8,E01013403,0,-1
2021010309729,2021,010309729,1,9,0,99,99,9,9,99,99,9,9,99,9,99,2,9,2,2,1,28,6,1798,1,10,AUDI A5,4,E01021776,0,-1
2021320175590,2021,320175590,2,9,0,18,19,4,8,0,0,1,0,0,0,0,1,1,3,7,2,35,6,1968,2,6,AUDI A5,3,E01026311,0,-1
2021461101134,2021,461101134,1,9,0,18,19,8,4,0,0,0,0,0,0,0,1,1,2,2,3,-1,-1,1968,2,8,AUDI A5,-1,-1,0,-1
2021440491079,2021,440491079,2,9,0,18,19,2,6,0,0,8,0,0,0,0,4,1,6,6,1,25,5,1968,2,3,AUDI A5,7,E01023054,0,-1
2021122100253,2021,122100253,2,9,0,18,19,3,7,0,0,8,0,0,1,1,1,1,6,6,1,31,6,1984,1,12,AUDI A5,5,E01028314,0,-1
2021010334249,2021,010334249,1,9,0,99,99,9,9,99,99,9,9,99,9,99,3,9,6,6,2,23,5,1798,1,12,AUDI A5,3,E01001409,0,-1
2021421058405,2021,421058405,2,9,0,3,3,1,4,0,0,0,0,0,0,0,2,1,5,6,2,34,6,1968,2,4,AUDI A5,8,E01022068,0,-1
2021430583208,2021,430583208,1,9,0,9,9,2,7,0,0,8,0,0,0,0,1,1,6,6,1,36,7,1968,2,0,AUDI A5,-1,-1,0,-1
2021031097822,2021,031097822,2,9,0,8,8,4,7,0,0,1,0,0,0,0,2,1,5,6,1,33,6,1968,2,9,AUDI A5,7,E01019136,0,-1
2021010319622,2021,010319622,1,9,0,18,19,1,5,0,0,0,0,0,0,0,1,1,6,6,2,29,6,1968,2,7,AUDI A5,2,E01008335,0,-1
2021010335239,2021,010335239,1,9,0,99,99,9,9,99,99,9,9,99,9,99,9,9,6,6,1,26,6,2967,2,7,AUDI A5,1,E01002066,0,-1
2021010312328,2021,010312328,1,9,0,18,19,1,5,0,0,1,0,0,0,0,3,1,6,6,2,42,7,1395,1,3,AUDI A5,6,E01002298,0,-1
2021061079134,2021,061079134,2,9,0,18,19,3,7,0,0,1,0,0,0,0,2,1,6,6,2,40,7,1984,1,2,AUDI A5,7,E01004835,0,-1
2021421014160,2021,421014160,4,9,0,3,3,3,7,0,0,0,0,0,0,0,3,1,1,1,1,40,7,1968,2,4,AUDI A5,3,-1,0,-1
2021010324709,2021,010324709,2,9,0,18,19,1,5,0,0,1,0,0,0,0,1,1,6,6,1,29,6,1395,1,2,AUDI A5,9,E01000395,0,-1
2021010310841,2021,010310841,2,9,0,99,99,9,9,99,99,9,9,99,9,99,1,9,6,6,3,-1,-1,1798,1,6,AUDI A5,7,E01004352,0,-1
2021451084894,2021,451084894,1,9,0,7,7,3,5,0,0,0,0,0,0,0,0,1,5,6,1,40,7,1984,1,2,AUDI A5,8,-1,0,-1
2021221025102,2021,221025102,2,9,0,17,19,4,8,0,0,0,0,0,0,0,1,1,5,6,2,35,6,1968,2,6,AUDI A5,2,E01009991,0,-1
2021991050348,2021,991050348,1,9,0,5,5,8,4,0,0,0,0,0,0,0,1,1,6,6,1,24,5,1968,2,11,AUDI A5,6,-1,0,-1
2021471101690,2021,471101690,2,9,0,18,19,4,8,0,0,0,0,0,0,0,2,1,6,6,1,61,9,1984,1,12,AUDI A5,10,E01031737,0,-1
2021211143715,2021,211143715,1,9,0,18,19,6,2,0,0,1,0,0,2,0,1,1,6,6,1,21,5,1968,2,11,AUDI A5,7,E01029369,0,-1
2021131043279,2021,131043279,3,9,0,2,2,0,0,0,0,8,0,0,0,0,2,1,6,6,3,-1,-1,1968,2,6,AUDI A5,-1,-1,0,-1
2021141040669,2021,141040669,2,9,0,18,19,3,7,0,0,0,0,0,0,0,2,1,5,6,1,77,11,1968,2,9,AUDI A5,9,E01013252,0,-1
2021501109576,2021,501109576,2,9,0,18,19,1,5,0,0,1,0,0,0,0,1,1,6,6,1,45,7,1968,2,10,AUDI A5,2,E01015192,0,-1
2021010340323,2021,010340323,1,9,0,99,99,9,9,0,0,9,9,99,9,99,2,9,2,2,1,28,6,1968,2,9,AUDI A5,9,E01030696,0,-1
2021010328119,2021,010328119,2,9,0,15,15,5,1,0,0,1,5,0,0,0,1,1,6,6,1,34,6,1968,2,3,AUDI A5,2,E01003578,0,-1
2021221030608,2021,221030608,1,9,0,9,9,2,7,0,0,5,0,0,0,0,4,1,6,6,2,57,9,1968,2,4,AUDI A5,3,E01014153,0,-1
2021010318632,2021,010318632,1,9,0,99,99,9,9,99,99,9,9,99,9,99,2,9,6,6,1,28,6,1984,1,12,AUDI A5,4,E01032773,0,-1
2021991043317,2021,991043317,1,9,0,16,19,7,3,0,0,0,5,0,2,10,1,1,5,6,1,31,6,1968,2,5,AUDI A5,7,-1,0,-1
2021010300171,2021,010300171,1,9,0,99,99,9,9,99,99,9,9,99,9,99,2,9,6,6,2,29,6,1968,2,6,AUDI A5,6,E01000157,0,-1
2021010306880,2021,010306880,1,9,0,99,99,9,9,99,99,9,9,99,9,99,2,9,6,6,2,54,8,2698,2,13,AUDI A5,5,E01000505,0,-1
2021131034340,2021,131034340,1,9,0,18,19,1,5,0,0,8,0,0,0,0,1,1,5,6,1,20,4,2967,2,13,AUDI A5,4,E01010664,0,-1
2021430246841,2021,430246841,2,9,0,8,8,3,5,0,0,1,0,0,0,0,1,1,6,6,2,27,6,1968,2,9,AUDI A5,4,E01016717,0,-1
2021031101856,2021,031101856,1,9,0,2,2,0,0,0,0,1,0,0,0,0,3,1,5,6,1,38,7,1984,1,2,AUDI A5,5,E01019168,0,-1
2021440364021,2021,440364021,1,9,0,7,7,1,3,0,0,5,0,0,0,0,1,1,2,2,1,-1,-1,1968,2,9,AUDI A5,-1,-1,0,-1
2021010323638,2021,010323638,2,9,9,99,99,9,9,0,0,0,9,99,9,99,9,1,6,6,3,-1,-1,1968,2,5,AUDI A5,-1,-1,0,-1
2021351063211,2021,351063211,1,9,0,18,19,3,7,0,0,4,5,9,3,4,1,1,6,6,1,32,6,1968,2,2,AUDI A5,1,E01015616,0,-1
2021430577837,2021,430577837,2,9,0,3,3,4,7,0,0,0,0,0,0,0,2,1,6,6,1,51,8,2967,2,11,AUDI A5,10,E01017700,0,-1
2021201141645,2021,201141645,2,9,0,18,19,1,5,0,0,8,0,0,0,0,4,1,6,6,1,38,7,1968,2,10,AUDI A5,2,E01009642,0,-1
2021440052762,2021,440052762,3,9,0,2,2,0,0,0,0,8,0,0,0,0,1,1,6,6,3,-1,-1,1968,2,6,AUDI A5,-1,-1,0,-1
2021461113577,2021,461113577,1,9,0,18,19,1,5,0,0,0,0,0,0,0,4,1,5,6,1,46,8,1984,1,2,AUDI A5,3,E01024599,0,-1
2021010294709,2021,010294709,3,9,0,4,4,3,7,0,0,8,0,0,0,0,1,1,6,6,1,45,7,1984,1,11,AUDI A5,6,E01024180,0,-1
202163A027921,2021,63A027921,3,9,0,2,2,0,0,0,0,0,0,0,0,0,1,1,6,6,1,27,6,1968,2,11,AUDI A5,6,W01000666,0,-1
2021221019939,2021,221019939,1,9,0,12,12,6,2,0,0,0,1,0,1,4,1,1,5,6,1,25,5,1984,1,5,AUDI A5,6,E01032129,0,-1
2021010349578,2021,010349578,1,9,0,18,19,7,3,0,0,1,0,0,0,0,1,1,6,6,1,27,6,1798,1,8,AUDI A5,1,E01001145,0,-1
2021041025530,2021,041025530,2,9,0,18,19,3,7,0,0,0,0,0,0,0,1,1,5,6,1,53,8,1968,2,8,AUDI A5,1,E01012657,0,-1
2021461074938,2021,461074938,1,9,0,18,19,4,8,0,0,0,5,0,7,0,1,1,6,6,1,18,4,1984,1,5,AUDI A5,7,E01021094,0,-1
2021010302689,2021,010302689,1,9,0,99,99,9,9,99,99,9,9,99,9,99,1,9,6,6,1,23,5,1968,2,7,AUDI A5,6,E01001342,0,-1
2021010305314,2021,010305314,2,9,0,9,9,5,3,0,0,8,0,0,0,0,3,1,6,6,1,21,5,2698,2,13,AUDI A5,8,E01003845,0,-1
202134WNC5591,2021,34WNC5591,2,9,0,4,4,5,1,0,0,0,0,0,0,0,2,1,6,6,1,57,9,1984,1,2,AUDI A5,10,E01027165,0,-1
2021122101181,2021,122101181,2,9,0,18,19,5,1,0,0,0,1,0,1,7,4,1,6,6,1,29,6,1968,2,10,AUDI A5,6,E01027484,0,-1
2021451028342,2021,451028342,1,9,0,9,9,7,3,0,0,0,0,0,0,0,1,1,5,6,1,68,10,1984,1,10,AUDI A5,10,E01030992,0,-1
2021201128627,2021,201128627,2,9,0,9,9,6,4,0,0,6,0,0,0,0,1,1,2,2,2,26,6,1968,2,1,AUDI A5,9,E01009472,0,-1
2021052100684,2021,052100684,1,9,0,18,19,2,6,0,0,1,0,0,0,0,1,1,6,6,3,-1,-1,1968,2,11,AUDI A5,-1,-1,0,-1
2021061091496,2021,061091496,2,9,0,9,9,1,7,0,0,8,0,0,0,0,3,1,6,6,1,21,5,1968,2,10,AUDI A5,4,E01005499,0,-1
2021451076048,2021,451076048,3,9,0,3,3,1,5,0,0,1,0,0,0,0,1,1,2,2,1,36,7,1968,2,7,AUDI A5,7,E01030583,0,-1
2021041081894,2021,041081894,1,9,0,18,19,2,6,0,0,2,0,0,0,0,-1,1,6,6,1,36,7,2967,2,13,AUDI A5,-1,-1,0,-1
202154C499621,2021,54C499621,1,9,0,5,5,8,4,0,0,8,0,0,0,0,1,1,6,6,1,28,6,1968,2,8,AUDI A5,4,E01015480,0,-1
2021010336074,2021,010336074,1,9,0,99,99,9,9,0,0,8,0,0,0,0,1,9,6,6,3,-1,-1,1968,2,6,AUDI A5,-1,-1,0,-1
2021201048653,2021,201048653,1,9,0,18,19,4,8,0,0,2,1,0,0,0,1,1,2,2,1,25,5,1984,1,11,AUDI A5,1,E01008909,0,-1
2021201085319,2021,201085319,1,9,0,18,19,5,1,0,0,8,0,0,0,0,4,1,6,6,1,-1,-1,2967,2,12,AUDI A5,1,E01009222,0,-1
2021161101601,2021,161101601,1,3,0,9,9,1,7,0,0,5,0,0,0,0,1,1,2,2,1,18,4,124,1,0,-1,6,E01013234,0,-1
2021622100606,2021,622100606,2,4,0,18,19,4,8,0,0,1,0,0,0,0,1,1,6,6,1,54,8,431,1,5,-1,2,W01001371,0,-1
2021471079452,2021,471079452,2,5,0,3,3,4,8,0,0,0,0,0,0,0,3,1,6,6,1,37,7,895,1,1,-1,1,E01016895,0,-1
2021010318100,2021,010318100,1,5,0,13,13,7,3,0,0,0,0,0,0,0,4,1,2,2,1,62,9,895,1,1,-1,7,E01000387,0,-1
2021010316695,2021,010316695,2,5,0,18,19,1,5,0,0,1,0,0,0,0,1,1,6,6,2,60,9,895,1,1,-1,10,E01000794,0,-1
2021010298085,2021,010298085,1,5,0,15,15,1,5,0,0,0,0,0,3,0,0,1,6,6,1,48,8,894,1,1,-1,-1,-1,0,-1
2021361096477,2021,361096477,2,5,0,18,19,5,1,0,0,1,0,0,0,0,1,1,5,6,1,46,8,895,1,0,-1,5,E01026774,0,-1
2021122101029,2021,122101029,2,5,0,16,19,5,1,0,0,0,1,0,7,9,3,1,6,6,1,59,9,895,1,0,-1,7,E01027673,0,-1
2021161059176,2021,161059176,1,5,0,18,19,3,7,0,0,0,0,0,0,0,0,1,6,6,1,60,9,1125,1,12,-1,7,E01013321,0,-1
2021041051606,2021,041051606,1,90,0,18,19,7,3,0,0,0,0,0,1,0,0,1,1,1,1,36,7,427,1,2,-1,7,E01025014,0,-1
2021622100393,2021,622100393,1,90,0,18,19,4,8,0,0,1,0,0,0,0,1,1,6,6,1,35,6,495,1,0,-1,5,W01001038,0,-1
2021471018637,2021,471018637,1,9,0,18,19,7,3,0,0,0,0,0,0,0,4,1,1,1,1,76,11,4196,1,16,-1,8,E01031840,0,-1
2021430139843,2021,430139843,2,3,0,3,3,8,4,0,0,8,0,0,0,0,2,1,6,6,1,27,6,125,1,1,-1,5,E01017908,0,-1
2021421030520,2021,421030520,1,5,0,5,5,1,5,9,9,2,2,0,0,0,1,1,6,6,1,27,6,599,1,17,-1,3,E01015882,0,-1