collision_index,collision_year,collision_ref_no,vehicle_reference,vehicle_type,towing_and_articulation,vehicle_manoeuvre_historic,vehicle_manoeuvre,vehicle_direction_from,vehicle_direction_to,vehicle_location_restricted_lane_historic,vehicle_location_restricted_lane,junction_location,skidding_and_overturning,hit_object_in_carriageway,vehicle_leaving_carriageway,hit_object_off_carriageway,first_point_of_impact,vehicle_left_hand_drive,journey_purpose_of_driver_historic,journey_purpose_of_driver,sex_of_driver,age_of_driver,age_band_of_driver,engine_capacity_cc,propulsion_code,age_of_vehicle,generic_make_model,driver_imd_decile,lsoa_of_driver,escooter_flag,driver_distance_banding
2021010316335,2021,010316335,2,5,0,16,19,8,2,0,0,2,1,0,0,0,1,1,1,1,1,35,6,599,1,16,-1,4,E01004395,0,-1
2021461075221,2021,461075221,2,5,0,10,10,3,7,0,0,0,0,0,0,0,0,1,5,6,1,48,8,1137,1,23,-1,10,E01024337,0,-1
2021231101524,2021,231101524,1,3,0,18,19,8,4,0,0,0,0,0,0,0,1,1,5,6,1,32,6,124,1,16,HONDA CG125,5,E01031016,0,-1
2021010287546,2021,010287546,1,3,0,5,5,8,4,0,0,1,0,0,0,0,1,1,2,2,1,54,8,124,1,13,HONDA CG125,4,E01000235,0,-1
2021471107661,2021,471107661,2,3,0,18,19,6,2,0,0,1,0,0,0,0,1,1,6,6,1,17,4,124,1,13,HONDA CG125,7,E01021222,0,-1
2021131035302,2021,131035302,1,3,0,9,9,6,2,0,0,4,0,0,0,0,1,1,2,2,1,65,9,124,1,13,HONDA CG125,2,E01011010,0,-1
2021461092530,2021,461092530,1,3,0,13,13,2,6,0,0,0,0,0,0,0,1,1,6,6,1,22,5,124,1,15,HONDA CG125,5,E01016149,0,-1
2021161027822,2021,161027822,2,3,0,9,9,2,7,0,0,2,0,0,0,0,3,1,5,6,1,27,6,124,1,15,HONDA CG125,2,E01013147,0,-1
2021010307169,2021,010307169,2,4,0,18,19,3,7,0,0,0,0,0,0,0,1,1,6,6,1,29,6,124,1,19,HONDA CG125,1,E01003047,0,-1
2021122101477,2021,122101477,2,3,0,18,19,7,3,0,0,0,0,0,0,0,1,1,6,6,1,39,7,124,1,14,HONDA CG125,2,E01013443,0,-1
2021141100303,2021,141100303,2,3,0,4,4,6,2,0,0,0,1,0,0,0,1,1,6,6,2,18,4,124,1,20,HONDA CG125,3,E01007368,0,-1
2021161109921,2021,161109921,2,3,0,18,19,7,3,0,0,1,0,0,0,0,2,1,6,6,1,-1,-1,124,1,16,HONDA CG125,1,E01012862,0,-1
2021501061054,2021,501061054,2,3,0,16,19,7,3,0,0,0,0,0,0,0,3,1,6,6,2,21,5,124,1,22,HONDA CG125,6,E01018845,0,-1
2021101049188,2021,101049188,2,3,0,18,19,5,1,0,0,1,0,0,0,0,3,1,6,6,1,17,4,124,1,15,HONDA CG125,1,E01008304,0,-1
2021440207870,2021,440207870,1,3,0,18,19,8,5,0,0,8,0,0,0,0,1,1,2,2,1,23,5,124,1,15,HONDA CG125,5,E01017126,0,-1
2021052101135,2021,052101135,1,3,0,16,19,6,2,0,0,0,0,0,0,0,1,1,6,6,1,20,4,124,1,14,HONDA CG125,9,E01007096,0,-1
2021991057599,2021,991057599,1,3,0,18,19,2,7,0,0,1,2,0,0,0,1,1,5,6,2,31,6,124,1,22,HONDA CG125,9,-1,0,-1
2021070710807,2021,070710807,2,3,0,18,19,6,2,0,0,8,0,0,0,0,1,1,6,6,1,17,4,124,1,17,HONDA CG125,1,E01012526,0,-1
2021440243291,2021,440243291,1,3,0,4,4,7,3,0,0,8,0,0,0,0,0,1,1,1,1,23,5,124,1,13,HONDA CG125,4,E01017158,0,-1
2021501110416,2021,501110416,2,3,0,15,15,8,4,0,0,1,0,0,0,0,3,1,5,6,2,19,4,124,1,15,HONDA CG125,3,E01020218,0,-1
202131B184521,2021,31B184521,1,3,0,13,13,2,6,0,0,2,1,0,0,0,4,1,2,2,1,24,5,124,1,19,HONDA CG125,6,E01028037,0,-1
2021201115448,2021,201115448,2,4,0,18,19,5,1,0,0,1,0,0,0,0,1,1,1,1,1,30,6,124,1,14,HONDA CG125,5,E01009594,0,-1
2021070610039,2021,070610039,2,3,0,18,19,8,4,0,0,1,0,0,0,0,1,1,2,2,1,51,8,124,1,20,HONDA CG125,2,E01018710,0,-1
2021471027236,2021,471027236,1,3,0,15,15,6,2,0,0,0,0,0,0,0,4,1,5,6,1,21,5,124,1,19,HONDA CG125,5,E01020951,0,-1
2021545862921,2021,545862921,1,3,0,4,4,5,1,0,0,1,1,0,0,0,2,1,6,6,1,18,4,124,1,14,HONDA CG125,-1,-1,0,-1
202131C111521,2021,31C111521,2,3,0,18,19,6,2,0,0,8,0,0,0,0,4,1,6,6,1,34,6,124,1,20,HONDA CG125,1,E01013864,0,-1
2021131110785,2021,131110785,1,3,0,18,19,5,1,0,0,0,0,0,0,0,1,1,5,6,1,27,6,124,1,15,HONDA CG125,1,E01011721,0,-1
2021201107824,2021,201107824,2,4,0,8,8,2,4,0,0,1,0,0,0,0,2,1,6,6,1,67,10,124,1,13,HONDA CG125,10,E01031135,0,-1
202154A143821,2021,54A143821,2,3,0,14,14,7,3,0,0,1,0,0,0,0,4,1,6,6,1,18,4,124,1,14,HONDA CG125,5,E01032056,0,-1
2021010306281,2021,010306281,2,3,0,99,99,9,9,99,99,0,9,99,9,99,9,1,6,6,3,-1,-1,124,1,17,HONDA CG125,-1,-1,0,-1
2021141107446,2021,141107446,1,3,0,18,19,4,8,0,0,1,5,0,0,0,3,1,2,2,1,20,4,124,1,13,HONDA CG125,3,E01007345,0,-1
2021531038509,2021,531038509,2,5,0,18,19,2,6,0,0,1,0,0,0,0,1,1,6,6,1,37,7,670,1,9,-1,8,E01022209,0,-1
2021010304237,2021,010304237,1,5,0,18,19,3,7,0,0,2,0,0,2,2,1,1,6,6,1,55,8,670,1,9,-1,6,E01001419,0,-1
2021010337590,2021,010337590,2,5,0,18,19,3,7,0,0,2,0,0,0,0,1,1,2,2,1,28,6,670,1,9,-1,9,E01004115,0,-1
2021421031837,2021,421031837,2,5,0,18,19,1,5,0,0,0,0,0,0,0,2,1,6,6,1,71,10,670,1,9,-1,8,E01021755,0,-1
2021991032308,2021,991032308,1,5,0,18,19,6,2,0,0,1,1,0,0,0,3,1,2,2,1,26,6,670,1,7,-1,2,-1,0,-1
2021481116658,2021,481116658,2,5,0,18,19,1,5,0,0,8,0,0,0,0,3,1,5,6,1,39,7,670,1,8,-1,3,E01003571,0,-1
2021010340141,2021,010340141,1,5,0,18,19,7,3,0,0,8,2,0,0,0,1,1,2,2,1,36,7,670,1,9,-1,7,E01001968,0,-1
2021211032007,2021,211032007,2,5,0,8,8,6,1,0,0,1,0,0,0,0,2,1,1,1,1,66,10,670,1,8,-1,6,E01029733,0,-1
2021302101987,2021,302101987,2,5,0,18,19,4,8,0,0,8,0,0,0,0,4,1,6,6,1,61,9,670,1,8,-1,3,E01013455,0,-1
2021471056113,2021,471056113,2,2,0,4,4,3,5,0,0,1,0,0,0,0,1,1,6,6,1,59,9,49,1,8,-1,5,E01016849,0,-1
2021421013818,2021,421013818,1,3,0,4,4,3,6,0,0,1,1,0,0,0,1,1,2,2,1,18,4,123,1,5,-1,4,E01015933,0,-1
2021361072574,2021,361072574,2,3,0,18,19,7,3,0,0,0,0,0,0,0,4,1,2,2,1,26,6,123,1,6,-1,8,E01026840,0,-1
2021501040348,2021,501040348,1,3,0,17,19,3,7,0,0,0,1,0,1,0,4,1,5,6,1,70,10,123,1,7,-1,4,E01018962,0,-1
2021302100104,2021,302100104,1,9,0,18,19,6,2,0,0,0,0,0,0,0,1,1,6,6,1,88,11,1591,1,7,HYUNDAI IX20,8,E01019602,0,-1
2021010309481,2021,010309481,2,9,0,18,19,5,1,0,0,9,0,99,0,0,9,9,6,6,2,46,8,1396,1,5,HYUNDAI IX20,7,E01000156,0,-1
2021010352315,2021,010352315,1,9,0,99,99,9,9,99,99,0,9,99,9,99,2,9,2,2,1,31,6,1591,1,9,HYUNDAI IX20,1,E01033585,0,-1
2021211048394,2021,211048394,1,9,0,18,19,7,2,0,0,8,0,0,0,0,3,1,6,6,2,71,10,1396,1,6,HYUNDAI IX20,6,E01029722,0,-1
2021522103535,2021,522103535,2,9,0,2,2,0,0,0,0,8,0,0,0,0,2,1,6,6,3,57,9,1582,2,6,HYUNDAI IX20,-1,-1,0,-1
2021010308020,2021,010308020,2,9,0,99,99,9,9,99,99,9,9,99,9,99,1,9,6,6,1,27,6,1591,1,5,HYUNDAI IX20,6,E01002117,0,-1
2021141074439,2021,141074439,1,9,0,10,10,8,4,0,0,0,0,0,0,0,2,1,6,6,1,71,10,1396,1,7,HYUNDAI IX20,2,E01008125,0,-1
2021201112548,2021,201112548,1,9,0,18,19,4,8,0,0,0,0,0,0,0,1,1,6,6,1,68,10,1396,1,7,HYUNDAI IX20,5,E01010118,0,-1
2021501040221,2021,501040221,1,9,0,18,19,4,8,0,0,0,0,0,0,0,1,1,6,6,3,-1,-1,1591,1,10,HYUNDAI IX20,-1,-1,0,-1
2021111075369,2021,111075369,3,9,0,2,2,0,0,0,0,0,0,0,0,0,2,1,6,6,2,68,10,1591,1,3,HYUNDAI IX20,1,E01020752,0,-1
2021141085951,2021,141085951,1,9,0,18,19,5,1,0,0,0,0,10,6,10,1,1,2,2,1,73,10,1582,2,7,HYUNDAI IX20,6,E01007387,0,-1
2021221094135,2021,221094135,1,9,0,18,19,1,5,0,0,8,0,0,0,0,1,1,5,6,2,85,11,1591,1,2,HYUNDAI IX20,9,E01032150,0,-1
2021302101159,2021,302101159,1,9,0,17,19,4,8,0,0,0,5,0,7,11,1,1,1,1,2,60,9,1591,1,10,HYUNDAI IX20,2,E01006033,0,-1
2021010324868,2021,010324868,2,9,0,18,19,6,2,0,0,2,0,0,0,0,4,1,6,6,2,60,9,1591,1,8,HYUNDAI IX20,-1,-1,0,-1
2021361138557,2021,361138557,1,9,0,18,19,7,3,0,0,1,0,0,0,0,1,1,5,6,2,75,10,1591,1,2,HYUNDAI IX20,3,E01026782,0,-1
2021041146636,2021,041146636,1,9,0,18,19,3,7,0,0,0,0,0,0,0,1,1,2,2,2,19,4,1396,2,10,HYUNDAI IX20,1,E01012637,0,-1
2021421059777,2021,421059777,2,9,0,18,19,1,7,0,0,0,0,0,0,0,1,1,5,6,1,93,11,1591,1,4,HYUNDAI IX20,9,E01021745,0,-1
202131B088221,2021,31B088221,1,9,0,18,19,3,7,0,0,0,0,4,0,0,1,1,6,6,2,70,10,1591,1,2,HYUNDAI IX20,7,E01007616,0,-1
2021411067540,2021,411067540,2,9,0,18,19,1,4,0,0,0,1,0,1,0,1,1,6,6,2,36,7,1396,1,9,HYUNDAI IX20,5,E01023560,0,-1
202154B801921,2021,54B801921,2,9,0,18,19,4,1,0,0,4,0,0,0,0,4,1,6,6,2,32,6,1591,1,9,HYUNDAI IX20,7,E01032024,0,-1
2021131106514,2021,131106514,1,9,0,1,1,1,5,0,0,8,0,0,0,0,2,1,5,6,2,54,8,1591,1,10,HYUNDAI IX20,5,E01010898,0,-1
2021991112352,2021,991112352,1,9,0,18,19,7,3,0,0,3,0,0,0,0,1,1,6,6,2,57,9,1396,1,5,HYUNDAI IX20,6,E01011881,0,-1
2021522200450,2021,522200450,1,9,0,18,19,2,6,0,0,1,0,0,0,0,1,1,6,6,2,51,8,1591,1,7,HYUNDAI IX20,3,W01001592,0,-1
2021461042478,2021,461042478,1,9,0,4,4,5,1,9,9,5,0,0,7,0,1,1,6,6,1,70,10,1582,2,6,HYUNDAI IX20,9,E01024446,0,-1
2021031130653,2021,031130653,2,9,0,18,19,1,5,0,0,0,0,0,0,0,1,1,5,6,1,61,9,1582,2,4,HYUNDAI IX20,6,E01019237,0,-1
2021440160688,2021,440160688,1,9,0,18,19,1,5,0,0,1,0,9,7,10,1,1,6,6,2,48,8,1582,2,5,HYUNDAI IX20,3,E01022732,0,-1
2021070408660,2021,070408660,3,9,0,3,3,3,7,0,0,1,0,0,0,0,1,1,3,7,2,82,11,1396,1,6,HYUNDAI IX20,8,E01018721,0,-1
2021010315107,2021,010315107,1,9,0,99,99,9,9,99,99,0,9,99,9,99,4,9,6,6,1,49,8,1396,1,8,HYUNDAI IX20,6,E01001236,0,-1
2021201080720,2021,201080720,2,9,0,7,7,6,8,0,0,5,0,0,0,0,2,1,6,6,1,30,6,1396,1,8,HYUNDAI IX20,1,E01009400,0,-1
2021451077083,2021,451077083,2,9,0,2,2,0,0,0,0,0,1,0,0,0,3,1,6,6,1,26,6,1396,1,7,HYUNDAI IX20,10,E01030437,0,-1
2021471018546,2021,471018546,1,9,0,17,19,3,1,0,0,0,5,0,1,0,4,1,5,6,1,82,11,1591,5,7,HYUNDAI IX20,5,E01031524,0,-1
2021421124109,2021,421124109,2,9,0,18,19,7,3,0,0,0,1,0,0,0,2,1,5,6,1,77,11,1396,1,4,HYUNDAI IX20,5,E01021996,0,-1
2021010324904,2021,010324904,2,9,0,10,10,5,2,2,2,0,0,0,0,0,4,1,2,2,1,68,10,1396,1,6,HYUNDAI IX20,9,E01000410,0,-1
2021231070133,2021,231070133,1,9,0,9,9,3,8,0,0,6,0,0,0,0,1,1,3,7,2,68,10,1591,1,3,HYUNDAI IX20,10,E01031250,0,-1
2021111071218,2021,111071218,4,9,0,18,19,7,3,0,0,1,0,0,0,0,1,1,6,6,2,30,6,1396,1,5,HYUNDAI IX20,-1,-1,0,-1
2021421059692,2021,421059692,2,9,0,4,4,7,3,0,0,0,0,0,0,0,2,1,6,6,1,88,11,1591,1,2,HYUNDAI IX20,8,E01015834,0,-1
2021451083412,2021,451083412,2,9,0,7,7,6,2,0,0,5,0,0,0,0,2,1,5,6,1,43,7,1591,1,10,HYUNDAI IX20,5,E01021001,0,-1
2021061063827,2021,061063827,2,9,0,7,7,3,5,0,0,0,0,0,0,0,4,1,6,6,2,58,9,1396,1,9,HYUNDAI IX20,1,E01004859,0,-1
2021471019650,2021,471019650,2,9,0,18,19,7,3,0,0,8,0,0,0,0,4,1,5,6,2,45,7,1591,1,6,HYUNDAI IX20,7,E01021098,0,-1
2021041050946,2021,041050946,1,9,0,18,19,1,5,0,0,0,0,0,0,0,4,1,5,6,1,38,7,1396,1,6,HYUNDAI IX20,2,E01012709,0,-1
2021131061027,2021,131061027,2,9,0,18,19,1,5,0,0,2,0,0,0,0,4,1,2,2,1,35,6,1396,1,6,HYUNDAI IX20,1,E01010632,0,-1
2021440183277,2021,440183277,1,9,0,18,19,7,3,0,0,2,0,0,0,0,1,1,6,6,2,22,5,1396,1,9,HYUNDAI IX20,3,E01032738,0,-1
2021501073462,2021,501073462,1,9,0,4,4,8,4,0,0,1,0,0,0,0,1,1,5,6,2,63,9,1396,1,10,HYUNDAI IX20,5,E01018834,0,-1
2021131068009,2021,131068009,1,9,0,-1,-1,-1,-1,-1,-1,0,-1,-1,-1,-1,-1,1,6,6,3,-1,-1,1591,1,8,HYUNDAI IX20,-1,-1,0,-1
2021201116997,2021,201116997,1,9,0,18,19,-1,-1,0,0,1,0,0,0,0,1,1,6,6,1,-1,-1,1396,1,6,HYUNDAI IX20,-1,-1,0,-1
2021201096844,2021,201096844,1,9,0,18,19,3,7,0,0,8,0,0,0,0,1,1,6,6,2,31,6,1591,1,9,HYUNDAI IX20,10,E01009859,0,-1
2021351047282,2021,351047282,1,9,0,18,19,-1,-1,0,0,0,0,0,0,0,3,1,6,6,3,-1,-1,1591,1,7,HYUNDAI IX20,-1,-1,0,-1
2021440204334,2021,440204334,1,9,0,18,19,2,6,0,0,8,0,0,0,0,1,1,6,6,1,33,6,1396,1,6,HYUNDAI IX20,9,E01022692,0,-1
2021010319701,2021,010319701,2,9,0,18,19,5,1,0,0,1,0,0,0,0,1,1,6,6,2,76,11,1396,1,3,HYUNDAI IX20,4,E01004417,0,-1
2021201037697,2021,201037697,2,9,0,17,19,2,7,0,0,8,0,0,0,0,3,1,2,2,2,54,8,1396,1,6,HYUNDAI IX20,7,E01032170,0,-1
2021010319686,2021,010319686,2,9,0,5,5,5,1,0,0,1,0,4,0,0,1,1,6,6,2,64,9,1591,1,2,HYUNDAI IX20,1,E01021325,0,-1
2021451063470,2021,451063470,1,9,0,1,1,1,5,0,0,0,0,0,0,0,2,1,5,6,2,74,10,1591,1,4,HYUNDAI IX20,10,E01030607,0,-1
2021501042755,2021,501042755,1,9,0,16,19,4,8,0,0,0,1,0,1,0,1,1,5,6,2,79,11,1591,1,4,HYUNDAI IX20,6,E01015027,0,-1
2021461040784,2021,461040784,3,9,0,18,19,2,6,0,0,0,0,0,0,0,3,1,6,6,2,63,9,1396,1,8,HYUNDAI IX20,6,E01023979,0,-1
2021302101585,2021,302101585,1,9,0,1,1,4,8,0,0,2,0,0,0,0,2,1,6,6,3,-1,-1,1591,1,8,HYUNDAI IX20,5,E01019456,0,-1
2021461053780,2021,461053780,2,9,0,4,4,3,7,0,0,1,0,0,0,0,3,1,6,6,1,61,9,1591,1,3,HYUNDAI IX20,9,E01000341,0,-1
2021161028314,2021,161028314,1,9,0,9,9,1,6,0,0,8,0,0,0,0,1,1,5,6,1,81,11,1591,1,3,HYUNDAI IX20,6,E01012987,0,-1
2021991095609,2021,991095609,2,9,0,18,19,7,3,0,0,2,0,0,0,0,1,1,5,6,2,47,8,1396,1,6,HYUNDAI IX20,8,-1,0,-1
2021070474947,2021,070474947,2,9,0,18,19,4,8,0,0,2,0,0,0,0,4,1,2,2,2,36,7,1396,1,7,HYUNDAI IX20,7,E01012434,0,-1
2021501120347,2021,501120347,2,9,0,8,8,5,8,0,0,0,0,0,0,0,2,1,5,6,1,78,11,1396,1,5,HYUNDAI IX20,7,E01018795,0,-1
2021421038229,2021,421038229,2,9,0,18,19,5,8,0,0,4,0,0,0,0,2,1,6,6,2,55,8,1591,1,4,HYUNDAI IX20,8,E01022057,0,-1
2021041091205,2021,041091205,2,9,0,18,19,1,5,0,0,1,1,0,8,11,4,1,5,6,1,72,10,1591,1,9,HYUNDAI IX20,9,E01024992,0,-1
2021010331378,2021,010331378,1,9,0,18,19,1,5,0,0,1,0,0,0,0,2,1,6,6,1,37,7,1591,1,9,HYUNDAI IX20,2,E01003594,0,-1
2021991088864,2021,991088864,1,9,0,18,19,7,3,0,0,0,0,0,0,0,1,1,5,6,2,81,11,1591,1,4,HYUNDAI IX20,1,-1,0,-1
2021221104624,2021,221104624,1,9,0,5,5,1,5,0,0,2,0,4,0,0,1,1,5,6,2,91,11,1591,1,9,HYUNDAI IX20,2,E01009171,0,-1
2021010290096,2021,010290096,4,9,0,99,99,9,9,0,0,9,0,0,0,0,1,9,6,6,2,52,8,1396,1,5,HYUNDAI IX20,-1,-1,0,-1
2021010308898,2021,010308898,3,9,0,2,2,0,0,0,0,2,0,4,0,0,0,1,6,6,3,-1,-1,1591,1,10,HYUNDAI IX20,-1,-1,0,-1
2021552100119,2021,552100119,2,9,0,18,19,4,8,0,0,0,0,0,0,0,2,1,6,6,2,51,8,1591,1,10,HYUNDAI IX20,3,E01023058,0,-1
2021161058559,2021,161058559,2,9,0,2,2,0,0,0,0,0,0,0,0,0,2,1,6,6,3,-1,-1,1396,1,5,HYUNDAI IX20,-1,-1,0,-1
2021141101612,2021,141101612,1,9,0,18,19,7,3,0,0,0,0,0,0,0,1,1,6,6,1,85,11,1591,1,6,HYUNDAI IX20,9,E01007890,0,-1
2021371023858,2021,371023858,1,9,0,3,3,2,6,0,0,0,0,0,0,0,1,1,5,6,1,80,11,1591,1,6,HYUNDAI IX20,8,E01030152,0,-1
2021501098230,2021,501098230,1,9,0,18,19,1,5,0,0,0,0,0,0,0,1,1,6,6,1,76,11,1582,2,8,HYUNDAI IX20,4,E01015265,0,-1
2021371086247,2021,371086247,2,9,0,18,19,3,7,0,0,0,1,0,1,0,3,1,5,6,2,66,10,1591,1,3,HYUNDAI IX20,5,E01026935,0,-1
2021010303691,2021,010303691,2,9,0,18,19,1,5,0,0,2,0,0,0,0,1,1,6,6,2,36,7,1396,1,8,HYUNDAI IX20,8,E01001523,0,-1
2021010318742,2021,010318742,2,19,0,3,3,8,4,0,0,1,0,0,0,0,1,1,1,1,1,31,6,2499,2,1,LDV V80,2,E01033591,0,-1
2021010346772,2021,010346772,2,19,0,18,19,5,1,0,0,0,0,0,0,0,0,1,1,1,1,35,6,2499,2,2,LDV V80,8,E01023552,0,-1
2021010341435,2021,010341435,1,19,0,9,9,1,6,0,0,0,0,0,0,0,3,1,1,1,1,58,9,-1,3,2,LDV V80,9,E01030559,0,-1
2021421025760,2021,421025760,2,19,0,7,7,7,2,0,0,1,0,0,0,0,2,1,1,1,1,45,7,2499,2,1,LDV V80,9,E01022073,0,-1
2021430099619,2021,430099619,2,19,0,18,19,4,8,0,0,1,0,0,0,0,1,1,6,6,1,30,6,2499,2,1,LDV V80,-1,-1,0,-1
2021201110554,2021,201110554,3,98,0,18,19,5,1,0,0,0,0,0,0,0,1,1,1,1,1,47,8,2499,2,2,-1,5,E01028898,0,-1
2021141019596,2021,141019596,3,19,0,11,11,5,1,0,0,0,0,0,0,0,0,1,1,1,1,61,9,2499,2,2,LDV V80,7,E01013024,0,-1
2021461116995,2021,461116995,1,19,0,2,2,7,3,0,0,0,0,0,0,0,2,1,1,1,1,37,7,-1,3,1,LDV V80,6,E01024152,0,-1
2021411088819,2021,411088819,1,19,0,18,19,3,7,0,0,0,0,12,7,2,1,1,1,1,1,28,6,-1,3,1,LDV V80,3,E01023397,0,-1
2021461060148,2021,461060148,2,19,0,18,19,7,7,0,0,0,0,0,0,0,2,1,1,1,1,70,10,2499,2,1,LDV V80,4,E01024387,0,-1
2021430211459,2021,430211459,2,19,0,2,2,0,0,0,0,2,0,0,0,0,3,2,1,1,3,52,8,-1,3,1,LDV V80,5,E01016280,0,-1
2021461108223,2021,461108223,1,19,0,18,19,5,1,0,0,0,0,0,0,0,1,1,5,6,1,51,8,2499,2,1,LDV V80,8,E01024011,0,-1
2021421077971,2021,421077971,2,19,0,2,2,0,0,0,0,0,0,0,0,0,1,1,1,1,1,52,8,-1,3,2,LDV V80,3,E01001552,0,-1
202154C527421,2021,54C527421,1,4,0,18,19,4,8,0,0,0,0,0,1,0,0,1,6,6,1,25,5,125,1,5,LEXMOTO ARIZONA,8,E01032044,0,-1
2021440095187,2021,440095187,1,3,0,18,19,1,5,0,0,0,1,0,0,0,0,1,6,6,2,31,6,125,1,9,LEXMOTO ARIZONA,1,E01022905,0,-1
2021622100360,2021,622100360,1,4,0,18,19,5,1,0,0,0,0,0,0,0,0,1,2,2,1,19,4,125,1,8,LEXMOTO ARIZONA,5,W01000719,0,-1
2021010316984,2021,010316984,1,3,0,18,19,7,3,2,2,1,2,0,0,0,1,1,6,6,1,34,6,125,1,6,LEXMOTO ARIZONA,3,E01016464,0,-1
2021622100476,2021,622100476,1,3,0,18,19,6,2,0,0,1,0,0,0,0,1,1,2,2,1,19,4,125,1,8,LEXMOTO ARIZONA,5,W01000719,0,-1
2021501056278,2021,501056278,1,3,0,18,19,1,5,0,0,8,0,0,0,0,1,1,2,2,1,62,9,125,1,10,LEXMOTO ARIZONA,4,E01015241,0,-1
2021440077333,2021,440077333,1,4,0,18,19,2,6,0,0,0,0,10,2,7,1,1,6,6,1,30,6,-1,-1,-1,LEXMOTO ARIZONA,6,E01023237,0,-1
202131D158821,2021,31D158821,2,3,0,18,19,2,6,0,0,8,1,0,0,0,4,1,6,6,2,37,7,125,1,7,LEXMOTO ARIZONA,4,E01028130,0,-1
2021461048794,2021,461048794,2,3,0,16,19,7,5,0,0,1,0,0,0,0,1,1,2,2,1,18,4,125,1,8,LEXMOTO ARIZONA,2,E01024249,0,-1
2021991082171,2021,991082171,1,3,0,17,19,7,4,0,0,2,2,0,3,0,1,1,5,6,1,24,5,125,1,7,LEXMOTO ARIZONA,2,-1,0,-1
2021991115923,2021,991115923,1,3,0,18,19,3,7,0,0,0,1,0,0,0,0,1,5,6,1,18,4,125,1,6,LEXMOTO ARIZONA,4,-1,0,-1
2021552101400,2021,552101400,1,4,0,18,19,5,1,0,0,8,1,0,0,0,0,1,1,1,1,29,6,125,1,9,LEXMOTO ARIZONA,7,E01015352,0,-1
2021010313114,2021,010313114,1,9,0,18,19,3,7,0,0,6,0,0,0,0,1,1,6,6,1,71,10,2995,1,17,-1,3,E01001467,0,-1
2021052101740,2021,052101740,2,9,0,4,4,1,5,0,0,0,0,0,0,0,1,1,6,6,1,49,8,2995,1,17,-1,9,E01007101,0,-1
2021421043051,2021,421043051,1,9,0,2,2,6,2,0,0,0,1,0,4,6,4,1,5,6,2,38,7,2143,2,5,MERCEDES E CLASS,6,E01023671,0,-1
2021122101234,2021,122101234,1,9,0,1,1,3,7,0,0,0,0,0,0,0,2,1,6,6,1,64,9,1950,2,3,MERCEDES E CLASS,2,E01013448,0,-1
2021421127301,2021,421127301,1,9,0,5,5,5,1,0,0,4,0,9,1,0,1,1,6,6,1,21,5,1950,12,1,MERCEDES E CLASS,-1,-1,0,-1
2021131101654,2021,131101654,1,9,0,6,6,4,4,0,0,8,0,4,0,0,4,1,6,6,3,-1,-1,2148,2,12,MERCEDES E CLASS,-1,-1,0,-1
2021131041260,2021,131041260,2,9,0,1,1,1,5,0,0,0,0,0,0,0,1,1,5,6,1,40,7,2143,2,9,MERCEDES E CLASS,1,E01011084,0,-1
2021451057374,2021,451057374,2,9,0,2,2,0,0,0,0,0,0,0,0,0,4,1,6,6,3,-1,-1,2987,2,16,MERCEDES E CLASS,-1,-1,0,-1
2021010288732,2021,010288732,2,9,0,5,5,5,1,0,0,3,0,0,0,0,3,1,1,1,1,37,7,1991,8,4,MERCEDES E CLASS,4,E01003527,0,-1
2021010291847,2021,010291847,1,9,0,18,19,1,5,0,0,8,0,0,0,0,3,1,6,6,2,62,9,2148,2,13,MERCEDES E CLASS,3,E01002738,0,-1
202163B072521,2021,63B072521,2,9,0,18,19,2,6,0,0,8,0,0,0,0,1,1,6,6,1,70,10,2987,2,15,MERCEDES E CLASS,6,E01029801,0,-1
2021010328285,2021,010328285,2,9,0,99,99,9,9,99,99,0,9,99,9,99,2,9,6,6,3,-1,-1,2143,12,7,MERCEDES E CLASS,-1,-1,0,-1
2021010326255,2021,010326255,2,9,0,99,99,9,9,99,99,9,9,99,9,99,2,9,6,6,3,-1,-1,1950,2,4,MERCEDES E CLASS,-1,-1,0,-1
2021010302060,2021,010302060,3,8,0,18,19,5,1,0,0,0,0,0,0,0,4,1,1,1,1,55,8,1950,2,4,MERCEDES E CLASS,2,E01003990,0,-1
2021010341606,2021,010341606,1,8,0,6,6,5,5,0,0,2,0,0,0,0,3,1,1,1,1,54,8,1950,2,3,MERCEDES E CLASS,4,E01002267,0,-1
2021211095701,2021,211095701,2,9,0,18,19,5,1,0,0,1,0,0,0,0,1,1,5,6,1,24,5,1950,2,1,MERCEDES E CLASS,9,E01029580,0,-1
2021010323719,2021,010323719,1,9,0,18,19,7,3,0,0,0,0,0,0,0,1,1,6,6,1,28,6,2987,2,5,MERCEDES E CLASS,6,E01001083,0,-1
2021461052544,2021,461052544,1,9,0,9,9,5,3,0,0,1,0,0,7,0,3,1,5,6,1,46,8,2143,2,6,MERCEDES E CLASS,4,E01024132,0,-1
2021531094633,2021,531094633,1,9,0,18,19,4,8,0,0,0,0,0,0,0,1,1,5,6,1,73,10,2987,2,15,MERCEDES E CLASS,9,E01022427,0,-1