collision_index,collision_year,collision_ref_no,vehicle_reference,vehicle_type,towing_and_articulation,vehicle_manoeuvre_historic,vehicle_manoeuvre,vehicle_direction_from,vehicle_direction_to,vehicle_location_restricted_lane_historic,vehicle_location_restricted_lane,junction_location,skidding_and_overturning,hit_object_in_carriageway,vehicle_leaving_carriageway,hit_object_off_carriageway,first_point_of_impact,vehicle_left_hand_drive,journey_purpose_of_driver_historic,journey_purpose_of_driver,sex_of_driver,age_of_driver,age_band_of_driver,engine_capacity_cc,propulsion_code,age_of_vehicle,generic_make_model,driver_imd_decile,lsoa_of_driver,escooter_flag,driver_distance_banding
2021131091378,2021,131091378,2,9,0,18,19,1,1,0,0,7,0,0,0,0,1,1,5,6,1,75,10,2987,2,13,MERCEDES E CLASS,3,E01002185,0,-1
2021010317192,2021,010317192,2,9,0,9,9,1,7,0,0,8,0,0,0,0,3,1,6,6,1,48,8,1950,2,5,MERCEDES E CLASS,-1,-1,0,-1
2021010291666,2021,010291666,1,8,0,99,99,9,9,99,99,9,9,99,9,99,1,9,6,6,1,28,6,1950,2,5,MERCEDES E CLASS,5,E01000240,0,-1
2021041076822,2021,041076822,2,9,0,10,10,6,2,0,0,1,0,0,0,0,4,1,5,6,1,66,10,2987,2,11,MERCEDES E CLASS,9,E01024966,0,-1
2021010314284,2021,010314284,2,9,0,99,99,9,9,99,99,9,9,99,9,99,9,9,6,6,1,-1,-1,1991,8,2,MERCEDES E CLASS,-1,-1,0,-1
2021302100530,2021,302100530,2,9,0,9,9,6,4,0,0,2,0,0,0,0,1,1,6,6,2,41,7,2987,2,12,MERCEDES E CLASS,7,E01013492,0,-1
2021010336569,2021,010336569,2,9,0,10,10,3,1,0,0,8,0,0,0,0,1,1,6,6,3,-1,-1,1950,2,5,MERCEDES E CLASS,-1,-1,0,-1
2021010347487,2021,010347487,1,9,0,4,4,1,5,0,0,1,0,0,0,0,3,1,6,6,2,49,8,1950,2,5,MERCEDES E CLASS,2,E01000223,0,-1
2021010310078,2021,010310078,1,9,0,18,19,5,3,0,0,8,0,0,0,0,9,9,6,6,1,-1,-1,1950,2,3,MERCEDES E CLASS,7,E01000675,0,-1
2021141038226,2021,141038226,2,9,0,18,19,5,1,0,0,1,0,0,0,0,1,1,5,6,1,26,6,2143,2,7,MERCEDES E CLASS,6,E01007640,0,-1
2021010298339,2021,010298339,1,9,0,18,19,3,7,0,0,2,0,0,0,0,1,1,6,6,2,32,6,2143,2,5,MERCEDES E CLASS,6,E01000110,0,-1
2021010316396,2021,010316396,2,9,0,99,99,9,9,99,99,0,9,99,9,99,9,9,6,6,3,-1,-1,1991,1,1,MERCEDES E CLASS,4,E01003715,0,-1
2021010301438,2021,010301438,2,9,0,15,15,7,3,0,0,0,0,0,0,0,1,1,6,6,1,-1,-1,1950,12,2,MERCEDES E CLASS,1,E01002041,0,-1
2021201115725,2021,201115725,1,9,0,18,19,2,6,0,0,0,1,10,1,0,1,1,6,6,1,43,7,1950,2,5,MERCEDES E CLASS,5,E01030980,0,-1
2021131051062,2021,131051062,1,9,0,18,19,4,8,0,0,8,0,0,0,0,1,1,5,6,1,45,7,2987,2,13,MERCEDES E CLASS,1,E01011430,0,-1
2021131046593,2021,131046593,2,9,0,18,19,2,2,0,0,8,0,0,0,0,4,1,6,6,1,49,8,2987,2,9,MERCEDES E CLASS,8,E01011514,0,-1
2021201147449,2021,201147449,2,9,0,18,19,8,4,0,0,8,0,0,0,0,1,1,6,6,1,21,5,1950,2,0,MERCEDES E CLASS,7,E01010317,0,-1
2021010326442,2021,010326442,1,8,0,3,3,5,1,0,0,1,0,0,0,0,2,1,1,1,1,39,7,2143,2,5,MERCEDES E CLASS,5,E01000037,0,-1
2021041061905,2021,041061905,2,9,0,2,2,0,0,0,0,0,0,4,0,0,4,1,6,6,3,-1,-1,2143,2,7,MERCEDES E CLASS,-1,-1,0,-1
2021010306398,2021,010306398,1,9,0,17,19,3,7,0,0,6,1,4,0,0,1,1,6,6,1,25,5,1950,2,2,MERCEDES E CLASS,8,E01000828,0,-1
2021010333394,2021,010333394,1,9,0,7,7,1,4,0,0,2,0,0,0,0,1,1,6,6,1,35,6,2987,2,11,MERCEDES E CLASS,4,E01002779,0,-1
2021010292252,2021,010292252,1,9,0,18,19,3,7,0,0,0,0,0,0,0,1,1,2,2,1,30,6,1991,1,1,MERCEDES E CLASS,1,E01002732,0,-1
2021471038732,2021,471038732,1,9,0,5,5,8,6,0,0,6,0,0,0,0,1,1,2,2,1,22,5,1991,1,2,MERCEDES E CLASS,1,E01031454,0,-1
2021041068555,2021,041068555,1,9,0,18,19,7,3,0,0,1,0,0,0,0,2,1,2,2,1,33,6,3222,2,17,MERCEDES E CLASS,1,E01012396,0,-1
2021411125776,2021,411125776,1,9,0,9,9,2,8,0,0,5,0,0,0,0,3,1,6,6,1,41,7,1950,2,3,MERCEDES E CLASS,6,E01023320,0,-1
2021010349729,2021,010349729,2,9,0,3,3,3,7,0,0,1,0,0,0,0,3,1,2,2,1,39,7,2143,2,6,MERCEDES E CLASS,6,E01003000,0,-1
2021061117054,2021,061117054,2,9,0,9,9,1,6,0,0,8,0,0,0,0,4,1,5,6,1,68,10,2148,2,16,MERCEDES E CLASS,3,E01004878,0,-1
2021010319249,2021,010319249,1,9,0,11,11,1,5,0,0,0,0,0,0,0,4,1,1,1,1,58,9,2143,2,9,MERCEDES E CLASS,4,E01003645,0,-1
2021010299150,2021,010299150,1,9,0,18,19,5,1,0,0,1,0,0,0,0,1,1,6,6,1,56,9,2398,1,23,MERCEDES E CLASS,2,E01000483,0,-1
2021010300755,2021,010300755,1,9,0,9,9,1,6,0,0,2,0,0,0,0,1,1,6,6,2,31,6,2685,2,19,MERCEDES E CLASS,9,E01004095,0,-1
2021991092456,2021,991092456,4,9,0,2,2,3,8,0,0,2,0,0,0,0,2,1,5,6,1,68,10,2143,12,6,MERCEDES E CLASS,4,-1,0,-1
2021010305472,2021,010305472,1,9,0,99,99,9,9,99,99,9,9,99,9,99,2,9,6,6,1,50,8,2143,2,7,MERCEDES E CLASS,4,E01002448,0,-1
2021421130650,2021,421130650,3,9,0,18,19,1,5,0,0,0,0,0,0,0,2,1,6,6,1,59,9,3498,1,10,MERCEDES E CLASS,3,E01004342,0,-1
2021010303962,2021,010303962,1,9,0,18,19,7,3,0,0,8,0,0,0,0,2,1,6,6,1,32,6,1991,1,2,MERCEDES E CLASS,4,E01001420,0,-1
2021010317453,2021,010317453,1,9,0,4,4,1,5,0,0,1,0,0,0,0,2,1,6,6,1,50,8,2143,2,10,MERCEDES E CLASS,3,E01003586,0,-1
2021010317625,2021,010317625,4,9,0,2,2,0,0,0,0,0,0,4,0,0,2,1,6,6,3,-1,-1,2685,2,17,MERCEDES E CLASS,-1,-1,0,-1
2021041067326,2021,041067326,2,9,0,18,19,2,5,0,0,1,0,0,0,0,4,1,5,6,1,39,7,1950,2,4,MERCEDES E CLASS,5,E01025009,0,-1
2021411141356,2021,411141356,1,9,0,16,19,5,1,0,0,0,0,0,0,0,1,1,5,6,1,38,7,2143,2,9,MERCEDES E CLASS,4,E01015755,0,-1
2021010335211,2021,010335211,1,9,0,18,19,3,7,0,0,4,0,0,0,0,1,1,2,2,1,46,8,3226,2,19,MERCEDES E CLASS,2,E01022903,0,-1
2021061069135,2021,061069135,2,9,0,9,9,1,5,0,0,1,0,0,0,0,1,1,6,6,1,30,6,2143,2,11,MERCEDES E CLASS,5,E01006008,0,-1
2021010317872,2021,010317872,1,9,0,99,99,9,9,99,99,1,9,99,9,99,2,9,6,6,1,41,7,1950,2,4,MERCEDES E CLASS,1,E01004247,0,-1
2021010352479,2021,010352479,1,9,0,99,99,9,9,99,99,9,0,99,0,0,9,1,6,6,2,48,8,2143,2,6,MERCEDES E CLASS,2,E01002716,0,-1
2021440499125,2021,440499125,2,9,0,18,19,6,2,0,0,1,0,0,0,0,1,1,6,6,2,36,7,2143,2,7,MERCEDES E CLASS,8,E01022491,0,-1
2021010295442,2021,010295442,2,9,0,10,10,3,8,0,0,1,0,0,0,0,3,2,2,2,1,46,8,2143,2,8,MERCEDES E CLASS,1,E01003590,0,-1
2021010294420,2021,010294420,1,9,0,4,4,5,1,6,6,0,0,8,0,0,3,1,6,6,1,50,8,1950,2,3,MERCEDES E CLASS,7,E01032829,0,-1
2021501104064,2021,501104064,2,9,0,18,19,4,8,0,0,0,0,0,0,0,1,1,5,6,1,64,9,1950,2,3,MERCEDES E CLASS,6,E01018858,0,-1
2021010319687,2021,010319687,1,9,0,3,3,3,7,6,6,2,0,0,0,0,3,1,6,6,1,51,8,1950,2,3,MERCEDES E CLASS,3,E01000092,0,-1
2021010341405,2021,010341405,2,9,0,18,19,3,7,0,0,8,0,0,0,0,1,1,6,6,1,43,7,1950,2,2,MERCEDES E CLASS,2,E01000223,0,-1
2021201119330,2021,201119330,2,8,0,18,19,5,1,0,0,2,1,10,1,0,1,1,1,1,1,28,6,1950,2,3,MERCEDES E CLASS,2,E01009317,0,-1
2021010349131,2021,010349131,1,9,0,5,5,5,1,0,0,0,0,0,0,0,1,1,2,2,1,34,6,2143,2,8,MERCEDES E CLASS,2,E01001110,0,-1
202131B154121,2021,31B154121,2,9,0,4,4,4,8,0,0,0,0,0,0,0,2,1,6,6,1,32,6,3222,2,18,MERCEDES E CLASS,7,E01028005,0,-1
2021361060039,2021,361060039,2,9,0,13,13,4,8,0,0,8,0,0,0,0,1,1,5,6,1,42,7,2987,2,10,MERCEDES E CLASS,6,E01026722,0,-1
2021041093637,2021,041093637,1,9,0,18,19,6,2,0,0,0,1,0,5,6,1,1,2,2,1,39,7,1991,8,4,MERCEDES E CLASS,5,E01012552,0,-1
2021010298406,2021,010298406,2,9,0,99,99,9,9,99,99,9,9,99,9,99,1,9,6,6,3,-1,-1,1991,1,6,MERCEDES E CLASS,3,E01000176,0,-1
2021010332548,2021,010332548,1,9,0,99,99,9,9,99,99,0,9,99,9,99,9,9,6,6,1,43,7,2987,2,12,MERCEDES E CLASS,3,E01001640,0,-1
2021101022300,2021,101022300,1,8,0,3,3,7,3,0,0,1,0,0,0,0,2,1,1,1,1,64,9,2143,2,6,MERCEDES E CLASS,1,E01008389,0,-1
2021010324825,2021,010324825,2,9,0,99,99,9,9,99,99,0,9,99,9,99,1,9,6,6,1,27,6,1950,2,4,MERCEDES E CLASS,4,E01003740,0,-1
2021320751281,2021,320751281,1,9,0,18,19,4,8,0,0,0,0,0,7,9,3,1,6,6,1,65,9,2987,2,6,MERCEDES E CLASS,8,E01031323,0,-1
2021131089146,2021,131089146,2,9,0,18,19,5,1,0,0,0,0,0,0,0,3,1,2,2,1,69,10,1950,2,3,MERCEDES E CLASS,6,E01011610,0,-1
2021010287937,2021,010287937,2,9,0,99,99,9,9,0,0,8,0,0,0,0,3,9,6,6,3,-1,-1,1991,1,2,MERCEDES E CLASS,-1,-1,0,-1
2021010318082,2021,010318082,2,9,0,99,99,9,9,99,99,9,9,99,9,99,4,9,6,6,3,28,6,2143,2,6,MERCEDES E CLASS,8,E01000835,0,-1
2021451012299,2021,451012299,4,9,0,18,19,7,3,0,0,0,1,0,0,0,1,1,1,1,1,32,6,1950,2,3,MERCEDES E CLASS,2,E01000796,0,-1
2021010309917,2021,010309917,3,9,0,5,5,6,2,0,0,1,0,0,0,0,2,1,6,6,1,56,9,2685,2,17,MERCEDES E CLASS,4,E01004663,0,-1
2021231105925,2021,231105925,2,9,0,2,2,0,0,0,0,1,0,0,0,0,3,1,3,7,2,43,7,1796,1,10,MERCEDES E CLASS,6,E01032968,0,-1
2021010317517,2021,010317517,1,9,0,18,19,1,5,0,0,1,0,0,0,0,1,1,2,2,1,63,9,2143,2,8,MERCEDES E CLASS,3,E01004167,0,-1
2021201146050,2021,201146050,1,9,0,18,19,-1,-1,0,0,0,0,0,0,0,3,1,6,6,2,74,10,2987,2,5,MERCEDES E CLASS,7,E01033631,0,-1
2021010309108,2021,010309108,1,8,0,99,99,9,9,99,99,9,9,99,9,99,9,9,6,6,1,24,5,1950,2,5,MERCEDES E CLASS,4,E01001736,0,-1
2021201147071,2021,201147071,1,9,0,9,9,4,2,0,0,5,0,0,0,0,1,1,6,6,1,53,8,2148,2,17,MERCEDES E CLASS,8,E01028531,0,-1
2021010301528,2021,010301528,2,9,0,99,99,9,9,99,99,9,9,99,9,99,9,9,6,6,3,-1,-1,1950,12,0,MERCEDES E CLASS,1,E01000643,0,-1
2021481122255,2021,481122255,1,9,0,9,9,1,7,0,0,8,0,0,0,0,4,1,5,6,1,37,7,1950,2,3,MERCEDES E CLASS,2,E01003514,0,-1
2021201029037,2021,201029037,1,9,0,16,19,7,2,0,0,8,1,0,0,0,4,1,6,6,2,-1,-1,2143,2,7,MERCEDES E CLASS,-1,-1,0,-1
2021501025780,2021,501025780,2,9,0,18,19,6,2,0,0,1,0,0,0,0,1,1,5,6,1,62,9,5439,1,17,MERCEDES E CLASS,5,E01018864,0,-1
2021010334123,2021,010334123,2,9,0,99,99,9,9,99,99,9,9,99,9,99,9,9,6,6,3,-1,-1,2987,2,4,MERCEDES E CLASS,-1,-1,0,-1
2021501086277,2021,501086277,1,9,0,9,9,1,5,0,0,5,0,0,0,0,1,1,6,6,1,76,11,2685,2,18,MERCEDES E CLASS,3,E01015209,0,-1
202154B344421,2021,54B344421,1,8,0,6,6,5,3,0,0,0,0,0,0,0,1,1,1,1,1,52,8,1950,2,3,MERCEDES E CLASS,1,E01015575,0,-1
2021010303764,2021,010303764,1,9,0,99,99,9,9,99,99,1,9,99,9,99,9,9,6,6,3,-1,-1,1796,1,16,MERCEDES E CLASS,-1,-1,0,-1
2021131071710,2021,131071710,1,9,0,18,19,1,1,0,0,1,0,0,0,0,3,1,1,1,1,34,6,2143,2,8,MERCEDES E CLASS,1,E01011317,0,-1
2021522105632,2021,522105632,2,9,0,18,19,7,3,0,0,0,0,0,0,0,1,1,6,6,3,-1,-1,2143,2,6,MERCEDES E CLASS,-1,-1,0,-1
2021010316473,2021,010316473,2,9,0,99,99,9,9,99,99,2,9,99,9,99,9,9,6,6,3,-1,-1,2143,2,7,MERCEDES E CLASS,-1,-1,0,-1
2021991102477,2021,991102477,1,9,0,16,19,6,2,0,0,0,5,0,7,4,1,1,5,6,1,68,10,2143,2,8,MERCEDES E CLASS,8,-1,0,-1
2021421071849,2021,421071849,2,9,0,4,4,3,7,0,0,1,0,10,4,1,2,1,2,2,1,39,7,2143,2,11,MERCEDES E CLASS,1,E01015842,0,-1
2021010294746,2021,010294746,1,9,0,18,19,7,3,0,0,1,0,0,0,0,1,1,6,6,3,-1,-1,1991,1,5,MERCEDES E CLASS,-1,-1,0,-1
2021991016107,2021,991016107,1,9,0,18,19,1,4,0,0,1,0,0,7,10,1,1,5,6,2,38,7,2143,2,7,MERCEDES E CLASS,4,-1,0,-1
202134WNC9161,2021,34WNC9161,2,9,0,18,19,3,7,0,0,0,0,0,0,0,1,1,6,6,1,54,8,1950,2,5,MERCEDES E CLASS,7,E01030520,0,-1
2021010335239,2021,010335239,2,9,0,99,99,9,9,99,99,9,9,99,9,99,1,9,6,6,3,-1,-1,2143,2,8,MERCEDES E CLASS,-1,-1,0,-1
2021201062844,2021,201062844,2,9,0,17,19,6,2,0,0,8,0,10,1,10,4,1,6,6,1,43,7,2143,2,11,MERCEDES E CLASS,1,E01009374,0,-1
2021302100904,2021,302100904,1,9,0,18,19,4,2,0,0,8,0,0,0,0,4,1,6,6,2,53,8,2143,2,7,MERCEDES E CLASS,10,E01029513,0,-1
2021010340928,2021,010340928,2,9,0,5,5,7,3,0,0,1,1,0,0,0,3,1,6,6,3,20,4,2987,2,13,MERCEDES E CLASS,-1,-1,0,-1
2021302100758,2021,302100758,2,9,0,18,19,2,6,0,0,1,0,0,0,0,1,1,2,2,1,29,6,1950,2,5,MERCEDES E CLASS,1,E01013481,0,-1
2021111121688,2021,111121688,2,9,0,18,19,5,1,0,0,1,0,0,0,0,1,1,5,6,1,70,10,1950,2,4,MERCEDES E CLASS,5,E01020810,0,-1
2021070821064,2021,070821064,1,9,0,17,19,3,6,0,0,0,0,7,1,7,4,1,6,6,2,38,7,2143,2,7,MERCEDES E CLASS,9,E01025551,0,-1
2021430396954,2021,430396954,1,8,0,3,3,2,6,0,0,1,0,0,0,0,2,1,1,1,1,59,9,2143,2,6,MERCEDES E CLASS,3,E01016445,0,-1
2021070838882,2021,070838882,2,9,0,3,3,3,7,0,0,0,0,0,0,0,2,1,6,6,1,67,10,2143,2,6,MERCEDES E CLASS,9,E01012374,0,-1
2021031118776,2021,031118776,2,9,0,18,19,3,7,0,0,0,1,0,1,0,1,1,6,6,1,56,9,2143,2,8,MERCEDES E CLASS,8,E01019322,0,-1
2021061036397,2021,061036397,2,9,0,17,19,1,5,0,0,8,0,0,0,0,3,1,6,6,1,26,6,3222,2,17,MERCEDES E CLASS,3,E01005760,0,-1
2021461097770,2021,461097770,2,9,0,18,19,1,5,0,0,0,0,0,0,0,2,1,3,7,2,41,7,1950,2,1,MERCEDES E CLASS,8,E01024784,0,-1
2021201101399,2021,201101399,1,9,0,18,19,3,7,0,0,8,0,0,0,0,4,1,6,6,1,36,7,2143,2,7,MERCEDES E CLASS,1,E01029994,0,-1
2021010338009,2021,010338009,3,9,0,4,4,7,3,0,0,1,0,0,0,0,2,1,6,6,1,50,8,2143,2,4,MERCEDES E CLASS,-1,-1,0,-1
2021010325401,2021,010325401,1,9,0,18,19,7,3,0,0,8,0,7,0,0,4,1,6,6,1,28,6,1950,2,4,MERCEDES E CLASS,4,E01002063,0,-1
2021010348230,2021,010348230,2,9,0,18,19,5,1,0,0,8,0,7,7,10,1,1,6,6,1,-1,-1,1998,1,19,MERCEDES E CLASS,-1,-1,0,-1
2021010337726,2021,010337726,2,9,0,18,19,1,5,0,0,0,0,0,0,0,0,1,1,1,1,54,8,2143,2,6,MERCEDES E CLASS,6,E01016471,0,-1
2021010341588,2021,010341588,1,9,0,18,19,7,3,0,0,1,0,0,0,0,1,1,6,6,1,23,5,1950,2,0,MERCEDES E CLASS,4,E01003560,0,-1
2021461038327,2021,461038327,1,9,0,16,19,4,7,0,0,0,0,0,7,4,1,1,5,6,1,54,8,1796,1,8,MERCEDES E CLASS,8,E01000390,0,-1
2021010321842,2021,010321842,2,9,0,18,19,4,8,0,0,1,0,0,0,0,1,1,6,6,1,21,5,1950,2,5,MERCEDES E CLASS,7,E01002817,0,-1
2021010288502,2021,010288502,2,9,0,18,19,5,1,0,0,6,0,0,0,0,1,1,6,6,3,-1,-1,1950,2,3,MERCEDES E CLASS,-1,-1,0,-1
2021440395823,2021,440395823,3,9,0,3,3,3,7,0,0,1,0,0,0,0,3,1,6,6,1,39,7,2143,2,10,MERCEDES E CLASS,5,E01017045,0,-1
2021131091774,2021,131091774,2,9,0,18,19,1,1,0,0,0,0,0,1,0,1,1,5,6,1,34,6,2143,2,8,MERCEDES E CLASS,-1,-1,0,-1
2021010296006,2021,010296006,4,9,0,2,2,0,0,0,0,1,0,0,0,0,1,1,6,6,3,-1,-1,1950,2,4,MERCEDES E CLASS,-1,-1,0,-1
2021010304981,2021,010304981,2,9,0,3,3,7,3,0,0,0,0,0,0,0,4,1,6,6,1,34,6,2143,2,6,MERCEDES E CLASS,4,E01000316,0,-1
2021010298472,2021,010298472,1,8,0,3,3,5,1,0,0,1,9,99,0,0,2,9,6,6,1,27,6,2143,2,5,MERCEDES E CLASS,4,E01002448,0,-1
2021061068813,2021,061068813,1,9,0,9,9,2,8,0,0,0,0,0,0,0,4,1,6,6,2,54,8,2143,2,9,MERCEDES E CLASS,2,E01005663,0,-1
2021471034084,2021,471034084,1,9,0,5,5,3,7,0,0,0,0,0,0,0,0,1,6,6,1,50,8,2143,2,10,MERCEDES E CLASS,4,E01031469,0,-1
2021411114618,2021,411114618,1,9,0,18,19,5,1,0,0,1,0,0,0,0,1,1,6,6,3,-1,-1,3222,2,18,MERCEDES E CLASS,-1,-1,0,-1
2021141115307,2021,141115307,1,9,0,18,19,1,5,0,0,0,0,0,0,0,1,1,6,6,3,-1,-1,1950,2,3,MERCEDES E CLASS,6,E01008046,0,-1
2021421112662,2021,421112662,1,9,0,1,1,3,7,0,0,1,0,0,0,0,2,1,6,6,1,81,11,2987,2,11,MERCEDES E CLASS,5,E01015827,0,-1
2021010339298,2021,010339298,2,9,9,99,99,9,9,99,99,9,9,99,9,99,9,9,6,6,3,-1,-1,2987,2,8,MERCEDES E CLASS,-1,-1,0,-1
2021440390399,2021,440390399,2,9,0,18,19,7,3,0,0,8,0,0,0,0,3,1,3,7,1,48,8,1950,2,4,MERCEDES E CLASS,9,E01023130,0,-1
2021552101115,2021,552101115,2,9,0,5,5,2,4,0,0,4,0,0,0,0,2,1,2,2,1,41,7,2143,2,7,MERCEDES E CLASS,7,E01015466,0,-1
2021201077840,2021,201077840,2,9,0,2,2,0,0,0,0,1,0,0,0,0,1,1,5,6,1,19,4,2143,2,10,MERCEDES E CLASS,1,E01009343,0,-1
2021451082977,2021,451082977,2,9,0,4,4,5,1,0,0,1,0,0,7,0,3,1,1,1,1,58,9,1950,2,5,MERCEDES E CLASS,3,E01002646,0,-1
2021461100958,2021,461100958,2,9,0,3,3,5,1,0,0,0,0,0,0,0,2,1,6,6,1,57,9,2143,2,7,MERCEDES E CLASS,6,E01024292,0,-1
2021052100427,2021,052100427,1,9,0,9,9,7,3,0,0,6,0,0,0,0,3,1,2,2,1,53,8,2143,2,9,MERCEDES E CLASS,6,E01012512,0,-1
2021461064402,2021,461064402,1,9,0,9,9,6,2,0,0,6,0,0,3,0,3,1,1,1,1,37,7,2143,2,7,MERCEDES E CLASS,9,E01024853,0,-1
2021010289057,2021,010289057,1,9,0,4,4,1,5,0,0,0,0,0,0,0,1,1,6,6,1,36,7,2149,2,14,MERCEDES E CLASS,3,E01002540,0,-1
2021430197459,2021,430197459,2,8,0,18,19,4,8,0,0,1,0,0,0,0,1,1,6,6,1,-1,-1,2143,2,8,MERCEDES E CLASS,-1,-1,0,-1
2021421110809,2021,421110809,1,9,0,18,19,6,2,0,0,2,0,0,0,0,1,1,6,6,1,-1,-1,1950,2,3,MERCEDES E CLASS,-1,-1,0,-1
2021201148749,2021,201148749,1,9,0,9,9,3,1,0,0,5,0,0,0,0,1,1,6,6,2,43,7,1950,2,4,MERCEDES E CLASS,2,E01009088,0,-1
2021010292264,2021,010292264,2,9,0,18,19,7,3,0,0,2,0,0,0,0,2,1,6,6,1,54,8,1950,2,3,MERCEDES E CLASS,2,E01000526,0,-1
2021010337449,2021,010337449,2,9,9,99,99,9,9,99,99,9,9,99,9,99,9,9,6,6,3,-1,-1,1950,2,4,MERCEDES E CLASS,4,E01002059,0,-1
2021421126072,2021,421126072,2,9,0,2,2,0,0,0,0,2,0,0,0,0,2,1,6,6,3,-1,-1,1796,1,9,MERCEDES E CLASS,-1,-1,0,-1
2021010344933,2021,010344933,1,9,0,9,9,1,7,0,0,1,0,0,0,0,1,1,6,6,1,54,8,2143,2,8,MERCEDES E CLASS,-1,-1,0,-1
202134NNC2401,2021,34NNC2401,1,9,0,12,12,5,1,0,0,8,0,0,0,0,3,1,6,6,2,50,8,2143,2,7,MERCEDES E CLASS,9,E01027066,0,-1
2021010343205,2021,010343205,2,9,0,99,99,9,9,99,99,9,9,99,9,99,2,9,6,6,3,68,10,2799,1,19,MERCEDES E CLASS,8,E01000311,0,-1
2021010310373,2021,010310373,2,8,0,7,7,5,7,0,0,1,0,0,0,0,1,1,1,1,1,70,10,1950,2,3,MERCEDES E CLASS,4,E01001463,0,-1
2021061134432,2021,061134432,1,9,0,18,19,4,8,0,0,0,0,0,0,0,1,1,6,6,1,30,6,2987,2,3,MERCEDES E CLASS,-1,-1,0,-1
2021201058362,2021,201058362,2,9,0,10,10,7,5,0,0,1,0,0,0,0,2,1,6,6,1,45,7,1950,2,5,MERCEDES E CLASS,8,E01010492,0,-1
2021010299832,2021,010299832,2,9,3,18,19,6,2,0,0,0,0,0,0,0,0,1,6,6,1,54,8,3226,2,18,MERCEDES E CLASS,6,E01001284,0,-1
2021991093259,2021,991093259,1,9,0,18,19,3,7,0,0,0,0,0,0,0,3,1,5,6,1,52,8,1796,1,9,MERCEDES E CLASS,7,-1,0,-1
2021451072448,2021,451072448,2,9,0,18,19,3,7,0,0,0,0,0,0,0,3,1,1,1,1,30,6,1950,2,4,MERCEDES E CLASS,4,E01001023,0,-1
2021010302827,2021,010302827,1,9,0,4,4,5,1,0,0,0,0,0,0,0,4,1,1,1,1,39,7,1950,2,4,MERCEDES E CLASS,1,E01003245,0,-1
2021520102260,2021,520102260,1,9,0,15,15,8,4,0,0,0,0,0,0,0,4,1,6,6,3,-1,-1,2597,1,17,MERCEDES E CLASS,-1,-1,0,-1
2021010306935,2021,010306935,1,9,0,7,7,1,3,0,0,5,0,0,0,0,0,1,6,6,1,29,6,1950,2,4,MERCEDES E CLASS,3,E01000373,0,-1
2021010321222,2021,010321222,1,8,0,18,19,3,7,0,0,8,0,0,0,0,3,1,1,1,1,44,7,1950,2,5,MERCEDES E CLASS,7,E01002060,0,-1
2021010305307,2021,010305307,2,9,9,99,99,9,9,99,99,9,9,99,9,99,9,9,6,6,1,64,9,2143,2,9,MERCEDES E CLASS,8,E01002981,0,-1
2021451103184,2021,451103184,2,9,0,9,9,1,5,0,0,1,0,0,0,0,1,1,5,6,2,22,5,1950,2,2,MERCEDES E CLASS,9,E01031973,0,-1
2021231154686,2021,231154686,1,9,0,18,19,8,4,0,0,8,0,0,0,0,1,1,5,6,1,42,7,2143,2,6,MERCEDES E CLASS,2,E01008881,0,-1
2021201049296,2021,201049296,2,9,0,18,19,5,1,0,0,1,0,0,0,0,4,1,5,6,2,38,7,1950,2,4,MERCEDES E CLASS,5,E01009519,0,-1
2021010303586,2021,010303586,2,9,0,99,99,9,9,99,99,9,9,99,9,99,9,9,6,6,3,46,8,2143,2,6,MERCEDES E CLASS,5,E01002913,0,-1
202131C120321,2021,31C120321,1,9,0,11,11,4,8,0,0,0,1,0,0,0,1,1,6,6,1,59,9,2597,1,18,MERCEDES E CLASS,4,E01019689,0,-1
2021440498761,2021,440498761,2,9,0,18,19,2,6,0,0,8,0,0,0,0,1,1,1,1,1,60,9,1950,2,3,MERCEDES E CLASS,10,E01032012,0,-1
2021010332189,2021,010332189,1,9,0,10,10,5,3,0,0,1,0,0,0,0,1,1,6,6,2,40,7,2143,2,6,MERCEDES E CLASS,8,E01003004,0,-1
2021421054976,2021,421054976,3,9,0,2,2,0,0,0,0,0,0,0,0,0,1,1,6,6,3,-1,-1,2987,2,6,MERCEDES E CLASS,-1,-1,0,-1
2021010297072,2021,010297072,1,9,0,18,19,7,3,0,0,1,1,0,0,0,1,1,2,2,1,33,6,2987,2,6,MERCEDES E CLASS,9,E01004082,0,-1
2021461035388,2021,461035388,2,9,0,4,4,3,7,0,0,0,0,0,0,0,2,1,2,2,1,43,7,1950,2,3,MERCEDES E CLASS,8,E01024730,0,-1
2021461059828,2021,461059828,2,9,0,3,3,1,1,0,0,1,0,0,0,0,1,1,5,6,1,62,9,2987,2,3,MERCEDES E CLASS,7,E01024515,0,-1