collision_index,collision_year,collision_ref_no,vehicle_reference,vehicle_type,towing_and_articulation,vehicle_manoeuvre_historic,vehicle_manoeuvre,vehicle_direction_from,vehicle_direction_to,vehicle_location_restricted_lane_historic,vehicle_location_restricted_lane,junction_location,skidding_and_overturning,hit_object_in_carriageway,vehicle_leaving_carriageway,hit_object_off_carriageway,first_point_of_impact,vehicle_left_hand_drive,journey_purpose_of_driver_historic,journey_purpose_of_driver,sex_of_driver,age_of_driver,age_band_of_driver,engine_capacity_cc,propulsion_code,age_of_vehicle,generic_make_model,driver_imd_decile,lsoa_of_driver,escooter_flag,driver_distance_banding
2021471114824,2021,471114824,1,9,0,18,19,3,7,0,0,8,0,0,7,4,4,1,6,6,1,37,7,2143,2,9,MERCEDES E CLASS,2,E01031456,0,-1
2021010344714,2021,010344714,1,8,0,4,4,3,7,0,0,1,0,0,0,0,4,1,1,1,1,53,8,1950,2,3,MERCEDES E CLASS,5,E01003072,0,-1
2021010302544,2021,010302544,2,9,9,99,99,9,9,99,99,9,9,99,9,99,1,9,6,6,3,53,8,1950,2,4,MERCEDES E CLASS,3,E01002100,0,-1
2021302100963,2021,302100963,1,9,0,9,9,6,4,0,0,6,0,0,0,0,4,1,1,1,1,57,9,1950,2,3,MERCEDES E CLASS,3,E01013553,0,-1
2021010300302,2021,010300302,1,8,0,99,99,9,9,99,99,9,9,99,9,99,9,9,6,6,1,27,6,1991,8,4,MERCEDES E CLASS,3,E01002554,0,-1
2021371057144,2021,371057144,2,9,0,3,3,1,5,0,0,1,0,0,0,0,3,1,5,6,2,58,9,2143,2,8,MERCEDES E CLASS,8,E01033144,0,-1
2021010340407,2021,010340407,2,9,0,15,15,3,7,0,0,1,0,0,0,0,2,1,6,6,1,27,6,2143,2,7,MERCEDES E CLASS,4,E01001085,0,-1
2021451117476,2021,451117476,1,9,0,18,19,2,7,0,0,0,0,0,0,0,1,1,6,6,3,16,4,1950,2,2,MERCEDES E CLASS,-1,-1,0,-1
2021141011423,2021,141011423,1,9,0,2,2,7,3,0,0,0,0,0,0,0,0,1,5,6,2,55,8,2143,2,7,MERCEDES E CLASS,9,E01007749,0,-1
2021010300957,2021,010300957,2,9,9,99,99,9,9,99,99,9,9,99,9,99,9,9,6,6,1,26,6,2143,2,9,MERCEDES E CLASS,-1,-1,0,-1
2021401075493,2021,401075493,2,9,0,5,5,5,1,0,0,7,0,0,0,0,4,1,1,1,1,34,6,1950,2,2,MERCEDES E CLASS,5,E01000322,0,-1
2021421055591,2021,421055591,1,9,0,18,19,5,1,0,0,4,0,0,0,0,1,1,6,6,1,38,7,1950,2,3,MERCEDES E CLASS,-1,-1,0,-1
2021201108786,2021,201108786,2,9,0,18,19,4,8,0,0,0,0,0,0,0,2,1,6,6,1,39,7,2143,2,8,MERCEDES E CLASS,1,E01010342,0,-1
2021010294779,2021,010294779,3,9,0,1,1,7,1,9,9,0,0,0,0,0,0,1,1,1,1,30,6,2143,2,9,MERCEDES E CLASS,6,E01001275,0,-1
2021010341925,2021,010341925,1,8,0,99,99,9,9,99,99,9,9,99,9,99,2,9,6,6,1,38,7,1950,2,5,MERCEDES E CLASS,3,E01004590,0,-1
2021010328238,2021,010328238,1,9,0,99,99,9,9,99,99,9,9,99,9,99,9,9,6,6,2,23,5,1950,2,3,MERCEDES E CLASS,6,E01016000,0,-1
2021010338628,2021,010338628,1,9,0,18,19,3,7,0,0,0,0,0,0,0,1,1,1,1,1,36,7,1950,2,5,MERCEDES E CLASS,-1,-1,0,-1
2021231102068,2021,231102068,2,9,0,18,19,6,2,0,0,8,0,0,0,0,1,1,5,6,2,41,7,2143,2,6,MERCEDES E CLASS,7,E01031035,0,-1
2021320613549,2021,320613549,2,9,0,18,19,8,4,0,0,2,0,0,7,10,1,1,6,6,1,82,11,2149,2,14,MERCEDES E CLASS,6,E01026391,0,-1
2021010334826,2021,010334826,2,9,0,18,19,3,7,0,0,0,0,0,0,0,4,1,6,6,2,65,9,2987,2,16,MERCEDES E CLASS,9,E01003748,0,-1
2021010313272,2021,010313272,1,9,0,18,19,7,3,0,0,8,0,0,0,0,1,1,1,1,1,62,9,1950,2,3,MERCEDES E CLASS,9,E01001606,0,-1
2021201047242,2021,201047242,1,8,0,18,19,8,4,0,0,0,0,0,0,0,4,1,1,1,1,-1,-1,2143,2,11,MERCEDES E CLASS,2,E01008915,0,-1
2021010352009,2021,010352009,4,9,0,2,2,0,0,0,0,1,0,0,0,0,1,1,6,6,3,-1,-1,2143,2,7,MERCEDES E CLASS,-1,-1,0,-1
2021041043601,2021,041043601,1,9,0,5,5,5,1,6,6,2,0,0,0,0,3,1,5,6,1,30,6,1950,2,4,MERCEDES E CLASS,5,E01025435,0,-1
2021201023404,2021,201023404,2,9,0,18,19,-1,-1,0,0,0,0,0,0,0,1,1,6,6,1,63,9,2148,2,13,MERCEDES E CLASS,9,E01010328,0,-1
2021131043594,2021,131043594,1,9,0,18,19,4,8,0,0,1,0,0,0,0,3,1,6,6,3,50,8,2987,2,9,MERCEDES E CLASS,-1,-1,0,-1
2021061070124,2021,061070124,3,9,0,18,19,6,2,0,0,8,0,0,0,0,1,1,6,6,3,30,6,2987,2,8,MERCEDES E CLASS,-1,-1,0,-1
2021201028480,2021,201028480,2,9,0,2,2,0,0,9,9,0,0,0,0,0,2,1,6,6,1,40,7,1950,2,2,MERCEDES E CLASS,10,E01010391,0,-1
2021451050551,2021,451050551,3,9,0,4,4,5,1,0,0,0,1,0,0,0,1,1,5,6,1,31,6,2143,2,6,MERCEDES E CLASS,7,E01004149,0,-1
2021010307881,2021,010307881,1,9,0,9,9,5,3,0,0,1,0,0,0,0,2,1,6,6,1,56,9,2149,2,14,MERCEDES E CLASS,1,E01002904,0,-1
2021010304692,2021,010304692,1,9,0,9,9,3,8,0,0,8,0,0,0,0,1,1,6,6,1,78,11,3226,2,21,MERCEDES E CLASS,-1,-1,0,-1
2021991117185,2021,991117185,1,9,0,18,19,5,1,0,0,0,0,0,0,0,1,1,2,2,1,33,6,2987,2,10,MERCEDES E CLASS,-1,-1,0,-1
2021010339647,2021,010339647,2,9,0,99,99,9,9,99,99,9,9,99,9,99,2,9,6,6,3,-1,-1,1950,2,3,MERCEDES E CLASS,-1,-1,0,-1
2021430183389,2021,430183389,1,9,0,13,13,1,5,0,0,1,0,0,0,0,1,1,6,6,2,49,8,2143,2,7,MERCEDES E CLASS,-1,-1,0,-1
202134NNC5011,2021,34NNC5011,1,9,0,9,9,7,5,0,0,6,0,0,0,0,3,1,6,6,2,36,7,1950,2,3,MERCEDES E CLASS,8,E01027101,0,-1
202131C056221,2021,31C056221,2,9,0,9,9,3,1,0,0,6,0,0,0,0,1,1,6,6,1,51,8,1950,2,4,MERCEDES E CLASS,1,E01013884,0,-1
2021010317324,2021,010317324,2,8,0,9,9,7,5,0,0,6,0,0,0,0,3,1,1,1,1,38,7,1950,2,2,MERCEDES E CLASS,3,E01002548,0,-1
2021010340122,2021,010340122,2,9,0,99,99,9,9,99,99,9,9,99,9,99,1,9,6,6,3,-1,-1,1950,2,4,MERCEDES E CLASS,-1,-1,0,-1
2021451018098,2021,451018098,1,9,0,18,19,7,3,0,0,0,2,0,1,7,1,1,5,6,1,39,7,2143,2,6,MERCEDES E CLASS,3,E01030578,0,-1
2021430332022,2021,430332022,1,9,0,18,19,4,8,0,0,0,0,4,0,0,1,1,6,6,1,31,6,2143,2,10,MERCEDES E CLASS,8,E01016568,0,-1
202134WNC3621,2021,34WNC3621,2,9,0,4,4,6,2,0,0,0,0,0,0,0,3,1,6,6,2,46,8,2143,2,9,MERCEDES E CLASS,7,E01027023,0,-1
2021430444330,2021,430444330,1,9,0,18,19,3,7,0,0,8,0,0,0,0,3,1,1,1,1,54,8,1950,2,4,MERCEDES E CLASS,-1,-1,0,-1
2021010317243,2021,010317243,1,8,0,99,99,9,9,99,99,9,9,99,9,99,1,9,6,6,1,41,7,2143,2,6,MERCEDES E CLASS,2,E01003538,0,-1
2021010291786,2021,010291786,2,8,0,99,99,9,9,99,99,8,9,99,9,99,1,9,6,6,3,-1,-1,2143,12,7,MERCEDES E CLASS,1,E01004222,0,-1
2021122100447,2021,122100447,2,9,0,2,2,0,0,0,0,0,0,4,0,0,3,1,6,6,1,37,7,2143,2,6,MERCEDES E CLASS,2,E01013347,0,-1
2021421014070,2021,421014070,1,9,0,18,19,7,3,0,0,0,1,0,1,7,1,1,6,6,1,26,6,2597,1,21,MERCEDES E CLASS,2,E01000100,0,-1
202134WNC0371,2021,34WNC0371,1,9,0,14,14,5,1,0,0,8,0,0,0,0,1,1,2,2,1,27,6,2685,2,17,MERCEDES E CLASS,7,E01027277,0,-1
2021991059860,2021,991059860,1,9,0,2,2,0,0,6,6,1,0,0,0,0,3,1,6,6,1,47,8,1950,2,2,MERCEDES E CLASS,5,-1,0,-1
2021010315382,2021,010315382,1,9,0,18,19,5,1,0,0,1,1,0,0,0,4,1,6,6,1,25,5,1991,8,3,MERCEDES E CLASS,2,E01001795,0,-1
2021201098185,2021,201098185,1,9,0,18,19,2,6,0,0,0,0,0,0,0,2,1,6,6,1,68,10,2143,2,5,MERCEDES E CLASS,5,E01010306,0,-1
2021451125823,2021,451125823,2,9,0,18,19,5,6,0,0,0,0,0,0,0,2,1,5,6,1,26,6,3222,2,18,MERCEDES E CLASS,9,E01030768,0,-1
2021010349088,2021,010349088,2,9,9,99,99,9,9,99,99,9,9,99,9,99,4,9,6,6,1,33,6,2685,2,16,MERCEDES E CLASS,6,E01001268,0,-1
2021010299222,2021,010299222,1,9,0,2,2,0,0,0,0,0,0,0,0,0,3,1,6,6,3,-1,-1,1950,2,3,MERCEDES E CLASS,-1,-1,0,-1
2021471103078,2021,471103078,1,9,0,2,2,0,0,0,0,0,0,0,0,0,4,1,1,1,1,33,6,2143,2,7,MERCEDES E CLASS,10,E01031425,0,-1
2021010334285,2021,010334285,2,9,0,99,99,9,9,99,99,9,9,99,9,99,2,9,6,6,3,-1,-1,2987,2,11,MERCEDES E CLASS,-1,-1,0,-1
2021351128216,2021,351128216,1,9,0,9,9,-1,-1,0,0,6,0,0,0,0,1,1,6,6,1,18,4,1991,8,4,MERCEDES E CLASS,4,E01015621,0,-1
2021010335244,2021,010335244,2,9,0,99,99,9,9,99,99,0,9,99,9,99,9,9,6,6,3,-1,-1,2143,2,12,MERCEDES E CLASS,-1,-1,0,-1
2021010349407,2021,010349407,2,9,0,99,99,9,9,99,99,9,9,99,9,99,2,9,6,6,3,64,9,2143,2,8,MERCEDES E CLASS,-1,-1,0,-1
2021520102611,2021,520102611,2,9,0,4,4,1,5,0,0,0,0,0,0,0,1,1,6,6,1,17,4,2143,2,11,MERCEDES E CLASS,-1,-1,0,-1
2021522101164,2021,522101164,2,8,0,18,19,1,5,0,0,1,0,0,0,0,4,1,6,6,1,50,8,1950,2,3,MERCEDES E CLASS,2,E01014692,0,-1
2021010309348,2021,010309348,1,8,0,18,19,1,5,0,0,1,0,0,0,0,3,2,1,1,1,48,8,1950,2,4,MERCEDES E CLASS,2,E01004289,0,-1
2021010297821,2021,010297821,2,9,9,18,19,5,1,99,99,9,9,99,9,99,2,9,6,6,3,-1,-1,1950,2,4,MERCEDES E CLASS,-1,-1,0,-1
2021010304593,2021,010304593,4,9,0,2,2,0,0,0,0,1,0,0,0,0,4,1,6,6,3,-1,-1,2143,2,6,MERCEDES E CLASS,-1,-1,0,-1
2021161088131,2021,161088131,1,9,0,18,19,3,7,0,0,0,0,0,0,0,1,1,6,6,1,55,8,2987,2,10,MERCEDES E CLASS,9,E01013265,0,-1
2021010299029,2021,010299029,3,9,0,2,2,0,0,0,0,1,0,0,0,0,2,1,6,6,3,-1,-1,1950,2,2,MERCEDES E CLASS,-1,-1,0,-1
2021401066507,2021,401066507,2,9,0,2,2,0,0,0,0,2,0,0,0,0,0,1,6,6,3,-1,-1,1950,2,1,MERCEDES E CLASS,-1,-1,0,-1
2021451050585,2021,451050585,2,9,0,7,7,3,7,0,0,1,0,0,0,0,1,1,1,1,1,42,7,1991,8,4,MERCEDES E CLASS,9,E01016202,0,-1
2021351046052,2021,351046052,2,9,0,18,19,1,5,0,0,0,0,0,0,0,2,1,6,6,1,45,7,2987,2,11,MERCEDES E CLASS,5,E01026284,0,-1
2021501112527,2021,501112527,1,9,0,9,9,1,5,0,0,0,1,0,0,0,1,1,6,6,1,24,5,2799,1,22,MERCEDES E CLASS,1,E01015151,0,-1
2021421029296,2021,421029296,1,8,0,18,19,6,2,0,0,0,0,0,0,0,1,1,3,7,1,61,9,1950,2,1,MERCEDES E CLASS,-1,-1,0,-1
2021041082546,2021,041082546,2,9,0,2,2,0,0,0,0,1,0,0,0,0,2,1,6,6,3,-1,-1,2143,2,6,MERCEDES E CLASS,-1,-1,0,-1
2021010302570,2021,010302570,1,9,0,18,19,1,5,0,0,1,0,7,0,0,1,1,6,6,1,33,6,1950,2,4,MERCEDES E CLASS,3,E01002711,0,-1
2021461107888,2021,461107888,1,9,0,18,19,2,6,0,0,0,0,2,1,0,4,1,6,6,1,41,7,1950,2,4,MERCEDES E CLASS,10,E01021466,0,-1
2021501043503,2021,501043503,2,9,0,5,5,5,1,0,0,2,0,0,0,0,4,1,3,7,1,54,8,1950,2,4,MERCEDES E CLASS,3,E01015206,0,-1
2021010318265,2021,010318265,1,8,0,18,19,5,1,0,0,1,0,0,0,0,1,1,1,1,1,26,6,1950,2,3,MERCEDES E CLASS,2,E01004584,0,-1
2021010335071,2021,010335071,3,9,0,99,99,9,9,99,99,0,9,99,9,99,2,9,6,6,3,-1,-1,2143,2,5,MERCEDES E CLASS,7,E01002223,0,-1
2021010295123,2021,010295123,2,9,9,99,99,9,9,99,99,9,9,99,9,99,9,9,6,6,3,-1,-1,2143,2,9,MERCEDES E CLASS,-1,-1,0,-1
2021201094424,2021,201094424,1,9,0,18,19,6,2,0,0,0,0,0,0,0,1,1,6,6,1,44,7,2143,2,7,MERCEDES E CLASS,1,E01009836,0,-1
2021010303465,2021,010303465,1,9,0,9,9,2,1,0,0,1,0,0,0,0,3,1,2,2,1,34,6,1950,2,4,MERCEDES E CLASS,3,E01004270,0,-1
2021421038583,2021,421038583,1,9,0,11,11,5,4,0,0,1,0,0,0,0,2,1,2,2,1,25,5,1950,2,3,MERCEDES E CLASS,10,E01021545,0,-1
2021010301058,2021,010301058,1,8,0,8,8,1,3,0,0,6,0,0,0,0,3,1,2,2,1,59,9,1950,2,4,MERCEDES E CLASS,3,E01001440,0,-1
2021010302713,2021,010302713,1,9,0,99,99,9,9,99,99,9,9,99,9,99,9,9,6,6,1,38,7,1950,2,4,MERCEDES E CLASS,4,E01001723,0,-1
2021010344960,2021,010344960,2,9,0,99,99,9,9,99,99,9,9,99,9,99,9,9,6,6,1,37,7,1950,2,4,MERCEDES E CLASS,6,E01003152,0,-1
2021010350436,2021,010350436,1,9,0,99,99,9,9,99,99,0,9,99,9,99,2,9,6,6,1,33,6,2987,2,7,MERCEDES E CLASS,2,E01001755,0,-1
2021211037724,2021,211037724,1,9,0,18,19,0,0,9,9,0,5,0,1,0,4,1,1,1,1,58,9,2987,2,12,MERCEDES E CLASS,10,E01029442,0,-1
2021430533438,2021,430533438,1,8,0,18,19,3,7,0,0,8,0,0,1,0,1,1,1,1,1,33,6,2143,2,9,MERCEDES E CLASS,5,E01017748,0,-1
2021141087171,2021,141087171,2,9,0,2,2,0,0,0,0,6,0,0,0,0,0,1,6,6,3,-1,-1,1950,2,3,MERCEDES E CLASS,-1,-1,0,-1
2021320302306,2021,320302306,2,9,0,18,19,5,1,0,0,1,0,0,1,0,4,1,6,6,2,69,10,2148,2,14,MERCEDES E CLASS,4,E01026082,0,-1
2021552100738,2021,552100738,1,9,0,18,19,2,6,0,0,8,0,0,0,0,3,1,6,6,1,76,11,3222,2,17,MERCEDES E CLASS,7,E01020566,0,-1
2021052102618,2021,052102618,1,9,0,18,19,1,5,0,0,8,0,0,0,0,1,1,6,6,1,74,10,3498,1,16,MERCEDES E CLASS,5,E01007161,0,-1
2021010325661,2021,010325661,2,9,0,4,4,6,2,0,0,0,0,0,0,0,1,1,6,6,1,49,8,1950,2,4,MERCEDES E CLASS,-1,-1,0,-1
2021010348498,2021,010348498,2,9,0,99,99,9,9,99,99,9,9,99,9,99,9,9,6,6,3,50,8,2987,2,14,MERCEDES E CLASS,3,E01001938,0,-1
2021010349417,2021,010349417,1,9,0,18,19,3,7,0,0,1,0,0,0,0,4,1,6,6,1,27,6,5461,1,7,MERCEDES E CLASS,3,E01004261,0,-1
2021010294593,2021,010294593,2,9,0,18,19,6,2,0,0,1,0,0,0,0,1,1,6,6,1,21,5,1950,2,4,MERCEDES E CLASS,7,E01021765,0,-1
2021010303164,2021,010303164,1,9,0,9,9,2,1,0,0,8,0,0,0,0,1,1,6,6,1,78,11,2143,2,7,MERCEDES E CLASS,4,E01003301,0,-1
2021010318459,2021,010318459,1,9,0,18,19,5,1,0,0,0,0,0,0,0,0,1,6,6,1,49,8,2143,2,9,MERCEDES E CLASS,2,E01001731,0,-1
2021451069035,2021,451069035,1,9,0,17,19,1,5,0,0,1,0,0,0,0,1,1,5,6,2,61,9,1991,8,0,MERCEDES E CLASS,9,E01001017,0,-1
2021010323368,2021,010323368,1,8,0,99,99,9,9,99,99,9,9,99,9,99,9,9,1,1,1,31,6,1950,2,3,MERCEDES E CLASS,3,E01004397,0,-1
2021141103145,2021,141103145,1,9,0,7,7,5,7,0,0,0,0,0,0,0,4,1,1,1,1,35,6,2143,2,7,MERCEDES E CLASS,1,E01007677,0,-1
2021430234292,2021,430234292,1,8,0,7,7,7,1,0,0,6,0,0,7,11,1,1,6,6,1,39,7,2143,2,5,MERCEDES E CLASS,7,E01016582,0,-1
2021401046784,2021,401046784,1,9,0,18,19,7,3,0,0,4,1,9,3,1,1,1,6,6,1,55,8,2143,2,12,MERCEDES E CLASS,8,E01017598,0,-1
2021010310161,2021,010310161,1,9,0,18,19,1,5,0,0,6,0,0,0,0,1,1,6,6,1,23,5,1950,2,4,MERCEDES E CLASS,6,E01000514,0,-1
2021010325311,2021,010325311,1,9,0,9,9,3,1,0,0,8,0,0,0,0,3,1,6,6,2,56,9,2143,2,6,MERCEDES E CLASS,5,E01001881,0,-1
2021371087024,2021,371087024,1,9,0,18,19,4,8,0,0,1,0,0,1,10,3,1,2,2,1,25,5,2148,2,13,MERCEDES E CLASS,9,E01030196,0,-1
2021010334916,2021,010334916,1,9,0,3,3,5,1,0,0,2,0,0,0,0,1,1,6,6,1,45,7,2143,2,9,MERCEDES E CLASS,2,E01004535,0,-1
2021461127007,2021,461127007,1,9,0,18,19,3,7,0,0,0,0,0,0,0,1,1,6,6,2,53,8,2143,2,8,MERCEDES E CLASS,7,E01024540,0,-1
2021201129262,2021,201129262,1,9,0,18,19,4,8,0,0,4,1,10,1,10,4,1,6,6,2,44,7,3498,1,5,MERCEDES E CLASS,4,E01009276,0,-1
2021010324979,2021,010324979,1,9,0,99,99,9,9,99,99,9,9,99,9,99,2,9,6,6,1,27,6,2143,2,7,MERCEDES E CLASS,5,E01002622,0,-1
202131B078921,2021,31B078921,1,9,0,18,19,2,4,0,0,2,0,0,0,0,2,1,6,6,1,73,10,1950,2,2,MERCEDES E CLASS,9,E01033393,0,-1
2021411071428,2021,411071428,1,9,0,3,3,1,5,0,0,0,0,0,0,0,2,1,6,6,1,43,7,2143,2,6,MERCEDES E CLASS,1,E01001781,0,-1
202134WNC0821,2021,34WNC0821,1,9,0,18,19,8,4,0,0,1,0,0,0,0,1,1,6,6,1,35,6,2148,2,15,MERCEDES E CLASS,2,E01027246,0,-1
2021070681322,2021,070681322,1,9,0,5,5,1,3,0,0,0,0,0,0,0,4,1,6,6,1,70,10,1950,2,4,MERCEDES E CLASS,-1,-1,0,-1
2021010334381,2021,010334381,2,9,0,99,99,9,9,99,99,9,9,99,9,99,9,9,6,6,3,45,7,1950,2,3,MERCEDES E CLASS,4,E01001444,0,-1
2021061102961,2021,061102961,2,9,0,18,19,2,6,0,0,1,0,0,0,0,2,1,5,6,1,84,11,2148,2,13,MERCEDES E CLASS,2,E01001438,0,-1
2021411110187,2021,411110187,1,9,0,18,19,2,6,0,0,0,0,0,0,0,4,1,6,6,1,45,7,2143,2,12,MERCEDES E CLASS,5,E01023939,0,-1
2021351053144,2021,351053144,1,8,0,18,19,7,2,0,0,4,0,0,0,0,1,1,1,1,1,48,8,1950,2,4,MERCEDES E CLASS,3,E01017952,0,-1
202131C040921,2021,31C040921,1,9,0,9,9,3,1,0,0,5,1,0,1,11,4,1,6,6,2,61,9,1950,2,4,MERCEDES E CLASS,7,E01025946,0,-1
2021451112835,2021,451112835,1,9,0,18,19,6,2,0,0,0,0,0,0,0,1,1,1,1,1,55,8,2143,2,7,MERCEDES E CLASS,4,E01016446,0,-1
2021201042031,2021,201042031,1,9,0,18,19,7,3,0,0,1,0,0,0,0,1,1,6,6,1,-1,-1,2987,2,10,MERCEDES E CLASS,-1,-1,0,-1
202131A175021,2021,31A175021,1,9,0,5,5,6,2,0,0,1,0,0,0,0,1,1,6,6,2,66,10,1950,2,2,MERCEDES E CLASS,6,E01027971,0,-1
202134WNC4011,2021,34WNC4011,2,8,0,18,19,3,7,0,0,0,0,0,0,0,4,1,1,1,1,61,9,2143,2,7,MERCEDES E CLASS,1,E01027168,0,-1
2021401029833,2021,401029833,1,9,0,18,19,8,4,0,0,0,1,0,0,0,1,1,6,6,1,35,6,2143,2,6,MERCEDES E CLASS,6,E01002531,0,-1
2021622100377,2021,622100377,4,9,0,2,2,0,0,0,0,0,0,0,0,0,4,1,6,6,3,-1,-1,1950,2,3,MERCEDES E CLASS,-1,-1,0,-1
2021010339503,2021,010339503,1,9,0,18,19,1,5,0,0,0,0,0,0,0,1,1,1,1,1,51,8,1950,2,4,MERCEDES E CLASS,3,E01004397,0,-1
2021010332078,2021,010332078,1,9,0,18,19,5,1,0,0,1,0,0,0,0,1,1,2,2,1,56,9,1950,2,5,MERCEDES E CLASS,3,E01000043,0,-1
2021421035054,2021,421035054,1,9,0,1,1,1,5,0,0,0,0,0,0,0,2,1,5,6,1,17,4,1950,2,3,MERCEDES E CLASS,6,E01021761,0,-1
2021430293232,2021,430293232,1,9,0,18,19,6,2,0,0,0,2,0,2,7,1,1,6,6,1,59,9,2987,2,15,MERCEDES E CLASS,7,E01015582,0,-1
2021010328734,2021,010328734,1,9,0,99,99,9,9,99,99,9,9,99,9,99,9,9,6,6,3,51,8,1991,1,2,MERCEDES E CLASS,5,E01003247,0,-1
2021421106765,2021,421106765,1,8,0,18,19,2,6,0,0,0,0,0,0,0,1,1,5,6,1,46,8,1950,2,3,MERCEDES E CLASS,5,E01015753,0,-1
2021010331448,2021,010331448,2,9,9,2,2,0,0,0,0,9,0,99,0,0,9,9,6,6,3,-1,-1,2143,2,9,MERCEDES E CLASS,-1,-1,0,-1
2021421013438,2021,421013438,1,9,0,18,19,5,1,0,0,0,0,0,1,4,1,1,1,1,1,27,6,2143,2,6,MERCEDES E CLASS,5,E01021338,0,-1
2021430161494,2021,430161494,1,9,0,3,3,2,6,0,0,1,0,0,0,0,2,1,6,6,1,43,7,2143,2,6,MERCEDES E CLASS,4,E01003722,0,-1
2021010313111,2021,010313111,2,9,0,10,10,7,5,0,0,2,0,0,0,0,3,1,6,6,1,35,6,2143,12,6,MERCEDES E CLASS,3,E01002306,0,-1
2021010313877,2021,010313877,4,9,0,2,2,0,0,9,9,0,0,0,0,0,3,1,6,6,3,-1,-1,1950,2,5,MERCEDES E CLASS,-1,-1,0,-1
2021451011377,2021,451011377,1,9,0,3,3,1,5,0,0,8,0,0,0,0,2,1,6,6,1,52,8,1950,2,3,MERCEDES E CLASS,9,E01030559,0,-1
2021471117723,2021,471117723,1,9,0,9,9,5,3,0,0,6,0,0,0,0,1,1,5,6,1,36,7,2143,2,9,MERCEDES E CLASS,5,E01031584,0,-1
2021552200133,2021,552200133,1,9,0,7,7,2,4,0,0,6,0,0,0,0,3,1,6,6,1,69,10,1950,2,1,MERCEDES E CLASS,8,E01015403,0,-1
2021010317601,2021,010317601,1,9,0,99,99,9,9,99,99,9,9,99,9,99,3,9,6,6,1,43,7,2143,2,5,MERCEDES E CLASS,2,E01001414,0,-1
2021421061044,2021,421061044,2,9,0,18,19,1,5,0,0,1,0,0,0,0,1,1,6,6,1,47,8,1950,2,5,MERCEDES E CLASS,3,E01001816,0,-1
2021010342479,2021,010342479,3,9,0,18,19,1,5,0,0,2,0,0,0,0,2,1,2,2,1,44,7,1991,1,3,MERCEDES E CLASS,3,E01002564,0,-1
2021061036833,2021,061036833,1,9,0,18,19,2,6,0,0,2,0,0,0,0,1,1,6,6,1,30,6,2143,2,8,MERCEDES E CLASS,4,E01005462,0,-1
2021010324407,2021,010324407,2,9,9,6,6,5,5,99,99,0,9,99,9,99,9,9,6,6,1,70,10,2143,2,7,MERCEDES E CLASS,5,E01004482,0,-1
2021501137499,2021,501137499,1,9,0,18,19,4,8,0,0,1,0,0,0,0,4,1,6,6,1,25,5,2143,2,10,MERCEDES E CLASS,4,E01015071,0,-1
2021010318367,2021,010318367,2,9,0,3,3,1,5,0,0,0,0,0,0,0,2,1,6,6,1,49,8,2143,2,12,MERCEDES E CLASS,-1,-1,0,-1
2021010307512,2021,010307512,1,9,0,99,99,9,9,99,99,0,9,99,9,99,2,9,6,6,1,25,5,1950,2,1,MERCEDES E CLASS,4,E01003770,0,-1
2021010331697,2021,010331697,2,9,0,2,2,0,0,0,0,0,0,0,0,0,3,1,6,6,3,-1,-1,2143,2,6,MERCEDES E CLASS,-1,-1,0,-1
2021201050078,2021,201050078,1,9,0,7,7,1,3,9,9,5,0,0,0,0,3,1,6,6,1,66,10,2143,2,9,MERCEDES E CLASS,5,E01009946,0,-1
2021041038592,2021,041038592,2,9,0,18,19,6,6,0,0,1,0,0,0,0,1,1,2,2,1,23,5,2685,2,19,MERCEDES E CLASS,5,E01010729,0,-1
2021010302397,2021,010302397,1,9,0,99,99,9,9,99,99,9,9,99,9,99,2,9,6,6,1,36,7,1950,2,2,MERCEDES E CLASS,7,E01004635,0,-1
2021010336521,2021,010336521,2,8,0,4,4,2,6,0,0,1,0,0,0,0,2,1,1,1,1,40,7,1950,2,4,MERCEDES E CLASS,5,E01001581,0,-1
2021041074660,2021,041074660,2,9,0,4,4,5,1,0,0,0,0,0,0,0,2,1,5,6,1,41,7,1950,2,4,MERCEDES E CLASS,8,E01025437,0,-1
2021201125294,2021,201125294,1,9,0,18,19,4,2,0,0,0,1,0,0,0,1,1,6,6,1,32,6,1950,2,2,MERCEDES E CLASS,1,E01008905,0,-1
2021010303646,2021,010303646,1,9,0,9,9,2,8,0,0,6,0,0,0,0,3,1,6,6,1,39,7,1950,2,4,MERCEDES E CLASS,7,E01000147,0,-1
2021041047399,2021,041047399,1,9,0,9,9,3,7,0,0,2,0,0,0,0,4,1,6,6,3,-1,-1,2143,2,6,MERCEDES E CLASS,-1,-1,0,-1
2021320157840,2021,320157840,1,9,0,18,19,7,3,0,0,2,0,0,0,0,4,1,6,6,1,73,10,2149,2,14,MERCEDES E CLASS,-1,-1,0,-1