collision_index,collision_year,collision_ref_no,vehicle_reference,vehicle_type,towing_and_articulation,vehicle_manoeuvre_historic,vehicle_manoeuvre,vehicle_direction_from,vehicle_direction_to,vehicle_location_restricted_lane_historic,vehicle_location_restricted_lane,junction_location,skidding_and_overturning,hit_object_in_carriageway,vehicle_leaving_carriageway,hit_object_off_carriageway,first_point_of_impact,vehicle_left_hand_drive,journey_purpose_of_driver_historic,journey_purpose_of_driver,sex_of_driver,age_of_driver,age_band_of_driver,engine_capacity_cc,propulsion_code,age_of_vehicle,generic_make_model,driver_imd_decile,lsoa_of_driver,escooter_flag,driver_distance_banding
202106A079632,2021,06A079632,2,9,0,2,2,0,0,0,0,0,0,0,0,4,0,1,6,6,1,30,6,2143,12,7,MERCEDES E CLASS,3,E01005216,0,-1
2021451056936,2021,451056936,2,9,0,4,4,5,1,0,0,3,0,0,0,0,1,1,3,7,1,52,8,2987,2,14,MERCEDES E CLASS,6,E01030736,0,-1
2021522102651,2021,522102651,2,8,0,9,9,7,5,0,0,7,0,0,0,0,4,1,6,6,3,-1,-1,1950,2,3,MERCEDES E CLASS,-1,-1,0,-1
2021010319395,2021,010319395,1,9,0,4,4,7,3,0,0,1,0,0,0,0,4,1,6,6,1,34,6,2987,2,7,MERCEDES E CLASS,5,E01003692,0,-1
2021231046498,2021,231046498,3,9,0,3,3,1,5,0,0,1,0,0,0,0,1,1,5,6,2,47,8,2987,2,12,MERCEDES E CLASS,6,E01031085,0,-1
2021010301613,2021,010301613,2,9,0,5,5,8,4,0,0,8,0,0,0,0,1,1,1,1,1,36,7,1950,2,3,MERCEDES E CLASS,6,E01002555,0,-1
2021546670621,2021,546670621,1,9,0,7,7,5,7,0,0,6,0,0,1,9,2,1,6,6,1,72,10,2143,2,6,MERCEDES E CLASS,8,E01032938,0,-1
2021010310828,2021,010310828,2,9,0,99,99,9,9,99,99,0,9,99,9,99,1,9,6,6,3,-1,-1,2987,2,12,MERCEDES E CLASS,-1,-1,0,-1
2021461030987,2021,461030987,1,9,0,18,19,4,1,0,0,0,0,0,0,0,4,1,6,6,2,53,8,1950,2,1,MERCEDES E CLASS,6,E01024345,0,-1
2021461060131,2021,461060131,1,9,0,18,19,1,5,0,0,0,0,0,0,0,1,1,6,6,1,40,7,1796,1,10,MERCEDES E CLASS,7,E01024316,0,-1
2021440166661,2021,440166661,2,9,0,18,19,8,4,0,0,0,0,0,0,0,0,1,6,6,1,50,8,2143,2,9,MERCEDES E CLASS,10,E01022682,0,-1
2021440071455,2021,440071455,1,9,0,18,19,4,8,0,0,8,0,0,0,0,4,1,2,2,1,37,7,2143,2,7,MERCEDES E CLASS,4,E01017278,0,-1
2021010323443,2021,010323443,3,9,0,2,2,0,0,0,0,0,0,0,0,0,3,1,6,6,3,-1,-1,2143,12,6,MERCEDES E CLASS,-1,-1,0,-1
2021010331544,2021,010331544,1,9,0,7,7,3,5,0,0,1,0,0,1,0,1,1,1,1,1,28,6,1950,2,5,MERCEDES E CLASS,2,E01002356,0,-1
2021010288956,2021,010288956,2,9,0,99,99,9,9,99,99,9,9,99,9,99,9,9,6,6,1,-1,-1,1950,2,4,MERCEDES E CLASS,4,E01000466,0,-1
2021010303866,2021,010303866,1,9,0,2,2,0,0,99,99,0,9,99,9,99,2,9,6,6,1,31,6,2996,1,4,MERCEDES E CLASS,-1,-1,0,-1
2021010289202,2021,010289202,1,8,0,99,99,9,9,99,99,9,9,99,9,99,9,9,6,6,1,65,9,2143,2,6,MERCEDES E CLASS,2,E01001755,0,-1
2021351014290,2021,351014290,1,9,0,18,19,5,1,0,0,0,1,0,1,0,1,1,6,6,1,34,6,2143,2,7,MERCEDES E CLASS,3,E01018093,0,-1
2021421088577,2021,421088577,1,9,0,18,19,6,2,0,0,0,0,0,1,0,2,1,6,6,3,30,6,2143,2,10,MERCEDES E CLASS,-1,-1,0,-1
2021201060577,2021,201060577,1,9,0,14,14,4,8,0,0,8,0,0,0,0,1,1,6,6,3,-1,-1,2685,2,17,MERCEDES E CLASS,-1,-1,0,-1
2021471026234,2021,471026234,2,9,0,18,19,4,8,0,0,0,1,0,0,0,1,1,5,6,1,53,8,2987,2,9,MERCEDES E CLASS,9,E01031625,0,-1
2021010311082,2021,010311082,1,9,0,3,3,3,7,0,0,2,0,8,0,0,3,1,6,6,1,42,7,1950,2,2,MERCEDES E CLASS,8,E01004480,0,-1
2021101015591,2021,101015591,2,9,0,18,19,8,4,0,0,0,0,0,0,0,2,1,1,1,1,31,6,2143,2,8,MERCEDES E CLASS,5,E01008359,0,-1
2021010314642,2021,010314642,2,9,0,99,99,9,9,99,99,9,9,99,9,99,9,9,6,6,3,-1,-1,1950,2,0,MERCEDES E CLASS,3,E01004397,0,-1
2021481146607,2021,481146607,1,9,0,6,6,5,5,0,0,2,0,0,0,0,3,1,1,1,1,57,9,1950,2,3,MERCEDES E CLASS,2,E01003920,0,-1
2021010319428,2021,010319428,1,9,0,18,19,7,3,0,0,5,0,0,0,0,3,1,6,6,1,32,6,1950,2,5,MERCEDES E CLASS,-1,-1,0,-1
2021010305360,2021,010305360,1,8,0,6,6,5,5,0,0,0,0,0,0,0,0,1,1,1,1,55,8,1991,8,2,MERCEDES E CLASS,4,E01033424,0,-1
2021401129427,2021,401129427,3,9,0,18,19,7,3,0,0,1,0,0,0,0,2,1,6,6,2,44,7,2148,2,13,MERCEDES E CLASS,4,E01015756,0,-1
2021010322709,2021,010322709,1,9,0,9,9,4,2,0,0,0,0,0,0,0,1,1,2,2,1,34,6,2987,2,12,MERCEDES E CLASS,5,E01002361,0,-1
2021010300840,2021,010300840,1,9,0,4,4,1,5,0,0,8,0,0,0,0,2,1,6,6,2,66,10,2685,2,18,MERCEDES E CLASS,5,E01001350,0,-1
2021010334153,2021,010334153,1,9,0,99,99,9,9,99,99,9,9,99,9,99,2,9,6,6,1,31,6,1950,2,4,MERCEDES E CLASS,6,E01001964,0,-1
2021010333361,2021,010333361,1,9,0,5,5,3,7,0,0,8,0,0,0,0,1,1,2,2,1,38,7,2925,2,2,MERCEDES E CLASS,5,E01004616,0,-1
2021451088457,2021,451088457,2,8,0,18,19,1,3,0,0,0,0,0,0,0,1,1,6,6,1,50,8,2143,2,6,MERCEDES E CLASS,10,E01030416,0,-1
2021201083163,2021,201083163,4,9,0,18,19,8,4,0,0,1,0,0,0,0,2,1,6,6,1,52,8,2143,2,8,MERCEDES E CLASS,7,E01010546,0,-1
2021991027860,2021,991027860,1,9,0,7,7,2,4,0,0,3,0,0,0,0,4,1,6,6,1,59,9,2143,2,7,MERCEDES E CLASS,2,-1,0,-1
2021311101931,2021,311101931,1,9,0,18,19,1,4,0,0,1,1,10,0,0,3,1,6,6,1,28,6,2143,2,7,MERCEDES E CLASS,2,E01013856,0,-1
2021361076328,2021,361076328,2,9,0,4,4,3,7,0,0,1,0,0,1,9,2,1,1,1,1,58,9,2987,2,7,MERCEDES E CLASS,6,E01030273,0,-1
202134NNC7181,2021,34NNC7181,1,9,0,18,19,8,4,0,0,0,0,0,0,0,3,1,6,6,2,64,9,2143,2,9,MERCEDES E CLASS,5,E01027328,0,-1
2021010330222,2021,010330222,1,9,0,9,9,4,2,0,0,1,0,0,0,0,1,1,6,6,1,33,6,2987,2,12,MERCEDES E CLASS,6,E01004726,0,-1
2021552100721,2021,552100721,2,9,0,18,19,4,8,0,0,8,0,0,0,0,1,1,2,2,1,74,10,2143,2,10,MERCEDES E CLASS,7,E01020546,0,-1
2021010335913,2021,010335913,2,9,0,18,19,3,7,0,0,0,0,0,0,0,2,1,6,6,1,58,9,2143,2,6,MERCEDES E CLASS,5,E01002584,0,-1
2021201107239,2021,201107239,1,9,0,18,19,2,6,0,0,0,0,4,0,0,1,1,6,6,1,27,6,2143,2,7,MERCEDES E CLASS,1,E01009378,0,-1
2021010303747,2021,010303747,1,9,0,99,99,9,9,99,99,9,9,99,9,99,2,9,6,6,3,-1,-1,2398,1,22,MERCEDES E CLASS,-1,-1,0,-1
202163D034921,2021,63D034921,1,9,0,18,19,8,4,0,0,0,0,0,0,0,4,1,6,6,1,83,11,2987,2,14,MERCEDES E CLASS,5,W01000452,0,-1
2021010318308,2021,010318308,2,8,0,18,19,3,7,0,0,0,0,0,3,0,1,1,1,1,1,33,6,1991,8,3,MERCEDES E CLASS,5,E01015740,0,-1
2021101027799,2021,101027799,2,9,0,17,19,4,1,0,0,0,0,0,0,0,0,1,5,6,1,65,9,2148,2,13,MERCEDES E CLASS,-1,-1,0,-1
2021430381139,2021,430381139,2,9,0,18,19,5,1,0,0,1,0,0,0,0,1,1,6,6,1,60,9,2143,2,9,MERCEDES E CLASS,-1,-1,0,-1
2021440349786,2021,440349786,2,9,0,9,9,7,3,0,0,5,0,0,0,0,4,1,6,6,1,40,7,2987,2,10,MERCEDES E CLASS,4,E01017217,0,-1
2021501038292,2021,501038292,1,9,0,3,3,4,8,0,0,0,0,0,0,0,2,1,1,1,1,37,7,1950,2,1,MERCEDES E CLASS,5,E01018945,0,-1
2021010324954,2021,010324954,2,9,0,99,99,9,9,99,99,9,9,99,9,99,1,9,6,6,3,-1,-1,1950,2,3,MERCEDES E CLASS,-1,-1,0,-1
2021010327392,2021,010327392,2,9,0,18,19,1,5,0,0,8,0,0,0,0,1,1,2,2,1,41,7,2987,2,10,MERCEDES E CLASS,9,E01030802,0,-1
2021010293621,2021,010293621,1,9,0,99,99,9,9,99,99,9,9,99,9,99,2,9,6,6,1,34,6,1950,2,3,MERCEDES E CLASS,9,E01000775,0,-1
2021061070289,2021,061070289,1,8,0,9,9,8,2,0,0,8,0,0,0,0,4,1,1,1,1,45,7,1950,2,2,MERCEDES E CLASS,1,E01005242,0,-1
2021010349720,2021,010349720,1,9,0,18,19,5,1,0,0,1,0,0,0,0,1,1,6,6,1,43,7,2925,2,1,MERCEDES E CLASS,6,E01004216,0,-1
2021010340624,2021,010340624,1,9,0,99,99,9,9,99,99,9,9,99,9,99,1,9,6,6,1,29,6,1950,2,4,MERCEDES E CLASS,2,E01000075,0,-1
2021010314865,2021,010314865,1,9,0,6,6,2,2,0,0,1,0,0,0,0,1,1,1,1,1,39,7,1991,8,2,MERCEDES E CLASS,1,E01002026,0,-1
2021201131659,2021,201131659,1,9,0,3,3,7,3,0,0,1,0,4,1,3,1,1,6,6,2,62,9,2143,2,8,MERCEDES E CLASS,8,E01010201,0,-1
2021010296612,2021,010296612,1,9,0,11,11,5,1,99,99,0,9,99,9,99,2,9,6,6,1,30,6,2149,2,14,MERCEDES E CLASS,4,E01026850,0,-1
2021010318717,2021,010318717,1,9,0,5,5,3,7,0,0,4,0,0,0,0,4,1,6,6,1,65,9,2143,2,8,MERCEDES E CLASS,6,E01004017,0,-1
2021451084514,2021,451084514,1,9,0,17,19,7,3,0,0,0,5,0,1,4,1,1,5,6,1,53,8,2143,2,11,MERCEDES E CLASS,10,E01030953,0,-1
2021010302165,2021,010302165,1,9,0,99,99,9,9,99,99,1,9,99,9,99,2,9,6,6,2,54,8,2143,2,7,MERCEDES E CLASS,3,E01002370,0,-1
2021010329571,2021,010329571,2,9,0,99,99,9,9,99,99,9,9,99,9,99,9,9,6,6,3,-1,-1,1950,2,4,MERCEDES E CLASS,-1,-1,0,-1
2021010320363,2021,010320363,2,9,0,1,1,1,5,0,0,1,0,0,0,0,0,1,6,6,1,-1,-1,2143,2,10,MERCEDES E CLASS,5,E01030982,0,-1
2021430445675,2021,430445675,2,9,0,18,19,2,6,0,0,8,0,0,0,0,1,1,6,6,1,31,6,2143,2,9,MERCEDES E CLASS,-1,-1,0,-1
2021010293316,2021,010293316,2,9,0,18,19,5,1,0,0,2,0,0,7,4,3,1,2,2,1,35,6,1950,2,5,MERCEDES E CLASS,5,E01004188,0,-1
2021131049111,2021,131049111,1,9,0,6,6,1,1,0,0,8,0,0,0,0,3,1,1,1,1,29,6,1950,2,0,MERCEDES E CLASS,8,E01011687,0,-1
2021041048998,2021,041048998,2,9,0,18,19,5,7,0,0,1,0,0,0,0,2,1,5,6,1,24,5,1950,2,3,MERCEDES E CLASS,5,E01025235,0,-1
2021430527894,2021,430527894,2,9,0,4,4,6,2,0,0,2,0,0,0,0,2,1,6,6,1,36,7,2143,2,6,MERCEDES E CLASS,5,E01002529,0,-1
2021211052724,2021,211052724,1,9,0,4,4,7,3,0,0,0,0,0,0,0,2,1,6,6,2,33,6,2143,2,6,MERCEDES E CLASS,4,E01029634,0,-1
2021201126822,2021,201126822,1,9,0,18,19,4,8,0,0,0,1,0,0,0,1,1,6,6,3,-1,-1,2148,2,16,MERCEDES E CLASS,-1,-1,0,-1
2021010315338,2021,010315338,2,9,0,18,19,3,7,0,0,1,0,0,0,0,1,1,1,1,1,51,8,2143,2,6,MERCEDES E CLASS,2,E01000550,0,-1
2021221056252,2021,221056252,1,9,0,18,19,2,6,0,0,4,0,0,0,0,3,1,2,2,1,42,7,1950,2,3,MERCEDES E CLASS,8,E01032208,0,-1
2021430220442,2021,430220442,2,8,0,2,2,0,0,0,0,0,0,0,0,0,3,1,1,1,1,29,6,1950,2,5,MERCEDES E CLASS,3,E01016375,0,-1
2021421072845,2021,421072845,5,9,0,2,2,0,0,6,6,0,0,4,0,0,2,1,5,6,1,73,10,2987,2,11,MERCEDES E CLASS,-1,-1,0,-1
2021010306985,2021,010306985,1,9,0,99,99,9,9,99,99,9,9,99,9,99,2,9,2,2,2,46,8,1950,2,4,MERCEDES E CLASS,5,E01033592,0,-1
2021010310121,2021,010310121,2,9,4,99,99,9,9,99,99,9,9,99,9,99,9,9,6,6,3,39,7,1950,2,4,MERCEDES E CLASS,4,E01004388,0,-1
2021549419621,2021,549419621,1,9,0,18,19,3,7,0,0,0,0,0,0,0,1,1,6,6,1,30,6,2148,2,15,MERCEDES E CLASS,2,E01014624,0,-1
2021451032703,2021,451032703,2,9,0,11,11,5,1,0,0,2,0,0,0,0,1,1,6,6,1,27,6,2143,2,10,MERCEDES E CLASS,4,E01002650,0,-1
2021401043950,2021,401043950,1,9,0,18,19,4,8,0,0,0,0,0,0,0,3,1,6,6,3,-1,-1,1950,2,0,MERCEDES E CLASS,-1,-1,0,-1
2021111058651,2021,111058651,1,9,0,18,19,7,3,0,0,0,0,0,0,0,4,1,6,6,1,51,8,1950,2,5,MERCEDES E CLASS,8,E01020680,0,-1
2021010347867,2021,010347867,3,9,0,18,19,5,1,0,0,8,0,0,0,0,1,1,2,2,1,58,9,2143,2,8,MERCEDES E CLASS,-1,-1,0,-1
2021010305836,2021,010305836,1,9,0,9,9,1,6,0,0,1,0,0,0,0,1,1,1,1,1,55,8,2143,2,9,MERCEDES E CLASS,9,E01003880,0,-1
2021351120957,2021,351120957,2,9,0,18,19,2,6,0,0,0,0,0,0,0,1,1,5,6,2,32,6,2143,2,9,MERCEDES E CLASS,2,E01033111,0,-1
2021010340621,2021,010340621,1,9,0,99,99,9,9,99,99,9,9,99,9,99,9,9,2,2,2,62,9,1950,2,2,MERCEDES E CLASS,5,E01003724,0,-1
2021430401217,2021,430401217,1,9,0,9,9,6,4,0,0,6,0,0,0,0,3,1,6,6,1,28,6,1950,2,5,MERCEDES E CLASS,3,E01016465,0,-1
202134WNC5551,2021,34WNC5551,1,9,0,18,19,2,6,0,0,4,0,0,0,0,1,1,6,6,1,32,6,2996,2,23,MERCEDES E CLASS,8,E01032974,0,-1
2021010302679,2021,010302679,2,9,0,99,99,9,9,99,99,9,9,99,9,99,1,9,6,6,3,-1,-1,1950,2,5,MERCEDES E CLASS,-1,-1,0,-1
2021471126182,2021,471126182,1,9,0,10,10,3,1,0,0,8,0,0,0,0,1,1,6,6,1,71,10,2143,2,11,MERCEDES E CLASS,5,E01031584,0,-1
202134WNC6021,2021,34WNC6021,1,9,0,18,19,1,5,0,0,1,0,0,0,0,1,1,2,2,1,45,7,2685,2,17,MERCEDES E CLASS,-1,-1,0,-1
2021201083251,2021,201083251,2,9,0,8,8,2,4,0,0,4,0,0,0,0,4,1,6,6,1,-1,-1,5439,1,21,MERCEDES E CLASS,1,E01033356,0,-1
2021010296565,2021,010296565,2,9,0,99,99,9,9,99,99,9,9,99,9,99,1,9,6,6,1,-1,-1,1950,2,4,MERCEDES E CLASS,10,E01030989,0,-1
2021131047638,2021,131047638,1,9,0,9,9,5,7,0,0,0,0,0,0,0,4,1,5,6,1,25,5,1950,2,4,MERCEDES E CLASS,6,E01010816,0,-1
2021131035311,2021,131035311,1,9,0,12,12,3,7,0,0,0,0,0,0,0,1,1,5,6,1,33,6,2925,2,3,MERCEDES E CLASS,9,E01027917,0,-1
2021010316550,2021,010316550,1,9,0,9,9,5,3,0,0,8,0,0,0,0,0,1,6,6,1,40,7,2143,2,6,MERCEDES E CLASS,2,E01002604,0,-1
2021302101631,2021,302101631,1,9,0,17,19,4,8,0,0,0,0,0,0,0,1,1,2,2,2,61,9,2143,2,8,MERCEDES E CLASS,10,E01019427,0,-1
2021201034700,2021,201034700,1,9,0,16,19,5,8,0,0,0,0,0,0,0,1,1,6,6,1,-1,-1,2987,2,10,MERCEDES E CLASS,1,E01009346,0,-1
2021010321745,2021,010321745,1,9,0,18,19,7,3,0,0,8,0,0,0,0,1,1,6,6,1,20,4,2148,2,17,MERCEDES E CLASS,-1,-1,0,-1
2021010336693,2021,010336693,1,9,0,3,3,7,3,0,0,6,0,0,0,0,3,1,1,1,1,49,8,1950,2,4,MERCEDES E CLASS,1,E01033153,0,-1
2021138390945,2021,138390945,2,9,0,9,9,3,1,0,0,8,0,0,0,0,1,1,6,6,2,55,8,2143,2,5,MERCEDES E CLASS,1,E01010612,0,-1
2021010353877,2021,010353877,2,9,9,18,19,5,1,99,99,1,9,99,9,99,9,9,6,6,1,38,7,1950,2,5,MERCEDES E CLASS,2,E01000374,0,-1
2021131098702,2021,131098702,1,9,0,18,19,3,7,0,0,8,0,0,0,0,1,1,5,6,1,50,8,2143,2,12,MERCEDES E CLASS,7,E01011652,0,-1
2021010312225,2021,010312225,1,9,0,1,1,5,1,9,9,1,0,0,0,0,2,1,6,6,1,30,6,1950,2,5,MERCEDES E CLASS,4,E01004150,0,-1
2021471067279,2021,471067279,1,9,0,9,9,5,1,0,0,4,0,0,3,0,1,1,6,6,1,66,10,1950,2,2,MERCEDES E CLASS,7,E01031490,0,-1
2021302100819,2021,302100819,2,9,0,18,19,6,2,0,0,2,0,0,0,0,0,1,6,6,1,21,5,2143,2,8,MERCEDES E CLASS,1,E01013568,0,-1
2021010325510,2021,010325510,2,9,0,99,99,9,9,0,0,1,0,0,0,0,9,9,6,6,3,-1,-1,2143,2,7,MERCEDES E CLASS,-1,-1,0,-1
2021010344711,2021,010344711,1,9,0,9,9,7,5,0,0,5,2,0,0,0,9,9,6,6,1,48,8,2143,2,5,MERCEDES E CLASS,9,E01001028,0,-1
2021010329338,2021,010329338,2,9,0,99,99,9,9,99,99,9,9,99,9,99,1,9,6,6,3,54,8,1950,12,0,MERCEDES E CLASS,5,E01003681,0,-1
2021010324652,2021,010324652,2,9,0,99,99,9,9,99,99,9,9,99,9,99,1,9,6,6,3,-1,-1,2987,2,15,MERCEDES E CLASS,-1,-1,0,-1
2021430363650,2021,430363650,2,9,0,4,4,8,4,0,0,1,0,0,0,0,2,1,3,7,1,38,7,1950,2,1,MERCEDES E CLASS,3,E01016746,0,-1
2021471052564,2021,471052564,1,9,0,18,19,2,6,0,0,0,0,0,1,0,1,1,5,6,1,67,10,1950,2,1,MERCEDES E CLASS,10,E01031640,0,-1
2021010341119,2021,010341119,1,9,0,99,99,9,9,99,99,9,9,99,9,99,1,9,6,6,2,34,6,2987,2,10,MERCEDES E CLASS,4,E01001480,0,-1
2021010309541,2021,010309541,2,8,0,99,99,9,9,99,99,9,9,99,9,99,1,9,6,6,3,-1,-1,1950,2,4,MERCEDES E CLASS,6,E01001084,0,-1
2021522105360,2021,522105360,2,8,0,18,19,4,7,0,0,4,0,0,0,0,1,1,6,6,3,-1,-1,1950,2,5,MERCEDES E CLASS,-1,-1,0,-1
2021010307376,2021,010307376,1,9,0,18,19,2,6,0,0,1,0,4,0,0,1,1,6,6,1,21,5,1950,2,1,MERCEDES E CLASS,3,E01004331,0,-1
2021302100815,2021,302100815,1,9,0,4,4,2,6,0,0,8,0,0,0,0,2,1,6,6,1,44,7,2398,1,22,MERCEDES E CLASS,5,E01033413,0,-1
2021010302220,2021,010302220,2,9,0,18,19,3,7,0,0,0,0,0,0,0,1,1,6,6,1,21,5,1950,2,5,MERCEDES E CLASS,1,E01005209,0,-1
2021010329359,2021,010329359,2,9,0,18,19,3,7,0,0,1,0,0,0,0,1,1,6,6,1,32,6,1950,2,3,MERCEDES E CLASS,9,E01002286,0,-1
2021201132729,2021,201132729,1,9,0,18,19,8,4,0,0,8,0,10,7,11,1,1,6,6,1,64,9,3222,2,18,MERCEDES E CLASS,1,E01033645,0,-1
2021061033573,2021,061033573,1,9,0,6,6,1,5,0,0,6,0,0,0,0,2,1,6,6,1,30,6,1950,2,4,MERCEDES E CLASS,7,E01004900,0,-1
2021010308981,2021,010308981,1,9,0,18,19,5,1,0,0,2,0,0,0,0,1,1,6,6,1,67,10,1950,2,3,MERCEDES E CLASS,3,E01002303,0,-1
2021010334010,2021,010334010,1,8,0,5,5,1,5,0,0,1,0,0,0,0,1,1,1,1,1,55,8,2143,2,6,MERCEDES E CLASS,7,E01015812,0,-1
2021010298264,2021,010298264,2,9,0,11,11,1,5,0,0,3,0,0,0,0,2,1,1,1,2,55,8,2143,2,6,MERCEDES E CLASS,2,E01001011,0,-1
2021451083767,2021,451083767,1,9,0,18,19,5,1,0,0,0,5,0,8,6,1,1,6,6,1,41,7,2987,2,10,MERCEDES E CLASS,10,E01004105,0,-1
2021010328492,2021,010328492,1,9,0,18,19,5,1,9,9,1,0,0,8,11,1,1,6,6,1,59,9,1950,2,3,MERCEDES E CLASS,2,E01000954,0,-1
2021010296830,2021,010296830,3,9,0,2,2,0,0,0,0,8,0,0,0,0,3,1,6,6,3,-1,-1,2143,2,11,MERCEDES E CLASS,-1,-1,0,-1
2021371028776,2021,371028776,2,9,0,3,3,5,1,0,0,0,0,0,0,0,2,1,5,6,1,63,9,2987,2,14,MERCEDES E CLASS,3,E01030025,0,-1
2021471054582,2021,471054582,1,9,0,9,9,8,6,0,0,1,0,0,0,0,1,1,5,6,1,25,5,1950,2,4,MERCEDES E CLASS,4,E01020914,0,-1
2021471093078,2021,471093078,1,9,0,3,3,1,5,0,0,1,0,0,0,0,-1,1,6,6,1,42,7,1950,12,2,MERCEDES E CLASS,1,E01004249,0,-1
2021010292961,2021,010292961,2,9,0,18,19,3,7,99,99,8,9,99,9,99,4,1,6,6,1,26,6,2148,2,15,MERCEDES E CLASS,3,E01002308,0,-1
2021010350148,2021,010350148,1,9,0,18,19,7,3,0,0,8,0,0,0,0,1,1,6,6,1,34,6,2143,2,9,MERCEDES E CLASS,5,E01032741,0,-1
2021131116305,2021,131116305,1,9,0,18,19,2,6,0,0,8,1,0,0,0,3,1,5,6,1,63,9,3226,2,20,MERCEDES E CLASS,9,E01012234,0,-1
2021010302993,2021,010302993,2,9,0,2,2,0,0,0,0,0,0,0,0,0,1,1,6,6,3,-1,-1,1950,2,2,MERCEDES E CLASS,-1,-1,0,-1
2021010339919,2021,010339919,1,9,0,6,6,3,3,0,0,8,0,0,0,0,1,1,2,2,1,47,8,2143,2,6,MERCEDES E CLASS,3,E01000642,0,-1
2021302100790,2021,302100790,1,9,0,6,6,1,1,0,0,0,0,0,0,0,3,1,6,6,1,45,7,2987,2,7,MERCEDES E CLASS,9,E01019839,0,-1
2021010332920,2021,010332920,2,9,0,18,19,1,5,0,0,6,0,99,0,0,1,1,6,6,3,-1,-1,2987,2,10,MERCEDES E CLASS,-1,-1,0,-1
2021451105095,2021,451105095,7,9,0,18,19,7,3,0,0,0,0,0,0,0,1,1,6,6,2,34,6,2925,2,1,MERCEDES E CLASS,5,E01028505,0,-1
2021010337944,2021,010337944,2,9,0,99,99,9,9,99,99,9,9,99,9,99,9,9,6,6,2,31,6,2143,2,7,MERCEDES E CLASS,4,E01003722,0,-1
2021010321036,2021,010321036,1,9,0,99,99,9,9,0,0,0,0,0,0,0,9,9,6,6,3,-1,-1,2149,2,14,MERCEDES E CLASS,-1,-1,0,-1
2021010335766,2021,010335766,2,9,0,6,6,8,8,0,0,0,0,0,0,0,4,1,1,1,1,42,7,2143,2,6,MERCEDES E CLASS,5,E01001914,0,-1
2021061029781,2021,061029781,1,9,0,18,19,3,3,0,0,2,0,0,0,0,1,1,6,6,3,30,6,2143,2,11,MERCEDES E CLASS,-1,-1,0,-1
2021430423535,2021,430423535,1,8,0,18,19,8,4,0,0,0,0,0,0,0,2,1,2,2,1,41,7,1950,2,4,MERCEDES E CLASS,5,E01016502,0,-1
2021041125049,2021,041125049,1,9,0,11,11,1,7,0,0,1,0,0,3,0,1,1,5,6,1,37,7,2143,2,8,MERCEDES E CLASS,1,E01025156,0,-1
2021411131073,2021,411131073,1,9,0,18,19,1,5,0,0,2,0,0,0,0,3,1,5,6,1,54,8,2987,2,10,MERCEDES E CLASS,9,E01023580,0,-1
2021010292662,2021,010292662,2,9,0,18,19,1,5,0,0,1,0,0,0,0,1,1,6,6,1,34,6,1950,2,3,MERCEDES E CLASS,7,E01030859,0,-1
2021302101495,2021,302101495,2,8,0,14,14,7,3,0,0,2,0,0,0,0,4,1,1,1,1,67,10,2143,2,7,MERCEDES E CLASS,1,E01013570,0,-1
2021451107919,2021,451107919,2,9,0,5,5,5,1,0,0,0,0,0,0,0,2,1,5,6,1,40,7,2148,2,14,MERCEDES E CLASS,9,E01030298,0,-1
2021141086395,2021,141086395,1,9,0,9,9,5,1,0,0,5,0,0,0,0,1,1,5,6,1,35,6,2143,2,7,MERCEDES E CLASS,1,E01007365,0,-1
202131C055521,2021,31C055521,1,9,0,18,19,8,4,5,5,1,0,0,0,0,4,1,6,6,1,48,8,2143,2,7,MERCEDES E CLASS,2,E01033400,0,-1
2021010348848,2021,010348848,1,9,0,3,3,5,1,0,0,0,0,0,0,0,2,1,6,6,1,65,9,2143,2,5,MERCEDES E CLASS,4,E01004569,0,-1
2021371099782,2021,371099782,2,9,0,18,19,7,3,0,0,1,0,0,0,0,4,1,5,6,1,40,7,2143,2,10,MERCEDES E CLASS,2,E01030023,0,-1
2021440350374,2021,440350374,2,9,0,3,3,5,2,0,0,1,0,0,0,0,2,1,2,2,1,41,7,1950,2,3,MERCEDES E CLASS,9,E01024143,0,-1
2021371138313,2021,371138313,1,9,0,7,7,7,5,0,0,6,1,0,0,0,3,1,5,6,1,74,10,1950,2,2,MERCEDES E CLASS,9,E01022202,0,-1
2021010290807,2021,010290807,2,9,0,18,19,5,1,0,0,1,0,0,0,0,1,1,6,6,1,30,6,3222,2,17,MERCEDES E CLASS,3,E01004452,0,-1
2021010327640,2021,010327640,1,9,0,18,19,7,3,0,0,2,0,0,0,0,1,1,2,2,1,49,8,1950,2,3,MERCEDES E CLASS,5,E01000067,0,-1
2021010304149,2021,010304149,1,9,0,18,19,3,7,0,0,5,0,0,3,6,1,1,6,6,1,38,7,1998,1,20,MERCEDES E CLASS,3,E01001446,0,-1