collision_index,collision_year,collision_ref_no,vehicle_reference,vehicle_type,towing_and_articulation,vehicle_manoeuvre_historic,vehicle_manoeuvre,vehicle_direction_from,vehicle_direction_to,vehicle_location_restricted_lane_historic,vehicle_location_restricted_lane,junction_location,skidding_and_overturning,hit_object_in_carriageway,vehicle_leaving_carriageway,hit_object_off_carriageway,first_point_of_impact,vehicle_left_hand_drive,journey_purpose_of_driver_historic,journey_purpose_of_driver,sex_of_driver,age_of_driver,age_band_of_driver,engine_capacity_cc,propulsion_code,age_of_vehicle,generic_make_model,driver_imd_decile,lsoa_of_driver,escooter_flag,driver_distance_banding
2021052102860,2021,052102860,1,9,0,18,19,2,6,0,0,0,0,0,0,0,1,1,2,2,1,61,9,2143,2,7,MERCEDES E CLASS,3,E01007137,0,-1
2021070195176,2021,070195176,1,9,0,18,19,2,6,0,0,0,1,0,0,0,1,1,6,6,1,33,6,2987,2,12,MERCEDES E CLASS,1,E01006460,0,-1
2021010303271,2021,010303271,2,9,0,99,99,9,9,99,99,9,9,99,9,99,2,9,6,6,1,-1,-1,2987,2,12,MERCEDES E CLASS,3,E01001263,0,-1
2021122100320,2021,122100320,1,9,0,5,5,2,5,0,0,6,0,0,0,0,1,1,2,2,2,47,8,1950,2,3,MERCEDES E CLASS,10,E01013360,0,-1
2021471032411,2021,471032411,1,9,0,18,19,3,7,0,0,0,1,0,0,0,1,1,6,6,1,-1,-1,2143,2,8,MERCEDES E CLASS,3,E01000736,0,-1
2021010325225,2021,010325225,2,9,0,2,2,0,0,0,0,8,0,0,0,0,3,1,6,6,3,-1,-1,2149,2,14,MERCEDES E CLASS,-1,-1,0,-1
202134NNC2501,2021,34NNC2501,1,9,0,3,3,5,1,0,0,4,0,0,0,0,1,1,2,2,1,44,7,1950,2,1,MERCEDES E CLASS,3,E01027035,0,-1
2021010315681,2021,010315681,1,9,0,4,4,5,1,0,0,0,0,0,0,0,1,1,2,2,1,29,6,1950,2,3,MERCEDES E CLASS,6,E01003272,0,-1
2021531062453,2021,531062453,1,9,0,18,19,6,8,0,0,8,2,0,3,1,1,1,5,6,1,38,7,5439,1,17,MERCEDES E CLASS,8,E01022423,0,-1
2021430139843,2021,430139843,3,9,0,3,3,8,4,0,0,8,0,0,0,0,2,1,6,6,1,45,7,1950,2,5,MERCEDES E CLASS,3,E01017906,0,-1
2021010304284,2021,010304284,2,9,0,99,99,9,9,99,99,9,9,99,9,99,9,9,6,6,3,-1,-1,1796,1,10,MERCEDES E CLASS,4,E01003333,0,-1
2021010319715,2021,010319715,1,9,9,99,99,9,9,99,99,9,9,99,9,99,9,9,2,2,1,53,8,2143,2,8,MERCEDES E CLASS,2,E01002053,0,-1
2021061079657,2021,061079657,2,8,0,18,19,7,3,0,0,8,0,0,0,0,1,1,1,1,1,36,7,2143,2,6,MERCEDES E CLASS,1,E01005205,0,-1
2021141038685,2021,141038685,1,9,0,18,19,5,1,0,0,0,0,0,0,0,4,1,1,1,1,38,7,1950,2,4,MERCEDES E CLASS,1,E01013330,0,-1
2021430052058,2021,430052058,2,9,0,18,19,7,5,0,0,6,0,0,0,0,4,1,6,6,1,-1,-1,2143,12,8,MERCEDES E CLASS,-1,-1,0,-1
2021010337488,2021,010337488,2,9,9,99,99,9,9,99,99,9,9,99,9,99,1,9,6,6,3,-1,-1,2987,2,12,MERCEDES E CLASS,-1,-1,0,-1
2021010314341,2021,010314341,2,8,0,99,99,9,9,99,99,9,9,99,9,99,9,9,6,6,1,-1,-1,1950,2,3,MERCEDES E CLASS,2,E01001441,0,-1
2021061124895,2021,061124895,1,9,0,18,19,2,6,0,0,1,0,0,0,0,1,1,6,6,3,30,6,2143,2,9,MERCEDES E CLASS,-1,-1,0,-1
2021461093436,2021,461093436,2,9,0,7,7,3,7,0,0,0,0,0,0,0,4,1,6,6,1,57,9,2143,2,8,MERCEDES E CLASS,8,E01024313,0,-1
2021991049830,2021,991049830,1,9,0,5,5,7,5,0,0,0,0,0,0,0,4,1,3,7,2,53,8,2143,2,7,MERCEDES E CLASS,8,-1,0,-1
2021010336936,2021,010336936,1,9,0,18,19,3,7,0,0,1,0,7,7,4,1,1,6,6,1,56,9,3222,2,18,MERCEDES E CLASS,-1,-1,0,-1
2021991066857,2021,991066857,2,9,0,18,19,6,2,0,0,8,0,0,0,0,4,1,6,6,1,74,10,2996,1,7,MERCEDES E CLASS,6,-1,0,-1
2021010316437,2021,010316437,1,9,0,99,99,9,9,99,99,8,9,0,0,0,4,9,6,6,2,27,6,1950,2,2,MERCEDES E CLASS,4,E01003354,0,-1
2021010290601,2021,010290601,2,9,0,18,19,8,4,0,0,2,0,0,0,0,2,1,6,6,3,-1,-1,1950,2,4,MERCEDES E CLASS,-1,-1,0,-1
2021061072935,2021,061072935,1,9,0,18,19,3,7,0,0,1,0,0,0,0,3,1,5,6,1,22,5,1950,2,2,MERCEDES E CLASS,1,E01004979,0,-1
2021061134605,2021,061134605,2,9,-1,18,19,2,6,0,0,1,0,0,0,0,2,1,6,6,1,29,6,1950,2,5,MERCEDES E CLASS,9,E01005776,0,-1
2021010325895,2021,010325895,2,9,0,6,6,1,1,0,0,0,0,0,0,0,1,1,6,6,3,-1,-1,1950,2,2,MERCEDES E CLASS,-1,-1,0,-1
2021010301814,2021,010301814,1,9,0,18,19,7,3,0,0,1,0,0,0,0,4,1,6,6,1,24,5,1950,2,4,MERCEDES E CLASS,3,E01001298,0,-1
2021070646085,2021,070646085,1,9,0,5,5,3,7,0,0,1,0,0,0,0,1,1,6,6,3,-1,-1,2987,2,12,MERCEDES E CLASS,-1,-1,0,-1
2021010299074,2021,010299074,1,8,0,99,99,9,9,99,99,0,9,99,9,99,9,9,6,6,1,30,6,1991,8,4,MERCEDES E CLASS,4,E01000112,0,-1
202134WNC6291,2021,34WNC6291,1,9,0,18,19,7,3,0,0,6,0,0,8,0,1,1,6,6,1,-1,-1,2143,2,9,MERCEDES E CLASS,2,E01017618,0,-1
2021501029761,2021,501029761,2,9,0,2,2,0,0,0,0,0,0,0,0,0,1,1,5,6,1,-1,-1,2987,2,11,MERCEDES E CLASS,4,E01015173,0,-1
2021010324717,2021,010324717,2,9,0,2,2,0,0,9,9,1,0,4,0,0,1,1,6,6,3,-1,-1,2925,2,3,MERCEDES E CLASS,-1,-1,0,-1
2021461111521,2021,461111521,2,9,0,3,3,4,8,0,0,0,0,0,0,0,2,1,6,6,1,39,7,2143,2,11,MERCEDES E CLASS,1,E01012019,0,-1
2021010319613,2021,010319613,3,9,0,2,2,0,0,0,0,0,0,0,0,0,3,1,6,6,3,-1,-1,1950,2,0,MERCEDES E CLASS,-1,-1,0,-1
2021010347744,2021,010347744,1,9,0,99,99,9,9,99,99,9,9,99,9,99,9,9,6,6,2,52,8,1950,2,5,MERCEDES E CLASS,2,E01002608,0,-1
202134WNC5231,2021,34WNC5231,1,9,0,18,19,1,5,0,0,8,0,0,0,0,1,1,6,6,1,59,9,2148,2,12,MERCEDES E CLASS,8,E01027000,0,-1
2021622100160,2021,622100160,1,9,0,13,13,4,8,0,0,0,5,0,7,0,1,1,2,2,1,30,6,2987,2,12,MERCEDES E CLASS,4,W01001270,0,-1
2021010337010,2021,010337010,2,9,0,18,19,1,5,0,0,1,0,0,0,0,3,1,1,1,2,60,9,1991,1,2,MERCEDES E CLASS,1,E01000643,0,-1
2021010325271,2021,010325271,1,9,0,99,99,9,9,99,99,9,9,99,9,99,2,9,6,6,1,45,7,2143,2,5,MERCEDES E CLASS,5,E01002584,0,-1
2021010319430,2021,010319430,2,9,0,18,19,1,5,9,9,2,0,4,1,11,1,1,6,6,1,36,7,1950,2,2,MERCEDES E CLASS,1,E01001206,0,-1
2021522104833,2021,522104833,1,9,0,18,19,6,2,0,0,8,0,0,0,0,1,1,6,6,1,30,6,1950,2,5,MERCEDES E CLASS,4,E01014924,0,-1
2021010304621,2021,010304621,1,9,0,6,6,1,1,0,0,0,0,0,0,0,1,1,2,2,1,39,7,1950,2,4,MERCEDES E CLASS,6,E01003641,0,-1
2021461015138,2021,461015138,1,9,0,17,19,5,2,0,0,1,0,0,0,0,1,1,2,2,1,39,7,2925,2,1,MERCEDES E CLASS,7,E01024790,0,-1
2021991086038,2021,991086038,1,9,0,9,9,3,1,0,0,3,1,0,1,11,2,1,6,6,1,28,6,2143,2,6,MERCEDES E CLASS,3,-1,0,-1
2021010321960,2021,010321960,1,9,0,99,99,9,9,99,99,0,9,99,9,99,9,9,1,1,1,40,7,1950,2,5,MERCEDES E CLASS,4,E01002342,0,-1
2021010325629,2021,010325629,2,9,0,18,19,7,3,0,0,0,0,4,0,0,1,1,1,1,1,60,9,2398,1,22,MERCEDES E CLASS,3,E01001240,0,-1
2021010338538,2021,010338538,2,9,0,99,99,9,9,99,99,9,9,99,9,99,9,9,6,6,1,27,6,1950,2,5,MERCEDES E CLASS,2,E01002764,0,-1
2021010311614,2021,010311614,1,8,0,14,14,7,3,0,0,0,0,0,0,0,1,1,1,1,1,46,8,1950,2,4,MERCEDES E CLASS,3,E01003575,0,-1
2021010346580,2021,010346580,1,9,0,18,19,1,5,0,0,0,0,0,1,0,4,1,6,6,1,33,6,1950,2,3,MERCEDES E CLASS,7,E01000665,0,-1
2021061096366,2021,061096366,2,9,0,7,7,7,1,0,0,6,0,0,0,0,1,1,6,6,1,56,9,2148,2,16,MERCEDES E CLASS,1,E01005564,0,-1
2021141060768,2021,141060768,2,9,0,2,2,0,0,0,0,0,0,0,0,0,1,1,6,6,1,37,7,2143,2,6,MERCEDES E CLASS,2,E01007495,0,-1
2021010325732,2021,010325732,2,9,0,18,19,7,3,0,0,0,0,0,0,0,2,1,6,6,1,43,7,1950,2,4,MERCEDES E CLASS,4,E01000617,0,-1
2021010297856,2021,010297856,1,9,0,99,99,9,9,99,99,0,9,99,9,99,3,9,6,6,3,62,9,2143,2,6,MERCEDES E CLASS,5,E01003028,0,-1
2021461106068,2021,461106068,1,9,0,18,19,5,1,0,0,1,0,0,0,0,1,1,5,6,1,30,6,2987,2,15,MERCEDES E CLASS,4,E01021774,0,-1
2021430099870,2021,430099870,1,9,0,10,10,1,7,0,0,1,0,0,0,0,2,1,2,2,1,44,7,3199,1,19,MERCEDES E CLASS,7,E01016495,0,-1
2021052102749,2021,052102749,1,9,0,1,1,7,3,0,0,0,0,0,0,0,2,1,6,6,1,23,5,2143,2,8,MERCEDES E CLASS,1,E01006849,0,-1
2021010345889,2021,010345889,1,9,0,6,6,1,1,0,0,6,0,0,0,0,1,1,6,6,1,29,6,2685,2,17,MERCEDES E CLASS,3,E01002550,0,-1
2021221040529,2021,221040529,1,9,0,14,14,6,2,0,0,0,0,0,0,0,4,1,5,6,1,45,7,1950,2,3,MERCEDES E CLASS,9,E01032402,0,-1
2021471122099,2021,471122099,2,9,0,18,19,4,2,0,0,1,0,0,0,0,2,1,1,1,1,44,7,1950,2,4,MERCEDES E CLASS,10,E01030489,0,-1
2021010301069,2021,010301069,1,9,0,4,4,7,3,0,0,2,0,0,0,0,2,1,6,6,1,24,5,2143,2,6,MERCEDES E CLASS,3,E01001391,0,-1
2021131060431,2021,131060431,1,9,0,9,9,7,1,0,0,8,0,0,0,0,1,1,5,6,1,94,11,2987,2,14,MERCEDES E CLASS,3,E01011940,0,-1
2021141117521,2021,141117521,1,9,0,9,9,5,7,0,0,8,0,0,0,0,3,1,3,7,1,36,7,1950,2,2,MERCEDES E CLASS,1,E01007506,0,-1
2021501088226,2021,501088226,1,9,0,18,19,1,5,0,0,0,0,0,0,0,1,1,6,6,1,69,10,1950,2,1,MERCEDES E CLASS,10,E01016639,0,-1
2021141093695,2021,141093695,1,9,0,4,4,1,5,0,0,0,0,0,0,0,2,1,5,6,2,21,5,2143,2,6,MERCEDES E CLASS,4,E01007398,0,-1
2021010309976,2021,010309976,1,9,0,18,19,1,5,0,0,1,0,0,0,0,4,1,6,6,1,70,10,1950,2,4,MERCEDES E CLASS,10,E01023744,0,-1
2021211102706,2021,211102706,2,9,0,18,19,5,5,0,0,4,0,7,0,0,3,1,6,6,1,22,5,2148,2,13,MERCEDES E CLASS,2,E01014356,0,-1
202163A044421,2021,63A044421,2,9,0,18,19,2,6,0,0,8,0,0,1,10,1,1,6,6,2,50,8,2143,2,10,MERCEDES E CLASS,-1,-1,0,-1
2021010304798,2021,010304798,1,9,0,9,9,5,2,0,0,1,0,0,0,0,3,1,6,6,1,44,7,2987,2,7,MERCEDES E CLASS,4,E01001476,0,-1
2021421116391,2021,421116391,2,9,0,3,3,4,8,0,0,1,0,0,0,0,1,1,6,6,1,26,6,1950,2,2,MERCEDES E CLASS,2,E01021864,0,-1
2021501081751,2021,501081751,1,9,0,1,1,7,3,0,0,0,0,0,0,0,2,1,6,6,1,55,8,1950,2,2,MERCEDES E CLASS,5,E01020324,0,-1
2021010316912,2021,010316912,2,9,0,3,3,5,1,0,0,0,1,0,0,0,2,1,6,6,1,82,11,2987,2,14,MERCEDES E CLASS,9,E01000440,0,-1
2021010312426,2021,010312426,1,9,0,3,3,1,5,6,6,1,0,4,0,0,4,1,6,6,1,37,7,2996,1,3,MERCEDES E CLASS,3,E01001186,0,-1
2021471049593,2021,471049593,2,9,0,4,4,7,2,0,0,2,0,0,0,0,2,1,6,6,1,54,8,2143,2,6,MERCEDES E CLASS,9,E01016924,0,-1
2021010339578,2021,010339578,1,9,0,9,9,7,4,0,0,2,0,0,0,0,1,1,1,1,1,43,7,1950,2,3,MERCEDES E CLASS,-1,-1,0,-1
2021421062480,2021,421062480,2,9,0,17,19,4,8,0,0,2,0,0,0,0,3,1,5,6,1,67,10,2143,2,9,MERCEDES E CLASS,10,E01021409,0,-1
2021421018541,2021,421018541,1,9,0,9,9,1,7,0,0,8,0,0,0,0,3,1,2,2,2,44,7,2987,2,7,MERCEDES E CLASS,10,E01024146,0,-1
2021010344091,2021,010344091,2,9,0,99,99,9,9,99,99,9,9,99,9,99,2,9,6,6,3,-1,-1,1991,8,4,MERCEDES E CLASS,-1,-1,0,-1
2021010308415,2021,010308415,2,9,0,99,99,9,9,99,99,9,9,99,9,99,1,9,6,6,3,-1,-1,2143,2,6,MERCEDES E CLASS,1,E01000106,0,-1
2021101065090,2021,101065090,1,9,0,16,19,8,4,9,9,1,0,10,0,0,1,1,6,6,1,40,7,2143,2,9,MERCEDES E CLASS,5,E01008384,0,-1
2021201126040,2021,201126040,2,9,0,2,2,0,0,0,0,0,0,0,0,0,3,1,6,6,1,-1,-1,2143,2,7,MERCEDES E CLASS,-1,-1,0,-1
2021421027518,2021,421027518,1,9,0,7,7,7,2,0,0,8,0,0,0,0,1,1,5,6,2,63,9,1796,1,8,MERCEDES E CLASS,5,E01015865,0,-1
2021520104134,2021,520104134,1,9,0,2,2,0,0,0,0,0,0,0,0,0,3,1,6,6,1,84,11,3199,1,19,MERCEDES E CLASS,4,E01029238,0,-1
2021421050268,2021,421050268,1,9,5,15,15,3,7,0,0,0,0,0,0,0,1,1,1,1,1,56,9,1950,2,3,MERCEDES E CLASS,2,E01032474,0,-1
2021552100249,2021,552100249,2,9,0,2,2,0,0,0,0,0,0,0,0,0,1,1,6,6,3,-1,-1,1950,2,3,MERCEDES E CLASS,-1,-1,0,-1
2021461052423,2021,461052423,1,8,0,18,19,6,2,0,0,0,0,0,0,0,1,1,1,1,1,44,7,1950,2,5,MERCEDES E CLASS,6,E01024052,0,-1
2021622100059,2021,622100059,2,9,0,18,19,5,1,0,0,0,0,0,0,0,2,1,6,6,1,47,8,2148,2,12,MERCEDES E CLASS,1,W01001002,0,-1
2021010325594,2021,010325594,1,9,0,18,19,3,7,0,0,1,0,10,0,0,1,1,6,6,1,33,6,2143,2,9,MERCEDES E CLASS,4,E01001241,0,-1
202131D190621,2021,31D190621,1,9,0,9,9,8,6,0,0,6,0,0,0,0,4,1,6,6,2,78,11,2987,2,15,MERCEDES E CLASS,9,E01028095,0,-1
20211383L0891,2021,1383L0891,2,9,0,18,19,7,3,0,0,1,0,0,0,0,3,1,6,6,1,70,10,2987,2,12,MERCEDES E CLASS,4,E01010669,0,-1
2021122100673,2021,122100673,1,8,0,9,9,3,5,0,0,6,0,0,0,0,1,1,1,1,2,27,6,2143,2,6,MERCEDES E CLASS,7,E01013428,0,-1
2021010318521,2021,010318521,3,9,0,4,4,5,1,0,0,0,0,4,0,0,1,1,2,2,2,33,6,2143,2,5,MERCEDES E CLASS,3,E01015922,0,-1
2021471078707,2021,471078707,1,9,0,5,5,7,6,0,0,3,0,0,0,0,1,1,6,6,1,37,7,2996,1,3,MERCEDES E CLASS,5,E01031594,0,-1
2021041077728,2021,041077728,1,9,0,5,5,3,7,0,0,0,0,0,0,0,3,1,1,1,1,55,8,2148,2,16,MERCEDES E CLASS,4,E01025567,0,-1
2021061040607,2021,061040607,1,9,0,5,5,5,7,0,0,2,0,0,0,0,1,1,6,6,1,43,7,1950,2,4,MERCEDES E CLASS,1,E01005624,0,-1
2021141090281,2021,141090281,2,9,0,4,4,1,5,0,0,0,1,0,5,0,4,1,2,2,1,29,6,1950,2,3,MERCEDES E CLASS,1,E01007634,0,-1
2021991102837,2021,991102837,1,9,0,3,3,7,3,0,0,4,0,0,0,0,1,1,6,6,1,29,6,2143,2,11,MERCEDES E CLASS,2,-1,0,-1
2021201134337,2021,201134337,1,9,0,18,19,4,8,0,0,6,0,0,0,0,4,1,6,6,2,29,6,2143,2,8,MERCEDES E CLASS,1,E01010375,0,-1
2021451068207,2021,451068207,2,9,0,5,5,5,2,0,0,6,0,0,1,0,1,1,5,6,1,80,11,2987,2,13,MERCEDES E CLASS,10,E01030606,0,-1
2021010301617,2021,010301617,2,9,0,4,4,3,7,0,0,0,0,0,0,0,2,1,6,6,1,44,7,1991,1,2,MERCEDES E CLASS,2,E01001218,0,-1
2021010306924,2021,010306924,2,9,0,99,99,9,9,99,99,9,9,99,9,99,2,9,6,6,3,-1,-1,2143,2,6,MERCEDES E CLASS,2,E01004398,0,-1
2021461094025,2021,461094025,2,9,0,2,2,6,3,0,0,2,0,0,0,0,0,1,1,1,1,39,7,2143,2,6,MERCEDES E CLASS,6,E01024371,0,-1
2021010324552,2021,010324552,1,9,0,18,19,1,5,0,0,0,0,0,0,0,1,1,1,1,1,33,6,1950,2,3,MERCEDES E CLASS,-1,-1,0,-1
2021010331004,2021,010331004,1,8,0,9,9,2,7,0,0,1,0,0,0,0,1,1,1,1,1,51,8,2143,2,5,MERCEDES E CLASS,6,E01002943,0,-1
2021010312420,2021,010312420,2,9,0,99,99,9,9,99,99,9,9,99,9,99,0,9,6,6,3,-1,-1,2148,2,17,MERCEDES E CLASS,-1,-1,0,-1
2021010303820,2021,010303820,2,9,0,99,99,9,9,99,99,9,9,99,9,99,1,9,6,6,3,39,7,2143,2,6,MERCEDES E CLASS,2,E01004696,0,-1
2021131081703,2021,131081703,3,9,0,2,2,0,0,0,0,8,0,0,0,0,3,1,6,6,3,-1,-1,2987,2,12,MERCEDES E CLASS,-1,-1,0,-1
202106A079259,2021,06A079259,2,9,0,2,2,0,0,0,0,0,0,0,0,0,1,1,1,1,1,33,6,1950,2,5,MERCEDES E CLASS,2,E01005959,0,-1
2021201147006,2021,201147006,1,9,0,18,19,4,8,0,0,4,0,0,0,0,1,1,6,6,1,-1,-1,1991,1,3,MERCEDES E CLASS,-1,-1,0,-1
2021991074007,2021,991074007,1,9,0,9,9,4,2,0,0,0,0,0,0,0,1,1,2,2,2,49,8,2143,2,6,MERCEDES E CLASS,3,-1,0,-1
2021430495630,2021,430495630,2,9,0,3,3,8,4,0,0,0,0,0,0,0,2,1,6,6,1,24,5,2143,2,6,MERCEDES E CLASS,3,E01016804,0,-1
2021010343729,2021,010343729,1,8,0,99,99,9,9,99,99,9,9,99,9,99,2,9,1,1,1,39,7,2143,2,6,MERCEDES E CLASS,4,E01003308,0,-1
2021010317296,2021,010317296,1,9,0,18,19,7,3,0,0,8,0,0,0,0,3,1,1,1,1,54,8,1950,2,4,MERCEDES E CLASS,6,E01000587,0,-1
2021010345538,2021,010345538,2,9,0,2,2,0,0,0,0,0,0,0,0,0,4,1,6,6,3,-1,-1,1950,2,2,MERCEDES E CLASS,-1,-1,0,-1
2021371124541,2021,371124541,1,9,0,18,19,4,8,0,0,0,0,0,0,0,1,1,1,1,1,62,9,1950,2,1,MERCEDES E CLASS,10,E01019829,0,-1
2021010331472,2021,010331472,1,9,0,18,19,5,1,0,0,2,0,0,0,0,1,1,6,6,3,-1,-1,2143,2,6,MERCEDES E CLASS,-1,-1,0,-1
2021010289228,2021,010289228,1,9,0,18,19,7,3,0,0,8,0,0,0,0,1,1,6,6,1,24,5,2143,2,5,MERCEDES E CLASS,4,E01000612,0,-1
2021461071757,2021,461071757,1,9,0,18,19,3,7,0,0,8,0,0,3,1,4,1,6,6,1,38,7,2987,2,8,MERCEDES E CLASS,4,E01003231,0,-1
2021201091400,2021,201091400,1,9,0,18,19,6,2,0,0,0,0,10,1,11,1,1,6,6,1,-1,-1,2987,2,11,MERCEDES E CLASS,-1,-1,0,-1
2021411027054,2021,411027054,3,9,0,4,4,1,5,0,0,0,0,0,0,0,2,1,5,6,1,42,7,2143,2,6,MERCEDES E CLASS,4,E01024579,0,-1
2021010303805,2021,010303805,2,9,0,99,99,9,9,99,99,9,9,99,9,99,9,9,6,6,3,-1,-1,2143,2,7,MERCEDES E CLASS,4,E01003210,0,-1
2021461113834,2021,461113834,2,9,0,18,19,5,1,0,0,0,0,0,0,0,4,1,6,6,1,72,10,1950,2,0,MERCEDES E CLASS,5,E01022835,0,-1
2021231082759,2021,231082759,2,9,0,17,19,5,2,0,0,0,0,0,0,0,3,1,1,1,1,53,8,2987,2,5,MERCEDES E CLASS,7,E01025882,0,-1
2021430410223,2021,430410223,1,8,0,3,3,4,8,0,0,1,0,0,0,0,2,1,1,1,1,45,7,2143,2,6,MERCEDES E CLASS,5,E01016392,0,-1
2021010315050,2021,010315050,1,9,0,18,19,5,1,0,0,8,0,0,0,0,0,1,6,6,1,55,8,1950,2,4,MERCEDES E CLASS,10,E01032638,0,-1
2021201087056,2021,201087056,1,9,0,18,19,-1,-1,0,0,0,0,0,0,0,1,1,6,6,1,48,8,1950,2,5,MERCEDES E CLASS,10,E01010205,0,-1
2021010322713,2021,010322713,2,9,0,4,4,3,7,0,0,1,0,0,0,0,1,1,6,6,1,20,4,1950,2,0,MERCEDES E CLASS,4,E01007557,0,-1
2021010310163,2021,010310163,2,9,0,9,9,1,6,0,0,8,0,0,0,0,2,1,2,2,1,37,7,1950,2,5,MERCEDES E CLASS,9,E01021748,0,-1
202154A189421,2021,54A189421,1,9,0,18,19,3,7,0,0,0,0,0,1,1,1,1,1,1,1,62,9,2143,2,6,MERCEDES E CLASS,1,E01029046,0,-1
202154C509521,2021,54C509521,2,8,0,18,19,7,3,0,0,3,0,0,0,0,1,1,1,1,1,52,8,2143,2,7,MERCEDES E CLASS,5,E01015505,0,-1
2021131109860,2021,131109860,2,9,0,18,19,8,4,0,0,2,0,0,0,0,3,1,1,1,1,64,9,1950,2,5,MERCEDES E CLASS,4,E01011314,0,-1
2021010312631,2021,010312631,1,9,0,18,19,1,5,0,0,2,0,6,0,0,3,1,2,2,1,58,9,2143,2,6,MERCEDES E CLASS,3,E01001789,0,-1
2021361143666,2021,361143666,2,9,0,5,5,6,2,0,0,8,0,0,0,0,3,1,2,2,1,58,9,2143,2,9,MERCEDES E CLASS,6,E01026781,0,-1
2021010320804,2021,010320804,1,8,0,5,5,3,7,0,0,0,0,0,0,0,1,1,1,1,1,33,6,1950,2,4,MERCEDES E CLASS,8,E01030703,0,-1
2021461109322,2021,461109322,2,9,0,-1,-1,-1,-1,-1,-1,0,-1,-1,-1,0,-1,1,6,6,1,32,6,2148,2,13,MERCEDES E CLASS,4,E01024262,0,-1
2021991102485,2021,991102485,2,10,0,18,19,3,7,0,0,2,0,0,0,0,3,1,1,1,1,61,9,-1,-1,-1,MERCEDES E CLASS,1,-1,0,-1
2021542175921,2021,542175921,1,9,0,18,19,2,6,0,0,0,0,0,0,0,1,1,6,6,1,59,9,1950,2,4,MERCEDES E CLASS,6,E01032011,0,-1
2021430525644,2021,430525644,1,8,0,9,9,5,3,0,0,2,0,0,0,0,3,1,1,1,1,49,8,1991,8,4,MERCEDES E CLASS,-1,-1,0,-1
202134WNC3941,2021,34WNC3941,3,9,0,18,19,3,7,0,0,0,0,0,0,0,2,1,6,6,1,33,6,2925,2,2,MERCEDES E CLASS,10,E01032895,0,-1
2021440304311,2021,440304311,2,9,0,5,5,7,3,0,0,0,0,0,0,0,4,1,6,6,1,58,9,2149,2,14,MERCEDES E CLASS,6,E01023284,0,-1
2021471029647,2021,471029647,3,9,0,2,2,1,5,0,0,1,0,0,0,0,3,1,6,6,3,-1,-1,2143,2,8,MERCEDES E CLASS,-1,-1,0,-1
2021361118003,2021,361118003,1,9,0,15,15,6,2,0,0,0,0,0,0,0,1,1,5,6,3,60,9,2987,2,15,MERCEDES E CLASS,5,E01026435,0,-1
2021010351892,2021,010351892,3,9,0,18,19,3,7,0,0,1,0,0,0,0,1,1,6,6,1,42,7,1950,2,2,MERCEDES E CLASS,3,E01002627,0,-1
2021411026461,2021,411026461,1,9,0,18,19,1,5,0,0,0,0,0,0,0,1,1,6,6,1,51,8,2143,2,7,MERCEDES E CLASS,5,E01029658,0,-1
2021010298947,2021,010298947,1,9,0,99,99,9,9,99,99,9,9,99,9,99,2,9,6,6,1,59,9,2149,2,14,MERCEDES E CLASS,3,E01003926,0,-1
2021520104345,2021,520104345,1,9,0,18,19,8,4,0,0,0,0,0,0,0,1,1,6,6,1,80,11,1991,1,5,MERCEDES E CLASS,10,E01014393,0,-1
2021302100027,2021,302100027,2,9,0,18,19,1,4,0,0,5,0,0,0,0,0,1,6,6,1,39,7,2148,2,12,MERCEDES E CLASS,1,E01013487,0,-1
2021201071443,2021,201071443,2,9,0,18,19,4,8,0,0,8,0,0,0,0,0,1,6,6,3,44,7,2143,2,8,MERCEDES E CLASS,1,E01009016,0,-1
2021401090488,2021,401090488,5,9,0,18,19,2,6,0,0,0,0,0,0,0,2,1,6,6,2,59,9,1950,2,5,MERCEDES E CLASS,7,E01016783,0,-1
2021545922621,2021,545922621,1,9,0,18,19,5,1,0,0,0,0,0,0,0,3,1,6,6,1,81,11,2143,2,8,MERCEDES E CLASS,6,E01005694,0,-1
2021010313316,2021,010313316,1,9,0,4,4,1,5,0,0,0,0,11,0,0,2,1,6,6,1,59,9,2143,2,9,MERCEDES E CLASS,3,E01004329,0,-1
2021221058738,2021,221058738,1,9,0,8,8,4,7,0,0,1,0,0,0,0,2,1,5,6,1,34,6,2987,2,10,MERCEDES E CLASS,7,E01028826,0,-1
2021430213016,2021,430213016,3,9,0,18,19,6,2,0,0,1,0,0,0,0,2,1,1,1,1,44,7,1950,2,4,MERCEDES E CLASS,5,E01002636,0,-1
2021471093757,2021,471093757,1,9,0,7,7,3,5,0,0,8,0,0,0,0,1,1,1,1,1,40,7,2143,2,6,MERCEDES E CLASS,1,E01020912,0,-1
2021430319763,2021,430319763,2,9,0,3,3,6,2,0,0,0,0,0,0,0,2,1,3,7,2,41,7,1950,2,4,MERCEDES E CLASS,5,E01016367,0,-1