collision_index,collision_year,collision_ref_no,vehicle_reference,vehicle_type,towing_and_articulation,vehicle_manoeuvre_historic,vehicle_manoeuvre,vehicle_direction_from,vehicle_direction_to,vehicle_location_restricted_lane_historic,vehicle_location_restricted_lane,junction_location,skidding_and_overturning,hit_object_in_carriageway,vehicle_leaving_carriageway,hit_object_off_carriageway,first_point_of_impact,vehicle_left_hand_drive,journey_purpose_of_driver_historic,journey_purpose_of_driver,sex_of_driver,age_of_driver,age_band_of_driver,engine_capacity_cc,propulsion_code,age_of_vehicle,generic_make_model,driver_imd_decile,lsoa_of_driver,escooter_flag,driver_distance_banding
2021351048759,2021,351048759,2,9,0,2,2,0,0,0,0,0,0,0,0,0,2,1,6,6,3,-1,-1,1999,2,2,LAND ROVER DISCOVERY,-1,-1,0,-1
2021471042943,2021,471042943,2,9,0,18,19,5,1,0,0,1,0,0,0,0,1,1,1,1,1,33,6,1999,2,3,LAND ROVER DISCOVERY,7,E01031536,0,-1
2021170H10071,2021,170H10071,2,9,0,2,2,0,0,0,0,0,0,0,0,0,3,1,6,6,1,33,6,2720,2,16,LAND ROVER DISCOVERY,10,E01012005,0,-1
2021440401234,2021,440401234,2,9,0,18,19,3,7,0,0,4,0,0,0,0,1,1,1,1,1,52,8,2720,2,14,LAND ROVER DISCOVERY,10,E01023092,0,-1
2021501110421,2021,501110421,2,9,0,5,5,6,4,0,0,5,0,0,0,0,2,1,2,2,2,64,9,1999,2,3,LAND ROVER DISCOVERY,4,E01018987,0,-1
2021430319895,2021,430319895,1,9,0,4,4,8,4,0,0,0,0,0,0,0,2,1,6,6,1,46,8,2993,2,6,LAND ROVER DISCOVERY,7,E01026673,0,-1
2021471126426,2021,471126426,1,9,0,9,9,3,1,0,0,2,1,0,3,1,3,1,5,6,1,48,8,1999,2,3,LAND ROVER DISCOVERY,9,E01004080,0,-1
2021991042713,2021,991042713,1,9,0,17,19,3,8,0,0,0,1,0,1,0,1,1,5,6,1,63,9,2993,2,6,LAND ROVER DISCOVERY,7,-1,0,-1
2021991109427,2021,991109427,2,9,0,15,15,7,3,0,0,0,1,0,1,0,1,1,5,6,2,24,5,1999,2,3,LAND ROVER DISCOVERY,1,-1,0,-1
2021010344827,2021,010344827,1,9,0,18,19,5,1,0,0,0,0,0,0,0,1,1,6,6,1,57,9,1999,2,2,LAND ROVER DISCOVERY,9,E01000452,0,-1
2021010324856,2021,010324856,2,9,0,9,9,5,2,0,0,1,0,0,0,0,1,1,6,6,2,38,7,1999,2,5,LAND ROVER DISCOVERY,3,E01003537,0,-1
2021471103204,2021,471103204,1,9,0,1,1,4,8,0,0,0,1,0,0,0,2,1,5,6,2,53,8,2993,2,11,LAND ROVER DISCOVERY,9,E01031496,0,-1
2021302100157,2021,302100157,1,9,0,4,4,2,6,0,0,0,0,0,0,0,2,1,6,6,1,58,9,1498,8,0,LAND ROVER DISCOVERY,9,E01019518,0,-1
2021070280519,2021,070280519,3,9,0,5,5,4,8,0,0,0,0,0,0,0,1,1,6,6,1,25,5,2179,2,6,LAND ROVER DISCOVERY,6,E01012440,0,-1
2021010301118,2021,010301118,1,9,0,4,4,7,3,0,0,0,0,0,0,0,0,1,6,6,1,36,7,2179,2,6,LAND ROVER DISCOVERY,5,E01003772,0,-1
2021451036563,2021,451036563,3,9,0,18,19,7,3,0,0,1,0,0,0,0,0,1,1,1,1,56,9,2993,2,10,LAND ROVER DISCOVERY,7,E01032663,0,-1
2021531118268,2021,531118268,1,9,0,18,19,1,5,0,0,1,0,0,0,0,1,1,1,1,1,31,6,2993,2,9,LAND ROVER DISCOVERY,6,E01022270,0,-1
2021070754481,2021,070754481,1,9,0,18,19,2,7,0,0,0,1,0,0,0,1,1,6,6,1,30,6,2993,2,11,LAND ROVER DISCOVERY,-1,-1,0,-1
2021991075236,2021,991075236,2,9,0,10,10,1,6,0,0,1,0,0,0,0,3,1,5,6,1,33,6,1999,2,4,LAND ROVER DISCOVERY,7,-1,0,-1
2021552100967,2021,552100967,1,9,0,9,9,6,3,0,0,5,0,0,0,0,1,1,3,7,2,47,8,2993,2,6,LAND ROVER DISCOVERY,6,E01020439,0,-1
2021451095186,2021,451095186,2,9,0,12,12,6,2,0,0,0,0,0,0,0,3,2,6,6,1,35,6,1999,2,5,LAND ROVER DISCOVERY,9,E01022615,0,-1
2021010312072,2021,010312072,1,9,0,5,5,3,7,0,0,0,0,0,0,0,1,1,3,7,2,42,7,1999,2,5,LAND ROVER DISCOVERY,9,E01003804,0,-1
2021122200102,2021,122200102,4,9,0,2,2,0,0,0,0,0,0,0,0,0,3,1,6,6,3,-1,-1,1999,2,5,LAND ROVER DISCOVERY,-1,-1,0,-1
2021440136491,2021,440136491,2,9,0,16,19,8,4,0,0,0,0,0,0,0,3,1,6,6,1,66,10,2993,2,8,LAND ROVER DISCOVERY,10,E01022891,0,-1
2021201149243,2021,201149243,2,9,0,2,2,0,0,0,0,0,0,0,0,0,2,1,6,6,2,-1,-1,1999,2,5,LAND ROVER DISCOVERY,4,E01009241,0,-1
2021131081745,2021,131081745,4,9,0,4,4,3,7,0,0,0,0,0,0,0,2,1,6,6,1,33,6,1998,2,0,LAND ROVER DISCOVERY,10,E01025008,0,-1
2021543461321,2021,543461321,2,9,0,18,19,6,2,0,0,1,0,0,0,0,1,1,6,6,2,74,10,2993,2,10,LAND ROVER DISCOVERY,7,E01029166,0,-1
2021401027463,2021,401027463,2,9,0,9,9,5,7,0,0,5,0,0,0,0,1,1,5,6,1,64,9,2720,2,15,LAND ROVER DISCOVERY,10,E01017544,0,-1
2021451075211,2021,451075211,2,9,0,18,19,1,5,0,0,2,0,0,0,0,2,1,6,6,1,33,6,1997,1,2,LAND ROVER DISCOVERY,10,E01016187,0,-1
2021461063330,2021,461063330,1,9,0,9,9,5,7,0,0,3,0,0,0,0,4,1,6,6,1,-1,-1,2179,2,6,LAND ROVER DISCOVERY,6,E01024571,0,-1
2021531038835,2021,531038835,4,9,0,2,2,0,0,0,0,0,0,0,0,0,0,1,1,1,1,48,8,2993,2,2,LAND ROVER DISCOVERY,10,W01001573,0,-1
2021010287283,2021,010287283,2,9,0,9,9,4,1,0,0,5,0,0,0,0,1,1,6,6,1,19,4,1999,2,4,LAND ROVER DISCOVERY,-1,-1,0,-1
2021201111024,2021,201111024,1,9,0,3,3,8,4,0,0,0,0,0,0,0,3,1,6,6,1,54,8,1999,2,1,LAND ROVER DISCOVERY,10,E01031150,0,-1
2021421031211,2021,421031211,1,9,0,4,4,4,6,0,0,2,0,0,0,0,1,1,3,7,2,33,6,2993,2,11,LAND ROVER DISCOVERY,4,E01021915,0,-1
2021041104260,2021,041104260,2,9,0,18,19,3,7,0,0,0,0,0,0,0,1,1,5,6,1,41,7,2720,2,13,LAND ROVER DISCOVERY,4,E01005029,0,-1
2021471111752,2021,471111752,1,9,0,18,19,4,8,0,0,1,0,0,0,0,3,1,2,2,1,28,6,2179,2,6,LAND ROVER DISCOVERY,4,E01021076,0,-1
202131A032321,2021,31A032321,2,9,0,18,19,3,7,0,0,1,0,0,0,0,1,1,2,2,1,57,9,2495,2,27,LAND ROVER DISCOVERY,4,E01019431,0,-1
2021471026046,2021,471026046,1,9,0,9,9,8,6,0,0,6,0,0,0,0,3,1,5,6,2,43,7,2993,2,6,LAND ROVER DISCOVERY,6,E01031692,0,-1
2021991121642,2021,991121642,1,9,4,18,19,5,1,0,0,1,0,0,0,0,3,1,1,1,1,33,6,2993,2,9,LAND ROVER DISCOVERY,-1,-1,0,-1
2021010340931,2021,010340931,2,9,0,2,2,0,0,0,0,0,0,0,0,0,4,1,6,6,3,-1,-1,2993,2,4,LAND ROVER DISCOVERY,-1,-1,0,-1
2021122200075,2021,122200075,2,9,0,4,4,5,1,0,0,0,0,0,0,0,3,1,6,6,1,27,6,2720,2,14,LAND ROVER DISCOVERY,6,E01027758,0,-1
2021302101193,2021,302101193,1,9,0,16,19,8,4,0,0,0,2,0,1,9,1,1,6,6,1,30,6,2495,2,28,LAND ROVER DISCOVERY,2,E01019842,0,-1
2021320378135,2021,320378135,1,9,0,9,9,4,8,0,0,1,0,11,1,1,1,1,6,6,1,39,7,2993,2,2,LAND ROVER DISCOVERY,1,E01026069,0,-1
2021061101221,2021,061101221,1,9,0,7,7,1,1,0,0,0,0,0,0,0,1,1,6,6,1,38,7,1999,2,3,LAND ROVER DISCOVERY,-1,-1,0,-1
2021041061050,2021,041061050,1,9,0,18,19,1,5,0,0,0,5,0,2,7,4,1,5,6,1,36,7,2487,2,21,LAND ROVER DISCOVERY,2,E01025032,0,-1
2021031104333,2021,031104333,1,9,0,7,7,4,5,0,0,7,0,0,0,0,1,1,6,6,1,64,9,2495,2,26,LAND ROVER DISCOVERY,-1,-1,0,-1
2021052102096,2021,052102096,1,9,0,7,7,7,8,0,0,7,0,0,0,0,0,1,6,6,1,45,7,1999,2,2,LAND ROVER DISCOVERY,5,E01032905,0,-1
2021061070478,2021,061070478,2,9,0,18,19,7,3,0,0,0,0,0,0,0,1,1,6,6,1,30,6,2179,2,6,LAND ROVER DISCOVERY,7,E01005851,0,-1
2021101052894,2021,101052894,2,9,0,5,5,3,7,0,0,3,0,0,0,0,4,1,5,6,2,53,8,1999,2,4,LAND ROVER DISCOVERY,8,E01027589,0,-1
2021320350016,2021,320350016,2,9,0,17,19,2,6,0,0,0,0,0,0,0,3,1,2,2,1,46,8,1997,1,1,LAND ROVER DISCOVERY,7,E01026188,0,-1
2021010315717,2021,010315717,1,9,0,99,99,9,9,99,99,9,9,99,9,99,2,9,6,6,1,64,9,1997,1,2,LAND ROVER DISCOVERY,5,E01000631,0,-1
2021501102828,2021,501102828,2,9,0,18,19,6,2,0,0,0,0,0,0,0,1,1,5,6,1,69,10,1999,2,4,LAND ROVER DISCOVERY,6,E01029027,0,-1
2021010318308,2021,010318308,1,9,0,18,19,7,3,0,0,0,0,0,0,0,1,1,6,6,1,42,7,2993,2,4,LAND ROVER DISCOVERY,6,E01000306,0,-1
2021421023330,2021,421023330,1,9,0,18,19,4,8,0,0,0,0,0,0,0,1,1,5,6,1,42,7,2993,2,6,LAND ROVER DISCOVERY,9,E01021462,0,-1
2021010345304,2021,010345304,1,9,0,1,1,3,7,0,0,2,0,0,0,0,2,1,6,6,3,-1,-1,1999,2,3,LAND ROVER DISCOVERY,-1,-1,0,-1
2021461070912,2021,461070912,2,9,0,4,4,3,7,0,0,1,0,0,0,0,2,1,6,6,2,56,9,2179,2,6,LAND ROVER DISCOVERY,6,E01024070,0,-1
2021351055937,2021,351055937,2,9,0,18,19,2,7,0,0,8,0,0,0,0,2,1,5,6,2,32,6,2993,2,9,LAND ROVER DISCOVERY,2,E01015654,0,-1
2021531081349,2021,531081349,1,9,0,4,4,5,1,0,0,1,0,0,0,0,1,1,5,6,1,58,9,2495,2,17,LAND ROVER DISCOVERY,6,E01022391,0,-1
2021041096669,2021,041096669,1,9,4,18,19,6,2,0,0,1,0,0,0,0,1,1,5,6,1,20,4,2495,2,28,LAND ROVER DISCOVERY,1,E01025156,0,-1
2021552100043,2021,552100043,3,9,0,3,3,3,7,0,0,0,0,0,0,0,2,1,1,1,2,26,6,2993,2,4,LAND ROVER DISCOVERY,10,E01031228,0,-1
2021111063024,2021,111063024,1,9,0,13,13,3,7,0,0,0,1,0,1,0,1,1,2,2,2,28,6,2495,2,22,LAND ROVER DISCOVERY,6,E01020815,0,-1
2021552100688,2021,552100688,1,9,0,11,11,8,4,0,0,8,0,0,0,0,0,1,6,6,3,-1,-1,2993,2,6,LAND ROVER DISCOVERY,-1,-1,0,-1
2021041086478,2021,041086478,1,9,0,18,19,1,5,0,0,0,0,0,0,0,4,1,5,6,2,38,7,2720,2,15,LAND ROVER DISCOVERY,4,E01025225,0,-1
2021501112962,2021,501112962,2,9,0,18,19,3,7,0,0,0,0,0,0,0,1,1,5,6,1,77,11,1999,2,3,LAND ROVER DISCOVERY,2,E01018984,0,-1
2021302100034,2021,302100034,1,9,0,9,9,8,6,0,0,8,0,0,0,0,1,1,6,6,2,52,8,2993,2,1,LAND ROVER DISCOVERY,9,E01019835,0,-1
2021221080824,2021,221080824,1,9,0,9,9,5,3,0,0,6,0,0,0,0,3,1,5,6,1,63,9,2487,2,21,LAND ROVER DISCOVERY,1,E01032204,0,-1
2021501048876,2021,501048876,1,9,0,18,19,3,7,0,0,0,0,0,0,0,1,1,5,6,1,23,5,2495,2,26,LAND ROVER DISCOVERY,6,E01018819,0,-1
202163D073221,2021,63D073221,1,9,0,18,19,8,4,0,0,0,2,0,2,10,4,1,6,6,1,24,5,3947,6,27,LAND ROVER DISCOVERY,7,W01000449,0,-1
2021541119221,2021,541119221,2,9,0,9,9,1,7,0,0,1,0,0,0,0,3,1,6,6,2,35,6,2720,2,16,LAND ROVER DISCOVERY,6,E01031845,0,-1
2021471028615,2021,471028615,1,9,0,6,6,1,5,0,0,2,1,0,0,0,3,1,1,1,1,40,7,2720,2,16,LAND ROVER DISCOVERY,8,E01031506,0,-1
2021440094564,2021,440094564,2,9,0,18,19,6,2,0,0,8,0,0,0,0,4,1,6,6,1,57,9,2993,2,5,LAND ROVER DISCOVERY,8,E01032664,0,-1
2021010335058,2021,010335058,2,9,0,99,99,9,9,99,99,9,9,99,9,99,2,9,6,6,1,-1,-1,2993,2,4,LAND ROVER DISCOVERY,10,E01024752,0,-1
2021461095780,2021,461095780,1,9,0,18,19,7,3,9,9,0,1,0,1,10,1,1,6,6,1,55,8,1999,2,5,LAND ROVER DISCOVERY,6,E01032798,0,-1
2021010302353,2021,010302353,1,9,0,3,3,5,1,0,0,0,0,0,0,0,2,1,6,6,1,50,8,1997,1,1,LAND ROVER DISCOVERY,10,E01030323,0,-1
2021522105989,2021,522105989,2,9,0,9,9,1,7,0,0,5,0,0,0,0,1,1,6,6,3,-1,-1,2495,2,18,LAND ROVER DISCOVERY,-1,-1,0,-1
2021440346698,2021,440346698,2,9,0,18,19,6,2,0,0,0,0,0,0,0,1,1,6,6,1,53,8,2720,2,16,LAND ROVER DISCOVERY,2,E01017356,0,-1
2021371108189,2021,371108189,2,9,0,17,19,6,4,0,0,8,0,0,0,0,4,1,5,6,1,59,9,2993,2,4,LAND ROVER DISCOVERY,4,E01030208,0,-1
2021320297883,2021,320297883,1,9,0,18,19,8,4,0,0,0,0,0,1,0,1,1,6,6,1,22,5,2993,2,10,LAND ROVER DISCOVERY,5,E01026243,0,-1
2021131040242,2021,131040242,5,9,0,18,19,8,4,5,5,1,0,0,0,0,3,1,5,6,1,57,9,2993,2,8,LAND ROVER DISCOVERY,6,E01011070,0,-1
2021221024983,2021,221024983,1,9,4,13,13,2,4,0,0,0,0,0,0,0,4,1,6,6,1,30,6,2720,2,16,LAND ROVER DISCOVERY,4,E01014025,0,-1
2021170H10471,2021,170H10471,3,9,0,18,19,7,3,0,0,0,0,0,0,0,3,1,6,6,1,36,7,2993,2,10,LAND ROVER DISCOVERY,-1,-1,0,-1
2021302101864,2021,302101864,2,9,0,18,19,5,1,0,0,8,0,0,7,11,1,1,2,2,1,56,9,2720,2,13,LAND ROVER DISCOVERY,6,E01019502,0,-1
2021141014535,2021,141014535,2,9,0,5,5,4,7,0,0,0,0,0,0,0,1,1,6,6,3,-1,-1,2495,2,20,LAND ROVER DISCOVERY,-1,-1,0,-1
2021221051044,2021,221051044,1,9,0,9,9,1,7,0,0,6,0,0,0,0,1,1,5,6,2,37,7,2720,2,15,LAND ROVER DISCOVERY,4,E01014019,0,-1
2021451048513,2021,451048513,3,9,0,3,3,5,1,0,0,0,0,0,0,0,2,1,1,1,1,53,8,2993,2,2,LAND ROVER DISCOVERY,6,E01031520,0,-1
2021041088673,2021,041088673,1,9,0,18,19,7,3,0,0,8,0,11,0,0,1,1,5,6,2,31,6,1999,2,2,LAND ROVER DISCOVERY,7,E01025485,0,-1
2021461030447,2021,461030447,2,9,0,4,4,8,4,0,0,0,0,0,0,0,2,1,6,6,1,32,6,2495,2,26,LAND ROVER DISCOVERY,1,E01024613,0,-1
202131A168521,2021,31A168521,1,9,0,18,19,7,3,0,0,0,5,0,1,9,1,1,6,6,1,24,5,3950,1,20,LAND ROVER DISCOVERY,-1,-1,0,-1
2021221031028,2021,221031028,2,9,0,4,4,7,2,0,0,1,0,0,0,0,2,1,5,6,1,52,8,1999,2,1,LAND ROVER DISCOVERY,5,E01014056,0,-1
2021320284052,2021,320284052,1,9,0,9,9,1,4,0,0,2,0,0,0,0,3,1,6,6,2,46,8,1999,2,3,LAND ROVER DISCOVERY,10,E01026362,0,-1
2021546948021,2021,546948021,2,9,0,18,19,2,6,0,0,0,5,0,0,0,1,1,6,6,1,76,11,1999,2,5,LAND ROVER DISCOVERY,6,E01032011,0,-1
2021320381862,2021,320381862,2,9,0,18,19,1,6,0,0,1,1,0,7,4,1,1,6,6,2,34,6,1999,2,5,LAND ROVER DISCOVERY,9,E01026226,0,-1
2021451052781,2021,451052781,1,9,0,4,4,7,3,0,0,0,0,0,0,0,2,1,1,1,2,49,8,1999,2,0,LAND ROVER DISCOVERY,8,E01030527,0,-1
2021451116351,2021,451116351,2,9,0,18,19,5,1,0,0,1,0,0,0,0,1,1,2,2,2,60,9,1997,1,2,LAND ROVER DISCOVERY,8,E01030703,0,-1
2021421105759,2021,421105759,1,9,0,9,9,7,5,0,0,1,0,0,0,0,1,1,5,6,1,69,10,2720,2,15,LAND ROVER DISCOVERY,7,E01021361,0,-1
2021451018199,2021,451018199,1,9,0,9,9,3,1,0,0,0,0,0,0,0,1,1,5,6,2,43,7,2993,2,3,LAND ROVER DISCOVERY,10,E01030940,0,-1
2021440249831,2021,440249831,2,9,0,13,13,5,2,0,0,8,0,0,0,0,1,1,6,6,2,-1,-1,2993,2,5,LAND ROVER DISCOVERY,7,E01023159,0,-1
2021231128142,2021,231128142,3,9,0,4,4,5,1,0,0,0,0,0,0,0,2,1,5,6,1,70,10,1999,2,6,LAND ROVER DISCOVERY,9,E01031227,0,-1
2021471096632,2021,471096632,2,9,0,18,19,7,2,0,0,1,0,0,0,0,1,1,5,6,1,25,5,2495,2,22,LAND ROVER DISCOVERY,6,E01021104,0,-1
2021010342367,2021,010342367,1,9,0,18,19,1,5,0,0,1,5,4,0,0,1,1,6,6,1,19,4,1999,2,3,LAND ROVER DISCOVERY,3,E01004563,0,-1
2021041126381,2021,041126381,2,9,0,18,19,3,7,0,0,1,0,0,0,0,1,1,5,6,1,56,9,2993,2,2,LAND ROVER DISCOVERY,7,E01025279,0,-1
2021501130969,2021,501130969,4,9,0,10,10,8,4,0,0,1,0,0,0,0,2,1,6,6,1,57,9,2993,2,12,LAND ROVER DISCOVERY,4,E01018968,0,-1
2021461015499,2021,461015499,2,9,0,3,3,4,8,0,0,0,0,2,0,0,2,1,3,7,2,34,6,2179,2,6,LAND ROVER DISCOVERY,9,E01024834,0,-1
2021010320792,2021,010320792,1,9,0,18,19,1,5,0,0,0,0,10,0,0,1,1,6,6,1,21,5,1999,2,5,LAND ROVER DISCOVERY,5,E01033741,0,-1
2021131057299,2021,131057299,1,9,0,18,19,3,7,0,0,0,0,0,0,0,4,1,2,2,1,38,7,2495,2,18,LAND ROVER DISCOVERY,7,E01011589,0,-1
2021221095516,2021,221095516,1,9,0,9,9,3,2,0,0,6,0,0,0,0,1,1,5,6,1,36,7,2720,2,15,LAND ROVER DISCOVERY,3,E01018732,0,-1
2021471052783,2021,471052783,2,9,0,3,3,7,3,0,0,4,0,0,0,0,2,1,5,6,2,49,8,2993,2,8,LAND ROVER DISCOVERY,8,E01031642,0,-1
2021111030546,2021,111030546,2,9,0,18,19,8,4,0,0,0,0,0,0,0,2,1,6,6,1,58,9,2993,2,3,LAND ROVER DISCOVERY,6,E01027604,0,-1
2021141100817,2021,141100817,1,9,0,9,9,1,7,0,0,2,1,10,7,11,2,1,5,6,2,53,8,2179,2,6,LAND ROVER DISCOVERY,8,E01011116,0,-1
2021461071075,2021,461071075,3,9,0,18,19,5,1,0,0,1,0,0,0,0,3,1,5,6,1,52,8,1999,2,5,LAND ROVER DISCOVERY,7,E01024515,0,-1
2021461090473,2021,461090473,2,9,0,7,7,3,7,0,0,1,0,0,0,0,4,1,6,6,1,-1,-1,2993,2,3,LAND ROVER DISCOVERY,9,E01032821,0,-1
2021421035830,2021,421035830,2,9,0,2,2,0,0,0,0,0,0,0,0,0,3,1,6,6,3,-1,-1,2995,1,3,LAND ROVER DISCOVERY,-1,-1,0,-1
2021061067067,2021,061067067,1,9,0,9,9,3,1,0,0,8,0,0,0,0,1,1,6,6,3,30,6,2720,2,15,LAND ROVER DISCOVERY,-1,-1,0,-1
2021131094702,2021,131094702,1,9,0,18,19,6,4,0,0,1,0,0,0,0,4,1,5,6,1,26,6,2495,2,17,LAND ROVER DISCOVERY,7,E01011111,0,-1
2021440223521,2021,440223521,1,9,0,18,19,4,8,0,0,8,0,0,0,0,1,1,6,6,2,46,8,2993,2,4,LAND ROVER DISCOVERY,6,E01023236,0,-1
2021141028246,2021,141028246,2,9,0,18,19,1,1,0,0,0,0,0,0,0,4,1,6,6,2,32,6,1999,2,2,LAND ROVER DISCOVERY,8,E01008079,0,-1
2021461092248,2021,461092248,2,9,0,3,3,3,7,0,0,0,0,0,0,0,4,1,6,6,1,78,11,1999,2,4,LAND ROVER DISCOVERY,7,E01024812,0,-1
2021461085542,2021,461085542,1,9,0,3,3,5,1,0,0,0,0,0,0,0,1,1,5,6,1,-1,-1,2993,2,9,LAND ROVER DISCOVERY,8,E01016087,0,-1
2021411078094,2021,411078094,2,9,0,4,4,8,4,0,0,0,0,0,0,0,1,1,6,6,1,78,11,2993,2,8,LAND ROVER DISCOVERY,7,E01023760,0,-1
2021221125472,2021,221125472,1,9,0,13,13,5,1,0,0,0,0,0,0,0,3,1,4,7,2,42,7,2997,2,0,LAND ROVER DISCOVERY,5,E01014008,0,-1
2021070625345,2021,070625345,1,9,0,9,9,7,5,0,0,6,0,0,0,0,3,1,6,6,2,32,6,2179,2,6,LAND ROVER DISCOVERY,9,E01018494,0,-1
2021471086924,2021,471086924,1,9,0,7,7,6,2,0,0,6,0,0,0,0,3,1,3,7,2,45,7,2993,2,6,LAND ROVER DISCOVERY,9,E01031674,0,-1
2021320741742,2021,320741742,1,9,0,18,19,8,4,0,0,8,0,0,0,0,4,1,6,6,1,72,10,2720,2,13,LAND ROVER DISCOVERY,7,E01027033,0,-1
2021010317798,2021,010317798,2,9,0,99,99,9,9,99,99,9,9,99,9,99,1,9,6,6,1,-1,-1,1999,2,4,LAND ROVER DISCOVERY,4,E01030824,0,-1
2021311125584,2021,311125584,1,9,0,9,9,5,2,0,0,2,0,0,0,0,1,1,5,6,2,49,8,1999,2,4,LAND ROVER DISCOVERY,10,E01028148,0,-1
2021101046977,2021,101046977,1,9,0,18,19,5,1,0,0,0,0,0,0,0,1,1,3,7,1,37,7,2993,2,2,LAND ROVER DISCOVERY,10,E01033550,0,-1
2021161062077,2021,161062077,1,9,0,18,19,3,7,0,0,1,0,0,0,0,1,1,6,6,1,24,5,2495,2,19,LAND ROVER DISCOVERY,6,E01012771,0,-1
20211383D0984,2021,1383D0984,1,9,0,18,19,5,1,0,0,0,0,0,0,0,2,1,6,6,1,-1,-1,2720,2,14,LAND ROVER DISCOVERY,1,E01010809,0,-1
2021430184469,2021,430184469,2,9,0,10,10,2,8,0,0,1,0,0,0,0,2,1,3,7,2,40,7,2993,2,10,LAND ROVER DISCOVERY,8,E01028737,0,-1
2021010312932,2021,010312932,2,9,0,99,99,9,9,99,99,9,9,99,9,99,1,9,6,6,3,37,7,1998,2,0,LAND ROVER DISCOVERY,5,E01001389,0,-1
2021010321632,2021,010321632,1,9,0,18,19,6,2,0,0,5,0,0,0,0,1,1,6,6,1,48,8,2993,2,6,LAND ROVER DISCOVERY,4,E01004658,0,-1
2021141127404,2021,141127404,3,9,0,18,19,4,8,0,0,0,0,0,0,0,2,1,2,2,1,22,5,2495,2,25,LAND ROVER DISCOVERY,2,E01007965,0,-1
2021061051699,2021,061051699,3,9,0,18,19,6,2,0,0,0,0,0,0,0,2,1,1,1,2,40,7,2179,2,6,LAND ROVER DISCOVERY,2,E01005344,0,-1
2021501125946,2021,501125946,1,9,0,18,19,6,2,0,0,0,0,0,0,0,2,1,5,6,1,25,5,2495,2,24,LAND ROVER DISCOVERY,5,E01019902,0,-1
2021622101004,2021,622101004,1,9,0,9,9,3,8,0,0,5,0,0,0,0,1,1,6,6,1,61,9,2720,2,14,LAND ROVER DISCOVERY,4,W01001235,0,-1
202163C051321,2021,63C051321,1,9,0,13,13,3,7,0,0,0,0,0,7,7,1,1,1,1,1,54,8,2993,2,4,LAND ROVER DISCOVERY,8,E01031503,0,-1
2021440137366,2021,440137366,2,9,0,12,12,8,0,0,0,1,2,0,0,0,2,1,6,6,2,29,6,2993,2,4,LAND ROVER DISCOVERY,6,E01023155,0,-1
2021302101511,2021,302101511,2,9,0,9,9,6,4,0,0,8,0,0,0,0,1,1,6,6,2,50,8,2993,2,3,LAND ROVER DISCOVERY,10,E01025944,0,-1
2021122100982,2021,122100982,2,9,0,18,19,5,1,0,0,8,0,0,7,11,1,1,1,1,1,34,6,2993,2,6,LAND ROVER DISCOVERY,6,E01027570,0,-1
2021461096867,2021,461096867,1,9,0,9,9,1,5,0,0,8,0,0,0,0,1,1,2,2,2,35,6,1999,2,1,LAND ROVER DISCOVERY,5,E01024692,0,-1
2021461078006,2021,461078006,2,9,0,16,19,5,1,0,0,0,0,0,0,0,3,1,5,6,1,46,8,1999,2,5,LAND ROVER DISCOVERY,6,E01023987,0,-1
2021461052439,2021,461052439,1,9,0,4,4,6,2,0,0,0,0,0,0,0,2,1,5,6,2,48,8,2720,2,15,LAND ROVER DISCOVERY,2,E01024248,0,-1
2021111110558,2021,111110558,2,9,4,15,15,2,6,0,0,0,3,7,6,6,4,1,1,1,1,37,7,2993,2,5,LAND ROVER DISCOVERY,-1,-1,0,-1
202154C133821,2021,54C133821,1,9,0,18,19,7,3,0,0,0,0,0,0,0,0,1,6,6,2,33,6,2993,2,5,LAND ROVER DISCOVERY,7,E01032694,0,-1
2021421050095,2021,421050095,1,9,0,5,5,2,1,0,0,0,0,0,0,0,4,1,6,6,1,54,8,1498,8,0,LAND ROVER DISCOVERY,5,E01021262,0,-1
2021501058693,2021,501058693,1,9,0,16,19,6,2,0,0,0,0,0,0,0,3,1,5,6,2,36,7,2993,2,5,LAND ROVER DISCOVERY,5,E01020319,0,-1
2021031060487,2021,031060487,2,9,0,15,15,1,5,0,0,0,5,0,7,0,4,1,6,6,1,54,8,1999,2,5,LAND ROVER DISCOVERY,4,-1,0,-1
2021440166803,2021,440166803,1,9,0,18,19,2,6,0,0,0,1,0,5,6,3,1,6,6,1,34,6,2993,2,7,LAND ROVER DISCOVERY,8,E01017059,0,-1
2021471019920,2021,471019920,1,9,0,18,19,5,1,0,0,0,1,0,1,9,1,1,5,6,1,39,7,2993,2,2,LAND ROVER DISCOVERY,8,E01021174,0,-1
2021201028723,2021,201028723,3,9,0,2,2,0,0,0,0,2,0,0,0,0,2,1,6,6,3,-1,-1,2993,2,9,LAND ROVER DISCOVERY,-1,-1,0,-1