collision_index,collision_year,collision_ref_no,vehicle_reference,vehicle_type,towing_and_articulation,vehicle_manoeuvre_historic,vehicle_manoeuvre,vehicle_direction_from,vehicle_direction_to,vehicle_location_restricted_lane_historic,vehicle_location_restricted_lane,junction_location,skidding_and_overturning,hit_object_in_carriageway,vehicle_leaving_carriageway,hit_object_off_carriageway,first_point_of_impact,vehicle_left_hand_drive,journey_purpose_of_driver_historic,journey_purpose_of_driver,sex_of_driver,age_of_driver,age_band_of_driver,engine_capacity_cc,propulsion_code,age_of_vehicle,generic_make_model,driver_imd_decile,lsoa_of_driver,escooter_flag,driver_distance_banding
2021361084908,2021,361084908,1,9,0,18,19,5,1,0,0,0,0,0,0,0,1,1,5,6,1,30,6,1968,2,13,AUDI A4,6,E01033541,0,-1
2021501053268,2021,501053268,2,9,0,5,5,3,7,0,0,8,0,0,0,0,1,1,5,6,2,29,6,1968,2,11,AUDI A4,5,E01020127,0,-1
2021430478188,2021,430478188,2,9,0,18,19,1,5,0,0,0,0,0,0,0,1,1,6,6,1,-1,-1,1798,1,13,AUDI A4,-1,-1,0,-1
2021320228142,2021,320228142,2,9,0,18,19,3,7,0,0,0,1,0,1,0,1,1,6,6,1,60,9,1968,2,8,AUDI A4,7,E01007778,0,-1
2021531031799,2021,531031799,1,9,0,18,19,7,3,0,0,0,0,0,0,0,4,1,6,6,1,50,8,1986,2,13,AUDI A4,10,E01011120,0,-1
2021010312519,2021,010312519,2,9,0,99,99,9,9,0,0,0,0,0,0,0,1,1,6,6,3,-1,-1,2967,2,13,AUDI A4,-1,-1,0,-1
2021440400792,2021,440400792,1,9,0,18,19,6,2,0,0,1,0,0,1,0,1,1,3,7,1,46,8,1968,2,7,AUDI A4,9,E01022564,0,-1
2021010291486,2021,010291486,1,9,0,99,99,9,9,99,99,9,9,99,9,99,2,9,6,6,1,33,6,1798,1,12,AUDI A4,6,E01002124,0,-1
2021461112999,2021,461112999,2,9,0,9,9,7,5,0,0,8,0,0,0,0,1,1,3,7,2,32,6,1986,2,16,AUDI A4,2,E01032799,0,-1
2021461025425,2021,461025425,1,9,0,6,6,3,7,0,0,6,0,0,0,0,3,1,6,6,1,57,9,1896,2,17,AUDI A4,6,E01024491,0,-1
2021061099444,2021,061099444,1,9,0,9,9,1,3,0,0,2,0,0,0,0,1,1,6,6,1,25,5,1968,2,13,AUDI A4,2,E01004849,0,-1
2021522103573,2021,522103573,1,9,0,3,3,6,1,0,0,2,0,0,0,0,3,1,6,6,1,22,5,1968,2,13,AUDI A4,7,E01014909,0,-1
2021544162321,2021,544162321,1,9,0,18,19,1,5,0,0,4,0,0,0,0,3,1,6,6,1,29,6,1395,1,5,AUDI A4,-1,-1,0,-1
2021421082647,2021,421082647,2,9,0,18,19,1,5,0,0,0,0,0,1,0,1,1,5,6,1,39,7,1968,2,4,AUDI A4,7,E01021993,0,-1
2021471125703,2021,471125703,2,9,0,14,14,6,2,0,0,1,0,0,0,0,4,1,3,7,1,35,6,1986,2,16,AUDI A4,10,E01031649,0,-1
2021430418841,2021,430418841,1,9,0,18,19,4,8,0,0,8,0,0,0,0,3,1,6,6,1,27,6,1968,2,12,AUDI A4,5,E01016404,0,-1
2021061096702,2021,061096702,1,9,0,1,1,3,7,0,0,8,0,0,0,0,2,1,6,6,3,30,6,1896,2,18,AUDI A4,-1,-1,0,-1
2021471122213,2021,471122213,2,9,0,3,3,3,7,0,0,0,0,0,0,0,2,1,2,2,1,35,6,1968,2,12,AUDI A4,6,E01016878,0,-1
2021010334252,2021,010334252,2,9,0,99,99,9,9,99,99,9,9,99,9,99,1,9,6,6,3,-1,-1,1968,2,8,AUDI A4,-1,-1,0,-1
2021461080528,2021,461080528,1,9,0,5,5,1,5,0,0,1,0,0,0,0,1,1,6,6,2,57,9,1984,1,12,AUDI A4,7,E01024009,0,-1
2021010323676,2021,010323676,1,9,0,99,99,9,9,99,99,9,9,99,9,99,9,9,2,2,1,59,9,2393,1,16,AUDI A4,2,E01003125,0,-1
2021010319768,2021,010319768,1,9,0,5,5,3,7,0,0,1,0,0,0,0,2,1,6,6,1,27,6,1798,1,8,AUDI A4,2,E01001553,0,-1
2021041025789,2021,041025789,2,9,0,2,2,1,1,0,0,0,0,0,0,0,2,1,2,2,1,35,6,1968,2,5,AUDI A4,9,E01025545,0,-1
2021421090263,2021,421090263,4,9,0,18,19,6,2,0,0,0,0,0,0,0,2,1,2,2,2,40,7,1395,1,5,AUDI A4,1,E01021700,0,-1
2021440161096,2021,440161096,1,9,0,4,4,4,8,0,0,0,0,0,0,0,2,1,2,2,1,41,7,1986,2,15,AUDI A4,5,E01017317,0,-1
2021201141896,2021,201141896,2,9,0,18,19,1,5,0,0,0,0,0,0,0,3,1,6,6,1,32,6,1984,1,18,AUDI A4,1,E01010367,0,-1
2021430353916,2021,430353916,1,9,0,18,19,2,5,0,0,3,0,0,0,0,1,1,2,2,2,42,7,1984,1,16,AUDI A4,4,E01028809,0,-1
2021421058624,2021,421058624,1,9,0,18,19,1,5,0,0,3,0,0,0,0,3,1,6,6,1,48,8,1968,2,5,AUDI A4,4,E01021849,0,-1
2021221042832,2021,221042832,1,9,0,7,7,6,8,0,0,6,0,0,0,0,1,1,5,6,2,54,8,1968,2,10,AUDI A4,10,E01032284,0,-1
202154C171921,2021,54C171921,1,9,0,18,19,7,3,0,0,0,0,0,0,0,1,1,6,6,2,57,9,1968,2,10,AUDI A4,6,E01031990,0,-1
2021161085870,2021,161085870,2,9,0,5,5,5,1,0,0,6,0,0,0,0,3,1,6,6,1,-1,-1,1968,2,12,AUDI A4,-1,-1,0,-1
202131C037121,2021,31C037121,2,9,0,5,5,2,6,0,0,0,0,0,0,0,3,1,1,1,1,33,6,1968,2,13,AUDI A4,2,E01013918,0,-1
202131C005921,2021,31C005921,2,9,0,18,19,6,2,0,0,6,0,0,0,0,1,1,6,6,3,-1,-1,1986,2,13,AUDI A4,-1,-1,0,-1
2021201078013,2021,201078013,2,9,0,2,2,0,0,0,0,0,0,0,0,0,2,1,6,6,1,-1,-1,1968,2,4,AUDI A4,-1,-1,0,-1
2021991046253,2021,991046253,1,9,0,16,19,8,5,0,0,4,1,6,0,0,1,1,5,6,1,43,7,1395,1,4,AUDI A4,3,-1,0,-1
2021101093888,2021,101093888,2,9,0,9,9,3,1,0,0,1,0,0,0,0,3,1,5,6,2,43,7,1968,2,11,AUDI A4,3,E01008349,0,-1
2021501109590,2021,501109590,2,9,0,9,9,2,6,0,0,1,0,0,0,0,1,1,5,6,1,66,10,1986,2,15,AUDI A4,4,E01019057,0,-1
2021421102136,2021,421102136,1,9,0,18,19,7,3,0,0,0,0,0,0,0,1,1,6,6,1,35,6,1968,2,10,AUDI A4,2,E01015929,0,-1
2021411100726,2021,411100726,2,9,0,18,19,-1,-1,0,0,0,0,0,0,0,2,1,6,6,1,56,9,1986,2,16,AUDI A4,-1,-1,0,-1
202154C690121,2021,54C690121,1,9,0,16,19,1,5,0,0,0,0,0,0,0,1,1,6,6,1,23,5,1798,1,9,AUDI A4,8,E01031873,0,-1
2021401061821,2021,401061821,1,8,0,5,5,4,2,0,0,2,0,0,0,0,0,1,1,1,1,43,7,1968,2,6,AUDI A4,8,E01017461,0,-1
2021451119051,2021,451119051,3,9,0,18,19,7,3,0,0,0,0,0,0,0,0,1,1,1,2,25,5,1968,2,10,AUDI A4,7,E01030402,0,-1
2021131093134,2021,131093134,1,9,0,9,9,3,7,0,0,3,0,0,0,0,1,1,2,2,1,29,6,1968,2,9,AUDI A4,3,E01011608,0,-1
2021141084775,2021,141084775,2,9,0,17,19,4,8,0,0,0,0,0,0,0,1,1,6,6,3,-1,-1,2698,2,13,AUDI A4,-1,-1,0,-1
2021320319857,2021,320319857,1,9,0,9,9,4,2,0,0,2,0,0,0,0,0,2,6,6,1,31,6,1781,1,17,AUDI A4,3,E01026043,0,-1
202131C021121,2021,31C021121,1,9,0,14,14,5,1,0,0,2,0,0,0,0,1,1,6,6,2,37,7,1798,1,12,AUDI A4,7,E01028175,0,-1
2021131119489,2021,131119489,3,9,0,4,4,8,4,0,0,0,0,0,0,0,2,1,2,2,2,32,6,1984,1,3,AUDI A4,5,E01011860,0,-1
2021544404321,2021,544404321,2,9,0,2,2,0,0,0,0,0,0,0,0,0,3,1,6,6,2,40,7,1984,1,4,AUDI A4,9,E01031841,0,-1
202131A045221,2021,31A045221,2,9,0,4,4,4,8,0,0,8,0,0,0,0,2,1,6,6,1,-1,-1,1968,2,12,AUDI A4,-1,-1,0,-1
2021010305650,2021,010305650,1,9,0,18,19,2,6,0,0,8,0,0,0,0,4,1,6,6,1,32,6,1968,2,5,AUDI A4,7,E01004139,0,-1
2021010312533,2021,010312533,2,9,0,11,11,7,3,0,0,0,0,0,0,0,4,1,6,6,1,76,11,1984,1,14,AUDI A4,7,E01002675,0,-1
2021010340902,2021,010340902,2,9,0,99,99,9,9,99,99,9,9,99,9,99,1,9,6,6,3,-1,-1,1968,2,9,AUDI A4,-1,-1,0,-1
2021201066060,2021,201066060,2,9,0,2,2,6,2,0,0,0,0,0,1,0,1,1,6,6,2,37,7,1968,2,5,AUDI A4,10,E01010251,0,-1
2021501048674,2021,501048674,1,9,0,18,19,1,5,0,0,0,0,0,0,0,1,1,6,6,1,83,11,1984,1,13,AUDI A4,4,E01015269,0,-1
2021131076439,2021,131076439,3,9,0,3,3,3,3,0,0,0,0,0,0,0,4,1,6,6,1,29,6,1968,2,7,AUDI A4,7,E01011595,0,-1
2021010319106,2021,010319106,1,9,0,18,19,1,5,0,0,0,0,4,0,0,1,1,6,6,1,33,6,1984,1,14,AUDI A4,5,E01003022,0,-1
2021041053688,2021,041053688,1,9,0,-1,-1,-1,-1,-1,-1,-1,-1,-1,-1,0,-1,1,6,6,3,-1,-1,1968,2,12,AUDI A4,-1,-1,0,-1
2021010332726,2021,010332726,2,9,0,18,19,5,1,0,0,0,0,0,0,0,1,1,6,6,2,62,9,1395,1,3,AUDI A4,10,E01002149,0,-1
2021501137562,2021,501137562,1,9,0,18,19,3,7,0,0,0,0,11,0,0,4,1,2,2,1,21,5,1896,2,18,AUDI A4,1,E01020112,0,-1
2021101065171,2021,101065171,2,9,0,5,5,7,3,0,0,6,0,0,0,0,2,1,6,6,1,40,7,1968,2,6,AUDI A4,10,E01008523,0,-1
2021461101173,2021,461101173,2,9,0,18,19,5,1,0,0,0,0,0,0,0,3,1,6,6,2,54,8,1395,1,3,AUDI A4,8,E01003445,0,-1
2021010324653,2021,010324653,1,9,0,99,99,9,9,99,99,9,9,99,9,99,1,9,6,6,1,25,5,1984,1,16,AUDI A4,2,E01001912,0,-1
2021201064524,2021,201064524,1,9,0,5,5,7,4,0,0,6,0,0,0,0,3,1,6,6,1,-1,-1,1986,2,16,AUDI A4,-1,-1,0,-1
2021361142544,2021,361142544,1,9,0,18,19,4,8,0,0,1,5,0,0,0,1,1,6,6,1,34,6,1784,1,15,AUDI A4,10,E01026907,0,-1
2021010292533,2021,010292533,2,9,0,10,10,3,1,0,0,1,0,0,0,0,1,1,2,2,1,80,11,1896,2,18,AUDI A4,5,E01001659,0,-1
202163A063721,2021,63A063721,1,9,0,4,4,6,2,0,0,0,0,4,0,0,4,1,3,7,2,32,6,1986,2,15,AUDI A4,-1,-1,0,-1
2021201059117,2021,201059117,2,9,0,18,19,-1,-1,0,0,0,0,0,0,0,3,1,6,6,1,38,7,1984,1,15,AUDI A4,6,E01009976,0,-1
2021101032614,2021,101032614,1,9,0,5,5,1,1,0,0,6,0,0,0,0,1,1,6,6,1,55,8,1896,2,20,AUDI A4,-1,-1,0,-1
2021010310951,2021,010310951,1,9,0,99,99,9,9,99,99,9,9,99,9,99,2,9,6,6,1,49,8,1968,2,4,AUDI A4,3,E01001516,0,-1
2021201133289,2021,201133289,2,9,0,18,19,4,8,0,0,8,0,0,0,0,2,1,6,6,1,33,6,1986,2,15,AUDI A4,3,E01010097,0,-1
2021010343974,2021,010343974,2,9,9,99,99,9,9,99,99,9,9,99,9,99,4,9,6,6,2,40,7,1986,2,15,AUDI A4,2,E01000103,0,-1
2021320498989,2021,320498989,1,9,0,18,19,6,2,0,0,0,0,0,0,0,1,1,6,6,2,57,9,1986,2,15,AUDI A4,7,E01026392,0,-1
2021501104090,2021,501104090,4,9,0,3,3,7,3,0,0,0,0,0,0,0,2,1,5,6,1,31,6,1968,2,5,AUDI A4,1,E01029297,0,-1
2021451080859,2021,451080859,1,9,0,9,9,2,8,0,0,8,0,0,0,0,1,1,5,6,2,28,6,1798,1,13,AUDI A4,10,E01030925,0,-1
2021041038650,2021,041038650,1,9,0,18,19,2,4,0,0,0,0,4,0,0,1,1,2,2,2,45,7,1798,1,12,AUDI A4,9,E01025533,0,-1
2021430089632,2021,430089632,2,9,0,18,19,4,8,0,0,0,0,0,0,0,1,1,6,6,1,29,6,1968,2,12,AUDI A4,5,E01017659,0,-1
2021052100150,2021,052100150,1,9,0,4,4,5,1,0,0,1,0,0,0,0,1,1,1,1,1,33,6,1968,2,7,AUDI A4,1,E01006664,0,-1
2021552200197,2021,552200197,2,9,0,18,19,8,4,0,0,8,0,0,0,0,3,1,6,6,2,36,7,1896,2,16,AUDI A4,2,E01009877,0,-1
2021461168405,2021,461168405,1,9,0,16,19,5,1,0,0,0,0,0,0,0,1,1,6,6,3,-1,-1,2976,1,18,AUDI A4,-1,-1,0,-1
2021421120686,2021,421120686,3,9,0,18,19,1,5,0,0,0,0,0,0,0,2,1,6,6,1,37,7,1968,2,12,AUDI A4,3,E01021842,0,-1
2021991090278,2021,991090278,5,9,0,2,2,7,7,0,0,1,0,0,0,0,2,1,6,6,3,-1,-1,1968,2,2,AUDI A4,-1,-1,0,-1
2021201075521,2021,201075521,3,9,0,2,2,0,0,0,0,1,0,0,0,0,0,1,5,6,1,48,8,1984,1,1,AUDI A4,7,E01010246,0,-1
2021041115521,2021,041115521,2,9,0,18,19,1,5,0,0,0,0,0,0,0,2,1,6,6,3,-1,-1,1986,2,14,AUDI A4,-1,-1,0,-1
2021430165736,2021,430165736,2,9,0,12,12,1,0,8,6,0,0,0,0,0,1,1,6,6,1,50,8,2967,2,15,AUDI A4,4,E01017662,0,-1
2021041071976,2021,041071976,1,9,0,7,7,5,1,0,0,1,0,0,0,0,0,1,5,6,2,53,8,1968,2,9,AUDI A4,9,W01000403,0,-1
2021622100974,2021,622100974,1,9,0,9,9,6,4,0,0,5,0,0,0,0,1,1,6,6,1,59,9,2967,2,6,AUDI A4,6,W01001520,0,-1
2021131112241,2021,131112241,2,9,0,2,2,0,0,0,0,8,0,0,0,0,1,1,6,6,3,-1,-1,1986,2,14,AUDI A4,-1,-1,0,-1
2021041042296,2021,041042296,1,9,0,17,19,3,7,0,0,8,0,0,0,0,4,1,5,6,1,61,9,1986,2,16,AUDI A4,3,E01025097,0,-1
2021351128223,2021,351128223,1,9,0,18,19,1,5,0,0,1,0,0,0,0,1,1,6,6,1,55,8,1968,2,10,AUDI A4,7,E01017423,0,-1
2021010315867,2021,010315867,1,9,0,5,5,5,1,0,0,6,0,0,0,0,1,1,6,6,1,35,6,1986,2,14,AUDI A4,8,E01004386,0,-1
202134WNC6461,2021,34WNC6461,1,9,0,1,1,0,5,0,0,0,0,0,0,0,2,1,6,6,1,29,6,1896,2,14,AUDI A4,7,E01027292,0,-1
2021061037742,2021,061037742,3,9,0,18,19,4,8,0,0,0,0,0,0,0,1,1,1,1,1,33,6,1968,2,2,AUDI A4,-1,-1,0,-1
2021010302456,2021,010302456,1,9,0,99,99,9,9,99,99,9,9,99,9,99,2,9,2,2,1,25,5,1968,2,1,AUDI A4,1,E01033456,0,-1
2021461066912,2021,461066912,1,9,0,18,19,6,2,0,0,0,0,4,1,0,1,1,5,6,1,43,7,1968,2,11,AUDI A4,9,E01024454,0,-1
2021421024369,2021,421024369,2,9,0,10,10,1,7,0,0,0,0,0,0,0,2,1,6,6,1,39,7,1968,2,6,AUDI A4,7,E01033143,0,-1
2021371039230,2021,371039230,2,9,0,18,19,3,7,0,0,0,0,0,0,0,3,1,5,6,2,65,9,1986,2,12,AUDI A4,3,E01030162,0,-1
2021221039018,2021,221039018,1,9,0,18,19,7,3,0,0,6,0,0,0,0,1,1,5,6,1,73,10,1986,2,15,AUDI A4,9,E01032173,0,-1
2021451022087,2021,451022087,1,9,0,18,19,1,1,0,0,0,0,0,0,0,3,1,6,6,1,40,7,1798,1,7,AUDI A4,5,E01030974,0,-1
2021622100310,2021,622100310,2,9,0,18,19,4,8,0,0,0,0,0,0,0,0,1,6,6,1,27,6,1896,2,14,AUDI A4,8,W01000905,0,-1
2021401059608,2021,401059608,1,9,0,10,10,7,3,0,0,1,0,0,0,0,2,1,5,6,1,31,6,1986,2,14,AUDI A4,4,E01015722,0,-1
2021520106296,2021,520106296,2,9,0,2,2,0,0,0,0,0,0,0,0,0,4,1,6,6,3,-1,-1,1781,1,16,AUDI A4,-1,-1,0,-1
2021201070605,2021,201070605,2,9,0,18,19,8,4,0,0,2,0,0,0,0,4,1,3,7,1,48,8,1968,2,8,AUDI A4,1,E01010340,0,-1
2021552200009,2021,552200009,1,9,0,13,13,8,4,0,0,0,1,0,0,0,1,1,6,6,1,32,6,1986,2,16,AUDI A4,8,E01019966,0,-1
2021552101191,2021,552101191,2,9,0,5,5,7,2,9,9,6,0,0,0,0,1,1,6,6,1,41,7,1968,2,8,AUDI A4,3,E01015289,0,-1
202134WNC1891,2021,34WNC1891,2,9,0,18,19,5,1,0,0,8,0,0,0,0,4,1,2,2,1,37,7,1986,2,15,AUDI A4,4,E01027007,0,-1
2021440174096,2021,440174096,1,9,0,9,9,7,5,0,0,6,0,0,0,0,3,1,6,6,3,-1,-1,1968,2,13,AUDI A4,-1,-1,0,-1
2021501138251,2021,501138251,2,9,0,18,19,7,3,0,0,1,1,0,0,0,3,1,2,2,1,47,8,1968,2,3,AUDI A4,5,E01020303,0,-1
2021471101317,2021,471101317,1,9,0,9,9,2,6,0,0,6,0,0,0,0,1,1,5,6,1,23,5,2967,2,7,AUDI A4,9,E01031463,0,-1
2021101088896,2021,101088896,1,9,0,17,19,6,2,0,0,8,1,0,7,2,1,1,6,6,1,32,6,1986,2,16,AUDI A4,4,E01008583,0,-1
2021201136526,2021,201136526,1,9,0,14,14,1,5,0,0,0,0,4,1,0,1,1,6,6,1,50,8,1968,2,7,AUDI A4,4,E01010015,0,-1
2021170H10271,2021,170H10271,1,9,0,18,19,6,2,0,0,0,0,0,0,0,1,1,6,6,1,19,4,1984,1,14,AUDI A4,8,E01020851,0,-1
2021440346282,2021,440346282,1,9,0,18,19,7,3,0,0,5,0,0,7,0,1,1,6,6,1,50,8,1968,2,7,AUDI A4,8,E01031543,0,-1
2021010338361,2021,010338361,2,9,0,18,19,8,4,0,0,8,1,0,4,1,1,1,6,6,3,-1,-1,1986,2,15,AUDI A4,6,E01000568,0,-1
2021421068874,2021,421068874,2,9,0,10,10,6,3,0,0,1,0,0,0,0,2,1,6,6,1,84,11,1968,2,5,AUDI A4,6,E01021348,0,-1
2021361075042,2021,361075042,1,9,0,18,19,5,2,0,0,1,0,0,3,0,1,1,6,6,3,-1,-1,1968,2,12,AUDI A4,-1,-1,0,-1
2021451101967,2021,451101967,1,9,0,18,19,5,1,0,0,0,0,0,0,0,1,1,5,6,1,50,8,1968,2,4,AUDI A4,9,E01031582,0,-1
2021320055779,2021,320055779,2,9,0,9,9,1,7,0,0,8,0,0,0,0,2,1,2,2,2,55,8,1896,2,25,AUDI A4,-1,-1,0,-1
2021451049854,2021,451049854,2,9,0,18,19,1,5,0,0,4,0,0,0,0,1,1,2,2,1,44,7,1968,2,10,AUDI A4,1,E01003192,0,-1
2021052100737,2021,052100737,2,9,0,18,19,1,5,0,0,0,0,0,0,0,3,1,6,6,1,33,6,1968,2,13,AUDI A4,2,E01006832,0,-1
2021141017153,2021,141017153,2,9,0,4,4,6,2,0,0,0,1,0,0,0,1,1,5,6,1,45,7,1968,2,12,AUDI A4,3,E01007789,0,-1
2021010325677,2021,010325677,2,9,0,18,19,1,5,0,0,1,0,0,0,0,1,1,6,6,1,24,5,1984,1,4,AUDI A4,2,E01003578,0,-1
2021111084669,2021,111084669,1,9,0,18,19,7,3,0,0,1,0,0,0,0,1,1,6,6,3,23,5,1968,2,4,AUDI A4,-1,-1,0,-1
2021361059560,2021,361059560,1,9,0,18,19,2,6,0,0,8,0,0,3,11,1,1,5,6,2,76,11,1968,2,14,AUDI A4,6,E01026675,0,-1
2021991052018,2021,991052018,2,9,0,9,9,6,3,7,6,1,0,0,0,0,3,1,5,6,1,42,7,1984,1,2,AUDI A4,9,-1,0,-1
2021221119390,2021,221119390,1,9,0,4,4,7,3,0,0,1,0,0,0,0,1,1,5,6,1,23,5,1968,2,15,AUDI A4,10,E01032271,0,-1
2021201072677,2021,201072677,1,9,0,18,19,1,5,0,0,0,0,0,0,0,0,1,2,2,1,25,5,1968,2,12,AUDI A4,1,E01009355,0,-1
2021440450870,2021,440450870,2,9,0,2,2,0,0,0,0,2,0,0,0,0,2,1,6,6,1,-1,-1,1968,2,7,AUDI A4,-1,-1,0,-1
2021061077674,2021,061077674,2,9,0,18,19,5,1,0,0,0,0,0,0,0,1,1,6,6,1,30,6,1896,2,18,AUDI A4,1,E01005201,0,-1
2021131099875,2021,131099875,2,9,0,2,2,0,0,0,0,1,0,0,7,0,2,1,1,1,1,54,8,1968,2,10,AUDI A4,1,E01010842,0,-1
2021010291107,2021,010291107,2,9,0,1,1,5,1,99,99,9,0,0,0,0,2,9,6,6,1,-1,-1,1781,1,21,AUDI A4,-1,-1,0,-1
2021411120822,2021,411120822,5,9,0,18,19,7,3,0,0,0,0,0,0,0,1,1,6,6,1,59,9,1896,2,17,AUDI A4,9,E01017702,0,-1
2021991125222,2021,991125222,1,9,0,18,19,1,7,0,0,4,0,0,0,0,1,1,6,6,2,33,6,1968,2,13,AUDI A4,4,-1,0,-1
2021141054646,2021,141054646,2,9,0,18,19,2,6,0,0,0,5,0,0,0,1,1,6,6,3,-1,-1,2967,2,10,AUDI A4,-1,-1,0,-1
2021061100500,2021,061100500,1,9,0,18,19,1,5,0,0,8,0,0,0,0,1,1,6,6,1,30,6,1968,2,5,AUDI A4,10,E01004844,0,-1
2021201147471,2021,201147471,1,9,0,18,19,6,2,0,0,6,0,0,0,0,4,1,6,6,1,-1,-1,1986,2,14,AUDI A4,1,E01010370,0,-1
2021522200854,2021,522200854,2,9,0,4,4,5,1,0,0,8,0,0,0,0,2,1,6,6,1,82,11,1986,2,16,AUDI A4,6,W01001520,0,-1
202134NNC2961,2021,34NNC2961,2,9,0,2,2,0,0,0,0,2,0,0,0,0,3,1,1,1,1,40,7,1968,2,13,AUDI A4,7,E01032967,0,-1
2021010318792,2021,010318792,2,9,9,99,99,9,9,99,99,9,9,99,9,99,9,9,6,6,3,-1,-1,1968,2,9,AUDI A4,-1,-1,0,-1
2021052100797,2021,052100797,1,9,0,18,19,3,7,0,0,0,0,0,0,0,1,1,6,6,1,33,6,1968,2,7,AUDI A4,2,E01006655,0,-1
2021552101250,2021,552101250,2,9,0,13,13,5,1,0,0,0,0,0,0,0,1,1,2,2,2,45,7,1986,2,14,AUDI A4,3,E01020564,0,-1
2021552100243,2021,552100243,1,9,0,18,19,2,6,0,0,0,0,0,0,0,1,1,2,2,2,41,7,1968,2,10,AUDI A4,10,E01022994,0,-1
2021131079424,2021,131079424,1,9,0,18,19,4,8,0,0,0,0,0,0,0,1,1,5,6,1,34,6,1986,2,16,AUDI A4,2,E01011691,0,-1
2021531032436,2021,531032436,1,9,0,9,9,2,6,0,0,8,0,0,0,0,1,1,5,6,1,23,5,1986,2,14,AUDI A4,4,E01022240,0,-1
2021122101312,2021,122101312,2,9,0,18,19,4,8,0,0,1,0,0,1,0,1,1,6,6,2,56,9,1986,2,14,AUDI A4,6,E01013022,0,-1
2021010321132,2021,010321132,1,9,0,7,7,1,4,0,0,5,0,0,1,0,1,1,6,6,1,25,5,1968,2,4,AUDI A4,2,E01004007,0,-1
2021351106264,2021,351106264,1,9,0,18,19,1,5,0,0,1,0,0,0,0,1,1,6,6,1,21,5,1395,1,4,AUDI A4,4,E01033178,0,-1
2021501116512,2021,501116512,1,9,0,8,8,1,5,0,0,0,0,0,0,0,4,1,6,6,3,42,7,1986,2,15,AUDI A4,1,E01015083,0,-1
2021170H10341,2021,170H10341,2,9,0,2,2,0,0,0,0,0,0,0,0,0,2,1,6,6,1,45,7,1798,1,9,AUDI A4,5,E01012259,0,-1
2021302100706,2021,302100706,2,9,0,4,4,6,2,0,0,6,0,0,0,0,2,1,2,2,1,22,5,1968,2,10,AUDI A4,6,E01019551,0,-1
2021201113100,2021,201113100,2,9,0,10,10,5,3,0,0,8,0,0,0,0,4,1,2,2,1,55,8,1968,2,7,AUDI A4,6,E01009759,0,-1
2021501096565,2021,501096565,1,9,0,9,9,3,7,0,0,1,0,0,0,0,2,1,6,6,2,57,9,1896,2,16,AUDI A4,4,E01015178,0,-1
2021201064202,2021,201064202,1,9,0,18,19,5,1,0,0,8,0,0,0,0,1,1,6,6,1,-1,-1,1984,1,16,AUDI A4,-1,-1,0,-1
2021991107483,2021,991107483,1,9,0,18,19,8,4,0,0,8,0,0,0,0,1,1,5,6,2,25,5,1968,2,0,AUDI A4,-1,-1,0,-1
2021371080707,2021,371080707,1,9,0,12,12,3,6,0,0,0,0,0,0,0,2,1,1,1,2,62,9,1968,2,9,AUDI A4,7,E01029901,0,-1
2021201115216,2021,201115216,1,9,0,5,5,1,5,0,0,6,0,0,0,0,4,1,1,1,1,30,6,1968,2,12,AUDI A4,5,E01009907,0,-1
2021131114261,2021,131114261,1,9,0,18,19,3,7,0,0,0,0,0,0,0,1,1,5,6,1,55,8,1395,1,4,AUDI A4,4,E01011986,0,-1
2021201073945,2021,201073945,2,9,0,18,19,8,4,0,0,8,0,0,0,0,1,1,6,6,1,71,10,1896,2,18,AUDI A4,5,E01009032,0,-1
2021221091526,2021,221091526,2,9,0,3,3,2,6,0,0,0,0,0,0,0,2,1,5,6,1,49,8,1984,1,2,AUDI A4,6,E01029708,0,-1
202131D166021,2021,31D166021,2,9,0,7,7,4,6,0,0,6,0,0,0,0,1,1,1,1,1,24,5,1968,2,12,AUDI A4,1,E01033411,0,-1
2021010290777,2021,010290777,1,9,0,18,19,7,3,0,0,0,0,0,0,0,1,1,6,6,1,27,6,1986,2,15,AUDI A4,2,E01004434,0,-1
2021461052268,2021,461052268,1,9,0,18,19,5,1,0,0,8,0,0,0,0,4,1,5,6,1,28,6,1984,1,0,AUDI A4,1,E01024155,0,-1
2021010343672,2021,010343672,2,9,0,9,9,1,8,2,2,0,0,0,0,0,1,1,6,6,2,66,10,1984,1,14,AUDI A4,-1,-1,0,-1
2021302102054,2021,302102054,2,9,0,9,9,6,4,0,0,1,0,0,7,0,2,1,6,6,1,47,8,1968,2,5,AUDI A4,10,E01033533,0,-1
2021221095564,2021,221095564,1,9,0,4,4,8,4,0,0,1,0,0,0,0,2,1,5,6,1,41,7,1984,1,14,AUDI A4,1,E01009155,0,-1
2021320138706,2021,320138706,1,9,0,9,9,4,1,0,0,6,0,0,0,0,1,1,1,1,1,41,7,1798,1,10,AUDI A4,3,E01026174,0,-1
2021201020184,2021,201020184,2,9,0,3,3,8,4,0,0,2,0,0,0,0,2,1,6,6,1,42,7,2698,2,13,AUDI A4,2,E01009395,0,-1
2021010289340,2021,010289340,1,9,0,18,19,7,3,0,0,1,0,0,0,0,1,1,1,1,1,-1,-1,1781,1,13,AUDI A4,1,E01001426,0,-1
2021411026465,2021,411026465,1,9,-1,18,19,4,8,0,0,4,0,0,0,0,2,1,6,6,1,46,8,1986,2,15,AUDI A4,6,E01023903,0,-1