collision_index,collision_year,collision_ref_no,vehicle_reference,vehicle_type,towing_and_articulation,vehicle_manoeuvre_historic,vehicle_manoeuvre,vehicle_direction_from,vehicle_direction_to,vehicle_location_restricted_lane_historic,vehicle_location_restricted_lane,junction_location,skidding_and_overturning,hit_object_in_carriageway,vehicle_leaving_carriageway,hit_object_off_carriageway,first_point_of_impact,vehicle_left_hand_drive,journey_purpose_of_driver_historic,journey_purpose_of_driver,sex_of_driver,age_of_driver,age_band_of_driver,engine_capacity_cc,propulsion_code,age_of_vehicle,generic_make_model,driver_imd_decile,lsoa_of_driver,escooter_flag,driver_distance_banding
2021010295810,2021,010295810,1,9,0,9,9,4,1,0,0,1,0,0,0,0,3,1,3,7,2,48,8,1968,2,12,AUDI A4,4,E01003333,0,-1
2021031055210,2021,031055210,1,9,0,18,19,4,5,0,0,1,1,0,0,0,1,1,6,6,1,52,8,1984,1,14,AUDI A4,1,E01012060,0,-1
2021421126697,2021,421126697,2,9,0,18,19,7,4,0,0,0,0,0,0,0,0,1,6,6,2,35,6,1968,2,13,AUDI A4,5,E01021492,0,-1
2021430451119,2021,430451119,2,9,0,18,19,1,5,0,0,0,0,0,0,0,2,1,2,2,2,40,7,1968,2,5,AUDI A4,1,E01032932,0,-1
2021010344346,2021,010344346,2,9,0,99,99,9,9,99,99,0,9,99,9,99,9,1,6,6,3,27,6,1968,2,7,AUDI A4,9,E01001532,0,-1
2021061081039,2021,061081039,2,9,0,18,19,1,1,0,0,0,0,0,0,0,2,1,6,6,2,34,6,1968,2,14,AUDI A4,2,E01005326,0,-1
2021052101848,2021,052101848,1,9,0,18,19,3,7,0,0,8,0,0,0,0,4,1,2,2,1,55,8,1968,2,2,AUDI A4,1,E01006728,0,-1
2021430223057,2021,430223057,1,9,0,3,3,4,2,0,0,4,0,0,0,0,2,1,6,6,2,50,8,1968,2,7,AUDI A4,6,E01017781,0,-1
2021101089004,2021,101089004,2,9,-1,9,9,4,2,0,0,2,0,0,0,0,4,1,6,6,1,25,5,1968,2,5,AUDI A4,2,E01008840,0,-1
2021101028203,2021,101028203,1,9,0,13,13,3,7,0,0,8,0,0,0,0,4,1,6,6,2,23,5,1896,2,18,AUDI A4,5,E01027503,0,-1
2021101024664,2021,101024664,1,9,0,5,5,1,5,9,9,0,0,0,0,0,1,1,5,6,1,32,6,1968,2,8,AUDI A4,-1,-1,0,-1
2021070731058,2021,070731058,2,9,0,3,3,7,3,0,0,0,0,0,0,0,2,1,1,1,2,26,6,1968,2,4,AUDI A4,10,E01006085,0,-1
2021430561312,2021,430561312,2,9,0,18,19,1,5,0,0,1,0,0,0,0,2,1,6,6,2,51,8,1968,2,4,AUDI A4,8,E01028584,0,-1
2021622100335,2021,622100335,1,9,0,18,19,4,8,0,0,2,0,0,0,0,1,1,6,6,2,26,6,1968,2,13,AUDI A4,3,W01001010,0,-1
2021031069975,2021,031069975,2,9,0,2,2,5,1,0,0,0,0,0,0,0,3,1,6,6,2,37,7,1986,2,15,AUDI A4,2,E01019108,0,-1
2021430440256,2021,430440256,1,9,0,3,3,5,1,0,0,1,0,0,0,0,2,1,6,6,1,29,6,1986,2,13,AUDI A4,5,E01016483,0,-1
2021421113490,2021,421113490,1,9,0,18,19,1,5,0,0,0,0,0,0,0,1,1,6,6,1,-1,-1,1968,2,8,AUDI A4,-1,-1,0,-1
2021501017530,2021,501017530,1,9,0,18,19,7,3,0,0,0,5,0,1,10,1,1,5,6,1,27,6,1986,2,15,AUDI A4,4,E01018905,0,-1
2021010344254,2021,010344254,1,9,0,18,19,5,1,0,0,1,5,4,0,0,1,1,6,6,1,23,5,1798,1,6,AUDI A4,1,E01001850,0,-1
2021041088940,2021,041088940,3,9,0,18,19,7,3,0,0,0,0,0,0,0,2,1,5,6,1,33,6,1968,2,6,AUDI A4,3,E01025210,0,-1
2021361059357,2021,361059357,3,9,0,4,4,8,4,0,0,1,0,0,0,0,2,1,5,6,2,54,8,1984,1,4,AUDI A4,6,E01026896,0,-1
2021010301044,2021,010301044,1,9,0,99,99,9,9,99,99,2,9,99,9,99,1,9,6,6,1,24,5,1984,1,7,AUDI A4,2,E01004289,0,-1
2021211097218,2021,211097218,1,9,0,18,19,5,1,0,0,0,0,0,7,0,3,1,6,6,1,25,5,1986,2,14,AUDI A4,2,E01014252,0,-1
2021451041908,2021,451041908,1,9,0,18,19,5,5,0,0,0,0,0,0,0,2,1,5,6,1,50,8,2967,2,11,AUDI A4,5,E01030812,0,-1
2021351014411,2021,351014411,2,9,0,3,3,1,7,0,0,1,0,0,0,0,1,1,6,6,2,27,6,1395,1,5,AUDI A4,4,E01015614,0,-1
2021461091350,2021,461091350,1,9,0,5,5,5,1,7,6,0,0,0,0,0,2,1,6,6,1,72,10,2698,2,12,AUDI A4,7,E01024417,0,-1
2021111056216,2021,111056216,1,9,0,18,19,6,2,0,0,2,0,0,0,0,4,1,1,1,1,33,6,1968,2,10,AUDI A4,1,E01008332,0,-1
2021101087877,2021,101087877,1,9,0,18,19,2,6,0,0,2,0,0,0,0,1,1,6,6,1,82,11,1984,1,17,AUDI A4,9,E01033714,0,-1
2021070361081,2021,070361081,3,9,0,18,19,6,2,0,0,0,0,0,0,0,4,1,6,6,1,32,6,1968,2,8,AUDI A4,9,E01029744,0,-1
2021501040522,2021,501040522,1,9,0,4,4,3,7,0,0,1,0,0,0,0,1,1,6,6,1,21,5,1968,2,11,AUDI A4,5,E01029193,0,-1
2021302100920,2021,302100920,2,9,0,4,4,8,4,0,0,4,0,0,0,0,2,1,6,6,2,29,6,1968,2,9,AUDI A4,3,E01013510,0,-1
2021010345129,2021,010345129,2,9,0,2,2,0,0,0,0,8,0,4,1,10,1,1,6,6,3,-1,-1,1984,1,9,AUDI A4,-1,-1,0,-1
202131D180321,2021,31D180321,1,9,0,18,19,7,3,0,0,0,0,0,0,0,3,1,6,6,1,52,8,1968,2,7,AUDI A4,2,E01013908,0,-1
2021361017732,2021,361017732,2,9,0,18,19,5,1,0,0,8,0,0,0,0,1,1,2,2,1,45,7,1986,2,16,AUDI A4,6,E01026590,0,-1
2021141024709,2021,141024709,2,9,0,18,19,5,1,0,0,8,0,0,0,0,4,1,6,6,2,35,6,1896,2,21,AUDI A4,1,E01007466,0,-1
2021141104402,2021,141104402,1,9,0,18,19,7,3,0,0,0,0,0,0,0,4,1,5,6,1,60,9,1781,1,16,AUDI A4,8,E01032924,0,-1
2021052100117,2021,052100117,1,9,0,9,9,7,3,0,0,6,0,0,0,0,1,1,2,2,2,39,7,1896,2,19,AUDI A4,7,E01007198,0,-1
2021141038654,2021,141038654,2,9,0,4,4,4,8,0,0,0,0,0,0,0,2,1,1,1,1,26,6,1968,2,2,AUDI A4,3,E01020770,0,-1
2021201134342,2021,201134342,1,9,0,7,7,3,5,0,0,5,0,0,0,0,4,1,6,6,1,42,7,1395,1,5,AUDI A4,8,E01009958,0,-1
2021440152521,2021,440152521,1,9,0,5,5,7,3,0,0,8,0,0,0,0,0,1,1,1,1,67,10,1781,1,20,AUDI A4,9,E01030900,0,-1
2021440500811,2021,440500811,3,9,0,3,3,3,7,0,0,0,0,0,0,0,2,1,6,6,1,26,6,1781,1,16,AUDI A4,-1,-1,0,-1
2021061067547,2021,061067547,1,9,0,18,19,3,7,0,0,0,0,0,0,0,1,1,6,6,3,30,6,1896,2,18,AUDI A4,-1,-1,0,-1
2021201050724,2021,201050724,3,9,0,8,8,5,2,0,0,8,0,0,0,0,2,1,6,6,1,52,8,1896,2,13,AUDI A4,3,E01009316,0,-1
2021440068078,2021,440068078,2,9,0,2,2,0,0,0,0,0,0,0,0,0,2,1,6,6,1,64,9,1968,2,5,AUDI A4,10,E01022512,0,-1
2021070830150,2021,070830150,2,9,0,18,19,3,7,0,0,1,0,0,0,0,1,1,1,1,1,29,6,1984,1,6,AUDI A4,6,E01018425,0,-1
2021501061343,2021,501061343,1,9,0,13,13,4,8,0,0,0,1,0,0,0,1,1,5,6,1,43,7,1986,2,15,AUDI A4,4,E01019932,0,-1
2021061084706,2021,061084706,1,9,0,18,19,1,5,0,0,2,0,0,0,0,1,1,6,6,1,35,6,1986,2,16,AUDI A4,10,E01005748,0,-1
2021451092725,2021,451092725,2,9,0,18,19,6,2,0,0,0,0,0,0,0,1,1,5,6,1,40,7,1968,2,5,AUDI A4,10,E01030627,0,-1
2021451029543,2021,451029543,1,9,0,18,19,3,7,0,0,1,0,0,0,0,1,1,5,6,2,49,8,1968,2,11,AUDI A4,8,E01030988,0,-1
2021061142009,2021,061142009,2,9,-1,3,3,1,3,0,0,1,0,0,0,0,1,1,6,6,3,30,6,1986,2,15,AUDI A4,-1,-1,0,-1
2021138361744,2021,138361744,2,9,0,18,19,1,5,0,0,1,0,0,0,0,1,1,6,6,1,42,7,1968,2,7,AUDI A4,4,E01010591,0,-1
2021010291414,2021,010291414,1,9,0,4,4,7,3,0,0,0,0,0,0,0,2,1,6,6,1,23,5,1968,2,9,AUDI A4,2,E01001246,0,-1
2021141027617,2021,141027617,2,9,0,18,19,8,4,0,0,1,0,0,0,0,1,2,5,6,2,31,6,1968,2,7,AUDI A4,3,E01019792,0,-1
2021010309796,2021,010309796,1,9,0,11,11,3,7,0,0,0,0,0,0,0,4,1,6,6,1,44,7,1986,2,16,AUDI A4,1,E01009492,0,-1
2021010350708,2021,010350708,1,9,0,7,7,5,7,9,9,6,0,0,0,0,1,1,6,6,2,58,9,1984,1,12,AUDI A4,10,E01002960,0,-1
2021070348556,2021,070348556,2,9,0,2,2,0,0,9,9,0,0,0,0,0,3,2,6,6,3,-1,-1,1896,2,17,AUDI A4,-1,-1,0,-1
2021501092424,2021,501092424,1,9,0,4,4,5,1,0,0,1,0,0,0,0,2,1,1,1,2,40,7,1968,2,4,AUDI A4,5,E01020331,0,-1
2021141127306,2021,141127306,1,9,0,18,19,5,1,0,0,8,0,0,0,0,4,1,5,6,1,39,7,2967,2,5,AUDI A4,2,E01007805,0,-1
2021411074270,2021,411074270,2,9,0,18,19,4,8,0,0,0,0,0,0,0,1,1,6,6,1,37,7,1395,1,3,AUDI A4,9,E01023833,0,-1
2021010327995,2021,010327995,1,9,0,99,99,9,9,99,99,9,9,99,9,99,9,9,6,6,1,31,6,1395,1,3,AUDI A4,2,E01001555,0,-1
2021401131015,2021,401131015,2,9,0,18,19,7,3,0,0,8,0,0,0,0,1,1,6,6,2,34,6,1968,2,6,AUDI A4,5,E01017440,0,-1
2021010300950,2021,010300950,1,9,0,18,19,7,3,0,0,0,0,0,0,0,4,1,6,6,1,48,8,1984,1,0,AUDI A4,4,E01002684,0,-1
2021122101459,2021,122101459,1,9,0,18,19,5,1,0,0,4,0,0,0,0,1,1,6,6,1,42,7,1896,2,17,AUDI A4,4,E01027811,0,-1
2021161118619,2021,161118619,1,9,0,18,19,6,2,0,0,0,0,0,0,0,1,1,6,6,1,51,8,1968,2,9,AUDI A4,4,E01006026,0,-1
2021131125948,2021,131125948,2,9,0,18,19,3,7,0,0,0,0,0,0,0,1,1,5,6,1,35,6,1986,2,14,AUDI A4,2,E01011251,0,-1
2021991016877,2021,991016877,1,9,0,9,9,6,3,0,0,1,0,0,0,0,1,1,5,6,1,26,6,1968,2,7,AUDI A4,8,-1,0,-1
2021010342367,2021,010342367,11,9,0,2,2,0,0,0,0,1,0,0,0,0,4,1,6,6,3,-1,-1,1984,1,3,AUDI A4,-1,-1,0,-1
2021461116399,2021,461116399,3,9,0,18,19,7,3,0,0,0,0,0,0,0,3,1,6,6,2,48,8,1984,1,0,AUDI A4,2,E01024699,0,-1
2021101027515,2021,101027515,1,9,0,17,19,5,1,0,0,0,0,0,0,0,4,1,2,2,1,58,9,1968,2,2,AUDI A4,-1,-1,0,-1
2021991106956,2021,991106956,2,9,0,9,9,2,8,0,0,8,0,0,0,0,3,1,6,6,2,67,10,1395,1,3,AUDI A4,1,-1,0,-1
2021061126746,2021,061126746,1,9,0,7,7,6,8,0,0,8,0,0,0,0,1,1,6,6,3,30,6,1781,1,15,AUDI A4,-1,-1,0,-1
2021221065508,2021,221065508,1,9,0,4,4,3,1,0,0,1,0,0,0,0,4,1,3,7,2,47,8,1968,2,8,AUDI A4,8,E01032317,0,-1
2021010351235,2021,010351235,2,9,0,99,99,9,9,99,99,9,9,99,9,99,1,9,6,6,3,29,6,1781,1,17,AUDI A4,2,E01003832,0,-1
2021451040836,2021,451040836,2,9,0,18,19,7,3,0,0,1,0,0,0,0,1,1,1,1,2,56,9,2967,2,12,AUDI A4,9,E01030441,0,-1
2021061058735,2021,061058735,2,9,0,18,19,6,2,0,0,0,0,0,0,0,1,1,6,6,1,30,6,1986,2,15,AUDI A4,4,E01006022,0,-1
2021131061450,2021,131061450,1,9,0,18,19,3,7,0,0,8,0,0,0,0,4,1,2,2,1,40,7,1968,2,13,AUDI A4,2,E01011926,0,-1
2021430202491,2021,430202491,2,9,0,18,19,4,8,0,0,8,0,0,0,0,4,1,1,1,1,29,6,1968,2,7,AUDI A4,4,E01016724,0,-1
2021480350825,2021,480350825,1,9,0,5,5,7,3,0,0,2,0,0,0,0,0,-1,-1,-1,1,25,5,1984,1,5,AUDI A4,-1,-1,0,-1
2021401052087,2021,401052087,2,9,0,9,9,6,5,0,0,8,0,0,0,0,1,1,6,6,1,66,10,1896,2,22,AUDI A4,3,E01017501,0,-1
2021010314897,2021,010314897,2,9,0,16,19,1,5,0,0,6,0,0,0,0,1,1,6,6,1,-1,-1,1984,1,2,AUDI A4,-1,-1,0,-1
2021201056865,2021,201056865,5,9,0,4,4,6,2,0,0,0,0,0,0,0,2,1,6,6,1,23,5,1968,2,13,AUDI A4,1,E01005756,0,-1
2021461113144,2021,461113144,1,9,0,4,4,1,5,0,0,0,0,0,0,0,2,1,6,6,3,-1,-1,1984,1,1,AUDI A4,-1,-1,0,-1
2021471119807,2021,471119807,1,9,0,12,12,1,5,0,0,0,0,0,0,0,1,1,6,6,1,54,8,1986,2,14,AUDI A4,5,E01016886,0,-1
2021211065533,2021,211065533,2,9,0,18,19,5,1,0,0,0,0,0,0,0,1,1,6,6,1,38,7,2496,2,16,AUDI A4,1,E01014247,0,-1
2021421080925,2021,421080925,3,9,0,4,4,4,1,0,0,1,0,0,0,0,4,1,1,1,1,38,7,2967,2,7,AUDI A4,8,E01021544,0,-1
2021211147678,2021,211147678,1,9,0,6,6,6,6,0,0,0,0,0,0,0,3,1,1,1,1,44,7,1968,2,9,AUDI A4,1,E01014354,0,-1
2021421089220,2021,421089220,3,9,0,8,8,1,1,0,0,1,0,0,0,0,1,1,6,6,1,60,9,1984,1,0,AUDI A4,9,E01021564,0,-1
2021052101301,2021,052101301,2,9,0,18,19,3,7,0,0,8,0,0,1,4,3,1,6,6,1,28,6,1968,2,13,AUDI A4,1,E01032903,0,-1
2021041059756,2021,041059756,1,9,0,18,19,3,7,0,0,0,0,0,0,0,1,1,2,2,1,34,6,1896,2,18,AUDI A4,8,E01025354,0,-1
2021010326929,2021,010326929,2,9,0,18,19,5,1,0,0,1,0,0,0,0,1,1,6,6,1,37,7,1781,1,14,AUDI A4,6,E01003386,0,-1
2021421036515,2021,421036515,4,9,0,3,3,1,5,0,0,0,0,0,0,0,2,1,5,6,1,23,5,1968,2,12,AUDI A4,-1,-1,0,-1
2021440358290,2021,440358290,2,9,0,18,19,1,5,0,0,0,0,0,0,0,2,1,6,6,1,33,6,1984,1,2,AUDI A4,8,E01026566,0,-1
2021320635726,2021,320635726,2,9,0,18,19,7,3,0,0,1,0,0,0,0,1,1,6,6,1,43,7,1986,2,16,AUDI A4,3,E01026068,0,-1
2021010305402,2021,010305402,1,9,0,18,19,5,1,0,0,1,0,0,0,0,1,1,6,6,2,-1,-1,1896,2,17,AUDI A4,5,E01002213,0,-1
2021010306310,2021,010306310,2,9,0,9,9,5,3,0,0,1,0,0,0,0,1,1,6,6,1,27,6,1986,2,14,AUDI A4,7,E01001534,0,-1
2021231018942,2021,231018942,2,9,0,18,19,2,6,0,0,8,0,0,0,0,1,1,1,1,1,50,8,1984,1,17,AUDI A4,8,E01031218,0,-1
2021141091914,2021,141091914,1,9,0,18,19,7,3,0,0,0,0,0,0,0,2,1,5,6,1,41,7,1896,2,19,AUDI A4,7,E01007483,0,-1
2021991089301,2021,991089301,2,9,0,18,19,3,7,0,0,0,0,0,0,0,1,1,6,6,1,25,5,1968,2,10,AUDI A4,8,-1,0,-1
2021061114759,2021,061114759,1,9,0,9,9,4,1,0,0,8,0,0,0,0,1,1,6,6,1,-1,-1,1896,2,14,AUDI A4,-1,-1,0,-1
2021131075306,2021,131075306,2,9,0,2,2,8,4,0,0,1,0,0,0,0,3,1,1,1,2,61,9,1968,2,1,AUDI A4,9,E01012974,0,-1
2021501067519,2021,501067519,1,9,0,4,4,2,6,0,0,1,0,0,0,0,2,1,5,6,2,48,8,1968,2,6,AUDI A4,5,E01018782,0,-1
2021010297486,2021,010297486,2,9,0,9,9,3,1,0,0,6,0,0,0,0,4,1,6,6,2,39,7,1986,2,14,AUDI A4,3,E01001326,0,-1
202131A014021,2021,31A014021,1,9,0,18,19,5,1,0,0,0,0,0,0,0,1,1,6,6,2,54,8,3123,1,15,AUDI A4,6,E01027971,0,-1
2021041101597,2021,041101597,1,9,0,12,12,5,1,0,0,4,0,0,0,0,0,1,6,6,3,-1,-1,1896,2,19,AUDI A4,-1,-1,0,-1
2021052102074,2021,052102074,1,9,0,18,19,6,2,0,0,4,0,0,0,0,4,1,6,6,2,22,5,1968,2,1,AUDI A4,5,E01018480,0,-1
2021061052095,2021,061052095,2,9,0,18,19,5,1,0,0,8,0,0,0,0,1,1,6,6,1,38,7,1984,1,1,AUDI A4,8,E01005452,0,-1
2021361057856,2021,361057856,2,9,0,18,19,1,5,0,0,3,0,0,0,0,4,1,5,6,1,37,7,1968,2,10,AUDI A4,1,E01026798,0,-1
2021010293528,2021,010293528,1,9,0,18,19,3,7,0,0,1,0,0,0,0,1,1,6,6,2,35,6,2698,2,12,AUDI A4,3,E01004064,0,-1
2021440065798,2021,440065798,1,9,0,4,4,1,2,0,0,1,0,0,0,0,2,1,6,6,1,46,8,1781,1,15,AUDI A4,-1,-1,0,-1
2021451126313,2021,451126313,4,9,0,2,2,0,0,0,0,0,0,0,0,0,3,1,5,6,1,27,6,1968,2,12,AUDI A4,5,E01030459,0,-1
2021131064359,2021,131064359,1,9,0,17,19,3,7,0,0,8,0,0,0,0,1,1,6,6,2,27,6,1968,2,7,AUDI A4,8,E01011187,0,-1
2021522201112,2021,522201112,1,9,0,18,19,5,1,0,0,8,0,0,0,0,4,1,6,6,1,42,7,1968,2,11,AUDI A4,2,E01014977,0,-1
2021351086942,2021,351086942,2,9,0,18,19,6,2,0,0,0,0,0,0,0,2,1,5,6,1,20,4,1984,1,2,AUDI A4,1,E01015597,0,-1
2021010301779,2021,010301779,2,9,0,3,3,1,5,0,0,1,0,0,0,0,2,1,2,2,1,39,7,1968,2,11,AUDI A4,5,E01002563,0,-1
2021991056192,2021,991056192,1,9,0,4,4,7,3,0,0,0,0,0,2,11,1,1,5,6,1,41,7,1968,2,13,AUDI A4,3,-1,0,-1
2021440434149,2021,440434149,2,9,0,18,19,7,3,0,0,8,0,0,0,0,3,1,6,6,2,29,6,1968,2,9,AUDI A4,6,E01017029,0,-1
2021430364106,2021,430364106,2,9,0,18,19,5,3,0,0,8,0,0,0,0,3,1,6,6,2,23,5,1395,1,4,AUDI A4,5,E01028556,0,-1
2021501083429,2021,501083429,2,9,0,16,19,4,6,0,0,0,1,0,0,0,1,1,5,6,1,26,6,1395,1,3,AUDI A4,9,E01019986,0,-1
2021430447529,2021,430447529,2,9,0,18,19,4,8,0,0,3,0,0,0,0,1,1,6,6,1,-1,-1,1986,2,16,AUDI A4,-1,-1,0,-1
2021041139694,2021,041139694,1,9,0,17,19,1,5,0,0,0,1,0,0,0,1,1,5,6,1,37,7,1968,2,6,AUDI A4,7,E01006973,0,-1
2021451088121,2021,451088121,2,9,0,18,19,4,8,0,0,0,0,0,1,0,1,1,2,2,1,44,7,1986,2,15,AUDI A4,3,E01017195,0,-1
2021991078222,2021,991078222,1,9,0,9,9,5,3,0,0,8,0,0,0,0,0,1,6,6,1,31,6,1896,2,15,AUDI A4,7,-1,0,-1
2021201024003,2021,201024003,1,9,0,7,7,2,5,0,0,4,1,10,3,10,3,1,6,6,1,32,6,2496,2,19,AUDI A4,2,E01010472,0,-1
2021070292268,2021,070292268,2,9,0,18,19,8,4,0,0,1,0,0,0,0,1,1,1,1,1,30,6,1984,1,1,AUDI A4,8,E01014326,0,-1
2021411124775,2021,411124775,1,9,0,18,19,5,1,0,0,3,0,0,0,0,1,1,5,6,1,17,4,1798,1,11,AUDI A4,4,E01023488,0,-1
2021501025767,2021,501025767,1,9,0,9,9,7,3,0,0,1,0,0,0,0,3,1,5,6,2,35,6,1896,2,17,AUDI A4,3,E01018793,0,-1
202131A086121,2021,31A086121,1,9,0,9,9,8,6,0,0,6,0,0,0,0,1,1,6,6,1,31,6,1896,2,15,AUDI A4,2,E01028233,0,-1
2021131038830,2021,131038830,1,9,0,18,19,2,6,0,0,8,1,0,7,0,1,1,6,6,1,29,6,1968,2,10,AUDI A4,7,E01011637,0,-1
2021201149145,2021,201149145,1,9,0,16,19,4,6,0,0,0,0,10,7,11,1,1,6,6,1,22,5,1968,2,4,AUDI A4,2,E01033641,0,-1
2021041115123,2021,041115123,1,9,0,18,19,1,5,0,0,1,0,0,0,0,1,1,6,6,1,37,7,1968,2,11,AUDI A4,1,E01012735,0,-1
2021101062236,2021,101062236,1,9,0,11,11,3,7,0,0,1,0,0,0,0,4,1,6,6,1,30,6,1968,2,11,AUDI A4,4,E01008767,0,-1
2021010314734,2021,010314734,1,9,0,18,19,2,6,0,0,1,0,0,0,0,1,1,6,6,1,46,8,1986,2,15,AUDI A4,2,E01002545,0,-1
2021061059437,2021,061059437,1,9,0,18,19,5,1,0,0,8,0,0,0,0,4,1,3,7,1,17,4,1395,1,3,AUDI A4,10,E01006136,0,-1
2021101079252,2021,101079252,1,9,0,9,9,8,6,0,0,0,0,0,0,0,0,1,6,6,1,40,7,1968,2,12,AUDI A4,2,E01008822,0,-1
2021201022171,2021,201022171,2,9,0,3,3,-1,-1,0,0,0,0,0,0,0,3,1,6,6,1,57,9,1968,2,4,AUDI A4,1,E01009475,0,-1
2021440389176,2021,440389176,2,9,0,10,10,6,2,0,0,1,0,0,0,0,2,1,6,6,1,31,6,1968,2,11,AUDI A4,2,E01017318,0,-1
202154A640421,2021,54A640421,2,9,0,4,4,8,4,0,0,1,0,0,0,0,2,1,6,6,2,58,9,1968,2,6,AUDI A4,10,E01015512,0,-1
2021231068644,2021,231068644,1,9,0,18,19,7,3,0,0,0,0,0,1,7,1,1,6,6,2,40,7,2496,2,16,AUDI A4,1,E01009482,0,-1
2021501019532,2021,501019532,1,9,0,17,19,1,2,0,0,0,0,0,0,0,1,1,5,6,1,33,6,1896,2,17,AUDI A4,1,E01019995,0,-1
2021371083110,2021,371083110,2,9,0,18,19,7,3,0,0,0,0,0,0,0,1,1,5,6,1,39,7,1968,2,7,AUDI A4,8,E01030042,0,-1
2021052101372,2021,052101372,1,9,0,18,19,5,1,0,0,0,0,0,0,0,3,1,2,2,1,31,6,1984,1,2,AUDI A4,5,E01006590,0,-1
2021122101431,2021,122101431,1,9,0,7,7,7,1,0,0,8,0,0,0,0,1,1,6,6,1,53,8,1968,2,9,AUDI A4,9,E01013434,0,-1
2021302101914,2021,302101914,1,9,0,18,19,2,6,0,0,1,0,0,0,0,1,1,6,6,1,30,6,1984,1,18,AUDI A4,1,E01013550,0,-1
2021031049031,2021,031049031,2,9,0,18,19,6,8,0,0,0,1,0,0,0,3,1,5,6,1,82,11,1968,2,7,AUDI A4,-1,-1,0,-1
2021010315115,2021,010315115,2,9,0,99,99,9,9,99,99,9,9,99,9,99,4,9,6,6,3,44,7,1395,1,5,AUDI A4,8,E01000371,0,-1
2021421127510,2021,421127510,2,9,0,18,19,3,7,0,0,0,0,0,0,0,1,1,6,6,1,24,5,1798,1,6,AUDI A4,3,E01015819,0,-1
2021131099362,2021,131099362,3,9,0,2,2,0,0,0,0,0,0,0,0,0,0,1,6,6,3,-1,-1,1896,2,17,AUDI A4,-1,-1,0,-1
2021401069384,2021,401069384,1,9,0,18,19,5,1,0,0,0,0,0,0,0,3,1,5,6,1,23,5,1968,2,13,AUDI A4,3,E01017518,0,-1
2021540492121,2021,540492121,2,9,0,2,2,2,6,0,0,0,0,0,0,0,3,1,6,6,1,44,7,1968,2,11,AUDI A4,6,E01031842,0,-1
2021010305051,2021,010305051,1,9,0,18,19,1,5,0,0,1,0,0,0,0,3,1,6,6,1,35,6,1968,2,6,AUDI A4,5,E01023529,0,-1
2021471105164,2021,471105164,1,9,0,9,9,5,3,0,0,8,0,0,0,0,1,1,2,2,1,25,5,1395,1,5,AUDI A4,7,E01031813,0,-1
2021010305381,2021,010305381,2,9,0,18,19,7,3,0,0,8,0,0,0,0,3,1,2,2,1,43,7,1984,1,14,AUDI A4,6,E01030411,0,-1
2021201149370,2021,201149370,2,9,0,18,19,4,8,0,0,0,0,0,0,0,1,1,6,6,1,30,6,1986,2,16,AUDI A4,3,E01009837,0,-1
2021041074538,2021,041074538,1,9,0,18,19,3,7,0,0,0,0,0,0,0,1,1,6,6,1,37,7,1781,1,16,AUDI A4,1,E01025584,0,-1
2021041093233,2021,041093233,1,9,0,17,19,7,3,0,0,0,2,0,2,4,2,1,5,6,1,30,6,1968,2,12,AUDI A4,1,E01025219,0,-1
2021161052694,2021,161052694,1,9,0,9,9,6,2,0,0,0,0,0,0,0,1,1,5,6,1,35,6,1968,2,1,AUDI A4,10,E01033495,0,-1
2021131114683,2021,131114683,1,9,0,5,5,7,3,0,0,6,0,0,0,0,1,1,5,6,1,26,6,1968,2,13,AUDI A4,2,E01010837,0,-1
2021161036631,2021,161036631,3,9,0,18,19,1,5,0,0,0,0,0,0,0,2,1,6,6,2,39,7,1968,2,12,AUDI A4,2,E01013281,0,-1
2021461061965,2021,461061965,1,9,0,7,7,7,3,0,0,0,0,0,0,0,1,1,6,6,1,-1,-1,1986,2,15,AUDI A4,6,E01024452,0,-1
2021501058451,2021,501058451,1,9,0,18,19,6,2,0,0,0,0,4,1,4,1,1,6,6,1,27,6,1986,2,14,AUDI A4,7,E01020106,0,-1
2021141014775,2021,141014775,3,9,0,13,13,8,4,0,0,1,0,0,0,0,1,1,6,6,1,21,5,2698,2,13,AUDI A4,6,E01028973,0,-1
2021201137048,2021,201137048,1,9,0,5,5,4,8,0,0,1,0,0,0,0,1,1,6,6,1,51,8,1968,2,10,AUDI A4,2,E01009515,0,-1
2021361075908,2021,361075908,2,9,0,18,19,8,4,0,0,1,1,0,0,0,1,1,5,6,1,23,5,1896,2,19,AUDI A4,3,E01026719,0,-1
2021471106534,2021,471106534,1,9,0,1,1,1,2,0,0,1,0,0,0,0,2,1,6,6,1,32,6,1968,2,12,AUDI A4,6,E01031770,0,-1
2021201144833,2021,201144833,1,9,0,18,19,6,2,0,0,6,0,0,0,0,1,1,6,6,1,18,4,1968,2,10,AUDI A4,1,E01032889,0,-1
2021161113913,2021,161113913,1,9,0,6,6,4,4,0,0,0,0,0,0,0,3,1,5,6,1,42,7,1968,2,7,AUDI A4,4,E01013179,0,-1
2021010350676,2021,010350676,2,9,0,99,99,9,9,99,99,0,9,99,9,99,2,9,6,6,3,-1,-1,1395,1,3,AUDI A4,-1,-1,0,-1
2021201058235,2021,201058235,1,9,0,7,7,-1,-1,0,0,1,0,0,0,0,-1,1,6,6,1,-1,-1,2698,2,13,AUDI A4,-1,-1,0,-1