collision_index,collision_year,collision_ref_no,vehicle_reference,vehicle_type,towing_and_articulation,vehicle_manoeuvre_historic,vehicle_manoeuvre,vehicle_direction_from,vehicle_direction_to,vehicle_location_restricted_lane_historic,vehicle_location_restricted_lane,junction_location,skidding_and_overturning,hit_object_in_carriageway,vehicle_leaving_carriageway,hit_object_off_carriageway,first_point_of_impact,vehicle_left_hand_drive,journey_purpose_of_driver_historic,journey_purpose_of_driver,sex_of_driver,age_of_driver,age_band_of_driver,engine_capacity_cc,propulsion_code,age_of_vehicle,generic_make_model,driver_imd_decile,lsoa_of_driver,escooter_flag,driver_distance_banding
2021320328452,2021,320328452,2,9,0,18,19,8,4,0,0,0,0,0,0,0,2,1,6,6,1,29,6,1986,2,15,AUDI A4,2,E01010016,0,-1
2021440495484,2021,440495484,3,9,0,3,3,2,6,0,0,0,0,0,0,0,2,1,6,6,1,27,6,1968,2,9,AUDI A4,9,E01032753,0,-1
2021520102387,2021,520102387,1,9,0,18,19,3,1,0,0,0,0,0,1,10,1,1,6,6,1,22,5,1984,1,2,AUDI A4,2,E01008474,0,-1
2021041012415,2021,041012415,1,9,0,18,19,5,7,0,0,4,0,0,0,0,3,1,6,6,2,36,7,2967,2,14,AUDI A4,5,E01025541,0,-1
2021201108158,2021,201108158,1,9,0,9,9,8,5,0,0,5,0,0,0,0,1,1,6,6,1,73,10,1968,2,7,AUDI A4,1,E01010064,0,-1
2021622100079,2021,622100079,2,9,0,18,19,4,8,0,0,8,0,0,0,0,1,1,2,2,1,30,6,1986,2,15,AUDI A4,2,W01001255,0,-1
2021211034730,2021,211034730,2,9,0,18,19,2,6,0,0,0,0,0,1,0,1,1,6,6,1,54,8,1968,2,1,AUDI A4,4,E01029423,0,-1
2021302100460,2021,302100460,1,9,0,7,7,4,7,0,0,0,0,0,0,0,4,1,6,6,1,47,8,1984,1,0,AUDI A4,6,E01019680,0,-1
2021440177696,2021,440177696,2,9,0,18,19,7,3,0,0,8,0,0,0,0,4,1,6,6,1,52,8,1984,1,11,AUDI A4,7,E01022735,0,-1
2021231061641,2021,231061641,2,9,0,3,3,3,7,0,0,0,0,0,0,0,2,1,5,6,1,43,7,1896,2,18,AUDI A4,6,E01031188,0,-1
2021231029084,2021,231029084,1,9,0,7,7,6,8,0,0,6,0,0,0,0,3,1,5,6,1,27,6,1968,2,7,AUDI A4,2,E01031075,0,-1
2021520101844,2021,520101844,1,9,0,18,19,4,8,0,0,0,0,0,0,0,1,1,6,6,1,30,6,1968,2,6,AUDI A4,4,E01015011,0,-1
2021471054716,2021,471054716,2,9,0,5,5,7,3,0,0,0,0,0,1,0,3,1,6,6,1,63,9,1896,2,20,AUDI A4,9,E01031829,0,-1
2021010340185,2021,010340185,2,9,0,9,9,1,6,0,0,0,0,0,0,0,3,1,6,6,1,49,8,1984,1,9,AUDI A4,8,E01030708,0,-1
2021451112952,2021,451112952,2,9,0,18,19,7,3,0,0,0,0,0,0,0,2,1,2,2,2,33,6,1968,2,13,AUDI A4,6,E01016178,0,-1
2021201072627,2021,201072627,1,9,0,18,19,6,2,0,0,1,0,0,0,0,1,1,6,6,1,37,7,1968,2,1,AUDI A4,1,E01009375,0,-1
2021201066476,2021,201066476,1,9,0,18,19,4,8,0,0,0,0,10,1,10,2,1,6,6,1,41,7,1968,2,10,AUDI A4,2,E01010263,0,-1
2021520104960,2021,520104960,1,9,0,9,9,1,7,0,0,6,0,0,0,0,1,1,6,6,1,24,5,1984,1,1,AUDI A4,8,E01029162,0,-1
2021061050238,2021,061050238,2,9,0,18,19,5,1,0,0,1,0,0,0,0,1,1,6,6,1,55,8,1968,2,8,AUDI A4,10,E01028476,0,-1
2021302101435,2021,302101435,1,9,0,18,19,6,2,0,0,6,0,0,0,0,4,1,6,6,1,21,5,1986,2,14,AUDI A4,-1,-1,0,-1
2021302100272,2021,302100272,2,9,0,18,19,8,2,0,0,3,0,0,0,0,1,1,6,6,2,34,6,1968,2,10,AUDI A4,6,E01013541,0,-1
2021320266626,2021,320266626,1,9,0,9,9,6,2,0,0,1,0,0,0,0,1,1,6,6,1,24,5,1986,2,14,AUDI A4,2,E01026328,0,-1
2021201028244,2021,201028244,1,9,0,9,9,5,3,0,0,3,0,0,0,0,3,1,6,6,1,29,6,1968,2,7,AUDI A4,2,E01010448,0,-1
202134WNC6101,2021,34WNC6101,2,9,0,18,19,3,7,0,0,8,0,0,0,0,4,1,1,1,1,41,7,1968,2,13,AUDI A4,6,E01027169,0,-1
2021170H11061,2021,170H11061,1,9,0,18,19,5,1,0,0,0,0,0,0,0,1,1,2,2,1,25,5,1968,2,13,AUDI A4,7,E01013032,0,-1
2021221035213,2021,221035213,1,9,0,7,7,2,4,0,0,6,0,0,0,0,3,1,5,6,2,44,7,1968,2,2,AUDI A4,10,E01032300,0,-1
2021302101766,2021,302101766,1,9,0,6,6,2,2,0,0,0,0,0,0,0,3,1,6,6,1,64,9,1968,2,10,AUDI A4,8,E01013546,0,-1
2021111068512,2021,111068512,1,9,0,18,19,4,1,0,0,1,0,0,0,0,1,1,6,6,2,39,7,1968,2,6,AUDI A4,-1,-1,0,-1
2021111017092,2021,111017092,1,9,0,18,19,2,6,0,0,8,0,0,0,0,1,1,1,1,1,28,6,1968,2,4,AUDI A4,5,E01012333,0,-1
2021111101153,2021,111101153,1,9,0,18,19,2,6,0,0,8,0,0,0,0,1,1,5,6,1,20,4,1968,2,11,AUDI A4,5,E01012338,0,-1
2021010318071,2021,010318071,1,9,0,16,19,1,5,0,0,0,0,4,0,0,3,1,6,6,1,21,5,1968,2,1,AUDI A4,3,E01000499,0,-1
2021141049439,2021,141049439,2,9,0,9,9,3,8,0,0,1,0,0,0,0,1,1,1,1,1,28,6,1968,2,8,AUDI A4,1,E01008055,0,-1
2021170L20171,2021,170L20171,4,9,0,4,4,6,2,0,0,0,0,0,0,0,1,1,2,2,1,39,7,1896,2,14,AUDI A4,9,E01012226,0,-1
2021421026038,2021,421026038,2,9,0,18,19,1,4,0,0,0,0,0,0,0,1,1,5,6,2,41,7,1984,1,15,AUDI A4,10,E01021246,0,-1
2021041072662,2021,041072662,4,9,0,2,2,8,4,0,0,0,0,0,0,0,3,1,6,6,3,-1,-1,1968,2,2,AUDI A4,-1,-1,0,-1
2021201145461,2021,201145461,1,9,0,5,5,4,8,0,0,8,0,0,0,0,2,1,6,6,2,71,10,1968,2,10,AUDI A4,3,E01010083,0,-1
2021010313992,2021,010313992,2,9,0,99,99,9,9,99,99,9,9,99,9,99,9,9,6,6,3,-1,-1,1781,1,17,AUDI A4,-1,-1,0,-1
2021461092621,2021,461092621,1,9,0,14,14,1,5,0,0,8,0,0,0,0,3,1,6,6,1,37,7,1968,2,7,AUDI A4,5,E01024598,0,-1
2021401064212,2021,401064212,2,9,0,4,4,6,2,0,0,0,0,0,0,0,1,1,3,7,1,31,6,1986,2,15,AUDI A4,4,E01017535,0,-1
2021522101412,2021,522101412,2,9,0,2,2,0,0,9,9,1,0,0,0,0,3,1,6,6,1,72,10,1798,1,8,AUDI A4,8,E01014387,0,-1
2021451021135,2021,451021135,1,9,0,18,19,1,1,0,0,0,0,0,0,0,1,1,1,1,2,39,7,1968,2,2,AUDI A4,10,E01030691,0,-1
2021231080812,2021,231080812,1,9,0,9,9,7,3,0,0,6,0,0,0,0,1,1,5,6,1,77,11,1968,2,9,AUDI A4,7,E01032394,0,-1
2021041018558,2021,041018558,2,9,0,18,19,3,7,0,0,1,0,0,0,0,1,1,5,6,2,28,6,1968,2,8,AUDI A4,1,E01025219,0,-1
2021070863621,2021,070863621,1,9,0,18,19,7,3,0,0,0,0,0,1,10,1,1,6,6,2,49,8,1984,1,12,AUDI A4,6,E01018382,0,-1
2021010341121,2021,010341121,2,9,0,99,99,9,9,99,99,9,9,99,9,99,1,9,6,6,3,-1,-1,1984,1,6,AUDI A4,-1,-1,0,-1
2021201118628,2021,201118628,2,9,0,18,19,4,8,0,0,0,0,0,0,0,2,1,6,6,1,22,5,1968,2,7,AUDI A4,7,E01004500,0,-1
2021471022972,2021,471022972,2,9,0,10,10,5,2,0,0,6,0,0,0,0,2,1,2,2,2,46,8,1896,2,21,AUDI A4,3,E01031451,0,-1
2021010327513,2021,010327513,5,9,0,18,19,7,3,0,0,0,0,0,0,0,1,1,2,2,1,37,7,1984,1,13,AUDI A4,7,E01021439,0,-1
2021221033407,2021,221033407,2,9,0,18,19,7,3,0,0,0,0,0,0,0,1,1,1,1,2,23,5,1986,2,14,AUDI A4,3,E01032310,0,-1
202131C166421,2021,31C166421,2,9,0,18,19,4,8,0,0,8,1,0,0,0,1,1,6,6,1,22,5,1986,2,16,AUDI A4,2,E01003991,0,-1
2021010322032,2021,010322032,2,9,0,18,19,3,7,0,0,0,0,0,0,0,1,1,6,6,1,25,5,1986,2,15,AUDI A4,5,E01021800,0,-1
2021522103127,2021,522103127,1,9,0,18,19,5,2,0,0,0,0,0,0,0,2,1,6,6,1,35,6,1968,2,12,AUDI A4,2,E01014694,0,-1
2021221077874,2021,221077874,1,9,0,13,13,6,2,0,0,0,1,10,0,0,3,1,5,6,1,35,6,1896,2,18,AUDI A4,5,E01028910,0,-1
2021131126392,2021,131126392,1,9,0,18,19,1,5,0,0,8,0,0,0,0,1,1,5,6,1,26,6,1968,2,10,AUDI A4,1,E01011433,0,-1
2021320656575,2021,320656575,2,9,0,18,19,6,2,0,0,1,0,0,1,9,1,1,6,6,1,37,7,1986,2,13,AUDI A4,3,E01026068,0,-1
2021010343875,2021,010343875,2,9,0,3,3,1,5,0,0,1,0,0,7,11,1,1,6,6,1,23,5,1986,2,14,AUDI A4,2,E01000992,0,-1
202163A012321,2021,63A012321,1,9,0,18,19,8,4,0,0,4,0,0,0,0,1,1,6,6,1,35,6,1896,2,22,AUDI A4,1,W01000734,0,-1
2021471099290,2021,471099290,1,9,0,18,19,6,2,0,0,8,0,0,0,0,1,1,5,6,1,53,8,1968,2,9,AUDI A4,6,E01016987,0,-1
2021111054414,2021,111054414,1,9,0,5,5,2,4,0,0,0,0,0,0,0,4,1,6,6,2,30,6,1986,2,14,AUDI A4,-1,-1,0,-1
2021501099213,2021,501099213,3,9,0,2,2,0,0,0,0,0,0,0,0,0,1,1,5,6,2,43,7,1986,2,16,AUDI A4,4,E01018866,0,-1
2021010318724,2021,010318724,2,9,0,9,9,7,5,0,0,8,0,0,0,0,3,1,6,6,1,39,7,1968,2,6,AUDI A4,5,E01002395,0,-1
2021010299562,2021,010299562,1,9,0,6,6,1,1,0,0,1,0,0,0,0,0,1,2,2,1,48,8,1395,1,4,AUDI A4,8,E01000893,0,-1
2021461077437,2021,461077437,1,9,0,18,19,3,7,0,0,0,0,0,0,0,1,1,6,6,3,-1,-1,2967,2,5,AUDI A4,5,E01024531,0,-1
2021131043383,2021,131043383,2,9,0,2,2,0,0,0,0,8,0,0,0,0,2,1,6,6,3,-1,-1,1896,2,18,AUDI A4,-1,-1,0,-1
2021201112987,2021,201112987,2,9,0,2,2,0,0,9,9,1,0,4,0,0,2,1,6,6,1,37,7,1896,2,15,AUDI A4,3,E01009989,0,-1
2021461076209,2021,461076209,1,9,0,5,5,7,3,0,0,1,0,0,0,0,1,1,6,6,2,-1,-1,1968,2,13,AUDI A4,6,E01024363,0,-1
2021440047698,2021,440047698,2,9,0,4,4,6,2,0,0,0,0,0,0,0,2,1,2,2,1,42,7,1968,2,2,AUDI A4,9,E01022879,0,-1
2021201146470,2021,201146470,5,9,0,2,2,0,0,0,0,1,0,0,0,0,0,1,6,6,1,36,7,1968,2,4,AUDI A4,3,E01010070,0,-1
2021401042596,2021,401042596,2,9,0,18,19,5,1,0,0,1,0,0,0,0,1,1,5,6,1,25,5,1968,2,10,AUDI A4,4,E01015750,0,-1
2021371119372,2021,371119372,1,9,0,18,19,1,5,0,0,0,0,0,0,0,2,1,5,6,1,42,7,2967,2,12,AUDI A4,5,E01029928,0,-1
2021320337953,2021,320337953,2,9,0,18,19,6,2,0,0,1,0,0,0,0,4,1,6,6,1,22,5,1986,2,15,AUDI A4,2,E01026030,0,-1
2021421111934,2021,421111934,1,9,0,18,19,2,6,0,0,1,0,0,0,0,1,1,6,6,1,23,5,1968,2,5,AUDI A4,8,E01033610,0,-1
2021401015891,2021,401015891,2,9,0,3,3,5,1,0,0,1,0,0,0,0,2,1,5,6,1,47,8,1968,2,12,AUDI A4,4,E01015717,0,-1
2021122101256,2021,122101256,2,9,0,14,14,5,1,0,0,0,0,8,0,0,3,1,2,2,1,74,10,1986,2,16,AUDI A4,9,E01026871,0,-1
2021010321969,2021,010321969,2,9,0,10,10,2,1,0,0,5,0,0,0,0,1,1,6,6,1,22,5,1968,2,4,AUDI A4,9,E01031880,0,-1
2021201104967,2021,201104967,1,9,0,1,1,2,6,9,9,1,0,0,0,0,1,1,6,6,1,-1,-1,1968,2,12,AUDI A4,-1,-1,0,-1
2021010294737,2021,010294737,2,9,0,18,19,5,1,0,0,8,0,0,0,0,1,1,6,6,3,-1,-1,2967,2,16,AUDI A4,-1,-1,0,-1
2021101078336,2021,101078336,1,9,0,18,19,5,1,0,0,0,0,0,0,0,1,1,6,6,1,50,8,1968,2,11,AUDI A4,1,E01008305,0,-1
2021201030198,2021,201030198,4,9,0,2,2,0,0,0,0,0,0,0,0,0,3,1,6,6,1,49,8,1986,2,14,AUDI A4,1,E01009061,0,-1
2021552101403,2021,552101403,1,9,0,18,19,3,7,0,0,0,0,0,0,0,1,1,6,6,2,49,8,1986,2,13,AUDI A4,4,E01015382,0,-1
2021161013530,2021,161013530,1,9,0,5,5,8,4,0,0,2,0,0,0,0,1,1,6,6,1,42,7,2967,2,10,AUDI A4,-1,-1,0,-1
2021221037538,2021,221037538,1,9,0,4,4,7,3,0,0,8,0,0,0,0,1,1,5,6,1,32,6,1968,2,13,AUDI A4,4,E01032343,0,-1
2021010328933,2021,010328933,1,9,0,5,5,7,3,0,0,1,0,0,0,0,3,1,6,6,1,30,6,1984,1,15,AUDI A4,3,E01004303,0,-1
2021351075468,2021,351075468,2,9,0,3,3,7,3,0,0,0,0,0,0,0,2,1,6,6,2,36,7,1986,2,14,AUDI A4,9,E01017389,0,-1
2021221105431,2021,221105431,2,9,0,18,19,8,4,0,0,8,0,10,7,10,1,1,5,6,2,26,6,1968,2,8,AUDI A4,5,E01014049,0,-1
2021440191241,2021,440191241,2,9,0,2,2,0,0,-1,-1,0,0,0,0,0,2,1,6,6,1,51,8,1968,2,9,AUDI A4,5,E01017068,0,-1
2021520103368,2021,520103368,1,9,0,18,19,2,6,0,0,8,0,0,0,0,1,1,6,6,1,65,9,1968,2,0,AUDI A4,-1,-1,0,-1
2021421013077,2021,421013077,1,9,0,18,19,2,6,0,0,0,1,0,4,0,1,1,5,6,1,26,6,1984,1,1,AUDI A4,2,E01000063,0,-1
2021010292751,2021,010292751,4,9,0,2,2,0,0,0,0,0,0,0,0,0,4,1,6,6,3,-1,-1,1781,1,16,AUDI A4,-1,-1,0,-1
2021041128693,2021,041128693,2,9,0,18,19,1,3,0,0,0,0,0,1,0,4,1,5,6,1,55,8,1896,2,23,AUDI A4,1,E01025219,0,-1
2021440091955,2021,440091955,1,9,0,16,19,7,3,0,0,2,0,0,0,0,3,1,6,6,3,-1,-1,1896,2,18,AUDI A4,-1,-1,0,-1
2021471018836,2021,471018836,3,9,0,4,4,5,1,0,0,0,0,0,0,0,0,1,1,1,1,54,8,1968,2,13,AUDI A4,6,E01031513,0,-1
2021141021766,2021,141021766,1,9,0,9,9,2,7,0,0,3,0,0,0,0,2,1,5,6,1,22,5,1395,1,4,AUDI A4,1,E01007873,0,-1
2021471042689,2021,471042689,2,9,0,3,3,3,7,0,0,1,0,0,0,0,2,1,5,6,2,23,5,1968,2,13,AUDI A4,6,E01017012,0,-1
2021320366836,2021,320366836,2,9,0,4,4,8,4,0,0,2,0,0,0,0,4,1,1,1,1,59,9,1968,2,6,AUDI A4,6,E01026251,0,-1
2021010350365,2021,010350365,2,9,0,18,19,1,5,0,0,6,0,0,0,0,4,1,2,2,2,30,6,1986,2,14,AUDI A4,1,E01015544,0,-1
2021501128031,2021,501128031,2,9,0,18,19,7,3,0,0,0,1,0,0,0,1,1,3,7,2,38,7,1968,2,6,AUDI A4,7,E01020105,0,-1
2021221055432,2021,221055432,2,9,0,18,19,3,7,0,0,8,0,0,0,0,1,1,6,6,1,34,6,1968,2,6,AUDI A4,5,E01032280,0,-1
2021061097785,2021,061097785,2,9,0,18,19,1,5,0,0,0,0,0,0,0,3,1,6,6,1,26,6,1968,2,13,AUDI A4,2,E01005487,0,-1
2021501090356,2021,501090356,1,9,0,16,19,7,3,0,0,0,0,0,0,0,2,1,5,6,1,48,8,1968,2,2,AUDI A4,8,E01029204,0,-1
2021010328701,2021,010328701,1,9,0,18,19,1,5,0,0,1,2,4,2,10,4,1,6,6,1,21,5,1968,2,9,AUDI A4,-1,-1,0,-1
2021991022883,2021,991022883,4,9,0,18,19,7,3,0,0,0,0,0,0,0,0,1,1,1,1,35,6,2967,2,6,AUDI A4,4,-1,0,-1
2021201115991,2021,201115991,1,9,0,5,5,8,4,0,0,6,0,0,0,0,1,1,6,6,3,-1,-1,1798,1,11,AUDI A4,-1,-1,0,-1
2021010303042,2021,010303042,1,9,0,99,99,9,9,99,99,9,9,99,9,99,2,9,2,2,1,34,6,1395,1,5,AUDI A4,2,E01001161,0,-1
202131C172421,2021,31C172421,1,9,0,18,19,8,4,0,0,2,0,0,0,0,1,1,6,6,1,36,7,1968,2,7,AUDI A4,1,E01013958,0,-1
2021461129912,2021,461129912,1,9,0,18,19,7,3,0,0,1,0,0,0,0,1,1,5,6,1,33,6,1968,2,8,AUDI A4,3,E01016036,0,-1
2021010322294,2021,010322294,1,9,0,99,99,9,9,99,99,9,9,99,9,99,1,9,6,6,1,44,7,1984,1,4,AUDI A4,3,E01004064,0,-1
2021991016598,2021,991016598,1,9,0,18,19,7,3,0,0,0,1,4,0,0,1,1,6,6,1,29,6,1984,1,14,AUDI A4,2,-1,0,-1
2021461075279,2021,461075279,1,9,0,9,9,1,7,0,0,0,0,0,0,0,3,1,5,6,2,53,8,1896,2,19,AUDI A4,9,E01024808,0,-1
2021010317457,2021,010317457,2,9,0,4,4,3,7,0,0,1,0,0,0,0,1,1,6,6,2,33,6,1968,2,6,AUDI A4,7,E01002428,0,-1
2021041076931,2021,041076931,1,9,0,5,5,1,5,0,0,0,0,0,0,0,3,1,5,6,2,31,6,1984,1,13,AUDI A4,4,E01024919,0,-1
2021461128926,2021,461128926,2,9,0,18,19,7,3,0,0,0,0,0,0,0,2,1,6,6,1,39,7,1968,2,3,AUDI A4,-1,-1,0,-1
2021221060326,2021,221060326,6,9,0,2,2,0,0,0,0,2,0,0,0,0,1,1,6,6,3,37,7,1984,1,4,AUDI A4,7,E01014205,0,-1
2021052101071,2021,052101071,2,9,0,10,10,7,5,0,0,1,0,0,0,0,1,1,2,2,2,-1,-1,1896,2,18,AUDI A4,-1,-1,0,-1
2021141088253,2021,141088253,2,9,0,5,5,7,5,0,0,8,1,0,0,0,1,1,2,2,1,39,7,1968,2,7,AUDI A4,7,E01007551,0,-1
2021131122269,2021,131122269,2,9,0,18,19,7,7,0,0,0,0,0,0,0,2,1,2,2,2,44,7,1986,2,14,AUDI A4,8,E01011086,0,-1
2021522102799,2021,522102799,1,9,0,18,19,2,4,0,0,1,5,0,0,0,1,1,6,6,2,40,7,1968,2,3,AUDI A4,4,E01014496,0,-1
2021122101007,2021,122101007,1,9,0,3,3,6,2,0,0,1,0,0,0,0,2,1,1,1,1,34,6,1968,2,2,AUDI A4,2,-1,0,-1
2021010300529,2021,010300529,1,9,0,2,2,0,0,0,0,0,0,0,0,0,0,1,6,6,3,-1,-1,1896,2,17,AUDI A4,-1,-1,0,-1
2021231121100,2021,231121100,1,9,0,18,19,7,3,0,0,0,0,0,0,0,1,1,5,6,1,37,7,1986,2,14,AUDI A4,8,E01031083,0,-1
2021991100971,2021,991100971,3,9,0,7,7,3,3,0,0,7,0,4,0,0,1,1,5,6,1,24,5,1984,1,15,AUDI A4,1,-1,0,-1
2021010312011,2021,010312011,2,9,0,18,19,5,1,4,4,1,0,0,1,0,1,1,6,6,1,41,7,1781,1,21,AUDI A4,-1,-1,0,-1
2021421066748,2021,421066748,5,9,0,2,2,0,0,6,6,1,0,0,0,0,1,1,6,6,3,-1,-1,1986,2,13,AUDI A4,-1,-1,0,-1
2021320715619,2021,320715619,2,9,0,11,11,6,2,0,0,0,0,0,0,0,1,1,6,6,1,27,6,1968,2,11,AUDI A4,9,E01032993,0,-1
2021201142068,2021,201142068,2,9,0,18,19,2,6,0,0,8,0,0,0,0,1,1,6,6,1,-1,-1,1986,2,14,AUDI A4,3,E01009950,0,-1
2021031133452,2021,031133452,1,9,0,5,5,5,8,0,0,0,0,0,0,0,3,1,5,6,1,35,6,1968,2,13,AUDI A4,5,E01019309,0,-1
202134NNC6391,2021,34NNC6391,2,9,0,6,6,3,7,0,0,4,0,0,0,0,3,1,2,2,1,37,7,1968,2,7,AUDI A4,3,E01027340,0,-1
2021201068902,2021,201068902,2,9,0,18,19,3,7,0,0,8,0,0,0,0,4,1,6,6,1,32,6,1984,1,15,AUDI A4,8,E01010333,0,-1
2021401116639,2021,401116639,2,9,0,3,3,7,3,0,0,1,0,0,0,0,2,1,5,6,1,41,7,1968,2,6,AUDI A4,5,E01015714,0,-1
2021361110995,2021,361110995,1,9,0,18,19,3,7,0,0,0,0,0,0,0,3,1,2,2,1,29,6,1984,1,10,AUDI A4,2,E01033040,0,-1
202134NNC6491,2021,34NNC6491,1,9,0,18,19,3,7,0,0,0,0,0,0,0,3,1,6,6,2,45,7,1986,2,14,AUDI A4,2,E01027342,0,-1
2021010329500,2021,010329500,2,9,0,7,7,5,8,0,0,3,1,0,0,0,1,1,6,6,1,26,6,1395,1,3,AUDI A4,6,E01001073,0,-1
2021451056318,2021,451056318,1,9,0,18,19,2,6,0,0,3,0,0,0,0,4,1,2,2,1,46,8,1968,2,8,AUDI A4,6,E01023388,0,-1
2021010344331,2021,010344331,1,9,0,99,99,9,9,0,0,0,0,99,9,99,9,1,6,6,3,35,6,1968,2,13,AUDI A4,6,E01001284,0,-1
2021052102183,2021,052102183,3,9,0,8,8,5,6,0,0,1,0,0,0,0,1,1,6,6,3,-1,-1,1968,2,9,AUDI A4,-1,-1,0,-1
2021201097861,2021,201097861,1,9,0,9,9,3,1,0,0,6,0,0,0,0,1,1,6,6,1,46,8,1395,1,3,AUDI A4,2,E01009517,0,-1
2021440297226,2021,440297226,2,9,0,13,13,3,7,0,0,0,0,0,0,0,4,1,2,2,1,27,6,2967,2,13,AUDI A4,4,E01031443,0,-1
2021131109498,2021,131109498,3,9,0,18,19,5,1,0,0,0,0,0,0,0,0,1,6,6,1,47,8,1968,2,0,AUDI A4,9,E01011874,0,-1
2021320389492,2021,320389492,2,9,0,18,19,2,6,0,0,0,1,0,1,0,3,1,6,6,1,47,8,1968,2,1,AUDI A4,7,E01026185,0,-1
202134WNC4511,2021,34WNC4511,1,9,0,12,12,3,7,0,0,7,0,0,0,0,1,1,6,6,2,34,6,1968,2,11,AUDI A4,1,E01027334,0,-1
2021010350825,2021,010350825,1,9,0,5,5,7,3,0,0,2,0,0,0,0,0,1,6,6,1,25,5,1984,1,5,AUDI A4,2,E01000386,0,-1
2021010336525,2021,010336525,3,9,0,18,19,7,3,0,0,1,0,0,0,0,1,1,6,6,1,-1,-1,1984,1,10,AUDI A4,-1,-1,0,-1
2021141057291,2021,141057291,1,9,0,15,15,3,7,0,0,1,0,0,0,0,1,1,5,6,1,29,6,1968,2,10,AUDI A4,6,E01007512,0,-1
2021061096680,2021,061096680,1,9,0,18,19,8,4,0,0,0,0,0,0,0,4,1,6,6,1,13,3,1781,1,17,AUDI A4,3,E01005528,0,-1
2021401061389,2021,401061389,1,9,0,18,19,5,1,0,0,1,0,0,0,0,1,1,1,1,1,53,8,1986,2,16,AUDI A4,3,E01017538,0,-1
2021161088387,2021,161088387,1,9,0,13,13,4,8,0,0,0,0,0,0,0,4,1,6,6,1,-1,-1,1984,1,13,AUDI A4,-1,-1,0,-1
2021201061282,2021,201061282,1,9,0,18,19,2,6,0,0,8,0,0,0,0,4,1,6,6,1,21,5,1984,1,1,AUDI A4,2,E01010020,0,-1
2021010321663,2021,010321663,2,9,0,18,19,1,5,0,0,3,0,0,0,0,1,1,6,6,1,37,7,1986,2,15,AUDI A4,3,E01004019,0,-1
2021411025451,2021,411025451,1,9,0,18,19,5,1,0,0,1,0,0,0,0,1,1,5,6,1,23,5,1781,1,18,AUDI A4,6,E01023921,0,-1
2021211114693,2021,211114693,1,9,-1,-1,-1,-1,-1,-1,-1,-1,-1,-1,-1,0,-1,1,5,6,2,41,7,1968,2,6,AUDI A4,-1,-1,0,-1
202134NNC5071,2021,34NNC5071,1,9,0,16,19,3,7,0,0,0,0,0,0,0,1,1,6,6,1,46,8,2698,2,11,AUDI A4,6,E01027043,0,-1
2021052102940,2021,052102940,3,9,0,2,2,0,0,0,0,1,0,0,0,0,3,1,6,6,1,48,8,1968,2,6,AUDI A4,7,E01006668,0,-1
2021401117009,2021,401117009,1,9,0,18,19,5,1,0,0,1,0,0,0,0,1,1,6,6,2,46,8,1968,2,9,AUDI A4,4,E01015755,0,-1
2021122101229,2021,122101229,1,9,0,17,19,3,7,0,0,0,0,0,1,4,1,1,6,6,1,45,7,1968,2,9,AUDI A4,6,E01006929,0,-1
202134WNC0231,2021,34WNC0231,1,9,0,18,19,5,1,0,0,6,0,0,0,0,1,1,2,2,1,52,8,1968,2,5,AUDI A4,-1,-1,0,-1
2021471112305,2021,471112305,2,9,0,18,19,5,1,0,0,0,0,0,0,0,3,1,6,6,1,23,5,1968,2,0,AUDI A4,-1,-1,0,-1
2021991029010,2021,991029010,1,9,0,18,19,6,2,0,0,1,0,0,0,0,1,1,5,6,1,23,5,1968,2,10,AUDI A4,8,-1,0,-1
2021451071161,2021,451071161,2,9,0,3,3,5,5,0,0,1,0,0,0,0,1,1,5,6,1,30,6,1984,1,15,AUDI A4,8,E01030884,0,-1
2021010297506,2021,010297506,1,9,9,99,99,9,9,99,99,9,9,99,9,99,9,9,6,6,1,27,6,1968,2,1,AUDI A4,1,E01001429,0,-1
2021552100600,2021,552100600,2,9,0,18,19,7,3,0,0,0,0,0,0,0,1,1,6,6,1,47,8,3123,1,14,AUDI A4,7,E01020549,0,-1
2021471053280,2021,471053280,2,9,0,2,2,0,0,0,0,0,0,0,0,0,1,1,6,6,3,-1,-1,1968,2,5,AUDI A4,-1,-1,0,-1
2021201133946,2021,201133946,1,9,0,18,19,6,2,0,0,0,0,0,0,0,1,1,6,6,1,30,6,1968,2,9,AUDI A4,10,E01033254,0,-1
2021010297494,2021,010297494,2,9,0,9,9,5,3,0,0,6,0,0,0,0,1,1,6,6,1,51,8,1984,1,17,AUDI A4,-1,-1,0,-1
2021141101111,2021,141101111,2,9,0,18,19,1,1,0,0,0,0,0,0,0,1,1,5,6,1,45,7,1896,2,15,AUDI A4,3,E01007514,0,-1
2021041163476,2021,041163476,2,9,0,18,19,3,7,0,0,8,0,0,0,0,1,1,5,6,1,46,8,1968,2,9,AUDI A4,2,E01012630,0,-1
2021531107615,2021,531107615,1,9,0,1,1,3,7,0,0,0,0,0,0,0,2,1,5,6,1,45,7,2393,1,18,AUDI A4,8,E01020089,0,-1
2021161129110,2021,161129110,1,9,0,9,9,1,3,0,0,2,0,0,0,0,4,1,5,6,1,48,8,1968,2,10,AUDI A4,9,E01013193,0,-1
2021061036803,2021,061036803,2,9,0,18,19,6,4,0,0,8,0,0,0,0,3,1,6,6,1,66,10,1896,2,17,AUDI A4,5,E01005269,0,-1
2021221053631,2021,221053631,1,9,0,18,19,6,2,0,0,0,0,0,7,10,1,1,2,2,1,29,6,1896,2,19,AUDI A4,5,E01014013,0,-1