collision_index,collision_year,collision_ref_no,vehicle_reference,vehicle_type,towing_and_articulation,vehicle_manoeuvre_historic,vehicle_manoeuvre,vehicle_direction_from,vehicle_direction_to,vehicle_location_restricted_lane_historic,vehicle_location_restricted_lane,junction_location,skidding_and_overturning,hit_object_in_carriageway,vehicle_leaving_carriageway,hit_object_off_carriageway,first_point_of_impact,vehicle_left_hand_drive,journey_purpose_of_driver_historic,journey_purpose_of_driver,sex_of_driver,age_of_driver,age_band_of_driver,engine_capacity_cc,propulsion_code,age_of_vehicle,generic_make_model,driver_imd_decile,lsoa_of_driver,escooter_flag,driver_distance_banding
2021440465744,2021,440465744,2,9,0,2,2,0,0,0,0,0,0,0,0,0,1,1,6,6,3,-1,-1,1968,2,5,AUDI A4,-1,-1,0,-1
2021440397809,2021,440397809,1,9,0,7,7,7,3,0,0,5,0,0,1,11,1,1,3,7,2,39,7,2967,2,11,AUDI A4,8,E01017215,0,-1
2021552101348,2021,552101348,2,9,0,9,9,3,1,0,0,5,0,0,0,0,4,1,2,2,2,52,8,1968,2,8,AUDI A4,2,E01015367,0,-1
2021471088294,2021,471088294,1,9,0,18,19,5,1,0,0,1,0,0,0,0,1,1,6,6,1,70,10,2967,2,15,AUDI A4,8,E01020934,0,-1
2021010330503,2021,010330503,2,9,0,99,99,9,9,99,99,9,9,99,9,99,9,9,6,6,1,49,8,2967,2,4,AUDI A4,4,E01003771,0,-1
202134WNC4261,2021,34WNC4261,2,9,0,3,3,7,3,0,0,7,0,0,0,0,2,1,2,2,1,29,6,1986,2,16,AUDI A4,3,E01027196,0,-1
2021421027846,2021,421027846,1,9,0,7,7,4,8,0,0,8,1,0,1,0,1,1,5,6,1,38,7,1984,1,18,AUDI A4,6,E01021373,0,-1
2021501085602,2021,501085602,1,9,0,9,9,1,5,0,0,6,0,0,0,0,3,1,5,6,1,37,7,1968,2,9,AUDI A4,3,E01015209,0,-1
202131C088821,2021,31C088821,1,9,0,14,14,6,2,0,0,0,0,4,1,10,1,1,6,6,1,31,6,1896,2,16,AUDI A4,1,E01013841,0,-1
2021440220359,2021,440220359,2,9,0,17,19,4,8,0,0,0,0,0,0,0,3,1,6,6,1,50,8,1984,1,1,AUDI A4,6,E01022507,0,-1
2021010352111,2021,010352111,2,9,0,18,19,1,5,0,0,2,0,0,0,0,1,1,6,6,3,20,4,1968,2,0,AUDI A4,-1,-1,0,-1
2021061095242,2021,061095242,1,9,-1,18,19,3,7,0,0,0,0,0,0,0,2,1,6,6,3,30,6,1968,2,6,AUDI A4,-1,-1,0,-1
2021131104143,2021,131104143,1,9,0,9,9,1,7,0,0,6,0,0,0,0,3,1,5,6,1,36,7,1986,2,14,AUDI A4,4,E01011319,0,-1
2021061064788,2021,061064788,2,9,0,18,19,5,1,0,0,1,0,0,0,0,1,1,6,6,3,30,6,1798,1,13,AUDI A4,-1,-1,0,-1
2021010345594,2021,010345594,1,9,0,4,4,3,7,0,0,1,0,0,0,0,2,1,6,6,1,29,6,1968,2,4,AUDI A4,6,E01003752,0,-1
2021052101058,2021,052101058,2,9,0,4,4,5,1,0,0,1,0,0,0,0,1,1,6,6,1,35,6,1968,2,9,AUDI A4,4,E01007174,0,-1
2021201115738,2021,201115738,2,9,0,18,19,2,6,0,0,8,0,4,0,0,1,1,6,6,1,66,10,1968,2,11,AUDI A4,6,E01028874,0,-1
2021221093735,2021,221093735,2,9,0,18,19,2,6,0,0,0,0,4,0,0,1,1,2,2,1,48,8,1968,2,6,AUDI A4,4,E01032343,0,-1
2021122100773,2021,122100773,1,9,0,9,9,3,2,0,0,0,1,0,7,4,1,1,6,6,1,22,5,1968,2,7,AUDI A4,9,E01031998,0,-1
2021061088731,2021,061088731,2,9,0,18,19,4,8,0,0,1,0,0,0,0,1,1,6,6,2,30,6,1968,2,2,AUDI A4,-1,-1,0,-1
2021041049098,2021,041049098,1,9,0,18,19,7,3,0,0,1,0,0,0,0,1,1,5,6,1,35,6,1986,2,13,AUDI A4,6,E01025418,0,-1
2021522101654,2021,522101654,1,9,0,18,19,8,4,0,0,2,0,0,0,0,1,1,6,6,1,25,5,1968,2,11,AUDI A4,4,E01014586,0,-1
2021010293800,2021,010293800,1,9,0,5,5,6,2,0,0,1,0,10,0,0,4,1,6,6,2,75,10,2393,1,18,AUDI A4,10,E01003805,0,-1
2021041102811,2021,041102811,2,9,0,18,19,3,7,0,0,1,0,0,0,0,4,1,5,6,1,62,9,1781,1,16,AUDI A4,5,E01012690,0,-1
2021302101295,2021,302101295,2,9,0,18,19,8,6,0,0,1,0,0,0,0,3,1,6,6,1,36,7,1968,2,12,AUDI A4,1,E01013484,0,-1
2021201131419,2021,201131419,1,9,0,18,19,5,2,0,0,1,1,0,0,0,4,1,6,6,1,22,5,1395,1,5,AUDI A4,2,E01008894,0,-1
2021010297966,2021,010297966,3,9,0,18,19,7,3,0,0,0,9,0,0,99,0,9,6,6,1,37,7,1968,2,8,AUDI A4,9,E01004604,0,-1
2021548911221,2021,548911221,2,9,0,4,4,1,5,0,0,0,0,0,0,0,2,1,6,6,1,52,8,1986,2,14,AUDI A4,10,E01017924,0,-1
2021111033685,2021,111033685,1,9,0,9,9,3,1,0,0,2,0,0,0,0,1,1,6,6,1,30,6,1968,2,12,AUDI A4,5,E01012343,0,-1
2021010316697,2021,010316697,2,9,9,99,99,9,9,99,99,9,9,99,9,99,1,9,6,6,2,61,9,1968,2,6,AUDI A4,8,E01000989,0,-1
2021201053925,2021,201053925,2,9,0,12,12,2,6,0,0,0,0,0,0,0,3,1,6,6,1,26,6,1798,1,10,AUDI A4,1,E01009510,0,-1
2021201046511,2021,201046511,1,9,0,3,3,-1,-1,0,0,1,0,0,0,0,1,1,6,6,1,-1,-1,1896,2,17,AUDI A4,1,E01009659,0,-1
2021991114230,2021,991114230,2,9,0,18,19,5,1,0,0,0,0,0,1,0,2,1,6,6,1,62,9,1968,2,7,AUDI A4,8,-1,0,-1
2021461093350,2021,461093350,2,9,0,18,19,3,7,0,0,1,0,0,7,0,1,1,5,6,1,38,7,1968,2,13,AUDI A4,4,E01024579,0,-1
2021991072338,2021,991072338,1,9,0,18,19,5,1,0,0,0,0,0,0,0,1,1,6,6,1,26,6,2967,2,14,AUDI A4,2,-1,0,-1
2021061104086,2021,061104086,2,9,0,18,19,3,7,0,0,0,1,0,0,0,3,1,6,6,2,29,6,1968,2,0,AUDI A4,-1,-1,0,-1
2021302100355,2021,302100355,1,9,0,18,19,8,4,0,0,1,1,4,0,0,1,1,6,6,1,55,8,2698,2,13,AUDI A4,4,E01019458,0,-1
2021361037283,2021,361037283,2,9,0,18,19,4,8,0,0,0,0,0,0,0,1,1,2,2,1,29,6,1968,2,5,AUDI A4,1,E01033112,0,-1
2021351021857,2021,351021857,1,9,0,16,19,8,3,0,0,0,1,0,0,0,2,2,2,2,2,53,8,1968,2,13,AUDI A4,2,E01015654,0,-1
2021411029439,2021,411029439,1,9,0,1,1,8,4,0,0,1,0,0,0,0,4,1,5,6,1,44,7,1968,2,8,AUDI A4,10,E01023505,0,-1
2021141018720,2021,141018720,1,9,0,18,19,8,4,0,0,0,1,0,1,2,1,1,2,2,1,25,5,1968,2,6,AUDI A4,6,E01007665,0,-1
2021461068582,2021,461068582,3,9,0,2,2,0,0,0,0,0,0,0,0,0,3,1,6,6,1,-1,-1,1968,2,1,AUDI A4,-1,-1,0,-1
2021552100654,2021,552100654,2,9,0,18,19,2,6,0,0,3,0,0,0,0,2,1,2,2,1,29,6,1986,2,14,AUDI A4,10,E01015452,0,-1
2021201042218,2021,201042218,2,9,0,18,19,6,2,0,0,8,0,0,0,0,1,1,2,2,3,34,6,1395,1,3,AUDI A4,6,E01009473,0,-1
202134WNC2191,2021,34WNC2191,2,9,0,7,7,7,1,0,0,5,0,0,0,0,3,1,2,2,1,34,6,1968,2,12,AUDI A4,8,E01027282,0,-1
2021201138830,2021,201138830,1,9,0,15,15,6,2,0,0,0,0,0,0,0,1,1,6,6,1,-1,-1,1968,2,14,AUDI A4,-1,-1,0,-1
2021371134971,2021,371134971,2,9,0,18,19,7,3,0,0,0,0,0,7,0,3,1,5,6,1,34,6,1986,2,14,AUDI A4,8,E01030211,0,-1
2021991055742,2021,991055742,2,9,0,13,13,5,1,0,0,0,0,0,0,0,2,1,6,6,1,45,7,1896,2,19,AUDI A4,6,-1,0,-1
2021141107264,2021,141107264,1,9,0,18,19,3,7,0,0,0,0,0,0,0,2,1,6,6,2,38,7,1968,2,10,AUDI A4,7,E01007684,0,-1
2021010320159,2021,010320159,2,9,9,99,99,9,9,99,99,0,9,99,9,99,9,9,6,6,1,-1,-1,1395,1,3,AUDI A4,2,E01003553,0,-1
2021231098940,2021,231098940,2,9,0,4,4,3,6,0,0,1,0,0,0,0,2,1,5,6,1,62,9,1896,2,17,AUDI A4,1,E01009329,0,-1
2021231033362,2021,231033362,2,9,0,18,19,2,6,0,0,8,1,0,0,0,1,1,2,2,1,27,6,1798,1,11,AUDI A4,10,E01031034,0,-1
202106G079823,2021,06G079823,1,9,0,18,19,3,2,0,0,5,0,0,0,0,1,1,1,1,1,34,6,1968,2,13,AUDI A4,1,E01005121,0,-1
2021421014706,2021,421014706,1,9,0,18,19,6,2,0,0,0,0,7,7,6,1,1,5,6,1,65,9,1896,2,17,AUDI A4,3,E01026113,0,-1
2021501161113,2021,501161113,1,9,0,4,4,4,8,0,0,1,1,0,1,2,1,1,6,6,1,-1,-1,1986,2,14,AUDI A4,-1,-1,0,-1
2021041125639,2021,041125639,2,9,0,5,5,3,7,0,0,6,0,0,0,0,1,1,6,6,2,38,7,1968,2,8,AUDI A4,1,E01025184,0,-1
2021201023528,2021,201023528,1,9,0,18,19,3,7,0,0,8,0,0,0,0,1,1,2,2,1,31,6,1968,2,8,AUDI A4,6,E01010079,0,-1
2021552101411,2021,552101411,1,9,0,5,5,3,7,0,0,0,0,0,0,0,1,1,6,6,1,39,7,1968,2,5,AUDI A4,9,E01023270,0,-1
2021211064343,2021,211064343,1,9,-1,18,19,4,8,-1,-1,0,-1,-1,-1,0,-1,1,6,6,3,-1,-1,1968,2,13,AUDI A4,-1,-1,0,-1
2021010297819,2021,010297819,2,9,0,9,9,5,2,0,0,8,0,0,0,0,1,1,6,6,1,30,6,1798,1,7,AUDI A4,4,E01001185,0,-1
2021552100558,2021,552100558,2,9,0,18,19,5,1,0,0,8,1,0,1,0,3,1,6,6,1,73,10,1984,1,4,AUDI A4,7,E01020538,0,-1
2021430507476,2021,430507476,2,9,0,4,4,6,2,0,0,1,0,0,0,0,2,1,6,6,2,43,7,1968,2,7,AUDI A4,8,E01032725,0,-1
2021501087941,2021,501087941,2,9,0,16,19,7,3,0,0,0,0,0,0,0,1,1,5,6,1,28,6,1984,1,15,AUDI A4,4,E01018776,0,-1
2021201144540,2021,201144540,2,9,0,18,19,6,2,0,0,0,0,0,0,0,2,1,6,6,1,57,9,1968,2,7,AUDI A4,10,E01010550,0,-1
2021031116117,2021,031116117,1,9,0,4,4,1,5,0,0,0,0,0,0,0,1,1,6,6,1,41,7,1781,1,15,AUDI A4,1,E01019160,0,-1
2021031053861,2021,031053861,3,9,0,3,3,4,3,0,0,0,0,0,0,0,2,1,6,6,1,37,7,1968,2,4,AUDI A4,9,E01019079,0,-1
2021041101551,2021,041101551,2,9,0,2,2,1,5,6,6,1,0,0,0,0,2,1,6,6,3,-1,-1,1896,2,14,AUDI A4,-1,-1,0,-1
2021010301736,2021,010301736,1,9,0,18,19,3,7,0,0,3,0,1,0,0,1,1,6,6,3,-1,-1,1896,2,19,AUDI A4,-1,-1,0,-1
2021411014514,2021,411014514,1,9,0,9,9,8,5,0,0,3,0,0,0,0,3,1,6,6,1,36,7,1968,2,16,AUDI A4,9,E01023299,0,-1
2021421062377,2021,421062377,2,9,0,18,19,8,4,0,0,0,0,0,0,0,3,1,5,6,2,63,9,1984,1,5,AUDI A4,8,E01021537,0,-1
2021430176091,2021,430176091,3,9,0,18,19,5,1,0,0,1,0,0,0,0,1,1,3,7,2,46,8,1984,1,14,AUDI A4,9,E01016543,0,-1
2021430419258,2021,430419258,1,9,0,3,3,7,3,0,0,0,0,0,0,0,3,1,3,7,2,51,8,1968,2,13,AUDI A4,8,E01016780,0,-1
2021010314844,2021,010314844,1,9,0,18,19,5,1,0,0,4,0,4,0,0,1,2,2,2,1,30,6,1968,2,4,AUDI A4,4,E01023775,0,-1
2021421034786,2021,421034786,2,9,0,4,4,2,6,0,0,1,0,0,0,0,2,1,1,1,1,35,6,1968,2,6,AUDI A4,2,E01017602,0,-1
2021501104691,2021,501104691,1,9,0,18,19,2,6,0,0,0,0,0,0,0,1,1,5,6,1,30,6,1986,2,16,AUDI A4,8,E01018822,0,-1
2021320333270,2021,320333270,1,9,0,18,19,7,3,0,0,8,0,0,0,0,1,1,2,2,1,27,6,1986,2,14,AUDI A4,-1,-1,0,-1
2021430386946,2021,430386946,1,9,0,18,19,8,4,0,0,0,0,0,0,0,1,1,6,6,2,21,5,1968,2,8,AUDI A4,6,E01016574,0,-1
2021122100323,2021,122100323,1,9,0,18,19,5,4,0,0,8,0,0,0,0,3,1,6,6,1,26,6,1781,1,17,AUDI A4,1,E01027740,0,-1
2021131034535,2021,131034535,2,9,0,18,19,1,1,0,0,0,0,0,0,0,1,1,2,2,1,32,6,1984,1,16,AUDI A4,1,E01011375,0,-1
2021010315865,2021,010315865,1,9,0,99,99,9,9,99,99,9,9,99,9,99,2,9,6,6,1,34,6,1968,2,9,AUDI A4,3,E01002235,0,-1
2021141030986,2021,141030986,1,9,0,18,19,1,5,0,0,0,0,0,5,6,2,1,6,6,1,45,7,1968,2,8,AUDI A4,3,E01007701,0,-1
202134NNC0241,2021,34NNC0241,1,9,0,13,13,1,5,0,0,8,0,0,0,0,4,1,6,6,1,64,9,1986,2,14,AUDI A4,9,E01027108,0,-1
2021010320050,2021,010320050,2,9,0,99,99,9,9,99,99,0,9,99,9,99,1,9,6,6,3,-1,-1,1984,1,15,AUDI A4,-1,-1,0,-1
2021471105164,2021,471105164,3,9,0,2,2,0,0,0,0,1,0,0,0,0,3,1,6,6,3,-1,-1,1968,2,12,AUDI A4,-1,-1,0,-1
2021302101652,2021,302101652,2,9,0,14,14,2,7,0,0,8,0,0,0,0,1,1,6,6,1,37,7,1968,2,5,AUDI A4,1,E01019488,0,-1
2021430380393,2021,430380393,2,9,0,18,19,1,5,0,0,0,0,0,0,0,1,1,6,6,1,58,9,3123,1,15,AUDI A4,10,E01015397,0,-1
2021061091989,2021,061091989,2,9,0,18,19,7,3,0,0,1,0,0,0,0,1,1,6,6,3,98,11,1798,1,13,AUDI A4,-1,-1,0,-1
2021451037057,2021,451037057,1,9,0,18,19,3,7,0,0,0,0,0,1,4,4,1,6,6,2,51,8,2393,1,17,AUDI A4,8,E01030527,0,-1
2021451026602,2021,451026602,1,9,0,18,19,5,1,0,0,0,0,0,0,0,0,1,5,6,1,52,8,1781,1,17,AUDI A4,7,E01030865,0,-1
2021421126136,2021,421126136,1,9,0,18,19,1,5,0,0,0,0,0,0,0,1,1,5,6,1,45,7,1968,2,1,AUDI A4,5,E01021741,0,-1
2021991060212,2021,991060212,3,9,0,1,1,1,5,0,0,0,0,0,0,0,0,1,6,6,1,48,8,1984,1,2,AUDI A4,9,-1,0,-1
2021991060908,2021,991060908,1,9,0,5,5,8,4,0,0,2,0,0,0,0,3,1,6,6,2,39,7,1968,2,6,AUDI A4,9,-1,0,-1
2021991094080,2021,991094080,1,9,0,7,7,1,3,0,0,6,0,0,0,0,1,1,2,2,1,44,7,1968,2,10,AUDI A4,-1,-1,0,-1
2021070637641,2021,070637641,2,9,0,5,5,5,1,0,0,1,0,0,0,0,2,1,6,6,1,38,7,1968,2,11,AUDI A4,2,W01000378,0,-1
2021010351832,2021,010351832,2,9,9,99,99,9,9,99,99,9,9,99,9,99,1,9,6,6,3,-1,-1,1968,2,9,AUDI A4,4,E01000313,0,-1
2021061134605,2021,061134605,1,9,-1,18,19,2,6,0,0,1,0,0,0,0,1,1,6,6,1,-1,-1,1968,2,8,AUDI A4,-1,-1,0,-1
2021061078398,2021,061078398,1,9,0,18,19,4,8,0,0,1,0,0,0,0,1,1,5,6,1,19,4,1968,2,5,AUDI A4,5,E01004864,0,-1
2021320631856,2021,320631856,2,9,0,18,19,7,3,0,0,1,0,0,0,0,0,1,6,6,1,33,6,1968,2,5,AUDI A4,5,E01026245,0,-1
2021010289038,2021,010289038,2,9,0,18,19,5,1,0,0,3,0,0,0,0,2,1,6,6,1,36,7,1395,1,3,AUDI A4,5,E01002613,0,-1
2021610061521,2021,610061521,2,9,0,18,19,4,8,0,0,8,1,0,0,0,1,1,2,2,1,25,5,1798,1,8,AUDI A4,6,W01001372,0,-1
2021141096093,2021,141096093,4,9,0,18,19,1,5,0,0,0,0,0,0,0,2,1,6,6,3,-1,-1,1968,2,9,AUDI A4,-1,-1,0,-1
2021131060415,2021,131060415,1,9,0,4,4,2,6,0,0,0,0,0,0,0,2,1,6,6,3,-1,-1,1968,2,9,AUDI A4,-1,-1,0,-1
2021010334200,2021,010334200,1,9,0,18,19,1,5,0,0,0,0,0,0,0,1,1,6,6,3,-1,-1,1968,2,6,AUDI A4,-1,-1,0,-1
2021201119095,2021,201119095,1,9,0,3,3,3,7,0,0,0,0,0,0,0,2,1,6,6,2,43,7,1984,1,1,AUDI A4,9,E01013544,0,-1
202106K079693,2021,06K079693,2,9,0,18,19,3,7,0,0,8,0,0,7,0,2,1,6,6,1,31,6,1968,2,6,AUDI A4,1,E01004826,0,-1
2021622100972,2021,622100972,2,9,0,6,6,8,8,8,6,0,0,0,0,0,1,1,6,6,1,22,5,1968,2,8,AUDI A4,4,W01001259,0,-1
2021010292929,2021,010292929,2,9,0,18,19,3,7,0,0,8,0,0,0,0,1,1,6,6,1,28,6,1984,1,1,AUDI A4,3,E01004064,0,-1
2021061079323,2021,061079323,1,9,0,18,19,4,8,0,0,8,0,0,0,0,2,1,6,6,1,25,5,2967,2,4,AUDI A4,3,E01006217,0,-1
2021201103857,2021,201103857,1,9,0,9,9,3,8,0,0,5,0,0,0,0,1,1,6,6,1,53,8,1781,1,14,AUDI A4,3,E01009950,0,-1
2021061105346,2021,061105346,1,9,0,7,7,3,7,0,0,2,0,0,0,0,1,1,6,6,1,29,6,2967,2,5,AUDI A4,2,E01005288,0,-1
2021131040290,2021,131040290,2,9,0,18,19,6,2,0,0,0,0,0,0,0,2,1,6,6,1,23,5,1968,2,7,AUDI A4,1,E01011664,0,-1
2021010333027,2021,010333027,2,9,0,99,99,9,9,99,99,9,9,99,9,99,1,9,6,6,3,-1,-1,1896,2,17,AUDI A4,-1,-1,0,-1
2021010288095,2021,010288095,1,9,0,18,19,4,8,0,0,8,0,0,0,0,1,1,6,6,1,57,9,1781,1,18,AUDI A4,3,E01002445,0,-1
2021991104426,2021,991104426,1,9,0,9,9,2,8,0,0,1,0,0,0,0,4,1,5,6,1,23,5,1896,2,18,AUDI A4,7,-1,0,-1
2021371077615,2021,371077615,1,9,0,18,19,1,5,0,0,0,2,0,7,4,3,1,5,6,1,28,6,1968,2,8,AUDI A4,5,E01030229,0,-1
2021461048825,2021,461048825,1,9,0,5,5,3,7,0,0,1,0,0,0,0,1,1,6,6,1,20,4,1968,2,4,AUDI A4,2,E01002096,0,-1
20211382C0155,2021,1382C0155,2,9,0,18,19,1,5,0,0,8,0,0,0,0,1,1,6,6,1,35,6,2496,2,17,AUDI A4,1,E01010811,0,-1
2021010308872,2021,010308872,2,9,9,99,99,9,9,99,99,9,9,99,9,99,9,9,6,6,3,-1,-1,1968,2,11,AUDI A4,-1,-1,0,-1
2021010350321,2021,010350321,1,9,0,7,7,1,3,4,4,5,0,11,0,0,4,1,1,1,1,36,7,1984,1,11,AUDI A4,3,E01004563,0,-1
2021161038193,2021,161038193,2,9,0,4,4,2,8,0,0,1,0,0,0,0,3,1,5,6,1,32,6,1968,2,9,AUDI A4,7,E01013295,0,-1
2021131068280,2021,131068280,2,9,0,9,9,7,3,0,0,8,0,0,0,0,2,1,6,6,2,41,7,1968,2,11,AUDI A4,1,E01011134,0,-1
2021302100430,2021,302100430,3,9,0,18,19,6,2,0,0,1,0,0,0,0,1,1,6,6,1,48,8,1968,2,1,AUDI A4,8,E01013580,0,-1
202131D064321,2021,31D064321,2,9,0,9,9,1,7,0,0,5,0,0,0,0,2,1,1,1,1,50,8,1968,2,3,AUDI A4,4,E01033408,0,-1
2021010331194,2021,010331194,1,9,0,99,99,9,9,99,99,9,9,99,9,99,9,9,6,6,2,48,8,1984,1,11,AUDI A4,8,E01023656,0,-1
2021141013223,2021,141013223,1,9,0,1,1,5,1,0,0,0,0,0,0,0,2,1,5,6,1,20,4,1968,2,7,AUDI A4,2,E01008107,0,-1
2021061091349,2021,061091349,3,9,0,10,10,1,7,0,0,1,0,0,0,0,1,1,5,6,2,32,6,2496,2,17,AUDI A4,2,E01006112,0,-1
2021302101931,2021,302101931,2,9,0,1,1,0,0,0,0,0,0,0,0,0,2,1,6,6,2,22,5,1968,2,6,AUDI A4,5,E01013671,0,-1
2021010302831,2021,010302831,2,9,0,17,19,3,8,0,0,1,0,0,0,0,0,1,6,6,1,32,6,1986,2,14,AUDI A4,3,E01025397,0,-1
2021131070020,2021,131070020,1,9,0,12,12,5,1,0,0,0,0,0,0,0,1,1,1,1,1,50,8,1968,2,5,AUDI A4,4,E01011320,0,-1
2021461085715,2021,461085715,1,9,0,1,1,1,5,0,0,0,0,0,0,0,2,1,5,6,3,-1,-1,1896,2,18,AUDI A4,-1,-1,0,-1
202131A012621,2021,31A012621,1,9,0,18,19,1,5,0,0,8,0,4,0,0,1,1,6,6,1,16,4,1986,2,13,AUDI A4,3,E01028248,0,-1
2021542248921,2021,542248921,2,9,0,18,19,3,7,0,0,1,1,0,0,0,1,1,6,6,2,59,9,1984,1,14,AUDI A4,8,E01002990,0,-1
2021451093235,2021,451093235,4,9,0,2,2,4,1,0,0,0,0,0,0,0,2,1,5,6,1,37,7,1968,2,4,AUDI A4,7,E01023113,0,-1
2021010319152,2021,010319152,1,9,0,18,19,3,7,0,0,1,0,0,0,0,1,1,6,6,1,35,6,1968,2,5,AUDI A4,4,E01003492,0,-1
2021161022198,2021,161022198,2,9,0,18,19,8,4,0,0,0,0,0,0,0,3,1,6,6,1,73,10,1781,1,23,AUDI A4,1,E01012838,0,-1
2021401046940,2021,401046940,2,9,0,18,19,2,6,0,0,8,0,0,0,0,1,1,5,6,1,29,6,1986,2,15,AUDI A4,7,E01017516,0,-1
2021522102700,2021,522102700,2,9,0,4,4,7,3,0,0,0,0,0,0,0,0,1,6,6,2,36,7,1968,2,8,AUDI A4,9,E01014819,0,-1
2021010292206,2021,010292206,1,9,0,99,99,9,9,99,99,9,9,99,9,99,2,9,2,2,1,26,6,1968,2,11,AUDI A4,7,E01002538,0,-1
2021010319602,2021,010319602,2,9,0,99,99,9,9,99,99,9,9,99,9,99,2,9,6,6,3,-1,-1,1984,1,15,AUDI A4,-1,-1,0,-1
2021461111414,2021,461111414,5,9,0,3,3,7,7,0,0,4,0,0,0,0,2,1,5,6,1,53,8,1968,2,9,AUDI A4,9,E01004837,0,-1
2021161017834,2021,161017834,1,9,0,18,19,5,1,0,0,0,0,0,0,0,2,1,5,6,1,38,7,1968,2,8,AUDI A4,5,E01012910,0,-1
2021991115267,2021,991115267,1,9,0,18,19,3,7,0,0,4,0,0,0,0,1,1,5,6,1,29,6,1968,2,8,AUDI A4,5,-1,0,-1
2021141024313,2021,141024313,1,9,0,18,19,1,4,0,0,2,0,0,0,0,1,1,1,1,1,44,7,1968,2,12,AUDI A4,3,E01007525,0,-1
2021052100841,2021,052100841,1,9,0,15,15,1,5,0,0,0,2,0,0,0,3,1,6,6,1,31,6,1968,2,12,AUDI A4,3,E01006838,0,-1
2021201115711,2021,201115711,2,9,0,3,3,4,7,0,0,1,0,0,0,0,2,1,6,6,1,29,6,1984,1,18,AUDI A4,10,E01032246,0,-1
2021231054444,2021,231054444,1,9,0,18,19,5,1,0,0,2,0,0,0,0,1,1,6,6,1,59,9,1896,2,16,AUDI A4,-1,-1,0,-1
2021201144434,2021,201144434,1,9,0,18,19,1,3,0,0,3,0,0,0,0,4,1,6,6,1,-1,-1,1968,2,9,AUDI A4,-1,-1,0,-1
2021101024492,2021,101024492,2,9,0,18,19,1,5,0,0,0,0,0,0,0,2,1,1,1,1,40,7,1968,2,1,AUDI A4,4,E01020633,0,-1
2021411040741,2021,411040741,2,9,0,18,19,8,4,0,0,4,0,0,0,0,3,1,1,1,2,42,7,1896,2,17,AUDI A4,1,E01015771,0,-1
2021061088274,2021,061088274,1,9,0,18,19,4,8,0,0,1,0,0,0,0,1,1,5,6,1,35,6,1968,2,7,AUDI A4,3,E01005332,0,-1
2021170S10991,2021,170S10991,1,9,0,9,9,4,2,0,0,8,0,0,0,0,1,1,6,6,2,37,7,1968,2,12,AUDI A4,1,E01032543,0,-1
2021061037087,2021,061037087,1,9,0,9,9,1,1,0,0,0,0,0,0,0,1,1,1,1,3,-1,-1,1968,2,8,AUDI A4,-1,-1,0,-1
2021440181415,2021,440181415,1,9,0,18,19,6,2,0,0,0,0,0,0,0,1,1,6,6,1,26,6,2967,2,7,AUDI A4,4,E01022711,0,-1
2021221012298,2021,221012298,3,9,-1,15,15,1,5,0,0,0,0,10,0,0,4,1,1,1,1,74,10,1968,2,9,AUDI A4,10,E01032145,0,-1
2021302101793,2021,302101793,1,9,0,18,19,6,2,0,0,0,0,0,0,0,1,1,1,1,1,-1,-1,2967,2,1,AUDI A4,5,E01019456,0,-1
202131D171721,2021,31D171721,1,9,0,18,19,1,5,0,0,1,0,0,0,0,2,1,6,6,2,35,6,1968,2,6,AUDI A4,5,E01027972,0,-1
2021041054865,2021,041054865,1,9,0,18,19,7,3,0,0,8,0,0,0,0,1,1,5,6,1,24,5,1968,2,5,AUDI A4,8,E01025086,0,-1
2021201116475,2021,201116475,2,9,0,3,3,6,2,0,0,1,0,0,0,0,2,1,6,6,1,25,5,1968,2,9,AUDI A4,1,E01010107,0,-1
2021041096807,2021,041096807,1,9,0,18,19,3,7,0,0,0,0,0,0,0,3,1,5,6,1,65,9,1968,2,8,AUDI A4,1,E01012594,0,-1
2021010305660,2021,010305660,2,9,0,9,9,7,4,0,0,8,0,0,0,0,1,1,6,6,3,-1,-1,1984,1,2,AUDI A4,-1,-1,0,-1
2021471078343,2021,471078343,1,9,0,1,1,3,7,0,0,1,0,0,0,0,2,1,6,6,1,-1,-1,1968,2,4,AUDI A4,8,E01016959,0,-1
2021440045492,2021,440045492,1,9,0,17,19,1,5,0,0,0,0,0,7,4,1,1,2,2,2,23,5,1968,2,3,AUDI A4,5,E01015461,0,-1
2021991076101,2021,991076101,1,9,0,5,5,1,5,0,0,4,0,0,0,0,1,1,6,6,1,54,8,1968,2,9,AUDI A4,1,-1,0,-1
2021010343555,2021,010343555,1,9,0,99,99,9,9,99,99,9,9,99,9,99,9,9,6,6,1,24,5,1968,2,7,AUDI A4,4,E01002594,0,-1
2021201084166,2021,201084166,1,9,0,7,7,6,8,0,0,5,0,0,0,0,0,1,1,1,1,20,4,1798,1,13,AUDI A4,4,E01010457,0,-1
202131B128621,2021,31B128621,2,9,0,2,2,0,0,0,0,0,0,0,0,0,3,1,6,6,1,32,6,1968,2,11,AUDI A4,4,E01028335,0,-1
2021161074116,2021,161074116,2,9,0,3,3,4,8,0,0,1,0,0,0,0,2,1,2,2,2,45,7,1968,2,7,AUDI A4,7,E01012989,0,-1
2021052101609,2021,052101609,1,9,0,7,7,5,7,0,0,8,0,0,0,0,4,1,6,6,3,-1,-1,1968,2,16,AUDI A4,-1,-1,0,-1
2021522103326,2021,522103326,1,9,0,2,2,1,5,0,0,0,0,0,0,0,2,1,6,6,2,42,7,1986,2,15,AUDI A4,4,E01032070,0,-1