collision_index,collision_year,collision_ref_no,vehicle_reference,vehicle_type,towing_and_articulation,vehicle_manoeuvre_historic,vehicle_manoeuvre,vehicle_direction_from,vehicle_direction_to,vehicle_location_restricted_lane_historic,vehicle_location_restricted_lane,junction_location,skidding_and_overturning,hit_object_in_carriageway,vehicle_leaving_carriageway,hit_object_off_carriageway,first_point_of_impact,vehicle_left_hand_drive,journey_purpose_of_driver_historic,journey_purpose_of_driver,sex_of_driver,age_of_driver,age_band_of_driver,engine_capacity_cc,propulsion_code,age_of_vehicle,generic_make_model,driver_imd_decile,lsoa_of_driver,escooter_flag,driver_distance_banding
2021552100270,2021,552100270,2,9,0,2,2,0,0,0,0,0,0,0,0,0,4,1,6,6,3,-1,-1,1968,2,7,AUDI A4,-1,-1,0,-1
2021010289338,2021,010289338,2,9,0,7,7,7,1,0,0,8,0,0,0,0,3,1,6,6,2,42,7,1781,1,14,AUDI A4,4,E01002663,0,-1
2021421089702,2021,421089702,2,9,0,2,2,5,6,0,0,0,1,0,1,0,1,1,6,6,3,-1,-1,1986,2,14,AUDI A4,-1,-1,0,-1
2021141066654,2021,141066654,2,9,0,18,19,5,1,0,0,1,1,0,7,1,1,1,6,6,1,31,6,1896,2,17,AUDI A4,1,E01011791,0,-1
2021131042586,2021,131042586,1,9,0,7,7,3,5,0,0,0,0,0,0,0,3,1,6,6,1,35,6,2967,2,8,AUDI A4,4,E01010599,0,-1
2021471121050,2021,471121050,1,9,0,18,19,7,3,0,0,0,0,0,0,0,1,1,5,6,2,49,8,1968,2,6,AUDI A4,6,E01031477,0,-1
2021101049474,2021,101049474,1,9,0,4,4,5,1,0,0,1,0,0,0,0,1,1,6,6,2,52,8,1968,2,8,AUDI A4,3,E01008637,0,-1
2021471036304,2021,471036304,2,9,0,18,19,7,3,0,0,8,0,0,0,0,1,1,2,2,1,37,7,1968,2,15,AUDI A4,6,E01031408,0,-1
2021010322189,2021,010322189,3,9,0,2,2,0,0,0,0,0,0,0,0,0,1,1,6,6,3,-1,-1,1896,2,15,AUDI A4,-1,-1,0,-1
2021501021478,2021,501021478,1,9,0,18,19,7,5,0,0,1,0,0,0,0,1,1,6,6,2,37,7,1986,2,14,AUDI A4,4,E01018874,0,-1
2021320545871,2021,320545871,3,9,0,18,19,6,2,0,0,8,0,0,0,0,2,2,6,6,1,44,7,1968,2,4,AUDI A4,1,E01026157,0,-1
2021122101389,2021,122101389,1,9,0,4,4,3,7,0,0,0,0,0,0,0,1,1,6,6,2,46,8,1968,2,5,AUDI A4,6,E01027790,0,-1
2021041061048,2021,041061048,1,9,0,7,7,3,3,0,0,2,0,0,0,0,1,1,6,6,1,-1,-1,1986,2,15,AUDI A4,-1,-1,0,-1
2021010319438,2021,010319438,2,9,0,99,99,9,9,99,99,9,9,99,9,99,0,9,6,6,3,-1,-1,1968,2,8,AUDI A4,2,E01015608,0,-1
2021430508613,2021,430508613,2,9,0,5,5,1,5,0,0,0,0,0,0,0,1,1,6,6,1,66,10,1896,2,15,AUDI A4,8,E01028766,0,-1
2021010335087,2021,010335087,1,9,0,18,19,4,8,0,0,4,2,4,0,0,1,1,6,6,1,39,7,1968,2,5,AUDI A4,2,E01000080,0,-1
2021161093176,2021,161093176,1,9,0,7,7,6,2,0,0,8,0,0,1,0,2,1,6,6,1,58,9,1986,2,15,AUDI A4,1,E01013219,0,-1
2021221056543,2021,221056543,2,9,0,16,19,2,5,0,0,0,0,0,0,0,1,1,5,6,1,35,6,1986,2,15,AUDI A4,2,E01010506,0,-1
2021122101360,2021,122101360,1,9,0,18,19,8,4,0,0,0,0,0,0,0,1,1,6,6,3,-1,-1,1968,2,4,AUDI A4,-1,-1,0,-1
202131D017321,2021,31D017321,2,9,0,18,19,4,8,0,0,0,0,0,0,0,1,1,6,6,1,54,8,1968,2,6,AUDI A4,8,E01028371,0,-1
202154A863021,2021,54A863021,1,9,0,18,19,1,5,0,0,0,0,0,0,0,1,1,6,6,1,50,8,1986,2,15,AUDI A4,3,E01022364,0,-1
2021122100292,2021,122100292,2,9,0,18,19,7,3,0,0,0,0,0,0,0,1,1,6,6,2,36,7,1968,2,12,AUDI A4,10,E01013054,0,-1
2021041064329,2021,041064329,3,9,0,4,4,6,2,0,0,0,0,0,0,0,2,1,5,6,1,36,7,1968,2,8,AUDI A4,5,E01025243,0,-1
2021440247047,2021,440247047,1,9,0,12,12,4,7,0,0,8,0,0,0,0,2,1,1,1,1,35,6,1984,1,15,AUDI A4,6,E01022919,0,-1
202134NNC5101,2021,34NNC5101,1,9,0,4,4,5,1,0,0,0,0,0,0,0,1,1,2,2,1,32,6,1968,2,12,AUDI A4,6,E01026349,0,-1
2021401061669,2021,401061669,2,9,0,4,4,6,2,0,0,0,0,0,0,0,2,1,6,6,1,25,5,1968,2,1,AUDI A4,3,E01008819,0,-1
2021351093462,2021,351093462,1,8,0,18,19,7,3,0,0,1,0,0,0,0,1,1,1,1,1,40,7,1968,2,8,AUDI A4,8,E01018224,0,-1
2021122200047,2021,122200047,2,9,0,18,19,5,1,0,0,0,0,0,0,0,1,1,6,6,1,29,6,1986,2,13,AUDI A4,6,E01027559,0,-1
2021201107325,2021,201107325,1,9,0,11,11,6,2,0,0,1,0,0,0,0,1,1,6,6,1,-1,-1,1984,1,4,AUDI A4,-1,-1,0,-1
2021201079911,2021,201079911,2,9,0,4,4,6,2,0,0,1,0,0,0,0,2,1,6,6,1,-1,-1,1968,2,9,AUDI A4,-1,-1,0,-1
2021371087215,2021,371087215,1,9,0,18,19,7,2,0,0,0,0,0,0,0,1,1,5,6,2,62,9,1968,2,9,AUDI A4,4,E01029922,0,-1
2021531050194,2021,531050194,1,9,0,5,5,7,3,0,0,6,1,0,0,0,1,1,3,7,2,34,6,1968,2,9,AUDI A4,4,E01022241,0,-1
2021351095378,2021,351095378,1,9,0,4,4,-1,-1,0,0,0,1,0,0,0,2,1,6,6,1,48,8,1968,2,7,AUDI A4,10,E01018284,0,-1
2021430411572,2021,430411572,2,9,0,18,19,6,2,0,0,0,0,0,0,0,4,1,1,1,1,44,7,1968,2,7,AUDI A4,2,E01014659,0,-1
2021991049843,2021,991049843,1,9,0,18,19,6,8,0,0,3,0,4,0,0,1,1,5,6,1,35,6,1968,2,10,AUDI A4,2,-1,0,-1
2021052101827,2021,052101827,2,9,0,12,12,8,4,0,0,8,0,0,0,0,3,1,6,6,1,48,8,1968,2,0,AUDI A4,1,E01006540,0,-1
2021351020325,2021,351020325,1,9,0,13,13,6,2,0,0,0,1,0,1,11,1,1,5,6,1,21,5,2976,1,16,AUDI A4,6,E01017973,0,-1
2021131051861,2021,131051861,2,9,0,18,19,1,5,0,0,0,0,0,0,0,-1,1,6,6,3,-1,-1,1986,2,16,AUDI A4,-1,-1,0,-1
2021411113142,2021,411113142,1,9,0,5,5,1,5,0,0,2,0,0,0,0,1,1,6,6,3,-1,-1,1896,2,18,AUDI A4,-1,-1,0,-1
2021451055127,2021,451055127,1,4,0,16,19,5,1,0,0,0,2,0,1,0,0,1,5,6,1,56,9,176,1,18,-1,10,E01030873,0,-1
2021501066369,2021,501066369,2,19,0,18,19,5,1,0,0,0,0,0,0,0,3,1,6,6,2,49,8,5734,1,26,-1,8,E01020270,0,-1
2021070212191,2021,070212191,2,5,0,18,19,4,7,0,0,1,0,0,0,0,3,1,6,6,1,43,7,998,1,15,-1,4,E01006043,0,-1
2021201149305,2021,201149305,2,19,0,18,19,6,2,0,0,8,1,10,7,10,1,1,6,6,1,52,8,1560,2,11,FIAT SCUDO,8,E01009908,0,-1
2021111013675,2021,111013675,1,19,0,17,19,7,3,0,0,1,1,0,1,2,3,1,1,1,1,45,7,1560,2,13,FIAT SCUDO,6,E01020640,0,-1
2021101076770,2021,101076770,1,8,0,18,19,1,5,0,0,1,0,0,0,0,1,1,1,1,2,29,6,1997,1,13,FIAT SCUDO,7,E01008360,0,-1
2021451051926,2021,451051926,2,9,0,2,2,0,0,0,0,0,0,0,0,0,4,1,6,6,3,-1,-1,1997,2,14,FIAT SCUDO,-1,-1,0,-1
2021161124798,2021,161124798,3,9,0,18,19,8,4,0,0,0,0,0,0,0,1,1,1,1,1,63,9,1997,2,13,-1,5,E01013308,0,-1
2021421048467,2021,421048467,1,19,0,18,19,7,3,0,0,0,0,0,0,0,1,1,1,1,1,40,7,1560,2,13,FIAT SCUDO,8,E01030122,0,-1
2021522100966,2021,522100966,1,19,2,18,19,8,4,0,0,0,0,0,0,0,3,1,6,6,1,65,9,1997,2,13,FIAT SCUDO,3,E01014941,0,-1
2021544163121,2021,544163121,1,19,0,18,19,6,2,0,0,0,0,7,1,1,1,1,6,6,2,71,10,-1,-1,-1,FIAT SCUDO,6,E01026737,0,-1
2021501049916,2021,501049916,2,19,0,2,2,0,0,0,0,1,0,0,0,0,2,1,5,6,1,-1,-1,1560,2,12,FIAT SCUDO,10,E01020253,0,-1
2021401141401,2021,401141401,1,19,0,5,5,3,7,0,0,0,0,0,0,0,1,1,6,6,1,25,5,1560,2,12,FIAT SCUDO,1,E01017466,0,-1
2021061040498,2021,061040498,3,9,0,18,19,1,5,0,0,0,0,0,0,0,1,1,6,6,1,44,7,1997,2,13,FIAT SCUDO,7,E01006063,0,-1
202134NNC2721,2021,34NNC2721,3,19,0,2,2,0,0,0,0,0,0,0,0,0,4,1,6,6,3,-1,-1,1867,2,22,FIAT SCUDO,-1,-1,0,-1
2021501032197,2021,501032197,2,19,0,18,19,1,5,0,0,0,0,0,0,0,1,1,6,6,1,45,7,1997,2,15,FIAT SCUDO,4,E01020307,0,-1
2021141101476,2021,141101476,1,9,0,18,19,3,7,0,0,1,0,0,0,0,1,1,1,1,1,42,7,-1,-1,-1,FIAT SCUDO,2,E01008107,0,-1
2021531109529,2021,531109529,3,19,0,4,4,3,7,0,0,2,0,0,0,0,2,1,5,6,1,28,6,1868,2,18,FIAT SCUDO,4,E01022251,0,-1
2021411015326,2021,411015326,2,20,0,18,19,4,8,0,0,8,0,0,0,0,1,1,6,6,1,47,8,-1,-1,-1,-1,8,E01023552,0,-1
2021522200838,2021,522200838,2,9,0,18,19,7,3,0,0,8,0,0,0,0,1,1,6,6,1,54,8,1997,2,12,FIAT SCUDO,5,E01014804,0,-1
2021421031245,2021,421031245,1,19,0,18,19,7,2,0,0,1,0,10,0,0,1,1,2,2,1,61,9,1867,2,20,FIAT SCUDO,4,E01022041,0,-1
2021471059901,2021,471059901,1,19,0,18,19,7,3,0,0,4,0,0,0,0,1,1,5,6,1,46,8,1997,2,9,FIAT SCUDO,4,E01016925,0,-1
2021141035676,2021,141035676,2,9,0,18,19,7,3,0,0,1,0,0,0,0,1,1,1,1,1,32,6,-1,-1,-1,FIAT SCUDO,1,E01007883,0,-1
2021302101586,2021,302101586,2,19,0,2,2,0,0,0,0,0,0,0,0,0,2,1,1,1,1,49,8,1560,2,6,FIAT SCUDO,3,E01019552,0,-1
2021522101729,2021,522101729,1,8,0,18,19,8,4,0,0,0,0,0,0,0,4,1,1,1,1,59,9,1997,2,10,FIAT SCUDO,4,E01014627,0,-1
2021501085047,2021,501085047,2,19,0,18,19,5,1,0,0,0,0,0,0,0,3,1,5,6,1,51,8,-1,-1,-1,FIAT SCUDO,1,W01001179,0,-1
2021552101055,2021,552101055,1,19,0,18,19,8,4,0,0,0,0,0,0,0,1,1,6,6,1,55,8,1560,2,10,FIAT SCUDO,3,E01015426,0,-1
2021010315908,2021,010315908,1,19,0,7,7,6,8,4,4,5,0,0,0,0,1,1,1,1,1,30,6,1560,2,5,FIAT SCUDO,2,E01004400,0,-1
2021302100540,2021,302100540,1,19,0,1,1,0,0,0,0,0,0,0,0,0,2,1,6,6,1,52,8,1997,2,10,FIAT SCUDO,8,E01019618,0,-1
2021052100522,2021,052100522,1,19,0,5,5,5,1,0,0,1,1,0,0,0,1,1,2,2,1,49,8,1997,2,17,FIAT SCUDO,2,E01007244,0,-1
2021161047168,2021,161047168,1,9,0,3,3,6,2,0,0,4,0,0,0,0,2,1,5,6,1,42,7,1997,2,10,FORD GALAXY,7,E01013256,0,-1
2021421069192,2021,421069192,2,9,-1,4,4,3,7,0,0,0,0,0,0,0,2,1,6,6,2,33,6,1997,2,9,FORD GALAXY,3,E01021850,0,-1
2021522105139,2021,522105139,1,9,0,18,19,7,3,0,0,0,0,0,0,0,1,1,6,6,1,42,7,1997,2,8,FORD GALAXY,2,E01014685,0,-1
2021052101580,2021,052101580,2,9,0,18,19,1,5,0,0,8,0,0,0,0,1,1,6,6,1,40,7,1997,2,9,FORD GALAXY,7,E01006795,0,-1
2021991087322,2021,991087322,4,9,0,2,2,0,0,0,0,0,0,0,0,0,1,1,6,6,3,-1,-1,1997,2,4,FORD GALAXY,-1,-1,0,-1
2021010327509,2021,010327509,3,9,0,2,2,0,0,0,0,0,0,0,0,0,3,1,6,6,3,-1,-1,1995,2,3,FORD GALAXY,-1,-1,0,-1
2021451084184,2021,451084184,1,9,0,18,19,5,1,0,0,5,0,0,0,0,3,1,3,7,2,40,7,1997,2,9,FORD GALAXY,8,E01030698,0,-1
2021201111417,2021,201111417,1,8,0,9,9,8,6,0,0,5,0,0,1,0,3,1,1,1,1,35,6,1995,2,2,FORD GALAXY,1,E01009957,0,-1
2021451094159,2021,451094159,1,9,0,17,19,5,1,0,0,0,1,0,1,7,1,1,2,2,1,53,8,1997,2,10,FORD GALAXY,2,E01001219,0,-1
2021461033260,2021,461033260,2,9,0,18,19,5,1,0,0,8,0,0,0,0,4,1,5,6,2,51,8,1997,2,14,FORD GALAXY,3,E01016173,0,-1
2021991041937,2021,991041937,1,9,0,18,19,2,5,0,0,0,0,0,1,11,1,1,5,6,2,34,6,1997,2,8,FORD GALAXY,-1,-1,0,-1
2021010288669,2021,010288669,1,9,0,18,19,3,7,0,0,1,0,7,0,0,1,1,1,1,1,47,8,1896,2,15,FORD GALAXY,5,E01002371,0,-1
2021010342082,2021,010342082,1,9,0,9,9,1,7,0,0,1,0,0,0,0,1,1,1,1,1,42,7,1997,2,4,FORD GALAXY,3,E01016499,0,-1
2021361136666,2021,361136666,1,9,0,18,19,1,5,0,0,0,0,0,0,0,1,1,6,6,2,33,6,1560,2,10,FORD GALAXY,6,E01026515,0,-1
202131D035721,2021,31D035721,1,9,0,4,4,4,8,0,0,1,0,0,0,0,2,1,6,6,1,29,6,1997,2,9,FORD GALAXY,6,E01028075,0,-1
2021052100510,2021,052100510,1,8,0,7,7,1,4,0,0,8,0,0,1,0,4,1,6,6,1,47,8,1997,2,8,FORD GALAXY,1,E01006752,0,-1
2021451063496,2021,451063496,2,9,0,18,19,5,1,0,0,1,0,0,0,0,1,1,5,6,2,34,6,1753,2,12,FORD GALAXY,6,E01030618,0,-1
2021461081851,2021,461081851,3,9,0,15,15,3,7,0,0,0,0,0,0,0,3,1,6,6,1,24,5,1896,2,17,FORD GALAXY,7,E01002338,0,-1
2021411049178,2021,411049178,2,9,0,18,19,5,1,0,0,0,0,0,0,0,1,1,6,6,1,46,8,1997,2,3,FORD GALAXY,-1,-1,0,-1
2021010324800,2021,010324800,1,8,0,99,99,9,9,99,99,9,9,99,9,99,4,9,1,1,1,48,8,1997,2,5,FORD GALAXY,2,E01002097,0,-1
2021010290305,2021,010290305,1,9,0,5,5,3,7,0,0,1,0,0,0,0,1,1,2,2,1,42,7,1596,1,9,FORD GALAXY,10,E01003425,0,-1
2021010323886,2021,010323886,1,9,0,18,19,1,5,0,0,1,5,4,0,0,4,1,1,1,1,45,7,1997,2,3,FORD GALAXY,7,E01001455,0,-1
2021461066721,2021,461066721,1,9,0,18,19,8,4,0,0,0,0,0,0,0,1,1,6,6,1,-1,-1,1997,2,13,FORD GALAXY,4,E01024312,0,-1
2021010295646,2021,010295646,2,9,0,9,9,4,1,0,0,1,0,0,0,0,2,1,6,6,1,50,8,1997,2,4,FORD GALAXY,5,E01002426,0,-1
202134WNC0441,2021,34WNC0441,2,9,0,18,19,8,4,0,0,8,0,0,0,0,1,1,6,6,1,43,7,1753,2,15,FORD GALAXY,1,E01027239,0,-1
2021010352129,2021,010352129,1,9,0,5,5,2,6,0,0,4,0,0,0,0,1,1,6,6,1,44,7,1997,2,6,FORD GALAXY,4,E01024290,0,-1
2021010315766,2021,010315766,2,9,0,5,5,1,5,0,0,8,0,0,0,0,1,1,2,2,2,47,8,1999,1,10,FORD GALAXY,5,E01003413,0,-1
2021010303254,2021,010303254,2,8,0,4,4,3,7,0,0,2,0,0,0,0,1,1,1,1,1,53,8,1997,2,6,FORD GALAXY,3,E01001409,0,-1
202163D076921,2021,63D076921,1,9,0,9,9,3,1,0,0,6,0,0,0,0,3,1,6,6,1,58,9,1997,2,4,FORD GALAXY,4,W01000438,0,-1
2021501019884,2021,501019884,1,8,0,18,19,1,5,0,0,0,2,0,0,0,1,1,1,1,1,61,9,1997,2,15,FORD GALAXY,2,E01020277,0,-1
2021010298469,2021,010298469,2,9,0,18,19,7,3,0,0,2,0,0,0,0,4,1,1,1,1,48,8,1997,2,3,FORD GALAXY,1,E01000953,0,-1
2021010342933,2021,010342933,1,9,0,18,19,3,7,0,0,1,0,0,0,0,1,1,6,6,1,49,8,1997,2,12,FORD GALAXY,-1,-1,0,-1
2021451065431,2021,451065431,3,9,0,18,19,3,7,0,0,1,0,0,0,0,1,1,3,7,2,37,7,1997,2,10,FORD GALAXY,8,E01030972,0,-1
2021522103481,2021,522103481,3,9,0,4,4,1,5,0,0,0,0,0,0,0,2,1,6,6,1,31,6,1997,2,7,FORD GALAXY,1,W01001519,0,-1
2021070216279,2021,070216279,2,9,0,3,3,6,2,0,0,0,0,0,0,0,1,1,6,6,1,32,6,1997,2,7,FORD GALAXY,7,W01000255,0,-1
2021010349485,2021,010349485,2,9,0,99,99,9,9,99,99,9,9,99,9,99,1,9,6,6,3,-1,-1,1997,2,9,FORD GALAXY,-1,-1,0,-1
2021451016384,2021,451016384,1,9,0,18,19,3,7,0,0,0,0,0,1,4,1,1,2,2,1,53,8,1997,2,9,FORD GALAXY,5,E01030974,0,-1
2021010352208,2021,010352208,5,9,0,5,5,5,1,0,0,1,0,4,1,4,1,2,6,6,3,-1,-1,1753,2,13,FORD GALAXY,-1,-1,0,-1
2021010321134,2021,010321134,2,9,0,99,99,9,9,99,99,9,9,99,9,99,2,9,6,6,3,71,10,1997,2,3,FORD GALAXY,9,E01030712,0,-1
2021101050999,2021,101050999,2,9,0,18,19,3,7,0,0,0,0,0,0,0,0,1,5,6,2,41,7,1560,2,7,FORD GALAXY,5,E01007953,0,-1
2021131086582,2021,131086582,1,9,0,5,5,7,3,0,0,4,0,0,0,0,4,1,5,6,2,56,9,1995,2,2,FORD GALAXY,2,E01011237,0,-1
2021070687186,2021,070687186,1,9,0,18,19,5,1,0,0,0,0,0,0,0,4,1,6,6,1,64,9,1997,2,12,FORD GALAXY,9,W01000394,0,-1
2021010300316,2021,010300316,2,8,0,18,19,3,7,0,0,0,0,0,0,0,2,1,6,6,1,59,9,1997,2,4,FORD GALAXY,7,E01000572,0,-1
2021061026759,2021,061026759,2,9,0,18,19,5,1,0,0,1,0,0,0,0,1,1,6,6,2,30,6,2179,2,10,FORD GALAXY,-1,-1,0,-1
2021010325845,2021,010325845,2,9,0,99,99,9,9,99,99,9,9,99,9,99,1,9,6,6,3,47,8,1997,2,5,FORD GALAXY,4,E01004339,0,-1
2021361068007,2021,361068007,1,9,-1,9,9,8,7,0,0,8,0,0,0,0,1,1,6,6,1,65,9,1896,2,19,FORD GALAXY,3,E01026696,0,-1
2021440209303,2021,440209303,1,9,0,3,3,2,6,0,0,0,0,0,0,0,0,1,6,6,1,76,11,1995,2,2,FORD GALAXY,4,E01017290,0,-1
2021440283369,2021,440283369,5,9,0,18,19,1,5,0,0,0,0,0,0,0,1,1,6,6,1,30,6,1997,2,5,FORD GALAXY,1,E01023844,0,-1
2021010296871,2021,010296871,2,9,0,99,99,9,9,99,99,9,9,99,9,99,1,9,6,6,3,55,8,1997,2,6,FORD GALAXY,2,E01001775,0,-1
2021041023169,2021,041023169,2,9,0,18,19,5,1,0,0,2,0,0,0,0,1,1,5,6,2,31,6,1896,2,18,FORD GALAXY,1,E01012721,0,-1
2021061130403,2021,061130403,1,9,0,18,19,7,3,0,0,8,0,6,3,0,1,1,6,6,1,35,6,1997,2,13,FORD GALAXY,1,E01004862,0,-1
2021451095080,2021,451095080,1,9,0,18,19,5,1,0,0,8,0,0,0,0,1,1,5,6,1,57,9,1997,2,10,FORD GALAXY,6,E01003000,0,-1
2021451032452,2021,451032452,1,9,0,1,1,1,1,7,6,0,0,0,0,0,2,1,1,1,1,34,6,1997,2,6,FORD GALAXY,6,E01003434,0,-1
2021471041138,2021,471041138,1,9,0,18,19,3,7,0,0,1,0,0,0,0,2,1,1,1,1,60,9,1997,2,3,FORD GALAXY,4,E01031551,0,-1
2021622100267,2021,622100267,1,9,0,5,5,4,8,0,0,4,0,0,0,0,1,1,6,6,1,49,8,1997,2,6,FORD GALAXY,2,W01001271,0,-1
2021522106277,2021,522106277,1,9,0,18,19,5,2,0,0,8,0,0,0,0,2,1,6,6,2,32,6,1997,2,14,FORD GALAXY,3,E01014600,0,-1
2021302101394,2021,302101394,1,9,0,7,7,6,8,0,0,8,0,0,0,0,3,1,6,6,1,34,6,1997,2,12,FORD GALAXY,3,E01019531,0,-1
2021010309312,2021,010309312,1,9,0,4,4,1,5,0,0,2,0,0,0,0,2,1,2,2,2,64,9,1997,2,6,FORD GALAXY,3,E01000465,0,-1
2021010310845,2021,010310845,1,9,0,13,13,5,1,0,0,8,0,0,0,0,3,1,6,6,1,33,6,1997,2,9,FORD GALAXY,3,E01021840,0,-1
2021010331962,2021,010331962,1,8,0,5,5,3,7,0,0,3,0,0,0,0,1,1,1,1,1,53,8,1997,2,3,FORD GALAXY,3,E01000947,0,-1
2021201108105,2021,201108105,1,9,0,9,9,8,6,0,0,6,0,0,0,0,4,1,6,6,1,55,8,1997,2,10,FORD GALAXY,6,E01032244,0,-1
2021501105131,2021,501105131,2,9,0,3,3,1,5,0,0,0,0,0,0,0,2,1,1,1,1,50,8,1997,2,5,FORD GALAXY,3,E01020104,0,-1
2021201105032,2021,201105032,2,9,0,18,19,6,2,0,0,8,0,0,0,0,1,1,1,1,1,49,8,1995,2,2,FORD GALAXY,6,E01010133,0,-1
2021010341383,2021,010341383,2,9,0,9,9,4,2,0,0,6,0,0,0,0,1,2,6,6,1,38,7,1997,2,5,FORD GALAXY,2,E01001802,0,-1
2021351116306,2021,351116306,2,9,0,18,19,-1,-1,0,0,1,0,0,0,0,3,1,5,6,1,50,8,1753,2,15,FORD GALAXY,8,E01018132,0,-1
2021010289321,2021,010289321,1,9,0,7,7,6,1,0,0,6,0,0,0,0,3,1,2,2,1,57,9,1997,2,4,FORD GALAXY,2,E01001428,0,-1
2021440208180,2021,440208180,2,9,0,18,19,1,5,0,0,0,0,0,0,0,1,1,6,6,1,-1,-1,1997,2,11,FORD GALAXY,-1,-1,0,-1
2021052100221,2021,052100221,1,9,0,9,9,5,3,0,0,5,0,0,0,0,1,1,6,6,1,37,7,1995,2,1,FORD GALAXY,1,E01007122,0,-1
2021522101841,2021,522101841,1,9,0,18,19,2,6,0,0,8,0,0,0,0,1,1,6,6,1,52,8,1896,2,16,FORD GALAXY,10,E01014711,0,-1
2021501090854,2021,501090854,2,9,0,18,19,1,5,0,0,0,0,0,0,0,3,1,5,6,1,45,7,1997,2,7,FORD GALAXY,1,E01020112,0,-1
2021010295157,2021,010295157,1,8,0,99,99,9,9,99,99,9,9,99,9,99,2,9,6,6,1,52,8,1997,2,4,FORD GALAXY,1,E01004311,0,-1
2021010303090,2021,010303090,2,9,0,99,99,9,9,99,99,9,9,99,9,99,9,9,6,6,1,52,8,1997,2,7,FORD GALAXY,3,E01032743,0,-1
2021010312104,2021,010312104,2,8,0,99,99,9,9,99,99,9,9,99,9,99,9,9,6,6,3,74,10,1997,2,3,FORD GALAXY,-1,-1,0,-1
2021070823128,2021,070823128,1,9,0,18,19,1,5,0,0,1,0,0,0,0,1,1,6,6,1,32,6,1753,2,15,FORD GALAXY,2,E01012536,0,-1
2021440380633,2021,440380633,1,9,0,18,19,3,7,0,0,8,0,0,0,0,3,1,6,6,1,40,7,1997,2,10,FORD GALAXY,7,E01022979,0,-1
2021010323346,2021,010323346,1,8,0,14,14,7,3,0,0,0,0,0,0,0,1,1,6,6,1,34,6,1997,2,4,FORD GALAXY,2,E01002784,0,-1
2021141127744,2021,141127744,2,9,0,18,19,8,4,0,0,0,0,0,0,0,3,1,1,1,1,42,7,1753,2,14,FORD GALAXY,4,E01007761,0,-1
2021471064660,2021,471064660,1,9,0,5,5,3,7,0,0,0,0,0,0,0,3,2,5,6,2,56,9,1997,2,10,FORD GALAXY,6,E01020949,0,-1
2021471124448,2021,471124448,4,9,0,18,19,7,3,0,0,0,0,0,0,0,0,1,1,1,1,26,6,1560,2,10,FORD GALAXY,4,E01021177,0,-1
202134WNC4571,2021,34WNC4571,2,9,0,18,19,5,1,0,0,1,0,0,0,0,3,1,6,6,2,75,10,1997,2,4,FORD GALAXY,4,E01032976,0,-1
2021501061703,2021,501061703,1,9,0,18,19,5,1,0,0,8,1,0,0,0,1,1,2,2,1,27,6,1896,2,16,FORD GALAXY,5,E01020101,0,-1
2021010319426,2021,010319426,2,9,0,18,19,3,7,0,0,0,0,0,0,0,1,1,1,1,1,26,6,1997,2,8,FORD GALAXY,4,E01001216,0,-1
2021010353903,2021,010353903,4,9,0,2,2,0,0,0,0,0,0,0,0,0,0,1,6,6,3,-1,-1,1997,2,10,FORD GALAXY,-1,-1,0,-1
2021501105474,2021,501105474,1,9,3,18,19,3,7,0,0,0,1,0,0,0,0,1,5,6,2,55,8,1997,2,13,FORD GALAXY,9,E01031393,0,-1
2021131090678,2021,131090678,1,9,0,9,9,1,5,0,0,5,0,0,0,0,4,1,6,6,1,56,9,1896,2,20,FORD GALAXY,9,E01011844,0,-1
2021161033796,2021,161033796,1,9,0,18,19,5,1,0,0,1,0,0,0,0,4,1,6,6,1,32,6,1896,2,16,FORD GALAXY,1,E01012888,0,-1
2021010302490,2021,010302490,2,9,0,99,99,9,9,99,99,9,9,99,9,99,2,9,6,6,3,43,7,1997,2,10,FORD GALAXY,8,E01004144,0,-1
2021430455819,2021,430455819,2,8,0,18,19,8,4,0,0,8,0,0,0,0,1,1,1,1,1,39,7,1560,2,8,FORD GALAXY,5,E01028441,0,-1
2021401039992,2021,401039992,2,8,0,3,3,4,8,0,0,2,0,0,0,0,2,1,1,1,1,46,8,1997,2,6,FORD GALAXY,10,E01017626,0,-1
2021131050874,2021,131050874,1,9,0,9,9,3,1,0,0,6,0,0,0,0,3,1,5,6,1,75,10,1995,2,2,FORD GALAXY,1,E01010743,0,-1
2021991045324,2021,991045324,2,9,0,10,10,4,2,0,0,1,0,0,0,0,2,1,5,6,1,55,8,1560,2,9,FORD GALAXY,10,-1,0,-1
2021351057235,2021,351057235,3,9,0,2,2,0,0,0,0,6,0,0,0,0,3,1,6,6,3,-1,-1,1997,2,11,FORD GALAXY,-1,-1,0,-1
2021421096336,2021,421096336,2,9,0,4,4,4,7,0,0,8,0,0,0,0,2,1,5,6,2,40,7,1896,2,18,FORD GALAXY,10,E01021939,0,-1
2021010344429,2021,010344429,2,9,0,99,99,9,9,99,99,9,9,99,9,99,9,9,6,6,3,58,9,1997,2,11,FORD GALAXY,4,E01002059,0,-1