collision_index,collision_year,collision_ref_no,vehicle_reference,vehicle_type,towing_and_articulation,vehicle_manoeuvre_historic,vehicle_manoeuvre,vehicle_direction_from,vehicle_direction_to,vehicle_location_restricted_lane_historic,vehicle_location_restricted_lane,junction_location,skidding_and_overturning,hit_object_in_carriageway,vehicle_leaving_carriageway,hit_object_off_carriageway,first_point_of_impact,vehicle_left_hand_drive,journey_purpose_of_driver_historic,journey_purpose_of_driver,sex_of_driver,age_of_driver,age_band_of_driver,engine_capacity_cc,propulsion_code,age_of_vehicle,generic_make_model,driver_imd_decile,lsoa_of_driver,escooter_flag,driver_distance_banding
2021421030372,2021,421030372,2,9,0,5,5,1,5,8,6,0,0,0,0,0,3,1,5,6,2,33,6,1997,2,13,FORD GALAXY,6,E01021334,0,-1
2021201148646,2021,201148646,1,9,0,18,19,5,1,0,0,0,0,0,0,0,1,1,6,6,1,34,6,1997,2,5,FORD GALAXY,2,E01010310,0,-1
2021461185818,2021,461185818,1,9,0,15,15,8,4,0,0,1,0,0,0,0,3,1,6,6,1,24,5,1997,2,11,FORD GALAXY,7,E01024675,0,-1
2021221042914,2021,221042914,2,9,0,18,19,3,7,0,0,8,0,0,0,0,1,1,5,6,1,63,9,1896,2,20,FORD GALAXY,8,E01028765,0,-1
2021991113761,2021,991113761,1,9,0,9,9,3,1,0,0,5,0,0,0,0,4,1,5,6,2,39,7,1997,2,11,FORD GALAXY,1,-1,0,-1
2021010310125,2021,010310125,1,9,0,18,19,5,1,0,0,8,0,0,0,0,1,1,6,6,3,-1,-1,1997,2,10,FORD GALAXY,-1,-1,0,-1
2021041073551,2021,041073551,2,9,0,9,9,3,7,0,0,1,0,0,0,0,2,1,6,6,1,32,6,1997,2,13,FORD GALAXY,3,E01025577,0,-1
2021421030483,2021,421030483,1,9,0,18,19,7,4,0,0,4,0,0,0,0,1,1,5,6,1,75,10,1896,2,15,FORD GALAXY,3,E01021418,0,-1
2021552100292,2021,552100292,2,9,0,4,4,7,3,0,0,0,0,0,0,0,2,1,6,6,1,33,6,1896,2,17,FORD GALAXY,2,E01015288,0,-1
2021010309423,2021,010309423,2,8,0,5,5,1,5,0,0,1,0,0,0,0,1,1,6,6,1,63,9,1997,2,4,FORD GALAXY,6,E01000857,0,-1
2021010346264,2021,010346264,2,9,0,18,19,4,8,0,0,8,0,0,0,0,3,1,1,1,1,31,6,1995,2,0,FORD GALAXY,3,E01002695,0,-1
2021461056749,2021,461056749,1,8,0,18,19,1,5,0,0,0,0,0,0,0,1,1,6,6,3,-1,-1,1997,2,5,FORD GALAXY,1,E01033211,0,-1
2021010333112,2021,010333112,1,9,0,9,9,2,8,0,0,2,0,0,0,0,2,1,1,1,1,50,8,1997,2,5,FORD GALAXY,-1,-1,0,-1
2021201023532,2021,201023532,2,9,0,18,19,4,8,0,0,8,0,0,0,0,3,1,6,6,1,44,7,1997,2,6,FORD GALAXY,1,E01010289,0,-1
2021010311143,2021,010311143,1,9,0,9,9,3,2,0,0,6,0,0,0,0,4,1,1,1,2,26,6,1997,2,12,FORD GALAXY,8,E01000261,0,-1
2021471055513,2021,471055513,2,9,0,18,19,5,1,0,0,1,0,0,0,0,1,1,5,6,2,42,7,1896,2,16,FORD GALAXY,2,E01020990,0,-1
2021430177488,2021,430177488,2,9,0,18,19,8,4,0,0,0,0,0,0,0,1,1,6,6,1,45,7,1997,2,9,FORD GALAXY,-1,-1,0,-1
2021010343369,2021,010343369,2,9,0,99,99,9,9,99,99,9,9,99,9,99,4,9,6,6,3,29,6,1997,2,5,FORD GALAXY,3,E01030362,0,-1
2021010333611,2021,010333611,1,9,0,18,19,1,5,0,0,1,0,0,0,0,1,1,1,1,1,46,8,1997,2,5,FORD GALAXY,-1,-1,0,-1
2021010325221,2021,010325221,2,9,0,99,99,9,9,99,99,9,9,99,9,99,9,9,6,6,3,46,8,1896,2,16,FORD GALAXY,3,E01002048,0,-1
2021131048898,2021,131048898,1,9,0,9,9,8,4,0,0,8,0,0,0,0,1,1,5,6,1,47,8,1997,2,15,FORD GALAXY,1,E01012655,0,-1
2021471050018,2021,471050018,1,9,0,18,19,2,6,0,0,2,0,0,0,0,1,1,1,1,1,35,6,1997,2,9,FORD GALAXY,9,E01031590,0,-1
2021141064333,2021,141064333,2,9,0,16,19,5,1,0,0,0,0,0,0,0,3,1,6,6,2,51,8,1997,2,4,FORD GALAXY,9,E01007956,0,-1
2021010307066,2021,010307066,3,9,0,2,2,0,0,0,0,1,0,0,0,0,1,1,6,6,3,-1,-1,1997,2,8,FORD GALAXY,-1,-1,0,-1
2021320429175,2021,320429175,2,8,0,18,19,8,4,0,0,8,0,0,0,0,4,1,1,1,1,50,8,1997,2,8,FORD GALAXY,-1,-1,0,-1
2021010289675,2021,010289675,2,9,0,99,99,9,9,99,99,9,9,99,9,99,1,9,6,6,1,43,7,1997,2,5,FORD GALAXY,2,E01001705,0,-1
2021131033977,2021,131033977,1,9,0,16,19,4,2,0,0,0,1,0,6,6,1,1,2,2,1,34,6,1896,2,17,FORD GALAXY,2,E01010738,0,-1
2021320729469,2021,320729469,3,9,0,3,3,7,3,0,0,0,0,0,0,0,2,1,6,6,1,34,6,1997,2,10,FORD GALAXY,5,E01026309,0,-1
2021101106235,2021,101106235,1,9,0,18,19,2,6,0,0,0,0,11,0,0,1,1,1,1,2,44,7,1997,2,6,FORD GALAXY,2,E01008338,0,-1
2021552101291,2021,552101291,2,9,0,3,3,1,5,0,0,1,0,0,0,0,2,1,6,6,2,24,5,1997,2,13,FORD GALAXY,5,E01015377,0,-1
2021052102700,2021,052102700,1,9,0,18,19,3,7,0,0,8,1,0,5,10,1,1,6,6,1,36,7,1997,2,7,FORD GALAXY,6,E01007105,0,-1
2021991116194,2021,991116194,8,9,0,13,13,8,3,0,0,0,0,0,0,0,0,1,5,6,1,47,8,1997,2,5,FORD GALAXY,9,-1,0,-1
2021010342262,2021,010342262,2,9,0,99,99,9,9,0,0,0,9,99,9,99,2,9,6,6,3,-1,-1,1997,2,5,FORD GALAXY,-1,-1,0,-1
2021010322082,2021,010322082,2,8,0,99,99,9,9,99,99,9,9,99,9,99,1,9,6,6,3,-1,-1,1997,2,4,FORD GALAXY,-1,-1,0,-1
2021010319016,2021,010319016,2,9,0,99,99,9,9,99,99,9,9,99,9,99,9,9,6,6,3,-1,-1,1997,2,3,FORD GALAXY,-1,-1,0,-1
2021522200560,2021,522200560,4,9,0,18,19,6,2,0,0,0,0,0,0,0,2,1,6,6,1,31,6,1997,2,10,FORD GALAXY,8,E01014981,0,-1
202134WNC0021,2021,34WNC0021,2,9,0,18,19,4,8,0,0,8,0,0,0,0,4,1,6,6,2,44,7,1997,2,10,FORD GALAXY,2,E01027243,0,-1
2021320499066,2021,320499066,1,9,0,18,19,5,1,0,0,0,0,0,0,0,1,1,6,6,1,52,8,1997,2,6,FORD GALAXY,4,E01001624,0,-1
2021430444191,2021,430444191,3,9,0,18,19,6,2,0,0,2,0,0,0,0,2,1,6,6,2,47,8,1997,2,14,FORD GALAXY,10,E01022872,0,-1
2021552101072,2021,552101072,1,9,0,16,19,2,6,0,0,0,0,0,0,0,1,1,6,6,1,52,8,1997,2,12,FORD GALAXY,3,E01020572,0,-1
2021131086179,2021,131086179,1,9,0,18,19,2,4,0,0,1,0,0,0,0,1,1,5,6,2,39,7,1997,2,8,FORD GALAXY,8,E01010683,0,-1
2021010302997,2021,010302997,1,9,0,18,19,1,5,0,0,1,0,0,0,0,3,1,6,6,1,67,10,2295,1,16,FORD GALAXY,6,E01002674,0,-1
2021451018098,2021,451018098,2,9,0,18,19,7,3,0,0,0,0,0,2,7,2,1,1,1,1,35,6,1560,2,9,FORD GALAXY,10,E01030773,0,-1
2021430103096,2021,430103096,1,9,0,18,19,8,4,0,0,8,0,0,0,0,4,1,2,2,1,45,7,1997,2,7,FORD GALAXY,3,E01016373,0,-1
2021451121137,2021,451121137,1,9,0,9,9,7,1,0,0,0,0,7,1,0,1,1,5,6,2,42,7,1995,2,2,FORD GALAXY,5,E01030974,0,-1
2021010333731,2021,010333731,1,9,0,3,3,3,7,0,0,1,0,0,0,0,2,1,2,2,1,44,7,1997,2,10,FORD GALAXY,3,E01002560,0,-1
2021010333618,2021,010333618,2,9,0,5,5,5,1,0,0,0,0,0,0,0,1,1,1,1,3,57,9,1997,2,3,FORD GALAXY,3,E01002407,0,-1
2021010288439,2021,010288439,1,8,0,99,99,9,9,0,0,0,9,99,9,99,9,9,6,6,1,64,9,1997,2,4,FORD GALAXY,6,E01000180,0,-1
2021010347386,2021,010347386,2,9,0,99,99,9,9,99,99,9,9,99,9,99,9,9,6,6,3,-1,-1,1997,2,6,FORD GALAXY,-1,-1,0,-1
2021010308708,2021,010308708,2,9,9,99,99,9,9,99,99,9,9,99,9,99,1,9,6,6,3,59,9,1997,2,9,FORD GALAXY,8,E01033612,0,-1
2021010287234,2021,010287234,1,9,0,15,15,5,1,0,0,1,0,4,0,0,1,1,6,6,1,14,3,1997,2,9,FORD GALAXY,3,E01000368,0,-1
2021440074604,2021,440074604,1,9,0,13,13,3,7,0,0,0,0,0,0,0,4,1,6,6,1,43,7,1997,2,13,FORD GALAXY,8,E01022652,0,-1
2021010336532,2021,010336532,1,9,0,18,19,1,5,0,0,1,0,0,0,0,1,1,1,1,1,49,8,1997,2,3,FORD GALAXY,5,E01000994,0,-1
2021010288825,2021,010288825,1,8,0,18,19,6,2,0,0,1,0,0,0,0,1,1,1,1,1,66,10,1997,2,3,FORD GALAXY,2,E01003947,0,-1
2021010328560,2021,010328560,2,9,0,9,9,5,3,0,0,5,0,0,0,0,1,1,6,6,3,-1,-1,1997,2,12,FORD GALAXY,-1,-1,0,-1
2021010316805,2021,010316805,2,9,0,99,99,9,9,99,99,9,9,99,9,99,1,9,6,6,3,-1,-1,1997,2,9,FORD GALAXY,-1,-1,0,-1
2021451096644,2021,451096644,2,9,0,18,19,6,8,0,0,0,0,11,0,0,1,1,5,6,1,39,7,1997,2,10,FORD GALAXY,3,E01002612,0,-1
2021430240585,2021,430240585,1,8,0,18,19,3,7,0,0,0,0,7,0,0,1,1,6,6,1,44,7,1997,2,6,FORD GALAXY,5,E01015748,0,-1
2021451026133,2021,451026133,1,9,0,4,4,5,1,0,0,1,0,0,0,0,2,1,5,6,1,43,7,1997,2,5,FORD GALAXY,6,E01030995,0,-1
2021010317145,2021,010317145,2,8,0,99,99,9,9,99,99,9,9,99,9,99,9,9,6,6,1,43,7,1997,2,5,FORD GALAXY,3,E01004437,0,-1
2021141110518,2021,141110518,1,9,0,4,4,1,5,0,0,0,0,0,0,0,2,2,5,6,1,53,8,1997,2,9,FORD GALAXY,4,E01007728,0,-1
2021052100297,2021,052100297,3,9,0,2,2,0,0,0,0,0,0,4,0,0,2,1,6,6,1,46,8,1560,2,10,FORD GALAXY,5,E01007161,0,-1
2021461019875,2021,461019875,1,9,0,8,8,7,3,0,0,1,0,0,0,0,1,1,5,6,1,-1,-1,1997,2,11,FORD GALAXY,6,E01024830,0,-1
2021421030226,2021,421030226,2,9,0,3,3,3,7,0,0,1,0,0,0,0,3,1,2,2,1,55,8,1997,2,14,FORD GALAXY,4,E01015971,0,-1
2021221047201,2021,221047201,2,9,0,18,19,6,2,0,0,0,0,0,0,0,2,1,5,6,1,38,7,1560,2,10,FORD GALAXY,7,E01028950,0,-1
2021010291292,2021,010291292,2,9,0,10,10,3,1,0,0,2,0,0,0,0,1,1,6,6,1,52,8,1997,2,9,FORD GALAXY,1,E01000524,0,-1
2021010311511,2021,010311511,1,8,0,6,6,1,5,0,0,0,0,0,0,0,1,1,6,6,1,19,4,1997,2,8,FORD GALAXY,2,E01002703,0,-1
2021440070698,2021,440070698,1,9,0,18,19,5,1,0,0,0,0,0,1,1,1,1,6,6,1,49,8,1896,2,17,FORD GALAXY,2,E01017155,0,-1
2021010323367,2021,010323367,1,9,0,5,5,5,1,0,0,1,0,0,0,0,2,1,6,6,1,24,5,1997,2,6,FORD GALAXY,3,E01004421,0,-1
2021361118947,2021,361118947,1,9,0,1,1,7,3,0,0,0,0,0,0,0,2,1,5,6,2,55,8,1896,2,16,FORD GALAXY,4,E01026659,0,-1
2021052100868,2021,052100868,2,9,0,2,2,0,0,0,0,1,0,0,0,0,4,1,6,6,3,-1,-1,1997,2,10,FORD GALAXY,-1,-1,0,-1
2021302100839,2021,302100839,1,9,0,18,19,2,6,0,0,8,0,0,0,0,1,1,6,6,1,57,9,1997,2,8,FORD GALAXY,9,E01013540,0,-1
2021430505902,2021,430505902,2,9,0,18,19,2,6,0,0,4,0,0,0,0,1,1,6,6,1,-1,-1,1997,2,11,FORD GALAXY,8,E01016311,0,-1
2021221058697,2021,221058697,2,9,0,18,19,6,2,0,0,0,1,0,0,0,1,1,6,6,2,37,7,1997,2,10,FORD GALAXY,5,E01032340,0,-1
2021544578121,2021,544578121,2,9,0,18,19,6,2,0,0,8,0,0,0,0,4,1,6,6,1,58,9,1560,2,8,FORD GALAXY,9,E01015548,0,-1
2021010341737,2021,010341737,1,9,0,9,9,2,8,0,0,1,0,0,0,0,1,1,3,7,1,38,7,1997,2,13,FORD GALAXY,5,E01003855,0,-1
2021471061486,2021,471061486,1,9,0,18,19,7,3,0,0,0,0,0,0,0,3,1,5,6,2,41,7,1997,2,11,FORD GALAXY,4,E01031795,0,-1
2021361069223,2021,361069223,2,9,0,-1,-1,-1,-1,-1,-1,-1,-1,-1,-1,0,-1,1,6,6,1,-1,-1,1997,2,8,FORD GALAXY,-1,-1,0,-1
2021351073098,2021,351073098,1,9,0,18,19,0,0,0,0,0,0,0,0,0,4,1,1,1,1,51,8,1997,2,7,FORD GALAXY,5,E01029946,0,-1
2021161055924,2021,161055924,1,9,0,4,4,1,5,0,0,1,0,0,0,0,2,1,6,6,1,58,9,1896,2,18,FORD GALAXY,4,E01012319,0,-1
2021010334413,2021,010334413,1,9,0,5,5,5,1,0,0,0,0,0,0,0,0,1,3,7,2,34,6,1997,2,5,FORD GALAXY,4,E01001623,0,-1
2021211079563,2021,211079563,1,9,0,18,19,4,4,0,0,0,2,4,0,0,3,1,5,6,2,72,10,1997,2,13,FORD GALAXY,-1,-1,0,-1
2021471029398,2021,471029398,1,9,0,18,19,4,8,0,0,1,0,0,0,0,1,1,6,6,1,29,6,1997,2,14,FORD GALAXY,3,E01004356,0,-1
2021010351791,2021,010351791,1,8,0,5,5,4,8,0,0,1,0,0,0,0,4,1,1,1,1,27,6,1997,2,5,FORD GALAXY,4,E01003259,0,-1
2021430330603,2021,430330603,1,9,0,18,19,0,0,0,0,6,5,10,2,2,1,1,2,2,1,52,8,1997,2,8,FORD GALAXY,7,E01016680,0,-1
2021010344128,2021,010344128,1,9,0,3,3,1,5,0,0,0,0,0,0,0,1,1,2,2,1,40,7,1997,2,3,FORD GALAXY,3,E01000510,0,-1
2021010310841,2021,010310841,1,5,0,99,99,9,9,99,99,9,9,99,9,99,2,1,6,6,1,47,8,1868,1,1,-1,4,E01001469,0,-1
2021440233054,2021,440233054,1,5,0,18,19,8,4,0,0,0,1,0,0,0,3,1,6,6,1,58,9,1450,1,15,-1,7,E01022503,0,-1
2021471082014,2021,471082014,2,5,0,18,19,7,3,0,0,1,0,0,0,0,1,1,6,6,1,70,10,1690,1,6,-1,2,E01021183,0,-1
202131B066921,2021,31B066921,3,5,0,18,19,4,8,0,0,0,1,0,1,0,1,1,6,6,1,53,8,1690,1,8,-1,8,E01019517,0,-1
2021320226625,2021,320226625,1,5,0,18,19,4,8,0,0,0,5,0,1,0,1,1,6,6,1,56,9,1690,1,1,-1,5,E01013236,0,-1
2021544618021,2021,544618021,1,5,0,4,4,3,7,0,0,0,1,0,0,0,1,1,6,6,1,57,9,1690,1,4,-1,4,E01031980,0,-1
2021131101988,2021,131101988,1,5,0,18,19,4,8,0,0,8,1,0,0,0,0,1,5,6,1,54,8,1312,1,9,-1,8,E01011829,0,-1
2021010313880,2021,010313880,1,3,0,18,19,7,3,0,0,1,1,0,0,0,1,1,6,6,1,54,8,124,1,8,-1,2,E01004746,0,-1
2021052101500,2021,052101500,1,3,0,14,14,1,5,0,0,8,0,0,7,11,1,1,2,2,1,18,4,124,1,7,-1,6,E01007059,0,-1
2021010344465,2021,010344465,1,9,0,18,19,7,3,0,0,1,0,0,0,0,3,1,6,6,1,66,10,998,1,3,KIA STONIC,8,E01002985,0,-1
2021010331874,2021,010331874,2,9,0,99,99,9,9,99,99,9,9,99,9,99,2,9,6,6,3,-1,-1,998,1,2,KIA STONIC,-1,-1,0,-1
2021041116871,2021,041116871,1,9,0,17,19,4,8,0,0,0,1,0,7,0,1,1,1,1,2,52,8,1582,2,4,KIA STONIC,4,E01025392,0,-1
2021221047132,2021,221047132,1,9,0,18,19,2,6,0,0,0,0,0,0,0,1,1,5,6,2,68,10,998,1,1,KIA STONIC,5,E01032414,0,-1
2021361048483,2021,361048483,1,9,0,18,19,4,8,0,0,0,0,0,0,0,1,1,6,6,1,34,6,998,1,2,KIA STONIC,2,E01026478,0,-1
2021122100823,2021,122100823,1,9,0,18,19,5,1,0,0,8,0,0,0,0,1,1,1,1,2,39,7,998,1,2,KIA STONIC,6,E01027637,0,-1
2021201080728,2021,201080728,1,9,0,9,9,6,4,0,0,6,1,0,0,0,1,1,6,6,2,60,9,998,1,3,KIA STONIC,4,E01010149,0,-1
2021471012919,2021,471012919,2,9,0,18,19,6,2,0,0,8,0,0,0,0,1,1,5,6,2,61,9,998,1,1,KIA STONIC,4,E01020915,0,-1
2021031090728,2021,031090728,1,9,0,7,7,6,3,0,0,1,0,0,0,0,3,1,5,6,1,72,10,998,1,0,KIA STONIC,9,E01019162,0,-1
2021320526307,2021,320526307,1,9,0,18,19,4,8,0,0,0,5,0,7,11,1,1,6,6,1,62,9,998,1,3,KIA STONIC,2,E01013283,0,-1
2021302101355,2021,302101355,1,9,0,18,19,4,8,0,0,3,0,0,0,0,1,1,6,6,1,49,8,998,1,0,KIA STONIC,9,E01019850,0,-1
2021622100699,2021,622100699,2,9,0,3,3,2,6,0,0,1,0,0,0,0,2,1,6,6,1,47,8,998,1,2,KIA STONIC,1,W01000836,0,-1
2021111105344,2021,111105344,1,9,0,9,9,1,3,0,0,1,0,0,0,0,2,1,6,6,1,81,11,998,8,0,KIA STONIC,9,E01027747,0,-1
2021101052810,2021,101052810,1,9,0,5,5,6,2,0,0,6,0,0,0,0,1,1,5,6,1,46,8,998,1,1,KIA STONIC,2,E01008189,0,-1
2021351064428,2021,351064428,1,9,0,9,9,2,8,0,0,1,0,0,0,0,1,1,5,6,2,64,9,998,1,1,KIA STONIC,6,E01026707,0,-1
2021501118049,2021,501118049,2,9,0,2,2,7,5,0,0,1,0,0,0,0,4,1,6,6,2,48,8,998,1,1,KIA STONIC,1,E01015151,0,-1
2021131101755,2021,131101755,1,9,0,-1,-1,-1,-1,-1,-1,0,-1,-1,-1,-1,4,1,6,6,3,-1,-1,998,1,3,KIA STONIC,-1,-1,0,-1
2021201126748,2021,201126748,1,9,0,1,1,2,6,0,0,1,0,0,0,0,2,1,6,6,3,-1,-1,1368,1,3,KIA STONIC,-1,-1,0,-1
2021430517799,2021,430517799,2,9,0,17,19,3,8,0,0,8,5,0,0,0,4,1,6,6,1,23,5,998,1,0,KIA STONIC,4,E01028532,0,-1
2021302100290,2021,302100290,1,9,0,9,9,6,2,0,0,1,0,0,0,0,1,1,2,2,1,57,9,1582,2,4,KIA STONIC,9,E01028059,0,-1
2021041157102,2021,041157102,2,9,0,18,19,5,3,0,0,8,0,0,1,0,3,1,1,1,1,65,9,998,1,2,KIA STONIC,5,E01025252,0,-1
2021010293892,2021,010293892,1,9,0,18,19,5,1,0,0,1,0,0,0,0,2,2,6,6,1,18,4,998,1,2,KIA STONIC,8,E01030732,0,-1
2021451031121,2021,451031121,2,9,0,2,2,7,3,0,0,0,0,0,0,0,1,1,6,6,3,-1,-1,998,1,1,KIA STONIC,-1,-1,0,-1
2021361103789,2021,361103789,1,9,0,18,19,4,8,0,0,0,0,0,1,10,1,1,5,6,2,42,7,998,1,0,KIA STONIC,8,E01026558,0,-1
2021401121971,2021,401121971,1,9,0,9,9,4,8,0,0,8,0,11,1,10,4,1,5,6,1,53,8,998,1,1,KIA STONIC,5,E01017597,0,-1
2021461081437,2021,461081437,2,9,0,2,2,0,0,9,9,0,0,0,0,0,3,1,6,6,2,62,9,998,1,3,KIA STONIC,10,E01024147,0,-1
2021421077485,2021,421077485,3,9,0,4,4,7,3,0,0,0,0,0,0,0,2,1,5,6,2,55,8,998,1,3,KIA STONIC,2,E01021711,0,-1
2021131106009,2021,131106009,1,9,0,18,19,5,1,9,9,0,0,0,1,11,3,1,5,6,1,31,6,998,1,2,KIA STONIC,1,E01011339,0,-1
2021471065409,2021,471065409,1,9,0,18,19,8,4,0,0,8,0,0,0,0,1,1,6,6,1,32,6,998,8,0,KIA STONIC,-1,-1,0,-1
2021161034401,2021,161034401,1,9,0,18,19,5,1,0,0,1,0,4,0,0,1,1,5,6,1,78,11,1582,2,3,KIA STONIC,3,E01013254,0,-1
2021522105268,2021,522105268,2,9,0,3,3,3,7,0,0,0,0,0,0,0,2,1,6,6,2,49,8,998,1,1,KIA STONIC,5,E01014518,0,-1
2021131106515,2021,131106515,1,9,0,7,7,1,5,0,0,6,0,10,1,11,1,1,5,6,1,87,11,998,1,1,KIA STONIC,5,E01010729,0,-1
2021131076725,2021,131076725,2,9,0,18,19,5,5,0,0,0,0,0,0,0,1,1,5,6,2,40,7,1368,1,3,KIA STONIC,4,E01020646,0,-1
2021302101671,2021,302101671,1,9,0,5,5,2,4,0,0,6,0,0,0,0,1,1,6,6,1,19,4,998,8,0,KIA STONIC,3,E01009969,0,-1
2021141120489,2021,141120489,1,9,0,18,19,4,8,0,0,0,0,0,0,0,1,1,5,6,1,54,8,998,1,0,KIA STONIC,1,E01008085,0,-1
2021010310912,2021,010310912,2,9,0,2,2,0,0,0,0,0,0,0,0,0,2,1,6,6,3,-1,-1,998,1,1,KIA STONIC,-1,-1,0,-1
2021010301704,2021,010301704,2,9,0,7,7,2,5,0,0,1,0,0,0,0,2,1,6,6,1,38,7,998,1,3,KIA STONIC,9,E01000687,0,-1
202131A098021,2021,31A098021,1,9,0,13,13,2,6,0,0,1,0,0,0,0,1,1,1,1,2,22,5,998,1,1,KIA STONIC,2,E01027958,0,-1
2021221015392,2021,221015392,2,9,0,17,19,4,8,0,0,0,0,0,0,0,1,1,2,2,1,56,9,1582,2,3,KIA STONIC,5,E01028881,0,-1
2021122100518,2021,122100518,1,9,0,3,3,1,3,0,0,4,0,0,0,0,2,1,6,6,1,66,10,1368,1,3,KIA STONIC,5,E01027785,0,-1
2021061048422,2021,061048422,1,9,0,18,19,1,5,0,0,1,0,0,0,0,1,1,6,6,2,30,6,998,1,1,KIA STONIC,1,E01005004,0,-1
2021461030649,2021,461030649,1,9,0,18,19,7,3,0,0,0,0,0,0,0,1,1,3,7,1,70,10,998,1,1,KIA STONIC,6,E01024546,0,-1
2021991066555,2021,991066555,1,9,0,18,19,1,5,0,0,0,0,0,0,0,1,1,6,6,2,75,10,998,1,1,KIA STONIC,2,-1,0,-1
2021411042490,2021,411042490,1,9,0,13,13,6,2,0,0,8,2,0,1,4,2,1,3,7,1,66,10,998,1,4,KIA STONIC,4,E01015810,0,-1
2021131052626,2021,131052626,1,9,0,18,19,4,6,0,0,1,0,0,0,0,1,1,5,6,1,64,9,998,1,3,KIA STONIC,9,E01007475,0,-1
2021361067580,2021,361067580,1,9,0,16,19,2,6,9,9,2,1,0,7,0,1,1,2,2,1,26,6,998,1,2,KIA STONIC,4,E01026884,0,-1
2021111096337,2021,111096337,2,9,0,2,2,0,0,9,9,0,0,0,0,0,3,1,3,7,2,40,7,998,1,1,KIA STONIC,5,E01012338,0,-1
2021161093372,2021,161093372,1,9,0,18,19,6,2,0,0,8,0,0,0,0,2,1,6,6,2,55,8,998,1,1,KIA STONIC,6,E01007787,0,-1
202134NNC7121,2021,34NNC7121,1,9,0,7,7,1,3,0,0,2,1,4,0,0,1,1,6,6,1,64,9,998,1,2,KIA STONIC,6,E01027311,0,-1
2021471073980,2021,471073980,1,9,0,13,13,5,1,0,0,8,0,0,0,0,4,1,6,6,2,75,10,998,8,0,KIA STONIC,10,E01031710,0,-1
2021041072074,2021,041072074,2,9,0,3,3,4,8,0,0,1,1,0,1,0,2,1,5,6,1,69,10,1368,1,2,KIA STONIC,7,E01025014,0,-1
2021141018178,2021,141018178,3,9,0,2,2,0,0,0,0,1,0,4,0,0,4,1,6,6,3,-1,-1,998,1,1,KIA STONIC,-1,-1,0,-1
2021351128404,2021,351128404,1,9,0,18,19,5,1,0,0,1,0,0,0,0,1,1,6,6,1,26,6,998,1,2,KIA STONIC,2,E01015596,0,-1
2021041072824,2021,041072824,1,9,0,18,19,3,7,0,0,1,0,0,0,0,1,1,2,2,2,20,4,1368,1,3,KIA STONIC,4,E01025308,0,-1
2021440290709,2021,440290709,2,4,0,18,19,3,7,0,0,8,0,0,0,0,1,1,6,6,1,57,9,350,1,7,-1,10,E01022694,0,-1
2021052100453,2021,052100453,1,9,0,8,8,1,5,0,0,1,0,0,0,0,1,1,6,6,1,78,11,1490,1,2,-1,3,E01006944,0,-1
2021461116534,2021,461116534,3,9,0,18,19,3,7,0,0,0,0,0,0,0,1,1,6,6,1,53,8,1490,1,2,-1,6,E01015978,0,-1
2021201108228,2021,201108228,1,9,0,18,19,7,3,0,0,0,5,4,0,0,1,1,3,7,1,33,6,1498,1,5,-1,7,E01010157,0,-1
2021544231021,2021,544231021,1,9,0,18,19,7,3,0,0,0,1,0,1,11,4,1,6,6,2,73,10,1490,1,4,-1,6,E01031889,0,-1
2021461064311,2021,461064311,5,9,0,18,19,3,7,0,0,0,0,0,0,0,2,1,6,6,1,56,9,1490,1,3,-1,9,E01024268,0,-1
2021552200037,2021,552200037,2,9,0,18,19,6,2,0,0,0,0,0,0,0,1,1,6,6,2,40,7,1985,1,31,-1,9,E01015453,0,-1
2021361079816,2021,361079816,1,9,5,18,19,7,3,0,0,0,0,0,0,0,3,1,5,6,1,80,11,1985,1,24,-1,5,E01026718,0,-1
2021101069311,2021,101069311,1,9,3,18,19,4,1,0,0,0,3,0,1,4,1,1,5,6,1,59,9,1985,1,26,-1,-1,-1,0,-1
2021552101171,2021,552101171,2,3,0,3,3,3,7,0,0,1,0,0,0,0,2,1,6,6,1,17,4,125,1,5,-1,5,E01020518,0,-1
2021461080291,2021,461080291,3,3,0,18,19,7,3,0,0,0,0,0,0,0,1,1,6,6,1,20,4,125,1,7,-1,8,E01024603,0,-1
2021430468734,2021,430468734,2,3,0,18,19,7,3,0,0,8,0,0,0,0,4,1,6,6,1,18,4,125,1,11,-1,8,E01028689,0,-1
2021991121988,2021,991121988,1,3,0,18,19,4,8,0,0,0,0,0,0,0,0,1,2,2,1,19,4,125,1,12,-1,8,-1,0,-1
2021361030196,2021,361030196,1,9,0,-1,-1,-1,-1,-1,-1,0,-1,-1,-1,0,-1,1,6,6,1,32,6,1124,1,16,SMART FORFOUR,1,E01026848,0,-1
2021501046703,2021,501046703,2,9,0,18,19,3,7,0,0,1,0,0,0,0,1,1,5,6,1,74,10,898,1,6,SMART FORFOUR,6,E01020241,0,-1