collision_index,collision_year,collision_ref_no,vehicle_reference,vehicle_type,towing_and_articulation,vehicle_manoeuvre_historic,vehicle_manoeuvre,vehicle_direction_from,vehicle_direction_to,vehicle_location_restricted_lane_historic,vehicle_location_restricted_lane,junction_location,skidding_and_overturning,hit_object_in_carriageway,vehicle_leaving_carriageway,hit_object_off_carriageway,first_point_of_impact,vehicle_left_hand_drive,journey_purpose_of_driver_historic,journey_purpose_of_driver,sex_of_driver,age_of_driver,age_band_of_driver,engine_capacity_cc,propulsion_code,age_of_vehicle,generic_make_model,driver_imd_decile,lsoa_of_driver,escooter_flag,driver_distance_banding
2021010324459,2021,010324459,2,4,0,7,7,5,7,0,0,5,0,0,0,0,1,1,6,6,1,42,7,124,1,2,APRILIA TUONO,4,E01001087,0,-1
2021211064869,2021,211064869,1,5,0,9,9,6,2,0,0,0,1,11,2,0,1,1,6,6,1,53,8,1077,1,5,APRILIA TUONO,1,E01010413,0,-1
2021520104773,2021,520104773,1,4,0,3,3,6,2,0,0,4,0,0,0,0,2,1,6,6,1,29,6,1077,1,5,-1,9,E01029258,0,-1
2021031038915,2021,031038915,1,5,0,4,4,8,4,0,0,0,0,0,0,0,1,1,5,6,1,50,8,998,1,17,APRILIA TUONO,7,E01025576,0,-1
2021471114195,2021,471114195,2,5,0,7,7,2,6,0,0,0,2,0,7,0,1,1,5,6,1,39,7,1077,1,5,APRILIA TUONO,8,E01031838,0,-1
2021070617776,2021,070617776,1,4,0,18,19,1,5,0,0,0,1,0,0,0,3,1,6,6,1,50,8,1077,1,3,APRILIA TUONO,3,E01007038,0,-1
2021471083649,2021,471083649,1,5,0,18,19,8,4,0,0,0,1,0,0,0,3,1,5,6,1,42,7,998,1,15,APRILIA TUONO,8,E01024490,0,-1
2021010290249,2021,010290249,1,5,0,99,99,9,9,99,99,9,9,99,9,99,9,1,6,6,1,32,6,998,1,15,APRILIA TUONO,3,E01002780,0,-1
2021302101344,2021,302101344,1,5,0,16,19,8,4,0,0,0,0,0,8,7,3,1,6,6,1,52,8,998,1,18,APRILIA TUONO,2,E01005720,0,-1
2021461041690,2021,461041690,2,5,0,18,19,8,4,0,0,1,0,0,0,0,1,1,6,6,1,43,7,1077,1,2,APRILIA TUONO,8,E01016082,0,-1
2021122100533,2021,122100533,1,3,0,13,13,2,6,0,0,0,0,0,0,0,0,1,6,6,1,56,9,999,1,10,APRILIA TUONO,2,E01007328,0,-1
2021320232267,2021,320232267,1,5,0,17,19,4,8,0,0,1,5,0,1,0,3,1,6,6,1,46,8,998,1,17,APRILIA TUONO,-1,-1,0,-1
2021101029849,2021,101029849,2,5,0,18,19,7,3,0,0,0,0,0,0,0,1,1,6,6,1,30,6,998,1,14,APRILIA TUONO,9,E01008248,0,-1
2021461103362,2021,461103362,1,5,0,18,19,2,6,0,0,0,0,0,0,0,3,1,5,6,1,47,8,998,1,13,APRILIA TUONO,1,E01024649,0,-1
2021461083491,2021,461083491,1,5,0,18,19,6,2,0,0,1,0,0,0,0,1,1,6,6,1,57,9,997,1,14,APRILIA TUONO,5,E01016088,0,-1
2021991080854,2021,991080854,1,5,0,7,7,5,3,0,0,3,0,0,0,0,1,1,2,2,1,33,6,998,1,14,APRILIA TUONO,5,-1,0,-1
2021440334809,2021,440334809,1,5,0,13,13,3,7,0,0,0,0,0,0,0,1,1,6,6,1,58,9,998,1,13,APRILIA TUONO,3,E01017350,0,-1
2021461080002,2021,461080002,2,5,0,5,5,8,3,0,0,0,5,0,0,0,1,1,5,6,1,44,7,998,1,14,APRILIA TUONO,2,E01016110,0,-1
2021111075696,2021,111075696,2,2,0,18,19,3,7,0,0,0,0,0,0,0,4,1,6,6,1,16,4,50,1,17,APRILIA TUONO,5,E01020865,0,-1
2021430111161,2021,430111161,2,3,0,18,19,4,8,0,0,1,0,0,0,0,1,1,1,1,1,21,5,124,1,3,APRILIA TUONO,6,E01028813,0,-1
2021141085024,2021,141085024,2,5,0,18,19,2,6,0,0,1,0,0,1,0,0,1,5,6,1,52,8,1077,1,1,APRILIA TUONO,1,E01007372,0,-1
2021440412997,2021,440412997,2,5,0,18,19,6,2,0,0,1,0,0,0,0,1,1,6,6,1,68,10,1584,1,12,-1,6,E01022824,0,-1
2021440219028,2021,440219028,1,9,0,18,19,5,2,0,0,8,0,0,0,0,4,1,6,6,1,52,8,1725,1,-1,-1,8,E01023090,0,-1
2021138421315,2021,138421315,1,9,0,9,9,1,5,0,0,0,0,0,0,0,1,1,6,6,1,71,10,2199,2,5,HYUNDAI SANTA FE,-1,-1,0,-1
2021010304777,2021,010304777,1,9,0,99,99,9,9,0,0,0,9,99,9,99,2,9,6,6,2,31,6,2199,2,3,HYUNDAI SANTA FE,10,E01023454,0,-1
2021440368047,2021,440368047,1,9,0,18,19,1,5,0,0,0,0,0,0,0,4,1,6,6,1,77,11,2199,2,3,HYUNDAI SANTA FE,9,E01022743,0,-1
2021211115908,2021,211115908,1,9,0,11,11,7,3,0,0,0,0,0,0,0,2,1,6,6,2,32,6,2199,2,7,HYUNDAI SANTA FE,4,E01014321,0,-1
2021201147322,2021,201147322,1,9,0,9,9,1,7,0,0,5,0,0,0,0,1,1,6,6,1,50,8,2188,2,15,HYUNDAI SANTA FE,2,E01010287,0,-1
2021161102792,2021,161102792,3,9,0,2,2,0,0,0,0,2,0,0,0,0,1,1,6,6,3,-1,-1,2188,2,14,HYUNDAI SANTA FE,-1,-1,0,-1
2021430543461,2021,430543461,1,9,0,18,19,8,4,0,0,0,0,0,0,0,1,1,6,6,1,72,10,2199,2,6,HYUNDAI SANTA FE,9,E01030723,0,-1
202154B327421,2021,54B327421,1,9,0,5,5,8,4,0,0,2,0,0,0,0,1,1,6,6,2,48,8,2199,2,9,HYUNDAI SANTA FE,8,E01032016,0,-1
2021010334697,2021,010334697,2,9,0,18,19,7,3,0,0,0,0,0,0,0,2,1,6,6,2,40,7,2188,2,15,HYUNDAI SANTA FE,1,E01002038,0,-1
2021010323030,2021,010323030,1,9,0,5,5,2,6,9,9,2,5,10,0,0,3,1,6,6,2,37,7,2199,2,2,HYUNDAI SANTA FE,4,E01004128,0,-1
2021010343288,2021,010343288,1,9,0,18,19,6,2,0,0,1,0,0,0,0,1,1,6,6,1,49,8,2188,2,14,HYUNDAI SANTA FE,7,E01000812,0,-1
2021161035437,2021,161035437,3,9,0,3,3,3,7,0,0,0,0,0,0,0,2,1,5,6,1,68,10,2199,2,9,HYUNDAI SANTA FE,8,E01013033,0,-1
2021010287838,2021,010287838,1,9,0,18,19,1,5,0,0,0,0,0,0,0,3,1,6,6,1,42,7,2199,2,1,HYUNDAI SANTA FE,7,E01002228,0,-1
2021430327519,2021,430327519,1,9,0,4,4,4,8,0,0,2,0,0,0,0,2,1,6,6,1,53,8,2199,2,9,HYUNDAI SANTA FE,5,E01016392,0,-1
2021547923821,2021,547923821,2,9,0,18,19,8,4,0,0,0,0,0,0,0,3,1,6,6,2,68,10,2656,1,17,HYUNDAI SANTA FE,7,E01031866,0,-1
2021302101436,2021,302101436,1,9,0,18,19,2,6,0,0,0,0,0,0,0,4,1,6,6,2,48,8,2199,2,10,HYUNDAI SANTA FE,8,E01019766,0,-1
2021501016135,2021,501016135,2,9,0,17,19,8,3,0,0,0,0,0,0,0,1,1,5,6,1,63,9,2188,2,15,HYUNDAI SANTA FE,9,E01020239,0,-1
2021501127412,2021,501127412,2,9,0,17,19,2,6,0,0,0,0,0,0,0,1,1,3,7,2,35,6,2199,2,7,HYUNDAI SANTA FE,7,E01015250,0,-1
2021552101349,2021,552101349,1,9,0,7,7,2,4,0,0,6,0,0,0,0,3,1,6,6,1,82,11,2188,2,13,HYUNDAI SANTA FE,7,E01015425,0,-1
2021041106856,2021,041106856,3,9,0,10,10,3,1,0,0,8,0,0,0,0,1,1,5,6,1,26,6,2199,2,3,HYUNDAI SANTA FE,-1,-1,0,-1
2021010343532,2021,010343532,2,9,0,99,99,9,9,99,99,9,9,99,9,99,1,9,6,6,3,-1,-1,2188,2,14,HYUNDAI SANTA FE,4,E01001176,0,-1
2021522102672,2021,522102672,2,9,0,9,9,1,7,0,0,8,0,0,0,0,1,1,6,6,3,-1,-1,1991,2,16,HYUNDAI SANTA FE,-1,-1,0,-1
2021421028654,2021,421028654,1,9,0,18,19,6,2,0,0,0,0,0,0,0,4,1,5,6,1,65,9,2199,2,9,HYUNDAI SANTA FE,2,E01021998,0,-1
2021302101600,2021,302101600,2,9,0,18,19,8,4,0,0,0,0,0,0,0,1,1,6,6,1,61,9,2199,2,5,HYUNDAI SANTA FE,7,E01019424,0,-1
2021131108799,2021,131108799,1,9,0,-1,-1,-1,-1,-1,-1,8,-1,-1,-1,0,-1,1,6,6,3,-1,-1,2199,2,4,HYUNDAI SANTA FE,-1,-1,0,-1
2021131036592,2021,131036592,2,9,0,4,4,5,1,0,0,0,0,0,0,0,2,1,5,6,1,38,7,2199,2,5,HYUNDAI SANTA FE,8,E01010931,0,-1
2021010341236,2021,010341236,1,9,0,99,99,9,9,99,99,9,9,99,9,99,9,9,6,6,1,47,8,2199,2,2,HYUNDAI SANTA FE,5,E01000268,0,-1
2021522102496,2021,522102496,2,9,0,3,3,4,8,0,0,1,0,0,0,0,2,1,6,6,2,25,5,2199,2,5,HYUNDAI SANTA FE,4,E01014928,0,-1
2021141084432,2021,141084432,4,9,0,18,19,5,1,0,0,0,0,0,0,0,1,1,5,6,2,63,9,2199,2,8,HYUNDAI SANTA FE,7,E01007468,0,-1
2021010291336,2021,010291336,2,9,0,1,1,4,7,9,9,6,0,0,0,0,2,1,3,7,1,42,7,2199,2,10,HYUNDAI SANTA FE,10,E01002419,0,-1
2021010315469,2021,010315469,2,9,0,18,19,2,6,0,0,1,0,0,0,0,1,1,6,6,2,41,7,2199,2,1,HYUNDAI SANTA FE,7,E01000258,0,-1
2021461051884,2021,461051884,1,9,0,7,7,2,3,0,0,6,0,0,0,0,3,1,5,6,1,21,5,2199,2,10,HYUNDAI SANTA FE,8,E01024839,0,-1
2021231107172,2021,231107172,1,9,0,18,19,6,2,0,0,0,0,0,0,0,3,1,6,6,1,44,7,2656,1,18,HYUNDAI SANTA FE,-1,-1,0,-1
2021351029603,2021,351029603,1,9,0,15,15,3,7,0,0,0,0,0,0,0,4,1,6,6,1,74,10,2199,2,3,HYUNDAI SANTA FE,9,E01018202,0,-1
2021231057624,2021,231057624,1,9,0,18,19,8,4,0,0,0,0,0,0,0,1,1,5,6,2,34,6,2199,2,4,HYUNDAI SANTA FE,10,E01010231,0,-1
2021141031117,2021,141031117,1,9,0,18,19,3,7,0,0,0,0,0,0,0,2,1,5,6,2,36,7,2199,2,5,HYUNDAI SANTA FE,3,E01013944,0,-1
2021111131442,2021,111131442,1,9,0,18,19,4,8,0,0,1,0,0,0,0,2,1,5,6,2,24,5,1991,2,16,HYUNDAI SANTA FE,8,E01012309,0,-1
2021302100565,2021,302100565,4,9,0,2,2,0,0,0,0,1,0,0,0,0,3,1,6,6,3,-1,-1,2199,2,11,HYUNDAI SANTA FE,-1,-1,0,-1
2021010312680,2021,010312680,3,9,0,7,7,1,4,0,0,3,0,0,0,0,3,1,6,6,1,49,8,2199,2,5,HYUNDAI SANTA FE,5,E01003224,0,-1
2021201131842,2021,201131842,1,9,0,7,7,4,6,0,0,6,0,0,0,0,4,1,6,6,1,61,9,2656,1,14,HYUNDAI SANTA FE,3,E01009701,0,-1
2021122100965,2021,122100965,2,9,0,18,19,1,5,0,0,1,0,0,0,0,1,1,2,2,2,33,6,2199,2,9,HYUNDAI SANTA FE,7,E01027745,0,-1
2021471094848,2021,471094848,1,9,0,18,19,1,5,0,0,0,1,0,7,4,1,1,2,2,2,39,7,2199,2,9,HYUNDAI SANTA FE,6,E01016887,0,-1
2021221130902,2021,221130902,3,9,0,17,19,2,7,0,0,1,0,0,0,0,1,1,5,6,2,44,7,2199,2,4,HYUNDAI SANTA FE,5,E01014021,0,-1
2021010332339,2021,010332339,2,9,0,9,9,5,3,0,0,5,0,0,0,0,1,1,6,6,1,53,8,2199,2,9,HYUNDAI SANTA FE,7,E01000986,0,-1
2021161076710,2021,161076710,2,9,0,6,6,3,7,0,0,1,0,0,0,0,3,1,5,6,1,77,11,2199,2,11,HYUNDAI SANTA FE,2,E01013237,0,-1
2021070609220,2021,070609220,1,9,0,4,4,1,5,0,0,4,0,0,0,0,1,1,6,6,2,32,6,2188,2,13,HYUNDAI SANTA FE,3,E01005241,0,-1
2021451031860,2021,451031860,2,9,0,2,2,7,3,0,0,0,0,0,0,0,2,1,2,2,1,21,5,1991,2,15,HYUNDAI SANTA FE,8,E01024024,0,-1
2021170S30101,2021,170S30101,1,9,0,17,19,8,6,0,0,8,0,0,0,0,4,1,6,6,1,73,10,2199,2,10,HYUNDAI SANTA FE,9,E01012237,0,-1
2021302101761,2021,302101761,1,9,0,1,1,0,0,0,0,0,0,0,0,0,2,1,6,6,2,62,9,2199,2,11,HYUNDAI SANTA FE,10,E01032614,0,-1
2021501064226,2021,501064226,1,9,0,16,19,4,7,0,0,0,5,0,8,0,1,1,5,6,1,73,10,2199,2,4,HYUNDAI SANTA FE,4,E01005494,0,-1
2021010342371,2021,010342371,2,9,0,18,19,7,3,0,0,2,0,0,0,0,1,1,6,6,1,61,9,2199,2,4,HYUNDAI SANTA FE,10,E01018266,0,-1
2021421110109,2021,421110109,3,9,0,18,19,3,7,0,0,0,1,0,1,0,1,1,5,6,2,42,7,2199,2,9,HYUNDAI SANTA FE,7,E01021902,0,-1
2021010314455,2021,010314455,2,9,0,99,99,9,9,99,99,9,9,99,9,99,2,9,6,6,2,66,10,2199,2,2,HYUNDAI SANTA FE,8,E01000233,0,-1
2021131099831,2021,131099831,1,9,0,18,19,1,1,0,0,0,0,0,0,0,4,1,5,6,1,45,7,2199,2,4,HYUNDAI SANTA FE,6,E01011083,0,-1
2021371099862,2021,371099862,1,9,0,11,11,5,1,0,0,3,0,0,0,0,0,1,5,6,2,41,7,2188,2,15,HYUNDAI SANTA FE,1,E01030291,0,-1
2021010287880,2021,010287880,1,9,0,9,9,5,3,0,0,5,0,0,0,0,1,1,6,6,1,37,7,2199,2,5,HYUNDAI SANTA FE,8,E01002206,0,-1
2021461016239,2021,461016239,2,9,0,18,19,3,7,0,0,1,0,0,0,0,1,1,5,6,2,38,7,2199,2,7,HYUNDAI SANTA FE,7,E01024798,0,-1
2021052102673,2021,052102673,2,9,0,8,8,3,4,0,0,1,0,0,0,0,3,1,6,6,1,73,10,1991,2,16,HYUNDAI SANTA FE,-1,-1,0,-1
2021501028761,2021,501028761,2,9,0,2,2,0,0,0,0,0,0,0,0,0,4,1,5,6,1,44,7,2188,2,13,HYUNDAI SANTA FE,1,E01015087,0,-1
2021010331328,2021,010331328,2,9,0,4,4,5,1,0,0,1,0,0,0,0,1,1,6,6,1,35,6,2199,2,9,HYUNDAI SANTA FE,2,E01004349,0,-1
2021010292745,2021,010292745,1,9,0,99,99,9,9,99,99,9,9,99,9,99,2,9,6,6,2,48,8,2199,2,11,HYUNDAI SANTA FE,3,E01004066,0,-1
2021430576337,2021,430576337,1,9,0,18,19,3,7,0,0,0,0,0,0,0,1,1,6,6,2,33,6,2199,2,9,HYUNDAI SANTA FE,-1,-1,0,-1
2021401068616,2021,401068616,1,9,0,4,4,7,3,0,0,7,0,0,0,0,2,1,5,6,1,60,9,2199,2,7,HYUNDAI SANTA FE,2,E01002505,0,-1
2021052100442,2021,052100442,2,9,0,9,9,1,5,0,0,8,0,0,0,0,4,1,6,6,2,43,7,2199,2,9,HYUNDAI SANTA FE,1,E01006562,0,-1
2021201124482,2021,201124482,2,9,0,4,4,2,6,0,0,1,0,0,0,0,2,1,1,1,1,56,9,2199,2,9,HYUNDAI SANTA FE,2,E01010405,0,-1
2021010348310,2021,010348310,2,9,0,18,19,2,6,0,0,0,0,0,0,0,2,1,6,6,1,38,7,2199,2,6,HYUNDAI SANTA FE,5,E01000284,0,-1
2021522102628,2021,522102628,1,9,0,18,19,1,5,0,0,8,0,0,0,0,4,1,6,6,1,69,10,2199,2,6,HYUNDAI SANTA FE,7,E01014945,0,-1
2021052101416,2021,052101416,1,9,0,18,19,4,8,0,0,8,0,0,0,0,1,1,3,7,2,52,8,2199,2,8,HYUNDAI SANTA FE,4,E01006228,0,-1
2021552100501,2021,552100501,2,9,0,10,10,3,2,0,0,5,0,0,0,0,2,1,2,2,2,42,7,2199,2,10,HYUNDAI SANTA FE,6,E01015336,0,-1
2021041090757,2021,041090757,3,9,0,18,19,5,5,0,0,0,0,0,0,0,0,1,6,6,2,52,8,1991,2,18,HYUNDAI SANTA FE,9,E01024967,0,-1
2021141126387,2021,141126387,1,9,0,18,19,8,4,0,0,0,0,0,0,0,3,1,5,6,2,23,5,2199,2,9,HYUNDAI SANTA FE,1,E01007628,0,-1
2021361084264,2021,361084264,2,9,0,16,19,6,2,0,0,0,0,0,0,0,1,1,5,6,2,44,7,2656,1,18,HYUNDAI SANTA FE,6,E01026899,0,-1
2021421096100,2021,421096100,1,9,0,5,5,6,1,0,0,8,0,0,0,0,1,1,5,6,2,41,7,2199,2,7,HYUNDAI SANTA FE,2,E01015934,0,-1
2021461033654,2021,461033654,2,9,0,18,19,1,5,0,0,0,0,0,1,0,1,1,6,6,2,35,6,2199,2,3,HYUNDAI SANTA FE,4,E01000401,0,-1
2021320533124,2021,320533124,2,9,0,2,2,0,0,0,0,0,0,0,0,0,1,1,6,6,3,40,7,2199,2,8,HYUNDAI SANTA FE,-1,-1,0,-1
2021231024230,2021,231024230,1,9,0,17,19,4,1,0,0,0,0,0,0,0,1,1,5,6,1,57,9,2199,2,5,HYUNDAI SANTA FE,6,E01009419,0,-1
2021451099372,2021,451099372,2,9,0,7,7,7,1,0,0,1,0,0,0,0,1,1,5,6,2,50,8,2199,2,7,HYUNDAI SANTA FE,7,E01030502,0,-1
202131D080821,2021,31D080821,1,9,0,18,19,7,3,0,0,0,0,0,0,0,1,1,6,6,1,59,9,2199,2,10,HYUNDAI SANTA FE,2,E01019453,0,-1
2021471063213,2021,471063213,1,9,0,5,5,6,2,8,6,0,0,0,0,0,1,1,6,6,1,-1,-1,2199,2,10,HYUNDAI SANTA FE,3,E01020913,0,-1
202163A018121,2021,63A018121,2,9,0,4,4,7,2,0,0,1,0,0,0,0,2,1,6,6,2,67,10,1598,8,0,HYUNDAI SANTA FE,8,W01000715,0,-1
2021440435242,2021,440435242,2,9,0,2,2,0,0,0,0,2,0,0,0,0,2,1,6,6,3,-1,-1,2199,2,5,HYUNDAI SANTA FE,-1,-1,0,-1
2021010296769,2021,010296769,1,9,0,4,4,1,5,0,0,1,0,0,0,0,1,1,3,7,2,38,7,2199,2,4,HYUNDAI SANTA FE,2,E01003599,0,-1
2021010351658,2021,010351658,2,9,0,18,19,5,1,0,0,6,0,0,0,0,1,1,6,6,3,-1,-1,2188,2,14,HYUNDAI SANTA FE,2,E01015929,0,-1
2021430050637,2021,430050637,2,9,0,2,2,5,1,0,0,0,0,0,0,0,2,1,6,6,1,28,6,2199,2,10,HYUNDAI SANTA FE,4,E01023349,0,-1
2021302100957,2021,302100957,2,9,0,18,19,6,2,0,0,3,0,0,0,0,1,1,6,6,1,26,6,2188,2,13,HYUNDAI SANTA FE,4,E01013459,0,-1
202134WNC4081,2021,34WNC4081,2,9,0,17,19,6,2,0,0,0,0,0,0,0,1,1,6,6,2,39,7,2199,2,5,HYUNDAI SANTA FE,2,E01027243,0,-1
2021010312848,2021,010312848,2,9,0,99,99,9,9,99,99,9,9,99,9,99,9,9,6,6,3,57,9,2199,2,7,HYUNDAI SANTA FE,9,E01000191,0,-1
2021052102872,2021,052102872,1,9,0,4,4,1,5,0,0,0,0,0,0,0,1,1,6,6,1,37,7,2188,2,13,HYUNDAI SANTA FE,1,E01006571,0,-1
2021041047417,2021,041047417,2,9,0,4,4,5,1,0,0,0,0,0,0,0,1,1,5,6,2,58,9,2199,2,5,HYUNDAI SANTA FE,5,E01025395,0,-1
2021161118473,2021,161118473,1,9,0,5,5,5,1,0,0,6,0,0,0,0,1,1,6,6,1,75,10,2656,1,18,HYUNDAI SANTA FE,4,E01013227,0,-1
2021041059931,2021,041059931,2,9,0,18,19,5,1,0,0,8,0,0,0,0,4,1,5,6,2,39,7,2199,2,9,HYUNDAI SANTA FE,3,E01012585,0,-1
2021501067532,2021,501067532,1,9,0,13,13,5,1,0,0,0,0,0,0,0,4,1,5,6,1,61,9,2199,2,11,HYUNDAI SANTA FE,6,E01019058,0,-1
2021010351072,2021,010351072,2,9,0,99,99,9,9,99,99,9,9,99,9,99,9,9,6,6,1,59,9,2188,2,12,HYUNDAI SANTA FE,8,E01016751,0,-1
2021440326470,2021,440326470,1,9,0,3,3,5,1,0,0,0,0,0,0,0,2,1,6,6,2,55,8,2199,2,5,HYUNDAI SANTA FE,-1,-1,0,-1
2021010349089,2021,010349089,2,9,0,2,2,0,0,6,6,8,0,0,0,0,3,1,6,6,3,-1,-1,2188,2,14,HYUNDAI SANTA FE,-1,-1,0,-1
2021131104353,2021,131104353,6,9,3,18,19,3,7,0,0,0,0,0,0,0,3,1,6,6,1,33,6,2199,2,4,HYUNDAI SANTA FE,5,E01024930,0,-1
2021041101555,2021,041101555,1,4,0,18,19,1,5,0,0,1,2,0,0,0,1,1,6,6,1,15,3,350,1,8,-1,6,E01025367,0,-1
2021471104632,2021,471104632,2,3,0,4,4,8,4,0,0,1,0,0,0,0,2,1,1,1,1,31,6,125,1,0,KYMCO AGILITY,5,E01016877,0,-1
2021010304636,2021,010304636,2,3,0,3,3,5,1,0,0,8,0,0,0,0,1,1,2,2,1,22,5,125,1,1,KYMCO AGILITY,5,E01002667,0,-1
2021471011283,2021,471011283,2,3,0,18,19,7,3,0,0,2,0,0,0,0,3,1,1,1,2,33,6,125,1,1,KYMCO AGILITY,5,E01016877,0,-1
2021010298161,2021,010298161,1,3,0,99,99,9,9,99,99,0,9,99,9,99,9,1,6,6,1,29,6,125,1,1,KYMCO AGILITY,2,E01003351,0,-1
2021440228790,2021,440228790,2,3,0,9,9,2,7,0,0,8,1,0,0,0,4,1,6,6,1,17,4,125,1,6,KYMCO AGILITY,1,E01017039,0,-1
2021501132821,2021,501132821,2,2,0,18,19,7,3,0,0,0,5,0,0,0,1,1,6,6,1,17,4,50,1,1,KYMCO AGILITY,1,E01015266,0,-1
2021141041618,2021,141041618,1,3,0,18,19,1,5,0,0,1,0,0,0,0,1,1,2,2,1,22,5,125,1,6,KYMCO AGILITY,1,E01008015,0,-1
2021501084650,2021,501084650,1,3,0,18,19,8,6,0,0,1,0,0,0,0,3,1,5,6,1,20,4,125,1,5,KYMCO AGILITY,5,E01015213,0,-1
2021471097234,2021,471097234,1,3,0,18,19,7,3,0,0,1,0,0,7,0,4,1,5,6,1,26,6,125,1,0,KYMCO AGILITY,3,E01016937,0,-1
2021211046619,2021,211046619,1,3,0,4,4,7,3,0,0,2,1,0,0,0,0,1,1,1,1,34,6,125,1,14,KYMCO AGILITY,4,E01014284,0,-1
2021440170795,2021,440170795,1,3,0,14,14,8,2,0,0,0,0,0,0,0,0,1,6,6,1,21,5,125,1,10,KYMCO AGILITY,3,E01017239,0,-1
2021010346397,2021,010346397,2,2,0,5,5,6,2,0,0,1,0,0,0,0,1,1,6,6,1,26,6,125,1,7,KYMCO AGILITY,2,E01001651,0,-1
2021161084181,2021,161084181,1,3,0,7,7,4,6,0,0,1,1,0,0,0,4,1,5,6,2,49,8,125,1,7,KYMCO AGILITY,1,E01012786,0,-1
2021010346263,2021,010346263,2,3,0,13,13,7,3,0,0,0,0,0,0,0,4,1,2,2,1,45,7,125,1,4,KYMCO AGILITY,5,E01001542,0,-1
2021010345728,2021,010345728,2,3,0,18,19,5,1,0,0,1,5,0,0,0,3,1,1,1,1,50,8,125,1,2,KYMCO AGILITY,3,E01003819,0,-1
2021552101216,2021,552101216,2,3,0,18,19,3,7,0,0,8,0,0,0,0,1,1,1,1,1,42,7,125,1,2,KYMCO AGILITY,5,E01015286,0,-1
2021451016477,2021,451016477,1,3,0,18,19,2,6,0,0,0,0,0,0,0,0,1,1,1,1,35,6,125,1,1,KYMCO AGILITY,3,E01004183,0,-1
2021010308715,2021,010308715,1,3,0,99,99,9,9,99,99,9,9,99,9,99,1,1,2,2,1,66,10,125,1,1,KYMCO AGILITY,4,E01003409,0,-1
2021010293598,2021,010293598,1,3,0,99,99,9,9,99,99,9,9,99,9,99,9,1,6,6,1,33,6,125,1,5,KYMCO AGILITY,5,E01004610,0,-1
2021351134781,2021,351134781,2,3,0,18,19,5,1,0,0,2,0,0,0,0,1,1,6,6,1,36,7,125,1,1,KYMCO AGILITY,8,E01026337,0,-1
2021101091694,2021,101091694,1,3,0,18,19,1,5,0,0,4,1,0,0,0,1,1,6,6,1,18,4,125,1,9,KYMCO AGILITY,-1,-1,0,-1
2021461127514,2021,461127514,2,3,0,9,9,5,3,0,0,0,5,0,0,0,1,1,1,1,1,23,5,125,1,6,KYMCO AGILITY,4,E01024179,0,-1
2021501143214,2021,501143214,1,3,0,4,4,4,8,0,0,0,1,0,8,0,1,1,6,6,1,41,7,125,1,1,KYMCO AGILITY,2,E01020216,0,-1
2021122101506,2021,122101506,1,3,0,5,5,1,5,0,0,1,0,0,0,0,4,1,2,2,2,27,6,125,1,7,KYMCO AGILITY,10,E01013355,0,-1
2021131085998,2021,131085998,1,2,0,13,13,3,7,0,0,0,0,0,0,0,1,1,5,6,1,34,6,125,1,2,KYMCO AGILITY,9,E01011011,0,-1
2021361109779,2021,361109779,1,3,0,7,7,1,4,0,0,1,1,0,0,0,4,1,5,6,2,29,6,125,1,11,KYMCO AGILITY,1,E01026848,0,-1
202131C039021,2021,31C039021,1,2,0,12,12,5,1,0,0,1,0,0,0,0,3,1,6,6,1,32,6,125,1,1,KYMCO AGILITY,4,E01013889,0,-1
2021440083120,2021,440083120,2,3,0,18,19,2,6,0,0,0,0,0,0,0,1,1,6,6,1,33,6,125,1,14,KYMCO AGILITY,1,E01017120,0,-1
2021010319980,2021,010319980,1,2,0,99,99,9,9,99,99,9,9,99,9,99,9,1,6,6,1,32,6,49,1,5,KYMCO AGILITY,3,E01001493,0,-1
2021501040187,2021,501040187,1,9,0,15,15,6,2,0,0,0,0,0,0,0,1,1,1,1,1,23,5,1590,1,30,-1,3,E01018790,0,-1
2021302100467,2021,302100467,1,9,0,17,19,8,6,0,0,0,0,0,0,0,1,1,6,6,1,31,6,1600,1,28,-1,4,E01019710,0,-1
2021430236370,2021,430236370,1,9,0,3,3,2,6,0,0,1,0,0,0,0,2,1,6,6,2,19,4,1598,1,16,MINI ONE,6,E01016704,0,-1
2021461031269,2021,461031269,1,9,0,18,19,7,3,0,0,0,1,0,0,0,1,1,6,6,2,23,5,1397,1,12,MINI ONE,4,E01024048,0,-1
2021231025682,2021,231025682,2,9,0,18,19,6,2,0,0,8,0,0,0,0,4,1,2,2,2,33,6,1598,1,6,MINI ONE,4,E01025666,0,-1
2021070628303,2021,070628303,4,9,0,3,3,3,5,0,0,0,0,1,0,0,1,1,6,6,2,17,4,1598,1,17,MINI ONE,4,E01018726,0,-1
2021010316052,2021,010316052,2,9,0,99,99,9,9,99,99,9,9,99,9,99,2,9,6,6,3,25,5,1198,1,5,MINI ONE,2,E01003183,0,-1
2021421034336,2021,421034336,1,9,0,9,9,3,7,0,0,1,0,0,0,0,1,1,6,6,2,44,7,1598,1,16,MINI ONE,8,E01021749,0,-1
2021501131400,2021,501131400,2,9,0,16,19,4,7,0,0,0,0,0,0,0,0,1,2,2,1,25,5,1598,1,16,MINI ONE,6,E01020161,0,-1