collision_index,collision_year,collision_ref_no,vehicle_reference,vehicle_type,towing_and_articulation,vehicle_manoeuvre_historic,vehicle_manoeuvre,vehicle_direction_from,vehicle_direction_to,vehicle_location_restricted_lane_historic,vehicle_location_restricted_lane,junction_location,skidding_and_overturning,hit_object_in_carriageway,vehicle_leaving_carriageway,hit_object_off_carriageway,first_point_of_impact,vehicle_left_hand_drive,journey_purpose_of_driver_historic,journey_purpose_of_driver,sex_of_driver,age_of_driver,age_band_of_driver,engine_capacity_cc,propulsion_code,age_of_vehicle,generic_make_model,driver_imd_decile,lsoa_of_driver,escooter_flag,driver_distance_banding
2021371146227,2021,371146227,1,9,0,18,19,2,6,0,0,0,0,0,0,0,1,1,5,6,2,37,7,1598,1,17,MINI ONE,9,E01030193,0,-1
2021010331040,2021,010331040,1,9,0,18,19,3,7,0,0,8,0,0,0,0,1,1,6,6,2,48,8,1598,1,15,MINI ONE,4,E01000171,0,-1
2021371119260,2021,371119260,2,9,0,18,19,2,6,0,0,0,1,0,1,0,2,1,5,6,2,30,6,1598,1,7,MINI ONE,3,E01033439,0,-1
2021141102411,2021,141102411,1,9,0,1,1,1,5,0,0,1,0,0,0,0,2,1,5,6,1,43,7,1598,1,18,MINI ONE,1,E01007874,0,-1
2021461030703,2021,461030703,1,9,0,4,4,3,7,0,0,1,0,0,0,0,1,1,3,7,2,30,6,1598,2,8,MINI ONE,7,E01032737,0,-1
2021430021716,2021,430021716,2,9,0,18,19,5,1,0,0,0,0,0,0,0,2,1,6,6,2,40,7,1598,1,6,MINI ONE,10,E01028599,0,-1
2021451110283,2021,451110283,2,9,0,18,19,8,4,0,0,1,0,0,0,0,1,1,5,6,2,73,10,1598,1,8,MINI ONE,10,E01030811,0,-1
2021041122349,2021,041122349,2,9,0,18,19,4,8,0,0,0,0,0,0,0,1,1,1,1,2,34,6,1600,2,10,MINI ONE,3,E01025388,0,-1
2021421130474,2021,421130474,1,9,0,18,19,5,6,0,0,1,0,0,0,0,3,1,6,6,2,53,8,1598,1,19,MINI ONE,2,E01000025,0,-1
2021552100965,2021,552100965,1,9,0,18,19,5,1,9,9,0,0,0,0,0,1,1,6,6,2,21,5,1598,1,15,MINI ONE,5,E01015374,0,-1
2021471021325,2021,471021325,1,9,0,18,19,3,7,0,0,0,5,0,1,0,1,1,1,1,2,28,6,1598,1,18,MINI ONE,7,E01031490,0,-1
2021010340936,2021,010340936,2,9,0,16,19,3,7,0,0,1,1,4,1,0,1,1,6,6,1,26,6,1598,1,9,MINI ONE,2,E01004296,0,-1
2021522104187,2021,522104187,1,9,0,3,3,7,3,0,0,1,0,0,0,0,2,1,6,6,1,47,8,1598,1,8,MINI ONE,7,E01014974,0,-1
2021371053947,2021,371053947,1,9,0,18,19,5,1,0,0,1,0,0,1,0,1,1,5,6,1,17,4,1598,1,18,MINI ONE,5,E01030066,0,-1
2021041116359,2021,041116359,2,9,0,18,19,7,3,0,0,0,0,0,0,0,1,2,3,7,1,34,6,1598,1,18,MINI ONE,4,E01025460,0,-1
2021320740213,2021,320740213,2,9,0,18,19,6,2,0,0,8,0,0,0,0,1,1,6,6,1,22,5,1598,1,17,MINI ONE,5,E01026241,0,-1
2021461060253,2021,461060253,1,9,0,7,7,1,5,0,0,0,0,0,0,0,4,1,6,6,2,18,4,1397,1,13,MINI ONE,10,E01024829,0,-1
2021461101427,2021,461101427,2,9,0,2,2,0,0,9,9,0,0,0,0,0,2,1,5,6,3,-1,-1,1499,1,2,MINI ONE,-1,-1,0,-1
2021070348556,2021,070348556,1,9,0,7,7,8,4,0,0,0,0,4,0,0,3,2,6,6,3,-1,-1,1598,1,18,MINI ONE,-1,-1,0,-1
2021041042717,2021,041042717,1,9,0,18,19,1,5,0,0,0,0,0,1,7,1,1,2,2,2,37,7,1598,1,18,MINI ONE,3,E01025368,0,-1
2021451069096,2021,451069096,2,9,0,18,19,5,1,0,0,8,0,0,7,6,4,1,5,6,2,24,5,1598,1,16,MINI ONE,8,E01030708,0,-1
2021520105472,2021,520105472,2,9,0,4,4,1,5,0,0,1,0,0,0,0,1,1,6,6,3,40,7,1598,1,17,MINI ONE,-1,-1,0,-1
2021101069406,2021,101069406,2,9,0,3,3,4,8,0,0,0,0,0,0,0,2,1,5,6,2,24,5,1499,1,2,MINI ONE,2,E01027551,0,-1
2021041015090,2021,041015090,2,9,0,18,19,1,5,0,0,0,1,0,1,4,0,1,3,7,2,38,7,1598,1,18,MINI ONE,-1,-1,0,-1
2021501046745,2021,501046745,3,9,0,4,4,4,7,0,0,0,0,0,0,0,2,1,5,6,1,65,9,1499,1,2,MINI ONE,10,E01017755,0,-1
2021010339210,2021,010339210,1,9,0,18,19,1,5,0,0,8,1,10,0,0,1,1,6,6,1,46,8,1598,1,18,MINI ONE,7,E01021857,0,-1
202163D021921,2021,63D021921,2,9,0,2,2,0,0,0,0,0,0,0,0,0,2,1,6,6,2,60,9,1598,1,10,MINI ONE,8,W01000476,0,-1
2021320298556,2021,320298556,1,9,0,18,19,5,1,0,0,1,0,0,0,0,1,1,6,6,2,81,11,1598,1,9,MINI ONE,8,E01013805,0,-1
2021010321427,2021,010321427,2,9,0,9,9,6,4,0,0,1,0,0,0,0,2,1,6,6,1,67,10,1598,1,16,MINI ONE,4,E01004348,0,-1
2021471046844,2021,471046844,2,9,0,16,19,6,1,0,0,0,0,0,0,0,2,2,5,6,1,85,11,1598,1,16,MINI ONE,5,E01024025,0,-1
2021010298399,2021,010298399,2,9,0,99,99,9,9,99,99,9,9,99,9,99,9,9,6,6,3,23,5,1598,1,8,MINI ONE,1,E01002852,0,-1
2021471036614,2021,471036614,2,9,0,10,10,4,2,0,0,1,0,0,0,0,2,1,5,6,1,26,6,1598,1,16,MINI ONE,9,E01031391,0,-1
2021201028700,2021,201028700,2,9,0,18,19,6,2,0,0,0,0,0,0,0,4,1,6,6,1,50,8,1598,2,9,MINI ONE,3,E01010018,0,-1
2021440349015,2021,440349015,1,9,0,18,19,5,1,0,0,0,0,0,0,0,1,1,2,2,2,22,5,1598,1,8,MINI ONE,9,E01023275,0,-1
2021231049248,2021,231049248,2,9,0,9,9,8,6,0,0,5,0,0,0,0,3,1,5,6,2,29,6,1598,1,9,MINI ONE,5,E01031242,0,-1
2021546105221,2021,546105221,2,9,0,4,4,3,1,0,0,1,0,0,0,0,2,1,6,6,1,27,6,1598,1,16,MINI ONE,6,E01032011,0,-1
2021010331482,2021,010331482,3,9,0,3,3,6,2,0,0,8,0,0,0,0,1,1,6,6,3,-1,-1,1598,1,9,MINI ONE,-1,-1,0,-1
2021122101237,2021,122101237,1,9,0,18,19,8,3,0,0,0,5,0,0,0,4,1,6,6,2,18,4,1397,1,14,MINI ONE,8,E01012008,0,-1
2021010301410,2021,010301410,1,9,0,5,5,7,3,0,0,2,0,0,0,0,1,1,6,6,2,23,5,1598,1,13,MINI ONE,-1,-1,0,-1
2021421062348,2021,421062348,2,9,0,18,19,2,5,0,0,0,0,0,0,0,2,1,6,6,2,45,7,1598,2,7,MINI ONE,8,E01021347,0,-1
2021201148084,2021,201148084,1,9,0,18,19,2,6,0,0,1,0,0,0,0,1,1,6,6,2,-1,-1,1598,1,15,MINI ONE,-1,-1,0,-1
2021610046021,2021,610046021,1,9,0,18,19,5,6,0,0,1,0,0,0,7,1,1,6,6,2,36,7,1397,1,14,MINI ONE,4,W01000901,0,-1
2021070029598,2021,070029598,1,9,0,18,19,6,2,0,0,0,1,0,1,1,1,1,2,2,1,60,9,1364,2,18,MINI ONE,3,E01012522,0,-1
2021010314313,2021,010314313,1,9,0,7,7,4,5,4,4,1,0,0,0,0,3,1,6,6,2,24,5,1198,1,7,MINI ONE,4,E01003186,0,-1
2021501096906,2021,501096906,1,9,0,17,19,1,6,0,0,0,1,0,0,0,2,1,2,2,2,36,7,1598,1,18,MINI ONE,2,E01018949,0,-1
2021622100250,2021,622100250,2,9,0,18,19,3,7,0,0,8,0,0,0,0,3,1,6,6,2,21,5,1496,2,6,MINI ONE,10,W01000853,0,-1
2021520200542,2021,520200542,1,9,0,2,2,0,0,0,0,0,0,0,0,0,2,1,6,6,2,20,4,1600,1,10,MINI ONE,5,E01029167,0,-1
2021471054806,2021,471054806,1,9,0,9,9,5,3,0,0,8,0,0,0,0,1,1,4,7,2,18,4,1499,1,2,MINI ONE,8,E01031506,0,-1
2021010299987,2021,010299987,2,9,0,99,99,9,9,0,0,0,9,99,9,99,0,9,6,6,3,-1,-1,1496,2,5,MINI ONE,-1,-1,0,-1
2021421118498,2021,421118498,1,9,0,9,9,7,3,0,0,6,0,0,0,0,3,1,6,6,2,52,8,1598,1,7,MINI ONE,2,E01002033,0,-1
2021201110647,2021,201110647,1,9,0,4,4,5,1,0,0,1,0,0,0,0,1,1,6,6,2,52,8,1598,1,8,MINI ONE,3,E01019826,0,-1
2021201118354,2021,201118354,1,9,0,9,9,3,2,0,0,5,0,0,0,0,1,1,6,6,3,-1,-1,1598,1,19,MINI ONE,-1,-1,0,-1
2021101014878,2021,101014878,2,9,0,18,19,5,1,0,0,0,1,0,0,0,1,1,1,1,2,48,8,1198,1,6,MINI ONE,6,E01008559,0,-1
2021201131991,2021,201131991,2,9,0,7,7,8,2,0,0,3,0,0,0,0,3,1,6,6,2,24,5,1397,1,11,MINI ONE,3,E01008890,0,-1
2021401060328,2021,401060328,1,9,0,16,19,5,1,0,0,0,1,0,0,0,1,1,5,6,2,18,4,1499,1,2,MINI ONE,7,E01017451,0,-1
2021211051479,2021,211051479,1,9,0,16,19,7,2,0,0,0,1,0,0,0,1,1,5,6,2,19,4,1598,1,14,MINI ONE,10,E01010384,0,-1
2021451116193,2021,451116193,2,9,0,18,19,2,6,0,0,1,0,0,0,0,1,1,6,6,2,31,6,1397,1,13,MINI ONE,7,E01030429,0,-1
2021440201750,2021,440201750,1,9,0,4,4,6,2,0,0,0,0,0,0,0,2,1,2,2,2,25,5,1598,1,20,MINI ONE,-1,-1,0,-1
2021201073499,2021,201073499,1,9,0,9,9,6,4,0,0,6,0,0,0,0,1,1,6,6,2,55,8,1598,1,18,MINI ONE,3,E01010051,0,-1
2021141079296,2021,141079296,1,9,0,16,19,1,5,0,0,0,0,0,1,11,1,1,5,6,1,20,4,1198,1,4,MINI ONE,9,E01003892,0,-1
2021401057099,2021,401057099,1,9,0,9,9,7,3,0,0,6,0,0,0,0,1,1,6,6,1,18,4,1598,1,16,MINI ONE,8,E01017427,0,-1
2021461049539,2021,461049539,2,9,0,3,3,3,7,0,0,0,0,0,0,0,2,1,6,6,1,62,9,1598,2,9,MINI ONE,5,E01024198,0,-1
2021161019779,2021,161019779,1,9,0,18,19,1,5,0,0,1,0,0,0,0,1,1,1,1,1,58,9,1397,1,14,MINI ONE,1,E01013138,0,-1
2021421015981,2021,421015981,2,9,0,5,5,3,7,0,0,4,0,0,0,0,1,1,6,6,2,33,6,1598,1,9,MINI ONE,2,E01015844,0,-1
2021131087686,2021,131087686,2,9,0,16,19,6,4,0,0,3,1,10,0,0,1,1,5,6,1,19,4,1598,1,16,MINI ONE,9,E01011874,0,-1
2021461059719,2021,461059719,1,9,0,16,19,3,7,0,0,0,1,0,1,11,1,1,6,6,2,18,4,1397,1,14,MINI ONE,6,E01024096,0,-1
2021461050744,2021,461050744,2,9,0,2,2,0,0,0,0,1,0,0,0,0,2,1,6,6,2,30,6,1496,2,5,MINI ONE,1,E01000721,0,-1
2021421059826,2021,421059826,2,9,0,18,19,7,3,0,0,2,0,4,7,0,3,1,6,6,2,18,4,1600,2,10,MINI ONE,9,E01015850,0,-1
2021010311972,2021,010311972,2,9,0,99,99,9,9,99,99,9,9,99,9,99,1,9,6,6,3,-1,-1,1397,1,13,MINI ONE,-1,-1,0,-1
2021201142105,2021,201142105,2,9,0,3,3,2,6,0,0,0,0,0,0,0,2,1,1,1,2,36,7,1397,1,14,MINI ONE,7,E01009810,0,-1
2021141103633,2021,141103633,3,9,0,2,2,0,0,0,0,0,0,0,0,0,3,1,5,6,2,64,9,1598,1,9,MINI ONE,5,E01008104,0,-1
2021547719621,2021,547719621,2,9,0,18,19,1,5,0,0,1,0,0,0,0,1,1,6,6,2,23,5,1198,1,6,MINI ONE,2,E01015539,0,-1
2021440312993,2021,440312993,2,9,0,7,7,3,5,0,0,6,0,0,0,0,3,1,6,6,2,21,5,1598,1,7,MINI ONE,7,E01023223,0,-1
2021421019638,2021,421019638,4,9,0,2,2,5,1,0,0,1,0,0,0,0,1,1,6,6,3,-1,-1,1397,1,13,MINI ONE,-1,-1,0,-1
2021991041365,2021,991041365,1,9,0,6,6,5,2,0,0,8,0,0,0,0,3,1,6,6,2,28,6,1598,1,17,MINI ONE,2,-1,0,-1
2021061122169,2021,061122169,2,9,0,5,5,1,5,0,0,1,0,0,0,0,2,1,1,1,1,24,5,1598,2,9,MINI ONE,1,E01004856,0,-1
2021010324746,2021,010324746,2,9,0,99,99,9,9,99,99,9,9,99,9,99,1,9,6,6,2,37,7,1598,1,10,MINI ONE,3,E01032584,0,-1
2021201080677,2021,201080677,2,9,0,18,19,3,7,0,0,8,0,0,0,0,4,1,6,6,2,26,6,1598,1,18,MINI ONE,1,E01009048,0,-1
2021302100964,2021,302100964,2,9,0,2,2,0,0,0,0,1,0,0,0,0,2,1,6,6,3,-1,-1,1598,1,14,MINI ONE,-1,-1,0,-1
2021010305162,2021,010305162,2,9,0,7,7,5,7,0,0,5,0,0,0,0,1,9,6,6,3,-1,-1,1598,1,10,MINI ONE,-1,-1,0,-1
2021461121914,2021,461121914,1,9,0,18,19,1,5,0,0,0,0,0,1,0,1,1,4,7,2,18,4,1598,1,17,MINI ONE,6,E01024220,0,-1
2021552101235,2021,552101235,1,9,0,9,9,5,3,0,0,6,0,0,0,0,1,1,6,6,2,17,4,1397,1,13,MINI ONE,7,E01020539,0,-1
2021010332955,2021,010332955,1,9,0,9,9,7,5,0,0,5,0,0,0,0,3,1,1,1,2,55,8,1598,1,11,MINI ONE,2,E01004413,0,-1
2021430137856,2021,430137856,1,9,0,9,9,2,8,0,0,6,0,0,0,0,1,1,6,6,2,21,5,1397,1,14,MINI ONE,10,E01017876,0,-1
2021430014842,2021,430014842,1,9,0,18,19,1,4,0,0,1,0,0,0,0,1,1,6,6,1,47,8,1598,1,9,MINI ONE,-1,-1,0,-1
2021122100651,2021,122100651,3,9,0,18,19,5,1,0,0,0,0,1,0,0,3,1,6,6,2,23,5,1198,1,6,MINI ONE,8,E01008266,0,-1
2021010331537,2021,010331537,2,9,0,99,99,9,9,99,99,0,9,99,9,99,9,9,6,6,3,47,8,1598,1,17,MINI ONE,2,E01032569,0,-1
2021501034009,2021,501034009,1,9,0,18,19,5,1,0,0,1,0,0,0,0,1,1,5,6,2,28,6,1198,1,7,MINI ONE,3,E01020104,0,-1
2021991118520,2021,991118520,2,9,0,18,19,1,5,0,0,0,0,0,0,0,1,1,5,6,2,55,8,1598,1,8,MINI ONE,7,-1,0,-1
2021010301111,2021,010301111,2,9,0,3,3,5,1,0,0,1,0,0,0,0,2,1,6,6,2,26,6,1598,1,8,MINI ONE,7,E01024793,0,-1
2021231126049,2021,231126049,2,9,0,18,19,5,1,0,0,8,1,0,0,0,1,1,6,6,2,22,5,1198,1,7,MINI ONE,8,E01031192,0,-1
2021320325081,2021,320325081,1,9,0,17,19,4,2,0,0,0,0,0,1,9,1,1,6,6,2,17,4,1598,1,16,MINI ONE,9,E01026231,0,-1
2021010331955,2021,010331955,1,9,0,2,2,0,0,0,0,1,0,0,0,0,2,1,6,6,2,39,7,1598,1,9,MINI ONE,-1,-1,0,-1
2021421069822,2021,421069822,2,9,0,18,19,7,3,0,0,8,0,0,0,0,3,1,5,6,2,30,6,1598,2,8,MINI ONE,1,E01021665,0,-1
2021471126710,2021,471126710,1,9,0,16,19,5,8,0,0,0,1,0,2,4,1,1,6,6,1,38,7,1598,1,20,MINI ONE,5,E01030834,0,-1
2021131105827,2021,131105827,1,9,0,8,8,1,3,0,0,4,0,0,0,0,2,1,6,6,2,49,8,1397,1,12,MINI ONE,9,E01011528,0,-1
2021361023693,2021,361023693,3,9,0,3,3,7,3,0,0,0,0,0,0,0,2,1,5,6,2,51,8,1598,1,16,MINI ONE,3,E01018094,0,-1
2021622100135,2021,622100135,2,9,0,18,19,8,3,0,0,2,0,0,0,0,2,1,6,6,2,22,5,1397,1,13,MINI ONE,9,W01000911,0,-1
2021461098368,2021,461098368,1,9,0,13,13,7,3,0,0,1,0,0,0,0,1,1,5,6,2,25,5,1598,1,13,MINI ONE,4,E01000378,0,-1
2021010316791,2021,010316791,2,9,0,4,4,8,4,0,0,0,0,0,0,0,2,1,3,7,2,34,6,1598,1,11,MINI ONE,3,E01000032,0,-1
2021471032431,2021,471032431,1,9,0,18,19,4,8,0,0,0,1,0,0,0,1,1,5,6,2,22,5,1198,1,5,MINI ONE,6,E01031449,0,-1
2021401106350,2021,401106350,2,9,0,4,4,6,2,0,0,0,0,0,0,0,2,1,5,6,2,36,7,1397,1,13,MINI ONE,6,E01018056,0,-1
2021302101849,2021,302101849,1,9,0,5,5,4,8,0,0,4,0,0,0,0,3,1,6,6,2,28,6,1598,1,17,MINI ONE,10,E01032614,0,-1
2021451109437,2021,451109437,1,9,0,18,19,7,3,0,0,0,0,0,1,0,3,1,5,6,1,32,6,1198,1,6,MINI ONE,10,E01030958,0,-1
2021201098344,2021,201098344,2,9,0,16,19,4,6,0,0,1,0,0,0,0,2,1,6,6,1,32,6,1598,1,19,MINI ONE,1,E01009334,0,-1
2021010332587,2021,010332587,2,9,0,99,99,9,9,99,99,9,9,99,9,99,9,9,6,6,2,34,6,1598,1,8,MINI ONE,5,E01000251,0,-1
2021141108053,2021,141108053,1,9,0,6,6,1,5,0,0,8,0,0,0,0,2,1,6,6,2,53,8,1598,2,9,MINI ONE,9,E01007752,0,-1
2021421017178,2021,421017178,2,9,0,16,19,3,7,0,0,0,0,0,0,0,3,1,6,6,2,53,8,1598,1,16,MINI ONE,5,E01021753,0,-1
2021411090458,2021,411090458,2,9,0,2,2,0,0,0,0,0,0,4,0,0,1,1,5,6,2,19,4,1198,1,4,MINI ONE,-1,-1,0,-1
2021131035435,2021,131035435,1,9,0,18,19,-1,-1,0,0,0,0,0,0,0,-1,1,6,6,3,30,6,1598,1,10,MINI ONE,-1,-1,0,-1
2021520102412,2021,520102412,1,9,0,18,19,5,1,0,0,0,0,0,0,0,4,1,6,6,1,18,4,1598,1,19,MINI ONE,10,E01029302,0,-1
2021520200444,2021,520200444,2,9,0,18,19,7,3,0,0,1,0,0,0,0,1,1,6,6,2,25,5,1598,1,10,MINI ONE,5,E01029193,0,-1
2021430447529,2021,430447529,1,9,0,18,19,6,2,0,0,4,0,0,7,0,3,1,2,2,2,28,6,1598,1,11,MINI ONE,5,E01016421,0,-1
2021411127139,2021,411127139,2,9,0,18,19,7,3,0,0,0,0,0,0,0,2,1,5,6,1,21,5,1598,1,15,MINI ONE,10,E01017784,0,-1
2021371121701,2021,371121701,2,9,0,9,9,3,1,0,0,0,0,0,0,0,2,1,4,7,1,17,4,1397,1,13,MINI ONE,5,E01030222,0,-1
2021451052112,2021,451052112,2,9,0,18,19,7,3,0,0,2,0,0,0,0,1,1,6,6,2,18,4,1499,1,1,MINI ONE,10,E01030360,0,-1
2021371091466,2021,371091466,1,9,0,9,9,4,2,0,0,8,0,0,0,0,1,1,5,6,2,17,4,1598,1,16,MINI ONE,8,E01022005,0,-1
2021351042850,2021,351042850,1,9,0,17,19,8,5,0,0,0,1,0,7,0,4,1,2,2,1,31,6,1598,1,17,MINI ONE,6,E01018110,0,-1
2021320674366,2021,320674366,2,9,0,18,19,5,1,0,0,8,0,0,0,0,3,1,2,2,2,50,8,1496,2,5,MINI ONE,6,E01026251,0,-1
2021101113451,2021,101113451,2,9,0,18,19,5,1,0,0,0,0,0,0,0,1,1,1,1,2,44,7,1598,2,7,MINI ONE,6,E01008872,0,-1
2021201079019,2021,201079019,2,9,0,18,19,5,1,0,0,0,0,0,0,0,4,1,2,2,2,23,5,1198,1,6,MINI ONE,3,E01009757,0,-1
2021031069417,2021,031069417,2,9,0,18,19,7,3,0,0,0,0,0,0,0,1,1,6,6,2,21,5,1598,1,10,MINI ONE,6,E01019384,0,-1
2021451120045,2021,451120045,2,9,0,18,19,5,1,0,0,1,0,0,0,0,3,1,5,6,2,31,6,1600,2,10,MINI ONE,8,E01002915,0,-1
2021010334380,2021,010334380,2,9,9,99,99,9,9,99,99,9,9,99,9,99,9,9,6,6,3,-1,-1,1598,1,14,MINI ONE,-1,-1,0,-1
2021552100119,2021,552100119,4,9,0,18,19,4,8,0,0,0,1,0,0,0,1,1,6,6,2,53,8,1598,1,11,MINI ONE,5,E01015301,0,-1
2021421034524,2021,421034524,2,9,0,3,3,3,7,0,0,4,0,0,0,0,2,1,6,6,1,27,6,1598,1,15,MINI ONE,7,E01021950,0,-1
2021131063447,2021,131063447,2,9,0,4,4,2,6,0,0,0,0,0,0,0,2,1,6,6,2,22,5,1598,1,8,MINI ONE,6,E01020617,0,-1
2021201140008,2021,201140008,2,9,0,3,3,-1,-1,0,0,1,0,0,0,0,2,1,6,6,2,22,5,1598,1,16,MINI ONE,1,E01010413,0,-1
2021221103000,2021,221103000,2,9,0,2,2,0,0,6,6,1,0,0,0,0,3,1,6,6,2,53,8,1598,1,15,MINI ONE,9,E01014022,0,-1
2021471036620,2021,471036620,2,9,0,2,2,2,6,0,0,0,0,0,0,0,1,1,6,6,3,-1,-1,1397,1,13,MINI ONE,-1,-1,0,-1
2021041134696,2021,041134696,2,9,0,4,4,1,5,0,0,4,0,0,0,0,2,1,5,6,2,42,7,1600,1,10,MINI ONE,8,E01025547,0,-1
2021543899621,2021,543899621,1,9,0,18,19,8,4,0,0,0,0,4,0,0,1,1,6,6,2,35,6,1598,1,18,MINI ONE,9,E01031897,0,-1
2021010311956,2021,010311956,1,9,0,5,5,7,3,0,0,2,0,0,0,0,1,1,1,1,1,46,8,1598,1,8,MINI ONE,8,E01004058,0,-1
2021421044418,2021,421044418,1,9,0,9,9,5,1,0,0,0,0,0,1,11,1,1,5,6,2,78,11,1598,1,19,MINI ONE,5,E01022034,0,-1
2021440242106,2021,440242106,2,9,0,18,19,5,8,0,0,1,0,0,0,0,1,1,6,6,2,31,6,1198,1,6,MINI ONE,5,E01023151,0,-1
2021041068269,2021,041068269,1,9,0,18,19,7,3,0,0,8,0,0,0,0,1,1,2,2,1,18,4,1198,1,7,MINI ONE,10,E01025022,0,-1
2021461128941,2021,461128941,6,9,0,2,2,0,0,0,0,0,0,0,0,0,4,1,6,6,3,-1,-1,1598,1,14,MINI ONE,-1,-1,0,-1
2021440156632,2021,440156632,2,9,0,3,3,4,6,0,0,1,0,0,0,0,2,1,2,2,2,23,5,1598,1,17,MINI ONE,3,E01022901,0,-1
2021302101568,2021,302101568,1,9,0,18,19,4,8,0,0,0,1,0,0,0,1,1,2,2,1,19,4,1397,1,14,MINI ONE,8,E01027999,0,-1
2021320723682,2021,320723682,1,9,0,18,19,4,8,0,0,0,1,0,8,0,4,1,2,2,1,50,8,1598,1,16,MINI ONE,10,E01032990,0,-1
2021070392190,2021,070392190,1,9,0,17,19,5,1,0,0,0,2,0,1,10,1,1,6,6,2,39,7,1598,1,19,MINI ONE,7,E01018429,0,-1
2021471068746,2021,471068746,1,9,0,18,19,1,5,0,0,4,0,0,0,0,1,1,5,6,2,21,5,1598,1,11,MINI ONE,9,E01031756,0,-1
2021041102396,2021,041102396,1,9,0,18,19,7,3,0,0,1,0,0,0,0,1,1,2,2,1,38,7,1397,1,12,MINI ONE,6,E01025004,0,-1
2021430039949,2021,430039949,2,9,0,4,4,6,2,0,0,0,0,0,1,9,2,1,2,2,2,25,5,1397,1,14,MINI ONE,9,E01016550,0,-1
202131D053921,2021,31D053921,1,9,0,16,19,6,2,0,0,0,2,0,7,1,1,1,1,1,1,40,7,1598,1,14,MINI ONE,2,E01013905,0,-1
2021010299240,2021,010299240,1,9,0,5,5,3,7,9,9,6,0,0,0,0,1,1,2,2,2,20,4,1598,1,16,MINI ONE,10,E01028684,0,-1
2021010293830,2021,010293830,2,9,0,18,19,5,1,0,0,0,0,4,0,0,1,1,6,6,2,23,5,1598,1,10,MINI ONE,6,E01003000,0,-1
2021552100440,2021,552100440,1,9,0,18,19,1,5,9,9,8,0,0,1,0,4,1,6,6,3,-1,-1,1598,1,19,MINI ONE,-1,-1,0,-1
2021430410450,2021,430410450,1,9,0,9,9,1,7,0,0,6,0,0,0,0,3,1,6,6,3,-1,-1,1598,1,15,MINI ONE,9,E01016683,0,-1
2021501050038,2021,501050038,1,9,0,18,19,5,1,0,0,0,0,11,0,0,1,1,2,2,1,21,5,1598,1,18,MINI ONE,4,E01018965,0,-1
2021221090802,2021,221090802,1,9,0,17,19,8,5,0,0,0,0,10,1,0,1,1,5,6,2,38,7,1598,1,8,MINI ONE,6,E01032159,0,-1
2021211061650,2021,211061650,1,9,0,13,13,8,5,0,0,0,0,0,1,0,4,1,2,2,2,21,5,1598,1,15,MINI ONE,1,E01014237,0,-1
2021371065308,2021,371065308,1,9,0,4,4,1,5,0,0,0,0,0,0,0,4,1,1,1,2,18,4,1598,1,8,MINI ONE,5,E01030259,0,-1
2021141102765,2021,141102765,1,9,0,18,19,6,2,0,0,0,5,0,2,0,1,1,5,6,2,49,8,1397,1,14,MINI ONE,3,E01007371,0,-1
2021221125858,2021,221125858,2,9,0,18,19,7,3,0,0,8,0,0,0,0,1,1,5,6,2,68,10,1499,1,2,MINI ONE,5,E01014013,0,-1
2021501108117,2021,501108117,3,9,0,2,2,0,0,0,0,1,0,0,0,0,1,1,6,6,2,59,9,1598,2,8,MINI ONE,9,E01015034,0,-1
2021070205091,2021,070205091,2,9,0,3,3,3,7,0,0,1,0,0,0,0,2,1,6,6,1,28,6,1496,2,7,MINI ONE,7,E01005306,0,-1
2021351048855,2021,351048855,3,9,0,2,2,0,0,0,0,0,0,0,0,0,2,1,6,6,3,-1,-1,1598,1,16,MINI ONE,-1,-1,0,-1
2021061091707,2021,061091707,3,9,0,18,19,7,3,0,0,0,0,0,0,0,2,1,2,2,2,23,5,1598,1,16,MINI ONE,-1,-1,0,-1
2021451039886,2021,451039886,1,9,0,18,19,7,3,0,0,0,0,4,0,0,1,1,5,6,2,43,7,1598,1,10,MINI ONE,10,E01030540,0,-1
2021371139350,2021,371139350,1,9,0,18,19,4,7,0,0,1,0,0,0,0,1,1,5,6,1,20,4,1598,1,16,MINI ONE,9,E01022013,0,-1
2021411061193,2021,411061193,1,9,0,18,19,1,5,0,0,1,0,0,0,0,1,1,5,6,1,22,5,1397,1,14,MINI ONE,4,E01021843,0,-1
2021421102513,2021,421102513,2,9,0,3,3,5,3,0,0,2,0,0,7,1,2,1,5,6,1,37,7,1598,1,8,MINI ONE,9,E01021477,0,-1
2021041088850,2021,041088850,1,9,0,14,14,5,1,0,0,1,0,0,0,0,2,2,5,6,1,39,7,1598,1,8,MINI ONE,6,E01025587,0,-1
2021131065005,2021,131065005,1,9,0,9,9,1,5,0,0,0,0,0,0,0,0,1,6,6,1,19,4,1397,1,13,MINI ONE,6,E01010816,0,-1
2021430450568,2021,430450568,2,9,0,10,10,4,2,0,0,0,0,0,0,0,2,1,6,6,1,47,8,1364,2,17,MINI ONE,-1,-1,0,-1