collision_index,collision_year,collision_ref_no,vehicle_reference,vehicle_type,towing_and_articulation,vehicle_manoeuvre_historic,vehicle_manoeuvre,vehicle_direction_from,vehicle_direction_to,vehicle_location_restricted_lane_historic,vehicle_location_restricted_lane,junction_location,skidding_and_overturning,hit_object_in_carriageway,vehicle_leaving_carriageway,hit_object_off_carriageway,first_point_of_impact,vehicle_left_hand_drive,journey_purpose_of_driver_historic,journey_purpose_of_driver,sex_of_driver,age_of_driver,age_band_of_driver,engine_capacity_cc,propulsion_code,age_of_vehicle,generic_make_model,driver_imd_decile,lsoa_of_driver,escooter_flag,driver_distance_banding
2021061127441,2021,061127441,1,9,0,5,5,3,5,0,0,0,0,0,0,0,2,1,5,6,1,17,4,1198,1,5,MINI ONE,5,E01005696,0,-1
2021010309873,2021,010309873,2,9,0,18,19,1,5,0,0,0,0,0,0,0,1,1,6,6,2,26,6,1397,1,12,MINI ONE,5,E01000639,0,-1
2021461084207,2021,461084207,2,9,0,18,19,7,3,0,0,8,0,0,0,0,4,1,2,2,2,53,8,1198,1,7,MINI ONE,7,E01032820,0,-1
2021231087905,2021,231087905,1,9,0,18,19,5,1,0,0,8,0,0,0,0,3,1,5,6,2,43,7,1598,1,14,MINI ONE,7,E01031303,0,-1
2021052102088,2021,052102088,1,9,0,9,9,7,3,0,0,8,0,0,0,0,1,1,2,2,2,19,4,1598,1,15,MINI ONE,6,E01006724,0,-1
2021440430816,2021,440430816,2,9,0,17,19,1,5,0,0,1,0,0,1,0,1,1,2,2,2,54,8,1397,1,14,MINI ONE,8,E01022607,0,-1
2021041082954,2021,041082954,1,9,0,10,10,5,7,0,0,1,0,0,0,0,1,1,5,6,1,42,7,1198,1,4,MINI ONE,1,E01025036,0,-1
2021411072649,2021,411072649,4,9,0,2,2,0,0,0,0,0,0,0,0,0,3,1,6,6,3,-1,-1,1598,1,10,MINI ONE,-1,-1,0,-1
2021201148137,2021,201148137,2,9,0,18,19,1,5,0,0,8,0,0,0,0,1,1,2,2,2,58,9,1598,1,9,MINI ONE,8,E01009669,0,-1
2021520100549,2021,520100549,1,9,0,18,19,6,2,0,0,8,0,0,7,3,1,1,6,6,1,51,8,1600,2,10,MINI ONE,6,E01029261,0,-1
2021010319593,2021,010319593,2,9,0,99,99,9,9,99,99,9,9,99,9,99,9,9,6,6,3,-1,-1,1364,2,17,MINI ONE,4,E01033725,0,-1
2021501018617,2021,501018617,1,9,0,5,5,1,5,0,0,8,0,0,0,0,1,1,1,1,2,62,9,1397,1,13,MINI ONE,1,E01015180,0,-1
2021122101412,2021,122101412,2,9,0,4,4,1,5,0,0,0,0,0,0,0,2,1,6,6,2,32,6,1198,1,4,MINI ONE,7,E01027657,0,-1
2021010301518,2021,010301518,1,9,0,18,19,3,7,0,0,1,0,0,0,0,1,1,6,6,2,42,7,1397,1,13,MINI ONE,-1,-1,0,-1
2021122100614,2021,122100614,1,9,0,7,7,6,8,0,0,8,0,0,0,0,4,1,6,6,3,-1,-1,1598,1,17,MINI ONE,-1,-1,0,-1
2021351049048,2021,351049048,1,9,0,18,19,-1,-1,0,0,1,0,4,0,0,1,1,5,6,2,39,7,1598,1,8,MINI ONE,9,E01018034,0,-1
2021311097478,2021,311097478,1,9,0,16,19,1,5,0,0,0,0,0,0,0,4,1,6,6,2,60,9,1598,1,16,MINI ONE,1,E01007511,0,-1
2021131078807,2021,131078807,2,9,0,5,5,3,7,0,0,1,0,0,1,10,1,1,6,6,2,34,6,1598,1,14,MINI ONE,8,E01011707,0,-1
2021010296287,2021,010296287,1,9,0,18,19,1,5,0,0,0,0,0,0,0,4,1,2,2,2,55,8,1598,1,18,MINI ONE,1,E01000721,0,-1
2021010296340,2021,010296340,3,9,0,18,19,1,5,0,0,1,1,0,0,0,4,1,6,6,1,28,6,1397,1,12,MINI ONE,3,E01000043,0,-1
2021552101051,2021,552101051,1,9,0,7,7,3,5,0,0,8,0,0,0,0,1,1,6,6,2,26,6,1598,2,8,MINI ONE,7,E01015330,0,-1
2021141020940,2021,141020940,2,9,0,9,9,1,7,0,0,3,0,0,0,0,4,1,1,1,2,29,6,1598,1,18,MINI ONE,3,E01007533,0,-1
2021141024047,2021,141024047,1,9,0,18,19,4,8,0,0,0,1,0,1,4,1,1,5,6,2,19,4,1598,1,17,MINI ONE,1,E01007629,0,-1
2021010318176,2021,010318176,2,9,9,99,99,9,9,99,99,9,9,99,9,99,9,9,6,6,2,-1,-1,1598,1,17,MINI ONE,2,E01001980,0,-1
2021440288435,2021,440288435,1,9,0,4,4,1,5,0,0,0,0,0,0,0,1,1,6,6,2,18,4,1397,1,14,MINI ONE,9,E01028673,0,-1
2021211062235,2021,211062235,2,9,0,18,19,1,5,0,0,0,0,0,0,0,2,1,6,6,2,28,6,1598,2,8,MINI ONE,7,E01029460,0,-1
2021010289117,2021,010289117,1,9,0,18,19,3,7,0,0,0,5,10,8,4,1,1,6,6,2,19,4,1397,1,13,MINI ONE,-1,-1,0,-1
2021052101924,2021,052101924,1,9,0,18,19,1,5,0,0,0,0,0,0,0,1,1,6,6,2,73,10,1598,1,16,MINI ONE,6,E01006972,0,-1
2021520101238,2021,520101238,2,9,0,18,19,6,2,0,0,8,0,0,0,0,1,1,6,6,2,30,6,1598,1,10,MINI ONE,6,E01029285,0,-1
2021430287321,2021,430287321,1,9,0,16,19,4,7,0,0,1,0,0,7,3,1,1,6,6,1,34,6,1598,1,16,MINI ONE,7,E01016191,0,-1
2021421082602,2021,421082602,2,9,0,2,2,0,0,9,9,0,0,0,0,0,1,1,6,6,3,-1,-1,1598,2,7,MINI ONE,-1,-1,0,-1
2021161074709,2021,161074709,2,9,0,18,19,3,7,0,0,2,1,0,4,6,4,1,5,6,1,38,7,1598,1,16,MINI ONE,2,E01007590,0,-1
2021211107594,2021,211107594,2,9,-1,-1,-1,3,7,-1,-1,-1,-1,-1,-1,0,-1,1,6,6,2,31,6,1598,1,8,MINI ONE,1,E01029828,0,-1
2021141068736,2021,141068736,1,9,0,18,19,8,4,0,0,0,0,0,0,0,2,1,5,6,2,20,4,1198,1,4,MINI ONE,9,E01019590,0,-1
2021421077113,2021,421077113,2,9,0,18,19,1,5,0,0,0,0,0,0,0,2,1,5,6,2,21,5,1598,1,10,MINI ONE,8,E01029883,0,-1
2021531060025,2021,531060025,2,9,0,4,4,1,5,0,0,2,0,0,0,0,1,1,6,6,2,51,8,1598,1,16,MINI ONE,2,E01022164,0,-1
2021461021957,2021,461021957,1,9,0,18,19,3,7,0,0,0,1,7,7,0,1,1,6,6,1,36,7,1598,1,15,MINI ONE,3,E01024668,0,-1
2021201137635,2021,201137635,2,9,0,18,19,7,1,0,0,1,0,0,0,0,4,1,6,6,1,-1,-1,1598,1,16,MINI ONE,-1,-1,0,-1
2021501096568,2021,501096568,1,9,0,17,19,6,2,0,0,0,1,0,0,0,1,1,2,2,2,55,8,1598,1,8,MINI ONE,2,E01020111,0,-1
2021111100073,2021,111100073,2,9,0,8,8,1,4,0,0,1,0,0,0,0,2,1,2,2,2,26,6,1598,1,9,MINI ONE,10,E01020829,0,-1
2021501025187,2021,501025187,2,9,0,18,19,7,5,0,0,1,0,0,1,0,3,1,5,6,2,24,5,1598,1,18,MINI ONE,4,E01018909,0,-1
2021010330480,2021,010330480,4,9,0,2,2,0,0,0,0,1,0,10,0,0,4,1,6,6,3,-1,-1,1598,1,11,MINI ONE,-1,-1,0,-1
2021201080691,2021,201080691,2,9,0,18,19,6,3,0,0,8,0,0,0,0,1,1,6,6,2,20,4,1496,2,7,MINI ONE,10,E01010150,0,-1
2021547641221,2021,547641221,1,9,0,9,9,6,5,0,0,4,0,0,0,0,1,1,2,2,2,64,9,1598,1,16,MINI ONE,9,E01032069,0,-1
2021010333118,2021,010333118,2,9,0,18,19,7,3,99,99,0,9,99,9,99,3,1,6,6,1,-1,-1,1598,1,16,MINI ONE,-1,-1,0,-1
202134WNC2401,2021,34WNC2401,2,9,0,9,9,8,6,0,0,8,0,0,0,0,1,1,1,1,1,43,7,1598,1,11,MINI ONE,7,E01027216,0,-1
2021010325013,2021,010325013,1,9,0,99,99,9,9,99,99,9,9,99,9,99,9,9,6,6,1,42,7,1598,1,17,MINI ONE,2,E01003604,0,-1
2021440160685,2021,440160685,2,9,0,18,19,1,5,0,0,0,0,0,0,0,1,1,6,6,1,20,4,1397,1,14,MINI ONE,10,E01017062,0,-1
2021622100425,2021,622100425,2,9,0,9,9,5,3,0,0,3,0,0,0,0,3,1,6,6,2,41,7,1598,1,15,MINI ONE,4,W01000760,0,-1
2021221107254,2021,221107254,1,9,0,16,19,1,4,0,0,0,1,0,7,10,2,1,5,6,2,21,5,1397,1,14,MINI ONE,8,E01000649,0,-1
2021991084303,2021,991084303,1,9,0,18,19,4,8,0,0,1,0,0,0,0,1,1,5,6,2,18,4,1598,1,15,MINI ONE,6,-1,0,-1
2021201131974,2021,201131974,2,9,0,18,19,2,6,0,0,7,1,0,0,0,2,1,5,6,2,55,8,1598,1,9,MINI ONE,6,E01009802,0,-1
2021371033967,2021,371033967,1,9,0,18,19,1,6,0,0,4,0,0,0,0,4,1,5,6,2,59,9,1198,1,5,MINI ONE,4,E01017469,0,-1
2021141032441,2021,141032441,3,9,0,2,2,0,0,0,0,0,0,0,0,0,2,1,6,6,3,-1,-1,1598,1,9,MINI ONE,-1,-1,0,-1
202154B371821,2021,54B371821,1,9,0,18,19,2,6,0,0,0,5,4,0,0,1,1,6,6,2,47,8,1598,1,14,MINI ONE,8,E01031977,0,-1
2021430246533,2021,430246533,1,9,0,13,13,1,5,0,0,8,0,0,0,0,4,1,6,6,1,78,11,1499,1,3,MINI ONE,10,E01022892,0,-1
2021991046346,2021,991046346,2,9,0,18,19,3,7,0,0,0,0,0,0,0,2,1,5,6,1,41,7,1600,1,10,MINI ONE,6,-1,0,-1
2021440245215,2021,440245215,1,9,0,10,10,1,7,0,0,1,0,0,0,0,2,1,6,6,2,19,4,1598,1,10,MINI ONE,6,E01017138,0,-1
2021061094050,2021,061094050,1,9,0,9,9,3,1,0,0,8,0,0,0,0,1,1,6,6,2,23,5,1598,2,10,MINI ONE,8,E01017377,0,-1
2021010294283,2021,010294283,1,9,0,5,5,1,5,0,0,2,0,0,0,0,1,1,6,6,2,28,6,1598,1,11,MINI ONE,3,E01002052,0,-1
2021052101802,2021,052101802,1,9,0,5,5,8,2,0,0,0,0,0,0,0,1,1,2,2,2,41,7,1198,1,5,MINI ONE,8,E01006938,0,-1
2021430415802,2021,430415802,1,9,0,18,19,1,5,0,0,8,0,0,0,0,4,1,6,6,2,61,9,1499,1,3,MINI ONE,10,E01017779,0,-1
2021041063786,2021,041063786,2,9,0,2,2,0,0,0,0,1,0,0,0,0,2,1,6,6,3,-1,-1,1496,2,6,MINI ONE,-1,-1,0,-1
2021451043428,2021,451043428,1,9,0,9,9,5,5,0,0,0,0,0,0,0,2,1,5,6,1,18,4,1198,1,6,MINI ONE,9,E01030679,0,-1
2021010341897,2021,010341897,4,9,0,18,19,3,7,0,0,0,0,1,1,4,1,1,6,6,2,28,6,1198,1,5,MINI ONE,6,E01001275,0,-1
2021440193444,2021,440193444,1,9,0,18,19,6,2,0,0,8,0,0,0,0,4,1,6,6,1,-1,-1,1598,1,17,MINI ONE,-1,-1,0,-1
2021221096442,2021,221096442,2,9,0,7,7,4,6,0,0,6,0,0,0,0,1,1,5,6,2,23,5,1598,1,16,MINI ONE,5,E01022459,0,-1
2021052100212,2021,052100212,2,9,0,18,19,8,4,0,0,1,0,0,0,0,1,1,6,6,1,51,8,1397,1,11,MINI ONE,7,E01007301,0,-1
2021471067163,2021,471067163,1,9,0,9,9,2,8,0,0,8,0,0,0,0,4,1,5,6,1,18,4,1598,1,19,MINI ONE,10,E01021083,0,-1
2021430276988,2021,430276988,2,9,0,9,9,6,3,0,0,5,0,0,0,0,3,1,6,6,2,18,4,1198,1,5,MINI ONE,-1,-1,0,-1
2021070094195,2021,070094195,1,9,0,5,5,5,1,0,0,2,0,0,1,1,1,1,6,6,1,58,9,1598,2,11,MINI ONE,5,E01018313,0,-1
2021401134094,2021,401134094,2,9,0,18,19,8,5,0,0,0,0,0,0,0,2,1,1,1,2,57,9,1397,1,12,MINI ONE,9,E01033194,0,-1
2021411103341,2021,411103341,2,9,0,18,19,1,5,0,0,8,0,0,0,0,1,1,6,6,2,21,5,1198,1,4,MINI ONE,9,E01023493,0,-1
2021061036732,2021,061036732,1,9,0,18,19,3,7,0,0,8,0,0,0,0,4,1,6,6,2,20,4,1397,1,14,MINI ONE,10,E01012486,0,-1
2021501037932,2021,501037932,2,9,0,9,9,6,2,0,0,5,0,0,0,0,3,1,6,6,2,37,7,1397,1,13,MINI ONE,4,E01018908,0,-1
2021401039248,2021,401039248,1,9,0,18,19,2,6,0,0,0,0,0,0,0,1,1,2,2,2,21,5,1496,2,7,MINI ONE,9,E01033194,0,-1
2021991064840,2021,991064840,1,9,0,18,19,7,3,0,0,4,0,0,1,2,1,1,5,6,1,29,6,1198,1,6,MINI ONE,3,-1,0,-1
2021041058836,2021,041058836,1,9,0,15,15,1,5,4,4,8,0,0,0,0,4,1,5,6,2,21,5,1598,2,9,MINI ONE,6,E01024859,0,-1
2021010303651,2021,010303651,1,9,0,18,19,8,4,0,0,4,0,4,0,0,1,1,6,6,2,32,6,1397,1,12,MINI ONE,4,E01000113,0,-1
2021461125625,2021,461125625,2,9,0,4,4,5,1,0,0,0,0,0,0,0,2,1,6,6,2,20,4,1397,1,14,MINI ONE,5,E01024623,0,-1
2021520200293,2021,520200293,1,9,0,18,19,3,7,0,0,0,1,0,0,0,1,1,6,6,2,29,6,1598,1,16,MINI ONE,8,E01029242,0,-1
2021471056959,2021,471056959,1,9,0,18,19,4,8,0,0,0,0,0,0,0,1,1,2,2,2,21,5,1598,1,9,MINI ONE,3,E01016869,0,-1
2021461064504,2021,461064504,1,9,0,16,19,7,3,0,0,0,1,0,0,0,1,1,6,6,1,17,4,1598,1,18,MINI ONE,10,E01032827,0,-1
2021430378964,2021,430378964,2,9,0,18,19,6,2,0,0,0,0,0,0,0,1,1,6,6,1,30,6,1598,1,17,MINI ONE,-1,-1,0,-1
2021061117470,2021,061117470,3,9,0,18,19,1,5,0,0,0,0,0,0,0,1,1,6,6,2,52,8,1598,2,9,MINI ONE,2,E01005514,0,-1
2021320225053,2021,320225053,1,9,0,9,9,4,1,0,0,2,0,0,0,0,1,1,2,2,2,21,5,1598,1,17,MINI ONE,10,E01009470,0,-1
2021401118421,2021,401118421,2,9,0,4,4,-1,-1,0,0,1,0,0,0,0,1,1,5,6,2,24,5,1598,1,17,MINI ONE,2,E01015807,0,-1
2021010317599,2021,010317599,1,9,0,99,99,9,9,99,99,9,9,99,9,99,2,9,6,6,1,49,8,1598,1,9,MINI ONE,7,E01000391,0,-1
2021461045708,2021,461045708,4,9,0,18,19,1,5,0,0,0,0,0,0,0,1,1,6,6,1,56,9,1397,1,12,MINI ONE,6,E01024303,0,-1
2021471032943,2021,471032943,2,9,0,4,4,3,7,0,0,0,0,0,0,0,2,1,5,6,2,61,9,1598,1,14,MINI ONE,4,E01020976,0,-1
2021501100544,2021,501100544,2,9,0,3,3,0,0,0,0,0,0,0,0,0,3,1,6,6,2,28,6,1598,1,17,MINI ONE,4,E01018778,0,-1
2021052100286,2021,052100286,1,9,0,5,5,1,5,0,0,0,0,0,0,0,3,1,6,6,1,25,5,1598,1,16,MINI ONE,1,E01006756,0,-1
2021101040116,2021,101040116,2,9,0,3,3,1,5,0,0,1,0,0,0,0,2,1,6,6,2,57,9,1198,1,4,MINI ONE,9,E01008235,0,-1
2021522101462,2021,522101462,1,9,0,2,2,0,0,0,0,0,0,0,0,0,2,1,6,6,1,48,8,1496,2,7,MINI ONE,6,E01014733,0,-1
2021471118454,2021,471118454,2,9,0,3,3,8,4,0,0,0,0,0,0,0,2,1,5,6,2,47,8,1198,1,6,MINI ONE,8,E01021223,0,-1
2021549146521,2021,549146521,2,9,0,4,4,7,3,0,0,0,0,0,0,0,2,1,6,6,2,-1,-1,1198,1,7,MINI ONE,10,E01015564,0,-1
2021411054073,2021,411054073,1,9,0,4,4,5,1,0,0,0,0,11,0,0,1,1,6,6,1,23,5,1598,1,11,MINI ONE,3,E01015769,0,-1
2021440285622,2021,440285622,1,9,0,3,3,6,2,0,0,0,0,0,0,0,2,1,2,2,2,28,6,1198,1,6,MINI ONE,10,E01022587,0,-1
2021161071302,2021,161071302,1,9,0,17,19,6,3,0,0,0,0,10,1,11,1,1,5,6,2,65,9,1598,2,9,MINI ONE,9,E01013152,0,-1
2021351119590,2021,351119590,1,9,0,18,19,1,5,0,0,1,0,0,0,0,1,1,3,7,2,32,6,1198,1,6,MINI ONE,4,E01015622,0,-1
2021461086547,2021,461086547,2,9,0,18,19,3,7,0,0,0,1,0,1,0,4,1,6,6,2,43,7,1598,1,14,MINI ONE,5,E01003276,0,-1
2021010295805,2021,010295805,2,9,0,99,99,9,9,99,99,0,9,99,9,99,9,1,6,6,2,-1,-1,1598,1,14,MINI ONE,5,E01001310,0,-1
2021401131051,2021,401131051,2,9,0,18,19,7,3,0,0,0,0,0,0,0,2,1,6,6,1,38,7,1198,1,7,MINI ONE,6,E01023545,0,-1
2021610058721,2021,610058721,1,9,0,3,3,1,5,0,0,1,0,0,0,0,2,1,1,1,1,63,9,1598,1,10,MINI ONE,-1,-1,0,-1
202154A016221,2021,54A016221,1,9,0,16,19,5,8,0,0,1,0,0,0,0,1,1,6,6,1,17,4,1598,1,15,MINI ONE,7,E01031887,0,-1
2021131036198,2021,131036198,2,9,0,18,19,1,1,0,0,1,0,0,0,0,1,1,2,2,2,33,6,1496,2,5,MINI ONE,7,E01010587,0,-1
2021070644377,2021,070644377,1,9,0,18,19,2,6,0,0,0,2,0,1,4,1,1,6,6,2,21,5,1598,1,16,MINI ONE,8,E01018424,0,-1
2021010342334,2021,010342334,3,9,0,99,99,9,9,99,99,0,9,99,9,99,1,9,6,6,3,19,4,1397,1,14,MINI ONE,1,E01015932,0,-1
2021010302922,2021,010302922,1,9,0,18,19,3,7,0,0,0,0,0,0,0,1,1,6,6,2,25,5,1198,1,5,MINI ONE,2,E01001438,0,-1
2021122101455,2021,122101455,1,9,0,18,19,7,3,0,0,8,0,0,0,0,1,1,6,6,2,60,9,1499,1,2,MINI ONE,8,E01013348,0,-1
2021461095802,2021,461095802,1,9,0,18,19,5,1,0,0,0,0,4,0,0,1,1,6,6,2,18,4,1598,1,14,MINI ONE,10,E01024817,0,-1
2021421091019,2021,421091019,1,9,0,7,7,5,7,0,0,1,0,0,0,0,4,1,6,6,1,57,9,1598,1,5,MINI ONE,3,E01021601,0,-1
2021451038965,2021,451038965,2,9,0,3,3,3,7,0,0,0,0,0,0,0,2,1,5,6,2,26,6,1598,1,11,MINI ONE,2,E01030985,0,-1
2021421093460,2021,421093460,1,9,0,18,19,5,1,0,0,1,0,0,0,0,4,1,6,6,1,72,10,1499,1,0,MINI ONE,7,E01021457,0,-1
2021010327606,2021,010327606,1,9,0,99,99,9,9,99,99,9,9,99,9,99,1,9,6,6,2,28,6,1461,2,8,RENAULT MEGANE,4,E01000746,0,-1
2021170H10331,2021,170H10331,1,9,0,18,19,5,1,0,0,1,0,0,0,0,1,1,6,6,2,40,7,1598,1,15,RENAULT MEGANE,1,E01011951,0,-1
2021302100952,2021,302100952,1,9,0,9,9,8,4,0,0,2,0,0,0,0,3,1,6,6,2,56,9,1598,1,11,RENAULT MEGANE,9,E01019835,0,-1
2021052101962,2021,052101962,1,9,0,18,19,6,2,0,0,1,0,0,0,0,4,1,6,6,1,53,8,1598,1,11,RENAULT MEGANE,1,E01007179,0,-1
2021170H10831,2021,170H10831,1,9,0,18,19,6,2,0,0,8,0,0,0,0,1,1,2,2,2,37,7,1598,1,13,RENAULT MEGANE,1,E01011999,0,-1
2021201097899,2021,201097899,1,9,0,18,19,-1,-1,0,0,0,0,0,0,0,0,1,1,1,3,-1,-1,1461,2,6,RENAULT MEGANE,-1,-1,0,-1
2021411044488,2021,411044488,1,9,0,18,19,3,7,0,0,0,1,0,7,0,4,1,5,6,1,25,5,1998,1,11,RENAULT MEGANE,6,E01000166,0,-1
2021411085829,2021,411085829,1,9,0,10,10,1,7,0,0,6,0,0,0,0,0,1,6,6,1,22,5,1461,2,9,RENAULT MEGANE,8,E01023660,0,-1
2021552101317,2021,552101317,1,9,0,18,19,7,3,0,0,6,0,0,0,0,3,1,2,2,1,24,5,1461,2,5,RENAULT MEGANE,3,E01015381,0,-1
2021161128721,2021,161128721,2,9,0,5,5,1,7,0,0,1,0,0,0,0,1,1,6,6,1,23,5,1461,2,9,RENAULT MEGANE,1,E01012931,0,-1
2021131069724,2021,131069724,1,9,0,18,19,5,1,0,0,0,1,0,0,0,1,1,5,6,1,22,5,1998,1,16,RENAULT MEGANE,1,E01011101,0,-1
2021991060902,2021,991060902,1,9,0,18,19,7,3,0,0,2,0,0,0,0,1,1,6,6,1,53,8,1461,2,4,RENAULT MEGANE,8,-1,0,-1
2021552100962,2021,552100962,1,9,0,10,10,7,4,0,0,6,0,0,0,0,1,1,6,6,1,82,11,1598,1,13,RENAULT MEGANE,9,E01015405,0,-1
2021010309227,2021,010309227,2,9,0,99,99,9,9,99,99,9,9,99,9,99,9,9,6,6,3,-1,-1,1998,1,14,RENAULT MEGANE,1,E01000798,0,-1
2021501021478,2021,501021478,2,9,0,18,19,3,7,0,0,8,0,0,0,0,1,1,6,6,2,39,7,1870,2,14,RENAULT MEGANE,4,E01018895,0,-1
2021501056228,2021,501056228,2,9,0,18,19,7,3,0,0,0,0,0,0,0,1,1,6,6,1,21,5,1598,1,12,RENAULT MEGANE,2,E01018797,0,-1
2021041039871,2021,041039871,1,9,0,9,9,5,3,0,0,0,0,0,1,0,4,1,5,6,1,47,8,1461,2,14,RENAULT MEGANE,1,E01012737,0,-1
2021070444569,2021,070444569,1,9,0,7,7,8,4,0,0,1,0,0,0,0,1,1,6,6,1,35,6,1598,1,13,RENAULT MEGANE,1,E01012445,0,-1
2021440169402,2021,440169402,1,9,0,17,19,2,7,0,0,0,1,0,6,4,2,1,6,6,1,48,8,1798,1,2,RENAULT MEGANE,6,E01022875,0,-1
2021371061773,2021,371061773,2,9,0,18,19,5,1,0,0,0,0,0,0,0,3,1,2,2,2,49,8,1461,2,2,RENAULT MEGANE,2,E01030254,0,-1
2021421050196,2021,421050196,2,9,0,3,3,3,7,0,0,0,0,0,0,0,2,1,5,6,2,71,10,1198,1,7,RENAULT MEGANE,7,E01021378,0,-1
2021411058377,2021,411058377,1,9,0,18,19,-1,-1,0,0,1,0,0,0,0,0,1,6,6,1,-1,-1,1397,1,10,RENAULT MEGANE,7,E01023679,0,-1
2021520103736,2021,520103736,1,9,0,7,7,6,8,0,0,5,0,10,1,10,1,1,6,6,1,38,7,1870,2,16,RENAULT MEGANE,1,E01029105,0,-1
2021061135326,2021,061135326,2,9,0,18,19,3,7,0,0,8,0,0,0,0,1,1,6,6,1,69,10,1598,1,9,RENAULT MEGANE,1,E01004869,0,-1
2021471050991,2021,471050991,1,9,0,4,4,1,5,0,0,1,0,0,0,0,1,1,6,6,1,-1,-1,1461,2,12,RENAULT MEGANE,5,E01031498,0,-1
2021052100745,2021,052100745,1,9,0,18,19,5,1,0,0,0,0,0,0,0,1,1,6,6,2,30,6,1461,2,10,RENAULT MEGANE,1,E01006544,0,-1
2021061030637,2021,061030637,1,9,0,18,19,3,3,0,0,0,0,0,0,0,1,1,6,6,3,30,6,1461,2,15,RENAULT MEGANE,-1,-1,0,-1
2021471108560,2021,471108560,1,9,0,11,11,7,3,0,0,0,0,0,0,0,1,1,5,6,2,51,8,1461,2,6,RENAULT MEGANE,6,E01031363,0,-1
2021501125557,2021,501125557,1,9,0,17,19,7,3,0,0,0,1,0,8,11,1,1,6,6,3,-1,-1,1598,1,16,RENAULT MEGANE,-1,-1,0,-1
2021201059649,2021,201059649,3,9,0,2,2,0,0,0,0,1,0,0,0,0,1,1,6,6,3,-1,-1,1598,1,13,RENAULT MEGANE,-1,-1,0,-1
202134WNC0211,2021,34WNC0211,2,9,0,18,19,6,2,0,0,8,0,0,0,0,1,1,2,2,2,54,8,1461,2,8,RENAULT MEGANE,1,E01027013,0,-1
2021231105202,2021,231105202,2,9,0,18,19,7,3,0,0,0,0,0,0,0,4,1,5,6,1,55,8,1461,2,13,RENAULT MEGANE,7,E01031324,0,-1
2021320622735,2021,320622735,1,9,0,16,19,6,8,0,0,2,0,0,0,0,1,1,6,6,2,33,6,1198,1,4,RENAULT MEGANE,5,E01026133,0,-1
2021320297268,2021,320297268,1,9,0,18,19,7,3,0,0,6,0,0,0,0,4,1,6,6,1,64,9,1461,2,15,RENAULT MEGANE,-1,-1,0,-1
2021451112892,2021,451112892,2,9,0,2,2,0,0,9,9,0,0,0,0,0,4,1,6,6,3,-1,-1,1198,1,5,RENAULT MEGANE,-1,-1,0,-1
2021201025405,2021,201025405,2,9,0,5,5,1,5,0,0,8,0,0,0,0,2,1,6,6,2,36,7,1598,2,6,RENAULT MEGANE,1,E01009123,0,-1
2021061086066,2021,061086066,1,9,0,18,19,5,1,0,0,0,0,0,0,0,1,1,6,6,1,31,6,1598,1,14,RENAULT MEGANE,1,E01005434,0,-1
2021070566383,2021,070566383,1,9,0,18,19,7,3,0,0,0,1,10,1,9,1,1,1,1,1,26,6,1998,1,16,RENAULT MEGANE,8,E01018623,0,-1
2021522103297,2021,522103297,1,9,0,18,19,6,2,0,0,0,5,7,7,10,1,1,6,6,2,31,6,1598,1,9,RENAULT MEGANE,8,E01022189,0,-1
2021101064339,2021,101064339,2,9,0,3,3,1,5,0,0,0,0,0,0,0,2,1,6,6,2,28,6,1598,1,14,RENAULT MEGANE,3,E01008171,0,-1
2021221040501,2021,221040501,2,9,0,10,10,2,8,0,0,8,1,0,1,0,2,1,5,6,1,29,6,1461,2,11,RENAULT MEGANE,9,E01028837,0,-1
2021320220478,2021,320220478,1,9,0,18,19,3,7,0,0,2,0,0,0,0,1,1,6,6,1,40,7,1461,2,10,RENAULT MEGANE,7,E01026314,0,-1
2021461044262,2021,461044262,1,9,0,4,4,3,7,0,0,0,0,0,0,0,2,1,6,6,1,37,7,1461,2,8,RENAULT MEGANE,2,E01023974,0,-1
2021440319499,2021,440319499,1,9,0,9,9,1,3,0,0,8,0,0,0,0,3,1,6,6,1,27,6,1330,1,2,RENAULT MEGANE,2,E01022949,0,-1
2021141016115,2021,141016115,2,9,0,2,2,0,0,9,9,0,0,0,0,0,2,1,1,1,1,47,8,1461,2,2,RENAULT MEGANE,10,E01008146,0,-1
2021010341718,2021,010341718,1,9,0,99,99,9,9,99,99,0,9,99,9,99,1,9,6,6,3,-1,-1,1598,1,11,RENAULT MEGANE,1,E01004005,0,-1
2021991034282,2021,991034282,1,9,0,18,19,5,1,0,0,0,0,0,0,0,1,1,6,6,2,32,6,1461,2,6,RENAULT MEGANE,8,-1,0,-1
2021141119309,2021,141119309,1,9,0,7,7,6,8,0,0,1,0,0,0,0,2,1,5,6,1,61,9,1598,1,8,RENAULT MEGANE,9,E01007921,0,-1
2021010308068,2021,010308068,2,9,0,99,99,9,9,99,99,9,9,99,9,99,1,9,6,6,3,-1,-1,1598,1,14,RENAULT MEGANE,-1,-1,0,-1
2021211150491,2021,211150491,2,9,0,10,10,2,8,0,0,1,0,0,0,0,1,1,6,6,1,34,6,1598,1,10,RENAULT MEGANE,2,E01014279,0,-1