collision_index,collision_year,collision_ref_no,vehicle_reference,vehicle_type,towing_and_articulation,vehicle_manoeuvre_historic,vehicle_manoeuvre,vehicle_direction_from,vehicle_direction_to,vehicle_location_restricted_lane_historic,vehicle_location_restricted_lane,junction_location,skidding_and_overturning,hit_object_in_carriageway,vehicle_leaving_carriageway,hit_object_off_carriageway,first_point_of_impact,vehicle_left_hand_drive,journey_purpose_of_driver_historic,journey_purpose_of_driver,sex_of_driver,age_of_driver,age_band_of_driver,engine_capacity_cc,propulsion_code,age_of_vehicle,generic_make_model,driver_imd_decile,lsoa_of_driver,escooter_flag,driver_distance_banding
2021501124609,2021,501124609,1,9,0,17,19,6,2,0,0,0,1,0,1,0,3,1,6,6,1,31,6,1461,2,9,RENAULT MEGANE,2,E01019076,0,-1
2021991102007,2021,991102007,2,9,0,2,2,0,0,0,0,0,0,0,0,0,2,1,6,6,3,-1,-1,1461,2,11,RENAULT MEGANE,-1,-1,0,-1
2021501084090,2021,501084090,2,9,0,18,19,3,7,0,0,3,5,0,2,10,3,1,2,2,1,28,6,1598,1,14,RENAULT MEGANE,4,E01020293,0,-1
2021052200045,2021,052200045,1,9,0,9,9,1,5,0,0,1,0,0,0,0,1,1,6,6,1,24,5,1598,1,10,RENAULT MEGANE,1,E01006676,0,-1
2021201117659,2021,201117659,2,9,0,18,19,2,6,0,0,0,0,10,8,10,1,1,6,6,1,41,7,1461,2,12,RENAULT MEGANE,6,E01009676,0,-1
2021041082059,2021,041082059,4,9,0,2,2,0,0,9,9,0,0,0,0,0,3,1,6,6,3,-1,-1,1870,2,18,RENAULT MEGANE,-1,-1,0,-1
2021041080900,2021,041080900,1,9,0,9,9,1,7,0,0,8,0,11,0,0,1,1,5,6,2,30,6,1461,2,9,RENAULT MEGANE,6,E01025456,0,-1
202106G078733,2021,06G078733,2,9,0,16,19,7,3,0,0,8,0,0,0,0,1,1,6,6,1,29,6,1598,1,16,RENAULT MEGANE,3,E01005972,0,-1
2021351098225,2021,351098225,1,9,0,18,19,5,1,0,0,1,0,0,0,0,1,1,6,6,3,-1,-1,1390,1,22,RENAULT MEGANE,-1,-1,0,-1
2021549875921,2021,549875921,1,9,0,18,19,2,7,0,0,0,5,0,1,0,1,1,6,6,1,57,9,1461,2,7,RENAULT MEGANE,7,E01031891,0,-1
2021471021380,2021,471021380,2,9,0,1,1,3,7,0,0,0,0,0,0,0,2,1,5,6,1,24,5,1461,2,6,RENAULT MEGANE,4,E01020971,0,-1
2021101054492,2021,101054492,1,9,0,1,1,7,6,0,0,0,0,0,0,0,2,1,6,6,2,53,8,1598,1,14,RENAULT MEGANE,2,E01008719,0,-1
2021430162393,2021,430162393,1,9,0,9,9,1,7,0,0,8,0,0,0,0,3,2,6,6,1,28,6,1598,1,14,RENAULT MEGANE,-1,-1,0,-1
2021111089969,2021,111089969,1,9,0,18,19,7,3,0,0,4,0,0,0,0,1,1,5,6,1,23,5,1461,2,4,RENAULT MEGANE,3,E01020875,0,-1
2021501085577,2021,501085577,1,9,0,18,19,1,3,0,0,6,0,0,0,0,3,1,6,6,1,43,7,1870,2,11,RENAULT MEGANE,2,E01015194,0,-1
202154B344421,2021,54B344421,2,9,0,13,13,5,1,0,0,0,0,0,0,0,4,1,2,2,2,60,9,1998,1,14,RENAULT MEGANE,9,E01015586,0,-1
2021201114189,2021,201114189,2,9,0,18,19,4,8,0,0,8,0,0,0,0,1,1,6,6,1,17,4,1390,1,16,RENAULT MEGANE,8,E01010209,0,-1
2021161124713,2021,161124713,3,9,0,3,3,3,7,0,0,0,0,0,0,0,4,1,6,6,2,-1,-1,1461,2,8,RENAULT MEGANE,4,E01013239,0,-1
2021401027197,2021,401027197,2,9,0,5,5,8,4,0,0,0,0,0,0,0,2,1,6,6,1,50,8,1598,1,12,RENAULT MEGANE,6,E01033308,0,-1
2021201103407,2021,201103407,1,9,0,1,1,6,2,0,0,0,0,0,0,0,2,1,6,6,1,26,6,1461,2,4,RENAULT MEGANE,5,E01010418,0,-1
202134WNC2081,2021,34WNC2081,1,9,0,18,19,1,5,0,0,0,0,7,2,7,1,1,2,2,1,52,8,1461,2,13,RENAULT MEGANE,2,E01010073,0,-1
2021501067458,2021,501067458,2,9,0,3,3,1,5,0,0,1,0,0,0,0,2,1,5,6,2,35,6,1598,1,19,RENAULT MEGANE,9,E01019896,0,-1
2021421030453,2021,421030453,1,9,0,18,19,3,7,0,0,0,0,0,0,0,1,1,6,6,3,-1,-1,1461,2,10,RENAULT MEGANE,-1,-1,0,-1
2021141122100,2021,141122100,1,9,0,18,19,2,6,0,0,1,2,0,3,11,1,1,6,6,1,17,4,1461,2,14,RENAULT MEGANE,10,E01011196,0,-1
2021211103606,2021,211103606,1,9,0,18,19,5,1,0,0,0,0,4,0,0,1,1,5,6,1,79,11,1461,2,3,RENAULT MEGANE,3,E01029448,0,-1
2021320230886,2021,320230886,1,9,0,18,19,1,5,0,0,0,0,0,0,0,1,1,6,6,2,51,8,1461,2,10,RENAULT MEGANE,2,E01026328,0,-1
2021320198189,2021,320198189,2,9,0,18,19,6,2,0,0,1,0,0,0,0,1,1,6,6,1,32,6,1998,1,15,RENAULT MEGANE,4,E01032995,0,-1
2021211118779,2021,211118779,2,9,0,18,19,7,3,0,0,1,1,0,0,0,1,1,2,2,2,47,8,1598,1,14,RENAULT MEGANE,9,E01014102,0,-1
2021320046231,2021,320046231,2,9,0,5,5,5,1,0,0,0,0,0,0,0,2,1,2,2,2,41,7,1461,2,3,RENAULT MEGANE,10,E01028315,0,-1
2021201108773,2021,201108773,1,9,0,4,4,2,6,0,0,1,0,0,0,0,1,1,3,7,2,36,7,1598,1,12,RENAULT MEGANE,7,E01010164,0,-1
2021231113804,2021,231113804,2,9,0,4,4,6,2,0,0,0,1,0,0,0,1,1,5,6,2,21,5,1598,1,14,RENAULT MEGANE,2,E01008301,0,-1
2021501130327,2021,501130327,2,9,0,5,5,4,7,0,0,6,0,0,0,0,4,1,5,6,2,40,7,1598,1,10,RENAULT MEGANE,6,E01018794,0,-1
2021031121364,2021,031121364,1,9,0,18,19,2,8,0,0,6,0,0,0,0,1,1,2,2,1,31,6,1461,2,11,RENAULT MEGANE,2,E01019173,0,-1
2021010305358,2021,010305358,1,9,0,99,99,9,9,99,99,0,9,99,9,99,2,9,6,6,2,32,6,1995,2,12,RENAULT MEGANE,2,E01000023,0,-1
2021010292095,2021,010292095,2,9,0,99,99,9,9,99,99,9,9,99,9,99,9,9,6,6,3,-1,-1,1461,2,11,RENAULT MEGANE,3,E01023865,0,-1
2021010291486,2021,010291486,2,9,9,99,99,9,9,99,99,9,9,99,9,99,9,9,6,6,1,40,7,1598,1,21,RENAULT MEGANE,5,E01002123,0,-1
2021522101873,2021,522101873,2,9,0,4,4,8,4,0,0,0,0,0,0,0,1,1,6,6,1,23,5,1461,2,13,RENAULT MEGANE,6,E01014750,0,-1
2021041093175,2021,041093175,2,9,0,10,10,7,3,0,0,2,0,0,0,0,2,1,5,6,1,40,7,1461,2,6,RENAULT MEGANE,3,E01025356,0,-1
2021320652952,2021,320652952,1,9,0,18,19,1,5,0,0,8,0,0,0,0,4,1,6,6,2,35,6,1598,1,9,RENAULT MEGANE,1,E01013177,0,-1
2021430408651,2021,430408651,1,9,0,14,14,8,4,0,0,0,0,0,0,0,3,1,6,6,1,20,4,1461,2,11,RENAULT MEGANE,-1,-1,0,-1
2021531089294,2021,531089294,1,9,0,18,19,7,5,0,0,8,0,0,0,0,1,1,6,6,1,17,4,1598,1,12,RENAULT MEGANE,4,E01033727,0,-1
2021122100951,2021,122100951,1,9,0,18,19,6,2,0,0,1,0,0,0,0,1,1,6,6,1,31,6,1461,2,7,RENAULT MEGANE,4,E01027910,0,-1
2021010298351,2021,010298351,1,9,0,18,19,5,1,0,0,4,0,0,0,0,1,1,6,6,1,76,11,1598,1,10,RENAULT MEGANE,5,E01000747,0,-1
2021010294860,2021,010294860,1,9,0,18,19,7,3,0,0,0,0,0,0,0,2,1,6,6,2,26,6,1461,2,12,RENAULT MEGANE,2,E01000018,0,-1
2021061047789,2021,061047789,2,9,0,18,19,1,5,0,0,8,0,0,0,0,4,1,2,2,1,41,7,1461,2,10,RENAULT MEGANE,-1,-1,0,-1
202131B049521,2021,31B049521,1,9,0,18,19,4,8,0,0,0,0,0,0,0,1,1,1,1,1,35,6,1598,1,16,RENAULT MEGANE,1,E01028068,0,-1
2021231050749,2021,231050749,2,9,0,2,2,0,0,0,0,0,0,0,0,0,3,1,5,6,1,52,8,1461,2,8,RENAULT MEGANE,3,E01031059,0,-1
2021122101306,2021,122101306,1,9,0,18,19,1,6,0,0,3,0,0,0,0,4,1,6,6,1,56,9,1461,2,12,RENAULT MEGANE,7,E01027781,0,-1
2021991076850,2021,991076850,1,9,0,16,19,8,4,0,0,0,2,10,0,0,3,1,6,6,1,31,6,1598,1,7,RENAULT MEGANE,5,-1,0,-1
2021320710781,2021,320710781,1,9,0,18,19,2,6,0,0,0,1,0,0,4,1,1,1,1,2,41,7,1598,1,14,RENAULT MEGANE,3,E01026024,0,-1
2021211047806,2021,211047806,2,9,0,3,3,8,4,0,0,1,0,0,0,0,2,1,5,6,2,52,8,1870,2,9,RENAULT MEGANE,4,E01029559,0,-1
202134NNC3121,2021,34NNC3121,2,9,0,3,3,4,8,0,0,1,0,0,0,0,1,1,3,7,2,42,7,1598,1,11,RENAULT MEGANE,2,E01026949,0,-1
2021041063971,2021,041063971,2,9,0,18,19,1,5,0,0,1,0,0,0,0,1,2,5,6,2,60,9,1461,2,6,RENAULT MEGANE,1,E01025389,0,-1
2021991020694,2021,991020694,2,9,0,9,9,7,5,0,0,1,0,0,0,0,1,1,5,6,1,22,5,1461,2,13,RENAULT MEGANE,-1,-1,0,-1
2021101045861,2021,101045861,1,9,0,18,19,7,3,0,0,0,1,0,0,0,1,1,6,6,1,41,7,1598,1,13,RENAULT MEGANE,5,E01027511,0,-1
2021070829184,2021,070829184,1,9,0,12,12,8,4,0,0,1,0,0,0,0,0,1,6,6,1,54,8,1598,1,10,RENAULT MEGANE,9,E01018544,0,-1
2021361080549,2021,361080549,2,9,0,3,3,5,1,0,0,0,0,0,0,0,3,1,1,1,2,46,8,1461,2,8,RENAULT MEGANE,2,E01033040,0,-1
2021231059240,2021,231059240,2,9,0,18,19,4,8,0,0,0,0,0,0,0,3,1,5,6,1,60,9,1461,2,11,RENAULT MEGANE,1,E01031057,0,-1
2021201082269,2021,201082269,1,9,0,5,5,8,4,9,9,8,0,0,0,0,1,1,6,6,2,29,6,1461,2,8,RENAULT MEGANE,1,E01010541,0,-1
2021201072504,2021,201072504,1,9,0,9,9,5,3,0,0,5,0,0,0,0,1,1,1,1,1,41,7,1461,2,6,RENAULT MEGANE,1,E01032889,0,-1
2021070291644,2021,070291644,2,9,0,18,19,8,4,0,0,1,0,0,0,0,1,1,3,7,1,48,8,1598,1,10,RENAULT MEGANE,8,E01028977,0,-1
202106L079140,2021,06L079140,1,9,0,18,19,4,8,0,0,0,0,0,0,0,1,1,6,6,1,24,5,1461,2,4,RENAULT MEGANE,-1,-1,0,-1
2021501083640,2021,501083640,2,9,0,17,19,5,1,0,0,0,0,0,2,10,3,1,2,2,1,42,7,1598,1,13,RENAULT MEGANE,2,E01020280,0,-1
2021070144149,2021,070144149,1,9,0,18,19,8,4,0,0,0,0,0,0,0,1,1,6,6,1,-1,-1,1598,1,21,RENAULT MEGANE,-1,-1,0,-1
2021461077176,2021,461077176,2,9,0,18,19,7,3,0,0,0,0,0,0,0,3,1,6,6,2,28,6,1461,2,7,RENAULT MEGANE,1,E01024590,0,-1
2021531124567,2021,531124567,1,9,0,18,19,5,1,0,0,0,5,0,7,0,1,1,5,6,1,22,5,1998,1,11,RENAULT MEGANE,8,E01022280,0,-1
2021430538131,2021,430538131,2,9,0,18,19,7,5,0,0,8,0,0,0,0,4,1,6,6,1,54,8,1598,1,16,RENAULT MEGANE,4,E01028453,0,-1
2021201029076,2021,201029076,2,9,0,2,2,0,0,9,9,1,0,0,0,0,2,1,1,1,1,63,9,1461,2,2,RENAULT MEGANE,8,E01029430,0,-1
2021010344583,2021,010344583,2,9,0,99,99,9,9,99,99,9,9,99,9,99,1,9,6,6,3,-1,-1,1397,1,10,RENAULT MEGANE,3,E01001109,0,-1
2021170H10601,2021,170H10601,3,9,0,18,19,7,3,0,0,1,0,0,0,0,1,1,6,6,1,46,8,1461,2,6,RENAULT MEGANE,8,E01033465,0,-1
2021041106856,2021,041106856,2,9,0,18,19,1,5,0,0,8,0,0,0,0,1,1,5,6,1,35,6,1995,2,14,RENAULT MEGANE,1,E01024858,0,-1
2021440330699,2021,440330699,2,9,0,18,19,4,8,0,0,1,0,0,0,0,1,1,2,2,1,28,6,1461,2,7,RENAULT MEGANE,4,E01017192,0,-1
2021010307366,2021,010307366,1,9,0,18,19,7,3,0,0,2,0,0,0,0,1,1,2,2,1,31,6,1598,1,11,RENAULT MEGANE,3,E01003105,0,-1
2021010315750,2021,010315750,1,9,0,18,19,8,4,0,0,2,0,0,0,0,1,1,2,2,1,37,7,1461,2,3,RENAULT MEGANE,-1,-1,0,-1
202163A011621,2021,63A011621,2,9,0,10,10,2,1,0,0,1,0,0,0,0,2,1,6,6,1,72,10,1598,1,9,RENAULT MEGANE,4,W01000637,0,-1
2021010329379,2021,010329379,1,9,0,2,2,0,0,0,0,1,0,0,0,0,1,1,6,6,3,-1,-1,1461,2,5,RENAULT MEGANE,-1,-1,0,-1
2021201143412,2021,201143412,3,9,0,2,2,0,0,0,0,0,0,0,0,0,1,1,6,6,1,64,9,1461,2,11,RENAULT MEGANE,1,E01009400,0,-1
2021010311939,2021,010311939,2,9,0,2,2,0,0,0,0,0,0,0,0,0,1,1,6,6,3,-1,-1,1598,1,10,RENAULT MEGANE,-1,-1,0,-1
2021010294920,2021,010294920,2,9,9,99,99,9,9,99,99,9,9,99,9,99,9,9,6,6,3,22,5,1461,2,15,RENAULT MEGANE,1,E01003207,0,-1
2021430206658,2021,430206658,2,9,0,18,19,7,3,0,0,0,0,0,0,0,1,1,6,6,1,-1,-1,1598,1,15,RENAULT MEGANE,-1,-1,0,-1
2021440485153,2021,440485153,2,9,0,18,19,5,2,0,0,8,0,0,1,2,4,1,1,1,2,31,6,1598,1,14,RENAULT MEGANE,8,E01023215,0,-1
2021061115325,2021,061115325,2,9,0,9,9,7,4,0,0,8,0,0,0,0,4,1,5,6,2,32,6,1461,2,12,RENAULT MEGANE,2,E01005105,0,-1
2021501103722,2021,501103722,3,9,0,2,2,0,0,0,0,0,0,0,1,0,3,1,5,6,1,32,6,1598,1,11,RENAULT MEGANE,5,E01018912,0,-1
2021201110554,2021,201110554,2,9,0,18,19,5,1,0,0,0,0,0,0,0,2,1,6,6,2,26,6,1461,2,4,RENAULT MEGANE,8,E01032100,0,-1
2021041036480,2021,041036480,1,9,0,18,19,6,2,0,0,8,0,0,0,0,1,1,6,6,1,30,6,1461,2,11,RENAULT MEGANE,9,E01025127,0,-1
2021430170629,2021,430170629,2,9,0,9,9,5,3,0,0,5,0,0,0,0,1,1,6,6,1,57,9,1598,1,14,RENAULT MEGANE,6,E01026038,0,-1
202163C053521,2021,63C053521,3,9,0,8,8,8,2,0,0,8,0,0,1,10,1,1,6,6,2,40,7,1461,2,14,RENAULT MEGANE,5,W01000566,0,-1
2021161011449,2021,161011449,1,9,0,9,9,1,7,0,0,6,0,0,0,0,1,1,5,6,1,34,6,1598,1,13,RENAULT MEGANE,7,E01013014,0,-1
2021010315487,2021,010315487,1,9,0,9,9,7,4,0,0,5,0,0,0,0,1,1,6,6,1,33,6,1598,2,6,RENAULT MEGANE,6,E01001236,0,-1
2021401036776,2021,401036776,2,9,-1,-1,-1,-1,-1,-1,-1,-1,-1,-1,-1,0,-1,1,5,6,1,33,6,1461,2,16,RENAULT MEGANE,2,E01015794,0,-1
2021501046562,2021,501046562,1,9,0,18,19,2,6,0,0,0,1,0,2,11,1,1,6,6,2,22,5,1461,2,14,RENAULT MEGANE,1,E01018995,0,-1
2021201118817,2021,201118817,2,9,0,2,2,0,0,0,0,0,0,0,0,0,1,1,6,6,3,-1,-1,1461,2,6,RENAULT MEGANE,-1,-1,0,-1
2021010335758,2021,010335758,2,9,0,10,10,5,2,0,0,6,0,0,0,0,1,1,6,6,3,-1,-1,1598,1,16,RENAULT MEGANE,-1,-1,0,-1
2021421028364,2021,421028364,2,9,0,18,19,6,2,0,0,1,0,0,0,0,4,1,5,6,1,23,5,1199,1,9,RENAULT MEGANE,1,E01022032,0,-1
2021061065001,2021,061065001,2,9,0,4,4,2,6,0,0,2,0,0,0,0,2,1,2,2,1,33,6,1198,1,5,RENAULT MEGANE,4,E01005632,0,-1
2021440003361,2021,440003361,2,9,0,4,4,7,3,0,0,1,0,0,0,0,2,1,6,6,1,40,7,1598,1,19,RENAULT MEGANE,4,E01030433,0,-1
2021041085015,2021,041085015,1,9,0,4,4,5,1,0,0,0,0,0,0,0,1,1,5,6,1,74,10,1598,1,11,RENAULT MEGANE,1,E01032912,0,-1
2021991092336,2021,991092336,1,9,0,18,19,8,4,0,0,0,0,0,0,0,1,1,1,1,1,30,6,1198,1,3,RENAULT MEGANE,6,E01010233,0,-1
2021501027420,2021,501027420,1,9,0,4,4,7,3,0,0,0,0,0,0,0,1,1,6,6,1,30,6,1598,1,15,RENAULT MEGANE,1,E01015152,0,-1
2021302100599,2021,302100599,1,9,0,9,9,6,4,0,0,1,0,0,0,0,3,1,6,6,2,30,6,1461,2,12,RENAULT MEGANE,1,E01019509,0,-1
2021010292231,2021,010292231,1,9,0,99,99,9,9,99,99,9,9,99,9,99,2,9,6,6,1,25,5,1598,1,11,RENAULT MEGANE,3,E01003616,0,-1
2021061122088,2021,061122088,1,9,0,11,11,1,5,0,0,0,0,0,0,0,1,1,5,6,1,29,6,1461,2,9,RENAULT MEGANE,-1,-1,0,-1
2021101054577,2021,101054577,3,9,0,18,19,3,7,0,0,0,0,0,0,0,2,1,5,6,1,44,7,1598,1,10,RENAULT MEGANE,4,E01008796,0,-1
2021010337211,2021,010337211,1,9,0,5,5,8,4,0,0,6,0,0,0,0,1,1,6,6,2,34,6,1598,1,14,RENAULT MEGANE,2,E01000030,0,-1
2021141086400,2021,141086400,1,9,0,3,3,2,2,0,0,1,0,0,0,0,3,1,5,6,1,47,8,1461,2,12,RENAULT MEGANE,5,E01007588,0,-1
2021440511729,2021,440511729,1,9,0,18,19,4,8,0,0,8,0,0,0,0,1,1,6,6,2,75,10,1461,2,4,RENAULT MEGANE,10,E01023212,0,-1
202134WNC4661,2021,34WNC4661,1,9,0,9,9,5,3,0,0,5,1,0,1,9,4,1,6,6,1,52,8,1461,2,13,RENAULT MEGANE,8,E01027028,0,-1
2021421076823,2021,421076823,3,9,0,4,4,2,6,0,0,1,0,0,0,0,2,1,5,6,2,36,7,1461,2,9,RENAULT MEGANE,8,E01021725,0,-1
2021531077096,2021,531077096,2,9,0,18,19,5,1,0,0,0,0,0,0,0,2,1,5,6,1,47,8,1598,1,15,RENAULT MEGANE,-1,-1,0,-1
2021552101342,2021,552101342,1,9,0,7,7,2,4,0,0,5,0,0,0,0,1,1,6,6,1,69,10,1461,2,16,RENAULT MEGANE,6,E01015336,0,-1
2021010315762,2021,010315762,2,9,0,9,9,1,7,0,0,8,0,0,0,0,4,1,6,6,1,44,7,1390,1,19,RENAULT MEGANE,4,E01003119,0,-1
2021010301137,2021,010301137,2,9,0,2,2,0,0,8,6,1,0,0,0,0,3,1,6,6,3,-1,-1,1461,2,14,RENAULT MEGANE,-1,-1,0,-1
2021201071728,2021,201071728,1,9,0,10,10,1,7,9,9,8,0,0,0,0,1,1,6,6,2,-1,-1,1598,1,11,RENAULT MEGANE,-1,-1,0,-1
2021170M30761,2021,170M30761,2,9,0,18,19,6,2,0,0,8,0,0,0,0,1,1,6,6,1,40,7,1461,2,17,RENAULT MEGANE,9,E01012066,0,-1
2021430147474,2021,430147474,1,9,0,9,9,5,1,0,0,1,0,0,0,0,4,1,6,6,1,51,8,1598,1,19,RENAULT MEGANE,10,E01028758,0,-1
2021131104203,2021,131104203,1,9,0,18,19,2,6,0,0,1,0,7,0,0,1,1,5,6,1,19,4,1598,1,13,RENAULT MEGANE,3,E01010665,0,-1
2021010344485,2021,010344485,2,8,0,18,19,1,5,0,0,5,0,0,1,0,3,1,6,6,1,59,9,1598,1,13,-1,2,E01001795,0,-1
2021461128454,2021,461128454,3,9,0,2,2,0,0,0,0,1,0,0,0,0,1,1,5,6,3,-1,-1,1461,2,8,RENAULT MEGANE,-1,-1,0,-1
2021461083058,2021,461083058,1,9,0,18,19,5,1,0,0,0,0,0,0,0,4,1,5,6,2,57,9,1998,1,14,RENAULT MEGANE,10,E01000794,0,-1
2021201111902,2021,201111902,1,9,0,9,9,2,4,0,0,4,0,10,0,0,1,1,6,6,1,32,6,1598,1,15,RENAULT MEGANE,4,E01009139,0,-1
2021231057203,2021,231057203,2,9,0,18,19,7,3,0,0,0,0,10,0,0,3,1,2,2,1,23,5,1461,2,14,RENAULT MEGANE,3,E01013763,0,-1
2021141041793,2021,141041793,3,9,0,18,19,3,7,0,0,1,0,0,0,0,1,1,5,6,1,22,5,1870,2,10,RENAULT MEGANE,2,E01007881,0,-1
2021451032668,2021,451032668,1,9,0,17,19,7,3,0,0,0,1,0,7,11,1,1,5,6,1,21,5,1598,1,16,RENAULT MEGANE,2,E01030497,0,-1
2021440516507,2021,440516507,1,9,0,13,13,5,1,0,0,0,0,0,7,0,1,1,2,2,1,48,8,1598,1,14,RENAULT MEGANE,10,E01023000,0,-1
2021010295436,2021,010295436,1,9,0,9,9,5,2,0,0,1,0,0,0,0,1,1,6,6,1,40,7,1461,2,7,RENAULT MEGANE,3,E01000044,0,-1
2021522102747,2021,522102747,2,9,0,2,2,0,0,0,0,0,0,0,0,0,3,1,6,6,3,-1,-1,1598,1,16,RENAULT MEGANE,-1,-1,0,-1
2021201085128,2021,201085128,1,9,0,3,3,6,1,0,0,1,0,0,0,0,0,1,2,2,2,36,7,1598,1,11,RENAULT MEGANE,2,E01010449,0,-1
2021122100684,2021,122100684,1,9,0,9,9,7,8,0,0,6,0,0,0,0,4,1,6,6,1,20,4,1461,2,11,RENAULT MEGANE,6,E01013398,0,-1
2021531103947,2021,531103947,1,9,0,9,9,7,3,0,0,6,1,0,0,0,3,1,5,6,1,50,8,1598,1,11,RENAULT MEGANE,8,E01032182,0,-1
2021501135889,2021,501135889,2,9,0,18,19,3,7,0,0,1,0,0,1,2,4,1,1,1,1,52,8,1461,2,16,RENAULT MEGANE,4,E01018812,0,-1
2021010349881,2021,010349881,1,9,0,18,19,7,3,0,0,1,0,0,0,0,1,1,6,6,1,21,5,1598,1,14,RENAULT MEGANE,3,E01001365,0,-1
2021471016072,2021,471016072,2,9,0,5,5,2,6,8,6,0,0,0,0,0,2,1,6,6,1,66,10,1598,1,21,RENAULT MEGANE,6,E01030570,0,-1
2021461068330,2021,461068330,2,9,0,18,19,7,3,0,0,0,0,0,0,0,2,1,6,6,1,-1,-1,1598,1,11,RENAULT MEGANE,3,E01016016,0,-1
202131A043421,2021,31A043421,1,9,0,18,19,4,8,0,0,0,0,0,0,0,1,1,6,6,2,49,8,1598,1,14,RENAULT MEGANE,8,E01028321,0,-1
2021440389639,2021,440389639,3,9,0,4,4,5,1,0,0,1,0,0,0,0,2,1,2,2,2,30,6,1461,2,7,RENAULT MEGANE,3,E01022680,0,-1
2021461107790,2021,461107790,1,9,0,18,19,1,5,0,0,0,0,0,0,0,1,1,6,6,2,43,7,1461,2,9,RENAULT MEGANE,3,E01016043,0,-1
2021010347212,2021,010347212,3,9,0,18,19,3,7,0,0,0,0,0,0,0,1,1,6,6,1,21,5,1461,2,11,RENAULT MEGANE,8,E01030800,0,-1
2021010311126,2021,010311126,2,9,9,99,99,9,9,99,99,9,9,99,9,99,9,9,6,6,2,30,6,1598,1,12,RENAULT MEGANE,6,E01032708,0,-1
2021440401636,2021,440401636,1,9,0,18,19,4,8,0,0,1,0,0,0,0,3,1,6,6,2,26,6,1870,2,11,RENAULT MEGANE,4,E01022711,0,-1
2021421083470,2021,421083470,2,9,0,4,4,7,3,0,0,0,0,0,0,0,2,1,5,6,1,35,6,1598,1,11,RENAULT MEGANE,9,E01021709,0,-1
2021010337114,2021,010337114,1,9,0,99,99,9,9,99,99,9,9,99,9,99,2,9,6,6,1,40,7,1998,1,15,RENAULT MEGANE,6,E01001964,0,-1
2021461058009,2021,461058009,1,9,0,1,1,7,3,9,9,0,0,0,0,0,2,1,5,6,1,58,9,1598,1,12,RENAULT MEGANE,7,E01024636,0,-1
2021545971121,2021,545971121,3,9,0,18,19,7,3,0,0,0,0,0,0,0,3,1,6,6,1,31,6,1598,1,12,RENAULT MEGANE,5,E01016280,0,-1
2021451089308,2021,451089308,1,9,0,17,19,5,2,0,0,2,0,0,1,9,4,1,5,6,1,28,6,1461,2,10,RENAULT MEGANE,10,E01030955,0,-1
2021070109072,2021,070109072,2,9,0,2,2,5,7,0,0,2,0,0,0,0,2,1,6,6,1,41,7,1461,2,12,RENAULT MEGANE,1,E01012533,0,-1
2021361105890,2021,361105890,1,9,0,1,1,7,3,0,0,1,0,0,0,0,2,1,5,6,1,31,6,1461,2,8,RENAULT MEGANE,5,E01026433,0,-1
2021211096353,2021,211096353,1,9,0,18,19,8,4,0,0,2,0,0,0,0,1,1,5,6,1,64,9,1598,1,11,RENAULT MEGANE,10,E01029741,0,-1
2021401022504,2021,401022504,2,9,0,9,9,5,3,0,0,6,0,0,0,0,3,1,6,6,1,30,6,1461,2,2,RENAULT MEGANE,8,E01017583,0,-1
2021320321088,2021,320321088,1,9,0,1,1,3,7,0,0,1,0,0,0,0,2,1,6,6,2,65,9,1461,2,6,RENAULT MEGANE,2,E01026030,0,-1
2021531107372,2021,531107372,1,9,0,16,19,1,5,0,0,2,0,0,0,0,1,1,5,6,1,34,6,1995,2,14,RENAULT MEGANE,6,E01022236,0,-1
2021361090975,2021,361090975,4,9,0,4,4,4,8,0,0,0,0,0,0,0,2,1,5,6,1,19,4,1461,2,8,RENAULT MEGANE,2,E01030254,0,-1
2021201128098,2021,201128098,1,9,0,18,19,2,6,0,0,0,0,10,1,1,1,1,6,6,1,52,8,1461,2,13,RENAULT MEGANE,5,E01008959,0,-1
2021320652601,2021,320652601,2,9,0,18,19,8,4,0,0,0,0,0,0,0,4,1,6,6,1,26,6,1461,2,18,RENAULT MEGANE,2,E01026006,0,-1
2021231061641,2021,231061641,3,9,0,3,3,3,7,0,0,0,0,0,0,0,2,1,5,6,1,60,9,1461,2,13,RENAULT MEGANE,6,E01031189,0,-1
2021451103826,2021,451103826,2,9,0,18,19,5,1,0,0,1,0,0,0,0,3,1,5,6,2,32,6,1598,1,11,RENAULT MEGANE,7,E01030738,0,-1
2021201112697,2021,201112697,2,9,0,2,2,0,0,0,0,0,0,0,0,0,2,1,3,7,2,33,6,1461,2,8,RENAULT MEGANE,1,E01010478,0,-1
2021471032440,2021,471032440,1,9,0,18,19,1,5,0,0,1,0,0,1,3,1,1,5,6,1,17,4,1598,1,15,RENAULT MEGANE,8,E01031535,0,-1