collision_index,collision_year,collision_ref_no,vehicle_reference,vehicle_type,towing_and_articulation,vehicle_manoeuvre_historic,vehicle_manoeuvre,vehicle_direction_from,vehicle_direction_to,vehicle_location_restricted_lane_historic,vehicle_location_restricted_lane,junction_location,skidding_and_overturning,hit_object_in_carriageway,vehicle_leaving_carriageway,hit_object_off_carriageway,first_point_of_impact,vehicle_left_hand_drive,journey_purpose_of_driver_historic,journey_purpose_of_driver,sex_of_driver,age_of_driver,age_band_of_driver,engine_capacity_cc,propulsion_code,age_of_vehicle,generic_make_model,driver_imd_decile,lsoa_of_driver,escooter_flag,driver_distance_banding
2021501031872,2021,501031872,1,3,0,13,13,3,7,0,0,1,0,0,0,0,1,1,2,2,1,18,4,125,1,7,HONDA CBF 125,6,E01020209,0,-1
2021010343416,2021,010343416,1,3,0,5,5,3,7,0,0,0,0,0,0,0,1,1,6,6,1,31,6,125,1,6,HONDA CBF 125,2,E01001361,0,-1
2021010335049,2021,010335049,1,3,0,99,99,9,9,99,99,9,9,99,9,99,9,1,6,6,1,19,4,125,1,1,HONDA CBF 125,3,E01003588,0,-1
2021010325469,2021,010325469,2,3,0,18,19,3,7,2,2,2,0,0,0,0,1,1,6,6,1,46,8,125,1,10,HONDA CBF 125,5,E01000430,0,-1
2021361143277,2021,361143277,2,3,0,3,3,4,1,0,0,0,0,0,0,0,2,1,2,2,1,19,4,124,1,0,HONDA CBF 125,5,E01026727,0,-1
2021010352537,2021,010352537,2,3,0,16,19,1,5,0,0,1,0,0,0,0,1,1,1,1,1,53,8,125,1,10,HONDA CBF 125,2,E01003594,0,-1
2021501068519,2021,501068519,2,3,0,18,19,6,2,0,0,8,0,0,0,0,1,1,2,2,1,17,4,125,1,2,HONDA CBF 125,8,E01020190,0,-1
2021471094053,2021,471094053,2,3,0,18,19,2,6,0,0,8,0,0,0,0,1,1,1,1,1,18,4,125,1,8,HONDA CBF 125,6,E01021021,0,-1
2021131109693,2021,131109693,2,3,0,16,19,7,3,0,0,0,0,0,0,0,2,1,6,6,1,20,4,125,1,2,HONDA CBF 125,1,E01011466,0,-1
2021371111121,2021,371111121,1,3,0,18,19,6,2,0,0,0,0,0,0,0,1,1,1,1,1,27,6,125,1,10,HONDA CBF 125,6,E01030057,0,-1
2021320392868,2021,320392868,1,3,0,17,19,7,3,0,0,0,5,0,1,0,4,1,6,6,2,22,5,125,1,9,HONDA CBF 125,2,E01026170,0,-1
2021440389278,2021,440389278,1,3,0,7,7,3,7,0,0,5,1,0,0,0,4,1,6,6,1,17,4,124,1,0,HONDA CBF 125,6,E01022736,0,-1
2021010349892,2021,010349892,2,3,0,18,19,1,5,0,0,1,0,0,0,0,1,1,6,6,2,19,4,124,1,0,HONDA CBF 125,-1,-1,0,-1
2021471092902,2021,471092902,2,3,0,13,13,1,5,0,0,1,0,0,0,0,4,1,6,6,1,23,5,125,1,0,HONDA CBF 125,3,E01016926,0,-1
2021231081034,2021,231081034,1,3,0,18,19,1,5,0,0,8,0,0,0,0,3,1,6,6,1,21,5,125,1,0,HONDA CBF 125,5,E01031141,0,-1
2021010327864,2021,010327864,2,4,0,18,19,1,5,0,0,0,0,0,0,0,2,1,6,6,1,38,7,124,1,0,HONDA CBF 125,2,E01000063,0,-1
2021411040741,2021,411040741,1,3,0,9,9,6,4,0,0,3,0,0,0,0,4,1,5,6,1,28,6,125,1,6,HONDA CBF 125,6,E01015721,0,-1
2021010329660,2021,010329660,2,3,0,15,15,7,3,0,0,4,2,0,0,0,1,1,4,7,1,17,4,125,1,10,HONDA CBF 125,-1,-1,0,-1
2021010296123,2021,010296123,1,3,0,18,19,5,1,0,0,8,0,0,0,0,1,1,2,2,1,32,6,125,1,7,HONDA CBF 125,4,E01000498,0,-1
2021010293691,2021,010293691,2,3,0,5,5,0,3,0,0,8,0,0,0,0,3,1,6,6,1,17,4,125,1,2,HONDA CBF 125,-1,-1,0,-1
2021161096245,2021,161096245,3,3,0,14,14,6,2,0,0,1,0,0,0,0,1,1,5,6,1,21,5,125,1,0,HONDA CBF 125,2,E01012821,0,-1
2021010298978,2021,010298978,1,3,0,18,19,9,9,0,0,1,5,0,0,99,1,1,6,6,1,29,6,125,1,8,HONDA CBF 125,4,E01000799,0,-1
2021131125474,2021,131125474,1,3,0,16,19,7,3,0,0,0,0,0,0,0,2,1,2,2,1,17,4,125,1,0,HONDA CBF 125,3,E01010986,0,-1
2021010329266,2021,010329266,2,3,0,18,19,5,1,0,0,1,0,0,0,0,1,1,6,6,1,34,6,125,1,1,HONDA CBF 125,-1,-1,0,-1
202163A094521,2021,63A094521,2,3,0,18,19,6,3,0,0,8,1,0,0,0,1,1,6,6,1,18,4,125,1,5,HONDA CBF 125,4,W01000724,0,-1
2021010298875,2021,010298875,1,3,0,18,19,1,5,0,0,1,0,0,0,0,1,1,6,6,1,29,6,125,1,2,HONDA CBF 125,-1,-1,0,-1
2021211118440,2021,211118440,1,3,0,16,19,1,1,0,0,0,5,0,1,0,3,1,1,1,2,18,4,124,1,0,HONDA CBF 125,-1,-1,0,-1
2021461101806,2021,461101806,2,3,0,18,19,4,8,0,0,0,0,0,0,0,1,1,5,6,1,19,4,125,1,9,HONDA CBF 125,5,E01016127,0,-1
2021361059357,2021,361059357,2,3,0,18,19,8,4,0,0,1,0,0,0,0,2,1,5,6,1,20,4,125,1,0,HONDA CBF 125,9,E01026548,0,-1
2021010297801,2021,010297801,2,4,0,18,19,7,3,0,0,1,5,0,0,0,1,1,6,6,1,39,7,125,1,7,HONDA CBF 125,1,E01000521,0,-1
2021131050417,2021,131050417,1,2,0,18,19,1,1,0,0,0,0,0,0,0,1,1,6,6,2,21,5,125,1,11,HONDA CBF 125,4,E01011098,0,-1
202131D080021,2021,31D080021,1,3,0,13,13,5,1,0,0,2,0,0,0,0,1,1,2,2,1,27,6,125,1,8,HONDA CBF 125,8,E01028178,0,-1
2021451127923,2021,451127923,1,4,0,18,19,1,3,0,0,1,0,0,0,0,0,1,6,6,1,41,7,125,1,0,HONDA CBF 125,5,E01030787,0,-1
2021421035688,2021,421035688,1,3,0,7,7,7,5,0,0,3,0,0,0,0,1,1,5,6,1,20,4,125,1,10,HONDA CBF 125,4,E01015853,0,-1
2021501121278,2021,501121278,2,3,0,17,19,6,2,0,0,3,0,0,0,0,1,1,2,2,1,18,4,125,1,7,HONDA CBF 125,4,E01020134,0,-1
2021361082246,2021,361082246,1,3,0,17,19,7,3,0,0,0,2,0,0,0,1,1,5,6,1,17,4,125,1,11,HONDA CBF 125,5,E01026668,0,-1
2021010323790,2021,010323790,1,3,0,18,19,8,4,0,0,0,0,0,0,0,2,1,6,6,1,23,5,125,1,1,HONDA CBF 125,3,E01002405,0,-1
2021361082918,2021,361082918,1,4,0,18,19,3,8,0,0,0,0,0,0,0,1,1,2,2,1,23,5,125,1,11,HONDA CBF 125,6,E01026420,0,-1
2021010306099,2021,010306099,2,3,0,99,99,9,9,0,0,0,0,99,9,99,4,1,6,6,1,47,8,125,1,10,HONDA CBF 125,4,E01003166,0,-1
2021010319065,2021,010319065,1,3,0,14,14,1,5,0,0,8,0,0,0,0,4,1,6,6,1,30,6,125,1,2,HONDA CBF 125,7,E01000971,0,-1
2021371073547,2021,371073547,1,3,0,18,19,5,1,0,0,0,0,0,0,0,1,1,5,6,1,17,4,125,1,0,HONDA CBF 125,8,E01029921,0,-1
2021421035688,2021,421035688,2,3,0,7,7,7,5,0,0,3,0,0,0,0,2,1,5,6,1,18,4,125,1,7,HONDA CBF 125,4,E01015873,0,-1
2021221096442,2021,221096442,1,3,0,18,19,6,2,0,0,8,1,0,0,0,1,1,5,6,1,17,4,125,1,7,HONDA CBF 125,2,E01032161,0,-1
2021351108361,2021,351108361,1,3,0,18,19,4,8,0,0,0,0,0,0,0,4,1,6,6,1,27,6,124,1,0,HONDA CBF 125,9,E01018307,0,-1
2021549665621,2021,549665621,1,3,0,18,19,7,3,0,0,0,1,0,0,0,9,1,6,6,1,17,4,125,1,10,HONDA CBF 125,9,E01032043,0,-1
2021351118129,2021,351118129,1,3,0,3,3,4,8,0,0,1,0,0,0,0,2,1,5,6,1,19,4,125,1,2,HONDA CBF 125,8,E01018280,0,-1
2021010350473,2021,010350473,1,4,0,18,19,5,1,0,0,1,0,0,0,0,1,1,6,6,1,23,5,125,1,0,HONDA CBF 125,6,E01000486,0,-1
2021411092173,2021,411092173,2,3,0,9,9,5,3,0,0,8,5,0,0,0,1,1,5,6,1,18,4,124,1,0,HONDA CBF 125,10,E01023502,0,-1
2021520201261,2021,520201261,2,3,0,18,19,5,8,0,0,8,0,0,0,0,1,1,6,6,1,19,4,125,1,0,HONDA CBF 125,6,E01020494,0,-1
2021010331587,2021,010331587,1,3,0,4,4,1,5,0,0,1,0,0,0,0,3,1,2,2,1,46,8,125,1,8,HONDA CBF 125,1,E01001052,0,-1
2021010310287,2021,010310287,1,3,0,18,19,5,1,0,0,8,0,0,0,0,3,1,6,6,1,29,6,125,1,8,HONDA CBF 125,-1,-1,0,-1
2021010300979,2021,010300979,1,3,0,13,13,3,7,0,0,2,1,0,0,0,1,1,2,2,1,18,4,125,1,1,HONDA CBF 125,3,E01011784,0,-1
2021221065316,2021,221065316,1,5,0,16,19,2,5,0,0,0,0,0,0,0,1,1,5,6,1,44,7,125,1,9,HONDA CBF 125,8,E01028997,0,-1
2021010340281,2021,010340281,2,3,0,8,8,6,8,0,0,1,0,0,0,0,2,1,2,2,1,29,6,125,1,0,HONDA CBF 125,3,E01001089,0,-1
2021522201067,2021,522201067,2,4,0,14,14,3,7,0,0,1,0,0,0,0,3,1,6,6,1,35,6,125,1,6,HONDA CBF 125,4,E01014612,0,-1
2021010321935,2021,010321935,2,3,0,13,13,3,7,0,0,1,1,4,0,0,4,1,6,6,1,27,6,124,1,0,HONDA CBF 125,5,E01033573,0,-1
202131C005721,2021,31C005721,1,3,0,18,19,7,4,0,0,8,1,0,0,0,0,1,1,1,1,20,4,125,1,11,HONDA CBF 125,-1,-1,0,-1
2021991096778,2021,991096778,1,3,0,17,19,4,8,0,0,0,1,0,1,0,3,1,5,6,1,21,5,125,1,10,HONDA CBF 125,5,-1,0,-1
2021430385530,2021,430385530,2,3,0,18,19,2,6,0,0,8,1,0,0,0,1,1,2,2,1,29,6,125,1,0,HONDA CBF 125,9,E01016330,0,-1
2021010349853,2021,010349853,1,3,0,99,99,9,9,99,99,9,9,99,9,99,9,1,1,1,1,36,7,125,1,11,HONDA CBF 125,3,E01001673,0,-1
2021440127510,2021,440127510,1,17,0,18,19,5,1,0,0,0,0,0,0,0,4,1,6,6,3,-1,-1,784,2,8,-1,-1,-1,0,-1
2021221076783,2021,221076783,1,5,0,16,19,7,2,0,0,0,1,0,0,0,1,1,5,6,1,65,9,592,1,23,-1,4,E01032445,0,-1
2021302101042,2021,302101042,2,4,0,14,14,6,2,0,0,0,0,0,0,0,1,1,6,6,3,-1,-1,125,1,3,-1,5,E01019456,0,-1
2021501089978,2021,501089978,2,3,0,14,14,6,2,0,0,0,0,0,0,0,1,1,6,6,1,24,5,125,1,6,-1,2,E01015072,0,-1
2021401077776,2021,401077776,2,3,0,16,19,7,3,0,0,1,1,0,0,0,1,1,1,1,1,30,6,125,1,3,-1,10,E01017604,0,-1
2021070696176,2021,070696176,1,3,0,18,19,5,7,0,0,3,0,0,0,0,1,1,6,6,1,35,6,125,1,3,-1,-1,-1,0,-1
2021070445508,2021,070445508,1,3,0,2,2,8,4,0,0,8,5,0,0,0,4,1,6,6,1,21,5,125,1,4,-1,3,E01018715,0,-1
2021052100337,2021,052100337,1,3,0,13,13,1,4,0,0,0,0,0,0,0,1,1,6,6,1,21,5,125,1,3,-1,6,E01006576,0,-1
2021111058644,2021,111058644,1,3,0,18,19,6,8,0,0,1,0,0,0,0,1,1,6,6,1,56,9,125,1,5,-1,1,E01020898,0,-1
2021161034621,2021,161034621,2,3,0,18,19,7,3,0,0,1,0,0,0,0,2,1,6,6,1,37,7,125,1,5,-1,1,E01012858,0,-1
2021052100631,2021,052100631,2,3,0,18,19,5,1,0,0,2,0,0,0,0,1,1,6,6,1,18,4,125,1,3,-1,7,E01006424,0,-1
2021430320700,2021,430320700,1,9,0,18,19,8,3,0,0,8,0,0,0,0,1,1,6,6,1,54,8,1998,2,13,MAZDA 5,1,E01027168,0,-1
2021471086646,2021,471086646,1,9,0,18,19,2,6,0,0,2,0,0,0,0,1,1,2,2,1,51,8,1999,1,13,MAZDA 5,7,E01031708,0,-1
2021010320565,2021,010320565,1,9,0,18,19,7,3,0,0,0,0,0,0,0,1,1,6,6,1,48,8,1798,1,15,MAZDA 5,4,E01002607,0,-1
2021471025262,2021,471025262,2,9,0,17,19,6,3,0,0,1,0,0,0,0,1,1,5,6,2,39,7,1798,1,12,MAZDA 5,10,E01031734,0,-1
2021201080582,2021,201080582,1,9,0,18,19,1,4,0,0,3,0,0,0,0,2,1,2,2,2,33,6,1999,1,14,MAZDA 5,10,E01010188,0,-1
2021520100502,2021,520100502,3,9,0,2,2,0,0,0,0,8,0,0,0,0,2,1,6,6,3,-1,-1,1798,1,12,MAZDA 5,-1,-1,0,-1
2021421051983,2021,421051983,1,9,0,9,9,8,6,0,0,8,0,0,0,0,1,1,5,6,2,51,8,1798,1,15,MAZDA 5,6,E01021807,0,-1
2021201069995,2021,201069995,1,9,0,9,9,8,6,0,0,5,0,0,0,0,3,1,1,1,1,51,8,1798,1,11,MAZDA 5,1,E01009117,0,-1
2021010315838,2021,010315838,1,9,0,4,4,5,1,0,0,0,0,0,0,0,4,1,2,2,2,38,7,1798,1,14,MAZDA 5,3,E01003319,0,-1
2021061045550,2021,061045550,2,9,0,18,19,6,2,0,0,1,0,0,0,0,2,1,6,6,2,24,5,1998,2,13,MAZDA 5,4,E01006219,0,-1
2021320150535,2021,320150535,2,9,0,17,19,6,2,0,0,1,0,0,1,0,1,1,6,6,2,41,7,1998,2,13,MAZDA 5,3,E01026343,0,-1
2021401131637,2021,401131637,1,9,0,18,19,2,6,0,0,1,0,0,0,0,1,1,6,6,2,46,8,1998,2,12,MAZDA 5,4,E01017520,0,-1
2021131082073,2021,131082073,1,9,0,18,19,1,5,0,0,0,0,0,0,0,4,1,1,1,1,57,9,1798,1,14,MAZDA 5,8,E01011889,0,-1
2021622100679,2021,622100679,2,9,0,2,2,0,0,0,0,0,0,0,0,0,3,1,6,6,2,56,9,1998,2,12,MAZDA 5,4,W01000953,0,-1
2021031027188,2021,031027188,2,9,0,18,19,7,3,0,0,8,0,0,0,0,4,1,2,2,2,42,7,1560,2,7,MAZDA 5,3,E01019114,0,-1
2021010287965,2021,010287965,1,9,0,1,1,6,1,9,9,1,0,0,0,0,2,1,6,6,1,39,7,1999,1,11,MAZDA 5,2,E01000008,0,-1
2021010338872,2021,010338872,1,9,0,99,99,9,9,99,99,9,9,99,9,99,2,9,1,1,1,39,7,1999,1,11,MAZDA 5,2,E01002493,0,-1
2021201076089,2021,201076089,1,9,0,7,7,3,5,0,0,5,0,0,0,0,1,1,6,6,1,17,4,1560,2,10,MAZDA 5,3,E01009624,0,-1
2021010325133,2021,010325133,1,9,0,9,9,6,3,0,0,1,0,0,0,0,3,1,6,6,1,56,9,1999,1,13,MAZDA 5,3,E01000022,0,-1
2021531039699,2021,531039699,2,9,0,10,10,-1,-1,0,0,0,0,0,0,0,2,1,5,6,2,51,8,1560,2,6,MAZDA 5,8,E01022247,0,-1
2021522200414,2021,522200414,2,9,0,18,19,4,8,0,0,8,0,0,0,0,1,1,6,6,2,46,8,1999,1,7,MAZDA 5,7,E01032677,0,-1
2021440298039,2021,440298039,2,9,0,18,19,1,0,0,0,0,0,0,0,0,1,1,6,6,1,-1,-1,1999,1,16,MAZDA 5,-1,-1,0,-1
2021371061303,2021,371061303,2,9,0,4,4,7,3,0,0,0,0,0,0,0,1,1,5,6,1,33,6,1998,2,11,MAZDA 5,2,E01030264,0,-1
2021010319163,2021,010319163,1,9,0,18,19,5,1,0,0,1,0,0,0,0,1,1,3,7,1,50,8,1999,1,12,MAZDA 5,-1,-1,0,-1
202131B182121,2021,31B182121,2,9,0,18,19,2,6,0,0,2,0,0,0,0,1,1,6,6,2,36,7,1998,2,11,MAZDA 5,4,E01028028,0,-1
2021211148827,2021,211148827,1,9,0,18,19,8,4,0,0,4,0,0,0,0,1,1,3,7,1,44,7,1999,1,15,MAZDA 5,1,E01014286,0,-1
2021451058502,2021,451058502,2,9,0,2,2,0,0,0,0,2,0,0,0,0,2,1,6,6,3,-1,-1,1999,1,15,MAZDA 5,-1,-1,0,-1
202134NNC2581,2021,34NNC2581,1,9,0,5,5,5,1,0,0,6,0,0,0,0,4,1,1,1,2,36,7,1560,2,7,MAZDA 5,4,E01027336,0,-1
2021221149118,2021,221149118,3,9,0,3,3,5,1,0,0,8,0,0,0,0,3,1,3,7,2,48,8,1798,1,13,MAZDA 5,7,E01032255,0,-1
2021411132116,2021,411132116,2,9,0,18,19,7,3,0,0,2,0,0,0,0,1,1,6,6,1,70,10,1560,2,6,MAZDA 5,9,E01023354,0,-1
2021302102135,2021,302102135,1,9,0,18,19,2,4,0,0,1,0,0,0,0,1,1,6,6,1,53,8,1998,2,13,MAZDA 5,2,E01013569,0,-1
2021010288175,2021,010288175,1,9,0,99,99,9,9,99,99,9,9,99,9,99,9,9,6,6,1,48,8,1998,2,12,MAZDA 5,4,E01002442,0,-1
2021471053650,2021,471053650,2,9,0,3,3,1,5,0,0,0,0,0,0,0,2,1,5,6,2,49,8,1999,1,14,MAZDA 5,6,E01021047,0,-1
2021461078457,2021,461078457,1,9,0,18,19,5,8,0,0,8,0,0,0,0,1,1,5,6,1,49,8,1798,1,15,MAZDA 5,1,E01024710,0,-1
2021010306797,2021,010306797,2,9,0,99,99,9,9,99,99,9,9,99,9,99,1,9,6,6,1,53,8,1999,1,13,MAZDA 5,6,E01003958,0,-1
2021430273816,2021,430273816,1,9,0,18,19,8,4,0,0,3,0,0,0,0,4,1,6,6,2,37,7,1798,1,15,MAZDA 5,8,E01016610,0,-1
2021501090480,2021,501090480,3,9,0,18,19,7,3,0,0,0,0,0,0,0,2,1,6,6,2,33,6,1560,2,10,MAZDA 5,7,E01015198,0,-1
2021361068643,2021,361068643,1,9,0,9,9,7,5,0,0,2,0,0,0,0,3,1,5,6,2,22,5,1999,1,12,MAZDA 5,4,E01026665,0,-1
2021131069497,2021,131069497,2,9,0,5,5,3,6,9,9,0,0,0,0,0,1,1,5,6,1,32,6,1798,1,15,MAZDA 5,1,E01011904,0,-1
2021461029054,2021,461029054,1,9,0,18,19,3,7,0,0,1,0,0,0,0,4,1,6,6,1,-1,-1,1798,1,12,MAZDA 5,8,E01024527,0,-1
2021010343724,2021,010343724,2,9,0,9,9,3,1,0,0,1,1,0,0,0,4,1,6,6,1,48,8,1999,1,12,MAZDA 5,9,E01002259,0,-1
2021211050994,2021,211050994,2,9,0,18,19,6,2,0,0,1,0,0,0,0,4,1,6,6,1,29,6,1798,1,14,MAZDA 5,-1,-1,0,-1
2021010302608,2021,010302608,1,9,0,18,19,7,3,0,0,0,1,0,0,0,3,1,2,2,1,37,7,1999,1,15,MAZDA 5,5,E01000070,0,-1
2021421104440,2021,421104440,3,9,0,2,2,0,0,0,0,8,0,0,0,0,2,1,5,6,1,65,9,1999,1,15,MAZDA 5,8,E01015823,0,-1
2021471083727,2021,471083727,1,9,0,1,1,7,3,0,0,8,0,0,0,0,2,1,6,6,1,35,6,1999,1,12,MAZDA 5,5,E01031818,0,-1
2021501022113,2021,501022113,2,9,0,18,19,7,3,0,0,1,0,0,0,0,1,1,5,6,1,51,8,1999,1,6,MAZDA 5,5,E01018975,0,-1
2021221026702,2021,221026702,1,9,0,18,19,2,6,0,0,0,0,0,0,0,1,1,6,6,1,37,7,1999,1,15,MAZDA 5,1,E01009983,0,-1
2021221037778,2021,221037778,2,9,0,17,19,6,3,0,0,0,0,0,0,0,2,1,5,6,2,40,7,1999,1,10,MAZDA 5,2,E01014105,0,-1
2021501034883,2021,501034883,1,9,0,18,19,1,5,0,0,1,0,0,0,0,1,1,2,2,1,46,8,1798,1,15,MAZDA 5,2,E01015176,0,-1
2021010309363,2021,010309363,3,9,0,2,2,0,0,0,0,0,0,4,0,0,3,1,6,6,3,-1,-1,1999,1,13,MAZDA 5,-1,-1,0,-1
2021320723286,2021,320723286,1,9,0,16,19,6,2,0,0,0,5,0,7,9,1,1,6,6,2,39,7,1999,1,14,MAZDA 5,-1,-1,0,-1
2021471033509,2021,471033509,1,9,0,18,19,2,6,0,0,3,0,0,0,0,4,1,5,6,1,74,10,1998,2,12,MAZDA 5,5,E01030531,0,-1
2021531042250,2021,531042250,2,9,0,18,19,5,1,0,0,2,0,0,0,0,4,1,6,6,1,71,10,1999,1,15,MAZDA 5,4,E01022173,0,-1
2021010346218,2021,010346218,1,9,0,17,19,1,6,0,0,8,0,0,0,0,1,1,6,6,1,48,8,1798,1,13,MAZDA 5,1,E01002782,0,-1
2021010304127,2021,010304127,2,9,0,99,99,9,9,99,99,9,9,99,9,99,1,9,6,6,3,-1,-1,1998,2,14,MAZDA 5,6,E01023199,0,-1
2021010343201,2021,010343201,2,9,0,99,99,9,9,99,99,9,9,99,9,99,9,9,6,6,1,53,8,-1,3,0,-1,8,E01023938,0,-1
2021041101929,2021,041101929,2,3,0,18,19,6,2,0,0,1,0,0,0,0,2,1,6,6,1,20,4,124,1,2,-1,1,E01024900,0,-1
2021061035242,2021,061035242,1,3,0,18,19,7,3,0,0,8,0,0,0,0,1,1,6,6,1,33,6,124,1,3,-1,2,E01004858,0,-1
2021302101248,2021,302101248,1,19,0,18,19,8,4,0,0,0,0,0,0,0,1,1,2,2,1,52,8,2488,2,5,-1,6,E01019819,0,-1
2021451072433,2021,451072433,3,98,0,18,19,5,1,0,0,8,0,0,0,0,1,1,1,1,1,54,8,2953,2,5,-1,6,E01000180,0,-1
2021421031868,2021,421031868,2,19,0,2,2,0,0,0,0,0,0,0,0,0,3,1,6,6,3,-1,-1,2488,2,6,-1,-1,-1,0,-1
2021461025543,2021,461025543,2,98,0,9,9,3,1,0,0,6,0,0,0,0,3,1,5,6,2,29,6,2488,2,7,-1,8,E01024133,0,-1
2021131035738,2021,131035738,2,20,0,18,19,7,3,0,0,0,0,0,0,0,4,1,1,1,1,59,9,2488,2,5,-1,1,E01010817,0,-1
2021461064292,2021,461064292,2,19,0,2,2,0,0,6,6,0,1,0,0,0,2,1,1,1,1,49,8,2488,2,6,-1,3,E01024392,0,-1
2021552100418,2021,552100418,2,19,0,18,19,7,3,0,0,0,0,0,0,0,3,1,1,1,1,67,10,2953,2,2,-1,10,E01015404,0,-1
2021501113636,2021,501113636,1,19,0,-1,-1,4,8,0,0,0,0,0,0,0,2,1,1,1,1,59,9,2488,2,7,-1,2,E01015218,0,-1
2021471033173,2021,471033173,1,20,0,18,19,2,6,0,0,1,2,0,0,0,4,1,1,1,1,40,7,2488,2,6,-1,7,E01021080,0,-1
2021201036014,2021,201036014,1,19,0,18,19,1,1,0,0,0,0,0,0,0,1,1,2,2,1,50,8,2488,2,5,-1,-1,-1,0,-1
2021461026965,2021,461026965,1,9,0,7,7,2,4,9,9,5,0,0,1,0,1,1,3,7,2,33,6,1598,1,12,-1,6,E01024472,0,-1
202131B082321,2021,31B082321,1,3,0,18,19,7,3,0,0,1,0,0,0,0,1,1,6,6,1,43,7,125,1,6,-1,2,E01028053,0,-1
2021010297494,2021,010297494,1,3,0,14,14,3,7,0,0,1,0,0,0,0,1,1,6,6,2,37,7,125,1,4,-1,5,E01033577,0,-1
2021471074113,2021,471074113,1,3,0,18,19,5,1,0,0,1,0,0,0,0,1,1,2,2,2,32,6,125,1,5,-1,1,E01016885,0,-1
2021440245517,2021,440245517,1,3,0,18,19,6,2,0,0,0,0,0,0,0,3,1,6,6,2,22,5,125,1,3,-1,1,E01032882,0,-1
2021010324553,2021,010324553,1,4,0,99,99,9,9,99,99,9,9,99,9,99,1,1,6,6,2,29,6,125,1,5,-1,5,E01001498,0,-1
2021201134778,2021,201134778,1,9,0,9,9,8,6,0,0,5,0,0,0,0,1,1,1,1,1,-1,-1,1332,1,8,-1,2,E01010041,0,-1
2021522103470,2021,522103470,1,9,0,9,9,7,5,0,0,5,0,0,0,0,4,1,6,6,1,31,6,1597,1,15,-1,1,E01014594,0,-1
2021101107006,2021,101107006,1,9,-1,18,19,6,2,0,0,1,0,0,0,0,1,1,6,6,1,35,6,1597,1,15,-1,-1,-1,0,-1
2021141039330,2021,141039330,1,9,0,18,19,8,4,0,0,0,0,0,0,0,1,1,5,6,1,69,10,1597,1,15,-1,1,E01007822,0,-1
2021471078396,2021,471078396,1,9,0,16,19,6,8,0,0,0,0,10,0,0,1,1,5,6,1,26,6,1120,1,28,-1,1,E01016868,0,-1
2021451043179,2021,451043179,2,9,0,2,2,0,0,9,9,1,0,0,0,0,1,1,6,6,3,-1,-1,1275,1,31,-1,-1,-1,0,-1
2021201113991,2021,201113991,1,3,0,18,19,-1,-1,0,0,1,0,0,0,0,1,1,6,6,1,19,4,124,1,5,-1,6,E01010043,0,-1
2021421088479,2021,421088479,1,9,0,14,14,7,3,0,0,0,0,4,7,0,4,1,5,6,2,73,10,998,1,6,SUZUKI CELERIO,8,E01021729,0,-1
2021010309032,2021,010309032,1,9,0,7,7,3,5,0,0,1,0,0,0,0,4,1,6,6,2,70,10,998,1,3,SUZUKI CELERIO,2,E01004384,0,-1
2021211079563,2021,211079563,4,9,0,2,2,0,0,0,0,0,0,0,0,0,1,1,6,6,3,-1,-1,996,1,5,SUZUKI CELERIO,-1,-1,0,-1
2021520103983,2021,520103983,1,9,0,3,3,1,5,0,0,1,0,0,0,0,1,1,6,6,1,51,8,998,1,5,SUZUKI CELERIO,7,E01032084,0,-1
2021131088139,2021,131088139,1,9,0,14,14,1,5,0,0,0,0,0,0,0,1,1,5,6,1,67,10,996,1,4,SUZUKI CELERIO,4,E01033694,0,-1
202134NNC3661,2021,34NNC3661,1,9,0,18,19,5,1,0,0,2,0,0,0,0,1,1,6,6,1,82,11,998,1,5,SUZUKI CELERIO,6,E01027107,0,-1
2021101032561,2021,101032561,1,9,0,18,19,2,7,0,0,1,0,0,1,0,1,1,6,6,1,79,11,998,1,2,SUZUKI CELERIO,7,E01027417,0,-1
2021430302637,2021,430302637,1,9,0,18,19,5,1,0,0,0,0,0,0,0,1,1,2,2,1,34,6,996,1,5,SUZUKI CELERIO,10,E01028625,0,-1
2021061102651,2021,061102651,1,9,0,18,19,1,5,0,0,1,0,0,0,0,1,1,5,6,2,51,8,998,1,5,SUZUKI CELERIO,3,E01006358,0,-1
2021991079526,2021,991079526,1,9,0,12,12,5,2,0,0,1,0,0,0,0,1,1,5,6,2,81,11,998,1,4,SUZUKI CELERIO,5,-1,0,-1
2021201061386,2021,201061386,5,9,0,2,2,0,0,0,0,0,0,0,0,0,1,1,5,6,2,26,6,996,1,5,SUZUKI CELERIO,-1,-1,0,-1
2021101072116,2021,101072116,1,9,0,5,5,5,5,0,0,0,0,0,0,0,3,1,6,6,1,83,11,998,1,4,SUZUKI CELERIO,5,E01027365,0,-1
2021041089203,2021,041089203,2,9,0,3,3,1,5,0,0,0,0,0,0,0,2,1,5,6,1,67,10,998,1,5,SUZUKI CELERIO,2,E01025268,0,-1
2021302101067,2021,302101067,1,9,0,9,9,2,6,0,0,2,0,0,0,0,1,1,6,6,1,97,11,996,1,5,SUZUKI CELERIO,3,E01019818,0,-1
202163A098121,2021,63A098121,1,9,0,18,19,2,6,0,0,2,0,0,0,0,4,1,6,6,1,34,6,998,1,3,SUZUKI CELERIO,2,W01000659,0,-1