collision_index,collision_year,collision_ref_no,vehicle_reference,vehicle_type,towing_and_articulation,vehicle_manoeuvre_historic,vehicle_manoeuvre,vehicle_direction_from,vehicle_direction_to,vehicle_location_restricted_lane_historic,vehicle_location_restricted_lane,junction_location,skidding_and_overturning,hit_object_in_carriageway,vehicle_leaving_carriageway,hit_object_off_carriageway,first_point_of_impact,vehicle_left_hand_drive,journey_purpose_of_driver_historic,journey_purpose_of_driver,sex_of_driver,age_of_driver,age_band_of_driver,engine_capacity_cc,propulsion_code,age_of_vehicle,generic_make_model,driver_imd_decile,lsoa_of_driver,escooter_flag,driver_distance_banding
2021552100556,2021,552100556,1,5,0,18,19,6,2,0,0,0,0,0,0,0,1,1,6,6,1,58,9,781,1,21,HONDA MODEL MISSING,3,E01020502,0,-1
2021501112439,2021,501112439,2,5,0,18,19,6,1,0,0,8,0,0,0,0,4,1,5,6,1,45,7,599,1,22,HONDA MODEL MISSING,6,E01019971,0,-1
2021010305597,2021,010305597,1,9,0,12,12,7,3,0,0,4,0,0,0,0,3,1,3,7,2,31,6,2350,1,14,HONDA MODEL MISSING,2,E01000075,0,-1
2021440242626,2021,440242626,2,4,0,4,4,5,1,0,0,0,0,0,0,0,2,1,6,6,1,65,9,400,1,33,HONDA MODEL MISSING,6,E01023081,0,-1
2021010288913,2021,010288913,1,5,0,15,15,1,5,0,0,0,0,0,0,0,1,1,2,2,1,49,8,800,1,21,HONDA MODEL MISSING,5,E01003140,0,-1
2021010310875,2021,010310875,1,3,0,18,19,3,7,0,0,0,0,0,0,0,3,1,6,6,1,23,5,125,1,5,HONDA MODEL MISSING,3,E01000081,0,-1
2021991069589,2021,991069589,2,5,0,4,4,8,5,0,0,1,5,0,0,0,1,1,5,6,1,59,9,1100,1,30,HONDA MODEL MISSING,9,-1,0,-1
2021411079061,2021,411079061,2,3,0,18,19,5,1,0,0,0,0,0,0,0,1,1,6,6,1,20,4,124,1,25,HONDA MODEL MISSING,3,E01023842,0,-1
2021010343258,2021,010343258,1,5,0,18,19,7,3,0,0,0,2,0,0,0,1,1,2,2,1,34,6,599,1,21,HONDA MODEL MISSING,9,E01021530,0,-1
2021010339452,2021,010339452,1,9,0,18,19,5,1,0,0,8,0,0,0,0,3,1,6,6,2,54,8,2354,1,13,HONDA MODEL MISSING,9,E01000208,0,-1
2021010303082,2021,010303082,1,4,0,99,99,9,9,99,99,9,9,99,9,99,1,1,6,6,1,29,6,153,1,6,HONDA MODEL MISSING,3,E01003609,0,-1
2021161032513,2021,161032513,1,9,0,13,13,5,1,0,0,0,0,0,7,0,1,1,2,2,1,29,6,2350,1,16,HONDA MODEL MISSING,1,E01012874,0,-1
2021010345979,2021,010345979,1,3,0,18,19,5,1,0,0,1,0,0,1,0,1,1,1,1,1,19,4,110,1,1,HONDA MODEL MISSING,-1,-1,0,-1
2021010338104,2021,010338104,1,3,0,16,19,7,3,0,0,0,0,0,0,0,1,1,6,6,1,40,7,125,1,6,HONDA MODEL MISSING,4,E01004617,0,-1
2021361015042,2021,361015042,2,3,0,18,19,3,7,0,0,1,0,0,0,0,1,1,5,6,1,17,4,124,1,19,HONDA MODEL MISSING,8,E01026581,0,-1
2021440380744,2021,440380744,1,4,0,14,14,5,1,0,0,0,0,0,0,0,1,1,2,2,2,60,9,198,1,45,HONDA MODEL MISSING,7,E01017286,0,-1
2021302101061,2021,302101061,1,5,0,13,13,4,8,0,0,1,0,0,0,0,4,1,6,6,1,62,9,929,1,19,HONDA MODEL MISSING,10,E01019731,0,-1
2021421124930,2021,421124930,1,4,0,18,19,1,5,0,0,0,1,0,0,0,1,1,5,6,1,21,5,398,1,31,HONDA MODEL MISSING,10,E01021587,0,-1
2021440160380,2021,440160380,2,5,0,18,19,3,7,0,0,0,1,0,0,0,1,1,6,6,1,58,9,918,1,25,HONDA MODEL MISSING,10,E01022892,0,-1
2021010314141,2021,010314141,1,9,0,18,19,1,5,99,99,9,9,99,9,99,2,1,6,6,2,35,6,1339,8,11,HONDA MODEL MISSING,5,E01003772,0,-1
2021221068370,2021,221068370,2,5,0,14,14,8,4,0,0,0,0,0,0,0,0,1,5,6,1,64,9,748,1,25,HONDA MODEL MISSING,10,E01031686,0,-1
2021471036907,2021,471036907,2,4,0,18,19,3,7,0,0,0,1,0,0,0,1,1,5,6,1,67,10,174,1,50,HONDA MODEL MISSING,2,E01020929,0,-1
2021421045097,2021,421045097,3,5,0,18,19,6,3,0,0,0,0,0,0,0,1,1,6,6,1,60,9,647,1,26,HONDA MODEL MISSING,1,E01021317,0,-1
2021552101367,2021,552101367,2,90,0,10,10,8,7,0,0,5,0,0,0,0,2,1,6,6,1,37,7,420,1,4,HONDA MODEL MISSING,5,E01020460,0,-1
2021070185881,2021,070185881,2,5,0,18,19,7,3,0,0,1,0,0,0,0,1,1,2,2,1,26,6,598,1,23,HONDA MODEL MISSING,2,E01018463,0,-1
2021501102657,2021,501102657,2,5,0,17,19,4,8,0,0,0,1,0,0,0,3,1,5,6,1,39,7,996,1,24,HONDA MODEL MISSING,4,E01020322,0,-1
2021320300043,2021,320300043,2,5,0,18,19,5,1,0,0,1,5,0,0,0,4,1,6,6,1,52,8,749,1,26,HONDA MODEL MISSING,6,E01026339,0,-1
2021231107122,2021,231107122,1,5,0,14,14,2,6,0,0,8,0,0,0,0,4,1,5,6,1,39,7,1000,1,23,HONDA MODEL MISSING,8,E01031180,0,-1
2021302101909,2021,302101909,2,2,0,10,10,3,2,0,0,1,0,0,0,0,2,1,6,6,2,16,4,50,1,18,HONDA MODEL MISSING,9,E01019595,0,-1
2021411069169,2021,411069169,1,4,0,16,19,5,1,0,0,0,0,0,0,0,1,1,6,6,1,41,7,996,1,23,HONDA MODEL MISSING,7,E01023923,0,-1
202163D050121,2021,63D050121,1,5,0,16,19,5,8,0,0,0,0,0,2,10,1,1,6,6,1,74,10,1137,1,23,HONDA MODEL MISSING,10,E01032419,0,-1
2021320141371,2021,320141371,1,5,0,14,14,7,3,0,0,0,0,0,0,0,1,1,6,6,1,31,6,649,1,27,HONDA MODEL MISSING,-1,-1,0,-1
2021371072028,2021,371072028,2,9,0,18,19,5,1,0,0,8,0,0,0,0,1,1,3,7,1,39,7,1973,1,19,HONDA MODEL MISSING,5,E01033454,0,-1
2021302100368,2021,302100368,1,5,0,18,19,8,4,0,0,2,0,0,1,2,3,1,6,6,1,18,4,599,1,25,HONDA MODEL MISSING,4,E01013967,0,-1
2021461060216,2021,461060216,1,3,0,5,5,1,5,0,0,0,2,0,0,0,1,1,6,6,1,24,5,397,1,22,HONDA MODEL MISSING,4,E01024694,0,-1
2021131034495,2021,131034495,1,9,0,16,19,3,7,0,0,0,1,0,0,0,1,1,5,6,1,26,6,2000,1,17,HONDA MODEL MISSING,3,E01006061,0,-1
2021010346106,2021,010346106,1,3,0,99,99,9,9,99,99,9,9,99,9,99,9,1,2,2,1,19,4,110,1,1,HONDA MODEL MISSING,3,E01003430,0,-1
2021501119956,2021,501119956,2,5,0,13,13,6,2,0,0,1,0,0,0,0,1,1,6,6,1,30,6,599,1,26,HONDA MODEL MISSING,2,E01015270,0,-1
2021552101060,2021,552101060,1,4,0,18,19,4,8,0,0,0,0,0,1,10,1,1,6,6,1,25,5,499,1,27,HONDA MODEL MISSING,6,E01020452,0,-1
202131D034421,2021,31D034421,2,5,0,9,9,5,3,0,0,8,0,0,0,0,4,1,6,6,1,56,9,900,1,22,HONDA MODEL MISSING,1,E01019664,0,-1
2021430195752,2021,430195752,1,4,0,18,19,3,7,0,0,0,0,4,0,0,1,1,6,6,1,42,7,499,1,25,HONDA MODEL MISSING,3,E01016454,0,-1
2021440176238,2021,440176238,2,3,0,18,19,4,8,0,0,8,0,0,0,0,1,1,2,2,2,33,6,124,1,25,HONDA MODEL MISSING,10,E01022643,0,-1
2021461071422,2021,461071422,1,5,0,18,19,7,2,0,0,0,0,0,0,0,1,1,6,6,1,-1,-1,893,1,28,HONDA MODEL MISSING,1,E01024611,0,-1
2021122101073,2021,122101073,1,4,0,7,7,8,6,0,0,4,0,0,0,0,4,1,6,6,1,75,10,408,1,45,HONDA MODEL MISSING,1,E01027806,0,-1
2021440323598,2021,440323598,2,4,0,18,19,3,7,0,0,4,0,0,0,0,2,1,6,6,1,41,7,748,1,39,HONDA MODEL MISSING,4,E01022681,0,-1
2021440389371,2021,440389371,1,3,0,18,19,5,1,0,0,0,0,0,0,0,3,1,6,6,1,31,6,110,1,1,HONDA MODEL MISSING,6,E01022551,0,-1
2021440208112,2021,440208112,1,5,0,17,19,7,3,0,0,0,0,0,1,11,1,1,6,6,1,31,6,1000,1,14,HONDA MODEL MISSING,3,E01032738,0,-1
2021351070638,2021,351070638,2,5,0,18,19,2,6,0,0,0,2,0,7,0,2,1,6,6,1,39,7,745,1,0,-1,6,E01003378,0,-1
2021451103918,2021,451103918,2,5,0,18,19,5,1,0,0,0,2,0,0,0,1,1,2,2,1,63,9,745,1,1,-1,7,E01016221,0,-1
2021010330134,2021,010330134,2,3,9,99,99,9,9,99,99,9,9,99,9,99,9,1,6,6,1,-1,-1,745,1,3,-1,2,E01004252,0,-1
2021131084027,2021,131084027,1,5,0,15,15,5,1,0,0,0,2,0,1,0,1,1,6,6,1,65,9,1084,1,23,-1,4,E01027910,0,-1
2021501096910,2021,501096910,2,5,0,18,19,6,2,0,0,8,0,0,0,0,1,1,2,2,1,53,8,1084,1,20,-1,7,E01020132,0,-1
2021501100569,2021,501100569,1,5,0,5,5,3,7,0,0,0,0,0,0,0,3,1,5,6,1,26,6,745,1,7,-1,10,E01023194,0,-1
2021031055676,2021,031055676,2,5,0,18,19,5,1,0,0,1,0,0,0,0,3,1,6,6,1,54,8,805,1,23,-1,1,E01019277,0,-1
2021622100803,2021,622100803,1,9,0,18,19,4,8,0,0,0,0,0,0,0,3,1,6,6,1,68,10,2902,2,13,KIA SEDONA,3,W01001137,0,-1
2021430509001,2021,430509001,1,9,0,9,9,3,1,0,0,8,0,0,0,0,0,1,6,6,1,77,11,2902,2,15,KIA SEDONA,8,E01016774,0,-1
2021421030899,2021,421030899,3,9,0,2,2,0,0,0,0,0,0,0,0,0,3,1,6,6,3,-1,-1,2656,1,10,KIA SEDONA,-1,-1,0,-1
2021302101406,2021,302101406,1,9,0,18,19,6,2,0,0,1,0,0,0,0,1,1,2,2,1,56,9,2199,2,10,KIA SEDONA,7,E01013489,0,-1
2021531032436,2021,531032436,2,9,0,18,19,2,6,0,0,4,0,0,0,0,3,1,5,6,2,53,8,2199,2,11,KIA SEDONA,6,E01022260,0,-1
2021141027498,2021,141027498,2,9,0,18,19,4,8,0,0,1,1,0,0,0,2,1,3,7,2,43,7,2902,2,14,KIA SEDONA,2,E01007364,0,-1
2021031094972,2021,031094972,1,9,0,18,19,5,1,0,0,2,5,11,0,0,3,1,2,2,1,73,10,2199,2,10,KIA SEDONA,10,E01019251,0,-1
2021440271814,2021,440271814,1,9,0,18,19,6,2,0,0,0,0,4,0,0,1,1,6,6,1,36,7,2902,2,17,KIA SEDONA,7,E01022513,0,-1
2021451021260,2021,451021260,5,9,0,2,2,0,0,9,9,0,0,0,0,0,2,1,6,6,3,-1,-1,2902,2,18,KIA SEDONA,-1,-1,0,-1
2021451112839,2021,451112839,1,9,0,11,11,7,3,0,0,0,0,0,0,0,1,1,5,6,1,28,6,2902,2,15,KIA SEDONA,1,E01026467,0,-1
2021041127300,2021,041127300,2,9,0,18,19,3,7,0,0,2,0,0,0,0,1,1,5,6,2,51,8,2902,2,14,KIA SEDONA,7,E01025005,0,-1
2021122101294,2021,122101294,2,9,0,4,4,3,7,0,0,0,0,0,0,0,1,1,6,6,1,43,7,2902,2,14,KIA SEDONA,-1,-1,0,-1
2021161045966,2021,161045966,1,9,0,18,19,3,7,0,0,0,0,0,0,0,1,1,3,7,3,-1,-1,2902,2,17,KIA SEDONA,-1,-1,0,-1
2021211046154,2021,211046154,1,9,0,18,19,5,1,0,0,0,0,0,0,0,4,1,6,6,1,42,7,2902,2,13,KIA SEDONA,1,E01029358,0,-1
2021041043136,2021,041043136,1,9,0,18,19,3,7,0,0,0,0,0,0,0,1,1,5,6,1,69,10,2199,2,10,KIA SEDONA,6,E01025421,0,-1
2021991070166,2021,991070166,2,9,0,18,19,1,5,0,0,0,0,0,0,0,2,1,5,6,1,28,6,2199,2,10,KIA SEDONA,5,-1,0,-1
2021201088367,2021,201088367,1,9,0,18,19,8,4,0,0,1,0,0,0,0,3,1,2,2,2,59,9,2902,2,15,KIA SEDONA,2,E01010091,0,-1
2021161038782,2021,161038782,1,9,0,18,19,4,8,0,0,1,0,0,0,0,0,1,5,6,1,63,9,2902,2,13,KIA SEDONA,8,E01012911,0,-1
2021141030466,2021,141030466,2,9,0,2,2,0,0,0,0,0,0,0,0,0,2,1,6,6,3,-1,-1,2902,2,17,KIA SEDONA,-1,-1,0,-1
2021161079629,2021,161079629,1,9,0,18,19,3,7,0,0,3,0,0,0,0,0,1,5,6,1,53,8,2902,2,13,KIA SEDONA,1,E01013174,0,-1
2021440417775,2021,440417775,1,9,0,18,19,2,6,0,0,7,0,0,0,0,1,1,6,6,3,-1,-1,2902,2,13,KIA SEDONA,-1,-1,0,-1
2021201046731,2021,201046731,2,9,0,13,13,6,2,0,0,7,0,0,0,0,1,1,6,6,3,30,6,2902,2,13,KIA SEDONA,-1,-1,0,-1
2021451088686,2021,451088686,1,9,0,10,10,1,6,0,0,1,0,0,0,0,2,1,3,7,2,41,7,2902,2,17,KIA SEDONA,6,E01030618,0,-1
2021061025087,2021,061025087,1,9,0,18,19,5,1,0,0,0,0,0,0,0,1,1,6,6,1,49,8,2902,2,14,KIA SEDONA,1,E01011559,0,-1
2021010313717,2021,010313717,1,3,0,18,19,8,4,0,0,0,1,0,0,0,3,1,6,6,1,30,6,125,1,1,LEXMOTO DIABLO,3,E01002079,0,-1
2021070542272,2021,070542272,2,3,0,18,19,7,3,0,0,8,0,0,0,0,1,1,6,6,1,19,4,125,1,1,LEXMOTO DIABLO,9,E01012553,0,-1
2021430475779,2021,430475779,1,4,0,18,19,8,4,0,0,0,0,0,0,0,1,1,6,6,1,20,4,125,1,1,LEXMOTO DIABLO,10,E01028662,0,-1
2021421094545,2021,421094545,2,4,0,9,9,3,1,0,0,0,0,0,0,0,4,1,6,6,2,43,7,125,1,1,LEXMOTO DIABLO,3,E01021704,0,-1
2021231111086,2021,231111086,1,3,0,18,19,1,5,0,0,8,0,0,0,0,1,1,6,6,1,28,6,125,1,0,LEXMOTO DIABLO,8,E01028462,0,-1
2021010319283,2021,010319283,2,2,0,99,99,9,9,99,99,9,9,99,9,99,1,1,6,6,3,-1,-1,125,1,1,LEXMOTO DIABLO,-1,-1,0,-1
2021430160794,2021,430160794,1,3,0,14,14,4,8,0,0,1,0,0,0,0,1,1,6,6,1,20,4,125,1,3,LEXMOTO DIABLO,8,E01028578,0,-1
2021161101935,2021,161101935,2,3,0,18,19,3,5,0,0,1,5,0,0,0,1,1,5,6,1,19,4,125,1,1,LEXMOTO DIABLO,3,E01013286,0,-1
2021440071738,2021,440071738,2,3,0,18,19,1,5,0,0,8,0,0,0,0,1,1,6,6,1,17,4,125,1,3,LEXMOTO DIABLO,8,E01022713,0,-1
2021010329027,2021,010329027,1,3,0,18,19,1,5,0,0,0,0,0,0,0,1,1,6,6,1,20,4,125,1,3,LEXMOTO DIABLO,2,E01003578,0,-1
2021101055546,2021,101055546,1,4,0,18,19,5,1,0,0,0,0,0,0,0,1,1,6,6,2,35,6,125,1,2,LEXMOTO DIABLO,7,E01008552,0,-1
2021010325412,2021,010325412,1,3,0,18,19,5,1,0,0,0,0,0,7,0,4,1,2,2,1,32,6,125,1,2,LEXMOTO DIABLO,7,E01000339,0,-1
2021543368121,2021,543368121,1,3,0,4,4,7,2,0,0,4,0,0,0,0,0,1,1,1,2,33,6,125,1,4,LEXMOTO DIABLO,8,E01029035,0,-1
2021010345725,2021,010345725,1,2,0,18,19,5,1,0,0,1,0,0,0,0,0,1,1,1,1,17,4,49,1,1,LEXMOTO DIABLO,8,E01003420,0,-1
202131C161521,2021,31C161521,2,3,0,18,19,5,1,0,0,8,0,0,0,0,3,1,1,1,1,31,6,125,1,6,LEXMOTO DIABLO,1,E01013846,0,-1
202131A111621,2021,31A111621,1,2,0,18,19,4,8,0,0,2,0,11,0,0,1,1,2,2,1,18,4,49,1,2,LEXMOTO DIABLO,-1,-1,0,-1
2021131085501,2021,131085501,2,3,0,18,19,6,6,0,0,8,2,7,1,10,1,1,1,1,1,29,6,125,1,1,LEXMOTO DIABLO,7,E01011650,0,-1
2021010295209,2021,010295209,2,3,0,18,19,7,3,0,0,0,0,0,0,0,1,1,2,2,1,38,7,125,1,1,LEXMOTO DIABLO,5,E01002443,0,-1
2021522106252,2021,522106252,1,3,0,18,19,7,3,0,0,0,0,0,1,2,1,1,6,6,1,17,4,125,1,6,LEXMOTO DIABLO,4,E01014469,0,-1
2021010301580,2021,010301580,2,2,0,18,19,1,5,0,0,0,1,0,0,0,0,1,6,6,1,17,4,125,1,1,LEXMOTO DIABLO,3,E01000736,0,-1
2021122100670,2021,122100670,1,4,0,18,19,8,4,0,0,3,0,0,0,0,4,1,6,6,1,32,6,125,1,2,LEXMOTO DIABLO,6,E01027622,0,-1
2021351073227,2021,351073227,1,2,0,18,19,5,1,0,0,4,0,0,0,0,1,1,5,6,1,22,5,125,1,6,LEXMOTO DIABLO,1,E01015602,0,-1
2021131081315,2021,131081315,2,3,0,18,19,5,1,0,0,1,0,0,0,0,1,1,5,6,1,23,5,125,1,0,LEXMOTO DIABLO,3,E01010895,0,-1
2021421075264,2021,421075264,2,4,0,18,19,1,5,0,0,0,2,0,5,7,2,1,5,6,1,32,6,-1,-1,-1,LEXMOTO DIABLO,5,E01033711,0,-1
2021010337314,2021,010337314,1,3,0,14,14,1,5,0,0,0,0,0,0,0,1,1,1,1,1,30,6,125,1,1,LEXMOTO DIABLO,9,E01003381,0,-1
2021471063308,2021,471063308,1,3,0,18,19,6,2,0,0,0,1,0,1,0,1,1,2,2,1,20,4,125,1,7,MAKE AND MODEL REDACTED,1,E01020992,0,-1
2021501096546,2021,501096546,1,3,0,13,13,7,3,0,0,1,0,0,0,0,1,1,1,1,1,38,7,125,1,6,MAKE AND MODEL REDACTED,4,E01018956,0,-1
2021451124103,2021,451124103,1,3,0,18,19,4,8,0,0,8,0,0,0,0,4,1,5,6,1,39,7,124,1,6,-1,8,E01030575,0,-1
2021421057993,2021,421057993,2,3,0,4,4,7,2,0,0,4,0,0,0,0,4,1,2,2,1,27,6,124,1,9,-1,3,E01021845,0,-1
2021481092297,2021,481092297,1,8,0,6,6,1,1,0,0,0,0,0,0,0,3,1,1,1,1,50,8,2143,2,9,MERCEDES VITO,-1,-1,0,-1
2021401056720,2021,401056720,1,9,0,18,19,3,7,0,0,0,0,0,0,0,0,1,1,1,1,54,8,2148,2,14,MERCEDES VITO,3,E01015713,0,-1
2021010323920,2021,010323920,1,9,0,4,4,1,5,0,0,1,0,0,0,0,0,1,6,6,1,42,7,2143,2,4,MERCEDES VITO,7,E01004683,0,-1
2021430251723,2021,430251723,1,8,0,9,9,7,5,0,0,1,0,0,0,0,3,1,1,1,1,56,9,2143,2,5,MERCEDES VITO,8,E01016274,0,-1
2021461073355,2021,461073355,2,19,0,18,19,3,5,0,0,6,0,0,0,0,2,1,1,1,1,52,8,1598,2,4,MERCEDES VITO,2,E01003337,0,-1
2021010344285,2021,010344285,2,19,0,9,9,5,3,0,0,2,0,0,0,0,1,1,2,2,1,31,6,1598,2,4,MERCEDES VITO,4,E01003784,0,-1
2021061055975,2021,061055975,1,9,0,18,19,1,5,0,0,0,0,0,0,0,1,1,1,1,1,30,6,-1,-1,-1,MERCEDES VITO,2,E01006036,0,-1
2021440475425,2021,440475425,2,19,0,18,19,5,1,0,0,1,0,0,0,0,1,1,6,6,1,-1,-1,2148,2,17,MERCEDES VITO,-1,-1,0,-1
2021211089717,2021,211089717,2,19,-1,-1,-1,-1,-1,-1,-1,0,-1,-1,-1,-1,-1,1,6,6,2,36,7,2148,2,16,MERCEDES VITO,-1,-1,0,-1
2021010300248,2021,010300248,1,8,0,7,7,5,7,0,0,8,0,0,0,0,4,1,1,1,1,34,6,2143,2,2,MERCEDES VITO,6,E01003698,0,-1
2021010345976,2021,010345976,1,19,0,99,99,9,9,99,99,9,9,99,9,99,9,9,1,1,1,28,6,1598,2,2,MERCEDES VITO,2,E01002615,0,-1
2021361143784,2021,361143784,1,8,0,9,9,7,5,0,0,8,0,0,0,0,1,1,1,1,1,43,7,2143,2,6,MERCEDES VITO,2,E01026858,0,-1
2021302101278,2021,302101278,1,19,0,18,19,4,8,0,0,0,0,0,0,0,1,1,6,6,3,-1,-1,2148,2,17,MERCEDES VITO,5,E01019456,0,-1
2021451021135,2021,451021135,3,9,0,15,15,1,1,0,0,0,0,0,0,0,0,1,6,6,1,31,6,2143,2,3,MERCEDES VITO,5,E01002613,0,-1
2021010302607,2021,010302607,1,8,0,18,19,5,1,0,0,2,0,0,0,0,2,1,1,1,1,52,8,2143,2,6,MERCEDES VITO,5,E01030640,0,-1
2021010325905,2021,010325905,2,19,9,99,99,9,9,99,99,9,9,99,9,99,9,9,6,6,3,-1,-1,2143,2,3,MERCEDES VITO,-1,-1,0,-1
2021010307521,2021,010307521,1,9,0,10,10,6,3,0,0,1,0,0,0,0,3,1,1,1,1,45,7,2143,2,4,MERCEDES VITO,4,E01002406,0,-1
2021451083996,2021,451083996,2,19,0,4,4,7,3,0,0,0,0,0,1,0,2,1,1,1,1,52,8,1750,2,1,MERCEDES VITO,3,E01030788,0,-1
2021401125406,2021,401125406,2,19,0,5,5,5,1,0,0,8,0,0,0,0,1,1,2,2,1,47,8,2148,2,16,MERCEDES VITO,3,E01015730,0,-1
2021421013104,2021,421013104,1,19,0,18,19,1,1,0,0,0,0,0,0,0,1,1,6,6,1,54,8,2148,2,13,MERCEDES VITO,2,E01002804,0,-1
2021010291801,2021,010291801,1,8,0,18,19,1,5,0,0,8,0,0,0,0,1,1,1,1,1,44,7,2143,2,4,MERCEDES VITO,2,E01033705,0,-1
2021481047570,2021,481047570,1,19,0,9,9,7,5,0,0,8,0,0,0,0,4,1,1,1,1,40,7,-1,3,1,MERCEDES VITO,-1,-1,0,-1
2021010319944,2021,010319944,1,8,0,3,3,5,1,0,0,2,0,0,0,0,1,1,2,2,1,51,8,2143,2,6,MERCEDES VITO,3,E01003555,0,-1
2021010297649,2021,010297649,2,19,0,99,99,9,9,99,99,9,9,99,9,99,9,9,6,6,3,-1,-1,1598,2,4,MERCEDES VITO,-1,-1,0,-1
2021010291213,2021,010291213,2,19,0,18,19,3,7,0,0,0,0,0,0,0,0,1,1,1,1,62,9,2151,2,19,MERCEDES VITO,4,E01016453,0,-1
2021302100028,2021,302100028,2,19,0,3,3,4,8,0,0,0,0,0,0,0,1,1,2,2,1,30,6,2148,2,16,MERCEDES VITO,2,E01013497,0,-1
2021041030541,2021,041030541,2,19,0,18,19,5,4,0,0,0,0,0,0,0,2,1,1,1,1,49,8,2148,2,11,MERCEDES VITO,7,E01012659,0,-1
2021061030463,2021,061030463,1,19,0,18,19,3,7,0,0,2,0,0,0,0,3,1,5,6,1,48,8,2143,2,10,MERCEDES VITO,1,E01004927,0,-1
2021041101962,2021,041101962,2,9,0,18,19,5,1,0,0,0,0,0,0,0,2,1,5,6,1,51,8,2143,2,2,MERCEDES VITO,-1,-1,0,-1
2021451058570,2021,451058570,1,19,0,4,4,3,7,0,0,0,0,0,0,0,2,1,1,1,1,58,9,1598,2,3,MERCEDES VITO,7,E01022574,0,-1
2021041038195,2021,041038195,1,19,0,1,1,1,5,0,0,8,0,0,0,0,2,1,6,6,1,53,8,2148,2,11,MERCEDES VITO,2,E01012745,0,-1
2021010326014,2021,010326014,1,8,0,99,99,9,9,99,99,9,9,99,9,99,2,9,1,1,1,56,9,2143,2,4,MERCEDES VITO,3,E01003618,0,-1
2021010289226,2021,010289226,1,19,0,99,99,9,9,99,99,9,9,99,9,99,1,9,2,2,1,46,8,2143,2,1,MERCEDES VITO,2,E01003132,0,-1
2021501037909,2021,501037909,2,9,0,5,5,7,3,0,0,8,0,0,0,0,1,1,3,7,2,45,7,1950,12,2,MERCEDES VITO,4,E01018962,0,-1
202154C179921,2021,54C179921,1,19,0,18,19,5,1,0,0,0,0,0,0,0,3,1,1,1,1,51,8,1598,2,2,MERCEDES VITO,6,W01001535,0,-1
2021421059837,2021,421059837,1,19,0,1,1,5,1,0,0,1,0,0,0,0,2,1,6,6,1,72,10,2148,2,13,MERCEDES VITO,1,E01021970,0,-1
2021302101501,2021,302101501,1,9,0,18,19,2,6,0,0,8,0,0,0,0,3,1,1,1,1,53,8,2143,2,2,MERCEDES VITO,10,E01011454,0,-1
2021010310416,2021,010310416,1,19,0,11,11,7,3,0,0,8,0,0,0,0,1,1,1,1,1,59,9,2143,2,1,MERCEDES VITO,6,E01003840,0,-1
2021010344885,2021,010344885,1,19,0,7,7,3,6,0,0,5,0,0,0,0,4,1,6,6,1,39,7,1950,2,0,MERCEDES VITO,8,E01030949,0,-1
2021010296241,2021,010296241,2,8,0,3,3,1,5,0,0,1,0,0,0,0,2,1,1,1,1,59,9,2143,2,4,MERCEDES VITO,2,E01002797,0,-1
2021010344929,2021,010344929,1,9,3,9,9,5,2,0,0,0,0,0,0,0,3,1,6,6,1,47,8,2143,2,3,MERCEDES VITO,-1,-1,0,-1
2021010322786,2021,010322786,2,19,0,99,99,9,9,99,99,9,9,99,9,99,9,9,6,6,3,-1,-1,2143,2,4,MERCEDES VITO,-1,-1,0,-1
2021010288084,2021,010288084,2,19,0,2,2,0,0,0,0,0,0,0,0,0,2,1,6,6,3,-1,-1,2143,2,1,MERCEDES VITO,-1,-1,0,-1
2021010322746,2021,010322746,1,19,0,18,19,7,3,0,0,0,0,0,0,0,3,1,2,2,1,48,8,1950,2,1,MERCEDES VITO,-1,-1,0,-1
2021010349961,2021,010349961,1,19,0,9,9,3,8,0,0,8,0,0,0,0,1,1,1,1,1,70,10,2987,2,9,MERCEDES VITO,7,E01018775,0,-1
2021061109532,2021,061109532,2,8,0,2,2,0,0,0,0,0,0,0,0,0,1,1,5,6,1,63,9,2143,2,9,MERCEDES VITO,1,E01005953,0,-1
2021010328994,2021,010328994,1,8,9,99,99,9,9,99,99,9,9,99,9,99,2,9,6,6,3,-1,-1,2143,2,4,MERCEDES VITO,-1,-1,0,-1
2021131061897,2021,131061897,1,9,0,18,19,4,8,0,0,0,0,0,0,0,1,1,1,1,1,25,5,2143,2,3,MERCEDES VITO,1,E01010618,0,-1
2021501048793,2021,501048793,1,9,0,18,19,2,6,0,0,0,0,0,0,0,2,1,5,6,1,39,7,2143,2,2,MERCEDES VITO,4,E01002594,0,-1
2021201118817,2021,201118817,4,19,0,2,2,0,0,0,0,0,0,0,0,0,3,1,6,6,3,-1,-1,2143,2,10,MERCEDES VITO,-1,-1,0,-1
2021010310372,2021,010310372,1,19,0,18,19,5,1,0,0,8,0,0,0,0,1,1,1,1,1,35,6,2143,2,5,MERCEDES VITO,10,E01021379,0,-1