collision_index,collision_year,collision_ref_no,vehicle_reference,vehicle_type,towing_and_articulation,vehicle_manoeuvre_historic,vehicle_manoeuvre,vehicle_direction_from,vehicle_direction_to,vehicle_location_restricted_lane_historic,vehicle_location_restricted_lane,junction_location,skidding_and_overturning,hit_object_in_carriageway,vehicle_leaving_carriageway,hit_object_off_carriageway,first_point_of_impact,vehicle_left_hand_drive,journey_purpose_of_driver_historic,journey_purpose_of_driver,sex_of_driver,age_of_driver,age_band_of_driver,engine_capacity_cc,propulsion_code,age_of_vehicle,generic_make_model,driver_imd_decile,lsoa_of_driver,escooter_flag,driver_distance_banding
2021531015378,2021,531015378,1,19,0,18,19,3,7,0,0,4,0,0,0,0,1,1,6,6,1,62,9,2148,2,15,MERCEDES VITO,4,E01022365,0,-1
2021451083764,2021,451083764,2,9,0,18,19,5,1,0,0,4,0,0,0,0,1,1,2,2,1,51,8,-1,-1,-1,MERCEDES VITO,4,E01030745,0,-1
2021010332221,2021,010332221,1,8,9,9,9,5,3,99,99,9,9,99,9,99,9,1,1,1,1,58,9,2143,2,10,MERCEDES VITO,3,E01001834,0,-1
2021010289144,2021,010289144,2,9,0,99,99,9,9,99,99,9,9,99,9,99,1,9,6,6,3,-1,-1,2143,2,2,MERCEDES VITO,-1,-1,0,-1
2021320720594,2021,320720594,1,19,0,18,19,2,6,0,0,8,0,0,0,0,1,1,6,6,2,26,6,1950,2,1,MERCEDES VITO,8,E01026368,0,-1
2021471029499,2021,471029499,1,19,0,5,5,1,5,0,0,8,0,0,0,0,3,1,1,1,1,59,9,2143,2,2,MERCEDES VITO,8,E01016179,0,-1
2021061082173,2021,061082173,2,8,0,18,19,3,7,0,0,8,0,0,0,0,1,1,1,1,1,45,7,2143,2,6,MERCEDES VITO,3,E01005437,0,-1
2021501024759,2021,501024759,1,19,0,18,19,4,8,0,0,0,0,0,0,0,3,1,6,6,1,56,9,2143,2,3,MERCEDES VITO,8,E01019898,0,-1
2021471054582,2021,471054582,3,19,0,7,7,6,8,0,0,5,0,0,0,0,0,1,6,6,1,54,8,2148,2,15,MERCEDES VITO,5,E01020951,0,-1
2021451121038,2021,451121038,2,19,0,2,2,0,0,9,9,0,0,0,0,0,4,1,6,6,3,-1,-1,1598,2,4,MERCEDES VITO,-1,-1,0,-1
2021430261863,2021,430261863,2,19,0,18,19,7,3,0,0,0,0,0,0,0,3,1,1,1,1,72,10,1598,2,4,MERCEDES VITO,9,E01023352,0,-1
2021302100702,2021,302100702,1,8,0,16,19,2,6,0,0,0,0,0,0,0,3,1,2,2,1,39,7,2143,2,2,MERCEDES VITO,7,E01019418,0,-1
2021010291437,2021,010291437,1,8,0,1,1,7,3,0,0,1,0,0,7,11,2,1,6,6,2,58,9,2143,2,4,MERCEDES VITO,3,E01000054,0,-1
2021010340577,2021,010340577,1,19,0,18,19,3,7,0,0,8,0,0,0,0,1,1,1,1,1,39,7,-1,3,2,MERCEDES VITO,3,E01003531,0,-1
2021010341680,2021,010341680,2,8,0,5,5,3,7,0,0,1,0,0,0,0,4,1,6,6,1,72,10,2143,2,8,MERCEDES VITO,8,E01000230,0,-1
2021010300177,2021,010300177,1,8,0,99,99,9,9,99,99,0,9,99,9,99,2,9,6,6,1,45,7,2143,2,5,MERCEDES VITO,1,E01001330,0,-1
2021010319213,2021,010319213,2,19,0,7,7,1,4,7,6,5,0,0,1,0,0,1,6,6,3,-1,-1,2143,2,4,MERCEDES VITO,-1,-1,0,-1
2021201088214,2021,201088214,1,19,0,9,9,3,1,0,0,6,0,0,0,0,1,1,6,6,1,-1,-1,2143,2,10,MERCEDES VITO,-1,-1,0,-1
2021351039966,2021,351039966,1,8,0,18,19,2,6,0,0,4,0,0,0,0,1,1,1,1,1,78,11,2143,2,4,MERCEDES VITO,2,E01026382,0,-1
2021141046194,2021,141046194,1,19,0,2,2,0,0,0,0,2,0,0,0,0,2,1,6,6,3,-1,-1,1598,2,5,MERCEDES VITO,-1,-1,0,-1
2021031100783,2021,031100783,2,20,0,18,19,5,1,0,0,0,0,0,0,0,1,1,6,6,1,29,6,-1,-1,-1,MERCEDES VITO,7,E01019219,0,-1
2021010327535,2021,010327535,2,19,0,99,99,9,9,99,99,9,9,99,9,99,1,9,6,6,3,-1,-1,2148,2,16,MERCEDES VITO,2,E01029969,0,-1
2021531028940,2021,531028940,1,19,0,1,1,-1,-1,0,0,0,0,0,0,0,2,1,1,1,1,33,6,2143,2,2,MERCEDES VITO,6,E01017717,0,-1
2021371025927,2021,371025927,3,9,0,18,19,0,0,0,0,0,0,0,0,0,2,1,5,6,1,36,7,2143,2,7,MERCEDES VITO,5,E01029960,0,-1
2021010295746,2021,010295746,2,19,0,99,99,9,9,99,99,9,9,99,9,99,1,9,6,6,3,42,7,2148,2,16,MERCEDES VITO,10,E01030387,0,-1
2021010333331,2021,010333331,2,19,0,99,99,9,9,99,99,9,9,99,9,99,1,9,6,6,3,-1,-1,2148,2,15,MERCEDES VITO,-1,-1,0,-1
2021010327952,2021,010327952,2,19,0,9,9,3,1,0,0,8,0,0,0,0,3,1,1,1,1,58,9,1598,2,3,MERCEDES VITO,4,E01002326,0,-1
2021010313300,2021,010313300,1,8,0,18,19,7,3,0,0,1,0,0,0,0,3,1,1,1,1,71,10,2143,2,6,MERCEDES VITO,6,E01023341,0,-1
2021471069741,2021,471069741,1,9,0,18,19,6,2,0,0,2,0,0,0,0,1,1,1,1,1,43,7,2143,2,5,MERCEDES VITO,3,E01021016,0,-1
2021471124448,2021,471124448,2,19,0,18,19,3,7,0,0,0,0,0,0,0,1,1,2,2,1,53,8,2143,2,10,MERCEDES VITO,4,E01021057,0,-1
2021522102347,2021,522102347,1,19,5,18,19,1,5,0,0,0,0,0,0,0,1,1,6,6,1,57,9,2143,2,11,MERCEDES VITO,-1,-1,0,-1
2021061112173,2021,061112173,1,8,0,9,9,4,8,0,0,0,0,0,0,0,1,1,6,6,1,30,6,2148,2,12,MERCEDES VITO,-1,-1,0,-1
2021371073701,2021,371073701,1,19,0,18,19,4,8,0,0,1,0,0,0,0,1,1,1,1,1,24,5,1598,2,2,MERCEDES VITO,3,E01001688,0,-1
2021461103720,2021,461103720,1,19,0,18,19,6,2,0,0,0,0,4,0,0,1,1,1,1,1,37,7,2143,2,3,MERCEDES VITO,6,E01001266,0,-1
2021471035216,2021,471035216,1,19,0,4,4,4,8,0,0,0,0,0,0,0,2,1,1,1,1,39,7,1750,2,0,MERCEDES VITO,2,E01024505,0,-1
2021471066235,2021,471066235,2,19,0,3,3,6,2,0,0,1,0,0,1,11,2,1,6,6,1,32,6,2148,2,12,MERCEDES VITO,5,E01021195,0,-1
2021991079646,2021,991079646,2,8,0,18,19,7,3,0,0,8,0,0,0,0,1,1,1,1,1,52,8,2148,2,12,MERCEDES VITO,1,-1,0,-1
2021361062201,2021,361062201,2,8,0,9,9,4,2,0,0,8,0,0,0,0,1,1,1,1,1,50,8,2143,2,4,MERCEDES VITO,4,E01026814,0,-1
2021010288913,2021,010288913,2,19,0,18,19,1,5,0,0,0,0,0,0,0,0,1,1,1,1,54,8,2148,2,16,MERCEDES VITO,5,E01003142,0,-1
2021010304402,2021,010304402,2,8,0,99,99,9,9,99,99,9,9,99,9,99,9,9,6,6,1,61,9,2143,2,4,MERCEDES VITO,8,E01003470,0,-1
2021421079620,2021,421079620,1,19,0,16,19,5,1,0,0,4,0,7,0,0,4,1,5,6,1,42,7,1598,2,5,MERCEDES VITO,9,E01021397,0,-1
2021201132939,2021,201132939,2,19,0,18,19,8,4,0,0,4,0,0,0,0,3,1,1,1,3,36,7,1750,2,0,MERCEDES VITO,8,E01010209,0,-1
2021141043232,2021,141043232,1,19,0,18,19,1,5,0,0,0,1,0,0,0,4,1,5,6,1,25,5,2143,2,7,MERCEDES VITO,6,E01007455,0,-1
2021991052651,2021,991052651,1,8,0,7,7,2,5,0,0,8,0,0,0,0,1,1,1,1,1,58,9,2143,2,10,MERCEDES VITO,2,-1,0,-1
2021010310518,2021,010310518,1,9,0,3,3,4,8,0,0,1,0,0,0,0,2,1,2,2,1,52,8,2143,2,2,MERCEDES VITO,3,E01002370,0,-1
2021320010414,2021,320010414,1,19,0,18,19,5,8,0,0,8,0,0,0,0,1,1,1,1,1,52,8,2148,2,14,MERCEDES VITO,1,E01026093,0,-1
2021101078008,2021,101078008,2,9,0,10,10,6,2,0,0,8,0,0,0,0,1,1,5,6,1,62,9,2143,2,9,MERCEDES VITO,4,E01012725,0,-1
2021010336158,2021,010336158,2,19,4,99,99,9,9,99,99,9,9,99,9,99,9,9,6,6,1,29,6,1598,2,4,MERCEDES VITO,4,E01002233,0,-1
2021010349027,2021,010349027,2,19,0,99,99,9,9,99,99,0,9,99,9,99,2,9,6,6,3,-1,-1,1598,2,3,MERCEDES VITO,-1,-1,0,-1
2021010335058,2021,010335058,1,10,0,99,99,9,9,99,99,9,9,99,9,99,9,9,1,1,1,41,7,-1,-1,-1,MERCEDES VITO,7,E01000665,0,-1
2021010347188,2021,010347188,1,8,0,18,19,3,7,0,0,1,0,0,0,0,1,1,6,6,1,43,7,2143,2,4,MERCEDES VITO,-1,-1,0,-1
2021010291658,2021,010291658,2,19,0,18,19,5,1,0,0,4,0,0,0,0,1,1,6,6,1,32,6,2143,2,2,MERCEDES VITO,-1,-1,0,-1
2021061084236,2021,061084236,1,9,0,18,19,1,5,0,0,0,0,0,0,0,1,1,1,1,1,30,6,-1,-1,-1,MERCEDES VITO,6,E01005083,0,-1
2021031091946,2021,031091946,2,19,0,16,19,8,6,0,0,8,0,0,7,7,1,1,5,6,1,55,8,2148,2,14,MERCEDES VITO,1,E01019267,0,-1
2021231107788,2021,231107788,1,19,0,9,9,7,5,0,0,4,0,0,0,0,1,1,6,6,1,62,9,2143,2,9,MERCEDES VITO,9,E01031156,0,-1
2021010343623,2021,010343623,2,19,0,99,99,9,9,99,99,9,9,99,9,99,0,9,6,6,3,31,6,1598,2,4,MERCEDES VITO,4,E01000472,0,-1
2021010329928,2021,010329928,1,20,0,99,99,9,9,99,99,9,9,99,9,99,3,9,1,1,1,26,6,-1,-1,-1,MERCEDES VITO,3,E01001116,0,-1
2021010333393,2021,010333393,2,8,0,99,99,9,9,99,99,9,9,99,9,99,1,9,6,6,1,-1,-1,2143,2,8,MERCEDES VITO,2,E01001746,0,-1
2021320645131,2021,320645131,2,8,0,18,19,7,3,0,0,0,0,0,0,0,1,1,1,1,1,57,9,2143,2,5,MERCEDES VITO,6,E01015691,0,-1
2021010294287,2021,010294287,2,19,0,99,99,9,9,99,99,9,9,99,9,99,9,9,6,6,3,-1,-1,2143,2,2,MERCEDES VITO,-1,-1,0,-1
2021221015671,2021,221015671,1,19,0,13,13,5,1,0,0,1,0,0,0,0,4,1,1,1,1,34,6,2148,2,15,MERCEDES VITO,2,E01010096,0,-1
2021010330679,2021,010330679,5,19,0,18,19,1,5,0,0,0,0,0,0,0,1,1,6,6,1,59,9,2143,2,9,MERCEDES VITO,-1,-1,0,-1
202134WNC0531,2021,34WNC0531,2,9,0,18,19,5,1,0,0,8,0,0,0,0,1,1,2,2,1,40,7,2987,2,13,MERCEDES VITO,9,E01027014,0,-1
2021010303713,2021,010303713,1,19,0,1,1,7,1,0,0,8,0,0,0,0,0,1,6,6,3,-1,-1,2148,2,14,MERCEDES VITO,-1,-1,0,-1
2021351121867,2021,351121867,2,19,0,18,19,3,7,0,0,0,0,0,0,0,1,1,1,1,1,47,8,2143,2,2,MERCEDES VITO,5,E01030106,0,-1
2021351015597,2021,351015597,1,19,0,18,19,1,5,0,0,0,0,0,0,0,1,1,6,6,1,45,7,1598,2,6,MERCEDES VITO,10,E01030456,0,-1
2021041052698,2021,041052698,2,9,0,4,4,1,5,0,0,1,0,0,0,0,2,2,6,6,1,-1,-1,2143,2,6,MERCEDES VITO,1,E01009492,0,-1
2021421069170,2021,421069170,2,19,0,4,4,6,2,0,0,0,0,0,0,0,2,1,5,6,1,31,6,2148,2,16,MERCEDES VITO,7,E01021476,0,-1
2021010300500,2021,010300500,1,8,0,18,19,8,4,2,2,0,0,0,0,0,1,1,1,1,1,39,7,2143,2,4,MERCEDES VITO,3,E01023865,0,-1
2021201147344,2021,201147344,2,9,0,18,19,2,6,0,0,8,0,0,0,0,4,1,6,6,1,58,9,-1,-1,-1,MERCEDES VITO,7,E01031089,0,-1
2021010316762,2021,010316762,2,19,0,3,3,7,3,0,0,0,0,0,0,0,0,1,2,2,1,29,6,2143,2,3,MERCEDES VITO,4,E01004668,0,-1
2021010351402,2021,010351402,1,19,0,4,4,8,4,0,0,8,0,0,0,0,3,1,6,6,1,51,8,-1,3,0,MERCEDES VITO,2,E01003176,0,-1
2021440398153,2021,440398153,2,19,0,1,1,4,8,0,0,5,0,0,0,0,2,1,1,1,2,41,7,2148,2,11,MERCEDES VITO,10,E01030958,0,-1
202163D072421,2021,63D072421,1,19,0,17,19,8,5,0,0,0,1,0,8,10,3,1,1,1,2,34,6,2143,2,1,MERCEDES VITO,9,W01000481,0,-1
2021461119271,2021,461119271,2,19,0,10,10,5,1,0,0,1,0,0,0,0,3,1,5,6,1,36,7,2148,2,13,MERCEDES VITO,9,E01021151,0,-1
2021010314911,2021,010314911,2,9,0,99,99,9,9,99,99,9,9,99,9,99,1,9,6,6,1,48,8,2143,2,3,MERCEDES VITO,2,E01000603,0,-1
2021010341516,2021,010341516,2,19,0,99,99,9,9,99,99,9,9,99,9,99,9,9,6,6,3,64,9,2143,2,5,MERCEDES VITO,4,E01003626,0,-1
2021010346780,2021,010346780,1,19,0,18,19,1,5,0,0,1,0,0,0,0,3,1,1,1,1,57,9,1598,2,3,MERCEDES VITO,3,E01003723,0,-1
2021010328123,2021,010328123,2,8,0,99,99,9,9,99,99,9,9,99,9,99,1,9,6,6,3,41,7,2143,2,4,MERCEDES VITO,2,E01003987,0,-1
2021201085175,2021,201085175,1,9,0,18,19,7,3,0,0,1,0,0,0,0,0,1,1,1,1,54,8,-1,-1,-1,MERCEDES VITO,1,E01009366,0,-1
2021451024638,2021,451024638,1,19,0,2,2,0,0,0,0,0,0,0,0,0,3,1,1,1,1,53,8,2143,2,2,MERCEDES VITO,6,E01001195,0,-1
2021201113080,2021,201113080,2,9,0,3,3,1,5,0,0,0,0,0,0,0,3,1,1,1,1,37,7,2143,2,4,MERCEDES VITO,3,E01009242,0,-1
2021501048612,2021,501048612,2,19,0,3,3,7,3,0,0,0,0,0,0,0,2,1,5,6,2,47,8,2987,2,13,MERCEDES VITO,10,E01015131,0,-1
2021041104283,2021,041104283,2,19,0,18,19,5,1,0,0,0,0,0,0,0,1,1,1,1,1,57,9,1950,2,0,MERCEDES VITO,8,E01025443,0,-1
2021170S10611,2021,170S10611,3,19,0,18,19,4,8,0,0,1,0,0,0,0,1,1,1,1,1,29,6,2143,2,3,MERCEDES VITO,8,E01027867,0,-1
2021141082360,2021,141082360,2,19,0,18,19,7,3,0,0,1,0,0,0,0,2,1,6,6,3,-1,-1,2148,2,16,MERCEDES VITO,-1,-1,0,-1
2021052101441,2021,052101441,2,8,0,18,19,1,5,0,0,8,0,0,0,0,1,1,1,1,1,36,7,2143,2,4,MERCEDES VITO,1,E01006548,0,-1
2021440451039,2021,440451039,3,19,0,4,4,5,7,0,0,0,0,0,0,0,1,1,6,6,1,67,10,2148,2,11,MERCEDES VITO,8,E01022570,0,-1
2021471038788,2021,471038788,1,9,0,7,7,5,7,0,0,8,0,0,0,0,1,1,1,1,1,61,9,2143,2,4,MERCEDES VITO,2,E01031348,0,-1
2021061091989,2021,061091989,3,19,0,3,3,7,3,0,0,1,0,0,0,0,2,1,6,6,1,25,5,1598,2,4,MERCEDES VITO,-1,-1,0,-1
2021430442326,2021,430442326,2,8,0,16,19,8,4,0,0,0,0,0,0,0,1,1,1,1,1,39,7,2143,2,4,MERCEDES VITO,2,E01028514,0,-1
2021052102528,2021,052102528,1,8,0,5,5,5,1,0,0,0,0,0,0,0,1,1,1,1,1,56,9,2148,2,11,MERCEDES VITO,5,E01006625,0,-1
2021010342767,2021,010342767,1,9,0,18,19,8,4,0,0,1,0,0,0,0,1,1,6,6,1,43,7,2143,2,8,MERCEDES VITO,5,E01003433,0,-1
2021201134917,2021,201134917,1,19,0,14,14,3,7,0,0,0,0,0,0,0,1,1,6,6,1,26,6,2143,2,2,MERCEDES VITO,1,E01009700,0,-1
2021991077144,2021,991077144,1,8,0,18,19,6,2,0,0,8,0,0,0,0,1,1,1,1,1,25,5,2143,2,0,MERCEDES VITO,-1,-1,0,-1
2021010343060,2021,010343060,1,8,0,18,19,2,6,0,0,8,0,0,0,0,3,1,1,1,1,40,7,2143,2,6,MERCEDES VITO,5,E01015926,0,-1
2021010332896,2021,010332896,1,8,0,99,99,9,9,99,99,9,9,99,9,99,9,9,1,1,1,49,8,2143,2,2,MERCEDES VITO,1,E01001772,0,-1
2021430374537,2021,430374537,1,8,0,3,3,8,4,0,0,1,0,0,0,0,2,1,1,1,1,58,9,2143,2,8,MERCEDES VITO,5,E01016405,0,-1
2021451110739,2021,451110739,3,19,0,18,19,5,1,0,0,1,0,0,0,0,1,1,1,1,1,27,6,2143,2,2,MERCEDES VITO,10,E01000682,0,-1
2021061094973,2021,061094973,1,8,0,3,3,1,5,0,0,0,0,0,0,0,2,1,1,1,1,30,6,2148,2,11,MERCEDES VITO,2,E01004814,0,-1
2021201065271,2021,201065271,1,19,0,18,19,2,6,0,0,8,0,10,7,2,1,1,3,7,1,43,7,2143,2,10,MERCEDES VITO,5,E01009939,0,-1
2021471034796,2021,471034796,1,19,0,14,14,2,6,0,0,1,0,0,0,0,1,1,2,2,1,57,9,2143,2,4,MERCEDES VITO,3,E01015856,0,-1
2021131064848,2021,131064848,2,9,0,18,19,3,7,0,0,1,0,0,0,0,1,1,2,2,1,48,8,2143,2,5,MERCEDES VITO,1,E01010739,0,-1
2021161065579,2021,161065579,1,19,0,9,9,8,6,0,0,6,0,0,0,0,3,1,1,1,1,38,7,1950,2,0,MERCEDES VITO,2,E01007642,0,-1
2021010291215,2021,010291215,1,19,0,99,99,9,9,99,99,0,9,99,9,99,9,9,6,6,1,40,7,1598,2,5,MERCEDES VITO,3,E01001147,0,-1
2021010328386,2021,010328386,2,8,0,99,99,9,9,99,99,9,9,99,9,99,1,9,6,6,3,-1,-1,1950,2,2,MERCEDES VITO,5,E01000519,0,-1
202134WNC2921,2021,34WNC2921,1,19,0,7,7,1,5,0,0,0,0,0,0,0,1,1,6,6,1,29,6,2148,2,14,MERCEDES VITO,2,E01027156,0,-1
2021010329318,2021,010329318,1,8,0,18,19,1,5,0,0,1,0,0,1,0,1,1,1,1,1,62,9,2143,2,6,MERCEDES VITO,4,E01026636,0,-1
2021991056469,2021,991056469,1,8,0,9,9,8,7,0,0,1,0,0,0,0,1,1,1,1,1,60,9,2143,2,7,MERCEDES VITO,-1,-1,0,-1
2021421099437,2021,421099437,3,8,0,3,3,7,3,0,0,0,0,0,0,0,2,1,6,6,1,51,8,2143,2,8,MERCEDES VITO,7,E01002367,0,-1
2021010318749,2021,010318749,1,9,0,18,19,5,1,0,0,8,0,0,0,0,1,1,1,1,1,44,7,2143,2,5,MERCEDES VITO,1,E01004249,0,-1
2021041099318,2021,041099318,2,9,0,18,19,3,7,0,0,8,0,0,0,0,1,1,2,2,1,58,9,2143,2,3,MERCEDES VITO,5,E01012635,0,-1
2021061029421,2021,061029421,2,9,0,11,11,5,1,0,0,0,0,0,0,0,3,1,1,1,1,35,6,1950,2,1,MERCEDES VITO,9,E01004989,0,-1
2021302100303,2021,302100303,1,19,0,18,19,8,4,0,0,8,0,0,0,0,1,1,1,1,1,33,6,2143,2,1,MERCEDES VITO,3,E01007447,0,-1
2021010331611,2021,010331611,1,8,0,7,7,5,8,0,0,5,0,0,0,0,1,1,1,1,1,48,8,2143,2,4,MERCEDES VITO,1,E01003047,0,-1
2021320184064,2021,320184064,1,19,0,17,19,4,8,0,0,0,0,0,0,0,1,1,2,2,1,59,9,1598,2,5,MERCEDES VITO,-1,-1,0,-1
2021061094062,2021,061094062,1,19,0,18,19,4,8,0,0,0,0,0,0,0,3,1,6,6,1,62,9,2148,2,12,MERCEDES VITO,1,E01005353,0,-1
2021101027079,2021,101027079,1,19,0,9,9,8,6,0,0,6,0,0,0,0,4,1,1,1,1,48,8,2151,2,18,MERCEDES VITO,7,E01008677,0,-1
2021122100514,2021,122100514,1,19,0,1,1,5,1,0,0,1,0,0,0,0,2,1,6,6,3,-1,-1,2143,2,5,MERCEDES VITO,-1,-1,0,-1
2021231014985,2021,231014985,1,8,0,18,19,8,4,0,0,1,0,0,0,0,1,1,1,1,1,43,7,2143,2,2,MERCEDES VITO,5,E01025723,0,-1
2021471117305,2021,471117305,1,19,0,17,19,3,7,0,0,0,1,7,1,9,1,1,5,6,1,51,8,2987,2,11,MERCEDES VITO,8,E01022651,0,-1
2021421105793,2021,421105793,2,19,0,18,19,4,8,0,0,0,0,0,0,0,1,1,1,1,1,49,8,1750,2,0,MERCEDES VITO,3,E01003629,0,-1
202134NNC5261,2021,34NNC5261,1,8,0,5,5,0,5,0,0,0,0,0,0,0,4,1,1,1,1,30,6,2143,2,9,MERCEDES VITO,2,E01026975,0,-1
202134NNC3371,2021,34NNC3371,1,19,0,18,19,3,7,0,0,6,0,0,0,0,1,1,6,6,1,36,7,2148,2,11,MERCEDES VITO,3,E01027124,0,-1
2021302100162,2021,302100162,1,19,0,18,19,4,2,0,0,4,0,0,0,0,1,1,6,6,1,-1,-1,2143,2,7,MERCEDES VITO,-1,-1,0,-1
2021451047587,2021,451047587,2,19,0,18,19,5,1,0,0,8,0,0,0,0,1,1,6,6,1,30,6,2143,2,10,MERCEDES VITO,4,E01023401,0,-1
2021010349691,2021,010349691,1,19,0,9,9,5,2,0,0,8,0,0,0,0,1,1,1,1,1,23,5,1750,2,1,MERCEDES VITO,3,E01004367,0,-1
2021131048068,2021,131048068,1,9,5,9,9,7,5,0,0,6,0,0,0,0,-1,1,6,6,3,-1,-1,2148,2,12,MERCEDES VITO,-1,-1,0,-1
2021010311650,2021,010311650,1,8,0,18,19,5,1,0,0,8,0,0,0,0,3,1,1,1,1,52,8,2143,2,4,MERCEDES VITO,3,E01000522,0,-1
2021010303474,2021,010303474,1,9,0,3,3,7,3,0,0,1,0,0,0,0,1,1,1,1,1,52,8,2143,2,3,MERCEDES VITO,3,E01000226,0,-1
2021161031629,2021,161031629,1,19,0,18,19,1,5,0,0,3,0,0,0,0,1,1,1,1,1,30,6,1750,2,1,MERCEDES VITO,4,E01013079,0,-1
2021302100781,2021,302100781,1,19,0,18,19,8,2,0,0,4,0,0,0,0,1,1,1,1,1,57,9,1598,2,4,MERCEDES VITO,8,E01026223,0,-1
2021010312525,2021,010312525,2,19,0,3,3,7,3,0,0,1,0,0,0,0,2,1,1,1,1,44,7,2143,2,8,MERCEDES VITO,3,E01003387,0,-1
2021991088153,2021,991088153,1,8,0,16,19,2,5,0,0,0,0,0,0,0,0,1,1,1,1,38,7,2143,2,2,MERCEDES VITO,-1,-1,0,-1
2021061111097,2021,061111097,4,19,0,18,19,7,3,0,0,0,0,11,0,0,1,1,1,1,1,58,9,2143,2,5,MERCEDES VITO,1,E01005324,0,-1
2021010325910,2021,010325910,1,10,0,99,99,9,9,99,99,9,9,99,9,99,2,9,6,6,1,49,8,-1,-1,-1,MERCEDES VITO,3,E01033583,0,-1
2021481122233,2021,481122233,2,9,0,9,9,3,5,0,0,8,0,0,0,0,4,1,1,1,1,53,8,-1,-1,-1,MERCEDES VITO,6,E01003762,0,-1
2021991051998,2021,991051998,1,19,0,18,19,6,2,0,0,0,0,0,0,0,1,1,1,1,1,30,6,2143,2,5,MERCEDES VITO,1,-1,0,-1
2021010304710,2021,010304710,1,10,0,9,9,5,2,0,0,8,0,0,0,0,1,1,1,1,1,65,9,-1,-1,-1,MERCEDES VITO,3,E01002104,0,-1
2021010329689,2021,010329689,2,19,0,99,99,9,9,99,99,9,0,0,0,0,1,9,6,6,1,28,6,1598,2,4,MERCEDES VITO,3,E01002646,0,-1
2021401021832,2021,401021832,2,19,0,18,19,3,7,0,0,0,0,0,0,0,4,1,6,6,1,36,7,2148,2,17,MERCEDES VITO,7,E01017437,0,-1
2021430421317,2021,430421317,1,19,0,1,1,8,4,0,0,0,0,0,0,0,2,1,1,1,1,64,9,1598,2,5,MERCEDES VITO,-1,-1,0,-1
2021201041723,2021,201041723,2,9,0,4,4,6,2,9,9,2,0,0,0,0,4,1,1,1,1,59,9,-1,-1,-1,MERCEDES VITO,1,E01009588,0,-1
2021440040596,2021,440040596,1,19,0,9,9,7,5,0,0,8,0,0,0,0,2,1,2,2,1,50,8,2143,2,7,MERCEDES VITO,9,E01030991,0,-1
202134WNC0641,2021,34WNC0641,1,8,0,18,19,1,5,0,0,8,0,0,0,0,1,1,1,1,1,46,8,2143,2,3,MERCEDES VITO,2,E01027230,0,-1
2021010298467,2021,010298467,5,9,0,2,2,0,0,0,0,0,0,0,0,0,2,1,6,6,3,-1,-1,2143,2,7,MERCEDES VITO,-1,-1,0,-1
2021070614920,2021,070614920,2,8,0,18,19,1,5,0,0,8,0,0,0,0,4,1,1,1,1,54,8,2148,2,13,MERCEDES VITO,8,E01005837,0,-1
2021552200162,2021,552200162,1,9,0,18,19,6,2,0,0,0,0,0,0,0,1,1,3,7,2,42,7,2143,2,10,MERCEDES VITO,9,E01015300,0,-1
2021010343714,2021,010343714,1,8,0,18,19,1,5,0,0,0,0,0,0,0,3,1,1,1,1,55,8,2148,2,11,MERCEDES VITO,3,E01001264,0,-1
2021010318536,2021,010318536,2,8,0,99,99,9,9,99,99,9,9,99,9,99,3,9,6,6,3,-1,-1,2143,2,8,MERCEDES VITO,3,E01004167,0,-1
2021991046946,2021,991046946,2,19,0,3,3,7,3,0,0,0,0,0,0,0,2,1,1,1,1,23,5,2143,2,4,MERCEDES VITO,2,-1,0,-1
2021991113319,2021,991113319,2,8,0,5,5,2,6,0,0,1,0,0,0,0,1,1,1,1,1,60,9,2143,2,3,MERCEDES VITO,2,-1,0,-1
2021010339244,2021,010339244,2,8,0,18,19,7,3,0,0,2,0,0,0,0,3,1,6,6,1,49,8,2143,2,8,MERCEDES VITO,7,E01002220,0,-1
2021221059551,2021,221059551,1,8,0,2,2,0,0,0,0,0,0,0,0,0,4,1,1,1,1,37,7,1950,2,1,MERCEDES VITO,3,E01032236,0,-1
2021041059899,2021,041059899,2,19,0,18,19,2,6,0,0,0,0,0,0,0,3,1,1,1,1,24,5,2143,2,8,MERCEDES VITO,9,E01025158,0,-1
2021010318868,2021,010318868,2,8,0,99,99,9,9,99,99,9,9,99,9,99,2,9,6,6,3,53,8,2143,2,4,MERCEDES VITO,8,E01024784,0,-1
2021010315295,2021,010315295,2,19,0,8,8,5,7,0,0,5,0,0,0,0,1,1,6,6,1,48,8,2143,2,4,MERCEDES VITO,3,E01016555,0,-1
2021010336521,2021,010336521,4,8,0,4,4,2,6,0,0,1,0,0,0,0,1,1,1,1,1,46,8,2143,2,2,MERCEDES VITO,2,E01003174,0,-1