collision_index,collision_year,collision_ref_no,vehicle_reference,vehicle_type,towing_and_articulation,vehicle_manoeuvre_historic,vehicle_manoeuvre,vehicle_direction_from,vehicle_direction_to,vehicle_location_restricted_lane_historic,vehicle_location_restricted_lane,junction_location,skidding_and_overturning,hit_object_in_carriageway,vehicle_leaving_carriageway,hit_object_off_carriageway,first_point_of_impact,vehicle_left_hand_drive,journey_purpose_of_driver_historic,journey_purpose_of_driver,sex_of_driver,age_of_driver,age_band_of_driver,engine_capacity_cc,propulsion_code,age_of_vehicle,generic_make_model,driver_imd_decile,lsoa_of_driver,escooter_flag,driver_distance_banding
20211382A0670,2021,1382A0670,1,11,0,18,19,2,6,0,0,0,0,0,0,0,0,1,1,1,1,64,9,7300,2,16,VOLVO MODEL MISSING,6,E01011228,0,-1
20211383N1354,2021,1383N1354,2,11,0,5,5,2,6,0,0,1,0,0,0,0,1,1,1,1,1,26,6,5132,2,5,VOLVO MODEL MISSING,7,E01010638,0,-1
2021131102731,2021,131102731,1,11,0,18,19,4,4,0,0,0,0,0,0,0,1,1,1,1,1,37,7,7300,2,16,VOLVO MODEL MISSING,5,E01011860,0,-1
2021041097685,2021,041097685,2,11,0,5,5,5,7,0,0,1,0,0,0,0,0,1,6,6,3,-1,-1,7300,2,15,VOLVO MODEL MISSING,-1,-1,0,-1
2021361085129,2021,361085129,2,11,0,18,19,5,2,0,0,0,0,0,0,0,3,1,1,1,1,51,8,7300,2,19,VOLVO MODEL MISSING,7,E01026885,0,-1
2021010307774,2021,010307774,1,11,9,18,19,5,1,99,99,9,9,99,0,0,9,9,1,1,1,-1,-1,5132,2,6,VOLVO MODEL MISSING,-1,-1,0,-1
2021122101251,2021,122101251,1,21,0,18,19,3,8,0,0,1,0,0,0,0,1,1,1,1,1,29,6,12777,2,5,VOLVO MODEL MISSING,9,E01027567,0,-1
2021361118003,2021,361118003,2,11,0,2,2,6,2,0,0,0,0,0,0,0,0,1,3,7,1,47,8,9600,2,23,VOLVO MODEL MISSING,8,E01026886,0,-1
2021302101608,2021,302101608,1,21,1,18,19,1,5,0,0,1,4,0,0,0,1,1,1,1,1,59,9,12777,2,4,VOLVO MODEL MISSING,1,E01014316,0,-1
2021122101450,2021,122101450,1,20,1,18,19,5,1,0,0,1,0,0,0,0,1,1,1,1,1,44,7,-1,-1,-1,VOLVO MODEL MISSING,5,E01011870,0,-1
2021461038305,2021,461038305,1,21,1,18,19,2,6,0,0,1,0,0,1,0,1,1,1,1,1,64,9,12777,2,3,VOLVO MODEL MISSING,6,E01032814,0,-1
202163DF00621,2021,63DF00621,2,21,1,18,19,3,7,0,0,0,2,0,0,0,1,1,1,1,1,37,7,16120,2,6,VOLVO MODEL MISSING,9,E01017660,0,-1
2021421030226,2021,421030226,1,21,1,5,5,3,7,0,0,4,0,0,0,0,4,1,6,6,1,59,9,12777,2,7,VOLVO MODEL MISSING,1,E01001838,0,-1
2021010349194,2021,010349194,1,11,0,4,4,1,5,0,0,0,0,1,0,0,3,1,1,1,1,64,9,5132,2,4,VOLVO MODEL MISSING,2,E01003168,0,-1
2021991094519,2021,991094519,1,11,0,18,19,7,3,2,2,1,0,0,0,0,0,1,1,1,1,29,6,7698,2,2,VOLVO MODEL MISSING,10,-1,0,-1
2021010316836,2021,010316836,2,11,0,18,19,1,5,0,0,1,0,0,0,0,4,1,1,1,1,32,6,9360,2,10,VOLVO MODEL MISSING,3,E01004430,0,-1
2021361135894,2021,361135894,2,11,0,18,19,3,7,0,0,1,0,0,0,0,1,1,1,1,2,47,8,7300,2,15,VOLVO MODEL MISSING,5,E01026591,0,-1
2021320718821,2021,320718821,3,21,0,18,19,4,8,0,0,1,0,0,0,0,2,1,1,1,1,63,9,12777,2,0,VOLVO MODEL MISSING,1,E01022025,0,-1
2021371118982,2021,371118982,2,21,1,16,19,7,5,0,0,0,0,0,0,0,0,1,1,1,1,45,7,12777,2,3,VOLVO MODEL MISSING,9,E01021191,0,-1
2021010333875,2021,010333875,2,11,0,99,99,9,9,99,99,9,9,99,9,99,2,9,6,6,3,-1,-1,5132,2,4,VOLVO MODEL MISSING,2,E01001337,0,-1
2021430116853,2021,430116853,2,21,1,12,12,4,8,0,0,0,0,0,0,0,2,1,1,1,1,55,8,12777,2,5,VOLVO MODEL MISSING,6,E01009796,0,-1
2021421106042,2021,421106042,3,11,0,18,19,2,6,0,0,0,0,0,0,0,3,1,1,1,1,48,8,7300,2,16,VOLVO MODEL MISSING,2,E01021638,0,-1
2021131108876,2021,131108876,1,21,0,18,19,3,7,0,0,0,0,0,0,0,1,1,1,1,1,33,6,12777,2,5,VOLVO MODEL MISSING,5,E01010746,0,-1
2021221120750,2021,221120750,2,21,1,4,4,5,1,0,0,0,0,0,0,0,2,1,1,1,1,61,9,12777,2,1,VOLVO MODEL MISSING,5,E01031163,0,-1
2021010318589,2021,010318589,1,21,1,18,19,7,3,0,0,1,0,0,0,0,1,1,1,1,1,63,9,12777,2,6,VOLVO MODEL MISSING,9,E01031588,0,-1
2021991069424,2021,991069424,1,11,0,5,5,5,1,0,0,0,0,0,0,0,4,1,1,1,1,51,8,7698,2,0,VOLVO MODEL MISSING,8,-1,0,-1
2021010298415,2021,010298415,1,11,0,18,19,1,5,0,0,2,0,0,0,0,0,1,1,1,2,29,6,5132,2,3,VOLVO MODEL MISSING,3,E01023343,0,-1
2021461090895,2021,461090895,3,21,1,18,19,2,6,0,0,0,0,0,0,0,2,1,1,1,1,54,8,7698,2,5,VOLVO MODEL MISSING,2,E01024397,0,-1
2021522200988,2021,522200988,2,11,0,18,19,2,6,2,2,0,0,0,0,0,4,1,6,6,1,48,8,10838,2,4,VOLVO MODEL MISSING,1,W01001811,0,-1
2021501109584,2021,501109584,2,20,0,3,3,1,5,0,0,1,0,0,0,0,2,1,1,1,1,25,5,12777,2,6,VOLVO MODEL MISSING,9,E01020086,0,-1
2021401068045,2021,401068045,2,19,0,18,19,4,8,0,0,1,0,0,0,0,4,1,1,1,1,51,8,12777,2,4,VOLVO MODEL MISSING,3,E01017489,0,-1
2021471025198,2021,471025198,1,11,0,18,19,1,5,0,0,0,0,0,0,0,0,1,1,1,2,47,8,9360,2,10,VOLVO MODEL MISSING,-1,-1,0,-1
2021010308228,2021,010308228,1,11,0,14,14,7,3,0,0,1,0,0,0,0,1,1,1,1,1,64,9,5132,2,7,VOLVO MODEL MISSING,3,E01001397,0,-1
2021311040556,2021,311040556,1,11,0,5,5,3,7,0,0,0,0,0,0,0,0,1,5,6,1,48,8,7300,2,12,VOLVO MODEL MISSING,8,E01028367,0,-1
2021010348767,2021,010348767,1,11,0,5,5,7,3,0,0,2,0,0,0,0,0,1,1,1,1,24,5,5132,2,6,VOLVO MODEL MISSING,2,E01001770,0,-1
2021122101484,2021,122101484,1,11,0,16,19,3,7,0,0,0,0,0,1,4,3,1,1,1,1,36,7,7300,2,19,VOLVO MODEL MISSING,1,E01011792,0,-1
2021010319372,2021,010319372,1,11,0,4,4,4,8,0,0,0,0,0,0,0,4,1,1,1,1,41,7,5132,2,4,VOLVO MODEL MISSING,1,E01002870,0,-1
2021201114069,2021,201114069,1,21,0,18,19,1,4,0,0,1,0,0,0,0,1,1,1,1,1,-1,-1,10837,2,10,VOLVO MODEL MISSING,8,E01025853,0,-1
2021010301247,2021,010301247,1,11,0,4,4,7,3,0,0,2,0,0,0,0,0,1,1,1,1,56,9,5132,2,2,VOLVO MODEL MISSING,7,E01001307,0,-1
2021991091157,2021,991091157,2,11,0,18,19,7,3,2,2,1,0,0,0,0,3,1,1,1,1,56,9,7698,2,2,VOLVO MODEL MISSING,10,-1,0,-1
2021320537035,2021,320537035,2,21,0,4,4,7,3,0,0,1,0,0,0,0,2,1,1,1,1,36,7,10837,2,2,VOLVO MODEL MISSING,8,E01026212,0,-1
2021010339560,2021,010339560,1,11,9,99,99,9,9,99,99,9,9,99,9,99,9,9,1,1,1,42,7,5132,2,4,VOLVO MODEL MISSING,3,E01002540,0,-1
2021541508521,2021,541508521,1,21,1,17,19,5,1,0,0,2,5,0,0,6,4,1,1,1,1,35,6,12777,2,13,VOLVO MODEL MISSING,5,E01032295,0,-1
2021010311326,2021,010311326,1,11,0,4,4,1,5,2,2,8,0,0,0,0,0,1,6,6,1,42,7,4760,2,7,VOLVO MODEL MISSING,3,E01003960,0,-1
2021991052085,2021,991052085,2,11,0,18,19,6,2,0,0,0,0,0,0,0,2,1,1,1,1,53,8,9360,2,13,VOLVO MODEL MISSING,5,-1,0,-1
2021421049853,2021,421049853,2,11,0,3,3,5,1,3,2,1,0,0,0,0,3,1,1,1,1,52,8,7300,2,16,VOLVO MODEL MISSING,-1,-1,0,-1
2021161063492,2021,161063492,1,11,0,18,19,3,3,0,0,0,0,0,0,0,1,1,1,1,1,33,6,9360,2,13,VOLVO MODEL MISSING,5,E01013268,0,-1
2021201142161,2021,201142161,2,11,0,18,19,2,6,0,0,8,0,0,0,0,4,1,1,1,3,-1,-1,10383,2,3,VOLVO MODEL MISSING,-1,-1,0,-1
2021131102189,2021,131102189,1,11,0,18,19,1,5,0,0,0,0,0,0,0,1,1,1,1,2,53,8,7300,2,12,VOLVO MODEL MISSING,8,E01027640,0,-1
2021010351972,2021,010351972,1,11,0,18,19,5,1,0,0,2,0,0,0,0,0,1,6,6,1,60,9,5132,2,5,VOLVO MODEL MISSING,6,E01003223,0,-1
202134WNC0601,2021,34WNC0601,2,19,0,11,11,5,1,0,0,0,0,0,0,0,2,1,1,1,1,46,8,10837,2,8,VOLVO MODEL MISSING,3,E01013718,0,-1
2021501147023,2021,501147023,1,11,0,5,5,8,4,0,0,1,0,0,0,0,1,1,3,7,1,54,8,12000,2,16,VOLVO MODEL MISSING,5,E01020143,0,-1
2021991097746,2021,991097746,2,11,0,2,2,0,0,0,0,0,0,0,0,0,2,1,1,1,1,63,9,5132,2,6,VOLVO MODEL MISSING,1,-1,0,-1
2021221114635,2021,221114635,1,21,1,16,19,2,6,0,0,1,0,0,0,0,4,1,1,1,1,60,9,10837,2,10,VOLVO MODEL MISSING,4,E01014098,0,-1
2021010298111,2021,010298111,1,11,0,7,7,3,5,0,0,1,0,0,0,0,0,1,1,1,1,61,9,5132,2,5,VOLVO MODEL MISSING,6,E01002555,0,-1
2021010349819,2021,010349819,1,11,0,4,4,6,2,0,0,0,0,0,0,0,1,1,6,6,2,59,9,5132,2,4,VOLVO MODEL MISSING,-1,-1,0,-1
2021161104354,2021,161104354,1,11,0,18,19,4,8,2,2,1,0,0,0,0,4,1,1,1,2,28,6,7300,2,15,VOLVO MODEL MISSING,-1,-1,0,-1
2021501050091,2021,501050091,2,20,0,18,19,2,6,0,0,0,0,0,0,0,1,1,1,1,1,57,9,10837,2,5,VOLVO MODEL MISSING,8,E01019951,0,-1
2021421109455,2021,421109455,1,11,0,7,7,3,5,0,0,2,0,0,0,0,4,1,1,1,1,37,7,4760,2,8,VOLVO MODEL MISSING,5,E01021954,0,-1
2021421096292,2021,421096292,1,11,0,18,19,7,3,0,0,8,0,0,0,0,1,1,1,1,1,65,9,9360,2,9,VOLVO MODEL MISSING,2,E01015855,0,-1
2021010306954,2021,010306954,1,11,0,5,5,5,1,0,0,0,0,0,0,0,0,1,6,6,1,51,8,9360,2,11,VOLVO MODEL MISSING,4,E01003826,0,-1
2021302100866,2021,302100866,1,11,0,2,2,0,0,0,0,8,0,0,0,0,0,1,1,1,2,40,7,7698,2,6,VOLVO MODEL MISSING,6,E01019475,0,-1
2021421070611,2021,421070611,2,11,0,18,19,3,7,0,0,1,0,0,0,0,1,1,1,1,1,45,7,7300,2,15,VOLVO MODEL MISSING,3,E01022044,0,-1
2021231112832,2021,231112832,1,11,0,18,19,8,2,0,0,3,0,0,0,0,1,1,1,1,1,21,5,12000,2,14,VOLVO MODEL MISSING,2,E01031075,0,-1
2021440358721,2021,440358721,2,21,0,3,3,3,7,0,0,4,0,0,0,0,1,1,1,1,1,47,8,7698,2,3,VOLVO MODEL MISSING,2,E01022969,0,-1
2021320049531,2021,320049531,1,21,0,18,19,3,7,0,0,0,0,0,0,0,0,1,6,6,1,21,5,12777,2,7,VOLVO MODEL MISSING,-1,-1,0,-1
2021061053607,2021,061053607,1,11,0,9,9,1,7,0,0,8,0,12,0,0,1,1,1,1,1,65,9,7300,2,14,VOLVO MODEL MISSING,1,E01006248,0,-1
2021010307380,2021,010307380,2,11,0,18,19,5,1,0,0,1,0,0,0,0,1,1,1,1,1,58,9,5132,2,4,VOLVO MODEL MISSING,8,E01023879,0,-1
202134WNC6051,2021,34WNC6051,1,21,1,17,19,5,1,0,0,0,1,0,0,0,1,1,1,1,1,22,5,12777,2,6,VOLVO MODEL MISSING,7,-1,0,-1
2021161074867,2021,161074867,1,11,0,2,2,0,0,2,2,0,0,0,0,0,0,1,1,1,1,51,8,12000,2,13,VOLVO MODEL MISSING,4,E01013047,0,-1
2021141102406,2021,141102406,1,11,0,18,19,2,6,0,0,0,0,7,0,0,1,1,1,1,1,56,9,7300,2,16,VOLVO MODEL MISSING,7,E01025684,0,-1
2021991048968,2021,991048968,2,11,0,4,4,5,1,0,0,4,0,0,0,0,0,1,1,1,1,59,9,7698,2,2,VOLVO MODEL MISSING,5,-1,0,-1
2021991110173,2021,991110173,1,11,0,5,5,2,6,0,0,1,0,0,0,0,0,1,1,1,1,47,8,5132,2,4,VOLVO MODEL MISSING,8,-1,0,-1
2021401124918,2021,401124918,1,11,0,7,7,5,7,0,0,6,0,0,0,0,1,1,1,1,1,53,8,9360,2,13,VOLVO MODEL MISSING,6,E01015653,0,-1
2021010328443,2021,010328443,3,11,0,3,3,5,1,0,0,0,0,0,0,0,2,1,1,1,1,57,9,9360,2,12,VOLVO MODEL MISSING,2,E01003229,0,-1
2021010308615,2021,010308615,1,11,0,99,99,9,9,99,99,9,9,99,9,99,9,9,6,6,3,-1,-1,5132,2,6,VOLVO MODEL MISSING,-1,-1,0,-1
2021010328946,2021,010328946,2,21,1,18,19,1,5,0,0,9,0,99,0,0,1,1,6,6,1,63,9,12777,2,0,VOLVO MODEL MISSING,2,W01000274,0,-1
2021461034285,2021,461034285,1,21,1,9,9,5,3,0,0,1,0,0,0,0,1,1,1,1,1,41,7,12777,2,0,VOLVO MODEL MISSING,4,E01031170,0,-1
2021010345672,2021,010345672,1,11,0,18,19,3,7,0,0,8,0,0,0,0,4,1,1,1,1,47,8,10838,2,4,VOLVO MODEL MISSING,6,E01009207,0,-1
2021010316724,2021,010316724,1,11,0,4,4,3,7,2,2,0,0,0,0,0,1,1,1,1,2,59,9,5132,2,5,VOLVO MODEL MISSING,4,E01003169,0,-1
2021991053232,2021,991053232,2,21,1,4,4,8,4,0,0,0,0,0,0,0,2,1,1,1,1,46,8,12777,2,2,VOLVO MODEL MISSING,2,-1,0,-1
2021302101034,2021,302101034,2,21,0,18,19,4,8,0,0,1,0,0,0,0,1,1,1,1,1,21,5,12777,2,0,VOLVO MODEL MISSING,6,E01011062,0,-1
2021122100568,2021,122100568,1,11,0,9,9,4,7,0,0,4,0,0,0,0,0,1,1,1,1,49,8,9360,2,7,VOLVO MODEL MISSING,1,E01027804,0,-1
2021010311485,2021,010311485,1,11,0,18,19,1,5,2,2,0,0,0,0,0,1,1,1,1,1,51,8,4760,2,7,VOLVO MODEL MISSING,2,E01003137,0,-1
2021010296367,2021,010296367,1,11,0,18,19,2,6,4,4,2,0,0,0,0,2,1,1,1,1,59,9,7698,2,4,VOLVO MODEL MISSING,5,E01002622,0,-1
2021010306798,2021,010306798,2,11,0,99,99,9,9,99,99,9,9,99,9,99,9,9,6,6,1,46,8,4760,2,8,VOLVO MODEL MISSING,2,E01000527,0,-1
2021010328816,2021,010328816,1,11,0,5,5,0,1,0,0,2,0,0,0,0,0,1,1,1,1,62,9,5132,2,4,VOLVO MODEL MISSING,2,E01002217,0,-1
2021010288223,2021,010288223,1,11,0,4,4,1,5,0,0,1,0,0,0,0,0,1,1,1,1,69,10,5132,2,4,VOLVO MODEL MISSING,7,E01004175,0,-1
2021302101592,2021,302101592,2,21,0,4,4,6,2,0,0,0,0,0,0,0,2,1,1,1,1,61,9,12777,2,2,VOLVO MODEL MISSING,6,E01019465,0,-1
2021451023106,2021,451023106,1,11,0,5,5,4,8,0,0,1,0,0,0,0,4,1,1,1,2,50,8,5132,2,6,VOLVO MODEL MISSING,2,E01001055,0,-1
2021010291243,2021,010291243,2,21,9,99,99,9,9,99,99,9,9,99,9,99,2,9,6,6,3,54,8,7698,2,1,VOLVO MODEL MISSING,10,E01021251,0,-1
2021161109324,2021,161109324,2,9,0,18,19,3,7,0,0,8,0,0,0,0,4,1,6,6,2,29,6,1984,2,9,VOLVO MODEL MISSING,7,E01013256,0,-1
2021471115412,2021,471115412,2,90,0,18,19,8,4,0,0,1,0,0,0,0,2,2,1,1,1,58,9,7698,2,3,VOLVO MODEL MISSING,6,E01021113,0,-1
2021010349888,2021,010349888,1,11,0,7,7,3,6,0,0,5,0,0,0,0,4,1,1,1,1,40,7,9360,2,10,VOLVO MODEL MISSING,1,E01004204,0,-1
2021010325186,2021,010325186,1,21,0,5,5,4,8,2,2,3,0,0,0,0,0,1,1,1,1,47,8,12777,2,5,VOLVO MODEL MISSING,6,E01002555,0,-1
2021991047077,2021,991047077,1,11,0,5,5,3,7,2,2,2,0,0,0,0,0,1,1,1,1,39,7,7698,2,0,VOLVO MODEL MISSING,1,-1,0,-1
2021546779621,2021,546779621,1,21,1,17,19,5,3,0,0,2,0,0,0,0,4,1,1,1,1,33,6,12777,2,7,VOLVO MODEL MISSING,5,E01032698,0,-1
2021991127203,2021,991127203,1,21,4,17,19,8,5,0,0,6,0,0,0,0,1,2,1,1,1,39,7,10837,2,2,VOLVO MODEL MISSING,7,-1,0,-1
2021010296001,2021,010296001,1,11,0,5,5,5,1,2,2,1,0,0,0,0,3,1,1,1,1,58,9,5132,2,4,VOLVO MODEL MISSING,6,E01001084,0,-1
2021471075076,2021,471075076,2,21,1,18,19,5,1,0,0,0,0,0,0,0,2,1,1,1,1,58,9,12777,2,7,VOLVO MODEL MISSING,6,E01016509,0,-1
2021471069489,2021,471069489,1,11,0,18,19,6,6,0,0,0,0,0,0,0,0,1,1,1,1,59,9,9360,2,9,VOLVO MODEL MISSING,3,E01016894,0,-1
2021471079537,2021,471079537,1,11,0,2,2,7,3,2,2,0,0,0,0,0,0,1,1,1,1,34,6,9360,2,10,VOLVO MODEL MISSING,7,E01016979,0,-1
2021070275219,2021,070275219,2,21,0,17,19,4,8,0,0,0,1,0,0,0,1,1,6,6,1,45,7,5132,2,2,VOLVO MODEL MISSING,-1,-1,0,-1
2021471104852,2021,471104852,3,21,0,18,19,2,6,0,0,0,0,1,0,0,1,1,1,1,1,27,6,7698,2,5,VOLVO MODEL MISSING,8,E01017010,0,-1
202131C094921,2021,31C094921,1,11,0,18,19,2,6,0,0,0,0,0,0,0,1,1,1,1,1,-1,-1,7698,2,6,VOLVO MODEL MISSING,6,E01019434,0,-1
2021010300880,2021,010300880,1,11,0,5,5,3,7,0,0,2,0,0,0,0,0,1,1,1,1,48,8,5132,2,5,VOLVO MODEL MISSING,2,E01002703,0,-1
2021546736721,2021,546736721,3,21,0,18,19,8,4,0,0,1,1,0,0,0,1,1,1,1,1,46,8,10837,2,4,VOLVO MODEL MISSING,6,E01031902,0,-1
2021010335487,2021,010335487,1,11,0,17,19,5,1,0,0,8,0,0,0,0,4,1,1,1,2,44,7,9360,2,9,VOLVO MODEL MISSING,8,E01015991,0,-1
2021010327509,2021,010327509,1,11,0,18,19,5,1,0,0,0,0,0,0,0,1,1,1,1,1,31,6,5132,2,4,VOLVO MODEL MISSING,3,E01004066,0,-1
2021522105180,2021,522105180,2,21,0,18,19,8,4,0,0,1,0,0,0,0,1,1,6,6,3,30,6,7698,2,5,VOLVO MODEL MISSING,-1,-1,0,-1
2021010325344,2021,010325344,1,11,0,4,4,5,1,2,2,1,0,0,0,0,0,1,1,1,1,35,6,4760,2,9,VOLVO MODEL MISSING,2,E01001791,0,-1
2021010330453,2021,010330453,2,11,0,18,19,5,1,0,0,2,0,0,0,0,1,1,1,1,2,64,9,5132,2,4,VOLVO MODEL MISSING,9,E01000191,0,-1
2021991073603,2021,991073603,1,11,0,9,9,3,1,0,0,1,0,0,0,0,3,1,1,1,2,56,9,9360,2,11,VOLVO MODEL MISSING,6,-1,0,-1
2021010312850,2021,010312850,1,11,0,18,19,1,5,0,0,2,0,0,0,0,1,1,1,1,1,48,8,5132,2,2,VOLVO MODEL MISSING,1,E01002853,0,-1
2021010320220,2021,010320220,1,20,5,18,19,5,1,0,0,1,0,0,0,0,1,1,1,1,1,54,8,-1,-1,-1,VOLVO MODEL MISSING,2,E01027072,0,-1
2021991107937,2021,991107937,1,11,0,15,15,2,6,0,0,0,0,0,0,0,1,1,1,1,1,62,9,5132,2,0,VOLVO MODEL MISSING,2,-1,0,-1
2021501163240,2021,501163240,1,20,0,18,19,2,6,0,0,0,0,0,0,0,0,1,1,1,1,62,9,-1,-1,-1,VOLVO MODEL MISSING,4,E01020291,0,-1
2021061111097,2021,061111097,1,21,1,-1,-1,-1,-1,-1,-1,0,-1,-1,-1,0,1,1,1,1,1,50,8,12777,2,7,VOLVO MODEL MISSING,-1,-1,0,-1
2021131069159,2021,131069159,1,11,0,18,19,7,3,0,0,0,0,0,0,0,1,1,1,1,1,60,9,7300,2,16,VOLVO MODEL MISSING,8,E01011527,0,-1
2021552100789,2021,552100789,2,21,4,4,4,7,3,0,0,0,0,0,0,0,2,1,1,1,1,44,7,10837,2,7,VOLVO MODEL MISSING,6,E01027025,0,-1
2021031028827,2021,031028827,1,20,0,18,19,4,8,0,0,1,0,0,0,0,1,1,6,6,1,30,6,7146,2,8,VOLVO MODEL MISSING,-1,-1,0,-1
2021010342593,2021,010342593,1,11,0,9,9,4,3,2,2,5,0,0,0,0,3,1,1,1,1,35,6,5132,2,5,VOLVO MODEL MISSING,1,E01004256,0,-1
2021622100619,2021,622100619,1,11,0,4,4,8,4,0,0,0,0,0,0,0,1,1,1,1,1,34,6,9600,2,21,VOLVO MODEL MISSING,6,W01000716,0,-1
2021991082107,2021,991082107,1,11,0,5,5,6,2,0,0,0,0,0,0,0,0,1,1,1,1,32,6,7698,2,0,VOLVO MODEL MISSING,8,-1,0,-1
2021101040139,2021,101040139,1,11,0,18,19,1,5,0,0,8,0,0,0,0,3,1,1,1,1,35,6,9360,2,9,VOLVO MODEL MISSING,2,E01008477,0,-1
2021991103615,2021,991103615,1,21,1,18,19,2,6,0,0,0,0,0,0,0,1,1,1,1,1,43,7,12777,2,0,VOLVO MODEL MISSING,-1,-1,0,-1
2021010341111,2021,010341111,1,11,0,18,19,6,2,0,0,2,0,0,0,0,1,1,6,6,1,54,8,5132,2,4,VOLVO MODEL MISSING,6,E01000582,0,-1
2021201134384,2021,201134384,1,11,0,18,19,6,2,0,0,0,0,0,0,0,0,1,1,1,1,-1,-1,7300,2,18,VOLVO MODEL MISSING,-1,-1,0,-1
2021141037819,2021,141037819,1,11,0,5,5,1,5,0,0,6,0,0,0,0,1,1,1,1,1,50,8,9360,2,9,VOLVO MODEL MISSING,6,E01028024,0,-1
202131C165321,2021,31C165321,1,11,0,4,4,2,4,0,0,3,0,0,0,0,0,1,1,1,1,53,8,1080,2,6,VOLVO MODEL MISSING,10,E01019702,0,-1
2021471083931,2021,471083931,2,20,0,18,19,3,7,0,0,1,1,0,0,0,1,1,1,1,1,42,7,12777,2,6,VOLVO MODEL MISSING,4,E01031573,0,-1
2021991065406,2021,991065406,2,11,0,5,5,4,1,2,2,8,0,0,0,0,0,1,1,1,1,57,9,5132,2,4,VOLVO MODEL MISSING,4,-1,0,-1
2021010339080,2021,010339080,1,11,0,18,19,5,1,0,0,1,0,0,0,0,0,1,1,1,1,58,9,5132,2,4,VOLVO MODEL MISSING,7,E01000197,0,-1
202131D120621,2021,31D120621,1,11,0,18,19,4,8,0,0,2,0,0,0,0,4,1,1,1,1,48,8,7300,2,12,VOLVO MODEL MISSING,6,E01028183,0,-1
2021010349813,2021,010349813,1,11,0,18,19,5,1,0,0,1,0,0,0,0,0,1,1,1,1,48,8,4760,2,12,VOLVO MODEL MISSING,2,E01003061,0,-1
2021991070834,2021,991070834,1,11,0,4,4,3,8,0,0,1,0,0,0,0,1,1,1,1,1,75,10,5132,2,5,VOLVO MODEL MISSING,7,-1,0,-1
2021991035578,2021,991035578,1,11,0,5,5,6,3,3,2,6,0,0,0,0,0,1,1,1,1,59,9,7698,2,2,VOLVO MODEL MISSING,4,-1,0,-1
2021461125705,2021,461125705,2,11,0,18,19,7,3,0,0,0,0,0,0,0,2,1,1,1,1,54,8,9360,2,10,VOLVO MODEL MISSING,2,E01015931,0,-1
2021010332606,2021,010332606,1,11,0,3,3,5,1,0,0,1,0,0,0,0,0,1,1,1,1,51,8,5132,2,3,VOLVO MODEL MISSING,4,E01003332,0,-1
2021010321869,2021,010321869,1,11,0,8,8,7,1,0,0,1,0,0,0,0,2,1,1,1,1,49,8,5132,2,3,VOLVO MODEL MISSING,1,E01000953,0,-1
2021010346204,2021,010346204,1,11,0,5,5,0,7,0,0,2,0,0,0,0,0,1,1,1,1,43,7,5132,2,4,VOLVO MODEL MISSING,2,E01001215,0,-1
2021991040385,2021,991040385,1,11,0,18,19,8,4,0,0,2,0,0,0,0,0,1,1,1,1,30,6,5132,2,7,VOLVO MODEL MISSING,9,-1,0,-1
2021161079265,2021,161079265,1,11,0,3,3,2,5,0,0,1,0,0,0,0,4,1,1,1,1,32,6,7300,2,12,VOLVO MODEL MISSING,1,E01013208,0,-1
2021421042901,2021,421042901,2,20,1,18,19,3,7,0,0,0,0,0,0,0,1,1,1,1,1,52,8,-1,-1,-1,VOLVO MODEL MISSING,9,E01021740,0,-1
2021302100043,2021,302100043,4,21,1,4,4,7,3,0,0,0,0,0,0,0,2,1,1,1,1,56,9,12777,2,1,VOLVO MODEL MISSING,7,E01013875,0,-1
2021552100837,2021,552100837,1,9,0,9,9,2,7,0,0,5,0,0,0,0,1,1,6,6,2,36,7,2521,1,11,VOLVO MODEL MISSING,6,E01020493,0,-1
2021010318542,2021,010318542,1,11,0,5,5,3,7,0,0,0,0,0,0,0,4,1,1,1,2,48,8,5132,2,4,VOLVO MODEL MISSING,3,E01000642,0,-1
2021010310508,2021,010310508,1,11,0,4,4,3,7,0,0,0,0,0,0,0,0,1,1,1,1,31,6,9360,2,9,VOLVO MODEL MISSING,7,E01001290,0,-1
2021010310815,2021,010310815,1,11,0,5,5,5,1,8,6,8,0,0,0,0,0,1,1,1,2,39,7,9360,2,12,VOLVO MODEL MISSING,5,E01003359,0,-1
2021552100624,2021,552100624,1,21,0,18,19,2,6,0,0,0,1,0,0,0,1,1,1,1,1,51,8,12777,2,1,VOLVO MODEL MISSING,3,E01015449,0,-1
2021991053367,2021,991053367,1,21,0,7,7,3,5,0,0,1,0,0,1,0,3,1,1,1,1,50,8,10837,2,0,VOLVO MODEL MISSING,1,-1,0,-1