collision_index,collision_year,collision_ref_no,vehicle_reference,vehicle_type,towing_and_articulation,vehicle_manoeuvre_historic,vehicle_manoeuvre,vehicle_direction_from,vehicle_direction_to,vehicle_location_restricted_lane_historic,vehicle_location_restricted_lane,junction_location,skidding_and_overturning,hit_object_in_carriageway,vehicle_leaving_carriageway,hit_object_off_carriageway,first_point_of_impact,vehicle_left_hand_drive,journey_purpose_of_driver_historic,journey_purpose_of_driver,sex_of_driver,age_of_driver,age_band_of_driver,engine_capacity_cc,propulsion_code,age_of_vehicle,generic_make_model,driver_imd_decile,lsoa_of_driver,escooter_flag,driver_distance_banding
2021010340330,2021,010340330,1,11,0,5,5,7,3,0,0,0,0,0,0,0,0,1,1,1,1,58,9,5132,2,4,VOLVO MODEL MISSING,3,E01000515,0,-1
2021991073374,2021,991073374,1,11,0,5,5,3,6,0,0,2,0,0,0,0,0,1,1,1,1,48,8,5132,2,4,VOLVO MODEL MISSING,7,-1,0,-1
2021122200048,2021,122200048,1,11,0,3,3,6,8,0,0,3,0,0,0,0,0,1,1,1,1,55,8,5132,2,5,VOLVO MODEL MISSING,8,E01027682,0,-1
2021501083640,2021,501083640,3,21,0,17,19,5,1,0,0,0,0,0,0,0,1,1,1,1,1,32,6,12777,2,3,VOLVO MODEL MISSING,5,E01020283,0,-1
2021010318835,2021,010318835,1,11,0,18,19,1,5,0,0,1,0,0,0,0,4,1,1,1,2,51,8,5132,2,4,VOLVO MODEL MISSING,2,E01002877,0,-1
2021161079092,2021,161079092,2,11,0,18,19,6,2,0,0,0,0,0,0,0,0,1,1,1,1,43,7,5132,2,4,VOLVO MODEL MISSING,1,E01012855,0,-1
2021031022240,2021,031022240,1,21,1,18,19,2,6,0,0,2,0,0,0,0,3,1,1,1,1,50,8,12777,2,3,VOLVO MODEL MISSING,2,E01010535,0,-1
2021010330897,2021,010330897,2,11,9,99,99,9,9,99,99,9,9,99,9,99,9,1,1,1,1,31,6,9360,2,12,VOLVO MODEL MISSING,3,E01001578,0,-1
2021131066382,2021,131066382,1,11,0,5,5,3,2,0,0,8,0,0,0,0,0,1,6,6,1,59,9,9360,2,12,VOLVO MODEL MISSING,7,E01011442,0,-1
2021010333802,2021,010333802,1,11,0,4,4,8,4,2,2,0,0,0,0,0,4,1,1,1,1,26,6,5132,2,4,VOLVO MODEL MISSING,2,E01001448,0,-1
2021010300319,2021,010300319,1,11,0,18,19,1,5,0,0,0,0,0,0,0,1,1,6,6,1,57,9,9360,2,10,VOLVO MODEL MISSING,-1,-1,0,-1
2021138341207,2021,138341207,1,11,0,18,19,1,5,3,2,0,0,0,0,0,1,1,1,1,1,40,7,7300,2,12,VOLVO MODEL MISSING,1,E01010744,0,-1
202131D065721,2021,31D065721,2,11,0,18,19,6,2,2,2,0,0,0,0,0,2,1,1,1,2,57,9,1080,2,6,VOLVO MODEL MISSING,2,E01013538,0,-1
2021101019698,2021,101019698,1,11,0,9,9,4,2,0,0,4,0,0,0,0,3,1,1,1,2,49,8,7300,2,15,VOLVO MODEL MISSING,4,E01008209,0,-1
2021461118317,2021,461118317,1,11,0,14,14,1,5,0,0,0,0,0,0,0,3,1,1,1,2,42,7,7300,2,17,VOLVO MODEL MISSING,7,E01024813,0,-1
2021010327732,2021,010327732,1,11,0,4,4,7,3,0,0,1,0,0,0,0,0,1,1,1,1,59,9,4760,2,9,VOLVO MODEL MISSING,2,E01001878,0,-1
2021010299645,2021,010299645,2,11,0,17,19,3,7,0,0,8,0,0,2,1,1,1,1,1,1,34,6,5132,2,2,VOLVO MODEL MISSING,-1,-1,0,-1
2021320579218,2021,320579218,1,11,0,18,19,4,8,0,0,0,0,0,0,0,1,1,6,6,1,60,9,9360,2,7,VOLVO MODEL MISSING,10,E01026187,0,-1
2021991083577,2021,991083577,1,11,0,4,4,7,3,0,0,0,0,0,0,0,0,1,1,1,1,36,7,5132,2,0,VOLVO MODEL MISSING,10,-1,0,-1
202131C047721,2021,31C047721,1,11,0,17,19,1,5,0,0,0,0,0,0,0,1,1,1,1,1,33,6,1080,2,6,VOLVO MODEL MISSING,1,E01013479,0,-1
2021522105996,2021,522105996,2,21,0,18,19,4,2,0,0,8,0,0,0,0,1,1,6,6,1,39,7,12777,2,4,VOLVO MODEL MISSING,7,E01014402,0,-1
2021101035115,2021,101035115,1,11,0,18,19,5,1,0,0,3,0,0,0,0,0,1,1,1,1,34,6,9360,2,9,VOLVO MODEL MISSING,3,E01008281,0,-1
2021010329178,2021,010329178,1,11,0,4,4,1,5,0,0,2,0,0,0,0,0,1,1,1,1,42,7,9360,2,10,VOLVO MODEL MISSING,3,E01003940,0,-1
2021201078743,2021,201078743,2,11,0,5,5,4,6,0,0,4,0,0,0,0,3,1,1,1,1,63,9,7300,2,17,VOLVO MODEL MISSING,3,E01009992,0,-1
2021010318253,2021,010318253,1,11,0,5,5,5,1,0,0,0,0,0,0,0,0,1,1,1,1,52,8,5132,2,4,VOLVO MODEL MISSING,-1,-1,0,-1
2021461045856,2021,461045856,1,11,0,18,19,7,3,0,0,2,0,0,0,0,1,1,1,1,1,53,8,7300,2,15,VOLVO MODEL MISSING,1,E01024390,0,-1
2021361068761,2021,361068761,2,20,0,18,19,3,7,0,0,0,0,0,0,0,3,1,1,1,1,68,10,5132,2,3,VOLVO MODEL MISSING,6,E01025562,0,-1
2021302102130,2021,302102130,1,11,0,4,4,4,2,0,0,4,0,0,0,0,0,1,6,6,1,26,6,7300,2,13,VOLVO MODEL MISSING,7,E01019424,0,-1
2021010342783,2021,010342783,1,11,0,18,19,5,1,0,0,2,0,0,0,0,0,1,1,1,1,29,6,9360,2,10,VOLVO MODEL MISSING,2,E01003335,0,-1
2021131050333,2021,131050333,2,11,0,5,5,5,1,0,0,0,0,0,0,0,1,1,1,1,1,56,9,7300,2,15,VOLVO MODEL MISSING,2,E01010958,0,-1
2021010342795,2021,010342795,2,21,0,3,3,7,3,0,0,1,0,0,0,0,1,1,1,1,1,49,8,10837,2,2,VOLVO MODEL MISSING,2,E01004471,0,-1
2021010288691,2021,010288691,2,19,0,18,19,4,8,0,0,8,0,0,0,0,1,1,1,1,1,35,6,12777,2,1,VOLVO MODEL MISSING,4,E01003560,0,-1
2021010299837,2021,010299837,1,11,0,5,5,0,3,2,2,1,0,0,0,0,0,1,1,1,1,58,9,4760,2,8,VOLVO MODEL MISSING,4,E01002020,0,-1
2021461028510,2021,461028510,1,21,1,12,12,6,2,0,0,0,0,0,0,0,1,1,1,1,1,44,7,12777,2,6,VOLVO MODEL MISSING,2,W01001192,0,-1
2021411118777,2021,411118777,1,21,1,9,9,1,7,0,0,8,0,0,0,0,0,1,6,6,1,37,7,12777,2,4,VOLVO MODEL MISSING,6,E01003750,0,-1
2021010320505,2021,010320505,2,9,0,99,99,9,9,99,99,9,9,99,9,99,1,9,6,6,3,-1,-1,2500,1,14,VOLVO MODEL MISSING,-1,-1,0,-1
2021430171639,2021,430171639,1,21,0,18,19,3,7,0,0,0,0,0,0,0,1,1,1,1,1,66,10,12777,2,0,VOLVO MODEL MISSING,9,E01022881,0,-1
202131C183521,2021,31C183521,1,11,0,7,7,8,2,0,0,3,0,0,0,0,1,1,1,1,1,35,6,7698,2,6,VOLVO MODEL MISSING,4,E01019433,0,-1
2021501089342,2021,501089342,1,21,1,18,19,6,2,0,0,0,0,0,0,0,1,1,1,1,1,57,9,12777,2,6,VOLVO MODEL MISSING,4,E01020041,0,-1
2021010294819,2021,010294819,1,11,0,4,4,8,4,2,2,0,0,0,0,0,0,1,1,1,1,22,5,4760,2,10,VOLVO MODEL MISSING,5,E01003368,0,-1
2021131111483,2021,131111483,1,11,0,5,5,2,6,0,0,8,0,0,0,0,0,1,1,1,1,63,9,7300,2,13,VOLVO MODEL MISSING,3,E01010703,0,-1
2021991076923,2021,991076923,1,11,0,9,9,6,4,0,0,8,0,0,0,0,4,1,1,1,1,58,9,5132,2,0,VOLVO MODEL MISSING,10,-1,0,-1
2021010335029,2021,010335029,1,11,0,5,5,3,7,2,2,1,0,0,0,0,0,1,1,1,1,26,6,5132,2,4,VOLVO MODEL MISSING,2,E01002049,0,-1
2021161055769,2021,161055769,2,9,0,17,19,8,6,0,0,0,0,0,0,0,1,1,6,6,1,80,11,2500,1,14,VOLVO MODEL MISSING,3,E01012986,0,-1
2021031041571,2021,031041571,2,21,1,18,19,1,5,0,0,0,0,0,0,0,1,1,1,1,1,61,9,12777,2,6,VOLVO MODEL MISSING,1,E01033764,0,-1
2021401050379,2021,401050379,2,21,1,18,19,5,1,0,0,0,0,0,0,0,1,1,1,1,1,51,8,10837,2,2,VOLVO MODEL MISSING,-1,-1,0,-1
2021131053149,2021,131053149,1,11,0,18,19,8,4,2,2,0,0,0,0,0,1,1,1,1,1,58,9,9360,2,13,VOLVO MODEL MISSING,3,E01010703,0,-1
2021991143520,2021,991143520,1,11,0,5,5,6,2,0,0,0,0,0,0,0,4,1,1,1,1,22,5,9360,2,14,VOLVO MODEL MISSING,-1,-1,0,-1
2021221086030,2021,221086030,2,21,1,18,19,4,8,0,0,8,0,0,0,0,1,1,1,1,1,58,9,12777,2,6,VOLVO MODEL MISSING,1,E01012754,0,-1
2021101016701,2021,101016701,1,11,0,4,4,1,5,0,0,0,0,0,0,0,0,1,1,1,1,48,8,9360,2,9,VOLVO MODEL MISSING,5,E01008244,0,-1
2021991109658,2021,991109658,1,11,0,18,19,7,3,0,0,1,0,0,0,0,1,1,1,1,1,23,5,9360,2,11,VOLVO MODEL MISSING,3,-1,0,-1
2021010309977,2021,010309977,1,11,9,99,99,9,9,99,99,9,9,99,9,99,9,9,1,1,3,-1,-1,5132,2,7,VOLVO MODEL MISSING,-1,-1,0,-1
2021010322243,2021,010322243,1,11,0,18,19,7,3,0,0,1,0,0,0,0,0,1,1,1,1,47,8,5132,2,5,VOLVO MODEL MISSING,-1,-1,0,-1
2021320056090,2021,320056090,1,20,0,17,19,4,8,0,0,0,0,0,0,0,0,1,6,6,3,40,7,-1,-1,-1,VOLVO MODEL MISSING,-1,-1,0,-1
2021010316975,2021,010316975,1,11,0,18,19,7,3,0,0,2,0,0,0,0,0,1,1,1,1,48,8,5132,2,5,VOLVO MODEL MISSING,2,E01003924,0,-1
2021010329325,2021,010329325,1,11,0,5,5,5,1,0,0,0,0,0,0,0,0,1,1,1,1,63,9,4760,2,8,VOLVO MODEL MISSING,5,E01000274,0,-1
2021131069335,2021,131069335,2,21,1,18,19,7,3,0,0,0,0,0,1,11,3,1,1,1,1,35,6,12777,2,6,VOLVO MODEL MISSING,2,E01010778,0,-1
2021010289081,2021,010289081,2,11,0,13,13,1,5,0,0,1,0,0,0,0,1,1,1,1,1,61,9,9360,2,11,VOLVO MODEL MISSING,3,E01024583,0,-1
2021010293886,2021,010293886,1,11,0,18,19,4,8,2,2,2,0,0,0,0,0,1,6,6,1,34,6,5132,2,5,VOLVO MODEL MISSING,2,E01004001,0,-1
2021201068344,2021,201068344,2,21,0,18,19,8,4,0,0,0,0,0,0,0,1,1,1,1,1,59,9,10837,2,5,VOLVO MODEL MISSING,-1,-1,0,-1
2021161012723,2021,161012723,1,11,0,3,3,3,7,0,0,0,0,0,0,0,0,1,1,1,1,29,6,7300,2,15,VOLVO MODEL MISSING,1,E01012855,0,-1
2021010332039,2021,010332039,1,11,0,18,19,5,1,0,0,1,1,0,0,0,0,1,1,1,1,54,8,4760,2,10,VOLVO MODEL MISSING,4,E01003211,0,-1
2021320403216,2021,320403216,1,21,0,18,19,4,8,0,0,0,5,0,1,0,4,1,1,1,1,29,6,12777,2,7,VOLVO MODEL MISSING,8,E01012977,0,-1
2021421061857,2021,421061857,2,11,0,10,10,7,5,0,0,2,0,0,0,0,1,1,1,1,1,35,6,7300,2,20,VOLVO MODEL MISSING,9,E01021654,0,-1
2021440362160,2021,440362160,2,11,0,18,19,7,3,0,0,8,0,0,0,0,4,1,1,1,1,29,6,7300,2,16,VOLVO MODEL MISSING,6,E01023002,0,-1
2021010288450,2021,010288450,2,11,0,99,99,9,9,99,99,9,9,99,9,99,9,9,6,6,1,-1,-1,9360,2,10,VOLVO MODEL MISSING,1,E01003047,0,-1
2021622100661,2021,622100661,1,21,1,18,19,7,3,0,0,0,3,0,0,0,1,1,1,1,1,61,9,12777,2,10,VOLVO MODEL MISSING,7,E01024793,0,-1
2021501098239,2021,501098239,1,21,1,18,19,5,1,0,0,0,0,0,0,0,4,1,1,1,1,51,8,12777,2,3,VOLVO MODEL MISSING,5,E01015164,0,-1
2021501134385,2021,501134385,1,11,0,14,14,5,1,0,0,0,0,0,0,0,1,1,1,1,1,66,10,7300,2,14,VOLVO MODEL MISSING,4,E01019918,0,-1
2021010343000,2021,010343000,2,20,0,4,4,1,5,0,0,1,0,0,0,0,1,1,6,6,3,-1,-1,10837,2,3,VOLVO MODEL MISSING,-1,-1,0,-1
2021991093218,2021,991093218,1,11,0,9,9,3,1,0,0,8,0,0,0,0,4,1,1,1,1,51,8,9360,2,12,VOLVO MODEL MISSING,10,-1,0,-1
2021010325546,2021,010325546,1,11,0,4,4,5,1,0,0,2,0,0,0,0,3,1,1,1,2,23,5,5132,2,3,VOLVO MODEL MISSING,2,E01033707,0,-1
2021010316272,2021,010316272,1,11,0,5,5,7,3,0,0,0,0,0,0,0,0,1,1,1,1,39,7,5132,2,7,VOLVO MODEL MISSING,2,E01001861,0,-1
2021161056335,2021,161056335,1,11,0,9,9,3,1,0,0,8,0,0,0,0,0,1,1,1,2,40,7,7300,2,16,VOLVO MODEL MISSING,1,E01012855,0,-1
2021101042614,2021,101042614,1,11,0,2,2,2,6,0,0,2,0,0,0,0,0,1,1,1,1,58,9,9360,2,8,VOLVO MODEL MISSING,5,E01027506,0,-1
2021520200686,2021,520200686,1,21,1,18,19,3,7,0,0,0,0,0,0,0,1,1,1,1,1,56,9,12777,2,3,VOLVO MODEL MISSING,3,E01020294,0,-1
2021161115309,2021,161115309,1,11,0,5,5,6,2,0,0,0,0,0,0,0,0,1,1,1,2,47,8,9360,2,13,VOLVO MODEL MISSING,1,E01012855,0,-1
2021461046056,2021,461046056,1,11,0,2,2,3,7,0,0,0,0,0,0,0,2,1,1,1,3,-1,-1,7300,2,17,VOLVO MODEL MISSING,3,E01016036,0,-1
2021320055796,2021,320055796,1,21,0,18,19,5,1,0,0,0,0,0,0,0,3,1,1,1,1,41,7,12777,2,5,VOLVO MODEL MISSING,6,E01026247,0,-1
2021010329016,2021,010329016,1,11,0,3,3,3,7,0,0,1,0,0,0,0,0,1,1,1,1,42,7,9360,2,11,VOLVO MODEL MISSING,5,E01003842,0,-1
2021991081350,2021,991081350,2,21,1,2,2,3,7,0,0,0,0,0,0,0,2,1,1,1,1,49,8,12777,2,2,VOLVO MODEL MISSING,6,-1,0,-1
2021010319462,2021,010319462,1,11,0,18,19,1,5,0,0,1,0,0,0,0,1,1,1,1,2,28,6,9360,2,12,VOLVO MODEL MISSING,2,E01003303,0,-1
2021010303782,2021,010303782,1,11,0,4,4,7,3,0,0,1,0,0,0,0,4,1,1,1,1,36,7,5132,2,2,VOLVO MODEL MISSING,5,E01001271,0,-1
2021991050619,2021,991050619,1,11,0,18,19,2,7,0,0,0,0,0,0,0,4,1,1,1,1,52,8,5132,2,3,VOLVO MODEL MISSING,6,-1,0,-1
2021010323039,2021,010323039,1,11,0,5,5,5,1,0,0,8,0,0,0,0,0,1,1,1,1,66,10,5132,2,5,VOLVO MODEL MISSING,4,E01000477,0,-1
2021010317766,2021,010317766,2,19,0,18,19,1,5,0,0,1,0,0,0,0,1,1,6,6,1,42,7,12777,2,5,VOLVO MODEL MISSING,4,E01033730,0,-1
2021061052945,2021,061052945,2,11,0,18,19,2,6,0,0,8,0,0,0,0,2,1,1,1,3,30,6,7300,2,15,VOLVO MODEL MISSING,-1,-1,0,-1
2021010312184,2021,010312184,1,11,0,18,19,1,5,0,0,1,0,0,0,0,0,1,6,6,1,-1,-1,5132,2,4,VOLVO MODEL MISSING,-1,-1,0,-1
2021070253225,2021,070253225,1,21,0,18,19,2,6,0,0,2,0,0,0,0,4,1,1,1,1,45,7,5132,2,2,VOLVO MODEL MISSING,7,E01018360,0,-1
2021010312917,2021,010312917,1,11,0,3,3,3,7,0,0,0,0,0,0,0,0,1,1,1,1,49,8,5132,2,7,VOLVO MODEL MISSING,4,E01001514,0,-1
2021010346350,2021,010346350,1,11,0,4,4,3,7,0,0,1,0,0,0,0,1,1,1,1,1,53,8,5132,2,4,VOLVO MODEL MISSING,3,E01004676,0,-1
2021010328035,2021,010328035,1,11,0,3,3,3,7,0,0,0,0,0,0,0,1,1,1,1,1,55,8,5132,2,5,VOLVO MODEL MISSING,2,E01001692,0,-1
2021122100771,2021,122100771,2,21,0,18,19,4,8,0,0,8,0,0,0,0,1,1,1,1,1,51,8,12777,2,0,VOLVO MODEL MISSING,5,E01025201,0,-1
2021070450446,2021,070450446,1,20,0,12,12,5,1,0,0,8,0,0,0,0,1,1,1,1,1,48,8,5132,2,3,VOLVO MODEL MISSING,7,E01007144,0,-1
2021552101136,2021,552101136,1,11,0,4,4,4,8,0,0,0,0,0,0,0,1,1,1,1,1,35,6,5132,2,6,VOLVO MODEL MISSING,6,E01015358,0,-1
2021010290532,2021,010290532,1,11,0,5,5,1,5,0,0,8,0,0,0,0,0,1,1,1,1,48,8,5132,2,4,VOLVO MODEL MISSING,5,E01001157,0,-1
2021501060586,2021,501060586,1,21,4,17,19,6,1,0,0,3,5,0,0,0,4,1,1,1,1,51,8,12777,2,8,VOLVO MODEL MISSING,4,W01000996,0,-1
2021010293167,2021,010293167,1,11,0,5,5,0,3,0,0,0,0,0,0,0,0,1,1,1,1,38,7,9360,2,11,VOLVO MODEL MISSING,5,E01001168,0,-1
2021010304011,2021,010304011,1,11,0,99,99,9,9,99,99,0,9,99,9,99,9,9,6,6,2,49,8,5132,2,4,VOLVO MODEL MISSING,4,E01002792,0,-1
2021010298625,2021,010298625,1,11,0,4,4,5,1,0,0,1,0,0,0,0,1,1,1,1,1,45,7,4760,2,9,VOLVO MODEL MISSING,3,E01002589,0,-1
2021101059727,2021,101059727,1,21,1,10,10,1,5,0,0,1,0,0,0,0,1,1,1,1,1,34,6,12777,2,6,VOLVO MODEL MISSING,1,E01017154,0,-1
2021010306994,2021,010306994,2,11,0,18,19,5,1,0,0,8,0,0,0,0,4,1,1,1,1,45,7,4760,2,8,VOLVO MODEL MISSING,3,E01001501,0,-1
2021010344659,2021,010344659,1,11,0,17,19,5,3,3,2,8,0,0,0,0,0,1,1,1,1,55,8,4760,2,8,VOLVO MODEL MISSING,3,E01001466,0,-1
2021010317607,2021,010317607,1,19,0,18,19,5,1,0,0,1,0,4,0,0,1,2,6,6,1,42,7,-1,-1,-1,VOLVO MODEL MISSING,7,E01002474,0,-1
2021231016961,2021,231016961,2,21,1,18,19,3,7,0,0,0,0,0,0,0,1,1,1,1,1,58,9,7698,2,4,VOLVO MODEL MISSING,1,E01009130,0,-1
2021411024978,2021,411024978,3,21,1,18,19,8,4,0,0,0,0,0,0,0,1,1,1,1,1,45,7,12777,2,5,VOLVO MODEL MISSING,2,E01002310,0,-1
2021211070560,2021,211070560,1,20,1,13,13,1,5,0,0,0,0,0,0,0,1,1,1,1,1,46,8,-1,-1,-1,VOLVO MODEL MISSING,8,W01000115,0,-1
2021991081228,2021,991081228,1,11,0,2,2,0,0,3,2,0,0,0,0,0,0,1,1,1,1,57,9,5132,2,4,VOLVO MODEL MISSING,10,-1,0,-1
2021991113282,2021,991113282,1,11,0,9,9,3,1,0,0,8,0,0,0,0,0,1,1,1,1,58,9,5132,2,6,VOLVO MODEL MISSING,2,-1,0,-1
2021010306400,2021,010306400,1,11,0,12,12,5,1,2,2,0,0,0,0,0,0,1,1,1,1,61,9,5132,2,5,VOLVO MODEL MISSING,3,E01002932,0,-1
2021471031811,2021,471031811,1,11,0,18,19,3,7,0,0,1,0,0,0,0,0,1,1,1,2,44,7,4760,2,9,VOLVO MODEL MISSING,4,E01021060,0,-1
2021010332556,2021,010332556,1,11,0,4,4,1,5,0,0,1,1,0,0,0,0,1,1,1,1,58,9,9360,2,10,VOLVO MODEL MISSING,2,E01004341,0,-1
2021991024854,2021,991024854,1,11,0,5,5,8,4,2,2,0,0,0,0,0,0,1,5,6,1,62,9,5132,2,4,VOLVO MODEL MISSING,1,-1,0,-1
2021131083389,2021,131083389,2,11,0,2,2,3,5,0,0,0,0,0,0,0,2,1,1,1,1,54,8,7300,2,17,VOLVO MODEL MISSING,3,E01010835,0,-1
2021010351668,2021,010351668,3,11,0,4,4,3,7,2,2,2,0,0,0,0,0,1,1,1,1,58,9,9360,2,11,VOLVO MODEL MISSING,-1,-1,0,-1
2021131099877,2021,131099877,1,11,0,17,19,1,5,0,0,0,0,0,0,0,1,1,1,1,1,62,9,7300,2,20,VOLVO MODEL MISSING,4,E01010595,0,-1
202134NNC9081,2021,34NNC9081,2,21,0,18,19,3,7,0,0,0,0,0,0,0,1,1,1,1,1,57,9,12777,2,4,VOLVO MODEL MISSING,7,E01017963,0,-1
2021010309896,2021,010309896,1,11,0,4,4,5,1,0,0,1,0,0,0,0,0,1,1,1,2,38,7,5132,2,4,VOLVO MODEL MISSING,5,E01000277,0,-1
2021161031984,2021,161031984,2,11,0,18,19,4,8,0,0,2,0,0,0,0,4,1,1,1,1,57,9,7300,2,15,VOLVO MODEL MISSING,3,E01012943,0,-1
2021361025150,2021,361025150,2,21,1,18,19,5,1,0,0,1,0,0,0,0,1,1,1,1,1,54,8,12777,2,8,VOLVO MODEL MISSING,8,E01025760,0,-1
2021430527628,2021,430527628,1,21,1,18,19,4,8,0,0,0,0,0,0,0,4,1,1,1,1,45,7,12777,2,1,VOLVO MODEL MISSING,8,E01016711,0,-1
2021991102774,2021,991102774,1,11,0,5,5,6,2,0,0,0,0,0,0,0,1,1,1,1,1,52,8,7300,2,10,VOLVO MODEL MISSING,2,-1,0,-1
2021010292249,2021,010292249,1,11,0,18,19,5,1,0,0,0,0,0,0,0,1,1,1,1,1,27,6,5132,2,3,VOLVO MODEL MISSING,7,E01002203,0,-1
2021141060041,2021,141060041,3,11,0,18,19,2,5,0,0,1,0,0,0,0,0,1,1,1,1,62,9,7300,2,16,VOLVO MODEL MISSING,1,E01008096,0,-1
2021010297124,2021,010297124,2,19,9,99,99,9,9,99,99,9,9,99,9,99,1,9,6,6,3,-1,-1,10837,2,2,VOLVO MODEL MISSING,-1,-1,0,-1
2021010341736,2021,010341736,1,11,1,5,5,6,2,2,2,2,0,0,0,0,1,1,1,1,1,63,9,5132,2,5,VOLVO MODEL MISSING,5,E01002897,0,-1
2021010301759,2021,010301759,1,11,0,4,4,5,1,2,2,0,0,0,0,0,1,1,1,1,1,46,8,5132,2,4,VOLVO MODEL MISSING,4,E01002098,0,-1
2021101119289,2021,101119289,1,11,0,-1,-1,-1,-1,-1,-1,-1,-1,-1,-1,0,-1,1,1,1,1,60,9,9360,2,10,VOLVO MODEL MISSING,3,E01008506,0,-1
2021070433211,2021,070433211,1,21,1,11,11,4,8,0,0,8,0,0,0,0,4,1,1,1,1,46,8,12777,2,9,VOLVO MODEL MISSING,2,E01010065,0,-1
2021010324946,2021,010324946,2,21,0,18,19,5,1,0,0,0,0,0,0,0,1,1,1,1,1,27,6,12777,2,0,VOLVO MODEL MISSING,9,E01026335,0,-1
2021010345873,2021,010345873,1,11,0,5,5,1,5,0,0,3,0,0,0,0,0,1,1,1,1,46,8,5132,2,4,VOLVO MODEL MISSING,1,E01002037,0,-1
2021010308537,2021,010308537,1,11,0,3,3,5,1,0,0,0,0,0,0,0,0,1,6,6,1,62,9,5132,2,4,VOLVO MODEL MISSING,3,E01003716,0,-1
2021131056965,2021,131056965,3,11,0,18,19,7,1,0,0,1,0,0,0,0,0,1,1,1,1,62,9,7300,2,16,VOLVO MODEL MISSING,6,E01010855,0,-1
2021010330018,2021,010330018,1,11,0,18,19,7,3,0,0,0,0,0,0,0,1,1,1,1,2,55,8,5132,2,4,VOLVO MODEL MISSING,3,E01002554,0,-1
2021010319296,2021,010319296,3,11,0,2,2,0,0,2,2,1,0,0,0,0,3,1,6,6,3,-1,-1,4760,2,8,VOLVO MODEL MISSING,-1,-1,0,-1
20211382I0284,2021,1382I0284,4,21,0,18,19,3,7,0,0,0,0,0,0,0,3,1,6,6,1,49,8,10837,2,8,VOLVO MODEL MISSING,6,E01011182,0,-1
2021141082925,2021,141082925,1,11,0,7,7,7,1,0,0,3,0,0,0,0,1,1,1,1,1,47,8,9360,2,14,VOLVO MODEL MISSING,1,E01008096,0,-1
202163A008821,2021,63A008821,1,21,1,5,5,8,4,0,0,0,0,0,0,0,1,1,1,1,1,48,8,12777,2,12,VOLVO MODEL MISSING,6,W01000558,0,-1
2021461072027,2021,461072027,2,21,0,18,19,1,5,0,0,0,0,0,0,0,2,1,6,6,1,59,9,7698,2,6,VOLVO MODEL MISSING,10,E01028801,0,-1
2021122100079,2021,122100079,2,21,1,16,19,3,7,0,0,0,0,0,0,0,1,1,1,1,3,68,10,12777,2,5,VOLVO MODEL MISSING,5,-1,0,-1
2021991109485,2021,991109485,1,11,0,18,19,7,3,0,0,0,0,0,0,0,0,1,1,1,1,58,9,5132,2,6,VOLVO MODEL MISSING,7,-1,0,-1
2021010335050,2021,010335050,2,11,0,18,19,2,6,0,0,1,0,0,0,0,3,1,6,6,1,31,6,5132,2,4,VOLVO MODEL MISSING,6,E01001347,0,-1
202134WNC0031,2021,34WNC0031,1,9,0,5,5,3,7,0,0,8,0,0,0,0,1,1,6,6,1,43,7,2401,2,16,VOLVO MODEL MISSING,8,E01027207,0,-1
2021101078747,2021,101078747,2,21,1,18,19,7,3,0,0,0,1,0,0,0,1,1,1,1,1,43,7,12777,2,1,VOLVO MODEL MISSING,-1,-1,0,-1
2021010345800,2021,010345800,1,11,0,5,5,1,5,0,0,4,0,0,0,0,0,1,1,1,1,62,9,5132,2,3,VOLVO MODEL MISSING,3,E01001326,0,-1
2021991030509,2021,991030509,1,21,1,18,19,7,3,0,0,0,0,0,0,0,1,1,1,1,1,35,6,12777,2,8,VOLVO MODEL MISSING,4,-1,0,-1
2021101079161,2021,101079161,1,11,0,7,7,1,3,0,0,3,-1,-1,-1,0,1,1,1,1,1,55,8,9360,2,9,VOLVO MODEL MISSING,10,E01008418,0,-1
2021010327631,2021,010327631,1,11,0,5,5,2,6,0,0,0,0,0,7,0,0,1,1,1,1,33,6,5132,2,4,VOLVO MODEL MISSING,7,E01002142,0,-1
2021421070823,2021,421070823,1,11,0,18,19,7,3,0,0,0,0,0,0,0,1,1,1,1,1,30,6,7300,2,16,VOLVO MODEL MISSING,8,E01021574,0,-1
2021421020562,2021,421020562,4,21,1,18,19,1,6,0,0,1,0,0,0,0,2,1,1,1,1,44,7,12777,2,2,VOLVO MODEL MISSING,6,E01022053,0,-1