collision_index,collision_year,collision_ref_no,vehicle_reference,vehicle_type,towing_and_articulation,vehicle_manoeuvre_historic,vehicle_manoeuvre,vehicle_direction_from,vehicle_direction_to,vehicle_location_restricted_lane_historic,vehicle_location_restricted_lane,junction_location,skidding_and_overturning,hit_object_in_carriageway,vehicle_leaving_carriageway,hit_object_off_carriageway,first_point_of_impact,vehicle_left_hand_drive,journey_purpose_of_driver_historic,journey_purpose_of_driver,sex_of_driver,age_of_driver,age_band_of_driver,engine_capacity_cc,propulsion_code,age_of_vehicle,generic_make_model,driver_imd_decile,lsoa_of_driver,escooter_flag,driver_distance_banding
2021122100268,2021,122100268,2,21,1,16,19,5,1,0,0,0,0,0,0,0,0,1,1,1,1,45,7,12777,2,2,VOLVO MODEL MISSING,9,E01013053,0,-1
2021471087714,2021,471087714,1,11,0,18,19,6,2,0,0,0,0,0,0,0,0,1,1,1,1,37,7,9360,2,9,VOLVO MODEL MISSING,3,E01021065,0,-1
2021430380393,2021,430380393,4,21,0,18,19,1,5,0,0,0,0,0,0,0,0,1,1,1,1,40,7,10837,2,3,VOLVO MODEL MISSING,4,E01016210,0,-1
2021010332727,2021,010332727,1,11,0,18,19,5,1,2,2,1,0,0,0,0,0,1,6,6,1,39,7,5132,2,5,VOLVO MODEL MISSING,7,E01001027,0,-1
202134WNC4501,2021,34WNC4501,3,19,0,7,7,5,1,0,0,1,0,0,0,0,2,1,1,1,1,51,8,12777,2,7,VOLVO MODEL MISSING,3,E01009597,0,-1
2021522104703,2021,522104703,1,21,0,7,7,2,4,0,0,5,0,0,0,0,1,1,1,1,1,65,9,12777,2,3,VOLVO MODEL MISSING,1,E01014663,0,-1
2021161056919,2021,161056919,1,11,0,5,5,3,7,0,0,0,0,0,0,0,1,1,1,1,2,48,8,12000,2,14,VOLVO MODEL MISSING,-1,-1,0,-1
2021131081535,2021,131081535,2,11,0,18,19,1,3,0,0,1,0,0,0,0,2,1,5,6,1,50,8,7300,2,17,VOLVO MODEL MISSING,4,E01011098,0,-1
2021221083637,2021,221083637,2,90,0,18,19,1,5,0,0,8,1,0,0,0,1,1,1,1,1,56,9,7698,2,3,VOLVO MODEL MISSING,6,E01022126,0,-1
2021320544824,2021,320544824,2,21,0,18,19,8,4,0,0,0,0,0,0,0,1,1,1,1,1,47,8,12777,2,4,VOLVO MODEL MISSING,7,-1,0,-1
2021010341201,2021,010341201,1,11,0,5,5,3,7,0,0,1,0,0,0,0,0,1,1,1,1,24,5,9360,2,9,VOLVO MODEL MISSING,4,E01003628,0,-1
2021421090993,2021,421090993,1,11,0,5,5,8,4,0,0,1,0,0,0,0,4,1,1,1,1,55,8,7300,2,16,VOLVO MODEL MISSING,10,E01021584,0,-1
2021010329097,2021,010329097,1,11,0,9,9,5,3,0,0,5,0,0,0,0,1,1,1,1,2,38,7,5132,2,5,VOLVO MODEL MISSING,5,E01003274,0,-1
2021010295167,2021,010295167,2,11,0,5,5,0,1,2,2,2,0,0,0,0,4,1,1,1,1,47,8,5132,2,4,VOLVO MODEL MISSING,3,E01001089,0,-1
2021010300362,2021,010300362,4,11,0,18,19,3,7,0,0,1,0,0,0,0,3,1,1,1,1,23,5,9360,2,12,VOLVO MODEL MISSING,5,E01001277,0,-1
2021101012338,2021,101012338,1,11,0,2,2,2,7,2,2,0,0,0,0,0,0,1,1,1,2,58,9,7300,2,18,VOLVO MODEL MISSING,-1,-1,0,-1
2021991024757,2021,991024757,1,11,0,7,7,1,3,0,0,8,0,0,0,0,2,1,1,1,1,51,8,7300,2,15,VOLVO MODEL MISSING,3,-1,0,-1
2021471122300,2021,471122300,1,11,0,7,7,8,4,0,0,2,0,0,0,0,0,1,1,1,1,58,9,9360,2,8,VOLVO MODEL MISSING,1,E01016942,0,-1
2021141021118,2021,141021118,1,11,0,18,19,2,6,0,0,0,0,0,0,0,1,1,1,1,1,57,9,7300,2,15,VOLVO MODEL MISSING,8,E01007561,0,-1
2021010332040,2021,010332040,1,11,0,4,4,1,5,0,0,2,0,0,0,0,0,1,1,1,1,34,6,4760,2,8,VOLVO MODEL MISSING,8,E01002575,0,-1
2021461084583,2021,461084583,1,21,1,1,1,1,5,0,0,0,0,0,0,0,2,1,1,1,1,31,6,12777,2,6,VOLVO MODEL MISSING,1,E01024390,0,-1
2021010298428,2021,010298428,2,11,0,99,99,9,9,99,99,9,9,99,9,99,1,9,6,6,1,42,7,9360,2,10,VOLVO MODEL MISSING,3,E01002878,0,-1
2021991105841,2021,991105841,2,11,0,10,10,1,7,0,0,1,0,0,0,0,3,1,1,1,1,54,8,5132,2,0,VOLVO MODEL MISSING,5,-1,0,-1
2021471042602,2021,471042602,1,11,0,1,1,3,7,0,0,0,0,0,0,0,2,1,1,1,1,51,8,9360,2,10,VOLVO MODEL MISSING,2,E01016873,0,-1
2021010330599,2021,010330599,1,11,0,4,4,7,3,0,0,0,0,0,0,0,0,1,1,1,1,36,7,5132,2,6,VOLVO MODEL MISSING,4,E01000497,0,-1
202131C174321,2021,31C174321,2,21,1,11,11,8,4,0,0,0,0,0,0,0,1,1,1,1,1,54,8,12777,2,2,VOLVO MODEL MISSING,4,E01028028,0,-1
2021991075174,2021,991075174,1,11,0,18,19,3,7,0,0,0,0,0,0,0,1,1,1,1,1,30,6,7300,2,15,VOLVO MODEL MISSING,2,-1,0,-1
202131B066721,2021,31B066721,1,21,1,18,19,8,4,0,0,0,0,0,0,0,0,1,1,1,1,51,8,12777,2,3,VOLVO MODEL MISSING,7,-1,0,-1
2021320552287,2021,320552287,1,21,1,17,19,1,4,0,0,3,5,10,0,0,4,1,1,1,1,53,8,12777,2,5,VOLVO MODEL MISSING,-1,-1,0,-1
2021010344644,2021,010344644,2,21,0,3,3,3,7,0,0,2,0,0,0,0,1,1,1,1,1,41,7,7698,2,4,VOLVO MODEL MISSING,5,E01001520,0,-1
2021010317172,2021,010317172,1,11,0,5,5,5,1,0,0,1,0,0,0,0,0,1,6,6,1,34,6,5132,2,5,VOLVO MODEL MISSING,3,E01023348,0,-1
2021122101504,2021,122101504,1,11,0,4,4,3,7,0,0,1,0,0,0,0,0,1,1,1,1,46,8,7300,2,14,VOLVO MODEL MISSING,6,E01027720,0,-1
2021010314796,2021,010314796,1,11,0,4,4,5,1,0,0,0,0,0,0,0,0,1,1,1,1,38,7,5132,2,5,VOLVO MODEL MISSING,-1,-1,0,-1
2021461105619,2021,461105619,4,21,0,18,19,3,7,0,0,0,0,0,0,0,1,1,1,1,1,59,9,12777,2,2,VOLVO MODEL MISSING,2,E01024128,0,-1
2021010320115,2021,010320115,3,11,2,18,19,1,5,0,0,1,0,0,0,0,4,1,6,6,1,62,9,5132,2,2,VOLVO MODEL MISSING,7,E01000572,0,-1
2021320188645,2021,320188645,2,21,0,2,2,0,0,0,0,2,0,0,0,0,2,1,1,1,1,28,6,10837,2,0,VOLVO MODEL MISSING,3,E01026386,0,-1
2021010332503,2021,010332503,1,11,0,18,19,1,5,0,0,1,0,0,0,0,0,1,6,6,1,41,7,4760,2,9,VOLVO MODEL MISSING,4,E01001497,0,-1
2021010306140,2021,010306140,1,11,0,4,4,5,1,0,0,2,0,0,0,0,0,1,1,1,1,50,8,5132,2,4,VOLVO MODEL MISSING,4,E01002309,0,-1
2021061098451,2021,061098451,1,21,1,18,19,2,6,0,0,1,0,0,0,0,1,1,1,1,1,64,9,12777,2,1,VOLVO MODEL MISSING,-1,-1,0,-1
2021010323931,2021,010323931,1,11,0,5,5,5,3,2,2,0,0,0,0,0,0,1,1,1,1,43,7,5132,2,5,VOLVO MODEL MISSING,4,E01002131,0,-1
202106N079247,2021,06N079247,1,90,0,18,19,5,1,0,0,8,0,0,0,0,1,1,1,1,1,35,6,7146,2,10,VOLVO MODEL MISSING,-1,-1,0,-1
2021010312677,2021,010312677,1,11,0,18,19,4,8,0,0,0,0,0,0,0,1,1,1,1,1,30,6,5132,2,5,VOLVO MODEL MISSING,5,E01003945,0,-1
202131D081521,2021,31D081521,1,21,0,18,19,8,4,0,0,8,0,0,0,0,1,1,1,1,1,30,6,12777,2,3,VOLVO MODEL MISSING,2,E01028280,0,-1
2021991095317,2021,991095317,1,21,5,18,19,5,1,0,0,2,0,0,0,0,0,1,1,1,1,33,6,16123,2,0,VOLVO MODEL MISSING,7,-1,0,-1
2021010338593,2021,010338593,1,11,0,5,5,7,3,0,0,9,0,0,0,0,0,1,1,1,3,21,5,9360,2,9,VOLVO MODEL MISSING,-1,-1,0,-1
2021010339783,2021,010339783,1,11,0,3,3,5,1,0,0,1,0,0,0,0,1,1,1,1,1,50,8,5132,2,4,VOLVO MODEL MISSING,1,E01003488,0,-1
2021421121343,2021,421121343,2,21,0,17,19,6,2,0,0,0,0,0,0,0,3,1,1,1,1,73,10,7698,2,6,VOLVO MODEL MISSING,3,E01021888,0,-1
2021421105358,2021,421105358,1,11,0,5,5,3,7,3,2,2,0,0,0,0,1,1,6,6,2,38,7,7300,2,10,VOLVO MODEL MISSING,4,E01015872,0,-1
202131D067521,2021,31D067521,2,11,0,5,5,6,2,0,0,4,0,0,0,0,3,1,1,1,1,33,6,1080,2,6,VOLVO MODEL MISSING,3,E01019667,0,-1
2021351134382,2021,351134382,2,11,0,18,19,2,6,3,2,0,0,0,0,0,1,1,1,1,1,23,5,7698,2,6,VOLVO MODEL MISSING,6,E01018139,0,-1
20211383G1041,2021,1383G1041,2,21,1,18,19,7,3,0,0,0,0,0,0,0,2,1,1,1,1,59,9,12777,2,6,VOLVO MODEL MISSING,7,E01026080,0,-1
2021010306461,2021,010306461,1,11,0,18,19,7,3,0,0,1,0,0,0,0,1,1,1,1,1,43,7,4760,2,8,VOLVO MODEL MISSING,1,E01000798,0,-1
2021211100733,2021,211100733,3,21,0,18,19,5,1,0,0,0,5,0,0,0,3,1,1,1,1,49,8,12777,2,1,VOLVO MODEL MISSING,1,-1,0,-1
2021991111144,2021,991111144,1,21,1,16,19,1,4,0,0,8,5,5,1,7,1,1,1,1,1,35,6,12777,2,8,VOLVO MODEL MISSING,9,-1,0,-1
2021131056158,2021,131056158,1,11,0,5,5,8,1,0,0,0,0,0,0,0,0,1,6,6,3,-1,-1,7300,2,16,VOLVO MODEL MISSING,-1,-1,0,-1
2021421085962,2021,421085962,1,21,1,16,19,6,2,0,0,0,0,0,0,0,1,1,1,1,1,54,8,10837,2,5,VOLVO MODEL MISSING,3,E01006272,0,-1
2021131036054,2021,131036054,1,11,0,4,4,6,2,2,2,0,0,0,1,5,4,1,1,1,1,22,5,7300,2,8,VOLVO MODEL MISSING,1,E01010782,0,-1
2021552100124,2021,552100124,1,11,0,18,19,7,3,0,0,0,0,0,0,0,3,1,1,1,1,55,8,5132,2,6,VOLVO MODEL MISSING,2,E01015341,0,-1
2021320728492,2021,320728492,2,21,0,2,2,0,0,0,0,2,0,0,0,0,2,1,1,1,1,53,8,12777,2,0,VOLVO MODEL MISSING,-1,-1,0,-1
2021430547667,2021,430547667,1,21,1,18,19,2,6,0,0,8,0,0,0,0,3,1,1,1,1,42,7,12777,2,1,VOLVO MODEL MISSING,4,E01015676,0,-1
2021010294868,2021,010294868,1,11,0,18,19,3,7,0,0,1,0,0,0,0,1,1,1,1,1,45,7,4760,2,10,VOLVO MODEL MISSING,5,E01003955,0,-1
2021421046216,2021,421046216,1,11,0,18,19,4,8,0,0,0,0,0,0,0,4,1,1,1,1,29,6,7300,2,19,VOLVO MODEL MISSING,6,E01021917,0,-1
2021221125773,2021,221125773,2,11,0,18,19,2,6,0,0,0,0,10,0,0,1,1,1,1,1,34,6,7698,2,2,VOLVO MODEL MISSING,8,E01032349,0,-1
2021010325457,2021,010325457,2,11,0,18,19,3,7,0,0,0,0,0,0,0,4,1,1,1,1,45,7,9360,2,12,VOLVO MODEL MISSING,2,E01024477,0,-1
2021471072321,2021,471072321,1,11,0,4,4,4,8,0,0,0,0,0,0,0,0,1,1,1,1,63,9,9360,2,9,VOLVO MODEL MISSING,1,E01016915,0,-1
2021141076552,2021,141076552,1,11,0,18,19,1,5,0,0,0,0,0,0,0,4,1,1,1,1,22,5,7300,2,15,VOLVO MODEL MISSING,1,E01007628,0,-1
2021010301883,2021,010301883,1,11,0,5,5,7,3,0,0,3,0,0,0,0,0,1,1,1,1,24,5,5132,2,6,VOLVO MODEL MISSING,2,E01001428,0,-1
2021010348068,2021,010348068,1,11,0,7,7,1,3,0,0,5,1,11,0,0,1,1,1,1,1,40,7,5132,2,4,VOLVO MODEL MISSING,1,E01001559,0,-1
2021201102502,2021,201102502,2,11,0,18,19,8,4,0,0,8,0,0,0,0,1,1,1,1,1,35,6,7698,2,0,VOLVO MODEL MISSING,2,E01029409,0,-1
2021010347087,2021,010347087,1,11,0,18,19,5,1,0,0,0,0,0,0,0,0,1,1,1,1,54,8,5132,2,6,VOLVO MODEL MISSING,2,E01000603,0,-1
2021991076642,2021,991076642,1,11,0,18,19,5,1,0,0,0,0,0,0,0,0,1,1,1,1,52,8,7698,2,2,VOLVO MODEL MISSING,4,-1,0,-1
2021010300907,2021,010300907,2,11,0,99,99,9,9,99,99,9,9,99,9,99,9,9,6,6,3,-1,-1,5132,2,5,VOLVO MODEL MISSING,-1,-1,0,-1
2021010339850,2021,010339850,2,11,0,18,19,5,1,0,0,6,0,0,0,0,1,9,6,6,3,-1,-1,4760,2,10,VOLVO MODEL MISSING,6,E01015942,0,-1
2021131080465,2021,131080465,2,11,0,18,19,8,4,0,0,0,0,0,0,0,1,1,1,1,1,24,5,9360,2,12,VOLVO MODEL MISSING,1,E01033021,0,-1
2021141014669,2021,141014669,2,11,0,-1,-1,-1,-1,-1,-1,0,-1,-1,-1,0,-1,1,1,1,2,-1,-1,9360,2,9,VOLVO MODEL MISSING,5,E01007588,0,-1
2021031108660,2021,031108660,2,11,0,4,4,2,6,0,0,1,0,0,0,0,2,1,1,1,1,45,7,12000,2,14,VOLVO MODEL MISSING,3,E01025138,0,-1
2021991106518,2021,991106518,1,11,0,7,7,5,7,0,0,2,0,0,0,0,0,1,1,1,1,54,8,7698,2,0,VOLVO MODEL MISSING,4,-1,0,-1
2021161047727,2021,161047727,2,21,0,18,19,4,8,0,0,0,0,0,7,4,1,1,1,1,1,55,8,10837,2,3,VOLVO MODEL MISSING,8,E01012909,0,-1
2021010338260,2021,010338260,1,11,0,7,7,7,2,0,0,6,0,0,0,0,4,1,6,6,2,57,9,9360,2,6,VOLVO MODEL MISSING,2,E01033737,0,-1
2021170L10051,2021,170L10051,2,21,0,18,19,6,2,0,0,0,0,0,0,0,1,1,1,1,1,33,6,10837,2,8,VOLVO MODEL MISSING,8,E01027591,0,-1
2021010325820,2021,010325820,2,11,0,4,4,5,1,2,2,0,0,0,0,0,2,1,1,1,2,56,9,9360,2,10,VOLVO MODEL MISSING,6,E01004216,0,-1
2021131098630,2021,131098630,1,11,0,18,19,7,3,0,0,5,0,0,0,0,4,1,1,1,1,45,7,7300,2,17,VOLVO MODEL MISSING,1,E01011294,0,-1
2021010291213,2021,010291213,3,21,0,18,19,3,7,0,0,0,0,0,0,0,1,1,6,6,3,-1,-1,12777,2,1,VOLVO MODEL MISSING,-1,-1,0,-1
2021991024286,2021,991024286,1,11,0,5,5,5,7,0,0,1,0,0,0,0,0,1,1,1,1,54,8,7698,2,2,VOLVO MODEL MISSING,7,-1,0,-1
2021461090432,2021,461090432,2,21,1,9,9,2,5,0,0,1,0,0,0,0,0,1,1,1,1,47,8,10837,2,2,VOLVO MODEL MISSING,6,E01015942,0,-1
2021010290886,2021,010290886,2,11,0,18,19,7,3,0,0,1,0,0,0,0,1,1,6,6,1,53,8,5132,2,2,VOLVO MODEL MISSING,3,E01002400,0,-1
2021010305136,2021,010305136,1,11,0,18,19,1,5,0,0,2,0,0,0,0,0,1,1,1,1,48,8,5132,2,3,VOLVO MODEL MISSING,7,E01002122,0,-1
2021010342970,2021,010342970,1,11,0,4,4,5,1,0,0,4,0,0,0,0,0,1,6,6,1,49,8,5132,2,7,VOLVO MODEL MISSING,8,E01023528,0,-1
2021010338236,2021,010338236,1,11,0,99,99,9,9,99,99,9,9,99,9,99,0,9,6,6,1,48,8,10837,2,1,VOLVO MODEL MISSING,10,E01028628,0,-1
2021010321542,2021,010321542,1,11,0,3,3,1,5,0,0,1,0,0,0,0,2,1,1,1,1,56,9,9360,2,9,VOLVO MODEL MISSING,6,E01001235,0,-1
2021991094095,2021,991094095,1,11,0,5,5,8,4,0,0,0,0,0,0,0,0,1,1,1,1,45,7,7698,2,2,VOLVO MODEL MISSING,3,-1,0,-1
2021131098574,2021,131098574,1,11,0,4,4,4,8,0,0,0,1,0,0,0,1,1,1,1,1,42,7,7300,2,17,VOLVO MODEL MISSING,2,E01011726,0,-1
2021010331448,2021,010331448,3,11,0,17,19,5,3,0,0,9,0,99,0,0,4,9,6,6,1,61,9,9360,2,11,VOLVO MODEL MISSING,2,E01004755,0,-1
2021010325697,2021,010325697,1,11,0,4,4,3,7,0,0,1,0,0,0,0,0,1,1,1,1,61,9,5132,2,4,VOLVO MODEL MISSING,5,E01021814,0,-1
2021471116758,2021,471116758,1,11,0,9,9,5,2,0,0,6,0,0,0,0,0,1,1,1,1,59,9,4760,2,9,VOLVO MODEL MISSING,5,E01016884,0,-1
2021461125752,2021,461125752,1,11,0,4,4,6,2,0,0,0,0,0,0,0,0,1,1,1,1,58,9,7300,2,15,VOLVO MODEL MISSING,5,E01024383,0,-1
2021421042308,2021,421042308,1,21,1,18,19,3,7,0,0,0,0,0,0,0,1,1,1,1,1,56,9,12777,2,2,VOLVO MODEL MISSING,6,E01017503,0,-1
2021320692861,2021,320692861,2,21,0,17,19,4,8,0,0,2,0,0,0,0,1,1,1,1,1,81,11,12777,2,6,VOLVO MODEL MISSING,6,E01028307,0,-1
2021991080441,2021,991080441,2,11,0,2,2,3,7,0,0,0,0,0,0,0,0,1,1,1,1,55,8,7300,2,15,VOLVO MODEL MISSING,4,-1,0,-1
2021440378332,2021,440378332,2,21,0,9,9,3,1,0,0,8,0,0,0,0,0,1,1,1,1,62,9,12777,2,4,VOLVO MODEL MISSING,5,E01022542,0,-1
2021522102773,2021,522102773,1,11,0,18,19,4,8,0,0,4,0,0,0,0,1,1,1,1,1,68,10,9360,2,14,VOLVO MODEL MISSING,1,E01014581,0,-1
2021351068203,2021,351068203,1,11,0,5,5,4,8,3,2,1,0,0,0,0,0,1,1,1,1,41,7,7300,2,9,VOLVO MODEL MISSING,8,E01018132,0,-1
2021991043105,2021,991043105,1,11,0,5,5,3,7,2,2,2,0,0,0,0,0,1,1,1,1,37,7,5132,2,4,VOLVO MODEL MISSING,4,-1,0,-1
202154B985921,2021,54B985921,1,21,0,18,19,4,8,0,0,0,0,0,0,0,1,1,1,1,1,58,9,12777,2,6,VOLVO MODEL MISSING,10,E01022196,0,-1
2021010290903,2021,010290903,2,21,0,99,99,9,9,0,0,0,0,0,0,0,9,1,6,6,1,56,9,12777,2,3,VOLVO MODEL MISSING,8,E01019596,0,-1
2021070462091,2021,070462091,2,20,0,18,19,1,5,0,0,0,0,0,0,0,4,1,6,6,1,33,6,9600,2,22,VOLVO MODEL MISSING,8,E01007420,0,-1
202154A442321,2021,54A442321,1,21,0,18,19,8,4,0,0,0,0,12,0,0,4,1,1,1,1,35,6,12777,2,2,VOLVO MODEL MISSING,9,E01032057,0,-1
202131C180421,2021,31C180421,1,11,0,18,19,8,4,0,0,0,0,0,0,0,1,1,1,1,1,58,9,7300,2,16,VOLVO MODEL MISSING,2,E01013963,0,-1
2021991074076,2021,991074076,1,11,0,7,7,4,7,0,0,8,0,0,0,0,0,1,1,1,1,44,7,5132,2,0,VOLVO MODEL MISSING,7,-1,0,-1
202134NNC2211,2021,34NNC2211,2,21,1,4,4,7,3,0,0,2,0,0,0,0,2,1,1,1,1,32,6,12777,2,11,VOLVO MODEL MISSING,8,E01031230,0,-1
2021991035942,2021,991035942,3,21,1,18,19,6,2,0,0,1,1,0,0,0,0,1,1,1,1,38,7,12777,2,9,VOLVO MODEL MISSING,1,-1,0,-1
2021131116357,2021,131116357,1,11,0,4,4,8,8,0,0,1,0,0,0,0,1,1,1,1,1,34,6,7300,2,12,VOLVO MODEL MISSING,2,E01011104,0,-1
2021010293879,2021,010293879,1,20,4,16,19,3,7,9,9,0,0,0,0,0,4,1,1,1,1,63,9,12777,2,10,VOLVO MODEL MISSING,4,E01030805,0,-1
2021010322808,2021,010322808,1,21,5,3,3,1,5,0,0,1,0,0,3,0,2,1,1,1,1,51,8,12777,2,4,VOLVO MODEL MISSING,1,E01032232,0,-1
202134WNC2491,2021,34WNC2491,3,21,1,18,19,5,1,0,0,0,0,0,0,0,2,1,1,1,1,54,8,12777,2,0,VOLVO MODEL MISSING,7,W01000532,0,-1
2021991027917,2021,991027917,1,11,0,11,11,7,2,0,0,1,0,0,0,0,0,1,1,1,1,32,6,9360,2,10,VOLVO MODEL MISSING,3,-1,0,-1
2021010334541,2021,010334541,1,11,0,18,19,5,1,0,0,1,0,0,0,0,0,2,6,6,2,28,6,9360,2,10,VOLVO MODEL MISSING,4,E01000802,0,-1
2021010323950,2021,010323950,1,11,0,99,99,9,9,99,99,9,9,99,9,99,9,9,1,1,1,58,9,5132,2,4,VOLVO MODEL MISSING,2,E01001755,0,-1
2021010338987,2021,010338987,1,11,0,18,19,5,1,0,0,0,0,0,0,0,4,1,1,1,1,37,7,5132,2,5,VOLVO MODEL MISSING,1,E01004005,0,-1
2021302101157,2021,302101157,1,11,0,18,19,2,6,0,0,1,0,0,0,0,0,1,1,1,1,52,8,7300,2,12,VOLVO MODEL MISSING,3,E01019818,0,-1
2021522102613,2021,522102613,1,11,0,18,19,7,3,0,0,0,0,0,0,0,1,1,1,1,1,49,8,9360,2,13,VOLVO MODEL MISSING,6,E01014900,0,-1
2021010337360,2021,010337360,1,11,0,5,5,8,4,0,0,1,0,0,0,0,0,1,1,1,1,36,7,5132,2,3,VOLVO MODEL MISSING,2,E01002765,0,-1
2021522104985,2021,522104985,2,21,0,17,19,3,8,0,0,0,0,0,0,0,1,1,6,6,1,59,9,12777,2,2,VOLVO MODEL MISSING,4,E01014033,0,-1
2021991098453,2021,991098453,1,21,0,5,5,1,5,0,0,0,0,0,0,0,1,1,1,1,1,52,8,7146,2,8,VOLVO MODEL MISSING,3,E01006359,0,-1
2021501046745,2021,501046745,2,90,0,17,19,7,4,0,0,0,0,0,0,0,3,1,1,1,1,32,6,10837,2,4,VOLVO MODEL MISSING,5,E01020332,0,-1
2021010328877,2021,010328877,1,11,0,18,19,3,7,0,0,1,0,0,0,0,1,1,1,1,1,48,8,5132,2,3,VOLVO MODEL MISSING,4,E01000497,0,-1
2021010330427,2021,010330427,1,11,0,4,4,5,1,0,0,0,0,0,0,0,0,1,1,1,1,29,6,5132,2,5,VOLVO MODEL MISSING,5,E01003359,0,-1
2021201122341,2021,201122341,2,11,0,18,19,1,5,0,0,8,0,0,0,0,1,1,1,1,1,55,8,7300,2,15,VOLVO MODEL MISSING,5,E01009774,0,-1
2021010317987,2021,010317987,1,11,0,4,4,1,5,0,0,0,0,0,0,0,0,1,1,1,2,31,6,9360,2,11,VOLVO MODEL MISSING,2,E01003126,0,-1
2021010350587,2021,010350587,1,11,0,18,19,2,6,0,0,2,0,0,0,0,4,1,1,1,1,62,9,5132,2,6,VOLVO MODEL MISSING,7,E01002494,0,-1
2021302101793,2021,302101793,2,20,4,12,12,6,2,0,0,0,0,0,0,0,2,1,1,1,1,40,7,-1,-1,-1,VOLVO MODEL MISSING,1,E01020673,0,-1
2021010321565,2021,010321565,1,11,0,18,19,5,1,0,0,0,0,0,0,0,0,1,1,1,1,-1,-1,5132,2,6,VOLVO MODEL MISSING,4,E01004148,0,-1
2021231105624,2021,231105624,1,21,1,18,19,2,3,0,0,1,0,0,0,0,1,1,1,1,1,38,7,12777,2,3,VOLVO MODEL MISSING,6,E01033179,0,-1
2021552100858,2021,552100858,1,21,1,7,7,2,4,0,0,5,0,0,0,0,1,1,1,1,1,41,7,12777,2,10,VOLVO MODEL MISSING,7,E01020491,0,-1
2021161130254,2021,161130254,1,11,0,18,19,0,0,0,0,2,0,0,0,0,4,1,1,1,1,57,9,9360,2,13,VOLVO MODEL MISSING,1,E01012855,0,-1
2021371087923,2021,371087923,2,21,1,18,19,1,5,0,0,0,0,0,0,0,2,1,1,1,1,41,7,12777,2,10,VOLVO MODEL MISSING,-1,-1,0,-1
2021010332831,2021,010332831,2,11,0,3,3,3,7,0,0,0,0,0,0,0,0,1,6,6,1,56,9,5132,2,5,VOLVO MODEL MISSING,2,E01001943,0,-1
2021010335767,2021,010335767,2,9,0,99,99,9,9,99,99,9,9,99,9,99,9,9,6,6,3,-1,-1,2993,2,2,-1,7,E01001049,0,-1
2021440387554,2021,440387554,1,9,0,18,19,3,7,0,0,8,0,0,1,0,3,1,6,6,1,43,7,2993,2,0,-1,10,E01032850,0,-1
2021430273039,2021,430273039,2,9,0,3,3,4,8,0,0,1,0,0,0,0,2,1,2,2,1,44,7,2993,2,1,-1,10,E01017689,0,-1
2021010292218,2021,010292218,1,9,0,4,4,7,3,0,0,1,0,0,0,0,2,1,6,6,2,43,7,2993,2,1,-1,4,E01002247,0,-1
2021010335964,2021,010335964,1,9,0,9,9,7,6,0,0,5,0,0,0,0,1,1,6,6,2,39,7,2998,1,1,-1,8,E01004479,0,-1
2021101056899,2021,101056899,1,9,0,18,19,1,5,0,0,0,0,0,0,0,0,1,5,6,2,32,6,2993,12,0,-1,8,E01027440,0,-1
2021052100145,2021,052100145,1,3,0,18,19,5,1,0,0,0,0,10,0,0,0,1,6,6,1,20,4,125,1,4,-1,1,E01007227,0,-1
2021451119492,2021,451119492,1,5,0,18,19,4,8,0,0,0,0,0,0,0,1,1,2,2,1,32,6,1198,1,7,-1,9,E01016172,0,-1
2021501072594,2021,501072594,2,9,0,18,19,6,2,0,0,1,0,0,0,0,1,1,5,6,1,98,11,2198,1,14,-1,6,E01020179,0,-1
2021421043656,2021,421043656,1,9,0,18,19,3,7,0,0,0,0,0,0,0,1,1,5,6,1,31,6,1910,2,15,-1,6,E01030002,0,-1
2021010300515,2021,010300515,10,19,0,2,2,0,0,0,0,1,0,0,0,0,3,1,6,6,3,-1,-1,1997,2,1,-1,-1,-1,0,-1
2021361141409,2021,361141409,1,19,0,7,7,6,1,0,0,2,1,0,0,0,1,1,1,1,1,53,8,1598,2,4,-1,9,E01018037,0,-1
2021440412341,2021,440412341,3,19,0,18,19,1,5,0,0,1,0,0,0,0,2,1,6,6,1,49,8,1997,2,1,-1,9,E01015025,0,-1
2021010332392,2021,010332392,2,19,0,99,99,9,9,99,99,9,9,99,9,99,9,9,6,6,3,-1,-1,1598,2,3,-1,-1,-1,0,-1
2021991047586,2021,991047586,1,19,0,5,5,1,4,0,0,8,0,0,0,0,3,1,1,1,1,58,9,1997,2,0,-1,1,-1,0,-1
2021991021012,2021,991021012,1,19,0,17,19,7,4,0,0,0,2,0,1,9,1,1,1,1,1,36,7,1997,2,1,-1,3,-1,0,-1