collision_index,collision_year,collision_ref_no,vehicle_reference,vehicle_type,towing_and_articulation,vehicle_manoeuvre_historic,vehicle_manoeuvre,vehicle_direction_from,vehicle_direction_to,vehicle_location_restricted_lane_historic,vehicle_location_restricted_lane,junction_location,skidding_and_overturning,hit_object_in_carriageway,vehicle_leaving_carriageway,hit_object_off_carriageway,first_point_of_impact,vehicle_left_hand_drive,journey_purpose_of_driver_historic,journey_purpose_of_driver,sex_of_driver,age_of_driver,age_band_of_driver,engine_capacity_cc,propulsion_code,age_of_vehicle,generic_make_model,driver_imd_decile,lsoa_of_driver,escooter_flag,driver_distance_banding
2021991066527,2021,991066527,1,5,0,16,19,5,1,0,0,0,1,0,7,10,3,1,5,6,1,25,5,745,1,4,-1,10,-1,0,-1
2021161047706,2021,161047706,2,9,0,18,19,6,2,0,0,8,0,0,0,0,1,1,6,6,2,41,7,1591,1,0,HYUNDAI TUCSON,10,E01013091,0,-1
2021010296323,2021,010296323,1,9,0,9,9,5,2,0,0,5,0,0,1,0,1,1,3,7,2,51,8,1591,1,2,HYUNDAI TUCSON,5,E01004086,0,-1
2021320659216,2021,320659216,2,9,0,9,9,3,1,0,0,8,0,0,0,0,1,1,1,1,1,34,6,1995,2,0,HYUNDAI TUCSON,1,E01026308,0,-1
2021141024062,2021,141024062,1,9,0,18,19,2,6,0,0,1,2,4,0,0,1,1,2,2,1,25,5,1591,1,2,HYUNDAI TUCSON,4,E01007382,0,-1
2021991121612,2021,991121612,2,9,0,4,4,7,3,0,0,0,0,0,0,0,2,1,5,6,1,59,9,1591,1,5,HYUNDAI TUCSON,8,-1,0,-1
2021010298733,2021,010298733,2,9,9,99,99,9,9,99,99,9,9,99,9,99,9,9,6,6,1,29,6,1591,1,3,HYUNDAI TUCSON,2,E01001423,0,-1
2021041103024,2021,041103024,3,9,0,18,19,4,4,0,0,1,0,0,0,0,2,1,5,6,2,45,7,1685,2,4,HYUNDAI TUCSON,7,E01025123,0,-1
202131D079321,2021,31D079321,1,9,0,18,19,4,8,0,0,2,0,0,0,0,1,1,2,2,2,45,7,1591,1,3,HYUNDAI TUCSON,8,E01028358,0,-1
2021010323575,2021,010323575,2,9,0,2,2,0,0,0,0,2,0,0,0,0,2,1,6,6,3,-1,-1,1591,1,1,HYUNDAI TUCSON,-1,-1,0,-1
2021201149687,2021,201149687,3,9,0,18,19,6,2,0,0,0,0,0,0,0,1,1,6,6,1,55,8,1991,2,15,HYUNDAI TUCSON,3,E01009664,0,-1
202134WNC0031,2021,34WNC0031,2,9,0,5,5,3,5,0,0,8,0,0,0,0,2,1,6,6,1,76,11,1685,2,3,HYUNDAI TUCSON,7,E01027149,0,-1
2021010321559,2021,010321559,1,9,0,18,19,7,3,0,0,0,2,11,0,0,1,1,6,6,1,51,8,1591,1,0,HYUNDAI TUCSON,5,E01004076,0,-1
2021461050446,2021,461050446,3,9,0,18,19,1,5,0,0,0,1,0,0,0,1,1,6,6,1,59,9,1995,2,5,HYUNDAI TUCSON,3,E01016154,0,-1
2021361108448,2021,361108448,2,9,0,4,4,2,3,0,0,0,0,0,0,0,2,1,2,2,2,50,8,1685,2,5,HYUNDAI TUCSON,2,E01018068,0,-1
2021430006311,2021,430006311,2,9,0,18,19,7,3,0,0,1,0,0,0,0,1,1,6,6,1,56,9,1598,8,0,HYUNDAI TUCSON,5,E01016836,0,-1
2021501078324,2021,501078324,3,9,0,2,2,0,0,9,9,0,0,0,0,0,2,1,6,6,3,-1,-1,1995,2,5,HYUNDAI TUCSON,-1,-1,0,-1
2021440405843,2021,440405843,2,9,0,17,19,8,4,0,0,8,0,0,0,0,1,1,6,6,2,55,8,1685,2,5,HYUNDAI TUCSON,9,E01022496,0,-1
2021231056775,2021,231056775,3,9,0,18,19,8,4,0,0,0,0,11,0,0,4,1,5,6,1,22,5,1685,2,5,HYUNDAI TUCSON,2,E01000856,0,-1
2021421125200,2021,421125200,1,9,0,1,1,1,5,0,0,0,0,0,0,0,2,1,5,6,2,45,7,1598,8,0,HYUNDAI TUCSON,6,E01021394,0,-1
2021010293287,2021,010293287,2,9,0,99,99,9,9,99,99,0,9,99,9,99,1,9,6,6,3,53,8,1591,1,3,HYUNDAI TUCSON,6,E01001948,0,-1
2021302101057,2021,302101057,1,9,0,4,4,6,2,0,0,0,0,0,0,0,2,1,6,6,2,37,7,1591,1,4,HYUNDAI TUCSON,4,E01018647,0,-1
2021161055179,2021,161055179,1,9,0,18,19,5,1,0,0,1,1,4,0,0,3,1,5,6,2,73,10,1995,2,5,HYUNDAI TUCSON,8,E01013277,0,-1
2021070212191,2021,070212191,1,9,0,18,19,2,4,0,0,6,0,0,0,0,0,1,6,6,1,68,10,1991,2,15,HYUNDAI TUCSON,9,E01018650,0,-1
2021010306988,2021,010306988,1,9,0,99,99,9,9,99,99,0,9,99,9,99,9,9,6,6,2,33,6,1591,1,1,HYUNDAI TUCSON,2,E01003236,0,-1
2021421076805,2021,421076805,3,9,0,2,2,0,0,0,0,0,0,0,0,0,2,1,6,6,2,46,8,1591,1,1,HYUNDAI TUCSON,-1,-1,0,-1
2021041078333,2021,041078333,3,9,0,18,19,7,3,0,0,2,0,0,0,0,2,1,5,6,1,31,6,1591,1,3,HYUNDAI TUCSON,1,E01012695,0,-1
2021411039236,2021,411039236,4,9,0,4,4,5,1,0,0,0,0,0,0,0,2,1,6,6,1,34,6,1591,1,2,HYUNDAI TUCSON,3,E01002526,0,-1
2021440288483,2021,440288483,1,9,0,2,2,4,8,0,0,2,0,0,0,0,0,1,3,7,1,46,8,1591,1,2,HYUNDAI TUCSON,10,E01022664,0,-1
2021052102683,2021,052102683,1,9,0,9,9,3,7,0,0,8,0,0,0,0,1,1,6,6,1,72,10,1685,2,4,HYUNDAI TUCSON,-1,-1,0,-1
2021061097883,2021,061097883,1,9,0,18,19,1,5,0,0,0,0,0,0,0,2,1,6,6,2,30,6,1685,2,6,HYUNDAI TUCSON,-1,-1,0,-1
2021440332344,2021,440332344,2,9,0,12,12,1,3,0,0,3,0,0,0,0,3,1,6,6,1,42,7,1591,1,2,HYUNDAI TUCSON,-1,-1,0,-1
2021549862921,2021,549862921,2,9,0,18,19,7,3,0,0,4,0,0,0,0,0,1,6,6,2,27,6,1598,2,3,HYUNDAI TUCSON,8,E01015556,0,-1
2021170H11111,2021,170H11111,1,9,0,9,9,8,6,0,0,8,0,0,0,0,3,1,6,6,2,58,9,1598,12,0,HYUNDAI TUCSON,8,E01033476,0,-1
2021421099353,2021,421099353,2,9,0,2,2,0,0,9,9,0,0,0,0,0,3,1,6,6,2,-1,-1,1975,1,17,HYUNDAI TUCSON,10,E01021345,0,-1
2021170H10751,2021,170H10751,1,9,0,9,9,5,2,0,0,4,0,0,0,0,1,1,6,6,1,66,10,1591,1,2,HYUNDAI TUCSON,1,E01012001,0,-1
202134WNC4071,2021,34WNC4071,2,9,0,4,4,1,5,0,0,0,0,0,0,0,2,1,6,6,1,63,9,1591,1,3,HYUNDAI TUCSON,9,E01027275,0,-1
2021010300110,2021,010300110,2,9,0,18,19,6,2,0,0,2,0,0,0,0,2,1,6,6,1,56,9,1591,1,1,HYUNDAI TUCSON,3,E01004568,0,-1
2021991076051,2021,991076051,1,9,0,16,19,2,3,0,0,0,1,0,1,0,1,1,5,6,1,33,6,1991,2,16,HYUNDAI TUCSON,1,-1,0,-1
2021161052507,2021,161052507,1,9,0,18,19,6,2,0,0,0,0,0,0,0,2,1,5,6,1,44,7,1685,2,5,HYUNDAI TUCSON,6,E01007787,0,-1
2021320698017,2021,320698017,1,9,0,18,19,7,3,0,0,0,0,0,1,11,1,1,6,6,3,-1,-1,1598,1,0,HYUNDAI TUCSON,-1,-1,0,-1
2021041020129,2021,041020129,4,9,0,18,19,5,1,0,0,0,0,0,0,0,2,1,5,6,1,36,7,1591,1,2,HYUNDAI TUCSON,2,E01012711,0,-1
2021991133396,2021,991133396,1,9,0,9,9,2,7,0,0,6,0,0,0,0,1,1,2,2,1,29,6,1685,2,3,HYUNDAI TUCSON,7,-1,0,-1
2021131104828,2021,131104828,1,9,0,9,9,3,1,0,0,0,0,0,0,0,1,1,6,6,1,78,11,1995,2,5,HYUNDAI TUCSON,10,E01010580,0,-1
2021411046445,2021,411046445,2,9,0,16,19,1,7,0,0,2,0,0,0,0,3,1,2,2,2,35,6,1591,1,4,HYUNDAI TUCSON,4,E01000313,0,-1
2021010299852,2021,010299852,1,9,0,10,10,5,3,0,0,8,0,0,0,0,1,1,6,6,1,36,7,1591,1,3,HYUNDAI TUCSON,2,E01001152,0,-1
2021991022965,2021,991022965,1,9,0,18,19,3,7,0,0,1,0,4,0,0,1,1,5,6,2,62,9,1591,1,1,HYUNDAI TUCSON,5,-1,0,-1
202134WNC2051,2021,34WNC2051,2,9,0,2,2,7,3,0,0,0,0,0,0,0,2,1,6,6,2,61,9,1991,2,15,HYUNDAI TUCSON,9,E01021390,0,-1
2021010304846,2021,010304846,2,9,0,18,19,3,7,0,0,1,0,0,0,0,3,1,6,6,2,45,7,1591,1,1,HYUNDAI TUCSON,9,E01030605,0,-1
2021461111414,2021,461111414,2,9,0,3,3,7,7,0,0,4,0,0,0,0,2,1,5,6,1,61,9,1591,1,2,HYUNDAI TUCSON,10,E01024046,0,-1
2021501094622,2021,501094622,1,9,0,9,9,1,5,0,0,1,0,0,0,0,1,1,6,6,2,36,7,1591,1,3,HYUNDAI TUCSON,6,E01018985,0,-1
2021440265526,2021,440265526,2,9,0,2,2,0,0,-1,-1,2,0,0,0,0,4,1,6,6,2,47,8,1591,1,3,HYUNDAI TUCSON,10,E01022861,0,-1
2021461013523,2021,461013523,1,9,0,18,19,1,5,0,0,0,0,0,0,0,4,1,5,6,2,66,10,1591,1,2,HYUNDAI TUCSON,3,E01024001,0,-1
2021170M11831,2021,170M11831,1,9,0,16,19,5,8,0,0,0,0,0,7,9,1,1,6,6,1,22,5,1991,2,16,HYUNDAI TUCSON,8,E01012062,0,-1
2021430458645,2021,430458645,1,9,0,18,19,2,6,0,0,8,0,0,0,0,1,1,6,6,1,63,9,1591,1,2,HYUNDAI TUCSON,8,E01015472,0,-1
2021440352525,2021,440352525,3,9,0,4,4,3,7,0,0,0,0,0,0,0,2,1,6,6,2,32,6,1685,2,5,HYUNDAI TUCSON,3,E01017099,0,-1
2021440153832,2021,440153832,2,9,0,3,3,6,2,0,0,1,0,0,0,0,2,1,6,6,2,40,7,1685,2,5,HYUNDAI TUCSON,7,E01022634,0,-1
2021501061772,2021,501061772,1,9,0,8,8,1,7,0,0,1,0,0,0,0,2,1,2,2,1,26,6,1685,2,3,HYUNDAI TUCSON,6,E01019061,0,-1
2021010297776,2021,010297776,1,9,0,99,99,9,9,99,99,9,9,99,9,99,2,9,6,6,3,44,7,1685,2,4,HYUNDAI TUCSON,5,E01001611,0,-1
2021010292064,2021,010292064,1,9,0,4,4,1,5,9,9,1,1,10,1,2,1,1,3,7,2,28,6,1591,1,3,HYUNDAI TUCSON,3,E01003391,0,-1
2021010313644,2021,010313644,2,9,0,15,15,1,5,0,0,2,9,0,0,99,3,9,6,6,3,58,9,1591,1,2,HYUNDAI TUCSON,10,E01002434,0,-1
2021501086289,2021,501086289,2,9,0,3,3,2,6,0,0,0,0,0,0,0,3,1,5,6,2,67,10,1591,1,1,HYUNDAI TUCSON,4,E01015183,0,-1
2021070263310,2021,070263310,2,9,0,18,19,5,1,0,0,1,0,0,0,0,1,1,6,6,1,69,10,1591,1,3,HYUNDAI TUCSON,-1,-1,0,-1
2021041061003,2021,041061003,1,9,0,18,19,3,7,0,0,4,0,0,0,0,1,1,5,6,1,27,6,1685,2,5,HYUNDAI TUCSON,5,E01025431,0,-1
202131A133821,2021,31A133821,1,9,0,9,9,7,5,0,0,6,0,0,0,0,1,1,6,6,1,55,8,1591,1,3,HYUNDAI TUCSON,2,E01028313,0,-1
2021010344104,2021,010344104,2,9,9,99,99,9,9,99,99,9,9,99,9,99,9,9,6,6,1,28,6,1591,1,4,HYUNDAI TUCSON,4,E01003452,0,-1
2021471125832,2021,471125832,1,9,0,18,19,6,2,0,0,0,0,0,0,0,1,1,6,6,1,-1,-1,1591,1,5,HYUNDAI TUCSON,7,E01021108,0,-1
202163B044721,2021,63B044721,1,9,0,18,19,2,6,0,0,6,0,0,0,0,0,1,6,6,2,30,6,1591,1,1,HYUNDAI TUCSON,5,W01000518,0,-1
2021520102125,2021,520102125,1,9,0,7,7,4,6,0,0,8,0,0,0,0,3,1,6,6,1,39,7,1591,1,2,HYUNDAI TUCSON,3,E01029175,0,-1
2021010316939,2021,010316939,2,9,0,99,99,9,9,99,99,0,9,99,9,99,9,9,6,6,3,-1,-1,1598,12,0,HYUNDAI TUCSON,6,E01004618,0,-1
2021991069143,2021,991069143,1,9,0,18,19,4,3,0,0,3,0,0,4,0,1,1,5,6,1,34,6,1995,2,5,HYUNDAI TUCSON,3,-1,0,-1
202131D135221,2021,31D135221,1,9,0,18,19,6,2,0,0,0,0,10,0,0,1,1,6,6,1,50,8,1591,1,1,HYUNDAI TUCSON,6,E01027997,0,-1
202131C041921,2021,31C041921,1,9,0,1,1,2,6,0,0,1,0,0,0,0,2,1,6,6,1,36,7,1685,2,5,HYUNDAI TUCSON,5,E01013840,0,-1
2021461055378,2021,461055378,2,9,0,3,3,5,1,0,0,0,0,0,0,0,2,1,6,6,2,39,7,1685,2,5,HYUNDAI TUCSON,9,E01032735,0,-1
2021991025784,2021,991025784,3,9,0,18,19,3,7,0,0,1,0,0,0,0,1,1,5,6,2,26,6,1685,2,5,HYUNDAI TUCSON,5,-1,0,-1
2021070804323,2021,070804323,1,9,0,4,4,8,4,0,0,0,0,0,0,0,1,1,3,7,1,33,6,1591,1,4,HYUNDAI TUCSON,2,E01012506,0,-1
2021041180905,2021,041180905,1,9,0,17,19,3,7,0,0,0,5,0,1,0,1,1,2,2,2,35,6,1685,2,3,HYUNDAI TUCSON,9,E01024970,0,-1
2021041070803,2021,041070803,1,9,0,18,19,3,5,0,0,1,0,0,0,0,1,1,5,6,2,44,7,1685,2,4,HYUNDAI TUCSON,4,E01025073,0,-1
2021061134602,2021,061134602,2,9,-1,-1,-1,-1,-1,-1,-1,-1,-1,-1,-1,0,-1,1,6,6,1,24,5,1598,8,0,HYUNDAI TUCSON,1,E01005234,0,-1
2021440329367,2021,440329367,3,9,0,18,19,7,3,0,0,0,1,0,0,0,2,1,6,6,2,41,7,1991,2,13,HYUNDAI TUCSON,4,E01017128,0,-1
2021052102851,2021,052102851,1,9,0,18,19,6,2,0,0,0,0,4,0,0,1,1,6,6,1,78,11,1991,2,15,HYUNDAI TUCSON,2,E01006842,0,-1
2021010347396,2021,010347396,1,9,0,99,99,9,9,99,99,0,9,99,9,99,9,9,2,2,1,29,6,1591,1,5,HYUNDAI TUCSON,2,E01002345,0,-1
2021010351832,2021,010351832,3,9,0,99,99,9,9,99,99,9,9,99,9,99,2,9,6,6,3,-1,-1,1591,1,2,HYUNDAI TUCSON,6,E01004361,0,-1
202134WNC0301,2021,34WNC0301,1,9,0,18,19,7,3,0,0,1,1,0,0,0,1,1,6,6,2,41,7,1591,1,2,HYUNDAI TUCSON,10,E01027266,0,-1
2021320151819,2021,320151819,1,9,0,1,1,1,5,9,9,0,0,0,0,0,3,2,6,6,2,51,8,1598,12,2,HYUNDAI TUCSON,5,E01026224,0,-1
2021010331834,2021,010331834,1,9,0,18,19,5,1,0,0,8,5,0,0,0,1,1,6,6,1,26,6,1598,12,0,HYUNDAI TUCSON,4,E01003333,0,-1
2021041083366,2021,041083366,2,9,0,18,19,1,5,0,0,0,0,0,0,0,2,1,1,1,1,51,8,1995,2,5,HYUNDAI TUCSON,4,E01004991,0,-1
2021010304484,2021,010304484,1,9,0,99,99,9,9,99,99,9,9,99,9,99,2,9,2,2,2,54,8,1591,1,3,HYUNDAI TUCSON,8,E01004193,0,-1
2021991034227,2021,991034227,4,9,0,2,2,0,0,0,0,0,0,0,0,0,1,1,6,6,3,-1,-1,1685,2,5,HYUNDAI TUCSON,-1,-1,0,-1
2021440311703,2021,440311703,1,9,0,18,19,1,5,0,0,0,0,0,1,11,1,1,6,6,2,49,8,1685,2,4,HYUNDAI TUCSON,4,E01017297,0,-1
2021010299127,2021,010299127,1,9,0,99,99,9,9,99,99,9,9,99,9,99,2,9,6,6,1,57,9,1591,1,2,HYUNDAI TUCSON,10,E01016132,0,-1
2021131032738,2021,131032738,1,9,0,18,19,3,7,0,0,1,0,0,0,0,1,1,5,6,2,38,7,1591,1,3,HYUNDAI TUCSON,1,E01011318,0,-1
202131C147121,2021,31C147121,1,9,0,18,19,5,1,0,0,1,0,0,0,0,3,1,2,2,2,46,8,1685,2,4,HYUNDAI TUCSON,7,E01028289,0,-1
2021010306511,2021,010306511,1,9,0,99,99,9,9,99,99,9,9,99,9,99,1,9,6,6,2,42,7,1991,2,12,HYUNDAI TUCSON,3,E01004453,0,-1
2021061028561,2021,061028561,1,9,0,6,6,2,6,0,0,0,0,0,0,0,1,1,5,6,1,42,7,1591,1,1,HYUNDAI TUCSON,1,E01005509,0,-1
2021041197525,2021,041197525,1,9,0,18,19,5,5,0,0,0,5,0,0,0,1,1,6,6,2,71,10,1995,2,5,HYUNDAI TUCSON,10,E01025467,0,-1
2021371063190,2021,371063190,1,9,0,18,19,8,2,0,0,1,0,0,0,0,-1,1,5,6,2,36,7,1591,1,1,HYUNDAI TUCSON,1,E01029994,0,-1
2021010322965,2021,010322965,1,9,0,8,8,7,2,9,9,1,0,0,0,0,1,1,6,6,1,46,8,1591,1,3,HYUNDAI TUCSON,2,E01004384,0,-1
2021211178026,2021,211178026,1,9,0,18,19,7,3,0,0,8,0,0,0,0,1,1,6,6,1,40,7,1598,8,0,HYUNDAI TUCSON,10,E01019848,0,-1
2021622100129,2021,622100129,2,8,0,2,2,0,0,0,0,2,0,0,7,0,2,1,6,6,3,-1,-1,1685,2,5,HYUNDAI TUCSON,-1,-1,0,-1
2021421027227,2021,421027227,1,9,0,18,19,5,1,0,0,1,0,0,0,0,4,1,1,1,1,23,5,1591,1,2,HYUNDAI TUCSON,2,E01002314,0,-1
2021991011286,2021,991011286,1,9,0,18,19,5,1,0,0,0,0,11,0,0,1,1,5,6,1,63,9,1685,2,4,HYUNDAI TUCSON,1,-1,0,-1
2021111100682,2021,111100682,2,9,0,18,19,3,7,0,0,3,1,0,0,0,4,1,6,6,2,46,8,1685,2,4,HYUNDAI TUCSON,3,E01020868,0,-1
2021131106999,2021,131106999,2,9,0,18,19,5,1,0,0,1,0,0,0,0,0,1,6,6,2,36,7,1591,1,2,HYUNDAI TUCSON,6,E01032499,0,-1
2021122100159,2021,122100159,2,9,0,2,2,0,0,0,0,0,0,0,0,0,0,1,2,2,2,58,9,1991,2,15,HYUNDAI TUCSON,8,E01027666,0,-1
2021440202196,2021,440202196,2,9,0,4,4,8,4,0,0,1,0,0,0,0,2,1,6,6,2,29,6,1975,1,15,HYUNDAI TUCSON,5,E01017279,0,-1
2021461109283,2021,461109283,3,9,0,3,3,1,5,0,0,2,0,0,0,0,2,1,2,2,2,32,6,1598,12,1,HYUNDAI TUCSON,7,E01024347,0,-1
2021430392392,2021,430392392,1,9,0,7,7,3,5,0,0,6,0,0,0,0,1,1,6,6,2,46,8,1591,1,3,HYUNDAI TUCSON,8,E01032947,0,-1
2021320582754,2021,320582754,1,9,0,9,9,6,4,0,0,8,0,0,0,0,1,1,6,6,2,63,9,1995,2,3,HYUNDAI TUCSON,4,E01026105,0,-1
2021010304659,2021,010304659,2,9,0,7,7,4,6,0,0,4,0,0,0,0,1,1,6,6,3,21,5,1591,1,1,HYUNDAI TUCSON,-1,-1,0,-1
2021421090781,2021,421090781,2,9,0,16,19,3,7,0,0,2,0,0,0,0,0,1,6,6,1,20,4,1591,1,5,HYUNDAI TUCSON,7,E01021538,0,-1
2021522102368,2021,522102368,1,9,0,9,9,2,8,0,0,5,0,0,0,0,3,1,6,6,2,51,8,1591,1,3,HYUNDAI TUCSON,8,E01014760,0,-1
2021052100595,2021,052100595,1,9,0,4,4,2,5,0,0,8,0,0,0,0,2,1,6,6,1,49,8,1991,2,15,HYUNDAI TUCSON,8,E01026918,0,-1
2021471086352,2021,471086352,2,9,0,4,4,1,5,0,0,0,0,0,0,0,2,1,5,6,1,35,6,1598,12,1,HYUNDAI TUCSON,8,E01031587,0,-1
2021991012808,2021,991012808,2,9,0,18,19,2,6,0,0,0,0,0,0,0,3,1,2,2,1,58,9,1685,2,5,HYUNDAI TUCSON,8,-1,0,-1
2021010327613,2021,010327613,1,9,0,99,99,9,9,99,99,9,9,99,9,99,2,9,6,6,2,44,7,1598,12,0,HYUNDAI TUCSON,2,E01003924,0,-1
202163C005021,2021,63C005021,2,9,0,18,19,8,4,0,0,3,0,0,0,0,2,1,6,6,1,69,10,1591,1,1,HYUNDAI TUCSON,8,W01000609,0,-1
2021041024460,2021,041024460,2,9,0,18,19,1,5,0,0,2,0,0,0,0,2,1,6,6,1,41,7,1591,1,2,HYUNDAI TUCSON,8,E01025089,0,-1
2021010324184,2021,010324184,2,9,0,5,5,5,1,0,0,2,0,0,0,0,1,1,2,2,2,50,8,1591,1,2,HYUNDAI TUCSON,2,E01004008,0,-1
2021991014083,2021,991014083,2,9,0,18,19,3,7,0,0,8,0,0,0,0,1,1,2,2,2,37,7,1591,1,3,HYUNDAI TUCSON,2,-1,0,-1
2021371102261,2021,371102261,3,9,0,18,19,3,7,0,0,0,0,0,0,0,3,1,2,2,1,61,9,1685,2,3,HYUNDAI TUCSON,6,E01030112,0,-1
2021421064410,2021,421064410,2,9,0,18,19,1,5,0,0,1,0,0,0,0,4,1,6,6,2,35,6,1975,1,15,HYUNDAI TUCSON,4,E01016011,0,-1
2021302100777,2021,302100777,2,9,0,18,19,6,7,0,0,8,0,0,0,0,1,1,6,6,1,50,8,1995,2,3,HYUNDAI TUCSON,3,E01019437,0,-1
2021061036732,2021,061036732,2,9,0,17,19,2,5,0,0,8,0,0,0,0,1,1,6,6,1,40,7,1591,1,2,HYUNDAI TUCSON,10,E01006084,0,-1
2021991050569,2021,991050569,4,9,0,2,2,0,0,0,0,1,0,0,0,0,1,1,6,6,3,-1,-1,1685,2,4,HYUNDAI TUCSON,-1,-1,0,-1
2021221092379,2021,221092379,1,9,0,5,5,1,5,0,0,2,0,0,0,0,4,1,5,6,2,35,6,1685,2,6,HYUNDAI TUCSON,3,E01014141,0,-1
2021622100831,2021,622100831,1,9,0,17,19,6,2,0,0,1,0,0,0,0,1,1,2,2,2,40,7,1591,1,2,HYUNDAI TUCSON,1,W01001880,0,-1
2021320335346,2021,320335346,2,9,0,9,9,6,4,0,0,0,0,0,7,11,2,1,6,6,2,73,10,1598,8,0,HYUNDAI TUCSON,4,E01026207,0,-1
2021421012037,2021,421012037,1,9,0,18,19,5,1,0,0,8,0,0,0,0,1,1,6,6,1,64,9,1591,1,3,HYUNDAI TUCSON,8,E01021671,0,-1
2021221063639,2021,221063639,1,9,0,1,1,3,1,9,9,5,0,0,0,0,2,1,5,6,1,65,9,1995,2,5,HYUNDAI TUCSON,1,E01009957,0,-1
2021231061641,2021,231061641,1,9,0,18,19,3,7,0,0,0,0,0,0,0,1,1,5,6,2,79,11,1598,12,2,HYUNDAI TUCSON,5,E01031186,0,-1
2021131099784,2021,131099784,2,9,0,18,19,7,3,0,0,1,0,0,0,0,2,1,5,6,1,51,8,1591,1,1,HYUNDAI TUCSON,2,E01010658,0,-1
2021991125944,2021,991125944,1,9,0,18,19,7,5,0,0,0,0,0,0,0,1,1,2,2,2,55,8,1598,12,0,HYUNDAI TUCSON,4,-1,0,-1
2021070320029,2021,070320029,2,9,0,18,19,7,3,0,0,1,0,0,0,0,1,1,6,6,2,50,8,1685,2,4,HYUNDAI TUCSON,5,E01018654,0,-1
2021201034612,2021,201034612,2,9,0,17,19,6,4,0,0,0,0,0,0,0,3,1,6,6,2,41,7,1591,1,2,HYUNDAI TUCSON,3,E01010480,0,-1
2021421103718,2021,421103718,1,9,0,18,19,6,2,0,0,4,0,0,0,0,1,1,6,6,1,53,8,1591,1,2,HYUNDAI TUCSON,2,E01000095,0,-1
2021010324398,2021,010324398,2,9,9,99,99,9,9,0,0,1,0,0,0,0,1,9,6,6,1,56,9,1598,8,0,HYUNDAI TUCSON,3,E01003997,0,-1
2021320734812,2021,320734812,3,9,0,4,4,6,2,0,0,1,0,0,0,0,0,1,1,1,1,-1,-1,1995,2,0,HYUNDAI TUCSON,4,E01032995,0,-1
2021101022912,2021,101022912,1,9,0,18,19,2,6,0,0,4,0,0,0,0,1,1,6,6,1,29,6,1591,1,2,HYUNDAI TUCSON,1,E01008215,0,-1
2021471062478,2021,471062478,2,9,0,5,5,3,7,0,0,0,0,0,0,0,0,1,5,6,1,38,7,1598,12,0,HYUNDAI TUCSON,9,E01023882,0,-1
2021461118567,2021,461118567,2,9,0,18,19,1,5,0,0,1,0,0,0,0,1,1,6,6,2,27,6,1598,12,1,HYUNDAI TUCSON,9,E01000382,0,-1
2021170L11141,2021,170L11141,1,9,0,4,4,3,7,0,0,1,0,0,3,4,1,1,6,6,2,58,9,1995,2,3,HYUNDAI TUCSON,9,E01012180,0,-1
2021231039216,2021,231039216,1,9,0,6,6,8,8,0,0,8,0,0,0,0,1,1,5,6,1,22,5,1591,1,1,HYUNDAI TUCSON,2,E01010056,0,-1
2021440243253,2021,440243253,2,9,0,9,9,1,6,0,0,8,0,0,0,0,4,1,6,6,1,67,10,1591,1,3,HYUNDAI TUCSON,7,E01022514,0,-1
2021471072012,2021,471072012,4,9,0,3,3,1,5,0,0,0,0,0,0,0,1,1,5,6,2,38,7,1685,2,4,HYUNDAI TUCSON,6,E01016887,0,-1
2021440135987,2021,440135987,1,9,0,4,4,4,8,0,0,0,0,0,0,0,2,1,6,6,1,32,6,1591,1,3,HYUNDAI TUCSON,6,E01023008,0,-1
2021440501252,2021,440501252,1,9,0,18,19,5,1,0,0,0,0,0,0,0,1,1,1,1,1,57,9,1598,12,0,HYUNDAI TUCSON,1,E01015281,0,-1
2021131078374,2021,131078374,1,9,0,-1,-1,-1,-1,-1,-1,-1,-1,-1,-1,-1,-1,1,6,6,3,-1,-1,1591,1,3,HYUNDAI TUCSON,-1,-1,0,-1
2021451033423,2021,451033423,1,9,0,9,9,4,2,0,0,6,0,0,1,0,1,1,2,2,2,52,8,1591,1,3,HYUNDAI TUCSON,6,E01024420,0,-1
202134WNC3031,2021,34WNC3031,1,9,0,18,19,3,7,0,0,1,0,0,1,2,1,1,6,6,2,72,10,1591,1,1,HYUNDAI TUCSON,8,E01027290,0,-1
2021991056693,2021,991056693,1,9,0,2,2,8,4,0,0,0,0,0,0,0,2,1,5,6,1,49,8,1591,1,2,HYUNDAI TUCSON,5,-1,0,-1
2021161059325,2021,161059325,1,9,0,4,4,1,4,0,0,1,0,0,0,0,2,1,1,1,1,38,7,1598,12,0,HYUNDAI TUCSON,8,E01012813,0,-1
2021170L21221,2021,170L21221,1,9,0,18,19,6,2,0,0,8,0,0,0,0,1,1,2,2,2,26,6,1685,2,4,HYUNDAI TUCSON,4,E01012105,0,-1
2021522101775,2021,522101775,1,9,0,4,4,2,6,0,0,0,0,0,0,0,2,1,6,6,2,27,6,1591,1,2,HYUNDAI TUCSON,6,E01014769,0,-1
2021131082000,2021,131082000,1,9,0,5,5,2,2,0,0,3,0,0,0,0,1,1,6,6,3,-1,-1,1591,1,1,HYUNDAI TUCSON,-1,-1,0,-1
2021061116582,2021,061116582,1,9,0,6,6,4,4,0,0,1,0,0,0,0,1,1,5,6,1,76,11,1591,1,2,HYUNDAI TUCSON,1,E01005032,0,-1
2021421081154,2021,421081154,2,9,0,18,19,5,1,0,0,1,0,0,0,0,1,1,5,6,1,57,9,1591,1,3,HYUNDAI TUCSON,4,E01015918,0,-1
2021141091217,2021,141091217,1,9,0,18,19,1,5,0,0,0,0,0,0,0,1,1,6,6,1,40,7,1995,2,4,HYUNDAI TUCSON,7,E01007834,0,-1