collision_index,collision_year,collision_ref_no,vehicle_reference,vehicle_type,towing_and_articulation,vehicle_manoeuvre_historic,vehicle_manoeuvre,vehicle_direction_from,vehicle_direction_to,vehicle_location_restricted_lane_historic,vehicle_location_restricted_lane,junction_location,skidding_and_overturning,hit_object_in_carriageway,vehicle_leaving_carriageway,hit_object_off_carriageway,first_point_of_impact,vehicle_left_hand_drive,journey_purpose_of_driver_historic,journey_purpose_of_driver,sex_of_driver,age_of_driver,age_band_of_driver,engine_capacity_cc,propulsion_code,age_of_vehicle,generic_make_model,driver_imd_decile,lsoa_of_driver,escooter_flag,driver_distance_banding
2021440489099,2021,440489099,2,9,0,9,9,2,7,0,0,4,0,0,0,0,1,1,6,6,2,26,6,1591,1,1,HYUNDAI TUCSON,3,E01017194,0,-1
2021052101247,2021,052101247,2,9,0,4,4,3,2,0,0,0,0,0,0,0,2,1,6,6,2,51,8,1591,1,3,HYUNDAI TUCSON,1,E01006599,0,-1
2021320371166,2021,320371166,1,9,0,7,7,4,6,0,0,1,0,0,1,9,1,1,6,6,1,66,10,1591,1,0,HYUNDAI TUCSON,2,-1,0,-1
2021991047301,2021,991047301,1,9,0,4,4,4,8,0,0,0,0,0,0,0,1,1,6,6,2,37,7,1685,2,3,HYUNDAI TUCSON,4,-1,0,-1
2021471059720,2021,471059720,1,9,0,7,7,6,8,0,0,6,0,0,0,0,4,1,3,7,2,47,8,1591,1,2,HYUNDAI TUCSON,10,E01031739,0,-1
2021052100310,2021,052100310,1,9,0,18,19,1,5,0,0,4,0,0,0,0,1,1,6,6,1,76,11,1991,2,13,HYUNDAI TUCSON,1,E01007289,0,-1
2021010310227,2021,010310227,3,9,0,3,3,6,2,0,0,1,0,0,0,0,1,1,3,7,1,37,7,1685,2,5,HYUNDAI TUCSON,2,E01001695,0,-1
202134WNC2911,2021,34WNC2911,2,9,0,5,5,5,1,0,0,4,0,0,7,0,2,1,1,1,1,39,7,1591,1,4,HYUNDAI TUCSON,5,E01013729,0,-1
2021430225465,2021,430225465,2,9,0,9,9,6,4,0,0,5,0,0,0,0,4,1,6,6,2,53,8,1685,2,4,HYUNDAI TUCSON,7,E01016493,0,-1
2021451034510,2021,451034510,1,9,0,18,19,5,1,0,0,8,0,0,0,0,1,1,5,6,2,29,6,1685,2,4,HYUNDAI TUCSON,7,E01030859,0,-1
2021010296660,2021,010296660,1,9,0,18,19,7,3,0,0,1,0,0,0,0,2,1,6,6,1,60,9,1685,2,4,HYUNDAI TUCSON,3,E01003524,0,-1
2021622100943,2021,622100943,1,9,0,9,9,6,4,0,0,5,0,0,0,0,3,1,6,6,1,31,6,1598,1,0,HYUNDAI TUCSON,1,W01001396,0,-1
2021010335974,2021,010335974,2,9,0,99,99,9,9,99,99,9,9,99,9,99,9,9,6,6,3,-1,-1,2143,2,4,-1,3,E01001649,0,-1
2021451114554,2021,451114554,4,9,0,18,19,6,2,0,0,0,0,0,7,0,3,1,1,1,2,33,6,2143,2,4,-1,9,E01002992,0,-1
2021010295060,2021,010295060,1,5,0,18,19,1,5,0,0,8,0,0,0,0,1,1,2,2,1,27,6,649,1,3,KAWASAKI ER650,9,E01023847,0,-1
2021552100364,2021,552100364,2,5,0,17,19,4,8,0,0,8,0,0,0,0,1,1,6,6,1,28,6,649,1,1,KAWASAKI ER650,7,E01020405,0,-1
2021111061231,2021,111061231,2,5,0,18,19,3,7,0,0,0,0,0,0,0,1,1,5,6,1,27,6,649,1,2,KAWASAKI ER650,3,E01001749,0,-1
2021010348909,2021,010348909,2,5,0,18,19,7,3,0,0,1,5,0,0,0,1,1,6,6,1,32,6,649,1,2,KAWASAKI ER650,3,E01033594,0,-1
2021411075112,2021,411075112,1,5,0,3,3,7,3,0,0,1,0,0,0,0,1,1,6,6,1,56,9,649,1,1,KAWASAKI ER650,10,E01023412,0,-1
2021031111145,2021,031111145,1,5,0,16,19,-1,-1,0,0,0,5,0,1,0,1,1,5,6,1,55,8,649,1,0,KAWASAKI ER650,1,E01019113,0,-1
2021401056808,2021,401056808,2,5,0,16,19,5,1,0,0,0,0,0,0,0,1,1,6,6,2,31,6,649,1,2,KAWASAKI ER650,9,E01015710,0,-1
2021061094393,2021,061094393,1,5,0,18,19,5,1,0,0,0,0,0,7,0,1,1,5,6,1,52,8,649,1,8,KAWASAKI ER650,1,E01005032,0,-1
2021052101556,2021,052101556,1,5,0,18,19,1,5,0,0,0,0,0,0,0,1,1,6,6,1,31,6,649,1,7,KAWASAKI ER650,2,E01006912,0,-1
2021501048619,2021,501048619,1,5,0,3,3,5,3,0,0,1,5,0,1,0,1,1,5,6,1,59,9,649,1,6,KAWASAKI ER650,6,E01015039,0,-1
2021351090539,2021,351090539,1,5,0,17,19,7,5,0,0,8,5,0,2,7,1,1,5,6,2,37,7,649,1,0,KAWASAKI ER650,4,E01015798,0,-1
2021010345099,2021,010345099,2,5,0,15,15,6,2,0,0,8,2,0,3,0,3,1,6,6,1,35,6,649,1,0,KAWASAKI ER650,2,E01003933,0,-1
2021052100815,2021,052100815,2,5,0,18,19,3,7,0,0,0,1,0,0,0,1,1,6,6,1,37,7,649,1,5,KAWASAKI ER650,7,E01006800,0,-1
2021061097790,2021,061097790,1,5,0,18,19,2,6,0,0,2,0,0,7,0,1,1,5,6,2,45,7,649,1,0,KAWASAKI ER650,6,E01005560,0,-1
2021320102000,2021,320102000,1,5,0,7,7,2,4,0,0,2,1,0,3,4,1,1,1,1,1,27,6,649,1,2,KAWASAKI ER650,9,E01021745,0,-1
2021052102800,2021,052102800,1,5,0,18,19,3,7,0,0,0,0,0,0,0,1,1,6,6,1,20,4,649,1,11,KAWASAKI ER650,1,E01033764,0,-1
2021430430601,2021,430430601,1,5,0,18,19,8,4,0,0,0,0,12,7,0,1,1,6,6,1,57,9,649,1,0,KAWASAKI ER650,5,E01028505,0,-1
2021201023786,2021,201023786,2,5,0,18,19,8,4,0,0,8,0,0,0,0,1,1,2,2,1,61,9,649,1,9,KAWASAKI ER650,4,E01009205,0,-1
2021371113354,2021,371113354,2,5,0,18,19,6,2,0,0,0,0,0,0,0,2,1,2,2,1,44,7,649,1,12,KAWASAKI ER650,8,E01030015,0,-1
2021522104068,2021,522104068,2,5,0,18,19,7,5,0,0,8,0,0,0,0,1,1,6,6,1,29,6,649,1,1,KAWASAKI ER650,6,E01029138,0,-1
2021451049464,2021,451049464,1,5,0,13,13,4,8,0,0,0,5,0,0,0,1,1,6,6,1,36,7,649,1,1,KAWASAKI ER650,7,E01002998,0,-1
2021010310331,2021,010310331,2,3,0,9,9,7,6,0,0,4,0,0,0,0,1,1,6,6,2,26,6,125,1,3,KEEWAY SUPERLIGHT,10,E01003464,0,-1
2021421097394,2021,421097394,2,3,0,13,13,3,7,0,0,0,0,0,0,0,4,1,2,2,1,35,6,125,1,1,KEEWAY SUPERLIGHT,9,E01021255,0,-1
2021061097565,2021,061097565,1,3,0,18,19,1,5,0,0,8,0,0,0,0,0,1,6,6,1,23,5,124,1,0,KEEWAY SUPERLIGHT,5,E01005648,0,-1
2021991101841,2021,991101841,1,3,0,7,7,1,5,0,0,0,5,0,7,0,3,1,5,6,2,54,8,124,1,0,KEEWAY SUPERLIGHT,6,-1,0,-1
2021622100280,2021,622100280,1,4,0,18,19,3,7,0,0,0,0,0,0,0,4,1,6,6,1,24,5,125,1,6,KEEWAY SUPERLIGHT,2,W01000739,0,-1
2021461088247,2021,461088247,2,3,0,9,9,5,1,0,0,1,0,0,0,0,3,1,6,6,1,22,5,125,1,1,KEEWAY SUPERLIGHT,5,E01024594,0,-1
2021010336943,2021,010336943,1,3,0,18,19,1,5,0,0,0,0,0,0,0,4,1,2,2,1,35,6,125,1,1,KEEWAY SUPERLIGHT,4,E01000611,0,-1
2021501044263,2021,501044263,1,3,0,16,19,4,8,0,0,0,0,0,1,0,3,1,1,1,1,43,7,124,1,7,KEEWAY SUPERLIGHT,3,E01018872,0,-1
2021522200031,2021,522200031,1,3,0,18,19,7,3,0,0,8,0,0,0,0,4,1,6,6,1,41,7,125,1,3,KEEWAY SUPERLIGHT,4,E01014627,0,-1
2021991064756,2021,991064756,1,3,0,16,19,3,6,0,0,0,0,0,0,0,1,1,5,6,1,21,5,125,1,5,KEEWAY SUPERLIGHT,1,-1,0,-1
2021041030400,2021,041030400,1,3,0,17,19,4,8,0,0,0,0,0,1,0,1,1,2,2,1,24,5,125,1,5,KEEWAY SUPERLIGHT,2,E01012654,0,-1
2021131125515,2021,131125515,1,3,0,18,19,7,3,0,0,0,0,0,0,0,4,1,6,6,1,55,8,124,1,0,KEEWAY SUPERLIGHT,5,E01011523,0,-1
2021302100235,2021,302100235,2,3,0,7,7,6,8,0,0,8,0,0,0,0,2,1,6,6,1,17,4,125,1,5,KEEWAY SUPERLIGHT,4,E01019844,0,-1
2021101099462,2021,101099462,2,4,0,2,2,7,3,0,0,0,0,0,0,0,1,1,5,6,1,18,4,125,1,5,KEEWAY SUPERLIGHT,1,E01008841,0,-1
2021010316063,2021,010316063,2,3,0,5,5,5,1,0,0,2,0,0,0,0,1,1,6,6,1,33,6,125,1,5,KEEWAY SUPERLIGHT,7,E01002939,0,-1
2021201058719,2021,201058719,2,3,0,18,19,5,1,0,0,8,0,0,0,0,1,1,6,6,1,20,4,125,1,3,KEEWAY SUPERLIGHT,2,E01010279,0,-1
2021552100374,2021,552100374,1,3,0,12,12,6,2,0,0,3,0,0,0,0,3,1,2,2,1,48,8,125,1,0,KEEWAY SUPERLIGHT,4,E01015328,0,-1
2021070102528,2021,070102528,2,3,0,18,19,2,6,0,0,0,0,0,0,0,0,1,6,6,1,41,7,125,1,5,KEEWAY SUPERLIGHT,1,E01012479,0,-1
2021430407950,2021,430407950,1,3,0,18,19,2,6,0,0,8,0,0,0,0,4,1,1,1,1,18,4,124,1,0,KEEWAY SUPERLIGHT,6,E01016366,0,-1
2021111066847,2021,111066847,1,3,0,18,19,3,7,0,0,3,1,10,1,0,1,1,5,6,2,22,5,125,1,2,KEEWAY SUPERLIGHT,6,E01008433,0,-1
2021221113023,2021,221113023,2,3,0,9,9,6,3,0,0,8,0,0,0,0,4,1,5,6,1,23,5,124,1,8,KEEWAY SUPERLIGHT,8,E01032287,0,-1
2021070568398,2021,070568398,1,3,0,4,4,6,2,0,0,0,2,0,0,0,3,1,6,6,1,51,8,125,1,0,KEEWAY SUPERLIGHT,6,E01018481,0,-1
2021421106337,2021,421106337,1,3,0,17,19,1,6,0,0,1,1,0,1,0,4,1,2,2,1,17,4,125,1,5,KEEWAY SUPERLIGHT,5,E01021906,0,-1
2021031070185,2021,031070185,2,5,0,16,19,3,3,0,0,0,0,0,0,0,3,1,6,6,2,38,7,124,1,0,KEEWAY SUPERLIGHT,6,E01006911,0,-1
2021201094495,2021,201094495,2,4,0,18,19,8,4,0,0,8,0,0,0,0,1,1,2,2,1,34,6,124,1,0,KEEWAY SUPERLIGHT,1,E01009585,0,-1
2021501112998,2021,501112998,1,3,0,17,19,4,8,0,0,0,2,0,2,10,1,1,5,6,1,61,9,125,1,1,KEEWAY SUPERLIGHT,4,E01020321,0,-1
2021552101151,2021,552101151,1,3,0,18,19,4,8,0,0,0,1,0,0,0,0,1,6,6,1,20,4,124,1,0,KEEWAY SUPERLIGHT,-1,-1,0,-1
2021131120734,2021,131120734,2,3,0,18,19,7,3,0,0,3,0,0,0,0,1,1,6,6,1,31,6,125,1,5,KEEWAY SUPERLIGHT,1,E01011094,0,-1
2021421038264,2021,421038264,1,3,0,17,19,3,7,0,0,0,1,0,0,0,3,1,5,6,1,26,6,124,1,8,KEEWAY SUPERLIGHT,2,E01021953,0,-1
2021052100646,2021,052100646,1,3,0,18,19,3,7,0,0,1,0,0,0,0,1,1,2,2,1,38,7,125,1,1,KEEWAY SUPERLIGHT,4,E01007229,0,-1
2021161125190,2021,161125190,2,3,0,18,19,1,5,0,0,1,0,0,0,0,1,1,5,6,1,39,7,125,1,6,KEEWAY SUPERLIGHT,1,E01012880,0,-1
2021471042673,2021,471042673,2,3,0,4,4,7,3,0,0,1,0,0,0,0,2,1,5,6,1,20,4,125,1,5,KEEWAY SUPERLIGHT,4,E01021224,0,-1
2021161075213,2021,161075213,2,3,0,18,19,3,7,0,0,1,0,0,0,0,1,1,6,6,1,43,7,125,1,7,KEEWAY SUPERLIGHT,1,E01013165,0,-1
2021211147688,2021,211147688,2,3,0,18,19,6,2,0,0,8,5,0,0,0,1,1,2,2,1,24,5,125,1,1,KEEWAY SUPERLIGHT,2,E01033216,0,-1
2021520201201,2021,520201201,2,3,0,18,19,5,1,0,0,8,0,0,0,0,1,1,6,6,1,18,4,124,1,0,KEEWAY SUPERLIGHT,6,E01029125,0,-1
2021101124080,2021,101124080,2,3,0,9,9,1,3,0,0,8,1,0,0,0,0,1,5,6,1,18,4,125,1,5,KEEWAY SUPERLIGHT,1,E01008841,0,-1
2021991112759,2021,991112759,2,3,0,18,19,6,2,0,0,8,1,0,0,0,0,1,6,6,1,29,6,125,1,7,KEEWAY SUPERLIGHT,7,-1,0,-1
2021501064813,2021,501064813,1,3,0,18,19,7,3,0,0,0,1,12,0,0,1,1,6,6,1,19,4,125,1,2,KEEWAY SUPERLIGHT,5,E01018904,0,-1
2021440378699,2021,440378699,1,3,0,18,19,5,1,0,0,2,0,0,0,0,4,1,2,2,2,24,5,125,1,1,KEEWAY SUPERLIGHT,2,E01022833,0,-1
2021211058305,2021,211058305,1,3,0,18,19,5,1,0,0,0,0,0,0,0,3,1,2,2,1,65,9,125,1,5,KEEWAY SUPERLIGHT,-1,-1,0,-1
2021501112733,2021,501112733,2,3,0,13,13,1,5,0,0,1,0,0,0,0,1,1,6,6,1,32,6,125,1,2,KEEWAY SUPERLIGHT,6,E01019035,0,-1
2021170S10141,2021,170S10141,1,4,0,18,19,5,1,0,0,0,0,0,0,0,2,1,6,6,1,26,6,125,1,1,KEEWAY SUPERLIGHT,1,E01012175,0,-1
2021061067758,2021,061067758,2,3,0,3,3,1,5,0,0,0,0,0,0,0,3,1,2,2,1,48,8,124,1,0,KEEWAY SUPERLIGHT,6,E01005969,0,-1
2021041109613,2021,041109613,1,3,0,5,5,5,1,0,0,8,0,0,0,0,1,1,6,6,1,44,7,125,1,1,KEEWAY SUPERLIGHT,1,E01025139,0,-1
2021522105471,2021,522105471,1,4,0,18,19,3,7,0,0,1,0,0,0,0,1,1,2,2,1,20,4,125,1,0,KEEWAY SUPERLIGHT,5,E01014927,0,-1
2021010331022,2021,010331022,2,3,0,18,19,1,5,0,0,1,0,0,0,0,1,1,2,2,1,23,5,125,1,3,KEEWAY SUPERLIGHT,5,E01023529,0,-1
2021531050470,2021,531050470,1,3,0,16,19,7,3,0,0,0,1,0,1,9,4,1,6,6,1,18,4,125,1,6,KEEWAY SUPERLIGHT,9,E01015482,0,-1
2021501092313,2021,501092313,1,3,0,18,19,1,5,0,0,8,0,0,0,0,1,1,5,6,1,19,4,125,1,0,KEEWAY SUPERLIGHT,4,E01020131,0,-1
202131C078621,2021,31C078621,2,3,0,17,19,1,7,0,0,8,1,0,1,0,4,1,6,6,1,38,7,125,1,3,KEEWAY SUPERLIGHT,1,E01013817,0,-1
2021552101204,2021,552101204,1,5,0,18,19,4,8,0,0,0,0,12,0,0,1,1,6,6,1,52,8,125,1,2,KEEWAY SUPERLIGHT,3,E01015294,0,-1
2021010349883,2021,010349883,2,3,0,18,19,3,7,0,0,1,0,0,0,0,4,1,6,6,1,24,5,124,1,0,KEEWAY SUPERLIGHT,3,E01004445,0,-1
2021320243148,2021,320243148,1,3,0,18,19,1,5,0,0,4,2,0,0,0,0,1,2,2,1,22,5,125,1,5,KEEWAY SUPERLIGHT,1,E01013174,0,-1
2021052200361,2021,052200361,2,4,0,18,19,5,1,0,0,1,0,0,0,0,1,1,6,6,1,61,9,125,1,1,-1,3,E01007234,0,-1
2021061038789,2021,061038789,2,4,0,18,19,7,3,0,0,0,0,0,0,0,2,1,5,6,1,29,6,124,1,0,-1,-1,-1,0,-1
2021141051027,2021,141051027,1,3,0,16,19,6,1,0,0,0,5,0,7,0,1,1,6,6,1,25,5,124,1,0,KEEWAY SUPERLIGHT,2,E01007541,0,-1
2021430418314,2021,430418314,2,4,0,18,19,8,4,0,0,8,0,0,0,0,1,1,6,6,1,17,4,125,1,1,KEEWAY SUPERLIGHT,2,E01033499,0,-1
2021302100168,2021,302100168,1,4,0,7,7,4,6,0,0,2,0,4,0,0,1,1,6,6,1,24,5,150,1,-1,-1,1,E01013590,0,-1
2021101066972,2021,101066972,1,5,0,13,13,5,1,0,0,1,0,4,0,0,1,1,6,6,1,40,7,620,1,18,-1,9,E01008466,0,-1
2021501133218,2021,501133218,2,3,0,18,19,5,1,0,0,1,0,0,0,0,1,1,6,6,1,18,4,124,1,22,-1,-1,-1,0,-1
2021101105852,2021,101105852,1,3,0,18,19,2,6,0,0,0,0,0,0,0,1,1,5,6,1,27,6,125,1,3,-1,4,E01008510,0,-1
2021461086526,2021,461086526,1,5,0,18,19,5,1,0,0,0,0,0,1,0,0,1,6,6,1,43,7,942,1,15,-1,9,E01024431,0,-1
2021010304110,2021,010304110,2,3,0,14,14,8,4,0,0,1,0,0,0,0,1,1,2,2,1,23,5,125,1,19,-1,3,E01004189,0,-1
2021320248799,2021,320248799,1,20,0,18,19,6,2,0,0,0,0,0,0,0,1,1,1,1,1,47,8,2998,2,5,-1,9,E01026355,0,-1
2021010345415,2021,010345415,2,20,0,99,99,9,9,99,99,9,9,99,9,99,9,9,6,6,3,-1,-1,2998,2,9,-1,2,E01000931,0,-1
2021471101636,2021,471101636,1,9,0,18,19,3,7,0,0,0,0,0,0,0,1,1,1,1,2,88,11,1598,1,17,RENAULT KANGOO,8,E01031778,0,-1
2021010308473,2021,010308473,2,19,0,18,19,3,7,0,0,8,0,0,0,0,1,1,1,1,1,43,7,1461,2,9,RENAULT KANGOO,-1,-1,0,-1
2021010316055,2021,010316055,2,9,0,18,19,1,5,0,0,0,0,0,0,0,1,2,2,2,2,25,5,1598,1,11,RENAULT KANGOO,-1,-1,0,-1
2021552100561,2021,552100561,1,9,0,7,7,2,4,0,0,6,0,0,0,0,3,1,6,6,1,74,10,1149,1,12,RENAULT KANGOO,5,E01015417,0,-1
2021430328825,2021,430328825,2,19,0,18,19,6,2,0,0,8,0,0,0,0,3,1,6,6,1,-1,-1,1461,2,13,RENAULT KANGOO,-1,-1,0,-1
2021141044967,2021,141044967,2,19,0,9,9,1,8,0,0,6,0,0,0,0,1,1,6,6,1,45,7,1461,2,8,RENAULT KANGOO,2,E01007531,0,-1
2021991076444,2021,991076444,1,9,0,18,19,7,3,0,0,1,0,0,1,4,1,1,6,6,1,26,6,-1,-1,-1,RENAULT KANGOO,1,-1,0,-1
2021361131412,2021,361131412,1,19,0,18,19,7,3,0,0,1,0,0,0,0,1,1,1,1,2,30,6,1461,2,6,RENAULT KANGOO,1,E01026832,0,-1
2021501028251,2021,501028251,2,9,0,18,19,3,7,0,0,8,0,0,0,0,1,1,5,6,1,60,9,1461,2,18,RENAULT KANGOO,4,E01018866,0,-1
2021461088727,2021,461088727,1,19,0,5,5,1,5,0,0,2,0,0,0,0,4,1,1,1,1,61,9,1461,2,6,RENAULT KANGOO,10,E01024324,0,-1
2021991109854,2021,991109854,3,9,0,18,19,2,6,0,0,0,0,0,0,0,3,1,5,6,1,58,9,1461,2,13,RENAULT KANGOO,2,-1,0,-1
2021010344394,2021,010344394,1,9,0,18,19,7,3,0,0,0,5,7,0,0,1,1,6,6,1,58,9,-1,-1,-1,RENAULT KANGOO,3,E01000305,0,-1
2021440200327,2021,440200327,1,19,0,18,19,8,4,0,0,8,5,0,0,0,4,1,1,1,1,58,9,1461,2,6,RENAULT KANGOO,8,E01020344,0,-1
2021010291569,2021,010291569,1,19,0,99,99,9,9,99,99,9,9,99,9,99,2,9,6,6,1,27,6,1461,2,3,RENAULT KANGOO,1,E01004088,0,-1
2021122100228,2021,122100228,1,9,0,4,4,8,4,0,0,0,1,0,0,0,1,1,6,6,1,39,7,-1,-1,-1,RENAULT KANGOO,1,E01010841,0,-1
2021991016357,2021,991016357,3,19,0,18,19,1,5,0,0,0,0,0,0,0,3,1,1,1,1,55,8,1461,2,7,RENAULT KANGOO,6,-1,0,-1
2021520200281,2021,520200281,1,9,0,18,19,8,4,0,0,8,0,0,0,0,1,1,6,6,2,52,8,-1,-1,-1,RENAULT KANGOO,6,E01029070,0,-1
2021101082991,2021,101082991,1,9,0,4,4,7,3,0,0,0,0,0,0,0,1,1,6,6,1,-1,-1,-1,-1,-1,RENAULT KANGOO,-1,-1,0,-1
2021010301891,2021,010301891,1,19,0,99,99,9,9,99,99,9,9,99,9,99,9,9,2,2,1,37,7,1461,2,4,RENAULT KANGOO,2,E01000990,0,-1
2021052100734,2021,052100734,2,19,0,18,19,7,3,0,0,0,0,0,0,0,2,1,6,6,1,57,9,1461,2,15,RENAULT KANGOO,8,E01007082,0,-1
2021070423687,2021,070423687,2,9,0,18,19,4,8,0,0,0,0,0,7,0,1,1,1,1,1,29,6,-1,-1,-1,RENAULT KANGOO,1,E01005682,0,-1
2021320231617,2021,320231617,1,19,0,17,19,2,6,0,0,0,5,11,1,10,1,1,6,6,1,24,5,1461,2,11,RENAULT KANGOO,5,E01006021,0,-1
2021041106627,2021,041106627,2,9,0,4,4,1,5,0,0,0,0,0,0,0,2,1,2,2,1,24,5,-1,-1,-1,RENAULT KANGOO,1,E01006919,0,-1
2021531042167,2021,531042167,2,19,0,3,3,-1,-1,0,0,1,0,0,0,0,2,1,2,2,1,22,5,1461,2,5,RENAULT KANGOO,5,E01022148,0,-1
2021010298596,2021,010298596,2,19,0,99,99,9,9,99,99,9,9,99,9,99,1,9,6,6,1,-1,-1,1461,2,4,RENAULT KANGOO,-1,-1,0,-1
2021131108507,2021,131108507,2,9,0,-1,-1,-1,-1,-1,-1,-1,-1,-1,-1,-1,-1,1,2,2,1,51,8,-1,-1,-1,RENAULT KANGOO,1,E01010822,0,-1
2021010301004,2021,010301004,2,19,0,18,19,3,7,0,0,8,0,0,0,0,1,1,1,1,1,62,9,1461,2,6,RENAULT KANGOO,7,E01002121,0,-1
2021991012301,2021,991012301,1,19,0,9,9,3,1,0,0,6,0,0,0,0,3,1,2,2,1,28,6,1461,2,8,RENAULT KANGOO,5,-1,0,-1
2021451019662,2021,451019662,2,9,0,7,7,6,8,0,0,6,0,0,0,0,1,1,6,6,2,65,9,1598,1,11,RENAULT KANGOO,5,E01030457,0,-1
2021010342262,2021,010342262,8,19,0,99,99,9,9,0,0,0,9,99,9,99,1,9,6,6,3,-1,-1,1149,1,16,RENAULT KANGOO,-1,-1,0,-1
2021010349965,2021,010349965,1,19,0,18,19,3,7,0,0,1,0,0,0,0,2,1,1,1,1,38,7,1461,2,0,RENAULT KANGOO,3,E01001109,0,-1
2021201028631,2021,201028631,3,9,0,18,19,7,3,0,0,0,0,0,0,0,2,1,1,1,2,-1,-1,-1,-1,-1,RENAULT KANGOO,3,E01009862,0,-1
2021361036071,2021,361036071,1,19,0,16,19,1,3,0,0,1,0,0,7,1,1,1,6,6,1,20,4,1461,2,10,RENAULT KANGOO,9,E01026875,0,-1
2021061026732,2021,061026732,1,9,0,18,19,3,7,0,0,0,2,7,3,0,1,1,1,1,1,51,8,-1,-1,-1,RENAULT KANGOO,1,E01005515,0,-1
2021010293182,2021,010293182,1,9,0,5,5,1,5,0,0,2,0,0,0,0,4,1,1,1,1,65,9,1598,1,15,RENAULT KANGOO,6,E01001964,0,-1
2021010322459,2021,010322459,2,19,0,18,19,5,1,0,0,1,0,0,0,0,2,1,1,1,2,45,7,1461,2,10,RENAULT KANGOO,5,E01000321,0,-1
2021451125564,2021,451125564,3,9,0,2,2,0,0,1,1,1,0,0,0,0,3,1,6,6,3,-1,-1,-1,-1,-1,RENAULT KANGOO,-1,-1,0,-1
2021461100028,2021,461100028,1,9,0,18,19,3,7,0,0,4,0,0,0,0,1,1,6,6,2,74,10,1598,1,14,RENAULT KANGOO,2,E01024165,0,-1
2021052100128,2021,052100128,1,9,0,18,19,5,1,0,0,4,0,0,0,0,1,1,6,6,1,54,8,-1,-1,-1,RENAULT KANGOO,7,E01007080,0,-1
2021041042561,2021,041042561,1,9,0,9,9,5,3,0,0,1,0,0,0,0,1,1,6,6,1,58,9,-1,-1,-1,RENAULT KANGOO,9,E01025451,0,-1
2021010351476,2021,010351476,1,9,0,18,19,7,3,0,0,8,0,0,0,0,1,1,6,6,1,25,5,1598,1,15,RENAULT KANGOO,5,E01002219,0,-1
2021471035266,2021,471035266,1,9,0,18,19,3,7,0,0,0,0,0,0,0,1,1,5,6,2,46,8,1390,1,19,RENAULT KANGOO,6,E01021152,0,-1
2021440345445,2021,440345445,1,19,0,5,5,5,1,0,0,8,0,0,0,0,1,1,6,6,1,52,8,1461,2,18,RENAULT KANGOO,3,E01017111,0,-1
2021531111304,2021,531111304,1,19,0,18,19,1,5,0,0,0,0,0,0,0,1,1,2,2,1,40,7,1870,2,19,RENAULT KANGOO,6,E01022341,0,-1
2021991047230,2021,991047230,1,19,0,1,1,0,3,0,0,1,0,0,0,0,2,1,1,1,1,39,7,1461,2,2,RENAULT KANGOO,3,-1,0,-1
2021201099583,2021,201099583,1,9,0,18,19,4,8,0,0,1,0,0,0,0,1,1,6,6,1,22,5,-1,-1,-1,RENAULT KANGOO,5,E01009324,0,-1
2021131054522,2021,131054522,2,19,0,3,3,5,1,0,0,8,0,0,0,0,3,1,2,2,2,56,9,1461,2,10,RENAULT KANGOO,4,E01011613,0,-1
2021991115887,2021,991115887,2,9,0,18,19,8,4,0,0,0,0,0,0,0,4,1,1,1,1,32,6,-1,-1,-1,RENAULT KANGOO,5,-1,0,-1
2021061087507,2021,061087507,1,19,0,4,4,6,2,0,0,0,0,0,0,0,2,1,6,6,1,59,9,1461,2,7,RENAULT KANGOO,9,E01011180,0,-1
2021070504453,2021,070504453,1,19,0,15,15,2,6,0,0,0,0,0,0,0,1,1,1,1,1,40,7,-1,3,2,RENAULT KANGOO,3,W01000411,0,-1
2021010336589,2021,010336589,2,19,0,99,99,9,9,99,99,9,9,99,9,99,1,9,6,6,3,-1,-1,1461,2,7,RENAULT KANGOO,6,E01004637,0,-1
2021111103584,2021,111103584,1,19,0,18,19,2,2,0,0,0,0,0,0,0,1,1,2,2,1,46,8,1461,2,6,RENAULT KANGOO,4,E01020861,0,-1
2021201023532,2021,201023532,1,19,0,9,9,8,5,0,0,8,0,0,0,0,1,1,6,6,1,44,7,1461,2,6,RENAULT KANGOO,-1,-1,0,-1
2021501073350,2021,501073350,1,19,0,7,7,7,3,0,0,0,0,0,0,0,4,1,6,6,1,26,6,1461,2,12,RENAULT KANGOO,7,E01020169,0,-1
2021010304853,2021,010304853,1,19,0,18,19,1,5,0,0,1,0,0,0,0,1,2,1,1,1,34,6,1461,2,10,RENAULT KANGOO,5,E01003414,0,-1
2021451080638,2021,451080638,1,9,0,18,19,3,7,0,0,0,0,0,0,0,1,1,5,6,2,76,11,1461,2,10,RENAULT KANGOO,3,E01021102,0,-1
2021430533484,2021,430533484,1,19,0,3,3,1,5,0,0,1,0,0,0,0,4,1,6,6,1,41,7,1461,2,0,RENAULT KANGOO,1,E01002036,0,-1
2021070815576,2021,070815576,1,19,0,18,19,3,7,0,0,0,0,0,0,0,3,1,6,6,1,52,8,1461,2,13,RENAULT KANGOO,2,E01018739,0,-1
2021010323566,2021,010323566,1,9,0,14,14,1,5,0,0,1,0,4,0,0,1,1,6,6,1,60,9,1390,1,21,RENAULT KANGOO,1,E01002720,0,-1
2021010335099,2021,010335099,1,9,0,13,13,7,3,0,0,0,0,0,0,0,1,1,6,6,1,29,6,1598,1,18,RENAULT KANGOO,-1,-1,0,-1