collision_index,collision_year,collision_ref_no,vehicle_reference,vehicle_type,towing_and_articulation,vehicle_manoeuvre_historic,vehicle_manoeuvre,vehicle_direction_from,vehicle_direction_to,vehicle_location_restricted_lane_historic,vehicle_location_restricted_lane,junction_location,skidding_and_overturning,hit_object_in_carriageway,vehicle_leaving_carriageway,hit_object_off_carriageway,first_point_of_impact,vehicle_left_hand_drive,journey_purpose_of_driver_historic,journey_purpose_of_driver,sex_of_driver,age_of_driver,age_band_of_driver,engine_capacity_cc,propulsion_code,age_of_vehicle,generic_make_model,driver_imd_decile,lsoa_of_driver,escooter_flag,driver_distance_banding
2021010313978,2021,010313978,2,9,0,9,9,5,3,0,0,1,9,0,0,99,1,9,6,6,1,-1,-1,1598,1,17,RENAULT KANGOO,5,E01002515,0,-1
2021440369189,2021,440369189,1,19,0,9,9,3,7,0,0,1,0,0,0,0,1,1,1,1,1,45,7,1461,2,10,RENAULT KANGOO,5,E01017369,0,-1
2021010298667,2021,010298667,2,9,0,99,99,9,9,0,0,9,0,0,0,0,3,1,6,6,1,-1,-1,1598,1,13,RENAULT KANGOO,-1,-1,0,-1
2021461035124,2021,461035124,1,19,0,7,7,2,4,0,0,6,0,0,0,0,1,1,6,6,2,30,6,1461,2,11,RENAULT KANGOO,9,E01024626,0,-1
2021010304292,2021,010304292,1,19,0,18,19,1,5,0,0,0,0,4,0,0,1,1,2,2,1,47,8,1461,2,0,RENAULT KANGOO,2,E01015976,0,-1
2021010322233,2021,010322233,1,9,0,2,2,0,0,0,0,1,0,4,0,0,1,1,6,6,3,-1,-1,1149,1,13,RENAULT KANGOO,-1,-1,0,-1
2021010296342,2021,010296342,2,9,0,99,99,9,9,99,99,6,9,99,9,99,1,1,6,6,1,28,6,-1,-1,-1,RENAULT KANGOO,7,E01003475,0,-1
2021010307845,2021,010307845,2,19,0,5,5,1,5,0,0,6,0,0,0,0,1,1,6,6,1,50,8,1461,2,7,RENAULT KANGOO,5,E01003664,0,-1
2021221110418,2021,221110418,2,9,0,10,10,5,3,0,0,8,0,0,0,0,3,1,5,6,1,49,8,1598,1,17,RENAULT KANGOO,3,E01014141,0,-1
2021161093580,2021,161093580,1,9,0,18,19,3,7,0,0,0,2,0,0,0,4,1,6,6,1,66,10,1598,1,18,RENAULT KANGOO,7,E01013323,0,-1
2021622100266,2021,622100266,1,19,0,9,9,2,7,0,0,1,0,0,0,0,2,1,2,2,1,56,9,1461,2,9,RENAULT KANGOO,3,W01001286,0,-1
2021010347475,2021,010347475,1,19,0,15,15,1,5,0,0,0,0,0,0,0,1,1,1,1,1,54,8,1461,2,4,RENAULT KANGOO,3,E01002772,0,-1
2021421035774,2021,421035774,2,19,0,18,19,7,3,0,0,0,0,0,0,0,1,1,2,2,1,39,7,1461,2,4,RENAULT KANGOO,3,E01016005,0,-1
2021010296708,2021,010296708,1,19,0,1,1,3,7,0,0,0,0,0,0,0,2,1,1,1,1,42,7,-1,3,2,RENAULT KANGOO,5,E01001782,0,-1
2021451048146,2021,451048146,2,9,0,18,19,3,7,0,0,0,1,0,7,0,2,1,5,6,1,26,6,1461,2,18,RENAULT KANGOO,2,E01000739,0,-1
2021501053374,2021,501053374,5,19,0,18,19,3,7,0,0,0,0,0,0,0,2,1,6,6,1,50,8,1461,2,5,RENAULT KANGOO,4,E01018866,0,-1
2021070294324,2021,070294324,1,9,0,18,19,3,7,0,0,0,1,0,1,7,1,1,6,6,1,37,7,-1,-1,-1,RENAULT KANGOO,10,E01018698,0,-1
2021991097693,2021,991097693,1,19,0,18,19,7,3,0,0,8,0,0,0,0,1,1,6,6,1,30,6,1461,2,17,RENAULT KANGOO,7,-1,0,-1
2021991129007,2021,991129007,1,19,0,1,1,5,1,6,6,0,0,0,0,0,2,1,6,6,2,38,7,-1,3,0,RENAULT KANGOO,4,-1,0,-1
2021440374078,2021,440374078,1,9,0,18,19,3,7,0,0,6,0,0,0,0,3,1,6,6,2,42,7,-1,-1,-1,RENAULT KANGOO,5,E01023201,0,-1
2021991050131,2021,991050131,1,19,0,9,9,2,7,0,0,2,0,0,4,0,4,1,1,1,1,38,7,1461,2,6,RENAULT KANGOO,2,-1,0,-1
2021010288140,2021,010288140,1,19,0,99,99,9,9,99,99,9,9,99,9,99,1,9,6,6,3,-1,-1,1461,2,10,RENAULT KANGOO,9,E01004118,0,-1
2021201097404,2021,201097404,4,19,0,2,2,0,0,0,0,0,0,0,0,0,1,1,5,6,2,-1,-1,1461,2,10,RENAULT KANGOO,-1,-1,0,-1
2021101020973,2021,101020973,1,9,0,18,19,8,3,0,0,2,0,0,0,0,1,1,6,6,1,40,7,-1,-1,-1,RENAULT KANGOO,1,E01008215,0,-1
2021010336003,2021,010336003,2,19,9,99,99,9,9,99,99,9,9,99,9,99,1,9,6,6,3,-1,-1,1461,2,7,RENAULT KANGOO,10,E01033053,0,-1
2021010312195,2021,010312195,1,19,9,99,99,9,9,99,99,9,9,99,9,99,1,9,6,6,1,-1,-1,1461,2,4,RENAULT KANGOO,9,E01030412,0,-1
2021991115778,2021,991115778,2,9,0,18,19,8,4,0,0,1,0,0,0,0,1,1,1,1,1,41,7,-1,-1,-1,RENAULT KANGOO,5,-1,0,-1
2021010288748,2021,010288748,1,19,0,99,99,9,9,99,99,9,9,99,9,99,2,9,6,6,1,34,6,1461,2,6,RENAULT KANGOO,-1,-1,0,-1
2021501086258,2021,501086258,2,9,0,18,19,5,1,0,0,8,0,0,1,0,4,1,5,6,2,55,8,1461,2,10,RENAULT KANGOO,7,E01018971,0,-1
2021320455163,2021,320455163,1,9,0,18,19,4,8,0,0,0,0,0,1,9,1,1,6,6,1,73,10,1598,1,11,RENAULT KANGOO,4,E01026057,0,-1
2021141027901,2021,141027901,1,9,0,9,9,4,1,0,0,8,0,0,0,0,3,1,5,6,2,55,8,1149,1,18,RENAULT KANGOO,5,W01001825,0,-1
2021440289025,2021,440289025,1,19,0,4,4,4,8,0,0,1,0,0,0,0,2,1,1,1,1,42,7,1461,2,5,RENAULT KANGOO,5,E01017358,0,-1
2021161091885,2021,161091885,1,9,0,16,19,3,6,0,0,0,0,0,7,4,1,1,5,6,2,66,10,1598,1,15,RENAULT KANGOO,5,E01013297,0,-1
2021122100599,2021,122100599,1,19,0,15,15,5,7,0,0,3,0,0,0,0,4,1,2,2,1,19,4,-1,3,4,RENAULT KANGOO,9,E01027794,0,-1
2021141062050,2021,141062050,1,9,0,18,19,1,5,0,0,0,0,0,1,0,1,1,6,6,1,25,5,-1,-1,-1,RENAULT KANGOO,4,E01007817,0,-1
2021010341787,2021,010341787,2,19,0,9,9,4,1,0,0,1,0,0,0,0,1,1,1,1,1,36,7,1461,2,7,RENAULT KANGOO,3,E01001327,0,-1
2021221032267,2021,221032267,1,9,0,1,1,3,7,0,0,6,0,10,1,11,2,1,5,6,1,87,11,1598,1,17,RENAULT KANGOO,7,E01014202,0,-1
2021231084226,2021,231084226,2,9,0,18,19,2,6,0,0,8,0,0,0,0,1,1,5,6,2,66,10,1149,1,18,RENAULT KANGOO,7,E01031166,0,-1
2021010310990,2021,010310990,3,19,0,4,4,2,6,0,0,0,0,0,0,0,2,1,6,6,1,25,5,1461,2,1,RENAULT KANGOO,4,E01021785,0,-1
2021141054567,2021,141054567,1,19,0,4,4,1,7,0,0,1,0,0,0,0,4,1,1,1,1,29,6,1461,2,5,RENAULT KANGOO,3,E01007533,0,-1
2021141015342,2021,141015342,1,19,0,18,19,5,1,0,0,0,1,0,0,0,3,1,6,6,2,38,7,1461,2,5,RENAULT KANGOO,2,E01008037,0,-1
2021010338473,2021,010338473,1,19,0,18,19,7,3,0,0,1,0,0,0,0,4,1,1,1,1,43,7,-1,3,1,RENAULT KANGOO,9,E01001039,0,-1
2021430486951,2021,430486951,2,19,0,7,7,6,8,0,0,6,0,0,1,0,4,1,1,1,1,44,7,1461,2,8,RENAULT KANGOO,3,E01016440,0,-1
2021430163697,2021,430163697,1,9,0,18,19,6,2,0,0,0,0,0,0,0,4,1,2,2,1,22,5,-1,-1,-1,RENAULT KANGOO,8,E01017671,0,-1
2021471115302,2021,471115302,3,9,0,2,2,0,0,0,0,0,0,4,0,0,1,1,6,6,3,-1,-1,1598,1,12,RENAULT KANGOO,-1,-1,0,-1
2021010303587,2021,010303587,2,9,0,2,2,0,0,0,0,0,0,0,0,0,3,1,6,6,3,-1,-1,1390,1,20,RENAULT KANGOO,-1,-1,0,-1
2021010339139,2021,010339139,2,19,0,99,99,9,9,99,99,9,9,99,9,99,1,9,6,6,3,52,8,-1,3,9,RENAULT KANGOO,4,E01002833,0,-1
2021170S21281,2021,170S21281,1,19,0,9,9,3,1,0,0,8,0,0,0,0,3,1,1,1,1,69,10,1461,2,10,RENAULT KANGOO,9,E01033478,0,-1
2021461112580,2021,461112580,1,9,0,4,4,1,5,0,0,1,0,0,0,0,1,1,5,6,2,27,6,1598,1,9,RENAULT KANGOO,4,E01024579,0,-1
2021991081951,2021,991081951,2,19,0,17,19,8,6,0,0,1,0,0,0,0,1,1,1,1,2,31,6,-1,3,2,RENAULT KANGOO,10,-1,0,-1
2021111082309,2021,111082309,1,9,0,4,4,1,5,0,0,0,0,0,1,0,1,1,6,6,1,40,7,-1,-1,-1,RENAULT KANGOO,3,E01008637,0,-1
2021440194070,2021,440194070,2,19,0,18,19,1,5,0,0,0,0,0,0,0,1,1,6,6,1,25,5,1461,2,6,RENAULT KANGOO,2,E01017139,0,-1
2021061039792,2021,061039792,1,9,0,7,7,5,7,0,0,0,0,0,0,0,3,1,6,6,1,59,9,-1,-1,-1,RENAULT KANGOO,5,E01006406,0,-1
2021440439973,2021,440439973,1,19,0,18,19,5,1,0,0,8,0,0,0,0,4,1,6,6,3,-1,-1,1461,2,12,RENAULT KANGOO,-1,-1,0,-1
202131C016921,2021,31C016921,1,19,0,18,19,5,1,0,0,1,0,0,0,0,1,1,6,6,3,-1,-1,1461,2,12,RENAULT KANGOO,-1,-1,0,-1
2021201062149,2021,201062149,1,19,0,9,9,1,7,0,0,6,0,0,0,0,3,1,6,6,1,34,6,1461,2,15,RENAULT KANGOO,1,E01009124,0,-1
2021440488714,2021,440488714,2,19,0,18,19,5,1,0,0,8,0,0,0,0,3,1,6,6,3,-1,-1,1461,2,7,RENAULT KANGOO,-1,-1,0,-1
2021520104294,2021,520104294,1,9,0,10,10,7,4,0,0,8,0,0,0,0,4,1,6,6,2,50,8,-1,-1,-1,RENAULT KANGOO,9,E01029209,0,-1
2021061055695,2021,061055695,8,19,0,18,19,3,7,0,0,0,0,0,0,0,2,1,2,2,1,50,8,1461,2,5,RENAULT KANGOO,3,E01006171,0,-1
2021552100043,2021,552100043,1,19,4,18,19,3,7,0,0,0,0,0,0,0,1,1,1,1,1,25,5,1461,2,7,RENAULT KANGOO,3,E01020393,0,-1
2021010295988,2021,010295988,1,19,0,7,7,7,2,0,0,1,0,0,0,0,4,1,1,1,1,25,5,1461,2,4,RENAULT KANGOO,2,E01001959,0,-1
2021061134701,2021,061134701,1,9,0,4,4,7,3,0,0,0,0,0,0,0,2,1,5,6,1,44,7,-1,-1,-1,RENAULT KANGOO,-1,-1,0,-1
2021501095329,2021,501095329,2,9,0,10,10,5,3,0,0,1,0,0,0,0,2,1,6,6,2,37,7,1461,2,16,RENAULT KANGOO,3,E01019038,0,-1
2021010293509,2021,010293509,2,9,0,99,99,9,9,99,99,9,9,99,9,99,9,9,6,6,3,-1,-1,-1,-1,-1,RENAULT KANGOO,-1,-1,0,-1
2021520100436,2021,520100436,1,9,0,18,19,5,1,0,0,0,0,0,7,10,1,1,1,1,1,30,6,-1,-1,-1,RENAULT KANGOO,7,E01029033,0,-1
2021010304913,2021,010304913,2,19,0,99,99,9,9,99,99,9,9,99,9,99,9,9,6,6,3,-1,-1,-1,3,1,RENAULT KANGOO,-1,-1,0,-1
2021991016357,2021,991016357,2,19,0,18,19,1,5,0,0,0,0,0,0,0,1,1,1,1,1,34,6,1461,2,4,RENAULT KANGOO,3,-1,0,-1
2021471115093,2021,471115093,2,9,0,18,19,4,8,0,0,1,0,0,0,0,1,1,5,6,2,60,9,1149,1,14,RENAULT KANGOO,4,E01031494,0,-1
2021430091568,2021,430091568,1,9,0,9,9,4,2,0,0,5,0,0,0,0,3,1,6,6,1,61,9,1149,1,17,RENAULT KANGOO,2,E01016295,0,-1
2021461059586,2021,461059586,1,9,0,17,19,5,2,9,9,6,1,7,1,10,1,1,5,6,1,37,7,-1,-1,-1,RENAULT KANGOO,5,E01024525,0,-1
2021440218025,2021,440218025,1,9,0,18,19,6,2,0,0,6,1,0,0,0,4,1,6,6,1,88,11,1149,1,19,RENAULT KANGOO,8,E01022627,0,-1
2021010291126,2021,010291126,2,19,0,12,12,5,1,0,0,0,0,0,0,0,3,1,2,2,1,39,7,1461,2,5,RENAULT KANGOO,3,E01012306,0,-1
2021131067093,2021,131067093,2,19,0,-1,-1,-1,-1,-1,-1,-1,-1,-1,-1,-1,-1,1,5,6,1,41,7,-1,3,1,RENAULT KANGOO,1,E01011730,0,-1
2021010325218,2021,010325218,2,19,9,99,99,9,9,99,99,0,9,99,9,99,9,9,6,6,3,-1,-1,1461,2,5,RENAULT KANGOO,-1,-1,0,-1
2021131105252,2021,131105252,1,9,0,-1,-1,-1,-1,-1,-1,8,-1,-1,-1,0,-1,1,6,6,3,-1,-1,1598,1,9,RENAULT KANGOO,-1,-1,0,-1
2021010336648,2021,010336648,1,19,0,4,4,6,2,0,0,0,0,0,0,0,3,1,6,6,1,46,8,1461,2,10,RENAULT KANGOO,3,E01003352,0,-1
2021471106149,2021,471106149,2,9,0,18,19,6,4,0,0,1,0,0,0,0,1,1,6,6,1,-1,-1,-1,-1,-1,RENAULT KANGOO,-1,-1,0,-1
2021501071856,2021,501071856,1,19,0,16,19,2,5,0,0,0,0,0,0,0,1,1,6,6,1,40,7,1461,2,4,RENAULT KANGOO,3,E01020285,0,-1
2021131057585,2021,131057585,2,19,0,7,7,8,2,0,0,2,0,0,0,0,4,1,6,6,3,-1,-1,1461,2,13,RENAULT KANGOO,-1,-1,0,-1
202134WNC2501,2021,34WNC2501,1,9,0,4,4,7,3,0,0,5,0,0,1,0,1,1,6,6,1,-1,-1,1149,1,12,RENAULT KANGOO,1,E01026965,0,-1
2021991034747,2021,991034747,1,9,0,18,19,3,7,0,0,0,0,0,0,0,1,1,2,2,1,41,7,-1,-1,-1,RENAULT KANGOO,5,-1,0,-1
2021031079506,2021,031079506,3,19,0,4,4,8,4,0,0,0,0,0,0,0,2,1,2,2,1,36,7,1461,2,5,RENAULT KANGOO,2,E01006439,0,-1
2021430485386,2021,430485386,1,19,0,5,5,5,1,0,0,3,0,0,0,0,1,1,2,2,1,52,8,1461,2,3,RENAULT KANGOO,8,E01017624,0,-1
2021361067752,2021,361067752,1,19,0,18,19,2,6,0,0,0,0,0,1,0,1,1,5,6,1,27,6,1461,2,15,RENAULT KANGOO,3,E01026146,0,-1
202154C692821,2021,54C692821,3,9,0,3,3,4,8,0,0,2,0,0,0,0,1,1,6,6,1,21,5,1149,1,18,RENAULT KANGOO,6,E01032691,0,-1
202131A017421,2021,31A017421,1,9,0,18,19,4,8,0,0,0,0,0,1,4,1,1,6,6,1,80,11,1149,1,18,RENAULT KANGOO,3,E01013932,0,-1
2021545123421,2021,545123421,2,19,0,18,19,8,4,0,0,0,0,0,0,0,3,1,6,6,1,27,6,1461,2,8,RENAULT KANGOO,6,W01001327,0,-1
2021471035646,2021,471035646,1,9,0,9,9,4,1,0,0,6,0,0,0,0,1,1,5,6,1,67,10,1149,1,13,RENAULT KANGOO,5,E01021101,0,-1
2021010296284,2021,010296284,2,19,0,1,1,3,7,0,0,1,0,0,0,0,1,1,6,6,3,-1,-1,1461,2,4,RENAULT KANGOO,-1,-1,0,-1
2021061034624,2021,061034624,2,19,0,10,10,8,7,0,0,1,0,0,0,0,3,1,5,6,3,30,6,1461,2,9,RENAULT KANGOO,-1,-1,0,-1
2021031088786,2021,031088786,1,9,0,18,19,6,1,0,0,3,0,0,0,0,1,1,1,1,1,61,9,-1,-1,-1,RENAULT KANGOO,-1,-1,0,-1
2021421113113,2021,421113113,2,9,0,18,19,2,6,0,0,0,0,0,0,0,2,1,1,1,1,37,7,-1,-1,-1,RENAULT KANGOO,4,E01033127,0,-1
2021991036251,2021,991036251,1,19,0,18,19,1,5,0,0,8,0,0,0,0,1,1,5,6,1,38,7,1461,2,11,RENAULT KANGOO,8,-1,0,-1
2021201070554,2021,201070554,3,9,0,2,2,0,0,9,9,2,0,0,0,0,3,1,6,6,3,-1,-1,1390,1,21,RENAULT KANGOO,-1,-1,0,-1
2021010300088,2021,010300088,2,19,0,99,99,9,9,99,99,9,9,99,9,99,2,9,6,6,3,-1,-1,-1,3,2,RENAULT KANGOO,4,E01004412,0,-1
2021991048527,2021,991048527,1,19,0,18,19,3,7,0,0,1,0,0,0,0,1,1,1,1,1,40,7,1461,2,6,RENAULT KANGOO,9,-1,0,-1
2021471043476,2021,471043476,1,19,0,18,19,7,3,0,0,0,0,0,0,0,1,1,1,1,1,49,8,1461,2,5,RENAULT KANGOO,4,E01031576,0,-1
2021010288712,2021,010288712,1,19,0,18,19,1,5,0,0,8,0,0,0,0,4,1,6,6,1,48,8,1461,2,16,RENAULT KANGOO,3,E01002647,0,-1
2021451043179,2021,451043179,1,19,0,18,19,8,8,0,0,1,0,4,0,0,1,1,2,2,1,57,9,1461,2,9,RENAULT KANGOO,7,E01030361,0,-1
2021461095879,2021,461095879,2,9,0,18,19,4,8,0,0,1,0,0,0,0,2,1,5,6,1,44,7,1598,1,15,RENAULT KANGOO,6,E01020533,0,-1
2021501039937,2021,501039937,1,19,0,8,8,5,7,0,0,0,0,0,0,0,4,1,1,1,1,52,8,1461,2,5,RENAULT KANGOO,4,E01018926,0,-1
2021622100921,2021,622100921,1,9,0,18,19,2,6,0,0,1,5,7,0,0,1,1,1,1,1,45,7,1598,1,14,RENAULT KANGOO,4,W01001152,0,-1
2021451036230,2021,451036230,2,19,0,11,11,1,5,0,0,1,0,0,0,0,2,1,1,1,1,54,8,1461,2,7,RENAULT KANGOO,6,E01023118,0,-1
2021041081621,2021,041081621,2,9,0,18,19,2,5,0,0,2,0,0,0,0,1,1,1,1,1,64,9,-1,-1,-1,RENAULT KANGOO,9,E01025127,0,-1
2021471090552,2021,471090552,1,19,0,9,9,4,2,0,0,6,0,0,0,0,1,1,6,6,2,50,8,-1,3,6,RENAULT KANGOO,4,E01021045,0,-1
2021522201202,2021,522201202,2,9,0,18,19,4,8,0,0,1,1,0,0,0,4,1,6,6,2,77,11,1149,1,13,RENAULT KANGOO,10,E01014716,0,-1
2021501048583,2021,501048583,1,9,0,18,19,1,7,0,0,1,0,0,0,0,1,1,1,1,1,65,9,1461,2,11,RENAULT KANGOO,8,E01019944,0,-1
2021461058372,2021,461058372,2,9,0,18,19,5,1,0,0,1,0,0,0,0,1,1,6,6,1,41,7,-1,-1,-1,RENAULT KANGOO,5,E01024640,0,-1
2021461109240,2021,461109240,2,9,0,2,2,0,0,0,0,0,0,0,0,0,2,1,6,6,3,-1,-1,1995,2,10,RENAULT LAGUNA,-1,-1,0,-1
2021052102384,2021,052102384,2,9,0,3,3,3,7,0,0,1,0,0,0,0,2,1,2,2,2,55,8,1995,2,10,RENAULT LAGUNA,7,E01006795,0,-1
2021010319253,2021,010319253,1,9,0,18,19,2,6,0,0,1,0,0,0,0,4,1,6,6,1,79,11,1998,1,12,RENAULT LAGUNA,6,E01004706,0,-1
2021122101493,2021,122101493,1,9,0,4,4,5,1,0,0,1,0,0,0,0,2,1,6,6,2,46,8,1995,2,11,RENAULT LAGUNA,9,E01027767,0,-1
2021546736721,2021,546736721,2,9,0,4,4,4,8,0,0,1,0,0,1,0,2,1,6,6,1,62,9,1461,2,12,RENAULT LAGUNA,4,E01020919,0,-1
2021991126212,2021,991126212,1,9,0,5,5,7,4,0,0,6,0,0,0,0,3,1,6,6,1,53,8,1783,1,20,RENAULT LAGUNA,2,-1,0,-1
2021041070375,2021,041070375,2,9,0,18,19,1,5,0,0,0,0,0,0,0,1,1,6,6,1,47,8,2993,2,12,RENAULT LAGUNA,8,E01007075,0,-1
2021231095559,2021,231095559,1,9,0,18,19,8,4,0,0,8,0,0,8,0,3,1,5,6,1,85,11,1870,2,16,RENAULT LAGUNA,5,E01029853,0,-1
2021320579359,2021,320579359,1,9,0,13,13,1,5,0,0,1,0,0,1,0,1,1,6,6,1,68,10,1995,2,14,RENAULT LAGUNA,3,E01026122,0,-1
2021461028072,2021,461028072,2,9,0,1,1,7,3,0,0,0,0,0,0,0,4,1,6,6,1,35,6,1995,2,13,RENAULT LAGUNA,3,E01024656,0,-1
2021471063467,2021,471063467,1,9,0,18,19,4,8,0,0,0,0,0,0,0,1,1,5,6,2,81,11,1998,1,17,RENAULT LAGUNA,6,E01031507,0,-1
2021991109588,2021,991109588,1,9,0,15,15,5,1,0,0,0,1,0,7,0,1,1,5,6,2,41,7,1783,1,17,RENAULT LAGUNA,4,-1,0,-1
2021010340243,2021,010340243,1,9,0,13,13,1,5,0,0,2,0,0,0,0,3,1,1,1,1,65,9,1783,1,16,RENAULT LAGUNA,4,E01000869,0,-1
2021430555745,2021,430555745,1,9,0,18,19,8,4,0,0,0,0,0,0,0,1,1,6,6,1,30,6,1995,2,12,RENAULT LAGUNA,-1,-1,0,-1
2021531104853,2021,531104853,2,9,0,18,19,2,6,0,0,1,0,0,0,0,1,1,5,6,2,38,7,1995,2,11,RENAULT LAGUNA,7,E01022388,0,-1
2021061106693,2021,061106693,1,9,0,18,19,4,8,0,0,8,0,0,0,0,1,1,6,6,2,40,7,1995,2,13,RENAULT LAGUNA,-1,-1,0,-1
2021440135936,2021,440135936,1,9,0,18,19,6,2,0,0,0,0,0,0,0,1,1,2,2,1,42,7,1995,2,14,RENAULT LAGUNA,4,E01016705,0,-1
2021501101448,2021,501101448,1,9,0,18,19,4,8,0,0,1,1,0,0,0,1,1,5,6,1,47,8,1998,1,15,RENAULT LAGUNA,2,E01020141,0,-1
2021430345041,2021,430345041,1,9,0,9,9,4,2,0,0,8,0,0,0,0,4,1,6,6,1,32,6,1995,2,10,RENAULT LAGUNA,3,E01016721,0,-1
2021170L10211,2021,170L10211,1,9,0,14,14,4,8,0,0,0,0,0,1,9,1,1,6,6,1,31,6,1461,2,12,RENAULT LAGUNA,3,E01012137,0,-1
2021010294721,2021,010294721,1,9,0,99,99,9,9,99,99,9,9,99,9,99,0,9,6,6,1,72,10,1870,2,16,RENAULT LAGUNA,5,E01003415,0,-1
2021010310680,2021,010310680,2,9,0,18,19,7,3,0,0,6,9,0,0,0,9,9,6,6,1,31,6,1995,2,13,RENAULT LAGUNA,3,E01016358,0,-1
2021520102029,2021,520102029,1,9,0,9,9,1,6,0,0,0,0,0,0,0,1,1,6,6,3,25,5,1998,1,16,RENAULT LAGUNA,-1,-1,0,-1
2021401108152,2021,401108152,2,9,0,18,19,6,2,0,0,8,0,0,0,0,4,1,6,6,1,38,7,1995,2,12,RENAULT LAGUNA,7,E01015017,0,-1
2021501095375,2021,501095375,1,9,0,7,7,2,4,0,0,8,0,0,0,0,1,1,5,6,2,60,9,1997,1,13,RENAULT LAGUNA,7,E01020044,0,-1
2021501130935,2021,501130935,1,9,0,15,15,8,4,0,0,0,0,0,0,0,1,1,6,6,1,-1,-1,1783,1,16,RENAULT LAGUNA,2,E01018865,0,-1
2021070193604,2021,070193604,1,9,0,18,19,5,7,0,0,2,0,0,0,0,1,1,2,2,2,60,9,1995,2,11,RENAULT LAGUNA,5,E01012451,0,-1
2021440377445,2021,440377445,4,9,0,18,19,7,3,0,0,0,0,11,0,0,1,1,2,2,1,47,8,1998,1,16,RENAULT LAGUNA,6,E01017261,0,-1
2021451061404,2021,451061404,1,9,0,9,9,8,5,0,0,8,0,0,0,0,4,1,5,6,2,43,7,1995,2,13,RENAULT LAGUNA,9,E01030488,0,-1
2021231017430,2021,231017430,1,9,0,10,10,5,3,0,0,1,0,0,0,0,2,1,5,6,2,34,6,1461,2,12,RENAULT LAGUNA,7,E01031247,0,-1
2021041046094,2021,041046094,1,9,0,9,9,7,3,0,0,1,0,0,0,0,4,1,6,6,1,61,9,1783,1,18,RENAULT LAGUNA,1,E01024900,0,-1
2021122101489,2021,122101489,2,9,0,18,19,5,1,0,0,1,0,0,0,0,1,1,2,2,1,49,8,1461,2,12,RENAULT LAGUNA,10,E01027670,0,-1
2021991104426,2021,991104426,2,9,0,18,19,6,2,0,0,1,0,0,0,0,1,1,5,6,1,41,7,1995,2,13,RENAULT LAGUNA,7,-1,0,-1
2021010288699,2021,010288699,1,9,0,4,4,1,5,0,0,0,0,0,0,0,1,1,6,6,1,49,8,1995,2,9,RENAULT LAGUNA,10,E01002158,0,-1
2021320376499,2021,320376499,2,9,0,2,2,0,0,0,0,2,0,0,0,0,2,1,6,6,1,65,9,1997,1,13,RENAULT LAGUNA,5,E01027941,0,-1
2021141038860,2021,141038860,1,9,0,18,19,2,6,0,0,0,0,0,0,0,1,1,6,6,1,17,4,1783,1,19,RENAULT LAGUNA,7,E01007814,0,-1
2021101079847,2021,101079847,2,9,0,9,9,7,5,0,0,3,0,0,0,0,4,1,5,6,2,37,7,1461,2,11,RENAULT LAGUNA,3,E01027423,0,-1
2021351024214,2021,351024214,1,9,0,18,19,7,3,0,0,1,0,0,0,0,1,1,6,6,2,-1,-1,1995,2,13,RENAULT LAGUNA,9,E01018299,0,-1
202131C170721,2021,31C170721,2,9,0,18,19,2,6,0,0,8,0,0,0,0,3,1,6,6,1,35,6,1461,2,13,RENAULT LAGUNA,1,E01013954,0,-1
2021991068423,2021,991068423,4,9,0,2,2,0,0,9,9,2,0,0,0,0,1,1,6,6,3,-1,-1,1870,2,14,RENAULT LAGUNA,-1,-1,0,-1
2021991126687,2021,991126687,1,9,0,13,13,3,6,0,0,0,0,0,0,0,4,1,5,6,1,79,11,1995,2,14,RENAULT LAGUNA,6,-1,0,-1
2021361077878,2021,361077878,1,9,0,-1,-1,-1,-1,0,0,0,0,0,0,0,1,1,6,6,1,76,11,1461,2,13,RENAULT LAGUNA,6,E01026615,0,-1
2021041014321,2021,041014321,1,9,0,5,5,3,7,0,0,8,0,0,0,0,3,1,5,6,1,19,4,1461,2,12,RENAULT LAGUNA,1,E01005322,0,-1
2021010336876,2021,010336876,2,9,0,99,99,9,9,99,99,9,9,99,9,99,1,9,6,6,3,-1,-1,1461,2,13,RENAULT LAGUNA,-1,-1,0,-1
2021070540989,2021,070540989,1,9,0,17,19,5,1,0,0,0,0,0,0,4,1,1,6,6,1,74,10,1995,2,10,RENAULT LAGUNA,-1,-1,0,-1
2021522102352,2021,522102352,1,9,0,18,19,6,2,0,0,0,0,0,0,0,1,1,6,6,2,38,7,1995,2,13,RENAULT LAGUNA,5,W01001557,0,-1
202163D051721,2021,63D051721,1,9,0,16,19,7,2,0,0,0,2,0,2,10,4,1,6,6,1,42,7,1995,2,14,RENAULT LAGUNA,7,E01017608,0,-1
2021101011983,2021,101011983,1,9,0,18,19,5,8,0,0,8,0,-1,0,0,1,1,6,6,1,-1,-1,1461,2,14,RENAULT LAGUNA,1,E01008332,0,-1
2021351104709,2021,351104709,2,9,0,18,19,7,3,0,0,0,0,0,0,0,2,1,5,6,2,36,7,1995,2,11,RENAULT LAGUNA,10,E01018266,0,-1
2021010320625,2021,010320625,2,9,0,3,3,5,1,0,0,1,0,0,0,0,1,1,1,1,1,55,8,1598,1,22,-1,-1,-1,0,-1