collision_index,collision_year,collision_ref_no,vehicle_reference,vehicle_type,towing_and_articulation,vehicle_manoeuvre_historic,vehicle_manoeuvre,vehicle_direction_from,vehicle_direction_to,vehicle_location_restricted_lane_historic,vehicle_location_restricted_lane,junction_location,skidding_and_overturning,hit_object_in_carriageway,vehicle_leaving_carriageway,hit_object_off_carriageway,first_point_of_impact,vehicle_left_hand_drive,journey_purpose_of_driver_historic,journey_purpose_of_driver,sex_of_driver,age_of_driver,age_band_of_driver,engine_capacity_cc,propulsion_code,age_of_vehicle,generic_make_model,driver_imd_decile,lsoa_of_driver,escooter_flag,driver_distance_banding
2021421040275,2021,421040275,1,9,0,18,19,6,2,0,0,0,5,0,2,4,4,1,5,6,1,21,5,1289,1,21,-1,7,E01021556,0,-1
2021010310295,2021,010310295,3,9,0,2,2,0,0,0,0,2,0,0,0,0,2,1,6,6,3,-1,-1,1289,1,21,-1,-1,-1,0,-1
2021141022033,2021,141022033,2,9,0,18,19,1,5,0,0,0,0,0,0,0,1,1,6,6,3,-1,-1,1289,1,21,-1,-1,-1,0,-1
2021131085501,2021,131085501,1,9,0,9,9,2,3,0,0,8,0,0,0,0,1,1,6,6,1,22,5,1999,1,25,-1,1,E01011426,0,-1
2021201058731,2021,201058731,1,9,0,18,19,8,4,0,0,0,1,10,1,1,3,1,6,6,1,32,6,1999,1,26,-1,1,E01009485,0,-1
2021552100560,2021,552100560,2,9,0,9,9,7,5,0,0,8,0,0,0,0,3,1,6,6,1,38,7,2000,1,21,-1,6,E01020517,0,-1
2021221074192,2021,221074192,1,9,0,18,19,6,2,0,0,0,2,0,0,0,1,1,6,6,1,23,5,3000,1,14,-1,2,E01009505,0,-1
2021141083014,2021,141083014,2,9,0,16,19,6,1,0,0,1,2,0,7,4,3,1,5,6,1,21,5,1994,1,16,-1,3,E01007397,0,-1
2021501112962,2021,501112962,1,9,0,16,19,3,7,0,0,0,1,0,0,0,1,1,5,6,1,66,10,1990,1,23,-1,7,E01019045,0,-1
2021522102506,2021,522102506,2,3,0,18,19,1,5,2,2,1,0,0,0,0,3,1,6,6,1,44,7,748,1,30,SUZUKI MODEL MISSING,2,E01014640,0,-1
2021201146612,2021,201146612,1,5,0,18,19,2,6,0,0,1,0,0,0,0,4,1,6,6,1,31,6,600,1,15,SUZUKI MODEL MISSING,1,E01009132,0,-1
202131A131021,2021,31A131021,1,3,0,18,19,6,2,0,0,8,0,0,0,0,1,1,6,6,2,17,4,124,1,11,SUZUKI MODEL MISSING,2,E01028280,0,-1
2021991066175,2021,991066175,1,5,0,17,19,8,4,0,0,0,1,0,8,0,0,1,5,6,1,39,7,748,1,44,SUZUKI MODEL MISSING,1,E01021970,0,-1
2021461054407,2021,461054407,1,5,0,15,15,3,7,0,0,1,2,0,0,0,1,1,6,6,1,-1,-1,599,1,33,SUZUKI MODEL MISSING,-1,-1,0,-1
2021131034478,2021,131034478,1,5,0,18,19,5,1,0,0,0,5,4,0,0,1,1,5,6,1,24,5,599,1,24,SUZUKI MODEL MISSING,2,E01010815,0,-1
2021622101004,2021,622101004,2,3,0,18,19,7,3,0,0,1,0,0,0,0,2,1,6,6,1,17,4,125,1,18,SUZUKI MODEL MISSING,2,W01001232,0,-1
2021520104393,2021,520104393,1,4,0,18,19,2,6,0,0,8,0,0,0,0,1,1,6,6,1,63,9,500,1,48,SUZUKI MODEL MISSING,10,E01029030,0,-1
202163D024621,2021,63D024621,1,5,0,18,19,5,1,0,0,0,1,0,8,10,1,1,6,6,1,55,8,747,1,39,SUZUKI MODEL MISSING,7,W01000474,0,-1
2021991093063,2021,991093063,1,9,0,16,19,4,8,0,0,0,1,0,0,0,1,1,6,6,2,56,9,1300,1,11,SUZUKI MODEL MISSING,6,-1,0,-1
2021440468791,2021,440468791,1,5,0,16,19,2,7,0,0,5,1,0,0,0,1,1,6,6,1,52,8,640,1,29,SUZUKI MODEL MISSING,9,E01022782,0,-1
2021461075708,2021,461075708,1,5,0,18,19,4,8,0,0,0,5,0,0,0,3,1,6,6,1,26,6,599,1,24,SUZUKI MODEL MISSING,7,E01016170,0,-1
2021070308760,2021,070308760,1,3,0,18,19,7,3,0,0,0,0,10,1,0,4,1,1,1,1,44,7,125,1,16,SUZUKI MODEL MISSING,1,E01018519,0,-1
2021031116117,2021,031116117,2,2,0,18,19,5,1,0,0,0,0,0,0,0,1,1,6,6,1,16,4,49,1,25,SUZUKI MODEL MISSING,4,E01019389,0,-1
2021010299599,2021,010299599,2,2,0,13,13,1,5,0,0,1,0,0,0,0,1,1,6,6,1,21,5,599,1,22,SUZUKI MODEL MISSING,1,E01000953,0,-1
202163D020421,2021,63D020421,2,5,0,3,3,4,1,0,0,0,0,0,0,0,1,1,6,6,1,78,11,599,1,23,SUZUKI MODEL MISSING,10,W01001156,0,-1
2021501016636,2021,501016636,2,3,0,18,19,7,3,0,0,0,1,0,0,0,0,1,5,6,1,20,4,124,1,26,SUZUKI MODEL MISSING,7,E01019892,0,-1
2021520103542,2021,520103542,2,4,0,9,9,6,3,0,0,8,0,0,0,0,1,1,6,6,1,47,8,249,1,32,SUZUKI MODEL MISSING,9,E01029318,0,-1
2021221054511,2021,221054511,1,5,0,17,19,4,8,0,0,0,1,0,7,10,3,1,5,6,1,46,8,600,1,24,SUZUKI MODEL MISSING,-1,-1,0,-1
2021552100518,2021,552100518,2,3,0,18,19,7,3,0,0,0,1,0,0,0,1,1,6,6,1,33,6,599,1,23,SUZUKI MODEL MISSING,9,E01031880,0,-1
2021461067467,2021,461067467,1,5,0,18,19,2,6,0,0,0,1,0,0,0,3,1,6,6,1,18,4,599,1,27,SUZUKI MODEL MISSING,2,E01024081,0,-1
2021501109343,2021,501109343,1,3,0,16,19,8,4,0,0,0,1,0,0,0,1,1,5,6,1,61,9,124,1,16,SUZUKI MODEL MISSING,9,E01019984,0,-1
2021010319886,2021,010319886,1,5,0,15,15,3,7,0,0,2,5,10,1,11,1,1,6,6,1,24,5,599,1,13,SUZUKI MODEL MISSING,1,E01000595,0,-1
2021501114534,2021,501114534,2,5,0,18,19,7,3,0,0,0,0,0,0,0,3,1,5,6,1,76,11,249,1,27,SUZUKI MODEL MISSING,9,E01019949,0,-1
2021131084027,2021,131084027,2,4,0,18,19,1,5,0,0,0,5,7,2,7,1,1,6,6,1,57,9,249,1,29,SUZUKI MODEL MISSING,6,E01027764,0,-1
2021440312993,2021,440312993,1,5,0,18,19,1,5,0,0,8,0,0,7,0,1,1,6,6,1,36,7,997,1,41,SUZUKI MODEL MISSING,5,E01017027,0,-1
2021170M30871,2021,170M30871,1,5,0,18,19,4,8,0,0,8,0,0,0,0,4,1,6,6,1,49,8,1299,1,18,SUZUKI MODEL MISSING,-1,-1,0,-1
2021440519314,2021,440519314,1,3,0,18,19,5,1,9,9,0,0,0,0,0,0,1,1,1,1,36,7,645,1,17,SUZUKI MODEL MISSING,5,E01017070,0,-1
2021201096977,2021,201096977,1,3,0,18,19,5,1,0,0,8,2,0,0,0,0,1,6,6,1,52,8,124,1,14,SUZUKI MODEL MISSING,4,E01029386,0,-1
2021421061608,2021,421061608,1,5,0,13,13,6,2,0,0,8,0,0,0,0,4,1,2,2,1,22,5,599,1,20,SUZUKI MODEL MISSING,5,E01021388,0,-1
2021161017456,2021,161017456,1,5,0,15,15,2,6,0,0,0,0,0,0,0,1,1,6,6,1,35,6,599,1,31,SUZUKI MODEL MISSING,1,E01013204,0,-1
2021101054204,2021,101054204,1,5,0,18,19,7,3,0,0,2,0,0,0,0,1,1,5,6,1,22,5,599,1,24,SUZUKI MODEL MISSING,3,E01008576,0,-1
2021221060876,2021,221060876,1,5,0,17,19,5,1,0,0,0,0,0,0,0,1,1,6,6,1,29,6,1074,1,27,SUZUKI MODEL MISSING,5,E01028886,0,-1
2021522103079,2021,522103079,1,5,0,18,19,5,1,0,0,1,0,0,0,0,1,1,6,6,1,31,6,550,1,41,SUZUKI MODEL MISSING,1,E01014727,0,-1
2021361074690,2021,361074690,2,5,0,18,19,2,5,0,0,0,0,0,0,0,0,1,5,6,1,37,7,747,1,34,SUZUKI MODEL MISSING,5,E01026428,0,-1
202163B072121,2021,63B072121,2,4,0,16,19,1,6,0,0,0,1,0,0,0,1,1,6,6,2,58,9,652,1,27,SUZUKI MODEL MISSING,6,W01000524,0,-1
2021520101621,2021,520101621,1,4,0,18,19,8,4,0,0,8,0,0,0,0,1,1,6,6,1,17,4,124,1,14,SUZUKI MODEL MISSING,6,E01029153,0,-1
2021440224948,2021,440224948,1,5,0,18,19,6,2,0,0,1,1,0,1,4,1,1,6,6,1,71,10,997,1,41,SUZUKI MODEL MISSING,9,E01022702,0,-1
2021501047111,2021,501047111,2,5,0,5,5,7,3,0,0,1,0,0,0,0,1,1,6,6,2,50,8,850,1,43,SUZUKI MODEL MISSING,5,E01020208,0,-1
202163A099821,2021,63A099821,2,5,0,7,7,4,7,0,0,6,0,0,0,0,3,1,6,6,1,32,6,996,1,24,SUZUKI MODEL MISSING,5,W01000696,0,-1
2021302101145,2021,302101145,1,4,0,9,9,2,8,0,0,1,0,4,1,11,1,1,6,6,1,21,5,487,1,29,SUZUKI MODEL MISSING,2,E01019668,0,-1
2021549118121,2021,549118121,1,5,0,18,19,5,1,0,0,0,1,0,0,0,4,1,6,6,1,57,9,749,1,34,SUZUKI MODEL MISSING,9,E01031858,0,-1
2021122100743,2021,122100743,1,5,0,18,19,3,7,0,0,0,1,12,0,0,1,1,2,2,1,31,6,1127,1,30,SUZUKI MODEL MISSING,4,E01027905,0,-1
2021031032787,2021,031032787,1,5,0,13,13,1,5,0,0,0,1,0,0,0,1,1,6,6,1,57,9,599,1,30,SUZUKI MODEL MISSING,6,E01019350,0,-1
2021070379822,2021,070379822,1,5,0,16,19,8,4,0,0,7,1,0,7,2,1,1,6,6,1,27,6,1000,1,23,SUZUKI MODEL MISSING,4,W01000262,0,-1
2021131098597,2021,131098597,1,3,0,15,15,3,7,0,0,1,0,0,1,0,3,1,6,6,1,22,5,124,1,19,SUZUKI MODEL MISSING,1,E01010653,0,-1
2021320350016,2021,320350016,1,4,0,16,19,6,2,0,0,0,5,0,0,0,1,1,6,6,1,62,9,399,1,28,SUZUKI MODEL MISSING,9,E01026371,0,-1
2021101090619,2021,101090619,1,3,0,18,19,2,7,0,0,4,0,0,0,0,3,1,6,6,1,39,7,124,1,30,SUZUKI MODEL MISSING,-1,-1,0,-1
202131D150921,2021,31D150921,1,5,0,18,19,4,8,0,0,1,1,0,0,0,4,1,6,6,1,25,5,599,1,24,SUZUKI MODEL MISSING,8,E01028177,0,-1
202131B085421,2021,31B085421,1,90,0,18,19,7,3,0,0,8,0,0,0,0,1,1,1,1,1,35,6,400,1,13,SUZUKI MODEL MISSING,1,E01019568,0,-1
2021211056809,2021,211056809,1,4,0,18,19,7,3,0,0,0,5,0,1,0,0,1,5,6,1,23,5,398,1,16,SUZUKI MODEL MISSING,1,E01009096,0,-1
2021010330338,2021,010330338,2,5,0,18,19,5,1,0,0,1,0,0,0,0,1,1,2,2,1,43,7,996,1,18,SUZUKI MODEL MISSING,5,E01000979,0,-1
2021991062271,2021,991062271,1,3,0,7,7,5,7,0,0,8,1,0,0,0,0,1,5,6,1,27,6,124,1,14,SUZUKI MODEL MISSING,2,-1,0,-1
2021231037627,2021,231037627,2,5,0,18,19,2,6,0,0,8,1,0,0,0,1,1,6,6,1,30,6,750,1,20,SUZUKI MODEL MISSING,5,E01031325,0,-1
2021302101760,2021,302101760,2,5,0,16,19,4,6,0,0,2,0,0,0,0,1,1,1,1,1,27,6,-1,-1,-1,SUZUKI MODEL MISSING,1,E01013473,0,-1
2021101041141,2021,101041141,2,4,0,-1,-1,-1,-1,-1,-1,-1,-1,-1,-1,0,-1,1,6,6,2,19,4,125,1,16,SUZUKI MODEL MISSING,-1,-1,0,-1
2021461048186,2021,461048186,2,5,0,18,19,3,7,0,0,1,1,4,0,0,1,1,6,6,1,-1,-1,749,1,23,SUZUKI MODEL MISSING,-1,-1,0,-1
2021361025251,2021,361025251,1,5,0,18,19,5,1,0,0,0,1,10,7,2,1,1,6,6,1,17,4,937,1,26,SUZUKI MODEL MISSING,1,E01026623,0,-1
2021401073632,2021,401073632,2,5,0,8,8,1,2,0,0,3,0,0,0,0,2,1,6,6,1,63,9,747,1,37,SUZUKI MODEL MISSING,7,E01023594,0,-1
2021010298175,2021,010298175,2,4,5,17,19,4,8,0,0,1,0,0,0,0,1,1,1,1,1,25,5,398,1,17,SUZUKI MODEL MISSING,7,E01000339,0,-1
2021440509557,2021,440509557,1,5,0,16,19,3,7,0,0,8,0,0,1,11,1,1,6,6,1,33,6,600,1,22,SUZUKI MODEL MISSING,9,E01023270,0,-1
2021544078521,2021,544078521,2,2,0,18,19,3,7,0,0,0,0,0,0,0,3,1,6,6,1,71,10,49,1,41,SUZUKI MODEL MISSING,7,E01031926,0,-1
2021440340931,2021,440340931,2,5,0,13,13,5,1,0,0,0,0,0,0,0,4,1,6,6,2,62,9,598,1,26,SUZUKI MODEL MISSING,10,E01016604,0,-1
2021622100894,2021,622100894,2,3,0,18,19,4,7,0,0,0,0,0,0,0,1,1,2,2,1,32,6,599,1,25,SUZUKI MODEL MISSING,4,W01001139,0,-1
2021131070329,2021,131070329,1,5,0,18,19,7,3,0,0,8,5,0,0,0,1,1,6,6,1,35,6,599,1,31,SUZUKI MODEL MISSING,1,E01011484,0,-1
2021320451904,2021,320451904,1,5,0,16,19,8,4,0,0,0,1,0,1,9,1,1,6,6,1,57,9,1500,1,21,SUZUKI MODEL MISSING,9,E01027084,0,-1
202134WNC3051,2021,34WNC3051,2,3,0,18,19,1,5,0,0,8,0,0,0,0,4,1,6,6,1,20,4,124,1,25,SUZUKI MODEL MISSING,2,E01027241,0,-1
2021231105886,2021,231105886,3,19,0,10,10,4,2,0,0,1,0,0,0,0,0,1,5,6,1,47,8,2494,2,11,TOYOTA HIACE,8,E01031337,0,-1
2021471013025,2021,471013025,1,19,0,9,9,7,5,0,0,8,0,0,0,0,0,1,5,6,1,27,6,2494,2,14,TOYOTA HIACE,7,E01031500,0,-1
2021041041336,2021,041041336,3,9,0,2,2,0,0,0,0,0,0,0,0,0,3,1,6,6,1,44,7,2494,2,13,TOYOTA HIACE,1,E01025068,0,-1
2021361078492,2021,361078492,2,19,0,18,19,5,2,0,0,0,0,0,1,0,1,1,1,1,1,58,9,2494,2,17,TOYOTA HIACE,7,E01026526,0,-1
2021302100725,2021,302100725,1,19,0,3,3,0,0,0,0,6,0,0,0,0,3,1,6,6,1,33,6,2446,2,22,TOYOTA HIACE,7,E01019628,0,-1
2021010296650,2021,010296650,1,19,9,18,19,7,3,0,0,0,9,0,9,0,3,9,6,6,3,20,4,2494,2,15,TOYOTA HIACE,-1,-1,0,-1
2021231075797,2021,231075797,1,19,0,18,19,5,1,0,0,1,0,0,0,0,1,1,6,6,1,52,8,2446,2,22,TOYOTA HIACE,2,E01009573,0,-1
2021010351272,2021,010351272,1,19,0,18,19,3,7,0,0,1,0,0,0,0,9,1,6,6,3,-1,-1,2494,2,17,TOYOTA HIACE,-1,-1,0,-1
2021141048124,2021,141048124,4,19,0,2,2,0,0,0,0,0,0,0,0,0,2,1,6,6,3,-1,-1,2494,2,14,TOYOTA HIACE,-1,-1,0,-1
2021522105466,2021,522105466,2,19,0,1,1,2,6,0,0,0,0,0,0,0,2,1,6,6,3,40,7,2494,2,19,TOYOTA HIACE,-1,-1,0,-1
2021131061025,2021,131061025,2,19,0,7,7,5,3,0,0,5,0,0,0,0,4,1,6,6,3,-1,-1,2494,2,13,TOYOTA HIACE,-1,-1,0,-1
2021122101241,2021,122101241,1,19,0,18,19,2,7,0,0,0,0,0,0,0,2,1,2,2,1,39,7,2494,2,10,TOYOTA HIACE,5,E01025206,0,-1
2021451066490,2021,451066490,1,19,0,18,19,7,3,0,0,1,0,0,0,0,1,1,2,2,1,54,8,2494,2,15,TOYOTA HIACE,9,E01030539,0,-1
2021501067432,2021,501067432,2,19,0,18,19,5,1,0,0,0,0,0,0,0,4,1,6,6,1,32,6,2494,2,18,TOYOTA HIACE,4,E01019057,0,-1
2021991070150,2021,991070150,2,19,0,18,19,1,6,0,0,2,0,0,0,0,2,1,5,6,1,53,8,2494,2,15,TOYOTA HIACE,10,-1,0,-1
2021552100287,2021,552100287,1,19,0,18,19,4,8,0,0,1,0,0,0,0,1,1,1,1,1,57,9,2494,2,18,TOYOTA HIACE,8,E01015411,0,-1
2021430146701,2021,430146701,1,19,0,16,19,8,6,0,0,8,0,0,3,11,1,1,6,6,1,53,8,2494,2,10,TOYOTA HIACE,-1,-1,0,-1
2021010296892,2021,010296892,2,19,0,3,3,1,5,0,0,8,0,0,0,0,2,1,2,2,1,52,8,2494,2,11,TOYOTA HIACE,6,E01001184,0,-1
2021010297804,2021,010297804,2,19,0,99,99,9,9,99,99,9,9,99,9,99,1,9,6,6,3,-1,-1,2494,2,17,TOYOTA HIACE,-1,-1,0,-1
2021991125930,2021,991125930,1,19,0,18,19,8,3,0,0,0,0,0,0,0,4,1,6,6,1,75,10,2494,2,10,TOYOTA HIACE,9,-1,0,-1
2021552101032,2021,552101032,3,19,0,2,2,0,0,9,9,0,0,0,0,0,2,1,6,6,3,-1,-1,2494,2,13,TOYOTA HIACE,-1,-1,0,-1
2021622100571,2021,622100571,2,19,0,18,19,5,1,0,0,0,0,0,0,0,3,1,6,6,1,52,8,2494,2,12,TOYOTA HIACE,10,W01001782,0,-1
2021461125835,2021,461125835,2,19,0,18,19,8,4,0,0,0,0,0,0,0,1,1,6,6,1,63,9,2494,2,12,TOYOTA HIACE,7,E01024550,0,-1
2021010321519,2021,010321519,1,19,0,18,19,1,5,0,0,0,0,0,0,0,1,1,1,1,1,51,8,2494,2,16,TOYOTA HIACE,4,E01002642,0,-1
2021451096316,2021,451096316,1,19,0,17,19,7,3,0,0,0,0,0,7,7,1,1,5,6,1,64,9,2494,2,19,TOYOTA HIACE,2,E01016450,0,-1
2021061069195,2021,061069195,2,9,0,18,19,1,5,0,0,0,0,0,0,0,1,1,5,6,1,59,9,2494,2,13,TOYOTA HIACE,7,E01006059,0,-1
2021471099900,2021,471099900,2,19,0,18,19,3,6,0,0,0,0,0,0,0,3,1,1,1,1,48,8,2446,2,20,TOYOTA HIACE,10,E01031699,0,-1
2021351114086,2021,351114086,1,9,0,18,19,1,5,0,0,1,0,0,7,9,1,1,6,6,1,40,7,2993,2,12,TOYOTA HIACE,7,E01018165,0,-1
2021302100421,2021,302100421,4,19,0,2,2,0,0,0,0,0,0,0,0,0,3,1,6,6,3,-1,-1,2446,2,21,TOYOTA HIACE,-1,-1,0,-1
2021461025288,2021,461025288,2,19,0,18,19,4,2,0,0,0,0,0,0,0,3,1,5,6,1,59,9,2494,2,11,TOYOTA HIACE,8,E01024822,0,-1
2021010293135,2021,010293135,1,19,0,99,99,9,9,99,99,9,9,99,9,99,9,9,2,2,1,41,7,2494,2,14,TOYOTA HIACE,3,E01021811,0,-1
2021052200045,2021,052200045,3,19,0,10,10,3,1,0,0,1,0,0,0,0,1,1,6,6,1,71,10,2494,2,16,TOYOTA HIACE,2,E01006497,0,-1
2021421023747,2021,421023747,4,20,0,4,4,1,5,0,0,0,0,0,0,0,2,1,6,6,1,55,8,-1,-1,-1,TOYOTA HIACE,7,E01015977,0,-1
2021010329251,2021,010329251,2,9,0,99,99,9,9,99,99,9,9,99,9,99,2,9,6,6,3,-1,-1,998,1,8,TOYOTA IQ,-1,-1,0,-1
2021471060963,2021,471060963,2,9,0,18,19,3,8,0,0,8,0,0,0,0,1,1,5,6,1,47,8,998,1,12,TOYOTA IQ,2,E01014568,0,-1
2021451107919,2021,451107919,1,9,0,18,19,5,1,9,9,0,1,0,1,2,1,1,2,2,1,66,10,998,1,12,TOYOTA IQ,6,E01001319,0,-1
2021440244950,2021,440244950,1,9,0,18,19,5,1,0,0,0,0,0,0,0,4,1,6,6,2,-1,-1,998,1,10,TOYOTA IQ,4,E01017359,0,-1
2021161100575,2021,161100575,2,9,0,18,19,1,5,0,0,2,0,0,0,0,1,1,6,6,2,60,9,998,1,8,TOYOTA IQ,9,E01013168,0,-1
2021451121953,2021,451121953,1,9,0,9,9,5,1,0,0,8,0,0,0,0,1,1,1,1,1,54,8,998,1,9,TOYOTA IQ,8,E01003830,0,-1
2021041036250,2021,041036250,1,9,0,12,12,3,1,0,0,0,0,7,1,10,1,1,2,2,1,35,6,998,1,11,TOYOTA IQ,1,E01012736,0,-1
2021542183821,2021,542183821,1,9,0,18,19,1,4,0,0,1,0,0,0,0,1,1,6,6,1,47,8,998,1,12,TOYOTA IQ,3,E01001203,0,-1
2021421116548,2021,421116548,1,9,0,1,1,5,1,0,0,0,0,0,0,0,2,1,6,6,2,36,7,998,1,12,TOYOTA IQ,-1,-1,0,-1
2021440259159,2021,440259159,4,9,0,4,4,1,5,0,0,1,0,0,0,0,1,1,6,6,2,63,9,998,1,7,TOYOTA IQ,9,E01023062,0,-1
2021010288738,2021,010288738,1,9,0,99,99,9,9,99,99,9,9,99,9,99,1,9,6,6,3,72,10,998,1,10,TOYOTA IQ,9,E01000205,0,-1
2021122100230,2021,122100230,2,9,0,18,19,8,6,0,0,8,0,0,0,0,4,1,6,6,1,27,6,998,1,9,TOYOTA IQ,6,E01010787,0,-1
2021351103126,2021,351103126,1,9,0,17,19,3,7,0,0,0,0,0,0,0,3,1,6,6,2,64,9,1329,1,10,TOYOTA IQ,10,E01026356,0,-1
2021471098422,2021,471098422,1,9,0,4,4,1,5,0,0,1,0,0,0,0,1,1,6,6,2,21,5,998,1,11,TOYOTA IQ,8,E01016958,0,-1
2021545350121,2021,545350121,1,9,0,9,9,4,2,0,0,8,0,0,0,0,4,1,6,6,2,30,6,998,1,12,TOYOTA IQ,6,E01032109,0,-1
2021461120964,2021,461120964,1,9,0,18,19,7,5,0,0,8,0,0,0,0,1,1,6,6,2,29,6,998,1,10,TOYOTA IQ,8,E01003856,0,-1
2021010343112,2021,010343112,2,9,0,2,2,0,0,0,0,1,0,0,0,0,2,1,6,6,3,-1,-1,998,1,10,TOYOTA IQ,-1,-1,0,-1
2021451057342,2021,451057342,2,9,0,5,5,4,8,0,0,0,0,0,0,0,3,1,5,6,1,35,6,998,1,10,TOYOTA IQ,9,E01030453,0,-1
2021010313489,2021,010313489,2,9,0,99,99,9,9,99,99,0,9,99,9,99,9,9,6,6,3,37,7,998,1,12,TOYOTA IQ,3,E01000024,0,-1
2021010331760,2021,010331760,3,9,0,2,2,0,0,0,0,2,0,0,0,0,2,1,6,6,3,-1,-1,998,1,10,TOYOTA IQ,-1,-1,0,-1
2021010340187,2021,010340187,3,9,0,2,2,0,0,0,0,0,0,0,0,0,2,1,6,6,3,-1,-1,998,1,11,TOYOTA IQ,-1,-1,0,-1
2021501137666,2021,501137666,2,9,0,18,19,1,7,0,0,0,1,0,0,0,2,1,1,1,2,46,8,998,1,12,TOYOTA IQ,9,E01020162,0,-1
2021131062932,2021,131062932,2,9,0,7,7,3,6,0,0,8,0,0,0,0,3,1,5,6,2,47,8,998,1,12,TOYOTA IQ,10,E01010646,0,-1
2021010319231,2021,010319231,2,9,0,99,99,9,9,99,99,9,9,99,9,99,1,9,6,6,3,49,8,998,1,9,TOYOTA IQ,4,E01000731,0,-1
202134NNC5241,2021,34NNC5241,2,9,0,18,19,3,7,0,0,4,0,0,0,0,1,1,2,2,1,40,7,998,1,12,TOYOTA IQ,1,E01026950,0,-1
2021421024435,2021,421024435,1,9,0,17,19,1,3,0,0,1,0,0,0,0,1,1,6,6,1,39,7,998,1,11,TOYOTA IQ,2,E01015844,0,-1
2021411110632,2021,411110632,3,9,0,4,4,2,6,0,0,0,0,0,0,0,2,1,6,6,1,-1,-1,998,1,9,TOYOTA IQ,9,E01001422,0,-1
2021010316969,2021,010316969,1,9,0,18,19,5,1,0,0,1,0,0,0,0,2,1,2,2,1,39,7,998,1,12,TOYOTA IQ,6,E01000514,0,-1
2021010310697,2021,010310697,2,9,0,18,19,7,3,0,0,1,0,0,0,0,1,1,6,6,3,-1,-1,998,1,12,TOYOTA IQ,-1,-1,0,-1
2021461025545,2021,461025545,1,9,0,9,9,4,2,0,0,1,0,0,0,0,3,1,6,6,1,52,8,998,1,8,TOYOTA IQ,8,E01000777,0,-1
2021010314215,2021,010314215,1,9,0,6,6,5,5,99,99,0,0,99,9,99,9,1,6,6,3,-1,-1,998,1,11,TOYOTA IQ,-1,-1,0,-1
2021461054237,2021,461054237,3,9,0,2,2,0,0,0,0,0,0,0,0,0,2,1,6,6,3,-1,-1,998,1,7,TOYOTA IQ,-1,-1,0,-1
2021061092750,2021,061092750,2,9,0,5,5,5,7,0,0,8,0,0,0,0,3,1,5,6,1,28,6,998,1,11,TOYOTA IQ,3,E01004929,0,-1
2021421031532,2021,421031532,2,9,0,8,8,8,6,0,0,0,0,0,0,0,2,1,6,6,2,60,9,998,1,12,TOYOTA IQ,5,E01033459,0,-1
2021161016211,2021,161016211,1,9,0,17,19,3,7,0,0,0,1,0,1,4,1,1,2,2,1,19,4,998,1,10,TOYOTA IQ,4,E01013051,0,-1
2021010308402,2021,010308402,2,9,0,99,99,9,9,99,99,9,9,99,9,99,9,9,6,6,3,-1,-1,998,1,11,TOYOTA IQ,-1,-1,0,-1
2021010298132,2021,010298132,2,9,0,99,99,9,9,0,0,8,0,99,0,0,1,9,6,6,1,-1,-1,1329,1,11,TOYOTA IQ,-1,-1,0,-1
2021010306106,2021,010306106,2,9,0,99,99,9,9,99,99,9,9,99,9,99,9,9,6,6,3,-1,-1,998,1,12,TOYOTA IQ,-1,-1,0,-1
2021010308301,2021,010308301,1,9,0,18,19,5,1,0,0,0,0,0,0,0,1,1,6,6,1,33,6,998,1,11,TOYOTA IQ,10,E01023810,0,-1
2021311081812,2021,311081812,1,9,0,14,14,7,3,0,0,1,0,4,0,0,1,1,6,6,2,86,11,998,1,12,TOYOTA IQ,7,E01028329,0,-1
2021471066080,2021,471066080,2,9,0,18,19,3,7,0,0,8,0,0,0,0,3,1,5,6,2,52,8,998,1,12,TOYOTA IQ,6,E01016996,0,-1
2021471049837,2021,471049837,2,9,0,18,19,6,2,0,0,0,0,4,0,0,1,1,5,6,1,74,10,998,1,12,TOYOTA IQ,7,E01021094,0,-1
2021010315001,2021,010315001,2,9,0,99,99,9,9,99,99,9,9,99,9,99,3,9,6,6,3,63,9,998,1,12,TOYOTA IQ,5,E01030834,0,-1
2021421018319,2021,421018319,3,9,0,17,19,8,4,0,0,0,1,0,1,0,1,1,2,2,1,50,8,1329,1,10,TOYOTA IQ,-1,-1,0,-1
2021010313253,2021,010313253,1,9,0,18,19,3,7,0,0,0,0,4,0,0,1,1,6,6,1,19,4,998,1,11,TOYOTA IQ,5,E01000071,0,-1
2021010296980,2021,010296980,2,9,0,99,99,9,9,99,99,9,9,99,9,99,9,9,6,6,3,68,10,998,1,11,TOYOTA IQ,6,E01002984,0,-1
2021131035165,2021,131035165,1,9,0,5,5,1,2,0,0,8,0,0,0,0,3,1,5,6,2,73,10,998,1,10,TOYOTA IQ,10,E01011535,0,-1
2021131069947,2021,131069947,1,9,0,18,19,1,1,0,0,0,0,0,0,0,1,1,1,1,1,27,6,1329,1,12,TOYOTA IQ,5,E01010668,0,-1