collision_index,collision_year,collision_ref_no,vehicle_reference,vehicle_type,towing_and_articulation,vehicle_manoeuvre_historic,vehicle_manoeuvre,vehicle_direction_from,vehicle_direction_to,vehicle_location_restricted_lane_historic,vehicle_location_restricted_lane,junction_location,skidding_and_overturning,hit_object_in_carriageway,vehicle_leaving_carriageway,hit_object_off_carriageway,first_point_of_impact,vehicle_left_hand_drive,journey_purpose_of_driver_historic,journey_purpose_of_driver,sex_of_driver,age_of_driver,age_band_of_driver,engine_capacity_cc,propulsion_code,age_of_vehicle,generic_make_model,driver_imd_decile,lsoa_of_driver,escooter_flag,driver_distance_banding
2021302100238,2021,302100238,1,9,0,4,4,2,6,0,0,0,0,0,0,0,2,1,1,1,2,19,4,1229,1,10,VAUXHALL CORSA,1,E01013472,0,-1
2021440394074,2021,440394074,2,9,0,18,19,5,1,0,0,0,0,0,0,0,2,1,2,2,2,45,7,1229,1,11,VAUXHALL CORSA,5,E01017021,0,-1
2021010312263,2021,010312263,1,9,0,18,19,3,7,0,0,0,0,0,0,0,1,1,6,6,1,53,8,1229,1,7,VAUXHALL CORSA,2,E01004283,0,-1
2021061097647,2021,061097647,2,9,0,9,9,4,6,0,0,1,0,0,0,0,3,1,5,6,2,42,7,1398,1,5,VAUXHALL CORSA,4,E01025393,0,-1
2021430517950,2021,430517950,1,9,0,18,19,2,6,0,0,8,0,0,0,0,1,1,1,1,1,28,6,1248,2,7,VAUXHALL CORSA,5,E01028430,0,-1
2021122100738,2021,122100738,2,9,0,9,9,8,5,0,0,8,0,0,0,0,3,1,6,6,1,18,4,1229,1,10,VAUXHALL CORSA,10,E01013420,0,-1
2021131061841,2021,131061841,3,9,0,4,4,1,5,0,0,1,0,0,1,0,1,1,5,6,2,33,6,1229,1,7,VAUXHALL CORSA,4,E01011499,0,-1
2021070840577,2021,070840577,2,9,0,18,19,6,2,0,0,1,0,0,0,0,1,1,6,6,2,87,11,1229,1,15,VAUXHALL CORSA,10,E01018427,0,-1
2021101111631,2021,101111631,2,9,0,3,3,7,3,0,0,4,0,0,0,0,2,1,6,6,2,42,7,1398,1,5,VAUXHALL CORSA,8,E01008808,0,-1
202163A012221,2021,63A012221,2,9,0,18,19,4,8,0,0,0,0,0,1,10,1,1,6,6,2,79,11,1398,1,5,VAUXHALL CORSA,4,W01000730,0,-1
2021501121737,2021,501121737,1,9,0,9,9,5,2,0,0,1,0,0,0,0,1,1,6,6,1,29,6,1199,1,17,VAUXHALL CORSA,3,E01018856,0,-1
2021201083498,2021,201083498,2,9,0,7,7,3,4,0,0,6,0,0,0,0,3,1,6,6,2,26,6,1398,1,2,VAUXHALL CORSA,6,E01032134,0,-1
2021201031976,2021,201031976,1,9,0,3,3,2,6,0,0,2,0,0,0,0,0,1,6,6,2,30,6,1229,1,11,VAUXHALL CORSA,4,E01010377,0,-1
2021010333988,2021,010333988,2,9,0,10,10,5,2,0,0,1,0,0,0,0,2,1,6,6,1,26,6,1398,1,11,VAUXHALL CORSA,2,E01003189,0,-1
2021320429113,2021,320429113,1,9,0,18,19,6,2,0,0,0,0,0,1,0,1,1,6,6,1,20,4,1229,1,15,VAUXHALL CORSA,2,E01026101,0,-1
2021201134939,2021,201134939,2,9,0,18,19,5,1,0,0,0,1,10,1,0,4,1,6,6,1,20,4,1248,2,13,VAUXHALL CORSA,2,E01009891,0,-1
2021471016352,2021,471016352,1,9,0,18,19,7,2,0,0,4,0,0,0,0,1,1,5,6,1,30,6,1229,1,16,VAUXHALL CORSA,3,E01031451,0,-1
2021061090918,2021,061090918,2,9,0,18,19,4,8,0,0,0,0,0,0,0,1,1,6,6,3,30,6,1229,1,13,VAUXHALL CORSA,-1,-1,0,-1
2021010315410,2021,010315410,1,9,0,99,99,9,9,99,99,9,9,99,9,99,9,9,2,2,2,37,7,1364,1,14,VAUXHALL CORSA,3,E01004600,0,-1
2021302100456,2021,302100456,1,9,0,18,19,2,6,0,0,1,0,0,0,0,1,1,6,6,1,38,7,1229,1,8,VAUXHALL CORSA,6,E01019673,0,-1
2021401046135,2021,401046135,1,9,0,4,4,3,7,0,0,1,0,0,0,0,1,1,6,6,2,51,8,1199,1,1,VAUXHALL CORSA,7,E01015709,0,-1
202131C194821,2021,31C194821,1,9,0,18,19,8,4,0,0,8,0,0,0,0,1,1,2,2,2,38,7,1398,1,8,VAUXHALL CORSA,2,E01013917,0,-1
2021101093459,2021,101093459,1,9,0,7,7,8,2,0,0,6,0,0,0,0,1,1,6,6,1,38,7,1364,1,12,VAUXHALL CORSA,4,E01008202,0,-1
2021010348154,2021,010348154,1,9,0,99,99,9,9,99,99,9,9,99,9,99,9,9,6,6,2,38,7,1364,1,12,VAUXHALL CORSA,3,E01001141,0,-1
2021221025126,2021,221025126,1,9,0,4,4,4,8,0,0,0,1,0,0,0,1,1,5,6,1,30,6,1229,1,9,VAUXHALL CORSA,1,E01014163,0,-1
2021440324827,2021,440324827,2,9,0,18,19,6,2,0,0,0,0,0,0,0,1,1,6,6,2,52,8,1389,1,16,VAUXHALL CORSA,7,E01030423,0,-1
2021991103087,2021,991103087,2,9,0,18,19,1,7,0,0,0,0,0,0,0,2,1,2,2,2,21,5,1229,1,5,VAUXHALL CORSA,6,-1,0,-1
2021421064410,2021,421064410,1,9,0,5,5,3,7,0,0,6,0,0,0,0,1,1,6,6,2,18,4,1229,1,7,VAUXHALL CORSA,4,E01015994,0,-1
2021201065716,2021,201065716,2,9,0,3,3,5,1,0,0,0,0,0,0,0,2,1,6,6,2,29,6,1199,1,0,VAUXHALL CORSA,1,E01008928,0,-1
2021991078406,2021,991078406,1,9,0,18,19,5,1,0,0,0,0,4,0,0,1,1,6,6,1,23,5,1364,1,12,VAUXHALL CORSA,2,-1,0,-1
2021231048835,2021,231048835,2,9,0,4,4,4,2,0,0,1,0,0,0,0,2,1,5,6,2,73,10,1199,1,0,VAUXHALL CORSA,3,E01031053,0,-1
2021041082926,2021,041082926,1,9,0,18,19,3,7,0,0,0,0,0,0,0,1,1,5,6,1,26,6,1229,1,12,VAUXHALL CORSA,1,E01012656,0,-1
2021201072661,2021,201072661,3,9,0,18,19,6,2,0,0,0,0,0,0,0,3,1,6,6,2,30,6,1364,1,13,VAUXHALL CORSA,4,E01009238,0,-1
2021131124195,2021,131124195,2,9,0,18,19,8,4,0,0,2,0,0,0,0,1,1,6,6,2,25,5,1398,1,5,VAUXHALL CORSA,1,E01007542,0,-1
2021041079616,2021,041079616,2,9,0,18,19,1,5,0,0,1,1,0,0,0,4,1,5,6,2,30,6,1199,1,1,VAUXHALL CORSA,6,E01025179,0,-1
2021991111780,2021,991111780,2,9,0,3,3,4,7,0,0,4,0,0,0,0,2,1,2,2,2,31,6,1199,1,1,VAUXHALL CORSA,1,-1,0,-1
2021501023368,2021,501023368,2,9,0,3,3,5,8,0,0,1,0,0,0,0,2,1,1,1,2,22,5,1398,1,3,VAUXHALL CORSA,4,E01019927,0,-1
2021622100631,2021,622100631,1,9,0,15,15,6,2,0,0,0,0,7,0,0,1,1,6,6,1,17,4,1248,2,9,VAUXHALL CORSA,5,W01000871,0,-1
2021101113503,2021,101113503,1,9,-1,18,19,7,3,0,0,1,0,0,0,0,1,1,6,6,1,-1,-1,1229,1,8,VAUXHALL CORSA,-1,-1,0,-1
202154A263721,2021,54A263721,1,9,0,18,19,1,5,0,0,0,5,0,2,10,1,1,6,6,1,25,5,1229,1,9,VAUXHALL CORSA,7,E01031978,0,-1
2021010309778,2021,010309778,1,9,0,18,19,5,1,0,0,2,0,0,1,11,1,1,6,6,2,34,6,1398,1,6,VAUXHALL CORSA,6,E01002639,0,-1
2021451108932,2021,451108932,4,9,0,18,19,3,7,0,0,0,0,0,0,0,2,1,1,1,1,56,9,1398,1,6,VAUXHALL CORSA,9,E01023115,0,-1
2021991028678,2021,991028678,1,9,0,18,19,4,1,0,0,1,0,11,0,0,1,1,6,6,1,21,5,998,1,9,VAUXHALL CORSA,1,-1,0,-1
2021430197191,2021,430197191,1,9,0,5,5,3,1,0,0,4,0,0,0,0,1,1,6,6,2,50,8,1398,1,2,VAUXHALL CORSA,2,E01004321,0,-1
2021522104835,2021,522104835,2,9,0,7,7,3,5,0,0,6,0,0,0,0,1,1,6,6,3,-1,-1,1398,1,4,VAUXHALL CORSA,-1,-1,0,-1
2021101048287,2021,101048287,1,9,0,13,13,2,6,0,0,2,0,0,0,0,1,1,5,6,1,30,6,1199,1,0,VAUXHALL CORSA,1,E01008824,0,-1
202163D048921,2021,63D048921,2,9,0,18,19,6,2,0,0,8,1,0,1,10,1,1,6,6,1,22,5,1364,1,11,VAUXHALL CORSA,6,W01000431,0,-1
2021520104297,2021,520104297,1,9,0,13,13,4,8,0,0,0,0,0,0,0,4,1,6,6,2,20,4,998,1,13,VAUXHALL CORSA,6,E01029222,0,-1
2021061052682,2021,061052682,1,9,0,12,12,3,7,0,0,0,0,0,0,0,3,1,6,6,2,43,7,1229,1,14,VAUXHALL CORSA,3,E01005435,0,-1
2021061093381,2021,061093381,2,9,0,10,10,1,1,0,0,1,0,0,0,0,1,1,6,6,2,19,4,1229,1,7,VAUXHALL CORSA,-1,-1,0,-1
2021010348106,2021,010348106,3,9,0,2,2,0,0,0,0,8,0,4,1,0,1,1,6,6,3,-1,-1,973,1,19,VAUXHALL CORSA,-1,-1,0,-1
2021141050545,2021,141050545,1,9,0,18,19,6,2,0,0,1,1,0,1,3,1,1,6,6,2,36,7,1199,1,17,VAUXHALL CORSA,1,E01007402,0,-1
2021991091341,2021,991091341,2,9,0,10,10,5,3,0,0,1,0,0,0,0,2,1,6,6,1,33,6,1398,1,4,VAUXHALL CORSA,1,-1,0,-1
2021371043408,2021,371043408,1,9,0,18,19,7,3,0,0,0,0,0,0,0,1,1,5,6,1,73,10,1364,1,5,VAUXHALL CORSA,8,E01030101,0,-1
2021141022014,2021,141022014,2,9,0,18,19,7,3,0,0,1,0,0,0,0,1,1,5,6,2,40,7,1398,1,8,VAUXHALL CORSA,9,E01007386,0,-1
2021221039496,2021,221039496,1,9,0,9,9,1,6,0,0,5,0,0,0,0,4,1,2,2,2,24,5,998,1,6,VAUXHALL CORSA,5,E01032295,0,-1
2021201059353,2021,201059353,2,9,0,9,9,8,4,0,0,8,0,0,0,0,1,1,6,6,1,24,5,1229,1,14,VAUXHALL CORSA,1,E01009408,0,-1
2021052100751,2021,052100751,1,9,0,18,19,7,3,0,0,0,0,0,0,0,3,1,2,2,1,18,4,1229,1,11,VAUXHALL CORSA,5,E01007243,0,-1
2021451035307,2021,451035307,1,9,0,12,12,2,6,0,0,0,0,0,1,4,1,1,2,2,2,22,5,1398,1,7,VAUXHALL CORSA,7,E01023109,0,-1
2021471092732,2021,471092732,1,9,0,18,19,8,4,0,0,0,0,0,0,0,1,1,6,6,2,20,4,1229,1,11,VAUXHALL CORSA,8,E01031732,0,-1
2021302100747,2021,302100747,1,9,0,9,9,4,2,0,0,6,0,0,0,0,1,1,6,6,1,58,9,1229,1,12,VAUXHALL CORSA,6,E01019482,0,-1
2021041100902,2021,041100902,2,9,0,18,19,5,8,0,0,0,0,0,0,0,1,1,2,2,1,56,9,1229,1,16,VAUXHALL CORSA,3,E01024879,0,-1
2021411103512,2021,411103512,1,9,0,5,5,1,1,0,0,4,0,0,0,0,1,1,1,1,1,55,8,1229,1,17,VAUXHALL CORSA,3,E01015715,0,-1
2021430302675,2021,430302675,2,9,0,1,1,7,3,0,0,2,0,0,0,0,2,1,6,6,1,-1,-1,1229,1,7,VAUXHALL CORSA,-1,-1,0,-1
2021440260172,2021,440260172,1,9,0,1,1,5,1,0,0,0,0,4,0,0,2,1,6,6,2,80,11,1398,1,9,VAUXHALL CORSA,7,E01022733,0,-1
2021430059255,2021,430059255,1,9,0,18,19,3,7,0,0,0,0,0,0,0,1,1,2,2,2,50,8,1229,1,5,VAUXHALL CORSA,10,E01017399,0,-1
202163C073021,2021,63C073021,1,9,0,17,19,1,6,0,0,0,0,0,7,7,1,1,2,2,1,22,5,1248,2,9,VAUXHALL CORSA,-1,-1,0,-1
2021461096851,2021,461096851,1,9,0,18,19,8,4,0,0,0,0,0,0,0,2,1,6,6,3,-1,-1,1229,1,17,VAUXHALL CORSA,-1,-1,0,-1
2021201080751,2021,201080751,1,9,0,9,9,4,2,0,0,5,0,0,0,0,1,1,6,6,1,40,7,1199,1,17,VAUXHALL CORSA,5,E01009031,0,-1
2021010348672,2021,010348672,1,9,0,4,4,7,3,0,0,0,0,0,0,0,2,1,2,2,1,38,7,-1,-1,-1,VAUXHALL CORSA,4,E01015923,0,-1
2021101080516,2021,101080516,2,9,0,2,2,0,0,0,0,0,0,0,0,0,1,1,6,6,3,-1,-1,1229,1,12,VAUXHALL CORSA,-1,-1,0,-1
2021552100677,2021,552100677,2,9,0,18,19,2,8,0,0,6,0,0,0,0,3,1,2,2,1,20,4,998,1,9,VAUXHALL CORSA,7,E01020428,0,-1
2021141081853,2021,141081853,2,9,0,18,19,5,1,0,0,0,0,0,0,0,4,1,5,6,1,29,6,1199,1,1,VAUXHALL CORSA,-1,-1,0,-1
2021010305064,2021,010305064,2,9,0,18,19,1,5,0,0,0,0,0,0,0,1,1,6,6,2,21,5,1398,1,2,VAUXHALL CORSA,5,E01000564,0,-1
202134NNC0281,2021,34NNC0281,2,9,0,3,3,5,1,0,0,4,0,0,0,0,2,1,6,6,2,35,6,1364,1,12,VAUXHALL CORSA,-1,-1,0,-1
2021501055789,2021,501055789,1,9,0,7,7,6,1,0,0,5,0,0,0,0,4,1,5,6,2,33,6,1229,1,15,VAUXHALL CORSA,8,E01019929,0,-1
2021461155102,2021,461155102,2,9,0,3,3,1,5,0,0,0,0,0,0,0,2,1,2,2,2,35,6,1199,1,0,VAUXHALL CORSA,4,E01024132,0,-1
202131B025921,2021,31B025921,1,9,0,18,19,8,4,0,0,2,2,0,1,4,1,1,2,2,1,25,5,998,1,12,VAUXHALL CORSA,5,E01019494,0,-1
2021231117650,2021,231117650,1,9,0,18,19,8,4,0,0,8,0,0,0,0,1,1,5,6,1,20,4,1229,1,16,VAUXHALL CORSA,8,E01031011,0,-1
2021161106236,2021,161106236,3,9,0,18,19,3,7,0,0,1,0,0,0,0,3,1,2,2,2,40,7,998,1,15,VAUXHALL CORSA,4,E01012776,0,-1
2021010288190,2021,010288190,1,9,0,99,99,9,9,99,99,9,9,99,9,99,9,9,6,6,2,27,6,1398,1,11,VAUXHALL CORSA,3,E01000622,0,-1
2021010319001,2021,010319001,2,9,0,17,19,3,7,0,0,5,0,0,0,0,3,1,2,2,2,29,6,1398,1,8,VAUXHALL CORSA,1,E01002588,0,-1
202134WNC5331,2021,34WNC5331,2,9,0,18,19,7,3,0,0,8,0,0,0,0,3,1,6,6,1,68,10,1398,1,6,VAUXHALL CORSA,6,E01028477,0,-1
2021991079637,2021,991079637,1,9,0,18,19,6,2,0,0,0,0,0,7,4,1,1,6,6,1,29,6,1398,1,3,VAUXHALL CORSA,5,-1,0,-1
2021622100088,2021,622100088,1,9,0,14,14,4,8,0,0,1,0,10,7,2,2,1,6,6,1,23,5,1598,1,9,VAUXHALL CORSA,6,W01001263,0,-1
2021070252752,2021,070252752,2,9,0,3,3,5,1,0,0,1,0,0,0,0,2,1,6,6,2,18,4,1199,1,0,VAUXHALL CORSA,10,E01007172,0,-1
2021411067551,2021,411067551,1,9,0,18,19,2,6,0,0,2,0,0,0,0,1,1,5,6,2,51,8,1199,1,17,VAUXHALL CORSA,4,E01023350,0,-1
2021211070452,2021,211070452,1,9,0,18,19,1,5,0,0,1,0,0,7,0,1,1,6,6,1,29,6,1199,1,18,VAUXHALL CORSA,2,E01029346,0,-1
2021522200217,2021,522200217,1,9,0,18,19,7,3,0,0,0,0,0,0,0,1,1,6,6,1,37,7,1398,1,4,VAUXHALL CORSA,8,E01029118,0,-1
2021010305081,2021,010305081,1,9,9,99,99,9,9,99,99,9,9,99,9,99,2,9,6,6,3,-1,-1,1398,1,2,VAUXHALL CORSA,5,E01000571,0,-1
2021421057925,2021,421057925,2,9,0,5,5,1,3,0,0,4,0,0,0,0,4,1,5,6,1,17,4,1229,1,6,VAUXHALL CORSA,5,E01015928,0,-1
2021421046417,2021,421046417,1,9,0,13,13,3,7,0,0,0,0,0,0,0,1,1,6,6,1,30,6,1364,1,5,VAUXHALL CORSA,5,E01015859,0,-1
2021041112939,2021,041112939,2,9,0,2,2,5,1,0,0,0,0,4,0,0,1,1,6,6,3,-1,-1,1398,1,4,VAUXHALL CORSA,-1,-1,0,-1
2021461013446,2021,461013446,1,9,0,18,19,3,7,0,0,0,0,12,0,0,3,1,6,6,1,19,4,1229,1,6,VAUXHALL CORSA,8,E01024004,0,-1
2021522200868,2021,522200868,3,9,0,4,4,6,2,0,0,1,0,0,0,0,0,1,6,6,2,34,6,1398,1,11,VAUXHALL CORSA,7,E01014698,0,-1
2021201110091,2021,201110091,1,9,0,16,19,1,4,0,0,0,0,10,1,10,1,1,6,6,1,25,5,1229,1,13,VAUXHALL CORSA,2,E01010020,0,-1
2021430534780,2021,430534780,1,9,0,4,4,2,6,0,0,8,0,0,0,0,1,1,2,2,2,23,5,1229,1,13,VAUXHALL CORSA,4,E01016521,0,-1
2021351091432,2021,351091432,1,9,0,18,19,7,2,0,0,0,0,0,0,0,3,1,6,6,2,53,8,1398,1,9,VAUXHALL CORSA,9,E01018181,0,-1
2021201155620,2021,201155620,1,9,0,18,19,4,8,0,0,0,0,4,1,5,1,1,6,6,1,23,5,1199,1,1,VAUXHALL CORSA,1,E01033650,0,-1
2021461054447,2021,461054447,2,9,0,18,19,2,6,0,0,1,0,0,0,0,4,1,6,6,2,25,5,1229,1,16,VAUXHALL CORSA,1,E01024613,0,-1
2021552101124,2021,552101124,1,9,0,16,19,5,8,0,0,8,5,0,1,0,4,1,2,2,1,26,6,973,1,21,VAUXHALL CORSA,8,E01029190,0,-1
2021201111883,2021,201111883,1,9,0,18,19,1,4,0,0,1,0,0,0,0,1,1,6,6,1,-1,-1,1398,1,6,VAUXHALL CORSA,-1,-1,0,-1
2021451041369,2021,451041369,2,9,0,9,9,1,5,0,0,1,0,0,0,0,1,1,5,6,2,28,6,1398,1,6,VAUXHALL CORSA,6,E01002617,0,-1
2021141031829,2021,141031829,1,9,0,18,19,3,7,0,0,8,0,0,0,0,1,1,1,1,1,41,7,1248,2,11,VAUXHALL CORSA,2,E01008112,0,-1
2021430022116,2021,430022116,2,9,0,7,7,8,2,0,0,6,0,0,0,0,1,1,6,6,2,-1,-1,1248,2,6,VAUXHALL CORSA,-1,-1,0,-1
2021201122150,2021,201122150,2,9,0,18,19,-1,-1,0,0,8,0,0,0,0,4,1,6,6,1,31,6,1199,1,0,VAUXHALL CORSA,3,E01008921,0,-1
2021991081763,2021,991081763,2,9,0,18,19,4,8,0,0,0,1,0,0,0,3,1,5,6,1,21,5,1199,1,1,VAUXHALL CORSA,-1,-1,0,-1
2021991130352,2021,991130352,2,9,0,2,2,0,0,6,6,1,0,0,1,0,1,1,6,6,3,-1,-1,1398,1,11,VAUXHALL CORSA,-1,-1,0,-1
2021010307314,2021,010307314,1,9,0,3,3,2,6,0,0,0,0,0,0,0,1,1,6,6,2,21,5,1229,1,9,VAUXHALL CORSA,6,E01003952,0,-1
2021501083065,2021,501083065,1,9,0,18,19,4,8,0,0,0,0,0,0,0,1,1,5,6,2,86,11,1229,1,10,VAUXHALL CORSA,6,E01020244,0,-1
2021501037551,2021,501037551,1,9,0,18,19,6,2,0,0,0,0,0,0,0,0,1,5,6,2,50,8,1398,1,9,VAUXHALL CORSA,5,E01015129,0,-1
2021010310381,2021,010310381,1,9,0,99,99,9,9,0,0,9,9,99,9,99,2,9,6,6,1,24,5,1229,1,13,VAUXHALL CORSA,6,E01002433,0,-1
2021010327461,2021,010327461,1,9,0,99,99,9,9,99,99,9,9,99,9,99,2,9,6,6,1,22,5,1398,1,2,VAUXHALL CORSA,7,E01002198,0,-1
2021311084500,2021,311084500,1,9,0,18,19,1,5,0,0,8,0,0,0,0,4,1,5,6,2,34,6,1229,1,7,VAUXHALL CORSA,5,E01028161,0,-1
2021430147261,2021,430147261,2,9,0,11,11,0,0,0,0,1,0,0,0,0,2,1,1,1,2,27,6,1229,1,17,VAUXHALL CORSA,9,E01027268,0,-1
2021622100131,2021,622100131,2,9,0,18,19,6,2,0,0,2,0,0,0,0,4,1,6,6,2,25,5,1229,1,7,VAUXHALL CORSA,5,W01001099,0,-1
2021231132110,2021,231132110,1,9,0,14,14,8,4,0,0,0,5,4,0,0,1,1,5,6,2,37,7,1248,2,11,VAUXHALL CORSA,5,E01031169,0,-1
2021320482117,2021,320482117,2,9,0,18,19,4,8,0,0,1,0,0,0,0,1,1,1,1,1,19,4,998,1,11,VAUXHALL CORSA,3,E01026068,0,-1
2021421092304,2021,421092304,4,9,0,3,3,6,2,0,0,0,0,0,0,0,3,1,5,6,1,72,10,1229,1,6,VAUXHALL CORSA,9,E01021523,0,-1
2021010315994,2021,010315994,1,9,0,1,1,7,3,0,0,4,0,0,0,0,1,1,6,6,2,46,8,1364,1,15,VAUXHALL CORSA,2,E01004289,0,-1
2021141074125,2021,141074125,1,9,0,18,19,7,3,0,0,1,0,0,0,0,1,1,5,6,1,30,6,1364,1,13,VAUXHALL CORSA,1,E01007851,0,-1
2021411058249,2021,411058249,2,9,0,18,19,6,2,0,0,0,0,0,0,0,2,1,2,2,2,26,6,1229,1,16,VAUXHALL CORSA,7,E01023683,0,-1
2021991113209,2021,991113209,2,9,0,18,19,2,6,0,0,2,0,0,0,0,2,1,6,6,1,39,7,1199,1,0,VAUXHALL CORSA,5,-1,0,-1
2021111034918,2021,111034918,1,9,0,5,5,5,1,0,0,1,0,0,0,0,4,1,6,6,2,51,8,1398,1,3,VAUXHALL CORSA,8,E01020837,0,-1
202131B041621,2021,31B041621,2,9,0,18,19,6,2,0,0,8,1,7,4,6,1,1,6,6,1,22,5,1229,1,8,VAUXHALL CORSA,8,E01025768,0,-1
2021161115345,2021,161115345,2,9,0,18,19,3,7,0,0,1,0,0,0,0,1,1,6,6,1,-1,-1,1229,1,14,VAUXHALL CORSA,-1,-1,0,-1
2021461104646,2021,461104646,1,9,0,18,19,2,6,0,0,0,2,0,7,4,4,1,6,6,1,24,5,1248,2,15,VAUXHALL CORSA,1,E01024613,0,-1
2021010300674,2021,010300674,1,9,0,99,99,9,9,99,99,9,9,99,9,99,9,9,6,6,1,24,5,1364,1,13,VAUXHALL CORSA,4,E01001724,0,-1
2021552101108,2021,552101108,1,9,0,18,19,8,4,0,0,0,0,0,0,0,1,1,6,6,1,18,4,1398,1,2,VAUXHALL CORSA,8,E01015319,0,-1
2021131053145,2021,131053145,1,9,0,18,19,7,3,0,0,0,0,0,1,7,1,1,6,6,2,22,5,1398,1,5,VAUXHALL CORSA,7,E01011755,0,-1
2021302100638,2021,302100638,1,9,0,9,9,8,4,0,0,1,0,0,0,0,3,1,6,6,2,58,9,1229,1,10,VAUXHALL CORSA,1,E01033167,0,-1
2021430468825,2021,430468825,2,9,0,4,4,8,4,0,0,1,0,0,0,0,2,1,6,6,1,27,6,1398,1,4,VAUXHALL CORSA,8,E01015513,0,-1
2021471120754,2021,471120754,1,9,0,17,19,5,2,0,0,0,1,0,1,4,2,1,2,2,1,18,4,1398,1,6,VAUXHALL CORSA,8,E01031545,0,-1
2021161065394,2021,161065394,1,9,0,18,19,5,1,0,0,1,1,4,0,0,1,1,6,6,1,40,7,1229,1,13,VAUXHALL CORSA,1,E01012865,0,-1
2021131054166,2021,131054166,1,9,0,18,19,7,4,0,0,1,0,0,0,0,1,1,6,6,1,32,6,1248,2,13,VAUXHALL CORSA,3,E01011670,0,-1
2021430529491,2021,430529491,2,9,0,2,2,0,0,0,0,0,0,0,0,0,2,1,6,6,3,48,8,1229,1,15,VAUXHALL CORSA,10,E01016410,0,-1
2021351075058,2021,351075058,1,9,0,18,19,6,2,0,0,0,1,0,7,9,1,1,6,6,2,35,6,1229,1,9,VAUXHALL CORSA,8,E01033119,0,-1
2021010298029,2021,010298029,2,9,0,99,99,9,9,99,99,9,9,99,9,99,9,9,6,6,3,-1,-1,1229,1,12,VAUXHALL CORSA,2,E01003097,0,-1
2021461128941,2021,461128941,5,9,0,2,2,0,0,0,0,0,0,0,0,0,3,1,6,6,3,-1,-1,1229,1,6,VAUXHALL CORSA,-1,-1,0,-1
2021070119420,2021,070119420,2,9,0,18,19,6,2,0,0,1,0,0,0,0,1,1,6,6,1,33,6,1398,1,3,VAUXHALL CORSA,9,E01018568,0,-1
2021201080697,2021,201080697,2,9,0,18,19,5,8,0,0,6,0,0,0,0,4,1,6,6,1,21,5,1229,1,7,VAUXHALL CORSA,9,E01009727,0,-1
202134NNC3831,2021,34NNC3831,1,9,0,18,19,7,3,0,0,0,0,0,0,0,1,1,6,6,2,-1,-1,1229,1,9,VAUXHALL CORSA,9,E01027084,0,-1
2021501092800,2021,501092800,1,9,0,9,9,5,7,0,0,1,0,0,0,0,1,1,6,6,1,17,4,1248,2,12,VAUXHALL CORSA,8,E01019930,0,-1
2021052102205,2021,052102205,1,9,0,18,19,1,5,0,0,0,1,0,1,0,4,1,2,2,1,26,6,1248,2,12,VAUXHALL CORSA,2,E01007054,0,-1
2021170H10601,2021,170H10601,4,9,0,18,19,7,3,0,0,1,0,0,0,0,1,1,6,6,2,19,4,1229,1,7,VAUXHALL CORSA,3,E01033206,0,-1
2021501025659,2021,501025659,1,9,0,18,19,3,7,0,0,0,0,0,0,0,1,1,5,6,1,27,6,1364,1,15,VAUXHALL CORSA,4,E01018877,0,-1
2021440030753,2021,440030753,1,9,0,9,9,4,2,0,0,8,0,0,0,0,1,1,6,6,1,29,6,1248,2,12,VAUXHALL CORSA,4,E01017258,0,-1
2021522103326,2021,522103326,2,9,0,18,19,1,5,0,0,0,0,0,0,0,1,1,6,6,3,-1,-1,1248,2,5,VAUXHALL CORSA,-1,-1,0,-1
2021070106894,2021,070106894,1,9,0,18,19,7,3,0,0,1,0,0,0,0,1,1,6,6,1,-1,-1,1229,1,14,VAUXHALL CORSA,-1,-1,0,-1
2021371012150,2021,371012150,1,9,0,18,19,5,1,0,0,0,0,0,0,0,1,1,6,6,2,24,5,1229,1,11,VAUXHALL CORSA,9,E01030280,0,-1
2021440457844,2021,440457844,1,9,0,3,3,6,2,0,0,1,0,0,0,0,2,1,6,6,2,19,4,1229,1,14,VAUXHALL CORSA,4,E01017187,0,-1
2021010301801,2021,010301801,1,9,0,99,99,9,9,99,99,9,9,99,9,99,2,9,6,6,1,21,5,1229,1,12,VAUXHALL CORSA,2,E01004255,0,-1
2021010345994,2021,010345994,1,9,0,18,19,5,1,9,9,6,0,0,0,0,1,1,6,6,2,91,11,1229,1,9,VAUXHALL CORSA,-1,-1,0,-1
2021141036131,2021,141036131,2,9,0,3,3,4,8,0,0,1,0,0,0,0,2,1,4,7,1,18,4,1229,1,6,VAUXHALL CORSA,4,E01007576,0,-1
2021201049288,2021,201049288,2,9,0,18,19,6,2,0,0,0,0,4,0,0,3,1,6,6,1,23,5,1248,2,7,VAUXHALL CORSA,2,E01010506,0,-1
2021231033940,2021,231033940,2,9,0,18,19,8,4,0,0,8,0,0,0,0,3,1,5,6,1,30,6,1398,1,6,VAUXHALL CORSA,3,E01031059,0,-1
2021010304635,2021,010304635,1,9,0,99,99,9,9,0,0,0,0,0,0,0,2,9,6,6,1,21,5,1229,1,7,VAUXHALL CORSA,5,E01001536,0,-1
2021061127040,2021,061127040,1,9,0,7,7,4,7,0,0,1,0,0,0,0,3,1,6,6,1,47,8,1199,1,0,VAUXHALL CORSA,6,E01004833,0,-1