collision_index,collision_year,collision_ref_no,vehicle_reference,vehicle_type,towing_and_articulation,vehicle_manoeuvre_historic,vehicle_manoeuvre,vehicle_direction_from,vehicle_direction_to,vehicle_location_restricted_lane_historic,vehicle_location_restricted_lane,junction_location,skidding_and_overturning,hit_object_in_carriageway,vehicle_leaving_carriageway,hit_object_off_carriageway,first_point_of_impact,vehicle_left_hand_drive,journey_purpose_of_driver_historic,journey_purpose_of_driver,sex_of_driver,age_of_driver,age_band_of_driver,engine_capacity_cc,propulsion_code,age_of_vehicle,generic_make_model,driver_imd_decile,lsoa_of_driver,escooter_flag,driver_distance_banding
2021131094911,2021,131094911,1,9,0,18,19,4,6,0,0,8,0,0,0,0,3,1,1,1,2,21,5,1229,1,14,VAUXHALL CORSA,3,E01010600,0,-1
2021471117039,2021,471117039,1,9,0,18,19,3,7,0,0,4,0,0,0,0,1,1,6,6,1,-1,-1,1229,1,13,VAUXHALL CORSA,-1,-1,0,-1
2021010294263,2021,010294263,2,9,0,99,99,9,9,99,99,9,9,99,9,99,1,9,6,6,3,-1,-1,998,1,13,VAUXHALL CORSA,1,E01004250,0,-1
2021141086840,2021,141086840,1,9,0,16,19,1,5,0,0,0,0,0,0,0,1,1,5,6,1,31,6,1398,1,5,VAUXHALL CORSA,1,E01007597,0,-1
2021131115449,2021,131115449,2,9,0,17,19,3,1,0,0,7,0,0,0,0,1,1,5,6,1,26,6,1398,1,3,VAUXHALL CORSA,7,E01011155,0,-1
2021371037411,2021,371037411,2,9,0,10,10,8,4,0,0,1,0,0,0,0,2,1,5,6,2,35,6,1398,1,11,VAUXHALL CORSA,1,E01030279,0,-1
2021361080624,2021,361080624,1,9,0,18,19,1,5,0,0,0,0,0,0,0,1,1,6,6,1,-1,-1,1229,1,8,VAUXHALL CORSA,4,E01026586,0,-1
202131A101321,2021,31A101321,2,9,0,17,19,2,8,0,0,0,5,0,1,10,1,1,2,2,1,23,5,1229,1,9,VAUXHALL CORSA,4,E01027963,0,-1
2021052100443,2021,052100443,1,9,0,13,13,1,5,0,0,8,1,0,0,0,4,1,1,1,1,34,6,1199,1,1,VAUXHALL CORSA,-1,-1,0,-1
2021010303260,2021,010303260,1,9,0,9,9,5,3,0,0,2,0,0,0,0,3,1,6,6,2,41,7,1229,1,13,VAUXHALL CORSA,4,E01004495,0,-1
2021302100813,2021,302100813,1,9,0,13,13,6,2,0,0,0,5,0,0,0,1,1,6,6,2,38,7,1248,2,14,VAUXHALL CORSA,6,E01013495,0,-1
2021371067931,2021,371067931,1,9,0,3,3,3,7,0,0,1,0,0,0,0,1,1,5,6,2,49,8,1389,1,16,VAUXHALL CORSA,5,E01030283,0,-1
2021401087945,2021,401087945,2,9,0,9,9,8,4,0,0,2,0,0,0,0,4,1,6,6,2,33,6,1364,1,13,VAUXHALL CORSA,1,E01015795,0,-1
2021101029057,2021,101029057,1,9,0,5,5,8,4,0,0,2,0,0,0,0,3,1,6,6,2,27,6,1199,1,1,VAUXHALL CORSA,3,E01020591,0,-1
2021201111878,2021,201111878,1,9,0,9,9,-1,-1,0,0,1,0,0,0,0,2,1,3,7,2,36,7,1398,1,3,VAUXHALL CORSA,5,E01009863,0,-1
2021131041457,2021,131041457,2,9,0,4,4,4,8,0,0,1,0,0,0,0,2,1,6,6,1,68,10,1398,1,3,VAUXHALL CORSA,1,E01010631,0,-1
2021461110162,2021,461110162,1,9,0,18,19,1,3,0,0,2,0,0,0,0,1,1,5,6,1,74,10,1398,1,4,VAUXHALL CORSA,6,E01016125,0,-1
2021010311019,2021,010311019,2,9,0,2,2,0,0,0,0,2,0,0,0,0,3,1,6,6,3,-1,-1,1398,1,3,VAUXHALL CORSA,-1,-1,0,-1
2021401052139,2021,401052139,2,9,0,17,19,-1,-1,0,0,0,1,0,0,0,3,1,6,6,2,27,6,1229,1,15,VAUXHALL CORSA,5,E01015748,0,-1
2021531013942,2021,531013942,1,9,0,7,7,7,1,0,0,8,0,0,0,0,3,1,5,6,2,27,6,1248,2,9,VAUXHALL CORSA,6,E01022380,0,-1
2021041125553,2021,041125553,2,9,0,18,19,5,1,0,0,1,0,0,0,0,1,1,5,6,2,17,4,1398,1,10,VAUXHALL CORSA,7,E01012727,0,-1
2021411048804,2021,411048804,2,9,0,7,7,6,2,0,0,8,0,0,0,0,3,1,6,6,2,20,4,1199,1,1,VAUXHALL CORSA,6,E01023941,0,-1
2021201118338,2021,201118338,1,9,0,18,19,2,6,0,0,8,0,0,0,0,1,1,6,6,1,-1,-1,1364,1,12,VAUXHALL CORSA,-1,-1,0,-1
2021440520382,2021,440520382,1,9,0,18,19,7,3,0,0,1,0,0,0,0,1,1,6,6,2,24,5,1229,1,16,VAUXHALL CORSA,8,E01022825,0,-1
2021161061243,2021,161061243,1,9,0,18,19,4,8,0,0,0,0,4,0,0,1,1,2,2,1,21,5,1229,1,9,VAUXHALL CORSA,8,E01012911,0,-1
202163D027821,2021,63D027821,1,9,0,12,12,4,8,0,0,0,2,0,2,10,3,1,6,6,1,30,6,1229,1,7,VAUXHALL CORSA,8,W01001897,0,-1
2021440133912,2021,440133912,7,9,0,18,19,7,3,0,0,0,0,0,0,0,2,1,6,6,2,20,4,1398,1,10,VAUXHALL CORSA,5,E01029283,0,-1
2021201087100,2021,201087100,2,9,0,18,19,8,4,0,0,8,0,0,0,0,4,1,6,6,2,-1,-1,1364,1,13,VAUXHALL CORSA,-1,-1,0,-1
2021430507298,2021,430507298,1,9,0,17,19,6,3,0,0,0,1,0,7,4,3,1,6,6,2,35,6,1229,1,9,VAUXHALL CORSA,7,E01017652,0,-1
2021061061352,2021,061061352,2,9,-1,-1,-1,-1,-1,-1,-1,-1,-1,-1,-1,0,-1,1,5,6,2,41,7,1229,1,13,VAUXHALL CORSA,2,E01005902,0,-1
2021052100846,2021,052100846,2,9,0,18,19,5,1,0,0,8,0,0,0,0,3,1,6,6,1,23,5,1229,1,12,VAUXHALL CORSA,9,E01007101,0,-1
2021010336233,2021,010336233,1,9,0,1,1,1,5,0,0,0,0,0,0,0,2,1,2,2,1,20,4,1364,1,12,VAUXHALL CORSA,2,E01000992,0,-1
2021010291622,2021,010291622,1,9,0,99,99,9,9,99,99,9,9,99,9,99,2,9,2,2,2,21,5,1229,1,16,VAUXHALL CORSA,4,E01003249,0,-1
2021201115787,2021,201115787,1,9,0,18,19,-1,-1,0,0,8,0,0,0,0,3,1,6,6,1,47,8,1248,2,9,VAUXHALL CORSA,1,E01009062,0,-1
2021302102098,2021,302102098,1,9,0,16,19,6,2,0,0,0,1,10,1,9,4,1,6,6,1,21,5,1248,2,9,VAUXHALL CORSA,1,E01010454,0,-1
2021501119075,2021,501119075,2,9,0,3,3,7,5,0,0,0,0,0,0,0,2,1,6,6,1,56,9,1229,1,8,VAUXHALL CORSA,6,E01020195,0,-1
2021010331570,2021,010331570,2,9,0,5,5,3,7,0,0,0,0,0,0,0,1,1,2,2,1,40,7,1398,1,6,VAUXHALL CORSA,-1,-1,0,-1
2021440152031,2021,440152031,1,9,0,9,9,4,2,0,0,8,0,0,7,0,4,1,2,2,2,56,9,1398,1,8,VAUXHALL CORSA,10,E01023194,0,-1
2021991099734,2021,991099734,1,9,0,9,9,7,4,0,0,1,0,0,0,0,1,1,5,6,2,29,6,1398,1,6,VAUXHALL CORSA,4,-1,0,-1
2021501085560,2021,501085560,1,9,0,17,19,7,3,0,0,0,1,0,1,4,1,1,5,6,1,21,5,1248,2,9,VAUXHALL CORSA,4,E01019037,0,-1
2021440466688,2021,440466688,2,9,0,18,19,4,8,0,0,0,0,0,0,0,1,1,6,6,2,25,5,1229,1,9,VAUXHALL CORSA,10,E01022892,0,-1
2021010294416,2021,010294416,2,9,0,99,99,9,9,99,99,0,9,99,9,99,1,9,6,6,3,-1,-1,1248,2,16,VAUXHALL CORSA,5,E01002361,0,-1
2021070856449,2021,070856449,1,9,0,18,19,1,5,0,0,0,5,0,0,0,1,2,6,6,2,26,6,1398,1,3,VAUXHALL CORSA,8,E01012472,0,-1
2021131120066,2021,131120066,1,9,0,-1,-1,-1,-1,-1,-1,0,-1,-1,-1,-1,-1,1,6,6,3,-1,-1,1248,2,11,VAUXHALL CORSA,-1,-1,0,-1
2021411097576,2021,411097576,1,9,0,16,19,8,3,0,0,0,5,10,1,0,1,1,6,6,1,29,6,998,1,17,VAUXHALL CORSA,6,E01023396,0,-1
2021170H10451,2021,170H10451,1,9,0,18,19,3,7,0,0,1,0,0,0,0,4,1,6,6,2,77,11,999,1,5,VAUXHALL CORSA,-1,-1,0,-1
2021991121558,2021,991121558,1,9,0,9,9,3,1,0,0,1,0,0,0,0,1,1,6,6,2,28,6,1229,1,6,VAUXHALL CORSA,4,-1,0,-1
2021351017021,2021,351017021,3,9,0,3,3,3,7,0,0,4,0,0,0,0,2,1,5,6,1,50,8,1248,2,11,VAUXHALL CORSA,1,E01015603,0,-1
2021211058592,2021,211058592,1,9,0,9,9,5,2,0,0,6,0,0,0,0,3,1,3,7,2,34,6,1398,1,3,VAUXHALL CORSA,6,E01029596,0,-1
2021471104682,2021,471104682,1,9,0,1,1,6,2,0,0,0,0,0,0,0,2,1,6,6,1,-1,-1,1229,1,12,VAUXHALL CORSA,8,E01016995,0,-1
2021052100395,2021,052100395,2,9,0,18,19,7,3,0,0,1,0,0,1,1,1,1,6,6,1,26,6,1248,2,14,VAUXHALL CORSA,6,E01007255,0,-1
2021010293474,2021,010293474,2,9,0,18,19,5,1,0,0,1,0,0,0,0,1,1,6,6,1,23,5,1248,2,8,VAUXHALL CORSA,5,E01001632,0,-1
2021061097411,2021,061097411,1,9,0,9,9,7,5,0,0,8,0,0,0,0,1,1,6,6,2,36,7,1229,1,6,VAUXHALL CORSA,2,E01005563,0,-1
2021411068983,2021,411068983,1,9,0,5,5,7,3,0,0,4,0,0,0,0,1,1,2,2,2,19,4,1229,1,6,VAUXHALL CORSA,7,E01023382,0,-1
2021991089272,2021,991089272,2,9,0,7,7,8,6,0,0,1,0,0,0,0,2,1,5,6,2,56,9,1199,1,0,VAUXHALL CORSA,-1,-1,0,-1
2021401030278,2021,401030278,1,9,0,4,4,7,5,0,0,8,0,0,0,0,0,1,5,6,1,25,5,1398,1,7,VAUXHALL CORSA,3,E01017568,0,-1
2021031090628,2021,031090628,2,9,0,18,19,2,6,0,0,0,0,0,0,0,1,1,5,6,1,18,4,1398,1,4,VAUXHALL CORSA,9,E01019261,0,-1
2021070300671,2021,070300671,1,9,0,18,19,4,8,0,0,0,2,0,2,10,1,1,6,6,1,22,5,1229,1,15,VAUXHALL CORSA,2,W01000186,0,-1
2021141018527,2021,141018527,1,9,0,7,7,8,2,0,0,2,0,0,0,0,-1,1,6,6,1,51,8,1398,1,11,VAUXHALL CORSA,9,E01008047,0,-1
2021622100639,2021,622100639,1,9,0,18,19,6,2,0,0,0,1,0,0,0,1,1,6,6,3,-1,-1,1248,2,13,VAUXHALL CORSA,-1,-1,0,-1
2021411129422,2021,411129422,1,9,0,18,19,5,1,0,0,0,1,7,0,0,1,1,6,6,1,23,5,1364,1,13,VAUXHALL CORSA,6,E01000541,0,-1
2021451052743,2021,451052743,1,9,0,18,19,3,5,0,0,0,5,4,0,0,1,1,5,6,2,75,10,1398,1,3,VAUXHALL CORSA,8,E01001106,0,-1
2021411087851,2021,411087851,2,9,0,5,5,4,7,0,0,1,0,0,0,0,1,1,6,6,1,21,5,1248,2,11,VAUXHALL CORSA,4,E01023681,0,-1
2021201059510,2021,201059510,1,9,0,4,4,6,2,0,0,0,0,0,0,0,2,1,6,6,1,56,9,1248,2,8,VAUXHALL CORSA,8,E01010161,0,-1
2021622100341,2021,622100341,1,9,0,18,19,4,8,0,0,0,0,0,7,0,1,1,6,6,2,23,5,1248,2,10,VAUXHALL CORSA,3,W01001216,0,-1
2021401015619,2021,401015619,1,9,0,9,9,7,3,0,0,1,-1,0,0,0,1,1,6,6,1,19,4,1248,2,9,VAUXHALL CORSA,3,E01015713,0,-1
2021122100152,2021,122100152,1,9,0,9,9,2,7,0,0,1,0,0,0,0,2,1,6,6,1,35,6,1229,1,7,VAUXHALL CORSA,7,E01027657,0,-1
2021131106626,2021,131106626,1,9,0,18,19,5,1,0,0,0,0,0,0,0,1,1,5,6,1,22,5,1398,1,10,VAUXHALL CORSA,4,E01032489,0,-1
2021461058188,2021,461058188,1,9,0,18,19,5,1,0,0,0,0,0,0,0,1,1,6,6,1,18,4,1229,1,13,VAUXHALL CORSA,10,E01022085,0,-1
2021052102770,2021,052102770,1,9,0,9,9,1,7,0,0,8,0,0,0,0,1,1,2,2,2,20,4,1229,1,7,VAUXHALL CORSA,10,E01018419,0,-1
2021430467613,2021,430467613,1,9,0,18,19,6,2,0,0,0,0,0,0,0,2,1,6,6,1,50,8,1598,1,7,VAUXHALL CORSA,9,E01030742,0,-1
2021041073256,2021,041073256,2,9,0,2,2,0,0,0,0,0,1,10,0,0,1,1,6,6,3,-1,-1,1598,1,13,VAUXHALL CORSA,-1,-1,0,-1
2021141034940,2021,141034940,2,9,0,7,7,1,7,0,0,5,0,0,0,0,4,2,6,6,1,-1,-1,1199,1,1,VAUXHALL CORSA,3,E01023142,0,-1
2021552100273,2021,552100273,2,9,0,18,19,4,8,0,0,0,0,0,0,0,3,1,6,6,2,33,6,1199,1,1,VAUXHALL CORSA,5,E01015374,0,-1
2021991016888,2021,991016888,1,9,0,17,19,8,4,0,0,0,2,0,1,0,4,1,2,2,2,41,7,1398,1,9,VAUXHALL CORSA,3,-1,0,-1
2021031036866,2021,031036866,1,9,0,16,19,1,4,0,0,0,1,0,0,0,1,1,5,6,1,18,4,1229,1,9,VAUXHALL CORSA,5,E01019273,0,-1
2021201106461,2021,201106461,1,9,0,9,9,6,4,0,0,6,0,0,0,0,1,1,6,6,2,18,4,1229,1,9,VAUXHALL CORSA,7,E01010081,0,-1
2021131039415,2021,131039415,2,9,0,17,19,4,8,0,0,1,0,0,0,0,1,1,5,6,1,20,4,1398,1,5,VAUXHALL CORSA,6,E01011072,0,-1
2021211103786,2021,211103786,2,9,0,16,19,5,8,0,0,1,0,0,0,0,1,1,6,6,2,25,5,1686,2,9,VAUXHALL CORSA,8,E01029790,0,-1
2021101016294,2021,101016294,1,9,0,18,19,4,8,0,0,1,0,0,0,0,1,1,6,6,1,21,5,1248,2,11,VAUXHALL CORSA,2,E01008252,0,-1
2021501165577,2021,501165577,1,9,0,18,19,2,6,0,0,0,2,4,2,0,1,1,6,6,1,59,9,1229,1,9,VAUXHALL CORSA,2,E01004384,0,-1
2021471057326,2021,471057326,1,9,0,7,7,3,6,0,0,6,0,0,0,0,3,1,5,6,2,75,10,1398,1,6,VAUXHALL CORSA,5,E01031826,0,-1
2021991117402,2021,991117402,1,9,0,16,19,6,2,0,0,3,1,0,1,2,1,1,6,6,1,17,4,1229,1,11,VAUXHALL CORSA,-1,-1,0,-1
2021201099060,2021,201099060,1,9,0,7,7,4,8,0,0,8,0,0,0,0,1,1,6,6,1,32,6,1229,1,13,VAUXHALL CORSA,1,E01033636,0,-1
2021061135146,2021,061135146,1,9,0,3,3,2,6,0,0,8,0,0,0,0,2,1,6,6,2,54,8,1398,1,8,VAUXHALL CORSA,6,E01005397,0,-1
2021451105656,2021,451105656,1,9,0,18,19,5,1,0,0,0,1,0,0,0,3,1,5,6,1,20,4,1229,1,16,VAUXHALL CORSA,5,E01030983,0,-1
2021052102207,2021,052102207,1,9,0,18,19,1,5,0,0,8,0,0,0,0,3,1,6,6,1,21,5,1229,1,9,VAUXHALL CORSA,1,E01006690,0,-1
2021991035942,2021,991035942,2,9,0,18,19,6,2,0,0,1,0,0,0,0,1,1,5,6,2,64,9,1229,1,16,VAUXHALL CORSA,7,-1,0,-1
2021461093587,2021,461093587,2,9,0,4,4,3,1,0,0,8,0,0,0,0,0,1,5,6,2,50,8,998,1,17,VAUXHALL CORSA,3,E01024279,0,-1
2021010309761,2021,010309761,1,9,0,18,19,7,3,0,0,1,0,0,0,0,0,1,2,2,1,48,8,1398,1,2,VAUXHALL CORSA,8,E01003421,0,-1
2021010298062,2021,010298062,1,9,0,9,9,5,3,0,0,5,0,0,0,0,3,1,1,1,2,21,5,1199,1,1,VAUXHALL CORSA,6,E01003429,0,-1
2021302100305,2021,302100305,1,9,0,18,19,4,6,0,0,1,0,0,0,0,1,1,6,6,1,17,4,1398,1,4,VAUXHALL CORSA,10,E01013539,0,-1
2021201149722,2021,201149722,3,9,0,3,3,7,3,0,0,1,0,0,0,0,2,1,6,6,1,32,6,1229,1,9,VAUXHALL CORSA,1,E01010473,0,-1
2021440318445,2021,440318445,2,9,0,4,4,5,1,0,0,1,0,0,0,0,1,1,6,6,1,21,5,1364,1,12,VAUXHALL CORSA,-1,-1,0,-1
2021201138906,2021,201138906,1,9,0,16,19,1,7,0,0,0,0,0,0,0,1,1,6,6,1,30,6,1229,1,13,VAUXHALL CORSA,1,E01009962,0,-1
2021401047256,2021,401047256,1,9,0,4,4,2,6,0,0,1,0,0,0,0,1,1,5,6,2,37,7,1229,1,12,VAUXHALL CORSA,6,E01015778,0,-1
2021622100947,2021,622100947,1,9,0,9,9,7,5,0,0,8,0,0,0,0,1,1,6,6,2,29,6,1199,1,18,VAUXHALL CORSA,5,W01001320,0,-1
2021430408128,2021,430408128,2,9,0,18,19,3,7,0,0,8,0,0,0,0,1,1,6,6,2,75,10,998,1,17,VAUXHALL CORSA,-1,-1,0,-1
2021031124593,2021,031124593,1,9,0,4,4,7,3,0,0,0,0,0,0,0,1,1,2,2,2,62,9,1229,1,16,VAUXHALL CORSA,4,E01019080,0,-1
2021010351019,2021,010351019,1,9,0,7,7,7,1,0,0,8,0,0,0,0,4,1,6,6,1,32,6,1199,1,1,VAUXHALL CORSA,2,E01004067,0,-1
2021440372645,2021,440372645,1,9,0,16,19,3,7,0,0,0,5,0,0,0,1,1,6,6,1,18,4,1229,1,8,VAUXHALL CORSA,4,E01022734,0,-1
2021061096415,2021,061096415,2,9,0,18,19,5,1,0,0,8,1,0,1,11,4,1,1,1,2,28,6,1398,1,6,VAUXHALL CORSA,1,E01005660,0,-1
2021522102565,2021,522102565,1,9,0,18,19,2,6,0,0,0,0,0,0,0,1,1,6,6,2,20,4,1398,1,4,VAUXHALL CORSA,2,E01014526,0,-1
2021211039642,2021,211039642,3,9,0,2,2,0,0,0,0,2,0,0,0,0,0,1,6,6,2,31,6,1229,1,10,VAUXHALL CORSA,2,E01029717,0,-1
2021101091493,2021,101091493,1,9,0,12,12,4,8,0,0,0,2,7,0,0,1,1,6,6,2,53,8,1229,1,14,VAUXHALL CORSA,2,E01008478,0,-1
2021522102098,2021,522102098,1,9,0,18,19,1,5,9,9,2,0,10,0,0,1,1,6,6,2,20,4,1398,1,4,VAUXHALL CORSA,-1,-1,0,-1
2021141103633,2021,141103633,1,9,0,18,19,4,8,0,0,0,5,0,0,0,1,1,6,6,1,46,8,1199,1,1,VAUXHALL CORSA,3,E01033268,0,-1
2021430341598,2021,430341598,1,9,0,4,4,8,4,0,0,0,0,0,0,0,2,1,6,6,2,22,5,1199,1,0,VAUXHALL CORSA,10,E01015533,0,-1
2021411040941,2021,411040941,1,9,0,18,19,5,1,0,0,0,0,0,0,0,1,1,6,6,1,29,6,1229,1,11,VAUXHALL CORSA,7,E01023771,0,-1
2021052102521,2021,052102521,1,9,0,18,19,3,7,0,0,0,0,0,0,0,4,1,6,6,2,40,7,1229,1,8,VAUXHALL CORSA,2,E01007244,0,-1
2021052102845,2021,052102845,1,9,0,9,9,5,3,0,0,8,0,0,0,0,3,1,6,6,2,54,8,1398,1,5,VAUXHALL CORSA,1,E01006678,0,-1
2021440301145,2021,440301145,2,9,0,7,7,1,3,0,0,6,0,0,0,0,1,1,1,1,2,30,6,1229,1,8,VAUXHALL CORSA,1,E01017167,0,-1
2021141058609,2021,141058609,1,9,0,11,11,1,5,0,0,0,2,0,6,6,1,1,5,6,1,37,7,1229,1,10,VAUXHALL CORSA,1,E01011803,0,-1
2021041080916,2021,041080916,1,9,0,18,19,3,7,0,0,0,0,0,1,4,1,1,5,6,2,18,4,1229,1,7,VAUXHALL CORSA,5,E01025153,0,-1
2021131079237,2021,131079237,1,9,0,18,19,3,7,0,0,0,0,0,0,0,1,1,5,6,1,53,8,1398,1,4,VAUXHALL CORSA,6,E01010922,0,-1
2021041047037,2021,041047037,2,9,0,2,2,0,0,0,0,2,0,0,0,0,1,2,6,6,3,-1,-1,1229,1,14,VAUXHALL CORSA,-1,-1,0,-1
2021041100823,2021,041100823,2,9,0,18,19,3,7,0,0,1,0,0,0,0,1,1,5,6,1,20,4,1248,2,16,VAUXHALL CORSA,5,E01025395,0,-1
2021052100364,2021,052100364,2,9,0,18,19,3,7,0,0,1,0,0,0,0,1,1,6,6,1,21,5,1229,1,9,VAUXHALL CORSA,3,E01007118,0,-1
2021440506419,2021,440506419,1,9,0,7,7,2,6,0,0,7,0,7,0,0,1,1,2,2,2,49,8,1364,1,12,VAUXHALL CORSA,7,E01032618,0,-1
2021101091544,2021,101091544,1,9,-1,-1,-1,-1,-1,-1,-1,-1,-1,-1,-1,0,-1,1,6,6,2,53,8,1398,1,3,VAUXHALL CORSA,5,E01011275,0,-1
2021531062145,2021,531062145,2,9,0,4,4,-1,-1,0,0,0,0,0,0,0,3,1,5,6,1,79,11,1398,1,5,VAUXHALL CORSA,6,E01016312,0,-1
2021451036326,2021,451036326,1,9,0,18,19,8,4,0,0,0,0,0,0,0,1,1,2,2,1,20,4,1229,1,10,VAUXHALL CORSA,9,E01001017,0,-1
2021010315188,2021,010315188,1,9,0,9,9,7,6,0,0,6,0,0,0,0,1,1,2,2,2,20,4,1229,1,12,VAUXHALL CORSA,4,E01003767,0,-1
2021070067415,2021,070067415,3,9,0,18,19,8,4,0,0,0,1,0,0,0,1,1,1,1,2,-1,-1,1229,1,8,VAUXHALL CORSA,7,E01018372,0,-1
2021141096814,2021,141096814,2,9,0,9,9,2,8,0,0,8,0,0,0,0,3,1,5,6,2,20,4,1229,1,9,VAUXHALL CORSA,1,E01007566,0,-1
2021430317843,2021,430317843,2,9,0,3,3,1,5,0,0,0,0,0,0,0,2,1,6,6,2,32,6,1398,1,11,VAUXHALL CORSA,2,E01017707,0,-1
2021471116622,2021,471116622,2,9,0,4,4,1,5,0,0,8,0,0,0,0,2,1,2,2,2,23,5,1248,2,5,VAUXHALL CORSA,9,E01022943,0,-1
2021440261795,2021,440261795,2,9,0,18,19,3,7,0,0,0,0,0,0,0,1,1,6,6,1,22,5,1199,1,0,VAUXHALL CORSA,4,E01000518,0,-1
2021371106510,2021,371106510,2,9,0,18,19,5,1,0,0,0,5,0,4,0,4,1,5,6,2,44,7,1398,1,11,VAUXHALL CORSA,5,E01030187,0,-1
2021010315712,2021,010315712,2,9,0,7,7,7,8,0,0,4,0,0,0,0,3,1,2,2,1,24,5,1364,1,14,VAUXHALL CORSA,5,E01023110,0,-1
2021440089389,2021,440089389,2,9,0,3,3,6,2,0,0,8,0,0,0,0,2,1,6,6,1,18,4,1229,1,14,VAUXHALL CORSA,10,E01022588,0,-1
2021421031775,2021,421031775,2,9,0,4,4,6,2,0,0,0,0,0,0,0,1,1,6,6,1,28,6,1229,1,14,VAUXHALL CORSA,8,E01021744,0,-1
2021471042199,2021,471042199,1,9,0,7,7,5,1,0,0,0,0,0,0,0,1,1,6,6,1,66,10,1364,1,13,VAUXHALL CORSA,4,E01031522,0,-1
2021201089481,2021,201089481,1,9,0,18,19,7,3,0,0,1,0,0,0,0,4,1,6,6,1,-1,-1,1199,1,19,VAUXHALL CORSA,-1,-1,0,-1
2021010332659,2021,010332659,2,9,0,6,6,3,3,0,0,1,0,0,0,0,3,1,6,6,1,20,4,1398,1,3,VAUXHALL CORSA,5,E01002399,0,-1
2021320216399,2021,320216399,1,9,0,18,19,8,4,0,0,4,0,0,0,0,1,1,6,6,2,21,5,1229,1,13,VAUXHALL CORSA,10,E01026215,0,-1
202131D029921,2021,31D029921,1,9,0,9,9,7,5,0,0,6,0,0,0,0,1,1,6,6,2,53,8,1398,1,2,VAUXHALL CORSA,8,E01028375,0,-1
2021411078121,2021,411078121,1,9,0,18,19,3,7,0,0,0,5,0,1,0,1,1,2,2,1,21,5,1229,1,9,VAUXHALL CORSA,7,E01023888,0,-1
2021010340686,2021,010340686,2,9,0,99,99,9,9,99,99,9,9,99,9,99,1,9,6,6,3,-1,-1,1199,1,0,VAUXHALL CORSA,-1,-1,0,-1
2021141054116,2021,141054116,1,9,0,18,19,4,7,0,0,2,0,0,0,0,4,1,6,6,1,25,5,999,1,6,VAUXHALL CORSA,1,E01007410,0,-1
2021010333319,2021,010333319,1,9,0,99,99,9,9,99,99,9,9,99,9,99,9,9,6,6,2,50,8,1398,1,3,VAUXHALL CORSA,4,E01023336,0,-1
2021131041308,2021,131041308,2,9,0,1,1,8,4,0,0,8,0,0,0,0,3,1,5,6,2,27,6,1229,1,7,VAUXHALL CORSA,3,E01011027,0,-1
2021411070158,2021,411070158,1,9,0,3,3,3,7,0,0,4,0,0,0,0,2,1,1,1,2,33,6,1248,2,3,VAUXHALL CORSA,5,E01023791,0,-1
202131A066621,2021,31A066621,1,9,0,18,19,3,7,0,0,0,0,0,0,0,1,1,6,6,1,48,8,1199,1,0,VAUXHALL CORSA,-1,-1,0,-1
2021361054351,2021,361054351,2,9,0,2,2,4,4,0,0,8,0,0,0,0,2,1,2,2,1,25,5,1229,1,16,VAUXHALL CORSA,4,E01026679,0,-1
2021552101332,2021,552101332,1,9,0,17,19,7,3,0,0,0,2,0,7,0,1,1,6,6,2,21,5,1248,2,13,VAUXHALL CORSA,2,E01033353,0,-1
2021531125537,2021,531125537,1,9,0,18,19,3,7,0,0,1,1,0,3,10,1,1,5,6,1,18,4,998,1,12,VAUXHALL CORSA,7,E01014893,0,-1
2021302101206,2021,302101206,1,9,0,16,19,6,2,0,0,0,5,10,2,4,4,1,6,6,1,20,4,1229,1,9,VAUXHALL CORSA,7,E01019429,0,-1
2021501079693,2021,501079693,1,9,0,18,19,1,5,0,0,0,1,0,1,11,1,1,5,6,2,18,4,1248,2,12,VAUXHALL CORSA,5,E01015163,0,-1
2021401119812,2021,401119812,1,9,0,16,19,7,3,0,0,0,2,0,7,4,1,1,6,6,1,29,6,1229,1,14,VAUXHALL CORSA,8,E01017425,0,-1
2021141091914,2021,141091914,2,9,0,18,19,7,3,0,0,0,0,0,0,0,1,1,5,6,1,50,8,1229,1,8,VAUXHALL CORSA,2,E01007517,0,-1
2021545512521,2021,545512521,2,9,0,3,3,1,5,0,0,1,0,0,0,0,2,1,6,6,2,21,5,1398,1,2,VAUXHALL CORSA,9,E01032711,0,-1
2021201119653,2021,201119653,1,9,0,7,7,2,4,0,0,6,0,0,0,0,1,1,6,6,2,27,6,1229,1,12,VAUXHALL CORSA,7,E01008949,0,-1
2021421048582,2021,421048582,1,9,0,18,19,8,4,0,0,2,0,0,0,0,4,1,6,6,2,44,7,1199,1,1,VAUXHALL CORSA,1,E01021576,0,-1
2021010334277,2021,010334277,2,9,9,99,99,9,9,99,99,9,9,99,9,99,9,9,6,6,2,34,6,1398,1,5,VAUXHALL CORSA,7,E01032570,0,-1
2021161024950,2021,161024950,2,9,0,5,5,0,8,0,0,0,0,0,0,0,0,1,6,6,3,-1,-1,1229,1,12,VAUXHALL CORSA,-1,-1,0,-1
2021101032638,2021,101032638,2,9,0,3,3,1,5,0,0,0,0,0,0,0,2,1,6,6,2,31,6,1229,1,15,VAUXHALL CORSA,3,E01008187,0,-1
2021421113787,2021,421113787,2,9,0,9,9,7,7,0,0,3,0,0,0,0,1,1,6,6,2,29,6,1229,1,9,VAUXHALL CORSA,7,E01033720,0,-1