collision_index,collision_year,collision_ref_no,vehicle_reference,vehicle_type,towing_and_articulation,vehicle_manoeuvre_historic,vehicle_manoeuvre,vehicle_direction_from,vehicle_direction_to,vehicle_location_restricted_lane_historic,vehicle_location_restricted_lane,junction_location,skidding_and_overturning,hit_object_in_carriageway,vehicle_leaving_carriageway,hit_object_off_carriageway,first_point_of_impact,vehicle_left_hand_drive,journey_purpose_of_driver_historic,journey_purpose_of_driver,sex_of_driver,age_of_driver,age_band_of_driver,engine_capacity_cc,propulsion_code,age_of_vehicle,generic_make_model,driver_imd_decile,lsoa_of_driver,escooter_flag,driver_distance_banding
2021010352205,2021,010352205,1,9,0,7,7,5,7,9,9,3,1,0,0,11,1,2,6,6,1,30,6,1398,1,2,VAUXHALL CORSA,4,E01003529,0,-1
2021170L21311,2021,170L21311,2,9,0,7,7,4,6,0,0,0,1,0,0,0,1,1,2,2,1,23,5,1229,1,5,VAUXHALL CORSA,7,E01012152,0,-1
2021131093631,2021,131093631,1,9,0,18,19,5,1,0,0,0,1,0,1,1,1,1,5,6,2,43,7,1248,2,9,VAUXHALL CORSA,1,E01007507,0,-1
2021430277592,2021,430277592,1,9,0,18,19,6,2,0,0,2,0,0,0,0,4,1,3,7,2,45,7,1229,1,17,VAUXHALL CORSA,6,E01016268,0,-1
2021010347134,2021,010347134,2,9,0,9,9,5,3,0,0,8,0,0,0,0,4,1,6,6,1,-1,-1,1229,1,5,VAUXHALL CORSA,10,E01024144,0,-1
2021320128696,2021,320128696,1,9,0,18,19,7,3,0,0,0,0,0,1,2,1,1,6,6,2,22,5,1398,1,4,VAUXHALL CORSA,10,E01025741,0,-1
2021211084017,2021,211084017,1,9,0,9,9,2,7,0,0,0,0,0,0,0,1,1,6,6,2,20,4,1398,1,2,VAUXHALL CORSA,5,E01014066,0,-1
2021461081409,2021,461081409,2,9,0,18,19,5,1,0,0,1,0,0,0,0,1,1,6,6,2,63,9,1398,1,6,VAUXHALL CORSA,10,E01024272,0,-1
2021101102511,2021,101102511,1,9,0,18,19,4,4,0,0,0,2,0,0,0,0,1,5,6,2,20,4,1398,1,2,VAUXHALL CORSA,7,E01027486,0,-1
202134WNC6371,2021,34WNC6371,2,9,0,18,19,5,1,0,0,8,0,0,0,0,1,1,6,6,2,40,7,-1,3,1,VAUXHALL CORSA,9,E01026998,0,-1
2021520104184,2021,520104184,1,9,0,9,9,6,4,0,0,8,0,0,1,0,3,1,6,6,1,19,4,1229,1,12,VAUXHALL CORSA,5,E01029066,0,-1
2021302100318,2021,302100318,2,9,0,16,19,8,6,0,0,0,0,0,0,0,1,1,6,6,2,28,6,1248,2,6,VAUXHALL CORSA,3,E01019536,0,-1
2021010337787,2021,010337787,5,9,0,2,2,0,0,0,0,0,0,0,0,0,2,1,6,6,3,-1,-1,1229,1,15,VAUXHALL CORSA,-1,-1,0,-1
2021401067637,2021,401067637,1,9,-1,-1,-1,1,5,-1,-1,-1,-1,-1,-1,0,-1,1,6,6,1,18,4,1229,1,7,VAUXHALL CORSA,9,E01017398,0,-1
2021010311364,2021,010311364,2,9,0,9,9,6,4,0,0,8,0,0,0,0,1,1,6,6,2,26,6,1229,1,13,VAUXHALL CORSA,2,E01000315,0,-1
2021401087586,2021,401087586,1,9,0,18,19,2,6,0,0,0,0,0,0,0,2,1,5,6,3,24,5,1229,1,8,VAUXHALL CORSA,2,E01016819,0,-1
2021131122072,2021,131122072,3,9,0,18,19,1,5,0,0,0,0,0,0,0,2,1,2,2,2,24,5,1229,1,8,VAUXHALL CORSA,4,E01011841,0,-1
2021070234717,2021,070234717,3,9,0,18,19,1,5,0,0,8,0,0,0,0,2,1,6,6,2,55,8,1229,1,7,VAUXHALL CORSA,10,E01012477,0,-1
2021991126442,2021,991126442,1,9,0,17,19,8,4,0,0,0,2,0,4,6,3,1,5,6,1,19,4,1248,2,10,VAUXHALL CORSA,1,-1,0,-1
2021010289387,2021,010289387,2,9,0,99,99,9,9,99,99,9,9,99,9,99,9,9,6,6,3,-1,-1,1398,1,3,VAUXHALL CORSA,-1,-1,0,-1
2021041082052,2021,041082052,1,9,0,18,19,5,1,0,0,8,0,0,0,0,1,1,5,6,1,47,8,1199,1,1,VAUXHALL CORSA,3,E01010050,0,-1
2021131124199,2021,131124199,3,9,0,4,4,7,3,0,0,1,0,0,0,0,2,1,6,6,1,26,6,1229,1,11,VAUXHALL CORSA,10,E01027624,0,-1
2021061084115,2021,061084115,1,9,0,9,9,4,5,0,0,8,0,0,0,0,1,1,6,6,3,30,6,973,1,18,VAUXHALL CORSA,-1,-1,0,-1
2021010319666,2021,010319666,1,9,0,99,99,9,9,99,99,0,9,99,9,99,2,9,6,6,1,26,6,1199,1,17,VAUXHALL CORSA,10,E01004104,0,-1
2021421019800,2021,421019800,1,9,0,18,19,3,7,0,0,0,0,0,0,0,3,1,5,6,2,90,11,1364,1,13,VAUXHALL CORSA,-1,-1,0,-1
2021430297884,2021,430297884,1,9,0,18,19,6,2,0,0,0,0,0,0,0,4,1,2,2,1,26,6,1229,1,11,VAUXHALL CORSA,4,E01017903,0,-1
2021061033102,2021,061033102,2,9,0,2,2,0,0,0,0,8,0,0,0,0,2,1,5,6,2,57,9,998,1,11,VAUXHALL CORSA,8,E01006174,0,-1
2021461129890,2021,461129890,1,9,0,9,9,1,7,0,0,4,0,0,7,0,1,1,5,6,2,48,8,998,1,18,VAUXHALL CORSA,2,E01033090,0,-1
2021371115361,2021,371115361,2,9,0,18,19,7,3,0,0,2,0,0,0,0,2,1,5,6,1,21,5,1199,1,1,VAUXHALL CORSA,3,E01030026,0,-1
2021622100798,2021,622100798,1,9,0,4,4,8,4,0,0,0,0,0,0,0,1,1,6,6,1,19,4,1229,1,14,VAUXHALL CORSA,3,W01001211,0,-1
2021522102492,2021,522102492,1,9,0,2,2,0,0,0,0,2,0,0,0,0,4,1,6,6,3,-1,-1,1199,1,18,VAUXHALL CORSA,-1,-1,0,-1
2021411090384,2021,411090384,1,9,0,18,19,7,3,0,0,0,0,0,0,0,4,1,6,6,2,58,9,1229,1,13,VAUXHALL CORSA,4,E01023797,0,-1
2021010304481,2021,010304481,1,19,0,1,1,1,5,9,9,2,0,0,0,0,2,1,6,6,1,18,4,1248,2,9,VAUXHALL CORSA,6,E01000332,0,-1
2021101074678,2021,101074678,1,9,0,9,9,4,8,0,0,0,2,10,1,0,0,1,5,6,2,24,5,1248,2,14,VAUXHALL CORSA,2,E01020647,0,-1
2021061045514,2021,061045514,1,9,0,18,19,6,2,0,0,7,0,0,0,0,1,1,6,6,1,53,8,1229,1,8,VAUXHALL CORSA,1,E01005119,0,-1
2021440341667,2021,440341667,2,9,0,18,19,1,5,0,0,0,0,0,0,0,1,1,6,6,1,21,5,1398,1,5,VAUXHALL CORSA,4,E01017137,0,-1
2021440313452,2021,440313452,1,9,0,3,3,7,3,0,0,2,0,0,0,0,3,1,6,6,2,55,8,1398,1,5,VAUXHALL CORSA,4,E01022916,0,-1
2021221043609,2021,221043609,1,9,0,16,19,8,3,0,0,0,2,0,2,11,1,1,5,6,1,17,4,1364,1,16,VAUXHALL CORSA,4,E01028866,0,-1
2021520106116,2021,520106116,1,9,0,18,19,5,1,0,0,2,0,0,0,0,3,1,6,6,1,19,4,1229,1,6,VAUXHALL CORSA,5,E01029094,0,-1
2021131115833,2021,131115833,2,9,0,18,19,5,1,0,0,0,0,11,0,0,3,1,5,6,2,49,8,1398,1,7,VAUXHALL CORSA,1,E01011433,0,-1
2021440231297,2021,440231297,1,9,0,18,19,7,3,0,0,0,0,0,1,4,1,1,6,6,2,23,5,1248,2,9,VAUXHALL CORSA,5,E01016369,0,-1
2021010299772,2021,010299772,2,9,0,99,99,9,9,99,99,0,9,99,9,99,9,9,6,6,3,-1,-1,1229,1,16,VAUXHALL CORSA,1,E01001846,0,-1
2021421118150,2021,421118150,2,9,0,3,3,5,1,0,0,0,0,0,0,0,2,1,1,1,1,56,9,1199,1,1,VAUXHALL CORSA,3,E01024608,0,-1
2021010307711,2021,010307711,1,9,0,7,7,7,1,0,0,8,0,0,0,0,1,1,6,6,1,36,7,1199,1,1,VAUXHALL CORSA,8,E01028507,0,-1
202134NNC5301,2021,34NNC5301,1,9,0,18,19,5,1,0,0,0,5,10,1,1,4,1,6,6,1,18,4,998,1,8,VAUXHALL CORSA,7,E01013787,0,-1
2021201070482,2021,201070482,2,9,0,4,4,3,7,0,0,1,0,0,0,0,3,1,3,7,2,43,7,1398,1,11,VAUXHALL CORSA,1,E01009390,0,-1
2021111126369,2021,111126369,2,9,0,9,9,3,5,0,0,1,0,0,0,0,1,1,6,6,2,65,9,1398,1,3,VAUXHALL CORSA,2,E01020849,0,-1
202134NNC0271,2021,34NNC0271,3,9,0,18,19,1,5,0,0,8,1,0,0,0,1,1,1,1,2,53,8,-1,-1,-1,VAUXHALL CORSA,-1,-1,0,-1
2021351045946,2021,351045946,1,9,0,4,4,3,7,0,0,4,0,0,0,0,1,1,6,6,1,-1,-1,1248,2,14,VAUXHALL CORSA,5,E01015669,0,-1
2021471022725,2021,471022725,1,9,0,9,9,4,2,0,0,1,0,0,0,0,1,1,1,1,1,29,6,1248,2,15,VAUXHALL CORSA,1,E01020985,0,-1
2021010307992,2021,010307992,1,9,9,99,99,9,9,99,99,8,0,0,0,0,0,1,6,6,1,64,9,1389,1,15,VAUXHALL CORSA,9,E01000775,0,-1
2021131117995,2021,131117995,1,9,0,18,19,3,7,0,0,8,2,7,0,0,1,1,6,6,1,38,7,1248,2,18,VAUXHALL CORSA,2,E01011558,0,-1
2021421095227,2021,421095227,2,9,0,5,5,4,8,0,0,0,0,0,0,0,1,1,6,6,2,17,4,1229,1,13,VAUXHALL CORSA,5,E01021426,0,-1
2021531124545,2021,531124545,2,9,0,18,19,5,1,0,0,0,0,0,0,0,2,1,6,6,2,41,7,1229,1,14,VAUXHALL CORSA,6,E01022341,0,-1
2021471085014,2021,471085014,1,9,0,18,19,3,1,0,0,1,0,0,0,0,1,1,5,6,2,58,9,1398,1,10,VAUXHALL CORSA,9,E01021056,0,-1
2021461030482,2021,461030482,1,9,0,18,19,5,1,0,0,0,0,0,0,0,1,1,2,2,2,63,9,973,1,18,VAUXHALL CORSA,8,E01024845,0,-1
2021041059953,2021,041059953,1,9,0,17,19,2,6,0,0,0,0,0,1,10,1,1,5,6,2,18,4,1398,1,5,VAUXHALL CORSA,8,E01024946,0,-1
2021461059667,2021,461059667,2,9,0,18,19,5,8,0,0,8,0,11,1,3,4,1,5,6,1,18,4,998,1,8,VAUXHALL CORSA,7,E01024794,0,-1
2021010351542,2021,010351542,1,9,0,18,19,3,7,0,0,0,0,0,0,0,1,1,6,6,1,41,7,1398,1,11,VAUXHALL CORSA,2,E01000189,0,-1
2021122200104,2021,122200104,1,9,0,18,19,8,4,0,0,0,0,0,0,0,1,1,2,2,1,24,5,1398,1,9,VAUXHALL CORSA,10,E01013451,0,-1
2021141076405,2021,141076405,1,9,0,17,19,1,5,0,0,0,0,0,7,0,1,1,5,6,1,37,7,1248,2,13,VAUXHALL CORSA,5,E01011772,0,-1
2021010312866,2021,010312866,1,9,0,99,99,9,9,99,99,9,9,99,9,99,1,9,6,6,1,25,5,1229,1,8,VAUXHALL CORSA,3,E01001789,0,-1
2021041095261,2021,041095261,2,9,0,18,19,7,3,0,0,0,0,0,0,0,2,1,5,6,2,66,10,1398,1,9,VAUXHALL CORSA,8,E01025086,0,-1
2021440458579,2021,440458579,1,9,0,18,19,1,5,0,0,1,1,0,0,0,1,1,6,6,1,20,4,1229,1,14,VAUXHALL CORSA,2,E01017155,0,-1
2021351116669,2021,351116669,2,9,0,18,19,1,5,0,0,2,0,0,0,0,4,1,5,6,1,84,11,1364,1,13,VAUXHALL CORSA,6,E01015679,0,-1
2021991100369,2021,991100369,1,9,0,18,19,7,3,0,0,0,0,0,8,11,1,1,2,2,2,22,5,1248,2,11,VAUXHALL CORSA,3,-1,0,-1
2021010299121,2021,010299121,2,9,0,9,9,6,3,0,0,8,0,0,0,0,1,1,6,6,2,24,5,1229,1,7,VAUXHALL CORSA,5,E01003703,0,-1
2021991026598,2021,991026598,1,9,0,9,9,3,1,0,0,1,0,0,0,0,1,1,5,6,1,23,5,998,1,10,VAUXHALL CORSA,6,-1,0,-1
2021031029839,2021,031029839,1,9,0,18,19,5,1,0,0,1,0,0,0,0,1,1,3,7,2,47,8,998,1,10,VAUXHALL CORSA,3,E01019296,0,-1
2021131108026,2021,131108026,1,9,0,18,19,7,7,9,9,0,0,0,0,0,1,1,5,6,1,19,4,998,1,8,VAUXHALL CORSA,2,E01010930,0,-1
2021131120297,2021,131120297,1,9,0,17,19,4,4,0,0,1,0,0,3,0,1,1,5,6,2,18,4,1398,1,9,VAUXHALL CORSA,1,E01010826,0,-1
2021401088804,2021,401088804,1,9,0,5,5,8,4,0,0,0,1,0,0,0,1,1,6,6,3,-1,-1,1398,1,7,VAUXHALL CORSA,-1,-1,0,-1
2021552101357,2021,552101357,2,9,0,3,3,4,8,0,0,8,0,0,0,0,2,1,6,6,1,26,6,1398,1,6,VAUXHALL CORSA,9,E01015325,0,-1
2021141124707,2021,141124707,2,9,0,18,19,2,6,0,0,0,0,0,0,0,3,1,6,6,2,60,9,1364,1,14,VAUXHALL CORSA,6,E01019557,0,-1
2021440474642,2021,440474642,1,9,0,5,5,7,3,0,0,4,0,0,0,0,1,1,6,6,2,23,5,1248,2,10,VAUXHALL CORSA,5,E01017023,0,-1
2021461028423,2021,461028423,1,9,0,18,19,3,7,0,0,0,0,10,1,2,3,1,5,6,2,54,8,998,1,7,VAUXHALL CORSA,5,E01016149,0,-1
2021061028590,2021,061028590,1,9,0,18,19,3,7,0,0,0,0,0,1,10,1,1,6,6,1,18,4,1229,1,14,VAUXHALL CORSA,1,E01004823,0,-1
2021201059531,2021,201059531,1,9,0,18,19,6,2,0,0,1,0,0,0,0,1,1,6,6,2,30,6,1398,1,8,VAUXHALL CORSA,1,E01009339,0,-1
2021471109627,2021,471109627,2,9,0,2,2,0,0,0,0,0,0,0,0,0,1,1,6,6,3,-1,-1,1398,1,5,VAUXHALL CORSA,-1,-1,0,-1
2021010297335,2021,010297335,1,9,0,9,9,5,3,0,0,1,0,0,0,0,1,9,6,6,2,-1,-1,1229,1,11,VAUXHALL CORSA,4,E01004572,0,-1
2021010302730,2021,010302730,1,9,0,99,99,9,9,99,99,9,9,99,9,99,1,9,6,6,3,-1,-1,1398,1,5,VAUXHALL CORSA,2,E01001860,0,-1
2021501066020,2021,501066020,1,9,0,11,11,7,5,0,0,0,0,0,0,0,4,1,6,6,2,39,7,1229,1,7,VAUXHALL CORSA,7,E01020044,0,-1
2021010288932,2021,010288932,2,9,0,99,99,9,9,99,99,9,9,99,9,99,9,9,6,6,2,22,5,998,1,8,VAUXHALL CORSA,5,E01001291,0,-1
2021461035380,2021,461035380,1,9,0,5,5,1,5,0,0,0,0,0,0,0,4,1,6,6,1,82,11,1398,1,2,VAUXHALL CORSA,3,E01024688,0,-1
2021430488576,2021,430488576,2,9,0,7,7,4,6,0,0,2,0,0,0,0,3,1,6,6,1,18,4,1398,1,5,VAUXHALL CORSA,3,E01016738,0,-1
2021411095191,2021,411095191,1,9,0,18,19,5,1,0,0,1,0,0,0,0,2,1,5,6,1,57,9,1248,2,8,VAUXHALL CORSA,5,E01023769,0,-1
2021991021283,2021,991021283,1,9,0,18,19,6,2,0,0,0,2,0,1,0,0,1,5,6,2,49,8,1229,1,14,VAUXHALL CORSA,3,-1,0,-1
2021430039109,2021,430039109,3,9,0,2,2,0,0,0,0,0,0,0,0,0,3,1,6,6,3,-1,-1,1229,1,15,VAUXHALL CORSA,-1,-1,0,-1
2021622100551,2021,622100551,4,9,0,2,2,0,0,0,0,0,0,0,0,0,1,1,6,6,3,-1,-1,1229,1,15,VAUXHALL CORSA,-1,-1,0,-1
2021061087362,2021,061087362,1,9,0,4,4,3,7,0,0,0,0,0,0,0,2,1,6,6,2,51,8,1364,1,13,VAUXHALL CORSA,6,E01004936,0,-1
2021131070297,2021,131070297,2,9,0,18,19,1,5,0,0,0,0,0,0,0,4,1,2,2,1,50,8,-1,-1,-1,VAUXHALL CORSA,9,E01010875,0,-1
2021161122377,2021,161122377,2,9,0,18,19,2,6,0,0,1,0,0,0,0,2,1,6,6,1,18,4,1398,1,10,VAUXHALL CORSA,5,E01013249,0,-1
2021421127550,2021,421127550,1,9,0,5,5,4,3,0,0,2,0,0,0,0,3,1,2,2,1,28,6,1229,1,15,VAUXHALL CORSA,-1,-1,0,-1
2021991140019,2021,991140019,1,9,0,17,19,7,4,9,9,0,0,0,1,0,1,1,6,6,1,47,8,1398,1,6,VAUXHALL CORSA,5,-1,0,-1
2021041041146,2021,041041146,1,9,0,18,19,5,1,0,0,0,0,0,0,0,1,1,2,2,2,29,6,1364,1,12,VAUXHALL CORSA,4,E01005012,0,-1
2021401111162,2021,401111162,1,9,0,4,4,1,5,0,0,0,0,0,0,0,0,1,1,1,1,28,6,1248,2,4,VAUXHALL CORSA,2,E01017618,0,-1
2021041030845,2021,041030845,1,9,0,1,1,1,5,0,0,6,0,0,0,0,2,1,6,6,3,-1,-1,1229,1,15,VAUXHALL CORSA,-1,-1,0,-1
2021211073939,2021,211073939,1,9,-1,-1,-1,-1,-1,-1,-1,0,-1,-1,-1,0,-1,1,6,6,2,18,4,1398,1,3,VAUXHALL CORSA,10,E01029741,0,-1
2021052100108,2021,052100108,1,9,0,18,19,5,1,0,0,0,5,0,0,0,4,1,6,6,2,78,11,1229,1,6,VAUXHALL CORSA,1,E01006548,0,-1
2021440110346,2021,440110346,1,9,0,18,19,7,3,0,0,0,5,4,1,10,1,1,1,1,2,31,6,1364,1,16,VAUXHALL CORSA,4,E01022953,0,-1
2021131086339,2021,131086339,3,9,0,2,2,0,0,9,9,0,0,0,0,0,2,1,6,6,3,-1,-1,1229,1,15,VAUXHALL CORSA,-1,-1,0,-1
2021371026266,2021,371026266,2,9,0,18,19,2,7,0,0,8,0,0,0,0,4,1,5,6,1,21,5,998,1,9,VAUXHALL CORSA,5,E01030001,0,-1
2021361086011,2021,361086011,2,9,0,4,4,5,1,0,0,0,0,0,0,0,2,1,1,1,1,59,9,-1,-1,-1,VAUXHALL CORSA,-1,-1,0,-1
2021221118208,2021,221118208,1,9,0,17,19,1,6,0,0,0,0,6,0,0,4,1,5,6,1,20,4,1364,1,13,VAUXHALL CORSA,1,E01008932,0,-1
2021211100579,2021,211100579,1,9,0,18,19,2,6,0,0,8,0,0,0,0,4,1,1,1,2,50,8,1364,1,12,VAUXHALL CORSA,8,E01009911,0,-1
2021052100297,2021,052100297,1,9,0,18,19,5,1,0,0,0,0,4,0,0,1,1,6,6,2,19,4,1398,1,3,VAUXHALL CORSA,1,E01007162,0,-1
2021320241278,2021,320241278,1,9,0,18,19,8,4,0,0,1,5,11,0,10,4,1,6,6,2,31,6,1364,1,3,VAUXHALL CORSA,2,E01026101,0,-1
2021061099192,2021,061099192,1,9,0,18,19,3,8,0,0,1,1,10,2,7,1,1,6,6,1,54,8,1248,2,8,VAUXHALL CORSA,2,E01007871,0,-1
2021101104564,2021,101104564,1,9,0,18,19,4,8,0,0,0,5,0,0,0,1,1,5,6,2,23,5,1229,1,10,VAUXHALL CORSA,5,E01008359,0,-1
2021041025773,2021,041025773,1,9,0,9,9,6,4,0,0,8,0,0,0,0,1,1,5,6,1,22,5,1229,1,10,VAUXHALL CORSA,1,E01025250,0,-1
2021531070313,2021,531070313,1,9,0,17,19,3,7,0,0,2,0,0,0,0,1,1,5,6,2,20,4,998,1,12,VAUXHALL CORSA,4,E01022310,0,-1
2021010327024,2021,010327024,1,9,0,99,99,9,9,99,99,9,9,99,9,99,9,9,6,6,1,23,5,1398,1,5,VAUXHALL CORSA,5,E01004483,0,-1
2021351085683,2021,351085683,1,9,0,17,19,2,7,0,0,0,2,0,1,0,1,1,2,2,2,18,4,998,1,11,VAUXHALL CORSA,6,E01018208,0,-1
2021461111102,2021,461111102,1,9,0,18,19,3,7,0,0,0,0,0,0,0,3,1,6,6,1,78,11,1398,1,5,VAUXHALL CORSA,9,E01024160,0,-1
2021052101529,2021,052101529,2,9,0,18,19,4,8,0,0,0,0,0,0,0,4,1,6,6,3,-1,-1,1398,1,3,VAUXHALL CORSA,-1,-1,0,-1
202131D137621,2021,31D137621,1,9,0,9,9,2,8,0,0,5,0,0,0,0,4,1,6,6,1,24,5,1229,1,9,VAUXHALL CORSA,6,E01028205,0,-1
2021131069119,2021,131069119,1,9,0,18,19,6,6,0,0,0,5,0,0,0,1,1,5,6,2,27,6,1229,1,16,VAUXHALL CORSA,2,E01011359,0,-1
2021461127469,2021,461127469,1,9,0,5,5,1,7,0,0,6,0,0,0,0,1,1,6,6,2,-1,-1,1199,1,19,VAUXHALL CORSA,4,E01024200,0,-1
2021401017890,2021,401017890,2,9,0,9,9,7,4,0,0,8,0,0,0,0,1,1,5,6,2,36,7,1229,1,12,VAUXHALL CORSA,2,E01017618,0,-1
2021320692565,2021,320692565,1,9,0,16,19,6,2,0,0,0,1,0,7,3,1,1,6,6,2,21,5,1229,1,14,VAUXHALL CORSA,9,E01026203,0,-1
2021141099466,2021,141099466,1,9,0,18,19,1,5,0,0,0,0,0,0,0,1,1,2,2,2,37,7,1248,2,5,VAUXHALL CORSA,5,E01007478,0,-1
2021122101357,2021,122101357,1,9,0,18,19,1,5,0,0,4,0,0,0,0,4,1,6,6,2,31,6,1398,1,5,VAUXHALL CORSA,9,E01013407,0,-1
2021421024905,2021,421024905,3,9,0,3,3,5,1,0,0,8,0,0,0,0,2,1,5,6,2,54,8,1199,1,1,VAUXHALL CORSA,5,E01001525,0,-1
2021201125762,2021,201125762,1,9,0,17,19,6,4,0,0,0,5,10,1,10,1,1,6,6,2,22,5,1229,1,10,VAUXHALL CORSA,2,E01009508,0,-1
2021221030820,2021,221030820,2,9,0,4,4,6,2,0,0,0,0,0,0,0,2,1,5,6,2,28,6,1398,1,2,VAUXHALL CORSA,6,E01014089,0,-1
2021461042570,2021,461042570,1,9,0,18,19,1,5,0,0,0,1,0,7,0,3,1,5,6,2,18,4,998,1,13,VAUXHALL CORSA,10,E01032809,0,-1
2021320350094,2021,320350094,1,9,0,18,19,4,8,0,0,0,0,0,0,0,3,1,6,6,2,25,5,999,1,6,VAUXHALL CORSA,2,E01026094,0,-1
202163D043321,2021,63D043321,1,9,0,16,19,2,6,0,0,8,0,0,0,0,1,1,1,1,1,25,5,1229,1,10,VAUXHALL CORSA,6,W01000433,0,-1
2021010313246,2021,010313246,2,9,0,99,99,9,9,99,99,9,9,99,9,99,1,9,6,6,3,34,6,1229,1,10,VAUXHALL CORSA,4,E01004221,0,-1
2021010289890,2021,010289890,1,9,0,15,15,3,7,0,0,0,0,0,0,0,1,1,6,6,2,21,5,1199,1,1,VAUXHALL CORSA,6,E01003429,0,-1
2021451126750,2021,451126750,2,9,0,6,6,1,3,0,0,1,0,0,0,0,3,1,6,6,1,17,4,-1,-1,-1,VAUXHALL CORSA,6,E01031676,0,-1
2021421026224,2021,421026224,1,9,0,17,19,3,7,0,0,0,1,0,1,3,1,1,5,6,2,20,4,1248,2,13,VAUXHALL CORSA,5,E01022014,0,-1
2021010306988,2021,010306988,2,9,0,99,99,9,9,99,99,0,9,99,9,99,9,9,6,6,3,20,4,1229,1,13,VAUXHALL CORSA,2,E01003237,0,-1
2021141067623,2021,141067623,1,9,0,18,19,3,7,0,0,0,0,4,0,0,1,1,5,6,2,73,10,1199,1,18,VAUXHALL CORSA,8,E01007379,0,-1
2021501061343,2021,501061343,2,9,0,17,19,8,4,0,0,0,0,0,0,0,1,1,5,6,2,24,5,1398,1,5,VAUXHALL CORSA,6,E01019959,0,-1
2021141092795,2021,141092795,4,9,0,2,2,0,0,0,0,0,0,4,0,0,1,1,6,6,3,-1,-1,1248,2,8,VAUXHALL CORSA,-1,-1,0,-1
2021101014084,2021,101014084,1,9,0,9,9,5,1,0,0,8,0,0,0,0,1,1,5,6,1,22,5,1398,1,6,VAUXHALL CORSA,3,E01008168,0,-1
2021201066419,2021,201066419,1,9,0,7,7,6,8,0,0,5,0,0,0,0,4,1,6,6,1,30,6,1364,1,6,VAUXHALL CORSA,1,E01009993,0,-1
2021440087185,2021,440087185,1,9,0,18,19,5,1,0,0,0,0,0,0,0,1,1,6,6,1,23,5,1229,1,10,VAUXHALL CORSA,6,E01013072,0,-1
2021070069421,2021,070069421,2,9,0,18,19,4,8,0,0,0,0,0,0,0,1,1,6,6,1,19,4,1398,1,11,VAUXHALL CORSA,10,E01018505,0,-1
2021161058117,2021,161058117,2,9,0,4,4,1,5,0,0,1,0,0,0,0,1,1,6,6,1,28,6,1199,1,1,VAUXHALL CORSA,2,E01013281,0,-1
2021440295146,2021,440295146,1,9,0,9,9,1,1,0,0,0,0,0,1,4,1,1,6,6,2,21,5,1229,1,13,VAUXHALL CORSA,10,E01022659,0,-1
2021010334406,2021,010334406,1,9,0,9,9,7,4,0,0,2,0,0,0,0,1,1,6,6,1,24,5,1229,1,12,VAUXHALL CORSA,8,E01004293,0,-1
2021141049826,2021,141049826,1,9,0,2,2,0,0,0,0,8,0,0,0,0,3,1,6,6,3,-1,-1,1248,2,11,VAUXHALL CORSA,-1,-1,0,-1
2021451106473,2021,451106473,2,9,0,18,19,1,1,0,0,0,0,0,0,0,2,1,2,2,1,36,7,998,1,9,VAUXHALL CORSA,9,E01030488,0,-1
2021461049517,2021,461049517,4,9,0,2,2,0,0,0,0,0,0,0,0,0,3,1,5,6,2,-1,-1,998,1,10,VAUXHALL CORSA,7,E01024707,0,-1
2021010342262,2021,010342262,7,9,0,99,99,9,9,0,0,0,9,99,9,99,1,9,6,6,3,-1,-1,1398,1,7,VAUXHALL CORSA,-1,-1,0,-1
2021201061072,2021,201061072,1,9,0,18,19,7,3,0,0,8,0,0,0,0,4,1,6,6,2,36,7,1398,1,5,VAUXHALL CORSA,1,E01009541,0,-1
2021041116374,2021,041116374,2,9,0,9,9,2,8,0,0,5,0,0,0,0,1,1,5,6,1,41,7,1229,1,13,VAUXHALL CORSA,1,E01024877,0,-1
2021411081146,2021,411081146,2,9,0,18,19,8,4,0,0,1,0,0,0,0,1,1,5,6,2,19,4,1229,1,12,VAUXHALL CORSA,6,E01023494,0,-1
2021010341565,2021,010341565,2,9,0,99,99,9,9,99,99,9,9,99,9,99,1,9,6,6,3,-1,-1,1229,1,13,VAUXHALL CORSA,-1,-1,0,-1
2021622100272,2021,622100272,1,9,0,18,19,1,5,0,0,0,0,4,0,0,1,1,6,6,2,23,5,1229,1,13,VAUXHALL CORSA,1,W01000992,0,-1
2021501135734,2021,501135734,1,9,0,16,19,4,8,0,0,0,5,0,0,0,1,1,5,6,2,76,11,1398,1,4,VAUXHALL CORSA,10,E01019943,0,-1
2021522102738,2021,522102738,1,9,0,18,19,7,3,0,0,0,0,0,1,0,3,1,6,6,2,48,8,1229,1,8,VAUXHALL CORSA,7,E01015010,0,-1
2021302101379,2021,302101379,1,9,0,4,4,4,8,0,0,0,0,0,0,0,2,1,6,6,1,18,4,1364,1,6,VAUXHALL CORSA,5,E01019428,0,-1
2021052100380,2021,052100380,1,9,0,18,19,6,2,0,0,1,0,0,0,0,1,1,6,6,1,27,6,1248,2,7,VAUXHALL CORSA,1,E01006504,0,-1
2021201031952,2021,201031952,1,9,0,18,19,4,8,0,0,0,0,0,0,0,1,1,6,6,1,21,5,1199,1,1,VAUXHALL CORSA,4,E01010100,0,-1