collision_index,collision_year,collision_ref_no,vehicle_reference,vehicle_type,towing_and_articulation,vehicle_manoeuvre_historic,vehicle_manoeuvre,vehicle_direction_from,vehicle_direction_to,vehicle_location_restricted_lane_historic,vehicle_location_restricted_lane,junction_location,skidding_and_overturning,hit_object_in_carriageway,vehicle_leaving_carriageway,hit_object_off_carriageway,first_point_of_impact,vehicle_left_hand_drive,journey_purpose_of_driver_historic,journey_purpose_of_driver,sex_of_driver,age_of_driver,age_band_of_driver,engine_capacity_cc,propulsion_code,age_of_vehicle,generic_make_model,driver_imd_decile,lsoa_of_driver,escooter_flag,driver_distance_banding
2021131057711,2021,131057711,2,9,0,18,19,3,7,0,0,0,0,0,0,0,3,1,5,6,1,27,6,1229,1,7,VAUXHALL CORSA,1,E01010830,0,-1
2021131118795,2021,131118795,2,9,0,18,19,6,2,0,0,0,1,7,7,0,4,1,2,2,1,29,6,1398,1,5,VAUXHALL CORSA,9,E01010875,0,-1
2021411130199,2021,411130199,1,9,0,5,5,1,5,0,0,4,0,0,0,0,1,1,6,6,2,-1,-1,998,1,9,VAUXHALL CORSA,7,E01023344,0,-1
2021522103345,2021,522103345,1,9,0,5,5,1,5,0,0,8,0,0,0,0,3,1,6,6,2,48,8,1398,1,5,VAUXHALL CORSA,7,E01014402,0,-1
2021010338265,2021,010338265,2,9,0,99,99,9,9,99,99,9,9,99,9,99,9,9,6,6,3,-1,-1,1248,2,15,VAUXHALL CORSA,-1,-1,0,-1
2021101043616,2021,101043616,1,9,0,16,19,5,1,0,0,0,1,0,7,0,2,1,6,6,2,24,5,1229,1,8,VAUXHALL CORSA,4,E01033205,0,-1
2021320308737,2021,320308737,2,9,0,18,19,6,2,0,0,8,0,0,0,0,4,1,6,6,2,87,11,1398,1,9,VAUXHALL CORSA,7,E01026218,0,-1
2021430575373,2021,430575373,1,9,0,9,9,4,2,0,0,8,0,0,0,0,2,1,6,6,2,24,5,1229,1,13,VAUXHALL CORSA,5,E01016479,0,-1
2021010300518,2021,010300518,2,9,0,5,5,6,2,0,0,1,0,0,0,0,1,1,6,6,1,26,6,1364,1,13,VAUXHALL CORSA,5,E01003413,0,-1
2021451036604,2021,451036604,1,9,0,9,9,3,5,0,0,1,0,0,0,0,1,1,1,1,2,45,7,1398,1,2,VAUXHALL CORSA,9,E01001025,0,-1
2021010298251,2021,010298251,3,9,0,16,19,1,5,0,0,4,0,0,0,0,1,2,1,1,1,27,6,1248,2,8,VAUXHALL CORSA,2,E01001219,0,-1
2021061110637,2021,061110637,2,9,0,7,7,5,6,0,0,8,0,0,0,0,1,1,6,6,2,20,4,1229,1,6,VAUXHALL CORSA,-1,-1,0,-1
2021371120976,2021,371120976,2,9,0,3,3,6,2,0,0,0,0,0,0,0,2,1,5,6,2,35,6,1364,1,14,VAUXHALL CORSA,4,E01030236,0,-1
2021061119594,2021,061119594,2,9,-1,-1,-1,-1,-1,-1,-1,-1,-1,-1,-1,0,-1,1,6,6,2,45,7,1229,1,15,VAUXHALL CORSA,1,E01005381,0,-1
2021411106066,2021,411106066,2,9,0,9,9,3,7,0,0,1,0,0,0,0,1,1,1,1,1,34,6,1598,1,11,VAUXHALL CORSA,10,E01023379,0,-1
2021501113540,2021,501113540,1,9,-1,18,19,7,3,0,0,0,0,0,0,0,3,1,5,6,1,84,11,-1,3,0,VAUXHALL CORSA,4,E01018988,0,-1
2021031044020,2021,031044020,1,9,0,18,19,5,1,0,0,2,0,0,0,0,1,1,2,2,2,31,6,1229,1,9,VAUXHALL CORSA,4,E01019257,0,-1
2021061078629,2021,061078629,2,9,0,18,19,8,4,0,0,8,0,0,0,0,3,1,6,6,1,50,8,973,1,20,VAUXHALL CORSA,2,E01005915,0,-1
2021430105136,2021,430105136,1,9,0,18,19,8,4,0,0,0,0,0,0,0,1,1,6,6,2,38,7,1364,1,13,VAUXHALL CORSA,4,E01016359,0,-1
2021201041566,2021,201041566,3,9,0,18,19,4,8,0,0,0,0,0,0,0,3,1,2,2,1,65,9,1364,1,12,VAUXHALL CORSA,1,E01033642,0,-1
2021461066122,2021,461066122,2,9,0,18,19,5,1,0,0,0,0,0,0,0,1,1,6,6,2,29,6,1398,1,4,VAUXHALL CORSA,-1,-1,0,-1
2021010320385,2021,010320385,1,9,0,11,11,2,6,0,0,2,0,0,0,0,0,1,2,2,1,26,6,1398,1,5,VAUXHALL CORSA,2,E01033491,0,-1
2021231105130,2021,231105130,1,9,0,9,9,1,7,0,0,5,0,0,0,0,1,1,1,1,1,40,7,1229,1,11,VAUXHALL CORSA,2,E01009573,0,-1
2021991089318,2021,991089318,1,9,0,18,19,8,4,0,0,0,5,4,0,0,1,1,6,6,1,39,7,998,1,10,VAUXHALL CORSA,1,-1,0,-1
2021141109301,2021,141109301,3,9,0,2,2,0,0,0,0,1,0,0,0,0,2,1,6,6,3,-1,-1,1248,2,12,VAUXHALL CORSA,-1,-1,0,-1
2021010323975,2021,010323975,1,9,0,99,99,9,9,99,99,0,9,99,9,99,2,9,6,6,3,27,6,1398,1,7,VAUXHALL CORSA,2,E01004755,0,-1
2021501108119,2021,501108119,2,9,0,10,10,3,7,0,0,1,0,0,0,0,2,1,2,2,1,34,6,-1,3,0,VAUXHALL CORSA,4,E01020322,0,-1
2021201121744,2021,201121744,1,9,0,18,19,6,2,0,0,4,0,0,0,0,1,1,6,6,2,23,5,1248,2,11,VAUXHALL CORSA,3,E01009587,0,-1
2021170M10641,2021,170M10641,1,9,0,9,9,1,7,0,0,8,0,0,0,0,1,1,6,6,1,42,7,1248,2,12,VAUXHALL CORSA,1,E01012093,0,-1
2021361116123,2021,361116123,1,9,0,16,19,7,3,0,0,0,0,0,1,0,4,1,5,6,2,28,6,1362,1,7,VAUXHALL CORSA,5,E01026738,0,-1
2021520103726,2021,520103726,2,9,0,5,5,6,2,0,0,0,0,0,0,0,1,1,6,6,1,38,7,1364,1,14,VAUXHALL CORSA,9,E01029076,0,-1
2021010302454,2021,010302454,2,9,0,99,99,9,9,99,99,9,9,99,9,99,9,9,6,6,3,18,4,1248,2,13,VAUXHALL CORSA,5,E01002977,0,-1
2021010297892,2021,010297892,1,9,9,99,99,9,9,99,99,9,9,99,9,99,2,9,6,6,1,30,6,1398,1,5,VAUXHALL CORSA,5,E01000284,0,-1
2021421108023,2021,421108023,3,9,0,4,4,6,8,0,0,1,0,0,0,0,1,1,5,6,1,28,6,1398,1,5,VAUXHALL CORSA,8,E01021795,0,-1
2021010330436,2021,010330436,2,9,0,4,4,7,3,0,0,0,0,0,0,0,2,1,6,6,1,21,5,1248,2,10,VAUXHALL CORSA,2,E01001136,0,-1
2021122100650,2021,122100650,2,9,0,5,5,1,5,0,0,4,0,0,0,0,1,1,6,6,2,19,4,999,1,6,VAUXHALL CORSA,9,E01027885,0,-1
2021302100627,2021,302100627,1,9,0,17,19,8,4,0,0,0,1,0,2,11,4,1,6,6,1,17,4,1199,1,18,VAUXHALL CORSA,2,E01019761,0,-1
2021371043666,2021,371043666,1,9,0,6,6,1,4,0,0,2,0,0,0,0,3,1,5,6,1,38,7,-1,-1,-1,VAUXHALL CORSA,5,E01021664,0,-1
2021461070911,2021,461070911,2,9,0,18,19,1,5,0,0,1,0,0,0,0,1,1,6,6,2,24,5,1398,1,4,VAUXHALL CORSA,7,E01024361,0,-1
2021041075654,2021,041075654,1,9,0,18,19,5,1,0,0,4,0,0,0,0,1,1,2,2,1,62,9,1364,1,3,VAUXHALL CORSA,6,E01025383,0,-1
2021061039587,2021,061039587,2,9,0,18,19,8,4,0,0,0,0,0,0,0,1,1,5,6,1,31,6,1229,1,8,VAUXHALL CORSA,2,E01005030,0,-1
2021522104031,2021,522104031,1,9,0,13,13,7,3,0,0,8,0,0,0,0,1,1,6,6,1,27,6,1229,1,11,VAUXHALL CORSA,7,E01014916,0,-1
2021501093294,2021,501093294,2,9,0,4,4,1,5,0,0,0,0,0,0,0,1,1,5,6,2,29,6,1248,2,9,VAUXHALL CORSA,-1,-1,0,-1
2021010347689,2021,010347689,1,9,0,9,9,1,7,0,0,8,0,0,0,0,1,1,4,7,1,18,4,1199,1,1,VAUXHALL CORSA,2,E01004224,0,-1
202131D195421,2021,31D195421,2,9,0,18,19,8,4,0,0,8,0,0,0,0,1,1,6,6,1,-1,-1,1398,1,3,VAUXHALL CORSA,-1,-1,0,-1
202154B477121,2021,54B477121,1,9,0,18,19,5,1,0,0,1,0,0,0,0,4,1,6,6,2,77,11,1229,1,9,VAUXHALL CORSA,5,E01015529,0,-1
2021201095202,2021,201095202,3,9,0,18,19,7,3,0,0,2,0,0,0,0,1,1,6,6,2,33,6,1398,1,8,VAUXHALL CORSA,4,E01010120,0,-1
2021411117040,2021,411117040,1,9,0,16,19,5,1,0,0,0,0,0,2,10,4,1,6,6,1,26,6,1195,1,24,VAUXHALL CORSA,9,E01023493,0,-1
2021622100288,2021,622100288,1,9,0,18,19,4,8,0,0,6,1,10,2,7,4,1,6,6,1,25,5,1229,1,16,VAUXHALL CORSA,5,W01000887,0,-1
2021061050489,2021,061050489,1,9,0,7,7,7,3,0,0,0,0,0,2,0,1,1,5,6,2,22,5,1364,1,12,VAUXHALL CORSA,1,E01004797,0,-1
2021411040201,2021,411040201,2,9,0,18,19,4,8,0,0,8,0,0,0,0,3,1,1,1,2,36,7,1398,1,2,VAUXHALL CORSA,8,E01023415,0,-1
2021430162684,2021,430162684,1,9,0,16,19,3,5,0,0,0,1,7,7,7,1,1,6,6,1,34,6,1199,1,17,VAUXHALL CORSA,2,E01028454,0,-1
2021141046096,2021,141046096,1,9,0,5,5,0,3,0,0,0,0,0,0,0,3,1,6,6,3,-1,-1,1199,1,1,VAUXHALL CORSA,-1,-1,0,-1
2021411110605,2021,411110605,3,19,0,12,12,2,5,0,0,0,0,0,0,0,2,1,6,6,1,35,6,1248,2,12,-1,7,E01024378,0,-1
2021131121752,2021,131121752,1,9,0,18,19,1,5,0,0,0,0,0,0,0,3,1,2,2,2,21,5,1229,1,6,VAUXHALL CORSA,7,E01011646,0,-1
2021991069537,2021,991069537,2,9,0,18,19,4,8,0,0,8,0,0,0,0,4,1,6,6,2,19,4,1398,1,4,VAUXHALL CORSA,2,-1,0,-1
2021052100156,2021,052100156,6,9,0,18,19,2,5,0,0,0,0,0,0,0,1,1,6,6,2,21,5,1398,1,5,VAUXHALL CORSA,1,E01007155,0,-1
2021221062901,2021,221062901,1,9,0,18,19,3,7,0,0,0,0,0,0,0,1,1,5,6,2,67,10,1398,1,7,VAUXHALL CORSA,5,E01028990,0,-1
2021520103882,2021,520103882,2,9,0,18,19,7,3,0,0,4,0,0,0,0,3,1,6,6,2,76,11,1398,1,6,VAUXHALL CORSA,7,E01032025,0,-1
2021010341760,2021,010341760,2,9,0,99,99,9,9,99,99,9,9,99,9,99,1,9,6,6,3,-1,-1,1229,1,8,VAUXHALL CORSA,2,E01001006,0,-1
202131D022421,2021,31D022421,1,9,0,18,19,2,6,0,0,0,2,0,5,6,3,1,6,6,2,22,5,1398,1,10,VAUXHALL CORSA,3,E01004355,0,-1
2021221060617,2021,221060617,2,9,0,9,9,2,8,0,0,3,0,0,0,0,1,1,2,2,2,55,8,1398,1,9,VAUXHALL CORSA,3,E01014156,0,-1
2021201149493,2021,201149493,1,9,0,4,4,8,4,0,0,1,0,0,0,0,1,1,5,6,1,81,11,1398,1,2,VAUXHALL CORSA,2,E01008958,0,-1
2021010295290,2021,010295290,1,9,0,9,9,3,1,0,0,1,0,0,0,0,1,1,6,6,1,31,6,1398,1,4,VAUXHALL CORSA,5,E01004057,0,-1
2021991115156,2021,991115156,3,9,0,3,3,5,3,0,0,1,0,0,0,0,3,1,6,6,1,54,8,1229,1,9,VAUXHALL CORSA,1,-1,0,-1
2021131098624,2021,131098624,2,9,0,18,19,1,1,0,0,0,0,0,0,0,2,2,6,6,2,27,6,1229,1,16,VAUXHALL CORSA,2,E01033031,0,-1
2021610051621,2021,610051621,1,9,0,9,9,7,4,0,0,8,0,0,0,0,1,1,6,6,2,26,6,1229,1,13,VAUXHALL CORSA,3,W01001875,0,-1
2021141022272,2021,141022272,1,9,0,9,9,6,4,0,0,0,0,0,0,0,1,1,6,6,2,49,8,1248,2,13,VAUXHALL CORSA,4,E01008031,0,-1
2021320441854,2021,320441854,2,9,0,18,19,2,8,0,0,1,0,0,0,0,0,1,6,6,1,38,7,1199,1,20,VAUXHALL CORSA,3,E01026116,0,-1
2021061096255,2021,061096255,2,9,0,9,9,2,6,0,0,8,0,0,0,0,3,1,5,6,2,19,4,1398,1,6,VAUXHALL CORSA,3,E01005034,0,-1
2021101099133,2021,101099133,1,9,0,9,9,1,6,0,0,8,0,0,0,0,1,1,6,6,1,20,4,1229,1,9,VAUXHALL CORSA,3,E01008561,0,-1
2021430277435,2021,430277435,1,9,0,18,19,5,1,0,0,1,0,0,0,0,1,1,6,6,1,32,6,1199,1,0,VAUXHALL CORSA,-1,-1,0,-1
2021010348139,2021,010348139,1,9,0,99,99,9,9,99,99,0,9,99,9,99,2,9,2,2,1,22,5,1248,2,6,VAUXHALL CORSA,6,E01001494,0,-1
202163D105821,2021,63D105821,1,9,0,18,19,4,8,0,0,0,5,0,7,10,3,1,6,6,1,30,6,1364,1,5,VAUXHALL CORSA,6,W01000433,0,-1
2021461061245,2021,461061245,2,9,0,4,4,7,3,0,0,1,0,0,0,0,2,1,1,1,2,-1,-1,1389,1,23,VAUXHALL CORSA,6,E01024452,0,-1
2021010319883,2021,010319883,2,9,0,99,99,9,9,99,99,9,9,99,9,99,1,9,6,6,1,25,5,1229,1,14,VAUXHALL CORSA,4,E01002055,0,-1
2021061079573,2021,061079573,1,9,0,18,19,1,4,0,0,4,0,0,0,0,1,1,5,6,1,82,11,1229,1,14,VAUXHALL CORSA,10,E01005410,0,-1
2021161058657,2021,161058657,2,9,0,9,9,3,7,0,0,8,0,0,0,0,3,1,5,6,2,30,6,1229,1,15,VAUXHALL CORSA,1,E01012838,0,-1
2021401113333,2021,401113333,1,9,0,18,19,3,7,0,0,2,0,0,1,0,3,1,6,6,2,74,10,1398,1,3,VAUXHALL CORSA,3,E01017596,0,-1
2021451115621,2021,451115621,1,9,0,18,19,1,5,0,0,0,0,0,0,0,1,1,5,6,1,81,11,1199,1,1,VAUXHALL CORSA,6,E01030721,0,-1
2021991064196,2021,991064196,1,9,0,18,19,7,3,0,0,1,0,0,0,0,1,1,6,6,1,34,6,1364,1,3,VAUXHALL CORSA,4,-1,0,-1
2021010287615,2021,010287615,1,9,0,18,19,7,3,0,0,1,0,10,1,0,1,1,2,2,2,43,7,1398,1,9,VAUXHALL CORSA,2,E01000374,0,-1
2021461058688,2021,461058688,1,9,0,5,5,7,3,0,0,6,0,0,0,0,4,1,5,6,2,21,5,1398,1,11,VAUXHALL CORSA,6,E01024260,0,-1
2021141101906,2021,141101906,1,9,0,18,19,3,6,0,0,2,0,0,0,0,4,1,6,6,2,27,6,1229,1,6,VAUXHALL CORSA,2,E01007847,0,-1
2021522200560,2021,522200560,1,9,0,18,19,6,2,0,0,0,0,0,0,0,2,1,6,6,2,57,9,999,1,7,VAUXHALL CORSA,7,E01015004,0,-1
2021101112948,2021,101112948,1,9,0,13,13,7,3,0,0,0,0,0,0,0,2,1,1,1,1,24,5,1199,1,1,VAUXHALL CORSA,4,E01008767,0,-1
2021501015866,2021,501015866,1,9,0,18,19,3,7,0,0,0,1,0,0,0,1,1,6,6,1,-1,-1,1199,1,21,VAUXHALL CORSA,-1,-1,0,-1
2021201132955,2021,201132955,2,9,0,18,19,8,4,0,0,8,0,0,0,0,1,1,6,6,1,-1,-1,1364,1,13,VAUXHALL CORSA,6,E01009278,0,-1
2021451022213,2021,451022213,1,9,0,7,7,2,5,0,0,6,0,0,1,11,3,1,2,2,2,27,6,1364,1,13,VAUXHALL CORSA,9,E01030844,0,-1
2021411018499,2021,411018499,1,9,0,9,9,3,8,0,0,6,0,0,0,0,3,1,2,2,2,53,8,1248,2,6,VAUXHALL CORSA,8,E01033026,0,-1
2021221029225,2021,221029225,4,9,0,2,2,0,0,0,0,0,0,0,0,0,2,1,6,6,3,-1,-1,1398,1,8,VAUXHALL CORSA,-1,-1,0,-1
2021010297450,2021,010297450,2,9,0,18,19,3,7,0,0,6,0,0,0,0,1,1,2,2,2,25,5,1398,1,11,VAUXHALL CORSA,2,E01000941,0,-1
2021138391063,2021,138391063,1,9,0,9,9,5,1,0,0,1,0,0,0,0,4,1,6,6,1,18,4,1229,1,10,VAUXHALL CORSA,5,E01010934,0,-1
2021531081748,2021,531081748,2,9,0,17,19,5,1,0,0,1,0,0,0,0,1,1,5,6,1,46,8,1229,1,10,VAUXHALL CORSA,7,E01022416,0,-1
2021061096697,2021,061096697,1,9,0,18,19,3,7,0,0,0,0,0,0,0,1,1,6,6,1,20,4,1229,1,13,VAUXHALL CORSA,2,E01005280,0,-1
2021501074253,2021,501074253,1,9,0,7,7,1,5,0,0,0,0,0,0,0,4,1,5,6,1,67,10,1248,2,11,VAUXHALL CORSA,3,E01020229,0,-1
2021461079852,2021,461079852,1,9,0,7,7,1,3,0,0,1,0,0,0,0,3,1,6,6,1,30,6,1398,1,7,VAUXHALL CORSA,4,E01024086,0,-1
2021430255510,2021,430255510,2,9,0,18,19,6,2,0,0,0,0,0,0,0,1,1,6,6,2,41,7,998,1,10,VAUXHALL CORSA,7,E01016537,0,-1
2021430087859,2021,430087859,1,9,0,7,7,5,7,0,0,6,0,0,0,0,3,1,6,6,1,20,4,1229,1,13,VAUXHALL CORSA,9,E01016292,0,-1
2021111018247,2021,111018247,1,9,0,18,19,5,1,0,0,0,0,0,1,7,4,1,5,6,1,18,4,1248,2,13,VAUXHALL CORSA,9,E01011773,0,-1
2021991012347,2021,991012347,1,9,0,16,19,2,5,0,0,0,0,0,0,0,1,1,5,6,2,35,6,1398,1,9,VAUXHALL CORSA,6,-1,0,-1
2021211055829,2021,211055829,2,9,-1,-1,-1,-1,-1,-1,-1,-1,-1,-1,-1,-1,-1,1,6,6,1,48,8,1398,1,3,VAUXHALL CORSA,1,E01029845,0,-1
2021471084050,2021,471084050,1,9,0,18,19,5,1,0,0,0,5,0,0,0,3,2,5,6,1,19,4,1199,1,17,VAUXHALL CORSA,9,E01021072,0,-1
2021421075386,2021,421075386,2,9,0,18,19,5,1,0,0,0,0,0,0,0,4,1,6,6,1,34,6,1598,1,9,VAUXHALL CORSA,3,E01004367,0,-1
2021211138076,2021,211138076,2,9,0,3,3,7,3,0,0,0,0,0,0,0,2,1,6,6,1,27,6,1248,2,6,VAUXHALL CORSA,4,E01010424,0,-1
2021111131209,2021,111131209,1,9,0,18,19,6,3,0,0,1,0,0,1,10,1,1,6,6,1,25,5,1229,1,15,VAUXHALL CORSA,-1,-1,0,-1
2021522105051,2021,522105051,2,9,0,18,19,7,3,0,0,0,0,0,0,0,1,1,6,6,2,55,8,1229,1,9,VAUXHALL CORSA,-1,-1,0,-1
2021501063826,2021,501063826,1,9,0,18,19,3,7,0,0,0,5,0,0,0,1,1,6,6,1,20,4,-1,-1,-1,VAUXHALL CORSA,2,E01015096,0,-1
2021010292231,2021,010292231,2,9,0,99,99,9,9,99,99,9,9,99,9,99,1,9,6,6,3,27,6,1389,1,20,VAUXHALL CORSA,2,E01002368,0,-1
2021101026296,2021,101026296,1,9,0,18,19,8,7,0,0,4,0,0,0,0,1,1,2,2,2,58,9,1229,1,11,VAUXHALL CORSA,9,E01027437,0,-1
2021622100205,2021,622100205,2,9,0,18,19,4,8,0,0,1,0,0,0,0,1,1,6,6,1,31,6,998,1,7,VAUXHALL CORSA,3,W01001051,0,-1
2021221037422,2021,221037422,1,9,0,16,19,4,6,0,0,8,1,0,0,0,1,1,2,2,2,27,6,1229,1,10,VAUXHALL CORSA,7,E01028940,0,-1
2021311120730,2021,311120730,3,9,0,4,4,5,1,0,0,1,0,0,0,0,1,1,2,2,1,19,4,1229,1,8,VAUXHALL CORSA,7,E01028154,0,-1
2021540650721,2021,540650721,2,9,0,5,5,7,5,0,0,1,0,0,0,0,3,1,6,6,2,37,7,1364,1,12,VAUXHALL CORSA,8,E01015534,0,-1
2021221061767,2021,221061767,1,9,0,16,19,4,8,0,0,0,0,0,0,0,1,1,1,1,2,21,5,1199,1,20,VAUXHALL CORSA,9,E01028860,0,-1
2021430306588,2021,430306588,1,9,0,17,19,4,1,0,0,0,0,0,0,0,1,1,6,6,1,23,5,1364,1,13,VAUXHALL CORSA,8,E01033519,0,-1
2021351059281,2021,351059281,2,9,0,16,19,-1,-1,0,0,0,0,0,0,0,1,1,6,6,1,45,7,1398,1,5,VAUXHALL CORSA,4,E01015614,0,-1
2021101077967,2021,101077967,1,9,0,4,4,1,5,0,0,0,0,0,0,0,4,1,6,6,1,21,5,1398,1,5,VAUXHALL CORSA,8,E01027438,0,-1
2021201143308,2021,201143308,1,9,0,1,1,-1,-1,0,0,0,0,0,0,0,2,1,6,6,1,-1,-1,1248,2,8,VAUXHALL CORSA,1,E01009988,0,-1
2021401082919,2021,401082919,2,9,0,7,7,4,8,0,0,6,0,0,0,0,1,1,6,6,1,-1,-1,1398,1,7,VAUXHALL CORSA,-1,-1,0,-1
2021461042765,2021,461042765,2,9,0,16,19,5,7,0,0,1,0,0,0,0,2,1,5,6,1,43,7,1686,2,9,VAUXHALL CORSA,2,E01001621,0,-1
2021070658909,2021,070658909,2,9,0,18,19,8,4,0,0,8,1,0,0,0,3,1,6,6,1,32,6,1398,1,3,VAUXHALL CORSA,10,E01018419,0,-1
2021421110931,2021,421110931,2,9,0,3,3,1,5,0,0,4,0,0,0,0,2,1,1,1,2,25,5,1364,1,12,VAUXHALL CORSA,1,E01015897,0,-1
2021061121638,2021,061121638,2,9,0,16,19,2,4,0,0,0,0,0,0,0,1,1,5,6,2,38,7,1199,1,0,VAUXHALL CORSA,4,E01005374,0,-1
2021501018877,2021,501018877,1,9,0,17,19,7,3,0,0,0,1,0,1,11,2,1,1,1,2,65,9,1248,2,9,VAUXHALL CORSA,6,E01020226,0,-1
2021010306895,2021,010306895,2,9,9,18,19,5,1,99,99,9,9,0,9,0,9,1,6,6,2,19,4,1389,1,18,VAUXHALL CORSA,2,E01033726,0,-1
2021010319280,2021,010319280,2,9,0,16,19,7,1,0,0,0,0,0,0,0,1,1,6,6,2,49,8,1199,1,1,VAUXHALL CORSA,5,E01000338,0,-1
2021302101858,2021,302101858,2,9,0,2,2,0,0,0,0,0,0,0,0,0,2,1,6,6,3,-1,-1,1229,1,8,VAUXHALL CORSA,-1,-1,0,-1
2021991084426,2021,991084426,1,9,0,7,7,4,6,0,0,6,0,0,0,0,1,1,4,7,1,17,4,1229,1,10,VAUXHALL CORSA,5,-1,0,-1
2021170M11361,2021,170M11361,1,9,0,18,19,5,1,0,0,0,0,0,0,0,4,1,2,2,2,20,4,1229,1,11,VAUXHALL CORSA,8,E01012067,0,-1
2021221033675,2021,221033675,1,9,0,4,4,5,2,0,0,8,0,0,0,0,1,1,2,2,2,39,7,1229,1,10,VAUXHALL CORSA,2,E01009742,0,-1
2021201065615,2021,201065615,2,9,0,18,19,-1,-1,0,0,4,0,0,0,0,1,1,6,6,2,-1,-1,1229,1,7,VAUXHALL CORSA,-1,-1,0,-1
2021471021462,2021,471021462,1,9,0,7,7,7,2,0,0,6,0,0,0,0,1,1,5,6,2,21,5,1398,1,5,VAUXHALL CORSA,10,E01022595,0,-1
2021552200046,2021,552200046,1,9,0,18,19,2,6,0,0,0,0,0,0,0,1,1,2,2,2,21,5,1389,1,24,VAUXHALL CORSA,6,E01020528,0,-1
202131C174521,2021,31C174521,1,9,0,18,19,6,2,0,0,1,0,0,0,0,1,1,2,2,1,22,5,1398,1,5,VAUXHALL CORSA,6,E01028188,0,-1
2021031037263,2021,031037263,1,9,0,18,19,7,3,0,0,1,0,0,0,0,1,1,5,6,2,53,8,1398,1,7,VAUXHALL CORSA,2,E01019166,0,-1
2021010322753,2021,010322753,1,9,0,11,11,3,7,0,0,0,1,4,1,0,1,1,6,6,1,26,6,1229,1,6,VAUXHALL CORSA,3,E01000111,0,-1
2021010310847,2021,010310847,2,9,0,18,19,1,5,0,0,0,0,0,0,0,1,1,2,2,1,20,4,1229,1,11,VAUXHALL CORSA,4,E01003114,0,-1
2021101103403,2021,101103403,1,9,0,18,19,5,1,0,0,0,0,0,0,0,3,1,2,2,1,39,7,1248,2,13,VAUXHALL CORSA,1,E01008332,0,-1
2021421023197,2021,421023197,2,9,0,4,4,8,4,0,0,0,0,0,4,1,2,1,1,1,2,33,6,1248,2,3,VAUXHALL CORSA,4,E01021868,0,-1
2021101021205,2021,101021205,1,9,0,18,19,1,5,0,0,0,0,0,7,0,1,1,5,6,1,35,6,1229,1,11,VAUXHALL CORSA,4,E01008451,0,-1
2021010334709,2021,010334709,2,9,0,18,19,1,5,0,0,0,0,0,7,11,1,1,6,6,1,29,6,1229,1,7,VAUXHALL CORSA,-1,-1,0,-1
2021461062884,2021,461062884,2,9,0,18,19,5,1,0,0,0,1,10,1,0,3,1,6,6,2,32,6,1229,1,11,VAUXHALL CORSA,8,E01024475,0,-1
2021131034645,2021,131034645,1,9,0,18,19,5,2,0,0,1,0,0,0,0,1,1,6,6,1,21,5,1229,1,11,VAUXHALL CORSA,-1,-1,0,-1
2021545715021,2021,545715021,2,9,0,18,19,7,3,0,0,8,0,0,0,0,1,1,6,6,2,74,10,1398,1,4,VAUXHALL CORSA,7,E01015568,0,-1
2021052101067,2021,052101067,1,9,0,18,19,3,7,0,0,6,0,0,0,0,1,1,6,6,1,20,4,1398,1,3,VAUXHALL CORSA,4,E01007001,0,-1
2021201094842,2021,201094842,1,9,0,9,9,2,8,0,0,5,0,0,0,0,1,1,6,6,1,23,5,1398,1,6,VAUXHALL CORSA,1,E01009025,0,-1
2021131119913,2021,131119913,1,9,0,17,19,1,3,0,0,0,1,0,2,0,1,1,2,2,1,32,6,1248,2,13,VAUXHALL CORSA,2,E01011865,0,-1
2021440469547,2021,440469547,2,9,0,4,4,6,2,0,0,8,0,0,0,0,1,1,2,2,1,36,7,1248,2,13,VAUXHALL CORSA,7,E01023255,0,-1
2021430031614,2021,430031614,1,9,0,18,19,1,5,0,0,8,1,0,1,2,4,1,6,6,2,23,5,1398,1,3,VAUXHALL CORSA,8,E01028510,0,-1
2021010348872,2021,010348872,2,9,0,18,19,1,5,0,0,7,0,0,0,0,1,1,6,6,1,27,6,1398,1,6,VAUXHALL CORSA,-1,-1,0,-1
2021111065041,2021,111065041,2,9,0,2,2,0,0,0,0,1,0,4,0,0,2,1,6,6,3,-1,-1,1229,1,13,VAUXHALL CORSA,-1,-1,0,-1
202131B172621,2021,31B172621,1,9,0,18,19,6,2,0,0,1,0,0,0,0,1,1,6,6,3,-1,-1,1398,1,9,VAUXHALL CORSA,-1,-1,0,-1
2021451094388,2021,451094388,1,9,0,18,19,8,4,0,0,1,0,0,0,0,1,1,5,6,1,72,10,1389,1,19,VAUXHALL CORSA,10,E01030378,0,-1
2021010304983,2021,010304983,1,9,0,3,3,1,5,0,0,8,0,0,0,0,3,1,6,6,1,26,6,1398,1,11,VAUXHALL CORSA,-1,-1,0,-1
2021320401084,2021,320401084,1,9,0,9,9,3,1,0,0,8,0,0,0,0,4,1,6,6,2,20,4,1398,1,7,VAUXHALL CORSA,3,E01026123,0,-1
2021440186639,2021,440186639,2,9,0,18,19,8,4,0,0,8,0,0,0,0,1,1,6,6,2,60,9,1364,1,12,VAUXHALL CORSA,7,E01017247,0,-1
2021122100777,2021,122100777,2,9,0,3,3,1,5,0,0,1,0,0,0,0,2,1,6,6,2,64,9,1248,2,14,VAUXHALL CORSA,5,E01027795,0,-1