collision_index,collision_year,collision_ref_no,vehicle_reference,vehicle_type,towing_and_articulation,vehicle_manoeuvre_historic,vehicle_manoeuvre,vehicle_direction_from,vehicle_direction_to,vehicle_location_restricted_lane_historic,vehicle_location_restricted_lane,junction_location,skidding_and_overturning,hit_object_in_carriageway,vehicle_leaving_carriageway,hit_object_off_carriageway,first_point_of_impact,vehicle_left_hand_drive,journey_purpose_of_driver_historic,journey_purpose_of_driver,sex_of_driver,age_of_driver,age_band_of_driver,engine_capacity_cc,propulsion_code,age_of_vehicle,generic_make_model,driver_imd_decile,lsoa_of_driver,escooter_flag,driver_distance_banding
2021302100368,2021,302100368,2,9,0,9,9,6,4,0,0,2,0,0,0,0,4,1,6,6,2,32,6,1229,1,6,VAUXHALL CORSA,5,E01027972,0,-1
2021302100662,2021,302100662,2,9,0,5,5,0,0,0,0,1,0,0,0,0,2,1,6,6,1,52,8,1398,1,10,VAUXHALL CORSA,1,E01011081,0,-1
2021471055195,2021,471055195,1,9,0,18,19,3,7,0,0,0,0,0,1,4,1,1,5,6,2,37,7,1398,1,10,VAUXHALL CORSA,8,E01021176,0,-1
2021041084223,2021,041084223,1,9,0,18,19,5,1,0,0,0,0,0,0,0,4,1,5,6,1,22,5,1364,1,6,VAUXHALL CORSA,4,E01012740,0,-1
2021991056994,2021,991056994,2,9,0,18,19,2,6,0,0,8,0,0,0,0,1,1,5,6,1,18,4,1398,1,10,VAUXHALL CORSA,3,-1,0,-1
2021302100002,2021,302100002,2,9,0,9,9,2,8,0,0,8,0,0,0,0,1,1,6,6,1,31,6,1598,1,8,VAUXHALL CORSA,1,E01013583,0,-1
2021161080448,2021,161080448,1,9,0,18,19,3,7,0,0,0,0,0,0,0,1,1,6,6,1,49,8,1398,1,3,VAUXHALL CORSA,4,E01013179,0,-1
202131C084821,2021,31C084821,2,9,0,18,19,8,4,0,0,8,0,0,0,0,1,1,6,6,1,26,6,998,1,10,VAUXHALL CORSA,2,E01013888,0,-1
2021451126230,2021,451126230,1,9,0,18,19,1,5,0,0,0,1,0,5,0,1,1,5,6,2,24,5,1398,1,9,VAUXHALL CORSA,2,E01020348,0,-1
2021552100983,2021,552100983,1,9,0,18,19,2,6,0,0,4,0,0,0,0,1,1,3,7,2,38,7,1398,1,5,VAUXHALL CORSA,5,E01032660,0,-1
2021201137067,2021,201137067,1,9,0,9,9,2,8,0,0,6,0,0,0,0,1,1,3,7,2,38,7,1398,1,9,VAUXHALL CORSA,1,E01009377,0,-1
2021131036634,2021,131036634,2,9,0,18,19,2,2,0,0,0,0,0,0,0,3,1,6,6,1,41,7,1398,1,3,VAUXHALL CORSA,9,E01010577,0,-1
2021010352066,2021,010352066,1,9,0,18,19,7,3,0,0,1,0,0,0,0,1,1,6,6,1,23,5,1199,1,1,VAUXHALL CORSA,4,E01002455,0,-1
2021131081890,2021,131081890,1,9,0,9,9,2,6,0,0,0,0,0,0,0,4,1,5,6,1,33,6,999,1,6,VAUXHALL CORSA,2,E01011246,0,-1
2021320653784,2021,320653784,1,9,0,18,19,5,1,0,0,0,0,0,0,0,1,1,6,6,2,16,4,998,1,14,VAUXHALL CORSA,9,E01026370,0,-1
2021101086132,2021,101086132,1,9,0,14,14,7,2,0,0,1,0,0,0,0,1,1,6,6,1,18,4,1229,1,10,VAUXHALL CORSA,-1,-1,0,-1
2021421116299,2021,421116299,2,9,0,18,19,3,7,0,0,1,0,0,0,0,1,1,6,6,2,50,8,1199,1,0,VAUXHALL CORSA,3,E01021358,0,-1
2021320559324,2021,320559324,1,9,0,16,19,6,2,0,0,0,5,0,1,9,1,2,6,6,1,26,6,1364,1,13,VAUXHALL CORSA,5,E01026054,0,-1
2021010296745,2021,010296745,2,9,0,18,19,7,3,0,0,0,1,0,1,7,2,1,1,1,2,26,6,1229,1,14,VAUXHALL CORSA,5,E01003638,0,-1
2021041027213,2021,041027213,3,9,0,4,4,1,5,0,0,0,0,0,0,0,2,1,6,6,2,21,5,1229,1,9,VAUXHALL CORSA,4,E01024960,0,-1
2021010288877,2021,010288877,1,9,0,18,19,1,5,0,0,1,0,0,0,0,9,1,6,6,2,31,6,1389,1,15,VAUXHALL CORSA,3,E01003525,0,-1
2021161038618,2021,161038618,1,9,0,9,9,5,3,0,0,6,0,0,0,0,1,1,6,6,1,30,6,1229,1,8,VAUXHALL CORSA,1,E01013330,0,-1
2021041037850,2021,041037850,1,9,0,8,8,3,1,0,0,6,0,0,0,0,1,1,2,2,1,19,4,1199,1,17,VAUXHALL CORSA,4,E01012755,0,-1
2021411061189,2021,411061189,2,9,-1,-1,-1,-1,-1,-1,-1,0,-1,-1,-1,0,-1,1,6,6,2,54,8,999,1,6,VAUXHALL CORSA,6,E01023621,0,-1
2021991069700,2021,991069700,2,9,0,18,19,7,3,0,0,0,0,0,0,0,4,1,5,6,1,21,5,1229,1,6,VAUXHALL CORSA,6,-1,0,-1
2021201047098,2021,201047098,1,9,0,9,9,4,2,0,0,6,0,0,0,0,4,1,6,6,1,21,5,1364,1,6,VAUXHALL CORSA,2,E01008963,0,-1
202154A656521,2021,54A656521,1,9,0,18,19,2,6,0,0,2,0,0,0,0,1,1,6,6,2,85,11,1398,1,11,VAUXHALL CORSA,8,E01015498,0,-1
2021430576574,2021,430576574,1,9,0,18,19,2,6,0,0,8,0,0,0,0,4,1,1,1,2,55,8,1248,2,9,VAUXHALL CORSA,6,E01016332,0,-1
2021991022858,2021,991022858,1,9,0,16,19,5,1,0,0,0,1,0,1,11,1,1,5,6,1,18,4,1229,1,15,VAUXHALL CORSA,1,-1,0,-1
2021411054450,2021,411054450,1,9,0,13,13,1,5,0,0,0,0,0,0,0,1,1,5,6,1,17,4,1229,1,11,VAUXHALL CORSA,4,E01023538,0,-1
2021201065715,2021,201065715,2,9,0,2,2,0,0,0,0,0,0,0,0,0,3,1,6,6,1,36,7,1229,1,9,VAUXHALL CORSA,1,E01009483,0,-1
202134WNC3941,2021,34WNC3941,1,9,0,11,11,3,7,0,0,0,1,0,5,6,1,1,2,2,1,19,4,1229,1,9,VAUXHALL CORSA,10,E01025772,0,-1
2021041091148,2021,041091148,1,9,0,18,19,1,5,0,0,1,5,10,3,11,1,1,5,6,1,89,11,1398,1,4,VAUXHALL CORSA,8,E01025204,0,-1
2021991052159,2021,991052159,1,9,0,18,19,7,3,0,0,0,0,0,0,0,1,1,6,6,1,19,4,1229,1,13,VAUXHALL CORSA,8,-1,0,-1
2021131109535,2021,131109535,1,9,0,17,19,6,2,0,0,0,1,0,8,11,4,1,5,6,2,19,4,1229,1,8,VAUXHALL CORSA,3,E01011920,0,-1
2021041055645,2021,041055645,1,9,0,17,19,1,5,0,0,1,1,0,0,0,1,1,2,2,2,23,5,1364,1,15,VAUXHALL CORSA,2,E01025274,0,-1
2021461128683,2021,461128683,1,9,0,9,9,5,1,0,0,8,0,0,7,1,3,1,1,1,2,28,6,1398,1,2,VAUXHALL CORSA,7,E01000812,0,-1
2021221064316,2021,221064316,1,9,0,11,11,1,5,0,0,3,0,0,0,0,4,1,5,6,1,75,10,1398,1,3,VAUXHALL CORSA,8,E01032290,0,-1
2021320621344,2021,320621344,1,9,0,18,19,2,6,0,0,0,5,0,2,4,4,1,6,6,2,30,6,1398,1,7,VAUXHALL CORSA,8,E01026368,0,-1
2021501063677,2021,501063677,1,9,0,18,19,7,3,0,0,0,0,0,5,6,1,1,1,1,1,73,10,1199,1,1,VAUXHALL CORSA,5,E01015205,0,-1
2021610057921,2021,610057921,1,9,0,16,19,3,6,0,0,0,5,0,7,8,1,1,6,6,1,21,5,1364,1,11,VAUXHALL CORSA,9,W01001640,0,-1
2021201140803,2021,201140803,1,9,0,5,5,2,6,0,0,6,0,10,0,0,1,1,6,6,1,-1,-1,1229,1,8,VAUXHALL CORSA,-1,-1,0,-1
2021461101134,2021,461101134,2,9,0,18,19,4,8,0,0,0,0,0,0,0,1,1,5,6,2,58,9,1229,1,6,VAUXHALL CORSA,7,E01000376,0,-1
2021461061588,2021,461061588,1,9,0,18,19,5,1,0,0,0,0,4,0,0,3,1,6,6,2,-1,-1,1229,1,13,VAUXHALL CORSA,6,E01016080,0,-1
2021440085676,2021,440085676,1,9,0,16,19,6,2,0,0,0,5,0,1,0,1,1,6,6,1,27,6,1199,1,20,VAUXHALL CORSA,9,E01022692,0,-1
2021131034849,2021,131034849,3,9,0,18,19,5,1,0,0,1,0,0,0,0,1,1,6,6,2,58,9,1398,1,2,VAUXHALL CORSA,9,E01011507,0,-1
2021141113890,2021,141113890,3,9,0,18,19,1,5,0,0,0,0,0,0,0,1,1,1,1,1,23,5,1398,1,2,VAUXHALL CORSA,5,E01033553,0,-1
2021010328587,2021,010328587,1,9,0,10,10,7,6,0,0,1,0,0,0,0,1,1,2,2,1,31,6,1229,1,5,VAUXHALL CORSA,3,E01001673,0,-1
2021522103232,2021,522103232,1,9,0,2,2,0,0,9,9,0,0,0,0,0,3,1,6,6,1,40,7,1229,1,7,VAUXHALL CORSA,-1,-1,0,-1
202134WNC4711,2021,34WNC4711,1,9,0,18,19,7,3,0,0,0,0,0,0,0,4,1,6,6,1,25,5,1229,1,8,VAUXHALL CORSA,5,E01027133,0,-1
2021440432896,2021,440432896,2,9,0,16,19,4,8,0,0,0,0,0,0,0,1,1,6,6,2,29,6,1398,1,8,VAUXHALL CORSA,10,E01000645,0,-1
2021161108763,2021,161108763,1,9,0,18,19,7,3,0,0,0,0,0,0,0,2,1,6,6,2,46,8,1229,1,12,VAUXHALL CORSA,2,E01013332,0,-1
2021010351689,2021,010351689,1,9,0,18,19,7,3,0,0,1,0,0,0,0,3,1,2,2,2,34,6,1229,1,11,VAUXHALL CORSA,-1,-1,0,-1
2021221097654,2021,221097654,1,9,0,9,9,4,2,0,0,5,5,0,0,0,1,1,5,6,2,26,6,1398,1,5,VAUXHALL CORSA,3,E01014156,0,-1
2021520101595,2021,520101595,1,9,0,17,19,6,2,0,0,0,5,0,1,10,1,1,6,6,1,19,4,998,1,10,VAUXHALL CORSA,7,E01014394,0,-1
2021041120174,2021,041120174,1,9,0,9,9,5,3,0,0,8,0,0,0,0,1,1,5,6,1,27,6,1229,1,10,VAUXHALL CORSA,2,E01024951,0,-1
2021351082663,2021,351082663,1,9,0,5,5,1,7,0,0,2,0,0,0,0,3,1,2,2,2,74,10,1229,1,14,VAUXHALL CORSA,6,E01033121,0,-1
2021061059218,2021,061059218,2,9,0,3,3,2,6,0,0,1,0,0,0,0,2,1,6,6,2,62,9,1229,1,8,VAUXHALL CORSA,10,E01006062,0,-1
2021531106239,2021,531106239,1,9,0,17,19,3,7,0,0,0,0,0,2,4,1,1,6,6,1,21,5,973,1,20,VAUXHALL CORSA,6,E01022303,0,-1
2021061104263,2021,061104263,1,9,0,3,3,6,2,0,0,0,0,0,0,0,2,1,6,6,1,24,5,1248,2,14,VAUXHALL CORSA,1,E01005349,0,-1
2021351100271,2021,351100271,1,9,0,18,19,8,4,0,0,1,0,0,0,0,1,1,2,2,2,21,5,1398,1,2,VAUXHALL CORSA,8,E01018000,0,-1
2021545004021,2021,545004021,1,9,0,9,9,1,6,0,0,8,0,0,0,0,1,1,6,6,1,20,4,1229,1,10,VAUXHALL CORSA,6,E01032065,0,-1
2021451066243,2021,451066243,1,9,0,16,19,5,1,0,0,0,2,0,2,4,1,1,6,6,1,22,5,1229,1,14,VAUXHALL CORSA,10,E01001416,0,-1
2021430091742,2021,430091742,1,9,0,18,19,3,7,0,0,8,0,10,1,1,1,1,6,6,1,26,6,1364,1,13,VAUXHALL CORSA,5,E01016472,0,-1
2021211100899,2021,211100899,1,9,0,6,6,7,3,0,0,0,0,0,0,0,3,1,6,6,1,18,4,1229,1,13,VAUXHALL CORSA,4,E01014277,0,-1
2021461030572,2021,461030572,1,9,0,3,3,4,8,0,0,0,0,0,0,0,1,1,6,6,1,-1,-1,998,1,11,VAUXHALL CORSA,8,E01016087,0,-1
2021161115236,2021,161115236,2,9,0,4,4,1,5,0,0,1,0,0,0,0,1,1,6,6,1,-1,-1,1248,2,9,VAUXHALL CORSA,-1,-1,0,-1
2021520105142,2021,520105142,1,9,0,7,7,5,7,0,0,6,0,0,0,0,4,1,6,6,2,18,4,1229,1,8,VAUXHALL CORSA,7,E01029224,0,-1
2021061097026,2021,061097026,2,9,0,18,19,5,1,0,0,0,0,0,0,0,1,1,6,6,1,30,6,1398,1,10,VAUXHALL CORSA,4,E01005217,0,-1
2021052101978,2021,052101978,1,9,0,18,19,7,3,0,0,3,0,0,0,0,3,1,6,6,1,42,7,-1,3,1,VAUXHALL CORSA,10,E01007186,0,-1
2021351015657,2021,351015657,1,9,0,9,9,1,4,0,0,0,0,0,0,0,1,1,6,6,1,28,6,1362,1,8,VAUXHALL CORSA,1,E01015603,0,-1
2021361111751,2021,361111751,3,9,0,18,19,1,1,0,0,0,0,0,0,0,0,1,5,6,2,62,9,1199,1,17,VAUXHALL CORSA,7,E01026757,0,-1
2021221013458,2021,221013458,1,9,0,7,7,5,8,0,0,6,1,0,3,9,3,1,2,2,2,30,6,1389,1,17,VAUXHALL CORSA,2,E01009210,0,-1
2021101067927,2021,101067927,2,9,0,4,4,7,3,0,0,1,0,0,0,0,2,1,5,6,2,-1,-1,1248,2,4,VAUXHALL CORSA,-1,-1,0,-1
2021440090812,2021,440090812,1,9,0,9,9,8,6,0,0,8,0,0,0,0,3,1,6,6,2,44,7,1229,1,7,VAUXHALL CORSA,5,E01023128,0,-1
2021522100290,2021,522100290,2,9,0,18,19,6,2,0,0,0,0,0,0,0,1,1,6,6,1,21,5,1199,1,22,VAUXHALL CORSA,9,E01014411,0,-1
2021111021451,2021,111021451,1,9,0,9,9,3,1,0,0,8,0,0,0,0,1,1,5,6,2,37,7,1229,1,11,VAUXHALL CORSA,1,E01020739,0,-1
2021461098172,2021,461098172,2,9,0,18,19,5,1,0,0,0,0,0,0,0,1,1,6,6,2,39,7,1398,1,8,VAUXHALL CORSA,5,E01033087,0,-1
2021010305221,2021,010305221,2,9,0,99,99,9,9,99,99,9,9,99,9,99,1,9,6,6,3,-1,-1,1398,1,11,VAUXHALL CORSA,4,E01004396,0,-1
2021010321990,2021,010321990,1,9,9,99,99,9,9,99,99,9,9,99,9,99,9,9,6,6,2,22,5,1364,1,13,VAUXHALL CORSA,2,E01001753,0,-1
2021101094325,2021,101094325,1,9,0,17,19,5,3,0,0,0,1,0,2,7,4,1,5,6,1,58,9,1199,1,17,VAUXHALL CORSA,-1,-1,0,-1
2021010309789,2021,010309789,1,9,0,4,4,7,3,0,0,1,0,0,0,0,2,1,6,6,1,22,5,1364,1,12,VAUXHALL CORSA,5,E01003040,0,-1
2021201119238,2021,201119238,2,9,0,18,19,7,3,0,0,8,0,0,0,0,1,1,6,6,1,19,4,1398,1,3,VAUXHALL CORSA,1,E01009378,0,-1
2021471076060,2021,471076060,1,9,0,4,4,3,7,0,0,2,1,0,7,11,1,1,5,6,1,22,5,1229,1,9,VAUXHALL CORSA,5,E01031614,0,-1
2021010291565,2021,010291565,2,9,0,9,9,3,1,0,0,8,0,0,0,0,3,1,6,6,1,23,5,1398,1,5,VAUXHALL CORSA,2,E01003162,0,-1
2021421045545,2021,421045545,2,9,0,18,19,5,1,0,0,1,0,0,0,0,2,1,5,6,2,57,9,1398,1,2,VAUXHALL CORSA,8,E01015991,0,-1
2021061117054,2021,061117054,1,9,0,18,19,5,1,0,0,8,0,0,0,0,1,1,6,6,3,30,6,1229,1,15,VAUXHALL CORSA,-1,-1,0,-1
2021131061091,2021,131061091,3,9,0,4,4,2,6,0,0,8,0,0,0,0,1,1,2,2,1,29,6,1398,1,11,VAUXHALL CORSA,4,E01010866,0,-1
2021302101523,2021,302101523,2,9,0,9,9,6,4,0,0,1,0,0,0,0,4,1,6,6,2,28,6,1229,1,14,VAUXHALL CORSA,3,E01027954,0,-1
2021991108103,2021,991108103,1,9,0,17,19,8,4,0,0,0,2,0,1,0,1,1,2,2,1,24,5,1796,1,15,VAUXHALL CORSA,8,-1,0,-1
2021371073732,2021,371073732,2,9,0,18,19,3,7,0,0,8,0,0,0,0,1,1,5,6,2,18,4,1229,1,9,VAUXHALL CORSA,5,E01030094,0,-1
2021461115052,2021,461115052,2,9,0,18,19,8,4,0,0,1,0,0,0,0,2,1,5,6,1,37,7,1364,1,14,VAUXHALL CORSA,3,E01024263,0,-1
2021010307885,2021,010307885,1,9,0,99,99,9,9,99,99,9,9,99,9,99,1,9,6,6,1,35,6,1398,1,2,VAUXHALL CORSA,5,E01002234,0,-1
2021991084357,2021,991084357,1,9,0,4,4,1,5,0,0,1,0,4,0,0,1,1,6,6,2,58,9,1199,1,0,VAUXHALL CORSA,5,-1,0,-1
2021010346349,2021,010346349,1,9,0,5,5,7,3,0,0,1,0,0,0,0,4,1,6,6,2,35,6,1199,1,0,VAUXHALL CORSA,2,E01001868,0,-1
2021430185389,2021,430185389,3,9,0,18,19,6,2,0,0,1,0,0,0,0,1,1,1,1,1,47,8,1199,1,1,VAUXHALL CORSA,9,E01023134,0,-1
202134WNC6221,2021,34WNC6221,2,9,0,3,3,7,3,0,0,0,0,0,0,0,2,1,6,6,1,26,6,1229,1,11,VAUXHALL CORSA,9,E01027164,0,-1
2021070140067,2021,070140067,2,9,0,18,19,2,6,0,0,0,0,0,0,7,1,1,6,6,1,45,7,1199,1,17,VAUXHALL CORSA,7,E01018711,0,-1
2021461064432,2021,461064432,1,9,0,17,19,5,2,0,0,0,0,11,0,0,0,1,6,6,1,17,4,1229,1,13,VAUXHALL CORSA,8,E01021134,0,-1
2021231061710,2021,231061710,1,9,0,4,4,1,5,0,0,1,0,0,0,0,3,1,1,1,1,24,5,1248,2,13,VAUXHALL CORSA,2,E01009609,0,-1
2021411114117,2021,411114117,1,9,0,5,5,6,2,0,0,4,0,0,0,0,1,1,2,2,1,20,4,1199,1,17,VAUXHALL CORSA,10,E01023846,0,-1
2021201150291,2021,201150291,1,9,0,14,14,6,2,0,0,8,0,7,0,0,1,1,6,6,1,-1,-1,1199,1,1,VAUXHALL CORSA,-1,-1,0,-1
2021201148193,2021,201148193,1,9,0,18,19,2,6,0,0,0,0,0,0,0,4,1,6,6,1,58,9,999,1,6,VAUXHALL CORSA,5,E01009042,0,-1
2021101076865,2021,101076865,2,9,0,18,19,2,6,0,0,0,0,0,0,0,4,1,5,6,2,22,5,1229,1,8,VAUXHALL CORSA,10,E01008272,0,-1
2021031108954,2021,031108954,1,9,0,9,9,4,8,0,0,1,0,0,0,0,3,1,6,6,2,24,5,1364,1,11,VAUXHALL CORSA,1,E01019295,0,-1
2021440226884,2021,440226884,2,9,0,18,19,2,6,0,0,8,0,0,0,0,4,1,6,6,2,27,6,1364,1,15,VAUXHALL CORSA,-1,-1,0,-1
2021371080655,2021,371080655,2,9,0,18,19,5,1,0,0,0,0,0,0,0,1,1,5,6,1,22,5,1398,1,5,VAUXHALL CORSA,8,E01021389,0,-1
2021440276047,2021,440276047,2,9,0,18,19,5,1,0,0,0,0,0,0,0,1,1,6,6,2,21,5,998,1,13,VAUXHALL CORSA,-1,-1,0,-1
2021520103592,2021,520103592,1,9,0,18,19,6,2,0,0,8,0,0,0,0,3,1,6,6,2,21,5,1398,1,5,VAUXHALL CORSA,6,E01029231,0,-1
2021501048748,2021,501048748,1,9,0,4,4,5,1,0,0,0,0,0,0,0,2,1,5,6,2,30,6,1398,1,11,VAUXHALL CORSA,4,E01015236,0,-1
2021010294540,2021,010294540,1,9,0,4,4,1,5,0,0,1,0,0,0,0,1,1,6,6,2,29,6,1398,1,7,VAUXHALL CORSA,1,E01001220,0,-1
2021411100602,2021,411100602,2,9,0,18,19,4,8,0,0,0,0,0,0,0,4,1,6,6,1,-1,-1,1229,1,8,VAUXHALL CORSA,3,E01015788,0,-1
2021351039020,2021,351039020,2,9,0,16,19,-1,-1,0,0,0,0,0,0,0,1,1,5,6,2,23,5,1229,1,13,VAUXHALL CORSA,4,E01003672,0,-1
2021451103196,2021,451103196,2,9,0,18,19,7,3,0,0,8,0,0,0,0,1,1,1,1,2,55,8,-1,-1,-1,VAUXHALL CORSA,6,E01030555,0,-1
2021371021971,2021,371021971,1,9,0,4,4,7,3,0,0,0,0,0,0,0,4,1,5,6,2,23,5,1389,1,17,VAUXHALL CORSA,7,E01030051,0,-1
2021371075982,2021,371075982,1,9,0,18,19,3,7,0,0,1,0,0,0,0,1,1,2,2,1,22,5,1229,1,11,VAUXHALL CORSA,10,E01033319,0,-1
2021201144772,2021,201144772,1,9,0,18,19,-1,-1,0,0,6,0,0,0,0,1,1,6,6,1,-1,-1,1229,1,11,VAUXHALL CORSA,-1,-1,0,-1
2021201137463,2021,201137463,1,9,0,9,9,2,8,0,0,5,0,0,0,0,1,1,3,7,2,38,7,1248,2,11,VAUXHALL CORSA,5,E01009185,0,-1
2021411079926,2021,411079926,2,9,0,15,15,1,5,0,0,0,0,0,1,0,3,1,5,6,1,47,8,1229,1,8,VAUXHALL CORSA,9,E01023946,0,-1
2021010312578,2021,010312578,2,9,0,4,4,1,5,0,0,1,0,0,0,0,1,1,6,6,3,-1,-1,1398,1,9,VAUXHALL CORSA,-1,-1,0,-1
2021141128726,2021,141128726,1,9,0,18,19,7,1,0,0,1,0,0,0,0,1,1,6,6,1,52,8,1229,1,7,VAUXHALL CORSA,5,E01008139,0,-1
2021131124102,2021,131124102,2,9,0,6,6,5,1,0,0,8,0,0,0,0,3,1,5,6,1,64,9,1199,1,18,VAUXHALL CORSA,2,E01010799,0,-1
2021010329241,2021,010329241,1,9,0,18,19,5,1,0,0,0,1,0,7,11,1,1,6,6,1,19,4,1229,1,14,VAUXHALL CORSA,3,E01003143,0,-1
2021010305956,2021,010305956,2,9,0,2,2,0,0,0,0,0,0,0,0,0,2,1,6,6,3,-1,-1,1229,1,12,VAUXHALL CORSA,-1,-1,0,-1
2021320249371,2021,320249371,1,9,0,18,19,2,4,0,0,0,0,0,0,0,2,1,2,2,1,19,4,1229,1,14,VAUXHALL CORSA,7,E01013228,0,-1
2021010328353,2021,010328353,4,9,0,2,2,0,0,9,9,0,0,0,0,0,3,1,6,6,3,-1,-1,1229,1,12,VAUXHALL CORSA,-1,-1,0,-1
2021221139750,2021,221139750,1,9,0,17,19,1,6,0,0,0,2,10,2,10,4,1,5,6,1,20,4,1364,1,12,VAUXHALL CORSA,6,E01029006,0,-1
2021548302121,2021,548302121,1,9,0,18,19,7,3,0,0,0,0,0,0,0,3,1,6,6,1,53,8,1364,1,5,VAUXHALL CORSA,9,E01032706,0,-1
2021221120923,2021,221120923,1,9,0,18,19,8,4,0,0,1,0,0,0,0,1,1,6,6,2,57,9,1229,1,10,VAUXHALL CORSA,6,E01014100,0,-1
2021520201145,2021,520201145,1,9,0,18,19,4,8,0,0,0,5,0,7,3,3,1,6,6,2,58,9,1398,1,6,VAUXHALL CORSA,6,E01029153,0,-1
2021041102763,2021,041102763,1,9,0,18,19,2,6,0,0,0,0,0,1,11,1,1,5,6,1,42,7,1229,1,15,VAUXHALL CORSA,9,E01025340,0,-1
2021520200724,2021,520200724,1,9,0,9,9,7,5,0,0,8,0,0,0,0,1,1,6,6,2,58,9,1362,1,7,VAUXHALL CORSA,5,E01029324,0,-1
2021161096008,2021,161096008,1,9,0,18,19,3,7,0,0,0,0,0,0,0,1,1,6,6,2,-1,-1,1199,1,1,VAUXHALL CORSA,-1,-1,0,-1
2021411046837,2021,411046837,1,9,0,9,9,5,2,0,0,4,0,0,0,0,1,1,1,1,2,48,8,1398,1,5,VAUXHALL CORSA,9,E01023376,0,-1
2021052100605,2021,052100605,2,9,0,17,19,4,8,0,0,1,0,0,0,0,4,1,6,6,1,75,10,1248,2,10,VAUXHALL CORSA,9,E01007171,0,-1
2021010338534,2021,010338534,2,9,0,3,3,1,5,0,0,0,0,0,0,0,2,1,6,6,2,44,7,1229,1,12,VAUXHALL CORSA,2,E01000016,0,-1
2021061056028,2021,061056028,1,9,0,18,19,6,2,0,0,1,0,0,0,0,1,1,5,6,1,30,6,1398,1,5,VAUXHALL CORSA,3,E01005536,0,-1
2021991053360,2021,991053360,2,9,0,18,19,2,6,0,0,1,0,0,1,11,1,1,2,2,1,19,4,1229,1,6,VAUXHALL CORSA,8,-1,0,-1
2021122100351,2021,122100351,1,9,0,18,19,6,2,0,0,0,0,0,0,0,3,1,6,6,1,19,4,998,1,11,VAUXHALL CORSA,8,E01027611,0,-1
2021545487221,2021,545487221,1,9,0,5,5,3,5,0,0,4,0,0,0,0,1,1,6,6,2,79,11,1398,1,5,VAUXHALL CORSA,-1,-1,0,-1
2021010340516,2021,010340516,2,9,0,99,99,9,9,0,0,0,0,0,0,0,9,9,6,6,1,22,5,1229,1,6,VAUXHALL CORSA,2,E01001698,0,-1
2021070434383,2021,070434383,1,9,0,18,19,8,4,0,0,8,0,0,0,0,4,2,2,2,2,50,8,1229,1,8,VAUXHALL CORSA,4,E01018638,0,-1
2021471083747,2021,471083747,2,9,0,4,4,2,6,0,0,0,0,0,0,0,2,1,1,1,1,25,5,1229,1,6,VAUXHALL CORSA,4,E01030601,0,-1
2021211056163,2021,211056163,2,9,-1,-1,-1,-1,-1,-1,-1,0,-1,-1,-1,0,-1,1,6,6,1,43,7,1398,1,6,VAUXHALL CORSA,-1,-1,0,-1
2021411020863,2021,411020863,1,9,0,18,19,5,1,0,0,0,1,10,4,5,3,1,5,6,1,18,4,1364,1,13,VAUXHALL CORSA,3,E01023323,0,-1
2021201066012,2021,201066012,1,9,0,18,19,7,3,0,0,0,0,10,7,11,1,1,6,6,1,32,6,998,1,9,VAUXHALL CORSA,2,E01010036,0,-1
2021131116836,2021,131116836,2,9,0,18,19,5,1,0,0,1,5,0,0,0,4,1,5,6,1,28,6,1248,2,13,VAUXHALL CORSA,3,E01011919,0,-1
2021552100556,2021,552100556,2,9,0,4,4,6,2,0,0,0,0,0,0,0,2,1,6,6,1,17,4,1229,1,14,VAUXHALL CORSA,5,E01020484,0,-1
2021991135826,2021,991135826,1,9,0,18,19,7,5,0,0,2,0,0,0,0,1,1,6,6,1,41,7,1229,1,12,VAUXHALL CORSA,4,-1,0,-1
2021430406611,2021,430406611,1,9,0,18,19,4,8,0,0,0,0,0,1,7,1,1,6,6,2,37,7,1199,1,1,VAUXHALL CORSA,8,E01031152,0,-1
2021070488705,2021,070488705,1,9,0,18,19,7,3,0,0,0,0,0,1,0,1,1,6,6,1,44,7,1199,1,1,VAUXHALL CORSA,1,E01006105,0,-1
2021010304811,2021,010304811,4,9,0,7,7,7,2,0,0,0,0,0,1,0,4,1,6,6,2,30,6,1398,1,5,VAUXHALL CORSA,-1,-1,0,-1
2021471082183,2021,471082183,1,9,0,18,19,2,6,0,0,0,0,0,0,0,1,1,5,6,1,43,7,1229,1,10,VAUXHALL CORSA,5,E01016957,0,-1
2021991120131,2021,991120131,1,9,0,4,4,6,3,0,0,1,0,0,0,0,4,1,5,6,2,57,9,1398,1,4,VAUXHALL CORSA,3,-1,0,-1
2021061033856,2021,061033856,2,9,0,18,19,1,5,0,0,1,0,0,0,0,1,1,6,6,2,29,6,1229,1,10,VAUXHALL CORSA,2,E01006207,0,-1
2021211035569,2021,211035569,1,9,0,9,9,6,2,0,0,0,0,0,0,0,1,1,6,6,2,40,7,1229,1,9,VAUXHALL CORSA,7,E01029384,0,-1
2021461055512,2021,461055512,2,9,0,9,9,1,5,0,0,0,0,0,0,0,0,1,6,6,2,39,7,1398,1,10,VAUXHALL CORSA,6,E01024357,0,-1
2021421034833,2021,421034833,1,9,0,4,4,7,3,0,0,1,0,0,0,0,4,1,6,6,2,30,6,1229,1,7,VAUXHALL CORSA,4,E01015870,0,-1