collision_index,collision_year,collision_ref_no,vehicle_reference,vehicle_type,towing_and_articulation,vehicle_manoeuvre_historic,vehicle_manoeuvre,vehicle_direction_from,vehicle_direction_to,vehicle_location_restricted_lane_historic,vehicle_location_restricted_lane,junction_location,skidding_and_overturning,hit_object_in_carriageway,vehicle_leaving_carriageway,hit_object_off_carriageway,first_point_of_impact,vehicle_left_hand_drive,journey_purpose_of_driver_historic,journey_purpose_of_driver,sex_of_driver,age_of_driver,age_band_of_driver,engine_capacity_cc,propulsion_code,age_of_vehicle,generic_make_model,driver_imd_decile,lsoa_of_driver,escooter_flag,driver_distance_banding
2021201134027,2021,201134027,1,9,0,18,19,-1,-1,0,0,0,0,0,0,0,1,1,2,2,2,59,9,1398,1,4,VAUXHALL CORSA,6,E01031187,0,-1
2021451114983,2021,451114983,1,9,0,18,19,1,5,0,0,4,0,0,1,4,4,1,2,2,2,56,9,1398,1,9,VAUXHALL CORSA,10,E01030992,0,-1
2021061071956,2021,061071956,1,9,0,18,19,5,1,0,0,8,0,0,0,0,4,1,5,6,2,22,5,1229,1,13,VAUXHALL CORSA,7,E01025125,0,-1
2021552100635,2021,552100635,2,9,0,16,19,7,1,0,0,0,5,0,0,0,4,1,6,6,2,18,4,1364,1,15,VAUXHALL CORSA,7,E01020540,0,-1
2021010308784,2021,010308784,2,9,0,18,19,3,7,0,0,8,0,0,0,0,1,1,6,6,3,-1,-1,1248,2,6,VAUXHALL CORSA,-1,-1,0,-1
2021141063980,2021,141063980,1,9,0,9,9,2,3,0,0,1,0,0,0,0,2,1,6,6,2,25,5,1248,2,10,VAUXHALL CORSA,8,E01012812,0,-1
2021052101575,2021,052101575,1,9,0,18,19,8,4,0,0,0,0,0,0,0,4,1,6,6,3,-1,-1,1229,1,10,VAUXHALL CORSA,-1,-1,0,-1
2021141053191,2021,141053191,2,9,0,18,19,1,5,0,0,1,0,0,0,0,1,1,5,6,1,35,6,1248,2,13,VAUXHALL CORSA,3,E01007789,0,-1
2021991075635,2021,991075635,1,9,0,18,19,5,1,0,0,0,0,0,1,0,1,1,5,6,1,20,4,1229,1,8,VAUXHALL CORSA,1,-1,0,-1
2021991113074,2021,991113074,2,9,0,4,4,6,2,0,0,0,0,0,2,0,2,1,5,6,1,27,6,1248,2,11,VAUXHALL CORSA,8,-1,0,-1
2021461043956,2021,461043956,1,9,0,18,19,1,5,0,0,1,0,0,0,0,4,1,6,6,2,58,9,1229,1,10,VAUXHALL CORSA,4,E01024384,0,-1
2021010351633,2021,010351633,1,9,0,18,19,7,3,0,0,0,0,0,0,0,4,1,6,6,2,22,5,1398,1,4,VAUXHALL CORSA,2,E01003528,0,-1
2021010295738,2021,010295738,2,9,0,99,99,9,9,99,99,9,9,99,9,99,1,9,6,6,3,-1,-1,1229,1,12,VAUXHALL CORSA,2,E01001770,0,-1
2021010343239,2021,010343239,1,9,0,5,5,0,3,0,0,1,0,0,0,0,1,1,6,6,1,20,4,1229,1,10,VAUXHALL CORSA,3,E01001147,0,-1
2021451125184,2021,451125184,1,9,0,17,19,4,8,0,0,0,1,0,7,4,4,1,2,2,1,19,4,1229,1,11,VAUXHALL CORSA,10,E01030632,0,-1
2021010309487,2021,010309487,2,9,0,99,99,9,9,99,99,9,9,99,9,99,1,9,6,6,3,21,5,1229,1,13,VAUXHALL CORSA,1,E01033035,0,-1
2021052102109,2021,052102109,2,9,0,3,3,5,1,0,0,0,0,0,0,0,1,1,6,6,2,41,7,1229,1,10,VAUXHALL CORSA,4,E01006998,0,-1
2021302100362,2021,302100362,2,9,0,2,2,0,0,0,0,0,0,4,0,0,2,1,6,6,2,27,6,1398,1,5,VAUXHALL CORSA,7,E01005983,0,-1
2021421026289,2021,421026289,1,9,0,18,19,2,6,0,0,0,0,0,0,0,1,1,1,1,2,19,4,1248,2,9,VAUXHALL CORSA,5,E01022051,0,-1
2021351084233,2021,351084233,1,9,0,18,19,3,7,0,0,0,0,0,0,0,2,1,6,6,2,54,8,1398,1,6,VAUXHALL CORSA,7,E01018085,0,-1
2021351092808,2021,351092808,2,9,0,18,19,7,3,0,0,8,0,0,7,1,1,1,6,6,2,26,6,1229,1,12,VAUXHALL CORSA,-1,-1,0,-1
2021041026167,2021,041026167,2,9,0,18,19,1,5,0,0,1,0,0,0,0,1,1,2,2,2,27,6,1229,1,14,VAUXHALL CORSA,1,E01024875,0,-1
2021501132759,2021,501132759,2,9,0,17,19,2,6,0,0,0,0,0,0,0,1,1,2,2,2,32,6,1398,1,3,VAUXHALL CORSA,4,E01018962,0,-1
2021141085814,2021,141085814,2,9,0,5,5,7,3,9,9,0,0,0,0,0,4,1,2,2,2,25,5,1398,1,6,VAUXHALL CORSA,8,E01008141,0,-1
2021031101948,2021,031101948,2,9,0,10,10,5,4,0,0,1,0,0,0,0,2,1,6,6,2,58,9,1398,1,5,VAUXHALL CORSA,6,E01019146,0,-1
2021401020531,2021,401020531,2,9,0,2,2,0,0,0,0,0,0,0,0,0,2,1,6,6,3,-1,-1,1248,2,16,VAUXHALL CORSA,-1,-1,0,-1
2021461094249,2021,461094249,3,9,0,18,19,4,8,0,0,0,0,0,0,0,2,1,5,6,1,23,5,-1,3,1,VAUXHALL CORSA,10,E01023996,0,-1
2021101014730,2021,101014730,2,9,0,18,19,4,8,0,0,0,2,0,4,0,1,1,5,6,2,32,6,1229,1,12,VAUXHALL CORSA,4,E01008247,0,-1
2021451041498,2021,451041498,1,9,0,18,19,3,7,0,0,2,1,0,7,4,1,1,5,6,1,19,4,1229,1,12,VAUXHALL CORSA,8,E01030927,0,-1
2021201025247,2021,201025247,2,9,0,2,2,0,0,0,0,0,0,0,0,0,4,1,6,6,3,-1,-1,1398,1,2,VAUXHALL CORSA,-1,-1,0,-1
2021010314985,2021,010314985,2,9,0,5,5,3,7,0,0,6,0,0,0,0,1,1,6,6,2,42,7,1229,1,10,VAUXHALL CORSA,8,E01002495,0,-1
2021440500427,2021,440500427,1,9,0,18,19,6,2,0,0,1,0,0,1,1,4,1,6,6,2,62,9,1229,1,6,VAUXHALL CORSA,7,E01022630,0,-1
2021070162763,2021,070162763,1,9,0,5,5,1,5,0,0,2,0,0,0,0,3,1,6,6,1,31,6,1199,1,21,VAUXHALL CORSA,3,E01018447,0,-1
202131P066321,2021,31P066321,1,9,0,15,15,5,2,0,0,0,0,0,2,7,3,1,2,2,2,26,6,1199,1,18,VAUXHALL CORSA,7,E01028289,0,-1
2021421029528,2021,421029528,1,9,0,9,9,1,7,0,0,6,0,0,0,0,1,1,5,6,2,37,7,1199,1,17,VAUXHALL CORSA,6,E01023942,0,-1
2021201121952,2021,201121952,2,9,0,18,19,5,1,0,0,0,0,0,0,0,3,1,6,6,1,19,4,1364,1,13,VAUXHALL CORSA,6,E01031022,0,-1
2021061073670,2021,061073670,1,9,0,18,19,3,7,0,0,8,0,0,0,0,1,1,6,6,2,32,6,1398,1,10,VAUXHALL CORSA,1,E01005497,0,-1
2021302101474,2021,302101474,2,9,0,4,4,6,2,0,0,1,0,0,0,0,3,1,6,6,2,22,5,1598,1,3,VAUXHALL CORSA,6,E01028236,0,-1
2021010320429,2021,010320429,3,9,0,2,2,0,0,0,0,0,0,0,0,0,2,1,6,6,3,-1,-1,1229,1,14,VAUXHALL CORSA,-1,-1,0,-1
2021411124598,2021,411124598,1,9,0,18,19,7,3,0,0,2,0,0,1,1,3,1,5,6,2,78,11,1229,1,15,VAUXHALL CORSA,10,E01023693,0,-1
2021010320177,2021,010320177,2,9,0,99,99,9,9,99,99,9,9,99,9,99,9,9,6,6,1,17,4,1229,1,14,VAUXHALL CORSA,8,E01002418,0,-1
2021221084642,2021,221084642,1,9,0,17,19,8,4,0,0,8,0,4,1,11,1,1,2,2,1,23,5,998,1,9,VAUXHALL CORSA,5,E01028946,0,-1
2021201147504,2021,201147504,1,9,0,10,10,2,8,0,0,1,0,0,0,0,2,1,6,6,2,22,5,1398,1,10,VAUXHALL CORSA,1,E01009371,0,-1
2021041027482,2021,041027482,5,9,0,2,2,7,3,0,0,1,0,0,1,0,1,1,6,6,3,-1,-1,1398,1,3,VAUXHALL CORSA,-1,-1,0,-1
2021061104602,2021,061104602,1,9,0,16,19,1,8,0,0,0,0,0,0,0,1,1,6,6,1,30,6,1398,1,9,VAUXHALL CORSA,-1,-1,0,-1
2021461100455,2021,461100455,1,9,0,18,19,1,5,0,0,0,0,0,0,0,1,1,6,6,2,55,8,1398,1,2,VAUXHALL CORSA,4,E01024042,0,-1
2021991110290,2021,991110290,3,9,0,2,2,0,0,0,0,1,0,0,0,0,4,1,6,6,3,-1,-1,1229,1,9,VAUXHALL CORSA,-1,-1,0,-1
2021041030437,2021,041030437,2,9,0,18,19,1,1,0,0,0,0,0,0,0,2,2,6,6,1,41,7,1248,2,13,VAUXHALL CORSA,2,E01012630,0,-1
2021440213522,2021,440213522,2,9,0,18,19,7,2,0,0,1,0,0,0,0,1,1,6,6,1,-1,-1,1229,1,13,VAUXHALL CORSA,-1,-1,0,-1
2021421072981,2021,421072981,2,9,0,18,19,3,7,0,0,0,0,0,0,0,2,1,5,6,1,40,7,1389,1,15,VAUXHALL CORSA,2,E01021292,0,-1
2021461025314,2021,461025314,1,9,0,5,5,6,2,0,0,2,0,0,0,0,1,1,6,6,2,56,9,998,1,17,VAUXHALL CORSA,7,E01021222,0,-1
2021549870921,2021,549870921,2,9,0,18,19,5,1,0,0,0,0,10,0,0,3,1,6,6,1,24,5,1248,2,10,VAUXHALL CORSA,7,E01031978,0,-1
2021501032189,2021,501032189,2,9,0,3,3,3,7,0,0,0,0,0,0,0,2,1,1,1,1,30,6,1248,2,9,VAUXHALL CORSA,4,E01015029,0,-1
2021351027638,2021,351027638,2,9,0,18,19,5,1,0,0,0,5,0,1,11,2,1,6,6,2,53,8,1229,1,15,VAUXHALL CORSA,8,E01017992,0,-1
202106Q080006,2021,06Q080006,2,9,0,18,19,4,8,0,0,1,0,0,0,0,3,1,6,6,2,30,6,1229,1,9,VAUXHALL CORSA,2,E01005337,0,-1
2021070850683,2021,070850683,2,9,0,9,9,1,7,0,0,3,0,0,0,0,1,1,1,1,2,31,6,1248,2,13,VAUXHALL CORSA,2,E01018539,0,-1
2021440098542,2021,440098542,1,9,0,16,19,6,2,0,0,0,1,0,0,0,1,1,3,7,2,23,5,1364,1,12,VAUXHALL CORSA,10,E01016429,0,-1
2021421105779,2021,421105779,1,9,0,5,5,7,1,0,0,4,0,0,0,0,1,1,5,6,2,57,9,1364,1,12,VAUXHALL CORSA,8,E01022093,0,-1
2021041045466,2021,041045466,2,9,0,18,19,3,7,0,0,0,0,0,0,0,1,1,5,6,2,28,6,1229,1,14,VAUXHALL CORSA,1,E01012603,0,-1
2021201076509,2021,201076509,1,9,0,18,19,8,4,0,0,8,0,0,0,0,1,1,6,6,1,27,6,1229,1,7,VAUXHALL CORSA,2,E01009746,0,-1
2021101031653,2021,101031653,1,9,0,8,8,1,5,0,0,1,0,0,0,0,1,1,5,6,1,18,4,1229,1,11,VAUXHALL CORSA,1,E01008823,0,-1
2021161118029,2021,161118029,1,9,0,18,19,6,2,0,0,1,0,0,0,0,1,1,5,6,1,19,4,1229,1,6,VAUXHALL CORSA,3,E01013158,0,-1
2021471032528,2021,471032528,1,9,0,18,19,6,2,0,0,1,0,0,0,0,1,1,5,6,1,19,4,1229,1,10,VAUXHALL CORSA,6,E01031777,0,-1
2021010302047,2021,010302047,1,9,0,18,19,3,7,0,0,8,1,0,7,11,3,1,6,6,1,24,5,1199,1,1,VAUXHALL CORSA,3,E01033150,0,-1
2021440257711,2021,440257711,2,9,0,2,2,0,0,0,0,0,0,0,0,0,2,1,6,6,3,-1,-1,998,1,7,VAUXHALL CORSA,-1,-1,0,-1
2021471054557,2021,471054557,2,9,0,18,19,6,2,0,0,0,0,0,0,0,2,1,2,2,1,38,7,1229,1,10,VAUXHALL CORSA,4,E01031553,0,-1
2021211065762,2021,211065762,1,9,0,18,19,8,4,0,0,0,0,0,0,0,1,1,6,6,2,25,5,1229,1,15,VAUXHALL CORSA,7,E01032123,0,-1
202154C688421,2021,54C688421,1,9,0,18,19,1,5,0,0,1,0,0,0,0,1,1,6,6,1,24,5,1364,1,12,VAUXHALL CORSA,2,E01015558,0,-1
2021070204252,2021,070204252,1,9,0,15,15,6,2,0,0,1,0,0,0,0,1,1,6,6,2,50,8,998,1,13,VAUXHALL CORSA,2,E01018714,0,-1
2021131101160,2021,131101160,2,9,0,9,9,3,6,0,0,8,0,0,0,0,4,1,5,6,1,70,10,1398,1,3,VAUXHALL CORSA,8,E01011520,0,-1
2021010329726,2021,010329726,1,9,0,5,5,5,1,0,0,7,0,0,0,0,1,1,6,6,1,20,4,1398,1,11,VAUXHALL CORSA,-1,-1,0,-1
2021461039943,2021,461039943,1,9,0,18,19,3,7,0,0,1,0,0,0,0,1,1,5,6,2,30,6,1229,1,6,VAUXHALL CORSA,7,E01024003,0,-1
2021451104110,2021,451104110,1,9,0,9,9,7,5,0,0,6,0,0,0,0,1,1,5,6,1,18,4,1364,1,14,VAUXHALL CORSA,10,E01022848,0,-1
2021401065648,2021,401065648,1,9,0,-1,-1,-1,-1,-1,-1,1,-1,-1,-1,0,-1,1,6,6,2,19,4,1248,2,9,VAUXHALL CORSA,9,E01017495,0,-1
2021471027814,2021,471027814,2,9,0,18,19,5,1,0,0,0,0,0,0,0,1,1,5,6,1,25,5,1229,1,14,VAUXHALL CORSA,10,E01030831,0,-1
2021010301240,2021,010301240,2,9,0,99,99,9,9,99,99,9,9,99,9,99,9,9,6,6,1,-1,-1,1364,1,12,VAUXHALL CORSA,-1,-1,0,-1
2021411067571,2021,411067571,1,9,0,4,4,-1,-1,0,0,1,0,0,0,0,1,1,5,6,2,41,7,1229,1,7,VAUXHALL CORSA,5,E01023303,0,-1
2021010343916,2021,010343916,1,9,0,18,19,3,7,0,0,3,0,0,0,0,2,1,2,2,2,30,6,1364,1,12,VAUXHALL CORSA,4,E01021296,0,-1
2021371074302,2021,371074302,1,9,0,18,19,6,2,0,0,2,0,0,0,0,4,1,1,1,2,24,5,1229,1,11,VAUXHALL CORSA,2,E01030264,0,-1
2021141088125,2021,141088125,1,9,0,18,19,8,4,0,0,0,0,0,0,0,1,1,5,6,2,32,6,1398,1,4,VAUXHALL CORSA,5,E01007853,0,-1
2021991058112,2021,991058112,1,9,0,18,19,3,7,0,0,1,0,0,0,0,1,1,2,2,2,49,8,1229,1,7,VAUXHALL CORSA,9,-1,0,-1
2021522102186,2021,522102186,1,9,0,18,19,5,1,2,2,1,0,0,1,1,4,1,6,6,1,30,6,1364,1,16,VAUXHALL CORSA,-1,-1,0,-1
2021111089991,2021,111089991,2,9,0,3,3,5,1,0,0,1,1,0,0,0,2,1,5,6,1,19,4,998,1,11,VAUXHALL CORSA,10,E01008270,0,-1
2021052100132,2021,052100132,2,9,0,2,2,0,0,0,0,0,0,0,0,0,2,1,6,6,3,-1,-1,1398,1,10,VAUXHALL CORSA,-1,-1,0,-1
2021101126525,2021,101126525,2,9,0,16,19,7,3,0,0,0,0,0,0,0,1,1,5,6,2,45,7,1398,1,2,VAUXHALL CORSA,6,E01008577,0,-1
2021010319825,2021,010319825,1,9,0,1,1,5,1,0,0,8,0,0,0,0,4,1,6,6,1,22,5,1364,1,14,VAUXHALL CORSA,3,E01002048,0,-1
2021111118997,2021,111118997,1,9,0,18,19,5,1,0,0,0,1,0,0,0,1,1,6,6,1,40,7,1229,1,11,VAUXHALL CORSA,-1,-1,0,-1
2021471090670,2021,471090670,1,9,0,16,19,7,2,0,0,0,1,0,0,0,1,1,5,6,2,49,8,1199,1,18,VAUXHALL CORSA,2,E01021020,0,-1
2021041012415,2021,041012415,2,9,0,11,11,5,7,0,0,3,0,0,0,0,4,1,5,6,2,41,7,1364,1,14,VAUXHALL CORSA,9,E01025595,0,-1
2021141097093,2021,141097093,1,9,0,18,19,1,5,0,0,8,0,0,0,0,3,1,5,6,1,33,6,1248,2,14,VAUXHALL CORSA,1,E01007979,0,-1
2021131100771,2021,131100771,1,9,0,9,9,1,6,0,0,1,0,0,0,0,1,1,2,2,1,54,8,1248,2,10,VAUXHALL CORSA,-1,-1,0,-1
2021440278046,2021,440278046,2,9,0,4,4,4,8,0,0,1,0,0,0,0,2,1,6,6,1,28,6,1398,1,2,VAUXHALL CORSA,10,E01023218,0,-1
2021161026149,2021,161026149,1,9,0,18,19,6,2,0,0,0,0,4,0,0,4,1,5,6,2,18,4,1248,2,11,VAUXHALL CORSA,5,E01028031,0,-1
2021101126481,2021,101126481,1,9,0,-1,-1,4,8,-1,-1,-1,-1,-1,-1,0,4,1,5,6,2,25,5,1229,1,6,VAUXHALL CORSA,-1,-1,0,-1
2021141031411,2021,141031411,1,9,0,16,19,6,2,0,0,1,1,7,1,0,1,1,6,6,1,18,4,1364,1,17,VAUXHALL CORSA,1,E01007739,0,-1
2021201087012,2021,201087012,1,9,0,18,19,8,4,0,0,8,0,0,0,0,4,1,6,6,1,-1,-1,1248,2,13,VAUXHALL CORSA,1,E01009103,0,-1
2021111014848,2021,111014848,1,9,0,18,19,5,1,0,0,0,0,0,0,0,1,1,6,6,1,30,6,1398,1,2,VAUXHALL CORSA,-1,-1,0,-1
2021041111753,2021,041111753,2,9,0,18,19,2,4,0,0,0,0,0,0,0,1,1,5,6,1,25,5,998,1,13,VAUXHALL CORSA,1,E01012657,0,-1
2021141037437,2021,141037437,1,9,0,3,3,1,5,0,0,1,0,0,0,0,4,1,6,6,2,48,8,1229,1,12,VAUXHALL CORSA,7,E01007860,0,-1
2021010327803,2021,010327803,2,9,0,18,19,3,7,0,0,2,0,0,0,0,3,1,6,6,1,44,7,1398,1,9,VAUXHALL CORSA,3,E01004440,0,-1
2021111018189,2021,111018189,1,9,0,18,19,3,7,0,0,0,1,10,8,4,4,1,5,6,2,23,5,1398,1,7,VAUXHALL CORSA,3,E01020875,0,-1
2021010351999,2021,010351999,1,9,0,16,19,3,7,0,0,0,2,4,0,0,1,1,6,6,1,18,4,1229,1,9,VAUXHALL CORSA,8,E01001526,0,-1
2021411131492,2021,411131492,2,9,0,18,19,1,5,0,0,8,0,0,0,0,1,1,5,6,2,47,8,1229,1,13,VAUXHALL CORSA,3,E01023310,0,-1
202131A185121,2021,31A185121,1,9,0,18,19,8,4,0,0,0,0,0,0,0,1,1,2,2,2,44,7,1398,1,4,VAUXHALL CORSA,2,E01027942,0,-1
2021401064087,2021,401064087,1,9,0,15,15,7,3,0,0,0,0,4,0,0,4,1,5,6,2,52,8,1229,1,12,VAUXHALL CORSA,9,E01017372,0,-1
2021991031531,2021,991031531,2,9,0,7,7,5,7,0,0,1,0,0,0,0,2,1,6,6,1,21,5,1398,1,8,VAUXHALL CORSA,1,-1,0,-1
2021010345704,2021,010345704,1,9,0,99,99,9,9,99,99,9,9,99,9,99,9,9,6,6,1,40,7,1199,1,0,VAUXHALL CORSA,1,E01001730,0,-1
2021401087548,2021,401087548,2,9,0,18,19,1,5,0,0,0,0,0,0,0,2,1,5,6,2,54,8,1199,1,0,VAUXHALL CORSA,7,E01015695,0,-1
2021501107523,2021,501107523,1,9,0,18,19,7,3,0,0,0,0,0,0,0,1,1,2,2,2,25,5,1364,1,12,VAUXHALL CORSA,3,E01019042,0,-1
2021131098660,2021,131098660,1,9,0,9,9,5,2,0,0,6,0,0,0,0,1,1,6,6,3,-1,-1,1229,1,11,VAUXHALL CORSA,-1,-1,0,-1
2021201129336,2021,201129336,2,9,0,18,19,8,4,0,0,8,0,0,0,0,1,1,6,6,2,32,6,1398,1,5,VAUXHALL CORSA,5,E01010160,0,-1
202131B010921,2021,31B010921,1,9,0,17,19,1,5,0,0,0,0,0,1,4,1,1,6,6,1,39,7,1229,1,7,VAUXHALL CORSA,2,E01028044,0,-1
2021010305711,2021,010305711,1,9,0,18,19,1,5,0,0,0,0,10,0,0,3,1,6,6,1,25,5,1398,1,6,VAUXHALL CORSA,5,E01003247,0,-1
2021141058114,2021,141058114,2,9,0,9,9,7,5,0,0,1,0,0,0,0,1,1,5,6,1,19,4,1199,1,17,VAUXHALL CORSA,3,E01007337,0,-1
2021201131522,2021,201131522,2,9,0,18,19,3,7,0,0,8,0,0,0,0,1,1,6,6,1,55,8,1229,1,14,VAUXHALL CORSA,4,E01029634,0,-1
2021421126697,2021,421126697,1,9,0,18,19,7,3,0,0,0,0,7,7,0,4,1,5,6,1,35,6,1364,1,14,VAUXHALL CORSA,5,E01021443,0,-1
2021161026230,2021,161026230,1,9,0,7,7,8,2,0,0,6,0,0,0,0,1,1,1,1,1,27,6,1248,2,12,VAUXHALL CORSA,6,E01013006,0,-1
2021440118831,2021,440118831,2,9,0,3,3,4,8,0,0,0,0,0,0,0,2,1,6,6,2,45,7,1229,1,7,VAUXHALL CORSA,6,E01023140,0,-1
2021451065838,2021,451065838,1,9,0,18,19,8,4,0,0,0,0,0,0,0,1,1,5,6,2,21,5,1398,1,6,VAUXHALL CORSA,5,E01030981,0,-1
2021010308299,2021,010308299,3,9,0,18,19,7,3,0,0,1,0,0,0,0,1,1,6,6,1,23,5,1398,1,10,VAUXHALL CORSA,1,E01002089,0,-1
2021010304375,2021,010304375,2,9,0,99,99,9,9,99,99,9,9,99,9,99,9,9,6,6,3,28,6,1398,1,5,VAUXHALL CORSA,2,E01004197,0,-1
2021170H10121,2021,170H10121,1,9,0,18,19,7,3,0,0,1,0,0,0,0,1,1,6,6,2,31,6,1398,1,6,VAUXHALL CORSA,9,E01011965,0,-1
202131A175221,2021,31A175221,1,9,0,4,4,1,5,0,0,0,0,0,0,0,1,1,6,6,2,37,7,1199,1,0,VAUXHALL CORSA,4,E01027996,0,-1
2021461022499,2021,461022499,1,9,0,18,19,1,5,0,0,0,1,0,0,0,1,1,6,6,1,48,8,1364,1,12,VAUXHALL CORSA,8,E01003867,0,-1
2021131115469,2021,131115469,1,9,0,18,19,1,5,0,0,1,0,0,0,0,4,1,3,7,2,74,10,1398,1,3,VAUXHALL CORSA,7,E01011581,0,-1
2021522102185,2021,522102185,2,9,0,7,7,2,4,0,0,6,0,0,0,0,2,1,6,6,3,-1,-1,1248,2,6,VAUXHALL CORSA,-1,-1,0,-1
2021430550201,2021,430550201,2,9,0,18,19,2,7,0,0,0,0,0,0,0,2,1,2,2,2,20,4,1229,1,12,VAUXHALL CORSA,5,E01028718,0,-1
2021411116697,2021,411116697,1,9,0,18,19,6,2,0,0,0,0,0,4,0,1,1,6,6,1,29,6,1229,1,15,VAUXHALL CORSA,7,E01000178,0,-1
2021501109190,2021,501109190,1,9,0,18,19,3,7,0,0,0,0,4,0,0,4,1,6,6,1,18,4,1229,1,6,VAUXHALL CORSA,3,E01015166,0,-1
2021320427962,2021,320427962,3,9,0,2,2,6,2,0,0,0,0,0,0,0,2,1,6,6,2,51,8,1248,2,10,VAUXHALL CORSA,1,E01026126,0,-1
2021371051639,2021,371051639,1,9,0,18,19,1,6,0,0,0,0,0,0,0,1,1,5,6,2,79,11,1398,1,2,VAUXHALL CORSA,7,E01029898,0,-1
2021421096552,2021,421096552,1,9,0,18,19,2,1,0,0,0,0,4,0,0,1,1,5,6,1,18,4,1398,1,10,VAUXHALL CORSA,10,E01021384,0,-1
2021451032241,2021,451032241,1,9,0,18,19,6,2,0,0,0,0,12,0,0,1,1,1,1,1,27,6,1398,1,8,VAUXHALL CORSA,-1,-1,0,-1
2021501034900,2021,501034900,1,9,0,18,19,8,4,0,0,0,1,0,0,0,1,1,5,6,2,29,6,1229,1,12,VAUXHALL CORSA,1,E01015231,0,-1
2021041012583,2021,041012583,1,9,0,18,19,6,2,0,0,0,0,0,0,0,1,1,5,6,1,74,10,1398,1,9,VAUXHALL CORSA,3,E01012590,0,-1
2021440053021,2021,440053021,3,9,0,18,19,2,6,0,0,0,0,12,0,0,1,1,6,6,2,28,6,1248,2,9,VAUXHALL CORSA,4,E01016850,0,-1
2021231084352,2021,231084352,1,9,0,5,5,5,1,0,0,0,0,0,0,0,1,1,5,6,2,19,4,1248,2,13,VAUXHALL CORSA,6,E01031189,0,-1
2021430551225,2021,430551225,1,9,0,18,19,4,8,0,0,8,0,0,0,0,1,1,2,2,2,22,5,1364,1,12,VAUXHALL CORSA,10,E01017745,0,-1
2021141032497,2021,141032497,1,9,0,18,19,7,3,0,0,2,0,0,0,0,1,1,5,6,1,20,4,1229,1,13,VAUXHALL CORSA,1,E01008007,0,-1
2021010288428,2021,010288428,1,9,0,99,99,9,9,99,99,1,9,99,9,99,9,9,6,6,1,32,6,1398,1,5,VAUXHALL CORSA,3,E01033583,0,-1
2021010339688,2021,010339688,2,9,0,3,3,6,2,0,0,1,0,0,0,0,1,1,6,6,1,20,4,1398,1,4,VAUXHALL CORSA,5,E01003415,0,-1
2021531032248,2021,531032248,1,9,0,11,11,5,1,0,0,0,0,0,0,0,2,1,1,1,2,53,8,1229,1,6,VAUXHALL CORSA,6,E01022341,0,-1
2021991108379,2021,991108379,2,9,0,18,19,7,3,0,0,8,0,0,1,0,1,1,6,6,2,20,4,1229,1,14,VAUXHALL CORSA,4,-1,0,-1
2021161055338,2021,161055338,1,9,0,12,12,7,3,0,0,0,0,0,0,0,1,1,5,6,2,27,6,1199,1,18,VAUXHALL CORSA,1,E01012873,0,-1
2021201138829,2021,201138829,2,9,0,18,19,2,6,0,0,8,0,0,0,0,1,1,2,2,2,54,8,998,1,18,VAUXHALL CORSA,1,E01009510,0,-1
2021201118585,2021,201118585,1,9,0,4,4,3,7,0,0,0,0,0,0,0,1,1,6,6,2,22,5,1229,1,14,VAUXHALL CORSA,1,E01009581,0,-1
2021471113734,2021,471113734,1,9,0,18,19,3,7,0,0,0,0,0,0,0,1,1,6,6,1,29,6,1364,1,13,VAUXHALL CORSA,6,E01016987,0,-1
2021141017765,2021,141017765,1,9,0,2,2,1,5,0,0,0,0,0,0,0,2,1,6,6,1,25,5,1398,1,5,VAUXHALL CORSA,3,E01007514,0,-1
2021440251684,2021,440251684,1,9,0,18,19,2,6,0,0,0,0,0,0,0,1,1,6,6,2,34,6,1229,1,10,VAUXHALL CORSA,7,E01023057,0,-1
2021170M10731,2021,170M10731,1,9,0,18,19,8,4,0,0,1,0,0,0,0,4,1,6,6,1,34,6,1229,1,13,VAUXHALL CORSA,1,E01012050,0,-1
2021421026069,2021,421026069,1,9,0,18,19,3,7,0,0,0,0,0,1,0,1,1,2,2,1,20,4,1229,1,8,VAUXHALL CORSA,9,E01015857,0,-1
2021010308292,2021,010308292,3,9,0,18,19,1,5,9,9,0,0,4,0,0,1,1,6,6,2,17,4,1229,1,5,VAUXHALL CORSA,7,E01000183,0,-1
2021010300757,2021,010300757,2,9,0,18,19,5,1,0,0,0,0,0,0,0,1,1,6,6,3,-1,-1,1398,1,3,VAUXHALL CORSA,1,E01004670,0,-1
202131C166221,2021,31C166221,2,9,0,18,19,2,6,0,0,1,0,0,0,0,1,1,6,6,1,36,7,1364,1,13,VAUXHALL CORSA,2,E01013957,0,-1
2021320141643,2021,320141643,1,9,0,18,19,1,5,0,0,0,5,0,1,4,1,1,2,2,2,23,5,1248,2,12,VAUXHALL CORSA,1,E01015604,0,-1
2021070066800,2021,070066800,2,9,0,3,3,2,5,0,0,4,0,0,0,0,2,1,6,6,2,17,4,998,1,12,VAUXHALL CORSA,7,E01012501,0,-1
2021201063562,2021,201063562,2,9,0,7,7,7,1,0,0,8,0,0,7,0,2,1,6,6,1,76,11,1229,1,13,VAUXHALL CORSA,2,E01010302,0,-1