collision_index,collision_year,collision_ref_no,vehicle_reference,vehicle_type,towing_and_articulation,vehicle_manoeuvre_historic,vehicle_manoeuvre,vehicle_direction_from,vehicle_direction_to,vehicle_location_restricted_lane_historic,vehicle_location_restricted_lane,junction_location,skidding_and_overturning,hit_object_in_carriageway,vehicle_leaving_carriageway,hit_object_off_carriageway,first_point_of_impact,vehicle_left_hand_drive,journey_purpose_of_driver_historic,journey_purpose_of_driver,sex_of_driver,age_of_driver,age_band_of_driver,engine_capacity_cc,propulsion_code,age_of_vehicle,generic_make_model,driver_imd_decile,lsoa_of_driver,escooter_flag,driver_distance_banding
2021201124938,2021,201124938,1,9,0,18,19,2,6,0,0,0,0,0,0,0,1,1,6,6,2,41,7,1199,1,1,VAUXHALL CORSA,1,E01009020,0,-1
202134WNC7431,2021,34WNC7431,1,9,0,18,19,4,8,0,0,0,5,0,1,3,1,1,2,2,1,19,4,1229,1,8,VAUXHALL CORSA,7,E01027143,0,-1
2021522103085,2021,522103085,2,9,0,18,19,1,5,0,0,8,0,0,0,0,1,1,6,6,2,34,6,1398,1,11,VAUXHALL CORSA,-1,-1,0,-1
2021101090312,2021,101090312,1,9,0,13,13,4,4,0,0,4,0,0,0,0,1,1,5,6,2,32,6,1398,1,9,VAUXHALL CORSA,2,E01008460,0,-1
2021211074539,2021,211074539,3,9,0,18,19,6,2,0,0,0,0,0,0,0,2,1,5,6,1,39,7,1398,1,2,VAUXHALL CORSA,-1,-1,0,-1
2021211066320,2021,211066320,2,9,0,18,19,1,5,0,0,0,0,0,0,0,1,1,1,1,1,30,6,1398,1,6,VAUXHALL CORSA,1,E01009214,0,-1
2021991029616,2021,991029616,2,9,0,18,19,6,2,0,0,0,0,0,0,0,1,1,6,6,1,52,8,1398,1,2,VAUXHALL CORSA,4,-1,0,-1
2021320117387,2021,320117387,1,9,0,18,19,4,8,0,0,0,5,0,1,0,1,1,6,6,1,19,4,1229,1,10,VAUXHALL CORSA,10,E01026187,0,-1
2021070239635,2021,070239635,1,9,0,9,9,8,5,0,0,1,0,0,0,0,4,1,6,6,2,18,4,1229,1,13,VAUXHALL CORSA,5,E01018319,0,-1
2021440397454,2021,440397454,1,9,0,16,19,1,5,0,0,0,1,0,7,4,1,1,1,1,1,24,5,1229,1,14,VAUXHALL CORSA,5,E01022728,0,-1
2021131121053,2021,131121053,3,8,0,18,19,1,5,0,0,8,0,0,0,0,1,1,6,6,2,70,10,1364,1,12,VAUXHALL CORSA,7,E01011879,0,-1
2021010289509,2021,010289509,1,9,0,16,19,1,5,0,0,0,0,4,0,0,1,1,3,7,2,31,6,1229,1,6,VAUXHALL CORSA,-1,-1,0,-1
2021991041007,2021,991041007,2,9,0,9,9,1,7,0,0,5,0,0,0,0,4,1,6,6,2,27,6,1229,1,9,VAUXHALL CORSA,1,-1,0,-1
2021010315173,2021,010315173,1,9,0,99,99,9,9,99,99,9,9,99,9,99,9,9,6,6,1,23,5,1229,1,7,VAUXHALL CORSA,9,E01023834,0,-1
2021440491318,2021,440491318,1,9,0,16,19,2,6,0,0,0,1,0,0,0,1,1,2,2,2,20,4,998,1,9,VAUXHALL CORSA,8,E01015378,0,-1
2021041121314,2021,041121314,1,9,0,18,19,5,1,0,0,0,0,0,1,2,1,1,6,6,2,20,4,1398,1,7,VAUXHALL CORSA,4,E01025452,0,-1
2021440437214,2021,440437214,2,9,0,3,3,6,2,0,0,1,0,0,0,0,2,1,6,6,2,75,10,1229,1,9,VAUXHALL CORSA,7,E01023224,0,-1
2021430231198,2021,430231198,2,9,0,7,7,6,8,0,0,5,0,0,0,0,4,1,6,6,2,53,8,1398,1,7,VAUXHALL CORSA,10,E01016670,0,-1
2021010337695,2021,010337695,2,9,0,18,19,3,7,0,0,7,0,0,0,0,2,1,6,6,1,28,6,1398,1,7,VAUXHALL CORSA,4,E01001595,0,-1
202134WNC9061,2021,34WNC9061,1,9,0,18,19,5,1,0,0,2,0,0,0,0,1,1,6,6,2,59,9,1398,1,9,VAUXHALL CORSA,6,E01032968,0,-1
2021221094584,2021,221094584,1,9,0,18,19,4,8,0,0,0,0,0,0,0,1,1,5,6,1,26,6,1229,1,14,VAUXHALL CORSA,5,E01032357,0,-1
2021010328532,2021,010328532,1,9,0,18,19,5,1,0,0,4,0,10,1,7,1,1,6,6,1,21,5,1364,1,15,VAUXHALL CORSA,6,E01028548,0,-1
2021211148827,2021,211148827,2,9,0,9,9,4,1,0,0,4,0,0,0,0,1,1,3,7,2,37,7,1364,1,12,VAUXHALL CORSA,1,E01014218,0,-1
2021010311871,2021,010311871,2,9,9,99,99,9,9,99,99,0,9,99,9,99,9,9,6,6,2,40,7,1229,1,6,VAUXHALL CORSA,5,E01004076,0,-1
2021231014931,2021,231014931,1,9,0,1,1,1,5,0,0,0,0,4,0,0,4,1,5,6,1,22,5,1398,1,2,VAUXHALL CORSA,1,E01031090,0,-1
2021010319398,2021,010319398,1,9,0,9,9,5,2,0,0,3,0,0,0,0,4,1,2,2,2,33,6,1398,1,5,VAUXHALL CORSA,3,E01001589,0,-1
202131B186421,2021,31B186421,5,9,0,3,3,3,7,0,0,0,0,0,0,0,2,1,6,6,2,21,5,1398,1,5,VAUXHALL CORSA,3,E01026343,0,-1
2021041104504,2021,041104504,1,9,0,18,19,1,5,0,0,1,0,4,0,0,4,1,1,1,2,21,5,1248,2,13,VAUXHALL CORSA,10,E01025466,0,-1
2021543129321,2021,543129321,3,9,0,18,19,5,1,0,0,0,0,0,0,0,1,1,6,6,1,18,4,1248,2,12,VAUXHALL CORSA,6,E01032117,0,-1
2021010289991,2021,010289991,2,9,0,4,4,5,1,0,0,1,1,0,0,0,1,1,6,6,2,-1,-1,1229,1,12,VAUXHALL CORSA,-1,-1,0,-1
2021161127586,2021,161127586,2,9,0,2,2,0,0,0,0,2,0,0,0,0,3,1,6,6,3,50,8,1229,1,11,VAUXHALL CORSA,-1,-1,0,-1
2021411130920,2021,411130920,2,9,0,18,19,3,7,0,0,0,0,0,0,0,2,1,5,6,1,17,4,1229,1,6,VAUXHALL CORSA,5,E01023791,0,-1
2021440194070,2021,440194070,1,9,0,1,1,1,5,0,0,0,0,0,0,0,2,1,6,6,2,23,5,1229,1,9,VAUXHALL CORSA,5,E01031986,0,-1
2021430464732,2021,430464732,1,9,0,18,19,1,0,0,0,0,0,0,0,0,0,1,1,1,1,-1,-1,1398,1,2,VAUXHALL CORSA,-1,-1,0,-1
2021430514624,2021,430514624,1,9,0,18,19,4,8,0,0,8,0,0,0,0,4,1,6,6,1,31,6,1229,1,7,VAUXHALL CORSA,10,E01016214,0,-1
2021991068719,2021,991068719,1,9,0,5,5,6,2,0,0,1,0,0,0,0,3,1,5,6,1,88,11,1398,1,6,VAUXHALL CORSA,7,-1,0,-1
2021461105456,2021,461105456,1,9,0,17,19,5,1,0,0,1,1,11,0,0,1,1,6,6,1,19,4,1229,1,6,VAUXHALL CORSA,7,E01032656,0,-1
2021061040430,2021,061040430,2,9,0,3,3,8,4,0,0,1,0,0,0,0,2,1,5,6,1,30,6,1598,1,8,VAUXHALL CORSA,1,E01005186,0,-1
2021141032676,2021,141032676,1,9,0,18,19,1,5,0,0,0,0,0,0,0,0,1,5,6,2,29,6,1229,1,12,VAUXHALL CORSA,6,E01008151,0,-1
2021101091315,2021,101091315,1,9,0,18,19,6,2,0,0,8,0,0,0,0,1,1,5,6,1,19,4,1229,1,12,VAUXHALL CORSA,-1,-1,0,-1
2021010311356,2021,010311356,1,9,0,9,9,2,1,2,2,1,0,0,0,0,1,1,6,6,2,32,6,1398,1,3,VAUXHALL CORSA,3,E01001844,0,-1
202131D013021,2021,31D013021,3,9,0,18,19,2,6,0,0,8,0,0,1,0,1,1,6,6,2,40,7,1398,1,11,VAUXHALL CORSA,5,E01028237,0,-1
2021302100352,2021,302100352,1,9,0,18,19,4,6,0,0,1,0,0,0,0,3,1,6,6,2,39,7,1229,1,8,VAUXHALL CORSA,9,E01019412,0,-1
2021061132330,2021,061132330,1,9,0,3,3,6,2,0,0,0,0,0,0,0,2,1,6,6,1,41,7,1598,1,10,VAUXHALL CORSA,6,E01004904,0,-1
2021131126532,2021,131126532,4,9,0,18,19,5,1,0,0,1,0,0,1,0,3,1,6,6,1,25,5,-1,-1,-1,VAUXHALL CORSA,3,E01011307,0,-1
2021201135834,2021,201135834,1,9,0,18,19,4,8,0,0,0,0,0,0,0,1,1,6,6,1,-1,-1,-1,-1,-1,VAUXHALL CORSA,-1,-1,0,-1
2021061075153,2021,061075153,2,9,0,13,13,3,7,0,0,8,0,0,0,0,4,1,6,6,3,30,6,1229,1,13,VAUXHALL CORSA,-1,-1,0,-1
2021991071881,2021,991071881,1,9,0,18,19,6,1,0,0,1,0,4,0,0,1,1,5,6,2,22,5,1229,1,11,VAUXHALL CORSA,2,-1,0,-1
2021421093578,2021,421093578,1,9,0,9,9,7,5,0,0,6,0,0,0,0,1,1,5,6,1,61,9,1398,1,5,VAUXHALL CORSA,4,E01022016,0,-1
2021052102932,2021,052102932,2,9,0,18,19,5,1,0,0,0,0,0,0,0,1,1,6,6,1,20,4,1229,1,12,VAUXHALL CORSA,2,E01032511,0,-1
2021430455214,2021,430455214,1,9,0,9,9,6,3,0,0,6,0,0,0,0,1,1,1,1,1,32,6,1229,1,12,VAUXHALL CORSA,2,E01002031,0,-1
2021430245747,2021,430245747,2,9,0,8,8,2,4,0,0,1,0,0,0,0,2,1,2,2,2,29,6,1248,2,10,VAUXHALL CORSA,8,E01016711,0,-1
202131D025521,2021,31D025521,1,9,0,18,19,4,8,0,0,8,0,0,0,0,1,1,2,2,1,21,5,998,1,9,VAUXHALL CORSA,6,E01025747,0,-1
2021440469809,2021,440469809,1,9,0,18,19,4,8,0,0,1,0,0,0,0,1,1,6,6,2,23,5,1398,1,9,VAUXHALL CORSA,-1,-1,0,-1
2021401085332,2021,401085332,1,9,0,7,7,4,8,0,0,6,0,0,7,0,1,1,6,6,1,81,11,1398,1,7,VAUXHALL CORSA,4,E01015723,0,-1
2021440421133,2021,440421133,2,9,0,18,19,5,2,0,0,0,0,0,0,0,1,1,6,6,1,55,8,1398,1,4,VAUXHALL CORSA,3,E01023157,0,-1
2021501025771,2021,501025771,1,9,0,18,19,7,3,0,0,0,5,0,1,4,1,1,2,2,1,25,5,1364,1,14,VAUXHALL CORSA,6,E01020119,0,-1
2021201060614,2021,201060614,2,9,0,3,3,8,4,0,0,1,0,0,0,0,1,1,6,6,2,34,6,1248,2,12,VAUXHALL CORSA,1,E01010275,0,-1
2021461043785,2021,461043785,2,9,0,7,7,3,7,0,0,3,0,0,0,0,4,1,6,6,2,50,8,1229,1,14,VAUXHALL CORSA,2,E01023973,0,-1
2021461051834,2021,461051834,2,9,0,18,19,6,2,0,0,0,0,0,0,0,1,1,5,6,2,19,4,1229,1,14,VAUXHALL CORSA,2,E01000041,0,-1
2021991036571,2021,991036571,2,9,0,17,19,3,2,0,0,8,0,0,0,0,4,1,5,6,2,45,7,1398,1,4,VAUXHALL CORSA,6,-1,0,-1
2021061024943,2021,061024943,1,9,0,5,5,5,1,0,0,8,0,0,0,0,1,1,6,6,2,21,5,1398,1,5,VAUXHALL CORSA,1,E01005529,0,-1
202134WNC0251,2021,34WNC0251,3,9,0,3,3,3,7,0,0,0,0,0,0,0,2,1,2,2,2,23,5,1199,1,1,VAUXHALL CORSA,5,E01016771,0,-1
2021401102581,2021,401102581,1,9,0,18,19,5,1,0,0,0,0,0,0,0,1,1,5,6,1,67,10,1229,1,10,VAUXHALL CORSA,3,E01015783,0,-1
2021351106076,2021,351106076,2,9,0,3,3,3,7,0,0,8,0,0,0,0,2,1,5,6,2,56,9,1398,1,11,VAUXHALL CORSA,5,E01017974,0,-1
202154A555921,2021,54A555921,1,9,0,18,19,2,6,0,0,0,0,0,0,0,1,1,6,6,2,21,5,1199,1,0,VAUXHALL CORSA,8,E01015486,0,-1
2021122101502,2021,122101502,1,9,0,18,19,1,3,0,0,0,1,0,1,4,1,1,2,2,1,20,4,998,1,7,VAUXHALL CORSA,5,E01027752,0,-1
2021010338779,2021,010338779,1,9,0,18,19,7,3,0,0,9,0,99,0,0,9,9,6,6,2,34,6,1229,1,13,VAUXHALL CORSA,5,E01000131,0,-1
2021141048556,2021,141048556,2,9,0,9,9,2,8,0,0,2,0,0,0,0,3,1,5,6,1,20,4,1398,1,9,VAUXHALL CORSA,1,E01033269,0,-1
2021461054407,2021,461054407,2,9,0,4,4,7,3,0,0,2,0,0,0,0,1,1,6,6,2,24,5,1229,1,14,VAUXHALL CORSA,8,E01016122,0,-1
2021010294564,2021,010294564,1,9,0,18,19,5,1,0,0,1,0,0,0,0,1,1,6,6,1,68,10,1398,1,2,VAUXHALL CORSA,1,E01002037,0,-1
2021170L20421,2021,170L20421,1,9,0,18,19,8,4,0,0,8,0,0,0,0,3,1,6,6,1,34,6,1199,1,1,VAUXHALL CORSA,1,E01012085,0,-1
2021010351434,2021,010351434,2,9,0,9,9,7,5,0,0,8,0,0,0,0,4,1,6,6,2,27,6,1398,1,5,VAUXHALL CORSA,-1,-1,0,-1
2021461079711,2021,461079711,2,9,0,3,3,5,1,0,0,0,0,0,0,0,2,1,6,6,2,27,6,1364,1,2,VAUXHALL CORSA,7,E01024846,0,-1
2021401025322,2021,401025322,1,9,0,7,7,7,1,0,0,3,0,0,0,0,3,1,1,1,1,36,7,1229,1,9,VAUXHALL CORSA,7,E01018185,0,-1
2021010340060,2021,010340060,1,9,0,99,99,9,9,99,99,0,9,99,9,99,2,9,2,2,1,52,8,1398,1,10,VAUXHALL CORSA,9,E01024297,0,-1
2021421097256,2021,421097256,4,9,0,18,19,3,7,0,0,0,0,0,0,0,2,1,5,6,2,31,6,1364,1,12,VAUXHALL CORSA,7,E01021722,0,-1
2021991167951,2021,991167951,2,9,0,18,19,8,4,0,0,8,0,0,0,0,1,1,5,6,1,67,10,1199,1,19,VAUXHALL CORSA,1,-1,0,-1
2021041057362,2021,041057362,1,9,0,7,7,2,1,0,0,0,0,0,0,0,1,1,2,2,2,24,5,1364,1,13,VAUXHALL CORSA,1,E01025260,0,-1
2021522104848,2021,522104848,1,9,0,18,19,1,5,0,0,2,0,0,0,0,1,1,6,6,1,29,6,1364,1,13,VAUXHALL CORSA,-1,-1,0,-1
2021010299508,2021,010299508,1,9,0,99,99,9,9,99,99,0,9,99,9,99,9,1,6,6,3,-1,-1,1199,1,1,VAUXHALL CORSA,3,E01000622,0,-1
2021010347863,2021,010347863,3,9,0,1,1,7,5,0,0,0,0,4,0,0,3,1,6,6,2,24,5,1199,1,1,VAUXHALL CORSA,6,E01000816,0,-1
2021522106007,2021,522106007,1,9,0,18,19,6,2,0,0,0,0,0,0,0,4,1,6,6,1,20,4,1398,1,5,VAUXHALL CORSA,4,E01014401,0,-1
2021371136204,2021,371136204,2,9,0,18,19,6,2,0,0,2,0,0,0,0,4,1,5,6,2,44,7,1398,1,10,VAUXHALL CORSA,5,E01018035,0,-1
2021302101832,2021,302101832,1,9,0,9,9,8,6,0,0,6,0,0,0,0,1,1,6,6,1,40,7,1229,1,13,VAUXHALL CORSA,1,E01013568,0,-1
2021010351428,2021,010351428,1,9,0,9,9,7,5,0,0,8,0,0,0,0,1,1,2,2,1,27,6,999,1,5,VAUXHALL CORSA,1,E01001426,0,-1
2021440335193,2021,440335193,3,9,0,4,4,7,3,0,0,0,1,0,0,0,3,1,6,6,2,29,6,1398,1,3,VAUXHALL CORSA,6,E01032525,0,-1
2021421038574,2021,421038574,1,9,0,14,14,1,4,0,0,1,0,0,0,0,1,1,5,6,1,31,6,1398,1,7,VAUXHALL CORSA,4,E01015907,0,-1
2021141046194,2021,141046194,3,9,0,18,19,6,1,0,0,1,0,4,0,0,1,1,5,6,1,51,8,1248,2,17,VAUXHALL CORSA,5,E01008105,0,-1
2021041104330,2021,041104330,4,9,0,2,2,0,0,9,9,1,0,0,0,0,2,1,6,6,3,-1,-1,973,1,18,VAUXHALL CORSA,-1,-1,0,-1
20211381Q1690,2021,1381Q1690,1,9,0,16,19,8,3,0,0,0,1,0,1,4,3,1,6,6,1,20,4,1248,2,9,VAUXHALL CORSA,3,E01011298,0,-1
2021201029107,2021,201029107,1,9,0,1,1,-1,-1,5,5,0,0,0,0,0,2,1,6,6,3,-1,-1,1248,2,10,VAUXHALL CORSA,-1,-1,0,-1
2021122101339,2021,122101339,2,9,0,18,19,5,1,0,0,8,0,0,0,0,1,1,6,6,2,61,9,1229,1,9,VAUXHALL CORSA,7,E01027782,0,-1
2021170H10041,2021,170H10041,1,9,0,18,19,1,5,0,0,8,0,0,0,0,4,1,6,6,2,20,4,1398,1,8,VAUXHALL CORSA,1,E01012050,0,-1
2021201149142,2021,201149142,1,9,0,18,19,5,1,0,0,0,0,0,0,0,1,1,2,2,2,26,6,1248,2,10,VAUXHALL CORSA,4,E01009176,0,-1
2021440289903,2021,440289903,2,9,0,5,5,4,2,4,4,8,0,0,0,0,1,1,6,6,1,25,5,1398,1,8,VAUXHALL CORSA,1,E01022905,0,-1
2021010348445,2021,010348445,1,9,0,99,99,9,9,99,99,9,9,99,9,99,9,9,6,6,2,22,5,1398,1,2,VAUXHALL CORSA,6,E01001309,0,-1
2021430357894,2021,430357894,1,9,0,18,19,4,7,0,0,8,0,0,0,0,1,1,6,6,2,55,8,1229,1,9,VAUXHALL CORSA,7,E01017909,0,-1
202134NNC7041,2021,34NNC7041,1,9,0,16,19,7,3,0,0,2,2,0,1,0,4,1,6,6,2,26,6,1398,1,7,VAUXHALL CORSA,9,E01027042,0,-1
2021421119217,2021,421119217,1,9,0,18,19,5,1,0,0,1,0,0,0,0,1,1,6,6,2,20,4,1364,1,12,VAUXHALL CORSA,8,E01021924,0,-1
2021010289887,2021,010289887,1,9,0,18,19,5,1,0,0,8,0,0,0,0,1,1,6,6,1,24,5,1229,1,12,VAUXHALL CORSA,4,E01001174,0,-1
2021010288057,2021,010288057,2,9,0,18,19,7,3,0,0,0,0,10,7,4,1,1,6,6,1,25,5,1229,1,13,VAUXHALL CORSA,8,E01001523,0,-1
2021010299127,2021,010299127,2,9,0,99,99,9,9,99,99,9,9,99,9,99,1,9,6,6,3,-1,-1,1364,1,13,VAUXHALL CORSA,5,E01003224,0,-1
2021461090609,2021,461090609,1,9,0,7,7,3,7,0,0,1,0,0,0,0,1,1,2,2,1,29,6,1248,2,6,VAUXHALL CORSA,6,E01024335,0,-1
2021131077561,2021,131077561,2,9,0,18,19,6,2,0,0,0,0,0,0,0,1,1,5,6,1,66,10,1389,1,21,VAUXHALL CORSA,7,E01010917,0,-1
2021552101208,2021,552101208,1,9,0,18,19,8,4,0,0,0,0,0,0,0,1,1,2,2,2,33,6,1398,1,4,VAUXHALL CORSA,1,E01015282,0,-1
2021991022883,2021,991022883,1,9,0,15,15,7,3,7,6,0,2,0,1,0,1,1,5,6,1,16,4,1199,1,20,VAUXHALL CORSA,1,-1,0,-1
2021131065076,2021,131065076,1,9,0,18,19,3,7,0,0,0,0,0,0,0,1,1,6,6,3,-1,-1,1229,1,11,VAUXHALL CORSA,-1,-1,0,-1
2021451111675,2021,451111675,1,9,0,9,9,3,5,0,0,8,0,0,0,0,4,1,5,6,2,85,11,1398,1,7,VAUXHALL CORSA,8,E01030591,0,-1
2021991020308,2021,991020308,1,9,0,18,19,7,3,0,0,0,0,0,0,0,1,1,5,6,2,54,8,1398,1,5,VAUXHALL CORSA,3,-1,0,-1
2021461027554,2021,461027554,2,9,0,18,19,4,8,0,0,0,0,4,0,0,2,1,3,7,2,40,7,1199,1,1,VAUXHALL CORSA,6,E01024216,0,-1
2021101058193,2021,101058193,3,9,0,4,4,4,8,0,0,1,0,0,0,0,2,1,5,6,2,74,10,1398,1,6,VAUXHALL CORSA,-1,-1,0,-1
2021430368292,2021,430368292,2,9,0,18,19,4,8,0,0,1,0,0,0,0,1,1,6,6,1,-1,-1,1229,1,9,VAUXHALL CORSA,-1,-1,0,-1
2021401100616,2021,401100616,1,9,0,18,19,4,5,0,0,0,0,0,0,0,1,1,5,6,1,58,9,1199,1,21,VAUXHALL CORSA,3,E01013743,0,-1
2021201041559,2021,201041559,1,9,0,12,12,3,7,0,0,1,0,0,0,0,3,1,5,6,1,23,5,1248,2,13,VAUXHALL CORSA,4,E01009894,0,-1
2021361067537,2021,361067537,2,9,0,7,7,4,8,0,0,0,0,0,0,0,2,1,5,6,2,18,4,1229,1,10,VAUXHALL CORSA,6,E01026612,0,-1
2021440339123,2021,440339123,1,9,0,9,9,4,8,0,0,5,0,0,0,0,1,1,6,6,1,28,6,1229,1,9,VAUXHALL CORSA,2,E01017155,0,-1
2021520200983,2021,520200983,2,9,0,5,5,3,7,0,0,8,0,0,0,0,1,1,6,6,2,29,6,1229,1,11,VAUXHALL CORSA,5,E01029215,0,-1
2021201143749,2021,201143749,2,9,0,18,19,4,8,0,0,0,0,0,0,0,1,1,2,2,2,50,8,1398,1,6,VAUXHALL CORSA,2,E01009014,0,-1
2021440002394,2021,440002394,1,9,0,2,2,0,0,6,6,0,0,0,0,0,2,1,6,6,1,21,5,1229,1,6,VAUXHALL CORSA,7,E01017223,0,-1
2021131119932,2021,131119932,1,9,0,16,19,1,5,0,0,0,1,0,7,11,1,1,5,6,1,19,4,1398,1,5,VAUXHALL CORSA,9,E01011177,0,-1
2021010289509,2021,010289509,3,9,0,2,2,0,0,0,0,0,0,0,0,0,2,1,6,6,3,-1,-1,1229,1,13,VAUXHALL CORSA,-1,-1,0,-1
2021461072778,2021,461072778,3,9,0,4,4,1,5,0,0,0,0,0,0,0,2,1,6,6,1,-1,-1,1364,1,12,VAUXHALL CORSA,4,E01016164,0,-1
2021052100132,2021,052100132,1,9,0,18,19,8,4,0,0,0,0,0,0,0,1,1,6,6,1,74,10,1229,1,16,VAUXHALL CORSA,8,E01007241,0,-1
2021170S20791,2021,170S20791,2,9,0,18,19,8,4,0,0,4,0,0,0,0,1,1,6,6,1,20,4,973,1,20,VAUXHALL CORSA,1,E01033471,0,-1
2021451092293,2021,451092293,1,9,0,4,4,3,7,0,0,0,0,0,0,0,2,1,2,2,2,32,6,1229,1,14,VAUXHALL CORSA,5,E01004188,0,-1
2021041086071,2021,041086071,1,9,0,18,19,1,5,9,9,0,0,0,0,0,1,1,2,2,1,46,8,1229,1,6,VAUXHALL CORSA,1,E01024856,0,-1
2021010338295,2021,010338295,1,9,0,18,19,1,5,0,0,8,0,0,0,0,1,1,6,6,2,19,4,1229,1,9,VAUXHALL CORSA,3,E01001449,0,-1
2021302100307,2021,302100307,1,9,0,18,19,2,6,0,0,4,0,0,0,0,2,1,6,6,1,84,11,1199,1,18,VAUXHALL CORSA,4,E01013494,0,-1
2021471038849,2021,471038849,1,9,0,18,19,3,7,0,0,0,5,0,7,4,1,1,6,6,2,20,4,1199,1,18,VAUXHALL CORSA,10,E01031720,0,-1
2021302101821,2021,302101821,1,9,0,14,14,2,6,0,0,0,0,0,0,0,1,1,6,6,2,39,7,1229,1,7,VAUXHALL CORSA,3,E01013547,0,-1
2021520106014,2021,520106014,1,9,0,18,19,3,7,0,0,8,0,0,0,0,1,1,6,6,2,22,5,998,1,14,VAUXHALL CORSA,8,E01029089,0,-1
2021010329242,2021,010329242,1,9,0,5,5,1,5,0,0,2,2,11,2,10,1,1,6,6,2,20,4,1398,1,5,VAUXHALL CORSA,-1,-1,0,-1
2021201059186,2021,201059186,2,9,0,18,19,2,6,0,0,8,0,0,0,0,4,1,6,6,1,29,6,1398,1,5,VAUXHALL CORSA,1,E01010435,0,-1
2021161126474,2021,161126474,1,9,0,16,19,5,1,0,0,0,0,0,0,0,1,1,5,6,2,18,4,1229,1,14,VAUXHALL CORSA,4,E01012829,0,-1
2021430399007,2021,430399007,2,9,0,9,9,4,2,0,0,8,1,0,0,0,2,1,6,6,1,20,4,1229,1,13,VAUXHALL CORSA,-1,-1,0,-1
202134NNC2591,2021,34NNC2591,2,9,0,18,19,4,8,0,0,1,0,0,0,0,1,1,6,6,1,34,6,1398,1,5,VAUXHALL CORSA,2,E01027330,0,-1
2021122101150,2021,122101150,1,9,0,18,19,3,7,0,0,8,0,0,0,0,1,1,2,2,1,41,7,1398,1,4,VAUXHALL CORSA,7,E01027860,0,-1
2021461039519,2021,461039519,2,9,0,2,2,0,0,0,0,0,0,0,0,0,3,1,6,6,1,32,6,1199,1,1,VAUXHALL CORSA,1,E01016049,0,-1
2021440419075,2021,440419075,1,9,0,18,19,7,3,0,0,1,0,0,0,0,1,1,6,6,2,21,5,1229,1,12,VAUXHALL CORSA,10,E01030616,0,-1
2021440425157,2021,440425157,1,9,0,17,19,8,4,0,0,0,0,0,1,1,1,1,6,6,2,26,6,1229,1,13,VAUXHALL CORSA,4,E01023077,0,-1
2021061095020,2021,061095020,2,9,0,8,8,3,5,0,0,1,0,0,0,0,4,1,5,6,3,30,6,1389,1,16,VAUXHALL CORSA,-1,-1,0,-1
2021141067610,2021,141067610,2,9,0,18,19,4,8,0,0,0,0,0,0,0,2,1,5,6,1,24,5,1229,1,10,VAUXHALL CORSA,2,E01007783,0,-1
2021991105822,2021,991105822,2,9,0,2,2,0,0,0,0,0,0,0,0,0,3,1,6,6,3,-1,-1,1398,1,4,VAUXHALL CORSA,-1,-1,0,-1
2021401020061,2021,401020061,1,9,0,18,19,3,7,0,0,8,0,0,0,0,1,1,6,6,2,78,11,1199,1,21,VAUXHALL CORSA,10,E01017405,0,-1
2021031079439,2021,031079439,1,9,0,18,19,7,3,0,0,0,5,0,0,0,1,1,5,6,2,17,4,1248,2,12,VAUXHALL CORSA,8,E01019372,0,-1
2021471033741,2021,471033741,1,9,0,16,19,6,2,0,0,0,0,0,1,4,4,1,2,2,1,52,8,1199,1,19,VAUXHALL CORSA,1,E01016885,0,-1
2021010301581,2021,010301581,1,9,0,18,19,5,1,0,0,0,1,0,1,9,3,1,6,6,2,31,6,1229,1,8,VAUXHALL CORSA,2,E01000789,0,-1
2021522200503,2021,522200503,1,9,0,9,9,3,2,0,0,8,0,0,0,0,3,1,6,6,2,28,6,1398,1,8,VAUXHALL CORSA,7,E01014698,0,-1
2021101032610,2021,101032610,1,9,0,3,3,5,1,0,0,1,0,0,0,0,1,1,6,6,1,35,6,1229,1,13,VAUXHALL CORSA,5,E01008329,0,-1
2021622100173,2021,622100173,1,9,0,18,19,8,4,0,0,1,0,0,0,0,1,1,6,6,1,23,5,1364,1,14,VAUXHALL CORSA,5,W01001829,0,-1
2021041077940,2021,041077940,1,9,0,18,19,7,3,0,0,8,0,0,0,0,1,1,2,2,1,19,4,1229,1,13,VAUXHALL CORSA,4,E01025567,0,-1
2021010302924,2021,010302924,2,9,0,7,7,2,4,0,0,6,0,0,0,0,3,1,6,6,2,21,5,1389,1,16,VAUXHALL CORSA,4,E01004447,0,-1
2021991080468,2021,991080468,1,9,0,16,19,1,5,0,0,0,0,0,0,0,1,1,6,6,1,80,11,1229,1,7,VAUXHALL CORSA,6,-1,0,-1
2021010309125,2021,010309125,1,9,0,7,7,1,3,0,0,8,0,0,0,0,0,1,6,6,1,30,6,1364,1,14,VAUXHALL CORSA,5,E01002651,0,-1
2021031119896,2021,031119896,1,9,0,17,19,1,6,0,0,0,0,0,0,0,1,1,5,6,1,20,4,1398,1,10,VAUXHALL CORSA,6,E01019180,0,-1
202134WNC2741,2021,34WNC2741,2,9,0,18,19,8,4,0,0,8,1,0,7,9,4,1,6,6,1,20,4,1229,1,13,VAUXHALL CORSA,9,E01031161,0,-1
2021501092840,2021,501092840,1,9,0,16,19,5,1,0,0,0,0,0,0,0,1,1,2,2,1,33,6,1389,1,20,VAUXHALL CORSA,3,E01019075,0,-1
2021141097225,2021,141097225,2,9,0,9,9,5,1,0,0,0,0,0,0,0,1,1,5,6,1,27,6,1229,1,8,VAUXHALL CORSA,10,E01008043,0,-1