collision_index,collision_year,collision_ref_no,vehicle_reference,vehicle_type,towing_and_articulation,vehicle_manoeuvre_historic,vehicle_manoeuvre,vehicle_direction_from,vehicle_direction_to,vehicle_location_restricted_lane_historic,vehicle_location_restricted_lane,junction_location,skidding_and_overturning,hit_object_in_carriageway,vehicle_leaving_carriageway,hit_object_off_carriageway,first_point_of_impact,vehicle_left_hand_drive,journey_purpose_of_driver_historic,journey_purpose_of_driver,sex_of_driver,age_of_driver,age_band_of_driver,engine_capacity_cc,propulsion_code,age_of_vehicle,generic_make_model,driver_imd_decile,lsoa_of_driver,escooter_flag,driver_distance_banding
2021421053159,2021,421053159,1,9,0,18,19,6,8,0,0,0,0,0,0,0,1,1,5,6,2,21,5,1398,1,2,VAUXHALL CORSA,5,E01026751,0,-1
202131D082721,2021,31D082721,2,9,0,18,19,8,4,0,0,0,0,0,0,0,1,1,6,6,2,19,4,1229,1,10,VAUXHALL CORSA,7,E01028387,0,-1
2021401044865,2021,401044865,2,9,0,2,2,0,0,0,0,8,0,0,0,0,4,1,6,6,1,45,7,1229,1,14,VAUXHALL CORSA,1,E01015789,0,-1
202131B122421,2021,31B122421,1,9,0,16,19,8,4,0,0,0,5,0,1,0,4,1,6,6,1,19,4,1229,1,11,VAUXHALL CORSA,8,E01025908,0,-1
2021302100223,2021,302100223,1,9,0,14,14,6,2,0,0,0,0,0,0,0,4,1,6,6,1,72,10,1398,1,9,VAUXHALL CORSA,6,E01019445,0,-1
2021361046864,2021,361046864,2,9,0,18,19,6,2,0,0,0,0,0,0,0,1,1,5,6,2,27,6,1398,1,5,VAUXHALL CORSA,4,E01026846,0,-1
2021411120650,2021,411120650,2,9,0,18,19,1,5,0,0,8,1,0,0,0,4,1,5,6,2,24,5,1229,1,13,VAUXHALL CORSA,9,E01023619,0,-1
2021061130011,2021,061130011,2,9,0,18,19,2,8,0,0,5,0,0,0,0,4,1,2,2,1,29,6,1398,1,9,VAUXHALL CORSA,1,E01004960,0,-1
202131C004821,2021,31C004821,1,9,0,18,19,6,2,0,0,1,5,0,1,3,1,1,6,6,1,34,6,1229,1,16,VAUXHALL CORSA,3,E01028212,0,-1
2021041088467,2021,041088467,2,9,0,18,19,3,1,0,0,1,1,0,0,0,4,1,6,6,1,51,8,1598,1,8,VAUXHALL CORSA,3,E01025571,0,-1
2021010291717,2021,010291717,1,9,0,18,19,2,6,0,0,0,0,0,0,0,2,1,2,2,1,28,6,-1,3,0,VAUXHALL CORSA,8,E01000412,0,-1
2021371086913,2021,371086913,2,9,0,3,3,2,6,0,0,1,0,0,0,0,2,1,6,6,2,64,9,1229,1,14,VAUXHALL CORSA,1,E01030277,0,-1
2021991055949,2021,991055949,1,9,0,5,5,3,7,0,0,4,0,0,0,0,1,1,6,6,2,67,10,1248,2,6,VAUXHALL CORSA,2,-1,0,-1
2021041082052,2021,041082052,2,9,0,18,19,3,7,0,0,8,5,10,0,0,4,1,5,6,1,80,11,1398,1,3,VAUXHALL CORSA,5,E01012633,0,-1
2021141095003,2021,141095003,2,9,0,18,19,5,1,0,0,1,1,0,0,0,1,1,1,1,1,28,6,1398,1,5,VAUXHALL CORSA,4,E01008155,0,-1
2021010308128,2021,010308128,1,9,0,99,99,9,9,99,99,9,9,99,9,99,2,9,6,6,2,22,5,1398,1,10,VAUXHALL CORSA,6,E01000582,0,-1
2021041121781,2021,041121781,1,9,0,9,9,5,3,0,0,8,0,0,0,0,3,1,2,2,1,24,5,1229,1,13,VAUXHALL CORSA,2,E01004865,0,-1
202163A059621,2021,63A059621,1,9,0,18,19,5,3,0,0,6,0,0,0,0,1,1,6,6,2,77,11,1229,1,8,VAUXHALL CORSA,6,W01000713,0,-1
2021231056825,2021,231056825,2,9,0,18,19,6,2,0,0,8,0,0,1,0,1,1,2,2,1,24,5,998,1,17,VAUXHALL CORSA,4,E01031165,0,-1
2021991041420,2021,991041420,2,9,0,18,19,3,7,0,0,0,1,0,0,0,2,1,5,6,2,32,6,1398,1,5,VAUXHALL CORSA,3,-1,0,-1
2021991018106,2021,991018106,1,9,0,17,19,7,3,0,0,0,1,0,8,11,1,1,2,2,2,23,5,998,1,8,VAUXHALL CORSA,3,-1,0,-1
2021371087358,2021,371087358,1,9,0,18,19,5,1,0,0,0,0,0,0,0,1,1,6,6,2,29,6,1229,1,15,VAUXHALL CORSA,1,E01026634,0,-1
2021401013638,2021,401013638,1,9,0,18,19,1,5,0,0,0,1,0,1,0,1,1,6,6,1,19,4,1398,1,7,VAUXHALL CORSA,4,E01015784,0,-1
2021302101634,2021,302101634,2,9,0,18,19,1,5,0,0,0,0,0,0,0,3,1,6,6,1,87,11,1398,1,3,VAUXHALL CORSA,7,E01013490,0,-1
2021371130646,2021,371130646,1,9,0,9,9,2,8,0,0,1,0,0,0,0,1,1,6,6,1,36,7,1398,1,6,VAUXHALL CORSA,2,E01030032,0,-1
2021461049109,2021,461049109,2,9,0,18,19,3,7,0,0,8,0,0,0,0,1,1,6,6,1,33,6,1398,1,4,VAUXHALL CORSA,10,E01016050,0,-1
2021061042492,2021,061042492,2,9,0,18,19,6,2,0,0,1,0,0,0,0,-1,1,6,6,2,30,6,1389,1,20,VAUXHALL CORSA,5,E01024796,0,-1
2021070124799,2021,070124799,1,9,0,18,19,8,4,0,0,8,0,0,0,0,1,1,6,6,2,56,9,1199,1,1,VAUXHALL CORSA,10,E01018702,0,-1
2021061029762,2021,061029762,2,9,0,18,19,1,1,0,0,0,1,0,0,0,3,1,6,6,1,30,6,1229,1,7,VAUXHALL CORSA,-1,-1,0,-1
2021052101685,2021,052101685,1,9,0,18,19,3,7,0,0,6,0,0,0,0,1,1,6,6,2,35,6,1364,1,14,VAUXHALL CORSA,1,E01007304,0,-1
2021440048313,2021,440048313,1,9,0,11,11,5,2,0,0,1,0,0,0,0,4,1,6,6,1,41,7,1229,1,13,VAUXHALL CORSA,5,E01017027,0,-1
2021430487000,2021,430487000,1,9,0,18,19,6,2,0,0,0,0,0,0,0,1,1,6,6,2,19,4,1229,1,9,VAUXHALL CORSA,10,E01016602,0,-1
2021010298664,2021,010298664,2,9,0,99,99,9,9,99,99,9,9,99,9,99,9,9,6,6,3,53,8,1389,1,17,VAUXHALL CORSA,3,E01000132,0,-1
2021010294688,2021,010294688,2,9,0,99,99,9,9,99,99,9,9,99,9,99,1,9,6,6,3,-1,-1,1229,1,11,VAUXHALL CORSA,-1,-1,0,-1
2021010314144,2021,010314144,1,9,0,18,19,5,1,0,0,0,0,11,0,0,1,1,6,6,2,40,7,1229,1,11,VAUXHALL CORSA,2,E01003911,0,-1
2021131090777,2021,131090777,2,9,0,-1,-1,-1,-1,-1,-1,0,-1,-1,-1,-1,-1,1,6,6,2,19,4,998,1,10,VAUXHALL CORSA,7,E01011708,0,-1
2021070585054,2021,070585054,1,9,0,5,5,2,6,0,0,0,0,0,0,0,1,1,6,6,2,19,4,998,1,13,VAUXHALL CORSA,3,E01018731,0,-1
2021401040439,2021,401040439,1,9,0,9,9,6,4,0,0,0,0,0,1,4,1,1,5,6,1,19,4,1229,1,14,VAUXHALL CORSA,7,E01017608,0,-1
2021201103507,2021,201103507,1,9,0,18,19,-1,-1,0,0,0,0,0,0,0,1,1,6,6,2,44,7,1398,1,11,VAUXHALL CORSA,3,E01009757,0,-1
2021991103431,2021,991103431,1,9,0,9,9,3,8,0,0,6,0,0,0,0,1,1,1,1,2,55,8,1199,1,0,VAUXHALL CORSA,2,-1,0,-1
2021131075607,2021,131075607,2,9,0,9,9,6,2,0,0,8,0,0,0,0,4,1,1,1,1,37,7,1398,1,3,VAUXHALL CORSA,4,E01011008,0,-1
2021201071931,2021,201071931,1,9,0,18,19,7,3,0,0,4,0,0,0,0,1,1,6,6,3,-1,-1,-1,-1,-1,VAUXHALL CORSA,-1,-1,0,-1
2021451069494,2021,451069494,2,9,0,5,5,1,5,0,0,6,0,0,0,0,3,1,5,6,2,23,5,1229,1,16,VAUXHALL CORSA,6,E01030363,0,-1
2021010329322,2021,010329322,1,9,0,4,4,5,1,0,0,1,0,0,0,0,1,1,6,6,1,29,6,1398,1,4,VAUXHALL CORSA,2,E01000938,0,-1
2021522102394,2021,522102394,2,9,0,2,2,0,0,0,0,0,0,0,0,0,3,1,6,6,2,32,6,1229,1,7,VAUXHALL CORSA,3,E01014673,0,-1
2021201090100,2021,201090100,1,9,0,18,19,6,2,0,0,2,0,0,0,0,0,1,1,1,1,-1,-1,1248,2,7,VAUXHALL CORSA,2,E01009642,0,-1
2021471061836,2021,471061836,1,9,0,9,9,2,5,0,0,2,0,0,0,0,1,1,2,2,2,62,9,1398,1,8,VAUXHALL CORSA,2,E01020925,0,-1
2021010337343,2021,010337343,2,9,0,99,99,9,9,99,99,0,9,99,9,99,3,9,6,6,1,28,6,1229,1,9,VAUXHALL CORSA,4,E01002014,0,-1
2021520201543,2021,520201543,2,9,0,18,19,3,5,0,0,8,0,0,0,0,1,1,6,6,1,19,4,1229,1,14,VAUXHALL CORSA,9,E01031329,0,-1
2021122100279,2021,122100279,1,9,0,5,5,3,7,0,0,8,0,0,0,0,1,1,6,6,1,19,4,1229,1,7,VAUXHALL CORSA,3,E01013394,0,-1
2021201044388,2021,201044388,1,9,0,18,19,7,3,0,0,0,0,0,0,0,3,1,6,6,1,37,7,1248,2,9,VAUXHALL CORSA,1,E01010370,0,-1
2021461086694,2021,461086694,1,9,0,4,4,1,1,0,0,1,0,0,0,0,1,1,6,6,2,33,6,1248,2,13,VAUXHALL CORSA,5,E01024767,0,-1
2021461094852,2021,461094852,1,9,0,18,19,3,7,0,0,0,0,0,0,0,1,1,6,6,1,18,4,1398,1,6,VAUXHALL CORSA,1,E01024507,0,-1
2021471018725,2021,471018725,4,9,0,18,19,5,1,0,0,0,0,0,0,0,1,1,2,2,2,25,5,1398,1,5,VAUXHALL CORSA,7,E01030858,0,-1
2021201110129,2021,201110129,1,9,0,4,4,4,8,0,0,1,0,0,0,0,1,1,6,6,1,-1,-1,1199,1,1,VAUXHALL CORSA,-1,-1,0,-1
2021440438372,2021,440438372,1,9,0,18,19,5,3,0,0,8,0,0,0,0,4,1,6,6,2,25,5,1229,1,16,VAUXHALL CORSA,7,E01017041,0,-1
202131C065021,2021,31C065021,1,9,0,4,4,4,8,0,0,0,0,0,0,0,2,1,6,6,2,54,8,1248,2,6,VAUXHALL CORSA,2,E01013933,0,-1
202134NNC0211,2021,34NNC0211,2,9,0,9,9,1,7,0,0,8,0,0,0,0,1,1,6,6,2,21,5,1248,2,11,VAUXHALL CORSA,-1,-1,0,-1
2021552100285,2021,552100285,1,9,0,5,5,4,2,0,0,8,0,0,0,0,3,1,6,6,1,47,8,1229,1,10,VAUXHALL CORSA,3,E01015273,0,-1
2021501088250,2021,501088250,2,9,0,17,19,7,3,0,0,0,0,0,0,0,1,1,5,6,2,50,8,1199,1,0,VAUXHALL CORSA,2,E01020103,0,-1
2021461084103,2021,461084103,1,9,0,18,19,5,1,0,0,0,0,0,0,0,1,1,2,2,2,25,5,1248,2,5,VAUXHALL CORSA,3,E01024567,0,-1
2021041062971,2021,041062971,1,9,0,18,19,5,1,0,0,1,0,0,0,0,3,1,6,6,1,46,8,1199,1,1,VAUXHALL CORSA,1,E01033226,0,-1
2021052100114,2021,052100114,1,9,0,18,19,1,5,0,0,2,0,0,0,0,1,1,6,6,2,65,9,1229,1,15,VAUXHALL CORSA,6,E01006894,0,-1
2021411026465,2021,411026465,2,9,-1,18,19,4,8,0,0,4,0,0,0,0,0,1,6,6,2,21,5,1199,1,17,VAUXHALL CORSA,7,E01023856,0,-1
2021501030542,2021,501030542,1,9,0,3,3,1,5,0,0,1,0,0,0,0,1,1,5,6,2,23,5,1199,1,19,VAUXHALL CORSA,1,E01015180,0,-1
202131A081821,2021,31A081821,2,9,0,9,9,3,2,0,0,6,0,0,0,0,1,1,2,2,1,21,5,1598,1,7,VAUXHALL CORSA,3,E01019511,0,-1
2021211145527,2021,211145527,2,9,-1,-1,-1,2,7,-1,-1,-1,-1,-1,-1,0,-1,1,6,6,2,33,6,973,1,19,VAUXHALL CORSA,1,E01014269,0,-1
2021052101024,2021,052101024,2,9,0,18,19,3,7,0,0,8,0,0,0,0,3,1,6,6,2,62,9,1398,1,3,VAUXHALL CORSA,10,E01006932,0,-1
2021471047413,2021,471047413,1,9,0,18,19,1,5,0,0,1,0,0,0,0,3,1,5,6,2,61,9,1229,1,7,VAUXHALL CORSA,4,E01021002,0,-1
2021440307139,2021,440307139,2,9,0,2,2,0,0,0,0,0,0,4,0,0,2,1,6,6,3,-1,-1,1398,1,5,VAUXHALL CORSA,-1,-1,0,-1
2021141060526,2021,141060526,1,9,0,18,19,6,2,0,0,0,0,0,0,0,1,1,5,6,1,20,4,1248,2,8,VAUXHALL CORSA,3,E01007371,0,-1
2021161027933,2021,161027933,2,9,0,18,19,4,8,0,0,1,0,0,0,0,4,1,1,1,2,59,9,1398,1,3,VAUXHALL CORSA,-1,-1,0,-1
2021522102140,2021,522102140,2,9,0,18,19,4,8,0,0,8,0,0,0,0,1,1,6,6,2,27,6,1364,1,13,VAUXHALL CORSA,-1,-1,0,-1
2021430060912,2021,430060912,1,9,0,9,9,6,4,0,0,6,0,0,0,0,1,1,6,6,1,59,9,1229,1,8,VAUXHALL CORSA,1,E01016441,0,-1
202134NNC6411,2021,34NNC6411,3,9,0,4,4,6,2,0,0,0,0,0,0,0,2,1,6,6,1,34,6,1598,1,8,VAUXHALL CORSA,10,E01026955,0,-1
2021101049973,2021,101049973,2,9,0,18,19,8,4,0,0,0,0,0,1,0,2,1,6,6,2,33,6,1248,2,13,VAUXHALL CORSA,3,E01008803,0,-1
2021361040786,2021,361040786,1,9,0,4,4,5,1,0,0,0,0,0,0,0,1,1,5,6,1,29,6,1199,1,17,VAUXHALL CORSA,5,E01026541,0,-1
2021302100823,2021,302100823,2,9,0,9,9,4,2,0,0,8,0,0,0,0,0,1,3,7,2,31,6,1229,1,9,VAUXHALL CORSA,4,E01019491,0,-1
2021552100494,2021,552100494,1,9,0,9,9,8,6,0,0,6,0,0,0,0,4,1,6,6,1,47,8,1398,1,8,VAUXHALL CORSA,6,E01020528,0,-1
2021201062774,2021,201062774,1,9,0,18,19,-1,-1,0,0,0,0,4,0,0,1,1,6,6,3,-1,-1,1229,1,11,VAUXHALL CORSA,-1,-1,0,-1
2021501030652,2021,501030652,2,9,0,4,4,3,7,0,0,0,0,0,0,0,2,1,6,6,1,54,8,1229,1,13,VAUXHALL CORSA,3,E01015143,0,-1
2021010340354,2021,010340354,2,9,9,99,99,9,9,99,99,9,9,99,9,99,9,9,6,6,1,-1,-1,1229,1,7,VAUXHALL CORSA,4,E01021863,0,-1
2021440240049,2021,440240049,1,9,0,18,19,1,5,0,0,2,1,0,5,6,1,1,2,2,2,87,11,1229,1,15,VAUXHALL CORSA,6,E01022690,0,-1
2021061051486,2021,061051486,1,9,0,1,1,5,1,0,0,5,0,4,7,1,2,1,5,6,2,80,11,1199,1,1,VAUXHALL CORSA,6,E01006371,0,-1
2021461058749,2021,461058749,2,9,0,18,19,7,3,0,0,1,0,0,0,0,1,1,6,6,2,59,9,1398,1,2,VAUXHALL CORSA,3,E01024524,0,-1
2021101090862,2021,101090862,2,9,0,2,2,7,3,0,0,0,0,0,0,0,1,1,6,6,3,-1,-1,1398,1,4,VAUXHALL CORSA,-1,-1,0,-1
202163B010721,2021,63B010721,1,9,0,13,13,2,7,0,0,0,0,0,0,0,3,1,2,2,1,19,4,1229,1,10,VAUXHALL CORSA,5,W01001370,0,-1
2021371079875,2021,371079875,1,9,0,18,19,5,1,0,0,1,0,0,0,0,4,1,5,6,1,33,6,1229,1,10,VAUXHALL CORSA,1,E01030021,0,-1
2021351060380,2021,351060380,2,9,0,4,4,-1,-1,0,0,1,0,0,0,0,2,1,6,6,2,24,5,1229,1,7,VAUXHALL CORSA,7,E01015686,0,-1
2021411121382,2021,411121382,1,9,0,18,19,7,4,0,0,0,2,0,1,0,1,1,5,6,1,51,8,1248,2,8,VAUXHALL CORSA,4,E01023403,0,-1
2021061096408,2021,061096408,2,9,0,18,19,1,5,0,0,8,0,0,0,0,1,1,6,6,1,70,10,1199,1,1,VAUXHALL CORSA,3,E01005982,0,-1
2021522105109,2021,522105109,2,9,0,18,19,5,1,0,0,0,0,0,0,0,1,1,6,6,1,33,6,-1,-1,-1,VAUXHALL CORSA,1,E01014585,0,-1
2021302101782,2021,302101782,2,9,0,3,3,5,6,0,0,1,0,0,0,0,2,1,1,1,2,32,6,1398,1,2,VAUXHALL CORSA,1,E01013586,0,-1
2021101043113,2021,101043113,2,9,0,4,4,3,1,0,0,8,0,0,0,0,1,1,2,2,2,26,6,1364,1,13,VAUXHALL CORSA,1,E01027412,0,-1
2021451068311,2021,451068311,2,9,0,5,5,8,4,0,0,1,0,0,0,0,1,1,1,1,2,31,6,1398,1,3,VAUXHALL CORSA,5,E01002652,0,-1
2021421033136,2021,421033136,2,9,0,4,4,2,8,0,0,0,0,0,0,0,1,1,6,6,1,23,5,1199,1,18,VAUXHALL CORSA,-1,-1,0,-1
2021552100663,2021,552100663,2,9,0,18,19,7,3,0,0,8,1,0,0,0,1,1,6,6,2,21,5,1229,1,6,VAUXHALL CORSA,6,E01020534,0,-1
2021991018055,2021,991018055,2,9,0,18,19,3,7,0,0,0,0,0,0,0,1,1,6,6,1,44,7,1398,1,6,VAUXHALL CORSA,1,-1,0,-1
2021221019182,2021,221019182,3,9,0,4,4,8,4,0,0,1,0,0,0,0,2,1,2,2,1,18,4,1398,1,3,VAUXHALL CORSA,-1,-1,0,-1
2021401085646,2021,401085646,1,9,0,5,5,-1,-1,0,0,0,1,0,0,0,1,1,6,6,3,-1,-1,1398,1,9,VAUXHALL CORSA,-1,-1,0,-1
2021010352228,2021,010352228,1,9,0,99,99,9,9,99,99,9,9,99,9,99,9,9,2,2,1,22,5,1229,1,15,VAUXHALL CORSA,2,E01000433,0,-1
2021101104147,2021,101104147,1,9,0,17,19,3,7,0,0,0,0,0,2,0,0,1,5,6,1,22,5,1364,1,15,VAUXHALL CORSA,10,E01027458,0,-1
2021010318541,2021,010318541,1,9,0,11,11,7,3,0,0,0,0,7,0,0,1,1,6,6,2,20,4,1364,1,13,VAUXHALL CORSA,3,E01001970,0,-1
2021552100917,2021,552100917,1,9,0,18,19,6,2,0,0,0,1,10,2,2,1,1,2,2,1,46,8,1364,1,13,VAUXHALL CORSA,7,E01020361,0,-1
2021421015489,2021,421015489,1,9,0,10,10,3,1,0,0,1,0,0,0,0,3,1,6,6,1,19,4,1199,1,19,VAUXHALL CORSA,4,E01021283,0,-1
2021461064070,2021,461064070,2,9,0,10,10,5,1,0,0,1,0,0,0,0,2,1,2,2,1,43,7,1364,1,12,VAUXHALL CORSA,6,E01016057,0,-1
2021991091281,2021,991091281,1,9,0,18,19,7,3,0,0,0,0,0,0,0,2,1,1,1,1,50,8,1398,1,6,VAUXHALL CORSA,-1,-1,0,-1
2021991014083,2021,991014083,1,9,0,18,19,1,5,0,0,8,0,0,0,0,4,1,6,6,2,34,6,1398,1,6,VAUXHALL CORSA,4,-1,0,-1
2021531027539,2021,531027539,1,9,0,18,19,5,1,0,0,0,1,0,0,0,1,1,2,2,1,61,9,1488,2,26,VAUXHALL CORSA,6,E01022194,0,-1
2021501099564,2021,501099564,1,9,0,18,19,6,2,0,0,0,0,4,0,0,1,1,5,6,1,26,6,1398,1,4,VAUXHALL CORSA,2,E01015081,0,-1
2021461128683,2021,461128683,2,9,0,8,8,5,1,0,0,8,0,0,0,0,4,1,1,1,1,22,5,-1,-1,-1,VAUXHALL CORSA,7,E01000812,0,-1
2021170H10291,2021,170H10291,2,9,0,1,1,8,4,0,0,0,0,0,0,0,2,1,6,6,3,-1,-1,1796,1,16,VAUXHALL CORSA,-1,-1,0,-1
2021622100984,2021,622100984,1,9,0,18,19,4,8,0,0,2,0,0,0,0,1,1,6,6,1,56,9,1229,1,14,VAUXHALL CORSA,4,W01001262,0,-1
20211381M0289,2021,1381M0289,1,9,0,17,19,8,5,0,0,0,1,0,1,4,1,1,1,1,2,22,5,1229,1,14,VAUXHALL CORSA,7,E01011890,0,-1
2021471066604,2021,471066604,1,9,0,9,9,1,7,0,0,8,0,0,1,2,1,1,5,6,2,55,8,1199,1,21,VAUXHALL CORSA,5,E01004753,0,-1
2021201085381,2021,201085381,2,9,0,18,19,4,8,0,0,8,0,0,0,0,1,1,2,2,2,22,5,1229,1,14,VAUXHALL CORSA,2,E01009058,0,-1
2021991102697,2021,991102697,1,9,0,16,19,6,2,0,0,1,0,4,0,0,1,1,6,6,2,35,6,1248,2,7,VAUXHALL CORSA,2,-1,0,-1
2021111131054,2021,111131054,3,9,0,18,19,4,8,0,0,0,0,0,0,0,2,1,2,2,1,37,7,1398,1,5,VAUXHALL CORSA,6,E01012290,0,-1
2021421016897,2021,421016897,1,9,0,18,19,6,2,0,0,0,0,0,2,11,1,1,6,6,2,20,4,998,1,9,VAUXHALL CORSA,7,E01021606,0,-1
2021201112614,2021,201112614,2,9,0,18,19,-1,-1,0,0,1,0,0,0,0,1,1,2,2,2,45,7,1199,1,1,VAUXHALL CORSA,1,E01033643,0,-1
2021440153603,2021,440153603,1,9,0,18,19,7,3,0,0,8,0,10,1,11,1,1,6,6,2,25,5,1199,1,1,VAUXHALL CORSA,6,E01023143,0,-1
2021141038242,2021,141038242,1,9,0,18,19,6,2,0,0,0,0,0,1,2,1,1,6,6,2,71,10,1229,1,15,VAUXHALL CORSA,1,E01008092,0,-1
2021052100189,2021,052100189,2,9,0,2,2,0,0,0,0,0,0,0,0,0,2,1,6,6,2,24,5,1229,1,13,VAUXHALL CORSA,4,E01007000,0,-1
2021461108636,2021,461108636,2,9,0,2,2,0,0,0,0,0,0,0,0,0,2,1,6,6,2,27,6,1398,1,7,VAUXHALL CORSA,7,E01024417,0,-1
2021371069234,2021,371069234,1,9,0,18,19,3,8,0,0,0,0,0,0,0,3,1,5,6,1,59,9,1398,1,11,VAUXHALL CORSA,1,E01030035,0,-1
2021010322014,2021,010322014,2,9,0,9,9,5,3,0,0,1,0,0,0,0,1,1,6,6,1,19,4,1229,1,9,VAUXHALL CORSA,7,E01030186,0,-1
2021471022820,2021,471022820,1,9,0,18,19,6,2,0,0,6,0,0,0,0,4,1,5,6,1,38,7,998,1,16,VAUXHALL CORSA,4,E01020957,0,-1
2021141013050,2021,141013050,1,9,0,7,7,5,1,0,0,8,0,0,0,0,1,1,6,6,1,39,7,998,1,10,VAUXHALL CORSA,1,E01007577,0,-1
2021101101606,2021,101101606,1,9,0,18,19,1,5,0,0,0,0,0,0,0,1,1,5,6,1,81,11,1398,1,2,VAUXHALL CORSA,10,E01027468,0,-1
2021991027183,2021,991027183,1,9,0,18,19,4,8,0,0,0,1,0,0,0,1,1,5,6,2,24,5,998,1,7,VAUXHALL CORSA,4,-1,0,-1
2021522102596,2021,522102596,2,9,0,9,9,1,7,0,0,5,0,0,0,0,4,1,6,6,2,24,5,1364,1,12,VAUXHALL CORSA,1,E01014463,0,-1
2021401102970,2021,401102970,2,9,0,-1,-1,1,1,-1,-1,0,-1,-1,-1,0,-1,1,6,6,2,50,8,1199,1,2,VAUXHALL CORSA,6,E01017550,0,-1
2021411050889,2021,411050889,2,9,0,5,5,8,4,0,0,1,0,0,0,0,1,1,1,1,2,39,7,1398,1,2,VAUXHALL CORSA,9,E01017933,0,-1
2021991044045,2021,991044045,2,9,0,3,3,8,4,0,0,0,0,0,0,0,2,1,5,6,2,19,4,1398,1,5,VAUXHALL CORSA,10,-1,0,-1
2021010326600,2021,010326600,1,9,0,99,99,9,9,99,99,0,9,99,9,99,2,1,6,6,2,33,6,1398,1,6,VAUXHALL CORSA,1,E01027244,0,-1
2021471040988,2021,471040988,1,9,0,18,19,5,1,0,0,0,1,0,0,0,4,1,1,1,1,19,4,1229,1,7,VAUXHALL CORSA,8,E01024519,0,-1
2021010340526,2021,010340526,1,9,0,5,5,1,5,0,0,1,0,0,0,0,4,1,6,6,1,27,6,1398,1,10,VAUXHALL CORSA,1,E01004273,0,-1
2021440324827,2021,440324827,1,9,0,18,19,2,6,0,0,0,0,0,0,0,1,1,6,6,1,19,4,1364,1,14,VAUXHALL CORSA,5,E01023129,0,-1
2021201143764,2021,201143764,3,9,0,3,3,6,2,0,0,1,0,0,0,0,1,1,6,6,1,36,7,1364,1,13,VAUXHALL CORSA,2,E01008984,0,-1
2021430041495,2021,430041495,2,9,0,18,19,2,6,0,0,8,0,0,0,0,4,1,6,6,1,-1,-1,1364,1,15,VAUXHALL CORSA,9,E01016345,0,-1
2021411025211,2021,411025211,1,9,0,18,19,7,3,0,0,0,0,0,1,0,1,1,6,6,1,47,8,-1,-1,-1,VAUXHALL CORSA,6,E01033308,0,-1
2021010306098,2021,010306098,1,9,0,5,5,3,7,0,0,6,0,0,0,0,1,1,6,6,1,43,7,1364,1,13,VAUXHALL CORSA,2,E01003120,0,-1
2021010325509,2021,010325509,1,9,0,99,99,9,9,99,99,9,9,99,9,99,9,9,2,2,1,26,6,1398,1,4,VAUXHALL CORSA,4,E01021817,0,-1
2021101031197,2021,101031197,1,9,0,18,19,8,4,0,0,8,0,0,0,0,1,1,6,6,1,52,8,998,1,10,VAUXHALL CORSA,6,-1,0,-1
2021361090631,2021,361090631,2,9,0,18,19,6,2,0,0,8,0,0,0,0,1,1,5,6,2,79,11,1199,1,1,VAUXHALL CORSA,7,E01026608,0,-1
2021201099533,2021,201099533,2,9,0,18,19,8,4,0,0,2,0,0,0,0,1,1,6,6,1,-1,-1,1362,1,7,VAUXHALL CORSA,-1,-1,0,-1
2021061093645,2021,061093645,1,9,0,9,9,5,3,0,0,2,0,0,0,0,1,1,5,6,1,29,6,1229,1,13,VAUXHALL CORSA,6,E01004882,0,-1
2021161127463,2021,161127463,1,9,0,18,19,6,2,0,0,1,0,0,0,0,1,1,5,6,2,19,4,1229,1,8,VAUXHALL CORSA,4,E01020852,0,-1
2021411143422,2021,411143422,1,9,0,4,4,8,4,0,0,8,0,0,0,0,1,1,6,6,1,49,8,1229,1,15,VAUXHALL CORSA,4,E01023861,0,-1
2021361097216,2021,361097216,1,9,0,18,19,5,1,0,0,0,0,0,0,0,1,1,2,2,1,22,5,1229,1,13,VAUXHALL CORSA,5,E01026715,0,-1
2021201028480,2021,201028480,1,9,0,18,19,2,6,0,0,0,0,4,0,0,1,1,6,6,3,-1,-1,998,1,16,VAUXHALL CORSA,-1,-1,0,-1
2021421031520,2021,421031520,1,9,0,18,19,5,1,0,0,1,0,0,0,0,1,1,6,6,2,20,4,1229,1,14,VAUXHALL CORSA,4,E01022050,0,-1
2021991013107,2021,991013107,1,9,0,4,4,7,3,0,0,0,0,0,0,0,1,1,5,6,1,21,5,1398,1,5,VAUXHALL CORSA,10,-1,0,-1
2021141128724,2021,141128724,4,9,0,2,2,7,3,0,0,0,1,4,0,0,1,1,6,6,3,-1,-1,1398,1,6,VAUXHALL CORSA,-1,-1,0,-1
2021010316916,2021,010316916,1,9,0,7,7,5,7,0,0,1,0,0,1,0,4,1,2,2,1,30,6,1229,1,8,VAUXHALL CORSA,2,E01003092,0,-1
2021552101038,2021,552101038,3,9,0,3,3,4,8,0,0,1,0,0,0,0,2,1,6,6,2,56,9,1229,1,7,VAUXHALL CORSA,5,E01015301,0,-1
2021991018175,2021,991018175,1,9,0,18,19,7,3,0,0,0,0,0,0,0,1,1,1,1,1,52,8,1398,1,10,VAUXHALL CORSA,5,-1,0,-1
2021101079687,2021,101079687,2,9,0,3,3,3,7,0,0,1,0,0,0,0,2,1,5,6,1,19,4,1199,1,1,VAUXHALL CORSA,7,E01027603,0,-1