collision_index,collision_year,collision_ref_no,vehicle_reference,vehicle_type,towing_and_articulation,vehicle_manoeuvre_historic,vehicle_manoeuvre,vehicle_direction_from,vehicle_direction_to,vehicle_location_restricted_lane_historic,vehicle_location_restricted_lane,junction_location,skidding_and_overturning,hit_object_in_carriageway,vehicle_leaving_carriageway,hit_object_off_carriageway,first_point_of_impact,vehicle_left_hand_drive,journey_purpose_of_driver_historic,journey_purpose_of_driver,sex_of_driver,age_of_driver,age_band_of_driver,engine_capacity_cc,propulsion_code,age_of_vehicle,generic_make_model,driver_imd_decile,lsoa_of_driver,escooter_flag,driver_distance_banding
2021411051821,2021,411051821,1,9,0,18,19,5,1,0,0,1,0,0,0,0,2,1,5,6,2,44,7,1364,1,12,VAUXHALL CORSA,6,E01023787,0,-1
2021991030481,2021,991030481,3,9,0,18,19,4,8,0,0,0,0,0,0,0,2,1,1,1,1,62,9,1229,1,6,VAUXHALL CORSA,4,-1,0,-1
2021522104103,2021,522104103,1,9,0,18,19,1,5,0,0,8,0,0,0,0,4,1,6,6,2,41,7,1229,1,6,VAUXHALL CORSA,1,E01032518,0,-1
2021201068073,2021,201068073,1,9,0,18,19,2,6,0,0,0,0,0,0,0,1,1,1,1,1,-1,-1,1248,2,4,VAUXHALL CORSA,-1,-1,0,-1
2021131073816,2021,131073816,1,9,0,5,5,0,0,0,0,0,0,0,0,0,1,1,6,6,1,83,11,1398,1,2,VAUXHALL CORSA,4,E01027892,0,-1
2021440503813,2021,440503813,1,9,0,4,4,3,7,0,0,0,0,0,0,0,1,1,6,6,2,38,7,1398,1,9,VAUXHALL CORSA,2,E01017116,0,-1
2021991063514,2021,991063514,1,9,0,9,9,5,3,0,0,8,0,0,0,0,3,1,6,6,2,21,5,1398,1,5,VAUXHALL CORSA,-1,-1,0,-1
2021991030505,2021,991030505,1,9,0,18,19,7,3,0,0,0,0,0,0,0,1,1,5,6,2,68,10,1229,1,7,VAUXHALL CORSA,8,-1,0,-1
2021201066137,2021,201066137,2,9,0,18,19,2,6,0,0,8,0,0,0,0,3,1,6,6,2,24,5,1229,1,14,VAUXHALL CORSA,3,E01010538,0,-1
2021461042524,2021,461042524,2,9,0,3,3,1,1,0,0,2,0,0,0,0,2,1,5,6,2,-1,-1,1364,1,13,VAUXHALL CORSA,4,E01016120,0,-1
2021440512014,2021,440512014,2,9,0,18,19,6,2,0,0,8,0,0,0,0,1,1,2,2,2,22,5,1364,1,13,VAUXHALL CORSA,7,E01017256,0,-1
2021201104900,2021,201104900,1,9,0,5,5,5,1,0,0,4,0,0,0,0,1,1,6,6,2,43,7,1398,1,10,VAUXHALL CORSA,4,E01009921,0,-1
2021131043596,2021,131043596,2,9,0,18,19,8,4,0,0,5,0,0,0,0,1,1,2,2,2,37,7,1398,1,9,VAUXHALL CORSA,8,E01011109,0,-1
2021401049198,2021,401049198,2,9,0,18,19,1,5,0,0,0,0,0,0,0,1,1,5,6,1,18,4,1398,1,6,VAUXHALL CORSA,5,E01023791,0,-1
2021351095366,2021,351095366,3,9,0,2,2,0,0,0,0,0,0,0,0,0,4,1,5,6,1,-1,-1,1398,1,4,VAUXHALL CORSA,-1,-1,0,-1
2021991082565,2021,991082565,1,9,0,18,19,6,1,0,0,2,5,0,0,0,1,1,6,6,2,29,6,1398,1,2,VAUXHALL CORSA,6,-1,0,-1
2021201044285,2021,201044285,3,9,0,4,4,8,4,0,0,0,0,0,0,0,2,1,6,6,1,20,4,998,1,15,VAUXHALL CORSA,5,E01009873,0,-1
2021010313322,2021,010313322,1,9,0,18,19,6,2,0,0,8,0,0,0,0,1,1,6,6,1,57,9,1229,1,14,VAUXHALL CORSA,2,E01001698,0,-1
2021440215513,2021,440215513,1,9,0,18,19,7,3,0,0,0,1,0,0,0,1,1,6,6,1,23,5,1364,1,14,VAUXHALL CORSA,10,E01022720,0,-1
2021221029110,2021,221029110,1,9,0,9,9,2,8,0,0,5,0,0,0,0,1,1,2,2,1,21,5,1398,1,5,VAUXHALL CORSA,8,E01029001,0,-1
2021302100099,2021,302100099,1,9,0,18,19,4,8,0,0,0,0,0,0,0,1,1,6,6,1,-1,-1,998,1,10,VAUXHALL CORSA,9,E01019749,0,-1
2021131039394,2021,131039394,1,9,0,18,19,2,6,0,0,8,0,0,0,0,1,1,5,6,1,57,9,-1,-1,-1,VAUXHALL CORSA,2,E01011034,0,-1
2021411066410,2021,411066410,1,9,0,4,4,5,1,0,0,2,0,0,0,0,1,1,5,6,2,48,8,1229,1,6,VAUXHALL CORSA,6,E01023804,0,-1
2021451112138,2021,451112138,1,9,0,18,19,2,7,0,0,0,0,0,0,0,1,1,2,2,1,42,7,1229,1,11,VAUXHALL CORSA,7,E01016960,0,-1
2021161034461,2021,161034461,1,9,0,7,7,5,7,0,0,2,0,0,0,0,3,1,5,6,2,20,4,1229,1,11,VAUXHALL CORSA,7,E01013007,0,-1
2021052100241,2021,052100241,1,9,0,18,19,5,1,0,0,2,0,0,0,0,3,1,6,6,2,19,4,1398,1,3,VAUXHALL CORSA,1,E01006950,0,-1
2021221121747,2021,221121747,2,9,0,1,1,3,7,0,0,5,0,0,0,0,3,1,5,6,1,75,10,1398,1,6,VAUXHALL CORSA,7,E01028988,0,-1
2021052100978,2021,052100978,2,9,0,18,19,6,2,0,0,0,0,0,0,0,1,1,2,2,2,28,6,1229,1,10,VAUXHALL CORSA,8,E01007103,0,-1
2021201125212,2021,201125212,1,9,0,1,1,3,7,0,0,0,0,7,0,0,2,1,6,6,1,51,8,1229,1,15,VAUXHALL CORSA,1,E01009361,0,-1
2021471039056,2021,471039056,3,9,0,10,10,2,8,0,0,1,0,0,0,0,2,1,6,6,1,18,4,1229,1,15,VAUXHALL CORSA,6,E01021204,0,-1
2021010344334,2021,010344334,2,9,0,9,9,3,2,0,0,6,0,0,0,0,1,1,2,2,2,46,8,1398,1,3,VAUXHALL CORSA,2,E01001361,0,-1
2021010322231,2021,010322231,3,9,0,2,2,0,0,6,6,0,0,0,0,0,0,1,6,6,3,-1,-1,1398,1,2,VAUXHALL CORSA,-1,-1,0,-1
2021451079600,2021,451079600,1,9,0,16,19,1,3,0,0,2,0,0,0,0,1,1,5,6,2,20,4,1248,2,11,VAUXHALL CORSA,7,E01030993,0,-1
2021010332258,2021,010332258,2,9,0,99,99,9,9,99,99,9,9,99,9,99,9,9,6,6,3,-1,-1,1248,2,8,VAUXHALL CORSA,10,E01003877,0,-1
2021320526734,2021,320526734,2,9,0,4,4,2,6,0,0,0,0,0,0,0,2,1,1,1,2,43,7,-1,3,0,VAUXHALL CORSA,3,E01026178,0,-1
2021520103818,2021,520103818,2,9,0,18,19,3,7,0,0,1,0,0,0,0,2,1,6,6,2,21,5,1229,1,13,VAUXHALL CORSA,7,E01032619,0,-1
2021010319718,2021,010319718,2,9,0,10,10,7,5,0,0,8,0,0,0,0,2,1,6,6,1,38,7,1364,1,12,VAUXHALL CORSA,-1,-1,0,-1
2021041019739,2021,041019739,2,9,0,18,19,2,6,0,0,0,0,0,0,0,2,1,1,1,1,51,8,1398,1,3,VAUXHALL CORSA,10,E01025278,0,-1
2021531085464,2021,531085464,1,9,0,9,9,1,5,0,0,1,1,0,1,0,1,1,1,1,1,48,8,998,1,9,VAUXHALL CORSA,5,E01025865,0,-1
2021991119715,2021,991119715,1,9,0,18,19,2,6,0,0,0,2,0,7,0,1,1,2,2,2,18,4,1398,1,7,VAUXHALL CORSA,10,-1,0,-1
2021302102068,2021,302102068,1,9,0,13,13,2,6,6,6,0,0,0,1,9,1,1,2,2,1,52,8,1364,1,14,VAUXHALL CORSA,1,E01008084,0,-1
2021201075514,2021,201075514,2,9,0,18,19,5,1,0,0,8,0,0,0,0,1,1,6,6,1,36,7,1248,2,12,VAUXHALL CORSA,4,E01009871,0,-1
2021010350660,2021,010350660,1,9,0,18,19,1,5,0,0,0,0,0,0,0,1,1,6,6,2,21,5,1364,1,12,VAUXHALL CORSA,3,E01031360,0,-1
2021201069342,2021,201069342,1,9,0,16,19,3,7,0,0,2,0,0,0,0,1,1,1,1,1,28,6,1248,2,13,VAUXHALL CORSA,2,E01009754,0,-1
2021440274211,2021,440274211,1,9,0,18,19,4,8,0,0,0,1,0,1,4,4,1,3,7,1,45,7,1229,1,10,VAUXHALL CORSA,7,E01023125,0,-1
2021421097655,2021,421097655,2,9,0,9,9,3,7,0,0,0,1,0,7,1,2,1,5,6,2,38,7,1364,1,6,VAUXHALL CORSA,2,E01021315,0,-1
20211383D0825,2021,1383D0825,2,9,0,18,19,3,1,0,0,8,0,0,0,0,3,1,6,6,2,22,5,1398,1,9,VAUXHALL CORSA,7,E01011056,0,-1
2021522200018,2021,522200018,1,9,0,3,3,1,3,0,0,0,0,0,0,0,2,1,6,6,2,55,8,1398,1,10,VAUXHALL CORSA,4,E01014623,0,-1
202131A183121,2021,31A183121,1,9,0,9,9,5,3,0,0,5,0,0,0,0,1,1,6,6,1,18,4,1229,1,10,VAUXHALL CORSA,8,E01033389,0,-1
2021461112142,2021,461112142,1,9,0,16,19,5,8,0,0,0,1,0,7,0,3,1,6,6,1,40,7,1199,1,19,VAUXHALL CORSA,5,E01024831,0,-1
2021471046849,2021,471046849,2,9,0,18,19,3,7,0,0,1,0,0,0,0,3,1,5,6,2,41,7,1248,2,6,VAUXHALL CORSA,9,E01020939,0,-1
2021320299411,2021,320299411,1,9,0,18,19,7,3,0,0,0,2,0,7,0,3,1,6,6,1,18,4,1229,1,16,VAUXHALL CORSA,6,E01026058,0,-1
2021501113033,2021,501113033,2,9,0,3,3,7,3,0,0,2,0,0,0,0,2,1,1,1,1,35,6,1248,2,9,VAUXHALL CORSA,8,E01015097,0,-1
2021320506346,2021,320506346,1,9,0,18,19,4,8,0,0,0,2,0,7,1,1,1,2,2,1,17,4,1248,2,8,VAUXHALL CORSA,8,E01028288,0,-1
2021461056218,2021,461056218,2,9,0,18,19,5,1,0,0,0,0,0,0,0,4,1,6,6,2,59,9,1398,1,10,VAUXHALL CORSA,2,E01024192,0,-1
2021010310329,2021,010310329,1,9,0,99,99,9,9,99,99,9,9,99,9,99,1,9,2,2,2,21,5,1398,1,8,VAUXHALL CORSA,6,E01002423,0,-1
2021010291310,2021,010291310,1,9,0,5,5,5,1,0,0,6,0,0,0,0,1,1,6,6,1,24,5,1398,1,5,VAUXHALL CORSA,10,E01000838,0,-1
2021991115879,2021,991115879,1,9,0,16,19,4,7,0,0,0,1,0,0,0,1,1,6,6,2,69,10,1229,1,9,VAUXHALL CORSA,9,-1,0,-1
202131B156921,2021,31B156921,1,9,0,18,19,2,6,0,0,0,5,10,1,10,4,1,6,6,2,27,6,1229,1,12,VAUXHALL CORSA,7,E01028277,0,-1
202131A200021,2021,31A200021,1,9,0,16,19,6,2,0,0,0,2,10,7,10,1,1,6,6,2,22,5,1229,1,8,VAUXHALL CORSA,2,E01028274,0,-1
2021991068314,2021,991068314,1,9,0,16,19,1,5,0,0,0,1,0,1,0,1,1,5,6,1,29,6,1229,1,16,VAUXHALL CORSA,1,E01010511,0,-1
2021401129365,2021,401129365,3,9,0,13,13,2,6,0,0,0,0,10,6,10,3,1,5,6,1,25,5,1229,1,11,VAUXHALL CORSA,10,E01017413,0,-1
202131A199021,2021,31A199021,1,9,0,18,19,8,4,0,0,8,0,0,0,0,4,1,2,2,2,31,6,1398,1,5,VAUXHALL CORSA,4,E01019503,0,-1
2021991107983,2021,991107983,1,9,0,18,19,4,8,0,0,1,0,0,0,0,4,1,2,2,1,37,7,1398,1,6,VAUXHALL CORSA,6,-1,0,-1
2021320364840,2021,320364840,1,9,0,7,7,6,8,0,0,1,0,0,0,0,3,1,6,6,2,40,7,1398,1,6,VAUXHALL CORSA,1,E01013866,0,-1
2021440423548,2021,440423548,2,9,0,18,19,1,5,0,0,1,0,0,0,0,1,1,6,6,2,47,8,1229,1,12,VAUXHALL CORSA,4,E01017193,0,-1
2021131043751,2021,131043751,1,9,0,3,3,1,5,0,0,0,0,0,1,0,1,1,5,6,2,37,7,1229,1,14,VAUXHALL CORSA,3,E01011824,0,-1
2021141107994,2021,141107994,1,9,0,9,9,5,2,0,0,8,1,0,0,0,4,1,5,6,1,18,4,1229,1,12,VAUXHALL CORSA,8,E01019535,0,-1
2021122100995,2021,122100995,1,9,0,16,19,5,1,0,0,0,0,0,0,0,3,1,6,6,1,17,4,1229,1,16,VAUXHALL CORSA,8,E01033185,0,-1
2021052101710,2021,052101710,1,9,0,18,19,4,8,0,0,1,0,0,0,0,1,1,6,6,2,33,6,1199,1,1,VAUXHALL CORSA,1,E01007089,0,-1
2021010332649,2021,010332649,2,9,0,99,99,9,9,99,99,0,9,99,9,99,3,9,6,6,3,31,6,1229,1,11,VAUXHALL CORSA,4,E01000591,0,-1
2021061138788,2021,061138788,2,9,0,18,19,6,2,0,0,0,0,0,0,0,2,1,2,2,2,19,4,1229,1,10,VAUXHALL CORSA,2,E01006329,0,-1
2021010304811,2021,010304811,5,9,0,18,19,3,7,0,0,0,0,4,0,0,2,1,6,6,1,20,4,1398,1,2,VAUXHALL CORSA,-1,-1,0,-1
2021320287600,2021,320287600,2,9,0,18,19,8,4,0,0,0,0,0,0,0,1,1,6,6,1,83,11,1199,1,1,VAUXHALL CORSA,4,E01027787,0,-1
2021201139681,2021,201139681,1,9,0,11,11,6,2,0,0,0,0,0,0,0,2,1,6,6,2,33,6,1364,1,13,VAUXHALL CORSA,5,E01008951,0,-1
2021361068772,2021,361068772,2,9,0,9,9,7,5,0,0,1,0,0,0,0,1,1,5,6,2,21,5,1398,1,9,VAUXHALL CORSA,9,E01026644,0,-1
2021411171115,2021,411171115,3,9,0,5,5,3,7,0,0,0,1,0,0,0,4,1,6,6,1,22,5,1199,1,19,VAUXHALL CORSA,10,E01030355,0,-1
2021122101052,2021,122101052,2,9,0,18,19,8,4,0,0,3,0,0,0,0,1,1,6,6,1,20,4,1398,1,3,VAUXHALL CORSA,9,E01013381,0,-1
2021041051910,2021,041051910,1,9,0,18,19,5,1,0,0,8,0,0,0,0,1,2,6,6,1,34,6,1248,2,12,VAUXHALL CORSA,6,E01024991,0,-1
2021010316475,2021,010316475,1,9,0,18,19,5,1,0,0,0,0,0,1,0,1,1,6,6,1,27,6,1398,1,11,VAUXHALL CORSA,-1,-1,0,-1
2021010313405,2021,010313405,2,9,0,3,3,1,5,0,0,1,0,0,0,0,1,1,6,6,2,25,5,1199,1,0,VAUXHALL CORSA,6,E01000479,0,-1
2021061078313,2021,061078313,1,9,0,3,3,1,1,0,0,0,0,0,0,0,1,1,5,6,1,73,10,1199,1,1,VAUXHALL CORSA,3,E01006293,0,-1
2021451022061,2021,451022061,1,9,0,18,19,5,1,0,0,0,5,0,0,0,4,1,5,6,1,18,4,1199,1,17,VAUXHALL CORSA,10,E01030948,0,-1
2021201080310,2021,201080310,5,9,0,18,19,8,4,0,0,0,0,0,0,0,2,1,6,6,1,20,4,1364,1,12,VAUXHALL CORSA,1,E01033650,0,-1
2021041096391,2021,041096391,2,9,0,18,19,5,1,0,0,0,0,0,0,0,4,1,2,2,2,20,4,1229,1,13,VAUXHALL CORSA,1,E01012578,0,-1
2021010328085,2021,010328085,2,9,0,99,99,9,9,99,99,9,9,99,9,99,1,9,6,6,3,-1,-1,1229,1,12,VAUXHALL CORSA,-1,-1,0,-1
2021122101137,2021,122101137,1,9,0,16,19,2,6,0,0,0,0,0,1,4,1,1,1,1,2,26,6,1398,1,2,VAUXHALL CORSA,1,E01012091,0,-1
2021501109617,2021,501109617,1,9,0,9,9,8,5,0,0,6,0,0,0,0,1,1,1,1,2,20,4,1229,1,15,VAUXHALL CORSA,4,E01020180,0,-1
2021501120812,2021,501120812,1,9,0,4,4,4,6,0,0,6,0,0,0,0,2,1,2,2,2,60,9,998,1,7,VAUXHALL CORSA,7,E01015066,0,-1
2021010345327,2021,010345327,2,9,0,1,1,5,1,0,0,8,0,0,0,0,2,1,6,6,1,33,6,1229,1,8,VAUXHALL CORSA,6,E01001184,0,-1
2021201065143,2021,201065143,1,9,0,18,19,2,6,0,0,4,0,0,0,0,1,1,6,6,1,36,7,1199,1,17,VAUXHALL CORSA,1,E01010365,0,-1
2021010288496,2021,010288496,3,9,0,4,4,1,5,0,0,0,0,0,0,0,1,1,6,6,2,23,5,998,1,8,VAUXHALL CORSA,2,E01000501,0,-1
2021302100850,2021,302100850,1,9,0,6,6,2,2,0,0,3,0,0,0,0,3,1,6,6,2,46,8,1398,1,4,VAUXHALL CORSA,2,E01029236,0,-1
2021010330421,2021,010330421,2,9,0,9,9,3,1,0,0,6,0,0,0,0,4,1,6,6,1,22,5,1398,1,8,VAUXHALL CORSA,-1,-1,0,-1
2021101046127,2021,101046127,1,9,0,9,9,2,3,0,0,1,0,11,0,0,1,1,5,6,2,45,7,1398,1,10,VAUXHALL CORSA,3,E01008463,0,-1
2021041076204,2021,041076204,1,9,0,4,4,1,5,0,0,1,0,0,0,0,2,1,5,6,2,23,5,1398,1,2,VAUXHALL CORSA,3,E01025312,0,-1
2021070440694,2021,070440694,1,9,0,18,19,6,2,0,0,0,0,0,0,0,1,1,6,6,1,17,4,1398,1,6,VAUXHALL CORSA,8,E01018424,0,-1
2021101127607,2021,101127607,1,9,0,18,19,1,1,0,0,3,0,0,1,0,1,1,5,6,2,33,6,1229,1,11,VAUXHALL CORSA,2,E01008653,0,-1
2021991031172,2021,991031172,3,9,0,18,19,1,5,0,0,0,0,0,1,0,1,1,6,6,1,36,7,1229,1,15,VAUXHALL CORSA,1,-1,0,-1
2021201130483,2021,201130483,1,9,0,1,1,1,5,0,0,2,0,0,0,0,2,1,3,7,1,34,6,1389,1,17,VAUXHALL CORSA,1,E01010421,0,-1
2021221043720,2021,221043720,1,9,0,18,19,7,3,0,0,8,0,0,0,0,1,1,5,6,2,55,8,1398,1,5,VAUXHALL CORSA,1,E01013995,0,-1
2021991052875,2021,991052875,1,9,0,18,19,1,5,0,0,0,0,0,1,0,3,1,6,6,2,41,7,1229,1,10,VAUXHALL CORSA,8,-1,0,-1
2021991120171,2021,991120171,1,9,0,7,7,6,8,0,0,6,1,0,1,0,1,1,5,6,2,58,9,1398,1,9,VAUXHALL CORSA,-1,-1,0,-1
2021471088081,2021,471088081,1,9,0,5,5,3,7,0,0,1,0,0,0,0,2,1,6,6,1,-1,-1,1199,1,1,VAUXHALL CORSA,8,E01014766,0,-1
2021401110019,2021,401110019,1,9,0,9,9,6,3,0,0,1,0,0,0,0,4,1,2,2,2,55,8,1229,1,6,VAUXHALL CORSA,4,E01015792,0,-1
2021111078502,2021,111078502,2,9,0,18,19,2,2,0,0,1,0,0,0,0,3,1,6,6,1,18,4,1229,1,12,VAUXHALL CORSA,-1,-1,0,-1
2021211052766,2021,211052766,1,9,0,3,3,5,4,0,0,1,0,0,0,0,2,1,6,6,1,19,4,1398,1,8,VAUXHALL CORSA,1,E01008932,0,-1
202163A036121,2021,63A036121,1,9,0,18,19,1,6,0,0,1,0,0,0,0,1,1,6,6,1,22,5,1398,1,6,VAUXHALL CORSA,5,W01000717,0,-1
2021010287725,2021,010287725,2,9,0,99,99,9,9,99,99,9,9,99,9,99,1,9,6,6,3,-1,-1,1199,1,18,VAUXHALL CORSA,4,E01001469,0,-1
2021471117039,2021,471117039,2,9,0,18,19,8,5,0,0,3,0,0,0,0,4,1,6,6,1,19,4,1248,2,12,VAUXHALL CORSA,7,E01031379,0,-1
2021991023757,2021,991023757,1,9,0,18,19,7,3,0,0,0,1,0,1,0,1,1,6,6,2,52,8,998,1,8,VAUXHALL CORSA,1,-1,0,-1
2021361094745,2021,361094745,1,9,0,16,19,6,8,0,0,0,1,0,7,4,1,1,6,6,1,90,11,1199,1,1,VAUXHALL CORSA,6,E01026451,0,-1
2021451027628,2021,451027628,2,9,0,17,19,5,1,0,0,6,0,0,0,0,1,1,3,7,1,53,8,1248,2,12,VAUXHALL CORSA,10,E01031724,0,-1
2021231095615,2021,231095615,1,9,0,18,19,6,2,0,0,0,5,2,2,6,3,1,5,6,1,21,5,1248,2,13,VAUXHALL CORSA,1,E01013825,0,-1
2021461045965,2021,461045965,1,9,0,17,19,1,2,0,0,0,2,0,7,10,4,1,5,6,1,27,6,1199,1,22,VAUXHALL CORSA,7,E01024804,0,-1
2021010296915,2021,010296915,1,9,0,9,9,1,6,0,0,2,0,0,0,0,3,1,6,6,1,21,5,1199,1,1,VAUXHALL CORSA,2,E01001971,0,-1
2021461163582,2021,461163582,1,9,0,18,19,3,7,0,0,0,0,0,0,0,2,1,6,6,1,25,5,998,1,11,VAUXHALL CORSA,5,E01024095,0,-1
2021221065657,2021,221065657,1,9,0,9,9,6,4,0,0,6,0,0,0,0,1,1,5,6,2,18,4,998,1,9,VAUXHALL CORSA,7,E01028918,0,-1
2021201125396,2021,201125396,2,9,0,9,9,3,8,0,0,1,0,7,0,0,3,1,6,6,1,74,10,1248,2,17,VAUXHALL CORSA,1,E01009384,0,-1
2021201057198,2021,201057198,1,9,0,9,9,1,6,0,0,1,0,0,0,0,4,1,6,6,1,21,5,1229,1,14,VAUXHALL CORSA,1,E01010067,0,-1
2021361089446,2021,361089446,1,9,0,18,19,6,2,0,0,0,0,0,0,0,1,1,5,6,2,20,4,1199,1,20,VAUXHALL CORSA,3,E01026853,0,-1
2021430166144,2021,430166144,2,9,0,5,5,2,6,0,0,8,0,0,0,0,1,1,2,2,1,24,5,1389,1,16,VAUXHALL CORSA,5,E01028538,0,-1
2021010337837,2021,010337837,1,9,0,99,99,9,9,99,99,0,9,99,9,99,9,9,6,6,2,26,6,1398,1,4,VAUXHALL CORSA,3,E01001190,0,-1
2021451032664,2021,451032664,1,9,0,18,19,7,4,0,0,0,1,0,0,0,1,1,5,6,1,23,5,1229,1,8,VAUXHALL CORSA,7,E01030943,0,-1
2021041093419,2021,041093419,3,9,0,18,19,1,4,0,0,1,0,0,0,0,4,1,5,6,2,49,8,1398,1,4,VAUXHALL CORSA,7,E01025565,0,-1
202163D080921,2021,63D080921,1,9,0,16,19,3,6,0,0,8,1,0,7,10,1,1,6,6,1,43,7,1398,1,8,VAUXHALL CORSA,1,E01008931,0,-1
2021501046745,2021,501046745,1,9,0,16,19,4,7,0,0,0,1,0,0,0,1,1,5,6,1,18,4,1229,1,12,VAUXHALL CORSA,8,E01020333,0,-1
2021461014392,2021,461014392,1,9,0,18,19,4,6,0,0,0,0,0,0,0,3,1,5,6,2,24,5,998,1,12,VAUXHALL CORSA,4,E01016067,0,-1
2021430094276,2021,430094276,1,9,0,18,19,6,2,0,0,2,0,4,0,0,1,1,6,6,1,-1,-1,1398,1,3,VAUXHALL CORSA,-1,-1,0,-1
2021440152990,2021,440152990,1,9,0,18,19,8,4,0,0,8,0,0,0,0,1,1,6,6,1,18,4,1229,1,7,VAUXHALL CORSA,4,E01017192,0,-1
2021440248715,2021,440248715,1,9,0,18,19,4,8,0,0,8,0,0,0,0,1,1,2,2,2,27,6,1398,1,2,VAUXHALL CORSA,8,E01022871,0,-1
2021451124453,2021,451124453,1,9,0,18,19,8,4,0,0,1,0,0,0,0,1,1,5,6,2,22,5,1398,1,5,VAUXHALL CORSA,5,E01030609,0,-1
2021061042991,2021,061042991,1,9,0,18,19,5,1,0,0,1,0,0,0,0,1,1,5,6,1,19,4,1398,1,4,VAUXHALL CORSA,2,E01005714,0,-1
2021991070294,2021,991070294,2,9,0,9,9,4,8,0,0,8,0,0,0,0,3,1,5,6,1,40,7,1199,1,17,VAUXHALL CORSA,2,-1,0,-1
2021411124535,2021,411124535,1,9,0,18,19,5,1,0,0,0,1,0,0,0,1,1,5,6,1,18,4,1362,1,8,VAUXHALL CORSA,9,E01023465,0,-1
2021101108937,2021,101108937,1,9,0,18,19,3,7,0,0,1,0,0,0,0,1,1,6,6,1,19,4,1229,1,14,VAUXHALL CORSA,4,E01027442,0,-1
2021451078019,2021,451078019,1,9,0,16,19,2,6,0,0,0,1,0,1,10,1,1,5,6,1,49,8,1229,1,14,VAUXHALL CORSA,10,E01030632,0,-1
2021010304695,2021,010304695,2,9,0,18,19,8,4,0,0,1,0,0,0,0,1,1,2,2,1,44,7,1398,1,2,VAUXHALL CORSA,3,E01021307,0,-1
2021302101219,2021,302101219,1,9,0,18,19,8,2,0,0,8,0,0,0,0,1,1,6,6,2,35,6,1248,2,14,VAUXHALL CORSA,6,E01013505,0,-1
2021061093044,2021,061093044,1,9,0,18,19,7,7,0,0,0,0,0,0,0,1,1,2,2,2,48,8,1398,1,3,VAUXHALL CORSA,9,E01006075,0,-1
2021501033329,2021,501033329,1,9,0,5,5,3,7,0,0,0,0,0,0,0,1,1,6,6,1,26,6,1398,1,3,VAUXHALL CORSA,3,E01015095,0,-1
202163A085721,2021,63A085721,3,9,0,18,19,6,2,0,0,0,1,0,0,0,3,1,6,6,2,47,8,1398,1,5,VAUXHALL CORSA,-1,-1,0,-1
202134WNC2971,2021,34WNC2971,1,9,0,5,5,5,1,0,0,2,0,0,1,11,1,1,6,6,2,82,11,1398,1,11,VAUXHALL CORSA,9,E01027144,0,-1
2021302102121,2021,302102121,2,9,0,10,10,0,0,0,0,1,0,0,0,0,1,1,6,6,1,32,6,1229,1,8,VAUXHALL CORSA,3,E01019856,0,-1
2021010300040,2021,010300040,2,9,0,12,12,3,7,0,0,0,0,0,0,0,3,1,6,6,1,21,5,1398,1,11,VAUXHALL CORSA,3,E01022055,0,-1
2021070655427,2021,070655427,3,9,0,3,3,1,5,0,0,2,0,0,0,0,2,1,2,2,1,60,9,1398,1,7,VAUXHALL CORSA,4,E01012504,0,-1
202131D019121,2021,31D019121,2,9,0,3,3,8,4,0,0,0,0,0,0,0,2,1,6,6,1,56,9,1398,1,2,VAUXHALL CORSA,7,E01028203,0,-1
2021041014780,2021,041014780,1,9,0,18,19,7,3,0,0,0,2,0,5,6,3,1,2,2,1,20,4,1229,1,7,VAUXHALL CORSA,8,E01012652,0,-1
2021010324640,2021,010324640,1,9,0,99,99,9,9,99,99,0,9,99,9,99,3,9,6,6,1,42,7,1229,1,12,VAUXHALL CORSA,4,E01004345,0,-1
2021991091973,2021,991091973,2,9,0,16,19,2,6,0,0,1,0,0,2,0,1,1,6,6,2,36,7,1229,1,8,VAUXHALL CORSA,1,-1,0,-1
2021401128465,2021,401128465,3,9,0,2,2,0,0,0,0,2,0,0,0,0,3,1,6,6,3,-1,-1,1364,1,12,VAUXHALL CORSA,-1,-1,0,-1
2021061084671,2021,061084671,1,9,0,3,3,3,7,0,0,1,0,0,0,0,2,1,5,6,2,37,7,1199,1,0,VAUXHALL CORSA,3,E01005505,0,-1
2021201085680,2021,201085680,2,9,0,16,19,-1,-1,0,0,0,0,0,0,0,3,1,6,6,1,29,6,1199,1,2,VAUXHALL CORSA,4,E01015971,0,-1
2021440025709,2021,440025709,2,9,0,4,4,1,5,0,0,1,0,0,0,0,2,1,6,6,1,25,5,998,1,16,VAUXHALL CORSA,2,E01017133,0,-1
2021430574556,2021,430574556,2,9,0,3,3,2,1,0,0,1,0,0,0,0,2,1,6,6,1,49,8,1398,1,6,VAUXHALL CORSA,-1,-1,0,-1
2021052101163,2021,052101163,1,9,0,5,5,3,7,0,0,6,0,0,0,0,4,1,6,6,1,19,4,998,1,10,VAUXHALL CORSA,1,E01006603,0,-1
2021501044263,2021,501044263,2,9,0,17,19,7,3,0,0,0,0,0,0,0,3,1,1,1,1,45,7,1229,1,15,VAUXHALL CORSA,1,E01019033,0,-1
2021440443122,2021,440443122,1,9,0,3,3,8,4,0,0,1,0,0,0,0,2,1,6,6,1,31,6,1229,1,9,VAUXHALL CORSA,9,E01022658,0,-1