collision_index,collision_year,collision_ref_no,vehicle_reference,vehicle_type,towing_and_articulation,vehicle_manoeuvre_historic,vehicle_manoeuvre,vehicle_direction_from,vehicle_direction_to,vehicle_location_restricted_lane_historic,vehicle_location_restricted_lane,junction_location,skidding_and_overturning,hit_object_in_carriageway,vehicle_leaving_carriageway,hit_object_off_carriageway,first_point_of_impact,vehicle_left_hand_drive,journey_purpose_of_driver_historic,journey_purpose_of_driver,sex_of_driver,age_of_driver,age_band_of_driver,engine_capacity_cc,propulsion_code,age_of_vehicle,generic_make_model,driver_imd_decile,lsoa_of_driver,escooter_flag,driver_distance_banding
2021531094814,2021,531094814,2,9,0,4,4,1,1,0,0,1,0,0,0,0,2,1,6,6,2,28,6,1229,1,8,VAUXHALL CORSA,3,E01032378,0,-1
2021010293747,2021,010293747,2,9,0,18,19,7,3,0,0,8,0,0,1,11,3,1,1,1,1,46,8,-1,-1,-1,VAUXHALL CORSA,7,E01002198,0,-1
2021052200085,2021,052200085,2,9,0,18,19,6,2,0,0,8,0,0,0,0,3,1,6,6,2,24,5,1229,1,13,VAUXHALL CORSA,1,E01006447,0,-1
2021430500968,2021,430500968,2,9,0,3,3,6,2,0,0,2,0,0,0,0,3,1,2,2,2,24,5,1398,1,4,VAUXHALL CORSA,7,E01017694,0,-1
2021430480739,2021,430480739,1,9,0,18,19,2,6,0,0,4,0,0,0,0,1,1,6,6,2,31,6,1229,1,11,VAUXHALL CORSA,3,E01001326,0,-1
2021010290855,2021,010290855,1,9,0,99,99,9,9,99,99,9,9,99,9,99,2,9,2,2,1,19,4,1364,1,17,VAUXHALL CORSA,5,E01002443,0,-1
2021010338695,2021,010338695,2,9,0,99,99,9,9,99,99,0,9,99,9,99,9,9,6,6,3,-1,-1,1199,1,1,VAUXHALL CORSA,2,E01004729,0,-1
2021061102996,2021,061102996,1,9,0,1,1,2,6,0,0,0,0,0,0,0,0,1,5,6,1,19,4,998,1,12,VAUXHALL CORSA,6,E01005069,0,-1
2021201084238,2021,201084238,2,9,0,18,19,-1,-1,0,0,6,0,0,0,0,1,1,1,1,2,36,7,1199,1,17,VAUXHALL CORSA,1,E01009494,0,-1
2021161096529,2021,161096529,1,9,0,18,19,3,7,0,0,2,0,11,0,0,1,1,2,2,2,47,8,1398,1,6,VAUXHALL CORSA,9,E01013266,0,-1
2021010299441,2021,010299441,1,9,0,18,19,7,3,0,0,0,0,0,0,0,1,1,6,6,1,34,6,1229,1,10,VAUXHALL CORSA,8,E01000366,0,-1
2021451104320,2021,451104320,1,9,0,17,19,3,7,1,1,0,0,0,0,0,1,1,5,6,2,35,6,1398,1,5,VAUXHALL CORSA,3,E01001141,0,-1
202154A509121,2021,54A509121,2,9,0,2,2,0,0,0,0,0,0,0,0,0,1,1,6,6,2,-1,-1,1229,1,10,VAUXHALL CORSA,7,E01031974,0,-1
2021461075285,2021,461075285,1,9,0,11,11,5,1,0,0,0,0,0,0,0,1,1,6,6,1,19,4,998,1,11,VAUXHALL CORSA,4,E01024387,0,-1
2021010345284,2021,010345284,1,9,0,18,19,8,4,0,0,4,0,0,0,0,4,1,6,6,2,29,6,1229,1,9,VAUXHALL CORSA,9,E01021961,0,-1
2021471023113,2021,471023113,1,9,0,5,5,3,7,0,0,0,0,0,0,0,1,2,6,6,2,64,9,1229,1,15,VAUXHALL CORSA,9,E01021235,0,-1
202163A079921,2021,63A079921,1,9,0,18,19,6,1,0,0,3,0,0,1,10,1,1,2,2,2,64,9,-1,3,0,VAUXHALL CORSA,8,W01000634,0,-1
2021061106803,2021,061106803,1,9,0,16,19,3,6,0,0,0,5,0,2,4,1,1,5,6,1,92,11,1199,1,18,VAUXHALL CORSA,10,E01005923,0,-1
2021052101150,2021,052101150,1,9,0,15,15,3,7,0,0,8,0,0,0,0,3,1,6,6,2,63,9,1398,1,3,VAUXHALL CORSA,1,E01032508,0,-1
2021141021766,2021,141021766,2,9,0,18,19,2,7,0,0,8,0,0,0,0,1,1,5,6,2,22,5,1398,1,5,VAUXHALL CORSA,1,E01007716,0,-1
2021101102727,2021,101102727,1,9,0,9,9,4,1,0,0,8,0,0,0,0,4,1,6,6,1,19,4,1229,1,7,VAUXHALL CORSA,9,E01008448,0,-1
2021010322703,2021,010322703,1,9,0,18,19,3,7,0,0,4,0,0,0,0,1,1,6,6,1,25,5,1229,1,10,VAUXHALL CORSA,2,E01003290,0,-1
2021010338585,2021,010338585,2,9,0,12,12,5,1,0,0,0,0,0,0,0,2,1,6,6,2,20,4,1398,1,5,VAUXHALL CORSA,2,E01001136,0,-1
2021451034353,2021,451034353,1,9,0,18,19,2,6,0,0,1,0,0,7,1,1,1,5,6,1,89,11,1398,1,8,VAUXHALL CORSA,9,E01030947,0,-1
2021010288504,2021,010288504,2,9,0,99,99,9,9,99,99,0,9,99,9,99,9,9,6,6,1,59,9,1398,1,11,VAUXHALL CORSA,3,E01003042,0,-1
2021010318355,2021,010318355,5,9,0,18,19,1,5,0,0,2,0,0,0,0,2,1,6,6,1,20,4,1229,1,14,VAUXHALL CORSA,-1,-1,0,-1
2021010324839,2021,010324839,1,9,0,9,9,1,6,0,0,8,0,0,0,0,3,1,6,6,1,26,6,1229,1,13,VAUXHALL CORSA,3,E01003571,0,-1
2021211144817,2021,211144817,2,9,0,18,19,1,5,0,0,8,0,0,0,0,4,1,6,6,1,21,5,1248,2,15,VAUXHALL CORSA,2,E01014302,0,-1
2021101031581,2021,101031581,2,9,0,18,19,3,7,0,0,8,0,0,0,0,-1,1,6,6,2,52,8,1229,1,9,VAUXHALL CORSA,5,E01033718,0,-1
2021010288772,2021,010288772,1,9,0,7,7,1,4,0,0,7,0,0,3,0,1,1,2,2,2,67,10,1199,1,1,VAUXHALL CORSA,2,E01004720,0,-1
2021421087726,2021,421087726,1,9,0,18,19,5,1,0,0,0,2,0,7,9,4,1,5,6,1,20,4,1229,1,11,VAUXHALL CORSA,-1,-1,0,-1
2021622100394,2021,622100394,1,9,0,9,9,2,8,0,0,8,0,0,0,0,1,1,6,6,1,20,4,1229,1,13,VAUXHALL CORSA,3,W01001875,0,-1
2021201028633,2021,201028633,1,9,0,5,5,8,4,0,0,0,0,0,0,0,0,1,3,7,2,33,6,1229,1,13,VAUXHALL CORSA,6,E01009473,0,-1
202134NNC3631,2021,34NNC3631,1,9,0,9,9,5,3,0,0,6,0,0,0,0,1,1,6,6,2,22,5,1229,1,12,VAUXHALL CORSA,5,E01027350,0,-1
2021361032939,2021,361032939,1,9,0,4,4,3,7,0,0,1,0,0,0,0,1,1,1,1,1,68,10,1199,1,17,VAUXHALL CORSA,6,E01026515,0,-1
2021461075665,2021,461075665,1,9,0,4,4,1,5,0,0,0,0,0,0,0,3,1,6,6,2,33,6,1398,1,8,VAUXHALL CORSA,10,E01000811,0,-1
2021201114106,2021,201114106,1,9,0,18,19,7,3,0,0,1,0,0,0,0,1,1,6,6,2,69,10,1398,1,9,VAUXHALL CORSA,10,E01010212,0,-1
2021522106011,2021,522106011,1,9,0,3,3,7,3,0,0,0,0,0,0,0,2,1,6,6,1,65,9,-1,-1,-1,VAUXHALL CORSA,1,E01014594,0,-1
2021131068305,2021,131068305,1,9,0,18,19,5,5,0,0,0,0,0,7,0,1,1,5,6,2,29,6,1398,1,3,VAUXHALL CORSA,2,E01007782,0,-1
2021010348409,2021,010348409,2,9,0,18,19,7,3,0,0,1,0,0,0,0,1,1,6,6,1,20,4,1364,1,12,VAUXHALL CORSA,2,E01003634,0,-1
2021201130972,2021,201130972,2,9,0,4,4,3,7,0,0,0,0,0,0,0,2,1,6,6,2,25,5,1229,1,8,VAUXHALL CORSA,2,E01010521,0,-1
2021451023392,2021,451023392,1,9,0,5,5,3,7,0,0,1,0,0,0,0,1,1,2,2,2,54,8,1398,1,9,VAUXHALL CORSA,10,E01030435,0,-1
202131D040821,2021,31D040821,1,9,0,18,19,2,6,0,0,0,2,0,5,6,4,1,6,6,2,30,6,1229,1,16,VAUXHALL CORSA,2,E01026161,0,-1
2021131050184,2021,131050184,1,9,0,18,19,1,5,0,0,0,0,0,0,0,1,1,2,2,2,22,5,1229,1,13,VAUXHALL CORSA,7,E01011445,0,-1
2021552100317,2021,552100317,1,9,0,18,19,7,3,0,0,0,0,0,1,9,1,1,1,1,2,23,5,-1,-1,-1,VAUXHALL CORSA,6,E01015353,0,-1
2021231054754,2021,231054754,2,9,0,4,4,3,7,0,0,8,0,0,0,0,2,1,2,2,2,41,7,1229,1,14,VAUXHALL CORSA,7,E01031091,0,-1
2021010311550,2021,010311550,2,9,0,9,9,5,2,0,0,1,0,0,0,0,1,1,6,6,3,-1,-1,1229,1,14,VAUXHALL CORSA,-1,-1,0,-1
2021421055312,2021,421055312,1,9,0,3,3,1,1,0,0,0,0,0,0,0,1,1,5,6,1,77,11,1199,1,20,VAUXHALL CORSA,1,E01022001,0,-1
2021061080304,2021,061080304,2,9,0,2,2,0,0,0,0,0,0,0,0,0,1,1,6,6,3,-1,-1,1398,1,5,VAUXHALL CORSA,-1,-1,0,-1
2021461129280,2021,461129280,2,9,0,18,19,1,5,0,0,1,0,0,0,0,4,1,6,6,1,34,6,1229,1,8,VAUXHALL CORSA,5,E01016156,0,-1
2021361074408,2021,361074408,1,9,0,13,13,2,6,0,0,0,0,0,0,0,1,1,2,2,2,28,6,1398,1,9,VAUXHALL CORSA,5,E01026525,0,-1
2021471050543,2021,471050543,2,9,0,18,19,7,3,0,0,1,0,0,0,0,1,1,5,6,2,21,5,1598,1,10,VAUXHALL CORSA,4,E01002307,0,-1
202131D096321,2021,31D096321,1,9,0,18,19,2,6,4,4,0,0,0,0,0,1,1,6,6,1,57,9,1199,1,0,VAUXHALL CORSA,5,E01013973,0,-1
2021101080516,2021,101080516,3,9,0,2,2,0,0,0,0,0,0,0,0,0,2,1,6,6,3,-1,-1,1229,1,16,VAUXHALL CORSA,-1,-1,0,-1
2021231104556,2021,231104556,1,9,0,7,7,3,5,0,0,6,0,0,0,0,1,1,5,6,1,29,6,1229,1,14,VAUXHALL CORSA,10,E01031110,0,-1
2021461012386,2021,461012386,1,9,0,18,19,6,4,0,0,0,2,0,1,0,3,1,5,6,1,18,4,973,1,20,VAUXHALL CORSA,5,E01024025,0,-1
2021501109293,2021,501109293,5,9,0,2,2,0,0,0,0,1,0,0,0,0,2,1,6,6,1,-1,-1,1248,2,13,VAUXHALL CORSA,4,E01020032,0,-1
2021302100012,2021,302100012,1,9,0,4,4,8,4,0,0,0,1,0,1,4,2,1,2,2,2,58,9,1398,1,3,VAUXHALL CORSA,5,E01019461,0,-1
2021351054851,2021,351054851,1,9,0,16,19,7,7,0,0,0,1,0,1,0,2,1,2,2,2,36,7,1248,2,10,VAUXHALL CORSA,6,E01018246,0,-1
2021411111165,2021,411111165,2,9,0,2,2,6,2,0,0,2,0,0,0,0,2,1,1,1,3,-1,-1,1398,1,2,VAUXHALL CORSA,-1,-1,0,-1
2021201149864,2021,201149864,2,9,0,4,4,6,2,0,0,0,0,0,0,0,1,1,1,1,1,26,6,1229,1,7,VAUXHALL CORSA,3,E01013531,0,-1
2021122100883,2021,122100883,2,9,0,18,19,5,1,0,0,1,0,0,0,0,4,1,2,2,2,17,4,998,1,8,VAUXHALL CORSA,8,E01027588,0,-1
2021430122254,2021,430122254,1,9,0,18,19,5,1,0,0,8,0,0,0,0,1,1,6,6,2,53,8,1398,1,3,VAUXHALL CORSA,9,E01028648,0,-1
2021052102741,2021,052102741,1,9,0,18,19,3,7,0,0,6,0,0,0,0,1,1,6,6,1,22,5,1398,1,6,VAUXHALL CORSA,1,E01006730,0,-1
2021010346107,2021,010346107,3,9,0,2,2,0,0,0,0,1,0,4,1,0,1,1,6,6,3,-1,-1,1199,1,0,VAUXHALL CORSA,-1,-1,0,-1
2021041116287,2021,041116287,1,9,0,-1,-1,1,5,0,0,1,0,0,1,11,1,1,6,6,3,-1,-1,1199,1,0,VAUXHALL CORSA,-1,-1,0,-1
2021041054545,2021,041054545,1,9,0,18,19,1,1,0,0,2,0,0,3,0,1,1,5,6,1,72,10,1229,1,8,VAUXHALL CORSA,1,E01012638,0,-1
2021991033150,2021,991033150,1,9,0,9,9,3,8,0,0,8,0,0,0,0,4,1,5,6,2,18,4,1398,1,3,VAUXHALL CORSA,9,-1,0,-1
2021461100715,2021,461100715,1,9,0,18,19,5,1,0,0,0,0,0,0,0,4,1,6,6,2,20,4,1364,1,13,VAUXHALL CORSA,3,E01024529,0,-1
2021041072389,2021,041072389,2,9,0,18,19,3,7,0,0,0,0,0,0,0,1,1,5,6,2,58,9,1364,1,12,VAUXHALL CORSA,8,E01007032,0,-1
2021041121924,2021,041121924,1,9,0,9,9,5,3,0,0,5,0,0,0,0,3,1,5,6,1,40,7,1398,1,11,VAUXHALL CORSA,5,E01025304,0,-1
2021201143197,2021,201143197,2,9,0,18,19,2,6,0,0,8,0,0,0,0,4,1,2,2,2,25,5,1398,1,7,VAUXHALL CORSA,2,E01009933,0,-1
2021052100499,2021,052100499,1,9,0,7,7,7,1,0,0,1,0,0,0,0,4,1,6,6,2,47,8,1398,1,3,VAUXHALL CORSA,1,E01006703,0,-1
2021061135326,2021,061135326,1,9,0,18,19,5,1,0,0,8,0,0,0,0,3,1,6,6,1,36,7,1229,1,6,VAUXHALL CORSA,-1,-1,0,-1
2021010337285,2021,010337285,1,9,0,5,5,3,7,0,0,1,0,0,0,0,3,1,6,6,2,36,7,998,1,13,VAUXHALL CORSA,4,E01000916,0,-1
2021221033839,2021,221033839,1,9,0,9,9,3,2,0,0,5,0,0,0,0,1,1,5,6,2,21,5,1229,1,14,VAUXHALL CORSA,10,E01032337,0,-1
2021451031844,2021,451031844,1,9,0,18,19,5,1,0,0,0,0,0,1,2,1,1,5,6,1,90,11,1398,1,7,VAUXHALL CORSA,10,E01030796,0,-1
2021471032533,2021,471032533,2,9,0,18,19,6,2,0,0,1,0,0,4,0,2,1,1,1,2,30,6,1229,1,9,VAUXHALL CORSA,5,E01031410,0,-1
2021471096677,2021,471096677,3,9,0,2,2,0,0,0,0,1,0,0,0,0,3,1,6,6,3,-1,-1,1229,1,12,VAUXHALL CORSA,-1,-1,0,-1
2021010315895,2021,010315895,1,9,0,18,19,5,1,9,9,1,0,11,1,11,4,1,6,6,2,56,9,1398,1,5,VAUXHALL CORSA,2,E01001692,0,-1
2021991041596,2021,991041596,1,9,0,17,19,7,4,0,0,0,0,0,1,0,3,1,2,2,2,49,8,1398,1,5,VAUXHALL CORSA,2,-1,0,-1
2021411015091,2021,411015091,4,9,0,18,19,3,7,0,0,0,0,0,0,0,-1,1,6,6,1,20,4,1398,1,2,VAUXHALL CORSA,-1,-1,0,-1
2021010302261,2021,010302261,1,9,0,99,99,9,9,99,99,9,9,99,9,99,2,9,6,6,1,20,4,1398,1,5,VAUXHALL CORSA,3,E01000929,0,-1
2021052100109,2021,052100109,3,9,0,2,2,0,0,0,0,0,0,0,0,0,2,1,6,6,3,-1,-1,1248,2,11,VAUXHALL CORSA,-1,-1,0,-1
2021010301828,2021,010301828,1,9,0,6,6,6,6,0,0,0,0,0,0,0,4,1,6,6,1,19,4,1398,1,11,VAUXHALL CORSA,4,E01003440,0,-1
2021320061714,2021,320061714,2,9,0,18,19,7,3,0,0,1,1,0,1,0,1,1,6,6,2,18,4,1229,1,12,VAUXHALL CORSA,5,E01026054,0,-1
2021161101249,2021,161101249,1,9,0,18,19,7,3,0,0,0,0,0,0,0,1,1,6,6,3,-1,-1,1229,1,12,VAUXHALL CORSA,-1,-1,0,-1
2021991186753,2021,991186753,2,9,0,18,19,2,6,0,0,0,0,0,0,0,2,1,1,1,1,26,6,1229,1,14,VAUXHALL CORSA,1,-1,0,-1
2021371037624,2021,371037624,3,9,0,18,19,5,1,0,0,0,0,0,0,0,0,1,6,6,2,41,7,973,1,18,VAUXHALL CORSA,4,E01030244,0,-1
2021010348658,2021,010348658,1,9,0,5,5,7,3,0,0,1,0,0,0,0,1,1,6,6,2,72,10,998,1,9,VAUXHALL CORSA,8,E01000371,0,-1
2021546451921,2021,546451921,2,9,0,18,19,5,8,0,0,1,0,0,0,0,1,1,6,6,2,25,5,1398,1,5,VAUXHALL CORSA,6,E01029021,0,-1
2021411131939,2021,411131939,1,9,0,18,19,1,5,0,0,0,5,0,7,4,3,1,5,6,2,20,4,1229,1,7,VAUXHALL CORSA,8,E01023466,0,-1
2021061086252,2021,061086252,2,9,0,18,19,6,2,0,0,0,0,0,0,0,1,1,6,6,1,30,6,1248,2,6,VAUXHALL CORSA,-1,-1,0,-1
2021440325332,2021,440325332,2,9,0,18,19,5,1,0,0,0,0,0,0,0,1,1,6,6,1,34,6,1229,1,7,VAUXHALL CORSA,9,E01022768,0,-1
2021061035160,2021,061035160,1,9,0,18,19,1,1,0,0,0,0,0,0,0,1,1,5,6,1,24,5,1398,1,3,VAUXHALL CORSA,6,E01005845,0,-1
2021351042812,2021,351042812,2,9,0,18,19,3,7,0,0,4,0,0,0,0,1,1,2,2,1,32,6,1229,1,13,VAUXHALL CORSA,2,E01015612,0,-1
2021010335941,2021,010335941,1,9,0,99,99,9,9,99,99,9,9,99,9,99,2,9,6,6,2,54,8,1229,1,12,VAUXHALL CORSA,8,E01001452,0,-1
2021461128981,2021,461128981,1,9,0,18,19,6,3,0,0,1,0,0,0,0,1,1,6,6,1,89,11,1398,1,9,VAUXHALL CORSA,6,E01024589,0,-1
2021010292219,2021,010292219,1,9,0,16,19,1,5,9,9,1,0,7,1,11,1,1,6,6,2,73,10,1199,1,1,VAUXHALL CORSA,3,E01001970,0,-1
2021010296474,2021,010296474,2,9,0,99,99,9,9,99,99,9,9,99,9,99,9,9,6,6,1,18,4,1229,1,6,VAUXHALL CORSA,1,E01001714,0,-1
2021010335676,2021,010335676,2,9,0,99,99,9,9,99,99,9,9,99,9,99,9,9,6,6,3,-1,-1,1229,1,7,VAUXHALL CORSA,-1,-1,0,-1
202163C034621,2021,63C034621,2,9,0,18,19,3,7,0,0,0,0,0,7,10,3,1,6,6,2,37,7,1398,1,6,VAUXHALL CORSA,8,E01018242,0,-1
2021010292080,2021,010292080,1,9,9,99,99,9,9,0,0,0,9,99,0,0,9,9,6,6,2,-1,-1,998,1,14,VAUXHALL CORSA,-1,-1,0,-1
2021031070241,2021,031070241,2,9,0,18,19,5,1,0,0,0,0,0,0,0,1,1,2,2,1,38,7,1229,1,8,VAUXHALL CORSA,1,E01019140,0,-1
2021531029030,2021,531029030,1,9,0,18,19,7,3,0,0,0,1,0,1,4,4,1,5,6,1,18,4,1229,1,9,VAUXHALL CORSA,5,E01022464,0,-1
2021501124542,2021,501124542,1,9,0,18,19,8,4,0,0,0,0,0,0,0,1,1,6,6,2,30,6,1398,1,4,VAUXHALL CORSA,3,E01020078,0,-1
2021131116321,2021,131116321,2,9,0,18,19,5,1,0,0,0,0,0,0,0,2,1,6,6,2,30,6,1199,1,1,VAUXHALL CORSA,9,E01011528,0,-1
2021010333340,2021,010333340,1,9,0,9,9,5,2,0,0,5,0,0,0,0,1,1,6,6,1,31,6,1199,1,18,VAUXHALL CORSA,3,E01002139,0,-1
2021522103553,2021,522103553,2,9,0,18,19,6,2,0,0,8,0,0,0,0,1,1,6,6,1,25,5,1364,1,14,VAUXHALL CORSA,-1,-1,0,-1
2021161018665,2021,161018665,1,9,0,17,19,1,5,0,0,8,1,0,1,2,3,1,6,6,1,55,8,1229,1,7,VAUXHALL CORSA,6,E01012765,0,-1
2021111091311,2021,111091311,1,9,0,18,19,1,5,0,0,4,1,0,7,1,1,1,6,6,1,40,7,1248,2,14,VAUXHALL CORSA,1,E01020752,0,-1
2021302101736,2021,302101736,1,9,0,13,13,8,4,0,0,0,0,0,0,0,4,1,6,6,1,81,11,1398,1,3,VAUXHALL CORSA,4,E01013498,0,-1
2021411093398,2021,411093398,3,9,0,2,2,0,0,0,0,0,0,0,0,0,2,1,6,6,3,-1,-1,1398,1,2,VAUXHALL CORSA,-1,-1,0,-1
202134NNC2621,2021,34NNC2621,2,9,0,18,19,3,7,0,0,1,0,0,0,0,1,1,2,2,2,22,5,1248,2,8,VAUXHALL CORSA,5,E01027073,0,-1
2021010336198,2021,010336198,1,9,9,9,9,3,2,99,99,9,9,99,9,99,9,9,6,6,2,53,8,1398,1,2,VAUXHALL CORSA,5,E01001720,0,-1
2021552101336,2021,552101336,1,9,0,13,13,3,7,0,0,0,1,0,0,0,1,1,6,6,1,17,4,1229,1,9,VAUXHALL CORSA,9,E01020399,0,-1
2021461089369,2021,461089369,2,9,0,17,19,3,8,0,0,0,0,0,0,0,1,1,5,6,1,30,6,1248,2,7,VAUXHALL CORSA,7,E01016089,0,-1
2021501105397,2021,501105397,2,9,0,18,19,5,1,0,0,1,0,4,0,0,1,1,6,6,1,18,4,1229,1,10,VAUXHALL CORSA,2,E01015176,0,-1
2021010336318,2021,010336318,1,9,0,2,2,0,0,9,9,0,0,0,0,0,0,1,6,6,3,-1,-1,1398,1,11,VAUXHALL CORSA,-1,-1,0,-1
2021991050720,2021,991050720,1,9,0,16,19,3,7,0,0,0,1,0,8,4,3,1,5,6,1,22,5,1229,1,8,VAUXHALL CORSA,5,-1,0,-1
2021061114830,2021,061114830,2,9,0,18,19,3,7,0,0,1,0,0,0,0,2,1,6,6,1,35,6,1199,1,1,VAUXHALL CORSA,2,E01005659,0,-1
2021548344021,2021,548344021,2,9,0,4,4,3,1,0,0,1,0,0,0,0,2,1,6,6,1,27,6,1229,1,16,VAUXHALL CORSA,6,E01031853,0,-1
2021010346834,2021,010346834,1,9,0,7,7,3,5,0,0,5,0,0,0,0,4,1,2,2,2,32,6,1364,1,14,VAUXHALL CORSA,2,E01000014,0,-1
2021622100549,2021,622100549,1,9,0,18,19,8,4,0,0,1,0,0,3,1,1,1,6,6,1,31,6,1398,1,4,VAUXHALL CORSA,5,W01001432,0,-1
2021440415670,2021,440415670,1,9,0,4,4,4,2,0,0,1,0,0,0,0,2,1,6,6,2,-1,-1,1398,1,2,VAUXHALL CORSA,-1,-1,0,-1
2021161084552,2021,161084552,1,9,0,10,10,4,2,0,0,1,0,0,0,0,2,1,5,6,2,58,9,1398,1,5,VAUXHALL CORSA,7,E01013100,0,-1
2021461039822,2021,461039822,1,9,0,18,19,1,5,0,0,4,0,0,0,0,1,1,5,6,1,22,5,1248,2,10,VAUXHALL CORSA,7,E01016139,0,-1
2021411021885,2021,411021885,1,9,0,18,19,5,5,0,0,1,1,0,0,0,4,1,2,2,1,44,7,1398,1,6,VAUXHALL CORSA,4,E01023785,0,-1
2021211053687,2021,211053687,1,9,-1,-1,-1,-1,-1,-1,-1,0,-1,-1,-1,-1,-1,1,6,6,1,21,5,1229,1,7,VAUXHALL CORSA,7,E01029396,0,-1
2021111016945,2021,111016945,1,9,0,18,19,6,2,0,0,8,0,0,0,0,1,1,5,6,2,76,11,1199,1,1,VAUXHALL CORSA,8,E01008458,0,-1
2021010314919,2021,010314919,2,9,0,99,99,9,9,99,99,0,9,99,9,99,9,9,6,6,3,-1,-1,1199,1,1,VAUXHALL CORSA,-1,-1,0,-1
2021461096025,2021,461096025,1,9,0,18,19,4,8,0,0,0,0,0,0,0,1,1,6,6,1,39,7,1229,1,11,VAUXHALL CORSA,2,E01024672,0,-1
2021991069733,2021,991069733,2,9,0,2,2,1,5,9,9,0,0,0,0,0,1,1,6,6,3,-1,-1,1229,1,12,VAUXHALL CORSA,-1,-1,0,-1
2021131064983,2021,131064983,2,9,0,4,4,5,1,0,0,0,0,0,0,0,2,1,6,6,1,30,6,1398,1,9,VAUXHALL CORSA,9,E01011874,0,-1
2021302100704,2021,302100704,2,9,0,2,2,0,0,0,0,1,0,0,0,0,2,1,6,6,2,57,9,1398,1,4,VAUXHALL CORSA,-1,-1,0,-1
2021471100140,2021,471100140,2,9,0,18,19,3,7,0,0,8,1,0,3,0,3,1,2,2,1,19,4,999,1,5,VAUXHALL CORSA,6,E01031601,0,-1
2021440162727,2021,440162727,1,9,0,9,9,8,6,0,0,6,0,0,0,0,1,1,6,6,1,19,4,1398,1,4,VAUXHALL CORSA,4,E01022953,0,-1
2021991124897,2021,991124897,1,9,0,18,19,4,8,0,0,0,0,0,1,11,1,1,6,6,2,18,4,1229,1,9,VAUXHALL CORSA,-1,-1,0,-1
2021320415048,2021,320415048,1,9,0,5,5,7,3,0,0,8,0,0,2,0,3,1,6,6,2,68,10,1398,1,3,VAUXHALL CORSA,3,E01031265,0,-1
202163D098921,2021,63D098921,1,9,0,18,19,4,8,0,0,2,0,0,0,0,1,1,6,6,1,17,4,1398,1,9,VAUXHALL CORSA,8,W01000466,0,-1
2021991066240,2021,991066240,2,9,0,18,19,5,1,0,0,1,0,0,0,0,1,1,6,6,1,26,6,1229,1,13,VAUXHALL CORSA,10,-1,0,-1
2021501101402,2021,501101402,1,9,0,17,19,5,2,0,0,0,1,0,2,11,1,1,5,6,1,19,4,1229,1,14,VAUXHALL CORSA,4,E01015142,0,-1
2021430512305,2021,430512305,1,9,0,9,9,3,1,0,0,5,0,0,0,0,1,1,2,2,2,26,6,1229,1,14,VAUXHALL CORSA,5,E01017659,0,-1
202134WNC4631,2021,34WNC4631,2,9,0,18,19,3,7,0,0,7,0,0,0,0,3,1,6,6,2,74,10,1398,1,6,VAUXHALL CORSA,9,E01027201,0,-1
2021141043348,2021,141043348,2,9,0,2,2,0,0,0,0,1,0,0,0,0,1,1,6,6,3,-1,-1,1248,2,11,VAUXHALL CORSA,-1,-1,0,-1
2021170H10401,2021,170H10401,1,9,0,18,19,3,7,0,0,8,0,0,0,0,1,1,6,6,1,51,8,1229,1,10,VAUXHALL CORSA,1,E01011980,0,-1
2021991023164,2021,991023164,2,9,0,18,19,7,3,0,0,0,0,0,0,0,1,1,5,6,2,29,6,1398,1,2,VAUXHALL CORSA,8,-1,0,-1
202131D089621,2021,31D089621,2,9,0,18,19,2,6,0,0,4,0,0,0,0,1,1,6,6,2,20,4,1398,1,5,VAUXHALL CORSA,2,E01013904,0,-1
2021010323016,2021,010323016,2,9,0,99,99,9,9,99,99,9,9,99,9,99,9,9,6,6,3,-1,-1,1229,1,11,VAUXHALL CORSA,-1,-1,0,-1
2021461067420,2021,461067420,1,9,0,18,19,3,7,0,0,0,5,4,0,0,1,1,6,6,1,19,4,1398,1,4,VAUXHALL CORSA,2,E01024517,0,-1
2021101057102,2021,101057102,1,9,0,17,19,6,2,0,0,0,0,10,7,0,1,1,6,6,1,21,5,1229,1,12,VAUXHALL CORSA,4,E01027525,0,-1
202134WNC5441,2021,34WNC5441,1,9,0,18,19,7,3,0,0,8,0,0,0,0,1,1,6,6,2,21,5,1229,1,8,VAUXHALL CORSA,1,E01027140,0,-1
2021371117158,2021,371117158,1,9,0,18,19,-1,-1,0,0,0,0,0,0,0,1,1,6,6,1,47,8,1364,1,12,VAUXHALL CORSA,-1,-1,0,-1
2021010331725,2021,010331725,1,9,0,99,99,9,9,99,99,9,9,99,9,99,1,9,6,6,2,34,6,1398,1,2,VAUXHALL CORSA,2,E01004089,0,-1
2021061028209,2021,061028209,1,9,0,18,19,7,3,0,0,1,0,0,0,0,4,1,1,1,1,34,6,998,1,15,VAUXHALL CORSA,2,E01005580,0,-1
2021161104578,2021,161104578,2,9,0,3,3,6,2,0,0,1,0,0,0,0,2,1,6,6,2,24,5,1398,1,5,VAUXHALL CORSA,6,E01013105,0,-1
2021141089411,2021,141089411,1,9,0,5,5,5,7,0,0,2,0,7,7,10,1,1,2,2,1,28,6,1398,1,8,VAUXHALL CORSA,2,E01033270,0,-1