collision_index,collision_year,collision_ref_no,vehicle_reference,vehicle_type,towing_and_articulation,vehicle_manoeuvre_historic,vehicle_manoeuvre,vehicle_direction_from,vehicle_direction_to,vehicle_location_restricted_lane_historic,vehicle_location_restricted_lane,junction_location,skidding_and_overturning,hit_object_in_carriageway,vehicle_leaving_carriageway,hit_object_off_carriageway,first_point_of_impact,vehicle_left_hand_drive,journey_purpose_of_driver_historic,journey_purpose_of_driver,sex_of_driver,age_of_driver,age_band_of_driver,engine_capacity_cc,propulsion_code,age_of_vehicle,generic_make_model,driver_imd_decile,lsoa_of_driver,escooter_flag,driver_distance_banding
2021430506034,2021,430506034,1,9,0,18,19,8,4,0,0,1,0,0,0,0,1,1,6,6,2,18,4,1229,1,8,VAUXHALL CORSA,7,E01033523,0,-1
20211381C1627,2021,1381C1627,3,9,0,2,2,0,0,0,0,0,0,0,0,0,3,1,6,6,3,-1,-1,1398,1,6,VAUXHALL CORSA,-1,-1,0,-1
2021501075735,2021,501075735,2,9,0,10,10,6,2,0,0,1,0,0,0,0,2,1,5,6,2,33,6,1199,1,1,VAUXHALL CORSA,5,E01020220,0,-1
2021052101086,2021,052101086,2,9,0,18,19,5,1,0,0,0,5,0,2,11,3,1,6,6,2,64,9,1364,1,13,VAUXHALL CORSA,2,E01006710,0,-1
2021201061606,2021,201061606,1,9,0,4,4,6,2,0,0,1,0,0,0,0,1,1,6,6,3,22,5,1364,1,12,VAUXHALL CORSA,-1,-1,0,-1
2021622100063,2021,622100063,1,9,0,9,9,4,2,0,0,5,0,0,0,0,1,1,1,1,2,45,7,1229,1,15,VAUXHALL CORSA,1,W01001874,0,-1
2021010348657,2021,010348657,1,9,0,4,4,7,3,0,0,1,0,0,0,0,0,1,6,6,2,31,6,1229,1,8,VAUXHALL CORSA,10,E01024423,0,-1
2021041016872,2021,041016872,2,9,0,9,9,5,3,0,0,0,0,0,0,0,1,1,6,6,1,28,6,1398,1,5,VAUXHALL CORSA,1,E01012637,0,-1
2021201136529,2021,201136529,2,9,0,4,4,1,5,0,0,1,0,0,0,0,2,1,6,6,2,32,6,1229,1,9,VAUXHALL CORSA,1,E01009567,0,-1
2021991041170,2021,991041170,1,9,0,3,3,3,7,0,0,8,0,0,0,0,2,1,6,6,2,31,6,1398,1,4,VAUXHALL CORSA,3,-1,0,-1
2021622100822,2021,622100822,1,9,0,18,19,6,2,0,0,0,0,0,0,0,3,1,6,6,2,33,6,1229,1,11,VAUXHALL CORSA,1,W01000975,0,-1
2021010288639,2021,010288639,1,9,0,4,4,1,5,6,6,0,0,0,0,0,4,1,1,1,1,36,7,1229,1,16,VAUXHALL CORSA,2,E01001218,0,-1
2021430189262,2021,430189262,1,9,0,17,19,4,1,0,0,0,0,0,0,0,4,1,6,6,2,19,4,1398,1,9,VAUXHALL CORSA,10,E01016270,0,-1
2021131040919,2021,131040919,1,9,0,18,19,7,3,0,0,0,0,0,0,0,1,1,6,6,1,54,8,1199,1,1,VAUXHALL CORSA,3,E01011123,0,-1
2021010352379,2021,010352379,2,9,0,99,99,9,9,99,99,9,9,99,9,99,9,9,6,6,1,22,5,1398,1,9,VAUXHALL CORSA,7,E01000674,0,-1
2021201062179,2021,201062179,1,9,0,9,9,2,8,0,0,5,0,0,0,0,1,1,6,6,3,-1,-1,998,1,12,VAUXHALL CORSA,-1,-1,0,-1
2021430105698,2021,430105698,1,9,0,4,4,8,4,0,0,1,0,0,0,0,1,1,6,6,1,20,4,1229,1,8,VAUXHALL CORSA,8,E01028547,0,-1
2021991100425,2021,991100425,1,9,0,7,7,7,3,0,0,0,0,0,0,0,1,1,5,6,1,81,11,1364,1,12,VAUXHALL CORSA,4,-1,0,-1
2021010324853,2021,010324853,2,9,9,6,6,1,1,99,99,9,9,99,9,99,9,9,6,6,3,-1,-1,1199,1,1,VAUXHALL CORSA,-1,-1,0,-1
2021041026199,2021,041026199,1,9,0,18,19,7,3,0,0,0,0,0,0,0,4,1,5,6,2,45,7,1398,1,3,VAUXHALL CORSA,1,E01025041,0,-1
2021440368848,2021,440368848,1,9,0,18,19,3,7,0,0,0,1,0,0,9,0,1,1,1,2,42,7,1398,1,10,VAUXHALL CORSA,3,E01030793,0,-1
2021010334245,2021,010334245,1,9,0,18,19,1,5,0,0,8,0,0,0,0,4,1,3,7,2,42,7,1398,1,9,VAUXHALL CORSA,2,E01001976,0,-1
2021041102193,2021,041102193,2,9,0,18,19,1,5,0,0,8,0,0,1,0,1,1,1,1,2,24,5,1229,1,9,VAUXHALL CORSA,2,E01025140,0,-1
2021351130537,2021,351130537,1,9,0,18,19,4,1,0,0,1,0,0,0,0,1,1,3,7,2,18,4,1248,2,12,VAUXHALL CORSA,8,E01018217,0,-1
2021461016630,2021,461016630,2,9,0,13,13,8,3,0,0,3,0,0,0,0,4,1,5,6,1,56,9,1398,1,3,VAUXHALL CORSA,9,E01024074,0,-1
2021531014809,2021,531014809,1,9,0,5,5,7,5,0,0,0,1,0,1,10,3,1,5,6,2,22,5,1398,1,2,VAUXHALL CORSA,2,E01022322,0,-1
202131D185021,2021,31D185021,1,9,0,18,19,3,7,0,0,1,0,0,0,0,1,1,4,7,1,17,4,1229,1,10,VAUXHALL CORSA,10,E01025885,0,-1
2021501067836,2021,501067836,1,9,0,6,6,7,5,0,0,8,0,0,0,0,3,1,6,6,1,17,4,1398,1,4,VAUXHALL CORSA,9,E01015126,0,-1
2021430128733,2021,430128733,1,9,0,18,19,2,6,0,0,2,0,0,0,0,1,1,6,6,2,20,4,1398,1,2,VAUXHALL CORSA,-1,-1,0,-1
2021320615013,2021,320615013,1,9,0,18,19,1,5,0,0,0,1,0,0,0,1,1,6,6,1,25,5,1229,1,7,VAUXHALL CORSA,4,E01012870,0,-1
2021010305291,2021,010305291,1,9,0,10,10,1,8,0,0,5,0,0,0,0,1,1,6,6,1,30,6,1229,1,16,VAUXHALL CORSA,2,W01000213,0,-1
2021351083155,2021,351083155,1,9,0,5,5,4,8,0,0,8,0,0,0,0,0,1,5,6,2,18,4,1248,2,14,VAUXHALL CORSA,6,E01018207,0,-1
2021461069586,2021,461069586,3,9,0,9,9,6,2,0,0,6,0,0,0,0,1,1,5,6,1,19,4,1229,1,10,VAUXHALL CORSA,7,E01016170,0,-1
2021041015471,2021,041015471,1,9,0,9,9,3,1,0,0,6,0,0,0,0,1,1,5,6,1,29,6,1248,2,10,VAUXHALL CORSA,1,E01025184,0,-1
2021421084035,2021,421084035,2,9,0,2,2,0,0,9,9,0,1,0,0,0,2,1,5,6,1,36,7,1229,1,12,VAUXHALL CORSA,10,E01021751,0,-1
2021131042716,2021,131042716,2,9,0,7,7,3,4,0,0,3,0,0,0,0,1,1,6,6,1,24,5,1229,1,15,VAUXHALL CORSA,1,E01011429,0,-1
2021061082720,2021,061082720,2,9,0,2,2,0,0,0,0,0,0,0,0,0,2,1,6,6,3,-1,-1,973,1,18,VAUXHALL CORSA,-1,-1,0,-1
2021421034439,2021,421034439,2,9,0,17,19,3,7,0,0,0,0,0,0,0,1,1,6,6,2,54,8,1229,1,9,VAUXHALL CORSA,9,E01021756,0,-1
2021131098555,2021,131098555,3,9,0,18,19,7,3,0,0,0,1,0,1,7,1,1,5,6,1,18,4,1248,2,14,VAUXHALL CORSA,3,E01010835,0,-1
2021010345097,2021,010345097,2,9,0,5,5,0,5,0,0,1,0,0,0,0,3,1,6,6,1,26,6,1229,1,12,VAUXHALL CORSA,2,E01001529,0,-1
2021461082903,2021,461082903,1,9,0,18,19,5,1,0,0,0,0,0,0,0,1,1,1,1,1,45,7,1199,1,0,VAUXHALL CORSA,8,E01032812,0,-1
2021101016294,2021,101016294,2,9,0,3,3,5,8,0,0,1,0,0,0,0,2,1,2,2,2,32,6,1229,1,11,VAUXHALL CORSA,1,E01008165,0,-1
2021010320587,2021,010320587,2,9,0,16,19,1,5,0,0,1,0,0,0,0,2,1,2,2,1,58,9,1398,1,11,VAUXHALL CORSA,2,E01001143,0,-1
2021421059771,2021,421059771,1,9,0,17,19,2,7,0,0,0,2,11,0,0,1,1,5,6,2,21,5,1398,1,3,VAUXHALL CORSA,4,E01033123,0,-1
2021401075923,2021,401075923,1,9,0,18,19,1,5,0,0,0,0,0,1,11,1,1,6,6,3,-1,-1,1229,1,14,VAUXHALL CORSA,-1,-1,0,-1
2021471021465,2021,471021465,2,9,0,7,7,1,3,0,0,5,0,0,0,0,1,1,5,6,1,56,9,1199,1,19,VAUXHALL CORSA,4,E01031575,0,-1
2021501100153,2021,501100153,1,9,0,18,19,3,7,0,0,0,0,0,0,0,2,1,1,1,2,76,11,1398,1,5,VAUXHALL CORSA,8,E01015068,0,-1
2021010297855,2021,010297855,2,9,0,99,99,9,9,99,99,9,9,99,9,99,1,1,6,6,3,-1,-1,1229,1,13,VAUXHALL CORSA,-1,-1,0,-1
2021101041909,2021,101041909,1,9,0,18,19,1,5,0,0,0,5,0,1,0,1,1,5,6,1,34,6,1389,1,18,VAUXHALL CORSA,2,E01027546,0,-1
2021010293447,2021,010293447,2,9,0,18,19,7,3,0,0,0,0,0,0,0,2,1,1,1,2,23,5,1248,2,4,VAUXHALL CORSA,2,E01001361,0,-1
2021052102691,2021,052102691,1,9,0,9,9,4,2,0,0,5,0,0,0,0,1,1,6,6,1,86,11,1398,1,2,VAUXHALL CORSA,8,E01007308,0,-1
2021010350400,2021,010350400,1,9,0,9,9,5,3,0,0,8,0,0,0,0,1,1,6,6,2,28,6,1229,1,7,VAUXHALL CORSA,4,E01004376,0,-1
2021061027160,2021,061027160,1,9,0,18,19,7,7,0,0,1,0,0,0,0,4,1,6,6,2,46,8,1398,1,5,VAUXHALL CORSA,2,E01004972,0,-1
2021041099960,2021,041099960,2,9,0,18,19,3,7,0,0,0,0,0,0,0,3,1,5,6,1,26,6,1364,1,6,VAUXHALL CORSA,5,E01025431,0,-1
2021411061193,2021,411061193,2,9,0,4,4,1,5,0,0,1,0,0,0,0,2,1,6,6,2,62,9,1229,1,10,VAUXHALL CORSA,8,E01023491,0,-1
2021471096698,2021,471096698,1,9,0,9,9,5,2,0,0,6,0,0,0,0,4,1,5,6,2,80,11,1398,1,10,VAUXHALL CORSA,7,E01031405,0,-1
2021201064395,2021,201064395,1,9,0,12,12,4,8,0,0,3,0,0,0,0,2,1,6,6,3,-1,-1,1229,1,15,VAUXHALL CORSA,-1,-1,0,-1
2021522104568,2021,522104568,1,9,0,18,19,2,6,0,0,1,0,0,0,0,2,1,6,6,2,37,7,1229,1,13,VAUXHALL CORSA,4,E01014495,0,-1
2021070622134,2021,070622134,2,9,0,4,4,3,7,0,0,1,0,0,0,0,1,1,6,6,1,30,6,1364,1,13,VAUXHALL CORSA,4,E01033756,0,-1
2021440349015,2021,440349015,4,9,0,18,19,5,1,0,0,0,0,0,0,0,1,1,2,2,1,19,4,1199,1,20,VAUXHALL CORSA,5,E01023285,0,-1
2021010296838,2021,010296838,1,9,0,99,99,9,9,99,99,9,9,99,9,99,2,9,6,6,1,30,6,1229,1,16,VAUXHALL CORSA,7,E01002268,0,-1
2021041068225,2021,041068225,1,9,0,18,19,7,3,0,0,0,0,10,0,0,4,1,5,6,2,61,9,1229,1,16,VAUXHALL CORSA,6,E01025002,0,-1
2021010324171,2021,010324171,1,9,0,10,10,1,6,0,0,7,0,0,0,0,1,1,6,6,2,23,5,1229,1,8,VAUXHALL CORSA,-1,-1,0,-1
2021161056005,2021,161056005,1,9,0,2,2,2,6,0,0,1,0,0,0,0,1,1,6,6,2,31,6,1229,1,8,VAUXHALL CORSA,5,E01012768,0,-1
2021501049180,2021,501049180,2,9,0,18,19,1,5,0,0,1,0,0,0,0,3,1,6,6,2,19,4,1398,1,5,VAUXHALL CORSA,6,E01018985,0,-1
2021231050016,2021,231050016,3,9,0,18,19,4,8,0,0,0,0,0,1,7,4,1,5,6,1,48,8,1229,1,13,VAUXHALL CORSA,9,E01015351,0,-1
2021430235594,2021,430235594,2,9,0,17,19,6,3,0,0,0,0,0,1,11,1,1,6,6,1,18,4,1248,2,13,VAUXHALL CORSA,9,E01017802,0,-1
2021991084513,2021,991084513,2,9,0,2,2,0,0,0,0,0,0,0,0,0,3,1,6,6,3,-1,-1,1398,1,4,VAUXHALL CORSA,-1,-1,0,-1
2021361112403,2021,361112403,1,9,0,5,5,5,2,0,0,1,0,0,1,0,1,1,5,6,2,77,11,1398,1,11,VAUXHALL CORSA,4,E01026254,0,-1
202134WNC3841,2021,34WNC3841,1,9,0,7,7,3,5,0,0,6,5,10,7,9,1,1,6,6,2,32,6,1364,1,6,VAUXHALL CORSA,9,E01032985,0,-1
2021991105028,2021,991105028,1,9,0,18,19,1,5,0,0,0,0,0,0,0,1,1,5,6,1,19,4,1248,2,7,VAUXHALL CORSA,2,-1,0,-1
2021231115327,2021,231115327,1,9,0,16,19,1,4,0,0,0,1,0,1,9,1,1,5,6,1,18,4,1398,1,8,VAUXHALL CORSA,1,E01009581,0,-1
2021010309185,2021,010309185,1,9,0,18,19,7,3,0,0,2,0,0,0,0,1,1,6,6,1,29,6,1199,1,1,VAUXHALL CORSA,1,E01002694,0,-1
2021401119235,2021,401119235,1,9,0,18,19,4,8,0,0,0,0,0,0,0,1,1,6,6,2,32,6,1364,1,16,VAUXHALL CORSA,7,E01017577,0,-1
2021010345370,2021,010345370,1,9,0,6,6,7,7,0,0,0,0,0,0,0,3,1,2,2,2,51,8,1364,1,11,VAUXHALL CORSA,9,E01004115,0,-1
2021041196274,2021,041196274,1,9,0,7,7,3,7,0,0,0,0,0,0,0,3,1,6,6,1,-1,-1,1229,1,9,VAUXHALL CORSA,1,E01025181,0,-1
2021010296275,2021,010296275,2,9,0,9,9,7,4,0,0,8,0,0,0,0,1,1,2,2,2,31,6,1248,2,12,VAUXHALL CORSA,6,E01003393,0,-1
2021302101864,2021,302101864,1,9,0,18,19,6,4,0,0,6,0,0,3,11,3,1,1,1,1,21,5,1248,2,6,VAUXHALL CORSA,8,E01028358,0,-1
2021351125227,2021,351125227,3,9,0,4,4,3,6,0,0,0,0,0,0,0,2,1,2,2,2,18,4,1398,1,4,VAUXHALL CORSA,5,E01018035,0,-1
2021221024092,2021,221024092,2,9,0,18,19,4,8,0,0,8,0,0,0,0,1,1,5,6,2,79,11,1389,1,18,VAUXHALL CORSA,5,E01014053,0,-1
2021131072285,2021,131072285,1,9,0,16,19,8,4,0,0,0,2,10,0,0,1,1,6,6,1,23,5,1229,1,11,VAUXHALL CORSA,2,E01011136,0,-1
2021430403533,2021,430403533,1,9,0,4,4,6,2,0,0,8,0,0,0,0,2,1,2,2,2,20,4,1229,1,10,VAUXHALL CORSA,4,E01016516,0,-1
2021041183465,2021,041183465,1,9,0,11,11,8,1,0,0,2,0,0,0,0,3,1,6,6,3,-1,-1,1229,1,9,VAUXHALL CORSA,-1,-1,0,-1
2021991088946,2021,991088946,1,9,0,15,15,4,8,0,0,0,2,0,1,5,1,1,6,6,1,19,4,1229,1,11,VAUXHALL CORSA,8,-1,0,-1
2021010335091,2021,010335091,1,9,0,99,99,9,9,99,99,9,9,99,9,99,2,9,2,2,1,19,4,1229,1,8,VAUXHALL CORSA,1,E01003511,0,-1
2021041066621,2021,041066621,1,9,0,16,19,5,8,0,0,0,1,0,7,0,1,1,5,6,1,40,7,1229,1,7,VAUXHALL CORSA,6,E01007044,0,-1
2021421072033,2021,421072033,2,9,0,18,19,1,5,0,0,0,0,0,0,0,1,1,5,6,2,47,8,1199,1,18,VAUXHALL CORSA,4,E01021853,0,-1
2021549140921,2021,549140921,2,9,0,18,19,5,1,0,0,0,0,0,0,0,1,1,6,6,2,37,7,1229,1,9,VAUXHALL CORSA,9,E01015485,0,-1
2021131126468,2021,131126468,1,9,0,5,5,7,3,0,0,8,0,0,1,10,3,1,5,6,1,21,5,1686,2,11,VAUXHALL CORSA,3,E01011776,0,-1
2021440425882,2021,440425882,1,9,0,18,19,7,3,0,0,1,0,0,0,0,1,1,6,6,1,31,6,1229,1,17,VAUXHALL CORSA,8,E01032855,0,-1
2021131105352,2021,131105352,1,9,0,5,5,7,3,0,0,8,0,0,0,0,1,1,5,6,1,20,4,1199,1,0,VAUXHALL CORSA,10,E01027671,0,-1
2021451048170,2021,451048170,2,9,0,2,2,0,0,9,9,0,1,0,0,0,2,1,6,6,2,19,4,1229,1,7,VAUXHALL CORSA,10,E01030728,0,-1
2021361087138,2021,361087138,2,9,0,18,19,3,7,0,0,8,0,0,0,0,1,1,5,6,1,19,4,1229,1,13,VAUXHALL CORSA,5,E01026583,0,-1
2021320401105,2021,320401105,1,9,0,16,19,2,4,0,0,0,0,0,1,4,1,1,6,6,1,18,4,1229,1,8,VAUXHALL CORSA,3,E01026113,0,-1
2021211046915,2021,211046915,1,9,0,9,9,5,2,0,0,8,0,0,0,0,1,1,6,6,2,65,9,1398,1,3,VAUXHALL CORSA,7,E01029673,0,-1
2021991025684,2021,991025684,1,9,0,5,5,2,6,0,0,1,0,0,0,0,1,1,6,6,2,24,5,1229,1,9,VAUXHALL CORSA,-1,-1,0,-1
2021221034064,2021,221034064,1,9,0,2,2,0,0,0,0,0,0,0,0,0,3,1,5,6,1,17,4,1229,1,10,VAUXHALL CORSA,9,E01033528,0,-1
2021010304593,2021,010304593,3,9,0,18,19,7,3,0,0,6,0,0,0,0,1,1,6,6,1,26,6,1598,1,8,VAUXHALL CORSA,4,E01003317,0,-1
2021361125820,2021,361125820,2,9,0,18,19,7,2,0,0,8,0,0,0,0,1,1,5,6,2,32,6,1398,1,2,VAUXHALL CORSA,9,E01026422,0,-1
2021401095342,2021,401095342,2,9,0,16,19,2,6,0,0,0,0,0,1,0,3,1,2,2,1,53,8,1398,1,6,VAUXHALL CORSA,5,E01015753,0,-1
2021010318699,2021,010318699,1,9,0,3,3,4,8,0,0,6,0,0,0,0,2,1,6,6,1,37,7,1364,1,14,VAUXHALL CORSA,2,E01003024,0,-1
2021201075301,2021,201075301,1,9,0,18,19,3,7,0,0,0,0,0,0,0,1,1,6,6,2,25,5,1398,1,7,VAUXHALL CORSA,3,E01033565,0,-1
2021101025513,2021,101025513,1,9,0,18,19,6,2,0,0,0,2,10,0,0,4,1,5,6,2,21,5,1248,2,8,VAUXHALL CORSA,-1,-1,0,-1
2021010313222,2021,010313222,1,9,0,18,19,7,3,0,0,2,0,0,0,0,4,1,6,6,1,22,5,1229,1,14,VAUXHALL CORSA,8,E01003225,0,-1
2021010300443,2021,010300443,2,9,0,18,19,3,7,0,0,8,0,0,0,0,1,1,2,2,1,26,6,1199,1,18,VAUXHALL CORSA,8,E01003422,0,-1
2021622100098,2021,622100098,1,9,0,18,19,4,8,0,0,0,0,4,0,0,4,1,6,6,2,26,6,1248,2,13,VAUXHALL CORSA,3,W01001900,0,-1
2021991061426,2021,991061426,3,9,0,18,19,4,8,0,0,0,0,0,0,0,1,1,5,6,1,32,6,1229,1,13,VAUXHALL CORSA,1,-1,0,-1
2021361094659,2021,361094659,2,9,0,18,19,3,7,0,0,0,5,0,2,10,4,1,2,2,1,18,4,998,1,9,VAUXHALL CORSA,3,W01001902,0,-1
2021411144430,2021,411144430,1,9,0,17,19,5,1,0,0,0,1,0,7,9,2,1,5,6,2,30,6,998,1,10,VAUXHALL CORSA,10,E01023609,0,-1
2021440201264,2021,440201264,1,9,0,5,5,8,6,0,0,8,0,0,7,10,1,1,6,6,2,25,5,1398,1,3,VAUXHALL CORSA,10,E01023194,0,-1
2021201137470,2021,201137470,2,9,0,10,10,6,5,0,0,8,0,0,0,0,1,1,6,6,2,18,4,-1,3,0,VAUXHALL CORSA,8,E01009814,0,-1
2021041062535,2021,041062535,1,9,0,18,19,7,3,0,0,1,0,0,0,0,4,1,5,6,1,17,4,1199,1,22,VAUXHALL CORSA,4,E01025460,0,-1
2021101087538,2021,101087538,1,9,0,9,9,5,1,0,0,4,0,0,0,0,1,1,6,6,1,31,6,1229,1,9,VAUXHALL CORSA,3,E01008251,0,-1
2021991057008,2021,991057008,4,9,0,2,2,0,0,0,0,0,0,0,0,0,0,1,5,6,1,83,11,998,1,9,VAUXHALL CORSA,10,-1,0,-1
2021052101266,2021,052101266,2,9,0,18,19,1,5,0,0,8,0,0,7,0,1,1,6,6,2,54,8,1398,1,10,VAUXHALL CORSA,9,E01006917,0,-1
2021061055060,2021,061055060,2,9,0,9,9,1,3,0,0,8,0,0,0,0,3,1,2,2,2,19,4,1398,1,4,VAUXHALL CORSA,1,E01005729,0,-1
2021610053921,2021,610053921,1,9,0,18,19,8,4,0,0,0,0,4,0,0,1,1,6,6,1,42,7,1199,1,1,VAUXHALL CORSA,7,W01001399,0,-1
2021101020973,2021,101020973,2,9,0,18,19,8,3,0,0,2,1,0,0,0,2,1,6,6,1,22,5,1229,1,15,VAUXHALL CORSA,3,E01008242,0,-1
2021170M10401,2021,170M10401,2,9,0,18,19,3,7,0,0,0,0,0,0,0,3,1,6,6,2,32,6,1248,2,4,VAUXHALL CORSA,4,E01012026,0,-1
2021461031562,2021,461031562,1,9,0,18,19,3,7,0,0,0,0,0,0,0,1,1,5,6,1,18,4,998,1,11,VAUXHALL CORSA,5,E01024138,0,-1
2021302100724,2021,302100724,1,9,0,16,19,2,6,0,0,0,0,0,7,9,1,1,6,6,1,18,4,1398,1,6,VAUXHALL CORSA,8,E01019885,0,-1
2021141103540,2021,141103540,1,9,0,18,19,6,2,0,0,0,0,0,0,0,2,1,5,6,2,28,6,998,1,12,VAUXHALL CORSA,1,E01025699,0,-1
2021211070981,2021,211070981,1,9,0,3,3,8,2,0,0,0,0,0,0,0,1,1,5,6,1,18,4,1229,1,10,VAUXHALL CORSA,10,E01029868,0,-1
2021041196972,2021,041196972,1,9,0,9,9,1,3,0,0,5,0,0,0,0,4,1,5,6,1,84,11,998,1,16,VAUXHALL CORSA,3,-1,0,-1
2021010340374,2021,010340374,1,9,0,5,5,1,5,0,0,0,0,0,0,0,4,1,6,6,1,23,5,1364,1,13,VAUXHALL CORSA,6,E01000250,0,-1
202131A132921,2021,31A132921,2,9,0,9,9,6,4,0,0,6,0,0,0,0,1,1,6,6,1,-1,-1,1364,1,2,VAUXHALL CORSA,8,E01028246,0,-1
2021111062687,2021,111062687,1,9,0,18,19,1,5,0,0,1,0,0,0,0,1,1,6,6,3,30,6,998,1,15,VAUXHALL CORSA,-1,-1,0,-1
2021161080661,2021,161080661,2,9,0,4,4,1,5,0,0,0,0,0,0,0,1,1,6,6,1,18,4,1229,1,7,VAUXHALL CORSA,10,E01013114,0,-1
2021991059233,2021,991059233,2,9,0,18,19,1,5,0,0,8,0,0,0,0,4,1,5,6,2,46,8,1398,1,2,VAUXHALL CORSA,5,-1,0,-1
2021622100754,2021,622100754,1,8,0,18,19,2,6,0,0,3,0,0,0,0,3,1,6,6,2,57,9,1398,1,6,VAUXHALL CORSA,5,W01000894,0,-1
2021131121753,2021,131121753,1,9,0,10,10,1,5,0,0,5,0,0,0,0,4,1,5,6,2,47,8,1199,1,0,VAUXHALL CORSA,9,E01011698,0,-1
2021010312119,2021,010312119,2,9,0,99,99,9,9,99,99,9,9,99,9,99,1,9,6,6,3,-1,-1,998,1,12,VAUXHALL CORSA,-1,-1,0,-1
2021010288892,2021,010288892,1,9,0,7,7,3,5,5,5,5,0,0,0,0,4,1,6,6,1,41,7,-1,-1,-1,VAUXHALL CORSA,3,E01004430,0,-1
2021010290554,2021,010290554,2,9,0,99,99,9,9,99,99,9,9,99,9,99,9,9,6,6,1,42,7,1364,1,13,VAUXHALL CORSA,7,E01000675,0,-1
2021010329138,2021,010329138,2,9,0,99,99,9,9,99,99,9,9,99,9,99,9,9,6,6,3,22,5,1229,1,11,VAUXHALL CORSA,2,E01004060,0,-1
202134WNC2021,2021,34WNC2021,1,9,0,4,4,1,5,0,0,0,0,0,0,0,1,1,6,6,2,22,5,1398,1,3,VAUXHALL CORSA,8,E01027288,0,-1
2021061067037,2021,061067037,3,9,0,2,2,0,0,0,0,1,0,0,0,0,2,1,6,6,2,44,7,1229,1,8,VAUXHALL CORSA,2,E01005221,0,-1
2021201065349,2021,201065349,2,9,0,18,19,3,7,0,0,1,0,0,0,0,3,1,6,6,1,18,4,1248,2,7,VAUXHALL CORSA,1,E01009153,0,-1
2021201025137,2021,201025137,2,9,0,2,2,0,0,0,0,0,0,0,0,0,2,1,6,6,1,27,6,1398,1,10,VAUXHALL CORSA,3,E01009184,0,-1
2021440008494,2021,440008494,1,9,0,13,13,6,2,0,0,0,5,0,2,4,4,1,2,2,2,26,6,1398,1,8,VAUXHALL CORSA,9,E01022522,0,-1
2021622100628,2021,622100628,1,9,0,16,19,6,2,0,0,0,0,0,1,7,4,1,6,6,1,18,4,1229,1,6,VAUXHALL CORSA,10,W01000903,0,-1
202134NNC1871,2021,34NNC1871,3,9,0,4,4,7,3,0,0,1,0,0,0,0,2,1,2,2,2,32,6,1398,1,5,VAUXHALL CORSA,2,E01027128,0,-1
2021471073300,2021,471073300,1,9,0,18,19,1,5,0,0,8,0,0,0,0,1,1,5,6,1,24,5,1398,1,2,VAUXHALL CORSA,9,E01031622,0,-1
2021461088646,2021,461088646,2,9,0,9,9,1,7,0,0,0,0,0,0,0,4,1,2,2,2,49,8,1364,1,13,VAUXHALL CORSA,6,E01016125,0,-1
2021010342127,2021,010342127,2,9,0,18,19,5,1,0,0,1,0,0,0,0,1,1,6,6,1,30,6,1398,1,9,VAUXHALL CORSA,4,E01001476,0,-1
2021010306773,2021,010306773,1,9,0,9,9,5,3,0,0,6,0,0,0,0,1,1,6,6,2,38,7,1364,1,13,VAUXHALL CORSA,2,E01000599,0,-1
2021201072534,2021,201072534,1,9,0,18,19,2,6,0,0,4,0,0,0,0,1,1,6,6,1,-1,-1,1248,2,13,VAUXHALL CORSA,-1,-1,0,-1
2021010289994,2021,010289994,1,9,0,99,99,9,9,99,99,9,9,99,9,99,9,9,6,6,3,-1,-1,1398,1,3,VAUXHALL CORSA,5,E01024640,0,-1
2021522105793,2021,522105793,2,9,0,18,19,1,5,0,0,0,0,0,0,0,1,1,6,6,2,30,6,1398,1,5,VAUXHALL CORSA,-1,-1,0,-1
2021201044104,2021,201044104,2,9,0,18,19,6,2,0,0,0,0,7,0,0,1,1,2,2,2,29,6,1229,1,9,VAUXHALL CORSA,1,E01009192,0,-1
2021010317115,2021,010317115,2,9,0,3,3,6,2,0,0,1,0,0,0,0,1,1,6,6,3,-1,-1,1229,1,6,VAUXHALL CORSA,-1,-1,0,-1
202163C047521,2021,63C047521,1,9,0,16,19,5,8,0,0,0,0,0,7,10,1,1,6,6,1,17,4,1199,1,1,VAUXHALL CORSA,-1,-1,0,-1
2021461059120,2021,461059120,3,9,0,4,4,1,5,0,0,0,0,0,0,0,2,1,5,6,1,67,10,-1,-1,-1,VAUXHALL CORSA,7,E01016078,0,-1
202131C157521,2021,31C157521,2,9,0,18,19,8,4,0,0,8,0,0,0,0,3,1,6,6,2,21,5,1398,1,10,VAUXHALL CORSA,4,E01000170,0,-1
2021430500145,2021,430500145,2,9,0,18,19,8,4,0,0,2,0,0,0,0,4,1,6,6,1,25,5,1398,1,6,VAUXHALL CORSA,7,E01016728,0,-1
2021201102146,2021,201102146,1,9,0,18,19,8,4,0,0,0,0,10,2,4,1,1,6,6,1,30,6,1229,1,8,VAUXHALL CORSA,8,E01010373,0,-1
2021440229128,2021,440229128,1,9,0,18,19,2,6,0,0,0,0,0,0,0,1,1,6,6,1,19,4,1229,1,7,VAUXHALL CORSA,8,E01032845,0,-1
2021201017397,2021,201017397,1,9,0,9,9,8,6,0,0,2,0,0,0,0,3,1,6,6,1,82,11,1398,1,2,VAUXHALL CORSA,9,E01009914,0,-1