collision_index,collision_year,collision_ref_no,vehicle_reference,vehicle_type,towing_and_articulation,vehicle_manoeuvre_historic,vehicle_manoeuvre,vehicle_direction_from,vehicle_direction_to,vehicle_location_restricted_lane_historic,vehicle_location_restricted_lane,junction_location,skidding_and_overturning,hit_object_in_carriageway,vehicle_leaving_carriageway,hit_object_off_carriageway,first_point_of_impact,vehicle_left_hand_drive,journey_purpose_of_driver_historic,journey_purpose_of_driver,sex_of_driver,age_of_driver,age_band_of_driver,engine_capacity_cc,propulsion_code,age_of_vehicle,generic_make_model,driver_imd_decile,lsoa_of_driver,escooter_flag,driver_distance_banding
2021041154448,2021,041154448,1,9,0,18,19,5,1,0,0,1,0,0,0,0,1,1,5,6,1,25,5,1229,1,13,VAUXHALL CORSA,1,E01025287,0,-1
2021201119316,2021,201119316,1,9,0,18,19,2,6,0,0,0,0,0,0,0,1,1,6,6,1,23,5,1229,1,12,VAUXHALL CORSA,4,E01012319,0,-1
2021010305905,2021,010305905,2,9,0,99,99,9,9,99,99,0,9,99,9,99,1,9,6,6,3,-1,-1,1229,1,16,VAUXHALL CORSA,-1,-1,0,-1
2021111070526,2021,111070526,1,9,0,18,19,5,1,-1,-1,0,0,0,0,0,1,1,6,6,1,30,6,1229,1,11,VAUXHALL CORSA,1,E01020762,0,-1
2021440354069,2021,440354069,1,9,0,4,4,5,1,0,0,4,1,0,0,0,1,1,6,6,1,40,7,1248,2,14,VAUXHALL CORSA,7,E01022927,0,-1
2021141014256,2021,141014256,2,9,0,18,19,1,5,0,0,0,0,0,0,0,1,1,1,1,1,51,8,1398,1,2,VAUXHALL CORSA,3,E01008148,0,-1
2021041106600,2021,041106600,1,9,0,7,7,4,6,0,0,2,0,0,0,0,1,1,3,7,2,28,6,1229,1,7,VAUXHALL CORSA,2,E01025247,0,-1
2021440235252,2021,440235252,1,9,0,18,19,1,5,0,0,8,0,0,0,0,3,1,6,6,2,20,4,1229,1,8,VAUXHALL CORSA,10,E01032857,0,-1
2021041101551,2021,041101551,1,9,0,1,1,1,5,8,6,1,0,0,0,0,2,1,6,6,3,-1,-1,1229,1,16,VAUXHALL CORSA,-1,-1,0,-1
2021010349967,2021,010349967,2,9,0,18,19,5,1,0,0,8,0,0,0,0,1,2,6,6,2,31,6,1199,1,1,VAUXHALL CORSA,4,E01000746,0,-1
2021522103611,2021,522103611,2,9,0,7,7,5,7,0,0,3,0,0,0,0,4,1,6,6,1,30,6,1398,1,9,VAUXHALL CORSA,-1,-1,0,-1
2021430342619,2021,430342619,1,9,0,16,19,5,7,0,0,0,0,0,1,11,4,1,1,1,2,28,6,1199,1,20,VAUXHALL CORSA,10,E01028714,0,-1
2021131057500,2021,131057500,1,9,0,18,19,7,3,0,0,8,0,0,0,0,1,1,6,6,1,18,4,998,1,11,VAUXHALL CORSA,6,E01010990,0,-1
2021440454340,2021,440454340,2,9,0,18,19,5,1,0,0,1,0,0,0,0,2,1,6,6,1,19,4,1229,1,9,VAUXHALL CORSA,10,E01022790,0,-1
2021101019540,2021,101019540,2,9,0,3,3,3,7,0,0,0,0,0,0,0,2,1,5,6,2,23,5,998,1,10,VAUXHALL CORSA,2,E01008339,0,-1
2021010287756,2021,010287756,2,9,0,3,3,1,5,0,0,0,0,0,0,0,1,1,6,6,3,-1,-1,1398,1,6,VAUXHALL CORSA,-1,-1,0,-1
2021421069699,2021,421069699,2,9,0,2,2,0,0,0,0,0,0,0,0,0,2,1,6,6,3,-1,-1,998,1,12,VAUXHALL CORSA,-1,-1,0,-1
202131C035821,2021,31C035821,1,9,0,18,19,4,8,0,0,1,0,9,0,0,1,1,6,6,1,24,5,1364,1,13,VAUXHALL CORSA,8,E01028150,0,-1
202134WNC9071,2021,34WNC9071,1,9,0,9,9,4,8,0,0,8,0,0,0,0,4,1,6,6,2,48,8,1229,1,11,VAUXHALL CORSA,2,E01027214,0,-1
2021131104805,2021,131104805,2,9,0,18,19,1,1,0,0,0,0,0,0,0,2,1,6,6,1,21,5,1229,1,11,VAUXHALL CORSA,2,E01011424,0,-1
2021351077558,2021,351077558,1,9,0,16,19,7,3,0,0,0,0,0,7,0,1,1,5,6,1,19,4,1229,1,10,VAUXHALL CORSA,8,E01015589,0,-1
2021010316816,2021,010316816,2,9,0,18,19,3,7,0,0,1,0,0,0,0,1,1,6,6,1,34,6,1248,2,9,VAUXHALL CORSA,3,E01002587,0,-1
2021440281478,2021,440281478,1,9,0,18,19,3,7,0,0,1,1,0,0,0,1,1,6,6,2,19,4,1229,1,8,VAUXHALL CORSA,4,E01017028,0,-1
2021131089727,2021,131089727,1,9,0,5,5,4,6,0,0,0,0,0,0,0,1,1,1,1,1,48,8,1398,1,11,VAUXHALL CORSA,3,E01011090,0,-1
2021401042587,2021,401042587,2,9,0,18,19,8,4,0,0,0,0,0,0,0,3,1,5,6,1,22,5,1229,1,6,VAUXHALL CORSA,6,E01017592,0,-1
2021010313085,2021,010313085,1,9,0,17,19,2,6,0,0,0,5,10,0,0,1,1,2,2,1,19,4,1398,1,10,VAUXHALL CORSA,-1,-1,0,-1
2021010316660,2021,010316660,1,9,0,3,3,4,8,0,0,0,0,0,0,0,3,1,6,6,1,25,5,1229,1,12,VAUXHALL CORSA,4,E01000068,0,-1
2021361100700,2021,361100700,2,9,0,2,2,0,0,0,0,1,0,0,0,0,2,1,6,6,3,-1,-1,1229,1,13,VAUXHALL CORSA,-1,-1,0,-1
2021010310713,2021,010310713,1,9,0,4,4,1,5,0,0,0,0,0,0,0,4,1,6,6,2,18,4,1229,1,14,VAUXHALL CORSA,4,E01001176,0,-1
2021070826340,2021,070826340,1,9,0,17,19,2,6,0,0,0,1,0,1,4,1,1,6,6,2,67,10,1229,1,15,VAUXHALL CORSA,7,E01014301,0,-1
2021361066047,2021,361066047,2,9,0,3,3,5,1,0,0,4,0,0,0,0,2,1,6,6,1,61,9,1229,1,7,VAUXHALL CORSA,4,E01018104,0,-1
2021471046058,2021,471046058,2,9,0,4,4,5,1,0,0,1,1,0,0,0,2,1,5,6,2,54,8,1229,1,9,VAUXHALL CORSA,4,E01031550,0,-1
2021041079339,2021,041079339,1,9,0,4,4,1,5,0,0,0,0,0,0,0,2,1,5,6,1,64,9,1199,1,0,VAUXHALL CORSA,-1,-1,0,-1
2021411070530,2021,411070530,1,9,0,4,4,1,2,0,0,6,0,0,0,0,1,1,6,6,2,19,4,1229,1,11,VAUXHALL CORSA,6,E01023942,0,-1
2021201030544,2021,201030544,2,9,0,2,2,0,0,0,0,0,0,0,0,0,0,1,2,2,3,-1,-1,1364,1,13,VAUXHALL CORSA,-1,-1,0,-1
2021501115001,2021,501115001,1,9,0,16,19,6,2,0,0,0,5,0,5,6,1,1,5,6,1,20,4,1229,1,8,VAUXHALL CORSA,8,E01020066,0,-1
2021122100761,2021,122100761,1,9,0,18,19,7,3,0,0,1,0,0,0,0,1,1,6,6,2,58,9,1598,1,7,VAUXHALL CORSA,4,E01027787,0,-1
2021302100189,2021,302100189,1,9,0,18,19,7,3,0,0,0,0,0,0,0,1,1,2,2,1,38,7,1362,1,8,VAUXHALL CORSA,3,E01019768,0,-1
2021010344841,2021,010344841,1,9,0,2,2,0,0,6,6,2,0,0,0,0,4,1,6,6,3,-1,-1,1248,2,13,VAUXHALL CORSA,-1,-1,0,-1
2021141055440,2021,141055440,2,9,0,7,7,5,7,0,0,2,0,0,0,0,1,1,6,6,1,45,7,1229,1,14,VAUXHALL CORSA,-1,-1,0,-1
2021411066529,2021,411066529,2,9,0,18,19,1,7,0,0,8,0,0,0,0,4,1,5,6,1,42,7,1398,1,2,VAUXHALL CORSA,8,E01023732,0,-1
2021041081684,2021,041081684,2,9,0,3,3,7,3,0,0,0,0,0,0,0,2,1,2,2,2,57,9,1398,1,3,VAUXHALL CORSA,2,E01012591,0,-1
2021061099349,2021,061099349,1,9,0,9,9,5,1,0,0,8,0,0,0,0,1,1,6,6,2,52,8,1398,1,6,VAUXHALL CORSA,1,E01005213,0,-1
2021010339084,2021,010339084,2,9,9,99,99,9,9,99,99,9,9,99,9,99,9,9,6,6,3,-1,-1,998,1,8,VAUXHALL CORSA,-1,-1,0,-1
2021221051035,2021,221051035,2,9,0,18,19,5,1,0,0,8,0,0,0,0,1,1,5,6,2,56,9,1398,1,5,VAUXHALL CORSA,5,E01014021,0,-1
2021440208834,2021,440208834,1,9,0,9,9,5,3,0,0,8,0,0,0,0,1,1,6,6,1,59,9,1398,1,6,VAUXHALL CORSA,-1,-1,0,-1
2021221108034,2021,221108034,3,9,0,16,19,7,4,0,0,0,0,0,0,0,2,1,5,6,1,19,4,-1,-1,-1,VAUXHALL CORSA,8,E01026400,0,-1
202131D065221,2021,31D065221,1,9,0,18,19,4,8,0,0,2,0,10,7,11,1,1,6,6,1,19,4,1229,1,16,VAUXHALL CORSA,10,E01028382,0,-1
2021461096861,2021,461096861,2,9,0,8,8,3,7,0,0,1,0,0,0,0,1,1,2,2,2,54,8,1229,1,14,VAUXHALL CORSA,4,E01024586,0,-1
2021302101267,2021,302101267,1,9,0,9,9,4,2,0,0,5,0,0,0,0,4,1,6,6,3,-1,-1,1398,1,10,VAUXHALL CORSA,-1,-1,0,-1
2021061052435,2021,061052435,1,9,0,9,9,1,6,0,0,1,0,0,0,0,1,1,6,6,1,22,5,1364,1,12,VAUXHALL CORSA,4,E01005896,0,-1
2021170M10881,2021,170M10881,2,9,0,18,19,1,5,0,0,0,0,0,1,4,3,1,6,6,1,67,10,1229,1,13,VAUXHALL CORSA,4,E01012285,0,-1
2021430325810,2021,430325810,2,9,0,18,19,4,8,0,0,0,0,0,1,0,2,1,6,6,2,54,8,1248,2,11,VAUXHALL CORSA,1,E01032469,0,-1
2021522101700,2021,522101700,1,9,0,18,19,1,5,0,0,0,0,0,0,0,3,1,6,6,1,24,5,1229,1,7,VAUXHALL CORSA,1,E01014574,0,-1
2021320479063,2021,320479063,2,9,0,4,4,8,4,0,0,4,0,0,0,0,2,1,6,6,2,59,9,1398,1,6,VAUXHALL CORSA,5,E01011300,0,-1
2021351060705,2021,351060705,1,9,0,9,9,8,6,0,0,5,0,0,0,0,2,1,5,6,2,21,5,1229,1,11,VAUXHALL CORSA,3,E01017654,0,-1
2021421030087,2021,421030087,1,9,0,18,19,1,1,0,0,0,0,0,0,0,1,1,5,6,2,27,6,1199,1,20,VAUXHALL CORSA,2,E01022023,0,-1
2021201138668,2021,201138668,2,9,0,18,19,2,5,0,0,6,0,0,0,0,2,1,6,6,2,35,6,1229,1,14,VAUXHALL CORSA,1,E01009141,0,-1
2021201125778,2021,201125778,2,9,0,2,2,0,0,9,9,1,0,0,0,0,2,1,6,6,2,52,8,1398,1,6,VAUXHALL CORSA,2,E01010405,0,-1
2021052101838,2021,052101838,2,9,0,3,3,7,3,0,0,0,0,0,0,0,2,1,6,6,1,29,6,1229,1,8,VAUXHALL CORSA,2,E01007232,0,-1
2021131121529,2021,131121529,1,9,0,4,4,5,5,0,0,0,0,0,0,0,2,1,5,6,1,23,5,1398,1,9,VAUXHALL CORSA,2,E01011558,0,-1
2021471065359,2021,471065359,2,9,0,2,2,0,0,0,0,2,0,0,0,0,4,1,5,6,2,25,5,1229,1,8,VAUXHALL CORSA,6,E01020959,0,-1
2021052100822,2021,052100822,1,9,0,18,19,8,4,0,0,0,0,0,0,0,1,1,6,6,1,35,6,1229,1,13,VAUXHALL CORSA,8,E01007279,0,-1
2021010318804,2021,010318804,1,9,0,18,19,5,1,0,0,8,0,0,0,0,1,1,6,6,2,32,6,1199,1,0,VAUXHALL CORSA,7,E01001131,0,-1
2021411013656,2021,411013656,1,9,0,10,10,1,5,0,0,8,0,0,0,0,4,1,5,6,2,47,8,1398,1,4,VAUXHALL CORSA,9,E01023665,0,-1
2021052101990,2021,052101990,1,9,0,9,9,7,5,0,0,6,0,0,0,0,1,1,6,6,1,49,8,1229,1,7,VAUXHALL CORSA,2,E01006497,0,-1
2021010305071,2021,010305071,1,9,0,18,19,4,8,0,0,2,0,0,0,0,1,1,6,6,2,26,6,1229,1,6,VAUXHALL CORSA,6,E01030748,0,-1
2021041106213,2021,041106213,1,9,0,18,19,3,7,0,0,1,0,0,0,0,1,1,5,6,2,17,4,1229,1,7,VAUXHALL CORSA,9,E01025240,0,-1
2021451060101,2021,451060101,1,9,0,9,9,8,4,0,0,0,0,0,0,0,3,1,5,6,1,65,9,998,1,8,VAUXHALL CORSA,10,E01030584,0,-1
2021061104107,2021,061104107,1,9,0,18,19,5,1,0,0,0,0,0,0,0,1,1,6,6,2,72,10,1199,1,0,VAUXHALL CORSA,8,E01006133,0,-1
2021010310421,2021,010310421,2,9,0,99,99,9,9,99,99,9,9,99,9,99,1,9,6,6,3,-1,-1,1229,1,12,VAUXHALL CORSA,-1,-1,0,-1
2021440262086,2021,440262086,2,9,0,18,19,7,3,0,0,8,0,0,0,0,3,1,6,6,1,64,9,1248,2,16,VAUXHALL CORSA,6,E01022761,0,-1
2021451063163,2021,451063163,1,9,0,18,19,7,3,0,0,1,0,0,0,0,1,1,5,6,2,20,4,1229,1,12,VAUXHALL CORSA,10,E01030328,0,-1
2021041087840,2021,041087840,1,9,0,18,19,3,7,0,0,0,0,0,0,0,1,1,5,6,2,24,5,1364,1,12,VAUXHALL CORSA,3,E01005435,0,-1
2021061087683,2021,061087683,1,9,0,16,19,7,3,0,0,1,0,0,7,0,1,1,6,6,1,57,9,1199,1,17,VAUXHALL CORSA,1,E01005292,0,-1
2021522101434,2021,522101434,1,9,0,18,19,7,3,0,0,0,0,0,0,0,1,1,6,6,2,20,4,1398,1,5,VAUXHALL CORSA,5,E01014439,0,-1
2021161055163,2021,161055163,2,9,0,5,5,6,2,0,0,6,0,0,0,0,4,1,6,6,2,61,9,1229,1,7,VAUXHALL CORSA,8,E01013170,0,-1
2021141146340,2021,141146340,1,9,0,18,19,3,7,0,0,0,0,0,0,0,1,1,6,6,3,-1,-1,1229,1,10,VAUXHALL CORSA,-1,-1,0,-1
2021010303202,2021,010303202,2,9,0,99,99,9,9,99,99,9,9,99,9,99,1,9,6,6,3,-1,-1,1199,1,1,VAUXHALL CORSA,-1,-1,0,-1
2021421060105,2021,421060105,1,9,0,9,9,3,8,0,0,1,0,0,0,0,1,1,6,6,2,19,4,1398,1,11,VAUXHALL CORSA,6,E01033054,0,-1
2021061071523,2021,061071523,1,9,0,18,19,8,4,0,0,1,0,0,0,0,1,1,6,6,1,30,6,1364,1,15,VAUXHALL CORSA,1,E01006248,0,-1
2021041067404,2021,041067404,1,9,0,18,19,3,7,0,0,0,0,0,0,0,1,1,1,1,1,65,9,-1,-1,-1,VAUXHALL CORSA,6,E01025401,0,-1
2021010310483,2021,010310483,1,9,0,9,9,2,7,0,0,6,0,0,0,0,1,1,6,6,1,21,5,1364,1,14,VAUXHALL CORSA,5,E01001345,0,-1
202131C006021,2021,31C006021,2,9,0,18,19,3,7,0,0,4,0,0,0,0,3,1,6,6,1,30,6,1398,1,3,VAUXHALL CORSA,4,E01019522,0,-1
2021421037507,2021,421037507,1,9,0,18,19,1,5,0,0,1,0,0,0,0,1,1,6,6,1,30,6,1229,1,11,VAUXHALL CORSA,10,-1,0,-1
2021451089193,2021,451089193,2,9,0,16,19,5,1,0,0,0,0,0,0,0,1,1,5,6,1,40,7,1398,1,4,VAUXHALL CORSA,10,E01030878,0,-1
2021231104746,2021,231104746,2,9,0,18,19,2,6,0,0,0,0,0,0,0,3,1,6,6,1,20,4,998,1,7,VAUXHALL CORSA,9,E01010168,0,-1
2021991110736,2021,991110736,2,9,0,3,3,2,6,0,0,0,0,0,0,0,1,1,6,6,2,34,6,1248,2,11,VAUXHALL CORSA,7,-1,0,-1
2021010310609,2021,010310609,1,9,0,18,19,1,5,0,0,2,0,0,0,0,1,1,6,6,1,36,7,1398,1,5,VAUXHALL CORSA,1,E01003188,0,-1
2021010291168,2021,010291168,1,9,0,9,9,7,5,0,0,8,0,0,0,0,4,1,6,6,1,-1,-1,1229,1,10,VAUXHALL CORSA,3,E01004735,0,-1
2021221087956,2021,221087956,2,9,0,4,4,3,7,0,0,0,0,0,0,0,2,1,2,2,1,41,7,1229,1,12,VAUXHALL CORSA,3,E01009232,0,-1
2021320400841,2021,320400841,1,9,0,18,19,6,2,0,0,0,5,10,7,0,3,1,6,6,2,24,5,1398,1,6,VAUXHALL CORSA,5,E01026245,0,-1
2021531091787,2021,531091787,1,9,0,18,19,1,5,0,0,0,0,0,0,0,4,1,5,6,1,19,4,1398,1,5,VAUXHALL CORSA,1,E01017167,0,-1
2021501088627,2021,501088627,1,9,0,18,19,1,5,0,0,0,0,0,0,0,1,1,1,1,2,52,8,998,1,9,VAUXHALL CORSA,9,E01015067,0,-1
2021201099600,2021,201099600,1,9,0,9,9,2,8,0,0,6,0,0,0,0,4,1,6,6,1,23,5,1398,1,10,VAUXHALL CORSA,5,E01010393,0,-1
2021461128930,2021,461128930,2,9,0,2,2,0,0,0,0,1,0,0,0,0,2,1,5,6,1,20,4,1398,1,4,VAUXHALL CORSA,9,E01024808,0,-1
2021421108023,2021,421108023,1,9,0,11,11,2,6,0,0,3,0,0,0,0,4,1,6,6,2,24,5,1229,1,6,VAUXHALL CORSA,7,E01021827,0,-1
2021010288044,2021,010288044,1,9,0,3,3,1,5,0,0,1,0,0,0,0,2,1,6,6,1,23,5,1229,1,6,VAUXHALL CORSA,1,E01000106,0,-1
2021201116450,2021,201116450,2,9,0,18,19,4,8,0,0,0,0,0,0,0,2,1,6,6,2,25,5,1229,1,14,VAUXHALL CORSA,2,E01009610,0,-1
2021991104029,2021,991104029,1,9,0,8,8,1,4,0,0,1,0,0,0,0,1,1,5,6,1,37,7,1229,1,7,VAUXHALL CORSA,1,-1,0,-1
2021061031569,2021,061031569,2,9,0,4,4,5,1,0,0,1,0,0,0,0,4,1,5,6,2,57,9,1398,1,11,VAUXHALL CORSA,8,E01006859,0,-1
2021351078467,2021,351078467,2,9,0,9,9,5,3,0,0,8,0,0,0,0,3,1,6,6,1,55,8,1199,1,17,VAUXHALL CORSA,2,E01015605,0,-1
2021421030823,2021,421030823,1,9,0,18,19,7,3,0,0,0,0,0,1,0,1,1,6,6,2,40,7,1389,1,16,VAUXHALL CORSA,10,E01021445,0,-1
2021061028158,2021,061028158,2,9,0,18,19,1,5,0,0,8,0,0,0,0,1,1,5,6,1,64,9,998,1,8,VAUXHALL CORSA,8,E01005800,0,-1
2021161039001,2021,161039001,1,9,0,3,3,4,8,0,0,1,0,0,0,0,2,1,5,6,2,27,6,1199,1,1,VAUXHALL CORSA,1,E01013219,0,-1
2021461085416,2021,461085416,2,9,0,4,4,8,4,0,0,0,0,0,0,0,2,1,1,1,2,45,7,1796,1,16,VAUXHALL CORSA,5,E01024776,0,-1
2021131103950,2021,131103950,2,9,0,4,4,3,7,0,0,0,0,0,0,0,1,1,6,6,2,25,5,1398,1,5,VAUXHALL CORSA,-1,-1,0,-1
2021170M20901,2021,170M20901,2,9,0,4,4,7,3,0,0,1,0,0,0,0,3,1,6,6,2,28,6,1229,1,11,VAUXHALL CORSA,1,E01012060,0,-1
2021401129427,2021,401129427,2,9,0,18,19,7,3,0,0,1,0,0,0,0,2,1,6,6,2,22,5,1229,1,11,VAUXHALL CORSA,2,E01015754,0,-1
2021052100887,2021,052100887,2,9,0,9,9,3,1,0,0,1,0,0,0,0,3,1,6,6,2,27,6,1199,1,1,VAUXHALL CORSA,5,E01007042,0,-1
2021221111395,2021,221111395,2,9,0,18,19,1,5,0,0,0,0,0,0,0,1,1,5,6,1,34,6,1229,1,14,VAUXHALL CORSA,5,E01008948,0,-1
2021542919921,2021,542919921,1,9,0,9,9,1,7,0,0,8,0,0,0,0,4,1,6,6,1,19,4,1248,2,13,VAUXHALL CORSA,2,E01015506,0,-1
2021161084241,2021,161084241,1,9,0,3,3,8,4,0,0,1,0,0,0,0,2,1,6,6,2,27,6,1398,1,10,VAUXHALL CORSA,7,E01011744,0,-1
2021041095536,2021,041095536,1,9,0,4,4,7,3,0,0,0,0,0,0,0,1,1,2,2,1,20,4,998,1,15,VAUXHALL CORSA,6,E01025351,0,-1
2021131113911,2021,131113911,1,9,0,18,19,2,6,0,0,8,0,0,0,0,1,1,6,6,1,57,9,998,1,8,VAUXHALL CORSA,9,E01011848,0,-1
2021010345606,2021,010345606,1,9,0,18,19,6,2,0,0,0,0,0,0,0,1,1,6,6,2,39,7,1398,1,5,VAUXHALL CORSA,7,E01000764,0,-1
2021141038595,2021,141038595,1,9,0,18,19,1,5,0,0,0,0,0,0,0,3,1,5,6,1,28,6,1248,2,11,VAUXHALL CORSA,1,E01007943,0,-1
202131A019621,2021,31A019621,1,9,0,9,9,5,4,0,0,5,0,0,0,0,4,1,2,2,1,22,5,1686,2,13,VAUXHALL CORSA,5,E01028171,0,-1
2021451124619,2021,451124619,2,9,0,9,9,6,5,0,0,0,0,0,0,0,1,1,6,6,2,46,8,1229,1,11,VAUXHALL CORSA,10,E01030821,0,-1
2021211027687,2021,211027687,1,9,0,18,19,4,2,0,0,1,0,0,0,0,0,1,6,6,2,34,6,1686,2,14,VAUXHALL CORSA,3,E01014327,0,-1
2021440201924,2021,440201924,2,9,0,18,19,6,4,0,0,8,0,0,0,0,3,1,1,1,2,33,6,1229,1,10,VAUXHALL CORSA,6,E01022669,0,-1
2021302100391,2021,302100391,1,9,0,18,19,2,6,0,0,0,0,0,0,0,3,1,6,6,2,25,5,1229,1,14,VAUXHALL CORSA,1,E01013480,0,-1
2021991115824,2021,991115824,2,9,0,16,19,4,8,0,0,0,0,0,0,0,1,1,5,6,1,54,8,1398,1,7,VAUXHALL CORSA,8,-1,0,-1
2021461120955,2021,461120955,4,9,0,3,3,3,7,0,0,0,0,0,0,0,2,1,5,6,1,53,8,1229,1,12,VAUXHALL CORSA,6,E01003227,0,-1
2021501048904,2021,501048904,2,9,0,13,13,1,5,0,0,0,0,0,7,0,4,1,5,6,1,42,7,1199,1,1,VAUXHALL CORSA,7,E01018934,0,-1
2021991049237,2021,991049237,1,9,0,16,19,7,3,0,0,0,0,0,1,0,1,1,5,6,2,44,7,973,1,18,VAUXHALL CORSA,3,-1,0,-1
2021041035604,2021,041035604,1,9,0,9,9,3,7,0,0,2,0,0,0,0,1,1,6,6,1,55,8,1364,1,13,VAUXHALL CORSA,1,E01025218,0,-1
2021320084041,2021,320084041,1,9,0,18,19,3,7,0,0,0,1,0,1,9,1,1,6,6,1,29,6,1364,1,13,VAUXHALL CORSA,7,E01026351,0,-1
2021010321537,2021,010321537,1,9,0,18,19,3,7,0,0,8,0,0,0,0,1,1,2,2,1,61,9,998,1,17,VAUXHALL CORSA,9,E01000421,0,-1
2021371134829,2021,371134829,2,9,0,16,19,5,8,0,0,0,0,0,0,0,3,1,5,6,2,23,5,1398,1,8,VAUXHALL CORSA,10,E01018248,0,-1
2021010329794,2021,010329794,1,9,0,9,9,1,7,0,0,2,0,0,0,0,1,1,6,6,1,48,8,1398,1,11,VAUXHALL CORSA,3,E01002646,0,-1
202163B069121,2021,63B069121,1,9,0,18,19,6,2,0,0,0,0,0,1,10,1,1,6,6,2,80,11,1398,1,3,VAUXHALL CORSA,10,W01000525,0,-1
2021221031786,2021,221031786,1,9,0,18,19,6,2,0,0,0,0,0,1,1,1,1,2,2,1,53,8,1364,1,4,VAUXHALL CORSA,2,E01013994,0,-1
2021010351165,2021,010351165,2,9,0,99,99,9,9,99,99,9,9,99,9,99,2,9,6,6,3,-1,-1,1229,1,10,VAUXHALL CORSA,9,E01003358,0,-1
2021991070378,2021,991070378,2,9,0,10,10,2,8,0,0,1,0,0,0,0,3,1,5,6,2,18,4,1229,1,13,VAUXHALL CORSA,6,-1,0,-1
2021421104104,2021,421104104,2,9,0,18,19,6,7,0,0,1,0,0,7,0,4,1,1,1,1,46,8,1199,1,0,VAUXHALL CORSA,1,E01015895,0,-1
2021351035144,2021,351035144,1,9,0,9,9,7,3,0,0,1,0,0,0,0,1,1,5,6,2,23,5,1398,1,8,VAUXHALL CORSA,7,E01018082,0,-1
2021461040329,2021,461040329,2,9,0,11,11,7,3,0,0,0,0,0,0,0,2,1,6,6,2,29,6,1398,1,4,VAUXHALL CORSA,4,E01024029,0,-1
2021010352310,2021,010352310,1,9,0,18,19,6,2,0,0,0,0,0,0,0,1,1,2,2,1,51,8,1229,1,8,VAUXHALL CORSA,-1,-1,0,-1
2021471031055,2021,471031055,1,9,0,13,13,7,3,0,0,0,5,0,7,7,1,1,6,6,1,30,6,1229,1,9,VAUXHALL CORSA,6,E01021213,0,-1
2021451038818,2021,451038818,1,9,0,18,19,6,2,0,0,0,1,0,0,0,4,1,2,2,1,77,11,1199,1,20,VAUXHALL CORSA,10,E01030499,0,-1
2021010305847,2021,010305847,1,9,0,18,19,5,1,0,0,0,0,0,0,0,4,1,3,7,1,32,6,1229,1,6,VAUXHALL CORSA,-1,-1,0,-1
2021010343691,2021,010343691,1,9,0,14,14,8,4,0,0,0,0,0,0,0,3,1,6,6,1,49,8,1229,1,6,VAUXHALL CORSA,-1,-1,0,-1
2021052101401,2021,052101401,2,9,0,10,10,3,1,0,0,8,0,0,0,0,2,1,6,6,2,32,6,1398,1,5,VAUXHALL CORSA,3,E01007181,0,-1
2021991120275,2021,991120275,2,9,0,18,19,5,1,0,0,3,0,0,0,0,1,1,1,1,1,45,7,1398,1,4,VAUXHALL CORSA,2,-1,0,-1
2021131120748,2021,131120748,1,9,0,17,19,7,3,0,0,2,0,0,2,7,4,1,6,6,1,27,6,1229,1,10,VAUXHALL CORSA,6,E01010909,0,-1
2021201134508,2021,201134508,1,9,0,18,19,6,2,0,0,1,0,0,0,0,1,1,6,6,1,-1,-1,1229,1,11,VAUXHALL CORSA,2,E01009455,0,-1
2021122100809,2021,122100809,1,9,0,18,19,7,3,0,0,0,0,0,0,0,1,1,3,7,1,38,7,1362,1,9,VAUXHALL CORSA,7,E01010644,0,-1
2021411118789,2021,411118789,1,9,0,18,19,7,7,0,0,1,1,0,0,0,1,1,6,6,1,44,7,-1,-1,-1,VAUXHALL CORSA,6,E01023804,0,-1
2021070486513,2021,070486513,1,9,0,17,19,7,3,0,0,3,0,0,0,0,1,1,2,2,2,36,7,1229,1,11,VAUXHALL CORSA,10,E01012558,0,-1
2021201028864,2021,201028864,1,9,0,7,7,4,7,0,0,3,0,0,0,0,3,1,6,6,3,-1,-1,1229,1,13,VAUXHALL CORSA,-1,-1,0,-1
2021070651583,2021,070651583,1,9,0,18,19,7,3,0,0,0,0,0,0,0,1,1,6,6,1,57,9,1248,2,13,VAUXHALL CORSA,1,E01012419,0,-1
2021302200008,2021,302200008,1,9,0,11,11,2,6,0,0,1,1,0,0,0,3,1,1,1,1,21,5,1248,2,11,VAUXHALL CORSA,3,E01010327,0,-1
2021471030017,2021,471030017,1,9,0,1,1,7,3,0,0,0,0,0,0,0,2,1,1,1,2,26,6,1229,1,7,VAUXHALL CORSA,4,E01020976,0,-1
2021101015730,2021,101015730,2,9,0,10,10,3,7,0,0,1,0,0,0,0,2,1,2,2,1,45,7,1398,1,6,VAUXHALL CORSA,7,E01027434,0,-1
2021138130219,2021,138130219,1,9,0,17,19,6,3,0,0,0,1,0,1,4,1,1,6,6,2,27,6,1398,1,7,VAUXHALL CORSA,10,E01011572,0,-1
2021131072132,2021,131072132,1,9,0,18,19,5,1,0,0,0,0,4,0,0,1,1,6,6,3,-1,-1,1364,1,14,VAUXHALL CORSA,-1,-1,0,-1
202106G080139,2021,06G080139,1,9,0,16,19,3,7,0,0,7,0,0,0,0,3,1,6,6,1,19,4,1248,2,6,VAUXHALL CORSA,6,E01005942,0,-1
2021501120794,2021,501120794,1,9,0,7,7,5,1,0,0,8,0,0,0,0,1,1,6,6,2,34,6,998,1,12,VAUXHALL CORSA,4,E01018825,0,-1