collision_index,collision_year,collision_ref_no,vehicle_reference,vehicle_type,towing_and_articulation,vehicle_manoeuvre_historic,vehicle_manoeuvre,vehicle_direction_from,vehicle_direction_to,vehicle_location_restricted_lane_historic,vehicle_location_restricted_lane,junction_location,skidding_and_overturning,hit_object_in_carriageway,vehicle_leaving_carriageway,hit_object_off_carriageway,first_point_of_impact,vehicle_left_hand_drive,journey_purpose_of_driver_historic,journey_purpose_of_driver,sex_of_driver,age_of_driver,age_band_of_driver,engine_capacity_cc,propulsion_code,age_of_vehicle,generic_make_model,driver_imd_decile,lsoa_of_driver,escooter_flag,driver_distance_banding
2021201191653,2021,201191653,1,9,0,9,9,7,4,0,0,1,0,0,0,0,1,1,1,1,2,50,8,1229,1,9,VAUXHALL CORSA,2,E01009028,0,-1
2021122101529,2021,122101529,2,9,0,18,19,7,3,0,0,1,0,0,0,0,1,1,3,7,2,26,6,1248,2,9,VAUXHALL CORSA,4,E01027866,0,-1
2021547386921,2021,547386921,2,9,0,18,19,1,5,0,0,0,5,0,2,10,4,1,2,2,2,34,6,1248,2,12,VAUXHALL CORSA,7,E01032692,0,-1
2021141027973,2021,141027973,2,9,0,5,5,7,3,0,0,6,0,0,0,0,1,1,6,6,3,-1,-1,1364,1,14,VAUXHALL CORSA,-1,-1,0,-1
2021201070104,2021,201070104,1,9,0,18,19,1,5,0,0,2,0,0,0,0,1,1,3,7,2,41,7,1248,2,15,VAUXHALL CORSA,1,E01009585,0,-1
2021371072711,2021,371072711,1,9,0,9,9,2,7,0,0,0,0,0,0,0,1,1,5,6,2,19,4,1248,2,12,VAUXHALL CORSA,6,E01029919,0,-1
2021201072923,2021,201072923,1,9,0,18,19,5,1,0,0,0,0,0,0,0,4,1,6,6,3,-1,-1,1229,1,10,VAUXHALL CORSA,-1,-1,0,-1
2021552200197,2021,552200197,1,9,0,5,5,6,2,0,0,6,0,0,0,0,1,1,6,6,1,20,4,1398,1,2,VAUXHALL CORSA,7,E01020429,0,-1
202131B171921,2021,31B171921,2,9,0,9,9,5,3,0,0,4,0,0,0,0,3,1,1,1,2,28,6,1229,1,7,VAUXHALL CORSA,6,E01026135,0,-1
2021531033183,2021,531033183,2,9,0,17,19,3,7,0,0,0,0,0,0,0,3,1,5,6,1,17,4,1229,1,8,VAUXHALL CORSA,8,E01014890,0,-1
2021131068241,2021,131068241,2,9,0,3,3,8,4,0,0,0,0,0,0,0,2,1,5,6,1,39,7,1248,2,9,VAUXHALL CORSA,3,E01011298,0,-1
2021161043319,2021,161043319,1,9,0,7,7,2,4,6,6,6,0,0,0,0,1,1,1,1,1,57,9,1248,2,5,VAUXHALL CORSA,6,E01013267,0,-1
2021302100257,2021,302100257,2,9,0,18,19,2,6,0,0,1,0,0,0,0,3,1,6,6,1,47,8,998,1,13,VAUXHALL CORSA,4,E01019522,0,-1
2021010339161,2021,010339161,2,9,0,99,99,9,9,99,99,9,9,99,9,99,1,9,6,6,3,-1,-1,1199,1,0,VAUXHALL CORSA,-1,-1,0,-1
2021461060777,2021,461060777,1,9,0,16,19,7,1,0,0,0,0,0,0,0,1,1,1,1,2,22,5,1398,1,2,VAUXHALL CORSA,9,E01024269,0,-1
2021421014836,2021,421014836,1,9,0,18,19,1,5,0,0,1,0,0,0,0,1,1,6,6,1,-1,-1,998,1,13,VAUXHALL CORSA,-1,-1,0,-1
2021070505909,2021,070505909,2,9,0,18,19,5,1,0,0,1,0,0,0,0,4,1,6,6,2,21,5,1398,1,2,VAUXHALL CORSA,7,E01018449,0,-1
202131C176921,2021,31C176921,1,9,0,18,19,4,8,0,0,8,0,0,0,0,1,1,6,6,2,19,4,1229,1,11,VAUXHALL CORSA,1,E01013849,0,-1
2021170S11911,2021,170S11911,2,9,0,8,8,1,2,0,0,1,0,0,0,0,2,1,6,6,2,36,7,1364,1,12,VAUXHALL CORSA,9,E01012203,0,-1
2021991097873,2021,991097873,2,9,0,4,4,5,1,0,0,0,0,0,0,0,2,1,1,1,2,27,6,1499,2,1,VAUXHALL CORSA,2,-1,0,-1
202131C067021,2021,31C067021,1,9,0,12,12,4,8,0,0,8,0,0,0,0,1,1,1,1,2,37,7,973,1,18,VAUXHALL CORSA,3,E01013665,0,-1
2021522102289,2021,522102289,2,9,0,1,1,7,3,0,0,1,0,0,0,0,2,1,6,6,1,17,4,1199,1,1,VAUXHALL CORSA,-1,-1,0,-1
2021131126137,2021,131126137,1,9,0,18,19,1,5,0,0,0,0,0,0,0,2,1,6,6,2,53,8,1398,1,5,VAUXHALL CORSA,8,E01011769,0,-1
2021122100400,2021,122100400,2,9,0,9,9,5,3,0,0,1,0,0,0,0,2,1,6,6,2,38,7,1398,1,7,VAUXHALL CORSA,8,E01006363,0,-1
2021540336821,2021,540336821,1,9,0,16,19,4,8,0,0,0,1,0,1,0,1,1,1,1,1,17,4,1398,1,2,VAUXHALL CORSA,7,E01031882,0,-1
2021231046075,2021,231046075,2,9,0,18,19,2,6,0,0,8,0,0,1,3,1,1,2,2,1,54,8,1229,1,8,VAUXHALL CORSA,3,E01031047,0,-1
2021141014256,2021,141014256,1,9,0,18,19,5,1,0,0,0,0,0,0,0,1,1,1,1,1,24,5,1229,1,10,VAUXHALL CORSA,3,E01007447,0,-1
2021010321136,2021,010321136,1,9,0,99,99,9,9,99,99,9,9,99,9,99,9,9,2,2,2,26,6,1398,1,5,VAUXHALL CORSA,4,E01004419,0,-1
2021101052636,2021,101052636,1,9,0,1,1,3,7,9,9,1,0,0,0,0,3,1,5,6,1,35,6,1199,1,0,VAUXHALL CORSA,4,E01008732,0,-1
2021061072270,2021,061072270,1,9,0,18,19,6,2,0,0,0,0,0,0,0,1,1,6,6,1,64,9,1199,1,0,VAUXHALL CORSA,4,E01006399,0,-1
2021320664776,2021,320664776,2,9,0,2,2,0,0,0,0,0,0,0,0,0,2,1,6,6,3,-1,-1,1248,2,16,VAUXHALL CORSA,-1,-1,0,-1
202131D091621,2021,31D091621,3,9,0,2,2,0,0,0,0,0,0,0,0,0,2,1,6,6,1,69,10,1248,2,12,VAUXHALL CORSA,10,E01028401,0,-1
2021131113895,2021,131113895,2,9,0,4,4,7,3,0,0,1,0,0,0,0,2,1,6,6,2,24,5,1398,1,3,VAUXHALL CORSA,5,E01027582,0,-1
2021543802521,2021,543802521,1,9,0,18,19,2,6,0,0,4,0,0,0,0,1,1,6,6,2,19,4,1398,1,5,VAUXHALL CORSA,6,E01015559,0,-1
2021401059212,2021,401059212,1,9,0,18,19,3,7,0,0,1,0,0,0,0,4,1,2,2,2,55,8,1364,1,12,VAUXHALL CORSA,5,E01015748,0,-1
2021401063804,2021,401063804,1,9,0,7,7,6,8,0,0,5,0,12,0,0,4,1,5,6,1,18,4,1229,1,7,VAUXHALL CORSA,3,E01017619,0,-1
2021161082019,2021,161082019,2,9,0,9,9,7,6,0,0,0,0,0,0,0,4,1,5,6,1,30,6,1398,1,7,VAUXHALL CORSA,9,E01017716,0,-1
2021201038110,2021,201038110,2,9,0,2,2,0,0,0,0,0,0,0,0,0,1,1,6,6,2,-1,-1,1364,1,13,VAUXHALL CORSA,1,E01009564,0,-1
2021201044339,2021,201044339,1,9,0,18,19,8,4,0,0,4,0,0,0,0,1,1,6,6,1,-1,-1,1229,1,12,VAUXHALL CORSA,1,E01009374,0,-1
2021471048564,2021,471048564,1,9,0,18,19,3,7,0,0,4,0,0,0,0,3,1,5,6,1,18,4,1364,1,14,VAUXHALL CORSA,5,E01031394,0,-1
2021161053083,2021,161053083,1,9,0,14,14,6,2,0,0,0,0,0,0,0,4,1,6,6,2,53,8,1364,1,14,VAUXHALL CORSA,6,E01012961,0,-1
2021471061373,2021,471061373,1,9,0,4,4,5,1,0,0,0,0,0,0,0,2,1,6,6,1,-1,-1,1199,1,17,VAUXHALL CORSA,-1,-1,0,-1
202134WNC4061,2021,34WNC4061,1,9,0,17,19,2,6,0,0,0,2,4,0,0,4,1,6,6,1,43,7,1248,2,6,VAUXHALL CORSA,4,E01027189,0,-1
2021320636667,2021,320636667,2,9,0,18,19,1,5,0,0,1,0,0,0,0,3,1,6,6,2,18,4,1248,2,8,VAUXHALL CORSA,4,E01026019,0,-1
2021010346612,2021,010346612,2,9,0,99,99,9,9,99,99,0,9,99,9,99,9,9,6,6,2,29,6,1398,1,10,VAUXHALL CORSA,2,E01001633,0,-1
2021201120495,2021,201120495,1,9,0,18,19,6,2,0,0,0,0,0,0,0,1,1,6,6,1,58,9,998,1,11,VAUXHALL CORSA,2,E01010071,0,-1
2021170S20431,2021,170S20431,1,9,0,11,11,6,2,0,0,5,0,0,8,7,3,1,2,2,2,61,9,1229,1,11,VAUXHALL CORSA,1,E01012286,0,-1
2021991121206,2021,991121206,1,9,0,13,13,4,8,0,0,0,2,10,1,0,3,1,6,6,1,17,4,1229,1,9,VAUXHALL CORSA,-1,-1,0,-1
2021070400631,2021,070400631,1,9,0,9,9,8,4,0,0,8,0,0,0,0,1,2,6,6,2,20,4,1229,1,14,VAUXHALL CORSA,-1,-1,0,-1
2021501045109,2021,501045109,1,9,0,18,19,7,3,0,0,0,0,0,1,0,1,1,2,2,2,64,9,1364,1,12,VAUXHALL CORSA,5,E01020088,0,-1
2021010301580,2021,010301580,1,9,0,18,19,5,1,0,0,0,0,0,0,0,3,1,1,1,1,52,8,-1,-1,-1,VAUXHALL CORSA,8,E01015628,0,-1
2021430534522,2021,430534522,1,9,0,17,19,4,1,0,0,0,2,0,1,9,3,1,2,2,1,23,5,1229,1,7,VAUXHALL CORSA,-1,-1,0,-1
2021061107604,2021,061107604,2,9,0,18,19,6,2,0,0,0,0,0,0,0,2,1,6,6,2,39,7,998,1,12,VAUXHALL CORSA,9,E01011880,0,-1
2021201050848,2021,201050848,1,9,0,18,19,6,2,0,0,6,0,0,0,0,1,1,6,6,1,-1,-1,1229,1,8,VAUXHALL CORSA,-1,-1,0,-1
2021471090262,2021,471090262,2,9,0,18,19,1,5,0,0,0,0,0,0,0,1,1,6,6,1,29,6,1398,1,7,VAUXHALL CORSA,5,E01020967,0,-1
2021522106102,2021,522106102,2,9,0,18,19,4,8,0,0,0,0,0,0,0,1,1,6,6,2,28,6,1398,1,3,VAUXHALL CORSA,1,E01010053,0,-1
2021440204334,2021,440204334,2,9,0,4,4,2,6,0,0,8,0,0,0,0,2,1,6,6,1,31,6,1229,1,12,VAUXHALL CORSA,4,E01017171,0,-1
2021010302060,2021,010302060,2,9,0,18,19,5,1,0,0,0,0,0,0,0,1,1,6,6,1,19,4,1229,1,13,VAUXHALL CORSA,2,E01001014,0,-1
2021010346539,2021,010346539,1,9,0,6,6,7,7,0,0,0,0,4,0,0,4,1,6,6,2,19,4,1364,1,15,VAUXHALL CORSA,5,E01001708,0,-1
2021010311056,2021,010311056,1,9,0,18,19,3,7,0,0,1,0,0,0,0,2,1,6,6,1,25,5,1398,1,9,VAUXHALL CORSA,1,E01003487,0,-1
2021451070318,2021,451070318,1,9,0,17,19,8,4,0,0,0,0,0,1,3,1,1,2,2,1,21,5,1389,1,15,VAUXHALL CORSA,3,E01030588,0,-1
2021201124583,2021,201124583,1,9,0,18,19,4,8,0,0,0,0,10,1,4,4,1,6,6,3,-1,-1,1248,2,11,VAUXHALL CORSA,-1,-1,0,-1
2021461023202,2021,461023202,2,9,0,11,11,4,8,0,0,0,1,0,0,0,2,1,2,2,2,24,5,1398,1,3,VAUXHALL CORSA,8,E01024514,0,-1
2021031108408,2021,031108408,1,9,0,18,19,7,3,0,0,0,0,0,0,0,1,1,5,6,1,51,8,1398,1,3,VAUXHALL CORSA,9,E01026513,0,-1
202131A066221,2021,31A066221,1,9,0,18,19,1,5,0,0,8,0,0,3,11,1,1,6,6,2,19,4,1229,1,14,VAUXHALL CORSA,2,E01027976,0,-1
2021010344894,2021,010344894,2,9,0,99,99,9,9,99,99,0,9,99,9,99,1,9,6,6,3,-1,-1,1229,1,13,VAUXHALL CORSA,6,E01000110,0,-1
2021138421605,2021,138421605,2,9,0,18,19,5,1,0,0,8,0,0,7,11,1,1,6,6,2,46,8,973,1,20,VAUXHALL CORSA,-1,-1,0,-1
2021061115881,2021,061115881,1,9,0,9,9,6,2,0,0,8,0,0,0,0,4,1,6,6,2,65,9,1364,1,12,VAUXHALL CORSA,1,E01004827,0,-1
2021111048695,2021,111048695,1,9,0,18,19,5,1,0,0,0,0,0,0,0,1,1,6,6,1,-1,-1,1229,1,11,VAUXHALL CORSA,1,E01008793,0,-1
2021430080949,2021,430080949,1,9,0,7,7,7,2,0,0,8,0,9,0,0,1,1,6,6,2,21,5,1398,1,6,VAUXHALL CORSA,9,E01032952,0,-1
2021546922821,2021,546922821,1,9,0,18,19,8,5,0,0,8,0,0,7,1,1,1,6,6,1,19,4,1229,1,14,VAUXHALL CORSA,7,E01032084,0,-1
2021440077333,2021,440077333,2,9,0,4,4,2,5,0,0,0,0,0,0,0,4,1,6,6,1,24,5,1398,1,6,VAUXHALL CORSA,8,E01028766,0,-1
2021010348335,2021,010348335,2,9,0,9,9,1,7,0,0,1,0,0,0,0,1,1,6,6,1,26,6,1199,1,0,VAUXHALL CORSA,3,E01002393,0,-1
2021041069723,2021,041069723,1,9,0,17,19,7,3,0,0,0,0,10,1,11,1,2,1,1,1,19,4,1398,1,8,VAUXHALL CORSA,3,E01012587,0,-1
2021161020440,2021,161020440,2,9,0,16,19,1,3,0,0,3,0,0,0,0,1,1,6,6,2,22,5,1229,1,8,VAUXHALL CORSA,7,E01013007,0,-1
2021010323342,2021,010323342,1,9,0,4,4,1,5,0,0,1,0,0,0,0,1,1,1,1,2,40,7,1364,1,12,VAUXHALL CORSA,3,E01000689,0,-1
2021041129201,2021,041129201,1,9,0,18,19,7,3,0,0,0,0,0,0,0,1,1,6,6,3,-1,-1,1248,2,16,VAUXHALL CORSA,-1,-1,0,-1
2021211099945,2021,211099945,1,9,0,18,19,1,5,0,0,8,0,0,0,0,1,1,5,6,2,29,6,1199,1,0,VAUXHALL CORSA,-1,-1,0,-1
2021201033336,2021,201033336,1,9,0,17,19,4,1,0,0,0,1,0,0,0,3,1,1,1,1,25,5,1248,2,13,VAUXHALL CORSA,6,E01009749,0,-1
2021041162123,2021,041162123,1,9,0,7,7,1,7,0,0,6,0,0,3,0,1,1,1,1,2,63,9,998,1,10,VAUXHALL CORSA,9,E01025501,0,-1
2021991069804,2021,991069804,1,9,0,18,19,5,1,0,0,1,0,0,0,0,1,1,6,6,1,33,6,1199,1,1,VAUXHALL CORSA,-1,-1,0,-1
202134WNC6331,2021,34WNC6331,1,9,0,18,19,1,5,0,0,0,0,0,0,0,1,1,6,6,1,28,6,1398,1,6,VAUXHALL CORSA,6,E01027236,0,-1
2021541560421,2021,541560421,1,9,0,18,19,8,4,0,0,1,0,0,0,0,1,1,2,2,1,43,7,973,1,18,VAUXHALL CORSA,5,E01022488,0,-1
2021991096817,2021,991096817,2,9,0,9,9,1,7,0,0,5,0,0,7,0,3,1,5,6,2,24,5,1229,1,16,VAUXHALL CORSA,5,-1,0,-1
2021622200017,2021,622200017,1,9,0,5,5,4,8,0,0,4,0,0,0,0,1,1,6,6,1,18,4,1229,1,13,VAUXHALL CORSA,6,W01001814,0,-1
2021010298477,2021,010298477,1,9,0,9,9,8,5,0,0,1,0,0,0,0,1,1,6,6,1,29,6,1364,1,15,VAUXHALL CORSA,2,E01001460,0,-1
2021991110008,2021,991110008,1,9,0,9,9,1,7,0,0,8,0,0,0,0,4,1,2,2,2,61,9,1398,1,5,VAUXHALL CORSA,8,-1,0,-1
2021061128077,2021,061128077,1,9,0,18,19,5,1,0,0,1,0,0,0,0,4,1,3,7,2,33,6,1248,2,10,VAUXHALL CORSA,9,E01011174,0,-1
2021991032645,2021,991032645,2,9,0,3,3,8,4,0,0,2,0,0,0,0,2,1,5,6,2,25,5,1229,1,8,VAUXHALL CORSA,5,-1,0,-1
2021421026233,2021,421026233,1,9,0,7,7,3,5,0,0,2,0,0,0,0,1,1,5,6,1,38,7,1398,1,9,VAUXHALL CORSA,3,E01015956,0,-1
2021010346169,2021,010346169,1,9,0,99,99,9,9,99,99,9,9,99,9,99,1,9,6,6,2,31,6,1398,1,2,VAUXHALL CORSA,2,E01001551,0,-1
2021010314931,2021,010314931,1,9,0,5,5,1,5,0,0,6,0,0,0,0,1,1,6,6,1,18,4,1229,1,12,VAUXHALL CORSA,2,E01001014,0,-1
2021111137299,2021,111137299,1,9,0,5,5,7,3,0,0,8,0,0,0,0,3,1,6,6,2,19,4,1229,1,12,VAUXHALL CORSA,4,E01020900,0,-1
2021421030372,2021,421030372,1,9,-1,18,19,7,3,0,0,0,0,0,0,0,1,1,6,6,2,34,6,1248,2,12,VAUXHALL CORSA,7,E01021504,0,-1
2021010312762,2021,010312762,1,9,0,5,5,2,6,0,0,1,0,0,0,0,1,1,6,6,2,19,4,1364,1,12,VAUXHALL CORSA,2,E01004036,0,-1
2021201060614,2021,201060614,1,9,0,18,19,8,4,0,0,1,0,0,0,0,1,1,6,6,2,85,11,1229,1,16,VAUXHALL CORSA,10,E01010297,0,-1
20211381J1255,2021,1381J1255,2,9,0,18,19,5,1,0,0,8,0,0,7,0,1,1,6,6,2,22,5,1229,1,8,VAUXHALL CORSA,6,E01011164,0,-1
2021471073566,2021,471073566,3,9,0,4,4,3,7,0,0,1,0,0,0,0,1,1,6,6,1,-1,-1,1248,2,7,VAUXHALL CORSA,2,E01020911,0,-1
2021371121141,2021,371121141,1,9,0,9,9,6,4,0,0,8,0,0,0,0,1,1,5,6,1,27,6,1229,1,11,VAUXHALL CORSA,4,E01030236,0,-1
2021221063782,2021,221063782,1,9,0,17,19,7,4,0,0,0,0,0,7,4,1,1,5,6,1,18,4,1229,1,8,VAUXHALL CORSA,8,E01032319,0,-1
2021131073299,2021,131073299,1,9,0,18,19,8,4,0,0,0,0,0,0,0,1,1,6,6,2,27,6,1199,1,1,VAUXHALL CORSA,3,E01011139,0,-1
2021010303562,2021,010303562,1,9,0,9,9,5,2,0,0,5,0,0,0,0,4,1,6,6,2,54,8,1398,1,5,VAUXHALL CORSA,6,E01001665,0,-1
202131B106321,2021,31B106321,1,9,0,18,19,2,6,0,0,0,0,0,2,11,4,1,2,2,1,25,5,1398,1,11,VAUXHALL CORSA,5,E01026407,0,-1
2021991057016,2021,991057016,1,9,0,9,9,2,7,0,0,1,0,0,0,0,4,1,6,6,1,19,4,1229,1,16,VAUXHALL CORSA,3,-1,0,-1
2021302100366,2021,302100366,1,9,0,2,2,0,0,0,0,0,0,0,0,0,4,1,6,6,1,55,8,-1,-1,-1,VAUXHALL CORSA,6,E01019648,0,-1
2021471055000,2021,471055000,2,9,0,3,3,7,3,0,0,0,0,0,0,0,2,1,2,2,1,26,6,998,1,11,VAUXHALL CORSA,5,E01031394,0,-1
2021070210965,2021,070210965,2,9,0,18,19,4,8,0,0,1,0,0,0,0,2,1,6,6,2,22,5,1398,1,3,VAUXHALL CORSA,6,E01012564,0,-1
2021170M21581,2021,170M21581,1,9,0,7,7,6,8,0,0,6,0,0,0,0,1,1,6,6,2,22,5,1229,1,5,VAUXHALL CORSA,3,E01012278,0,-1
2021161126826,2021,161126826,1,9,0,18,19,7,3,0,0,1,0,0,0,0,1,1,6,6,1,-1,-1,1229,1,16,VAUXHALL CORSA,-1,-1,0,-1
2021430438062,2021,430438062,2,9,0,18,19,2,6,0,0,0,0,0,7,0,3,1,1,1,1,55,8,1229,1,14,VAUXHALL CORSA,7,E01028470,0,-1
2021161042120,2021,161042120,1,9,0,3,3,5,3,0,0,8,0,0,0,0,1,1,6,6,2,27,6,1364,1,16,VAUXHALL CORSA,5,E01013236,0,-1
2021131048555,2021,131048555,2,9,0,18,19,6,2,0,0,0,0,0,0,0,4,1,5,6,2,31,6,1248,2,5,VAUXHALL CORSA,3,E01010827,0,-1
2021221074531,2021,221074531,2,9,0,2,2,0,0,0,0,0,0,0,0,0,4,1,5,6,1,28,6,1229,1,7,VAUXHALL CORSA,-1,-1,0,-1
2021141017820,2021,141017820,2,9,0,18,19,2,6,0,0,1,0,0,0,0,1,1,6,6,1,33,6,998,1,8,VAUXHALL CORSA,6,E01007703,0,-1
2021201085177,2021,201085177,1,9,0,5,5,4,8,0,0,6,0,0,0,0,3,1,6,6,2,23,5,1398,1,2,VAUXHALL CORSA,7,E01009292,0,-1
2021201062153,2021,201062153,2,9,0,5,5,8,2,0,0,0,0,10,1,0,1,1,6,6,2,-1,-1,973,1,21,VAUXHALL CORSA,1,E01009115,0,-1
2021991120285,2021,991120285,1,9,0,4,4,5,1,0,0,1,0,0,0,0,1,1,2,2,1,21,5,1199,1,22,VAUXHALL CORSA,2,-1,0,-1
2021411064517,2021,411064517,2,9,0,4,4,-1,-1,0,0,0,0,0,0,0,2,1,6,6,1,38,7,1229,1,5,VAUXHALL CORSA,7,E01023527,0,-1
2021421099870,2021,421099870,2,9,0,18,19,7,3,0,0,0,0,0,0,0,2,1,6,6,1,23,5,1364,1,6,VAUXHALL CORSA,5,E01021814,0,-1
2021461110887,2021,461110887,1,9,0,17,19,7,3,0,0,1,0,0,3,0,1,1,5,6,1,25,5,1229,1,8,VAUXHALL CORSA,7,E01024140,0,-1
2021361058096,2021,361058096,2,9,0,18,19,3,7,0,0,0,0,0,0,0,3,1,5,6,1,23,5,1199,1,1,VAUXHALL CORSA,9,E01026933,0,-1
2021421038913,2021,421038913,1,9,0,1,1,6,1,0,0,1,0,0,0,0,2,1,1,1,1,46,8,1248,2,5,VAUXHALL CORSA,7,E01015967,0,-1
2021010332906,2021,010332906,1,9,0,7,7,7,1,0,0,1,0,0,0,0,3,1,6,6,2,35,6,1364,1,14,VAUXHALL CORSA,6,E01003152,0,-1
2021522102734,2021,522102734,1,9,0,6,6,5,5,0,0,1,0,0,0,0,1,1,6,6,1,37,7,1248,2,12,VAUXHALL CORSA,2,E01014568,0,-1
2021010315373,2021,010315373,1,9,0,17,19,5,1,0,0,0,1,0,1,11,3,1,6,6,2,19,4,1229,1,8,VAUXHALL CORSA,-1,-1,0,-1
2021010315900,2021,010315900,1,9,0,10,10,3,1,0,0,1,0,0,0,0,2,1,6,6,2,23,5,998,1,7,VAUXHALL CORSA,5,E01002490,0,-1
2021440184288,2021,440184288,2,9,0,18,19,6,2,0,0,0,0,0,0,0,1,1,6,6,2,-1,-1,1398,1,9,VAUXHALL CORSA,-1,-1,0,-1
2021421091924,2021,421091924,1,9,0,18,19,7,3,0,0,0,1,0,7,0,1,1,1,1,2,62,9,1398,1,8,VAUXHALL CORSA,1,E01021970,0,-1
2021010324371,2021,010324371,1,9,0,17,19,5,1,0,0,0,1,0,7,11,1,1,6,6,1,36,7,1398,1,6,VAUXHALL CORSA,4,E01002684,0,-1
2021461064402,2021,461064402,2,9,0,17,19,4,8,0,0,1,0,0,0,0,1,1,1,1,1,53,8,1229,1,15,VAUXHALL CORSA,10,E01024751,0,-1
2021041071350,2021,041071350,1,9,0,18,19,5,1,0,0,0,1,0,1,10,1,1,5,6,1,18,4,-1,-1,-1,VAUXHALL CORSA,4,E01033072,0,-1
2021440497497,2021,440497497,2,9,0,5,5,3,6,0,0,8,0,0,0,0,1,1,6,6,3,-1,-1,1229,1,7,VAUXHALL CORSA,-1,-1,0,-1
2021141056534,2021,141056534,1,9,0,17,19,1,5,0,0,1,0,0,0,0,2,1,6,6,1,64,9,1248,2,14,VAUXHALL CORSA,3,E01007701,0,-1
2021548345521,2021,548345521,1,9,0,18,19,2,6,0,0,4,0,0,0,0,1,1,2,2,2,22,5,1398,1,5,VAUXHALL CORSA,7,E01031938,0,-1
202163D086621,2021,63D086621,2,9,0,16,19,6,1,0,0,0,0,0,1,10,3,1,6,6,1,33,6,1229,1,15,VAUXHALL CORSA,4,E01005298,0,-1
2021010330851,2021,010330851,2,9,0,7,7,5,7,0,0,6,0,0,0,0,3,1,2,2,1,23,5,1199,1,1,VAUXHALL CORSA,3,E01033699,0,-1
2021201124655,2021,201124655,1,9,0,18,19,7,3,0,0,0,0,0,0,0,1,1,6,6,1,18,4,1229,1,9,VAUXHALL CORSA,1,E01009893,0,-1
2021070331821,2021,070331821,1,9,0,17,19,5,1,0,0,0,1,0,8,4,1,1,6,6,1,19,4,1248,2,12,VAUXHALL CORSA,7,E01018412,0,-1
2021061045478,2021,061045478,2,9,0,18,19,8,4,0,0,0,0,0,0,0,2,1,5,6,1,29,6,1199,1,1,VAUXHALL CORSA,-1,-1,0,-1
2021101041933,2021,101041933,1,9,0,18,19,1,4,0,0,0,0,0,0,0,1,1,6,6,2,42,7,1229,1,12,VAUXHALL CORSA,-1,-1,0,-1
2021991042226,2021,991042226,2,9,0,18,19,1,6,0,0,8,0,0,7,11,4,1,5,6,2,52,8,1364,1,13,VAUXHALL CORSA,4,-1,0,-1
2021302101381,2021,302101381,2,9,0,2,2,0,0,0,0,0,0,0,0,0,3,1,6,6,3,-1,-1,1229,1,15,VAUXHALL CORSA,-1,-1,0,-1
2021010306722,2021,010306722,1,9,0,9,9,5,3,0,0,1,0,0,0,0,1,1,6,6,1,34,6,1389,1,16,VAUXHALL CORSA,7,E01000217,0,-1
2021201073010,2021,201073010,2,9,0,2,2,3,7,0,0,2,0,0,0,0,0,1,6,6,1,56,9,998,1,8,VAUXHALL CORSA,1,E01010063,0,-1
2021522103427,2021,522103427,1,9,0,5,5,7,2,0,0,8,0,0,0,0,3,1,6,6,2,25,5,1398,1,6,VAUXHALL CORSA,8,E01014868,0,-1
2021201141757,2021,201141757,2,9,0,17,19,2,8,0,0,8,0,0,1,4,2,1,6,6,2,25,5,1364,1,6,VAUXHALL CORSA,1,E01008909,0,-1
2021991075067,2021,991075067,2,9,0,9,9,4,1,0,0,0,0,0,0,0,3,1,6,6,2,19,4,998,1,9,VAUXHALL CORSA,2,-1,0,-1
2021201097136,2021,201097136,1,9,0,9,9,8,6,0,0,6,0,0,0,0,3,1,6,6,2,34,6,1398,1,10,VAUXHALL CORSA,4,E01009497,0,-1
2021010290337,2021,010290337,1,9,0,99,99,9,9,99,99,0,9,99,9,99,2,9,2,2,2,34,6,1398,1,8,VAUXHALL CORSA,5,E01004363,0,-1
2021061087394,2021,061087394,2,9,0,4,4,7,3,0,0,0,0,0,0,0,2,1,5,6,2,26,6,1398,1,5,VAUXHALL CORSA,9,E01006250,0,-1
2021430126324,2021,430126324,1,9,0,18,19,3,7,0,0,0,0,0,0,0,1,1,2,2,2,35,6,1229,1,14,VAUXHALL CORSA,3,E01016474,0,-1
2021991029021,2021,991029021,2,9,0,10,10,6,2,0,0,4,0,0,0,0,1,1,2,2,1,37,7,1229,1,12,VAUXHALL CORSA,1,-1,0,-1
2021461128079,2021,461128079,1,9,0,18,19,4,8,0,0,4,0,0,0,0,3,1,5,6,1,36,7,1229,1,12,VAUXHALL CORSA,2,E01032805,0,-1
2021991116673,2021,991116673,2,9,0,18,19,7,3,0,0,1,0,0,0,0,1,1,5,6,2,20,4,-1,-1,-1,VAUXHALL CORSA,9,-1,0,-1
2021471055248,2021,471055248,2,9,0,10,10,7,4,0,0,1,0,0,0,0,2,1,5,6,2,19,4,998,1,13,VAUXHALL CORSA,8,E01001596,0,-1
2021010305034,2021,010305034,1,9,0,9,9,1,7,0,0,1,0,0,0,0,1,1,6,6,2,58,9,1398,1,10,VAUXHALL CORSA,-1,-1,0,-1
202134NNC2141,2021,34NNC2141,1,9,0,18,19,4,8,0,0,2,0,0,0,0,1,1,6,6,2,19,4,1229,1,14,VAUXHALL CORSA,1,E01015593,0,-1
2021471118022,2021,471118022,2,9,0,2,2,0,0,0,0,2,0,0,0,0,3,1,6,6,3,-1,-1,1229,1,9,VAUXHALL CORSA,-1,-1,0,-1
202154B062621,2021,54B062621,2,9,0,18,19,2,6,0,0,8,1,0,0,0,1,1,6,6,2,20,4,1248,2,12,VAUXHALL CORSA,9,E01015504,0,-1