collision_index,collision_year,collision_ref_no,vehicle_reference,vehicle_type,towing_and_articulation,vehicle_manoeuvre_historic,vehicle_manoeuvre,vehicle_direction_from,vehicle_direction_to,vehicle_location_restricted_lane_historic,vehicle_location_restricted_lane,junction_location,skidding_and_overturning,hit_object_in_carriageway,vehicle_leaving_carriageway,hit_object_off_carriageway,first_point_of_impact,vehicle_left_hand_drive,journey_purpose_of_driver_historic,journey_purpose_of_driver,sex_of_driver,age_of_driver,age_band_of_driver,engine_capacity_cc,propulsion_code,age_of_vehicle,generic_make_model,driver_imd_decile,lsoa_of_driver,escooter_flag,driver_distance_banding
2021221074920,2021,221074920,1,19,0,18,19,8,4,0,0,1,0,0,0,0,1,1,6,6,1,24,5,1248,2,14,VAUXHALL CORSA,9,E01032351,0,-1
2021061041099,2021,061041099,2,9,0,18,19,1,5,0,0,8,0,0,0,0,1,1,6,6,1,19,4,1248,2,13,VAUXHALL CORSA,-1,-1,0,-1
2021161056718,2021,161056718,2,9,0,18,19,1,5,0,0,8,0,0,0,0,1,1,2,2,2,41,7,999,1,6,VAUXHALL CORSA,7,E01013188,0,-1
202134WNC0141,2021,34WNC0141,1,9,0,9,9,8,6,0,0,5,0,0,0,0,1,1,6,6,1,54,8,1229,1,8,VAUXHALL CORSA,3,E01027184,0,-1
2021201113524,2021,201113524,1,9,0,9,9,7,2,0,0,1,0,0,0,0,1,1,6,6,2,18,4,1398,1,6,VAUXHALL CORSA,1,E01009486,0,-1
2021221088074,2021,221088074,2,9,0,18,19,2,6,0,0,8,0,0,0,0,1,1,5,6,2,22,5,1398,1,6,VAUXHALL CORSA,7,E01014070,0,-1
2021061127499,2021,061127499,2,9,0,18,19,6,2,0,0,0,0,7,0,0,3,1,5,6,2,21,5,1398,1,4,VAUXHALL CORSA,5,E01018437,0,-1
2021061042566,2021,061042566,1,9,0,18,19,6,2,0,0,0,0,0,0,0,2,1,5,6,2,22,5,1229,1,12,VAUXHALL CORSA,2,E01006039,0,-1
2021201142201,2021,201142201,2,9,0,9,9,4,1,0,0,8,0,0,0,0,4,1,6,6,2,27,6,1229,1,12,VAUXHALL CORSA,4,E01010361,0,-1
2021461042419,2021,461042419,2,9,0,5,5,5,1,0,0,1,0,0,0,0,1,1,6,6,2,22,5,998,1,12,VAUXHALL CORSA,10,E01016145,0,-1
2021201087446,2021,201087446,2,9,0,10,10,5,3,0,0,1,0,0,0,0,1,1,6,6,2,38,7,1229,1,14,VAUXHALL CORSA,2,E01033635,0,-1
2021070806792,2021,070806792,1,9,0,18,19,1,5,0,0,0,1,0,0,6,1,1,6,6,1,17,4,998,1,8,VAUXHALL CORSA,9,E01012392,0,-1
2021302101754,2021,302101754,2,9,0,9,9,8,6,0,0,8,0,0,0,0,1,1,6,6,3,-1,-1,1398,1,6,VAUXHALL CORSA,5,E01019456,0,-1
2021201116894,2021,201116894,1,9,0,17,19,6,2,0,0,0,5,7,7,0,1,1,6,6,1,21,5,1229,1,9,VAUXHALL CORSA,1,E01008916,0,-1
2021010302059,2021,010302059,3,9,0,2,2,0,0,0,0,8,0,0,0,0,4,1,6,6,3,-1,-1,1248,2,10,VAUXHALL CORSA,-1,-1,0,-1
2021161055646,2021,161055646,1,9,0,9,9,6,2,0,0,0,0,0,0,0,3,1,2,2,1,25,5,1229,1,12,VAUXHALL CORSA,3,E01007465,0,-1
2021010336278,2021,010336278,1,9,0,16,19,1,5,0,0,0,0,4,0,0,1,1,6,6,2,34,6,1364,1,13,VAUXHALL CORSA,2,E01000386,0,-1
2021061086828,2021,061086828,1,9,0,18,19,3,7,0,0,0,0,4,7,0,4,1,6,6,2,26,6,1364,1,12,VAUXHALL CORSA,5,E01004923,0,-1
2021122101532,2021,122101532,2,9,0,16,19,6,2,0,0,0,0,0,1,0,3,1,6,6,1,69,10,1364,1,12,VAUXHALL CORSA,6,E01027778,0,-1
2021010331581,2021,010331581,2,9,0,99,99,9,9,99,99,9,9,99,9,99,0,9,6,6,1,41,7,1229,1,13,VAUXHALL CORSA,1,E01002732,0,-1
2021201063834,2021,201063834,1,9,0,16,19,5,8,0,0,2,0,0,0,0,4,1,2,2,2,54,8,1199,1,1,VAUXHALL CORSA,10,E01010108,0,-1
2021991077700,2021,991077700,3,9,0,18,19,6,2,0,0,0,0,0,0,0,2,1,1,1,2,41,7,1199,1,0,VAUXHALL CORSA,5,-1,0,-1
2021531035313,2021,531035313,1,9,0,18,19,5,1,0,0,0,0,0,0,0,1,1,2,2,2,55,8,1229,1,7,VAUXHALL CORSA,3,E01022293,0,-1
2021041056366,2021,041056366,1,9,0,4,4,7,3,0,0,0,0,0,0,0,2,1,5,6,2,63,9,1398,1,3,VAUXHALL CORSA,8,E01025603,0,-1
2021010299309,2021,010299309,2,9,0,99,99,9,9,99,99,5,9,99,9,99,4,9,6,6,3,-1,-1,1398,1,3,VAUXHALL CORSA,6,E01003100,0,-1
2021541399221,2021,541399221,1,9,0,13,13,7,3,0,0,0,0,0,0,0,1,1,6,6,2,28,6,1229,1,14,VAUXHALL CORSA,3,E01015143,0,-1
2021010301646,2021,010301646,1,9,0,17,19,4,8,0,0,8,1,0,0,0,1,1,6,6,1,19,4,1398,1,11,VAUXHALL CORSA,-1,-1,0,-1
2021061083898,2021,061083898,1,9,0,17,19,8,4,0,0,0,0,0,0,0,1,1,5,6,1,20,4,1229,1,12,VAUXHALL CORSA,1,E01033676,0,-1
2021141022545,2021,141022545,1,9,0,16,19,6,2,0,0,0,2,0,1,0,1,1,5,6,1,19,4,1229,1,12,VAUXHALL CORSA,5,E01007687,0,-1
2021501133942,2021,501133942,2,9,0,18,19,7,3,0,0,1,0,0,0,0,3,1,5,6,2,65,9,1398,1,9,VAUXHALL CORSA,5,E01020220,0,-1
2021371033723,2021,371033723,2,9,0,2,2,0,0,0,0,1,0,0,0,0,2,1,5,6,1,20,4,973,1,19,VAUXHALL CORSA,3,E01030255,0,-1
2021522101570,2021,522101570,3,9,0,2,2,0,0,6,6,0,0,0,1,9,0,1,6,6,1,81,11,1229,1,16,VAUXHALL CORSA,7,E01014446,0,-1
2021201031331,2021,201031331,1,9,0,9,9,6,3,0,0,8,0,0,0,0,1,1,2,2,2,22,5,1229,1,11,VAUXHALL CORSA,2,E01016117,0,-1
2021440500763,2021,440500763,2,9,0,18,19,1,5,0,0,0,0,0,0,0,1,1,6,6,1,18,4,1229,1,13,VAUXHALL CORSA,4,E01023037,0,-1
2021201077806,2021,201077806,2,9,0,18,19,3,7,0,0,8,0,0,0,0,1,1,6,6,1,26,6,1229,1,12,VAUXHALL CORSA,1,E01009299,0,-1
2021010312737,2021,010312737,1,9,0,99,99,9,9,99,99,9,9,99,9,99,9,9,6,6,1,40,7,1229,1,12,VAUXHALL CORSA,4,E01001146,0,-1
2021548794821,2021,548794821,2,9,0,18,19,4,1,0,0,3,0,0,0,0,4,1,2,2,2,46,8,1248,2,12,VAUXHALL CORSA,10,E01031997,0,-1
2021010298747,2021,010298747,1,9,0,7,7,8,2,0,0,5,0,0,0,0,1,1,6,6,1,32,6,1229,1,16,VAUXHALL CORSA,2,E01004283,0,-1
2021548171321,2021,548171321,2,9,0,4,4,6,2,0,0,1,0,0,0,0,2,1,6,6,1,31,6,1248,2,10,VAUXHALL CORSA,6,E01032708,0,-1
2021991100850,2021,991100850,2,9,0,18,19,7,3,0,0,1,1,0,0,0,1,1,6,6,1,19,4,1229,1,7,VAUXHALL CORSA,7,-1,0,-1
2021461044916,2021,461044916,1,9,0,18,19,3,7,0,0,0,0,4,0,0,1,1,5,6,1,19,4,998,1,8,VAUXHALL CORSA,-1,-1,0,-1
2021201124171,2021,201124171,2,9,0,18,19,5,1,0,0,0,1,0,0,0,3,1,1,1,1,38,7,998,1,9,VAUXHALL CORSA,1,E01010107,0,-1
2021501076074,2021,501076074,1,9,0,18,19,3,7,0,0,1,0,0,0,0,1,1,5,6,1,33,6,1598,1,13,VAUXHALL CORSA,6,E01015222,0,-1
2021131120092,2021,131120092,2,9,0,18,19,6,2,0,0,1,0,0,0,0,1,1,5,6,1,26,6,1199,1,0,VAUXHALL CORSA,1,E01011560,0,-1
2021111026053,2021,111026053,2,9,0,5,5,3,7,0,0,0,0,0,7,0,3,1,1,1,1,18,4,1229,1,7,VAUXHALL CORSA,5,E01012338,0,-1
2021371037676,2021,371037676,1,9,0,18,19,7,3,0,0,0,0,0,0,0,1,1,2,2,2,32,6,1229,1,9,VAUXHALL CORSA,7,E01030055,0,-1
2021131079520,2021,131079520,1,9,0,16,19,3,7,0,0,0,1,10,0,0,1,1,5,6,1,28,6,1229,1,9,VAUXHALL CORSA,2,E01010815,0,-1
2021201060280,2021,201060280,1,9,0,5,5,5,1,0,0,8,0,0,0,0,1,1,2,2,2,46,8,1248,2,12,VAUXHALL CORSA,1,E01009137,0,-1
2021545070921,2021,545070921,1,9,0,18,19,2,6,0,0,1,0,0,0,0,1,1,6,6,1,22,5,1364,1,14,VAUXHALL CORSA,8,E01032704,0,-1
2021052102233,2021,052102233,2,9,0,18,19,3,7,0,0,0,0,0,0,0,1,1,6,6,2,17,4,1229,1,8,VAUXHALL CORSA,2,E01006439,0,-1
2021461148301,2021,461148301,1,9,0,17,19,8,4,0,0,0,5,0,0,0,1,1,6,6,1,-1,-1,998,1,14,VAUXHALL CORSA,7,E01024316,0,-1
2021070403835,2021,070403835,1,9,0,7,7,1,5,0,0,1,0,0,0,0,1,1,6,6,1,37,7,1398,1,5,VAUXHALL CORSA,8,E01018582,0,-1
2021421092304,2021,421092304,3,9,0,3,3,6,2,0,0,0,0,0,0,0,2,1,5,6,1,52,8,1229,1,8,VAUXHALL CORSA,6,E01015968,0,-1
2021520101875,2021,520101875,2,9,0,18,19,1,5,0,0,8,0,0,0,0,1,1,6,6,1,33,6,1598,1,9,VAUXHALL CORSA,5,E01029257,0,-1
2021501018615,2021,501018615,1,9,0,18,19,3,7,0,0,0,0,0,1,7,1,1,1,1,2,24,5,1398,1,7,VAUXHALL CORSA,4,E01020284,0,-1
2021131098723,2021,131098723,1,9,0,18,19,3,3,0,0,0,0,0,0,0,4,1,5,6,2,68,10,1398,1,2,VAUXHALL CORSA,1,E01010663,0,-1
2021461128960,2021,461128960,1,9,0,18,19,3,7,0,0,0,0,0,0,0,1,1,5,6,1,20,4,1248,2,7,VAUXHALL CORSA,5,E01024227,0,-1
2021440010995,2021,440010995,2,9,0,18,19,2,5,0,0,8,0,0,0,0,4,1,6,6,1,20,4,1229,1,14,VAUXHALL CORSA,9,E01021175,0,-1
2021361025894,2021,361025894,1,9,0,18,19,5,1,0,0,1,5,0,7,10,1,1,5,6,2,24,5,1229,1,13,VAUXHALL CORSA,4,E01003344,0,-1
2021010325592,2021,010325592,2,9,0,2,2,0,0,0,0,0,0,0,0,0,2,1,6,6,3,-1,-1,1199,1,1,VAUXHALL CORSA,-1,-1,0,-1
2021070783022,2021,070783022,1,9,0,3,3,3,7,0,0,0,0,0,0,0,3,1,6,6,3,-1,-1,1229,1,8,VAUXHALL CORSA,-1,-1,0,-1
2021041120603,2021,041120603,2,9,0,2,2,0,0,0,0,8,0,0,0,0,1,1,6,6,3,-1,-1,1229,1,12,VAUXHALL CORSA,-1,-1,0,-1
2021010336719,2021,010336719,1,9,0,18,19,7,3,0,0,0,1,4,0,0,4,1,6,6,1,20,4,1398,1,10,VAUXHALL CORSA,5,E01000662,0,-1
202134WNC2931,2021,34WNC2931,2,9,0,4,4,3,7,0,0,3,0,0,0,0,2,1,6,6,2,42,7,1229,1,10,VAUXHALL CORSA,8,E01027217,0,-1
2021161097396,2021,161097396,3,9,0,18,19,3,7,0,0,0,0,0,0,0,1,1,6,6,1,35,6,1248,2,13,VAUXHALL CORSA,5,E01012800,0,-1
2021010290439,2021,010290439,2,9,0,18,19,3,7,99,99,9,0,0,0,0,1,1,3,7,2,52,8,1229,1,13,VAUXHALL CORSA,9,E01030705,0,-1
2021991014806,2021,991014806,1,9,0,15,15,1,5,9,9,6,0,11,0,0,1,1,6,6,1,37,7,1229,1,11,VAUXHALL CORSA,2,-1,0,-1
2021531122120,2021,531122120,2,9,0,18,19,7,3,0,0,0,0,0,0,0,1,1,2,2,2,21,5,1398,1,9,VAUXHALL CORSA,4,E01022310,0,-1
2021461132755,2021,461132755,1,9,0,18,19,5,1,0,0,0,0,0,0,0,2,1,6,6,2,45,7,1686,2,13,VAUXHALL CORSA,1,E01024580,0,-1
2021991031257,2021,991031257,1,9,0,18,19,6,2,0,0,1,2,0,7,0,4,1,5,6,2,52,8,1398,1,3,VAUXHALL CORSA,4,-1,0,-1
2021531019427,2021,531019427,1,9,0,18,19,3,7,0,0,1,2,9,1,1,1,2,6,6,2,25,5,1229,1,14,VAUXHALL CORSA,6,E01030275,0,-1
2021010287157,2021,010287157,3,9,0,2,2,0,0,0,0,2,0,0,0,0,1,1,6,6,3,-1,-1,1364,1,14,VAUXHALL CORSA,-1,-1,0,-1
2021371119260,2021,371119260,1,9,0,18,19,2,6,0,0,0,0,0,4,0,1,1,6,6,1,25,5,1229,1,15,VAUXHALL CORSA,2,E01012949,0,-1
2021430404211,2021,430404211,3,9,0,4,4,5,1,0,0,0,0,0,0,0,2,1,2,2,1,53,8,1398,1,2,VAUXHALL CORSA,10,E01032870,0,-1
2021610065121,2021,610065121,2,9,0,9,9,1,7,0,0,8,0,0,0,0,1,1,6,6,2,30,6,1229,1,9,VAUXHALL CORSA,5,W01001437,0,-1
2021041019568,2021,041019568,1,9,0,9,9,3,7,0,0,6,0,0,0,0,3,1,6,6,1,17,4,1398,1,5,VAUXHALL CORSA,7,E01025362,0,-1
2021070618115,2021,070618115,2,9,0,18,19,3,7,0,0,0,0,0,0,0,1,1,6,6,2,20,4,1398,1,3,VAUXHALL CORSA,10,E01006152,0,-1
2021041085192,2021,041085192,1,9,0,18,19,3,5,0,0,4,0,0,0,0,1,1,6,6,3,-1,-1,1398,1,2,VAUXHALL CORSA,-1,-1,0,-1
2021440448938,2021,440448938,1,9,0,18,19,3,7,0,0,0,0,0,0,0,1,1,2,2,2,30,6,1398,1,8,VAUXHALL CORSA,10,E01022659,0,-1
2021052102472,2021,052102472,1,9,0,18,19,7,3,0,0,0,0,0,0,0,4,1,6,6,2,24,5,998,1,14,VAUXHALL CORSA,8,E01007311,0,-1
2021141109301,2021,141109301,2,9,0,2,2,0,0,0,0,1,0,0,0,0,1,1,6,6,3,-1,-1,1398,1,5,VAUXHALL CORSA,-1,-1,0,-1
2021101094228,2021,101094228,1,9,0,9,9,7,5,0,0,3,0,0,1,4,1,1,5,6,2,82,11,1398,1,10,VAUXHALL CORSA,-1,-1,0,-1
2021010332053,2021,010332053,1,9,0,7,7,1,3,0,0,0,0,0,0,0,2,1,1,1,2,45,7,1398,1,2,VAUXHALL CORSA,7,E01002171,0,-1
2021141126421,2021,141126421,1,9,0,16,19,6,1,0,0,2,0,0,0,0,1,1,5,6,1,44,7,1248,2,14,VAUXHALL CORSA,4,E01007359,0,-1
2021430332039,2021,430332039,1,9,0,2,2,0,0,0,0,0,0,0,0,0,3,1,6,6,2,19,4,1229,1,11,VAUXHALL CORSA,8,E01030347,0,-1
2021010313666,2021,010313666,2,9,0,17,19,1,5,0,0,0,0,0,1,0,1,1,6,6,1,45,7,1398,1,4,VAUXHALL CORSA,-1,-1,0,-1
2021440372821,2021,440372821,4,9,0,3,3,6,2,0,0,0,0,0,0,0,2,1,6,6,2,69,10,1229,1,11,VAUXHALL CORSA,10,E01023097,0,-1
2021061134601,2021,061134601,1,9,0,18,19,4,8,0,0,1,0,0,0,0,1,1,6,6,1,64,9,998,1,8,VAUXHALL CORSA,10,E01004842,0,-1
2021411167486,2021,411167486,1,9,0,18,19,8,1,0,0,1,0,0,0,0,3,1,6,6,2,19,4,1229,1,11,VAUXHALL CORSA,6,E01023359,0,-1
2021201138729,2021,201138729,1,9,0,9,9,4,2,0,0,2,0,0,0,0,1,1,6,6,2,30,6,1398,1,2,VAUXHALL CORSA,1,E01009577,0,-1
2021161027215,2021,161027215,1,9,0,18,19,3,7,0,0,0,0,0,0,0,4,1,3,7,2,55,8,1229,1,12,VAUXHALL CORSA,-1,-1,0,-1
2021201149509,2021,201149509,1,9,0,9,9,8,6,0,0,5,0,0,0,0,1,1,6,6,1,35,6,1229,1,9,VAUXHALL CORSA,4,E01009268,0,-1
2021421071738,2021,421071738,2,9,0,18,19,2,6,0,0,0,0,0,0,0,3,1,5,6,2,67,10,1229,1,9,VAUXHALL CORSA,5,E01021906,0,-1
2021161071716,2021,161071716,1,9,0,17,19,4,8,9,9,0,2,0,2,10,1,1,5,6,2,31,6,1229,1,15,VAUXHALL CORSA,-1,-1,0,-1
2021201078248,2021,201078248,2,9,0,2,2,0,0,0,0,1,0,0,0,0,2,1,6,6,3,-1,-1,1248,2,12,VAUXHALL CORSA,-1,-1,0,-1
2021520200413,2021,520200413,2,9,0,18,19,4,8,0,0,0,0,0,0,0,0,1,6,6,3,-1,-1,1398,1,4,VAUXHALL CORSA,-1,-1,0,-1
2021061064831,2021,061064831,2,9,0,17,19,2,6,0,0,1,0,0,0,0,1,1,1,1,1,45,7,1398,1,5,VAUXHALL CORSA,4,E01005358,0,-1
2021010331754,2021,010331754,2,9,0,99,99,9,9,0,0,8,0,0,0,0,9,9,6,6,3,-1,-1,1398,1,11,VAUXHALL CORSA,-1,-1,0,-1
2021411050873,2021,411050873,2,9,0,18,19,7,3,0,0,0,0,0,0,0,1,1,5,6,2,32,6,1398,1,6,VAUXHALL CORSA,8,E01023446,0,-1
2021010319094,2021,010319094,1,9,0,9,9,1,7,0,0,2,0,0,0,0,2,1,2,2,1,23,5,1229,1,11,VAUXHALL CORSA,1,E01001955,0,-1
2021131044491,2021,131044491,2,9,0,18,19,3,7,0,0,7,0,0,0,0,1,1,6,6,1,33,6,1199,1,19,VAUXHALL CORSA,1,E01010609,0,-1
2021440218024,2021,440218024,2,9,0,3,3,2,6,0,0,1,0,0,0,0,2,1,6,6,2,19,4,1398,1,7,VAUXHALL CORSA,7,E01022735,0,-1
202106L079783,2021,06L079783,1,9,0,4,4,1,5,0,0,0,0,0,0,0,1,1,6,6,1,25,5,998,1,12,VAUXHALL CORSA,-1,-1,0,-1
20211383P0883,2021,1383P0883,1,9,0,18,19,7,3,0,0,0,0,0,0,0,1,1,6,6,2,64,9,1364,1,13,VAUXHALL CORSA,-1,-1,0,-1
2021421086388,2021,421086388,3,9,0,18,19,7,3,0,0,0,0,0,0,0,2,1,3,7,2,52,8,1199,1,1,VAUXHALL CORSA,-1,-1,0,-1
2021010332650,2021,010332650,1,9,0,18,19,3,7,0,0,0,0,4,0,0,1,1,6,6,2,22,5,998,1,7,VAUXHALL CORSA,4,E01002247,0,-1
2021471021344,2021,471021344,2,9,0,18,19,4,1,0,0,4,0,0,0,0,1,1,6,6,1,-1,-1,1398,1,5,VAUXHALL CORSA,1,E01016867,0,-1
2021411087970,2021,411087970,1,9,0,18,19,6,2,0,0,0,0,0,0,0,1,1,6,6,2,19,4,1229,1,10,VAUXHALL CORSA,9,E01023854,0,-1
2021401124573,2021,401124573,2,9,0,16,19,5,1,0,0,1,0,0,0,0,1,1,5,6,1,38,7,1229,1,13,VAUXHALL CORSA,2,E01017433,0,-1
2021041038644,2021,041038644,1,9,0,5,5,1,5,0,0,8,0,0,0,0,1,1,6,6,1,73,10,1229,1,13,VAUXHALL CORSA,5,E01025193,0,-1
2021461065085,2021,461065085,3,9,0,18,19,3,7,0,0,0,0,10,0,0,4,1,6,6,2,56,9,1398,1,9,VAUXHALL CORSA,5,E01032654,0,-1
2021461128051,2021,461128051,2,9,0,18,19,6,3,0,0,8,0,0,0,0,1,1,5,6,1,-1,-1,1229,1,15,VAUXHALL CORSA,5,E01032654,0,-1
2021451022535,2021,451022535,2,9,0,9,9,3,1,0,0,6,0,0,0,0,1,1,5,6,2,64,9,1229,1,15,VAUXHALL CORSA,8,E01030602,0,-1
2021471125969,2021,471125969,1,9,0,18,19,1,5,0,0,6,0,0,0,0,1,1,1,1,1,48,8,1248,2,12,VAUXHALL CORSA,1,E01016867,0,-1
2021010324999,2021,010324999,1,9,0,99,99,9,9,99,99,0,9,99,9,99,2,9,2,2,2,27,6,1364,1,13,VAUXHALL CORSA,8,E01000671,0,-1
2021401019041,2021,401019041,1,9,0,18,19,3,7,0,0,0,1,0,1,9,3,1,5,6,1,37,7,1229,1,12,VAUXHALL CORSA,7,E01017516,0,-1
2021161060781,2021,161060781,2,9,0,18,19,3,7,0,0,2,0,0,0,0,1,1,6,6,3,-1,-1,1398,1,10,VAUXHALL CORSA,-1,-1,0,-1
2021010336867,2021,010336867,2,9,9,18,19,5,1,0,0,0,0,0,0,0,1,1,6,6,1,35,6,1398,1,5,VAUXHALL CORSA,4,E01024178,0,-1
2021991114629,2021,991114629,1,9,0,9,9,3,1,0,0,2,0,0,0,0,1,1,1,1,2,66,10,1398,1,5,VAUXHALL CORSA,4,-1,0,-1
2021201098242,2021,201098242,1,9,0,18,19,8,4,0,0,1,0,0,0,0,1,1,6,6,1,21,5,1398,1,7,VAUXHALL CORSA,3,E01010491,0,-1
2021351083185,2021,351083185,1,9,0,5,5,7,4,0,0,8,0,0,0,0,1,1,6,6,2,40,7,1248,2,13,VAUXHALL CORSA,9,E01018162,0,-1
2021010347532,2021,010347532,1,9,0,14,14,7,3,0,0,0,0,0,0,0,4,1,6,6,1,76,11,1398,1,3,VAUXHALL CORSA,8,E01001470,0,-1
2021061108842,2021,061108842,1,9,0,18,19,2,2,0,0,1,0,0,0,0,1,1,6,6,2,25,5,1199,1,1,VAUXHALL CORSA,2,E01006241,0,-1
2021141088912,2021,141088912,2,9,0,11,11,1,5,0,0,0,0,0,0,0,4,1,2,2,2,26,6,1229,1,11,VAUXHALL CORSA,8,E01007502,0,-1
2021302101518,2021,302101518,2,9,0,18,19,2,6,0,0,1,0,0,0,0,1,1,2,2,2,61,9,1248,2,7,VAUXHALL CORSA,3,E01028224,0,-1
2021531068278,2021,531068278,1,9,0,16,19,5,1,0,0,1,2,0,1,11,4,1,5,6,1,18,4,1229,1,6,VAUXHALL CORSA,5,W01001096,0,-1
2021461096803,2021,461096803,2,9,0,18,19,6,2,0,0,8,0,0,0,0,3,1,6,6,2,24,5,1229,1,6,VAUXHALL CORSA,1,E01024676,0,-1
2021440374405,2021,440374405,4,9,0,3,3,7,3,0,0,1,0,0,0,0,2,1,6,6,1,25,5,1229,1,9,VAUXHALL CORSA,6,E01017142,0,-1
2021221076070,2021,221076070,1,9,0,9,9,4,2,4,4,5,0,0,0,0,1,1,6,6,1,26,6,1229,1,7,VAUXHALL CORSA,1,E01032252,0,-1
2021010324488,2021,010324488,2,9,0,4,4,2,6,0,0,1,0,0,0,0,2,1,6,6,1,54,8,1248,2,6,VAUXHALL CORSA,9,E01015710,0,-1
2021010338296,2021,010338296,6,9,0,4,4,5,1,0,0,0,0,0,0,0,1,1,6,6,1,27,6,1199,1,0,VAUXHALL CORSA,2,E01001731,0,-1
202163D067121,2021,63D067121,1,9,0,17,19,2,8,0,0,2,5,0,2,10,4,1,2,2,2,18,4,1199,1,19,VAUXHALL CORSA,7,W01000464,0,-1
2021010348208,2021,010348208,1,9,0,18,19,1,5,0,0,4,0,0,3,0,1,1,2,2,2,31,6,1229,1,9,VAUXHALL CORSA,1,E01004309,0,-1
2021361090491,2021,361090491,2,9,0,18,19,7,3,0,0,1,0,0,0,0,1,1,5,6,1,47,8,1598,1,12,VAUXHALL CORSA,2,E01026614,0,-1
202163D065821,2021,63D065821,1,9,0,18,19,5,1,0,0,1,1,0,0,0,1,1,1,1,1,44,7,1248,2,12,VAUXHALL CORSA,6,W01000489,0,-1
2021010295067,2021,010295067,1,9,0,99,99,9,9,99,99,0,9,99,9,99,2,9,6,6,2,45,7,1398,1,11,VAUXHALL CORSA,5,E01003484,0,-1
2021351116977,2021,351116977,1,9,0,18,19,4,8,0,0,4,5,10,1,9,4,1,5,6,1,20,4,1398,1,10,VAUXHALL CORSA,5,E01030105,0,-1
2021552101221,2021,552101221,1,9,0,18,19,3,7,0,0,0,0,0,0,0,1,1,6,6,1,23,5,1199,1,1,VAUXHALL CORSA,4,E01015465,0,-1
2021201029325,2021,201029325,1,9,0,18,19,-1,-1,0,0,0,0,0,0,0,1,1,6,6,1,-1,-1,1199,1,1,VAUXHALL CORSA,-1,-1,0,-1
2021161098468,2021,161098468,3,9,0,2,2,0,0,9,9,0,0,4,0,0,4,1,6,6,3,43,7,1199,1,0,VAUXHALL CORSA,-1,-1,0,-1
2021161054173,2021,161054173,3,9,0,2,2,0,0,0,0,0,0,0,0,0,1,1,6,6,3,-1,-1,1398,1,11,VAUXHALL CORSA,-1,-1,0,-1
2021461081144,2021,461081144,2,9,0,4,4,5,1,0,0,0,0,0,2,0,2,1,6,6,1,22,5,1229,1,12,VAUXHALL CORSA,10,E01024139,0,-1
2021401023153,2021,401023153,1,9,0,16,19,4,8,0,0,0,0,0,7,2,3,1,2,2,1,38,7,1199,1,1,VAUXHALL CORSA,-1,-1,0,-1
2021421125341,2021,421125341,1,9,0,4,4,1,5,0,0,0,0,0,0,0,1,1,6,6,1,-1,-1,998,1,8,VAUXHALL CORSA,-1,-1,0,-1
2021320402601,2021,320402601,1,9,0,9,9,1,4,0,0,6,0,0,0,0,3,1,2,2,1,21,5,1248,2,10,VAUXHALL CORSA,5,E01008105,0,-1
2021052100456,2021,052100456,1,9,0,14,14,2,6,0,0,1,0,0,0,0,1,1,6,6,1,19,4,1248,2,10,VAUXHALL CORSA,6,E01006927,0,-1
2021320330659,2021,320330659,1,9,0,16,19,6,2,0,0,0,1,0,1,4,1,1,6,6,2,17,4,1229,1,11,VAUXHALL CORSA,4,E01026076,0,-1
2021061110177,2021,061110177,2,9,0,10,10,4,2,0,0,1,0,0,0,0,4,1,2,2,2,20,4,1199,1,0,VAUXHALL CORSA,-1,-1,0,-1
2021111102338,2021,111102338,1,9,0,18,19,3,7,0,0,0,0,0,0,0,1,1,1,1,1,55,8,1199,1,0,VAUXHALL CORSA,7,E01020654,0,-1
2021471017437,2021,471017437,1,9,0,10,10,5,1,0,0,4,0,0,0,0,1,1,2,2,2,57,9,998,1,13,VAUXHALL CORSA,7,E01031398,0,-1
2021548721021,2021,548721021,2,9,0,4,4,3,7,0,0,0,0,0,0,0,2,1,6,6,2,37,7,1229,1,9,VAUXHALL CORSA,3,E01015477,0,-1
2021501108286,2021,501108286,1,9,0,4,4,1,5,0,0,0,0,0,0,0,2,1,5,6,1,79,11,1398,1,3,VAUXHALL CORSA,8,E01032855,0,-1
2021070627035,2021,070627035,2,9,0,18,19,1,5,0,0,1,0,0,0,0,1,1,6,6,2,57,9,1248,2,10,VAUXHALL CORSA,-1,-1,0,-1
2021351085264,2021,351085264,1,9,0,18,19,5,1,0,0,8,0,0,0,0,0,1,5,6,2,25,5,1398,1,10,VAUXHALL CORSA,2,E01015680,0,-1
20211381C0953,2021,1381C0953,1,9,0,4,4,3,3,0,0,1,0,0,0,0,1,1,6,6,1,-1,-1,1398,1,5,VAUXHALL CORSA,-1,-1,0,-1
2021522200757,2021,522200757,2,9,0,11,11,3,7,0,0,8,0,0,0,0,4,1,6,6,2,31,6,1364,1,16,VAUXHALL CORSA,9,E01014863,0,-1
2021421100419,2021,421100419,1,9,0,9,9,3,1,0,0,8,0,0,0,0,1,1,5,6,1,34,6,1229,1,14,VAUXHALL CORSA,5,E01003741,0,-1
2021010331235,2021,010331235,1,9,0,18,19,7,3,0,0,2,0,0,0,0,4,1,6,6,1,20,4,1229,1,14,VAUXHALL CORSA,7,E01000764,0,-1