collision_index,collision_year,collision_ref_no,vehicle_reference,vehicle_type,towing_and_articulation,vehicle_manoeuvre_historic,vehicle_manoeuvre,vehicle_direction_from,vehicle_direction_to,vehicle_location_restricted_lane_historic,vehicle_location_restricted_lane,junction_location,skidding_and_overturning,hit_object_in_carriageway,vehicle_leaving_carriageway,hit_object_off_carriageway,first_point_of_impact,vehicle_left_hand_drive,journey_purpose_of_driver_historic,journey_purpose_of_driver,sex_of_driver,age_of_driver,age_band_of_driver,engine_capacity_cc,propulsion_code,age_of_vehicle,generic_make_model,driver_imd_decile,lsoa_of_driver,escooter_flag,driver_distance_banding
2021010324578,2021,010324578,1,9,0,18,19,1,5,0,0,0,0,4,0,0,1,1,6,6,1,25,5,1229,1,14,VAUXHALL CORSA,-1,-1,0,-1
2021010329042,2021,010329042,1,9,0,9,9,5,3,0,0,1,0,0,0,0,3,1,6,6,1,19,4,1598,1,12,VAUXHALL CORSA,8,E01017788,0,-1
2021501135619,2021,501135619,1,9,0,7,7,3,7,0,0,1,0,0,3,0,1,1,5,6,2,66,10,1398,1,9,VAUXHALL CORSA,4,E01020087,0,-1
2021201131365,2021,201131365,1,9,0,5,5,6,2,0,0,0,0,0,0,0,1,1,6,6,1,21,5,1362,1,7,VAUXHALL CORSA,1,E01009637,0,-1
2021501122279,2021,501122279,2,9,0,3,3,3,7,0,0,0,0,0,0,0,2,1,5,6,1,18,4,1199,1,17,VAUXHALL CORSA,1,E01015045,0,-1
2021221115688,2021,221115688,1,9,0,9,9,4,1,0,0,6,0,0,0,0,3,1,5,6,2,20,4,1398,1,4,VAUXHALL CORSA,8,E01028930,0,-1
2021201139243,2021,201139243,1,9,0,7,7,8,6,0,0,5,0,0,0,0,1,1,6,6,2,-1,-1,1229,1,6,VAUXHALL CORSA,-1,-1,0,-1
2021544876121,2021,544876121,2,9,0,18,19,6,2,0,0,1,0,0,0,0,1,1,6,6,2,19,4,1229,1,10,VAUXHALL CORSA,5,E01031867,0,-1
2021131095390,2021,131095390,2,9,0,4,4,2,4,0,0,4,0,0,0,0,2,1,5,6,2,58,9,1398,1,5,VAUXHALL CORSA,6,E01010870,0,-1
2021010307759,2021,010307759,1,9,0,10,10,1,8,0,0,1,0,0,0,0,1,1,6,6,2,42,7,1199,1,1,VAUXHALL CORSA,4,E01002409,0,-1
2021501092458,2021,501092458,1,9,0,18,19,1,5,0,0,1,1,0,6,0,1,1,5,6,1,29,6,-1,-1,-1,VAUXHALL CORSA,8,E01032088,0,-1
2021201080777,2021,201080777,2,9,0,18,19,2,6,0,0,2,0,0,0,0,1,1,6,6,3,-1,-1,1229,1,14,VAUXHALL CORSA,-1,-1,0,-1
2021371029210,2021,371029210,1,9,0,9,9,2,8,0,0,8,0,0,0,0,4,1,5,6,2,22,5,1229,1,14,VAUXHALL CORSA,2,E01030013,0,-1
2021131088906,2021,131088906,1,9,0,-1,-1,-1,-1,-1,-1,-1,-1,-1,-1,-1,-1,1,6,6,3,-1,-1,1199,1,0,VAUXHALL CORSA,-1,-1,0,-1
2021201141075,2021,201141075,2,9,0,18,19,-1,-1,0,0,0,0,0,0,0,2,1,6,6,2,44,7,1248,2,11,VAUXHALL CORSA,4,E01009770,0,-1
2021201113991,2021,201113991,2,9,0,18,19,-1,-1,0,0,6,0,0,0,0,3,1,6,6,1,-1,-1,998,1,16,VAUXHALL CORSA,-1,-1,0,-1
2021221119865,2021,221119865,1,9,0,18,19,4,8,0,0,0,0,0,0,0,1,1,2,2,2,23,5,1364,1,6,VAUXHALL CORSA,6,E01032436,0,-1
2021010323090,2021,010323090,1,9,0,5,5,1,5,0,0,1,1,10,7,2,3,1,2,2,1,25,5,1398,1,8,VAUXHALL CORSA,-1,-1,0,-1
2021010310542,2021,010310542,1,9,0,3,3,3,7,0,0,0,1,10,8,7,1,1,6,6,2,24,5,1199,1,1,VAUXHALL CORSA,5,E01001200,0,-1
2021991114768,2021,991114768,1,9,0,16,19,2,6,0,0,0,0,0,0,0,1,1,1,1,1,50,8,1398,1,5,VAUXHALL CORSA,-1,-1,0,-1
2021221120512,2021,221120512,1,9,0,17,19,1,6,0,0,8,1,0,1,9,1,1,5,6,2,29,6,1398,1,9,VAUXHALL CORSA,2,E01032240,0,-1
2021201096943,2021,201096943,2,9,0,3,3,8,4,0,0,1,0,0,0,0,2,1,6,6,1,28,6,1199,1,1,VAUXHALL CORSA,1,E01009571,0,-1
2021622100361,2021,622100361,2,9,0,4,4,8,4,0,0,0,0,0,0,0,2,1,6,6,2,54,8,1229,1,13,VAUXHALL CORSA,6,E01016385,0,-1
2021201142495,2021,201142495,2,9,0,9,9,4,2,0,0,4,0,0,0,0,1,1,6,6,1,17,4,1248,2,14,VAUXHALL CORSA,7,E01010157,0,-1
2021411110991,2021,411110991,2,9,0,13,13,4,8,0,0,0,0,0,7,0,1,1,2,2,1,49,8,1199,1,1,VAUXHALL CORSA,7,E01002115,0,-1
2021221098420,2021,221098420,1,9,0,4,4,4,8,0,0,0,0,0,0,0,1,1,6,6,1,39,7,1398,1,11,VAUXHALL CORSA,9,E01032323,0,-1
2021320612060,2021,320612060,3,9,0,4,4,2,6,0,0,0,0,0,0,0,0,1,6,6,2,20,4,1398,1,2,VAUXHALL CORSA,9,E01026234,0,-1
2021061130141,2021,061130141,2,9,0,7,7,2,4,0,0,1,0,0,0,0,3,1,5,6,2,19,4,1398,1,2,VAUXHALL CORSA,3,E01005332,0,-1
202131C141121,2021,31C141121,2,9,0,18,19,5,1,0,0,8,0,0,0,0,1,1,6,6,2,53,8,1229,1,13,VAUXHALL CORSA,2,E01013814,0,-1
2021041099179,2021,041099179,1,9,0,7,7,5,5,0,0,1,0,0,0,0,1,1,5,6,2,19,4,1248,2,9,VAUXHALL CORSA,6,E01025168,0,-1
2021451050164,2021,451050164,2,9,0,18,19,4,8,0,0,0,0,0,0,0,1,1,4,7,1,17,4,1229,1,10,VAUXHALL CORSA,8,E01030977,0,-1
2021010346645,2021,010346645,1,9,0,18,19,5,1,0,0,0,0,0,0,0,1,1,6,6,1,20,4,1398,1,4,VAUXHALL CORSA,7,E01001455,0,-1
2021201144360,2021,201144360,2,9,0,9,9,6,3,0,0,5,0,0,0,0,1,1,6,6,2,24,5,1229,1,10,VAUXHALL CORSA,1,E01008913,0,-1
2021052101053,2021,052101053,2,9,0,18,19,5,1,0,0,1,0,0,7,0,1,1,6,6,1,35,6,1199,1,0,VAUXHALL CORSA,3,E01006235,0,-1
2021991084620,2021,991084620,2,9,0,9,9,3,1,0,0,8,0,0,0,0,1,1,5,6,1,17,4,1229,1,12,VAUXHALL CORSA,3,-1,0,-1
202131C201521,2021,31C201521,2,9,0,16,19,8,4,0,0,1,0,0,0,0,1,1,6,6,2,31,6,1398,1,3,VAUXHALL CORSA,1,E01013839,0,-1
2021010332902,2021,010332902,2,9,0,99,99,9,9,99,99,9,9,99,9,99,1,9,6,6,3,-1,-1,1398,1,4,VAUXHALL CORSA,1,E01002089,0,-1
2021501104977,2021,501104977,1,9,0,9,9,5,3,0,0,5,0,0,0,0,1,1,5,6,1,76,11,1364,1,3,VAUXHALL CORSA,5,E01019954,0,-1
2021131086687,2021,131086687,2,9,0,10,10,7,4,0,0,8,0,0,0,0,0,1,6,6,2,23,5,1229,1,7,VAUXHALL CORSA,7,E01011161,0,-1
2021320346763,2021,320346763,2,9,0,18,19,2,6,0,0,0,0,0,0,0,4,1,2,2,2,19,4,999,1,4,VAUXHALL CORSA,6,E01026242,0,-1
2021501133952,2021,501133952,1,9,0,17,19,1,5,0,0,0,1,0,1,0,1,1,2,2,2,18,4,1229,1,10,VAUXHALL CORSA,4,E01020321,0,-1
2021010330086,2021,010330086,1,9,0,7,7,6,1,2,2,1,0,0,0,0,2,1,6,6,2,32,6,1686,2,14,VAUXHALL CORSA,4,E01002101,0,-1
2021201078248,2021,201078248,1,9,0,18,19,2,6,0,0,1,5,0,0,0,1,1,1,1,1,36,7,1229,1,12,VAUXHALL CORSA,1,E01009492,0,-1
2021541191321,2021,541191321,2,9,0,17,19,8,4,0,0,1,0,0,0,0,0,1,6,6,2,19,4,1248,2,12,VAUXHALL CORSA,6,E01032117,0,-1
2021061055730,2021,061055730,1,9,0,10,10,5,7,0,0,1,0,0,0,0,3,1,6,6,2,26,6,1229,1,14,VAUXHALL CORSA,2,E01005659,0,-1
2021010348574,2021,010348574,2,9,0,14,14,5,1,0,0,1,0,0,0,0,3,1,1,1,1,33,6,1229,1,12,VAUXHALL CORSA,1,E01002673,0,-1
2021211079563,2021,211079563,2,9,0,2,2,0,0,0,0,0,0,4,0,0,4,1,6,6,3,-1,-1,1398,1,6,VAUXHALL CORSA,-1,-1,0,-1
2021010298909,2021,010298909,1,9,0,18,19,3,7,0,0,1,0,0,0,0,3,1,2,2,2,37,7,1364,1,13,VAUXHALL CORSA,5,E01004046,0,-1
2021010348340,2021,010348340,1,9,0,99,99,9,9,99,99,9,9,99,9,99,9,9,6,6,3,-1,-1,1229,1,9,VAUXHALL CORSA,-1,-1,0,-1
2021411094484,2021,411094484,1,9,0,18,19,-1,-1,0,0,2,0,0,0,0,1,1,6,6,1,20,4,1229,1,13,VAUXHALL CORSA,5,E01002212,0,-1
2021161089130,2021,161089130,1,9,0,18,19,8,4,0,0,2,0,4,0,0,1,1,6,6,2,61,9,1229,1,10,VAUXHALL CORSA,7,E01013014,0,-1
2021201081251,2021,201081251,2,9,0,4,4,5,8,0,0,8,0,0,0,0,2,1,6,6,2,76,11,1229,1,8,VAUXHALL CORSA,1,E01009297,0,-1
2021302101294,2021,302101294,1,9,0,11,11,6,2,0,0,0,0,0,0,0,4,1,6,6,1,60,9,1229,1,10,VAUXHALL CORSA,2,E01008056,0,-1
2021440235252,2021,440235252,2,9,0,18,19,1,5,0,0,8,0,0,0,0,4,1,2,2,2,24,5,1398,1,5,VAUXHALL CORSA,-1,-1,0,-1
2021991029268,2021,991029268,2,9,0,3,3,5,1,0,0,1,0,0,0,0,1,1,5,6,1,21,5,-1,-1,-1,VAUXHALL CORSA,1,-1,0,-1
2021451056507,2021,451056507,1,9,0,3,3,1,5,0,0,1,0,0,0,0,2,1,5,6,2,30,6,1229,1,13,VAUXHALL CORSA,10,E01030626,0,-1
2021440254602,2021,440254602,2,9,0,1,1,8,4,0,0,8,0,0,0,0,2,1,6,6,2,20,4,1248,2,14,VAUXHALL CORSA,9,E01022697,0,-1
2021010320353,2021,010320353,3,9,0,18,19,3,7,0,0,1,0,0,7,4,4,1,6,6,1,21,5,1229,1,16,VAUXHALL CORSA,-1,-1,0,-1
202131D026021,2021,31D026021,1,9,0,9,9,2,8,0,0,6,0,0,0,0,3,1,1,1,1,49,8,1229,1,15,VAUXHALL CORSA,8,E01028104,0,-1
2021010351439,2021,010351439,2,9,0,9,9,1,6,0,0,8,0,0,0,0,1,1,6,6,1,30,6,1229,1,11,VAUXHALL CORSA,4,E01003129,0,-1
2021421130905,2021,421130905,2,9,0,3,3,6,2,0,0,1,0,0,0,0,2,1,5,6,1,68,10,1398,1,2,VAUXHALL CORSA,7,E01021797,0,-1
2021411081589,2021,411081589,1,9,0,9,9,5,3,0,0,8,0,0,0,0,4,1,5,6,1,19,4,1229,1,8,VAUXHALL CORSA,6,E01023317,0,-1
2021010297108,2021,010297108,1,9,0,6,6,5,5,0,0,0,0,0,0,0,3,1,2,2,1,34,6,1686,2,10,VAUXHALL CORSA,2,E01003190,0,-1
202134WNC2571,2021,34WNC2571,2,9,0,2,2,0,0,0,0,1,0,0,0,0,2,1,6,6,1,31,6,1229,1,11,VAUXHALL CORSA,7,E01027221,0,-1
2021010338058,2021,010338058,1,9,0,10,10,5,2,0,0,0,0,0,0,0,1,1,2,2,1,20,4,1364,1,11,VAUXHALL CORSA,9,E01017719,0,-1
2021351114184,2021,351114184,4,9,0,2,2,0,0,0,0,0,0,0,0,0,3,1,5,6,3,-1,-1,1229,1,13,VAUXHALL CORSA,-1,-1,0,-1
2021302102032,2021,302102032,1,9,0,18,19,6,2,0,0,0,0,0,7,9,1,1,6,6,2,25,5,1398,1,10,VAUXHALL CORSA,7,E01029814,0,-1
2021010306304,2021,010306304,1,9,0,3,3,1,5,0,0,1,0,0,0,0,1,1,2,2,2,39,7,1229,1,16,VAUXHALL CORSA,5,E01004057,0,-1
2021031107153,2021,031107153,2,9,0,18,19,7,3,0,0,0,0,0,0,0,1,1,1,1,2,24,5,1199,1,1,VAUXHALL CORSA,4,E01019216,0,-1
2021351106013,2021,351106013,2,9,0,18,19,4,8,0,0,4,0,0,0,0,1,1,6,6,3,-1,-1,1229,1,13,VAUXHALL CORSA,-1,-1,0,-1
2021010294351,2021,010294351,1,9,0,9,9,3,1,0,0,8,0,0,0,0,1,1,6,6,1,18,4,1229,1,10,VAUXHALL CORSA,2,E01004669,0,-1
2021361051913,2021,361051913,1,9,0,16,19,1,5,0,0,0,5,0,7,10,1,1,5,6,2,58,9,998,1,7,VAUXHALL CORSA,6,E01026769,0,-1
2021622100712,2021,622100712,1,9,0,18,19,6,2,0,0,3,0,10,0,0,1,1,6,6,1,19,4,1229,1,9,VAUXHALL CORSA,8,W01001190,0,-1
2021161059746,2021,161059746,1,9,0,17,19,2,6,0,0,1,0,0,1,1,1,1,5,6,1,20,4,1398,1,5,VAUXHALL CORSA,3,E01013086,0,-1
2021010307783,2021,010307783,3,9,0,2,2,0,0,9,9,0,0,0,0,0,4,1,6,6,3,-1,-1,1398,1,8,VAUXHALL CORSA,-1,-1,0,-1
2021471115175,2021,471115175,1,9,0,18,19,2,6,0,0,0,0,0,0,0,3,1,6,6,1,29,6,-1,-1,-1,VAUXHALL CORSA,9,E01021085,0,-1
2021351033400,2021,351033400,2,9,0,18,19,3,7,0,0,0,0,0,0,0,1,1,6,6,1,74,10,-1,-1,-1,VAUXHALL CORSA,10,E01018284,0,-1
2021201110338,2021,201110338,1,9,0,10,10,5,1,0,0,6,0,0,0,0,1,1,6,6,1,24,5,1248,2,8,VAUXHALL CORSA,7,E01031324,0,-1
2021622100520,2021,622100520,4,9,0,2,2,0,0,0,0,1,0,0,0,0,3,1,6,6,3,-1,-1,1398,1,7,VAUXHALL CORSA,-1,-1,0,-1
2021161068676,2021,161068676,1,9,0,18,19,2,6,0,0,2,0,0,0,0,4,1,2,2,1,25,5,1398,1,9,VAUXHALL CORSA,8,E01013226,0,-1
2021201084847,2021,201084847,1,9,0,9,9,6,5,0,0,8,0,0,0,0,3,1,6,6,1,-1,-1,1598,1,12,VAUXHALL CORSA,-1,-1,0,-1
2021201017526,2021,201017526,1,9,0,7,7,8,1,0,0,6,0,0,0,0,1,1,6,6,1,19,4,1229,1,14,VAUXHALL CORSA,8,E01010161,0,-1
2021010301277,2021,010301277,2,9,0,99,99,9,9,99,99,9,9,99,9,99,9,9,6,6,3,-1,-1,1229,1,14,VAUXHALL CORSA,2,E01003063,0,-1
2021411110670,2021,411110670,1,9,0,8,8,3,7,0,0,4,0,0,0,0,2,1,5,6,2,57,9,1229,1,11,VAUXHALL CORSA,6,E01022640,0,-1
2021010302210,2021,010302210,2,9,0,99,99,9,9,99,99,8,9,99,9,99,1,9,6,6,3,-1,-1,1229,1,11,VAUXHALL CORSA,-1,-1,0,-1
2021041055201,2021,041055201,2,9,0,4,4,3,7,0,0,0,0,0,0,0,2,1,5,6,2,55,8,1398,1,8,VAUXHALL CORSA,7,E01025109,0,-1
2021061125333,2021,061125333,1,9,0,18,19,1,5,0,0,0,0,0,0,0,0,1,6,6,1,19,4,998,1,8,VAUXHALL CORSA,-1,-1,0,-1
2021010297125,2021,010297125,2,9,0,18,19,7,3,0,0,2,0,0,0,0,4,1,6,6,2,54,8,1364,1,5,VAUXHALL CORSA,6,E01003386,0,-1
2021401100670,2021,401100670,1,9,0,18,19,8,4,0,0,0,1,0,0,0,4,1,6,6,2,53,8,1199,1,1,VAUXHALL CORSA,4,E01005621,0,-1
2021351118813,2021,351118813,2,9,0,9,9,1,7,0,0,8,0,0,0,0,4,1,6,6,1,23,5,1229,1,13,VAUXHALL CORSA,5,E01017945,0,-1
2021061043907,2021,061043907,1,9,0,18,19,7,3,0,0,0,0,0,0,0,2,1,6,6,1,67,10,1229,1,14,VAUXHALL CORSA,7,E01006409,0,-1
2021041050684,2021,041050684,1,9,0,18,19,1,5,0,0,4,0,0,0,0,1,1,5,6,2,79,11,1199,1,0,VAUXHALL CORSA,1,E01024925,0,-1
2021101090423,2021,101090423,1,9,0,9,9,5,2,0,0,-1,0,0,0,0,4,1,6,6,2,18,4,1398,1,2,VAUXHALL CORSA,10,E01008319,0,-1
2021371059632,2021,371059632,1,9,0,9,9,8,5,0,0,2,1,0,0,0,4,1,6,6,2,38,7,1229,1,17,VAUXHALL CORSA,4,E01030201,0,-1
2021461113522,2021,461113522,2,9,0,18,19,1,5,0,0,1,0,0,0,0,1,1,6,6,2,41,7,1398,1,5,VAUXHALL CORSA,5,E01024342,0,-1
2021440505996,2021,440505996,1,9,0,18,19,4,8,0,0,2,0,0,3,2,1,1,6,6,2,55,8,1398,1,8,VAUXHALL CORSA,2,E01023006,0,-1
2021522101824,2021,522101824,1,9,0,18,19,3,5,0,0,3,0,0,0,2,1,1,6,6,1,81,11,1398,1,3,VAUXHALL CORSA,8,E01014771,0,-1
2021131057348,2021,131057348,1,9,0,12,12,3,7,0,0,0,0,4,0,0,1,1,1,1,1,24,5,1248,2,7,VAUXHALL CORSA,8,E01010859,0,-1
2021010319975,2021,010319975,1,9,0,18,19,5,1,0,0,0,0,0,0,0,1,1,6,6,1,71,10,1398,1,5,VAUXHALL CORSA,4,E01001325,0,-1
2021991133659,2021,991133659,1,9,0,9,9,2,4,0,0,2,0,0,0,0,1,1,6,6,1,21,5,1229,1,13,VAUXHALL CORSA,5,-1,0,-1
2021010331500,2021,010331500,1,9,0,16,19,3,7,0,0,3,0,0,0,0,3,1,2,2,1,29,6,1364,1,14,VAUXHALL CORSA,3,E01033150,0,-1
2021041069685,2021,041069685,1,9,0,9,9,5,2,0,0,6,0,0,0,0,2,1,6,6,3,-1,-1,1686,2,14,VAUXHALL CORSA,-1,-1,0,-1
2021991151490,2021,991151490,1,9,0,18,19,8,4,0,0,0,1,0,1,11,1,1,6,6,1,22,5,1229,1,13,VAUXHALL CORSA,6,-1,0,-1
20211381V1648,2021,1381V1648,2,9,0,18,19,4,8,0,0,4,0,0,0,0,4,1,6,6,2,27,6,1364,1,14,VAUXHALL CORSA,8,E01006067,0,-1
2021010319265,2021,010319265,2,9,0,18,19,7,3,0,0,0,0,0,0,0,1,1,6,6,2,34,6,1398,1,4,VAUXHALL CORSA,-1,-1,0,-1
2021161071802,2021,161071802,1,9,0,18,19,7,3,0,0,8,0,0,0,0,3,1,6,6,1,21,5,1229,1,7,VAUXHALL CORSA,3,E01013259,0,-1
2021070639916,2021,070639916,1,9,0,12,12,5,1,0,0,0,0,0,0,6,3,1,6,6,1,66,10,1398,1,4,VAUXHALL CORSA,1,E01006875,0,-1
2021061040398,2021,061040398,3,9,0,9,9,2,8,0,0,1,0,0,0,0,3,1,6,6,3,30,6,1229,1,14,VAUXHALL CORSA,-1,-1,0,-1
2021531027821,2021,531027821,1,9,0,16,19,5,8,0,0,0,0,0,0,0,1,1,5,6,2,69,10,1248,2,12,VAUXHALL CORSA,10,E01032940,0,-1
2021311030835,2021,311030835,1,9,0,9,9,7,5,0,0,1,0,0,0,0,4,1,2,2,2,63,9,1398,1,4,VAUXHALL CORSA,10,E01028389,0,-1
2021520200713,2021,520200713,2,9,0,18,19,3,7,0,0,1,0,0,0,0,2,1,6,6,1,25,5,1248,2,11,VAUXHALL CORSA,2,E01029107,0,-1
2021411074972,2021,411074972,2,9,0,17,19,1,2,0,0,0,0,0,1,4,1,1,5,6,1,33,6,1229,1,6,VAUXHALL CORSA,8,E01023639,0,-1
2021320312527,2021,320312527,1,9,0,18,19,2,6,0,0,6,0,0,0,0,1,1,6,6,1,88,11,1229,1,11,VAUXHALL CORSA,5,E01026255,0,-1
2021141115895,2021,141115895,2,9,0,5,5,1,5,0,0,0,0,0,0,0,1,1,5,6,2,-1,-1,1199,1,1,VAUXHALL CORSA,1,E01008015,0,-1
2021131065464,2021,131065464,1,9,0,18,19,3,7,0,0,0,5,0,0,0,3,1,5,6,1,18,4,1248,2,9,VAUXHALL CORSA,1,E01011372,0,-1
2021131036521,2021,131036521,1,9,0,16,19,1,5,0,0,0,0,0,0,0,1,1,2,2,1,45,7,1248,2,9,VAUXHALL CORSA,-1,-1,0,-1
2021101091694,2021,101091694,2,9,0,18,19,3,7,0,0,3,0,0,0,0,3,1,6,6,1,25,5,1248,2,14,VAUXHALL CORSA,1,E01008303,0,-1
2021991127191,2021,991127191,1,9,0,9,9,7,5,0,0,1,0,0,0,0,1,1,5,6,1,40,7,1199,1,0,VAUXHALL CORSA,5,-1,0,-1
2021440366282,2021,440366282,2,9,0,9,9,5,3,0,0,8,0,0,0,0,4,1,6,6,2,35,6,998,1,13,VAUXHALL CORSA,6,E01022831,0,-1
2021010306542,2021,010306542,2,9,0,18,19,2,6,0,0,1,0,0,0,0,1,1,6,6,1,20,4,1229,1,14,VAUXHALL CORSA,3,E01002598,0,-1
2021052101467,2021,052101467,1,9,0,18,19,7,3,0,0,8,0,0,0,0,3,1,2,2,2,29,6,1364,1,14,VAUXHALL CORSA,1,E01006736,0,-1
2021052100674,2021,052100674,2,9,0,18,19,3,7,0,0,6,0,0,0,0,3,1,6,6,2,19,4,1229,1,14,VAUXHALL CORSA,1,E01006952,0,-1
2021371061640,2021,371061640,2,9,0,3,3,8,5,0,0,0,0,0,0,0,2,1,5,6,2,20,4,1398,1,5,VAUXHALL CORSA,10,E01030070,0,-1
2021010343712,2021,010343712,1,9,0,4,4,5,1,0,0,0,0,0,0,0,1,1,2,2,2,23,5,1229,1,7,VAUXHALL CORSA,3,E01003562,0,-1
2021430022127,2021,430022127,1,9,0,9,9,7,6,0,0,8,0,0,0,0,1,1,6,6,2,47,8,1199,1,1,VAUXHALL CORSA,-1,-1,0,-1
2021471091782,2021,471091782,1,9,0,18,19,5,1,0,0,0,0,0,0,0,3,1,5,6,2,50,8,1398,1,4,VAUXHALL CORSA,8,E01031780,0,-1
2021231067941,2021,231067941,3,9,0,4,4,2,6,0,0,0,0,0,0,0,1,1,5,6,1,58,9,1229,1,7,VAUXHALL CORSA,1,E01009322,0,-1
2021440206137,2021,440206137,1,9,0,18,19,4,8,0,0,0,0,0,0,0,4,1,6,6,1,21,5,1229,1,10,VAUXHALL CORSA,10,E01031681,0,-1
2021421029399,2021,421029399,1,9,0,18,19,5,1,0,0,0,5,0,0,0,1,1,5,6,2,21,5,1229,1,12,VAUXHALL CORSA,3,E01001365,0,-1
2021451045607,2021,451045607,1,9,0,9,9,5,1,0,0,0,0,0,0,0,3,1,5,6,1,67,10,-1,3,0,-1,4,E01002576,0,-1
202134WNC9091,2021,34WNC9091,2,9,0,18,19,1,5,0,0,0,0,0,0,0,1,1,6,6,1,57,9,-1,3,0,-1,9,E01027307,0,-1
2021010345382,2021,010345382,1,9,0,10,10,3,1,0,0,1,0,0,0,0,0,1,6,6,1,38,7,-1,3,0,-1,3,E01002543,0,-1
2021991072409,2021,991072409,1,9,0,18,19,5,1,0,0,0,0,0,0,0,1,1,5,6,2,33,6,1968,2,12,VOLKSWAGEN JETTA,3,-1,0,-1
2021622101011,2021,622101011,1,9,0,18,19,7,3,0,0,1,0,4,0,0,3,1,6,6,1,32,6,1598,2,11,VOLKSWAGEN JETTA,3,W01001021,0,-1
2021451079600,2021,451079600,2,9,0,2,2,1,3,0,0,2,0,0,0,0,2,1,6,6,2,45,7,1598,2,10,VOLKSWAGEN JETTA,10,E01030959,0,-1
2021501152227,2021,501152227,1,9,0,18,19,7,3,0,0,0,0,0,7,3,1,1,5,6,1,53,8,1896,2,15,VOLKSWAGEN JETTA,10,E01030085,0,-1
2021052100484,2021,052100484,2,9,0,16,19,5,1,0,0,0,0,0,0,0,1,1,2,2,1,65,9,1598,2,7,VOLKSWAGEN JETTA,9,E01007117,0,-1
202106Q079771,2021,06Q079771,1,9,0,18,19,4,8,0,0,1,0,0,0,0,2,1,6,6,1,44,7,1968,2,7,VOLKSWAGEN JETTA,2,E01005450,0,-1
2021131098613,2021,131098613,1,9,0,18,19,3,7,0,0,8,0,0,0,0,4,1,5,6,1,25,5,1896,2,14,VOLKSWAGEN JETTA,6,E01010786,0,-1
2021471109792,2021,471109792,1,9,0,14,14,4,8,0,0,0,1,4,0,0,1,1,6,6,1,41,7,1896,2,14,VOLKSWAGEN JETTA,3,E01003391,0,-1
2021131071699,2021,131071699,2,9,0,4,4,3,7,0,0,4,0,0,0,0,2,1,1,1,1,43,7,1598,2,9,VOLKSWAGEN JETTA,3,E01011240,0,-1
2021991075145,2021,991075145,1,9,0,18,19,7,3,0,0,0,1,0,4,6,1,1,2,2,1,36,7,1968,2,8,VOLKSWAGEN JETTA,7,-1,0,-1
2021010292918,2021,010292918,1,8,0,99,99,9,9,99,99,0,9,99,9,99,2,9,6,6,2,43,7,1598,2,7,VOLKSWAGEN JETTA,4,E01017074,0,-1
2021430223508,2021,430223508,2,9,0,18,19,3,7,0,0,1,0,0,0,0,1,1,6,6,2,54,8,1896,2,13,VOLKSWAGEN JETTA,10,E01017930,0,-1
2021141029628,2021,141029628,2,9,0,18,19,1,1,0,0,0,0,0,0,0,1,1,1,1,1,29,6,1968,2,7,VOLKSWAGEN JETTA,3,E01007907,0,-1
2021010335788,2021,010335788,2,9,0,18,19,1,5,0,0,0,0,0,0,0,1,1,6,6,1,79,11,1968,2,5,VOLKSWAGEN JETTA,7,E01000723,0,-1
2021061112167,2021,061112167,2,9,0,4,4,1,5,0,0,2,0,0,0,0,2,1,1,1,1,37,7,1968,2,9,VOLKSWAGEN JETTA,2,E01005959,0,-1
2021440443722,2021,440443722,1,9,0,18,19,3,7,0,0,0,0,0,0,0,4,1,6,6,1,-1,-1,1968,2,14,VOLKSWAGEN JETTA,-1,-1,0,-1
2021471085154,2021,471085154,1,9,0,18,19,5,8,0,0,4,0,0,0,0,1,1,6,6,3,-1,-1,1896,2,15,VOLKSWAGEN JETTA,-1,-1,0,-1
2021221050969,2021,221050969,1,9,0,5,5,6,8,0,0,6,0,0,0,0,1,1,2,2,1,37,7,1968,2,14,VOLKSWAGEN JETTA,9,E01010334,0,-1
2021201141776,2021,201141776,1,9,0,18,19,7,1,0,0,4,0,0,0,0,2,1,6,6,1,38,7,1968,2,7,VOLKSWAGEN JETTA,5,E01010548,0,-1
2021131098643,2021,131098643,1,9,0,18,19,3,7,0,0,8,1,10,2,0,1,1,5,6,1,26,6,1968,2,15,VOLKSWAGEN JETTA,1,E01010607,0,-1
202131C161621,2021,31C161621,1,9,0,18,19,4,8,9,9,0,0,0,1,0,1,1,6,6,1,43,7,1598,2,9,VOLKSWAGEN JETTA,1,E01013815,0,-1
2021440429445,2021,440429445,1,9,0,18,19,2,6,0,0,0,0,0,0,0,1,1,2,2,2,41,7,1968,2,15,VOLKSWAGEN JETTA,10,E01022849,0,-1
2021451102432,2021,451102432,1,9,0,7,7,6,1,0,0,1,0,0,0,0,1,1,1,1,2,22,5,1896,2,14,VOLKSWAGEN JETTA,3,E01017129,0,-1
2021111032460,2021,111032460,1,9,0,2,2,3,7,0,0,0,0,4,0,0,1,1,5,6,1,26,6,1968,2,13,VOLKSWAGEN JETTA,2,E01020792,0,-1
2021010328990,2021,010328990,2,9,0,99,99,9,9,99,99,0,9,99,9,99,9,9,6,6,3,-1,-1,1968,2,7,VOLKSWAGEN JETTA,-1,-1,0,-1
2021451047363,2021,451047363,2,9,0,18,19,5,1,0,0,0,0,0,0,0,1,1,5,6,1,84,11,1395,1,6,VOLKSWAGEN JETTA,10,E01030695,0,-1
2021401044330,2021,401044330,1,9,0,18,19,2,6,0,0,1,1,0,0,0,1,1,6,6,1,24,5,1968,2,14,VOLKSWAGEN JETTA,3,E01015765,0,-1