collision_index,collision_year,collision_ref_no,vehicle_reference,vehicle_type,towing_and_articulation,vehicle_manoeuvre_historic,vehicle_manoeuvre,vehicle_direction_from,vehicle_direction_to,vehicle_location_restricted_lane_historic,vehicle_location_restricted_lane,junction_location,skidding_and_overturning,hit_object_in_carriageway,vehicle_leaving_carriageway,hit_object_off_carriageway,first_point_of_impact,vehicle_left_hand_drive,journey_purpose_of_driver_historic,journey_purpose_of_driver,sex_of_driver,age_of_driver,age_band_of_driver,engine_capacity_cc,propulsion_code,age_of_vehicle,generic_make_model,driver_imd_decile,lsoa_of_driver,escooter_flag,driver_distance_banding
2021411028273,2021,411028273,2,9,0,18,19,7,3,0,0,0,0,0,0,0,1,1,6,6,1,57,9,1968,2,5,VOLKSWAGEN JETTA,8,E01000282,0,-1
2021302101185,2021,302101185,1,9,0,18,19,2,6,0,0,1,0,0,0,0,1,1,6,6,3,-1,-1,1598,2,7,VOLKSWAGEN JETTA,5,E01019456,0,-1
2021201118574,2021,201118574,1,9,0,5,5,3,7,0,0,6,0,0,0,0,1,1,6,6,1,45,7,1968,2,6,VOLKSWAGEN JETTA,4,E01009276,0,-1
2021411049638,2021,411049638,2,9,0,3,3,5,1,0,0,0,0,0,0,0,3,1,1,1,2,59,9,1395,1,6,VOLKSWAGEN JETTA,6,E01023539,0,-1
2021430571203,2021,430571203,1,9,0,18,19,3,7,0,0,8,0,0,3,7,1,1,2,2,1,36,7,1598,2,7,VOLKSWAGEN JETTA,8,E01016823,0,-1
2021010293815,2021,010293815,1,9,0,5,5,1,5,0,0,8,0,0,0,0,1,1,6,6,2,37,7,1598,2,9,VOLKSWAGEN JETTA,2,E01001487,0,-1
2021451034803,2021,451034803,2,9,0,5,5,8,4,0,0,6,0,0,0,0,1,1,6,6,1,39,7,1896,2,13,VOLKSWAGEN JETTA,6,E01004164,0,-1
2021302101325,2021,302101325,2,9,0,2,2,0,0,0,0,0,0,0,0,0,2,1,6,6,3,-1,-1,1968,2,15,VOLKSWAGEN JETTA,-1,-1,0,-1
2021131058135,2021,131058135,1,9,0,9,9,2,8,0,0,8,0,0,0,0,4,1,6,6,3,-1,-1,1968,2,14,VOLKSWAGEN JETTA,-1,-1,0,-1
2021201115786,2021,201115786,1,9,0,18,19,8,4,0,0,2,0,0,0,0,1,1,6,6,1,40,7,1896,2,15,VOLKSWAGEN JETTA,1,E01010526,0,-1
2021201056222,2021,201056222,2,9,0,18,19,2,4,0,0,8,0,0,0,0,1,1,6,6,1,33,6,1598,2,9,VOLKSWAGEN JETTA,3,E01009624,0,-1
2021161083707,2021,161083707,1,9,0,4,4,1,5,0,0,0,0,0,0,0,1,1,6,6,1,29,6,1968,2,11,VOLKSWAGEN JETTA,8,E01013327,0,-1
2021131046224,2021,131046224,2,9,0,18,19,5,1,0,0,0,0,0,0,0,1,1,5,6,1,56,9,1598,2,8,VOLKSWAGEN JETTA,4,E01011044,0,-1
2021131109000,2021,131109000,2,9,0,18,19,1,5,0,0,8,0,0,0,0,1,1,6,6,3,-1,-1,1968,2,6,VOLKSWAGEN JETTA,-1,-1,0,-1
2021531043777,2021,531043777,1,9,0,18,19,3,7,0,0,0,0,0,0,0,1,1,1,1,1,23,5,1598,2,10,VOLKSWAGEN JETTA,5,E01014050,0,-1
2021461092474,2021,461092474,2,9,0,3,3,4,8,0,0,0,0,0,0,0,2,1,5,6,1,55,8,1968,2,14,VOLKSWAGEN JETTA,5,E01024223,0,-1
2021451074868,2021,451074868,2,9,0,9,9,5,3,0,0,8,0,0,0,0,1,1,2,2,2,48,8,1968,2,10,VOLKSWAGEN JETTA,3,E01001003,0,-1
2021161107420,2021,161107420,1,9,0,18,19,8,4,0,0,8,5,0,7,0,4,1,5,6,1,77,11,1968,2,8,VOLKSWAGEN JETTA,-1,-1,0,-1
2021311091771,2021,311091771,2,9,0,18,19,5,8,8,6,3,0,10,7,3,1,1,1,1,1,61,9,1598,2,9,VOLKSWAGEN JETTA,7,E01028287,0,-1
2021522104684,2021,522104684,3,9,0,15,15,3,7,0,0,0,0,0,0,0,1,1,6,6,1,30,6,1968,2,14,VOLKSWAGEN JETTA,2,E01014522,0,-1
2021041074650,2021,041074650,1,9,0,18,19,2,4,0,0,4,0,0,0,0,1,1,5,6,1,31,6,1968,2,13,VOLKSWAGEN JETTA,2,E01025244,0,-1
2021401065167,2021,401065167,1,9,0,18,19,5,1,0,0,0,0,0,0,0,1,1,6,6,3,-1,-1,1896,2,13,VOLKSWAGEN JETTA,-1,-1,0,-1
2021061127321,2021,061127321,1,9,0,9,9,5,3,0,0,8,0,0,0,0,4,1,6,6,2,21,5,1598,2,7,VOLKSWAGEN JETTA,5,E01004809,0,-1
2021610057321,2021,610057321,1,9,0,12,12,3,7,0,0,1,0,0,0,0,1,1,6,6,1,62,9,1896,2,13,VOLKSWAGEN JETTA,1,W01001788,0,-1
2021041042971,2021,041042971,1,9,0,18,19,7,3,0,0,2,0,0,0,0,3,1,5,6,1,62,9,1896,2,12,VOLKSWAGEN JETTA,1,E01012641,0,-1
2021201142557,2021,201142557,2,9,0,2,2,0,0,0,0,1,0,0,0,0,1,1,6,6,3,-1,-1,1984,1,14,VOLKSWAGEN JETTA,-1,-1,0,-1
2021461055372,2021,461055372,1,9,0,18,19,8,4,0,0,0,0,0,0,0,1,1,6,6,3,-1,-1,1968,2,15,VOLKSWAGEN JETTA,-1,-1,0,-1
2021010342081,2021,010342081,2,9,0,99,99,9,9,99,99,0,9,99,9,99,2,9,6,6,2,-1,-1,1598,1,15,VOLKSWAGEN JETTA,2,E01002872,0,-1
2021101013932,2021,101013932,1,9,0,15,15,5,5,0,0,1,0,0,0,0,3,1,5,6,1,26,6,1896,2,15,VOLKSWAGEN JETTA,2,E01008334,0,-1
2021201068082,2021,201068082,1,9,0,18,19,7,3,0,0,8,0,0,0,0,0,1,6,6,1,16,4,1896,2,14,VOLKSWAGEN JETTA,2,E01010397,0,-1
2021122100641,2021,122100641,1,9,0,16,19,1,5,0,0,0,0,0,0,0,1,1,6,6,1,68,10,1968,2,15,VOLKSWAGEN JETTA,1,E01027740,0,-1
2021141106959,2021,141106959,1,9,0,18,19,2,6,0,0,6,0,0,0,0,1,1,6,6,1,30,6,1896,2,15,VOLKSWAGEN JETTA,1,E01007945,0,-1
2021131041390,2021,131041390,2,9,0,3,3,3,7,0,0,0,0,0,0,0,2,1,1,1,1,67,10,1968,2,9,VOLKSWAGEN JETTA,1,E01010809,0,-1
2021061073202,2021,061073202,1,9,0,7,7,7,1,0,0,8,0,0,0,0,1,1,6,6,1,34,6,1968,2,5,VOLKSWAGEN JETTA,7,E01005851,0,-1
2021131064326,2021,131064326,1,9,0,-1,-1,-1,-1,-1,-1,0,-1,-1,-1,-1,-1,1,6,6,3,-1,-1,1900,2,14,VOLKSWAGEN JETTA,-1,-1,0,-1
2021461014054,2021,461014054,1,9,0,18,19,8,2,0,0,1,0,0,0,0,1,1,5,6,1,51,8,1968,2,14,VOLKSWAGEN JETTA,5,E01024492,0,-1
2021361120908,2021,361120908,2,9,0,17,19,1,5,0,0,0,0,0,0,0,1,1,6,6,2,28,6,1968,2,13,VOLKSWAGEN JETTA,6,E01026449,0,-1
2021411063320,2021,411063320,1,9,0,18,19,5,1,0,0,0,0,0,0,0,4,1,5,6,1,24,5,1968,2,6,VOLKSWAGEN JETTA,3,E01001701,0,-1
2021122100484,2021,122100484,1,9,0,18,19,8,4,0,0,0,0,0,0,0,4,1,1,1,1,39,7,1598,2,10,VOLKSWAGEN JETTA,10,E01013337,0,-1
2021552200089,2021,552200089,2,8,0,10,10,8,6,0,0,1,0,0,0,0,2,1,1,1,1,44,7,1968,2,10,VOLKSWAGEN JETTA,6,E01015454,0,-1
2021138310490,2021,138310490,1,9,0,18,19,7,3,0,0,0,0,0,0,0,2,1,6,6,1,33,6,1598,2,7,VOLKSWAGEN JETTA,3,E01011533,0,-1
2021991114427,2021,991114427,2,9,0,16,19,1,5,0,0,0,1,0,0,0,1,1,2,2,1,37,7,1598,2,8,VOLKSWAGEN JETTA,9,-1,0,-1
2021052100414,2021,052100414,2,9,0,18,19,7,2,0,0,8,0,0,0,0,1,1,2,2,1,42,7,1968,2,14,VOLKSWAGEN JETTA,1,E01006392,0,-1
202106P079200,2021,06P079200,1,8,0,9,9,3,1,0,0,8,0,0,0,0,1,1,1,1,3,30,6,1968,2,14,-1,-1,-1,0,-1
2021131090805,2021,131090805,1,9,0,7,7,1,5,0,0,8,0,0,0,0,1,1,1,1,1,35,6,1598,2,8,VOLKSWAGEN JETTA,6,E01011083,0,-1
2021201129457,2021,201129457,3,9,0,2,2,0,0,0,0,0,0,0,0,0,1,1,6,6,1,28,6,1598,2,9,VOLKSWAGEN JETTA,1,E01009492,0,-1
2021211071451,2021,211071451,1,9,0,9,9,3,7,0,0,1,0,0,0,0,1,1,6,6,1,30,6,1984,1,15,VOLKSWAGEN JETTA,-1,-1,0,-1
2021131120198,2021,131120198,1,9,0,18,19,5,1,0,0,0,0,0,0,0,1,1,6,6,3,-1,-1,1968,2,12,VOLKSWAGEN JETTA,-1,-1,0,-1
2021522106033,2021,522106033,2,9,0,11,11,7,3,0,0,8,0,0,0,0,0,1,6,6,1,30,6,1968,2,10,VOLKSWAGEN JETTA,-1,-1,0,-1
2021201132810,2021,201132810,2,9,0,4,4,1,5,0,0,0,0,0,0,0,2,1,2,2,2,34,6,1968,2,7,VOLKSWAGEN JETTA,1,E01010450,0,-1
2021131078322,2021,131078322,1,9,0,-1,-1,-1,-1,-1,-1,0,-1,-1,-1,-1,-1,1,6,6,3,-1,-1,1968,2,15,VOLKSWAGEN JETTA,-1,-1,0,-1
2021061055566,2021,061055566,1,9,0,18,19,7,3,0,0,0,0,0,0,0,1,1,6,6,1,28,6,1968,2,14,VOLKSWAGEN JETTA,4,E01005494,0,-1
2021010339344,2021,010339344,2,9,0,18,19,4,8,0,0,1,0,0,0,0,1,1,6,6,3,-1,-1,1598,2,8,VOLKSWAGEN JETTA,2,E01003995,0,-1
2021622100224,2021,622100224,2,9,0,10,10,2,8,0,0,1,0,0,0,0,1,1,6,6,1,61,9,1968,2,7,VOLKSWAGEN JETTA,6,W01000918,0,-1
2021201134773,2021,201134773,1,9,0,18,19,8,4,0,0,2,0,0,0,0,1,1,6,6,1,-1,-1,1968,2,9,VOLKSWAGEN JETTA,-1,-1,0,-1
2021041029071,2021,041029071,1,9,0,18,19,1,1,0,0,0,0,0,0,0,4,1,1,1,1,35,6,1968,2,6,VOLKSWAGEN JETTA,2,E01012630,0,-1
2021430524451,2021,430524451,2,9,0,3,3,8,4,0,0,1,0,0,0,0,2,1,6,6,1,50,8,1598,2,7,VOLKSWAGEN JETTA,2,E01016839,0,-1
2021371138951,2021,371138951,2,9,0,18,19,6,2,0,0,8,0,0,0,0,4,1,5,6,1,38,7,1896,2,15,VOLKSWAGEN JETTA,6,E01030059,0,-1
2021061043398,2021,061043398,2,9,0,18,19,4,8,0,0,1,0,0,0,0,1,1,6,6,1,30,6,1968,2,7,VOLKSWAGEN JETTA,4,E01005116,0,-1
2021421097783,2021,421097783,2,9,0,18,19,1,5,0,0,1,0,0,0,0,4,1,6,6,1,65,9,1390,1,14,VOLKSWAGEN JETTA,8,E01021583,0,-1
2021211114585,2021,211114585,1,9,0,16,19,8,2,0,0,0,0,0,0,0,1,1,6,6,2,-1,-1,1968,2,14,VOLKSWAGEN JETTA,1,E01009493,0,-1
20211383A0635,2021,1383A0635,1,9,0,1,1,1,5,0,0,8,0,10,0,10,2,1,6,6,1,62,9,1968,2,15,VOLKSWAGEN JETTA,2,E01010799,0,-1
2021411032334,2021,411032334,1,9,0,18,19,5,1,0,0,0,1,10,1,0,3,1,5,6,1,28,6,1896,2,15,VOLKSWAGEN JETTA,8,E01023879,0,-1
2021501065570,2021,501065570,1,9,0,18,19,3,7,0,0,0,2,0,2,0,1,1,5,6,1,43,7,1968,2,14,VOLKSWAGEN JETTA,5,E01018817,0,-1
2021991097275,2021,991097275,1,9,0,16,19,3,7,0,0,1,1,0,0,0,1,1,6,6,1,43,7,2792,1,31,VOLKSWAGEN JETTA,2,-1,0,-1
2021361099675,2021,361099675,1,9,0,16,19,8,2,0,0,0,0,0,0,0,1,1,2,2,1,29,6,1968,2,10,VOLKSWAGEN JETTA,6,E01026664,0,-1
2021052101286,2021,052101286,1,2,0,18,19,3,7,0,0,8,1,0,0,0,3,1,6,6,2,26,6,49,1,12,-1,1,E01006753,0,-1
2021451121953,2021,451121953,2,3,0,15,15,5,1,0,0,1,2,0,0,0,1,1,6,6,1,18,4,124,1,9,-1,6,E01030311,0,-1
2021501060544,2021,501060544,2,5,0,12,12,5,3,0,0,3,0,0,0,0,4,1,1,1,2,36,7,853,1,1,-1,4,E01018877,0,-1
202134WNC6491,2021,34WNC6491,1,5,0,18,19,4,8,0,0,1,0,12,0,0,1,1,4,7,1,55,8,853,1,0,-1,-1,-1,0,-1
2021361040224,2021,361040224,2,5,0,18,19,2,5,0,0,8,0,0,0,0,4,1,5,6,1,56,9,853,1,2,-1,9,E01026448,0,-1
2021451062511,2021,451062511,1,5,0,18,19,5,1,0,0,0,1,0,0,0,1,1,5,6,1,47,8,853,1,2,-1,6,E01030973,0,-1
2021302100821,2021,302100821,2,5,0,13,13,4,8,0,0,1,0,0,0,0,0,1,1,1,1,56,9,853,1,0,-1,10,E01028181,0,-1
2021451089162,2021,451089162,5,5,0,2,2,0,0,6,6,0,0,0,0,0,0,1,5,6,1,50,8,853,1,1,-1,9,E01030830,0,-1
2021211090908,2021,211090908,2,5,0,18,19,6,2,0,0,0,0,0,0,0,4,1,5,6,1,50,8,853,1,2,-1,7,E01014216,0,-1
2021991100253,2021,991100253,1,9,0,4,4,7,3,0,0,0,2,0,1,11,4,1,5,6,1,30,6,1461,2,8,DACIA DUSTER,4,E01018955,0,-1
2021520103363,2021,520103363,2,9,0,18,19,5,1,0,0,0,0,0,0,0,1,1,6,6,2,68,10,1197,1,4,DACIA DUSTER,10,E01029128,0,-1
2021052100896,2021,052100896,2,9,0,18,19,1,5,0,0,8,0,0,0,0,1,1,6,6,1,94,11,1598,1,2,DACIA DUSTER,1,E01006905,0,-1
2021991096788,2021,991096788,1,9,0,5,5,5,8,0,0,0,0,0,0,0,1,1,6,6,2,47,8,1598,1,2,DACIA DUSTER,8,-1,0,-1
2021461092806,2021,461092806,2,9,0,5,5,1,5,0,0,1,0,0,0,0,1,1,5,6,1,73,10,1461,2,7,DACIA DUSTER,8,E01024077,0,-1
2021430019325,2021,430019325,2,9,0,10,10,7,5,0,0,1,0,0,0,0,2,1,6,6,2,47,8,1598,1,3,DACIA DUSTER,5,E01016768,0,-1
2021211111452,2021,211111452,2,9,0,17,19,8,5,0,0,0,0,0,0,0,1,1,6,6,1,75,10,1461,2,7,DACIA DUSTER,1,E01014217,0,-1
202154B762421,2021,54B762421,2,9,0,18,19,6,2,0,0,8,5,0,1,9,3,1,1,1,1,49,8,1197,1,3,DACIA DUSTER,5,E01031952,0,-1
2021991048946,2021,991048946,3,9,0,18,19,1,5,0,0,4,0,0,0,0,2,1,5,6,1,77,11,1598,1,2,DACIA DUSTER,3,-1,0,-1
2021070834019,2021,070834019,1,9,0,9,9,1,7,0,0,1,0,0,0,0,1,1,2,2,2,37,7,999,1,0,DACIA DUSTER,9,E01018442,0,-1
2021201057119,2021,201057119,2,9,0,18,19,7,3,0,0,8,0,0,0,0,1,1,6,6,1,68,10,1598,1,3,DACIA DUSTER,7,E01009251,0,-1
2021991099156,2021,991099156,1,9,0,11,11,5,8,0,0,0,0,0,6,0,2,1,5,6,1,81,11,1461,2,3,DACIA DUSTER,8,-1,0,-1
2021430505510,2021,430505510,1,9,0,9,9,7,5,0,0,8,0,0,0,0,1,1,6,6,1,50,8,-1,-1,-1,DACIA DUSTER,-1,-1,0,-1
2021501016621,2021,501016621,1,9,0,5,5,5,1,0,0,1,0,0,0,0,1,1,6,6,1,77,11,1598,1,3,DACIA DUSTER,3,E01015041,0,-1
2021010313597,2021,010313597,1,9,0,18,19,1,5,0,0,0,5,0,0,0,4,1,6,6,2,33,6,1330,1,0,DACIA DUSTER,8,E01001384,0,-1
2021161063696,2021,161063696,1,9,0,18,19,7,4,0,0,0,0,0,0,0,3,1,6,6,1,-1,-1,1598,1,2,DACIA DUSTER,1,E01012840,0,-1
2021052100792,2021,052100792,1,9,0,9,9,4,2,0,0,1,0,0,0,0,1,1,6,6,2,57,9,1333,1,0,DACIA DUSTER,7,E01006689,0,-1
2021041136146,2021,041136146,1,9,0,18,19,5,1,0,0,2,5,10,0,0,1,1,5,6,1,61,9,1333,1,2,DACIA DUSTER,1,E01005595,0,-1
2021622100315,2021,622100315,2,9,0,18,19,8,4,0,0,1,0,0,1,0,4,1,6,6,1,70,10,1461,2,8,DACIA DUSTER,4,W01000996,0,-1
2021111034925,2021,111034925,1,9,0,18,19,3,6,0,0,1,0,0,0,0,1,1,5,6,1,74,10,1461,2,2,DACIA DUSTER,3,E01012355,0,-1
2021010332038,2021,010332038,1,9,0,18,19,7,3,0,0,0,0,0,0,0,1,1,6,6,1,64,9,1333,1,2,DACIA DUSTER,7,E01025929,0,-1
2021440486946,2021,440486946,2,9,0,18,19,3,7,0,0,0,0,0,0,0,1,1,6,6,1,83,11,1598,1,5,DACIA DUSTER,4,E01017295,0,-1
2021461069765,2021,461069765,3,9,0,10,10,5,1,0,0,0,0,0,0,0,2,1,5,6,1,31,6,1461,2,6,DACIA DUSTER,2,E01024091,0,-1
2021231114089,2021,231114089,2,9,0,2,2,0,0,0,0,0,0,0,0,0,4,1,5,6,1,71,10,1461,2,0,DACIA DUSTER,10,E01012201,0,-1
2021161013779,2021,161013779,1,9,0,5,5,1,5,0,0,4,0,0,0,0,1,1,2,2,1,60,9,1461,2,3,DACIA DUSTER,5,E01013317,0,-1
202163D065021,2021,63D065021,1,9,0,16,19,8,3,0,0,0,0,0,1,10,1,1,6,6,2,44,7,1461,2,8,DACIA DUSTER,-1,-1,0,-1
2021461036663,2021,461036663,1,9,0,18,19,5,1,0,0,0,5,0,7,0,1,1,6,6,2,58,9,1461,2,5,DACIA DUSTER,7,E01032811,0,-1
2021430506899,2021,430506899,1,9,0,10,10,5,3,0,0,1,0,0,0,0,2,1,2,2,2,47,8,1461,2,7,DACIA DUSTER,4,E01032732,0,-1
2021070834091,2021,070834091,2,9,0,3,3,6,2,0,0,1,0,0,0,0,1,1,6,6,2,30,6,1598,1,3,DACIA DUSTER,8,E01018493,0,-1
2021522101661,2021,522101661,2,9,0,18,19,2,7,0,0,0,0,0,0,0,1,1,6,6,1,87,11,1333,1,1,DACIA DUSTER,7,E01014839,0,-1
2021471025506,2021,471025506,2,9,0,4,4,7,3,0,0,0,0,0,0,0,2,1,5,6,1,46,8,1330,1,2,DACIA DUSTER,3,E01016919,0,-1
2021471105197,2021,471105197,1,9,0,9,9,7,5,0,0,8,0,0,0,0,1,1,5,6,1,54,8,1461,2,8,DACIA DUSTER,7,E01021029,0,-1
2021320384080,2021,320384080,2,9,0,16,19,8,4,0,0,1,0,0,0,0,1,1,6,6,2,49,8,1598,1,3,DACIA DUSTER,4,E01026183,0,-1
2021052101319,2021,052101319,2,9,0,18,19,5,1,0,0,0,0,0,0,0,2,1,6,6,2,28,6,999,1,0,DACIA DUSTER,8,E01018558,0,-1
2021010330565,2021,010330565,1,9,0,99,99,9,9,99,99,9,9,99,9,99,9,9,6,6,1,34,6,1198,1,3,DACIA DUSTER,8,E01000366,0,-1
2021010298123,2021,010298123,2,9,0,99,99,9,9,99,99,9,9,99,9,99,9,9,6,6,3,-1,-1,1461,2,4,DACIA DUSTER,-1,-1,0,-1
2021302100111,2021,302100111,2,9,0,2,2,0,0,0,0,2,0,0,0,0,2,2,6,6,1,56,9,1461,2,5,DACIA DUSTER,3,E01013547,0,-1
2021520201065,2021,520201065,1,9,0,18,19,7,3,0,0,0,0,0,4,6,3,1,6,6,1,59,9,1461,2,5,DACIA DUSTER,7,E01014394,0,-1
2021440086543,2021,440086543,1,9,0,16,19,6,2,0,0,0,1,0,7,9,3,1,2,2,1,45,7,1598,1,2,DACIA DUSTER,6,E01022716,0,-1
2021451104391,2021,451104391,2,9,0,2,2,0,0,0,0,0,0,0,0,0,3,1,5,6,2,40,7,1461,2,5,DACIA DUSTER,10,E01030870,0,-1
2021471073772,2021,471073772,1,9,0,18,19,4,8,0,0,3,2,0,0,0,1,1,1,1,2,23,5,1461,2,8,DACIA DUSTER,10,E01031649,0,-1
2021201079139,2021,201079139,1,9,0,18,19,2,6,0,0,8,0,0,0,0,1,1,6,6,2,37,7,1598,1,7,DACIA DUSTER,3,E01009219,0,-1
2021141043182,2021,141043182,4,9,0,18,19,1,5,6,6,0,0,0,0,0,3,1,6,6,2,60,9,1461,2,3,DACIA DUSTER,5,E01020889,0,-1
2021461081472,2021,461081472,3,9,0,3,3,8,3,0,0,0,0,0,0,0,2,1,6,6,1,27,6,1330,1,2,DACIA DUSTER,9,E01024256,0,-1
2021320413273,2021,320413273,2,9,0,17,19,5,2,0,0,0,0,0,1,9,3,1,6,6,1,30,6,1330,1,1,DACIA DUSTER,5,E01025228,0,-1
2021070736351,2021,070736351,1,9,0,5,5,8,4,0,0,0,0,0,0,0,1,1,1,1,1,24,5,1461,2,7,DACIA DUSTER,10,E01018491,0,-1
2021161080471,2021,161080471,3,9,0,9,9,1,5,0,0,0,0,0,0,0,4,1,5,6,1,65,9,1461,2,8,DACIA DUSTER,1,E01012808,0,-1
2021141041760,2021,141041760,1,9,0,4,4,6,1,0,0,4,0,0,0,0,1,1,2,2,2,54,8,1461,2,7,DACIA DUSTER,2,E01007414,0,-1
2021991069506,2021,991069506,2,9,0,3,3,6,2,0,0,1,0,0,0,0,2,1,1,1,1,43,7,1461,2,7,DACIA DUSTER,4,E01011717,0,-1
2021991086446,2021,991086446,2,9,0,18,19,8,4,0,0,1,0,0,0,0,1,1,5,6,2,69,10,1333,1,1,DACIA DUSTER,5,-1,0,-1
2021522201007,2021,522201007,2,9,0,9,9,2,8,0,0,6,0,0,0,0,4,1,6,6,1,73,10,1461,2,8,DACIA DUSTER,3,E01014941,0,-1
2021610055721,2021,610055721,1,9,0,18,19,1,5,0,0,0,0,0,0,0,1,1,6,6,1,58,9,1461,2,8,DACIA DUSTER,6,W01001463,0,-1
2021461079763,2021,461079763,2,9,0,15,15,5,1,0,0,0,0,0,0,0,3,1,6,6,1,55,8,1333,1,0,DACIA DUSTER,7,E01024554,0,-1
2021991039355,2021,991039355,3,9,0,9,9,6,2,0,0,0,0,0,0,0,2,1,6,6,2,41,7,1461,2,5,DACIA DUSTER,7,-1,0,-1
2021061074338,2021,061074338,2,9,0,10,10,4,2,0,0,1,0,0,0,0,2,1,1,1,1,61,9,1461,2,3,DACIA DUSTER,1,E01005198,0,-1
2021461073633,2021,461073633,5,9,0,18,19,5,1,0,0,0,0,0,0,0,2,1,1,1,1,27,6,1461,2,5,DACIA DUSTER,4,E01024111,0,-1
2021101011653,2021,101011653,1,9,0,5,5,5,7,0,0,1,0,0,0,0,1,1,5,6,1,35,6,1461,2,1,DACIA DUSTER,1,E01027424,0,-1
2021141043783,2021,141043783,1,9,0,18,19,7,3,0,0,0,5,0,1,0,4,1,2,2,1,44,7,1598,1,3,DACIA DUSTER,3,E01007473,0,-1
202134NNC0521,2021,34NNC0521,1,9,0,18,19,6,2,0,0,0,5,0,0,0,1,1,6,6,2,77,11,1461,2,5,DACIA DUSTER,-1,-1,0,-1
2021522106104,2021,522106104,1,9,0,18,19,7,3,0,0,0,0,0,0,0,4,1,6,6,1,69,10,1461,2,5,DACIA DUSTER,5,E01015019,0,-1
2021501102845,2021,501102845,1,9,0,18,19,1,5,0,0,0,0,0,0,0,3,1,5,6,1,75,10,1598,1,6,DACIA DUSTER,7,E01018787,0,-1
202134WNC3351,2021,34WNC3351,2,9,0,2,2,0,0,0,0,0,0,0,0,0,3,1,6,6,1,74,10,1461,2,6,DACIA DUSTER,8,E01027217,0,-1
2021141112155,2021,141112155,1,9,0,4,4,5,1,0,0,0,0,0,0,0,2,1,2,2,2,49,8,1461,2,4,DACIA DUSTER,6,E01007455,0,-1
2021440072407,2021,440072407,1,9,0,18,19,6,2,0,0,0,0,0,7,4,1,1,6,6,2,64,9,1461,2,6,DACIA DUSTER,10,E01022467,0,-1
2021501137864,2021,501137864,2,9,0,9,9,1,7,0,0,8,0,0,0,0,4,1,6,6,2,64,9,1198,1,3,DACIA DUSTER,8,E01020200,0,-1
2021520201101,2021,520201101,2,9,0,18,19,2,6,0,0,8,0,0,0,0,1,1,6,6,2,47,8,1330,1,1,DACIA DUSTER,5,E01029229,0,-1
2021141116911,2021,141116911,2,9,0,9,9,6,4,0,0,8,0,0,0,0,4,1,6,6,2,34,6,1461,2,1,DACIA DUSTER,4,E01019555,0,-1
2021302100645,2021,302100645,1,9,0,3,3,2,6,0,0,1,0,4,0,0,1,1,6,6,2,54,8,1461,2,6,DACIA DUSTER,6,E01019760,0,-1
2021231063306,2021,231063306,2,9,0,18,19,5,1,0,0,1,0,0,0,0,1,1,5,6,2,40,7,1461,2,5,DACIA DUSTER,6,E01031322,0,-1
2021991050677,2021,991050677,2,9,0,18,19,7,2,0,0,0,0,0,5,6,2,1,5,6,1,59,9,1461,2,8,DACIA DUSTER,9,-1,0,-1
2021552101040,2021,552101040,2,9,0,13,13,4,8,0,0,8,0,0,0,0,4,1,6,6,1,51,8,1461,2,6,DACIA DUSTER,2,E01015338,0,-1
2021161011357,2021,161011357,1,9,0,18,19,8,4,0,0,0,0,0,0,0,1,1,6,6,1,51,8,999,1,1,DACIA DUSTER,2,E01013281,0,-1
2021501039513,2021,501039513,1,9,0,5,5,1,5,0,0,6,0,0,0,0,1,1,1,1,1,27,6,1598,1,3,DACIA DUSTER,3,E01020229,0,-1
2021161084759,2021,161084759,1,9,0,9,9,1,7,0,0,1,0,0,0,0,1,1,6,6,2,78,11,1461,2,4,DACIA DUSTER,1,E01012790,0,-1
2021430000718,2021,430000718,1,9,0,18,19,4,8,0,0,1,0,0,0,0,1,1,1,1,1,23,5,999,1,1,DACIA DUSTER,6,E01028526,0,-1
2021070307414,2021,070307414,2,9,0,18,19,8,4,0,0,0,0,0,0,0,1,1,6,6,3,24,5,1198,1,3,DACIA DUSTER,-1,-1,0,-1
2021991132097,2021,991132097,1,9,0,18,19,8,4,0,0,2,0,0,0,0,1,1,5,6,1,79,11,1461,2,7,DACIA DUSTER,3,-1,0,-1
2021430045787,2021,430045787,2,9,0,3,3,2,4,0,0,2,0,0,0,0,2,1,2,2,2,38,7,999,1,1,DACIA DUSTER,10,E01027276,0,-1
2021361034662,2021,361034662,1,9,0,18,19,8,4,0,0,0,0,0,0,0,1,1,5,6,1,32,6,1461,2,7,DACIA DUSTER,3,E01026843,0,-1
2021351093494,2021,351093494,1,9,0,9,9,8,5,0,0,5,0,0,0,0,1,1,6,6,1,53,8,1461,2,7,DACIA DUSTER,4,E01029940,0,-1
2021991050569,2021,991050569,1,9,0,1,1,2,6,0,0,2,0,4,0,0,2,1,6,6,1,20,4,1461,2,8,DACIA DUSTER,4,-1,0,-1
2021440365370,2021,440365370,1,9,0,4,4,1,5,0,0,7,0,0,0,0,2,1,6,6,1,24,5,1198,1,3,DACIA DUSTER,1,E01022915,0,-1
2021461115305,2021,461115305,2,9,0,18,19,3,7,0,0,0,0,0,0,0,4,1,6,6,1,-1,-1,1461,2,4,DACIA DUSTER,-1,-1,0,-1
202134NNC1591,2021,34NNC1591,1,9,0,18,19,7,3,0,0,0,0,0,0,0,1,1,6,6,1,43,7,1333,1,1,DACIA DUSTER,2,E01026958,0,-1