collision_index,collision_year,collision_ref_no,vehicle_reference,vehicle_type,towing_and_articulation,vehicle_manoeuvre_historic,vehicle_manoeuvre,vehicle_direction_from,vehicle_direction_to,vehicle_location_restricted_lane_historic,vehicle_location_restricted_lane,junction_location,skidding_and_overturning,hit_object_in_carriageway,vehicle_leaving_carriageway,hit_object_off_carriageway,first_point_of_impact,vehicle_left_hand_drive,journey_purpose_of_driver_historic,journey_purpose_of_driver,sex_of_driver,age_of_driver,age_band_of_driver,engine_capacity_cc,propulsion_code,age_of_vehicle,generic_make_model,driver_imd_decile,lsoa_of_driver,escooter_flag,driver_distance_banding
2021010292752,2021,010292752,2,9,0,99,99,9,9,99,99,9,9,99,9,99,1,9,6,6,3,-1,-1,1339,1,14,HONDA JAZZ,4,E01000406,0,-1
2021461060773,2021,461060773,2,9,5,10,10,3,7,0,0,2,0,0,0,0,2,1,1,1,1,76,11,1318,1,3,HONDA JAZZ,9,E01024791,0,-1
2021351048754,2021,351048754,1,9,0,18,19,3,7,0,0,3,0,10,7,11,1,1,5,6,1,36,7,1339,1,13,HONDA JAZZ,10,E01018274,0,-1
2021161116081,2021,161116081,1,9,0,7,7,2,5,0,0,2,0,0,0,0,3,1,6,6,2,60,9,1318,1,5,HONDA JAZZ,2,E01013187,0,-1
202134WNC4601,2021,34WNC4601,2,9,0,18,19,5,1,0,0,0,0,0,0,0,2,1,6,6,1,42,7,1339,1,6,HONDA JAZZ,3,E01027175,0,-1
202131B184821,2021,31B184821,1,9,0,9,9,8,4,0,0,6,0,0,0,0,1,1,6,6,1,-1,-1,1339,1,15,HONDA JAZZ,6,E01019524,0,-1
2021361075061,2021,361075061,1,9,0,18,19,2,6,0,0,0,0,0,0,0,1,1,5,6,2,66,10,1339,1,19,HONDA JAZZ,7,E01026608,0,-1
2021471099721,2021,471099721,1,9,0,9,9,7,5,0,0,6,0,0,0,0,1,1,6,6,2,65,9,1318,1,1,HONDA JAZZ,4,E01031522,0,-1
2021010330749,2021,010330749,1,9,0,99,99,9,9,99,99,9,9,99,9,99,2,9,6,6,1,37,7,1339,1,18,HONDA JAZZ,7,E01002177,0,-1
2021010318276,2021,010318276,2,9,9,99,99,9,9,99,99,9,9,99,8,99,9,9,6,6,3,-1,-1,1318,1,5,HONDA JAZZ,-1,-1,0,-1
2021010337993,2021,010337993,1,9,0,18,19,1,5,0,0,2,1,0,0,0,3,1,6,6,1,51,8,1339,1,15,HONDA JAZZ,2,E01003377,0,-1
2021461051609,2021,461051609,1,9,0,18,19,1,5,0,0,0,0,0,0,0,1,1,6,6,2,83,11,1339,1,12,HONDA JAZZ,10,E01024852,0,-1
2021543398121,2021,543398121,1,9,0,9,9,1,7,0,0,8,0,0,0,0,3,1,6,6,1,87,11,1339,1,10,HONDA JAZZ,8,E01031918,0,-1
2021031095451,2021,031095451,2,9,0,18,19,6,2,0,0,1,1,0,0,0,1,1,5,6,2,84,11,1339,1,8,HONDA JAZZ,3,E01025087,0,-1
2021141091217,2021,141091217,3,9,0,2,2,0,0,0,0,0,0,0,0,0,3,1,6,6,3,-1,-1,1339,1,17,HONDA JAZZ,-1,-1,0,-1
2021010289232,2021,010289232,2,9,0,2,2,0,0,0,0,0,0,0,0,0,1,1,6,6,3,-1,-1,1339,1,13,HONDA JAZZ,-1,-1,0,-1
2021471111126,2021,471111126,1,9,0,4,4,1,5,0,0,1,5,11,0,0,4,1,2,2,2,53,8,1339,1,6,HONDA JAZZ,7,E01016897,0,-1
2021461114050,2021,461114050,1,9,0,-1,-1,-1,-1,-1,-1,0,-1,-1,-1,0,-1,1,6,6,2,-1,-1,1339,1,12,HONDA JAZZ,8,E01024605,0,-1
2021461082930,2021,461082930,1,9,0,1,1,6,2,0,0,1,0,0,0,0,2,1,6,6,1,30,6,1339,1,16,HONDA JAZZ,6,E01024084,0,-1
2021010351897,2021,010351897,1,9,0,18,19,5,1,0,0,0,0,4,7,2,4,1,6,6,1,21,5,1339,1,13,HONDA JAZZ,7,E01002341,0,-1
2021440161736,2021,440161736,1,9,0,14,14,3,7,0,0,0,0,0,0,0,4,1,6,6,3,-1,-1,1339,1,10,HONDA JAZZ,-1,-1,0,-1
2021010305610,2021,010305610,1,9,0,18,19,3,7,0,0,1,0,4,0,0,1,1,6,6,2,54,8,1198,1,12,HONDA JAZZ,8,E01002382,0,-1
2021010299029,2021,010299029,1,9,0,7,7,1,3,0,0,1,5,4,0,0,4,1,2,2,1,41,7,1339,1,19,HONDA JAZZ,3,E01003588,0,-1
2021061135321,2021,061135321,3,9,0,18,19,7,3,0,0,8,0,0,0,0,1,1,6,6,1,57,9,1339,1,19,HONDA JAZZ,3,E01005893,0,-1
2021461105619,2021,461105619,2,9,0,18,19,3,7,0,0,0,0,0,0,0,1,1,5,6,2,49,8,1339,1,10,HONDA JAZZ,8,E01024057,0,-1
2021430297380,2021,430297380,1,9,0,18,19,1,5,0,0,0,0,0,0,0,4,1,6,6,3,-1,-1,1339,1,17,HONDA JAZZ,-1,-1,0,-1
2021010327592,2021,010327592,2,9,9,99,99,9,9,99,99,9,9,99,9,99,9,9,6,6,2,56,9,1339,1,15,HONDA JAZZ,3,E01000138,0,-1
2021010296222,2021,010296222,1,9,0,99,99,9,9,99,99,9,9,99,9,99,2,9,6,6,1,57,9,1339,1,14,HONDA JAZZ,10,E01002158,0,-1
2021010324339,2021,010324339,2,9,0,4,4,7,3,0,0,2,0,0,0,0,1,1,6,6,1,38,7,1339,1,18,HONDA JAZZ,-1,-1,0,-1
2021061040486,2021,061040486,2,9,0,2,2,0,0,0,0,1,0,0,0,0,2,1,6,6,2,30,6,1339,1,16,HONDA JAZZ,5,E01005388,0,-1
2021101040270,2021,101040270,2,9,0,18,19,5,1,0,0,3,1,0,7,0,3,1,6,6,2,38,7,1339,1,14,HONDA JAZZ,1,E01008291,0,-1
2021320727642,2021,320727642,1,9,0,18,19,2,6,0,0,0,1,0,7,11,4,1,6,6,1,39,7,1246,1,15,HONDA JAZZ,4,E01032980,0,-1
2021201054820,2021,201054820,3,9,0,18,19,3,7,0,0,0,0,0,0,0,4,1,6,6,2,39,7,1339,1,13,HONDA JAZZ,3,E01009977,0,-1
2021061028373,2021,061028373,2,9,0,18,19,1,5,0,0,8,0,0,0,0,3,1,6,6,1,42,7,1339,1,16,HONDA JAZZ,1,E01005766,0,-1
2021351110127,2021,351110127,2,9,0,3,3,6,2,4,4,0,0,7,0,0,2,1,5,6,2,62,9,1339,1,6,HONDA JAZZ,10,E01028383,0,-1
2021501048750,2021,501048750,1,9,0,4,4,1,5,0,0,0,0,0,0,0,0,1,5,6,2,75,10,1339,1,9,HONDA JAZZ,3,E01018953,0,-1
2021010343521,2021,010343521,1,9,0,18,19,7,3,0,0,2,0,0,0,0,1,1,6,6,2,39,7,1339,1,14,HONDA JAZZ,10,E01030922,0,-1
2021430276599,2021,430276599,1,9,0,5,5,5,1,0,0,4,0,0,0,0,1,1,6,6,2,72,10,1339,1,9,HONDA JAZZ,9,E01032954,0,-1
2021461090609,2021,461090609,2,9,0,7,7,3,7,0,0,1,0,0,0,0,2,1,2,2,1,64,9,1339,1,15,HONDA JAZZ,4,E01024262,0,-1
2021552100923,2021,552100923,2,9,0,18,19,2,6,0,0,8,0,0,0,0,1,1,6,6,2,69,10,1339,1,16,HONDA JAZZ,6,E01020541,0,-1
2021531036579,2021,531036579,1,9,0,18,19,3,7,0,0,0,1,0,7,0,4,1,5,6,2,28,6,1339,1,13,HONDA JAZZ,5,E01022154,0,-1
2021010308080,2021,010308080,3,9,0,18,19,1,5,0,0,1,0,0,0,0,1,1,3,7,2,32,6,1339,1,13,HONDA JAZZ,4,E01003119,0,-1
2021320107042,2021,320107042,2,9,0,4,4,7,3,0,0,1,0,0,0,0,2,1,6,6,1,51,8,1318,1,2,HONDA JAZZ,8,E01026214,0,-1
2021010320986,2021,010320986,2,9,0,3,3,3,7,0,0,0,0,0,0,0,2,1,6,6,1,55,8,1246,1,13,HONDA JAZZ,2,E01002638,0,-1
2021471032431,2021,471032431,2,9,0,18,19,4,8,0,0,0,0,0,0,0,2,1,1,1,1,45,7,1318,1,2,HONDA JAZZ,4,E01031473,0,-1
2021421089799,2021,421089799,1,9,0,7,7,5,7,0,0,2,0,0,0,0,4,1,6,6,1,65,9,1318,1,4,HONDA JAZZ,1,E01022030,0,-1
2021501130468,2021,501130468,2,9,0,18,19,1,5,0,0,0,0,0,0,0,1,1,5,6,2,54,8,1339,1,8,HONDA JAZZ,1,E01015217,0,-1
202163D047421,2021,63D047421,1,9,0,4,4,4,8,0,0,1,0,0,7,10,1,1,6,6,2,81,11,1318,1,1,HONDA JAZZ,7,W01000494,0,-1
2021411100596,2021,411100596,2,9,0,8,8,2,4,0,0,0,0,0,0,0,2,1,5,6,2,28,6,1339,1,12,HONDA JAZZ,8,E01033026,0,-1
2021010302790,2021,010302790,2,9,0,99,99,9,9,99,99,9,9,99,9,99,9,9,6,6,3,-1,-1,1339,1,16,HONDA JAZZ,3,E01001774,0,-1
2021302101246,2021,302101246,1,9,0,18,19,4,2,0,0,4,0,0,0,0,0,1,6,6,3,-1,-1,1339,1,14,HONDA JAZZ,5,E01019456,0,-1
2021010349653,2021,010349653,1,9,0,9,9,5,3,0,0,8,0,0,3,0,1,1,6,6,1,69,10,1498,1,3,HONDA JAZZ,4,E01003436,0,-1
2021411020078,2021,411020078,4,9,0,10,10,-1,-1,0,0,0,0,0,0,0,2,1,6,6,2,-1,-1,1339,1,8,HONDA JAZZ,10,E01023949,0,-1
2021131043667,2021,131043667,1,9,0,18,19,3,3,0,0,1,0,0,0,0,1,1,5,6,2,35,6,1339,1,11,HONDA JAZZ,4,E01011892,0,-1
2021991018043,2021,991018043,2,9,0,18,19,5,1,0,0,8,0,0,0,0,1,1,6,6,1,28,6,1339,1,9,HONDA JAZZ,1,-1,0,-1
2021070744598,2021,070744598,5,9,0,4,4,7,3,0,0,1,0,0,0,0,1,1,6,6,1,62,9,1339,1,16,HONDA JAZZ,7,W01000122,0,-1
2021010290938,2021,010290938,1,9,0,99,99,9,9,99,99,0,9,99,9,99,1,9,6,6,1,27,6,1498,1,3,HONDA JAZZ,3,E01003185,0,-1
2021430507120,2021,430507120,1,9,0,18,19,5,1,0,0,8,0,0,0,0,1,1,1,1,2,42,7,1339,1,19,HONDA JAZZ,4,E01015796,0,-1
2021010294709,2021,010294709,2,9,0,4,4,3,7,0,0,8,0,0,0,0,2,1,6,6,1,41,7,1339,1,16,HONDA JAZZ,4,E01003301,0,-1
2021461110383,2021,461110383,1,9,0,18,19,6,2,0,0,0,0,0,0,0,1,1,6,6,1,28,6,1339,1,17,HONDA JAZZ,6,E01024410,0,-1
2021451071335,2021,451071335,2,9,0,18,19,7,3,0,0,0,0,0,0,0,4,1,5,6,2,35,6,1339,1,6,HONDA JAZZ,9,E01031719,0,-1
2021131052707,2021,131052707,1,9,0,18,19,1,5,0,0,0,0,0,0,0,1,1,6,6,2,44,7,1339,1,12,HONDA JAZZ,6,E01010927,0,-1
2021010302699,2021,010302699,2,9,9,99,99,9,9,99,99,9,9,99,9,99,9,9,6,6,3,23,5,1339,1,18,HONDA JAZZ,2,E01000008,0,-1
2021231094689,2021,231094689,1,9,0,7,7,5,8,0,0,6,0,0,0,0,4,1,6,6,2,43,7,1339,1,10,HONDA JAZZ,10,E01031157,0,-1
2021061135364,2021,061135364,1,9,0,9,9,1,7,0,0,6,0,0,0,0,1,1,6,6,1,49,8,1339,1,9,HONDA JAZZ,6,E01004930,0,-1
2021010298420,2021,010298420,1,9,0,99,99,9,9,99,99,9,9,99,9,99,2,9,6,6,1,68,10,1339,1,13,HONDA JAZZ,1,E01001427,0,-1
2021231031495,2021,231031495,1,9,0,17,19,5,2,0,0,0,1,0,7,4,1,1,5,6,2,56,9,1339,1,15,HONDA JAZZ,7,E01031164,0,-1
2021141054573,2021,141054573,3,9,0,2,2,0,0,0,0,1,0,0,0,0,2,1,6,6,3,-1,-1,1339,1,18,HONDA JAZZ,-1,-1,0,-1
2021522103237,2021,522103237,1,9,0,4,4,1,5,0,0,3,0,0,0,0,2,1,6,6,2,31,6,1339,1,15,HONDA JAZZ,10,E01014878,0,-1
2021010302221,2021,010302221,1,9,0,99,99,9,9,99,99,9,9,99,9,99,2,9,6,6,1,38,7,1339,1,14,HONDA JAZZ,1,E01000153,0,-1
2021010293015,2021,010293015,1,9,0,18,19,1,5,99,99,0,9,99,0,0,1,9,6,6,2,35,6,1246,1,13,HONDA JAZZ,8,E01000451,0,-1
202163B078121,2021,63B078121,1,9,0,18,19,5,1,0,0,1,0,0,1,1,1,1,6,6,2,66,10,1339,1,7,HONDA JAZZ,6,W01000487,0,-1
2021161122393,2021,161122393,1,9,0,18,19,8,4,0,0,0,0,0,0,0,1,1,5,6,1,79,11,1339,1,10,HONDA JAZZ,9,E01012998,0,-1
2021010331244,2021,010331244,3,9,0,5,5,7,3,0,0,1,0,0,0,0,2,1,6,6,2,44,7,1339,1,17,HONDA JAZZ,3,E01002548,0,-1
2021010338565,2021,010338565,2,9,0,99,99,9,9,99,99,9,9,99,9,99,1,9,6,6,3,44,7,1318,1,5,HONDA JAZZ,2,E01003299,0,-1
2021471024387,2021,471024387,1,9,0,9,9,8,4,0,0,6,0,0,0,0,4,1,5,6,2,67,10,1339,1,10,HONDA JAZZ,2,E01020977,0,-1
2021010338897,2021,010338897,1,9,0,18,19,1,5,0,0,0,1,0,0,0,2,1,6,6,1,83,11,1339,1,9,HONDA JAZZ,6,E01001598,0,-1
2021451090242,2021,451090242,1,9,0,3,3,3,7,0,0,0,0,0,0,0,2,1,3,7,2,28,6,1339,1,15,HONDA JAZZ,6,E01030717,0,-1
2021545522621,2021,545522621,1,9,0,4,4,5,1,0,0,0,0,0,1,0,4,1,6,6,2,81,11,1318,1,3,HONDA JAZZ,9,E01032061,0,-1
2021401052927,2021,401052927,1,9,0,17,19,3,7,0,0,0,2,0,7,0,3,1,6,6,1,52,8,1339,1,9,HONDA JAZZ,9,E01027067,0,-1
2021131059334,2021,131059334,2,9,0,3,3,7,3,0,0,0,0,0,0,0,2,1,5,6,1,37,7,1339,1,15,HONDA JAZZ,1,E01011560,0,-1
2021991035655,2021,991035655,2,9,0,17,19,7,4,0,0,0,0,0,0,0,3,1,6,6,2,74,10,1498,8,0,HONDA JAZZ,9,-1,0,-1
2021010333711,2021,010333711,1,9,0,99,99,9,9,99,99,9,9,99,9,0,9,9,6,6,3,-1,-1,1339,1,12,HONDA JAZZ,-1,-1,0,-1
2021552101090,2021,552101090,2,9,0,18,19,7,3,0,0,8,0,0,0,0,4,1,6,6,2,26,6,1339,1,7,HONDA JAZZ,4,E01015420,0,-1
2021010323514,2021,010323514,2,9,0,99,99,9,9,99,99,9,9,99,9,99,9,9,6,6,3,-1,-1,1318,1,6,HONDA JAZZ,7,E01003677,0,-1
2021010310847,2021,010310847,1,9,0,18,19,5,1,0,0,0,1,0,1,0,1,1,6,6,2,71,10,1198,1,9,HONDA JAZZ,6,E01001138,0,-1
2021351038403,2021,351038403,3,9,0,18,19,3,7,0,0,0,0,0,0,0,1,1,6,6,1,25,5,1246,1,16,HONDA JAZZ,9,E01026301,0,-1
2021471121078,2021,471121078,1,9,0,18,19,7,3,0,0,1,0,4,0,0,4,1,5,6,2,86,11,1318,1,5,HONDA JAZZ,9,E01031623,0,-1
2021461093717,2021,461093717,1,9,0,18,19,1,5,0,0,1,0,0,0,0,1,1,5,6,2,37,7,1339,1,11,HONDA JAZZ,7,E01024350,0,-1
2021010289235,2021,010289235,1,9,0,99,99,9,9,99,99,9,9,99,9,99,9,9,6,6,1,51,8,1318,1,4,HONDA JAZZ,6,E01001401,0,-1
2021041093095,2021,041093095,2,9,0,18,19,1,5,0,0,1,0,0,0,0,1,1,5,6,1,86,11,1339,1,12,HONDA JAZZ,9,E01024992,0,-1
2021201141995,2021,201141995,3,9,0,2,2,0,0,0,0,0,0,0,0,0,1,1,6,6,3,-1,-1,1339,1,16,HONDA JAZZ,-1,-1,0,-1
2021440375829,2021,440375829,1,9,0,18,19,3,7,0,0,8,0,0,0,0,1,1,6,6,1,54,8,1339,1,15,HONDA JAZZ,7,E01023125,0,-1
2021211127317,2021,211127317,1,9,0,5,5,7,3,0,0,0,0,0,0,0,3,1,5,6,2,65,9,1339,1,13,HONDA JAZZ,8,E01029704,0,-1
2021552100370,2021,552100370,1,9,0,9,9,6,2,0,0,6,0,0,0,0,3,1,6,6,2,89,11,1339,1,13,HONDA JAZZ,9,E01015406,0,-1
2021501109225,2021,501109225,2,9,0,3,3,2,6,0,0,0,0,0,0,0,2,1,2,2,2,59,9,1339,1,11,HONDA JAZZ,4,E01018988,0,-1
2021010321536,2021,010321536,1,9,0,18,19,7,3,0,0,2,0,0,0,0,4,1,6,6,1,39,7,1339,1,12,HONDA JAZZ,2,E01003229,0,-1
2021010313262,2021,010313262,1,9,0,18,19,7,3,0,0,8,0,0,0,0,1,1,6,6,1,38,7,1339,1,13,HONDA JAZZ,2,E01004323,0,-1
2021371094518,2021,371094518,1,9,0,1,1,2,6,0,0,0,0,0,0,0,2,1,5,6,2,68,10,1339,1,7,HONDA JAZZ,4,E01030133,0,-1
2021430007466,2021,430007466,1,9,0,18,19,8,4,0,0,0,0,0,0,0,1,1,6,6,2,85,11,1339,8,9,HONDA JAZZ,10,E01017865,0,-1
2021451051466,2021,451051466,1,9,0,18,19,3,7,9,9,0,0,10,7,4,1,1,6,6,2,94,11,1339,1,12,HONDA JAZZ,9,E01030519,0,-1
2021440281656,2021,440281656,2,9,0,18,19,4,7,0,0,8,0,0,0,0,1,1,6,6,1,36,7,1339,1,15,HONDA JAZZ,3,E01017079,0,-1
2021201113203,2021,201113203,2,9,0,18,19,6,2,0,0,4,0,0,0,0,4,1,6,6,1,41,7,1339,1,15,HONDA JAZZ,2,E01009054,0,-1
2021552200257,2021,552200257,1,9,0,18,19,6,4,0,0,6,0,0,0,0,1,1,6,6,2,72,10,1339,1,17,HONDA JAZZ,8,E01015407,0,-1
2021552100005,2021,552100005,1,9,0,9,9,8,6,0,0,8,0,0,0,0,4,1,6,6,2,29,6,1339,1,10,HONDA JAZZ,5,E01015468,0,-1
2021522200969,2021,522200969,2,9,0,17,19,3,8,0,0,0,0,0,0,0,1,1,6,6,2,72,10,1339,1,6,HONDA JAZZ,5,E01020503,0,-1
2021543418221,2021,543418221,1,9,0,18,19,2,6,0,0,0,0,0,1,4,1,1,6,6,2,62,9,1198,1,7,HONDA JAZZ,7,E01032000,0,-1
2021010287872,2021,010287872,1,9,0,18,19,1,5,0,0,1,0,0,0,0,2,1,6,6,1,26,6,1339,1,15,HONDA JAZZ,5,E01003742,0,-1
2021131056954,2021,131056954,1,9,0,18,19,7,3,0,0,2,0,0,0,0,3,1,5,6,1,97,11,1318,1,5,HONDA JAZZ,7,E01010568,0,-1
2021440139068,2021,440139068,1,9,0,18,19,3,7,0,0,0,5,0,1,4,3,1,6,6,2,73,10,1318,1,1,HONDA JAZZ,5,E01017101,0,-1
2021201138692,2021,201138692,1,9,0,4,4,6,2,0,0,1,0,0,0,0,1,1,2,2,2,24,5,1339,1,9,HONDA JAZZ,5,E01031186,0,-1
2021010299821,2021,010299821,2,9,0,18,19,3,7,0,0,0,0,0,0,0,2,1,6,6,2,44,7,1339,1,15,HONDA JAZZ,9,E01001306,0,-1
2021041093521,2021,041093521,2,9,0,18,19,5,1,0,0,1,0,0,0,0,4,1,5,6,1,68,10,1318,1,2,HONDA JAZZ,7,E01025559,0,-1
2021421024407,2021,421024407,2,9,0,18,19,5,1,0,0,0,5,10,1,11,3,1,5,6,2,37,7,1339,1,18,HONDA JAZZ,1,E01021696,0,-1
2021351037600,2021,351037600,1,9,0,17,19,3,8,0,0,0,0,10,1,4,1,1,5,6,2,22,5,1498,1,3,HONDA JAZZ,-1,-1,0,-1
2021061023932,2021,061023932,2,9,0,-1,-1,-1,-1,-1,-1,-1,-1,-1,-1,0,-1,1,6,6,1,30,6,1246,1,14,HONDA JAZZ,-1,-1,0,-1
2021302101760,2021,302101760,1,9,0,17,19,6,4,0,0,1,0,0,0,0,3,1,1,1,1,34,6,1339,1,15,HONDA JAZZ,1,E01013480,0,-1
2021041024317,2021,041024317,2,9,0,18,19,1,5,0,0,1,0,0,7,11,4,1,5,6,1,71,10,1318,1,5,HONDA JAZZ,8,E01025056,0,-1
2021010298718,2021,010298718,1,9,0,99,99,9,9,99,99,0,9,99,9,99,9,9,6,6,1,61,9,1339,1,15,HONDA JAZZ,8,E01003896,0,-1
2021010318694,2021,010318694,1,9,0,99,99,9,9,99,99,0,9,99,9,99,9,9,6,6,3,-1,-1,1318,1,3,HONDA JAZZ,-1,-1,0,-1
2021991088934,2021,991088934,1,9,0,18,19,4,8,0,0,0,0,0,1,0,1,1,5,6,2,25,5,1246,1,16,HONDA JAZZ,1,-1,0,-1
2021141078896,2021,141078896,2,9,0,18,19,7,3,0,0,8,0,0,0,0,3,1,2,2,1,62,9,1339,1,13,HONDA JAZZ,1,E01007905,0,-1
2021010349197,2021,010349197,1,9,0,9,9,1,6,0,0,3,0,0,0,0,4,1,6,6,1,92,11,1339,1,14,HONDA JAZZ,9,E01001025,0,-1
2021461090493,2021,461090493,1,9,0,9,9,1,7,0,0,0,0,0,0,0,1,1,6,6,1,81,11,1318,1,2,HONDA JAZZ,9,E01024440,0,-1
2021451078876,2021,451078876,1,9,0,9,9,7,4,0,0,5,0,0,0,0,1,1,5,6,1,66,10,1198,1,10,HONDA JAZZ,9,E01030716,0,-1
2021052101050,2021,052101050,2,9,0,4,4,3,7,0,0,1,0,0,0,0,3,1,6,6,2,44,7,1339,1,16,HONDA JAZZ,5,E01006840,0,-1
2021522201362,2021,522201362,3,9,0,18,19,8,4,0,0,0,0,0,0,0,1,1,6,6,2,24,5,1339,1,13,HONDA JAZZ,6,E01014986,0,-1
2021440268962,2021,440268962,2,9,0,18,19,1,5,0,0,1,0,0,0,0,4,1,3,7,2,30,6,1339,1,14,HONDA JAZZ,5,E01022832,0,-1
2021451042715,2021,451042715,1,9,0,18,19,5,1,0,0,0,0,0,0,0,3,1,2,2,1,54,8,1318,1,3,HONDA JAZZ,2,E01001006,0,-1
2021010344168,2021,010344168,1,9,0,18,19,1,5,9,9,1,0,0,7,11,1,1,6,6,2,84,11,1339,1,6,HONDA JAZZ,8,E01001526,0,-1
2021501085549,2021,501085549,2,9,0,18,19,8,4,0,0,1,0,0,0,0,1,1,6,6,2,30,6,1246,1,15,HONDA JAZZ,2,E01018836,0,-1
2021991028339,2021,991028339,1,9,0,9,9,5,2,0,0,1,0,0,0,0,1,1,5,6,1,81,11,1339,1,19,HONDA JAZZ,10,-1,0,-1
2021430081857,2021,430081857,1,9,0,11,11,3,7,0,0,0,1,0,1,4,4,1,6,6,1,53,8,1339,1,11,HONDA JAZZ,5,E01029336,0,-1
2021131080381,2021,131080381,1,9,0,18,19,3,4,0,0,0,0,0,0,0,4,1,6,6,1,25,5,1339,1,16,HONDA JAZZ,1,E01011922,0,-1
2021451029062,2021,451029062,1,9,0,1,1,1,5,0,0,0,0,0,0,0,2,1,5,6,1,89,11,1339,1,13,HONDA JAZZ,6,E01030371,0,-1
2021070709742,2021,070709742,2,9,0,18,19,8,4,0,0,1,0,0,0,0,4,1,2,2,2,41,7,1339,1,12,HONDA JAZZ,4,E01029541,0,-1
2021138391063,2021,138391063,2,9,0,18,19,7,3,0,0,1,0,0,0,0,1,1,6,6,1,81,11,1339,1,11,HONDA JAZZ,7,E01010939,0,-1
2021061045496,2021,061045496,1,9,0,6,6,3,7,0,0,1,0,0,0,0,2,1,6,6,1,24,5,1339,1,19,HONDA JAZZ,-1,-1,0,-1
2021221058390,2021,221058390,1,9,0,9,9,3,1,0,0,6,0,0,0,0,3,1,5,6,1,76,11,1339,1,14,HONDA JAZZ,8,E01032126,0,-1
202131B019921,2021,31B019921,1,9,0,10,10,3,7,0,0,1,0,0,0,0,2,1,6,6,2,73,10,1318,1,5,HONDA JAZZ,5,E01028036,0,-1
2021010345625,2021,010345625,1,9,0,6,6,1,1,0,0,1,0,0,0,0,1,1,3,7,2,37,7,1339,1,9,HONDA JAZZ,3,E01003567,0,-1
2021430556447,2021,430556447,2,9,0,18,19,4,8,0,0,8,0,0,0,0,1,1,6,6,2,54,8,1498,8,0,HONDA JAZZ,10,E01028755,0,-1
2021552101020,2021,552101020,2,9,0,4,4,8,4,0,0,0,0,0,0,0,2,1,6,6,2,45,7,1246,1,16,HONDA JAZZ,4,E01016855,0,-1
2021522102619,2021,522102619,1,9,0,18,19,7,3,0,0,8,0,0,0,0,3,1,6,6,2,45,7,1339,1,14,HONDA JAZZ,10,E01029128,0,-1
2021451018061,2021,451018061,1,9,0,9,9,7,3,0,0,8,0,0,0,0,1,1,5,6,1,55,8,1246,1,15,HONDA JAZZ,5,E01015529,0,-1
2021101032944,2021,101032944,1,9,0,18,19,7,3,0,0,4,0,0,0,0,1,1,6,6,2,89,11,1339,1,14,HONDA JAZZ,1,E01008524,0,-1
2021061042826,2021,061042826,2,9,-1,-1,-1,-1,-1,-1,-1,0,-1,-1,-1,0,-1,1,6,6,3,30,6,1339,1,18,HONDA JAZZ,-1,-1,0,-1
2021010330135,2021,010330135,1,9,0,5,5,3,7,0,0,2,0,0,0,0,3,1,2,2,1,41,7,1339,1,16,HONDA JAZZ,5,E01004616,0,-1
2021440131568,2021,440131568,2,9,0,17,19,7,3,0,0,0,0,0,0,0,1,1,6,6,2,56,9,1318,1,6,HONDA JAZZ,10,E01023247,0,-1
2021031089512,2021,031089512,4,9,0,3,3,1,1,0,0,0,0,0,0,0,2,1,5,6,1,36,7,1339,1,15,HONDA JAZZ,2,E01003599,0,-1
2021451088099,2021,451088099,2,9,0,18,19,7,3,0,0,8,0,10,7,9,3,1,5,6,2,83,11,1318,1,3,HONDA JAZZ,10,E01030395,0,-1
202131C038121,2021,31C038121,1,9,0,2,2,0,0,0,0,0,0,0,0,0,3,1,6,6,2,55,8,1339,1,13,HONDA JAZZ,8,E01028119,0,-1
2021122100867,2021,122100867,1,9,0,18,19,2,6,0,0,0,0,0,0,0,1,1,6,6,2,70,10,1339,1,11,HONDA JAZZ,7,E01027726,0,-1
2021010320507,2021,010320507,1,9,0,9,9,1,6,0,0,1,0,0,0,0,4,1,6,6,1,19,4,1339,1,17,HONDA JAZZ,9,E01030712,0,-1
2021010339426,2021,010339426,1,9,0,18,19,7,3,0,0,1,5,10,2,10,3,1,6,6,1,42,7,1339,1,15,HONDA JAZZ,4,E01000316,0,-1
2021061115292,2021,061115292,2,9,0,18,19,5,1,0,0,1,0,0,0,0,2,1,5,6,1,47,8,1339,1,15,HONDA JAZZ,3,E01005079,0,-1
2021052100345,2021,052100345,3,9,0,2,2,0,0,0,0,0,0,0,0,0,1,1,6,6,3,-1,-1,1339,1,16,HONDA JAZZ,-1,-1,0,-1
2021010327766,2021,010327766,2,9,0,99,99,9,9,99,99,9,9,99,9,99,9,9,6,6,2,51,8,1339,1,7,HONDA JAZZ,6,E01000160,0,-1
2021440256227,2021,440256227,1,9,0,17,19,5,2,0,0,0,0,0,0,0,1,1,2,2,2,49,8,1339,1,9,HONDA JAZZ,-1,-1,0,-1
2021041050174,2021,041050174,2,9,0,18,19,2,6,0,0,1,0,0,0,0,1,1,6,6,1,-1,-1,1339,1,18,HONDA JAZZ,1,E01012656,0,-1
2021101112011,2021,101112011,1,9,0,9,9,5,1,0,0,8,0,0,1,0,3,1,5,6,1,74,10,1339,1,11,HONDA JAZZ,8,E01009463,0,-1
2021501086033,2021,501086033,1,9,0,18,19,3,7,0,0,0,0,0,0,0,1,1,6,6,1,74,10,1339,1,12,HONDA JAZZ,5,E01018920,0,-1