collision_index,collision_year,collision_ref_no,vehicle_reference,vehicle_type,towing_and_articulation,vehicle_manoeuvre_historic,vehicle_manoeuvre,vehicle_direction_from,vehicle_direction_to,vehicle_location_restricted_lane_historic,vehicle_location_restricted_lane,junction_location,skidding_and_overturning,hit_object_in_carriageway,vehicle_leaving_carriageway,hit_object_off_carriageway,first_point_of_impact,vehicle_left_hand_drive,journey_purpose_of_driver_historic,journey_purpose_of_driver,sex_of_driver,age_of_driver,age_band_of_driver,engine_capacity_cc,propulsion_code,age_of_vehicle,generic_make_model,driver_imd_decile,lsoa_of_driver,escooter_flag,driver_distance_banding
2021131098831,2021,131098831,2,9,0,14,14,3,7,0,0,0,0,0,0,0,1,1,5,6,2,69,10,1339,1,17,HONDA JAZZ,10,E01010697,0,-1
2021010314136,2021,010314136,2,9,0,9,9,5,4,0,0,1,0,0,0,0,1,1,6,6,2,55,8,1339,1,8,HONDA JAZZ,8,E01002985,0,-1
2021451084941,2021,451084941,1,9,0,9,9,7,3,0,0,6,0,0,0,0,1,1,5,6,2,73,10,1339,1,11,HONDA JAZZ,10,E01030558,0,-1
2021010294633,2021,010294633,1,9,0,3,3,6,2,0,0,0,0,0,0,0,1,1,6,6,2,27,6,1339,1,19,HONDA JAZZ,3,E01003154,0,-1
2021061130013,2021,061130013,3,9,0,18,19,8,3,0,0,0,0,11,0,0,1,1,6,6,1,25,5,1339,1,17,HONDA JAZZ,4,E01033659,0,-1
2021131079198,2021,131079198,1,9,0,12,12,3,7,0,0,0,5,0,0,0,3,1,5,6,2,54,8,1339,1,16,HONDA JAZZ,3,E01033005,0,-1
2021501084072,2021,501084072,1,9,0,18,19,1,5,0,0,1,0,0,0,0,1,1,5,6,2,80,11,1339,1,13,HONDA JAZZ,8,E01020023,0,-1
2021401103379,2021,401103379,2,9,0,18,19,4,8,0,0,0,0,0,0,0,1,1,6,6,2,77,11,1318,1,4,HONDA JAZZ,4,E01015796,0,-1
2021421058682,2021,421058682,1,9,0,3,3,7,3,0,0,0,0,0,0,0,0,1,2,2,1,33,6,1339,1,10,HONDA JAZZ,1,E01004244,0,-1
2021501102047,2021,501102047,5,9,0,17,19,3,7,0,0,0,0,0,0,0,1,1,6,6,2,59,9,1339,1,13,HONDA JAZZ,5,E01020147,0,-1
2021411053112,2021,411053112,1,9,0,18,19,8,4,0,0,1,5,10,0,0,1,1,5,6,1,89,11,1318,1,2,HONDA JAZZ,8,E01023548,0,-1
2021010329689,2021,010329689,1,9,0,3,3,1,5,0,0,1,0,0,0,0,2,9,2,2,2,55,8,1339,1,11,HONDA JAZZ,4,E01001854,0,-1
2021010345992,2021,010345992,2,9,0,99,99,9,9,99,99,0,9,99,9,99,1,9,6,6,3,-1,-1,1339,1,14,HONDA JAZZ,4,E01003518,0,-1
2021010347520,2021,010347520,1,9,0,99,99,9,9,99,99,9,0,0,9,0,9,9,6,6,2,40,7,1339,1,16,HONDA JAZZ,9,E01022069,0,-1
2021991073335,2021,991073335,2,9,0,3,3,8,4,0,0,1,0,0,0,0,2,1,5,6,1,39,7,1339,1,17,HONDA JAZZ,1,-1,0,-1
2021421069090,2021,421069090,1,9,0,18,19,3,3,0,0,1,0,0,0,0,1,1,1,1,1,48,8,1339,1,17,HONDA JAZZ,5,E01015859,0,-1
2021061104247,2021,061104247,1,9,0,9,9,4,2,0,0,0,0,0,0,0,1,1,6,6,2,40,7,1339,1,18,HONDA JAZZ,1,E01005680,0,-1
2021010332460,2021,010332460,3,9,0,18,19,5,1,0,0,1,0,0,0,0,3,1,1,1,1,51,8,1318,1,1,HONDA JAZZ,9,E01000266,0,-1
2021131051058,2021,131051058,2,9,0,18,19,3,7,0,0,0,0,0,0,0,3,1,6,6,2,51,8,1318,1,4,HONDA JAZZ,9,E01011306,0,-1
2021471031769,2021,471031769,1,9,0,5,5,8,3,0,0,0,0,0,0,0,1,1,6,6,1,-1,-1,1339,1,9,HONDA JAZZ,-1,-1,0,-1
2021471120279,2021,471120279,1,9,0,9,9,3,1,0,0,8,0,0,0,0,1,1,1,1,2,37,7,1339,1,17,HONDA JAZZ,5,E01031807,0,-1
2021010335190,2021,010335190,1,9,0,99,99,9,9,99,99,9,9,99,9,99,2,9,6,6,2,56,9,1339,1,12,HONDA JAZZ,7,E01002121,0,-1
2021010306192,2021,010306192,1,9,0,1,1,7,3,0,0,5,0,0,0,0,0,1,6,6,1,67,10,1198,1,13,HONDA JAZZ,2,E01001719,0,-1
2021461091022,2021,461091022,1,9,0,13,13,5,1,0,0,1,0,0,0,0,1,1,5,6,2,20,4,1339,1,15,HONDA JAZZ,2,E01024741,0,-1
2021552101417,2021,552101417,1,9,0,18,19,7,3,0,0,8,0,0,0,0,1,1,1,1,1,51,8,1339,1,14,HONDA JAZZ,5,E01020500,0,-1
2021501048228,2021,501048228,1,9,0,18,19,2,6,0,0,8,0,0,0,0,3,1,6,6,1,71,10,1339,1,7,HONDA JAZZ,3,E01015162,0,-1
202131C014121,2021,31C014121,2,9,0,9,9,8,5,0,0,5,0,0,0,0,4,1,2,2,1,23,5,1339,1,18,HONDA JAZZ,1,E01013882,0,-1
202163D052621,2021,63D052621,1,9,0,18,19,2,6,0,0,0,0,0,0,0,4,1,6,6,2,60,9,1339,1,17,HONDA JAZZ,6,E01029401,0,-1
2021471085517,2021,471085517,1,9,0,18,19,5,1,0,0,0,0,4,0,0,1,1,6,6,1,87,11,1318,1,2,HONDA JAZZ,4,E01031610,0,-1
2021430382995,2021,430382995,2,9,0,4,4,3,7,0,0,1,0,0,0,0,2,1,6,6,1,41,7,1339,1,13,HONDA JAZZ,6,E01022668,0,-1
2021471032041,2021,471032041,1,9,0,18,19,7,3,0,0,1,0,0,0,0,1,1,1,1,1,50,8,1318,1,4,HONDA JAZZ,2,E01016945,0,-1
2021010300017,2021,010300017,1,9,0,18,19,3,7,0,0,1,0,0,0,0,1,1,6,6,2,69,10,1318,1,4,HONDA JAZZ,9,E01003808,0,-1
2021161051876,2021,161051876,2,9,0,2,2,0,0,0,0,0,0,0,0,0,3,1,5,6,2,63,9,1318,1,4,HONDA JAZZ,1,E01007402,0,-1
2021421126072,2021,421126072,1,9,0,18,19,2,6,0,0,2,5,4,0,0,1,1,5,6,2,87,11,1498,8,1,HONDA JAZZ,3,E01004452,0,-1
2021430368523,2021,430368523,1,9,0,9,9,2,7,0,0,6,0,0,0,0,3,1,6,6,1,67,10,1318,1,3,HONDA JAZZ,10,E01030961,0,-1
2021430428319,2021,430428319,1,9,0,13,13,7,3,0,0,0,0,0,0,0,4,1,2,2,2,21,5,1339,1,11,HONDA JAZZ,9,E01017716,0,-1
2021430070926,2021,430070926,2,9,0,9,9,5,3,0,0,6,0,0,0,0,3,1,2,2,1,50,8,1198,1,12,HONDA JAZZ,6,E01023554,0,-1
2021010302088,2021,010302088,1,9,0,99,99,9,9,99,99,9,9,99,9,99,4,9,6,6,1,58,9,1339,1,16,HONDA JAZZ,5,E01002183,0,-1
2021010333468,2021,010333468,1,9,0,4,4,1,5,9,9,0,0,0,7,2,1,1,6,6,2,64,9,1339,1,18,HONDA JAZZ,4,E01001285,0,-1
2021451030029,2021,451030029,2,9,0,18,19,5,1,0,0,0,0,0,0,0,1,1,5,6,2,36,7,1339,1,10,HONDA JAZZ,7,E01030921,0,-1
2021010351929,2021,010351929,2,9,0,99,99,9,9,99,99,9,9,99,9,99,1,9,6,6,2,35,6,1339,1,15,HONDA JAZZ,2,E01000064,0,-1
202131P136721,2021,31P136721,1,9,0,12,12,6,2,0,0,7,1,0,5,6,1,1,6,6,1,25,5,1339,1,14,HONDA JAZZ,1,E01009311,0,-1
2021471114904,2021,471114904,1,9,0,18,19,3,7,0,0,1,0,0,0,0,3,1,5,6,2,46,8,1339,1,16,HONDA JAZZ,6,E01020999,0,-1
2021371147153,2021,371147153,3,9,0,3,3,7,3,0,0,1,0,0,0,0,2,1,5,6,2,47,8,1318,1,3,HONDA JAZZ,9,E01022013,0,-1
2021440385975,2021,440385975,1,9,0,18,19,6,2,0,0,0,0,0,0,0,1,1,6,6,1,92,11,1339,1,8,HONDA JAZZ,10,E01023173,0,-1
2021421071116,2021,421071116,1,9,0,9,9,1,5,0,0,0,0,0,0,0,4,1,6,6,2,77,11,1339,1,6,HONDA JAZZ,9,E01021789,0,-1
2021061127200,2021,061127200,1,9,0,18,19,2,6,0,0,0,0,0,0,0,4,1,6,6,3,30,6,1339,1,9,HONDA JAZZ,-1,-1,0,-1
2021471076844,2021,471076844,1,9,0,18,19,4,8,0,0,0,0,0,0,0,4,1,5,6,2,47,8,1246,1,14,HONDA JAZZ,4,E01020918,0,-1
2021351121328,2021,351121328,1,9,0,9,9,1,3,0,0,8,0,0,0,0,3,1,5,6,1,77,11,1339,1,14,HONDA JAZZ,9,E01018124,0,-1
2021320362545,2021,320362545,1,9,0,9,9,8,6,0,0,6,0,0,0,0,1,1,6,6,2,75,10,1339,1,12,HONDA JAZZ,4,E01026016,0,-1
2021122101198,2021,122101198,1,9,0,18,19,1,5,0,0,8,0,0,0,0,1,1,6,6,2,77,11,1339,1,11,HONDA JAZZ,10,E01027639,0,-1
2021201058874,2021,201058874,1,9,0,18,19,2,6,0,0,4,0,0,0,0,1,1,6,6,1,70,10,1339,1,13,HONDA JAZZ,2,E01010057,0,-1
2021320088898,2021,320088898,1,9,0,18,19,3,7,0,0,0,1,4,1,10,1,1,6,6,1,71,10,1318,1,3,HONDA JAZZ,-1,-1,0,-1
2021501058705,2021,501058705,1,9,0,12,12,4,8,0,0,8,0,0,0,0,3,1,6,6,2,27,6,1339,1,14,HONDA JAZZ,7,E01019942,0,-1
2021451112897,2021,451112897,1,9,0,18,19,6,2,0,0,1,0,0,0,0,1,1,2,2,2,37,7,1339,1,11,HONDA JAZZ,10,E01030590,0,-1
2021201112563,2021,201112563,1,9,0,18,19,6,2,0,0,0,0,0,0,0,1,1,6,6,3,-1,-1,1339,1,19,HONDA JAZZ,-1,-1,0,-1
2021010339953,2021,010339953,3,9,0,17,19,1,5,0,0,0,0,0,0,0,0,1,6,6,1,48,8,1339,1,16,HONDA JAZZ,2,E01002368,0,-1
2021010310123,2021,010310123,1,9,0,1,1,3,7,0,0,1,0,0,0,0,2,1,1,1,1,31,6,1339,1,16,HONDA JAZZ,3,E01003785,0,-1
2021010315037,2021,010315037,2,9,0,99,99,9,9,99,99,9,9,99,9,99,1,9,6,6,3,28,6,1339,1,17,HONDA JAZZ,4,E01023870,0,-1
2021061128892,2021,061128892,1,9,0,15,15,8,4,0,0,1,1,0,1,0,4,1,6,6,1,25,5,1339,1,18,HONDA JAZZ,2,E01005238,0,-1
2021010301586,2021,010301586,2,9,0,99,99,9,9,99,99,0,9,99,9,99,1,9,6,6,3,-1,-1,1339,1,16,HONDA JAZZ,6,E01000486,0,-1
2021010315077,2021,010315077,3,9,0,5,5,5,1,0,0,4,0,0,0,0,2,1,2,2,2,35,6,1339,1,15,HONDA JAZZ,3,E01001446,0,-1
2021401050379,2021,401050379,1,9,0,18,19,5,1,0,0,0,0,0,0,0,1,1,6,6,1,60,9,1339,1,10,HONDA JAZZ,10,E01025780,0,-1
2021201110073,2021,201110073,1,9,0,5,5,3,7,0,0,2,0,0,0,0,1,1,6,6,2,54,8,1339,1,13,HONDA JAZZ,2,E01010048,0,-1
2021471125429,2021,471125429,2,9,0,3,3,6,2,0,0,2,0,0,0,0,2,1,5,6,1,52,8,1339,1,13,HONDA JAZZ,1,E01000508,0,-1
2021122200384,2021,122200384,1,9,0,18,19,8,4,0,0,4,0,0,0,0,4,1,6,6,1,75,10,1339,1,9,HONDA JAZZ,10,E01013355,0,-1
2021411130920,2021,411130920,1,9,0,18,19,3,7,0,0,0,0,0,0,0,1,1,6,6,3,-1,-1,1339,1,9,HONDA JAZZ,-1,-1,0,-1
2021061028098,2021,061028098,1,9,0,3,3,5,1,0,0,8,0,0,0,0,2,1,6,6,1,44,7,1246,1,14,HONDA JAZZ,5,E01004831,0,-1
2021010321065,2021,010321065,2,9,0,99,99,9,9,99,99,2,9,99,9,99,1,9,6,6,3,-1,-1,1318,1,5,HONDA JAZZ,-1,-1,0,-1
2021411092227,2021,411092227,1,9,-1,-1,-1,-1,-1,-1,-1,0,-1,-1,-1,0,-1,1,6,6,2,54,8,1339,1,12,HONDA JAZZ,8,E01023704,0,-1
2021522103749,2021,522103749,1,9,0,3,3,1,5,0,0,0,0,0,0,0,2,1,6,6,1,69,10,1198,1,11,HONDA JAZZ,8,E01014824,0,-1
2021010306570,2021,010306570,3,9,0,2,2,0,0,0,0,0,0,11,0,0,2,1,6,6,3,-1,-1,1498,1,2,HONDA JAZZ,-1,-1,0,-1
2021201108176,2021,201108176,1,9,0,9,9,2,8,0,0,6,0,0,0,0,4,1,1,1,1,53,8,1339,1,15,HONDA JAZZ,1,E01009769,0,-1
2021010325506,2021,010325506,1,9,0,5,5,7,3,0,0,6,0,0,0,0,1,1,6,6,1,41,7,1339,1,12,HONDA JAZZ,-1,-1,0,-1
2021547007421,2021,547007421,1,9,0,5,5,7,8,0,0,6,0,0,0,0,1,1,6,6,2,78,11,1318,1,5,HONDA JAZZ,9,E01032106,0,-1
2021451104123,2021,451104123,1,9,0,16,19,5,2,0,0,0,1,0,0,0,3,1,5,6,2,47,8,1246,1,14,HONDA JAZZ,7,E01024405,0,-1
2021440132819,2021,440132819,1,9,0,18,19,1,5,0,0,4,0,0,0,0,1,1,6,6,1,32,6,1339,1,13,HONDA JAZZ,1,E01017281,0,-1
2021201029850,2021,201029850,1,9,0,4,4,8,4,0,0,0,0,0,0,0,1,1,1,1,2,44,7,1339,1,11,HONDA JAZZ,1,E01009333,0,-1
2021501099552,2021,501099552,1,9,0,5,5,1,5,0,0,8,1,0,1,0,1,1,6,6,2,81,11,1318,1,5,HONDA JAZZ,2,E01018774,0,-1
2021545091621,2021,545091621,1,9,0,9,9,2,8,0,0,8,0,0,0,0,1,1,6,6,2,40,7,1339,1,11,HONDA JAZZ,2,E01031983,0,-1
2021421065029,2021,421065029,1,9,0,5,5,2,7,0,0,0,0,0,1,11,1,1,5,6,2,87,11,1339,1,15,HONDA JAZZ,9,E01021825,0,-1
2021170S12071,2021,170S12071,1,9,0,17,19,8,5,0,0,0,1,0,1,4,1,1,6,6,1,36,7,1318,1,4,HONDA JAZZ,1,E01032543,0,-1
2021070544640,2021,070544640,1,9,0,18,19,5,1,0,0,2,0,0,0,0,1,1,6,6,2,87,11,1339,1,7,HONDA JAZZ,9,E01018599,0,-1
202154B891921,2021,54B891921,3,9,0,18,19,7,3,0,0,0,1,0,0,0,1,1,6,6,2,64,9,1339,1,11,HONDA JAZZ,10,E01016335,0,-1
2021131093013,2021,131093013,3,9,0,2,2,5,1,0,0,0,0,0,0,0,3,1,6,6,3,-1,-1,1339,1,12,HONDA JAZZ,-1,-1,0,-1
2021421107923,2021,421107923,1,9,0,16,19,8,2,0,0,0,0,0,0,0,1,1,5,6,2,61,9,1339,1,12,HONDA JAZZ,9,E01021458,0,-1
2021461080618,2021,461080618,1,9,0,18,19,1,6,0,0,0,0,0,0,0,1,1,5,6,2,21,5,1339,1,15,HONDA JAZZ,3,E01003244,0,-1
2021471059247,2021,471059247,1,9,0,7,7,3,5,0,0,8,0,0,0,0,3,1,6,6,1,78,11,1318,1,5,HONDA JAZZ,6,E01031538,0,-1
2021411051869,2021,411051869,1,9,0,1,1,6,2,0,0,0,0,0,0,0,2,1,5,6,2,22,5,1339,1,14,HONDA JAZZ,4,E01023828,0,-1
2021401118749,2021,401118749,1,9,0,9,9,8,6,0,0,1,0,0,0,0,1,1,6,6,2,79,11,1318,1,1,HONDA JAZZ,8,E01027207,0,-1
2021010325557,2021,010325557,2,9,0,99,99,9,9,99,99,9,9,99,9,99,1,9,6,6,2,63,9,1318,1,5,HONDA JAZZ,5,E01000158,0,-1
2021070824344,2021,070824344,1,9,0,9,9,3,1,0,0,1,0,0,0,0,1,1,6,6,1,51,8,1339,1,15,HONDA JAZZ,3,E01018534,0,-1
202154A493121,2021,54A493121,1,9,0,18,19,3,7,0,0,2,0,0,0,0,1,1,6,6,2,73,10,1318,1,3,HONDA JAZZ,9,E01031955,0,-1
2021430115305,2021,430115305,1,9,0,17,19,6,2,0,0,0,0,10,7,11,1,1,6,6,1,60,9,1339,1,9,HONDA JAZZ,7,E01017643,0,-1
2021221113645,2021,221113645,1,9,0,18,19,1,5,0,0,0,0,0,0,0,1,1,5,6,2,88,11,1339,1,10,HONDA JAZZ,5,E01028990,0,-1
2021411044346,2021,411044346,3,9,0,3,3,4,8,0,0,0,0,0,0,0,3,1,2,2,1,49,8,1339,1,7,HONDA JAZZ,8,E01000200,0,-1
2021041196323,2021,041196323,2,9,0,2,2,0,0,9,9,1,0,0,0,0,1,1,6,6,3,-1,-1,1246,1,13,HONDA JAZZ,-1,-1,0,-1
2021201130601,2021,201130601,1,9,0,5,5,6,2,0,0,8,0,0,0,0,4,1,6,6,2,35,6,1339,1,12,HONDA JAZZ,1,E01009488,0,-1
2021461028462,2021,461028462,1,9,0,10,10,0,0,0,0,0,0,0,0,0,3,1,5,6,2,40,7,1318,1,4,HONDA JAZZ,7,E01024430,0,-1
2021061135122,2021,061135122,1,9,0,9,9,7,5,0,0,8,0,0,0,0,1,1,6,6,2,67,10,1318,1,3,HONDA JAZZ,2,E01005200,0,-1
2021070843251,2021,070843251,3,9,0,18,19,5,1,0,0,1,0,0,0,0,1,1,6,6,1,33,6,1318,1,2,HONDA JAZZ,9,E01002110,0,-1
2021201087009,2021,201087009,2,9,0,8,8,8,3,0,0,1,0,0,0,0,2,1,6,6,2,23,5,1339,1,14,HONDA JAZZ,2,E01010476,0,-1
2021221050911,2021,221050911,2,9,0,4,4,8,4,0,0,8,0,0,0,0,1,1,5,6,2,70,10,1246,1,14,HONDA JAZZ,7,E01028987,0,-1
2021010347721,2021,010347721,1,9,0,7,7,5,7,0,0,6,0,0,3,11,1,1,1,1,2,66,10,1318,1,2,HONDA JAZZ,5,E01000285,0,-1
2021010330810,2021,010330810,2,9,0,5,5,3,7,0,0,6,0,0,0,0,4,1,6,6,2,40,7,1339,1,14,HONDA JAZZ,5,E01003706,0,-1
2021131086754,2021,131086754,1,9,0,18,19,8,4,0,0,8,0,0,3,1,4,1,5,6,1,39,7,1339,1,14,HONDA JAZZ,1,E01010607,0,-1
2021010310219,2021,010310219,2,9,0,2,2,0,0,0,0,2,0,0,0,0,4,1,6,6,3,-1,-1,1339,1,15,HONDA JAZZ,-1,-1,0,-1
2021411044524,2021,411044524,1,9,0,18,19,6,2,0,0,2,5,0,1,11,4,1,1,1,1,29,6,1339,1,12,HONDA JAZZ,3,E01004350,0,-1
2021501061800,2021,501061800,2,9,0,18,19,1,5,0,0,8,0,0,0,0,2,1,5,6,2,57,9,1198,1,7,HONDA JAZZ,6,E01018808,0,-1
2021440072954,2021,440072954,1,9,0,12,12,2,6,0,0,0,0,0,0,0,2,1,6,6,2,29,6,1339,1,15,HONDA JAZZ,8,E01023141,0,-1
2021421090297,2021,421090297,3,9,0,13,13,7,3,0,0,1,0,4,1,0,1,1,5,6,2,31,6,1339,1,14,HONDA JAZZ,7,E01021679,0,-1
2021622100296,2021,622100296,1,9,0,9,9,1,6,0,0,8,0,0,0,0,4,1,6,6,1,23,5,1498,1,2,HONDA JAZZ,1,W01000975,0,-1
2021070222370,2021,070222370,1,9,0,18,19,3,7,0,0,0,0,0,0,0,1,1,6,6,2,73,10,1498,1,2,HONDA JAZZ,2,E01018564,0,-1
2021010304396,2021,010304396,1,9,0,7,7,1,4,0,0,1,0,0,0,0,4,2,1,1,1,49,8,1339,8,10,HONDA JAZZ,8,E01002915,0,-1
2021010314916,2021,010314916,2,9,0,9,9,4,2,0,0,1,0,0,0,0,3,1,6,6,1,27,6,1246,1,16,HONDA JAZZ,2,E01003483,0,-1
2021430376702,2021,430376702,2,8,0,18,19,7,3,0,0,4,0,0,0,0,0,1,6,6,2,54,8,1318,1,4,HONDA JAZZ,9,E01028799,0,-1
2021501072117,2021,501072117,1,9,0,5,5,3,1,0,0,8,0,0,0,0,1,1,2,2,2,52,8,1339,1,11,HONDA JAZZ,6,E01020223,0,-1
2021302101393,2021,302101393,2,9,0,3,3,2,6,0,0,0,0,0,0,0,2,1,6,6,2,30,6,1339,1,18,HONDA JAZZ,1,E01013487,0,-1
2021451098458,2021,451098458,1,9,0,6,6,5,1,9,9,0,0,0,0,0,1,1,5,6,1,89,11,1318,1,4,HONDA JAZZ,10,E01030589,0,-1
2021201143664,2021,201143664,1,9,0,5,5,8,6,0,0,5,0,0,0,0,1,1,6,6,2,30,6,1339,1,14,HONDA JAZZ,1,E01009123,0,-1
2021010341833,2021,010341833,1,9,0,18,19,7,3,0,0,1,0,0,0,0,1,1,2,2,2,31,6,1339,2,15,HONDA JAZZ,4,E01004234,0,-1
2021010352059,2021,010352059,3,9,0,3,3,4,8,0,0,1,0,0,0,0,2,1,6,6,2,54,8,1498,1,3,HONDA JAZZ,7,E01001610,0,-1
2021302102123,2021,302102123,1,9,0,9,9,5,3,0,0,5,0,0,0,0,1,1,6,6,3,-1,-1,1339,1,9,HONDA JAZZ,5,E01019456,0,-1
2021501120786,2021,501120786,3,9,0,2,2,0,0,0,0,0,0,0,0,0,1,1,5,6,2,51,8,1339,1,10,HONDA JAZZ,6,E01020121,0,-1
2021471072003,2021,471072003,1,9,0,18,19,1,5,0,0,2,0,0,0,0,1,1,2,2,2,53,8,1339,1,13,HONDA JAZZ,4,E01031652,0,-1
2021010342977,2021,010342977,1,9,0,3,3,1,5,0,0,1,0,0,3,0,3,1,6,6,1,71,10,1498,8,1,HONDA JAZZ,8,E01002201,0,-1
2021010328169,2021,010328169,2,9,0,99,99,9,9,99,99,9,9,99,9,99,9,9,6,6,3,-1,-1,1339,1,9,HONDA JAZZ,10,E01004157,0,-1
2021010343443,2021,010343443,2,9,0,5,5,5,1,0,0,1,0,0,0,0,1,1,6,6,2,76,11,1339,1,10,HONDA JAZZ,10,E01002253,0,-1
2021131046636,2021,131046636,2,9,0,2,2,0,0,9,9,0,0,0,0,0,1,1,6,6,3,-1,-1,1339,1,17,HONDA JAZZ,-1,-1,0,-1
2021501086923,2021,501086923,1,9,0,15,15,1,5,0,0,1,0,7,5,0,1,1,6,6,1,75,10,1339,1,14,HONDA JAZZ,8,E01015098,0,-1
2021421024398,2021,421024398,1,9,0,18,19,3,7,0,0,2,0,0,0,0,1,1,5,6,2,30,6,1339,1,16,HONDA JAZZ,2,E01016009,0,-1
2021320553418,2021,320553418,2,9,0,18,19,8,4,0,0,8,0,0,0,0,4,1,6,6,1,80,11,1339,1,6,HONDA JAZZ,8,E01026321,0,-1
2021991117514,2021,991117514,1,9,0,18,19,6,2,0,0,0,0,4,0,0,1,1,6,6,2,92,11,1339,1,12,HONDA JAZZ,10,-1,0,-1
2021501107145,2021,501107145,1,9,0,18,19,1,5,0,0,0,0,0,0,0,1,1,4,7,2,17,4,1198,1,12,HONDA JAZZ,7,E01020043,0,-1
2021991087322,2021,991087322,3,9,0,2,2,0,0,0,0,0,0,0,0,0,3,1,6,6,3,-1,-1,1318,1,2,HONDA JAZZ,-1,-1,0,-1
2021471124422,2021,471124422,1,9,0,16,19,5,8,0,0,0,0,0,0,0,3,1,6,6,1,34,6,1339,1,13,HONDA JAZZ,7,E01031387,0,-1
2021010326019,2021,010326019,2,9,0,4,4,6,2,0,0,2,0,0,0,0,2,1,6,6,1,50,8,1339,1,18,HONDA JAZZ,2,E01001485,0,-1
2021461060832,2021,461060832,2,9,0,3,3,7,3,0,0,0,0,0,0,0,3,1,6,6,2,85,11,1339,1,18,HONDA JAZZ,9,E01023993,0,-1
2021430224806,2021,430224806,1,9,0,18,19,4,8,0,0,0,0,0,0,0,3,1,2,2,3,29,6,1339,1,16,HONDA JAZZ,6,E01003646,0,-1
2021440511287,2021,440511287,2,9,0,18,19,1,5,0,0,8,0,0,0,0,1,1,6,6,1,62,9,1339,1,19,HONDA JAZZ,5,E01017136,0,-1
2021471021286,2021,471021286,2,9,0,4,4,7,3,0,0,2,0,0,0,0,2,1,5,6,1,53,8,1339,1,14,HONDA JAZZ,3,E01016869,0,-1
2021461081187,2021,461081187,1,9,0,18,19,5,1,0,0,1,0,0,3,11,1,1,6,6,1,81,11,1318,1,4,HONDA JAZZ,10,E01016291,0,-1
2021122100691,2021,122100691,1,9,0,18,19,1,5,0,0,0,0,0,0,0,2,1,6,6,2,27,6,1339,1,13,HONDA JAZZ,9,E01013365,0,-1
2021461027730,2021,461027730,2,9,0,18,19,4,8,0,0,1,0,0,0,0,1,1,6,6,2,60,9,1318,1,5,HONDA JAZZ,6,E01024410,0,-1
2021221050758,2021,221050758,3,9,0,13,13,8,4,0,0,0,0,0,0,0,0,1,5,6,1,56,9,1339,1,16,HONDA JAZZ,4,E01032479,0,-1
2021010295779,2021,010295779,2,9,0,99,99,9,9,99,99,9,9,99,9,99,2,9,6,6,3,-1,-1,1339,1,11,HONDA JAZZ,3,E01001844,0,-1
2021061126599,2021,061126599,2,9,0,18,19,3,7,0,0,1,0,0,0,0,3,1,6,6,2,49,8,1198,1,12,HONDA JAZZ,9,E01006117,0,-1
2021010331280,2021,010331280,1,9,0,99,99,9,9,99,99,9,9,99,9,99,2,9,6,6,2,48,8,1339,1,16,HONDA JAZZ,8,E01033724,0,-1
2021471021432,2021,471021432,2,9,0,2,2,2,6,0,0,0,0,0,0,0,2,2,5,6,1,82,11,1318,1,2,HONDA JAZZ,7,E01031527,0,-1
2021052100715,2021,052100715,2,9,0,9,9,1,7,0,0,8,0,0,0,0,4,1,6,6,1,73,10,1339,1,9,HONDA JAZZ,7,E01006589,0,-1
2021440466680,2021,440466680,2,9,0,18,19,5,1,0,0,3,0,0,0,0,4,1,6,6,2,68,10,1339,1,13,HONDA JAZZ,8,E01022952,0,-1
2021010301687,2021,010301687,2,9,0,18,19,5,1,0,0,0,0,0,0,0,1,1,2,2,1,31,6,1339,1,13,HONDA JAZZ,10,E01023567,0,-1
2021010328163,2021,010328163,1,9,0,2,2,0,0,0,0,2,0,0,0,0,0,1,6,6,3,-1,-1,1198,1,11,HONDA JAZZ,-1,-1,0,-1
2021010302026,2021,010302026,1,9,0,18,19,5,1,0,0,8,0,0,0,0,1,1,6,6,1,72,10,1339,1,7,HONDA JAZZ,5,E01003948,0,-1
2021201127193,2021,201127193,1,9,0,18,19,8,4,0,0,0,0,0,0,0,1,1,6,6,1,21,5,1339,1,12,HONDA JAZZ,1,E01009478,0,-1
2021451024013,2021,451024013,1,9,0,18,19,5,1,0,0,0,0,4,0,0,4,1,6,6,2,80,11,1198,1,9,HONDA JAZZ,5,E01030984,0,-1
2021471063437,2021,471063437,1,9,0,14,14,4,8,0,0,0,0,0,0,0,3,1,5,6,2,94,11,1339,1,19,HONDA JAZZ,10,E01031775,0,-1
2021010324279,2021,010324279,1,9,0,99,99,9,9,99,99,9,9,99,9,99,2,9,6,6,1,31,6,1339,1,17,HONDA JAZZ,3,E01004262,0,-1
2021440186532,2021,440186532,1,9,0,18,19,6,2,0,0,1,0,0,0,0,1,1,2,2,1,29,6,1246,1,15,HONDA JAZZ,7,E01020465,0,-1
2021522103757,2021,522103757,1,9,0,18,19,7,3,0,0,0,0,0,0,0,1,1,6,6,1,69,10,1318,1,4,HONDA JAZZ,6,E01014813,0,-1
2021010300021,2021,010300021,1,9,0,5,5,3,7,0,0,1,0,0,0,0,4,1,6,6,2,-1,-1,1318,1,4,HONDA JAZZ,-1,-1,0,-1
2021010292915,2021,010292915,2,9,0,18,19,8,4,0,0,0,0,0,0,0,2,1,6,6,1,28,6,1339,1,9,HONDA JAZZ,3,E01001369,0,-1