collision_index,collision_year,collision_ref_no,vehicle_reference,vehicle_type,towing_and_articulation,vehicle_manoeuvre_historic,vehicle_manoeuvre,vehicle_direction_from,vehicle_direction_to,vehicle_location_restricted_lane_historic,vehicle_location_restricted_lane,junction_location,skidding_and_overturning,hit_object_in_carriageway,vehicle_leaving_carriageway,hit_object_off_carriageway,first_point_of_impact,vehicle_left_hand_drive,journey_purpose_of_driver_historic,journey_purpose_of_driver,sex_of_driver,age_of_driver,age_band_of_driver,engine_capacity_cc,propulsion_code,age_of_vehicle,generic_make_model,driver_imd_decile,lsoa_of_driver,escooter_flag,driver_distance_banding
2021010338143,2021,010338143,1,9,0,5,5,6,2,0,0,8,0,0,0,0,1,1,3,7,1,67,10,1498,8,0,HONDA JAZZ,2,E01002786,0,-1
2021161094546,2021,161094546,1,9,0,18,19,3,7,0,0,0,0,0,0,0,1,1,2,2,2,47,8,1339,1,13,HONDA JAZZ,6,E01012959,0,-1
2021010352512,2021,010352512,2,9,0,18,19,7,3,0,0,8,1,0,0,0,1,1,6,6,2,73,10,1339,1,8,HONDA JAZZ,9,E01001098,0,-1
2021991030280,2021,991030280,2,9,0,18,19,1,5,0,0,0,0,0,0,0,1,1,5,6,1,86,11,1318,1,2,HONDA JAZZ,6,-1,0,-1
2021421109518,2021,421109518,1,9,0,16,19,7,2,0,0,0,0,0,7,4,1,1,5,6,1,22,5,1339,1,18,HONDA JAZZ,7,E01015955,0,-1
2021031046546,2021,031046546,1,9,0,9,9,7,5,0,0,5,0,0,0,0,3,1,5,6,1,63,9,1318,1,5,HONDA JAZZ,3,E01019198,0,-1
2021461042160,2021,461042160,2,9,0,4,4,2,6,0,0,0,0,0,0,0,2,1,5,6,1,87,11,1339,1,15,HONDA JAZZ,3,E01016152,0,-1
2021451033123,2021,451033123,1,9,0,5,5,5,1,0,0,4,0,0,0,0,3,1,5,6,1,76,11,1339,1,8,HONDA JAZZ,10,E01030514,0,-1
2021451098121,2021,451098121,1,9,0,1,1,2,6,9,9,5,0,0,0,0,2,1,6,6,2,35,6,1339,1,17,HONDA JAZZ,7,E01030621,0,-1
2021440080875,2021,440080875,2,9,0,18,19,1,3,0,0,8,0,0,0,0,1,1,6,6,2,26,6,1198,1,8,HONDA JAZZ,9,E01022674,0,-1
2021010303560,2021,010303560,1,9,0,16,19,3,7,0,0,3,0,0,0,0,2,1,2,2,1,30,6,1339,1,14,HONDA JAZZ,-1,-1,0,-1
2021061053457,2021,061053457,1,9,0,18,19,7,3,0,0,0,0,0,0,0,2,1,6,6,2,39,7,1339,1,16,HONDA JAZZ,3,E01006340,0,-1
2021010325277,2021,010325277,2,9,0,8,8,5,8,99,99,9,9,99,0,0,1,9,6,6,3,45,7,1339,1,15,HONDA JAZZ,2,E01000783,0,-1
2021010342492,2021,010342492,1,9,0,99,99,9,9,99,99,9,9,99,9,99,2,9,2,2,1,51,8,1339,1,12,HONDA JAZZ,7,E01003709,0,-1
2021610061021,2021,610061021,2,9,0,18,19,7,3,0,0,0,0,0,0,0,3,1,6,6,1,49,8,1246,1,14,HONDA JAZZ,6,W01001472,0,-1
2021440043599,2021,440043599,1,9,0,18,19,2,6,0,0,0,0,0,1,7,1,1,6,6,1,49,8,1339,1,17,HONDA JAZZ,6,E01015358,0,-1
2021421035642,2021,421035642,2,9,0,4,4,6,2,0,0,2,0,0,0,0,2,1,5,6,1,48,8,1339,1,15,HONDA JAZZ,5,E01003701,0,-1
202163D100021,2021,63D100021,1,9,0,18,19,1,5,9,9,8,0,0,3,0,1,1,6,6,2,75,10,1339,1,12,HONDA JAZZ,6,W01000456,0,-1
2021461015887,2021,461015887,1,9,0,18,19,5,2,0,0,0,0,0,0,0,3,1,5,6,1,82,11,1318,1,3,HONDA JAZZ,5,E01024673,0,-1
2021010338905,2021,010338905,2,9,0,4,4,7,3,0,0,0,0,0,0,0,2,1,2,2,1,35,6,1339,1,16,HONDA JAZZ,4,E01002180,0,-1
2021401118749,2021,401118749,3,9,0,18,19,8,4,0,0,1,0,0,0,0,1,1,6,6,1,52,8,1339,1,13,HONDA JAZZ,9,E01017533,0,-1
2021010310165,2021,010310165,2,9,0,9,9,7,5,0,0,6,0,0,0,0,3,1,6,6,1,82,11,1339,1,14,HONDA JAZZ,8,E01000120,0,-1
2021320518083,2021,320518083,1,9,0,5,5,7,3,0,0,0,0,0,0,0,1,1,6,6,1,86,11,1339,1,8,HONDA JAZZ,6,E01026331,0,-1
2021010352508,2021,010352508,2,9,0,18,19,3,7,0,0,8,0,0,0,0,0,1,6,6,1,45,7,1339,1,15,HONDA JAZZ,2,E01003947,0,-1
2021041082410,2021,041082410,1,9,0,5,5,1,5,0,0,0,0,4,0,0,1,1,1,1,2,72,10,1498,8,0,HONDA JAZZ,6,E01025261,0,-1
2021031098064,2021,031098064,1,9,0,18,19,7,6,0,0,0,1,0,0,0,1,1,6,6,2,57,9,1339,1,16,HONDA JAZZ,1,E01019263,0,-1
2021010343136,2021,010343136,2,9,0,6,6,3,3,0,0,0,0,0,0,0,1,1,6,6,1,40,7,1498,8,0,HONDA JAZZ,-1,-1,0,-1
2021501115633,2021,501115633,2,9,0,5,5,6,6,0,0,8,0,0,0,0,3,1,6,6,1,73,10,1498,8,1,HONDA JAZZ,9,E01015141,0,-1
2021430474628,2021,430474628,1,9,0,18,19,4,8,0,0,0,0,0,0,0,3,1,6,6,1,29,6,1339,1,12,HONDA JAZZ,5,E01016461,0,-1
2021010326230,2021,010326230,1,9,0,18,19,5,1,4,4,6,0,0,0,0,4,1,2,2,2,58,9,1339,1,10,HONDA JAZZ,2,E01003190,0,-1
2021552101310,2021,552101310,1,9,0,18,19,7,3,0,0,0,0,0,0,0,1,1,6,6,2,49,8,1339,1,14,HONDA JAZZ,5,E01015301,0,-1
2021010294119,2021,010294119,2,9,0,18,19,7,3,0,0,0,0,0,0,0,1,2,1,1,1,48,8,1339,1,17,HONDA JAZZ,1,E01001330,0,-1
2021201149225,2021,201149225,2,9,0,18,19,4,8,0,0,3,0,7,4,10,1,1,6,6,2,36,7,1339,1,12,HONDA JAZZ,1,E01009477,0,-1
2021061081178,2021,061081178,2,9,0,18,19,1,1,0,0,1,0,0,0,0,1,1,6,6,1,77,11,1246,1,13,HONDA JAZZ,-1,-1,0,-1
2021010319998,2021,010319998,1,9,0,18,19,1,5,0,0,0,0,0,1,11,1,1,6,6,1,58,9,1246,1,15,HONDA JAZZ,6,E01003755,0,-1
2021351021139,2021,351021139,2,9,0,8,8,4,8,0,0,4,0,0,1,0,3,1,2,2,1,38,7,1339,1,12,HONDA JAZZ,1,E01015663,0,-1
2021991064366,2021,991064366,1,9,0,8,8,7,3,0,0,4,0,0,0,0,2,1,6,6,2,27,6,1339,1,10,HONDA JAZZ,9,-1,0,-1
2021461061007,2021,461061007,1,9,0,5,5,4,7,0,0,6,0,0,0,0,3,1,6,6,1,52,8,1339,1,14,HONDA JAZZ,4,E01024290,0,-1
2021201137168,2021,201137168,1,9,0,18,19,1,5,0,0,8,0,0,0,0,4,1,1,1,2,35,6,1339,1,19,HONDA JAZZ,1,E01009033,0,-1
2021010322681,2021,010322681,2,9,0,99,99,9,9,99,99,9,9,99,9,99,9,9,6,6,2,82,11,1339,1,13,HONDA JAZZ,6,E01000238,0,-1
2021421097256,2021,421097256,3,9,0,18,19,3,7,0,0,0,0,0,0,0,2,1,5,6,2,42,7,1339,1,14,HONDA JAZZ,5,E01021393,0,-1
2021401049198,2021,401049198,3,9,0,18,19,1,5,0,0,0,0,0,0,0,1,1,5,6,1,44,7,1339,1,12,HONDA JAZZ,6,E01017385,0,-1
2021201078705,2021,201078705,1,9,0,3,3,4,8,0,0,2,0,0,0,0,2,1,6,6,1,48,8,1246,1,13,HONDA JAZZ,1,E01010084,0,-1
2021440319425,2021,440319425,1,9,0,18,19,8,4,0,0,8,0,0,0,0,4,1,6,6,2,85,11,1339,1,7,HONDA JAZZ,10,E01022705,0,-1
2021201118817,2021,201118817,3,9,0,2,2,0,0,0,0,0,0,0,0,0,1,1,6,6,3,-1,-1,1339,1,8,HONDA JAZZ,-1,-1,0,-1
2021501173413,2021,501173413,1,9,0,18,19,3,7,0,0,0,0,0,0,0,2,1,6,6,1,84,11,1318,1,4,HONDA JAZZ,10,E01023368,0,-1
2021320157096,2021,320157096,1,9,0,12,12,6,2,0,0,3,0,0,0,0,1,1,6,6,2,53,8,1339,1,12,HONDA JAZZ,6,E01015672,0,-1
2021010302024,2021,010302024,2,9,0,18,19,5,1,0,0,5,0,0,0,0,4,1,6,6,2,29,6,1339,1,14,HONDA JAZZ,4,E01001727,0,-1
2021010302998,2021,010302998,4,9,0,18,19,3,7,0,0,0,0,0,0,0,2,1,6,6,2,33,6,1339,1,16,HONDA JAZZ,5,E01002347,0,-1
2021131094152,2021,131094152,2,9,0,18,19,3,7,0,0,0,0,0,0,0,1,1,5,6,1,32,6,1339,1,16,HONDA JAZZ,2,E01010667,0,-1
2021991062238,2021,991062238,1,9,0,18,19,3,7,0,0,1,0,0,0,0,1,1,5,6,1,41,7,1339,1,10,HONDA JAZZ,1,-1,0,-1
2021010350944,2021,010350944,1,9,0,18,19,4,8,0,0,8,0,0,0,0,2,1,6,6,1,48,8,1339,1,15,HONDA JAZZ,5,E01000593,0,-1
2021010310297,2021,010310297,6,9,0,2,2,0,0,6,6,0,0,0,0,0,3,1,6,6,3,-1,-1,1339,1,16,HONDA JAZZ,-1,-1,0,-1
2021010338387,2021,010338387,1,9,0,99,99,9,9,99,99,9,9,99,9,99,3,9,2,2,1,37,7,1339,8,10,HONDA JAZZ,3,E01003586,0,-1
2021471111605,2021,471111605,1,9,0,18,19,3,7,6,6,0,0,0,0,0,1,1,1,1,1,31,6,1339,1,15,HONDA JAZZ,1,E01020983,0,-1
2021010347220,2021,010347220,1,9,0,18,19,1,5,0,0,1,0,0,0,0,2,1,6,6,2,34,6,1339,1,16,HONDA JAZZ,-1,-1,0,-1
2021010327624,2021,010327624,2,9,0,99,99,9,9,99,99,9,9,99,9,99,9,9,6,6,3,-1,-1,1339,1,11,HONDA JAZZ,-1,-1,0,-1
2021161078826,2021,161078826,3,9,0,8,8,1,4,0,0,8,0,0,0,0,3,1,5,6,1,75,10,1339,1,11,HONDA JAZZ,9,E01012960,0,-1
2021622100678,2021,622100678,1,9,0,4,4,2,6,0,0,1,0,0,0,0,2,1,2,2,2,51,8,1339,1,18,HONDA JAZZ,2,W01001855,0,-1
2021010338694,2021,010338694,2,9,0,99,99,9,9,99,99,9,9,99,9,99,9,9,6,6,3,-1,-1,1318,1,2,HONDA JAZZ,8,E01003670,0,-1
2021141062083,2021,141062083,1,9,0,18,19,7,3,0,0,0,0,0,0,0,2,1,3,7,2,49,8,1339,1,9,HONDA JAZZ,3,E01007702,0,-1
2021471015175,2021,471015175,2,9,0,18,19,1,5,0,0,8,0,0,0,0,4,1,2,2,1,46,8,1339,1,15,HONDA JAZZ,6,E01031408,0,-1
2021041059050,2021,041059050,1,9,0,9,9,1,5,0,0,6,0,0,0,0,3,1,5,6,1,39,7,1339,1,13,HONDA JAZZ,4,E01033072,0,-1
2021010341202,2021,010341202,1,9,0,99,99,9,9,99,99,9,9,99,9,99,2,9,6,6,2,61,9,1339,1,9,HONDA JAZZ,8,E01002230,0,-1
2021320208550,2021,320208550,2,9,0,18,19,6,2,0,0,1,0,0,0,0,4,1,6,6,2,68,10,1318,1,2,HONDA JAZZ,5,E01026283,0,-1
2021361089250,2021,361089250,2,9,0,17,19,2,6,0,0,0,1,0,1,0,1,1,5,6,2,39,7,1246,1,16,HONDA JAZZ,9,E01023467,0,-1
2021461065642,2021,461065642,1,9,0,18,19,1,3,0,0,0,1,0,1,0,1,1,5,6,1,69,10,1339,1,14,HONDA JAZZ,4,E01024377,0,-1
2021201149668,2021,201149668,1,9,0,18,19,2,6,0,0,6,0,0,0,0,1,1,6,6,1,-1,-1,1318,1,3,HONDA JAZZ,8,E01010192,0,-1
2021010337929,2021,010337929,1,9,0,9,9,8,6,0,0,5,0,0,0,0,1,1,6,6,1,17,4,1318,1,1,HONDA JAZZ,8,E01032571,0,-1
2021061071603,2021,061071603,2,9,0,18,19,5,1,0,0,0,0,0,0,0,1,1,6,6,2,51,8,1339,1,14,HONDA JAZZ,1,E01005434,0,-1
2021361039754,2021,361039754,2,9,0,18,19,5,1,0,0,1,1,0,7,0,1,1,5,6,2,48,8,1339,1,12,HONDA JAZZ,5,E01026442,0,-1
2021421021013,2021,421021013,1,9,0,18,19,5,1,0,0,0,0,0,0,0,1,1,6,6,1,47,8,1339,1,13,HONDA JAZZ,7,E01022087,0,-1
2021302101085,2021,302101085,3,9,0,3,3,4,8,0,0,8,0,0,0,0,2,1,6,6,2,51,8,1339,1,17,HONDA JAZZ,6,E01019876,0,-1
2021010352441,2021,010352441,1,9,0,99,99,9,9,99,99,9,9,99,9,99,2,9,2,2,2,35,6,1339,1,14,HONDA JAZZ,1,E01001787,0,-1
2021031029927,2021,031029927,1,9,0,7,7,1,5,0,0,6,0,0,3,0,3,1,6,6,1,83,11,1318,1,3,HONDA JAZZ,1,E01019197,0,-1
2021010333325,2021,010333325,1,9,0,99,99,9,9,99,99,9,9,99,9,99,2,9,6,6,1,22,5,1339,1,10,HONDA JAZZ,3,E01000022,0,-1
2021622100816,2021,622100816,1,9,0,18,19,4,8,0,0,0,1,0,0,0,1,1,6,6,1,27,6,1339,1,14,HONDA JAZZ,8,W01001725,0,-1
2021401048299,2021,401048299,1,9,0,18,19,1,5,0,0,0,0,0,0,0,1,1,6,6,2,24,5,1339,1,15,HONDA JAZZ,4,E01017469,0,-1
2021351121386,2021,351121386,1,9,0,7,7,7,3,0,0,6,1,0,0,0,1,1,2,2,2,38,7,1339,1,16,HONDA JAZZ,10,E01018134,0,-1
2021302101858,2021,302101858,1,9,0,18,19,6,2,0,0,0,0,0,0,0,1,1,6,6,2,68,10,1339,1,11,HONDA JAZZ,6,E01019475,0,-1
2021991091816,2021,991091816,2,9,0,17,19,8,4,0,0,0,0,0,0,0,1,1,6,6,1,45,7,1318,1,3,HONDA JAZZ,8,-1,0,-1
2021010340065,2021,010340065,2,9,0,4,4,8,4,0,0,0,0,0,0,0,0,1,6,6,1,74,10,1318,1,3,HONDA JAZZ,-1,-1,0,-1
2021361127115,2021,361127115,1,9,0,5,5,7,3,0,0,0,0,0,0,0,1,1,5,6,1,18,4,1339,1,9,HONDA JAZZ,5,E01026726,0,-1
2021546812921,2021,546812921,1,9,0,18,19,1,5,0,0,0,0,0,1,11,1,1,6,6,2,39,7,1339,1,9,HONDA JAZZ,9,E01031880,0,-1
2021361063844,2021,361063844,1,9,0,9,9,3,2,0,0,8,0,0,0,0,1,1,5,6,2,81,11,1339,1,7,HONDA JAZZ,4,E01026654,0,-1
2021041080870,2021,041080870,1,9,0,7,7,1,5,0,0,6,0,0,1,0,1,1,5,6,1,75,10,1318,1,3,HONDA JAZZ,4,E01025024,0,-1
2021041034618,2021,041034618,1,9,0,18,19,6,2,0,0,0,1,0,5,6,2,1,5,6,2,44,7,1339,1,19,HONDA JAZZ,2,E01025185,0,-1
2021411122329,2021,411122329,1,9,0,18,19,1,5,0,0,4,0,0,0,0,2,1,5,6,1,38,7,1198,1,11,HONDA JAZZ,9,E01023676,0,-1
2021471043256,2021,471043256,1,9,0,7,7,5,7,0,0,8,0,0,0,0,4,1,6,6,1,35,6,1339,1,16,HONDA JAZZ,6,E01031770,0,-1
2021010342545,2021,010342545,1,9,0,99,99,9,9,99,99,0,9,99,9,99,2,9,6,6,1,57,9,1498,8,0,HONDA JAZZ,1,E01002904,0,-1
2021010297572,2021,010297572,1,9,0,10,10,5,3,6,6,6,0,0,0,0,1,1,6,6,2,85,11,1339,1,6,HONDA JAZZ,6,E01000273,0,-1
2021320607162,2021,320607162,2,9,0,18,19,8,4,0,0,0,0,0,0,0,1,1,6,6,2,60,9,1198,1,10,HONDA JAZZ,4,E01026071,0,-1
2021440502314,2021,440502314,1,9,0,9,9,6,4,0,0,8,0,0,0,0,1,1,6,6,2,84,11,1198,1,9,HONDA JAZZ,9,E01022755,0,-1
2021421061006,2021,421061006,1,9,-1,4,4,1,5,0,0,1,0,0,0,0,1,1,6,6,1,48,8,1339,1,17,HONDA JAZZ,5,E01015859,0,-1
2021010301274,2021,010301274,1,9,9,99,99,9,9,99,99,9,9,99,9,99,2,9,6,6,1,27,6,1339,1,17,HONDA JAZZ,4,E01023336,0,-1
2021010339233,2021,010339233,2,9,0,18,19,3,7,0,0,8,0,0,0,0,1,1,2,2,1,64,9,1339,1,10,HONDA JAZZ,6,E01003862,0,-1
2021440313598,2021,440313598,2,9,0,18,19,5,1,0,0,1,0,0,0,0,3,1,2,2,1,72,10,1339,1,10,HONDA JAZZ,-1,-1,0,-1
2021161032259,2021,161032259,2,9,0,17,19,3,8,0,0,0,0,0,0,0,2,1,5,6,1,39,7,1339,1,13,HONDA JAZZ,3,E01013087,0,-1
2021201081458,2021,201081458,1,9,0,4,4,-1,-1,0,0,0,0,0,0,0,4,1,6,6,1,51,8,1318,1,4,HONDA JAZZ,1,E01010140,0,-1
2021201081627,2021,201081627,1,9,0,4,4,5,1,0,0,1,1,7,0,0,4,1,2,2,2,45,7,1339,1,17,HONDA JAZZ,2,E01010059,0,-1
2021131066293,2021,131066293,1,9,0,18,19,1,5,0,0,1,0,0,0,0,1,1,5,6,2,72,10,1498,8,1,HONDA JAZZ,10,E01011088,0,-1
2021010315348,2021,010315348,2,9,0,9,9,2,7,0,0,1,1,0,0,0,3,1,6,6,2,27,6,1318,1,2,HONDA JAZZ,9,E01000987,0,-1
2021041078868,2021,041078868,2,9,0,18,19,3,7,0,0,0,0,0,0,0,1,1,5,6,1,92,11,1339,1,10,HONDA JAZZ,-1,-1,0,-1
2021010302289,2021,010302289,1,9,0,18,19,7,3,0,0,1,0,11,1,2,1,1,6,6,1,46,8,1339,1,11,HONDA JAZZ,2,E01000724,0,-1
2021451099921,2021,451099921,2,9,0,11,11,5,1,0,0,0,1,0,0,0,4,1,6,6,2,75,10,1339,1,15,HONDA JAZZ,10,E01030444,0,-1
20211381C1627,2021,1381C1627,4,9,0,2,2,0,0,0,0,0,0,0,0,0,3,1,6,6,3,-1,-1,1339,1,12,HONDA JAZZ,-1,-1,0,-1
2021061023587,2021,061023587,1,9,0,18,19,7,3,0,0,1,0,0,0,0,1,1,6,6,1,30,6,1339,1,18,HONDA JAZZ,8,E01018582,0,-1
2021471024866,2021,471024866,1,9,0,16,19,6,2,0,0,0,1,0,7,4,1,1,5,6,1,35,6,1339,1,6,HONDA JAZZ,9,E01031623,0,-1
2021131052470,2021,131052470,1,9,0,5,5,7,3,0,0,8,0,0,0,0,2,1,5,6,2,70,10,1339,1,6,HONDA JAZZ,8,E01010892,0,-1
2021041032624,2021,041032624,1,9,0,18,19,1,5,0,0,0,2,4,0,0,1,1,5,6,2,80,11,1318,1,3,HONDA JAZZ,1,E01025154,0,-1
2021101112242,2021,101112242,2,9,0,4,4,5,1,0,0,0,5,0,1,0,2,1,5,6,1,34,6,1339,1,9,HONDA JAZZ,10,E01020713,0,-1
2021131043635,2021,131043635,2,9,0,5,5,7,3,0,0,2,0,0,0,0,2,1,5,6,2,58,9,1339,1,19,HONDA JAZZ,2,E01011253,0,-1
2021211111306,2021,211111306,1,9,0,18,19,7,3,0,0,0,0,0,1,0,4,1,6,6,1,81,11,1339,1,12,HONDA JAZZ,9,E01029712,0,-1
2021552100366,2021,552100366,1,9,0,17,19,3,7,0,0,0,0,0,1,4,4,1,6,6,1,87,11,1339,1,14,HONDA JAZZ,-1,-1,0,-1
2021010301382,2021,010301382,2,9,0,99,99,9,9,99,99,9,9,99,9,99,1,9,6,6,3,40,7,1339,1,18,HONDA JAZZ,5,E01002651,0,-1
2021010349330,2021,010349330,1,9,0,5,5,0,4,0,0,0,0,0,0,0,4,1,6,6,1,52,8,1339,1,15,HONDA JAZZ,1,E01000601,0,-1
2021451091638,2021,451091638,1,9,0,18,19,8,4,0,0,0,0,0,0,0,2,1,5,6,2,84,11,1318,1,2,HONDA JAZZ,9,E01004116,0,-1
2021131038777,2021,131038777,2,9,0,18,19,1,5,0,0,0,0,0,1,7,3,1,2,2,1,39,7,1339,1,16,HONDA JAZZ,1,E01011372,0,-1
2021552200058,2021,552200058,1,9,0,18,19,3,7,0,0,0,0,0,0,0,3,1,6,6,1,41,7,1339,1,13,HONDA JAZZ,4,E01015276,0,-1
2021430538243,2021,430538243,2,9,0,4,4,6,2,0,0,0,0,0,0,0,2,1,6,6,1,71,10,1318,1,6,HONDA JAZZ,9,E01028537,0,-1
2021991109854,2021,991109854,2,9,0,18,19,6,2,0,0,0,0,0,0,0,3,1,6,6,1,84,11,1318,1,4,HONDA JAZZ,8,-1,0,-1
2021501148131,2021,501148131,2,9,0,5,5,5,1,0,0,4,0,0,0,0,1,1,5,6,2,20,4,1339,1,15,HONDA JAZZ,5,E01019901,0,-1
2021520200976,2021,520200976,1,9,0,7,7,7,1,0,0,6,0,0,1,2,4,1,6,6,2,78,11,1339,8,6,HONDA JAZZ,9,E01029260,0,-1
2021010306378,2021,010306378,2,9,0,9,9,7,5,6,6,6,0,0,0,0,3,1,6,6,1,21,5,1339,1,11,HONDA JAZZ,1,E01004300,0,-1
2021201054496,2021,201054496,1,9,0,18,19,6,2,0,0,0,0,0,0,0,0,1,2,2,2,28,6,1198,1,12,HONDA JAZZ,1,E01009397,0,-1
2021131106851,2021,131106851,3,9,0,7,7,1,5,0,0,0,0,0,0,0,1,1,5,6,2,46,8,1339,1,16,HONDA JAZZ,1,E01011494,0,-1
2021061114525,2021,061114525,3,9,0,4,4,2,6,0,0,0,0,0,0,0,2,1,6,6,2,-1,-1,1498,1,3,HONDA JAZZ,-1,-1,0,-1
2021552100417,2021,552100417,1,9,0,14,14,3,7,0,0,0,0,0,0,0,1,1,6,6,2,83,11,1318,1,3,HONDA JAZZ,5,E01015286,0,-1
2021010290622,2021,010290622,1,9,0,18,19,1,5,0,0,0,0,0,0,0,2,1,6,6,1,34,6,1246,1,14,HONDA JAZZ,-1,-1,0,-1
2021501105044,2021,501105044,1,9,0,18,19,1,5,0,0,0,0,0,0,0,1,1,6,6,2,77,11,1339,1,14,HONDA JAZZ,8,E01018792,0,-1
2021440005393,2021,440005393,2,9,0,1,1,1,3,0,0,8,0,0,0,0,0,1,1,1,2,37,7,1198,1,11,HONDA JAZZ,9,E01017147,0,-1
2021549169521,2021,549169521,1,9,0,2,2,0,0,0,0,0,0,0,0,0,2,1,6,6,1,49,8,1339,1,15,HONDA JAZZ,10,E01015512,0,-1
2021061025084,2021,061025084,1,9,0,18,19,3,7,0,0,0,0,0,0,0,1,1,6,6,2,63,9,1339,1,12,HONDA JAZZ,5,E01004840,0,-1
2021501048795,2021,501048795,1,9,0,18,19,7,3,0,0,0,0,0,0,0,1,1,3,7,2,37,7,1246,1,13,HONDA JAZZ,4,E01015069,0,-1
2021201088671,2021,201088671,2,9,0,5,5,3,8,0,0,0,0,0,0,0,4,1,6,6,1,45,7,1339,1,15,HONDA JAZZ,2,E01009656,0,-1
2021061094096,2021,061094096,1,9,0,18,19,1,3,4,4,8,0,0,0,0,4,1,5,6,1,43,7,1339,1,16,HONDA JAZZ,-1,-1,0,-1
2021010294214,2021,010294214,1,9,0,18,19,3,7,0,0,8,0,0,0,0,1,1,6,6,2,49,8,1339,1,11,HONDA JAZZ,-1,-1,0,-1
2021122101262,2021,122101262,2,9,0,18,19,8,4,0,0,8,0,0,0,0,1,1,6,6,2,80,11,1318,1,6,HONDA JAZZ,6,E01027622,0,-1
2021131124144,2021,131124144,1,9,0,16,19,5,1,0,0,0,5,0,7,9,1,1,6,6,1,17,4,1339,1,13,HONDA JAZZ,1,E01010965,0,-1
2021302100814,2021,302100814,2,9,0,14,14,8,4,0,0,8,0,0,0,0,1,1,1,1,1,32,6,1246,1,14,HONDA JAZZ,1,E01006031,0,-1
2021501082102,2021,501082102,1,9,0,16,19,1,6,0,0,0,0,0,0,0,1,1,1,1,1,35,6,1339,1,16,HONDA JAZZ,4,E01018754,0,-1
2021031017602,2021,031017602,3,9,0,2,2,0,0,0,0,0,0,0,0,0,1,1,5,6,2,24,5,1246,1,15,HONDA JAZZ,6,E01019146,0,-1
2021010339450,2021,010339450,2,9,9,99,99,9,9,99,99,9,9,99,9,99,9,9,6,6,1,-1,-1,1339,1,18,HONDA JAZZ,2,E01004613,0,-1
2021991068288,2021,991068288,1,9,0,18,19,8,4,0,0,0,0,0,0,0,1,1,5,6,2,25,5,1339,1,16,HONDA JAZZ,4,-1,0,-1
2021320619315,2021,320619315,1,9,0,7,7,2,4,0,0,6,0,0,0,0,1,1,6,6,1,33,6,1498,8,0,HONDA JAZZ,1,E01007499,0,-1
2021010322925,2021,010322925,2,9,0,99,99,9,9,99,99,0,9,99,9,99,9,9,6,6,3,-1,-1,1198,1,9,HONDA JAZZ,-1,-1,0,-1
2021430072082,2021,430072082,1,9,0,9,9,1,7,0,0,4,0,0,0,0,1,1,6,6,2,62,9,1339,1,11,HONDA JAZZ,7,E01023366,0,-1
2021010288236,2021,010288236,1,9,0,99,99,9,9,99,99,9,9,99,9,99,1,1,6,6,3,-1,-1,1339,1,10,HONDA JAZZ,-1,-1,0,-1
2021221101263,2021,221101263,1,9,0,18,19,4,8,0,0,1,0,0,0,0,1,1,5,6,1,53,8,1339,1,9,HONDA JAZZ,6,E01014146,0,-1
2021411033809,2021,411033809,2,9,0,8,8,8,2,0,0,1,0,0,0,0,2,1,6,6,2,55,8,1339,1,8,HONDA JAZZ,9,E01023626,0,-1
2021201060674,2021,201060674,5,9,0,2,2,0,0,0,0,2,0,0,0,0,1,1,6,6,3,-1,-1,1339,1,11,HONDA JAZZ,-1,-1,0,-1
2021070318434,2021,070318434,2,9,0,10,10,4,2,0,0,1,0,0,0,0,0,1,6,6,1,73,10,1339,1,15,HONDA JAZZ,6,E01018682,0,-1
2021131093013,2021,131093013,4,9,0,2,2,5,1,0,0,0,0,0,0,0,3,1,6,6,3,-1,-1,1339,1,15,HONDA JAZZ,-1,-1,0,-1
2021061068053,2021,061068053,1,9,0,7,7,8,2,0,0,8,0,0,0,0,1,1,6,6,1,65,9,1339,1,16,HONDA JAZZ,7,E01006165,0,-1
2021010292672,2021,010292672,4,9,0,2,2,0,0,0,0,2,0,0,0,0,1,1,6,6,3,-1,-1,1339,1,14,HONDA JAZZ,-1,-1,0,-1
2021010329273,2021,010329273,1,9,0,18,19,5,1,0,0,8,0,0,0,0,3,1,6,6,1,47,8,1339,1,8,HONDA JAZZ,-1,-1,0,-1
2021471037496,2021,471037496,1,9,0,9,9,7,5,0,0,1,0,0,0,0,1,1,2,2,2,24,5,1339,1,15,HONDA JAZZ,6,E01021099,0,-1
2021010301509,2021,010301509,1,9,0,16,19,5,1,0,0,8,0,0,0,0,1,1,6,6,1,50,8,1339,1,15,HONDA JAZZ,2,E01000057,0,-1
2021010341724,2021,010341724,1,9,0,9,9,1,7,0,0,5,0,0,0,0,1,1,6,6,2,34,6,1339,1,18,HONDA JAZZ,4,E01002179,0,-1
202134WNC6171,2021,34WNC6171,2,9,0,18,19,3,7,0,0,0,1,0,1,0,2,1,1,1,2,62,9,1339,1,6,HONDA JAZZ,7,E01023561,0,-1
2021111094503,2021,111094503,1,9,0,9,9,3,1,0,0,2,0,0,0,0,1,1,6,6,1,77,11,1339,1,10,HONDA JAZZ,4,E01020730,0,-1
2021041101558,2021,041101558,3,9,0,4,4,7,3,0,0,1,0,0,0,0,1,2,5,6,1,82,11,1318,1,6,HONDA JAZZ,7,E01024985,0,-1
2021010312807,2021,010312807,1,9,0,2,2,0,0,0,0,2,0,0,0,0,1,1,6,6,3,-1,-1,1339,1,11,HONDA JAZZ,-1,-1,0,-1