collision_index,collision_year,collision_ref_no,vehicle_reference,vehicle_type,towing_and_articulation,vehicle_manoeuvre_historic,vehicle_manoeuvre,vehicle_direction_from,vehicle_direction_to,vehicle_location_restricted_lane_historic,vehicle_location_restricted_lane,junction_location,skidding_and_overturning,hit_object_in_carriageway,vehicle_leaving_carriageway,hit_object_off_carriageway,first_point_of_impact,vehicle_left_hand_drive,journey_purpose_of_driver_historic,journey_purpose_of_driver,sex_of_driver,age_of_driver,age_band_of_driver,engine_capacity_cc,propulsion_code,age_of_vehicle,generic_make_model,driver_imd_decile,lsoa_of_driver,escooter_flag,driver_distance_banding
2021401110005,2021,401110005,1,9,0,5,5,6,4,0,0,3,1,0,0,0,1,1,5,6,1,89,11,1318,1,1,HONDA JAZZ,9,E01017441,0,-1
2021471054557,2021,471054557,1,9,0,18,19,6,2,0,0,0,0,0,0,0,1,1,5,6,1,60,9,1339,1,16,HONDA JAZZ,4,E01031547,0,-1
2021522105637,2021,522105637,2,9,0,18,19,6,2,0,0,8,0,0,0,0,3,1,6,6,2,35,6,1339,1,7,HONDA JAZZ,6,E01014558,0,-1
2021052100477,2021,052100477,1,9,0,18,19,1,5,0,0,6,0,0,0,0,3,1,6,6,2,63,9,1198,1,11,HONDA JAZZ,2,E01006725,0,-1
2021371144394,2021,371144394,1,9,0,9,9,6,4,0,0,8,0,0,0,0,4,1,5,6,1,82,11,1318,1,4,HONDA JAZZ,4,E01030115,0,-1
2021430261301,2021,430261301,1,9,0,4,4,1,5,0,0,1,0,0,0,0,1,1,6,6,1,73,10,1318,1,4,HONDA JAZZ,8,E01028742,0,-1
2021010333572,2021,010333572,1,9,0,9,9,3,8,0,0,5,0,0,0,0,1,1,2,2,1,38,7,1339,1,8,HONDA JAZZ,2,E01002077,0,-1
2021010299774,2021,010299774,1,9,0,12,12,1,5,0,0,1,0,0,0,0,3,1,6,6,1,37,7,1339,1,12,HONDA JAZZ,2,E01000021,0,-1
2021141094638,2021,141094638,2,9,0,9,9,7,3,0,0,6,0,0,0,0,3,1,5,6,1,88,11,1318,1,3,HONDA JAZZ,7,E01007503,0,-1
2021461101369,2021,461101369,2,9,0,18,19,6,2,0,0,0,0,0,0,0,1,1,6,6,1,36,7,1339,1,18,HONDA JAZZ,5,E01024774,0,-1
2021371030036,2021,371030036,3,9,5,18,19,8,3,0,0,0,0,0,0,0,1,1,5,6,2,28,6,1339,1,18,HONDA JAZZ,4,E01030295,0,-1
2021351049741,2021,351049741,1,9,0,18,19,1,5,0,0,6,0,0,0,0,1,1,6,6,2,65,9,1318,1,4,HONDA JAZZ,8,E01017983,0,-1
2021041102396,2021,041102396,3,9,0,2,2,7,3,9,9,1,0,0,0,0,4,1,6,6,3,-1,-1,1339,1,7,HONDA JAZZ,-1,-1,0,-1
2021991067292,2021,991067292,1,9,0,18,19,6,2,0,0,6,0,0,0,0,1,1,5,6,2,59,9,1318,1,5,HONDA JAZZ,1,-1,0,-1
2021010316067,2021,010316067,1,9,0,3,3,8,4,0,0,8,0,0,0,0,3,1,6,6,2,22,5,1339,1,16,HONDA JAZZ,6,E01000324,0,-1
2021131045967,2021,131045967,1,9,0,18,19,3,7,0,0,6,0,0,0,0,3,1,3,7,2,42,7,1339,1,14,HONDA JAZZ,1,E01010620,0,-1
2021991018038,2021,991018038,1,9,0,18,19,5,1,0,0,1,0,0,0,0,1,1,5,6,1,77,11,1339,1,13,HONDA JAZZ,-1,-1,0,-1
2021122100562,2021,122100562,3,9,0,18,19,5,1,0,0,0,0,0,0,0,1,1,6,6,1,75,10,1318,1,2,HONDA JAZZ,7,E01030684,0,-1
2021430116136,2021,430116136,2,9,0,3,3,1,5,0,0,8,0,0,0,0,2,1,6,6,2,37,7,1339,1,15,HONDA JAZZ,7,E01016470,0,-1
2021430571645,2021,430571645,2,9,0,18,19,8,4,0,0,8,0,0,0,0,4,1,6,6,1,69,10,1198,1,12,HONDA JAZZ,6,E01017852,0,-1
2021231117974,2021,231117974,1,9,0,5,5,3,5,0,0,4,0,0,0,0,1,1,6,6,1,62,9,1339,1,17,HONDA JAZZ,9,E01031227,0,-1
202134WNC5081,2021,34WNC5081,2,9,0,18,19,3,7,0,0,8,0,0,0,0,2,1,6,6,2,41,7,1339,1,14,HONDA JAZZ,1,E01027153,0,-1
2021991104415,2021,991104415,1,9,0,9,9,1,6,0,0,2,0,0,0,0,1,1,6,6,2,59,9,1339,1,13,HONDA JAZZ,8,-1,0,-1
2021501048782,2021,501048782,1,9,0,12,12,7,5,0,0,8,0,0,0,0,1,1,6,6,2,54,8,1318,1,2,HONDA JAZZ,4,E01018925,0,-1
2021522103945,2021,522103945,1,9,0,18,19,2,7,0,0,3,0,0,0,0,3,1,6,6,1,55,8,1339,1,10,HONDA JAZZ,10,E01014460,0,-1
2021302102086,2021,302102086,2,9,0,2,2,0,0,0,0,0,0,0,0,0,3,1,6,6,3,-1,-1,1318,1,5,HONDA JAZZ,-1,-1,0,-1
2021411152339,2021,411152339,1,9,0,5,5,7,2,0,0,8,0,0,0,0,1,1,6,6,2,-1,-1,1318,1,2,HONDA JAZZ,6,E01023671,0,-1
2021010347065,2021,010347065,1,9,0,18,19,1,5,0,0,1,0,0,0,0,1,1,3,7,2,50,8,1339,1,9,HONDA JAZZ,4,E01002247,0,-1
2021440367646,2021,440367646,1,9,0,9,9,8,6,0,0,5,5,0,0,0,4,1,6,6,2,73,10,1339,1,6,HONDA JAZZ,3,E01017299,0,-1
2021531091123,2021,531091123,1,9,0,16,19,8,4,0,0,0,0,0,7,1,1,1,5,6,2,76,11,1339,1,14,HONDA JAZZ,6,E01022261,0,-1
2021371098001,2021,371098001,2,9,-1,-1,-1,-1,-1,-1,-1,0,-1,-1,-1,0,-1,1,5,6,2,78,11,1339,1,7,HONDA JAZZ,6,E01030006,0,-1
2021451043933,2021,451043933,1,9,0,18,19,3,7,0,0,0,0,4,0,0,4,1,5,6,2,87,11,1339,1,11,HONDA JAZZ,9,E01030802,0,-1
2021010336687,2021,010336687,1,9,0,9,9,1,7,0,0,1,0,0,0,0,1,1,6,6,1,54,8,1339,1,17,HONDA JAZZ,-1,-1,0,-1
2021451015989,2021,451015989,1,9,0,9,9,6,3,0,0,8,0,0,0,0,4,1,5,6,1,61,9,1339,1,10,HONDA JAZZ,9,E01030910,0,-1
2021010297739,2021,010297739,1,9,0,18,19,7,3,0,0,0,0,0,1,11,4,1,6,6,3,-1,-1,1198,1,13,HONDA JAZZ,-1,-1,0,-1
2021131063476,2021,131063476,1,9,0,18,19,1,2,0,0,8,0,0,0,0,2,1,6,6,1,35,6,1339,1,11,HONDA JAZZ,2,E01010778,0,-1
2021061082720,2021,061082720,3,9,0,2,2,0,0,0,0,0,0,0,0,0,2,1,6,6,3,-1,-1,1339,1,16,HONDA JAZZ,-1,-1,0,-1
2021471100140,2021,471100140,1,9,0,18,19,8,3,0,0,4,0,0,0,0,1,1,5,6,1,51,8,1339,1,13,HONDA JAZZ,4,E01031551,0,-1
2021010347369,2021,010347369,2,9,0,99,99,9,9,0,0,1,0,0,0,0,1,9,6,6,3,-1,-1,1339,1,14,HONDA JAZZ,3,E01001397,0,-1
2021010289287,2021,010289287,1,9,0,18,19,1,5,0,0,0,0,4,7,10,1,1,6,6,2,65,9,1339,1,14,HONDA JAZZ,-1,-1,0,-1
2021501130514,2021,501130514,1,9,0,12,12,6,2,0,0,4,0,0,0,0,1,1,5,6,1,90,11,1339,1,10,HONDA JAZZ,2,E01015055,0,-1
2021041015803,2021,041015803,1,9,0,18,19,1,5,0,0,1,0,0,0,0,3,1,5,6,2,31,6,1339,1,14,HONDA JAZZ,2,E01025579,0,-1
2021461110124,2021,461110124,1,9,0,18,19,5,1,0,0,0,0,0,0,0,1,1,5,6,2,84,11,1339,1,9,HONDA JAZZ,10,E01023362,0,-1
2021061071414,2021,061071414,1,9,0,9,9,3,1,0,0,2,0,0,0,0,1,1,6,6,2,73,10,1318,1,5,HONDA JAZZ,6,E01005711,0,-1
2021371067931,2021,371067931,2,9,0,3,3,3,7,0,0,1,0,0,0,0,2,1,5,6,1,65,9,1318,1,5,HONDA JAZZ,5,E01030290,0,-1
2021221121317,2021,221121317,2,9,0,18,19,2,6,0,0,0,0,0,1,0,3,1,5,6,1,79,11,1318,1,3,HONDA JAZZ,2,E01014144,0,-1
2021010307599,2021,010307599,1,9,0,18,19,7,3,0,0,8,0,0,0,0,1,1,6,6,1,64,9,1339,1,16,HONDA JAZZ,5,E01000038,0,-1
2021361078140,2021,361078140,1,9,0,5,5,1,5,0,0,0,0,0,1,9,1,1,5,6,1,81,11,1498,8,1,HONDA JAZZ,4,E01026679,0,-1
2021501062222,2021,501062222,2,9,0,9,9,5,3,0,0,8,0,10,0,0,1,1,5,6,2,40,7,1339,1,13,HONDA JAZZ,5,E01031169,0,-1
2021451044209,2021,451044209,1,9,0,17,19,5,1,0,0,0,0,0,0,0,3,1,1,1,1,73,10,1339,1,17,HONDA JAZZ,10,E01030589,0,-1
2021461046333,2021,461046333,2,9,0,4,4,8,4,0,0,0,0,0,0,0,2,1,6,6,1,67,10,1318,1,5,HONDA JAZZ,10,E01000836,0,-1
2021451067145,2021,451067145,1,9,0,5,5,3,3,0,0,1,0,0,0,0,3,1,5,6,2,88,11,1339,1,9,HONDA JAZZ,9,E01030625,0,-1
2021411064430,2021,411064430,1,9,0,5,5,1,5,0,0,0,0,0,7,11,1,1,5,6,2,70,10,1498,8,0,HONDA JAZZ,4,E01023530,0,-1
2021010289574,2021,010289574,1,9,9,99,99,9,9,99,99,0,9,99,9,99,9,9,6,6,3,-1,-1,1339,1,7,HONDA JAZZ,-1,-1,0,-1
2021440513191,2021,440513191,1,9,0,9,9,5,3,0,0,8,0,0,0,0,1,1,6,6,1,88,11,1198,1,9,HONDA JAZZ,8,E01017059,0,-1
2021041047417,2021,041047417,1,9,0,18,19,1,5,0,0,0,0,0,0,0,1,1,6,6,3,-1,-1,1339,1,18,HONDA JAZZ,-1,-1,0,-1
2021545721221,2021,545721221,1,9,0,18,19,4,8,0,0,1,0,0,0,0,1,1,6,6,2,51,8,1339,1,19,HONDA JAZZ,9,E01031904,0,-1
2021141090770,2021,141090770,1,9,0,16,19,6,2,0,0,0,0,7,0,0,1,1,6,6,1,64,9,1339,1,7,HONDA JAZZ,10,E01007933,0,-1
2021610048021,2021,610048021,2,9,0,18,19,7,3,0,0,0,0,0,0,0,3,1,6,6,1,49,8,1246,1,14,HONDA JAZZ,6,W01001472,0,-1
2021991031841,2021,991031841,1,9,0,9,9,3,8,0,0,5,0,0,0,0,1,1,2,2,1,29,6,1198,1,11,HONDA JAZZ,9,-1,0,-1
202106N079538,2021,06N079538,1,9,0,7,7,5,7,0,0,2,0,0,0,0,1,1,1,1,1,46,8,1339,1,19,HONDA JAZZ,5,E01005044,0,-1
2021010339156,2021,010339156,1,9,0,18,19,1,5,0,0,1,0,0,0,0,1,1,6,6,1,40,7,1339,1,15,HONDA JAZZ,4,E01003662,0,-1
2021440345939,2021,440345939,1,9,0,18,19,7,3,0,0,0,5,0,1,0,1,1,6,6,2,22,5,1339,1,15,HONDA JAZZ,8,E01023253,0,-1
2021461096831,2021,461096831,1,9,0,18,19,5,1,0,0,1,0,0,0,0,1,1,6,6,2,35,6,1339,1,19,HONDA JAZZ,6,E01024452,0,-1
2021411069027,2021,411069027,2,9,0,2,2,0,0,0,0,1,0,0,0,0,2,1,6,6,3,-1,-1,1339,1,8,HONDA JAZZ,-1,-1,0,-1
2021552101388,2021,552101388,2,9,0,18,19,8,4,0,0,8,0,0,0,0,1,1,6,6,2,31,6,1339,1,10,HONDA JAZZ,6,E01015368,0,-1
2021991034754,2021,991034754,1,9,0,18,19,7,3,0,0,1,0,0,0,0,4,1,5,6,2,59,9,1318,1,5,HONDA JAZZ,6,-1,0,-1
2021543795921,2021,543795921,2,9,0,3,3,5,1,0,0,1,0,0,0,0,2,1,6,6,1,82,11,1339,8,10,HONDA JAZZ,8,E01032077,0,-1
2021010296457,2021,010296457,3,9,0,2,2,0,0,0,0,2,0,0,0,0,2,1,6,6,3,-1,-1,1318,1,4,HONDA JAZZ,-1,-1,0,-1
2021201058663,2021,201058663,1,9,0,18,19,2,6,0,0,2,0,0,0,0,1,1,6,6,3,35,6,1339,1,14,HONDA JAZZ,1,E01008938,0,-1
2021201100067,2021,201100067,1,9,0,15,15,5,1,0,0,0,0,4,0,0,1,1,6,6,1,25,5,1318,1,2,HONDA JAZZ,6,E01009036,0,-1
2021401052100,2021,401052100,3,9,0,8,8,0,0,0,0,1,0,0,0,0,3,1,5,6,2,56,9,1339,1,12,HONDA JAZZ,8,E01017526,0,-1
2021010299915,2021,010299915,1,9,0,18,19,3,7,0,0,8,0,0,0,0,1,1,1,1,1,32,6,1339,1,11,HONDA JAZZ,3,E01016012,0,-1
202163A017121,2021,63A017121,1,9,0,4,4,7,2,0,0,1,0,0,0,0,2,1,6,6,1,67,10,1339,1,6,HONDA JAZZ,1,W01001924,0,-1
2021320395789,2021,320395789,1,9,0,18,19,4,8,0,0,8,0,0,0,0,1,1,6,6,2,82,11,1318,1,2,HONDA JAZZ,5,E01026315,0,-1
2021070811922,2021,070811922,1,9,0,18,19,2,6,0,0,0,0,0,0,0,1,1,6,6,2,83,11,1246,1,17,HONDA JAZZ,9,E01018377,0,-1
2021461028817,2021,461028817,2,9,0,18,19,1,6,0,0,1,0,0,0,0,3,1,5,6,2,26,6,1339,1,16,HONDA JAZZ,8,E01016028,0,-1
2021131086179,2021,131086179,2,9,0,18,19,1,5,0,0,2,0,0,0,0,3,1,6,6,1,28,6,1246,1,17,HONDA JAZZ,1,E01010812,0,-1
20211381G1232,2021,1381G1232,1,9,0,9,9,4,1,0,0,8,0,0,0,0,1,1,6,6,1,-1,-1,1339,1,16,HONDA JAZZ,2,E01011082,0,-1
2021061053037,2021,061053037,1,9,0,18,19,2,6,0,0,1,0,0,0,0,4,1,2,2,2,50,8,1198,1,12,HONDA JAZZ,9,E01024918,0,-1
2021501111616,2021,501111616,2,9,0,2,2,5,1,0,0,2,0,0,0,0,2,1,6,6,1,73,10,1498,8,0,HONDA JAZZ,4,E01015268,0,-1
2021010299488,2021,010299488,1,9,0,18,19,6,2,0,0,8,0,0,0,0,3,1,6,6,2,32,6,1339,1,13,HONDA JAZZ,4,E01001139,0,-1
2021522101782,2021,522101782,1,9,0,18,19,5,1,0,0,2,0,0,0,0,1,1,6,6,1,27,6,1339,1,16,HONDA JAZZ,-1,-1,0,-1
2021010345378,2021,010345378,1,9,0,18,19,3,7,0,0,0,0,0,0,0,1,1,6,6,1,24,5,1339,1,9,HONDA JAZZ,7,E01002816,0,-1
2021522106289,2021,522106289,1,9,0,5,5,4,2,0,0,4,0,0,0,0,3,1,6,6,1,52,8,1198,1,9,HONDA JAZZ,10,E01014969,0,-1
2021010287400,2021,010287400,1,9,0,18,19,1,5,0,0,0,0,0,0,0,3,1,6,6,1,59,9,1318,1,5,HONDA JAZZ,5,E01001271,0,-1
2021411032362,2021,411032362,1,9,0,18,19,1,7,0,0,0,0,0,0,0,1,1,6,6,2,86,11,1339,1,12,HONDA JAZZ,10,E01023355,0,-1
2021010316064,2021,010316064,2,9,0,2,2,0,0,0,0,0,0,0,0,0,1,1,6,6,3,-1,-1,1339,8,6,HONDA JAZZ,-1,-1,0,-1
2021231120521,2021,231120521,1,9,0,18,19,1,5,0,0,8,0,0,1,10,1,1,5,6,1,40,7,1339,1,12,HONDA JAZZ,8,E01031272,0,-1
2021421034959,2021,421034959,1,9,0,18,19,7,3,0,0,0,0,4,0,0,4,1,6,6,2,48,8,1339,1,19,HONDA JAZZ,2,E01013655,0,-1
2021471012354,2021,471012354,2,9,0,18,19,7,3,0,0,2,0,0,1,0,4,1,1,1,2,58,9,1339,1,13,HONDA JAZZ,6,E01031796,0,-1
2021430453119,2021,430453119,1,9,0,9,9,5,2,0,0,6,0,0,0,0,1,1,3,7,2,40,7,1339,1,13,HONDA JAZZ,-1,-1,0,-1
2021451097714,2021,451097714,1,9,0,18,19,1,7,0,0,2,0,0,0,0,3,1,5,6,1,82,11,1318,1,4,HONDA JAZZ,10,E01030462,0,-1
2021010309179,2021,010309179,2,9,0,99,99,9,9,99,99,9,9,99,9,99,9,9,6,6,3,-1,-1,1318,1,5,HONDA JAZZ,10,E01000186,0,-1
2021552101371,2021,552101371,1,9,0,5,5,3,7,0,0,6,1,0,0,0,1,1,2,2,1,39,7,1339,1,17,HONDA JAZZ,4,E01015420,0,-1
2021471085990,2021,471085990,2,9,0,18,19,8,4,0,0,0,0,0,0,0,3,2,5,6,2,50,8,1339,1,9,HONDA JAZZ,5,E01020951,0,-1
2021010316098,2021,010316098,1,9,0,9,9,3,1,0,0,8,0,0,0,0,1,1,6,6,2,19,4,1339,1,17,HONDA JAZZ,9,E01003801,0,-1
2021201086338,2021,201086338,1,9,0,18,19,6,2,0,0,1,0,0,0,0,1,1,6,6,1,-1,-1,1339,1,15,HONDA JAZZ,8,E01022412,0,-1
2021122200049,2021,122200049,2,9,0,4,4,7,3,0,0,1,0,0,0,0,2,1,6,6,1,57,9,1246,1,13,HONDA JAZZ,8,E01013373,0,-1
2021991015798,2021,991015798,1,9,0,16,19,7,4,9,9,2,0,0,0,0,3,1,5,6,1,86,11,1339,1,15,HONDA JAZZ,9,-1,0,-1
2021010300672,2021,010300672,2,9,0,99,99,9,9,99,99,0,9,99,9,99,1,9,6,6,3,-1,-1,1339,1,13,HONDA JAZZ,-1,-1,0,-1
2021351082854,2021,351082854,2,9,0,18,19,2,6,0,0,1,0,0,0,0,1,1,5,6,2,75,10,1339,1,10,HONDA JAZZ,9,E01018054,0,-1
2021430387599,2021,430387599,2,9,0,17,19,1,7,0,0,8,0,0,0,0,4,1,6,6,2,55,8,1339,1,8,HONDA JAZZ,6,E01028458,0,-1
2021010313400,2021,010313400,3,9,0,18,19,3,7,0,0,2,0,0,0,0,1,1,6,6,2,25,5,1339,1,14,HONDA JAZZ,4,E01003666,0,-1
2021231075143,2021,231075143,2,9,0,18,19,3,7,0,0,0,0,0,0,0,1,1,5,6,2,43,7,1318,1,2,HONDA JAZZ,1,E01009539,0,-1
2021461016777,2021,461016777,1,9,0,4,4,6,6,0,0,0,2,0,7,0,3,1,5,6,1,34,6,1339,1,17,HONDA JAZZ,7,E01024267,0,-1
2021010309579,2021,010309579,1,9,0,18,19,4,8,0,0,0,0,0,0,0,1,1,1,1,2,27,6,1318,1,4,HONDA JAZZ,2,E01003174,0,-1
2021041102193,2021,041102193,1,9,0,9,9,6,3,0,0,5,0,0,0,0,1,1,1,1,2,21,5,1198,1,11,HONDA JAZZ,4,E01033072,0,-1
2021010329251,2021,010329251,1,9,0,99,99,9,9,99,99,9,9,99,9,99,2,9,2,2,1,43,7,1339,1,15,HONDA JAZZ,6,E01017810,0,-1
2021401051744,2021,401051744,2,9,0,18,19,1,5,0,0,1,0,0,0,0,4,1,5,6,1,42,7,1339,1,18,HONDA JAZZ,2,E01017537,0,-1
2021461080175,2021,461080175,1,9,0,16,19,5,1,0,0,4,0,0,0,0,3,1,6,6,2,-1,-1,1339,1,7,HONDA JAZZ,10,E01032809,0,-1
2021440485639,2021,440485639,1,9,0,9,9,1,7,0,0,8,0,0,0,0,4,1,1,1,1,46,8,1339,1,16,HONDA JAZZ,2,E01017328,0,-1
2021201110411,2021,201110411,2,9,0,18,19,8,4,0,0,8,0,0,0,0,4,1,6,6,2,44,7,1339,1,14,HONDA JAZZ,3,E01010327,0,-1
2021031065364,2021,031065364,1,9,0,7,7,1,5,0,0,5,0,0,7,0,1,1,6,6,1,-1,-1,1339,1,8,HONDA JAZZ,4,E01019151,0,-1
2021552100480,2021,552100480,1,9,0,9,9,2,8,0,0,6,0,0,0,0,3,1,6,6,1,60,9,1339,1,14,HONDA JAZZ,9,E01015419,0,-1
2021520200758,2021,520200758,1,9,0,18,19,1,5,0,0,0,0,0,0,0,1,1,6,6,2,90,11,1339,1,17,HONDA JAZZ,6,E01029040,0,-1
2021471103461,2021,471103461,1,9,0,18,19,8,4,0,0,1,0,0,0,0,1,1,5,6,2,53,8,1339,1,18,HONDA JAZZ,4,E01020927,0,-1
2021031085838,2021,031085838,1,9,0,15,15,1,5,0,0,1,0,4,0,0,1,1,6,6,1,74,10,1318,1,2,HONDA JAZZ,4,E01019102,0,-1
2021170S30101,2021,170S30101,2,9,0,9,9,2,8,0,0,8,0,0,0,0,1,1,6,6,2,72,10,1339,1,6,HONDA JAZZ,9,E01012237,0,-1
2021041028383,2021,041028383,1,9,0,18,19,1,5,0,0,0,0,0,0,0,1,1,5,6,1,79,11,1339,1,11,HONDA JAZZ,4,E01012599,0,-1
2021041054186,2021,041054186,2,9,0,18,19,5,1,0,0,0,0,0,0,0,1,1,5,6,2,75,10,1318,1,3,HONDA JAZZ,4,E01012665,0,-1
2021610055921,2021,610055921,1,9,0,10,10,3,7,0,0,1,0,0,0,0,2,1,2,2,1,21,5,1246,1,15,HONDA JAZZ,10,W01001735,0,-1
2021552101377,2021,552101377,4,9,0,3,3,2,6,0,0,1,0,0,0,0,2,1,6,6,1,47,8,1339,1,14,HONDA JAZZ,8,E01015319,0,-1
2021010294009,2021,010294009,1,9,0,1,1,5,1,9,9,0,0,0,0,0,2,1,6,6,1,40,7,1339,1,17,HONDA JAZZ,9,E01000440,0,-1
2021231094410,2021,231094410,1,9,0,9,9,2,8,0,0,5,0,0,0,0,1,1,5,6,2,84,11,1339,1,11,HONDA JAZZ,9,E01031227,0,-1
2021421030040,2021,421030040,1,9,0,18,19,6,3,0,0,0,0,0,0,0,1,1,5,6,2,50,8,1339,1,11,HONDA JAZZ,2,E01015929,0,-1
2021010344145,2021,010344145,2,9,0,9,9,1,7,0,0,8,0,0,0,0,4,1,2,2,2,46,8,1339,1,17,HONDA JAZZ,6,E01001093,0,-1
2021041057369,2021,041057369,2,9,0,2,2,1,5,0,0,8,0,0,0,0,2,1,6,6,3,-1,-1,1318,1,2,HONDA JAZZ,-1,-1,0,-1
2021101036750,2021,101036750,1,9,0,18,19,2,6,0,0,1,0,0,0,0,1,1,6,6,1,27,6,1339,1,19,HONDA JAZZ,2,E01008482,0,-1
2021010314612,2021,010314612,1,9,0,99,99,9,9,99,99,9,9,99,9,99,2,9,6,6,1,47,8,1339,1,18,HONDA JAZZ,9,E01030783,0,-1
2021421093292,2021,421093292,1,9,0,18,19,8,4,0,0,0,0,0,0,0,1,1,6,6,1,37,7,1339,1,16,HONDA JAZZ,3,E01004432,0,-1
2021201086989,2021,201086989,1,9,0,18,19,6,2,0,0,4,0,0,0,0,3,1,6,6,1,36,7,1339,1,12,HONDA JAZZ,1,E01033650,0,-1
2021010329899,2021,010329899,1,9,0,99,99,9,9,99,99,9,9,99,9,99,3,9,2,2,3,31,6,1339,1,16,HONDA JAZZ,7,E01002465,0,-1
2021991069797,2021,991069797,2,9,0,18,19,3,7,0,0,0,1,0,1,0,1,1,6,6,1,41,7,1246,1,16,HONDA JAZZ,5,-1,0,-1
2021010340285,2021,010340285,1,9,0,3,3,5,1,0,0,0,0,0,0,0,2,1,6,6,1,60,9,1339,1,15,HONDA JAZZ,3,E01000872,0,-1
2021622100560,2021,622100560,2,9,0,4,4,4,8,0,0,0,0,0,0,0,2,1,6,6,1,59,9,1318,1,5,HONDA JAZZ,4,W01001329,0,-1
2021061080304,2021,061080304,1,9,0,18,19,5,1,0,0,0,5,4,0,0,4,1,5,6,2,84,11,1339,1,19,HONDA JAZZ,8,E01006100,0,-1
2021010317527,2021,010317527,1,9,0,99,99,9,9,99,99,9,9,99,9,99,3,9,2,2,1,38,7,1339,1,18,HONDA JAZZ,1,E01000720,0,-1
2021991038599,2021,991038599,1,9,0,9,9,3,8,0,0,1,0,0,0,0,4,1,5,6,2,62,9,1339,1,7,HONDA JAZZ,6,-1,0,-1
2021010303759,2021,010303759,1,9,0,7,7,1,2,0,0,2,0,0,0,0,1,1,6,6,1,46,8,1339,1,18,HONDA JAZZ,2,E01001716,0,-1
2021411111055,2021,411111055,1,9,0,18,19,2,7,2,2,0,0,0,7,0,3,1,5,6,2,87,11,1339,1,14,HONDA JAZZ,10,E01023550,0,-1
2021320664776,2021,320664776,1,9,0,18,19,7,7,0,0,0,0,4,0,0,1,1,6,6,1,73,10,1339,1,7,HONDA JAZZ,5,E01026276,0,-1
2021010299536,2021,010299536,1,9,0,18,19,3,7,0,0,8,1,10,0,0,4,1,1,1,2,51,8,1339,1,11,HONDA JAZZ,2,E01000103,0,-1
2021052100585,2021,052100585,2,9,0,18,19,1,5,0,0,8,0,0,0,0,3,1,6,6,2,49,8,1339,1,14,HONDA JAZZ,1,E01007131,0,-1
2021221021654,2021,221021654,3,9,0,3,3,8,4,0,0,1,0,0,0,0,3,1,5,6,2,34,6,1339,8,10,HONDA JAZZ,4,E01014073,0,-1
2021041083972,2021,041083972,1,9,0,18,19,3,7,0,0,0,0,0,0,0,1,1,5,6,1,51,8,1339,1,18,HONDA JAZZ,-1,-1,0,-1
2021411126874,2021,411126874,1,9,0,18,19,2,6,0,0,0,0,0,0,0,1,1,5,6,2,84,11,1318,1,1,HONDA JAZZ,5,E01023838,0,-1
2021991045046,2021,991045046,2,9,0,18,19,8,4,0,0,0,0,0,0,0,1,1,5,6,1,23,5,1339,1,12,HONDA JAZZ,3,-1,0,-1
2021351100603,2021,351100603,2,9,0,18,19,6,1,0,0,0,0,0,0,0,1,1,1,1,2,51,8,1339,1,10,HONDA JAZZ,5,E01018195,0,-1
2021061126803,2021,061126803,1,9,0,4,4,7,3,0,0,0,0,0,0,0,2,1,5,6,2,32,6,1339,1,18,HONDA JAZZ,5,E01005543,0,-1
2021401106498,2021,401106498,2,9,0,1,1,5,1,0,0,0,0,0,0,0,4,1,6,6,2,35,6,1339,1,13,HONDA JAZZ,2,E01015749,0,-1
2021010328204,2021,010328204,2,9,0,18,19,5,1,9,9,0,1,0,0,0,1,1,6,6,2,41,7,1339,1,15,HONDA JAZZ,3,E01000973,0,-1
2021461022475,2021,461022475,1,9,0,18,19,6,1,0,0,0,0,0,0,0,2,1,6,6,1,35,6,1339,1,17,HONDA JAZZ,4,E01016974,0,-1
202131D185621,2021,31D185621,1,9,0,9,9,7,5,0,0,5,0,0,0,0,1,1,1,1,1,35,6,1339,1,15,HONDA JAZZ,1,E01013820,0,-1
2021221124106,2021,221124106,2,9,0,9,9,8,6,0,0,6,0,0,0,0,1,1,6,6,2,71,10,1339,1,14,HONDA JAZZ,7,E01014081,0,-1
2021010349249,2021,010349249,1,9,0,99,99,9,9,99,99,9,9,99,9,99,1,9,6,6,3,-1,-1,1339,1,18,HONDA JAZZ,3,E01003221,0,-1
2021031092288,2021,031092288,1,9,0,10,10,5,3,0,0,1,0,0,0,0,1,1,5,6,1,77,11,1498,1,3,HONDA JAZZ,9,E01022730,0,-1
2021010352512,2021,010352512,1,9,0,9,9,1,6,0,0,6,0,0,0,0,3,1,6,6,2,75,10,1339,8,10,HONDA JAZZ,9,E01001104,0,-1
2021440320244,2021,440320244,2,9,0,18,19,3,7,0,0,8,0,0,0,0,3,1,1,1,2,45,7,1339,1,9,HONDA JAZZ,-1,-1,0,-1
20211381L0572,2021,1381L0572,2,9,0,18,19,4,8,0,0,1,0,0,0,0,1,1,1,1,2,58,9,1318,1,3,HONDA JAZZ,8,E01007524,0,-1
2021471113106,2021,471113106,1,9,0,5,5,3,7,0,0,6,0,0,0,0,3,1,6,6,1,20,4,1246,1,15,HONDA JAZZ,1,E01016947,0,-1
2021041109846,2021,041109846,1,9,0,16,19,3,7,0,0,0,0,0,7,4,1,1,5,6,1,88,11,1318,1,3,HONDA JAZZ,3,E01024884,0,-1
2021471080045,2021,471080045,1,9,0,9,9,6,4,0,0,6,0,0,0,0,1,2,5,6,2,18,4,1198,1,10,HONDA JAZZ,8,E01021055,0,-1