collision_index,collision_year,collision_ref_no,vehicle_reference,vehicle_type,towing_and_articulation,vehicle_manoeuvre_historic,vehicle_manoeuvre,vehicle_direction_from,vehicle_direction_to,vehicle_location_restricted_lane_historic,vehicle_location_restricted_lane,junction_location,skidding_and_overturning,hit_object_in_carriageway,vehicle_leaving_carriageway,hit_object_off_carriageway,first_point_of_impact,vehicle_left_hand_drive,journey_purpose_of_driver_historic,journey_purpose_of_driver,sex_of_driver,age_of_driver,age_band_of_driver,engine_capacity_cc,propulsion_code,age_of_vehicle,generic_make_model,driver_imd_decile,lsoa_of_driver,escooter_flag,driver_distance_banding
2021010340605,2021,010340605,1,9,0,18,19,5,1,0,0,1,0,0,0,0,2,1,6,6,1,42,7,1490,1,0,MG HS,3,E01004331,0,-1
2021010321622,2021,010321622,2,9,0,9,9,5,3,0,0,1,0,0,0,0,1,1,6,6,1,39,7,1490,1,1,MG HS,7,E01002474,0,-1
2021211048187,2021,211048187,1,9,0,18,19,5,1,0,0,0,0,0,0,0,1,1,6,6,1,60,9,1490,1,1,MG HS,2,E01029496,0,-1
2021010330218,2021,010330218,1,9,0,4,4,3,7,0,0,0,0,0,0,0,2,1,6,6,1,18,4,1490,1,1,MG HS,7,E01024437,0,-1
202131C194221,2021,31C194221,1,9,0,18,19,8,4,0,0,8,0,0,2,10,1,1,6,6,1,43,7,1490,1,0,MG HS,1,E01013865,0,-1
2021430075123,2021,430075123,1,9,0,18,19,2,8,0,0,8,0,10,0,2,1,1,6,6,1,58,9,1490,1,0,MG HS,2,E01028518,0,-1
2021622100679,2021,622100679,1,9,0,1,1,4,8,0,0,0,0,4,0,0,2,1,6,6,1,72,10,1490,8,0,MG HS,3,W01000965,0,-1
2021131040995,2021,131040995,1,9,0,4,4,1,5,0,0,1,0,0,0,0,4,1,5,6,2,58,9,1490,1,1,MG HS,1,E01010817,0,-1
2021371118739,2021,371118739,1,9,0,18,19,5,1,0,0,0,0,0,0,0,4,1,5,6,1,62,9,1490,1,1,MG HS,3,E01029888,0,-1
2021010332198,2021,010332198,1,9,0,18,19,7,3,0,0,8,0,0,0,0,1,1,6,6,1,67,10,1490,1,1,MG HS,7,E01033733,0,-1
2021041083991,2021,041083991,2,9,0,4,4,5,1,0,0,0,0,0,0,0,2,1,5,6,1,67,10,1490,1,1,MG HS,3,E01012458,0,-1
2021141093622,2021,141093622,2,9,0,18,19,5,1,0,0,1,0,0,0,0,1,1,6,6,1,64,9,1490,1,0,MG HS,5,E01008045,0,-1
2021010299380,2021,010299380,2,9,0,99,99,9,9,99,99,9,9,99,9,99,9,9,6,6,1,25,5,1490,8,1,MG HS,8,E01022068,0,-1
2021010322506,2021,010322506,1,9,0,99,99,9,9,99,99,9,9,99,9,99,1,9,6,6,1,45,7,1490,8,0,MG HS,1,E01004304,0,-1
2021010349934,2021,010349934,1,9,0,18,19,3,7,0,0,1,0,0,0,0,1,1,6,6,1,34,6,1490,1,0,MG HS,6,E01002523,0,-1
2021010327056,2021,010327056,1,9,0,7,7,2,4,4,4,5,0,0,0,0,2,1,6,6,1,50,8,1490,1,0,MG HS,6,E01004583,0,-1
2021041081624,2021,041081624,1,9,0,18,19,7,3,0,0,0,0,0,1,0,1,1,5,6,1,73,10,1490,8,0,MG HS,9,E01024918,0,-1
2021622100690,2021,622100690,3,9,0,4,4,2,6,0,0,0,0,0,0,0,2,1,6,6,2,55,8,1490,1,0,MG HS,2,E01032461,0,-1
2021010308450,2021,010308450,2,9,0,99,99,9,9,99,99,8,9,99,9,99,1,9,6,6,3,-1,-1,1490,1,1,MG HS,2,E01001575,0,-1
2021052101777,2021,052101777,1,9,0,18,19,5,1,0,0,0,0,0,1,11,1,1,6,6,1,42,7,1490,1,1,MG HS,1,E01006850,0,-1
2021461083262,2021,461083262,1,9,0,18,19,1,5,0,0,1,0,0,0,0,1,1,6,6,1,68,10,1490,1,0,MG HS,5,E01016165,0,-1
2021361069379,2021,361069379,1,9,0,9,9,4,6,0,0,1,0,0,0,0,1,1,5,6,2,87,11,1298,1,9,-1,5,E01026770,0,-1
2021201100099,2021,201100099,1,9,0,9,9,2,1,0,0,6,0,0,0,0,1,1,6,6,1,76,11,1296,1,11,-1,9,E01009549,0,-1
2021622200014,2021,622200014,1,9,0,18,19,2,6,0,0,0,2,0,0,0,1,1,6,6,1,17,4,1298,1,11,-1,8,W01001914,0,-1
2021302101856,2021,302101856,1,9,0,9,9,6,2,0,0,2,0,0,1,1,4,1,6,6,1,33,6,1298,1,10,-1,10,E01019727,0,-1
2021461035206,2021,461035206,2,9,0,4,4,8,4,0,0,0,0,0,0,0,4,1,6,6,2,80,11,1298,1,9,-1,6,E01024127,0,-1
2021010324200,2021,010324200,2,9,0,6,6,3,3,0,0,0,0,0,0,0,3,1,6,6,2,36,7,1298,1,10,-1,3,E01000481,0,-1
2021401075493,2021,401075493,1,9,0,18,19,3,7,0,0,8,0,0,0,0,1,1,1,1,1,37,7,1997,2,15,-1,7,E01023590,0,-1
2021070612024,2021,070612024,1,9,0,18,19,7,3,0,0,1,0,0,0,0,1,1,6,6,1,45,7,2179,2,15,-1,-1,-1,0,-1
2021131074425,2021,131074425,2,9,0,4,4,5,5,0,0,1,0,0,0,0,2,1,5,6,1,76,11,1997,2,12,-1,7,E01025594,0,-1
2021520104846,2021,520104846,2,9,0,9,9,8,4,0,0,5,0,0,0,0,3,1,6,6,2,34,6,1997,1,14,-1,9,E01029182,0,-1
2021041108526,2021,041108526,2,9,0,18,19,7,3,0,0,2,1,0,0,0,1,1,2,2,1,33,6,1997,1,12,-1,9,E01025545,0,-1
2021520103233,2021,520103233,1,9,0,3,3,2,6,0,0,1,0,0,0,0,2,1,6,6,1,37,7,1997,1,18,-1,6,E01029289,0,-1
2021010300298,2021,010300298,1,9,0,9,9,7,5,0,0,8,0,0,0,0,1,1,6,6,1,54,8,1997,2,15,-1,2,E01001770,0,-1
2021302101286,2021,302101286,1,9,0,3,3,6,2,0,0,1,0,0,0,0,2,1,6,6,1,78,11,1997,2,14,-1,8,E01019875,0,-1
2021010290169,2021,010290169,2,19,0,99,99,9,9,0,0,0,9,99,9,99,9,9,6,6,1,-1,-1,2299,2,1,RENAULT TRUCKS MASTER,1,E01002092,0,-1
2021451110067,2021,451110067,1,19,0,18,19,5,1,0,0,0,0,0,0,0,1,1,1,1,1,45,7,2299,2,1,RENAULT TRUCKS MASTER,5,E01033087,0,-1
2021070502353,2021,070502353,1,90,0,18,19,2,6,0,0,0,0,0,0,0,4,1,1,1,1,-1,-1,2299,2,8,-1,-1,-1,0,-1
2021520201999,2021,520201999,1,19,0,9,9,4,2,0,0,8,0,0,0,0,1,1,6,6,1,28,6,2299,2,0,RENAULT TRUCKS MASTER,2,E01014660,0,-1
2021231116656,2021,231116656,7,19,0,18,19,2,6,0,0,0,1,0,0,0,0,1,5,6,1,47,8,-1,-1,-1,RENAULT TRUCKS MASTER,1,E01009337,0,-1
2021010330110,2021,010330110,1,19,0,5,5,0,2,0,0,7,0,0,0,0,2,1,1,1,1,29,6,-1,-1,-1,RENAULT TRUCKS MASTER,1,E01004035,0,-1
2021061111373,2021,061111373,2,90,0,18,19,5,1,0,0,1,0,0,0,0,1,1,1,1,2,35,6,2299,2,4,-1,2,E01005654,0,-1
2021010323493,2021,010323493,2,19,0,6,6,7,7,0,0,1,0,0,0,0,4,1,6,6,1,25,5,2299,2,3,RENAULT TRUCKS MASTER,2,E01024476,0,-1
2021461099698,2021,461099698,1,19,0,4,4,3,6,0,0,0,0,0,1,7,1,1,6,6,1,41,7,2299,2,0,RENAULT TRUCKS MASTER,2,E01024091,0,-1
2021061100205,2021,061100205,2,19,0,18,19,4,8,0,0,1,0,0,0,0,1,1,6,6,3,30,6,2299,2,0,RENAULT TRUCKS MASTER,6,E01032928,0,-1
2021010328801,2021,010328801,3,10,0,18,19,3,7,0,0,2,0,0,1,0,3,1,6,6,1,26,6,-1,-1,-1,RENAULT TRUCKS MASTER,2,E01004284,0,-1
2021361129076,2021,361129076,2,19,0,18,19,7,3,0,0,8,0,0,0,0,1,1,1,1,1,35,6,2299,2,4,RENAULT TRUCKS MASTER,4,E01021822,0,-1
2021201108236,2021,201108236,2,19,0,18,19,4,8,0,0,8,0,0,0,0,1,1,6,6,1,59,9,2299,2,7,RENAULT TRUCKS MASTER,10,E01009803,0,-1
2021471051120,2021,471051120,2,90,0,18,19,2,6,0,0,0,0,0,0,0,3,1,1,1,2,29,6,2299,2,2,-1,4,E01020935,0,-1
2021070824875,2021,070824875,1,19,0,18,19,3,7,0,0,2,1,0,0,0,3,1,1,1,1,19,4,2299,2,0,RENAULT TRUCKS MASTER,7,E01014303,0,-1
2021361027594,2021,361027594,2,19,0,18,19,7,3,0,0,0,0,0,0,0,4,1,1,1,1,24,5,2299,2,1,RENAULT TRUCKS MASTER,2,E01014185,0,-1
202131B145721,2021,31B145721,1,19,0,18,19,4,8,0,0,0,0,0,0,0,1,1,1,1,1,36,7,2299,2,0,RENAULT TRUCKS MASTER,4,E01007641,0,-1
2021411056692,2021,411056692,2,19,0,18,19,5,1,0,0,0,0,0,0,0,2,1,1,1,1,37,7,2299,2,0,RENAULT TRUCKS MASTER,1,E01005380,0,-1
2021010298217,2021,010298217,2,19,0,5,5,4,8,0,0,0,0,0,0,0,1,1,1,1,1,22,5,2299,2,1,RENAULT TRUCKS MASTER,7,E01023886,0,-1
2021351061609,2021,351061609,1,19,0,18,19,6,2,0,0,1,0,0,7,0,3,1,1,1,1,27,6,2299,2,1,RENAULT TRUCKS MASTER,4,E01009030,0,-1
2021351128582,2021,351128582,2,19,0,3,3,7,3,0,0,0,0,0,0,0,2,1,1,1,1,22,5,2299,2,1,RENAULT TRUCKS MASTER,5,E01001294,0,-1
2021010303477,2021,010303477,2,19,0,99,99,9,9,99,99,9,9,99,9,99,9,9,6,6,3,-1,-1,2299,2,3,RENAULT TRUCKS MASTER,-1,-1,0,-1
2021991115039,2021,991115039,2,19,0,18,19,8,4,0,0,0,0,0,0,0,2,1,1,1,1,36,7,-1,-1,-1,RENAULT TRUCKS MASTER,3,-1,0,-1
2021031079506,2021,031079506,4,19,0,4,4,8,4,0,0,0,0,0,0,0,2,1,1,1,1,32,6,2299,2,0,RENAULT TRUCKS MASTER,-1,-1,0,-1
2021010347584,2021,010347584,1,19,0,99,99,9,9,99,99,0,9,99,9,99,9,9,1,1,1,46,8,2299,2,2,RENAULT TRUCKS MASTER,2,E01003190,0,-1
2021610053321,2021,610053321,1,19,0,18,19,7,3,0,0,0,0,0,0,0,1,1,1,1,1,59,9,2299,2,0,RENAULT TRUCKS MASTER,6,W01001327,0,-1
2021041081554,2021,041081554,2,19,0,18,19,5,1,0,0,0,0,0,0,0,2,1,1,1,1,61,9,2299,2,2,RENAULT TRUCKS MASTER,3,E01005998,0,-1
2021122100666,2021,122100666,1,20,0,18,19,3,7,0,0,8,0,0,0,0,1,1,1,1,2,58,9,2299,2,1,RENAULT TRUCKS MASTER,4,E01027779,0,-1
2021411021061,2021,411021061,1,19,0,18,19,7,3,0,0,0,1,0,0,0,1,1,1,1,1,-1,-1,2299,2,4,RENAULT TRUCKS MASTER,9,E01033512,0,-1
2021061048848,2021,061048848,2,98,0,4,4,3,7,0,0,1,0,0,0,0,2,1,1,1,1,60,9,2299,2,5,-1,6,E01012616,0,-1
2021421126618,2021,421126618,1,90,0,17,19,1,5,0,0,0,0,0,1,9,4,1,1,1,2,26,6,2299,2,2,-1,7,E01017564,0,-1
2021201105032,2021,201105032,1,19,0,18,19,4,8,0,0,6,0,0,0,0,1,1,1,1,1,49,8,2299,2,4,RENAULT TRUCKS MASTER,1,E01008916,0,-1
2021501064005,2021,501064005,3,19,0,18,19,1,5,0,0,1,1,0,0,0,1,1,1,1,1,21,5,-1,-1,-1,RENAULT TRUCKS MASTER,5,E01018947,0,-1
2021221048539,2021,221048539,1,19,0,18,19,8,4,0,0,0,0,0,0,0,0,1,1,1,1,35,6,2299,2,0,RENAULT TRUCKS MASTER,8,E01029475,0,-1
2021201104552,2021,201104552,4,19,0,2,2,0,0,0,0,0,0,0,0,0,2,1,6,6,1,59,9,2299,2,2,RENAULT TRUCKS MASTER,2,E01010313,0,-1
2021010294664,2021,010294664,2,19,9,6,6,1,5,99,99,9,9,99,9,99,9,9,6,6,3,-1,-1,2299,2,1,RENAULT TRUCKS MASTER,-1,-1,0,-1
202134WNC7061,2021,34WNC7061,2,19,0,18,19,5,1,0,0,8,0,0,0,0,1,1,1,1,1,26,6,2299,2,0,RENAULT TRUCKS MASTER,5,E01027133,0,-1
2021231098489,2021,231098489,2,19,0,11,11,6,2,0,0,0,0,0,0,0,1,1,5,6,1,33,6,-1,-1,-1,RENAULT TRUCKS MASTER,2,E01029859,0,-1
2021161036296,2021,161036296,1,19,0,18,19,1,5,0,0,1,0,0,0,0,1,1,1,1,1,26,6,2299,2,5,RENAULT TRUCKS MASTER,9,E01011880,0,-1
2021430072781,2021,430072781,1,19,0,6,6,7,7,0,0,1,0,0,0,0,3,1,1,1,2,33,6,-1,-1,-1,RENAULT TRUCKS MASTER,1,E01014658,0,-1
2021231074389,2021,231074389,1,19,0,12,12,8,4,0,0,8,0,0,0,0,3,1,1,1,1,53,8,2299,2,3,RENAULT TRUCKS MASTER,2,E01010036,0,-1
2021141116336,2021,141116336,3,19,0,17,19,2,5,0,0,0,0,0,0,0,1,1,1,1,1,47,8,2299,2,0,RENAULT TRUCKS MASTER,2,E01009998,0,-1
2021010290686,2021,010290686,1,20,0,7,7,5,8,0,0,8,0,0,0,0,4,1,1,1,1,32,6,-1,-1,-1,RENAULT TRUCKS MASTER,3,E01001166,0,-1
2021361020513,2021,361020513,2,19,0,18,19,3,7,0,0,2,0,0,0,0,3,1,1,1,1,31,6,2299,2,2,RENAULT TRUCKS MASTER,1,E01010481,0,-1
2021201116892,2021,201116892,1,19,0,3,3,2,6,0,0,0,0,0,0,0,1,1,6,6,1,-1,-1,2299,2,4,RENAULT TRUCKS MASTER,-1,-1,0,-1
2021371067746,2021,371067746,1,19,0,18,19,2,5,0,0,0,0,0,0,0,1,1,1,1,1,30,6,2299,2,0,RENAULT TRUCKS MASTER,7,E01015387,0,-1
2021622100075,2021,622100075,1,19,0,18,19,3,7,0,0,0,5,10,8,7,1,1,1,1,1,52,8,2299,2,7,RENAULT TRUCKS MASTER,4,E01009226,0,-1
2021461113967,2021,461113967,1,19,0,18,19,5,1,0,0,0,0,7,0,0,1,1,5,6,1,30,6,2299,2,2,RENAULT TRUCKS MASTER,5,E01024494,0,-1
2021461111339,2021,461111339,1,19,0,5,5,1,5,0,0,4,0,0,0,0,1,1,6,6,1,50,8,2299,2,0,RENAULT TRUCKS MASTER,6,E01003281,0,-1
2021010318727,2021,010318727,1,10,0,18,19,3,7,0,0,0,0,0,0,0,3,1,1,1,1,-1,-1,-1,-1,-1,RENAULT TRUCKS MASTER,3,E01003617,0,-1
2021010321910,2021,010321910,2,19,0,18,19,6,2,0,0,8,0,0,0,0,4,1,6,6,1,32,6,2299,2,4,RENAULT TRUCKS MASTER,2,E01004746,0,-1
2021451110267,2021,451110267,1,19,0,18,19,5,1,0,0,0,0,0,0,0,4,1,6,6,3,40,7,2299,2,3,RENAULT TRUCKS MASTER,5,E01017525,0,-1
2021320455682,2021,320455682,2,19,0,9,9,6,4,0,0,8,0,0,0,0,3,1,1,1,1,41,7,2299,2,2,RENAULT TRUCKS MASTER,1,E01011912,0,-1
2021548383821,2021,548383821,1,19,0,15,15,4,8,0,0,1,0,0,0,0,1,1,1,1,1,31,6,2299,2,2,RENAULT TRUCKS MASTER,3,E01017267,0,-1
2021461108608,2021,461108608,1,21,0,18,19,4,8,0,0,0,0,0,0,0,1,1,1,1,2,38,7,-1,-1,-1,RENAULT TRUCKS MASTER,4,E01016100,0,-1
2021421109471,2021,421109471,2,90,0,4,4,3,7,0,0,0,0,0,0,0,2,1,1,1,1,52,8,2299,2,2,-1,4,E01021496,0,-1
2021010309920,2021,010309920,1,90,0,18,19,1,5,0,0,1,0,0,0,0,1,1,1,1,1,44,7,2299,2,5,-1,5,E01003941,0,-1
2021461128345,2021,461128345,2,90,0,14,14,5,1,0,0,0,0,0,0,0,0,1,1,1,3,-1,-1,2299,2,4,-1,-1,-1,0,-1
2021471025114,2021,471025114,2,19,0,10,10,3,1,0,0,0,0,0,0,0,2,2,2,2,1,54,8,2464,2,11,RENAULT TRUCKS MASTER,10,E01024468,0,-1
2021430449068,2021,430449068,2,19,0,12,12,4,8,0,0,1,0,0,0,0,3,1,6,6,3,-1,-1,2299,2,5,RENAULT TRUCKS MASTER,-1,-1,0,-1
2021010305246,2021,010305246,1,19,9,99,99,9,9,99,99,9,9,99,9,99,2,9,6,6,3,-1,-1,2299,2,3,RENAULT TRUCKS MASTER,-1,-1,0,-1
2021061064762,2021,061064762,1,19,0,18,19,5,1,0,0,0,2,0,1,7,4,1,2,2,1,68,10,2299,2,10,RENAULT TRUCKS MASTER,2,E01005008,0,-1
2021010331474,2021,010331474,2,19,0,18,19,7,3,0,0,1,0,0,0,0,1,1,1,1,1,26,6,2299,2,3,RENAULT TRUCKS MASTER,3,E01004325,0,-1
2021010320724,2021,010320724,2,19,0,18,19,5,1,0,0,0,0,0,0,0,1,1,1,1,1,41,7,2299,2,3,RENAULT TRUCKS MASTER,9,E01024473,0,-1
2021371141773,2021,371141773,1,19,0,18,19,1,5,0,0,0,0,6,0,0,1,1,1,1,1,28,6,2299,2,0,RENAULT TRUCKS MASTER,2,E01010562,0,-1
2021302101770,2021,302101770,2,19,0,18,19,8,4,0,0,0,0,0,0,0,2,1,1,1,1,40,7,2299,2,4,RENAULT TRUCKS MASTER,4,E01029830,0,-1
2021170S32021,2021,170S32021,2,19,0,13,13,1,5,0,0,0,0,0,0,0,1,1,1,1,1,57,9,2299,2,2,RENAULT TRUCKS MASTER,-1,-1,0,-1
2021302100456,2021,302100456,3,19,0,4,4,2,6,0,0,1,0,0,0,0,2,1,1,1,2,32,6,-1,-1,-1,RENAULT TRUCKS MASTER,5,E01033413,0,-1
2021552100904,2021,552100904,1,19,0,5,5,1,5,0,0,6,0,0,0,0,4,1,1,1,2,21,5,2299,2,3,RENAULT TRUCKS MASTER,4,E01015385,0,-1
2021010332729,2021,010332729,1,90,0,7,7,3,6,0,0,8,0,0,0,0,1,1,1,1,1,58,9,2299,2,2,-1,3,E01016012,0,-1
2021320714081,2021,320714081,1,19,0,9,9,4,2,0,0,5,5,0,3,0,4,1,1,1,1,34,6,2299,2,5,RENAULT TRUCKS MASTER,4,E01011529,0,-1
2021461068097,2021,461068097,3,19,0,18,19,5,1,0,0,0,0,0,0,0,3,1,6,6,1,42,7,2299,2,0,RENAULT TRUCKS MASTER,10,E01031715,0,-1
2021131129983,2021,131129983,2,19,0,12,12,3,5,0,0,8,0,0,0,0,3,1,1,1,1,47,8,2299,2,0,RENAULT TRUCKS MASTER,5,E01027130,0,-1
2021351016333,2021,351016333,2,19,0,18,19,5,1,0,0,0,1,0,1,0,1,1,6,6,1,58,9,2299,2,6,RENAULT TRUCKS MASTER,6,E01017967,0,-1
2021552100918,2021,552100918,3,2,0,4,4,5,1,0,0,0,0,0,0,0,2,1,6,6,1,16,4,50,1,0,-1,10,E01020415,0,-1
2021501058179,2021,501058179,1,2,0,18,19,7,3,0,0,1,1,0,0,0,1,1,5,6,1,16,4,50,1,5,-1,6,E01015246,0,-1
2021461079751,2021,461079751,1,2,0,13,13,5,1,0,0,1,0,0,0,0,1,1,5,6,1,17,4,50,1,6,-1,8,E01032819,0,-1
2021522102788,2021,522102788,2,2,0,18,19,7,3,0,0,8,0,0,0,0,1,1,6,6,2,16,4,50,1,1,-1,10,E01014877,0,-1
2021231102842,2021,231102842,2,2,0,18,19,3,7,0,0,8,0,0,0,0,1,1,5,6,2,16,4,50,1,1,-1,6,E01031187,0,-1
2021010313247,2021,010313247,2,2,0,13,13,1,5,0,0,8,0,0,3,10,3,1,6,6,1,16,4,50,1,0,-1,3,E01024169,0,-1
2021320002207,2021,320002207,2,3,0,16,19,2,4,0,0,0,1,0,0,0,4,1,2,2,1,18,4,124,1,1,-1,9,E01032993,0,-1
2021361054905,2021,361054905,1,2,0,12,12,5,1,0,0,0,0,0,0,0,4,1,6,6,1,16,4,50,1,1,-1,7,E01026564,0,-1
2021501080156,2021,501080156,1,2,0,18,19,1,5,0,0,0,0,0,0,0,1,1,5,6,1,16,4,50,1,5,-1,3,E01020225,0,-1
2021031090394,2021,031090394,1,2,0,18,19,5,1,0,0,0,0,0,0,0,1,1,5,6,1,16,4,50,1,1,-1,4,E01019332,0,-1
2021991059709,2021,991059709,1,4,0,18,19,7,3,0,0,1,5,0,0,0,1,1,6,6,1,72,10,499,1,18,-1,5,-1,0,-1
2021552100889,2021,552100889,2,19,0,3,3,4,8,0,0,1,0,0,0,0,2,1,6,6,1,73,10,1298,1,20,SUZUKI CARRY,8,E01015350,0,-1
2021010322073,2021,010322073,1,19,0,7,7,7,2,0,0,5,0,0,0,0,3,1,6,6,2,60,9,1298,1,16,SUZUKI CARRY,4,E01000728,0,-1
2021440090043,2021,440090043,1,19,0,18,19,5,1,0,0,8,0,9,7,1,1,1,6,6,1,39,7,1298,1,18,SUZUKI CARRY,7,E01023257,0,-1
2021010353800,2021,010353800,1,19,0,99,99,9,9,99,99,9,9,99,9,99,1,9,1,1,1,49,8,1298,1,21,SUZUKI CARRY,6,E01004164,0,-1
2021471069114,2021,471069114,1,19,0,9,9,1,7,0,0,6,0,0,0,0,3,1,5,6,1,57,9,1298,1,19,SUZUKI CARRY,8,E01017010,0,-1
2021440172355,2021,440172355,1,19,0,7,7,3,5,0,0,6,0,0,0,0,3,1,6,6,1,69,10,1298,1,20,SUZUKI CARRY,5,E01017310,0,-1
2021361089813,2021,361089813,1,19,0,18,19,2,5,0,0,0,2,0,7,1,1,1,6,6,1,25,5,1298,1,17,SUZUKI CARRY,4,E01026444,0,-1
2021320114288,2021,320114288,1,19,0,18,19,6,2,0,0,0,1,0,7,0,1,1,6,6,1,64,9,1298,1,17,SUZUKI CARRY,2,E01013143,0,-1
2021471106992,2021,471106992,2,19,0,18,19,7,3,0,0,0,5,0,7,4,3,1,2,2,2,48,8,1298,1,17,SUZUKI CARRY,5,E01016991,0,-1
2021411023480,2021,411023480,2,19,0,4,4,7,3,0,0,0,0,0,0,0,2,1,1,1,1,46,8,1298,1,17,SUZUKI CARRY,7,E01002222,0,-1
2021440369093,2021,440369093,1,19,0,1,1,2,6,0,0,0,0,0,0,0,2,1,6,6,1,65,9,1298,1,16,SUZUKI CARRY,4,E01017289,0,-1
2021501069218,2021,501069218,1,19,0,18,19,1,5,0,0,0,0,0,0,0,1,1,6,6,1,24,5,1298,1,19,SUZUKI CARRY,3,E01018953,0,-1
2021231050815,2021,231050815,1,19,0,1,1,2,6,9,9,0,0,0,0,0,2,1,1,1,2,53,8,1298,1,17,SUZUKI CARRY,3,E01031065,0,-1
2021471083970,2021,471083970,2,5,0,18,19,6,2,0,0,2,1,0,0,0,1,1,5,6,1,64,9,1462,1,22,-1,4,E01016898,0,-1
2021531069734,2021,531069734,1,5,0,18,19,2,6,0,0,8,0,9,0,0,1,1,6,6,1,56,9,1462,1,23,-1,5,E01022154,0,-1
2021061090099,2021,061090099,2,9,0,15,15,4,8,0,0,1,0,0,0,0,1,1,6,6,3,30,6,1462,1,19,-1,-1,-1,0,-1
2021411083252,2021,411083252,1,5,0,13,13,4,8,0,0,0,0,0,4,0,1,1,5,6,1,23,5,955,1,21,-1,9,E01023653,0,-1
2021461117655,2021,461117655,2,5,0,18,19,7,3,0,0,1,0,0,0,0,1,1,6,6,1,44,7,800,1,8,Triumph TIGER,8,E01032819,0,-1
2021061055391,2021,061055391,2,5,0,18,19,1,5,0,0,8,0,0,0,0,1,1,6,6,1,-1,-1,1215,1,7,Triumph TIGER,10,E01005839,0,-1
2021461092874,2021,461092874,1,5,0,18,19,3,7,0,0,8,0,0,0,0,1,1,6,6,1,54,8,1215,1,6,Triumph TIGER,1,E01024649,0,-1
2021041024502,2021,041024502,2,5,0,18,19,5,1,0,0,2,5,0,0,0,2,1,1,1,1,64,9,1050,1,5,Triumph TIGER,10,E01025019,0,-1
2021531103052,2021,531103052,2,5,0,18,19,-1,-1,0,0,4,2,0,0,0,4,1,5,6,1,27,6,800,1,9,Triumph TIGER,9,E01022422,0,-1
2021141074418,2021,141074418,1,5,0,18,19,7,3,0,0,0,0,0,0,0,4,1,5,6,1,46,8,1215,1,6,Triumph TIGER,1,E01007597,0,-1
2021041079719,2021,041079719,2,5,0,14,14,1,5,0,0,1,0,0,0,0,4,1,2,2,1,59,9,800,1,10,Triumph TIGER,1,E01025283,0,-1
2021122100453,2021,122100453,1,5,0,18,19,7,3,0,0,0,1,0,0,0,2,1,6,6,1,48,8,800,1,6,Triumph TIGER,5,E01011192,0,-1
2021231030225,2021,231030225,2,5,0,4,4,5,1,0,0,8,0,0,0,0,4,1,5,6,1,38,7,800,1,9,Triumph TIGER,10,E01031287,0,-1
2021111061995,2021,111061995,2,5,0,13,13,2,2,0,0,1,0,0,0,0,2,1,5,6,1,69,10,1215,1,6,Triumph TIGER,9,W01000042,0,-1
2021122100978,2021,122100978,1,5,0,18,19,1,5,0,0,1,0,0,0,0,4,1,6,6,1,21,5,800,1,8,Triumph TIGER,-1,-1,0,-1
2021122100903,2021,122100903,1,5,0,18,19,5,1,0,0,8,1,0,0,0,0,1,6,6,1,69,10,1634,1,12,-1,7,E01013449,0,-1
2021430303722,2021,430303722,1,11,0,7,7,8,2,0,0,8,0,0,0,0,1,1,1,1,1,62,9,-1,2,12,-1,5,E01028605,0,-1
2021010339724,2021,010339724,2,3,0,18,19,1,5,0,0,1,0,0,0,0,3,1,2,2,1,54,8,49,1,0,-1,2,E01033726,0,-1
2021622100953,2021,622100953,2,2,0,3,3,8,4,0,0,4,0,0,0,0,2,1,6,6,1,16,4,49,1,0,-1,3,W01000961,0,-1
2021991081911,2021,991081911,1,90,0,18,19,3,7,0,0,8,2,0,7,0,1,1,5,6,1,30,6,197,1,13,-1,-1,-1,0,-1
2021010317717,2021,010317717,1,9,0,5,5,6,2,0,0,8,0,0,0,0,1,1,6,6,1,42,7,1995,2,5,BMW 2 SERIES,2,E01000007,0,-1
2021522104650,2021,522104650,1,9,0,18,19,7,3,0,0,1,0,7,1,11,1,1,6,6,1,50,8,1998,1,0,BMW 2 SERIES,10,E01014879,0,-1
2021061097529,2021,061097529,2,9,0,18,19,6,2,0,0,0,0,0,0,0,1,1,5,6,3,30,6,1499,1,0,BMW 2 SERIES,-1,-1,0,-1
2021471111687,2021,471111687,2,9,0,5,5,7,2,0,0,8,0,0,0,0,1,1,5,6,2,56,9,1499,1,2,BMW 2 SERIES,6,E01031825,0,-1
2021010320225,2021,010320225,3,9,0,18,19,7,3,0,0,2,0,0,0,0,0,1,1,1,1,32,6,1499,1,2,BMW 2 SERIES,7,E01002514,0,-1
2021010304183,2021,010304183,1,9,0,5,5,1,5,0,0,4,0,0,0,0,1,1,1,1,1,25,5,1499,1,1,BMW 2 SERIES,7,E01003456,0,-1
2021010348123,2021,010348123,1,9,0,18,19,2,6,0,0,4,0,0,0,0,3,1,6,6,1,48,8,1499,1,2,BMW 2 SERIES,1,E01003184,0,-1