collision_index,collision_year,collision_ref_no,vehicle_reference,vehicle_type,towing_and_articulation,vehicle_manoeuvre_historic,vehicle_manoeuvre,vehicle_direction_from,vehicle_direction_to,vehicle_location_restricted_lane_historic,vehicle_location_restricted_lane,junction_location,skidding_and_overturning,hit_object_in_carriageway,vehicle_leaving_carriageway,hit_object_off_carriageway,first_point_of_impact,vehicle_left_hand_drive,journey_purpose_of_driver_historic,journey_purpose_of_driver,sex_of_driver,age_of_driver,age_band_of_driver,engine_capacity_cc,propulsion_code,age_of_vehicle,generic_make_model,driver_imd_decile,lsoa_of_driver,escooter_flag,driver_distance_banding
2021351103500,2021,351103500,2,9,0,7,7,3,7,0,0,3,0,0,0,0,4,1,5,6,2,38,7,1995,2,6,BMW 2 SERIES,5,E01017945,0,-1
2021010296432,2021,010296432,1,9,0,9,9,8,6,0,0,2,0,0,0,0,1,1,2,2,1,29,6,1995,2,5,BMW 2 SERIES,2,E01001947,0,-1
2021010351801,2021,010351801,1,9,0,99,99,9,9,99,99,9,9,99,9,99,2,9,6,6,1,38,7,1998,1,2,BMW 2 SERIES,3,E01002104,0,-1
2021991092756,2021,991092756,1,9,0,5,5,3,1,0,0,8,0,0,0,0,1,1,5,6,1,26,6,1995,2,6,BMW 2 SERIES,7,-1,0,-1
2021052200012,2021,052200012,1,9,0,18,19,5,1,0,0,0,0,0,0,0,1,1,6,6,1,73,10,1995,2,2,BMW 2 SERIES,9,E01007078,0,-1
2021052100818,2021,052100818,1,9,0,18,19,0,6,0,0,0,0,0,0,0,3,1,6,6,2,37,7,1496,2,3,BMW 2 SERIES,7,E01007242,0,-1
2021010322570,2021,010322570,1,9,0,14,14,6,2,0,0,1,0,0,8,11,1,1,1,1,2,33,6,1499,1,1,BMW 2 SERIES,5,E01000631,0,-1
2021131047765,2021,131047765,3,9,0,18,19,1,5,0,0,0,0,0,0,0,1,1,2,2,2,59,9,1995,2,3,BMW 2 SERIES,8,E01032922,0,-1
2021010320468,2021,010320468,1,8,0,5,5,3,7,0,0,0,1,0,0,0,3,1,1,1,1,57,9,1499,8,1,BMW 2 SERIES,3,E01001578,0,-1
2021471082357,2021,471082357,1,9,0,7,7,1,3,0,0,6,0,0,0,0,3,1,6,6,2,55,8,1499,8,3,BMW 2 SERIES,7,E01016961,0,-1
2021010352102,2021,010352102,2,9,9,99,99,9,9,99,99,9,9,99,9,99,9,9,6,6,3,-1,-1,1995,2,5,BMW 2 SERIES,3,E01001186,0,-1
2021141047785,2021,141047785,3,9,0,4,4,8,4,0,0,1,0,0,0,0,2,1,5,6,2,44,7,1995,2,5,BMW 2 SERIES,1,E01007727,0,-1
2021010323794,2021,010323794,2,9,0,9,9,6,4,0,0,5,0,0,0,0,4,1,6,6,2,39,7,1995,2,4,BMW 2 SERIES,4,E01004462,0,-1
2021010312146,2021,010312146,1,9,0,9,9,2,8,0,0,5,0,0,0,0,2,1,6,6,1,21,5,1995,2,6,BMW 2 SERIES,2,E01003974,0,-1
2021010317158,2021,010317158,2,9,0,1,1,5,1,0,0,2,0,0,0,0,1,1,6,6,1,46,8,1499,1,1,BMW 2 SERIES,2,E01004403,0,-1
2021421082308,2021,421082308,2,9,0,18,19,5,1,0,0,4,0,0,0,0,3,1,6,6,1,25,5,1499,1,6,BMW 2 SERIES,3,E01021490,0,-1
2021430489812,2021,430489812,2,9,0,18,19,1,5,0,0,1,0,0,0,0,1,1,6,6,2,-1,-1,1995,2,7,BMW 2 SERIES,-1,-1,0,-1
2021361017024,2021,361017024,1,9,5,18,19,8,4,0,0,0,0,0,0,0,3,1,2,2,1,24,5,1995,2,5,BMW 2 SERIES,7,E01026484,0,-1
2021010351745,2021,010351745,2,9,0,18,19,1,5,0,0,1,0,0,0,0,2,1,6,6,1,45,7,1995,2,6,BMW 2 SERIES,-1,-1,0,-1
2021010295005,2021,010295005,3,9,0,18,19,7,3,0,0,0,0,0,0,0,2,1,1,1,1,47,8,1499,1,2,BMW 2 SERIES,2,E01004008,0,-1
2021010299503,2021,010299503,1,9,0,9,9,5,3,0,0,0,0,0,0,0,3,1,1,1,2,36,7,1499,1,1,BMW 2 SERIES,4,E01033589,0,-1
2021201142109,2021,201142109,1,9,0,18,19,-1,-1,0,0,4,0,0,0,0,0,1,6,6,1,-1,-1,1995,2,5,BMW 2 SERIES,9,E01009422,0,-1
2021302100860,2021,302100860,1,9,0,18,19,4,8,0,0,1,0,0,0,0,1,1,2,2,1,64,9,1998,1,0,BMW 2 SERIES,8,E01007986,0,-1
2021010319273,2021,010319273,1,9,0,2,2,0,0,0,0,1,0,0,0,0,3,1,6,6,3,-1,-1,1499,1,5,BMW 2 SERIES,-1,-1,0,-1
2021440213466,2021,440213466,1,9,0,3,3,1,5,0,0,1,0,0,0,0,2,1,6,6,1,39,7,1499,8,5,BMW 2 SERIES,8,E01004193,0,-1
2021461064311,2021,461064311,4,9,0,18,19,3,7,0,0,0,0,0,0,0,2,1,6,6,1,33,6,1995,2,4,BMW 2 SERIES,7,E01024302,0,-1
2021501074214,2021,501074214,1,9,0,18,19,1,5,0,0,8,0,0,0,0,1,1,5,6,1,28,6,1995,2,6,BMW 2 SERIES,4,E01018840,0,-1
2021061047827,2021,061047827,1,9,0,18,19,1,5,0,0,0,0,0,0,0,3,1,6,6,1,26,6,1499,1,0,BMW 2 SERIES,-1,-1,0,-1
2021061069195,2021,061069195,1,9,0,18,19,5,1,0,0,0,0,0,0,0,1,1,5,6,1,18,4,1499,1,4,BMW 2 SERIES,7,E01006057,0,-1
2021430211861,2021,430211861,1,9,0,18,19,1,5,0,0,6,0,0,0,0,1,1,6,6,1,67,10,1995,2,5,BMW 2 SERIES,8,E01016656,0,-1
2021010309639,2021,010309639,3,9,0,13,13,1,5,0,0,0,0,0,0,0,0,1,1,1,1,41,7,1499,1,3,BMW 2 SERIES,-1,-1,0,-1
2021131084863,2021,131084863,1,9,0,5,5,5,1,0,0,4,0,0,0,0,1,1,5,6,1,67,10,1496,2,5,BMW 2 SERIES,3,E01011776,0,-1
2021010319570,2021,010319570,1,9,0,10,10,2,7,0,0,8,0,0,0,0,2,1,6,6,2,38,7,1997,1,6,BMW 2 SERIES,3,E01002558,0,-1
2021010295567,2021,010295567,1,9,0,3,3,5,1,0,0,2,0,0,0,0,0,1,6,6,2,39,7,1995,2,1,BMW 2 SERIES,2,E01002080,0,-1
2021991119613,2021,991119613,1,9,0,9,9,7,5,7,6,0,0,0,7,0,1,1,6,6,2,42,7,1496,2,5,BMW 2 SERIES,10,-1,0,-1
2021010299412,2021,010299412,1,9,0,99,99,9,9,99,99,9,9,99,9,99,2,9,6,6,1,49,8,1995,2,4,BMW 2 SERIES,5,E01004275,0,-1
2021010308577,2021,010308577,2,9,0,99,99,9,9,99,99,9,9,99,9,99,1,9,6,6,1,51,8,1995,2,1,BMW 2 SERIES,3,E01001831,0,-1
2021201028962,2021,201028962,1,9,0,17,19,1,7,0,0,0,0,4,0,0,1,1,6,6,1,37,7,1499,1,2,BMW 2 SERIES,5,E01009615,0,-1
2021501116008,2021,501116008,1,9,0,17,19,7,5,0,0,1,0,0,0,0,1,1,1,1,1,37,7,1496,2,4,BMW 2 SERIES,5,E01020220,0,-1
2021552100863,2021,552100863,1,9,0,9,9,8,6,0,0,5,0,0,0,0,1,1,6,6,2,63,9,1995,2,5,BMW 2 SERIES,10,E01015452,0,-1
2021010345413,2021,010345413,1,9,0,99,99,9,9,99,99,0,9,99,9,99,9,9,6,6,1,35,6,1499,1,2,BMW 2 SERIES,3,E01000922,0,-1
2021010331965,2021,010331965,1,9,0,3,3,3,7,0,0,0,0,0,0,0,1,1,6,6,1,33,6,1496,2,6,BMW 2 SERIES,2,E01000861,0,-1
2021041067767,2021,041067767,1,9,0,18,19,7,3,0,0,0,0,0,0,0,4,1,5,6,2,26,6,1499,1,3,BMW 2 SERIES,3,E01012732,0,-1
2021010338690,2021,010338690,2,9,0,4,4,7,3,0,0,0,0,0,0,0,2,1,1,1,1,26,6,1499,1,2,BMW 2 SERIES,6,E01000330,0,-1
2021010323126,2021,010323126,1,9,0,18,19,5,1,0,0,1,0,4,1,2,1,1,6,6,1,39,7,1995,2,6,BMW 2 SERIES,-1,-1,0,-1
2021010337089,2021,010337089,1,9,0,3,3,6,2,0,0,2,0,0,0,0,1,1,1,1,1,52,8,1499,1,1,BMW 2 SERIES,2,E01004008,0,-1
2021461065590,2021,461065590,1,9,0,18,19,1,5,0,0,0,0,0,0,0,1,1,6,6,2,68,10,1997,1,7,BMW 2 SERIES,7,E01024141,0,-1
2021141091046,2021,141091046,2,9,0,18,19,8,4,0,0,8,0,0,0,0,1,1,6,6,2,46,8,1995,2,5,BMW 2 SERIES,8,E01032924,0,-1
2021010292874,2021,010292874,2,9,0,18,19,3,7,0,0,8,0,0,0,0,1,1,1,1,2,36,7,1499,1,3,BMW 2 SERIES,6,E01021380,0,-1
2021361068564,2021,361068564,2,9,0,18,19,6,3,0,0,1,0,0,0,0,1,1,2,2,2,28,6,1997,1,5,BMW 2 SERIES,8,E01026490,0,-1
2021471096818,2021,471096818,1,9,0,5,5,8,2,0,0,1,0,0,0,0,1,1,5,6,2,76,11,1995,2,6,BMW 2 SERIES,8,E01023235,0,-1
2021131099914,2021,131099914,2,9,0,18,19,3,7,0,0,0,1,4,0,0,2,1,5,6,1,22,5,1499,1,3,BMW 2 SERIES,7,E01011127,0,-1
2021440415863,2021,440415863,2,9,0,18,19,6,2,0,0,1,0,0,0,0,1,1,6,6,2,25,5,1499,1,1,BMW 2 SERIES,7,E01016383,0,-1
2021061091207,2021,061091207,2,9,0,3,3,1,5,0,0,0,0,0,0,0,4,1,6,6,1,26,6,1499,1,5,BMW 2 SERIES,-1,-1,0,-1
2021010315555,2021,010315555,3,9,0,3,3,3,7,0,0,1,0,0,0,0,3,1,6,6,1,26,6,1499,1,1,BMW 2 SERIES,8,E01026350,0,-1
2021010308134,2021,010308134,1,9,0,9,9,5,3,0,0,1,0,0,0,0,1,1,3,7,1,38,7,1998,1,3,BMW 2 SERIES,6,E01001254,0,-1
2021010325658,2021,010325658,1,9,0,18,19,3,7,0,0,1,0,0,0,0,0,1,1,1,1,27,6,1499,1,1,BMW 2 SERIES,3,E01002612,0,-1
2021010338783,2021,010338783,2,9,0,9,9,3,8,0,0,6,1,0,0,0,1,1,2,2,1,56,9,1995,2,4,BMW 2 SERIES,10,E01000757,0,-1
2021010344681,2021,010344681,1,9,0,99,99,9,9,99,99,9,9,99,9,99,9,9,6,6,2,47,8,1995,2,5,BMW 2 SERIES,6,E01001408,0,-1
202131C099821,2021,31C099821,1,9,0,9,9,3,1,0,0,6,0,0,0,0,1,1,6,6,1,54,8,1499,1,1,BMW 2 SERIES,4,E01019503,0,-1
2021010301258,2021,010301258,2,9,0,2,2,0,0,0,0,0,0,0,0,0,2,1,6,6,3,-1,-1,1995,2,2,BMW 2 SERIES,-1,-1,0,-1
2021061081786,2021,061081786,2,9,0,3,3,1,5,0,0,1,0,0,0,0,1,1,6,6,1,48,8,1499,1,2,BMW 2 SERIES,2,E01005145,0,-1
2021061122169,2021,061122169,1,9,0,18,19,1,5,0,0,1,0,0,0,0,1,1,6,6,1,30,6,1499,1,0,BMW 2 SERIES,1,E01004927,0,-1
2021101052923,2021,101052923,2,9,0,18,19,3,7,0,0,8,0,0,0,0,4,1,5,6,1,53,8,1995,2,6,BMW 2 SERIES,1,E01027412,0,-1
2021010329585,2021,010329585,2,9,0,5,5,1,5,0,0,6,0,0,0,0,1,1,6,6,1,53,8,1499,1,6,BMW 2 SERIES,-1,-1,0,-1
2021461072304,2021,461072304,1,9,0,18,19,7,3,0,0,0,0,0,0,0,2,1,5,6,2,45,7,1499,1,1,BMW 2 SERIES,6,E01024704,0,-1
2021010347098,2021,010347098,1,9,0,1,1,3,7,0,0,2,0,0,0,0,2,1,6,6,1,53,8,1499,1,1,BMW 2 SERIES,5,E01001293,0,-1
2021430504617,2021,430504617,1,9,0,4,4,6,2,0,0,1,0,0,0,0,2,1,6,6,1,26,6,1499,1,0,BMW 2 SERIES,-1,-1,0,-1
2021991061572,2021,991061572,1,9,0,9,9,2,8,0,0,6,0,0,0,0,3,1,5,6,2,18,4,1995,2,7,BMW 2 SERIES,8,-1,0,-1
2021010306534,2021,010306534,2,9,0,4,4,7,3,0,0,0,0,0,0,0,0,1,1,1,1,21,5,1499,1,1,BMW 2 SERIES,7,E01001343,0,-1
2021010321401,2021,010321401,1,9,0,4,4,3,7,0,0,1,0,0,0,0,1,1,1,1,1,51,8,1499,1,1,BMW 2 SERIES,-1,-1,0,-1
2021411040555,2021,411040555,1,9,0,18,19,1,5,0,0,4,0,0,0,0,3,1,5,6,1,52,8,1496,2,4,BMW 2 SERIES,10,E01023686,0,-1
2021131066683,2021,131066683,2,9,0,18,19,1,5,0,0,0,0,0,0,0,1,1,5,6,1,42,7,1496,2,4,BMW 2 SERIES,1,E01010821,0,-1
2021010319674,2021,010319674,1,9,0,3,3,7,3,0,0,8,0,0,0,0,1,1,6,6,1,26,6,1995,2,5,BMW 2 SERIES,9,E01004111,0,-1
2021231083662,2021,231083662,2,9,0,18,19,5,1,0,0,0,1,0,5,0,2,1,5,6,2,57,9,1995,2,6,BMW 2 SERIES,8,E01032171,0,-1
2021461047174,2021,461047174,1,9,0,5,5,7,3,7,6,0,0,0,0,0,4,1,6,6,2,21,5,1499,1,5,BMW 2 SERIES,9,E01024849,0,-1
2021461105887,2021,461105887,1,9,0,18,19,7,3,0,0,0,0,0,0,0,0,1,5,6,1,51,8,1995,2,6,BMW 2 SERIES,9,E01024145,0,-1
2021552100794,2021,552100794,2,9,0,18,19,4,8,0,0,8,0,0,0,0,3,1,6,6,1,49,8,1499,1,6,BMW 2 SERIES,9,E01002951,0,-1
2021471084325,2021,471084325,2,9,0,4,4,1,5,0,0,1,0,0,0,0,2,1,5,6,2,40,7,1499,1,2,BMW 2 SERIES,1,E01016880,0,-1
2021010301119,2021,010301119,1,9,0,99,99,9,9,99,99,9,9,99,9,99,9,9,6,6,2,22,5,1499,1,3,BMW 2 SERIES,3,E01003352,0,-1
2021010294429,2021,010294429,1,9,0,18,19,3,7,0,0,8,0,0,0,0,4,1,2,2,1,24,5,1499,1,5,BMW 2 SERIES,3,E01003571,0,-1
2021421032297,2021,421032297,1,9,0,18,19,5,1,0,0,4,0,0,0,0,1,1,6,6,1,43,7,1995,2,5,BMW 2 SERIES,10,E01021345,0,-1
2021010307035,2021,010307035,2,9,0,16,19,5,1,0,0,8,0,0,0,0,1,1,1,1,2,26,6,1499,1,2,BMW 2 SERIES,3,E01001045,0,-1
2021610049721,2021,610049721,2,9,0,18,19,5,1,0,0,0,0,0,4,7,1,1,6,6,1,22,5,1995,2,6,BMW 2 SERIES,8,W01001553,0,-1
2021531063864,2021,531063864,2,9,0,4,4,8,4,0,0,0,5,0,1,0,2,1,5,6,2,31,6,1499,1,7,BMW 2 SERIES,4,E01009250,0,-1
2021041105321,2021,041105321,2,9,0,18,19,1,5,0,0,8,0,0,0,0,1,1,5,6,1,26,6,1998,1,2,BMW 2 SERIES,5,E01012701,0,-1
2021070042359,2021,070042359,1,9,0,9,9,2,8,0,0,2,0,0,0,0,1,1,2,2,2,26,6,1995,2,6,BMW 2 SERIES,1,E01012453,0,-1
2021010310494,2021,010310494,1,9,0,18,19,3,7,0,0,8,0,0,7,0,4,1,6,6,2,44,7,1499,1,4,BMW 2 SERIES,5,E01003414,0,-1
2021440436322,2021,440436322,1,9,0,18,19,7,3,0,0,0,1,0,2,7,1,1,6,6,1,28,6,1995,2,5,BMW 2 SERIES,4,E01030383,0,-1
2021471065374,2021,471065374,2,9,0,16,19,2,4,0,0,0,0,0,7,0,1,1,5,6,2,55,8,1499,1,6,BMW 2 SERIES,6,E01031687,0,-1
2021061108338,2021,061108338,1,9,0,17,19,2,8,0,0,0,0,0,0,0,3,1,6,6,1,65,9,1496,2,6,BMW 2 SERIES,3,E01006286,0,-1
2021010341625,2021,010341625,1,9,0,8,8,5,8,0,0,2,0,0,0,0,4,1,3,7,2,34,6,1995,2,4,BMW 2 SERIES,3,E01001244,0,-1
2021010312197,2021,010312197,2,9,0,4,4,3,7,0,0,1,0,0,0,0,4,1,1,1,1,28,6,1499,1,1,BMW 2 SERIES,1,E01003047,0,-1
2021010308963,2021,010308963,1,9,0,18,19,4,8,0,0,1,0,0,0,0,3,1,1,1,1,31,6,1499,1,3,BMW 2 SERIES,5,E01033573,0,-1
2021451030516,2021,451030516,1,9,0,18,19,2,6,0,0,3,1,0,0,0,4,1,5,6,1,19,4,1499,1,5,BMW 2 SERIES,10,E01030789,0,-1
2021131104194,2021,131104194,1,9,0,18,19,7,3,0,0,4,0,0,0,0,2,1,5,6,2,51,8,1499,1,0,BMW 2 SERIES,-1,-1,0,-1
2021461094439,2021,461094439,1,9,0,3,3,3,7,0,0,0,0,0,0,0,3,1,6,6,1,69,10,1499,1,3,BMW 2 SERIES,5,E01016029,0,-1
2021991024470,2021,991024470,2,9,0,3,3,4,8,0,0,0,0,0,0,0,3,1,2,2,2,32,6,1499,1,4,BMW 2 SERIES,10,-1,0,-1
2021010298160,2021,010298160,1,9,0,3,3,3,7,0,0,9,0,0,0,0,2,1,6,6,1,41,7,1499,1,1,BMW 2 SERIES,2,E01003546,0,-1
2021010337119,2021,010337119,1,9,0,18,19,7,3,0,0,2,0,0,0,0,1,1,6,6,2,69,10,1499,1,5,BMW 2 SERIES,4,E01000507,0,-1
2021010331921,2021,010331921,2,9,0,99,99,9,9,99,99,9,9,99,9,99,9,9,6,6,3,-1,-1,1995,2,3,BMW 2 SERIES,-1,-1,0,-1
2021041083359,2021,041083359,1,9,0,18,19,5,5,0,0,0,5,0,0,0,3,1,5,6,1,20,4,1995,2,7,BMW 2 SERIES,6,E01004936,0,-1
2021361138522,2021,361138522,2,9,0,3,3,2,6,0,0,0,0,0,1,9,2,1,5,6,2,54,8,1997,1,5,BMW 2 SERIES,3,E01026719,0,-1
2021461061861,2021,461061861,1,9,0,18,19,7,3,0,0,0,0,0,0,0,0,1,6,6,2,20,4,1995,2,6,BMW 2 SERIES,6,E01024071,0,-1
202131C114221,2021,31C114221,2,9,0,18,19,2,6,0,0,3,0,0,0,0,4,1,6,6,2,35,6,1995,2,7,BMW 2 SERIES,4,E01028159,0,-1
2021010303132,2021,010303132,1,9,0,99,99,9,9,99,99,9,9,99,9,99,2,9,6,6,2,51,8,1499,1,5,BMW 2 SERIES,5,E01002352,0,-1
2021131090416,2021,131090416,2,9,0,3,3,3,1,0,0,0,0,0,0,0,4,1,6,6,2,25,5,1499,1,0,BMW 2 SERIES,2,E01011166,0,-1
2021010315295,2021,010315295,1,9,0,4,4,3,7,0,0,5,0,0,0,0,2,1,3,7,2,48,8,1499,8,5,BMW 2 SERIES,8,E01004293,0,-1
2021041043239,2021,041043239,1,9,0,18,19,1,5,0,0,1,0,0,0,0,1,1,5,6,2,24,5,1995,2,5,BMW 2 SERIES,3,E01012708,0,-1
2021010301419,2021,010301419,2,9,0,99,99,9,9,99,99,9,9,99,9,99,9,9,6,6,3,-1,-1,1499,1,4,BMW 2 SERIES,1,E01004318,0,-1
2021552200038,2021,552200038,1,9,0,7,7,3,6,0,0,6,0,0,0,0,1,1,6,6,2,34,6,1499,1,5,BMW 2 SERIES,9,E01015351,0,-1
2021010334593,2021,010334593,1,9,0,99,99,9,9,99,99,9,9,99,9,99,2,9,6,6,2,37,7,1496,2,6,BMW 2 SERIES,4,E01000591,0,-1
2021010299236,2021,010299236,2,9,9,99,99,9,9,99,99,9,9,99,9,99,9,9,6,6,3,-1,-1,1995,2,1,BMW 2 SERIES,-1,-1,0,-1
2021141126551,2021,141126551,2,9,0,1,1,1,5,0,0,0,0,0,0,0,3,1,5,6,2,49,8,1995,2,6,BMW 2 SERIES,1,E01033277,0,-1
2021131088877,2021,131088877,2,9,0,-1,-1,-1,-1,0,0,4,-1,-1,-1,-1,-1,1,6,6,3,-1,-1,1995,2,6,BMW 2 SERIES,-1,-1,0,-1
2021201143234,2021,201143234,1,9,0,13,13,4,8,0,0,0,0,0,0,0,1,1,6,6,1,17,4,1499,1,2,BMW 2 SERIES,-1,-1,0,-1
2021520103405,2021,520103405,1,9,0,5,5,2,6,0,0,4,0,0,0,0,3,1,1,1,2,37,7,1499,1,2,BMW 2 SERIES,6,E01029135,0,-1
2021010345787,2021,010345787,1,9,0,99,99,9,9,99,99,9,9,99,9,99,2,9,2,2,2,27,6,1995,2,4,BMW 2 SERIES,4,E01000323,0,-1
2021010341560,2021,010341560,2,9,0,99,99,9,9,99,99,0,9,99,9,99,1,9,6,6,3,-1,-1,1499,1,6,BMW 2 SERIES,5,E01000996,0,-1
2021131090290,2021,131090290,1,9,0,3,3,4,8,0,0,1,0,0,0,0,2,1,6,6,1,53,8,1499,1,4,BMW 2 SERIES,1,E01010674,0,-1
2021010342537,2021,010342537,2,9,0,99,99,9,9,99,99,9,9,99,9,99,2,9,6,6,2,34,6,1496,2,6,BMW 2 SERIES,4,E01032769,0,-1
2021010308601,2021,010308601,2,9,0,9,9,8,5,0,0,1,0,0,0,0,1,1,2,2,1,27,6,1499,1,1,BMW 2 SERIES,5,E01000583,0,-1
2021221129096,2021,221129096,1,9,0,18,19,1,5,0,0,0,5,0,1,10,4,1,5,6,1,84,11,1995,2,4,BMW 2 SERIES,5,E01014049,0,-1
2021421067824,2021,421067824,1,8,0,1,1,5,1,0,0,0,0,0,0,0,2,1,1,1,1,31,6,1995,2,6,BMW 2 SERIES,1,E01021700,0,-1
2021531021003,2021,531021003,1,9,0,18,19,6,2,0,0,8,0,0,0,0,1,1,1,1,2,56,9,1998,1,4,BMW 2 SERIES,10,E01022339,0,-1
2021522200183,2021,522200183,2,9,0,18,19,1,5,0,0,8,0,0,0,0,4,1,6,6,2,35,6,1995,2,3,BMW 2 SERIES,5,E01015005,0,-1
2021010299483,2021,010299483,2,9,0,99,99,9,9,0,0,8,0,0,0,0,1,1,6,6,3,-1,-1,1997,1,6,BMW 2 SERIES,-1,-1,0,-1
2021302100950,2021,302100950,1,9,0,16,19,8,6,0,0,0,0,0,0,0,0,1,6,6,1,-1,-1,1499,1,0,BMW 2 SERIES,7,E01019713,0,-1
2021010344582,2021,010344582,2,9,0,18,19,7,3,0,0,0,0,0,0,0,1,1,6,6,2,37,7,1998,1,5,BMW 2 SERIES,6,E01000486,0,-1
2021010334938,2021,010334938,1,9,0,99,99,9,9,99,99,0,9,99,9,99,2,9,2,2,2,66,10,1499,1,5,BMW 2 SERIES,3,E01001171,0,-1
2021052102887,2021,052102887,1,9,0,18,19,5,1,0,0,4,0,0,0,0,1,1,2,2,2,54,8,1499,1,5,BMW 2 SERIES,4,E01007160,0,-1
2021010292798,2021,010292798,3,9,0,18,19,5,1,0,0,0,0,0,0,0,1,1,1,1,2,25,5,1499,1,1,BMW 2 SERIES,6,E01001387,0,-1
2021101028666,2021,101028666,1,9,0,18,19,7,1,0,0,4,0,0,0,0,1,1,6,6,1,73,10,1499,1,2,BMW 2 SERIES,7,E01008243,0,-1
2021010287336,2021,010287336,4,9,0,18,19,5,1,0,0,2,0,0,0,0,3,1,6,6,1,36,7,1499,1,2,BMW 2 SERIES,3,E01004259,0,-1
2021471075066,2021,471075066,2,9,0,18,19,6,2,0,0,8,0,0,0,0,1,1,5,6,2,68,10,1998,1,2,BMW 2 SERIES,10,E01031725,0,-1
2021131119489,2021,131119489,2,9,0,4,4,8,4,0,0,0,0,0,0,0,2,1,2,2,2,34,6,1995,2,6,BMW 2 SERIES,6,E01007620,0,-1
2021010319811,2021,010319811,1,9,0,99,99,9,9,99,99,9,9,99,9,99,2,1,2,2,2,41,7,1995,2,6,BMW 2 SERIES,7,E01002569,0,-1
2021622100382,2021,622100382,1,9,0,4,4,8,4,0,0,1,0,0,0,0,1,1,6,6,1,35,6,1499,1,2,BMW 2 SERIES,1,W01000832,0,-1
2021010290824,2021,010290824,1,9,0,18,19,1,5,0,0,1,0,0,0,0,1,1,1,1,2,47,8,1499,1,1,BMW 2 SERIES,2,E01004400,0,-1
2021010315022,2021,010315022,1,9,0,99,99,9,9,99,99,9,9,99,9,99,4,9,2,2,2,34,6,1998,1,2,BMW 2 SERIES,7,E01030420,0,-1
2021010311387,2021,010311387,2,9,0,18,19,7,3,0,0,1,0,0,0,0,1,1,6,6,2,55,8,1995,2,5,BMW 2 SERIES,6,E01003752,0,-1
2021061089049,2021,061089049,1,9,-1,-1,-1,-1,-1,-1,-1,1,-1,-1,-1,0,1,1,5,6,1,26,6,1995,2,1,BMW 2 SERIES,1,E01006031,0,-1
2021010300341,2021,010300341,1,9,0,9,9,5,2,0,0,1,0,0,0,0,1,1,6,6,1,22,5,1995,2,4,BMW 2 SERIES,10,E01000841,0,-1
2021010328349,2021,010328349,1,9,0,4,4,7,3,0,0,8,0,0,0,0,1,1,6,6,1,56,9,1499,1,3,BMW 2 SERIES,7,E01003456,0,-1
2021010343168,2021,010343168,1,9,0,99,99,9,9,99,99,9,9,99,9,99,1,9,6,6,2,35,6,1499,1,1,BMW 2 SERIES,4,E01001174,0,-1
2021141073319,2021,141073319,1,9,0,9,9,3,1,0,0,1,0,0,0,0,1,1,5,6,2,23,5,1997,1,6,BMW 2 SERIES,1,E01007370,0,-1
2021451079998,2021,451079998,2,9,0,2,2,0,0,9,9,1,0,0,0,0,2,1,6,6,3,-1,-1,1995,2,4,BMW 2 SERIES,-1,-1,0,-1
2021430428037,2021,430428037,1,9,0,18,19,3,7,0,0,1,0,0,0,0,1,1,1,1,1,45,7,1995,2,1,BMW 2 SERIES,10,E01017797,0,-1
2021101046607,2021,101046607,2,9,0,18,19,4,8,0,0,1,0,0,0,0,0,1,5,6,2,38,7,1995,2,7,BMW 2 SERIES,5,E01027448,0,-1
2021010295198,2021,010295198,1,9,0,99,99,9,9,99,99,0,0,99,0,0,9,9,6,6,3,-1,-1,1995,2,4,BMW 2 SERIES,6,E01017852,0,-1
2021010300654,2021,010300654,1,9,0,99,99,9,9,99,99,9,9,99,9,99,9,9,6,6,3,65,9,1995,2,5,BMW 2 SERIES,4,E01030709,0,-1
2021061034640,2021,061034640,2,9,0,18,19,7,3,0,0,6,0,0,0,0,1,1,6,6,1,30,6,1499,1,0,BMW 2 SERIES,-1,-1,0,-1
2021010321741,2021,010321741,2,9,0,99,99,9,9,99,99,9,9,99,9,99,2,9,6,6,3,-1,-1,1499,1,0,BMW 2 SERIES,-1,-1,0,-1
2021430312945,2021,430312945,2,9,0,3,3,8,4,0,0,0,0,0,0,0,2,1,6,6,2,42,7,1499,1,4,BMW 2 SERIES,3,E01016804,0,-1
2021201086977,2021,201086977,1,9,0,18,19,-1,-1,-1,-1,0,0,0,0,0,0,1,1,1,3,-1,-1,1995,2,3,BMW 2 SERIES,-1,-1,0,-1
2021201023528,2021,201023528,2,9,0,1,1,2,6,0,0,6,0,0,0,0,2,1,6,6,1,35,6,1496,2,4,BMW 2 SERIES,1,E01010080,0,-1
2021010323855,2021,010323855,2,9,0,18,19,1,5,0,0,0,0,0,0,0,1,9,6,6,3,-1,-1,1998,1,0,BMW 2 SERIES,-1,-1,0,-1
2021010324567,2021,010324567,3,9,0,3,3,1,5,0,0,0,0,0,0,0,2,1,6,6,2,22,5,1995,2,4,BMW 2 SERIES,-1,-1,0,-1
2021010305129,2021,010305129,1,9,0,4,4,7,3,0,0,8,0,0,0,0,1,1,1,1,1,36,7,1499,1,1,BMW 2 SERIES,2,E01004008,0,-1
2021010310652,2021,010310652,1,9,0,18,19,1,5,0,0,8,0,0,0,0,1,1,6,6,1,21,5,1499,1,1,BMW 2 SERIES,10,E01030792,0,-1