collision_index,collision_year,collision_ref_no,vehicle_reference,vehicle_type,towing_and_articulation,vehicle_manoeuvre_historic,vehicle_manoeuvre,vehicle_direction_from,vehicle_direction_to,vehicle_location_restricted_lane_historic,vehicle_location_restricted_lane,junction_location,skidding_and_overturning,hit_object_in_carriageway,vehicle_leaving_carriageway,hit_object_off_carriageway,first_point_of_impact,vehicle_left_hand_drive,journey_purpose_of_driver_historic,journey_purpose_of_driver,sex_of_driver,age_of_driver,age_band_of_driver,engine_capacity_cc,propulsion_code,age_of_vehicle,generic_make_model,driver_imd_decile,lsoa_of_driver,escooter_flag,driver_distance_banding
2021411049762,2021,411049762,2,9,0,10,10,8,2,0,0,0,0,0,0,0,1,1,5,6,1,39,7,1995,2,4,BMW 2 SERIES,10,E01023563,0,-1
2021531058327,2021,531058327,2,9,0,8,8,-1,-1,0,0,1,0,0,0,0,2,1,2,2,1,24,5,1995,2,7,BMW 2 SERIES,10,E01028788,0,-1
2021010339712,2021,010339712,2,9,0,99,99,9,9,99,99,9,9,99,9,99,1,9,6,6,3,-1,-1,1499,8,3,BMW 2 SERIES,-1,-1,0,-1
2021010316663,2021,010316663,3,9,0,18,19,7,3,0,0,8,0,0,0,0,0,1,1,1,1,37,7,1499,1,1,BMW 2 SERIES,5,E01001677,0,-1
2021010316157,2021,010316157,1,9,0,99,99,9,9,99,99,9,9,99,9,99,2,9,6,6,1,29,6,1499,1,6,BMW 2 SERIES,4,E01001142,0,-1
2021010312585,2021,010312585,1,9,0,18,19,1,5,0,0,1,0,0,0,0,1,1,1,1,1,26,6,1499,1,1,BMW 2 SERIES,-1,-1,0,-1
2021010297090,2021,010297090,1,9,0,18,19,6,2,0,0,8,0,0,0,0,3,1,3,7,2,51,8,1499,1,5,BMW 2 SERIES,6,E01000259,0,-1
2021201146929,2021,201146929,1,9,0,9,9,8,5,0,0,5,0,0,0,0,1,1,6,6,2,-1,-1,1499,1,1,BMW 2 SERIES,-1,-1,0,-1
2021471112232,2021,471112232,1,9,0,9,9,5,1,0,0,8,0,0,0,0,1,1,6,6,1,74,10,1499,1,7,BMW 2 SERIES,8,E01031411,0,-1
2021052102288,2021,052102288,2,9,0,18,19,5,1,0,0,1,0,0,0,0,4,1,6,6,2,38,7,1499,1,0,BMW 2 SERIES,2,E01006508,0,-1
2021070168489,2021,070168489,1,9,0,18,19,4,8,0,0,0,0,7,0,7,1,1,6,6,2,74,10,1499,1,2,BMW 2 SERIES,8,E01018433,0,-1
2021010352131,2021,010352131,1,9,0,99,99,9,9,99,99,0,9,99,9,99,2,9,6,6,2,31,6,1499,1,0,BMW 2 SERIES,9,E01012598,0,-1
2021010332253,2021,010332253,2,9,0,4,4,1,5,0,0,0,0,0,0,0,0,1,1,1,1,40,7,1499,1,3,BMW 2 SERIES,2,E01004008,0,-1
2021061069796,2021,061069796,2,9,0,18,19,5,5,0,0,0,0,0,0,0,3,1,6,6,2,59,9,1499,1,4,BMW 2 SERIES,5,E01025387,0,-1
2021371026005,2021,371026005,1,9,0,5,5,3,5,0,0,4,0,0,0,0,3,1,5,6,1,83,11,1499,1,5,BMW 2 SERIES,7,E01030098,0,-1
2021451058570,2021,451058570,3,9,0,4,4,3,7,0,0,0,0,0,0,0,2,1,5,6,1,53,8,1995,2,2,BMW 2 SERIES,9,E01004161,0,-1
2021010314112,2021,010314112,1,9,0,5,5,3,7,0,0,2,0,0,0,0,0,1,6,6,1,34,6,1499,1,3,BMW 2 SERIES,6,E01000330,0,-1
2021052102605,2021,052102605,3,9,0,10,10,7,5,0,0,1,0,0,0,0,2,1,6,6,1,73,10,1499,1,1,BMW 2 SERIES,6,E01007159,0,-1
2021991099272,2021,991099272,1,9,0,5,5,1,5,0,0,8,0,0,0,0,3,1,5,6,1,59,9,1995,2,2,BMW 2 SERIES,4,-1,0,-1
2021201076173,2021,201076173,1,9,0,3,3,-1,-1,0,0,1,0,0,0,0,2,1,6,6,1,54,8,1995,2,2,BMW 2 SERIES,2,E01008963,0,-1
2021991032141,2021,991032141,2,9,0,8,8,7,1,0,0,0,0,0,0,0,2,1,6,6,2,56,9,1995,2,2,BMW 2 SERIES,8,-1,0,-1
2021010301954,2021,010301954,1,9,0,18,19,3,7,0,0,2,0,0,0,0,1,1,1,1,2,28,6,1496,2,6,BMW 2 SERIES,2,E01001830,0,-1
2021201031415,2021,201031415,2,9,0,8,8,8,3,0,0,1,0,0,0,0,2,1,6,6,1,46,8,1499,1,4,BMW 2 SERIES,3,E01009922,0,-1
202163A007421,2021,63A007421,1,9,4,17,19,8,5,0,0,0,0,0,0,0,1,1,1,1,1,46,8,1499,1,4,BMW 2 SERIES,6,W01000803,0,-1
2021421069873,2021,421069873,2,9,0,18,19,1,5,0,0,0,0,0,0,0,2,1,6,6,1,69,10,1998,1,5,BMW 2 SERIES,10,E01003746,0,-1
2021010335590,2021,010335590,2,9,0,10,10,3,1,0,0,2,0,0,0,0,4,1,2,2,2,21,5,1499,1,4,BMW 2 SERIES,3,E01001874,0,-1
2021010345705,2021,010345705,2,9,0,1,1,1,5,99,99,9,9,99,9,99,9,9,6,6,3,-1,-1,1499,1,5,BMW 2 SERIES,-1,-1,0,-1
2021211078663,2021,211078663,1,9,0,18,19,3,7,0,0,0,0,0,1,0,1,1,6,6,1,77,11,1995,2,5,BMW 2 SERIES,5,E01014225,0,-1
2021010308786,2021,010308786,1,9,0,16,19,7,1,9,9,1,0,10,1,6,1,1,6,6,1,30,6,1499,1,5,BMW 2 SERIES,1,E01003070,0,-1
2021010297735,2021,010297735,1,9,0,18,19,3,7,0,0,8,0,0,0,0,1,1,6,6,1,30,6,1995,2,6,BMW 2 SERIES,3,E01004445,0,-1
2021361027214,2021,361027214,1,9,0,18,19,3,7,0,0,0,1,0,1,2,1,1,5,6,1,24,5,1995,2,5,BMW 2 SERIES,6,E01026876,0,-1
2021131041021,2021,131041021,1,9,0,13,13,1,5,0,0,0,0,0,0,0,4,1,5,6,2,68,10,1499,1,3,BMW 2 SERIES,10,E01011563,0,-1
2021010332533,2021,010332533,2,9,0,99,99,9,9,99,99,9,9,99,9,99,1,9,6,6,3,-1,-1,1998,1,3,BMW 2 SERIES,-1,-1,0,-1
2021201138830,2021,201138830,2,9,0,3,3,6,2,0,0,0,0,0,0,0,2,1,6,6,1,53,8,1995,2,6,BMW 2 SERIES,1,E01032424,0,-1
2021010317184,2021,010317184,1,9,0,2,2,0,0,0,0,2,0,0,0,0,1,1,6,6,3,-1,-1,1499,1,1,BMW 2 SERIES,-1,-1,0,-1
2021411033621,2021,411033621,2,9,0,18,19,2,6,0,0,0,0,0,0,0,3,1,6,6,1,42,7,1499,1,1,BMW 2 SERIES,6,E01033311,0,-1
2021010330876,2021,010330876,1,9,0,99,99,9,9,99,99,9,9,99,9,99,2,9,6,6,2,31,6,1499,1,5,BMW 2 SERIES,9,E01030406,0,-1
2021010346358,2021,010346358,2,9,0,5,5,5,1,0,0,2,0,0,0,0,0,1,1,1,2,29,6,1499,1,1,BMW 2 SERIES,2,E01001830,0,-1
2021622100262,2021,622100262,1,9,0,18,19,2,6,0,0,0,0,0,0,0,1,1,6,6,1,42,7,1998,1,3,BMW 2 SERIES,6,W01001470,0,-1
2021361060344,2021,361060344,2,9,0,18,19,3,7,0,0,1,0,0,0,0,1,1,5,6,2,32,6,1499,1,5,BMW 2 SERIES,7,E01026835,0,-1
2021231121127,2021,231121127,1,9,0,9,9,3,1,0,0,5,0,0,0,0,3,1,2,2,1,54,8,1499,1,0,BMW 2 SERIES,7,E01031089,0,-1
2021010349025,2021,010349025,1,9,0,18,19,5,1,0,0,1,0,0,0,0,3,1,1,1,1,30,6,1499,1,3,BMW 2 SERIES,8,E01000823,0,-1
2021010291522,2021,010291522,1,9,0,4,4,3,7,0,0,0,0,0,0,0,2,1,6,6,1,39,7,1499,1,3,BMW 2 SERIES,5,E01000302,0,-1
2021991088539,2021,991088539,2,9,0,18,19,4,1,0,0,1,0,0,0,0,1,1,5,6,1,26,6,1995,2,1,BMW 2 SERIES,3,-1,0,-1
2021401091365,2021,401091365,3,9,0,2,2,3,7,0,0,1,0,0,0,0,2,1,6,6,2,57,9,1499,1,5,BMW 2 SERIES,6,E01017550,0,-1
2021010338467,2021,010338467,2,9,0,99,99,9,9,99,99,9,9,99,9,99,1,9,6,6,1,29,6,1995,2,5,BMW 2 SERIES,4,E01001185,0,-1
2021010295683,2021,010295683,1,9,0,5,5,3,7,0,0,8,0,0,0,0,1,1,6,6,1,70,10,1499,1,6,BMW 2 SERIES,-1,-1,0,-1
2021461015010,2021,461015010,1,9,0,18,19,8,5,0,0,8,0,0,0,0,4,1,6,6,2,60,9,1499,8,2,BMW 2 SERIES,10,E01021480,0,-1
2021991092680,2021,991092680,1,9,0,10,10,1,7,0,0,6,0,0,0,0,1,1,2,2,2,30,6,1995,2,5,BMW 2 SERIES,1,-1,0,-1
2021522200884,2021,522200884,1,9,0,11,11,8,4,0,0,0,0,0,0,0,4,1,6,6,1,50,8,1499,1,5,BMW 2 SERIES,7,E01029086,0,-1
2021411042770,2021,411042770,1,9,0,4,4,1,4,0,0,1,0,0,0,0,1,1,5,6,1,19,4,1499,1,2,BMW 2 SERIES,7,E01023598,0,-1
2021201125238,2021,201125238,1,9,0,7,7,6,8,0,0,5,0,0,0,0,1,1,6,6,1,47,8,1995,2,6,BMW 2 SERIES,3,E01010018,0,-1
2021010333844,2021,010333844,1,9,0,18,19,7,3,0,0,1,0,0,0,0,4,1,6,6,1,46,8,1499,8,1,BMW 2 SERIES,1,E01002041,0,-1
2021010321998,2021,010321998,2,9,0,10,10,5,2,0,0,1,0,0,0,0,2,1,1,1,1,31,6,1499,1,2,BMW 2 SERIES,5,E01033573,0,-1
2021320719623,2021,320719623,2,9,0,2,2,0,0,9,9,0,0,0,0,0,4,1,6,6,1,51,8,1499,1,0,BMW 2 SERIES,2,E01026103,0,-1
2021440518068,2021,440518068,1,9,0,18,19,1,5,0,0,0,2,0,0,0,3,1,6,6,1,25,5,1995,2,3,BMW 2 SERIES,9,E01031880,0,-1
2021991097181,2021,991097181,1,9,0,9,9,7,4,0,0,1,1,0,0,0,3,1,5,6,1,65,9,1499,1,1,BMW 2 SERIES,8,-1,0,-1
2021622100635,2021,622100635,1,9,0,18,19,2,6,0,0,1,0,0,0,0,1,1,6,6,1,27,6,1995,2,6,BMW 2 SERIES,2,E01001361,0,-1
2021430557038,2021,430557038,1,9,0,18,19,4,8,0,0,0,0,0,0,0,4,1,6,6,2,22,5,1496,2,5,BMW 2 SERIES,8,E01017750,0,-1
2021351115481,2021,351115481,1,9,0,10,10,5,1,0,0,1,0,12,0,0,1,1,6,6,1,25,5,1995,2,3,BMW 2 SERIES,6,E01018098,0,-1
2021211126722,2021,211126722,2,9,0,4,4,5,1,0,0,0,0,0,0,0,2,1,6,6,1,20,4,1997,1,7,BMW 2 SERIES,9,E01029368,0,-1
2021501109919,2021,501109919,1,9,0,18,19,1,5,0,0,1,0,0,0,0,1,1,6,6,2,49,8,1499,1,0,BMW 2 SERIES,3,E01015195,0,-1
2021991094371,2021,991094371,1,9,0,18,19,4,8,0,0,0,0,0,0,0,1,1,6,6,1,44,7,1995,2,6,BMW 2 SERIES,3,-1,0,-1
2021201113521,2021,201113521,1,9,0,18,19,6,2,0,0,8,0,0,0,0,1,1,5,6,1,23,5,1499,1,4,BMW 2 SERIES,1,E01009117,0,-1
2021010306617,2021,010306617,1,9,0,18,19,1,5,0,0,0,0,0,0,0,0,1,1,1,1,38,7,1499,1,1,BMW 2 SERIES,3,E01000922,0,-1
2021010315581,2021,010315581,1,9,0,7,7,5,7,0,0,1,0,0,0,0,0,1,6,6,1,28,6,1499,1,2,BMW 2 SERIES,5,E01033573,0,-1
2021010324368,2021,010324368,2,9,0,16,19,5,1,0,0,0,0,0,0,0,1,1,6,6,1,40,7,1499,1,5,BMW 2 SERIES,4,E01002236,0,-1
202131D033821,2021,31D033821,1,9,0,2,2,0,0,9,9,0,0,0,0,0,4,1,6,6,3,-1,-1,1995,2,6,BMW 2 SERIES,-1,-1,0,-1
2021010308915,2021,010308915,2,9,0,99,99,9,9,99,99,9,9,99,9,99,1,9,6,6,3,-1,-1,1499,1,3,BMW 2 SERIES,-1,-1,0,-1
2021010333746,2021,010333746,1,9,0,14,14,7,3,0,0,1,0,0,0,0,1,1,1,1,2,28,6,1499,1,1,BMW 2 SERIES,5,E01000583,0,-1
2021010293973,2021,010293973,1,9,0,1,1,3,7,0,0,1,0,0,0,0,2,1,6,6,1,26,6,1995,2,5,BMW 2 SERIES,3,E01003331,0,-1
2021461068347,2021,461068347,1,9,0,18,19,5,1,0,0,1,0,11,8,0,1,1,5,6,2,78,11,1496,2,5,BMW 2 SERIES,3,E01024534,0,-1
2021010289669,2021,010289669,1,9,0,7,7,7,2,0,0,1,0,0,0,0,1,1,6,6,1,53,8,1499,1,3,BMW 2 SERIES,1,E01024177,0,-1
2021010352208,2021,010352208,1,9,0,4,4,1,5,0,0,2,0,0,0,0,4,1,1,1,1,33,6,1499,1,3,BMW 2 SERIES,3,E01004259,0,-1
2021543802521,2021,543802521,2,9,0,9,9,2,2,0,0,3,0,0,0,0,3,1,6,6,1,38,7,1995,2,2,BMW 2 SERIES,7,E01028639,0,-1
2021471057566,2021,471057566,1,9,0,18,19,1,5,0,0,2,0,7,7,1,1,1,5,6,2,64,9,1998,1,3,BMW 2 SERIES,-1,-1,0,-1
2021010320778,2021,010320778,1,9,0,18,19,1,5,9,9,1,0,7,7,4,4,1,6,6,1,37,7,1499,1,3,BMW 2 SERIES,9,E01001103,0,-1
2021201084179,2021,201084179,1,9,0,5,5,3,7,0,0,4,0,0,0,0,1,1,2,2,1,36,7,1499,1,6,BMW 2 SERIES,3,E01008970,0,-1
2021010315065,2021,010315065,1,9,0,5,5,3,7,0,0,0,0,0,0,0,1,1,6,6,2,42,7,1499,1,3,BMW 2 SERIES,7,E01000362,0,-1
2021320656433,2021,320656433,1,9,0,18,19,5,1,0,0,0,0,4,0,0,1,1,2,2,1,41,7,1995,2,6,BMW 2 SERIES,7,E01026412,0,-1
2021430104714,2021,430104714,1,9,0,18,19,1,5,0,0,3,1,10,1,10,1,1,6,6,1,20,4,1997,1,5,BMW 2 SERIES,10,E01016657,0,-1
2021010308746,2021,010308746,2,9,0,9,9,1,6,0,0,1,0,0,0,0,3,1,6,6,1,41,7,1995,2,3,BMW 2 SERIES,1,E01002758,0,-1
2021461058188,2021,461058188,2,9,0,4,4,5,1,0,0,0,0,0,0,0,2,1,6,6,2,52,8,1995,2,3,BMW 2 SERIES,7,E01024572,0,-1
202131B030421,2021,31B030421,1,9,0,18,19,4,8,0,0,0,0,0,1,4,1,1,6,6,2,71,10,1499,1,4,BMW 2 SERIES,8,E01028060,0,-1
202131C149821,2021,31C149821,1,9,0,9,9,6,4,0,0,6,0,0,0,0,1,1,6,6,1,28,6,1995,2,7,BMW 2 SERIES,1,E01013812,0,-1
2021351096334,2021,351096334,1,9,0,10,10,3,1,0,0,8,0,0,0,0,1,1,5,6,1,69,10,1998,1,1,BMW 2 SERIES,7,E01018064,0,-1
2021010305695,2021,010305695,1,9,0,18,19,7,3,0,0,1,0,0,0,0,3,1,6,6,1,29,6,1499,8,3,BMW 2 SERIES,1,E01001822,0,-1
202106L080171,2021,06L080171,1,9,0,10,10,7,2,0,0,6,0,0,0,0,1,1,6,6,1,48,8,1499,1,2,BMW 2 SERIES,8,E01006363,0,-1
2021461025166,2021,461025166,1,9,0,18,19,7,3,0,0,0,1,0,4,0,4,1,5,6,1,34,6,1499,1,6,BMW 2 SERIES,5,E01016157,0,-1
2021061094442,2021,061094442,1,9,-1,3,3,5,1,0,0,1,0,0,0,0,2,1,6,6,2,38,7,1998,1,2,BMW 2 SERIES,1,E01005370,0,-1
2021461044893,2021,461044893,2,9,0,4,4,1,5,0,0,0,0,0,0,0,0,1,6,6,1,30,6,1499,8,2,BMW 2 SERIES,8,E01024721,0,-1
2021031091088,2021,031091088,2,9,0,10,10,4,8,0,0,5,0,0,0,0,4,1,6,6,2,69,10,1995,2,2,BMW 2 SERIES,6,E01019090,0,-1
2021052101807,2021,052101807,1,9,0,5,5,5,2,0,0,1,0,0,0,0,3,1,6,6,2,76,11,1499,1,2,BMW 2 SERIES,9,E01006320,0,-1
2021411095165,2021,411095165,1,9,0,3,3,1,3,0,0,1,0,0,1,1,4,1,5,6,2,51,8,1499,1,4,BMW 2 SERIES,10,E01023512,0,-1
2021461029786,2021,461029786,3,9,0,18,19,2,6,0,0,0,0,0,0,0,1,1,2,2,2,18,4,1499,1,4,BMW 2 SERIES,7,E01024234,0,-1
2021201027630,2021,201027630,3,9,0,2,2,0,0,9,9,0,0,0,0,0,2,1,6,6,2,23,5,1499,1,5,BMW 2 SERIES,-1,-1,0,-1
2021052102253,2021,052102253,2,9,0,18,19,5,1,0,0,1,0,0,0,0,1,1,6,6,1,77,11,1995,2,4,BMW 2 SERIES,10,E01006914,0,-1
2021371130522,2021,371130522,1,9,0,18,19,4,8,0,0,2,0,0,0,0,1,1,5,6,1,52,8,1998,1,3,BMW 2 SERIES,4,E01030028,0,-1
2021231107806,2021,231107806,1,9,0,16,19,1,3,0,0,0,0,0,0,0,1,1,5,6,1,84,11,1499,1,5,BMW 2 SERIES,9,E01031227,0,-1
2021010328271,2021,010328271,2,9,0,18,19,8,4,0,0,1,0,0,0,0,0,1,1,1,1,41,7,1499,1,2,BMW 2 SERIES,7,E01000675,0,-1
2021010312523,2021,010312523,2,9,0,99,99,9,9,0,0,6,0,0,0,0,1,9,6,6,2,33,6,1995,2,5,BMW 2 SERIES,10,E01030396,0,-1
2021501090655,2021,501090655,7,9,0,18,19,7,3,0,0,0,0,0,0,0,1,1,6,6,2,61,9,1499,1,2,BMW 2 SERIES,5,E01014720,0,-1
2021545825321,2021,545825321,2,9,0,10,10,3,1,0,0,1,0,0,0,0,2,1,1,1,2,24,5,1998,1,4,BMW 2 SERIES,5,E01032068,0,-1
2021010334470,2021,010334470,1,9,0,18,19,7,3,0,0,1,1,0,0,0,1,1,1,1,2,34,6,1499,1,2,BMW 2 SERIES,3,E01004259,0,-1
202163D038021,2021,63D038021,1,9,0,18,19,8,4,0,0,0,5,0,2,10,1,1,6,6,1,45,7,1995,2,3,BMW 2 SERIES,2,W01000498,0,-1
2021991142169,2021,991142169,1,9,0,16,19,3,6,0,0,1,0,0,0,0,1,1,6,6,2,57,9,1499,1,3,BMW 2 SERIES,5,-1,0,-1
2021451076571,2021,451076571,1,9,0,15,15,7,3,0,0,1,0,0,0,0,1,1,2,2,1,51,8,1998,1,6,BMW 2 SERIES,5,E01024427,0,-1
2021010340553,2021,010340553,2,9,0,2,2,0,0,0,0,1,0,0,0,0,3,1,6,6,3,-1,-1,1499,1,0,BMW 2 SERIES,-1,-1,0,-1
2021371144857,2021,371144857,2,9,0,18,19,2,5,0,0,8,0,0,0,0,3,1,1,1,2,36,7,1499,1,6,BMW 2 SERIES,4,E01029978,0,-1
2021471011706,2021,471011706,1,9,0,17,19,3,8,0,0,2,0,0,1,11,1,1,5,6,1,17,4,1496,2,4,BMW 2 SERIES,10,E01022629,0,-1
2021010291937,2021,010291937,1,9,0,4,4,3,7,0,0,8,0,0,0,0,2,1,1,1,1,66,10,1499,1,3,BMW 2 SERIES,3,E01004259,0,-1
2021041043306,2021,041043306,1,9,0,18,19,5,1,0,0,0,0,0,0,0,1,1,5,6,1,52,8,1995,2,4,BMW 2 SERIES,3,E01025282,0,-1
2021010330413,2021,010330413,1,9,0,5,5,5,1,0,0,7,0,0,0,0,1,1,3,7,2,55,8,1499,1,6,BMW 2 SERIES,5,E01004056,0,-1
2021010295442,2021,010295442,3,9,0,2,2,0,0,6,6,1,0,0,0,0,1,2,6,6,3,-1,-1,1499,1,2,BMW 2 SERIES,-1,-1,0,-1
2021010337030,2021,010337030,2,9,0,99,99,9,9,99,99,9,9,99,9,99,9,9,6,6,3,-1,-1,1998,1,2,BMW 2 SERIES,-1,-1,0,-1
202131C178721,2021,31C178721,2,9,0,18,19,5,1,0,0,2,0,7,0,0,1,1,6,6,1,25,5,1995,2,5,BMW 2 SERIES,5,E01013890,0,-1
2021010310910,2021,010310910,1,9,0,99,99,9,9,99,99,9,9,99,9,99,9,9,2,2,2,21,5,1499,1,4,BMW 2 SERIES,3,E01001874,0,-1
2021471099449,2021,471099449,1,9,0,4,4,1,5,0,0,1,0,0,0,0,1,1,6,6,2,-1,-1,1995,2,5,BMW 2 SERIES,-1,-1,0,-1
2021041057483,2021,041057483,3,9,0,18,19,7,3,0,0,1,0,0,0,0,2,1,5,6,2,27,6,1499,1,3,BMW 2 SERIES,8,E01025420,0,-1
2021010302522,2021,010302522,1,9,0,18,19,5,1,0,0,8,0,0,0,0,4,9,6,6,2,30,6,1995,2,7,BMW 2 SERIES,3,E01004274,0,-1
2021010344241,2021,010344241,1,9,0,99,99,9,9,99,99,9,9,99,9,99,1,9,6,6,2,46,8,1499,1,2,BMW 2 SERIES,1,E01033086,0,-1
2021010336173,2021,010336173,2,9,0,18,19,1,5,0,0,0,0,0,0,0,2,1,6,6,1,32,6,1499,1,2,BMW 2 SERIES,8,E01023486,0,-1
2021010320320,2021,010320320,2,9,0,7,7,3,6,0,0,1,0,0,0,0,0,1,1,1,1,43,7,1499,1,4,BMW 2 SERIES,2,E01004008,0,-1
2021010304593,2021,010304593,1,9,0,18,19,3,7,0,0,2,0,0,0,0,4,1,6,6,1,26,6,1499,1,4,BMW 2 SERIES,3,E01003221,0,-1
2021041021429,2021,041021429,1,9,0,9,9,1,3,0,0,1,0,0,0,0,1,1,5,6,2,33,6,1499,1,0,BMW 2 SERIES,1,E01024908,0,-1
2021010297624,2021,010297624,1,9,0,5,5,0,1,9,9,6,0,0,0,0,4,1,1,1,2,38,7,1998,1,1,BMW 2 SERIES,4,E01033099,0,-1
2021010316795,2021,010316795,2,9,0,3,3,7,3,0,0,1,0,0,0,0,1,1,1,1,1,29,6,1499,1,3,BMW 2 SERIES,4,E01001247,0,-1
2021201110591,2021,201110591,1,9,0,18,19,5,3,0,0,0,0,0,0,0,3,1,6,6,2,48,8,1998,1,0,BMW 2 SERIES,1,E01009889,0,-1
2021010339619,2021,010339619,2,9,0,99,99,9,9,99,99,9,9,99,9,99,9,9,6,6,3,-1,-1,1995,2,6,BMW 2 SERIES,6,E01001195,0,-1
2021501057031,2021,501057031,1,9,0,9,9,1,5,0,0,1,0,0,0,0,3,1,6,6,1,65,9,1995,2,3,BMW 2 SERIES,6,E01018450,0,-1
2021070334314,2021,070334314,2,9,0,3,3,7,3,0,0,0,0,0,0,0,2,1,6,6,1,75,10,1998,1,3,BMW 2 SERIES,10,E01018659,0,-1
2021471069606,2021,471069606,3,9,0,18,19,6,2,0,0,0,0,0,0,0,2,1,2,2,1,38,7,1499,8,2,BMW 2 SERIES,8,E01031655,0,-1
2021451100680,2021,451100680,1,9,0,5,5,0,7,9,9,1,0,0,0,0,1,1,3,7,1,38,7,1499,1,5,BMW 2 SERIES,10,E01030542,0,-1
2021010297027,2021,010297027,1,9,0,18,19,7,3,0,0,0,0,0,0,0,0,1,6,6,1,33,6,1499,1,1,BMW 2 SERIES,3,E01002695,0,-1
2021201080735,2021,201080735,2,9,0,18,19,2,6,0,0,8,0,0,0,0,2,1,6,6,1,46,8,1998,1,1,BMW 2 SERIES,5,E01009037,0,-1
2021010295443,2021,010295443,1,9,0,1,1,4,8,0,0,1,0,0,0,0,2,1,6,6,1,49,8,1499,1,1,BMW 2 SERIES,3,E01004734,0,-1
2021031131110,2021,031131110,2,9,0,18,19,2,6,0,0,1,0,0,0,0,1,1,2,2,1,47,8,1499,1,2,BMW 2 SERIES,5,E01019273,0,-1
2021302102054,2021,302102054,1,9,0,18,19,6,2,0,0,1,0,0,0,0,1,1,6,6,2,23,5,1995,2,5,BMW 2 SERIES,7,E01019435,0,-1
2021421076823,2021,421076823,2,9,0,4,4,2,6,0,0,1,0,0,0,0,2,1,1,1,1,27,6,1995,2,7,BMW 2 SERIES,7,E01021887,0,-1
2021111022345,2021,111022345,1,9,0,9,9,5,3,0,0,8,0,0,0,0,4,1,5,6,2,35,6,1995,2,2,BMW 2 SERIES,7,E01008760,0,-1
2021010307035,2021,010307035,1,9,0,16,19,5,1,0,0,8,0,0,0,0,2,1,1,1,2,29,6,1499,1,2,BMW 2 SERIES,3,E01001045,0,-1
2021138451484,2021,138451484,2,9,0,4,4,3,7,0,0,4,0,0,0,0,2,1,6,6,1,30,6,1995,2,2,BMW 2 SERIES,5,E01011733,0,-1
2021010342163,2021,010342163,1,9,0,8,8,5,7,0,0,4,0,0,0,0,1,1,6,6,1,58,9,1995,2,5,BMW 2 SERIES,4,E01002788,0,-1
2021548882721,2021,548882721,1,9,0,7,7,1,2,0,0,1,0,0,3,4,1,1,6,6,1,19,4,1499,1,0,BMW 2 SERIES,9,E01031886,0,-1
2021430471023,2021,430471023,1,9,0,7,7,2,5,0,0,8,0,0,0,0,1,1,6,6,1,86,11,1499,1,3,BMW 2 SERIES,9,E01033282,0,-1
2021010305898,2021,010305898,2,9,0,3,3,3,7,0,0,2,0,0,0,0,0,1,1,1,1,26,6,1499,1,1,BMW 2 SERIES,2,E01002729,0,-1
2021010334927,2021,010334927,1,9,0,18,19,7,3,0,0,2,0,0,0,0,0,1,6,6,1,46,8,1997,1,7,BMW 2 SERIES,-1,-1,0,-1
2021471096707,2021,471096707,1,9,0,11,11,4,5,0,0,3,0,0,0,0,3,1,5,6,1,77,11,1998,1,3,BMW 2 SERIES,7,E01031381,0,-1
2021622100721,2021,622100721,1,9,0,18,19,3,7,0,0,1,0,0,0,0,1,1,6,6,1,21,5,1995,2,7,BMW 2 SERIES,4,W01001270,0,-1
2021010290356,2021,010290356,1,9,0,16,19,7,3,0,0,2,0,0,0,0,1,1,6,6,1,26,6,1995,2,5,BMW 2 SERIES,3,E01003331,0,-1
2021010292191,2021,010292191,1,9,0,7,7,5,6,0,0,5,0,0,1,0,4,1,3,7,1,25,5,1995,2,7,BMW 2 SERIES,5,E01003040,0,-1
2021401062046,2021,401062046,1,9,0,4,4,4,8,0,0,0,0,0,0,0,2,1,6,6,1,58,9,1995,2,3,BMW 2 SERIES,2,E01000627,0,-1
2021010294460,2021,010294460,1,9,0,6,6,1,1,0,0,0,0,0,0,0,3,1,6,6,1,26,6,1995,2,7,BMW 2 SERIES,2,E01004260,0,-1
2021010351374,2021,010351374,1,9,0,5,5,0,1,0,0,0,0,0,0,0,0,1,6,6,2,53,8,1995,2,4,BMW 2 SERIES,5,E01001998,0,-1
2021041058764,2021,041058764,2,9,0,4,4,3,7,0,0,1,0,0,0,0,2,1,2,2,1,36,7,1499,8,3,BMW 2 SERIES,9,E01012609,0,-1
2021471106768,2021,471106768,2,9,0,10,10,6,2,0,0,1,0,0,0,0,2,1,5,6,1,23,5,1499,1,3,BMW 2 SERIES,4,E01021138,0,-1
2021461092997,2021,461092997,2,9,0,3,3,0,0,0,0,0,0,0,0,0,3,1,3,7,2,27,6,1995,2,4,BMW 2 SERIES,3,E01016047,0,-1
2021440420509,2021,440420509,3,9,0,18,19,5,1,0,0,1,0,0,0,0,1,1,6,6,2,23,5,1499,1,5,BMW 2 SERIES,10,E01022862,0,-1
2021010302063,2021,010302063,2,9,0,2,2,0,0,9,9,0,0,0,0,0,2,1,6,6,3,-1,-1,1995,2,3,BMW 2 SERIES,-1,-1,0,-1
2021010312283,2021,010312283,2,9,0,2,2,0,0,0,0,2,0,0,0,0,2,1,6,6,3,-1,-1,1998,1,5,BMW 2 SERIES,-1,-1,0,-1
202134NNC0411,2021,34NNC0411,1,9,0,5,5,7,1,0,0,4,0,0,0,0,1,1,6,6,1,56,9,1995,2,4,BMW 2 SERIES,8,E01012385,0,-1
2021061050896,2021,061050896,3,9,0,2,2,0,0,0,0,8,0,0,0,0,3,1,6,6,3,-1,-1,1499,1,1,BMW 2 SERIES,-1,-1,0,-1