collision_index,collision_year,collision_ref_no,vehicle_reference,vehicle_type,towing_and_articulation,vehicle_manoeuvre_historic,vehicle_manoeuvre,vehicle_direction_from,vehicle_direction_to,vehicle_location_restricted_lane_historic,vehicle_location_restricted_lane,junction_location,skidding_and_overturning,hit_object_in_carriageway,vehicle_leaving_carriageway,hit_object_off_carriageway,first_point_of_impact,vehicle_left_hand_drive,journey_purpose_of_driver_historic,journey_purpose_of_driver,sex_of_driver,age_of_driver,age_band_of_driver,engine_capacity_cc,propulsion_code,age_of_vehicle,generic_make_model,driver_imd_decile,lsoa_of_driver,escooter_flag,driver_distance_banding
2021010312536,2021,010312536,1,8,0,9,9,2,7,0,0,0,0,0,0,0,0,2,1,1,1,39,7,1968,2,4,SEAT ALHAMBRA,1,E01003517,0,-1
2021451089486,2021,451089486,2,9,0,18,19,5,1,0,0,0,0,0,0,0,4,1,6,6,1,47,8,1896,2,18,SEAT ALHAMBRA,5,E01031570,0,-1
2021010328845,2021,010328845,1,9,0,9,9,1,6,0,0,2,0,0,0,0,1,1,1,1,1,58,9,1968,2,4,SEAT ALHAMBRA,6,E01001040,0,-1
2021010320489,2021,010320489,2,9,0,99,99,9,9,99,99,9,9,99,9,99,1,9,1,1,2,44,7,1968,2,4,SEAT ALHAMBRA,-1,-1,0,-1
2021010346786,2021,010346786,1,8,0,7,7,3,5,0,0,5,0,0,0,0,4,1,1,1,1,31,6,1968,2,8,SEAT ALHAMBRA,5,E01000854,0,-1
2021991115985,2021,991115985,1,8,0,18,19,4,8,0,0,2,0,0,0,0,3,1,1,1,1,53,8,1968,2,5,SEAT ALHAMBRA,10,-1,0,-1
2021052102138,2021,052102138,1,9,0,9,9,2,8,0,0,5,0,0,0,0,1,1,6,6,1,49,8,1896,2,20,SEAT ALHAMBRA,9,E01007096,0,-1
2021010369548,2021,010369548,2,9,0,18,19,1,5,0,0,0,0,4,0,0,1,1,6,6,1,40,7,1968,2,6,SEAT ALHAMBRA,-1,-1,0,-1
2021131072132,2021,131072132,5,9,0,2,2,0,0,0,0,0,0,4,0,0,3,1,6,6,3,-1,-1,1968,2,7,SEAT ALHAMBRA,-1,-1,0,-1
2021991050430,2021,991050430,3,9,0,18,19,3,7,0,0,0,1,0,0,0,1,1,5,6,2,59,9,1968,2,1,SEAT ALHAMBRA,4,-1,0,-1
2021061143980,2021,061143980,1,9,0,18,19,6,2,0,0,1,0,0,0,0,1,1,6,6,1,60,9,1968,2,1,SEAT ALHAMBRA,-1,-1,0,-1
2021010315287,2021,010315287,1,9,9,18,19,1,5,99,99,9,9,0,0,0,9,9,6,6,1,31,6,1968,2,5,SEAT ALHAMBRA,2,E01004290,0,-1
2021461064525,2021,461064525,1,9,0,17,19,4,8,0,0,0,0,0,1,1,1,1,6,6,1,68,10,1968,2,3,SEAT ALHAMBRA,5,E01016165,0,-1
2021010337454,2021,010337454,1,9,0,4,4,5,1,0,0,1,0,0,0,0,0,1,6,6,1,58,9,1968,2,4,SEAT ALHAMBRA,3,E01001467,0,-1
202131B098421,2021,31B098421,1,9,0,4,4,5,1,0,0,1,0,0,0,0,2,1,6,6,1,39,7,1968,2,4,SEAT ALHAMBRA,5,E01003316,0,-1
2021061101779,2021,061101779,1,9,0,9,9,5,1,0,0,1,0,0,0,0,1,1,6,6,2,22,5,1968,2,6,SEAT ALHAMBRA,6,E01011164,0,-1
2021010298161,2021,010298161,2,9,0,99,99,9,9,99,99,0,9,99,9,99,9,1,6,6,3,38,7,1896,2,19,SEAT ALHAMBRA,8,E01000343,0,-1
2021411071449,2021,411071449,1,9,0,18,19,1,5,0,0,3,0,0,0,0,3,1,6,6,1,40,7,1968,2,4,SEAT ALHAMBRA,3,E01015765,0,-1
2021622100544,2021,622100544,1,8,0,7,7,4,6,0,0,1,0,0,0,0,1,1,6,6,1,69,10,1968,2,5,SEAT ALHAMBRA,9,W01000826,0,-1
2021010331516,2021,010331516,2,9,0,99,99,9,9,99,99,9,9,99,9,99,1,9,6,6,3,-1,-1,1968,2,7,SEAT ALHAMBRA,4,E01001336,0,-1
2021131069812,2021,131069812,3,9,0,18,19,3,7,0,0,1,0,0,0,0,1,1,6,6,1,39,7,1968,2,9,SEAT ALHAMBRA,2,E01010619,0,-1
2021041016467,2021,041016467,2,9,0,9,9,6,2,0,0,2,0,0,0,0,1,1,5,6,1,62,9,1896,2,20,SEAT ALHAMBRA,1,E01025042,0,-1
2021501089467,2021,501089467,1,9,0,14,14,7,3,9,9,0,0,0,1,0,1,1,2,2,1,71,10,1896,2,15,SEAT ALHAMBRA,5,E01018975,0,-1
2021430231767,2021,430231767,1,9,0,18,19,6,2,0,0,4,0,0,0,0,1,1,2,2,2,49,8,1896,2,17,SEAT ALHAMBRA,6,E01028579,0,-1
2021430447162,2021,430447162,2,9,0,18,19,4,8,0,0,0,0,0,0,0,2,1,6,6,2,44,7,1968,2,10,SEAT ALHAMBRA,1,E01016811,0,-1
2021622100260,2021,622100260,1,9,0,4,4,2,6,0,0,0,0,0,0,0,4,1,1,1,1,62,9,1395,1,2,SEAT ALHAMBRA,1,W01001857,0,-1
2021421113495,2021,421113495,1,9,0,18,19,2,5,0,0,0,0,0,0,0,1,1,6,6,1,20,4,1968,2,9,SEAT ALHAMBRA,1,E01022025,0,-1
2021430202491,2021,430202491,1,9,0,18,19,6,2,0,0,8,0,0,0,0,1,1,1,1,1,43,7,1968,2,3,SEAT ALHAMBRA,7,E01016740,0,-1
2021122101325,2021,122101325,2,9,0,18,19,2,6,0,0,0,0,0,0,0,2,1,6,6,2,75,10,1968,2,4,SEAT ALHAMBRA,8,E01027896,0,-1
2021010329623,2021,010329623,2,9,0,10,10,3,2,0,0,1,0,0,0,0,3,1,3,7,2,37,7,1968,2,4,SEAT ALHAMBRA,-1,-1,0,-1
2021010313969,2021,010313969,1,9,0,14,14,3,7,0,0,8,0,0,0,0,1,1,1,1,1,39,7,1968,2,8,SEAT ALHAMBRA,-1,-1,0,-1
2021010311271,2021,010311271,1,9,0,99,99,9,9,99,99,9,9,99,9,99,2,9,6,6,1,31,6,1968,2,4,SEAT ALHAMBRA,4,E01002250,0,-1
2021010288502,2021,010288502,1,9,0,18,19,3,7,0,0,8,0,0,0,0,3,2,2,2,1,30,6,1968,2,9,SEAT ALHAMBRA,4,E01000565,0,-1
202134WNC3601,2021,34WNC3601,2,9,0,7,7,5,1,0,0,5,0,0,0,0,2,1,6,6,1,36,7,1896,2,17,SEAT ALHAMBRA,3,E01027180,0,-1
2021010289189,2021,010289189,2,9,0,9,9,7,5,99,99,1,9,99,9,99,1,1,6,6,1,-1,-1,1896,2,17,SEAT ALHAMBRA,2,E01000042,0,-1
2021010295066,2021,010295066,2,9,0,18,19,7,3,0,0,0,9,99,9,99,1,1,6,6,1,52,8,1896,2,17,SEAT ALHAMBRA,2,E01000057,0,-1
2021991036571,2021,991036571,1,9,0,18,19,7,3,0,0,2,0,0,0,0,1,1,5,6,1,83,11,1968,2,4,SEAT ALHAMBRA,4,-1,0,-1
2021430524165,2021,430524165,2,9,0,18,19,1,5,0,0,0,0,0,0,0,2,1,3,7,2,42,7,1968,2,5,SEAT ALHAMBRA,-1,-1,0,-1
2021052100032,2021,052100032,3,9,0,2,2,0,0,0,0,1,0,0,0,0,3,1,6,6,3,-1,-1,1968,2,2,SEAT ALHAMBRA,-1,-1,0,-1
2021440463558,2021,440463558,1,9,0,4,4,8,4,0,0,0,0,0,0,0,1,1,6,6,1,73,10,1968,2,4,SEAT ALHAMBRA,10,E01023194,0,-1
2021302101867,2021,302101867,2,9,0,18,19,4,8,0,0,8,0,0,0,0,3,1,6,6,2,43,7,1968,2,5,SEAT ALHAMBRA,1,E01019808,0,-1
2021010314025,2021,010314025,2,9,9,4,4,1,5,0,0,0,9,0,0,0,2,9,1,1,1,49,8,1968,2,3,SEAT ALHAMBRA,6,E01001272,0,-1
2021531109692,2021,531109692,1,8,0,9,9,5,4,0,0,0,0,0,0,0,3,1,1,1,1,29,6,1968,2,5,SEAT ALHAMBRA,8,E01022437,0,-1
2021010345896,2021,010345896,2,9,0,99,99,9,9,99,99,9,9,99,9,99,9,9,6,6,1,60,9,1968,2,5,SEAT ALHAMBRA,3,E01000974,0,-1
2021451096837,2021,451096837,2,9,0,5,5,7,7,0,0,0,0,0,0,0,2,1,2,2,2,59,9,1968,2,6,SEAT ALHAMBRA,8,E01004143,0,-1
2021461046982,2021,461046982,2,9,0,18,19,3,7,0,0,0,0,0,0,0,1,1,6,6,1,46,8,1968,2,7,SEAT ALHAMBRA,2,E01003349,0,-1
2021010332914,2021,010332914,2,9,0,9,9,6,4,0,0,6,0,0,3,0,1,1,6,6,1,54,8,1968,2,5,SEAT ALHAMBRA,2,E01003980,0,-1
2021440155779,2021,440155779,2,9,0,3,3,1,6,0,0,8,0,0,0,0,2,1,6,6,1,68,10,1968,2,3,SEAT ALHAMBRA,3,E01017082,0,-1
2021401035915,2021,401035915,1,9,0,9,9,7,5,0,0,1,0,0,0,0,4,1,1,1,1,38,7,1781,1,20,SEAT ALHAMBRA,8,E01017480,0,-1
2021061110879,2021,061110879,2,9,0,18,19,3,7,0,0,8,0,0,0,0,1,1,6,6,2,53,8,1968,2,2,SEAT ALHAMBRA,1,E01025528,0,-1
2021371061614,2021,371061614,1,9,0,18,19,7,3,0,0,0,0,0,0,0,4,1,1,1,1,53,8,1968,2,3,SEAT ALHAMBRA,5,E01030001,0,-1
2021201025138,2021,201025138,1,9,0,5,5,8,4,0,0,1,0,0,0,0,1,1,6,6,1,-1,-1,1968,2,4,SEAT ALHAMBRA,-1,-1,0,-1
2021141043181,2021,141043181,2,9,0,3,3,1,5,0,0,0,0,0,0,0,2,1,5,6,2,47,8,1968,2,4,SEAT ALHAMBRA,1,E01028318,0,-1
2021440464997,2021,440464997,1,9,0,18,19,5,1,0,0,8,0,0,0,0,1,1,6,6,1,37,7,1968,2,4,SEAT ALHAMBRA,5,E01017254,0,-1
2021522105860,2021,522105860,1,9,0,18,19,3,7,0,0,2,0,0,7,0,1,1,6,6,1,69,10,1968,2,4,SEAT ALHAMBRA,7,E01014756,0,-1
2021471054972,2021,471054972,3,9,0,9,9,5,3,0,0,8,0,0,0,0,1,1,5,6,1,43,7,1984,2,15,SEAT ALHAMBRA,6,E01016970,0,-1
2021451032163,2021,451032163,1,9,0,18,19,1,5,0,0,1,0,0,0,0,1,1,6,6,2,54,8,1968,2,7,SEAT ALHAMBRA,6,E01002943,0,-1
2021010296909,2021,010296909,2,9,0,18,19,1,5,9,9,2,0,0,0,0,4,1,1,1,1,54,8,1968,2,5,SEAT ALHAMBRA,-1,-1,0,-1
2021010308645,2021,010308645,1,9,0,10,10,3,8,0,0,1,0,0,0,0,3,1,6,6,1,44,7,1968,2,3,SEAT ALHAMBRA,1,E01004248,0,-1
2021010289567,2021,010289567,1,9,0,18,19,3,7,0,0,0,0,0,0,0,1,1,6,6,1,36,7,1968,2,4,SEAT ALHAMBRA,-1,-1,0,-1
2021991046796,2021,991046796,1,9,0,18,19,4,8,0,0,4,0,0,0,0,1,1,2,2,2,62,9,1956,2,8,-1,2,-1,0,-1
2021010329481,2021,010329481,2,9,0,99,99,9,9,99,99,0,9,99,9,99,2,9,6,6,3,-1,-1,1598,1,5,-1,-1,-1,0,-1
2021461080118,2021,461080118,1,9,0,6,6,3,7,0,0,0,0,0,0,0,1,1,6,6,1,-1,-1,1362,1,8,-1,1,E01024657,0,-1
2021371048452,2021,371048452,1,9,0,18,19,3,6,0,0,0,0,0,0,0,1,1,6,6,1,23,5,1956,2,8,-1,8,E01000355,0,-1
2021471051898,2021,471051898,2,9,0,18,19,3,5,0,0,0,0,0,0,0,2,1,6,6,1,55,8,1956,2,8,-1,4,E01021131,0,-1
2021461119312,2021,461119312,1,9,0,18,19,3,7,0,0,0,0,12,0,0,3,1,5,6,1,21,5,1199,1,1,VAUXHALL GRANDLAND,3,E01024372,0,-1
2021302101858,2021,302101858,3,9,0,2,2,0,0,0,0,0,0,0,0,0,2,1,6,6,3,-1,-1,1499,2,0,VAUXHALL GRANDLAND,-1,-1,0,-1
2021302100483,2021,302100483,2,9,0,18,19,8,4,0,0,0,0,0,0,0,1,1,2,2,1,23,5,1598,8,1,VAUXHALL GRANDLAND,3,E01019777,0,-1
2021221062713,2021,221062713,2,9,0,18,19,3,7,0,0,3,0,0,4,6,4,1,5,6,1,40,7,1199,1,3,VAUXHALL GRANDLAND,9,E01032141,0,-1
2021430059869,2021,430059869,1,9,0,11,11,3,5,0,0,0,0,0,0,0,2,1,1,1,2,36,7,1199,1,2,VAUXHALL GRANDLAND,-1,-1,0,-1
2021451115932,2021,451115932,1,9,0,16,19,1,5,0,0,0,0,0,7,4,1,1,6,6,1,15,3,1499,2,1,VAUXHALL GRANDLAND,6,E01030699,0,-1
2021552100397,2021,552100397,2,9,0,2,2,0,0,0,0,0,0,0,0,0,2,1,6,6,3,-1,-1,1199,1,1,VAUXHALL GRANDLAND,-1,-1,0,-1
2021622100512,2021,622100512,2,9,0,18,19,8,4,0,0,2,0,0,0,0,1,1,6,6,1,58,9,1199,1,2,VAUXHALL GRANDLAND,4,W01001234,0,-1
2021061097213,2021,061097213,1,9,0,3,3,1,5,0,0,8,0,0,0,0,2,1,6,6,1,30,6,1199,1,0,VAUXHALL GRANDLAND,4,E01005276,0,-1
2021540027221,2021,540027221,1,9,0,5,5,3,7,0,0,4,0,0,0,0,1,1,6,6,1,67,10,1199,1,2,VAUXHALL GRANDLAND,5,E01015571,0,-1
2021052102742,2021,052102742,2,9,0,3,3,3,7,0,0,1,0,0,0,0,2,1,6,6,1,54,8,1199,1,3,VAUXHALL GRANDLAND,1,E01006585,0,-1
202134WNC6331,2021,34WNC6331,3,9,0,18,19,1,5,0,0,0,0,0,0,0,2,1,6,6,2,30,6,1199,1,0,VAUXHALL GRANDLAND,9,E01030712,0,-1
2021141031533,2021,141031533,1,9,0,9,9,1,3,0,0,8,0,0,0,0,1,1,5,6,1,55,8,1199,1,1,VAUXHALL GRANDLAND,5,E01007953,0,-1
2021440489408,2021,440489408,2,9,0,18,19,2,6,0,0,1,0,0,0,0,1,1,2,2,1,37,7,1499,2,3,VAUXHALL GRANDLAND,8,E01022786,0,-1
2021522102586,2021,522102586,1,9,0,18,19,3,7,0,0,2,0,0,0,0,4,1,6,6,2,59,9,1199,1,1,VAUXHALL GRANDLAND,9,E01014787,0,-1
2021131063502,2021,131063502,3,9,0,2,2,1,5,0,0,0,0,0,0,0,2,2,6,6,3,-1,-1,1199,1,0,VAUXHALL GRANDLAND,-1,-1,0,-1
2021461021821,2021,461021821,2,9,0,18,19,2,6,0,0,8,0,0,0,0,3,1,6,6,1,70,10,1199,1,2,VAUXHALL GRANDLAND,1,E01033211,0,-1
2021201112517,2021,201112517,1,9,0,5,5,4,8,0,0,3,0,0,0,0,2,1,6,6,2,50,8,1199,1,1,VAUXHALL GRANDLAND,1,E01009094,0,-1
202131A186621,2021,31A186621,2,9,0,18,19,3,7,0,0,8,1,0,0,0,4,1,6,6,1,63,9,1199,1,2,VAUXHALL GRANDLAND,1,E01027966,0,-1
2021461120378,2021,461120378,1,9,0,18,19,1,5,0,0,0,0,0,0,0,1,1,6,6,1,-1,-1,1199,1,2,VAUXHALL GRANDLAND,-1,-1,0,-1
2021520101734,2021,520101734,1,9,0,18,19,8,4,0,0,0,0,0,0,0,1,1,6,6,2,53,8,1199,1,1,VAUXHALL GRANDLAND,9,E01032642,0,-1
2021461087891,2021,461087891,2,9,0,3,3,5,1,0,0,1,0,0,0,0,2,1,6,6,1,50,8,1199,1,1,VAUXHALL GRANDLAND,8,E01016144,0,-1
2021010337753,2021,010337753,1,9,0,9,9,6,3,0,0,8,0,0,0,0,1,1,6,6,1,83,11,1199,1,2,VAUXHALL GRANDLAND,7,E01002115,0,-1
202131D098921,2021,31D098921,2,9,0,18,19,1,5,0,0,1,0,0,1,0,3,1,6,6,1,49,8,1199,1,1,VAUXHALL GRANDLAND,5,E01028114,0,-1
202154C524221,2021,54C524221,2,9,0,18,19,4,8,0,0,0,0,0,0,0,1,1,6,6,2,34,6,1199,1,3,VAUXHALL GRANDLAND,7,E01015568,0,-1
2021061064926,2021,061064926,2,9,0,18,19,7,3,0,0,8,0,10,6,0,1,1,6,6,1,29,6,1499,2,1,VAUXHALL GRANDLAND,4,E01025057,0,-1
2021302100079,2021,302100079,1,9,0,18,19,4,8,0,0,4,0,0,0,0,1,1,6,6,1,30,6,1199,1,1,VAUXHALL GRANDLAND,4,E01013534,0,-1
2021052100855,2021,052100855,2,9,0,4,4,3,1,0,0,4,0,0,0,0,2,1,6,6,2,31,6,1199,1,1,VAUXHALL GRANDLAND,8,E01006622,0,-1
202131A098221,2021,31A098221,6,9,0,2,2,0,0,0,0,2,0,0,0,0,2,1,6,6,3,-1,-1,1199,1,1,VAUXHALL GRANDLAND,-1,-1,0,-1
202134WNC0091,2021,34WNC0091,2,9,0,18,19,1,5,0,0,0,1,0,0,0,3,1,1,1,1,52,8,1199,1,1,VAUXHALL GRANDLAND,6,E01018352,0,-1
2021010320615,2021,010320615,1,9,0,18,19,5,1,8,6,4,5,0,3,2,1,1,2,2,1,34,6,1199,1,3,VAUXHALL GRANDLAND,3,E01001688,0,-1
2021991014356,2021,991014356,1,9,0,18,19,2,6,0,0,0,1,4,7,0,1,1,5,6,1,30,6,1499,2,1,VAUXHALL GRANDLAND,1,-1,0,-1
2021201077608,2021,201077608,1,9,0,18,19,8,4,0,0,0,0,0,0,0,1,1,6,6,1,73,10,1199,1,2,VAUXHALL GRANDLAND,3,E01008930,0,-1
2021320142303,2021,320142303,1,9,0,9,9,1,5,0,0,0,0,0,0,0,1,1,6,6,2,76,11,1499,2,2,VAUXHALL GRANDLAND,4,E01026102,0,-1
2021461023811,2021,461023811,2,9,0,5,5,1,5,0,0,8,0,9,7,10,4,1,5,6,1,50,8,1199,1,1,VAUXHALL GRANDLAND,8,E01016144,0,-1
2021991046796,2021,991046796,2,9,0,8,8,3,7,0,0,4,0,0,0,0,2,1,5,6,1,54,8,1499,2,2,VAUXHALL GRANDLAND,4,-1,0,-1
2021052100952,2021,052100952,1,9,0,9,9,5,3,0,0,5,0,0,0,0,1,1,6,6,1,32,6,1199,1,1,VAUXHALL GRANDLAND,4,E01007206,0,-1
2021531118770,2021,531118770,1,9,0,7,7,1,5,-1,-1,0,0,0,0,0,1,1,6,6,1,40,7,1199,1,1,VAUXHALL GRANDLAND,1,E01022147,0,-1
2021552100829,2021,552100829,1,9,0,17,19,6,1,0,0,0,0,0,0,0,1,1,6,6,1,72,10,1499,2,2,VAUXHALL GRANDLAND,10,E01020378,0,-1
2021010296026,2021,010296026,2,9,0,7,7,1,4,0,0,5,0,0,0,0,1,1,1,1,1,28,6,1598,8,1,VAUXHALL GRANDLAND,2,E01001161,0,-1
2021440336255,2021,440336255,1,9,0,18,19,3,7,0,0,8,0,0,0,0,1,1,6,6,2,54,8,1199,1,1,VAUXHALL GRANDLAND,5,E01022576,0,-1
2021471060843,2021,471060843,2,9,0,18,19,3,7,0,0,8,0,0,1,0,3,1,3,7,2,50,8,1199,1,1,VAUXHALL GRANDLAND,3,E01017007,0,-1
2021070752319,2021,070752319,2,9,0,3,3,8,4,0,0,1,0,0,0,0,2,1,2,2,1,32,6,1598,8,1,VAUXHALL GRANDLAND,4,E01032418,0,-1
2021131050034,2021,131050034,2,9,0,18,19,8,4,0,0,8,1,0,0,0,4,1,5,6,1,46,8,1199,1,1,VAUXHALL GRANDLAND,4,E01011499,0,-1
2021122101190,2021,122101190,1,9,0,4,4,4,8,0,0,0,0,0,0,0,1,1,6,6,1,68,10,1199,1,1,VAUXHALL GRANDLAND,4,E01027910,0,-1
2021010332619,2021,010332619,1,9,0,5,5,0,3,0,0,1,0,0,0,0,3,1,6,6,2,45,7,1598,1,0,VAUXHALL GRANDLAND,2,E01004001,0,-1
2021070773737,2021,070773737,2,9,0,5,5,7,3,0,0,8,0,0,0,0,1,1,6,6,2,70,10,1199,1,1,VAUXHALL GRANDLAND,2,E01012506,0,-1
2021991055245,2021,991055245,1,9,0,9,9,1,7,0,0,8,0,0,0,0,3,1,5,6,1,80,11,1199,1,0,VAUXHALL GRANDLAND,1,E01027416,0,-1
2021201107649,2021,201107649,1,9,0,9,9,6,4,0,0,5,0,0,0,0,4,1,2,2,1,30,6,1199,1,3,VAUXHALL GRANDLAND,2,E01010049,0,-1
2021161056428,2021,161056428,1,9,0,4,4,1,5,0,0,1,0,0,0,0,1,1,6,6,2,34,6,1499,2,3,VAUXHALL GRANDLAND,9,E01013115,0,-1
2021221024327,2021,221024327,2,9,0,18,19,3,7,0,0,8,0,0,0,0,1,1,5,6,2,24,5,1560,2,3,VAUXHALL GRANDLAND,4,E01032409,0,-1
2021010325935,2021,010325935,1,9,0,18,19,8,4,0,0,0,0,11,0,0,4,1,6,6,1,61,9,1199,1,1,VAUXHALL GRANDLAND,5,E01033740,0,-1
2021430039387,2021,430039387,1,9,0,18,19,5,1,0,0,1,0,0,0,0,1,1,6,6,1,32,6,1499,2,1,VAUXHALL GRANDLAND,-1,-1,0,-1
2021010300464,2021,010300464,1,9,0,5,5,0,6,0,0,0,0,10,7,11,1,1,6,6,1,74,10,1199,1,1,VAUXHALL GRANDLAND,3,E01001954,0,-1
2021201131842,2021,201131842,3,9,0,18,19,6,2,0,0,1,0,0,0,0,3,1,6,6,1,47,8,1560,2,3,VAUXHALL GRANDLAND,5,E01009690,0,-1
2021041038518,2021,041038518,1,9,0,5,5,3,7,0,0,0,5,0,1,4,4,1,5,6,2,79,11,1598,1,0,VAUXHALL GRANDLAND,5,E01025206,0,-1
2021052102791,2021,052102791,1,9,0,18,19,7,3,0,0,7,0,0,0,0,1,1,1,1,1,41,7,1199,1,2,VAUXHALL GRANDLAND,1,E01006573,0,-1
2021221052762,2021,221052762,2,9,0,3,3,6,2,0,0,0,0,0,0,0,2,1,2,2,1,56,9,1199,1,1,VAUXHALL GRANDLAND,6,E01032174,0,-1
2021531086755,2021,531086755,1,9,0,4,4,3,7,0,0,0,0,0,0,0,2,1,5,6,1,51,8,1199,1,1,VAUXHALL GRANDLAND,7,E01022180,0,-1
2021010348090,2021,010348090,3,9,0,99,99,9,9,99,99,9,9,99,9,99,2,9,6,6,1,59,9,1199,1,3,VAUXHALL GRANDLAND,7,E01002420,0,-1
2021440043553,2021,440043553,1,9,0,9,9,7,6,0,0,8,0,0,0,0,3,1,6,6,1,63,9,1199,1,1,VAUXHALL GRANDLAND,1,E01022933,0,-1
2021401114215,2021,401114215,2,9,0,18,19,4,8,0,0,0,0,0,0,0,4,1,5,6,2,35,6,1199,1,1,VAUXHALL GRANDLAND,7,E01023736,0,-1
2021501045042,2021,501045042,1,9,0,18,19,2,6,0,0,0,0,0,0,0,1,1,2,2,2,53,8,1199,1,2,VAUXHALL GRANDLAND,4,E01018874,0,-1
2021430577672,2021,430577672,3,9,0,2,2,0,0,0,0,0,0,4,0,0,1,1,6,6,3,-1,-1,1499,2,2,VAUXHALL GRANDLAND,9,E01028754,0,-1
2021430241795,2021,430241795,1,9,0,6,6,4,4,0,0,0,0,0,0,0,4,1,6,6,2,50,8,1199,1,2,VAUXHALL GRANDLAND,-1,-1,0,-1
2021141056110,2021,141056110,3,9,0,18,19,1,5,0,0,8,0,0,0,0,1,1,5,6,2,57,9,1199,1,3,VAUXHALL GRANDLAND,1,E01008086,0,-1
2021101082067,2021,101082067,1,9,0,9,9,8,5,0,0,8,0,0,0,0,1,1,5,6,2,52,8,1199,1,1,VAUXHALL GRANDLAND,1,E01027533,0,-1
2021231024553,2021,231024553,2,9,0,18,19,6,2,0,0,8,1,0,1,7,3,1,5,6,1,52,8,1199,1,3,VAUXHALL GRANDLAND,4,E01029857,0,-1
2021501118049,2021,501118049,1,9,0,5,5,8,5,0,0,1,0,0,0,0,1,1,6,6,1,62,9,1199,1,0,VAUXHALL GRANDLAND,5,E01015135,0,-1
202154B146421,2021,54B146421,1,9,0,18,19,4,8,0,0,1,0,9,3,10,1,1,6,6,2,59,9,1199,1,2,VAUXHALL GRANDLAND,10,E01031927,0,-1
2021421030205,2021,421030205,2,9,0,1,1,1,5,0,0,0,0,0,0,0,2,1,5,6,1,34,6,1199,1,3,VAUXHALL GRANDLAND,4,E01015972,0,-1
2021440460310,2021,440460310,3,9,0,18,19,4,8,0,0,0,0,0,0,0,1,1,6,6,2,28,6,1199,1,3,VAUXHALL GRANDLAND,9,E01031878,0,-1
20211383O0757,2021,1383O0757,1,9,0,9,9,3,7,0,0,1,0,0,0,0,3,1,6,6,1,84,11,1199,1,3,VAUXHALL GRANDLAND,6,E01011885,0,-1
2021122101088,2021,122101088,1,9,0,18,19,2,6,0,0,0,5,4,0,0,1,1,6,6,1,34,6,1199,1,1,VAUXHALL GRANDLAND,5,E01027796,0,-1
2021070288349,2021,070288349,2,9,0,4,4,1,5,0,0,0,0,0,0,0,2,1,6,6,2,31,6,1199,1,3,VAUXHALL GRANDLAND,2,E01012570,0,-1
2021201084082,2021,201084082,2,9,0,2,2,0,0,0,0,0,0,0,0,0,1,1,6,6,1,52,8,1199,1,1,VAUXHALL GRANDLAND,3,E01009584,0,-1
2021061041808,2021,061041808,1,9,0,18,19,6,2,0,0,4,0,0,0,0,4,1,6,6,1,50,8,1199,1,2,VAUXHALL GRANDLAND,1,E01005935,0,-1
2021991056364,2021,991056364,1,9,0,18,19,3,7,0,0,1,0,0,0,0,1,1,5,6,1,50,8,1499,2,2,VAUXHALL GRANDLAND,5,-1,0,-1
2021401087396,2021,401087396,1,9,0,5,5,3,7,0,0,1,0,0,0,0,4,1,5,6,1,63,9,1199,1,0,VAUXHALL GRANDLAND,9,E01015811,0,-1
2021461086162,2021,461086162,1,9,0,5,5,2,8,0,0,6,0,0,0,0,3,1,6,6,2,51,8,1560,2,3,VAUXHALL GRANDLAND,7,E01024804,0,-1
2021371072711,2021,371072711,2,9,0,18,19,8,4,0,0,0,0,0,0,0,4,1,5,6,2,67,10,1199,1,1,VAUXHALL GRANDLAND,6,E01029919,0,-1
2021052102893,2021,052102893,1,9,0,18,19,6,3,0,0,0,0,0,0,0,1,1,6,6,1,29,6,1199,1,3,VAUXHALL GRANDLAND,-1,-1,0,-1
2021161072377,2021,161072377,1,9,0,4,4,2,6,0,0,1,0,0,0,0,2,1,5,6,1,59,9,1199,1,1,VAUXHALL GRANDLAND,6,E01011518,0,-1
202154A547221,2021,54A547221,2,9,0,5,5,1,5,0,0,8,0,0,0,0,3,1,2,2,1,61,9,1499,2,2,VAUXHALL GRANDLAND,9,E01015471,0,-1
2021010335927,2021,010335927,1,9,0,3,3,2,6,0,0,0,0,0,0,0,0,1,6,6,2,43,7,1199,1,1,VAUXHALL GRANDLAND,6,E01000203,0,-1
2021201065784,2021,201065784,1,9,0,13,13,4,8,0,0,1,1,4,7,11,4,1,6,6,1,-1,-1,1499,2,1,VAUXHALL GRANDLAND,-1,-1,0,-1
2021991077557,2021,991077557,2,9,0,2,2,0,0,0,0,0,0,0,0,0,2,1,6,6,3,-1,-1,1199,1,1,VAUXHALL GRANDLAND,-1,-1,0,-1
2021302100562,2021,302100562,1,9,0,13,13,6,2,0,0,0,0,0,0,0,0,1,6,6,3,-1,-1,1199,1,3,VAUXHALL GRANDLAND,5,E01019456,0,-1
2021461108643,2021,461108643,3,9,0,18,19,7,3,0,0,4,0,0,0,0,3,1,5,6,2,61,9,1997,2,2,VAUXHALL GRANDLAND,5,E01024692,0,-1
2021320306946,2021,320306946,3,9,0,4,4,2,6,0,0,0,0,0,0,0,0,1,6,6,1,59,9,1499,2,1,VAUXHALL GRANDLAND,5,E01006058,0,-1
2021161081620,2021,161081620,1,9,0,18,19,5,1,0,0,0,0,0,0,0,1,1,5,6,2,45,7,1199,1,1,VAUXHALL GRANDLAND,10,E01013044,0,-1
2021520105331,2021,520105331,1,9,0,7,7,1,3,0,0,1,0,0,0,0,1,1,1,1,1,71,10,1199,1,2,VAUXHALL GRANDLAND,1,E01029106,0,-1