collision_index,collision_year,collision_ref_no,vehicle_reference,vehicle_type,towing_and_articulation,vehicle_manoeuvre_historic,vehicle_manoeuvre,vehicle_direction_from,vehicle_direction_to,vehicle_location_restricted_lane_historic,vehicle_location_restricted_lane,junction_location,skidding_and_overturning,hit_object_in_carriageway,vehicle_leaving_carriageway,hit_object_off_carriageway,first_point_of_impact,vehicle_left_hand_drive,journey_purpose_of_driver_historic,journey_purpose_of_driver,sex_of_driver,age_of_driver,age_band_of_driver,engine_capacity_cc,propulsion_code,age_of_vehicle,generic_make_model,driver_imd_decile,lsoa_of_driver,escooter_flag,driver_distance_banding
2021440313773,2021,440313773,1,9,0,9,9,4,2,0,0,8,0,0,0,0,1,1,6,6,1,36,7,1580,8,2,HYUNDAI IONIQ,6,E01017177,0,-1
2021552101039,2021,552101039,1,9,0,9,9,2,7,0,0,6,0,0,0,0,4,1,6,6,1,64,9,1580,8,3,HYUNDAI IONIQ,9,E01015351,0,-1
2021320433887,2021,320433887,1,9,0,9,9,6,4,0,0,8,0,0,0,0,1,1,6,6,1,67,10,1580,8,2,HYUNDAI IONIQ,5,E01026255,0,-1
2021061139769,2021,061139769,2,9,0,3,3,1,1,0,0,0,0,0,0,0,2,1,2,2,1,31,6,1580,8,1,HYUNDAI IONIQ,5,E01020803,0,-1
2021531061921,2021,531061921,1,9,0,18,19,2,5,0,0,0,1,0,1,0,1,1,1,1,1,45,7,1580,8,4,HYUNDAI IONIQ,5,E01009280,0,-1
2021201114574,2021,201114574,2,8,0,18,19,2,6,0,0,6,0,0,0,0,2,1,6,6,1,-1,-1,1580,8,3,HYUNDAI IONIQ,-1,-1,0,-1
2021010318528,2021,010318528,1,9,0,5,5,0,1,0,0,0,0,0,0,0,2,1,1,1,1,29,6,1580,8,2,HYUNDAI IONIQ,3,E01002133,0,-1
2021052102495,2021,052102495,2,9,0,18,19,2,6,0,0,8,0,0,0,0,3,1,1,1,1,38,7,1580,8,3,HYUNDAI IONIQ,2,E01006726,0,-1
2021010303566,2021,010303566,2,9,0,6,6,1,1,0,0,0,0,0,0,0,1,1,1,1,1,47,8,1580,8,2,HYUNDAI IONIQ,1,E01003245,0,-1
2021010329372,2021,010329372,1,9,0,99,99,9,9,99,99,9,9,99,9,99,2,9,2,2,1,44,7,1580,8,4,HYUNDAI IONIQ,4,E01000787,0,-1
2021101023293,2021,101023293,2,9,0,4,4,8,4,0,0,0,0,4,0,0,2,1,5,6,1,32,6,1580,8,3,HYUNDAI IONIQ,1,E01008303,0,-1
2021461081295,2021,461081295,1,9,0,9,9,5,1,0,0,1,0,0,0,0,3,1,6,6,1,81,11,1580,8,0,HYUNDAI IONIQ,3,E01016146,0,-1
2021451031092,2021,451031092,3,9,0,18,19,8,4,0,0,0,0,4,0,0,1,1,5,6,1,77,11,1580,8,3,HYUNDAI IONIQ,7,E01002691,0,-1
2021010312335,2021,010312335,2,9,0,99,99,9,9,99,99,9,9,99,9,99,9,9,6,6,2,33,6,1580,8,3,HYUNDAI IONIQ,4,E01032766,0,-1
2021052101711,2021,052101711,1,8,0,5,5,3,7,0,0,0,0,0,0,0,4,1,1,1,1,40,7,1580,8,4,HYUNDAI IONIQ,1,E01007277,0,-1
2021411070075,2021,411070075,2,9,0,4,4,5,1,0,0,0,0,0,4,0,2,1,6,6,2,61,9,1580,8,3,HYUNDAI IONIQ,7,E01023798,0,-1
2021052102121,2021,052102121,1,8,0,4,4,3,7,0,0,0,0,0,0,0,1,1,1,1,1,35,6,1580,8,2,HYUNDAI IONIQ,-1,-1,0,-1
2021201066723,2021,201066723,1,9,0,7,7,-1,-1,0,0,6,0,0,0,0,4,1,6,6,1,34,6,1580,8,2,HYUNDAI IONIQ,6,E01009261,0,-1
2021010335930,2021,010335930,1,9,0,99,99,9,9,0,0,8,0,0,0,0,2,1,1,1,1,71,10,1580,8,2,HYUNDAI IONIQ,6,E01003386,0,-1
2021010308756,2021,010308756,1,9,0,99,99,9,9,99,99,0,9,99,9,99,9,9,6,6,1,30,6,-1,3,2,HYUNDAI IONIQ,-1,-1,0,-1
2021061098157,2021,061098157,1,8,0,9,9,1,6,0,0,8,0,0,0,0,1,1,1,1,1,39,7,1580,8,3,HYUNDAI IONIQ,2,E01005590,0,-1
2021052102626,2021,052102626,1,9,0,18,19,3,7,0,0,1,0,0,0,0,1,2,1,1,1,43,7,1580,8,2,HYUNDAI IONIQ,2,E01006506,0,-1
2021501048728,2021,501048728,1,9,0,15,15,3,7,0,0,0,0,0,0,0,4,1,5,6,1,38,7,1580,8,2,HYUNDAI IONIQ,5,E01020213,0,-1
2021501132129,2021,501132129,1,9,0,18,19,7,3,0,0,0,0,0,0,0,1,1,6,6,1,29,6,1580,8,0,HYUNDAI IONIQ,4,E01020013,0,-1
2021010329692,2021,010329692,1,9,0,99,99,9,9,99,99,9,9,99,9,99,9,9,2,2,1,40,7,1580,8,0,HYUNDAI IONIQ,3,E01002044,0,-1
2021010339216,2021,010339216,1,9,0,18,19,6,2,0,0,2,0,0,0,0,2,1,1,1,1,51,8,1580,8,2,HYUNDAI IONIQ,7,E01001131,0,-1
2021010343532,2021,010343532,1,8,0,99,99,9,9,99,99,9,9,99,9,99,9,9,1,1,1,48,8,1580,8,3,HYUNDAI IONIQ,3,E01001004,0,-1
2021451106442,2021,451106442,1,9,0,18,19,5,1,0,0,1,0,0,0,0,1,1,3,7,2,42,7,1580,8,4,HYUNDAI IONIQ,3,E01031555,0,-1
2021010349724,2021,010349724,2,9,0,9,9,7,4,0,0,8,0,0,0,0,1,1,1,1,1,58,9,-1,3,0,HYUNDAI IONIQ,2,E01001976,0,-1
2021010319783,2021,010319783,1,8,0,18,19,3,7,0,0,1,0,0,0,0,1,1,6,6,1,30,6,1580,8,2,HYUNDAI IONIQ,5,E01000615,0,-1
2021010310057,2021,010310057,2,9,0,99,99,9,9,99,99,0,9,99,9,99,3,9,6,6,3,-1,-1,1580,8,3,HYUNDAI IONIQ,3,E01001673,0,-1
2021010307249,2021,010307249,2,9,0,99,99,9,9,99,99,9,9,99,9,99,9,9,6,6,3,-1,-1,1580,8,0,HYUNDAI IONIQ,-1,-1,0,-1
2021061112446,2021,061112446,2,9,0,8,8,7,3,0,0,6,0,0,0,0,1,1,5,6,1,45,7,1580,8,4,HYUNDAI IONIQ,2,E01005640,0,-1
2021010345623,2021,010345623,1,9,0,9,9,1,5,0,0,8,0,0,0,0,1,1,1,1,1,42,7,1580,8,4,HYUNDAI IONIQ,3,E01004217,0,-1
2021010317251,2021,010317251,1,9,0,99,99,9,9,99,99,0,9,99,9,99,2,9,6,6,1,45,7,1580,8,2,HYUNDAI IONIQ,8,E01001044,0,-1
2021052101160,2021,052101160,4,9,0,2,2,0,0,0,0,0,0,4,0,0,2,1,6,6,3,-1,-1,1580,8,4,HYUNDAI IONIQ,-1,-1,0,-1
2021201114176,2021,201114176,2,9,0,18,19,7,3,0,0,8,0,0,0,0,2,1,5,6,3,26,6,1580,8,2,HYUNDAI IONIQ,4,E01009085,0,-1
2021010339338,2021,010339338,2,9,0,9,9,7,5,0,0,1,0,0,0,0,1,2,6,6,1,28,6,1580,8,0,HYUNDAI IONIQ,4,E01001711,0,-1
2021010334838,2021,010334838,1,9,0,18,19,3,7,0,0,8,0,0,0,0,4,1,1,1,1,52,8,-1,3,0,HYUNDAI IONIQ,8,E01002159,0,-1
2021010320937,2021,010320937,2,9,0,99,99,9,9,99,99,9,9,99,9,99,2,9,6,6,3,-1,-1,1580,8,3,HYUNDAI IONIQ,-1,-1,0,-1
2021061069129,2021,061069129,2,9,0,3,3,5,1,0,0,8,0,0,0,0,1,1,1,1,1,50,8,1580,8,2,HYUNDAI IONIQ,1,E01033666,0,-1
2021010302344,2021,010302344,1,9,0,7,7,4,6,0,0,1,0,99,9,99,4,1,6,6,1,-1,-1,1580,8,2,HYUNDAI IONIQ,-1,-1,0,-1
2021010304360,2021,010304360,1,8,0,99,99,9,9,99,99,9,9,99,9,99,9,9,6,6,1,38,7,1580,8,2,HYUNDAI IONIQ,2,E01003918,0,-1
2021052100391,2021,052100391,1,9,0,8,8,1,5,0,0,1,0,0,0,0,3,2,6,6,1,31,6,-1,3,1,HYUNDAI IONIQ,5,E01033095,0,-1
2021010349844,2021,010349844,1,9,0,9,9,3,2,0,0,6,0,0,0,0,1,1,1,1,1,50,8,1580,8,2,HYUNDAI IONIQ,2,E01001750,0,-1
2021131033876,2021,131033876,1,9,0,6,6,3,3,0,0,1,0,0,0,0,1,2,1,1,1,25,5,1580,8,3,HYUNDAI IONIQ,1,E01011434,0,-1
2021070319399,2021,070319399,1,9,0,9,9,6,4,0,0,5,0,0,0,0,0,1,6,6,1,62,9,1580,8,1,HYUNDAI IONIQ,9,E01018408,0,-1
2021622100708,2021,622100708,2,9,0,4,4,6,2,0,0,0,0,0,0,0,2,1,1,1,1,34,6,1580,8,0,HYUNDAI IONIQ,8,E01016192,0,-1
2021501023798,2021,501023798,2,9,0,4,4,4,8,0,0,0,0,0,0,0,2,1,5,6,1,66,10,1580,8,2,HYUNDAI IONIQ,3,E01018815,0,-1
2021010308961,2021,010308961,1,9,0,3,3,1,5,0,0,2,0,0,0,0,2,1,6,6,2,33,6,1580,8,3,HYUNDAI IONIQ,1,E01000048,0,-1
2021991086726,2021,991086726,1,9,0,5,5,3,8,0,0,8,0,0,0,0,1,1,1,1,1,25,5,1580,8,3,HYUNDAI IONIQ,8,-1,0,-1
2021481117104,2021,481117104,1,8,0,9,9,3,1,0,0,8,0,0,0,0,4,1,1,1,1,38,7,1580,8,3,HYUNDAI IONIQ,1,E01001430,0,-1
2021170S11261,2021,170S11261,1,9,0,4,4,4,8,0,0,0,0,0,0,0,2,1,6,6,2,29,6,1580,8,2,HYUNDAI IONIQ,5,E01012300,0,-1
2021991058139,2021,991058139,1,9,0,10,10,8,6,0,0,1,0,0,0,0,1,1,6,6,2,28,6,1580,8,0,HYUNDAI IONIQ,6,-1,0,-1
2021010309031,2021,010309031,2,8,0,3,3,1,5,99,99,9,9,0,0,0,4,9,6,6,3,-1,-1,1580,8,2,HYUNDAI IONIQ,9,E01033168,0,-1
2021302100673,2021,302100673,2,9,0,9,9,2,8,0,0,0,0,0,0,0,3,1,6,6,2,53,8,1580,8,0,HYUNDAI IONIQ,9,E01016601,0,-1
2021010351383,2021,010351383,2,9,0,99,99,9,9,99,99,0,9,99,9,99,1,9,6,6,1,-1,-1,-1,3,4,HYUNDAI IONIQ,6,E01004626,0,-1
2021991038210,2021,991038210,2,8,0,7,7,5,7,0,0,1,0,0,0,0,4,1,1,1,1,44,7,1580,8,4,HYUNDAI IONIQ,1,-1,0,-1
2021440286302,2021,440286302,1,9,0,9,9,8,6,0,0,8,0,0,0,0,1,1,6,6,1,74,10,1580,8,2,HYUNDAI IONIQ,10,E01022888,0,-1
2021052101462,2021,052101462,1,9,0,11,11,5,1,0,0,0,0,0,0,0,1,1,6,6,1,38,7,-1,3,1,HYUNDAI IONIQ,9,E01007280,0,-1
2021440379515,2021,440379515,2,9,0,3,3,5,1,0,0,0,0,0,0,0,2,1,6,6,1,66,10,1580,8,2,HYUNDAI IONIQ,6,E01022960,0,-1
2021010307177,2021,010307177,1,9,0,4,4,3,7,0,0,6,0,0,0,0,1,1,6,6,1,27,6,1580,8,3,HYUNDAI IONIQ,3,E01002102,0,-1
2021010299589,2021,010299589,2,9,0,18,19,7,3,0,0,1,0,0,0,0,1,1,6,6,1,44,7,1580,8,3,HYUNDAI IONIQ,7,E01023901,0,-1
2021010304595,2021,010304595,1,8,0,99,99,9,9,99,99,0,9,99,9,99,2,9,6,6,1,39,7,1580,8,3,HYUNDAI IONIQ,1,E01004205,0,-1
2021010304444,2021,010304444,1,8,9,99,99,9,9,99,99,0,9,99,9,99,9,9,6,6,3,-1,-1,1580,8,3,HYUNDAI IONIQ,-1,-1,0,-1
2021471098321,2021,471098321,1,9,0,7,7,4,6,0,0,8,0,0,0,0,4,1,1,1,1,46,8,1580,8,4,HYUNDAI IONIQ,6,E01016935,0,-1
2021991052017,2021,991052017,2,9,0,10,10,7,5,0,0,8,0,0,0,0,1,1,6,6,1,68,10,1580,8,1,HYUNDAI IONIQ,2,-1,0,-1
2021010342604,2021,010342604,2,9,0,18,19,7,3,0,0,1,0,0,0,0,1,1,6,6,1,29,6,1580,8,4,HYUNDAI IONIQ,2,E01001815,0,-1
2021010316101,2021,010316101,2,9,0,99,99,9,9,99,99,0,9,99,9,99,9,9,6,6,3,24,5,1580,8,0,HYUNDAI IONIQ,2,E01004290,0,-1
2021411081541,2021,411081541,2,9,0,18,19,3,7,0,0,0,0,0,0,0,4,1,6,6,1,30,6,1580,8,2,HYUNDAI IONIQ,6,E01023858,0,-1
2021991021747,2021,991021747,1,9,0,17,19,6,3,0,0,0,0,0,0,0,1,1,5,6,1,76,11,1580,8,2,HYUNDAI IONIQ,5,-1,0,-1
2021010296660,2021,010296660,3,8,0,18,19,7,3,0,0,1,0,0,0,0,1,1,6,6,3,-1,-1,1580,8,3,HYUNDAI IONIQ,-1,-1,0,-1
2021010301901,2021,010301901,2,8,0,3,3,7,3,0,0,0,0,0,0,0,4,1,1,1,1,55,8,-1,3,1,HYUNDAI IONIQ,2,E01004296,0,-1
2021010336976,2021,010336976,1,9,0,99,99,9,9,99,99,9,9,99,9,99,2,9,6,6,2,19,4,1580,8,1,HYUNDAI IONIQ,8,E01033724,0,-1
2021052101525,2021,052101525,2,8,0,18,19,1,6,0,0,8,0,0,7,0,4,1,1,1,1,39,7,1580,8,4,HYUNDAI IONIQ,1,E01006647,0,-1
2021461057904,2021,461057904,2,9,0,4,4,7,3,0,0,0,0,0,0,0,2,1,6,6,1,71,10,1580,8,4,HYUNDAI IONIQ,10,E01024322,0,-1
2021010293416,2021,010293416,2,9,0,6,6,7,7,0,0,0,0,0,3,0,0,1,6,6,1,57,9,1580,8,3,HYUNDAI IONIQ,-1,-1,0,-1
2021991126292,2021,991126292,1,9,0,15,15,3,7,0,0,0,1,0,0,0,1,1,5,6,2,24,5,1580,8,0,HYUNDAI IONIQ,6,E01001923,0,-1
2021010306243,2021,010306243,2,9,0,5,5,3,7,0,0,8,0,0,0,0,1,1,6,6,1,33,6,1580,8,1,HYUNDAI IONIQ,6,E01002565,0,-1
2021361148346,2021,361148346,2,9,0,18,19,5,1,0,0,0,0,0,0,0,2,1,2,2,1,21,5,1580,8,0,HYUNDAI IONIQ,8,E01026913,0,-1
2021401087063,2021,401087063,2,9,-1,-1,-1,-1,-1,-1,-1,-1,-1,-1,-1,0,-1,1,6,6,1,44,7,1580,8,4,HYUNDAI IONIQ,2,E01015737,0,-1
2021622100098,2021,622100098,4,9,0,2,2,0,0,0,0,0,0,0,0,0,2,1,6,6,3,-1,-1,1580,8,2,HYUNDAI IONIQ,-1,-1,0,-1
2021010311724,2021,010311724,1,9,0,6,6,4,4,0,0,1,0,0,0,0,3,1,1,1,1,46,8,-1,3,1,HYUNDAI IONIQ,2,E01000184,0,-1
2021061067041,2021,061067041,1,9,0,9,9,3,1,0,0,8,0,0,0,0,3,1,6,6,2,40,7,1580,8,4,HYUNDAI IONIQ,4,E01005469,0,-1
2021101057680,2021,101057680,3,8,0,18,19,7,3,0,0,0,1,0,0,0,3,1,1,1,1,58,9,1580,8,3,HYUNDAI IONIQ,4,E01033205,0,-1
2021052100331,2021,052100331,1,8,0,18,19,1,5,0,0,8,0,0,0,0,1,1,6,6,1,49,8,1580,8,4,HYUNDAI IONIQ,1,E01006614,0,-1
2021010349681,2021,010349681,1,8,0,9,9,5,3,0,0,8,0,0,0,0,4,1,1,1,1,51,8,-1,3,3,HYUNDAI IONIQ,2,E01003501,0,-1
2021552101306,2021,552101306,2,8,0,4,4,2,6,0,0,0,0,0,0,0,2,1,1,1,1,40,7,1580,8,2,HYUNDAI IONIQ,6,E01015462,0,-1
2021010322141,2021,010322141,2,9,0,99,99,9,9,99,99,9,9,99,9,99,1,9,6,6,3,-1,-1,1580,8,0,HYUNDAI IONIQ,5,E01002556,0,-1
2021010319858,2021,010319858,3,8,0,99,99,9,9,99,99,0,9,99,9,99,2,9,6,6,3,-1,-1,1580,8,4,HYUNDAI IONIQ,2,E01004010,0,-1
2021201070446,2021,201070446,2,9,0,10,10,6,4,0,0,1,0,0,0,0,2,1,6,6,1,34,6,1580,8,3,HYUNDAI IONIQ,5,E01009177,0,-1
2021010338496,2021,010338496,1,9,0,3,3,5,1,0,0,2,0,0,0,0,4,1,1,1,1,42,7,1580,8,4,HYUNDAI IONIQ,2,E01001842,0,-1
2021531119673,2021,531119673,3,9,0,5,5,4,8,0,0,0,0,0,0,0,2,1,1,1,1,24,5,1580,8,0,HYUNDAI IONIQ,8,E01022462,0,-1
2021430475992,2021,430475992,2,9,0,18,19,6,2,0,0,8,0,0,0,0,3,1,6,6,2,-1,-1,1580,8,4,HYUNDAI IONIQ,-1,-1,0,-1
2021201064233,2021,201064233,2,9,0,2,2,0,0,0,0,2,0,0,0,0,4,1,6,6,1,36,7,1580,8,2,HYUNDAI IONIQ,2,E01009942,0,-1
2021010308511,2021,010308511,1,8,0,99,99,9,9,99,99,9,9,99,9,99,2,9,6,6,1,26,6,1580,8,3,HYUNDAI IONIQ,2,E01003594,0,-1
2021201125327,2021,201125327,1,9,0,18,19,6,2,2,2,1,0,0,1,1,1,1,1,1,1,42,7,1580,8,4,HYUNDAI IONIQ,1,E01010046,0,-1
2021010343205,2021,010343205,1,8,0,99,99,9,9,99,99,9,9,99,9,99,2,9,1,1,1,27,6,1580,8,1,HYUNDAI IONIQ,2,E01004319,0,-1
2021481146407,2021,481146407,1,8,0,18,19,1,5,0,0,2,0,0,0,0,1,1,1,1,1,40,7,1580,8,3,HYUNDAI IONIQ,2,E01004323,0,-1
2021010306355,2021,010306355,2,9,0,1,1,1,5,0,0,1,0,0,0,0,2,2,6,6,1,26,6,1580,8,3,HYUNDAI IONIQ,3,E01032764,0,-1
2021010342262,2021,010342262,3,9,0,99,99,9,9,0,0,0,9,99,9,99,1,9,6,6,3,-1,-1,1580,8,4,HYUNDAI IONIQ,-1,-1,0,-1
2021461087334,2021,461087334,1,8,0,9,9,7,3,0,0,0,0,0,0,0,1,1,5,6,1,-1,-1,1580,8,3,HYUNDAI IONIQ,3,E01024182,0,-1
2021010350137,2021,010350137,1,9,0,17,19,7,5,0,0,8,0,0,0,0,3,1,1,1,1,36,7,1580,8,4,HYUNDAI IONIQ,3,E01000481,0,-1
2021010331538,2021,010331538,1,9,0,7,7,7,1,0,0,1,0,0,0,0,0,1,6,6,1,43,7,1580,8,3,HYUNDAI IONIQ,3,E01003617,0,-1
2021010298957,2021,010298957,1,9,0,4,4,2,6,0,0,0,0,0,0,0,2,1,6,6,2,55,8,1580,8,3,HYUNDAI IONIQ,10,E01003879,0,-1
2021010336634,2021,010336634,2,9,0,99,99,9,9,99,99,9,9,99,9,99,1,9,6,6,1,38,7,1580,8,4,HYUNDAI IONIQ,3,E01003493,0,-1
2021471113259,2021,471113259,1,9,0,9,9,6,3,0,0,5,0,0,3,0,1,1,5,6,2,30,6,1580,8,0,HYUNDAI IONIQ,8,E01031369,0,-1
2021302101920,2021,302101920,2,8,0,5,5,2,6,0,0,0,0,0,0,0,3,1,1,1,1,36,7,1580,8,4,HYUNDAI IONIQ,6,E01013589,0,-1
2021421112506,2021,421112506,1,9,0,18,19,8,5,0,0,0,0,0,0,0,1,1,5,6,1,22,5,1580,8,0,HYUNDAI IONIQ,7,E01021413,0,-1
2021131076003,2021,131076003,2,9,0,3,3,5,1,0,0,0,0,0,0,0,2,1,6,6,1,42,7,1580,8,0,HYUNDAI IONIQ,1,E01011361,0,-1
2021461023782,2021,461023782,2,9,0,5,5,8,4,0,0,4,0,0,0,0,2,1,2,2,2,30,6,1580,8,3,HYUNDAI IONIQ,8,E01024762,0,-1
2021991052015,2021,991052015,1,9,0,16,19,7,3,0,0,0,5,0,4,6,1,1,6,6,1,50,8,1580,8,2,HYUNDAI IONIQ,5,-1,0,-1
2021991098402,2021,991098402,1,9,0,15,15,1,5,2,2,0,0,0,0,0,2,1,1,1,1,22,5,1580,8,4,HYUNDAI IONIQ,2,-1,0,-1
2021010325057,2021,010325057,1,9,0,3,3,5,1,0,0,4,0,0,1,10,2,1,6,6,1,58,9,1580,8,2,HYUNDAI IONIQ,4,E01002455,0,-1
2021131074514,2021,131074514,1,9,0,3,3,1,5,0,0,0,0,0,0,0,2,1,6,6,1,48,8,1580,8,3,HYUNDAI IONIQ,1,E01011138,0,-1
2021010289470,2021,010289470,2,9,0,99,99,9,9,99,99,9,9,99,9,99,3,9,6,6,3,-1,-1,1580,8,2,HYUNDAI IONIQ,-1,-1,0,-1
2021010313586,2021,010313586,2,9,0,5,5,5,1,0,0,1,0,0,0,0,1,1,6,6,3,-1,-1,1580,8,5,HYUNDAI IONIQ,-1,-1,0,-1
2021010328849,2021,010328849,1,9,0,7,7,7,2,0,0,6,0,0,0,0,4,1,6,6,3,-1,-1,1580,8,3,HYUNDAI IONIQ,-1,-1,0,-1
2021461042358,2021,461042358,2,9,0,18,19,1,5,0,0,0,0,0,0,0,3,1,5,6,1,49,8,-1,3,2,HYUNDAI IONIQ,3,E01016016,0,-1
2021010311845,2021,010311845,2,9,0,18,19,5,1,2,2,0,0,0,0,0,0,1,6,6,1,42,7,-1,3,4,HYUNDAI IONIQ,1,E01004273,0,-1
2021161059918,2021,161059918,1,9,0,18,19,5,1,0,0,1,0,0,0,0,1,1,5,6,1,26,6,1580,8,4,HYUNDAI IONIQ,3,E01012817,0,-1
2021010345137,2021,010345137,1,9,0,3,3,2,6,0,0,0,0,0,0,0,2,1,1,1,1,39,7,1580,8,3,HYUNDAI IONIQ,-1,-1,0,-1
2021010304540,2021,010304540,1,9,0,9,9,3,1,0,0,8,0,0,0,0,3,1,6,6,1,25,5,1580,8,5,HYUNDAI IONIQ,3,E01001728,0,-1
2021010295488,2021,010295488,1,9,0,7,7,6,7,4,4,8,0,0,0,0,4,1,6,6,1,49,8,1580,8,3,HYUNDAI IONIQ,4,E01003090,0,-1
2021052101104,2021,052101104,1,8,0,18,19,4,8,0,0,0,0,0,0,0,4,1,1,1,1,30,6,1580,8,4,HYUNDAI IONIQ,2,E01005654,0,-1
2021440507209,2021,440507209,4,9,0,18,19,3,7,0,0,0,0,0,0,0,1,1,6,6,1,62,9,1580,8,1,HYUNDAI IONIQ,10,E01022729,0,-1
2021471077395,2021,471077395,1,9,0,1,1,5,1,0,0,1,0,0,0,0,2,1,6,6,3,-1,-1,1580,8,2,HYUNDAI IONIQ,-1,-1,0,-1
2021061026716,2021,061026716,2,9,0,18,19,7,3,0,0,1,1,0,0,0,4,1,5,6,1,71,10,1580,8,1,HYUNDAI IONIQ,4,E01006001,0,-1
2021451055018,2021,451055018,3,9,0,3,3,1,3,0,0,1,0,0,0,0,3,1,6,6,2,40,7,1580,8,3,HYUNDAI IONIQ,10,E01030512,0,-1
2021010307393,2021,010307393,1,9,0,99,99,9,9,99,99,0,9,99,9,99,9,9,6,6,1,39,7,1580,8,4,HYUNDAI IONIQ,2,E01001783,0,-1
2021010332524,2021,010332524,1,9,9,99,99,9,9,99,99,9,9,99,0,0,9,9,6,6,1,71,10,1580,8,3,HYUNDAI IONIQ,7,E01000297,0,-1
2021430257505,2021,430257505,2,9,0,9,9,4,2,0,0,5,0,0,0,0,4,1,6,6,1,-1,-1,1580,8,2,HYUNDAI IONIQ,5,E01016500,0,-1
2021010316446,2021,010316446,2,9,0,99,99,9,9,99,99,9,9,99,9,99,1,9,6,6,1,39,7,1580,8,4,HYUNDAI IONIQ,4,E01003527,0,-1
2021501053257,2021,501053257,1,9,0,18,19,2,6,0,0,0,5,10,0,0,1,1,6,6,2,74,10,1580,8,1,HYUNDAI IONIQ,5,E01020147,0,-1
2021010340095,2021,010340095,1,9,0,18,19,7,3,0,0,1,0,0,0,0,0,1,6,6,1,23,5,1580,8,2,HYUNDAI IONIQ,4,E01002698,0,-1
2021421029742,2021,421029742,1,9,0,9,9,3,1,0,0,8,0,0,0,0,1,1,5,6,1,37,7,1580,8,4,HYUNDAI IONIQ,6,E01015866,0,-1
2021010315920,2021,010315920,2,9,0,15,15,3,7,0,0,8,0,0,0,0,3,1,1,1,1,32,6,1580,8,2,HYUNDAI IONIQ,2,E01001791,0,-1
2021010333859,2021,010333859,1,9,0,5,5,7,3,0,0,1,0,0,0,0,1,1,1,1,1,40,7,1580,8,1,HYUNDAI IONIQ,6,E01000330,0,-1
2021061036385,2021,061036385,1,9,0,10,10,8,4,0,0,1,0,0,0,0,1,1,6,6,1,56,9,1580,8,3,HYUNDAI IONIQ,5,E01005993,0,-1
2021052102115,2021,052102115,2,8,0,18,19,7,3,0,0,1,0,0,0,0,1,1,1,1,1,41,7,1580,8,4,HYUNDAI IONIQ,2,E01006748,0,-1
2021061114873,2021,061114873,1,9,0,9,9,8,6,0,0,8,0,0,0,0,1,1,1,1,2,34,6,-1,3,0,HYUNDAI IONIQ,1,E01012455,0,-1
202154A622921,2021,54A622921,1,9,0,9,9,7,5,0,0,1,1,0,0,0,3,1,6,6,1,53,8,1580,8,2,HYUNDAI IONIQ,6,E01022126,0,-1
2021010318466,2021,010318466,1,9,0,18,19,7,3,0,0,8,5,0,7,1,4,1,1,1,1,22,5,1580,8,2,HYUNDAI IONIQ,2,E01003205,0,-1
2021141058546,2021,141058546,1,9,0,14,14,3,7,0,0,2,0,0,0,0,0,1,1,1,2,-1,-1,2993,2,7,-1,6,E01007771,0,-1
2021061057007,2021,061057007,2,9,0,18,19,3,7,0,0,0,0,0,0,0,2,1,5,6,1,77,11,2184,2,5,JEEP CHEROKEE,2,E01007249,0,-1
2021361028575,2021,361028575,2,9,0,18,19,7,3,0,0,8,0,0,0,0,1,1,2,2,2,47,8,2429,1,15,JEEP CHEROKEE,8,E01026508,0,-1
2021122100858,2021,122100858,3,9,0,4,4,7,3,0,0,1,0,0,1,0,2,1,6,6,1,75,10,1956,2,7,JEEP CHEROKEE,5,E01011197,0,-1
2021451120100,2021,451120100,2,9,0,3,3,2,5,0,0,4,0,0,0,0,1,1,6,6,1,31,6,3960,1,23,JEEP CHEROKEE,10,E01030627,0,-1
2021545608121,2021,545608121,1,9,0,18,19,5,1,0,0,0,0,4,0,0,1,1,6,6,1,51,8,2776,2,18,JEEP CHEROKEE,4,E01015511,0,-1
2021061053193,2021,061053193,3,9,0,2,2,0,0,9,9,0,0,0,0,0,2,1,6,6,3,-1,-1,2987,2,11,JEEP CHEROKEE,-1,-1,0,-1
2021061097066,2021,061097066,1,9,0,9,9,7,5,0,0,1,0,0,0,0,3,1,5,6,2,44,7,2776,2,18,JEEP CHEROKEE,-1,-1,0,-1
2021061043045,2021,061043045,1,9,0,2,2,0,0,0,0,8,5,0,0,0,2,1,6,6,2,57,9,2776,2,17,JEEP CHEROKEE,9,E01006140,0,-1
2021991034076,2021,991034076,1,9,0,18,19,3,7,0,0,8,0,0,0,0,3,1,6,6,2,33,6,1956,2,4,JEEP CHEROKEE,8,-1,0,-1
2021991060976,2021,991060976,1,9,0,18,19,3,7,0,0,1,0,0,0,0,4,1,5,6,1,70,10,2499,2,19,JEEP CHEROKEE,3,-1,0,-1
2021010314691,2021,010314691,2,9,0,99,99,9,9,99,99,9,9,99,9,99,1,9,6,6,3,-1,-1,2776,2,14,JEEP CHEROKEE,-1,-1,0,-1
2021131092386,2021,131092386,2,9,0,18,19,3,7,0,0,0,0,0,0,0,3,1,6,6,1,21,5,2776,2,15,JEEP CHEROKEE,4,E01032498,0,-1
2021451114132,2021,451114132,1,9,0,16,19,2,6,0,0,8,0,0,0,0,2,1,5,6,1,58,9,2184,2,5,JEEP CHEROKEE,8,E01030703,0,-1
2021141101795,2021,141101795,2,9,0,18,19,8,2,0,0,1,0,0,0,0,1,1,5,6,1,62,9,2184,2,6,JEEP CHEROKEE,7,E01019736,0,-1
2021010330509,2021,010330509,2,9,0,99,99,9,9,99,99,9,9,99,9,99,9,9,6,6,3,-1,-1,2685,2,17,JEEP CHEROKEE,-1,-1,0,-1
2021471017095,2021,471017095,1,9,0,16,19,8,4,0,0,0,1,0,7,0,1,1,2,2,2,26,6,1956,2,7,JEEP CHEROKEE,10,E01031646,0,-1