collision_index,collision_year,collision_ref_no,vehicle_reference,vehicle_type,towing_and_articulation,vehicle_manoeuvre_historic,vehicle_manoeuvre,vehicle_direction_from,vehicle_direction_to,vehicle_location_restricted_lane_historic,vehicle_location_restricted_lane,junction_location,skidding_and_overturning,hit_object_in_carriageway,vehicle_leaving_carriageway,hit_object_off_carriageway,first_point_of_impact,vehicle_left_hand_drive,journey_purpose_of_driver_historic,journey_purpose_of_driver,sex_of_driver,age_of_driver,age_band_of_driver,engine_capacity_cc,propulsion_code,age_of_vehicle,generic_make_model,driver_imd_decile,lsoa_of_driver,escooter_flag,driver_distance_banding
2021201103696,2021,201103696,2,9,0,4,4,4,8,0,0,1,0,0,0,0,2,1,6,6,2,51,8,1798,8,6,LEXUS CT 200,7,E01009453,0,-1
2021061135313,2021,061135313,1,9,0,3,3,8,4,0,0,8,0,0,0,0,3,1,6,6,1,26,6,1798,8,5,LEXUS CT 200,3,E01005702,0,-1
2021430018664,2021,430018664,2,9,0,18,19,2,6,0,0,0,0,0,0,0,3,1,6,6,1,26,6,1798,8,1,LEXUS CT 200,9,E01016611,0,-1
2021201071555,2021,201071555,1,9,0,2,2,0,0,9,9,0,0,0,0,0,2,1,6,6,1,22,5,1798,8,7,LEXUS CT 200,2,E01009314,0,-1
2021010322306,2021,010322306,1,9,0,16,19,1,5,0,0,8,5,10,0,0,4,1,6,6,2,70,10,1798,8,8,LEXUS CT 200,6,E01001268,0,-1
2021010295558,2021,010295558,1,9,0,99,99,9,9,99,99,9,9,99,9,99,9,9,2,2,2,55,8,1798,8,6,LEXUS CT 200,7,E01030402,0,-1
2021101067351,2021,101067351,1,9,0,18,19,7,3,0,0,0,0,0,0,0,1,1,5,6,2,63,9,1791,8,10,LEXUS CT 200,9,-1,0,-1
2021010289354,2021,010289354,1,9,0,7,7,7,1,0,0,1,0,0,0,0,1,1,6,6,1,30,6,1791,8,9,LEXUS CT 200,2,E01002545,0,-1
2021010307910,2021,010307910,3,9,0,5,5,8,4,0,0,0,0,0,0,0,3,1,6,6,1,26,6,1798,8,5,LEXUS CT 200,7,E01003370,0,-1
2021010291075,2021,010291075,1,9,0,3,3,5,1,0,0,0,0,0,0,0,3,1,6,6,1,28,6,1798,8,8,LEXUS CT 200,2,E01003783,0,-1
2021131070324,2021,131070324,1,9,0,18,19,5,1,0,0,0,0,0,0,0,1,1,6,6,3,-1,-1,1798,8,5,LEXUS CT 200,-1,-1,0,-1
2021461039955,2021,461039955,2,9,0,18,19,3,7,0,0,3,0,0,0,0,4,1,5,6,1,51,8,1798,8,3,LEXUS CT 200,7,E01024515,0,-1
2021010300221,2021,010300221,1,9,0,99,99,9,9,99,99,9,9,99,9,99,2,9,6,6,1,32,6,1798,8,3,LEXUS CT 200,4,E01000980,0,-1
2021010302178,2021,010302178,2,9,0,99,99,9,9,99,99,9,9,99,9,99,1,9,6,6,3,36,7,1798,8,7,LEXUS CT 200,6,E01001093,0,-1
2021461120555,2021,461120555,1,9,0,5,5,1,5,0,0,1,0,0,0,0,1,1,6,6,2,54,8,1798,8,9,LEXUS CT 200,4,E01024387,0,-1
2021010332941,2021,010332941,1,9,0,9,9,7,5,4,4,6,0,0,0,0,4,1,2,2,1,56,9,1791,8,10,LEXUS CT 200,3,E01004448,0,-1
2021010317559,2021,010317559,2,9,0,2,2,0,0,0,0,0,0,0,0,0,3,1,6,6,3,-1,-1,1791,8,10,LEXUS CT 200,-1,-1,0,-1
2021010348478,2021,010348478,1,9,0,99,99,9,9,99,99,9,9,99,9,99,2,9,6,6,2,31,6,1798,8,7,LEXUS CT 200,2,E01001791,0,-1
2021161035009,2021,161035009,2,9,0,18,19,7,3,0,0,0,0,0,0,0,1,1,6,6,2,-1,-1,1798,8,9,LEXUS CT 200,-1,-1,0,-1
2021401120901,2021,401120901,3,9,0,18,19,1,5,0,0,0,0,0,0,0,2,1,6,6,1,-1,-1,1798,8,0,LEXUS CT 200,-1,-1,0,-1
2021131070870,2021,131070870,1,9,0,9,9,6,1,0,0,0,0,0,0,0,1,1,1,1,1,37,7,1798,8,7,LEXUS CT 200,1,E01010676,0,-1
2021421085780,2021,421085780,2,9,0,3,3,7,3,0,0,0,0,0,0,0,3,1,5,6,1,39,7,1798,8,5,LEXUS CT 200,3,E01003534,0,-1
2021131042685,2021,131042685,1,9,0,17,19,7,1,0,0,8,0,0,0,0,1,1,1,1,1,59,9,1798,8,3,LEXUS CT 200,5,E01006420,0,-1
2021010333973,2021,010333973,1,9,0,5,5,1,5,0,0,2,0,0,0,0,1,1,1,1,1,28,6,1798,8,4,LEXUS CT 200,4,E01021817,0,-1
2021991082596,2021,991082596,3,9,0,18,19,2,6,0,0,0,0,0,0,0,3,1,5,6,1,50,8,1950,2,0,MERCEDES GLB CLASS,5,E01033325,0,-1
2021221077057,2021,221077057,3,9,0,17,19,8,4,0,0,0,0,0,0,0,1,1,5,6,1,36,7,1950,2,1,MERCEDES GLB CLASS,3,W01000214,0,-1
2021451083893,2021,451083893,2,9,0,9,9,5,2,0,0,6,0,0,0,0,4,1,6,6,1,31,6,1332,1,1,MERCEDES GLB CLASS,3,E01001169,0,-1
2021991073639,2021,991073639,2,9,0,18,19,7,3,0,0,1,0,0,0,0,1,1,6,6,1,51,8,1950,2,0,MERCEDES GLB CLASS,6,E01010594,0,-1
2021131061307,2021,131061307,2,9,0,4,4,1,5,0,0,0,0,0,0,0,2,1,3,7,2,42,7,1950,2,0,MERCEDES GLB CLASS,9,E01011557,0,-1
2021052102940,2021,052102940,2,9,0,9,9,3,7,0,0,8,0,0,0,0,4,1,6,6,2,26,6,1332,1,0,MERCEDES GLB CLASS,8,E01006895,0,-1
2021010308106,2021,010308106,2,9,0,9,9,5,2,0,0,1,0,0,0,0,4,1,6,6,1,40,7,1950,2,1,MERCEDES GLB CLASS,2,E01000154,0,-1
2021991116831,2021,991116831,2,9,0,9,9,1,4,0,0,0,0,0,0,0,3,1,5,6,1,43,7,1332,1,0,MERCEDES GLB CLASS,3,-1,0,-1
2021522102024,2021,522102024,2,9,0,18,19,8,4,0,0,0,0,0,0,0,0,1,6,6,1,32,6,1950,2,0,MERCEDES GLB CLASS,7,E01032677,0,-1
2021010298600,2021,010298600,1,9,0,99,99,9,9,99,99,0,9,99,9,99,1,1,6,6,2,29,6,1332,1,0,MERCEDES GLB CLASS,8,E01003420,0,-1
2021141120126,2021,141120126,2,9,0,9,9,2,8,0,0,6,0,0,0,0,3,1,5,6,1,59,9,1950,2,0,MERCEDES GLB CLASS,8,E01007355,0,-1
2021010353192,2021,010353192,1,9,0,18,19,2,6,99,99,0,0,0,0,0,1,9,6,6,1,-1,-1,1950,2,1,MERCEDES GLB CLASS,7,E01000389,0,-1
2021991083411,2021,991083411,1,9,0,9,9,1,7,0,0,8,0,0,0,0,1,1,6,6,1,43,7,1950,2,0,MERCEDES GLB CLASS,7,-1,0,-1
2021430307623,2021,430307623,1,9,0,9,9,4,7,0,0,5,0,0,0,0,1,1,6,6,1,49,8,1950,2,1,MERCEDES GLB CLASS,3,E01016455,0,-1
2021451084586,2021,451084586,2,9,0,15,15,7,3,0,0,0,0,0,0,0,2,1,6,6,1,26,6,1332,1,0,MERCEDES GLB CLASS,9,E01016592,0,-1
2021131066272,2021,131066272,1,9,0,9,9,3,7,0,0,2,5,0,0,0,1,1,6,6,2,39,7,1950,2,1,MERCEDES GLB CLASS,5,E01010678,0,-1
2021010337964,2021,010337964,1,9,0,10,10,1,7,0,0,1,0,0,0,0,1,1,6,6,2,44,7,1950,2,1,MERCEDES GLB CLASS,6,E01016737,0,-1
2021461043744,2021,461043744,3,9,0,4,4,3,7,0,0,0,0,0,0,0,2,1,5,6,2,31,6,1950,2,1,MERCEDES GLB CLASS,6,E01001599,0,-1
2021010352112,2021,010352112,1,9,0,18,19,1,5,0,0,0,0,0,0,0,1,1,6,6,1,34,6,1332,1,0,MERCEDES GLB CLASS,4,E01001325,0,-1
202134NNC1611,2021,34NNC1611,1,9,0,7,7,1,3,0,0,4,0,0,0,0,3,1,6,6,1,45,7,1332,1,0,MERCEDES GLB CLASS,7,E01027343,0,-1
2021031052595,2021,031052595,2,9,0,18,19,1,5,0,0,0,0,0,0,0,3,2,5,6,1,71,10,1588,1,60,-1,6,E01019320,0,-1
2021041040860,2021,041040860,2,9,0,16,19,7,1,0,0,0,0,0,0,0,2,1,5,6,2,34,6,1240,1,18,NISSAN MODEL MISSING,3,E01012632,0,-1
2021991135016,2021,991135016,2,9,0,18,19,6,2,0,0,0,0,0,0,0,2,1,6,6,1,43,7,1598,1,12,NISSAN MODEL MISSING,6,-1,0,-1
2021010314223,2021,010314223,2,9,0,99,99,9,9,99,99,9,9,99,9,99,1,9,6,6,3,62,9,1381,1,16,NISSAN MODEL MISSING,10,E01002152,0,-1
2021010333177,2021,010333177,2,9,9,99,99,9,9,99,99,0,9,99,9,99,9,9,6,6,2,-1,-1,2500,1,15,NISSAN MODEL MISSING,3,E01003388,0,-1
2021421073378,2021,421073378,1,9,0,9,9,5,3,0,0,4,0,0,0,0,3,1,6,6,1,59,9,1598,1,12,NISSAN MODEL MISSING,4,E01021863,0,-1
2021101011331,2021,101011331,2,9,0,18,19,1,5,0,0,0,0,0,0,0,3,1,5,6,1,43,7,3490,1,16,NISSAN MODEL MISSING,2,E01008477,0,-1
2021010300269,2021,010300269,1,9,0,99,99,9,9,99,99,9,9,99,9,99,2,9,6,6,1,41,7,2499,1,12,NISSAN MODEL MISSING,6,E01004748,0,-1
2021501090953,2021,501090953,2,9,0,11,11,6,2,0,0,0,5,0,5,6,3,1,5,6,2,48,8,3200,2,24,NISSAN MODEL MISSING,6,E01020056,0,-1
2021471116847,2021,471116847,2,9,0,3,3,4,8,0,0,0,0,0,0,0,2,1,1,1,1,52,8,3490,1,15,NISSAN MODEL MISSING,8,E01020931,0,-1
2021440371166,2021,440371166,1,9,0,18,19,1,5,0,0,0,1,11,0,0,1,1,6,6,1,59,9,1995,2,14,NISSAN MODEL MISSING,1,E01022933,0,-1
2021440413564,2021,440413564,1,9,0,18,19,2,6,0,0,0,0,0,0,0,1,1,6,6,1,41,7,3490,1,18,NISSAN MODEL MISSING,7,E01022962,0,-1
2021552100842,2021,552100842,2,9,0,2,2,0,0,0,0,0,0,0,0,0,1,1,6,6,3,-1,-1,1198,1,8,NISSAN MODEL MISSING,-1,-1,0,-1
2021302100796,2021,302100796,1,9,0,18,19,2,6,0,0,4,0,0,0,0,2,1,2,2,1,37,7,3490,1,14,NISSAN MODEL MISSING,7,E01019418,0,-1
2021522201553,2021,522201553,1,9,0,18,19,8,4,0,0,0,0,0,0,0,1,1,6,6,2,36,7,980,1,30,NISSAN MODEL MISSING,6,E01014563,0,-1
2021141106846,2021,141106846,1,9,0,5,5,1,1,0,0,3,2,0,1,0,1,1,2,2,1,28,6,2490,1,22,NISSAN MODEL MISSING,2,E01007651,0,-1
2021501125632,2021,501125632,2,9,0,18,19,5,1,0,0,4,0,0,0,0,4,1,5,6,1,42,7,2499,1,15,NISSAN MODEL MISSING,4,E01015173,0,-1
2021041115642,2021,041115642,1,9,0,11,11,5,1,0,0,0,0,0,0,0,0,1,6,6,3,68,10,3150,2,23,NISSAN MODEL MISSING,2,E01012589,0,-1
2021070125277,2021,070125277,1,9,0,18,19,5,1,0,0,1,0,4,1,10,4,1,6,6,1,76,11,2664,2,16,NISSAN MODEL MISSING,8,E01018395,0,-1
2021501108817,2021,501108817,2,9,0,18,19,3,7,0,0,0,0,0,0,0,1,1,6,6,1,60,9,3500,1,15,NISSAN MODEL MISSING,3,E01018991,0,-1
2021010307041,2021,010307041,3,9,0,2,2,0,0,0,0,1,0,4,0,0,1,1,6,6,3,-1,-1,2000,1,24,NISSAN MODEL MISSING,-1,-1,0,-1
2021302101314,2021,302101314,1,9,0,17,19,8,4,0,0,0,0,0,1,9,3,1,6,6,2,53,8,1340,1,20,NISSAN MODEL MISSING,10,E01019606,0,-1
202163C062721,2021,63C062721,1,9,0,5,5,1,5,0,0,6,0,0,0,0,3,1,6,6,1,77,11,3490,1,18,NISSAN MODEL MISSING,-1,-1,0,-1
2021141019600,2021,141019600,1,9,0,18,19,7,3,0,0,0,0,0,0,0,1,1,6,6,2,49,8,998,1,29,NISSAN MODEL MISSING,8,E01007606,0,-1
2021320635313,2021,320635313,2,9,0,18,19,4,8,0,0,1,0,0,0,0,4,1,6,6,1,67,10,2664,2,16,NISSAN MODEL MISSING,8,E01026229,0,-1
2021501106297,2021,501106297,1,9,0,18,19,1,5,0,0,0,0,0,8,6,1,1,2,2,1,68,10,1461,2,10,NISSAN MODEL MISSING,4,E01020330,0,-1
2021451100811,2021,451100811,3,9,0,18,19,3,7,0,0,1,0,0,0,0,2,1,5,6,2,53,8,1598,1,12,NISSAN MODEL MISSING,6,E01002940,0,-1
2021991044451,2021,991044451,2,9,0,9,9,1,7,0,0,1,0,0,0,0,1,1,5,6,2,52,8,980,1,30,NISSAN MODEL MISSING,2,-1,0,-1
2021991028655,2021,991028655,5,9,0,3,3,7,3,0,0,0,0,0,0,0,3,1,6,6,2,42,7,1598,1,11,NISSAN MODEL MISSING,2,-1,0,-1
2021010320147,2021,010320147,2,9,0,99,99,9,9,99,99,9,9,99,9,99,1,9,6,6,2,41,7,2495,1,13,NISSAN MODEL MISSING,4,E01002180,0,-1
2021471024830,2021,471024830,1,9,0,18,19,3,7,0,0,2,0,0,0,0,1,2,6,6,1,71,10,1598,1,15,NISSAN MODEL MISSING,10,E01016982,0,-1
2021471064731,2021,471064731,2,9,0,2,2,0,0,6,6,2,0,0,0,0,3,1,6,6,3,-1,-1,3200,2,23,NISSAN MODEL MISSING,-1,-1,0,-1
2021010318817,2021,010318817,1,9,0,18,19,1,5,0,0,8,0,0,0,0,3,1,2,2,2,57,9,1000,1,30,NISSAN MODEL MISSING,5,E01003327,0,-1
2021461082671,2021,461082671,3,9,0,2,2,0,0,0,0,0,0,0,0,0,3,1,5,6,1,60,9,2500,1,15,NISSAN MODEL MISSING,4,E01016071,0,-1
2021371072028,2021,371072028,1,9,0,9,9,1,7,0,0,8,0,0,0,0,4,1,5,6,1,37,7,1500,1,13,NISSAN MODEL MISSING,5,E01026493,0,-1
2021548855021,2021,548855021,2,9,0,18,19,4,8,0,0,0,1,0,0,0,3,1,6,6,1,57,9,1995,2,11,NISSAN MODEL MISSING,4,E01031862,0,-1
2021520201060,2021,520201060,2,9,0,4,4,5,1,0,0,0,0,0,0,0,2,1,6,6,2,51,8,1498,1,7,NISSAN MODEL MISSING,3,E01014644,0,-1
2021201089481,2021,201089481,4,9,0,18,19,7,3,0,0,1,0,0,0,0,1,1,6,6,1,43,7,1997,1,9,NISSAN MODEL MISSING,1,E01009198,0,-1
2021122100316,2021,122100316,1,9,0,18,19,3,7,0,0,0,0,0,0,0,1,1,6,6,1,41,7,3499,1,15,NISSAN MODEL MISSING,9,E01027894,0,-1
2021351120865,2021,351120865,1,9,0,18,19,8,4,0,0,0,5,0,1,3,3,1,5,6,1,38,7,3490,7,19,NISSAN MODEL MISSING,5,E01026255,0,-1
2021371107252,2021,371107252,1,9,0,18,19,8,5,0,0,8,0,0,0,0,1,1,5,6,1,30,6,5600,1,4,NISSAN MODEL MISSING,6,E01033453,0,-1
2021131117199,2021,131117199,1,9,0,9,9,3,7,0,0,8,0,0,0,0,2,1,2,2,2,34,6,998,1,12,PEUGEOT 107,4,E01011052,0,-1
2021361144626,2021,361144626,2,9,0,18,19,3,7,0,0,0,0,0,0,0,1,1,5,6,1,42,7,998,1,12,PEUGEOT 107,9,E01026644,0,-1
2021411027067,2021,411027067,1,9,0,18,19,6,2,0,0,4,0,0,0,0,1,1,6,6,2,17,4,998,1,15,PEUGEOT 107,6,E01023621,0,-1
2021430350441,2021,430350441,1,9,0,17,19,6,4,0,0,0,5,0,2,4,1,1,6,6,1,21,5,998,1,10,PEUGEOT 107,9,E01022494,0,-1
2021421016844,2021,421016844,2,9,0,18,19,2,6,0,0,1,0,0,0,0,3,1,5,6,2,67,10,998,1,8,PEUGEOT 107,7,E01021985,0,-1
2021131086464,2021,131086464,1,9,0,18,19,7,3,9,9,8,0,0,7,4,2,1,5,6,2,62,9,998,1,9,PEUGEOT 107,9,E01011880,0,-1
202134WNC0701,2021,34WNC0701,1,9,0,18,19,1,5,0,0,0,0,0,0,0,1,1,6,6,1,34,6,998,1,10,PEUGEOT 107,3,E01027124,0,-1
2021010313164,2021,010313164,2,9,0,99,99,9,9,99,99,9,9,99,9,99,9,9,6,6,3,-1,-1,998,1,15,PEUGEOT 107,7,E01033314,0,-1
2021351124658,2021,351124658,1,9,0,16,19,7,3,0,0,0,2,0,7,4,1,1,5,6,2,42,7,998,1,13,PEUGEOT 107,4,E01030109,0,-1
202106F078742,2021,06F078742,1,9,0,3,3,3,7,0,0,1,0,0,0,0,2,1,6,6,2,23,5,998,1,12,PEUGEOT 107,5,E01005617,0,-1
2021161107467,2021,161107467,1,9,0,17,19,5,8,0,0,2,0,0,1,4,1,1,5,6,1,17,4,998,1,13,PEUGEOT 107,6,E01012923,0,-1
2021231035074,2021,231035074,1,9,0,18,19,6,2,0,0,0,5,0,7,0,3,1,5,6,1,17,4,998,1,12,PEUGEOT 107,2,E01032389,0,-1
2021501018389,2021,501018389,2,9,0,4,4,1,5,0,0,1,0,0,1,1,1,1,5,6,1,76,11,998,1,15,PEUGEOT 107,5,E01018923,0,-1
2021501102605,2021,501102605,1,9,0,18,19,3,7,0,0,1,0,0,0,0,1,1,5,6,1,81,11,998,1,9,PEUGEOT 107,4,E01020140,0,-1
2021010305031,2021,010305031,3,9,0,2,2,0,0,0,0,8,0,0,0,0,3,1,6,6,3,-1,-1,998,1,13,PEUGEOT 107,-1,-1,0,-1
2021522102502,2021,522102502,2,9,0,18,19,3,1,0,0,0,0,0,0,0,1,1,6,6,2,22,5,998,1,11,PEUGEOT 107,7,E01014848,0,-1
2021201109243,2021,201109243,1,9,0,18,19,5,1,0,0,0,0,10,7,0,1,1,6,6,1,-1,-1,998,1,13,PEUGEOT 107,-1,-1,0,-1
2021440153203,2021,440153203,1,9,0,10,10,7,5,0,0,8,0,0,0,0,2,1,1,1,2,27,6,998,1,14,PEUGEOT 107,3,E01023018,0,-1
2021411087865,2021,411087865,1,9,0,18,19,5,8,0,0,1,0,0,0,0,1,1,6,6,2,18,4,998,1,11,PEUGEOT 107,9,E01023460,0,-1
2021221079630,2021,221079630,2,9,0,9,9,7,5,0,0,5,0,0,0,0,1,1,5,6,2,36,7,998,1,14,PEUGEOT 107,8,E01032226,0,-1
2021031133327,2021,031133327,1,9,0,9,9,7,3,0,0,1,0,0,0,0,1,1,5,6,2,29,6,998,1,8,PEUGEOT 107,6,E01006396,0,-1
2021161062055,2021,161062055,1,9,0,18,19,2,6,0,0,0,2,0,5,6,4,1,6,6,1,21,5,998,1,10,PEUGEOT 107,-1,-1,0,-1
202131D108321,2021,31D108321,2,9,0,2,2,0,0,0,0,2,0,0,0,0,3,1,6,6,2,64,9,998,1,8,PEUGEOT 107,4,E01019431,0,-1
2021552101196,2021,552101196,2,9,0,13,13,7,3,0,0,0,0,0,0,0,4,1,6,6,2,89,11,998,1,9,PEUGEOT 107,10,E01020401,0,-1
2021070010000,2021,070010000,2,9,0,5,5,1,6,0,0,8,0,0,0,0,1,1,1,1,1,24,5,998,1,9,PEUGEOT 107,-1,-1,0,-1
2021451127516,2021,451127516,2,9,0,18,19,1,5,0,0,8,2,0,0,0,4,1,6,6,2,43,7,998,1,9,PEUGEOT 107,6,E01030600,0,-1
2021430319352,2021,430319352,1,9,0,17,19,4,2,0,0,0,2,10,2,4,1,1,6,6,1,27,6,998,1,9,PEUGEOT 107,10,E01016525,0,-1
2021031054010,2021,031054010,2,9,0,18,19,3,7,0,0,0,0,0,0,0,1,1,5,6,2,45,7,998,1,8,PEUGEOT 107,4,E01019252,0,-1
2021141067199,2021,141067199,1,9,0,17,19,6,2,0,0,0,0,0,0,0,1,1,6,6,1,84,11,998,1,9,PEUGEOT 107,4,E01007879,0,-1
2021471014168,2021,471014168,1,9,0,9,9,3,1,0,0,6,0,0,0,0,1,1,2,2,1,57,9,998,1,14,PEUGEOT 107,6,E01021104,0,-1
2021302100294,2021,302100294,1,9,0,18,19,8,4,0,0,0,0,0,1,11,1,1,6,6,1,20,4,998,1,13,PEUGEOT 107,1,E01013485,0,-1
2021361055479,2021,361055479,1,9,0,5,5,3,7,0,0,1,0,0,0,0,3,1,2,2,1,50,8,998,1,13,PEUGEOT 107,2,E01033440,0,-1
2021501087468,2021,501087468,1,9,0,9,9,1,7,0,0,1,0,0,0,0,1,1,6,6,2,58,9,998,1,8,PEUGEOT 107,4,E01019037,0,-1
2021070456201,2021,070456201,1,9,0,18,19,2,4,0,0,2,0,0,0,0,1,1,6,6,1,-1,-1,998,1,10,PEUGEOT 107,-1,-1,0,-1
2021010305329,2021,010305329,4,9,0,2,2,0,0,9,9,1,0,0,0,0,3,1,6,6,3,-1,-1,998,1,14,PEUGEOT 107,-1,-1,0,-1
2021351038425,2021,351038425,2,9,0,9,9,2,8,0,0,1,0,0,0,0,2,1,6,6,1,27,6,998,1,11,PEUGEOT 107,6,E01025912,0,-1
2021302100882,2021,302100882,2,9,0,12,12,8,4,0,0,8,0,0,0,0,1,1,6,6,2,-1,-1,998,1,9,PEUGEOT 107,7,E01013492,0,-1
2021231066422,2021,231066422,1,9,0,18,19,4,8,0,0,4,0,0,0,0,1,1,6,6,2,75,10,998,1,8,PEUGEOT 107,10,E01031307,0,-1
2021361044099,2021,361044099,1,9,0,18,19,7,3,0,0,0,0,0,0,0,4,1,6,6,2,27,6,998,1,9,PEUGEOT 107,2,E01026796,0,-1
202163C082221,2021,63C082221,1,9,0,9,9,2,1,0,0,5,0,0,7,10,4,1,6,6,1,19,4,998,1,14,PEUGEOT 107,4,W01000587,0,-1
202134WNC3391,2021,34WNC3391,1,9,0,18,19,3,7,0,0,8,1,0,6,0,1,1,6,6,1,21,5,998,1,11,PEUGEOT 107,8,E01027193,0,-1
2021010312188,2021,010312188,2,9,0,99,99,9,9,99,99,0,9,99,9,99,0,9,6,6,3,23,5,998,1,11,PEUGEOT 107,4,E01003326,0,-1
2021131110823,2021,131110823,1,9,0,9,9,5,5,0,0,1,0,0,0,0,1,1,5,6,1,38,7,998,1,16,PEUGEOT 107,1,E01010744,0,-1
2021010305500,2021,010305500,2,9,0,99,99,9,9,99,99,9,9,99,9,99,1,9,6,6,3,-1,-1,998,1,13,PEUGEOT 107,-1,-1,0,-1
2021421077515,2021,421077515,1,9,0,14,14,2,6,0,0,0,0,0,0,0,1,1,6,6,2,75,10,998,1,14,PEUGEOT 107,6,E01021980,0,-1
2021411072649,2021,411072649,5,9,0,2,2,0,0,0,0,0,0,0,0,0,3,1,6,6,3,-1,-1,998,1,13,PEUGEOT 107,-1,-1,0,-1
2021201149506,2021,201149506,1,9,0,9,9,7,5,0,0,6,0,0,0,0,1,1,6,6,1,26,6,998,1,14,PEUGEOT 107,1,E01009020,0,-1
2021131062262,2021,131062262,2,9,0,18,19,3,7,0,0,4,0,0,0,0,1,1,1,1,1,23,5,998,1,11,PEUGEOT 107,2,E01011080,0,-1
2021122101412,2021,122101412,1,9,0,4,4,1,5,0,0,0,0,0,0,0,2,1,6,6,2,40,7,998,1,8,PEUGEOT 107,10,E01027675,0,-1
202131A122621,2021,31A122621,1,9,0,14,14,6,2,0,0,2,0,0,0,0,1,1,1,1,2,19,4,998,1,14,PEUGEOT 107,6,E01013978,0,-1
2021131081357,2021,131081357,1,9,0,18,19,5,1,0,0,0,0,0,0,0,1,1,5,6,2,20,4,998,1,11,PEUGEOT 107,1,E01010719,0,-1
2021141068177,2021,141068177,1,9,0,9,9,5,3,0,0,6,0,0,0,0,1,1,5,6,1,21,5,998,1,13,PEUGEOT 107,5,E01007331,0,-1
2021010314960,2021,010314960,1,9,0,9,9,7,5,0,0,6,0,0,0,0,4,1,6,6,2,60,9,998,1,15,PEUGEOT 107,2,E01001066,0,-1
2021231068605,2021,231068605,2,9,0,18,19,7,3,0,0,0,0,0,0,0,1,1,5,6,2,25,5,998,1,7,PEUGEOT 107,7,E01032892,0,-1
2021451023840,2021,451023840,2,9,0,18,19,5,1,0,0,0,0,0,0,0,1,1,1,1,1,29,6,998,1,12,PEUGEOT 107,8,E01030838,0,-1
2021531082135,2021,531082135,1,9,0,18,19,1,5,0,0,0,5,0,0,0,4,1,6,6,2,30,6,998,1,9,PEUGEOT 107,4,E01031079,0,-1
2021421075951,2021,421075951,2,9,0,18,19,1,5,0,0,0,0,0,0,0,3,1,6,6,2,50,8,998,1,13,PEUGEOT 107,6,E01015816,0,-1
2021041127398,2021,041127398,3,9,0,2,2,0,0,0,0,2,0,0,0,0,2,1,6,6,3,-1,-1,998,1,12,PEUGEOT 107,-1,-1,0,-1
2021221045092,2021,221045092,1,9,0,16,19,6,1,0,0,0,0,10,1,2,3,1,1,1,1,19,4,998,1,10,PEUGEOT 107,8,E01032420,0,-1
2021211054898,2021,211054898,1,9,0,9,9,5,3,0,0,6,0,0,0,0,3,1,5,6,1,49,8,998,1,9,PEUGEOT 107,9,E01029557,0,-1
2021461027281,2021,461027281,1,9,0,3,3,7,3,0,0,0,0,0,0,0,2,1,6,6,1,46,8,998,1,11,PEUGEOT 107,1,E01024687,0,-1
2021010325737,2021,010325737,1,9,0,9,9,8,5,0,0,5,0,0,0,0,1,1,6,6,1,61,9,998,1,11,PEUGEOT 107,2,E01001112,0,-1
2021543356521,2021,543356521,1,9,0,18,19,5,1,0,0,1,0,0,2,11,1,1,6,6,2,50,8,998,1,11,PEUGEOT 107,-1,-1,0,-1
2021371087102,2021,371087102,1,9,0,16,19,5,8,0,0,8,0,0,0,0,1,1,5,6,2,19,4,998,1,16,PEUGEOT 107,10,E01030180,0,-1
2021351102286,2021,351102286,2,9,0,5,5,1,5,0,0,0,0,0,0,0,2,1,1,1,2,17,4,998,1,14,PEUGEOT 107,5,E01018214,0,-1
2021351011395,2021,351011395,1,9,0,18,19,6,2,7,6,0,0,0,1,0,1,1,6,6,1,28,6,998,1,12,PEUGEOT 107,2,E01004403,0,-1
2021320671475,2021,320671475,1,9,0,16,19,6,2,0,0,0,0,0,7,9,1,1,6,6,1,26,6,998,1,15,PEUGEOT 107,1,E01028263,0,-1
2021991063457,2021,991063457,1,9,0,18,19,3,7,0,0,0,0,0,0,0,2,1,2,2,2,36,7,998,1,11,PEUGEOT 107,2,-1,0,-1
2021101066069,2021,101066069,1,9,0,9,9,2,8,0,0,5,0,0,0,0,1,1,5,6,2,18,4,998,1,16,PEUGEOT 107,2,E01008334,0,-1
2021010296007,2021,010296007,2,9,0,9,9,3,8,0,0,1,0,0,0,0,4,1,6,6,2,30,6,998,1,7,PEUGEOT 107,1,E01002099,0,-1
2021552100431,2021,552100431,1,9,0,9,9,8,6,0,0,4,0,0,0,0,3,1,6,6,3,22,5,998,1,14,PEUGEOT 107,4,E01015385,0,-1
2021170S12081,2021,170S12081,2,9,0,18,19,1,5,0,0,8,0,0,0,0,1,1,6,6,2,29,6,998,1,12,PEUGEOT 107,3,E01012253,0,-1
2021471125819,2021,471125819,1,9,0,18,19,1,5,0,0,0,5,0,0,0,4,1,5,6,1,19,4,998,1,15,PEUGEOT 107,4,E01024533,0,-1