collision_index,collision_year,collision_ref_no,vehicle_reference,vehicle_type,towing_and_articulation,vehicle_manoeuvre_historic,vehicle_manoeuvre,vehicle_direction_from,vehicle_direction_to,vehicle_location_restricted_lane_historic,vehicle_location_restricted_lane,junction_location,skidding_and_overturning,hit_object_in_carriageway,vehicle_leaving_carriageway,hit_object_off_carriageway,first_point_of_impact,vehicle_left_hand_drive,journey_purpose_of_driver_historic,journey_purpose_of_driver,sex_of_driver,age_of_driver,age_band_of_driver,engine_capacity_cc,propulsion_code,age_of_vehicle,generic_make_model,driver_imd_decile,lsoa_of_driver,escooter_flag,driver_distance_banding
2021201126756,2021,201126756,2,9,0,18,19,1,5,9,9,0,0,0,0,0,1,1,6,6,2,23,5,998,1,15,PEUGEOT 107,3,E01009209,0,-1
2021451096832,2021,451096832,1,9,0,17,19,5,1,0,0,8,0,0,0,0,1,1,5,6,2,70,10,998,1,10,PEUGEOT 107,6,E01030600,0,-1
2021320208550,2021,320208550,3,9,0,18,19,2,6,0,0,1,0,0,0,0,1,1,6,6,1,73,10,998,1,11,PEUGEOT 107,4,E01026268,0,-1
2021991126625,2021,991126625,2,9,0,18,19,4,8,0,0,1,0,0,0,0,1,1,5,6,2,44,7,998,1,13,PEUGEOT 107,4,-1,0,-1
2021141076246,2021,141076246,1,9,0,18,19,1,5,0,0,0,0,0,0,0,2,1,6,6,1,25,5,998,1,15,PEUGEOT 107,9,E01008069,0,-1
2021451026903,2021,451026903,2,9,0,11,11,3,7,0,0,1,0,4,0,0,3,1,2,2,2,24,5,998,1,12,PEUGEOT 107,3,E01002612,0,-1
2021010348493,2021,010348493,2,9,0,99,99,9,9,99,99,9,9,99,9,99,9,9,6,6,3,-1,-1,998,1,8,PEUGEOT 107,-1,-1,0,-1
2021622100335,2021,622100335,3,9,0,4,4,4,8,0,0,2,0,0,0,0,2,1,6,6,2,21,5,998,1,14,PEUGEOT 107,2,W01000990,0,-1
2021440069291,2021,440069291,2,9,0,18,19,6,2,0,0,1,0,0,7,0,1,1,2,2,2,20,4,998,1,13,PEUGEOT 107,9,E01022719,0,-1
2021302101302,2021,302101302,2,9,0,18,19,2,6,0,0,2,0,0,0,0,1,1,6,6,2,29,6,998,1,11,PEUGEOT 107,1,E01005133,0,-1
2021201085191,2021,201085191,1,9,0,18,19,1,5,0,0,1,2,10,1,1,1,1,6,6,2,36,7,998,1,12,PEUGEOT 107,7,E01009474,0,-1
2021231111366,2021,231111366,1,9,0,5,5,7,3,0,0,6,0,0,1,11,4,1,5,6,1,75,10,998,1,7,PEUGEOT 107,6,E01031221,0,-1
2021061047486,2021,061047486,2,9,0,18,19,7,3,0,0,8,0,0,0,0,2,1,6,6,2,53,8,998,1,10,PEUGEOT 107,2,E01005650,0,-1
2021471019295,2021,471019295,2,9,0,18,19,3,7,0,0,0,0,0,0,0,1,1,5,6,2,34,6,998,1,11,PEUGEOT 107,4,E01031598,0,-1
2021302102016,2021,302102016,2,9,0,18,19,4,8,0,0,3,0,0,1,9,4,1,6,6,2,-1,-1,998,1,14,PEUGEOT 107,5,E01019520,0,-1
2021471119045,2021,471119045,2,9,0,9,9,7,6,0,0,8,0,0,0,0,1,1,5,6,2,33,6,998,1,7,PEUGEOT 107,2,E01031432,0,-1
2021010320412,2021,010320412,1,9,0,3,3,5,1,0,0,1,0,0,0,0,4,1,6,6,2,17,4,998,1,12,PEUGEOT 107,-1,-1,0,-1
2021041052561,2021,041052561,1,9,0,18,19,1,5,0,0,1,0,0,0,0,1,1,5,6,1,58,9,998,1,10,PEUGEOT 107,1,E01024885,0,-1
2021161118285,2021,161118285,2,9,0,18,19,5,1,0,0,2,0,0,0,0,1,1,6,6,2,20,4,998,1,14,PEUGEOT 107,3,E01013156,0,-1
2021052102605,2021,052102605,2,9,0,3,3,7,3,0,0,1,0,0,0,0,2,1,3,7,2,17,4,998,1,8,PEUGEOT 107,8,E01007268,0,-1
2021211062677,2021,211062677,1,9,0,5,5,4,8,0,0,4,0,0,0,0,1,1,6,6,1,20,4,998,1,8,PEUGEOT 107,6,E01019846,0,-1
202163A023421,2021,63A023421,1,9,5,9,9,3,1,0,0,8,0,0,0,0,1,1,6,6,2,23,5,998,1,12,PEUGEOT 107,5,W01000802,0,-1
2021461037601,2021,461037601,1,9,0,11,11,4,8,0,0,0,0,0,0,0,1,1,2,2,2,71,10,998,1,14,PEUGEOT 107,4,E01024841,0,-1
2021531042671,2021,531042671,2,9,0,18,19,5,1,0,0,4,0,0,0,0,1,1,3,7,2,21,5,998,1,12,PEUGEOT 107,10,E01022354,0,-1
2021501103732,2021,501103732,2,9,0,18,19,1,5,0,0,0,0,0,0,0,2,1,6,6,1,74,10,998,1,13,PEUGEOT 107,3,E01018888,0,-1
202134WNC5261,2021,34WNC5261,1,9,0,18,19,7,5,0,0,0,0,0,0,0,1,1,6,6,2,40,7,998,1,14,PEUGEOT 107,7,E01027011,0,-1
2021991127314,2021,991127314,2,9,0,18,19,7,3,0,0,8,0,0,0,0,4,1,5,6,1,58,9,998,1,9,PEUGEOT 107,4,-1,0,-1
2021052100549,2021,052100549,2,9,0,9,9,7,5,0,0,5,0,0,0,0,3,1,6,6,2,42,7,998,1,10,PEUGEOT 107,1,E01007123,0,-1
2021131081879,2021,131081879,1,9,0,9,9,5,5,0,0,4,0,0,0,0,1,1,6,6,2,24,5,998,1,11,PEUGEOT 107,2,E01011236,0,-1
2021041081691,2021,041081691,1,9,0,5,5,1,5,9,9,0,0,0,0,0,4,1,5,6,1,16,4,998,1,13,PEUGEOT 107,2,E01025185,0,-1
2021161025027,2021,161025027,2,9,0,18,19,6,2,0,0,1,0,0,0,0,1,1,6,6,2,-1,-1,998,1,13,PEUGEOT 107,9,E01013216,0,-1
2021101047908,2021,101047908,2,9,0,18,19,3,7,0,0,8,0,0,0,0,2,1,2,2,2,19,4,998,1,9,PEUGEOT 107,1,E01008709,0,-1
2021411102621,2021,411102621,1,9,0,18,19,5,1,0,0,4,0,0,0,0,1,1,2,2,2,48,8,998,1,13,PEUGEOT 107,10,E01023684,0,-1
2021302100584,2021,302100584,1,9,0,16,19,8,4,0,0,0,2,10,1,4,1,1,6,6,1,18,4,998,1,14,PEUGEOT 107,1,E01011492,0,-1
2021302100666,2021,302100666,1,9,0,17,19,6,2,0,0,0,0,0,0,0,1,1,2,2,2,25,5,998,1,8,PEUGEOT 107,6,E01019482,0,-1
2021361144533,2021,361144533,2,9,0,18,19,3,7,0,0,1,0,0,0,0,1,1,1,1,2,18,4,998,1,14,PEUGEOT 107,9,E01026576,0,-1
2021170S11051,2021,170S11051,2,9,0,4,4,2,6,0,0,1,0,0,0,0,3,1,6,6,1,40,7,998,1,7,PEUGEOT 107,3,E01012253,0,-1
2021440431499,2021,440431499,2,9,0,17,19,2,6,0,0,0,0,0,0,0,3,1,6,6,2,42,7,998,1,11,PEUGEOT 107,2,E01017318,0,-1
202131A107921,2021,31A107921,1,9,0,18,19,6,2,0,0,8,0,0,0,0,1,1,6,6,2,34,6,998,1,8,PEUGEOT 107,4,E01027928,0,-1
2021302101708,2021,302101708,1,9,0,18,19,4,8,0,0,3,0,0,0,0,1,1,6,6,1,83,11,998,1,9,PEUGEOT 107,8,E01027993,0,-1
2021201104508,2021,201104508,1,9,0,18,19,2,6,0,0,8,1,0,0,0,1,1,6,6,1,27,6,998,1,12,PEUGEOT 107,6,E01009126,0,-1
2021111068534,2021,111068534,2,9,0,18,19,1,5,0,0,1,0,0,0,0,4,1,5,6,2,50,8,998,1,10,PEUGEOT 107,3,E01020662,0,-1
2021461108295,2021,461108295,2,9,0,-1,-1,-1,-1,-1,-1,0,-1,-1,-1,0,2,1,6,6,1,46,8,998,1,15,PEUGEOT 107,6,E01024040,0,-1
2021451032538,2021,451032538,1,9,0,18,19,6,2,0,0,0,0,0,8,4,1,1,5,6,2,20,4,998,1,16,PEUGEOT 107,5,E01030971,0,-1
2021161096504,2021,161096504,2,9,0,9,9,7,3,0,0,1,0,10,0,0,3,1,5,6,2,61,9,998,1,14,PEUGEOT 107,3,E01013238,0,-1
2021161109980,2021,161109980,2,9,0,4,4,4,8,0,0,6,0,0,0,0,2,1,6,6,2,61,9,998,1,14,PEUGEOT 107,1,E01013212,0,-1
2021010314751,2021,010314751,2,9,0,18,19,3,7,0,0,0,0,0,0,0,1,1,6,6,3,-1,-1,998,1,8,PEUGEOT 107,-1,-1,0,-1
2021461092484,2021,461092484,2,9,0,18,19,1,5,0,0,0,0,0,0,0,2,1,5,6,1,53,8,998,1,7,PEUGEOT 107,4,E01016097,0,-1
2021161081773,2021,161081773,2,9,0,18,19,7,3,0,0,1,0,4,0,0,1,1,6,6,1,24,5,998,1,9,PEUGEOT 107,6,E01013302,0,-1
2021061049900,2021,061049900,2,9,0,3,3,8,4,0,0,1,0,0,0,0,2,1,5,6,1,20,4,998,1,10,PEUGEOT 107,8,E01005913,0,-1
2021501053268,2021,501053268,1,9,0,3,3,3,7,0,0,8,0,0,0,0,2,1,5,6,2,42,7,998,1,14,PEUGEOT 107,3,E01020139,0,-1
2021471050204,2021,471050204,1,9,0,18,19,2,6,0,0,1,0,0,0,0,1,1,2,2,2,27,6,998,1,12,PEUGEOT 107,8,E01030580,0,-1
2021451035325,2021,451035325,1,9,0,18,19,3,7,0,0,0,0,0,0,0,1,1,5,6,2,19,4,998,1,12,PEUGEOT 107,8,E01030595,0,-1
2021201087957,2021,201087957,1,9,0,18,19,1,5,0,0,0,0,4,1,2,1,1,6,6,1,84,11,998,1,8,PEUGEOT 107,10,E01009428,0,-1
2021010289807,2021,010289807,5,9,0,2,2,0,0,0,0,1,0,0,0,0,1,1,6,6,3,-1,-1,998,1,16,PEUGEOT 107,-1,-1,0,-1
2021010331411,2021,010331411,1,9,0,18,19,7,3,0,0,0,0,0,0,0,1,1,6,6,2,27,6,998,1,9,PEUGEOT 107,10,E01030360,0,-1
2021361057858,2021,361057858,1,9,0,18,19,3,7,0,0,0,0,0,0,0,4,1,2,2,1,20,4,998,1,15,PEUGEOT 107,3,E01026747,0,-1
2021320212018,2021,320212018,3,9,0,18,19,6,2,0,0,0,0,0,0,0,2,1,6,6,1,66,10,998,1,7,PEUGEOT 107,3,E01026036,0,-1
2021440155851,2021,440155851,1,9,0,18,19,1,5,0,0,0,5,10,0,0,4,1,6,6,2,19,4,998,1,12,PEUGEOT 107,7,E01028750,0,-1
2021552100870,2021,552100870,2,9,0,18,19,4,8,0,0,0,0,0,1,4,2,1,6,6,2,24,5,998,1,12,PEUGEOT 107,7,E01015425,0,-1
2021122101167,2021,122101167,3,9,0,4,4,7,3,0,0,0,0,0,0,0,1,1,6,6,1,17,4,998,1,13,PEUGEOT 107,6,E01012923,0,-1
2021061122302,2021,061122302,1,9,0,18,19,2,6,0,0,0,1,0,5,6,1,1,5,6,2,68,10,998,1,13,PEUGEOT 107,2,E01005026,0,-1
2021302100286,2021,302100286,2,9,0,2,2,0,0,0,0,0,0,0,0,0,2,1,6,6,3,-1,-1,998,1,12,PEUGEOT 107,-1,-1,0,-1
2021371129100,2021,371129100,2,9,0,4,4,7,3,6,6,0,0,0,1,0,2,1,5,6,2,32,6,998,1,8,PEUGEOT 107,7,E01023961,0,-1
2021440153112,2021,440153112,2,9,0,4,4,5,1,0,0,0,0,0,0,0,0,1,6,6,2,44,7,998,1,13,PEUGEOT 107,8,E01017057,0,-1
2021031040064,2021,031040064,1,9,0,17,19,6,2,0,0,0,2,0,1,4,1,1,5,6,1,32,6,998,1,12,PEUGEOT 107,8,E01019307,0,-1
2021440483673,2021,440483673,1,9,0,18,19,3,7,0,0,8,0,0,0,0,4,1,6,6,1,86,11,998,1,8,PEUGEOT 107,10,E01022838,0,-1
2021101101485,2021,101101485,2,9,0,18,19,5,1,0,0,0,0,0,0,0,3,1,6,6,1,80,11,998,1,11,PEUGEOT 107,8,E01008507,0,-1
2021411018441,2021,411018441,2,9,0,18,19,5,1,0,0,1,0,0,0,0,1,1,6,6,2,58,9,998,1,15,PEUGEOT 107,5,E01023411,0,-1
2021201049978,2021,201049978,2,9,0,18,19,-1,-1,0,0,1,-1,-1,-1,0,-1,1,6,6,1,75,10,998,1,10,PEUGEOT 107,2,E01010057,0,-1
2021010350432,2021,010350432,1,9,0,18,19,1,5,0,0,0,0,0,0,0,2,1,6,6,2,66,10,998,1,11,PEUGEOT 107,5,E01001611,0,-1
2021161129158,2021,161129158,2,9,0,3,3,4,8,0,0,0,0,0,0,0,2,1,6,6,1,49,8,998,1,10,PEUGEOT 107,-1,-1,0,-1
2021010329486,2021,010329486,3,9,0,2,2,0,0,0,0,0,0,0,0,0,3,1,6,6,3,-1,-1,998,1,7,PEUGEOT 107,-1,-1,0,-1
2021010329375,2021,010329375,2,9,0,9,9,1,7,0,0,1,0,0,0,0,2,1,6,6,1,32,6,998,1,14,PEUGEOT 107,1,E01002092,0,-1
2021052101849,2021,052101849,1,9,0,18,19,1,5,0,0,6,0,0,0,0,3,1,6,6,2,18,4,998,1,15,PEUGEOT 107,4,E01007288,0,-1
2021430285546,2021,430285546,1,9,0,18,19,1,5,0,0,0,0,0,0,0,2,1,6,6,2,53,8,998,1,13,PEUGEOT 107,9,E01017752,0,-1
2021031057792,2021,031057792,1,9,0,18,19,4,8,0,0,0,0,0,0,0,1,1,2,2,2,20,4,998,1,8,PEUGEOT 107,5,E01019152,0,-1
2021070435486,2021,070435486,2,9,0,18,19,1,5,0,0,0,0,0,0,0,1,1,2,2,2,27,6,998,1,10,PEUGEOT 107,10,E01018641,0,-1
2021010343638,2021,010343638,1,9,0,99,99,9,9,99,99,0,9,99,9,99,9,9,6,6,2,28,6,998,1,10,PEUGEOT 107,9,E01001273,0,-1
2021440357424,2021,440357424,1,9,0,18,19,5,1,0,0,0,5,0,0,0,4,1,6,6,2,37,7,998,1,13,PEUGEOT 107,3,E01017360,0,-1
2021211116645,2021,211116645,1,9,0,18,19,4,8,0,0,0,1,0,7,11,3,1,6,6,2,56,9,998,1,9,PEUGEOT 107,7,E01029545,0,-1
2021411037277,2021,411037277,2,9,0,18,19,5,1,0,0,1,0,0,0,0,3,1,6,6,2,28,6,998,1,11,PEUGEOT 107,9,E01023389,0,-1
2021520104536,2021,520104536,1,9,0,3,3,1,7,0,0,4,0,0,0,0,1,1,6,6,2,33,6,998,1,7,PEUGEOT 107,6,E01029312,0,-1
2021201145478,2021,201145478,2,9,0,4,4,8,4,0,0,1,0,10,1,0,3,1,6,6,1,57,9,998,1,7,PEUGEOT 107,2,E01009163,0,-1
2021302101599,2021,302101599,3,9,0,18,19,2,6,0,0,0,0,0,0,0,1,1,6,6,1,51,8,998,1,15,PEUGEOT 107,2,E01028230,0,-1
2021010307852,2021,010307852,2,9,0,99,99,9,9,99,99,9,9,99,9,99,9,9,6,6,2,-1,-1,998,1,13,PEUGEOT 107,4,E01002406,0,-1
202134WNC3791,2021,34WNC3791,2,9,0,18,19,6,2,0,0,8,0,0,7,10,4,1,6,6,1,19,4,998,1,13,PEUGEOT 107,6,E01027169,0,-1
2021440194076,2021,440194076,2,9,0,4,4,7,3,0,0,0,0,0,0,0,2,1,6,6,2,28,6,998,1,7,PEUGEOT 107,9,E01022826,0,-1
2021131095064,2021,131095064,2,9,0,17,19,5,2,0,0,8,0,0,0,0,2,1,5,6,2,36,7,998,1,12,PEUGEOT 107,1,E01011292,0,-1
2021101051586,2021,101051586,1,9,0,18,19,5,1,0,0,1,0,0,7,0,1,1,5,6,2,26,6,998,1,15,PEUGEOT 107,1,E01008427,0,-1
202131B047221,2021,31B047221,2,9,0,18,19,4,8,0,0,1,0,0,0,0,3,1,6,6,2,27,6,998,1,14,PEUGEOT 107,5,E01028012,0,-1
2021041080953,2021,041080953,2,9,0,18,19,1,1,0,0,0,0,0,0,0,2,1,5,6,2,55,8,998,1,9,PEUGEOT 107,7,E01025027,0,-1
2021141111357,2021,141111357,2,9,0,15,15,5,1,0,0,0,1,0,0,0,3,1,1,1,2,18,4,998,1,11,PEUGEOT 107,7,E01007748,0,-1
202134WNC2451,2021,34WNC2451,2,9,0,18,19,7,3,0,0,1,0,0,0,0,3,1,6,6,2,74,10,998,1,9,PEUGEOT 107,4,E01027171,0,-1
2021131054790,2021,131054790,2,9,0,18,19,3,7,0,0,8,0,0,0,0,2,1,2,2,2,56,9,998,1,8,PEUGEOT 107,1,E01011735,0,-1
2021421072060,2021,421072060,2,9,0,18,19,5,4,0,0,8,0,0,3,0,1,1,6,6,1,39,7,998,1,16,PEUGEOT 107,4,E01015918,0,-1
2021548382921,2021,548382921,2,9,0,17,19,6,2,0,0,0,0,0,0,0,1,1,1,1,2,35,6,998,1,13,PEUGEOT 107,7,E01031857,0,-1
2021421055591,2021,421055591,2,9,0,9,9,1,7,0,0,3,0,0,0,0,3,1,6,6,1,26,6,998,1,11,PEUGEOT 107,6,E01021743,0,-1
2021320333270,2021,320333270,2,9,0,18,19,2,6,0,0,1,0,0,1,0,1,1,6,6,2,19,4,998,1,7,PEUGEOT 107,8,E01032998,0,-1
2021622100076,2021,622100076,1,9,0,18,19,4,8,0,0,1,0,0,0,0,1,1,6,6,2,41,7,998,1,9,PEUGEOT 107,5,W01001187,0,-1
2021201131188,2021,201131188,2,9,0,18,19,6,4,0,0,8,0,0,0,0,3,1,6,6,2,-1,-1,998,1,7,PEUGEOT 107,6,E01009531,0,-1
202131D081521,2021,31D081521,3,9,0,3,3,8,4,0,0,7,0,0,0,0,3,1,6,6,2,58,9,998,1,13,PEUGEOT 107,6,E01028109,0,-1
2021481096041,2021,481096041,1,9,0,18,19,7,3,0,0,2,0,0,0,0,1,1,6,6,2,40,7,998,1,13,PEUGEOT 107,-1,-1,0,-1
2021201071535,2021,201071535,2,9,0,18,19,5,1,0,0,8,0,0,0,0,1,1,1,1,2,48,8,998,1,9,PEUGEOT 107,1,E01010371,0,-1
2021471085461,2021,471085461,1,9,0,9,9,7,5,0,0,6,0,0,0,0,1,1,2,2,1,22,5,998,1,13,PEUGEOT 107,6,E01031499,0,-1
2021451099432,2021,451099432,1,9,0,2,2,0,0,0,0,0,0,0,0,0,3,1,6,6,2,61,9,998,1,9,PEUGEOT 107,10,E01030532,0,-1
2021471093510,2021,471093510,2,9,0,3,3,6,2,0,0,1,0,0,0,0,2,1,5,6,2,22,5,998,1,12,PEUGEOT 107,1,E01016908,0,-1
2021411023315,2021,411023315,1,9,0,17,19,5,1,0,0,6,0,0,0,0,1,1,1,1,1,20,4,998,1,14,PEUGEOT 107,7,E01023871,0,-1
2021010322579,2021,010322579,2,9,0,99,99,9,9,99,99,9,9,99,9,99,1,9,6,6,3,-1,-1,998,1,14,PEUGEOT 107,2,E01004584,0,-1
202163A093121,2021,63A093121,2,9,0,4,4,8,4,0,0,1,0,0,0,0,2,1,6,6,2,22,5,998,1,8,PEUGEOT 107,1,W01000733,0,-1
2021141112124,2021,141112124,1,9,0,4,4,6,2,0,0,1,0,0,0,0,2,1,6,6,1,40,7,998,1,14,PEUGEOT 107,2,E01007531,0,-1
2021440295896,2021,440295896,1,9,0,17,19,4,8,0,0,0,0,0,1,1,1,1,1,1,2,23,5,998,1,12,PEUGEOT 107,3,E01032738,0,-1
2021201116695,2021,201116695,1,9,0,18,19,-1,-1,0,0,4,0,0,0,0,1,1,6,6,2,24,5,998,1,7,PEUGEOT 107,1,E01009756,0,-1
2021041099920,2021,041099920,1,9,0,9,9,8,8,0,0,1,0,0,0,0,4,1,5,6,1,21,5,998,1,10,PEUGEOT 107,5,E01025311,0,-1
2021161111926,2021,161111926,2,9,0,7,7,4,8,0,0,0,0,0,0,0,4,1,6,6,1,23,5,998,1,16,PEUGEOT 107,4,E01013106,0,-1
2021430509128,2021,430509128,1,9,0,17,19,6,3,0,0,0,2,10,1,9,4,1,6,6,1,17,4,998,1,13,PEUGEOT 107,9,E01016799,0,-1
2021552100220,2021,552100220,1,9,0,9,9,1,7,0,0,8,0,0,0,0,1,1,6,6,2,61,9,998,1,10,PEUGEOT 107,10,E01020463,0,-1
2021302101898,2021,302101898,1,9,0,9,9,6,4,0,0,8,0,0,0,0,3,1,2,2,2,64,9,998,1,10,PEUGEOT 107,4,E01013460,0,-1
2021061068626,2021,061068626,1,9,0,7,7,3,2,0,0,8,0,0,0,0,1,1,6,6,1,25,5,998,1,16,PEUGEOT 107,4,E01005284,0,-1
2021461079678,2021,461079678,2,9,0,18,19,4,8,0,0,0,0,0,0,0,1,1,6,6,2,39,7,998,1,8,PEUGEOT 107,7,E01024224,0,-1
2021440347116,2021,440347116,2,9,0,9,9,7,3,0,0,8,0,0,0,0,4,1,6,6,1,21,5,998,1,15,PEUGEOT 107,7,E01032881,0,-1
2021461033946,2021,461033946,2,9,0,18,19,1,5,0,0,8,0,0,0,0,1,1,6,6,2,33,6,998,1,15,PEUGEOT 107,6,E01024847,0,-1
2021041127677,2021,041127677,2,9,0,2,2,0,0,0,0,0,0,0,0,0,4,1,6,6,3,-1,-1,998,1,11,PEUGEOT 107,-1,-1,0,-1
2021031118357,2021,031118357,1,9,0,16,19,3,8,0,0,0,1,0,1,4,1,1,2,2,1,24,5,998,1,12,PEUGEOT 107,5,E01019225,0,-1
2021471074537,2021,471074537,1,9,0,9,9,1,7,0,0,8,0,0,0,0,3,1,5,6,2,26,6,998,1,11,PEUGEOT 107,3,E01016155,0,-1
2021201084386,2021,201084386,1,9,0,5,5,6,2,0,0,0,0,0,0,0,1,1,2,2,1,36,7,998,1,13,PEUGEOT 107,8,E01029680,0,-1
2021201147504,2021,201147504,2,9,0,18,19,2,6,0,0,1,0,0,0,0,1,1,6,6,1,31,6,998,1,14,PEUGEOT 107,2,E01009075,0,-1
2021543396321,2021,543396321,2,9,0,10,10,8,4,0,0,1,0,0,0,0,2,1,1,1,1,49,8,998,1,14,PEUGEOT 107,6,E01031846,0,-1
2021440099181,2021,440099181,1,9,0,18,19,8,4,0,0,0,0,0,0,0,4,1,6,6,1,18,4,998,1,14,PEUGEOT 107,9,E01030431,0,-1
202163D097321,2021,63D097321,2,9,0,2,2,0,0,0,0,1,0,0,0,0,3,1,6,6,2,30,6,998,1,8,PEUGEOT 107,7,W01000430,0,-1
2021501040323,2021,501040323,1,9,0,17,19,6,2,0,0,0,2,0,1,0,1,1,6,6,1,40,7,998,1,12,PEUGEOT 107,4,E01020284,0,-1
2021131044121,2021,131044121,1,9,0,18,19,3,7,0,0,0,0,0,0,0,3,1,6,6,3,30,6,998,1,11,PEUGEOT 107,3,E01010597,0,-1
2021070098777,2021,070098777,1,9,0,18,19,8,6,0,0,3,0,0,7,0,1,1,6,6,1,25,5,998,1,12,PEUGEOT 107,10,E01018490,0,-1
2021430091629,2021,430091629,1,9,0,18,19,3,7,0,0,0,0,0,0,0,1,1,6,6,3,-1,-1,998,1,13,PEUGEOT 107,-1,-1,0,-1
2021211111714,2021,211111714,4,9,0,4,4,7,3,0,0,0,0,11,0,0,1,1,6,6,2,43,7,998,1,15,PEUGEOT 107,3,E01009775,0,-1
2021461031275,2021,461031275,1,9,0,18,19,3,7,0,0,0,1,0,4,6,1,1,6,6,2,21,5,998,1,14,PEUGEOT 107,4,E01024624,0,-1
2021231134572,2021,231134572,1,9,0,9,9,8,6,0,0,5,0,0,0,0,3,1,5,6,3,40,7,998,1,14,PEUGEOT 107,-1,-1,0,-1
2021221036797,2021,221036797,1,9,0,18,19,3,7,0,0,8,0,0,0,0,2,1,2,2,1,58,9,998,1,9,PEUGEOT 107,5,E01032457,0,-1
2021501125577,2021,501125577,4,9,0,2,2,0,0,0,0,0,0,0,0,0,3,1,5,6,1,-1,-1,998,1,14,PEUGEOT 107,4,E01019054,0,-1
2021131124195,2021,131124195,1,9,0,14,14,4,8,0,0,1,0,0,0,0,1,1,6,6,1,20,4,998,1,13,PEUGEOT 107,5,E01011870,0,-1
2021161043738,2021,161043738,2,9,0,7,7,5,7,0,0,8,0,0,0,0,1,1,5,6,2,29,6,998,1,13,PEUGEOT 107,8,E01032501,0,-1
2021111101404,2021,111101404,1,9,0,18,19,8,4,0,0,0,0,0,1,4,1,1,5,6,1,81,11,998,1,11,PEUGEOT 107,2,E01008254,0,-1
2021451016857,2021,451016857,1,9,0,18,19,3,7,9,9,0,0,0,1,2,1,1,6,6,2,20,4,998,1,15,PEUGEOT 107,9,E01030441,0,-1
2021320506130,2021,320506130,2,9,0,3,3,4,8,0,0,0,0,0,0,0,4,1,6,6,1,28,6,998,1,8,PEUGEOT 107,4,E01019458,0,-1
2021461127549,2021,461127549,1,9,0,16,19,5,1,0,0,0,2,0,8,1,1,1,1,1,2,60,9,998,1,13,PEUGEOT 107,2,E01001698,0,-1
2021052102713,2021,052102713,2,9,0,2,2,0,0,0,0,8,0,0,0,0,1,1,6,6,3,-1,-1,998,1,12,PEUGEOT 107,-1,-1,0,-1
2021471083982,2021,471083982,1,9,0,18,19,7,3,0,0,0,1,0,7,0,3,1,5,6,1,46,8,998,1,8,PEUGEOT 107,3,E01016911,0,-1
2021061064844,2021,061064844,1,9,0,9,9,5,3,0,0,8,0,0,0,0,1,1,6,6,1,22,5,998,1,13,PEUGEOT 107,7,E01018580,0,-1
2021531025044,2021,531025044,1,9,0,5,5,-1,-1,0,0,0,0,0,0,0,1,1,2,2,1,63,9,998,1,10,PEUGEOT 107,9,E01022223,0,-1
202131D177021,2021,31D177021,2,9,0,7,7,6,8,0,0,6,0,0,1,9,1,1,6,6,1,19,4,998,1,8,PEUGEOT 107,7,E01028411,0,-1
2021421033160,2021,421033160,1,9,0,18,19,7,2,0,0,0,0,0,0,0,4,1,5,6,2,25,5,998,1,11,PEUGEOT 107,3,E01002306,0,-1
2021501085071,2021,501085071,1,9,0,7,7,5,1,0,0,6,0,10,0,0,1,1,5,6,2,80,11,998,1,9,PEUGEOT 107,8,E01015137,0,-1
2021221019182,2021,221019182,4,9,0,4,4,8,4,0,0,1,0,0,0,0,2,1,2,2,2,55,8,998,1,14,PEUGEOT 107,-1,-1,0,-1
2021010298302,2021,010298302,2,9,0,9,9,3,8,0,0,6,0,0,0,0,1,1,2,2,1,69,10,998,1,7,PEUGEOT 107,2,E01002856,0,-1
2021522201055,2021,522201055,1,9,0,18,19,5,1,0,0,1,1,0,7,10,1,1,6,6,1,17,4,998,1,8,PEUGEOT 107,7,E01014763,0,-1
2021430172743,2021,430172743,1,9,0,5,5,5,1,8,6,0,5,0,1,0,3,1,6,6,1,35,6,998,1,15,PEUGEOT 107,6,E01016813,0,-1
2021501021704,2021,501021704,1,9,0,5,5,1,5,0,0,6,0,0,1,11,1,1,6,6,2,91,11,998,1,14,PEUGEOT 107,8,E01019962,0,-1
2021320731086,2021,320731086,2,9,0,17,19,4,2,0,0,1,0,0,0,0,1,1,1,1,1,64,9,998,1,11,PEUGEOT 107,9,E01026182,0,-1
2021161111826,2021,161111826,1,9,0,2,2,0,0,0,0,0,0,0,0,0,3,1,6,6,3,19,4,998,1,16,PEUGEOT 107,-1,-1,0,-1
2021471104468,2021,471104468,4,9,0,2,2,0,0,0,0,1,0,0,0,0,1,1,6,6,3,-1,-1,998,1,15,PEUGEOT 107,-1,-1,0,-1
2021541128321,2021,541128321,1,9,0,9,9,4,2,0,0,1,0,0,0,0,3,1,6,6,2,59,9,998,1,10,PEUGEOT 107,8,E01032102,0,-1
2021061040511,2021,061040511,1,9,0,2,2,0,0,0,0,0,0,0,0,0,0,1,6,6,3,-1,-1,998,1,9,PEUGEOT 107,-1,-1,0,-1