collision_index,collision_year,collision_ref_no,vehicle_reference,vehicle_type,towing_and_articulation,vehicle_manoeuvre_historic,vehicle_manoeuvre,vehicle_direction_from,vehicle_direction_to,vehicle_location_restricted_lane_historic,vehicle_location_restricted_lane,junction_location,skidding_and_overturning,hit_object_in_carriageway,vehicle_leaving_carriageway,hit_object_off_carriageway,first_point_of_impact,vehicle_left_hand_drive,journey_purpose_of_driver_historic,journey_purpose_of_driver,sex_of_driver,age_of_driver,age_band_of_driver,engine_capacity_cc,propulsion_code,age_of_vehicle,generic_make_model,driver_imd_decile,lsoa_of_driver,escooter_flag,driver_distance_banding
2021552100893,2021,552100893,1,9,0,18,19,6,2,0,0,0,0,0,0,0,1,1,6,6,2,53,8,1360,1,16,PEUGEOT 206,5,E01017151,0,-1
2021440483633,2021,440483633,2,9,0,2,2,0,0,0,0,0,0,0,0,0,4,1,6,6,3,-1,-1,1360,1,15,PEUGEOT 206,-1,-1,0,-1
2021552100413,2021,552100413,2,9,0,2,2,0,0,0,0,0,0,0,0,0,2,1,6,6,3,-1,-1,1360,1,19,PEUGEOT 206,-1,-1,0,-1
2021221049550,2021,221049550,2,9,0,18,19,5,1,0,0,8,0,0,0,0,3,1,1,1,2,59,9,1587,1,17,PEUGEOT 206,1,E01032465,0,-1
2021061055079,2021,061055079,3,9,0,9,9,3,1,0,0,0,0,0,0,0,2,1,6,6,1,61,9,1360,1,14,PEUGEOT 206,4,E01033299,0,-1
2021010313592,2021,010313592,3,9,0,4,4,7,3,0,0,0,0,0,0,0,2,1,6,6,2,50,8,1360,1,18,PEUGEOT 206,6,E01003705,0,-1
2021010308480,2021,010308480,1,9,0,99,99,9,9,99,99,9,9,99,9,99,9,9,6,6,2,43,7,1360,1,15,PEUGEOT 206,4,E01003106,0,-1
2021471116717,2021,471116717,1,9,0,18,19,1,5,0,0,0,0,0,0,0,1,1,6,6,1,77,11,1124,1,18,PEUGEOT 206,10,E01021132,0,-1
2021461052471,2021,461052471,1,9,0,5,5,1,5,0,0,0,0,0,0,0,4,1,6,6,2,40,7,1124,1,17,PEUGEOT 206,6,E01024052,0,-1
2021010291524,2021,010291524,1,9,0,99,99,9,9,99,99,9,9,99,9,99,9,9,2,2,2,51,8,1124,1,17,PEUGEOT 206,2,E01004413,0,-1
2021440255176,2021,440255176,1,9,0,18,19,4,8,0,0,0,0,0,0,0,1,1,2,2,2,19,4,1398,2,15,PEUGEOT 206,5,E01032698,0,-1
2021471048528,2021,471048528,2,9,0,7,7,2,4,0,0,6,0,0,0,0,1,1,5,6,1,29,6,1398,2,17,PEUGEOT 206,9,E01020399,0,-1
2021361067997,2021,361067997,1,9,0,18,19,5,1,0,0,0,1,0,0,0,1,1,5,6,2,55,8,1997,2,18,PEUGEOT 206,5,E01021101,0,-1
2021430450233,2021,430450233,1,9,0,9,9,2,8,0,0,5,0,0,0,0,4,1,6,6,3,33,6,1360,1,18,PEUGEOT 206,7,E01016579,0,-1
2021461119371,2021,461119371,1,9,0,3,3,6,2,0,0,0,0,0,0,0,1,1,6,6,1,37,7,1587,1,17,PEUGEOT 206,4,E01002409,0,-1
2021991082196,2021,991082196,1,9,0,18,19,3,7,0,0,0,1,0,7,10,3,1,6,6,1,34,6,1587,1,15,PEUGEOT 206,-1,-1,0,-1
2021622100932,2021,622100932,1,9,0,12,12,8,4,0,0,1,0,0,0,0,3,1,6,6,2,51,8,1398,2,17,PEUGEOT 206,8,W01001012,0,-1
2021010309342,2021,010309342,2,9,0,99,99,9,9,99,99,0,9,99,9,99,2,9,6,6,3,-1,-1,1587,1,17,PEUGEOT 206,-1,-1,0,-1
2021361081041,2021,361081041,1,9,0,18,19,4,8,0,0,0,0,0,0,0,1,1,6,6,1,25,5,1997,2,16,PEUGEOT 206,5,E01026816,0,-1
2021320681906,2021,320681906,1,9,0,18,19,2,6,0,0,0,0,4,0,0,1,1,6,6,2,35,6,1587,1,19,PEUGEOT 206,4,E01032995,0,-1
2021461128127,2021,461128127,1,9,0,18,19,6,1,0,0,0,0,0,0,0,1,1,6,6,3,-1,-1,1124,1,17,PEUGEOT 206,-1,-1,0,-1
2021010339207,2021,010339207,1,9,0,9,9,4,2,0,0,1,0,0,0,0,4,1,6,6,1,32,6,1360,1,17,PEUGEOT 206,8,E01000319,0,-1
2021430515839,2021,430515839,1,9,0,18,19,1,6,0,0,0,1,0,1,4,1,1,6,6,1,20,4,1360,1,17,PEUGEOT 206,7,E01017416,0,-1
2021522102049,2021,522102049,1,9,0,9,9,6,4,0,0,8,0,0,0,0,1,1,6,6,1,28,6,1398,2,16,PEUGEOT 206,4,E01014570,0,-1
2021201078201,2021,201078201,2,9,0,18,19,8,4,0,0,4,0,0,0,0,1,1,6,6,1,62,9,1587,1,18,PEUGEOT 206,2,E01010531,0,-1
2021461044047,2021,461044047,1,9,0,18,19,3,7,0,0,0,0,0,0,0,1,1,6,6,1,51,8,1360,1,14,PEUGEOT 206,7,E01024547,0,-1
2021552101097,2021,552101097,2,9,0,18,19,5,1,0,0,8,0,0,0,0,1,1,2,2,2,63,9,1398,2,15,PEUGEOT 206,7,E01020540,0,-1
2021501044700,2021,501044700,4,9,0,2,2,0,0,0,0,0,0,0,0,0,1,1,6,6,2,63,9,1360,1,17,PEUGEOT 206,5,E01020115,0,-1
2021622100293,2021,622100293,1,9,0,18,19,4,8,0,0,1,0,0,0,0,1,1,6,6,3,-1,-1,1360,1,15,PEUGEOT 206,-1,-1,0,-1
2021201142003,2021,201142003,1,9,0,2,2,0,0,0,0,0,0,0,0,0,3,1,6,6,2,34,6,1360,1,17,PEUGEOT 206,3,E01009857,0,-1
2021041074738,2021,041074738,1,9,0,16,19,3,7,0,0,0,1,0,0,0,3,1,5,6,1,19,4,1587,1,20,PEUGEOT 206,6,E01027569,0,-1
202163D007121,2021,63D007121,1,9,0,16,19,5,8,0,0,0,2,0,0,0,0,1,6,6,2,22,5,1360,1,16,PEUGEOT 206,6,W01000455,0,-1
2021010330501,2021,010330501,3,9,0,2,2,0,0,0,0,0,0,0,0,0,4,1,6,6,3,-1,-1,1360,1,18,PEUGEOT 206,-1,-1,0,-1
2021552101280,2021,552101280,1,9,0,18,19,1,7,0,0,6,0,0,0,0,1,1,6,6,1,63,9,1360,1,14,PEUGEOT 206,5,E01020565,0,-1
2021010296804,2021,010296804,2,9,0,18,19,3,7,0,0,1,0,0,0,0,2,1,1,1,2,22,5,1124,1,21,PEUGEOT 206,10,E01023887,0,-1
2021522106134,2021,522106134,1,9,0,18,19,7,3,0,0,1,0,0,0,0,4,1,6,6,2,43,7,1560,2,15,PEUGEOT 206,2,E01014565,0,-1
2021501130093,2021,501130093,1,9,0,18,19,2,6,0,0,1,0,0,0,0,1,1,5,6,2,43,7,1398,2,16,PEUGEOT 206,1,E01019033,0,-1
202134WNC2821,2021,34WNC2821,1,9,0,9,9,5,1,0,0,8,0,0,0,0,1,1,6,6,2,21,5,1398,2,18,PEUGEOT 206,8,E01027174,0,-1
2021161122041,2021,161122041,1,9,0,18,19,5,1,0,0,2,0,4,0,0,1,1,5,6,1,59,9,1360,1,13,PEUGEOT 206,1,E01012857,0,-1
2021201142003,2021,201142003,3,9,0,18,19,4,8,0,0,0,0,0,0,0,1,1,6,6,1,22,5,1587,1,17,PEUGEOT 206,3,E01009838,0,-1
2021421074752,2021,421074752,1,9,0,18,19,5,1,0,0,2,0,0,0,0,1,1,1,1,1,31,6,1997,2,18,PEUGEOT 206,10,E01023505,0,-1
2021061134505,2021,061134505,2,9,0,3,3,1,1,0,0,0,0,0,0,0,3,1,2,2,2,52,8,1360,1,18,PEUGEOT 206,4,E01005015,0,-1
2021101020714,2021,101020714,2,9,0,18,19,1,5,0,0,0,0,0,0,0,1,1,6,6,2,41,7,1124,1,16,PEUGEOT 206,3,E01008379,0,-1
2021471085498,2021,471085498,2,9,0,7,7,7,1,0,0,8,1,0,0,0,2,1,5,6,2,37,7,1587,1,20,PEUGEOT 206,6,E01031796,0,-1
2021041014632,2021,041014632,1,9,0,18,19,6,2,0,0,1,0,0,0,0,1,1,6,6,1,-1,-1,1360,1,17,PEUGEOT 206,-1,-1,0,-1
2021430059072,2021,430059072,2,9,0,2,2,0,0,0,0,0,0,0,0,0,3,1,6,6,2,31,6,1587,1,17,PEUGEOT 206,6,E01016224,0,-1
2021122100558,2021,122100558,2,9,0,18,19,5,1,0,0,0,0,0,2,10,1,1,6,6,1,18,4,1124,1,16,PEUGEOT 206,7,E01027766,0,-1
2021501066715,2021,501066715,2,9,0,16,19,7,3,0,0,0,1,0,0,0,1,1,1,1,1,51,8,-1,-1,-1,PEUGEOT 206,4,E01018929,0,-1
2021520104953,2021,520104953,1,9,5,16,19,5,7,0,0,8,0,0,0,0,1,1,6,6,1,19,4,1360,1,12,PEUGEOT 206,3,E01014461,0,-1
2021131089006,2021,131089006,2,9,0,18,19,5,1,0,0,8,0,0,0,0,3,1,5,6,1,52,8,1124,1,16,PEUGEOT 206,2,E01011813,0,-1
2021471106643,2021,471106643,1,9,0,18,19,7,3,0,0,0,0,0,7,4,1,1,6,6,1,22,5,1360,1,19,PEUGEOT 206,10,E01031638,0,-1
202131B159521,2021,31B159521,1,9,0,4,4,4,8,0,0,0,0,0,0,0,1,1,2,2,1,46,8,1398,2,16,PEUGEOT 206,7,E01028015,0,-1
2021501084063,2021,501084063,1,9,0,14,14,4,8,0,0,0,0,4,0,0,1,1,5,6,2,53,8,1997,1,18,PEUGEOT 206,6,E01019920,0,-1
2021401090390,2021,401090390,1,9,0,18,19,3,2,0,0,0,0,10,1,0,1,1,5,6,1,43,7,1360,1,19,PEUGEOT 206,5,E01017390,0,-1
2021302101052,2021,302101052,2,9,0,16,19,4,8,0,0,0,0,0,0,0,1,1,6,6,1,48,8,1587,1,18,PEUGEOT 206,4,E01019742,0,-1
2021461086926,2021,461086926,1,9,0,18,19,1,5,0,0,2,0,0,0,0,1,1,6,6,1,-1,-1,1398,2,16,PEUGEOT 206,-1,-1,0,-1
2021131053677,2021,131053677,1,9,0,5,5,1,3,0,0,2,0,0,0,0,3,1,5,6,1,48,8,1360,1,15,PEUGEOT 206,5,E01010651,0,-1
2021031085910,2021,031085910,5,9,0,2,2,0,0,0,0,0,0,0,0,0,2,1,6,6,3,-1,-1,1360,1,16,PEUGEOT 206,-1,-1,0,-1
2021010299676,2021,010299676,1,9,0,6,6,1,1,0,0,2,0,0,0,0,4,1,1,1,1,58,9,1360,1,17,PEUGEOT 206,3,E01003940,0,-1
2021010307894,2021,010307894,1,9,0,99,99,9,9,99,99,9,9,99,9,99,2,9,6,6,2,69,10,1360,1,17,PEUGEOT 206,4,E01001975,0,-1
202134NNC2091,2021,34NNC2091,2,9,0,18,19,5,1,0,0,8,0,0,0,0,1,1,6,6,1,32,6,1360,1,15,PEUGEOT 206,3,E01027082,0,-1
2021141041394,2021,141041394,1,9,0,18,19,2,6,0,0,1,1,0,1,0,1,1,6,6,1,18,4,1124,1,17,PEUGEOT 206,3,E01011784,0,-1
2021231037682,2021,231037682,1,9,0,18,19,6,2,0,0,0,1,0,7,10,3,1,5,6,1,52,8,1997,1,19,PEUGEOT 206,2,E01031010,0,-1
2021451019641,2021,451019641,2,9,0,4,4,1,5,0,0,1,0,0,0,0,1,1,6,6,3,50,8,1360,1,22,PEUGEOT 206,-1,-1,0,-1
2021361062201,2021,361062201,1,9,0,18,19,2,6,0,0,8,0,0,0,0,1,1,5,6,1,30,6,1124,1,21,PEUGEOT 206,5,E01026428,0,-1
2021201154080,2021,201154080,1,9,0,18,19,3,6,0,0,1,0,0,0,0,1,1,6,6,1,19,4,1360,1,17,PEUGEOT 206,6,E01010502,0,-1
2021471082976,2021,471082976,2,9,0,4,4,2,6,0,0,1,0,0,0,0,3,1,2,2,1,40,7,1587,1,19,PEUGEOT 206,7,E01031406,0,-1
2021401082379,2021,401082379,2,9,0,10,10,3,1,0,0,4,0,0,0,0,3,1,6,6,1,39,7,1997,1,16,PEUGEOT 206,9,E01015697,0,-1
2021141027590,2021,141027590,2,9,0,18,19,2,5,0,0,0,1,10,2,11,4,1,2,2,2,26,6,1360,1,15,PEUGEOT 206,8,E01007713,0,-1
2021552100342,2021,552100342,1,9,0,12,12,7,3,0,0,0,0,0,0,0,3,1,2,2,1,49,8,1587,1,17,PEUGEOT 206,10,E01029254,0,-1
2021501023322,2021,501023322,1,9,0,16,19,1,5,0,0,8,0,0,3,11,1,1,5,6,2,24,5,1360,1,16,PEUGEOT 206,7,E01018772,0,-1
2021061031477,2021,061031477,2,9,0,18,19,3,7,0,0,0,0,0,0,0,1,1,6,6,3,30,6,1360,1,15,PEUGEOT 206,-1,-1,0,-1
202134NNC2861,2021,34NNC2861,2,9,0,18,19,7,3,0,0,0,0,0,1,10,2,1,6,6,1,42,7,1360,1,14,PEUGEOT 206,-1,-1,0,-1
2021461101588,2021,461101588,1,9,0,4,4,5,1,0,0,1,0,0,0,0,3,1,6,6,1,-1,-1,1124,1,16,PEUGEOT 206,4,E01024579,0,-1
2021050134348,2021,050134348,2,9,0,18,19,4,8,0,0,1,0,0,0,0,2,1,6,6,1,35,6,1398,2,15,PEUGEOT 206,3,E01018326,0,-1
2021991046262,2021,991046262,2,9,0,4,4,3,7,0,0,0,0,0,0,0,2,1,5,6,1,50,8,1360,1,17,PEUGEOT 206,1,-1,0,-1
202131C023321,2021,31C023321,3,9,0,18,19,5,1,0,0,0,0,0,0,0,1,1,6,6,2,18,4,1360,1,16,PEUGEOT 206,9,E01028419,0,-1
2021411118741,2021,411118741,2,9,0,18,19,5,1,0,0,0,0,0,0,0,3,1,2,2,2,61,9,1124,1,17,PEUGEOT 206,6,E01023929,0,-1
2021221044603,2021,221044603,1,9,0,17,19,2,8,0,0,0,5,10,1,4,1,1,5,6,2,36,7,1587,1,18,PEUGEOT 206,1,E01032471,0,-1
202131B128621,2021,31B128621,1,9,0,14,14,5,1,0,0,0,0,4,0,0,1,1,6,6,3,-1,-1,1360,1,18,PEUGEOT 206,-1,-1,0,-1
2021411051914,2021,411051914,2,9,0,5,5,4,8,0,0,1,1,0,0,0,1,1,5,6,2,70,10,1124,1,21,PEUGEOT 206,10,E01023563,0,-1
2021430202733,2021,430202733,2,9,0,2,2,0,0,0,0,0,0,0,0,0,2,1,3,7,2,34,6,1360,1,16,PEUGEOT 206,8,E01029440,0,-1
2021320264456,2021,320264456,2,9,0,18,19,2,6,0,0,0,0,0,0,0,3,1,6,6,1,40,7,1398,2,14,PEUGEOT 206,-1,-1,0,-1
2021010320551,2021,010320551,3,9,0,10,10,7,4,0,0,1,0,0,0,0,2,1,1,1,2,47,8,1587,1,16,PEUGEOT 206,9,E01002359,0,-1
2021461082628,2021,461082628,1,9,0,18,19,5,1,0,0,0,0,0,0,0,1,1,2,2,1,34,6,1398,2,16,PEUGEOT 206,3,E01033209,0,-1
2021401073632,2021,401073632,1,9,0,5,5,1,2,0,0,1,0,0,0,0,1,1,6,6,2,28,6,1124,1,18,PEUGEOT 206,10,E01017443,0,-1
2021221061597,2021,221061597,1,9,0,18,19,4,8,0,0,4,0,10,0,0,3,1,5,6,1,34,6,1398,2,18,PEUGEOT 206,6,E01032200,0,-1
2021201044810,2021,201044810,1,9,0,9,9,8,6,0,0,1,0,0,0,0,1,1,6,6,1,32,6,1587,1,15,PEUGEOT 206,2,E01009932,0,-1
2021461038275,2021,461038275,1,9,0,18,19,7,3,0,0,0,0,0,0,0,1,1,6,6,1,25,5,1124,1,15,PEUGEOT 206,-1,-1,0,-1
2021010310292,2021,010310292,1,9,0,4,4,5,1,0,0,0,0,4,1,0,1,1,6,6,1,22,5,1398,2,19,PEUGEOT 206,7,E01002986,0,-1
2021430386572,2021,430386572,2,9,0,4,4,4,8,0,0,1,0,0,0,0,2,1,6,6,2,39,7,1587,1,16,PEUGEOT 206,5,E01016642,0,-1
2021549146521,2021,549146521,1,9,0,18,19,7,3,0,0,0,0,0,0,0,1,1,6,6,1,24,5,1124,1,17,PEUGEOT 206,3,E01015510,0,-1
2021501028735,2021,501028735,1,9,0,16,19,7,3,0,0,1,0,0,7,11,1,1,5,6,1,17,4,1124,1,16,PEUGEOT 206,2,E01019047,0,-1
2021351127428,2021,351127428,1,9,0,9,9,1,3,0,0,8,0,0,1,0,1,1,5,6,1,19,4,1360,1,15,PEUGEOT 206,6,E01018111,0,-1
2021411028109,2021,411028109,1,9,0,18,19,3,8,0,0,0,0,0,1,0,1,1,6,6,2,27,6,1587,1,19,PEUGEOT 206,4,E01023951,0,-1
2021010342001,2021,010342001,5,9,0,18,19,5,1,0,0,1,0,0,0,0,1,1,6,6,1,31,6,1997,1,16,PEUGEOT 206,-1,-1,0,-1
2021440010543,2021,440010543,1,9,0,13,13,2,6,0,0,8,0,0,0,0,1,1,2,2,2,-1,-1,1360,1,19,PEUGEOT 206,6,E01022816,0,-1
2021201142535,2021,201142535,2,9,0,7,7,4,6,0,0,6,0,0,0,0,4,1,6,6,2,22,5,1124,1,17,PEUGEOT 206,1,E01009572,0,-1
2021430559961,2021,430559961,1,9,0,18,19,2,6,0,0,0,5,0,1,0,1,1,6,6,1,35,6,1360,1,20,PEUGEOT 206,-1,-1,0,-1
2021161129489,2021,161129489,1,9,0,18,19,3,7,0,0,0,0,0,1,4,1,1,6,6,1,18,4,1360,1,16,PEUGEOT 206,1,E01013177,0,-1
2021131072415,2021,131072415,1,9,0,18,19,7,3,0,0,0,0,0,0,0,1,1,5,6,1,57,9,1997,1,18,PEUGEOT 206,5,E01011063,0,-1
2021991015083,2021,991015083,1,9,0,18,19,8,4,0,0,0,5,0,7,0,1,1,5,6,2,37,7,1997,1,18,PEUGEOT 206,3,-1,0,-1
2021461033833,2021,461033833,1,9,0,18,19,4,8,0,0,1,0,0,0,0,1,1,5,6,1,50,8,1997,1,17,PEUGEOT 206,2,E01024028,0,-1
2021010294425,2021,010294425,1,9,0,18,19,2,6,0,0,0,1,0,0,0,1,1,1,1,2,56,9,1997,2,19,PEUGEOT 206,4,E01000472,0,-1
202163A087721,2021,63A087721,1,9,0,18,19,8,4,0,0,1,0,0,0,0,1,1,6,6,1,37,7,1587,1,17,PEUGEOT 206,5,W01000696,0,-1
2021461039891,2021,461039891,1,9,0,18,19,3,7,0,0,4,0,0,0,0,1,1,6,6,1,27,6,1587,1,16,PEUGEOT 206,5,E01024282,0,-1
2021361111894,2021,361111894,1,9,0,18,19,8,2,0,0,5,5,0,0,0,1,1,6,6,1,76,11,1360,1,21,PEUGEOT 206,9,E01026582,0,-1
2021522102151,2021,522102151,2,9,0,18,19,7,3,0,0,8,0,0,0,0,1,1,6,6,3,-1,-1,1360,1,17,PEUGEOT 206,-1,-1,0,-1
2021351031421,2021,351031421,1,9,0,18,19,4,8,0,0,1,1,0,0,0,1,1,6,6,1,29,6,1587,1,16,PEUGEOT 206,5,E01018079,0,-1
2021320329578,2021,320329578,1,9,0,18,19,8,4,0,0,8,0,0,3,1,3,1,6,6,2,45,7,1360,1,19,PEUGEOT 206,2,E01026011,0,-1
2021201065535,2021,201065535,1,9,0,18,19,4,8,0,0,1,0,4,0,0,1,1,6,6,1,-1,-1,1360,1,13,PEUGEOT 206,-1,-1,0,-1
2021041045579,2021,041045579,3,9,0,18,19,1,5,0,0,0,0,0,0,0,1,1,6,6,1,62,9,1360,1,16,PEUGEOT 206,10,E01025332,0,-1
2021201023493,2021,201023493,1,9,0,18,19,8,4,0,0,0,1,0,0,0,1,1,6,6,1,60,9,1398,2,19,PEUGEOT 206,6,E01009708,0,-1
2021991024829,2021,991024829,1,9,0,18,19,7,3,0,0,0,5,0,1,2,3,1,6,6,1,23,5,1997,1,19,PEUGEOT 206,2,-1,0,-1
2021522102672,2021,522102672,1,9,0,9,9,1,7,0,0,5,0,0,0,0,2,1,3,7,1,27,6,1360,1,16,PEUGEOT 206,1,E01014647,0,-1
2021052102429,2021,052102429,1,9,0,9,9,7,5,0,0,8,0,0,0,0,1,1,6,6,1,46,8,1360,1,16,PEUGEOT 206,2,E01006718,0,-1
2021471080905,2021,471080905,1,9,0,18,19,7,3,0,0,0,5,0,5,6,1,1,2,2,2,22,5,1587,1,16,PEUGEOT 206,9,E01031461,0,-1
2021010294878,2021,010294878,2,9,0,9,9,7,5,0,0,8,0,0,0,0,1,1,6,6,2,-1,-1,1360,1,16,PEUGEOT 206,-1,-1,0,-1
2021141048003,2021,141048003,6,9,0,2,2,0,0,0,0,0,0,0,0,0,2,1,6,6,3,-1,-1,1124,1,17,PEUGEOT 206,-1,-1,0,-1
2021520201652,2021,520201652,1,9,0,18,19,6,2,0,0,8,0,0,7,10,1,1,6,6,2,24,5,1360,1,16,PEUGEOT 206,4,E01029090,0,-1
2021010305093,2021,010305093,2,9,0,99,99,9,9,0,0,1,0,0,0,0,1,9,6,6,2,-1,-1,1997,1,17,PEUGEOT 206,9,E01030339,0,-1
2021010311657,2021,010311657,1,9,0,99,99,9,9,99,99,9,9,99,9,99,1,9,6,6,3,-1,-1,1587,1,19,PEUGEOT 206,-1,-1,0,-1
2021552101352,2021,552101352,1,9,0,17,19,6,2,0,0,0,5,0,0,0,4,1,6,6,1,22,5,1360,1,18,PEUGEOT 206,6,E01023070,0,-1
2021451117234,2021,451117234,1,9,0,18,19,8,4,1,1,0,0,0,0,0,1,1,2,2,2,44,7,1600,1,20,PEUGEOT 206,10,E01030343,0,-1
2021421050202,2021,421050202,2,9,0,9,9,8,6,0,0,1,0,0,0,0,3,1,5,6,2,57,9,1360,1,17,PEUGEOT 206,2,E01021486,0,-1
2021552100823,2021,552100823,1,9,0,9,9,8,6,0,0,5,0,0,0,0,4,1,6,6,1,56,9,1587,1,16,PEUGEOT 206,7,E01015391,0,-1
2021010343118,2021,010343118,1,9,0,9,9,1,6,0,0,3,0,0,0,0,1,1,1,1,1,45,7,1997,2,21,PEUGEOT 206,9,E01000775,0,-1
2021421060091,2021,421060091,1,9,0,18,19,7,3,0,0,0,1,0,0,0,1,1,6,6,1,37,7,1587,1,21,PEUGEOT 206,8,E01021911,0,-1
202131C140321,2021,31C140321,2,9,0,7,7,5,7,0,0,5,0,0,0,0,1,1,6,6,2,26,6,1587,1,16,PEUGEOT 206,3,E01013926,0,-1
2021622100253,2021,622100253,1,9,0,9,9,2,8,0,0,8,0,0,0,0,3,1,6,6,1,23,5,1360,1,14,PEUGEOT 206,8,W01001747,0,-1
202163D056521,2021,63D056521,1,9,0,16,19,5,8,0,0,0,5,0,7,10,3,1,6,6,2,26,6,1124,1,17,PEUGEOT 206,3,W01000479,0,-1
2021201104939,2021,201104939,2,9,0,2,2,0,0,0,0,0,0,0,0,0,1,1,6,6,2,34,6,1360,1,16,PEUGEOT 206,3,E01010479,0,-1
2021010304750,2021,010304750,1,9,0,9,9,3,1,4,4,0,0,0,0,0,4,1,6,6,2,28,6,1360,1,21,PEUGEOT 206,2,E01004226,0,-1
2021501098248,2021,501098248,1,9,0,18,19,3,7,0,0,0,0,0,0,0,1,1,6,6,1,28,6,1360,1,15,PEUGEOT 206,1,E01018910,0,-1
2021010328311,2021,010328311,1,9,0,99,99,9,9,99,99,9,9,99,9,99,9,9,6,6,1,27,6,1997,1,19,PEUGEOT 206,4,E01000608,0,-1
2021320048619,2021,320048619,1,9,0,18,19,3,7,0,0,0,1,0,7,0,2,1,2,2,2,30,6,1124,1,16,PEUGEOT 206,7,E01026089,0,-1
2021371090530,2021,371090530,3,9,0,2,2,5,5,0,0,0,0,0,0,0,2,1,6,6,3,-1,-1,1398,2,14,PEUGEOT 206,-1,-1,0,-1
2021411110080,2021,411110080,1,9,0,3,3,7,3,0,0,1,0,0,0,0,1,1,5,6,2,52,8,1360,1,20,PEUGEOT 206,6,E01023720,0,-1
2021549640621,2021,549640621,1,9,0,18,19,1,5,0,0,0,2,0,7,9,1,1,6,6,1,47,8,1360,1,17,PEUGEOT 206,6,E01032083,0,-1
2021461048186,2021,461048186,4,9,0,2,2,0,0,0,0,1,0,0,0,0,0,1,6,6,1,42,7,1360,1,17,PEUGEOT 206,6,E01024674,0,-1
2021201117151,2021,201117151,2,9,0,3,3,2,6,0,0,0,0,0,0,0,2,1,6,6,1,35,6,1997,1,19,PEUGEOT 206,3,E01010044,0,-1
2021501117261,2021,501117261,1,9,0,10,10,4,2,0,0,1,0,0,0,0,2,1,5,6,2,26,6,1398,2,16,PEUGEOT 206,6,E01019044,0,-1
2021542746221,2021,542746221,1,9,0,18,19,7,3,0,0,0,0,0,2,6,1,1,6,6,1,52,8,1587,1,15,PEUGEOT 206,2,E01031896,0,-1
2021522201642,2021,522201642,2,9,0,18,19,3,7,0,0,8,0,0,0,0,3,1,6,6,1,47,8,1997,1,18,PEUGEOT 206,8,E01014936,0,-1
2021061121488,2021,061121488,1,9,0,15,15,2,7,0,0,3,0,0,0,0,4,1,6,6,3,30,6,1360,1,17,PEUGEOT 206,-1,-1,0,-1
2021501102542,2021,501102542,2,9,0,9,9,4,8,0,0,1,0,0,0,0,2,1,5,6,2,64,9,1360,1,14,PEUGEOT 206,5,E01018947,0,-1
2021451013026,2021,451013026,2,9,0,18,19,5,1,0,0,1,0,0,0,0,1,1,5,6,1,33,6,1398,2,18,PEUGEOT 206,7,E01023224,0,-1
2021111042528,2021,111042528,1,9,0,18,19,5,1,0,0,1,0,0,0,0,1,1,6,6,3,30,6,1360,1,17,PEUGEOT 206,1,E01008331,0,-1
2021138421703,2021,138421703,2,9,0,4,4,2,6,0,0,1,0,0,0,0,1,1,6,6,2,20,4,1360,1,20,PEUGEOT 206,1,E01011003,0,-1
2021421088958,2021,421088958,2,9,0,16,19,1,5,0,0,0,0,0,0,0,1,1,2,2,1,66,10,1997,2,18,PEUGEOT 206,5,E01015926,0,-1
2021010300187,2021,010300187,2,9,0,5,5,5,1,0,0,0,0,4,0,0,2,1,6,6,1,18,4,1360,1,19,PEUGEOT 206,5,E01001682,0,-1
2021361015042,2021,361015042,1,9,0,9,9,7,5,0,0,1,0,0,0,0,1,1,1,1,1,47,8,1360,1,17,PEUGEOT 206,3,E01026601,0,-1
2021221069383,2021,221069383,2,9,0,9,9,1,7,0,0,8,0,0,0,0,1,1,5,6,1,52,8,1997,2,20,PEUGEOT 206,4,E01028992,0,-1
2021041012581,2021,041012581,2,9,0,4,4,5,1,0,0,2,0,0,0,0,2,1,6,6,1,24,5,1124,1,16,PEUGEOT 206,1,E01012595,0,-1
2021421016441,2021,421016441,1,9,0,18,19,7,5,0,0,1,0,0,0,0,1,1,6,6,2,63,9,1398,2,13,PEUGEOT 206,4,E01015972,0,-1
2021520104872,2021,520104872,1,9,0,17,19,1,5,0,0,0,0,0,0,0,1,1,6,6,1,19,4,1360,1,15,PEUGEOT 206,9,E01030772,0,-1
2021201107848,2021,201107848,1,9,0,17,19,1,6,0,0,0,0,10,1,4,1,1,6,6,1,27,6,1560,2,15,PEUGEOT 206,6,E01009532,0,-1
202134WNC0781,2021,34WNC0781,1,9,0,18,19,7,3,0,0,8,0,0,0,0,4,1,6,6,2,36,7,1360,1,18,PEUGEOT 206,-1,-1,0,-1
2021201133468,2021,201133468,2,9,0,3,3,6,2,0,0,1,0,0,0,0,2,1,6,6,1,70,10,1587,1,15,PEUGEOT 206,1,E01010295,0,-1
2021501046706,2021,501046706,1,9,0,18,19,5,1,0,0,0,5,0,0,0,1,1,5,6,1,18,4,1124,1,17,PEUGEOT 206,5,E01018947,0,-1
2021161022142,2021,161022142,2,9,0,18,19,4,8,0,0,0,0,0,0,0,2,1,6,6,1,55,8,1360,1,15,PEUGEOT 206,3,E01013272,0,-1