collision_index,collision_year,collision_ref_no,vehicle_reference,vehicle_type,towing_and_articulation,vehicle_manoeuvre_historic,vehicle_manoeuvre,vehicle_direction_from,vehicle_direction_to,vehicle_location_restricted_lane_historic,vehicle_location_restricted_lane,junction_location,skidding_and_overturning,hit_object_in_carriageway,vehicle_leaving_carriageway,hit_object_off_carriageway,first_point_of_impact,vehicle_left_hand_drive,journey_purpose_of_driver_historic,journey_purpose_of_driver,sex_of_driver,age_of_driver,age_band_of_driver,engine_capacity_cc,propulsion_code,age_of_vehicle,generic_make_model,driver_imd_decile,lsoa_of_driver,escooter_flag,driver_distance_banding
2021061053034,2021,061053034,2,9,0,3,3,1,5,0,0,1,0,0,0,0,4,1,1,1,2,25,5,1587,1,16,PEUGEOT 206,1,E01005253,0,-1
2021231063092,2021,231063092,2,9,0,4,4,3,7,0,0,1,0,0,0,0,2,1,5,6,2,42,7,1124,1,17,PEUGEOT 206,5,E01031050,0,-1
2021061034625,2021,061034625,2,9,0,18,19,4,8,0,0,1,0,0,0,0,1,1,6,6,1,18,4,1124,1,16,PEUGEOT 206,3,E01005441,0,-1
2021501068765,2021,501068765,1,9,0,16,19,1,4,0,0,0,1,0,1,10,1,1,5,6,1,30,6,-1,-1,-1,PEUGEOT 206,5,E01020340,0,-1
2021471109470,2021,471109470,1,9,0,18,19,3,7,0,0,1,0,0,0,0,4,1,5,6,1,45,7,1997,2,18,PEUGEOT 206,4,E01031809,0,-1
2021461121760,2021,461121760,2,9,0,11,11,3,7,0,0,0,0,0,1,0,2,1,6,6,2,24,5,1398,2,15,PEUGEOT 206,7,E01024131,0,-1
2021010335579,2021,010335579,1,9,0,10,10,3,1,0,0,5,0,0,0,0,1,9,6,6,3,47,8,1587,1,17,PEUGEOT 206,10,E01002952,0,-1
2021351127417,2021,351127417,1,9,0,7,7,4,7,9,9,0,1,10,1,0,1,1,5,6,2,31,6,1360,1,15,PEUGEOT 206,8,E01015626,0,-1
2021361032237,2021,361032237,1,9,0,13,13,5,1,0,0,0,0,0,1,0,3,1,5,6,1,22,5,1360,1,21,PEUGEOT 206,5,E01026433,0,-1
2021351046967,2021,351046967,1,9,0,5,5,4,8,0,0,8,0,0,0,0,4,1,2,2,1,22,5,1360,1,14,PEUGEOT 206,9,E01018124,0,-1
2021070090954,2021,070090954,1,9,0,16,19,6,2,0,0,0,1,0,7,11,1,2,6,6,1,43,7,1360,1,16,PEUGEOT 206,3,E01005760,0,-1
2021351092478,2021,351092478,1,9,0,18,19,7,3,0,0,0,0,0,0,0,1,1,6,6,2,50,8,1587,1,18,PEUGEOT 206,-1,-1,0,-1
2021101019928,2021,101019928,1,9,0,18,19,3,1,0,0,3,1,0,0,0,3,1,6,6,1,18,4,1360,1,15,PEUGEOT 206,2,E01027519,0,-1
202163B024121,2021,63B024121,1,9,0,17,19,3,8,0,0,0,5,0,2,10,4,1,1,1,2,27,6,1587,1,17,PEUGEOT 206,6,W01000541,0,-1
202131A036121,2021,31A036121,1,9,0,18,19,2,6,0,0,1,0,0,0,0,1,1,6,6,2,37,7,1124,1,17,PEUGEOT 206,2,E01027937,0,-1
2021430389399,2021,430389399,1,9,0,5,5,6,2,0,0,8,0,0,0,0,1,1,6,6,1,73,10,1587,1,14,PEUGEOT 206,6,E01028651,0,-1
2021010352315,2021,010352315,2,9,0,18,19,3,7,99,99,0,0,0,0,0,1,1,6,6,3,-1,-1,1587,1,17,PEUGEOT 206,-1,-1,0,-1
2021501096414,2021,501096414,1,9,0,18,19,7,3,0,0,0,0,0,0,0,1,1,5,6,1,41,7,1587,1,17,PEUGEOT 206,2,E01004873,0,-1
2021440381440,2021,440381440,2,9,0,18,19,3,1,0,0,6,0,0,0,0,1,1,6,6,2,23,5,1587,1,16,PEUGEOT 206,7,E01023271,0,-1
2021501105052,2021,501105052,2,9,0,18,19,5,3,0,0,4,0,0,0,0,4,1,5,6,1,30,6,1398,2,15,PEUGEOT 206,4,E01018965,0,-1
2021010319624,2021,010319624,2,9,0,2,2,0,0,0,0,0,0,0,1,4,1,1,6,6,3,-1,-1,1124,1,17,PEUGEOT 206,-1,-1,0,-1
2021131032722,2021,131032722,2,9,0,4,4,2,6,0,0,0,0,0,0,0,1,1,5,6,2,80,11,1360,1,20,PEUGEOT 206,1,E01011003,0,-1
2021501070360,2021,501070360,1,9,0,18,19,7,3,0,0,1,0,0,0,0,1,1,2,2,1,23,5,1398,2,17,PEUGEOT 206,5,E01020101,0,-1
2021471095984,2021,471095984,2,9,0,18,19,3,7,0,0,0,5,0,4,7,3,1,5,6,1,24,5,1360,1,18,PEUGEOT 206,7,E01031746,0,-1
2021050256835,2021,050256835,5,9,0,3,3,3,6,0,0,0,0,0,0,0,2,1,6,6,1,40,7,1124,1,16,PEUGEOT 206,8,E01007268,0,-1
2021991148752,2021,991148752,1,9,0,16,19,3,7,0,0,0,0,0,0,0,1,1,6,6,2,61,9,1398,2,14,PEUGEOT 206,7,-1,0,-1
2021522200399,2021,522200399,1,9,0,5,5,3,7,0,0,0,0,0,0,0,0,1,6,6,2,35,6,1124,1,16,PEUGEOT 206,3,E01014830,0,-1
2021201108596,2021,201108596,2,9,0,18,19,4,8,0,0,6,0,0,0,0,1,1,6,6,1,30,6,1997,1,18,PEUGEOT 206,5,E01029399,0,-1
2021421066866,2021,421066866,1,9,0,18,19,3,7,0,0,0,0,0,0,0,1,1,2,2,1,34,6,1360,1,20,PEUGEOT 206,8,E01021347,0,-1
2021122100157,2021,122100157,2,9,0,13,13,6,3,0,0,0,0,0,0,0,1,1,2,2,2,36,7,1398,2,19,PEUGEOT 206,8,E01027568,0,-1
2021451096662,2021,451096662,1,9,0,18,19,7,3,0,0,8,0,11,0,0,1,1,5,6,2,87,11,1360,1,15,PEUGEOT 206,8,E01030734,0,-1
2021371022480,2021,371022480,2,9,0,3,3,1,5,0,0,1,0,0,0,0,2,1,5,6,2,48,8,1360,1,19,PEUGEOT 206,8,E01018219,0,-1
2021411032078,2021,411032078,1,9,0,18,19,1,5,0,0,0,1,0,0,0,1,1,6,6,1,-1,-1,1124,1,19,PEUGEOT 206,2,E01009028,0,-1
2021161019464,2021,161019464,1,9,0,18,19,6,2,0,0,8,0,0,0,0,4,1,6,6,1,-1,-1,1997,2,16,PEUGEOT 206,4,E01012901,0,-1
2021451106554,2021,451106554,1,9,0,9,9,1,6,0,0,1,0,0,0,0,1,2,5,6,2,77,11,1124,1,17,PEUGEOT 206,6,E01030765,0,-1
202163C046921,2021,63C046921,2,9,0,18,19,6,2,0,0,8,0,0,0,0,1,1,6,6,2,55,8,1398,2,16,PEUGEOT 206,4,W01000605,0,-1
2021622100539,2021,622100539,1,8,0,18,19,8,4,0,0,0,0,0,0,0,0,1,6,6,1,69,10,1398,2,16,PEUGEOT 206,3,W01001145,0,-1
2021501104050,2021,501104050,1,9,0,17,19,6,3,0,0,0,5,0,7,11,3,1,2,2,2,45,7,1587,1,18,PEUGEOT 206,4,E01019064,0,-1
2021501115312,2021,501115312,1,9,0,16,19,8,6,0,0,0,1,0,0,0,1,1,5,6,1,19,4,1360,1,16,PEUGEOT 206,5,E01018981,0,-1
2021461131521,2021,461131521,2,9,0,18,19,5,1,0,0,8,0,0,0,0,2,1,6,6,2,75,10,1360,1,18,PEUGEOT 206,8,E01024259,0,-1
2021041016486,2021,041016486,1,9,0,18,19,7,3,0,0,0,1,0,0,0,1,1,5,6,2,31,6,1997,1,20,PEUGEOT 206,2,E01006112,0,-1
2021161035683,2021,161035683,3,9,0,18,19,3,7,0,0,1,0,0,0,0,1,1,6,6,1,38,7,1398,2,18,PEUGEOT 206,2,E01013143,0,-1
2021471086625,2021,471086625,2,9,0,2,2,0,0,0,0,0,0,0,0,0,2,1,6,6,3,-1,-1,1997,2,16,PEUGEOT 206,-1,-1,0,-1
2021430122278,2021,430122278,1,9,0,18,19,8,4,0,0,0,0,0,0,0,4,1,6,6,1,78,11,1587,1,15,PEUGEOT 206,-1,-1,0,-1
2021471106209,2021,471106209,1,9,0,9,9,5,3,0,0,8,0,0,0,0,3,1,5,6,2,18,4,1124,1,15,PEUGEOT 206,6,E01031825,0,-1
2021361128631,2021,361128631,1,9,0,9,9,1,7,0,0,0,0,0,0,0,3,1,5,6,1,74,10,2179,2,17,-1,6,E01026781,0,-1
2021421050768,2021,421050768,3,9,0,3,3,5,1,0,0,0,0,0,0,0,2,1,5,6,1,42,7,1997,2,14,-1,-1,-1,0,-1
2021101066466,2021,101066466,1,9,0,18,19,1,5,0,0,0,0,0,0,0,1,1,5,6,1,76,11,2179,2,19,-1,4,E01027433,0,-1
2021201165552,2021,201165552,3,9,0,18,19,5,1,0,0,8,0,0,0,0,1,1,6,6,1,57,9,-1,3,8,-1,8,E01009559,0,-1
2021622100033,2021,622100033,1,3,0,4,4,4,8,0,0,1,0,0,0,0,0,1,6,6,1,18,4,125,1,8,-1,3,W01001208,0,-1
2021430299644,2021,430299644,1,4,0,6,6,1,1,0,0,0,0,0,1,9,1,1,6,6,1,20,4,398,1,15,-1,10,E01017917,0,-1
2021461076587,2021,461076587,1,4,0,5,5,3,7,0,0,1,0,0,0,0,0,1,6,6,1,26,6,398,1,14,-1,5,E01016034,0,-1
2021440199334,2021,440199334,1,4,0,18,19,7,3,0,0,8,0,0,0,0,3,1,6,6,1,67,10,398,1,13,-1,3,E01022550,0,-1
2021451115081,2021,451115081,1,4,0,18,19,2,6,0,0,0,1,11,0,0,1,1,5,6,1,31,6,398,1,20,-1,5,E01023838,0,-1
2021122100908,2021,122100908,1,4,0,18,19,7,3,0,0,0,0,12,7,0,1,1,6,6,1,35,6,398,1,13,-1,1,E01010713,0,-1
202163D055421,2021,63D055421,1,90,0,18,19,4,8,0,0,0,0,0,1,7,4,1,6,6,1,44,7,-1,-1,-1,-1,3,E01013944,0,-1
2021451050214,2021,451050214,1,5,0,17,19,1,5,0,0,0,2,0,1,0,1,1,5,6,1,43,7,955,1,19,-1,10,E01022776,0,-1
2021531050568,2021,531050568,2,5,0,4,4,1,5,0,0,1,5,0,0,0,2,1,5,6,1,61,9,955,1,17,-1,10,E01028464,0,-1
2021451089162,2021,451089162,1,5,0,18,19,5,1,0,0,0,2,10,0,0,4,1,6,6,1,41,7,955,1,17,-1,5,E01030974,0,-1
2021501049036,2021,501049036,2,5,0,13,13,5,1,0,0,1,0,0,0,0,1,1,6,6,1,57,9,2458,1,1,MAKE AND MODEL REDACTED,4,E01020252,0,-1
2021161091950,2021,161091950,1,5,0,18,19,3,7,0,0,0,0,0,0,0,1,1,5,6,1,71,10,2294,1,15,MAKE AND MODEL REDACTED,6,E01013085,0,-1
2021622100697,2021,622100697,1,5,0,18,19,2,6,0,0,1,1,0,0,0,3,1,6,6,1,40,7,2294,1,14,MAKE AND MODEL REDACTED,4,W01000718,0,-1
2021520200341,2021,520200341,2,5,0,18,19,4,8,0,0,8,0,0,1,0,1,1,6,6,1,67,10,2294,1,10,MAKE AND MODEL REDACTED,5,E01029286,0,-1
2021010324120,2021,010324120,2,5,0,15,15,5,1,0,0,0,0,0,0,0,1,1,6,6,1,38,7,2294,1,10,MAKE AND MODEL REDACTED,2,E01000034,0,-1
2021501058705,2021,501058705,2,5,0,18,19,4,8,0,0,8,0,0,0,0,1,1,6,6,1,57,9,2294,1,13,MAKE AND MODEL REDACTED,6,E01020033,0,-1
2021440384718,2021,440384718,1,5,0,14,14,7,3,0,0,1,0,0,0,0,1,1,6,6,1,65,9,2294,1,14,MAKE AND MODEL REDACTED,10,E01022794,0,-1
2021161109777,2021,161109777,1,5,0,18,19,1,5,0,0,0,1,0,0,0,4,1,5,6,1,57,9,2294,1,16,MAKE AND MODEL REDACTED,7,E01027860,0,-1
2021371096460,2021,371096460,1,5,0,18,19,1,5,0,0,0,0,0,0,0,4,1,1,1,1,31,6,890,1,0,-1,10,E01030075,0,-1
2021201117116,2021,201117116,2,5,0,18,19,6,2,0,0,8,0,0,0,0,1,1,6,6,1,32,6,598,1,25,YAMAHA Model Missing,2,E01010560,0,-1
2021041092276,2021,041092276,2,5,0,18,19,5,1,0,0,8,0,0,0,0,1,1,5,6,1,70,10,649,1,23,YAMAHA Model Missing,2,E01012591,0,-1
2021371086060,2021,371086060,2,3,0,18,19,1,5,0,0,1,0,0,0,0,1,1,2,2,1,31,6,79,1,37,YAMAHA Model Missing,4,E01030295,0,-1
2021501063181,2021,501063181,1,4,0,18,19,1,5,0,0,0,0,0,0,0,1,1,5,6,1,64,9,200,1,35,YAMAHA Model Missing,2,E01018857,0,-1
2021041127585,2021,041127585,1,5,0,16,19,7,3,0,0,0,1,0,0,0,1,1,5,6,1,60,9,1063,1,25,YAMAHA Model Missing,8,E01025174,0,-1
2021520102174,2021,520102174,2,5,0,18,19,4,8,0,0,8,0,0,0,0,4,1,6,6,1,58,9,598,1,37,YAMAHA Model Missing,6,E01029320,0,-1
2021471053489,2021,471053489,1,5,0,18,19,8,4,0,0,0,0,0,0,0,1,1,5,6,1,45,7,849,1,21,YAMAHA Model Missing,4,E01000978,0,-1
2021351096902,2021,351096902,1,5,0,4,4,4,8,0,0,0,0,0,0,0,4,1,5,6,1,55,8,1854,1,9,YAMAHA Model Missing,9,E01022072,0,-1
2021401046122,2021,401046122,2,5,0,16,19,1,5,0,0,0,2,0,0,0,0,1,2,2,1,40,7,535,1,28,YAMAHA Model Missing,9,E01018154,0,-1
202163AF01921,2021,63AF01921,2,5,0,18,19,1,5,0,0,8,0,0,0,0,1,1,6,6,1,60,9,-1,-1,-1,YAMAHA Model Missing,5,W01000725,0,-1
2021531022064,2021,531022064,1,5,0,18,19,4,8,0,0,0,2,0,0,0,1,1,6,6,1,27,6,892,1,27,YAMAHA Model Missing,4,E01022188,0,-1
2021041066673,2021,041066673,2,5,0,18,19,6,2,0,0,8,0,0,0,0,2,1,6,6,1,67,10,599,1,25,YAMAHA Model Missing,9,E01025600,0,-1
2021371112007,2021,371112007,2,5,0,18,19,8,4,0,0,0,0,0,0,0,2,1,5,6,2,60,9,1002,1,25,YAMAHA Model Missing,7,E01024801,0,-1
2021041059554,2021,041059554,2,5,0,18,19,2,6,0,0,1,1,0,0,0,1,1,2,2,1,32,6,891,1,33,YAMAHA Model Missing,1,E01025083,0,-1
2021052102825,2021,052102825,1,17,0,9,9,1,7,0,0,8,5,0,0,0,4,1,6,6,1,29,6,700,1,6,-1,2,E01006845,0,-1
2021401071919,2021,401071919,1,5,0,5,5,3,7,0,0,8,0,0,2,0,4,1,5,6,1,45,7,-1,-1,-1,YAMAHA Model Missing,-1,-1,0,-1
2021371051901,2021,371051901,2,5,0,18,19,4,8,0,0,2,5,0,0,0,1,1,2,2,1,22,5,550,1,31,YAMAHA Model Missing,3,E01029962,0,-1
2021052102108,2021,052102108,1,97,0,18,19,4,8,0,0,1,0,0,0,0,1,1,6,6,1,53,8,599,1,24,-1,3,E01007219,0,-1
2021520102943,2021,520102943,1,3,0,18,19,6,4,0,0,8,0,0,0,0,4,1,6,6,1,63,9,653,1,41,YAMAHA Model Missing,6,E01020508,0,-1
2021351107431,2021,351107431,2,5,0,13,13,7,3,0,0,0,1,0,0,0,4,1,1,1,1,52,8,892,1,26,YAMAHA Model Missing,-1,-1,0,-1
2021052102451,2021,052102451,1,90,0,18,19,5,1,0,0,0,0,0,0,0,4,1,6,6,1,31,6,-1,-1,-1,YAMAHA Model Missing,1,E01006638,0,-1
2021061073655,2021,061073655,2,4,0,18,19,3,7,0,0,6,1,0,0,0,1,1,5,6,2,52,8,400,1,25,YAMAHA Model Missing,5,E01005728,0,-1
2021061053964,2021,061053964,2,4,0,11,11,1,5,0,0,0,0,0,0,0,4,1,6,6,2,30,6,399,1,31,YAMAHA Model Missing,2,E01004922,0,-1
2021531061512,2021,531061512,1,5,0,16,19,1,5,0,0,0,0,0,0,0,1,1,5,6,1,73,10,598,1,29,YAMAHA Model Missing,6,E01022235,0,-1
2021061035218,2021,061035218,2,5,0,18,19,2,7,0,0,8,0,0,0,0,1,1,5,6,1,28,6,1188,1,30,YAMAHA Model Missing,1,E01006052,0,-1
2021501091372,2021,501091372,2,5,0,18,19,7,2,0,0,8,0,0,0,0,4,1,5,6,1,27,6,599,1,19,YAMAHA Model Missing,3,E01019062,0,-1
2021361052089,2021,361052089,2,5,0,-1,-1,-1,-1,-1,-1,-1,-1,-1,-1,0,-1,1,1,1,1,49,8,650,1,14,YAMAHA Model Missing,2,E01026633,0,-1
2021010305741,2021,010305741,3,9,0,2,2,0,0,6,6,0,0,0,0,0,1,1,6,6,3,-1,-1,3982,1,2,-1,-1,-1,0,-1
2021010309915,2021,010309915,3,9,0,99,99,9,9,99,99,9,9,99,9,99,1,9,6,6,3,-1,-1,4282,1,14,-1,-1,-1,0,-1
2021411023120,2021,411023120,1,9,0,12,12,2,6,0,0,0,0,0,0,0,3,1,5,6,1,29,6,3993,1,4,-1,2,E01002784,0,-1
2021520201213,2021,520201213,2,9,0,4,4,5,1,0,0,4,0,0,0,0,2,1,6,6,1,50,8,3993,1,7,-1,-1,-1,0,-1
2021010343739,2021,010343739,1,9,0,9,9,1,7,0,0,2,0,0,0,0,1,1,6,6,1,27,6,3993,1,4,-1,6,E01003437,0,-1
2021010300300,2021,010300300,1,9,0,4,4,1,5,0,0,0,0,0,7,0,3,1,6,6,2,35,6,1984,1,11,AUDI TT,9,E01000804,0,-1
2021010337075,2021,010337075,1,9,0,3,3,3,7,1,1,0,0,0,0,0,2,2,6,6,2,33,6,1781,1,17,AUDI TT,5,E01003703,0,-1
2021531113436,2021,531113436,1,9,0,5,5,4,8,0,0,0,0,0,0,0,1,1,5,6,1,52,8,3189,1,17,AUDI TT,7,E01022206,0,-1
2021070302945,2021,070302945,2,9,0,4,4,3,7,0,0,1,0,0,0,0,2,1,6,6,2,50,8,1984,1,1,AUDI TT,9,E01018676,0,-1
2021522200765,2021,522200765,2,9,0,18,19,6,2,0,0,8,0,0,0,0,1,1,6,6,1,49,8,1781,1,17,AUDI TT,4,E01014542,0,-1
202163A030621,2021,63A030621,1,9,0,18,19,2,6,0,0,2,0,0,0,0,1,1,2,2,1,50,8,1984,1,6,AUDI TT,7,W01000731,0,-1
2021471091749,2021,471091749,1,9,0,9,9,8,6,0,0,6,0,0,0,0,2,1,6,6,1,41,7,3189,1,14,AUDI TT,6,E01031687,0,-1
2021041037048,2021,041037048,1,9,0,9,9,5,1,0,0,0,0,0,0,0,3,1,2,2,1,35,6,1781,1,20,AUDI TT,6,E01025507,0,-1
2021991028730,2021,991028730,3,9,0,2,2,0,0,6,6,0,0,0,0,0,1,1,6,6,3,-1,-1,1984,1,14,AUDI TT,-1,-1,0,-1
202134WNC2181,2021,34WNC2181,1,9,0,7,7,5,1,0,0,8,0,0,0,0,4,1,6,6,1,33,6,1781,1,20,AUDI TT,1,E01027199,0,-1
2021010304486,2021,010304486,1,9,0,99,99,9,9,99,99,9,9,99,9,99,9,9,6,6,1,25,5,1984,1,15,AUDI TT,4,E01001179,0,-1
2021010319026,2021,010319026,1,9,0,18,19,7,3,0,0,0,0,0,0,0,1,1,2,2,1,23,5,1984,1,7,AUDI TT,5,E01021551,0,-1
2021320263371,2021,320263371,1,9,0,11,11,8,4,0,0,1,0,0,0,0,4,1,1,1,2,39,7,1968,2,11,AUDI TT,8,E01026212,0,-1
2021451119460,2021,451119460,2,9,0,18,19,1,5,0,0,0,0,0,0,0,1,1,6,6,1,25,5,1984,1,14,AUDI TT,-1,-1,0,-1
2021421127740,2021,421127740,4,9,0,2,2,0,0,0,0,0,0,0,0,0,4,1,6,6,3,-1,-1,1781,1,19,AUDI TT,-1,-1,0,-1
2021041031258,2021,041031258,2,9,0,2,2,1,1,9,9,0,0,0,0,0,4,1,6,6,3,-1,-1,1781,1,15,AUDI TT,-1,-1,0,-1
202131D059321,2021,31D059321,1,9,0,4,4,5,1,0,0,5,0,0,0,0,2,1,6,6,2,61,9,1968,2,12,AUDI TT,5,E01027946,0,-1
2021411067510,2021,411067510,2,9,0,4,4,7,3,0,0,0,0,0,0,0,2,1,2,2,2,52,8,1984,1,4,AUDI TT,8,E01001604,0,-1
2021501150243,2021,501150243,3,9,0,18,19,3,7,0,0,0,0,0,0,0,3,1,5,6,2,59,9,1781,1,21,AUDI TT,5,E01018992,0,-1
2021131124212,2021,131124212,2,9,0,18,19,3,3,0,0,4,0,0,0,0,3,1,6,6,1,33,6,1984,1,13,AUDI TT,9,E01010642,0,-1
2021421100911,2021,421100911,1,9,0,16,19,3,7,0,0,1,0,0,0,0,1,1,5,6,2,21,5,1781,1,20,AUDI TT,10,E01021929,0,-1
2021411060366,2021,411060366,2,9,0,18,19,7,3,0,0,0,0,0,0,0,0,1,6,6,2,20,4,1984,1,11,AUDI TT,3,E01023873,0,-1
2021010309849,2021,010309849,2,9,0,18,19,1,5,0,0,8,0,0,0,0,1,1,6,6,1,40,7,1781,1,21,AUDI TT,2,E01002368,0,-1
2021461105408,2021,461105408,1,9,0,5,5,5,7,0,0,4,0,0,0,0,0,1,5,6,2,23,5,1984,1,14,AUDI TT,7,E01024388,0,-1
2021041072074,2021,041072074,4,9,0,4,4,4,8,0,0,1,0,0,0,0,3,1,5,6,2,61,9,1968,2,12,AUDI TT,6,E01012730,0,-1
2021401038135,2021,401038135,1,9,0,18,19,5,1,0,0,0,0,0,0,0,1,1,2,2,1,48,8,1984,1,12,AUDI TT,6,E01017554,0,-1
2021371057963,2021,371057963,1,9,0,18,19,4,8,0,0,0,1,0,0,0,1,1,6,6,1,20,4,1984,1,14,AUDI TT,8,E01030042,0,-1
2021451068207,2021,451068207,1,9,0,18,19,7,3,0,0,1,0,0,0,0,1,1,5,6,1,60,9,1781,1,16,AUDI TT,1,E01003761,0,-1
2021010318500,2021,010318500,1,9,0,18,19,8,4,0,0,2,0,0,0,0,1,1,6,6,1,31,6,1984,1,15,AUDI TT,-1,-1,0,-1
2021041067381,2021,041067381,2,9,0,18,19,7,3,0,0,1,0,0,0,0,1,1,5,6,1,55,8,3189,1,18,AUDI TT,4,E01005957,0,-1
2021520200970,2021,520200970,6,9,0,2,2,0,0,0,0,0,0,0,0,0,1,1,6,6,3,-1,-1,1781,1,17,AUDI TT,-1,-1,0,-1
2021010307522,2021,010307522,1,9,0,99,99,9,9,99,99,9,9,99,9,99,9,9,6,6,2,25,5,1968,2,4,AUDI TT,3,E01002457,0,-1
2021351014243,2021,351014243,2,9,0,18,19,7,3,0,0,0,0,0,0,0,1,1,6,6,2,27,6,1984,1,2,AUDI TT,10,E01033428,0,-1
2021320326118,2021,320326118,3,9,0,18,19,7,3,0,0,1,0,0,0,0,2,1,6,6,1,40,7,1781,1,18,AUDI TT,6,E01026252,0,-1
2021201065961,2021,201065961,1,9,0,18,19,2,6,0,0,1,0,0,0,0,1,1,6,6,1,38,7,3189,1,17,AUDI TT,2,E01009158,0,-1
2021231018354,2021,231018354,1,9,0,18,19,2,6,0,0,0,1,0,1,4,1,1,5,6,1,54,8,1781,1,21,AUDI TT,9,E01031161,0,-1
2021201142266,2021,201142266,2,9,0,2,2,0,0,0,0,0,0,0,0,0,1,1,6,6,2,-1,-1,1984,1,14,AUDI TT,-1,-1,0,-1
2021471079488,2021,471079488,2,9,0,2,2,0,0,0,0,1,0,0,0,0,2,1,6,6,3,-1,-1,1984,1,9,AUDI TT,-1,-1,0,-1
2021471073772,2021,471073772,2,9,0,18,19,4,8,0,0,3,0,0,0,0,1,1,5,6,2,54,8,1781,1,18,AUDI TT,6,E01031676,0,-1
2021010319492,2021,010319492,2,9,0,18,19,7,3,0,0,8,0,0,0,0,4,1,6,6,2,26,6,1781,1,19,AUDI TT,9,E01023426,0,-1
2021010323434,2021,010323434,2,9,0,18,19,1,5,0,0,0,0,0,0,0,3,1,6,6,1,34,6,1781,1,21,AUDI TT,3,E01001213,0,-1
2021371109811,2021,371109811,1,9,0,7,7,2,5,0,0,0,0,0,0,0,4,1,6,6,2,50,8,1984,1,2,AUDI TT,6,E01029925,0,-1
2021010309565,2021,010309565,1,9,0,18,19,1,5,0,0,2,0,0,0,0,1,1,6,6,1,21,5,1781,1,17,AUDI TT,3,E01000719,0,-1
2021010299906,2021,010299906,1,9,0,18,19,1,5,0,0,1,0,0,0,0,1,1,6,6,1,24,5,1781,1,18,AUDI TT,1,E01004541,0,-1
2021421045640,2021,421045640,4,9,0,18,19,8,4,0,0,0,1,0,0,0,1,1,6,6,1,25,5,1984,1,13,AUDI TT,3,E01015758,0,-1
2021430445786,2021,430445786,1,9,0,9,9,6,4,0,0,6,0,0,0,0,4,1,6,6,2,30,6,1984,1,1,AUDI TT,-1,-1,0,-1
2021161099872,2021,161099872,1,9,0,9,9,5,2,0,0,8,0,0,0,0,1,1,2,2,1,35,6,1781,1,16,AUDI TT,3,E01013310,0,-1
2021421037216,2021,421037216,1,9,0,18,19,5,1,0,0,0,0,0,0,0,1,1,6,6,1,35,6,1781,1,20,AUDI TT,4,E01021698,0,-1
2021461018345,2021,461018345,1,9,0,17,19,1,5,0,0,0,1,0,7,0,1,1,5,6,1,32,6,1781,1,16,AUDI TT,7,E01024157,0,-1
2021421120085,2021,421120085,1,9,0,9,9,1,5,0,0,8,0,0,7,0,3,1,5,6,1,55,8,1781,1,16,AUDI TT,3,E01015891,0,-1
2021031075185,2021,031075185,2,9,0,13,13,1,5,0,0,0,0,0,0,0,0,1,6,6,2,37,7,1781,1,21,AUDI TT,9,E01019300,0,-1
2021461056669,2021,461056669,2,9,0,3,3,2,6,0,0,0,0,0,0,0,2,1,6,6,1,25,5,1798,1,11,AUDI TT,4,E01032808,0,-1
2021141085486,2021,141085486,1,9,0,18,19,1,1,0,0,0,0,0,0,0,1,1,6,6,1,34,6,1781,1,20,AUDI TT,4,E01008161,0,-1
2021451054215,2021,451054215,2,9,0,18,19,4,2,0,0,0,0,0,0,0,0,1,6,6,1,54,8,1798,1,3,AUDI TT,8,E01003445,0,-1
2021010306837,2021,010306837,2,9,0,99,99,9,9,99,99,9,9,99,9,99,1,9,6,6,2,-1,-1,3189,1,14,AUDI TT,6,E01000196,0,-1
2021522103579,2021,522103579,1,9,0,10,10,8,5,0,0,1,0,0,0,0,2,1,6,6,2,22,5,1968,2,7,AUDI TT,10,E01032763,0,-1
202131C008521,2021,31C008521,2,9,0,18,19,2,6,0,0,8,0,0,0,0,1,1,2,2,2,37,7,1968,2,12,AUDI TT,3,E01013915,0,-1
2021138390727,2021,138390727,1,9,0,4,4,7,3,0,0,1,0,0,0,0,1,1,6,6,1,62,9,1984,1,13,AUDI TT,2,E01032492,0,-1
2021451037545,2021,451037545,2,9,0,18,19,7,3,0,0,6,0,0,0,0,1,1,6,6,1,35,6,1984,1,9,AUDI TT,3,E01001156,0,-1
2021010318516,2021,010318516,1,9,0,12,12,7,3,0,0,0,5,0,0,0,1,1,6,6,1,28,6,1984,1,13,AUDI TT,3,E01000222,0,-1
2021421074187,2021,421074187,1,9,0,1,1,7,3,0,0,0,0,0,0,0,2,1,6,6,2,30,6,1984,1,12,AUDI TT,-1,-1,0,-1
2021440232494,2021,440232494,2,9,0,4,4,3,7,0,0,0,0,0,0,0,2,1,1,1,2,58,9,1781,1,19,AUDI TT,4,E01022845,0,-1
2021010306610,2021,010306610,2,9,0,99,99,9,9,99,99,9,9,99,9,99,1,9,6,6,3,-1,-1,3189,1,15,AUDI TT,3,E01001728,0,-1