collision_index,collision_year,collision_ref_no,vehicle_reference,vehicle_type,towing_and_articulation,vehicle_manoeuvre_historic,vehicle_manoeuvre,vehicle_direction_from,vehicle_direction_to,vehicle_location_restricted_lane_historic,vehicle_location_restricted_lane,junction_location,skidding_and_overturning,hit_object_in_carriageway,vehicle_leaving_carriageway,hit_object_off_carriageway,first_point_of_impact,vehicle_left_hand_drive,journey_purpose_of_driver_historic,journey_purpose_of_driver,sex_of_driver,age_of_driver,age_band_of_driver,engine_capacity_cc,propulsion_code,age_of_vehicle,generic_make_model,driver_imd_decile,lsoa_of_driver,escooter_flag,driver_distance_banding
2021451094138,2021,451094138,2,9,0,4,4,3,7,0,0,1,0,0,0,0,2,1,2,2,1,45,7,2143,2,4,MERCEDES GLC CLASS,4,E01030816,0,-1
2021061048008,2021,061048008,1,9,0,10,10,7,5,0,0,6,0,0,0,0,1,1,6,6,1,41,7,2143,2,3,MERCEDES GLC CLASS,9,E01005713,0,-1
2021991017741,2021,991017741,2,9,0,18,19,7,3,0,0,1,0,0,7,0,1,1,5,6,1,75,10,2143,2,2,MERCEDES GLC CLASS,10,-1,0,-1
202163A100121,2021,63A100121,2,9,0,4,4,2,6,0,0,0,0,0,0,0,2,1,6,6,1,65,9,2143,2,4,MERCEDES GLC CLASS,2,W01000638,0,-1
2021302101499,2021,302101499,1,9,0,18,19,8,4,0,0,0,1,10,2,4,4,1,6,6,1,27,6,2143,2,4,MERCEDES GLC CLASS,4,E01019710,0,-1
2021010312633,2021,010312633,1,9,0,99,99,9,9,99,99,9,9,99,9,99,9,9,6,6,1,24,5,2143,2,5,MERCEDES GLC CLASS,1,E01002760,0,-1
2021991076455,2021,991076455,1,9,0,17,19,8,4,0,0,0,2,0,4,6,1,1,5,6,1,52,8,2143,2,4,MERCEDES GLC CLASS,4,E01008274,0,-1
2021991114786,2021,991114786,2,9,0,18,19,7,3,0,0,1,0,0,0,0,1,1,5,6,1,61,9,2987,2,4,MERCEDES GLC CLASS,9,-1,0,-1
2021010327831,2021,010327831,2,9,0,18,19,4,8,0,0,0,0,0,0,0,2,1,6,6,1,41,7,1950,2,1,MERCEDES GLC CLASS,2,E01004237,0,-1
2021430270981,2021,430270981,2,9,0,18,19,8,4,0,0,0,0,0,0,0,1,1,6,6,2,-1,-1,2143,2,2,MERCEDES GLC CLASS,6,E01030759,0,-1
202134WNC2011,2021,34WNC2011,2,9,0,7,7,3,7,0,0,3,0,0,0,0,4,1,6,6,2,46,8,2143,2,5,MERCEDES GLC CLASS,8,E01031162,0,-1
2021552101178,2021,552101178,2,9,0,2,2,0,0,0,0,0,0,0,0,0,1,1,6,6,3,-1,-1,2143,2,4,MERCEDES GLC CLASS,-1,-1,0,-1
2021430133071,2021,430133071,1,9,0,5,5,2,8,0,0,2,0,0,0,0,1,1,6,6,2,40,7,2143,2,3,MERCEDES GLC CLASS,5,E01032555,0,-1
2021010296479,2021,010296479,2,9,0,99,99,9,9,99,99,9,9,99,9,99,1,9,6,6,3,26,6,2143,2,2,MERCEDES GLC CLASS,1,E01002034,0,-1
2021440074604,2021,440074604,3,9,0,18,19,7,3,0,0,0,0,0,0,0,1,1,6,6,1,58,9,2143,2,5,MERCEDES GLC CLASS,6,E01017200,0,-1
2021401122163,2021,401122163,2,9,0,8,8,3,7,0,0,4,0,0,0,0,4,1,6,6,1,36,7,2143,2,3,MERCEDES GLC CLASS,6,E01017616,0,-1
2021991022567,2021,991022567,1,9,0,16,19,6,2,0,0,0,0,0,1,11,1,1,6,6,1,27,6,1991,1,2,MERCEDES GLC CLASS,2,-1,0,-1
2021461027245,2021,461027245,1,9,0,18,19,7,3,0,0,0,2,0,7,4,1,1,1,1,1,42,7,1991,1,2,MERCEDES GLC CLASS,7,E01000693,0,-1
2021991103904,2021,991103904,2,9,0,18,19,5,1,0,0,0,1,0,0,0,3,1,5,6,1,77,11,2143,2,5,MERCEDES GLC CLASS,-1,-1,0,-1
2021010323595,2021,010323595,1,9,0,4,4,5,1,0,0,0,0,0,0,0,1,1,6,6,2,27,6,2987,2,4,MERCEDES GLC CLASS,9,E01021446,0,-1
2021302100609,2021,302100609,1,9,0,18,19,2,6,9,9,0,0,0,0,0,3,1,6,6,3,-1,-1,1950,2,0,MERCEDES GLC CLASS,5,E01019456,0,-1
2021010352782,2021,010352782,1,9,0,99,99,9,9,99,99,9,9,99,9,99,2,9,6,6,1,33,6,2143,2,3,MERCEDES GLC CLASS,3,E01003431,0,-1
202163D018421,2021,63D018421,2,9,0,18,19,1,5,0,0,8,0,0,0,0,3,1,6,6,2,30,6,1950,2,2,MERCEDES GLC CLASS,8,W01000439,0,-1
2021471126505,2021,471126505,1,9,0,18,19,7,3,0,0,0,0,12,0,0,2,1,5,6,2,46,8,1950,2,1,MERCEDES GLC CLASS,7,E01031351,0,-1
2021451049827,2021,451049827,2,9,0,14,14,5,1,0,0,1,0,0,0,0,1,1,5,6,2,39,7,1991,8,1,MERCEDES GLC CLASS,10,E01016604,0,-1
2021010288480,2021,010288480,1,9,0,5,5,5,1,0,0,6,0,0,0,0,1,1,6,6,2,50,8,2143,2,3,MERCEDES GLC CLASS,3,E01000866,0,-1
2021010306752,2021,010306752,1,9,9,99,99,9,9,99,99,9,9,99,9,99,2,9,2,2,1,35,6,2143,2,4,MERCEDES GLC CLASS,6,E01015721,0,-1
2021421119799,2021,421119799,2,9,0,18,19,3,7,0,0,0,0,0,0,0,1,1,6,6,2,65,9,1991,1,2,MERCEDES GLC CLASS,10,E01021941,0,-1
2021010332078,2021,010332078,2,9,0,18,19,1,5,0,0,1,0,0,0,0,2,1,2,2,1,51,8,2143,2,5,MERCEDES GLC CLASS,2,E01001181,0,-1
20211381C0760,2021,1381C0760,2,9,0,18,19,4,8,0,0,0,0,0,1,9,1,1,6,6,1,51,8,2143,2,4,MERCEDES GLC CLASS,9,E01011905,0,-1
2021070462061,2021,070462061,1,9,0,18,19,3,7,0,0,8,0,0,0,0,0,1,6,6,1,79,11,1950,2,2,MERCEDES GLC CLASS,6,E01018514,0,-1
2021430020302,2021,430020302,1,9,0,18,19,3,7,0,0,0,0,0,0,0,1,1,6,6,1,-1,-1,1950,2,2,MERCEDES GLC CLASS,-1,-1,0,-1
2021522103858,2021,522103858,3,9,0,3,3,1,5,0,0,0,0,0,0,0,2,1,6,6,1,46,8,2143,2,4,MERCEDES GLC CLASS,5,E01014534,0,-1
2021991090622,2021,991090622,2,9,0,4,4,2,6,0,0,0,0,0,0,0,2,1,5,6,2,43,7,2143,2,3,MERCEDES GLC CLASS,7,-1,0,-1
2021010310258,2021,010310258,2,9,0,18,19,3,7,0,0,2,0,0,0,0,3,1,6,6,1,40,7,2143,2,4,MERCEDES GLC CLASS,2,E01000097,0,-1
2021471091147,2021,471091147,3,9,0,4,4,5,1,0,0,0,0,0,0,0,2,1,6,6,2,40,7,2143,2,5,MERCEDES GLC CLASS,8,E01021209,0,-1
2021302101697,2021,302101697,2,9,0,18,19,8,4,0,0,2,0,0,0,0,4,1,6,6,1,-1,-1,2143,2,3,MERCEDES GLC CLASS,7,E01019472,0,-1
2021440349338,2021,440349338,2,9,0,9,9,3,1,0,0,3,0,0,0,0,2,1,6,6,2,28,6,2143,2,4,MERCEDES GLC CLASS,4,E01017260,0,-1
2021471028642,2021,471028642,1,9,0,1,1,4,2,0,0,0,0,0,0,0,2,1,6,6,1,21,5,2143,2,3,MERCEDES GLC CLASS,5,E01031611,0,-1
2021161092181,2021,161092181,2,9,0,5,5,1,5,0,0,0,0,0,0,0,1,1,6,6,2,50,8,2987,2,3,MERCEDES GLC CLASS,7,E01013096,0,-1
2021010352005,2021,010352005,1,9,0,18,19,5,1,0,0,4,5,10,0,0,0,1,2,2,1,32,6,2143,2,3,MERCEDES GLC CLASS,4,E01001956,0,-1
2021440352536,2021,440352536,2,9,0,10,10,3,7,0,0,1,0,0,0,0,2,1,6,6,2,65,9,2143,2,5,MERCEDES GLC CLASS,10,E01022707,0,-1
2021061093658,2021,061093658,2,9,0,2,2,0,0,0,0,2,0,0,0,0,4,1,6,6,1,29,6,1991,1,2,MERCEDES GLC CLASS,1,E01005539,0,-1
2021010319082,2021,010319082,2,9,0,99,99,9,9,99,99,9,9,99,9,99,1,9,6,6,3,31,6,2143,2,2,MERCEDES GLC CLASS,2,E01001151,0,-1
2021461030218,2021,461030218,1,9,0,18,19,5,1,0,0,0,0,0,0,0,1,1,6,6,1,31,6,2143,2,4,MERCEDES GLC CLASS,7,E01024140,0,-1
2021041023433,2021,041023433,1,9,0,18,19,2,2,0,0,0,0,0,0,0,1,1,3,7,2,37,7,2143,2,4,MERCEDES GLC CLASS,7,E01025033,0,-1
2021010313111,2021,010313111,3,9,0,4,4,1,5,0,0,1,0,0,0,0,1,1,6,6,2,53,8,2143,2,4,MERCEDES GLC CLASS,5,E01021770,0,-1
2021201023399,2021,201023399,2,9,0,18,19,2,6,0,0,0,0,4,0,0,1,1,2,2,1,31,6,1950,2,1,MERCEDES GLC CLASS,8,E01009806,0,-1
2021211030241,2021,211030241,1,9,0,1,1,-1,-1,-1,-1,0,-1,-1,-1,0,1,1,6,6,3,-1,-1,2143,2,3,MERCEDES GLC CLASS,-1,-1,0,-1
2021061048848,2021,061048848,1,9,0,18,19,3,7,0,0,1,0,0,0,0,1,1,6,6,3,30,6,2143,2,4,MERCEDES GLC CLASS,-1,-1,0,-1
2021131048503,2021,131048503,2,9,0,2,2,7,3,0,0,2,0,0,0,0,2,1,3,7,2,50,8,2143,2,6,MERCEDES GLC CLASS,3,E01011601,0,-1
2021010330673,2021,010330673,1,9,0,99,99,9,9,99,99,9,9,99,9,99,9,9,6,6,1,29,6,2143,2,5,MERCEDES GLC CLASS,3,E01000052,0,-1
2021622100230,2021,622100230,2,9,0,10,10,2,6,0,0,1,0,0,0,0,2,1,6,6,2,51,8,1950,2,0,MERCEDES GLC CLASS,9,W01001745,0,-1
2021201026034,2021,201026034,3,9,0,18,19,7,3,0,0,0,0,0,0,0,1,1,2,2,1,57,9,2143,2,5,MERCEDES GLC CLASS,10,E01010190,0,-1
2021471050325,2021,471050325,1,9,0,7,7,1,3,0,0,2,0,0,0,0,1,1,5,6,1,55,8,2143,2,3,MERCEDES GLC CLASS,2,E01031819,0,-1
2021010301405,2021,010301405,2,9,0,99,99,9,9,99,99,9,9,99,9,99,1,9,6,6,3,-1,-1,2143,2,4,MERCEDES GLC CLASS,-1,-1,0,-1
2021141038756,2021,141038756,3,9,0,18,19,1,5,0,0,0,0,0,0,0,1,1,5,6,1,32,6,2143,2,2,MERCEDES GLC CLASS,1,E01007760,0,-1
202134NNC2271,2021,34NNC2271,2,9,0,3,3,1,5,0,0,3,0,0,0,0,2,1,1,1,1,36,7,1950,2,1,MERCEDES GLC CLASS,7,E01017379,0,-1
2021461014869,2021,461014869,2,9,0,18,19,3,7,0,0,0,1,0,4,0,2,1,6,6,1,31,6,2143,2,4,MERCEDES GLC CLASS,6,E01024602,0,-1
2021991119942,2021,991119942,1,9,0,9,9,1,7,0,0,2,0,0,0,0,3,1,6,6,2,-1,-1,2143,2,3,MERCEDES GLC CLASS,6,-1,0,-1
2021371125876,2021,371125876,1,9,0,17,19,2,6,0,0,2,0,0,0,0,1,1,1,1,2,39,7,2143,2,4,MERCEDES GLC CLASS,1,E01029986,0,-1
2021010315766,2021,010315766,1,9,0,3,3,3,7,0,0,8,0,0,0,0,1,1,6,6,2,45,7,1991,1,2,MERCEDES GLC CLASS,9,E01003457,0,-1
2021501062176,2021,501062176,2,9,0,18,19,3,7,0,0,0,1,0,0,0,1,1,5,6,1,76,11,1950,2,1,MERCEDES GLC CLASS,4,E01018861,0,-1
2021010299986,2021,010299986,2,9,0,99,99,9,9,99,99,0,9,99,9,99,1,9,6,6,3,-1,-1,2143,2,3,MERCEDES GLC CLASS,-1,-1,0,-1
2021031076857,2021,031076857,1,9,0,18,19,5,8,0,0,0,0,0,7,9,3,1,5,6,2,77,11,2143,2,3,MERCEDES GLC CLASS,8,E01019101,0,-1
2021411126530,2021,411126530,1,9,0,18,19,5,1,0,0,0,1,0,1,0,1,1,6,6,1,41,7,2987,2,3,MERCEDES GLC CLASS,4,E01023794,0,-1
2021421032146,2021,421032146,1,9,0,18,19,5,1,0,0,1,0,0,0,0,1,1,6,6,2,41,7,2143,2,4,MERCEDES GLC CLASS,4,E01021799,0,-1
2021010329001,2021,010329001,1,9,0,18,19,7,3,0,0,0,0,0,0,0,4,2,2,2,2,31,6,1950,2,1,MERCEDES GLC CLASS,3,E01001053,0,-1
2021451084378,2021,451084378,3,9,0,1,1,0,0,0,0,2,0,0,0,0,3,1,6,6,3,-1,-1,1950,2,1,MERCEDES GLC CLASS,-1,-1,0,-1
2021010328505,2021,010328505,1,9,0,18,19,1,5,0,0,0,0,0,0,0,1,1,6,6,2,38,7,1991,1,2,MERCEDES GLC CLASS,5,E01003664,0,-1
2021546048921,2021,546048921,2,9,0,18,19,3,7,0,0,1,0,0,0,0,3,1,6,6,1,40,7,2143,2,4,MERCEDES GLC CLASS,6,E01031967,0,-1
2021411035877,2021,411035877,3,9,0,3,3,-1,-1,0,0,8,0,0,0,0,4,1,6,6,2,55,8,1950,2,2,MERCEDES GLC CLASS,9,E01021782,0,-1
2021061027030,2021,061027030,2,9,0,3,3,4,8,0,0,0,0,0,0,0,2,1,3,7,2,28,6,2143,2,3,MERCEDES GLC CLASS,4,E01006211,0,-1
2021010293570,2021,010293570,1,9,0,18,19,2,6,0,0,1,0,0,0,0,3,1,6,6,1,37,7,2143,2,4,MERCEDES GLC CLASS,10,E01002155,0,-1
2021010345363,2021,010345363,2,9,0,99,99,9,9,99,99,9,9,99,9,99,9,9,6,6,2,36,7,2143,2,2,MERCEDES GLC CLASS,9,E01000775,0,-1
2021471022629,2021,471022629,1,9,0,18,19,5,1,0,0,0,0,0,0,0,2,1,6,6,2,46,8,1991,1,2,MERCEDES GLC CLASS,2,E01016975,0,-1
2021430028524,2021,430028524,1,9,0,18,19,8,4,0,0,0,1,0,1,0,1,1,2,2,1,41,7,2143,2,5,MERCEDES GLC CLASS,9,E01017641,0,-1
2021440331437,2021,440331437,1,9,0,18,19,5,1,0,0,0,0,0,1,1,1,1,2,2,1,55,8,1991,1,2,MERCEDES GLC CLASS,9,E01016276,0,-1
2021010320239,2021,010320239,2,9,0,99,99,9,9,0,0,9,9,0,0,0,1,9,6,6,1,28,6,2143,2,4,MERCEDES GLC CLASS,5,E01001659,0,-1
2021361127230,2021,361127230,1,9,0,18,19,5,1,0,0,6,0,0,0,0,1,1,1,1,1,35,6,1950,2,1,MERCEDES GLC CLASS,10,E01026882,0,-1
2021070468239,2021,070468239,1,9,0,9,9,5,3,0,0,1,0,0,0,0,2,1,6,6,2,66,10,1950,2,1,MERCEDES GLC CLASS,-1,-1,0,-1
2021531030587,2021,531030587,2,9,0,18,19,6,2,0,0,0,0,0,0,0,3,1,6,6,1,77,11,2143,2,3,MERCEDES GLC CLASS,8,E01022178,0,-1
2021451021851,2021,451021851,1,9,0,18,19,6,2,0,0,0,5,0,1,4,1,1,2,2,1,47,8,2143,2,4,MERCEDES GLC CLASS,6,E01022380,0,-1
2021522104385,2021,522104385,2,9,0,17,19,5,2,0,0,8,0,0,0,0,1,1,6,6,1,48,8,2143,2,3,MERCEDES GLC CLASS,1,E01033356,0,-1
2021543541921,2021,543541921,2,9,0,3,3,1,4,0,0,4,0,0,0,0,2,1,6,6,2,56,9,1950,2,2,MERCEDES GLC CLASS,7,E01015474,0,-1
2021201137584,2021,201137584,2,9,0,4,4,8,4,0,0,0,0,0,0,0,2,1,6,6,1,25,5,2987,2,3,MERCEDES GLC CLASS,1,E01009844,0,-1
2021421106765,2021,421106765,5,9,0,3,3,2,6,0,0,0,0,0,0,0,2,1,6,6,1,35,6,2143,2,3,MERCEDES GLC CLASS,7,E01021857,0,-1
2021440023959,2021,440023959,1,9,0,4,4,3,7,0,0,0,0,0,0,0,2,1,6,6,2,32,6,2143,2,4,MERCEDES GLC CLASS,3,E01022732,0,-1
2021201044827,2021,201044827,2,9,0,3,3,2,6,0,0,1,0,0,0,0,1,1,5,6,2,51,8,1991,1,2,MERCEDES GLC CLASS,5,E01009185,0,-1
2021531086738,2021,531086738,2,9,5,18,19,7,3,0,0,0,0,0,0,0,1,1,6,6,1,80,11,2143,2,5,MERCEDES GLC CLASS,6,W01001564,0,-1
2021471079375,2021,471079375,1,9,0,7,7,5,7,0,0,8,0,0,0,0,3,1,6,6,1,50,8,2143,2,4,MERCEDES GLC CLASS,4,E01016986,0,-1
2021010287741,2021,010287741,2,9,0,5,5,2,6,0,0,2,0,0,0,0,1,1,1,1,1,51,8,2143,2,3,MERCEDES GLC CLASS,-1,-1,0,-1
2021010336629,2021,010336629,2,9,0,6,6,7,7,0,0,2,0,0,0,0,3,1,6,6,1,35,6,1950,2,1,MERCEDES GLC CLASS,2,E01004537,0,-1
2021131125497,2021,131125497,2,9,0,18,19,7,3,0,0,1,0,0,0,0,4,1,6,6,2,47,8,2143,2,5,MERCEDES GLC CLASS,9,E01011209,0,-1
2021101122191,2021,101122191,2,9,0,4,4,3,7,0,0,0,0,0,0,0,2,1,6,6,1,52,8,2143,2,2,MERCEDES GLC CLASS,4,E01008455,0,-1
2021440073982,2021,440073982,1,9,0,18,19,2,6,0,0,0,0,0,0,0,1,1,6,6,1,36,7,2143,2,2,MERCEDES GLC CLASS,5,E01017096,0,-1
2021010318616,2021,010318616,1,9,0,99,99,9,9,99,99,0,9,99,9,99,2,9,6,6,2,43,7,1950,2,1,MERCEDES GLC CLASS,7,E01001922,0,-1
2021411019005,2021,411019005,1,9,-1,-1,-1,-1,-1,-1,-1,1,-1,-1,-1,0,-1,1,5,6,3,-1,-1,2987,2,4,MERCEDES GLC CLASS,-1,-1,0,-1
2021320359498,2021,320359498,2,9,0,4,4,2,6,0,0,0,0,0,0,0,1,1,3,7,2,45,7,2143,2,3,MERCEDES GLC CLASS,5,E01026232,0,-1
2021010307022,2021,010307022,2,9,0,5,5,5,1,0,0,4,0,0,0,0,1,1,6,6,3,-1,-1,2143,2,4,MERCEDES GLC CLASS,-1,-1,0,-1
2021411111066,2021,411111066,1,9,0,5,5,6,2,0,0,0,0,0,0,0,1,1,6,6,1,19,4,1991,1,3,MERCEDES GLC CLASS,10,E01023563,0,-1
2021141097252,2021,141097252,2,9,0,18,19,3,7,0,0,0,0,0,0,0,3,1,6,6,2,46,8,1950,2,2,MERCEDES GLC CLASS,6,E01007787,0,-1
2021131062302,2021,131062302,3,9,0,2,2,0,0,0,0,0,0,0,0,0,2,1,6,6,3,-1,-1,2987,2,4,MERCEDES GLC CLASS,-1,-1,0,-1
2021461088178,2021,461088178,2,9,0,18,19,1,7,0,0,1,0,0,0,0,4,1,6,6,1,62,9,1950,2,2,MERCEDES GLC CLASS,4,E01024312,0,-1
2021010316854,2021,010316854,1,9,9,18,19,1,5,99,99,9,9,0,0,0,9,9,6,6,1,52,8,2143,2,4,MERCEDES GLC CLASS,5,E01001189,0,-1
2021131101235,2021,131101235,3,9,0,12,12,1,5,0,0,6,0,0,0,0,1,1,5,6,1,29,6,2143,2,4,MERCEDES GLC CLASS,8,E01010901,0,-1
2021411121899,2021,411121899,2,9,0,17,19,1,5,0,0,8,0,0,7,0,2,1,5,6,2,51,8,1991,8,1,MERCEDES GLC CLASS,8,E01023480,0,-1
2021010325667,2021,010325667,1,9,0,18,19,3,7,99,99,2,9,0,0,0,2,1,6,6,2,26,6,2143,2,2,MERCEDES GLC CLASS,3,E01000044,0,-1
2021131085677,2021,131085677,1,9,0,15,15,1,1,0,0,0,0,0,0,0,4,1,6,6,3,-1,-1,1950,2,2,MERCEDES GLC CLASS,-1,-1,0,-1
2021052100644,2021,052100644,1,9,0,5,5,5,1,0,0,8,0,0,0,0,1,1,6,6,2,61,9,2143,2,2,MERCEDES GLC CLASS,-1,-1,0,-1
202134NNC0051,2021,34NNC0051,2,9,0,18,19,7,3,0,0,8,1,0,0,0,3,1,6,6,2,63,9,2143,2,4,MERCEDES GLC CLASS,9,E01027322,0,-1
2021201128657,2021,201128657,2,9,0,18,19,7,3,0,0,8,0,0,0,0,3,1,2,2,2,47,8,2143,2,5,MERCEDES GLC CLASS,7,E01033631,0,-1
2021010335545,2021,010335545,1,9,0,10,10,1,6,0,0,8,0,0,0,0,2,1,6,6,1,39,7,1991,8,1,MERCEDES GLC CLASS,5,E01004648,0,-1
2021101083442,2021,101083442,2,9,0,18,19,7,3,0,0,1,0,0,0,0,1,1,5,6,2,42,7,1950,2,1,MERCEDES GLC CLASS,8,E01008249,0,-1
2021351048743,2021,351048743,3,9,-1,-1,-1,-1,-1,-1,-1,-1,-1,-1,-1,0,-1,1,6,6,2,-1,-1,1991,1,2,MERCEDES GLC CLASS,8,E01032794,0,-1
2021010291636,2021,010291636,1,9,0,18,19,3,7,0,0,1,0,4,0,0,1,1,2,2,1,38,7,2143,2,4,MERCEDES GLC CLASS,1,E01003245,0,-1
2021010342314,2021,010342314,1,9,0,18,19,7,3,0,0,6,0,0,0,0,2,1,6,6,1,24,5,1950,2,1,MERCEDES GLC CLASS,2,E01001010,0,-1
2021061100102,2021,061100102,2,9,0,18,19,2,6,0,0,1,0,0,0,0,1,1,6,6,3,30,6,2143,2,3,MERCEDES GLC CLASS,-1,-1,0,-1
2021991024858,2021,991024858,1,9,0,18,19,6,2,0,0,0,1,0,7,0,1,1,2,2,1,41,7,2987,2,3,MERCEDES GLC CLASS,-1,-1,0,-1
2021610057321,2021,610057321,2,9,0,3,3,3,7,0,0,1,0,0,0,0,2,1,6,6,2,53,8,2143,2,4,MERCEDES GLC CLASS,10,W01001669,0,-1
2021522102165,2021,522102165,1,9,0,5,5,1,5,0,0,4,0,0,0,0,1,1,6,6,1,27,6,2143,2,5,MERCEDES GLC CLASS,7,E01014817,0,-1
2021122101104,2021,122101104,1,9,0,9,9,1,3,7,6,8,0,0,1,4,4,1,6,6,1,68,10,1991,1,3,MERCEDES GLC CLASS,7,E01027873,0,-1
2021010351753,2021,010351753,1,9,0,2,2,0,0,0,0,1,0,0,0,0,3,1,6,6,3,-1,-1,2143,2,4,MERCEDES GLC CLASS,-1,-1,0,-1
2021440396020,2021,440396020,1,9,0,18,19,5,1,0,0,0,5,0,2,4,1,1,6,6,1,41,7,2143,2,3,MERCEDES GLC CLASS,10,E01022892,0,-1
2021010340935,2021,010340935,2,9,0,18,19,5,1,0,0,8,0,0,1,1,3,1,6,6,2,32,6,1991,1,2,MERCEDES GLC CLASS,1,E01000661,0,-1
2021010348749,2021,010348749,2,9,0,99,99,9,9,99,99,9,9,99,9,99,1,9,6,6,3,-1,-1,2143,2,4,MERCEDES GLC CLASS,-1,-1,0,-1
2021010329022,2021,010329022,1,9,0,9,9,3,2,0,0,2,0,0,0,0,1,1,6,6,1,57,9,2143,2,3,MERCEDES GLC CLASS,3,E01001807,0,-1
2021122100927,2021,122100927,1,9,0,18,19,1,6,0,0,4,0,0,0,0,1,1,6,6,2,48,8,2143,2,3,MERCEDES GLC CLASS,10,E01012182,0,-1
2021451088231,2021,451088231,1,9,0,9,9,7,3,0,0,1,0,0,0,0,0,1,3,7,2,53,8,2143,2,2,MERCEDES GLC CLASS,8,E01030977,0,-1
2021010336568,2021,010336568,1,9,0,18,19,7,3,0,0,1,0,0,0,0,4,1,6,6,1,31,6,1950,2,0,MERCEDES GLC CLASS,2,E01003258,0,-1
2021101023296,2021,101023296,2,9,0,18,19,3,7,0,0,0,0,0,0,0,4,1,2,2,1,56,9,1950,2,1,MERCEDES GLC CLASS,7,E01008552,0,-1
2021010342239,2021,010342239,2,9,0,9,9,2,8,0,0,5,0,0,0,0,2,1,6,6,2,35,6,2143,2,4,MERCEDES GLC CLASS,3,E01001589,0,-1
2021411086146,2021,411086146,1,9,0,18,19,2,6,0,0,0,5,0,1,2,1,1,6,6,1,20,4,1950,2,0,MERCEDES GLC CLASS,9,E01023507,0,-1
2021421023651,2021,421023651,2,9,0,18,19,5,1,0,0,0,0,0,0,0,2,1,5,6,2,30,6,2143,2,3,MERCEDES GLC CLASS,5,E01021443,0,-1
2021430281451,2021,430281451,2,9,0,3,3,3,7,0,0,0,0,0,0,0,2,1,6,6,2,31,6,2143,2,5,MERCEDES GLC CLASS,4,E01016435,0,-1
2021421057354,2021,421057354,1,9,0,16,19,6,2,0,0,0,0,0,8,4,1,1,5,6,1,30,6,2143,2,4,MERCEDES GLC CLASS,7,E01021439,0,-1
2021440492158,2021,440492158,2,9,0,13,13,8,4,0,0,0,0,0,0,0,4,1,6,6,3,-1,-1,2143,2,4,MERCEDES GLC CLASS,-1,-1,0,-1
2021201144540,2021,201144540,1,9,0,18,19,6,2,0,0,0,0,0,0,0,1,1,6,6,1,-1,-1,2143,2,5,MERCEDES GLC CLASS,-1,-1,0,-1
2021010340533,2021,010340533,1,9,0,9,9,3,1,0,0,1,0,0,0,0,1,1,6,6,1,23,5,2143,2,3,MERCEDES GLC CLASS,8,E01000451,0,-1
2021302100596,2021,302100596,1,9,0,1,1,2,4,0,0,1,0,0,0,0,2,1,6,6,1,69,10,1950,2,2,MERCEDES GLC CLASS,10,E01013527,0,-1
2021141090740,2021,141090740,2,9,0,18,19,7,3,0,0,0,0,0,0,0,1,1,6,6,1,-1,-1,2143,2,5,MERCEDES GLC CLASS,8,E01007712,0,-1
2021010350031,2021,010350031,2,9,0,99,99,9,9,99,99,9,9,99,9,99,1,9,6,6,3,-1,-1,1991,8,1,MERCEDES GLC CLASS,-1,-1,0,-1
2021010297855,2021,010297855,1,9,0,99,99,9,9,99,99,9,9,99,9,99,2,1,6,6,1,47,8,2143,2,2,MERCEDES GLC CLASS,1,E01002041,0,-1
2021010335031,2021,010335031,1,9,0,9,9,5,3,0,0,8,0,0,0,0,1,1,6,6,1,47,8,2143,2,3,MERCEDES GLC CLASS,4,E01002899,0,-1
2021010339958,2021,010339958,2,9,0,2,2,0,0,0,0,0,0,0,0,0,3,1,6,6,3,-1,-1,2143,2,2,MERCEDES GLC CLASS,-1,-1,0,-1
2021440477695,2021,440477695,2,9,0,9,9,8,6,0,0,8,0,0,0,0,3,1,6,6,1,64,9,2143,2,5,MERCEDES GLC CLASS,10,E01023000,0,-1
2021201118297,2021,201118297,3,9,0,10,10,6,5,0,0,8,0,0,0,0,1,1,2,2,2,59,9,1950,2,1,MERCEDES GLC CLASS,10,E01010173,0,-1
2021622100596,2021,622100596,1,9,0,5,5,2,6,0,0,0,0,0,0,0,4,1,6,6,2,35,6,1950,2,1,MERCEDES GLC CLASS,9,W01001029,0,-1
2021010337868,2021,010337868,1,9,0,18,19,5,1,0,0,1,0,0,0,0,1,1,6,6,1,28,6,1991,1,2,MERCEDES GLC CLASS,2,E01004310,0,-1
2021010346499,2021,010346499,1,9,0,99,99,9,9,99,99,9,9,99,9,99,2,9,6,6,1,43,7,2143,2,3,MERCEDES GLC CLASS,4,E01004551,0,-1
2021010337010,2021,010337010,1,9,0,18,19,7,3,0,0,1,0,8,0,0,1,1,6,6,3,-1,-1,2143,2,4,MERCEDES GLC CLASS,-1,-1,0,-1
2021451031215,2021,451031215,1,9,0,18,19,3,7,0,0,0,0,0,0,0,4,1,5,6,1,47,8,1991,1,2,MERCEDES GLC CLASS,9,E01003860,0,-1
2021545209921,2021,545209921,2,9,0,4,4,7,3,0,0,1,0,0,0,0,2,1,6,6,2,30,6,2143,2,3,MERCEDES GLC CLASS,10,E01015499,0,-1