collision_index,collision_year,collision_ref_no,vehicle_reference,vehicle_type,towing_and_articulation,vehicle_manoeuvre_historic,vehicle_manoeuvre,vehicle_direction_from,vehicle_direction_to,vehicle_location_restricted_lane_historic,vehicle_location_restricted_lane,junction_location,skidding_and_overturning,hit_object_in_carriageway,vehicle_leaving_carriageway,hit_object_off_carriageway,first_point_of_impact,vehicle_left_hand_drive,journey_purpose_of_driver_historic,journey_purpose_of_driver,sex_of_driver,age_of_driver,age_band_of_driver,engine_capacity_cc,propulsion_code,age_of_vehicle,generic_make_model,driver_imd_decile,lsoa_of_driver,escooter_flag,driver_distance_banding
2021111101185,2021,111101185,1,9,0,18,19,5,1,0,0,0,0,0,0,0,1,1,6,6,1,81,11,2143,2,2,MERCEDES GLC CLASS,8,E01014475,0,-1
2021061096328,2021,061096328,1,9,0,7,7,7,5,0,0,5,0,0,0,0,3,1,6,6,1,40,7,1950,2,1,MERCEDES GLC CLASS,10,E01012489,0,-1
2021010308142,2021,010308142,1,9,0,18,19,1,5,0,0,1,0,0,0,0,3,1,6,6,1,27,6,2143,2,3,MERCEDES GLC CLASS,2,E01001550,0,-1
2021552101248,2021,552101248,1,9,0,18,19,7,3,0,0,8,0,0,0,0,1,1,6,6,1,66,10,2143,2,4,MERCEDES GLC CLASS,10,E01030345,0,-1
2021052101725,2021,052101725,1,9,0,18,19,4,8,0,0,0,0,0,0,0,1,1,6,6,1,44,7,2143,2,3,MERCEDES GLC CLASS,8,E01006938,0,-1
2021131108980,2021,131108980,4,9,0,18,19,3,7,0,0,0,0,0,0,0,0,1,5,6,1,36,7,2143,2,5,MERCEDES GLC CLASS,10,E01010936,0,-1
2021211067684,2021,211067684,1,9,0,9,9,6,3,0,0,8,0,0,0,0,3,1,6,6,1,75,10,2143,2,6,MERCEDES GLC CLASS,5,E01029658,0,-1
2021010318832,2021,010318832,1,9,0,9,9,7,6,0,0,1,0,0,0,0,4,1,2,2,2,32,6,1991,1,2,MERCEDES GLC CLASS,2,E01003229,0,-1
202163D037621,2021,63D037621,2,9,0,16,19,7,2,0,0,0,0,0,0,0,1,1,6,6,1,46,8,2987,2,3,MERCEDES GLC CLASS,7,W01000484,0,-1
2021461027369,2021,461027369,1,9,0,18,19,1,5,0,0,0,0,0,0,0,1,1,6,6,1,65,9,2143,2,4,MERCEDES GLC CLASS,6,E01032798,0,-1
2021411118764,2021,411118764,1,9,0,18,19,4,8,0,0,1,0,0,0,0,1,1,6,6,2,60,9,2143,2,2,MERCEDES GLC CLASS,1,E01002852,0,-1
2021421094349,2021,421094349,2,9,0,18,19,1,5,0,0,4,0,0,0,0,1,1,5,6,1,68,10,1950,2,2,MERCEDES GLC CLASS,9,E01021285,0,-1
2021501090655,2021,501090655,8,9,0,18,19,7,3,0,0,0,0,0,0,0,1,1,6,6,1,49,8,2143,2,2,MERCEDES GLC CLASS,6,E01020056,0,-1
2021451032702,2021,451032702,1,9,0,18,19,1,5,0,0,2,5,4,0,0,4,1,5,6,1,25,5,1950,2,1,MERCEDES GLC CLASS,5,E01030812,0,-1
2021101058586,2021,101058586,2,9,0,18,19,7,3,0,0,0,0,0,0,0,1,1,6,6,2,56,9,999,1,0,NISSAN JUKE,8,E01008647,0,-1
2021161084760,2021,161084760,2,9,0,17,19,6,4,0,0,0,0,0,0,0,1,1,2,2,2,27,6,1461,2,3,NISSAN JUKE,-1,-1,0,-1
2021201147369,2021,201147369,1,9,0,18,19,4,8,0,0,1,0,0,0,0,1,1,6,6,1,48,8,1598,1,6,NISSAN JUKE,3,E01009947,0,-1
2021221064455,2021,221064455,1,9,0,18,19,5,1,0,0,0,0,0,0,0,1,1,3,7,2,21,5,1598,1,5,NISSAN JUKE,8,E01032458,0,-1
2021991028730,2021,991028730,2,9,0,2,2,0,0,6,6,0,0,0,0,0,1,1,6,6,3,-1,-1,1461,2,7,NISSAN JUKE,-1,-1,0,-1
202163A038821,2021,63A038821,2,9,0,4,4,6,2,0,0,0,0,0,0,0,2,1,6,6,2,57,9,1461,2,10,NISSAN JUKE,5,W01000725,0,-1
2021010338854,2021,010338854,1,9,0,18,19,3,7,0,0,2,0,0,0,0,2,1,6,6,2,62,9,1598,1,3,NISSAN JUKE,1,E01003487,0,-1
2021010289113,2021,010289113,1,9,0,9,9,1,7,0,0,5,0,0,0,0,1,1,6,6,2,55,8,1598,1,4,NISSAN JUKE,2,E01004524,0,-1
2021421039031,2021,421039031,1,9,0,18,19,7,3,0,0,0,0,0,0,0,1,1,6,6,1,30,6,1598,1,9,NISSAN JUKE,3,E01021358,0,-1
2021122101153,2021,122101153,2,9,0,18,19,1,4,0,0,4,0,0,0,0,4,1,6,6,1,63,9,1461,2,10,NISSAN JUKE,3,E01013350,0,-1
2021991126944,2021,991126944,2,9,0,3,3,3,7,0,0,1,0,0,0,0,2,1,5,6,2,59,9,999,1,0,NISSAN JUKE,7,-1,0,-1
2021361020664,2021,361020664,1,9,0,18,19,1,4,0,0,4,0,0,0,0,1,1,5,6,2,73,10,1598,1,2,NISSAN JUKE,8,E01026930,0,-1
202163A020621,2021,63A020621,1,9,0,13,13,1,5,0,0,8,1,0,0,0,1,1,6,6,2,40,7,1461,2,4,NISSAN JUKE,4,W01000688,0,-1
2021070819125,2021,070819125,2,9,0,8,8,7,1,0,0,6,0,0,0,0,1,1,6,6,2,36,7,1598,1,9,NISSAN JUKE,6,E01012414,0,-1
2021161099173,2021,161099173,2,9,0,18,19,7,3,0,0,0,0,0,0,0,0,1,5,6,2,50,8,1461,2,4,NISSAN JUKE,2,E01013240,0,-1
2021461048593,2021,461048593,1,9,0,18,19,7,3,0,0,0,0,0,0,0,1,1,6,6,1,-1,-1,1461,2,7,NISSAN JUKE,-1,-1,0,-1
2021201063130,2021,201063130,2,9,0,9,9,6,4,0,0,5,0,0,0,0,3,1,6,6,1,58,9,1461,2,8,NISSAN JUKE,9,E01010225,0,-1
2021052102633,2021,052102633,1,9,0,2,2,0,0,0,0,0,0,0,0,0,1,1,6,6,2,37,7,1598,1,9,NISSAN JUKE,1,E01007269,0,-1
2021451106849,2021,451106849,1,9,0,9,9,3,7,0,0,5,0,0,0,0,1,1,5,6,1,74,10,1598,1,2,NISSAN JUKE,10,E01030953,0,-1
2021161047808,2021,161047808,1,9,0,14,14,1,5,0,0,0,0,0,0,0,1,1,6,6,1,61,9,999,1,0,NISSAN JUKE,2,E01013128,0,-1
2021122100334,2021,122100334,1,9,0,9,9,1,5,0,0,6,0,0,0,0,3,1,6,6,1,27,6,1461,2,8,NISSAN JUKE,10,E01013358,0,-1
2021461028432,2021,461028432,3,9,0,7,7,7,1,0,0,4,0,0,0,0,1,1,5,6,1,58,9,1598,1,6,NISSAN JUKE,4,E01016048,0,-1
2021401022503,2021,401022503,2,9,0,18,19,3,7,0,0,1,0,0,1,0,3,1,2,2,2,47,8,1598,1,8,NISSAN JUKE,9,E01017422,0,-1
2021131105317,2021,131105317,2,9,0,16,19,3,7,0,0,0,0,0,0,0,1,1,6,6,2,50,8,999,1,0,NISSAN JUKE,3,E01010584,0,-1
2021161134841,2021,161134841,2,9,0,4,4,6,2,0,0,8,0,0,0,0,2,1,6,6,2,80,11,999,1,0,NISSAN JUKE,8,E01013262,0,-1
2021201046460,2021,201046460,1,9,0,2,2,0,0,0,0,1,0,0,0,0,4,1,6,6,3,-1,-1,1197,1,5,NISSAN JUKE,-1,-1,0,-1
2021101129094,2021,101129094,1,9,0,1,1,5,1,0,0,8,0,0,0,0,2,1,2,2,2,40,7,1461,2,9,NISSAN JUKE,-1,-1,0,-1
2021131121621,2021,131121621,2,9,0,7,7,1,3,0,0,8,0,0,0,0,3,1,5,6,2,20,4,1461,2,5,NISSAN JUKE,2,E01011230,0,-1
2021010342559,2021,010342559,2,9,0,99,99,9,9,99,99,9,9,99,9,99,2,9,6,6,3,34,6,1197,1,4,NISSAN JUKE,2,E01002851,0,-1
2021411113298,2021,411113298,1,9,0,18,19,5,1,0,0,0,0,0,0,0,1,1,6,6,1,-1,-1,1598,1,3,NISSAN JUKE,-1,-1,0,-1
2021361079184,2021,361079184,1,9,0,18,19,6,2,0,0,0,0,11,0,0,1,1,5,6,2,23,5,1461,2,5,NISSAN JUKE,5,E01026816,0,-1
2021430402716,2021,430402716,2,9,0,9,9,1,7,0,0,1,0,0,7,11,2,1,6,6,2,31,6,1612,1,10,NISSAN JUKE,8,E01027290,0,-1
2021201115504,2021,201115504,2,9,0,8,8,5,7,0,0,0,0,0,0,0,2,1,3,7,2,27,6,1618,1,7,NISSAN JUKE,2,E01010406,0,-1
2021010301186,2021,010301186,1,9,0,3,3,1,5,0,0,1,0,0,0,0,2,1,6,6,2,46,8,1598,1,7,NISSAN JUKE,8,E01000671,0,-1
2021161034359,2021,161034359,2,9,0,18,19,4,8,0,0,0,0,0,0,0,1,1,2,2,1,39,7,999,1,0,NISSAN JUKE,6,E01012912,0,-1
2021440507131,2021,440507131,2,9,0,18,19,4,8,0,0,8,2,0,7,0,4,1,6,6,2,38,7,1598,1,4,NISSAN JUKE,7,E01023224,0,-1
2021440330905,2021,440330905,2,9,0,5,5,8,4,0,0,0,0,0,0,0,0,1,6,6,2,45,7,1598,1,10,NISSAN JUKE,-1,-1,0,-1
2021421027907,2021,421027907,1,9,0,9,9,1,7,0,0,6,0,0,0,0,3,1,5,6,2,80,11,1598,1,6,NISSAN JUKE,9,E01021940,0,-1
2021010343245,2021,010343245,2,9,0,9,9,1,7,0,0,4,0,0,0,0,3,1,6,6,2,70,10,1598,1,3,NISSAN JUKE,8,E01001927,0,-1
2021622100657,2021,622100657,3,9,0,2,2,0,0,0,0,1,0,0,0,0,2,1,6,6,3,-1,-1,1598,1,6,NISSAN JUKE,-1,-1,0,-1
2021010339946,2021,010339946,1,9,0,5,5,5,1,0,0,0,0,8,0,0,3,1,6,6,1,39,7,1461,2,5,NISSAN JUKE,4,E01015835,0,-1
2021522103710,2021,522103710,2,9,0,9,9,7,3,0,0,8,0,0,0,0,4,1,6,6,2,25,5,1461,2,7,NISSAN JUKE,4,E01014904,0,-1
2021061084261,2021,061084261,1,9,0,18,19,4,3,0,0,7,0,0,0,0,1,1,6,6,2,30,6,1598,1,9,NISSAN JUKE,8,E01006197,0,-1
202131C083521,2021,31C083521,4,9,0,10,10,8,4,0,0,8,0,0,0,0,2,1,6,6,2,34,6,1461,2,7,NISSAN JUKE,2,E01013827,0,-1
202154A730721,2021,54A730721,1,9,0,18,19,2,6,0,0,1,0,0,0,0,1,1,6,6,2,56,9,1598,1,7,NISSAN JUKE,9,E01031847,0,-1
2021010304003,2021,010304003,2,9,0,99,99,9,9,99,99,9,9,99,9,99,3,9,6,6,3,31,6,1598,1,7,NISSAN JUKE,-1,-1,0,-1
2021552100401,2021,552100401,1,9,0,9,9,5,3,0,0,6,0,0,0,0,1,1,6,6,1,43,7,1598,1,11,NISSAN JUKE,7,E01015354,0,-1
2021440521244,2021,440521244,1,9,0,5,5,2,5,0,0,1,0,0,0,0,4,1,6,6,1,66,10,999,1,2,NISSAN JUKE,5,E01022656,0,-1
2021421017902,2021,421017902,2,9,0,7,7,3,5,0,0,2,0,0,0,0,4,1,5,6,2,52,8,1197,1,5,NISSAN JUKE,7,E01033057,0,-1
2021010323014,2021,010323014,1,9,0,3,3,5,1,0,0,1,0,0,0,0,1,1,2,2,1,29,6,1598,1,4,NISSAN JUKE,7,E01004629,0,-1
2021461052832,2021,461052832,2,9,0,2,2,0,0,0,0,0,0,0,0,0,1,1,5,6,1,58,9,1461,2,4,NISSAN JUKE,5,E01024095,0,-1
2021531038998,2021,531038998,1,9,0,9,9,5,4,0,0,1,0,0,0,0,0,1,6,6,2,27,6,1461,2,8,NISSAN JUKE,-1,-1,0,-1
2021461088713,2021,461088713,1,9,0,18,19,5,1,0,0,0,0,0,0,0,1,1,5,6,1,42,7,1598,1,8,NISSAN JUKE,5,E01024287,0,-1
2021302101791,2021,302101791,1,9,0,18,19,8,4,0,0,0,0,0,0,0,4,1,2,2,2,41,7,1197,1,6,NISSAN JUKE,5,E01019432,0,-1
2021131038258,2021,131038258,1,9,0,16,19,3,8,0,0,0,0,4,0,0,1,1,6,6,2,32,6,1461,2,4,NISSAN JUKE,4,E01010890,0,-1
2021201071886,2021,201071886,3,9,0,17,19,6,4,0,0,0,0,0,0,0,3,1,6,6,1,27,6,1197,1,3,NISSAN JUKE,6,E01009731,0,-1
2021451032812,2021,451032812,1,9,0,9,9,2,6,0,0,6,0,0,0,0,1,1,5,6,2,59,9,1612,1,10,NISSAN JUKE,8,E01030527,0,-1
2021010310791,2021,010310791,3,9,0,2,2,0,0,0,0,0,0,0,0,0,1,1,6,6,3,-1,-1,1598,1,2,NISSAN JUKE,-1,-1,0,-1
2021010334255,2021,010334255,1,9,0,7,7,3,5,0,0,1,0,0,0,0,1,1,6,6,1,51,8,1598,1,8,NISSAN JUKE,3,E01003630,0,-1
2021101083164,2021,101083164,2,9,0,16,19,3,7,0,0,0,0,0,1,0,1,1,6,6,2,41,7,1461,2,9,NISSAN JUKE,9,E01027491,0,-1
2021231104676,2021,231104676,2,9,0,3,3,3,7,0,0,1,0,0,0,0,2,1,5,6,2,28,6,1461,2,7,NISSAN JUKE,3,E01029397,0,-1
2021161115070,2021,161115070,2,9,0,7,7,1,3,0,0,2,0,0,0,0,3,1,6,6,2,28,6,1461,2,7,NISSAN JUKE,-1,-1,0,-1
2021161070701,2021,161070701,1,9,0,3,3,4,8,0,0,4,0,0,0,0,2,1,6,6,2,28,6,1598,1,3,NISSAN JUKE,1,E01013218,0,-1
2021440359732,2021,440359732,2,9,0,9,9,7,3,0,0,8,0,0,0,0,1,1,6,6,2,39,7,1618,1,5,NISSAN JUKE,3,E01017350,0,-1
2021141032480,2021,141032480,1,9,0,14,14,2,6,0,0,2,0,0,0,0,1,1,5,6,2,41,7,1461,2,7,NISSAN JUKE,4,E01007519,0,-1
2021430409003,2021,430409003,2,9,0,7,7,6,8,0,0,5,0,0,0,0,4,1,6,6,2,30,6,1197,1,5,NISSAN JUKE,10,E01023371,0,-1
2021430504390,2021,430504390,1,9,0,9,9,4,2,0,0,8,0,0,0,0,3,1,6,6,2,45,7,999,1,0,NISSAN JUKE,10,E01016649,0,-1
2021201113758,2021,201113758,3,9,0,11,11,4,8,0,0,0,0,10,1,0,1,1,6,6,1,25,5,1461,2,6,NISSAN JUKE,4,E01032152,0,-1
2021461066757,2021,461066757,1,9,0,18,19,7,3,0,0,1,0,0,0,0,1,1,6,6,2,41,7,1197,1,4,NISSAN JUKE,8,E01016138,0,-1
2021302101204,2021,302101204,1,9,0,7,7,6,8,0,0,2,0,0,0,0,1,1,2,2,2,51,8,1598,1,2,NISSAN JUKE,2,E01019581,0,-1
2021201065961,2021,201065961,3,9,0,3,3,2,6,0,0,1,0,0,0,0,2,1,6,6,2,41,7,1598,1,9,NISSAN JUKE,2,E01010065,0,-1
2021010315080,2021,010315080,2,9,0,18,19,1,5,0,0,1,0,0,0,0,1,1,6,6,2,39,7,1598,1,4,NISSAN JUKE,-1,-1,0,-1
2021010341360,2021,010341360,2,9,0,18,19,6,2,0,0,0,0,0,0,0,1,1,6,6,2,55,8,999,1,1,NISSAN JUKE,7,E01004156,0,-1
2021061127969,2021,061127969,1,9,0,9,9,1,3,0,0,8,0,0,0,0,1,1,6,6,1,50,8,999,1,1,NISSAN JUKE,6,E01005454,0,-1
2021201048778,2021,201048778,1,9,0,18,19,8,4,0,0,6,0,0,0,0,1,1,6,6,2,27,6,1598,1,8,NISSAN JUKE,6,E01009452,0,-1
2021451057219,2021,451057219,1,9,0,18,19,2,6,0,0,0,0,0,1,0,1,1,6,6,3,25,5,1598,1,10,NISSAN JUKE,8,E01030838,0,-1
2021471053597,2021,471053597,1,9,0,18,19,2,6,0,0,3,0,0,0,0,3,1,6,6,2,26,6,1598,1,10,NISSAN JUKE,8,E01016931,0,-1
2021622100626,2021,622100626,1,9,0,5,5,6,2,0,0,6,0,0,0,0,1,1,6,6,2,46,8,1598,1,10,NISSAN JUKE,7,W01000758,0,-1
2021421051986,2021,421051986,1,9,0,7,7,1,4,9,9,1,0,0,0,0,1,1,5,6,1,84,11,1598,1,4,NISSAN JUKE,4,E01021529,0,-1
2021010348207,2021,010348207,1,9,0,9,9,7,5,0,0,6,0,0,0,0,4,1,6,6,2,33,6,1598,1,11,NISSAN JUKE,6,E01001598,0,-1
2021451026021,2021,451026021,1,9,0,18,19,7,3,0,0,0,0,0,0,0,2,1,5,6,2,34,6,1598,1,7,NISSAN JUKE,5,E01001099,0,-1
2021010318918,2021,010318918,2,9,0,9,9,3,8,0,0,6,0,0,0,0,1,1,6,6,2,38,7,1598,1,10,NISSAN JUKE,2,E01004332,0,-1
2021010317361,2021,010317361,2,9,0,18,19,3,7,0,0,1,0,0,7,0,1,1,6,6,2,27,6,1461,2,11,NISSAN JUKE,8,E01032668,0,-1
2021351072523,2021,351072523,2,9,0,3,3,7,3,0,0,1,0,0,0,0,4,1,2,2,1,50,8,1461,2,5,NISSAN JUKE,5,E01032526,0,-1
2021111062518,2021,111062518,1,9,0,18,19,5,1,0,0,8,0,0,0,0,1,1,6,6,2,36,7,999,1,0,NISSAN JUKE,-1,-1,0,-1
2021471057220,2021,471057220,1,9,0,18,19,1,5,0,0,2,0,0,0,0,1,1,6,6,2,33,6,1598,1,7,NISSAN JUKE,7,E01016913,0,-1
2021430278484,2021,430278484,1,9,0,18,19,1,5,0,0,8,0,0,0,0,4,1,3,7,2,31,6,1598,1,3,NISSAN JUKE,-1,-1,0,-1
2021010302096,2021,010302096,2,9,0,99,99,9,9,99,99,1,9,99,9,99,9,9,6,6,3,-1,-1,1598,1,4,NISSAN JUKE,-1,-1,0,-1
2021302100106,2021,302100106,1,9,0,18,19,6,2,0,0,0,1,0,0,0,1,1,6,6,2,51,8,1461,2,3,NISSAN JUKE,6,E01019551,0,-1
2021201071886,2021,201071886,4,9,0,16,19,4,8,0,0,0,0,0,0,0,3,1,6,6,2,25,5,1461,2,7,NISSAN JUKE,2,E01010074,0,-1
2021549872321,2021,549872321,1,9,0,9,9,7,5,0,0,4,0,0,0,0,1,1,6,6,2,55,8,1461,2,8,NISSAN JUKE,8,E01015576,0,-1
2021501100490,2021,501100490,2,9,0,3,3,7,3,0,0,1,0,0,0,0,2,1,6,6,2,26,6,1197,1,4,NISSAN JUKE,8,E01018886,0,-1
2021401072671,2021,401072671,3,9,0,18,19,7,3,0,0,0,0,0,0,0,2,1,2,2,1,29,6,1598,1,8,NISSAN JUKE,7,E01017382,0,-1
2021010297648,2021,010297648,1,9,0,18,19,1,5,0,0,3,0,0,0,0,3,1,6,6,2,46,8,1598,1,7,NISSAN JUKE,8,E01023548,0,-1
2021010322336,2021,010322336,1,9,0,10,10,3,1,0,0,1,0,0,7,0,4,1,6,6,2,55,8,1598,1,4,NISSAN JUKE,2,E01002282,0,-1
202134WNC3711,2021,34WNC3711,2,9,0,18,19,1,5,0,0,0,0,0,0,0,1,1,6,6,2,58,9,1461,2,3,NISSAN JUKE,1,E01027140,0,-1
2021440508251,2021,440508251,1,9,0,18,19,3,7,0,0,0,0,0,7,0,1,1,6,6,2,55,8,1461,2,10,NISSAN JUKE,-1,-1,0,-1
2021041027828,2021,041027828,2,9,0,2,2,3,7,0,0,0,0,0,1,0,2,1,6,6,3,-1,-1,1197,1,4,NISSAN JUKE,-1,-1,0,-1
2021010306817,2021,010306817,2,9,9,99,99,9,9,99,99,9,9,99,9,99,9,9,6,6,3,24,5,1618,1,8,NISSAN JUKE,2,E01002086,0,-1
2021010320164,2021,010320164,2,9,9,18,19,3,7,0,0,1,0,0,0,0,0,9,6,6,1,54,8,1598,1,8,NISSAN JUKE,5,E01000430,0,-1
2021161045082,2021,161045082,1,9,0,18,19,6,2,0,0,0,0,0,0,0,1,1,5,6,2,21,5,1197,1,4,NISSAN JUKE,-1,-1,0,-1
2021101083368,2021,101083368,2,9,0,7,7,3,5,0,0,1,0,0,0,0,4,1,5,6,1,51,8,1461,2,5,NISSAN JUKE,1,E01008299,0,-1
2021010319405,2021,010319405,1,9,0,99,99,9,9,99,99,9,9,99,9,99,3,9,2,2,2,34,6,1598,1,7,NISSAN JUKE,1,E01001427,0,-1
2021461037714,2021,461037714,1,9,0,18,19,8,4,0,0,0,0,0,0,0,1,1,5,6,1,42,7,1197,1,4,NISSAN JUKE,3,E01024567,0,-1
2021010336128,2021,010336128,3,9,0,99,99,9,9,99,99,9,9,99,9,99,1,9,6,6,1,31,6,1197,1,7,NISSAN JUKE,2,E01004400,0,-1
2021440312934,2021,440312934,1,9,0,18,19,7,3,0,0,0,0,0,0,0,4,1,6,6,2,25,5,1598,1,7,NISSAN JUKE,9,E01022475,0,-1
2021461035396,2021,461035396,2,9,0,18,19,7,3,0,0,0,0,0,0,0,1,1,5,6,1,29,6,999,1,1,NISSAN JUKE,8,E01002452,0,-1
2021622100242,2021,622100242,2,9,0,18,19,4,8,0,0,1,0,0,0,0,1,1,6,6,2,26,6,1598,1,8,NISSAN JUKE,3,W01001312,0,-1
2021010330095,2021,010330095,1,9,0,9,9,7,4,0,0,8,0,0,0,0,1,1,2,2,2,28,6,1598,1,11,NISSAN JUKE,2,E01000434,0,-1
2021221051891,2021,221051891,3,9,0,17,19,6,4,0,0,1,0,0,1,9,4,1,5,6,2,39,7,1461,2,8,NISSAN JUKE,6,E01025878,0,-1
2021010334017,2021,010334017,1,9,0,99,99,9,9,99,99,0,9,99,9,99,1,9,6,6,2,-1,-1,1598,1,9,NISSAN JUKE,2,E01024315,0,-1
2021471070070,2021,471070070,2,9,0,5,5,7,3,0,0,4,0,0,0,0,1,1,5,6,2,40,7,1197,1,4,NISSAN JUKE,7,E01031396,0,-1
2021010348437,2021,010348437,1,9,0,18,19,1,5,0,0,6,0,0,0,0,3,1,6,6,1,63,9,1598,1,4,NISSAN JUKE,6,E01005649,0,-1
2021471082527,2021,471082527,1,9,0,7,7,5,7,0,0,6,0,0,0,0,3,1,5,6,2,81,11,1598,1,5,NISSAN JUKE,8,E01031457,0,-1
2021302100015,2021,302100015,2,9,0,3,3,4,8,0,0,4,0,0,0,0,2,1,6,6,1,35,6,1461,2,6,NISSAN JUKE,4,E01019865,0,-1
2021451115013,2021,451115013,2,9,0,18,19,5,1,0,0,1,0,0,0,0,1,1,6,6,3,35,6,1598,1,7,NISSAN JUKE,-1,-1,0,-1
2021320147958,2021,320147958,2,9,0,2,2,0,0,0,0,2,0,0,1,0,2,1,6,6,2,26,6,1598,1,10,NISSAN JUKE,1,E01026092,0,-1
2021231119266,2021,231119266,1,9,0,18,19,3,7,0,0,8,0,0,0,0,3,1,5,6,1,60,9,1598,1,7,NISSAN JUKE,8,E01026993,0,-1
2021451113735,2021,451113735,2,9,0,18,19,1,3,0,0,1,0,0,0,0,2,1,5,6,2,27,6,1598,1,11,NISSAN JUKE,5,E01030852,0,-1
2021201125220,2021,201125220,1,9,0,6,6,3,3,0,0,0,0,7,6,11,1,1,6,6,2,46,8,1598,1,10,NISSAN JUKE,1,E01009130,0,-1
202163C048821,2021,63C048821,4,9,0,18,19,4,8,0,0,0,0,0,0,0,1,1,6,6,2,29,6,999,1,1,NISSAN JUKE,9,W01000611,0,-1
2021141082080,2021,141082080,2,9,0,16,19,8,4,0,0,0,5,0,0,0,3,1,5,6,1,58,9,999,1,0,NISSAN JUKE,5,E01007953,0,-1
2021440493089,2021,440493089,2,9,0,9,9,3,2,9,9,6,0,0,0,0,0,1,6,6,1,67,10,1461,2,6,NISSAN JUKE,10,E01022856,0,-1
2021401096050,2021,401096050,1,9,0,5,5,6,6,0,0,1,0,0,0,0,1,1,6,6,2,37,7,1598,1,6,NISSAN JUKE,4,E01017512,0,-1
2021141127618,2021,141127618,1,9,0,18,19,4,2,0,0,8,0,7,1,1,1,1,5,6,2,48,8,1197,1,7,NISSAN JUKE,7,E01007911,0,-1
2021991097286,2021,991097286,1,9,0,18,19,7,3,0,0,8,0,0,0,0,1,1,2,2,1,42,7,1598,1,5,NISSAN JUKE,7,-1,0,-1
2021031037263,2021,031037263,2,9,0,2,2,0,0,0,0,1,0,0,0,0,4,1,1,1,2,35,6,1598,1,10,NISSAN JUKE,-1,-1,0,-1
2021540284321,2021,540284321,1,9,0,9,9,5,7,0,0,4,0,0,0,0,1,1,6,6,2,54,8,1197,1,5,NISSAN JUKE,3,E01015530,0,-1
2021421055033,2021,421055033,1,9,0,7,7,5,1,0,0,0,0,0,0,0,1,1,6,6,2,33,6,1598,1,8,NISSAN JUKE,7,E01021476,0,-1
2021010347529,2021,010347529,2,9,0,5,5,3,7,0,0,1,0,0,0,0,3,1,6,6,2,56,9,1598,1,6,NISSAN JUKE,5,E01001498,0,-1
202134NNC0461,2021,34NNC0461,2,9,0,3,3,1,5,0,0,0,0,0,0,0,2,1,6,6,1,22,5,1197,1,5,NISSAN JUKE,5,E01026970,0,-1
2021520103796,2021,520103796,1,9,0,18,19,3,7,0,0,0,0,0,0,0,1,1,6,6,1,50,8,999,1,1,NISSAN JUKE,5,E01029226,0,-1
2021122100778,2021,122100778,1,9,0,18,19,5,1,0,0,0,0,0,0,0,1,1,6,6,1,21,5,999,1,0,NISSAN JUKE,4,E01000588,0,-1
2021201108236,2021,201108236,1,9,0,6,6,4,4,0,0,8,0,0,0,0,3,1,6,6,2,44,7,1461,2,10,NISSAN JUKE,1,E01010084,0,-1
2021010305465,2021,010305465,1,9,0,9,9,3,1,0,0,1,0,0,0,0,1,1,6,6,2,36,7,1598,1,6,NISSAN JUKE,-1,-1,0,-1
2021201151625,2021,201151625,2,9,0,2,2,0,0,0,0,0,0,0,0,0,3,1,5,6,3,-1,-1,999,1,1,NISSAN JUKE,-1,-1,0,-1
2021101104254,2021,101104254,1,9,0,18,19,5,1,0,0,0,1,0,1,4,1,1,1,1,1,19,4,1461,2,6,NISSAN JUKE,-1,-1,0,-1
2021041044753,2021,041044753,2,9,0,3,3,5,1,0,0,0,0,0,0,0,2,1,2,2,2,39,7,1598,1,10,NISSAN JUKE,1,E01012698,0,-1
2021320522496,2021,320522496,1,9,0,18,19,4,8,0,0,1,0,0,0,0,4,1,6,6,2,32,6,1461,2,5,NISSAN JUKE,9,E01013806,0,-1
2021010321096,2021,010321096,1,9,0,12,12,7,3,3,2,1,5,0,7,2,1,1,2,2,1,54,8,1598,1,8,NISSAN JUKE,5,E01000430,0,-1
2021010307335,2021,010307335,1,9,0,99,99,9,9,99,99,9,9,99,9,99,2,9,6,6,2,28,6,1461,2,8,NISSAN JUKE,1,E01000602,0,-1
2021010327953,2021,010327953,1,9,0,7,7,7,2,0,0,1,0,0,0,0,1,1,6,6,2,27,6,1197,1,6,NISSAN JUKE,1,E01016743,0,-1
2021010335978,2021,010335978,1,9,0,99,99,9,9,99,99,9,9,99,9,99,9,9,2,2,1,39,7,1461,2,5,NISSAN JUKE,6,E01000220,0,-1
2021101090774,2021,101090774,1,9,0,5,5,3,7,0,0,0,0,0,1,0,3,1,5,6,1,59,9,1197,1,3,NISSAN JUKE,6,E01033161,0,-1
2021991032724,2021,991032724,2,9,0,17,19,6,2,0,0,8,0,0,0,0,3,1,6,6,1,26,6,1461,2,8,NISSAN JUKE,1,-1,0,-1
2021010317184,2021,010317184,4,9,0,2,2,0,0,0,0,2,0,0,0,0,3,1,6,6,3,-1,-1,1598,1,10,NISSAN JUKE,-1,-1,0,-1
2021061087576,2021,061087576,1,9,0,5,5,5,1,0,0,1,0,0,0,0,3,1,6,6,2,48,8,1461,2,5,NISSAN JUKE,2,E01005915,0,-1
2021351073961,2021,351073961,3,9,0,4,4,5,1,0,0,0,0,0,0,0,1,1,5,6,1,34,6,1197,1,6,NISSAN JUKE,7,E01021457,0,-1