collision_index,collision_year,collision_ref_no,vehicle_reference,vehicle_type,towing_and_articulation,vehicle_manoeuvre_historic,vehicle_manoeuvre,vehicle_direction_from,vehicle_direction_to,vehicle_location_restricted_lane_historic,vehicle_location_restricted_lane,junction_location,skidding_and_overturning,hit_object_in_carriageway,vehicle_leaving_carriageway,hit_object_off_carriageway,first_point_of_impact,vehicle_left_hand_drive,journey_purpose_of_driver_historic,journey_purpose_of_driver,sex_of_driver,age_of_driver,age_band_of_driver,engine_capacity_cc,propulsion_code,age_of_vehicle,generic_make_model,driver_imd_decile,lsoa_of_driver,escooter_flag,driver_distance_banding
2021320212018,2021,320212018,2,9,0,18,19,6,2,0,0,0,0,0,0,0,2,1,6,6,2,30,6,1598,1,8,NISSAN JUKE,3,E01026142,0,-1
2021010334712,2021,010334712,1,9,0,16,19,1,3,0,0,5,0,0,0,0,1,1,1,1,1,38,7,1598,1,5,NISSAN JUKE,3,E01003728,0,-1
2021041054987,2021,041054987,1,9,0,18,19,7,3,0,0,0,0,0,0,0,1,1,6,6,1,32,6,1461,2,9,NISSAN JUKE,7,E01025028,0,-1
2021101035411,2021,101035411,2,9,0,17,19,3,7,0,0,0,0,0,1,0,3,1,6,6,1,51,8,1461,2,10,NISSAN JUKE,-1,-1,0,-1
2021070390639,2021,070390639,3,9,0,4,4,4,8,0,0,0,0,0,0,0,2,1,6,6,2,29,6,1197,1,4,NISSAN JUKE,9,E01018441,0,-1
202134NNC5201,2021,34NNC5201,1,9,0,9,9,6,3,0,0,4,0,0,0,0,3,1,2,2,1,60,9,1598,1,2,NISSAN JUKE,3,E01026984,0,-1
2021052102555,2021,052102555,3,9,0,18,19,5,1,0,0,2,0,0,0,0,2,1,1,1,2,25,5,1197,1,6,NISSAN JUKE,6,E01007076,0,-1
2021010334651,2021,010334651,1,9,0,7,7,7,1,0,0,5,0,0,0,0,4,1,2,2,2,34,6,999,1,1,NISSAN JUKE,3,E01001192,0,-1
2021201054801,2021,201054801,2,9,0,18,19,8,4,0,0,8,0,10,1,10,1,1,6,6,1,48,8,1598,1,6,NISSAN JUKE,2,E01010056,0,-1
2021622200012,2021,622200012,1,9,0,9,9,6,4,0,0,1,0,0,0,0,1,1,3,7,2,30,6,1461,2,5,NISSAN JUKE,5,W01001291,0,-1
2021210889940,2021,210889940,1,9,0,17,19,7,1,0,0,0,0,0,1,4,1,1,6,6,1,82,11,1197,1,4,NISSAN JUKE,7,E01005597,0,-1
2021201119284,2021,201119284,1,9,0,18,19,5,1,0,0,4,0,0,0,0,1,1,5,6,2,49,8,1598,1,2,NISSAN JUKE,8,E01010373,0,-1
2021471042995,2021,471042995,2,9,0,2,2,0,0,0,0,0,0,0,0,0,3,1,6,6,3,-1,-1,1197,1,3,NISSAN JUKE,-1,-1,0,-1
2021010301309,2021,010301309,2,9,0,2,2,0,0,9,9,8,0,0,0,0,4,2,6,6,3,-1,-1,1598,1,3,NISSAN JUKE,-1,-1,0,-1
2021411019171,2021,411019171,4,9,0,18,19,1,5,0,0,0,1,0,0,0,1,1,6,6,1,30,6,1598,1,4,NISSAN JUKE,4,E01023906,0,-1
2021061072406,2021,061072406,1,9,0,13,13,6,2,0,0,0,0,0,0,0,1,1,6,6,1,37,7,999,1,1,NISSAN JUKE,-1,-1,0,-1
2021471081585,2021,471081585,6,9,0,18,19,7,3,0,0,0,0,0,0,0,2,1,1,1,2,41,7,1598,1,2,NISSAN JUKE,10,E01020942,0,-1
2021461066803,2021,461066803,2,9,0,18,19,7,3,0,0,0,0,0,0,0,2,1,5,6,1,35,6,1598,1,4,NISSAN JUKE,9,E01024792,0,-1
2021010296426,2021,010296426,2,9,0,99,99,9,9,99,99,9,9,99,9,99,9,9,6,6,3,-1,-1,1598,1,9,NISSAN JUKE,-1,-1,0,-1
2021501092589,2021,501092589,1,9,0,7,7,7,1,0,0,1,0,0,0,0,4,1,6,6,1,45,7,1197,1,7,NISSAN JUKE,8,E01026508,0,-1
2021231113804,2021,231113804,1,9,0,18,19,6,2,0,0,0,1,0,0,0,1,1,1,1,1,24,5,1461,2,6,NISSAN JUKE,8,E01004944,0,-1
2021061069356,2021,061069356,2,9,0,2,2,1,1,0,0,0,0,0,0,0,1,1,5,6,2,33,6,1461,2,6,NISSAN JUKE,6,E01005523,0,-1
2021461061628,2021,461061628,1,9,0,9,9,1,6,0,0,6,0,0,0,0,3,1,6,6,2,63,9,1618,1,5,NISSAN JUKE,10,E01016051,0,-1
2021010331156,2021,010331156,2,9,0,12,12,1,5,0,0,8,0,0,0,0,3,1,6,6,2,48,8,1598,1,5,NISSAN JUKE,5,E01001214,0,-1
2021010344049,2021,010344049,1,9,9,99,99,9,9,99,99,0,9,99,9,99,9,9,6,6,1,29,6,1598,1,9,NISSAN JUKE,5,E01003130,0,-1
2021101031353,2021,101031353,1,9,0,9,9,3,1,0,0,8,0,0,0,0,1,1,5,6,2,30,6,1461,2,10,NISSAN JUKE,2,E01008825,0,-1
2021010347830,2021,010347830,1,9,0,99,99,9,9,99,99,9,9,99,9,99,1,9,6,6,1,61,9,1618,1,8,NISSAN JUKE,5,E01003340,0,-1
2021010295851,2021,010295851,2,9,0,2,2,0,0,0,0,0,0,0,0,0,3,1,6,6,3,-1,-1,1598,1,7,NISSAN JUKE,-1,-1,0,-1
2021131101654,2021,131101654,4,9,0,4,4,4,8,0,0,8,0,0,0,0,2,1,2,2,1,58,9,1461,2,5,NISSAN JUKE,8,E01011091,0,-1
2021471036657,2021,471036657,2,9,0,4,4,8,4,0,0,8,0,0,0,0,2,1,5,6,2,26,6,1598,1,8,NISSAN JUKE,7,E01016923,0,-1
2021010342617,2021,010342617,2,9,0,99,99,9,9,99,99,0,9,99,9,99,3,9,6,6,2,-1,-1,1598,1,9,NISSAN JUKE,2,E01000781,0,-1
2021061086196,2021,061086196,2,9,0,18,19,1,5,0,0,8,0,0,0,0,3,1,2,2,1,30,6,1598,1,11,NISSAN JUKE,2,E01006333,0,-1
2021421062377,2021,421062377,3,9,0,2,2,0,0,9,9,0,0,0,0,0,1,1,6,6,1,28,6,999,1,0,NISSAN JUKE,7,E01021981,0,-1
2021010315760,2021,010315760,1,9,0,18,19,3,7,0,0,0,0,0,0,0,1,1,6,6,3,-1,-1,1598,1,9,NISSAN JUKE,4,E01015947,0,-1
2021052102140,2021,052102140,1,9,0,18,19,1,5,0,0,0,0,0,0,0,3,1,6,6,2,47,8,999,1,1,NISSAN JUKE,6,E01005832,0,-1
2021052100463,2021,052100463,1,9,0,18,19,4,8,0,0,1,0,0,0,0,1,1,6,6,1,34,6,999,1,1,NISSAN JUKE,1,E01006711,0,-1
2021141075529,2021,141075529,1,9,0,5,5,3,1,0,0,6,0,0,0,0,1,1,2,2,2,66,10,1461,2,5,NISSAN JUKE,3,E01011868,0,-1
2021302100754,2021,302100754,2,9,0,9,9,8,6,0,0,8,0,0,0,0,3,1,6,6,2,67,10,1598,1,7,NISSAN JUKE,4,E01019824,0,-1
2021501120699,2021,501120699,2,9,0,17,19,1,5,0,0,1,0,0,1,0,1,1,6,6,1,74,10,1461,2,5,NISSAN JUKE,6,E01019014,0,-1
2021451074616,2021,451074616,2,9,0,4,4,7,3,0,0,2,0,0,0,0,2,1,5,6,2,25,5,1461,2,6,NISSAN JUKE,5,E01030724,0,-1
2021546043621,2021,546043621,1,9,0,15,15,6,2,0,0,1,0,0,0,0,3,1,3,7,2,39,7,1197,1,4,NISSAN JUKE,5,E01031933,0,-1
2021010318428,2021,010318428,2,9,0,9,9,3,2,0,0,1,0,0,0,0,3,1,2,2,2,57,9,999,1,0,NISSAN JUKE,2,E01003325,0,-1
2021201102989,2021,201102989,1,9,0,18,19,2,6,0,0,4,0,0,0,0,3,1,1,1,2,48,8,1197,1,4,NISSAN JUKE,3,E01008970,0,-1
202134NNC2951,2021,34NNC2951,2,9,0,9,9,7,3,0,0,1,0,0,0,0,3,1,6,6,2,72,10,1197,1,3,NISSAN JUKE,7,E01027129,0,-1
2021010342623,2021,010342623,1,9,0,10,10,3,1,0,0,5,1,0,0,0,3,1,6,6,2,43,7,1598,1,4,NISSAN JUKE,4,E01001518,0,-1
2021010325745,2021,010325745,1,9,0,4,4,5,1,0,0,0,0,0,0,0,1,1,6,6,3,-1,-1,1197,1,6,NISSAN JUKE,-1,-1,0,-1
202163C086121,2021,63C086121,1,9,0,12,12,2,6,0,0,0,0,0,0,0,1,1,2,2,1,40,7,1461,2,7,NISSAN JUKE,3,W01000588,0,-1
2021421027503,2021,421027503,1,9,0,18,19,1,5,0,0,0,0,0,0,0,1,1,5,6,2,53,8,1598,1,9,NISSAN JUKE,3,E01021437,0,-1
2021531036579,2021,531036579,2,9,0,18,19,7,3,0,0,0,0,0,0,0,1,1,5,6,2,63,9,1197,1,4,NISSAN JUKE,6,E01022234,0,-1
2021061069559,2021,061069559,1,9,0,9,9,3,1,0,0,8,0,0,0,0,1,1,6,6,2,50,8,999,1,1,NISSAN JUKE,6,E01005387,0,-1
2021070500387,2021,070500387,2,9,0,18,19,1,5,0,0,1,0,0,0,0,1,1,6,6,2,36,7,1598,1,8,NISSAN JUKE,1,E01018445,0,-1
2021451077449,2021,451077449,2,9,0,18,19,4,6,0,0,0,0,0,0,0,0,1,6,6,1,53,8,1461,2,10,NISSAN JUKE,5,E01030493,0,-1
2021501090480,2021,501090480,2,9,0,3,3,1,5,0,0,0,0,0,0,0,2,1,6,6,2,49,8,1197,1,6,NISSAN JUKE,5,E01015221,0,-1
2021010327647,2021,010327647,2,9,0,99,99,9,9,99,99,9,9,99,9,99,1,9,6,6,3,64,9,999,1,1,NISSAN JUKE,9,E01003749,0,-1
2021170L21221,2021,170L21221,2,9,0,4,4,6,2,0,0,8,0,0,0,0,2,1,6,6,1,80,11,1598,1,7,NISSAN JUKE,2,E01007414,0,-1
2021991075239,2021,991075239,2,9,0,18,19,5,1,0,0,8,1,0,1,4,4,1,6,6,2,63,9,1461,2,5,NISSAN JUKE,-1,-1,0,-1
2021010334784,2021,010334784,1,9,0,18,19,7,3,0,0,1,0,0,0,0,3,1,6,6,2,60,9,999,1,1,NISSAN JUKE,2,E01003912,0,-1
2021351092888,2021,351092888,1,9,0,4,4,6,2,0,0,0,0,0,0,0,1,1,5,6,2,37,7,1598,1,7,NISSAN JUKE,5,E01018102,0,-1
2021010293267,2021,010293267,1,9,0,18,19,7,3,99,99,8,9,99,9,99,2,9,6,6,1,42,7,999,1,1,NISSAN JUKE,3,E01003723,0,-1
2021461094832,2021,461094832,1,9,0,18,19,1,5,0,0,0,0,4,0,0,1,1,3,7,2,36,7,1598,1,5,NISSAN JUKE,4,E01024382,0,-1
2021451082125,2021,451082125,2,9,0,4,4,1,3,0,0,0,0,0,0,0,3,1,6,6,1,40,7,1461,2,7,NISSAN JUKE,9,E01019907,0,-1
2021421069856,2021,421069856,2,9,0,18,19,5,1,0,0,8,0,0,0,0,1,1,5,6,2,44,7,1618,1,6,NISSAN JUKE,7,E01021679,0,-1
2021421043827,2021,421043827,2,9,0,-1,-1,-1,-1,-1,-1,0,-1,-1,-1,0,-1,1,6,6,1,44,7,999,1,1,NISSAN JUKE,-1,-1,0,-1
2021010316657,2021,010316657,1,9,0,99,99,9,9,99,99,0,9,99,9,99,2,9,6,6,3,30,6,1197,1,7,NISSAN JUKE,5,E01004188,0,-1
2021461046322,2021,461046322,1,9,0,9,9,1,5,0,0,1,0,0,0,0,1,1,6,6,2,27,6,1461,2,4,NISSAN JUKE,5,E01024413,0,-1
2021520106216,2021,520106216,3,9,0,18,19,2,5,0,0,1,0,0,0,0,1,1,6,6,2,30,6,1461,2,7,NISSAN JUKE,-1,-1,0,-1
2021161090748,2021,161090748,2,9,0,4,4,7,3,0,0,0,1,0,4,6,2,1,2,2,1,42,7,1598,1,2,NISSAN JUKE,2,E01012775,0,-1
2021201118940,2021,201118940,1,9,0,4,4,3,7,0,0,0,0,0,0,0,2,1,6,6,2,48,8,1598,1,8,NISSAN JUKE,1,E01010443,0,-1
2021010305124,2021,010305124,1,9,0,16,19,7,3,0,0,0,0,4,0,0,3,1,6,6,2,67,10,1598,1,9,NISSAN JUKE,7,E01028598,0,-1
202131D153221,2021,31D153221,1,9,0,18,19,8,4,0,0,4,0,0,0,0,1,1,6,6,2,28,6,1618,1,6,NISSAN JUKE,5,E01028362,0,-1
2021010304907,2021,010304907,2,9,0,7,7,7,1,0,0,3,0,0,0,0,3,1,6,6,1,33,6,1598,1,2,NISSAN JUKE,6,E01001292,0,-1
2021461066777,2021,461066777,3,9,0,2,2,0,0,0,0,0,0,0,0,0,4,1,6,6,3,-1,-1,1598,1,10,NISSAN JUKE,-1,-1,0,-1
2021211202764,2021,211202764,2,9,0,18,19,8,4,0,0,0,0,0,0,0,4,1,6,6,2,61,9,1197,1,5,NISSAN JUKE,1,E01008331,0,-1
2021552100548,2021,552100548,1,9,0,18,19,2,3,0,0,8,0,0,1,1,1,1,6,6,2,76,11,1598,1,8,NISSAN JUKE,5,E01020368,0,-1
2021061087222,2021,061087222,2,9,0,9,9,5,3,0,0,8,0,0,0,0,1,1,6,6,2,28,6,1598,1,8,NISSAN JUKE,5,E01006156,0,-1
2021010294454,2021,010294454,1,9,0,7,7,6,8,0,0,1,0,0,7,0,4,1,1,1,2,40,7,1598,1,10,NISSAN JUKE,5,E01004086,0,-1
2021131065424,2021,131065424,1,9,0,18,19,6,2,0,0,8,0,0,0,0,1,1,5,6,2,38,7,1618,1,5,NISSAN JUKE,1,E01010654,0,-1
2021991019123,2021,991019123,1,9,0,18,19,8,4,0,0,0,2,0,0,0,0,1,6,6,2,50,8,1598,1,7,NISSAN JUKE,7,-1,0,-1
2021201148273,2021,201148273,2,9,0,4,4,1,5,0,0,1,0,0,0,0,2,1,6,6,2,30,6,1598,1,5,NISSAN JUKE,2,E01010447,0,-1
2021010351721,2021,010351721,2,9,0,99,99,9,9,99,99,0,9,99,0,0,9,9,6,6,3,54,8,1598,1,8,NISSAN JUKE,5,E01004523,0,-1
2021122100737,2021,122100737,1,9,0,18,19,9,9,0,0,0,0,0,0,0,2,1,6,6,1,59,9,1461,2,5,NISSAN JUKE,6,E01027868,0,-1
202154C469221,2021,54C469221,1,9,0,9,9,7,5,0,0,4,0,0,0,0,3,1,6,6,1,42,7,1197,1,7,NISSAN JUKE,10,E01015563,0,-1
202131C153421,2021,31C153421,2,9,0,4,4,8,4,0,0,2,0,0,0,0,2,1,6,6,2,37,7,1197,1,5,NISSAN JUKE,7,E01028175,0,-1
2021161058559,2021,161058559,3,9,0,2,2,0,0,0,0,0,0,0,0,0,1,1,6,6,3,-1,-1,1598,1,9,NISSAN JUKE,-1,-1,0,-1
2021302101404,2021,302101404,1,9,0,18,19,4,1,0,0,8,0,0,0,0,1,1,6,6,1,19,4,1461,2,6,NISSAN JUKE,5,E01013831,0,-1
2021421020249,2021,421020249,3,9,0,18,19,8,4,0,0,0,0,0,0,0,2,1,2,2,2,40,7,1598,1,5,NISSAN JUKE,3,E01001602,0,-1
2021461017936,2021,461017936,1,9,0,18,19,3,7,0,0,0,2,0,1,0,1,1,5,6,1,29,6,1598,1,9,NISSAN JUKE,3,E01024241,0,-1
2021991050112,2021,991050112,1,9,0,18,19,8,4,0,0,0,0,0,0,0,1,1,1,1,2,31,6,1598,1,8,NISSAN JUKE,1,-1,0,-1
2021201095019,2021,201095019,1,9,0,5,5,8,4,9,9,1,0,0,0,0,1,1,6,6,2,-1,-1,1598,1,8,NISSAN JUKE,-1,-1,0,-1
2021461115539,2021,461115539,2,9,0,3,3,3,7,0,0,0,0,0,0,0,2,1,3,7,2,48,8,1461,2,7,NISSAN JUKE,5,E01033089,0,-1
2021141041446,2021,141041446,1,9,0,9,9,2,7,0,0,6,0,0,0,0,3,1,6,6,2,49,8,1461,2,8,NISSAN JUKE,3,E01007368,0,-1
2021201046822,2021,201046822,1,9,0,9,9,1,7,0,0,5,0,0,0,0,1,1,2,2,1,33,6,1618,1,6,NISSAN JUKE,2,E01010425,0,-1
2021302101635,2021,302101635,2,9,0,3,3,2,6,0,0,8,0,0,0,0,1,1,2,2,2,43,7,1598,1,4,NISSAN JUKE,6,E01019421,0,-1
2021471044950,2021,471044950,2,9,0,18,19,1,5,0,0,0,0,0,0,0,1,1,2,2,2,45,7,1197,1,7,NISSAN JUKE,4,E01031786,0,-1
2021101099932,2021,101099932,2,9,0,18,19,8,5,0,0,1,0,0,0,0,2,1,5,6,2,38,7,1461,2,9,NISSAN JUKE,1,E01008738,0,-1
2021351046930,2021,351046930,1,9,0,9,9,5,1,0,0,8,0,0,0,0,4,1,6,6,3,-1,-1,1598,1,9,NISSAN JUKE,-1,-1,0,-1
2021010339079,2021,010339079,1,9,9,99,99,9,9,99,99,9,9,99,9,99,9,1,6,6,3,-1,-1,1197,1,6,NISSAN JUKE,-1,-1,0,-1
2021070189618,2021,070189618,2,9,0,4,4,7,3,0,0,1,0,0,0,0,4,1,1,1,2,61,9,999,1,1,NISSAN JUKE,10,E01018502,0,-1
2021010322290,2021,010322290,1,9,0,4,4,5,1,0,0,0,0,0,0,0,0,1,6,6,2,39,7,1598,1,3,NISSAN JUKE,7,E01002198,0,-1
2021010310806,2021,010310806,2,9,0,99,99,9,9,99,99,9,9,99,9,99,9,9,6,6,3,-1,-1,1618,1,9,NISSAN JUKE,-1,-1,0,-1
2021101052521,2021,101052521,2,9,0,-1,-1,-1,-1,-1,-1,-1,-1,-1,-1,0,1,1,5,6,2,38,7,1461,2,9,NISSAN JUKE,1,E01008436,0,-1
2021010300187,2021,010300187,1,9,0,3,3,5,1,0,0,0,0,0,0,0,2,1,6,6,1,41,7,1598,1,2,NISSAN JUKE,2,E01001702,0,-1
2021122101447,2021,122101447,2,9,0,18,19,3,7,0,0,1,0,0,0,0,1,1,6,6,2,48,8,1598,1,4,NISSAN JUKE,10,E01027719,0,-1
2021010334887,2021,010334887,1,9,0,6,6,5,5,0,0,0,0,0,0,0,3,1,2,2,2,38,7,1598,1,10,NISSAN JUKE,7,E01000241,0,-1
202163C073821,2021,63C073821,1,9,0,5,5,4,7,0,0,4,0,0,0,0,1,1,2,2,1,54,8,1461,2,5,NISSAN JUKE,-1,-1,0,-1
2021501087014,2021,501087014,1,9,0,4,4,3,7,0,0,0,0,0,0,0,2,1,5,6,2,52,8,1461,2,7,NISSAN JUKE,8,E01020306,0,-1
2021520200469,2021,520200469,2,9,0,9,9,8,7,0,0,8,0,0,0,0,1,1,6,6,3,25,5,1197,1,5,NISSAN JUKE,-1,-1,0,-1
2021522102622,2021,522102622,2,9,0,18,19,4,8,0,0,3,0,0,0,0,1,1,6,6,2,65,9,1598,1,10,NISSAN JUKE,10,E01033336,0,-1
2021201111905,2021,201111905,2,9,0,5,5,2,1,0,0,2,0,0,0,0,2,1,2,2,1,48,8,1612,1,9,NISSAN JUKE,8,E01009794,0,-1
2021231027080,2021,231027080,2,9,0,7,7,5,7,0,0,6,0,0,1,0,2,1,5,6,2,33,6,1598,1,8,NISSAN JUKE,7,E01032588,0,-1
2021061113448,2021,061113448,1,9,0,5,5,7,2,0,0,3,0,0,0,0,1,1,6,6,2,58,9,999,1,0,NISSAN JUKE,4,E01005558,0,-1
202134WNC5461,2021,34WNC5461,2,9,0,4,4,1,5,0,0,8,0,0,0,0,2,1,6,6,1,62,9,1598,1,2,NISSAN JUKE,4,E01016809,0,-1
2021401109376,2021,401109376,2,9,0,18,19,3,6,0,0,0,1,0,0,0,1,1,2,2,1,32,6,1461,2,5,NISSAN JUKE,8,E01016808,0,-1
2021010329265,2021,010329265,1,9,0,18,19,5,1,0,0,0,0,0,0,0,4,1,6,6,2,68,10,999,1,1,NISSAN JUKE,2,E01003966,0,-1
2021010347377,2021,010347377,2,9,9,99,99,9,9,99,99,9,9,99,9,99,9,9,6,6,3,28,6,999,1,1,NISSAN JUKE,3,E01002015,0,-1
2021451032625,2021,451032625,3,9,0,18,19,5,1,0,0,0,0,0,0,0,1,1,5,6,1,33,6,1598,1,4,NISSAN JUKE,9,E01031742,0,-1
2021361106311,2021,361106311,1,9,0,7,7,8,2,0,0,8,0,0,0,0,3,1,6,6,1,51,8,1461,2,4,NISSAN JUKE,7,E01026536,0,-1
2021010339564,2021,010339564,1,9,0,18,19,7,3,0,0,1,0,0,0,0,2,1,2,2,2,67,10,1612,1,10,NISSAN JUKE,4,E01021451,0,-1
2021552100340,2021,552100340,1,9,0,4,4,2,6,0,0,0,0,0,0,0,4,1,2,2,2,40,7,1197,1,3,NISSAN JUKE,10,E01015295,0,-1
2021440179958,2021,440179958,1,9,0,9,9,2,8,0,0,6,0,0,0,0,3,1,6,6,1,19,4,1598,1,3,NISSAN JUKE,4,E01017263,0,-1
2021461054212,2021,461054212,2,9,0,18,19,5,1,0,0,0,0,0,0,0,2,1,5,6,2,57,9,1598,1,3,NISSAN JUKE,4,E01031575,0,-1
2021451050587,2021,451050587,4,9,0,2,2,0,0,0,0,0,0,0,0,0,4,1,6,6,2,25,5,1197,1,4,NISSAN JUKE,6,E01030755,0,-1
2021010309556,2021,010309556,1,9,0,99,99,9,9,99,99,9,9,99,9,99,1,9,6,6,3,-1,-1,1598,1,3,NISSAN JUKE,3,E01000578,0,-1
2021101052205,2021,101052205,1,9,0,18,19,1,5,0,0,0,0,0,0,0,1,1,6,6,1,-1,-1,1461,2,9,NISSAN JUKE,-1,-1,0,-1
2021010337037,2021,010337037,3,9,0,2,2,0,0,0,0,1,0,0,0,0,3,1,6,6,3,-1,-1,1598,1,10,NISSAN JUKE,-1,-1,0,-1
2021010337364,2021,010337364,1,9,0,99,99,9,9,99,99,9,9,99,9,99,3,9,6,6,1,58,9,1598,1,8,NISSAN JUKE,2,E01000049,0,-1
2021010320900,2021,010320900,1,9,0,5,5,4,8,0,0,1,0,0,0,0,2,1,6,6,2,65,9,1598,1,5,NISSAN JUKE,6,E01001870,0,-1
2021111083612,2021,111083612,1,9,0,18,19,2,6,0,0,0,0,0,0,0,1,1,6,6,2,35,6,1461,2,4,NISSAN JUKE,8,E01020837,0,-1
2021170M21471,2021,170M21471,2,9,0,18,19,2,6,0,0,8,0,0,0,0,3,1,6,6,2,31,6,1598,1,10,NISSAN JUKE,1,E01012016,0,-1
202131D017021,2021,31D017021,1,9,0,4,4,2,6,0,0,0,0,0,0,0,2,1,6,6,2,42,7,1598,1,4,NISSAN JUKE,5,E01033413,0,-1
2021010324468,2021,010324468,2,9,0,9,9,1,6,0,0,0,0,0,0,0,3,1,6,6,2,43,7,1461,2,2,NISSAN JUKE,2,E01003321,0,-1
2021201084314,2021,201084314,2,9,0,2,2,0,0,0,0,1,0,0,0,0,2,1,6,6,2,41,7,1598,1,8,NISSAN JUKE,1,E01009270,0,-1
2021461088300,2021,461088300,2,9,0,3,3,2,6,0,0,8,0,0,0,0,2,1,6,6,1,24,5,1461,2,6,NISSAN JUKE,2,E01024248,0,-1
2021221098519,2021,221098519,1,9,0,18,19,2,6,0,0,0,0,0,0,0,1,1,6,6,1,88,11,1197,1,5,NISSAN JUKE,8,E01032126,0,-1
2021041069182,2021,041069182,1,9,0,5,5,1,1,0,0,0,0,0,0,0,2,1,6,6,2,27,6,1461,2,6,NISSAN JUKE,3,E01025379,0,-1
2021010328771,2021,010328771,2,9,0,99,99,9,9,99,99,0,9,99,9,99,9,9,6,6,3,-1,-1,1461,2,4,NISSAN JUKE,5,E01024138,0,-1
2021101021418,2021,101021418,2,9,0,18,19,7,1,0,0,0,0,0,0,0,3,1,5,6,1,54,8,1598,1,9,NISSAN JUKE,4,E01008814,0,-1
202131C146721,2021,31C146721,1,9,0,18,19,2,6,0,0,8,0,0,0,0,4,1,6,6,1,62,9,1612,1,9,NISSAN JUKE,4,E01013936,0,-1
2021061047848,2021,061047848,2,9,0,18,19,5,1,0,0,1,0,0,0,0,1,1,6,6,2,30,6,1461,2,8,NISSAN JUKE,-1,-1,0,-1
2021501131409,2021,501131409,1,9,0,9,9,2,1,0,0,5,0,0,0,0,1,1,5,6,1,61,9,1461,2,7,NISSAN JUKE,5,E01020143,0,-1
2021622100013,2021,622100013,2,9,0,9,9,4,2,0,0,8,0,0,0,0,3,1,6,6,1,68,10,1197,1,5,NISSAN JUKE,9,W01001826,0,-1
2021052102901,2021,052102901,2,9,0,18,19,8,4,0,0,8,0,0,1,7,1,1,6,6,2,52,8,1461,2,9,NISSAN JUKE,2,E01006742,0,-1
202131D026521,2021,31D026521,1,9,0,15,15,4,8,0,0,8,0,0,0,0,3,1,6,6,2,19,4,1197,1,6,NISSAN JUKE,6,E01028188,0,-1
2021041057497,2021,041057497,1,9,0,18,19,1,1,0,0,0,0,0,0,0,1,1,5,6,1,79,11,999,1,0,NISSAN JUKE,-1,-1,0,-1
2021010351818,2021,010351818,1,9,0,8,8,4,6,0,0,1,0,0,0,0,1,1,6,6,2,55,8,1598,1,4,NISSAN JUKE,2,E01003124,0,-1
2021320503922,2021,320503922,3,9,0,18,19,1,5,0,0,1,0,0,0,0,2,2,6,6,2,47,8,1461,2,7,NISSAN JUKE,2,E01026175,0,-1
2021552100933,2021,552100933,1,9,0,18,19,8,4,9,9,6,0,0,0,0,4,1,2,2,3,-1,-1,1461,2,10,NISSAN JUKE,-1,-1,0,-1
2021311077790,2021,311077790,3,9,0,18,19,3,7,0,0,0,0,0,0,0,1,1,5,6,1,28,6,1598,1,6,NISSAN JUKE,7,E01028309,0,-1
202154C337421,2021,54C337421,2,9,0,2,2,0,0,0,0,0,0,0,0,0,1,1,6,6,2,52,8,1461,2,10,NISSAN JUKE,6,E01031996,0,-1
202131D051621,2021,31D051621,1,9,0,9,9,1,6,0,0,5,0,0,0,0,0,1,1,1,2,40,7,1461,2,8,NISSAN JUKE,7,E01028107,0,-1
2021201119195,2021,201119195,2,9,0,3,3,8,4,0,0,1,0,0,0,0,2,1,5,6,2,28,6,1598,1,8,NISSAN JUKE,2,E01010074,0,-1
2021991125568,2021,991125568,2,9,0,18,19,3,7,0,0,8,0,0,0,0,1,1,5,6,2,65,9,1461,2,5,NISSAN JUKE,6,-1,0,-1
2021131054872,2021,131054872,2,9,0,18,19,7,3,0,0,1,0,0,1,11,3,1,2,2,2,52,8,1618,1,4,NISSAN JUKE,6,E01011610,0,-1
2021041127337,2021,041127337,1,9,0,3,3,-1,-1,0,0,1,0,0,0,0,1,1,6,6,3,52,8,1598,1,2,NISSAN JUKE,-1,-1,0,-1
2021141032797,2021,141032797,1,9,0,18,19,1,1,0,0,1,0,0,0,0,1,1,6,6,2,31,6,1598,1,10,NISSAN JUKE,6,E01008002,0,-1
2021010319729,2021,010319729,2,9,0,4,4,7,3,0,0,1,0,0,0,0,2,1,6,6,1,38,7,999,1,1,NISSAN JUKE,6,E01017810,0,-1
2021131120448,2021,131120448,2,9,0,18,19,7,3,0,0,0,0,0,0,0,2,1,5,6,2,33,6,999,1,0,NISSAN JUKE,6,E01011299,0,-1
2021302101348,2021,302101348,1,9,0,18,19,3,7,0,0,0,0,0,0,0,1,1,6,6,1,22,5,1461,2,6,NISSAN JUKE,4,E01011794,0,-1
2021070548094,2021,070548094,3,9,0,4,4,7,3,0,0,0,0,0,0,0,1,1,6,6,1,67,10,1197,1,7,NISSAN JUKE,10,E01018696,0,-1
2021131094541,2021,131094541,1,9,0,4,4,5,1,0,0,1,0,0,0,0,2,1,2,2,2,46,8,1197,1,5,NISSAN JUKE,7,E01011592,0,-1
2021421120266,2021,421120266,1,9,0,18,19,7,3,0,0,0,0,4,0,0,1,1,6,6,2,50,8,999,1,1,NISSAN JUKE,3,E01015962,0,-1
2021552100133,2021,552100133,1,9,0,18,19,5,1,0,0,0,2,10,0,0,4,1,2,2,2,62,9,1197,1,4,NISSAN JUKE,5,E01015377,0,-1
2021010319106,2021,010319106,2,9,0,5,5,1,5,0,0,0,0,4,0,0,3,1,6,6,2,33,6,1461,2,8,NISSAN JUKE,5,E01003312,0,-1