collision_index,collision_year,collision_ref_no,vehicle_reference,vehicle_type,towing_and_articulation,vehicle_manoeuvre_historic,vehicle_manoeuvre,vehicle_direction_from,vehicle_direction_to,vehicle_location_restricted_lane_historic,vehicle_location_restricted_lane,junction_location,skidding_and_overturning,hit_object_in_carriageway,vehicle_leaving_carriageway,hit_object_off_carriageway,first_point_of_impact,vehicle_left_hand_drive,journey_purpose_of_driver_historic,journey_purpose_of_driver,sex_of_driver,age_of_driver,age_band_of_driver,engine_capacity_cc,propulsion_code,age_of_vehicle,generic_make_model,driver_imd_decile,lsoa_of_driver,escooter_flag,driver_distance_banding
2021070727178,2021,070727178,1,9,0,18,19,1,5,0,0,8,0,0,0,0,1,1,6,6,2,49,8,1461,2,4,NISSAN JUKE,8,E01012389,0,-1
2021501107092,2021,501107092,2,9,0,9,9,1,5,0,0,8,0,0,0,0,1,1,5,6,2,67,10,1598,1,2,NISSAN JUKE,5,E01020115,0,-1
2021471107956,2021,471107956,3,9,0,4,4,1,4,0,0,4,0,0,0,0,1,1,5,6,2,36,7,1598,1,9,NISSAN JUKE,6,E01021097,0,-1
2021101067351,2021,101067351,2,9,0,18,19,3,7,0,0,0,0,0,1,0,1,1,6,6,1,73,10,1461,2,7,NISSAN JUKE,5,E01027374,0,-1
2021131037978,2021,131037978,2,9,0,9,9,5,1,0,0,8,0,0,0,0,2,1,5,6,1,59,9,1461,2,5,NISSAN JUKE,5,E01011820,0,-1
2021320300416,2021,320300416,1,9,0,4,4,7,3,0,0,0,0,0,0,0,2,1,6,6,1,29,6,999,1,0,NISSAN JUKE,5,E01013973,0,-1
2021451025260,2021,451025260,1,9,0,18,19,1,5,0,0,0,0,0,0,0,4,1,6,6,2,35,6,999,1,0,NISSAN JUKE,7,E01023116,0,-1
2021131071839,2021,131071839,2,9,0,4,4,7,3,0,0,0,0,0,0,0,2,1,6,6,2,45,7,1598,1,2,NISSAN JUKE,1,E01010721,0,-1
2021161045145,2021,161045145,1,9,0,18,19,1,5,0,0,8,0,0,0,0,4,1,2,2,2,23,5,1461,2,9,NISSAN JUKE,5,E01028042,0,-1
2021501064814,2021,501064814,2,9,0,4,4,3,7,0,0,0,0,0,0,0,2,1,6,6,1,69,10,1461,2,11,NISSAN JUKE,6,E01019011,0,-1
2021211066766,2021,211066766,2,9,-1,-1,-1,-1,-1,-1,-1,0,-1,-1,-1,0,-1,1,4,7,2,38,7,1461,2,4,NISSAN JUKE,7,E01029668,0,-1
2021010288025,2021,010288025,2,9,0,18,19,1,5,0,0,5,0,0,0,0,1,1,2,2,2,33,6,1598,1,10,NISSAN JUKE,3,E01004563,0,-1
2021061085681,2021,061085681,2,9,0,4,4,1,5,0,0,0,0,0,0,0,2,1,5,6,1,57,9,1598,1,4,NISSAN JUKE,2,E01005974,0,-1
2021461059868,2021,461059868,1,9,0,9,9,3,7,0,0,5,0,0,2,0,3,1,5,6,2,26,6,1197,1,5,NISSAN JUKE,8,E01024763,0,-1
2021471094279,2021,471094279,2,9,0,3,3,7,3,0,0,0,0,0,0,0,1,1,5,6,2,59,9,1598,1,4,NISSAN JUKE,6,E01021047,0,-1
2021421047716,2021,421047716,3,9,0,18,19,5,1,0,0,0,0,0,7,0,1,1,5,6,1,73,10,1461,2,5,NISSAN JUKE,6,E01018264,0,-1
2021991060079,2021,991060079,2,9,0,2,2,0,0,0,0,0,0,0,0,0,4,1,5,6,1,78,11,999,1,1,NISSAN JUKE,1,-1,0,-1
2021320269745,2021,320269745,1,9,0,18,19,2,6,0,0,0,0,0,0,0,2,1,6,6,2,38,7,1461,2,5,NISSAN JUKE,3,E01013158,0,-1
2021501063616,2021,501063616,3,9,0,18,19,8,5,0,0,8,0,0,0,0,3,1,5,6,1,52,8,1461,2,5,NISSAN JUKE,3,E01018873,0,-1
2021440298054,2021,440298054,1,9,0,9,9,1,5,0,0,8,0,0,0,0,1,1,6,6,1,62,9,1197,1,6,NISSAN JUKE,9,E01022943,0,-1
2021131114045,2021,131114045,2,9,0,8,8,8,2,0,0,4,0,0,0,0,2,1,6,6,2,60,9,1461,2,7,NISSAN JUKE,1,E01007318,0,-1
2021061110457,2021,061110457,1,9,0,9,9,5,3,0,0,6,0,0,0,0,1,1,1,1,1,30,6,1461,2,8,NISSAN JUKE,1,E01005197,0,-1
202106K079698,2021,06K079698,4,9,0,5,5,5,1,0,0,0,0,0,0,0,1,1,6,6,2,34,6,1197,1,7,NISSAN JUKE,3,E01004874,0,-1
202131C061521,2021,31C061521,2,9,0,18,19,7,3,0,0,1,0,0,0,0,1,1,6,6,3,-1,-1,1461,2,6,NISSAN JUKE,-1,-1,0,-1
2021421016529,2021,421016529,2,9,0,18,19,1,5,0,0,8,0,0,0,0,1,1,6,6,2,22,5,1197,1,5,NISSAN JUKE,9,E01021346,0,-1
2021461099487,2021,461099487,2,9,0,18,19,5,1,0,0,1,0,0,0,0,3,1,5,6,2,58,9,1598,1,4,NISSAN JUKE,7,E01024141,0,-1
2021131108516,2021,131108516,4,9,0,18,19,7,3,0,0,0,0,0,0,0,1,1,5,6,2,45,7,1461,2,3,NISSAN JUKE,8,E01013305,0,-1
2021141072842,2021,141072842,1,9,0,5,5,8,4,0,0,1,0,0,0,0,1,1,5,6,1,69,10,1598,1,2,NISSAN JUKE,4,E01008073,0,-1
2021211066888,2021,211066888,3,9,0,2,2,0,0,0,0,0,0,0,0,0,3,1,6,6,2,49,8,1598,1,8,NISSAN JUKE,7,E01029694,0,-1
2021141087725,2021,141087725,1,9,0,9,9,1,3,0,0,1,0,0,7,9,3,1,2,2,2,32,6,1598,1,8,NISSAN JUKE,9,E01011812,0,-1
2021302101828,2021,302101828,2,9,0,18,19,7,3,0,0,0,0,0,0,0,2,1,6,6,2,24,5,1598,1,10,NISSAN JUKE,7,E01019634,0,-1
2021421093376,2021,421093376,2,9,0,18,19,1,4,0,0,0,0,0,0,0,3,1,5,6,2,41,7,1598,1,10,NISSAN JUKE,3,E01021862,0,-1
2021552100352,2021,552100352,1,9,0,12,12,4,6,0,0,6,0,0,0,0,3,1,6,6,2,76,11,1598,1,2,NISSAN JUKE,10,E01020420,0,-1
2021522103889,2021,522103889,2,9,0,18,19,4,8,0,0,1,0,0,0,0,1,1,6,6,2,21,5,1197,1,6,NISSAN JUKE,7,E01014680,0,-1
2021010307265,2021,010307265,1,9,0,5,5,1,5,0,0,1,0,0,0,0,3,1,6,6,2,37,7,1598,1,8,NISSAN JUKE,2,E01001776,0,-1
2021401064087,2021,401064087,3,9,0,2,2,0,0,0,0,0,0,0,0,0,3,1,5,6,3,-1,-1,1461,2,9,NISSAN JUKE,-1,-1,0,-1
2021061077414,2021,061077414,1,9,0,7,7,1,5,0,0,2,0,0,3,3,1,1,5,6,2,66,10,1197,1,5,NISSAN JUKE,5,E01004831,0,-1
2021991070166,2021,991070166,5,9,0,18,19,1,5,0,0,0,0,0,0,0,2,1,5,6,1,48,8,1598,1,3,NISSAN JUKE,4,-1,0,-1
2021471127305,2021,471127305,2,9,0,4,4,8,3,0,0,2,0,0,0,0,2,1,6,6,2,24,5,1461,2,5,NISSAN JUKE,7,E01021007,0,-1
2021411073894,2021,411073894,2,9,0,18,19,7,3,0,0,1,0,0,0,0,3,1,5,6,2,30,6,999,1,0,NISSAN JUKE,10,E01023432,0,-1
2021991049451,2021,991049451,5,9,0,18,19,3,7,0,0,0,0,0,0,0,1,1,2,2,2,49,8,1598,1,7,NISSAN JUKE,1,-1,0,-1
2021991103268,2021,991103268,1,9,0,16,19,4,7,0,0,0,0,0,0,0,1,1,1,1,1,32,6,1598,1,9,NISSAN JUKE,4,-1,0,-1
2021451088049,2021,451088049,3,9,0,18,19,7,3,0,0,0,0,0,1,7,2,1,5,6,2,72,10,1598,1,7,NISSAN JUKE,6,E01003843,0,-1
2021041067143,2021,041067143,3,9,0,3,3,7,3,0,0,1,0,0,0,0,2,1,5,6,2,53,8,1197,1,6,NISSAN JUKE,4,E01024896,0,-1
2021101055612,2021,101055612,2,9,0,3,3,7,3,0,0,0,0,0,0,0,2,1,5,6,1,63,9,1461,2,9,NISSAN JUKE,5,E01027553,0,-1
2021111089304,2021,111089304,1,9,0,18,19,1,5,0,0,0,0,0,7,0,1,1,5,6,2,51,8,1598,1,9,NISSAN JUKE,2,E01020686,0,-1
2021991180181,2021,991180181,1,9,0,18,19,7,5,0,0,2,0,0,0,0,3,1,5,6,2,24,5,1598,1,2,NISSAN JUKE,1,-1,0,-1
2021201044128,2021,201044128,1,9,0,18,19,2,1,0,0,1,0,10,3,10,1,1,6,6,2,29,6,1598,1,6,NISSAN JUKE,1,E01010318,0,-1
2021302101368,2021,302101368,1,9,0,18,19,8,2,0,0,1,0,0,0,0,3,1,6,6,2,-1,-1,1461,2,6,NISSAN JUKE,4,E01027928,0,-1
2021471056581,2021,471056581,2,9,0,3,3,3,7,0,0,0,0,0,0,0,2,1,5,6,1,52,8,1598,1,7,NISSAN JUKE,4,E01016871,0,-1
2021010288290,2021,010288290,1,9,0,5,5,1,5,0,0,6,0,0,0,0,3,1,6,6,1,19,4,1598,1,7,NISSAN JUKE,2,E01001577,0,-1
2021451019209,2021,451019209,2,9,0,18,19,3,7,0,0,0,1,0,0,0,1,1,6,6,2,68,10,1598,1,7,NISSAN JUKE,10,E01030314,0,-1
2021010345594,2021,010345594,2,9,0,18,19,3,7,0,0,1,0,0,0,0,1,1,6,6,2,49,8,1197,1,4,NISSAN JUKE,3,E01033583,0,-1
2021461066757,2021,461066757,2,9,0,4,4,7,3,0,0,1,0,0,0,0,2,1,6,6,2,54,8,1598,1,10,NISSAN JUKE,5,E01016149,0,-1
2021440230262,2021,440230262,1,9,0,2,2,0,0,0,0,0,0,0,0,0,3,1,6,6,2,41,7,1197,1,3,NISSAN JUKE,7,E01022735,0,-1
2021201087081,2021,201087081,1,9,0,18,19,8,4,0,0,4,0,0,0,0,1,1,6,6,2,58,9,1598,1,4,NISSAN JUKE,1,E01009347,0,-1
2021041051880,2021,041051880,2,9,0,17,19,5,3,0,0,1,0,0,0,0,3,1,5,6,1,32,6,1461,2,7,NISSAN JUKE,2,E01025579,0,-1
2021401080015,2021,401080015,1,9,0,9,9,-1,-1,0,0,8,0,0,0,0,3,1,5,6,2,48,8,999,1,1,NISSAN JUKE,8,E01015693,0,-1
2021131126192,2021,131126192,2,9,0,18,19,1,5,0,0,8,0,0,0,0,1,1,5,6,2,26,6,1598,1,5,NISSAN JUKE,2,E01011223,0,-1
2021440204351,2021,440204351,1,9,0,18,19,8,4,0,0,0,0,0,0,0,1,1,2,2,2,46,8,1197,1,7,NISSAN JUKE,1,E01017250,0,-1
2021070205646,2021,070205646,1,9,0,4,4,3,8,0,0,2,0,4,0,0,2,1,6,6,2,37,7,1197,1,3,NISSAN JUKE,8,E01012528,0,-1
2021531112013,2021,531112013,1,9,0,5,5,3,5,0,0,0,0,0,0,0,2,1,5,6,2,53,8,1598,1,2,NISSAN JUKE,10,E01022360,0,-1
2021111063788,2021,111063788,2,9,0,18,19,1,5,0,0,0,5,0,4,0,2,1,5,6,1,67,10,1461,2,4,NISSAN JUKE,5,E01027500,0,-1
2021101032324,2021,101032324,1,9,0,5,5,5,1,0,0,0,0,0,0,0,2,1,5,6,2,-1,-1,1197,1,3,NISSAN JUKE,-1,-1,0,-1
2021302101441,2021,302101441,1,9,0,18,19,4,8,0,0,0,0,0,1,11,1,1,6,6,2,45,7,1598,1,11,NISSAN JUKE,2,E01019441,0,-1
2021201130335,2021,201130335,3,9,0,2,2,0,0,0,0,0,0,0,0,0,1,1,6,6,1,38,7,1461,2,9,NISSAN JUKE,1,E01009025,0,-1
2021991067292,2021,991067292,2,9,0,18,19,8,4,0,0,8,0,0,0,0,3,1,6,6,1,88,11,1598,1,6,NISSAN JUKE,5,-1,0,-1
2021421016361,2021,421016361,1,9,0,7,7,3,7,5,5,5,0,0,1,0,4,1,6,6,1,37,7,1598,1,4,NISSAN JUKE,4,E01021310,0,-1
2021302100554,2021,302100554,1,9,0,9,9,5,2,0,0,2,0,0,0,0,0,1,6,6,1,56,9,1197,1,3,NISSAN JUKE,2,E01019542,0,-1
2021451025397,2021,451025397,1,9,0,18,19,7,3,0,0,4,0,0,0,0,1,1,5,6,2,48,8,1197,1,7,NISSAN JUKE,5,E01016494,0,-1
2021041016694,2021,041016694,2,9,0,3,3,5,1,0,0,4,0,0,0,0,2,1,5,6,2,36,7,1461,2,6,NISSAN JUKE,3,E01025379,0,-1
2021461060432,2021,461060432,2,9,0,10,10,1,5,0,0,0,0,0,0,0,0,1,5,6,2,45,7,999,1,2,NISSAN JUKE,6,E01001619,0,-1
2021440270422,2021,440270422,1,9,0,9,9,8,6,0,0,1,0,0,0,0,1,1,6,6,1,40,7,1461,2,5,NISSAN JUKE,8,E01031418,0,-1
2021440099874,2021,440099874,1,9,0,5,5,6,2,0,0,8,0,0,0,0,1,1,6,6,2,72,10,999,1,1,NISSAN JUKE,10,E01022987,0,-1
2021471096494,2021,471096494,1,9,0,7,7,5,7,0,0,0,0,0,0,0,4,1,1,1,1,57,9,1197,1,4,NISSAN JUKE,9,E01030822,0,-1
2021461110984,2021,461110984,3,9,0,18,19,4,8,0,0,0,0,0,0,0,3,1,6,6,2,64,9,999,1,0,NISSAN JUKE,4,E01024429,0,-1
2021010308915,2021,010308915,1,9,0,99,99,9,9,99,99,9,9,99,9,99,2,9,6,6,2,31,6,1598,1,10,NISSAN JUKE,2,E01002505,0,-1
2021320244749,2021,320244749,1,9,0,18,19,5,1,9,9,1,0,0,0,0,1,2,6,6,2,53,8,1598,1,9,NISSAN JUKE,1,E01026312,0,-1
202106K079005,2021,06K079005,2,9,0,18,19,8,4,0,0,8,0,0,0,0,3,1,6,6,2,25,5,1598,1,4,NISSAN JUKE,2,E01004907,0,-1
2021010334263,2021,010334263,2,9,0,18,19,3,7,0,0,1,0,0,0,0,1,1,6,6,2,69,10,1197,1,6,NISSAN JUKE,2,E01001625,0,-1
2021221100227,2021,221100227,2,9,0,18,19,6,2,0,0,8,0,0,0,0,1,1,5,6,2,62,9,999,1,0,NISSAN JUKE,9,E01014134,0,-1
2021010331086,2021,010331086,1,9,0,18,19,1,5,0,0,6,0,0,0,0,1,1,3,7,2,27,6,1461,2,8,NISSAN JUKE,5,E01000996,0,-1
202131A176021,2021,31A176021,2,9,0,11,11,3,7,0,0,0,0,0,0,0,4,1,6,6,2,22,5,1598,1,7,NISSAN JUKE,4,E01027929,0,-1
2021991081370,2021,991081370,1,9,0,7,7,4,6,0,0,1,0,0,0,0,1,1,5,6,2,53,8,1461,2,9,NISSAN JUKE,2,-1,0,-1
2021052102844,2021,052102844,1,9,0,9,9,3,1,0,0,8,0,0,0,0,1,1,6,6,2,49,8,1197,1,4,NISSAN JUKE,1,E01006874,0,-1
2021461068330,2021,461068330,3,9,0,18,19,7,3,0,0,0,0,0,0,0,1,1,6,6,2,38,7,1598,1,2,NISSAN JUKE,3,E01016044,0,-1
2021302101866,2021,302101866,1,9,0,9,9,1,7,0,0,4,0,0,0,0,3,1,2,2,1,49,8,1618,1,8,NISSAN JUKE,1,E01013822,0,-1
2021010338845,2021,010338845,1,9,0,17,19,7,5,0,0,2,0,0,0,0,1,1,6,6,2,67,10,1598,1,2,NISSAN JUKE,-1,-1,0,-1
2021501080571,2021,501080571,1,9,0,1,1,2,6,0,0,0,0,0,0,0,4,1,3,7,2,38,7,1461,2,7,NISSAN JUKE,4,E01019054,0,-1
2021010373044,2021,010373044,1,9,0,99,99,9,9,99,99,9,9,99,9,99,9,9,2,2,2,33,6,1598,1,4,NISSAN JUKE,4,E01003076,0,-1
2021131098995,2021,131098995,2,9,0,2,2,0,0,0,0,0,0,0,0,0,3,1,6,6,3,-1,-1,1461,2,8,NISSAN JUKE,-1,-1,0,-1
2021501090094,2021,501090094,2,9,0,17,19,5,1,0,0,8,5,0,1,0,1,1,5,6,1,45,7,999,1,0,NISSAN JUKE,-1,-1,0,-1
2021010346286,2021,010346286,1,9,0,99,99,9,9,99,99,9,9,99,9,99,2,9,6,6,2,61,9,1197,1,6,NISSAN JUKE,7,E01004620,0,-1
2021552100381,2021,552100381,1,9,0,16,19,6,8,0,0,8,0,0,0,0,1,1,6,6,2,18,4,1197,1,6,NISSAN JUKE,8,E01015335,0,-1
2021411089526,2021,411089526,4,9,0,2,2,0,0,9,9,2,0,0,0,0,1,1,6,6,3,-1,-1,1197,1,6,NISSAN JUKE,-1,-1,0,-1
2021111013767,2021,111013767,2,9,0,16,19,2,6,0,0,0,0,0,0,0,1,1,6,6,2,50,8,1461,2,6,NISSAN JUKE,3,E01020856,0,-1
2021010330785,2021,010330785,1,9,0,18,19,1,5,0,0,4,0,0,0,0,1,1,6,6,2,30,6,1598,1,8,NISSAN JUKE,7,E01001280,0,-1
2021201129510,2021,201129510,1,9,0,18,19,2,6,0,0,3,0,0,0,0,3,1,6,6,2,53,8,1197,1,5,NISSAN JUKE,2,E01009981,0,-1
2021052100043,2021,052100043,1,9,0,5,5,3,7,0,0,2,0,0,0,0,1,1,6,6,2,35,6,1598,1,2,NISSAN JUKE,2,E01007125,0,-1
2021201067886,2021,201067886,2,9,0,9,9,8,6,0,0,4,1,10,2,0,3,1,6,6,2,69,10,1461,2,6,NISSAN JUKE,9,E01032178,0,-1
2021101037719,2021,101037719,2,9,0,9,9,5,2,0,0,8,0,0,0,0,3,1,5,6,2,37,7,1197,1,6,NISSAN JUKE,1,E01020724,0,-1
2021430499148,2021,430499148,1,9,0,18,19,4,8,0,0,0,0,0,0,0,1,1,2,2,1,49,8,1598,1,4,NISSAN JUKE,5,E01016731,0,-1
2021201071758,2021,201071758,1,9,0,18,19,6,2,0,0,8,0,0,0,0,1,1,6,6,1,30,6,1598,1,4,NISSAN JUKE,7,E01009453,0,-1
2021991033847,2021,991033847,1,9,0,5,5,7,3,0,0,1,0,0,0,0,4,1,6,6,2,73,10,999,1,0,NISSAN JUKE,4,-1,0,-1
2021101036818,2021,101036818,1,9,0,18,19,1,5,0,0,1,0,0,0,0,1,1,5,6,2,64,9,1461,2,6,NISSAN JUKE,2,E01008705,0,-1
202131D130521,2021,31D130521,1,9,0,18,19,8,4,0,0,2,0,4,1,11,1,1,6,6,2,43,7,999,1,1,NISSAN JUKE,6,E01028156,0,-1
2021520104120,2021,520104120,2,9,0,5,5,7,3,0,0,6,0,0,0,0,1,1,6,6,2,40,7,999,1,1,NISSAN JUKE,4,E01029343,0,-1
2021552101271,2021,552101271,2,9,0,18,19,3,7,0,0,8,0,0,0,0,4,1,6,6,1,72,10,1197,1,3,NISSAN JUKE,4,E01020581,0,-1
2021991074510,2021,991074510,1,9,0,15,15,2,6,0,0,0,0,0,0,0,1,1,5,6,2,52,8,1598,1,8,NISSAN JUKE,2,-1,0,-1
2021131068741,2021,131068741,2,9,0,18,19,1,5,0,0,0,0,4,0,0,1,1,5,6,1,37,7,1598,1,8,NISSAN JUKE,6,E01011076,0,-1
2021430349528,2021,430349528,2,9,0,18,19,4,8,0,0,0,0,0,0,0,2,1,6,6,2,44,7,1461,2,7,NISSAN JUKE,-1,-1,0,-1
2021201148056,2021,201148056,2,9,0,17,19,6,4,0,0,2,0,0,0,0,1,1,6,6,1,52,8,999,1,0,NISSAN JUKE,8,E01009896,0,-1
2021361046180,2021,361046180,1,9,0,18,19,3,8,0,0,0,0,0,0,0,4,1,6,6,3,-1,-1,1461,2,4,NISSAN JUKE,-1,-1,0,-1
2021111048870,2021,111048870,1,9,0,18,19,3,7,0,0,8,0,0,0,0,1,1,5,6,2,57,9,1598,1,10,NISSAN JUKE,2,E01020892,0,-1
2021010299711,2021,010299711,1,9,0,5,5,3,7,0,0,4,0,0,0,0,1,1,6,6,2,41,7,1598,1,7,NISSAN JUKE,3,E01003387,0,-1
2021141104211,2021,141104211,1,9,0,5,5,6,2,0,0,0,0,0,0,0,2,1,2,2,2,49,8,1598,1,5,NISSAN JUKE,8,E01008131,0,-1
2021010352473,2021,010352473,1,9,0,99,99,9,9,0,0,8,0,0,0,0,3,1,6,6,2,30,6,1197,1,3,NISSAN JUKE,7,E01016470,0,-1
2021010290893,2021,010290893,2,9,0,18,19,5,1,0,0,8,0,0,0,0,1,1,6,6,2,37,7,1618,1,9,NISSAN JUKE,3,E01001823,0,-1
2021440254470,2021,440254470,3,9,0,18,19,6,2,0,0,0,0,0,0,0,1,1,6,6,2,53,8,1197,1,7,NISSAN JUKE,10,E01016684,0,-1
2021138140613,2021,138140613,2,9,0,18,19,7,3,0,0,8,1,4,0,0,3,1,6,6,2,28,6,1618,1,6,NISSAN JUKE,4,E01011876,0,-1
2021361079750,2021,361079750,2,9,-1,-1,-1,-1,-1,-1,-1,0,-1,-1,-1,0,-1,1,6,6,2,54,8,1598,1,4,NISSAN JUKE,-1,-1,0,-1
2021421021067,2021,421021067,1,9,0,18,19,3,7,0,0,0,1,0,0,0,1,1,6,6,2,29,6,1612,1,10,NISSAN JUKE,4,E01015903,0,-1
2021061087222,2021,061087222,1,9,0,18,19,3,7,0,0,8,0,0,0,0,1,1,6,6,2,36,7,1598,1,10,NISSAN JUKE,1,E01005191,0,-1
2021221028186,2021,221028186,2,9,0,10,10,8,6,0,0,8,0,0,0,0,2,1,2,2,2,51,8,1598,1,7,NISSAN JUKE,4,E01032384,0,-1
2021010307859,2021,010307859,2,9,0,9,9,7,5,0,0,6,0,0,0,0,1,1,6,6,1,27,6,1197,1,6,NISSAN JUKE,-1,-1,0,-1
2021010300986,2021,010300986,1,9,0,9,9,5,4,0,0,5,0,0,0,0,1,1,6,6,1,28,6,1618,1,5,NISSAN JUKE,2,E01004253,0,-1
2021991089747,2021,991089747,2,9,0,6,6,5,5,0,0,0,0,0,0,0,1,1,6,6,1,86,11,1598,1,3,NISSAN JUKE,10,-1,0,-1
2021161081208,2021,161081208,2,9,0,3,3,1,5,0,0,8,0,0,0,0,0,1,5,6,2,40,7,1461,2,8,NISSAN JUKE,4,E01013239,0,-1
2021991114786,2021,991114786,1,9,0,9,9,3,8,0,0,1,0,0,0,0,4,1,5,6,1,81,11,1461,2,5,NISSAN JUKE,10,-1,0,-1
2021421070164,2021,421070164,1,9,0,4,4,3,3,0,0,0,0,0,0,0,2,1,5,6,1,44,7,1197,1,3,NISSAN JUKE,10,E01002390,0,-1
2021421033626,2021,421033626,2,9,0,18,19,3,7,0,0,1,0,0,0,0,2,1,6,6,2,20,4,1197,1,5,NISSAN JUKE,2,E01021816,0,-1
2021211052376,2021,211052376,2,9,0,18,19,6,2,0,0,6,0,0,3,0,1,1,2,2,2,22,5,1461,2,6,NISSAN JUKE,9,E01029664,0,-1
2021010351198,2021,010351198,2,9,0,18,19,2,6,0,0,0,0,0,0,0,2,1,3,7,2,44,7,1197,1,5,NISSAN JUKE,5,E01001091,0,-1
2021531093326,2021,531093326,1,9,0,13,13,7,3,0,0,1,0,0,0,0,1,1,5,6,2,43,7,1598,1,8,NISSAN JUKE,-1,-1,0,-1
2021522105279,2021,522105279,1,9,0,7,7,6,1,0,0,1,0,0,0,0,1,1,6,6,1,38,7,1197,1,7,NISSAN JUKE,4,E01014623,0,-1
2021471104185,2021,471104185,2,9,0,4,4,4,8,0,0,1,0,0,0,0,2,1,5,6,2,24,5,1197,1,3,NISSAN JUKE,9,E01021963,0,-1
2021430516020,2021,430516020,2,9,0,18,19,6,2,0,0,0,0,0,0,0,1,1,6,6,2,55,8,1461,2,5,NISSAN JUKE,9,E01017637,0,-1
2021430495783,2021,430495783,1,9,0,9,9,6,4,0,0,5,0,0,0,0,3,1,6,6,2,53,8,1598,1,6,NISSAN JUKE,-1,-1,0,-1
2021211124973,2021,211124973,1,9,0,7,7,1,3,0,0,1,0,0,0,0,4,1,2,2,1,40,7,1461,2,8,NISSAN JUKE,-1,-1,0,-1
2021421021067,2021,421021067,2,9,0,18,19,3,7,0,0,0,0,0,0,0,2,1,5,6,1,38,7,999,1,1,NISSAN JUKE,4,E01015907,0,-1
2021440300618,2021,440300618,3,9,0,18,19,3,7,0,0,0,0,0,0,0,1,1,2,2,2,28,6,1197,1,6,NISSAN JUKE,6,E01017176,0,-1
2021371086176,2021,371086176,3,9,0,2,2,0,0,6,6,8,0,0,0,0,4,1,6,6,3,-1,-1,1197,1,5,NISSAN JUKE,-1,-1,0,-1
2021010318440,2021,010318440,1,9,0,4,4,1,5,0,0,1,0,0,0,0,2,1,6,6,2,47,8,1598,1,6,NISSAN JUKE,5,E01023529,0,-1
2021010331623,2021,010331623,1,9,0,18,19,5,1,0,0,6,0,0,0,0,1,1,6,6,1,-1,-1,999,1,0,NISSAN JUKE,6,E01004108,0,-1
2021161059960,2021,161059960,1,9,0,18,19,3,7,0,0,0,0,0,7,9,1,1,6,6,1,35,6,1461,2,7,NISSAN JUKE,1,E01013083,0,-1
2021010294488,2021,010294488,1,9,0,9,9,7,5,0,0,6,0,0,0,0,1,1,6,6,1,24,5,1598,1,7,NISSAN JUKE,2,E01003111,0,-1
202131D194121,2021,31D194121,1,9,0,18,19,8,4,0,0,0,5,0,0,0,3,1,6,6,2,47,8,1598,1,9,NISSAN JUKE,2,E01026975,0,-1
2021461059172,2021,461059172,1,9,0,18,19,5,1,0,0,0,0,0,0,0,3,1,6,6,1,41,7,1461,2,9,NISSAN JUKE,2,E01032799,0,-1
2021401087889,2021,401087889,1,9,0,18,19,7,3,0,0,0,0,0,0,0,1,1,2,2,2,41,7,1598,1,2,NISSAN JUKE,9,E01017428,0,-1
2021622100555,2021,622100555,1,9,0,9,9,4,2,0,0,8,0,0,0,0,3,1,6,6,2,30,6,1461,2,7,NISSAN JUKE,2,W01001942,0,-1
2021401039709,2021,401039709,1,9,-1,18,19,-1,-1,9,9,-1,-1,-1,-1,0,1,1,3,7,2,36,7,1461,2,8,NISSAN JUKE,3,E01015724,0,-1
2021320336411,2021,320336411,1,9,0,18,19,4,8,0,0,0,0,0,0,0,1,1,3,7,2,46,8,1461,2,5,NISSAN JUKE,5,E01026367,0,-1
2021052100698,2021,052100698,2,9,0,2,2,0,0,0,0,0,0,0,0,0,1,1,6,6,2,34,6,1461,2,7,NISSAN JUKE,1,E01006775,0,-1
2021010352276,2021,010352276,2,9,0,9,9,5,2,0,0,8,0,0,0,0,4,1,6,6,2,27,6,1618,1,9,NISSAN JUKE,5,E01000468,0,-1
2021061121039,2021,061121039,1,9,0,18,19,7,3,0,0,2,0,0,0,0,1,1,6,6,2,57,9,1461,2,7,NISSAN JUKE,4,E01006012,0,-1
2021211099510,2021,211099510,2,9,0,5,5,1,5,0,0,8,0,0,0,0,1,1,6,6,2,38,7,1598,1,9,NISSAN JUKE,1,E01029566,0,-1
2021221039227,2021,221039227,1,9,0,8,8,7,8,0,0,1,0,0,0,0,2,1,5,6,1,41,7,1618,1,8,NISSAN JUKE,3,E01032241,0,-1
2021141042625,2021,141042625,2,9,0,18,19,3,7,0,0,1,0,0,0,0,1,1,6,6,1,-1,-1,1461,2,5,NISSAN JUKE,3,E01007800,0,-1
202163A036121,2021,63A036121,2,9,0,10,10,1,8,0,0,8,0,0,0,0,2,1,6,6,2,57,9,1461,2,4,NISSAN JUKE,5,W01000685,0,-1
2021622100442,2021,622100442,2,9,0,4,4,2,6,0,0,1,0,0,0,0,2,1,6,6,2,66,10,1598,1,7,NISSAN JUKE,2,W01000752,0,-1
2021131079424,2021,131079424,2,9,0,2,2,4,8,0,0,0,0,0,1,0,2,1,5,6,2,39,7,1461,2,4,NISSAN JUKE,2,E01011450,0,-1
2021451045818,2021,451045818,1,9,0,9,9,1,5,9,9,2,0,0,0,0,1,1,5,6,1,75,10,1598,1,7,NISSAN JUKE,5,E01030743,0,-1
2021548222721,2021,548222721,2,9,0,18,19,7,3,0,0,8,0,0,0,0,1,1,1,1,2,51,8,1461,2,7,NISSAN JUKE,8,E01031977,0,-1