collision_index,collision_year,collision_ref_no,vehicle_reference,vehicle_type,towing_and_articulation,vehicle_manoeuvre_historic,vehicle_manoeuvre,vehicle_direction_from,vehicle_direction_to,vehicle_location_restricted_lane_historic,vehicle_location_restricted_lane,junction_location,skidding_and_overturning,hit_object_in_carriageway,vehicle_leaving_carriageway,hit_object_off_carriageway,first_point_of_impact,vehicle_left_hand_drive,journey_purpose_of_driver_historic,journey_purpose_of_driver,sex_of_driver,age_of_driver,age_band_of_driver,engine_capacity_cc,propulsion_code,age_of_vehicle,generic_make_model,driver_imd_decile,lsoa_of_driver,escooter_flag,driver_distance_banding
2021010304467,2021,010304467,1,9,0,7,7,1,3,0,0,8,0,0,0,0,4,1,6,6,2,38,7,1598,1,3,NISSAN JUKE,3,E01000107,0,-1
2021170L21311,2021,170L21311,4,9,0,7,7,4,6,0,0,0,1,0,0,0,1,1,2,2,2,32,6,1197,1,4,NISSAN JUKE,7,E01012152,0,-1
2021131057265,2021,131057265,1,9,0,18,19,1,1,0,0,8,0,0,0,0,1,1,5,6,2,47,8,1598,1,2,NISSAN JUKE,4,E01011165,0,-1
2021052100569,2021,052100569,1,9,0,12,12,7,3,0,0,0,0,0,0,0,3,1,6,6,2,30,6,1197,1,4,NISSAN JUKE,7,E01006591,0,-1
2021302101611,2021,302101611,2,9,0,18,19,4,8,0,0,0,0,0,0,0,1,1,6,6,2,55,8,1197,1,4,NISSAN JUKE,2,E01019842,0,-1
2021201116450,2021,201116450,3,9,0,18,19,4,8,0,0,0,0,0,0,0,2,1,6,6,2,42,7,1598,1,4,NISSAN JUKE,2,E01009662,0,-1
2021471109513,2021,471109513,3,9,0,2,2,0,0,0,0,2,0,0,0,0,1,1,6,6,3,-1,-1,1461,2,4,NISSAN JUKE,-1,-1,0,-1
2021320283366,2021,320283366,2,9,0,4,4,4,8,0,0,1,0,0,0,0,3,1,6,6,2,25,5,1598,1,9,NISSAN JUKE,9,E01032993,0,-1
2021061047422,2021,061047422,2,9,0,18,19,2,6,0,0,0,0,0,0,0,1,1,5,6,2,62,9,1598,1,2,NISSAN JUKE,10,E01006205,0,-1
2021010303843,2021,010303843,2,9,0,99,99,9,9,99,99,8,9,99,9,99,9,9,6,6,3,-1,-1,1598,1,4,NISSAN JUKE,3,E01003113,0,-1
2021451085449,2021,451085449,1,9,0,18,19,7,3,0,0,0,0,0,0,0,4,1,6,6,2,50,8,1461,2,4,NISSAN JUKE,7,E01030576,0,-1
2021141124730,2021,141124730,1,9,0,18,19,3,7,0,0,8,0,0,0,0,1,1,5,6,1,68,10,1598,1,10,NISSAN JUKE,2,E01007976,0,-1
2021041024431,2021,041024431,3,9,0,2,2,5,5,0,0,1,0,0,0,0,4,1,6,6,3,-1,-1,1598,1,9,NISSAN JUKE,-1,-1,0,-1
2021131098751,2021,131098751,2,9,0,18,19,3,7,0,0,1,0,0,0,0,1,1,5,6,2,66,10,1598,1,2,NISSAN JUKE,1,E01011340,0,-1
2021010332919,2021,010332919,1,9,0,9,9,1,7,0,0,2,0,0,0,0,4,1,6,6,2,32,6,1598,1,8,NISSAN JUKE,1,E01004273,0,-1
2021501112597,2021,501112597,2,9,0,16,19,6,2,0,0,0,0,0,0,0,1,1,5,6,2,56,9,1461,2,5,NISSAN JUKE,6,E01029321,0,-1
2021010315512,2021,010315512,2,9,0,99,99,9,9,99,99,9,9,99,9,99,2,9,6,6,3,-1,-1,1598,1,4,NISSAN JUKE,-1,-1,0,-1
202131C077821,2021,31C077821,1,9,0,6,6,2,2,0,0,0,0,0,0,0,4,1,6,6,1,42,7,1197,1,4,NISSAN JUKE,1,E01013855,0,-1
2021361129408,2021,361129408,2,9,0,18,19,4,8,0,0,8,0,0,0,0,1,1,5,6,2,20,4,1461,2,8,NISSAN JUKE,4,E01026458,0,-1
2021122100315,2021,122100315,1,9,0,8,8,7,3,0,0,6,0,0,0,0,1,1,6,6,1,51,8,1461,2,6,NISSAN JUKE,10,E01027855,0,-1
2021201134783,2021,201134783,1,9,0,5,5,5,1,0,0,0,0,0,0,0,3,1,6,6,1,73,10,999,1,0,NISSAN JUKE,3,E01010144,0,-1
2021311088057,2021,311088057,1,9,0,9,9,4,1,0,0,6,0,0,0,0,4,1,6,6,2,41,7,1618,1,6,NISSAN JUKE,1,E01028268,0,-1
2021622100228,2021,622100228,2,9,0,18,19,8,4,0,0,1,0,0,0,0,1,1,6,6,2,44,7,1197,1,5,NISSAN JUKE,7,W01000888,0,-1
2021430181580,2021,430181580,1,9,0,9,9,3,8,0,0,5,0,0,0,0,3,1,6,6,1,44,7,1461,2,8,NISSAN JUKE,7,E01033192,0,-1
2021201118338,2021,201118338,2,9,0,10,10,2,8,0,0,8,0,0,0,0,2,1,6,6,3,26,6,1461,2,5,NISSAN JUKE,2,E01009991,0,-1
2021411095977,2021,411095977,2,9,0,18,19,6,2,0,0,1,0,0,0,0,1,1,1,1,2,56,9,1598,1,2,NISSAN JUKE,3,E01015751,0,-1
2021041074748,2021,041074748,1,9,0,18,19,5,1,0,0,0,1,0,1,11,1,1,5,6,2,34,6,1461,2,6,NISSAN JUKE,5,E01024917,0,-1
2021421059762,2021,421059762,1,9,0,13,13,1,1,0,0,0,1,0,5,11,1,1,5,6,2,30,6,1598,1,10,NISSAN JUKE,9,E01021561,0,-1
2021010346593,2021,010346593,3,9,0,2,2,0,0,0,0,0,1,4,0,0,4,1,6,6,3,-1,-1,1598,1,5,NISSAN JUKE,-1,-1,0,-1
2021320558825,2021,320558825,3,9,0,18,19,4,8,0,0,1,0,0,0,0,1,1,6,6,1,30,6,1461,2,7,NISSAN JUKE,1,E01013159,0,-1
2021440511287,2021,440511287,1,9,0,18,19,7,3,0,0,8,0,0,0,0,4,1,6,6,2,45,7,1197,1,4,NISSAN JUKE,10,E01023228,0,-1
2021302102007,2021,302102007,2,9,0,3,3,4,8,0,0,2,0,0,0,0,2,1,6,6,1,28,6,1598,1,3,NISSAN JUKE,10,E01013520,0,-1
2021471096656,2021,471096656,1,9,0,9,9,8,6,0,0,0,0,0,0,0,1,1,5,6,1,62,9,1197,1,5,NISSAN JUKE,9,E01031648,0,-1
2021221118157,2021,221118157,3,9,0,3,3,5,1,0,0,0,0,0,0,0,2,1,5,6,2,48,8,1461,2,7,NISSAN JUKE,4,E01028968,0,-1
2021010344778,2021,010344778,1,9,0,5,5,5,1,0,0,2,0,0,0,0,3,1,2,2,2,56,9,1598,1,11,NISSAN JUKE,3,E01001690,0,-1
2021141076120,2021,141076120,2,9,0,11,11,7,3,0,0,0,0,0,0,0,4,1,6,6,1,85,11,1598,1,9,NISSAN JUKE,1,E01008022,0,-1
2021010347103,2021,010347103,1,9,0,9,9,1,6,0,0,6,0,0,1,0,1,1,3,7,2,36,7,1598,1,8,NISSAN JUKE,2,E01001112,0,-1
2021421113490,2021,421113490,2,9,0,4,4,1,5,0,0,0,0,0,0,0,2,1,6,6,1,32,6,1598,1,10,NISSAN JUKE,5,E01015975,0,-1
2021302101456,2021,302101456,2,9,0,18,19,1,5,0,0,0,5,4,0,0,1,1,2,2,2,27,6,1197,1,6,NISSAN JUKE,1,E01008076,0,-1
2021010336467,2021,010336467,1,9,0,4,4,1,5,0,0,0,0,0,0,0,2,1,6,6,2,31,6,1598,1,4,NISSAN JUKE,2,E01000077,0,-1
2021010312167,2021,010312167,1,9,0,10,10,5,4,99,99,9,9,99,0,0,4,1,6,6,2,46,8,1598,1,10,NISSAN JUKE,1,E01003252,0,-1
2021201071404,2021,201071404,2,9,0,9,9,6,4,0,0,6,0,0,0,0,1,1,6,6,2,54,8,1197,1,4,NISSAN JUKE,6,E01009685,0,-1
2021010322937,2021,010322937,1,9,0,18,19,3,7,0,0,0,0,0,0,0,3,1,6,6,1,27,6,1598,1,6,NISSAN JUKE,3,E01002404,0,-1
2021052100962,2021,052100962,2,9,0,3,3,3,7,0,0,0,0,0,0,0,2,1,6,6,1,46,8,1197,1,6,NISSAN JUKE,1,E01006871,0,-1
2021430293654,2021,430293654,1,9,0,18,19,2,6,0,0,0,0,0,0,0,1,1,6,6,1,26,6,1197,1,6,NISSAN JUKE,3,E01016353,0,-1
2021010312360,2021,010312360,1,9,0,18,19,7,3,0,0,0,0,0,0,0,1,1,6,6,1,50,8,1598,1,4,NISSAN JUKE,6,E01024546,0,-1
2021131084023,2021,131084023,1,9,0,5,5,3,3,0,0,4,0,0,0,0,1,1,2,2,1,27,6,1618,1,5,NISSAN JUKE,-1,-1,0,-1
2021421100244,2021,421100244,2,9,0,18,19,3,7,0,0,1,0,0,0,0,1,1,6,6,1,56,9,1461,2,6,NISSAN JUKE,10,E01021935,0,-1
2021170L21301,2021,170L21301,2,9,0,3,3,3,6,0,0,1,0,0,0,0,2,1,6,6,2,30,6,1461,2,10,NISSAN JUKE,10,E01012182,0,-1
2021411049301,2021,411049301,1,9,0,4,4,-1,-1,0,0,2,0,0,0,0,4,1,1,1,2,29,6,1598,1,2,NISSAN JUKE,7,E01023345,0,-1
2021461083553,2021,461083553,2,9,0,4,4,1,5,0,0,4,0,0,0,0,2,1,6,6,2,19,4,1598,1,2,NISSAN JUKE,7,E01016078,0,-1
2021421105894,2021,421105894,1,9,0,9,9,1,5,0,0,8,0,0,0,0,3,1,6,6,1,37,7,1598,1,9,NISSAN JUKE,2,E01000008,0,-1
2021010315509,2021,010315509,1,9,0,99,99,9,9,99,99,0,9,99,9,99,2,9,6,6,2,43,7,1598,1,6,NISSAN JUKE,3,E01003997,0,-1
2021010313877,2021,010313877,1,9,0,18,19,6,2,0,0,0,2,4,0,0,4,1,6,6,1,25,5,999,1,0,NISSAN JUKE,3,E01003319,0,-1
2021461021421,2021,461021421,2,9,0,18,19,1,5,0,0,0,0,0,0,0,4,1,2,2,1,27,6,1197,1,5,NISSAN JUKE,2,E01024699,0,-1
2021552100679,2021,552100679,1,9,0,6,6,7,7,0,0,8,1,0,0,0,3,1,6,6,1,35,6,1461,2,3,NISSAN JUKE,10,E01015521,0,-1
202134WNC3101,2021,34WNC3101,2,9,0,18,19,1,5,0,0,2,2,0,0,0,2,1,2,2,2,51,8,999,1,1,NISSAN JUKE,9,E01000249,0,-1
2021451124560,2021,451124560,2,9,0,18,19,4,8,0,0,1,2,0,1,9,4,1,5,6,2,44,7,1598,1,2,NISSAN JUKE,10,E01031581,0,-1
2021991055243,2021,991055243,1,9,0,5,5,7,5,0,0,0,0,0,7,0,1,1,5,6,2,39,7,999,1,1,NISSAN JUKE,5,-1,0,-1
2021231120574,2021,231120574,4,9,0,18,19,6,2,0,0,8,0,0,0,0,1,1,5,6,2,60,9,1461,2,6,NISSAN JUKE,6,E01031221,0,-1
2021052102187,2021,052102187,2,9,0,18,19,7,3,0,0,2,0,0,0,0,1,1,6,6,1,56,9,1461,2,4,NISSAN JUKE,4,E01010877,0,-1
2021010346222,2021,010346222,1,9,0,18,19,5,1,0,0,1,0,0,0,0,1,2,3,7,2,31,6,1598,1,8,NISSAN JUKE,3,E01015924,0,-1
2021531032248,2021,531032248,3,9,0,18,19,5,1,0,0,0,1,0,0,0,2,1,2,2,2,31,6,1598,1,2,NISSAN JUKE,6,E01022405,0,-1
2021010321152,2021,010321152,1,9,0,5,5,1,5,9,9,0,0,4,0,0,1,1,6,6,2,83,11,999,1,0,NISSAN JUKE,4,E01003722,0,-1
2021520200718,2021,520200718,2,9,0,18,19,2,6,0,0,4,0,0,0,0,2,1,6,6,2,52,8,1461,2,4,NISSAN JUKE,5,E01029313,0,-1
2021041106980,2021,041106980,3,9,0,2,2,0,0,9,9,1,0,4,0,0,2,1,6,6,3,-1,-1,1612,1,11,NISSAN JUKE,-1,-1,0,-1
2021010308822,2021,010308822,1,9,0,99,99,9,9,99,99,9,9,99,9,99,2,9,6,6,2,33,6,1598,1,7,NISSAN JUKE,1,E01004399,0,-1
202131D084521,2021,31D084521,3,9,0,18,19,5,1,0,0,1,0,0,0,0,2,1,6,6,2,37,7,1598,1,9,NISSAN JUKE,2,E01013963,0,-1
2021010314518,2021,010314518,3,9,0,2,2,0,0,0,0,8,0,0,0,0,4,1,6,6,2,42,7,1598,1,7,NISSAN JUKE,-1,-1,0,-1
2021061081342,2021,061081342,3,9,0,8,8,8,1,0,0,1,0,0,0,0,2,1,6,6,2,62,9,1461,2,10,NISSAN JUKE,3,E01004905,0,-1
2021471043308,2021,471043308,1,9,0,18,19,1,5,0,0,1,2,0,0,0,1,1,5,6,1,57,9,999,1,0,NISSAN JUKE,2,E01021020,0,-1
2021622100082,2021,622100082,2,9,0,3,3,2,6,0,0,8,0,0,0,0,2,1,6,6,2,30,6,1598,1,8,NISSAN JUKE,10,W01000855,0,-1
2021052100764,2021,052100764,2,9,0,9,9,5,4,0,0,8,0,0,0,0,1,1,1,1,2,29,6,1598,1,5,NISSAN JUKE,3,E01003141,0,-1
2021421091669,2021,421091669,1,9,0,18,19,7,5,0,0,0,0,0,3,0,1,1,5,6,2,35,6,1598,1,10,NISSAN JUKE,3,E01021858,0,-1
2021131062993,2021,131062993,1,9,0,17,19,5,1,0,0,0,2,0,1,7,4,1,5,6,1,18,4,1598,1,10,NISSAN JUKE,5,E01027441,0,-1
2021041092035,2021,041092035,2,9,0,18,19,3,7,0,0,1,0,4,0,0,2,1,5,6,2,28,6,1598,1,10,NISSAN JUKE,6,E01025265,0,-1
2021430472180,2021,430472180,1,9,0,9,9,7,5,0,0,8,0,0,0,0,3,1,6,6,2,40,7,1598,1,8,NISSAN JUKE,5,E01016807,0,-1
2021351066377,2021,351066377,1,9,0,18,19,3,7,0,0,0,0,0,0,0,0,1,1,1,1,-1,-1,1618,1,4,NISSAN JUKE,1,E01015616,0,-1
2021010298297,2021,010298297,1,9,0,13,13,1,5,0,0,1,0,0,0,0,1,1,2,2,1,46,8,1598,1,9,NISSAN JUKE,2,E01003920,0,-1
2021201109905,2021,201109905,2,9,0,18,19,6,2,0,0,8,0,0,0,0,1,1,6,6,2,36,7,1598,1,9,NISSAN JUKE,1,E01010125,0,-1
2021461043474,2021,461043474,1,9,0,5,5,1,5,0,0,1,0,0,0,0,3,1,6,6,3,23,5,999,1,0,NISSAN JUKE,8,E01024519,0,-1
2021070725589,2021,070725589,1,9,0,18,19,2,6,6,6,4,0,0,0,0,1,1,1,1,1,43,7,1598,1,7,NISSAN JUKE,8,E01018509,0,-1
2021131124244,2021,131124244,2,9,0,18,19,3,7,0,0,1,0,0,0,0,3,1,6,6,2,31,6,999,1,1,NISSAN JUKE,-1,-1,0,-1
2021101028424,2021,101028424,2,9,0,10,10,5,1,0,0,5,0,0,0,0,2,1,1,1,1,23,5,1197,1,6,NISSAN JUKE,5,E01027365,0,-1
2021201077693,2021,201077693,1,9,0,7,7,8,2,0,0,6,0,0,0,0,1,1,6,6,1,23,5,1598,1,2,NISSAN JUKE,2,E01009340,0,-1
2021010348252,2021,010348252,1,9,0,99,99,9,9,99,99,9,9,99,9,99,2,9,6,6,2,38,7,1598,1,8,NISSAN JUKE,3,E01000148,0,-1
2021061023813,2021,061023813,1,9,0,9,9,1,7,0,0,2,0,0,0,0,1,1,6,6,2,79,11,999,1,1,NISSAN JUKE,7,E01005395,0,-1
2021451095501,2021,451095501,2,9,0,9,9,5,3,0,0,8,0,0,4,4,1,1,6,6,2,45,7,1598,1,7,NISSAN JUKE,5,E01030740,0,-1
2021111092567,2021,111092567,2,9,0,5,5,5,4,0,0,3,0,0,0,0,4,1,5,6,2,48,8,1197,1,3,NISSAN JUKE,2,E01020842,0,-1
2021041069886,2021,041069886,2,9,0,2,2,0,0,0,0,1,0,0,0,0,2,1,6,6,3,-1,-1,1197,1,4,NISSAN JUKE,-1,-1,0,-1
2021471114353,2021,471114353,1,9,0,16,19,8,3,0,0,0,0,0,7,4,1,1,5,6,1,23,5,1598,1,8,NISSAN JUKE,9,E01021231,0,-1
2021111114458,2021,111114458,2,9,0,18,19,3,7,0,0,0,0,0,0,0,4,1,5,6,2,32,6,1461,2,5,NISSAN JUKE,2,E01020624,0,-1
2021010298565,2021,010298565,3,9,0,18,19,1,5,0,0,0,0,0,0,0,3,1,6,6,2,45,7,1598,1,7,NISSAN JUKE,4,E01015952,0,-1
2021070616988,2021,070616988,1,9,0,17,19,5,2,0,0,0,2,10,0,0,0,1,6,6,1,49,8,1598,1,11,NISSAN JUKE,3,E01006342,0,-1
2021231070068,2021,231070068,1,9,0,9,9,1,8,0,0,5,0,0,0,0,1,1,5,6,2,52,8,1598,1,4,NISSAN JUKE,6,E01016530,0,-1
2021430397829,2021,430397829,2,9,0,18,19,1,6,0,0,8,0,0,0,0,3,1,6,6,2,25,5,1461,2,8,NISSAN JUKE,10,E01028820,0,-1
2021411049161,2021,411049161,2,9,0,9,9,7,5,0,0,8,0,0,0,0,1,1,5,6,2,36,7,1598,1,8,NISSAN JUKE,7,E01023739,0,-1
2021010300230,2021,010300230,2,9,0,99,99,9,9,99,99,9,9,99,9,99,1,9,6,6,1,68,10,1598,1,5,NISSAN JUKE,3,E01001488,0,-1
2021421085137,2021,421085137,2,9,0,9,9,7,5,0,0,4,0,0,0,0,4,1,5,6,2,25,5,999,1,1,NISSAN JUKE,1,E01022027,0,-1
2021461039489,2021,461039489,2,9,0,18,19,5,1,0,0,0,0,0,0,0,1,1,2,2,2,61,9,1598,1,8,NISSAN JUKE,4,E01000380,0,-1
2021991082045,2021,991082045,2,9,0,18,19,1,5,0,0,0,0,0,0,0,4,1,2,2,2,36,7,1461,2,4,NISSAN JUKE,3,-1,0,-1
2021141038654,2021,141038654,1,9,0,18,19,4,8,0,0,0,0,0,0,0,1,1,1,1,1,46,8,1461,2,6,NISSAN JUKE,9,E01008863,0,-1
2021010329899,2021,010329899,2,9,0,99,99,9,9,99,99,9,9,99,9,99,1,9,6,6,3,31,6,1598,1,5,NISSAN JUKE,6,E01002204,0,-1
2021010321024,2021,010321024,1,9,0,18,19,1,5,9,9,1,0,11,1,11,1,1,6,6,1,58,9,1598,1,2,NISSAN JUKE,7,E01000334,0,-1
2021031100350,2021,031100350,2,9,0,18,19,8,4,0,0,8,0,0,0,0,4,1,6,6,2,40,7,1197,1,6,NISSAN JUKE,6,E01011226,0,-1
2021991079226,2021,991079226,2,9,0,18,19,4,8,0,0,1,5,0,0,0,4,1,5,6,2,48,8,1598,1,2,NISSAN JUKE,-1,-1,0,-1
2021010308157,2021,010308157,1,9,9,18,19,5,1,0,0,0,9,99,0,0,1,1,6,6,2,46,8,1598,1,6,NISSAN JUKE,3,E01001516,0,-1
2021131062548,2021,131062548,1,9,0,7,7,5,8,0,0,6,0,0,0,0,4,1,5,6,2,41,7,1461,2,5,NISSAN JUKE,5,E01011924,0,-1
2021211116566,2021,211116566,2,9,0,4,4,1,5,0,0,0,0,0,0,0,2,1,6,6,1,29,6,1598,1,9,NISSAN JUKE,7,E01012501,0,-1
2021201132796,2021,201132796,2,9,0,18,19,6,2,0,0,8,0,0,0,0,1,1,6,6,2,40,7,1197,1,6,NISSAN JUKE,2,E01009758,0,-1
2021070153416,2021,070153416,2,9,0,9,9,5,7,0,0,2,0,0,0,0,2,1,6,6,2,24,5,1461,2,7,NISSAN JUKE,9,E01018420,0,-1
2021231116465,2021,231116465,1,9,0,18,19,6,2,0,0,0,0,0,0,0,1,1,5,6,1,71,10,1598,1,8,NISSAN JUKE,6,E01031159,0,-1
2021010324103,2021,010324103,1,9,0,99,99,9,9,99,99,9,9,99,9,99,2,9,6,6,3,31,6,1197,1,6,NISSAN JUKE,4,E01002455,0,-1
2021421108557,2021,421108557,1,9,0,4,4,3,7,0,0,0,1,0,1,0,1,1,2,2,2,21,5,1598,1,7,NISSAN JUKE,10,E01023515,0,-1
202134WNC5151,2021,34WNC5151,1,8,0,18,19,5,1,0,0,4,1,9,1,9,1,1,6,6,2,58,9,1461,2,6,NISSAN JUKE,7,E01027299,0,-1
2021552200195,2021,552200195,2,9,0,18,19,6,2,0,0,0,0,0,0,0,3,1,6,6,2,40,7,1598,1,4,NISSAN JUKE,7,E01015330,0,-1
2021141082179,2021,141082179,2,9,0,18,19,2,6,0,0,1,0,0,0,0,1,1,5,6,2,48,8,1197,1,6,NISSAN JUKE,8,E01008141,0,-1
2021201110966,2021,201110966,1,9,0,18,19,4,8,0,0,0,5,4,0,0,1,1,6,6,1,17,4,1598,1,6,NISSAN JUKE,2,E01008937,0,-1
2021501109910,2021,501109910,2,9,0,9,9,6,3,0,0,5,5,0,0,0,1,1,5,6,2,58,9,1461,2,5,NISSAN JUKE,8,E01020201,0,-1
202131A061721,2021,31A061721,2,9,0,9,9,6,4,0,0,6,0,0,0,0,4,1,2,2,2,19,4,1461,2,7,NISSAN JUKE,5,E01027998,0,-1
2021430489905,2021,430489905,1,9,0,18,19,2,6,0,0,0,0,0,0,0,1,1,6,6,2,47,8,1598,1,4,NISSAN JUKE,7,E01016326,0,-1
2021520102262,2021,520102262,1,9,5,18,19,6,2,0,0,0,0,0,0,0,2,1,6,6,2,42,7,1598,1,3,NISSAN JUKE,3,E01007540,0,-1
2021052102554,2021,052102554,1,9,0,1,1,1,5,0,0,6,0,0,0,0,2,1,6,6,2,33,6,1461,2,7,NISSAN JUKE,1,E01006647,0,-1
2021131055144,2021,131055144,2,9,0,18,19,3,7,0,0,8,0,0,0,0,4,1,5,6,2,37,7,1197,1,6,NISSAN JUKE,7,E01010760,0,-1
2021201136613,2021,201136613,1,9,0,18,19,8,4,0,0,8,0,0,0,0,4,1,6,6,1,73,10,999,1,1,NISSAN JUKE,2,E01009809,0,-1
2021101112899,2021,101112899,2,9,0,7,7,3,5,0,0,8,0,0,0,0,2,1,5,6,2,40,7,1598,1,2,NISSAN JUKE,3,E01008208,0,-1
2021010319540,2021,010319540,1,9,0,11,11,1,5,0,0,1,0,0,0,0,0,1,6,6,1,31,6,1461,2,7,NISSAN JUKE,1,E01001052,0,-1
2021411019263,2021,411019263,1,9,0,18,19,1,5,0,0,4,0,0,0,0,1,1,6,6,2,39,7,1197,1,3,NISSAN JUKE,5,E01017486,0,-1
2021411035864,2021,411035864,2,9,0,3,3,5,1,0,0,1,0,0,0,0,2,1,5,6,2,30,6,1618,1,5,NISSAN JUKE,9,E01023299,0,-1
2021010329519,2021,010329519,2,9,0,99,99,9,9,99,99,9,9,99,9,99,1,9,6,6,3,-1,-1,1598,1,7,NISSAN JUKE,-1,-1,0,-1
2021522101025,2021,522101025,1,9,0,9,9,6,4,0,0,8,0,0,0,0,1,1,6,6,1,22,5,1197,1,6,NISSAN JUKE,9,E01014794,0,-1
2021430066833,2021,430066833,3,9,0,3,3,2,6,0,0,0,0,0,0,0,2,1,2,2,1,38,7,1197,1,5,NISSAN JUKE,3,E01016464,0,-1
2021421100412,2021,421100412,1,9,0,4,4,2,4,0,0,8,0,0,0,0,1,1,5,6,2,38,7,1598,1,6,NISSAN JUKE,4,E01001686,0,-1
2021221023083,2021,221023083,2,9,0,17,19,6,2,0,0,8,0,0,0,0,1,1,5,6,1,51,8,1197,1,7,NISSAN JUKE,3,E01014156,0,-1
2021052101436,2021,052101436,1,9,0,5,5,6,2,0,0,4,0,0,0,0,3,1,6,6,2,59,9,1461,2,2,NISSAN JUKE,4,E01007140,0,-1
2021451098103,2021,451098103,1,9,0,18,19,7,3,0,0,1,0,0,0,0,4,1,5,6,2,64,9,1197,1,6,NISSAN JUKE,10,E01022863,0,-1
2021451029062,2021,451029062,2,9,0,2,2,0,0,0,0,0,0,0,7,0,3,1,6,6,3,-1,-1,1598,1,3,NISSAN JUKE,-1,-1,0,-1
2021201079838,2021,201079838,1,9,0,18,19,-1,-1,0,0,1,0,0,0,0,1,1,6,6,1,28,6,1598,1,9,NISSAN JUKE,3,E01008945,0,-1
2021101117926,2021,101117926,1,9,0,9,9,3,1,0,0,3,0,0,0,0,1,1,2,2,1,57,9,1461,2,7,NISSAN JUKE,2,E01008697,0,-1
2021010304950,2021,010304950,2,9,0,99,99,9,9,99,99,9,9,99,9,99,9,9,6,6,3,-1,-1,1197,1,6,NISSAN JUKE,-1,-1,0,-1
2021430253855,2021,430253855,1,9,0,9,9,3,1,0,0,6,0,0,0,0,3,1,6,6,1,45,7,1598,1,7,NISSAN JUKE,7,E01017851,0,-1
2021010314500,2021,010314500,2,9,0,9,9,3,8,0,0,6,0,0,0,0,1,1,6,6,2,28,6,1197,1,5,NISSAN JUKE,3,E01001479,0,-1
2021421089793,2021,421089793,1,9,0,18,19,5,7,0,0,1,0,0,0,0,1,1,6,6,2,-1,-1,1598,1,10,NISSAN JUKE,4,E01029920,0,-1
2021061039433,2021,061039433,9,9,0,2,2,5,1,0,0,8,0,0,0,0,4,1,6,6,3,30,6,1612,1,11,NISSAN JUKE,7,E01004914,0,-1
2021122100840,2021,122100840,3,9,0,18,19,5,1,0,0,8,0,0,0,0,1,1,6,6,1,61,9,1461,2,10,NISSAN JUKE,7,E01027799,0,-1
2021320697572,2021,320697572,4,9,0,18,19,2,6,0,0,3,0,0,0,0,3,2,1,1,2,35,6,1461,2,8,NISSAN JUKE,7,E01026029,0,-1
2021010341430,2021,010341430,1,9,0,7,7,1,4,0,0,8,0,0,0,0,4,1,1,1,2,51,8,1598,1,8,NISSAN JUKE,2,E01003540,0,-1
2021201035512,2021,201035512,1,9,0,18,19,2,6,0,0,0,0,0,0,0,4,1,6,6,2,56,9,1461,2,10,NISSAN JUKE,5,E01008885,0,-1
2021421076014,2021,421076014,2,9,0,9,9,7,7,0,0,0,0,0,1,0,2,1,2,2,1,36,7,1598,1,3,NISSAN JUKE,7,E01022074,0,-1
2021201112697,2021,201112697,1,9,0,17,19,8,3,0,0,0,5,4,0,0,1,1,3,7,2,30,6,1197,1,5,NISSAN JUKE,1,E01010530,0,-1
2021010307230,2021,010307230,1,9,0,18,19,8,4,0,0,1,0,0,0,0,4,1,6,6,2,20,4,1598,1,8,NISSAN JUKE,1,E01000524,0,-1
2021451073218,2021,451073218,1,9,0,18,19,5,1,0,0,1,1,0,0,0,1,1,1,1,1,45,7,1461,2,9,NISSAN JUKE,10,E01031650,0,-1
202131D069621,2021,31D069621,1,9,0,9,9,4,2,0,0,6,0,0,0,0,3,1,6,6,1,21,5,1461,2,8,NISSAN JUKE,6,E01028076,0,-1
2021010343491,2021,010343491,1,9,0,99,99,9,9,99,99,0,9,99,9,99,2,1,6,6,3,42,7,1598,1,5,NISSAN JUKE,4,E01001087,0,-1
2021201066385,2021,201066385,2,9,0,6,6,8,8,0,0,0,0,0,0,0,3,1,6,6,2,38,7,1598,1,8,NISSAN JUKE,2,E01009348,0,-1
2021451038965,2021,451038965,1,9,0,18,19,3,7,0,0,0,0,0,0,0,2,1,2,2,2,62,9,1598,1,2,NISSAN JUKE,9,E01030947,0,-1
202131D182521,2021,31D182521,1,9,0,17,19,8,3,0,0,8,0,0,0,0,3,1,6,6,2,30,6,999,1,0,NISSAN JUKE,10,E01018130,0,-1
2021320581584,2021,320581584,1,9,0,18,19,2,6,0,0,1,5,11,1,1,1,1,6,6,2,26,6,999,1,1,NISSAN JUKE,3,E01026174,0,-1
2021061064802,2021,061064802,1,9,0,6,6,7,7,0,0,0,0,0,0,0,3,1,6,6,2,27,6,999,1,0,NISSAN JUKE,4,E01005184,0,-1
2021501119311,2021,501119311,1,9,0,18,19,5,1,0,0,0,0,0,0,0,1,1,6,6,2,40,7,1461,2,6,NISSAN JUKE,5,E01020342,0,-1
2021010342229,2021,010342229,1,9,0,99,99,9,9,99,99,9,9,99,9,99,1,9,6,6,3,-1,-1,1598,1,4,NISSAN JUKE,-1,-1,0,-1
2021010308666,2021,010308666,2,9,0,99,99,9,9,99,99,9,9,99,9,99,2,9,6,6,3,-1,-1,1598,1,10,NISSAN JUKE,2,E01021771,0,-1