collision_index,collision_year,collision_ref_no,vehicle_reference,vehicle_type,towing_and_articulation,vehicle_manoeuvre_historic,vehicle_manoeuvre,vehicle_direction_from,vehicle_direction_to,vehicle_location_restricted_lane_historic,vehicle_location_restricted_lane,junction_location,skidding_and_overturning,hit_object_in_carriageway,vehicle_leaving_carriageway,hit_object_off_carriageway,first_point_of_impact,vehicle_left_hand_drive,journey_purpose_of_driver_historic,journey_purpose_of_driver,sex_of_driver,age_of_driver,age_band_of_driver,engine_capacity_cc,propulsion_code,age_of_vehicle,generic_make_model,driver_imd_decile,lsoa_of_driver,escooter_flag,driver_distance_banding
2021010309776,2021,010309776,1,9,0,99,99,9,9,99,99,9,9,99,9,99,1,9,6,6,3,-1,-1,999,1,0,NISSAN JUKE,3,E01001661,0,-1
2021501083308,2021,501083308,1,9,0,13,13,3,7,0,0,0,0,0,0,0,1,1,5,6,2,53,8,1598,1,7,NISSAN JUKE,4,E01018846,0,-1
2021610065621,2021,610065621,1,9,0,18,19,6,2,0,0,4,0,0,0,0,3,1,6,6,1,62,9,1461,2,4,NISSAN JUKE,5,W01001504,0,-1
2021010305515,2021,010305515,1,9,0,7,7,1,4,0,0,8,0,0,0,0,1,1,2,2,2,24,5,999,1,1,NISSAN JUKE,1,E01003184,0,-1
2021430288907,2021,430288907,1,9,0,18,19,6,2,0,0,0,0,0,0,0,3,1,3,7,2,36,7,1598,1,7,NISSAN JUKE,3,E01016498,0,-1
2021451089289,2021,451089289,1,9,0,18,19,5,1,0,0,0,0,0,0,0,2,1,5,6,2,26,6,1598,1,6,NISSAN JUKE,2,E01002832,0,-1
2021122100938,2021,122100938,1,9,0,17,19,5,2,0,0,1,0,0,1,1,1,1,6,6,1,38,7,1461,2,10,NISSAN JUKE,3,E01012289,0,-1
2021141115783,2021,141115783,2,9,0,9,9,4,2,0,0,1,1,0,7,7,1,1,5,6,2,50,8,1197,1,4,NISSAN JUKE,3,E01007758,0,-1
2021440147414,2021,440147414,2,9,0,3,3,4,8,0,0,1,0,0,0,0,2,1,2,2,2,43,7,1197,1,7,NISSAN JUKE,6,E01020154,0,-1
2021430583980,2021,430583980,1,9,0,18,19,3,7,0,0,4,0,0,0,0,1,1,6,6,2,65,9,1598,1,10,NISSAN JUKE,7,E01028639,0,-1
2021010310167,2021,010310167,2,9,0,4,4,5,1,0,0,0,0,0,0,0,2,1,6,6,2,34,6,1598,1,9,NISSAN JUKE,3,E01003164,0,-1
2021141064874,2021,141064874,1,9,0,18,19,2,6,0,0,1,0,0,0,0,3,1,6,6,1,36,7,1598,1,10,NISSAN JUKE,1,E01007377,0,-1
2021622100952,2021,622100952,1,9,0,18,19,6,2,0,0,1,0,0,0,0,3,1,6,6,2,43,7,1461,2,6,NISSAN JUKE,1,W01001876,0,-1
202131B173921,2021,31B173921,1,9,0,17,19,4,1,0,0,2,1,0,1,5,1,1,6,6,2,38,7,1461,2,7,NISSAN JUKE,5,E01028012,0,-1
2021061109687,2021,061109687,1,9,0,18,19,5,5,0,0,0,5,7,0,0,1,1,6,6,1,60,9,1197,1,3,NISSAN JUKE,2,E01006322,0,-1
2021131112230,2021,131112230,1,9,0,9,9,3,7,0,0,8,0,0,0,0,1,1,5,6,2,42,7,1598,1,9,NISSAN JUKE,4,E01010595,0,-1
2021501126029,2021,501126029,1,9,0,18,19,7,3,0,0,1,0,0,0,0,1,1,6,6,1,30,6,1598,1,7,NISSAN JUKE,3,E01015032,0,-1
2021041068454,2021,041068454,1,9,0,17,19,1,5,0,0,0,0,0,1,0,1,1,5,6,2,26,6,1197,1,3,NISSAN JUKE,1,E01007120,0,-1
2021010288581,2021,010288581,1,9,0,99,99,9,9,99,99,0,9,99,9,99,2,9,6,6,2,44,7,1598,1,6,NISSAN JUKE,2,E01003947,0,-1
2021440155663,2021,440155663,1,9,0,18,19,7,3,0,0,0,1,4,0,0,1,1,6,6,1,66,10,1598,1,7,NISSAN JUKE,3,E01022840,0,-1
20211383G1226,2021,1383G1226,2,9,0,5,5,3,7,0,0,0,0,0,0,0,3,1,6,6,2,47,8,1461,2,5,NISSAN JUKE,1,E01010625,0,-1
2021070145458,2021,070145458,1,9,0,16,19,1,6,0,0,3,0,0,0,0,3,1,6,6,2,31,6,1461,2,9,NISSAN JUKE,6,E01018479,0,-1
2021052101725,2021,052101725,2,9,0,18,19,6,2,0,0,0,0,0,0,0,1,1,6,6,2,29,6,1197,1,6,NISSAN JUKE,5,E01025517,0,-1
2021010315218,2021,010315218,1,9,0,18,19,1,5,0,0,1,0,0,0,0,1,1,2,2,2,38,7,1598,1,8,NISSAN JUKE,3,E01023346,0,-1
2021552100833,2021,552100833,1,9,0,18,19,8,4,0,0,0,0,0,0,0,1,1,2,2,2,36,7,1461,2,9,NISSAN JUKE,8,E01019889,0,-1
2021010352096,2021,010352096,2,9,9,5,5,1,5,99,99,9,9,99,0,0,2,1,6,6,1,-1,-1,1197,1,5,NISSAN JUKE,3,E01002605,0,-1
2021010291884,2021,010291884,2,9,0,99,99,9,9,99,99,9,9,99,9,99,0,9,6,6,2,-1,-1,1598,1,8,NISSAN JUKE,5,E01031141,0,-1
2021010321842,2021,010321842,1,9,0,9,9,8,5,0,0,6,0,0,4,1,4,1,6,6,2,40,7,1618,1,5,NISSAN JUKE,4,E01000745,0,-1
20211383V0675,2021,1383V0675,2,9,0,18,19,3,7,0,0,8,0,0,0,0,1,1,6,6,2,20,4,1598,1,2,NISSAN JUKE,1,E01010614,0,-1
2021451069330,2021,451069330,1,9,0,2,2,0,0,0,0,0,0,0,0,0,2,1,5,6,2,34,6,1197,1,4,NISSAN JUKE,7,E01030594,0,-1
2021501103647,2021,501103647,1,9,0,18,19,7,3,0,0,0,0,0,0,0,1,1,2,2,2,40,7,1598,1,9,NISSAN JUKE,3,E01015245,0,-1
2021461047487,2021,461047487,1,9,0,5,5,1,5,0,0,0,0,4,0,0,1,1,6,6,2,58,9,1598,1,7,NISSAN JUKE,9,E01024785,0,-1
2021411091040,2021,411091040,1,9,0,18,19,7,3,0,0,0,5,0,0,0,3,1,5,6,2,57,9,1197,1,6,NISSAN JUKE,10,E01023482,0,-1
2021010342958,2021,010342958,1,9,0,99,99,9,9,99,99,9,9,99,9,99,9,9,6,6,2,49,8,1598,1,9,NISSAN JUKE,1,E01000308,0,-1
2021440315153,2021,440315153,2,9,0,18,19,1,5,0,0,0,0,0,0,0,1,1,6,6,2,40,7,1598,1,3,NISSAN JUKE,1,E01015279,0,-1
2021010312126,2021,010312126,2,9,0,18,19,1,5,0,0,3,0,0,0,0,2,1,6,6,3,-1,-1,999,1,0,NISSAN JUKE,-1,-1,0,-1
2021221100702,2021,221100702,2,9,0,4,4,2,6,0,0,0,0,0,0,0,0,1,2,2,2,24,5,1461,2,4,NISSAN JUKE,8,E01032195,0,-1
2021161101746,2021,161101746,1,4,0,18,19,5,1,0,0,0,0,0,0,0,4,1,5,6,1,62,9,198,1,18,-1,2,E01012884,0,-1
2021141051570,2021,141051570,2,4,0,18,19,1,5,0,0,0,2,0,0,0,3,1,6,6,1,58,9,198,1,26,-1,4,E01008150,0,-1
2021052102371,2021,052102371,1,3,0,18,19,5,1,0,0,0,1,0,0,0,3,1,6,6,1,62,9,198,1,19,-1,4,E01010040,0,-1
2021201117030,2021,201117030,1,4,0,11,11,5,1,0,0,0,0,10,0,0,4,1,6,6,1,55,8,198,1,23,-1,1,E01009929,0,-1
2021371061964,2021,371061964,1,5,0,13,13,6,2,0,0,0,5,0,0,0,1,1,5,6,1,39,7,1037,1,0,-1,8,E01033445,0,-1
2021991069877,2021,991069877,1,5,0,18,19,7,3,0,0,0,1,0,0,0,1,1,5,6,1,46,8,1037,1,0,-1,1,-1,0,-1
2021031133332,2021,031133332,1,5,0,18,19,1,5,0,0,0,1,0,0,0,3,1,5,6,1,59,9,1600,1,22,-1,3,E01019270,0,-1
2021041041912,2021,041041912,4,9,0,18,19,1,5,0,0,0,1,1,0,0,4,1,1,1,1,23,5,1910,2,18,-1,8,E01006384,0,-1
2021430557935,2021,430557935,1,9,0,18,19,4,8,0,0,0,0,0,0,0,1,1,6,6,1,73,10,1970,1,23,-1,10,E01028608,0,-1
2021552101378,2021,552101378,1,9,0,18,19,2,6,0,0,0,0,0,0,0,1,1,6,6,1,43,7,1970,1,17,-1,5,E01015380,0,-1
2021991046654,2021,991046654,1,9,0,18,19,8,5,0,0,2,0,0,3,0,1,1,6,6,1,29,6,1910,2,17,-1,2,-1,0,-1
2021010313816,2021,010313816,2,9,0,3,3,1,5,0,0,8,0,0,0,0,4,1,6,6,1,22,5,1970,1,19,-1,-1,-1,0,-1
2021201099685,2021,201099685,1,9,0,9,9,5,3,0,0,6,0,0,0,0,3,1,6,6,1,21,5,1747,1,18,-1,7,E01009805,0,-1
2021531031022,2021,531031022,2,9,0,7,7,8,5,0,0,1,0,0,0,0,4,1,1,1,1,47,8,-1,-1,-1,-1,5,E01022334,0,-1
2021041103638,2021,041103638,2,5,0,18,19,7,3,0,0,0,0,0,0,0,1,1,5,6,1,56,9,748,1,22,-1,4,E01025374,0,-1
2021010344800,2021,010344800,1,4,0,18,19,7,3,0,0,6,2,0,0,0,1,1,2,2,1,21,5,286,1,3,-1,6,E01017812,0,-1
2021010313950,2021,010313950,1,3,0,99,99,9,9,99,99,9,9,99,9,99,1,1,6,6,1,45,7,125,1,13,HONDA FES125,3,E01001492,0,-1
2021010347972,2021,010347972,1,3,0,99,99,9,9,99,99,9,9,99,9,99,9,1,6,6,1,25,5,125,1,7,HONDA FES125,2,E01000483,0,-1
2021041055473,2021,041055473,2,3,0,4,4,7,5,0,0,4,1,0,0,0,2,1,2,2,1,37,7,125,1,7,HONDA FES125,2,E01025390,0,-1
2021010339169,2021,010339169,1,3,0,18,19,6,2,0,0,8,0,0,0,0,1,1,6,6,3,-1,-1,125,1,7,HONDA FES125,-1,-1,0,-1
2021010310748,2021,010310748,2,3,0,99,99,9,9,99,99,9,9,99,9,99,9,1,2,2,1,41,7,125,1,6,HONDA FES125,4,E01001323,0,-1
202163A067821,2021,63A067821,1,3,0,17,19,2,7,0,0,0,1,0,0,0,0,1,6,6,1,56,9,125,1,15,HONDA FES125,2,W01000929,0,-1
2021010291426,2021,010291426,2,3,0,18,19,3,7,0,0,0,0,0,0,0,3,1,2,2,1,40,7,125,1,14,HONDA FES125,4,E01015948,0,-1
2021520100993,2021,520100993,1,3,0,18,19,5,1,0,0,0,1,0,0,0,1,1,6,6,1,46,8,125,1,10,HONDA FES125,1,E01029234,0,-1
2021010300270,2021,010300270,2,3,0,18,19,5,1,0,0,8,0,0,0,0,1,1,6,6,1,18,4,125,1,12,HONDA FES125,2,E01032787,0,-1
2021430146076,2021,430146076,2,3,0,18,19,1,5,0,0,4,0,0,0,0,2,1,2,2,1,28,6,125,1,16,HONDA FES125,6,E01016832,0,-1
2021010296334,2021,010296334,2,3,0,15,15,7,3,0,0,1,5,0,0,0,4,1,3,7,1,50,8,125,1,6,HONDA FES125,7,E01004605,0,-1
2021461027585,2021,461027585,1,3,0,18,19,1,5,0,0,0,1,0,0,0,0,1,2,2,1,22,5,125,1,11,HONDA FES125,4,E01024219,0,-1
2021010352158,2021,010352158,1,4,0,9,9,5,3,0,0,1,0,0,7,0,4,1,6,6,1,45,7,125,1,10,HONDA FES125,2,E01003508,0,-1
2021010334784,2021,010334784,3,3,0,18,19,5,1,0,0,1,0,0,0,0,1,1,6,6,1,23,5,125,1,8,HONDA FES125,2,E01003912,0,-1
2021010316404,2021,010316404,2,4,0,5,5,1,5,0,0,8,0,0,0,0,2,1,1,1,1,47,8,125,1,13,HONDA FES125,7,E01002412,0,-1
2021010301366,2021,010301366,1,3,0,99,99,9,9,99,99,9,9,99,9,99,2,1,6,6,1,30,6,125,1,13,HONDA FES125,4,E01001146,0,-1
2021010348269,2021,010348269,2,3,0,18,19,5,1,0,0,8,0,0,0,0,1,1,6,6,1,44,7,125,1,10,HONDA FES125,-1,-1,0,-1
2021010295826,2021,010295826,1,3,0,18,19,7,3,0,0,0,0,0,0,0,4,1,1,1,1,39,7,125,1,8,HONDA FES125,6,E01000492,0,-1
2021430423386,2021,430423386,2,3,0,18,19,3,7,0,0,1,0,0,0,0,1,1,1,1,2,43,7,125,1,13,HONDA FES125,9,E01028535,0,-1
2021440111937,2021,440111937,1,2,0,18,19,7,3,0,0,8,0,0,0,0,3,1,1,1,1,45,7,125,1,13,HONDA FES125,6,E01017271,0,-1
2021531038125,2021,531038125,2,3,0,18,19,2,6,0,0,0,0,0,0,0,1,1,4,7,1,31,6,125,1,12,HONDA FES125,5,E01022330,0,-1
2021201086348,2021,201086348,1,4,0,18,19,4,8,0,0,8,0,0,0,0,1,1,1,1,1,39,7,125,1,8,HONDA FES125,2,E01009210,0,-1
2021010297253,2021,010297253,1,3,0,13,13,3,7,0,0,0,2,0,0,0,1,1,6,6,1,27,6,125,1,12,HONDA FES125,5,E01002410,0,-1
2021430380253,2021,430380253,1,3,0,6,6,4,4,0,0,0,0,0,0,0,0,1,6,6,1,66,10,125,1,10,HONDA FES125,6,E01028675,0,-1
2021010295672,2021,010295672,2,3,0,13,13,3,7,0,0,1,0,0,0,0,2,1,6,6,2,26,6,125,1,8,HONDA FES125,1,E01004665,0,-1
2021010345930,2021,010345930,2,3,0,18,19,7,3,0,0,1,0,0,0,0,4,1,6,6,1,50,8,125,1,9,HONDA FES125,-1,-1,0,-1
2021131108506,2021,131108506,1,3,0,18,19,3,7,0,0,0,0,0,0,0,2,1,2,2,1,23,5,125,1,9,HONDA FES125,2,E01011448,0,-1
2021010290850,2021,010290850,2,3,0,18,19,3,7,0,0,4,0,0,0,0,0,1,6,6,1,36,7,125,1,7,HONDA FES125,4,E01001898,0,-1
2021430185574,2021,430185574,2,3,0,18,19,2,6,0,0,8,0,0,0,0,3,1,6,6,1,18,4,125,1,14,HONDA FES125,6,E01017834,0,-1
2021010343019,2021,010343019,2,3,0,99,99,9,9,99,99,9,9,99,9,99,9,1,6,6,3,-1,-1,125,1,11,HONDA FES125,-1,-1,0,-1
2021010304223,2021,010304223,2,3,0,99,99,9,9,99,99,9,9,99,9,99,9,1,6,6,1,29,6,125,1,12,HONDA FES125,3,E01003104,0,-1
2021010346342,2021,010346342,1,3,0,10,10,8,6,0,0,1,0,0,0,0,2,1,6,6,1,19,4,125,1,13,HONDA FES125,8,E01002452,0,-1
2021010293021,2021,010293021,1,3,9,99,99,9,9,99,99,9,9,99,9,99,9,1,2,2,1,51,8,125,1,14,HONDA FES125,2,E01001826,0,-1
2021010288054,2021,010288054,2,3,0,18,19,3,7,0,0,1,0,0,0,0,1,1,1,1,1,39,7,125,1,11,HONDA FES125,-1,-1,0,-1
2021010304145,2021,010304145,2,4,0,15,15,3,7,9,9,2,0,0,0,0,1,1,2,2,1,41,7,125,1,9,HONDA FES125,2,E01001332,0,-1
2021010328176,2021,010328176,2,3,0,18,19,3,7,0,0,8,1,0,0,0,0,1,6,6,1,27,6,125,1,11,HONDA FES125,4,E01003409,0,-1
2021061076347,2021,061076347,2,2,0,5,5,6,3,0,0,0,0,8,0,0,4,1,6,6,1,63,9,49,1,37,-1,1,E01004856,0,-1
2021461052054,2021,461052054,2,3,0,9,9,5,3,0,0,1,0,0,0,0,1,1,5,6,1,28,6,102,1,17,-1,1,E01016111,0,-1
2021522104299,2021,522104299,1,3,0,18,19,5,1,0,0,0,0,0,0,0,1,1,6,6,1,17,4,102,1,17,-1,8,E01014425,0,-1
2021421016616,2021,421016616,2,3,0,18,19,5,7,0,0,8,0,0,0,0,3,1,6,6,1,18,4,102,1,17,-1,2,E01021699,0,-1
2021010335741,2021,010335741,1,3,0,5,5,4,8,9,9,2,0,10,1,2,1,1,6,6,1,16,4,102,1,18,-1,-1,-1,0,-1
2021991116373,2021,991116373,2,3,0,4,4,4,8,0,0,1,0,0,0,0,3,1,1,1,1,50,8,49,1,18,-1,8,-1,0,-1
202106E079049,2021,06E079049,2,3,0,18,19,7,3,0,0,0,0,0,0,0,1,1,6,6,1,30,6,125,1,9,MAKE AND MODEL REDACTED,2,E01005182,0,-1
2021041127592,2021,041127592,1,3,0,17,19,6,2,0,0,0,0,0,1,0,4,1,5,6,2,42,7,125,1,9,MAKE AND MODEL REDACTED,4,E01012699,0,-1
2021461034048,2021,461034048,2,3,0,18,19,1,5,0,0,1,1,0,0,0,1,1,5,6,1,18,4,125,1,11,MAKE AND MODEL REDACTED,6,E01024568,0,-1
2021451074542,2021,451074542,1,97,0,18,19,6,2,0,0,0,2,4,0,0,3,1,5,6,1,18,4,125,1,10,-1,5,E01030464,0,-1
2021010301795,2021,010301795,2,3,0,18,19,5,1,0,0,0,0,0,0,0,4,1,2,2,1,24,5,125,1,10,MAKE AND MODEL REDACTED,3,E01000088,0,-1
2021451127289,2021,451127289,1,3,0,17,19,7,3,0,0,0,0,10,1,0,1,1,5,6,1,18,4,125,1,10,MAKE AND MODEL REDACTED,10,E01030348,0,-1
2021201104931,2021,201104931,2,9,0,18,19,8,4,0,0,8,1,0,8,4,2,1,3,7,2,48,8,1997,1,3,JAGUAR F-PACE,10,E01032145,0,-1
2021161134363,2021,161134363,1,9,0,5,5,2,6,0,0,2,0,0,0,0,4,1,6,6,1,60,9,1999,2,4,JAGUAR F-PACE,-1,-1,0,-1
2021070744598,2021,070744598,4,9,0,4,4,7,6,0,0,7,0,0,0,0,2,1,2,2,1,56,9,1999,2,2,JAGUAR F-PACE,9,E01006365,0,-1
2021320528750,2021,320528750,1,9,0,4,4,2,6,0,0,7,0,0,0,0,2,1,6,6,1,71,10,1999,2,1,JAGUAR F-PACE,10,E01026324,0,-1
2021161042403,2021,161042403,4,9,0,18,19,1,5,0,0,1,0,0,0,0,1,1,1,1,1,26,6,1999,2,1,JAGUAR F-PACE,8,E01013035,0,-1
2021548338321,2021,548338321,2,9,0,4,4,2,6,0,0,1,0,0,0,0,2,1,6,6,1,55,8,2993,2,3,JAGUAR F-PACE,8,E01028808,0,-1
2021461033999,2021,461033999,1,9,0,18,19,7,3,0,0,0,0,0,0,0,1,1,5,6,1,64,9,1999,2,4,JAGUAR F-PACE,7,E01024536,0,-1
2021221073814,2021,221073814,1,9,0,18,19,5,2,0,0,2,0,0,0,0,3,1,5,6,2,55,8,1999,2,3,JAGUAR F-PACE,5,E01032295,0,-1
2021531028624,2021,531028624,1,9,0,9,9,8,6,0,0,6,0,0,7,0,3,1,5,6,1,76,11,2993,2,4,JAGUAR F-PACE,7,E01022216,0,-1
2021461052676,2021,461052676,4,9,0,4,4,4,8,0,0,1,0,0,0,0,2,1,5,6,2,-1,-1,1999,2,5,JAGUAR F-PACE,7,E01016058,0,-1
2021131118744,2021,131118744,2,9,0,18,19,1,5,0,0,0,0,0,0,0,1,1,5,6,2,58,9,1999,2,1,JAGUAR F-PACE,6,E01010991,0,-1
2021010333463,2021,010333463,2,9,0,5,5,1,5,0,0,4,0,0,3,0,1,1,6,6,2,53,8,1999,2,2,JAGUAR F-PACE,8,E01024419,0,-1
2021141046194,2021,141046194,2,9,0,2,2,0,0,0,0,2,0,0,0,0,2,1,6,6,3,-1,-1,1999,2,1,JAGUAR F-PACE,-1,-1,0,-1
2021471036907,2021,471036907,1,9,0,6,6,3,3,0,0,0,0,0,0,0,0,1,5,6,1,54,8,2993,2,4,JAGUAR F-PACE,8,E01024362,0,-1
2021451103470,2021,451103470,2,9,0,2,2,5,1,0,0,0,0,0,0,0,2,2,5,6,1,27,6,1999,2,2,JAGUAR F-PACE,9,E01004098,0,-1
2021131043305,2021,131043305,2,9,0,13,13,5,1,0,0,0,0,0,1,0,1,1,2,2,1,52,8,1997,1,1,JAGUAR F-PACE,2,E01011253,0,-1
2021461099569,2021,461099569,1,9,0,3,3,7,3,0,0,0,0,0,0,0,1,1,6,6,1,48,8,1999,2,2,JAGUAR F-PACE,9,E01024851,0,-1
2021010343499,2021,010343499,1,9,0,10,10,3,1,0,0,6,0,0,0,0,1,1,6,6,2,43,7,1999,2,4,JAGUAR F-PACE,8,E01003460,0,-1
2021201111626,2021,201111626,1,9,0,18,19,2,6,0,0,8,0,9,3,2,1,1,6,6,1,51,8,1999,2,5,JAGUAR F-PACE,2,E01014162,0,-1
2021131107993,2021,131107993,3,9,0,2,2,0,0,0,0,2,0,4,0,0,2,1,6,6,3,-1,-1,1999,2,2,JAGUAR F-PACE,-1,-1,0,-1
2021371115159,2021,371115159,2,9,0,2,2,0,0,9,9,0,0,0,0,0,3,1,6,6,3,-1,-1,2993,2,2,JAGUAR F-PACE,-1,-1,0,-1
2021101020205,2021,101020205,2,9,0,16,19,7,3,0,0,0,0,0,0,0,1,1,2,2,1,34,6,2993,2,4,JAGUAR F-PACE,8,E01008278,0,-1
202163B059421,2021,63B059421,1,9,0,18,19,8,4,0,0,0,0,0,8,3,3,1,6,6,1,34,6,1999,2,5,JAGUAR F-PACE,4,W01000893,0,-1
2021991016884,2021,991016884,4,9,0,18,19,1,5,0,0,0,0,0,0,0,1,1,6,6,1,42,7,1999,2,2,JAGUAR F-PACE,7,-1,0,-1
2021201058695,2021,201058695,1,9,0,18,19,6,2,0,0,0,0,0,0,0,1,1,6,6,1,59,9,1999,2,2,JAGUAR F-PACE,7,E01000400,0,-1
2021141112615,2021,141112615,1,9,0,9,9,7,5,0,0,2,0,0,0,0,4,1,6,6,1,73,10,1999,2,4,JAGUAR F-PACE,9,E01005926,0,-1
2021101049424,2021,101049424,2,9,0,17,19,7,3,0,0,1,0,0,0,0,4,1,5,6,2,62,9,1999,2,1,JAGUAR F-PACE,5,E01020604,0,-1
2021201131965,2021,201131965,3,9,0,18,19,-1,-1,0,0,8,0,0,0,0,1,1,6,6,3,-1,-1,2997,2,0,JAGUAR F-PACE,-1,-1,0,-1
2021041100768,2021,041100768,1,9,0,18,19,2,6,0,0,0,0,0,0,0,1,1,5,6,1,37,7,1999,2,4,JAGUAR F-PACE,10,E01025259,0,-1
2021451081330,2021,451081330,1,9,0,14,14,5,1,0,0,0,0,0,0,0,4,1,5,6,2,37,7,1999,2,1,JAGUAR F-PACE,9,E01024818,0,-1
2021070149097,2021,070149097,2,9,0,18,19,3,1,0,0,8,0,0,7,2,4,1,6,6,1,49,8,2997,2,0,JAGUAR F-PACE,7,E01029544,0,-1
2021440335193,2021,440335193,5,9,0,4,4,7,3,0,0,0,0,0,0,0,4,1,6,6,2,62,9,2993,2,2,JAGUAR F-PACE,10,E01030360,0,-1
2021221072044,2021,221072044,2,9,0,4,4,2,6,0,0,0,0,0,0,0,2,1,5,6,1,40,7,1998,2,0,JAGUAR F-PACE,9,E01031219,0,-1
2021471047766,2021,471047766,2,9,0,18,19,5,1,0,0,0,0,0,0,0,1,1,5,6,2,53,8,1999,2,5,JAGUAR F-PACE,9,-1,0,-1
2021010305581,2021,010305581,1,9,0,99,99,9,9,99,99,9,9,99,9,99,9,9,6,6,2,33,6,1999,2,5,JAGUAR F-PACE,6,E01004493,0,-1
2021031019014,2021,031019014,1,9,0,18,19,7,3,0,0,0,0,0,0,0,1,1,6,6,1,50,8,1999,2,4,JAGUAR F-PACE,9,E01019326,0,-1
2021451050123,2021,451050123,2,9,0,3,3,3,7,0,0,1,0,0,0,0,3,1,3,7,2,30,6,1997,1,1,JAGUAR F-PACE,6,E01030857,0,-1
2021201101123,2021,201101123,1,9,0,18,19,7,3,0,0,0,0,0,0,0,1,1,6,6,1,60,9,2995,1,3,JAGUAR F-PACE,1,E01010286,0,-1
2021991081989,2021,991081989,1,9,0,3,3,4,8,0,0,0,0,0,0,0,2,1,5,6,1,44,7,1999,2,2,JAGUAR F-PACE,2,-1,0,-1
2021430007466,2021,430007466,2,9,0,18,19,0,0,0,0,0,0,0,0,0,1,1,6,6,3,-1,-1,2993,2,3,JAGUAR F-PACE,-1,-1,0,-1
2021430202691,2021,430202691,1,9,0,9,9,6,4,0,0,8,0,0,0,0,3,1,6,6,1,78,11,1997,1,4,JAGUAR F-PACE,-1,-1,0,-1
2021201115755,2021,201115755,2,9,0,8,8,2,6,0,0,8,0,0,0,0,2,1,6,6,1,-1,-1,1999,2,5,JAGUAR F-PACE,4,E01009451,0,-1
2021201082757,2021,201082757,1,9,0,18,19,4,8,0,0,1,0,0,0,0,1,1,1,1,1,31,6,1999,2,4,JAGUAR F-PACE,5,E01009714,0,-1
2021010300099,2021,010300099,1,9,0,5,5,5,1,0,0,0,0,0,0,0,4,1,6,6,1,73,10,1999,2,1,JAGUAR F-PACE,10,E01000666,0,-1
2021991093020,2021,991093020,2,9,0,3,3,1,5,0,0,0,0,0,0,0,2,1,5,6,1,58,9,2993,2,5,JAGUAR F-PACE,10,-1,0,-1
2021991033808,2021,991033808,1,9,0,18,19,6,3,0,0,0,1,0,0,0,1,1,6,6,1,50,8,1998,2,0,JAGUAR F-PACE,10,-1,0,-1
2021430104231,2021,430104231,2,9,0,18,19,2,6,0,0,0,0,0,0,0,2,1,1,1,1,32,6,1999,2,2,JAGUAR F-PACE,7,E01030741,0,-1
2021201020476,2021,201020476,2,9,0,10,10,7,5,0,0,1,0,0,0,0,1,1,6,6,2,47,8,1999,2,5,JAGUAR F-PACE,6,E01031099,0,-1
2021451124435,2021,451124435,1,9,0,5,5,3,6,0,0,8,0,0,0,0,3,1,2,2,2,38,7,1999,2,2,JAGUAR F-PACE,6,E01002617,0,-1
2021070115788,2021,070115788,1,9,0,18,19,7,3,0,0,0,0,0,1,4,4,1,2,2,1,50,8,1999,2,3,JAGUAR F-PACE,9,E01012374,0,-1
202134NNC6131,2021,34NNC6131,2,9,0,18,19,7,4,0,0,0,0,0,0,0,2,1,2,2,1,40,7,1999,2,2,JAGUAR F-PACE,4,E01013705,0,-1
2021461076107,2021,461076107,2,9,0,16,19,3,6,0,0,0,0,0,0,0,1,1,6,6,2,54,8,1999,2,4,JAGUAR F-PACE,5,E01024379,0,-1
2021440405843,2021,440405843,1,9,0,9,9,4,8,0,0,5,0,0,0,0,1,1,6,6,2,73,10,1999,2,3,JAGUAR F-PACE,10,E01022546,0,-1
2021991100343,2021,991100343,3,9,0,18,19,5,1,0,0,0,0,0,0,0,2,1,6,6,1,53,8,1999,2,4,JAGUAR F-PACE,9,-1,0,-1
202134NNC3621,2021,34NNC3621,6,9,0,18,19,7,3,0,0,0,0,0,0,0,1,1,6,6,1,75,10,2993,2,5,JAGUAR F-PACE,6,E01026919,0,-1
2021320204632,2021,320204632,4,9,0,4,4,8,4,0,0,1,0,0,0,0,0,1,6,6,2,41,7,1999,2,1,JAGUAR F-PACE,-1,-1,0,-1
2021161012597,2021,161012597,1,9,0,2,2,0,0,0,0,0,0,0,0,0,2,1,6,6,2,54,8,1999,2,3,JAGUAR F-PACE,-1,-1,0,-1
2021501199688,2021,501199688,2,9,0,18,19,2,6,0,0,0,0,0,0,0,1,1,6,6,2,59,9,1999,2,1,JAGUAR F-PACE,8,E01020250,0,-1
2021440346698,2021,440346698,1,9,0,3,3,6,2,0,0,0,0,0,0,0,2,1,6,6,2,33,6,1999,2,4,JAGUAR F-PACE,7,E01017286,0,-1
2021991027820,2021,991027820,3,9,0,18,19,4,8,0,0,0,0,0,0,0,3,1,6,6,1,48,8,1999,2,2,JAGUAR F-PACE,9,-1,0,-1
2021430375871,2021,430375871,2,9,0,3,3,6,2,0,0,1,0,0,0,0,2,1,6,6,2,55,8,2993,2,1,JAGUAR F-PACE,8,E01016751,0,-1
2021131050159,2021,131050159,1,9,0,5,5,3,1,0,0,6,0,0,0,0,1,1,5,6,2,31,6,1999,2,1,JAGUAR F-PACE,8,E01011403,0,-1