collision_index,collision_year,collision_ref_no,vehicle_reference,vehicle_type,towing_and_articulation,vehicle_manoeuvre_historic,vehicle_manoeuvre,vehicle_direction_from,vehicle_direction_to,vehicle_location_restricted_lane_historic,vehicle_location_restricted_lane,junction_location,skidding_and_overturning,hit_object_in_carriageway,vehicle_leaving_carriageway,hit_object_off_carriageway,first_point_of_impact,vehicle_left_hand_drive,journey_purpose_of_driver_historic,journey_purpose_of_driver,sex_of_driver,age_of_driver,age_band_of_driver,engine_capacity_cc,propulsion_code,age_of_vehicle,generic_make_model,driver_imd_decile,lsoa_of_driver,escooter_flag,driver_distance_banding
2021061069565,2021,061069565,1,9,0,18,19,7,2,0,0,2,0,0,0,0,1,1,5,6,1,53,8,1390,1,16,SKODA FABIA,1,E01005731,0,-1
2021320425953,2021,320425953,2,9,0,4,4,2,6,0,0,0,0,0,0,0,2,1,6,6,1,36,7,999,1,0,SKODA FABIA,9,E01026263,0,-1
2021010304422,2021,010304422,2,9,0,16,19,5,1,0,0,4,1,0,0,0,3,1,6,6,1,37,7,1198,1,15,SKODA FABIA,5,E01002635,0,-1
202163B047121,2021,63B047121,1,9,0,18,19,6,2,0,0,6,0,0,0,0,1,1,6,6,1,23,5,1598,2,7,SKODA FABIA,6,W01000550,0,-1
202131D079221,2021,31D079221,1,9,0,18,19,2,6,0,0,8,0,0,0,0,1,1,6,6,2,58,9,1198,1,11,SKODA FABIA,2,E01019497,0,-1
2021471059363,2021,471059363,1,9,0,18,19,3,7,0,0,0,0,0,0,0,3,1,6,6,3,-1,-1,1896,2,16,SKODA FABIA,-1,-1,0,-1
2021552200257,2021,552200257,2,9,0,18,19,4,8,0,0,8,0,0,0,0,4,1,6,6,2,52,8,999,1,1,SKODA FABIA,6,E01015383,0,-1
2021520104671,2021,520104671,2,9,0,18,19,6,2,0,0,6,0,0,1,0,3,1,6,6,1,32,6,1198,1,12,SKODA FABIA,1,E01029247,0,-1
2021302101312,2021,302101312,2,9,0,18,19,4,8,0,0,8,0,0,0,0,1,1,6,6,1,27,6,1896,2,16,SKODA FABIA,4,E01027960,0,-1
2021221034057,2021,221034057,2,9,0,2,2,0,0,0,0,0,0,0,0,0,2,1,5,6,1,41,7,999,1,4,SKODA FABIA,9,E01014022,0,-1
2021101044845,2021,101044845,1,9,0,18,19,7,3,0,0,0,0,0,0,0,1,1,5,6,1,86,11,1896,2,14,SKODA FABIA,10,E01027464,0,-1
2021141049991,2021,141049991,1,9,0,18,19,1,3,0,0,1,0,0,0,0,1,1,6,6,1,54,8,1598,2,9,SKODA FABIA,2,E01007633,0,-1
2021522201278,2021,522201278,2,9,0,18,19,5,1,0,0,0,0,0,0,0,1,1,6,6,2,23,5,1198,1,15,SKODA FABIA,3,E01014519,0,-1
2021141048124,2021,141048124,1,9,0,18,19,5,1,0,0,0,0,0,0,0,1,1,5,6,1,37,7,1896,2,14,SKODA FABIA,5,E01008153,0,-1
2021070471507,2021,070471507,1,9,0,7,7,1,7,0,0,8,0,0,0,0,3,1,6,6,2,20,4,999,1,4,SKODA FABIA,9,E01018473,0,-1
2021131053583,2021,131053583,1,9,0,18,19,1,5,0,0,6,0,0,0,0,3,1,6,6,2,30,6,1422,2,5,SKODA FABIA,3,E01010983,0,-1
2021131096134,2021,131096134,2,9,0,18,19,7,3,0,0,0,5,0,5,6,3,1,6,6,2,34,6,1422,2,13,SKODA FABIA,2,E01007531,0,-1
2021522100396,2021,522100396,2,9,0,6,6,1,1,0,0,0,0,0,0,0,3,1,6,6,1,35,6,1198,1,16,SKODA FABIA,-1,-1,0,-1
2021010298829,2021,010298829,1,9,0,99,99,9,9,99,99,9,9,99,9,99,2,9,6,6,1,23,5,1390,1,16,SKODA FABIA,6,E01001195,0,-1
2021231082318,2021,231082318,2,9,0,18,19,8,4,0,0,0,0,0,5,6,1,1,5,6,2,55,8,999,1,3,SKODA FABIA,5,E01032360,0,-1
2021141043201,2021,141043201,1,9,0,5,5,7,3,0,0,4,0,0,0,0,2,1,5,6,2,54,8,1197,1,7,SKODA FABIA,2,E01007849,0,-1
2021421103516,2021,421103516,1,9,0,18,19,1,5,0,0,1,0,0,0,0,3,1,6,6,1,79,11,1197,1,5,SKODA FABIA,4,E01021839,0,-1
2021131116175,2021,131116175,2,9,0,2,2,7,3,0,0,0,0,0,0,0,0,1,5,6,1,80,11,1197,1,6,SKODA FABIA,7,E01011578,0,-1
2021010309962,2021,010309962,2,9,0,99,99,9,9,99,99,9,9,99,9,99,9,9,6,6,3,-1,-1,999,1,2,SKODA FABIA,4,E01003213,0,-1
2021302101537,2021,302101537,1,9,0,9,9,6,4,0,0,2,0,0,0,0,4,1,6,6,1,90,11,1896,2,14,SKODA FABIA,7,E01013492,0,-1
2021101027516,2021,101027516,1,9,0,18,19,1,5,0,0,4,0,0,0,0,1,1,6,6,1,26,6,1598,2,9,SKODA FABIA,2,E01008173,0,-1
2021141036582,2021,141036582,2,9,0,4,4,4,1,0,0,0,0,0,0,0,1,1,6,6,1,41,7,999,1,0,SKODA FABIA,1,E01008065,0,-1
2021201054433,2021,201054433,1,9,0,5,5,3,5,0,0,1,0,10,2,0,3,1,6,6,1,26,6,1390,1,8,SKODA FABIA,1,E01009346,0,-1
20211383O0836,2021,1383O0836,2,9,0,17,19,6,2,0,0,0,0,0,0,0,1,1,6,6,1,93,11,1198,1,14,SKODA FABIA,4,E01010599,0,-1
2021070627969,2021,070627969,1,9,0,4,4,6,2,0,0,1,0,0,3,10,1,1,6,6,2,76,11,1197,1,4,SKODA FABIA,4,E01018744,0,-1
202131A200521,2021,31A200521,1,9,0,18,19,8,4,0,0,1,0,0,0,0,1,1,2,2,2,24,5,1197,1,7,SKODA FABIA,5,E01027975,0,-1
2021302100257,2021,302100257,1,9,0,18,19,4,8,0,0,8,0,0,0,0,1,1,6,6,1,24,5,1197,1,8,SKODA FABIA,1,E01028263,0,-1
2021421086831,2021,421086831,2,9,0,18,19,5,1,0,0,1,0,0,0,0,1,1,5,6,1,84,11,1198,1,12,SKODA FABIA,-1,-1,0,-1
2021371092095,2021,371092095,2,9,0,18,19,1,5,0,0,0,0,0,0,0,3,1,1,1,1,21,5,1598,2,8,SKODA FABIA,6,E01018053,0,-1
2021061027423,2021,061027423,1,9,0,4,4,6,2,0,0,0,0,0,0,0,2,1,6,6,2,37,7,1598,2,9,SKODA FABIA,10,E01006237,0,-1
2021131093960,2021,131093960,1,9,0,18,19,2,6,0,0,8,0,0,0,0,1,1,5,6,1,20,4,1197,1,8,SKODA FABIA,8,E01011826,0,-1
2021430121989,2021,430121989,2,9,0,18,19,3,7,0,0,8,0,0,1,0,1,1,6,6,1,69,10,999,1,2,SKODA FABIA,9,E01017716,0,-1
2021122101034,2021,122101034,1,9,0,5,5,1,5,0,0,2,0,0,0,0,3,1,6,6,1,85,11,1198,1,11,SKODA FABIA,6,E01027831,0,-1
2021430221910,2021,430221910,1,9,0,18,19,7,3,0,0,1,0,0,0,0,1,1,1,1,1,40,7,1896,2,15,SKODA FABIA,3,E01030793,0,-1
2021041096743,2021,041096743,2,9,0,2,2,0,0,0,0,8,0,0,0,0,3,1,6,6,3,-1,-1,999,1,3,SKODA FABIA,-1,-1,0,-1
2021421111975,2021,421111975,2,9,0,4,4,1,5,0,0,0,0,0,0,0,2,1,5,6,2,39,7,1198,1,8,SKODA FABIA,-1,-1,0,-1
2021041106980,2021,041106980,1,9,0,14,14,7,3,0,0,1,1,11,0,0,1,1,6,6,1,58,9,1390,1,11,SKODA FABIA,-1,-1,0,-1
2021101107413,2021,101107413,1,9,0,18,19,5,1,0,0,0,0,0,0,0,1,1,5,6,1,17,4,1896,2,15,SKODA FABIA,5,E01033715,0,-1
2021351048776,2021,351048776,2,9,0,4,4,1,6,0,0,2,0,0,0,0,2,1,6,6,2,65,9,999,1,3,SKODA FABIA,7,E01023590,0,-1
2021371030948,2021,371030948,2,9,0,18,19,3,7,0,0,1,0,0,0,0,3,1,1,1,2,48,8,1198,1,16,SKODA FABIA,4,E01030295,0,-1
2021010346835,2021,010346835,2,9,0,99,99,9,9,99,99,9,9,99,9,99,1,9,6,6,3,-1,-1,1198,1,8,SKODA FABIA,4,E01002973,0,-1
2021302100943,2021,302100943,2,9,0,9,9,3,2,0,0,6,0,0,0,0,3,1,1,1,1,34,6,1422,2,11,SKODA FABIA,1,E01007878,0,-1
2021991011712,2021,991011712,1,9,0,4,4,1,5,0,0,1,1,0,0,0,1,1,6,6,1,23,5,1198,1,15,SKODA FABIA,-1,-1,0,-1
2021131080863,2021,131080863,1,9,0,6,6,3,3,0,0,8,0,0,0,0,1,1,5,6,1,62,9,999,1,0,SKODA FABIA,5,E01011417,0,-1
2021522102534,2021,522102534,1,9,0,18,19,8,4,0,0,8,1,0,0,0,1,1,6,6,1,19,4,1896,2,15,SKODA FABIA,6,E01022225,0,-1
2021131069491,2021,131069491,1,9,0,13,13,1,5,0,0,8,0,0,0,0,4,1,6,6,1,20,4,999,1,5,SKODA FABIA,1,E01010735,0,-1
2021471076440,2021,471076440,2,9,0,18,19,1,5,0,0,8,0,0,0,0,1,1,6,6,2,77,11,1197,1,6,SKODA FABIA,6,E01031363,0,-1
2021430304015,2021,430304015,1,9,0,9,9,7,5,0,0,6,0,0,0,0,1,1,2,2,1,44,7,1390,1,17,SKODA FABIA,-1,-1,0,-1
2021010338665,2021,010338665,3,9,0,3,3,5,1,0,0,1,0,0,0,0,2,1,6,6,1,28,6,1198,1,18,SKODA FABIA,6,E01002618,0,-1
2021141097768,2021,141097768,1,9,0,7,7,1,5,0,0,1,0,0,0,0,1,1,2,2,1,39,7,1422,2,6,SKODA FABIA,5,E01007853,0,-1
2021371021831,2021,371021831,1,9,0,18,19,4,8,0,0,0,1,10,0,0,4,1,2,2,2,18,4,1198,1,17,SKODA FABIA,7,E01030217,0,-1
2021221077057,2021,221077057,1,9,0,17,19,8,4,0,0,0,1,0,0,0,1,1,5,6,1,40,7,999,1,6,SKODA FABIA,7,E01009260,0,-1
2021461072519,2021,461072519,2,9,0,18,19,6,2,0,0,1,0,0,0,0,1,1,6,6,1,29,6,1896,2,15,SKODA FABIA,1,E01024240,0,-1
2021010330004,2021,010330004,1,9,0,99,99,9,9,0,0,8,0,0,0,0,2,1,6,6,2,30,6,1198,1,14,SKODA FABIA,2,E01002561,0,-1
202163C066321,2021,63C066321,2,9,0,2,2,0,0,0,0,0,0,0,1,10,2,1,6,6,1,24,5,1598,2,7,SKODA FABIA,9,W01000611,0,-1
2021201102171,2021,201102171,1,9,0,18,19,1,5,0,0,0,0,0,0,0,1,1,6,6,1,23,5,1198,1,14,SKODA FABIA,6,E01010232,0,-1
2021211122410,2021,211122410,1,9,0,18,19,1,5,0,0,1,1,0,0,0,1,1,6,6,1,20,4,1198,1,13,SKODA FABIA,-1,-1,0,-1
2021061052052,2021,061052052,2,9,0,18,19,3,7,0,0,0,0,0,0,0,1,1,6,6,1,35,6,1390,1,19,SKODA FABIA,2,E01005280,0,-1
2021131059915,2021,131059915,2,9,0,18,19,6,2,0,0,0,0,0,0,0,2,1,5,6,2,38,7,1198,1,9,SKODA FABIA,5,E01010849,0,-1
2021430165736,2021,430165736,1,9,0,18,19,1,0,0,0,0,0,0,0,0,4,1,2,2,1,25,5,999,1,0,SKODA FABIA,4,E01000618,0,-1
2021201103696,2021,201103696,1,9,0,18,19,4,8,0,0,1,0,0,0,0,1,1,6,6,3,-1,-1,1896,2,18,SKODA FABIA,-1,-1,0,-1
2021131056762,2021,131056762,2,9,0,18,19,5,1,0,0,0,1,0,0,0,3,1,5,6,2,22,5,999,1,0,SKODA FABIA,5,E01011902,0,-1
2021461084521,2021,461084521,2,9,0,17,19,6,2,0,0,0,0,0,0,0,1,1,2,2,1,59,9,999,1,1,SKODA FABIA,8,E01024362,0,-1
2021061050013,2021,061050013,2,9,0,18,19,3,7,0,0,0,0,0,0,0,1,1,6,6,1,30,6,1422,2,6,SKODA FABIA,2,E01017139,0,-1
2021070599739,2021,070599739,3,9,0,7,7,5,7,0,0,8,0,0,0,0,2,1,6,6,1,40,7,1197,1,6,SKODA FABIA,8,E01018703,0,-1
2021061107066,2021,061107066,1,9,0,9,9,6,2,0,0,1,0,0,0,0,1,1,5,6,1,27,6,1598,2,7,SKODA FABIA,1,E01005612,0,-1
2021522105672,2021,522105672,2,9,0,9,9,2,8,0,0,8,0,0,0,0,1,1,6,6,3,45,7,1198,1,13,SKODA FABIA,8,E01014668,0,-1
2021461042232,2021,461042232,2,9,0,18,19,8,4,0,0,1,0,0,0,0,2,1,6,6,1,32,6,1896,2,16,SKODA FABIA,4,E01024027,0,-1
2021371030271,2021,371030271,1,9,0,5,5,4,8,0,0,1,0,0,0,0,4,1,1,1,1,20,4,1198,1,13,SKODA FABIA,4,E01029949,0,-1
2021201113345,2021,201113345,2,9,0,3,3,8,4,0,0,1,0,0,0,0,2,1,6,6,2,31,6,1390,1,16,SKODA FABIA,1,E01010140,0,-1
2021471072436,2021,471072436,1,9,0,7,7,1,3,0,0,5,0,0,0,0,4,1,6,6,1,-1,-1,1198,1,9,SKODA FABIA,9,E01031395,0,-1
2021141064283,2021,141064283,1,9,0,18,19,7,4,0,0,4,0,0,0,0,1,1,2,2,1,29,6,1896,2,16,SKODA FABIA,1,E01008123,0,-1
2021101076593,2021,101076593,2,9,0,18,19,3,2,0,0,0,0,0,0,0,4,1,5,6,2,25,5,1422,2,12,SKODA FABIA,9,E01008446,0,-1
2021101072168,2021,101072168,1,9,0,11,11,8,4,0,0,0,0,0,0,0,3,1,6,6,1,30,6,1198,1,12,SKODA FABIA,10,-1,0,-1
2021371075402,2021,371075402,1,9,0,18,19,5,1,0,0,0,0,0,1,0,1,1,6,6,2,27,6,1198,1,16,SKODA FABIA,4,E01021698,0,-1
2021451086206,2021,451086206,2,9,0,18,19,1,5,0,0,0,0,0,0,0,1,1,6,6,2,24,5,1422,2,13,SKODA FABIA,9,E01031723,0,-1
2021010298656,2021,010298656,1,9,0,99,99,9,9,99,99,9,9,99,9,99,9,9,6,6,2,35,6,1198,1,14,SKODA FABIA,2,E01000083,0,-1
2021101093365,2021,101093365,2,9,0,18,19,1,5,0,0,8,0,0,0,0,2,1,6,6,1,38,7,999,1,3,SKODA FABIA,9,E01027845,0,-1
202131D012221,2021,31D012221,1,9,0,9,9,1,7,0,0,4,1,0,1,2,1,1,2,2,1,22,5,1197,1,4,SKODA FABIA,7,E01025946,0,-1
2021991087269,2021,991087269,1,9,0,18,19,2,6,0,0,1,0,10,0,0,1,1,6,6,1,19,4,1896,2,15,SKODA FABIA,8,-1,0,-1
2021010287517,2021,010287517,1,9,0,12,12,2,6,0,0,1,0,0,0,0,1,1,6,6,1,75,10,1390,1,17,SKODA FABIA,8,E01000672,0,-1
2021522106193,2021,522106193,2,9,0,18,19,1,5,0,0,1,0,0,0,0,1,1,6,6,2,50,8,999,1,5,SKODA FABIA,-1,-1,0,-1
2021201017948,2021,201017948,1,9,0,18,19,8,4,0,0,4,0,0,0,0,1,1,6,6,1,62,9,1598,2,11,SKODA FABIA,1,E01008996,0,-1
2021531086641,2021,531086641,1,9,0,5,5,3,7,0,0,1,0,0,0,0,1,1,6,6,1,57,9,1197,1,7,SKODA FABIA,4,E01022440,0,-1
2021141032054,2021,141032054,1,9,0,4,4,5,1,7,6,0,0,0,0,0,0,1,5,6,1,75,10,1197,1,9,SKODA FABIA,4,E01007567,0,-1
2021201085642,2021,201085642,1,9,0,9,9,1,6,0,0,8,0,0,0,0,0,1,3,7,2,36,7,999,1,4,SKODA FABIA,1,E01009413,0,-1
2021131126199,2021,131126199,1,9,0,18,19,7,3,0,0,4,0,0,0,0,1,1,6,6,3,-1,-1,1197,1,4,SKODA FABIA,-1,-1,0,-1
2021141013219,2021,141013219,1,9,0,5,5,1,5,9,9,0,0,0,0,0,1,1,5,6,2,33,6,1390,1,8,SKODA FABIA,6,E01008005,0,-1
2021461038039,2021,461038039,2,9,0,18,19,5,1,0,0,0,0,7,1,9,3,1,6,6,1,19,4,1598,2,10,SKODA FABIA,6,E01024357,0,-1
2021461072909,2021,461072909,2,9,0,3,3,7,3,0,0,0,0,0,0,0,2,1,6,6,2,54,8,1198,1,14,SKODA FABIA,7,E01024804,0,-1
2021461102854,2021,461102854,2,9,0,18,19,7,3,0,0,8,0,0,0,0,1,1,5,6,2,28,6,1422,2,6,SKODA FABIA,3,E01024501,0,-1
2021430136530,2021,430136530,2,9,0,18,19,2,6,0,0,1,0,0,0,0,1,1,6,6,2,-1,-1,1197,1,9,SKODA FABIA,9,E01016413,0,-1
2021010296457,2021,010296457,2,9,0,2,2,0,0,0,0,2,0,4,1,0,1,1,6,6,3,-1,-1,1198,1,7,SKODA FABIA,-1,-1,0,-1
2021991118420,2021,991118420,2,9,0,18,19,4,8,0,0,8,0,0,0,0,1,1,5,6,1,80,11,1197,1,8,SKODA FABIA,4,-1,0,-1
2021302101596,2021,302101596,1,9,0,18,19,2,6,9,9,0,1,0,0,0,3,1,6,6,1,16,4,1390,1,16,SKODA FABIA,8,E01019725,0,-1
2021201097404,2021,201097404,3,9,0,2,2,0,0,0,0,0,0,0,0,0,2,1,5,6,1,55,8,1197,1,7,SKODA FABIA,-1,-1,0,-1
2021440487726,2021,440487726,2,9,0,18,19,1,4,0,0,8,0,0,0,0,4,1,6,6,1,72,10,1422,2,13,SKODA FABIA,9,E01017147,0,-1
202134WNC2811,2021,34WNC2811,2,9,0,18,19,1,5,0,0,8,0,0,0,0,1,1,6,6,2,31,6,1598,2,9,SKODA FABIA,8,E01027024,0,-1
2021501092995,2021,501092995,2,9,0,18,19,5,1,0,0,0,0,0,0,0,2,1,6,6,2,77,11,1198,1,13,SKODA FABIA,6,E01018917,0,-1
2021461069402,2021,461069402,1,9,0,18,19,7,3,0,0,1,0,0,0,0,1,1,6,6,1,37,7,1198,1,12,SKODA FABIA,5,E01024356,0,-1
2021141117292,2021,141117292,1,9,0,18,19,5,1,0,0,0,0,0,0,0,3,1,2,2,1,21,5,1422,2,11,SKODA FABIA,1,E01007913,0,-1
2021552100691,2021,552100691,2,9,0,18,19,2,6,0,0,8,0,0,0,0,4,1,6,6,2,27,6,1390,1,12,SKODA FABIA,8,E01015332,0,-1
202131D089021,2021,31D089021,1,9,0,9,9,7,4,0,0,6,0,0,0,0,1,1,6,6,2,84,11,1197,1,8,SKODA FABIA,10,E01028139,0,-1
2021991072025,2021,991072025,2,9,0,18,19,7,3,0,0,0,0,0,0,0,2,1,5,6,1,47,8,1198,1,13,SKODA FABIA,7,-1,0,-1
2021440324120,2021,440324120,2,9,0,2,2,0,0,0,0,0,0,0,0,0,2,1,6,6,1,-1,-1,1198,1,14,SKODA FABIA,-1,-1,0,-1
2021451022981,2021,451022981,1,9,0,18,19,0,5,0,0,0,0,0,0,0,0,1,5,6,1,42,7,1197,1,5,SKODA FABIA,10,E01030435,0,-1
2021371066839,2021,371066839,1,9,0,8,8,1,2,0,0,2,0,0,3,0,1,1,5,6,2,17,4,1198,1,8,SKODA FABIA,5,E01018047,0,-1
2021461020219,2021,461020219,1,9,0,9,9,6,3,0,0,0,0,0,0,0,1,1,5,6,1,83,11,1197,1,6,SKODA FABIA,8,E01016093,0,-1
2021122100777,2021,122100777,1,9,0,18,19,1,5,0,0,1,0,0,0,0,1,1,6,6,2,78,11,1198,1,8,SKODA FABIA,4,E01011634,0,-1
2021451053728,2021,451053728,2,9,0,4,4,3,7,0,0,8,0,0,0,0,1,1,5,6,1,25,5,1896,2,13,SKODA FABIA,5,E01023095,0,-1
2021111063788,2021,111063788,1,9,0,18,19,1,5,0,0,0,2,0,0,0,1,1,1,1,1,32,6,1198,1,8,SKODA FABIA,10,E01008618,0,-1
2021461071729,2021,461071729,1,9,0,18,19,5,1,0,0,0,0,4,0,0,1,1,2,2,1,55,8,1198,1,15,SKODA FABIA,9,E01016147,0,-1
2021440228217,2021,440228217,1,9,0,10,10,3,1,0,0,1,0,0,0,0,2,1,6,6,2,21,5,999,1,4,SKODA FABIA,2,E01017318,0,-1
2021320172417,2021,320172417,2,9,0,18,19,6,2,0,0,8,0,0,0,0,3,1,1,1,1,22,5,1422,2,14,SKODA FABIA,7,E01026218,0,-1
2021991081659,2021,991081659,2,9,0,18,19,4,8,0,0,1,0,0,0,0,1,1,6,6,1,24,5,1197,1,9,SKODA FABIA,4,-1,0,-1
2021351082435,2021,351082435,2,9,0,16,19,1,4,0,0,0,0,0,0,0,3,1,3,7,2,39,7,1199,2,9,SKODA FABIA,9,E01018211,0,-1
2021440209464,2021,440209464,2,9,0,16,19,2,5,0,0,0,0,0,0,0,1,1,6,6,1,-1,-1,999,1,1,SKODA FABIA,4,E01017359,0,-1
2021471016475,2021,471016475,1,9,0,18,19,5,1,0,0,1,0,0,0,0,4,1,6,6,1,31,6,1896,2,15,SKODA FABIA,5,E01031595,0,-1
2021201145427,2021,201145427,1,9,0,9,9,3,1,0,0,5,0,0,0,0,1,1,6,6,1,19,4,1422,2,18,SKODA FABIA,8,E01010119,0,-1
2021451112835,2021,451112835,2,9,0,4,4,6,2,0,0,0,0,0,0,0,2,1,5,6,1,30,6,1198,1,14,SKODA FABIA,6,E01023118,0,-1
2021430183437,2021,430183437,2,9,0,18,19,5,1,0,0,1,0,0,0,0,1,1,2,2,1,-1,-1,999,1,1,SKODA FABIA,-1,-1,0,-1
2021501071524,2021,501071524,1,9,0,16,19,1,5,0,0,0,1,0,0,0,4,1,5,6,1,22,5,1896,2,14,SKODA FABIA,9,E01020058,0,-1
2021141062064,2021,141062064,1,9,0,6,6,3,3,8,6,0,0,0,0,0,3,1,1,1,1,21,5,1896,2,15,SKODA FABIA,9,E01007663,0,-1
2021471120082,2021,471120082,1,9,0,9,9,3,1,0,0,5,0,0,0,0,1,1,5,6,2,75,10,1598,1,12,SKODA FABIA,9,E01031463,0,-1
2021170S10991,2021,170S10991,2,9,0,18,19,2,6,0,0,8,5,0,0,0,4,1,6,6,2,38,7,1197,1,7,SKODA FABIA,7,E01012207,0,-1
2021461059861,2021,461059861,2,9,0,18,19,1,6,0,0,1,0,0,0,0,4,1,5,6,1,30,6,1197,1,7,SKODA FABIA,4,E01016168,0,-1
2021031108174,2021,031108174,2,9,0,16,19,4,8,0,0,1,1,0,0,0,1,1,6,6,1,61,9,1422,2,5,SKODA FABIA,1,E01019197,0,-1
2021010290935,2021,010290935,1,9,0,18,19,3,7,0,0,1,0,0,0,0,0,1,6,6,2,51,8,1197,1,4,SKODA FABIA,6,E01003786,0,-1
2021320656575,2021,320656575,1,9,0,9,9,2,8,0,0,5,0,0,0,0,1,1,6,6,1,73,10,999,1,1,SKODA FABIA,6,E01026408,0,-1
2021122101325,2021,122101325,1,9,0,18,19,2,6,0,0,0,0,0,0,0,1,1,6,6,1,20,4,1598,2,9,SKODA FABIA,9,E01013395,0,-1
2021552101057,2021,552101057,2,9,0,18,19,8,4,0,0,0,0,0,0,0,2,1,6,6,1,77,11,1198,1,7,SKODA FABIA,10,E01015434,0,-1
2021440150567,2021,440150567,1,9,0,18,19,6,2,0,0,8,0,0,0,0,1,1,6,6,1,70,10,1197,1,6,SKODA FABIA,9,E01017150,0,-1
2021430511701,2021,430511701,2,9,0,4,4,6,2,0,0,1,0,0,0,0,2,1,6,6,2,78,11,1197,1,5,SKODA FABIA,8,E01028507,0,-1
2021131115449,2021,131115449,1,9,0,5,5,5,5,0,0,1,0,0,0,0,1,1,5,6,1,51,8,1198,1,11,SKODA FABIA,3,E01011229,0,-1
2021010321446,2021,010321446,1,9,0,18,19,7,3,0,0,4,0,0,0,0,1,1,6,6,2,58,9,1390,1,12,SKODA FABIA,-1,-1,0,-1
2021991108068,2021,991108068,1,9,0,4,4,4,8,0,0,1,0,0,0,0,1,1,1,1,1,35,6,1422,2,15,SKODA FABIA,2,-1,0,-1
2021320121409,2021,320121409,2,9,0,18,19,2,6,0,0,0,0,0,0,0,0,1,6,6,1,45,7,1422,2,14,SKODA FABIA,4,E01026079,0,-1
2021041074751,2021,041074751,1,9,0,18,19,5,1,0,0,1,0,0,0,0,1,1,5,6,1,19,4,1896,2,17,SKODA FABIA,3,E01024943,0,-1
2021201028953,2021,201028953,2,9,0,3,3,5,1,0,0,1,0,0,0,0,2,1,3,7,2,24,5,999,1,6,SKODA FABIA,1,E01009194,0,-1
2021041127354,2021,041127354,2,9,0,18,19,7,3,0,0,2,0,0,1,2,3,1,2,2,1,24,5,1598,2,8,SKODA FABIA,2,E01012630,0,-1
2021461114582,2021,461114582,3,9,0,2,2,0,0,0,0,0,0,0,0,0,1,1,5,6,3,-1,-1,999,1,0,SKODA FABIA,-1,-1,0,-1
2021501104543,2021,501104543,1,9,0,17,19,6,2,0,0,8,0,0,0,0,0,1,6,6,2,28,6,1896,2,15,SKODA FABIA,3,E01020096,0,-1
2021211065636,2021,211065636,2,9,0,18,19,2,6,0,0,4,0,0,0,0,1,1,6,6,2,27,6,1198,1,18,SKODA FABIA,-1,-1,0,-1
2021461071592,2021,461071592,2,9,0,10,10,8,4,0,0,0,0,4,0,0,2,1,6,6,1,31,6,1198,1,15,SKODA FABIA,7,E01024187,0,-1
2021531096133,2021,531096133,1,9,0,16,19,3,7,0,0,0,0,0,7,4,1,1,6,6,1,90,11,1197,1,6,SKODA FABIA,5,E01022244,0,-1
2021070026016,2021,070026016,1,9,0,17,19,6,3,0,0,0,5,0,1,11,1,1,6,6,1,19,4,1198,1,15,SKODA FABIA,8,E01018623,0,-1
2021041076337,2021,041076337,1,9,0,18,19,5,1,0,0,0,0,0,5,0,3,1,5,6,1,27,6,1198,1,16,SKODA FABIA,3,E01004878,0,-1
2021440289097,2021,440289097,3,9,0,3,3,6,2,0,0,2,0,0,0,0,3,1,6,6,1,57,9,1198,1,7,SKODA FABIA,2,E01032878,0,-1
2021501109969,2021,501109969,1,9,0,18,19,8,4,0,0,0,5,0,2,0,1,1,5,6,1,18,4,1198,1,14,SKODA FABIA,4,E01020247,0,-1
2021320235744,2021,320235744,1,9,0,4,4,5,1,9,9,0,0,0,1,0,1,1,6,6,1,40,7,999,1,4,SKODA FABIA,5,E01026151,0,-1
2021411118646,2021,411118646,3,9,0,2,2,0,0,6,6,1,0,0,0,0,3,1,6,6,3,-1,-1,1197,1,5,SKODA FABIA,-1,-1,0,-1
2021320371066,2021,320371066,1,9,0,18,19,4,8,0,0,0,0,0,0,0,1,1,6,6,1,28,6,1896,2,15,SKODA FABIA,-1,-1,0,-1
2021010327483,2021,010327483,2,9,0,99,99,9,9,99,99,9,9,99,9,99,2,9,6,6,3,38,7,1390,1,17,SKODA FABIA,6,E01003429,0,-1
2021201146942,2021,201146942,2,9,0,3,3,1,5,0,0,1,0,0,0,0,2,1,6,6,2,45,7,999,1,2,SKODA FABIA,6,E01031099,0,-1
2021141115443,2021,141115443,2,9,0,18,19,7,3,0,0,1,0,0,0,0,3,1,2,2,1,25,5,1197,1,4,SKODA FABIA,7,E01007589,0,-1
2021201142296,2021,201142296,2,9,0,18,19,4,8,0,0,8,0,0,0,0,1,1,6,6,1,79,11,1197,1,10,SKODA FABIA,9,E01029626,0,-1
2021211017955,2021,211017955,2,9,0,18,19,4,8,0,0,0,0,0,0,0,2,1,2,2,2,41,7,999,1,2,SKODA FABIA,7,E01029612,0,-1