collision_index,collision_year,collision_ref_no,vehicle_reference,vehicle_type,towing_and_articulation,vehicle_manoeuvre_historic,vehicle_manoeuvre,vehicle_direction_from,vehicle_direction_to,vehicle_location_restricted_lane_historic,vehicle_location_restricted_lane,junction_location,skidding_and_overturning,hit_object_in_carriageway,vehicle_leaving_carriageway,hit_object_off_carriageway,first_point_of_impact,vehicle_left_hand_drive,journey_purpose_of_driver_historic,journey_purpose_of_driver,sex_of_driver,age_of_driver,age_band_of_driver,engine_capacity_cc,propulsion_code,age_of_vehicle,generic_make_model,driver_imd_decile,lsoa_of_driver,escooter_flag,driver_distance_banding
2021542501621,2021,542501621,1,9,0,3,3,8,4,0,0,0,0,0,0,0,1,1,2,2,1,33,6,999,1,4,SKODA FABIA,6,E01031967,0,-1
2021531060097,2021,531060097,1,9,0,9,9,2,7,0,0,6,0,0,0,0,1,1,2,2,1,33,6,1198,1,16,SKODA FABIA,4,E01022365,0,-1
2021430056639,2021,430056639,1,9,0,5,5,5,3,0,0,4,0,0,0,0,1,1,2,2,2,40,7,1422,2,5,SKODA FABIA,8,E01028472,0,-1
2021041052452,2021,041052452,1,9,0,10,10,3,1,0,0,8,0,0,0,0,4,1,2,2,2,39,7,1598,2,9,SKODA FABIA,4,E01025300,0,-1
2021552100558,2021,552100558,1,9,0,18,19,3,7,0,0,6,2,0,7,11,1,1,6,6,1,24,5,999,1,3,SKODA FABIA,10,E01028396,0,-1
2021361085214,2021,361085214,4,9,0,18,19,6,2,0,0,1,0,0,0,0,1,1,5,6,1,62,9,999,1,0,SKODA FABIA,1,E01026635,0,-1
2021122100924,2021,122100924,1,9,0,18,19,5,1,1,1,0,0,0,0,0,1,1,2,2,2,47,8,1198,1,8,SKODA FABIA,2,E01027580,0,-1
2021221093478,2021,221093478,2,9,0,18,19,3,7,0,0,0,0,0,0,0,1,1,5,6,1,35,6,1422,2,6,SKODA FABIA,4,E01014122,0,-1
20211381F0779,2021,1381F0779,1,9,0,17,19,2,8,0,0,0,1,0,0,0,1,1,6,6,1,25,5,999,1,5,SKODA FABIA,2,E01010649,0,-1
202131C176621,2021,31C176621,1,9,0,9,9,6,2,0,0,6,0,0,0,0,4,1,6,6,2,63,9,999,1,2,SKODA FABIA,7,E01028202,0,-1
2021991091900,2021,991091900,1,9,0,5,5,8,6,0,0,0,0,0,0,0,1,1,5,6,2,82,11,1598,1,13,SKODA FABIA,5,-1,0,-1
2021201066512,2021,201066512,2,9,0,18,19,6,2,0,0,1,1,0,0,0,1,1,6,6,1,-1,-1,1198,1,12,SKODA FABIA,-1,-1,0,-1
2021061064753,2021,061064753,1,9,0,18,19,2,6,0,0,0,0,0,0,0,1,1,6,6,1,86,11,1422,2,14,SKODA FABIA,10,E01006094,0,-1
2021052102437,2021,052102437,4,9,0,2,2,0,0,0,0,8,0,0,0,0,2,1,6,6,3,-1,-1,1197,1,9,SKODA FABIA,-1,-1,0,-1
2021501095729,2021,501095729,1,9,0,18,19,3,7,0,0,0,0,0,0,0,1,1,6,6,1,33,6,1896,2,16,SKODA FABIA,4,E01018941,0,-1
2021471069321,2021,471069321,1,9,0,9,9,7,3,0,0,0,0,0,0,0,4,1,6,6,1,-1,-1,1422,2,14,SKODA FABIA,10,E01031729,0,-1
2021141081650,2021,141081650,2,9,0,18,19,4,8,0,0,0,0,0,0,0,1,1,6,6,1,52,8,1896,2,14,SKODA FABIA,2,E01007336,0,-1
2021991078810,2021,991078810,2,9,0,18,19,7,3,0,0,8,1,0,1,11,4,1,5,6,2,50,8,999,1,6,SKODA FABIA,9,-1,0,-1
2021141125848,2021,141125848,2,9,0,18,19,3,7,0,0,8,0,0,0,0,1,1,5,6,2,29,6,1390,1,14,SKODA FABIA,3,E01007772,0,-1
2021161056919,2021,161056919,2,9,0,4,4,3,7,0,0,0,0,0,0,0,2,1,5,6,2,33,6,1198,1,14,SKODA FABIA,1,E01007466,0,-1
2021991068483,2021,991068483,2,9,0,2,2,0,0,0,0,0,0,0,0,0,2,1,5,6,2,58,9,1422,2,5,SKODA FABIA,5,E01019107,0,-1
2021461134332,2021,461134332,1,9,0,16,19,1,5,0,0,0,0,0,0,0,0,1,6,6,1,18,4,1896,2,17,SKODA FABIA,10,E01016085,0,-1
2021522200336,2021,522200336,2,9,0,18,19,5,1,0,0,8,0,0,0,0,1,1,6,6,2,36,7,1390,1,15,SKODA FABIA,2,E01014640,0,-1
2021061114413,2021,061114413,1,9,0,18,19,1,5,0,0,0,0,0,0,0,0,1,6,6,2,30,6,1422,2,16,SKODA FABIA,3,E01004834,0,-1
2021101092433,2021,101092433,1,9,0,18,19,7,3,0,0,1,0,0,0,0,1,1,5,6,2,29,6,1198,1,13,SKODA FABIA,2,E01008307,0,-1
2021471095524,2021,471095524,2,9,0,3,3,2,6,0,0,4,0,0,0,0,2,1,2,2,2,58,9,1422,2,15,SKODA FABIA,10,E01031725,0,-1
2021031103130,2021,031103130,2,9,0,4,4,3,7,0,0,2,1,0,0,0,2,1,5,6,1,75,10,1598,2,8,SKODA FABIA,9,E01019300,0,-1
202106A079593,2021,06A079593,1,9,0,18,19,1,5,0,0,4,0,0,0,0,1,1,2,2,2,21,5,999,1,2,SKODA FABIA,1,E01005085,0,-1
2021430219129,2021,430219129,1,9,0,18,19,5,1,0,0,0,0,0,0,0,1,1,1,1,1,43,7,1198,1,13,SKODA FABIA,5,E01032555,0,-1
2021361077798,2021,361077798,2,9,0,18,19,5,1,0,0,0,0,0,0,0,3,1,2,2,1,23,5,1422,2,5,SKODA FABIA,10,E01026882,0,-1
2021041120124,2021,041120124,1,9,0,5,5,5,1,0,0,6,0,0,0,0,1,1,3,7,2,67,10,1197,1,5,SKODA FABIA,8,E01025550,0,-1
2021471124612,2021,471124612,1,9,0,18,19,7,3,0,0,8,0,0,0,0,1,1,5,6,1,89,11,1198,1,9,SKODA FABIA,4,E01021060,0,-1
2021041042561,2021,041042561,2,9,0,18,19,1,5,0,0,1,0,0,0,0,1,1,6,6,1,67,10,1390,1,17,SKODA FABIA,1,E01012594,0,-1
202131A200621,2021,31A200621,1,9,0,17,19,4,8,0,0,0,1,0,2,4,1,1,6,6,1,48,8,1198,1,17,SKODA FABIA,6,E01028283,0,-1
2021010319748,2021,010319748,2,9,0,5,5,2,6,0,0,8,0,0,0,0,1,1,6,6,2,23,5,1197,1,5,SKODA FABIA,3,E01001807,0,-1
2021201097637,2021,201097637,2,9,0,18,19,6,2,0,0,0,1,7,7,0,2,1,6,6,1,25,5,1197,1,8,SKODA FABIA,1,E01010415,0,-1
2021440219729,2021,440219729,1,9,0,9,9,4,2,0,0,8,0,0,0,0,1,1,2,2,1,43,7,1198,1,7,SKODA FABIA,3,E01017191,0,-1
2021991112477,2021,991112477,2,9,0,18,19,8,4,0,0,0,0,4,0,0,1,1,6,6,1,82,11,999,1,3,SKODA FABIA,8,-1,0,-1
2021440236838,2021,440236838,2,9,0,18,19,1,5,0,0,0,0,0,0,0,0,1,6,6,1,29,6,1198,1,15,SKODA FABIA,9,E01022560,0,-1
2021041106888,2021,041106888,1,9,0,4,4,1,1,0,0,1,0,0,0,0,2,1,5,6,2,31,6,999,1,1,SKODA FABIA,1,E01024953,0,-1
2021131088859,2021,131088859,1,9,0,18,19,5,1,0,0,1,0,0,0,0,1,1,1,1,2,21,5,1198,1,8,SKODA FABIA,4,E01011777,0,-1
2021201033638,2021,201033638,2,9,0,9,9,1,6,0,0,6,0,0,0,0,3,1,1,1,2,36,7,1198,1,6,SKODA FABIA,2,E01009508,0,-1
2021991026609,2021,991026609,1,9,0,9,9,6,4,0,0,1,5,0,1,11,1,1,5,6,1,89,11,1197,1,5,SKODA FABIA,8,-1,0,-1
2021471082591,2021,471082591,2,9,0,2,2,0,0,0,0,0,0,0,0,0,3,1,6,6,3,-1,-1,1896,2,15,SKODA FABIA,-1,-1,0,-1
2021221028674,2021,221028674,1,9,0,9,9,4,1,0,0,8,0,0,0,0,4,1,1,1,1,40,7,1422,2,6,SKODA FABIA,3,E01014010,0,-1
2021371134574,2021,371134574,2,9,0,9,9,2,8,0,0,8,0,0,0,0,1,1,5,6,1,93,11,999,1,3,SKODA FABIA,7,E01030009,0,-1
2021221096218,2021,221096218,2,9,0,17,19,6,2,0,0,0,0,0,1,10,4,1,3,7,2,40,7,1422,2,14,SKODA FABIA,4,E01028847,0,-1
2021061040486,2021,061040486,3,9,0,2,2,0,0,0,0,1,0,0,0,0,1,1,6,6,2,30,6,1397,1,18,SKODA FABIA,1,E01005379,0,-1
2021546089521,2021,546089521,1,9,0,18,19,1,3,0,0,2,0,0,0,0,3,1,6,6,1,18,4,1197,1,8,SKODA FABIA,2,E01015558,0,-1
2021201116597,2021,201116597,1,9,0,9,9,8,6,0,0,6,0,10,1,10,3,1,6,6,2,76,11,1198,1,17,SKODA FABIA,1,E01008929,0,-1
2021622100999,2021,622100999,1,9,0,5,5,2,6,0,0,4,0,0,0,0,1,1,6,6,1,37,7,1422,2,12,SKODA FABIA,1,W01000958,0,-1
2021471102752,2021,471102752,1,9,0,6,6,2,1,0,0,1,0,0,0,0,2,1,6,6,1,21,5,1422,2,15,SKODA FABIA,9,E01024792,0,-1
2021411113218,2021,411113218,1,9,0,10,10,2,8,0,0,8,0,0,0,0,3,1,5,6,1,89,11,1197,1,10,SKODA FABIA,9,E01023964,0,-1
2021302100505,2021,302100505,2,9,0,18,19,4,8,0,0,0,0,0,0,0,4,1,6,6,2,22,5,1198,1,10,SKODA FABIA,7,E01025946,0,-1
2021211071489,2021,211071489,1,9,0,18,19,7,3,0,0,0,0,0,0,0,4,1,6,6,1,21,5,1896,2,14,SKODA FABIA,2,E01014262,0,-1
2021010313242,2021,010313242,3,9,0,99,99,9,9,99,99,9,9,99,9,99,2,9,6,6,3,-1,-1,1198,1,17,SKODA FABIA,-1,-1,0,-1
2021991028687,2021,991028687,1,9,0,11,11,7,3,0,0,0,0,0,0,0,4,1,1,1,1,75,10,999,1,2,SKODA FABIA,10,-1,0,-1
2021552100695,2021,552100695,2,9,0,16,19,2,6,0,0,0,0,0,0,0,3,1,6,6,1,84,11,1198,1,9,SKODA FABIA,4,E01020578,0,-1
2021471067376,2021,471067376,1,9,0,9,9,2,1,0,0,6,0,0,0,0,3,1,5,6,2,63,9,1598,2,10,SKODA FABIA,4,E01022365,0,-1
2021010330015,2021,010330015,1,9,0,5,5,1,5,0,0,2,0,0,0,0,1,1,2,2,1,34,6,999,1,0,SKODA FABIA,3,E01003328,0,-1
2021501089806,2021,501089806,2,9,0,18,19,7,3,0,0,0,0,0,0,0,2,1,6,6,1,24,5,1397,1,19,SKODA FABIA,2,E01015171,0,-1
202154B799821,2021,54B799821,1,9,0,1,1,7,3,0,0,0,0,0,0,0,2,1,6,6,1,20,4,1198,1,17,SKODA FABIA,6,E01031989,0,-1
2021010314227,2021,010314227,1,9,0,18,19,1,5,0,0,1,0,0,1,0,4,1,6,6,1,52,8,1598,2,11,SKODA FABIA,5,E01003327,0,-1
2021131032521,2021,131032521,2,9,0,7,7,8,2,0,0,0,0,0,0,0,3,1,5,6,2,34,6,1198,1,10,SKODA FABIA,2,E01010929,0,-1
2021610063521,2021,610063521,1,9,0,18,19,8,4,0,0,0,5,0,7,11,1,1,6,6,1,18,4,1896,2,15,SKODA FABIA,9,W01001549,0,-1
2021461130979,2021,461130979,1,9,0,18,19,1,5,0,0,0,0,0,0,0,1,1,6,6,1,64,9,999,1,0,SKODA FABIA,7,E01024573,0,-1
2021201117761,2021,201117761,2,9,0,18,19,8,4,0,0,1,0,0,0,0,3,1,6,6,1,40,7,1598,2,10,SKODA FABIA,1,E01008901,0,-1
2021111079736,2021,111079736,2,9,0,18,19,5,1,0,0,8,0,0,0,0,3,1,6,6,1,52,8,999,1,1,SKODA FABIA,7,E01020726,0,-1
2021122101275,2021,122101275,2,9,0,18,19,8,4,0,0,0,0,0,0,0,1,1,6,6,1,27,6,1896,2,15,SKODA FABIA,8,E01027691,0,-1
2021131049410,2021,131049410,2,9,0,4,4,3,3,0,0,0,0,0,4,0,2,1,2,2,1,35,6,999,1,3,SKODA FABIA,4,E01011841,0,-1
202134WNC3531,2021,34WNC3531,3,9,0,2,2,0,0,0,0,0,0,4,0,0,1,1,6,6,1,56,9,1390,1,11,SKODA FABIA,7,E01021540,0,-1
2021010310899,2021,010310899,2,9,0,99,99,9,9,99,99,9,9,99,9,99,2,9,6,6,3,-1,-1,1390,1,15,SKODA FABIA,-1,-1,0,-1
2021101086533,2021,101086533,2,9,0,18,19,4,7,0,0,0,0,0,0,0,2,1,5,6,1,20,4,1197,1,8,SKODA FABIA,2,E01008203,0,-1
2021052102781,2021,052102781,2,9,0,18,19,5,1,0,0,8,0,0,0,0,1,1,6,6,1,39,7,1198,1,8,SKODA FABIA,2,E01006772,0,-1
2021991091848,2021,991091848,3,9,0,18,19,5,1,0,0,0,0,0,0,0,4,1,5,6,2,49,8,1390,1,14,SKODA FABIA,6,E01019239,0,-1
2021010316641,2021,010316641,1,9,0,9,9,7,5,0,0,8,0,0,0,0,1,1,6,6,2,69,10,1197,1,11,SKODA FABIA,-1,-1,0,-1
2021440228531,2021,440228531,1,9,0,9,9,4,3,0,0,8,0,0,0,0,1,1,6,6,1,41,7,1197,1,10,SKODA FABIA,10,E01023220,0,-1
2021302100922,2021,302100922,1,9,0,1,1,4,8,0,0,8,0,0,0,0,2,1,6,6,1,44,7,1198,1,18,SKODA FABIA,1,E01013566,0,-1
2021371043464,2021,371043464,1,9,0,17,19,5,1,0,0,1,0,0,0,0,1,1,5,6,1,23,5,1198,1,15,SKODA FABIA,6,E01030112,0,-1
2021031058936,2021,031058936,1,9,0,18,19,1,5,0,0,0,0,0,0,0,1,1,5,6,1,54,8,1896,2,16,SKODA FABIA,5,E01019305,0,-1
2021552101081,2021,552101081,1,9,0,18,19,7,3,0,0,1,0,0,0,0,1,1,6,6,2,33,6,1198,1,15,SKODA FABIA,8,E01020579,0,-1
2021041059794,2021,041059794,2,9,0,18,19,4,8,0,0,0,0,0,0,0,4,1,5,6,2,44,7,1198,1,12,SKODA FABIA,3,E01025429,0,-1
2021141085486,2021,141085486,2,9,0,18,19,1,1,0,0,0,1,0,0,0,2,1,6,6,2,43,7,999,1,3,SKODA FABIA,7,E01008087,0,-1
2021070727573,2021,070727573,2,9,0,18,19,7,3,0,0,1,0,0,0,0,1,1,6,6,1,50,8,1896,2,13,SKODA FABIA,8,E01018623,0,-1
2021471049891,2021,471049891,2,9,0,10,10,2,1,0,0,1,0,0,0,0,3,1,5,6,1,21,5,1598,2,8,SKODA FABIA,7,E01031566,0,-1
2021991013410,2021,991013410,1,9,0,18,19,1,5,0,0,1,0,0,0,0,1,1,6,6,1,65,9,1198,1,11,SKODA FABIA,6,-1,0,-1
2021201132968,2021,201132968,1,9,0,5,5,2,6,0,0,6,0,0,0,0,1,1,6,6,1,-1,-1,1198,1,8,SKODA FABIA,-1,-1,0,-1
2021201146950,2021,201146950,1,9,0,6,6,2,2,0,0,0,0,0,0,0,3,1,6,6,1,30,6,1598,1,12,SKODA FABIA,1,E01033621,0,-1
2021201103269,2021,201103269,2,9,0,7,7,3,5,0,0,6,1,10,1,0,2,1,6,6,2,30,6,1390,1,13,SKODA FABIA,4,E01009856,0,-1
2021010342529,2021,010342529,2,9,0,99,99,9,9,99,99,9,9,99,9,99,9,9,6,6,3,-1,-1,1198,1,12,SKODA FABIA,-1,-1,0,-1
2021131090724,2021,131090724,1,9,0,18,19,1,5,0,0,8,0,0,0,0,1,1,5,6,1,20,4,999,1,3,SKODA FABIA,4,E01011443,0,-1
2021231110874,2021,231110874,1,9,0,9,9,5,3,0,0,5,0,0,0,0,1,1,5,6,1,32,6,999,1,1,SKODA FABIA,8,E01025942,0,-1
202163D024721,2021,63D024721,1,9,0,5,5,4,1,0,0,0,0,0,0,0,1,1,6,6,2,72,10,1896,2,13,SKODA FABIA,8,W01000451,0,-1
2021131076856,2021,131076856,1,9,0,5,5,5,1,0,0,0,0,0,0,0,3,1,5,6,1,65,9,1397,1,21,SKODA FABIA,6,E01011704,0,-1
2021201077174,2021,201077174,1,9,0,18,19,8,3,0,0,0,0,0,0,0,3,1,6,6,1,20,4,1896,2,16,SKODA FABIA,1,E01009957,0,-1
2021010349096,2021,010349096,1,9,0,6,6,5,5,0,0,1,0,0,0,0,4,1,1,1,1,24,5,1198,1,8,SKODA FABIA,9,E01001379,0,-1
2021451081246,2021,451081246,1,9,0,1,1,5,1,0,0,0,0,0,0,0,1,1,5,6,2,84,11,1197,1,11,SKODA FABIA,6,E01030643,0,-1
2021451106175,2021,451106175,1,9,0,18,19,7,3,0,0,1,0,0,0,0,3,1,2,2,1,50,8,1198,1,13,SKODA FABIA,3,E01030354,0,-1
2021501085624,2021,501085624,1,9,0,18,19,1,5,0,0,0,1,0,0,0,4,1,5,6,1,24,5,1198,1,13,SKODA FABIA,4,E01020289,0,-1
2021221028186,2021,221028186,1,9,0,18,19,8,4,0,0,8,0,0,0,0,1,1,2,2,1,30,6,1198,1,15,SKODA FABIA,7,E01031253,0,-1
2021361098067,2021,361098067,1,9,0,18,19,1,5,0,0,8,0,0,0,0,1,1,6,6,2,82,11,1198,1,12,SKODA FABIA,4,E01026640,0,-1
2021461128804,2021,461128804,1,9,0,16,19,6,8,0,0,6,0,11,0,0,3,1,5,6,2,32,6,1390,1,16,SKODA FABIA,6,E01016134,0,-1
202134NNC0371,2021,34NNC0371,2,9,0,18,19,3,7,0,0,8,0,0,0,0,1,1,6,6,2,47,8,1198,1,12,SKODA FABIA,-1,-1,0,-1
2021361095598,2021,361095598,1,9,0,7,7,2,1,0,0,3,0,0,0,0,1,1,6,6,1,67,10,1198,1,14,SKODA FABIA,4,E01026804,0,-1
2021461039790,2021,461039790,1,9,0,18,19,1,5,0,0,0,0,0,0,0,1,1,5,6,2,34,6,999,1,2,SKODA FABIA,5,E01024379,0,-1
2021131050665,2021,131050665,2,9,0,4,4,7,3,0,0,0,0,0,0,0,2,1,5,6,1,35,6,1896,2,15,SKODA FABIA,3,E01011784,0,-1
2021161073345,2021,161073345,4,9,0,2,2,0,0,0,0,0,0,0,0,0,2,2,6,6,3,-1,-1,1197,1,5,SKODA FABIA,-1,-1,0,-1
2021501107207,2021,501107207,1,9,0,5,5,7,3,0,0,1,0,0,0,0,2,1,6,6,2,43,7,999,1,0,SKODA FABIA,-1,-1,0,-1
2021471018235,2021,471018235,1,9,0,5,5,3,7,0,0,0,0,4,3,10,1,1,6,6,1,87,11,1390,1,17,SKODA FABIA,5,E01031826,0,-1
2021201132952,2021,201132952,2,9,0,3,3,5,1,0,0,2,0,0,0,0,2,1,6,6,2,33,6,1390,1,9,SKODA FABIA,1,E01009408,0,-1
2021010309897,2021,010309897,2,9,0,99,99,9,9,99,99,9,9,99,9,99,1,9,6,6,3,-1,-1,1198,1,14,SKODA FABIA,-1,-1,0,-1
202131B020221,2021,31B020221,1,9,0,18,19,7,3,0,0,6,0,0,3,11,1,1,6,6,2,43,7,1390,1,16,SKODA FABIA,3,E01028254,0,-1
2021201142241,2021,201142241,2,9,0,3,3,5,1,0,0,1,0,0,0,0,3,1,1,1,2,-1,-1,1198,1,9,SKODA FABIA,2,E01032528,0,-1
2021622100728,2021,622100728,1,9,0,1,1,4,8,0,0,0,0,0,0,0,2,1,2,2,1,27,6,1598,2,10,SKODA FABIA,9,W01001085,0,-1
2021991058481,2021,991058481,1,9,0,18,19,8,4,0,0,1,0,0,1,0,3,1,6,6,1,26,6,1197,1,6,SKODA FABIA,2,-1,0,-1
2021440494057,2021,440494057,2,9,0,18,19,3,7,0,0,6,0,0,0,0,4,1,6,6,2,67,10,1197,1,7,SKODA FABIA,8,E01022769,0,-1
2021461108736,2021,461108736,1,9,0,3,3,5,1,0,0,0,0,0,0,0,1,1,6,6,1,26,6,1198,1,12,SKODA FABIA,2,E01016035,0,-1
2021430455822,2021,430455822,2,9,0,1,1,5,1,0,0,0,0,0,0,0,2,1,6,6,2,41,7,1198,1,8,SKODA FABIA,-1,-1,0,-1
2021501017225,2021,501017225,3,9,0,2,2,0,0,0,0,0,0,0,0,0,2,1,6,6,1,-1,-1,1198,1,9,SKODA FABIA,6,E01015051,0,-1
2021010315522,2021,010315522,1,9,0,18,19,3,7,0,0,8,0,0,0,0,4,1,6,6,1,56,9,1198,1,17,SKODA FABIA,3,E01001391,0,-1
2021421111261,2021,421111261,1,9,0,9,9,3,8,0,0,6,0,0,0,0,1,1,5,6,1,60,9,1598,2,9,SKODA FABIA,5,E01022004,0,-1
2021010321543,2021,010321543,1,9,0,17,19,1,5,0,0,1,0,0,0,0,1,1,6,6,1,60,9,1390,1,9,SKODA FABIA,-1,-1,0,-1
2021131107993,2021,131107993,1,9,0,18,19,1,5,0,0,2,0,4,0,0,1,1,5,6,2,76,11,999,1,3,SKODA FABIA,5,E01010746,0,-1
2021122100561,2021,122100561,2,9,0,18,19,5,1,0,0,1,0,0,0,0,1,1,6,6,2,72,10,1197,1,9,SKODA FABIA,9,E01013395,0,-1
2021111031545,2021,111031545,1,9,0,18,19,1,5,0,0,1,0,0,0,0,1,1,5,6,1,23,5,1197,1,5,SKODA FABIA,2,E01020795,0,-1
2021461080685,2021,461080685,1,9,0,18,19,2,6,0,0,0,0,0,0,0,1,1,6,6,1,37,7,1198,1,18,SKODA FABIA,2,E01024476,0,-1
2021471101525,2021,471101525,2,9,0,2,2,0,0,0,0,2,0,0,0,0,4,1,6,6,3,-1,-1,1197,1,8,SKODA FABIA,-1,-1,0,-1
2021131091137,2021,131091137,1,9,0,7,7,3,5,0,0,0,0,0,0,0,2,1,6,6,1,34,6,1896,2,16,SKODA FABIA,3,E01011477,0,-1
2021010300592,2021,010300592,1,9,0,9,9,3,8,0,0,0,0,0,0,0,3,1,6,6,1,79,11,1422,2,13,SKODA FABIA,9,E01031741,0,-1
2021471127365,2021,471127365,1,9,0,16,19,6,8,0,0,4,5,0,1,0,1,1,5,6,1,55,8,1390,1,19,SKODA FABIA,3,E01031559,0,-1
2021041106178,2021,041106178,2,9,0,4,4,1,1,0,0,0,0,0,0,0,2,1,6,6,2,31,6,999,1,1,SKODA FABIA,1,E01024953,0,-1
2021141057141,2021,141057141,1,9,0,10,10,1,7,0,0,8,0,0,0,0,0,1,2,2,2,25,5,1198,1,7,SKODA FABIA,3,E01007993,0,-1
2021430123712,2021,430123712,2,9,0,4,4,0,0,0,0,0,0,0,0,0,2,1,2,2,2,49,8,1598,1,14,SKODA FABIA,6,E01028657,0,-1
2021361138799,2021,361138799,2,9,0,2,2,0,0,0,0,0,0,4,0,0,2,1,5,6,1,-1,-1,1422,2,17,SKODA FABIA,7,E01026462,0,-1
2021501089319,2021,501089319,1,9,0,18,19,3,7,0,0,1,0,0,0,0,1,1,5,6,1,50,8,1198,1,7,SKODA FABIA,2,E01015156,0,-1
2021041067143,2021,041067143,2,9,0,4,4,7,3,0,0,1,0,0,0,0,1,1,5,6,1,25,5,1422,2,13,SKODA FABIA,1,E01025224,0,-1
2021501173413,2021,501173413,2,9,0,18,19,3,7,0,0,0,0,0,0,0,2,1,2,2,2,27,6,999,1,0,SKODA FABIA,4,E01018948,0,-1
2021010345906,2021,010345906,2,9,0,18,19,5,1,0,0,2,0,0,0,0,1,1,6,6,1,22,5,1198,1,12,SKODA FABIA,-1,-1,0,-1
2021010290410,2021,010290410,2,9,0,4,4,3,7,0,0,0,0,0,0,0,1,1,6,6,2,32,6,1198,1,14,SKODA FABIA,-1,-1,0,-1
2021061048602,2021,061048602,2,9,0,18,19,7,3,0,0,8,0,0,0,0,1,1,6,6,3,30,6,1198,1,14,SKODA FABIA,-1,-1,0,-1
2021520103898,2021,520103898,1,9,0,18,19,7,3,0,0,0,0,0,0,0,4,1,6,6,2,81,11,1198,1,8,SKODA FABIA,7,E01029267,0,-1
2021531117117,2021,531117117,2,9,0,4,4,3,7,0,0,0,0,0,0,0,1,1,5,6,2,38,7,1896,2,17,SKODA FABIA,6,E01022187,0,-1
2021141066301,2021,141066301,1,9,0,5,5,0,3,8,6,0,0,0,0,0,1,1,5,6,2,45,7,1199,2,9,SKODA FABIA,2,E01008101,0,-1
2021421106958,2021,421106958,5,9,0,2,2,0,0,0,0,2,0,0,1,11,1,1,6,6,3,-1,-1,1197,1,10,SKODA FABIA,-1,-1,0,-1
2021371180271,2021,371180271,1,9,0,5,5,6,2,6,6,0,0,0,0,0,3,1,5,6,1,41,7,1896,2,19,SKODA FABIA,1,E01026467,0,-1
2021061091293,2021,061091293,1,9,0,9,9,1,3,0,0,6,0,0,0,0,3,1,6,6,1,30,6,1197,1,11,SKODA FABIA,1,E01005068,0,-1
2021991019392,2021,991019392,1,9,0,18,19,3,7,0,0,0,0,0,0,0,1,1,2,2,2,49,8,1422,2,12,SKODA FABIA,-1,-1,0,-1
2021010302311,2021,010302311,2,9,0,7,7,5,7,0,0,8,0,0,0,0,4,1,6,6,1,22,5,1390,1,18,SKODA FABIA,3,E01004575,0,-1
2021052100784,2021,052100784,2,9,0,3,3,7,3,0,0,0,0,0,0,0,2,1,1,1,1,51,8,999,1,1,SKODA FABIA,1,E01007009,0,-1
2021361060288,2021,361060288,1,9,0,18,19,6,2,0,0,0,1,0,7,0,1,1,2,2,1,52,8,1422,2,14,SKODA FABIA,4,E01000290,0,-1
202131A139121,2021,31A139121,2,9,0,9,9,2,8,0,0,5,0,0,0,0,4,1,6,6,1,50,8,999,1,2,SKODA FABIA,10,E01033390,0,-1
2021351054864,2021,351054864,2,9,0,18,19,7,3,0,0,8,0,0,0,0,4,1,5,6,1,51,8,999,1,3,SKODA FABIA,5,E01018135,0,-1
202131B073021,2021,31B073021,1,9,0,13,13,8,4,0,0,0,0,0,7,4,3,1,6,6,1,28,6,1198,1,12,SKODA FABIA,2,E01028313,0,-1
2021361028260,2021,361028260,1,9,0,18,19,3,7,0,0,0,0,4,1,0,4,1,5,6,1,86,11,1197,1,4,SKODA FABIA,7,E01026462,0,-1
2021302101597,2021,302101597,1,9,0,5,5,0,0,8,6,1,0,0,0,0,3,1,6,6,1,16,4,1390,1,16,SKODA FABIA,8,E01019725,0,-1
2021461051438,2021,461051438,1,9,0,9,9,3,1,0,0,6,0,0,0,0,4,1,5,6,2,39,7,1896,2,14,SKODA FABIA,4,E01016097,0,-1
2021361087183,2021,361087183,2,9,0,7,7,1,4,0,0,5,0,0,0,0,2,1,5,6,1,34,6,999,1,2,SKODA FABIA,8,E01026581,0,-1
2021991029660,2021,991029660,1,9,0,9,9,4,2,0,0,8,0,7,0,0,1,1,5,6,1,73,10,1198,1,7,SKODA FABIA,3,-1,0,-1
2021361042986,2021,361042986,2,9,0,18,19,2,5,0,0,1,0,0,0,0,1,1,5,6,2,20,4,999,1,0,SKODA FABIA,8,E01026490,0,-1
2021010311437,2021,010311437,1,9,0,11,11,7,3,0,0,1,0,0,0,0,3,1,6,6,2,25,5,1390,1,17,SKODA FABIA,-1,-1,0,-1
202163D049821,2021,63D049821,1,9,0,16,19,3,6,0,0,0,5,0,7,4,3,1,6,6,1,21,5,1896,2,17,SKODA FABIA,6,W01000471,0,-1
202131C056021,2021,31C056021,1,9,0,18,19,2,6,0,0,2,0,0,0,0,1,1,2,2,1,39,7,1198,1,13,SKODA FABIA,3,E01013828,0,-1
2021522100340,2021,522100340,4,9,0,2,2,0,0,0,0,0,0,0,0,0,1,1,6,6,3,-1,-1,1400,1,16,SKODA FABIA,-1,-1,0,-1