collision_index,collision_year,collision_ref_no,vehicle_reference,vehicle_type,towing_and_articulation,vehicle_manoeuvre_historic,vehicle_manoeuvre,vehicle_direction_from,vehicle_direction_to,vehicle_location_restricted_lane_historic,vehicle_location_restricted_lane,junction_location,skidding_and_overturning,hit_object_in_carriageway,vehicle_leaving_carriageway,hit_object_off_carriageway,first_point_of_impact,vehicle_left_hand_drive,journey_purpose_of_driver_historic,journey_purpose_of_driver,sex_of_driver,age_of_driver,age_band_of_driver,engine_capacity_cc,propulsion_code,age_of_vehicle,generic_make_model,driver_imd_decile,lsoa_of_driver,escooter_flag,driver_distance_banding
2021010310306,2021,010310306,2,9,0,5,5,0,7,0,0,2,0,0,0,0,3,1,6,6,2,57,9,1197,1,8,SKODA FABIA,8,E01001985,0,-1
2021501066660,2021,501066660,2,9,0,7,7,3,5,0,0,6,0,0,0,0,1,1,6,6,2,18,4,1896,2,19,SKODA FABIA,7,E01020298,0,-1
2021101117487,2021,101117487,2,9,0,3,3,3,7,0,0,0,0,0,0,0,2,1,6,6,1,49,8,1198,1,11,SKODA FABIA,3,E01008298,0,-1
2021201063095,2021,201063095,2,9,0,18,19,2,6,0,0,1,0,0,0,0,1,1,6,6,1,37,7,1390,1,10,SKODA FABIA,8,E01010507,0,-1
2021141063365,2021,141063365,3,9,0,3,3,2,6,0,0,0,0,0,0,0,0,1,6,6,1,21,5,999,1,3,SKODA FABIA,-1,-1,0,-1
2021461130788,2021,461130788,1,9,0,18,19,5,1,0,0,0,0,0,0,0,1,1,6,6,1,21,5,999,1,3,SKODA FABIA,6,E01024340,0,-1
2021101110320,2021,101110320,1,9,0,18,19,7,3,0,0,7,0,0,0,0,1,1,5,6,1,21,5,1422,2,6,SKODA FABIA,1,E01008382,0,-1
2021010336326,2021,010336326,1,9,0,18,19,2,6,0,0,1,0,0,0,0,1,1,6,6,2,23,5,1390,1,16,SKODA FABIA,2,E01000527,0,-1
2021131075578,2021,131075578,2,9,0,4,4,1,1,0,0,0,0,0,0,0,2,1,6,6,1,67,10,999,1,3,SKODA FABIA,3,E01005162,0,-1
202134NNC2491,2021,34NNC2491,2,9,0,18,19,2,6,0,0,8,0,0,0,0,1,1,3,7,2,45,7,999,1,1,SKODA FABIA,9,E01027322,0,-1
2021221113435,2021,221113435,1,9,0,18,19,1,5,0,0,0,0,0,8,4,3,1,5,6,1,19,4,1198,1,14,SKODA FABIA,6,E01031193,0,-1
2021070091774,2021,070091774,1,9,0,17,19,3,6,0,0,0,2,0,7,9,0,1,6,6,1,18,4,1198,1,9,SKODA FABIA,9,E01012514,0,-1
2021622100675,2021,622100675,1,9,0,18,19,6,2,0,0,0,0,0,0,0,1,1,2,2,1,61,9,1197,1,5,SKODA FABIA,10,W01001948,0,-1
2021010325351,2021,010325351,1,9,0,99,99,9,9,99,99,9,9,99,9,99,1,9,1,1,2,24,5,1197,1,4,SKODA FABIA,2,E01001734,0,-1
2021461047158,2021,461047158,2,9,0,4,4,3,7,0,0,0,0,0,0,0,2,1,6,6,2,53,8,1390,1,20,SKODA FABIA,7,E01024131,0,-1
2021430322687,2021,430322687,1,9,0,9,9,2,8,0,0,6,0,0,0,0,1,1,6,6,1,72,10,1197,1,4,SKODA FABIA,10,E01017638,0,-1
2021522102354,2021,522102354,2,9,0,18,19,7,3,0,0,0,0,0,0,0,1,1,6,6,3,30,6,1197,1,5,SKODA FABIA,-1,-1,0,-1
2021201044827,2021,201044827,1,9,0,7,7,8,2,0,0,5,1,10,1,2,3,1,5,6,1,20,4,1198,1,13,SKODA FABIA,4,E01009089,0,-1
2021430554084,2021,430554084,2,9,0,18,19,3,7,0,0,8,0,0,0,0,1,1,6,6,1,82,11,999,1,2,SKODA FABIA,7,E01017668,0,-1
2021101103643,2021,101103643,1,9,0,7,7,5,7,0,0,0,1,0,1,0,1,1,5,6,1,20,4,1896,2,12,SKODA FABIA,9,E01027399,0,-1
202163B065621,2021,63B065621,2,9,0,13,13,2,6,0,0,0,5,0,7,10,4,1,6,6,1,52,8,1199,2,8,SKODA FABIA,6,W01000550,0,-1
2021991076026,2021,991076026,2,9,0,16,19,5,1,0,0,0,0,0,0,0,1,1,5,6,1,17,4,999,1,0,SKODA FABIA,7,-1,0,-1
2021351121031,2021,351121031,1,9,0,4,4,4,8,0,0,2,0,0,0,0,1,1,2,2,2,41,7,1422,2,12,SKODA FABIA,-1,-1,0,-1
2021231124179,2021,231124179,1,9,0,18,19,3,7,0,0,5,5,7,8,6,1,1,5,6,1,32,6,1197,1,4,SKODA FABIA,2,E01033641,0,-1
2021411074349,2021,411074349,1,9,0,9,9,1,5,0,0,8,0,0,0,0,1,1,5,6,1,81,11,999,1,3,SKODA FABIA,5,E01023392,0,-1
2021070049496,2021,070049496,1,9,0,16,19,4,8,0,0,0,1,6,1,11,1,1,6,6,1,24,5,999,1,1,SKODA FABIA,3,E01028891,0,-1
2021991019396,2021,991019396,2,9,0,18,19,5,1,0,0,2,0,0,0,0,1,1,2,2,2,34,6,1896,2,12,SKODA FABIA,-1,-1,0,-1
2021111080607,2021,111080607,1,9,0,7,7,3,5,0,0,2,1,0,0,0,1,1,6,6,1,30,6,999,1,0,SKODA FABIA,-1,-1,0,-1
2021361020855,2021,361020855,1,9,0,18,19,3,6,0,0,0,0,0,7,10,1,1,5,6,1,82,11,1197,1,6,SKODA FABIA,6,E01026449,0,-1
2021131098576,2021,131098576,1,9,0,7,7,5,3,0,0,8,1,0,0,0,1,1,5,6,2,20,4,999,1,1,SKODA FABIA,2,E01011253,0,-1
2021451073120,2021,451073120,2,9,0,5,5,2,6,0,0,0,0,0,0,0,3,1,2,2,2,43,7,1197,1,5,SKODA FABIA,7,E01030577,0,-1
2021371085164,2021,371085164,1,9,0,18,19,1,4,0,0,2,0,0,0,0,1,1,6,6,1,84,11,1198,1,14,SKODA FABIA,5,E01030290,0,-1
2021501064171,2021,501064171,1,9,0,18,19,1,5,0,0,8,0,0,0,0,4,1,6,6,2,61,9,999,1,1,SKODA FABIA,8,E01025089,0,-1
2021371103194,2021,371103194,1,9,0,18,19,5,1,0,0,0,5,0,1,9,4,1,2,2,1,21,5,1896,2,16,SKODA FABIA,4,E01021698,0,-1
2021540510921,2021,540510921,2,9,0,18,19,8,4,0,0,8,0,0,7,1,4,1,2,2,2,79,11,1197,1,6,SKODA FABIA,9,E01032701,0,-1
2021991025598,2021,991025598,1,9,0,7,7,1,4,0,0,1,0,0,0,0,3,1,5,6,1,19,4,1896,2,17,SKODA FABIA,7,-1,0,-1
2021371045365,2021,371045365,1,9,0,9,9,5,1,0,0,8,0,0,0,0,4,1,2,2,1,19,4,1198,1,12,SKODA FABIA,8,E01018219,0,-1
2021122100422,2021,122100422,2,9,0,10,10,5,1,0,0,1,0,0,0,0,2,1,6,6,1,27,6,1422,2,13,SKODA FABIA,9,E01028059,0,-1
2021302100532,2021,302100532,2,9,0,18,19,5,1,0,0,0,1,0,0,0,3,1,6,6,2,62,9,1197,1,7,SKODA FABIA,2,E01019563,0,-1
2021501048391,2021,501048391,1,9,0,16,19,4,8,0,0,0,0,0,0,0,3,1,5,6,2,40,7,1896,2,15,SKODA FABIA,5,E01018935,0,-1
2021991034430,2021,991034430,1,9,0,1,1,1,5,0,0,0,0,0,0,0,2,1,5,6,2,68,10,1197,1,11,SKODA FABIA,9,-1,0,-1
2021201131131,2021,201131131,1,9,0,18,19,5,1,0,0,8,0,0,0,0,4,1,6,6,1,27,6,1390,1,8,SKODA FABIA,1,E01009346,0,-1
2021471108500,2021,471108500,1,9,0,18,19,8,4,0,0,0,1,0,0,0,3,1,2,2,1,51,8,999,1,0,SKODA FABIA,3,E01020922,0,-1
2021421037629,2021,421037629,1,9,0,18,19,3,7,0,0,0,0,0,0,0,1,1,2,2,1,22,5,1198,1,12,SKODA FABIA,9,E01021661,0,-1
2021471036614,2021,471036614,1,9,0,18,19,4,8,0,0,1,0,0,1,0,1,1,5,6,1,92,11,1198,1,16,SKODA FABIA,10,E01031804,0,-1
2021440391219,2021,440391219,2,9,0,18,19,6,2,0,0,8,0,0,7,1,1,1,1,1,1,45,7,1598,2,8,SKODA FABIA,6,E01023288,0,-1
2021061116585,2021,061116585,2,9,0,-1,-1,-1,-1,-1,-1,0,-1,-1,-1,0,-1,1,6,6,2,30,6,1598,2,9,SKODA FABIA,-1,-1,0,-1
2021010316475,2021,010316475,2,9,0,18,19,5,1,0,0,0,0,0,0,0,3,1,6,6,1,25,5,999,1,4,SKODA FABIA,-1,-1,0,-1
2021201087900,2021,201087900,1,9,0,18,19,1,5,0,0,8,0,0,0,0,3,1,6,6,1,21,5,1390,1,11,SKODA FABIA,1,E01010060,0,-1
2021361129433,2021,361129433,2,9,0,18,19,5,1,0,0,0,0,0,0,0,3,1,5,6,1,55,8,1198,1,10,SKODA FABIA,7,E01026579,0,-1
2021211022022,2021,211022022,1,9,0,18,19,1,5,0,0,0,1,0,8,0,1,1,6,6,2,46,8,1422,2,13,SKODA FABIA,2,E01014355,0,-1
2021131112102,2021,131112102,1,9,0,18,19,1,5,0,0,8,0,0,0,0,3,1,5,6,1,83,11,1197,1,5,SKODA FABIA,8,E01032493,0,-1
2021141108248,2021,141108248,1,9,0,18,19,5,8,0,0,0,0,0,0,0,2,1,6,6,1,41,7,1896,2,14,SKODA FABIA,1,E01007944,0,-1
2021471110128,2021,471110128,1,9,0,9,9,3,1,0,0,8,0,0,0,0,1,1,5,6,2,84,11,1198,1,16,SKODA FABIA,8,E01031382,0,-1
2021231094962,2021,231094962,1,9,0,16,19,5,8,0,0,0,0,0,0,0,1,1,5,6,1,45,7,1397,1,20,SKODA FABIA,9,E01028504,0,-1
2021070744927,2021,070744927,2,9,0,18,19,7,3,0,0,0,0,0,0,0,4,1,6,6,2,65,9,1199,2,10,SKODA FABIA,3,E01012454,0,-1
2021010344365,2021,010344365,1,9,0,4,4,3,7,0,0,0,0,0,0,0,2,1,3,7,2,50,8,1390,1,15,SKODA FABIA,3,E01004571,0,-1
2021440359078,2021,440359078,2,9,0,15,15,4,8,0,0,8,0,0,0,0,3,1,6,6,2,36,7,1197,1,7,SKODA FABIA,9,E01017150,0,-1
2021221078641,2021,221078641,1,9,0,18,19,1,5,0,0,1,2,0,2,1,1,1,1,1,1,38,7,1598,2,11,SKODA FABIA,5,E01032475,0,-1
2021101103590,2021,101103590,2,9,0,18,19,4,1,-1,-1,0,0,0,0,0,3,1,2,2,1,20,4,1390,1,9,SKODA FABIA,5,E01033556,0,-1
2021131085982,2021,131085982,2,9,0,10,10,5,1,0,0,1,0,0,0,0,1,1,6,6,1,17,4,999,1,1,SKODA FABIA,8,E01011210,0,-1
2021543911321,2021,543911321,1,9,0,18,19,6,2,0,0,1,0,0,0,0,1,1,6,6,1,19,4,1896,2,14,SKODA FABIA,7,E01031891,0,-1
2021201183117,2021,201183117,1,9,0,9,9,2,8,0,0,5,0,0,0,0,1,1,2,2,1,30,6,1198,1,12,SKODA FABIA,6,E01009207,0,-1
2021141101307,2021,141101307,1,9,0,18,19,5,1,0,0,0,0,0,0,0,1,1,2,2,2,37,7,1896,2,17,SKODA FABIA,1,E01008076,0,-1
2021201107070,2021,201107070,2,9,0,9,9,4,1,0,0,6,0,0,0,0,4,1,6,6,1,48,8,1198,1,15,SKODA FABIA,1,E01010269,0,-1
2021991063557,2021,991063557,1,8,0,9,9,3,1,0,0,8,0,0,0,0,4,1,1,1,1,61,9,1598,2,7,SKODA FABIA,1,-1,0,-1
2021010347548,2021,010347548,1,9,0,18,19,1,5,0,0,0,0,0,0,0,1,1,6,6,2,82,11,1397,1,19,SKODA FABIA,6,E01001496,0,-1
2021131082481,2021,131082481,1,9,0,12,12,5,1,0,0,0,0,0,0,0,3,1,5,6,1,20,4,1896,2,15,SKODA FABIA,1,E01007869,0,-1
2021141091202,2021,141091202,1,9,0,5,5,3,7,0,0,1,0,0,0,0,1,1,5,6,1,64,9,1397,1,19,SKODA FABIA,1,E01008117,0,-1
2021010351864,2021,010351864,2,9,0,18,19,7,3,0,0,0,0,10,1,1,1,1,6,6,2,35,6,999,1,3,SKODA FABIA,4,E01021265,0,-1
2021070008353,2021,070008353,2,9,0,7,7,1,3,0,0,1,0,0,1,0,1,1,6,6,1,34,6,1896,2,14,SKODA FABIA,10,E01018436,0,-1
2021061075585,2021,061075585,1,9,0,18,19,1,5,0,0,1,0,0,0,0,4,1,6,6,2,74,10,1390,1,17,SKODA FABIA,1,E01004801,0,-1
2021461067890,2021,461067890,2,9,0,3,3,5,1,0,0,1,0,0,0,0,2,1,2,2,1,39,7,1198,1,17,SKODA FABIA,4,E01016115,0,-1
2021101028161,2021,101028161,1,9,0,9,9,4,2,0,0,4,0,0,0,0,3,1,2,2,2,51,8,1198,1,8,SKODA FABIA,10,E01032647,0,-1
2021552101141,2021,552101141,1,9,0,18,19,8,4,0,0,0,1,0,2,4,1,1,6,6,1,39,7,1198,1,11,SKODA FABIA,8,E01022660,0,-1
2021991016890,2021,991016890,1,9,0,18,19,5,1,0,0,8,0,0,0,0,1,1,6,6,1,22,5,999,1,4,SKODA FABIA,6,-1,0,-1
2021430566899,2021,430566899,2,9,0,9,9,8,5,0,0,6,0,0,0,0,3,1,6,6,1,55,8,1197,1,6,SKODA FABIA,10,E01016227,0,-1
2021302100656,2021,302100656,1,9,0,18,19,2,8,0,0,0,1,10,1,9,3,1,1,1,1,25,5,1198,1,15,SKODA FABIA,4,E01019679,0,-1
2021302101727,2021,302101727,1,9,0,5,5,4,8,0,0,0,0,11,0,0,3,1,6,6,2,29,6,1197,1,4,SKODA FABIA,2,E01019497,0,-1
2021461107887,2021,461107887,2,9,0,3,3,7,3,0,0,0,0,0,0,0,3,1,1,1,1,29,6,1422,2,11,SKODA FABIA,10,E01024523,0,-1
2021161023301,2021,161023301,1,9,0,16,19,1,5,0,0,0,0,0,0,0,2,1,6,6,1,24,5,1598,2,10,SKODA FABIA,8,E01012988,0,-1
2021010322896,2021,010322896,2,9,0,18,19,3,7,0,0,1,1,0,0,0,1,1,6,6,1,25,5,1422,2,11,SKODA FABIA,5,E01004188,0,-1
2021131037683,2021,131037683,2,9,0,18,19,3,7,0,0,8,0,0,0,0,1,1,2,2,1,19,4,999,1,2,SKODA FABIA,7,E01027904,0,-1
2021351113623,2021,351113623,3,9,0,3,3,-1,-1,0,0,1,0,0,0,0,2,1,6,6,1,-1,-1,999,1,0,SKODA FABIA,-1,-1,0,-1
2021131069413,2021,131069413,1,9,0,18,19,1,3,0,0,1,0,0,0,0,-1,1,6,6,3,-1,-1,1198,1,10,SKODA FABIA,-1,-1,0,-1
2021211065024,2021,211065024,2,9,0,2,2,0,0,0,0,2,0,0,0,0,2,1,6,6,3,-1,-1,999,1,5,SKODA FABIA,-1,-1,0,-1
2021101026541,2021,101026541,2,9,-1,-1,-1,-1,-1,-1,-1,-1,-1,-1,-1,0,4,1,5,6,1,23,5,1198,1,17,SKODA FABIA,4,E01008455,0,-1
202106A079379,2021,06A079379,2,9,0,18,19,7,3,0,0,1,0,0,0,0,4,1,6,6,2,41,7,1198,1,12,SKODA FABIA,2,E01005960,0,-1
2021421024890,2021,421024890,1,9,0,11,11,1,5,0,0,1,0,0,0,0,1,1,6,6,1,64,9,1197,1,5,SKODA FABIA,4,E01021274,0,-1
2021531028127,2021,531028127,2,9,0,7,7,-1,-1,0,0,1,0,0,0,0,2,1,5,6,1,50,8,1197,1,5,SKODA FABIA,6,E01022234,0,-1
2021351117103,2021,351117103,1,9,0,3,3,1,5,0,0,0,0,0,0,0,1,1,6,6,2,-1,-1,1197,1,10,SKODA FABIA,4,E01018044,0,-1
202131C024921,2021,31C024921,2,9,0,9,9,3,1,0,0,6,0,0,0,0,2,1,6,6,1,33,6,1397,1,18,SKODA FABIA,2,E01013845,0,-1
2021201141645,2021,201141645,1,9,0,5,5,3,7,0,0,8,0,0,0,0,1,1,1,1,2,65,9,999,1,4,SKODA FABIA,5,E01009032,0,-1
2021101052894,2021,101052894,1,9,0,5,5,1,5,0,0,3,0,0,0,0,1,1,5,6,2,60,9,999,1,4,SKODA FABIA,2,E01027422,0,-1
2021520200983,2021,520200983,1,9,0,9,9,7,5,0,0,8,0,0,0,0,4,1,6,6,2,56,9,1422,2,13,SKODA FABIA,7,E01029243,0,-1
2021061023813,2021,061023813,5,9,0,2,2,0,0,0,0,2,0,0,0,0,2,1,6,6,3,-1,-1,1198,1,12,SKODA FABIA,-1,-1,0,-1
2021010319413,2021,010319413,1,9,0,7,7,1,3,0,0,8,0,0,0,0,1,2,2,2,2,41,7,1390,1,19,SKODA FABIA,1,E01004205,0,-1
2021131079496,2021,131079496,1,9,0,7,7,8,4,0,0,1,1,9,0,0,1,1,5,6,1,24,5,1896,2,18,SKODA FABIA,6,E01027560,0,-1
2021351081237,2021,351081237,6,9,0,3,3,3,3,0,0,0,0,0,0,0,2,1,2,2,1,60,9,999,1,0,SKODA FABIA,8,E01026363,0,-1
2021101117836,2021,101117836,2,9,0,3,3,6,2,0,0,1,0,0,0,0,2,1,5,6,1,64,9,999,1,0,SKODA FABIA,9,E01008772,0,-1
2021440415808,2021,440415808,1,9,0,18,19,2,6,0,0,0,0,2,0,0,4,1,6,6,1,-1,-1,1390,1,12,SKODA FABIA,-1,-1,0,-1
2021061053193,2021,061053193,5,9,0,2,2,0,0,9,9,0,0,0,0,0,2,1,6,6,3,-1,-1,1198,1,13,SKODA FABIA,-1,-1,0,-1
2021991062182,2021,991062182,1,9,0,9,9,7,5,0,0,1,5,0,1,0,1,1,6,6,2,75,10,999,1,3,SKODA FABIA,-1,-1,0,-1
2021101018257,2021,101018257,1,9,0,16,19,5,1,0,0,0,1,0,0,0,1,1,5,6,1,19,4,1896,2,15,SKODA FABIA,1,E01008227,0,-1
2021221095637,2021,221095637,1,9,0,14,14,5,1,0,0,0,5,4,0,0,1,1,5,6,1,17,4,1198,1,11,SKODA FABIA,5,E01032181,0,-1
2021101013757,2021,101013757,1,9,0,4,4,5,1,0,0,1,0,0,0,0,1,1,6,6,2,43,7,1197,1,5,SKODA FABIA,-1,-1,0,-1
2021411128065,2021,411128065,1,9,0,18,19,1,5,0,0,0,0,0,0,0,1,1,6,6,2,20,4,1199,2,8,SKODA FABIA,8,E01024354,0,-1
2021548636621,2021,548636621,1,9,0,16,19,3,7,0,0,0,2,0,7,4,1,1,6,6,1,19,4,1198,1,8,SKODA FABIA,8,E01032705,0,-1
2021101041100,2021,101041100,2,9,0,18,19,3,7,0,0,2,0,0,0,0,3,1,5,6,1,19,4,1197,1,9,SKODA FABIA,5,E01027361,0,-1
2021221125773,2021,221125773,1,9,0,18,19,6,2,0,0,0,0,0,1,9,1,1,5,6,2,64,9,999,1,3,SKODA FABIA,5,E01022441,0,-1
2021471062210,2021,471062210,2,9,0,18,19,7,3,0,0,8,0,0,0,0,3,1,5,6,2,46,8,1197,1,6,SKODA FABIA,9,E01031395,0,-1
2021101100474,2021,101100474,2,9,0,18,19,3,7,0,0,8,5,10,7,11,4,1,5,6,1,21,5,1197,1,4,SKODA FABIA,10,E01008420,0,-1
2021991101309,2021,991101309,1,9,0,18,19,3,7,0,0,0,0,0,0,0,4,1,5,6,2,67,10,999,1,4,SKODA FABIA,8,-1,0,-1
202134WNC3781,2021,34WNC3781,1,9,0,18,19,5,1,0,0,0,5,0,0,11,3,1,6,6,1,23,5,1197,1,5,SKODA FABIA,7,E01027321,0,-1
2021991113979,2021,991113979,2,9,0,4,4,6,2,0,0,0,0,0,0,0,2,1,5,6,2,45,7,999,1,4,SKODA FABIA,9,-1,0,-1
2021501136341,2021,501136341,1,9,4,16,19,1,5,0,0,0,1,11,0,0,1,1,6,6,1,33,6,1896,2,15,SKODA FABIA,2,E01018771,0,-1
202163A099721,2021,63A099721,1,9,0,18,19,3,7,0,0,0,0,0,2,7,4,1,6,6,2,22,5,1198,1,11,SKODA FABIA,7,W01000664,0,-1
2021361102571,2021,361102571,1,9,0,9,9,1,7,0,0,8,0,0,0,0,1,1,5,6,2,22,5,1198,1,14,SKODA FABIA,1,E01026832,0,-1
2021221045259,2021,221045259,2,9,0,4,4,6,2,0,0,1,0,0,0,0,2,1,3,7,2,35,6,1896,2,13,SKODA FABIA,7,E01009931,0,-1
2021138230168,2021,138230168,1,9,0,18,19,2,6,0,0,1,0,0,0,0,4,1,6,6,1,-1,-1,1198,1,16,SKODA FABIA,1,E01011677,0,-1
2021501026784,2021,501026784,1,9,0,9,9,3,5,0,0,6,0,0,1,0,1,1,2,2,1,47,8,1422,2,11,SKODA FABIA,3,E01018815,0,-1
2021010327994,2021,010327994,1,9,0,7,7,3,6,0,0,1,0,0,0,0,1,1,2,2,1,34,6,1197,1,10,SKODA FABIA,6,E01002135,0,-1
2021471072014,2021,471072014,2,9,0,18,19,7,4,0,0,0,0,0,1,0,1,1,5,6,2,75,10,1198,1,15,SKODA FABIA,10,E01021078,0,-1
2021131064741,2021,131064741,1,9,0,9,9,3,1,0,0,1,0,0,0,0,1,1,6,6,2,23,5,1197,1,6,SKODA FABIA,1,E01011431,0,-1
2021421037093,2021,421037093,2,9,0,9,9,6,2,0,0,6,0,0,0,0,1,1,6,6,2,62,9,999,1,3,SKODA FABIA,4,E01022011,0,-1
20211382Q1021,2021,1382Q1021,2,9,0,18,19,7,3,0,0,0,2,0,0,0,2,1,6,6,2,60,9,1198,1,9,SKODA FABIA,9,E01011296,0,-1
2021440397737,2021,440397737,2,9,0,18,19,8,4,4,4,1,0,0,0,0,1,1,6,6,1,43,7,1896,2,18,SKODA FABIA,-1,-1,0,-1
2021170M11411,2021,170M11411,2,9,0,18,19,2,6,0,0,0,0,0,0,0,1,1,6,6,1,20,4,1197,1,4,SKODA FABIA,6,E01012012,0,-1
2021440190749,2021,440190749,2,9,0,18,19,2,6,0,0,0,0,0,0,0,4,1,6,6,2,24,5,999,1,1,SKODA FABIA,6,E01023002,0,-1
2021471117948,2021,471117948,2,9,0,18,19,8,4,0,0,0,0,0,0,0,2,1,2,2,2,49,8,1896,2,14,SKODA FABIA,6,E01031601,0,-1
2021421039631,2021,421039631,1,9,0,18,19,1,5,0,0,1,0,0,0,0,1,1,6,6,1,23,5,1896,2,17,SKODA FABIA,7,E01015829,0,-1
2021471081707,2021,471081707,3,9,0,2,2,0,0,0,0,2,0,0,0,0,3,1,6,6,3,-1,-1,999,1,4,SKODA FABIA,-1,-1,0,-1
2021201058754,2021,201058754,1,9,0,6,6,3,3,0,0,0,0,0,0,0,1,1,6,6,1,23,5,1390,1,9,SKODA FABIA,3,E01009086,0,-1
2021440068630,2021,440068630,1,9,0,9,9,1,7,0,0,8,0,0,0,0,1,1,6,6,1,20,4,1198,1,16,SKODA FABIA,4,E01017128,0,-1
2021610065221,2021,610065221,2,9,0,18,19,4,8,0,0,8,0,0,0,0,3,1,6,6,1,30,6,1422,2,12,SKODA FABIA,8,W01001755,0,-1
2021361046070,2021,361046070,2,9,0,18,19,5,1,0,0,0,0,0,0,0,1,1,2,2,2,25,5,1198,1,12,SKODA FABIA,3,E01026717,0,-1
2021131086472,2021,131086472,1,9,0,18,19,3,7,0,0,0,0,0,0,0,1,1,5,6,1,41,7,1198,1,15,SKODA FABIA,8,E01011047,0,-1
2021302101660,2021,302101660,1,9,0,18,19,8,4,0,0,0,0,0,0,0,1,1,2,2,1,37,7,1598,2,8,SKODA FABIA,3,E01029407,0,-1
2021421063880,2021,421063880,1,9,0,18,19,7,1,0,0,8,0,0,0,0,1,1,5,6,1,58,9,1896,2,20,SKODA FABIA,8,E01021634,0,-1
2021131088526,2021,131088526,1,9,0,18,19,3,7,0,0,0,0,0,0,0,3,1,3,7,1,48,8,1422,2,6,SKODA FABIA,7,E01011643,0,-1
2021131037054,2021,131037054,2,9,0,13,13,2,6,0,0,8,1,10,1,0,1,1,6,6,1,22,5,1896,2,16,SKODA FABIA,5,E01011233,0,-1
2021351021975,2021,351021975,1,9,0,4,4,1,7,0,0,8,1,0,7,0,1,1,2,2,2,32,6,1198,1,14,SKODA FABIA,6,E01015672,0,-1
2021547724121,2021,547724121,1,9,0,18,19,5,1,0,0,0,0,0,7,2,3,1,2,2,1,18,4,1896,2,13,SKODA FABIA,10,E01031934,0,-1
2021201067507,2021,201067507,1,9,0,18,19,3,7,0,0,0,0,4,0,0,1,1,6,6,1,16,4,1198,1,16,SKODA FABIA,1,E01009258,0,-1
2021371037282,2021,371037282,2,9,0,18,19,1,5,0,0,8,0,0,0,0,4,1,6,6,2,20,4,1390,1,16,SKODA FABIA,7,E01030051,0,-1
2021010339595,2021,010339595,1,9,0,18,19,1,5,0,0,8,0,0,0,0,1,1,6,6,2,29,6,1198,1,12,SKODA FABIA,2,E01001428,0,-1
2021302101832,2021,302101832,2,9,0,10,10,2,8,0,0,1,0,0,0,0,1,1,6,6,1,-1,-1,1197,1,5,SKODA FABIA,9,E01019839,0,-1
2021302100559,2021,302100559,1,9,0,9,9,6,2,0,0,5,0,0,0,0,3,1,6,6,1,29,6,1598,2,10,SKODA FABIA,3,E01019810,0,-1
2021522101825,2021,522101825,2,9,0,13,13,7,3,0,0,0,0,0,0,2,1,1,6,6,1,30,6,1598,2,8,SKODA FABIA,8,E01014442,0,-1
2021411021167,2021,411021167,1,9,0,18,19,5,1,0,0,0,0,0,0,0,1,1,6,6,1,35,6,1598,2,8,SKODA FABIA,10,E01023498,0,-1
2021161059774,2021,161059774,1,9,0,18,19,2,6,0,0,1,0,0,0,0,1,1,2,2,1,30,6,1197,1,4,SKODA FABIA,1,E01012852,0,-1
2021451032800,2021,451032800,1,9,0,18,19,2,1,0,0,8,5,0,0,0,1,1,6,6,2,24,5,1422,2,16,SKODA FABIA,8,E01032664,0,-1
2021201069928,2021,201069928,1,9,0,16,19,8,3,0,0,0,0,4,0,0,1,1,6,6,1,25,5,999,1,4,SKODA FABIA,2,E01009383,0,-1
2021138120296,2021,138120296,1,9,0,9,9,8,6,0,0,1,0,0,0,0,1,1,6,6,2,40,7,999,1,3,SKODA FABIA,1,E01010845,0,-1
2021520101657,2021,520101657,2,9,0,18,19,1,5,0,0,8,0,0,0,0,4,1,6,6,2,59,9,1598,2,8,SKODA FABIA,8,E01029122,0,-1
2021031091946,2021,031091946,1,9,0,10,10,2,8,0,0,6,0,0,0,0,3,1,5,6,1,80,11,1198,1,8,SKODA FABIA,-1,-1,0,-1
2021221075471,2021,221075471,1,9,0,18,19,3,7,0,0,0,0,0,0,0,1,1,1,1,2,40,7,119,1,17,SKODA FABIA,3,W01001929,0,-1
2021070628424,2021,070628424,1,9,0,18,19,1,5,0,0,0,0,0,0,0,1,1,6,6,2,87,11,999,1,3,SKODA FABIA,5,E01012541,0,-1
2021061121120,2021,061121120,2,9,0,9,9,1,5,0,0,1,0,0,0,0,2,1,6,6,2,21,5,1197,1,5,SKODA FABIA,4,E01005534,0,-1
2021302101472,2021,302101472,1,9,0,18,19,6,2,0,0,8,0,4,0,0,4,1,6,6,2,65,9,1197,1,6,SKODA FABIA,7,E01013490,0,-1
2021061125563,2021,061125563,1,9,0,18,19,1,5,0,0,0,0,0,0,0,0,1,6,6,2,53,8,1598,2,11,SKODA FABIA,1,E01006288,0,-1
2021221056743,2021,221056743,1,9,0,18,19,6,2,0,0,0,0,7,7,0,4,1,2,2,1,29,6,1390,1,11,SKODA FABIA,1,E01009366,0,-1