collision_index,collision_year,collision_ref_no,vehicle_reference,vehicle_type,towing_and_articulation,vehicle_manoeuvre_historic,vehicle_manoeuvre,vehicle_direction_from,vehicle_direction_to,vehicle_location_restricted_lane_historic,vehicle_location_restricted_lane,junction_location,skidding_and_overturning,hit_object_in_carriageway,vehicle_leaving_carriageway,hit_object_off_carriageway,first_point_of_impact,vehicle_left_hand_drive,journey_purpose_of_driver_historic,journey_purpose_of_driver,sex_of_driver,age_of_driver,age_band_of_driver,engine_capacity_cc,propulsion_code,age_of_vehicle,generic_make_model,driver_imd_decile,lsoa_of_driver,escooter_flag,driver_distance_banding
2021141085940,2021,141085940,4,9,0,18,19,0,0,0,0,0,0,0,0,0,0,1,5,6,2,27,6,1198,1,14,SKODA FABIA,1,E01007878,0,-1
2021501119102,2021,501119102,1,9,0,18,19,3,7,0,0,0,0,0,0,0,1,1,5,6,1,20,4,1390,1,20,SKODA FABIA,1,E01018875,0,-1
2021010350253,2021,010350253,1,9,0,3,3,1,5,0,0,4,0,0,0,0,1,1,6,6,2,82,11,1197,1,4,SKODA FABIA,5,E01001881,0,-1
2021522103557,2021,522103557,2,9,0,7,7,7,1,0,0,6,0,0,0,0,1,1,6,6,1,21,5,1197,1,8,SKODA FABIA,-1,-1,0,-1
2021131118455,2021,131118455,3,9,0,18,19,3,3,0,0,0,0,0,0,0,2,1,1,1,2,71,10,1198,1,7,SKODA FABIA,3,E01011267,0,-1
2021138210998,2021,138210998,1,9,0,7,7,6,8,0,0,1,0,0,0,0,1,1,6,6,1,24,5,1198,1,14,SKODA FABIA,1,E01010625,0,-1
2021440483480,2021,440483480,2,9,0,18,19,5,1,0,0,1,0,0,0,0,1,1,1,1,1,46,8,1984,1,16,SKODA FABIA,3,E01017191,0,-1
2021430473408,2021,430473408,2,9,0,18,19,4,8,0,0,0,1,0,1,0,2,1,6,6,1,73,10,999,1,3,SKODA FABIA,5,E01016376,0,-1
2021201130927,2021,201130927,2,9,0,18,19,2,6,0,0,0,0,0,0,0,1,1,6,6,1,38,7,1896,2,15,SKODA FABIA,5,E01010008,0,-1
2021471058576,2021,471058576,1,9,0,7,7,1,3,0,0,0,0,0,0,0,1,1,6,6,1,63,9,999,1,5,SKODA FABIA,8,E01016920,0,-1
2021430489905,2021,430489905,2,9,0,18,19,2,6,0,0,0,0,0,0,0,2,1,6,6,1,25,5,1390,1,16,SKODA FABIA,6,E01016304,0,-1
2021461098087,2021,461098087,2,9,0,16,19,8,5,0,0,0,0,0,0,0,1,1,6,6,2,50,8,999,1,4,SKODA FABIA,6,E01024363,0,-1
2021522201584,2021,522201584,2,9,0,18,19,5,1,0,0,0,0,0,0,0,2,1,6,6,2,61,9,1197,1,8,SKODA FABIA,3,E01018990,0,-1
2021111097940,2021,111097940,1,9,0,18,19,8,4,0,0,8,0,9,0,0,1,1,5,6,1,51,8,1197,1,8,SKODA FABIA,7,E01012269,0,-1
2021471064731,2021,471064731,4,9,0,2,2,0,0,6,6,2,0,0,0,0,3,1,6,6,3,-1,-1,999,1,5,SKODA FABIA,-1,-1,0,-1
2021201142580,2021,201142580,1,8,0,18,19,3,7,0,0,0,0,0,0,0,1,1,1,1,1,30,6,1197,1,8,SKODA FABIA,7,E01009040,0,-1
2021161073345,2021,161073345,5,9,0,2,2,0,0,0,0,0,0,0,0,0,2,1,6,6,3,-1,-1,999,1,4,SKODA FABIA,-1,-1,0,-1
2021451073212,2021,451073212,2,9,0,18,19,5,1,0,0,1,0,0,0,0,4,1,5,6,2,85,11,1390,1,15,SKODA FABIA,7,E01030833,0,-1
2021361100835,2021,361100835,1,9,0,5,5,4,8,0,0,8,0,0,0,0,1,1,5,6,1,70,10,1598,2,8,SKODA FABIA,3,E01026782,0,-1
2021201053459,2021,201053459,1,9,0,18,19,7,3,0,0,0,0,0,0,0,1,1,2,2,2,25,5,1197,1,7,SKODA FABIA,1,E01010450,0,-1
2021461100207,2021,461100207,2,9,0,2,2,0,0,0,0,0,0,0,0,0,1,1,5,6,3,-1,-1,1197,1,4,SKODA FABIA,-1,-1,0,-1
2021161074449,2021,161074449,1,9,0,6,6,5,1,0,0,2,0,0,0,0,3,1,5,6,1,86,11,999,1,6,SKODA FABIA,5,E01013329,0,-1
2021031094483,2021,031094483,1,9,0,18,19,5,1,0,0,0,1,0,0,0,1,2,2,2,2,56,9,1390,1,13,SKODA FABIA,10,E01025160,0,-1
2021451077491,2021,451077491,1,9,0,9,9,1,6,0,0,6,0,0,3,4,1,1,5,6,1,87,11,1598,1,12,SKODA FABIA,8,E01020066,0,-1
2021201095464,2021,201095464,1,9,0,7,7,4,6,0,0,6,2,10,1,1,1,1,6,6,1,-1,-1,999,1,1,SKODA FABIA,-1,-1,0,-1
2021010337745,2021,010337745,2,9,0,99,99,9,9,99,99,9,9,99,9,99,9,9,6,6,1,42,7,999,1,3,SKODA FABIA,6,E01001597,0,-1
2021461021951,2021,461021951,1,9,0,17,19,7,2,0,0,0,2,10,1,0,4,1,1,1,1,45,7,1198,1,14,SKODA FABIA,6,E01024491,0,-1
2021221104753,2021,221104753,1,9,0,8,8,2,5,0,0,1,0,0,0,0,2,1,5,6,2,37,7,999,1,3,SKODA FABIA,10,E01032230,0,-1
2021501089835,2021,501089835,2,9,-1,16,19,8,5,0,0,1,0,0,0,0,1,1,5,6,2,29,6,999,1,3,SKODA FABIA,5,E01018835,0,-1
2021622100376,2021,622100376,3,9,0,2,2,0,0,0,0,0,0,0,0,0,2,1,6,6,3,-1,-1,1197,1,4,SKODA FABIA,-1,-1,0,-1
2021501133247,2021,501133247,1,9,0,18,19,7,3,0,0,1,0,0,0,0,1,1,2,2,1,57,9,1896,2,15,SKODA FABIA,2,E01015259,0,-1
2021411105048,2021,411105048,2,9,0,18,19,8,4,0,0,1,0,0,0,0,2,1,6,6,1,43,7,1422,2,11,SKODA FABIA,4,E01017159,0,-1
2021041038154,2021,041038154,1,9,0,3,3,6,2,0,0,6,0,0,0,0,1,1,6,6,1,27,6,1198,1,15,SKODA FABIA,1,E01012733,0,-1
2021320303350,2021,320303350,1,9,0,9,9,1,8,0,0,6,0,0,0,0,3,1,6,6,2,78,11,1197,1,7,SKODA FABIA,4,E01026180,0,-1
2021041031217,2021,041031217,2,9,0,18,19,6,4,0,0,1,0,0,0,0,1,1,5,6,2,30,6,999,1,4,SKODA FABIA,6,E01025145,0,-1
2021991067657,2021,991067657,3,9,0,18,19,8,4,0,0,0,0,0,0,0,2,1,5,6,2,44,7,1197,1,5,SKODA FABIA,10,-1,0,-1
2021361143258,2021,361143258,1,9,0,5,5,4,6,0,0,0,0,0,0,0,1,1,5,6,1,17,4,1896,2,15,SKODA FABIA,4,E01026780,0,-1
2021141113711,2021,141113711,1,9,0,17,19,2,6,0,0,0,5,0,1,0,1,1,5,6,2,25,5,1422,2,14,SKODA FABIA,3,E01007374,0,-1
2021361113377,2021,361113377,2,9,0,4,4,5,1,0,0,0,0,0,0,0,3,1,6,6,2,49,8,1197,1,9,SKODA FABIA,5,E01026643,0,-1
2021201020929,2021,201020929,1,9,0,18,19,3,7,0,0,0,0,0,0,0,1,1,2,2,1,22,5,999,1,4,SKODA FABIA,1,E01009311,0,-1
2021010341366,2021,010341366,3,9,0,18,19,1,5,0,0,1,0,0,1,4,1,1,6,6,1,67,10,1197,1,4,SKODA FABIA,-1,-1,0,-1
2021031057700,2021,031057700,2,9,0,18,19,6,3,0,0,0,0,0,0,0,1,1,5,6,1,19,4,1896,2,15,SKODA FABIA,4,E01019186,0,-1
2021440330336,2021,440330336,2,9,0,18,19,3,7,0,0,8,0,0,0,0,4,1,6,6,2,28,6,1598,1,12,SKODA FABIA,-1,-1,0,-1
2021401027341,2021,401027341,2,9,0,3,3,5,1,0,0,0,0,0,0,0,1,1,6,6,1,20,4,1197,1,9,SKODA FABIA,2,E01015781,0,-1
2021540616221,2021,540616221,1,9,0,9,9,0,0,0,0,4,0,0,0,0,3,1,2,2,1,21,5,1896,2,14,SKODA FABIA,10,E01004122,0,-1
2021421050095,2021,421050095,2,9,0,18,19,1,1,0,0,0,0,0,0,0,1,1,6,6,2,25,5,1197,1,10,SKODA FABIA,1,E01021304,0,-1
2021041039060,2021,041039060,1,9,0,9,9,1,7,0,0,6,1,0,0,0,3,1,2,2,2,61,9,999,1,3,SKODA FABIA,6,E01025031,0,-1
2021520105857,2021,520105857,1,9,0,18,19,1,5,0,0,1,0,0,0,0,1,1,6,6,2,18,4,1598,2,10,SKODA FABIA,7,E01029278,0,-1
2021131048133,2021,131048133,1,9,0,9,9,2,3,0,0,0,0,0,0,0,3,1,5,6,1,24,5,1197,1,5,SKODA FABIA,1,E01010623,0,-1
2021320499066,2021,320499066,2,9,0,18,19,5,1,0,0,0,0,0,0,10,2,1,6,6,2,49,8,1198,1,9,SKODA FABIA,6,E01026686,0,-1
2021361032237,2021,361032237,2,9,0,18,19,1,5,0,0,0,0,0,0,0,1,1,5,6,1,64,9,1198,1,7,SKODA FABIA,10,E01016132,0,-1
2021201082747,2021,201082747,1,9,0,9,9,8,6,0,0,6,0,0,0,0,2,1,6,6,2,74,10,1197,1,6,SKODA FABIA,4,E01010424,0,-1
202131B129421,2021,31B129421,2,9,0,4,4,6,2,0,0,2,0,0,0,0,2,1,2,2,2,54,8,999,1,2,SKODA FABIA,5,E01028341,0,-1
2021041027473,2021,041027473,2,9,0,5,5,1,5,0,0,8,0,0,0,0,1,1,6,6,2,24,5,1598,1,12,SKODA FABIA,3,E01025269,0,-1
2021522104853,2021,522104853,2,9,0,18,19,6,2,0,0,0,0,0,0,0,1,1,6,6,3,-1,-1,1422,2,6,SKODA FABIA,-1,-1,0,-1
2021361038383,2021,361038383,2,9,0,18,19,2,6,0,0,1,0,0,0,0,1,1,5,6,1,36,7,1197,1,4,SKODA FABIA,5,E01030094,0,-1
2021440367204,2021,440367204,2,9,0,18,19,1,5,0,0,1,2,0,1,11,1,1,3,7,2,50,8,1197,1,10,SKODA FABIA,9,E01022547,0,-1
2021231044521,2021,231044521,2,9,0,18,19,7,3,0,0,8,0,0,0,0,4,1,5,6,1,51,8,1598,1,12,SKODA FABIA,8,E01032274,0,-1
2021471018512,2021,471018512,1,9,0,5,5,8,6,0,0,0,0,0,0,0,3,1,5,6,2,75,10,1598,2,8,SKODA FABIA,8,E01022631,0,-1
2021111093747,2021,111093747,1,9,0,17,19,4,2,0,0,3,0,0,0,0,1,1,6,6,3,40,7,1198,1,7,SKODA FABIA,-1,-1,0,-1
2021522102527,2021,522102527,1,9,0,18,19,1,5,0,0,8,0,0,0,0,1,1,6,6,1,28,6,1198,1,14,SKODA FABIA,1,E01014801,0,-1
2021991070300,2021,991070300,1,9,0,18,19,8,4,0,0,1,0,0,7,0,1,1,5,6,1,63,9,1896,2,11,SKODA FABIA,7,E01019091,0,-1
2021211149648,2021,211149648,3,9,0,10,10,5,2,0,0,1,0,0,0,0,2,1,6,6,1,69,10,999,1,3,SKODA FABIA,8,E01028119,0,-1
2021991119171,2021,991119171,1,9,0,9,9,8,6,0,0,6,0,0,0,0,1,1,5,6,1,81,11,999,1,1,SKODA FABIA,9,-1,0,-1
2021170S11631,2021,170S11631,1,9,0,18,19,8,4,0,0,0,0,0,0,0,0,1,6,6,1,62,9,999,1,2,SKODA FABIA,9,E01027597,0,-1
2021122101348,2021,122101348,2,9,0,18,19,3,7,0,0,8,0,0,0,0,1,1,6,6,1,87,11,1197,1,8,SKODA FABIA,5,E01011523,0,-1
2021131101804,2021,131101804,1,9,0,18,19,1,5,0,0,8,0,0,0,0,3,1,5,6,2,36,7,1198,1,14,SKODA FABIA,8,E01010905,0,-1
2021201066882,2021,201066882,2,9,0,17,19,5,2,0,0,8,0,0,0,0,1,1,6,6,1,20,4,1198,1,14,SKODA FABIA,3,E01009757,0,-1
2021201026660,2021,201026660,3,9,0,2,2,0,0,0,0,0,0,0,0,0,2,1,6,6,3,-1,-1,1198,1,13,SKODA FABIA,-1,-1,0,-1
2021141029172,2021,141029172,3,9,0,10,10,3,1,0,0,6,0,0,0,0,1,1,5,6,1,80,11,1197,1,6,SKODA FABIA,1,E01011864,0,-1
2021302101707,2021,302101707,1,9,0,17,19,8,4,8,6,0,2,0,7,9,3,1,1,1,2,56,9,1598,2,11,SKODA FABIA,4,E01019742,0,-1
2021070710807,2021,070710807,1,9,0,9,9,2,8,0,0,8,0,0,0,0,4,1,6,6,1,51,8,1198,1,16,SKODA FABIA,3,E01012454,0,-1
2021501072647,2021,501072647,3,9,0,3,3,0,0,0,0,0,0,0,0,0,2,1,5,6,1,17,4,1198,1,6,SKODA FABIA,7,E01018816,0,-1
2021141020940,2021,141020940,1,9,0,11,11,1,3,0,0,4,0,0,0,0,3,1,6,6,2,25,5,999,1,1,SKODA FABIA,2,E01007535,0,-1
2021201098262,2021,201098262,2,9,0,18,19,6,1,0,0,1,0,0,0,0,1,1,6,6,1,-1,-1,1390,1,18,SKODA FABIA,1,E01010342,0,-1
2021201108863,2021,201108863,1,9,0,9,9,4,2,0,0,5,0,0,0,0,3,1,6,6,2,39,7,999,1,3,SKODA FABIA,6,E01008965,0,-1
2021351101426,2021,351101426,1,9,0,18,19,7,3,0,0,0,0,7,0,0,3,1,5,6,1,27,6,999,1,2,SKODA FABIA,5,E01018183,0,-1
2021201148325,2021,201148325,1,9,0,18,19,3,7,0,0,0,5,4,0,0,1,1,1,1,1,24,5,999,1,2,SKODA FABIA,1,E01009377,0,-1
2021211085886,2021,211085886,1,9,0,18,19,4,8,0,0,1,0,0,7,1,4,1,5,6,1,80,11,1896,2,13,SKODA FABIA,10,E01029711,0,-1
2021052102339,2021,052102339,2,9,0,3,3,1,5,0,0,1,0,0,0,0,2,1,6,6,2,62,9,1198,1,17,SKODA FABIA,6,E01018382,0,-1
2021440398153,2021,440398153,1,9,0,18,19,4,8,0,0,8,0,0,0,0,1,1,6,6,1,63,9,999,1,2,SKODA FABIA,10,E01023238,0,-1
2021221046334,2021,221046334,2,9,0,3,3,3,7,0,0,1,0,0,0,0,2,1,2,2,2,29,6,1198,1,10,SKODA FABIA,8,E01032233,0,-1
2021131101306,2021,131101306,2,9,0,2,2,0,0,9,9,0,0,0,0,0,2,1,6,6,3,-1,-1,999,1,2,SKODA FABIA,-1,-1,0,-1
2021501107523,2021,501107523,2,9,0,13,13,3,7,0,0,0,0,0,0,0,1,1,3,7,2,28,6,1198,1,12,SKODA FABIA,4,E01019043,0,-1
2021451069677,2021,451069677,1,9,0,3,3,4,5,0,0,2,0,0,0,0,2,1,5,6,2,53,8,1896,2,18,SKODA FABIA,10,E01028752,0,-1
2021122101154,2021,122101154,1,9,0,18,19,1,5,0,0,8,0,0,0,0,3,1,6,6,1,50,8,1198,1,8,SKODA FABIA,7,E01011309,0,-1
2021201064201,2021,201064201,2,9,0,18,19,6,2,0,0,8,0,0,0,0,1,1,6,6,1,28,6,1896,2,14,SKODA FABIA,1,E01009192,0,-1
2021440152719,2021,440152719,2,9,0,18,19,5,1,0,0,0,0,0,0,0,3,1,6,6,1,63,9,1198,1,15,SKODA FABIA,8,E01022997,0,-1
2021991018033,2021,991018033,1,9,0,18,19,5,1,0,0,0,0,0,0,0,1,1,5,6,2,56,9,999,1,1,SKODA FABIA,1,-1,0,-1
2021221078435,2021,221078435,2,9,0,9,9,5,2,0,0,6,0,0,0,0,1,1,5,6,1,76,11,999,1,1,SKODA FABIA,9,E01032219,0,-1
2021501041977,2021,501041977,1,9,0,3,3,1,5,0,0,0,0,0,0,0,2,1,6,6,1,33,6,1199,2,11,SKODA FABIA,1,E01015146,0,-1
2021501076071,2021,501076071,2,9,0,18,19,8,4,0,0,1,0,0,0,0,3,1,6,6,1,78,11,1198,1,7,SKODA FABIA,4,E01020196,0,-1
2021501112586,2021,501112586,2,9,0,4,4,7,3,0,0,0,0,0,0,0,2,1,5,6,2,45,7,1598,2,9,SKODA FABIA,8,E01020091,0,-1
2021010300515,2021,010300515,7,9,0,2,2,0,0,0,0,1,0,0,0,0,4,1,6,6,3,-1,-1,1197,1,7,SKODA FABIA,-1,-1,0,-1
2021451041964,2021,451041964,1,9,0,18,19,7,3,0,0,0,0,0,0,0,4,1,5,6,2,31,6,1390,1,19,SKODA FABIA,6,E01030737,0,-1
2021131072132,2021,131072132,2,9,0,2,2,0,0,0,0,0,0,0,0,0,1,1,6,6,3,-1,-1,1197,1,5,SKODA FABIA,-1,-1,0,-1
2021052100835,2021,052100835,1,9,0,1,1,3,7,0,0,1,0,0,0,0,2,1,6,6,1,51,8,1390,1,16,SKODA FABIA,1,E01006542,0,-1
2021451114821,2021,451114821,2,9,0,9,9,5,1,0,0,1,0,0,0,0,2,1,3,7,2,61,9,999,1,3,SKODA FABIA,10,E01030789,0,-1
20211383B0622,2021,1383B0622,1,9,0,18,19,3,7,0,0,0,1,0,0,0,2,1,6,6,2,21,5,1197,1,10,SKODA FABIA,9,E01027885,0,-1
2021622100646,2021,622100646,1,9,0,18,19,4,8,0,0,8,5,0,0,0,1,1,6,6,1,23,5,1198,1,17,SKODA FABIA,3,W01000987,0,-1
2021101056555,2021,101056555,1,9,0,18,19,7,3,0,0,1,0,0,0,0,0,1,5,6,1,28,6,1390,1,15,SKODA FABIA,1,E01008689,0,-1
2021411036754,2021,411036754,2,9,0,18,19,2,6,0,0,8,2,0,4,0,1,1,6,6,1,32,6,1397,1,21,SKODA FABIA,7,E01023328,0,-1
2021010301633,2021,010301633,2,9,0,5,5,5,1,0,0,1,0,0,0,0,1,1,6,6,2,76,11,1197,1,5,SKODA FABIA,9,E01003898,0,-1
2021138411309,2021,138411309,2,9,0,7,7,8,2,0,0,8,0,0,0,0,3,1,6,6,2,34,6,1198,1,10,SKODA FABIA,2,E01010929,0,-1
2021070893422,2021,070893422,2,9,0,18,19,6,2,0,0,1,0,0,0,0,4,1,6,6,1,54,8,1896,2,16,SKODA FABIA,1,E01018524,0,-1
2021201094840,2021,201094840,3,9,0,2,2,0,0,0,0,0,0,0,0,0,3,1,6,6,2,-1,-1,1390,1,16,SKODA FABIA,1,E01009133,0,-1
2021361075370,2021,361075370,2,9,0,18,19,1,4,0,0,1,1,0,0,0,3,1,5,6,2,43,7,1197,1,5,SKODA FABIA,6,E01026431,0,-1
2021201133319,2021,201133319,2,9,0,18,19,6,2,0,0,8,0,0,0,0,2,1,6,6,1,47,8,1422,2,14,SKODA FABIA,7,E01009645,0,-1
2021471084790,2021,471084790,3,9,0,4,4,5,1,0,0,0,0,0,0,0,2,1,5,6,2,21,5,1422,2,15,SKODA FABIA,3,E01031789,0,-1
2021351128440,2021,351128440,1,9,0,13,13,1,5,0,0,0,1,0,0,0,1,1,2,2,1,22,5,1896,2,16,SKODA FABIA,4,E01026256,0,-1
2021052102561,2021,052102561,1,9,0,18,19,3,7,0,0,0,0,0,0,0,4,1,2,2,1,28,6,999,1,1,SKODA FABIA,3,E01006717,0,-1
2021201090863,2021,201090863,4,9,0,18,19,5,2,0,0,1,0,0,0,0,1,1,6,6,1,24,5,1896,2,15,SKODA FABIA,2,E01009389,0,-1
2021501082775,2021,501082775,2,9,0,18,19,6,2,0,0,2,0,0,0,0,1,1,6,6,2,41,7,1198,1,16,SKODA FABIA,6,E01019068,0,-1
2021440345739,2021,440345739,1,9,0,18,19,5,1,0,0,0,1,0,0,0,1,1,6,6,2,81,11,1198,1,12,SKODA FABIA,5,E01017353,0,-1
2021991095267,2021,991095267,1,9,0,16,19,3,7,0,0,0,2,0,0,0,3,1,5,6,2,59,9,1598,2,8,SKODA FABIA,7,-1,0,-1
2021010291255,2021,010291255,1,9,0,9,9,1,6,0,0,1,0,0,0,0,1,1,6,6,2,43,7,1198,1,9,SKODA FABIA,4,E01004525,0,-1
2021622100506,2021,622100506,1,9,0,18,19,8,4,0,0,0,0,0,0,0,1,1,6,6,1,54,8,1422,1,5,SKODA FABIA,9,W01000776,0,-1
2021320664541,2021,320664541,1,9,0,18,19,5,1,0,0,1,0,0,0,0,1,1,6,6,1,33,6,1896,2,15,SKODA FABIA,-1,-1,0,-1
2021041042101,2021,041042101,2,9,0,18,19,6,4,0,0,1,0,4,1,11,3,1,3,7,1,35,6,1598,2,9,SKODA FABIA,9,E01012583,0,-1
2021010340302,2021,010340302,1,9,0,18,19,7,3,0,0,2,0,0,0,0,3,1,6,6,1,32,6,1198,1,13,SKODA FABIA,1,E01004250,0,-1
2021461046272,2021,461046272,1,9,0,9,9,6,4,0,0,1,0,0,0,0,0,1,6,6,1,52,8,1422,2,13,SKODA FABIA,2,E01033212,0,-1
2021440140177,2021,440140177,1,9,0,18,19,7,2,0,0,2,0,0,7,11,1,1,3,7,2,43,7,1198,1,13,SKODA FABIA,10,E01022846,0,-1
2021061100651,2021,061100651,1,9,0,18,19,1,1,0,0,3,0,0,0,0,1,1,6,6,1,30,6,1198,1,14,SKODA FABIA,-1,-1,0,-1
2021501055988,2021,501055988,2,9,0,5,5,3,7,0,0,1,0,0,0,0,0,1,5,6,1,20,4,1198,1,16,SKODA FABIA,5,E01018900,0,-1
2021161027589,2021,161027589,1,9,0,9,9,4,2,0,0,5,0,0,0,0,1,1,6,6,1,79,11,999,1,2,SKODA FABIA,4,E01012829,0,-1
2021221087337,2021,221087337,2,9,0,18,19,4,8,0,0,3,0,0,1,0,1,1,2,2,2,27,6,1397,1,19,SKODA FABIA,1,E01032313,0,-1
202131B201321,2021,31B201321,1,9,0,16,19,2,6,0,0,2,0,0,7,11,3,1,6,6,2,22,5,1390,1,18,SKODA FABIA,6,E01028034,0,-1
2021122200091,2021,122200091,2,9,0,13,13,2,6,0,0,0,0,0,0,0,1,1,1,1,1,27,6,1422,2,13,SKODA FABIA,1,E01011673,0,-1
2021201114116,2021,201114116,1,9,0,18,19,1,5,0,0,2,0,0,0,0,1,1,5,6,1,24,5,1598,2,9,SKODA FABIA,2,E01010405,0,-1
2021010331993,2021,010331993,2,9,0,99,99,9,9,99,99,9,9,99,9,99,9,9,6,6,3,-1,-1,1197,1,6,SKODA FABIA,-1,-1,0,-1
2021430133199,2021,430133199,1,9,0,18,19,4,8,0,0,2,0,0,0,0,1,1,6,6,2,40,7,1197,1,6,SKODA FABIA,9,E01016542,0,-1
202163B052821,2021,63B052821,2,9,0,18,19,6,2,0,0,0,0,0,1,10,1,1,6,6,2,76,11,1598,2,10,SKODA FABIA,5,W01000537,0,-1
2021131107989,2021,131107989,1,9,0,9,9,4,8,0,0,1,0,0,0,0,4,1,2,2,1,24,5,999,1,2,SKODA FABIA,9,E01011923,0,-1
2021991127792,2021,991127792,2,9,0,5,5,8,4,0,0,1,0,4,0,0,1,1,6,6,2,20,4,1390,1,14,SKODA FABIA,-1,-1,0,-1
2021201031637,2021,201031637,2,9,0,3,3,4,8,0,0,0,0,0,0,0,2,1,6,6,1,23,5,999,1,6,SKODA FABIA,4,E01009460,0,-1
2021041112852,2021,041112852,1,9,0,9,9,1,5,0,0,8,0,0,0,0,1,1,5,6,1,83,11,1197,1,10,SKODA FABIA,6,E01025107,0,-1
2021010338279,2021,010338279,2,9,0,99,99,9,9,99,99,9,9,99,9,99,1,9,6,6,3,-1,-1,1197,1,10,SKODA FABIA,2,E01001977,0,-1
2021461119548,2021,461119548,2,9,0,16,19,3,7,0,0,1,0,0,0,0,3,1,2,2,2,48,8,1198,1,8,SKODA FABIA,5,E01024383,0,-1
2021320738428,2021,320738428,2,9,0,18,19,6,8,0,0,4,0,0,0,0,2,1,6,6,2,32,6,1390,1,17,SKODA FABIA,3,E01000195,0,-1
2021351034582,2021,351034582,1,9,0,18,19,8,3,0,0,4,0,0,0,0,3,1,6,6,2,28,6,1197,1,6,SKODA FABIA,4,E01018100,0,-1
2021061060848,2021,061060848,1,9,0,18,19,4,8,0,0,8,0,0,0,0,1,1,6,6,1,28,6,1198,1,15,SKODA FABIA,1,E01005486,0,-1
2021131102445,2021,131102445,1,9,0,18,19,5,1,0,0,8,0,0,7,10,1,1,6,6,3,-1,-1,1598,2,11,SKODA FABIA,-1,-1,0,-1
2021622100666,2021,622100666,1,9,0,5,5,8,4,0,0,0,0,0,0,0,0,1,6,6,2,34,6,999,1,4,SKODA FABIA,6,W01001712,0,-1
2021010297801,2021,010297801,1,9,0,9,9,1,7,0,0,6,0,0,0,0,1,1,6,6,2,26,6,999,1,2,SKODA FABIA,1,E01033456,0,-1
2021010323418,2021,010323418,1,9,0,18,19,7,3,0,0,1,0,0,0,0,2,1,6,6,1,23,5,1598,2,9,SKODA FABIA,5,E01002371,0,-1
202163D105421,2021,63D105421,1,9,0,16,19,1,4,0,0,0,1,0,7,10,1,1,6,6,1,77,11,999,1,5,SKODA FABIA,8,W01000467,0,-1
2021010309715,2021,010309715,2,9,0,10,10,1,6,0,0,1,0,0,0,0,1,1,1,1,2,25,5,999,1,2,SKODA FABIA,4,E01003090,0,-1
2021101088075,2021,101088075,1,9,0,18,19,1,1,0,0,8,0,0,0,0,1,1,6,6,1,18,4,1896,2,15,SKODA FABIA,1,E01033075,0,-1
2021351090871,2021,351090871,2,9,0,18,19,8,4,0,0,8,2,0,0,0,1,1,1,1,1,22,5,1598,1,13,SKODA FABIA,9,E01018287,0,-1
2021991113932,2021,991113932,1,9,0,18,19,5,1,0,0,0,0,0,0,0,1,1,5,6,1,19,4,1598,2,7,SKODA FABIA,3,-1,0,-1
2021440323598,2021,440323598,1,9,0,18,19,3,7,0,0,4,0,0,0,0,1,1,6,6,1,39,7,1198,1,15,SKODA FABIA,9,E01023254,0,-1
2021010321446,2021,010321446,2,9,0,18,19,5,1,0,0,3,0,0,0,0,1,1,6,6,2,49,8,1198,1,8,SKODA FABIA,8,E01024845,0,-1
2021041054545,2021,041054545,2,9,0,18,19,1,1,0,0,1,0,0,0,0,3,1,5,6,2,53,8,1598,1,12,SKODA FABIA,7,E01007307,0,-1
2021451092435,2021,451092435,5,9,0,18,19,5,1,0,0,0,0,0,0,0,0,1,2,2,2,59,9,999,1,2,SKODA FABIA,10,W01001669,0,-1
2021430485195,2021,430485195,1,9,0,5,5,1,5,0,0,6,0,0,1,11,3,1,6,6,2,49,8,1198,1,11,SKODA FABIA,10,E01017740,0,-1
2021010287692,2021,010287692,1,9,0,16,19,1,5,0,0,4,0,0,0,0,1,1,2,2,2,58,9,1198,1,8,SKODA FABIA,2,E01003189,0,-1
2021461025504,2021,461025504,2,9,0,18,19,8,4,0,0,1,0,0,0,0,4,1,5,6,1,36,7,1197,1,6,SKODA FABIA,5,E01016116,0,-1
2021371119416,2021,371119416,1,9,0,12,12,5,2,0,0,8,0,0,0,0,3,1,5,6,1,30,6,1390,1,16,SKODA FABIA,2,E01017707,0,-1
2021131045539,2021,131045539,1,9,0,4,4,5,1,0,0,0,0,0,0,0,2,1,6,6,3,30,6,1198,1,16,SKODA FABIA,-1,-1,0,-1
2021552100724,2021,552100724,1,9,0,18,19,5,1,0,0,6,0,0,0,0,1,1,6,6,1,60,9,1198,1,15,SKODA FABIA,4,E01015339,0,-1
2021351108136,2021,351108136,1,9,0,18,19,7,3,0,0,4,0,0,0,0,1,1,6,6,2,60,9,1198,1,17,SKODA FABIA,4,E01015621,0,-1
2021201037245,2021,201037245,2,9,0,9,9,8,6,0,0,6,0,0,0,0,1,1,6,6,1,45,7,999,1,5,SKODA FABIA,2,E01010004,0,-1