collision_index,collision_year,collision_ref_no,vehicle_reference,vehicle_type,towing_and_articulation,vehicle_manoeuvre_historic,vehicle_manoeuvre,vehicle_direction_from,vehicle_direction_to,vehicle_location_restricted_lane_historic,vehicle_location_restricted_lane,junction_location,skidding_and_overturning,hit_object_in_carriageway,vehicle_leaving_carriageway,hit_object_off_carriageway,first_point_of_impact,vehicle_left_hand_drive,journey_purpose_of_driver_historic,journey_purpose_of_driver,sex_of_driver,age_of_driver,age_band_of_driver,engine_capacity_cc,propulsion_code,age_of_vehicle,generic_make_model,driver_imd_decile,lsoa_of_driver,escooter_flag,driver_distance_banding
2021320067653,2021,320067653,2,9,0,2,2,0,0,0,0,0,0,0,0,0,2,1,6,6,1,26,6,1896,2,18,SKODA FABIA,-1,-1,0,-1
2021302100514,2021,302100514,1,9,0,18,19,2,6,0,0,1,0,0,0,0,1,1,6,6,1,36,7,1896,2,15,SKODA FABIA,1,E01007949,0,-1
2021471102299,2021,471102299,2,9,0,18,19,2,6,0,0,1,0,0,0,0,1,1,5,6,2,29,6,999,1,3,SKODA FABIA,8,E01021196,0,-1
2021010288284,2021,010288284,2,9,0,99,99,9,9,99,99,9,9,99,9,99,1,9,6,6,3,80,11,1197,1,4,SKODA FABIA,10,E01030327,0,-1
2021041034924,2021,041034924,2,9,0,18,19,7,3,0,0,2,0,0,0,0,1,1,3,7,1,50,8,1896,2,18,SKODA FABIA,7,E01012610,0,-1
2021101016066,2021,101016066,1,9,0,17,19,1,5,0,0,0,0,10,1,0,1,1,5,6,1,18,4,1896,2,17,SKODA FABIA,10,E01032647,0,-1
2021461088219,2021,461088219,2,9,0,4,4,1,5,0,0,0,0,0,0,0,2,1,6,6,2,38,7,1598,2,8,SKODA FABIA,10,E01032655,0,-1
2021041069898,2021,041069898,3,9,0,2,2,5,1,9,9,0,0,0,0,0,1,1,6,6,3,-1,-1,999,1,3,SKODA FABIA,-1,-1,0,-1
2021552100385,2021,552100385,1,9,0,18,19,2,6,0,0,0,0,0,0,0,1,1,2,2,1,37,7,1598,2,10,SKODA FABIA,8,E01015322,0,-1
2021010348253,2021,010348253,1,9,0,18,19,7,3,0,0,1,0,4,0,0,1,1,2,2,1,30,6,1197,1,11,SKODA FABIA,6,E01004738,0,-1
2021061042021,2021,061042021,1,9,0,9,9,4,2,0,0,1,0,0,0,0,0,1,6,6,1,20,4,999,1,3,SKODA FABIA,3,E01005614,0,-1
2021461053279,2021,461053279,1,9,0,18,19,2,6,0,0,0,5,0,0,0,4,1,6,6,2,80,11,1390,1,15,SKODA FABIA,10,E01016091,0,-1
2021440456617,2021,440456617,1,9,0,16,19,6,2,0,0,0,0,0,0,0,1,1,6,6,2,60,9,1199,2,7,SKODA FABIA,7,E01022514,0,-1
2021201040229,2021,201040229,4,9,0,2,2,0,0,0,0,0,0,0,0,0,4,1,6,6,1,34,6,1198,1,14,SKODA FABIA,1,E01008941,0,-1
2021522102140,2021,522102140,1,9,0,7,7,4,5,0,0,8,0,0,0,0,2,1,6,6,2,33,6,1198,1,17,SKODA FABIA,6,E01014487,0,-1
2021061047893,2021,061047893,2,9,0,18,19,2,4,0,0,4,0,0,0,0,2,1,5,6,1,33,6,1198,1,7,SKODA FABIA,2,E01005960,0,-1
2021010309997,2021,010309997,2,9,0,11,11,1,5,0,0,0,0,0,0,0,4,1,1,1,1,26,6,999,1,2,SKODA FABIA,1,E01004675,0,-1
2021061102833,2021,061102833,2,9,0,18,19,6,1,0,0,1,0,0,0,0,1,1,5,6,1,40,7,1422,2,13,SKODA FABIA,9,E01006088,0,-1
2021991100971,2021,991100971,1,9,0,4,4,5,5,0,0,1,0,4,0,0,1,1,5,6,2,35,6,999,1,3,SKODA FABIA,1,-1,0,-1
2021131114658,2021,131114658,1,9,0,-1,-1,-1,-1,-1,-1,0,-1,-1,-1,-1,-1,1,6,6,3,-1,-1,1896,2,14,SKODA FABIA,-1,-1,0,-1
2021111126581,2021,111126581,1,9,0,18,19,1,5,0,0,0,0,0,0,0,1,1,6,6,1,33,6,1896,2,12,SKODA FABIA,1,E01012312,0,-1
2021141011400,2021,141011400,1,9,0,18,19,7,3,0,0,0,0,4,0,0,1,1,6,6,1,29,6,1390,1,17,SKODA FABIA,1,E01007718,0,-1
2021041112692,2021,041112692,2,9,0,3,3,8,4,0,0,0,0,0,0,0,2,1,5,6,2,75,10,1197,1,6,SKODA FABIA,5,E01024998,0,-1
202163C042721,2021,63C042721,2,9,0,18,19,4,8,0,0,2,0,0,0,0,4,1,6,6,2,50,8,1896,2,12,SKODA FABIA,3,W01000604,0,-1
2021010287616,2021,010287616,1,9,0,9,9,7,5,0,0,8,0,0,0,0,3,1,1,1,2,27,6,999,1,2,SKODA FABIA,1,E01002713,0,-1
2021061084692,2021,061084692,1,9,0,18,19,3,7,0,0,8,0,0,0,0,1,1,6,6,1,20,4,1896,2,17,SKODA FABIA,8,E01011086,0,-1
2021201053418,2021,201053418,1,9,0,17,19,2,4,0,0,0,0,0,0,0,1,1,6,6,3,30,6,1198,1,15,SKODA FABIA,3,E01009619,0,-1
2021991074381,2021,991074381,1,9,0,4,4,2,5,0,0,4,0,0,0,0,1,1,6,6,2,63,9,1598,2,7,SKODA FABIA,1,-1,0,-1
2021201097862,2021,201097862,2,9,0,2,2,0,0,0,0,0,0,0,0,0,3,1,2,2,1,23,5,1198,1,13,SKODA FABIA,6,E01009034,0,-1
2021430311398,2021,430311398,1,9,0,18,19,3,7,0,0,0,0,0,0,0,4,1,6,6,2,56,9,1896,2,13,SKODA FABIA,8,E01015584,0,-1
2021430304555,2021,430304555,2,9,0,18,19,8,4,0,0,2,0,0,0,0,2,1,6,6,2,37,7,1598,2,8,SKODA FABIA,8,E01028796,0,-1
202134NNC2081,2021,34NNC2081,1,9,0,18,19,7,3,0,0,1,0,0,0,0,1,1,2,2,1,39,7,1422,2,11,SKODA FABIA,3,E01027124,0,-1
2021547615021,2021,547615021,2,9,0,4,4,8,4,0,0,0,0,0,0,0,2,1,6,6,2,51,8,999,1,4,SKODA FABIA,10,E01014985,0,-1
2021461127371,2021,461127371,2,9,0,18,19,4,8,0,0,0,0,0,0,0,1,1,6,6,1,78,11,999,1,3,SKODA FABIA,4,E01026660,0,-1
2021221039655,2021,221039655,1,9,0,18,19,4,8,0,0,0,0,0,0,0,4,1,5,6,1,22,5,1896,2,14,SKODA FABIA,5,E01014049,0,-1
2021501095729,2021,501095729,2,9,0,18,19,3,7,0,0,0,0,0,0,0,2,1,3,7,2,46,8,1422,2,15,SKODA FABIA,7,E01018971,0,-1
2021141056704,2021,141056704,2,9,0,18,19,4,7,0,0,0,0,0,7,11,1,1,2,2,1,20,4,1598,2,10,SKODA FABIA,1,E01007736,0,-1
2021131112241,2021,131112241,1,9,0,14,14,5,1,0,0,8,0,0,0,0,1,1,5,6,1,19,4,1197,1,5,SKODA FABIA,2,E01010649,0,-1
2021371061303,2021,371061303,1,9,0,9,9,3,1,0,0,0,0,0,0,0,1,1,5,6,2,35,6,1198,1,8,SKODA FABIA,5,E01030189,0,-1
2021471086747,2021,471086747,1,9,0,6,6,3,3,0,0,1,0,0,7,2,1,1,5,6,1,77,11,999,1,3,SKODA FABIA,8,E01016958,0,-1
2021451033140,2021,451033140,2,9,0,18,19,1,5,0,0,1,0,0,0,0,1,1,2,2,2,38,7,1598,1,12,SKODA FABIA,4,E01030752,0,-1
202131C025621,2021,31C025621,1,9,0,8,8,8,4,0,0,1,0,0,0,0,2,1,6,6,1,25,5,1198,1,14,SKODA FABIA,2,E01013854,0,-1
2021031037844,2021,031037844,2,9,0,3,3,8,4,0,0,0,0,0,0,0,2,1,5,6,1,77,11,999,1,1,SKODA FABIA,3,E01019198,0,-1
2021371118187,2021,371118187,2,9,0,3,3,4,8,0,0,0,0,0,0,0,2,1,5,6,2,75,10,1197,1,7,SKODA FABIA,8,E01030242,0,-1
2021141016894,2021,141016894,3,9,0,2,2,0,0,0,0,0,0,0,0,0,2,1,6,6,3,-1,-1,1198,1,18,SKODA FABIA,-1,-1,0,-1
2021122100805,2021,122100805,2,9,0,18,19,7,4,0,0,8,0,0,1,0,1,1,6,6,2,68,10,999,1,0,SKODA FABIA,8,E01027748,0,-1
2021991070171,2021,991070171,3,9,0,18,19,1,5,0,0,0,0,0,0,0,1,1,5,6,2,63,9,1197,1,7,SKODA FABIA,6,-1,0,-1
2021111021353,2021,111021353,2,9,0,18,19,1,5,0,0,0,0,0,0,0,1,1,6,6,1,48,8,1896,2,19,SKODA FABIA,8,E01020817,0,-1
2021221099451,2021,221099451,1,9,0,18,19,4,8,0,0,0,0,0,0,0,1,1,5,6,2,69,10,1198,1,8,SKODA FABIA,2,E01032260,0,-1
2021991084495,2021,991084495,2,9,0,10,10,8,6,0,0,1,0,0,0,0,2,1,5,6,1,22,5,999,1,3,SKODA FABIA,6,-1,0,-1
2021231109958,2021,231109958,1,9,0,18,19,4,8,0,0,0,5,0,1,0,3,1,2,2,1,32,6,1197,1,7,SKODA FABIA,6,E01031229,0,-1
2021131036327,2021,131036327,1,9,0,18,19,1,5,0,0,8,0,0,7,2,1,1,5,6,1,50,8,1896,2,16,SKODA FABIA,1,E01011838,0,-1
2021138350443,2021,138350443,2,9,0,18,19,2,6,0,0,8,0,0,0,0,1,1,6,6,1,41,7,1198,1,10,SKODA FABIA,10,E01011572,0,-1
2021451124610,2021,451124610,2,9,0,18,19,1,5,0,0,1,0,0,0,0,1,1,5,6,1,32,6,1198,1,8,SKODA FABIA,3,E01002923,0,-1
2021161061780,2021,161061780,2,9,0,7,7,8,3,0,0,1,0,0,0,0,1,1,2,2,2,25,5,1198,1,12,SKODA FABIA,8,E01027896,0,-1
2021522201473,2021,522201473,2,9,0,18,19,2,6,0,0,8,0,0,0,0,0,1,6,6,1,40,7,1198,1,14,SKODA FABIA,7,E01014893,0,-1
2021471109630,2021,471109630,2,9,0,18,19,5,1,0,0,2,0,0,0,0,1,1,5,6,1,88,11,1896,2,17,SKODA FABIA,6,E01031402,0,-1
2021461016688,2021,461016688,1,9,0,9,9,3,1,0,0,8,0,0,0,0,1,1,6,6,2,31,6,999,1,3,SKODA FABIA,6,E01024700,0,-1
2021031062834,2021,031062834,1,9,0,18,19,1,6,0,0,0,1,0,7,0,3,1,5,6,2,66,10,1198,1,7,SKODA FABIA,8,E01019353,0,-1
2021552100934,2021,552100934,2,9,0,4,4,3,6,0,0,0,0,0,0,0,2,1,6,6,2,80,11,1197,1,6,SKODA FABIA,6,E01020433,0,-1
2021302101485,2021,302101485,1,9,0,9,9,8,6,0,0,5,0,0,0,0,1,1,6,6,2,74,10,1197,1,10,SKODA FABIA,8,E01013469,0,-1
2021061112803,2021,061112803,1,9,0,2,2,0,0,0,0,0,0,0,0,0,4,1,6,6,3,30,6,999,1,3,SKODA FABIA,-1,-1,0,-1
2021201136241,2021,201136241,1,9,0,18,19,4,8,0,0,0,0,0,0,0,1,1,2,2,1,33,6,999,1,1,SKODA FABIA,7,E01010516,0,-1
2021131057344,2021,131057344,1,9,0,18,19,1,5,0,0,8,0,0,0,0,1,1,5,6,2,36,7,1422,2,12,SKODA FABIA,1,E01010623,0,-1
2021010340592,2021,010340592,2,9,0,99,99,9,9,99,99,9,9,99,9,99,9,9,6,6,3,-1,-1,2487,8,2,-1,8,E01002160,0,-1
2021010349438,2021,010349438,2,9,0,9,9,1,6,0,0,1,0,0,0,0,2,1,6,6,1,70,10,2362,1,18,-1,5,E01001581,0,-1
2021141101949,2021,141101949,1,8,0,3,3,1,5,0,0,0,0,0,0,0,1,1,1,1,1,61,9,2487,8,1,-1,1,E01007734,0,-1
2021101075274,2021,101075274,1,9,0,7,7,5,3,0,0,1,0,0,0,0,4,1,1,1,2,54,8,2487,8,2,-1,4,E01008353,0,-1
2021471084435,2021,471084435,1,19,0,9,9,5,3,0,0,0,0,0,0,0,3,1,1,1,1,28,6,2299,2,8,VAUXHALL MODEL MISSING,10,E01020940,0,-1
2021451081533,2021,451081533,1,9,0,9,9,8,6,0,0,2,0,0,0,0,4,1,5,6,2,21,5,1199,1,19,VAUXHALL MODEL MISSING,10,E01022860,0,-1
202163A082921,2021,63A082921,1,19,0,9,9,6,5,0,0,5,0,0,0,0,4,1,6,6,1,65,9,1248,2,11,VAUXHALL MODEL MISSING,4,W01000681,0,-1
202163C053521,2021,63C053521,1,9,0,9,9,2,8,0,0,5,0,0,0,0,1,1,6,6,2,38,7,1956,2,9,VAUXHALL MODEL MISSING,8,W01001789,0,-1
2021461127593,2021,461127593,1,9,0,16,19,6,3,0,0,2,0,0,3,11,1,1,6,6,1,-1,-1,2198,1,15,VAUXHALL MODEL MISSING,1,E01024657,0,-1
2021440366059,2021,440366059,2,9,0,7,7,2,6,0,0,6,0,0,0,0,1,1,6,6,1,66,10,1956,2,9,VAUXHALL MODEL MISSING,10,E01023229,0,-1
2021041105331,2021,041105331,1,9,0,9,9,3,5,0,0,5,0,0,0,0,1,1,2,2,1,51,8,1686,2,12,VAUXHALL MODEL MISSING,1,E01024856,0,-1
2021501069206,2021,501069206,1,10,0,4,4,8,4,0,0,0,0,0,0,0,1,1,1,1,1,72,10,2500,2,16,VAUXHALL MODEL MISSING,2,E01020014,0,-1
2021471096653,2021,471096653,1,9,0,13,13,2,6,0,0,0,0,0,0,0,1,1,5,6,1,24,5,1248,2,9,VAUXHALL MODEL MISSING,10,E01021159,0,-1
2021401100611,2021,401100611,2,9,0,18,19,4,8,0,0,8,0,0,0,0,3,1,6,6,2,53,8,1248,2,13,VAUXHALL MODEL MISSING,3,E01017538,0,-1
2021052101825,2021,052101825,2,23,0,18,19,6,2,0,0,8,0,0,0,0,1,1,2,2,1,54,8,-1,3,2,-1,7,E01007203,0,-1
2021320432763,2021,320432763,2,2,0,16,19,2,6,0,0,1,0,0,0,0,1,1,2,2,1,23,5,-1,3,2,-1,-1,-1,0,-1
2021010345683,2021,010345683,1,23,0,99,99,9,9,99,99,9,9,99,9,99,2,1,6,6,1,24,5,-1,3,1,-1,3,E01004266,0,-1
2021161099872,2021,161099872,2,23,0,18,19,8,4,0,0,1,0,0,0,0,1,1,5,6,1,23,5,-1,3,1,-1,5,E01013317,0,-1
2021131036266,2021,131036266,2,3,0,18,19,4,8,0,0,0,0,0,3,0,2,1,6,6,1,20,4,125,1,4,-1,1,E01010609,0,-1
2021010325473,2021,010325473,1,3,0,99,99,9,9,99,99,0,9,99,9,99,1,9,1,1,1,27,6,125,1,4,-1,5,E01002446,0,-1
2021010295517,2021,010295517,2,3,0,15,15,5,1,0,0,1,0,0,0,0,1,1,1,1,1,19,4,125,1,1,-1,4,E01033595,0,-1
2021161113469,2021,161113469,2,5,0,18,19,1,5,0,0,8,0,0,0,0,1,1,6,6,1,44,7,998,1,13,YAMAHA FZ,3,E01013158,0,-1
2021320334467,2021,320334467,1,5,0,17,19,4,8,0,0,0,0,0,0,4,1,1,6,6,1,45,7,599,1,17,YAMAHA FZ,5,E01012800,0,-1
2021010345126,2021,010345126,1,4,0,18,19,1,5,0,0,1,5,10,0,0,1,1,6,6,1,23,5,599,1,13,YAMAHA FZ,6,E01017271,0,-1
2021010343281,2021,010343281,1,5,0,5,5,5,1,0,0,8,0,0,0,0,1,1,2,2,1,49,8,779,1,8,YAMAHA FZ,2,E01000904,0,-1
2021302100422,2021,302100422,1,3,0,18,19,8,4,0,0,0,0,0,0,0,0,1,6,6,1,-1,-1,998,1,14,YAMAHA FZ,2,E01005663,0,-1
2021430469955,2021,430469955,2,5,0,18,19,2,6,0,0,8,0,0,0,0,4,1,6,6,1,31,6,599,1,11,YAMAHA FZ,8,E01028531,0,-1
2021010307626,2021,010307626,1,5,0,7,7,5,8,0,0,5,2,0,0,0,0,1,6,6,1,26,6,599,1,16,YAMAHA FZ,8,E01030977,0,-1
2021421076805,2021,421076805,1,5,0,18,19,7,3,0,0,0,5,4,0,0,1,1,2,2,1,24,5,599,1,17,YAMAHA FZ,-1,-1,0,-1
2021401061665,2021,401061665,1,5,0,17,19,8,6,0,0,0,1,0,1,0,3,1,5,6,1,23,5,749,1,29,YAMAHA FZ,8,E01017411,0,-1
2021371043704,2021,371043704,2,5,0,18,19,5,1,0,0,0,0,0,0,0,1,1,2,2,1,31,6,599,1,13,YAMAHA FZ,5,E01030106,0,-1
2021522105600,2021,522105600,1,4,0,7,7,7,1,0,0,3,0,0,0,0,2,1,6,6,1,36,7,998,1,12,YAMAHA FZ,10,E01014873,0,-1
2021440230530,2021,440230530,1,5,0,9,9,8,6,0,0,8,0,0,7,11,1,1,6,6,1,37,7,998,1,14,YAMAHA FZ,4,E01017034,0,-1
2021320564806,2021,320564806,1,5,0,18,19,6,2,0,0,0,1,0,0,0,1,1,6,6,1,44,7,998,1,12,YAMAHA FZ,2,E01018070,0,-1
2021161024950,2021,161024950,1,5,0,18,19,4,8,0,0,0,1,0,0,0,0,1,6,6,1,27,6,779,1,11,YAMAHA FZ,1,E01013165,0,-1
2021221032367,2021,221032367,1,5,0,18,19,8,4,0,0,8,0,0,0,0,3,1,5,6,1,42,7,998,1,13,YAMAHA FZ,10,E01032137,0,-1
2021610048021,2021,610048021,1,5,0,13,13,3,7,1,1,0,1,0,0,0,3,1,6,6,1,25,5,599,1,17,YAMAHA FZ,-1,-1,0,-1
2021010343457,2021,010343457,1,5,0,9,9,5,3,0,0,1,0,0,0,0,4,1,6,6,1,39,7,599,1,18,YAMAHA FZ,5,E01004021,0,-1
2021231075040,2021,231075040,1,5,0,18,19,6,2,0,0,0,0,12,0,0,1,1,5,6,2,57,9,600,1,14,YAMAHA FZ,8,E01031218,0,-1
2021552100341,2021,552100341,1,5,0,18,19,7,3,0,0,0,0,0,0,0,1,1,6,6,1,26,6,599,1,13,YAMAHA FZ,6,E01015454,0,-1
2021501063598,2021,501063598,2,5,0,12,12,2,6,0,0,1,2,0,0,0,2,1,6,6,1,26,6,779,1,9,YAMAHA FZ,2,E01015158,0,-1
2021070623380,2021,070623380,1,5,0,16,19,7,4,0,0,1,1,0,7,0,1,1,2,2,1,52,8,998,1,11,YAMAHA FZ,6,E01018479,0,-1
2021991085052,2021,991085052,1,5,0,13,13,6,2,0,0,8,1,0,0,0,1,1,5,6,1,14,3,599,1,17,YAMAHA FZ,2,-1,0,-1
2021991142814,2021,991142814,1,5,0,16,19,5,1,0,0,0,1,0,0,0,4,1,5,6,1,53,8,998,1,10,YAMAHA FZ,2,E01008825,0,-1
2021421082562,2021,421082562,2,5,0,3,3,6,2,0,0,0,0,0,0,0,2,1,5,6,1,52,8,998,1,12,YAMAHA FZ,3,E01015988,0,-1
2021010293817,2021,010293817,1,5,0,5,5,1,5,0,0,8,0,0,0,0,1,1,2,2,1,61,9,599,1,14,YAMAHA FZ,8,E01023481,0,-1
2021131094103,2021,131094103,1,5,0,16,19,7,3,0,0,0,2,0,1,0,4,1,6,6,1,54,8,998,1,13,YAMAHA FZ,10,E01011173,0,-1
2021122100716,2021,122100716,1,5,0,17,19,1,5,0,0,0,0,0,1,4,1,1,6,6,1,39,7,600,1,15,YAMAHA FZ,1,E01012780,0,-1
2021010299474,2021,010299474,1,5,0,99,99,9,9,0,0,0,0,0,0,0,9,1,2,2,1,47,8,998,1,10,YAMAHA FZ,5,E01021498,0,-1
2021010336082,2021,010336082,2,5,0,14,14,5,1,0,0,1,0,0,0,0,1,1,2,2,1,32,6,998,1,11,YAMAHA FZ,4,E01000471,0,-1
2021010307478,2021,010307478,1,5,0,18,19,1,5,99,99,9,9,99,9,99,9,1,6,6,1,27,6,599,1,14,YAMAHA FZ,2,E01000065,0,-1
2021991065412,2021,991065412,1,5,0,17,19,6,2,0,0,0,2,0,0,0,3,1,5,6,1,59,9,998,1,12,YAMAHA FZ,7,E01026397,0,-1
2021610061021,2021,610061021,1,5,0,13,13,3,7,0,0,0,0,0,0,0,3,1,6,6,1,25,5,599,1,17,YAMAHA FZ,3,W01001454,0,-1
2021991051121,2021,991051121,2,5,0,16,19,3,7,0,0,0,0,0,0,0,1,1,5,6,1,27,6,599,1,17,YAMAHA FZ,7,-1,0,-1
2021221064570,2021,221064570,2,5,0,18,19,3,7,0,0,8,0,0,0,0,1,1,2,2,1,41,7,599,1,13,YAMAHA FZ,3,E01032378,0,-1
2021320429131,2021,320429131,2,5,0,5,5,1,5,0,0,4,5,0,0,0,4,1,6,6,1,49,8,599,1,17,YAMAHA FZ,4,E01007842,0,-1
2021010345707,2021,010345707,1,5,0,18,19,1,5,0,0,4,5,0,0,0,4,1,2,2,1,43,7,998,1,11,YAMAHA FZ,6,E01017795,0,-1
2021552100379,2021,552100379,2,5,0,3,3,6,2,0,0,0,0,0,0,0,2,1,6,6,1,27,6,599,1,13,YAMAHA FZ,9,E01015356,0,-1
2021552100986,2021,552100986,1,5,0,13,13,4,8,0,0,8,0,0,1,0,1,1,2,2,1,49,8,998,1,11,YAMAHA FZ,6,E01020533,0,-1
2021440074422,2021,440074422,1,5,0,16,19,8,5,0,0,0,0,0,0,0,3,1,6,6,1,55,8,998,1,14,YAMAHA FZ,9,E01022767,0,-1
2021461094439,2021,461094439,2,5,0,14,14,7,3,0,0,0,0,0,0,0,4,1,6,6,1,28,6,599,1,12,YAMAHA FZ,3,E01016016,0,-1
2021131052399,2021,131052399,1,5,0,18,19,2,8,0,0,0,1,12,0,0,1,1,5,6,1,51,8,998,1,14,YAMAHA FZ,9,E01011177,0,-1
2021991051780,2021,991051780,1,5,0,17,19,4,8,0,0,0,1,0,1,9,1,1,5,6,1,29,6,998,1,11,YAMAHA FZ,7,-1,0,-1
2021010302239,2021,010302239,1,4,0,18,19,8,4,0,0,1,0,0,0,0,1,1,6,6,1,39,7,599,1,15,YAMAHA FZ,6,E01004637,0,-1
2021430439690,2021,430439690,2,5,0,18,19,6,2,0,0,8,1,0,0,0,1,1,6,6,1,50,8,599,1,17,YAMAHA FZ,2,E01016420,0,-1
2021010344586,2021,010344586,1,5,0,18,19,3,7,0,0,1,1,0,0,0,1,1,2,2,2,32,6,599,1,13,YAMAHA FZ,2,E01004252,0,-1
2021010308254,2021,010308254,1,3,0,14,14,1,5,0,0,8,0,0,0,0,1,1,6,6,1,35,6,125,1,2,-1,1,E01004702,0,-1
2021010346195,2021,010346195,2,4,0,16,19,7,3,0,0,8,5,0,0,0,1,1,1,1,1,34,6,-1,-1,-1,-1,3,E01000531,0,-1
2021041047891,2021,041047891,2,3,0,2,2,5,1,0,0,0,0,0,0,0,2,1,5,6,1,24,5,114,1,5,-1,1,E01024987,0,-1
2021010308903,2021,010308903,1,3,0,99,99,9,9,99,99,0,9,99,9,99,9,9,6,6,1,30,6,114,1,5,-1,2,E01004365,0,-1
2021471066234,2021,471066234,2,3,0,5,5,3,7,0,0,4,0,0,0,0,2,1,6,6,2,49,8,114,1,6,-1,3,E01016952,0,-1
2021531075176,2021,531075176,1,3,0,18,19,7,3,0,0,0,0,0,0,0,1,1,5,6,1,27,6,114,1,8,-1,3,E01022153,0,-1
2021302101420,2021,302101420,1,5,0,18,19,6,2,0,0,8,0,0,0,0,3,1,6,6,1,39,7,598,1,22,-1,-1,-1,0,-1
2021041055614,2021,041055614,2,5,0,5,5,3,7,0,0,8,0,0,0,0,2,1,6,6,1,33,6,598,1,22,-1,9,E01006233,0,-1
2021010351837,2021,010351837,1,5,0,18,19,1,5,0,0,1,0,0,0,0,0,1,6,6,1,32,6,942,1,2,YAMAHA XVS,5,E01033577,0,-1
2021320403177,2021,320403177,1,5,0,17,19,6,2,0,0,0,2,0,0,0,3,1,6,6,1,73,10,1100,1,14,YAMAHA XVS,4,E01026248,0,-1
2021010319231,2021,010319231,1,3,0,99,99,9,9,99,99,9,9,99,9,99,9,1,6,6,1,28,6,942,1,3,YAMAHA XVS,1,E01003961,0,-1
2021440031122,2021,440031122,1,4,0,17,19,5,8,0,0,0,0,0,1,9,0,1,2,2,1,33,6,124,1,20,YAMAHA XVS,4,E01023033,0,-1
2021501037306,2021,501037306,3,5,0,18,19,8,4,0,0,1,2,0,0,0,2,1,6,6,1,29,6,1063,1,21,YAMAHA XVS,4,E01015175,0,-1
2021221084316,2021,221084316,2,5,0,18,19,5,1,0,0,5,0,0,0,0,1,1,5,6,1,30,6,649,1,19,YAMAHA XVS,6,E01028863,0,-1
202131D153221,2021,31D153221,2,5,0,18,19,6,2,0,0,3,0,0,0,0,2,1,6,6,1,35,6,1098,1,17,YAMAHA XVS,3,E01028212,0,-1
2021010331338,2021,010331338,2,5,0,13,13,7,3,0,0,1,0,0,0,0,4,1,6,6,1,31,6,942,1,2,YAMAHA XVS,5,E01033577,0,-1
2021131081848,2021,131081848,2,5,0,18,19,7,3,0,0,0,0,0,0,0,2,1,6,6,1,42,7,942,1,5,YAMAHA XVS,5,E01011233,0,-1
2021461114379,2021,461114379,2,5,0,5,5,2,6,0,0,1,0,0,0,0,1,1,5,6,1,47,8,942,1,8,YAMAHA XVS,7,E01024712,0,-1
202163A063821,2021,63A063821,1,4,0,18,19,2,6,0,0,0,0,11,0,0,1,1,6,6,1,23,5,124,1,16,YAMAHA XVS,5,W01000643,0,-1
2021552101288,2021,552101288,1,5,0,4,4,7,3,0,0,0,1,0,0,0,0,1,2,2,1,44,7,1063,1,17,YAMAHA XVS,1,E01015307,0,-1
2021131110434,2021,131110434,1,3,0,18,19,5,5,0,0,0,2,0,0,0,1,1,2,2,2,19,4,124,1,17,YAMAHA XVS,4,E01010763,0,-1
2021122100364,2021,122100364,1,4,0,17,19,8,5,0,0,0,1,0,1,0,3,1,6,6,2,55,8,124,1,18,YAMAHA XVS,8,E01013123,0,-1
2021010351013,2021,010351013,2,3,0,18,19,5,1,0,0,1,0,0,0,0,1,1,6,6,1,56,9,124,1,17,YAMAHA XVS,6,E01001597,0,-1
2021010338731,2021,010338731,1,3,0,99,99,9,9,99,99,9,9,99,9,99,2,1,6,6,1,18,4,124,1,17,YAMAHA XVS,8,E01000204,0,-1
2021471022820,2021,471022820,2,5,0,18,19,8,4,0,0,8,5,0,0,0,1,1,5,6,1,52,8,649,1,16,YAMAHA XVS,4,E01020919,0,-1
2021552100237,2021,552100237,1,3,0,5,5,7,3,0,0,6,0,0,0,0,3,1,6,6,1,57,9,1063,1,19,YAMAHA XVS,3,E01015310,0,-1
2021201138796,2021,201138796,2,5,0,18,19,6,2,0,0,0,1,0,0,0,3,1,1,1,1,34,6,950,1,5,YAMAHA XVS,5,E01009042,0,-1
2021101101852,2021,101101852,2,5,0,18,19,3,7,0,0,8,0,0,0,0,4,1,5,6,1,39,7,649,1,15,YAMAHA XVS,3,E01008486,0,-1
2021991050328,2021,991050328,1,5,0,4,4,5,1,0,0,1,0,0,0,0,1,1,6,6,1,46,8,1300,1,10,YAMAHA XVS,-1,-1,0,-1
2021302101531,2021,302101531,2,2,0,14,14,3,8,0,0,8,1,0,0,0,4,1,4,7,1,17,4,49,1,1,-1,8,E01029430,0,-1
2021371110049,2021,371110049,1,2,0,18,19,8,4,0,0,0,0,0,0,0,1,1,5,6,1,16,4,50,1,0,-1,5,E01030285,0,-1
2021010341409,2021,010341409,1,9,9,99,99,9,9,99,99,9,9,99,9,99,9,9,6,6,1,41,7,6752,1,6,-1,8,E01000828,0,-1
2021302101430,2021,302101430,1,5,0,18,19,8,4,0,0,0,0,0,0,0,4,1,6,6,1,40,7,652,1,6,-1,7,E01025499,0,-1
202154C544421,2021,54C544421,1,5,0,18,19,8,4,0,0,1,5,0,0,0,1,1,6,6,1,17,4,652,1,10,-1,8,E01015498,0,-1