collision_index,collision_year,collision_ref_no,vehicle_reference,vehicle_type,towing_and_articulation,vehicle_manoeuvre_historic,vehicle_manoeuvre,vehicle_direction_from,vehicle_direction_to,vehicle_location_restricted_lane_historic,vehicle_location_restricted_lane,junction_location,skidding_and_overturning,hit_object_in_carriageway,vehicle_leaving_carriageway,hit_object_off_carriageway,first_point_of_impact,vehicle_left_hand_drive,journey_purpose_of_driver_historic,journey_purpose_of_driver,sex_of_driver,age_of_driver,age_band_of_driver,engine_capacity_cc,propulsion_code,age_of_vehicle,generic_make_model,driver_imd_decile,lsoa_of_driver,escooter_flag,driver_distance_banding
2021302100192,2021,302100192,1,5,0,18,19,8,4,0,0,0,0,0,0,0,1,1,6,6,1,53,8,652,1,8,-1,5,E01029795,0,-1
2021010293862,2021,010293862,1,5,0,13,13,5,1,0,0,1,0,0,0,0,1,1,2,2,1,55,8,1203,1,17,-1,2,E01004004,0,-1
2021201131659,2021,201131659,2,19,0,2,2,0,0,0,0,1,0,0,0,0,2,1,5,6,1,49,8,-1,-1,-1,-1,-1,-1,0,-1
2021501100313,2021,501100313,1,9,0,12,12,1,5,0,0,0,1,0,1,0,3,1,5,6,1,80,11,-1,-1,-1,-1,2,E01018867,0,-1
2021161068553,2021,161068553,1,9,0,4,4,8,4,0,0,0,0,0,0,0,2,1,6,6,2,31,6,1242,1,18,FIAT PUNTO,1,E01013279,0,-1
2021471073270,2021,471073270,1,9,0,9,9,1,6,0,0,8,0,0,0,0,1,1,5,6,2,68,10,1242,1,15,FIAT PUNTO,9,E01031772,0,-1
2021010341826,2021,010341826,2,9,0,2,2,0,0,1,1,0,0,0,0,0,4,1,6,6,3,-1,-1,1242,1,10,FIAT PUNTO,-1,-1,0,-1
2021361128474,2021,361128474,1,9,0,18,19,7,3,0,0,0,1,0,1,0,1,1,1,1,1,19,4,1242,1,7,FIAT PUNTO,4,E01026736,0,-1
2021552101397,2021,552101397,1,9,0,5,5,6,4,0,0,6,0,0,0,0,1,1,1,1,1,27,6,1242,1,14,FIAT PUNTO,3,E01015285,0,-1
2021170S31821,2021,170S31821,1,9,0,12,12,3,7,0,0,0,0,0,0,0,1,1,6,6,2,55,8,1242,1,14,FIAT PUNTO,8,E01012235,0,-1
2021471017801,2021,471017801,1,9,0,9,9,4,1,0,0,1,0,0,0,0,3,1,6,6,2,24,5,1242,1,15,FIAT PUNTO,4,E01031786,0,-1
2021421029808,2021,421029808,1,9,0,5,5,8,3,0,0,0,0,0,0,0,4,1,1,1,1,40,7,1242,1,8,FIAT PUNTO,2,E01021872,0,-1
2021430410223,2021,430410223,2,9,0,18,19,4,8,0,0,1,0,0,0,0,1,1,6,6,2,-1,-1,1910,2,15,FIAT PUNTO,-1,-1,0,-1
2021471117138,2021,471117138,1,9,0,4,4,2,6,0,0,2,0,0,0,0,1,1,6,6,1,-1,-1,1242,1,15,FIAT PUNTO,-1,-1,0,-1
2021461092530,2021,461092530,2,9,0,3,3,0,0,0,0,0,0,0,0,0,3,1,6,6,2,22,5,1368,1,7,FIAT PUNTO,3,E01016036,0,-1
2021361037283,2021,361037283,1,9,0,13,13,8,4,0,0,0,0,0,0,0,1,1,5,6,1,31,6,1368,1,14,FIAT PUNTO,5,E01026720,0,-1
202134WNC2331,2021,34WNC2331,1,9,0,17,19,7,3,0,0,0,0,0,0,6,1,1,6,6,1,36,7,1368,1,12,FIAT PUNTO,2,E01029359,0,-1
2021211083941,2021,211083941,1,9,0,5,5,5,1,0,0,6,0,0,0,0,1,1,6,6,1,26,6,1368,1,14,FIAT PUNTO,6,E01029722,0,-1
2021170S11341,2021,170S11341,1,9,0,18,19,8,4,0,0,8,0,0,0,0,4,1,1,1,1,22,5,1242,1,14,FIAT PUNTO,1,E01012245,0,-1
2021461116624,2021,461116624,1,9,0,18,19,8,4,0,0,1,2,4,0,0,3,1,6,6,1,26,6,1242,1,14,FIAT PUNTO,6,E01024130,0,-1
2021461045708,2021,461045708,3,9,0,18,19,1,5,0,0,0,0,0,0,0,3,1,6,6,1,41,7,1368,1,11,FIAT PUNTO,5,E01024281,0,-1
2021061105228,2021,061105228,1,9,0,18,19,7,3,0,0,0,0,0,0,0,1,1,6,6,3,30,6,1242,1,14,FIAT PUNTO,-1,-1,0,-1
2021421125456,2021,421125456,1,9,0,13,13,8,4,0,0,0,0,0,7,0,1,1,5,6,2,46,8,1242,1,17,FIAT PUNTO,-1,-1,0,-1
2021010313016,2021,010313016,2,9,0,3,3,3,7,0,0,1,0,0,0,0,1,1,6,6,1,62,9,1242,1,5,FIAT PUNTO,4,E01001216,0,-1
2021520104096,2021,520104096,2,9,5,18,19,4,8,0,0,1,0,0,0,0,1,1,6,6,2,20,4,1242,1,15,FIAT PUNTO,4,E01020496,0,-1
2021201117761,2021,201117761,1,9,0,18,19,8,4,0,0,1,0,0,0,0,4,1,6,6,3,-1,-1,1368,1,13,FIAT PUNTO,-1,-1,0,-1
2021070842802,2021,070842802,1,9,0,4,4,5,1,0,0,0,0,0,0,0,2,1,6,6,1,21,5,1242,1,14,FIAT PUNTO,8,E01018495,0,-1
2021131076965,2021,131076965,1,9,0,18,19,1,3,0,0,8,1,0,0,0,1,1,6,6,1,21,5,1368,1,13,FIAT PUNTO,3,E01011040,0,-1
2021070094276,2021,070094276,2,9,0,18,19,7,3,0,0,0,0,0,0,0,1,1,2,2,2,53,8,1368,1,12,FIAT PUNTO,7,E01018448,0,-1
2021010341570,2021,010341570,2,9,0,17,19,5,1,0,0,0,0,0,1,11,1,1,6,6,1,63,9,1242,1,9,FIAT PUNTO,3,E01024166,0,-1
2021052101419,2021,052101419,2,9,0,18,19,2,6,0,0,0,0,0,0,0,1,1,6,6,1,31,6,1242,1,17,FIAT PUNTO,6,E01006472,0,-1
2021546389121,2021,546389121,3,9,0,4,4,3,7,0,0,0,0,0,0,0,2,1,6,6,2,30,6,1368,1,14,FIAT PUNTO,10,E01030454,0,-1
2021351128440,2021,351128440,3,9,0,18,19,1,5,0,0,0,2,0,1,9,3,1,2,2,2,36,7,1242,1,14,FIAT PUNTO,4,E01026280,0,-1
2021211086895,2021,211086895,2,9,0,18,19,8,4,0,0,0,0,0,0,0,1,1,6,6,2,20,4,1242,1,15,FIAT PUNTO,6,E01029461,0,-1
2021461097997,2021,461097997,2,9,0,4,4,5,1,0,0,0,1,0,0,0,2,1,6,6,1,22,5,1368,1,11,FIAT PUNTO,5,E01002363,0,-1
2021302101639,2021,302101639,1,9,0,18,19,8,4,0,0,8,0,0,0,0,1,1,6,6,1,27,6,1368,1,12,FIAT PUNTO,4,E01019676,0,-1
2021141087157,2021,141087157,1,9,0,9,9,1,7,0,0,5,0,0,0,0,2,1,5,6,1,31,6,1242,1,15,FIAT PUNTO,6,E01013023,0,-1
2021430154495,2021,430154495,1,9,0,9,9,2,8,0,0,1,0,0,0,0,1,1,2,2,2,25,5,1242,1,14,FIAT PUNTO,9,E01016677,0,-1
2021211110299,2021,211110299,2,9,0,18,19,1,5,0,0,8,0,0,0,0,1,1,5,6,2,20,4,1368,1,15,FIAT PUNTO,4,E01029431,0,-1
2021201112680,2021,201112680,1,9,0,18,19,2,6,0,0,1,0,0,0,0,1,1,6,6,2,31,6,1368,1,9,FIAT PUNTO,2,E01008943,0,-1
2021201048928,2021,201048928,2,9,0,4,4,8,4,0,0,0,0,0,0,0,1,1,6,6,1,18,4,1242,1,14,FIAT PUNTO,2,E01009994,0,-1
2021101100990,2021,101100990,1,9,0,18,19,5,1,0,0,0,1,7,6,1,1,1,6,6,1,19,4,1242,1,17,FIAT PUNTO,2,E01008719,0,-1
2021471020754,2021,471020754,1,9,0,9,9,7,5,0,0,5,0,0,0,0,3,1,2,2,1,19,4,1368,1,11,FIAT PUNTO,9,E01031816,0,-1
2021101027024,2021,101027024,1,9,0,11,11,5,1,0,0,1,0,0,0,0,4,1,6,6,1,44,7,1242,1,15,FIAT PUNTO,5,E01008787,0,-1
2021010345970,2021,010345970,1,9,0,9,9,2,8,0,0,8,0,0,0,0,1,1,6,6,1,82,11,1368,1,14,FIAT PUNTO,4,E01004611,0,-1
2021430309668,2021,430309668,1,9,0,18,19,8,4,0,0,0,0,0,8,4,1,1,6,6,2,35,6,1368,1,11,FIAT PUNTO,10,E01028461,0,-1
2021440444761,2021,440444761,1,9,0,9,9,5,2,0,0,8,0,0,0,0,1,1,6,6,1,30,6,1368,1,12,FIAT PUNTO,2,E01017219,0,-1
2021041045627,2021,041045627,3,9,0,18,19,1,5,0,0,0,0,0,0,0,2,1,5,6,2,53,8,1242,1,10,FIAT PUNTO,9,E01025158,0,-1
2021010351778,2021,010351778,1,9,0,1,1,1,3,0,0,1,0,0,0,0,3,1,2,2,2,21,5,1368,1,9,FIAT PUNTO,2,E01002356,0,-1
2021111130944,2021,111130944,2,9,0,18,19,5,1,0,0,8,0,0,0,0,1,1,2,2,2,56,9,1368,1,9,FIAT PUNTO,5,E01012343,0,-1
2021070438461,2021,070438461,2,9,0,18,19,3,5,0,0,3,0,0,0,0,4,1,2,2,2,23,5,1248,2,9,FIAT PUNTO,1,E01012445,0,-1
2021201130272,2021,201130272,1,9,0,18,19,8,4,0,0,8,0,0,0,0,1,1,6,6,1,-1,-1,1242,1,15,FIAT PUNTO,-1,-1,0,-1
2021061108776,2021,061108776,2,9,0,10,10,8,4,0,0,1,0,0,0,0,4,1,5,6,2,29,6,1242,1,10,FIAT PUNTO,3,E01004772,0,-1
2021010297415,2021,010297415,1,9,0,5,5,0,8,0,0,2,0,0,0,0,1,1,6,6,1,26,6,1368,1,14,FIAT PUNTO,2,E01003334,0,-1
2021061104673,2021,061104673,2,9,0,2,2,0,0,0,0,0,0,0,0,0,2,1,3,7,2,36,7,1368,1,7,FIAT PUNTO,4,E01004917,0,-1
2021440120341,2021,440120341,2,9,0,4,4,2,6,0,0,0,0,0,0,0,2,1,2,2,1,49,8,1248,2,13,FIAT PUNTO,5,E01022616,0,-1
2021520200658,2021,520200658,2,9,0,7,7,4,6,0,0,1,0,0,0,0,1,1,6,6,2,51,8,1242,1,4,FIAT PUNTO,6,E01029218,0,-1
2021131090243,2021,131090243,1,9,0,-1,-1,-1,-1,-1,-1,-1,-1,-1,-1,-1,-1,1,6,6,3,-1,-1,1368,1,12,FIAT PUNTO,-1,-1,0,-1
2021070585032,2021,070585032,1,9,0,3,3,8,4,0,0,0,0,0,0,0,1,1,6,6,1,31,6,1242,1,14,FIAT PUNTO,9,E01012494,0,-1
2021302100923,2021,302100923,1,9,0,17,19,2,4,0,0,8,1,0,1,4,4,1,6,6,2,21,5,1242,1,14,FIAT PUNTO,1,E01027978,0,-1
2021461015113,2021,461015113,1,9,0,18,19,7,3,0,0,0,0,0,0,0,1,1,6,6,1,24,5,1368,1,12,FIAT PUNTO,9,E01024454,0,-1
2021421074559,2021,421074559,1,9,0,16,19,2,6,0,0,0,2,10,0,0,4,1,5,6,1,21,5,1368,1,11,FIAT PUNTO,9,E01022099,0,-1
2021991050687,2021,991050687,1,9,0,18,19,7,3,0,0,0,0,0,0,0,1,1,5,6,2,52,8,1242,1,6,FIAT PUNTO,4,-1,0,-1
2021221112235,2021,221112235,2,9,0,18,19,2,6,0,0,0,0,0,0,0,1,1,5,6,2,27,6,1242,1,15,FIAT PUNTO,1,E01028957,0,-1
2021131087660,2021,131087660,1,9,0,18,19,3,7,0,0,1,0,0,0,0,1,1,5,6,2,39,7,1242,1,14,FIAT PUNTO,3,E01010615,0,-1
2021201017538,2021,201017538,1,9,0,17,19,1,5,0,0,4,0,0,0,0,1,1,6,6,1,55,8,1368,1,7,FIAT PUNTO,2,E01008987,0,-1
2021320457583,2021,320457583,2,9,0,18,19,1,5,0,0,2,0,0,0,0,4,1,6,6,2,26,6,1242,1,8,FIAT PUNTO,1,E01026384,0,-1
2021010304606,2021,010304606,2,9,0,12,12,5,1,0,0,8,9,0,0,0,3,9,6,6,3,-1,-1,1242,1,12,FIAT PUNTO,-1,-1,0,-1
2021201133977,2021,201133977,2,9,0,11,11,5,1,0,0,1,0,0,0,0,4,1,6,6,2,47,8,1368,1,11,FIAT PUNTO,10,E01009853,0,-1
2021201025493,2021,201025493,1,9,0,18,19,2,6,0,0,1,0,10,7,11,1,1,6,6,1,65,9,1242,1,13,FIAT PUNTO,3,E01010509,0,-1
2021010314776,2021,010314776,2,9,0,7,7,5,8,0,0,6,0,0,0,0,1,1,6,6,1,30,6,1368,1,15,FIAT PUNTO,1,E01004285,0,-1
2021320328051,2021,320328051,1,9,0,1,1,2,6,0,0,0,0,0,0,10,2,1,6,6,2,21,5,1242,1,13,FIAT PUNTO,6,E01026120,0,-1
2021161068230,2021,161068230,2,9,0,4,4,8,4,0,0,1,0,0,0,0,2,1,6,6,1,20,4,1368,1,11,FIAT PUNTO,1,E01012875,0,-1
2021041094600,2021,041094600,1,9,0,3,3,3,7,9,9,6,0,0,0,0,1,1,5,6,2,33,6,1368,1,11,FIAT PUNTO,1,E01012680,0,-1
2021101079472,2021,101079472,2,9,0,18,19,6,2,0,0,0,0,0,0,0,2,1,5,6,2,32,6,1242,1,13,FIAT PUNTO,2,E01008285,0,-1
2021141085019,2021,141085019,2,9,0,7,7,7,2,0,0,3,0,0,0,0,1,1,6,6,1,44,7,1242,1,15,FIAT PUNTO,2,E01007340,0,-1
2021041046226,2021,041046226,1,9,0,18,19,1,5,0,0,0,5,0,0,0,1,1,1,1,1,29,6,1368,1,11,FIAT PUNTO,5,E01025363,0,-1
2021010348158,2021,010348158,1,9,0,99,99,9,9,99,99,0,9,99,9,99,2,9,6,6,2,47,8,1368,1,15,FIAT PUNTO,2,E01001833,0,-1
2021302101559,2021,302101559,1,9,0,18,19,8,2,0,0,0,0,0,1,1,1,1,6,6,2,62,9,1242,1,8,FIAT PUNTO,6,E01019475,0,-1
2021101014878,2021,101014878,1,9,0,18,19,1,5,0,0,0,1,0,0,0,1,1,1,1,1,40,7,1368,1,12,FIAT PUNTO,4,E01027531,0,-1
2021138411389,2021,138411389,1,9,0,14,14,2,6,0,0,0,0,0,0,0,1,1,6,6,1,59,9,1368,1,14,FIAT PUNTO,1,E01011345,0,-1
2021061039120,2021,061039120,2,9,0,18,19,8,4,0,0,0,0,0,0,0,1,1,6,6,3,30,6,1242,1,18,FIAT PUNTO,-1,-1,0,-1
2021501039611,2021,501039611,1,9,0,18,19,7,3,0,0,1,0,0,0,0,1,1,1,1,1,35,6,1242,1,14,FIAT PUNTO,4,E01020053,0,-1
2021101092450,2021,101092450,2,9,0,18,19,5,1,0,0,1,0,0,0,0,1,1,5,6,1,69,10,1242,1,4,FIAT PUNTO,2,E01020892,0,-1
2021010299525,2021,010299525,1,9,0,9,9,3,2,0,0,8,0,0,0,0,3,1,2,2,1,48,8,1242,1,15,FIAT PUNTO,3,E01002085,0,-1
2021201031976,2021,201031976,2,9,0,7,7,4,6,0,0,6,0,0,0,0,1,1,6,6,1,-1,-1,1242,1,10,FIAT PUNTO,1,E01010423,0,-1
2021052100975,2021,052100975,2,9,0,18,19,7,3,0,0,8,0,0,0,0,3,1,6,6,2,37,7,1368,1,8,FIAT PUNTO,5,E01006853,0,-1
2021061058315,2021,061058315,1,9,0,18,19,2,6,0,0,0,0,0,0,0,1,1,6,6,3,30,6,1368,1,11,FIAT PUNTO,-1,-1,0,-1
2021622100424,2021,622100424,1,9,0,9,9,4,2,0,0,6,0,0,0,0,1,1,6,6,2,19,4,1242,1,14,FIAT PUNTO,9,W01000861,0,-1
2021041067015,2021,041067015,1,9,0,7,7,3,7,0,0,1,0,0,0,0,0,1,6,6,1,24,5,1242,1,15,FIAT PUNTO,10,E01025467,0,-1
2021430500931,2021,430500931,2,9,0,18,19,8,4,0,0,8,0,0,0,0,1,1,6,6,2,-1,-1,1368,1,14,FIAT PUNTO,-1,-1,0,-1
2021201064134,2021,201064134,3,9,0,18,19,8,4,0,0,0,0,0,0,0,2,1,6,6,1,54,8,1242,1,13,FIAT PUNTO,3,E01010092,0,-1
2021010324569,2021,010324569,3,9,0,2,2,0,0,0,0,0,0,0,0,0,1,1,6,6,3,-1,-1,1368,1,12,FIAT PUNTO,-1,-1,0,-1
2021010301618,2021,010301618,2,9,0,99,99,9,9,99,99,9,9,99,9,99,1,9,6,6,1,22,5,1242,1,17,FIAT PUNTO,8,E01000366,0,-1
2021041019340,2021,041019340,4,9,0,18,19,1,5,0,0,0,0,0,0,0,1,1,2,2,1,49,8,1248,2,8,FIAT PUNTO,9,E01025340,0,-1
2021451074088,2021,451074088,2,9,0,2,2,0,0,0,0,0,0,0,0,0,1,1,6,6,3,-1,-1,1242,1,15,FIAT PUNTO,-1,-1,0,-1
2021141112445,2021,141112445,2,9,0,9,9,7,4,0,0,8,0,0,0,0,1,2,6,6,3,-1,-1,1368,1,13,FIAT PUNTO,-1,-1,0,-1
2021461028100,2021,461028100,1,9,0,18,19,1,5,0,0,0,0,0,0,0,1,1,6,6,1,-1,-1,1248,2,7,FIAT PUNTO,-1,-1,0,-1
2021161032036,2021,161032036,1,9,0,4,4,7,3,0,0,0,0,0,0,0,1,1,2,2,2,28,6,1242,1,5,FIAT PUNTO,1,E01013296,0,-1
2021401027659,2021,401027659,1,9,0,9,9,1,7,0,0,6,0,0,0,0,3,1,1,1,2,29,6,1598,2,11,FIAT PUNTO,2,E01015749,0,-1
2021052100133,2021,052100133,1,9,0,10,10,3,2,0,0,4,0,0,0,0,0,1,2,2,2,49,8,1368,1,12,FIAT PUNTO,1,E01007121,0,-1
2021421047977,2021,421047977,2,9,0,18,19,1,5,0,0,0,0,0,7,0,1,1,5,6,1,32,6,1368,1,12,FIAT PUNTO,-1,-1,0,-1
2021131064773,2021,131064773,1,9,0,18,19,5,4,0,0,0,5,0,0,0,4,2,6,6,1,19,4,1242,1,14,FIAT PUNTO,2,E01011840,0,-1
2021421029386,2021,421029386,2,9,0,18,19,2,5,0,0,3,1,0,0,0,4,1,5,6,2,21,5,1368,1,9,FIAT PUNTO,6,E01024163,0,-1
202163B041521,2021,63B041521,2,9,0,17,19,3,8,0,0,2,0,0,7,10,1,1,1,1,1,60,9,1108,1,26,FIAT PUNTO,6,W01000543,0,-1
2021451067157,2021,451067157,1,9,0,9,9,2,8,0,0,8,0,0,0,0,1,1,2,2,1,60,9,1242,1,14,FIAT PUNTO,10,E01030495,0,-1
2021471091136,2021,471091136,3,9,0,2,2,0,0,0,0,2,0,0,0,0,2,1,6,6,3,-1,-1,1368,1,15,FIAT PUNTO,-1,-1,0,-1
2021302101111,2021,302101111,2,9,0,4,4,8,4,0,0,0,0,0,0,0,3,1,6,6,1,17,4,1242,1,13,FIAT PUNTO,1,E01019568,0,-1
2021010300651,2021,010300651,2,9,0,18,19,7,3,0,0,1,0,0,0,0,2,1,2,2,1,62,9,1368,1,13,FIAT PUNTO,9,E01017840,0,-1
2021010305878,2021,010305878,1,9,0,7,7,6,8,0,0,8,0,0,0,0,1,1,6,6,2,27,6,1242,1,15,FIAT PUNTO,3,E01003736,0,-1
2021201079139,2021,201079139,2,9,0,18,19,8,4,0,0,6,0,0,0,0,2,1,6,6,1,20,4,1242,1,15,FIAT PUNTO,6,E01009036,0,-1
2021161014566,2021,161014566,1,9,0,9,9,7,1,0,0,5,0,0,0,0,4,1,6,6,1,27,6,1242,1,13,FIAT PUNTO,9,E01012770,0,-1
202163C080721,2021,63C080721,2,9,0,5,5,4,8,0,0,6,0,0,0,0,2,1,6,6,2,21,5,1242,1,9,FIAT PUNTO,2,W01000594,0,-1
2021061043094,2021,061043094,1,9,0,18,19,6,2,0,0,2,0,0,0,0,3,1,6,6,2,40,7,1242,1,6,FIAT PUNTO,1,E01005138,0,-1
2021522200455,2021,522200455,1,9,0,18,19,5,1,0,0,2,0,0,2,2,1,1,6,6,1,30,6,1368,1,8,FIAT PUNTO,10,E01014864,0,-1
2021010342407,2021,010342407,6,9,0,2,2,0,0,0,0,1,0,0,0,0,3,1,6,6,3,-1,-1,1242,1,14,FIAT PUNTO,-1,-1,0,-1
2021461076316,2021,461076316,1,9,0,9,9,1,7,6,6,1,0,0,0,0,1,1,1,1,1,23,5,1242,1,10,FIAT PUNTO,2,E01016066,0,-1
2021061064926,2021,061064926,3,9,0,18,19,3,7,0,0,1,0,0,0,0,1,1,6,6,1,64,9,1242,1,15,FIAT PUNTO,1,E01006016,0,-1
2021010342870,2021,010342870,2,9,0,99,99,9,9,99,99,9,9,99,9,99,9,9,6,6,3,-1,-1,1368,1,10,FIAT PUNTO,1,E01002037,0,-1
2021010332818,2021,010332818,1,9,0,18,19,7,3,0,0,2,0,0,0,0,0,1,6,6,1,57,9,1368,1,11,FIAT PUNTO,3,E01000640,0,-1
2021010296391,2021,010296391,1,9,0,9,9,5,2,0,0,2,0,0,0,0,4,1,6,6,1,28,6,1368,1,14,FIAT PUNTO,2,E01001746,0,-1
2021991041742,2021,991041742,1,9,0,9,9,6,4,0,0,1,0,0,3,0,1,1,5,6,2,64,9,1242,1,14,FIAT PUNTO,5,-1,0,-1
2021201059309,2021,201059309,1,9,0,9,9,4,2,0,0,6,0,0,0,0,1,1,6,6,1,-1,-1,1242,1,15,FIAT PUNTO,-1,-1,0,-1
2021430233836,2021,430233836,1,9,0,18,19,6,2,0,0,1,0,0,0,0,1,1,6,6,2,35,6,1242,1,17,FIAT PUNTO,10,E01028455,0,-1
2021031100212,2021,031100212,1,9,0,18,19,4,8,0,0,1,0,0,0,0,1,1,6,6,2,20,4,1368,1,11,FIAT PUNTO,2,E01019227,0,-1
2021421045736,2021,421045736,1,9,0,16,19,5,1,0,0,0,0,0,0,0,1,1,5,6,1,30,6,1242,1,14,FIAT PUNTO,6,E01002166,0,-1
2021501119556,2021,501119556,2,9,0,3,3,7,3,0,0,0,0,0,0,0,3,1,6,6,2,38,7,1242,1,19,FIAT PUNTO,4,E01018926,0,-1
2021041069865,2021,041069865,1,9,0,18,19,5,1,0,0,2,0,0,0,0,4,1,2,2,1,53,8,1368,1,14,FIAT PUNTO,4,E01025065,0,-1
2021401110093,2021,401110093,2,9,0,9,9,1,5,0,0,3,0,0,0,0,4,1,5,6,1,24,5,1242,1,13,FIAT PUNTO,3,E01015715,0,-1
2021351115264,2021,351115264,2,9,0,3,3,-1,-1,0,0,8,0,0,0,0,2,1,1,1,1,39,7,1242,1,10,FIAT PUNTO,3,E01017538,0,-1
2021430437974,2021,430437974,2,9,0,18,19,7,3,0,0,2,0,0,7,0,1,1,6,6,2,28,6,1368,1,9,FIAT PUNTO,7,E01015490,0,-1
2021401022096,2021,401022096,2,9,0,2,2,0,0,0,0,0,0,0,0,0,2,1,5,6,2,-1,-1,1368,1,13,FIAT PUNTO,-1,-1,0,-1
2021141050496,2021,141050496,2,9,0,18,19,1,5,0,0,0,0,0,0,0,4,1,6,6,2,73,10,1242,1,17,FIAT PUNTO,2,E01007950,0,-1
2021371051289,2021,371051289,1,9,0,18,19,7,3,0,0,0,5,0,0,0,3,1,5,6,1,20,4,1242,1,13,FIAT PUNTO,2,E01033122,0,-1
2021451043428,2021,451043428,2,9,0,18,19,5,5,0,0,0,0,0,0,0,1,1,6,6,2,50,8,1242,1,15,FIAT PUNTO,6,E01030957,0,-1
2021302100854,2021,302100854,1,9,0,18,19,2,6,0,0,0,0,0,0,0,1,1,6,6,3,-1,-1,1242,1,14,FIAT PUNTO,5,E01019456,0,-1
2021421102570,2021,421102570,1,9,0,18,19,7,3,0,0,0,0,0,0,0,1,1,6,6,3,-1,-1,1368,1,11,FIAT PUNTO,-1,-1,0,-1
2021131079605,2021,131079605,1,9,0,-1,-1,-1,-1,-1,-1,0,-1,-1,-1,-1,-1,1,6,6,3,-1,-1,1242,1,15,FIAT PUNTO,-1,-1,0,-1
2021361067997,2021,361067997,2,9,0,4,4,5,1,0,0,0,0,0,0,0,2,1,5,6,2,29,6,1368,1,13,FIAT PUNTO,5,E01026428,0,-1
2021010343900,2021,010343900,1,9,0,17,19,5,2,0,0,2,1,0,4,11,1,2,6,6,1,22,5,1242,1,7,FIAT PUNTO,2,E01001395,0,-1
2021141014073,2021,141014073,1,9,0,7,7,5,1,9,9,0,0,0,1,0,4,1,5,6,1,52,8,1242,1,13,FIAT PUNTO,6,E01007912,0,-1
2021122100440,2021,122100440,1,9,0,17,19,7,3,0,0,0,1,0,7,11,1,1,6,6,2,19,4,1242,1,14,FIAT PUNTO,6,E01027684,0,-1
2021421118981,2021,421118981,3,9,0,2,2,2,6,0,0,0,0,0,0,0,1,1,5,6,2,52,8,1242,1,9,FIAT PUNTO,-1,-1,0,-1
2021131124297,2021,131124297,1,9,0,6,6,7,3,0,0,0,0,0,0,0,1,1,5,6,1,55,8,1368,1,11,FIAT PUNTO,8,E01011066,0,-1
2021010348644,2021,010348644,2,9,0,99,99,9,9,99,99,9,9,99,9,99,9,9,6,6,1,-1,-1,1368,1,14,FIAT PUNTO,3,E01003025,0,-1
2021411125358,2021,411125358,2,9,0,5,5,1,5,0,0,4,0,0,0,0,1,1,6,6,1,29,6,1368,1,9,FIAT PUNTO,5,E01017388,0,-1
2021041091197,2021,041091197,2,9,0,18,19,6,2,0,0,8,0,0,0,0,2,1,2,2,2,24,5,1368,1,14,FIAT PUNTO,4,E01012712,0,-1
2021201081216,2021,201081216,1,9,0,18,19,4,8,0,0,1,0,0,0,0,3,1,6,6,1,-1,-1,1242,1,17,FIAT PUNTO,-1,-1,0,-1
2021622100792,2021,622100792,2,9,0,18,19,6,2,0,0,0,1,0,0,0,2,1,6,6,2,40,7,1368,1,11,FIAT PUNTO,1,W01001813,0,-1
2021131104850,2021,131104850,1,9,0,9,9,5,3,0,0,5,0,0,0,0,4,1,5,6,2,78,11,1242,1,14,FIAT PUNTO,5,E01010788,0,-1
2021101084807,2021,101084807,2,9,0,18,19,1,5,0,0,3,0,0,0,0,4,1,5,6,1,19,4,1242,1,13,FIAT PUNTO,-1,-1,0,-1
2021991050191,2021,991050191,1,9,0,17,19,7,4,0,0,2,1,0,7,0,1,1,6,6,1,19,4,1368,1,12,FIAT PUNTO,7,-1,0,-1
2021320750084,2021,320750084,1,9,0,9,9,8,6,9,9,0,0,4,7,11,1,1,6,6,2,21,5,1368,1,10,FIAT PUNTO,5,E01026315,0,-1
2021010326180,2021,010326180,2,9,0,99,99,9,9,99,99,9,9,99,9,99,9,9,6,6,3,-1,-1,1242,1,14,FIAT PUNTO,-1,-1,0,-1
2021520101615,2021,520101615,1,9,0,18,19,8,2,0,0,8,0,0,0,0,1,1,6,6,1,75,10,1242,1,23,FIAT PUNTO,7,E01029243,0,-1
2021221024937,2021,221024937,1,9,0,4,4,2,6,0,0,0,0,0,0,0,1,1,5,6,2,32,6,1242,1,17,FIAT PUNTO,4,E01028871,0,-1
2021010352318,2021,010352318,2,9,0,99,99,9,9,99,99,9,9,99,9,99,1,9,6,6,3,-1,-1,1242,1,8,FIAT PUNTO,-1,-1,0,-1
2021361027044,2021,361027044,1,9,0,5,5,5,1,0,0,0,0,0,0,0,1,1,5,6,1,30,6,1368,1,13,FIAT PUNTO,5,E01026585,0,-1
2021138210245,2021,138210245,1,9,0,18,19,2,6,0,0,0,2,10,0,4,4,1,1,1,2,27,6,1368,1,13,FIAT PUNTO,4,E01024694,0,-1
202131A181321,2021,31A181321,2,9,0,3,3,8,4,0,0,0,0,0,0,0,2,1,6,6,2,35,6,1242,1,6,FIAT PUNTO,8,E01028255,0,-1
2021451051727,2021,451051727,1,9,0,18,19,5,1,0,0,0,0,0,0,0,4,1,6,6,1,22,5,1368,1,13,FIAT PUNTO,6,E01030667,0,-1
2021440044628,2021,440044628,1,9,0,4,4,5,1,0,0,1,0,0,0,0,1,1,6,6,1,37,7,1242,1,9,FIAT PUNTO,6,E01023199,0,-1
2021061113904,2021,061113904,2,9,0,15,15,4,7,0,0,8,0,0,0,0,4,1,6,6,1,65,9,1368,1,12,FIAT PUNTO,8,E01005676,0,-1
2021201128029,2021,201128029,1,9,0,18,19,8,4,0,0,0,0,0,0,0,2,1,6,6,1,57,9,1242,1,16,FIAT PUNTO,2,E01010406,0,-1