collision_index,collision_year,collision_ref_no,vehicle_reference,vehicle_type,towing_and_articulation,vehicle_manoeuvre_historic,vehicle_manoeuvre,vehicle_direction_from,vehicle_direction_to,vehicle_location_restricted_lane_historic,vehicle_location_restricted_lane,junction_location,skidding_and_overturning,hit_object_in_carriageway,vehicle_leaving_carriageway,hit_object_off_carriageway,first_point_of_impact,vehicle_left_hand_drive,journey_purpose_of_driver_historic,journey_purpose_of_driver,sex_of_driver,age_of_driver,age_band_of_driver,engine_capacity_cc,propulsion_code,age_of_vehicle,generic_make_model,driver_imd_decile,lsoa_of_driver,escooter_flag,driver_distance_banding
2021201118565,2021,201118565,1,9,0,16,19,5,8,0,0,0,1,10,1,4,3,1,6,6,1,29,6,1368,1,14,FIAT PUNTO,3,E01009790,0,-1
2021101039914,2021,101039914,2,9,0,3,3,3,7,0,0,0,0,0,0,0,2,1,5,6,2,31,6,1242,1,15,FIAT PUNTO,1,E01008389,0,-1
2021430344397,2021,430344397,2,9,0,18,19,1,5,0,0,0,0,0,0,0,1,1,6,6,1,27,6,1242,1,15,FIAT PUNTO,10,E01016767,0,-1
202131C158421,2021,31C158421,1,9,0,5,5,8,4,0,0,6,0,0,0,0,1,1,6,6,1,32,6,1242,1,7,FIAT PUNTO,3,E01013816,0,-1
2021010330983,2021,010330983,1,9,0,18,19,1,5,0,0,8,0,0,0,0,1,1,6,6,2,29,6,1242,1,15,FIAT PUNTO,2,E01002281,0,-1
2021361058032,2021,361058032,3,9,0,3,3,7,3,0,0,0,0,0,0,0,2,1,5,6,1,72,10,1242,1,13,FIAT PUNTO,9,E01026942,0,-1
2021320039712,2021,320039712,1,9,0,2,2,1,5,0,0,0,0,0,0,0,3,1,6,6,1,39,7,1242,1,17,FIAT PUNTO,2,E01026049,0,-1
2021430259733,2021,430259733,1,9,0,18,19,3,7,0,0,0,0,0,0,0,1,1,6,6,1,29,6,1368,1,13,FIAT PUNTO,10,E01027298,0,-1
2021041080497,2021,041080497,2,9,0,2,2,3,7,0,0,0,0,5,0,0,2,1,6,6,3,-1,-1,1242,1,8,FIAT PUNTO,-1,-1,0,-1
2021471087611,2021,471087611,2,9,0,18,19,2,6,0,0,0,0,0,0,0,0,1,6,6,3,-1,-1,1242,1,15,FIAT PUNTO,-1,-1,0,-1
2021471034339,2021,471034339,1,9,0,2,2,0,0,6,6,1,0,0,0,0,3,1,5,6,2,36,7,1368,1,9,FIAT PUNTO,9,E01031496,0,-1
2021320263923,2021,320263923,1,9,0,18,19,1,5,0,0,8,0,0,0,0,4,1,6,6,1,40,7,1368,1,14,FIAT PUNTO,-1,-1,0,-1
2021010317952,2021,010317952,2,9,0,9,9,2,8,0,0,1,0,0,0,0,4,1,6,6,1,49,8,1368,1,11,FIAT PUNTO,1,E01001545,0,-1
2021471026123,2021,471026123,1,9,0,7,7,6,8,0,0,6,0,0,0,0,1,1,2,2,2,22,5,1242,1,20,FIAT PUNTO,1,E01016885,0,-1
2021201098391,2021,201098391,1,9,0,18,19,6,2,0,0,0,0,0,0,0,1,1,6,6,1,48,8,1242,1,15,FIAT PUNTO,2,E01009635,0,-1
2021501116025,2021,501116025,3,9,0,17,19,3,8,0,0,-1,1,0,0,0,1,1,1,1,1,24,5,1368,1,12,FIAT PUNTO,2,E01015171,0,-1
2021122101254,2021,122101254,3,9,0,18,19,3,7,0,0,0,0,0,0,0,1,1,2,2,1,30,6,1242,1,13,FIAT PUNTO,1,E01027804,0,-1
2021461088219,2021,461088219,1,9,0,18,19,1,5,0,0,0,0,0,0,0,1,1,6,6,3,-1,-1,1242,1,14,FIAT PUNTO,-1,-1,0,-1
2021010291968,2021,010291968,2,9,0,99,99,9,9,99,99,0,0,0,0,0,1,9,6,6,3,-1,-1,1242,1,16,FIAT PUNTO,-1,-1,0,-1
2021991029537,2021,991029537,1,9,0,17,19,6,2,0,0,0,0,0,0,0,1,1,6,6,2,25,5,1242,1,13,FIAT PUNTO,1,-1,0,-1
2021201052303,2021,201052303,1,9,0,5,5,2,6,0,0,1,0,0,0,0,3,1,6,6,2,38,7,1368,1,11,FIAT PUNTO,1,E01008941,0,-1
2021201150953,2021,201150953,1,9,0,9,9,5,2,0,0,6,0,0,0,0,1,1,6,6,1,29,6,1242,1,14,FIAT PUNTO,1,E01009493,0,-1
2021991125984,2021,991125984,1,9,0,9,9,5,3,0,0,1,0,0,0,0,1,1,5,6,1,38,7,1242,1,14,FIAT PUNTO,2,-1,0,-1
2021371146203,2021,371146203,1,9,0,18,19,4,8,0,0,0,1,0,0,0,1,1,5,6,2,21,5,1242,1,19,FIAT PUNTO,6,E01029902,0,-1
2021302101314,2021,302101314,2,9,0,16,19,4,8,0,0,0,0,0,7,4,3,1,6,6,2,24,5,1242,1,15,FIAT PUNTO,5,E01019529,0,-1
2021520104108,2021,520104108,1,9,0,3,3,1,7,0,0,0,0,0,0,0,2,1,6,6,2,21,5,1248,2,8,FIAT PUNTO,-1,-1,0,-1
2021131089141,2021,131089141,1,9,0,18,19,7,3,0,0,0,5,4,0,0,3,1,6,6,3,-1,-1,1242,1,13,FIAT PUNTO,-1,-1,0,-1
2021351095125,2021,351095125,1,9,0,18,19,5,1,0,0,4,0,0,0,0,1,1,6,6,1,34,6,1368,1,11,FIAT PUNTO,6,E01033179,0,-1
2021161073718,2021,161073718,4,9,0,4,4,5,1,0,0,0,0,0,0,0,2,1,5,6,2,54,8,1242,1,17,FIAT PUNTO,3,E01013259,0,-1
2021361119237,2021,361119237,1,9,0,18,19,5,1,0,0,0,0,0,0,0,1,1,2,2,2,20,4,1242,1,14,FIAT PUNTO,3,E01026488,0,-1
2021471089238,2021,471089238,2,9,0,9,9,5,3,0,0,8,0,0,0,0,4,1,5,6,1,54,8,1242,1,14,FIAT PUNTO,5,E01031524,0,-1
2021401081544,2021,401081544,1,9,0,18,19,6,2,0,0,0,2,0,7,4,1,1,5,6,2,21,5,1242,1,15,FIAT PUNTO,4,E01017535,0,-1
2021061081507,2021,061081507,2,9,0,9,9,1,1,0,0,1,1,0,0,0,3,1,6,6,2,24,5,1242,1,13,FIAT PUNTO,-1,-1,0,-1
202106K080019,2021,06K080019,2,9,0,18,19,1,5,0,0,0,0,0,0,0,2,1,6,6,3,30,6,1368,1,12,FIAT PUNTO,-1,-1,0,-1
2021041063157,2021,041063157,1,9,0,4,4,7,3,0,0,0,0,0,0,0,1,1,6,6,2,24,5,1368,1,12,FIAT PUNTO,9,E01007070,0,-1
2021320601256,2021,320601256,1,9,0,18,19,6,2,0,0,0,0,0,0,0,1,1,6,6,1,20,4,1242,1,16,FIAT PUNTO,1,E01013481,0,-1
2021622100902,2021,622100902,1,9,0,7,7,2,5,0,0,8,0,0,1,11,1,1,4,7,2,30,6,1368,1,12,FIAT PUNTO,2,W01001375,0,-1
2021221132168,2021,221132168,1,9,0,9,9,8,6,0,0,5,0,0,7,0,2,1,5,6,1,25,5,1368,1,11,FIAT PUNTO,3,E01014010,0,-1
2021411053812,2021,411053812,1,9,0,18,19,7,5,0,0,1,0,0,0,0,3,1,6,6,2,25,5,1242,1,9,FIAT PUNTO,6,E01023600,0,-1
2021471112427,2021,471112427,1,9,0,18,19,7,3,0,0,0,0,0,0,0,1,1,6,6,1,-1,-1,1242,1,18,FIAT PUNTO,-1,-1,0,-1
2021101031136,2021,101031136,1,9,0,18,19,5,5,0,0,0,0,0,0,0,1,1,6,6,2,25,5,1368,1,11,FIAT PUNTO,-1,-1,0,-1
2021991084040,2021,991084040,1,9,0,9,9,5,3,0,0,2,0,4,0,0,1,1,6,6,1,26,6,1368,1,12,FIAT PUNTO,1,-1,0,-1
2021201115697,2021,201115697,1,9,0,18,19,2,6,0,0,0,0,7,0,0,1,1,6,6,1,-1,-1,1242,1,16,FIAT PUNTO,-1,-1,0,-1
2021302101883,2021,302101883,1,9,0,18,19,8,4,0,0,0,0,0,1,3,1,1,6,6,2,34,6,1242,1,15,FIAT PUNTO,2,E01013870,0,-1
2021320429105,2021,320429105,2,9,0,18,19,6,2,0,0,0,0,0,0,0,1,1,6,6,1,40,7,1368,1,12,FIAT PUNTO,6,E01017592,0,-1
2021201070835,2021,201070835,1,9,0,12,12,3,7,0,0,0,0,0,0,0,1,1,5,6,1,27,6,1242,1,17,FIAT PUNTO,1,E01009987,0,-1
2021010289625,2021,010289625,2,9,9,18,19,1,5,0,0,1,0,0,0,0,3,1,6,6,3,-1,-1,1242,1,19,FIAT PUNTO,-1,-1,0,-1
2021991080158,2021,991080158,1,9,0,11,11,4,8,0,0,0,0,0,0,0,1,1,6,6,1,18,4,1242,1,14,FIAT PUNTO,4,-1,0,-1
2021522105642,2021,522105642,2,9,0,18,19,1,5,0,0,8,0,0,0,0,0,1,6,6,3,-1,-1,1368,1,15,FIAT PUNTO,-1,-1,0,-1
2021201132944,2021,201132944,1,9,0,18,19,6,2,0,0,0,0,0,0,0,1,1,6,6,3,18,4,1242,1,14,FIAT PUNTO,2,E01010279,0,-1
2021461111475,2021,461111475,1,9,0,18,19,7,3,0,0,0,0,0,0,0,1,1,6,6,1,-1,-1,1242,1,17,FIAT PUNTO,8,E01024839,0,-1
2021302100988,2021,302100988,1,9,0,18,19,8,4,0,0,8,0,0,0,0,1,1,6,6,2,29,6,1368,1,14,FIAT PUNTO,2,E01013943,0,-1
2021461072592,2021,461072592,2,9,0,18,19,6,2,0,0,0,1,0,4,6,2,1,6,6,1,53,8,1368,1,11,FIAT PUNTO,7,E01024058,0,-1
2021440352149,2021,440352149,2,9,0,8,8,5,1,0,0,1,0,0,0,0,2,1,6,6,1,30,6,1368,1,6,FIAT PUNTO,2,E01023006,0,-1
2021101042647,2021,101042647,2,9,0,3,3,1,4,0,0,1,0,0,0,0,2,1,5,6,1,68,10,1368,1,9,FIAT PUNTO,10,E01008269,0,-1
2021010347863,2021,010347863,2,9,0,2,2,0,0,0,0,0,0,0,0,0,3,1,6,6,3,-1,-1,1242,1,14,FIAT PUNTO,-1,-1,0,-1
2021371055480,2021,371055480,2,9,0,18,19,6,1,0,0,0,0,0,0,0,1,1,5,6,2,39,7,1242,1,10,FIAT PUNTO,1,E01030249,0,-1
2021302101049,2021,302101049,1,9,0,18,19,6,2,0,0,0,1,0,1,2,1,1,6,6,2,39,7,1242,1,18,FIAT PUNTO,8,E01028096,0,-1
2021991032505,2021,991032505,1,9,0,18,19,7,3,0,0,0,0,0,7,6,1,1,6,6,2,20,4,1242,1,15,FIAT PUNTO,1,-1,0,-1
2021320545871,2021,320545871,2,9,0,18,19,6,2,0,0,1,0,0,0,0,2,1,6,6,1,19,4,1368,1,13,FIAT PUNTO,7,E01026412,0,-1
2021531126251,2021,531126251,2,9,0,18,19,5,1,0,0,0,1,0,0,0,1,1,5,6,1,52,8,1242,1,18,FIAT PUNTO,-1,-1,0,-1
2021010345084,2021,010345084,2,9,0,18,19,1,5,0,0,0,0,0,0,0,1,1,6,6,1,-1,-1,1242,1,13,FIAT PUNTO,3,E01001505,0,-1
2021041073738,2021,041073738,1,9,0,7,7,1,5,0,0,3,0,0,0,0,2,1,5,6,1,47,8,1242,1,17,FIAT PUNTO,1,E01012748,0,-1
2021991121988,2021,991121988,2,9,0,3,3,6,4,6,6,0,0,0,0,0,0,1,6,6,1,39,7,1368,1,12,FIAT PUNTO,2,-1,0,-1
2021070496897,2021,070496897,1,9,0,17,19,8,4,0,0,0,5,0,0,0,1,1,6,6,1,20,4,1242,1,13,FIAT PUNTO,8,E01018649,0,-1
2021061100388,2021,061100388,1,9,0,18,19,4,8,0,0,8,0,0,0,0,4,1,2,2,2,23,5,1368,1,9,FIAT PUNTO,4,E01005718,0,-1
2021061042845,2021,061042845,2,9,0,3,3,5,1,0,0,8,0,0,0,0,1,1,6,6,3,30,6,1242,1,14,FIAT PUNTO,-1,-1,0,-1
2021070322443,2021,070322443,1,9,0,18,19,2,6,0,0,0,1,0,0,0,1,1,2,2,2,39,7,1242,1,13,FIAT PUNTO,1,E01018311,0,-1
2021161083556,2021,161083556,2,9,0,18,19,1,5,0,0,0,0,0,0,0,4,1,6,6,1,76,11,1242,1,13,FIAT PUNTO,10,E01013118,0,-1
2021010330832,2021,010330832,2,9,0,15,15,5,1,0,0,1,0,4,0,0,1,1,6,6,1,18,4,1242,1,14,FIAT PUNTO,-1,-1,0,-1
2021411100602,2021,411100602,1,9,0,18,19,4,8,0,0,0,0,0,0,0,3,1,6,6,1,47,8,-1,-1,-1,FIAT PUNTO,4,E01023393,0,-1
2021320427962,2021,320427962,1,9,0,18,19,6,2,0,0,0,0,4,0,0,1,1,6,6,2,41,7,1368,1,12,FIAT PUNTO,4,E01026192,0,-1
2021421012999,2021,421012999,2,9,0,17,19,4,8,0,0,0,0,0,0,0,4,1,6,6,1,44,7,1242,1,13,FIAT PUNTO,8,E01022068,0,-1
2021440340931,2021,440340931,1,9,0,9,9,5,1,0,0,0,0,0,0,0,3,1,6,6,1,49,8,1368,1,10,FIAT PUNTO,8,E01032110,0,-1
2021061036850,2021,061036850,1,9,0,18,19,5,1,0,0,8,2,4,1,0,1,1,6,6,1,24,5,1368,1,11,FIAT PUNTO,1,E01005194,0,-1
2021461056822,2021,461056822,2,9,0,11,11,1,5,0,0,0,0,0,0,0,4,1,6,6,1,22,5,1368,1,15,FIAT PUNTO,2,E01024128,0,-1
2021070737152,2021,070737152,2,9,0,18,19,8,4,0,0,8,0,0,0,0,2,1,6,6,1,29,6,1368,1,12,FIAT PUNTO,10,E01018506,0,-1
2021010305312,2021,010305312,3,9,0,18,19,3,7,0,0,1,0,0,0,0,3,1,6,6,3,21,5,1242,1,18,FIAT PUNTO,-1,-1,0,-1
2021131043900,2021,131043900,2,9,0,18,19,3,7,0,0,0,0,0,0,0,1,1,6,6,2,29,6,1242,1,9,FIAT PUNTO,2,E01011809,0,-1
202154A391421,2021,54A391421,1,9,0,9,9,7,5,0,0,1,0,0,0,0,1,1,1,1,1,51,8,1368,1,12,FIAT PUNTO,1,E01015538,0,-1
202163A024421,2021,63A024421,2,9,0,13,13,2,5,0,0,1,0,0,0,0,4,1,6,6,1,25,5,1242,1,10,FIAT PUNTO,6,W01000645,0,-1
2021520100287,2021,520100287,2,9,0,18,19,1,5,0,0,1,0,0,0,0,1,1,6,6,1,40,7,1368,1,13,FIAT PUNTO,-1,-1,0,-1
2021622100387,2021,622100387,1,9,0,18,19,8,4,0,0,0,0,0,0,0,1,1,1,1,2,46,8,1242,1,15,FIAT PUNTO,2,W01001805,0,-1
2021201034513,2021,201034513,1,9,0,5,5,2,6,0,0,6,0,0,0,0,1,1,6,6,1,-1,-1,1368,1,11,FIAT PUNTO,-1,-1,0,-1
2021010297048,2021,010297048,1,9,0,18,19,7,3,0,0,1,0,0,0,0,1,1,1,1,1,31,6,1368,1,14,FIAT PUNTO,1,E01002026,0,-1
2021131068704,2021,131068704,1,9,0,18,19,2,4,0,0,8,0,0,0,0,4,1,5,6,1,24,5,1242,1,14,FIAT PUNTO,9,E01027663,0,-1
2021421040023,2021,421040023,2,9,0,3,3,7,3,0,0,0,0,0,0,0,2,1,5,6,2,37,7,1368,1,15,FIAT PUNTO,1,E01016010,0,-1
2021131071699,2021,131071699,1,9,0,4,4,3,7,0,0,4,0,0,0,0,1,1,6,6,1,22,5,1368,1,8,FIAT PUNTO,1,E01011621,0,-1
2021411068636,2021,411068636,2,9,0,18,19,1,5,0,0,1,0,0,0,0,1,1,6,6,3,-1,-1,1910,2,14,FIAT PUNTO,-1,-1,0,-1
2021131097315,2021,131097315,2,9,0,7,7,1,3,0,0,1,0,0,0,0,2,1,6,6,1,24,5,1368,1,8,FIAT PUNTO,4,E01007330,0,-1
2021421067942,2021,421067942,2,9,0,17,19,5,8,0,0,1,0,0,0,0,3,1,2,2,2,25,5,1368,1,11,FIAT PUNTO,5,E01021890,0,-1
2021211067153,2021,211067153,1,9,0,16,19,7,2,0,0,0,0,0,0,0,1,1,2,2,2,21,5,1368,1,12,FIAT PUNTO,2,E01014345,0,-1
2021471028050,2021,471028050,2,9,0,18,19,6,2,0,0,8,0,0,0,0,4,1,1,1,1,31,6,-1,-1,-1,FIAT PUNTO,1,E01031429,0,-1
2021122100894,2021,122100894,1,9,0,7,7,1,5,0,0,1,0,0,1,1,1,1,6,6,2,24,5,1368,1,14,FIAT PUNTO,5,E01011218,0,-1
2021461088644,2021,461088644,1,9,0,18,19,1,5,0,0,0,0,0,0,0,1,1,6,6,1,38,7,1368,1,14,FIAT PUNTO,1,E01024660,0,-1
2021070250148,2021,070250148,1,9,0,5,5,3,5,0,0,4,0,0,0,0,1,1,4,7,1,18,4,1368,1,11,FIAT PUNTO,1,E01018462,0,-1
2021302100981,2021,302100981,3,9,0,3,3,4,8,0,0,0,0,0,0,0,2,1,6,6,2,29,6,1368,1,10,FIAT PUNTO,5,E01019623,0,-1
2021010349089,2021,010349089,3,9,0,1,1,3,7,0,0,6,0,0,0,0,2,1,6,6,1,35,6,1242,1,14,FIAT PUNTO,3,E01004189,0,-1
2021141027781,2021,141027781,2,9,0,2,2,0,0,0,0,2,0,0,0,0,4,1,6,6,3,-1,-1,1368,1,15,FIAT PUNTO,-1,-1,0,-1
2021471099452,2021,471099452,1,9,0,7,7,7,3,0,0,1,0,0,3,4,1,1,5,6,1,23,5,1242,1,16,FIAT PUNTO,8,E01031634,0,-1
2021010316341,2021,010316341,1,9,0,3,3,1,5,0,0,1,0,0,0,0,2,1,6,6,2,51,8,1242,1,16,FIAT PUNTO,5,E01002667,0,-1
2021302100784,2021,302100784,1,9,0,17,19,6,4,0,0,8,0,0,0,0,3,1,6,6,2,18,4,1242,1,14,FIAT PUNTO,3,E01019856,0,-1
2021010307004,2021,010307004,2,9,0,99,99,9,9,99,99,9,9,99,9,99,9,9,6,6,1,-1,-1,1242,1,19,FIAT PUNTO,3,E01004563,0,-1
2021991099357,2021,991099357,1,9,0,18,19,8,4,0,0,8,0,0,3,0,1,1,6,6,1,27,6,1368,1,12,FIAT PUNTO,3,-1,0,-1
2021991108073,2021,991108073,1,9,0,16,19,2,6,0,0,0,5,0,1,0,3,1,6,6,2,40,7,1242,1,15,FIAT PUNTO,-1,-1,0,-1
2021401130156,2021,401130156,1,9,0,4,4,1,5,0,0,1,0,0,0,0,1,1,6,6,1,66,10,1242,1,17,FIAT PUNTO,7,E01017516,0,-1
2021041032728,2021,041032728,1,9,0,7,7,1,5,0,0,2,0,0,0,0,1,1,6,6,2,84,11,1368,1,12,FIAT PUNTO,9,E01007027,0,-1
2021522101693,2021,522101693,1,9,0,3,3,7,3,0,0,1,0,0,0,0,2,1,6,6,2,29,6,1242,1,17,FIAT PUNTO,2,E01014660,0,-1
2021401085332,2021,401085332,3,9,0,2,2,0,0,0,0,2,0,0,0,0,3,1,6,6,3,-1,-1,1242,1,14,FIAT PUNTO,-1,-1,0,-1
202131D087321,2021,31D087321,1,9,0,18,19,2,6,0,0,0,5,4,7,0,1,1,2,2,2,25,5,1368,1,11,FIAT PUNTO,1,E01013726,0,-1
2021302100856,2021,302100856,2,9,0,3,3,1,5,0,0,8,0,0,0,0,2,1,6,6,2,34,6,1368,1,12,FIAT PUNTO,9,E01019597,0,-1
2021371090914,2021,371090914,1,9,0,9,9,7,4,0,0,2,1,0,0,0,1,1,5,6,1,20,4,1242,1,15,FIAT PUNTO,5,E01029992,0,-1
2021361051435,2021,361051435,1,9,0,7,7,7,1,0,0,2,0,0,0,0,1,1,5,6,1,28,6,1242,1,13,FIAT PUNTO,6,E01026486,0,-1
2021041024053,2021,041024053,1,9,0,18,19,5,1,0,0,1,0,0,0,0,1,1,6,6,1,24,5,1242,1,14,FIAT PUNTO,2,E01024890,0,-1
2021991034479,2021,991034479,2,9,0,16,19,7,3,0,0,0,0,0,0,0,4,1,5,6,2,53,8,1242,1,14,FIAT PUNTO,1,-1,0,-1
2021010319631,2021,010319631,2,9,0,18,19,3,7,0,0,0,0,0,0,0,1,1,6,6,1,20,4,1368,1,14,FIAT PUNTO,-1,-1,0,-1
2021010338192,2021,010338192,2,9,0,99,99,9,9,99,99,9,9,99,9,99,1,9,6,6,3,-1,-1,1368,1,12,FIAT PUNTO,-1,-1,0,-1
2021161094145,2021,161094145,1,9,0,18,19,7,3,0,0,0,0,4,0,0,1,1,5,6,2,20,4,1242,1,9,FIAT PUNTO,1,E01013330,0,-1
2021201073890,2021,201073890,1,9,0,18,19,4,8,0,0,0,0,0,0,0,1,1,6,6,3,-1,-1,1242,1,17,FIAT PUNTO,-1,-1,0,-1
202163D063021,2021,63D063021,2,9,0,4,4,2,6,0,0,0,0,0,0,0,2,1,6,6,2,35,6,1368,1,12,FIAT PUNTO,-1,-1,0,-1
2021440421010,2021,440421010,1,9,0,18,19,1,5,0,0,0,0,0,0,0,1,1,6,6,1,20,4,1242,1,15,FIAT PUNTO,-1,-1,0,-1
2021138370636,2021,138370636,1,9,0,18,19,2,6,0,0,0,0,7,5,6,1,1,6,6,1,20,4,1242,1,14,FIAT PUNTO,4,E01033171,0,-1
2021041117088,2021,041117088,1,9,0,4,4,1,5,0,0,0,2,0,0,0,4,1,6,6,2,80,11,1242,1,17,FIAT PUNTO,10,E01025332,0,-1
2021031066199,2021,031066199,1,9,0,18,19,4,8,0,0,0,1,0,0,0,1,1,5,6,1,23,5,1242,1,18,FIAT PUNTO,4,E01019340,0,-1
2021622100410,2021,622100410,2,9,0,2,2,0,0,0,0,0,0,0,0,0,3,1,6,6,3,-1,-1,1242,1,15,FIAT PUNTO,-1,-1,0,-1
2021010300235,2021,010300235,1,9,0,99,99,9,9,99,99,9,9,99,9,99,2,9,6,6,1,37,7,1368,1,11,FIAT PUNTO,4,E01001323,0,-1
2021320546337,2021,320546337,2,9,0,9,9,7,5,0,0,1,0,0,0,0,2,1,2,2,1,21,5,1368,1,7,FIAT PUNTO,8,E01026368,0,-1
2021451083605,2021,451083605,2,9,0,3,3,1,5,0,0,3,0,0,0,0,2,1,3,7,2,39,7,1248,2,11,FIAT PUNTO,3,E01030793,0,-1
2021991074383,2021,991074383,1,9,0,18,19,6,2,0,0,0,0,0,0,0,1,1,5,6,1,40,7,1368,1,12,FIAT PUNTO,1,-1,0,-1
2021111063718,2021,111063718,1,9,0,1,1,5,1,0,0,0,0,0,0,0,2,1,2,2,1,30,6,1242,1,14,FIAT PUNTO,-1,-1,0,-1
2021131069812,2021,131069812,1,9,0,18,19,3,7,0,0,1,0,0,0,0,2,1,6,6,1,41,7,1368,1,9,FIAT PUNTO,1,E01010824,0,-1
2021430321485,2021,430321485,1,9,0,3,3,8,4,0,0,1,0,0,0,0,2,1,6,6,1,31,6,1248,2,13,FIAT PUNTO,10,E01017841,0,-1
2021430560591,2021,430560591,2,9,0,18,19,4,8,0,0,8,0,0,0,0,1,1,6,6,1,41,7,1242,1,4,FIAT PUNTO,7,E01028818,0,-1
2021201115434,2021,201115434,2,9,0,18,19,4,6,0,0,0,0,0,0,0,1,1,6,6,3,-1,-1,1242,1,19,FIAT PUNTO,-1,-1,0,-1
2021991106206,2021,991106206,1,9,0,18,19,1,5,0,0,0,0,0,1,11,1,1,5,6,2,51,8,1242,1,5,FIAT PUNTO,-1,-1,0,-1
202134WNC4611,2021,34WNC4611,1,9,0,9,9,6,4,0,0,6,0,0,0,0,1,1,6,6,2,27,6,1242,1,15,FIAT PUNTO,4,E01027171,0,-1
202163C043521,2021,63C043521,1,9,0,18,19,6,2,0,0,1,0,0,0,0,0,1,6,6,1,17,4,1242,1,10,FIAT PUNTO,3,W01000604,0,-1
2021010303010,2021,010303010,1,9,0,18,19,7,3,0,0,8,0,0,0,0,1,1,2,2,2,47,8,1368,1,11,FIAT PUNTO,2,E01004400,0,-1
2021161124995,2021,161124995,1,9,0,4,4,6,2,0,0,1,0,0,0,0,2,1,6,6,2,32,6,1242,1,15,FIAT PUNTO,1,E01013165,0,-1
2021061097604,2021,061097604,2,9,0,2,2,0,0,0,0,0,0,0,0,0,3,1,6,6,1,72,10,1242,1,16,FIAT PUNTO,4,E01006242,0,-1
2021141088847,2021,141088847,2,9,0,18,19,1,2,0,0,0,0,0,0,0,1,1,6,6,2,60,9,1368,1,10,FIAT PUNTO,3,E01007467,0,-1
2021131032525,2021,131032525,1,9,0,14,14,2,6,0,0,0,0,0,0,0,1,1,5,6,1,59,9,1368,1,14,FIAT PUNTO,1,E01011345,0,-1
2021451064886,2021,451064886,2,5,0,4,4,8,4,0,0,1,0,0,0,0,1,1,6,6,1,57,9,1450,1,19,-1,10,E01030303,0,-1
2021010295800,2021,010295800,1,5,0,4,4,5,1,0,0,1,1,10,0,0,0,1,3,7,1,55,8,1340,1,23,-1,4,E01000416,0,-1
2021010330065,2021,010330065,1,5,0,99,99,9,9,99,99,0,9,99,9,99,9,1,6,6,1,45,7,883,1,8,-1,-1,-1,0,-1
2021451035576,2021,451035576,2,5,0,18,19,5,1,0,0,8,5,0,0,0,1,1,5,6,1,48,8,998,1,4,-1,3,E01031787,0,-1
2021131092721,2021,131092721,2,5,0,7,7,5,7,0,0,6,0,0,0,0,1,1,2,2,1,57,9,998,1,4,-1,8,E01005493,0,-1
2021041062482,2021,041062482,2,5,0,13,13,5,1,0,0,0,0,0,0,0,1,1,6,6,1,32,6,998,1,2,-1,2,E01012696,0,-1
2021401121237,2021,401121237,2,9,0,2,2,0,0,0,0,0,0,0,0,0,4,1,6,6,3,-1,-1,1898,2,4,-1,-1,-1,0,-1
2021010297945,2021,010297945,2,9,0,99,99,9,9,99,99,9,9,99,9,99,1,9,6,6,3,-1,-1,3050,2,25,-1,4,E01000769,0,-1
2021371017273,2021,371017273,1,3,0,9,9,1,7,0,0,1,2,0,0,0,4,1,6,6,1,59,9,124,1,9,-1,3,E01030026,0,-1
2021501050006,2021,501050006,1,3,0,16,19,3,7,0,0,0,0,0,0,0,1,1,5,6,1,18,4,125,1,6,-1,5,E01020283,0,-1
2021320385295,2021,320385295,1,5,0,17,19,5,2,0,0,0,5,0,1,0,4,1,6,6,1,24,5,649,1,8,KAWASAKI EX,-1,-1,0,-1
202134NNC1691,2021,34NNC1691,1,5,0,13,13,2,6,0,0,1,0,0,0,0,1,1,6,6,1,24,5,649,1,14,KAWASAKI EX,8,E01032966,0,-1
202131B071221,2021,31B071221,1,4,0,18,19,4,8,0,0,1,2,11,0,0,4,1,6,6,1,24,5,399,1,3,KAWASAKI EX,8,E01028327,0,-1
2021061110142,2021,061110142,1,3,0,13,13,4,1,0,0,1,0,0,0,0,1,1,6,6,1,67,10,649,1,15,KAWASAKI EX,8,E01004918,0,-1
2021471105088,2021,471105088,2,5,0,18,19,7,3,0,0,8,0,0,0,0,4,1,6,6,1,55,8,649,1,7,KAWASAKI EX,8,E01031439,0,-1
2021440384822,2021,440384822,2,5,0,18,19,6,2,0,0,0,0,0,0,0,1,1,6,6,2,41,7,649,1,13,KAWASAKI EX,7,E01023255,0,-1
2021010291420,2021,010291420,1,4,0,99,99,9,9,99,99,9,9,99,9,99,9,1,2,2,1,26,6,249,1,10,KAWASAKI EX,5,E01003022,0,-1
2021440355211,2021,440355211,1,5,0,16,19,1,5,0,0,0,1,0,0,0,3,1,6,6,1,20,4,649,1,8,KAWASAKI EX,4,E01017211,0,-1
2021010288496,2021,010288496,2,5,0,4,4,1,5,0,0,0,0,0,0,0,1,1,2,2,1,53,8,649,1,12,KAWASAKI EX,2,E01000889,0,-1
2021430223217,2021,430223217,2,5,0,18,19,8,4,0,0,0,0,0,0,0,4,1,2,2,1,35,6,649,1,4,KAWASAKI EX,2,E01033498,0,-1
2021991060102,2021,991060102,1,5,0,18,19,7,3,0,0,0,5,0,7,0,1,1,6,6,2,49,8,649,1,6,KAWASAKI EX,9,-1,0,-1
202163D023821,2021,63D023821,2,4,0,4,4,2,7,0,0,8,0,0,0,0,3,1,6,6,1,22,5,649,1,3,KAWASAKI EX,4,E01009871,0,-1
2021010307342,2021,010307342,2,4,0,18,19,1,5,0,0,4,1,0,0,0,1,1,6,6,1,28,6,249,1,12,KAWASAKI EX,3,E01000742,0,-1