collision_index,collision_year,collision_ref_no,vehicle_reference,vehicle_type,towing_and_articulation,vehicle_manoeuvre_historic,vehicle_manoeuvre,vehicle_direction_from,vehicle_direction_to,vehicle_location_restricted_lane_historic,vehicle_location_restricted_lane,junction_location,skidding_and_overturning,hit_object_in_carriageway,vehicle_leaving_carriageway,hit_object_off_carriageway,first_point_of_impact,vehicle_left_hand_drive,journey_purpose_of_driver_historic,journey_purpose_of_driver,sex_of_driver,age_of_driver,age_band_of_driver,engine_capacity_cc,propulsion_code,age_of_vehicle,generic_make_model,driver_imd_decile,lsoa_of_driver,escooter_flag,driver_distance_banding
2021231034943,2021,231034943,2,5,0,18,19,8,4,0,0,8,0,0,0,0,1,1,5,6,1,28,6,649,1,4,KAWASAKI EX,10,E01031313,0,-1
2021361040968,2021,361040968,2,5,0,17,19,3,7,0,0,8,0,0,0,0,0,1,5,6,1,-1,-1,649,1,13,KAWASAKI EX,10,E01026882,0,-1
2021320434094,2021,320434094,2,4,0,18,19,6,2,0,0,3,2,0,0,0,4,1,1,1,1,49,8,249,1,11,KAWASAKI EX,9,E01026320,0,-1
2021461144090,2021,461144090,2,4,0,5,5,7,3,0,0,2,0,0,0,0,2,1,6,6,1,50,8,498,1,21,KAWASAKI EX,1,E01016024,0,-1
2021461056938,2021,461056938,1,2,0,18,19,1,5,0,0,0,0,0,0,0,1,1,5,6,1,49,8,649,1,5,KAWASAKI EX,7,E01004508,0,-1
2021552100112,2021,552100112,1,5,0,13,13,1,5,0,0,8,1,0,7,0,1,1,2,2,1,27,6,649,1,5,KAWASAKI EX,-1,-1,0,-1
2021351109351,2021,351109351,1,4,0,4,4,8,4,0,0,4,2,9,1,0,1,1,5,6,1,27,6,249,1,12,KAWASAKI EX,6,E01018036,0,-1
2021131069497,2021,131069497,1,5,0,18,19,6,2,0,0,0,0,0,0,0,1,1,6,6,1,27,6,649,1,15,KAWASAKI EX,3,E01011048,0,-1
2021070859032,2021,070859032,2,5,0,4,4,3,7,0,0,1,0,0,0,0,2,1,2,2,1,54,8,649,1,13,KAWASAKI EX,1,E01012455,0,-1
2021440180571,2021,440180571,2,5,0,18,19,8,4,0,0,8,0,0,0,0,0,1,2,2,1,24,5,649,1,14,KAWASAKI EX,6,E01000180,0,-1
2021010301338,2021,010301338,2,4,0,18,19,3,7,0,0,1,0,0,0,0,1,1,2,2,1,29,6,249,1,11,KAWASAKI EX,4,E01003529,0,-1
2021161046903,2021,161046903,1,5,0,18,19,1,5,0,0,0,1,0,0,0,1,1,5,6,1,48,8,649,1,13,KAWASAKI EX,6,E01007526,0,-1
2021010288317,2021,010288317,1,5,0,18,19,5,1,0,0,1,0,0,0,0,0,1,2,2,1,38,7,649,1,11,KAWASAKI EX,5,E01002977,0,-1
2021010333252,2021,010333252,2,4,0,99,99,9,9,0,0,0,0,0,0,0,9,1,6,6,1,57,9,249,1,10,KAWASAKI EX,9,E01021512,0,-1
2021161068068,2021,161068068,2,5,0,18,19,6,2,0,0,1,0,0,0,0,4,1,6,6,1,42,7,649,1,13,KAWASAKI EX,1,E01012906,0,-1
2021320587177,2021,320587177,2,5,0,18,19,6,4,0,0,0,0,0,0,0,3,1,2,2,2,47,8,649,1,15,KAWASAKI EX,7,E01032989,0,-1
2021111055611,2021,111055611,2,5,0,18,19,1,5,0,0,2,1,0,0,0,1,1,6,6,2,32,6,649,1,11,KAWASAKI EX,3,E01032540,0,-1
2021552100608,2021,552100608,1,5,0,16,19,4,8,0,0,0,1,0,0,0,1,1,2,2,1,42,7,649,1,12,KAWASAKI EX,7,E01020436,0,-1
2021010318903,2021,010318903,1,4,0,18,19,1,5,0,0,8,0,0,7,0,1,1,2,2,1,39,7,296,1,7,KAWASAKI EX,5,E01016127,0,-1
2021421033070,2021,421033070,1,4,0,13,13,7,3,0,0,0,0,0,0,0,4,1,6,6,1,35,6,296,1,5,KAWASAKI EX,4,E01023447,0,-1
2021161077103,2021,161077103,2,5,0,18,19,3,7,0,0,1,0,0,0,0,1,1,5,6,1,47,8,649,1,11,KAWASAKI EX,1,E01012917,0,-1
2021461031944,2021,461031944,1,4,0,13,13,1,5,0,0,0,0,0,0,0,4,1,5,6,1,43,7,249,1,10,KAWASAKI EX,4,E01024231,0,-1
2021010310372,2021,010310372,2,4,0,18,19,7,3,0,0,8,0,0,0,0,3,1,6,6,1,22,5,296,1,6,KAWASAKI EX,1,E01002748,0,-1
2021131077462,2021,131077462,2,4,0,18,19,3,7,0,0,0,0,0,0,0,3,1,6,6,1,39,7,498,1,18,KAWASAKI EX,1,E01010995,0,-1
2021010310098,2021,010310098,2,5,0,9,9,5,2,0,0,0,0,0,0,0,3,1,2,2,1,30,6,649,1,13,KAWASAKI EX,2,E01003558,0,-1
2021041020172,2021,041020172,2,5,0,13,13,8,4,0,0,1,1,4,0,0,1,1,2,2,1,62,9,1552,1,15,-1,2,E01025503,0,-1
2021471024479,2021,471024479,1,5,0,18,19,8,4,0,0,0,1,0,7,0,4,1,5,6,1,31,6,625,1,17,-1,2,E01020977,0,-1
2021131072256,2021,131072256,2,3,0,8,8,3,3,0,0,0,0,0,0,0,4,1,5,6,1,19,4,124,1,6,-1,2,E01011813,0,-1
2021471124396,2021,471124396,3,9,0,4,4,5,1,0,0,0,0,0,0,0,2,1,5,6,1,35,6,1560,2,8,PEUGEOT HORIZON,6,E01031452,0,-1
2021010324392,2021,010324392,1,9,0,18,19,1,5,0,0,8,0,10,0,0,1,1,6,6,1,36,7,1500,2,0,PEUGEOT HORIZON,1,E01001876,0,-1
2021440192254,2021,440192254,2,9,0,7,7,8,2,0,0,8,0,0,0,0,1,1,6,6,1,44,7,1560,2,5,PEUGEOT HORIZON,8,E01022765,0,-1
2021221095189,2021,221095189,1,9,0,7,7,1,3,0,0,6,0,0,0,0,1,1,1,1,1,54,8,1560,2,6,PEUGEOT HORIZON,3,E01032267,0,-1
2021622100035,2021,622100035,2,9,0,10,10,8,4,0,0,1,0,0,0,0,1,1,6,6,1,24,5,1560,2,3,PEUGEOT HORIZON,7,W01001118,0,-1
2021461160717,2021,461160717,2,9,0,18,19,8,4,0,0,1,0,0,0,0,1,1,6,6,1,56,9,1560,2,6,PEUGEOT HORIZON,3,E01024481,0,-1
2021201079768,2021,201079768,2,8,0,18,19,2,6,0,0,8,0,0,0,0,1,1,1,1,1,41,7,1598,1,7,PEUGEOT HORIZON,2,E01008987,0,-1
2021622100912,2021,622100912,2,8,0,4,4,8,4,0,0,0,0,0,0,0,1,1,1,1,1,31,6,1598,1,5,PEUGEOT HORIZON,8,W01001252,0,-1
2021991081956,2021,991081956,1,9,0,18,19,7,3,0,0,8,0,0,0,0,1,1,5,6,1,86,11,1560,2,3,PEUGEOT HORIZON,10,-1,0,-1
2021522200659,2021,522200659,1,9,0,18,19,6,2,0,0,1,0,0,0,0,1,1,6,6,1,68,10,1560,2,3,PEUGEOT HORIZON,8,E01032668,0,-1
2021010320778,2021,010320778,2,9,0,18,19,5,1,0,0,1,0,0,0,0,4,1,1,1,1,43,7,1598,1,5,PEUGEOT HORIZON,4,E01004141,0,-1
2021131112905,2021,131112905,2,9,0,18,19,7,3,0,0,1,0,0,0,0,1,1,1,1,1,43,7,1560,2,7,PEUGEOT HORIZON,3,E01010629,0,-1
2021131092727,2021,131092727,1,9,0,18,19,7,3,0,0,0,0,0,0,0,1,1,1,1,1,55,8,1560,2,8,PEUGEOT HORIZON,8,E01032493,0,-1
2021991126418,2021,991126418,1,8,0,5,5,5,1,0,0,2,0,0,0,0,4,1,1,1,1,37,7,1560,2,8,PEUGEOT HORIZON,6,-1,0,-1
2021991081002,2021,991081002,2,9,0,2,2,2,6,6,6,2,0,0,0,0,3,1,6,6,3,-1,-1,1560,2,5,PEUGEOT HORIZON,-1,-1,0,-1
2021440282627,2021,440282627,1,9,0,18,19,5,1,0,0,1,0,10,7,11,1,1,6,6,1,83,11,1560,2,4,PEUGEOT HORIZON,7,E01022938,0,-1
2021401063863,2021,401063863,2,9,0,18,19,5,1,0,0,8,0,0,0,0,3,1,1,1,1,63,9,1560,2,7,PEUGEOT HORIZON,3,E01015724,0,-1
2021010294061,2021,010294061,2,9,0,3,3,8,4,0,0,1,0,0,0,0,3,1,1,1,1,50,8,1560,2,4,PEUGEOT HORIZON,3,E01000577,0,-1
2021010295930,2021,010295930,1,9,0,99,99,9,9,99,99,9,9,99,9,99,2,9,6,6,1,56,9,1560,2,3,PEUGEOT HORIZON,3,E01000132,0,-1
2021041057497,2021,041057497,2,9,0,18,19,1,1,0,0,0,0,0,0,0,2,1,5,6,2,67,10,1560,2,8,PEUGEOT HORIZON,3,E01005478,0,-1
2021371090714,2021,371090714,1,9,0,3,3,4,8,0,0,1,0,0,0,0,1,1,1,1,1,57,9,1560,2,7,PEUGEOT HORIZON,4,E01029910,0,-1
2021991016258,2021,991016258,1,9,0,18,19,3,7,0,0,8,0,0,0,0,1,1,1,1,2,43,7,1560,2,4,PEUGEOT HORIZON,2,-1,0,-1
2021070679804,2021,070679804,2,9,0,4,4,3,7,0,0,1,0,0,0,0,1,1,6,6,1,80,11,1560,2,8,PEUGEOT HORIZON,6,E01018736,0,-1
2021141112378,2021,141112378,2,9,0,2,2,0,0,0,0,0,0,4,0,0,2,1,5,6,1,-1,-1,1560,2,6,PEUGEOT HORIZON,5,E01007644,0,-1
2021131081667,2021,131081667,1,9,0,9,9,6,3,0,0,8,0,0,0,0,1,1,1,1,1,74,10,1560,2,3,PEUGEOT HORIZON,9,E01010681,0,-1
2021991056369,2021,991056369,1,9,0,9,9,8,5,0,0,6,0,0,0,0,1,1,6,6,1,64,9,1560,2,3,PEUGEOT HORIZON,6,-1,0,-1
2021552100803,2021,552100803,2,8,0,3,3,3,7,0,0,0,0,0,0,0,2,1,1,1,1,55,8,1560,2,3,PEUGEOT HORIZON,6,E01015355,0,-1
2021991027212,2021,991027212,1,8,0,18,19,5,1,0,0,0,0,0,0,0,1,1,5,6,2,43,7,1560,2,7,PEUGEOT HORIZON,5,-1,0,-1
2021061058853,2021,061058853,1,9,0,1,1,7,3,0,0,1,0,0,0,0,2,1,6,6,2,70,10,1560,2,4,PEUGEOT HORIZON,5,E01005362,0,-1
2021522104136,2021,522104136,2,9,0,18,19,8,4,0,0,8,0,0,0,0,1,1,6,6,1,34,6,1560,2,7,PEUGEOT HORIZON,1,E01033358,0,-1
2021430243904,2021,430243904,1,8,0,9,9,6,4,0,0,4,0,0,0,0,1,1,1,1,1,46,8,1560,2,8,PEUGEOT HORIZON,9,E01030768,0,-1
2021041058607,2021,041058607,1,9,0,9,9,5,3,0,0,8,0,0,0,0,3,1,1,1,2,48,8,1560,2,7,PEUGEOT HORIZON,7,E01025164,0,-1
2021141015059,2021,141015059,2,8,0,5,5,4,2,0,0,4,0,0,0,0,0,1,5,6,3,-1,-1,1560,2,6,PEUGEOT HORIZON,-1,-1,0,-1
2021471044840,2021,471044840,2,9,0,3,3,2,8,0,0,1,0,0,1,0,2,1,1,1,1,36,7,1560,2,8,PEUGEOT HORIZON,5,E01031577,0,-1
2021221107658,2021,221107658,3,8,0,2,2,0,0,0,0,1,0,0,0,0,1,1,1,1,1,34,6,1560,2,3,PEUGEOT HORIZON,2,E01032307,0,-1
2021531124545,2021,531124545,1,9,0,18,19,5,1,0,0,0,0,0,0,0,1,1,1,1,1,59,9,1598,1,5,PEUGEOT HORIZON,1,E01022333,0,-1
2021061035796,2021,061035796,2,3,0,18,19,2,6,0,0,0,2,0,0,0,3,1,5,6,1,36,7,-1,-1,-1,PIAGGIO TYPHOON,2,E01005650,0,-1
2021141033930,2021,141033930,2,2,0,16,19,5,1,0,0,1,1,0,0,0,1,1,5,6,1,16,4,49,1,0,PIAGGIO TYPHOON,6,E01008128,0,-1
2021451014458,2021,451014458,1,2,0,18,19,3,7,0,0,0,5,0,0,0,4,1,2,2,1,16,4,49,1,6,PIAGGIO TYPHOON,6,E01030649,0,-1
2021411066525,2021,411066525,1,2,0,4,4,4,8,0,0,1,1,0,0,0,4,1,6,6,1,18,4,49,1,10,PIAGGIO TYPHOON,10,E01002476,0,-1
2021010296648,2021,010296648,1,3,0,4,4,1,5,0,0,1,1,0,0,0,1,1,6,6,1,18,4,124,1,8,PIAGGIO TYPHOON,3,E01003154,0,-1
2021421030512,2021,421030512,2,4,0,18,19,6,4,0,0,4,0,0,0,0,1,1,2,2,1,47,8,124,1,4,PIAGGIO TYPHOON,3,E01021847,0,-1
2021430395417,2021,430395417,1,2,0,18,19,6,2,0,0,0,0,0,0,0,1,1,6,6,1,16,4,49,1,4,PIAGGIO TYPHOON,9,E01016256,0,-1
2021010349018,2021,010349018,1,2,0,18,19,5,1,0,0,0,0,0,0,0,1,1,6,6,1,18,4,124,1,4,PIAGGIO TYPHOON,4,E01002611,0,-1
2021141027498,2021,141027498,1,2,0,4,4,4,8,0,0,1,0,0,0,0,1,1,4,7,1,16,4,49,1,1,PIAGGIO TYPHOON,5,E01007366,0,-1
202131C101921,2021,31C101921,1,3,0,18,19,6,2,0,0,2,0,0,0,0,4,1,6,6,1,31,6,124,1,5,PIAGGIO TYPHOON,1,E01033399,0,-1
2021010372006,2021,010372006,1,3,9,99,99,9,9,99,99,9,9,99,9,99,9,1,6,6,1,30,6,124,1,9,PIAGGIO TYPHOON,6,E01023341,0,-1
2021141041415,2021,141041415,1,2,0,18,19,2,6,0,0,1,0,0,1,2,1,1,2,2,1,29,6,49,1,2,PIAGGIO TYPHOON,2,E01007495,0,-1
202131A112721,2021,31A112721,1,3,0,18,19,3,7,0,0,2,1,10,1,0,1,1,6,6,1,20,4,124,1,6,PIAGGIO TYPHOON,5,E01028036,0,-1
2021010294598,2021,010294598,2,3,0,18,19,7,3,0,0,0,0,0,0,0,4,1,6,6,1,25,5,-1,-1,-1,PIAGGIO TYPHOON,3,E01000900,0,-1
2021461059342,2021,461059342,1,2,0,18,19,5,1,9,9,0,1,0,0,0,1,1,5,6,1,50,8,124,1,7,PIAGGIO TYPHOON,5,E01016118,0,-1
2021010344685,2021,010344685,1,3,0,99,99,9,9,99,99,9,9,99,9,99,1,1,2,2,1,42,7,124,1,9,PIAGGIO TYPHOON,1,E01003188,0,-1
2021451054970,2021,451054970,1,2,0,18,19,5,1,0,0,0,0,0,0,0,4,1,5,6,1,16,4,49,1,10,PIAGGIO TYPHOON,5,E01002591,0,-1
2021440028386,2021,440028386,1,2,0,18,19,5,1,0,0,8,1,0,0,0,0,1,1,1,2,24,5,49,1,1,PIAGGIO TYPHOON,8,E01022765,0,-1
2021010345908,2021,010345908,2,2,0,5,5,1,5,0,0,4,0,0,0,0,4,1,6,6,1,16,4,49,1,4,PIAGGIO TYPHOON,2,E01003168,0,-1
2021010321999,2021,010321999,1,3,0,18,19,1,5,9,9,1,2,0,1,11,1,1,6,6,1,19,4,124,1,8,PIAGGIO TYPHOON,-1,-1,0,-1
2021010316174,2021,010316174,2,3,0,13,13,1,5,0,0,0,1,0,0,0,4,1,6,6,1,33,6,124,1,9,PIAGGIO TYPHOON,2,E01002604,0,-1
2021010289216,2021,010289216,2,3,0,18,19,5,1,0,0,1,1,0,0,0,0,1,2,2,1,22,5,124,1,20,PIAGGIO TYPHOON,2,E01003179,0,-1
2021010317613,2021,010317613,2,3,0,5,5,3,7,0,0,8,0,0,0,0,3,1,1,1,1,33,6,124,1,9,PIAGGIO TYPHOON,2,E01002604,0,-1
2021201132880,2021,201132880,1,17,0,9,9,6,2,0,0,5,0,0,0,0,3,1,2,2,1,56,9,1498,2,0,-1,3,E01010044,0,-1
2021010287824,2021,010287824,2,9,0,99,99,9,9,99,99,9,9,99,9,99,2,9,6,6,3,-1,-1,1586,1,18,-1,-1,-1,0,-1
2021421021241,2021,421021241,1,9,0,18,19,1,5,0,0,0,0,0,0,0,1,1,5,6,1,25,5,1586,1,17,-1,5,E01015827,0,-1
2021201057828,2021,201057828,3,9,0,18,19,4,8,0,0,0,1,0,0,0,3,1,2,2,2,44,7,1586,1,18,-1,5,E01031021,0,-1
2021061062664,2021,061062664,1,9,0,9,9,1,7,0,0,5,0,0,0,0,1,1,5,6,2,82,11,1586,1,17,-1,2,E01005902,0,-1
2021440013655,2021,440013655,2,9,0,18,19,2,6,0,0,0,0,0,0,0,1,1,6,6,1,75,10,1586,1,18,-1,8,E01030422,0,-1
2021101099232,2021,101099232,1,3,0,18,19,5,1,0,0,0,0,0,0,0,1,1,5,6,1,29,6,124,1,5,-1,3,E01008167,0,-1
2021101075926,2021,101075926,2,3,0,4,4,3,7,0,0,1,0,0,0,0,2,1,2,2,1,32,6,124,1,5,-1,2,E01008261,0,-1
2021161051968,2021,161051968,2,4,0,18,19,3,7,0,0,1,0,0,0,0,1,1,5,6,1,31,6,263,1,6,-1,1,E01013300,0,-1
2021461127489,2021,461127489,1,9,0,4,4,4,8,0,0,8,0,0,0,0,1,1,1,1,1,60,9,1896,2,16,VOLKSWAGEN BORA,8,E01016126,0,-1
2021231030947,2021,231030947,1,9,0,18,19,8,4,0,0,0,1,4,0,0,1,1,5,6,1,22,5,1896,2,19,VOLKSWAGEN BORA,9,E01031138,0,-1
2021201061291,2021,201061291,2,9,0,9,9,5,4,0,0,6,0,10,1,0,4,1,6,6,1,47,8,1896,2,19,VOLKSWAGEN BORA,-1,-1,0,-1
2021061062748,2021,061062748,1,9,0,9,9,1,7,0,0,1,0,0,0,0,1,1,5,6,2,50,8,1595,1,17,VOLKSWAGEN BORA,5,E01004831,0,-1
2021501090388,2021,501090388,1,9,0,13,13,3,7,0,0,0,1,0,0,0,1,1,6,6,1,19,4,1896,2,20,VOLKSWAGEN BORA,4,E01018874,0,-1
2021440414722,2021,440414722,1,9,0,17,19,1,5,0,0,0,0,0,0,0,1,1,6,6,1,67,10,1896,2,17,VOLKSWAGEN BORA,10,E01022595,0,-1
2021031065667,2021,031065667,2,9,0,17,19,3,5,0,0,6,0,7,0,0,1,1,5,6,1,22,5,1896,2,21,VOLKSWAGEN BORA,1,E01019157,0,-1
2021141042100,2021,141042100,1,9,0,18,19,6,1,0,0,1,0,0,0,0,1,1,6,6,1,33,6,1600,1,19,VOLKSWAGEN BORA,1,E01008015,0,-1
2021430450733,2021,430450733,2,9,0,18,19,3,7,0,0,4,0,0,0,0,3,1,6,6,1,50,8,1896,2,16,VOLKSWAGEN BORA,-1,-1,0,-1
2021520100534,2021,520100534,1,9,0,18,19,5,1,0,0,0,0,0,1,11,1,1,6,6,1,43,7,1896,2,15,VOLKSWAGEN BORA,4,E01029116,0,-1
2021440070211,2021,440070211,1,9,0,1,1,5,1,0,0,2,0,0,0,0,2,1,6,6,1,23,5,1896,2,19,VOLKSWAGEN BORA,8,E01022813,0,-1
2021440139016,2021,440139016,2,9,0,18,19,6,4,0,0,1,0,0,0,0,1,1,6,6,1,-1,-1,1896,2,22,VOLKSWAGEN BORA,-1,-1,0,-1
2021501114322,2021,501114322,1,9,0,18,19,1,3,0,0,2,0,0,0,0,4,1,6,6,2,34,6,1598,1,17,VOLKSWAGEN BORA,3,E01015206,0,-1
202163A067021,2021,63A067021,1,9,0,17,19,8,5,0,0,0,0,0,1,10,1,1,2,2,2,57,9,1896,2,16,VOLKSWAGEN BORA,8,W01000649,0,-1
2021052100167,2021,052100167,2,9,0,16,19,2,6,0,0,8,0,4,0,0,4,1,6,6,2,54,8,1896,2,16,VOLKSWAGEN BORA,3,E01006496,0,-1
2021440270863,2021,440270863,2,9,0,18,19,5,1,0,0,0,0,0,0,0,1,1,6,6,1,76,11,1896,2,17,VOLKSWAGEN BORA,10,E01023276,0,-1
2021010335381,2021,010335381,2,9,0,99,99,9,9,99,99,9,9,99,9,99,2,9,6,6,2,58,9,1896,2,19,VOLKSWAGEN BORA,7,E01003039,0,-1
2021320645045,2021,320645045,1,9,0,9,9,7,5,0,0,6,0,0,0,0,3,1,2,2,1,39,7,1896,2,21,VOLKSWAGEN BORA,6,E01026040,0,-1
2021501080544,2021,501080544,3,9,0,3,3,7,3,0,0,1,0,0,0,0,2,1,2,2,2,35,6,1896,2,19,VOLKSWAGEN BORA,1,E01019041,0,-1
2021010287946,2021,010287946,2,9,0,99,99,9,9,99,99,9,9,99,9,99,1,9,6,6,3,-1,-1,1896,2,19,VOLKSWAGEN BORA,-1,-1,0,-1
2021122100498,2021,122100498,1,9,0,18,19,3,7,0,0,0,0,0,0,0,1,1,6,6,1,62,9,1896,2,16,VOLKSWAGEN BORA,5,E01027610,0,-1
2021201040401,2021,201040401,1,9,0,18,19,3,8,0,0,1,0,0,0,0,1,1,6,6,1,21,5,1896,2,15,VOLKSWAGEN BORA,-1,-1,0,-1
2021552101357,2021,552101357,1,9,0,18,19,4,8,0,0,8,0,0,0,0,1,1,6,6,2,30,6,1896,2,16,VOLKSWAGEN BORA,6,E01015331,0,-1
2021440356880,2021,440356880,2,9,0,3,3,3,7,0,0,1,0,0,0,0,1,1,6,6,1,19,4,1896,2,17,VOLKSWAGEN BORA,10,E01023072,0,-1
2021351130614,2021,351130614,2,9,0,18,19,2,6,0,0,8,0,0,0,0,3,1,6,6,1,46,8,1595,1,16,VOLKSWAGEN BORA,9,E01033450,0,-1
2021201061409,2021,201061409,1,9,0,18,19,5,1,0,0,6,0,0,0,0,1,1,1,1,1,24,5,1896,2,17,VOLKSWAGEN BORA,1,E01009326,0,-1
2021041197015,2021,041197015,1,9,0,9,9,3,1,0,0,1,0,0,0,0,1,1,6,6,1,33,6,1896,2,16,VOLKSWAGEN BORA,1,E01012639,0,-1
2021141091450,2021,141091450,1,9,0,18,19,8,4,0,0,2,0,0,0,0,4,1,1,1,1,32,6,1896,2,18,VOLKSWAGEN BORA,1,E01007643,0,-1
2021421019815,2021,421019815,1,9,0,18,19,6,2,0,0,0,1,1,0,0,1,1,6,6,1,42,7,1896,2,17,VOLKSWAGEN BORA,8,E01021578,0,-1
2021061088857,2021,061088857,1,9,0,5,5,6,2,0,0,8,0,0,0,0,1,1,6,6,1,22,5,1896,2,16,VOLKSWAGEN BORA,1,E01004851,0,-1
2021371053517,2021,371053517,2,9,0,18,19,4,7,0,0,0,0,0,0,0,1,1,2,2,1,21,5,1896,2,16,VOLKSWAGEN BORA,6,E01033049,0,-1
2021101020714,2021,101020714,1,9,0,5,5,1,5,0,0,0,0,0,0,0,4,1,1,1,1,33,6,1600,1,17,VOLKSWAGEN BORA,3,E01008449,0,-1
2021320163291,2021,320163291,1,9,0,16,19,3,7,0,0,0,0,0,2,4,1,1,6,6,1,18,4,1896,2,18,VOLKSWAGEN BORA,9,E01026370,0,-1
202131C068421,2021,31C068421,1,9,0,5,5,2,6,0,0,2,0,0,0,0,1,1,6,6,3,-1,-1,1896,2,19,VOLKSWAGEN BORA,-1,-1,0,-1
2021440495605,2021,440495605,1,9,0,18,19,3,7,0,0,0,0,0,0,0,1,1,2,2,1,29,6,1595,1,17,VOLKSWAGEN BORA,4,E01016705,0,-1
2021991081970,2021,991081970,2,9,0,5,5,4,8,0,0,0,0,0,0,0,1,1,5,6,2,54,8,1896,2,19,VOLKSWAGEN BORA,3,-1,0,-1
2021302100484,2021,302100484,2,9,0,18,19,8,4,0,0,0,0,0,0,0,3,1,6,6,1,18,4,1896,2,17,VOLKSWAGEN BORA,9,E01013462,0,-1
2021991024309,2021,991024309,1,3,0,18,19,8,5,0,0,0,0,0,0,0,1,1,2,2,2,26,6,125,1,2,YAMAHA DELIGHT,10,-1,0,-1
2021440413238,2021,440413238,1,3,0,4,4,2,6,0,0,0,1,0,0,0,1,1,2,2,2,57,9,125,1,2,YAMAHA DELIGHT,5,E01033229,0,-1
2021221126808,2021,221126808,1,3,0,9,9,1,8,0,0,0,0,0,0,0,1,1,2,2,2,50,8,125,1,0,YAMAHA DELIGHT,4,E01032397,0,-1
2021622100498,2021,622100498,2,2,0,18,19,4,8,0,0,1,0,0,0,0,3,1,1,1,1,23,5,125,1,2,YAMAHA DELIGHT,2,W01000895,0,-1
2021010306388,2021,010306388,2,3,0,18,19,2,6,0,0,1,0,0,0,0,1,1,1,1,1,46,8,125,1,3,YAMAHA DELIGHT,1,E01002066,0,-1
2021421062948,2021,421062948,2,2,0,9,9,6,4,0,0,1,0,0,0,0,1,1,6,6,1,38,7,125,1,1,YAMAHA DELIGHT,4,E01033140,0,-1
2021430446244,2021,430446244,1,4,0,11,11,1,5,0,0,1,0,0,0,0,2,1,2,2,2,26,6,125,1,0,YAMAHA DELIGHT,7,E01017291,0,-1
202134NNC1531,2021,34NNC1531,1,3,0,18,19,7,3,0,0,1,0,0,0,0,1,1,6,6,2,37,7,125,1,2,YAMAHA DELIGHT,2,E01027331,0,-1
2021010299803,2021,010299803,1,3,0,18,19,6,2,0,0,1,0,0,0,0,1,1,6,6,1,36,7,125,1,2,YAMAHA DELIGHT,2,E01004404,0,-1
2021010320912,2021,010320912,1,2,0,18,19,3,7,0,0,1,2,0,0,0,0,1,1,1,1,18,4,125,1,1,YAMAHA DELIGHT,2,E01000523,0,-1
2021991055015,2021,991055015,1,3,0,18,19,4,8,0,0,0,0,0,0,0,1,1,1,1,1,34,6,125,1,4,YAMAHA DELIGHT,2,-1,0,-1
2021010292143,2021,010292143,1,3,0,99,99,9,9,99,99,9,9,99,9,99,1,1,6,6,1,28,6,125,1,1,YAMAHA DELIGHT,2,E01004524,0,-1
2021461059988,2021,461059988,2,5,0,9,9,3,7,0,0,8,0,0,0,0,1,1,2,2,1,28,6,125,1,1,YAMAHA DELIGHT,4,E01024296,0,-1
2021622100096,2021,622100096,2,3,0,9,9,2,7,0,0,4,0,0,0,0,2,1,1,1,1,23,5,125,1,2,YAMAHA DELIGHT,2,W01000895,0,-1
2021430229158,2021,430229158,2,3,0,18,19,8,4,0,0,0,0,0,0,0,4,1,2,2,1,23,5,125,1,1,YAMAHA DELIGHT,5,E01017908,0,-1
2021320614987,2021,320614987,1,3,0,16,19,1,4,0,0,0,0,0,0,0,1,1,6,6,2,21,5,125,1,0,YAMAHA DELIGHT,-1,-1,0,-1
2021010320613,2021,010320613,2,3,0,18,19,1,5,0,0,1,5,0,0,0,4,1,6,6,2,37,7,125,1,1,YAMAHA DELIGHT,2,E01000743,0,-1
2021552200004,2021,552200004,1,3,0,18,19,6,2,0,0,0,0,0,0,0,1,1,6,6,1,36,7,125,1,3,YAMAHA DELIGHT,-1,-1,0,-1
2021101083397,2021,101083397,1,3,0,16,19,3,7,0,0,0,2,0,0,0,1,1,6,6,1,22,5,125,1,0,YAMAHA DELIGHT,1,E01008426,0,-1
2021010307895,2021,010307895,2,3,0,17,19,1,5,0,0,1,0,0,0,0,3,1,1,1,1,20,4,125,1,1,YAMAHA DELIGHT,8,E01002132,0,-1
2021010327839,2021,010327839,2,3,0,18,19,7,3,0,0,8,0,0,0,0,1,1,6,6,1,28,6,125,1,1,YAMAHA DELIGHT,6,E01004491,0,-1
2021522105161,2021,522105161,1,3,0,18,19,1,5,0,0,1,0,0,0,0,1,1,6,6,1,33,6,125,1,1,YAMAHA DELIGHT,2,E01014694,0,-1
2021010351951,2021,010351951,1,3,0,18,19,1,5,0,0,1,0,0,0,0,1,1,1,1,1,44,7,125,1,4,YAMAHA DELIGHT,6,E01004481,0,-1
2021430515784,2021,430515784,1,3,0,18,19,8,4,2,2,8,0,0,0,0,3,1,1,1,1,28,6,125,1,0,YAMAHA DELIGHT,4,E01016360,0,-1
2021010295344,2021,010295344,1,3,0,99,99,9,9,99,99,9,9,99,9,99,1,1,6,6,1,21,5,125,1,1,YAMAHA DELIGHT,2,E01032720,0,-1
2021010349313,2021,010349313,2,3,0,18,19,1,5,0,0,8,5,0,0,0,1,1,1,1,1,21,5,125,1,1,YAMAHA DELIGHT,5,E01001381,0,-1