collision_index,collision_year,collision_ref_no,vehicle_reference,vehicle_type,towing_and_articulation,vehicle_manoeuvre_historic,vehicle_manoeuvre,vehicle_direction_from,vehicle_direction_to,vehicle_location_restricted_lane_historic,vehicle_location_restricted_lane,junction_location,skidding_and_overturning,hit_object_in_carriageway,vehicle_leaving_carriageway,hit_object_off_carriageway,first_point_of_impact,vehicle_left_hand_drive,journey_purpose_of_driver_historic,journey_purpose_of_driver,sex_of_driver,age_of_driver,age_band_of_driver,engine_capacity_cc,propulsion_code,age_of_vehicle,generic_make_model,driver_imd_decile,lsoa_of_driver,escooter_flag,driver_distance_banding
202131C194321,2021,31C194321,2,3,0,3,3,5,1,0,0,0,0,0,0,0,1,1,1,1,1,33,6,125,1,4,YAMAHA DELIGHT,6,E01028074,0,-1
2021070413218,2021,070413218,1,3,0,18,19,5,1,0,0,1,0,0,0,0,1,1,6,6,1,60,9,125,1,1,YAMAHA DELIGHT,2,E01018564,0,-1
2021461037260,2021,461037260,2,2,0,9,9,5,7,0,0,0,0,0,0,0,2,1,6,6,1,24,5,125,1,2,YAMAHA DELIGHT,7,E01024234,0,-1
2021010304646,2021,010304646,1,3,0,99,99,9,9,0,0,8,0,0,0,0,4,1,6,6,2,39,7,125,1,1,YAMAHA DELIGHT,2,E01003150,0,-1
2021010310929,2021,010310929,2,3,0,18,19,1,5,0,0,2,0,0,0,0,4,1,6,6,2,29,6,125,1,4,YAMAHA DELIGHT,3,E01002084,0,-1
2021010335967,2021,010335967,1,3,0,99,99,9,9,99,99,9,9,99,9,99,9,9,6,6,3,51,8,125,1,0,YAMAHA DELIGHT,2,E01004539,0,-1
2021010308429,2021,010308429,3,3,0,15,15,6,2,0,0,8,5,0,0,0,3,1,6,6,2,21,5,125,1,1,YAMAHA DELIGHT,4,E01003166,0,-1
2021471109462,2021,471109462,1,3,0,18,19,6,2,0,0,0,1,11,0,0,1,1,2,2,2,24,5,125,1,2,YAMAHA DELIGHT,6,E01021148,0,-1
2021010311327,2021,010311327,1,3,0,3,3,1,5,0,0,1,0,0,0,0,4,1,6,6,2,32,6,125,1,1,YAMAHA DELIGHT,3,E01000511,0,-1
2021351056085,2021,351056085,3,3,0,18,19,2,7,0,0,1,0,0,0,0,1,1,2,2,2,57,9,125,1,1,YAMAHA DELIGHT,1,E01015647,0,-1
2021010309197,2021,010309197,1,3,0,99,99,9,9,99,99,9,9,99,9,99,1,1,6,6,1,30,6,125,1,2,YAMAHA DELIGHT,10,E01030395,0,-1
2021170L20961,2021,170L20961,3,3,0,18,19,2,6,0,0,1,1,0,0,0,3,1,6,6,1,23,5,125,1,7,YAMAHA YBR,7,E01012025,0,-1
2021010332389,2021,010332389,2,3,0,8,8,5,8,0,0,5,5,4,1,10,1,1,6,6,2,20,4,124,1,8,YAMAHA YBR,7,E01002338,0,-1
2021010318799,2021,010318799,1,3,0,99,99,9,9,99,99,9,9,99,9,99,1,1,6,6,1,20,4,124,1,8,YAMAHA YBR,5,E01000488,0,-1
2021552100683,2021,552100683,1,3,0,18,19,8,4,0,0,0,0,0,2,4,1,1,6,6,1,27,6,124,1,13,YAMAHA YBR,3,W01001875,0,-1
2021010313489,2021,010313489,1,3,0,99,99,9,9,99,99,0,9,99,9,99,1,1,6,6,1,39,7,125,1,5,YAMAHA YBR,3,E01003521,0,-1
2021010338418,2021,010338418,1,3,0,18,19,1,5,0,0,8,0,0,0,0,1,1,1,1,1,40,7,124,1,10,YAMAHA YBR,3,E01015287,0,-1
2021161113913,2021,161113913,2,3,0,18,19,4,8,0,0,0,0,0,0,0,1,1,5,6,1,33,6,124,1,10,YAMAHA YBR,1,E01013174,0,-1
2021547404621,2021,547404621,1,3,0,16,19,2,4,0,0,0,2,0,0,0,4,1,2,2,2,20,4,124,1,14,YAMAHA YBR,9,E01022207,0,-1
2021201091476,2021,201091476,2,3,0,18,19,8,4,0,0,8,1,0,0,0,1,1,6,6,1,30,6,124,1,10,YAMAHA YBR,2,E01009102,0,-1
2021430434170,2021,430434170,2,3,0,11,11,7,3,0,0,1,0,0,0,0,1,1,2,2,1,35,6,124,1,15,YAMAHA YBR,8,E01028701,0,-1
2021546818821,2021,546818821,2,3,0,18,19,4,8,0,0,8,0,0,0,0,1,1,6,6,1,32,6,124,1,10,YAMAHA YBR,7,E01031961,0,-1
2021010301977,2021,010301977,2,4,0,18,19,5,1,0,0,8,5,0,0,0,1,1,1,1,1,26,6,124,1,12,YAMAHA YBR,3,E01002923,0,-1
2021440300199,2021,440300199,1,3,0,11,11,5,1,0,0,0,0,0,0,0,0,1,6,6,1,24,5,125,1,4,YAMAHA YBR,5,E01022728,0,-1
2021991020270,2021,991020270,2,3,0,18,19,3,7,0,0,8,0,0,0,0,4,1,6,6,1,27,6,124,1,16,YAMAHA YBR,1,-1,0,-1
2021131050424,2021,131050424,1,3,0,18,19,7,3,0,0,8,0,0,0,0,1,1,5,6,1,18,4,124,1,11,YAMAHA YBR,1,E01011922,0,-1
2021501104026,2021,501104026,2,3,0,11,11,2,6,0,0,8,1,0,0,0,3,1,6,6,1,42,7,124,1,14,YAMAHA YBR,8,E01015137,0,-1
2021471054633,2021,471054633,2,3,0,16,19,1,4,0,0,0,0,0,0,0,1,1,2,2,1,20,4,125,1,6,YAMAHA YBR,5,E01016884,0,-1
202163A082921,2021,63A082921,2,4,0,18,19,2,6,0,0,8,0,0,0,0,1,1,2,2,1,27,6,124,1,12,YAMAHA YBR,3,W01000657,0,-1
2021430361812,2021,430361812,1,3,0,14,14,5,1,0,0,1,0,0,0,0,3,1,6,6,1,18,4,124,1,10,YAMAHA YBR,10,E01017765,0,-1
2021351064130,2021,351064130,1,3,0,18,19,1,5,0,0,0,2,0,0,0,1,1,1,1,1,31,6,125,1,5,YAMAHA YBR,8,E01018236,0,-1
202134NNC2451,2021,34NNC2451,1,3,0,18,19,6,2,0,0,0,5,0,2,0,0,1,2,2,1,23,5,124,1,14,YAMAHA YBR,10,E01027075,0,-1
2021430199657,2021,430199657,1,3,0,17,19,4,1,0,0,0,0,0,0,0,0,1,1,1,1,24,5,124,1,8,YAMAHA YBR,4,E01030676,0,-1
2021131101665,2021,131101665,1,3,0,18,19,7,3,0,0,0,5,0,0,0,1,1,5,6,1,24,5,125,1,7,YAMAHA YBR,5,E01011233,0,-1
2021302101225,2021,302101225,1,3,0,18,19,2,6,0,0,2,0,0,0,0,0,1,6,6,1,63,9,124,1,9,YAMAHA YBR,5,E01019780,0,-1
202131D152121,2021,31D152121,1,3,0,17,19,2,6,0,0,8,0,10,1,3,4,1,6,6,1,21,5,125,1,7,YAMAHA YBR,7,E01028402,0,-1
2021170S11861,2021,170S11861,2,3,0,18,19,7,3,0,0,8,0,0,0,0,1,1,6,6,1,30,6,124,1,11,YAMAHA YBR,2,E01012291,0,-1
2021501021573,2021,501021573,2,3,0,18,19,4,8,0,0,0,5,0,0,0,0,1,6,6,1,20,4,125,1,6,YAMAHA YBR,5,E01019994,0,-1
2021501098416,2021,501098416,1,3,0,18,19,7,3,0,0,0,0,0,0,0,1,1,2,2,1,22,5,125,1,7,YAMAHA YBR,4,E01020041,0,-1
2021010340596,2021,010340596,1,3,0,18,19,1,5,9,9,1,0,0,0,0,1,1,6,6,1,20,4,125,1,5,YAMAHA YBR,6,E01002544,0,-1
2021061077884,2021,061077884,2,3,0,18,19,1,1,0,0,8,0,0,0,0,4,1,5,6,1,26,6,124,1,10,YAMAHA YBR,1,E01005085,0,-1
2021010328365,2021,010328365,1,2,0,18,19,5,1,0,0,8,5,0,0,0,3,1,2,2,1,35,6,124,1,12,YAMAHA YBR,2,E01001181,0,-1
2021070805806,2021,070805806,2,5,0,14,14,2,6,0,0,1,0,0,0,0,4,1,6,6,1,23,5,124,1,13,YAMAHA YBR,4,E01018454,0,-1
2021302100835,2021,302100835,1,4,0,17,19,6,2,0,0,0,1,0,1,2,1,1,6,6,1,19,4,124,1,9,YAMAHA YBR,1,E01013535,0,-1
2021211082110,2021,211082110,2,4,0,3,3,5,1,0,0,8,0,0,0,0,2,1,5,6,1,19,4,124,1,11,YAMAHA YBR,8,E01014258,0,-1
2021351110956,2021,351110956,1,3,0,18,19,2,6,0,0,2,0,0,0,0,1,1,2,2,1,20,4,124,1,14,YAMAHA YBR,10,E01018189,0,-1
2021421082627,2021,421082627,1,3,0,18,19,7,3,0,0,0,1,0,7,0,4,1,2,2,1,67,10,124,1,11,YAMAHA YBR,4,E01021809,0,-1
2021302100418,2021,302100418,1,3,0,18,19,3,7,0,0,1,0,0,0,0,1,1,6,6,1,32,6,124,1,12,YAMAHA YBR,3,E01019667,0,-1
2021010308788,2021,010308788,2,3,0,18,19,5,1,0,0,0,0,0,0,0,2,1,2,2,2,42,7,124,1,9,YAMAHA YBR,7,E01024375,0,-1
2021622100240,2021,622100240,2,3,0,3,3,2,6,0,0,1,0,0,0,0,2,1,6,6,1,48,8,124,1,8,YAMAHA YBR,8,W01001047,0,-1
202131D090421,2021,31D090421,1,3,0,5,5,8,4,0,0,4,0,0,0,0,1,1,6,6,1,23,5,124,1,14,YAMAHA YBR,8,E01028184,0,-1
2021161017857,2021,161017857,1,3,0,15,15,5,1,0,0,8,1,0,0,0,1,1,1,1,1,24,5,124,1,9,YAMAHA YBR,1,E01012838,0,-1
2021501105861,2021,501105861,2,3,0,13,13,7,3,0,0,8,0,0,0,0,4,1,3,7,1,17,4,125,1,7,YAMAHA YBR,5,E01020283,0,-1
2021501054206,2021,501054206,1,3,0,18,19,1,5,0,0,0,5,0,0,0,1,1,6,6,1,32,6,125,1,6,YAMAHA YBR,8,E01019921,0,-1
2021101031137,2021,101031137,2,3,0,9,9,2,6,0,0,4,0,-1,-1,0,1,1,6,6,1,25,5,124,1,15,YAMAHA YBR,2,E01008569,0,-1
202131B116221,2021,31B116221,1,3,0,9,9,6,3,0,0,5,0,0,0,0,4,1,6,6,1,18,4,124,1,13,YAMAHA YBR,2,E01028067,0,-1
2021031065273,2021,031065273,1,3,0,5,5,2,4,0,0,4,0,0,0,0,1,1,6,6,1,18,4,124,1,10,YAMAHA YBR,1,E01019095,0,-1
2021471076714,2021,471076714,1,3,0,14,14,4,8,0,0,1,0,0,0,0,1,1,1,1,1,22,5,124,1,14,YAMAHA YBR,9,E01031829,0,-1
2021471121969,2021,471121969,1,3,0,14,14,2,6,0,0,8,5,0,0,0,1,1,5,6,2,23,5,124,1,14,YAMAHA YBR,7,E01031540,0,-1
2021501067532,2021,501067532,2,3,0,18,19,5,1,0,0,0,0,0,0,0,3,1,6,6,1,21,5,124,1,10,YAMAHA YBR,4,E01019054,0,-1
2021440054141,2021,440054141,2,3,0,18,19,4,8,0,0,8,0,0,0,0,3,1,6,6,1,18,4,124,1,13,YAMAHA YBR,2,E01017276,0,-1
2021161078846,2021,161078846,1,3,0,18,19,1,5,0,0,1,1,1,0,0,3,1,5,6,1,23,5,125,1,15,YAMAHA YBR,5,E01013244,0,-1
202131D053321,2021,31D053321,1,3,0,3,3,4,8,0,0,1,0,0,0,0,1,1,2,2,1,32,6,124,1,7,YAMAHA YBR,5,E01033413,0,-1
2021122100902,2021,122100902,2,3,0,18,19,1,5,0,0,8,0,0,0,0,1,1,6,6,2,17,4,124,1,10,YAMAHA YBR,5,E01027775,0,-1
2021522101841,2021,522101841,2,3,0,9,9,6,4,0,0,8,0,0,0,0,1,1,6,6,1,19,4,124,1,9,YAMAHA YBR,4,E01014627,0,-1
2021501082856,2021,501082856,1,3,0,16,19,1,5,0,0,0,5,0,7,0,1,1,5,6,1,17,4,124,1,11,YAMAHA YBR,5,E01020046,0,-1
2021440154653,2021,440154653,2,3,0,18,19,5,1,0,0,0,0,0,0,0,1,1,6,6,1,53,8,124,1,10,YAMAHA YBR,7,E01023125,0,-1
2021221058738,2021,221058738,2,3,0,18,19,4,8,0,0,1,1,0,0,0,1,1,2,2,1,18,4,124,1,13,YAMAHA YBR,4,E01014192,0,-1
2021010328003,2021,010328003,2,5,0,18,19,3,7,0,0,0,0,0,0,0,1,1,6,6,1,38,7,124,1,13,YAMAHA YBR,6,E01002186,0,-1
2021221099016,2021,221099016,1,3,0,17,19,1,5,0,0,0,0,0,1,0,1,1,5,6,1,64,9,124,1,12,YAMAHA YBR,4,E01029004,0,-1
2021991050608,2021,991050608,1,3,0,18,19,3,7,0,0,1,0,0,0,0,4,1,6,6,1,41,7,125,1,5,YAMAHA YBR,4,-1,0,-1
2021010310308,2021,010310308,1,3,0,99,99,9,9,99,99,9,9,99,9,99,9,1,6,6,1,24,5,124,1,11,YAMAHA YBR,7,E01003167,0,-1
2021101112455,2021,101112455,1,3,0,5,5,2,6,0,0,0,0,0,0,0,1,1,1,1,1,24,5,125,1,7,YAMAHA YBR,7,E01008465,0,-1
2021010317962,2021,010317962,1,3,0,3,3,7,3,0,0,1,0,0,0,0,1,1,2,2,1,24,5,124,1,8,YAMAHA YBR,-1,-1,0,-1
2021010317056,2021,010317056,1,3,0,18,19,5,1,0,0,0,1,0,0,0,0,1,2,2,1,22,5,125,1,5,YAMAHA YBR,-1,-1,0,-1
2021501091087,2021,501091087,2,3,0,18,19,1,5,0,0,0,2,0,0,0,1,1,6,6,1,17,4,124,1,13,YAMAHA YBR,1,E01015149,0,-1
202163C057221,2021,63C057221,1,4,0,18,19,7,3,0,0,0,1,0,0,0,0,1,6,6,1,19,4,125,1,5,YAMAHA YBR,4,W01000587,0,-1
2021211111579,2021,211111579,2,3,0,14,14,6,2,0,0,1,0,0,0,0,-1,1,6,6,1,17,4,124,1,13,YAMAHA YBR,1,E01014336,0,-1
2021501067056,2021,501067056,1,3,0,18,19,5,1,0,0,8,1,0,0,0,1,1,6,6,1,20,4,124,1,12,YAMAHA YBR,8,E01020281,0,-1
202163C093621,2021,63C093621,1,4,0,12,12,4,8,0,0,0,0,0,0,0,3,1,6,6,1,25,5,124,1,13,YAMAHA YBR,7,W01000553,0,-1
2021161113928,2021,161113928,1,3,0,18,19,3,7,0,0,0,0,0,0,0,1,1,6,6,1,26,6,124,1,10,YAMAHA YBR,5,E01012773,0,-1
2021371040903,2021,371040903,2,3,0,2,2,0,0,0,0,8,0,0,0,0,3,1,5,6,1,18,4,124,1,11,YAMAHA YBR,6,E01030120,0,-1
2021430361924,2021,430361924,1,3,0,9,9,8,6,0,0,8,0,0,0,0,4,1,2,2,1,21,5,124,1,12,YAMAHA YBR,7,E01016250,0,-1
2021440394341,2021,440394341,1,3,0,18,19,5,1,0,0,0,1,0,0,0,1,1,6,6,1,-1,-1,124,1,14,YAMAHA YBR,-1,-1,0,-1
2021010319742,2021,010319742,2,3,0,18,19,3,7,0,0,1,0,0,0,0,1,1,6,6,1,38,7,124,1,8,YAMAHA YBR,1,E01033456,0,-1
2021010347552,2021,010347552,1,3,0,99,99,9,9,99,99,9,9,99,9,99,9,1,1,1,1,39,7,125,1,5,YAMAHA YBR,3,E01003521,0,-1
2021122100030,2021,122100030,1,3,0,7,7,4,2,0,0,5,1,0,0,0,3,1,2,2,1,18,4,124,1,12,YAMAHA YBR,5,E01027594,0,-1
2021010319502,2021,010319502,1,3,0,13,13,7,3,0,0,1,9,0,0,99,1,1,6,6,1,21,5,124,1,9,YAMAHA YBR,4,E01002866,0,-1
2021031130575,2021,031130575,2,4,0,18,19,7,3,0,0,1,0,0,0,0,1,1,6,6,1,54,8,124,1,14,YAMAHA YBR,1,E01019197,0,-1
2021371037197,2021,371037197,1,3,0,18,19,4,8,0,0,8,0,0,0,0,1,1,5,6,1,17,4,124,1,12,YAMAHA YBR,2,E01029889,0,-1
2021461073067,2021,461073067,2,3,0,18,19,5,1,0,0,1,0,0,0,0,4,1,6,6,1,55,8,125,1,7,YAMAHA YBR,4,E01024293,0,-1
2021201024682,2021,201024682,1,3,0,18,19,8,4,0,0,0,0,0,0,0,1,1,1,1,1,52,8,125,1,6,YAMAHA YBR,2,E01008942,0,-1
2021461110404,2021,461110404,2,3,0,18,19,1,5,0,0,8,0,0,0,0,1,1,6,6,3,-1,-1,124,1,8,YAMAHA YBR,-1,-1,0,-1
2021010293967,2021,010293967,2,3,0,18,19,6,2,0,0,1,0,0,0,0,3,1,1,1,1,19,4,124,1,13,YAMAHA YBR,6,E01000486,0,-1
2021221031028,2021,221031028,1,3,0,4,4,7,2,0,0,1,1,0,0,0,3,1,5,6,1,27,6,124,1,9,YAMAHA YBR,7,E01014075,0,-1
2021122200019,2021,122200019,1,3,0,16,19,1,7,0,0,4,1,0,0,0,0,1,6,6,1,19,4,125,1,5,YAMAHA YBR,2,E01027812,0,-1
2021552100580,2021,552100580,1,4,0,13,13,7,3,0,0,8,0,0,0,0,4,1,6,6,1,18,4,124,1,13,YAMAHA YBR,3,E01015285,0,-1
2021131125533,2021,131125533,2,3,0,18,19,7,3,0,0,0,0,0,0,0,3,1,5,6,1,29,6,124,1,8,YAMAHA YBR,6,E01010787,0,-1
2021351076233,2021,351076233,1,3,0,18,19,7,3,0,0,0,0,0,0,0,3,1,2,2,1,33,6,124,1,10,YAMAHA YBR,8,E01015631,0,-1
2021552100898,2021,552100898,1,3,0,16,19,5,1,0,0,0,0,0,7,0,4,1,2,2,2,18,4,124,1,15,YAMAHA YBR,8,E01020487,0,-1
2021010338691,2021,010338691,2,3,0,14,14,5,1,0,0,1,0,0,0,0,1,1,2,2,1,36,7,125,1,5,YAMAHA YBR,2,E01003502,0,-1
2021061055070,2021,061055070,2,3,0,14,14,3,7,0,0,8,0,0,0,0,1,1,6,6,1,35,6,125,1,5,YAMAHA YBR,6,E01004925,0,-1
2021471112469,2021,471112469,2,3,0,18,19,7,2,0,0,8,0,0,0,0,1,1,2,2,1,36,7,125,1,5,YAMAHA YBR,7,E01031781,0,-1
2021010308784,2021,010308784,1,3,0,18,19,7,3,0,0,1,0,0,0,0,2,1,2,2,1,29,6,124,1,10,YAMAHA YBR,8,E01024184,0,-1
2021161116471,2021,161116471,1,3,0,18,19,2,6,0,0,1,1,0,0,0,1,1,6,6,1,21,5,124,1,12,YAMAHA YBR,3,E01012860,0,-1
2021302100677,2021,302100677,1,4,0,4,4,8,4,0,0,1,1,0,0,0,1,1,6,6,1,18,4,125,1,5,YAMAHA YBR,1,E01019452,0,-1
2021122100736,2021,122100736,1,3,0,16,19,5,8,0,0,0,1,0,1,0,0,1,6,6,1,26,6,124,1,10,YAMAHA YBR,9,E01027894,0,-1
2021461030574,2021,461030574,2,3,0,18,19,3,7,0,0,1,0,0,0,0,1,1,2,2,1,21,5,124,1,7,YAMAHA YBR,1,E01016031,0,-1
2021010306026,2021,010306026,2,3,0,14,14,1,5,0,0,8,1,0,0,0,1,1,6,6,1,46,8,125,1,5,YAMAHA YBR,5,E01000144,0,-1
2021010345097,2021,010345097,1,3,0,18,19,1,5,0,0,1,0,0,0,0,1,1,2,2,1,52,8,124,1,7,YAMAHA YBR,3,E01001466,0,-1
2021010313007,2021,010313007,1,3,0,14,14,1,5,0,0,0,0,0,0,0,4,1,2,2,1,20,4,124,1,9,YAMAHA YBR,2,E01003093,0,-1
2021430360943,2021,430360943,1,3,0,18,19,4,8,0,0,4,0,0,0,0,1,1,1,1,1,33,6,124,1,12,YAMAHA YBR,3,E01016353,0,-1
2021010327875,2021,010327875,1,3,0,13,13,6,2,0,0,1,5,0,0,0,4,1,6,6,1,24,5,124,1,9,YAMAHA YBR,6,E01004581,0,-1
2021501084613,2021,501084613,1,3,0,9,9,7,5,0,0,3,1,0,0,0,3,1,2,2,1,21,5,124,1,13,YAMAHA YBR,9,E01020266,0,-1
2021302100651,2021,302100651,1,3,0,17,19,8,4,0,0,0,0,0,0,0,0,1,6,6,1,19,4,124,1,12,YAMAHA YBR,2,E01019463,0,-1
2021991041441,2021,991041441,1,3,0,4,4,2,4,0,0,1,2,0,0,0,0,1,1,1,1,31,6,124,1,7,YAMAHA YBR,4,-1,0,-1
2021371044774,2021,371044774,1,3,0,18,19,8,4,0,0,1,2,0,0,0,2,1,5,6,2,20,4,124,1,10,YAMAHA YBR,3,E01029954,0,-1
2021302100794,2021,302100794,1,3,0,18,19,8,2,0,0,8,0,0,0,0,3,1,6,6,1,22,5,124,1,12,YAMAHA YBR,7,E01019528,0,-1
2021430575984,2021,430575984,2,3,0,18,19,7,3,0,0,1,0,0,0,0,1,1,6,6,1,32,6,125,1,6,YAMAHA YBR,5,E01028718,0,-1
2021101057048,2021,101057048,2,3,0,18,19,1,5,0,0,8,1,0,0,0,1,1,6,6,3,18,4,124,1,10,YAMAHA YBR,-1,-1,0,-1
2021131106181,2021,131106181,2,3,0,18,19,7,3,0,0,8,0,0,0,0,3,1,1,1,1,21,5,124,1,12,YAMAHA YBR,2,E01011758,0,-1
2021371037624,2021,371037624,2,3,0,18,19,1,5,0,0,0,0,0,7,9,3,1,6,6,2,22,5,124,1,13,YAMAHA YBR,6,E01026876,0,-1
2021430073728,2021,430073728,1,4,0,18,19,8,4,0,0,0,0,12,0,0,1,1,2,2,1,23,5,124,1,11,YAMAHA YBR,10,E01028665,0,-1
2021211052598,2021,211052598,2,3,0,18,19,6,6,0,0,3,0,0,0,0,3,1,6,6,1,22,5,124,1,14,YAMAHA YBR,2,E01009981,0,-1
2021430552672,2021,430552672,1,3,0,4,4,4,8,0,0,0,1,0,0,0,2,1,6,6,1,19,4,124,1,12,YAMAHA YBR,-1,-1,0,-1
2021361095554,2021,361095554,2,3,0,18,19,2,6,0,0,1,0,0,0,0,3,1,2,2,1,26,6,124,1,10,YAMAHA YBR,4,E01026925,0,-1
2021161066261,2021,161066261,2,3,0,18,19,2,6,0,0,1,1,0,0,0,4,1,2,2,2,19,4,124,1,10,YAMAHA YBR,8,E01013327,0,-1
2021231094511,2021,231094511,1,3,0,18,19,8,4,0,0,8,1,0,0,0,1,1,5,6,1,17,4,124,1,13,YAMAHA YBR,6,E01027029,0,-1
2021010311515,2021,010311515,1,3,0,99,99,9,9,99,99,9,9,99,9,99,2,1,6,6,1,21,5,124,1,12,YAMAHA YBR,3,E01002598,0,-1
2021211097141,2021,211097141,2,3,-1,-1,-1,-1,-1,-1,-1,-1,-1,-1,-1,0,-1,1,6,6,1,21,5,124,1,11,YAMAHA YBR,3,E01029357,0,-1
2021201141865,2021,201141865,1,3,0,14,14,4,8,0,0,1,0,0,0,0,3,1,1,1,1,31,6,124,1,8,YAMAHA YBR,1,E01009083,0,-1
2021070099846,2021,070099846,3,3,0,4,4,1,5,0,0,0,2,0,1,0,1,1,6,6,1,21,5,125,1,5,YAMAHA YBR,2,E01029560,0,-1
2021010307166,2021,010307166,2,3,0,4,4,1,5,0,0,1,1,0,0,0,0,1,6,6,2,27,6,125,1,6,YAMAHA YBR,4,E01000864,0,-1
2021161039267,2021,161039267,1,3,0,18,19,1,5,0,0,0,0,0,7,9,1,1,5,6,1,39,7,124,1,11,YAMAHA YBR,3,E01013086,0,-1
2021131081810,2021,131081810,1,3,0,18,19,5,1,0,0,1,1,0,0,0,1,1,6,6,1,19,4,124,1,8,YAMAHA YBR,1,E01010819,0,-1
2021302101325,2021,302101325,1,3,0,5,5,4,8,0,0,0,0,4,0,0,1,1,6,6,1,22,5,124,1,10,YAMAHA YBR,5,E01013595,0,-1
2021501111434,2021,501111434,2,3,0,18,19,7,3,0,0,1,2,0,0,0,4,1,6,6,1,32,6,124,1,9,YAMAHA YBR,7,E01015138,0,-1
2021031082128,2021,031082128,2,3,0,3,3,1,5,0,0,2,0,0,0,0,1,1,5,6,1,79,11,124,1,13,YAMAHA YBR,6,E01020059,0,-1
2021471079639,2021,471079639,1,3,0,16,19,6,1,0,0,0,0,0,0,0,1,1,5,6,1,22,5,124,1,11,YAMAHA YBR,7,E01031388,0,-1
2021320215284,2021,320215284,1,3,0,18,19,6,2,0,0,3,1,0,0,0,0,1,2,2,2,24,5,124,1,7,YAMAHA YBR,10,E01026187,0,-1
2021471067366,2021,471067366,1,3,0,18,19,5,1,0,0,1,0,0,0,0,4,1,5,6,1,17,4,124,1,15,YAMAHA YBR,4,E01031795,0,-1
2021501132344,2021,501132344,2,3,0,18,19,1,5,0,0,0,1,0,0,0,1,1,5,6,1,53,8,124,1,14,YAMAHA YBR,5,E01020101,0,-1
2021451041241,2021,451041241,2,3,0,18,19,2,8,0,0,8,0,0,0,0,4,1,6,6,1,43,7,124,1,10,YAMAHA YBR,10,E01030992,0,-1
2021170H11181,2021,170H11181,1,3,0,18,19,6,4,0,0,0,1,0,0,0,3,1,2,2,1,23,5,125,1,6,YAMAHA YBR,1,E01011978,0,-1
2021440211417,2021,440211417,2,3,0,18,19,8,4,0,0,1,0,0,0,0,1,1,6,6,1,18,4,124,1,15,YAMAHA YBR,8,E01017302,0,-1
2021552100661,2021,552100661,1,3,0,18,19,7,3,0,0,0,0,2,0,0,1,1,2,2,1,24,5,124,1,8,YAMAHA YBR,2,E01032659,0,-1
2021548040921,2021,548040921,1,3,0,18,19,7,3,0,0,0,1,0,0,0,0,1,6,6,1,23,5,124,1,11,YAMAHA YBR,8,E01031918,0,-1
2021440202538,2021,440202538,1,3,0,7,7,4,6,0,0,5,0,10,1,0,1,1,2,2,1,54,8,125,1,5,YAMAHA YBR,4,E01017370,0,-1
2021471057480,2021,471057480,1,3,0,18,19,2,6,0,0,0,0,0,0,0,0,1,5,6,2,22,5,124,1,10,YAMAHA YBR,8,E01031491,0,-1
2021440158876,2021,440158876,2,3,0,18,19,2,6,0,0,0,0,4,1,0,1,1,1,1,1,22,5,124,1,7,YAMAHA YBR,2,E01017326,0,-1
2021070758112,2021,070758112,1,3,0,18,19,2,6,0,0,3,0,0,0,0,2,1,2,2,2,25,5,124,1,7,YAMAHA YBR,6,E01018472,0,-1
2021522100628,2021,522100628,2,9,0,18,19,6,2,0,0,2,0,4,0,0,1,1,6,6,1,40,7,1984,1,10,AUDI TTS,6,E01014813,0,-1
2021010307376,2021,010307376,3,9,0,2,2,0,0,0,0,1,0,0,0,0,2,1,6,6,3,-1,-1,1984,1,5,AUDI TTS,-1,-1,0,-1
2021440511718,2021,440511718,1,9,0,11,11,8,4,0,0,0,0,0,0,0,4,1,6,6,1,44,7,1968,2,11,AUDI TTS,1,E01017120,0,-1
2021010305071,2021,010305071,2,9,0,18,19,8,4,9,9,1,1,0,7,0,4,1,6,6,2,55,8,1984,1,4,AUDI TTS,4,E01002425,0,-1
2021010339148,2021,010339148,2,9,0,18,19,1,5,0,0,0,0,0,0,0,1,1,6,6,3,-1,-1,1984,1,4,AUDI TTS,-1,-1,0,-1
2021622100834,2021,622100834,2,9,0,2,2,0,0,0,0,0,0,0,0,0,2,1,6,6,3,-1,-1,1798,1,7,AUDI TTS,-1,-1,0,-1
2021622100605,2021,622100605,1,9,0,18,19,8,4,0,0,4,0,0,0,0,1,1,6,6,3,-1,-1,1984,1,1,AUDI TTS,-1,-1,0,-1
2021211034777,2021,211034777,2,9,0,18,19,2,6,0,0,0,0,0,0,0,3,1,6,6,1,38,7,1968,2,12,AUDI TTS,4,E01029783,0,-1
2021421047525,2021,421047525,1,9,0,7,7,1,3,0,0,2,0,0,0,0,3,1,6,6,1,61,9,1968,2,11,AUDI TTS,10,E01021584,0,-1
2021501124542,2021,501124542,3,9,0,3,3,8,4,0,0,0,0,0,0,0,2,1,6,6,3,-1,-1,1984,1,3,AUDI TTS,-1,-1,0,-1
2021201083163,2021,201083163,2,9,0,18,19,8,4,0,0,1,0,0,0,0,2,1,6,6,1,41,7,1984,1,9,AUDI TTS,2,E01010528,0,-1
2021010329548,2021,010329548,2,9,0,9,9,3,1,0,0,8,0,0,0,0,1,9,6,6,3,20,4,1984,1,6,AUDI TTS,4,E01001146,0,-1
2021440273231,2021,440273231,3,9,0,3,3,1,5,0,0,0,0,0,0,0,2,1,2,2,1,19,4,1798,1,5,AUDI TTS,8,-1,0,-1