collision_index,collision_year,collision_ref_no,vehicle_reference,vehicle_type,towing_and_articulation,vehicle_manoeuvre_historic,vehicle_manoeuvre,vehicle_direction_from,vehicle_direction_to,vehicle_location_restricted_lane_historic,vehicle_location_restricted_lane,junction_location,skidding_and_overturning,hit_object_in_carriageway,vehicle_leaving_carriageway,hit_object_off_carriageway,first_point_of_impact,vehicle_left_hand_drive,journey_purpose_of_driver_historic,journey_purpose_of_driver,sex_of_driver,age_of_driver,age_band_of_driver,engine_capacity_cc,propulsion_code,age_of_vehicle,generic_make_model,driver_imd_decile,lsoa_of_driver,escooter_flag,driver_distance_banding
2021010301448,2021,010301448,1,9,0,18,19,1,5,0,0,1,5,4,0,0,1,1,6,6,1,26,6,1798,1,8,AUDI TTS,4,E01003626,0,-1
2021131045679,2021,131045679,2,9,0,17,19,3,5,0,0,2,1,0,0,0,3,1,6,6,1,52,8,1968,2,8,AUDI TTS,9,E01027922,0,-1
2021451082979,2021,451082979,1,9,0,2,2,1,5,0,0,5,0,0,0,0,2,1,5,6,1,43,7,1798,2,3,AUDI TTS,6,E01030653,0,-1
2021010294483,2021,010294483,1,9,0,18,19,3,7,0,0,8,0,0,0,0,1,1,6,6,1,19,4,1984,1,7,AUDI TTS,4,E01002845,0,-1
2021461099569,2021,461099569,4,9,0,3,3,7,3,0,0,0,0,0,0,0,2,1,6,6,1,70,10,1798,1,4,AUDI TTS,9,E01024832,0,-1
2021010331068,2021,010331068,1,9,0,18,19,5,1,0,0,0,0,10,0,0,1,1,2,2,1,48,8,1984,1,4,AUDI TTS,10,E01030989,0,-1
2021070115373,2021,070115373,1,9,0,18,19,7,3,0,0,0,0,0,0,0,1,1,1,1,2,73,10,1968,2,10,AUDI TTS,10,E01018652,0,-1
2021430262530,2021,430262530,1,9,0,16,19,2,5,0,0,0,0,0,0,0,1,1,6,6,1,42,7,1984,1,1,AUDI TTS,8,E01017833,0,-1
2021547345721,2021,547345721,2,9,0,4,4,7,3,0,0,0,0,0,0,0,2,1,6,6,2,57,9,1984,1,3,AUDI TTS,10,E01015563,0,-1
2021549322221,2021,549322221,1,9,0,18,19,2,6,0,0,0,0,0,0,0,4,1,2,2,1,46,8,1968,2,11,AUDI TTS,9,E01032099,0,-1
2021010338615,2021,010338615,1,9,0,18,19,1,5,0,0,1,0,0,0,0,1,1,2,2,2,25,5,1984,1,2,AUDI TTS,8,E01001031,0,-1
2021010341859,2021,010341859,2,9,0,99,99,9,9,0,0,0,0,0,0,0,4,9,6,6,2,68,10,1984,1,8,AUDI TTS,5,E01018084,0,-1
2021010324934,2021,010324934,1,9,0,18,19,7,3,0,0,0,0,4,0,0,4,1,1,1,2,22,5,1798,1,7,AUDI TTS,2,E01001442,0,-1
2021552100413,2021,552100413,1,9,0,18,19,4,8,0,0,0,5,4,0,0,1,1,6,6,2,22,5,1968,2,5,AUDI TTS,8,E01020450,0,-1
2021221022409,2021,221022409,1,9,0,18,19,8,4,0,0,8,0,0,0,0,1,1,5,6,1,21,5,1984,1,10,AUDI TTS,8,E01032233,0,-1
2021221060599,2021,221060599,1,9,0,9,9,4,2,0,0,6,0,0,0,0,3,1,5,6,2,64,9,1798,1,7,AUDI TTS,6,E01032374,0,-1
2021201049284,2021,201049284,1,9,0,9,9,6,4,0,0,5,0,0,0,0,3,1,6,6,1,51,8,1984,1,9,AUDI TTS,7,E01025882,0,-1
2021010341245,2021,010341245,2,9,0,99,99,9,9,99,99,9,9,99,9,99,9,9,6,6,3,25,5,1968,2,11,AUDI TTS,9,W01001903,0,-1
202131C043821,2021,31C043821,1,9,0,18,19,3,7,0,0,0,0,0,0,0,1,1,6,6,1,25,5,1984,1,5,AUDI TTS,4,E01028167,0,-1
2021122100991,2021,122100991,1,9,0,13,13,5,1,0,0,8,0,0,0,0,1,1,6,6,1,22,5,1984,1,9,AUDI TTS,9,E01027596,0,-1
2021010318922,2021,010318922,1,9,0,99,99,9,9,99,99,9,9,99,9,99,2,9,6,6,2,30,6,1984,1,4,AUDI TTS,1,E01001788,0,-1
2021201112709,2021,201112709,2,9,0,3,3,8,4,0,0,1,0,0,0,0,1,1,2,2,2,58,9,1968,2,6,AUDI TTS,5,E01009825,0,-1
2021010310166,2021,010310166,2,9,0,18,19,5,1,0,0,0,1,0,0,0,3,1,6,6,1,20,4,1984,1,11,AUDI TTS,6,E01001093,0,-1
2021471060009,2021,471060009,1,9,0,18,19,3,7,0,0,1,0,0,3,0,1,1,5,6,2,75,10,1968,2,12,AUDI TTS,8,E01016958,0,-1
202131C062721,2021,31C062721,3,9,0,18,19,7,3,0,0,8,0,0,0,0,3,1,6,6,2,54,8,1984,1,1,AUDI TTS,9,E01013979,0,-1
2021010289819,2021,010289819,2,9,0,99,99,9,9,99,99,0,9,99,9,99,1,9,6,6,3,29,6,1984,1,3,AUDI TTS,3,E01001169,0,-1
2021440193544,2021,440193544,2,9,0,18,19,4,8,0,0,0,0,0,0,0,1,1,6,6,2,53,8,1798,1,7,AUDI TTS,3,E01022901,0,-1
2021430221562,2021,430221562,2,9,0,18,19,7,3,0,0,8,0,0,0,0,1,1,6,6,2,73,10,1968,2,10,AUDI TTS,5,E01016580,0,-1
2021231053550,2021,231053550,2,9,0,18,19,4,8,0,0,8,0,0,0,0,1,1,5,6,1,23,5,1984,1,4,AUDI TTS,10,E01010227,0,-1
2021991060212,2021,991060212,1,9,0,18,19,5,1,0,0,0,0,0,0,0,1,1,5,6,1,19,4,1968,2,5,AUDI TTS,8,-1,0,-1
2021031105647,2021,031105647,1,9,0,17,19,6,2,0,0,0,0,0,0,0,1,1,5,6,2,42,7,1798,1,7,AUDI TTS,9,E01019085,0,-1
2021010305164,2021,010305164,1,9,0,7,7,5,7,0,0,5,0,0,0,0,4,1,6,6,2,35,6,1984,1,2,AUDI TTS,4,E01000498,0,-1
2021522103173,2021,522103173,1,9,0,15,15,1,5,0,0,8,0,0,0,0,1,1,6,6,1,36,7,1984,1,6,AUDI TTS,3,E01014731,0,-1
2021421045585,2021,421045585,2,9,0,13,13,6,8,0,0,0,0,0,3,11,1,1,6,6,1,50,8,1984,1,8,AUDI TTS,6,E01033137,0,-1
2021440472682,2021,440472682,1,9,0,9,9,5,2,0,0,8,0,0,0,0,1,1,6,6,2,51,8,1984,1,4,AUDI TTS,10,E01030899,0,-1
2021543154221,2021,543154221,2,9,0,17,19,6,2,0,0,0,1,0,1,0,3,1,6,6,1,43,7,1984,1,3,AUDI TTS,9,E01014998,0,-1
2021201060674,2021,201060674,2,9,0,18,19,6,2,0,0,8,0,4,7,0,4,1,6,6,2,28,6,1984,1,10,AUDI TTS,2,E01009014,0,-1
2021010290758,2021,010290758,1,9,0,99,99,9,9,99,99,9,9,99,9,99,2,9,6,6,1,30,6,1984,1,1,AUDI TTS,1,E01004428,0,-1
2021991039369,2021,991039369,1,9,0,18,19,3,7,0,0,1,0,0,0,0,4,1,2,2,2,56,9,1984,1,1,AUDI TTS,4,-1,0,-1
2021201014912,2021,201014912,5,9,0,2,2,0,0,9,9,0,0,0,0,0,2,1,6,6,1,41,7,1984,1,4,AUDI TTS,-1,-1,0,-1
2021010337728,2021,010337728,1,9,0,99,99,9,9,99,99,9,9,99,9,99,2,9,6,6,2,32,6,1798,1,4,AUDI TTS,2,E01001438,0,-1
202163D073521,2021,63D073521,1,9,0,17,19,2,7,0,0,0,5,0,7,10,1,1,6,6,2,54,8,1984,1,8,AUDI TTS,7,W01000470,0,-1
2021430181580,2021,430181580,2,9,0,17,19,8,5,0,0,8,0,0,0,0,1,1,1,1,1,55,8,1968,2,7,AUDI TTS,3,E01020073,0,-1
2021522201027,2021,522201027,2,9,0,2,2,0,0,0,0,0,0,0,0,0,2,1,6,6,3,-1,-1,1968,2,11,AUDI TTS,-1,-1,0,-1
2021552100492,2021,552100492,2,9,0,18,19,5,1,0,0,0,0,0,0,0,1,1,6,6,1,58,9,1798,1,9,AUDI TTS,4,E01032645,0,-1
2021201080951,2021,201080951,2,9,0,3,3,8,4,0,0,0,0,0,0,0,2,1,6,6,2,58,9,1984,1,2,AUDI TTS,10,E01029513,0,-1
2021440126116,2021,440126116,1,9,0,18,19,2,6,0,0,0,2,0,1,4,4,1,6,6,1,22,5,1984,1,0,AUDI TTS,5,E01023258,0,-1
2021010294447,2021,010294447,1,9,0,9,9,3,2,0,0,8,0,0,0,0,1,1,6,6,1,74,10,1984,1,5,AUDI TTS,5,E01016963,0,-1
2021211066888,2021,211066888,1,9,0,18,19,2,6,0,0,0,0,4,0,0,1,1,6,6,1,47,8,1968,2,11,AUDI TTS,7,E01029694,0,-1
2021471125352,2021,471125352,2,9,0,3,3,4,8,0,0,0,0,0,0,0,1,1,5,6,1,58,9,1984,1,3,AUDI TTS,3,E01032832,0,-1
2021010294157,2021,010294157,4,9,0,2,2,0,0,0,0,0,0,4,0,0,1,1,6,6,3,-1,-1,1984,1,6,AUDI TTS,-1,-1,0,-1
2021031082834,2021,031082834,2,9,0,8,8,7,5,0,0,5,0,0,0,0,4,1,5,6,2,30,6,1984,1,5,AUDI TTS,9,E01019303,0,-1
2021061091590,2021,061091590,1,9,0,18,19,6,2,0,0,8,0,0,0,0,1,1,6,6,3,30,6,1984,1,6,AUDI TTS,-1,-1,0,-1
2021622100865,2021,622100865,1,9,0,5,5,3,1,0,0,1,0,0,0,0,1,1,6,6,1,35,6,1968,2,5,AUDI TTS,10,W01001156,0,-1
2021421127635,2021,421127635,2,9,0,7,7,6,7,0,0,8,0,0,0,0,2,1,5,6,1,49,8,1984,1,10,AUDI TTS,8,E01021377,0,-1
2021070629760,2021,070629760,3,9,0,18,19,5,1,0,0,8,0,0,0,0,1,1,6,6,1,45,7,1984,1,5,AUDI TTS,8,E01018403,0,-1
2021221091514,2021,221091514,1,9,0,16,19,8,4,0,0,0,1,0,7,1,1,1,5,6,1,21,5,1984,1,10,AUDI TTS,2,E01029007,0,-1
2021451081720,2021,451081720,3,9,0,18,19,7,3,0,0,0,1,0,0,0,2,1,5,6,1,65,9,1798,1,4,AUDI TTS,5,E01031585,0,-1
2021101018468,2021,101018468,2,9,0,18,19,8,4,0,0,1,0,0,0,0,4,1,5,6,2,46,8,1984,1,11,AUDI TTS,10,E01008551,0,-1
2021141019636,2021,141019636,2,9,0,3,3,6,2,0,0,1,0,0,0,0,2,1,6,6,2,58,9,1984,1,6,AUDI TTS,4,E01007545,0,-1
2021302101648,2021,302101648,1,9,0,18,19,4,8,0,0,0,0,0,0,0,4,2,6,6,2,50,8,1968,2,5,AUDI TTS,2,E01013588,0,-1
2021010352276,2021,010352276,1,9,0,18,19,1,5,0,0,8,0,0,0,0,1,1,6,6,1,27,6,1984,1,3,AUDI TTS,-1,-1,0,-1
2021161031060,2021,161031060,1,9,0,1,1,3,7,9,9,0,0,0,0,0,3,1,2,2,2,52,8,1798,1,5,AUDI TTS,6,E01013334,0,-1
2021440223672,2021,440223672,1,9,0,18,19,6,2,0,0,8,0,0,0,0,1,1,6,6,1,52,8,1798,1,9,AUDI TTS,4,E01017034,0,-1
2021010330858,2021,010330858,2,9,0,99,99,9,9,99,99,9,9,99,9,99,0,9,6,6,3,-1,-1,1984,1,0,AUDI TTS,7,E01001027,0,-1
2021010295492,2021,010295492,2,9,0,18,19,5,1,0,0,8,0,0,0,0,0,1,6,6,3,-1,-1,1984,1,5,AUDI TTS,-1,-1,0,-1
2021411021061,2021,411021061,2,9,0,18,19,3,7,0,0,0,0,0,0,0,4,1,6,6,1,31,6,1984,1,5,AUDI TTS,10,E01002459,0,-1
2021010326076,2021,010326076,2,9,0,9,9,3,1,0,0,8,0,0,0,0,1,1,6,6,3,23,5,1984,1,5,AUDI TTS,3,E01001832,0,-1
2021010340718,2021,010340718,1,9,0,9,9,1,6,0,0,0,0,0,0,0,3,1,6,6,1,43,7,1984,1,8,AUDI TTS,7,E01000963,0,-1
2021010316331,2021,010316331,2,9,0,99,99,9,9,0,0,8,0,0,0,0,4,9,6,6,1,39,7,1984,1,5,AUDI TTS,6,E01000069,0,-1
2021421101324,2021,421101324,1,9,0,18,19,1,2,0,0,0,2,0,0,0,1,1,5,6,1,29,6,1984,1,6,AUDI TTS,-1,-1,0,-1
2021302100808,2021,302100808,1,9,0,18,19,3,7,0,0,1,0,0,0,0,1,1,6,6,2,63,9,1968,2,4,AUDI TTS,3,E01019487,0,-1
202131D115121,2021,31D115121,2,9,0,9,9,2,8,0,0,5,0,0,0,0,3,1,6,6,1,35,6,1968,2,9,AUDI TTS,10,E01028091,0,-1
2021010317581,2021,010317581,2,5,0,18,19,7,3,0,0,1,0,0,0,0,1,1,6,6,1,42,7,647,1,4,-1,9,E01002956,0,-1
2021010325095,2021,010325095,2,5,0,5,5,5,1,0,0,8,0,0,0,0,3,1,2,2,1,52,8,647,1,3,-1,7,E01000668,0,-1
2021440248835,2021,440248835,2,5,0,18,19,5,1,0,0,8,0,0,0,0,1,1,6,6,1,53,8,647,1,3,-1,8,E01022829,0,-1
2021211053768,2021,211053768,2,9,0,18,19,8,3,0,0,0,0,0,0,0,2,1,6,6,1,29,6,2777,2,13,-1,9,E01029375,0,-1
2021010306633,2021,010306633,2,9,0,99,99,9,9,99,99,9,9,99,9,99,1,9,6,6,3,-1,-1,2777,2,12,-1,-1,-1,0,-1
2021070160346,2021,070160346,1,9,0,12,12,5,7,0,0,0,0,0,0,0,2,1,6,6,1,-1,-1,2777,2,13,-1,-1,-1,0,-1
2021010320312,2021,010320312,2,9,0,99,99,9,9,99,99,9,9,99,9,99,1,9,6,6,1,-1,-1,2777,2,12,-1,7,E01002918,0,-1
2021522104611,2021,522104611,2,9,0,9,9,7,5,0,0,5,0,0,0,0,1,1,6,6,1,49,8,2777,2,14,-1,-1,-1,0,-1
2021041014632,2021,041014632,2,9,0,3,3,6,2,0,0,6,0,0,0,0,2,1,5,6,1,27,6,2777,2,13,-1,1,E01025423,0,-1
2021471045780,2021,471045780,1,5,0,17,19,5,2,0,0,0,0,0,1,0,4,1,5,6,1,59,9,748,1,19,-1,5,E01030531,0,-1
2021351025690,2021,351025690,2,5,0,18,19,5,1,0,0,0,0,0,0,0,1,1,5,6,1,21,5,748,1,21,-1,7,E01018300,0,-1
2021221064955,2021,221064955,1,5,0,18,19,2,6,0,0,0,1,12,0,0,1,1,5,6,1,54,8,821,1,8,-1,4,E01022440,0,-1
2021522105124,2021,522105124,1,5,0,13,13,6,2,0,0,0,1,0,0,0,3,1,6,6,1,34,6,1131,1,16,-1,8,E01032672,0,-1
2021451036435,2021,451036435,1,4,0,18,19,1,5,0,0,0,0,0,0,0,4,1,5,6,1,51,8,449,1,0,-1,8,E01030675,0,-1
2021471012403,2021,471012403,2,4,0,18,19,2,6,0,0,1,1,0,0,0,1,1,6,6,1,58,9,449,1,12,-1,7,E01021022,0,-1
2021501049916,2021,501049916,1,4,0,18,19,5,1,0,0,1,2,4,0,0,1,1,5,6,1,30,6,449,1,15,-1,8,E01020250,0,-1
2021440075941,2021,440075941,1,3,0,18,19,2,6,0,0,8,0,0,0,0,1,1,6,6,1,28,6,449,1,5,-1,2,E01017168,0,-1
2021520103300,2021,520103300,1,9,0,4,4,2,6,0,0,0,0,0,0,0,2,1,6,6,1,30,6,1997,1,1,-1,8,E01020051,0,-1
2021122101358,2021,122101358,2,9,0,18,19,7,3,0,0,1,0,0,0,0,3,1,6,6,1,62,9,2993,2,11,JAGUAR XJ SERIES,-1,-1,0,-1
2021161090279,2021,161090279,1,9,0,13,13,1,5,0,0,0,0,0,0,0,4,1,5,6,1,65,9,2967,1,15,JAGUAR XJ SERIES,1,E01012785,0,-1
2021451014718,2021,451014718,2,9,0,18,19,7,3,0,0,0,0,0,0,0,1,1,5,6,1,50,8,2993,2,4,JAGUAR XJ SERIES,9,E01030706,0,-1
2021061079673,2021,061079673,1,9,0,18,19,3,7,0,0,0,0,0,1,0,1,1,6,6,1,48,8,2993,2,11,JAGUAR XJ SERIES,1,E01005253,0,-1
2021201146017,2021,201146017,1,9,0,9,9,7,5,0,0,4,0,0,0,0,1,1,6,6,1,50,8,3248,1,19,JAGUAR XJ SERIES,1,E01009700,0,-1
2021411103709,2021,411103709,1,9,0,18,19,3,7,0,0,0,0,0,0,0,1,1,1,1,1,47,8,2720,2,15,JAGUAR XJ SERIES,10,E01023380,0,-1
2021411049199,2021,411049199,1,9,0,4,4,3,7,0,0,1,0,0,0,0,1,1,2,2,1,28,6,2993,2,11,JAGUAR XJ SERIES,7,E01023513,0,-1
202134WNC5411,2021,34WNC5411,1,9,0,18,19,7,3,0,0,4,0,0,0,0,1,1,6,6,1,46,8,5000,1,10,JAGUAR XJ SERIES,2,E01027233,0,-1
2021061096283,2021,061096283,1,9,0,18,19,5,1,0,0,0,0,0,0,0,1,1,6,6,1,30,6,2993,2,5,JAGUAR XJ SERIES,1,E01033669,0,-1
2021101074852,2021,101074852,1,9,0,12,12,1,5,0,0,0,0,0,0,0,1,1,5,6,1,81,11,3980,1,26,JAGUAR XJ SERIES,7,E01008315,0,-1
2021552101407,2021,552101407,2,9,0,18,19,8,4,0,0,0,0,0,0,0,3,1,6,6,1,57,9,2993,2,5,JAGUAR XJ SERIES,4,E01031494,0,-1
202134WNC0361,2021,34WNC0361,1,9,0,18,19,1,5,0,0,0,1,0,0,0,1,1,6,6,1,47,8,3248,1,23,JAGUAR XJ SERIES,-1,-1,0,-1
2021041015079,2021,041015079,1,9,0,5,5,7,3,0,0,0,1,0,0,0,4,1,5,6,1,82,11,2993,2,8,JAGUAR XJ SERIES,9,E01025148,0,-1
2021201049909,2021,201049909,1,9,0,18,19,4,8,0,0,0,1,4,7,6,4,1,6,6,1,31,6,2993,2,10,JAGUAR XJ SERIES,2,E01009674,0,-1
2021461078664,2021,461078664,1,9,0,14,14,1,5,0,0,0,5,4,0,0,1,1,6,6,1,54,8,3996,1,22,JAGUAR XJ SERIES,7,E01032619,0,-1
2021010331199,2021,010331199,2,9,9,99,99,9,9,99,99,9,9,99,9,99,9,9,6,6,3,-1,-1,2967,1,15,JAGUAR XJ SERIES,-1,-1,0,-1
2021070324066,2021,070324066,2,9,0,18,19,3,7,0,0,0,0,0,0,0,1,1,6,6,1,74,10,3555,1,17,JAGUAR XJ SERIES,6,E01009614,0,-1
2021010343015,2021,010343015,2,9,0,18,19,5,1,0,0,0,0,99,0,0,9,9,6,6,3,-1,-1,2993,2,4,JAGUAR XJ SERIES,-1,-1,0,-1
2021451065891,2021,451065891,1,9,0,8,8,5,1,0,0,7,0,0,0,0,4,1,5,6,1,53,8,2720,2,14,JAGUAR XJ SERIES,10,E01030331,0,-1
2021070511538,2021,070511538,2,9,0,18,19,2,6,0,0,0,0,0,0,0,4,1,6,6,1,53,8,2993,2,8,JAGUAR XJ SERIES,8,E01012495,0,-1
2021010304914,2021,010304914,1,9,0,99,99,9,9,0,0,9,9,99,9,99,2,9,6,6,1,80,11,2720,2,15,JAGUAR XJ SERIES,9,E01001567,0,-1
2021361053796,2021,361053796,1,9,0,5,5,8,4,0,0,1,0,0,0,0,3,1,1,1,1,57,9,2993,2,8,JAGUAR XJ SERIES,6,E01030282,0,-1
2021010307779,2021,010307779,2,9,0,18,19,1,5,0,0,1,0,0,0,0,4,1,6,6,1,71,10,2995,1,6,JAGUAR XJ SERIES,9,E01000213,0,-1
2021131078415,2021,131078415,3,9,0,2,2,0,0,0,0,0,0,4,0,0,1,1,6,6,3,-1,-1,2993,2,9,JAGUAR XJ SERIES,-1,-1,0,-1
2021061039244,2021,061039244,1,9,0,4,4,5,1,0,0,1,0,0,0,0,2,1,5,6,2,45,7,2993,2,6,JAGUAR XJ SERIES,1,E01005201,0,-1
2021010343133,2021,010343133,2,9,0,9,9,1,6,0,0,0,0,0,0,0,3,1,6,6,1,58,9,2967,1,15,JAGUAR XJ SERIES,8,E01001680,0,-1
2021302101691,2021,302101691,1,9,0,18,19,2,6,0,0,2,0,0,0,0,4,1,6,6,1,50,8,3996,1,19,JAGUAR XJ SERIES,4,E01019455,0,-1
2021471027886,2021,471027886,1,9,0,18,19,6,2,0,0,1,0,0,0,0,1,1,5,6,2,52,8,3239,1,24,JAGUAR XJ SERIES,4,E01021207,0,-1
2021141101936,2021,141101936,1,9,0,13,13,4,8,0,0,0,1,0,1,2,2,1,5,6,1,56,9,2720,2,14,JAGUAR XJ SERIES,1,E01007530,0,-1
2021010308400,2021,010308400,1,9,0,12,12,1,5,0,0,8,0,0,0,0,2,1,1,1,1,66,10,2967,1,18,JAGUAR XJ SERIES,2,E01004004,0,-1
2021622100985,2021,622100985,1,9,0,1,1,7,3,0,0,1,0,0,0,0,2,1,6,6,3,-1,-1,2993,2,11,JAGUAR XJ SERIES,-1,-1,0,-1
2021010306994,2021,010306994,1,9,0,18,19,7,3,0,0,1,0,0,0,0,1,1,6,6,1,27,6,2967,1,17,JAGUAR XJ SERIES,4,E01000124,0,-1
2021622100793,2021,622100793,2,9,0,9,9,6,4,0,0,5,0,0,0,0,4,1,2,2,1,65,9,3248,1,22,JAGUAR XJ SERIES,5,W01001096,0,-1
2021170H10111,2021,170H10111,1,9,0,9,9,3,1,0,0,8,0,0,0,0,1,1,6,6,1,57,9,3248,1,23,JAGUAR XJ SERIES,1,E01011973,0,-1
2021131095172,2021,131095172,1,9,0,18,19,7,3,0,0,8,0,0,0,0,1,1,6,6,1,83,11,3555,1,17,JAGUAR XJ SERIES,4,E01011669,0,-1
2021010334678,2021,010334678,2,9,0,9,9,1,6,7,6,5,0,0,0,0,2,1,6,6,1,45,7,3555,1,17,JAGUAR XJ SERIES,5,E01001149,0,-1
2021302101001,2021,302101001,1,9,0,16,19,8,4,0,0,0,0,0,0,0,2,1,6,6,1,70,10,2993,2,6,JAGUAR XJ SERIES,10,E01019756,0,-1
2021070593063,2021,070593063,1,9,0,5,5,4,8,0,0,2,0,0,0,0,3,1,3,7,1,63,9,2993,2,7,JAGUAR XJ SERIES,6,E01018380,0,-1
2021221066591,2021,221066591,2,9,0,9,9,6,3,0,0,6,0,0,0,0,3,1,5,6,1,28,6,3239,1,24,JAGUAR XJ SERIES,5,E01014014,0,-1
2021991032809,2021,991032809,1,9,0,16,19,6,2,0,0,1,1,0,7,9,1,1,2,2,1,33,6,3996,1,23,JAGUAR XJ SERIES,-1,-1,0,-1
2021421080917,2021,421080917,1,9,0,9,9,6,3,0,0,1,0,0,0,0,1,1,5,6,1,23,5,5000,1,5,JAGUAR XJ SERIES,3,E01003637,0,-1
2021010297107,2021,010297107,1,9,0,4,4,3,7,0,0,6,0,0,0,0,2,1,6,6,1,74,10,2993,2,9,JAGUAR XJ SERIES,6,E01000514,0,-1
2021041069872,2021,041069872,1,9,0,9,9,1,3,0,0,6,0,0,0,0,1,1,6,6,1,63,9,2993,2,10,JAGUAR XJ SERIES,5,E01025517,0,-1
2021302102126,2021,302102126,1,9,0,14,14,8,4,0,0,0,0,0,0,0,4,1,6,6,1,88,11,2720,2,15,JAGUAR XJ SERIES,5,E01019598,0,-1
2021041087384,2021,041087384,1,9,0,18,19,5,1,0,0,1,0,0,0,0,3,1,5,6,1,35,6,2993,2,10,JAGUAR XJ SERIES,8,E01019875,0,-1
2021161084964,2021,161084964,1,9,0,5,5,8,4,0,0,0,0,0,0,0,2,1,6,6,1,52,8,2993,2,10,JAGUAR XJ SERIES,4,E01027853,0,-1
2021131077040,2021,131077040,2,9,0,3,3,3,7,0,0,8,0,0,0,0,2,1,6,6,1,51,8,2993,2,11,JAGUAR XJ SERIES,9,E01027917,0,-1
2021531098140,2021,531098140,1,9,0,18,19,7,3,0,0,6,0,0,0,0,4,1,6,6,1,83,11,3239,1,26,JAGUAR XJ SERIES,8,E01022184,0,-1
2021991045105,2021,991045105,1,9,0,2,2,7,3,0,0,0,0,0,0,0,3,1,5,6,1,63,9,2720,2,15,JAGUAR XJ SERIES,9,-1,0,-1
2021461060182,2021,461060182,2,9,0,18,19,-1,-1,0,0,1,0,0,0,0,4,1,2,2,1,35,6,2720,2,14,JAGUAR XJ SERIES,3,E01024264,0,-1
2021991093877,2021,991093877,3,9,0,2,2,0,0,0,0,0,0,0,0,0,1,1,6,6,3,-1,-1,2720,2,15,JAGUAR XJ SERIES,-1,-1,0,-1
2021010311671,2021,010311671,5,9,0,18,19,1,5,0,0,1,0,0,0,0,2,1,6,6,1,66,10,3555,1,17,JAGUAR XJ SERIES,5,E01003134,0,-1
2021201033297,2021,201033297,2,9,0,18,19,4,8,0,0,8,0,0,0,0,4,1,6,6,1,56,9,2993,2,7,JAGUAR XJ SERIES,4,E01029666,0,-1
2021991104244,2021,991104244,1,9,0,4,4,3,7,0,0,0,1,0,0,0,1,1,5,6,1,82,11,2720,2,16,JAGUAR XJ SERIES,2,-1,0,-1
2021201146638,2021,201146638,2,9,0,18,19,7,3,0,0,0,0,0,0,0,3,1,6,6,1,54,8,2993,2,6,JAGUAR XJ SERIES,4,E01010510,0,-1
2021471091808,2021,471091808,1,9,0,9,9,2,8,0,0,5,0,0,0,0,3,1,5,6,1,70,10,2987,2,6,JEEP GRAND CHEROKEE,9,E01020933,0,-1
2021320411213,2021,320411213,2,9,0,9,9,1,7,0,0,8,0,0,0,0,1,1,6,6,1,22,5,2985,2,16,JEEP GRAND CHEROKEE,3,E01026023,0,-1
2021010303989,2021,010303989,2,9,0,99,99,9,9,99,99,9,9,99,9,99,1,9,6,6,3,38,7,2987,2,5,JEEP GRAND CHEROKEE,-1,-1,0,-1
2021031055122,2021,031055122,1,9,0,18,19,7,4,0,0,0,0,0,1,4,1,1,5,6,1,68,10,2987,2,4,JEEP GRAND CHEROKEE,9,E01004843,0,-1
2021421114764,2021,421114764,3,9,0,4,4,7,3,0,0,1,0,0,0,0,2,1,6,6,2,62,9,2987,2,8,JEEP GRAND CHEROKEE,8,E01021824,0,-1
2021101038628,2021,101038628,2,9,0,18,19,7,3,0,0,0,1,0,1,11,3,1,5,6,1,36,7,2985,2,15,JEEP GRAND CHEROKEE,8,E01008528,0,-1
2021010288940,2021,010288940,1,9,0,18,19,1,5,0,0,0,0,0,0,0,1,1,2,2,1,61,9,2987,2,13,JEEP GRAND CHEROKEE,-1,-1,0,-1
2021010287371,2021,010287371,1,9,0,1,1,7,3,0,0,8,0,0,0,0,2,1,6,6,3,-1,-1,4701,6,21,JEEP GRAND CHEROKEE,-1,-1,0,-1
2021010305313,2021,010305313,1,9,0,9,9,1,7,0,0,1,0,0,0,0,3,1,6,6,1,51,8,4701,1,20,JEEP GRAND CHEROKEE,1,E01003070,0,-1
2021430575400,2021,430575400,1,9,0,9,9,6,4,0,0,8,0,0,0,0,3,1,6,6,1,61,9,2987,2,8,JEEP GRAND CHEROKEE,3,E01016834,0,-1
2021430321657,2021,430321657,1,9,0,9,9,4,2,0,0,8,0,0,0,0,0,1,6,6,2,36,7,2985,2,15,JEEP GRAND CHEROKEE,2,E01016848,0,-1
2021471082074,2021,471082074,1,9,0,17,19,7,3,0,0,0,5,0,1,1,1,1,5,6,2,45,7,2685,2,17,JEEP GRAND CHEROKEE,8,E01024011,0,-1
2021010347638,2021,010347638,1,9,0,4,4,3,7,0,0,0,0,0,0,0,2,1,6,6,1,49,8,2987,2,3,JEEP GRAND CHEROKEE,1,E01004732,0,-1
202131B006421,2021,31B006421,2,9,0,4,4,8,4,0,0,0,0,0,0,0,2,1,6,6,2,34,6,2985,2,16,JEEP GRAND CHEROKEE,1,E01028055,0,-1
2021302101764,2021,302101764,1,9,0,13,13,8,4,0,0,0,0,0,0,0,1,1,2,2,2,31,6,2987,2,7,JEEP GRAND CHEROKEE,4,E01012504,0,-1
2021430023396,2021,430023396,1,9,0,18,19,8,4,0,0,0,0,0,0,0,1,1,2,2,1,36,7,2985,2,16,JEEP GRAND CHEROKEE,9,E01001127,0,-1