collision_index,collision_year,collision_ref_no,vehicle_reference,vehicle_type,towing_and_articulation,vehicle_manoeuvre_historic,vehicle_manoeuvre,vehicle_direction_from,vehicle_direction_to,vehicle_location_restricted_lane_historic,vehicle_location_restricted_lane,junction_location,skidding_and_overturning,hit_object_in_carriageway,vehicle_leaving_carriageway,hit_object_off_carriageway,first_point_of_impact,vehicle_left_hand_drive,journey_purpose_of_driver_historic,journey_purpose_of_driver,sex_of_driver,age_of_driver,age_band_of_driver,engine_capacity_cc,propulsion_code,age_of_vehicle,generic_make_model,driver_imd_decile,lsoa_of_driver,escooter_flag,driver_distance_banding
2021451070847,2021,451070847,2,9,0,18,19,8,4,0,0,2,0,0,0,0,2,1,2,2,2,42,7,998,1,5,KIA CEED,4,E01023105,0,-1
2021522104200,2021,522104200,3,9,0,5,5,5,1,0,0,0,0,0,0,0,0,1,6,6,3,30,6,1582,2,12,KIA CEED,-1,-1,0,-1
2021991052384,2021,991052384,2,9,0,4,4,1,6,0,0,0,0,0,0,0,2,1,5,6,1,41,7,1353,1,2,KIA CEED,-1,-1,0,-1
2021041100097,2021,041100097,2,9,0,5,5,3,7,0,0,0,0,0,0,0,1,1,2,2,2,49,8,1598,2,2,KIA CEED,6,E01025421,0,-1
2021351021555,2021,351021555,1,9,0,6,6,7,3,0,0,8,0,0,0,0,3,1,1,1,2,22,5,1591,1,11,KIA CEED,4,E01018077,0,-1
2021141032480,2021,141032480,3,9,0,4,4,4,3,0,0,6,0,0,0,0,4,1,5,6,1,30,6,1353,1,2,KIA CEED,4,E01007445,0,-1
2021041016232,2021,041016232,1,9,0,18,19,8,4,0,0,0,1,0,7,0,0,1,6,6,2,28,6,998,1,2,KIA CEED,6,E01025330,0,-1
2021010319129,2021,010319129,1,9,0,99,99,9,9,99,99,9,9,99,9,99,1,9,2,2,2,31,6,1582,2,14,KIA CEED,3,E01000736,0,-1
2021622100232,2021,622100232,2,9,0,18,19,1,5,0,0,0,0,0,0,0,2,1,6,6,2,40,7,1591,1,7,KIA CEED,7,W01001425,0,-1
2021361033268,2021,361033268,2,9,0,18,19,1,5,0,0,1,0,0,0,0,1,1,5,6,1,66,10,1582,2,12,KIA CEED,3,E01026799,0,-1
2021440104626,2021,440104626,1,9,0,7,7,5,7,0,0,4,0,0,0,0,1,1,6,6,1,62,9,1591,1,9,KIA CEED,9,E01031532,0,-1
2021302100447,2021,302100447,2,9,0,17,19,4,8,0,0,0,0,0,0,0,1,1,6,6,1,47,8,1582,2,3,KIA CEED,5,E01019564,0,-1
2021501061703,2021,501061703,2,9,0,3,3,5,1,0,0,8,0,0,0,0,2,1,5,6,1,30,6,1582,2,8,KIA CEED,8,E01020110,0,-1
2021311070955,2021,311070955,5,9,0,2,2,4,4,0,0,0,0,0,0,0,0,1,5,6,2,24,5,1598,8,0,KIA CEED,-1,-1,0,-1
2021010301309,2021,010301309,3,9,0,2,2,0,0,9,9,8,0,0,0,0,2,1,6,6,3,-1,-1,1991,2,12,KIA CEED,-1,-1,0,-1
2021991071803,2021,991071803,2,9,0,4,4,2,7,0,0,1,0,0,0,0,1,1,5,6,2,37,7,1396,1,13,KIA CEED,6,-1,0,-1
2021501100002,2021,501100002,2,9,0,4,4,7,3,0,0,1,0,0,0,0,2,1,6,6,1,30,6,1396,1,12,KIA CEED,5,E01015092,0,-1
2021440260172,2021,440260172,2,9,0,2,2,0,0,0,0,0,0,0,0,0,2,1,6,6,3,-1,-1,998,1,4,KIA CEED,-1,-1,0,-1
2021320404073,2021,320404073,2,9,0,7,7,5,7,0,0,1,0,0,0,0,1,1,6,6,2,22,5,1582,2,7,KIA CEED,3,E01027908,0,-1
2021440477829,2021,440477829,1,9,0,18,19,2,6,0,0,0,0,0,0,0,2,1,6,6,1,49,8,1396,2,8,KIA CEED,10,E01030790,0,-1
2021622100591,2021,622100591,1,9,0,3,3,4,8,0,0,1,0,0,0,0,1,1,2,2,1,29,6,1582,2,5,KIA CEED,4,W01001749,0,-1
2021041093624,2021,041093624,1,9,0,18,19,1,1,0,0,1,0,0,0,0,1,1,6,6,2,45,7,1582,2,8,KIA CEED,2,E01012608,0,-1
2021201140092,2021,201140092,1,9,0,1,1,7,3,0,0,6,0,0,0,0,2,1,6,6,2,52,8,1582,2,11,KIA CEED,4,E01009228,0,-1
2021010324951,2021,010324951,1,9,0,99,99,9,9,99,99,9,9,99,9,99,9,1,6,6,3,-1,-1,1582,2,10,KIA CEED,10,E01002462,0,-1
2021461023836,2021,461023836,1,9,0,9,9,3,7,0,0,8,0,0,0,0,3,1,6,6,1,74,10,1582,2,8,KIA CEED,5,E01024383,0,-1
2021991063411,2021,991063411,2,9,0,7,7,3,6,0,0,1,0,0,1,0,2,1,5,6,1,28,6,1598,8,0,KIA CEED,3,E01012669,0,-1
2021131047952,2021,131047952,2,9,0,18,19,3,7,0,0,0,0,0,0,0,3,1,5,6,2,49,8,1582,2,12,KIA CEED,7,E01010568,0,-1
2021991092134,2021,991092134,4,9,0,18,19,7,3,0,0,0,0,1,0,0,1,1,5,6,2,56,9,1353,1,3,KIA CEED,7,-1,0,-1
2021061106225,2021,061106225,3,9,0,18,19,1,5,0,0,1,0,0,0,0,4,1,1,1,1,41,7,1582,2,4,KIA CEED,1,E01005429,0,-1
202154A072221,2021,54A072221,1,9,0,1,1,8,4,0,0,6,0,0,0,0,4,1,2,2,1,36,7,1591,1,14,KIA CEED,3,E01015477,0,-1
2021520200260,2021,520200260,2,9,0,18,19,6,2,0,0,0,0,0,0,0,1,1,6,6,1,35,6,1582,2,14,KIA CEED,9,E01014411,0,-1
2021201034700,2021,201034700,2,9,0,17,19,8,5,0,0,0,0,0,0,0,3,1,1,1,1,45,7,1582,2,8,KIA CEED,3,E01032292,0,-1
2021141061259,2021,141061259,1,9,0,7,7,3,5,0,0,2,0,0,0,0,1,1,5,6,1,40,7,1582,2,11,KIA CEED,1,E01007764,0,-1
2021461127371,2021,461127371,1,9,0,18,19,8,4,0,0,0,1,0,2,9,1,1,6,6,2,82,11,1582,2,9,KIA CEED,7,E01024804,0,-1
2021430276838,2021,430276838,2,9,0,9,9,6,4,0,0,8,0,4,0,0,1,1,6,6,2,28,6,1582,2,6,KIA CEED,10,E01016619,0,-1
2021111084669,2021,111084669,2,9,0,4,4,1,5,0,0,1,0,0,0,0,3,1,6,6,1,25,5,1582,2,6,KIA CEED,4,E01012340,0,-1
2021421125567,2021,421125567,1,9,0,18,19,8,4,0,0,8,0,0,3,1,1,1,5,6,1,37,7,1582,2,7,KIA CEED,9,E01021517,0,-1
2021440493972,2021,440493972,1,9,0,18,19,1,0,0,0,4,0,0,0,0,1,1,6,6,2,51,8,1991,2,13,KIA CEED,3,E01017089,0,-1
2021991029731,2021,991029731,1,9,0,9,9,7,5,0,0,8,0,0,0,0,1,1,5,6,1,60,9,1582,2,11,KIA CEED,10,-1,0,-1
2021371034085,2021,371034085,3,9,0,4,4,6,2,0,0,0,0,0,0,0,2,1,6,6,1,31,6,1582,2,5,KIA CEED,-1,-1,0,-1
2021201133525,2021,201133525,1,9,0,18,19,-1,-1,0,0,0,0,0,0,0,1,1,6,6,1,-1,-1,1582,2,12,KIA CEED,-1,-1,0,-1
2021070597591,2021,070597591,2,9,0,3,3,1,5,0,0,0,0,0,0,0,2,1,6,6,2,57,9,1582,2,8,KIA CEED,3,E01009001,0,-1
2021371076193,2021,371076193,1,9,0,9,9,6,4,0,0,8,0,0,0,0,3,1,1,1,2,51,8,1396,1,7,KIA CEED,10,E01030180,0,-1
2021371077615,2021,371077615,2,9,0,18,19,5,1,0,0,0,0,0,0,0,3,1,5,6,2,32,6,1582,2,4,KIA CEED,6,E01026876,0,-1
2021061089950,2021,061089950,2,9,0,18,19,8,4,0,0,0,0,0,0,0,1,1,6,6,3,30,6,1582,2,6,KIA CEED,-1,-1,0,-1
2021501120660,2021,501120660,1,9,0,9,9,5,1,0,0,1,0,0,0,0,3,1,6,6,2,67,10,1598,2,2,KIA CEED,9,E01030813,0,-1
2021201146345,2021,201146345,2,9,0,9,9,8,6,0,0,5,0,0,0,0,2,1,6,6,2,26,6,1582,2,6,KIA CEED,3,E01033565,0,-1
2021010336377,2021,010336377,1,9,0,16,19,1,5,0,0,0,0,10,1,1,1,1,6,6,2,23,5,998,1,1,KIA CEED,6,E01017550,0,-1
2021131062302,2021,131062302,1,9,0,18,19,7,3,0,0,0,0,0,0,0,1,1,5,6,1,21,5,1582,2,10,KIA CEED,4,E01010801,0,-1
2021041104596,2021,041104596,1,9,0,9,9,1,3,0,0,1,0,0,0,0,1,1,5,6,1,71,10,1582,2,11,KIA CEED,2,E01012580,0,-1
2021141091744,2021,141091744,1,9,0,9,9,6,4,0,0,2,0,0,0,0,1,1,5,6,2,31,6,1582,2,11,KIA CEED,4,E01007445,0,-1
2021411085253,2021,411085253,2,9,0,9,9,1,5,0,0,2,0,0,0,0,3,1,6,6,2,37,7,1582,2,5,KIA CEED,6,E01023390,0,-1
2021440301125,2021,440301125,3,9,0,2,2,0,0,0,0,0,0,0,0,0,1,1,6,6,3,-1,-1,1591,1,13,KIA CEED,-1,-1,0,-1
2021101015557,2021,101015557,3,9,0,18,19,2,6,0,0,0,0,0,0,0,1,1,6,6,1,64,9,1582,2,11,KIA CEED,5,E01033556,0,-1
2021141113426,2021,141113426,2,9,0,12,12,6,2,0,0,0,0,0,0,0,3,1,6,6,2,-1,-1,1396,1,9,KIA CEED,-1,-1,0,-1
2021991114647,2021,991114647,1,9,0,18,19,6,2,0,0,0,0,0,7,11,1,1,1,1,1,62,9,1598,2,3,KIA CEED,8,-1,0,-1
2021122101268,2021,122101268,2,9,0,5,5,5,1,0,0,6,0,0,0,0,1,1,6,6,2,36,7,1396,1,8,KIA CEED,9,E01020855,0,-1
2021991113639,2021,991113639,1,9,0,18,19,4,8,0,0,1,0,0,0,0,1,1,6,6,2,53,8,1582,2,5,KIA CEED,2,-1,0,-1
2021547435521,2021,547435521,2,9,0,18,19,8,4,0,0,1,0,0,1,0,1,1,6,6,2,68,10,1396,1,12,KIA CEED,7,E01032116,0,-1
2021101046035,2021,101046035,1,9,0,18,19,1,5,0,0,0,1,0,1,4,3,1,5,6,2,22,5,1591,1,12,KIA CEED,1,E01027539,0,-1
2021302101625,2021,302101625,1,9,0,9,9,4,2,0,0,6,0,0,0,0,3,1,6,6,2,54,8,1582,2,8,KIA CEED,4,E01019750,0,-1
2021131106199,2021,131106199,2,9,0,18,19,1,5,0,0,0,0,0,0,0,3,1,6,6,2,33,6,1582,2,3,KIA CEED,3,E01007363,0,-1
2021221026706,2021,221026706,1,9,0,18,19,2,6,0,0,0,0,0,0,0,1,1,5,6,2,28,6,1582,2,5,KIA CEED,1,E01014164,0,-1
2021041085964,2021,041085964,1,9,0,9,9,5,1,0,0,8,0,0,0,0,1,1,5,6,1,77,11,1582,2,13,KIA CEED,1,E01025139,0,-1
2021430512395,2021,430512395,1,9,0,9,9,1,7,0,0,8,0,0,0,0,1,1,2,2,2,45,7,1591,1,13,KIA CEED,6,E01017922,0,-1
2021070743146,2021,070743146,1,9,0,9,9,5,1,0,0,0,0,0,0,0,1,1,2,2,2,32,6,998,1,2,KIA CEED,7,E01005516,0,-1
2021320587361,2021,320587361,2,9,0,18,19,7,3,0,0,1,0,0,0,0,1,1,6,6,2,32,6,1396,1,13,KIA CEED,1,E01026312,0,-1
2021471097154,2021,471097154,2,9,0,2,2,0,0,0,0,0,0,0,0,0,2,2,6,6,2,52,8,1582,2,8,KIA CEED,9,E01031711,0,-1
2021141053690,2021,141053690,1,9,0,9,9,6,5,0,0,2,0,0,0,0,1,1,6,6,1,34,6,1582,2,6,KIA CEED,2,E01007498,0,-1
2021471016101,2021,471016101,1,9,0,18,19,2,6,0,0,0,1,0,7,4,1,2,2,2,1,39,7,1582,2,4,KIA CEED,9,E01030932,0,-1
2021221090720,2021,221090720,1,9,0,15,15,5,1,0,0,0,0,0,0,0,3,1,3,7,2,38,7,1582,2,6,KIA CEED,4,E01032132,0,-1
2021061078931,2021,061078931,1,9,0,3,3,6,2,0,0,0,0,0,0,0,2,1,6,6,2,34,6,1591,1,10,KIA CEED,4,E01006110,0,-1
2021302101794,2021,302101794,1,9,0,6,6,2,2,0,0,1,0,0,0,0,4,1,6,6,2,54,8,1582,2,8,KIA CEED,4,E01019750,0,-1
2021451071328,2021,451071328,1,9,0,9,9,4,2,0,0,8,0,0,0,0,2,1,5,6,1,50,8,1582,2,5,KIA CEED,10,E01030806,0,-1
2021361037589,2021,361037589,1,9,0,7,7,5,7,0,0,8,0,0,0,0,1,1,6,6,2,18,4,1582,2,9,KIA CEED,1,E01026690,0,-1
2021371115159,2021,371115159,3,9,0,2,2,0,0,9,9,0,0,0,0,0,3,1,6,6,3,-1,-1,1582,2,6,KIA CEED,-1,-1,0,-1
2021041094081,2021,041094081,1,9,0,17,19,7,5,0,0,0,0,0,0,0,1,1,2,2,1,23,5,1396,1,13,KIA CEED,2,E01025118,0,-1
2021461014441,2021,461014441,2,9,0,3,3,1,2,0,0,1,0,0,0,0,2,1,6,6,2,41,7,1591,1,12,KIA CEED,5,E01016156,0,-1
2021010314453,2021,010314453,2,8,0,3,3,5,1,0,0,1,0,0,0,0,2,1,1,1,1,35,6,1582,2,10,KIA CEED,3,E01023865,0,-1
2021170S40731,2021,170S40731,1,9,0,18,19,2,6,0,0,0,0,0,0,0,1,1,6,6,1,47,8,1591,1,13,KIA CEED,-1,-1,0,-1
2021041014156,2021,041014156,1,9,0,5,5,5,1,0,0,0,0,0,0,0,4,1,1,1,1,-1,-1,1582,2,5,KIA CEED,4,E01025170,0,-1
2021421045759,2021,421045759,2,9,0,18,19,5,2,0,0,8,0,0,0,0,1,1,6,6,1,83,11,1580,8,0,KIA CEED,5,E01021518,0,-1
2021201115764,2021,201115764,1,9,0,18,19,4,8,0,0,1,0,0,0,0,1,1,6,6,1,-1,-1,1582,2,9,KIA CEED,-1,-1,0,-1
2021141029685,2021,141029685,2,9,0,18,19,5,1,0,0,0,0,0,0,0,2,2,5,6,1,-1,-1,998,1,1,KIA CEED,2,E01007443,0,-1
2021061043045,2021,061043045,2,9,0,18,19,3,7,0,0,8,0,0,0,0,4,1,6,6,2,68,10,1582,2,8,KIA CEED,5,E01006160,0,-1
2021371121765,2021,371121765,1,9,5,5,5,2,6,0,0,8,0,0,0,0,0,1,6,6,1,85,11,1582,2,7,KIA CEED,7,E01029991,0,-1
2021991079200,2021,991079200,1,9,0,17,19,8,4,0,0,0,0,0,2,9,4,1,5,6,2,68,10,1582,2,6,KIA CEED,5,-1,0,-1
2021061036356,2021,061036356,2,9,0,18,19,1,5,0,0,0,0,0,0,0,1,1,6,6,2,25,5,1396,1,7,KIA CEED,-1,-1,0,-1
2021622100495,2021,622100495,4,9,0,2,2,0,0,0,0,0,0,0,0,0,2,1,6,6,3,-1,-1,1591,1,14,KIA CEED,-1,-1,0,-1
202134WNC1961,2021,34WNC1961,2,9,0,18,19,1,5,0,0,0,0,0,0,0,2,1,6,6,2,34,6,1582,2,11,KIA CEED,7,E01027279,0,-1
2021061116900,2021,061116900,1,9,0,18,19,1,5,0,0,0,0,0,0,0,0,1,6,6,2,21,5,1591,1,8,KIA CEED,1,E01005486,0,-1
2021122100744,2021,122100744,1,9,0,18,19,2,6,0,0,0,0,0,0,0,1,1,6,6,2,28,6,1582,2,10,KIA CEED,7,E01012985,0,-1
2021201143266,2021,201143266,5,9,0,2,2,0,0,0,0,0,0,0,0,0,2,1,6,6,1,38,7,1582,2,9,KIA CEED,1,E01010340,0,-1
2021991042633,2021,991042633,3,9,0,10,10,4,8,0,0,1,0,0,0,0,4,1,6,6,1,68,10,1582,2,3,KIA CEED,6,-1,0,-1
2021111054367,2021,111054367,2,9,0,3,3,3,7,0,0,1,0,0,0,0,2,1,1,1,2,53,8,1582,2,4,KIA CEED,9,E01011971,0,-1
2021101052490,2021,101052490,1,9,0,12,12,1,5,0,0,1,0,0,0,0,1,1,2,2,2,19,4,1396,1,10,KIA CEED,9,E01027549,0,-1
2021201023642,2021,201023642,1,9,0,5,5,8,4,0,0,6,0,0,0,0,4,1,1,1,2,51,8,1582,2,9,KIA CEED,4,E01009228,0,-1
2021131038839,2021,131038839,3,9,0,2,2,0,0,0,0,8,0,4,0,0,2,1,6,6,3,-1,-1,1582,2,9,KIA CEED,-1,-1,0,-1
2021010323757,2021,010323757,2,9,0,9,9,5,3,0,0,8,0,0,3,0,3,1,2,2,1,29,6,1598,2,2,KIA CEED,3,E01019877,0,-1
2021221093456,2021,221093456,2,9,0,13,13,7,3,0,0,8,5,0,0,0,1,1,5,6,1,52,8,1591,1,14,KIA CEED,8,E01032221,0,-1
2021201151674,2021,201151674,1,9,0,18,19,7,3,0,0,0,0,10,7,11,1,1,5,6,1,-1,-1,1396,1,11,KIA CEED,1,E01009212,0,-1
2021531119018,2021,531119018,3,9,0,18,19,2,6,0,0,0,1,0,2,0,1,1,2,2,2,52,8,1582,2,7,KIA CEED,3,E01022254,0,-1
2021471012874,2021,471012874,1,9,0,18,19,4,8,0,0,8,1,0,8,2,1,1,2,2,2,62,9,1582,2,6,KIA CEED,7,E01031607,0,-1
2021411100968,2021,411100968,2,9,0,18,19,3,7,0,0,0,1,0,0,0,2,1,6,6,1,50,8,1582,2,6,KIA CEED,6,E01001540,0,-1
2021501064665,2021,501064665,2,9,0,18,19,1,5,0,0,0,0,0,0,0,1,1,5,6,1,81,11,1396,1,13,KIA CEED,4,E01018965,0,-1
2021302200001,2021,302200001,1,9,0,18,19,4,8,0,0,0,0,4,1,11,1,1,6,6,1,38,7,998,1,1,KIA CEED,5,E01013506,0,-1
2021061114832,2021,061114832,2,9,0,2,2,0,0,0,0,0,0,0,0,0,3,1,5,6,1,76,11,1582,2,4,KIA CEED,1,E01005746,0,-1
2021320465769,2021,320465769,2,9,0,18,19,3,7,0,0,1,0,0,0,0,2,1,6,6,1,33,6,1396,1,10,KIA CEED,3,E01026343,0,-1
2021552100694,2021,552100694,1,9,0,9,9,7,4,0,0,5,0,0,0,0,1,1,3,7,1,48,8,998,1,2,KIA CEED,8,E01020379,0,-1
2021131109585,2021,131109585,1,9,0,18,19,1,5,0,0,1,0,0,0,0,3,1,6,6,1,37,7,1582,2,14,KIA CEED,3,E01010805,0,-1
2021031068116,2021,031068116,2,9,0,18,19,1,5,0,0,0,0,0,0,0,3,1,5,6,1,51,8,1582,2,7,KIA CEED,6,E01010957,0,-1
2021201112806,2021,201112806,1,9,0,17,19,7,4,0,0,1,1,10,1,2,1,1,6,6,2,28,6,1582,2,3,KIA CEED,2,E01009874,0,-1
20211383D1428,2021,1383D1428,1,9,0,2,2,0,0,0,0,0,0,0,0,0,0,1,6,6,2,21,5,1591,1,6,KIA CEED,6,E01011425,0,-1
2021141038999,2021,141038999,1,9,0,18,19,3,3,0,0,0,0,0,0,0,1,1,1,1,2,30,6,1591,1,12,KIA CEED,1,E01007629,0,-1
2021131075937,2021,131075937,2,9,0,18,19,1,5,0,0,8,0,0,0,0,4,1,5,6,1,45,7,1582,2,5,KIA CEED,1,E01010996,0,-1
2021221072558,2021,221072558,2,9,0,8,8,1,2,0,0,1,0,0,0,0,2,1,5,6,1,35,6,1582,2,13,KIA CEED,6,E01032172,0,-1
2021991027982,2021,991027982,1,9,0,1,1,3,7,0,0,1,0,0,0,0,2,1,6,6,1,42,7,1582,2,14,KIA CEED,4,-1,0,-1
2021010342551,2021,010342551,1,9,0,99,99,9,9,99,99,9,9,99,9,99,2,9,6,6,2,23,5,1396,1,11,KIA CEED,6,E01001527,0,-1
2021131084789,2021,131084789,2,9,0,4,4,1,1,0,0,1,0,0,0,0,1,1,2,2,1,25,5,1396,1,11,KIA CEED,4,E01011023,0,-1
2021451102378,2021,451102378,1,9,0,4,4,5,1,0,0,0,0,0,0,0,2,1,5,6,2,38,7,1591,1,11,KIA CEED,8,E01030763,0,-1
2021201024998,2021,201024998,1,9,0,18,19,6,2,0,0,4,0,0,0,0,1,1,1,1,2,48,8,1396,1,14,KIA CEED,8,E01010553,0,-1
2021622100620,2021,622100620,1,9,0,18,19,2,6,0,0,1,0,0,0,0,3,1,1,1,2,68,10,1591,1,13,KIA CEED,2,W01001138,0,-1
2021471056918,2021,471056918,2,9,0,18,19,3,7,0,0,0,0,0,0,0,0,1,1,1,2,35,6,1582,2,7,KIA CEED,3,E01021016,0,-1
2021052101114,2021,052101114,1,9,0,18,19,3,7,0,0,0,0,0,0,0,2,1,6,6,1,-1,-1,1353,1,2,KIA CEED,-1,-1,0,-1
2021052100570,2021,052100570,3,9,0,7,7,4,7,0,0,8,0,0,0,0,2,1,6,6,1,42,7,1582,2,8,KIA CEED,1,E01006673,0,-1
2021421101774,2021,421101774,4,9,0,18,19,5,1,0,0,0,0,0,0,0,2,1,6,6,1,36,7,1353,1,1,KIA CEED,8,E01021347,0,-1
2021010334996,2021,010334996,1,9,9,99,99,9,9,99,99,9,9,99,9,99,9,9,6,6,2,36,7,1396,1,7,KIA CEED,6,E01001565,0,-1
2021131094766,2021,131094766,1,9,0,7,7,1,5,0,0,5,0,0,0,0,1,1,6,6,2,28,6,1396,1,12,KIA CEED,6,E01011480,0,-1
2021122100758,2021,122100758,1,9,0,5,5,6,2,0,0,1,0,0,0,0,0,1,6,6,1,74,10,1591,1,14,KIA CEED,9,E01027845,0,-1
2021991099505,2021,991099505,2,9,0,5,5,8,8,0,0,4,0,0,0,0,1,1,1,1,1,30,6,1582,2,4,KIA CEED,1,-1,0,-1
2021440214025,2021,440214025,2,9,0,18,19,2,8,0,0,8,0,0,0,0,4,1,6,6,1,35,6,1582,2,8,KIA CEED,10,E01022884,0,-1
2021522106033,2021,522106033,1,9,0,18,19,7,3,0,0,8,0,0,0,0,0,1,6,6,2,39,7,1582,2,10,KIA CEED,8,E01014456,0,-1
202131A138121,2021,31A138121,1,9,0,18,19,6,2,0,0,8,0,0,0,0,1,1,6,6,1,24,5,1368,1,5,KIA CEED,-1,-1,0,-1
2021010332057,2021,010332057,1,9,0,9,9,7,4,0,0,1,0,0,0,0,1,1,6,6,1,30,6,998,1,0,KIA CEED,3,E01030400,0,-1
202163D075621,2021,63D075621,2,9,0,10,10,6,4,0,0,8,0,0,0,0,0,1,2,2,2,61,9,1582,2,9,KIA CEED,2,W01000498,0,-1
2021010313592,2021,010313592,4,9,0,18,19,7,3,0,0,0,0,0,0,0,1,1,6,6,1,25,5,1582,2,3,KIA CEED,4,E01004368,0,-1
2021430478188,2021,430478188,1,9,0,3,3,1,5,0,0,0,0,0,0,0,2,1,6,6,1,39,7,1396,1,11,KIA CEED,2,E01016438,0,-1
2021131122018,2021,131122018,1,9,0,9,9,8,4,0,0,1,0,0,0,0,1,1,6,6,1,52,8,1582,2,3,KIA CEED,7,E01011056,0,-1
2021010350606,2021,010350606,2,9,0,99,99,9,9,0,0,9,1,0,0,0,1,1,6,6,3,-1,-1,1582,2,9,KIA CEED,3,E01000432,0,-1
2021421051571,2021,421051571,1,9,0,9,9,7,5,0,0,8,0,0,0,0,1,1,5,6,1,54,8,1591,1,9,KIA CEED,6,E01022035,0,-1
2021010298754,2021,010298754,2,9,0,10,10,2,7,0,0,1,0,0,0,0,3,1,6,6,1,61,9,1591,1,10,KIA CEED,4,E01001222,0,-1
2021061038216,2021,061038216,1,9,0,9,9,7,5,0,0,8,0,0,0,0,1,1,5,6,1,61,9,1582,2,9,KIA CEED,3,E01006380,0,-1
2021421036259,2021,421036259,2,9,0,18,19,7,3,0,0,8,0,0,0,0,4,1,5,6,2,39,7,1582,2,11,KIA CEED,2,E01021998,0,-1
20211382Q1950,2021,1382Q1950,1,9,0,9,9,3,1,0,0,8,0,0,0,0,1,1,6,6,1,82,11,1582,2,9,KIA CEED,3,E01011582,0,-1
2021501106842,2021,501106842,1,9,0,18,19,4,7,0,0,0,0,0,0,0,1,1,6,6,1,70,10,1591,1,6,KIA CEED,9,E01033233,0,-1
2021141106151,2021,141106151,2,9,0,18,19,1,5,0,0,0,0,0,0,0,3,1,5,6,1,56,9,1591,1,7,KIA CEED,8,E01011556,0,-1
2021101111993,2021,101111993,2,9,0,4,4,5,1,0,0,0,0,0,0,0,2,1,5,6,2,36,7,1582,2,9,KIA CEED,4,E01008209,0,-1
2021440122725,2021,440122725,2,9,0,4,4,3,7,0,0,0,0,0,0,0,2,1,2,2,2,51,8,1582,2,4,KIA CEED,3,E01015293,0,-1
2021471089609,2021,471089609,1,9,0,18,19,1,5,0,0,0,0,0,0,0,4,1,6,6,1,37,7,1582,2,12,KIA CEED,6,E01016933,0,-1
2021052102525,2021,052102525,1,9,0,18,19,3,7,0,0,0,0,0,0,0,1,1,1,1,1,53,8,1582,2,11,KIA CEED,1,E01005219,0,-1
2021991082195,2021,991082195,3,9,0,4,4,3,6,0,0,1,1,4,0,0,1,1,5,6,1,60,9,1598,2,1,KIA CEED,-1,-1,0,-1
2021421083427,2021,421083427,2,9,0,18,19,2,6,0,0,0,0,0,0,0,2,1,5,6,1,51,8,1598,2,1,KIA CEED,2,E01021318,0,-1
202131B181421,2021,31B181421,1,9,0,7,7,2,4,0,0,8,0,0,0,0,3,1,6,6,2,62,9,1582,2,5,KIA CEED,5,E01028003,0,-1
2021010338622,2021,010338622,1,9,0,99,99,9,9,99,99,0,9,99,9,99,1,1,6,6,3,-1,-1,1582,2,5,KIA CEED,7,E01003815,0,-1
2021991084924,2021,991084924,1,9,0,7,7,2,4,0,0,8,0,0,7,0,1,1,5,6,1,42,7,1582,2,5,KIA CEED,2,-1,0,-1
2021622100229,2021,622100229,3,8,0,2,2,0,0,0,0,0,0,0,0,0,2,1,6,6,3,-1,-1,1591,1,12,-1,-1,-1,0,-1
2021221071272,2021,221071272,1,9,3,16,19,7,2,0,0,0,0,0,0,0,1,1,5,6,1,74,10,1582,2,8,KIA CEED,5,E01008091,0,-1
2021111044449,2021,111044449,2,9,0,3,3,3,7,0,0,4,0,0,0,0,2,1,6,6,2,30,6,1582,2,13,KIA CEED,3,E01020884,0,-1
2021421106765,2021,421106765,2,9,0,3,3,2,6,0,0,0,0,0,0,0,2,1,6,6,1,60,9,1582,2,3,KIA CEED,7,E01026351,0,-1
2021201149828,2021,201149828,1,9,0,9,9,4,2,0,0,5,0,0,0,0,4,1,1,1,1,48,8,1582,2,7,KIA CEED,3,E01008890,0,-1
2021111106694,2021,111106694,3,9,0,18,19,5,1,0,0,0,0,0,0,0,2,1,6,6,1,55,8,1582,2,4,KIA CEED,3,E01028011,0,-1
2021351058670,2021,351058670,2,9,0,2,2,0,0,0,0,0,0,4,0,0,1,1,5,6,1,43,7,1582,2,8,KIA CEED,-1,-1,0,-1
2021302100380,2021,302100380,1,9,0,17,19,2,6,0,0,0,0,0,0,0,1,1,6,6,1,30,6,1582,2,10,KIA CEED,1,E01005235,0,-1
2021010315864,2021,010315864,2,9,0,99,99,9,9,99,99,9,9,99,9,99,1,9,6,6,1,38,7,1582,2,4,KIA CEED,5,E01001998,0,-1
2021231059533,2021,231059533,1,9,0,5,5,1,5,0,0,4,0,0,0,0,4,1,5,6,1,29,6,1591,1,14,KIA CEED,4,E01029820,0,-1
2021141020269,2021,141020269,1,9,0,16,19,1,1,0,0,0,1,11,0,0,1,1,3,7,2,36,7,1396,1,14,KIA CEED,7,E01007589,0,-1
2021520106216,2021,520106216,1,9,0,18,19,2,5,0,0,4,0,0,0,0,2,1,6,6,2,38,7,1396,1,12,KIA CEED,3,E01015212,0,-1