collision_index,collision_year,collision_ref_no,vehicle_reference,vehicle_type,towing_and_articulation,vehicle_manoeuvre_historic,vehicle_manoeuvre,vehicle_direction_from,vehicle_direction_to,vehicle_location_restricted_lane_historic,vehicle_location_restricted_lane,junction_location,skidding_and_overturning,hit_object_in_carriageway,vehicle_leaving_carriageway,hit_object_off_carriageway,first_point_of_impact,vehicle_left_hand_drive,journey_purpose_of_driver_historic,journey_purpose_of_driver,sex_of_driver,age_of_driver,age_band_of_driver,engine_capacity_cc,propulsion_code,age_of_vehicle,generic_make_model,driver_imd_decile,lsoa_of_driver,escooter_flag,driver_distance_banding
2021371101470,2021,371101470,2,9,0,18,19,6,2,0,0,8,0,0,0,0,1,1,2,2,1,26,6,1582,2,12,KIA CEED,6,E01026893,0,-1
2021010341242,2021,010341242,2,9,0,3,3,3,7,0,0,2,0,0,0,0,2,1,6,6,2,38,7,1580,8,1,KIA CEED,3,E01003109,0,-1
2021131102885,2021,131102885,2,9,0,5,5,7,3,0,0,0,0,0,0,0,3,1,6,6,2,28,6,1591,1,7,KIA CEED,2,E01011681,0,-1
2021501112401,2021,501112401,1,9,0,18,19,7,7,0,0,1,0,0,8,11,1,1,5,6,1,58,9,1353,1,1,KIA CEED,3,E01018907,0,-1
2021141035631,2021,141035631,2,9,0,18,19,2,6,0,0,0,0,0,0,0,2,1,6,6,1,55,8,1582,2,7,KIA CEED,2,E01007784,0,-1
2021122100471,2021,122100471,1,9,0,5,5,7,5,0,0,6,0,0,0,0,3,1,6,6,1,88,11,1582,2,8,KIA CEED,9,E01013370,0,-1
2021041102396,2021,041102396,2,9,0,2,2,0,0,9,9,1,0,4,1,0,3,1,6,6,3,-1,-1,998,1,1,KIA CEED,-1,-1,0,-1
2021010304722,2021,010304722,1,9,0,4,4,1,5,0,0,1,0,0,0,0,1,1,6,6,2,58,9,1582,2,5,KIA CEED,3,E01000737,0,-1
202163A088121,2021,63A088121,2,9,0,10,10,5,2,0,0,8,0,0,0,0,1,1,6,6,2,29,6,1353,1,3,KIA CEED,3,W01000711,0,-1
2021221093616,2021,221093616,1,9,0,18,19,7,3,0,0,0,0,0,0,0,1,1,5,6,2,23,5,1582,2,10,KIA CEED,4,E01028978,0,-1
2021122100803,2021,122100803,2,9,0,18,19,1,5,0,0,0,0,0,0,0,1,1,6,6,2,65,9,1582,2,11,KIA CEED,6,E01027756,0,-1
2021111015886,2021,111015886,2,9,0,18,19,8,4,0,0,0,1,11,7,0,2,1,6,6,1,66,10,1582,2,5,KIA CEED,8,E01012065,0,-1
2021371097511,2021,371097511,2,9,0,9,9,3,1,0,0,8,0,0,0,0,1,1,1,1,1,36,7,1582,2,13,KIA CEED,3,E01030287,0,-1
2021010304981,2021,010304981,1,9,0,3,3,7,3,0,0,0,0,0,0,0,2,1,6,6,2,44,7,1591,1,11,KIA CEED,9,E01000266,0,-1
2021111028062,2021,111028062,2,9,0,9,9,3,4,0,0,8,0,0,0,0,1,1,5,6,1,59,9,1582,2,12,KIA CEED,2,E01012318,0,-1
2021161084482,2021,161084482,1,9,0,9,9,4,2,0,0,5,0,0,0,0,3,1,5,6,2,33,6,1591,1,13,KIA CEED,6,E01013027,0,-1
2021991069811,2021,991069811,1,9,0,16,19,7,3,0,0,0,1,0,0,0,1,1,6,6,1,22,5,1582,2,12,KIA CEED,6,-1,0,-1
2021170S11501,2021,170S11501,2,9,0,7,7,8,4,0,0,1,0,0,0,0,1,1,6,6,1,30,6,1582,2,11,KIA CEED,-1,-1,0,-1
2021421121646,2021,421121646,2,9,0,18,19,7,3,0,0,0,0,0,1,0,1,1,5,6,2,27,6,1582,2,6,KIA CEED,5,E01021982,0,-1
2021471092574,2021,471092574,2,9,0,17,19,4,1,0,0,0,1,0,0,0,3,1,2,2,2,53,8,1582,2,5,KIA CEED,4,E01021045,0,-1
2021440150562,2021,440150562,2,9,0,3,3,2,6,0,0,1,0,0,0,0,2,1,3,7,2,32,6,998,1,6,KIA CEED,6,E01022657,0,-1
2021231082318,2021,231082318,3,9,0,18,19,8,4,0,0,0,2,0,0,0,3,1,5,6,1,47,8,1591,1,13,KIA CEED,6,E01014975,0,-1
2021141024709,2021,141024709,1,9,0,5,5,5,1,0,0,8,0,0,0,0,3,1,5,6,1,83,11,1396,1,10,KIA CEED,7,E01007589,0,-1
2021991019323,2021,991019323,1,9,0,13,13,7,3,0,0,0,1,0,1,2,1,1,6,6,1,21,5,1396,1,9,KIA CEED,10,-1,0,-1
2021991142329,2021,991142329,2,9,0,18,19,3,7,0,0,0,0,1,0,0,1,1,6,6,1,64,9,998,1,3,KIA CEED,6,-1,0,-1
2021471068307,2021,471068307,2,9,0,18,19,6,2,0,0,3,0,0,0,0,3,1,5,6,1,20,4,998,1,2,KIA CEED,4,E01031473,0,-1
2021201089481,2021,201089481,2,9,0,18,19,7,3,0,0,1,0,10,1,2,4,1,6,6,2,33,6,1582,2,9,KIA CEED,1,E01010111,0,-1
2021010350268,2021,010350268,2,9,0,99,99,9,9,99,99,0,9,99,9,99,1,9,6,6,3,-1,-1,998,1,1,KIA CEED,5,E01004522,0,-1
2021320403985,2021,320403985,2,9,0,18,19,4,8,0,0,1,0,0,0,0,1,1,6,6,1,36,7,1582,2,8,KIA CEED,5,E01026151,0,-1
2021361027639,2021,361027639,2,9,0,18,19,5,1,0,0,0,1,0,0,0,3,1,2,2,1,43,7,1582,2,7,KIA CEED,2,E01030265,0,-1
2021010340351,2021,010340351,2,9,0,18,19,3,7,0,0,8,0,0,0,0,1,1,6,6,1,74,10,1582,2,10,KIA CEED,4,E01001009,0,-1
2021131084006,2021,131084006,1,9,0,4,4,5,1,0,0,1,0,0,0,0,4,1,5,6,1,27,6,1591,1,6,KIA CEED,2,E01011025,0,-1
2021302100481,2021,302100481,1,9,0,5,5,4,8,0,0,4,0,0,0,0,1,1,6,6,2,68,10,1582,2,3,KIA CEED,6,E01019862,0,-1
2021622100082,2021,622100082,1,9,0,18,19,2,6,0,0,8,0,0,0,0,1,1,2,2,1,21,5,1582,2,3,KIA CEED,8,W01000771,0,-1
2021221093476,2021,221093476,1,9,0,18,19,1,5,0,0,8,0,10,0,0,3,1,5,6,1,23,5,998,1,0,KIA CEED,5,E01028931,0,-1
2021201063236,2021,201063236,3,9,0,3,3,4,8,0,0,0,0,0,0,0,2,1,6,6,1,27,6,1591,1,13,KIA CEED,1,E01009572,0,-1
2021361120443,2021,361120443,4,9,0,-1,-1,-1,-1,-1,-1,0,-1,-1,-1,0,-1,1,6,6,3,-1,-1,1582,2,9,KIA CEED,-1,-1,0,-1
2021461045124,2021,461045124,1,9,0,18,19,5,1,0,0,2,0,0,0,0,1,1,2,2,2,24,5,1582,2,8,KIA CEED,1,E01024659,0,-1
202131C064821,2021,31C064821,1,9,0,11,11,2,6,0,0,3,0,0,0,0,4,1,6,6,1,44,7,1582,2,6,KIA CEED,1,E01013921,0,-1
2021131076654,2021,131076654,1,9,0,18,19,2,6,0,0,8,0,0,0,0,1,1,6,6,2,24,5,1591,1,10,KIA CEED,7,E01011053,0,-1
2021201144855,2021,201144855,1,9,0,5,5,8,4,0,0,4,0,0,0,0,3,1,6,6,1,57,9,1582,2,7,KIA CEED,5,E01009926,0,-1
2021010325179,2021,010325179,2,9,0,18,19,5,1,0,0,0,0,4,0,0,1,1,6,6,2,57,9,1582,2,11,KIA CEED,6,E01000232,0,-1
2021540107121,2021,540107121,1,9,0,4,4,2,6,0,0,1,0,0,0,0,4,1,6,6,1,77,11,1396,1,12,KIA CEED,6,E01031967,0,-1
2021041023229,2021,041023229,1,9,0,18,19,1,5,0,0,4,0,0,0,0,3,1,5,6,1,80,11,1582,2,13,KIA CEED,9,E01025377,0,-1
2021520106286,2021,520106286,1,9,0,18,19,4,8,0,0,0,0,0,0,0,1,1,6,6,1,59,9,1582,2,4,KIA CEED,3,E01029235,0,-1
2021131103984,2021,131103984,2,9,0,18,19,1,5,0,0,6,0,0,0,0,1,1,5,6,2,68,10,1582,2,9,KIA CEED,2,E01008632,0,-1
2021221078763,2021,221078763,1,9,0,16,19,8,4,0,0,0,0,0,0,0,1,1,5,6,2,49,8,1582,2,13,KIA CEED,3,E01032241,0,-1
2021010312563,2021,010312563,1,9,0,18,19,1,5,0,0,6,0,0,3,0,3,1,6,6,1,63,9,1582,2,9,KIA CEED,5,E01001105,0,-1
2021131072810,2021,131072810,1,9,0,7,7,7,1,-1,-1,8,0,0,0,0,-1,1,6,6,3,-1,-1,1582,2,8,KIA CEED,-1,-1,0,-1
2021302100849,2021,302100849,1,9,0,18,19,4,6,0,0,0,0,0,0,0,3,1,6,6,1,31,6,1582,2,14,KIA CEED,1,E01033687,0,-1
2021122101540,2021,122101540,2,9,0,18,19,4,8,0,0,0,1,0,0,0,1,1,6,6,2,29,6,1582,2,10,KIA CEED,-1,-1,0,-1
2021131043773,2021,131043773,2,9,0,7,7,3,1,0,0,0,1,0,0,0,1,1,5,6,1,34,6,1582,2,14,KIA CEED,1,E01010712,0,-1
2021991080441,2021,991080441,1,9,0,15,15,4,7,0,0,0,0,0,0,0,3,1,2,2,1,32,6,1582,2,10,KIA CEED,1,-1,0,-1
202131A172821,2021,31A172821,1,9,0,18,19,8,4,0,0,8,0,10,7,1,1,1,6,6,1,71,10,1353,1,2,KIA CEED,1,E01028268,0,-1
2021201130283,2021,201130283,2,9,0,18,19,3,7,0,0,2,0,7,0,0,2,1,6,6,2,54,8,1582,2,11,KIA CEED,5,E01009714,0,-1
2021991016359,2021,991016359,1,9,0,18,19,8,1,0,0,0,0,0,0,0,1,1,6,6,1,28,6,1582,2,10,KIA CEED,9,-1,0,-1
2021991101296,2021,991101296,2,9,0,18,19,6,2,0,0,0,0,0,0,0,4,1,5,6,2,38,7,1582,2,12,KIA CEED,1,-1,0,-1
2021501048676,2021,501048676,1,8,0,7,7,3,5,0,0,8,0,0,0,0,1,1,1,1,1,48,8,1582,2,8,KIA CEED,1,E01015232,0,-1
2021361062156,2021,361062156,1,9,0,18,19,3,7,0,0,0,0,0,0,0,1,1,5,6,1,24,5,1582,2,5,KIA CEED,9,E01026571,0,-1
2021041029654,2021,041029654,2,9,0,2,2,5,1,0,0,1,0,0,0,0,3,2,6,6,3,-1,-1,1353,1,2,KIA CEED,-1,-1,0,-1
2021991094117,2021,991094117,1,9,0,16,19,3,7,0,0,0,5,10,7,9,4,1,5,6,1,33,6,1582,2,10,KIA CEED,8,-1,0,-1
2021211053506,2021,211053506,1,9,0,4,4,5,4,0,0,0,0,0,0,0,2,1,6,6,1,61,9,1582,2,13,KIA CEED,4,E01028882,0,-1
2021461130099,2021,461130099,2,9,0,4,4,7,3,0,0,1,0,0,0,0,2,1,6,6,2,-1,-1,1582,2,8,KIA CEED,10,E01024348,0,-1
2021211153205,2021,211153205,1,9,0,9,9,6,4,0,0,1,0,0,0,0,1,1,6,6,1,38,7,1582,2,13,KIA CEED,1,E01014249,0,-1
2021302101936,2021,302101936,1,9,0,18,19,7,3,0,0,1,0,0,0,0,1,1,6,6,1,52,8,1582,2,7,KIA CEED,6,E01019680,0,-1
202106G078733,2021,06G078733,1,9,0,17,19,3,7,0,0,8,0,0,0,0,1,1,6,6,1,37,7,1396,1,11,KIA CEED,4,E01005934,0,-1
2021101019930,2021,101019930,1,9,0,18,19,5,3,0,0,1,0,0,0,0,4,1,5,6,1,51,8,1598,2,2,KIA CEED,9,E01008620,0,-1
2021471046584,2021,471046584,3,9,0,18,19,8,4,0,0,0,0,0,0,0,0,1,1,1,3,-1,-1,1598,2,2,KIA CEED,10,E01021210,0,-1
2021461050126,2021,461050126,1,9,0,9,9,5,7,0,0,5,0,0,0,0,4,1,6,6,3,37,7,2497,2,17,-1,-1,-1,0,-1
2021041098365,2021,041098365,1,9,0,18,19,1,7,0,0,8,0,0,0,0,1,1,5,6,2,65,9,1582,2,9,-1,7,E01024985,0,-1
2021531040734,2021,531040734,1,2,0,11,11,5,3,0,0,8,0,0,0,0,1,1,1,1,1,47,8,49,1,2,LEXMOTO HUNTER,5,E01022327,0,-1
2021320686397,2021,320686397,1,2,0,18,19,8,4,0,0,0,5,0,0,0,0,1,6,6,2,16,4,49,1,2,LEXMOTO HUNTER,-1,-1,0,-1
2021522104360,2021,522104360,2,2,0,18,19,7,2,0,0,3,0,0,0,0,1,1,6,6,1,17,4,49,1,2,LEXMOTO HUNTER,8,E01014745,0,-1
2021070118640,2021,070118640,1,2,0,18,19,7,3,0,0,1,0,0,0,0,1,1,6,6,1,18,4,48,1,4,LEXMOTO HUNTER,1,E01012441,0,-1
2021501071751,2021,501071751,2,2,0,18,19,8,4,0,0,1,0,0,0,0,1,1,5,6,1,16,4,49,1,1,LEXMOTO HUNTER,6,E01019920,0,-1
2021421116789,2021,421116789,1,2,0,4,4,2,1,0,0,2,1,0,0,0,3,1,2,2,1,16,4,49,1,2,LEXMOTO HUNTER,4,E01021651,0,-1
2021141088060,2021,141088060,2,2,0,18,19,2,6,0,0,0,0,0,0,0,1,1,5,6,1,16,4,49,1,2,LEXMOTO HUNTER,-1,-1,0,-1
2021991032512,2021,991032512,2,2,0,18,19,7,3,0,0,1,2,0,0,0,1,1,6,6,1,17,4,48,1,4,LEXMOTO HUNTER,2,-1,0,-1
2021461128352,2021,461128352,1,2,0,5,5,3,7,0,0,6,5,0,0,0,3,1,6,6,2,16,4,49,1,2,LEXMOTO HUNTER,8,E01023983,0,-1
2021122101493,2021,122101493,2,2,0,18,19,5,1,0,0,1,0,0,0,0,1,1,6,6,1,16,4,49,1,1,LEXMOTO HUNTER,7,E01027685,0,-1
2021440006388,2021,440006388,1,2,0,18,19,6,3,0,0,0,0,0,0,0,4,1,2,2,2,19,4,49,1,2,LEXMOTO HUNTER,1,E01017250,0,-1
2021170L21361,2021,170L21361,2,3,0,18,19,6,2,0,0,8,0,0,0,0,1,1,6,6,1,16,4,-1,-1,-1,LEXMOTO HUNTER,4,E01012167,0,-1
2021501025810,2021,501025810,1,2,0,17,19,1,5,0,0,4,1,0,0,0,3,1,2,2,1,53,8,48,1,4,LEXMOTO HUNTER,5,E01020122,0,-1
2021320756347,2021,320756347,2,2,0,18,19,2,6,0,0,8,0,0,0,0,1,1,6,6,1,16,4,49,1,2,LEXMOTO HUNTER,8,E01026365,0,-1
2021061087488,2021,061087488,1,2,0,5,5,4,8,0,0,8,0,0,0,0,1,1,6,6,1,16,4,49,1,2,LEXMOTO HUNTER,5,E01006044,0,-1
2021061104069,2021,061104069,1,3,0,4,4,3,7,0,0,1,1,0,0,0,1,1,2,2,1,34,6,123,1,5,-1,1,E01005180,0,-1
2021231056277,2021,231056277,2,3,0,18,19,8,4,0,0,8,0,0,0,0,1,1,2,2,1,37,7,123,1,5,-1,6,E01031206,0,-1
2021010296709,2021,010296709,1,3,0,99,99,9,9,99,99,9,9,99,9,99,2,1,2,2,1,41,7,123,1,6,-1,7,E01002939,0,-1
2021141018458,2021,141018458,2,3,0,18,19,5,1,0,0,1,0,0,0,0,1,1,6,6,1,26,6,123,1,6,-1,2,E01008057,0,-1
2021010344929,2021,010344929,2,9,0,18,19,2,6,0,0,0,0,0,0,0,4,1,6,6,1,67,10,1598,1,18,-1,2,E01001181,0,-1
2021041038565,2021,041038565,2,9,0,18,19,3,7,0,0,1,0,0,0,0,1,1,6,6,2,30,6,1598,1,18,-1,1,E01025423,0,-1
2021421051545,2021,421051545,2,9,0,18,19,7,3,0,0,0,0,0,0,0,1,1,5,6,1,69,10,1498,1,21,-1,8,E01021610,0,-1
2021141091193,2021,141091193,1,9,0,18,19,4,8,0,0,1,1,0,0,0,1,1,5,6,1,51,8,1598,1,18,-1,2,E01007975,0,-1
2021440310940,2021,440310940,2,9,0,18,19,1,5,0,0,6,0,0,0,0,3,1,6,6,1,57,9,1840,1,20,-1,-1,-1,0,-1
2021552101086,2021,552101086,2,9,0,18,19,8,4,0,0,8,0,0,0,0,3,1,6,6,2,83,11,1598,1,18,-1,5,E01015435,0,-1
2021471115020,2021,471115020,2,9,0,18,19,6,1,0,0,0,0,0,0,0,1,1,2,2,2,31,6,1598,1,19,-1,10,E01031710,0,-1
2021552101304,2021,552101304,1,9,0,18,19,8,4,0,0,0,5,0,0,0,1,1,6,6,2,87,11,1498,1,22,-1,9,E01020372,0,-1
2021552100284,2021,552100284,2,9,0,3,3,5,1,0,0,8,0,0,0,0,4,1,1,1,1,55,8,1991,1,23,-1,5,E01029229,0,-1
2021451014645,2021,451014645,1,19,0,18,19,1,5,0,0,0,1,0,1,0,1,1,1,1,1,36,7,2442,2,3,MITSUBISHI L200,8,E01030825,0,-1
2021461085110,2021,461085110,1,19,0,15,15,4,8,0,0,0,0,0,0,0,1,1,6,6,2,41,7,2442,2,4,MITSUBISHI L200,6,E01024054,0,-1
2021141059664,2021,141059664,2,19,0,4,4,1,5,0,0,1,0,0,0,0,1,1,6,6,1,-1,-1,2442,2,2,MITSUBISHI L200,9,E01008038,0,-1
2021201071516,2021,201071516,2,98,0,2,2,0,0,9,9,1,0,0,0,0,1,1,6,6,1,31,6,2442,2,2,-1,6,E01010177,0,-1
2021546883921,2021,546883921,1,19,0,18,19,5,1,0,0,0,0,0,0,0,3,1,6,6,1,39,7,2442,2,3,MITSUBISHI L200,2,E01031896,0,-1
2021430021539,2021,430021539,2,9,0,4,4,4,8,0,0,1,0,0,0,0,2,1,6,6,2,21,5,2835,2,16,MITSUBISHI L200,7,E01017642,0,-1
2021501064421,2021,501064421,1,19,0,18,19,3,7,0,0,0,0,0,0,0,1,1,6,6,2,35,6,2477,2,17,MITSUBISHI L200,4,E01019064,0,-1
2021070764792,2021,070764792,2,19,0,18,19,3,6,0,0,1,0,0,7,3,1,1,1,1,1,38,7,2442,2,3,MITSUBISHI L200,1,E01018310,0,-1
2021522102795,2021,522102795,3,19,0,18,19,6,2,0,0,0,0,0,0,0,2,1,6,6,1,25,5,2268,2,1,MITSUBISHI L200,-1,-1,0,-1
2021440072820,2021,440072820,1,19,0,5,5,6,4,0,0,8,0,0,0,0,1,1,6,6,1,29,6,2442,2,2,MITSUBISHI L200,7,E01017247,0,-1
2021010291631,2021,010291631,1,19,0,99,99,9,9,99,99,9,9,99,9,99,2,9,6,6,1,52,8,2442,2,2,MITSUBISHI L200,9,E01001123,0,-1
2021440447704,2021,440447704,2,19,0,4,4,6,2,0,0,1,0,0,0,0,1,1,6,6,3,-1,-1,2442,2,3,MITSUBISHI L200,-1,-1,0,-1
2021501133732,2021,501133732,2,19,0,2,2,0,0,0,0,0,0,0,0,0,4,1,6,6,1,38,7,2442,2,4,MITSUBISHI L200,8,E01019915,0,-1
202163D083721,2021,63D083721,1,19,0,18,19,2,6,0,0,0,1,0,2,10,1,1,6,6,1,24,5,2268,2,0,MITSUBISHI L200,5,E01029013,0,-1
2021451076983,2021,451076983,1,19,0,18,19,1,5,0,0,0,5,0,0,0,4,1,6,6,3,44,7,2477,2,8,MITSUBISHI L200,6,E01031579,0,-1
2021221073685,2021,221073685,1,19,0,4,4,8,5,0,0,0,0,0,0,0,3,1,5,6,1,38,7,2477,2,14,MITSUBISHI L200,5,E01032212,0,-1
2021010352309,2021,010352309,2,19,0,99,99,9,9,99,99,9,9,99,9,99,1,9,6,6,3,-1,-1,2268,2,1,MITSUBISHI L200,-1,-1,0,-1
2021371100770,2021,371100770,1,19,0,18,19,7,3,0,0,0,5,0,1,10,1,1,1,1,1,53,8,2477,2,8,MITSUBISHI L200,10,E01030104,0,-1
2021351046392,2021,351046392,1,19,0,4,4,3,7,0,0,0,0,0,0,0,1,1,1,1,1,46,8,2268,2,0,MITSUBISHI L200,9,E01015481,0,-1
2021471114859,2021,471114859,1,20,0,18,19,3,7,0,0,7,0,0,0,0,1,1,6,6,1,60,9,-1,-1,-1,MITSUBISHI L200,8,E01016992,0,-1
2021010299247,2021,010299247,2,19,0,99,99,9,9,99,99,9,9,99,9,99,1,9,6,6,3,-1,-1,2477,2,7,MITSUBISHI L200,2,E01001700,0,-1
2021421016609,2021,421016609,2,19,0,18,19,1,5,0,0,0,2,10,7,0,0,1,6,6,1,18,4,2477,2,16,MITSUBISHI L200,7,E01023335,0,-1
2021501115281,2021,501115281,1,19,0,18,19,1,5,0,0,0,0,0,0,0,1,1,6,6,1,49,8,2442,2,3,MITSUBISHI L200,8,E01020171,0,-1
2021541498321,2021,541498321,1,19,0,18,19,6,2,0,0,0,0,4,0,0,3,1,2,2,1,24,5,2477,2,15,MITSUBISHI L200,7,E01031891,0,-1
2021010303426,2021,010303426,1,19,0,99,99,9,9,99,99,9,9,99,9,99,9,9,6,6,2,29,6,2477,2,12,MITSUBISHI L200,4,E01030710,0,-1
2021430423986,2021,430423986,2,19,0,18,19,4,8,0,0,8,0,0,0,0,1,1,6,6,1,-1,-1,2477,2,12,MITSUBISHI L200,-1,-1,0,-1
2021501129704,2021,501129704,2,5,0,18,19,6,2,0,0,0,2,0,2,10,4,1,5,6,1,49,8,1078,1,12,-1,9,E01033234,0,-1
202131A138021,2021,31A138021,1,3,0,15,15,4,8,0,0,2,0,0,0,0,3,1,6,6,1,37,7,107,1,8,-1,3,E01019675,0,-1
2021522101969,2021,522101969,1,9,0,3,3,1,5,0,0,1,0,0,0,0,2,1,2,2,2,22,5,999,1,5,SEAT MII,5,E01029253,0,-1
2021101082547,2021,101082547,2,9,0,18,19,3,7,0,0,8,0,0,0,0,1,1,2,2,2,34,6,999,1,4,SEAT MII,4,E01027433,0,-1
2021122101460,2021,122101460,2,9,0,18,19,1,5,0,0,2,0,0,3,3,2,1,6,6,1,19,4,999,1,6,SEAT MII,6,E01025132,0,-1
2021371131390,2021,371131390,2,9,0,3,3,6,1,0,0,2,0,0,0,0,2,1,1,1,2,27,6,999,1,4,SEAT MII,7,E01030103,0,-1
2021010305206,2021,010305206,2,9,0,9,9,3,8,0,0,6,0,0,0,0,1,1,6,6,1,24,5,999,1,6,SEAT MII,4,E01001199,0,-1
2021010335445,2021,010335445,2,9,0,99,99,9,9,99,99,0,9,99,9,99,1,9,6,6,3,-1,-1,999,1,3,SEAT MII,-1,-1,0,-1
2021010345235,2021,010345235,1,9,0,5,5,1,5,0,0,2,0,0,0,0,1,1,1,1,2,26,6,999,1,5,SEAT MII,3,E01000545,0,-1
2021131098847,2021,131098847,1,9,0,18,19,1,5,0,0,8,0,0,0,0,1,1,5,6,2,74,10,999,1,7,SEAT MII,6,E01010816,0,-1
2021231084727,2021,231084727,1,9,0,18,19,4,8,0,0,8,0,0,0,0,1,1,5,6,2,27,6,999,1,6,SEAT MII,3,E01009544,0,-1
2021201066357,2021,201066357,2,9,0,18,19,1,5,0,0,2,0,0,0,0,3,1,6,6,1,18,4,999,1,6,SEAT MII,6,E01009183,0,-1
2021161089127,2021,161089127,2,9,0,18,19,7,3,0,0,8,0,0,0,0,1,1,5,6,2,60,9,999,1,6,SEAT MII,10,W01001636,0,-1
2021041107892,2021,041107892,2,9,0,5,5,5,5,0,0,1,0,0,0,0,2,2,5,6,2,53,8,-1,3,0,SEAT MII,6,E01025168,0,-1
2021361083681,2021,361083681,2,9,0,18,19,1,5,0,0,1,0,0,0,0,1,1,5,6,2,50,8,999,1,3,SEAT MII,9,E01026500,0,-1
20211381H0564,2021,1381H0564,1,9,0,9,9,7,3,0,0,6,0,0,0,0,1,1,6,6,2,49,8,999,1,6,SEAT MII,1,E01010735,0,-1
202106F079785,2021,06F079785,1,9,0,18,19,8,4,0,0,1,0,0,0,0,2,1,6,6,1,44,7,999,1,7,SEAT MII,2,E01005450,0,-1
2021991089347,2021,991089347,2,9,0,2,2,0,0,0,0,0,0,0,0,0,2,1,2,2,1,30,6,999,1,6,SEAT MII,2,-1,0,-1
2021501075767,2021,501075767,1,9,0,18,19,3,7,0,0,1,0,0,0,0,1,1,1,1,2,45,7,999,1,5,SEAT MII,5,E01018920,0,-1
2021010312438,2021,010312438,1,9,0,18,19,7,3,0,0,0,0,0,0,0,1,1,2,2,2,34,6,999,1,7,SEAT MII,6,E01030736,0,-1
2021401102118,2021,401102118,2,9,0,18,19,7,3,0,0,1,1,0,0,0,1,1,6,6,2,23,5,999,1,7,SEAT MII,6,E01017435,0,-1
2021070449653,2021,070449653,1,9,0,18,19,2,6,0,0,0,0,0,1,4,1,1,6,6,1,25,5,999,1,7,SEAT MII,6,E01032211,0,-1
2021991038279,2021,991038279,1,9,0,7,7,3,7,0,0,2,0,0,0,0,4,1,6,6,1,53,8,999,1,8,SEAT MII,1,-1,0,-1
2021302100953,2021,302100953,1,9,0,4,4,4,8,0,0,0,0,0,0,0,2,1,6,6,1,19,4,999,1,4,SEAT MII,7,E01019528,0,-1
2021141032128,2021,141032128,1,9,0,18,19,1,5,0,0,1,0,0,0,0,4,1,2,2,2,34,6,999,1,6,SEAT MII,5,E01008153,0,-1
2021991067657,2021,991067657,2,9,0,18,19,8,4,0,0,0,0,0,0,0,2,1,5,6,1,23,5,999,1,3,SEAT MII,10,-1,0,-1
202163C023721,2021,63C023721,2,9,0,18,19,2,6,0,0,0,0,0,0,0,4,1,6,6,2,63,9,999,1,6,SEAT MII,4,W01000605,0,-1
2021461095788,2021,461095788,2,9,0,18,19,7,3,0,0,0,0,0,0,0,1,1,6,6,2,68,10,999,1,5,SEAT MII,7,E01024740,0,-1
202131A040421,2021,31A040421,2,9,0,2,2,0,0,0,0,0,0,0,0,0,2,1,6,6,3,-1,-1,999,1,9,SEAT MII,-1,-1,0,-1
2021471035521,2021,471035521,1,9,0,7,7,3,5,0,0,8,0,0,0,0,1,1,5,6,2,74,10,999,1,8,SEAT MII,6,E01021097,0,-1
2021522103289,2021,522103289,1,9,0,18,19,3,7,0,0,8,0,0,0,0,1,1,6,6,2,20,4,999,1,8,SEAT MII,4,E01014571,0,-1
2021161087173,2021,161087173,1,9,0,16,19,2,4,0,0,0,0,0,0,0,4,1,2,2,2,24,5,999,1,5,SEAT MII,6,E01013122,0,-1
2021221051334,2021,221051334,2,9,0,5,5,7,3,0,0,0,0,0,0,0,1,1,5,6,2,70,10,999,1,6,SEAT MII,6,E01032288,0,-1
2021440505383,2021,440505383,1,9,0,9,9,5,3,0,0,8,0,0,0,0,1,1,6,6,1,21,5,999,1,8,SEAT MII,4,E01017128,0,-1
2021231025745,2021,231025745,2,9,0,18,19,5,1,0,0,8,0,0,0,0,1,1,5,6,2,79,11,999,1,7,SEAT MII,8,E01031246,0,-1
2021361095949,2021,361095949,1,9,0,18,19,5,2,0,0,8,0,0,0,0,1,1,6,6,2,83,11,999,1,5,SEAT MII,3,E01018097,0,-1
2021371056320,2021,371056320,2,9,0,2,2,3,3,0,0,1,0,0,0,0,2,1,6,6,3,-1,-1,999,1,9,SEAT MII,-1,-1,0,-1
2021501060607,2021,501060607,2,9,0,3,3,8,4,0,0,0,0,0,0,0,2,1,6,6,1,57,9,999,1,9,SEAT MII,1,E01029046,0,-1
2021201066176,2021,201066176,2,9,0,18,19,1,6,0,0,8,0,0,0,0,4,1,6,6,2,19,4,999,1,8,SEAT MII,9,E01009528,0,-1
2021501120401,2021,501120401,1,9,0,9,9,7,5,0,0,6,0,0,0,0,1,1,2,2,1,21,5,999,1,6,SEAT MII,10,E01022573,0,-1
2021141107446,2021,141107446,2,9,0,9,9,1,6,0,0,8,0,0,0,0,3,2,2,2,1,23,5,999,1,2,SEAT MII,2,E01007697,0,-1
2021070518723,2021,070518723,2,9,0,18,19,8,4,0,0,0,0,0,0,0,2,1,6,6,2,19,4,999,1,2,SEAT MII,9,E01018442,0,-1