collision_index,collision_year,collision_ref_no,vehicle_reference,vehicle_type,towing_and_articulation,vehicle_manoeuvre_historic,vehicle_manoeuvre,vehicle_direction_from,vehicle_direction_to,vehicle_location_restricted_lane_historic,vehicle_location_restricted_lane,junction_location,skidding_and_overturning,hit_object_in_carriageway,vehicle_leaving_carriageway,hit_object_off_carriageway,first_point_of_impact,vehicle_left_hand_drive,journey_purpose_of_driver_historic,journey_purpose_of_driver,sex_of_driver,age_of_driver,age_band_of_driver,engine_capacity_cc,propulsion_code,age_of_vehicle,generic_make_model,driver_imd_decile,lsoa_of_driver,escooter_flag,driver_distance_banding
2021320199935,2021,320199935,1,19,0,18,19,3,7,0,0,0,0,0,0,0,1,1,1,1,1,19,4,1499,2,2,FORD TRANSIT COURIER,6,E01026135,0,-1
2021552100671,2021,552100671,1,9,0,18,19,4,8,0,0,0,0,4,0,0,1,1,6,6,1,30,6,1499,2,3,FORD TRANSIT COURIER,10,E01020358,0,-1
2021471095709,2021,471095709,1,19,0,18,19,5,1,0,0,1,0,0,0,0,1,1,5,6,1,58,9,1499,2,4,FORD TRANSIT COURIER,9,E01017001,0,-1
202131B011421,2021,31B011421,1,19,0,18,19,3,8,0,0,4,0,0,0,0,3,1,1,1,1,52,8,1499,2,2,FORD TRANSIT COURIER,9,E01013316,0,-1
2021411056333,2021,411056333,2,19,0,18,19,1,5,0,0,1,0,0,0,0,1,1,6,6,1,61,9,998,1,3,FORD TRANSIT COURIER,7,E01021832,0,-1
2021010308460,2021,010308460,1,19,0,18,19,1,5,0,0,8,0,0,0,0,4,1,2,2,1,63,9,1499,2,4,FORD TRANSIT COURIER,3,E01000054,0,-1
2021052101413,2021,052101413,2,19,0,3,3,5,1,0,0,4,0,0,0,0,2,1,1,1,2,24,5,1499,2,0,FORD TRANSIT COURIER,8,E01006827,0,-1
2021201029197,2021,201029197,2,19,0,18,19,5,1,0,0,0,0,0,0,0,1,1,6,6,1,59,9,1499,2,4,FORD TRANSIT COURIER,6,E01010082,0,-1
2021411070530,2021,411070530,2,19,0,4,4,3,2,0,0,8,5,0,7,0,3,1,1,1,1,78,11,1499,2,5,FORD TRANSIT COURIER,1,E01015773,0,-1
2021361077489,2021,361077489,3,19,0,8,8,5,7,0,0,1,0,0,0,0,1,1,5,6,2,45,7,1499,2,3,FORD TRANSIT COURIER,4,E01026732,0,-1
2021991013103,2021,991013103,1,19,0,18,19,8,4,0,0,0,0,0,1,11,1,1,1,1,1,58,9,1499,2,2,FORD TRANSIT COURIER,7,-1,0,-1
2021471050488,2021,471050488,1,19,0,1,1,7,7,0,0,1,0,0,0,0,2,1,5,6,1,23,5,1499,2,1,FORD TRANSIT COURIER,6,E01024363,0,-1
2021041051094,2021,041051094,2,19,0,4,4,5,1,0,0,1,0,0,0,0,2,1,1,1,1,44,7,1499,2,3,FORD TRANSIT COURIER,1,E01025528,0,-1
202131C141921,2021,31C141921,2,19,0,1,1,4,8,0,0,0,0,0,0,0,2,1,1,1,1,54,8,1499,2,0,FORD TRANSIT COURIER,3,E01025989,0,-1
2021371084902,2021,371084902,2,19,0,4,4,5,1,0,0,0,0,0,0,0,1,1,1,1,1,28,6,1499,2,1,FORD TRANSIT COURIER,6,E01030057,0,-1
2021320704283,2021,320704283,1,19,0,16,19,2,4,0,0,0,0,0,7,4,1,1,1,1,1,58,9,998,1,0,FORD TRANSIT COURIER,10,E01026294,0,-1
20211382O0867,2021,1382O0867,3,19,0,9,9,1,3,0,0,6,0,0,0,0,3,1,1,1,1,44,7,998,1,1,FORD TRANSIT COURIER,8,E01011716,0,-1
2021440137600,2021,440137600,1,19,0,18,19,5,1,0,0,8,0,0,0,0,1,1,1,1,1,20,4,1499,2,6,FORD TRANSIT COURIER,7,E01023135,0,-1
2021131104095,2021,131104095,1,19,0,5,5,3,4,0,0,0,0,0,0,0,1,1,6,6,3,-1,-1,1499,2,4,FORD TRANSIT COURIER,-1,-1,0,-1
2021361145947,2021,361145947,2,19,0,3,3,7,3,0,0,1,0,0,0,0,2,1,1,1,1,52,8,1499,2,4,FORD TRANSIT COURIER,4,E01029927,0,-1
2021010295281,2021,010295281,1,19,0,99,99,9,9,99,99,0,9,0,9,99,2,9,6,6,2,31,6,1560,2,6,FORD TRANSIT COURIER,5,E01028633,0,-1
2021211022534,2021,211022534,2,19,0,5,5,5,1,0,0,0,0,0,0,0,1,1,6,6,1,23,5,1499,2,3,FORD TRANSIT COURIER,1,E01010415,0,-1
2021141062610,2021,141062610,1,19,0,18,19,5,1,0,0,0,0,0,0,0,1,1,6,6,1,26,6,1499,2,4,FORD TRANSIT COURIER,2,E01007796,0,-1
2021430309708,2021,430309708,2,19,0,4,4,5,1,0,0,1,0,0,0,0,2,1,1,1,1,38,7,998,1,3,FORD TRANSIT COURIER,10,E01030487,0,-1
2021361042986,2021,361042986,1,19,0,9,9,4,2,0,0,1,0,0,0,0,1,1,1,1,1,26,6,1499,2,1,FORD TRANSIT COURIER,7,E01026564,0,-1
2021991144723,2021,991144723,1,19,0,9,9,2,1,0,0,1,0,0,0,0,0,1,6,6,1,33,6,1560,2,4,FORD TRANSIT COURIER,5,-1,0,-1
2021010306057,2021,010306057,2,19,0,18,19,5,1,0,0,6,0,0,0,0,4,1,1,1,1,22,5,998,1,1,FORD TRANSIT COURIER,4,E01003739,0,-1
2021122101074,2021,122101074,1,19,0,9,9,7,2,0,0,4,0,0,0,0,3,1,1,1,1,76,11,998,1,4,FORD TRANSIT COURIER,7,E01013364,0,-1
2021531069285,2021,531069285,1,19,0,18,19,1,5,0,0,1,0,0,0,0,1,1,5,6,1,55,8,1560,2,6,FORD TRANSIT COURIER,10,E01022360,0,-1
2021010319224,2021,010319224,2,19,0,99,99,9,9,99,99,9,9,99,9,99,1,9,6,6,3,29,6,1499,2,4,FORD TRANSIT COURIER,9,E01001123,0,-1
2021461120829,2021,461120829,1,19,0,18,19,5,2,0,0,0,0,0,0,0,4,1,6,6,1,33,6,1499,2,2,FORD TRANSIT COURIER,6,E01024807,0,-1
2021010304963,2021,010304963,3,19,0,18,19,3,7,0,0,0,1,0,0,0,1,1,6,6,1,37,7,1499,2,6,FORD TRANSIT COURIER,4,E01000618,0,-1
202131D018821,2021,31D018821,1,19,0,14,14,2,6,0,0,1,0,0,0,0,1,1,6,6,1,25,5,1499,2,6,FORD TRANSIT COURIER,7,E01028124,0,-1
2021430058471,2021,430058471,2,19,0,18,19,8,4,0,0,0,0,0,0,0,1,1,6,6,1,45,7,1560,2,6,FORD TRANSIT COURIER,-1,-1,0,-1
2021010300276,2021,010300276,2,19,0,99,99,9,9,99,99,9,9,99,9,99,9,9,6,6,3,27,6,1499,2,1,FORD TRANSIT COURIER,6,E01030631,0,-1
2021141062781,2021,141062781,2,19,0,5,5,5,1,0,0,1,0,0,0,0,1,1,6,6,3,-1,-1,998,1,1,FORD TRANSIT COURIER,-1,-1,0,-1
2021991084149,2021,991084149,1,19,0,18,19,7,3,9,9,0,0,0,7,4,1,1,2,2,1,28,6,1499,2,4,FORD TRANSIT COURIER,7,-1,0,-1
2021531082827,2021,531082827,2,4,0,17,19,3,7,0,0,8,0,0,0,0,1,1,2,2,1,49,8,499,1,19,-1,3,E01022153,0,-1
2021440219553,2021,440219553,2,3,0,9,9,2,1,0,0,8,0,0,0,0,1,1,6,6,1,47,8,249,1,5,-1,2,E01033237,0,-1
2021371122182,2021,371122182,2,5,0,18,19,1,5,0,0,0,0,0,0,0,1,1,2,2,1,45,7,296,1,6,-1,2,E01029969,0,-1
2021451077946,2021,451077946,1,5,0,18,19,5,1,0,0,0,1,0,0,0,3,1,5,6,1,47,8,636,1,15,KAWASAKI ZX636,10,E01030680,0,-1
2021111073033,2021,111073033,2,5,0,18,19,5,1,0,0,0,0,0,0,0,1,1,5,6,1,47,8,636,1,1,KAWASAKI ZX636,8,E01020595,0,-1
2021361071402,2021,361071402,2,5,0,18,19,3,7,0,0,2,0,0,0,0,1,1,2,2,1,54,8,636,1,15,KAWASAKI ZX636,9,E01026916,0,-1
2021211179462,2021,211179462,1,97,0,18,19,2,6,0,0,0,2,0,0,0,1,1,6,6,1,53,8,636,1,18,-1,8,E01029749,0,-1
2021010339617,2021,010339617,2,5,0,14,14,3,7,0,0,1,0,0,0,0,1,1,6,6,2,31,6,636,1,3,KAWASAKI ZX636,2,E01003599,0,-1
2021211076407,2021,211076407,2,5,0,7,7,1,6,0,0,0,5,0,1,0,4,1,5,6,1,49,8,636,1,16,KAWASAKI ZX636,-1,-1,0,-1
2021451081795,2021,451081795,1,5,0,18,19,5,1,0,0,0,0,0,0,0,1,1,5,6,1,51,8,636,1,16,KAWASAKI ZX636,10,E01030891,0,-1
2021061039991,2021,061039991,1,4,0,17,19,4,1,0,0,2,0,0,0,0,1,1,6,6,1,36,7,636,1,18,-1,6,E01005596,0,-1
2021991074702,2021,991074702,1,5,0,15,15,8,3,0,0,0,0,0,0,0,1,1,5,6,1,33,6,636,1,2,KAWASAKI ZX636,3,-1,0,-1
2021991058598,2021,991058598,1,5,0,17,19,5,1,0,0,0,1,0,1,0,4,1,5,6,1,29,6,636,1,1,KAWASAKI ZX636,4,-1,0,-1
2021520101837,2021,520101837,1,5,0,18,19,6,2,0,0,1,1,0,0,0,1,1,6,6,2,48,8,636,1,5,KAWASAKI ZX636,6,E01032679,0,-1
2021031072046,2021,031072046,1,5,0,18,19,6,2,0,0,0,5,10,0,0,1,1,5,6,1,41,7,636,1,15,KAWASAKI ZX636,1,E01019248,0,-1
2021544532621,2021,544532621,1,5,0,18,19,7,3,0,0,0,1,0,0,0,0,1,6,6,1,41,7,942,1,16,-1,6,E01031853,0,-1
2021170L10471,2021,170L10471,1,3,0,18,19,3,7,0,0,0,1,0,0,0,4,1,2,2,2,57,9,125,1,6,-1,3,E01012181,0,-1
2021131117325,2021,131117325,2,3,0,-1,-1,-1,-1,-1,-1,-1,-1,-1,-1,-1,-1,1,6,6,1,32,6,125,1,5,-1,3,E01010789,0,-1
2021131125073,2021,131125073,1,3,0,3,3,5,1,0,0,4,0,0,0,0,2,1,2,2,2,31,6,125,1,7,-1,5,E01011197,0,-1
2021501029405,2021,501029405,2,3,0,2,2,0,0,0,0,1,0,0,0,0,1,1,6,6,1,30,6,125,1,5,-1,2,E01015239,0,-1
2021501127445,2021,501127445,1,3,0,4,4,7,3,0,0,0,1,0,0,0,3,1,5,6,1,36,7,125,1,0,LEXMOTO MICHIGAN,1,E01015231,0,-1
2021361096048,2021,361096048,1,3,0,18,19,1,5,0,0,0,0,0,0,0,1,1,5,6,1,17,4,125,1,1,LEXMOTO MICHIGAN,9,E01026448,0,-1
2021440511718,2021,440511718,2,3,0,18,19,8,4,0,0,0,0,0,0,0,3,1,6,6,1,20,4,125,1,2,LEXMOTO MICHIGAN,6,E01022736,0,-1
2021041149397,2021,041149397,2,3,0,18,19,5,1,0,0,1,1,0,0,0,0,1,1,1,1,47,8,125,1,6,LEXMOTO MICHIGAN,2,E01025445,0,-1
202131B193621,2021,31B193621,1,3,0,17,19,2,6,0,0,8,1,0,0,0,1,1,1,1,1,26,6,125,1,0,LEXMOTO MICHIGAN,3,E01028297,0,-1
2021421016337,2021,421016337,2,3,0,5,5,7,3,0,0,2,0,0,0,0,3,1,2,2,1,19,4,125,1,1,LEXMOTO MICHIGAN,2,E01015899,0,-1
2021201131967,2021,201131967,2,3,0,18,19,3,7,0,0,8,0,0,0,0,4,1,2,2,1,29,6,125,1,6,LEXMOTO MICHIGAN,4,E01009691,0,-1
2021302100376,2021,302100376,1,4,0,14,14,4,8,0,0,1,0,0,0,0,4,1,6,6,1,73,10,125,1,1,LEXMOTO MICHIGAN,1,E01019728,0,-1
2021440362030,2021,440362030,1,3,0,18,19,7,3,0,0,0,0,0,0,0,3,1,6,6,1,38,7,125,1,1,LEXMOTO MICHIGAN,9,E01017284,0,-1
2021201064120,2021,201064120,2,3,0,18,19,4,8,0,0,8,0,0,0,0,4,1,2,2,2,23,5,125,1,1,LEXMOTO MICHIGAN,1,E01009494,0,-1
2021440228676,2021,440228676,2,3,0,18,19,8,4,0,0,8,0,0,0,0,1,1,2,2,1,54,8,125,1,0,LEXMOTO MICHIGAN,6,E01022761,0,-1
2021440295716,2021,440295716,1,3,0,9,9,3,1,0,0,8,1,0,0,0,3,1,6,6,1,22,5,125,1,1,LEXMOTO MICHIGAN,9,E01023130,0,-1
2021141084764,2021,141084764,2,3,0,18,19,5,1,0,0,1,0,0,0,0,1,1,6,6,1,52,8,125,1,0,LEXMOTO MICHIGAN,2,E01007414,0,-1
2021221099667,2021,221099667,2,3,0,17,19,2,7,0,0,0,0,0,0,0,1,1,2,2,2,18,4,125,1,1,LEXMOTO MICHIGAN,5,E01033529,0,-1
2021010291514,2021,010291514,1,4,0,18,19,4,8,0,0,0,0,0,0,0,1,1,2,2,1,28,6,125,1,1,LEXMOTO MICHIGAN,3,E01002554,0,-1
2021141036131,2021,141036131,1,3,0,4,4,4,8,0,0,1,0,0,7,0,1,1,5,6,1,70,10,125,1,1,LEXMOTO MICHIGAN,4,E01007580,0,-1
2021501067066,2021,501067066,2,3,0,5,5,5,1,0,0,8,0,0,0,0,1,1,2,2,1,29,6,125,1,5,LEXMOTO MICHIGAN,2,E01015055,0,-1
2021221053397,2021,221053397,1,3,0,18,19,1,5,0,0,5,1,0,0,0,4,1,5,6,1,72,10,125,1,5,LEXMOTO MICHIGAN,7,E01032192,0,-1
2021451127722,2021,451127722,1,3,0,18,19,2,6,0,0,8,0,0,0,0,1,1,5,6,1,21,5,125,1,3,LEXMOTO MICHIGAN,4,E01030914,0,-1
2021520101890,2021,520101890,1,3,0,18,19,1,5,0,0,1,0,0,0,0,0,1,6,6,1,19,4,125,1,0,LEXMOTO MICHIGAN,7,E01029199,0,-1
2021501105440,2021,501105440,1,3,0,4,4,7,3,6,6,0,0,10,0,0,1,1,5,6,1,24,5,125,1,2,LEXMOTO MICHIGAN,5,E01020122,0,-1
2021010310999,2021,010310999,1,3,0,18,19,1,5,0,0,8,0,0,0,0,1,1,6,6,1,41,7,125,1,1,LEXMOTO MICHIGAN,4,E01000860,0,-1
2021041069207,2021,041069207,2,3,0,18,19,1,5,0,0,1,0,0,0,0,1,1,2,2,1,25,5,125,1,2,LEXMOTO MICHIGAN,3,E01025371,0,-1
2021440449384,2021,440449384,2,3,0,18,19,4,8,0,0,8,0,0,0,0,1,1,1,1,1,30,6,125,1,5,LEXMOTO MICHIGAN,9,E01022782,0,-1
2021522201531,2021,522201531,2,4,0,18,19,8,4,0,0,8,0,0,0,0,1,1,6,6,1,41,7,125,1,2,LEXMOTO MICHIGAN,6,E01014733,0,-1
2021201111825,2021,201111825,2,3,0,5,5,6,2,0,0,1,0,0,0,0,1,1,6,6,1,29,6,125,1,6,LEXMOTO MICHIGAN,4,E01009691,0,-1
2021161101628,2021,161101628,1,3,0,9,9,6,3,0,0,4,0,0,0,0,1,1,2,2,1,30,6,125,1,5,LEXMOTO MICHIGAN,3,E01012784,0,-1
2021201030006,2021,201030006,2,3,0,16,19,8,4,0,0,0,0,0,0,0,1,1,6,6,1,39,7,125,1,4,LEXMOTO MICHIGAN,2,E01009100,0,-1
2021031100664,2021,031100664,2,3,0,18,19,3,7,0,0,1,2,0,0,0,3,1,6,6,1,17,4,125,1,5,LEXMOTO MICHIGAN,4,E01019202,0,-1
2021052100371,2021,052100371,2,3,0,18,19,3,7,0,0,8,0,0,0,0,0,1,6,6,1,38,7,125,1,5,LEXMOTO MICHIGAN,5,E01006557,0,-1
2021320437181,2021,320437181,1,3,0,18,19,7,3,0,0,1,1,0,0,0,1,1,6,6,1,22,5,125,1,3,LEXMOTO MICHIGAN,1,E01013208,0,-1
2021371130616,2021,371130616,1,3,0,18,19,4,1,0,0,0,1,0,0,0,1,1,6,6,1,17,4,125,1,0,LEXMOTO MICHIGAN,4,E01022028,0,-1
2021501082425,2021,501082425,1,17,4,18,19,1,5,0,0,0,0,0,0,0,3,1,1,1,1,27,6,4397,2,2,MAKE AND MODEL REDACTED,2,E01018865,0,-1
2021461024838,2021,461024838,2,20,0,9,9,3,7,0,0,0,5,0,7,0,3,1,6,6,1,49,8,-1,-1,-1,-1,6,E01024245,0,-1
2021461090487,2021,461090487,2,17,5,18,19,1,5,0,0,0,0,0,7,0,3,1,5,6,1,36,7,-1,2,-1,MAKE AND MODEL REDACTED,7,E01024378,0,-1
2021531084518,2021,531084518,2,17,1,17,19,5,1,0,0,0,0,0,0,0,2,1,1,1,1,20,4,-1,2,15,MAKE AND MODEL REDACTED,7,E01022392,0,-1
2021471036322,2021,471036322,2,17,4,9,9,8,6,0,0,5,0,0,0,0,3,1,1,1,1,77,11,-1,2,27,MAKE AND MODEL REDACTED,7,E01021093,0,-1
2021302100411,2021,302100411,2,17,4,18,19,8,4,0,0,0,0,0,0,0,2,1,1,1,1,23,5,-1,2,1,MAKE AND MODEL REDACTED,10,E01033532,0,-1
2021501126667,2021,501126667,2,17,0,9,9,1,5,0,0,6,0,0,0,0,3,1,1,1,1,25,5,-1,2,28,MAKE AND MODEL REDACTED,5,E01018940,0,-1
2021520200062,2021,520200062,2,17,5,17,19,8,4,0,0,8,0,0,0,0,4,1,6,6,1,55,8,-1,2,7,MAKE AND MODEL REDACTED,5,E01032629,0,-1
2021501082396,2021,501082396,1,17,4,9,9,1,7,0,0,8,0,0,0,0,3,1,2,2,1,32,6,-1,2,-1,MAKE AND MODEL REDACTED,7,E01018818,0,-1
202163A017622,2021,63A017622,2,17,4,7,7,4,5,0,0,5,0,0,0,0,0,1,1,1,1,32,6,-1,2,18,-1,6,W01000674,0,-1
2021361131155,2021,361131155,1,17,4,1,1,7,3,0,0,0,0,0,0,0,2,1,1,1,1,21,5,6728,2,2,-1,4,E01026725,0,-1
2021161117109,2021,161117109,2,17,0,18,19,3,7,0,0,0,0,0,0,0,4,1,1,1,1,51,8,4400,2,14,-1,5,E01013249,0,-1
2021547358521,2021,547358521,1,17,4,18,19,7,3,0,0,0,0,0,0,0,3,1,6,6,1,63,9,6728,2,6,-1,6,E01029219,0,-1
2021010361667,2021,010361667,1,23,0,99,99,9,9,99,99,9,9,99,9,99,0,1,2,2,1,35,6,-1,3,2,-1,3,E01001492,0,-1
2021430026506,2021,430026506,2,23,0,18,19,3,7,0,0,0,0,0,0,0,0,1,6,6,1,27,6,-1,3,1,-1,5,E01028542,0,-1
2021522200704,2021,522200704,1,4,0,17,19,5,2,0,0,0,1,0,0,0,0,1,6,6,1,36,7,-1,3,1,-1,6,E01014865,0,-1
2021371075015,2021,371075015,2,5,0,18,19,5,1,0,0,1,0,0,0,0,1,1,2,2,1,25,5,1255,1,6,-1,3,E01022019,0,-1
2021010319458,2021,010319458,2,5,0,9,9,6,5,0,0,1,0,0,1,0,4,1,6,6,1,32,6,1255,1,7,-1,7,E01002465,0,-1
2021052101399,2021,052101399,1,5,0,13,13,4,8,0,0,0,1,0,0,0,0,1,6,6,1,58,9,1255,1,7,-1,2,E01007239,0,-1
2021461047126,2021,461047126,1,5,0,17,19,1,5,0,0,0,2,0,0,0,3,1,6,6,1,40,7,1255,1,7,-1,4,E01000731,0,-1
2021320735825,2021,320735825,1,5,0,18,19,2,6,0,0,0,2,0,0,0,4,1,6,6,1,37,7,1255,1,9,-1,6,E01026021,0,-1
202131B181521,2021,31B181521,1,5,0,9,9,4,8,0,0,6,1,0,0,0,1,1,2,2,1,54,8,1255,1,10,-1,6,E01028316,0,-1
2021010313743,2021,010313743,2,5,0,18,19,6,2,0,0,8,0,0,0,0,1,1,2,2,1,59,9,1255,1,10,-1,5,E01021114,0,-1
2021461040787,2021,461040787,1,4,0,14,14,5,8,0,0,0,0,0,0,0,4,1,5,6,1,58,9,1255,1,5,-1,3,E01000689,0,-1
2021430173913,2021,430173913,1,4,0,18,19,6,2,0,0,1,1,0,0,0,1,1,6,6,1,59,9,865,1,6,-1,10,E01016629,0,-1
2021991052657,2021,991052657,1,5,0,16,19,6,2,0,0,0,0,0,7,9,4,1,5,6,1,61,9,865,1,11,-1,3,-1,0,-1
202131A078721,2021,31A078721,2,5,0,18,19,6,2,0,0,8,1,0,0,0,4,1,6,6,1,30,6,865,1,15,-1,5,E01027947,0,-1
2021302100903,2021,302100903,1,5,0,16,19,8,4,0,0,0,0,0,8,7,1,1,6,6,1,49,8,865,1,8,-1,1,E01028066,0,-1
202134WNC2571,2021,34WNC2571,1,3,0,18,19,3,7,0,0,1,0,4,0,0,1,1,6,6,1,18,4,125,1,1,-1,9,E01027166,0,-1
2021361051379,2021,361051379,2,5,0,5,5,4,8,0,0,1,0,0,0,0,2,1,5,6,1,24,5,535,1,24,-1,6,E01026534,0,-1
2021010298751,2021,010298751,1,23,0,18,19,1,5,0,0,1,0,0,0,0,1,1,6,6,1,52,8,-1,3,3,-1,4,E01003513,0,-1
2021010304772,2021,010304772,1,2,0,18,19,7,3,0,0,0,0,0,0,0,3,1,6,6,2,17,4,-1,3,2,-1,4,E01002549,0,-1
2021451087963,2021,451087963,1,4,0,18,19,2,6,0,0,1,1,0,0,0,1,1,5,6,1,25,5,313,1,2,-1,9,E01022826,0,-1
2021010301497,2021,010301497,2,4,3,18,19,3,7,0,0,0,0,0,0,0,3,1,1,1,1,35,6,313,1,3,-1,3,E01000092,0,-1
2021522102562,2021,522102562,1,4,0,13,13,8,4,0,0,8,0,0,0,0,1,1,6,6,1,29,6,313,1,1,-1,7,E01029063,0,-1
2021211119623,2021,211119623,2,4,0,18,19,3,8,0,0,1,2,0,0,0,1,1,5,6,1,56,9,313,1,1,-1,8,E01014214,0,-1
2021010314643,2021,010314643,1,4,0,99,99,9,9,99,99,0,9,99,9,99,0,1,6,6,1,33,6,313,1,1,-1,4,E01002409,0,-1
2021461071189,2021,461071189,2,4,0,18,19,1,5,0,0,0,5,0,0,0,4,1,6,6,1,51,8,313,1,1,-1,8,E01024780,0,-1
2021131072372,2021,131072372,1,4,0,13,13,6,2,0,0,8,0,-1,0,0,1,1,6,6,1,19,4,313,1,3,-1,1,E01010650,0,-1
2021221061916,2021,221061916,2,8,0,9,9,5,2,4,4,5,0,0,0,0,1,1,1,1,1,36,7,1560,2,6,-1,8,E01032308,0,-1
2021430213369,2021,430213369,1,9,0,5,5,5,1,0,0,4,0,0,0,0,1,1,1,1,1,53,8,1560,2,6,-1,3,E01028448,0,-1
2021546109521,2021,546109521,1,20,0,18,19,6,2,0,0,0,0,0,0,0,4,1,6,6,1,46,8,-1,-1,-1,-1,7,E01015493,0,-1
2021991037063,2021,991037063,2,19,0,18,19,3,7,0,0,0,0,0,0,0,3,1,1,1,1,35,6,-1,3,0,-1,6,-1,0,-1
2021221101189,2021,221101189,3,9,0,3,3,2,6,0,0,0,0,0,0,0,2,1,5,6,2,63,9,1560,2,4,-1,2,E01032450,0,-1
2021201066485,2021,201066485,1,8,0,2,2,0,0,0,0,2,0,0,0,0,0,1,1,1,1,54,8,1997,2,13,-1,1,E01009197,0,-1
2021421069152,2021,421069152,1,9,0,5,5,1,5,0,0,0,0,0,0,0,4,1,5,6,2,61,9,1560,2,1,-1,3,E01015856,0,-1
2021010329685,2021,010329685,3,19,0,4,4,3,7,0,0,1,0,0,0,0,1,1,1,1,1,27,6,2198,2,5,-1,8,E01033724,0,-1
2021010315126,2021,010315126,1,9,0,9,9,3,1,0,0,8,0,0,0,0,0,1,6,6,1,22,5,1124,1,14,-1,4,E01001995,0,-1
2021461017887,2021,461017887,1,9,0,18,19,5,8,0,0,0,1,10,8,0,3,1,5,6,1,60,9,3902,1,1,-1,10,E01024272,0,-1
2021351018960,2021,351018960,1,19,0,18,19,3,7,0,0,0,0,0,0,0,1,1,6,6,3,-1,-1,2198,2,5,FORD TRANSIT CUSTOM,9,E01018034,0,-1
2021421018848,2021,421018848,2,19,0,18,19,6,1,0,0,0,0,0,0,0,1,1,1,1,1,50,8,1995,2,2,FORD TRANSIT CUSTOM,1,E01024597,0,-1
2021061080397,2021,061080397,2,19,0,18,19,3,7,0,0,0,5,0,0,0,4,1,1,1,1,53,8,1995,2,1,FORD TRANSIT CUSTOM,6,E01025514,0,-1
2021471023227,2021,471023227,3,21,0,2,2,0,0,0,0,0,0,0,0,0,2,1,6,6,3,-1,-1,-1,-1,-1,FORD TRANSIT CUSTOM,-1,-1,0,-1
2021991095082,2021,991095082,2,19,0,18,19,2,6,0,0,0,0,0,0,0,0,1,1,1,1,27,6,1995,2,2,FORD TRANSIT CUSTOM,4,-1,0,-1
2021991031833,2021,991031833,1,19,0,9,9,1,6,0,0,8,0,0,0,0,1,1,1,1,1,27,6,1995,2,3,FORD TRANSIT CUSTOM,2,-1,0,-1
2021201116249,2021,201116249,3,19,0,2,2,0,0,0,0,8,0,0,0,0,1,1,5,6,1,57,9,1995,2,2,FORD TRANSIT CUSTOM,-1,-1,0,-1
2021010302030,2021,010302030,3,19,0,8,8,7,8,0,0,1,0,0,0,0,0,1,6,6,2,61,9,1995,2,2,FORD TRANSIT CUSTOM,2,E01003350,0,-1
2021430119441,2021,430119441,2,19,0,3,3,3,7,0,0,0,0,4,0,0,2,1,1,1,1,27,6,2198,2,5,FORD TRANSIT CUSTOM,6,E01017674,0,-1
2021501086243,2021,501086243,2,19,0,2,2,0,0,0,0,0,0,0,0,0,2,1,5,6,1,52,8,1995,2,1,FORD TRANSIT CUSTOM,9,E01026001,0,-1
2021501082709,2021,501082709,2,19,0,9,9,5,1,0,0,5,0,0,0,0,3,1,5,6,1,50,8,1995,2,1,FORD TRANSIT CUSTOM,8,E01015165,0,-1
2021201089429,2021,201089429,2,19,0,18,19,4,8,0,0,0,0,0,0,0,2,1,1,1,1,39,7,1995,2,1,FORD TRANSIT CUSTOM,10,W01000249,0,-1
2021440149450,2021,440149450,2,19,0,16,19,5,8,0,0,1,0,0,0,0,1,1,1,1,1,19,4,1995,2,1,FORD TRANSIT CUSTOM,10,E01022590,0,-1
2021440282408,2021,440282408,2,19,0,18,19,2,6,0,0,8,0,0,0,0,1,1,6,6,1,57,9,1995,2,2,FORD TRANSIT CUSTOM,10,E01022684,0,-1
2021010323075,2021,010323075,3,19,0,8,8,3,6,0,0,1,0,0,0,0,0,1,1,1,1,29,6,1995,2,0,FORD TRANSIT CUSTOM,3,E01001045,0,-1
2021991101416,2021,991101416,2,19,0,18,19,5,8,0,0,0,0,0,1,2,2,1,2,2,1,48,8,2198,2,5,FORD TRANSIT CUSTOM,1,-1,0,-1
2021010297987,2021,010297987,1,19,0,9,9,1,6,0,0,8,0,0,1,0,3,1,1,1,1,36,7,1995,2,2,FORD TRANSIT CUSTOM,6,E01001539,0,-1
2021010291267,2021,010291267,2,19,0,99,99,9,9,99,99,0,9,99,9,99,1,9,6,6,3,62,9,1995,2,3,FORD TRANSIT CUSTOM,2,E01001115,0,-1
2021052100568,2021,052100568,1,19,0,18,19,7,3,0,0,8,0,0,0,0,1,1,1,1,1,68,10,2198,2,7,FORD TRANSIT CUSTOM,9,E01018339,0,-1
2021302100568,2021,302100568,3,19,0,10,10,7,4,0,0,6,0,0,0,0,3,1,6,6,1,52,8,1995,2,1,FORD TRANSIT CUSTOM,4,E01019724,0,-1
2021471039862,2021,471039862,2,19,0,18,19,4,4,0,0,0,0,0,0,0,1,1,1,1,1,23,5,2198,2,4,FORD TRANSIT CUSTOM,10,E01021965,0,-1