collision_index,collision_year,collision_ref_no,vehicle_reference,vehicle_type,towing_and_articulation,vehicle_manoeuvre_historic,vehicle_manoeuvre,vehicle_direction_from,vehicle_direction_to,vehicle_location_restricted_lane_historic,vehicle_location_restricted_lane,junction_location,skidding_and_overturning,hit_object_in_carriageway,vehicle_leaving_carriageway,hit_object_off_carriageway,first_point_of_impact,vehicle_left_hand_drive,journey_purpose_of_driver_historic,journey_purpose_of_driver,sex_of_driver,age_of_driver,age_band_of_driver,engine_capacity_cc,propulsion_code,age_of_vehicle,generic_make_model,driver_imd_decile,lsoa_of_driver,escooter_flag,driver_distance_banding
2021010292259,2021,010292259,1,19,0,8,8,7,2,0,0,5,0,0,0,0,3,1,6,6,1,27,6,2198,2,5,FORD TRANSIT CUSTOM,6,E01017928,0,-1
2021010350097,2021,010350097,3,19,0,2,2,0,0,0,0,1,0,0,0,0,1,1,6,6,3,-1,-1,1995,2,4,FORD TRANSIT CUSTOM,-1,-1,0,-1
2021461085042,2021,461085042,1,19,0,18,19,3,7,0,0,0,0,0,0,0,1,1,6,6,1,41,7,1995,2,3,FORD TRANSIT CUSTOM,9,E01024186,0,-1
2021991015480,2021,991015480,2,19,0,8,8,1,3,0,0,1,0,0,0,0,2,1,1,1,1,29,6,1995,2,2,FORD TRANSIT CUSTOM,3,-1,0,-1
2021461028065,2021,461028065,2,19,0,3,3,5,1,0,0,0,0,0,0,0,2,1,6,6,1,40,7,1995,2,2,FORD TRANSIT CUSTOM,3,E01016146,0,-1
2021430304253,2021,430304253,1,19,0,13,13,8,4,0,0,0,0,0,0,0,4,1,6,6,1,34,6,1995,2,3,FORD TRANSIT CUSTOM,4,E01016360,0,-1
2021430146348,2021,430146348,1,20,0,18,19,3,7,0,0,0,0,0,0,0,1,1,6,6,1,20,4,-1,-1,-1,FORD TRANSIT CUSTOM,5,E01002488,0,-1
2021211079353,2021,211079353,1,19,0,18,19,5,1,0,0,0,0,0,0,0,1,1,1,1,1,23,5,1995,2,1,FORD TRANSIT CUSTOM,1,E01014251,0,-1
2021061108271,2021,061108271,2,19,0,18,19,5,1,0,0,8,0,0,0,0,0,1,1,1,1,30,6,1995,2,2,FORD TRANSIT CUSTOM,-1,-1,0,-1
2021221105378,2021,221105378,3,19,0,18,19,4,8,0,0,0,0,0,0,0,1,1,5,6,1,45,7,1995,2,1,FORD TRANSIT CUSTOM,6,E01010174,0,-1
2021440081158,2021,440081158,2,19,0,18,19,6,2,0,0,1,0,0,1,0,1,1,2,2,1,44,7,1995,2,1,FORD TRANSIT CUSTOM,9,E01015422,0,-1
2021411042483,2021,411042483,1,19,0,18,19,4,8,0,0,0,0,0,0,0,1,1,1,1,1,47,8,1995,2,2,FORD TRANSIT CUSTOM,4,E01030110,0,-1
2021231082779,2021,231082779,1,19,0,3,3,5,7,0,0,2,0,0,0,0,1,1,1,1,2,22,5,1995,2,2,FORD TRANSIT CUSTOM,6,E01025683,0,-1
2021471018145,2021,471018145,2,19,0,9,9,7,5,0,0,5,1,0,7,0,1,1,2,2,1,65,9,1995,2,3,FORD TRANSIT CUSTOM,5,E01031611,0,-1
2021010296833,2021,010296833,1,19,0,18,19,1,5,0,0,2,0,0,0,0,1,1,1,1,1,63,9,2198,2,5,FORD TRANSIT CUSTOM,-1,-1,0,-1
2021201071609,2021,201071609,1,19,0,18,19,6,2,0,0,0,0,0,0,0,4,1,1,1,1,38,7,1995,2,2,FORD TRANSIT CUSTOM,6,E01029640,0,-1
2021141042789,2021,141042789,1,19,0,18,19,6,2,0,0,0,0,0,0,0,1,1,1,1,1,29,6,1995,2,0,FORD TRANSIT CUSTOM,8,E01032924,0,-1
2021471049326,2021,471049326,2,19,0,18,19,1,5,0,0,8,5,0,0,0,3,1,1,1,1,46,8,1995,2,5,FORD TRANSIT CUSTOM,10,E01022926,0,-1
2021131042498,2021,131042498,1,19,0,14,14,3,7,0,0,0,0,0,0,0,1,1,6,6,1,36,7,1995,2,1,FORD TRANSIT CUSTOM,6,E01027684,0,-1
2021122100691,2021,122100691,2,19,0,18,19,1,5,0,0,0,0,0,0,0,1,1,6,6,1,-1,-1,1995,2,2,FORD TRANSIT CUSTOM,-1,-1,0,-1
2021201081060,2021,201081060,1,19,0,7,7,7,1,0,0,6,0,0,0,0,1,1,6,6,1,-1,-1,1995,2,1,FORD TRANSIT CUSTOM,-1,-1,0,-1
2021991086414,2021,991086414,2,19,0,10,10,3,1,0,0,1,0,0,0,0,0,1,5,6,1,43,7,1995,2,1,FORD TRANSIT CUSTOM,5,-1,0,-1
2021430552763,2021,430552763,1,19,0,18,19,8,4,0,0,0,0,0,0,0,3,1,1,1,1,62,9,1995,2,3,FORD TRANSIT CUSTOM,-1,-1,0,-1
2021010342696,2021,010342696,2,19,0,7,7,3,4,0,0,1,0,0,0,0,4,1,1,1,1,33,6,1995,2,4,FORD TRANSIT CUSTOM,6,E01002678,0,-1
2021440439983,2021,440439983,2,19,0,2,2,2,6,0,0,0,0,0,0,0,2,1,1,1,1,54,8,2198,2,7,FORD TRANSIT CUSTOM,10,E01022863,0,-1
2021010323886,2021,010323886,2,19,0,2,2,0,0,0,0,1,0,0,0,0,1,1,6,6,3,-1,-1,1995,2,2,FORD TRANSIT CUSTOM,-1,-1,0,-1
2021010325369,2021,010325369,1,19,0,16,19,5,1,0,0,1,0,0,0,0,4,1,2,2,1,33,6,1995,2,2,FORD TRANSIT CUSTOM,7,E01000123,0,-1
2021010325482,2021,010325482,2,19,0,1,1,1,7,0,0,1,0,0,0,0,1,1,6,6,1,33,6,2198,2,5,FORD TRANSIT CUSTOM,9,E01023406,0,-1
2021052101379,2021,052101379,1,19,0,5,5,5,1,0,0,8,0,0,0,0,1,1,6,6,3,-1,-1,2198,2,5,FORD TRANSIT CUSTOM,-1,-1,0,-1
2021041101666,2021,041101666,2,19,0,4,4,5,1,0,0,0,0,0,0,0,2,1,2,2,1,47,8,2198,2,5,FORD TRANSIT CUSTOM,4,E01004776,0,-1
2021991073251,2021,991073251,2,19,0,18,19,1,5,0,0,0,0,0,0,0,1,1,1,1,1,23,5,2198,2,7,FORD TRANSIT CUSTOM,4,-1,0,-1
2021451115438,2021,451115438,1,19,0,17,19,4,8,0,0,1,1,0,0,0,1,1,2,2,1,42,7,2198,2,8,FORD TRANSIT CUSTOM,2,E01004089,0,-1
2021010322327,2021,010322327,2,19,0,18,19,1,5,0,0,0,0,99,9,99,4,1,6,6,1,55,8,1995,2,4,FORD TRANSIT CUSTOM,9,E01002288,0,-1
2021531018127,2021,531018127,1,19,0,18,19,1,5,0,0,2,1,0,0,0,1,1,5,6,1,33,6,1995,2,3,FORD TRANSIT CUSTOM,10,E01022297,0,-1
2021361036784,2021,361036784,1,19,0,18,19,5,1,0,0,1,0,0,0,0,4,1,6,6,1,46,8,1995,2,3,FORD TRANSIT CUSTOM,3,E01018081,0,-1
2021010319441,2021,010319441,1,19,0,7,7,3,6,0,0,5,0,0,0,0,1,1,1,1,1,27,6,1995,2,2,FORD TRANSIT CUSTOM,4,E01016516,0,-1
202134NNC6341,2021,34NNC6341,1,19,0,16,19,2,4,0,0,3,0,0,0,0,1,1,1,1,1,25,5,1995,2,2,FORD TRANSIT CUSTOM,8,E01032975,0,-1
2021440349412,2021,440349412,2,19,0,9,9,5,7,0,0,2,0,0,0,0,3,1,1,1,1,50,8,1995,2,2,FORD TRANSIT CUSTOM,2,E01017363,0,-1
2021101034257,2021,101034257,1,19,0,18,19,7,3,0,0,1,0,0,0,0,1,1,1,1,1,56,9,2198,2,5,FORD TRANSIT CUSTOM,3,E01008208,0,-1
202131B144921,2021,31B144921,2,19,0,4,4,5,1,0,0,1,0,0,0,0,2,1,2,2,1,63,9,1995,2,5,FORD TRANSIT CUSTOM,6,E01027970,0,-1
2021421116804,2021,421116804,2,19,0,2,2,0,0,0,0,0,0,0,0,0,2,1,6,6,1,23,5,1995,2,3,FORD TRANSIT CUSTOM,6,E01021460,0,-1
2021041116821,2021,041116821,4,19,0,18,19,1,5,0,0,0,0,0,0,0,0,1,1,1,2,32,6,1995,2,3,FORD TRANSIT CUSTOM,2,E01025292,0,-1
2021221018943,2021,221018943,1,19,0,17,19,6,2,0,0,0,1,0,0,0,3,1,1,1,1,28,6,1995,2,1,FORD TRANSIT CUSTOM,8,W01000211,0,-1
2021211052259,2021,211052259,2,19,0,4,4,3,1,0,0,0,0,0,0,0,1,1,5,6,1,67,10,1995,2,1,FORD TRANSIT CUSTOM,-1,-1,0,-1
2021501108144,2021,501108144,2,19,0,17,19,4,7,0,0,0,0,0,1,9,1,1,5,6,1,56,9,2198,2,5,FORD TRANSIT CUSTOM,6,E01020145,0,-1
2021010338836,2021,010338836,1,19,0,7,7,1,3,0,0,2,0,0,0,0,2,1,1,1,1,32,6,1995,2,3,FORD TRANSIT CUSTOM,4,E01002511,0,-1
2021320608538,2021,320608538,3,19,0,18,19,8,4,0,0,1,0,0,0,0,2,1,1,1,1,51,8,2198,2,8,FORD TRANSIT CUSTOM,4,E01026253,0,-1
2021421091755,2021,421091755,2,19,0,18,19,1,5,0,0,1,0,0,0,0,1,1,1,1,1,57,9,1995,2,2,FORD TRANSIT CUSTOM,1,E01021665,0,-1
2021440248135,2021,440248135,1,19,0,4,4,8,4,0,0,0,0,0,0,0,1,1,1,1,1,45,7,1995,2,0,FORD TRANSIT CUSTOM,4,E01017087,0,-1
2021061038165,2021,061038165,3,19,0,18,19,3,7,0,0,1,0,0,0,0,1,1,1,1,3,30,6,1995,2,3,FORD TRANSIT CUSTOM,-1,-1,0,-1
2021061062706,2021,061062706,1,19,0,18,19,2,6,0,0,4,0,0,0,0,1,1,6,6,1,22,5,2198,2,7,FORD TRANSIT CUSTOM,9,E01005785,0,-1
2021302100035,2021,302100035,2,19,0,18,19,2,6,0,0,0,0,0,0,0,4,1,2,2,1,27,6,1995,2,3,FORD TRANSIT CUSTOM,3,E01028187,0,-1
2021451115765,2021,451115765,1,19,0,18,19,2,6,0,0,1,0,0,7,10,1,1,2,2,1,36,7,1995,2,5,FORD TRANSIT CUSTOM,6,E01030300,0,-1
2021461037335,2021,461037335,2,19,0,18,19,3,7,0,0,8,0,0,1,0,1,1,5,6,1,33,6,1995,2,3,FORD TRANSIT CUSTOM,9,E01024269,0,-1
2021421042311,2021,421042311,2,19,0,18,19,3,7,0,0,0,0,0,0,0,3,1,1,1,1,56,9,1995,2,1,FORD TRANSIT CUSTOM,5,E01021432,0,-1
2021401021922,2021,401021922,1,19,0,9,9,1,7,0,0,8,0,0,0,0,4,1,6,6,1,44,7,1995,2,3,FORD TRANSIT CUSTOM,6,E01017616,0,-1
2021131049139,2021,131049139,2,19,0,18,19,6,2,0,0,1,0,0,0,0,1,1,1,1,1,38,7,2198,2,7,FORD TRANSIT CUSTOM,2,E01032492,0,-1
2021061065915,2021,061065915,1,19,0,18,19,1,5,0,0,1,0,0,0,0,1,1,1,1,1,40,7,1995,2,2,FORD TRANSIT CUSTOM,6,E01005083,0,-1
20211381L0958,2021,1381L0958,1,19,0,9,9,6,3,0,0,5,0,0,0,0,4,1,1,1,1,30,6,1995,2,5,FORD TRANSIT CUSTOM,3,E01010600,0,-1
202106F079287,2021,06F079287,1,19,0,4,4,4,8,0,0,1,0,0,0,0,0,1,6,6,1,30,6,1995,2,3,FORD TRANSIT CUSTOM,-1,-1,0,-1
2021161091762,2021,161091762,1,19,0,1,1,8,6,0,0,6,0,0,0,0,2,1,5,6,1,28,6,2198,2,5,FORD TRANSIT CUSTOM,4,E01012816,0,-1
2021320725039,2021,320725039,1,19,0,9,9,8,6,0,0,6,5,0,0,0,1,1,2,2,1,48,8,1995,2,2,FORD TRANSIT CUSTOM,1,E01026150,0,-1
202134NNC5291,2021,34NNC5291,2,19,0,18,19,5,1,0,0,8,0,0,0,0,1,1,6,6,1,22,5,1995,2,0,FORD TRANSIT CUSTOM,6,E01027092,0,-1
2021010292134,2021,010292134,1,19,0,18,19,5,1,0,0,1,0,0,0,0,1,1,2,2,1,51,8,1995,2,3,FORD TRANSIT CUSTOM,3,E01004373,0,-1
2021131046092,2021,131046092,2,19,0,18,19,7,3,0,0,0,0,0,0,0,2,1,1,1,1,54,8,1995,2,2,FORD TRANSIT CUSTOM,2,E01011726,0,-1
2021440399322,2021,440399322,1,19,0,4,4,5,1,0,0,0,1,0,0,0,1,1,2,2,1,30,6,2198,2,7,FORD TRANSIT CUSTOM,1,E01017103,0,-1
2021552100657,2021,552100657,2,19,0,5,5,4,8,0,0,0,0,0,0,0,1,1,2,2,1,36,7,1995,2,1,FORD TRANSIT CUSTOM,2,E01020347,0,-1
2021361099773,2021,361099773,2,19,0,2,2,0,0,0,0,0,0,0,0,0,4,1,1,1,1,27,6,1995,2,0,FORD TRANSIT CUSTOM,6,E01026686,0,-1
2021430146752,2021,430146752,1,19,0,18,19,5,1,0,0,0,0,0,0,0,4,1,1,1,1,49,8,1995,2,4,FORD TRANSIT CUSTOM,7,E01009648,0,-1
2021522102361,2021,522102361,1,19,0,4,4,6,2,0,0,8,0,0,0,0,2,1,6,6,1,31,6,1995,2,3,FORD TRANSIT CUSTOM,5,E01014504,0,-1
2021421019593,2021,421019593,2,19,0,2,2,0,0,0,0,0,0,0,0,0,2,1,6,6,3,-1,-1,1995,2,2,FORD TRANSIT CUSTOM,-1,-1,0,-1
2021302101532,2021,302101532,3,19,0,2,2,0,0,0,0,1,0,0,0,0,1,1,6,6,3,-1,-1,1995,2,0,FORD TRANSIT CUSTOM,5,E01019456,0,-1
202131B111821,2021,31B111821,2,19,0,18,19,1,5,0,0,0,0,0,0,0,1,1,1,1,1,49,8,1995,2,0,FORD TRANSIT CUSTOM,7,E01019548,0,-1
2021010316054,2021,010316054,2,19,0,2,2,0,0,0,0,2,0,4,0,0,2,1,6,6,3,-1,-1,1995,2,2,FORD TRANSIT CUSTOM,-1,-1,0,-1
2021052100808,2021,052100808,2,19,0,4,4,5,1,0,0,8,0,0,0,0,2,1,1,1,1,50,8,1995,2,1,FORD TRANSIT CUSTOM,1,E01006741,0,-1
2021991021204,2021,991021204,2,19,0,4,4,6,2,0,0,0,0,0,0,0,2,1,1,1,1,32,6,1995,2,2,FORD TRANSIT CUSTOM,5,-1,0,-1
2021201056122,2021,201056122,2,19,0,18,19,5,8,0,0,0,0,0,0,0,2,1,1,1,1,24,5,1995,2,3,FORD TRANSIT CUSTOM,-1,-1,0,-1
2021010338581,2021,010338581,1,19,0,1,1,1,5,0,0,1,0,0,0,0,2,1,1,1,1,54,8,1995,2,4,FORD TRANSIT CUSTOM,10,E01024146,0,-1
2021421080955,2021,421080955,1,19,0,1,1,4,8,0,0,0,0,0,0,0,2,1,5,6,1,-1,-1,1995,2,1,FORD TRANSIT CUSTOM,-1,-1,0,-1
2021351060749,2021,351060749,4,19,0,4,4,6,2,0,0,0,0,0,0,0,2,1,6,6,1,57,9,1995,2,2,FORD TRANSIT CUSTOM,4,E01030110,0,-1
202131B180921,2021,31B180921,1,19,0,18,19,8,4,0,0,0,0,0,0,0,1,1,1,1,1,53,8,1995,2,0,FORD TRANSIT CUSTOM,3,E01028033,0,-1
2021461051636,2021,461051636,2,19,0,12,12,3,7,0,0,6,0,0,0,0,1,1,2,2,1,35,6,1995,2,5,FORD TRANSIT CUSTOM,10,E01021935,0,-1
2021010327589,2021,010327589,1,19,0,99,99,9,9,99,99,9,9,99,9,99,9,9,6,6,3,-1,-1,2198,2,5,FORD TRANSIT CUSTOM,-1,-1,0,-1
2021302101027,2021,302101027,1,19,0,18,19,2,8,7,6,4,0,0,0,0,1,1,6,6,3,-1,-1,2198,2,6,FORD TRANSIT CUSTOM,-1,-1,0,-1
2021010341445,2021,010341445,2,19,0,9,9,5,3,0,0,6,0,0,0,0,1,1,1,1,1,36,7,1995,2,2,FORD TRANSIT CUSTOM,5,E01002882,0,-1
2021501119076,2021,501119076,1,19,0,2,2,6,4,0,0,1,0,0,0,0,2,1,1,1,1,23,5,1995,2,0,FORD TRANSIT CUSTOM,8,E01020066,0,-1
2021052100447,2021,052100447,2,19,0,2,2,0,0,0,0,1,0,0,0,0,4,1,6,6,3,-1,-1,2198,2,5,FORD TRANSIT CUSTOM,-1,-1,0,-1
2021010304515,2021,010304515,2,19,0,99,99,9,9,99,99,9,9,99,9,99,9,9,6,6,1,46,8,2198,2,6,FORD TRANSIT CUSTOM,8,E01002385,0,-1
2021010323099,2021,010323099,1,19,0,9,9,5,2,0,0,6,0,0,0,0,3,1,2,2,1,55,8,1995,2,2,FORD TRANSIT CUSTOM,3,E01002752,0,-1
2021501063109,2021,501063109,1,20,0,18,19,3,7,0,0,0,0,0,0,0,1,1,1,1,1,36,7,-1,-1,-1,FORD TRANSIT CUSTOM,2,E01015262,0,-1
2021010296811,2021,010296811,2,19,0,9,9,6,3,0,0,8,0,0,0,0,1,1,1,1,1,44,7,1995,2,2,FORD TRANSIT CUSTOM,3,E01002725,0,-1
2021010331259,2021,010331259,1,19,0,6,6,7,7,0,0,0,0,0,0,0,3,1,1,1,1,28,6,1995,2,4,FORD TRANSIT CUSTOM,-1,-1,0,-1
2021522102005,2021,522102005,1,19,0,18,19,6,2,0,0,0,5,0,2,6,1,1,6,6,1,20,4,1995,2,4,FORD TRANSIT CUSTOM,5,W01001863,0,-1
2021440007837,2021,440007837,2,19,0,4,4,4,8,0,0,1,0,0,0,0,2,1,1,1,1,62,9,1995,2,3,FORD TRANSIT CUSTOM,9,E01013172,0,-1
2021052100868,2021,052100868,3,19,0,2,2,0,0,0,0,1,0,0,0,0,4,1,6,6,3,-1,-1,1995,2,0,FORD TRANSIT CUSTOM,-1,-1,0,-1
2021501027471,2021,501027471,2,19,0,2,2,0,0,0,0,0,0,4,0,0,1,1,6,6,1,-1,-1,1995,2,3,FORD TRANSIT CUSTOM,6,E01020204,0,-1
2021131091645,2021,131091645,1,19,0,18,19,3,7,0,0,0,0,0,0,0,3,1,1,1,1,32,6,2198,2,7,FORD TRANSIT CUSTOM,5,E01027723,0,-1
2021421105793,2021,421105793,3,19,0,18,19,4,8,0,0,0,0,0,0,0,2,1,1,1,1,27,6,1995,2,1,FORD TRANSIT CUSTOM,5,E01021901,0,-1
2021520201148,2021,520201148,1,19,0,18,19,1,5,0,0,0,0,0,0,0,3,1,6,6,1,33,6,1995,2,0,FORD TRANSIT CUSTOM,5,E01029327,0,-1
2021991090711,2021,991090711,2,19,0,3,3,5,1,0,0,2,0,0,0,0,2,1,1,1,1,53,8,2198,2,6,FORD TRANSIT CUSTOM,5,-1,0,-1
2021101043652,2021,101043652,1,19,0,16,19,7,3,0,0,1,1,0,0,0,1,1,1,1,1,46,8,1995,2,4,FORD TRANSIT CUSTOM,7,E01020684,0,-1
2021461064641,2021,461064641,1,19,0,9,9,1,5,0,0,1,0,0,0,0,1,1,1,1,1,20,4,1995,2,2,FORD TRANSIT CUSTOM,8,E01024575,0,-1
2021010317370,2021,010317370,2,10,0,18,19,7,3,0,0,1,0,0,0,0,0,1,1,1,1,22,5,-1,-1,-1,FORD TRANSIT CUSTOM,7,E01000675,0,-1
2021041028809,2021,041028809,2,19,0,10,10,5,7,0,0,5,0,0,0,0,3,1,5,6,1,43,7,1995,2,4,FORD TRANSIT CUSTOM,-1,-1,0,-1
2021421089291,2021,421089291,2,20,0,17,19,2,7,0,0,0,0,0,0,0,1,1,1,1,1,39,7,-1,-1,-1,FORD TRANSIT CUSTOM,7,E01021887,0,-1
2021010340305,2021,010340305,2,19,0,18,19,7,3,0,0,8,0,0,6,0,3,1,6,6,1,60,9,1995,2,1,FORD TRANSIT CUSTOM,4,E01001898,0,-1
2021421042494,2021,421042494,2,19,0,10,10,7,5,0,0,2,0,0,0,0,2,1,1,1,1,50,8,2198,2,5,FORD TRANSIT CUSTOM,2,E01021268,0,-1
2021201119232,2021,201119232,1,19,0,18,19,4,8,0,0,0,0,0,0,0,1,1,1,1,1,25,5,2198,2,6,FORD TRANSIT CUSTOM,3,E01029635,0,-1
2021522105589,2021,522105589,2,19,0,17,19,4,1,0,0,8,0,0,0,0,1,1,6,6,1,40,7,2198,2,5,FORD TRANSIT CUSTOM,4,E01014892,0,-1
2021471021462,2021,471021462,2,19,0,17,19,5,2,0,0,1,0,0,0,0,1,1,5,6,1,36,7,2198,2,9,FORD TRANSIT CUSTOM,5,E01031512,0,-1
2021131046538,2021,131046538,1,19,0,9,9,5,3,0,0,6,0,0,0,0,1,1,1,1,1,25,5,1995,2,0,FORD TRANSIT CUSTOM,6,E01010909,0,-1
2021451028896,2021,451028896,1,19,0,18,19,1,5,0,0,0,0,0,0,0,3,1,6,6,1,27,6,1995,2,2,FORD TRANSIT CUSTOM,10,E01030561,0,-1
202131B088421,2021,31B088421,2,19,0,16,19,2,4,0,0,2,0,0,0,0,2,1,1,1,1,50,8,1995,2,4,FORD TRANSIT CUSTOM,9,E01011209,0,-1
2021552101088,2021,552101088,2,19,0,18,19,2,6,0,0,0,0,0,0,0,1,1,1,1,1,40,7,2198,2,6,FORD TRANSIT CUSTOM,8,E01032021,0,-1
2021461116629,2021,461116629,1,19,0,4,4,1,5,0,0,1,0,0,0,0,1,1,6,6,1,52,8,1995,2,1,FORD TRANSIT CUSTOM,10,E01024811,0,-1
2021501090393,2021,501090393,1,19,0,18,19,8,4,0,0,0,0,0,0,0,0,1,6,6,1,53,8,1995,2,1,FORD TRANSIT CUSTOM,2,W01001255,0,-1
2021131083832,2021,131083832,3,19,0,2,2,1,1,0,0,6,0,0,0,0,2,1,6,6,3,-1,-1,1995,2,4,FORD TRANSIT CUSTOM,-1,-1,0,-1
2021122100955,2021,122100955,1,19,0,18,19,4,8,0,0,0,0,0,0,0,4,1,1,1,1,25,5,1995,2,2,FORD TRANSIT CUSTOM,1,E01010845,0,-1
2021010291671,2021,010291671,3,19,0,7,7,7,1,0,0,2,0,0,0,0,0,1,1,1,1,28,6,1995,2,2,FORD TRANSIT CUSTOM,2,E01004008,0,-1
2021451052517,2021,451052517,2,19,0,18,19,6,2,1,1,0,0,0,0,0,1,1,1,1,1,55,8,1995,2,5,FORD TRANSIT CUSTOM,8,E01030347,0,-1
2021411116109,2021,411116109,1,19,0,4,4,5,1,0,0,0,1,0,0,0,1,1,1,1,1,-1,-1,1995,2,4,FORD TRANSIT CUSTOM,-1,-1,0,-1
2021031105102,2021,031105102,1,19,4,6,6,7,3,8,6,0,3,0,1,0,1,1,6,6,1,41,7,2198,2,7,FORD TRANSIT CUSTOM,-1,-1,0,-1
2021991040685,2021,991040685,3,19,0,3,3,4,8,0,0,0,0,0,0,0,2,1,1,1,1,34,6,1995,2,4,FORD TRANSIT CUSTOM,3,-1,0,-1
2021061088189,2021,061088189,2,19,0,18,19,3,7,0,0,8,0,0,0,0,1,1,5,6,1,57,9,2198,2,6,FORD TRANSIT CUSTOM,3,E01005998,0,-1
2021991028655,2021,991028655,2,19,0,18,19,7,3,0,0,0,0,0,0,0,2,1,1,1,1,51,8,2198,2,5,FORD TRANSIT CUSTOM,4,-1,0,-1
2021010345713,2021,010345713,2,19,0,99,99,9,9,99,99,9,9,99,9,99,9,9,6,6,3,-1,-1,1995,2,4,FORD TRANSIT CUSTOM,3,E01001170,0,-1
2021010304813,2021,010304813,1,19,0,7,7,5,7,0,0,1,0,0,0,0,1,1,1,1,1,31,6,1995,2,3,FORD TRANSIT CUSTOM,3,E01004020,0,-1
2021211121123,2021,211121123,1,19,0,9,9,2,8,0,0,8,0,0,0,0,1,1,1,1,1,38,7,1995,2,0,FORD TRANSIT CUSTOM,3,E01029643,0,-1
2021411012397,2021,411012397,1,19,0,18,19,-1,-1,0,0,0,0,0,0,0,1,1,6,6,3,-1,-1,1995,2,3,FORD TRANSIT CUSTOM,-1,-1,0,-1
2021010306089,2021,010306089,2,10,0,18,19,5,1,0,0,1,0,0,0,0,1,1,1,1,1,39,7,1995,2,5,FORD TRANSIT CUSTOM,4,E01000068,0,-1
2021221020879,2021,221020879,2,19,0,3,3,3,6,0,0,1,0,0,0,0,2,1,1,1,1,57,9,1995,2,0,FORD TRANSIT CUSTOM,9,E01019839,0,-1
202106X080064,2021,06X080064,1,19,0,18,19,8,4,0,0,0,0,0,0,0,1,1,6,6,1,55,8,1995,2,3,FORD TRANSIT CUSTOM,7,E01005597,0,-1
2021061034760,2021,061034760,2,19,0,18,19,3,7,0,0,0,0,0,0,0,1,1,1,1,1,50,8,2198,2,6,FORD TRANSIT CUSTOM,10,E01006205,0,-1
202163D071521,2021,63D071521,3,19,0,13,13,6,2,0,0,0,0,0,0,0,4,1,1,1,1,28,6,1995,2,3,FORD TRANSIT CUSTOM,7,W01000474,0,-1
2021010333473,2021,010333473,3,19,0,18,19,1,5,0,0,0,0,0,0,0,2,1,2,2,1,38,7,1995,2,4,FORD TRANSIT CUSTOM,6,E01002169,0,-1
2021430178653,2021,430178653,2,19,0,18,19,4,8,0,0,0,0,0,0,0,4,1,6,6,1,27,6,1995,2,4,FORD TRANSIT CUSTOM,6,E01028757,0,-1
2021010342212,2021,010342212,2,19,0,99,99,9,9,99,99,9,9,99,9,99,1,9,6,6,3,-1,-1,1995,2,0,FORD TRANSIT CUSTOM,5,E01017569,0,-1
2021010349882,2021,010349882,2,19,0,16,19,3,7,0,0,0,0,0,0,0,1,1,1,1,1,25,5,2198,2,5,FORD TRANSIT CUSTOM,4,E01024312,0,-1
2021010336535,2021,010336535,2,19,0,99,99,9,9,99,99,9,9,99,9,99,9,9,6,6,3,-1,-1,1995,2,5,FORD TRANSIT CUSTOM,2,E01001780,0,-1
2021170H11141,2021,170H11141,1,19,0,18,19,6,2,0,0,8,0,0,0,0,1,1,2,2,1,66,10,2198,2,5,FORD TRANSIT CUSTOM,5,E01012191,0,-1
2021522106018,2021,522106018,1,19,0,18,19,1,5,0,0,8,0,0,0,0,4,1,6,6,1,39,7,2198,2,5,FORD TRANSIT CUSTOM,6,E01014528,0,-1
2021010338420,2021,010338420,2,19,0,18,19,3,7,0,0,1,0,0,1,0,3,1,1,1,1,27,6,1995,2,0,FORD TRANSIT CUSTOM,9,E01023896,0,-1
2021010329461,2021,010329461,2,19,0,6,6,7,7,0,0,0,0,0,0,0,2,1,6,6,1,31,6,1995,2,5,FORD TRANSIT CUSTOM,6,E01000352,0,-1
2021211103772,2021,211103772,1,19,-1,-1,-1,-1,-1,-1,-1,-1,-1,-1,-1,0,-1,1,6,6,1,40,7,2198,2,5,FORD TRANSIT CUSTOM,-1,-1,0,-1
2021411104687,2021,411104687,1,19,0,4,4,1,5,0,0,1,0,0,0,0,1,1,6,6,2,-1,-1,1995,2,3,FORD TRANSIT CUSTOM,-1,-1,0,-1
2021471022815,2021,471022815,1,20,0,5,5,7,1,0,0,0,0,0,0,0,1,1,2,2,1,43,7,-1,-1,-1,FORD TRANSIT CUSTOM,3,E01021437,0,-1
2021421114718,2021,421114718,1,19,0,18,19,5,1,0,0,8,0,0,0,0,4,1,2,2,1,22,5,2198,2,7,FORD TRANSIT CUSTOM,9,E01021240,0,-1
2021361087098,2021,361087098,2,19,5,18,19,1,5,0,0,0,0,0,0,0,1,1,1,1,1,28,6,1995,2,2,FORD TRANSIT CUSTOM,2,E01030246,0,-1
2021991119934,2021,991119934,1,19,0,18,19,4,8,0,0,4,0,0,0,0,1,1,2,2,1,38,7,1995,2,3,FORD TRANSIT CUSTOM,3,-1,0,-1
2021201110139,2021,201110139,1,19,0,9,9,4,1,0,0,6,0,0,0,0,1,1,2,2,1,58,9,1995,2,1,FORD TRANSIT CUSTOM,10,E01015458,0,-1
2021501117269,2021,501117269,1,20,0,4,4,7,3,0,0,8,0,0,0,0,0,1,6,6,1,38,7,-1,-1,-1,FORD TRANSIT CUSTOM,3,E01015195,0,-1