collision_index,collision_year,collision_ref_no,vehicle_reference,vehicle_type,towing_and_articulation,vehicle_manoeuvre_historic,vehicle_manoeuvre,vehicle_direction_from,vehicle_direction_to,vehicle_location_restricted_lane_historic,vehicle_location_restricted_lane,junction_location,skidding_and_overturning,hit_object_in_carriageway,vehicle_leaving_carriageway,hit_object_off_carriageway,first_point_of_impact,vehicle_left_hand_drive,journey_purpose_of_driver_historic,journey_purpose_of_driver,sex_of_driver,age_of_driver,age_band_of_driver,engine_capacity_cc,propulsion_code,age_of_vehicle,generic_make_model,driver_imd_decile,lsoa_of_driver,escooter_flag,driver_distance_banding
2021052100058,2021,052100058,1,19,0,14,14,5,1,0,0,0,0,11,0,0,4,1,1,1,1,49,8,1995,2,1,FORD TRANSIT CUSTOM,1,E01006642,0,-1
2021061119940,2021,061119940,2,19,0,7,7,5,6,0,0,8,0,0,0,0,3,1,6,6,1,30,6,1995,2,2,FORD TRANSIT CUSTOM,-1,-1,0,-1
2021061047486,2021,061047486,1,19,0,18,19,7,3,0,0,8,0,0,0,0,1,1,1,1,1,38,7,1995,2,2,FORD TRANSIT CUSTOM,1,E01005101,0,-1
2021430327713,2021,430327713,1,19,0,18,19,6,2,0,0,1,0,0,0,0,1,1,1,1,1,37,7,1995,2,5,FORD TRANSIT CUSTOM,-1,-1,0,-1
2021552200070,2021,552200070,2,19,0,4,4,3,7,0,0,0,0,0,0,0,0,1,6,6,3,33,6,1995,2,0,FORD TRANSIT CUSTOM,-1,-1,0,-1
2021411118853,2021,411118853,1,19,0,9,9,6,4,0,0,6,0,0,0,0,3,1,1,1,1,52,8,1995,2,0,FORD TRANSIT CUSTOM,8,E01017468,0,-1
2021421114678,2021,421114678,1,19,0,9,9,7,5,0,0,0,0,0,0,0,1,1,6,6,1,30,6,1995,2,1,FORD TRANSIT CUSTOM,4,E01022041,0,-1
2021991106206,2021,991106206,2,19,5,18,19,1,5,0,0,0,0,0,0,0,0,1,5,6,1,26,6,2198,2,5,FORD TRANSIT CUSTOM,-1,-1,0,-1
2021221033439,2021,221033439,2,19,0,5,5,6,2,0,0,8,0,0,0,0,3,1,1,1,1,65,9,1995,2,4,FORD TRANSIT CUSTOM,5,E01032355,0,-1
2021010294012,2021,010294012,2,19,0,18,19,3,7,0,0,1,0,0,0,0,1,1,1,1,1,30,6,1995,2,2,FORD TRANSIT CUSTOM,7,E01003199,0,-1
2021411101064,2021,411101064,1,19,0,18,19,5,2,0,0,1,0,0,0,0,1,1,6,6,1,52,8,2198,2,6,FORD TRANSIT CUSTOM,7,E01023663,0,-1
2021302101939,2021,302101939,1,19,0,9,9,4,2,0,0,5,0,0,0,0,1,1,2,2,1,55,8,1995,2,3,FORD TRANSIT CUSTOM,3,E01019826,0,-1
2021440358908,2021,440358908,2,19,0,7,7,5,1,0,0,1,0,0,0,0,4,1,6,6,1,-1,-1,1995,2,1,FORD TRANSIT CUSTOM,-1,-1,0,-1
2021411111600,2021,411111600,1,19,0,5,5,1,5,0,0,0,0,0,0,0,1,1,5,6,1,30,6,1995,2,0,FORD TRANSIT CUSTOM,2,E01003305,0,-1
2021010317613,2021,010317613,1,19,0,9,9,7,4,0,0,1,0,0,0,0,1,1,1,1,1,60,9,1995,2,2,FORD TRANSIT CUSTOM,4,E01002607,0,-1
2021010318062,2021,010318062,2,19,0,99,99,9,9,99,99,0,9,99,9,99,2,9,6,6,3,-1,-1,1995,2,4,FORD TRANSIT CUSTOM,-1,-1,0,-1
2021430353304,2021,430353304,2,19,0,18,19,2,6,0,0,1,0,0,0,0,1,1,6,6,1,-1,-1,1995,2,4,FORD TRANSIT CUSTOM,-1,-1,0,-1
2021061037533,2021,061037533,2,19,0,14,14,5,1,0,0,0,0,0,0,0,4,1,6,6,3,-1,-1,2198,2,5,FORD TRANSIT CUSTOM,-1,-1,0,-1
2021522102799,2021,522102799,2,19,0,2,2,0,0,0,0,1,0,0,0,0,3,1,6,6,3,-1,-1,2198,2,6,FORD TRANSIT CUSTOM,-1,-1,0,-1
2021421029604,2021,421029604,2,19,0,18,19,2,6,0,0,0,5,0,0,0,1,1,5,6,1,24,5,2198,2,5,FORD TRANSIT CUSTOM,5,E01004354,0,-1
2021141085457,2021,141085457,2,19,0,18,19,6,2,0,0,0,0,0,0,0,3,1,1,1,1,53,8,2198,2,6,FORD TRANSIT CUSTOM,1,E01007411,0,-1
2021010341944,2021,010341944,2,19,0,18,19,3,7,0,0,8,0,0,0,0,1,1,6,6,1,68,10,1995,2,2,FORD TRANSIT CUSTOM,3,E01024688,0,-1
2021461053551,2021,461053551,1,19,0,1,1,7,3,9,9,0,0,0,0,0,1,1,6,6,1,51,8,1995,2,0,FORD TRANSIT CUSTOM,10,E01031729,0,-1
2021451043715,2021,451043715,2,19,0,5,5,3,7,0,0,6,0,0,0,0,1,1,2,2,1,33,6,1995,2,4,FORD TRANSIT CUSTOM,6,E01030765,0,-1
2021010333462,2021,010333462,2,19,0,99,99,9,9,99,99,9,9,99,9,99,9,9,6,6,3,-1,-1,1995,2,1,FORD TRANSIT CUSTOM,-1,-1,0,-1
2021041048078,2021,041048078,1,19,0,18,19,1,5,0,0,1,0,0,1,0,1,1,1,1,1,52,8,1995,2,3,FORD TRANSIT CUSTOM,5,E01025428,0,-1
20211383A0819,2021,1383A0819,1,19,0,18,19,3,7,0,0,7,0,0,0,0,1,1,1,1,1,42,7,1995,2,3,FORD TRANSIT CUSTOM,1,E01010607,0,-1
2021131073724,2021,131073724,1,19,0,12,12,7,1,4,4,0,0,0,0,0,3,1,1,1,1,67,10,1995,2,4,FORD TRANSIT CUSTOM,4,E01010848,0,-1
2021201080361,2021,201080361,2,19,0,2,2,0,0,0,0,1,0,0,0,0,2,1,6,6,1,29,6,2198,2,6,FORD TRANSIT CUSTOM,1,E01009297,0,-1
2021061104023,2021,061104023,1,19,0,18,19,1,5,0,0,0,0,0,0,0,1,1,6,6,1,42,7,1995,2,1,FORD TRANSIT CUSTOM,6,E01004973,0,-1
2021161018487,2021,161018487,1,19,0,18,19,3,7,0,0,1,0,0,0,0,1,1,6,6,3,-1,-1,2198,2,6,FORD TRANSIT CUSTOM,-1,-1,0,-1
2021320208762,2021,320208762,1,19,0,15,15,8,4,0,0,0,0,0,0,0,1,1,6,6,1,40,7,1995,2,1,FORD TRANSIT CUSTOM,-1,-1,0,-1
2021552101218,2021,552101218,2,19,0,18,19,2,6,0,0,8,0,0,0,0,1,1,1,1,1,33,6,2198,2,6,FORD TRANSIT CUSTOM,3,E01015285,0,-1
2021010342738,2021,010342738,1,19,0,99,99,9,9,99,99,9,9,99,9,99,2,9,2,2,1,43,7,2198,2,6,FORD TRANSIT CUSTOM,10,E01030837,0,-1
2021231045295,2021,231045295,1,19,0,1,1,4,8,0,0,6,0,0,0,0,0,1,5,6,1,48,8,2198,2,5,FORD TRANSIT CUSTOM,8,E01031302,0,-1
2021041087248,2021,041087248,1,19,0,18,19,7,3,0,0,0,0,0,0,0,1,1,1,1,1,23,5,1995,2,2,FORD TRANSIT CUSTOM,2,E01012642,0,-1
202131D153321,2021,31D153321,2,19,0,7,7,2,3,0,0,5,0,0,0,0,2,1,2,2,1,55,8,1995,2,0,FORD TRANSIT CUSTOM,10,E01028216,0,-1
2021991094779,2021,991094779,4,19,0,18,19,2,6,0,0,0,0,0,0,0,4,1,2,2,1,54,8,1995,2,4,FORD TRANSIT CUSTOM,4,-1,0,-1
2021991040571,2021,991040571,1,19,0,3,3,6,8,0,0,0,0,0,0,0,4,1,1,1,1,63,9,1995,2,2,FORD TRANSIT CUSTOM,4,-1,0,-1
2021122100193,2021,122100193,1,19,0,9,9,3,1,0,0,8,0,0,0,0,3,1,1,1,1,31,6,2198,2,5,FORD TRANSIT CUSTOM,2,E01027812,0,-1
2021471094980,2021,471094980,1,19,0,18,19,3,7,0,0,1,0,0,0,0,4,1,1,1,1,38,7,1995,2,3,FORD TRANSIT CUSTOM,8,E01030538,0,-1
2021010302498,2021,010302498,2,19,0,99,99,9,9,99,99,9,9,99,9,99,9,9,6,6,1,36,7,1995,2,4,FORD TRANSIT CUSTOM,2,E01032564,0,-1
2021061055486,2021,061055486,2,19,0,11,11,6,2,0,0,0,0,0,0,0,4,1,6,6,3,30,6,1995,2,3,FORD TRANSIT CUSTOM,-1,-1,0,-1
2021622100536,2021,622100536,1,19,0,9,9,8,6,0,0,5,0,0,0,0,2,1,6,6,1,57,9,1995,2,2,FORD TRANSIT CUSTOM,7,E01022269,0,-1
2021010315821,2021,010315821,2,19,0,99,99,9,9,99,99,9,9,99,9,99,2,9,6,6,3,-1,-1,1995,2,4,FORD TRANSIT CUSTOM,-1,-1,0,-1
2021201133323,2021,201133323,1,19,0,18,19,2,6,0,0,1,0,0,0,0,1,1,6,6,2,-1,-1,1995,2,0,FORD TRANSIT CUSTOM,-1,-1,0,-1
2021361092076,2021,361092076,2,19,0,18,19,8,4,0,0,0,0,0,0,0,1,1,1,1,1,46,8,1995,2,3,FORD TRANSIT CUSTOM,6,E01026492,0,-1
2021010344393,2021,010344393,2,19,0,18,19,1,5,0,0,1,0,0,0,0,0,1,6,6,1,47,8,1995,2,0,FORD TRANSIT CUSTOM,4,E01003666,0,-1
2021010303300,2021,010303300,1,19,0,15,15,3,7,0,0,0,0,0,0,0,4,1,1,1,1,53,8,1995,2,3,FORD TRANSIT CUSTOM,2,E01000151,0,-1
2021141033012,2021,141033012,2,19,0,18,19,5,1,0,0,1,0,0,0,0,1,1,2,2,1,34,6,1995,2,2,FORD TRANSIT CUSTOM,1,E01007629,0,-1
2021131098594,2021,131098594,2,19,0,2,2,0,0,0,0,1,0,0,0,0,1,1,6,6,3,-1,-1,1995,2,3,FORD TRANSIT CUSTOM,-1,-1,0,-1
2021501098248,2021,501098248,2,19,0,18,19,3,7,0,0,0,0,0,0,0,2,1,6,6,2,38,7,1995,2,5,FORD TRANSIT CUSTOM,4,E01018874,0,-1
2021361032619,2021,361032619,1,20,0,18,19,5,5,0,0,4,0,0,0,0,1,1,1,1,1,35,6,-1,-1,-1,FORD TRANSIT CUSTOM,6,E01026534,0,-1
2021421126231,2021,421126231,2,19,0,5,5,2,1,0,0,0,0,0,0,0,4,1,1,1,1,60,9,1995,2,3,FORD TRANSIT CUSTOM,10,E01021480,0,-1
2021010328311,2021,010328311,2,20,0,99,99,9,9,99,99,9,9,99,9,99,1,9,6,6,3,-1,-1,-1,-1,-1,FORD TRANSIT CUSTOM,5,E01002488,0,-1
2021361031508,2021,361031508,1,19,0,18,19,7,3,0,0,1,5,0,7,1,3,1,6,6,1,51,8,2198,2,6,FORD TRANSIT CUSTOM,8,E01026450,0,-1
2021010347552,2021,010347552,2,19,0,99,99,9,9,99,99,9,9,99,9,99,1,9,6,6,3,34,6,1995,2,5,FORD TRANSIT CUSTOM,4,E01003482,0,-1
2021010341530,2021,010341530,2,19,9,99,99,9,9,99,99,9,9,99,9,99,9,9,6,6,1,-1,-1,1995,2,2,FORD TRANSIT CUSTOM,-1,-1,0,-1
2021451053152,2021,451053152,2,19,0,18,19,2,6,0,0,8,0,0,0,0,4,1,1,1,1,55,8,1995,2,0,FORD TRANSIT CUSTOM,6,E01002602,0,-1
2021451052781,2021,451052781,2,19,0,18,19,7,3,0,0,0,0,0,0,0,1,1,5,6,1,34,6,1995,2,2,FORD TRANSIT CUSTOM,10,E01030604,0,-1
2021471075549,2021,471075549,2,19,0,2,2,0,0,0,0,0,0,0,0,0,1,1,6,6,3,-1,-1,1995,2,3,FORD TRANSIT CUSTOM,-1,-1,0,-1
2021010296283,2021,010296283,2,19,0,99,99,9,9,99,99,9,9,99,9,99,1,9,6,6,3,44,7,1995,2,3,FORD TRANSIT CUSTOM,4,E01002663,0,-1
2021010306808,2021,010306808,2,19,5,9,9,5,3,0,0,8,0,0,0,0,3,1,1,1,1,51,8,2198,2,5,FORD TRANSIT CUSTOM,8,E01002931,0,-1
2021201146334,2021,201146334,2,19,0,18,19,5,8,0,0,8,0,0,0,0,0,1,6,6,3,-1,-1,2198,2,5,FORD TRANSIT CUSTOM,-1,-1,0,-1
2021421075931,2021,421075931,4,19,0,18,19,5,1,0,0,0,0,0,0,0,2,1,6,6,1,52,8,1995,2,0,FORD TRANSIT CUSTOM,7,E01021679,0,-1
2021221102015,2021,221102015,2,19,0,18,19,1,5,0,0,2,5,10,1,0,2,1,5,6,1,23,5,1995,2,4,FORD TRANSIT CUSTOM,2,E01014127,0,-1
2021991111800,2021,991111800,2,19,0,4,4,1,5,0,0,0,1,0,7,0,1,1,1,1,1,36,7,2198,2,5,FORD TRANSIT CUSTOM,-1,-1,0,-1
2021101119960,2021,101119960,1,19,0,18,19,1,5,0,0,1,0,0,0,0,1,1,1,1,1,30,6,2198,2,6,FORD TRANSIT CUSTOM,7,E01008850,0,-1
202134WNC5351,2021,34WNC5351,1,19,0,5,5,5,3,0,0,6,0,0,0,0,3,1,1,1,2,25,5,1995,2,3,FORD TRANSIT CUSTOM,5,E01020889,0,-1
2021231022539,2021,231022539,1,19,0,13,13,7,3,0,0,0,0,0,0,0,4,1,5,6,1,29,6,1995,2,1,FORD TRANSIT CUSTOM,10,E01010181,0,-1
2021371065974,2021,371065974,1,19,0,1,1,2,5,0,0,-1,0,0,0,0,2,1,5,6,1,64,9,2198,2,5,FORD TRANSIT CUSTOM,6,E01032612,0,-1
2021010325588,2021,010325588,2,19,0,2,2,0,0,0,0,1,0,0,0,0,2,1,6,6,3,-1,-1,1995,2,3,FORD TRANSIT CUSTOM,-1,-1,0,-1
2021411117791,2021,411117791,2,19,0,4,4,5,1,0,0,1,0,0,0,0,2,1,1,1,1,25,5,1995,2,0,FORD TRANSIT CUSTOM,9,E01023626,0,-1
2021421040928,2021,421040928,1,19,0,5,5,1,5,0,0,4,0,0,0,0,1,1,1,1,1,57,9,1995,2,4,FORD TRANSIT CUSTOM,9,E01021828,0,-1
2021440141698,2021,440141698,2,19,0,18,19,4,8,0,0,8,0,0,0,0,1,1,2,2,1,31,6,1995,2,3,FORD TRANSIT CUSTOM,-1,-1,0,-1
2021302101799,2021,302101799,2,19,0,16,19,8,4,0,0,0,0,0,7,11,3,1,2,2,1,40,7,1995,2,4,FORD TRANSIT CUSTOM,9,E01019624,0,-1
2021201033261,2021,201033261,2,19,0,18,19,8,5,0,0,0,0,0,0,0,2,1,1,1,1,33,6,1995,2,4,FORD TRANSIT CUSTOM,6,E01010358,0,-1
2021451019354,2021,451019354,4,19,0,18,19,3,7,0,0,0,1,0,0,0,1,1,1,1,1,34,6,1995,2,2,FORD TRANSIT CUSTOM,8,E01030829,0,-1
2021542317621,2021,542317621,1,19,0,18,19,6,2,0,0,0,0,0,0,0,1,1,6,6,1,55,8,1995,2,2,FORD TRANSIT CUSTOM,6,E01031845,0,-1
2021371053820,2021,371053820,2,19,0,5,5,7,3,0,0,1,0,0,0,0,3,1,1,1,1,57,9,2198,2,5,FORD TRANSIT CUSTOM,7,E01030098,0,-1
2021131104406,2021,131104406,2,19,0,18,19,1,5,0,0,4,0,0,0,0,1,1,5,6,1,38,7,1995,2,2,FORD TRANSIT CUSTOM,1,E01010874,0,-1
2021201111353,2021,201111353,1,19,0,1,1,4,8,0,0,6,0,0,0,0,2,1,6,6,1,50,8,2198,2,8,FORD TRANSIT CUSTOM,4,E01010040,0,-1
2021421078478,2021,421078478,1,19,0,18,19,4,8,0,0,0,1,0,0,0,1,1,6,6,1,27,6,1995,2,4,FORD TRANSIT CUSTOM,7,E01015967,0,-1
2021211074596,2021,211074596,2,19,0,18,19,2,1,0,0,1,0,0,0,0,4,1,1,1,1,63,9,1995,2,4,FORD TRANSIT CUSTOM,8,E01029761,0,-1
2021131109664,2021,131109664,2,19,0,18,19,1,1,0,0,0,0,0,0,0,2,1,6,6,1,29,6,2198,2,6,FORD TRANSIT CUSTOM,1,E01011617,0,-1
2021622200089,2021,622200089,1,19,0,5,5,8,4,0,0,4,0,0,0,0,1,1,1,1,1,34,6,1995,2,0,FORD TRANSIT CUSTOM,6,W01000412,0,-1
2021010298238,2021,010298238,2,19,0,1,1,5,1,0,0,0,0,0,0,0,2,1,1,1,1,36,7,1995,2,3,FORD TRANSIT CUSTOM,5,E01024032,0,-1
2021522101501,2021,522101501,1,19,0,18,19,6,2,0,0,8,0,0,0,0,1,1,6,6,1,37,7,2198,2,7,FORD TRANSIT CUSTOM,6,E01014989,0,-1
2021531085131,2021,531085131,2,19,0,18,19,6,2,0,0,0,0,0,0,0,2,1,6,6,1,51,8,1995,2,5,FORD TRANSIT CUSTOM,9,E01014792,0,-1
2021010304496,2021,010304496,2,19,0,9,9,7,5,0,0,6,0,0,0,0,1,1,2,2,1,25,5,1995,2,3,FORD TRANSIT CUSTOM,5,E01000159,0,-1
2021131071839,2021,131071839,1,19,0,18,19,7,3,0,0,0,0,0,0,0,1,1,6,6,1,36,7,1995,2,0,FORD TRANSIT CUSTOM,3,E01010751,0,-1
202163A018721,2021,63A018721,2,19,0,4,4,6,2,0,0,8,0,0,0,0,2,1,1,1,1,53,8,2198,2,6,FORD TRANSIT CUSTOM,4,W01000587,0,-1
2021320359498,2021,320359498,3,19,0,4,4,2,6,0,0,0,0,0,0,0,1,1,1,1,1,32,6,1995,2,3,FORD TRANSIT CUSTOM,5,E01032988,0,-1
2021548933821,2021,548933821,2,19,0,17,19,3,7,0,0,0,0,0,0,0,1,1,1,1,1,57,9,1995,2,1,FORD TRANSIT CUSTOM,10,E01028758,0,-1
2021041076829,2021,041076829,1,19,0,18,19,3,7,0,0,8,0,0,0,0,4,1,5,6,1,37,7,1995,2,1,FORD TRANSIT CUSTOM,2,E01025292,0,-1
2021010329033,2021,010329033,1,10,0,18,19,3,7,0,0,1,0,0,0,0,3,1,1,1,1,32,6,2198,2,6,FORD TRANSIT CUSTOM,-1,-1,0,-1
2021010303008,2021,010303008,2,19,0,99,99,9,9,99,99,9,9,99,9,99,1,9,6,6,3,-1,-1,1995,2,4,FORD TRANSIT CUSTOM,-1,-1,0,-1
2021010334262,2021,010334262,3,19,0,18,19,5,1,0,0,1,0,0,0,0,1,1,1,1,1,25,5,1995,2,3,FORD TRANSIT CUSTOM,3,E01000635,0,-1
2021320342742,2021,320342742,1,19,0,13,13,6,2,0,0,8,0,0,0,0,4,1,1,1,1,47,8,2198,2,6,FORD TRANSIT CUSTOM,5,E01026249,0,-1
2021421038750,2021,421038750,2,19,0,18,19,7,3,0,0,2,0,0,0,0,1,1,2,2,1,37,7,1995,2,2,FORD TRANSIT CUSTOM,4,E01021266,0,-1
2021010287204,2021,010287204,2,19,0,18,19,3,7,0,0,1,0,0,0,0,4,1,6,6,1,30,6,1995,2,1,FORD TRANSIT CUSTOM,2,E01001875,0,-1
2021421071348,2021,421071348,2,19,0,18,19,7,3,0,0,0,0,0,0,0,0,1,2,2,1,52,8,1995,2,2,FORD TRANSIT CUSTOM,5,E01021522,0,-1
2021610060121,2021,610060121,2,19,0,18,19,4,8,0,0,0,0,0,0,0,1,1,2,2,1,52,8,1995,2,2,FORD TRANSIT CUSTOM,1,W01001386,0,-1
2021991016879,2021,991016879,3,19,0,18,19,7,3,0,0,0,0,0,0,0,3,1,2,2,1,31,6,2198,2,7,FORD TRANSIT CUSTOM,6,-1,0,-1
2021991034312,2021,991034312,1,19,0,18,19,7,3,0,0,0,0,0,0,0,1,1,5,6,1,35,6,1995,2,1,FORD TRANSIT CUSTOM,2,-1,0,-1
2021320585124,2021,320585124,1,19,0,18,19,5,1,0,0,1,0,0,0,0,1,1,1,1,1,39,7,1995,2,3,FORD TRANSIT CUSTOM,8,E01025681,0,-1
2021471077016,2021,471077016,1,19,0,4,4,7,3,0,0,0,0,0,0,0,0,1,1,1,1,39,7,1995,2,1,FORD TRANSIT CUSTOM,2,E01016949,0,-1
2021371017239,2021,371017239,1,19,0,18,19,7,3,0,0,0,0,0,0,0,1,1,5,6,1,55,8,1995,2,3,FORD TRANSIT CUSTOM,6,E01029925,0,-1
2021010293057,2021,010293057,2,19,0,99,99,9,9,99,99,9,9,99,9,99,2,9,6,6,1,27,6,2198,2,5,FORD TRANSIT CUSTOM,6,E01001570,0,-1
202131C042721,2021,31C042721,3,19,0,3,3,4,8,0,0,0,0,0,1,0,2,1,1,1,1,-1,-1,1995,2,1,FORD TRANSIT CUSTOM,8,E01028327,0,-1
2021010339596,2021,010339596,2,19,0,18,19,1,5,0,0,1,0,0,0,0,1,1,6,6,1,31,6,1995,2,2,FORD TRANSIT CUSTOM,3,E01003519,0,-1
2021461067523,2021,461067523,2,19,0,2,2,0,0,0,0,1,0,0,0,0,1,1,6,6,3,-1,-1,2198,2,5,FORD TRANSIT CUSTOM,-1,-1,0,-1
2021061078866,2021,061078866,2,19,0,18,19,5,8,0,0,1,0,0,0,0,0,1,1,1,1,51,8,1995,2,3,FORD TRANSIT CUSTOM,-1,-1,0,-1
2021361046750,2021,361046750,3,10,0,3,3,7,8,0,0,1,0,0,0,0,2,1,1,1,2,61,9,-1,-1,-1,FORD TRANSIT CUSTOM,4,E01026640,0,-1
2021552100524,2021,552100524,1,19,0,18,19,7,3,0,0,0,1,0,0,0,1,1,2,2,1,64,9,1995,2,4,FORD TRANSIT CUSTOM,7,E01020538,0,-1
2021010289701,2021,010289701,1,19,0,2,2,0,0,0,0,1,0,8,0,0,1,1,6,6,3,-1,-1,1995,2,2,FORD TRANSIT CUSTOM,-1,-1,0,-1
2021401118392,2021,401118392,3,19,0,18,19,1,5,0,0,2,0,0,0,0,0,1,2,2,1,33,6,1995,2,4,FORD TRANSIT CUSTOM,3,E01002521,0,-1
2021010352096,2021,010352096,1,19,0,99,99,9,9,99,99,9,9,99,9,99,2,1,6,6,1,58,9,2198,2,8,FORD TRANSIT CUSTOM,4,E01003907,0,-1
2021010324773,2021,010324773,1,19,0,99,99,9,9,99,99,9,9,99,9,99,1,9,1,1,1,51,8,1995,2,2,FORD TRANSIT CUSTOM,9,E01002953,0,-1
2021010305100,2021,010305100,2,19,9,99,99,9,9,99,99,9,9,99,9,99,9,9,6,6,3,-1,-1,1995,2,1,FORD TRANSIT CUSTOM,-1,-1,0,-1
2021545210221,2021,545210221,1,19,0,18,19,2,6,0,0,0,0,0,0,0,4,1,1,1,2,65,9,1995,2,1,FORD TRANSIT CUSTOM,2,E01032062,0,-1
2021302100327,2021,302100327,2,19,0,2,2,0,0,0,0,0,0,0,0,0,0,1,1,1,3,-1,-1,2198,2,5,FORD TRANSIT CUSTOM,-1,-1,0,-1
2021471061330,2021,471061330,1,19,0,7,7,2,4,0,0,1,0,0,0,0,4,1,1,1,1,29,6,2198,2,7,FORD TRANSIT CUSTOM,3,E01016907,0,-1
2021371130570,2021,371130570,2,19,0,5,5,1,1,0,0,1,0,0,0,0,2,1,6,6,1,46,8,1995,2,0,FORD TRANSIT CUSTOM,4,E01021637,0,-1
2021991101784,2021,991101784,3,19,0,16,19,6,2,0,0,0,0,0,0,0,0,1,1,1,1,50,8,1995,2,4,FORD TRANSIT CUSTOM,5,-1,0,-1
2021031033120,2021,031033120,1,19,0,18,19,1,5,0,0,0,0,0,0,0,1,1,1,1,2,41,7,1995,2,4,FORD TRANSIT CUSTOM,5,E01019356,0,-1
2021061102939,2021,061102939,2,19,0,5,5,3,7,0,0,0,0,0,0,0,4,1,5,6,1,43,7,1995,2,1,FORD TRANSIT CUSTOM,8,E01006130,0,-1
2021010350811,2021,010350811,1,19,0,3,3,7,3,0,0,4,0,0,0,0,2,1,6,6,1,32,6,1995,2,1,FORD TRANSIT CUSTOM,6,E01004651,0,-1
2021991083777,2021,991083777,1,19,0,18,19,3,7,0,0,0,0,0,0,0,1,1,1,1,1,29,6,1995,2,3,FORD TRANSIT CUSTOM,3,-1,0,-1
2021010308422,2021,010308422,1,19,0,4,4,6,2,0,0,0,0,0,0,0,2,1,1,1,1,75,10,1995,2,3,FORD TRANSIT CUSTOM,2,E01000079,0,-1
2021010334980,2021,010334980,3,19,0,2,2,0,0,0,0,1,0,0,0,0,2,1,6,6,3,-1,-1,1995,2,1,FORD TRANSIT CUSTOM,-1,-1,0,-1
2021421072872,2021,421072872,1,19,0,18,19,3,8,0,0,0,0,11,1,0,1,1,1,1,1,36,7,1995,2,4,FORD TRANSIT CUSTOM,9,E01016540,0,-1
2021131104702,2021,131104702,2,19,0,18,19,7,3,0,0,0,0,0,0,0,2,1,1,1,1,40,7,1995,2,0,FORD TRANSIT CUSTOM,3,E01011608,0,-1
2021010317682,2021,010317682,1,19,0,6,6,1,1,0,0,0,0,0,0,0,1,1,1,1,1,42,7,1995,2,4,FORD TRANSIT CUSTOM,1,E01000524,0,-1
2021201026755,2021,201026755,1,19,0,18,19,5,1,0,0,0,0,0,0,0,1,1,6,6,1,23,5,2198,2,6,FORD TRANSIT CUSTOM,-1,-1,0,-1
2021131108384,2021,131108384,3,19,0,2,2,0,0,0,0,8,0,0,0,0,2,1,6,6,3,-1,-1,1995,2,0,FORD TRANSIT CUSTOM,-1,-1,0,-1
2021991116194,2021,991116194,5,19,0,18,19,8,3,0,0,0,0,0,0,0,3,1,1,1,1,50,8,2198,2,7,FORD TRANSIT CUSTOM,9,-1,0,-1
2021161064468,2021,161064468,1,19,0,13,13,4,8,0,0,0,0,0,0,0,4,1,6,6,1,-1,-1,1995,2,3,FORD TRANSIT CUSTOM,-1,-1,0,-1
2021622100717,2021,622100717,1,19,0,13,13,7,3,0,0,0,0,0,0,0,1,1,2,2,1,42,7,1995,2,1,FORD TRANSIT CUSTOM,2,W01000729,0,-1
2021010288533,2021,010288533,1,19,0,18,19,3,7,0,0,2,0,0,0,0,2,1,2,2,1,56,9,2198,2,6,FORD TRANSIT CUSTOM,3,E01000081,0,-1
2021451094076,2021,451094076,2,19,0,15,15,5,1,0,0,0,0,0,0,0,4,1,6,6,1,46,8,2198,2,6,FORD TRANSIT CUSTOM,9,E01031589,0,-1
2021010325287,2021,010325287,1,19,0,99,99,9,9,0,0,8,0,0,0,0,2,1,1,1,1,31,6,1995,2,0,FORD TRANSIT CUSTOM,9,E01023653,0,-1
2021430109350,2021,430109350,1,19,0,9,9,1,6,0,0,6,0,0,0,0,1,1,1,1,1,42,7,1995,2,5,FORD TRANSIT CUSTOM,4,E01032732,0,-1
2021401088804,2021,401088804,4,19,0,3,3,8,4,0,0,0,0,0,0,0,3,1,6,6,1,30,6,2198,2,6,FORD TRANSIT CUSTOM,1,E01017502,0,-1
2021010295473,2021,010295473,2,19,0,18,19,2,6,0,0,8,0,0,0,0,1,2,2,2,1,32,6,1995,2,2,FORD TRANSIT CUSTOM,4,E01003684,0,-1
2021010334851,2021,010334851,1,19,0,9,9,7,4,0,0,1,0,0,0,0,0,1,6,6,3,-1,-1,1995,2,3,FORD TRANSIT CUSTOM,-1,-1,0,-1
2021122100941,2021,122100941,1,19,0,18,19,1,5,0,0,1,0,0,0,0,1,1,6,6,1,51,8,2198,2,7,FORD TRANSIT CUSTOM,2,E01027812,0,-1
2021991108453,2021,991108453,1,19,0,18,19,1,3,0,0,0,1,0,0,0,1,1,6,6,1,51,8,1995,2,3,FORD TRANSIT CUSTOM,9,-1,0,-1
2021201026438,2021,201026438,1,19,0,18,19,8,4,0,0,0,0,10,0,0,3,1,6,6,1,42,7,1995,2,1,FORD TRANSIT CUSTOM,1,E01009410,0,-1
202134NNC2161,2021,34NNC2161,2,19,0,4,4,1,5,0,0,3,0,0,0,0,2,1,2,2,1,39,7,2198,2,7,FORD TRANSIT CUSTOM,3,E01027009,0,-1
2021010320541,2021,010320541,1,19,0,4,4,5,1,5,5,0,0,4,0,0,4,1,6,6,3,52,8,1995,2,3,FORD TRANSIT CUSTOM,-1,-1,0,-1
2021010343199,2021,010343199,2,19,0,99,99,9,9,99,99,9,9,99,9,99,1,9,6,6,3,-1,-1,1995,2,3,FORD TRANSIT CUSTOM,3,E01003617,0,-1