collision_index,collision_year,collision_ref_no,vehicle_reference,vehicle_type,towing_and_articulation,vehicle_manoeuvre_historic,vehicle_manoeuvre,vehicle_direction_from,vehicle_direction_to,vehicle_location_restricted_lane_historic,vehicle_location_restricted_lane,junction_location,skidding_and_overturning,hit_object_in_carriageway,vehicle_leaving_carriageway,hit_object_off_carriageway,first_point_of_impact,vehicle_left_hand_drive,journey_purpose_of_driver_historic,journey_purpose_of_driver,sex_of_driver,age_of_driver,age_band_of_driver,engine_capacity_cc,propulsion_code,age_of_vehicle,generic_make_model,driver_imd_decile,lsoa_of_driver,escooter_flag,driver_distance_banding
2021031046517,2021,031046517,2,19,0,18,19,5,1,0,0,0,0,0,0,0,0,1,1,1,1,30,6,1995,2,3,FORD TRANSIT CUSTOM,4,E01019332,0,-1
2021421095843,2021,421095843,1,19,0,6,6,7,7,0,0,1,0,0,0,0,3,1,2,2,1,33,6,2198,2,7,FORD TRANSIT CUSTOM,4,E01021495,0,-1
2021010334731,2021,010334731,1,19,0,18,19,7,3,0,0,2,0,0,0,0,4,1,1,1,1,29,6,1995,2,0,FORD TRANSIT CUSTOM,9,E01021804,0,-1
2021552100176,2021,552100176,1,19,0,18,19,2,6,0,0,0,0,0,0,0,4,1,2,2,1,35,6,1995,2,2,FORD TRANSIT CUSTOM,8,E01020520,0,-1
2021061043451,2021,061043451,1,19,0,9,9,2,6,0,0,1,0,0,0,0,3,1,1,1,2,35,6,1995,2,4,FORD TRANSIT CUSTOM,7,E01004775,0,-1
2021010338725,2021,010338725,1,19,0,9,9,1,7,0,0,6,0,0,0,0,3,1,1,1,1,29,6,1995,2,2,FORD TRANSIT CUSTOM,3,E01000092,0,-1
2021201111352,2021,201111352,2,19,0,6,6,0,0,0,0,0,0,0,0,0,4,1,6,6,1,22,5,1995,2,3,FORD TRANSIT CUSTOM,1,E01009110,0,-1
2021010351411,2021,010351411,2,19,9,99,99,9,9,99,99,9,9,99,9,99,9,9,6,6,3,-1,-1,1995,2,3,FORD TRANSIT CUSTOM,-1,-1,0,-1
2021122100634,2021,122100634,2,19,0,4,4,6,2,0,0,1,0,0,0,0,2,1,2,2,3,67,10,1995,2,2,FORD TRANSIT CUSTOM,6,E01027800,0,-1
2021141086406,2021,141086406,3,19,0,16,19,4,8,0,0,1,0,0,0,0,1,1,2,2,1,32,6,1995,2,4,FORD TRANSIT CUSTOM,2,E01011867,0,-1
2021461102827,2021,461102827,2,19,0,3,3,1,5,0,0,0,0,0,0,0,2,1,6,6,1,31,6,1995,2,1,FORD TRANSIT CUSTOM,8,E01021196,0,-1
2021010315592,2021,010315592,1,19,0,4,4,3,7,0,0,0,0,0,0,0,1,1,1,1,1,22,5,1995,2,1,FORD TRANSIT CUSTOM,10,E01032623,0,-1
2021461073633,2021,461073633,3,19,0,18,19,5,1,0,0,0,0,0,0,0,1,1,2,2,1,53,8,1995,2,3,FORD TRANSIT CUSTOM,7,E01021900,0,-1
2021501114603,2021,501114603,3,19,0,3,3,1,2,0,0,1,0,0,0,0,2,1,6,6,1,39,7,2198,2,6,FORD TRANSIT CUSTOM,6,E01018983,0,-1
2021471054150,2021,471054150,1,19,0,9,9,7,5,0,0,8,0,0,0,0,3,1,6,6,1,40,7,2198,2,7,FORD TRANSIT CUSTOM,5,E01031467,0,-1
2021010337688,2021,010337688,1,19,0,7,7,7,1,0,0,8,0,0,0,0,4,1,1,1,1,58,9,1995,2,4,FORD TRANSIT CUSTOM,4,E01016423,0,-1
2021451028405,2021,451028405,2,19,0,4,4,1,5,0,0,0,0,0,0,0,2,1,2,2,1,30,6,2198,2,5,FORD TRANSIT CUSTOM,4,E01028632,0,-1
2021010320650,2021,010320650,1,19,0,2,2,0,0,0,0,1,0,8,0,0,4,1,6,6,3,-1,-1,1995,2,2,FORD TRANSIT CUSTOM,-1,-1,0,-1
2021010350211,2021,010350211,1,19,0,18,19,3,7,0,0,2,0,11,0,0,1,1,1,1,1,44,7,1995,2,3,FORD TRANSIT CUSTOM,6,E01030818,0,-1
2021010292308,2021,010292308,1,19,0,14,14,5,1,0,0,2,1,0,7,0,1,1,1,1,1,26,6,1995,2,3,FORD TRANSIT CUSTOM,3,E01000922,0,-1
2021052100373,2021,052100373,2,19,0,5,5,1,2,0,0,8,0,0,0,0,3,1,1,1,1,28,6,1995,2,5,FORD TRANSIT CUSTOM,2,E01006958,0,-1
2021622100060,2021,622100060,1,8,0,18,19,8,4,0,0,0,0,0,0,0,1,1,6,6,1,30,6,2198,2,8,FORD TRANSIT CUSTOM,3,W01001137,0,-1
2021471086255,2021,471086255,2,19,0,18,19,1,5,0,0,1,1,0,0,0,4,1,6,6,1,38,7,1995,2,0,FORD TRANSIT CUSTOM,5,E01031410,0,-1
2021320598544,2021,320598544,1,19,0,18,19,7,3,0,0,0,0,0,0,0,1,1,6,6,1,24,5,2198,2,7,FORD TRANSIT CUSTOM,4,E01026389,0,-1
2021061114385,2021,061114385,1,19,0,9,9,6,4,0,0,6,0,0,0,0,1,1,6,6,3,30,6,2198,2,6,FORD TRANSIT CUSTOM,-1,-1,0,-1
2021010337483,2021,010337483,2,19,0,2,2,0,0,0,0,1,0,0,0,0,2,1,6,6,3,-1,-1,1995,2,2,FORD TRANSIT CUSTOM,-1,-1,0,-1
202163B078721,2021,63B078721,2,19,4,17,19,1,6,0,0,1,1,0,0,0,0,1,6,6,1,43,7,2198,2,6,FORD TRANSIT CUSTOM,5,W01000529,0,-1
2021031054032,2021,031054032,1,20,0,18,19,3,7,0,0,0,0,0,0,0,1,1,1,1,1,68,10,-1,-1,-1,FORD TRANSIT CUSTOM,8,-1,0,-1
2021010335722,2021,010335722,2,19,0,99,99,9,9,99,99,0,9,99,9,99,9,1,6,6,3,-1,-1,2198,2,5,FORD TRANSIT CUSTOM,-1,-1,0,-1
2021231128579,2021,231128579,2,19,0,18,19,3,7,0,0,0,0,0,0,0,3,1,2,2,1,29,6,1995,2,3,FORD TRANSIT CUSTOM,7,E01032124,0,-1
2021010324261,2021,010324261,1,19,9,99,99,9,9,99,99,9,9,99,9,99,1,9,6,6,3,51,8,1995,2,2,FORD TRANSIT CUSTOM,2,E01004230,0,-1
2021161064250,2021,161064250,1,19,0,6,6,6,6,0,0,8,0,0,0,0,2,1,1,1,1,41,7,1995,2,5,FORD TRANSIT CUSTOM,9,E01013217,0,-1
2021351060390,2021,351060390,1,19,0,18,19,7,1,0,0,0,0,0,0,0,1,1,6,6,1,44,7,1995,2,0,FORD TRANSIT CUSTOM,5,E01018102,0,-1
2021010291964,2021,010291964,1,19,0,3,3,3,7,0,0,0,0,0,0,0,2,1,1,1,1,27,6,2198,2,5,FORD TRANSIT CUSTOM,3,E01016171,0,-1
2021201066551,2021,201066551,1,19,0,18,19,3,7,0,0,8,0,0,0,0,1,1,6,6,1,44,7,1995,2,5,FORD TRANSIT CUSTOM,5,E01010026,0,-1
2021010310322,2021,010310322,1,19,0,18,19,5,1,0,0,1,0,0,0,0,1,1,6,6,1,32,6,1995,2,0,FORD TRANSIT CUSTOM,5,E01002167,0,-1
2021010308351,2021,010308351,2,19,0,18,19,1,5,0,0,0,0,0,0,0,2,1,1,1,1,37,7,1995,2,5,FORD TRANSIT CUSTOM,5,E01002302,0,-1
2021991081177,2021,991081177,2,19,0,3,3,8,4,0,0,2,0,0,0,0,2,1,6,6,1,51,8,2198,2,7,FORD TRANSIT CUSTOM,4,-1,0,-1
2021101068448,2021,101068448,2,19,0,2,2,0,0,0,0,0,0,4,0,0,2,1,1,1,1,52,8,1995,2,4,FORD TRANSIT CUSTOM,9,E01027502,0,-1
2021131124204,2021,131124204,1,19,0,4,4,5,1,0,0,1,0,0,0,0,1,1,1,1,1,50,8,1995,2,1,FORD TRANSIT CUSTOM,10,E01032983,0,-1
2021041080021,2021,041080021,2,19,0,18,19,1,5,0,0,0,0,0,0,0,3,1,1,1,1,30,6,1995,2,2,FORD TRANSIT CUSTOM,4,E01007169,0,-1
2021421019631,2021,421019631,2,19,0,18,19,2,6,0,0,0,1,0,2,0,2,1,2,2,1,63,9,1995,2,3,FORD TRANSIT CUSTOM,6,E01021404,0,-1
2021010316632,2021,010316632,2,19,0,99,99,9,9,99,99,9,9,99,9,99,9,9,6,6,1,43,7,1995,2,4,FORD TRANSIT CUSTOM,2,E01033591,0,-1
2021010336216,2021,010336216,1,19,0,7,7,1,2,0,0,5,0,0,0,0,4,1,1,1,1,56,9,1995,2,0,FORD TRANSIT CUSTOM,4,E01021260,0,-1
2021131115833,2021,131115833,1,19,0,5,5,0,1,0,0,0,0,0,0,0,4,1,1,1,1,59,9,2198,2,6,FORD TRANSIT CUSTOM,8,E01011630,0,-1
2021371070134,2021,371070134,2,19,0,18,19,7,3,0,0,0,0,2,0,0,4,1,1,1,1,59,9,2198,2,7,FORD TRANSIT CUSTOM,8,E01010201,0,-1
2021131052367,2021,131052367,1,19,0,9,9,2,8,0,0,0,0,0,0,0,0,1,6,6,3,-1,-1,1995,2,2,FORD TRANSIT CUSTOM,-1,-1,0,-1
2021052100454,2021,052100454,3,19,0,3,3,7,3,0,0,0,0,0,0,0,0,1,1,1,1,38,7,1995,2,2,FORD TRANSIT CUSTOM,5,E01007143,0,-1
2021010320663,2021,010320663,1,19,0,4,4,7,3,0,0,1,0,0,0,0,0,1,1,1,1,26,6,1995,2,0,FORD TRANSIT CUSTOM,3,E01004259,0,-1
2021010324305,2021,010324305,2,9,0,18,19,5,1,0,0,0,0,0,0,0,1,1,1,1,1,21,5,1995,2,1,FORD TRANSIT CUSTOM,5,E01001677,0,-1
2021010287248,2021,010287248,2,19,9,99,99,9,9,99,99,0,9,99,9,99,9,1,6,6,1,-1,-1,1995,2,4,FORD TRANSIT CUSTOM,3,E01000737,0,-1
2021010341138,2021,010341138,1,19,0,18,19,5,1,0,0,0,0,0,0,0,1,1,2,2,1,49,8,1995,2,3,FORD TRANSIT CUSTOM,4,E01000155,0,-1
2021010296554,2021,010296554,1,9,0,4,4,1,5,0,0,0,0,0,0,0,0,1,1,1,1,33,6,1995,2,2,-1,2,E01001710,0,-1
2021221071051,2021,221071051,1,19,0,4,4,7,3,0,0,0,0,0,0,0,2,1,1,1,1,62,9,1995,2,1,FORD TRANSIT CUSTOM,5,E01006113,0,-1
2021122100495,2021,122100495,2,19,0,18,19,5,1,0,0,8,1,0,1,0,1,1,6,6,1,29,6,1995,2,3,FORD TRANSIT CUSTOM,5,E01007489,0,-1
2021010322273,2021,010322273,1,19,0,7,7,3,5,0,0,8,0,0,0,0,4,1,1,1,1,36,7,1995,2,1,FORD TRANSIT CUSTOM,4,E01026814,0,-1
2021991021272,2021,991021272,1,20,0,18,19,2,6,0,0,0,0,0,0,0,1,1,1,1,1,48,8,-1,-1,-1,FORD TRANSIT CUSTOM,7,-1,0,-1
202131D104921,2021,31D104921,2,19,0,4,4,7,3,0,0,0,0,0,0,0,2,1,6,6,1,39,7,2198,2,7,FORD TRANSIT CUSTOM,10,E01019473,0,-1
2021302101860,2021,302101860,1,19,0,9,9,4,2,0,0,8,0,0,0,0,1,1,1,1,1,52,8,1995,12,0,FORD TRANSIT CUSTOM,6,E01009532,0,-1
2021991076026,2021,991076026,1,19,0,17,19,1,5,0,0,0,0,0,0,0,3,1,1,1,1,28,6,1995,2,0,FORD TRANSIT CUSTOM,2,-1,0,-1
2021131089185,2021,131089185,1,19,0,3,3,3,7,0,0,0,0,0,0,0,1,1,1,1,1,40,7,1995,2,3,FORD TRANSIT CUSTOM,1,E01011433,0,-1
2021501072632,2021,501072632,1,20,0,9,9,2,8,0,0,8,0,0,0,0,1,1,2,2,1,60,9,-1,-1,-1,FORD TRANSIT CUSTOM,4,E01019054,0,-1
2021010291703,2021,010291703,1,19,0,18,19,1,5,6,6,0,0,0,0,0,3,1,1,1,1,15,3,1995,2,3,FORD TRANSIT CUSTOM,4,E01001484,0,-1
2021451028332,2021,451028332,1,19,0,13,13,7,3,0,0,0,0,0,0,0,4,1,5,6,1,51,8,1995,2,4,FORD TRANSIT CUSTOM,9,E01022639,0,-1
2021991025774,2021,991025774,1,19,0,5,5,4,8,0,0,0,0,0,0,0,1,1,1,1,1,60,9,1995,2,2,FORD TRANSIT CUSTOM,-1,-1,0,-1
2021221085445,2021,221085445,2,19,0,18,19,1,5,0,0,0,0,0,0,0,1,1,5,6,1,36,7,2198,2,7,FORD TRANSIT CUSTOM,10,E01032270,0,-1
2021161133540,2021,161133540,1,19,0,18,19,3,7,0,0,1,0,0,0,0,3,1,1,1,1,36,7,1995,2,0,FORD TRANSIT CUSTOM,7,E01033105,0,-1
2021991054464,2021,991054464,2,19,0,7,7,6,8,0,0,0,0,0,0,0,0,1,1,1,1,32,6,1995,2,2,FORD TRANSIT CUSTOM,3,-1,0,-1
2021991040514,2021,991040514,2,19,0,17,19,8,4,0,0,0,0,0,0,0,0,1,1,1,1,56,9,1995,2,2,FORD TRANSIT CUSTOM,1,-1,0,-1
2021010318160,2021,010318160,1,19,0,9,9,7,5,0,0,6,0,0,0,0,3,1,1,1,1,74,10,2198,2,6,FORD TRANSIT CUSTOM,3,E01003286,0,-1
2021010335984,2021,010335984,1,19,0,9,9,1,6,0,0,1,0,0,0,0,1,1,2,2,1,26,6,1995,2,2,FORD TRANSIT CUSTOM,4,E01004172,0,-1
2021131071710,2021,131071710,2,19,0,18,19,3,1,0,0,1,0,0,0,0,1,1,6,6,1,31,6,1995,2,2,FORD TRANSIT CUSTOM,3,E01010725,0,-1
2021440297322,2021,440297322,1,19,0,18,19,1,5,0,0,0,0,0,1,0,1,1,2,2,1,27,6,1995,2,3,FORD TRANSIT CUSTOM,4,E01017042,0,-1
202163C048021,2021,63C048021,1,19,0,4,4,2,6,0,0,2,0,0,0,0,2,1,1,1,1,55,8,1995,2,4,FORD TRANSIT CUSTOM,9,W01000615,0,-1
2021461051696,2021,461051696,1,19,0,9,9,8,5,0,0,0,0,0,0,0,4,1,1,1,1,26,6,1995,2,2,FORD TRANSIT CUSTOM,5,E01000360,0,-1
202131B078021,2021,31B078021,1,19,0,16,19,6,1,0,0,0,0,0,7,4,1,1,6,6,2,31,6,1995,2,4,FORD TRANSIT CUSTOM,4,E01032087,0,-1
2021401081222,2021,401081222,3,19,0,10,10,8,5,0,0,0,0,0,0,0,2,1,5,6,1,33,6,1995,2,4,FORD TRANSIT CUSTOM,10,E01017438,0,-1
202134WNC7381,2021,34WNC7381,1,19,0,18,19,1,5,0,0,0,0,0,0,0,4,1,6,6,1,34,6,1995,2,3,FORD TRANSIT CUSTOM,7,E01027146,0,-1
2021991061885,2021,991061885,1,19,0,18,19,7,2,0,0,1,0,0,0,0,1,1,6,6,1,19,4,1995,2,1,FORD TRANSIT CUSTOM,10,-1,0,-1
2021010306432,2021,010306432,2,19,0,18,19,1,5,0,0,0,0,4,0,0,1,1,6,6,1,30,6,1995,2,3,FORD TRANSIT CUSTOM,5,E01000820,0,-1
2021991122024,2021,991122024,1,19,0,18,19,5,6,0,0,0,0,0,0,0,1,1,1,1,1,41,7,1995,2,0,FORD TRANSIT CUSTOM,5,-1,0,-1
2021411131484,2021,411131484,2,19,0,4,4,1,5,0,0,0,0,0,0,0,2,1,2,2,1,40,7,1995,2,3,FORD TRANSIT CUSTOM,5,E01023638,0,-1
2021010319937,2021,010319937,5,19,0,2,2,0,0,0,0,0,0,0,0,0,2,1,6,6,3,-1,-1,1995,2,3,FORD TRANSIT CUSTOM,-1,-1,0,-1
2021421038580,2021,421038580,3,19,0,18,19,5,1,0,0,0,0,0,0,0,3,1,2,2,1,29,6,1995,2,3,FORD TRANSIT CUSTOM,8,E01030101,0,-1
2021010347754,2021,010347754,2,19,0,99,99,9,9,99,99,9,9,99,9,99,9,9,6,6,3,-1,-1,1995,2,4,FORD TRANSIT CUSTOM,5,E01001277,0,-1
2021070418532,2021,070418532,1,19,0,18,19,7,2,0,0,4,0,0,0,0,1,1,6,6,1,38,7,1995,2,3,FORD TRANSIT CUSTOM,3,E01011786,0,-1
2021010323128,2021,010323128,2,19,9,99,99,9,9,99,99,0,9,99,9,99,9,9,6,6,1,45,7,1995,2,1,FORD TRANSIT CUSTOM,7,E01003763,0,-1
2021440316293,2021,440316293,1,19,0,4,4,5,3,0,0,0,0,0,0,0,1,1,1,1,1,38,7,1995,2,1,FORD TRANSIT CUSTOM,-1,-1,0,-1
2021111131533,2021,111131533,1,21,0,18,19,2,6,0,0,0,0,7,0,0,1,1,5,6,1,31,6,-1,-1,-1,FORD TRANSIT CUSTOM,3,E01033203,0,-1
2021041013178,2021,041013178,1,19,0,9,9,3,1,0,0,8,0,0,0,0,1,1,1,1,1,30,6,1995,2,2,FORD TRANSIT CUSTOM,5,E01025235,0,-1
202163C076521,2021,63C076521,1,19,0,13,13,3,7,0,0,0,0,0,0,0,4,1,6,6,2,45,7,2198,2,7,FORD TRANSIT CUSTOM,6,W01000612,0,-1
2021010321092,2021,010321092,2,19,0,9,9,5,3,0,0,8,0,0,0,0,4,1,1,1,1,38,7,1995,2,3,FORD TRANSIT CUSTOM,2,E01000077,0,-1
2021451025369,2021,451025369,2,19,0,4,4,8,4,0,0,0,0,0,0,0,2,1,1,1,1,33,6,1995,2,2,FORD TRANSIT CUSTOM,8,E01030422,0,-1
2021010313859,2021,010313859,2,19,0,18,19,2,6,0,0,0,0,0,0,0,1,1,6,6,3,-1,-1,1995,2,2,FORD TRANSIT CUSTOM,-1,-1,0,-1
2021041095710,2021,041095710,1,19,0,1,1,1,5,2,2,0,0,0,0,0,2,2,5,6,1,31,6,2198,2,7,FORD TRANSIT CUSTOM,5,E01025541,0,-1
2021161102443,2021,161102443,1,19,0,3,3,8,4,0,0,7,0,0,0,0,3,1,1,1,1,35,6,2198,2,5,FORD TRANSIT CUSTOM,4,E01012810,0,-1
2021161124824,2021,161124824,2,19,0,18,19,3,7,0,0,1,0,0,0,0,1,1,2,2,1,61,9,1995,2,4,FORD TRANSIT CUSTOM,3,E01012825,0,-1
2021010350986,2021,010350986,1,19,0,18,19,2,6,0,0,2,0,0,0,0,3,1,2,2,1,63,9,1995,2,0,FORD TRANSIT CUSTOM,4,E01002042,0,-1
2021010323563,2021,010323563,1,19,0,9,9,5,2,0,0,0,0,0,0,0,4,1,1,1,1,31,6,1995,2,2,FORD TRANSIT CUSTOM,5,E01001265,0,-1
2021302101421,2021,302101421,2,19,0,2,2,0,0,0,0,0,0,0,0,0,1,1,6,6,3,-1,-1,2198,2,5,FORD TRANSIT CUSTOM,-1,-1,0,-1
2021041015086,2021,041015086,2,19,0,18,19,5,1,0,0,0,0,0,0,0,3,1,5,6,1,34,6,2198,2,5,FORD TRANSIT CUSTOM,5,E01029013,0,-1
2021991027820,2021,991027820,4,19,0,18,19,4,8,0,0,0,0,0,0,0,1,1,1,1,1,41,7,1995,2,3,FORD TRANSIT CUSTOM,8,-1,0,-1
2021061034714,2021,061034714,2,19,0,18,19,3,3,0,0,0,0,0,0,0,1,1,6,6,2,31,6,1995,2,3,FORD TRANSIT CUSTOM,3,E01005366,0,-1
2021010313751,2021,010313751,2,19,0,15,15,4,8,0,0,0,0,0,0,0,1,1,1,1,1,50,8,1995,2,4,FORD TRANSIT CUSTOM,2,E01003236,0,-1
2021552101257,2021,552101257,1,19,0,18,19,2,6,0,0,1,0,0,0,0,1,1,1,1,3,-1,-1,1995,2,2,FORD TRANSIT CUSTOM,-1,-1,0,-1
2021421105444,2021,421105444,2,19,0,18,19,4,8,0,0,1,0,0,0,0,1,1,1,1,1,31,6,1995,2,1,FORD TRANSIT CUSTOM,7,E01021684,0,-1
2021461144760,2021,461144760,1,19,0,13,13,1,5,0,0,0,0,0,0,0,4,1,6,6,1,32,6,1995,2,0,FORD TRANSIT CUSTOM,2,E01025856,0,-1
2021101023293,2021,101023293,1,19,0,18,19,8,4,0,0,0,0,4,0,0,1,1,1,1,1,33,6,2198,2,7,FORD TRANSIT CUSTOM,1,E01008392,0,-1
2021010299109,2021,010299109,2,19,0,5,5,5,1,0,0,1,0,0,0,0,3,1,1,1,1,30,6,2198,2,5,FORD TRANSIT CUSTOM,4,E01016100,0,-1
2021122100149,2021,122100149,2,19,0,18,19,5,1,0,0,0,0,0,0,0,2,1,1,1,1,27,6,2198,2,5,FORD TRANSIT CUSTOM,7,E01011569,0,-1
2021371140058,2021,371140058,1,19,0,18,19,6,2,0,0,0,2,0,0,0,1,1,5,6,1,29,6,1995,2,1,FORD TRANSIT CUSTOM,8,E01032468,0,-1
2021351050057,2021,351050057,1,19,0,18,19,6,2,0,0,1,0,0,0,0,1,1,1,1,1,52,8,2198,2,7,FORD TRANSIT CUSTOM,9,E01018254,0,-1
2021131114711,2021,131114711,2,19,0,9,9,5,3,0,0,8,0,0,0,0,3,1,1,1,1,23,5,2198,2,5,FORD TRANSIT CUSTOM,7,E01011614,0,-1
2021041087868,2021,041087868,1,19,0,5,5,5,1,0,0,0,0,0,0,0,4,1,5,6,1,62,9,2198,2,5,FORD TRANSIT CUSTOM,8,E01025280,0,-1
2021480349536,2021,480349536,1,19,0,99,99,9,9,99,99,9,9,99,9,99,1,9,6,6,3,51,8,1995,2,0,FORD TRANSIT CUSTOM,2,E01013502,0,-1
2021061106212,2021,061106212,1,19,0,18,19,4,8,0,0,8,2,7,0,0,3,1,1,1,2,24,5,1995,2,2,FORD TRANSIT CUSTOM,1,E01005527,0,-1
2021010291293,2021,010291293,2,19,0,9,9,3,8,0,0,5,0,0,0,0,3,1,1,1,1,41,7,1995,2,5,FORD TRANSIT CUSTOM,1,E01001944,0,-1
2021010316137,2021,010316137,2,19,0,9,9,2,8,0,0,2,0,0,0,0,4,1,6,6,1,53,8,2198,2,5,FORD TRANSIT CUSTOM,6,E01023469,0,-1
2021122101517,2021,122101517,2,19,0,4,4,7,3,0,0,0,0,0,0,0,1,1,1,1,1,59,9,1995,2,3,FORD TRANSIT CUSTOM,6,E01027902,0,-1
202134WNC3351,2021,34WNC3351,1,19,0,18,19,7,3,0,0,0,0,4,0,0,4,1,2,2,1,28,6,1995,2,4,FORD TRANSIT CUSTOM,9,E01027212,0,-1
2021421112086,2021,421112086,4,19,0,4,4,6,2,0,0,0,0,0,0,0,1,1,2,2,1,39,7,2198,2,8,FORD TRANSIT CUSTOM,8,E01021544,0,-1
2021421041285,2021,421041285,2,19,0,2,2,0,0,0,0,0,0,0,0,0,2,1,6,6,3,-1,-1,1995,2,3,FORD TRANSIT CUSTOM,-1,-1,0,-1
2021471054555,2021,471054555,3,19,0,18,19,1,5,0,0,1,0,0,0,0,0,1,1,1,1,33,6,2198,2,5,FORD TRANSIT CUSTOM,7,E01016961,0,-1
2021010320519,2021,010320519,2,19,0,99,99,9,9,99,99,9,9,99,9,99,9,9,6,6,3,-1,-1,1995,2,5,FORD TRANSIT CUSTOM,-1,-1,0,-1
2021010322865,2021,010322865,2,19,0,99,99,9,9,99,99,9,9,99,9,99,1,9,6,6,3,-1,-1,1995,2,0,FORD TRANSIT CUSTOM,2,E01001515,0,-1
2021061101254,2021,061101254,1,19,0,-1,-1,-1,-1,-1,-1,0,-1,-1,-1,0,-1,1,6,6,1,44,7,1995,2,1,FORD TRANSIT CUSTOM,1,E01004863,0,-1
2021542758221,2021,542758221,2,19,0,18,19,5,1,0,0,0,0,0,0,0,3,1,6,6,1,28,6,2198,2,7,FORD TRANSIT CUSTOM,4,E01015578,0,-1
2021430169666,2021,430169666,2,19,0,16,19,6,2,0,0,1,0,0,0,0,1,1,1,1,1,63,9,2198,2,6,FORD TRANSIT CUSTOM,10,E01028763,0,-1
2021361046840,2021,361046840,2,19,0,3,3,7,3,0,0,0,0,0,0,0,2,1,1,1,1,70,10,1995,2,2,FORD TRANSIT CUSTOM,5,E01026525,0,-1
2021430433684,2021,430433684,1,19,0,5,5,4,8,0,0,0,0,0,0,0,1,1,6,6,1,31,6,2198,2,8,FORD TRANSIT CUSTOM,7,E01021294,0,-1
2021111131116,2021,111131116,1,19,0,3,3,4,8,0,0,1,0,0,0,0,1,1,2,2,1,51,8,1995,2,0,FORD TRANSIT CUSTOM,3,E01020694,0,-1
2021010319988,2021,010319988,1,19,0,7,7,3,5,0,0,8,0,0,0,0,4,1,1,1,1,61,9,1995,2,5,FORD TRANSIT CUSTOM,8,E01024286,0,-1
2021302100521,2021,302100521,1,19,0,18,19,6,2,0,0,0,0,0,0,0,1,1,1,1,1,60,9,1995,2,2,FORD TRANSIT CUSTOM,1,E01013586,0,-1
2021122101045,2021,122101045,2,19,0,3,3,6,2,0,0,0,0,0,0,0,2,1,6,6,1,41,7,1995,2,0,FORD TRANSIT CUSTOM,8,E01013073,0,-1
2021031107215,2021,031107215,1,19,0,18,19,3,7,0,0,0,0,0,0,0,1,1,6,6,3,-1,-1,2198,2,5,FORD TRANSIT CUSTOM,-1,-1,0,-1
2021061092933,2021,061092933,1,19,0,18,19,3,7,0,0,8,0,0,0,0,1,1,1,1,1,38,7,1995,2,3,FORD TRANSIT CUSTOM,-1,-1,0,-1
2021622100792,2021,622100792,1,19,0,18,19,6,2,0,0,0,0,0,0,0,1,1,6,6,1,23,5,1995,2,0,FORD TRANSIT CUSTOM,3,W01001875,0,-1
2021010299344,2021,010299344,2,19,0,3,3,1,5,0,0,1,9,0,0,99,2,9,1,1,3,-1,-1,1995,2,4,FORD TRANSIT CUSTOM,-1,-1,0,-1
2021010347281,2021,010347281,1,19,0,18,19,7,3,0,0,1,0,0,0,0,1,1,1,1,1,37,7,1995,2,2,FORD TRANSIT CUSTOM,-1,-1,0,-1
2021010307674,2021,010307674,2,19,0,99,99,9,9,99,99,0,9,99,9,99,0,9,6,6,3,70,10,1995,2,4,FORD TRANSIT CUSTOM,4,E01002867,0,-1
2021440289025,2021,440289025,2,19,0,18,19,4,8,0,0,1,0,0,0,0,1,1,2,2,1,33,6,2198,2,7,FORD TRANSIT CUSTOM,5,E01017324,0,-1
2021421064403,2021,421064403,2,19,0,18,19,3,7,0,0,1,0,0,0,0,4,1,6,6,1,40,7,1995,2,2,FORD TRANSIT CUSTOM,5,E01021720,0,-1
2021622100337,2021,622100337,2,20,0,18,19,1,5,0,0,1,0,0,7,11,4,1,1,1,1,27,6,-1,-1,-1,FORD TRANSIT CUSTOM,4,W01000809,0,-1
2021471083672,2021,471083672,2,19,0,18,19,1,5,0,0,1,0,0,0,0,4,1,1,1,1,42,7,1995,2,3,FORD TRANSIT CUSTOM,7,E01021212,0,-1
2021461027155,2021,461027155,2,19,0,18,19,4,7,0,0,0,0,0,0,0,2,1,5,6,1,35,6,1995,2,1,FORD TRANSIT CUSTOM,7,E01024405,0,-1
2021622100611,2021,622100611,2,19,0,18,19,1,5,0,0,0,0,0,0,0,1,1,1,1,1,36,7,1995,2,1,FORD TRANSIT CUSTOM,7,W01001228,0,-1
2021440447259,2021,440447259,2,19,0,4,4,5,1,0,0,0,0,0,0,0,2,1,6,6,1,60,9,1995,2,4,FORD TRANSIT CUSTOM,9,E01022712,0,-1
2021010319364,2021,010319364,2,19,0,18,19,5,1,0,0,1,0,0,0,0,1,1,6,6,1,50,8,1995,2,2,FORD TRANSIT CUSTOM,10,E01000423,0,-1
2021451093178,2021,451093178,1,19,0,18,19,1,6,0,0,1,0,0,0,0,1,1,6,6,1,36,7,1995,2,3,FORD TRANSIT CUSTOM,9,E01030391,0,-1
2021010300683,2021,010300683,1,19,0,3,3,3,7,0,0,0,0,0,0,0,0,1,1,1,1,30,6,1995,2,3,FORD TRANSIT CUSTOM,6,E01003647,0,-1
2021041011736,2021,041011736,2,19,0,2,2,0,0,6,6,0,0,0,0,0,4,1,1,1,1,37,7,1995,2,4,FORD TRANSIT CUSTOM,1,E01024877,0,-1