collision_index,collision_year,collision_ref_no,vehicle_reference,vehicle_type,towing_and_articulation,vehicle_manoeuvre_historic,vehicle_manoeuvre,vehicle_direction_from,vehicle_direction_to,vehicle_location_restricted_lane_historic,vehicle_location_restricted_lane,junction_location,skidding_and_overturning,hit_object_in_carriageway,vehicle_leaving_carriageway,hit_object_off_carriageway,first_point_of_impact,vehicle_left_hand_drive,journey_purpose_of_driver_historic,journey_purpose_of_driver,sex_of_driver,age_of_driver,age_band_of_driver,engine_capacity_cc,propulsion_code,age_of_vehicle,generic_make_model,driver_imd_decile,lsoa_of_driver,escooter_flag,driver_distance_banding
2021052100836,2021,052100836,2,19,0,18,19,5,1,0,0,1,0,0,0,0,2,1,1,1,1,21,5,1995,2,5,FORD TRANSIT CUSTOM,2,E01006948,0,-1
2021221068798,2021,221068798,2,19,0,18,19,8,4,0,0,8,0,0,0,0,4,1,5,6,2,47,8,2198,2,6,FORD TRANSIT CUSTOM,6,E01032401,0,-1
2021461131012,2021,461131012,1,19,0,1,1,1,5,0,0,0,0,0,0,0,2,1,5,6,1,-1,-1,1995,2,0,FORD TRANSIT CUSTOM,-1,-1,0,-1
2021010344294,2021,010344294,2,19,0,18,19,8,4,0,0,0,0,0,0,0,3,1,6,6,1,46,8,1995,2,3,FORD TRANSIT CUSTOM,4,E01024429,0,-1
2021610049421,2021,610049421,2,19,0,18,19,8,4,0,0,4,0,0,0,0,1,1,2,2,1,41,7,1995,2,4,FORD TRANSIT CUSTOM,2,W01001451,0,-1
2021411061671,2021,411061671,2,19,0,18,19,2,6,0,0,2,0,0,0,0,2,1,1,1,1,55,8,2198,2,5,FORD TRANSIT CUSTOM,5,E01023429,0,-1
2021010318056,2021,010318056,2,19,0,99,99,9,9,99,99,9,9,99,9,99,9,9,6,6,3,58,9,1995,2,4,FORD TRANSIT CUSTOM,8,E01000343,0,-1
2021320230886,2021,320230886,2,19,0,18,19,5,1,0,0,0,0,0,0,0,1,1,1,1,1,30,6,1995,2,0,FORD TRANSIT CUSTOM,5,E01026327,0,-1
2021010343250,2021,010343250,2,19,0,18,19,1,5,0,0,8,0,0,3,1,3,1,2,2,1,52,8,2198,2,5,FORD TRANSIT CUSTOM,8,E01000679,0,-1
2021622100349,2021,622100349,1,19,0,9,9,6,5,0,0,8,0,0,0,0,1,1,1,1,1,53,8,1995,2,1,FORD TRANSIT CUSTOM,3,W01001790,0,-1
2021421017867,2021,421017867,1,19,0,10,10,5,3,0,0,8,0,0,0,0,1,1,1,1,1,59,9,1995,2,4,FORD TRANSIT CUSTOM,6,E01033462,0,-1
2021010315346,2021,010315346,1,19,0,3,3,6,2,0,0,1,0,0,0,0,4,1,2,2,1,57,9,1995,2,0,FORD TRANSIT CUSTOM,3,E01016474,0,-1
2021411091040,2021,411091040,2,19,0,18,19,3,7,0,0,0,0,0,6,0,4,1,1,1,1,41,7,1995,2,4,FORD TRANSIT CUSTOM,2,E01021872,0,-1
2021351096311,2021,351096311,2,19,0,4,4,6,2,0,0,0,0,0,0,0,1,1,1,1,1,55,8,2198,2,5,FORD TRANSIT CUSTOM,6,E01018076,0,-1
2021138410325,2021,138410325,1,19,0,10,10,3,1,0,0,8,0,0,0,0,3,1,1,1,2,27,6,1995,2,2,FORD TRANSIT CUSTOM,6,E01026391,0,-1
2021070085802,2021,070085802,3,19,0,18,19,7,3,0,0,8,0,0,0,0,1,1,1,1,1,60,9,1995,2,3,FORD TRANSIT CUSTOM,8,W01000388,0,-1
2021471124396,2021,471124396,1,19,0,18,19,5,1,0,0,0,0,0,0,0,1,1,1,1,1,50,8,1995,2,5,FORD TRANSIT CUSTOM,7,E01031462,0,-1
2021421044237,2021,421044237,1,19,0,18,19,7,3,0,0,0,0,0,0,0,4,1,2,2,1,27,6,1995,2,2,FORD TRANSIT CUSTOM,2,E01015929,0,-1
2021440147414,2021,440147414,1,19,0,3,3,5,8,0,0,1,0,0,0,0,2,1,1,1,1,47,8,1995,2,4,FORD TRANSIT CUSTOM,2,E01017253,0,-1
2021131047382,2021,131047382,1,19,0,18,19,7,3,0,0,0,0,0,0,0,1,1,2,2,1,55,8,1995,2,2,FORD TRANSIT CUSTOM,10,E01011401,0,-1
2021211147705,2021,211147705,3,19,0,18,19,5,1,0,0,0,0,0,0,0,1,1,6,6,1,50,8,1995,2,4,FORD TRANSIT CUSTOM,9,E01029779,0,-1
2021421019815,2021,421019815,4,19,0,3,3,6,2,0,0,0,0,0,0,0,2,1,1,1,1,51,8,1995,2,0,FORD TRANSIT CUSTOM,6,E01021541,0,-1
2021411101226,2021,411101226,1,19,0,18,19,-1,-1,0,0,8,0,0,0,0,3,1,6,6,1,40,7,1995,2,1,FORD TRANSIT CUSTOM,9,E01026938,0,-1
2021010301167,2021,010301167,1,19,0,13,13,3,7,0,0,0,0,0,0,0,1,1,1,1,1,31,6,1995,2,5,FORD TRANSIT CUSTOM,4,E01033589,0,-1
2021461085141,2021,461085141,1,19,0,1,1,1,5,0,0,0,0,0,0,0,2,1,5,6,3,41,7,2198,2,6,FORD TRANSIT CUSTOM,10,E01024461,0,-1
2021991050075,2021,991050075,3,19,0,18,19,6,2,0,0,0,0,0,0,0,4,1,5,6,1,45,7,1995,2,4,FORD TRANSIT CUSTOM,1,-1,0,-1
2021010339706,2021,010339706,2,19,0,5,5,5,1,0,0,6,0,0,0,0,1,1,2,2,1,35,6,1995,2,1,FORD TRANSIT CUSTOM,3,E01000109,0,-1
2021131053164,2021,131053164,1,19,0,9,9,3,1,0,0,5,0,0,0,0,0,1,5,6,1,27,6,1995,2,4,FORD TRANSIT CUSTOM,3,E01032606,0,-1
2021041091947,2021,041091947,1,19,0,13,13,7,3,9,9,1,0,0,0,0,4,1,2,2,1,33,6,1995,2,1,FORD TRANSIT CUSTOM,1,E01025049,0,-1
2021041052337,2021,041052337,1,19,0,18,19,4,8,0,0,0,0,0,0,0,1,1,1,1,1,28,6,2198,2,5,FORD TRANSIT CUSTOM,5,E01007030,0,-1
2021991121612,2021,991121612,1,19,0,18,19,7,3,0,0,0,0,0,0,0,1,1,1,1,1,54,8,1995,2,0,FORD TRANSIT CUSTOM,1,-1,0,-1
2021421034342,2021,421034342,4,19,0,3,3,1,5,0,0,0,0,0,0,0,4,1,6,6,1,23,5,2198,2,5,FORD TRANSIT CUSTOM,-1,-1,0,-1
2021010338606,2021,010338606,5,19,0,4,4,5,1,0,0,0,0,0,0,0,2,1,6,6,1,22,5,1995,2,4,FORD TRANSIT CUSTOM,2,E01003591,0,-1
2021010292388,2021,010292388,2,19,0,2,2,0,0,99,99,9,9,99,9,99,0,9,6,6,3,-1,-1,1995,2,3,FORD TRANSIT CUSTOM,-1,-1,0,-1
2021010317192,2021,010317192,1,19,0,18,19,3,7,0,0,8,0,0,0,0,1,1,6,6,1,33,6,1995,2,2,FORD TRANSIT CUSTOM,-1,-1,0,-1
2021421066748,2021,421066748,2,19,0,18,19,3,7,0,0,2,0,0,0,0,4,1,1,1,1,39,7,1995,2,2,FORD TRANSIT CUSTOM,2,E01021685,0,-1
202131B189321,2021,31B189321,2,19,0,18,19,8,4,0,0,8,0,0,0,0,1,1,1,1,1,43,7,1995,2,1,FORD TRANSIT CUSTOM,6,E01026213,0,-1
2021211050714,2021,211050714,2,19,0,2,2,0,0,0,0,0,0,0,0,0,3,1,6,6,1,-1,-1,1995,2,4,FORD TRANSIT CUSTOM,4,E01014343,0,-1
2021041045868,2021,041045868,2,19,0,4,4,3,7,0,0,0,0,0,0,0,2,1,1,1,1,31,6,1995,2,1,FORD TRANSIT CUSTOM,4,E01006228,0,-1
2021401030799,2021,401030799,3,19,0,3,3,3,3,0,0,8,0,0,0,0,2,1,2,2,1,30,6,1995,2,2,FORD TRANSIT CUSTOM,2,E01027161,0,-1
2021471100334,2021,471100334,2,19,0,18,19,8,4,0,0,8,0,0,0,0,2,1,1,1,1,49,8,1995,2,5,FORD TRANSIT CUSTOM,9,E01021190,0,-1
2021122100500,2021,122100500,1,19,0,3,3,3,7,0,0,3,0,0,0,0,1,1,6,6,3,-1,-1,1995,2,3,FORD TRANSIT CUSTOM,-1,-1,0,-1
2021010301917,2021,010301917,2,19,0,99,99,9,9,99,99,9,9,99,9,99,9,9,6,6,3,44,7,1995,2,1,FORD TRANSIT CUSTOM,6,E01023359,0,-1
2021041091768,2021,041091768,2,19,0,4,4,1,5,0,0,0,0,0,0,0,2,1,1,1,1,30,6,1995,2,3,FORD TRANSIT CUSTOM,8,E01025420,0,-1
2021461038459,2021,461038459,1,19,0,18,19,5,1,0,0,0,1,0,0,0,1,1,2,2,2,-1,-1,1995,2,2,FORD TRANSIT CUSTOM,9,E01024275,0,-1
2021451030530,2021,451030530,1,19,0,18,19,3,7,0,0,1,1,11,0,0,1,1,1,1,1,61,9,1995,2,4,FORD TRANSIT CUSTOM,10,E01031738,0,-1
2021361034682,2021,361034682,1,19,0,18,19,7,3,0,0,0,0,0,7,0,1,1,1,1,3,35,6,1995,2,2,FORD TRANSIT CUSTOM,1,E01013622,0,-1
2021010347723,2021,010347723,2,19,0,10,10,4,3,0,0,8,0,99,0,0,4,1,6,6,1,31,6,1995,2,0,FORD TRANSIT CUSTOM,2,E01000102,0,-1
2021010335933,2021,010335933,2,19,0,4,4,3,7,0,0,0,0,0,0,0,1,1,3,7,1,31,6,2198,2,6,FORD TRANSIT CUSTOM,3,E01001661,0,-1
2021010298612,2021,010298612,2,19,0,7,7,4,7,0,0,1,0,0,0,0,0,1,1,1,1,34,6,1995,2,3,FORD TRANSIT CUSTOM,2,E01021771,0,-1
2021010314940,2021,010314940,1,19,0,18,19,1,5,0,0,2,0,0,0,0,1,1,1,1,1,28,6,1995,2,0,FORD TRANSIT CUSTOM,3,E01001045,0,-1
2021991024049,2021,991024049,1,19,0,18,19,7,3,0,0,0,0,0,0,0,3,1,6,6,1,64,9,1995,2,4,FORD TRANSIT CUSTOM,7,-1,0,-1
2021221113750,2021,221113750,4,19,0,3,3,5,1,0,0,0,0,0,0,0,2,1,1,1,1,41,7,1995,2,1,FORD TRANSIT CUSTOM,6,E01028973,0,-1
2021141087163,2021,141087163,3,19,0,18,19,5,5,0,0,1,0,0,0,0,1,1,1,1,1,57,9,1995,2,4,FORD TRANSIT CUSTOM,9,E01007749,0,-1
2021451053544,2021,451053544,2,19,0,2,2,0,0,0,0,0,0,0,0,0,0,1,6,6,1,31,6,2198,2,8,FORD TRANSIT CUSTOM,10,E01030314,0,-1
2021010332307,2021,010332307,2,19,0,5,5,5,1,0,0,2,0,0,0,0,1,1,1,1,1,62,9,2198,2,8,FORD TRANSIT CUSTOM,4,E01001450,0,-1
2021201125368,2021,201125368,2,19,0,18,19,2,6,0,0,8,1,0,0,0,4,1,6,6,1,30,6,1995,2,0,FORD TRANSIT CUSTOM,2,E01010279,0,-1
2021545626221,2021,545626221,1,19,0,18,19,3,7,0,0,0,0,0,0,0,1,1,6,6,1,33,6,2198,2,7,FORD TRANSIT CUSTOM,9,E01032034,0,-1
2021501064932,2021,501064932,1,19,0,10,10,5,3,0,0,1,0,0,0,0,2,1,1,1,1,37,7,1995,2,1,FORD TRANSIT CUSTOM,4,E01018965,0,-1
2021041094275,2021,041094275,1,19,0,7,7,3,7,0,0,1,0,0,1,0,1,1,2,2,1,55,8,1995,2,0,FORD TRANSIT CUSTOM,1,E01012704,0,-1
2021501053374,2021,501053374,4,19,0,18,19,3,7,0,0,0,0,0,0,0,2,1,6,6,1,34,6,1995,2,4,FORD TRANSIT CUSTOM,3,E01018815,0,-1
2021991031053,2021,991031053,2,19,0,2,2,0,0,0,0,0,0,0,1,0,2,1,1,1,1,77,11,1995,2,4,FORD TRANSIT CUSTOM,8,-1,0,-1
2021052100825,2021,052100825,1,19,0,9,9,7,5,0,0,2,0,0,0,0,1,1,1,1,1,25,5,1995,2,1,FORD TRANSIT CUSTOM,1,E01006334,0,-1
2021010293679,2021,010293679,2,19,0,18,19,3,7,0,0,1,0,0,0,0,0,1,1,1,1,42,7,1995,2,1,FORD TRANSIT CUSTOM,8,E01021340,0,-1
2021548382921,2021,548382921,1,19,0,16,19,2,6,0,0,0,0,10,0,0,1,1,6,6,1,23,5,2198,2,5,FORD TRANSIT CUSTOM,7,E01031857,0,-1
2021471016905,2021,471016905,4,20,0,18,19,8,4,0,0,0,0,0,0,0,1,1,1,1,1,39,7,-1,-1,-1,FORD TRANSIT CUSTOM,10,E01031828,0,-1
2021501099769,2021,501099769,1,19,0,3,3,1,5,0,0,1,0,0,0,0,1,1,5,6,1,32,6,1995,2,3,FORD TRANSIT CUSTOM,6,E01012022,0,-1
2021461097997,2021,461097997,1,19,0,4,4,5,1,0,0,0,0,0,0,0,1,1,6,6,2,19,4,1995,2,1,FORD TRANSIT CUSTOM,9,E01016053,0,-1
2021991037816,2021,991037816,3,19,0,4,4,2,7,0,0,1,0,0,0,0,0,1,1,1,2,22,5,1995,2,1,FORD TRANSIT CUSTOM,2,-1,0,-1
202131B078921,2021,31B078921,2,19,0,16,19,2,4,0,0,2,0,0,0,0,1,1,2,2,1,39,7,1995,2,0,FORD TRANSIT CUSTOM,7,E01028290,0,-1
2021411044769,2021,411044769,1,8,0,7,7,1,3,0,0,1,0,0,0,0,4,1,1,1,1,38,7,2198,2,8,FORD TRANSIT CUSTOM,8,E01023481,0,-1
2021141019674,2021,141019674,1,19,0,5,5,2,6,0,0,4,0,0,0,0,3,1,2,2,1,48,8,1995,2,4,FORD TRANSIT CUSTOM,5,E01007608,0,-1
2021471024525,2021,471024525,2,19,0,7,7,1,3,0,0,1,0,0,0,0,4,1,5,6,1,29,6,2198,2,8,FORD TRANSIT CUSTOM,4,E01016890,0,-1
202163C080021,2021,63C080021,1,19,0,13,13,2,5,0,0,3,0,0,0,0,0,1,1,1,1,22,5,1995,2,2,FORD TRANSIT CUSTOM,1,W01000935,0,-1
2021221100379,2021,221100379,2,19,0,3,3,3,7,0,0,0,0,0,0,0,1,1,1,1,1,35,6,1995,2,2,FORD TRANSIT CUSTOM,3,E01009831,0,-1
2021440359692,2021,440359692,1,19,0,18,19,5,1,0,0,4,0,0,0,0,1,1,1,1,1,60,9,1995,2,2,FORD TRANSIT CUSTOM,5,E01026973,0,-1
2021201065246,2021,201065246,1,19,0,5,5,1,5,9,9,6,0,0,0,0,4,1,1,1,1,63,9,1995,2,1,FORD TRANSIT CUSTOM,3,E01001171,0,-1
2021320659835,2021,320659835,2,19,0,2,2,0,0,0,0,0,0,0,0,0,3,1,1,1,1,31,6,1995,2,2,FORD TRANSIT CUSTOM,4,E01026081,0,-1
2021351064220,2021,351064220,1,19,0,18,19,5,1,0,0,4,0,9,4,4,1,1,5,6,1,36,7,1995,2,3,FORD TRANSIT CUSTOM,9,E01027144,0,-1
2021421081271,2021,421081271,2,19,0,2,2,0,0,9,9,0,0,0,0,0,3,1,5,6,1,40,7,2198,2,6,FORD TRANSIT CUSTOM,3,E01002311,0,-1
2021170S20281,2021,170S20281,2,19,0,9,9,8,7,0,0,4,0,0,0,0,1,1,2,2,1,28,6,1995,2,2,FORD TRANSIT CUSTOM,1,E01012198,0,-1
2021010292005,2021,010292005,1,19,0,4,4,8,4,0,0,1,1,0,0,0,1,1,1,1,1,28,6,1995,2,3,FORD TRANSIT CUSTOM,7,E01030864,0,-1
2021010291306,2021,010291306,2,19,0,99,99,9,9,99,99,0,9,99,9,99,1,9,6,6,3,-1,-1,1995,2,3,FORD TRANSIT CUSTOM,-1,-1,0,-1
2021552101280,2021,552101280,2,19,0,18,19,7,3,0,0,8,0,0,0,0,1,1,1,1,1,42,7,2198,2,6,FORD TRANSIT CUSTOM,7,E01001231,0,-1
2021522106170,2021,522106170,2,19,0,1,1,5,1,0,0,0,0,0,0,0,2,1,6,6,1,31,6,1995,2,4,FORD TRANSIT CUSTOM,7,E01014763,0,-1
2021440422918,2021,440422918,2,19,0,18,19,5,1,0,0,4,0,0,0,0,1,1,1,1,1,75,10,2198,2,7,FORD TRANSIT CUSTOM,9,E01022766,0,-1
2021010321509,2021,010321509,1,19,0,4,4,5,1,0,0,1,0,0,0,0,1,2,6,6,1,59,9,1995,2,0,FORD TRANSIT CUSTOM,10,E01031002,0,-1
2021421081027,2021,421081027,1,19,0,4,4,5,1,0,0,1,0,0,0,0,1,1,1,1,1,-1,-1,1995,2,4,FORD TRANSIT CUSTOM,-1,-1,0,-1
2021461075230,2021,461075230,2,19,0,18,19,1,5,0,0,0,0,0,0,0,2,1,5,6,1,28,6,1995,2,1,FORD TRANSIT CUSTOM,5,E01016158,0,-1
2021010294089,2021,010294089,1,19,0,99,99,9,9,99,99,9,9,99,9,99,2,9,2,2,1,33,6,2198,2,7,FORD TRANSIT CUSTOM,6,E01015863,0,-1
2021471121662,2021,471121662,2,19,0,4,4,1,4,0,0,0,0,12,0,0,2,1,2,2,1,39,7,2198,2,6,FORD TRANSIT CUSTOM,3,E01031441,0,-1
2021430185317,2021,430185317,2,19,0,18,19,4,8,0,0,0,0,0,0,0,1,1,6,6,1,-1,-1,1995,2,1,FORD TRANSIT CUSTOM,-1,-1,0,-1
2021010313877,2021,010313877,2,19,0,2,2,0,0,9,9,0,0,0,0,0,4,1,6,6,3,-1,-1,1995,2,1,FORD TRANSIT CUSTOM,-1,-1,0,-1
2021451114607,2021,451114607,2,19,0,18,19,5,4,0,0,0,0,0,0,0,2,1,6,6,2,50,8,1995,2,1,FORD TRANSIT CUSTOM,8,E01030972,0,-1
2021430368945,2021,430368945,2,19,0,4,4,5,1,0,0,0,0,0,0,0,2,1,2,2,1,56,9,1995,2,1,FORD TRANSIT CUSTOM,5,E01023827,0,-1
2021440306211,2021,440306211,1,19,0,9,9,1,5,0,0,2,0,0,0,0,1,1,1,1,2,24,5,2198,2,7,FORD TRANSIT CUSTOM,6,E01017015,0,-1
2021141076247,2021,141076247,2,19,0,5,5,4,7,0,0,6,0,0,0,0,3,1,1,1,1,47,8,2198,2,7,FORD TRANSIT CUSTOM,6,W01000779,0,-1
2021461051736,2021,461051736,2,20,0,18,19,6,2,0,0,8,0,0,0,0,3,1,1,1,1,40,7,-1,-1,-1,FORD TRANSIT CUSTOM,6,E01024094,0,-1
202134WNC2091,2021,34WNC2091,1,19,0,18,19,7,3,0,0,0,0,0,0,0,1,1,1,1,1,33,6,1995,2,4,FORD TRANSIT CUSTOM,7,E01026994,0,-1
2021351016118,2021,351016118,1,19,0,18,19,7,3,0,0,0,0,0,0,0,1,1,1,1,1,41,7,1995,2,1,FORD TRANSIT CUSTOM,6,E01022090,0,-1
2021101077222,2021,101077222,1,19,0,5,5,7,3,0,0,4,0,0,0,0,1,1,1,1,1,52,8,2198,2,6,FORD TRANSIT CUSTOM,3,E01008432,0,-1
2021552101317,2021,552101317,2,20,0,18,19,5,1,0,0,8,0,0,0,0,1,1,1,1,1,24,5,-1,-1,-1,FORD TRANSIT CUSTOM,5,E01015417,0,-1
2021010300956,2021,010300956,2,19,0,99,99,9,9,99,99,9,9,99,9,99,1,9,6,6,3,-1,-1,1995,2,5,FORD TRANSIT CUSTOM,-1,-1,0,-1
2021010291118,2021,010291118,1,19,0,2,2,0,0,0,0,0,0,0,0,0,2,1,6,6,3,-1,-1,2198,2,5,FORD TRANSIT CUSTOM,-1,-1,0,-1
2021010308042,2021,010308042,3,19,0,18,19,7,3,0,0,1,0,0,0,0,4,1,1,1,1,30,6,1995,2,3,FORD TRANSIT CUSTOM,5,E01033592,0,-1
2021010308679,2021,010308679,2,19,0,7,7,5,7,0,0,5,0,0,0,0,3,1,1,1,1,33,6,1995,2,4,FORD TRANSIT CUSTOM,6,E01002678,0,-1
2021531116300,2021,531116300,2,19,0,18,19,4,8,0,0,3,0,0,1,11,4,1,1,1,1,54,8,1995,2,1,FORD TRANSIT CUSTOM,9,E01022282,0,-1
2021010336222,2021,010336222,2,19,9,99,99,9,9,99,99,9,9,99,9,99,9,9,6,6,3,-1,-1,2198,2,5,FORD TRANSIT CUSTOM,2,E01003726,0,-1
2021411033632,2021,411033632,1,19,0,18,19,4,8,0,0,8,0,0,0,0,3,1,1,1,1,45,7,1995,2,4,FORD TRANSIT CUSTOM,9,E01023465,0,-1
2021010312777,2021,010312777,1,19,0,9,9,1,8,0,0,8,0,0,0,0,3,1,1,1,1,40,7,1995,2,3,FORD TRANSIT CUSTOM,5,E01002363,0,-1
2021111137522,2021,111137522,3,19,0,3,3,3,7,0,0,0,0,0,0,0,2,1,6,6,1,29,6,1995,2,1,FORD TRANSIT CUSTOM,4,E01020899,0,-1
2021451038669,2021,451038669,1,19,0,2,2,4,8,0,0,0,0,0,0,0,2,1,1,1,1,29,6,1995,2,0,FORD TRANSIT CUSTOM,5,E01030609,0,-1
2021141097984,2021,141097984,1,19,0,1,1,0,5,0,0,0,0,0,0,0,2,1,1,1,1,34,6,1995,2,4,FORD TRANSIT CUSTOM,2,E01033278,0,-1
2021302102004,2021,302102004,1,19,0,14,14,4,8,0,0,1,0,0,0,0,3,1,2,2,1,55,8,2198,2,6,FORD TRANSIT CUSTOM,2,E01019668,0,-1
2021440152468,2021,440152468,1,19,0,9,9,4,8,0,0,8,0,0,0,0,3,1,2,2,1,47,8,1995,2,1,FORD TRANSIT CUSTOM,7,E01031381,0,-1
2021010315176,2021,010315176,2,10,0,16,19,3,7,0,0,0,0,0,0,0,0,1,6,6,1,48,8,-1,-1,-1,FORD TRANSIT CUSTOM,-1,-1,0,-1
2021010347874,2021,010347874,1,19,0,18,19,1,5,9,9,1,0,0,7,1,3,1,1,1,1,38,7,2198,2,7,FORD TRANSIT CUSTOM,4,E01000428,0,-1
2021361090975,2021,361090975,1,19,0,4,4,4,8,0,0,0,0,0,0,0,1,1,1,1,1,35,6,1995,2,4,FORD TRANSIT CUSTOM,6,E01026431,0,-1
202154B540821,2021,54B540821,2,19,0,2,2,0,0,0,0,2,0,0,0,0,2,1,6,6,1,41,7,2198,2,6,FORD TRANSIT CUSTOM,7,E01032739,0,-1
2021531017565,2021,531017565,1,19,0,9,9,6,3,0,0,2,0,0,0,0,1,1,6,6,1,49,8,1995,2,3,FORD TRANSIT CUSTOM,10,E01022366,0,-1
202163C083021,2021,63C083021,2,19,0,4,4,4,8,0,0,0,0,0,0,0,2,1,6,6,1,42,7,1995,2,2,FORD TRANSIT CUSTOM,5,W01001068,0,-1
2021041078669,2021,041078669,1,19,0,5,5,1,1,0,0,0,0,0,0,0,4,1,1,1,1,-1,-1,1995,2,2,FORD TRANSIT CUSTOM,5,E01005900,0,-1
2021141061809,2021,141061809,2,19,0,4,4,3,7,0,0,1,0,0,0,0,1,1,1,1,1,39,7,1995,2,1,FORD TRANSIT CUSTOM,5,E01010603,0,-1
2021010313980,2021,010313980,2,19,0,18,19,2,6,0,0,0,0,0,0,0,4,1,1,1,1,41,7,1995,2,1,FORD TRANSIT CUSTOM,9,E01021523,0,-1
2021421048584,2021,421048584,2,19,0,3,3,5,1,0,0,4,0,0,0,0,2,1,6,6,1,57,9,1995,2,2,FORD TRANSIT CUSTOM,8,E01021257,0,-1
2021010349045,2021,010349045,1,19,0,99,99,9,9,99,99,9,9,99,9,99,9,9,2,2,1,40,7,1995,2,3,FORD TRANSIT CUSTOM,8,E01002289,0,-1
2021548794821,2021,548794821,1,19,0,18,19,8,4,0,0,4,0,0,0,0,1,1,1,1,1,27,6,1995,2,2,FORD TRANSIT CUSTOM,8,E01031993,0,-1
2021440126569,2021,440126569,2,19,0,18,19,4,8,0,0,2,0,0,0,0,1,1,1,1,1,46,8,1995,2,3,FORD TRANSIT CUSTOM,7,E01023074,0,-1
2021141057464,2021,141057464,2,19,0,18,19,5,1,0,0,1,0,0,0,0,1,1,1,1,1,29,6,1995,2,4,FORD TRANSIT CUSTOM,10,E01007961,0,-1
2021141097003,2021,141097003,3,19,0,4,4,6,2,0,0,0,0,0,0,0,2,1,1,1,1,52,8,1995,2,0,FORD TRANSIT CUSTOM,4,E01013246,0,-1
2021010300100,2021,010300100,1,19,0,9,9,7,4,9,9,5,0,0,7,0,1,1,1,1,1,41,7,2198,2,5,FORD TRANSIT CUSTOM,10,E01002419,0,-1
2021010333527,2021,010333527,1,19,0,9,9,5,2,0,0,0,0,0,0,0,4,1,6,6,1,33,6,2198,2,8,FORD TRANSIT CUSTOM,7,E01002427,0,-1
2021010348934,2021,010348934,2,19,0,99,99,9,9,99,99,9,9,99,9,99,1,9,6,6,3,37,7,2198,2,5,FORD TRANSIT CUSTOM,2,E01000904,0,-1
2021141069065,2021,141069065,1,19,0,18,19,2,6,0,0,0,0,0,0,0,4,1,6,6,3,-1,-1,1995,2,2,FORD TRANSIT CUSTOM,-1,-1,0,-1
2021131089946,2021,131089946,1,19,0,5,5,5,1,0,0,0,0,0,0,0,1,1,1,1,1,49,8,2198,2,5,FORD TRANSIT CUSTOM,3,E01010871,0,-1
2021501017128,2021,501017128,2,19,0,18,19,3,7,0,0,0,0,0,0,0,2,1,6,6,1,32,6,1995,2,4,FORD TRANSIT CUSTOM,10,E01015131,0,-1
2021010295673,2021,010295673,1,19,0,5,5,3,7,0,0,1,0,0,0,0,2,1,6,6,1,40,7,1995,2,0,FORD TRANSIT CUSTOM,5,E01000664,0,-1
2021231091425,2021,231091425,1,19,0,18,19,6,2,0,0,0,0,0,0,0,1,1,2,2,1,21,5,1995,2,1,FORD TRANSIT CUSTOM,8,E01025640,0,-1
2021440047698,2021,440047698,1,19,0,18,19,6,2,0,0,0,0,0,0,0,1,1,1,1,2,23,5,2198,2,5,FORD TRANSIT CUSTOM,9,E01032848,0,-1
2021131084056,2021,131084056,2,19,0,18,19,6,2,0,0,1,0,0,1,0,1,1,1,1,2,50,8,1995,2,3,FORD TRANSIT CUSTOM,1,E01010730,0,-1
2021361115982,2021,361115982,1,19,0,9,9,5,1,0,0,1,0,0,0,0,3,1,3,7,1,25,5,2198,2,6,FORD TRANSIT CUSTOM,6,E01021595,0,-1
2021351058001,2021,351058001,1,19,0,7,7,5,3,0,0,5,0,0,0,0,1,1,1,1,1,33,6,1995,2,1,FORD TRANSIT CUSTOM,4,E01023775,0,-1
202134WNC5271,2021,34WNC5271,2,19,0,18,19,5,1,0,0,8,0,0,0,0,4,1,1,1,2,60,9,1995,2,1,FORD TRANSIT CUSTOM,7,E01025682,0,-1
2021302100176,2021,302100176,1,19,0,5,5,8,6,0,0,6,0,0,0,0,1,1,2,2,1,37,7,2198,2,6,FORD TRANSIT CUSTOM,7,E01019753,0,-1
2021010324252,2021,010324252,1,19,0,9,9,5,4,9,9,1,0,0,0,0,1,1,2,2,1,47,8,1995,2,1,FORD TRANSIT CUSTOM,3,E01002085,0,-1
2021061037193,2021,061037193,1,19,0,18,19,3,7,0,0,8,0,0,0,0,3,1,1,1,1,36,7,1995,2,2,FORD TRANSIT CUSTOM,2,E01033657,0,-1
2021010306104,2021,010306104,1,19,0,1,1,7,3,0,0,1,0,0,0,0,2,1,1,1,1,43,7,1995,2,3,FORD TRANSIT CUSTOM,1,E01003047,0,-1
2021010310016,2021,010310016,2,19,0,7,7,7,1,0,0,6,0,0,0,0,3,1,6,6,1,40,7,1995,2,4,FORD TRANSIT CUSTOM,3,E01002284,0,-1
2021010296298,2021,010296298,2,19,0,18,19,3,7,0,0,0,0,0,0,0,3,1,2,2,1,30,6,1995,2,3,FORD TRANSIT CUSTOM,3,E01000367,0,-1
2021010289864,2021,010289864,1,19,0,18,19,7,3,0,0,1,0,10,3,1,1,1,1,1,1,27,6,1995,2,2,FORD TRANSIT CUSTOM,4,E01002677,0,-1