collision_index,collision_year,collision_ref_no,vehicle_reference,vehicle_type,towing_and_articulation,vehicle_manoeuvre_historic,vehicle_manoeuvre,vehicle_direction_from,vehicle_direction_to,vehicle_location_restricted_lane_historic,vehicle_location_restricted_lane,junction_location,skidding_and_overturning,hit_object_in_carriageway,vehicle_leaving_carriageway,hit_object_off_carriageway,first_point_of_impact,vehicle_left_hand_drive,journey_purpose_of_driver_historic,journey_purpose_of_driver,sex_of_driver,age_of_driver,age_band_of_driver,engine_capacity_cc,propulsion_code,age_of_vehicle,generic_make_model,driver_imd_decile,lsoa_of_driver,escooter_flag,driver_distance_banding
2021501078095,2021,501078095,5,19,0,18,19,3,7,0,0,0,0,0,0,0,1,1,1,1,1,60,9,1995,2,1,FORD TRANSIT CUSTOM,8,E01020133,0,-1
2021141028029,2021,141028029,3,19,0,2,2,0,0,9,9,1,0,0,0,0,3,1,6,6,3,-1,-1,1995,2,2,FORD TRANSIT CUSTOM,-1,-1,0,-1
2021351118816,2021,351118816,2,19,0,3,3,7,3,0,0,4,0,0,0,0,1,1,1,1,1,67,10,1995,2,1,FORD TRANSIT CUSTOM,5,E01018079,0,-1
2021542057921,2021,542057921,2,19,0,4,4,1,5,0,0,0,0,0,0,0,2,1,2,2,1,28,6,1995,2,1,FORD TRANSIT CUSTOM,8,E01032077,0,-1
2021440474020,2021,440474020,3,19,0,17,19,6,2,0,0,0,0,0,0,0,1,1,2,2,1,31,6,1995,2,0,FORD TRANSIT CUSTOM,7,E01023223,0,-1
2021522103512,2021,522103512,2,19,0,7,7,5,7,0,0,6,0,0,0,0,3,1,6,6,3,-1,-1,1995,2,5,FORD TRANSIT CUSTOM,-1,-1,0,-1
2021101013207,2021,101013207,2,21,0,4,4,2,6,0,0,0,0,0,0,0,3,1,6,6,3,-1,-1,-1,-1,-1,FORD TRANSIT CUSTOM,-1,-1,0,-1
2021141053059,2021,141053059,2,19,0,5,5,1,4,0,0,1,0,0,0,0,4,1,1,1,2,64,9,2198,2,7,FORD TRANSIT CUSTOM,4,E01029857,0,-1
2021010325765,2021,010325765,1,19,0,2,2,0,0,4,4,0,0,0,0,0,2,1,6,6,3,-1,-1,1995,2,1,FORD TRANSIT CUSTOM,-1,-1,0,-1
2021101112137,2021,101112137,2,19,0,9,9,1,3,0,0,6,0,0,0,0,1,1,1,1,1,56,9,2198,2,5,FORD TRANSIT CUSTOM,-1,-1,0,-1
2021141120185,2021,141120185,1,19,0,5,5,3,7,0,0,1,0,0,0,0,0,1,1,1,1,32,6,1995,2,2,FORD TRANSIT CUSTOM,4,E01033264,0,-1
2021501016912,2021,501016912,1,19,0,18,19,2,6,0,0,0,0,0,0,0,4,1,6,6,1,21,5,2198,2,7,FORD TRANSIT CUSTOM,4,E01018759,0,-1
2021061105661,2021,061105661,2,19,0,2,2,0,0,0,0,0,0,0,0,0,1,1,6,6,3,-1,-1,1995,2,0,FORD TRANSIT CUSTOM,-1,-1,0,-1
2021461118690,2021,461118690,2,19,0,18,19,7,3,0,0,0,0,0,0,0,2,1,6,6,1,55,8,2198,2,6,FORD TRANSIT CUSTOM,8,E01001614,0,-1
202131C086921,2021,31C086921,2,19,0,9,9,5,3,0,0,5,0,0,0,0,3,1,6,6,2,42,7,1995,2,2,FORD TRANSIT CUSTOM,6,E01019445,0,-1
2021010334819,2021,010334819,2,19,0,99,99,9,9,99,99,9,9,99,9,99,1,9,6,6,3,-1,-1,1995,2,4,FORD TRANSIT CUSTOM,5,E01023529,0,-1
202131A132121,2021,31A132121,2,19,0,18,19,4,8,0,0,8,0,0,0,0,4,1,2,2,1,35,6,1995,2,3,FORD TRANSIT CUSTOM,6,E01028295,0,-1
2021451112950,2021,451112950,1,19,0,18,19,1,5,0,0,0,0,0,0,0,1,1,2,2,1,28,6,1995,2,4,FORD TRANSIT CUSTOM,3,E01030657,0,-1
2021061086172,2021,061086172,1,19,0,7,7,1,1,0,0,1,0,0,0,0,1,1,6,6,1,46,8,2198,2,5,FORD TRANSIT CUSTOM,2,E01005389,0,-1
2021201131609,2021,201131609,1,19,0,9,9,6,4,0,0,5,0,0,0,0,1,1,2,2,1,53,8,1995,2,2,FORD TRANSIT CUSTOM,3,E01009220,0,-1
2021461059120,2021,461059120,1,19,0,18,19,1,5,0,0,0,0,0,0,0,1,1,5,6,1,24,5,2198,2,7,FORD TRANSIT CUSTOM,3,E01016036,0,-1
2021131115003,2021,131115003,1,19,0,18,19,6,2,0,0,0,0,0,0,0,3,1,5,6,1,31,6,1995,2,4,FORD TRANSIT CUSTOM,7,E01011604,0,-1
2021010301069,2021,010301069,4,10,0,5,5,3,7,0,0,1,0,0,0,0,0,1,1,1,1,36,7,-1,-1,-1,FORD TRANSIT CUSTOM,2,E01001830,0,-1
2021010291075,2021,010291075,2,19,4,5,5,1,5,0,0,0,0,0,0,0,4,1,1,1,1,32,6,1995,2,2,FORD TRANSIT CUSTOM,-1,-1,0,-1
2021302100726,2021,302100726,1,19,0,18,19,6,2,0,0,1,0,0,0,0,1,1,1,1,1,50,8,1995,2,3,FORD TRANSIT CUSTOM,4,E01007693,0,-1
2021010347953,2021,010347953,2,19,0,6,6,3,3,0,0,0,0,99,0,0,9,9,6,6,1,21,5,1995,2,0,FORD TRANSIT CUSTOM,4,E01001480,0,-1
2021610056021,2021,610056021,1,19,0,18,19,8,4,0,0,0,0,0,0,0,0,1,1,1,1,32,6,1995,2,4,FORD TRANSIT CUSTOM,10,W01001404,0,-1
2021481117050,2021,481117050,1,19,0,1,1,1,5,0,0,0,0,0,0,0,2,1,1,1,1,-1,-1,1995,2,1,FORD TRANSIT CUSTOM,-1,-1,0,-1
2021010323593,2021,010323593,2,19,0,99,99,9,9,99,99,0,9,99,9,99,2,9,6,6,3,-1,-1,2198,2,6,FORD TRANSIT CUSTOM,-1,-1,0,-1
2021070191212,2021,070191212,2,19,0,18,19,6,2,9,9,2,0,0,0,0,4,1,6,6,1,-1,-1,1995,2,3,FORD TRANSIT CUSTOM,-1,-1,0,-1
2021461103110,2021,461103110,2,19,0,18,19,5,1,0,0,0,0,0,0,0,3,1,1,1,1,38,7,1995,2,3,FORD TRANSIT CUSTOM,10,E01000839,0,-1
2021622100942,2021,622100942,1,19,0,18,19,4,8,0,0,1,0,0,0,0,1,1,6,6,1,29,6,2198,2,5,FORD TRANSIT CUSTOM,1,W01000991,0,-1
2021010341438,2021,010341438,2,19,0,99,99,9,9,99,99,9,0,0,9,0,9,9,6,6,3,-1,-1,1995,2,4,FORD TRANSIT CUSTOM,-1,-1,0,-1
2021010336587,2021,010336587,2,19,0,99,99,9,9,99,99,9,9,99,9,99,9,1,6,6,3,-1,-1,2198,2,6,FORD TRANSIT CUSTOM,-1,-1,0,-1
2021421052718,2021,421052718,1,19,0,7,7,6,8,0,0,0,0,0,0,0,1,1,6,6,1,18,4,1995,2,4,FORD TRANSIT CUSTOM,8,E01021760,0,-1
2021010319716,2021,010319716,3,19,0,18,19,5,1,1,1,0,0,0,0,0,0,1,6,6,1,39,7,1995,2,0,FORD TRANSIT CUSTOM,5,E01000583,0,-1
2021231102295,2021,231102295,2,19,0,18,19,2,6,0,0,8,0,0,0,0,3,1,1,1,1,51,8,2198,2,5,FORD TRANSIT CUSTOM,7,E01031308,0,-1
2021622100246,2021,622100246,2,19,0,4,4,2,6,0,0,2,0,0,0,0,2,1,1,1,1,37,7,1995,2,1,FORD TRANSIT CUSTOM,1,W01001180,0,-1
2021010305355,2021,010305355,2,19,0,99,99,9,9,99,99,9,9,99,9,99,2,9,6,6,1,31,6,1995,2,1,FORD TRANSIT CUSTOM,4,E01003767,0,-1
2021122200091,2021,122200091,1,19,0,6,6,2,2,0,0,0,0,0,0,0,3,1,1,1,1,48,8,1995,2,2,FORD TRANSIT CUSTOM,9,E01012226,0,-1
2021031015239,2021,031015239,1,19,0,18,19,1,5,0,0,4,1,0,0,0,0,1,1,1,2,31,6,1995,2,2,FORD TRANSIT CUSTOM,1,E01019280,0,-1
2021010333244,2021,010333244,1,19,0,99,99,9,9,99,99,9,9,99,9,99,1,9,2,2,1,42,7,1995,2,3,FORD TRANSIT CUSTOM,8,E01033028,0,-1
2021411017378,2021,411017378,3,19,0,18,19,1,5,0,0,0,0,0,0,0,1,1,6,6,1,19,4,1995,2,2,FORD TRANSIT CUSTOM,9,E01017421,0,-1
2021430478476,2021,430478476,2,19,0,1,1,5,1,0,0,0,0,0,0,0,2,1,6,6,1,-1,-1,1995,2,1,FORD TRANSIT CUSTOM,-1,-1,0,-1
2021041050358,2021,041050358,1,19,0,18,19,7,3,0,0,4,0,0,0,0,3,1,5,6,1,49,8,1995,2,3,FORD TRANSIT CUSTOM,-1,-1,0,-1
2021052101944,2021,052101944,3,19,0,2,2,0,0,0,0,0,0,0,0,0,2,1,6,6,3,-1,-1,2198,2,7,FORD TRANSIT CUSTOM,-1,-1,0,-1
2021010293133,2021,010293133,2,19,0,99,99,9,9,99,99,9,9,99,9,99,1,9,6,6,3,26,6,1995,2,3,FORD TRANSIT CUSTOM,3,E01023954,0,-1
2021440315956,2021,440315956,2,19,0,18,19,1,0,0,0,2,1,10,0,0,0,1,1,1,1,52,8,1995,2,3,FORD TRANSIT CUSTOM,9,E01023274,0,-1
2021201078615,2021,201078615,2,19,0,18,19,8,4,0,0,8,2,10,1,11,3,1,6,6,1,33,6,2198,2,5,FORD TRANSIT CUSTOM,8,E01009653,0,-1
2021430270005,2021,430270005,1,19,0,18,19,7,3,0,0,8,0,0,0,0,1,1,1,1,1,25,5,1995,2,2,FORD TRANSIT CUSTOM,1,E01028568,0,-1
2021451112897,2021,451112897,2,19,0,9,9,6,2,0,0,1,0,0,0,0,2,1,1,1,1,25,5,1995,2,1,FORD TRANSIT CUSTOM,10,E01016708,0,-1
2021010316781,2021,010316781,3,10,0,5,5,1,5,0,0,0,0,0,0,0,0,1,1,1,1,55,8,-1,-1,-1,FORD TRANSIT CUSTOM,1,E01000521,0,-1
2021052101857,2021,052101857,1,19,0,5,5,1,5,0,0,0,0,0,0,0,0,1,6,6,1,66,10,1995,2,3,FORD TRANSIT CUSTOM,4,E01006976,0,-1
2021161052099,2021,161052099,1,19,0,4,4,8,4,0,0,0,0,0,0,0,2,1,6,6,1,47,8,1995,2,2,FORD TRANSIT CUSTOM,8,E01013189,0,-1
2021440414606,2021,440414606,2,19,0,4,4,2,6,0,0,8,0,0,0,0,2,1,2,2,1,52,8,2198,2,7,FORD TRANSIT CUSTOM,5,E01023285,0,-1
2021131082186,2021,131082186,1,19,0,18,19,1,4,0,0,0,0,0,0,0,1,1,6,6,1,20,4,1995,2,4,FORD TRANSIT CUSTOM,1,E01011003,0,-1
2021010314826,2021,010314826,4,19,0,2,2,0,0,0,0,2,0,0,0,0,1,1,6,6,3,-1,-1,1995,2,4,FORD TRANSIT CUSTOM,-1,-1,0,-1
2021010303270,2021,010303270,1,19,0,18,19,5,1,0,0,1,0,0,0,0,4,1,1,1,1,59,9,2198,2,7,FORD TRANSIT CUSTOM,4,E01032566,0,-1
2021041197015,2021,041197015,2,98,0,18,19,7,3,0,0,1,0,0,0,0,1,1,1,1,1,32,6,2198,2,6,-1,6,E01025176,0,-1
2021010308481,2021,010308481,1,19,0,18,19,4,8,0,0,0,0,0,0,0,1,1,1,1,1,36,7,1995,2,0,FORD TRANSIT CUSTOM,3,E01001366,0,-1
2021131120675,2021,131120675,1,19,0,18,19,3,7,0,0,0,0,0,0,0,1,1,1,1,1,28,6,1995,2,3,FORD TRANSIT CUSTOM,9,E01011583,0,-1
2021010320445,2021,010320445,2,19,0,18,19,3,7,0,0,0,0,0,0,0,1,1,1,1,1,40,7,1995,2,4,FORD TRANSIT CUSTOM,5,E01002302,0,-1
2021052100462,2021,052100462,1,19,0,5,5,2,4,0,0,2,0,0,0,0,1,1,6,6,1,37,7,2198,2,6,FORD TRANSIT CUSTOM,1,E01007123,0,-1
2021061119971,2021,061119971,1,19,0,18,19,6,2,0,0,0,0,0,0,0,4,1,1,1,1,47,8,1995,2,5,FORD TRANSIT CUSTOM,10,E01015021,0,-1
2021070048961,2021,070048961,1,19,0,1,1,1,5,0,0,0,0,0,0,0,2,1,6,6,1,59,9,1995,2,4,FORD TRANSIT CUSTOM,10,E01018666,0,-1
2021070753788,2021,070753788,1,19,0,9,9,5,3,9,9,8,1,0,1,0,4,1,6,6,1,18,4,1995,2,4,FORD TRANSIT CUSTOM,9,E01018723,0,-1
2021302101244,2021,302101244,1,19,0,4,4,2,6,0,0,1,0,0,0,0,2,1,2,2,1,34,6,2198,2,6,FORD TRANSIT CUSTOM,5,E01019402,0,-1
2021461090946,2021,461090946,2,19,0,18,19,1,5,0,0,0,0,0,0,0,1,1,1,1,1,31,6,1995,2,2,FORD TRANSIT CUSTOM,10,E01016051,0,-1
2021440513019,2021,440513019,2,19,0,4,4,2,6,0,0,0,0,0,0,0,2,1,1,1,1,35,6,1995,2,1,FORD TRANSIT CUSTOM,1,E01015309,0,-1
2021231078315,2021,231078315,1,19,0,6,6,1,5,0,0,0,0,0,0,0,1,1,2,2,1,29,6,2198,2,6,FORD TRANSIT CUSTOM,1,E01013139,0,-1
2021141093622,2021,141093622,1,19,0,9,9,7,5,0,0,2,0,0,0,0,3,1,6,6,1,33,6,2198,2,6,FORD TRANSIT CUSTOM,8,E01007983,0,-1
2021010339868,2021,010339868,1,19,0,16,19,1,5,0,0,0,0,0,0,0,1,1,1,1,1,32,6,1995,2,1,FORD TRANSIT CUSTOM,1,E01001955,0,-1
2021501195550,2021,501195550,2,19,0,16,19,6,2,0,0,2,0,0,0,0,1,1,1,1,1,41,7,1995,2,1,FORD TRANSIT CUSTOM,6,E01020136,0,-1
2021501127363,2021,501127363,4,19,0,18,19,1,5,0,0,0,0,0,0,0,1,1,5,6,1,27,6,2198,2,7,FORD TRANSIT CUSTOM,5,E01020149,0,-1
2021010306646,2021,010306646,1,19,0,4,4,3,7,0,0,0,0,0,0,0,2,1,1,1,1,63,9,1995,2,3,FORD TRANSIT CUSTOM,3,E01006408,0,-1
2021061112183,2021,061112183,1,19,0,18,19,6,2,0,0,8,0,0,0,0,1,1,6,6,1,21,5,1995,2,0,FORD TRANSIT CUSTOM,1,E01005579,0,-1
2021421063119,2021,421063119,1,19,0,9,9,1,7,0,0,8,0,0,0,0,1,1,1,1,1,41,7,1995,2,4,FORD TRANSIT CUSTOM,4,E01016011,0,-1
2021131056530,2021,131056530,1,19,0,9,9,5,1,0,0,8,0,0,0,0,3,1,1,1,2,54,8,1995,2,2,FORD TRANSIT CUSTOM,9,E01011306,0,-1
2021991114101,2021,991114101,1,19,0,18,19,1,5,0,0,1,0,0,0,0,1,1,1,1,1,39,7,1995,2,0,FORD TRANSIT CUSTOM,6,-1,0,-1
2021070301160,2021,070301160,2,19,0,17,19,2,6,0,0,0,0,0,0,0,1,2,1,1,1,59,9,2198,2,5,FORD TRANSIT CUSTOM,4,E01018343,0,-1
2021461041518,2021,461041518,1,19,0,18,19,3,7,0,0,2,0,0,0,0,4,1,6,6,1,39,7,2198,2,6,FORD TRANSIT CUSTOM,7,E01024252,0,-1
2021451067179,2021,451067179,2,19,0,1,1,6,2,0,0,0,0,0,0,0,2,1,6,6,1,32,6,1995,2,0,FORD TRANSIT CUSTOM,7,E01001538,0,-1
2021471056918,2021,471056918,4,19,0,18,19,7,3,0,0,0,0,0,0,0,1,1,1,1,1,44,7,1995,2,4,FORD TRANSIT CUSTOM,2,E01001054,0,-1
2021010324239,2021,010324239,1,19,0,1,1,1,5,0,0,0,0,0,0,0,3,1,1,1,1,38,7,2198,2,5,FORD TRANSIT CUSTOM,5,E01027553,0,-1
2021302100089,2021,302100089,1,19,0,7,7,4,6,0,0,1,0,0,0,0,4,1,6,6,1,42,7,1995,2,2,FORD TRANSIT CUSTOM,1,E01019650,0,-1
2021010303717,2021,010303717,2,19,0,18,19,5,1,0,0,1,0,0,0,0,2,1,1,1,1,36,7,1995,2,1,FORD TRANSIT CUSTOM,2,E01000930,0,-1
2021010329405,2021,010329405,2,19,0,7,7,1,3,0,0,1,0,0,0,0,4,1,2,2,1,35,6,1995,2,4,FORD TRANSIT CUSTOM,4,E01004330,0,-1
2021201087184,2021,201087184,1,19,0,7,7,3,6,0,0,1,0,0,0,0,1,1,6,6,1,-1,-1,1995,2,3,FORD TRANSIT CUSTOM,-1,-1,0,-1
2021501092233,2021,501092233,1,19,0,1,1,1,5,0,0,0,0,0,0,0,2,1,1,1,1,49,8,1995,2,0,FORD TRANSIT CUSTOM,7,E01018889,0,-1
2021010351819,2021,010351819,3,19,0,2,2,0,0,6,6,2,0,0,0,0,2,1,6,6,3,-1,-1,1995,2,4,FORD TRANSIT CUSTOM,-1,-1,0,-1
2021991103608,2021,991103608,1,19,0,18,19,4,1,0,0,6,0,11,0,0,1,1,1,1,1,47,8,1995,2,1,FORD TRANSIT CUSTOM,10,-1,0,-1
2021010333077,2021,010333077,1,19,0,1,1,3,7,0,0,8,0,0,0,0,2,1,6,6,3,-1,-1,1995,2,4,FORD TRANSIT CUSTOM,-1,-1,0,-1
2021461109153,2021,461109153,2,19,0,18,19,4,8,0,0,8,0,0,0,0,1,1,2,2,1,53,8,1995,2,2,FORD TRANSIT CUSTOM,10,E01024329,0,-1
2021010331523,2021,010331523,2,19,0,99,99,9,9,99,99,9,9,99,9,99,9,9,6,6,3,-1,-1,1995,2,0,FORD TRANSIT CUSTOM,1,E01003535,0,-1
2021622100165,2021,622100165,1,19,0,13,13,2,6,0,0,2,0,0,0,0,4,1,2,2,1,60,9,1995,2,1,FORD TRANSIT CUSTOM,10,W01001130,0,-1
2021440375659,2021,440375659,1,19,0,14,14,3,7,0,0,1,0,0,0,0,4,1,1,1,1,-1,-1,1995,2,3,FORD TRANSIT CUSTOM,-1,-1,0,-1
2021041102781,2021,041102781,1,19,0,18,19,5,1,0,0,0,1,0,0,0,1,1,5,6,1,36,7,2198,2,7,FORD TRANSIT CUSTOM,10,E01025328,0,-1
2021430337982,2021,430337982,2,19,0,7,7,4,6,0,0,5,0,0,0,0,4,1,6,6,1,-1,-1,1995,2,3,FORD TRANSIT CUSTOM,-1,-1,0,-1
202134NNC6181,2021,34NNC6181,1,19,0,18,19,7,3,0,0,0,0,0,0,0,1,1,2,2,1,22,5,1995,2,1,FORD TRANSIT CUSTOM,9,E01027037,0,-1
2021061070608,2021,061070608,2,19,-1,18,19,5,1,0,0,1,0,0,0,0,0,1,1,1,2,30,6,1995,2,4,FORD TRANSIT CUSTOM,-1,-1,0,-1
2021141042314,2021,141042314,3,19,0,18,19,5,1,0,0,0,0,0,0,0,2,1,1,1,1,41,7,1995,2,2,FORD TRANSIT CUSTOM,8,E01011207,0,-1
2021010344044,2021,010344044,1,19,0,4,4,5,1,0,0,1,0,0,0,0,0,1,1,1,1,23,5,1995,2,1,FORD TRANSIT CUSTOM,4,E01001247,0,-1
2021201044933,2021,201044933,1,19,0,18,19,8,4,0,0,1,0,0,0,0,1,1,6,6,1,-1,-1,1995,2,4,FORD TRANSIT CUSTOM,-1,-1,0,-1
2021052101950,2021,052101950,1,19,0,5,5,8,4,0,0,0,0,0,0,0,1,1,1,1,1,30,6,1995,2,2,FORD TRANSIT CUSTOM,1,E01006050,0,-1
2021461039733,2021,461039733,1,19,0,18,19,7,3,5,5,1,0,0,0,0,1,1,6,6,1,31,6,1995,2,2,FORD TRANSIT CUSTOM,9,E01032735,0,-1
2021010311355,2021,010311355,2,19,0,18,19,7,3,0,0,0,0,0,0,0,1,1,1,1,1,51,8,1995,2,3,FORD TRANSIT CUSTOM,10,E01017757,0,-1
2021302101010,2021,302101010,3,19,0,6,6,8,8,0,0,1,0,0,0,0,1,1,1,1,1,50,8,1995,2,3,FORD TRANSIT CUSTOM,8,E01025743,0,-1
2021010291113,2021,010291113,2,19,0,2,2,0,0,99,99,0,9,99,9,99,0,1,6,6,3,-1,-1,1995,2,4,FORD TRANSIT CUSTOM,-1,-1,0,-1
2021010323071,2021,010323071,2,19,0,99,99,9,9,99,99,9,9,99,9,99,9,9,6,6,3,38,7,1995,2,0,FORD TRANSIT CUSTOM,10,E01022632,0,-1
2021361054260,2021,361054260,1,19,0,18,19,4,8,0,0,0,0,0,0,0,3,1,1,1,1,24,5,2198,2,5,FORD TRANSIT CUSTOM,2,E01026716,0,-1
2021138280883,2021,138280883,2,19,0,18,19,1,5,0,0,0,2,0,0,0,3,1,1,1,1,50,8,1995,2,3,FORD TRANSIT CUSTOM,3,E01011761,0,-1
2021501098128,2021,501098128,1,19,0,18,19,8,4,0,0,1,0,0,0,0,1,1,5,6,1,46,8,2198,2,6,FORD TRANSIT CUSTOM,6,E01032679,0,-1
2021471108435,2021,471108435,1,19,0,18,19,7,3,0,0,0,0,0,0,0,1,1,6,6,1,39,7,1995,2,4,FORD TRANSIT CUSTOM,5,E01001315,0,-1
202134WNC7101,2021,34WNC7101,2,19,0,18,19,7,3,0,0,8,0,0,0,0,1,1,1,1,1,30,6,1995,2,4,FORD TRANSIT CUSTOM,3,E01027152,0,-1
2021010302645,2021,010302645,2,19,0,99,99,9,9,99,99,9,9,99,9,99,2,9,6,6,1,-1,-1,1995,2,3,FORD TRANSIT CUSTOM,3,E01003589,0,-1
2021361085214,2021,361085214,1,19,0,3,3,6,2,0,0,8,0,0,0,0,2,1,1,1,1,32,6,1995,2,2,FORD TRANSIT CUSTOM,1,E01026620,0,-1
2021552101322,2021,552101322,1,19,0,7,7,4,8,0,0,8,0,0,0,0,4,1,6,6,1,33,6,2198,2,6,FORD TRANSIT CUSTOM,3,E01015439,0,-1
2021010337409,2021,010337409,1,19,0,4,4,5,1,0,0,1,0,0,0,0,1,1,2,2,1,31,6,1995,2,5,FORD TRANSIT CUSTOM,2,E01003622,0,-1
2021421020562,2021,421020562,1,19,0,18,19,1,6,0,0,2,0,0,0,0,1,1,1,1,1,40,7,1995,2,2,FORD TRANSIT CUSTOM,7,E01030217,0,-1
2021070648016,2021,070648016,4,19,0,4,4,7,3,0,0,0,0,0,0,0,1,1,6,6,1,28,6,2198,2,6,FORD TRANSIT CUSTOM,6,W01000037,0,-1
2021131064857,2021,131064857,1,19,0,18,19,5,1,0,0,0,0,0,0,0,2,1,5,6,1,65,9,1995,2,3,FORD TRANSIT CUSTOM,8,E01015090,0,-1
2021041071323,2021,041071323,2,19,0,4,4,5,1,0,0,3,0,0,0,0,2,1,1,1,1,37,7,1995,2,4,FORD TRANSIT CUSTOM,2,E01006323,0,-1
2021010331689,2021,010331689,1,19,0,10,10,5,2,0,0,5,0,0,0,0,3,1,1,1,1,36,7,1995,2,0,FORD TRANSIT CUSTOM,6,E01004491,0,-1
2021170H11141,2021,170H11141,2,19,0,9,9,5,2,0,0,8,0,0,0,0,2,1,2,2,1,49,8,1995,2,1,FORD TRANSIT CUSTOM,5,E01011985,0,-1
2021471102381,2021,471102381,2,19,0,4,4,8,4,0,0,0,0,0,0,0,2,1,5,6,1,37,7,1995,2,4,FORD TRANSIT CUSTOM,7,E01031500,0,-1
2021991039683,2021,991039683,1,19,0,18,19,2,6,0,0,1,0,0,0,0,1,1,1,1,1,35,6,1995,2,2,FORD TRANSIT CUSTOM,1,-1,0,-1
2021010289185,2021,010289185,2,19,0,18,19,1,5,0,0,6,0,0,0,0,1,1,1,1,1,29,6,1995,2,4,FORD TRANSIT CUSTOM,3,E01000922,0,-1
2021010329412,2021,010329412,3,19,0,9,9,3,1,0,0,6,0,0,0,0,1,1,2,2,1,50,8,1995,2,0,FORD TRANSIT CUSTOM,4,E01002987,0,-1
2021010312787,2021,010312787,2,19,0,99,99,9,9,99,99,0,9,99,9,99,2,9,6,6,3,-1,-1,1995,2,2,FORD TRANSIT CUSTOM,3,E01004189,0,-1
2021141128749,2021,141128749,2,19,0,9,9,3,8,0,0,5,0,0,0,0,4,1,1,1,1,28,6,1995,2,0,FORD TRANSIT CUSTOM,1,E01007851,0,-1
2021522104848,2021,522104848,2,20,0,9,9,7,5,0,0,2,0,1,0,0,1,1,6,6,1,66,10,-1,-1,-1,FORD TRANSIT CUSTOM,6,E01014733,0,-1
202131A036721,2021,31A036721,1,19,0,5,5,3,7,0,0,1,0,0,0,0,1,1,1,1,1,43,7,2198,2,6,FORD TRANSIT CUSTOM,6,E01028322,0,-1
2021201089397,2021,201089397,2,19,0,18,19,1,5,0,0,0,0,0,0,0,0,1,6,6,1,62,9,1995,2,1,FORD TRANSIT CUSTOM,6,E01009523,0,-1
2021070487788,2021,070487788,1,19,0,18,19,3,7,0,0,1,0,0,0,0,1,1,1,1,1,31,6,1995,2,0,FORD TRANSIT CUSTOM,-1,-1,0,-1
2021351107164,2021,351107164,2,19,0,18,19,2,4,0,0,0,0,0,0,0,1,1,1,1,1,35,6,1995,2,0,FORD TRANSIT CUSTOM,10,E01018191,0,-1
2021552100647,2021,552100647,1,19,0,18,19,5,1,0,0,6,0,0,0,0,1,1,2,2,1,41,7,1995,2,2,FORD TRANSIT CUSTOM,9,E01015323,0,-1
2021010323126,2021,010323126,3,19,0,2,2,0,0,0,0,1,0,0,0,0,3,1,6,6,3,-1,-1,1995,2,1,FORD TRANSIT CUSTOM,-1,-1,0,-1
2021041034856,2021,041034856,1,19,0,18,19,8,7,0,0,8,2,0,0,0,4,1,1,1,2,36,7,1995,2,3,FORD TRANSIT CUSTOM,-1,-1,0,-1
2021070239618,2021,070239618,1,19,0,18,19,4,8,0,0,0,0,0,0,0,4,1,6,6,1,63,9,1995,2,0,FORD TRANSIT CUSTOM,10,E01018397,0,-1
2021010337755,2021,010337755,2,19,0,4,4,5,1,0,0,1,0,0,0,0,1,1,6,6,1,36,7,1995,2,4,FORD TRANSIT CUSTOM,3,E01000638,0,-1
2021201027354,2021,201027354,1,19,0,18,19,3,7,0,0,8,0,0,0,0,1,1,6,6,1,-1,-1,2198,2,6,FORD TRANSIT CUSTOM,-1,-1,0,-1
2021070748548,2021,070748548,2,19,0,18,19,1,5,0,0,0,0,0,0,0,2,1,1,1,1,35,6,2198,2,8,FORD TRANSIT CUSTOM,5,E01004779,0,-1
2021131103600,2021,131103600,2,19,0,18,19,8,4,0,0,1,0,0,0,0,3,1,1,1,1,23,5,1995,12,0,FORD TRANSIT CUSTOM,5,E01032927,0,-1
2021991099806,2021,991099806,1,19,0,4,4,3,7,0,0,0,1,0,1,1,1,1,2,2,1,35,6,1995,2,1,FORD TRANSIT CUSTOM,-1,-1,0,-1
2021421013077,2021,421013077,2,19,0,18,19,2,6,0,0,0,0,0,4,0,1,1,1,1,1,24,5,1995,2,3,FORD TRANSIT CUSTOM,5,E01003663,0,-1
2021161119835,2021,161119835,1,19,0,12,12,2,6,0,0,0,0,0,4,0,1,1,1,1,1,59,9,1995,2,2,FORD TRANSIT CUSTOM,8,E01011406,0,-1
2021010351548,2021,010351548,1,19,0,7,7,3,5,0,0,5,0,0,0,0,4,1,1,1,1,38,7,1995,2,1,FORD TRANSIT CUSTOM,4,E01000625,0,-1
2021451127770,2021,451127770,1,19,0,18,19,6,2,0,0,0,0,0,0,0,2,1,6,6,3,35,6,1995,2,0,FORD TRANSIT CUSTOM,6,E01030674,0,-1
2021471025495,2021,471025495,1,19,0,3,3,2,6,0,0,4,0,0,0,0,1,1,1,1,1,28,6,2198,2,5,FORD TRANSIT CUSTOM,5,E01031585,0,-1
2021010316241,2021,010316241,1,10,0,3,3,1,5,0,0,0,0,0,0,0,4,1,1,1,2,25,5,2198,2,6,FORD TRANSIT CUSTOM,-1,-1,0,-1
202134NNC3481,2021,34NNC3481,2,19,0,4,4,7,3,0,0,0,0,0,0,0,1,1,6,6,1,59,9,1995,2,3,FORD TRANSIT CUSTOM,6,E01026682,0,-1