collision_index,collision_year,collision_ref_no,vehicle_reference,vehicle_type,towing_and_articulation,vehicle_manoeuvre_historic,vehicle_manoeuvre,vehicle_direction_from,vehicle_direction_to,vehicle_location_restricted_lane_historic,vehicle_location_restricted_lane,junction_location,skidding_and_overturning,hit_object_in_carriageway,vehicle_leaving_carriageway,hit_object_off_carriageway,first_point_of_impact,vehicle_left_hand_drive,journey_purpose_of_driver_historic,journey_purpose_of_driver,sex_of_driver,age_of_driver,age_band_of_driver,engine_capacity_cc,propulsion_code,age_of_vehicle,generic_make_model,driver_imd_decile,lsoa_of_driver,escooter_flag,driver_distance_banding
2021010330911,2021,010330911,1,3,0,99,99,9,9,99,99,0,9,99,9,99,9,1,1,1,1,22,5,125,1,2,KTM 125 DUKE,1,E01001013,0,-1
2021461028065,2021,461028065,1,2,0,4,4,5,1,0,0,0,1,0,0,0,1,1,6,6,1,21,5,125,1,5,KTM 125 DUKE,6,E01024340,0,-1
2021041053977,2021,041053977,2,3,0,18,19,5,1,0,0,0,0,0,0,0,4,1,1,1,1,25,5,125,1,3,KTM 125 DUKE,6,E01025587,0,-1
2021430564819,2021,430564819,2,3,0,9,9,3,1,0,0,5,0,0,0,0,4,1,2,2,1,28,6,125,1,0,KTM 125 DUKE,8,E01016508,0,-1
2021302101398,2021,302101398,2,3,0,18,19,8,4,0,0,0,0,0,0,0,4,1,2,2,1,23,5,125,1,5,KTM 125 DUKE,2,E01019497,0,-1
2021522104985,2021,522104985,1,4,0,16,19,8,3,0,0,0,0,10,6,0,1,1,6,6,1,59,9,125,1,2,KTM 125 DUKE,6,E01014846,0,-1
2021320563570,2021,320563570,2,3,0,18,19,2,6,0,0,1,0,0,0,0,1,1,2,2,1,25,5,125,1,3,KTM 125 DUKE,9,E01026304,0,-1
2021122200105,2021,122200105,1,3,0,14,14,3,7,0,0,0,0,0,0,0,1,1,2,2,1,44,7,125,1,6,KTM 125 DUKE,10,E01013440,0,-1
202134WNC7441,2021,34WNC7441,2,4,0,18,19,3,7,0,0,8,0,0,0,0,1,1,6,6,1,18,4,125,1,5,KTM 125 DUKE,9,E01027260,0,-1
2021302101892,2021,302101892,2,4,0,18,19,1,5,0,0,1,0,0,0,0,1,1,6,6,1,19,4,125,1,1,KTM 125 DUKE,4,E01019503,0,-1
2021471015807,2021,471015807,1,3,0,16,19,1,5,0,0,0,0,0,0,0,1,1,5,6,1,20,4,125,1,4,KTM 125 DUKE,5,E01021100,0,-1
2021552101393,2021,552101393,2,3,0,18,19,6,2,0,0,8,1,0,0,0,1,1,2,2,1,23,5,125,1,0,KTM 125 DUKE,-1,-1,0,-1
2021991102591,2021,991102591,2,3,0,18,19,6,2,0,0,1,0,0,0,0,1,1,1,1,1,43,7,125,1,1,KTM 125 DUKE,8,-1,0,-1
2021421063960,2021,421063960,1,3,0,18,19,6,2,0,0,0,1,0,1,0,4,1,5,6,1,27,6,125,1,1,KTM 125 DUKE,2,E01021686,0,-1
2021501063141,2021,501063141,2,3,0,18,19,5,1,0,0,1,0,0,0,0,1,1,6,6,1,19,4,125,1,1,KTM 125 DUKE,1,E01015144,0,-1
2021440374405,2021,440374405,2,3,0,18,19,3,7,0,0,2,0,0,0,0,1,1,6,6,1,19,4,125,1,0,KTM 125 DUKE,8,E01022713,0,-1
2021010291534,2021,010291534,1,3,0,9,9,5,3,0,0,5,0,0,0,0,1,1,6,6,1,21,5,125,1,1,KTM 125 DUKE,2,E01003966,0,-1
2021010292861,2021,010292861,1,3,0,99,99,9,9,99,99,9,9,99,9,99,9,1,6,6,1,28,6,125,1,1,KTM 125 DUKE,6,E01001964,0,-1
2021201104487,2021,201104487,1,4,0,13,13,6,2,0,0,8,0,0,0,0,4,1,6,6,1,21,5,125,1,0,KTM 125 DUKE,5,E01010548,0,-1
2021010352224,2021,010352224,1,3,0,18,19,3,7,0,0,1,0,0,1,1,1,1,2,2,1,30,6,125,1,3,KTM 125 DUKE,1,E01002280,0,-1
2021010331791,2021,010331791,2,3,0,99,99,9,9,99,99,9,9,99,9,99,1,1,6,6,3,-1,-1,125,1,10,KTM 125 DUKE,8,E01030845,0,-1
2021010330920,2021,010330920,1,3,0,18,19,3,7,0,0,0,0,0,0,0,4,1,2,2,1,40,7,125,1,1,KTM 125 DUKE,2,E01000045,0,-1
2021010333738,2021,010333738,2,4,0,18,19,1,5,0,0,0,0,0,0,0,1,1,6,6,1,30,6,125,1,3,KTM 125 DUKE,4,E01001047,0,-1
2021010331796,2021,010331796,2,3,0,99,99,9,9,99,99,9,9,99,9,99,2,9,6,6,3,-1,-1,125,1,3,KTM 125 DUKE,3,E01000637,0,-1
2021991025185,2021,991025185,1,3,0,18,19,6,2,0,0,2,0,0,0,0,1,1,5,6,2,48,8,125,1,4,KTM 125 DUKE,1,-1,0,-1
2021010288105,2021,010288105,1,3,0,99,99,9,9,99,99,9,9,99,9,99,9,1,6,6,1,19,4,125,1,3,KTM 125 DUKE,-1,-1,0,-1
2021010310278,2021,010310278,2,4,0,18,19,3,7,0,0,8,0,0,1,0,1,1,1,1,1,32,6,125,1,3,KTM 125 DUKE,9,E01002535,0,-1
2021070325572,2021,070325572,1,3,0,9,9,5,3,0,0,6,2,0,0,0,4,1,6,6,1,18,4,125,1,2,KTM 125 DUKE,9,E01012531,0,-1
2021461035388,2021,461035388,1,3,0,18,19,3,7,0,0,0,0,0,0,0,1,1,5,6,1,26,6,125,1,4,KTM 125 DUKE,6,E01001665,0,-1
2021471031845,2021,471031845,2,4,0,18,19,5,1,0,0,2,0,0,0,0,1,1,5,6,1,18,4,125,1,10,KTM 125 DUKE,2,E01017011,0,-1
2021411060929,2021,411060929,2,4,0,15,15,2,6,0,0,5,0,0,0,0,1,1,5,6,1,18,4,125,1,2,KTM 125 DUKE,10,E01023714,0,-1
2021361075178,2021,361075178,1,3,0,15,15,5,1,0,0,0,0,0,0,0,1,1,5,6,1,19,4,125,1,9,KTM 125 DUKE,1,E01026622,0,-1
2021161032351,2021,161032351,1,3,0,4,4,3,7,0,0,4,2,0,0,0,3,1,6,6,1,27,6,125,1,2,KTM 125 DUKE,1,E01013222,0,-1
2021122100549,2021,122100549,1,3,0,17,19,1,5,0,0,0,0,0,1,11,0,1,6,6,1,54,8,125,1,0,KTM 125 DUKE,-1,-1,0,-1
2021010334816,2021,010334816,1,3,0,14,14,3,7,0,0,0,0,0,0,0,1,1,2,2,1,38,7,125,1,2,KTM 125 DUKE,6,E01001272,0,-1
2021461111572,2021,461111572,2,3,0,13,13,8,4,0,0,8,0,0,0,0,1,1,2,2,1,22,5,125,1,1,KTM 125 DUKE,6,E01024367,0,-1
2021622100301,2021,622100301,2,4,0,18,19,5,1,0,0,8,0,0,0,0,2,1,6,6,1,46,8,125,1,1,KTM 125 DUKE,5,W01001269,0,-1
2021010300958,2021,010300958,1,3,0,4,4,1,5,0,0,1,0,0,0,0,1,1,6,6,1,29,6,125,1,1,KTM 125 DUKE,6,E01032768,0,-1
2021010294416,2021,010294416,1,3,0,99,99,9,9,99,99,0,9,99,9,99,1,9,6,6,1,17,4,125,1,3,KTM 125 DUKE,3,E01002370,0,-1
2021501132894,2021,501132894,2,3,0,10,10,4,2,0,0,1,0,0,0,0,3,1,6,6,1,33,6,125,1,7,KTM 125 DUKE,2,E01015072,0,-1
2021052102040,2021,052102040,2,3,0,18,19,1,5,0,0,1,0,0,0,0,2,1,6,6,1,34,6,125,1,7,KTM 125 DUKE,1,E01006705,0,-1
2021461113957,2021,461113957,1,3,0,18,19,4,8,0,0,0,0,0,0,0,1,1,6,6,1,21,5,125,1,7,KTM 125 DUKE,1,E01024215,0,-1
2021070289461,2021,070289461,2,4,0,18,19,1,5,0,0,1,0,0,0,0,3,1,6,6,1,22,5,125,1,3,KTM 125 DUKE,3,E01018482,0,-1
2021522104778,2021,522104778,2,4,0,18,19,1,5,2,2,2,0,0,0,0,3,1,6,6,2,32,6,125,1,8,KTM 125 DUKE,-1,-1,0,-1
2021351038362,2021,351038362,2,3,0,18,19,1,5,0,0,3,0,0,0,0,1,1,5,6,1,17,4,125,1,3,KTM 125 DUKE,6,E01018304,0,-1
2021010307097,2021,010307097,1,3,0,15,15,1,5,0,0,1,0,0,0,0,1,1,2,2,1,29,6,125,1,1,KTM 125 DUKE,6,E01030548,0,-1
2021501110385,2021,501110385,1,3,0,13,13,7,3,0,0,1,0,0,0,0,4,1,2,2,1,31,6,125,1,9,KTM 125 DUKE,3,E01015219,0,-1
2021991073453,2021,991073453,1,3,0,16,19,7,2,0,0,0,1,0,0,0,1,1,2,2,1,20,4,125,1,0,KTM 125 DUKE,-1,-1,0,-1
2021010322184,2021,010322184,2,3,0,13,13,1,5,0,0,1,0,0,0,0,1,1,6,6,1,33,6,125,1,1,KTM 125 DUKE,7,E01003408,0,-1
2021010290603,2021,010290603,1,4,0,4,4,5,1,0,0,1,5,0,0,0,1,1,2,2,1,25,5,125,1,5,KTM 125 DUKE,4,E01004048,0,-1
2021201137112,2021,201137112,2,4,0,18,19,4,8,0,0,8,0,0,0,0,1,1,6,6,1,-1,-1,125,1,1,KTM 125 DUKE,-1,-1,0,-1
2021010331391,2021,010331391,1,3,0,15,15,1,5,0,0,0,0,0,0,0,1,1,6,6,1,20,4,125,1,2,KTM 125 DUKE,7,E01003206,0,-1
2021010325330,2021,010325330,2,3,0,18,19,5,1,2,2,0,5,0,0,0,1,1,6,6,1,23,5,125,1,4,KTM 125 DUKE,3,E01001784,0,-1
2021010298953,2021,010298953,2,4,0,18,19,5,1,0,0,1,0,4,0,0,1,1,6,6,1,21,5,125,1,1,KTM 125 DUKE,1,E01000661,0,-1
2021520104077,2021,520104077,2,3,0,18,19,4,8,0,0,8,0,0,0,0,1,1,6,6,1,20,4,125,1,0,KTM 125 DUKE,4,E01029116,0,-1
2021131055935,2021,131055935,2,2,0,18,19,5,1,0,0,0,0,0,0,0,1,1,2,2,1,22,5,125,1,0,KTM 125 DUKE,8,E01010683,0,-1
2021421085448,2021,421085448,1,3,0,13,13,5,1,0,0,0,0,0,0,0,1,1,6,6,1,19,4,125,1,0,KTM 125 DUKE,-1,-1,0,-1
2021440488714,2021,440488714,1,3,0,9,9,3,1,0,0,8,0,0,0,0,4,1,6,6,1,29,6,125,1,1,KTM 125 DUKE,8,E01023215,0,-1
2021522200798,2021,522200798,1,3,0,18,19,5,1,0,0,8,0,0,0,0,1,1,6,6,1,17,4,125,1,3,KTM 125 DUKE,10,E01014615,0,-1
2021531062145,2021,531062145,1,4,0,3,3,-1,-1,0,0,0,0,0,0,0,4,1,6,6,1,17,4,125,1,0,KTM 125 DUKE,10,E01022219,0,-1
2021041067482,2021,041067482,2,3,0,18,19,1,5,0,0,3,2,0,0,0,4,1,2,2,1,21,5,125,1,5,KTM 125 DUKE,3,E01024864,0,-1
2021010342673,2021,010342673,1,3,0,13,13,5,1,0,0,8,0,0,0,0,1,1,2,2,1,29,6,125,1,0,KTM 125 DUKE,-1,-1,0,-1
2021471059537,2021,471059537,1,3,0,13,13,7,3,0,0,8,0,0,0,0,4,1,5,6,1,19,4,125,1,1,KTM 125 DUKE,4,E01031455,0,-1
2021401058736,2021,401058736,1,4,0,14,14,3,7,0,0,0,5,0,0,0,1,1,3,7,1,17,4,125,1,9,KTM 125 DUKE,7,E01017571,0,-1
2021451102026,2021,451102026,1,3,0,18,19,1,1,0,0,1,0,4,0,0,1,1,5,6,1,18,4,125,1,0,KTM 125 DUKE,8,E01030529,0,-1
2021371029432,2021,371029432,1,3,0,18,19,7,3,0,0,2,0,4,0,0,1,1,2,2,1,19,4,125,1,2,KTM 125 DUKE,5,E01030286,0,-1
2021991029205,2021,991029205,1,4,0,18,19,6,2,0,0,0,0,0,0,0,3,1,5,6,1,36,7,125,1,2,KTM 125 DUKE,8,-1,0,-1
2021010328845,2021,010328845,2,3,0,17,19,6,2,0,0,1,5,0,0,0,1,1,6,6,1,23,5,125,1,10,KTM 125 DUKE,6,E01001075,0,-1
2021411130567,2021,411130567,1,3,0,4,4,4,8,0,0,2,0,0,0,0,1,1,6,6,1,22,5,125,1,0,KTM 125 DUKE,5,E01030151,0,-1
2021440126446,2021,440126446,1,3,0,18,19,6,2,0,0,1,0,0,0,0,1,1,6,6,1,17,4,125,1,2,KTM 125 DUKE,-1,-1,0,-1
2021421102876,2021,421102876,2,3,0,18,19,1,5,0,0,1,0,0,0,0,1,1,6,6,1,18,4,125,1,3,KTM 125 DUKE,3,E01021418,0,-1
2021451085429,2021,451085429,1,3,0,18,19,1,5,0,0,0,1,0,0,0,0,1,6,6,1,20,4,125,1,3,KTM 125 DUKE,-1,-1,0,-1
2021010334340,2021,010334340,2,3,0,18,19,8,4,0,0,1,0,0,0,0,1,1,6,6,1,20,4,125,1,0,KTM 125 DUKE,2,E01001079,0,-1
2021440373523,2021,440373523,1,3,0,4,4,7,3,0,0,0,1,0,0,0,1,1,2,2,1,17,4,125,1,7,KTM 125 DUKE,4,E01022910,0,-1
2021552100980,2021,552100980,1,4,0,18,19,6,2,0,0,0,1,0,0,0,1,1,6,6,1,21,5,125,1,6,KTM 125 DUKE,4,E01015390,0,-1
2021401128463,2021,401128463,2,3,0,18,19,1,5,0,0,1,0,0,0,0,1,1,6,6,1,21,5,125,1,2,KTM 125 DUKE,6,E01017616,0,-1
2021440093087,2021,440093087,1,3,0,13,13,3,7,0,0,8,0,0,0,0,1,1,6,6,1,17,4,125,1,1,KTM 125 DUKE,5,E01017055,0,-1
2021540036521,2021,540036521,1,3,0,13,13,1,5,0,0,8,5,9,1,0,0,1,6,6,1,21,5,125,1,6,KTM 125 DUKE,5,E01031947,0,-1
2021471040134,2021,471040134,2,3,0,2,2,5,1,6,6,0,0,0,0,0,1,1,6,6,1,18,4,125,1,2,KTM 125 DUKE,-1,-1,0,-1
2021421030507,2021,421030507,2,3,0,15,15,5,1,0,0,0,2,0,0,0,1,1,6,6,1,29,6,125,1,0,KTM 125 DUKE,2,E01033702,0,-1
2021501112590,2021,501112590,2,3,0,18,19,7,3,0,0,0,0,0,0,0,1,1,6,6,1,37,7,125,1,6,KTM 125 DUKE,6,E01019014,0,-1
2021010311986,2021,010311986,1,3,0,18,19,3,7,0,0,1,5,0,0,0,1,1,6,6,1,31,6,125,1,1,KTM 125 DUKE,2,E01003336,0,-1
2021440194091,2021,440194091,4,3,0,4,4,6,2,0,0,0,0,0,0,0,1,1,2,2,1,21,5,125,1,6,KTM 125 DUKE,6,E01032748,0,-1
2021440319923,2021,440319923,1,3,0,18,19,7,3,0,0,0,0,0,0,0,3,1,6,6,1,19,4,125,1,2,KTM 125 DUKE,9,E01022768,0,-1
2021411033595,2021,411033595,2,3,0,14,14,1,7,0,0,0,0,0,0,0,4,1,6,6,1,31,6,125,1,1,KTM 125 DUKE,7,E01015800,0,-1
2021010312336,2021,010312336,1,3,0,18,19,5,1,0,0,1,5,0,0,0,1,1,6,6,1,20,4,125,1,9,KTM 125 DUKE,3,E01000125,0,-1
2021522201007,2021,522201007,1,4,0,18,19,4,8,0,0,1,0,0,0,0,1,1,6,6,1,18,4,125,1,0,KTM 125 DUKE,5,E01015005,0,-1
2021010310098,2021,010310098,1,3,0,18,19,7,3,2,2,0,0,0,0,0,1,1,2,2,2,25,5,125,1,10,KTM 125 DUKE,3,E01003555,0,-1
202163A081721,2021,63A081721,1,3,0,17,19,8,5,0,0,8,0,0,1,10,4,1,6,6,1,29,6,125,1,3,KTM 125 DUKE,2,W01000638,0,-1
2021531060395,2021,531060395,2,3,0,18,19,-1,-1,0,0,0,2,0,0,0,2,1,5,6,1,17,4,125,1,5,KTM 125 DUKE,7,E01022449,0,-1
2021461066128,2021,461066128,1,3,0,13,13,5,1,0,0,1,1,0,0,0,1,1,2,2,1,17,4,125,1,5,KTM 125 DUKE,6,E01016134,0,-1
2021061078565,2021,061078565,1,3,0,18,19,8,4,0,0,0,0,0,0,0,3,1,5,6,1,19,4,125,1,9,KTM 125 DUKE,1,E01005653,0,-1
2021371055561,2021,371055561,2,3,-1,-1,-1,-1,-1,-1,-1,0,-1,-1,-1,0,-1,1,6,6,1,19,4,125,1,4,KTM 125 DUKE,6,E01030194,0,-1
2021201112754,2021,201112754,2,4,0,18,19,8,5,0,0,1,0,0,0,0,1,1,6,6,1,51,8,125,1,9,KTM 125 DUKE,1,E01009311,0,-1
2021031081816,2021,031081816,2,3,0,16,19,7,3,0,0,0,0,0,0,0,1,1,5,6,1,19,4,125,1,9,KTM 125 DUKE,4,E01019389,0,-1
2021010336284,2021,010336284,1,3,0,15,15,3,7,0,0,8,0,0,0,0,3,1,6,6,1,36,7,125,1,6,KTM 125 DUKE,3,E01001669,0,-1
2021440386329,2021,440386329,1,3,0,7,7,7,3,0,0,5,1,0,0,0,3,1,6,6,1,17,4,125,1,3,KTM 125 DUKE,10,E01022954,0,-1
2021320351419,2021,320351419,1,3,0,17,19,8,4,0,0,1,5,0,0,0,4,1,2,2,1,30,6,125,1,1,KTM 125 DUKE,5,E01026243,0,-1
2021010315962,2021,010315962,1,3,0,18,19,1,5,9,9,2,0,0,0,0,1,1,6,6,1,29,6,125,1,9,KTM 125 DUKE,6,E01030748,0,-1
2021430216499,2021,430216499,1,3,0,18,19,6,2,0,0,2,0,0,0,0,1,1,6,6,1,27,6,125,1,5,KTM 125 DUKE,10,E01016619,0,-1
2021440067235,2021,440067235,1,3,0,18,19,4,8,0,0,8,0,0,0,0,3,1,6,6,1,36,7,125,1,4,KTM 125 DUKE,3,E01022738,0,-1
2021122100419,2021,122100419,1,3,0,18,19,5,1,0,0,1,0,0,0,0,4,1,6,6,1,17,4,125,1,9,KTM 125 DUKE,7,E01027616,0,-1
2021522105930,2021,522105930,1,3,0,18,19,1,5,0,0,2,0,0,0,0,2,1,6,6,1,19,4,125,1,7,KTM 125 DUKE,3,E01014493,0,-1
2021031036975,2021,031036975,2,3,0,18,19,7,3,0,0,1,0,0,1,0,4,1,6,6,1,18,4,125,1,3,KTM 125 DUKE,2,E01019199,0,-1
2021522103613,2021,522103613,1,3,0,18,19,1,5,0,0,0,0,0,0,0,1,1,6,6,1,17,4,125,1,6,KTM 125 DUKE,5,E01014371,0,-1
2021231031960,2021,231031960,2,3,0,18,19,7,3,0,0,5,0,10,3,10,1,1,2,2,1,18,4,125,1,1,KTM 125 DUKE,6,E01031199,0,-1
2021010296131,2021,010296131,2,3,0,18,19,1,5,0,0,1,0,0,0,0,1,1,6,6,1,21,5,125,1,1,KTM 125 DUKE,9,E01000698,0,-1
2021070663328,2021,070663328,1,3,0,17,19,1,4,0,0,1,0,0,1,0,1,1,6,6,1,43,7,125,1,4,KTM 125 DUKE,7,E01018457,0,-1
2021010333310,2021,010333310,1,3,0,15,15,5,1,0,0,0,0,0,0,0,2,1,2,2,1,20,4,125,1,0,KTM 125 DUKE,2,E01001079,0,-1
2021010315591,2021,010315591,1,3,0,18,19,5,1,0,0,1,0,0,0,0,4,1,1,1,1,34,6,125,1,1,KTM 125 DUKE,7,E01002999,0,-1
2021351057208,2021,351057208,2,3,0,18,19,1,5,6,6,0,0,0,0,0,2,1,5,6,1,17,4,125,1,10,KTM 125 DUKE,9,E01023653,0,-1
2021440472615,2021,440472615,1,3,0,18,19,4,8,0,0,1,0,0,0,0,1,1,2,2,1,17,4,125,1,0,KTM 125 DUKE,1,E01017210,0,-1
2021461066919,2021,461066919,2,3,0,17,19,7,3,0,0,8,0,0,0,0,3,1,5,6,1,29,6,125,1,2,KTM 125 DUKE,4,E01003784,0,-1
2021010320250,2021,010320250,1,3,0,13,13,1,5,0,0,1,1,0,0,0,1,1,6,6,1,19,4,125,1,2,KTM 125 DUKE,4,E01001142,0,-1
2021411117754,2021,411117754,2,3,0,10,10,1,7,0,0,1,0,0,0,0,3,1,5,6,1,25,5,125,1,0,KTM 125 DUKE,5,E01023293,0,-1
2021430560878,2021,430560878,2,4,0,18,19,4,8,0,0,1,0,0,0,0,1,1,6,6,1,41,7,125,1,0,KTM 125 DUKE,2,E01028567,0,-1
2021421012618,2021,421012618,1,3,0,18,19,1,5,0,0,0,0,0,0,0,0,1,6,6,1,18,4,125,1,6,KTM 125 DUKE,9,E01021517,0,-1
2021070806370,2021,070806370,1,4,0,18,19,5,1,6,6,0,0,0,0,0,1,1,6,6,1,17,4,125,1,2,KTM 125 DUKE,10,E01018436,0,-1
2021131094308,2021,131094308,2,4,0,18,19,2,6,0,0,0,1,0,0,0,4,1,6,6,1,20,4,125,1,2,KTM 125 DUKE,2,E01011121,0,-1
2021211079840,2021,211079840,1,3,0,16,19,8,4,0,0,0,0,0,0,0,1,1,6,6,1,21,5,125,1,4,KTM 125 DUKE,5,E01029462,0,-1
2021522200757,2021,522200757,1,3,0,18,19,3,7,0,0,8,0,0,0,0,3,1,6,6,1,39,7,125,1,0,KTM 125 DUKE,6,E01014613,0,-1
2021010304984,2021,010304984,2,3,0,18,19,7,3,0,0,8,0,0,0,0,2,1,1,1,1,27,6,125,1,3,KTM 125 DUKE,2,E01003600,0,-1
2021440363640,2021,440363640,1,4,0,18,19,1,5,0,0,0,0,10,0,0,0,1,6,6,1,19,4,125,1,7,KTM 125 DUKE,2,E01033237,0,-1
2021430141142,2021,430141142,1,3,0,3,3,3,7,0,0,1,0,0,0,0,4,1,6,6,1,22,5,125,1,2,KTM 125 DUKE,10,E01028622,0,-1
2021421080485,2021,421080485,2,3,0,18,19,6,2,0,0,1,0,0,0,0,1,1,5,6,1,26,6,125,1,0,KTM 125 DUKE,9,E01021908,0,-1
2021401058829,2021,401058829,1,3,0,14,14,5,1,0,0,0,1,4,7,0,4,1,2,2,1,23,5,125,1,9,KTM 125 DUKE,9,E01017421,0,-1
2021211143900,2021,211143900,1,3,0,18,19,4,8,0,0,0,0,0,0,0,1,1,6,6,1,46,8,125,1,2,KTM 125 DUKE,1,E01014300,0,-1
2021501057731,2021,501057731,2,4,0,18,19,1,5,0,0,1,0,0,0,0,1,1,6,6,1,24,5,125,1,1,KTM 125 DUKE,6,E01002818,0,-1
2021421085999,2021,421085999,2,3,0,13,13,8,1,0,0,0,0,0,0,0,1,1,6,6,1,18,4,125,1,2,KTM 125 DUKE,-1,-1,0,-1
2021440373053,2021,440373053,1,3,0,17,19,1,5,0,0,0,1,0,1,0,3,1,6,6,1,22,5,125,1,3,KTM 125 DUKE,3,E01017020,0,-1
2021351101474,2021,351101474,2,3,0,18,19,5,8,0,0,1,0,0,0,0,1,1,2,2,1,42,7,125,1,1,KTM 125 DUKE,10,E01018237,0,-1
2021501106203,2021,501106203,1,3,0,17,19,1,5,0,0,0,2,0,2,0,4,1,5,6,1,21,5,125,1,0,KTM 125 DUKE,1,E01019995,0,-1
2021546012021,2021,546012021,2,3,0,4,4,8,4,0,0,1,0,0,0,0,2,1,6,6,2,18,4,125,1,1,KTM 125 DUKE,8,E01031964,0,-1
2021010312213,2021,010312213,2,4,0,14,14,7,3,0,0,1,1,0,0,0,2,1,6,6,1,30,6,125,1,9,KTM 125 DUKE,5,E01000779,0,-1
2021010295846,2021,010295846,2,3,0,18,19,1,5,0,0,4,0,0,0,0,3,1,6,6,1,32,6,125,1,4,KTM 125 DUKE,2,E01001136,0,-1
2021461022218,2021,461022218,2,5,0,18,19,1,5,0,0,1,1,0,0,0,0,1,6,6,1,19,4,625,1,17,-1,10,E01024644,0,-1
2021010326021,2021,010326021,1,5,0,18,19,5,1,0,0,8,0,0,0,0,1,1,2,2,1,35,6,625,1,15,-1,7,E01003167,0,-1
2021461083553,2021,461083553,1,5,0,18,19,1,5,0,0,4,0,0,0,0,1,1,6,6,1,29,6,625,1,17,-1,1,E01024215,0,-1
2021161042784,2021,161042784,3,5,0,4,4,3,7,0,0,0,0,0,0,0,1,1,6,6,1,45,7,625,1,15,-1,8,E01013040,0,-1
2021480310149,2021,480310149,2,5,0,18,19,5,1,0,0,0,0,0,0,0,0,1,6,6,1,56,9,1000,1,12,-1,6,E01015925,0,-1
2021201125191,2021,201125191,2,5,0,18,19,3,7,0,0,8,0,0,0,0,1,1,6,6,1,25,5,999,1,16,-1,2,E01009998,0,-1
202163D063921,2021,63D063921,1,5,0,18,19,2,6,0,0,3,0,0,0,0,0,1,6,6,1,38,7,999,1,12,-1,1,W01001295,0,-1
2021302100170,2021,302100170,2,9,0,18,19,2,6,0,0,0,0,0,0,0,1,1,2,2,1,24,5,2261,1,14,-1,4,E01028252,0,-1
2021451097734,2021,451097734,1,9,0,18,19,7,3,0,0,0,0,0,0,0,1,1,5,6,1,25,5,2261,1,13,-1,10,E01030641,0,-1
2021010299219,2021,010299219,1,3,0,99,99,9,9,99,99,9,9,99,9,99,1,1,2,2,1,43,7,125,1,6,-1,7,E01000317,0,-1
2021041078414,2021,041078414,1,97,0,18,19,7,3,0,0,0,1,0,0,0,1,1,5,6,1,19,4,125,1,8,-1,3,E01006325,0,-1
2021552200238,2021,552200238,1,3,0,18,19,7,3,0,0,0,1,0,0,0,0,1,2,2,1,47,8,125,1,4,-1,9,E01015432,0,-1
2021211120048,2021,211120048,1,3,0,18,19,5,1,0,0,4,0,0,0,0,1,1,1,1,1,58,9,125,1,2,-1,6,E01029620,0,-1
2021010298652,2021,010298652,1,3,0,7,7,5,6,0,0,5,0,10,0,0,1,1,6,6,1,26,6,125,1,4,-1,9,E01001132,0,-1
2021041033496,2021,041033496,1,3,0,18,19,3,7,0,0,0,0,0,0,0,0,1,2,2,1,49,8,124,1,24,-1,5,E01025228,0,-1
2021991068972,2021,991068972,2,3,0,18,19,6,2,0,0,1,0,0,0,0,1,1,5,6,1,55,8,124,1,22,-1,1,-1,0,-1
2021221041746,2021,221041746,1,3,0,18,19,2,6,0,0,0,1,0,0,0,4,1,5,6,1,33,6,124,1,24,-1,3,E01032131,0,-1
2021111051795,2021,111051795,2,3,0,18,19,5,1,0,0,0,1,0,0,0,2,1,5,6,1,49,8,124,1,24,-1,6,E01008574,0,-1
2021522100523,2021,522100523,1,3,0,18,19,7,3,0,0,8,0,0,0,0,1,1,6,6,1,56,9,124,1,23,-1,4,E01014699,0,-1
2021201111960,2021,201111960,1,3,0,13,13,6,2,0,0,1,0,0,0,0,1,1,2,2,1,36,7,124,1,24,-1,4,E01031087,0,-1
2021221048958,2021,221048958,2,9,0,4,4,3,5,0,0,1,0,0,0,0,2,1,5,6,2,45,7,1584,1,13,-1,5,E01014045,0,-1
2021320466664,2021,320466664,1,5,0,18,19,2,6,0,0,0,2,7,0,0,1,1,6,6,1,49,8,1215,1,4,-1,2,E01032307,0,-1
202163A044021,2021,63A044021,1,5,0,18,19,8,4,0,0,0,0,0,0,0,2,1,6,6,1,56,9,1215,1,6,-1,10,W01000837,0,-1
202163A058121,2021,63A058121,2,5,0,18,19,2,6,0,0,1,0,0,0,0,1,1,6,6,1,56,9,1215,1,6,-1,6,E01022442,0,-1
2021361060948,2021,361060948,1,5,0,18,19,2,6,0,0,0,0,0,0,0,3,1,6,6,1,37,7,1215,1,6,-1,4,E01026466,0,-1
2021010337477,2021,010337477,1,5,0,99,99,9,9,99,99,9,9,99,9,99,9,1,2,2,1,58,9,1215,1,8,-1,5,E01017486,0,-1
2021010344686,2021,010344686,1,5,0,99,99,9,9,99,99,9,9,99,9,99,1,1,2,2,1,46,8,1215,1,7,-1,8,E01017541,0,-1
2021131105204,2021,131105204,2,5,0,14,14,3,7,0,0,8,0,0,0,0,4,1,6,6,1,48,8,559,1,21,-1,4,E01010834,0,-1
2021531106752,2021,531106752,2,5,0,18,19,5,1,0,0,0,0,0,0,0,1,1,2,2,1,35,6,599,1,21,-1,5,E01022312,0,-1