collision_index,collision_year,collision_ref_no,vehicle_reference,vehicle_type,towing_and_articulation,vehicle_manoeuvre_historic,vehicle_manoeuvre,vehicle_direction_from,vehicle_direction_to,vehicle_location_restricted_lane_historic,vehicle_location_restricted_lane,junction_location,skidding_and_overturning,hit_object_in_carriageway,vehicle_leaving_carriageway,hit_object_off_carriageway,first_point_of_impact,vehicle_left_hand_drive,journey_purpose_of_driver_historic,journey_purpose_of_driver,sex_of_driver,age_of_driver,age_band_of_driver,engine_capacity_cc,propulsion_code,age_of_vehicle,generic_make_model,driver_imd_decile,lsoa_of_driver,escooter_flag,driver_distance_banding
2021010325455,2021,010325455,1,19,0,99,99,9,9,99,99,9,9,99,9,99,1,9,6,6,1,40,7,1560,2,2,PEUGEOT PARTNER,5,E01027158,0,-1
2021501067458,2021,501067458,1,19,0,18,19,1,5,0,0,1,0,0,0,0,1,1,6,6,3,-1,-1,1560,2,6,PEUGEOT PARTNER,-1,-1,0,-1
2021440379895,2021,440379895,1,19,0,4,4,1,5,0,0,1,0,0,0,0,0,1,2,2,1,39,7,1560,2,3,PEUGEOT PARTNER,6,E01022816,0,-1
2021411028577,2021,411028577,2,19,0,4,4,2,6,0,0,8,0,0,0,0,2,1,1,1,1,32,6,1560,2,4,PEUGEOT PARTNER,10,E01018232,0,-1
2021010307882,2021,010307882,1,19,0,18,19,3,7,0,0,0,1,0,0,0,1,1,2,2,1,44,7,1498,2,1,PEUGEOT PARTNER,5,E01000274,0,-1
2021010319719,2021,010319719,1,19,0,9,9,1,7,0,0,5,0,0,0,0,3,1,2,2,1,24,5,1560,2,3,PEUGEOT PARTNER,3,E01002695,0,-1
2021320425853,2021,320425853,1,19,0,16,19,4,8,0,0,5,5,0,1,9,1,1,6,6,1,21,5,1560,2,6,PEUGEOT PARTNER,9,E01027275,0,-1
2021010347565,2021,010347565,1,19,3,18,19,5,1,0,0,1,0,0,0,0,1,1,6,6,1,43,7,1560,2,6,PEUGEOT PARTNER,6,E01003394,0,-1
2021421062348,2021,421062348,1,19,0,18,19,2,5,0,0,0,0,0,0,0,1,1,6,6,1,-1,-1,1560,2,3,PEUGEOT PARTNER,-1,-1,0,-1
202134WNC4561,2021,34WNC4561,3,19,0,3,3,5,1,0,0,0,0,0,0,0,2,1,6,6,1,45,7,1500,2,2,PEUGEOT PARTNER,8,E01027207,0,-1
2021061051411,2021,061051411,1,9,0,18,19,4,8,0,0,1,0,0,0,0,0,1,6,6,1,31,6,-1,-1,-1,PEUGEOT PARTNER,6,E01005037,0,-1
2021010291065,2021,010291065,2,19,0,99,99,9,9,99,99,0,9,99,9,99,2,9,6,6,3,-1,-1,1560,2,4,PEUGEOT PARTNER,2,E01002314,0,-1
2021421119837,2021,421119837,1,19,0,18,19,2,6,0,0,0,0,0,0,0,1,1,1,1,1,35,6,1560,2,2,PEUGEOT PARTNER,4,E01004591,0,-1
2021471091572,2021,471091572,1,20,0,18,19,5,1,0,0,1,0,0,0,0,1,1,1,1,1,31,6,-1,-1,-1,PEUGEOT PARTNER,3,E01017220,0,-1
2021101127366,2021,101127366,1,19,0,18,19,1,5,0,0,0,1,0,5,0,1,1,6,6,1,26,6,1500,2,0,PEUGEOT PARTNER,1,E01008389,0,-1
2021010303479,2021,010303479,2,19,0,99,99,9,9,99,99,9,9,99,9,99,1,9,6,6,3,24,5,1560,2,4,PEUGEOT PARTNER,2,E01033726,0,-1
2021531079175,2021,531079175,2,19,0,18,19,1,5,0,0,1,0,0,0,0,1,1,1,1,1,48,8,1498,2,2,PEUGEOT PARTNER,2,E01033630,0,-1
2021041115097,2021,041115097,1,19,0,5,5,1,5,0,0,2,0,0,0,0,1,1,1,1,1,55,8,1560,2,6,PEUGEOT PARTNER,1,E01025151,0,-1
2021010325432,2021,010325432,1,19,0,99,99,9,9,99,99,9,9,99,9,99,9,9,2,2,1,27,6,1560,2,3,PEUGEOT PARTNER,6,E01004360,0,-1
2021010351145,2021,010351145,2,19,0,3,3,5,1,0,0,1,0,0,0,0,1,1,2,2,1,35,6,1560,2,3,PEUGEOT PARTNER,9,E01024440,0,-1
2021161075659,2021,161075659,2,9,0,18,19,5,8,0,0,8,0,0,1,1,1,1,1,1,1,56,9,1560,2,10,PEUGEOT PARTNER,3,E01012784,0,-1
2021061081398,2021,061081398,1,19,0,9,9,7,3,0,0,1,0,0,0,0,3,1,6,6,1,43,7,1560,2,12,PEUGEOT PARTNER,4,E01011044,0,-1
2021010338408,2021,010338408,1,19,0,9,9,1,7,0,0,1,0,0,0,0,3,1,1,1,1,52,8,1498,2,2,PEUGEOT PARTNER,3,E01000515,0,-1
2021461031297,2021,461031297,1,19,0,18,19,7,3,0,0,0,0,4,0,0,1,1,2,2,1,26,6,1498,2,1,PEUGEOT PARTNER,5,E01024226,0,-1
2021231082685,2021,231082685,2,9,0,2,2,0,0,0,0,1,0,0,0,0,2,1,1,1,1,34,6,1560,2,6,PEUGEOT PARTNER,6,E01031145,0,-1
2021461059680,2021,461059680,2,9,0,2,2,0,0,0,0,1,0,0,0,0,3,1,5,6,3,-1,-1,-1,-1,-1,PEUGEOT PARTNER,4,E01024593,0,-1
2021122100885,2021,122100885,1,19,0,18,19,3,7,0,0,1,0,0,0,0,1,1,1,1,2,30,6,1560,2,6,PEUGEOT PARTNER,5,E01027613,0,-1
2021111028795,2021,111028795,1,9,0,18,19,1,1,0,0,4,0,0,0,0,3,1,3,7,1,68,10,1560,2,10,PEUGEOT PARTNER,5,E01020663,0,-1
2021010334399,2021,010334399,1,19,0,18,19,1,5,0,0,0,0,0,0,0,1,1,2,2,1,37,7,1560,2,5,PEUGEOT PARTNER,9,E01030672,0,-1
2021461085065,2021,461085065,1,19,0,17,19,5,8,0,0,0,0,0,0,0,4,1,6,6,1,34,6,1560,2,2,PEUGEOT PARTNER,2,E01001437,0,-1
2021061072255,2021,061072255,2,9,0,2,2,0,0,9,9,0,0,0,0,0,3,1,6,6,3,-1,-1,1560,2,9,PEUGEOT PARTNER,-1,-1,0,-1
2021552100356,2021,552100356,1,9,0,1,1,5,1,0,0,0,0,0,0,0,2,1,6,6,1,44,7,1997,2,18,PEUGEOT PARTNER,7,E01015428,0,-1
2021361078052,2021,361078052,6,19,0,18,19,1,5,0,0,0,5,0,0,0,1,1,6,6,1,20,4,1560,2,9,PEUGEOT PARTNER,3,E01026495,0,-1
2021451073218,2021,451073218,4,19,0,17,19,0,0,0,0,1,0,4,0,0,1,1,6,6,3,-1,-1,1560,2,3,PEUGEOT PARTNER,-1,-1,0,-1
2021041102363,2021,041102363,2,19,0,2,2,5,1,0,0,2,0,0,0,0,2,1,6,6,3,-1,-1,1560,2,8,PEUGEOT PARTNER,-1,-1,0,-1
2021411114218,2021,411114218,2,19,0,18,19,2,7,0,0,1,0,0,0,0,4,1,6,6,1,-1,-1,1560,2,10,PEUGEOT PARTNER,-1,-1,0,-1
2021546935021,2021,546935021,1,19,0,13,13,5,1,0,0,0,0,0,0,0,3,1,6,6,1,57,9,1560,2,3,PEUGEOT PARTNER,7,E01031850,0,-1
2021501110945,2021,501110945,3,19,0,18,19,7,3,0,0,0,0,0,0,0,2,1,6,6,1,52,8,1560,2,9,PEUGEOT PARTNER,5,E01015224,0,-1
2021991097749,2021,991097749,1,19,0,9,9,7,5,0,0,5,0,0,0,0,3,1,1,1,1,23,5,1560,2,3,PEUGEOT PARTNER,4,-1,0,-1
2021161108832,2021,161108832,2,19,0,4,4,1,5,0,0,0,0,0,0,0,1,1,6,6,1,-1,-1,1560,2,6,PEUGEOT PARTNER,-1,-1,0,-1
2021061119935,2021,061119935,1,19,0,18,19,8,4,0,0,8,0,0,0,0,4,1,6,6,1,47,8,1997,2,15,PEUGEOT PARTNER,5,E01006268,0,-1
2021201134769,2021,201134769,2,19,0,3,3,6,2,0,0,1,0,0,0,0,2,1,6,6,1,-1,-1,1498,2,1,PEUGEOT PARTNER,4,E01010253,0,-1
2021010335956,2021,010335956,2,19,0,18,19,1,5,0,0,0,0,0,0,0,1,1,1,1,1,70,10,1500,2,2,PEUGEOT PARTNER,5,E01030946,0,-1
2021122100595,2021,122100595,1,19,0,17,19,5,1,0,0,0,0,0,1,4,1,1,6,6,1,36,7,1560,2,6,PEUGEOT PARTNER,1,E01010635,0,-1
2021501081418,2021,501081418,1,9,0,18,19,6,2,0,0,0,0,0,2,0,4,1,5,6,1,49,8,-1,-1,-1,PEUGEOT PARTNER,2,E01018836,0,-1
2021010317910,2021,010317910,3,19,0,99,99,9,9,99,99,0,9,99,9,99,9,9,6,6,3,-1,-1,1560,2,3,PEUGEOT PARTNER,-1,-1,0,-1
2021501102828,2021,501102828,1,19,0,17,19,2,6,0,0,0,2,0,2,9,4,1,1,1,1,53,8,1560,2,8,PEUGEOT PARTNER,1,E01018875,0,-1
2021010306061,2021,010306061,2,19,0,3,3,5,1,0,0,1,0,0,0,0,2,9,6,6,3,-1,-1,1560,2,5,PEUGEOT PARTNER,-1,-1,0,-1
2021481047516,2021,481047516,1,19,0,7,7,1,3,0,0,1,0,0,0,0,4,1,1,1,1,30,6,1498,2,1,PEUGEOT PARTNER,-1,-1,0,-1
2021010316634,2021,010316634,2,9,0,18,19,1,5,0,0,1,0,0,0,0,1,1,6,6,3,45,7,1560,2,6,PEUGEOT PARTNER,1,E01002095,0,-1
2021430271698,2021,430271698,2,19,0,2,2,0,0,0,0,0,0,0,0,0,2,1,6,6,1,-1,-1,1560,2,11,PEUGEOT PARTNER,-1,-1,0,-1
2021320419462,2021,320419462,3,19,0,2,2,0,0,0,0,2,0,0,0,0,2,1,6,6,1,22,5,1560,2,11,PEUGEOT PARTNER,5,E01032987,0,-1
2021320410965,2021,320410965,1,19,0,7,7,1,3,0,0,2,0,0,0,0,1,1,1,1,2,43,7,1560,2,4,PEUGEOT PARTNER,6,E01026153,0,-1
2021010317934,2021,010317934,1,19,0,16,19,3,7,0,0,1,0,0,0,0,3,1,1,1,1,64,9,1560,2,3,PEUGEOT PARTNER,6,E01000706,0,-1
2021440235075,2021,440235075,2,19,0,3,3,6,2,0,0,1,0,0,0,0,2,1,1,1,1,50,8,1200,1,3,PEUGEOT PARTNER,4,E01023068,0,-1
2021501117478,2021,501117478,1,19,0,17,19,8,3,0,0,0,5,0,0,0,1,1,5,6,1,62,9,1560,2,13,PEUGEOT PARTNER,4,E01019006,0,-1
2021010336052,2021,010336052,1,19,0,18,19,3,7,0,0,8,0,0,0,0,1,1,1,1,1,48,8,1560,2,6,PEUGEOT PARTNER,3,E01000043,0,-1
2021122100209,2021,122100209,1,19,0,18,19,5,1,0,0,8,1,0,0,0,2,1,6,6,1,47,8,1560,2,8,PEUGEOT PARTNER,5,E01012772,0,-1
2021010324148,2021,010324148,2,19,0,99,99,9,9,99,99,9,9,99,9,99,9,9,6,6,3,-1,-1,1560,2,9,PEUGEOT PARTNER,1,E01002092,0,-1
2021061106693,2021,061106693,2,19,0,18,19,4,8,0,0,8,0,0,0,0,2,1,6,6,1,35,6,1560,2,6,PEUGEOT PARTNER,6,E01004882,0,-1
2021010297277,2021,010297277,1,19,0,3,3,3,7,0,0,1,0,0,0,0,2,9,2,2,1,25,5,1560,2,6,PEUGEOT PARTNER,8,E01004110,0,-1
2021052102419,2021,052102419,1,19,0,9,9,4,2,0,0,6,0,0,0,0,1,1,1,1,1,51,8,1200,1,4,PEUGEOT PARTNER,7,E01006579,0,-1
2021141105276,2021,141105276,2,19,0,3,3,5,1,0,0,0,0,0,0,0,2,1,6,6,1,32,6,1498,2,0,PEUGEOT PARTNER,4,E01007821,0,-1
2021201068008,2021,201068008,1,19,0,18,19,8,4,0,0,8,0,7,0,0,1,1,2,2,1,34,6,1997,2,15,PEUGEOT PARTNER,1,E01009988,0,-1
2021421059766,2021,421059766,2,19,0,16,19,3,7,0,0,0,0,0,1,0,1,1,2,2,1,24,5,1560,2,6,PEUGEOT PARTNER,4,E01003654,0,-1
2021010329296,2021,010329296,2,19,0,99,99,9,9,99,99,9,9,99,9,99,9,9,6,6,3,-1,-1,1500,2,2,PEUGEOT PARTNER,-1,-1,0,-1
202154B624021,2021,54B624021,2,19,0,7,7,2,4,0,0,6,0,0,7,11,3,1,1,1,1,61,9,1498,2,1,PEUGEOT PARTNER,10,E01015515,0,-1
2021010293428,2021,010293428,1,19,0,9,9,5,2,0,0,0,0,0,0,0,1,1,2,2,1,24,5,1560,2,4,PEUGEOT PARTNER,9,E01003478,0,-1
2021010295486,2021,010295486,2,19,0,9,9,3,1,99,99,0,0,0,9,99,1,9,6,6,1,34,6,1560,2,7,PEUGEOT PARTNER,3,E01002923,0,-1
2021010314254,2021,010314254,2,19,0,99,99,9,9,99,99,9,9,99,9,99,9,9,6,6,3,-1,-1,1560,2,11,PEUGEOT PARTNER,-1,-1,0,-1
2021010317916,2021,010317916,1,19,0,5,5,1,5,0,0,6,0,0,6,0,1,1,1,1,1,25,5,1560,2,2,PEUGEOT PARTNER,2,E01004392,0,-1
2021010336774,2021,010336774,1,19,0,18,19,1,5,0,0,8,0,0,0,0,1,1,2,2,1,55,8,1498,2,1,PEUGEOT PARTNER,8,E01003445,0,-1
2021010316183,2021,010316183,1,19,0,7,7,7,1,0,0,2,0,0,0,0,0,1,1,1,1,73,10,1560,2,3,PEUGEOT PARTNER,7,E01002329,0,-1
202163D050321,2021,63D050321,1,19,0,18,19,4,8,0,0,0,0,0,0,0,3,1,1,1,1,35,6,1560,2,8,PEUGEOT PARTNER,8,W01000439,0,-1
2021451127540,2021,451127540,1,19,0,18,19,1,5,9,9,0,1,10,8,11,4,1,1,1,1,38,7,1560,2,7,PEUGEOT PARTNER,5,E01030494,0,-1
2021461084029,2021,461084029,1,19,0,1,1,3,7,0,0,1,0,0,0,0,2,1,5,6,1,53,8,1560,2,7,PEUGEOT PARTNER,6,E01024216,0,-1
2021131112918,2021,131112918,1,19,0,-1,-1,-1,-1,-1,-1,8,-1,-1,-1,0,-1,1,6,6,3,-1,-1,1560,2,6,PEUGEOT PARTNER,-1,-1,0,-1
202154A923221,2021,54A923221,1,19,0,18,19,4,8,0,0,0,2,0,0,0,1,1,1,1,1,49,8,1560,2,14,PEUGEOT PARTNER,8,E01032071,0,-1
2021010324946,2021,010324946,3,19,0,18,19,5,1,0,0,0,0,0,0,0,1,2,1,1,1,21,5,1560,2,6,PEUGEOT PARTNER,9,E01027022,0,-1
2021471058081,2021,471058081,3,19,0,9,9,8,5,0,0,5,0,0,0,0,2,1,1,1,1,32,6,1560,2,4,PEUGEOT PARTNER,9,E01021053,0,-1
2021501141576,2021,501141576,2,19,0,18,19,5,1,0,0,0,0,0,0,0,1,1,1,1,1,40,7,1498,2,1,PEUGEOT PARTNER,6,E01018794,0,-1
2021622100359,2021,622100359,1,8,0,9,9,3,1,0,0,2,0,0,0,0,1,1,6,6,1,61,9,1560,2,10,PEUGEOT PARTNER,10,W01001734,0,-1
2021351048677,2021,351048677,1,19,0,18,19,5,1,0,0,0,0,4,0,0,1,1,2,2,1,42,7,1560,2,5,PEUGEOT PARTNER,1,E01011140,0,-1
2021010294769,2021,010294769,2,19,0,18,19,1,5,0,0,1,1,0,0,0,1,1,2,2,1,56,9,1560,2,8,PEUGEOT PARTNER,4,E01001167,0,-1
2021351149056,2021,351149056,2,19,0,17,19,7,3,0,0,0,0,0,1,0,3,1,2,2,1,43,7,1500,2,1,PEUGEOT PARTNER,6,E01018101,0,-1
2021061025864,2021,061025864,1,19,0,7,7,1,4,0,0,0,0,0,0,0,3,1,1,1,1,53,8,1560,2,3,PEUGEOT PARTNER,1,E01006040,0,-1
2021010332977,2021,010332977,2,19,0,9,9,3,8,0,0,2,0,0,0,0,1,1,6,6,1,48,8,1560,2,5,PEUGEOT PARTNER,5,E01000606,0,-1
2021401027341,2021,401027341,3,19,0,4,4,5,1,0,0,0,0,0,0,0,2,1,6,6,1,53,8,1560,2,3,PEUGEOT PARTNER,7,E01015719,0,-1
2021991057922,2021,991057922,1,8,0,3,3,3,8,0,0,1,0,0,0,0,4,1,1,1,1,58,9,1560,2,4,PEUGEOT PARTNER,8,-1,0,-1
2021461027554,2021,461027554,1,9,0,18,19,4,8,0,0,0,0,4,0,0,1,1,6,6,2,52,8,1560,2,7,PEUGEOT PARTNER,2,E01024193,0,-1
2021411048406,2021,411048406,1,19,0,18,19,-1,-1,0,0,0,0,0,0,0,1,1,6,6,1,-1,-1,1560,2,9,PEUGEOT PARTNER,5,E01023838,0,-1
2021610046321,2021,610046321,1,19,0,18,19,8,4,0,0,1,0,10,7,4,4,1,1,1,1,34,6,1560,2,9,PEUGEOT PARTNER,3,W01001290,0,-1
2021461033566,2021,461033566,1,19,0,16,19,5,1,0,0,0,1,0,0,0,1,1,6,6,1,23,5,1560,2,7,PEUGEOT PARTNER,-1,-1,0,-1
2021010341920,2021,010341920,2,19,0,99,99,9,9,99,99,0,9,99,9,99,9,9,6,6,3,-1,-1,1560,2,4,PEUGEOT PARTNER,-1,-1,0,-1
2021010324871,2021,010324871,2,19,0,99,99,9,9,99,99,9,9,99,9,99,1,9,6,6,3,-1,-1,1560,2,3,PEUGEOT PARTNER,5,E01021865,0,-1
2021501068830,2021,501068830,2,19,0,4,4,2,6,0,0,1,0,0,0,0,1,1,2,2,1,23,5,1560,2,6,PEUGEOT PARTNER,9,E01019017,0,-1
2021131125757,2021,131125757,2,9,0,18,19,1,5,0,0,0,0,0,0,0,1,1,5,6,1,83,11,1560,2,5,PEUGEOT PARTNER,8,E01027661,0,-1
2021010300540,2021,010300540,2,19,0,12,12,1,5,0,0,0,1,0,0,0,1,1,1,1,1,63,9,1560,2,3,PEUGEOT PARTNER,3,E01021845,0,-1
2021520201224,2021,520201224,1,19,0,18,19,2,6,0,0,0,1,0,0,0,1,1,6,6,1,34,6,1200,1,3,PEUGEOT PARTNER,9,E01019949,0,-1
2021221094891,2021,221094891,1,9,0,18,19,8,4,0,0,0,5,0,1,4,1,1,2,2,1,38,7,1560,2,12,PEUGEOT PARTNER,5,E01009774,0,-1
2021991118045,2021,991118045,2,9,0,18,19,6,2,0,0,0,0,0,0,0,1,1,5,6,2,40,7,1560,2,3,PEUGEOT PARTNER,8,-1,0,-1
2021440485742,2021,440485742,1,19,0,17,19,6,2,0,0,0,0,0,1,4,1,1,6,6,1,36,7,1560,2,6,PEUGEOT PARTNER,9,E01023217,0,-1
2021231020293,2021,231020293,1,19,0,18,19,2,6,0,0,0,0,0,0,0,1,1,1,1,1,47,8,1560,2,5,PEUGEOT PARTNER,9,E01029860,0,-1
2021461116629,2021,461116629,2,19,0,4,4,1,5,0,0,1,0,0,0,0,2,1,6,6,1,57,9,1560,2,4,PEUGEOT PARTNER,5,E01020956,0,-1
2021501099714,2021,501099714,2,19,0,18,19,2,6,0,0,0,1,0,0,0,1,1,2,2,1,24,5,1560,2,11,PEUGEOT PARTNER,4,E01020334,0,-1
2021440148302,2021,440148302,2,19,0,18,19,1,5,0,0,8,0,0,0,0,1,1,1,1,1,36,7,1560,2,3,PEUGEOT PARTNER,1,E01017240,0,-1
2021010336982,2021,010336982,1,19,0,99,99,9,9,0,0,8,0,0,0,0,2,1,1,1,1,53,8,1560,2,9,PEUGEOT PARTNER,8,E01030840,0,-1
2021411064497,2021,411064497,1,19,0,18,19,1,5,0,0,5,0,0,0,0,3,1,1,1,1,40,7,1560,2,4,PEUGEOT PARTNER,6,E01023314,0,-1
2021991066684,2021,991066684,1,19,0,3,3,3,7,0,0,1,0,0,0,0,1,1,1,1,1,42,7,1560,2,3,PEUGEOT PARTNER,8,-1,0,-1
2021440139005,2021,440139005,2,19,0,17,19,2,7,0,0,0,0,0,0,0,3,1,6,6,1,20,4,1560,2,8,PEUGEOT PARTNER,8,E01022591,0,-1
2021471036984,2021,471036984,1,19,0,18,19,7,3,0,0,0,0,0,0,0,4,1,1,1,1,50,8,1997,2,16,PEUGEOT PARTNER,9,E01031489,0,-1
2021201028488,2021,201028488,1,19,0,18,19,4,8,0,0,4,0,0,0,0,1,1,6,6,1,55,8,1560,2,2,PEUGEOT PARTNER,2,E01010239,0,-1
2021501113554,2021,501113554,1,19,0,18,19,2,4,0,0,0,0,4,4,6,1,1,1,1,1,69,10,1560,2,4,PEUGEOT PARTNER,3,E01015769,0,-1
2021421021280,2021,421021280,2,19,0,3,3,7,3,0,0,0,0,0,0,0,2,1,2,2,1,46,8,1560,2,3,PEUGEOT PARTNER,8,E01023627,0,-1
2021141073281,2021,141073281,1,19,0,18,19,5,1,0,0,8,0,0,0,0,1,1,1,1,1,47,8,1560,2,3,PEUGEOT PARTNER,1,E01007367,0,-1
2021010326077,2021,010326077,2,19,0,2,2,0,0,0,0,0,0,0,0,0,3,1,6,6,3,-1,-1,1560,2,2,PEUGEOT PARTNER,-1,-1,0,-1
2021211088270,2021,211088270,2,19,0,18,19,5,1,0,0,0,1,0,0,0,1,1,1,1,1,54,8,1868,2,18,PEUGEOT PARTNER,2,E01010446,0,-1
2021061026759,2021,061026759,1,19,0,5,5,5,1,0,0,1,0,0,0,0,2,1,2,2,1,55,8,1560,2,5,PEUGEOT PARTNER,1,E01005112,0,-1
2021991074383,2021,991074383,2,19,0,3,3,6,2,0,0,0,0,0,0,0,2,1,2,2,1,66,10,1560,2,6,PEUGEOT PARTNER,8,-1,0,-1
2021471063204,2021,471063204,1,19,0,18,19,3,7,0,0,1,0,0,0,0,1,1,6,6,3,45,7,1560,2,13,PEUGEOT PARTNER,3,E01021065,0,-1
2021101074155,2021,101074155,2,19,0,10,10,4,1,0,0,1,0,7,0,0,2,1,2,2,1,59,9,1498,2,1,PEUGEOT PARTNER,10,E01020603,0,-1
2021161035414,2021,161035414,1,19,0,4,4,3,7,0,0,0,0,0,0,0,2,1,6,6,2,54,8,1560,2,7,PEUGEOT PARTNER,1,E01012846,0,-1
2021471042923,2021,471042923,1,9,0,9,9,2,8,0,0,2,0,0,0,0,4,1,1,1,1,36,7,-1,-1,-1,PEUGEOT PARTNER,4,E01020935,0,-1
2021031063290,2021,031063290,1,19,0,18,19,6,3,0,0,0,0,0,0,0,1,1,2,2,1,58,9,1498,2,0,PEUGEOT PARTNER,3,E01019184,0,-1
2021552100532,2021,552100532,1,19,0,18,19,8,4,0,0,0,5,0,7,11,1,1,1,1,1,68,10,1560,2,3,PEUGEOT PARTNER,3,E01015442,0,-1
202131D098321,2021,31D098321,3,19,0,2,2,0,0,9,9,0,0,0,0,0,1,1,6,6,1,36,7,1560,2,10,PEUGEOT PARTNER,7,E01028124,0,-1
2021041120076,2021,041120076,1,9,0,1,1,7,3,0,0,1,0,4,0,0,2,1,6,6,3,-1,-1,1560,2,2,PEUGEOT PARTNER,-1,-1,0,-1
2021052102168,2021,052102168,2,19,0,18,19,2,6,0,0,8,0,0,0,0,1,1,1,1,1,50,8,1498,2,1,PEUGEOT PARTNER,1,E01006632,0,-1
2021451023462,2021,451023462,1,19,0,16,19,8,4,0,0,0,0,0,0,0,4,1,2,2,1,21,5,1560,2,9,PEUGEOT PARTNER,8,E01030479,0,-1
2021101033085,2021,101033085,2,19,0,9,9,5,1,0,0,0,1,0,0,0,2,1,5,6,2,42,7,1560,2,7,PEUGEOT PARTNER,6,E01027479,0,-1
2021991032774,2021,991032774,1,19,0,17,19,1,5,0,0,0,1,0,0,0,4,1,1,1,1,51,8,1560,2,2,PEUGEOT PARTNER,-1,-1,0,-1
2021351080675,2021,351080675,1,9,0,18,19,-1,-1,0,0,1,0,0,0,0,1,1,6,6,3,-1,-1,1997,2,18,PEUGEOT PARTNER,-1,-1,0,-1
2021061112151,2021,061112151,1,19,0,3,3,1,5,0,0,8,0,0,0,0,2,1,1,1,1,36,7,1598,1,7,PEUGEOT PARTNER,3,E01005441,0,-1
2021361090947,2021,361090947,1,19,0,9,9,3,1,0,0,8,0,0,0,0,1,1,1,1,1,39,7,1560,2,4,PEUGEOT PARTNER,1,E01026800,0,-1
2021440083120,2021,440083120,1,19,0,12,12,6,2,0,0,0,0,0,0,0,1,1,1,1,1,31,6,1560,2,9,PEUGEOT PARTNER,4,E01017074,0,-1
2021421048190,2021,421048190,2,19,0,18,19,2,6,0,0,0,0,0,0,0,2,1,1,1,1,34,6,1560,2,9,PEUGEOT PARTNER,8,E01021671,0,-1
2021351105964,2021,351105964,1,19,0,5,5,2,6,0,0,0,0,0,0,0,4,1,1,1,1,35,6,1560,2,6,PEUGEOT PARTNER,10,E01018251,0,-1
2021010306904,2021,010306904,1,19,0,18,19,1,5,0,0,0,0,0,0,0,3,1,1,1,1,40,7,1560,2,2,PEUGEOT PARTNER,4,E01022523,0,-1
2021010325130,2021,010325130,1,19,0,9,9,5,4,0,0,1,0,0,0,0,1,1,1,1,1,40,7,1560,2,2,PEUGEOT PARTNER,2,E01032265,0,-1
2021461110890,2021,461110890,2,19,0,18,19,5,1,0,0,0,0,0,0,0,1,1,6,6,1,59,9,1560,2,14,PEUGEOT PARTNER,3,E01024149,0,-1
2021101065171,2021,101065171,4,21,0,5,5,7,3,0,0,1,0,0,0,0,2,1,6,6,1,49,8,-1,-1,-1,PEUGEOT PARTNER,8,E01008469,0,-1
2021010345520,2021,010345520,3,19,0,3,3,5,1,0,0,1,0,0,0,0,2,1,6,6,1,43,7,1200,1,2,PEUGEOT PARTNER,3,E01000111,0,-1
2021501040792,2021,501040792,2,19,0,18,19,5,1,0,0,6,0,0,0,0,2,1,6,6,1,51,8,1560,2,4,PEUGEOT PARTNER,6,E01018752,0,-1
2021221120867,2021,221120867,2,19,0,18,19,8,4,0,0,8,0,0,0,0,1,1,2,2,1,28,6,1560,2,7,PEUGEOT PARTNER,8,E01028981,0,-1
2021351022720,2021,351022720,1,19,0,18,19,7,3,0,0,1,0,0,0,0,2,1,6,6,2,-1,-1,1560,2,6,PEUGEOT PARTNER,1,E01026704,0,-1
2021411042910,2021,411042910,1,19,0,5,5,8,4,0,0,0,0,0,0,0,1,1,6,6,3,-1,-1,1560,2,2,PEUGEOT PARTNER,-1,-1,0,-1
2021461066122,2021,461066122,1,9,0,18,19,1,5,0,0,0,0,0,0,0,1,1,6,6,1,-1,-1,-1,-1,-1,PEUGEOT PARTNER,-1,-1,0,-1
2021471019529,2021,471019529,1,19,0,18,19,8,4,0,0,0,0,0,0,0,1,1,1,1,1,55,8,1560,2,4,PEUGEOT PARTNER,4,E01004187,0,-1
2021421056064,2021,421056064,2,19,0,12,12,6,3,0,0,0,0,0,0,0,1,1,2,2,1,60,9,1560,2,5,PEUGEOT PARTNER,6,E01022002,0,-1
202134WNC1791,2021,34WNC1791,1,19,0,18,19,1,5,0,0,1,0,0,0,0,1,1,1,1,1,32,6,1500,2,1,PEUGEOT PARTNER,4,E01015578,0,-1
2021201152030,2021,201152030,2,19,0,2,2,0,0,0,0,0,0,0,0,0,2,1,6,6,1,-1,-1,1560,2,6,PEUGEOT PARTNER,-1,-1,0,-1
202163D030421,2021,63D030421,1,19,0,5,5,6,4,0,0,6,0,0,0,0,3,1,1,1,1,-1,-1,1560,2,3,PEUGEOT PARTNER,3,W01000499,0,-1
2021101111265,2021,101111265,2,19,0,2,2,4,8,0,0,0,0,0,0,0,3,1,6,6,1,64,9,1498,2,0,PEUGEOT PARTNER,-1,-1,0,-1
2021052100627,2021,052100627,1,9,0,18,19,3,7,0,0,1,0,4,0,0,1,1,6,6,2,63,9,1997,2,17,PEUGEOT PARTNER,4,E01006681,0,-1
2021451018511,2021,451018511,2,19,0,18,19,1,5,0,0,0,0,0,0,0,4,1,1,1,1,43,7,1560,2,6,PEUGEOT PARTNER,10,E01031720,0,-1