collision_index,collision_year,collision_ref_no,vehicle_reference,vehicle_type,towing_and_articulation,vehicle_manoeuvre_historic,vehicle_manoeuvre,vehicle_direction_from,vehicle_direction_to,vehicle_location_restricted_lane_historic,vehicle_location_restricted_lane,junction_location,skidding_and_overturning,hit_object_in_carriageway,vehicle_leaving_carriageway,hit_object_off_carriageway,first_point_of_impact,vehicle_left_hand_drive,journey_purpose_of_driver_historic,journey_purpose_of_driver,sex_of_driver,age_of_driver,age_band_of_driver,engine_capacity_cc,propulsion_code,age_of_vehicle,generic_make_model,driver_imd_decile,lsoa_of_driver,escooter_flag,driver_distance_banding
2021010336171,2021,010336171,2,9,0,99,99,9,9,99,99,9,9,99,9,99,9,9,6,6,3,-1,-1,998,1,8,TOYOTA AYGO,-1,-1,0,-1
2021544514221,2021,544514221,1,9,0,1,1,4,8,0,0,0,0,0,0,0,2,1,6,6,2,66,10,998,1,4,TOYOTA AYGO,6,E01015587,0,-1
2021501074939,2021,501074939,2,9,0,18,19,3,7,0,0,1,0,0,0,0,1,1,6,6,2,19,4,998,1,13,TOYOTA AYGO,4,E01018968,0,-1
2021351128618,2021,351128618,1,9,0,18,19,4,8,0,0,1,0,0,0,0,2,1,6,6,2,27,6,998,1,5,TOYOTA AYGO,6,E01017967,0,-1
2021010318809,2021,010318809,1,9,0,10,10,5,3,0,0,8,0,0,0,0,3,1,1,1,2,31,6,998,1,6,TOYOTA AYGO,2,E01002765,0,-1
2021101052332,2021,101052332,1,9,0,18,19,7,3,0,0,2,1,0,7,0,1,1,1,1,2,62,9,998,1,8,TOYOTA AYGO,8,E01008553,0,-1
2021361039301,2021,361039301,1,9,0,7,7,3,5,0,0,0,0,0,1,1,1,1,5,6,2,87,11,998,1,5,TOYOTA AYGO,4,E01026792,0,-1
2021122101256,2021,122101256,1,9,0,2,2,0,0,0,0,0,0,0,7,2,3,1,6,6,2,75,10,998,1,6,TOYOTA AYGO,10,E01011570,0,-1
2021070582529,2021,070582529,2,9,0,5,5,7,5,0,0,6,0,10,0,0,4,1,6,6,1,70,10,998,1,2,TOYOTA AYGO,6,E01018713,0,-1
2021010337685,2021,010337685,1,9,0,18,19,1,5,0,0,1,0,0,0,0,1,1,2,2,1,60,9,998,1,10,TOYOTA AYGO,2,E01000730,0,-1
2021061093406,2021,061093406,1,9,0,10,10,1,1,0,0,1,0,0,0,0,1,1,6,6,1,32,6,998,1,14,TOYOTA AYGO,3,E01006106,0,-1
2021501051178,2021,501051178,1,9,0,18,19,3,7,0,0,4,0,0,0,0,1,1,6,6,3,-1,-1,998,1,4,TOYOTA AYGO,-1,-1,0,-1
2021010308078,2021,010308078,1,9,0,4,4,1,5,0,0,1,0,0,0,0,1,1,2,2,2,26,6,998,1,5,TOYOTA AYGO,6,E01016248,0,-1
2021041089773,2021,041089773,1,9,0,9,9,1,5,0,0,1,0,0,0,0,1,1,5,6,2,51,8,998,1,11,TOYOTA AYGO,1,E01012736,0,-1
202106K078864,2021,06K078864,2,9,0,4,4,4,8,0,0,0,0,0,0,0,2,1,6,6,2,63,9,998,1,15,TOYOTA AYGO,1,E01004926,0,-1
2021010303752,2021,010303752,1,9,0,18,19,7,3,0,0,4,0,0,0,0,4,1,2,2,2,41,7,998,1,0,TOYOTA AYGO,5,E01023936,0,-1
2021430495343,2021,430495343,2,9,0,18,19,6,2,0,0,8,0,0,0,0,3,1,6,6,2,54,8,998,1,0,TOYOTA AYGO,6,E01028671,0,-1
202131D048621,2021,31D048621,1,9,0,18,19,6,2,0,0,8,0,0,7,0,4,1,6,6,1,31,6,998,1,15,TOYOTA AYGO,5,E01019658,0,-1
2021430551393,2021,430551393,2,9,0,18,19,4,8,0,0,0,5,0,0,0,4,1,6,6,2,64,9,998,1,9,TOYOTA AYGO,6,E01016813,0,-1
2021122101297,2021,122101297,1,9,0,9,9,3,1,0,0,8,0,0,0,0,0,1,6,6,1,83,11,998,1,3,TOYOTA AYGO,8,E01027668,0,-1
2021451065383,2021,451065383,1,9,0,18,19,7,3,0,0,0,1,0,0,0,1,1,5,6,1,22,5,998,1,2,TOYOTA AYGO,10,E01030487,0,-1
2021101125579,2021,101125579,1,9,0,1,1,3,7,0,0,0,0,0,7,10,2,1,5,6,2,58,9,998,1,4,TOYOTA AYGO,9,E01008328,0,-1
2021041100436,2021,041100436,2,9,0,18,19,7,3,0,0,1,0,0,0,0,1,1,5,6,2,20,4,998,1,2,TOYOTA AYGO,2,E01025006,0,-1
2021010298816,2021,010298816,2,9,0,9,9,3,1,0,0,5,0,0,0,0,3,1,6,6,1,40,7,998,1,5,TOYOTA AYGO,5,E01033030,0,-1
2021991126464,2021,991126464,1,9,0,15,15,3,7,0,0,1,0,0,0,0,1,1,5,6,2,44,7,998,1,6,TOYOTA AYGO,3,-1,0,-1
2021161042872,2021,161042872,2,9,0,18,19,5,1,0,0,1,0,0,0,0,1,1,6,6,2,-1,-1,998,1,14,TOYOTA AYGO,-1,-1,0,-1
2021371100150,2021,371100150,2,9,0,-1,-1,-1,-1,-1,-1,0,-1,-1,-1,0,-1,1,1,1,2,47,8,998,1,2,TOYOTA AYGO,7,E01029870,0,-1
2021991081874,2021,991081874,2,9,0,18,19,4,7,0,0,0,0,0,0,0,1,1,6,6,2,69,10,998,1,6,TOYOTA AYGO,9,-1,0,-1
2021061134059,2021,061134059,2,9,0,18,19,1,1,0,0,8,0,0,0,0,1,1,6,6,1,70,10,998,1,12,TOYOTA AYGO,3,E01005139,0,-1
2021201134342,2021,201134342,2,9,0,18,19,3,7,0,0,8,0,10,1,5,1,1,6,6,1,50,8,998,1,3,TOYOTA AYGO,5,E01009719,0,-1
2021411059639,2021,411059639,2,9,0,3,3,1,3,0,0,0,0,0,0,0,2,1,5,6,2,47,8,998,1,4,TOYOTA AYGO,4,E01023781,0,-1
2021061093658,2021,061093658,1,9,0,17,19,4,8,0,0,1,0,0,0,0,4,1,6,6,2,63,9,998,1,13,TOYOTA AYGO,1,E01005552,0,-1
2021010351587,2021,010351587,1,9,0,99,99,9,9,99,99,9,9,99,9,99,2,9,2,2,2,28,6,998,1,2,TOYOTA AYGO,2,E01001692,0,-1
2021010321717,2021,010321717,2,9,0,99,99,9,9,99,99,9,9,99,9,99,9,9,6,6,3,-1,-1,998,1,7,TOYOTA AYGO,-1,-1,0,-1
2021041074697,2021,041074697,1,9,0,5,5,5,1,0,0,1,0,0,0,0,2,1,5,6,2,69,10,998,1,8,TOYOTA AYGO,9,E01025488,0,-1
2021122101352,2021,122101352,2,9,0,16,19,5,8,0,0,0,0,0,0,0,1,1,6,6,2,20,4,998,1,6,TOYOTA AYGO,6,E01027569,0,-1
2021052102732,2021,052102732,3,9,0,3,3,8,4,0,0,0,0,0,0,0,2,1,6,6,2,23,5,998,1,7,TOYOTA AYGO,1,E01006612,0,-1
2021201077268,2021,201077268,3,9,0,3,3,2,6,0,0,0,0,0,0,0,2,1,6,6,2,61,9,998,1,11,TOYOTA AYGO,2,E01010449,0,-1
2021471102499,2021,471102499,1,9,0,17,19,6,4,0,0,0,0,0,1,0,1,1,2,2,2,59,9,998,1,10,TOYOTA AYGO,1,E01020985,0,-1
2021061112357,2021,061112357,1,9,0,18,19,3,7,0,0,0,5,0,7,10,4,1,5,6,2,51,8,998,1,14,TOYOTA AYGO,2,E01005950,0,-1
2021141050116,2021,141050116,1,9,0,9,9,8,6,0,0,1,0,0,0,0,1,1,5,6,2,74,10,998,1,9,TOYOTA AYGO,2,E01011104,0,-1
2021101026567,2021,101026567,2,9,0,18,19,5,1,0,0,0,0,0,0,0,2,1,6,6,2,25,5,998,1,15,TOYOTA AYGO,8,E01008370,0,-1
2021131091952,2021,131091952,2,9,0,5,5,1,1,0,0,0,0,0,0,0,1,1,1,1,1,47,8,998,1,11,TOYOTA AYGO,7,E01011396,0,-1
2021041030613,2021,041030613,1,9,0,18,19,3,7,0,0,0,0,0,1,0,1,1,2,2,2,64,9,998,1,11,TOYOTA AYGO,6,E01025002,0,-1
2021231037698,2021,231037698,1,9,0,16,19,3,6,0,0,8,0,0,7,1,1,1,5,6,2,50,8,998,1,2,TOYOTA AYGO,4,E01031008,0,-1
2021201149049,2021,201149049,1,9,0,4,4,7,3,0,0,0,0,0,0,0,0,1,6,6,1,-1,-1,998,1,15,TOYOTA AYGO,1,E01008906,0,-1
2021010323940,2021,010323940,1,9,0,99,99,9,9,99,99,9,9,99,9,99,1,9,6,6,3,75,10,998,1,2,TOYOTA AYGO,3,E01001501,0,-1
2021351106691,2021,351106691,2,9,0,-1,-1,1,3,-1,-1,-1,-1,-1,-1,0,-1,1,6,6,1,20,4,998,1,13,TOYOTA AYGO,2,E01015632,0,-1
2021430076020,2021,430076020,1,9,0,1,1,1,5,0,0,6,0,0,0,0,2,1,6,6,1,80,11,998,1,2,TOYOTA AYGO,10,E01028695,0,-1
2021101092930,2021,101092930,2,9,0,9,9,2,7,0,0,5,0,0,0,0,0,1,6,6,2,41,7,998,1,13,TOYOTA AYGO,2,E01008694,0,-1
2021010335110,2021,010335110,1,9,0,3,3,1,5,0,0,1,0,0,0,0,2,1,6,6,2,63,9,998,1,6,TOYOTA AYGO,5,E01000240,0,-1
2021221041382,2021,221041382,1,9,0,18,19,1,5,0,0,0,1,4,0,0,1,1,5,6,1,30,6,998,1,12,TOYOTA AYGO,2,E01032307,0,-1
2021070895928,2021,070895928,3,9,0,3,3,5,1,0,0,1,0,0,0,0,2,1,2,2,2,54,8,998,1,5,TOYOTA AYGO,6,E01006900,0,-1
2021061098177,2021,061098177,1,9,0,5,5,1,1,0,0,0,0,0,0,0,1,1,6,6,2,30,6,998,1,5,TOYOTA AYGO,2,E01033686,0,-1
2021141104823,2021,141104823,1,9,0,5,5,3,1,0,0,6,0,0,0,0,1,1,6,6,2,71,10,998,1,4,TOYOTA AYGO,7,E01007423,0,-1
2021010328557,2021,010328557,2,9,0,99,99,9,9,99,99,9,9,99,9,99,1,9,6,6,3,-1,-1,998,1,1,TOYOTA AYGO,-1,-1,0,-1
2021010287803,2021,010287803,3,9,0,2,2,0,0,0,0,0,0,0,0,0,1,1,6,6,3,-1,-1,998,1,15,TOYOTA AYGO,-1,-1,0,-1
2021131117398,2021,131117398,1,9,0,9,9,1,7,0,0,2,0,0,0,0,1,1,5,6,1,20,4,998,1,4,TOYOTA AYGO,3,E01011478,0,-1
2021501120382,2021,501120382,2,9,0,17,19,7,3,0,0,0,0,0,0,0,1,1,5,6,2,48,8,998,1,4,TOYOTA AYGO,8,E01019929,0,-1
2021201023508,2021,201023508,1,9,0,14,14,2,5,0,0,0,0,0,0,0,1,1,1,1,1,47,8,998,1,2,TOYOTA AYGO,3,E01028449,0,-1
2021451064518,2021,451064518,2,9,0,18,19,7,3,0,0,1,0,0,1,4,1,1,5,6,2,82,11,998,1,9,TOYOTA AYGO,4,E01030676,0,-1
2021451026086,2021,451026086,1,9,0,5,5,1,5,0,0,0,0,0,0,0,3,1,5,6,2,19,4,998,1,5,TOYOTA AYGO,9,E01016531,0,-1
2021201078159,2021,201078159,1,9,0,18,19,2,6,0,0,1,0,0,0,0,4,1,6,6,2,20,4,998,1,4,TOYOTA AYGO,9,E01010346,0,-1
2021161037445,2021,161037445,1,9,0,18,19,3,7,0,0,0,0,0,0,0,1,1,1,1,2,20,4,998,1,7,TOYOTA AYGO,6,E01027881,0,-1
2021041089335,2021,041089335,2,9,0,18,19,1,5,0,0,0,0,0,0,0,2,1,5,6,2,44,7,998,1,15,TOYOTA AYGO,7,E01025565,0,-1
202131B193521,2021,31B193521,1,9,0,18,19,4,8,0,0,1,0,0,0,0,1,1,6,6,2,19,4,998,1,7,TOYOTA AYGO,4,E01028041,0,-1
2021122100485,2021,122100485,2,9,0,2,2,0,0,0,0,0,0,0,0,0,0,1,4,7,2,18,4,998,1,4,TOYOTA AYGO,7,E01027646,0,-1
2021461032877,2021,461032877,2,9,0,2,2,0,0,0,0,0,0,0,0,0,2,1,5,6,2,41,7,998,1,15,TOYOTA AYGO,1,E01024390,0,-1
2021010323666,2021,010323666,1,9,0,99,99,9,9,99,99,9,9,99,9,99,1,9,6,6,2,33,6,998,1,7,TOYOTA AYGO,6,E01003398,0,-1
2021461128529,2021,461128529,1,9,0,5,5,7,3,0,0,6,0,0,0,0,1,1,5,6,2,69,10,998,1,6,TOYOTA AYGO,9,E01016090,0,-1
2021361093577,2021,361093577,2,9,0,7,7,4,8,0,0,3,0,0,0,0,2,1,1,1,1,53,8,998,1,3,TOYOTA AYGO,7,E01026914,0,-1
2021131038966,2021,131038966,1,9,0,18,19,3,7,0,0,0,0,0,0,0,4,1,5,6,2,26,6,998,1,12,TOYOTA AYGO,1,E01010663,0,-1
2021440186532,2021,440186532,2,9,0,3,3,6,2,0,0,1,0,0,0,0,2,1,6,6,2,36,7,998,1,2,TOYOTA AYGO,10,E01022691,0,-1
2021451078359,2021,451078359,2,9,0,18,19,1,1,0,0,8,0,0,0,0,1,1,5,6,2,67,10,998,1,3,TOYOTA AYGO,7,E01030576,0,-1
2021131120746,2021,131120746,1,9,0,18,19,5,1,0,0,8,0,0,0,0,1,1,2,2,2,30,6,998,1,5,TOYOTA AYGO,2,E01011235,0,-1
2021010313513,2021,010313513,1,9,0,9,9,8,6,1,1,1,0,0,0,0,3,1,6,6,2,27,6,998,1,5,TOYOTA AYGO,5,E01003340,0,-1
2021131120939,2021,131120939,2,9,0,18,19,5,1,0,0,1,0,0,0,0,1,1,6,6,2,21,5,998,1,13,TOYOTA AYGO,1,E01010625,0,-1
2021471101636,2021,471101636,3,9,0,18,19,3,7,0,0,0,0,0,0,0,2,1,2,2,2,30,6,998,1,3,TOYOTA AYGO,6,E01031796,0,-1
2021201099646,2021,201099646,1,9,0,18,19,5,1,0,0,0,0,0,0,0,1,1,6,6,1,26,6,998,1,9,TOYOTA AYGO,2,E01009405,0,-1
2021010313697,2021,010313697,1,9,0,99,99,9,9,99,99,9,9,99,9,99,9,9,2,2,2,42,7,998,1,9,TOYOTA AYGO,-1,-1,0,-1
2021211193840,2021,211193840,1,9,0,9,9,3,1,0,0,1,0,0,0,0,3,1,6,6,1,54,8,998,1,11,TOYOTA AYGO,4,E01029578,0,-1
2021010341580,2021,010341580,2,9,0,16,19,1,5,0,0,8,0,4,0,0,1,1,6,6,2,49,8,998,1,11,TOYOTA AYGO,2,E01003258,0,-1
2021122100830,2021,122100830,1,9,0,7,7,7,1,0,0,8,0,0,0,0,1,1,6,6,1,33,6,998,1,12,TOYOTA AYGO,9,E01013395,0,-1
2021430231061,2021,430231061,1,9,0,18,19,6,2,0,0,0,0,0,0,0,1,1,2,2,2,22,5,998,1,7,TOYOTA AYGO,10,E01022893,0,-1
2021010297325,2021,010297325,1,9,9,99,99,9,9,99,99,9,9,99,9,99,9,9,6,6,3,26,6,998,1,4,TOYOTA AYGO,2,E01001464,0,-1
2021471106216,2021,471106216,1,9,0,18,19,6,2,0,0,0,0,0,0,0,1,1,6,6,2,24,5,998,1,13,TOYOTA AYGO,5,E01021195,0,-1
2021122101133,2021,122101133,1,9,0,18,19,1,5,0,0,0,0,0,5,6,1,1,6,6,2,36,7,998,1,2,TOYOTA AYGO,6,E01016348,0,-1
2021531065584,2021,531065584,1,9,0,18,19,7,3,0,0,0,0,0,0,0,4,1,5,6,2,19,4,998,1,12,TOYOTA AYGO,6,E01022234,0,-1
2021549001221,2021,549001221,1,9,0,18,19,1,5,0,0,4,0,9,7,1,3,1,6,6,2,79,11,998,1,10,TOYOTA AYGO,5,E01032111,0,-1
2021010343961,2021,010343961,1,9,0,17,19,1,6,0,0,6,0,0,0,0,4,1,6,6,1,28,6,998,1,13,TOYOTA AYGO,7,E01002197,0,-1
2021440239397,2021,440239397,2,9,0,12,12,3,1,0,0,8,0,0,0,0,1,1,6,6,2,51,8,998,1,2,TOYOTA AYGO,4,E01022973,0,-1
2021471016081,2021,471016081,1,9,0,18,19,4,8,0,0,0,0,0,0,0,1,1,6,6,2,84,11,998,1,9,TOYOTA AYGO,9,E01021085,0,-1
2021041022818,2021,041022818,2,9,0,18,19,1,1,0,0,0,0,4,0,0,4,1,5,6,2,80,11,998,1,13,TOYOTA AYGO,-1,-1,0,-1
2021231091425,2021,231091425,3,9,0,4,4,6,2,0,0,0,0,0,0,0,2,1,2,2,2,27,6,998,1,3,TOYOTA AYGO,8,E01025839,0,-1
2021522104360,2021,522104360,1,9,0,11,11,7,2,0,0,8,0,0,0,0,3,1,6,6,1,78,11,998,1,7,TOYOTA AYGO,4,E01014500,0,-1
2021302102015,2021,302102015,1,9,0,18,19,4,8,0,0,0,0,0,0,0,1,1,2,2,1,32,6,998,1,6,TOYOTA AYGO,7,E01019460,0,-1
2021451082233,2021,451082233,1,9,0,18,19,1,5,0,0,1,5,0,1,1,1,1,5,6,2,25,5,998,1,2,TOYOTA AYGO,7,E01016197,0,-1
2021041056202,2021,041056202,2,9,0,18,19,5,1,0,0,2,0,0,0,0,2,1,5,6,2,19,4,998,1,15,TOYOTA AYGO,7,E01025565,0,-1
2021221042395,2021,221042395,1,9,0,18,19,1,5,0,0,0,1,0,0,0,1,1,5,6,2,67,10,998,1,11,TOYOTA AYGO,7,E01007201,0,-1
2021522200174,2021,522200174,2,9,0,3,3,4,2,0,0,0,0,0,0,0,2,1,6,6,2,53,8,998,1,5,TOYOTA AYGO,4,W01000922,0,-1
202134WNC5191,2021,34WNC5191,2,9,0,18,19,5,1,0,0,8,0,0,0,0,3,1,6,6,2,60,9,998,1,8,TOYOTA AYGO,8,E01026990,0,-1
2021061030594,2021,061030594,2,9,0,18,19,1,1,0,0,0,0,0,0,0,1,1,6,6,2,21,5,998,1,10,TOYOTA AYGO,5,E01012729,0,-1
2021131116429,2021,131116429,2,9,0,18,19,1,5,0,0,0,0,0,0,0,2,1,2,2,1,23,5,998,1,4,TOYOTA AYGO,6,E01011525,0,-1
2021070289461,2021,070289461,1,9,0,9,9,5,3,0,0,8,0,0,0,0,1,1,6,6,2,52,8,998,1,1,TOYOTA AYGO,10,E01018491,0,-1
2021411044488,2021,411044488,2,9,0,18,19,7,3,0,0,0,1,0,1,0,1,1,5,6,1,18,4,998,1,13,TOYOTA AYGO,3,E01000287,0,-1
2021010331111,2021,010331111,1,9,0,9,9,3,1,0,0,6,0,0,0,0,1,1,6,6,1,26,6,998,1,5,TOYOTA AYGO,2,E01004403,0,-1
2021361079841,2021,361079841,2,9,0,16,19,2,6,0,0,0,0,0,0,0,1,1,1,1,2,51,8,998,1,1,TOYOTA AYGO,6,E01026457,0,-1
2021101101203,2021,101101203,1,9,0,18,19,7,3,0,0,1,0,0,0,0,1,1,6,6,2,78,11,998,1,0,TOYOTA AYGO,-1,-1,0,-1
2021421130891,2021,421130891,1,9,0,18,19,7,3,0,0,0,0,0,0,0,1,1,6,6,2,39,7,998,1,15,TOYOTA AYGO,6,E01002260,0,-1
2021201098262,2021,201098262,3,9,0,2,2,0,0,0,0,1,0,0,0,0,1,1,5,6,2,34,6,998,1,8,TOYOTA AYGO,-1,-1,0,-1
2021471058040,2021,471058040,1,9,0,18,19,7,3,0,0,2,0,0,0,0,2,1,5,6,2,48,8,998,1,5,TOYOTA AYGO,8,E01021061,0,-1
2021451052010,2021,451052010,1,9,0,18,19,4,8,0,0,4,1,0,0,0,1,1,5,6,1,23,5,998,1,1,TOYOTA AYGO,3,E01016921,0,-1
2021501127501,2021,501127501,5,9,0,2,2,0,0,0,0,0,0,0,0,0,1,1,5,6,3,-1,-1,998,1,2,TOYOTA AYGO,-1,-1,0,-1
2021991018864,2021,991018864,1,9,0,9,9,7,5,0,0,8,0,0,3,0,1,1,2,2,2,52,8,998,1,2,TOYOTA AYGO,5,-1,0,-1
2021111131116,2021,111131116,2,9,0,10,10,4,2,0,0,1,0,0,0,0,2,1,3,7,2,50,8,998,1,4,TOYOTA AYGO,5,E01020706,0,-1
2021451056862,2021,451056862,2,9,0,7,7,2,8,0,0,3,0,0,0,0,3,2,5,6,1,77,11,998,1,14,TOYOTA AYGO,10,E01030998,0,-1
2021991079226,2021,991079226,1,9,0,9,9,8,6,0,0,1,5,0,0,0,1,1,5,6,2,77,11,998,1,7,TOYOTA AYGO,4,-1,0,-1
2021201078533,2021,201078533,2,9,0,18,19,5,1,0,0,1,0,0,0,0,2,1,6,6,2,42,7,998,1,6,TOYOTA AYGO,1,E01009769,0,-1
2021201177517,2021,201177517,1,9,0,9,9,5,3,0,0,6,0,0,0,0,1,1,1,1,1,49,8,998,1,2,TOYOTA AYGO,2,E01009393,0,-1
2021471127637,2021,471127637,1,9,0,18,19,2,6,0,0,1,0,0,0,0,1,1,5,6,2,19,4,998,1,14,TOYOTA AYGO,9,E01030835,0,-1
2021421050196,2021,421050196,3,9,0,3,3,3,7,0,0,0,0,0,0,0,2,1,6,6,1,29,6,998,1,13,TOYOTA AYGO,8,E01022091,0,-1
2021010297986,2021,010297986,2,9,0,9,9,2,7,0,0,8,0,0,0,0,3,1,6,6,2,21,5,998,1,9,TOYOTA AYGO,-1,-1,0,-1
2021201087031,2021,201087031,1,9,0,13,13,2,6,0,0,8,5,0,0,0,1,1,6,6,1,32,6,998,1,0,TOYOTA AYGO,5,E01010460,0,-1
2021070149097,2021,070149097,1,9,0,18,19,3,7,0,0,8,0,0,6,6,3,1,6,6,2,19,4,998,1,12,TOYOTA AYGO,3,E01014334,0,-1
2021302102087,2021,302102087,1,9,0,16,19,8,4,0,0,0,2,0,2,4,1,1,6,6,2,18,4,998,1,15,TOYOTA AYGO,6,E01019594,0,-1
2021041033381,2021,041033381,2,9,0,18,19,2,6,0,0,1,0,0,7,0,1,1,2,2,2,30,6,998,1,7,TOYOTA AYGO,2,E01025245,0,-1
2021010336136,2021,010336136,1,9,0,7,7,7,1,0,0,8,0,0,0,0,1,1,6,6,1,25,5,998,1,11,TOYOTA AYGO,3,E01004656,0,-1
2021461127036,2021,461127036,1,9,0,17,19,5,2,0,0,0,5,11,0,0,1,1,6,6,2,21,5,998,1,15,TOYOTA AYGO,8,E01024545,0,-1
2021531125011,2021,531125011,2,9,0,18,19,6,2,0,0,0,0,0,0,0,1,1,5,6,2,51,8,998,1,5,TOYOTA AYGO,4,E01022151,0,-1
2021430524196,2021,430524196,1,9,0,18,19,1,5,0,0,8,0,0,0,0,1,1,6,6,1,41,7,998,1,4,TOYOTA AYGO,4,E01016716,0,-1
2021461025418,2021,461025418,1,9,0,5,5,1,5,0,0,4,0,0,0,0,4,1,6,6,2,77,11,998,1,14,TOYOTA AYGO,9,E01024369,0,-1
2021440023753,2021,440023753,1,9,0,18,19,8,4,0,0,0,0,0,0,0,1,1,6,6,2,59,9,998,1,11,TOYOTA AYGO,9,E01022692,0,-1
2021320064217,2021,320064217,1,9,0,18,19,7,3,0,0,0,2,0,7,0,0,1,2,2,1,18,4,998,1,14,TOYOTA AYGO,1,E01026083,0,-1
2021501104575,2021,501104575,3,9,0,4,4,3,7,0,0,0,0,0,0,0,2,1,2,2,2,57,9,998,1,1,TOYOTA AYGO,4,E01018757,0,-1
2021351027069,2021,351027069,1,9,0,7,7,5,3,0,0,2,0,0,0,0,1,1,2,2,2,52,8,998,1,4,TOYOTA AYGO,9,E01018027,0,-1
2021061065840,2021,061065840,1,9,-1,18,19,3,7,0,0,1,0,0,0,0,-1,1,3,7,2,34,6,998,1,1,TOYOTA AYGO,1,E01005707,0,-1
2021471112293,2021,471112293,1,9,0,18,19,4,8,0,0,1,0,0,0,0,4,1,2,2,2,40,7,998,1,13,TOYOTA AYGO,9,E01024799,0,-1
202134NNC6151,2021,34NNC6151,1,9,0,7,7,5,1,0,0,3,0,0,0,0,1,1,2,2,2,37,7,998,1,13,TOYOTA AYGO,5,E01027113,0,-1
2021991049391,2021,991049391,4,9,0,2,2,0,0,0,0,2,0,0,0,0,2,1,6,6,3,-1,-1,998,1,11,TOYOTA AYGO,-1,-1,0,-1
2021041105821,2021,041105821,1,9,0,9,9,4,6,0,0,1,0,0,0,0,3,2,5,6,2,47,8,998,1,1,TOYOTA AYGO,9,E01025126,0,-1
2021010290093,2021,010290093,1,9,0,18,19,7,3,0,0,1,0,0,0,0,1,1,6,6,2,68,10,998,1,1,TOYOTA AYGO,7,E01002301,0,-1
2021471075254,2021,471075254,2,9,0,9,9,7,5,0,0,8,0,0,0,0,2,1,5,6,2,21,5,998,1,1,TOYOTA AYGO,7,E01021130,0,-1
2021522102572,2021,522102572,1,9,0,18,19,5,1,0,0,8,0,0,0,0,4,1,6,6,2,17,4,998,1,7,TOYOTA AYGO,10,E01014666,0,-1
2021041180676,2021,041180676,1,9,0,18,19,3,7,0,0,4,0,0,0,0,1,1,6,6,2,-1,-1,998,1,16,TOYOTA AYGO,1,E01005483,0,-1
202154A733821,2021,54A733821,1,9,0,9,9,5,3,0,0,6,0,0,0,0,3,1,1,1,2,19,4,998,1,14,TOYOTA AYGO,5,E01031952,0,-1
2021401040397,2021,401040397,1,9,0,4,4,8,2,0,0,0,0,0,0,0,1,1,5,6,1,40,7,998,1,6,TOYOTA AYGO,1,E01015699,0,-1
2021471117611,2021,471117611,2,9,0,18,19,5,1,0,0,8,0,0,0,0,4,1,5,6,2,78,11,998,1,6,TOYOTA AYGO,9,E01016999,0,-1
2021010308167,2021,010308167,1,9,0,15,15,5,1,0,0,1,0,0,0,0,4,1,6,6,1,74,10,998,1,1,TOYOTA AYGO,3,E01033583,0,-1
2021451068228,2021,451068228,2,9,0,2,2,0,0,0,0,0,0,0,1,0,2,1,6,6,3,-1,-1,998,1,1,TOYOTA AYGO,-1,-1,0,-1
2021101117549,2021,101117549,2,9,0,3,3,8,4,0,0,0,0,0,0,0,2,1,6,6,2,29,6,998,1,2,TOYOTA AYGO,8,E01027499,0,-1
202134WNC2231,2021,34WNC2231,2,9,0,18,19,1,5,0,0,0,0,0,0,0,3,1,1,1,1,20,4,998,1,2,TOYOTA AYGO,4,E01028554,0,-1
2021161026493,2021,161026493,1,9,0,4,4,3,7,0,0,0,0,0,0,0,0,1,6,6,2,-1,-1,998,1,4,TOYOTA AYGO,3,E01013286,0,-1
202131C020721,2021,31C020721,1,9,0,18,19,1,5,0,0,0,0,0,0,0,1,1,6,6,1,84,11,998,1,2,TOYOTA AYGO,4,E01013889,0,-1
2021411035412,2021,411035412,1,9,0,5,5,1,5,0,0,0,0,0,0,0,1,1,6,6,1,49,8,998,1,8,TOYOTA AYGO,8,E01023298,0,-1
2021430474963,2021,430474963,2,9,0,5,5,2,6,0,0,0,0,0,0,0,1,1,6,6,2,70,10,998,1,0,TOYOTA AYGO,-1,-1,0,-1
2021501111064,2021,501111064,1,9,0,18,19,4,8,0,0,0,0,4,0,0,1,1,5,6,2,30,6,998,1,10,TOYOTA AYGO,3,E01020272,0,-1
2021440217625,2021,440217625,1,9,0,9,9,4,1,0,0,6,0,0,0,0,3,1,6,6,2,75,10,998,1,3,TOYOTA AYGO,10,E01022877,0,-1
2021461120441,2021,461120441,1,9,0,7,7,3,5,0,0,3,0,7,0,0,3,1,2,2,2,45,7,998,1,13,TOYOTA AYGO,10,E01032828,0,-1
2021401020576,2021,401020576,1,9,0,14,14,1,5,0,0,1,1,4,0,0,1,1,5,6,2,62,9,998,1,11,TOYOTA AYGO,5,E01017388,0,-1
2021010289872,2021,010289872,2,9,0,9,9,1,7,0,0,1,0,0,0,0,1,1,2,2,2,24,5,998,1,13,TOYOTA AYGO,2,E01004013,0,-1
2021231031938,2021,231031938,2,9,0,18,19,5,1,0,0,3,0,0,0,0,4,1,5,6,2,23,5,998,1,4,TOYOTA AYGO,2,E01009630,0,-1
2021471073486,2021,471073486,2,9,0,17,19,7,3,0,0,8,0,0,0,0,3,1,5,6,2,30,6,998,1,4,TOYOTA AYGO,3,E01013971,0,-1
2021010338316,2021,010338316,2,9,0,18,19,7,3,0,0,8,0,0,0,0,1,1,6,6,1,71,10,998,1,5,TOYOTA AYGO,8,E01000212,0,-1