collision_index,collision_year,collision_ref_no,vehicle_reference,vehicle_type,towing_and_articulation,vehicle_manoeuvre_historic,vehicle_manoeuvre,vehicle_direction_from,vehicle_direction_to,vehicle_location_restricted_lane_historic,vehicle_location_restricted_lane,junction_location,skidding_and_overturning,hit_object_in_carriageway,vehicle_leaving_carriageway,hit_object_off_carriageway,first_point_of_impact,vehicle_left_hand_drive,journey_purpose_of_driver_historic,journey_purpose_of_driver,sex_of_driver,age_of_driver,age_band_of_driver,engine_capacity_cc,propulsion_code,age_of_vehicle,generic_make_model,driver_imd_decile,lsoa_of_driver,escooter_flag,driver_distance_banding
2021131038321,2021,131038321,2,9,0,18,19,5,1,6,6,0,0,0,0,0,1,1,2,2,1,47,8,998,1,4,TOYOTA AYGO,9,E01011385,0,-1
2021010306208,2021,010306208,1,9,0,5,5,4,8,0,0,8,0,0,0,0,1,1,6,6,2,50,8,998,1,6,TOYOTA AYGO,6,E01017827,0,-1
2021451050551,2021,451050551,2,9,0,18,19,1,5,0,0,0,0,0,0,0,2,1,5,6,1,25,5,998,1,5,TOYOTA AYGO,9,E01030639,0,-1
2021141063377,2021,141063377,1,9,0,15,15,2,6,0,0,3,0,0,0,0,4,1,5,6,2,20,4,998,1,3,TOYOTA AYGO,2,E01007804,0,-1
2021010309197,2021,010309197,2,9,0,99,99,9,9,99,99,9,9,99,9,99,9,9,6,6,3,-1,-1,998,1,7,TOYOTA AYGO,-1,-1,0,-1
2021471060931,2021,471060931,2,9,0,18,19,3,7,0,0,8,0,0,7,11,1,1,5,6,2,75,10,998,1,3,TOYOTA AYGO,5,E01031373,0,-1
2021131125962,2021,131125962,1,9,0,18,19,5,1,0,0,0,0,0,0,0,4,1,1,1,1,54,8,998,1,8,TOYOTA AYGO,1,E01010659,0,-1
2021061126404,2021,061126404,2,9,0,9,9,7,5,0,0,1,0,0,0,0,0,1,6,6,2,30,6,998,1,7,TOYOTA AYGO,10,E01004807,0,-1
2021520201337,2021,520201337,1,9,0,8,8,5,1,0,0,8,0,0,0,0,2,1,6,6,2,25,5,998,1,5,TOYOTA AYGO,3,E01029233,0,-1
2021201070013,2021,201070013,2,9,0,18,19,5,1,0,0,8,0,0,0,0,4,1,6,6,1,85,11,998,1,10,TOYOTA AYGO,2,E01009994,0,-1
2021201034789,2021,201034789,1,9,0,18,19,-1,-1,0,0,8,0,0,0,0,4,1,6,6,3,-1,-1,998,1,15,TOYOTA AYGO,-1,-1,0,-1
2021061039433,2021,061039433,6,9,0,2,2,1,5,0,0,8,0,0,0,0,1,1,6,6,3,30,6,998,1,8,TOYOTA AYGO,7,E01004933,0,-1
2021161032464,2021,161032464,2,9,0,2,2,0,0,0,0,0,0,0,0,0,3,1,6,6,1,46,8,998,1,5,TOYOTA AYGO,-1,-1,0,-1
2021010332367,2021,010332367,1,9,0,6,6,3,3,0,0,1,0,0,0,0,3,1,6,6,2,41,7,998,1,4,TOYOTA AYGO,6,E01001619,0,-1
20211382P0499,2021,1382P0499,1,9,0,7,7,3,5,0,0,5,0,0,0,0,1,1,6,6,1,20,4,998,1,13,TOYOTA AYGO,2,E01027909,0,-1
2021061052409,2021,061052409,1,9,0,7,7,7,2,0,0,0,0,0,0,0,2,1,6,6,2,42,7,998,1,10,TOYOTA AYGO,5,E01004899,0,-1
2021061053702,2021,061053702,2,9,0,10,10,7,5,0,0,1,0,0,0,0,2,1,5,6,2,31,6,998,1,13,TOYOTA AYGO,6,E01005711,0,-1
2021421103909,2021,421103909,3,9,0,2,2,3,7,0,0,1,0,0,0,0,3,1,6,6,3,-1,-1,998,1,15,TOYOTA AYGO,-1,-1,0,-1
2021041106137,2021,041106137,1,9,0,16,19,5,7,0,0,6,0,0,0,0,4,1,5,6,2,79,11,998,1,9,TOYOTA AYGO,9,E01025453,0,-1
2021170H10491,2021,170H10491,1,9,0,18,19,5,1,0,0,0,0,0,0,0,1,1,6,6,1,19,4,998,1,5,TOYOTA AYGO,2,E01011949,0,-1
2021401103472,2021,401103472,2,9,0,18,19,1,5,0,0,0,0,0,0,0,3,1,6,6,2,33,6,998,1,12,TOYOTA AYGO,10,E01017371,0,-1
2021501040899,2021,501040899,2,9,0,9,9,8,6,0,0,1,0,0,0,0,3,1,6,6,2,63,9,998,1,13,TOYOTA AYGO,4,E01020328,0,-1
2021101035975,2021,101035975,1,9,0,18,19,7,3,0,0,0,0,0,0,0,3,1,5,6,1,74,10,998,1,10,TOYOTA AYGO,9,E01027491,0,-1
2021211095700,2021,211095700,2,9,0,3,3,1,6,0,0,0,0,0,3,0,2,1,6,6,2,70,10,998,1,8,TOYOTA AYGO,6,E01014215,0,-1
2021361061197,2021,361061197,1,9,0,5,5,6,2,0,0,4,0,0,0,0,3,1,5,6,1,78,11,998,1,1,TOYOTA AYGO,9,E01026916,0,-1
2021131112485,2021,131112485,1,9,0,9,9,7,1,0,0,1,0,0,0,0,1,1,1,1,2,20,4,998,1,11,TOYOTA AYGO,4,E01011799,0,-1
2021440167318,2021,440167318,2,9,0,4,4,6,8,0,0,1,0,0,0,0,2,1,6,6,2,37,7,998,1,13,TOYOTA AYGO,7,E01022795,0,-1
2021320705905,2021,320705905,1,9,0,18,19,4,8,0,0,0,0,0,0,0,1,1,6,6,2,68,10,998,1,5,TOYOTA AYGO,4,E01026169,0,-1
2021451064260,2021,451064260,1,9,0,9,9,1,6,0,0,0,0,0,0,0,4,1,5,6,2,19,4,998,1,5,TOYOTA AYGO,5,E01022937,0,-1
2021061072783,2021,061072783,2,9,0,18,19,3,7,0,0,8,0,0,1,10,4,1,6,6,2,76,11,998,1,1,TOYOTA AYGO,5,E01006129,0,-1
2021070220846,2021,070220846,1,9,0,18,19,3,7,0,0,0,0,4,0,0,1,1,6,6,2,69,10,998,1,8,TOYOTA AYGO,1,E01012546,0,-1
2021031159763,2021,031159763,2,9,0,17,19,7,3,0,0,0,0,0,7,0,4,1,5,6,2,26,6,998,1,7,TOYOTA AYGO,-1,-1,0,-1
2021161117243,2021,161117243,1,9,0,14,14,7,3,0,0,0,0,4,0,0,1,1,5,6,1,79,11,998,1,2,TOYOTA AYGO,5,E01013082,0,-1
202163C012521,2021,63C012521,1,9,0,7,7,7,2,0,0,6,0,0,8,10,1,1,6,6,1,89,11,998,1,7,TOYOTA AYGO,4,W01000602,0,-1
2021440155304,2021,440155304,1,9,0,18,19,6,2,0,0,0,0,0,0,0,4,1,6,6,2,21,5,998,1,11,TOYOTA AYGO,10,E01022854,0,-1
2021430022136,2021,430022136,1,9,0,3,3,3,7,0,0,0,0,0,0,0,2,1,1,1,2,24,5,998,1,6,TOYOTA AYGO,2,E01002664,0,-1
2021170M31281,2021,170M31281,2,9,0,18,19,5,1,0,0,8,0,0,1,10,1,1,6,6,2,41,7,998,1,3,TOYOTA AYGO,2,E01012031,0,-1
2021141054744,2021,141054744,2,9,0,18,19,8,4,0,0,1,0,0,0,0,1,1,1,1,2,30,6,998,1,1,TOYOTA AYGO,1,E01007736,0,-1
2021010309092,2021,010309092,1,9,0,17,19,1,7,0,0,1,0,0,0,0,1,1,6,6,1,30,6,998,1,13,TOYOTA AYGO,2,E01001014,0,-1
2021010296283,2021,010296283,3,9,0,4,4,1,8,0,0,1,0,99,0,0,2,9,6,6,1,43,7,998,1,1,TOYOTA AYGO,4,E01000588,0,-1
2021010308562,2021,010308562,1,9,0,99,99,9,9,99,99,9,9,99,9,99,9,9,6,6,2,27,6,998,1,2,TOYOTA AYGO,3,E01003734,0,-1
2021440077000,2021,440077000,1,9,0,18,19,3,7,0,0,0,0,0,4,6,3,1,2,2,1,36,7,998,1,9,TOYOTA AYGO,8,E01032843,0,-1
2021101101329,2021,101101329,2,9,0,2,2,0,0,0,0,0,0,0,0,0,2,1,5,6,2,-1,-1,998,1,6,TOYOTA AYGO,2,E01008662,0,-1
2021010351121,2021,010351121,2,9,9,99,99,9,9,99,99,9,9,99,9,99,1,9,6,6,3,-1,-1,998,1,4,TOYOTA AYGO,-1,-1,0,-1
2021501096590,2021,501096590,1,9,0,15,15,7,3,0,0,0,0,0,0,0,4,1,1,1,1,29,6,998,1,15,TOYOTA AYGO,6,E01020227,0,-1
2021131116357,2021,131116357,2,9,0,9,9,8,4,0,0,6,0,0,0,0,3,1,3,7,1,18,4,998,1,4,TOYOTA AYGO,1,E01011094,0,-1
2021552100930,2021,552100930,1,9,0,18,19,7,3,0,0,0,0,0,7,11,1,1,6,6,1,88,11,998,1,11,TOYOTA AYGO,10,E01015396,0,-1
2021201025007,2021,201025007,1,9,0,13,13,4,8,0,0,0,1,0,0,0,3,1,6,6,3,-1,-1,998,1,14,TOYOTA AYGO,-1,-1,0,-1
2021201071898,2021,201071898,1,9,0,3,3,2,6,0,0,1,0,0,0,0,1,1,6,6,2,48,8,998,1,5,TOYOTA AYGO,1,E01033632,0,-1
2021122200147,2021,122200147,1,9,0,10,10,3,5,0,0,6,0,0,0,0,1,1,6,6,2,75,10,998,1,6,TOYOTA AYGO,10,E01027879,0,-1
2021991027942,2021,991027942,1,9,0,16,19,7,3,0,0,0,1,0,7,0,3,1,6,6,1,47,8,998,1,3,TOYOTA AYGO,8,-1,0,-1
2021522102939,2021,522102939,1,9,0,18,19,1,5,0,0,0,0,0,0,0,1,1,6,6,2,33,6,998,1,14,TOYOTA AYGO,9,E01014550,0,-1
2021061103916,2021,061103916,3,9,0,4,4,5,2,0,0,1,0,0,0,0,2,1,5,6,2,40,7,998,1,4,TOYOTA AYGO,8,E01006067,0,-1
2021361084182,2021,361084182,2,9,0,9,9,7,6,0,0,1,0,0,0,0,2,1,5,6,2,49,8,998,1,14,TOYOTA AYGO,9,E01026422,0,-1
2021430336705,2021,430336705,1,9,0,18,19,8,4,0,0,0,0,0,0,0,4,1,6,6,2,-1,-1,998,1,4,TOYOTA AYGO,7,E01015490,0,-1
2021320175968,2021,320175968,2,9,0,16,19,4,8,0,0,0,5,0,0,0,1,1,6,6,2,51,8,998,1,5,TOYOTA AYGO,7,E01026392,0,-1
2021061038038,2021,061038038,1,9,0,10,10,7,3,0,0,1,0,0,0,0,2,1,5,6,1,33,6,998,1,4,TOYOTA AYGO,2,E01005280,0,-1
202134NNC1961,2021,34NNC1961,2,9,0,18,19,4,8,0,0,3,0,0,0,0,2,1,6,6,1,40,7,998,1,10,TOYOTA AYGO,4,E01017475,0,-1
2021010295721,2021,010295721,1,9,0,99,99,9,9,99,99,9,9,99,9,99,9,9,6,6,2,63,9,998,1,9,TOYOTA AYGO,5,E01001881,0,-1
2021010312280,2021,010312280,2,9,0,3,3,5,1,99,99,9,9,99,0,0,9,1,6,6,1,-1,-1,998,1,12,TOYOTA AYGO,3,E01004274,0,-1
202131C183221,2021,31C183221,2,9,0,9,9,4,2,0,0,6,0,0,0,0,3,1,1,1,2,46,8,998,1,8,TOYOTA AYGO,10,E01028415,0,-1
2021461124587,2021,461124587,1,9,0,9,9,5,1,0,0,1,0,0,0,0,1,1,5,6,2,21,5,998,1,14,TOYOTA AYGO,2,E01024584,0,-1
2021302101106,2021,302101106,1,9,0,18,19,2,6,0,0,4,0,0,0,0,3,1,6,6,1,26,6,998,1,13,TOYOTA AYGO,4,E01013515,0,-1
2021421066244,2021,421066244,1,9,0,18,19,7,3,0,0,0,0,0,0,0,3,1,5,6,2,95,11,998,1,4,TOYOTA AYGO,8,E01022057,0,-1
2021010323304,2021,010323304,1,9,0,9,9,7,5,9,9,5,0,0,0,0,4,1,6,6,2,56,9,998,1,10,TOYOTA AYGO,2,E01001340,0,-1
2021401093660,2021,401093660,1,9,0,5,5,6,2,0,0,1,0,0,0,0,1,1,3,7,1,32,6,998,1,4,TOYOTA AYGO,7,E01017516,0,-1
2021201146049,2021,201146049,1,9,0,18,19,8,4,0,0,0,0,0,0,0,1,1,6,6,2,26,6,998,1,8,TOYOTA AYGO,10,E01010176,0,-1
2021201065716,2021,201065716,1,9,0,11,11,5,1,0,0,0,0,0,0,0,1,1,6,6,2,60,9,998,1,7,TOYOTA AYGO,1,E01009258,0,-1
2021010293675,2021,010293675,1,9,0,18,19,1,5,0,0,1,5,0,0,0,2,1,6,6,1,21,5,998,1,5,TOYOTA AYGO,3,E01004432,0,-1
2021471036574,2021,471036574,2,9,0,4,4,6,2,0,0,0,0,0,0,0,2,1,6,6,2,64,9,998,1,2,TOYOTA AYGO,2,E01016906,0,-1
2021131118461,2021,131118461,1,9,0,9,9,1,1,0,0,8,0,0,0,0,1,1,5,6,2,67,10,998,1,12,TOYOTA AYGO,2,E01011915,0,-1
2021622100581,2021,622100581,1,9,0,5,5,5,1,0,0,8,0,0,3,11,1,1,6,6,2,72,10,998,1,15,TOYOTA AYGO,3,W01000945,0,-1
2021501115329,2021,501115329,2,9,0,5,5,3,6,0,0,1,0,0,0,0,1,1,1,1,1,19,4,998,1,10,TOYOTA AYGO,5,E01015163,0,-1
2021122100580,2021,122100580,1,9,0,5,5,7,1,0,0,1,0,0,1,11,1,1,6,6,2,85,11,998,1,6,TOYOTA AYGO,8,E01027695,0,-1
2021461030529,2021,461030529,1,9,0,9,9,1,5,0,0,1,0,0,7,0,4,1,2,2,1,49,8,998,1,2,TOYOTA AYGO,5,E01016165,0,-1
2021010292827,2021,010292827,2,9,0,17,19,7,3,0,0,0,0,0,0,0,1,1,6,6,1,47,8,998,1,6,TOYOTA AYGO,10,E01023949,0,-1
2021351125278,2021,351125278,1,9,0,16,19,8,2,0,0,6,0,0,7,0,1,1,5,6,2,80,11,998,1,15,TOYOTA AYGO,10,E01018262,0,-1
2021010292628,2021,010292628,2,9,0,99,99,9,9,99,99,9,9,99,9,99,9,9,6,6,3,-1,-1,998,1,14,TOYOTA AYGO,-1,-1,0,-1
2021211111714,2021,211111714,2,9,0,18,19,7,3,0,0,0,5,11,0,0,2,1,6,6,1,37,7,998,1,6,TOYOTA AYGO,10,E01014182,0,-1
2021440339323,2021,440339323,1,9,0,9,9,6,4,0,0,1,0,0,0,0,4,1,6,6,2,50,8,998,1,2,TOYOTA AYGO,9,E01020372,0,-1
2021411042820,2021,411042820,1,9,0,7,7,7,1,0,0,5,0,0,0,0,3,1,2,2,1,35,6,998,1,14,TOYOTA AYGO,7,E01023618,0,-1
2021141031135,2021,141031135,2,9,0,18,19,4,8,0,0,0,1,0,0,0,1,1,2,2,2,32,6,998,1,7,TOYOTA AYGO,8,E01007983,0,-1
2021501064932,2021,501064932,2,9,0,18,19,5,1,0,0,1,0,0,0,0,1,1,6,6,2,80,11,998,1,1,TOYOTA AYGO,5,E01019021,0,-1
2021320421907,2021,320421907,2,9,0,2,2,0,0,9,9,1,0,0,0,0,1,1,6,6,3,-1,-1,998,1,15,TOYOTA AYGO,-1,-1,0,-1
2021131112225,2021,131112225,1,9,0,-1,-1,-1,-1,-1,-1,-1,-1,-1,-1,-1,-1,1,6,6,3,-1,-1,998,1,3,TOYOTA AYGO,-1,-1,0,-1
2021361085972,2021,361085972,1,9,0,9,9,3,1,0,0,1,1,0,0,0,1,1,2,2,2,21,5,998,1,14,TOYOTA AYGO,8,E01026480,0,-1
2021440514321,2021,440514321,2,9,0,9,9,8,6,0,0,5,0,0,0,0,1,1,6,6,2,22,5,998,1,12,TOYOTA AYGO,2,E01022833,0,-1
2021421094629,2021,421094629,2,9,0,3,3,6,2,0,0,0,0,0,0,0,2,1,2,2,2,28,6,998,1,14,TOYOTA AYGO,2,E01003591,0,-1
2021991081737,2021,991081737,2,9,0,18,19,7,3,0,0,1,0,0,0,0,1,1,5,6,2,55,8,998,1,7,TOYOTA AYGO,5,-1,0,-1
202131C154021,2021,31C154021,3,9,0,2,2,0,0,0,0,0,0,0,0,0,3,1,6,6,3,-1,-1,998,1,3,TOYOTA AYGO,-1,-1,0,-1
2021411070079,2021,411070079,1,9,0,18,19,4,8,0,0,0,0,0,0,0,1,1,6,6,2,-1,-1,998,1,11,TOYOTA AYGO,10,E01023812,0,-1
2021991086824,2021,991086824,2,9,0,2,2,0,0,6,6,0,0,0,0,0,1,1,6,6,3,-1,-1,998,1,7,TOYOTA AYGO,-1,-1,0,-1
2021302100222,2021,302100222,1,9,0,18,19,8,4,0,0,0,0,0,0,0,3,1,6,6,1,50,8,998,1,7,TOYOTA AYGO,1,E01013591,0,-1
2021991101810,2021,991101810,1,9,0,13,13,5,5,0,0,0,0,0,4,0,4,1,2,2,2,23,5,998,1,2,TOYOTA AYGO,-1,-1,0,-1
2021411049161,2021,411049161,1,9,0,18,19,1,5,0,0,1,0,0,0,0,3,1,2,2,2,38,7,998,1,3,TOYOTA AYGO,4,E01000313,0,-1
2021501131938,2021,501131938,3,9,0,3,3,0,0,0,0,1,0,0,0,0,4,1,6,6,1,64,9,998,1,0,TOYOTA AYGO,9,E01015105,0,-1
202134NNC3091,2021,34NNC3091,1,9,0,7,7,1,3,0,0,5,0,0,0,0,1,1,6,6,2,19,4,998,1,11,TOYOTA AYGO,6,E01027079,0,-1
2021201032913,2021,201032913,2,9,0,3,3,6,2,0,0,1,0,0,0,0,2,1,6,6,1,-1,-1,998,1,9,TOYOTA AYGO,-1,-1,0,-1
2021101041152,2021,101041152,2,9,0,9,9,8,6,0,0,1,0,0,0,0,2,1,1,1,2,19,4,998,1,6,TOYOTA AYGO,1,E01008746,0,-1
2021131120887,2021,131120887,2,9,0,18,19,8,1,0,0,0,0,0,0,0,1,1,2,2,2,56,9,998,1,2,TOYOTA AYGO,6,E01011877,0,-1
2021440429339,2021,440429339,1,9,0,18,19,2,6,0,0,8,0,0,7,1,1,1,2,2,2,26,6,998,1,13,TOYOTA AYGO,9,E01023227,0,-1
2021522103408,2021,522103408,1,9,0,3,3,2,6,0,0,8,0,0,0,0,4,1,6,6,2,22,5,998,1,8,TOYOTA AYGO,2,E01014630,0,-1
2021131119732,2021,131119732,2,9,0,18,19,3,7,0,0,1,1,0,0,0,1,1,6,6,2,59,9,998,1,9,TOYOTA AYGO,1,E01011922,0,-1
2021041055288,2021,041055288,2,9,0,18,19,5,1,0,0,0,0,0,0,0,2,1,2,2,2,35,6,998,1,5,TOYOTA AYGO,4,E01024919,0,-1
202106A079805,2021,06A079805,1,9,0,10,10,5,3,0,0,1,0,0,0,0,2,1,6,6,2,44,7,998,1,1,TOYOTA AYGO,1,E01005067,0,-1
2021211112426,2021,211112426,1,9,0,18,19,7,3,0,0,0,0,0,1,7,1,1,1,1,2,28,6,998,1,6,TOYOTA AYGO,1,E01014261,0,-1
2021010343837,2021,010343837,1,9,0,99,99,9,9,99,99,9,9,99,9,99,1,9,6,6,2,48,8,998,1,0,TOYOTA AYGO,8,E01000116,0,-1
2021010328315,2021,010328315,2,9,0,7,7,1,3,0,0,0,0,0,1,0,1,1,6,6,1,20,4,998,1,9,TOYOTA AYGO,-1,-1,0,-1
2021421105675,2021,421105675,2,9,0,18,19,8,5,0,0,1,0,0,0,0,3,1,5,6,1,79,11,998,1,12,TOYOTA AYGO,3,E01022047,0,-1
2021141012930,2021,141012930,1,9,0,9,9,1,7,0,0,8,0,0,0,0,3,1,6,6,1,50,8,998,1,11,TOYOTA AYGO,1,E01007913,0,-1
2021461071017,2021,461071017,2,9,0,18,19,7,3,0,0,1,0,0,0,0,3,1,6,6,2,50,8,998,1,0,TOYOTA AYGO,5,E01024788,0,-1
2021141019636,2021,141019636,1,9,0,18,19,6,2,0,0,1,0,0,0,0,1,1,6,6,1,44,7,998,1,1,TOYOTA AYGO,2,E01007495,0,-1
2021010299970,2021,010299970,1,9,0,99,99,9,9,0,0,0,0,0,0,0,2,1,6,6,2,52,8,998,1,3,TOYOTA AYGO,5,E01004127,0,-1
2021010319223,2021,010319223,1,9,0,99,99,9,9,99,99,9,9,99,9,99,2,9,6,6,1,30,6,998,1,8,TOYOTA AYGO,3,E01004430,0,-1
2021010341459,2021,010341459,2,9,0,99,99,9,9,99,99,9,9,99,9,99,4,9,6,6,1,-1,-1,998,1,6,TOYOTA AYGO,3,E01003960,0,-1
2021010337808,2021,010337808,1,9,0,99,99,9,9,99,99,0,9,99,9,99,9,9,6,6,1,36,7,998,1,13,TOYOTA AYGO,4,E01000260,0,-1
2021451024508,2021,451024508,3,9,0,2,2,0,0,6,6,2,0,0,0,0,1,1,6,6,3,-1,-1,998,1,7,TOYOTA AYGO,-1,-1,0,-1
2021201142160,2021,201142160,2,9,0,18,19,1,5,0,0,3,1,0,0,0,2,1,1,1,2,49,8,998,1,3,TOYOTA AYGO,1,E01009564,0,-1
2021010349132,2021,010349132,2,9,0,10,10,8,5,0,0,1,0,0,0,0,2,1,6,6,2,19,4,998,1,9,TOYOTA AYGO,6,E01001952,0,-1
2021430473479,2021,430473479,3,9,0,4,4,2,6,0,0,0,0,0,0,0,2,1,2,2,2,29,6,998,1,12,TOYOTA AYGO,7,E01016470,0,-1
202134WNC4381,2021,34WNC4381,2,9,0,18,19,2,6,0,0,0,0,0,0,0,3,1,6,6,2,55,8,998,1,0,TOYOTA AYGO,8,E01027024,0,-1
2021351034947,2021,351034947,1,9,0,18,19,5,1,0,0,0,0,0,1,0,1,1,6,6,2,77,11,998,1,6,TOYOTA AYGO,10,E01018175,0,-1
2021010351992,2021,010351992,1,9,0,99,99,9,9,99,99,9,9,99,9,99,9,9,6,6,2,37,7,998,1,7,TOYOTA AYGO,7,E01002136,0,-1
202131D084521,2021,31D084521,2,9,0,18,19,5,1,0,0,1,0,0,0,0,1,1,1,1,2,20,4,998,1,12,TOYOTA AYGO,9,E01027934,0,-1
2021461088727,2021,461088727,2,9,0,18,19,3,7,0,0,1,0,0,0,0,1,1,5,6,2,24,5,998,1,6,TOYOTA AYGO,8,E01024511,0,-1
2021430576337,2021,430576337,2,9,0,3,3,3,7,0,0,0,0,0,0,0,2,1,6,6,1,59,9,998,1,5,TOYOTA AYGO,10,E01028824,0,-1
2021501162423,2021,501162423,2,9,0,5,5,1,7,0,0,1,0,0,0,0,3,1,6,6,2,48,8,998,1,8,TOYOTA AYGO,5,E01015188,0,-1
2021101057378,2021,101057378,2,9,0,18,19,8,4,0,0,0,0,0,0,0,1,1,2,2,2,30,6,998,1,5,TOYOTA AYGO,1,E01008340,0,-1
202131B128821,2021,31B128821,3,9,0,4,4,4,8,0,0,1,0,0,0,0,2,1,6,6,2,61,9,998,1,1,TOYOTA AYGO,4,E01028185,0,-1
2021440256038,2021,440256038,2,9,0,18,19,1,5,0,0,0,0,0,0,0,2,1,2,2,2,58,9,998,1,1,TOYOTA AYGO,2,E01022818,0,-1
2021522104765,2021,522104765,1,9,0,18,19,1,5,0,0,0,0,0,0,0,2,1,6,6,2,62,9,998,1,1,TOYOTA AYGO,4,E01019455,0,-1
2021010347938,2021,010347938,2,9,0,18,19,5,1,0,0,9,9,0,0,0,1,9,6,6,2,-1,-1,998,1,8,TOYOTA AYGO,2,E01001579,0,-1
2021540616221,2021,540616221,2,9,0,18,19,0,0,0,0,8,0,0,0,0,1,1,2,2,1,51,8,998,1,7,TOYOTA AYGO,3,E01031911,0,-1
2021501110940,2021,501110940,2,9,0,3,3,7,3,0,0,0,0,0,0,0,2,1,5,6,2,21,5,998,1,2,TOYOTA AYGO,10,E01020165,0,-1
2021421063958,2021,421063958,1,9,0,18,19,3,2,9,9,2,0,0,1,2,1,1,2,2,2,28,6,998,1,12,TOYOTA AYGO,5,E01021522,0,-1
2021070799581,2021,070799581,1,9,0,18,19,2,6,0,0,0,0,0,0,0,1,1,1,1,2,31,6,998,1,12,TOYOTA AYGO,6,E01018394,0,-1
2021302101675,2021,302101675,1,9,0,9,9,7,4,0,0,0,0,0,0,0,4,1,6,6,3,-1,-1,998,1,6,TOYOTA AYGO,5,E01019456,0,-1
2021010335953,2021,010335953,2,9,0,2,2,0,0,0,0,1,0,0,1,11,3,1,6,6,3,-1,-1,998,1,0,TOYOTA AYGO,-1,-1,0,-1
2021010323152,2021,010323152,2,9,0,7,7,5,8,0,0,1,0,0,0,0,4,1,6,6,2,35,6,998,1,6,TOYOTA AYGO,7,E01003476,0,-1
2021552100895,2021,552100895,3,9,0,18,19,8,4,0,0,8,0,0,0,0,0,1,6,6,1,22,5,998,1,4,TOYOTA AYGO,6,E01015460,0,-1
2021131047605,2021,131047605,2,9,0,18,19,6,5,0,0,1,0,0,0,0,4,1,6,6,2,23,5,998,1,9,TOYOTA AYGO,2,E01011854,0,-1
2021440274789,2021,440274789,1,9,0,18,19,5,1,0,0,0,0,0,0,0,1,1,6,6,1,94,11,998,1,7,TOYOTA AYGO,4,E01017370,0,-1
2021201105902,2021,201105902,2,9,0,18,19,3,7,0,0,8,0,0,0,0,3,1,6,6,1,61,9,998,1,14,TOYOTA AYGO,5,E01010393,0,-1
2021401049085,2021,401049085,1,9,0,2,2,5,1,0,0,0,0,0,0,0,2,1,5,6,2,83,11,998,1,8,TOYOTA AYGO,5,E01015768,0,-1
2021451077956,2021,451077956,2,9,0,16,19,2,6,0,0,1,0,0,0,0,1,1,2,2,2,21,5,998,1,6,TOYOTA AYGO,9,E01030441,0,-1
2021440452023,2021,440452023,2,9,0,18,19,1,4,0,0,8,0,0,0,0,4,1,6,6,1,20,4,998,1,7,TOYOTA AYGO,1,E01032750,0,-1
2021552100915,2021,552100915,2,9,0,3,3,4,6,0,0,1,0,0,0,0,2,1,6,6,1,36,7,998,1,13,TOYOTA AYGO,2,E01015288,0,-1
2021461056209,2021,461056209,3,9,0,3,3,3,7,0,0,0,0,0,0,0,2,1,6,6,1,-1,-1,998,1,14,TOYOTA AYGO,-1,-1,0,-1
2021430230273,2021,430230273,1,9,0,9,9,3,8,0,0,8,0,0,0,0,3,1,6,6,2,63,9,998,1,8,TOYOTA AYGO,9,E01017417,0,-1
2021141088847,2021,141088847,1,9,0,18,19,2,1,0,0,0,0,0,0,0,4,1,6,6,1,29,6,998,1,2,TOYOTA AYGO,7,E01007582,0,-1
2021371134520,2021,371134520,1,9,0,5,5,1,5,0,0,4,0,0,0,0,1,1,5,6,1,29,6,998,1,7,TOYOTA AYGO,2,E01030246,0,-1
2021010347784,2021,010347784,1,9,0,18,19,7,3,0,0,0,0,0,0,0,4,1,6,6,2,50,8,998,1,5,TOYOTA AYGO,2,E01000289,0,-1
2021201145911,2021,201145911,2,9,0,9,9,1,7,0,0,6,0,0,0,0,3,1,6,6,3,41,7,998,1,15,TOYOTA AYGO,3,E01009660,0,-1
2021010316996,2021,010316996,1,9,0,3,3,3,7,0,0,1,9,0,0,99,2,9,6,6,1,37,7,998,1,6,TOYOTA AYGO,1,E01001356,0,-1
2021061086298,2021,061086298,1,9,0,9,9,6,4,0,0,1,0,0,0,0,3,1,6,6,2,63,9,998,1,9,TOYOTA AYGO,7,E01006231,0,-1
2021542256621,2021,542256621,1,9,0,9,9,7,5,0,0,0,0,0,0,0,3,1,6,6,2,59,9,998,1,4,TOYOTA AYGO,8,E01031932,0,-1
2021451011982,2021,451011982,1,9,0,5,5,2,4,0,0,4,0,0,0,0,1,1,5,6,2,37,7,998,1,6,TOYOTA AYGO,4,E01030503,0,-1
2021131120294,2021,131120294,1,9,0,9,9,3,1,0,0,2,0,0,0,0,3,1,5,6,1,21,5,998,1,6,TOYOTA AYGO,1,E01011339,0,-1
2021010303329,2021,010303329,1,9,0,99,99,9,9,99,99,9,9,99,9,99,9,9,6,6,2,87,11,998,1,6,TOYOTA AYGO,5,E01002011,0,-1
2021041128686,2021,041128686,1,9,0,18,19,5,1,0,0,0,0,0,0,0,1,1,5,6,1,79,11,998,1,7,TOYOTA AYGO,3,E01025578,0,-1
2021010303180,2021,010303180,1,9,0,99,99,9,9,99,99,9,9,99,9,99,1,9,6,6,1,25,5,998,1,6,TOYOTA AYGO,3,E01001177,0,-1
2021070424768,2021,070424768,2,9,0,3,3,5,1,0,0,2,0,0,0,0,2,1,6,6,2,56,9,998,1,0,TOYOTA AYGO,6,E01018617,0,-1
2021211070627,2021,211070627,1,9,0,14,14,8,3,0,0,0,0,0,0,0,1,1,6,6,1,74,10,998,1,3,TOYOTA AYGO,9,E01029675,0,-1