collision_index,collision_year,collision_ref_no,vehicle_reference,vehicle_type,towing_and_articulation,vehicle_manoeuvre_historic,vehicle_manoeuvre,vehicle_direction_from,vehicle_direction_to,vehicle_location_restricted_lane_historic,vehicle_location_restricted_lane,junction_location,skidding_and_overturning,hit_object_in_carriageway,vehicle_leaving_carriageway,hit_object_off_carriageway,first_point_of_impact,vehicle_left_hand_drive,journey_purpose_of_driver_historic,journey_purpose_of_driver,sex_of_driver,age_of_driver,age_band_of_driver,engine_capacity_cc,propulsion_code,age_of_vehicle,generic_make_model,driver_imd_decile,lsoa_of_driver,escooter_flag,driver_distance_banding
2021131053206,2021,131053206,2,9,0,2,2,0,0,0,0,1,0,0,0,0,2,1,6,6,3,-1,-1,998,1,12,TOYOTA AYGO,-1,-1,0,-1
2021031021593,2021,031021593,1,9,0,5,5,5,1,0,0,1,0,0,0,0,3,1,5,6,2,62,9,998,1,7,TOYOTA AYGO,8,E01019262,0,-1
2021451034410,2021,451034410,1,9,0,2,2,1,1,0,0,0,0,0,0,0,1,1,5,6,2,36,7,998,1,9,TOYOTA AYGO,9,E01016592,0,-1
2021010349442,2021,010349442,2,9,0,9,9,1,7,0,0,1,0,0,0,0,3,1,6,6,2,47,8,998,1,4,TOYOTA AYGO,5,E01000583,0,-1
2021010311697,2021,010311697,3,9,0,3,3,3,7,0,0,7,0,0,0,0,2,1,6,6,1,48,8,998,1,15,TOYOTA AYGO,4,E01003333,0,-1
2021311101331,2021,311101331,1,9,0,9,9,6,5,0,0,1,0,0,0,0,1,1,1,1,2,22,5,998,1,10,TOYOTA AYGO,9,E01033393,0,-1
2021010301250,2021,010301250,1,9,0,16,19,3,5,0,0,1,0,0,0,0,3,1,2,2,1,42,7,998,1,13,TOYOTA AYGO,3,E01001874,0,-1
2021501113599,2021,501113599,1,9,0,6,6,3,2,0,0,0,0,0,0,0,0,1,6,6,2,83,11,998,1,0,TOYOTA AYGO,6,E01020202,0,-1
2021461105373,2021,461105373,2,9,0,3,3,7,3,0,0,0,0,0,0,0,2,1,6,6,2,60,9,998,1,7,TOYOTA AYGO,1,E01024155,0,-1
202106X079688,2021,06X079688,2,9,0,18,19,8,4,0,0,0,0,0,0,0,2,1,6,6,1,26,6,998,1,5,TOYOTA AYGO,5,E01004831,0,-1
2021010348550,2021,010348550,1,9,0,7,7,1,3,0,0,5,1,0,1,0,2,1,2,2,2,51,8,998,1,2,TOYOTA AYGO,3,E01001324,0,-1
2021361065305,2021,361065305,2,9,0,18,19,2,6,0,0,8,0,0,0,0,4,1,6,6,2,28,6,998,1,5,TOYOTA AYGO,3,E01026747,0,-1
2021201131419,2021,201131419,3,9,0,7,7,4,8,0,0,6,1,0,0,0,1,1,6,6,1,35,6,998,1,7,TOYOTA AYGO,1,E01009364,0,-1
2021320649729,2021,320649729,1,9,0,18,19,3,7,0,0,0,0,0,0,0,1,1,1,1,1,40,7,998,1,6,TOYOTA AYGO,7,E01026275,0,-1
2021471106935,2021,471106935,1,9,0,18,19,1,5,0,0,0,0,0,0,0,3,1,2,2,2,25,5,998,1,7,TOYOTA AYGO,3,E01031609,0,-1
202131D058021,2021,31D058021,1,9,0,18,19,7,2,0,0,8,0,0,0,0,1,1,6,6,2,21,5,998,1,4,TOYOTA AYGO,6,E01028074,0,-1
2021141087623,2021,141087623,1,9,0,10,10,4,2,0,0,8,0,0,0,0,2,1,5,6,1,62,9,998,1,5,TOYOTA AYGO,2,E01008158,0,-1
2021010301773,2021,010301773,1,9,0,18,19,7,3,0,0,6,0,0,3,0,1,1,6,6,3,-1,-1,998,1,3,TOYOTA AYGO,-1,-1,0,-1
2021041050174,2021,041050174,1,9,0,9,9,6,2,0,0,8,0,0,0,0,4,1,1,1,1,19,4,998,1,3,TOYOTA AYGO,2,E01012630,0,-1
2021522103781,2021,522103781,1,9,0,4,4,5,1,0,0,0,0,0,0,0,2,1,6,6,2,20,4,998,1,4,TOYOTA AYGO,10,E01014995,0,-1
2021010351304,2021,010351304,1,9,0,18,19,7,3,0,0,0,0,0,1,4,4,1,6,6,2,22,5,998,1,0,TOYOTA AYGO,-1,-1,0,-1
2021101101894,2021,101101894,1,9,0,9,9,3,7,0,0,1,0,0,0,0,1,1,5,6,2,19,4,998,1,12,TOYOTA AYGO,6,E01020608,0,-1
2021522103237,2021,522103237,2,9,0,4,4,1,5,0,0,5,0,0,0,0,1,1,6,6,2,65,9,998,1,4,TOYOTA AYGO,-1,-1,0,-1
2021141091990,2021,141091990,1,9,0,7,7,5,7,0,0,2,1,0,1,4,3,1,6,6,1,38,7,998,1,5,TOYOTA AYGO,5,E01007746,0,-1
2021552101175,2021,552101175,4,9,0,16,19,7,3,0,0,0,0,0,0,0,2,1,6,6,2,26,6,998,1,14,TOYOTA AYGO,5,E01015375,0,-1
2021141054277,2021,141054277,1,9,0,18,19,7,3,0,0,0,0,0,0,0,1,1,1,1,1,34,6,998,1,5,TOYOTA AYGO,-1,-1,0,-1
2021041022949,2021,041022949,1,9,0,18,19,1,5,0,0,0,0,4,0,0,1,1,5,6,2,28,6,998,1,2,TOYOTA AYGO,1,E01025570,0,-1
2021302101251,2021,302101251,2,9,0,4,4,4,8,0,0,4,0,0,0,0,2,1,6,6,2,30,6,998,1,11,TOYOTA AYGO,8,E01019811,0,-1
2021622100899,2021,622100899,1,9,0,5,5,6,2,0,0,1,0,0,0,0,1,1,6,6,3,-1,-1,998,1,8,TOYOTA AYGO,-1,-1,0,-1
2021231108847,2021,231108847,2,9,0,4,4,5,1,0,0,8,0,0,0,0,2,1,5,6,1,74,10,998,1,6,TOYOTA AYGO,8,E01025810,0,-1
2021411085829,2021,411085829,2,9,0,17,19,7,3,0,0,2,0,0,0,0,3,1,6,6,1,48,8,998,1,10,TOYOTA AYGO,9,E01022073,0,-1
2021010316266,2021,010316266,1,9,0,18,19,5,1,0,0,0,0,0,0,0,4,1,2,2,2,24,5,998,1,6,TOYOTA AYGO,1,E01001790,0,-1
2021440191096,2021,440191096,2,9,0,18,19,7,3,0,0,1,0,0,0,0,4,1,6,6,2,74,10,998,1,7,TOYOTA AYGO,5,E01017317,0,-1
2021421074382,2021,421074382,2,9,0,15,15,1,5,0,0,0,0,0,0,0,1,1,1,1,2,19,4,998,1,9,TOYOTA AYGO,9,E01015883,0,-1
2021010305963,2021,010305963,1,9,0,18,19,1,5,0,0,0,0,0,0,0,1,1,6,6,2,19,4,998,1,1,TOYOTA AYGO,10,E01030396,0,-1
2021122100589,2021,122100589,2,9,0,2,2,0,0,0,0,0,0,0,0,0,2,1,6,6,3,-1,-1,998,1,6,TOYOTA AYGO,-1,-1,0,-1
2021010311754,2021,010311754,1,9,0,99,99,9,9,99,99,9,9,99,9,99,2,9,6,6,1,21,5,998,1,15,TOYOTA AYGO,2,E01003483,0,-1
2021501053785,2021,501053785,2,9,0,9,9,8,6,0,0,1,0,0,0,0,3,1,6,6,2,18,4,998,1,4,TOYOTA AYGO,4,E01015269,0,-1
2021201021683,2021,201021683,2,9,0,18,19,4,8,0,0,8,5,7,6,0,3,1,6,6,1,-1,-1,998,1,1,TOYOTA AYGO,-1,-1,0,-1
2021061137858,2021,061137858,1,9,0,18,19,8,4,0,0,8,0,0,0,0,4,1,6,6,1,21,5,1364,2,15,TOYOTA AYGO,1,E01004851,0,-1
2021010345242,2021,010345242,2,9,0,6,6,7,7,0,0,0,0,0,0,0,3,1,6,6,1,36,7,998,1,13,TOYOTA AYGO,6,E01003641,0,-1
2021221050069,2021,221050069,1,9,0,13,13,2,6,0,0,0,0,0,7,10,4,1,2,2,1,55,8,998,1,2,TOYOTA AYGO,7,E01028889,0,-1
2021451042747,2021,451042747,1,9,0,18,19,1,3,0,0,1,0,0,0,0,4,1,1,1,2,22,5,998,1,11,TOYOTA AYGO,8,E01030686,0,-1
2021552100623,2021,552100623,1,9,0,9,9,8,3,0,0,6,0,0,0,0,3,1,6,6,1,55,8,998,1,2,TOYOTA AYGO,9,E01015437,0,-1
2021430362046,2021,430362046,1,9,0,18,19,2,6,0,0,4,0,0,0,0,1,1,1,1,2,52,8,998,1,5,TOYOTA AYGO,3,E01016373,0,-1
2021101020146,2021,101020146,1,9,0,18,19,3,5,0,0,7,0,0,0,0,1,1,5,6,2,25,5,998,1,3,TOYOTA AYGO,7,E01008315,0,-1
2021371066218,2021,371066218,1,9,0,18,19,7,3,0,0,0,0,10,7,4,1,1,5,6,1,80,11,998,1,9,TOYOTA AYGO,5,E01033446,0,-1
2021361043583,2021,361043583,1,9,0,18,19,7,3,0,0,0,0,0,0,0,1,1,5,6,2,22,5,998,1,11,TOYOTA AYGO,5,E01026423,0,-1
2021471056598,2021,471056598,1,9,0,5,5,7,3,0,0,0,0,0,1,4,1,1,5,6,2,20,4,998,1,15,TOYOTA AYGO,10,E01031820,0,-1
2021161036547,2021,161036547,1,9,0,9,9,7,5,0,0,0,0,0,0,0,1,1,1,1,2,24,5,998,1,7,TOYOTA AYGO,4,E01013320,0,-1
2021131083928,2021,131083928,1,9,0,7,7,1,1,0,0,0,0,0,7,4,1,1,5,6,2,23,5,998,1,13,TOYOTA AYGO,3,E01010714,0,-1
2021411059194,2021,411059194,1,9,0,3,3,7,3,0,0,1,0,0,0,0,1,1,5,6,2,19,4,998,1,13,TOYOTA AYGO,10,E01023420,0,-1
2021010307483,2021,010307483,2,9,0,99,99,9,9,99,99,0,9,99,9,99,9,9,6,6,3,-1,-1,998,1,15,TOYOTA AYGO,6,E01001083,0,-1
2021221137343,2021,221137343,1,9,0,16,19,8,4,0,0,0,5,0,0,0,4,1,5,6,1,17,4,998,1,15,TOYOTA AYGO,5,E01014014,0,-1
2021201081618,2021,201081618,2,9,0,2,2,0,0,0,0,8,0,0,0,0,3,1,6,6,1,39,7,998,1,12,TOYOTA AYGO,1,E01009325,0,-1
2021361074262,2021,361074262,2,9,0,18,19,3,7,0,0,0,2,0,1,0,4,1,2,2,2,41,7,998,1,14,TOYOTA AYGO,6,E01026437,0,-1
2021201118346,2021,201118346,2,9,0,3,3,6,2,0,0,0,0,4,0,0,2,1,1,1,1,55,8,998,1,12,TOYOTA AYGO,4,E01009089,0,-1
2021131060502,2021,131060502,1,9,0,18,19,7,3,0,0,0,1,11,0,0,1,1,6,6,1,51,8,998,1,13,TOYOTA AYGO,1,E01010624,0,-1
2021430238299,2021,430238299,2,9,0,18,19,4,8,0,0,8,0,0,0,0,1,1,6,6,1,-1,-1,998,1,7,TOYOTA AYGO,-1,-1,0,-1
2021010314140,2021,010314140,2,9,0,10,10,5,3,0,0,0,0,0,0,0,0,1,6,6,1,31,6,998,1,1,TOYOTA AYGO,2,E01003303,0,-1
2021421087745,2021,421087745,1,9,0,6,6,7,5,0,0,0,0,0,0,0,3,1,6,6,2,86,11,998,1,10,TOYOTA AYGO,6,E01002298,0,-1
2021421028551,2021,421028551,1,9,0,18,19,7,3,0,0,0,1,0,8,0,3,1,6,6,1,45,7,998,1,15,TOYOTA AYGO,2,E01004364,0,-1
2021451057517,2021,451057517,1,9,0,17,19,1,5,0,0,0,0,0,4,6,1,1,1,1,1,40,7,998,1,0,TOYOTA AYGO,3,E01032729,0,-1
2021501068019,2021,501068019,1,9,0,3,3,8,4,0,0,0,0,0,0,0,2,1,5,6,2,21,5,998,1,2,TOYOTA AYGO,10,E01015101,0,-1
202131C139521,2021,31C139521,1,9,0,12,12,4,8,0,0,8,0,0,0,0,3,1,6,6,1,32,6,998,1,12,TOYOTA AYGO,1,E01013954,0,-1
2021201149242,2021,201149242,1,9,0,18,19,6,2,0,0,0,0,4,0,0,1,1,6,6,2,19,4,998,1,0,TOYOTA AYGO,3,E01010178,0,-1
2021041031017,2021,041031017,1,9,0,15,15,1,5,0,0,2,0,0,0,0,4,1,5,6,2,58,9,998,1,3,TOYOTA AYGO,6,E01025357,0,-1
2021141023976,2021,141023976,2,9,0,18,19,2,6,0,0,1,0,0,0,0,1,1,6,6,1,80,11,998,1,11,TOYOTA AYGO,6,E01007387,0,-1
2021411128193,2021,411128193,1,9,0,3,3,4,8,0,0,1,0,0,0,0,4,1,2,2,2,48,8,998,1,1,TOYOTA AYGO,3,E01002264,0,-1
2021421034691,2021,421034691,2,9,0,2,2,0,0,0,0,8,0,0,0,0,4,1,6,6,3,-1,-1,998,1,15,TOYOTA AYGO,-1,-1,0,-1
2021201131839,2021,201131839,1,9,0,18,19,7,3,0,0,8,0,10,1,0,1,1,1,1,1,38,7,998,1,11,TOYOTA AYGO,1,E01009373,0,-1
2021501039649,2021,501039649,1,9,0,18,19,1,5,0,0,0,0,6,0,0,1,1,6,6,2,51,8,998,1,8,TOYOTA AYGO,6,E01015207,0,-1
2021010337765,2021,010337765,3,9,0,2,2,0,0,0,0,2,0,0,0,0,2,1,6,6,3,-1,-1,998,1,6,TOYOTA AYGO,-1,-1,0,-1
2021010335042,2021,010335042,1,9,0,4,4,7,3,0,0,4,0,0,0,0,1,1,6,6,1,57,9,998,1,11,TOYOTA AYGO,8,E01000270,0,-1
2021131049430,2021,131049430,2,9,0,18,19,8,4,0,0,1,0,0,0,0,4,1,6,6,2,53,8,998,1,13,TOYOTA AYGO,7,E01011833,0,-1
2021010289753,2021,010289753,2,9,0,99,99,9,9,99,99,0,9,99,9,99,2,9,6,6,3,23,5,998,1,1,TOYOTA AYGO,-1,-1,0,-1
2021010331457,2021,010331457,1,9,0,18,19,1,5,0,0,5,0,0,1,0,1,1,6,6,2,54,8,998,1,6,TOYOTA AYGO,5,E01001859,0,-1
2021430583459,2021,430583459,1,9,0,16,19,1,4,0,0,0,1,0,1,0,3,1,6,6,2,50,8,998,1,15,TOYOTA AYGO,-1,-1,0,-1
2021421045841,2021,421045841,2,9,0,3,3,1,5,0,0,6,0,0,0,0,4,1,5,6,1,85,11,998,1,11,TOYOTA AYGO,6,E01021666,0,-1
2021010320102,2021,010320102,3,9,0,18,19,7,3,0,0,2,0,0,0,0,1,1,2,2,1,37,7,998,1,12,TOYOTA AYGO,3,E01001359,0,-1
2021111094924,2021,111094924,3,9,0,4,4,3,1,0,0,0,0,0,0,0,2,1,2,2,2,49,8,998,1,0,TOYOTA AYGO,-1,-1,0,-1
2021991163131,2021,991163131,1,9,0,9,9,6,3,0,0,1,0,0,0,0,1,1,6,6,1,59,9,998,1,1,TOYOTA AYGO,6,-1,0,-1
2021061137847,2021,061137847,2,9,0,9,9,8,6,0,0,6,0,0,0,0,3,1,6,6,1,30,6,998,1,13,TOYOTA AYGO,9,E01005049,0,-1
202134NNC0331,2021,34NNC0331,2,9,0,18,19,1,5,0,0,0,0,0,0,0,1,1,1,1,1,36,7,998,1,11,TOYOTA AYGO,8,E01032966,0,-1
2021201066190,2021,201066190,1,9,0,18,19,1,5,0,0,8,0,0,-1,0,1,1,6,6,1,29,6,998,1,10,TOYOTA AYGO,1,E01009514,0,-1
2021201138405,2021,201138405,1,9,0,18,19,2,3,0,0,8,0,7,7,7,1,1,2,2,1,30,6,998,1,13,TOYOTA AYGO,1,E01009511,0,-1
2021138221404,2021,138221404,1,9,0,18,19,4,8,0,0,8,0,0,0,0,1,1,6,6,1,-1,-1,998,1,8,TOYOTA AYGO,3,E01011834,0,-1
2021010290875,2021,010290875,1,9,0,6,6,1,1,0,0,0,0,0,0,0,3,1,6,6,1,20,4,998,1,15,TOYOTA AYGO,3,E01001324,0,-1
2021520105902,2021,520105902,1,9,0,18,19,1,5,0,0,0,0,0,0,0,3,1,6,6,1,28,6,998,1,10,TOYOTA AYGO,5,E01029094,0,-1
202131B019021,2021,31B019021,2,9,0,4,4,4,8,0,0,0,0,0,0,0,2,1,6,6,2,24,5,998,1,2,TOYOTA AYGO,9,E01033393,0,-1
2021461061112,2021,461061112,1,9,0,5,5,4,4,0,0,0,0,0,0,0,4,1,5,6,1,64,9,998,1,7,TOYOTA AYGO,4,E01016100,0,-1
2021401081222,2021,401081222,1,9,0,4,4,8,3,0,0,0,0,0,0,0,1,1,1,1,1,62,9,998,1,2,TOYOTA AYGO,3,E01015731,0,-1
2021010350841,2021,010350841,1,9,0,18,19,1,5,0,0,6,0,0,3,11,4,1,6,6,2,53,8,998,1,12,TOYOTA AYGO,5,E01023400,0,-1
2021141023059,2021,141023059,2,9,0,2,2,0,0,9,9,2,0,0,0,0,1,1,6,6,3,-1,-1,998,1,5,TOYOTA AYGO,-1,-1,0,-1
2021061106525,2021,061106525,2,9,0,18,19,5,5,0,0,1,0,0,0,0,4,1,6,6,1,53,8,998,1,6,TOYOTA AYGO,5,E01005591,0,-1
2021041078418,2021,041078418,2,9,0,4,4,6,2,0,0,0,0,0,0,0,2,1,5,6,2,40,7,998,1,7,TOYOTA AYGO,3,E01024887,0,-1
2021010340804,2021,010340804,1,9,0,18,19,7,3,0,0,8,0,0,0,0,3,1,1,1,2,35,6,998,1,2,TOYOTA AYGO,1,E01000105,0,-1
2021430352649,2021,430352649,1,9,0,18,19,6,2,0,0,0,0,0,0,0,1,1,6,6,2,24,5,998,1,9,TOYOTA AYGO,8,E01028701,0,-1
2021461089365,2021,461089365,2,9,0,9,9,8,4,0,0,1,0,0,0,0,2,1,5,6,2,20,4,998,1,12,TOYOTA AYGO,4,E01024387,0,-1
2021231114191,2021,231114191,2,9,0,3,3,2,6,0,0,0,0,0,0,0,2,1,5,6,2,64,9,998,1,2,TOYOTA AYGO,9,E01031147,0,-1
2021161051573,2021,161051573,1,9,0,9,9,2,1,0,0,8,0,0,0,0,1,1,5,6,2,46,8,998,1,4,TOYOTA AYGO,6,E01013175,0,-1
2021991128640,2021,991128640,1,9,0,10,10,8,6,0,0,1,0,0,0,0,3,1,6,6,2,41,7,998,1,5,TOYOTA AYGO,5,-1,0,-1
2021421063155,2021,421063155,2,9,0,18,19,1,5,0,0,0,0,0,0,0,4,1,5,6,2,20,4,998,1,9,TOYOTA AYGO,10,E01021402,0,-1
202131A173721,2021,31A173721,1,9,0,9,9,3,1,0,0,6,0,0,0,0,1,1,6,6,2,48,8,998,1,0,TOYOTA AYGO,2,E01028274,0,-1
2021471050678,2021,471050678,1,9,0,17,19,2,7,0,0,0,0,4,0,0,1,1,2,2,1,49,8,998,1,4,TOYOTA AYGO,7,E01031460,0,-1
2021041110310,2021,041110310,1,9,0,18,19,5,1,0,0,1,0,0,0,0,1,1,5,6,2,81,11,998,1,12,TOYOTA AYGO,7,E01025130,0,-1
2021991070115,2021,991070115,3,9,0,3,3,7,3,0,0,0,0,0,0,0,2,1,5,6,1,22,5,998,1,9,TOYOTA AYGO,2,-1,0,-1
2021010337191,2021,010337191,2,9,0,10,10,4,1,0,0,1,0,0,0,0,3,1,6,6,2,30,6,998,1,5,TOYOTA AYGO,2,E01001250,0,-1
2021320186399,2021,320186399,1,9,0,18,19,6,2,0,0,8,0,0,0,0,1,1,2,2,2,26,6,998,1,4,TOYOTA AYGO,3,E01026085,0,-1
2021138281062,2021,138281062,2,9,0,18,19,3,7,0,0,8,0,0,0,0,1,1,6,6,1,22,5,998,1,11,TOYOTA AYGO,4,E01011007,0,-1
2021101052269,2021,101052269,2,9,0,18,19,3,7,0,0,0,0,0,0,0,2,1,6,6,2,34,6,998,1,7,TOYOTA AYGO,-1,-1,0,-1
2021010313348,2021,010313348,2,9,0,4,4,5,1,0,0,1,0,0,0,0,2,1,6,6,2,50,8,998,1,4,TOYOTA AYGO,-1,-1,0,-1
2021061136607,2021,061136607,2,9,0,4,4,1,6,0,0,4,0,0,0,0,2,1,2,2,2,31,6,998,1,14,TOYOTA AYGO,1,E01005653,0,-1
2021010331053,2021,010331053,1,9,0,16,19,1,5,0,0,2,0,0,0,0,1,1,1,1,1,19,4,998,1,12,TOYOTA AYGO,4,E01023530,0,-1
2021201070572,2021,201070572,1,9,0,3,3,2,6,0,0,1,0,0,0,0,2,1,6,6,2,35,6,998,1,7,TOYOTA AYGO,1,E01008966,0,-1
2021421117215,2021,421117215,3,9,0,18,19,8,4,0,0,1,0,0,0,0,1,1,2,2,2,60,9,998,1,13,TOYOTA AYGO,8,E01022058,0,-1
2021141076482,2021,141076482,1,9,0,2,2,0,0,0,0,0,0,1,0,0,2,1,6,6,3,-1,-1,998,1,11,TOYOTA AYGO,-1,-1,0,-1
202131D108321,2021,31D108321,3,9,0,2,2,0,0,0,0,2,0,0,0,0,1,1,3,7,1,46,8,998,1,13,TOYOTA AYGO,10,E01028123,0,-1
2021052100748,2021,052100748,1,9,0,18,19,1,5,0,0,6,0,0,0,0,1,1,6,6,2,39,7,998,1,8,TOYOTA AYGO,3,E01029553,0,-1
2021371022480,2021,371022480,1,9,0,18,19,1,5,0,0,1,0,0,0,0,1,1,5,6,2,27,6,998,1,1,TOYOTA AYGO,4,E01030110,0,-1
2021622200024,2021,622200024,1,9,0,9,9,2,8,0,0,8,0,0,0,0,1,1,1,1,1,22,5,998,1,2,TOYOTA AYGO,7,W01000984,0,-1
2021010318518,2021,010318518,2,9,0,11,11,5,1,0,0,8,5,0,0,0,1,1,6,6,1,-1,-1,998,1,5,TOYOTA AYGO,1,E01032512,0,-1
2021010288841,2021,010288841,2,9,5,18,19,7,3,0,0,1,0,0,0,0,1,1,1,1,1,26,6,998,1,4,TOYOTA AYGO,-1,-1,0,-1
2021101093365,2021,101093365,1,9,0,18,19,1,5,0,0,8,0,0,0,0,1,1,6,6,1,39,7,998,1,11,TOYOTA AYGO,4,E01008597,0,-1
2021201060137,2021,201060137,1,9,0,18,19,8,4,0,0,1,0,0,0,0,1,1,6,6,2,67,10,998,1,7,TOYOTA AYGO,9,E01010166,0,-1
2021351093291,2021,351093291,1,9,0,18,19,3,7,0,0,0,0,0,1,4,1,1,1,1,1,21,5,998,1,9,TOYOTA AYGO,3,E01009992,0,-1
2021122101440,2021,122101440,2,9,0,17,19,8,4,0,0,0,0,0,0,0,1,1,6,6,2,51,8,998,1,3,TOYOTA AYGO,5,E01027775,0,-1
2021440091349,2021,440091349,2,9,0,4,4,1,5,0,0,8,0,0,0,0,1,1,1,1,2,18,4,998,1,13,TOYOTA AYGO,9,E01022593,0,-1
2021010334788,2021,010334788,2,9,0,18,19,5,1,9,9,5,0,10,7,10,1,1,3,7,2,28,6,998,1,5,TOYOTA AYGO,2,E01000129,0,-1
2021041120603,2021,041120603,3,9,0,2,2,0,0,0,0,8,0,0,0,0,2,1,6,6,3,-1,-1,998,1,7,TOYOTA AYGO,-1,-1,0,-1
2021170S30831,2021,170S30831,1,9,0,4,4,1,7,0,0,1,0,0,0,0,2,1,2,2,2,23,5,998,1,6,TOYOTA AYGO,3,E01012289,0,-1
2021010345890,2021,010345890,2,9,0,17,19,4,8,0,0,8,0,0,0,0,1,1,6,6,2,34,6,998,1,9,TOYOTA AYGO,10,E01004122,0,-1
2021451074445,2021,451074445,3,9,0,18,19,5,1,0,0,1,0,0,0,0,1,1,2,2,2,59,9,998,1,0,TOYOTA AYGO,10,E01030382,0,-1
2021131124317,2021,131124317,1,9,0,9,9,5,1,0,0,1,0,0,0,0,1,1,5,6,2,85,11,998,1,2,TOYOTA AYGO,1,E01010829,0,-1
2021141127306,2021,141127306,2,9,0,9,9,1,5,0,0,8,0,0,0,0,2,1,2,2,2,19,4,998,1,12,TOYOTA AYGO,2,E01007740,0,-1
2021471034370,2021,471034370,1,9,0,9,9,5,2,0,0,6,0,0,0,0,2,1,5,6,2,31,6,998,1,2,TOYOTA AYGO,3,E01031451,0,-1
2021421055528,2021,421055528,1,9,0,5,5,1,8,0,0,2,0,0,0,0,1,1,6,6,1,74,10,998,1,4,TOYOTA AYGO,9,E01021945,0,-1
2021161103432,2021,161103432,3,9,0,18,19,3,7,0,0,0,0,0,0,0,2,1,6,6,2,21,5,998,1,10,TOYOTA AYGO,8,E01012791,0,-1
2021231056724,2021,231056724,1,9,0,18,19,2,6,0,0,3,0,0,1,2,4,1,5,6,2,17,4,998,1,1,TOYOTA AYGO,8,E01010192,0,-1
2021351108095,2021,351108095,1,9,0,7,7,2,8,4,4,0,0,0,0,0,4,1,1,1,1,31,6,998,1,0,TOYOTA AYGO,1,E01007737,0,-1
2021010311237,2021,010311237,1,9,0,5,5,5,1,0,0,2,0,0,0,0,1,1,6,6,2,22,5,998,1,13,TOYOTA AYGO,2,E01004242,0,-1
2021991092773,2021,991092773,2,9,0,9,9,4,2,0,0,8,0,0,0,0,1,1,5,6,2,77,11,998,1,2,TOYOTA AYGO,9,-1,0,-1
2021201083630,2021,201083630,2,9,0,18,19,5,2,0,0,1,0,0,0,0,2,1,6,6,1,21,5,998,1,11,TOYOTA AYGO,2,E01009022,0,-1
2021320322697,2021,320322697,1,9,0,13,13,8,4,0,0,0,0,0,0,0,3,1,2,2,1,57,9,998,1,1,TOYOTA AYGO,4,E01026076,0,-1
2021061074032,2021,061074032,1,9,0,18,19,4,8,0,0,1,0,0,0,0,2,1,6,6,3,30,6,998,1,13,TOYOTA AYGO,-1,-1,0,-1
2021161131117,2021,161131117,1,9,0,18,19,8,4,0,0,0,0,0,0,0,3,1,6,6,2,75,10,998,1,3,TOYOTA AYGO,-1,-1,0,-1
2021101108937,2021,101108937,2,9,0,3,3,3,7,0,0,1,0,0,0,0,2,1,6,6,1,39,7,998,1,2,TOYOTA AYGO,5,E01027441,0,-1
2021010338644,2021,010338644,1,9,0,18,19,1,5,0,0,4,0,0,0,0,2,1,2,2,2,27,6,998,1,10,TOYOTA AYGO,-1,-1,0,-1
2021461091064,2021,461091064,2,9,0,18,19,1,5,0,0,0,0,0,0,0,3,1,6,6,2,20,4,998,1,4,TOYOTA AYGO,8,E01024652,0,-1
2021201139667,2021,201139667,1,9,0,18,19,4,8,0,0,1,0,0,0,0,1,1,6,6,1,-1,-1,998,1,7,TOYOTA AYGO,-1,-1,0,-1
2021010338000,2021,010338000,2,9,0,99,99,9,9,99,99,0,9,99,9,99,1,1,6,6,3,-1,-1,998,1,15,TOYOTA AYGO,-1,-1,0,-1
2021201155620,2021,201155620,3,9,0,2,2,0,0,0,0,0,0,0,0,0,2,1,5,6,1,36,7,998,1,8,TOYOTA AYGO,-1,-1,0,-1
2021201149192,2021,201149192,1,9,0,18,19,4,8,0,0,0,0,0,0,0,3,1,6,6,2,35,6,998,1,12,TOYOTA AYGO,4,E01009176,0,-1
2021552101131,2021,552101131,2,9,0,8,8,8,2,0,0,4,0,0,0,0,2,1,6,6,2,26,6,998,1,3,TOYOTA AYGO,-1,-1,0,-1
2021471085436,2021,471085436,1,9,0,18,19,5,1,0,0,0,0,0,0,0,3,1,6,6,2,85,11,998,1,0,TOYOTA AYGO,4,E01031522,0,-1
2021451083377,2021,451083377,1,9,0,9,9,1,7,0,0,6,0,0,0,0,1,1,5,6,2,26,6,998,1,6,TOYOTA AYGO,6,E01030600,0,-1
202163D027621,2021,63D027621,1,9,0,18,19,1,1,0,0,0,0,0,7,10,1,1,1,1,2,-1,-1,998,1,5,TOYOTA AYGO,2,W01001436,0,-1
2021401097468,2021,401097468,1,9,0,18,19,8,4,0,0,8,0,0,0,0,3,1,6,6,2,58,9,998,1,5,TOYOTA AYGO,7,E01017379,0,-1
2021010315331,2021,010315331,1,9,4,18,19,3,7,0,0,0,0,0,0,0,1,1,2,2,2,49,8,998,1,7,TOYOTA AYGO,7,E01004352,0,-1
2021221061607,2021,221061607,1,9,0,7,7,2,5,0,0,5,0,0,0,0,2,1,5,6,2,28,6,998,1,5,TOYOTA AYGO,2,E01032450,0,-1
2021010329280,2021,010329280,1,9,9,99,99,9,9,99,99,0,9,99,9,99,9,9,6,6,3,-1,-1,998,1,3,TOYOTA AYGO,-1,-1,0,-1
2021010291287,2021,010291287,1,9,0,99,99,9,9,0,0,0,0,0,0,0,4,9,6,6,2,45,7,998,1,1,TOYOTA AYGO,1,E01001787,0,-1
2021010352146,2021,010352146,1,9,0,18,19,3,7,0,0,8,0,0,0,0,1,1,2,2,1,38,7,998,1,14,TOYOTA AYGO,3,E01001501,0,-1
2021010321703,2021,010321703,1,9,0,99,99,9,9,99,99,9,9,99,9,99,2,9,2,2,2,50,8,998,1,3,TOYOTA AYGO,2,E01000126,0,-1