collision_index,collision_year,collision_ref_no,vehicle_reference,vehicle_type,towing_and_articulation,vehicle_manoeuvre_historic,vehicle_manoeuvre,vehicle_direction_from,vehicle_direction_to,vehicle_location_restricted_lane_historic,vehicle_location_restricted_lane,junction_location,skidding_and_overturning,hit_object_in_carriageway,vehicle_leaving_carriageway,hit_object_off_carriageway,first_point_of_impact,vehicle_left_hand_drive,journey_purpose_of_driver_historic,journey_purpose_of_driver,sex_of_driver,age_of_driver,age_band_of_driver,engine_capacity_cc,propulsion_code,age_of_vehicle,generic_make_model,driver_imd_decile,lsoa_of_driver,escooter_flag,driver_distance_banding
2021430059076,2021,430059076,1,9,0,9,9,2,8,0,0,5,0,0,0,0,2,1,6,6,1,22,5,998,1,15,TOYOTA AYGO,7,E01017878,0,-1
2021131103620,2021,131103620,1,9,0,9,9,5,1,0,0,1,0,0,0,0,3,1,6,6,1,21,5,998,1,14,TOYOTA AYGO,1,E01011036,0,-1
2021991106891,2021,991106891,2,9,0,5,5,7,3,0,0,1,0,0,0,0,1,1,6,6,2,22,5,998,1,6,TOYOTA AYGO,6,-1,0,-1
2021471100995,2021,471100995,1,9,0,7,7,5,7,0,0,8,0,0,0,0,3,1,6,6,2,20,4,998,1,4,TOYOTA AYGO,10,E01031739,0,-1
2021471016343,2021,471016343,1,9,0,14,14,2,6,0,0,0,0,0,0,0,4,1,2,2,2,46,8,998,1,4,TOYOTA AYGO,6,E01021200,0,-1
2021201149730,2021,201149730,1,9,0,8,8,2,5,0,0,1,0,0,0,0,2,1,6,6,2,-1,-1,998,1,2,TOYOTA AYGO,4,E01009451,0,-1
2021302100007,2021,302100007,2,9,0,18,19,4,8,0,0,1,0,0,0,0,3,1,6,6,1,51,8,998,1,4,TOYOTA AYGO,10,E01028409,0,-1
2021170S31001,2021,170S31001,1,9,0,18,19,3,7,0,0,1,0,0,0,0,1,1,6,6,2,30,6,998,1,2,TOYOTA AYGO,3,E01012239,0,-1
2021061105963,2021,061105963,1,9,0,16,19,7,3,0,0,2,0,0,0,0,1,1,6,6,2,84,11,998,1,11,TOYOTA AYGO,5,E01005700,0,-1
2021461129511,2021,461129511,1,9,0,4,4,1,5,0,0,1,0,0,0,0,1,1,6,6,2,-1,-1,998,1,12,TOYOTA AYGO,9,E01021153,0,-1
2021010347148,2021,010347148,2,9,0,9,9,5,3,0,0,1,0,0,0,0,1,1,6,6,1,55,8,998,1,3,TOYOTA AYGO,4,E01003212,0,-1
202134NNC1601,2021,34NNC1601,1,9,0,9,9,4,2,0,0,8,0,0,0,0,3,1,6,6,2,78,11,998,1,5,TOYOTA AYGO,10,E01016792,0,-1
2021010301334,2021,010301334,1,9,0,3,3,1,5,0,0,1,0,0,0,0,1,1,6,6,1,35,6,998,1,6,TOYOTA AYGO,3,E01000125,0,-1
2021010295454,2021,010295454,1,9,0,9,9,1,7,0,0,8,0,0,0,0,1,1,6,6,1,36,7,998,1,14,TOYOTA AYGO,2,E01004240,0,-1
2021471084325,2021,471084325,1,9,0,18,19,1,5,0,0,1,0,0,0,0,1,1,6,6,1,34,6,998,1,5,TOYOTA AYGO,5,E01016884,0,-1
2021221149118,2021,221149118,2,9,0,18,19,1,5,0,0,8,0,0,7,4,1,1,5,6,2,81,11,998,1,10,TOYOTA AYGO,10,E01032393,0,-1
2021221058035,2021,221058035,1,9,0,17,19,8,5,0,0,0,0,4,0,0,1,1,2,2,2,49,8,998,1,2,TOYOTA AYGO,9,E01032336,0,-1
2021520104307,2021,520104307,2,9,0,18,19,5,1,0,0,1,0,0,0,0,1,1,6,6,2,50,8,998,1,10,TOYOTA AYGO,9,E01029145,0,-1
2021622100892,2021,622100892,1,9,0,5,5,1,5,0,0,0,0,0,0,0,1,1,2,2,2,23,5,998,1,7,TOYOTA AYGO,2,W01000625,0,-1
2021070439702,2021,070439702,1,9,0,11,11,6,2,0,0,0,1,0,1,4,4,1,6,6,1,29,6,998,1,14,TOYOTA AYGO,-1,-1,0,-1
2021302101669,2021,302101669,1,9,0,18,19,2,6,0,0,1,0,0,0,0,1,2,6,6,2,21,5,998,1,9,TOYOTA AYGO,5,E01019494,0,-1
2021440153770,2021,440153770,1,9,0,4,4,3,7,0,0,8,0,0,0,0,2,1,6,6,2,50,8,998,1,10,TOYOTA AYGO,4,E01017290,0,-1
202131C083521,2021,31C083521,3,9,0,3,3,8,4,0,0,1,0,0,0,0,2,1,1,1,2,42,7,998,1,14,TOYOTA AYGO,1,E01013855,0,-1
2021201084654,2021,201084654,2,9,0,2,2,0,0,0,0,8,0,0,0,0,4,1,6,6,1,32,6,998,1,11,TOYOTA AYGO,4,E01009065,0,-1
2021542428121,2021,542428121,1,9,0,18,19,1,5,0,0,4,0,0,0,0,1,1,6,6,1,79,11,998,1,4,TOYOTA AYGO,9,E01031880,0,-1
2021061101760,2021,061101760,1,9,0,18,19,1,5,0,0,0,0,0,0,0,1,1,5,6,2,57,9,998,1,1,TOYOTA AYGO,10,E01005741,0,-1
2021430564805,2021,430564805,2,9,0,1,1,4,8,0,0,1,0,0,0,0,2,1,6,6,3,-1,-1,998,1,6,TOYOTA AYGO,-1,-1,0,-1
2021201020211,2021,201020211,1,9,0,18,19,8,4,0,0,8,0,7,1,0,1,1,6,6,1,-1,-1,998,1,1,TOYOTA AYGO,2,E01009098,0,-1
2021302100909,2021,302100909,2,9,0,10,10,2,6,0,0,1,0,0,0,0,2,1,6,6,1,39,7,998,1,11,TOYOTA AYGO,-1,-1,0,-1
2021161103452,2021,161103452,2,9,0,18,19,2,6,0,0,0,5,0,5,0,3,1,1,1,2,42,7,998,1,8,TOYOTA AYGO,4,E01013076,0,-1
2021010331613,2021,010331613,2,9,0,99,99,9,9,99,99,9,9,99,9,99,1,9,6,6,2,-1,-1,998,1,9,TOYOTA AYGO,9,E01000327,0,-1
2021991082039,2021,991082039,1,9,0,18,19,6,2,0,0,0,0,0,0,0,1,1,5,6,2,72,10,998,1,4,TOYOTA AYGO,10,-1,0,-1
2021552101286,2021,552101286,1,9,0,18,19,8,4,0,0,8,0,0,0,0,1,1,2,2,2,44,7,998,1,1,TOYOTA AYGO,-1,-1,0,-1
2021411033059,2021,411033059,2,9,0,2,2,8,4,0,0,0,0,0,0,0,2,1,2,2,2,22,5,998,1,1,TOYOTA AYGO,7,E01023531,0,-1
2021070802340,2021,070802340,2,9,0,5,5,3,7,0,0,8,0,0,0,0,0,1,1,1,2,54,8,998,1,0,TOYOTA AYGO,1,E01018748,0,-1
202134WNC3641,2021,34WNC3641,3,9,0,3,3,3,7,0,0,2,0,0,0,0,2,1,6,6,2,38,7,998,1,13,TOYOTA AYGO,3,E01027009,0,-1
2021547426821,2021,547426821,2,9,0,18,19,5,1,0,0,1,0,0,0,0,1,1,2,2,2,46,8,998,1,6,TOYOTA AYGO,10,E01031919,0,-1
2021421128533,2021,421128533,2,9,0,9,9,2,8,0,0,3,0,0,0,0,3,1,5,6,2,31,6,998,1,9,TOYOTA AYGO,8,E01015970,0,-1
2021061135318,2021,061135318,2,9,0,9,9,4,3,0,0,8,0,0,0,0,3,1,6,6,2,62,9,998,1,3,TOYOTA AYGO,2,E01006214,0,-1
2021451077216,2021,451077216,1,9,0,18,19,7,3,0,0,8,0,0,0,0,1,1,1,1,2,46,8,998,1,0,TOYOTA AYGO,6,E01030411,0,-1
2021161069749,2021,161069749,1,9,0,18,19,6,2,0,0,8,0,0,0,0,1,1,5,6,1,21,5,998,1,10,TOYOTA AYGO,4,E01016772,0,-1
2021430296112,2021,430296112,1,9,0,18,19,8,4,0,0,2,0,0,0,0,1,1,6,6,2,63,9,998,1,10,TOYOTA AYGO,2,E01008591,0,-1
2021201114510,2021,201114510,2,9,0,9,9,3,1,0,0,8,0,0,0,0,4,1,6,6,2,21,5,998,1,15,TOYOTA AYGO,7,E01010121,0,-1
202131C091221,2021,31C091221,1,9,0,18,19,8,4,0,0,4,1,7,3,0,1,1,6,6,1,23,5,998,1,14,TOYOTA AYGO,10,E01028088,0,-1
2021351086193,2021,351086193,1,9,0,18,19,6,2,0,0,0,1,0,7,11,1,1,6,6,1,20,4,998,1,12,TOYOTA AYGO,10,E01023657,0,-1
2021991087708,2021,991087708,1,9,0,1,1,6,3,0,0,0,0,0,0,0,1,1,6,6,2,62,9,998,1,4,TOYOTA AYGO,1,-1,0,-1
2021421104816,2021,421104816,2,9,0,18,19,5,1,0,0,1,0,0,0,0,1,1,5,6,1,23,5,998,1,7,TOYOTA AYGO,7,E01021684,0,-1
2021451112075,2021,451112075,1,9,0,18,19,8,4,6,6,0,0,0,0,0,1,1,6,6,1,23,5,998,1,6,TOYOTA AYGO,4,E01002642,0,-1
2021010294857,2021,010294857,2,9,0,5,5,7,3,0,0,6,0,0,0,0,2,1,6,6,1,45,7,998,1,15,TOYOTA AYGO,-1,-1,0,-1
2021430550716,2021,430550716,2,9,0,18,19,7,3,0,0,1,0,0,1,0,0,1,1,1,1,59,9,998,1,0,TOYOTA AYGO,10,E01028459,0,-1
2021041045627,2021,041045627,2,9,0,18,19,1,5,0,0,0,0,0,0,0,2,1,5,6,2,38,7,998,1,13,TOYOTA AYGO,1,E01025151,0,-1
2021221117065,2021,221117065,2,9,0,18,19,4,8,0,0,8,0,0,0,0,1,1,1,1,2,27,6,998,1,3,TOYOTA AYGO,7,E01014092,0,-1
2021552200219,2021,552200219,2,9,0,2,2,0,0,0,0,0,0,0,0,0,2,1,6,6,3,-1,-1,998,1,13,TOYOTA AYGO,-1,-1,0,-1
2021320063487,2021,320063487,2,9,0,18,19,1,5,0,0,1,0,0,0,0,1,1,6,6,2,44,7,998,1,11,TOYOTA AYGO,4,E01026377,0,-1
2021471112821,2021,471112821,1,9,0,14,14,4,8,0,0,0,0,0,0,0,1,1,6,6,2,-1,-1,998,1,12,TOYOTA AYGO,4,E01016882,0,-1
2021010300170,2021,010300170,2,9,0,7,7,7,1,0,0,6,0,0,0,0,4,2,6,6,2,24,5,998,1,13,TOYOTA AYGO,2,E01004223,0,-1
2021221064755,2021,221064755,3,9,0,2,2,0,0,0,0,0,0,0,0,0,2,1,6,6,3,-1,-1,998,1,12,TOYOTA AYGO,-1,-1,0,-1
2021010335570,2021,010335570,2,9,0,3,3,3,7,0,0,0,0,0,0,0,2,1,1,1,1,44,7,998,1,3,TOYOTA AYGO,4,E01000616,0,-1
2021351130750,2021,351130750,1,9,0,18,19,5,1,0,0,8,0,0,0,0,3,1,5,6,2,26,6,998,1,2,TOYOTA AYGO,5,E01018213,0,-1
2021010335142,2021,010335142,1,9,0,7,7,6,1,0,0,1,0,0,0,0,4,1,6,6,1,40,7,998,1,3,TOYOTA AYGO,1,E01024148,0,-1
2021991062930,2021,991062930,1,9,0,18,19,3,7,0,0,8,0,0,0,0,3,1,5,6,2,48,8,998,1,0,TOYOTA AYGO,3,-1,0,-1
2021201023611,2021,201023611,2,9,0,18,19,4,8,0,0,8,0,0,0,0,3,1,6,6,2,48,8,998,1,12,TOYOTA AYGO,1,E01009631,0,-1
2021430132869,2021,430132869,2,9,0,18,19,1,5,0,0,1,0,0,0,0,1,1,6,6,2,20,4,998,1,7,TOYOTA AYGO,10,E01032610,0,-1
2021471044950,2021,471044950,1,9,0,9,9,3,1,0,0,0,0,0,0,0,3,1,2,2,2,23,5,998,1,12,TOYOTA AYGO,3,E01017007,0,-1
2021351096418,2021,351096418,2,9,0,18,19,8,4,0,0,0,0,0,0,0,3,1,5,6,1,37,7,998,1,14,TOYOTA AYGO,1,E01005586,0,-1
2021461072735,2021,461072735,2,9,0,17,19,7,3,0,0,0,0,0,0,0,1,1,5,6,2,21,5,998,1,7,TOYOTA AYGO,8,E01024652,0,-1
2021991115778,2021,991115778,1,9,0,18,19,4,8,0,0,1,0,0,0,0,1,1,6,6,2,58,9,998,1,2,TOYOTA AYGO,2,-1,0,-1
2021111071718,2021,111071718,2,9,0,18,19,7,3,0,0,0,0,0,0,0,1,1,6,6,2,67,10,998,1,5,TOYOTA AYGO,8,E01020598,0,-1
2021010347784,2021,010347784,2,9,0,2,2,0,0,0,0,0,0,0,0,0,3,1,6,6,3,-1,-1,998,1,13,TOYOTA AYGO,-1,-1,0,-1
2021010326119,2021,010326119,1,9,0,99,99,9,9,99,99,9,9,99,9,99,9,9,1,1,2,36,7,998,1,3,TOYOTA AYGO,6,E01001160,0,-1
2021101114151,2021,101114151,1,9,0,4,4,5,1,0,0,0,0,0,0,0,1,1,2,2,2,23,5,998,1,1,TOYOTA AYGO,9,E01008617,0,-1
2021361084454,2021,361084454,1,9,0,18,19,1,5,0,0,2,0,0,0,0,1,1,5,6,2,65,9,998,1,15,TOYOTA AYGO,4,E01026859,0,-1
2021161126684,2021,161126684,1,9,0,18,19,3,7,0,0,1,1,2,0,0,1,1,5,6,2,22,5,998,1,8,TOYOTA AYGO,-1,-1,0,-1
2021991083739,2021,991083739,1,9,0,18,19,6,2,0,0,0,0,0,0,0,1,1,6,6,1,20,4,998,1,15,TOYOTA AYGO,9,-1,0,-1
2021041014658,2021,041014658,1,9,0,4,4,7,3,0,0,0,0,0,0,0,4,1,5,6,1,33,6,998,1,10,TOYOTA AYGO,2,E01025118,0,-1
2021451021326,2021,451021326,2,9,0,9,9,7,3,0,0,0,1,4,0,0,1,1,5,6,2,27,6,998,1,2,TOYOTA AYGO,9,E01030660,0,-1
2021231035951,2021,231035951,1,9,0,18,19,2,4,0,0,3,0,11,8,0,1,1,5,6,1,33,6,998,1,2,TOYOTA AYGO,1,E01009709,0,-1
2021101118650,2021,101118650,1,9,0,9,9,6,4,0,0,2,0,0,0,0,3,1,6,6,2,52,8,998,1,1,TOYOTA AYGO,8,E01027425,0,-1
202134WNC5041,2021,34WNC5041,2,9,0,18,19,5,1,0,0,0,0,0,0,0,2,1,6,6,2,25,5,998,1,15,TOYOTA AYGO,4,E01027252,0,-1
2021440491318,2021,440491318,2,9,0,18,19,5,1,0,0,0,0,0,0,0,1,1,6,6,2,62,9,998,1,9,TOYOTA AYGO,6,E01023065,0,-1
2021201126040,2021,201126040,1,9,0,18,19,6,2,0,0,0,0,8,0,0,3,1,6,6,3,-1,-1,998,1,5,TOYOTA AYGO,-1,-1,0,-1
2021070753952,2021,070753952,1,9,0,18,19,5,1,0,0,0,0,0,0,0,4,1,6,6,2,26,6,998,1,2,TOYOTA AYGO,10,E01012447,0,-1
2021461039058,2021,461039058,1,9,0,4,4,7,3,0,0,0,0,0,0,0,1,1,5,6,2,18,4,998,1,6,TOYOTA AYGO,4,E01024486,0,-1
2021471073988,2021,471073988,1,9,0,18,19,8,4,0,0,0,0,0,0,0,1,1,6,6,2,49,8,998,1,6,TOYOTA AYGO,5,E01021211,0,-1
2021451124170,2021,451124170,1,9,0,18,19,1,5,0,0,1,0,0,7,0,4,1,5,6,1,33,6,998,1,0,TOYOTA AYGO,3,E01004123,0,-1
2021451109449,2021,451109449,2,9,0,18,19,3,7,0,0,1,0,0,0,0,2,1,5,6,2,62,9,998,1,11,TOYOTA AYGO,6,E01030677,0,-1
2021430464602,2021,430464602,2,9,0,9,9,2,8,0,0,6,0,0,0,0,3,1,6,6,1,28,6,998,1,15,TOYOTA AYGO,2,E01028513,0,-1
2021010348994,2021,010348994,1,9,0,9,9,1,7,0,0,8,0,0,0,0,1,1,6,6,2,57,9,998,1,16,TOYOTA AYGO,7,E01000849,0,-1
2021201144808,2021,201144808,1,9,0,18,19,1,5,0,0,8,0,0,0,0,4,1,6,6,1,21,5,998,1,11,TOYOTA AYGO,5,E01009863,0,-1
2021010352063,2021,010352063,1,9,0,9,9,5,3,0,0,2,0,0,0,0,3,1,6,6,1,23,5,998,1,10,TOYOTA AYGO,10,E01028357,0,-1
2021161119012,2021,161119012,1,9,0,9,9,3,1,0,0,8,0,0,0,0,4,1,5,6,1,31,6,998,1,1,TOYOTA AYGO,1,E01013219,0,-1
2021471041003,2021,471041003,1,9,0,18,19,3,7,0,0,0,0,0,1,0,4,1,6,6,1,46,8,998,1,10,TOYOTA AYGO,6,E01031661,0,-1
2021061044015,2021,061044015,2,9,0,18,19,6,2,0,0,1,0,0,0,0,2,1,6,6,2,44,7,998,1,3,TOYOTA AYGO,9,E01012518,0,-1
2021411051722,2021,411051722,1,9,0,18,19,5,1,0,0,0,0,0,0,0,4,1,5,6,1,36,7,998,1,16,TOYOTA AYGO,6,E01002747,0,-1
2021201148284,2021,201148284,2,9,0,5,5,7,3,0,0,4,0,0,0,0,3,1,6,6,2,24,5,998,1,15,TOYOTA AYGO,2,E01010048,0,-1
2021430450214,2021,430450214,1,9,0,18,19,7,3,0,0,1,0,0,0,7,1,1,6,6,1,57,9,998,1,2,TOYOTA AYGO,4,E01028587,0,-1
2021552101309,2021,552101309,2,9,0,18,19,8,4,0,0,8,0,0,0,0,1,1,6,6,1,86,11,998,1,6,TOYOTA AYGO,8,E01015332,0,-1
2021522102445,2021,522102445,2,8,0,13,13,5,1,0,0,8,0,0,0,0,4,1,1,1,3,18,4,998,1,5,TOYOTA AYGO,-1,-1,0,-1
2021461052180,2021,461052180,2,9,0,9,9,6,3,0,0,1,0,0,0,0,3,1,6,6,1,45,7,998,1,13,TOYOTA AYGO,2,E01024277,0,-1
2021201063464,2021,201063464,1,9,0,9,9,8,6,0,0,6,0,0,0,0,1,1,6,6,2,58,9,998,1,13,TOYOTA AYGO,1,E01009347,0,-1
2021421105785,2021,421105785,1,9,0,7,7,5,7,0,0,3,0,0,0,0,1,1,6,6,1,46,8,998,1,6,TOYOTA AYGO,-1,-1,0,-1
2021061048610,2021,061048610,1,9,0,10,10,1,3,0,0,1,0,0,0,0,2,1,6,6,1,48,8,998,1,9,TOYOTA AYGO,3,E01005039,0,-1
2021141022216,2021,141022216,1,9,0,18,19,6,1,0,0,4,0,0,0,0,1,1,1,1,2,23,5,998,1,13,TOYOTA AYGO,1,E01007769,0,-1
2021211098455,2021,211098455,1,9,0,9,9,6,1,0,0,7,0,0,0,0,1,1,1,1,2,27,6,998,1,3,TOYOTA AYGO,1,E01008914,0,-1
2021010351754,2021,010351754,1,9,0,4,4,4,8,0,0,1,0,0,0,0,1,1,6,6,1,61,9,998,1,13,TOYOTA AYGO,2,E01002049,0,-1
2021201051836,2021,201051836,1,9,0,18,19,7,3,0,0,0,0,10,0,0,1,1,6,6,2,-1,-1,998,1,15,TOYOTA AYGO,-1,-1,0,-1
202131C148221,2021,31C148221,2,9,0,18,19,8,4,0,0,1,0,0,0,0,2,1,6,6,1,33,6,998,1,14,TOYOTA AYGO,3,E01013874,0,-1
2021201031940,2021,201031940,2,9,0,18,19,8,4,0,0,8,0,0,0,0,1,1,6,6,2,21,5,998,1,8,TOYOTA AYGO,4,E01009634,0,-1
2021461025695,2021,461025695,1,9,0,1,1,1,5,0,0,0,1,0,0,0,2,1,1,1,2,35,6,998,1,8,TOYOTA AYGO,6,E01016076,0,-1
2021461066764,2021,461066764,3,9,0,18,19,8,4,0,0,1,0,0,0,0,2,1,6,6,2,41,7,998,1,3,TOYOTA AYGO,2,E01024214,0,-1
2021010351086,2021,010351086,2,9,0,99,99,9,9,99,99,9,9,99,9,99,9,9,6,6,3,-1,-1,998,1,3,TOYOTA AYGO,4,E01003758,0,-1
2021010293159,2021,010293159,2,9,0,4,4,1,5,0,0,1,0,0,0,0,1,1,2,2,2,50,8,998,1,15,TOYOTA AYGO,1,E01000105,0,-1
2021461089069,2021,461089069,2,9,0,18,19,1,5,0,0,0,0,0,0,0,2,1,6,6,1,50,8,998,1,11,TOYOTA AYGO,1,E01024614,0,-1
2021430338806,2021,430338806,1,9,0,18,19,2,6,0,0,0,0,0,0,0,1,1,6,6,2,42,7,998,1,14,TOYOTA AYGO,5,E01028468,0,-1
2021451065258,2021,451065258,2,9,0,5,5,5,1,0,0,6,0,0,0,0,1,1,6,6,1,53,8,998,1,7,TOYOTA AYGO,5,E01002651,0,-1
2021122101471,2021,122101471,1,9,0,7,7,1,7,0,0,1,0,0,1,0,4,1,6,6,1,84,11,998,1,1,TOYOTA AYGO,7,E01027816,0,-1
2021461087882,2021,461087882,1,9,0,18,19,5,1,0,0,0,1,0,5,6,1,1,5,6,1,17,4,998,1,13,TOYOTA AYGO,9,E01024056,0,-1
2021131071947,2021,131071947,2,9,0,18,19,5,1,0,0,8,0,0,0,0,2,1,5,6,2,61,9,998,1,5,TOYOTA AYGO,8,E01011403,0,-1
2021010330609,2021,010330609,2,9,0,99,99,9,9,99,99,0,9,99,9,99,9,9,6,6,3,-1,-1,998,1,9,TOYOTA AYGO,9,E01000396,0,-1
2021544863521,2021,544863521,1,17,0,18,19,3,7,0,0,1,2,0,0,0,1,2,1,1,1,35,6,5958,2,23,-1,5,E01032063,0,-1
2021501018605,2021,501018605,1,9,0,7,7,3,7,0,0,6,0,0,3,10,1,1,6,6,1,24,5,1196,1,34,-1,3,E01018869,0,-1
2021122101369,2021,122101369,1,9,0,17,19,1,5,0,0,0,0,0,1,9,4,1,2,2,1,18,4,1195,1,29,-1,10,E01013375,0,-1
2021520101238,2021,520101238,1,9,0,18,19,2,6,0,0,8,0,0,0,0,1,1,6,6,1,75,10,2922,1,24,VOLVO S90,6,E01029135,0,-1
2021061119952,2021,061119952,2,9,0,18,19,5,1,0,0,8,0,0,0,0,4,1,6,6,1,53,8,1969,2,2,VOLVO S90,2,E01006032,0,-1
2021430157487,2021,430157487,2,9,0,3,3,8,4,0,0,1,0,0,0,0,2,1,6,6,1,40,7,1969,2,2,VOLVO S90,-1,-1,0,-1
2021138432204,2021,138432204,1,9,0,18,19,7,3,0,0,8,0,0,0,0,4,1,6,6,1,28,6,1969,1,1,VOLVO S90,1,E01010966,0,-1
2021122101192,2021,122101192,3,9,0,3,3,7,3,0,0,1,0,0,0,0,2,1,6,6,1,36,7,1969,2,3,VOLVO S90,7,E01027816,0,-1
2021010318190,2021,010318190,2,9,0,99,99,9,9,0,0,8,9,99,0,0,9,9,6,6,1,70,10,1969,1,2,VOLVO S90,6,E01001083,0,-1
2021010327622,2021,010327622,1,9,0,7,7,3,5,0,0,1,0,0,0,0,2,1,6,6,1,23,5,1969,2,3,VOLVO S90,3,E01001823,0,-1
2021141022481,2021,141022481,2,9,0,2,2,0,0,0,0,0,0,0,0,0,2,1,6,6,3,-1,-1,1969,2,3,VOLVO S90,-1,-1,0,-1
2021041053720,2021,041053720,2,9,0,18,19,5,1,0,0,1,0,0,0,0,1,1,5,6,1,48,8,1969,2,4,VOLVO S90,3,E01004929,0,-1
2021411044115,2021,411044115,2,9,0,18,19,1,5,0,0,0,0,0,0,0,1,1,1,1,2,66,10,1969,2,2,VOLVO S90,9,E01023354,0,-1
2021010294552,2021,010294552,1,9,0,99,99,9,9,99,99,9,9,99,9,99,9,9,6,6,1,32,6,1969,1,2,VOLVO S90,3,E01004443,0,-1
2021552101391,2021,552101391,2,9,0,3,3,8,4,0,0,0,0,0,0,0,2,1,6,6,1,30,6,1969,1,1,VOLVO S90,7,E01023450,0,-1
2021451024477,2021,451024477,1,9,0,17,19,3,7,0,0,0,0,0,0,0,2,1,5,6,1,54,8,1969,8,1,VOLVO S90,6,E01030678,0,-1
2021010316189,2021,010316189,2,9,0,99,99,9,9,99,99,9,9,99,9,99,9,9,6,6,3,-1,-1,1969,1,3,VOLVO S90,-1,-1,0,-1
2021061127440,2021,061127440,1,9,0,6,6,8,8,0,0,8,0,0,0,0,3,1,6,6,3,30,6,1969,2,3,VOLVO S90,-1,-1,0,-1
2021010302870,2021,010302870,2,9,0,99,99,9,9,99,99,0,9,99,9,99,1,9,6,6,3,-1,-1,1969,2,3,VOLVO S90,-1,-1,0,-1
2021471065358,2021,471065358,1,9,0,4,4,8,5,0,0,1,0,0,0,0,1,1,6,6,1,23,5,1969,2,3,VOLVO S90,-1,-1,0,-1
2021161087162,2021,161087162,2,3,0,18,19,7,3,0,0,0,0,0,0,0,1,1,6,6,1,19,4,125,1,5,-1,1,E01012834,0,-1
2021101095721,2021,101095721,2,4,0,18,19,5,1,0,0,8,0,0,0,0,1,1,6,6,3,-1,-1,124,1,0,-1,-1,-1,0,-1
202163D075421,2021,63D075421,1,5,0,18,19,4,8,0,0,1,0,0,1,10,1,1,6,6,2,52,8,798,1,5,-1,5,W01001088,0,-1
2021111069628,2021,111069628,2,5,0,18,19,2,6,0,0,8,0,0,0,0,4,1,5,6,1,68,10,798,1,7,-1,-1,-1,0,-1
2021010310865,2021,010310865,1,5,0,18,19,1,5,0,0,2,0,0,0,0,3,1,1,1,1,26,6,798,1,4,-1,4,E01001247,0,-1
2021501018894,2021,501018894,1,5,0,18,19,1,5,0,0,0,2,0,0,0,4,1,6,6,1,47,8,798,1,7,-1,1,E01015232,0,-1
2021010318115,2021,010318115,2,5,0,18,19,2,6,0,0,6,0,0,0,0,0,1,6,6,1,49,8,798,1,4,-1,3,E01002731,0,-1
2021451082125,2021,451082125,1,5,0,12,12,1,3,0,0,0,0,0,0,0,1,1,5,6,1,47,8,798,1,8,-1,10,E01017774,0,-1
2021010349844,2021,010349844,2,5,0,4,4,1,5,0,0,1,0,0,0,0,3,1,6,6,1,30,6,798,1,4,-1,3,E01002731,0,-1
2021544287721,2021,544287721,1,9,0,18,19,4,8,0,0,0,0,0,0,0,3,1,6,6,1,34,6,2979,1,4,BMW M2,10,E01015512,0,-1
2021010302016,2021,010302016,2,9,0,99,99,9,9,99,99,9,9,99,9,99,1,9,6,6,3,-1,-1,2979,1,6,BMW M2,-1,-1,0,-1
2021440290632,2021,440290632,1,9,0,16,19,6,8,0,0,0,0,0,0,0,1,1,2,2,1,58,9,2998,1,3,BMW M2,4,E01022834,0,-1
2021421087690,2021,421087690,1,9,0,18,19,8,4,0,0,0,2,0,0,0,1,1,6,6,1,32,6,2979,1,2,BMW M2,10,E01021450,0,-1
2021010341578,2021,010341578,2,9,0,4,4,8,4,0,0,1,0,0,0,0,2,1,6,6,3,21,5,2979,1,6,BMW M2,5,E01000975,0,-1
2021010345302,2021,010345302,2,9,0,99,99,9,9,99,99,9,9,99,9,99,9,9,6,6,3,-1,-1,2979,1,5,BMW M2,-1,-1,0,-1
2021430245207,2021,430245207,1,9,0,18,19,3,7,0,0,4,0,0,0,0,1,1,6,6,1,30,6,2979,1,5,BMW M2,7,E01016293,0,-1
2021440449399,2021,440449399,1,9,0,18,19,5,1,0,0,0,2,11,4,4,1,1,6,6,1,55,8,2998,1,3,BMW M2,7,E01022561,0,-1
2021440405122,2021,440405122,1,9,0,6,6,3,3,0,0,0,0,0,0,0,3,1,6,6,1,25,5,2979,1,5,BMW M2,10,E01022750,0,-1
2021991076485,2021,991076485,1,9,0,9,9,2,8,0,0,5,0,0,0,0,0,1,6,6,1,71,10,2998,1,2,BMW M2,4,-1,0,-1
2021401128964,2021,401128964,1,9,0,18,19,2,6,0,0,2,0,0,7,10,3,1,5,6,1,49,8,2979,1,6,BMW M2,7,E01017577,0,-1
2021131069794,2021,131069794,1,9,0,18,19,5,1,0,0,8,1,0,0,0,1,1,5,6,1,23,5,2979,1,7,BMW M2,1,E01007766,0,-1
2021371078737,2021,371078737,2,9,0,18,19,7,3,0,0,8,0,0,0,0,1,1,2,2,1,56,9,2998,1,5,BMW M2,7,E01030096,0,-1
2021371095379,2021,371095379,3,9,0,10,10,5,1,0,0,1,0,0,0,0,2,1,3,7,2,43,7,2998,1,4,BMW M2,9,E01021376,0,-1
2021361125678,2021,361125678,1,9,0,18,19,1,5,0,0,3,1,10,7,9,3,1,5,6,1,22,5,2979,1,3,BMW M2,7,E01026880,0,-1
2021451124917,2021,451124917,1,9,0,9,9,7,5,0,0,1,0,0,0,0,3,1,5,6,2,45,7,2998,1,1,BMW M2,9,E01030692,0,-1
2021010350373,2021,010350373,2,9,0,99,99,9,9,99,99,0,9,99,9,99,9,9,6,6,3,-1,-1,2998,1,4,BMW M2,-1,-1,0,-1
2021010337918,2021,010337918,2,9,0,10,10,7,5,0,0,6,0,0,0,0,4,1,6,6,1,49,8,2979,1,2,BMW M2,6,E01003227,0,-1