collision_index,collision_year,collision_ref_no,vehicle_reference,vehicle_type,towing_and_articulation,vehicle_manoeuvre_historic,vehicle_manoeuvre,vehicle_direction_from,vehicle_direction_to,vehicle_location_restricted_lane_historic,vehicle_location_restricted_lane,junction_location,skidding_and_overturning,hit_object_in_carriageway,vehicle_leaving_carriageway,hit_object_off_carriageway,first_point_of_impact,vehicle_left_hand_drive,journey_purpose_of_driver_historic,journey_purpose_of_driver,sex_of_driver,age_of_driver,age_band_of_driver,engine_capacity_cc,propulsion_code,age_of_vehicle,generic_make_model,driver_imd_decile,lsoa_of_driver,escooter_flag,driver_distance_banding
2021010304502,2021,010304502,1,9,0,9,9,3,8,0,0,1,0,0,0,0,1,1,3,7,2,47,8,1590,1,20,HONDA CIVIC,6,E01001195,0,-1
2021010346235,2021,010346235,1,9,0,9,9,1,7,0,0,1,0,0,0,0,0,1,2,2,2,63,9,1799,1,12,HONDA CIVIC,3,E01000176,0,-1
2021401053420,2021,401053420,1,9,0,18,19,8,4,0,0,8,0,0,0,0,1,1,1,1,1,51,8,1799,1,13,HONDA CIVIC,3,E01015744,0,-1
202131B032921,2021,31B032921,2,9,0,18,19,1,5,0,0,8,0,0,0,0,1,1,6,6,2,30,6,2204,2,15,HONDA CIVIC,5,E01028317,0,-1
2021351131404,2021,351131404,1,9,0,18,19,7,3,0,0,0,0,0,0,0,1,1,5,6,1,41,7,2204,2,15,HONDA CIVIC,8,E01018223,0,-1
2021430234910,2021,430234910,1,9,0,11,11,8,4,0,0,0,0,0,0,0,1,1,6,6,1,40,7,1597,2,2,HONDA CIVIC,10,E01016200,0,-1
2021351060904,2021,351060904,1,9,0,18,19,2,6,0,0,4,0,0,0,0,3,1,5,6,1,86,11,1396,1,23,HONDA CIVIC,6,E01017951,0,-1
2021231070188,2021,231070188,2,9,0,18,19,4,8,0,0,8,0,0,0,0,1,1,5,6,1,41,7,1799,1,15,HONDA CIVIC,6,E01031199,0,-1
2021061059819,2021,061059819,1,9,0,18,19,1,5,0,0,8,0,0,0,0,1,1,6,6,2,40,7,1798,1,6,HONDA CIVIC,1,E01004826,0,-1
2021471073566,2021,471073566,1,9,0,4,4,3,7,0,0,1,0,0,0,0,2,1,6,6,2,40,7,1798,1,5,HONDA CIVIC,6,E01020960,0,-1
2021411052101,2021,411052101,2,9,0,7,7,3,5,0,0,4,0,0,3,1,1,1,5,6,1,95,11,1590,1,20,HONDA CIVIC,10,E01023647,0,-1
2021522101705,2021,522101705,1,9,0,18,19,3,7,0,0,8,0,0,0,0,1,1,6,6,1,36,7,1590,1,20,HONDA CIVIC,10,E01014999,0,-1
2021451057221,2021,451057221,2,9,0,18,19,3,7,0,0,0,0,0,0,0,2,1,6,6,1,55,8,1590,1,19,HONDA CIVIC,2,E01001008,0,-1
2021111079163,2021,111079163,3,9,0,18,19,5,5,0,0,0,0,0,0,0,2,1,5,6,1,50,8,1498,1,0,HONDA CIVIC,-1,-1,0,-1
2021201078201,2021,201078201,1,9,0,18,19,8,4,0,0,4,0,0,0,0,4,1,6,6,1,72,10,1339,8,14,HONDA CIVIC,3,E01010451,0,-1
2021010321956,2021,010321956,2,9,9,18,19,9,9,0,0,4,9,0,0,99,1,9,6,6,3,-1,-1,1339,8,14,HONDA CIVIC,-1,-1,0,-1
2021141120108,2021,141120108,2,9,0,18,19,1,5,0,0,0,0,0,0,0,3,1,5,6,2,52,8,1590,1,19,HONDA CIVIC,6,E01004626,0,-1
2021061043405,2021,061043405,1,9,0,18,19,2,6,0,0,8,0,0,0,0,4,1,5,6,2,23,5,1799,1,12,HONDA CIVIC,4,E01005928,0,-1
2021201034789,2021,201034789,2,9,0,18,19,-1,-1,0,0,8,0,0,0,0,1,1,6,6,1,23,5,1590,1,16,HONDA CIVIC,2,E01010258,0,-1
2021461046910,2021,461046910,1,9,0,18,19,4,8,0,0,1,0,0,0,0,1,1,5,6,1,79,11,1590,1,19,HONDA CIVIC,8,E01024184,0,-1
2021501049202,2021,501049202,2,9,0,18,19,8,4,0,0,1,0,0,7,0,2,1,5,6,2,76,11,1590,1,16,HONDA CIVIC,3,E01020229,0,-1
2021010324833,2021,010324833,2,9,0,99,99,9,9,99,99,9,9,99,9,99,9,9,6,6,3,57,9,1590,1,17,HONDA CIVIC,3,E01002752,0,-1
2021131041220,2021,131041220,1,9,0,18,19,2,6,0,0,8,0,0,0,0,4,1,2,2,1,31,6,988,1,3,HONDA CIVIC,4,E01010601,0,-1
2021161032424,2021,161032424,1,9,0,9,9,6,4,0,0,1,0,0,0,0,1,1,6,6,1,49,8,1597,2,8,HONDA CIVIC,7,E01012814,0,-1
2021371019700,2021,371019700,1,9,0,16,19,5,1,0,0,0,5,0,0,0,1,1,6,6,1,34,6,2204,2,12,HONDA CIVIC,-1,-1,0,-1
2021010298645,2021,010298645,1,9,0,9,9,5,2,0,0,5,0,0,0,0,1,1,1,1,1,38,7,1799,1,13,HONDA CIVIC,3,E01003088,0,-1
2021010305491,2021,010305491,2,9,0,4,4,1,5,0,0,0,0,0,0,0,1,1,6,6,1,36,7,1590,1,16,HONDA CIVIC,5,E01030962,0,-1
2021010301760,2021,010301760,2,9,0,5,5,5,1,0,0,2,0,8,0,0,1,1,6,6,3,-1,-1,1396,1,18,HONDA CIVIC,-1,-1,0,-1
2021440243997,2021,440243997,2,9,0,18,19,6,2,0,0,8,0,0,0,0,1,1,6,6,2,58,9,1339,1,14,HONDA CIVIC,4,E01023037,0,-1
2021201118191,2021,201118191,2,9,0,18,19,8,4,0,0,8,5,7,1,3,3,1,6,6,1,31,6,1998,1,12,HONDA CIVIC,2,E01010522,0,-1
2021061029093,2021,061029093,1,9,0,7,7,8,6,0,0,1,0,0,0,0,1,1,5,6,3,30,6,1799,1,14,HONDA CIVIC,-1,-1,0,-1
2021411111839,2021,411111839,1,9,0,18,19,7,3,0,0,0,0,0,0,0,1,1,1,1,1,50,8,1396,1,19,HONDA CIVIC,2,E01004230,0,-1
20211383T1465,2021,1383T1465,1,9,0,9,9,7,3,0,0,2,0,0,0,0,3,1,6,6,2,29,6,1799,1,14,HONDA CIVIC,4,E01011597,0,-1
2021010321670,2021,010321670,2,9,0,18,19,1,5,0,0,4,0,0,0,0,1,1,6,6,1,35,6,1799,1,14,HONDA CIVIC,2,E01002392,0,-1
2021501113172,2021,501113172,1,9,0,10,10,1,5,0,0,1,0,0,0,0,1,1,6,6,1,50,8,1590,1,16,HONDA CIVIC,1,E01015232,0,-1
2021061135108,2021,061135108,1,9,0,4,4,8,4,0,0,8,0,0,0,0,2,1,5,6,1,22,5,1799,1,14,HONDA CIVIC,4,E01005916,0,-1
2021201137545,2021,201137545,1,9,0,18,19,6,2,0,0,0,0,0,0,0,4,1,6,6,1,40,7,1799,1,13,HONDA CIVIC,1,E01008896,0,-1
2021052102301,2021,052102301,1,9,0,18,19,6,2,0,0,8,0,0,0,0,1,1,6,6,2,56,9,1799,1,15,HONDA CIVIC,1,E01006678,0,-1
2021520201225,2021,520201225,3,9,0,18,19,3,7,0,0,1,0,0,0,0,0,1,6,6,1,48,8,2204,2,12,HONDA CIVIC,5,E01029101,0,-1
2021211106749,2021,211106749,1,9,0,18,19,7,3,0,0,2,0,0,0,0,1,1,6,6,1,58,9,1597,2,6,HONDA CIVIC,2,E01009102,0,-1
2021430586002,2021,430586002,1,9,0,18,19,5,1,0,0,0,0,0,0,0,3,1,6,6,1,41,7,1396,1,16,HONDA CIVIC,10,E01017780,0,-1
2021131047605,2021,131047605,1,9,0,5,5,3,7,0,0,6,0,0,0,0,1,1,1,1,1,66,10,988,1,4,HONDA CIVIC,3,E01007487,0,-1
2021070406798,2021,070406798,2,9,0,7,7,3,7,0,0,4,0,0,0,0,3,1,1,1,1,28,6,1339,1,15,HONDA CIVIC,1,E01007122,0,-1
2021052100295,2021,052100295,2,9,0,2,2,0,0,0,0,1,0,0,0,0,2,1,6,6,3,-1,-1,1590,1,17,HONDA CIVIC,-1,-1,0,-1
2021471080024,2021,471080024,1,9,0,18,19,3,7,0,0,0,0,0,0,0,1,1,5,6,1,29,6,1339,1,14,HONDA CIVIC,1,E01020985,0,-1
2021070064860,2021,070064860,1,9,0,18,19,5,1,0,0,0,0,0,0,0,1,1,6,6,1,32,6,1998,1,17,HONDA CIVIC,-1,-1,0,-1
2021201081119,2021,201081119,1,9,0,18,19,2,6,0,0,2,0,0,0,0,1,1,6,6,1,37,7,1799,1,15,HONDA CIVIC,6,E01032532,0,-1
2021201133233,2021,201133233,1,9,0,4,4,8,4,0,0,1,0,0,0,0,1,1,2,2,1,54,8,1339,1,5,HONDA CIVIC,2,E01009014,0,-1
2021201141198,2021,201141198,1,9,0,18,19,4,8,0,0,8,0,0,0,0,4,1,6,6,1,42,7,1998,1,18,HONDA CIVIC,2,E01009414,0,-1
2021461018289,2021,461018289,1,9,0,5,5,2,3,0,0,1,0,0,0,0,3,1,6,6,1,26,6,2199,2,8,HONDA CIVIC,4,E01019002,0,-1
2021622100759,2021,622100759,3,9,0,2,2,0,0,0,0,1,0,0,0,0,2,1,6,6,3,-1,-1,1998,1,16,HONDA CIVIC,-1,-1,0,-1
2021010338089,2021,010338089,2,9,0,18,19,1,5,0,0,6,0,0,0,0,1,1,6,6,1,51,8,1339,8,14,HONDA CIVIC,2,E01004260,0,-1
2021201058189,2021,201058189,3,9,0,2,2,0,0,0,0,2,0,0,0,0,3,1,5,6,1,62,9,2204,2,12,HONDA CIVIC,-1,-1,0,-1
2021361112403,2021,361112403,2,9,0,18,19,4,8,0,0,1,0,0,1,0,1,1,5,6,1,53,8,1597,2,4,HONDA CIVIC,4,E01026780,0,-1
2021010337225,2021,010337225,1,9,0,7,7,1,3,4,4,6,0,0,0,0,4,1,6,6,2,44,7,1339,1,11,HONDA CIVIC,9,E01004595,0,-1
2021201144446,2021,201144446,1,9,0,18,19,2,6,0,0,0,0,0,0,0,1,1,6,6,2,56,9,1799,1,13,HONDA CIVIC,3,E01009938,0,-1
2021010341035,2021,010341035,1,9,0,99,99,9,9,99,99,9,9,99,9,99,4,9,6,6,1,44,7,1339,8,13,HONDA CIVIC,4,E01004611,0,-1
2021361106467,2021,361106467,2,9,0,16,19,6,1,0,0,0,0,0,0,0,0,1,5,6,1,62,9,1597,2,7,HONDA CIVIC,5,E01026487,0,-1
2021010340176,2021,010340176,2,9,0,18,19,7,3,0,0,6,0,0,0,0,1,1,6,6,1,51,8,1339,1,14,HONDA CIVIC,2,E01004460,0,-1
2021552100736,2021,552100736,1,9,0,18,19,6,2,0,0,8,1,0,0,0,3,1,6,6,1,45,7,1339,1,11,HONDA CIVIC,5,E01032660,0,-1
2021451024471,2021,451024471,1,9,0,5,5,4,8,0,0,3,0,0,0,0,1,1,5,6,2,85,11,1590,1,17,HONDA CIVIC,10,E01030680,0,-1
2021401107716,2021,401107716,1,9,0,18,19,3,7,0,0,8,0,0,0,0,3,1,6,6,1,47,8,1686,2,18,HONDA CIVIC,9,E01017454,0,-1
2021221071671,2021,221071671,1,9,0,18,19,5,1,0,0,6,0,0,0,0,4,1,5,6,1,62,9,988,1,4,HONDA CIVIC,5,E01032214,0,-1
2021041113938,2021,041113938,1,9,0,18,19,5,1,0,0,1,0,0,0,0,1,1,6,6,3,-1,-1,1590,1,16,HONDA CIVIC,-1,-1,0,-1
2021430189150,2021,430189150,2,9,0,18,19,8,4,0,0,0,0,0,0,0,1,1,6,6,1,78,11,1396,1,23,HONDA CIVIC,10,E01028637,0,-1
2021010331200,2021,010331200,2,9,0,99,99,9,9,99,99,0,9,99,9,99,9,9,6,6,3,39,7,1590,1,20,HONDA CIVIC,2,E01032787,0,-1
202134NNC0321,2021,34NNC0321,1,9,0,18,19,3,7,0,0,0,0,0,0,0,1,1,2,2,1,32,6,1998,1,16,HONDA CIVIC,4,E01026982,0,-1
2021371126899,2021,371126899,3,9,0,2,2,0,0,0,0,8,0,0,0,0,4,1,6,6,3,-1,-1,1799,1,13,HONDA CIVIC,-1,-1,0,-1
2021221055121,2021,221055121,1,9,0,16,19,3,7,0,0,0,0,0,7,4,1,1,5,6,1,19,4,1799,1,15,HONDA CIVIC,9,E01032433,0,-1
2021131049769,2021,131049769,1,9,0,9,9,7,5,0,0,8,0,0,0,0,3,1,6,6,1,38,7,1339,8,15,HONDA CIVIC,3,E01033005,0,-1
2021461103678,2021,461103678,3,9,0,3,3,7,3,0,0,0,0,0,0,0,2,1,5,6,1,56,9,1597,2,8,HONDA CIVIC,2,E01024391,0,-1
2021231023679,2021,231023679,2,9,0,18,19,8,4,0,0,0,0,0,0,0,4,1,2,2,2,50,8,1597,2,5,HONDA CIVIC,10,E01032151,0,-1
2021010290912,2021,010290912,1,9,9,99,99,9,9,99,99,1,9,0,0,0,2,9,6,6,3,71,10,1798,1,9,HONDA CIVIC,-1,-1,0,-1
2021010349996,2021,010349996,1,9,0,18,19,7,3,0,0,1,0,0,0,0,1,1,6,6,2,55,8,1590,1,20,HONDA CIVIC,5,E01000564,0,-1
2021141109301,2021,141109301,1,9,0,18,19,8,5,0,0,1,0,0,0,0,1,1,6,6,1,90,11,1590,1,19,HONDA CIVIC,1,E01007410,0,-1
2021010318158,2021,010318158,1,9,0,99,99,9,9,99,99,9,9,99,9,99,9,9,2,2,2,36,7,1798,1,7,HONDA CIVIC,2,E01003636,0,-1
2021010297442,2021,010297442,2,9,0,11,11,2,6,0,0,0,0,0,0,0,4,1,6,6,1,43,7,1798,1,8,HONDA CIVIC,1,E01001765,0,-1
2021010351049,2021,010351049,1,9,0,99,99,9,9,99,99,9,9,99,9,99,2,9,6,6,2,43,7,1799,1,14,HONDA CIVIC,6,E01001573,0,-1
2021010288823,2021,010288823,1,9,0,99,99,9,9,99,99,9,9,99,9,99,2,9,6,6,1,43,7,1396,1,20,HONDA CIVIC,5,E01000979,0,-1
2021991069073,2021,991069073,2,9,0,18,19,1,5,0,0,1,0,0,0,0,3,1,6,6,1,40,7,2204,2,13,HONDA CIVIC,5,-1,0,-1
2021010318495,2021,010318495,1,9,0,9,9,5,3,0,0,8,0,0,0,0,3,1,6,6,1,25,5,1339,1,13,HONDA CIVIC,2,E01002764,0,-1
2021547038121,2021,547038121,1,9,0,18,19,1,5,0,0,4,0,0,0,0,1,1,1,1,2,41,7,2204,2,14,HONDA CIVIC,9,E01032703,0,-1
2021010305741,2021,010305741,1,9,0,18,19,5,1,0,0,0,0,4,0,0,1,1,1,1,1,51,8,1798,1,6,HONDA CIVIC,5,E01001946,0,-1
2021552100804,2021,552100804,1,9,0,18,19,4,6,0,0,4,0,0,0,0,3,1,6,6,1,78,11,1396,1,19,HONDA CIVIC,-1,-1,0,-1
2021552101375,2021,552101375,2,9,0,2,2,0,0,0,0,0,0,0,0,0,2,1,6,6,3,-1,-1,1590,1,17,HONDA CIVIC,-1,-1,0,-1
2021010315785,2021,010315785,1,9,0,9,9,3,8,0,0,5,0,0,0,0,1,1,6,6,1,59,9,1339,8,14,HONDA CIVIC,4,E01003482,0,-1
2021522102651,2021,522102651,1,9,0,18,19,1,5,0,0,1,1,0,0,0,1,1,1,1,1,43,7,1590,1,19,HONDA CIVIC,5,E01014662,0,-1
2021201148619,2021,201148619,2,9,0,18,19,4,8,0,0,8,0,0,0,0,3,1,6,6,2,41,7,1799,1,14,HONDA CIVIC,2,E01010343,0,-1
2021131054800,2021,131054800,1,9,0,18,19,3,7,0,0,8,0,0,0,0,1,1,5,6,1,58,9,2204,2,11,HONDA CIVIC,2,E01010778,0,-1
2021531097467,2021,531097467,1,9,-1,18,19,2,6,0,0,0,0,0,0,0,-1,1,6,6,3,-1,-1,1799,1,9,HONDA CIVIC,-1,-1,0,-1
2021320442658,2021,320442658,1,9,0,11,11,5,1,0,0,0,0,0,0,0,3,1,6,6,1,26,6,1498,1,3,HONDA CIVIC,2,E01012288,0,-1
2021401081605,2021,401081605,1,9,0,18,19,8,4,0,0,0,0,0,0,0,1,1,1,1,1,41,7,1339,1,13,HONDA CIVIC,3,E01015701,0,-1
2021411119718,2021,411119718,1,9,0,1,1,5,1,0,0,1,0,0,0,0,2,1,3,7,2,44,7,1590,1,17,HONDA CIVIC,8,E01023311,0,-1
2021010350618,2021,010350618,2,9,0,99,99,9,9,0,0,8,0,0,0,0,4,1,6,6,3,-1,-1,1798,1,9,HONDA CIVIC,-1,-1,0,-1
2021201025046,2021,201025046,1,9,0,18,19,1,5,0,0,1,0,0,0,0,1,1,6,6,1,73,10,1396,1,20,HONDA CIVIC,7,E01009427,0,-1
2021010341411,2021,010341411,1,9,0,7,7,1,3,0,0,6,0,0,0,0,1,1,3,7,2,34,6,1590,1,16,HONDA CIVIC,4,E01002236,0,-1
2021221051150,2021,221051150,2,9,0,9,9,3,1,0,0,6,0,0,0,0,3,1,3,7,2,37,7,1799,1,13,HONDA CIVIC,3,E01014156,0,-1
2021201066116,2021,201066116,1,9,0,18,19,7,4,0,0,8,0,0,0,0,1,1,6,6,1,40,7,2204,2,15,HONDA CIVIC,7,E01028938,0,-1
2021501121617,2021,501121617,3,9,0,3,3,3,3,0,0,0,0,0,0,0,2,1,2,2,1,36,7,1799,1,11,HONDA CIVIC,4,E01019073,0,-1
2021430529245,2021,430529245,1,9,0,9,9,2,8,0,0,6,0,0,0,0,3,1,6,6,1,37,7,1799,1,10,HONDA CIVIC,4,E01016400,0,-1
2021622100939,2021,622100939,2,9,0,2,2,0,0,0,0,0,0,0,0,0,1,1,6,6,3,-1,-1,1998,1,17,HONDA CIVIC,-1,-1,0,-1
2021131086593,2021,131086593,2,9,0,18,19,8,4,0,0,0,0,0,0,0,4,1,6,6,2,54,8,1998,1,17,HONDA CIVIC,7,E01011635,0,-1
2021461132928,2021,461132928,1,9,0,18,19,1,5,0,0,0,0,0,0,0,1,1,1,1,2,28,6,1396,1,25,HONDA CIVIC,7,E01024798,0,-1
2021101052205,2021,101052205,2,9,0,3,3,1,5,0,0,0,0,0,0,0,2,1,1,1,2,54,8,1597,2,6,HONDA CIVIC,5,E01008246,0,-1
2021010311992,2021,010311992,1,9,0,18,19,5,1,0,0,2,1,0,0,0,1,1,6,6,1,48,8,1799,1,14,HONDA CIVIC,2,E01003576,0,-1
2021010301630,2021,010301630,1,9,0,99,99,9,9,99,99,9,9,99,9,99,2,9,6,6,2,34,6,1799,1,11,HONDA CIVIC,1,E01001013,0,-1
2021552101011,2021,552101011,1,9,0,5,5,8,4,0,0,0,0,0,0,0,3,1,2,2,1,52,8,1798,1,8,HONDA CIVIC,5,E01015301,0,-1
2021501132857,2021,501132857,1,9,0,17,19,1,5,0,0,5,0,0,0,0,1,1,2,2,1,33,6,2204,2,15,HONDA CIVIC,3,E01015032,0,-1
2021421099479,2021,421099479,2,9,0,7,7,1,3,0,0,8,0,0,0,0,3,1,6,6,1,51,8,1339,8,12,HONDA CIVIC,1,E01021288,0,-1
2021430578229,2021,430578229,2,9,0,18,19,7,3,0,0,1,0,0,0,0,1,1,6,6,1,-1,-1,1998,1,12,HONDA CIVIC,-1,-1,0,-1
2021070829107,2021,070829107,1,9,0,9,9,3,1,0,0,2,0,0,0,0,1,1,2,2,1,32,6,1597,2,4,HONDA CIVIC,3,E01012505,0,-1
2021421070923,2021,421070923,1,9,0,18,19,8,4,0,0,0,0,0,0,0,1,1,6,6,1,51,8,1590,1,21,HONDA CIVIC,7,E01021679,0,-1
2021122100807,2021,122100807,1,9,0,10,10,1,3,0,0,1,0,0,0,0,3,1,6,6,2,43,7,1339,1,9,HONDA CIVIC,3,E01027837,0,-1
2021552100378,2021,552100378,1,9,0,18,19,5,1,0,0,0,0,0,0,0,1,1,6,6,1,78,11,1799,1,13,HONDA CIVIC,9,E01033156,0,-1
2021531041702,2021,531041702,2,9,0,4,4,2,6,0,0,0,0,0,1,0,3,1,6,6,2,41,7,1798,1,9,HONDA CIVIC,4,E01022161,0,-1
2021010309506,2021,010309506,1,9,0,1,1,8,4,0,0,1,0,0,0,0,2,1,2,2,1,44,7,1590,1,20,HONDA CIVIC,4,E01023805,0,-1
2021430179970,2021,430179970,1,9,0,13,13,5,1,0,0,8,0,0,0,0,1,1,6,6,2,52,8,1597,2,5,HONDA CIVIC,10,E01028645,0,-1
2021221090652,2021,221090652,1,9,0,7,7,5,6,0,0,6,0,0,0,0,2,1,5,6,1,38,7,1799,1,12,HONDA CIVIC,7,E01009793,0,-1
2021520106051,2021,520106051,1,9,0,18,19,2,6,0,0,0,0,0,7,10,1,1,6,6,1,35,6,1998,1,17,HONDA CIVIC,6,E01029163,0,-1
2021531099333,2021,531099333,1,9,0,18,19,6,2,0,0,8,0,0,0,0,1,1,1,1,2,56,9,2204,2,12,HONDA CIVIC,6,E01022374,0,-1
2021320657945,2021,320657945,1,9,0,18,19,1,5,0,0,2,0,7,0,0,1,1,2,2,1,33,6,1798,1,8,HONDA CIVIC,1,E01026662,0,-1
2021061095718,2021,061095718,1,9,0,18,19,7,3,0,0,0,5,10,7,4,1,1,5,6,1,18,4,1339,1,15,HONDA CIVIC,-1,-1,0,-1
2021131065076,2021,131065076,2,9,0,18,19,7,3,0,0,0,0,0,0,0,1,1,5,6,1,21,5,1998,1,16,HONDA CIVIC,7,E01011176,0,-1
2021201028600,2021,201028600,1,9,0,18,19,6,2,0,0,0,0,4,0,0,1,1,6,6,3,-1,-1,1396,1,18,HONDA CIVIC,-1,-1,0,-1
2021201074360,2021,201074360,1,9,0,18,19,2,6,0,0,2,0,0,0,0,1,1,2,2,1,24,5,1339,1,14,HONDA CIVIC,3,E01009448,0,-1
2021461098403,2021,461098403,1,9,0,18,19,4,8,0,0,0,0,0,0,0,1,1,5,6,1,36,7,1799,1,11,HONDA CIVIC,10,E01024733,0,-1
2021201139663,2021,201139663,2,9,0,10,10,6,4,0,0,1,0,0,0,0,2,1,6,6,1,64,9,1590,1,16,HONDA CIVIC,1,E01009147,0,-1
2021010350750,2021,010350750,1,9,0,9,9,3,1,0,0,1,0,0,1,0,4,1,6,6,3,21,5,1339,1,13,HONDA CIVIC,-1,-1,0,-1
2021351058445,2021,351058445,1,9,0,18,19,1,5,0,0,0,0,0,0,0,1,1,5,6,1,59,9,1590,1,16,HONDA CIVIC,7,E01015659,0,-1
2021440329605,2021,440329605,1,9,0,3,3,2,6,0,0,0,0,0,0,0,1,1,6,6,1,30,6,1590,1,19,HONDA CIVIC,4,E01017193,0,-1
2021010325478,2021,010325478,2,9,0,7,7,3,6,0,0,3,0,0,0,0,4,1,2,2,1,24,5,2204,2,14,HONDA CIVIC,9,W01000092,0,-1
2021052100284,2021,052100284,2,9,0,18,19,1,5,0,0,0,0,0,0,0,2,1,1,1,2,45,7,1597,2,7,HONDA CIVIC,6,E01007248,0,-1
2021170M31011,2021,170M31011,2,9,0,18,19,2,6,0,0,0,0,0,0,0,3,1,6,6,1,81,11,1339,1,7,HONDA CIVIC,9,E01032593,0,-1
2021231102959,2021,231102959,1,9,0,18,19,5,1,0,0,1,0,0,0,0,1,1,5,6,1,18,4,1339,1,14,HONDA CIVIC,1,E01009020,0,-1
202106N079252,2021,06N079252,1,9,0,18,19,5,1,0,0,1,0,0,0,0,1,1,6,6,1,30,6,1339,1,14,HONDA CIVIC,-1,-1,0,-1
2021010315713,2021,010315713,2,9,0,4,4,1,5,0,0,0,0,0,0,0,2,1,6,6,1,72,10,1590,1,16,HONDA CIVIC,8,E01002160,0,-1
2021061040007,2021,061040007,1,9,0,9,9,6,8,0,0,1,0,0,0,0,4,1,6,6,1,28,6,1998,1,18,HONDA CIVIC,-1,-1,0,-1
2021010324021,2021,010324021,2,9,0,2,2,0,0,0,0,6,0,0,0,0,2,1,6,6,3,-1,-1,1798,1,7,HONDA CIVIC,-1,-1,0,-1
2021031084375,2021,031084375,2,9,0,18,19,5,1,0,0,1,0,0,0,0,4,1,2,2,1,-1,-1,1590,1,17,HONDA CIVIC,8,E01019242,0,-1
2021440367261,2021,440367261,2,9,0,4,4,7,3,0,0,1,0,0,0,0,1,1,3,7,2,38,7,1668,1,19,HONDA CIVIC,5,E01032840,0,-1
2021201079019,2021,201079019,1,9,0,6,6,5,5,0,0,0,0,0,0,0,3,1,6,6,1,55,8,2199,2,9,HONDA CIVIC,1,E01009752,0,-1
2021371023960,2021,371023960,2,9,0,18,19,8,4,0,0,8,0,0,0,0,4,1,5,6,1,25,5,1590,1,18,HONDA CIVIC,4,E01030028,0,-1
2021041083773,2021,041083773,2,9,0,18,19,5,1,0,0,0,0,0,1,11,1,1,5,6,1,25,5,1590,1,21,HONDA CIVIC,5,E01025153,0,-1
2021211128927,2021,211128927,1,9,0,18,19,6,2,0,0,0,0,0,0,0,1,1,6,6,1,24,5,2204,2,14,HONDA CIVIC,2,E01014281,0,-1
2021991127971,2021,991127971,1,9,0,18,19,6,2,0,0,0,0,4,0,0,1,1,6,6,1,73,10,1798,1,8,HONDA CIVIC,10,-1,0,-1
2021010293309,2021,010293309,2,9,0,99,99,9,9,99,99,9,9,99,9,99,1,9,6,6,3,-1,-1,1339,1,10,HONDA CIVIC,4,E01001444,0,-1
2021451059920,2021,451059920,1,9,0,18,19,1,5,0,0,0,1,10,0,0,1,1,1,1,1,39,7,1590,1,24,HONDA CIVIC,6,E01030312,0,-1
2021411054445,2021,411054445,2,9,0,18,19,5,1,0,0,0,5,0,7,0,1,1,6,6,1,42,7,1998,1,12,HONDA CIVIC,9,E01002108,0,-1
2021041154952,2021,041154952,2,9,0,18,19,4,8,0,0,1,0,0,0,0,1,1,5,6,2,54,8,1590,1,20,HONDA CIVIC,7,E01025489,0,-1
2021552101337,2021,552101337,1,9,0,9,9,3,8,0,0,6,0,0,0,0,3,1,6,6,1,81,11,988,1,2,HONDA CIVIC,6,E01015368,0,-1
2021010290975,2021,010290975,1,9,0,5,5,5,1,0,0,8,0,0,0,0,4,1,6,6,2,58,9,1339,8,12,HONDA CIVIC,9,E01000279,0,-1
2021201046757,2021,201046757,1,9,0,9,9,7,5,0,0,5,0,0,0,0,1,1,6,6,1,39,7,2199,2,9,HONDA CIVIC,2,E01009746,0,-1
2021302101755,2021,302101755,1,9,0,13,13,6,2,0,0,8,1,0,1,11,4,1,6,6,1,52,8,1799,1,14,HONDA CIVIC,5,E01019623,0,-1
202134WNC7161,2021,34WNC7161,1,9,0,18,19,7,3,0,0,8,0,0,0,0,1,1,6,6,2,89,11,1590,1,20,HONDA CIVIC,9,E01027018,0,-1
2021061070686,2021,061070686,1,9,0,5,5,2,6,0,0,8,0,0,0,0,2,1,6,6,1,39,7,1339,8,13,HONDA CIVIC,2,E01005671,0,-1
2021010328310,2021,010328310,2,9,0,99,99,9,9,99,99,9,9,99,9,99,9,9,6,6,3,-1,-1,1799,1,14,HONDA CIVIC,-1,-1,0,-1
2021041080912,2021,041080912,1,9,0,1,1,5,1,0,0,0,0,0,0,0,2,1,2,2,1,58,9,1498,1,2,HONDA CIVIC,9,E01025324,0,-1
2021201085847,2021,201085847,2,9,0,4,4,2,6,0,0,1,0,0,0,0,4,1,2,2,1,34,6,1799,1,13,HONDA CIVIC,1,E01010095,0,-1
2021531091897,2021,531091897,3,9,0,16,19,1,5,0,0,0,0,0,1,0,1,1,5,6,1,72,10,1498,1,2,HONDA CIVIC,7,E01022248,0,-1
2021501064928,2021,501064928,1,9,0,18,19,7,3,0,0,0,0,0,0,0,1,1,1,1,2,70,10,1799,1,13,HONDA CIVIC,8,E01020200,0,-1
2021211104855,2021,211104855,1,9,0,7,7,7,3,9,9,3,0,0,0,0,1,1,2,2,1,52,8,2204,2,11,HONDA CIVIC,1,E01014246,0,-1