collision_index,collision_year,collision_ref_no,vehicle_reference,vehicle_type,towing_and_articulation,vehicle_manoeuvre_historic,vehicle_manoeuvre,vehicle_direction_from,vehicle_direction_to,vehicle_location_restricted_lane_historic,vehicle_location_restricted_lane,junction_location,skidding_and_overturning,hit_object_in_carriageway,vehicle_leaving_carriageway,hit_object_off_carriageway,first_point_of_impact,vehicle_left_hand_drive,journey_purpose_of_driver_historic,journey_purpose_of_driver,sex_of_driver,age_of_driver,age_band_of_driver,engine_capacity_cc,propulsion_code,age_of_vehicle,generic_make_model,driver_imd_decile,lsoa_of_driver,escooter_flag,driver_distance_banding
2021070276835,2021,070276835,2,9,0,9,9,5,1,0,0,0,0,0,1,0,3,1,2,2,2,55,8,1799,1,11,HONDA CIVIC,4,E01018452,0,-1
2021201053925,2021,201053925,1,9,0,13,13,2,6,0,0,0,0,0,0,0,4,1,6,6,3,-1,-1,1339,1,14,HONDA CIVIC,-1,-1,0,-1
2021010289753,2021,010289753,1,9,0,99,99,9,9,99,99,0,9,99,9,99,1,9,6,6,1,29,6,1339,1,10,HONDA CIVIC,2,E01001340,0,-1
2021522104545,2021,522104545,1,9,0,18,19,7,5,0,0,8,0,0,0,0,1,1,6,6,1,35,6,1799,1,14,HONDA CIVIC,6,E01014975,0,-1
2021010308411,2021,010308411,2,9,0,99,99,9,9,99,99,9,9,99,9,99,2,9,6,6,3,-1,-1,1799,1,13,HONDA CIVIC,-1,-1,0,-1
202163A017021,2021,63A017021,1,9,0,10,10,4,2,0,0,8,0,0,0,0,2,1,2,2,2,26,6,1339,1,13,HONDA CIVIC,6,W01000667,0,-1
2021052102862,2021,052102862,1,9,0,12,12,2,6,0,0,1,0,0,0,0,3,1,6,6,1,46,8,1590,1,17,HONDA CIVIC,7,E01006666,0,-1
2021131116370,2021,131116370,1,9,0,9,9,1,3,0,0,8,0,0,0,0,1,1,6,6,1,47,8,2204,2,11,HONDA CIVIC,-1,-1,0,-1
2021010312780,2021,010312780,3,9,0,99,99,9,9,0,0,0,0,0,0,0,9,1,6,6,1,-1,-1,1798,1,6,HONDA CIVIC,-1,-1,0,-1
2021010306262,2021,010306262,2,9,0,3,3,3,7,0,0,2,0,0,0,0,2,1,6,6,1,27,6,1798,1,8,HONDA CIVIC,1,E01001364,0,-1
2021010310836,2021,010310836,1,9,0,1,1,7,3,0,0,0,0,0,0,0,2,1,6,6,1,65,9,1798,1,5,HONDA CIVIC,2,E01002606,0,-1
2021131069709,2021,131069709,1,9,0,18,19,1,5,0,0,1,0,0,0,0,1,1,5,6,2,34,6,1590,1,16,HONDA CIVIC,5,E01010818,0,-1
2021061133223,2021,061133223,1,9,0,9,9,1,7,0,0,8,0,0,0,0,1,1,6,6,3,-1,-1,2204,2,12,HONDA CIVIC,-1,-1,0,-1
2021320260574,2021,320260574,2,9,0,3,3,6,2,0,0,0,0,0,0,0,2,1,6,6,2,33,6,2204,2,13,HONDA CIVIC,6,E01026040,0,-1
2021991086727,2021,991086727,1,9,0,5,5,2,6,0,0,1,0,0,0,0,1,1,5,6,2,33,6,1590,1,16,HONDA CIVIC,7,-1,0,-1
2021531125537,2021,531125537,2,9,0,18,19,5,1,0,0,1,0,0,3,0,1,1,6,6,2,43,7,2204,2,12,HONDA CIVIC,9,E01022371,0,-1
2021501096834,2021,501096834,1,9,0,17,19,1,5,0,0,0,0,0,0,0,1,1,6,6,1,33,6,1590,1,19,HONDA CIVIC,4,E01019040,0,-1
2021991055243,2021,991055243,2,9,0,2,2,0,0,9,9,0,0,0,0,0,1,1,6,6,3,-1,-1,1590,1,23,HONDA CIVIC,-1,-1,0,-1
2021010302792,2021,010302792,1,9,9,99,99,9,9,99,99,9,9,99,9,99,9,1,6,6,1,47,8,1339,8,13,HONDA CIVIC,5,E01003855,0,-1
2021501147561,2021,501147561,3,9,0,18,19,0,0,0,0,0,0,0,0,0,1,1,6,6,2,-1,-1,2204,2,14,HONDA CIVIC,6,E01019912,0,-1
2021461125267,2021,461125267,1,9,0,18,19,3,7,0,0,0,0,0,0,0,1,1,6,6,1,30,6,2204,2,14,HONDA CIVIC,6,E01024084,0,-1
2021010330822,2021,010330822,1,9,0,5,5,5,1,0,0,6,0,0,0,0,1,1,6,6,1,60,9,1339,8,14,HONDA CIVIC,1,E01004675,0,-1
2021471096518,2021,471096518,1,9,0,16,19,5,8,0,0,3,2,0,7,9,1,1,5,6,1,62,9,1396,1,20,HONDA CIVIC,4,E01031428,0,-1
2021131040665,2021,131040665,1,9,0,4,4,2,6,0,0,8,0,0,0,0,1,1,6,6,1,24,5,1339,1,15,HONDA CIVIC,4,E01011909,0,-1
2021540510921,2021,540510921,1,9,0,7,7,2,6,0,0,4,0,0,0,0,1,1,6,6,1,41,7,1597,2,8,HONDA CIVIC,4,E01032714,0,-1
2021991071326,2021,991071326,3,9,0,16,19,6,2,0,0,0,1,0,0,0,1,1,5,6,1,36,7,1498,1,0,HONDA CIVIC,8,-1,0,-1
2021451063896,2021,451063896,1,9,0,18,19,2,6,0,0,0,0,0,0,0,4,1,5,6,1,84,11,1798,1,9,HONDA CIVIC,8,E01030479,0,-1
2021141048556,2021,141048556,1,9,0,18,19,8,4,0,0,1,0,0,0,0,1,1,5,6,2,38,7,1339,1,8,HONDA CIVIC,4,E01005465,0,-1
2021461117655,2021,461117655,1,9,0,18,19,7,3,0,0,1,0,0,0,0,1,1,6,6,1,42,7,1498,1,2,HONDA CIVIC,6,E01024038,0,-1
2021411119391,2021,411119391,2,9,0,18,19,-1,-1,0,0,0,0,0,0,0,1,1,6,6,2,32,6,2204,2,12,HONDA CIVIC,8,E01023466,0,-1
2021991115000,2021,991115000,1,9,0,16,19,7,2,0,0,0,2,0,1,4,1,1,5,6,2,56,9,1590,1,16,HONDA CIVIC,5,-1,0,-1
202131A028621,2021,31A028621,4,9,0,18,19,2,6,0,0,1,0,0,0,0,1,1,6,6,1,41,7,2204,2,14,HONDA CIVIC,2,E01028230,0,-1
2021161045903,2021,161045903,1,9,0,18,19,7,3,0,0,0,0,0,0,0,0,1,3,7,2,54,8,1590,1,20,HONDA CIVIC,6,E01013276,0,-1
2021041091925,2021,041091925,3,9,0,18,19,5,1,0,0,0,0,0,0,0,2,1,5,6,1,41,7,1339,1,11,HONDA CIVIC,6,E01030037,0,-1
2021430188920,2021,430188920,1,9,0,18,19,7,3,0,0,2,0,0,0,0,2,1,6,6,2,50,8,1590,1,17,HONDA CIVIC,10,E01016583,0,-1
2021501128973,2021,501128973,2,9,0,18,19,5,1,0,0,0,0,0,0,0,3,1,6,6,2,35,6,1339,1,14,HONDA CIVIC,1,E01015196,0,-1
2021501028406,2021,501028406,1,9,0,18,19,7,3,0,0,0,5,0,1,0,1,1,1,1,1,35,6,1998,1,16,HONDA CIVIC,4,E01020321,0,-1
2021041094236,2021,041094236,1,9,0,18,19,1,1,0,0,0,0,0,0,0,2,1,2,2,1,48,8,1339,1,9,HONDA CIVIC,-1,-1,0,-1
2021201125176,2021,201125176,2,9,0,16,19,8,2,0,0,7,0,10,1,4,1,1,6,6,2,35,6,1339,1,8,HONDA CIVIC,1,E01009485,0,-1
2021061058708,2021,061058708,2,9,0,18,19,2,6,0,0,0,0,0,0,0,1,1,6,6,3,30,6,2204,2,12,HONDA CIVIC,-1,-1,0,-1
2021501048344,2021,501048344,1,9,0,9,9,5,1,0,0,7,0,0,3,7,1,1,5,6,1,43,7,1590,1,17,HONDA CIVIC,3,E01015084,0,-1
2021991102732,2021,991102732,1,9,0,5,5,5,1,0,0,4,0,0,0,0,1,1,6,6,1,41,7,1597,2,5,HONDA CIVIC,3,-1,0,-1
2021201108586,2021,201108586,1,9,0,5,5,7,5,0,0,6,0,0,0,0,3,1,6,6,1,46,8,1799,1,16,HONDA CIVIC,2,E01009641,0,-1
2021041061917,2021,041061917,1,9,0,9,9,3,7,0,0,1,0,0,0,0,3,1,5,6,1,47,8,1339,1,13,HONDA CIVIC,4,E01005331,0,-1
2021211161561,2021,211161561,1,9,0,18,19,7,5,0,0,6,0,0,0,0,1,1,2,2,1,26,6,1799,1,13,HONDA CIVIC,4,E01014283,0,-1
2021411143681,2021,411143681,1,9,0,18,19,1,5,0,0,2,0,0,0,0,3,1,6,6,3,-1,-1,1686,2,16,HONDA CIVIC,-1,-1,0,-1
2021451122252,2021,451122252,2,9,0,3,3,7,1,0,0,1,0,0,0,0,3,1,6,6,1,32,6,1590,1,17,HONDA CIVIC,8,E01030538,0,-1
2021622100393,2021,622100393,2,9,0,3,3,8,4,0,0,1,0,0,0,0,3,1,6,6,1,26,6,2204,2,13,HONDA CIVIC,2,W01001035,0,-1
2021501062038,2021,501062038,2,9,0,9,9,7,3,0,0,0,0,0,0,0,1,1,5,6,1,58,9,1798,1,6,HONDA CIVIC,8,E01015128,0,-1
2021430404211,2021,430404211,2,9,0,4,4,5,1,0,0,0,0,0,0,0,2,1,2,2,2,21,5,1339,1,4,HONDA CIVIC,6,E01023554,0,-1
2021351104776,2021,351104776,1,9,0,18,19,5,1,0,0,4,0,0,0,0,3,1,1,1,2,54,8,1493,1,23,HONDA CIVIC,10,E01017964,0,-1
2021440390494,2021,440390494,2,9,0,9,9,8,4,0,0,8,0,0,0,0,1,1,6,6,1,66,10,1799,1,10,HONDA CIVIC,2,E01022833,0,-1
2021010341712,2021,010341712,2,9,9,99,99,9,9,99,99,9,9,99,9,99,9,9,6,6,3,-1,-1,1590,1,17,HONDA CIVIC,4,E01003492,0,-1
202134WNC3541,2021,34WNC3541,1,9,0,18,19,1,5,0,0,8,0,0,0,0,1,1,2,2,2,32,6,2204,2,14,HONDA CIVIC,3,E01027245,0,-1
2021221073613,2021,221073613,1,9,0,18,19,1,5,0,0,0,0,10,1,11,4,1,2,2,1,53,8,1590,1,19,HONDA CIVIC,1,E01014113,0,-1
2021991120134,2021,991120134,1,9,0,16,19,1,4,0,0,1,2,0,7,0,1,1,5,6,1,20,4,1590,1,16,HONDA CIVIC,8,-1,0,-1
2021010350417,2021,010350417,1,9,0,18,19,2,6,2,2,1,0,0,0,0,0,1,2,2,2,52,8,1590,1,16,HONDA CIVIC,9,E01002134,0,-1
2021320249371,2021,320249371,2,9,0,18,19,4,2,0,0,0,0,0,0,0,3,1,6,6,1,30,6,1998,1,14,HONDA CIVIC,2,E01013147,0,-1
2021421119302,2021,421119302,2,9,0,18,19,5,1,0,0,0,1,0,1,0,3,1,5,6,1,31,6,1396,1,17,HONDA CIVIC,6,E01018052,0,-1
2021161044221,2021,161044221,1,9,0,9,9,6,4,0,0,8,0,0,0,0,3,1,2,2,1,38,7,1590,1,17,HONDA CIVIC,1,E01012888,0,-1
2021501048889,2021,501048889,2,9,0,18,19,3,7,0,0,0,0,0,5,0,3,1,5,6,1,43,7,1590,1,20,HONDA CIVIC,7,E01020027,0,-1
2021010340446,2021,010340446,1,9,0,99,99,9,9,0,0,8,0,0,0,0,3,1,2,2,2,55,8,1590,1,18,HONDA CIVIC,5,E01003392,0,-1
2021991097132,2021,991097132,1,9,0,18,19,7,3,0,0,0,5,0,7,4,1,1,5,6,1,17,4,1339,1,15,HONDA CIVIC,5,-1,0,-1
2021411119108,2021,411119108,1,9,0,9,9,2,6,0,0,8,0,0,0,0,1,1,5,6,1,38,7,1590,1,18,HONDA CIVIC,9,E01004111,0,-1
2021201067461,2021,201067461,2,9,0,1,1,1,5,0,0,0,0,0,0,0,2,1,6,6,3,-1,-1,1339,1,13,HONDA CIVIC,-1,-1,0,-1
2021010320471,2021,010320471,1,9,0,18,19,1,5,0,0,0,0,0,0,0,2,1,6,6,1,34,6,1799,1,14,HONDA CIVIC,3,E01003616,0,-1
2021010302839,2021,010302839,1,9,0,99,99,9,9,99,99,9,9,99,9,99,0,9,6,6,1,-1,-1,1597,2,6,HONDA CIVIC,6,E01021145,0,-1
2021430096551,2021,430096551,1,9,0,18,19,7,3,0,0,8,5,0,1,1,4,1,6,6,1,75,10,1590,1,18,HONDA CIVIC,10,E01016427,0,-1
2021010294407,2021,010294407,1,9,0,4,4,7,3,0,0,7,0,0,0,0,2,1,6,6,2,46,8,1799,1,11,HONDA CIVIC,5,E01000636,0,-1
2021010329207,2021,010329207,1,9,0,4,4,5,1,0,0,4,0,0,0,0,2,1,6,6,1,38,7,1998,1,19,HONDA CIVIC,-1,-1,0,-1
2021421095691,2021,421095691,3,9,0,2,2,0,0,6,6,2,0,0,0,0,3,1,6,6,3,-1,-1,1799,1,14,HONDA CIVIC,-1,-1,0,-1
2021461033816,2021,461033816,1,9,0,2,2,0,0,0,0,0,0,0,0,0,0,1,6,6,1,44,7,1799,1,12,HONDA CIVIC,4,E01024539,0,-1
2021451092708,2021,451092708,1,9,0,3,3,1,5,0,0,2,0,0,0,0,2,1,2,2,1,50,8,1799,1,15,HONDA CIVIC,9,E01030334,0,-1
2021010309000,2021,010309000,2,9,9,99,99,9,9,99,99,0,9,99,9,99,9,9,6,6,3,-1,-1,1590,1,17,HONDA CIVIC,-1,-1,0,-1
2021061097675,2021,061097675,1,9,0,18,19,1,5,0,0,0,0,0,0,0,4,1,6,6,1,42,7,1590,1,18,HONDA CIVIC,1,E01004877,0,-1
2021991119065,2021,991119065,2,9,0,18,19,4,8,0,0,0,1,0,5,6,2,1,5,6,2,54,8,1799,1,11,HONDA CIVIC,6,-1,0,-1
2021010338534,2021,010338534,3,9,0,4,4,1,5,0,0,0,0,0,0,0,2,1,6,6,2,-1,-1,1339,8,14,HONDA CIVIC,6,E01002266,0,-1
2021501133204,2021,501133204,3,9,0,2,2,0,0,0,0,1,0,0,0,0,4,1,6,6,2,51,8,1597,2,5,HONDA CIVIC,3,E01019991,0,-1
2021501105845,2021,501105845,2,9,0,4,4,7,3,0,0,0,0,0,0,0,2,1,6,6,1,53,8,1799,1,14,HONDA CIVIC,8,E01015124,0,-1
2021041012946,2021,041012946,2,9,0,17,19,5,1,0,0,1,0,0,0,0,1,1,5,6,1,43,7,1799,1,12,HONDA CIVIC,8,E01025178,0,-1
2021440444389,2021,440444389,1,9,0,13,13,4,8,0,0,8,0,0,0,0,4,1,6,6,2,49,8,988,1,4,HONDA CIVIC,10,E01022745,0,-1
2021991054513,2021,991054513,1,9,0,18,19,5,1,0,0,1,1,0,7,11,1,1,2,2,2,40,7,1396,1,18,HONDA CIVIC,10,-1,0,-1
2021131076375,2021,131076375,1,9,0,-1,-1,-1,-1,-1,-1,0,-1,-1,-1,-1,1,1,6,6,3,-1,-1,1799,1,14,HONDA CIVIC,-1,-1,0,-1
2021041031288,2021,041031288,2,9,0,4,4,4,8,0,0,0,0,0,0,0,2,1,6,6,1,43,7,1590,1,18,HONDA CIVIC,1,E01004818,0,-1
2021451029675,2021,451029675,1,9,0,18,19,1,5,0,0,0,0,0,0,0,1,1,5,6,1,54,8,1396,1,21,HONDA CIVIC,4,E01030608,0,-1
2021010339293,2021,010339293,1,9,0,9,9,3,8,0,0,8,0,0,0,0,1,1,6,6,2,49,8,1396,1,19,HONDA CIVIC,4,E01001666,0,-1
2021351046497,2021,351046497,2,9,0,7,7,7,1,0,0,4,0,0,0,0,0,1,6,6,2,37,7,1339,1,14,HONDA CIVIC,3,E01015668,0,-1
2021131065889,2021,131065889,1,9,0,18,19,2,6,0,0,0,0,0,0,0,1,1,2,2,2,49,8,1339,1,14,HONDA CIVIC,6,E01011164,0,-1
2021401024166,2021,401024166,1,9,-1,18,19,2,6,0,0,0,0,0,0,0,4,1,6,6,3,-1,-1,1590,1,16,HONDA CIVIC,-1,-1,0,-1
2021010331059,2021,010331059,1,9,0,18,19,5,1,9,9,2,0,0,7,10,1,1,6,6,1,36,7,1998,1,12,HONDA CIVIC,2,E01001940,0,-1
202134NNC9031,2021,34NNC9031,1,9,0,17,19,5,1,0,0,0,1,0,0,0,1,1,6,6,1,30,6,1339,1,10,HONDA CIVIC,10,E01026955,0,-1
2021201046143,2021,201046143,2,9,0,18,19,2,2,0,0,0,0,11,4,0,4,1,6,6,1,65,9,1339,1,10,HONDA CIVIC,1,E01009404,0,-1
2021010338659,2021,010338659,2,9,0,99,99,9,9,99,99,9,9,99,9,99,1,9,6,6,1,26,6,1590,1,17,HONDA CIVIC,-1,-1,0,-1
2021052102804,2021,052102804,1,9,0,5,5,0,4,0,0,0,0,0,0,0,4,1,6,6,1,65,9,1590,1,21,HONDA CIVIC,1,E01006679,0,-1
202134NNC0041,2021,34NNC0041,1,9,0,18,19,5,1,0,0,8,0,0,0,0,1,1,6,6,1,28,6,988,1,4,HONDA CIVIC,2,E01027105,0,-1
2021461049528,2021,461049528,1,9,0,12,12,1,5,0,0,0,0,0,0,0,0,1,6,6,1,47,8,1396,1,16,HONDA CIVIC,1,E01016063,0,-1
2021010295356,2021,010295356,2,9,0,99,99,9,9,99,99,9,9,99,9,99,9,9,6,6,3,38,7,1799,1,15,HONDA CIVIC,4,E01001009,0,-1
2021421055310,2021,421055310,2,9,0,17,19,3,1,0,0,8,0,0,0,0,1,1,5,6,1,35,6,1799,1,16,HONDA CIVIC,-1,-1,0,-1
2021451083009,2021,451083009,1,9,0,7,7,4,7,0,0,3,0,0,0,0,2,1,5,6,2,27,6,1590,1,19,HONDA CIVIC,10,E01030807,0,-1
2021361147435,2021,361147435,1,9,0,18,19,7,3,0,0,0,0,0,0,0,1,1,5,6,1,52,8,2204,2,14,HONDA CIVIC,4,E01026925,0,-1
202154B999821,2021,54B999821,1,9,0,5,5,5,3,0,0,4,0,0,0,0,3,1,2,2,1,26,6,2204,2,12,HONDA CIVIC,7,E01015560,0,-1
2021471045811,2021,471045811,2,9,0,17,19,7,3,0,0,0,0,0,0,0,3,1,5,6,1,32,6,1339,1,14,HONDA CIVIC,6,E01031402,0,-1
2021451012899,2021,451012899,1,9,0,18,19,1,5,0,0,1,0,0,0,0,1,1,5,6,2,67,10,1396,1,24,HONDA CIVIC,10,E01030627,0,-1
2021070209668,2021,070209668,2,9,0,18,19,1,5,0,0,1,0,0,0,0,3,1,6,6,2,36,7,1798,1,7,HONDA CIVIC,4,E01018309,0,-1
2021531038998,2021,531038998,3,9,0,4,4,6,6,0,0,1,0,0,0,0,2,1,6,6,1,19,4,1590,1,16,HONDA CIVIC,6,E01022227,0,-1
2021031118339,2021,031118339,1,9,0,5,5,1,5,0,0,1,0,0,3,0,1,1,5,6,1,91,11,1590,1,16,HONDA CIVIC,6,E01019200,0,-1
2021010309326,2021,010309326,1,9,0,5,5,1,5,7,6,0,0,0,0,0,4,1,6,6,2,21,5,1590,1,17,HONDA CIVIC,6,E01000220,0,-1
2021131087691,2021,131087691,2,9,0,18,19,1,5,0,0,0,0,0,0,0,1,1,2,2,1,45,7,2199,2,9,HONDA CIVIC,2,E01011041,0,-1
2021461082877,2021,461082877,1,9,0,18,19,4,7,0,0,0,0,0,0,0,1,1,5,6,1,73,10,1798,1,9,HONDA CIVIC,7,E01024706,0,-1
2021201116919,2021,201116919,1,9,0,9,9,4,2,0,0,5,0,0,0,0,1,1,6,6,2,33,6,1339,1,10,HONDA CIVIC,1,E01010283,0,-1
2021461118223,2021,461118223,1,9,0,16,19,7,3,0,0,0,1,0,1,4,4,1,1,1,1,25,5,1590,1,16,HONDA CIVIC,6,E01024335,0,-1
2021522200979,2021,522200979,2,9,0,3,3,6,2,0,0,0,0,0,0,0,2,1,6,6,1,56,9,1339,1,11,HONDA CIVIC,7,E01014905,0,-1
2021201092837,2021,201092837,1,9,0,18,19,4,8,0,0,0,0,0,0,0,4,1,6,6,1,20,4,1590,1,16,HONDA CIVIC,1,E01010292,0,-1
20211383J0275,2021,1383J0275,3,9,0,2,2,0,0,0,0,0,0,0,0,0,2,1,6,6,3,-1,-1,1590,1,20,HONDA CIVIC,-1,-1,0,-1
2021070003023,2021,070003023,1,9,0,15,15,1,5,0,0,0,0,0,0,0,4,1,6,6,1,-1,-1,1998,1,12,HONDA CIVIC,-1,-1,0,-1
2021401119637,2021,401119637,1,9,0,18,19,8,4,0,0,8,0,0,0,0,4,1,2,2,1,33,6,1799,1,14,HONDA CIVIC,-1,-1,0,-1
2021010342639,2021,010342639,1,9,0,18,19,7,3,9,9,3,0,10,1,11,1,1,6,6,1,25,5,2204,2,13,HONDA CIVIC,6,E01000549,0,-1
2021440400792,2021,440400792,2,9,0,18,19,8,4,0,0,8,0,0,0,0,1,1,6,6,2,48,8,1798,1,7,HONDA CIVIC,7,E01022514,0,-1
2021411069421,2021,411069421,1,9,0,18,19,4,8,0,0,1,5,4,0,0,1,1,6,6,2,30,6,1799,1,13,HONDA CIVIC,10,E01023591,0,-1
2021320384249,2021,320384249,1,9,0,18,19,4,8,0,0,0,0,0,0,0,1,1,6,6,1,53,8,2204,2,14,HONDA CIVIC,4,E01026389,0,-1
2021440371166,2021,440371166,4,9,0,18,19,1,5,0,0,0,1,0,0,0,1,1,6,6,1,26,6,2204,2,13,HONDA CIVIC,4,E01017128,0,-1
2021501133204,2021,501133204,2,9,0,7,7,5,7,0,0,1,0,0,0,0,1,1,2,2,2,49,8,2204,2,15,HONDA CIVIC,10,E01020042,0,-1
2021430175596,2021,430175596,2,9,0,7,7,8,4,0,0,8,0,0,0,0,2,1,6,6,1,66,10,1590,1,17,HONDA CIVIC,3,E01028546,0,-1
2021320503026,2021,320503026,1,9,0,16,19,8,4,0,0,0,5,0,1,10,1,1,6,6,1,33,6,1590,1,17,HONDA CIVIC,9,E01013266,0,-1
2021010290840,2021,010290840,2,9,0,9,9,1,7,0,0,8,0,0,0,0,1,1,1,1,1,33,6,1339,8,14,HONDA CIVIC,5,E01004461,0,-1
2021010306652,2021,010306652,1,9,0,99,99,9,9,99,99,9,9,99,9,99,2,9,6,6,1,62,9,2204,2,11,HONDA CIVIC,9,E01025975,0,-1
2021471032882,2021,471032882,4,9,0,16,19,2,5,0,0,0,1,1,0,0,1,1,2,2,1,31,6,1799,1,14,HONDA CIVIC,4,E01030383,0,-1
2021010301006,2021,010301006,2,9,0,99,99,9,9,99,99,9,9,99,9,99,9,9,6,6,3,-1,-1,1339,1,9,HONDA CIVIC,-1,-1,0,-1
2021010290413,2021,010290413,1,9,0,3,3,3,7,0,0,1,0,0,0,0,2,1,6,6,2,41,7,1590,1,20,HONDA CIVIC,3,E01003584,0,-1
2021010293984,2021,010293984,1,9,0,18,19,4,8,0,0,0,0,0,0,0,1,1,2,2,1,30,6,1799,1,14,HONDA CIVIC,2,E01004235,0,-1
2021131117572,2021,131117572,1,9,0,18,19,1,1,0,0,0,1,0,0,0,4,1,6,6,1,39,7,1590,1,17,HONDA CIVIC,3,E01010974,0,-1
2021451015082,2021,451015082,1,9,0,5,5,3,7,0,0,0,0,4,7,10,1,1,5,6,1,96,11,1798,1,9,HONDA CIVIC,10,E01030764,0,-1
2021991188564,2021,991188564,1,9,0,9,9,5,2,9,9,2,0,0,7,0,3,1,5,6,1,37,7,1339,1,10,HONDA CIVIC,2,-1,0,-1
2021131091951,2021,131091951,1,9,0,18,19,7,3,0,0,0,0,0,0,0,4,1,6,6,1,34,6,1493,1,21,HONDA CIVIC,6,E01011586,0,-1
2021010329074,2021,010329074,1,9,0,18,19,1,5,0,0,0,0,0,0,0,1,1,2,2,1,29,6,1396,1,18,HONDA CIVIC,8,E01022992,0,-1
2021041055201,2021,041055201,1,9,0,18,19,3,7,0,0,0,0,0,2,0,1,1,5,6,1,26,6,1339,1,13,HONDA CIVIC,3,E01025143,0,-1
2021471049754,2021,471049754,1,9,0,18,19,3,7,0,0,0,0,0,0,0,1,1,6,6,1,46,8,2204,2,15,HONDA CIVIC,10,E01031718,0,-1
2021991080460,2021,991080460,1,9,0,4,4,6,4,0,0,4,0,0,0,0,1,1,5,6,1,78,11,1597,2,6,HONDA CIVIC,-1,-1,0,-1
2021161070170,2021,161070170,2,9,0,13,13,6,2,0,0,8,0,0,0,0,4,1,6,6,1,-1,-1,1590,1,17,HONDA CIVIC,4,E01012820,0,-1
2021231108771,2021,231108771,2,9,0,18,19,3,7,0,0,0,0,0,1,7,3,1,5,6,2,42,7,1799,1,15,HONDA CIVIC,1,E01031118,0,-1
2021991014808,2021,991014808,1,9,0,8,8,8,6,0,0,1,0,0,0,0,1,1,6,6,1,23,5,1339,1,8,HONDA CIVIC,1,-1,0,-1
2021010323181,2021,010323181,1,9,0,99,99,9,9,99,99,9,9,99,9,99,4,9,6,6,2,51,8,1590,1,18,HONDA CIVIC,2,E01004413,0,-1
2021421075386,2021,421075386,1,9,0,18,19,5,1,0,0,0,0,0,0,0,3,1,6,6,1,-1,-1,2204,2,12,HONDA CIVIC,-1,-1,0,-1
2021451093978,2021,451093978,1,9,0,17,19,1,5,0,0,0,0,0,7,10,1,1,5,6,1,41,7,1339,8,13,HONDA CIVIC,3,E01003581,0,-1
2021302101219,2021,302101219,2,9,0,18,19,8,2,0,0,8,0,0,0,0,2,1,6,6,2,26,6,1339,1,10,HONDA CIVIC,8,E01014111,0,-1
2021010318762,2021,010318762,2,9,0,99,99,9,9,99,99,9,9,99,9,99,1,9,6,6,1,22,5,1590,1,17,HONDA CIVIC,1,E01003486,0,-1
20211383I1848,2021,1383I1848,1,9,0,9,9,3,1,0,0,8,0,0,0,0,3,1,6,6,2,27,6,1799,1,13,HONDA CIVIC,1,E01010802,0,-1
2021471055753,2021,471055753,2,9,0,10,10,4,2,0,0,8,0,0,0,0,2,1,5,6,1,35,6,1799,1,14,HONDA CIVIC,3,E01031444,0,-1
2021201103674,2021,201103674,2,9,0,3,3,4,8,0,0,1,0,0,0,0,2,1,6,6,1,39,7,1339,1,11,HONDA CIVIC,1,E01033632,0,-1
2021010289471,2021,010289471,1,9,0,18,19,5,1,0,0,8,9,99,0,0,1,9,2,2,1,37,7,1396,1,19,HONDA CIVIC,5,E01004152,0,-1
2021430296297,2021,430296297,1,9,0,9,9,5,3,0,0,5,0,0,0,0,1,1,6,6,1,80,11,1799,1,14,HONDA CIVIC,7,E01028762,0,-1
2021411110935,2021,411110935,1,9,0,9,9,3,1,0,0,6,0,0,0,0,1,1,3,7,2,47,8,1339,8,12,HONDA CIVIC,10,E01023770,0,-1
2021411056499,2021,411056499,1,9,0,18,19,1,5,0,0,8,0,0,0,0,3,1,6,6,2,48,8,1396,1,19,HONDA CIVIC,5,E01023342,0,-1
2021552100735,2021,552100735,2,9,0,18,19,3,7,0,0,8,0,0,0,0,3,1,6,6,1,49,8,1339,1,14,HONDA CIVIC,4,E01002511,0,-1
2021010339731,2021,010339731,2,9,0,9,9,7,5,0,0,1,0,0,0,0,3,1,6,6,2,31,6,1799,1,15,HONDA CIVIC,-1,-1,0,-1
2021548433221,2021,548433221,2,9,0,17,19,4,1,0,0,0,0,0,0,0,1,1,6,6,1,30,6,1998,1,14,HONDA CIVIC,9,E01032099,0,-1
2021201096862,2021,201096862,2,9,0,18,19,4,8,0,0,8,0,0,0,0,1,1,6,6,1,33,6,1339,1,15,HONDA CIVIC,2,E01010058,0,-1
2021451052508,2021,451052508,1,9,0,10,10,1,5,0,0,6,0,0,0,0,1,1,5,6,1,37,7,1339,1,11,HONDA CIVIC,8,E01030474,0,-1
2021201080728,2021,201080728,2,9,0,18,19,4,8,0,0,8,1,0,0,0,1,1,6,6,1,38,7,1998,1,14,HONDA CIVIC,1,E01009309,0,-1
2021522101427,2021,522101427,2,9,0,18,19,5,1,0,0,8,0,0,0,0,3,1,6,6,1,27,6,1799,1,15,HONDA CIVIC,8,E01014797,0,-1
2021111101074,2021,111101074,1,9,0,18,19,3,7,0,0,1,0,0,0,0,1,1,6,6,1,67,10,2204,2,11,HONDA CIVIC,8,E01033481,0,-1
2021351144637,2021,351144637,1,9,0,16,19,3,7,0,0,0,0,0,1,11,4,1,5,6,1,48,8,1396,1,20,HONDA CIVIC,6,E01029956,0,-1