collision_index,collision_year,collision_ref_no,vehicle_reference,vehicle_type,towing_and_articulation,vehicle_manoeuvre_historic,vehicle_manoeuvre,vehicle_direction_from,vehicle_direction_to,vehicle_location_restricted_lane_historic,vehicle_location_restricted_lane,junction_location,skidding_and_overturning,hit_object_in_carriageway,vehicle_leaving_carriageway,hit_object_off_carriageway,first_point_of_impact,vehicle_left_hand_drive,journey_purpose_of_driver_historic,journey_purpose_of_driver,sex_of_driver,age_of_driver,age_band_of_driver,engine_capacity_cc,propulsion_code,age_of_vehicle,generic_make_model,driver_imd_decile,lsoa_of_driver,escooter_flag,driver_distance_banding
2021501053624,2021,501053624,1,9,0,18,19,3,7,0,0,0,0,0,0,0,4,1,5,6,2,27,6,2204,2,14,HONDA CIVIC,8,E01020054,0,-1
2021170S10011,2021,170S10011,2,9,0,18,19,6,2,0,0,4,0,0,0,0,1,1,6,6,1,-1,-1,1498,1,3,HONDA CIVIC,10,E01012298,0,-1
2021010344046,2021,010344046,2,9,0,99,99,9,9,99,99,9,9,99,9,99,1,9,6,6,3,-1,-1,1798,1,9,HONDA CIVIC,-1,-1,0,-1
2021141047029,2021,141047029,1,9,0,18,19,7,3,0,0,1,0,0,0,0,3,1,5,6,2,49,8,1798,1,9,HONDA CIVIC,1,E01007856,0,-1
2021122101228,2021,122101228,2,9,0,5,5,8,4,0,0,4,0,0,0,0,1,1,6,6,1,45,7,1798,1,7,HONDA CIVIC,8,E01013417,0,-1
2021991058593,2021,991058593,1,9,0,18,19,3,7,0,0,0,0,0,0,0,1,1,6,6,1,31,6,1590,1,16,HONDA CIVIC,7,-1,0,-1
2021101041184,2021,101041184,2,9,0,18,19,5,1,0,0,1,0,0,0,0,1,1,5,6,2,52,8,988,1,2,HONDA CIVIC,5,E01008635,0,-1
202131A006321,2021,31A006321,1,9,0,13,13,1,5,0,0,0,1,0,5,0,1,1,2,2,1,25,5,1998,1,16,HONDA CIVIC,1,E01027966,0,-1
2021131069787,2021,131069787,1,9,0,18,19,7,3,0,0,8,0,0,0,0,3,1,5,6,2,31,6,1339,1,10,HONDA CIVIC,1,E01010677,0,-1
2021501109591,2021,501109591,1,9,0,18,19,7,1,0,0,0,0,0,0,0,1,1,5,6,1,34,6,1498,1,2,HONDA CIVIC,5,E01020301,0,-1
2021141088544,2021,141088544,3,9,0,18,19,2,6,0,0,2,0,0,0,0,1,1,5,6,2,42,7,2204,2,12,HONDA CIVIC,7,E01013100,0,-1
2021522101393,2021,522101393,1,9,0,18,19,1,5,0,0,0,0,0,0,0,1,1,6,6,1,30,6,1597,2,2,HONDA CIVIC,-1,-1,0,-1
2021361089644,2021,361089644,1,9,5,18,19,2,6,0,0,0,5,0,7,0,1,1,5,6,2,32,6,2204,2,14,HONDA CIVIC,9,E01008074,0,-1
2021471100877,2021,471100877,1,9,0,9,9,7,3,0,0,8,0,0,0,0,3,1,2,2,2,57,9,1798,1,8,HONDA CIVIC,8,E01031821,0,-1
2021991103904,2021,991103904,1,9,0,18,19,1,4,0,0,0,1,0,0,0,1,1,6,6,1,79,11,1798,1,6,HONDA CIVIC,7,-1,0,-1
2021201183223,2021,201183223,2,9,0,9,9,2,8,0,0,6,0,0,0,0,1,1,6,6,2,29,6,1590,1,17,HONDA CIVIC,1,E01009110,0,-1
2021041077108,2021,041077108,1,9,0,18,19,7,3,0,0,0,0,0,0,0,1,1,5,6,1,23,5,1590,1,17,HONDA CIVIC,1,E01025287,0,-1
2021440318116,2021,440318116,2,9,0,18,19,5,1,0,0,1,0,0,0,0,1,1,6,6,1,67,10,1590,1,17,HONDA CIVIC,7,E01017288,0,-1
2021010330081,2021,010330081,3,9,0,2,2,0,0,0,0,0,0,0,0,0,0,1,6,6,3,-1,-1,1339,8,15,HONDA CIVIC,-1,-1,0,-1
202134WNC7601,2021,34WNC7601,1,9,0,7,7,0,1,0,0,6,0,0,0,0,1,1,6,6,1,27,6,2204,2,13,HONDA CIVIC,1,E01027195,0,-1
2021501098291,2021,501098291,1,9,0,11,11,5,1,0,0,0,0,0,0,0,4,1,6,6,1,24,5,1799,1,13,HONDA CIVIC,10,E01015133,0,-1
2021131087477,2021,131087477,2,9,0,9,9,1,1,0,0,6,0,0,0,0,1,1,5,6,1,33,6,1339,1,14,HONDA CIVIC,1,E01011869,0,-1
2021170M30411,2021,170M30411,1,9,0,18,19,2,6,0,0,0,0,0,0,0,1,1,6,6,2,83,11,988,1,4,HONDA CIVIC,7,E01012064,0,-1
2021430450436,2021,430450436,1,9,0,7,7,6,1,0,0,5,0,0,0,0,4,1,2,2,1,31,6,988,1,0,HONDA CIVIC,10,E01016412,0,-1
2021430009626,2021,430009626,3,9,0,2,2,0,0,0,0,0,0,0,0,0,3,1,6,6,3,-1,-1,1339,1,13,HONDA CIVIC,-1,-1,0,-1
2021421038246,2021,421038246,1,9,0,18,19,3,7,9,9,5,2,10,1,4,1,1,6,6,1,22,5,1998,1,16,HONDA CIVIC,6,E01015860,0,-1
2021501022336,2021,501022336,1,9,0,18,19,8,0,0,0,0,1,0,0,0,1,1,2,2,1,18,4,1396,1,22,HONDA CIVIC,3,E01020073,0,-1
2021221018987,2021,221018987,2,9,0,2,2,0,0,0,0,0,0,4,0,0,2,1,5,6,2,39,7,2204,2,15,HONDA CIVIC,7,E01032255,0,-1
2021461086783,2021,461086783,3,9,0,-1,-1,-1,-1,-1,-1,0,-1,-1,-1,0,-1,1,5,6,1,32,6,1339,1,11,HONDA CIVIC,2,E01003973,0,-1
2021010324514,2021,010324514,1,9,0,7,7,2,3,5,5,1,0,0,0,0,0,1,6,6,1,39,7,1339,8,13,HONDA CIVIC,4,E01003628,0,-1
2021161077103,2021,161077103,1,9,0,18,19,1,5,0,0,8,0,0,0,0,4,1,5,6,1,81,11,1799,1,13,HONDA CIVIC,8,E01013292,0,-1
2021221023699,2021,221023699,1,9,0,12,12,1,5,0,0,1,1,0,6,0,3,1,6,6,1,50,8,1339,1,10,HONDA CIVIC,-1,-1,0,-1
2021461083082,2021,461083082,2,9,0,18,19,5,1,0,0,1,1,0,0,0,4,1,5,6,1,44,7,1799,1,15,HONDA CIVIC,6,E01024016,0,-1
2021061109594,2021,061109594,2,9,0,10,10,8,6,0,0,2,0,0,0,0,2,1,5,6,1,36,7,1799,1,11,HONDA CIVIC,1,E01004863,0,-1
2021351029208,2021,351029208,2,9,0,18,19,7,3,0,0,1,0,0,0,0,2,1,6,6,1,42,7,1597,2,2,HONDA CIVIC,6,E01018098,0,-1
202106E080003,2021,06E080003,2,9,0,9,9,1,7,0,0,8,0,0,0,0,1,1,6,6,1,31,6,1590,1,17,HONDA CIVIC,3,E01005120,0,-1
2021201056695,2021,201056695,3,9,0,2,2,0,0,0,0,0,0,0,0,0,1,1,6,6,1,-1,-1,1998,1,11,HONDA CIVIC,1,E01009491,0,-1
2021041115161,2021,041115161,1,9,0,17,19,6,2,0,0,0,1,10,8,9,1,1,6,6,1,37,7,2204,2,13,HONDA CIVIC,5,E01025427,0,-1
2021311114708,2021,311114708,1,9,0,13,13,1,5,0,0,0,1,0,7,0,4,1,5,6,1,37,7,2204,2,13,HONDA CIVIC,1,E01007737,0,-1
2021221068751,2021,221068751,2,9,0,9,9,7,5,0,0,4,0,0,0,0,3,1,6,6,1,33,6,1498,1,3,HONDA CIVIC,-1,-1,0,-1
2021041056416,2021,041056416,1,9,0,15,15,5,1,0,0,0,0,0,0,0,1,1,3,7,1,42,7,2204,2,14,HONDA CIVIC,10,E01006395,0,-1
2021451124652,2021,451124652,1,9,0,4,4,6,2,0,0,0,0,0,1,0,2,1,5,6,1,29,6,988,1,2,HONDA CIVIC,8,E01028844,0,-1
2021041099347,2021,041099347,1,9,0,9,9,5,7,0,0,6,0,0,0,0,1,2,6,6,3,-1,-1,1996,1,6,HONDA CIVIC,-1,-1,0,-1
2021061028727,2021,061028727,2,9,0,7,7,6,8,0,0,1,0,0,0,0,1,1,5,6,1,30,6,2204,2,12,HONDA CIVIC,-1,-1,0,-1
2021461039941,2021,461039941,1,9,0,18,19,3,7,0,0,1,0,0,0,0,1,1,6,6,1,37,7,1799,1,12,HONDA CIVIC,8,E01000985,0,-1
2021010343004,2021,010343004,1,9,0,18,19,5,1,0,0,4,0,0,0,0,1,1,6,6,2,30,6,1339,1,13,HONDA CIVIC,4,E01022936,0,-1
2021211071512,2021,211071512,1,9,0,18,19,8,4,0,0,0,0,0,0,0,1,1,6,6,1,24,5,1799,1,13,HONDA CIVIC,8,E01029416,0,-1
2021061137058,2021,061137058,2,9,-1,18,19,1,5,0,0,0,0,0,0,0,1,1,6,6,3,30,6,1590,1,16,HONDA CIVIC,-1,-1,0,-1
2021031117579,2021,031117579,1,9,0,10,10,7,3,9,9,0,0,0,1,0,2,1,5,6,2,52,8,1339,8,13,HONDA CIVIC,-1,-1,0,-1
2021010290438,2021,010290438,2,9,9,99,99,9,9,99,99,0,9,99,9,99,1,9,6,6,3,-1,-1,1339,1,11,HONDA CIVIC,-1,-1,0,-1
2021010335215,2021,010335215,1,9,0,18,19,1,5,0,0,1,0,0,0,0,3,1,6,6,1,55,8,1339,8,14,HONDA CIVIC,2,E01033327,0,-1
2021010344864,2021,010344864,1,9,0,99,99,9,9,99,99,9,9,99,9,99,9,9,6,6,2,31,6,1590,1,19,HONDA CIVIC,8,E01001390,0,-1
2021302101562,2021,302101562,1,9,0,18,19,4,8,9,9,0,0,0,0,0,1,1,2,2,1,28,6,1799,1,12,HONDA CIVIC,3,E01013453,0,-1
2021010337796,2021,010337796,2,9,0,99,99,9,9,99,99,9,9,99,9,99,1,9,6,6,3,-1,-1,1590,1,17,HONDA CIVIC,-1,-1,0,-1
2021010342717,2021,010342717,3,9,0,18,19,3,7,0,0,0,0,0,0,0,1,1,6,6,1,27,6,1339,1,14,HONDA CIVIC,3,E01001501,0,-1
2021991121624,2021,991121624,1,9,0,16,19,8,4,0,0,0,0,0,0,0,1,1,6,6,2,32,6,1590,1,20,HONDA CIVIC,-1,-1,0,-1
2021131083864,2021,131083864,1,9,0,13,13,5,1,0,0,8,5,0,0,0,1,1,5,6,2,24,5,2204,2,13,HONDA CIVIC,4,E01011717,0,-1
2021101030388,2021,101030388,1,9,0,7,7,3,5,0,0,4,0,0,0,0,1,1,6,6,1,32,6,1799,1,14,HONDA CIVIC,2,E01027552,0,-1
2021461103678,2021,461103678,1,9,0,18,19,7,3,0,0,0,1,0,0,0,1,1,5,6,1,49,8,1339,1,11,HONDA CIVIC,7,E01031055,0,-1
2021010351243,2021,010351243,1,9,0,18,19,5,1,0,0,0,0,0,0,0,1,1,6,6,1,33,6,1339,8,13,HONDA CIVIC,-1,-1,0,-1
2021010325131,2021,010325131,1,9,0,7,7,3,5,0,0,2,0,0,0,0,1,1,6,6,1,70,10,1590,1,17,HONDA CIVIC,7,E01000437,0,-1
2021991109482,2021,991109482,1,9,0,9,9,1,6,0,0,8,0,0,0,0,1,1,5,6,2,41,7,988,1,1,HONDA CIVIC,10,-1,0,-1
202163C072321,2021,63C072321,1,9,0,9,9,2,8,0,0,5,0,0,0,0,1,1,6,6,1,70,10,1798,1,6,HONDA CIVIC,7,W01000565,0,-1
2021010346276,2021,010346276,2,9,0,99,99,9,9,99,99,9,9,99,9,99,1,9,6,6,3,-1,-1,1799,1,14,HONDA CIVIC,8,E01000177,0,-1
2021440195243,2021,440195243,1,9,0,17,19,3,1,0,0,8,0,0,3,11,1,1,6,6,1,51,8,1799,1,11,HONDA CIVIC,3,E01032751,0,-1
2021070733719,2021,070733719,1,9,0,18,19,1,5,6,6,0,0,0,0,0,1,1,6,6,2,64,9,1799,1,11,HONDA CIVIC,4,E01012394,0,-1
2021471126672,2021,471126672,3,9,0,18,19,7,3,0,0,0,0,0,0,0,2,1,2,2,1,32,6,1799,1,10,HONDA CIVIC,10,E01031717,0,-1
2021010339259,2021,010339259,2,9,0,9,9,8,5,0,0,8,0,0,0,0,3,1,6,6,1,72,10,1590,1,16,HONDA CIVIC,7,E01000562,0,-1
2021201023656,2021,201023656,1,9,0,18,19,6,2,0,0,3,0,0,0,0,1,1,6,6,1,53,8,1597,2,5,HONDA CIVIC,1,E01009198,0,-1
2021302100831,2021,302100831,1,9,0,16,19,4,8,0,0,2,0,10,2,11,1,1,6,6,1,19,4,1339,1,15,HONDA CIVIC,2,E01010628,0,-1
2021010351057,2021,010351057,1,9,0,99,99,9,9,99,99,0,9,99,9,99,9,9,6,6,1,36,7,1998,1,17,HONDA CIVIC,2,E01002045,0,-1
2021070807059,2021,070807059,2,9,0,18,19,1,5,0,0,3,0,0,0,0,1,1,1,1,1,29,6,1339,1,9,HONDA CIVIC,6,E01006166,0,-1
2021201126026,2021,201126026,1,9,0,18,19,5,1,0,0,1,0,0,0,0,1,1,6,6,1,29,6,2204,2,13,HONDA CIVIC,6,E01009041,0,-1
2021991097306,2021,991097306,1,9,0,9,9,7,5,0,0,8,0,0,0,0,1,1,1,1,1,35,6,1339,8,14,HONDA CIVIC,1,-1,0,-1
2021141048124,2021,141048124,2,9,0,2,2,0,0,0,0,0,0,0,0,0,3,1,6,6,3,-1,-1,1339,1,15,HONDA CIVIC,-1,-1,0,-1
2021411078094,2021,411078094,1,9,0,4,4,4,8,0,0,0,1,0,0,0,1,1,1,1,1,29,6,1339,1,13,HONDA CIVIC,10,E01017429,0,-1
2021430524451,2021,430524451,1,9,0,18,19,8,4,0,0,1,0,0,0,0,1,1,6,6,3,-1,-1,1597,2,2,HONDA CIVIC,-1,-1,0,-1
2021061113110,2021,061113110,1,9,0,7,7,5,8,0,0,0,0,0,0,0,4,1,5,6,1,41,7,1799,1,11,HONDA CIVIC,10,E01018346,0,-1
2021010333581,2021,010333581,1,9,0,5,5,1,5,9,9,3,0,0,1,2,3,2,6,6,1,28,6,1799,1,12,HONDA CIVIC,6,E01002670,0,-1
2021991057488,2021,991057488,1,9,0,18,19,6,2,0,0,0,0,0,1,0,1,1,2,2,1,46,8,1798,1,4,HONDA CIVIC,3,-1,0,-1
2021991105564,2021,991105564,1,9,0,18,19,4,8,0,0,0,0,0,0,0,1,1,5,6,1,26,6,1339,1,11,HONDA CIVIC,10,-1,0,-1
2021501078095,2021,501078095,1,9,0,18,19,7,3,0,0,0,0,0,0,0,1,1,5,6,2,76,11,1590,1,22,HONDA CIVIC,5,E01019947,0,-1
2021010332838,2021,010332838,1,9,0,9,9,7,4,0,0,6,0,0,0,0,1,1,6,6,2,52,8,1799,1,11,HONDA CIVIC,-1,-1,0,-1
2021201136589,2021,201136589,1,9,0,18,19,6,2,0,0,4,0,0,0,0,1,1,6,6,2,-1,-1,1339,1,10,HONDA CIVIC,-1,-1,0,-1
2021421022280,2021,421022280,7,9,0,18,19,7,3,0,0,0,0,0,0,0,1,1,6,6,1,69,10,1590,1,17,HONDA CIVIC,2,E01002281,0,-1
2021471048333,2021,471048333,2,9,0,18,19,4,7,0,0,0,0,0,0,0,2,1,6,6,1,44,7,1498,1,4,HONDA CIVIC,7,E01021130,0,-1
2021501132821,2021,501132821,1,9,0,3,3,7,3,0,0,0,0,0,0,0,2,1,6,6,2,70,10,1396,1,19,HONDA CIVIC,9,E01015197,0,-1
2021122101201,2021,122101201,2,9,0,18,19,5,1,0,0,0,0,0,0,0,4,1,6,6,1,91,11,1590,1,17,HONDA CIVIC,10,E01013440,0,-1
2021201059241,2021,201059241,2,9,0,9,9,6,4,0,0,6,0,0,0,0,1,1,6,6,1,22,5,2204,2,15,HONDA CIVIC,2,E01010529,0,-1
2021041012002,2021,041012002,1,9,0,18,19,5,1,0,0,8,0,0,0,0,1,1,2,2,1,18,4,1799,1,14,HONDA CIVIC,7,E01025457,0,-1
2021201050790,2021,201050790,1,9,0,18,19,2,6,0,0,4,0,0,0,0,2,1,6,6,1,-1,-1,1797,1,22,HONDA CIVIC,-1,-1,0,-1
2021440460916,2021,440460916,1,9,0,10,10,8,4,0,0,6,0,0,0,0,2,1,3,7,2,41,7,1799,1,13,HONDA CIVIC,2,E01017117,0,-1
2021201080130,2021,201080130,1,9,0,18,19,-1,-1,0,0,1,0,0,0,0,1,1,6,6,2,27,6,1998,1,14,HONDA CIVIC,7,E01010027,0,-1
2021421079431,2021,421079431,2,9,0,14,14,7,3,0,0,2,0,0,0,0,3,1,6,6,1,-1,-1,2204,2,14,HONDA CIVIC,4,E01021984,0,-1
2021201118681,2021,201118681,1,9,0,5,5,2,6,0,0,0,0,0,0,0,1,1,6,6,1,-1,-1,1339,1,9,HONDA CIVIC,-1,-1,0,-1
202131C010421,2021,31C010421,1,9,0,7,7,7,1,0,0,6,0,0,0,0,1,1,6,6,2,-1,-1,1998,1,17,HONDA CIVIC,-1,-1,0,-1
2021010288644,2021,010288644,1,9,0,99,99,9,9,99,99,0,9,99,9,99,2,9,2,2,1,43,7,1590,1,17,HONDA CIVIC,3,E01003587,0,-1
2021141072201,2021,141072201,1,9,0,18,19,5,4,0,0,0,0,0,0,0,2,1,1,1,2,23,5,988,1,4,HONDA CIVIC,3,E01007515,0,-1
2021501070271,2021,501070271,1,9,0,18,19,6,2,0,0,0,0,0,1,0,1,1,6,6,1,26,6,1590,1,19,HONDA CIVIC,2,E01020039,0,-1
2021520102484,2021,520102484,1,9,0,18,19,3,7,0,0,0,5,0,0,1,1,1,6,6,2,35,6,1597,2,4,HONDA CIVIC,5,E01029259,0,-1
2021430142036,2021,430142036,1,9,0,18,19,6,2,0,0,0,0,0,0,0,1,1,6,6,1,55,8,1396,1,16,HONDA CIVIC,3,E01032729,0,-1
2021302100887,2021,302100887,1,9,0,16,19,4,8,0,0,0,0,0,0,0,1,1,2,2,1,57,9,1799,1,14,HONDA CIVIC,8,E01019630,0,-1
2021451117983,2021,451117983,1,9,0,18,19,4,8,0,0,0,0,0,0,0,1,1,5,6,1,71,10,1798,1,6,HONDA CIVIC,6,E01017808,0,-1
2021010310237,2021,010310237,1,9,0,2,2,0,0,0,0,2,0,0,0,0,3,1,6,6,3,-1,-1,1799,1,13,HONDA CIVIC,-1,-1,0,-1
2021991127001,2021,991127001,2,9,0,18,19,3,7,0,0,0,0,0,7,7,2,1,6,6,2,85,11,1798,1,6,HONDA CIVIC,6,-1,0,-1
2021010307614,2021,010307614,1,9,0,9,9,4,1,0,0,6,0,0,0,0,1,1,6,6,1,62,9,1339,1,10,HONDA CIVIC,2,E01003061,0,-1
2021451050675,2021,451050675,2,9,0,18,19,1,5,0,0,0,0,0,0,0,1,1,6,6,1,54,8,1493,1,26,HONDA CIVIC,7,E01030621,0,-1
202134NNC6421,2021,34NNC6421,1,9,0,5,5,8,3,0,0,6,0,0,0,0,1,1,6,6,2,59,9,1597,2,7,HONDA CIVIC,4,E01026972,0,-1
2021010291023,2021,010291023,2,9,0,99,99,9,9,99,99,9,9,99,9,99,1,9,6,6,3,23,5,1799,1,15,HONDA CIVIC,3,E01000740,0,-1
2021070242620,2021,070242620,2,9,0,17,19,2,7,0,0,8,0,0,0,0,3,1,6,6,1,25,5,2204,2,12,HONDA CIVIC,2,E01012534,0,-1
2021421036988,2021,421036988,2,9,0,18,19,2,6,0,0,8,0,0,7,0,3,1,5,6,1,74,10,2199,2,7,HONDA CIVIC,3,E01002283,0,-1
2021101058774,2021,101058774,1,9,0,18,19,2,6,0,0,1,0,0,0,0,1,1,5,6,1,76,11,2199,2,8,HONDA CIVIC,6,E01008433,0,-1
2021302101921,2021,302101921,1,9,0,9,9,3,2,0,0,1,1,0,0,0,1,1,6,6,1,28,6,1998,1,14,HONDA CIVIC,4,E01028103,0,-1
2021440056296,2021,440056296,2,9,0,3,3,5,1,0,0,1,0,0,0,0,2,1,1,1,1,37,7,1686,2,16,HONDA CIVIC,5,E01017027,0,-1
2021461081255,2021,461081255,2,9,0,9,9,3,7,0,0,4,0,0,0,0,2,1,6,6,1,48,8,1590,1,18,HONDA CIVIC,7,E01024550,0,-1
2021141045391,2021,141045391,2,9,0,18,19,5,1,0,0,0,0,0,0,0,2,1,5,6,1,29,6,1799,1,13,HONDA CIVIC,3,E01004421,0,-1
2021010298453,2021,010298453,1,9,0,99,99,9,9,99,99,9,9,99,9,99,1,9,6,6,1,30,6,1590,1,17,HONDA CIVIC,2,E01004068,0,-1
2021542484621,2021,542484621,1,9,0,7,7,4,8,0,0,3,0,0,0,0,4,1,3,7,2,46,8,1590,1,17,HONDA CIVIC,6,E01032708,0,-1
2021141120084,2021,141120084,1,9,0,18,19,3,7,0,0,1,0,0,0,0,1,1,6,6,3,-1,-1,2204,2,13,HONDA CIVIC,-1,-1,0,-1
2021070065690,2021,070065690,1,9,5,17,19,5,1,0,0,0,1,0,1,11,1,1,1,1,1,39,7,1799,1,12,HONDA CIVIC,4,E01018624,0,-1
2021231067666,2021,231067666,2,9,0,18,19,3,7,0,0,0,0,0,0,0,3,1,6,6,1,52,8,1597,2,3,HONDA CIVIC,-1,-1,0,-1
2021221110041,2021,221110041,1,9,0,18,19,7,3,0,0,0,0,0,0,0,1,1,5,6,1,38,7,1798,1,9,HONDA CIVIC,-1,-1,0,-1
2021010317606,2021,010317606,2,9,0,18,19,1,5,0,0,0,0,0,0,0,1,1,6,6,3,-1,-1,1590,1,16,HONDA CIVIC,-1,-1,0,-1
2021411067540,2021,411067540,1,9,0,18,19,4,1,0,0,0,1,0,0,0,1,1,6,6,1,30,6,2204,2,15,HONDA CIVIC,7,E01023556,0,-1
2021161033905,2021,161033905,1,9,0,18,19,1,5,0,0,0,0,0,0,0,4,1,5,6,1,19,4,2204,2,13,HONDA CIVIC,-1,-1,0,-1
2021302101680,2021,302101680,1,9,0,18,19,2,4,0,0,4,0,0,0,0,1,1,1,1,2,46,8,1597,2,7,HONDA CIVIC,2,E01029453,0,-1
2021010353189,2021,010353189,1,9,9,99,99,9,9,0,0,9,9,99,0,0,9,9,6,6,3,-1,-1,1798,1,6,HONDA CIVIC,-1,-1,0,-1
2021010307733,2021,010307733,1,9,0,18,19,5,1,0,0,0,0,0,0,0,1,1,6,6,1,47,8,1339,1,16,HONDA CIVIC,3,E01003522,0,-1
202131D137521,2021,31D137521,1,9,0,18,19,5,1,0,0,0,0,0,5,6,1,1,2,2,1,23,5,2204,2,14,HONDA CIVIC,10,E01028364,0,-1
2021440389845,2021,440389845,1,9,0,3,3,1,5,0,0,8,0,0,0,0,2,1,1,1,2,39,7,2204,2,12,HONDA CIVIC,4,E01017258,0,-1
202134NNC1861,2021,34NNC1861,1,9,0,18,19,3,7,0,0,0,0,0,0,0,1,1,6,6,1,34,6,1590,1,17,HONDA CIVIC,3,E01026967,0,-1
2021471119059,2021,471119059,2,9,0,10,10,7,4,0,0,1,0,0,0,0,2,1,5,6,2,26,6,1396,1,21,HONDA CIVIC,1,E01016964,0,-1
2021131071737,2021,131071737,2,9,0,10,10,3,5,0,0,6,0,0,0,0,1,1,2,2,1,47,8,1396,1,17,HONDA CIVIC,2,E01011359,0,-1
2021010309667,2021,010309667,1,9,0,18,19,1,5,0,0,1,0,0,0,0,2,1,6,6,2,42,7,2204,2,13,HONDA CIVIC,2,E01000079,0,-1
2021101028113,2021,101028113,1,9,0,18,19,3,7,0,0,0,5,10,1,0,4,1,5,6,1,32,6,1998,1,12,HONDA CIVIC,4,E01008513,0,-1
20211382M0270,2021,1382M0270,1,9,0,16,19,3,1,0,0,4,1,9,7,0,1,1,2,2,2,48,8,1339,1,14,HONDA CIVIC,1,E01011340,0,-1
2021010331324,2021,010331324,2,9,0,9,9,7,6,0,0,8,0,0,0,0,4,1,6,6,1,56,9,1339,1,11,HONDA CIVIC,5,E01003292,0,-1
2021501135143,2021,501135143,1,9,0,18,19,1,5,0,0,1,0,0,0,0,1,1,6,6,1,41,7,1998,1,16,HONDA CIVIC,9,E01019911,0,-1
2021061057007,2021,061057007,1,9,0,18,19,3,7,0,0,0,0,0,0,0,1,1,6,6,1,23,5,1590,1,16,HONDA CIVIC,2,E01005450,0,-1
2021531042512,2021,531042512,2,9,0,4,4,-1,-1,0,0,1,0,0,0,0,3,1,5,6,1,32,6,2204,2,12,HONDA CIVIC,10,E01022359,0,-1
2021010324048,2021,010324048,1,9,0,5,5,5,1,8,6,0,1,0,0,0,1,1,2,2,1,38,7,1339,8,13,HONDA CIVIC,4,E01003230,0,-1
2021320690250,2021,320690250,1,9,0,16,19,6,8,0,0,0,0,0,1,4,1,1,6,6,1,74,10,1396,1,17,HONDA CIVIC,8,E01026223,0,-1
20211381T1209,2021,1381T1209,1,9,0,5,5,1,5,0,0,2,0,0,0,0,4,1,6,6,2,39,7,2204,2,14,HONDA CIVIC,1,E01011494,0,-1
2021010321386,2021,010321386,1,9,0,18,19,3,7,0,0,1,0,0,0,0,3,1,1,1,1,48,8,1488,1,45,HONDA CIVIC,2,E01003238,0,-1
2021221095847,2021,221095847,2,9,0,10,10,2,8,0,0,1,0,0,0,0,2,1,5,6,2,51,8,2204,2,15,HONDA CIVIC,8,E01032439,0,-1
2021041019715,2021,041019715,1,9,0,18,19,2,6,0,0,0,5,0,7,11,1,1,2,2,1,26,6,1998,1,19,HONDA CIVIC,1,E01012578,0,-1
2021411043812,2021,411043812,1,9,0,5,5,7,5,0,0,8,0,0,0,0,3,1,6,6,1,54,8,988,1,2,HONDA CIVIC,6,E01023868,0,-1
20211381A1371,2021,1381A1371,3,9,0,18,19,4,2,0,0,8,0,0,0,0,1,1,6,6,1,26,6,1597,2,1,HONDA CIVIC,8,E01010790,0,-1
2021302101386,2021,302101386,2,9,0,18,19,4,8,0,0,8,1,0,7,2,1,1,2,2,1,28,6,2204,2,12,HONDA CIVIC,5,E01028189,0,-1
2021201028960,2021,201028960,1,9,0,18,19,4,8,0,0,1,0,0,0,0,1,1,6,6,3,-1,-1,2204,2,13,HONDA CIVIC,-1,-1,0,-1
2021471097246,2021,471097246,1,9,0,18,19,5,2,0,0,1,0,0,0,0,1,1,5,6,1,26,6,1799,1,13,HONDA CIVIC,3,E01004630,0,-1
2021547629421,2021,547629421,2,9,0,3,3,7,3,0,0,1,0,0,0,0,2,1,6,6,1,41,7,1590,1,16,HONDA CIVIC,4,E01015578,0,-1
2021430552062,2021,430552062,2,9,0,18,19,1,0,0,0,0,0,0,7,10,3,1,6,6,2,77,11,1590,1,19,HONDA CIVIC,6,E01028717,0,-1
2021010315619,2021,010315619,1,9,0,17,19,5,3,0,0,8,0,0,0,0,1,1,6,6,2,52,8,1590,1,20,HONDA CIVIC,5,E01004057,0,-1
2021141087164,2021,141087164,2,9,0,9,9,1,7,0,0,8,0,0,0,0,1,1,5,6,2,33,6,1799,1,15,HONDA CIVIC,7,E01009550,0,-1
2021131101026,2021,131101026,2,9,0,18,19,3,3,0,0,1,0,0,0,0,1,1,2,2,1,26,6,1590,1,16,HONDA CIVIC,3,E01010670,0,-1
2021061062142,2021,061062142,2,9,0,18,19,3,7,0,0,0,0,0,0,0,3,1,2,2,1,54,8,1799,1,15,HONDA CIVIC,2,E01033657,0,-1
2021201119330,2021,201119330,1,9,0,18,19,1,5,0,0,2,1,0,0,0,1,1,6,6,1,39,7,1590,1,16,HONDA CIVIC,1,E01032890,0,-1
2021501068034,2021,501068034,1,9,0,18,19,1,5,0,0,0,0,0,0,0,1,1,6,6,2,27,6,1590,1,18,HONDA CIVIC,4,E01020134,0,-1
2021371043408,2021,371043408,2,9,0,18,19,7,3,0,0,0,0,0,0,0,2,1,5,6,1,-1,-1,1396,1,23,HONDA CIVIC,8,E01030101,0,-1
2021031108265,2021,031108265,1,9,0,9,9,7,5,0,0,5,0,0,0,0,4,1,6,6,2,30,6,2204,2,14,HONDA CIVIC,2,E01019284,0,-1
2021010319504,2021,010319504,1,9,0,99,99,9,9,99,99,9,9,99,9,99,2,9,6,6,1,50,8,1339,8,12,HONDA CIVIC,2,E01001734,0,-1