collision_index,collision_year,collision_ref_no,vehicle_reference,vehicle_type,towing_and_articulation,vehicle_manoeuvre_historic,vehicle_manoeuvre,vehicle_direction_from,vehicle_direction_to,vehicle_location_restricted_lane_historic,vehicle_location_restricted_lane,junction_location,skidding_and_overturning,hit_object_in_carriageway,vehicle_leaving_carriageway,hit_object_off_carriageway,first_point_of_impact,vehicle_left_hand_drive,journey_purpose_of_driver_historic,journey_purpose_of_driver,sex_of_driver,age_of_driver,age_band_of_driver,engine_capacity_cc,propulsion_code,age_of_vehicle,generic_make_model,driver_imd_decile,lsoa_of_driver,escooter_flag,driver_distance_banding
2021010336932,2021,010336932,2,9,0,18,19,3,7,0,0,1,1,0,0,0,1,1,6,6,3,31,6,1799,1,14,HONDA CIVIC,-1,-1,0,-1
2021320327627,2021,320327627,1,9,0,18,19,5,1,0,0,8,0,0,0,0,1,1,6,6,3,-1,-1,2204,2,14,HONDA CIVIC,-1,-1,0,-1
2021531075176,2021,531075176,2,9,0,18,19,3,7,0,0,0,0,0,0,0,1,1,5,6,1,50,8,1998,1,18,HONDA CIVIC,8,E01022409,0,-1
2021041110878,2021,041110878,1,9,0,12,12,5,3,0,0,1,0,0,0,0,1,1,5,6,1,68,10,1798,1,5,HONDA CIVIC,9,E01025558,0,-1
2021010336532,2021,010336532,2,9,0,2,2,0,0,0,0,1,1,0,1,2,2,1,6,6,3,-1,-1,1339,1,8,HONDA CIVIC,-1,-1,0,-1
2021421021576,2021,421021576,1,9,0,1,1,6,2,0,0,1,0,0,0,0,2,1,6,6,1,86,11,988,1,3,HONDA CIVIC,9,E01022082,0,-1
2021131119885,2021,131119885,1,9,0,18,19,4,8,0,0,8,0,0,0,0,1,1,2,2,1,46,8,1996,1,5,HONDA CIVIC,7,E01011744,0,-1
2021201102536,2021,201102536,1,9,0,3,3,8,4,0,0,8,0,0,0,0,1,1,6,6,1,-1,-1,1396,1,16,HONDA CIVIC,-1,-1,0,-1
2021061065447,2021,061065447,1,9,0,9,9,1,6,0,0,1,0,0,0,0,1,1,6,6,1,30,6,2204,2,13,HONDA CIVIC,1,E01005024,0,-1
2021531085522,2021,531085522,1,9,0,18,19,1,5,0,0,0,0,0,1,9,1,1,5,6,2,44,7,1686,2,18,HONDA CIVIC,4,E01022192,0,-1
2021501096833,2021,501096833,2,9,0,17,19,7,3,0,0,0,1,0,8,0,2,1,5,6,2,27,6,1396,1,20,HONDA CIVIC,3,E01018982,0,-1
2021520102848,2021,520102848,2,9,0,18,19,5,1,0,0,1,0,0,0,0,1,1,6,6,1,39,7,1998,1,14,HONDA CIVIC,9,E01020404,0,-1
2021451079619,2021,451079619,3,9,0,18,19,8,4,0,0,0,0,0,0,0,1,1,2,2,1,55,8,1339,8,12,HONDA CIVIC,8,E01030927,0,-1
2021531015136,2021,531015136,1,9,0,18,19,6,2,0,0,0,0,0,0,0,1,1,6,6,1,60,9,1686,2,16,HONDA CIVIC,10,E01022167,0,-1
2021548794021,2021,548794021,1,9,0,5,5,4,8,0,0,3,1,0,1,2,1,1,6,6,1,22,5,1590,1,16,HONDA CIVIC,7,E01015568,0,-1
2021041043250,2021,041043250,1,9,0,18,19,5,1,0,0,0,5,7,0,0,4,1,2,2,1,50,8,1339,1,14,HONDA CIVIC,2,E01012692,0,-1
2021501103812,2021,501103812,2,9,0,16,19,7,1,0,0,0,0,0,0,0,1,1,5,6,1,28,6,2204,2,13,HONDA CIVIC,6,W01001439,0,-1
2021351175157,2021,351175157,1,9,0,7,7,5,7,0,0,4,0,0,0,0,1,1,5,6,2,48,8,1798,1,6,HONDA CIVIC,10,E01018283,0,-1
2021131082124,2021,131082124,1,9,0,5,5,3,7,0,0,0,0,0,0,0,2,1,5,6,2,30,6,1799,1,14,HONDA CIVIC,3,E01011060,0,-1
2021201119316,2021,201119316,2,9,0,18,19,2,6,0,0,0,0,0,0,0,2,1,6,6,2,41,7,1799,1,15,HONDA CIVIC,3,E01004317,0,-1
2021101077987,2021,101077987,2,9,0,5,5,1,3,0,0,1,0,0,1,0,4,1,6,6,2,46,8,1799,1,13,HONDA CIVIC,4,E01008660,0,-1
2021122200080,2021,122200080,1,9,0,10,10,2,6,0,0,1,0,0,0,0,0,1,6,6,1,72,10,1799,1,12,HONDA CIVIC,7,E01007198,0,-1
2021141032494,2021,141032494,2,9,0,1,1,6,2,0,0,0,0,0,0,0,2,1,6,6,1,-1,-1,2204,2,14,HONDA CIVIC,-1,-1,0,-1
2021552100937,2021,552100937,1,9,0,18,19,5,1,0,0,0,5,0,1,10,1,1,6,6,1,29,6,1998,1,17,HONDA CIVIC,10,E01020402,0,-1
2021221120334,2021,221120334,1,9,0,9,9,2,6,0,0,5,0,0,0,0,1,1,5,6,1,23,5,1998,1,16,HONDA CIVIC,8,E01014147,0,-1
2021451084749,2021,451084749,2,9,0,18,19,8,4,0,0,0,0,0,0,0,1,1,6,6,3,45,7,1590,1,16,HONDA CIVIC,5,E01030984,0,-1
2021161100279,2021,161100279,1,9,0,7,7,2,5,0,0,0,0,0,0,0,4,1,6,6,2,-1,-1,1799,1,11,HONDA CIVIC,2,E01012886,0,-1
2021522200701,2021,522200701,2,9,0,4,4,2,6,0,0,0,0,0,0,0,2,1,6,6,1,30,6,1799,1,15,HONDA CIVIC,-1,-1,0,-1
2021991064368,2021,991064368,2,9,0,18,19,7,3,0,0,8,0,0,7,0,1,1,6,6,1,48,8,988,1,2,HONDA CIVIC,1,-1,0,-1
2021211099945,2021,211099945,2,9,0,18,19,3,7,0,0,8,0,10,0,0,3,1,2,2,2,27,6,1799,1,14,HONDA CIVIC,-1,-1,0,-1
2021010348960,2021,010348960,2,9,0,9,9,5,2,0,0,5,0,0,0,0,1,1,6,6,1,22,5,1799,1,15,HONDA CIVIC,4,E01003766,0,-1
2021061121615,2021,061121615,1,9,0,5,5,6,2,0,0,8,0,0,0,0,1,1,6,6,1,20,4,1799,1,15,HONDA CIVIC,1,E01004793,0,-1
2021201100067,2021,201100067,4,9,0,2,2,0,0,0,0,0,0,0,0,0,1,1,5,6,2,33,6,1799,1,15,HONDA CIVIC,-1,-1,0,-1
2021421117215,2021,421117215,2,9,0,18,19,4,2,0,0,1,0,0,0,0,1,1,2,2,1,50,8,1798,1,7,HONDA CIVIC,6,E01021404,0,-1
2021010322530,2021,010322530,2,9,9,99,99,9,9,99,99,1,9,99,9,99,9,9,6,6,3,-1,-1,2204,2,12,HONDA CIVIC,5,E01031574,0,-1
2021201134080,2021,201134080,3,9,0,18,19,8,4,0,0,0,0,0,0,0,1,1,6,6,1,33,6,2204,2,15,HONDA CIVIC,1,E01010401,0,-1
2021440301125,2021,440301125,1,9,0,18,19,8,4,0,0,0,0,0,0,0,4,1,6,6,2,85,11,1396,1,23,HONDA CIVIC,3,E01017091,0,-1
2021010338869,2021,010338869,2,9,0,9,9,1,7,0,0,1,0,0,0,0,1,1,6,6,1,31,6,1339,8,14,HONDA CIVIC,2,E01004238,0,-1
2021101103177,2021,101103177,1,9,0,3,3,1,5,0,0,1,0,0,0,0,4,1,6,6,1,45,7,1597,2,5,HONDA CIVIC,3,E01008168,0,-1
2021122100629,2021,122100629,1,9,0,18,19,1,5,0,0,3,2,10,1,10,4,1,6,6,2,29,6,1590,1,16,HONDA CIVIC,1,E01011368,0,-1
2021010302137,2021,010302137,1,9,0,99,99,9,9,99,99,9,9,99,9,99,2,9,6,6,1,35,6,1339,8,14,HONDA CIVIC,2,E01000902,0,-1
2021991033657,2021,991033657,1,9,0,5,5,5,1,0,0,0,0,0,0,0,1,1,5,6,1,54,8,1597,2,6,HONDA CIVIC,4,-1,0,-1
2021461032849,2021,461032849,3,9,0,18,19,5,1,0,0,0,1,0,0,0,2,1,5,6,2,35,6,2204,2,13,HONDA CIVIC,9,E01016147,0,-1
2021501147289,2021,501147289,3,9,0,17,19,8,3,0,0,0,0,0,0,0,1,1,5,6,1,57,9,2204,2,11,HONDA CIVIC,3,E01019922,0,-1
2021440512530,2021,440512530,1,9,0,18,19,5,1,0,0,1,0,0,0,0,1,1,1,1,1,40,7,1686,2,16,HONDA CIVIC,3,E01017179,0,-1
2021522104560,2021,522104560,1,9,0,16,19,4,8,0,0,1,0,0,0,0,1,1,6,6,1,43,7,1799,1,14,HONDA CIVIC,10,E01014883,0,-1
2021061030444,2021,061030444,1,9,0,7,7,3,5,0,0,8,0,0,0,0,3,1,5,6,1,33,6,1799,1,14,HONDA CIVIC,2,E01005238,0,-1
2021471050966,2021,471050966,2,9,0,18,19,6,2,0,0,1,0,0,0,0,3,1,5,6,1,30,6,1998,1,14,HONDA CIVIC,5,E01031671,0,-1
202134NNC0511,2021,34NNC0511,1,9,0,2,2,0,0,0,0,0,0,0,0,0,2,1,6,6,3,-1,-1,1799,1,14,HONDA CIVIC,7,E01032967,0,-1
2021131064326,2021,131064326,2,9,0,4,4,6,2,0,0,0,0,0,0,0,2,1,2,2,1,50,8,2204,2,13,HONDA CIVIC,2,E01010682,0,-1
2021101053332,2021,101053332,1,9,0,7,7,2,4,0,0,0,0,0,0,0,1,1,5,6,1,21,5,2204,2,14,HONDA CIVIC,2,E01027551,0,-1
2021131045603,2021,131045603,2,9,0,18,19,5,1,0,0,3,0,0,0,0,4,2,1,1,1,39,7,1339,1,10,HONDA CIVIC,2,E01010929,0,-1
2021041096807,2021,041096807,2,9,0,18,19,5,1,0,0,0,0,0,0,0,1,1,5,6,1,35,6,2204,2,12,HONDA CIVIC,2,E01012580,0,-1
2021041114601,2021,041114601,1,9,0,4,4,1,5,0,0,0,0,0,0,0,1,1,1,1,2,53,8,2204,2,15,HONDA CIVIC,3,-1,0,-1
2021131103221,2021,131103221,2,9,0,18,19,2,6,0,0,1,0,0,0,0,4,1,5,6,1,32,6,1798,1,9,HONDA CIVIC,3,E01011123,0,-1
2021421075264,2021,421075264,1,9,0,18,19,1,5,0,0,0,1,0,1,0,1,1,5,6,1,25,5,1799,1,13,HONDA CIVIC,2,E01001553,0,-1
2021010328775,2021,010328775,1,9,0,99,99,9,9,99,99,9,9,99,9,99,2,9,2,2,1,34,6,1799,1,14,HONDA CIVIC,6,E01003694,0,-1
20211382J1047,2021,1382J1047,1,9,0,18,19,2,6,0,0,8,0,0,0,0,1,1,6,6,1,30,6,1686,2,16,HONDA CIVIC,1,E01011338,0,-1
202131C192821,2021,31C192821,1,9,0,18,19,2,6,0,0,8,0,0,0,0,1,1,1,1,2,31,6,2204,2,15,HONDA CIVIC,7,E01028175,0,-1
2021411039996,2021,411039996,1,9,0,18,19,1,4,0,0,0,0,0,0,0,1,1,5,6,2,56,9,1590,1,16,HONDA CIVIC,4,E01023779,0,-1
2021141051470,2021,141051470,1,9,0,10,10,3,1,0,0,0,1,0,0,0,2,1,6,6,1,50,8,1799,1,9,HONDA CIVIC,2,E01007763,0,-1
2021430554776,2021,430554776,1,9,0,18,19,2,6,0,0,8,0,0,0,0,3,1,6,6,1,22,5,2204,2,13,HONDA CIVIC,10,E01016528,0,-1
2021548171321,2021,548171321,3,9,0,18,19,2,6,0,0,1,0,0,0,0,1,1,6,6,2,25,5,1799,1,13,HONDA CIVIC,10,E01015563,0,-1
2021111037061,2021,111037061,1,9,0,5,5,1,5,0,0,6,0,0,0,0,3,1,5,6,2,59,9,988,1,4,HONDA CIVIC,-1,-1,0,-1
2021471045843,2021,471045843,1,9,0,16,19,1,5,0,0,2,0,0,7,11,4,1,5,6,1,29,6,1590,1,20,HONDA CIVIC,6,E01031538,0,-1
2021041041378,2021,041041378,1,9,0,18,19,1,5,0,0,0,0,0,0,0,0,1,6,6,1,30,6,1339,8,13,HONDA CIVIC,2,E01025244,0,-1
202131D057321,2021,31D057321,1,9,0,18,19,4,8,0,0,1,0,0,0,0,4,1,2,2,1,28,6,1798,1,9,HONDA CIVIC,5,E01028161,0,-1
2021501026600,2021,501026600,1,9,0,18,19,5,1,0,0,1,0,0,0,0,1,1,6,6,2,28,6,1590,1,20,HONDA CIVIC,4,E01015177,0,-1
2021501122172,2021,501122172,1,9,0,7,7,1,5,0,0,1,0,0,0,0,1,1,5,6,2,-1,-1,2204,2,13,HONDA CIVIC,4,E01015247,0,-1
2021010317177,2021,010317177,1,9,0,18,19,1,5,0,0,0,0,4,0,0,1,1,6,6,2,31,6,1590,1,16,HONDA CIVIC,2,E01003313,0,-1
2021622100363,2021,622100363,2,9,0,4,4,4,8,0,0,0,0,0,0,0,2,1,6,6,1,48,8,1686,2,16,HONDA CIVIC,4,W01001178,0,-1
2021122200146,2021,122200146,1,9,0,1,1,1,5,0,0,0,0,0,0,0,2,1,1,1,1,28,6,2204,2,13,HONDA CIVIC,4,E01027906,0,-1
2021461099225,2021,461099225,1,9,0,11,11,3,7,0,0,0,5,4,0,0,1,1,6,6,1,71,10,1396,1,24,HONDA CIVIC,1,E01024580,0,-1
2021201025024,2021,201025024,1,9,0,18,19,1,5,0,0,0,0,0,0,0,4,1,1,1,1,42,7,1339,1,14,HONDA CIVIC,4,E01009625,0,-1
2021201063887,2021,201063887,1,9,0,2,2,3,7,0,0,1,0,0,0,0,0,1,5,6,1,48,8,1339,1,10,HONDA CIVIC,-1,-1,0,-1
2021201085327,2021,201085327,2,9,0,2,2,0,0,0,0,0,0,0,0,0,3,1,6,6,1,51,8,1597,2,5,HONDA CIVIC,2,E01009980,0,-1
2021471070305,2021,471070305,1,9,0,16,19,4,8,0,0,0,0,0,0,0,1,1,2,2,1,48,8,1396,1,24,HONDA CIVIC,6,E01031643,0,-1
2021221151008,2021,221151008,2,9,0,2,2,0,0,0,0,0,0,0,0,0,2,1,5,6,2,55,8,1597,2,5,HONDA CIVIC,9,E01032220,0,-1
2021138241407,2021,138241407,1,9,0,18,19,2,6,0,0,0,0,0,0,0,1,1,6,6,1,39,7,2204,2,12,HONDA CIVIC,3,E01011331,0,-1
2021371101456,2021,371101456,2,9,0,18,19,5,1,0,0,0,0,0,0,0,0,1,5,6,1,56,9,2204,2,13,HONDA CIVIC,4,E01029950,0,-1
2021421031868,2021,421031868,3,9,0,2,2,0,0,0,0,0,0,0,0,0,3,1,6,6,3,-1,-1,1686,2,18,HONDA CIVIC,-1,-1,0,-1
2021501053563,2021,501053563,2,9,0,18,19,3,7,0,0,1,1,0,0,0,3,1,5,6,1,33,6,2204,2,15,HONDA CIVIC,4,E01019980,0,-1
2021421061006,2021,421061006,2,9,0,3,3,1,5,0,0,1,0,0,0,0,2,1,2,2,1,49,8,1799,1,15,HONDA CIVIC,8,E01021931,0,-1
2021010312643,2021,010312643,2,9,0,99,99,9,9,99,99,9,9,99,9,99,1,9,6,6,3,-1,-1,1798,1,7,HONDA CIVIC,-1,-1,0,-1
2021010304785,2021,010304785,1,9,0,4,4,5,1,0,0,0,0,0,0,0,2,1,6,6,1,26,6,988,1,4,HONDA CIVIC,2,E01024315,0,-1
2021061067050,2021,061067050,1,9,0,18,19,8,4,0,0,0,0,0,0,0,3,1,6,6,1,31,6,1493,1,25,HONDA CIVIC,2,E01005230,0,-1
2021201065500,2021,201065500,1,9,0,18,19,4,8,0,0,8,0,0,0,0,1,1,6,6,1,46,8,1799,1,11,HONDA CIVIC,3,E01010434,0,-1
2021010322080,2021,010322080,1,9,0,16,19,7,3,0,0,4,0,0,7,11,1,1,6,6,2,36,7,1590,1,17,HONDA CIVIC,3,E01000020,0,-1
202154B051821,2021,54B051821,1,9,0,18,19,5,1,0,0,1,0,0,0,0,3,1,3,7,2,38,7,2204,2,15,HONDA CIVIC,2,E01015537,0,-1
2021131034864,2021,131034864,1,9,0,3,3,5,3,0,0,8,0,0,0,0,3,1,2,2,1,32,6,1597,2,7,HONDA CIVIC,1,E01011423,0,-1
2021201138259,2021,201138259,1,9,0,9,9,4,2,0,0,5,0,0,0,0,1,1,1,1,1,59,9,1798,1,9,HONDA CIVIC,4,E01009268,0,-1
2021141065043,2021,141065043,1,9,0,7,7,8,2,0,0,4,5,9,0,0,1,1,5,6,1,45,7,1799,1,15,HONDA CIVIC,2,E01007855,0,-1
2021101041295,2021,101041295,2,9,0,3,3,7,3,0,0,0,0,0,0,0,2,1,6,6,1,37,7,988,1,3,HONDA CIVIC,2,E01008569,0,-1
2021361062290,2021,361062290,1,9,0,18,19,7,2,0,0,0,0,0,1,0,1,1,1,1,1,63,9,1597,2,3,HONDA CIVIC,8,E01026508,0,-1
2021010305546,2021,010305546,5,9,0,2,2,0,0,0,0,1,0,0,0,0,4,1,6,6,3,-1,-1,1798,1,4,HONDA CIVIC,-1,-1,0,-1
2021522104702,2021,522104702,3,9,0,18,19,5,1,0,0,0,0,0,0,0,1,1,6,6,2,39,7,1590,1,19,HONDA CIVIC,2,E01014610,0,-1
2021041016125,2021,041016125,1,9,0,12,12,3,7,6,6,1,1,0,4,0,3,1,5,6,2,43,7,1339,1,10,HONDA CIVIC,8,E01025420,0,-1
2021430576725,2021,430576725,2,9,0,7,7,4,7,0,0,6,0,0,0,0,1,1,6,6,1,-1,-1,1799,1,14,HONDA CIVIC,7,E01016331,0,-1
2021052100027,2021,052100027,1,9,0,18,19,5,1,0,0,0,0,0,0,0,1,1,6,6,1,28,6,1396,1,19,HONDA CIVIC,2,E01006948,0,-1
2021131050184,2021,131050184,2,9,0,2,2,5,1,0,0,0,0,0,0,0,1,1,6,6,3,-1,-1,1590,1,22,HONDA CIVIC,-1,-1,0,-1
2021401078295,2021,401078295,1,9,0,17,19,3,7,0,0,0,2,0,1,9,1,1,6,6,3,-1,-1,988,1,0,HONDA CIVIC,-1,-1,0,-1
2021010329393,2021,010329393,1,9,0,99,99,9,9,99,99,9,9,99,9,99,9,9,6,6,2,23,5,1799,1,15,HONDA CIVIC,4,E01000980,0,-1
2021201082737,2021,201082737,1,9,0,18,19,-1,-1,0,0,1,0,0,0,0,1,1,6,6,3,-1,-1,1799,1,10,HONDA CIVIC,-1,-1,0,-1
2021131104309,2021,131104309,2,9,0,18,19,1,1,0,0,0,0,0,0,0,2,1,6,6,1,30,6,1597,2,8,HONDA CIVIC,2,E01017116,0,-1
2021430157487,2021,430157487,1,9,0,18,19,8,4,0,0,1,0,0,0,0,1,1,6,6,1,40,7,1339,1,15,HONDA CIVIC,-1,-1,0,-1
2021371051878,2021,371051878,2,9,0,18,19,2,6,0,0,0,0,0,1,9,1,1,5,6,2,45,7,2204,2,15,HONDA CIVIC,6,E01033453,0,-1
2021552100749,2021,552100749,1,9,0,18,19,3,7,0,0,0,0,0,0,0,1,1,6,6,2,56,9,1798,1,7,HONDA CIVIC,5,E01020506,0,-1
2021471028349,2021,471028349,1,9,0,4,4,1,5,0,0,0,0,0,0,0,1,2,6,6,1,21,5,1799,1,15,HONDA CIVIC,1,E01016880,0,-1
2021501049122,2021,501049122,2,9,0,5,5,8,4,0,0,0,0,0,0,0,1,1,6,6,1,29,6,1590,1,16,HONDA CIVIC,10,E01020194,0,-1
2021991086744,2021,991086744,2,8,0,3,3,1,5,0,0,1,0,0,0,0,3,1,1,1,1,33,6,1597,2,2,HONDA CIVIC,4,-1,0,-1
2021010296680,2021,010296680,1,9,0,4,4,1,5,0,0,2,0,0,0,0,4,1,6,6,1,36,7,988,1,1,HONDA CIVIC,1,E01000508,0,-1
2021320552552,2021,320552552,2,9,0,2,2,0,0,0,0,0,0,0,0,0,2,1,6,6,2,25,5,1339,1,12,HONDA CIVIC,6,E01026344,0,-1
2021440236638,2021,440236638,1,9,0,4,4,7,3,0,0,0,0,0,0,0,2,1,6,6,1,73,10,2204,2,15,HONDA CIVIC,7,E01031979,0,-1
2021041115433,2021,041115433,2,9,0,18,19,1,1,0,0,0,0,0,0,0,2,1,5,6,1,31,6,1996,1,5,HONDA CIVIC,7,E01024938,0,-1
2021440153289,2021,440153289,2,9,0,4,4,3,7,0,0,8,0,0,0,0,1,1,6,6,3,-1,-1,1597,2,8,HONDA CIVIC,-1,-1,0,-1
2021041079569,2021,041079569,1,9,0,18,19,1,5,0,0,0,1,10,0,0,4,1,5,6,1,19,4,988,1,4,HONDA CIVIC,5,E01024969,0,-1
2021411056682,2021,411056682,2,9,0,18,19,6,2,0,0,0,0,0,0,0,2,1,6,6,1,44,7,988,1,3,HONDA CIVIC,7,E01007605,0,-1
2021010319427,2021,010319427,2,9,0,18,19,8,4,0,0,1,0,0,0,0,1,1,6,6,1,32,6,1998,1,14,HONDA CIVIC,2,E01003346,0,-1
2021010342407,2021,010342407,4,9,0,2,2,0,0,0,0,1,0,0,0,0,4,1,6,6,3,-1,-1,1590,1,22,HONDA CIVIC,-1,-1,0,-1
2021430156840,2021,430156840,1,9,0,18,19,8,4,0,0,5,2,0,0,0,1,1,1,1,1,49,8,2204,2,15,HONDA CIVIC,5,E01028530,0,-1
2021440397808,2021,440397808,3,9,0,8,8,5,3,0,0,1,0,0,0,0,1,1,2,2,1,31,6,1799,1,15,HONDA CIVIC,7,E01022710,0,-1
2021221075130,2021,221075130,1,9,0,3,3,8,4,0,0,1,0,0,0,0,1,1,5,6,1,68,10,1339,8,13,HONDA CIVIC,6,E01028863,0,-1
2021010287379,2021,010287379,2,9,0,9,9,3,2,0,0,1,0,0,0,0,4,1,6,6,1,23,5,1339,1,11,HONDA CIVIC,2,E01004224,0,-1
2021501030652,2021,501030652,3,9,0,3,3,3,7,0,0,0,0,0,0,0,2,1,6,6,1,36,7,2204,2,11,HONDA CIVIC,1,E01015145,0,-1
2021520105919,2021,520105919,1,9,0,18,19,1,5,0,0,0,0,0,0,0,1,1,6,6,2,80,11,1590,1,20,HONDA CIVIC,5,E01029193,0,-1
2021201058719,2021,201058719,1,9,0,9,9,1,6,0,0,5,0,0,0,0,4,1,6,6,3,67,10,1339,1,13,HONDA CIVIC,9,E01010332,0,-1
2021622100996,2021,622100996,1,9,0,1,1,8,4,0,0,0,0,0,0,0,2,1,6,6,1,34,6,1799,1,15,HONDA CIVIC,8,W01001122,0,-1
202134WNC4071,2021,34WNC4071,1,9,0,18,19,1,5,0,0,0,0,0,0,0,1,1,6,6,2,31,6,1590,1,16,HONDA CIVIC,1,E01027140,0,-1
2021461116486,2021,461116486,1,9,0,18,19,2,4,0,0,0,0,0,0,0,1,1,6,6,1,54,8,1799,1,12,HONDA CIVIC,9,E01024409,0,-1
2021421019378,2021,421019378,1,9,0,18,19,2,6,0,0,0,0,0,0,0,1,1,6,6,3,16,4,1396,1,19,HONDA CIVIC,-1,-1,0,-1
2021010299373,2021,010299373,1,9,0,3,3,5,1,0,0,0,0,0,0,0,2,1,6,6,1,69,10,1590,1,19,HONDA CIVIC,4,E01000546,0,-1
2021010314977,2021,010314977,2,9,0,9,9,5,2,0,0,1,0,0,0,0,3,1,6,6,1,51,8,1799,1,14,HONDA CIVIC,-1,-1,0,-1
2021991045461,2021,991045461,1,9,0,18,19,4,8,0,0,0,1,0,0,0,1,1,6,6,1,18,4,2204,2,12,HONDA CIVIC,1,-1,0,-1
2021522103691,2021,522103691,1,9,0,18,19,5,1,0,0,0,0,0,0,0,4,1,6,6,1,55,8,2204,2,11,HONDA CIVIC,10,E01014477,0,-1
2021361076241,2021,361076241,2,9,0,11,11,1,6,0,0,0,0,0,0,0,3,1,5,6,1,55,8,988,1,1,HONDA CIVIC,6,E01026722,0,-1
2021991029074,2021,991029074,1,9,0,9,9,8,5,0,0,1,0,0,0,0,0,1,6,6,1,36,7,1339,1,13,HONDA CIVIC,1,-1,0,-1
2021201062149,2021,201062149,2,9,0,17,19,7,4,0,0,8,0,0,0,0,1,1,6,6,1,35,6,1590,1,19,HONDA CIVIC,1,E01009124,0,-1
2021061052835,2021,061052835,2,9,0,4,4,2,4,0,0,0,0,0,0,0,1,1,6,6,3,30,6,1590,1,19,HONDA CIVIC,-1,-1,0,-1
2021010335271,2021,010335271,2,9,0,18,19,1,5,0,0,0,0,0,0,0,0,1,6,6,1,-1,-1,1590,1,17,HONDA CIVIC,5,E01031325,0,-1
2021201060731,2021,201060731,2,9,0,18,19,5,2,0,0,0,0,0,0,0,1,1,6,6,1,52,8,2204,2,13,HONDA CIVIC,4,E01010259,0,-1
2021131125521,2021,131125521,1,9,0,18,19,5,1,0,0,1,0,0,0,0,1,1,2,2,2,30,6,1590,1,19,HONDA CIVIC,2,E01010649,0,-1
2021131109914,2021,131109914,1,9,0,3,3,5,1,0,0,1,0,0,0,0,2,1,2,2,2,38,7,1799,1,11,HONDA CIVIC,3,E01010867,0,-1
2021302100894,2021,302100894,1,9,0,18,19,2,6,0,0,5,0,0,0,0,1,1,6,6,1,41,7,1799,1,13,HONDA CIVIC,6,E01033536,0,-1
2021010350266,2021,010350266,2,9,0,18,19,5,1,0,0,1,0,0,0,0,4,2,6,6,2,21,5,1339,8,11,HONDA CIVIC,2,E01003594,0,-1
202134NNC3561,2021,34NNC3561,1,9,0,18,19,3,7,0,0,1,0,0,0,0,1,1,6,6,1,48,8,1799,1,15,HONDA CIVIC,7,E01026974,0,-1
2021421045097,2021,421045097,1,9,0,2,2,6,3,0,0,0,0,0,0,0,2,1,6,6,3,-1,-1,2204,2,15,HONDA CIVIC,-1,-1,0,-1
2021010314730,2021,010314730,2,9,0,13,13,8,4,0,0,0,0,0,0,0,1,1,6,6,3,-1,-1,1799,1,14,HONDA CIVIC,-1,-1,0,-1
2021010306579,2021,010306579,1,9,0,3,3,5,1,0,0,0,0,0,0,0,2,1,2,2,1,26,6,1798,1,8,HONDA CIVIC,3,E01003616,0,-1
2021010332261,2021,010332261,1,9,0,18,19,5,1,0,0,0,0,0,0,0,4,1,6,6,2,61,9,1339,1,8,HONDA CIVIC,8,E01000269,0,-1
2021320360239,2021,320360239,1,9,0,17,19,3,7,0,0,0,1,0,1,10,1,1,6,6,1,18,4,1590,1,18,HONDA CIVIC,9,E01026203,0,-1
2021101104623,2021,101104623,1,9,0,9,9,7,4,0,0,8,0,0,1,0,3,1,2,2,1,27,6,1339,1,10,HONDA CIVIC,9,E01027465,0,-1
2021991067080,2021,991067080,2,9,0,17,19,1,5,0,0,1,0,0,0,0,1,1,6,6,2,31,6,1339,1,11,HONDA CIVIC,1,-1,0,-1
2021351078727,2021,351078727,2,9,0,5,5,6,8,0,0,5,0,0,0,0,1,1,6,6,1,38,7,2204,2,14,HONDA CIVIC,-1,-1,0,-1
2021010309104,2021,010309104,1,9,0,10,10,1,6,0,0,5,0,0,0,0,2,1,6,6,1,36,7,1343,1,21,-1,8,E01001030,0,-1
2021010331816,2021,010331816,1,9,0,18,19,3,7,0,0,0,0,0,0,0,1,1,6,6,1,57,9,1998,1,14,-1,2,E01004434,0,-1
2021991085923,2021,991085923,1,3,0,18,19,4,8,0,0,0,0,0,0,0,1,1,5,6,1,23,5,124,1,6,-1,6,-1,0,-1
2021440199853,2021,440199853,1,5,0,18,19,8,4,0,0,0,0,0,0,0,4,1,6,6,1,27,6,125,1,0,-1,3,E01017195,0,-1
2021161084460,2021,161084460,1,3,0,18,19,8,4,0,0,0,2,0,1,0,0,1,1,1,1,36,7,125,1,0,-1,3,E01012913,0,-1
2021211108528,2021,211108528,2,3,0,18,19,7,3,0,0,1,0,0,0,0,1,1,6,6,1,40,7,125,1,12,-1,4,E01029692,0,-1
2021101042568,2021,101042568,2,9,0,9,9,5,6,0,0,8,0,0,0,0,3,1,6,6,2,54,8,2497,2,11,HYUNDAI I800,2,E01008663,0,-1
2021351096941,2021,351096941,2,10,0,3,3,5,1,0,0,1,0,0,0,0,2,1,5,6,2,29,6,-1,-1,-1,HYUNDAI I800,6,E01033179,0,-1
2021052101057,2021,052101057,1,9,0,5,5,1,7,0,0,1,0,0,0,0,0,1,6,6,1,33,6,2497,2,4,HYUNDAI I800,8,E01006651,0,-1
202131C194221,2021,31C194221,2,9,0,8,8,2,6,0,0,1,0,0,0,0,3,1,2,2,1,39,7,2497,2,2,HYUNDAI I800,1,E01013865,0,-1