collision_index,collision_year,collision_ref_no,vehicle_reference,vehicle_type,towing_and_articulation,vehicle_manoeuvre_historic,vehicle_manoeuvre,vehicle_direction_from,vehicle_direction_to,vehicle_location_restricted_lane_historic,vehicle_location_restricted_lane,junction_location,skidding_and_overturning,hit_object_in_carriageway,vehicle_leaving_carriageway,hit_object_off_carriageway,first_point_of_impact,vehicle_left_hand_drive,journey_purpose_of_driver_historic,journey_purpose_of_driver,sex_of_driver,age_of_driver,age_band_of_driver,engine_capacity_cc,propulsion_code,age_of_vehicle,generic_make_model,driver_imd_decile,lsoa_of_driver,escooter_flag,driver_distance_banding
2021302100031,2021,302100031,1,9,0,18,19,1,6,0,0,0,1,0,0,0,1,1,6,6,2,38,7,2497,2,2,HYUNDAI I800,8,E01019867,0,-1
2021361025757,2021,361025757,1,9,0,18,19,8,4,0,0,0,2,0,1,0,2,1,1,1,1,35,6,2497,2,5,HYUNDAI I800,7,E01009554,0,-1
2021371090215,2021,371090215,1,9,0,9,9,8,4,0,0,0,1,0,0,0,4,1,5,6,2,34,6,2497,2,5,HYUNDAI I800,4,E01030113,0,-1
2021161086485,2021,161086485,1,9,0,18,19,7,3,0,0,3,0,0,0,0,1,1,5,6,1,39,7,2497,2,2,HYUNDAI I800,7,E01013096,0,-1
2021471070857,2021,471070857,2,10,0,18,19,3,7,0,0,8,0,0,0,0,1,1,1,1,1,34,6,-1,-1,-1,HYUNDAI I800,6,E01031445,0,-1
2021141048515,2021,141048515,2,9,0,10,10,1,8,0,0,0,0,0,0,0,1,1,1,1,1,59,9,2497,2,4,HYUNDAI I800,6,E01007640,0,-1
2021010307952,2021,010307952,1,9,0,99,99,9,9,99,99,9,9,99,9,99,9,9,6,6,2,43,7,2497,2,2,HYUNDAI I800,2,E01004024,0,-1
2021010348285,2021,010348285,2,9,0,1,1,7,3,0,0,1,0,4,0,0,2,1,6,6,1,53,8,2497,2,5,HYUNDAI I800,7,E01017545,0,-1
2021111035764,2021,111035764,1,9,0,1,1,1,5,0,0,0,0,0,0,0,2,1,6,6,3,45,7,2497,2,6,HYUNDAI I800,-1,-1,0,-1
2021411119085,2021,411119085,2,9,0,18,19,6,2,0,0,8,0,0,0,0,4,1,1,1,1,48,8,2497,2,4,HYUNDAI I800,2,E01033146,0,-1
2021141095237,2021,141095237,1,9,0,18,19,3,7,0,0,1,1,0,0,0,1,1,1,1,1,24,5,2497,2,2,HYUNDAI I800,3,E01028027,0,-1
2021991025784,2021,991025784,1,9,0,18,19,3,7,0,0,2,0,7,8,2,1,1,6,6,2,62,9,2497,2,4,HYUNDAI I800,7,-1,0,-1
2021201126114,2021,201126114,1,9,0,9,9,6,4,0,0,5,0,0,0,0,1,1,2,2,1,59,9,2497,2,2,HYUNDAI I800,2,E01010470,0,-1
2021471047190,2021,471047190,1,9,0,1,1,4,8,0,0,8,0,0,0,0,2,1,5,6,2,38,7,2497,2,4,HYUNDAI I800,5,E01021074,0,-1
2021522103340,2021,522103340,1,9,0,3,3,1,5,0,0,0,0,0,0,0,2,1,6,6,1,48,8,2497,2,4,HYUNDAI I800,6,E01014451,0,-1
2021061061862,2021,061061862,1,9,0,8,8,3,5,2,2,6,0,0,0,0,1,1,6,6,1,30,6,2497,2,2,HYUNDAI I800,1,E01005434,0,-1
2021471032792,2021,471032792,2,9,0,5,5,2,6,0,0,0,0,0,0,0,1,1,5,6,2,45,7,2497,2,7,HYUNDAI I800,3,E01021178,0,-1
2021430059206,2021,430059206,1,9,0,18,19,3,7,0,0,0,0,0,0,0,1,1,6,6,2,42,7,2497,2,3,HYUNDAI I800,6,E01016817,0,-1
2021010328933,2021,010328933,2,9,0,18,19,7,3,0,0,1,0,0,0,0,1,1,6,6,1,30,6,2497,2,9,HYUNDAI I800,3,E01001362,0,-1
2021501111576,2021,501111576,1,9,0,17,19,8,4,0,0,0,2,0,0,0,4,1,5,6,1,30,6,2497,2,3,HYUNDAI I800,4,E01018956,0,-1
2021161079609,2021,161079609,1,9,0,16,19,3,6,0,0,1,0,0,0,0,1,1,5,6,1,51,8,2497,2,9,HYUNDAI I800,1,E01012889,0,-1
202163A079421,2021,63A079421,1,9,0,18,19,6,2,0,0,0,0,11,8,6,1,1,6,6,2,31,6,2359,1,15,-1,-1,-1,0,-1
2021622100210,2021,622100210,1,3,0,18,19,8,4,0,0,0,1,0,0,0,1,1,6,6,1,31,6,124,1,9,-1,2,W01000818,0,-1
2021111114709,2021,111114709,1,9,0,5,5,7,3,0,0,4,0,0,0,0,2,1,6,6,2,35,6,-1,3,0,-1,4,E01020881,0,-1
2021010321333,2021,010321333,2,9,0,99,99,9,9,99,99,9,9,99,9,99,1,9,6,6,3,-1,-1,-1,3,0,-1,-1,-1,0,-1
2021991124879,2021,991124879,1,8,0,9,9,2,7,0,0,8,0,0,0,0,1,1,1,1,1,47,8,-1,3,0,-1,4,-1,0,-1
2021010344410,2021,010344410,2,9,0,7,7,3,5,0,0,6,0,0,0,0,1,1,6,6,1,28,6,-1,3,0,-1,3,E01001004,0,-1
2021221088492,2021,221088492,1,9,0,5,5,1,4,0,0,6,0,0,0,0,3,1,5,6,1,84,11,-1,3,0,-1,10,E01033061,0,-1
2021440005070,2021,440005070,1,9,0,3,3,5,1,0,0,0,0,0,0,0,2,1,6,6,1,68,10,-1,3,0,-1,8,E01022607,0,-1
2021010309909,2021,010309909,2,8,9,99,99,9,9,99,99,9,9,99,9,99,9,9,6,6,3,48,8,-1,3,0,-1,2,E01003132,0,-1
2021010299973,2021,010299973,2,9,0,99,99,9,9,99,99,9,9,99,9,99,2,9,6,6,3,-1,-1,-1,3,0,-1,-1,-1,0,-1
2021351083154,2021,351083154,1,9,0,18,19,2,6,0,0,8,0,10,3,6,1,1,1,1,1,45,7,-1,3,0,-1,4,E01002309,0,-1
2021211021886,2021,211021886,2,9,0,5,5,1,5,0,0,2,0,0,0,0,2,1,6,6,2,47,8,1499,1,4,-1,-1,-1,0,-1
2021361048311,2021,361048311,3,9,0,18,19,1,7,0,0,0,0,0,0,0,2,1,6,6,2,20,4,1499,1,4,-1,8,E01026921,0,-1
2021070527697,2021,070527697,2,9,0,10,10,2,6,0,0,1,0,0,0,0,2,1,6,6,2,58,9,1499,1,3,-1,9,E01018665,0,-1
2021161110000,2021,161110000,1,9,0,9,9,2,6,0,0,0,0,0,0,0,2,1,2,2,2,31,6,1769,1,18,NISSAN ALMERA,8,E01013035,0,-1
2021430186657,2021,430186657,1,9,0,18,19,8,4,0,0,1,2,9,0,0,1,1,6,6,1,39,7,1497,1,18,NISSAN ALMERA,6,E01033525,0,-1
2021471120250,2021,471120250,1,9,0,9,9,4,2,0,0,4,0,0,0,0,1,1,5,6,2,59,9,1497,1,19,NISSAN ALMERA,6,E01031692,0,-1
2021010332338,2021,010332338,2,9,0,99,99,9,9,99,99,9,9,99,9,99,1,9,6,6,3,-1,-1,1497,1,16,NISSAN ALMERA,-1,-1,0,-1
2021161126984,2021,161126984,1,9,0,18,19,8,4,0,0,8,0,0,0,0,3,1,5,6,1,43,7,1497,1,20,NISSAN ALMERA,1,E01013311,0,-1
2021421023892,2021,421023892,1,9,0,18,19,5,1,0,0,1,0,0,0,0,1,1,6,6,2,73,10,1597,1,22,NISSAN ALMERA,10,E01021384,0,-1
202163C016821,2021,63C016821,1,9,0,5,5,5,1,0,0,6,0,0,0,0,3,1,2,2,1,57,9,1497,1,15,NISSAN ALMERA,5,W01000566,0,-1
2021010334668,2021,010334668,1,9,0,4,4,8,4,0,0,8,0,0,0,0,2,2,1,1,1,39,7,1769,1,19,NISSAN ALMERA,6,E01001275,0,-1
2021361029406,2021,361029406,1,9,5,18,19,1,5,0,0,0,0,0,0,0,1,1,2,2,1,53,8,1497,1,19,NISSAN ALMERA,4,E01026660,0,-1
2021320742015,2021,320742015,2,9,0,18,19,6,2,0,0,0,0,0,0,0,0,1,6,6,1,29,6,1497,1,18,NISSAN ALMERA,-1,-1,0,-1
2021451041252,2021,451041252,2,9,0,18,19,1,5,0,0,4,0,0,0,0,1,1,6,6,1,57,9,1497,1,16,NISSAN ALMERA,7,E01031567,0,-1
2021221049407,2021,221049407,1,9,0,13,13,2,6,0,0,8,0,10,7,11,1,1,5,6,1,19,4,1497,1,18,NISSAN ALMERA,1,E01010430,0,-1
2021361059592,2021,361059592,1,9,0,5,5,7,1,0,0,1,0,0,0,0,1,1,5,6,2,72,10,1769,1,16,NISSAN ALMERA,1,E01026687,0,-1
2021010306289,2021,010306289,1,9,0,7,7,5,7,0,0,5,0,0,0,0,4,1,6,6,1,29,6,1769,1,16,NISSAN ALMERA,-1,-1,0,-1
2021440117056,2021,440117056,1,9,0,5,5,0,7,0,0,1,0,0,0,0,1,1,3,7,2,37,7,1769,1,16,NISSAN ALMERA,4,E01032756,0,-1
2021430534652,2021,430534652,1,9,0,18,19,6,2,0,0,8,0,0,0,0,4,1,6,6,1,48,8,1769,1,16,NISSAN ALMERA,-1,-1,0,-1
2021461013151,2021,461013151,3,9,0,18,19,3,7,0,0,1,0,0,0,0,0,1,5,6,2,50,8,1769,1,18,NISSAN ALMERA,7,E01024737,0,-1
2021010343169,2021,010343169,1,9,0,10,10,1,6,1,1,1,0,0,0,0,1,1,6,6,2,60,9,1497,1,15,NISSAN ALMERA,4,E01003326,0,-1
2021991013199,2021,991013199,1,9,0,16,19,5,8,0,0,0,2,0,0,0,1,1,6,6,2,35,6,1769,1,16,NISSAN ALMERA,3,-1,0,-1
2021471020710,2021,471020710,1,9,0,18,19,7,1,0,0,1,0,0,0,0,1,1,6,6,1,30,6,1497,1,17,NISSAN ALMERA,6,E01030633,0,-1
2021552101020,2021,552101020,1,9,0,18,19,8,4,0,0,0,0,0,0,0,1,1,6,6,2,70,10,1769,1,20,NISSAN ALMERA,3,E01019053,0,-1
2021544053421,2021,544053421,3,9,0,18,19,7,3,0,0,8,0,0,0,0,1,1,6,6,1,69,10,1769,1,18,NISSAN ALMERA,9,E01016303,0,-1
2021201028962,2021,201028962,3,9,0,2,2,0,0,0,0,0,0,4,0,0,2,1,6,6,1,68,10,1769,1,18,NISSAN ALMERA,5,E01009615,0,-1
2021421102751,2021,421102751,1,9,0,18,19,6,2,0,0,0,0,0,2,3,3,1,6,6,1,-1,-1,1497,1,17,NISSAN ALMERA,-1,-1,0,-1
2021041046571,2021,041046571,1,9,0,17,19,3,7,0,0,0,0,0,0,0,1,1,5,6,2,90,11,1497,1,21,NISSAN ALMERA,-1,-1,0,-1
2021201036274,2021,201036274,1,9,0,12,12,5,2,0,0,0,5,11,0,0,1,1,6,6,1,42,7,1497,1,16,NISSAN ALMERA,10,E01010186,0,-1
2021451124575,2021,451124575,1,9,0,18,19,3,7,0,0,1,0,0,0,0,1,1,5,6,2,42,7,1497,1,18,NISSAN ALMERA,10,E01030535,0,-1
2021361038107,2021,361038107,2,9,0,18,19,1,6,0,0,0,0,0,0,0,4,1,5,6,1,79,11,1497,1,15,NISSAN ALMERA,3,E01026888,0,-1
2021371111539,2021,371111539,1,9,0,18,19,8,4,0,0,8,0,0,0,0,3,1,6,6,1,53,8,1769,1,20,NISSAN ALMERA,8,E01030145,0,-1
2021471029688,2021,471029688,2,9,0,17,19,5,4,0,0,2,0,0,0,0,4,1,5,6,1,57,9,1497,1,19,NISSAN ALMERA,5,E01020951,0,-1
2021451082708,2021,451082708,2,9,0,4,4,5,5,0,0,0,0,0,0,0,1,1,1,1,2,49,8,1497,1,16,NISSAN ALMERA,9,E01030783,0,-1
2021430258421,2021,430258421,1,9,0,18,19,8,4,0,0,7,0,0,0,0,4,1,6,6,2,31,6,1497,1,19,NISSAN ALMERA,2,E01030497,0,-1
2021201086238,2021,201086238,1,9,0,18,19,5,2,0,0,1,0,0,0,0,1,1,6,6,1,-1,-1,1497,1,15,NISSAN ALMERA,-1,-1,0,-1
2021552100624,2021,552100624,3,9,0,4,4,2,6,0,0,0,0,0,0,0,2,1,6,6,1,78,11,1769,1,20,NISSAN ALMERA,5,E01015205,0,-1
2021351103150,2021,351103150,2,9,0,18,19,4,8,0,0,0,0,0,0,0,4,1,5,6,1,49,8,1497,1,17,NISSAN ALMERA,2,E01001136,0,-1
2021052100714,2021,052100714,1,9,0,9,9,5,3,0,0,8,0,0,0,0,1,1,6,6,2,51,8,1769,1,19,NISSAN ALMERA,1,E01006702,0,-1
2021141013074,2021,141013074,2,9,0,18,19,4,8,0,0,1,0,0,0,0,1,1,6,6,1,68,10,1497,1,18,NISSAN ALMERA,2,E01007975,0,-1
2021451045781,2021,451045781,2,9,0,2,2,0,0,0,0,2,0,0,0,0,4,1,6,6,3,-1,-1,1497,1,20,NISSAN ALMERA,-1,-1,0,-1
2021501031588,2021,501031588,1,9,0,5,5,7,5,0,0,1,0,0,0,0,1,1,6,6,1,59,9,1597,1,22,NISSAN ALMERA,-1,-1,0,-1
2021010319065,2021,010319065,2,9,0,9,9,6,5,0,0,7,0,0,0,0,1,1,6,6,2,48,8,1497,1,18,NISSAN ALMERA,6,E01002724,0,-1
2021010294872,2021,010294872,1,9,0,7,7,1,4,0,0,1,0,0,0,0,4,1,1,1,1,29,6,1769,1,16,NISSAN ALMERA,3,E01003379,0,-1
2021010287740,2021,010287740,2,9,0,1,1,5,1,0,0,6,0,0,0,0,2,1,6,6,1,-1,-1,1497,1,16,NISSAN ALMERA,4,E01000471,0,-1
2021010343713,2021,010343713,1,9,0,16,19,7,3,0,0,1,0,10,0,0,3,1,6,6,1,31,6,1497,1,17,NISSAN ALMERA,9,E01003838,0,-1
2021141115110,2021,141115110,1,9,0,4,4,8,5,0,0,0,2,0,0,0,1,1,5,6,2,54,8,1769,1,18,NISSAN ALMERA,1,E01011504,0,-1
2021430263131,2021,430263131,1,9,0,18,19,4,8,0,0,0,0,0,0,0,1,1,6,6,2,78,11,1497,1,15,NISSAN ALMERA,10,E01017745,0,-1
2021451103180,2021,451103180,2,9,0,11,11,5,1,0,0,0,1,0,0,0,1,1,5,6,2,46,8,1769,1,16,NISSAN ALMERA,7,E01002142,0,-1
2021552100211,2021,552100211,1,9,0,17,19,1,6,0,0,0,5,0,2,10,4,1,6,6,1,71,10,1769,1,16,NISSAN ALMERA,8,E01020468,0,-1
2021430421057,2021,430421057,3,9,0,3,3,2,6,0,0,8,0,0,0,0,1,1,6,6,1,30,6,1497,1,16,NISSAN ALMERA,8,E01017653,0,-1
2021320251102,2021,320251102,1,9,0,16,19,2,6,0,0,0,5,0,1,9,1,1,6,6,1,26,6,1497,1,18,NISSAN ALMERA,5,E01026264,0,-1
2021361058796,2021,361058796,2,9,0,2,2,8,6,0,0,0,0,0,0,0,1,1,6,6,3,-1,-1,1769,1,17,NISSAN ALMERA,-1,-1,0,-1
2021471057289,2021,471057289,2,9,0,18,19,7,3,0,0,8,1,0,0,0,1,1,2,2,1,44,7,2184,2,18,NISSAN ALMERA,6,E01031445,0,-1
2021010331944,2021,010331944,2,9,0,99,99,9,9,99,99,9,9,99,9,99,3,9,6,6,3,36,7,1769,1,18,NISSAN ALMERA,1,E01004204,0,-1
2021010298631,2021,010298631,1,9,0,18,19,1,5,0,0,1,0,0,0,0,4,2,6,6,1,52,8,1769,1,16,NISSAN ALMERA,4,E01000965,0,-1
2021010299373,2021,010299373,2,9,0,3,3,5,1,0,0,0,0,0,0,0,2,1,6,6,1,60,9,1769,1,17,NISSAN ALMERA,4,E01000498,0,-1
2021010287596,2021,010287596,1,9,0,6,6,1,1,0,0,6,0,0,0,0,3,1,6,6,2,52,8,1497,1,17,NISSAN ALMERA,2,E01003975,0,-1
2021010294602,2021,010294602,2,9,0,99,99,9,9,99,99,9,9,99,9,99,1,9,6,6,3,36,7,1769,1,16,NISSAN ALMERA,10,E01000684,0,-1
2021991025526,2021,991025526,2,9,0,3,3,6,3,0,0,0,0,0,0,0,2,1,5,6,1,81,11,1769,1,16,NISSAN ALMERA,7,-1,0,-1
202134WNC0161,2021,34WNC0161,1,9,0,18,19,5,1,0,0,8,0,0,0,0,1,1,6,6,1,24,5,1769,1,20,NISSAN ALMERA,5,E01027145,0,-1
2021061116467,2021,061116467,2,9,0,18,19,6,2,0,0,0,0,0,0,0,4,1,5,6,1,56,9,1497,1,15,NISSAN ALMERA,1,E01005496,0,-1
2021440323611,2021,440323611,1,9,0,9,9,1,3,0,0,1,0,0,0,0,4,1,6,6,2,40,7,1497,1,17,NISSAN ALMERA,1,E01017154,0,-1
2021501090876,2021,501090876,2,9,0,18,19,2,6,0,0,1,0,0,0,0,3,1,6,6,2,34,6,1769,1,16,NISSAN ALMERA,6,E01015252,0,-1
2021010324548,2021,010324548,1,9,0,18,19,5,1,0,0,2,0,0,0,0,1,1,6,6,1,54,8,1597,1,25,NISSAN ALMERA,2,E01003313,0,-1
2021501084636,2021,501084636,1,9,0,18,19,5,1,0,0,0,5,11,0,0,1,1,6,6,2,34,6,1497,1,17,NISSAN ALMERA,7,E01018818,0,-1
2021451064859,2021,451064859,1,9,0,17,19,3,1,0,0,2,0,0,1,10,1,1,5,6,2,77,11,1497,1,16,NISSAN ALMERA,10,E01030871,0,-1
2021010293687,2021,010293687,3,9,0,2,2,0,0,0,0,2,0,4,0,0,2,1,6,6,3,-1,-1,1497,1,19,NISSAN ALMERA,-1,-1,0,-1
2021201041576,2021,201041576,4,9,0,2,2,0,0,0,0,2,0,0,0,0,1,1,6,6,1,-1,-1,1769,1,16,NISSAN ALMERA,-1,-1,0,-1
2021371056800,2021,371056800,1,9,0,17,19,1,5,0,0,0,0,0,1,1,1,1,5,6,1,32,6,1497,1,16,NISSAN ALMERA,9,E01029999,0,-1
2021451058116,2021,451058116,2,9,0,18,19,2,6,0,0,0,0,0,0,0,4,1,2,2,2,55,8,1769,1,16,NISSAN ALMERA,9,E01016641,0,-1
2021549266021,2021,549266021,1,9,0,9,9,5,3,0,0,5,0,0,0,0,4,1,6,6,1,33,6,1769,1,19,NISSAN ALMERA,6,E01031845,0,-1
2021552100796,2021,552100796,2,9,0,5,5,5,3,0,0,6,0,0,0,0,1,1,2,2,1,54,8,1497,1,15,NISSAN ALMERA,2,E01020553,0,-1
2021041033894,2021,041033894,1,9,0,14,14,5,1,0,0,1,0,0,0,0,3,1,6,6,3,-1,-1,1769,1,17,NISSAN ALMERA,-1,-1,0,-1
2021010297563,2021,010297563,3,9,0,18,19,7,3,0,0,1,0,0,0,0,2,1,6,6,1,50,8,1769,1,19,NISSAN ALMERA,8,E01000210,0,-1
2021052100891,2021,052100891,2,9,0,18,19,3,7,0,0,8,0,0,0,0,2,1,6,6,1,41,7,1497,1,17,NISSAN ALMERA,1,E01006552,0,-1
2021010321212,2021,010321212,2,9,0,18,19,3,7,0,0,2,0,0,0,0,2,1,6,6,2,52,8,1769,1,17,NISSAN ALMERA,6,E01003394,0,-1
2021010321101,2021,010321101,2,9,0,18,19,2,6,0,0,1,0,0,0,0,4,1,6,6,1,51,8,1497,1,15,NISSAN ALMERA,4,E01002179,0,-1
2021361145801,2021,361145801,2,9,0,18,19,8,4,0,0,8,0,0,0,0,1,1,5,6,1,88,11,1497,1,15,NISSAN ALMERA,5,E01026649,0,-1
2021302101875,2021,302101875,2,9,0,18,19,2,6,0,0,8,0,0,1,3,1,1,6,6,1,-1,-1,1497,1,18,NISSAN ALMERA,3,E01028011,0,-1
2021201108207,2021,201108207,1,9,0,16,19,4,6,0,0,8,0,0,0,0,1,1,6,6,2,49,8,1769,1,16,NISSAN ALMERA,2,E01010093,0,-1
2021361080549,2021,361080549,4,9,0,4,4,5,1,0,0,0,0,0,0,0,2,1,6,6,1,-1,-1,1497,1,16,NISSAN ALMERA,10,E01022113,0,-1
2021010325699,2021,010325699,1,9,0,3,3,7,3,0,0,4,0,0,0,0,2,1,6,6,2,41,7,1497,1,16,NISSAN ALMERA,3,E01002400,0,-1
2021501092963,2021,501092963,2,9,0,17,19,5,1,0,0,0,0,0,0,0,1,1,5,6,1,51,8,1497,1,17,NISSAN ALMERA,10,E01029263,0,-1
2021471064616,2021,471064616,1,9,0,9,9,2,7,0,0,6,0,0,0,0,1,1,5,6,2,49,8,1497,1,18,NISSAN ALMERA,6,E01021193,0,-1
2021070261568,2021,070261568,3,9,0,4,4,6,2,0,0,1,0,0,0,0,1,1,1,1,1,28,6,1769,1,17,NISSAN ALMERA,4,E01007202,0,-1
2021010294356,2021,010294356,1,9,0,10,10,1,7,9,9,6,0,0,0,0,1,1,6,6,2,54,8,1497,1,20,NISSAN ALMERA,3,E01000725,0,-1
2021411070419,2021,411070419,1,9,0,18,19,5,1,0,0,1,0,0,0,0,0,1,6,6,1,50,8,1497,1,17,NISSAN ALMERA,4,E01023906,0,-1
2021201092447,2021,201092447,1,9,0,10,10,1,7,0,0,1,0,0,0,0,2,1,6,6,1,36,7,1497,1,15,NISSAN ALMERA,1,E01009203,0,-1
2021161097721,2021,161097721,1,9,0,18,19,7,3,0,0,2,0,0,0,0,1,1,6,6,2,62,9,1497,1,19,NISSAN ALMERA,1,E01013296,0,-1
2021070411088,2021,070411088,2,9,0,2,2,0,0,5,5,0,0,0,0,0,1,1,1,1,2,43,7,1497,1,20,NISSAN ALMERA,-1,-1,0,-1
2021531106288,2021,531106288,1,9,0,18,19,-1,-1,0,0,1,0,0,0,0,1,1,6,6,1,86,11,1497,1,15,NISSAN ALMERA,5,E01022420,0,-1
2021010304924,2021,010304924,1,3,0,3,3,8,4,0,0,1,0,0,0,0,1,1,1,1,1,29,6,125,1,1,PIAGGIO MEDLEY,2,E01002741,0,-1
2021010295111,2021,010295111,3,3,0,5,5,3,7,0,0,1,0,0,0,0,3,1,6,6,1,40,7,125,1,3,PIAGGIO MEDLEY,2,E01004365,0,-1
2021010312204,2021,010312204,2,3,0,4,4,3,7,0,0,3,0,0,0,0,2,1,1,1,1,33,6,125,1,4,PIAGGIO MEDLEY,2,E01001731,0,-1
2021010341245,2021,010341245,1,3,9,99,99,9,9,99,99,9,9,99,9,99,9,1,6,6,1,31,6,125,1,5,PIAGGIO MEDLEY,3,E01001832,0,-1
2021010351593,2021,010351593,1,4,0,18,19,5,1,0,0,0,0,0,0,0,1,1,6,6,1,29,6,125,1,1,PIAGGIO MEDLEY,2,E01000600,0,-1
2021010330859,2021,010330859,1,3,0,18,19,2,6,0,0,8,0,0,0,0,3,1,6,6,1,48,8,125,1,5,PIAGGIO MEDLEY,3,E01033464,0,-1
2021471112328,2021,471112328,1,3,0,15,15,5,1,0,0,0,0,0,0,0,3,1,1,1,1,37,7,125,1,4,PIAGGIO MEDLEY,5,E01016971,0,-1
2021010350215,2021,010350215,2,3,0,12,12,5,1,0,0,1,0,0,0,0,1,1,6,6,1,54,8,125,1,0,PIAGGIO MEDLEY,3,E01004228,0,-1
2021010325266,2021,010325266,1,3,0,5,5,1,5,0,0,1,0,0,0,0,1,1,6,6,1,25,5,125,1,4,PIAGGIO MEDLEY,8,E01031457,0,-1
2021010306258,2021,010306258,2,3,0,18,19,3,7,0,0,8,2,0,0,0,1,1,6,6,1,31,6,125,1,1,PIAGGIO MEDLEY,3,E01003193,0,-1
2021131064890,2021,131064890,1,4,0,18,19,3,7,0,0,8,2,0,0,0,3,1,6,6,1,18,4,125,1,5,PIAGGIO MEDLEY,1,E01011346,0,-1
2021010308841,2021,010308841,1,3,0,99,99,9,9,99,99,2,9,99,9,99,2,1,6,6,1,30,6,125,1,3,PIAGGIO MEDLEY,4,E01004551,0,-1
2021010297571,2021,010297571,1,3,0,18,19,7,3,0,0,8,0,0,0,0,1,1,2,2,1,60,9,125,1,4,PIAGGIO MEDLEY,7,E01003287,0,-1
2021361066786,2021,361066786,2,3,0,18,19,5,1,0,0,1,0,0,0,0,1,1,6,6,1,20,4,125,1,3,PIAGGIO MEDLEY,1,E01026832,0,-1
2021010308558,2021,010308558,2,2,0,18,19,6,2,0,0,1,0,0,0,0,3,1,2,2,1,30,6,125,1,4,PIAGGIO MEDLEY,4,E01002699,0,-1
2021010318905,2021,010318905,1,3,0,99,99,9,9,99,99,9,9,99,9,99,1,1,6,6,1,33,6,125,1,4,PIAGGIO MEDLEY,2,E01001625,0,-1
2021010318898,2021,010318898,1,3,0,7,7,7,1,0,0,5,0,0,0,0,2,1,6,6,1,17,4,125,1,0,PIAGGIO MEDLEY,3,E01000918,0,-1
2021010343591,2021,010343591,2,3,0,99,99,9,9,99,99,9,9,99,9,99,1,1,6,6,3,-1,-1,125,1,4,PIAGGIO MEDLEY,-1,-1,0,-1
2021361121984,2021,361121984,2,3,0,-1,-1,-1,-1,0,0,0,5,0,0,0,-1,1,1,1,1,56,9,125,1,2,PIAGGIO MEDLEY,3,E01026853,0,-1
2021320240530,2021,320240530,1,3,0,18,19,4,8,0,0,0,5,12,1,9,1,1,6,6,1,54,8,125,1,1,PIAGGIO MEDLEY,-1,-1,0,-1
2021010319467,2021,010319467,2,3,0,18,19,7,3,0,0,1,0,0,0,0,1,1,6,6,1,21,5,125,1,2,PIAGGIO MEDLEY,1,E01004670,0,-1
2021010344746,2021,010344746,2,3,0,99,99,9,9,99,99,0,9,99,9,99,2,1,6,6,3,-1,-1,125,1,5,PIAGGIO MEDLEY,-1,-1,0,-1
2021010308542,2021,010308542,1,3,0,18,19,3,7,0,0,1,2,10,0,0,3,1,2,2,1,47,8,125,1,5,PIAGGIO MEDLEY,3,E01004367,0,-1
2021010338210,2021,010338210,1,3,9,99,99,9,9,99,99,9,9,99,9,99,1,1,1,1,1,21,5,125,1,4,PIAGGIO MEDLEY,5,E01001381,0,-1
2021010321413,2021,010321413,1,3,0,18,19,5,1,0,0,1,0,0,0,0,1,1,6,6,1,27,6,125,1,4,PIAGGIO MEDLEY,2,E01000952,0,-1
2021010297594,2021,010297594,1,3,0,18,19,7,3,0,0,1,0,0,0,0,1,1,6,6,2,41,7,125,1,3,PIAGGIO MEDLEY,2,E01000533,0,-1
2021122100791,2021,122100791,1,9,0,5,5,3,7,0,0,6,0,0,0,0,3,1,6,6,1,30,6,1028,2,6,-1,5,E01012300,0,-1
2021991055603,2021,991055603,2,17,0,10,10,6,4,0,0,1,5,0,1,0,2,1,5,6,1,48,8,904,2,9,-1,7,-1,0,-1
2021991081249,2021,991081249,1,9,0,17,19,3,5,0,0,2,0,0,0,0,2,1,6,6,1,77,11,1995,1,0,-1,9,-1,0,-1
2021070753817,2021,070753817,2,9,0,9,9,6,4,0,0,1,0,0,7,11,3,1,6,6,1,57,9,1600,1,6,-1,9,E01018737,0,-1
2021131121158,2021,131121158,1,9,0,18,19,2,6,0,0,2,0,0,0,0,1,1,6,6,1,60,9,2954,1,30,-1,8,E01010859,0,-1
2021211133523,2021,211133523,1,9,0,18,19,3,7,0,0,2,0,0,1,0,1,1,6,6,1,22,5,2998,1,2,-1,8,E01028848,0,-1
2021361093997,2021,361093997,1,9,0,5,5,6,1,0,0,4,0,0,0,0,1,1,2,2,1,29,6,1968,2,14,VOLKSWAGEN EOS,8,E01026434,0,-1
2021061041577,2021,061041577,1,9,0,3,3,8,4,0,0,1,0,0,0,0,1,1,5,6,3,30,6,1984,1,14,VOLKSWAGEN EOS,-1,-1,0,-1
2021010296071,2021,010296071,1,9,0,99,99,9,9,99,99,9,9,99,9,99,1,9,6,6,1,34,6,2000,1,15,VOLKSWAGEN EOS,4,E01000611,0,-1
2021161055862,2021,161055862,1,9,0,18,19,6,2,0,0,0,0,0,0,0,1,1,6,6,1,-1,-1,1968,2,6,VOLKSWAGEN EOS,2,E01013002,0,-1
2021552100352,2021,552100352,2,9,0,18,19,2,6,0,0,8,0,0,4,10,4,1,6,6,2,43,7,1984,1,14,VOLKSWAGEN EOS,9,E01020421,0,-1