collision_index,collision_year,collision_ref_no,vehicle_reference,vehicle_type,towing_and_articulation,vehicle_manoeuvre_historic,vehicle_manoeuvre,vehicle_direction_from,vehicle_direction_to,vehicle_location_restricted_lane_historic,vehicle_location_restricted_lane,junction_location,skidding_and_overturning,hit_object_in_carriageway,vehicle_leaving_carriageway,hit_object_off_carriageway,first_point_of_impact,vehicle_left_hand_drive,journey_purpose_of_driver_historic,journey_purpose_of_driver,sex_of_driver,age_of_driver,age_band_of_driver,engine_capacity_cc,propulsion_code,age_of_vehicle,generic_make_model,driver_imd_decile,lsoa_of_driver,escooter_flag,driver_distance_banding
2021010299201,2021,010299201,1,9,0,99,99,9,9,99,99,9,9,99,9,99,1,9,2,2,2,53,8,1984,1,14,VOLKSWAGEN EOS,3,E01003940,0,-1
2021201059136,2021,201059136,2,9,0,10,10,5,4,0,0,1,0,0,0,0,2,1,5,6,2,61,9,1968,2,10,VOLKSWAGEN EOS,10,E01010248,0,-1
2021421026141,2021,421026141,1,9,0,17,19,7,3,0,0,1,0,0,1,11,1,1,6,6,2,29,6,1968,2,14,VOLKSWAGEN EOS,8,E01021537,0,-1
2021411044716,2021,411044716,2,9,0,3,3,1,5,0,0,0,0,0,0,0,4,1,1,1,2,53,8,1984,1,14,VOLKSWAGEN EOS,6,E01023945,0,-1
2021991045692,2021,991045692,2,9,0,18,19,7,3,0,0,8,0,0,0,0,1,1,5,6,1,70,10,1968,2,13,VOLKSWAGEN EOS,7,-1,0,-1
2021522105240,2021,522105240,1,9,0,18,19,1,5,0,0,4,0,0,0,0,1,1,6,6,1,39,7,1984,1,14,VOLKSWAGEN EOS,10,E01014880,0,-1
2021501142849,2021,501142849,1,9,0,9,9,8,6,0,0,8,0,0,0,0,1,1,5,6,1,67,10,1968,2,14,VOLKSWAGEN EOS,5,E01015215,0,-1
2021451038946,2021,451038946,1,9,0,5,5,8,4,0,0,1,0,0,0,0,1,1,5,6,1,21,5,1984,1,15,VOLKSWAGEN EOS,10,E01030804,0,-1
2021430329763,2021,430329763,2,9,0,18,19,8,4,0,0,0,0,0,0,0,1,1,6,6,1,-1,-1,1984,1,14,VOLKSWAGEN EOS,-1,-1,0,-1
2021221068239,2021,221068239,2,9,0,18,19,7,3,0,0,0,0,0,0,0,3,1,2,2,2,22,5,1968,2,14,VOLKSWAGEN EOS,7,E01028835,0,-1
2021201130907,2021,201130907,3,9,0,2,2,0,0,0,0,1,0,0,0,0,1,1,5,6,1,-1,-1,1984,1,14,VOLKSWAGEN EOS,-1,-1,0,-1
2021451067748,2021,451067748,2,9,0,4,4,7,3,0,0,0,0,0,0,0,2,1,2,2,1,47,8,1984,1,15,VOLKSWAGEN EOS,9,E01030813,0,-1
2021041100769,2021,041100769,1,9,0,15,15,1,5,0,0,0,0,0,0,0,1,1,5,6,1,51,8,1968,2,14,VOLKSWAGEN EOS,4,E01025267,0,-1
202131B086321,2021,31B086321,2,9,0,18,19,2,6,0,0,0,0,0,0,0,2,1,1,1,2,56,9,1968,2,10,VOLKSWAGEN EOS,2,E01028311,0,-1
2021471053119,2021,471053119,1,9,0,18,19,1,5,0,0,0,0,0,0,0,1,1,6,6,2,54,8,1968,2,14,VOLKSWAGEN EOS,7,E01021009,0,-1
2021010342424,2021,010342424,2,9,0,2,2,0,0,0,0,0,0,0,0,0,1,1,6,6,3,-1,-1,1968,2,14,VOLKSWAGEN EOS,-1,-1,0,-1
2021201132751,2021,201132751,1,9,0,18,19,2,6,0,0,8,0,0,0,0,4,1,6,6,2,41,7,1390,1,12,VOLKSWAGEN EOS,1,E01009002,0,-1
2021371144809,2021,371144809,2,9,0,18,19,7,3,0,0,8,0,0,0,0,1,1,5,6,2,39,7,1984,1,13,VOLKSWAGEN EOS,5,E01030267,0,-1
2021421018660,2021,421018660,1,9,0,18,19,7,3,0,0,2,0,0,0,0,1,1,6,6,1,35,6,1598,1,14,VOLKSWAGEN EOS,-1,-1,0,-1
2021430535236,2021,430535236,2,9,0,18,19,8,4,0,0,0,0,0,0,0,4,1,6,6,1,36,7,1984,1,13,VOLKSWAGEN EOS,7,E01027186,0,-1
2021302101186,2021,302101186,1,9,0,18,19,8,6,0,0,8,0,0,0,0,4,1,6,6,1,37,7,1968,2,14,VOLKSWAGEN EOS,1,E01019663,0,-1
2021131095864,2021,131095864,2,9,0,2,2,0,0,0,0,8,0,0,0,0,3,1,6,6,3,-1,-1,1968,2,14,VOLKSWAGEN EOS,-1,-1,0,-1
2021440466688,2021,440466688,1,9,0,18,19,4,8,0,0,0,0,0,0,0,2,1,6,6,2,64,9,1968,2,11,VOLKSWAGEN EOS,8,E01016192,0,-1
2021471092763,2021,471092763,2,9,0,18,19,8,4,0,0,0,0,0,0,0,1,1,2,2,2,25,5,1968,2,9,VOLKSWAGEN EOS,10,E01021157,0,-1
2021440278046,2021,440278046,3,9,0,4,4,4,8,0,0,1,0,0,0,0,2,1,6,6,1,60,9,1984,1,14,VOLKSWAGEN EOS,10,E01023160,0,-1
2021501121192,2021,501121192,1,9,0,9,9,3,7,0,0,1,0,0,0,0,1,1,6,6,1,71,10,1968,2,10,VOLKSWAGEN EOS,7,E01031224,0,-1
2021141033885,2021,141033885,2,9,0,6,6,8,6,0,0,0,0,0,0,0,3,1,6,6,1,73,10,2000,2,15,VOLKSWAGEN EOS,4,E01007761,0,-1
2021471058081,2021,471058081,2,9,0,4,4,8,4,0,0,1,0,0,0,0,2,1,2,2,1,58,9,1968,2,11,VOLKSWAGEN EOS,7,E01021142,0,-1
2021041152798,2021,041152798,1,9,0,18,19,-1,-1,-1,-1,0,0,0,0,0,1,1,6,6,2,50,8,1968,2,10,VOLKSWAGEN EOS,6,E01025421,0,-1
2021010351051,2021,010351051,1,9,0,5,5,5,1,0,0,6,0,0,0,0,3,1,6,6,1,-1,-1,1968,2,13,VOLKSWAGEN EOS,-1,-1,0,-1
2021440256227,2021,440256227,2,9,0,16,19,2,5,0,0,0,0,0,0,0,1,1,2,2,2,52,8,1984,1,13,VOLKSWAGEN EOS,8,E01032855,0,-1
2021411106109,2021,411106109,1,9,0,18,19,8,4,0,0,0,0,4,0,0,1,1,5,6,2,52,8,1968,2,13,VOLKSWAGEN EOS,6,E01023941,0,-1
2021440165203,2021,440165203,1,9,0,4,4,2,6,0,0,0,0,0,0,0,2,1,6,6,2,49,8,1984,1,15,VOLKSWAGEN EOS,3,E01017225,0,-1
2021010331786,2021,010331786,1,9,0,99,99,9,9,99,99,9,9,99,9,99,2,9,2,2,2,41,7,1968,2,11,VOLKSWAGEN EOS,2,E01001482,0,-1
2021440230490,2021,440230490,2,9,0,18,19,4,8,0,0,0,0,0,0,0,1,1,6,6,2,53,8,1598,1,14,VOLKSWAGEN EOS,10,E01022763,0,-1
2021461034895,2021,461034895,1,9,0,5,5,3,7,0,0,3,0,0,0,0,1,1,6,6,1,48,8,1598,1,14,VOLKSWAGEN EOS,5,E01003345,0,-1
2021320758089,2021,320758089,1,9,0,11,11,6,2,0,0,4,0,0,0,0,4,1,6,6,2,66,10,1968,2,11,VOLKSWAGEN EOS,9,E01026211,0,-1
2021122100505,2021,122100505,1,9,0,2,2,0,0,6,6,1,0,0,0,0,1,1,6,6,2,65,9,1390,1,11,VOLKSWAGEN EOS,10,E01013361,0,-1
2021201104465,2021,201104465,2,9,0,2,2,0,0,0,0,2,0,0,0,0,2,1,5,6,1,53,8,2000,1,15,VOLKSWAGEN EOS,-1,-1,0,-1
2021440331445,2021,440331445,2,9,0,4,4,7,3,0,0,0,0,0,0,0,2,1,6,6,2,24,5,1984,1,12,VOLKSWAGEN EOS,10,E01023172,0,-1
2021201100184,2021,201100184,2,9,0,5,5,2,6,0,0,1,0,0,0,0,2,1,6,6,1,35,6,1984,1,13,VOLKSWAGEN EOS,2,E01010311,0,-1
2021440505299,2021,440505299,2,9,0,18,19,2,6,0,0,1,0,0,0,0,1,1,6,6,1,-1,-1,1984,1,15,VOLKSWAGEN EOS,-1,-1,0,-1
2021461121818,2021,461121818,1,9,0,18,19,5,1,0,0,0,0,0,0,0,4,1,5,6,1,73,10,1716,2,17,VOLKSWAGEN LUPO,5,E01024198,0,-1
2021361146343,2021,361146343,1,9,0,18,19,5,1,0,0,1,0,0,0,0,1,1,5,6,2,40,7,1390,1,22,VOLKSWAGEN LUPO,7,E01026835,0,-1
2021111051585,2021,111051585,1,9,0,9,9,1,3,0,0,1,0,0,1,0,4,1,6,6,1,79,11,1390,1,19,VOLKSWAGEN LUPO,1,E01012258,0,-1
2021461067891,2021,461067891,2,9,0,18,19,5,1,0,0,0,0,0,0,0,2,1,5,6,1,18,4,999,1,20,VOLKSWAGEN LUPO,6,E01024406,0,-1
2021440460787,2021,440460787,1,9,0,5,5,8,4,0,0,4,0,0,0,0,1,1,6,6,2,28,6,999,1,18,VOLKSWAGEN LUPO,-1,-1,0,-1
2021471118022,2021,471118022,1,9,0,18,19,7,3,0,0,8,0,4,0,0,1,1,5,6,1,84,11,1390,1,17,VOLKSWAGEN LUPO,8,E01031535,0,-1
2021221037384,2021,221037384,1,9,0,18,19,1,5,0,0,1,1,0,0,0,1,1,5,6,1,20,4,1390,1,19,VOLKSWAGEN LUPO,-1,-1,0,-1
2021421057900,2021,421057900,2,9,0,18,19,4,8,0,0,0,0,0,0,0,2,1,5,6,2,43,7,1598,1,20,VOLKSWAGEN LUPO,9,E01000455,0,-1
2021302100700,2021,302100700,1,9,0,4,4,4,8,0,0,1,0,0,0,0,2,1,6,6,1,26,6,999,1,20,VOLKSWAGEN LUPO,9,E01025917,0,-1
2021520104823,2021,520104823,1,9,0,9,9,1,6,0,0,8,0,0,0,0,1,1,6,6,1,38,7,1422,2,16,VOLKSWAGEN LUPO,4,E01029309,0,-1
2021070287493,2021,070287493,2,9,0,4,4,6,2,0,0,4,0,0,0,0,1,1,6,6,2,37,7,999,1,17,VOLKSWAGEN LUPO,2,E01018685,0,-1
2021501107742,2021,501107742,1,9,0,18,19,8,4,0,0,0,0,0,7,1,1,1,6,6,1,26,6,1390,1,18,VOLKSWAGEN LUPO,6,E01020329,0,-1
2021010314183,2021,010314183,2,9,0,18,19,7,3,0,0,8,0,0,0,0,1,1,6,6,2,21,5,1390,1,21,VOLKSWAGEN LUPO,3,E01003387,0,-1
2021041113923,2021,041113923,2,9,0,2,2,3,7,0,0,2,0,0,0,0,3,1,6,6,1,49,8,1390,1,16,VOLKSWAGEN LUPO,1,E01025036,0,-1
2021010321703,2021,010321703,2,9,0,99,99,9,9,99,99,9,9,99,9,99,9,9,6,6,3,-1,-1,1422,2,18,VOLKSWAGEN LUPO,4,E01017475,0,-1
202134WNC2061,2021,34WNC2061,1,9,0,18,19,5,1,0,0,2,0,0,0,0,1,1,6,6,1,23,5,1598,1,20,VOLKSWAGEN LUPO,8,E01027285,0,-1
2021010298658,2021,010298658,2,9,0,4,4,2,6,0,0,0,0,0,1,0,1,1,2,2,1,52,8,1390,1,18,VOLKSWAGEN LUPO,2,E01001006,0,-1
2021471102761,2021,471102761,1,9,0,16,19,2,7,0,0,8,0,0,1,3,1,1,5,6,1,18,4,999,1,20,VOLKSWAGEN LUPO,3,E01021090,0,-1
2021061104098,2021,061104098,2,9,0,4,4,7,3,0,0,1,0,0,0,0,2,1,6,6,1,53,8,999,1,17,VOLKSWAGEN LUPO,7,E01005875,0,-1
2021430482669,2021,430482669,2,9,0,18,19,1,5,0,0,8,0,0,0,0,1,1,6,6,1,46,8,1390,1,20,VOLKSWAGEN LUPO,10,E01016671,0,-1
2021211052569,2021,211052569,1,9,0,9,9,5,1,0,0,6,0,0,0,0,3,1,6,6,1,18,4,999,1,19,VOLKSWAGEN LUPO,9,E01029601,0,-1
2021440434917,2021,440434917,2,9,0,18,19,1,5,0,0,8,0,0,0,0,1,1,6,6,3,-1,-1,999,1,21,VOLKSWAGEN LUPO,-1,-1,0,-1
2021041069571,2021,041069571,2,3,0,18,19,5,1,0,0,1,0,0,0,0,2,1,2,2,1,21,5,125,1,2,-1,4,E01012703,0,-1
2021010296993,2021,010296993,1,3,9,99,99,9,9,99,99,9,9,99,9,99,1,1,6,6,1,20,4,125,1,4,-1,6,E01032767,0,-1
2021041077789,2021,041077789,1,3,0,18,19,5,3,0,0,1,0,0,0,0,1,1,6,6,1,21,5,125,1,2,-1,7,E01012717,0,-1
2021520104592,2021,520104592,2,3,0,18,19,6,2,0,0,8,0,0,0,0,1,1,6,6,1,20,4,125,1,3,-1,-1,-1,0,-1
2021141118487,2021,141118487,1,3,0,5,5,3,7,0,0,8,0,0,0,0,4,1,6,6,1,18,4,125,1,1,-1,6,E01007630,0,-1
2021461125094,2021,461125094,1,4,0,18,19,2,6,0,0,1,0,0,0,0,1,1,6,6,1,21,5,125,1,2,-1,6,E01024340,0,-1
2021546048921,2021,546048921,1,9,0,18,19,5,3,0,0,3,0,10,1,0,1,1,6,6,1,50,8,505,1,10,-1,10,E01031966,0,-1
2021320541204,2021,320541204,1,9,0,17,19,8,6,0,0,1,2,0,1,0,1,1,6,6,1,81,11,505,1,12,-1,3,E01026381,0,-1
2021302101195,2021,302101195,1,9,0,7,7,4,8,0,0,1,1,0,1,11,1,1,6,6,1,33,6,2480,1,3,-1,4,E01019710,0,-1
2021010314314,2021,010314314,1,9,0,17,19,1,5,0,0,5,0,0,0,0,1,1,6,6,1,-1,-1,2480,1,2,-1,2,E01000065,0,-1
2021361054351,2021,361054351,1,9,0,18,19,1,6,0,0,8,0,0,0,0,1,1,1,1,1,22,5,2480,1,3,-1,5,E01032802,0,-1
2021122100561,2021,122100561,1,9,0,4,4,5,1,0,0,1,0,0,0,0,2,1,6,6,1,72,10,1622,1,-1,-1,10,E01013423,0,-1
2021010300257,2021,010300257,1,4,0,18,19,5,1,0,0,0,0,0,0,0,0,1,6,6,1,34,6,400,1,1,-1,2,E01003974,0,-1
2021061044636,2021,061044636,1,9,0,18,19,2,6,0,0,0,0,7,0,0,1,1,5,6,1,26,6,3902,1,5,-1,8,E01005571,0,-1
2021052100683,2021,052100683,2,9,0,18,19,1,5,0,0,2,0,0,0,0,1,1,6,6,1,29,6,3902,1,5,-1,1,E01006850,0,-1
2021041109787,2021,041109787,1,9,0,18,19,7,3,0,0,3,0,0,0,0,-1,1,6,6,3,-1,-1,3902,1,4,-1,-1,-1,0,-1
2021991064296,2021,991064296,2,5,0,4,4,7,3,0,0,8,0,0,0,0,3,1,5,6,1,44,7,1801,1,10,-1,10,E01021614,0,-1
2021411119119,2021,411119119,1,3,0,5,5,7,3,0,0,8,0,0,0,0,2,1,5,6,1,54,8,125,1,2,-1,8,E01023307,0,-1
2021411037716,2021,411037716,2,3,0,18,19,5,1,0,0,0,0,0,0,0,1,1,6,6,1,26,6,125,1,1,-1,9,E01023728,0,-1
2021531117370,2021,531117370,2,3,0,18,19,2,6,0,0,1,0,0,0,0,1,1,2,2,1,27,6,125,1,3,-1,10,E01032940,0,-1
2021041095536,2021,041095536,2,3,0,2,2,0,0,0,0,0,5,0,0,0,2,1,2,2,2,44,7,125,1,3,-1,4,E01025267,0,-1
2021061135318,2021,061135318,1,3,0,13,13,4,8,0,0,8,0,0,0,0,1,1,6,6,1,22,5,125,1,1,-1,4,E01006388,0,-1
2021041054720,2021,041054720,1,3,0,15,15,1,4,0,0,1,0,0,0,0,1,1,2,2,1,20,4,125,1,3,-1,7,E01025027,0,-1
2021461069980,2021,461069980,2,3,0,18,19,7,3,0,0,1,0,0,0,0,4,1,6,6,1,22,5,125,1,1,-1,5,E01024194,0,-1
2021549901621,2021,549901621,2,5,0,18,19,5,1,0,0,1,0,0,0,0,3,1,6,6,1,59,9,599,1,17,-1,7,E01015581,0,-1
2021430473394,2021,430473394,2,5,0,18,19,5,1,0,0,2,0,0,0,0,0,1,6,6,1,52,8,647,1,22,HONDA NT650V DEAUVILLE,1,E01016843,0,-1
2021991102815,2021,991102815,1,5,0,13,13,3,7,0,0,1,2,0,7,0,1,1,6,6,1,35,6,647,1,21,HONDA NT650V DEAUVILLE,3,-1,0,-1
2021421035259,2021,421035259,2,5,0,-1,-1,-1,-1,-1,-1,-1,-1,-1,-1,0,0,1,2,2,1,35,6,647,1,23,HONDA NT650V DEAUVILLE,5,E01021683,0,-1
2021010313365,2021,010313365,1,5,0,18,19,4,8,0,0,1,2,0,0,0,1,1,6,6,1,59,9,647,1,21,HONDA NT650V DEAUVILLE,8,E01017818,0,-1
202131C030521,2021,31C030521,2,5,0,18,19,8,4,0,0,0,0,0,0,0,3,1,6,6,1,58,9,647,1,22,HONDA NT650V DEAUVILLE,2,E01028186,0,-1
2021010309118,2021,010309118,2,5,0,5,5,5,1,0,0,1,0,0,0,0,0,1,6,6,1,56,9,647,1,22,HONDA NT650V DEAUVILLE,5,E01018785,0,-1
202134WNC3061,2021,34WNC3061,1,5,0,18,19,7,3,0,0,2,5,0,0,0,1,1,6,6,1,51,8,647,1,22,HONDA NT650V DEAUVILLE,8,E01026990,0,-1
2021122101294,2021,122101294,7,5,0,2,2,0,0,0,0,0,0,0,0,0,2,1,6,6,3,-1,-1,647,1,21,HONDA NT650V DEAUVILLE,-1,-1,0,-1
2021211188342,2021,211188342,2,5,0,18,19,3,7,0,0,0,5,0,0,0,4,1,6,6,1,70,10,647,1,23,HONDA NT650V DEAUVILLE,6,E01029745,0,-1
2021451038909,2021,451038909,2,5,0,18,19,3,7,0,0,1,5,0,0,0,1,1,5,6,1,56,9,647,1,20,HONDA NT650V DEAUVILLE,2,E01001579,0,-1
2021522103895,2021,522103895,1,5,0,18,19,6,2,0,0,0,0,0,0,0,1,1,6,6,1,25,5,647,1,20,HONDA NT650V DEAUVILLE,7,E01014848,0,-1
2021061056972,2021,061056972,1,5,0,4,4,1,5,0,0,0,5,0,0,0,1,1,5,6,1,44,7,1084,1,23,-1,3,W01001460,0,-1
2021122100525,2021,122100525,1,5,0,18,19,5,1,0,0,0,1,0,0,0,4,1,6,6,1,67,10,1084,1,20,-1,1,E01027907,0,-1
2021471067224,2021,471067224,1,5,0,13,13,3,7,0,0,0,0,0,0,0,1,1,6,6,1,57,9,1099,1,31,-1,7,E01022506,0,-1
2021122100403,2021,122100403,2,5,0,18,19,4,8,0,0,0,0,0,0,0,3,1,6,6,1,52,8,1099,1,29,-1,8,E01027566,0,-1
2021010349438,2021,010349438,1,5,0,18,19,1,5,0,0,1,0,0,0,0,1,1,6,6,1,53,8,1084,1,24,-1,6,E01003311,0,-1
2021461098330,2021,461098330,2,3,0,14,14,1,5,0,0,0,0,0,0,0,3,1,6,6,1,28,6,124,1,7,-1,7,E01024846,0,-1
2021501097461,2021,501097461,2,3,0,18,19,3,5,0,0,1,0,0,0,0,1,1,2,2,1,39,7,124,1,5,-1,2,E01018836,0,-1
2021122100664,2021,122100664,1,3,0,17,19,2,7,0,0,1,1,0,2,11,4,1,6,6,1,18,4,124,1,4,-1,4,E01027803,0,-1
2021161071055,2021,161071055,2,3,0,7,7,5,7,0,0,1,1,0,0,0,1,1,6,6,1,22,5,124,1,4,-1,3,E01013045,0,-1
2021411088191,2021,411088191,1,5,0,18,19,1,5,0,0,1,0,0,0,0,1,1,2,2,1,38,7,1301,1,1,KTM 1290 SUPER ADVENTURE,10,E01023887,0,-1
2021031081971,2021,031081971,1,4,0,18,19,8,4,0,0,0,1,0,0,0,4,1,6,6,1,39,7,1301,1,2,KTM 1290 SUPER ADVENTURE,8,E01031252,0,-1
2021991033897,2021,991033897,2,5,0,18,19,6,2,0,0,8,0,0,0,0,1,1,5,6,1,49,8,1301,1,3,KTM 1290 SUPER ADVENTURE,7,-1,0,-1
2021010342633,2021,010342633,1,5,0,99,99,9,9,99,99,9,9,99,9,99,9,1,6,6,1,36,7,1301,1,4,KTM 1290 SUPER ADVENTURE,5,E01001214,0,-1
2021471073740,2021,471073740,1,5,0,18,19,3,7,0,0,0,0,12,0,0,1,1,2,2,1,24,5,1301,1,0,KTM 1290 SUPER ADVENTURE,7,E01021063,0,-1
2021221036758,2021,221036758,2,5,0,3,3,1,5,0,0,1,0,0,0,0,2,1,5,6,1,56,9,1301,1,0,KTM 1290 SUPER ADVENTURE,10,E01018475,0,-1
2021552100814,2021,552100814,2,5,0,18,19,8,4,0,0,8,0,0,0,0,1,1,6,6,1,51,8,1301,1,0,KTM 1290 SUPER ADVENTURE,5,E01020389,0,-1
2021991107043,2021,991107043,2,5,0,18,19,3,7,0,0,4,0,0,0,0,1,1,5,6,1,51,8,1301,1,0,KTM 1290 SUPER ADVENTURE,8,-1,0,-1
2021411071449,2021,411071449,2,5,0,7,7,1,3,0,0,3,0,0,0,0,1,1,6,6,1,61,9,1301,1,2,KTM 1290 SUPER ADVENTURE,10,E01000263,0,-1
2021991078799,2021,991078799,2,5,0,18,19,2,6,0,0,1,1,0,0,0,1,1,5,6,1,59,9,1301,1,3,KTM 1290 SUPER ADVENTURE,8,-1,0,-1
2021070252960,2021,070252960,1,4,0,18,19,2,4,0,0,1,0,0,0,0,1,1,6,6,1,55,8,1301,1,0,KTM 1290 SUPER ADVENTURE,1,E01018445,0,-1
2021522105497,2021,522105497,1,4,0,18,19,4,1,0,0,1,0,0,0,0,2,1,6,6,1,32,6,1301,1,1,KTM 1290 SUPER ADVENTURE,9,E01014441,0,-1
2021302101891,2021,302101891,2,5,0,13,13,6,2,0,0,8,0,0,0,0,4,1,6,6,1,32,6,1301,1,4,KTM 1290 SUPER ADVENTURE,5,E01028171,0,-1
2021440324991,2021,440324991,1,9,0,18,19,1,5,0,0,0,1,0,1,0,1,1,6,6,1,52,8,2500,2,26,LAND ROVER MODEL MISSING,6,E01022690,0,-1
2021302101079,2021,302101079,2,9,0,17,19,1,6,0,0,8,0,0,0,0,1,1,6,6,1,23,5,2495,2,20,LAND ROVER MODEL MISSING,2,E01019453,0,-1
2021531083683,2021,531083683,1,9,0,18,19,1,5,0,0,1,0,0,0,0,1,1,5,6,1,61,9,4197,1,15,LAND ROVER MODEL MISSING,9,E01033614,0,-1
2021461073557,2021,461073557,1,9,0,3,3,4,8,0,0,1,0,0,0,0,1,1,6,6,1,69,10,2926,2,18,LAND ROVER MODEL MISSING,7,-1,0,-1
2021371029375,2021,371029375,1,9,0,18,19,7,3,0,0,0,0,0,0,0,1,1,6,6,1,64,9,2926,2,18,LAND ROVER MODEL MISSING,7,E01030051,0,-1
2021010330670,2021,010330670,1,9,0,5,5,5,1,0,0,1,0,0,0,0,1,1,6,6,2,30,6,1999,2,3,LAND ROVER MODEL MISSING,4,E01032639,0,-1
2021520100821,2021,520100821,1,9,0,18,19,4,8,0,0,0,0,0,0,0,1,1,6,6,1,58,9,2926,2,16,LAND ROVER MODEL MISSING,8,E01029124,0,-1
2021361070215,2021,361070215,1,9,0,18,19,3,7,0,0,1,0,0,0,0,3,1,6,6,1,28,6,2500,2,28,LAND ROVER MODEL MISSING,7,E01026746,0,-1
2021201103766,2021,201103766,2,9,0,3,3,4,6,0,0,0,0,0,0,0,2,1,6,6,1,32,6,2926,2,17,LAND ROVER MODEL MISSING,1,E01010062,0,-1
2021361040551,2021,361040551,1,9,3,13,13,3,7,0,0,8,0,0,0,0,4,1,6,6,3,-1,-1,2926,2,16,LAND ROVER MODEL MISSING,-1,-1,0,-1
2021471051012,2021,471051012,2,9,0,4,4,8,4,0,0,0,0,0,0,0,1,1,5,6,1,53,8,3940,1,21,LAND ROVER MODEL MISSING,6,E01031359,0,-1
202163D015721,2021,63D015721,2,9,0,9,9,4,2,0,0,5,0,0,7,10,3,1,1,1,1,22,5,2500,2,-1,LAND ROVER MODEL MISSING,8,W01000451,0,-1
2021547424321,2021,547424321,2,9,0,5,5,5,1,0,0,4,0,0,0,0,3,1,6,6,2,35,6,2179,2,7,LAND ROVER MODEL MISSING,9,E01015547,0,-1
2021351103831,2021,351103831,1,9,0,10,10,8,6,0,0,1,0,0,0,0,1,1,5,6,2,29,6,2495,2,22,LAND ROVER MODEL MISSING,3,E01018160,0,-1
2021302101945,2021,302101945,1,9,0,18,19,2,6,0,0,1,5,0,7,11,1,1,6,6,1,69,10,2494,6,-1,LAND ROVER MODEL MISSING,2,E01019549,0,-1
202134WNC7341,2021,34WNC7341,2,9,0,10,10,5,1,0,0,0,0,0,0,0,2,1,6,6,2,45,7,2993,8,6,LAND ROVER MODEL MISSING,9,E01026997,0,-1
20211382J0244,2021,1382J0244,2,9,0,18,19,8,4,0,0,1,0,0,0,0,1,1,6,6,1,41,7,2720,2,15,LAND ROVER MODEL MISSING,7,E01011524,0,-1
2021430215554,2021,430215554,1,9,0,18,19,2,6,0,0,8,0,0,0,0,4,1,2,2,2,45,7,2993,2,8,LAND ROVER MODEL MISSING,9,E01030760,0,-1
2021440064120,2021,440064120,2,9,0,17,19,4,1,0,0,8,0,0,0,0,1,1,6,6,1,48,8,2495,2,19,LAND ROVER MODEL MISSING,8,E01022997,0,-1
2021201139616,2021,201139616,1,9,0,2,2,0,0,0,0,2,0,0,0,0,3,1,1,1,1,34,6,2720,2,16,LAND ROVER MODEL MISSING,1,E01009368,0,-1
2021052101917,2021,052101917,2,9,0,18,19,5,1,0,0,4,0,0,0,0,3,1,6,6,1,34,6,3696,1,11,-1,1,E01007119,0,-1
2021361121431,2021,361121431,2,9,0,18,19,5,1,0,0,0,0,0,0,0,4,1,6,6,1,26,6,3696,1,2,-1,5,E01026605,0,-1
202106G079361,2021,06G079361,1,9,0,18,19,5,1,0,0,0,0,0,7,10,1,1,6,6,1,23,5,3696,1,12,-1,2,E01006313,0,-1
2021411131062,2021,411131062,1,9,0,18,19,1,5,0,0,0,0,0,0,0,1,1,2,2,1,26,6,3696,1,10,-1,10,E01023588,0,-1
2021471118454,2021,471118454,1,9,0,18,19,8,4,0,0,0,0,0,0,0,1,1,5,6,1,65,9,3696,1,5,-1,7,E01021165,0,-1
2021061135321,2021,061135321,2,9,0,9,9,5,3,0,0,8,0,0,0,0,1,1,6,6,2,38,7,1461,2,7,NISSAN QASHQAI,8,E01005988,0,-1
2021430029694,2021,430029694,2,9,0,18,19,2,6,0,0,1,0,0,0,0,1,1,2,2,2,39,7,1461,2,4,NISSAN QASHQAI,5,E01016756,0,-1
2021351035196,2021,351035196,2,9,0,18,19,7,3,0,0,1,1,0,1,0,1,1,6,6,1,77,11,1598,1,12,NISSAN QASHQAI,4,E01026661,0,-1
2021201138795,2021,201138795,2,9,0,18,19,8,4,0,0,8,0,0,0,0,1,1,6,6,2,33,6,1461,2,7,NISSAN QASHQAI,2,E01010279,0,-1
2021010305274,2021,010305274,1,9,0,99,99,9,9,99,99,3,9,99,9,99,9,9,2,2,1,29,6,1598,1,14,NISSAN QASHQAI,5,E01033732,0,-1
2021471071314,2021,471071314,2,9,0,18,19,1,5,0,0,0,0,0,0,0,3,1,5,6,2,39,7,1198,1,6,NISSAN QASHQAI,7,E01031379,0,-1
2021010346047,2021,010346047,2,9,0,99,99,9,9,99,99,9,9,99,9,99,1,9,6,6,3,-1,-1,1461,2,12,NISSAN QASHQAI,6,E01030714,0,-1
2021622100994,2021,622100994,2,9,0,18,19,4,8,0,0,8,0,0,1,2,4,1,6,6,1,70,10,1461,2,9,NISSAN QASHQAI,3,W01001140,0,-1
2021451112478,2021,451112478,2,9,0,4,4,1,5,0,0,0,0,0,0,0,2,1,5,6,1,43,7,1598,1,13,NISSAN QASHQAI,9,E01030761,0,-1
2021201056327,2021,201056327,2,9,0,2,2,0,0,0,0,0,0,0,0,0,0,1,6,6,1,61,9,1598,2,4,NISSAN QASHQAI,1,E01009328,0,-1
2021522105856,2021,522105856,1,9,0,3,3,1,5,0,0,0,0,0,0,0,2,1,6,6,1,84,11,1618,1,4,NISSAN QASHQAI,8,E01014921,0,-1