collision_index,collision_year,collision_ref_no,vehicle_reference,vehicle_type,towing_and_articulation,vehicle_manoeuvre_historic,vehicle_manoeuvre,vehicle_direction_from,vehicle_direction_to,vehicle_location_restricted_lane_historic,vehicle_location_restricted_lane,junction_location,skidding_and_overturning,hit_object_in_carriageway,vehicle_leaving_carriageway,hit_object_off_carriageway,first_point_of_impact,vehicle_left_hand_drive,journey_purpose_of_driver_historic,journey_purpose_of_driver,sex_of_driver,age_of_driver,age_band_of_driver,engine_capacity_cc,propulsion_code,age_of_vehicle,generic_make_model,driver_imd_decile,lsoa_of_driver,escooter_flag,driver_distance_banding
2021010301816,2021,010301816,1,9,0,3,3,5,1,0,0,1,0,0,0,0,2,1,6,6,2,58,9,1332,1,1,NISSAN QASHQAI,5,E01003067,0,-1
2021401032386,2021,401032386,2,9,0,18,19,4,8,0,0,0,0,0,0,0,1,1,6,6,1,58,9,1598,1,11,NISSAN QASHQAI,7,E01023508,0,-1
2021451103449,2021,451103449,1,9,0,18,19,5,3,0,0,0,0,0,0,0,3,1,6,6,2,39,7,1598,1,11,NISSAN QASHQAI,2,E01024741,0,-1
2021031087870,2021,031087870,1,9,0,9,9,5,3,0,0,6,0,0,0,0,1,1,5,6,1,61,9,1598,2,4,NISSAN QASHQAI,1,E01012245,0,-1
2021440167583,2021,440167583,1,9,0,11,11,8,3,0,0,1,0,0,0,0,0,1,6,6,1,-1,-1,1598,2,6,NISSAN QASHQAI,-1,-1,0,-1
2021201130168,2021,201130168,1,9,0,9,9,8,6,0,0,5,0,0,0,0,1,1,6,6,2,52,8,1461,2,1,NISSAN QASHQAI,1,E01009475,0,-1
2021371046927,2021,371046927,2,9,0,18,19,5,8,0,0,1,0,0,0,0,1,1,5,6,2,42,7,1598,1,9,NISSAN QASHQAI,8,E01033429,0,-1
2021010331978,2021,010331978,2,9,0,4,4,7,3,0,0,1,0,0,0,0,2,1,6,6,1,47,8,1598,1,12,NISSAN QASHQAI,-1,-1,0,-1
2021430525631,2021,430525631,1,9,0,13,13,5,3,0,0,2,0,0,0,0,4,1,6,6,3,-1,-1,1598,1,8,NISSAN QASHQAI,-1,-1,0,-1
2021010289772,2021,010289772,2,9,0,4,4,5,1,0,0,8,0,0,0,0,1,1,6,6,2,25,5,1461,2,10,NISSAN QASHQAI,4,E01030383,0,-1
2021052102542,2021,052102542,1,9,0,18,19,7,3,0,0,0,0,0,0,0,1,1,6,6,2,32,6,1332,1,2,NISSAN QASHQAI,7,E01007084,0,-1
2021041077087,2021,041077087,2,9,0,18,19,1,5,0,0,1,0,0,0,0,1,1,5,6,1,79,11,1332,1,2,NISSAN QASHQAI,9,E01025470,0,-1
2021010337616,2021,010337616,2,9,0,99,99,9,9,99,99,9,9,99,9,99,1,9,6,6,3,-1,-1,1332,1,0,NISSAN QASHQAI,-1,-1,0,-1
2021010316666,2021,010316666,1,9,0,9,9,5,3,0,0,0,0,0,0,0,3,1,6,6,1,22,5,1461,2,3,NISSAN QASHQAI,9,E01023674,0,-1
2021430329643,2021,430329643,2,9,0,18,19,5,1,0,0,0,0,0,0,0,4,1,6,6,2,37,7,1997,1,9,NISSAN QASHQAI,5,E01016519,0,-1
2021361116227,2021,361116227,2,9,0,18,19,6,3,0,0,0,0,0,0,0,1,1,5,6,2,43,7,1461,2,6,NISSAN QASHQAI,6,E01026494,0,-1
2021141022797,2021,141022797,1,9,0,9,9,1,7,0,0,6,0,0,0,0,3,1,6,6,1,44,7,1461,2,6,NISSAN QASHQAI,7,E01007657,0,-1
2021221052307,2021,221052307,2,9,0,18,19,6,2,0,0,8,0,0,0,0,4,1,5,6,1,52,8,1461,2,3,NISSAN QASHQAI,8,E01032458,0,-1
2021451127225,2021,451127225,1,9,0,18,19,3,7,0,0,2,0,0,0,0,1,1,5,6,1,30,6,1997,1,13,NISSAN QASHQAI,1,E01008671,0,-1
2021622100751,2021,622100751,2,9,0,16,19,8,4,0,0,0,0,0,0,0,1,1,6,6,1,39,7,1461,2,4,NISSAN QASHQAI,4,W01001111,0,-1
2021544053421,2021,544053421,2,9,0,18,19,7,3,0,0,8,0,0,0,0,4,1,6,6,2,49,8,1461,2,4,NISSAN QASHQAI,7,E01023159,0,-1
2021031055579,2021,031055579,3,9,0,4,4,6,1,0,0,1,0,0,0,0,2,1,5,6,1,35,6,1997,1,11,NISSAN QASHQAI,2,E01011128,0,-1
2021010345452,2021,010345452,2,9,0,9,9,5,3,0,0,8,0,0,0,0,4,1,6,6,1,35,6,1197,1,6,NISSAN QASHQAI,2,E01001750,0,-1
2021010343774,2021,010343774,1,9,0,1,1,6,8,9,9,6,0,0,0,0,2,1,6,6,1,35,6,1197,1,3,NISSAN QASHQAI,5,E01001345,0,-1
2021401125249,2021,401125249,1,9,0,18,19,7,3,0,0,8,0,0,0,0,1,1,6,6,1,41,7,1598,2,6,NISSAN QASHQAI,9,E01017417,0,-1
2021010322450,2021,010322450,2,9,0,99,99,9,9,99,99,9,9,99,9,99,2,9,6,6,3,-1,-1,1598,1,11,NISSAN QASHQAI,-1,-1,0,-1
2021010331398,2021,010331398,1,9,0,9,9,5,3,0,0,6,0,0,0,0,1,1,6,6,2,40,7,1197,1,5,NISSAN QASHQAI,2,E01003179,0,-1
2021010311659,2021,010311659,1,9,0,18,19,7,3,0,0,0,0,0,0,0,3,1,2,2,2,50,8,1618,1,5,NISSAN QASHQAI,5,E01000036,0,-1
2021622100898,2021,622100898,1,9,0,18,19,8,4,0,0,4,0,0,0,0,1,1,2,2,1,35,6,1461,2,9,NISSAN QASHQAI,4,W01001001,0,-1
2021010293148,2021,010293148,1,9,0,99,99,9,9,99,99,9,9,99,9,99,9,9,2,2,1,48,8,1598,1,14,NISSAN QASHQAI,4,E01003230,0,-1
2021052102185,2021,052102185,3,9,0,18,19,7,3,0,0,1,0,0,0,0,1,1,6,6,3,-1,-1,1461,2,4,NISSAN QASHQAI,-1,-1,0,-1
202134WNC4401,2021,34WNC4401,2,9,0,12,12,5,1,0,0,0,1,0,0,0,1,1,6,6,1,55,8,1332,1,3,NISSAN QASHQAI,4,E01000113,0,-1
2021522105856,2021,522105856,2,9,0,18,19,1,5,0,0,0,0,0,0,0,1,1,6,6,2,40,7,1461,2,10,NISSAN QASHQAI,10,E01014935,0,-1
202106P079389,2021,06P079389,2,9,0,2,2,0,0,0,0,0,0,0,0,0,3,1,6,6,1,25,5,1332,1,1,NISSAN QASHQAI,-1,-1,0,-1
2021010347959,2021,010347959,1,9,0,9,9,5,3,0,0,1,0,0,0,0,1,1,6,6,1,52,8,1461,2,5,NISSAN QASHQAI,5,E01002950,0,-1
2021991085258,2021,991085258,2,9,0,18,19,2,6,0,0,8,0,0,0,0,1,1,5,6,1,27,6,1197,1,3,NISSAN QASHQAI,2,-1,0,-1
202131C191321,2021,31C191321,2,9,0,18,19,4,8,0,0,4,0,0,0,0,1,1,6,6,2,39,7,1197,1,3,NISSAN QASHQAI,1,E01013833,0,-1
2021010308495,2021,010308495,2,9,0,9,9,3,1,0,0,5,0,0,0,0,3,1,2,2,2,37,7,1598,1,9,NISSAN QASHQAI,9,E01003202,0,-1
2021411050889,2021,411050889,1,9,0,8,8,8,4,0,0,1,0,0,0,0,2,1,5,6,1,74,10,1598,2,5,NISSAN QASHQAI,7,E01028503,0,-1
2021141012761,2021,141012761,2,9,0,18,19,1,5,0,0,1,0,0,0,0,2,1,6,6,2,63,9,1598,2,8,NISSAN QASHQAI,9,E01019790,0,-1
2021010347269,2021,010347269,2,9,0,9,9,7,4,0,0,0,0,0,0,0,4,1,6,6,2,50,8,1197,1,3,NISSAN QASHQAI,6,E01030755,0,-1
2021010328512,2021,010328512,1,9,0,9,9,1,7,0,0,8,0,0,0,0,1,1,6,6,2,54,8,1598,2,7,NISSAN QASHQAI,4,E01000406,0,-1
2021010344640,2021,010344640,2,9,0,13,13,1,5,0,0,1,0,0,0,0,1,1,6,6,2,58,9,1618,1,5,NISSAN QASHQAI,6,E01004379,0,-1
2021371111787,2021,371111787,1,9,0,18,19,6,4,0,0,1,0,0,0,0,1,1,2,2,1,43,7,1995,2,11,NISSAN QASHQAI,4,E01026705,0,-1
2021010325329,2021,010325329,1,9,0,2,2,0,0,99,99,9,9,99,9,99,1,9,6,6,2,29,6,1598,1,9,NISSAN QASHQAI,-1,-1,0,-1
2021471118454,2021,471118454,4,9,0,18,19,8,4,0,0,0,0,0,0,0,2,1,5,6,2,34,6,1997,1,11,NISSAN QASHQAI,-1,-1,0,-1
2021201016234,2021,201016234,1,9,0,9,9,4,2,0,0,4,0,0,0,0,4,1,6,6,2,23,5,1461,2,11,NISSAN QASHQAI,2,E01010268,0,-1
2021010311028,2021,010311028,1,9,0,4,4,1,5,0,0,1,0,0,0,0,1,1,6,6,1,67,10,1332,1,2,NISSAN QASHQAI,2,E01003041,0,-1
2021461055782,2021,461055782,2,9,0,18,19,6,2,0,0,0,0,0,0,0,3,1,6,6,2,58,9,1461,2,6,NISSAN QASHQAI,5,E01016174,0,-1
2021010292464,2021,010292464,1,9,0,99,99,9,9,99,99,9,9,99,9,99,9,9,2,2,2,27,6,1197,1,6,NISSAN QASHQAI,6,E01016076,0,-1
2021161076450,2021,161076450,1,9,0,18,19,1,5,0,0,1,0,0,0,0,1,1,6,6,2,31,6,1995,2,9,NISSAN QASHQAI,1,E01012851,0,-1
2021010347993,2021,010347993,2,9,0,9,9,7,4,0,0,5,0,0,0,0,1,1,6,6,1,49,8,1997,1,10,NISSAN QASHQAI,5,E01004601,0,-1
2021052102223,2021,052102223,2,9,0,18,19,1,5,0,0,1,0,0,0,0,1,1,1,1,2,56,9,1461,2,11,NISSAN QASHQAI,6,E01006941,0,-1
2021010352255,2021,010352255,1,9,0,99,99,9,9,0,0,8,0,0,0,0,4,1,6,6,2,31,6,1598,1,11,NISSAN QASHQAI,4,E01003090,0,-1
2021471107955,2021,471107955,2,9,0,9,9,2,1,0,0,2,1,0,0,0,3,1,3,7,2,28,6,1598,1,11,NISSAN QASHQAI,5,E01021001,0,-1
2021461119134,2021,461119134,1,9,0,18,19,1,5,0,0,0,2,0,1,1,1,1,1,1,1,34,6,1598,1,9,NISSAN QASHQAI,8,E01002334,0,-1
2021471020955,2021,471020955,1,9,0,12,12,8,4,0,0,0,0,0,1,0,2,1,1,1,2,32,6,1997,1,13,NISSAN QASHQAI,5,E01031826,0,-1
20211383E0743,2021,1383E0743,2,9,0,2,2,0,0,0,0,0,0,0,0,0,3,1,6,6,1,24,5,1461,2,5,NISSAN QASHQAI,1,E01011737,0,-1
2021010310440,2021,010310440,1,9,0,99,99,9,9,99,99,0,9,99,9,99,9,9,2,2,2,48,8,1197,1,6,NISSAN QASHQAI,1,E01004407,0,-1
2021401113067,2021,401113067,1,9,0,18,19,5,1,0,0,8,0,0,0,0,1,1,3,7,2,35,6,1598,1,12,NISSAN QASHQAI,4,E01015750,0,-1
2021451100886,2021,451100886,1,9,0,4,4,5,7,0,0,0,0,0,0,0,1,1,6,6,2,33,6,1998,2,10,NISSAN QASHQAI,7,E01030851,0,-1
2021302100834,2021,302100834,1,9,0,18,19,4,8,0,0,0,0,0,0,0,4,1,2,2,1,65,9,1994,2,12,NISSAN QASHQAI,1,E01013536,0,-1
2021010316206,2021,010316206,1,9,0,18,19,2,6,0,0,1,0,0,1,0,4,1,6,6,2,63,9,1598,1,9,NISSAN QASHQAI,3,E01003143,0,-1
2021010306960,2021,010306960,1,9,0,18,19,3,7,0,0,2,2,4,0,0,3,1,6,6,1,18,4,1198,1,7,NISSAN QASHQAI,4,E01004401,0,-1
2021101053748,2021,101053748,2,9,0,18,19,7,3,0,0,8,0,0,0,0,3,1,6,6,2,29,6,1461,2,1,NISSAN QASHQAI,1,E01008204,0,-1
2021401034122,2021,401034122,1,9,0,5,5,5,1,0,0,4,0,0,0,0,3,1,2,2,1,48,8,1598,1,13,NISSAN QASHQAI,2,E01015791,0,-1
2021231094601,2021,231094601,1,9,0,7,7,5,7,0,0,5,0,0,0,0,4,1,5,6,2,30,6,1461,2,2,NISSAN QASHQAI,3,E01031058,0,-1
2021061033583,2021,061033583,1,9,0,3,3,5,1,0,0,1,0,0,0,0,2,1,3,7,2,36,7,1461,2,9,NISSAN QASHQAI,-1,-1,0,-1
2021522102736,2021,522102736,1,9,0,18,19,8,4,0,0,0,0,0,0,0,0,1,6,6,2,70,10,1332,1,2,NISSAN QASHQAI,1,E01014829,0,-1
2021201104903,2021,201104903,2,9,0,18,19,2,6,0,0,0,0,0,0,0,2,1,6,6,1,55,8,1332,1,2,NISSAN QASHQAI,2,E01008946,0,-1
2021545188921,2021,545188921,2,9,0,18,19,8,4,0,0,0,0,0,0,0,1,1,6,6,1,28,6,1618,1,6,NISSAN QASHQAI,7,E01015013,0,-1
2021170H10731,2021,170H10731,2,9,0,18,19,5,1,0,0,2,0,0,0,0,1,1,6,6,1,72,10,1332,1,1,NISSAN QASHQAI,-1,-1,0,-1
2021141037972,2021,141037972,1,9,0,14,14,8,4,0,0,0,0,0,0,0,3,1,6,6,2,38,7,1997,1,7,NISSAN QASHQAI,2,E01007805,0,-1
2021371131416,2021,371131416,1,9,0,5,5,3,1,0,0,8,0,0,0,0,1,1,2,2,2,34,6,1461,2,9,NISSAN QASHQAI,8,E01029997,0,-1
2021010336222,2021,010336222,1,9,0,99,99,9,9,99,99,9,9,99,9,99,1,9,6,6,1,44,7,1598,1,10,NISSAN QASHQAI,4,E01003771,0,-1
2021451106192,2021,451106192,1,9,0,3,3,4,2,0,0,1,0,0,0,0,2,1,5,6,1,36,7,1197,1,4,NISSAN QASHQAI,10,E01030623,0,-1
2021010310189,2021,010310189,1,9,0,99,99,9,9,99,99,9,9,99,9,99,2,9,6,6,2,41,7,1995,2,10,NISSAN QASHQAI,10,E01030581,0,-1
2021501085757,2021,501085757,1,9,0,15,15,2,6,0,0,0,0,0,0,0,4,1,5,6,1,51,8,1598,2,6,NISSAN QASHQAI,3,W01001592,0,-1
2021010342955,2021,010342955,2,9,0,99,99,9,9,99,99,9,9,99,9,99,1,9,6,6,3,-1,-1,1332,1,1,NISSAN QASHQAI,-1,-1,0,-1
2021461118762,2021,461118762,1,9,0,18,19,4,2,0,0,8,0,0,0,0,1,1,6,6,1,28,6,1461,2,6,NISSAN QASHQAI,3,E01024126,0,-1
2021010318689,2021,010318689,2,9,0,7,7,1,3,0,0,8,0,0,0,0,4,1,6,6,1,63,9,1598,1,9,NISSAN QASHQAI,2,E01003160,0,-1
2021451055778,2021,451055778,2,9,0,12,12,7,3,0,0,0,2,0,5,0,1,1,1,1,1,29,6,1461,2,2,NISSAN QASHQAI,9,E01000409,0,-1
2021010333566,2021,010333566,2,9,9,99,99,9,9,99,99,9,9,99,9,99,9,9,6,6,3,44,7,1197,1,5,NISSAN QASHQAI,2,E01000076,0,-1
2021320740882,2021,320740882,1,9,0,18,19,6,2,0,0,0,1,0,1,9,1,1,2,2,2,26,6,1461,2,12,NISSAN QASHQAI,-1,-1,0,-1
2021471091237,2021,471091237,2,9,0,9,9,3,1,0,0,8,0,0,0,0,3,1,5,6,2,42,7,1461,2,7,NISSAN QASHQAI,7,E01031388,0,-1
2021010291717,2021,010291717,2,9,0,2,2,0,0,0,0,0,0,0,1,0,0,1,6,6,3,-1,-1,1197,1,5,NISSAN QASHQAI,-1,-1,0,-1
2021010343287,2021,010343287,2,9,0,99,99,9,9,99,99,9,9,99,9,99,1,9,6,6,3,53,8,1598,1,8,NISSAN QASHQAI,6,E01002968,0,-1
2021552101072,2021,552101072,2,9,0,17,19,6,2,0,0,0,0,0,1,0,3,1,6,6,1,75,10,1332,1,2,NISSAN QASHQAI,10,E01020560,0,-1
2021991084013,2021,991084013,2,9,0,9,9,3,1,0,0,5,0,0,0,0,1,1,5,6,1,51,8,1461,2,4,NISSAN QASHQAI,1,-1,0,-1
2021622100838,2021,622100838,2,9,0,18,19,8,4,0,0,0,1,0,0,0,1,1,2,2,2,47,8,1198,1,6,NISSAN QASHQAI,1,E01032518,0,-1
202131C198421,2021,31C198421,1,9,0,18,19,3,7,0,0,1,0,0,0,0,1,1,6,6,1,58,9,1461,2,13,NISSAN QASHQAI,2,E01013870,0,-1
2021430517437,2021,430517437,2,9,0,18,19,5,1,0,0,0,0,0,0,0,3,1,2,2,2,51,8,1598,1,8,NISSAN QASHQAI,7,E01016764,0,-1
2021161087731,2021,161087731,2,9,0,18,19,1,5,0,0,8,0,0,0,0,1,1,6,6,1,51,8,1598,1,13,NISSAN QASHQAI,3,E01013164,0,-1
2021010331749,2021,010331749,1,9,0,9,9,5,3,0,0,2,0,4,0,0,4,1,6,6,2,71,10,1332,1,1,NISSAN QASHQAI,5,E01000354,0,-1
2021010327762,2021,010327762,1,9,0,9,9,5,3,0,0,7,0,0,0,0,1,1,6,6,1,59,9,1598,1,12,NISSAN QASHQAI,2,E01004197,0,-1
2021461053999,2021,461053999,1,9,0,18,19,2,7,0,0,0,0,0,0,0,4,1,6,6,1,44,7,1598,1,12,NISSAN QASHQAI,4,E01024293,0,-1
2021401046916,2021,401046916,3,9,0,18,19,5,1,0,0,0,0,0,0,0,1,1,5,6,1,41,7,1461,2,4,NISSAN QASHQAI,4,E01004375,0,-1
2021302101657,2021,302101657,2,9,0,18,19,4,2,0,0,8,0,0,0,0,3,1,2,2,2,31,6,1332,1,2,NISSAN QASHQAI,4,E01019491,0,-1
2021552101127,2021,552101127,1,9,0,18,19,8,4,0,0,4,0,0,0,0,3,1,6,6,2,73,10,1197,1,5,NISSAN QASHQAI,6,E01020529,0,-1
2021201116062,2021,201116062,1,8,0,9,9,8,6,0,0,5,0,0,0,0,1,1,2,2,1,50,8,1598,1,11,NISSAN QASHQAI,1,E01008911,0,-1
2021461075714,2021,461075714,3,9,0,4,4,2,6,0,0,0,0,0,0,0,2,1,6,6,2,25,5,1332,1,0,NISSAN QASHQAI,5,E01001658,0,-1
2021052101371,2021,052101371,2,9,0,18,19,8,4,0,0,8,5,0,0,0,3,1,6,6,2,49,8,1461,2,2,NISSAN QASHQAI,2,E01006948,0,-1
2021131037014,2021,131037014,1,9,0,7,7,2,4,0,0,2,0,0,0,0,-1,1,6,6,3,30,6,1461,2,7,NISSAN QASHQAI,-1,-1,0,-1
2021010346930,2021,010346930,1,9,0,18,19,3,7,0,0,8,0,0,0,0,4,1,6,6,2,32,6,1332,1,2,NISSAN QASHQAI,3,E01001969,0,-1
2021430178092,2021,430178092,1,9,0,9,9,7,5,0,0,6,0,0,0,0,1,1,2,2,2,50,8,1198,1,7,NISSAN QASHQAI,3,E01028519,0,-1
202131B145521,2021,31B145521,1,9,0,18,19,6,2,0,0,8,0,0,1,0,1,1,6,6,1,37,7,1461,2,4,NISSAN QASHQAI,6,E01027883,0,-1
2021371144069,2021,371144069,1,9,0,9,9,8,6,0,0,8,0,0,0,0,4,1,5,6,1,72,10,1461,2,6,NISSAN QASHQAI,8,E01030042,0,-1
2021041106164,2021,041106164,1,9,0,9,9,5,3,0,0,8,0,0,0,0,4,1,5,6,2,31,6,1197,1,6,NISSAN QASHQAI,9,E01025281,0,-1
2021010303913,2021,010303913,2,9,0,99,99,9,9,99,99,9,9,99,9,99,9,9,6,6,3,37,7,1332,1,3,NISSAN QASHQAI,2,E01003351,0,-1
2021430202413,2021,430202413,1,9,0,18,19,4,8,0,0,1,0,0,0,4,1,1,2,2,2,50,8,1461,2,5,NISSAN QASHQAI,7,E01027004,0,-1
2021131110219,2021,131110219,2,9,0,18,19,1,1,0,0,8,0,0,0,0,2,1,6,6,2,44,7,1598,2,8,NISSAN QASHQAI,3,E01010789,0,-1
2021010306190,2021,010306190,2,9,0,99,99,9,9,99,99,9,9,99,9,99,1,9,6,6,1,-1,-1,1598,1,8,NISSAN QASHQAI,4,E01003914,0,-1
2021361074051,2021,361074051,1,9,0,18,19,3,7,0,0,0,0,0,0,0,1,1,6,6,1,21,5,1461,2,9,NISSAN QASHQAI,8,E01026948,0,-1
2021131080062,2021,131080062,1,9,0,-1,-1,-1,-1,-1,-1,8,-1,-1,-1,0,-1,1,6,6,3,-1,-1,1461,2,8,NISSAN QASHQAI,-1,-1,0,-1
202134WNC2201,2021,34WNC2201,1,9,0,18,19,4,8,0,0,2,0,4,2,2,1,1,6,6,1,65,9,1997,1,14,NISSAN QASHQAI,5,E01027302,0,-1
2021201138679,2021,201138679,1,9,0,18,19,3,7,0,0,0,0,0,0,0,1,1,6,6,1,46,8,1461,2,6,NISSAN QASHQAI,1,E01010401,0,-1
2021141023460,2021,141023460,1,9,0,18,19,3,7,0,0,0,0,0,0,0,1,1,5,6,1,35,6,1461,2,2,NISSAN QASHQAI,5,E01007746,0,-1
2021010347614,2021,010347614,1,9,0,4,4,2,6,0,0,0,0,0,0,0,1,1,6,6,2,59,9,1598,1,9,NISSAN QASHQAI,10,E01030369,0,-1
2021010348866,2021,010348866,3,9,0,18,19,5,1,0,0,0,0,0,0,0,1,1,2,2,1,25,5,1618,1,3,NISSAN QASHQAI,3,E01004448,0,-1
2021451099096,2021,451099096,1,9,0,9,9,5,6,0,0,6,0,0,0,0,1,1,5,6,2,47,8,1997,1,11,NISSAN QASHQAI,10,E01030882,0,-1
2021211046088,2021,211046088,2,9,0,16,19,3,6,0,0,0,0,0,0,0,1,1,6,6,1,63,9,1461,2,5,NISSAN QASHQAI,9,E01009902,0,-1
2021520104592,2021,520104592,1,9,0,9,9,6,4,0,0,8,0,0,0,0,3,1,6,6,1,57,9,1598,1,13,NISSAN QASHQAI,3,E01029233,0,-1
2021010292648,2021,010292648,2,9,0,4,4,3,7,0,0,1,0,0,0,0,2,1,6,6,2,46,8,1994,2,12,NISSAN QASHQAI,5,E01030725,0,-1
2021141024293,2021,141024293,1,9,0,18,19,1,1,0,0,0,0,0,0,0,1,1,6,6,2,31,6,1461,2,13,NISSAN QASHQAI,5,E01019780,0,-1
2021221018796,2021,221018796,1,9,0,18,19,8,4,0,0,8,0,0,0,0,1,1,5,6,2,58,9,1332,1,0,NISSAN QASHQAI,1,E01014201,0,-1
2021411069297,2021,411069297,1,9,0,18,19,3,7,0,0,0,2,0,2,4,4,1,6,6,1,36,7,1198,1,7,NISSAN QASHQAI,5,E01017486,0,-1
2021401041893,2021,401041893,4,9,-1,-1,-1,-1,-1,-1,-1,0,-1,-1,-1,0,-1,1,6,6,3,-1,-1,1461,2,6,NISSAN QASHQAI,-1,-1,0,-1
2021471104781,2021,471104781,1,9,0,9,9,5,2,0,0,2,0,0,0,0,3,1,6,6,2,46,8,1461,2,5,NISSAN QASHQAI,7,E01020938,0,-1
2021461071747,2021,461071747,1,9,0,7,7,-1,-1,9,9,0,0,0,0,0,-1,1,6,6,2,29,6,1197,1,3,NISSAN QASHQAI,4,E01024373,0,-1
2021522200831,2021,522200831,1,9,0,5,5,9,9,0,0,4,0,0,0,0,1,1,6,6,2,40,7,1461,2,11,NISSAN QASHQAI,4,E01014433,0,-1
2021141087874,2021,141087874,2,9,0,5,5,2,4,0,0,6,0,0,0,0,1,1,5,6,2,-1,-1,1598,2,7,NISSAN QASHQAI,-1,-1,0,-1
2021010315057,2021,010315057,1,9,0,9,9,1,6,0,0,8,0,0,0,0,3,1,6,6,2,43,7,1332,1,3,NISSAN QASHQAI,4,E01001873,0,-1
2021371070001,2021,371070001,1,9,0,9,9,3,1,0,0,8,0,0,0,0,3,1,5,6,2,70,10,1197,1,4,NISSAN QASHQAI,4,E01026792,0,-1
202134NNC1571,2021,34NNC1571,2,9,0,18,19,7,3,0,0,8,0,0,0,0,1,1,6,6,1,27,6,1197,1,5,NISSAN QASHQAI,9,E01027125,0,-1
202131D061221,2021,31D061221,3,9,0,18,19,4,8,0,0,0,0,0,0,0,1,1,6,6,2,36,7,1598,2,5,NISSAN QASHQAI,7,E01028277,0,-1
2021010331327,2021,010331327,2,9,0,18,19,1,5,0,0,1,0,0,0,0,4,1,1,1,1,50,8,1332,1,2,NISSAN QASHQAI,5,E01002529,0,-1
2021010352567,2021,010352567,1,9,0,16,19,5,1,0,0,0,5,4,0,0,4,1,6,6,2,43,7,1197,1,6,NISSAN QASHQAI,2,E01004068,0,-1
2021440200794,2021,440200794,1,9,0,18,19,3,8,9,9,2,1,0,1,10,1,1,6,6,1,19,4,1461,2,4,NISSAN QASHQAI,3,E01023142,0,-1
2021201064073,2021,201064073,1,9,0,9,9,2,7,0,0,5,0,0,0,0,1,1,6,6,2,25,5,1461,2,4,NISSAN QASHQAI,2,E01014152,0,-1
2021131079121,2021,131079121,1,9,0,9,9,5,3,0,0,5,0,0,0,0,1,1,5,6,2,38,7,1994,2,12,NISSAN QASHQAI,2,E01011061,0,-1
2021320389912,2021,320389912,2,9,0,18,19,6,2,0,0,8,0,0,0,0,3,1,6,6,1,42,7,1997,1,14,NISSAN QASHQAI,1,E01026152,0,-1
2021421031775,2021,421031775,1,9,0,4,4,6,2,0,0,0,0,0,0,0,2,1,6,6,2,43,7,1997,1,8,NISSAN QASHQAI,4,E01021777,0,-1
2021061051911,2021,061051911,1,9,0,4,4,3,7,0,0,1,0,0,0,0,2,1,6,6,1,38,7,1332,1,2,NISSAN QASHQAI,8,E01005571,0,-1
2021010350217,2021,010350217,1,9,9,99,99,9,9,99,99,0,9,99,9,99,9,9,6,6,1,40,7,1598,1,10,NISSAN QASHQAI,4,E01003332,0,-1
2021421059766,2021,421059766,1,9,0,17,19,7,3,0,0,0,0,0,0,0,1,1,5,6,2,48,8,1598,1,9,NISSAN QASHQAI,5,E01000589,0,-1
2021221124503,2021,221124503,1,9,0,18,19,5,1,0,0,8,1,10,7,11,1,1,5,6,1,35,6,1461,2,10,NISSAN QASHQAI,2,E01032161,0,-1
2021010294058,2021,010294058,2,9,0,7,7,8,2,2,2,5,0,0,0,0,4,1,1,1,1,34,6,1598,2,8,NISSAN QASHQAI,2,E01003239,0,-1
2021320505397,2021,320505397,1,9,0,16,19,4,8,0,0,0,1,0,1,4,1,1,6,6,1,26,6,1598,1,8,NISSAN QASHQAI,7,E01026673,0,-1
2021361133446,2021,361133446,2,9,0,14,14,6,2,0,0,0,0,0,0,0,3,1,6,6,2,67,10,1197,1,3,NISSAN QASHQAI,9,E01026933,0,-1
2021010339285,2021,010339285,2,9,0,12,12,7,3,0,0,0,0,0,0,0,1,1,6,6,2,44,7,1332,1,2,NISSAN QASHQAI,8,E01003904,0,-1
2021010347843,2021,010347843,1,9,0,99,99,9,9,99,99,9,9,99,9,99,3,9,6,6,2,26,6,1198,1,7,NISSAN QASHQAI,9,E01030391,0,-1
2021061076534,2021,061076534,2,9,0,18,19,3,7,0,0,0,0,0,0,0,3,1,6,6,1,68,10,1198,1,6,NISSAN QASHQAI,5,E01006044,0,-1
2021041124187,2021,041124187,2,9,0,9,9,8,6,0,0,8,0,0,7,0,3,1,6,6,1,79,11,1197,1,6,NISSAN QASHQAI,8,E01025052,0,-1
2021451101333,2021,451101333,2,9,0,18,19,1,4,0,0,0,0,0,0,0,1,1,1,1,1,51,8,1461,2,11,NISSAN QASHQAI,5,E01002590,0,-1
2021471115140,2021,471115140,2,9,0,4,4,7,3,0,0,1,0,0,0,0,2,1,5,6,1,43,7,1461,2,11,NISSAN QASHQAI,4,E01031809,0,-1
2021010345642,2021,010345642,2,9,0,18,19,3,7,0,0,0,0,0,0,0,1,1,6,6,2,33,6,1332,1,3,NISSAN QASHQAI,9,E01000410,0,-1
2021501032224,2021,501032224,1,9,0,4,4,5,1,0,0,1,0,0,0,0,1,1,2,2,2,48,8,1461,2,9,NISSAN QASHQAI,8,E01018855,0,-1