collision_index,collision_year,collision_ref_no,vehicle_reference,vehicle_type,towing_and_articulation,vehicle_manoeuvre_historic,vehicle_manoeuvre,vehicle_direction_from,vehicle_direction_to,vehicle_location_restricted_lane_historic,vehicle_location_restricted_lane,junction_location,skidding_and_overturning,hit_object_in_carriageway,vehicle_leaving_carriageway,hit_object_off_carriageway,first_point_of_impact,vehicle_left_hand_drive,journey_purpose_of_driver_historic,journey_purpose_of_driver,sex_of_driver,age_of_driver,age_band_of_driver,engine_capacity_cc,propulsion_code,age_of_vehicle,generic_make_model,driver_imd_decile,lsoa_of_driver,escooter_flag,driver_distance_banding
2021141018047,2021,141018047,1,9,0,18,19,2,6,0,0,0,0,0,0,0,1,1,2,2,2,29,6,1461,2,6,NISSAN QASHQAI,5,E01007558,0,-1
2021544222721,2021,544222721,2,9,0,4,4,2,7,0,0,1,0,0,0,0,1,1,2,2,1,34,6,1461,2,13,NISSAN QASHQAI,3,E01032115,0,-1
2021010343832,2021,010343832,1,9,0,99,99,9,9,99,99,9,9,99,9,99,1,9,6,6,2,38,7,1598,1,8,NISSAN QASHQAI,5,E01021741,0,-1
2021451027277,2021,451027277,1,9,0,17,19,3,7,0,0,1,0,0,0,0,1,1,5,6,2,29,6,1461,2,10,NISSAN QASHQAI,8,E01030384,0,-1
2021991051681,2021,991051681,2,9,0,10,10,8,7,0,0,0,0,0,0,0,2,1,5,6,1,64,9,1332,1,1,NISSAN QASHQAI,3,-1,0,-1
2021501049056,2021,501049056,3,9,0,4,4,3,7,0,0,0,0,0,0,0,2,1,6,6,1,53,8,1618,1,4,NISSAN QASHQAI,10,E01015133,0,-1
2021461039058,2021,461039058,2,9,0,3,3,7,3,0,0,0,0,0,0,0,2,1,5,6,1,56,9,1461,2,6,NISSAN QASHQAI,5,E01024198,0,-1
2021041021603,2021,041021603,2,9,0,4,4,2,6,0,0,1,0,0,0,0,2,1,5,6,2,37,7,1461,2,8,NISSAN QASHQAI,1,E01024906,0,-1
2021010300504,2021,010300504,1,9,0,99,99,9,9,99,99,9,9,99,9,99,1,9,6,6,1,26,6,1461,2,5,NISSAN QASHQAI,2,E01000091,0,-1
2021411091002,2021,411091002,2,9,0,2,2,0,0,0,0,0,0,0,0,0,2,1,6,6,2,46,8,1598,2,4,NISSAN QASHQAI,8,E01033027,0,-1
2021440394829,2021,440394829,1,9,0,5,5,4,8,0,0,4,0,0,0,0,1,1,6,6,1,49,8,1461,2,10,NISSAN QASHQAI,10,E01016329,0,-1
2021302100837,2021,302100837,1,9,0,5,5,2,6,0,0,4,0,0,0,0,3,1,6,6,1,32,6,1598,2,5,NISSAN QASHQAI,8,E01019476,0,-1
2021501097729,2021,501097729,2,9,0,17,19,3,7,0,0,0,1,0,0,0,1,1,6,6,1,73,10,1618,1,5,NISSAN QASHQAI,5,E01019901,0,-1
2021201133738,2021,201133738,1,9,0,1,1,8,4,0,0,0,0,0,0,0,2,1,6,6,2,-1,-1,1461,2,9,NISSAN QASHQAI,-1,-1,0,-1
2021302101449,2021,302101449,2,9,0,18,19,6,2,0,0,0,0,0,0,0,2,1,2,2,2,45,7,1598,1,13,NISSAN QASHQAI,8,E01019596,0,-1
2021131090907,2021,131090907,1,9,0,18,19,1,1,0,0,0,0,0,3,0,1,2,5,6,1,70,10,1197,1,5,NISSAN QASHQAI,8,E01011091,0,-1
2021010349423,2021,010349423,1,9,0,18,19,3,7,0,0,1,0,0,0,0,4,1,6,6,1,36,7,1198,1,7,NISSAN QASHQAI,4,E01004016,0,-1
2021010338467,2021,010338467,1,9,0,99,99,9,9,99,99,9,9,99,9,99,9,9,6,6,2,40,7,1997,1,9,NISSAN QASHQAI,2,E01001112,0,-1
2021302101110,2021,302101110,2,9,0,18,19,6,8,0,0,0,0,0,0,0,1,1,6,6,2,50,8,1598,1,12,NISSAN QASHQAI,9,E01019670,0,-1
2021531082993,2021,531082993,1,9,0,9,9,1,7,0,0,6,0,0,1,9,1,1,5,6,1,78,11,1332,1,0,NISSAN QASHQAI,10,E01022438,0,-1
2021010348302,2021,010348302,2,9,0,18,19,1,5,0,0,1,0,0,0,0,1,1,6,6,2,47,8,1461,2,2,NISSAN QASHQAI,1,E01001978,0,-1
2021131061841,2021,131061841,1,9,0,3,3,5,1,0,0,1,0,0,0,0,2,1,5,6,1,37,7,1461,2,1,NISSAN QASHQAI,10,E01011894,0,-1
2021221030777,2021,221030777,2,9,0,10,10,3,8,0,0,1,0,0,0,0,2,1,3,7,2,35,6,1461,2,10,NISSAN QASHQAI,7,E01014131,0,-1
2021451013047,2021,451013047,1,9,0,18,19,8,7,0,0,8,0,0,0,0,1,1,2,2,2,61,9,1198,1,7,NISSAN QASHQAI,8,E01030505,0,-1
2021010342407,2021,010342407,1,9,0,18,19,5,1,0,0,2,0,0,0,0,1,1,6,6,1,44,7,1598,1,14,NISSAN QASHQAI,3,E01003250,0,-1
2021401064627,2021,401064627,1,9,0,5,5,6,2,0,0,8,0,0,0,0,4,1,2,2,2,44,7,1197,1,3,NISSAN QASHQAI,4,E01015723,0,-1
2021421039048,2021,421039048,2,9,0,7,7,3,7,0,0,3,0,0,0,0,2,1,6,6,2,54,8,1598,2,4,NISSAN QASHQAI,5,E01021602,0,-1
2021031086756,2021,031086756,1,9,0,9,9,6,1,0,0,1,0,0,0,0,1,1,5,6,1,70,10,1332,1,2,NISSAN QASHQAI,5,E01012405,0,-1
2021010304811,2021,010304811,2,9,0,2,2,0,0,0,0,0,0,0,0,0,3,1,6,6,3,-1,-1,1197,1,4,NISSAN QASHQAI,-1,-1,0,-1
2021440304417,2021,440304417,2,9,0,18,19,3,7,0,0,1,0,0,0,0,0,1,6,6,1,29,6,1461,2,10,NISSAN QASHQAI,3,E01017239,0,-1
2021010320965,2021,010320965,2,9,0,99,99,9,9,99,99,9,9,99,9,99,9,9,6,6,3,34,6,1598,2,5,NISSAN QASHQAI,2,E01001754,0,-1
2021471106185,2021,471106185,1,9,0,9,9,4,1,0,0,1,0,0,0,0,1,1,2,2,1,39,7,1598,1,12,NISSAN QASHQAI,3,E01031752,0,-1
2021161068261,2021,161068261,2,9,0,2,2,0,0,0,0,0,0,0,0,0,3,1,6,6,3,-1,-1,1598,2,9,NISSAN QASHQAI,-1,-1,0,-1
2021061081342,2021,061081342,2,9,0,7,7,3,7,0,0,5,0,0,0,0,4,1,6,6,2,45,7,1461,2,11,NISSAN QASHQAI,3,E01004872,0,-1
2021302101242,2021,302101242,1,9,0,4,4,6,8,0,0,4,0,0,0,0,2,1,6,6,2,63,9,1332,1,0,NISSAN QASHQAI,8,E01019406,0,-1
2021610061621,2021,610061621,2,9,0,9,9,1,8,0,0,5,0,0,0,0,4,1,6,6,2,70,10,1461,2,11,NISSAN QASHQAI,8,W01001677,0,-1
2021010302762,2021,010302762,2,9,0,99,99,9,9,99,99,1,9,99,9,99,2,9,6,6,3,51,8,1332,1,2,NISSAN QASHQAI,7,E01003651,0,-1
2021351040824,2021,351040824,2,9,0,3,3,5,1,0,0,0,0,0,0,0,1,1,6,6,2,52,8,1461,2,6,NISSAN QASHQAI,2,E01015633,0,-1
2021451024434,2021,451024434,2,9,0,2,2,0,0,0,0,0,0,0,0,0,4,1,6,6,1,70,10,1197,1,6,NISSAN QASHQAI,8,E01030384,0,-1
2021010310904,2021,010310904,1,9,0,18,19,5,1,0,0,1,0,0,0,0,2,1,6,6,2,38,7,1997,1,11,NISSAN QASHQAI,2,E01003238,0,-1
2021361065156,2021,361065156,4,9,0,4,4,6,1,0,0,0,0,0,0,0,2,1,6,6,2,33,6,1598,2,6,NISSAN QASHQAI,3,E01026719,0,-1
2021010325754,2021,010325754,1,9,0,18,19,5,1,0,0,1,5,4,0,0,1,1,6,6,1,36,7,1198,1,6,NISSAN QASHQAI,2,E01004470,0,-1
2021010303512,2021,010303512,2,9,0,99,99,9,9,99,99,0,9,99,9,99,2,9,6,6,3,-1,-1,1598,1,12,NISSAN QASHQAI,5,E01000519,0,-1
2021501086848,2021,501086848,1,9,0,5,5,3,6,0,0,1,0,0,0,0,1,1,5,6,2,32,6,1598,2,6,NISSAN QASHQAI,5,E01033291,0,-1
2021010324184,2021,010324184,1,9,0,18,19,7,3,0,0,1,0,0,0,0,4,1,6,6,2,65,9,1598,1,9,NISSAN QASHQAI,5,E01004520,0,-1
2021991109018,2021,991109018,2,9,0,2,2,0,0,0,0,0,0,0,0,0,0,1,5,6,2,29,6,1461,2,3,NISSAN QASHQAI,3,-1,0,-1
2021401023111,2021,401023111,2,9,0,18,19,7,3,0,0,0,0,0,0,0,1,1,2,2,2,36,7,1598,2,5,NISSAN QASHQAI,8,E01027348,0,-1
2021320033860,2021,320033860,1,9,0,17,19,8,4,0,0,0,1,0,1,0,1,1,6,6,1,33,6,1461,2,12,NISSAN QASHQAI,1,E01028320,0,-1
2021122100821,2021,122100821,1,9,0,18,19,8,4,0,0,1,0,0,0,0,1,1,6,6,2,46,8,1598,1,14,NISSAN QASHQAI,5,E01012706,0,-1
202131D125421,2021,31D125421,2,9,0,18,19,6,2,0,0,0,0,0,0,0,2,1,6,6,1,69,10,1461,2,2,NISSAN QASHQAI,2,E01013667,0,-1
2021522105860,2021,522105860,3,9,0,18,19,7,3,0,0,2,0,0,0,0,1,1,6,6,3,39,7,1461,2,10,NISSAN QASHQAI,9,E01014757,0,-1
2021010349586,2021,010349586,1,9,0,99,99,9,9,99,99,9,9,99,9,99,1,9,6,6,3,-1,-1,1197,1,5,NISSAN QASHQAI,3,E01000441,0,-1
2021430092008,2021,430092008,1,9,0,18,19,4,8,0,0,0,5,7,0,6,3,1,2,2,1,30,6,1997,1,12,NISSAN QASHQAI,6,E01024161,0,-1
2021010303325,2021,010303325,1,9,0,9,9,7,4,0,0,1,0,0,0,0,4,1,6,6,1,45,7,1461,2,6,NISSAN QASHQAI,2,E01002566,0,-1
202131B088021,2021,31B088021,2,9,0,4,4,3,7,0,0,0,0,0,0,0,2,1,6,6,1,64,9,1461,2,2,NISSAN QASHQAI,3,E01028064,0,-1
2021141038845,2021,141038845,2,9,0,2,2,1,5,0,0,0,1,4,7,0,4,1,6,6,3,-1,-1,1461,2,8,NISSAN QASHQAI,-1,-1,0,-1
2021401019017,2021,401019017,1,9,0,3,3,2,6,0,0,4,0,0,0,0,0,1,6,6,2,29,6,1332,1,2,NISSAN QASHQAI,7,E01017516,0,-1
2021201078576,2021,201078576,1,9,0,18,19,4,1,0,0,0,0,4,0,0,1,1,6,6,1,30,6,1461,2,3,NISSAN QASHQAI,1,E01009309,0,-1
2021401060328,2021,401060328,2,9,0,17,19,1,5,0,0,0,0,0,0,0,1,1,2,2,2,35,6,1461,2,5,NISSAN QASHQAI,9,E01017463,0,-1
2021010320894,2021,010320894,2,9,0,99,99,9,9,99,99,9,9,99,9,99,9,9,6,6,3,-1,-1,1332,1,1,NISSAN QASHQAI,5,E01029325,0,-1
2021471012889,2021,471012889,2,9,0,16,19,3,6,0,0,0,1,11,2,7,1,1,5,6,2,41,7,1461,2,9,NISSAN QASHQAI,8,E01016932,0,-1
2021031088529,2021,031088529,1,9,0,6,6,1,4,0,0,2,0,0,0,0,3,1,1,1,2,62,9,1598,1,9,NISSAN QASHQAI,3,E01019208,0,-1
2021010336932,2021,010336932,1,9,0,9,9,5,3,0,0,7,0,10,0,0,3,1,6,6,1,43,7,1598,1,13,NISSAN QASHQAI,1,E01003486,0,-1
2021451112495,2021,451112495,2,9,0,4,4,1,5,0,0,0,0,0,0,0,2,1,5,6,1,63,9,1461,2,9,NISSAN QASHQAI,5,E01001294,0,-1
2021052200034,2021,052200034,1,9,0,18,19,9,9,0,0,0,0,0,0,0,1,1,6,6,1,37,7,1461,2,11,NISSAN QASHQAI,2,E01007300,0,-1
2021201149829,2021,201149829,1,9,0,9,9,6,4,0,0,6,0,0,0,0,1,1,6,6,2,57,9,1598,1,8,NISSAN QASHQAI,-1,-1,0,-1
2021440235001,2021,440235001,1,9,0,11,11,2,6,0,0,0,0,0,0,0,4,1,6,6,1,32,6,1598,1,14,NISSAN QASHQAI,5,E01000592,0,-1
2021371145072,2021,371145072,3,9,0,3,3,6,2,0,0,0,0,0,0,0,2,1,6,6,1,78,11,1598,1,9,NISSAN QASHQAI,9,E01033450,0,-1
2021201058890,2021,201058890,2,9,0,18,19,4,8,0,0,2,0,0,0,0,3,1,6,6,3,-1,-1,1598,1,8,NISSAN QASHQAI,-1,-1,0,-1
2021991059709,2021,991059709,2,9,0,10,10,7,5,0,0,8,0,0,0,0,4,1,6,6,1,76,11,1461,2,2,NISSAN QASHQAI,7,-1,0,-1
2021546344421,2021,546344421,1,9,0,18,19,5,1,0,0,1,0,0,0,0,3,1,1,1,1,31,6,1461,2,2,NISSAN QASHQAI,6,E01031889,0,-1
2021201144785,2021,201144785,2,9,0,18,19,2,6,0,0,0,0,0,0,0,4,1,6,6,3,-1,-1,1461,2,5,NISSAN QASHQAI,-1,-1,0,-1
2021101053729,2021,101053729,1,9,0,5,5,8,5,0,0,4,0,0,0,0,1,1,1,1,1,50,8,1598,1,11,NISSAN QASHQAI,1,E01008333,0,-1
2021122101168,2021,122101168,2,9,0,4,4,5,1,0,0,4,0,0,0,0,1,1,6,6,1,35,6,1598,1,9,NISSAN QASHQAI,4,E01026732,0,-1
2021010305602,2021,010305602,1,9,0,99,99,9,9,99,99,9,9,99,9,99,9,9,6,6,2,41,7,1997,1,9,NISSAN QASHQAI,4,E01000960,0,-1
2021010326027,2021,010326027,1,9,0,9,9,1,6,0,0,2,0,0,0,0,1,1,6,6,2,40,7,1997,1,13,NISSAN QASHQAI,-1,-1,0,-1
2021031055579,2021,031055579,1,9,0,4,4,2,6,0,0,5,0,0,0,0,1,1,5,6,2,73,10,1197,1,5,NISSAN QASHQAI,5,E01019167,0,-1
2021461113125,2021,461113125,2,9,0,18,19,1,5,0,0,0,0,0,0,0,3,1,6,6,2,44,7,1197,1,4,NISSAN QASHQAI,4,E01024179,0,-1
2021010322850,2021,010322850,1,9,0,5,5,5,1,0,0,0,0,0,0,0,3,1,6,6,1,48,8,1994,2,12,NISSAN QASHQAI,6,E01001059,0,-1
2021010328959,2021,010328959,2,9,0,2,2,0,0,0,0,2,0,0,0,0,2,1,6,6,3,-1,-1,1198,1,6,NISSAN QASHQAI,-1,-1,0,-1
2021010334744,2021,010334744,2,9,0,99,99,9,9,99,99,9,9,99,9,99,1,9,6,6,3,36,7,1598,1,14,NISSAN QASHQAI,2,E01001579,0,-1
2021471077141,2021,471077141,2,9,0,18,19,5,1,0,0,1,0,0,1,11,1,1,5,6,2,35,6,1598,1,10,NISSAN QASHQAI,9,E01024814,0,-1
2021041036393,2021,041036393,1,9,0,9,9,3,1,0,0,6,0,0,0,0,4,1,6,6,1,46,8,1598,1,10,NISSAN QASHQAI,1,E01012657,0,-1
2021421027503,2021,421027503,2,9,0,4,4,1,5,0,0,0,0,0,0,0,2,1,6,6,2,53,8,1197,1,5,NISSAN QASHQAI,4,E01021260,0,-1
2021430474248,2021,430474248,2,9,0,9,9,6,4,0,0,5,0,0,0,0,3,1,6,6,2,-1,-1,1332,1,1,NISSAN QASHQAI,-1,-1,0,-1
2021501064005,2021,501064005,1,9,0,10,10,1,7,0,0,1,0,0,0,0,2,1,6,6,2,35,6,1197,1,3,NISSAN QASHQAI,5,E01018947,0,-1
2021010287467,2021,010287467,1,9,0,99,99,9,9,99,99,9,9,99,9,99,3,9,6,6,2,38,7,1997,1,12,NISSAN QASHQAI,7,E01000197,0,-1
2021501145413,2021,501145413,1,9,0,17,19,4,8,0,0,3,0,0,0,0,2,1,6,6,2,35,6,1461,2,10,NISSAN QASHQAI,1,E01015080,0,-1
2021041043471,2021,041043471,2,9,0,18,19,3,7,0,0,1,0,0,0,0,1,1,5,6,2,33,6,1197,1,5,NISSAN QASHQAI,1,E01012752,0,-1
2021320354400,2021,320354400,1,9,0,18,19,4,8,0,0,0,1,0,1,0,1,1,6,6,1,52,8,1598,1,8,NISSAN QASHQAI,-1,-1,0,-1
2021010317623,2021,010317623,2,9,0,5,5,5,1,0,0,2,0,0,0,0,2,1,6,6,2,50,8,1598,1,11,NISSAN QASHQAI,8,E01003670,0,-1
2021141025473,2021,141025473,1,9,0,9,9,4,1,0,0,8,0,0,0,0,1,1,5,6,1,35,6,1461,2,3,NISSAN QASHQAI,7,E01007997,0,-1
2021351117113,2021,351117113,1,9,0,3,3,2,6,0,0,1,1,0,0,0,1,1,1,1,1,43,7,1461,2,12,NISSAN QASHQAI,3,E01015624,0,-1
2021010297412,2021,010297412,2,9,0,99,99,9,9,99,99,9,9,99,9,99,1,9,6,6,3,-1,-1,1598,1,8,NISSAN QASHQAI,6,E01000581,0,-1
2021131042961,2021,131042961,2,9,0,4,4,-1,-1,0,0,0,0,0,0,0,2,1,6,6,2,39,7,1461,2,6,NISSAN QASHQAI,4,E01010669,0,-1
2021010322613,2021,010322613,2,9,0,99,99,9,9,99,99,9,9,99,9,99,9,9,6,6,3,-1,-1,1994,2,12,NISSAN QASHQAI,-1,-1,0,-1
202134NNC0221,2021,34NNC0221,2,9,0,18,19,5,1,0,0,0,0,0,0,0,2,1,2,2,2,30,6,1598,1,11,NISSAN QASHQAI,-1,-1,0,-1
2021361076234,2021,361076234,1,9,0,-1,-1,-1,-1,0,0,0,0,0,0,0,4,1,1,1,1,33,6,1461,2,5,NISSAN QASHQAI,9,E01026933,0,-1
2021061078665,2021,061078665,2,9,0,9,9,7,5,0,0,2,0,0,0,0,2,1,6,6,1,45,7,1197,1,5,NISSAN QASHQAI,4,E01005840,0,-1
2021552100992,2021,552100992,1,9,0,18,19,2,6,0,0,0,1,6,0,0,1,1,2,2,2,31,6,1197,1,5,NISSAN QASHQAI,8,E01020455,0,-1
2021201061140,2021,201061140,1,9,0,18,19,3,7,0,0,0,0,0,0,0,1,1,6,6,1,45,7,1197,1,3,NISSAN QASHQAI,1,E01010454,0,-1
2021311078987,2021,311078987,2,9,0,4,4,2,6,0,0,4,0,0,0,0,2,1,5,6,2,66,10,1197,1,3,NISSAN QASHQAI,10,E01028357,0,-1
2021421085132,2021,421085132,1,9,0,18,19,5,8,0,0,4,0,0,0,0,1,1,6,6,2,-1,-1,1461,2,10,NISSAN QASHQAI,-1,-1,0,-1
202134WNC7201,2021,34WNC7201,1,9,0,18,19,5,3,0,0,3,0,0,0,0,1,1,2,2,2,27,6,1461,2,6,NISSAN QASHQAI,3,E01027188,0,-1
2021041101817,2021,041101817,1,9,0,5,5,7,3,9,9,0,0,0,1,11,1,1,5,6,1,86,11,1197,1,4,NISSAN QASHQAI,10,E01025464,0,-1
2021010318735,2021,010318735,1,9,9,1,1,5,1,99,99,9,9,99,9,99,9,9,6,6,1,50,8,1197,1,5,NISSAN QASHQAI,4,E01003770,0,-1
2021010292848,2021,010292848,1,9,0,9,9,1,7,0,0,5,0,0,0,0,1,1,2,2,2,58,9,1461,2,1,NISSAN QASHQAI,-1,-1,0,-1
2021991104139,2021,991104139,1,9,0,6,6,6,6,0,0,0,0,0,0,0,4,1,5,6,2,20,4,1598,1,8,NISSAN QASHQAI,8,-1,0,-1
2021231037187,2021,231037187,2,9,0,2,2,0,0,0,0,0,0,0,0,0,2,1,5,6,1,46,8,1598,1,8,NISSAN QASHQAI,3,E01031264,0,-1
2021010297844,2021,010297844,1,9,0,9,9,5,3,0,0,6,1,0,0,0,3,1,3,7,1,49,8,1198,1,7,NISSAN QASHQAI,2,E01015931,0,-1
2021010349511,2021,010349511,1,9,0,18,19,1,5,0,0,0,0,4,0,0,1,1,6,6,2,38,7,1332,1,2,NISSAN QASHQAI,8,E01000659,0,-1
2021010299264,2021,010299264,2,9,0,10,10,1,6,0,0,1,0,0,0,0,2,1,6,6,2,52,8,1197,1,3,NISSAN QASHQAI,3,E01000464,0,-1
2021010319437,2021,010319437,1,9,0,10,10,3,1,0,0,8,0,0,0,0,1,1,6,6,2,49,8,1598,1,9,NISSAN QASHQAI,2,E01001833,0,-1
2021161076029,2021,161076029,2,9,0,11,11,5,1,0,0,0,0,0,0,0,2,1,2,2,1,62,9,1598,1,14,NISSAN QASHQAI,6,E01012959,0,-1
2021522106107,2021,522106107,1,9,0,9,9,1,7,0,0,6,0,0,0,0,3,1,6,6,2,45,7,1997,1,9,NISSAN QASHQAI,3,E01014809,0,-1
2021552100873,2021,552100873,1,9,0,18,19,2,6,0,0,0,0,0,0,0,1,1,6,6,1,37,7,1598,2,4,NISSAN QASHQAI,3,E01002814,0,-1
2021031018708,2021,031018708,1,9,0,15,15,1,5,0,0,0,0,0,0,0,4,1,5,6,1,46,8,1598,2,8,NISSAN QASHQAI,4,E01019364,0,-1
2021622100547,2021,622100547,1,9,0,9,9,7,5,0,0,8,0,7,0,0,1,1,6,6,2,50,8,1461,2,9,NISSAN QASHQAI,9,W01001072,0,-1
2021421041642,2021,421041642,2,9,0,9,9,4,1,0,0,3,0,0,0,0,4,1,6,6,2,39,7,1198,1,7,NISSAN QASHQAI,5,E01021768,0,-1
2021010332891,2021,010332891,1,9,0,9,9,5,3,0,0,5,0,0,0,0,4,1,3,7,2,35,6,1197,1,4,NISSAN QASHQAI,7,E01001455,0,-1
2021320323615,2021,320323615,1,9,0,9,9,6,2,0,0,0,0,0,0,0,1,1,6,6,2,33,6,1461,2,11,NISSAN QASHQAI,-1,-1,0,-1
2021010298621,2021,010298621,2,9,0,3,3,3,7,0,0,1,0,0,0,0,2,1,6,6,1,51,8,1197,1,5,NISSAN QASHQAI,9,E01001020,0,-1
2021302100975,2021,302100975,2,9,0,18,19,2,6,0,0,1,0,0,0,0,1,1,6,6,2,31,6,1461,2,8,NISSAN QASHQAI,1,E01013533,0,-1
2021531051779,2021,531051779,2,9,0,4,4,-1,-1,0,0,4,0,0,0,0,2,1,6,6,3,-1,-1,1461,2,2,NISSAN QASHQAI,9,W01001518,0,-1
2021010300687,2021,010300687,1,9,0,18,19,1,5,0,0,8,0,0,0,0,1,1,6,6,1,40,7,1598,1,11,NISSAN QASHQAI,8,E01030409,0,-1
2021351088281,2021,351088281,1,9,0,18,19,2,6,0,0,1,0,0,0,0,4,1,5,6,1,45,7,1598,1,8,NISSAN QASHQAI,7,E01018269,0,-1
202154C485621,2021,54C485621,2,9,0,18,19,1,3,0,0,1,0,0,1,0,4,1,6,6,2,51,8,1461,2,10,NISSAN QASHQAI,1,E01015575,0,-1
2021461038428,2021,461038428,1,9,0,18,19,3,7,0,0,0,0,0,0,0,3,1,5,6,1,40,7,1598,2,4,NISSAN QASHQAI,-1,-1,0,-1
2021010306493,2021,010306493,1,9,0,14,14,7,3,0,0,8,0,0,0,0,4,1,3,7,2,38,7,1995,2,10,NISSAN QASHQAI,6,E01003762,0,-1
2021411130296,2021,411130296,1,9,0,5,5,1,5,0,0,4,0,0,0,0,1,1,2,2,2,41,7,1997,1,13,NISSAN QASHQAI,5,E01023780,0,-1
2021991116039,2021,991116039,2,8,0,2,2,0,0,0,0,0,0,0,0,0,4,1,1,1,1,66,10,1461,2,10,NISSAN QASHQAI,5,-1,0,-1
2021991063929,2021,991063929,1,9,0,7,7,7,2,0,0,4,0,0,0,0,3,1,5,6,2,73,10,1618,1,6,NISSAN QASHQAI,10,-1,0,-1
2021421126653,2021,421126653,4,9,0,18,19,1,5,0,0,0,0,0,0,0,1,1,5,6,1,58,9,1997,1,8,NISSAN QASHQAI,4,E01000401,0,-1
2021231058741,2021,231058741,2,9,0,4,4,2,6,0,0,1,1,0,0,0,1,1,5,6,1,85,11,1198,1,7,NISSAN QASHQAI,9,E01031148,0,-1
2021351120893,2021,351120893,1,9,0,17,19,5,1,0,0,8,0,0,0,0,1,1,5,6,2,40,7,1461,2,10,NISSAN QASHQAI,3,E01018160,0,-1
20211381A1452,2021,1381A1452,2,9,0,18,19,5,1,0,0,8,0,0,0,11,3,1,6,6,1,62,9,1461,2,10,NISSAN QASHQAI,1,E01011107,0,-1
2021401048875,2021,401048875,2,9,-1,18,19,8,4,0,0,8,0,0,0,0,3,1,3,7,2,36,7,1461,2,11,NISSAN QASHQAI,5,E01015700,0,-1
2021221049714,2021,221049714,1,9,0,18,19,8,4,0,0,8,0,0,0,0,1,1,5,6,2,34,6,1598,2,6,NISSAN QASHQAI,6,E01014100,0,-1
2021552100919,2021,552100919,2,9,0,5,5,6,1,0,0,6,0,0,0,0,2,1,6,6,2,33,6,1198,1,7,NISSAN QASHQAI,-1,-1,0,-1
2021010338000,2021,010338000,1,9,0,99,99,9,9,99,99,0,9,99,9,99,2,9,6,6,2,31,6,1461,2,4,NISSAN QASHQAI,10,E01017553,0,-1
2021451070310,2021,451070310,2,9,0,9,9,1,5,0,0,1,0,0,0,0,3,1,6,6,2,42,7,1332,1,2,NISSAN QASHQAI,9,E01030559,0,-1
2021351090158,2021,351090158,4,9,0,18,19,3,7,0,0,0,0,0,0,0,0,1,5,6,2,56,9,1461,2,6,NISSAN QASHQAI,6,E01018111,0,-1
2021111131660,2021,111131660,1,9,0,18,19,7,3,0,0,0,0,0,1,1,1,1,5,6,2,63,9,1197,1,5,NISSAN QASHQAI,4,E01020643,0,-1
2021061136031,2021,061136031,1,9,0,5,5,6,2,0,0,8,0,0,0,0,1,1,6,6,3,30,6,1461,2,3,NISSAN QASHQAI,-1,-1,0,-1
2021471058550,2021,471058550,1,9,0,9,9,6,5,0,0,4,0,0,0,0,1,1,6,6,2,33,6,1598,1,10,NISSAN QASHQAI,4,E01022953,0,-1
2021991124075,2021,991124075,1,9,0,18,19,1,5,0,0,0,0,0,0,0,4,1,3,7,2,46,8,1461,2,5,NISSAN QASHQAI,6,-1,0,-1
2021622100391,2021,622100391,2,9,0,4,4,8,4,0,0,0,0,0,1,7,4,1,6,6,1,41,7,1598,1,12,NISSAN QASHQAI,7,W01000813,0,-1
2021361078052,2021,361078052,5,9,0,18,19,1,5,0,0,0,0,0,0,0,1,1,6,6,1,76,11,1461,2,8,NISSAN QASHQAI,6,E01026947,0,-1
2021161122060,2021,161122060,1,9,0,18,19,7,3,0,0,1,0,0,0,0,4,1,5,6,2,31,6,1598,2,8,NISSAN QASHQAI,1,E01012841,0,-1
2021041154059,2021,041154059,2,9,0,2,2,1,5,0,0,0,0,0,0,0,3,1,6,6,1,28,6,1197,1,4,NISSAN QASHQAI,1,E01025575,0,-1
2021221048427,2021,221048427,1,9,0,18,19,4,8,0,0,0,1,4,0,0,1,1,5,6,2,23,5,1461,2,9,NISSAN QASHQAI,2,E01032470,0,-1
2021461012679,2021,461012679,1,9,0,18,19,3,7,0,0,8,1,0,3,9,1,1,5,6,2,40,7,1461,2,13,NISSAN QASHQAI,10,E01024365,0,-1
2021010304561,2021,010304561,3,9,0,99,99,9,9,99,99,9,9,99,9,99,1,9,6,6,3,-1,-1,1197,1,4,NISSAN QASHQAI,5,E01001910,0,-1
2021101079731,2021,101079731,1,9,0,5,5,2,4,0,0,0,0,0,0,0,1,1,5,6,1,34,6,1332,1,1,NISSAN QASHQAI,1,E01008669,0,-1
2021061136077,2021,061136077,2,9,0,7,7,7,1,0,0,6,0,0,0,0,1,1,6,6,3,30,6,1461,2,4,NISSAN QASHQAI,-1,-1,0,-1
2021010316337,2021,010316337,1,9,0,99,99,9,9,99,99,9,9,99,9,99,2,9,6,6,2,48,8,1598,1,12,NISSAN QASHQAI,2,E01004287,0,-1
202131B052121,2021,31B052121,2,9,0,9,9,1,7,0,0,8,0,0,0,0,4,1,6,6,1,67,10,1461,2,3,NISSAN QASHQAI,7,E01008039,0,-1
2021361081080,2021,361081080,1,9,0,16,19,6,3,0,0,0,0,0,0,0,1,1,6,6,1,36,7,1598,1,14,NISSAN QASHQAI,9,E01026671,0,-1