collision_index,collision_year,collision_ref_no,vehicle_reference,vehicle_type,towing_and_articulation,vehicle_manoeuvre_historic,vehicle_manoeuvre,vehicle_direction_from,vehicle_direction_to,vehicle_location_restricted_lane_historic,vehicle_location_restricted_lane,junction_location,skidding_and_overturning,hit_object_in_carriageway,vehicle_leaving_carriageway,hit_object_off_carriageway,first_point_of_impact,vehicle_left_hand_drive,journey_purpose_of_driver_historic,journey_purpose_of_driver,sex_of_driver,age_of_driver,age_band_of_driver,engine_capacity_cc,propulsion_code,age_of_vehicle,generic_make_model,driver_imd_decile,lsoa_of_driver,escooter_flag,driver_distance_banding
2021010317268,2021,010317268,1,9,0,7,7,5,6,0,0,8,0,0,0,0,0,1,6,6,2,42,7,1197,1,6,NISSAN QASHQAI,3,E01003035,0,-1
2021451067971,2021,451067971,1,9,0,5,5,2,8,0,0,4,0,0,0,0,3,1,2,2,1,46,8,1197,1,3,NISSAN QASHQAI,3,E01030952,0,-1
2021421054702,2021,421054702,2,9,0,3,3,5,1,0,0,0,0,0,0,0,1,1,5,6,2,58,9,1197,1,4,NISSAN QASHQAI,2,E01015820,0,-1
2021041107427,2021,041107427,2,9,0,9,9,3,7,0,0,1,0,0,7,10,2,1,3,7,2,73,10,1197,1,5,NISSAN QASHQAI,1,E01024898,0,-1
2021170M30451,2021,170M30451,1,9,0,18,19,3,7,0,0,0,0,0,0,0,1,1,6,6,1,74,10,1198,1,7,NISSAN QASHQAI,10,E01012199,0,-1
2021010318636,2021,010318636,1,9,0,10,10,5,2,0,0,5,0,0,0,0,3,1,6,6,2,46,8,1598,1,10,NISSAN QASHQAI,9,E01033135,0,-1
2021041075129,2021,041075129,1,9,0,18,19,1,5,0,0,1,0,0,0,0,3,1,6,6,1,30,6,1461,2,3,NISSAN QASHQAI,5,E01012620,0,-1
2021010290439,2021,010290439,1,9,0,9,9,7,5,99,99,8,0,0,0,0,1,1,2,2,1,49,8,1461,2,2,NISSAN QASHQAI,2,E01033000,0,-1
2021061047815,2021,061047815,1,9,0,18,19,1,5,0,0,0,0,0,0,0,3,1,6,6,1,45,7,1332,1,2,NISSAN QASHQAI,9,E01005776,0,-1
2021451036814,2021,451036814,2,9,0,18,19,7,3,0,0,0,0,0,0,0,4,1,2,2,1,39,7,1598,2,5,NISSAN QASHQAI,3,E01016465,0,-1
2021430538891,2021,430538891,1,9,0,4,4,4,6,0,0,0,0,0,0,0,1,1,6,6,2,52,8,1461,2,9,NISSAN QASHQAI,2,E01027230,0,-1
2021010290683,2021,010290683,1,9,0,3,3,3,7,9,9,8,0,9,3,0,1,1,6,6,2,25,5,1598,1,10,NISSAN QASHQAI,-1,-1,0,-1
2021131102014,2021,131102014,2,9,0,3,3,5,1,0,0,1,0,0,0,0,1,1,2,2,1,28,6,1461,2,12,NISSAN QASHQAI,4,E01011157,0,-1
2021451075747,2021,451075747,1,9,0,4,4,6,2,0,0,0,0,0,0,0,4,1,5,6,2,32,6,1598,1,10,NISSAN QASHQAI,8,E01004160,0,-1
2021170S11141,2021,170S11141,2,9,0,4,4,8,4,0,0,0,0,0,0,0,1,1,6,6,2,32,6,1461,2,7,NISSAN QASHQAI,3,E01012253,0,-1
2021061062331,2021,061062331,2,9,0,18,19,4,8,0,0,8,0,0,0,0,3,1,6,6,1,70,10,1997,1,13,NISSAN QASHQAI,1,E01004979,0,-1
2021211144838,2021,211144838,1,9,0,18,19,2,6,0,0,1,0,0,0,0,1,1,1,1,1,37,7,1461,2,2,NISSAN QASHQAI,2,E01014359,0,-1
2021010301309,2021,010301309,1,9,0,18,19,5,1,0,0,1,0,4,0,0,1,1,6,6,1,23,5,1197,1,4,NISSAN QASHQAI,4,E01002592,0,-1
2021461070940,2021,461070940,1,9,0,10,10,7,3,0,0,0,0,0,0,0,3,1,5,6,2,60,9,1332,1,0,NISSAN QASHQAI,-1,-1,0,-1
2021411102576,2021,411102576,2,9,0,4,4,2,6,0,0,0,0,0,0,0,2,1,5,6,1,36,7,1997,1,8,NISSAN QASHQAI,8,E01027141,0,-1
2021451084472,2021,451084472,2,9,0,18,19,3,7,0,0,0,0,0,0,0,1,1,5,6,2,32,6,1598,1,10,NISSAN QASHQAI,8,E01030479,0,-1
2021131068490,2021,131068490,1,9,0,9,9,1,5,0,0,8,0,0,0,0,1,1,6,6,1,67,10,1332,1,1,NISSAN QASHQAI,8,E01011203,0,-1
2021010326012,2021,010326012,2,9,0,18,19,7,3,0,0,1,0,0,0,0,1,1,2,2,1,62,9,1598,1,10,NISSAN QASHQAI,7,E01018064,0,-1
2021411131138,2021,411131138,1,9,0,12,12,8,4,0,0,0,0,0,0,0,1,1,5,6,1,65,9,1598,2,5,NISSAN QASHQAI,6,E01023927,0,-1
2021131113883,2021,131113883,1,9,0,-1,-1,-1,-1,-1,-1,0,-1,-1,-1,-1,-1,1,6,6,3,-1,-1,1461,2,11,NISSAN QASHQAI,-1,-1,0,-1
2021302100762,2021,302100762,1,9,0,9,9,4,8,0,0,6,0,0,0,0,1,1,3,7,2,40,7,1461,2,5,NISSAN QASHQAI,9,E01019670,0,-1
2021010351845,2021,010351845,1,9,0,99,99,9,9,99,99,9,9,99,9,99,1,9,2,2,2,45,7,1598,1,14,NISSAN QASHQAI,4,E01001321,0,-1
2021430277441,2021,430277441,2,9,0,13,13,4,8,0,0,0,0,0,0,0,0,1,6,6,2,60,9,1332,1,1,NISSAN QASHQAI,-1,-1,0,-1
2021221114009,2021,221114009,2,9,0,5,5,2,5,0,0,4,0,0,0,0,1,1,5,6,1,31,6,1198,1,7,NISSAN QASHQAI,10,E01032271,0,-1
2021522104276,2021,522104276,1,9,0,18,19,3,7,0,0,0,0,0,0,0,1,1,6,6,2,34,6,1461,2,5,NISSAN QASHQAI,6,E01015002,0,-1
2021320482117,2021,320482117,1,9,0,9,9,6,4,0,0,8,0,0,0,0,1,1,6,6,2,72,10,1332,1,2,NISSAN QASHQAI,1,E01026115,0,-1
2021622100463,2021,622100463,4,9,0,4,4,4,8,0,0,1,0,0,0,0,2,1,6,6,1,54,8,1598,2,9,NISSAN QASHQAI,3,W01001287,0,-1
2021430184252,2021,430184252,1,9,0,9,9,3,5,0,0,4,0,0,0,0,1,1,6,6,2,41,7,1598,1,10,NISSAN QASHQAI,8,E01017918,0,-1
2021010323056,2021,010323056,1,9,0,99,99,9,9,0,0,8,0,0,0,0,3,1,2,2,1,34,6,1598,1,11,NISSAN QASHQAI,4,E01004642,0,-1
2021111103584,2021,111103584,2,9,0,18,19,2,2,0,0,0,2,0,1,0,4,1,2,2,1,37,7,1598,1,9,NISSAN QASHQAI,10,E01020713,0,-1
2021461077477,2021,461077477,1,9,0,18,19,3,7,0,0,4,0,0,0,0,1,1,6,6,3,-1,-1,1197,1,4,NISSAN QASHQAI,-1,-1,0,-1
2021552200263,2021,552200263,2,9,0,5,5,1,3,0,0,6,0,0,0,0,1,1,2,2,2,60,9,1995,2,10,NISSAN QASHQAI,6,E01015383,0,-1
2021010325618,2021,010325618,2,9,0,4,4,3,7,0,0,1,0,0,0,0,2,1,6,6,2,35,6,1598,1,8,NISSAN QASHQAI,4,E01033739,0,-1
2021101052485,2021,101052485,2,9,0,9,9,1,5,0,0,8,0,0,0,0,4,1,6,6,2,33,6,1461,2,12,NISSAN QASHQAI,1,E01008289,0,-1
2021461046646,2021,461046646,2,9,0,9,9,3,7,0,0,1,0,0,0,0,3,1,6,6,2,36,7,1461,2,5,NISSAN QASHQAI,7,E01024726,0,-1
2021302101438,2021,302101438,1,9,0,2,2,0,0,0,0,0,0,0,0,0,3,1,6,6,2,58,9,1461,2,2,NISSAN QASHQAI,8,E01031180,0,-1
2021461021951,2021,461021951,2,9,0,16,19,2,7,0,0,0,0,0,0,0,3,1,6,6,1,52,8,1461,2,6,NISSAN QASHQAI,6,E01024520,0,-1
2021070868778,2021,070868778,1,9,0,17,19,6,2,0,0,1,0,0,0,0,3,1,6,6,1,51,8,1598,1,8,NISSAN QASHQAI,4,E01012521,0,-1
2021010333280,2021,010333280,1,9,0,99,99,9,9,0,0,8,0,0,0,0,3,1,2,2,2,43,7,1197,1,5,NISSAN QASHQAI,2,E01002561,0,-1
2021471016365,2021,471016365,2,9,0,18,19,6,2,0,0,8,0,0,0,0,1,1,2,2,2,35,6,1598,1,10,NISSAN QASHQAI,4,E01031522,0,-1
2021010289173,2021,010289173,2,9,0,9,9,5,3,0,0,1,0,0,0,0,4,1,6,6,1,63,9,1197,1,6,NISSAN QASHQAI,2,E01033485,0,-1
202163A008122,2021,63A008122,1,9,0,16,19,6,1,0,0,0,5,0,8,10,1,1,6,6,2,28,6,1598,2,9,NISSAN QASHQAI,7,W01000430,0,-1
2021351118323,2021,351118323,2,9,0,18,19,5,1,0,0,1,0,0,0,0,1,1,5,6,2,31,6,1598,1,11,NISSAN QASHQAI,4,E01015614,0,-1
2021221065020,2021,221065020,1,9,0,9,9,7,5,0,0,6,2,0,1,4,2,1,5,6,1,54,8,1198,1,7,NISSAN QASHQAI,8,E01032184,0,-1
2021041102781,2021,041102781,2,9,0,18,19,5,1,0,0,0,0,0,0,0,2,1,5,6,1,83,11,1598,1,10,NISSAN QASHQAI,4,E01012713,0,-1
2021471071251,2021,471071251,1,9,0,1,1,7,5,0,0,8,0,0,0,0,3,1,5,6,2,69,10,1461,2,7,NISSAN QASHQAI,6,E01031363,0,-1
2021010344203,2021,010344203,2,9,0,99,99,9,9,99,99,9,9,99,9,99,1,9,6,6,3,-1,-1,1598,2,8,NISSAN QASHQAI,-1,-1,0,-1
2021552101383,2021,552101383,2,9,0,10,10,7,5,0,0,1,0,0,0,0,2,1,6,6,2,31,6,1461,2,10,NISSAN QASHQAI,4,E01020496,0,-1
2021440461088,2021,440461088,1,9,0,9,9,1,7,0,0,8,0,0,0,0,3,1,6,6,2,48,8,1997,1,12,NISSAN QASHQAI,4,E01022993,0,-1
2021522201350,2021,522201350,2,9,0,18,19,1,5,0,0,8,0,0,0,0,1,1,6,6,1,40,7,1197,1,6,NISSAN QASHQAI,10,E01014880,0,-1
2021010304824,2021,010304824,1,9,0,7,7,1,3,0,0,6,0,0,0,0,1,1,6,6,1,36,7,1198,1,6,NISSAN QASHQAI,2,E01003551,0,-1
2021552101165,2021,552101165,1,9,0,18,19,5,1,0,0,8,0,0,0,0,3,1,6,6,1,38,7,1598,2,7,NISSAN QASHQAI,3,E01015429,0,-1
2021501030586,2021,501030586,1,9,0,4,4,2,6,0,0,0,1,0,0,0,1,1,6,6,1,56,9,1461,2,10,NISSAN QASHQAI,4,E01015173,0,-1
2021010326003,2021,010326003,2,9,0,2,2,0,0,0,0,9,0,99,0,0,9,9,6,6,3,-1,-1,1598,1,8,NISSAN QASHQAI,-1,-1,0,-1
202163D079221,2021,63D079221,2,9,0,17,19,1,6,0,0,0,0,0,1,10,1,1,6,6,2,77,11,1461,2,9,NISSAN QASHQAI,7,W01000488,0,-1
2021031012161,2021,031012161,2,9,0,18,19,3,7,0,0,0,0,0,0,0,2,1,6,6,2,40,7,1461,2,12,NISSAN QASHQAI,4,E01019147,0,-1
2021471059742,2021,471059742,3,9,0,18,19,1,5,0,0,0,0,0,0,0,2,1,5,6,2,31,6,1198,1,7,NISSAN QASHQAI,4,E01024162,0,-1
2021320589914,2021,320589914,1,9,0,9,9,5,3,0,0,8,0,0,0,0,1,1,6,6,1,35,6,1598,1,12,NISSAN QASHQAI,1,E01028055,0,-1
2021138211118,2021,138211118,1,9,0,18,19,7,3,0,0,0,0,0,0,0,4,1,6,6,1,34,6,1461,2,6,NISSAN QASHQAI,-1,-1,0,-1
2021122101356,2021,122101356,2,9,0,3,3,7,3,0,0,2,0,0,0,0,1,1,6,6,2,48,8,1461,2,6,NISSAN QASHQAI,6,E01027756,0,-1
2021010348195,2021,010348195,2,9,0,9,9,7,5,0,0,2,0,0,0,0,1,1,6,6,1,34,6,1332,1,1,NISSAN QASHQAI,-1,-1,0,-1
2021011056816,2021,011056816,1,9,0,6,6,8,8,0,0,0,0,0,0,0,3,1,6,6,1,29,6,1197,1,6,NISSAN QASHQAI,3,E01001779,0,-1
2021440449382,2021,440449382,1,9,0,2,2,0,0,0,0,0,0,0,0,0,4,1,6,6,2,30,6,1461,2,9,NISSAN QASHQAI,9,E01030425,0,-1
2021131117575,2021,131117575,2,9,0,7,7,1,8,0,0,1,0,0,0,0,2,1,5,6,1,53,8,1461,2,6,NISSAN QASHQAI,9,E01011641,0,-1
2021302100605,2021,302100605,1,9,0,18,19,3,7,0,0,0,0,0,0,0,2,1,6,6,2,27,6,1598,1,11,NISSAN QASHQAI,4,E01019495,0,-1
2021061045525,2021,061045525,1,9,0,9,9,7,1,0,0,8,0,0,0,0,1,1,6,6,2,43,7,1598,1,8,NISSAN QASHQAI,1,E01005107,0,-1
2021041067790,2021,041067790,2,9,0,18,19,5,1,0,0,1,1,0,0,0,3,1,5,6,2,39,7,1598,1,13,NISSAN QASHQAI,6,E01025025,0,-1
2021061058523,2021,061058523,1,9,0,5,5,8,4,0,0,0,0,0,0,0,1,1,6,6,1,48,8,1332,1,1,NISSAN QASHQAI,1,E01005085,0,-1
2021010296614,2021,010296614,1,9,0,16,19,5,8,0,0,0,0,0,0,0,1,1,6,6,1,40,7,1598,1,8,NISSAN QASHQAI,2,E01004024,0,-1
2021991100343,2021,991100343,2,9,0,4,4,5,1,0,0,0,0,0,0,0,2,1,5,6,2,39,7,1461,2,2,NISSAN QASHQAI,1,-1,0,-1
2021351084233,2021,351084233,5,9,0,18,19,3,7,0,0,0,0,0,0,0,2,1,6,6,1,78,11,1332,1,1,NISSAN QASHQAI,3,E01018097,0,-1
2021371128139,2021,371128139,2,9,0,18,19,7,3,0,0,8,0,0,0,0,2,1,6,6,2,23,5,1198,1,7,NISSAN QASHQAI,4,E01029978,0,-1
2021131062380,2021,131062380,1,9,0,4,4,7,3,0,0,0,0,0,0,0,1,1,5,6,1,57,9,1994,2,12,NISSAN QASHQAI,1,E01011101,0,-1
2021010333235,2021,010333235,1,9,0,9,9,1,6,0,0,1,0,0,0,0,1,1,6,6,2,47,8,1994,2,12,NISSAN QASHQAI,-1,-1,0,-1
2021061112191,2021,061112191,2,9,0,18,19,1,5,0,0,0,0,0,0,0,1,1,6,6,2,30,6,1197,1,6,NISSAN QASHQAI,-1,-1,0,-1
2021522104055,2021,522104055,2,9,0,18,19,5,1,0,0,0,0,10,0,2,4,1,6,6,1,35,6,1598,1,8,NISSAN QASHQAI,4,E01000799,0,-1
2021010310779,2021,010310779,1,9,0,18,19,5,1,0,0,0,0,0,7,0,1,1,1,1,2,64,9,1461,2,9,NISSAN QASHQAI,7,E01024417,0,-1
2021041081799,2021,041081799,1,9,0,18,19,3,2,0,0,0,0,0,0,0,2,1,5,6,1,35,6,1461,2,7,NISSAN QASHQAI,6,E01018610,0,-1
2021061109273,2021,061109273,2,9,0,4,4,5,1,0,0,0,0,0,0,0,2,1,6,6,1,51,8,1461,2,5,NISSAN QASHQAI,4,E01005440,0,-1
2021430212318,2021,430212318,1,9,0,9,9,6,3,0,0,4,0,0,0,0,1,1,6,6,1,64,9,1197,1,4,NISSAN QASHQAI,-1,-1,0,-1
2021052102732,2021,052102732,2,9,0,3,3,8,4,0,0,0,0,0,0,0,2,1,6,6,1,57,9,1332,1,2,NISSAN QASHQAI,4,E01006543,0,-1
2021101119428,2021,101119428,2,9,0,2,2,8,4,0,0,0,0,0,0,0,4,1,6,6,3,-1,-1,1461,2,5,NISSAN QASHQAI,-1,-1,0,-1
2021302101874,2021,302101874,1,9,0,18,19,5,2,0,0,0,0,4,0,0,1,1,6,6,1,47,8,1598,1,8,NISSAN QASHQAI,4,E01019639,0,-1
2021991037345,2021,991037345,1,9,0,18,19,5,8,0,0,1,0,0,0,0,1,1,2,2,1,38,7,1461,2,7,NISSAN QASHQAI,8,-1,0,-1
2021201056122,2021,201056122,4,9,0,18,19,5,8,0,0,0,0,0,0,0,2,1,5,6,1,54,8,1461,2,6,NISSAN QASHQAI,2,E01029717,0,-1
2021010300572,2021,010300572,1,9,0,99,99,9,9,99,99,9,9,99,9,99,9,9,6,6,1,45,7,1598,1,9,NISSAN QASHQAI,2,E01004321,0,-1
2021522103247,2021,522103247,2,9,0,18,19,6,2,0,0,8,0,0,0,0,1,1,6,6,1,37,7,1197,1,6,NISSAN QASHQAI,9,E01014719,0,-1
2021010310929,2021,010310929,1,9,0,9,9,5,2,0,0,2,0,0,0,0,1,1,6,6,1,52,8,1197,1,6,NISSAN QASHQAI,5,E01001500,0,-1
2021010294801,2021,010294801,1,9,0,6,6,3,3,0,0,0,0,0,0,0,1,1,6,6,2,40,7,1997,1,11,NISSAN QASHQAI,9,E01001227,0,-1
2021451114554,2021,451114554,1,9,0,18,19,6,2,0,0,0,0,0,0,0,2,1,5,6,1,53,8,1598,1,9,NISSAN QASHQAI,9,E01030987,0,-1
2021041128697,2021,041128697,1,9,0,18,19,7,3,0,0,0,0,0,5,6,1,1,5,6,2,42,7,1461,2,7,NISSAN QASHQAI,4,E01012607,0,-1
2021010350217,2021,010350217,2,9,9,99,99,9,9,99,99,0,9,99,9,99,9,9,6,6,3,52,8,1461,2,2,NISSAN QASHQAI,9,E01000713,0,-1
2021010323441,2021,010323441,1,9,0,1,1,7,3,0,0,6,0,0,0,0,2,1,6,6,1,35,6,1598,1,12,NISSAN QASHQAI,5,E01000037,0,-1
2021010351562,2021,010351562,1,9,0,99,99,9,9,99,99,9,9,99,9,99,1,9,6,6,3,-1,-1,1997,1,14,NISSAN QASHQAI,6,E01000232,0,-1
2021201103507,2021,201103507,2,9,0,3,3,-1,-1,0,0,0,0,0,0,0,2,1,6,6,2,53,8,1461,2,11,NISSAN QASHQAI,3,E01009760,0,-1
2021991109741,2021,991109741,2,9,0,9,9,1,7,0,0,0,0,0,0,0,3,1,5,6,1,69,10,1461,2,4,NISSAN QASHQAI,6,-1,0,-1
2021440374300,2021,440374300,1,9,0,3,3,3,7,0,0,0,0,0,0,0,2,1,6,6,2,46,8,1461,2,4,NISSAN QASHQAI,8,E01022762,0,-1
2021451045008,2021,451045008,1,9,0,9,9,7,5,0,0,1,0,0,1,0,3,1,5,6,1,81,11,1461,2,5,NISSAN QASHQAI,10,E01030959,0,-1
2021061049064,2021,061049064,1,9,0,18,19,3,7,0,0,8,0,0,0,0,-1,1,6,6,2,33,6,1197,1,3,NISSAN QASHQAI,1,E01005781,0,-1
2021547444121,2021,547444121,2,9,0,4,4,3,7,0,0,1,0,0,0,0,2,1,6,6,1,58,9,1332,1,0,NISSAN QASHQAI,1,E01015545,0,-1
2021010350947,2021,010350947,4,9,0,2,2,0,0,0,0,0,0,0,0,0,2,1,6,6,3,-1,-1,1997,1,14,NISSAN QASHQAI,-1,-1,0,-1
2021061143340,2021,061143340,2,9,0,2,2,0,0,0,0,8,0,0,0,0,3,1,6,6,3,-1,-1,1461,2,9,NISSAN QASHQAI,-1,-1,0,-1
2021221053262,2021,221053262,2,9,0,4,4,7,3,0,0,0,0,0,0,0,2,1,5,6,1,62,9,1332,1,2,NISSAN QASHQAI,2,E01032450,0,-1
2021010333781,2021,010333781,3,9,0,2,2,0,0,0,0,1,0,0,0,0,3,1,6,6,3,-1,-1,1598,1,13,NISSAN QASHQAI,-1,-1,0,-1
2021061035160,2021,061035160,4,9,0,3,3,1,1,0,0,0,0,0,0,0,2,1,6,6,2,-1,-1,1332,1,1,NISSAN QASHQAI,-1,-1,0,-1
2021041139085,2021,041139085,2,9,0,16,19,5,1,0,0,0,0,0,0,0,0,1,1,1,1,75,10,1461,2,2,NISSAN QASHQAI,3,E01025356,0,-1
2021430326670,2021,430326670,2,9,0,18,19,8,4,0,0,2,0,0,0,0,1,1,6,6,2,46,8,1197,1,3,NISSAN QASHQAI,6,E01016817,0,-1
2021522101878,2021,522101878,1,9,0,12,12,1,5,0,0,1,0,0,0,0,1,1,6,6,2,26,6,1198,1,6,NISSAN QASHQAI,8,E01014982,0,-1
2021221108704,2021,221108704,1,9,0,16,19,6,1,0,0,0,0,0,0,0,1,1,1,1,1,55,8,1461,2,5,NISSAN QASHQAI,9,E01022139,0,-1
2021991126715,2021,991126715,2,9,0,17,19,4,1,0,0,0,0,0,0,0,1,1,5,6,1,57,9,1332,1,2,NISSAN QASHQAI,3,E01009458,0,-1
2021461033687,2021,461033687,2,9,0,18,19,3,7,0,0,1,0,0,0,0,4,1,6,6,1,38,7,1598,1,10,NISSAN QASHQAI,7,E01024035,0,-1
2021061084977,2021,061084977,2,9,0,18,19,6,2,0,0,0,0,0,0,0,1,1,6,6,1,33,6,1461,2,5,NISSAN QASHQAI,-1,-1,0,-1
2021141065330,2021,141065330,1,9,0,12,12,5,1,0,0,0,2,0,8,4,3,1,6,6,1,16,4,1461,2,9,NISSAN QASHQAI,5,E01007558,0,-1
2021991021356,2021,991021356,1,9,0,18,19,6,2,0,0,8,5,10,7,0,4,1,5,6,1,30,6,1598,1,8,NISSAN QASHQAI,7,-1,0,-1
2021161029981,2021,161029981,1,9,0,14,14,2,4,0,0,0,5,0,0,0,1,1,5,6,1,86,11,1332,1,2,NISSAN QASHQAI,2,E01013206,0,-1
2021221029903,2021,221029903,1,9,0,17,19,5,1,0,0,0,2,0,1,10,1,1,5,6,1,22,5,1461,2,2,NISSAN QASHQAI,-1,-1,0,-1
2021421124909,2021,421124909,1,9,0,18,19,2,6,0,0,1,2,10,2,0,1,1,5,6,2,29,6,1461,2,7,NISSAN QASHQAI,6,E01021372,0,-1
2021010289233,2021,010289233,1,9,0,18,19,3,7,0,0,8,0,0,0,0,2,1,2,2,1,43,7,1997,1,10,NISSAN QASHQAI,5,E01003842,0,-1
2021070165542,2021,070165542,3,9,0,3,3,4,8,0,0,0,0,0,0,0,2,1,6,6,2,35,6,1461,2,9,NISSAN QASHQAI,3,E01018534,0,-1
2021401111872,2021,401111872,2,9,0,10,10,1,5,0,0,0,0,0,0,0,2,1,5,6,1,59,9,1461,2,10,NISSAN QASHQAI,7,E01027277,0,-1
2021010295294,2021,010295294,1,8,0,18,19,5,1,0,0,5,0,0,0,0,1,1,1,1,1,69,10,1198,1,7,NISSAN QASHQAI,6,E01001592,0,-1
2021010322151,2021,010322151,1,9,0,18,19,7,3,0,0,8,0,0,0,0,4,1,1,1,1,24,5,1332,1,0,NISSAN QASHQAI,2,E01002054,0,-1
2021010329126,2021,010329126,2,9,0,99,99,9,9,99,99,9,0,0,9,0,9,9,6,6,3,-1,-1,1598,1,11,NISSAN QASHQAI,-1,-1,0,-1
2021010308118,2021,010308118,2,9,0,5,5,5,1,0,0,0,0,0,0,0,4,1,6,6,2,56,9,1332,1,1,NISSAN QASHQAI,4,E01003062,0,-1
2021440375584,2021,440375584,4,9,0,18,19,3,7,0,0,1,0,0,0,0,1,1,6,6,1,63,9,1997,1,12,NISSAN QASHQAI,9,E01031496,0,-1
2021211055016,2021,211055016,1,9,0,18,19,7,3,0,0,4,0,0,0,0,1,1,1,1,1,24,5,1197,1,3,NISSAN QASHQAI,1,E01014305,0,-1
2021061095558,2021,061095558,3,9,0,3,3,1,7,0,0,1,0,0,0,0,2,1,6,6,1,64,9,1197,1,3,NISSAN QASHQAI,2,E01004911,0,-1
2021501121879,2021,501121879,1,9,0,16,19,5,1,0,0,0,5,0,0,0,4,1,2,2,1,40,7,1461,2,12,NISSAN QASHQAI,6,E01020083,0,-1
2021221012715,2021,221012715,2,9,0,4,4,1,5,0,0,1,0,0,0,0,1,1,5,6,1,55,8,1461,2,9,NISSAN QASHQAI,10,E01009827,0,-1
2021010323082,2021,010323082,1,9,0,99,99,9,9,99,99,9,9,99,9,99,9,9,6,6,1,38,7,1997,1,11,NISSAN QASHQAI,1,E01003517,0,-1
2021501088194,2021,501088194,2,9,0,18,19,1,5,0,0,0,0,0,0,0,1,1,5,6,2,48,8,1598,1,8,NISSAN QASHQAI,8,E01015114,0,-1
2021440110937,2021,440110937,1,9,0,9,9,6,4,0,0,8,0,0,0,0,3,1,1,1,2,41,7,1197,1,4,NISSAN QASHQAI,8,E01022975,0,-1
2021010315830,2021,010315830,3,9,0,2,2,0,0,0,0,2,0,0,0,0,3,1,6,6,3,-1,-1,1332,1,1,NISSAN QASHQAI,-1,-1,0,-1
2021201125799,2021,201125799,2,9,0,4,4,8,4,0,0,1,0,0,0,0,2,1,6,6,2,48,8,1598,2,8,NISSAN QASHQAI,6,E01009034,0,-1
2021010316578,2021,010316578,2,9,0,99,99,9,9,99,99,9,9,99,9,99,9,9,6,6,3,50,8,1598,1,8,NISSAN QASHQAI,1,E01004316,0,-1
2021031092053,2021,031092053,2,9,0,5,5,1,5,0,0,8,1,0,0,0,1,1,6,6,2,51,8,1598,1,9,NISSAN QASHQAI,5,E01019286,0,-1
2021201089331,2021,201089331,1,9,0,18,19,8,4,0,0,1,0,10,7,11,4,1,6,6,1,25,5,1461,2,6,NISSAN QASHQAI,1,E01009762,0,-1
2021010295552,2021,010295552,1,9,0,4,4,1,5,0,0,0,0,0,0,0,1,1,6,6,1,46,8,1995,2,9,NISSAN QASHQAI,4,E01000733,0,-1
2021061078643,2021,061078643,3,9,0,7,7,7,3,0,0,2,0,0,0,0,1,1,6,6,1,23,5,1598,1,11,NISSAN QASHQAI,1,E01005484,0,-1
2021170L50571,2021,170L50571,1,9,0,18,19,8,4,0,0,8,0,0,1,0,1,1,6,6,2,32,6,1332,1,0,NISSAN QASHQAI,-1,-1,0,-1
202134NNC2751,2021,34NNC2751,2,9,0,18,19,7,3,0,0,0,0,0,0,0,3,1,6,6,2,29,6,1598,2,8,NISSAN QASHQAI,8,E01015628,0,-1
2021440407249,2021,440407249,2,9,0,18,19,5,1,0,0,8,0,0,0,0,1,1,6,6,1,57,9,1997,1,13,NISSAN QASHQAI,5,E01017013,0,-1
2021010350459,2021,010350459,1,9,0,99,99,9,9,99,99,9,9,99,9,99,2,9,6,6,2,66,10,1197,1,3,NISSAN QASHQAI,4,E01003554,0,-1
2021552100975,2021,552100975,1,9,0,5,5,6,1,0,0,4,0,0,0,0,1,1,6,6,2,36,7,1197,1,4,NISSAN QASHQAI,2,E01015312,0,-1
2021991094454,2021,991094454,2,9,0,18,19,1,5,0,0,8,0,0,0,0,1,1,6,6,2,61,9,1197,1,3,NISSAN QASHQAI,9,-1,0,-1
2021221085088,2021,221085088,1,9,0,5,5,2,6,0,0,4,0,0,0,0,3,1,5,6,2,35,6,1461,2,1,NISSAN QASHQAI,10,E01028935,0,-1
2021440158881,2021,440158881,2,9,0,18,19,3,7,0,0,8,0,0,0,0,1,1,2,2,2,28,6,1598,2,8,NISSAN QASHQAI,6,E01023155,0,-1
2021010314826,2021,010314826,6,9,0,2,2,0,0,0,0,2,0,0,0,0,3,1,6,6,3,-1,-1,1997,1,14,NISSAN QASHQAI,-1,-1,0,-1
2021461105364,2021,461105364,1,9,0,9,9,3,1,0,0,5,0,0,0,0,1,1,5,6,1,50,8,1198,1,7,NISSAN QASHQAI,5,E01024138,0,-1
2021201133760,2021,201133760,2,9,0,7,7,5,7,0,0,1,0,0,0,0,0,1,6,6,1,-1,-1,1197,1,3,NISSAN QASHQAI,1,E01010052,0,-1
2021010299779,2021,010299779,2,9,0,99,99,9,9,99,99,9,9,99,9,99,1,9,6,6,1,26,6,1197,1,4,NISSAN QASHQAI,-1,-1,0,-1
2021170S10821,2021,170S10821,1,9,0,18,19,7,3,0,0,0,0,0,0,0,1,1,6,6,2,25,5,1598,1,9,NISSAN QASHQAI,1,E01012061,0,-1
2021010305291,2021,010305291,2,9,0,5,5,4,8,0,0,1,0,0,0,0,1,1,1,1,1,30,6,1197,1,3,NISSAN QASHQAI,4,E01000923,0,-1
2021101028017,2021,101028017,4,9,0,4,4,6,2,0,0,0,0,0,0,0,2,1,5,6,1,66,10,1461,2,5,NISSAN QASHQAI,8,E01027406,0,-1