collision_index,collision_year,collision_ref_no,vehicle_reference,vehicle_type,towing_and_articulation,vehicle_manoeuvre_historic,vehicle_manoeuvre,vehicle_direction_from,vehicle_direction_to,vehicle_location_restricted_lane_historic,vehicle_location_restricted_lane,junction_location,skidding_and_overturning,hit_object_in_carriageway,vehicle_leaving_carriageway,hit_object_off_carriageway,first_point_of_impact,vehicle_left_hand_drive,journey_purpose_of_driver_historic,journey_purpose_of_driver,sex_of_driver,age_of_driver,age_band_of_driver,engine_capacity_cc,propulsion_code,age_of_vehicle,generic_make_model,driver_imd_decile,lsoa_of_driver,escooter_flag,driver_distance_banding
2021010290804,2021,010290804,1,9,0,18,19,5,1,0,0,8,0,0,0,0,3,1,6,6,1,70,10,1332,1,2,NISSAN QASHQAI,10,E01000772,0,-1
2021421057303,2021,421057303,3,9,0,18,19,6,1,0,0,0,0,0,0,0,4,1,5,6,2,42,7,1198,1,6,NISSAN QASHQAI,8,E01015974,0,-1
2021622100608,2021,622100608,1,9,0,17,19,3,7,0,0,0,0,0,1,2,1,1,6,6,2,31,6,1461,2,11,NISSAN QASHQAI,1,W01000742,0,-1
2021010337768,2021,010337768,1,9,0,17,19,7,3,9,9,0,0,10,8,10,1,1,6,6,3,-1,-1,1461,2,11,NISSAN QASHQAI,-1,-1,0,-1
2021122101216,2021,122101216,1,9,0,18,19,6,2,0,0,1,0,0,0,0,1,1,6,6,2,41,7,1461,2,6,NISSAN QASHQAI,10,E01027697,0,-1
2021010310810,2021,010310810,2,9,0,99,99,9,9,99,99,9,9,99,9,99,9,9,6,6,3,53,8,1197,1,4,NISSAN QASHQAI,8,E01016748,0,-1
2021991103699,2021,991103699,1,9,0,5,5,8,2,0,0,2,0,0,0,0,2,2,5,6,1,43,7,1598,1,10,NISSAN QASHQAI,5,-1,0,-1
2021461110323,2021,461110323,1,9,0,5,5,5,3,0,0,5,0,0,0,0,3,1,6,6,2,64,9,1461,2,2,NISSAN QASHQAI,8,E01024261,0,-1
2021201110111,2021,201110111,2,9,0,3,3,6,2,0,0,2,0,0,0,0,0,1,1,1,1,33,6,1598,2,7,NISSAN QASHQAI,1,E01009300,0,-1
2021061055141,2021,061055141,2,9,0,18,19,7,3,0,0,0,0,0,0,0,1,1,6,6,1,32,6,1461,2,3,NISSAN QASHQAI,3,E01005208,0,-1
2021161024837,2021,161024837,2,9,0,2,2,0,0,0,0,0,0,0,0,0,2,1,6,6,3,-1,-1,1461,2,2,NISSAN QASHQAI,-1,-1,0,-1
2021544600221,2021,544600221,1,9,0,18,19,3,7,0,0,1,0,0,0,0,1,1,6,6,2,40,7,1598,1,12,NISSAN QASHQAI,8,E01015472,0,-1
2021501127363,2021,501127363,2,9,0,18,19,1,5,0,0,0,0,0,0,0,1,1,5,6,1,22,5,1332,1,0,NISSAN QASHQAI,1,E01015152,0,-1
2021461102653,2021,461102653,1,9,0,18,19,-1,-1,0,0,0,0,0,0,0,1,1,6,6,2,37,7,1598,1,14,NISSAN QASHQAI,5,E01024281,0,-1
2021201120518,2021,201120518,1,9,0,18,19,4,8,0,0,1,0,0,0,0,1,1,6,6,1,71,10,1332,1,2,NISSAN QASHQAI,1,E01010131,0,-1
2021010352095,2021,010352095,3,9,0,2,2,0,0,9,9,1,0,0,0,0,3,1,6,6,3,-1,-1,1197,1,3,NISSAN QASHQAI,-1,-1,0,-1
2021361129112,2021,361129112,1,9,0,18,19,8,4,0,0,1,0,0,0,0,1,1,5,6,2,22,5,1461,2,9,NISSAN QASHQAI,5,E01026435,0,-1
2021320594578,2021,320594578,1,9,0,18,19,8,4,0,0,0,0,0,0,0,1,1,6,6,1,46,8,1598,2,7,NISSAN QASHQAI,8,E01026062,0,-1
2021531027058,2021,531027058,2,9,0,18,19,1,5,0,0,1,0,0,0,0,4,1,5,6,2,52,8,1598,1,12,NISSAN QASHQAI,1,E01022319,0,-1
2021111027925,2021,111027925,1,9,0,18,19,7,3,0,0,0,0,0,0,0,1,1,6,6,1,29,6,1598,1,13,NISSAN QASHQAI,4,E01020669,0,-1
2021061023503,2021,061023503,3,9,0,2,2,0,0,0,0,2,0,0,0,0,0,1,6,6,3,-1,-1,1598,1,10,NISSAN QASHQAI,-1,-1,0,-1
2021070029828,2021,070029828,1,9,0,5,5,2,6,0,0,0,0,0,0,0,3,1,6,6,2,53,8,1461,2,7,NISSAN QASHQAI,1,E01018462,0,-1
2021201085315,2021,201085315,2,9,0,2,2,0,0,9,9,0,0,0,0,0,2,1,6,6,2,-1,-1,1461,2,7,NISSAN QASHQAI,7,E01010551,0,-1
2021170M11061,2021,170M11061,2,9,0,18,19,2,6,0,0,0,0,0,0,0,1,1,6,6,3,-1,-1,1332,1,0,NISSAN QASHQAI,-1,-1,0,-1
2021201110933,2021,201110933,1,9,0,9,9,2,1,0,0,5,0,0,0,0,1,1,6,6,2,46,8,1332,1,1,NISSAN QASHQAI,-1,-1,0,-1
2021010304161,2021,010304161,1,9,0,3,3,6,2,0,0,1,0,0,0,0,2,1,6,6,2,48,8,1461,2,5,NISSAN QASHQAI,-1,-1,0,-1
2021201061978,2021,201061978,1,9,0,9,9,7,5,0,0,0,0,0,0,0,0,1,3,7,2,42,7,1461,2,5,NISSAN QASHQAI,2,E01009121,0,-1
2021138391420,2021,138391420,2,9,0,18,19,1,5,0,0,1,0,0,0,0,0,1,6,6,2,36,7,1197,1,6,NISSAN QASHQAI,1,E01011491,0,-1
2021031072047,2021,031072047,2,9,0,3,3,8,5,0,0,0,0,0,0,0,2,1,5,6,1,54,8,1461,2,5,NISSAN QASHQAI,6,E01019320,0,-1
2021010318733,2021,010318733,1,9,0,99,99,9,9,99,99,0,9,99,9,99,2,9,6,6,1,44,7,1598,1,12,NISSAN QASHQAI,7,E01004597,0,-1
2021221097989,2021,221097989,2,9,0,18,19,2,6,0,0,8,0,0,0,0,1,1,3,7,1,42,7,1461,2,4,NISSAN QASHQAI,7,E01028956,0,-1
2021010338886,2021,010338886,1,9,0,18,19,5,1,0,0,8,0,0,3,0,4,1,6,6,1,27,6,1995,2,10,NISSAN QASHQAI,-1,-1,0,-1
202134WNC5021,2021,34WNC5021,2,9,0,2,2,0,0,0,0,0,0,0,0,0,2,1,6,6,3,-1,-1,1461,2,14,NISSAN QASHQAI,-1,-1,0,-1
2021111020115,2021,111020115,3,9,0,4,4,1,5,0,0,1,0,0,0,0,0,1,5,6,2,49,8,1598,2,8,NISSAN QASHQAI,4,E01020754,0,-1
2021010336886,2021,010336886,2,9,0,99,99,9,9,99,99,0,9,99,9,99,9,9,6,6,3,-1,-1,1997,1,13,NISSAN QASHQAI,-1,-1,0,-1
2021501099235,2021,501099235,1,9,0,18,19,6,2,0,0,1,2,0,0,0,4,1,5,6,2,30,6,1461,2,8,NISSAN QASHQAI,5,E01019886,0,-1
2021201105056,2021,201105056,2,9,0,2,2,0,0,0,0,0,0,0,0,0,2,1,6,6,1,57,9,1332,1,2,NISSAN QASHQAI,2,E01009937,0,-1
2021161052370,2021,161052370,2,9,0,18,19,6,2,0,0,1,0,0,0,0,1,1,5,6,1,68,10,1461,2,4,NISSAN QASHQAI,9,E01013015,0,-1
2021010321850,2021,010321850,1,9,0,18,19,1,5,0,0,0,0,7,0,0,1,1,2,2,1,27,6,1598,1,11,NISSAN QASHQAI,1,E01002280,0,-1
2021141038030,2021,141038030,2,9,0,12,12,6,8,0,0,0,0,0,0,0,3,1,6,6,1,37,7,1598,1,12,NISSAN QASHQAI,3,E01007702,0,-1
2021010289907,2021,010289907,1,9,0,18,19,1,5,0,0,8,0,0,0,0,2,1,2,2,1,50,8,1197,1,5,NISSAN QASHQAI,2,E01002077,0,-1
2021231050819,2021,231050819,2,9,0,2,2,0,0,0,0,0,0,0,0,0,4,1,5,6,2,30,6,1332,1,1,NISSAN QASHQAI,5,E01009703,0,-1
2021070597591,2021,070597591,1,9,0,4,4,1,5,0,0,0,0,0,0,0,1,1,6,6,1,32,6,1461,2,7,NISSAN QASHQAI,5,E01010542,0,-1
2021501098494,2021,501098494,1,9,0,18,19,7,3,0,0,0,0,0,0,0,1,1,6,6,1,60,9,1332,1,1,NISSAN QASHQAI,10,E01021284,0,-1
2021221125472,2021,221125472,2,9,0,13,13,5,1,0,0,0,5,0,7,11,4,1,2,2,1,35,6,1598,1,14,NISSAN QASHQAI,5,E01029011,0,-1
2021440511729,2021,440511729,2,9,0,9,9,8,6,0,0,8,0,0,0,0,4,1,6,6,2,47,8,1598,1,12,NISSAN QASHQAI,5,E01017243,0,-1
2021041055150,2021,041055150,1,9,0,18,19,3,7,0,0,8,0,0,0,0,1,1,6,6,3,-1,-1,1332,1,1,NISSAN QASHQAI,-1,-1,0,-1
2021170S10561,2021,170S10561,1,9,0,18,19,2,6,0,0,1,0,0,0,0,1,1,6,6,2,45,7,1461,2,4,NISSAN QASHQAI,6,E01012205,0,-1
2021430419012,2021,430419012,2,9,0,18,19,6,2,0,0,8,0,0,0,0,1,1,2,2,1,47,8,1198,1,7,NISSAN QASHQAI,4,E01016447,0,-1
2021131126473,2021,131126473,2,9,0,18,19,5,1,0,0,0,0,0,0,0,2,1,5,6,1,57,9,1332,1,0,NISSAN QASHQAI,7,E01028021,0,-1
2021421055775,2021,421055775,2,9,0,8,8,1,7,0,0,1,0,0,0,0,4,1,6,6,2,42,7,1598,1,12,NISSAN QASHQAI,8,E01015913,0,-1
2021461051106,2021,461051106,1,9,0,18,19,3,7,0,0,1,0,0,0,0,1,1,5,6,2,34,6,1197,1,4,NISSAN QASHQAI,7,E01024105,0,-1
2021010333406,2021,010333406,1,9,0,9,9,5,3,0,0,8,0,0,0,0,1,1,6,6,2,49,8,1995,2,9,NISSAN QASHQAI,6,E01024172,0,-1
2021401097814,2021,401097814,2,9,0,18,19,1,5,0,0,0,0,0,0,0,1,1,6,6,2,24,5,1598,2,5,NISSAN QASHQAI,6,E01017622,0,-1
2021131101202,2021,131101202,1,9,0,-1,-1,-1,-1,-1,-1,0,-1,-1,-1,-1,-1,1,6,6,3,-1,-1,1197,1,6,NISSAN QASHQAI,-1,-1,0,-1
2021471113247,2021,471113247,2,9,0,18,19,4,8,0,0,0,0,0,0,0,2,1,6,6,2,29,6,1461,2,9,NISSAN QASHQAI,10,E01031668,0,-1
2021010346210,2021,010346210,1,9,0,99,99,9,9,99,99,9,9,99,9,99,9,9,6,6,1,42,7,1461,2,10,NISSAN QASHQAI,4,E01032742,0,-1
2021131064342,2021,131064342,1,9,0,9,9,6,4,0,0,6,0,0,0,0,3,1,6,6,2,26,6,1461,2,7,NISSAN QASHQAI,5,E01011215,0,-1
2021501085740,2021,501085740,2,9,0,16,19,5,1,0,0,0,0,0,0,0,1,1,5,6,1,54,8,1332,1,2,NISSAN QASHQAI,1,W01001002,0,-1
2021010320979,2021,010320979,1,9,4,99,99,9,9,99,99,9,9,99,9,99,2,9,1,1,1,34,6,1198,1,7,NISSAN QASHQAI,2,E01004014,0,-1
2021131036034,2021,131036034,1,9,0,5,5,1,5,0,0,6,0,0,0,0,1,1,6,6,1,53,8,1332,1,0,NISSAN QASHQAI,1,E01010622,0,-1
2021430411009,2021,430411009,2,9,0,4,4,5,1,0,0,0,0,0,4,0,2,1,6,6,1,54,8,1598,2,8,NISSAN QASHQAI,9,E01017558,0,-1
2021451086663,2021,451086663,3,9,0,2,2,0,0,0,0,0,0,0,0,0,2,1,6,6,2,49,8,1461,2,10,NISSAN QASHQAI,5,E01030980,0,-1
2021010323726,2021,010323726,1,9,0,99,99,9,9,99,99,9,9,99,9,99,2,9,2,2,2,54,8,1618,1,5,NISSAN QASHQAI,2,E01001735,0,-1
2021451072448,2021,451072448,7,9,0,5,5,1,5,0,0,0,0,0,0,0,1,1,5,6,2,33,6,1197,1,3,NISSAN QASHQAI,5,E01023761,0,-1
2021061070058,2021,061070058,1,9,0,9,9,7,3,0,0,8,0,0,0,0,1,1,6,6,3,30,6,1461,2,10,NISSAN QASHQAI,-1,-1,0,-1
2021361087290,2021,361087290,1,9,0,18,19,2,6,0,0,0,0,0,0,0,1,1,6,6,1,24,5,1598,2,8,NISSAN QASHQAI,4,E01026602,0,-1
2021501102907,2021,501102907,2,9,0,7,7,5,7,0,0,2,0,0,0,0,1,1,5,6,1,76,11,1461,2,7,NISSAN QASHQAI,9,E01020532,0,-1
2021461119228,2021,461119228,4,9,0,18,19,4,8,0,0,1,0,0,0,0,1,1,6,6,2,44,7,1197,1,3,NISSAN QASHQAI,3,E01016154,0,-1
2021201086902,2021,201086902,1,9,0,18,19,-1,-1,0,0,1,0,0,0,0,1,1,6,6,3,-1,-1,1461,2,10,NISSAN QASHQAI,-1,-1,0,-1
2021070862000,2021,070862000,2,9,0,2,2,0,0,0,0,1,0,0,0,0,3,1,6,6,1,-1,-1,1461,2,9,NISSAN QASHQAI,-1,-1,0,-1
2021010319212,2021,010319212,1,9,0,9,9,1,7,0,0,8,0,0,0,0,3,1,6,6,1,48,8,1461,2,5,NISSAN QASHQAI,2,E01000603,0,-1
2021231033195,2021,231033195,2,9,0,5,5,3,7,0,0,6,0,0,0,0,1,1,5,6,1,54,8,1332,1,1,NISSAN QASHQAI,10,E01031100,0,-1
2021361080843,2021,361080843,3,9,0,4,4,1,5,0,0,0,0,0,0,0,2,1,5,6,1,79,11,1598,1,9,NISSAN QASHQAI,9,E01026582,0,-1
2021101054101,2021,101054101,1,9,0,18,19,7,3,0,0,1,0,0,0,0,1,1,6,6,1,49,8,1461,2,3,NISSAN QASHQAI,3,E01008851,0,-1
2021061040467,2021,061040467,2,9,0,18,19,6,2,0,0,1,0,0,0,0,1,1,6,6,1,52,8,1461,2,5,NISSAN QASHQAI,1,E01005667,0,-1
2021440454347,2021,440454347,1,9,0,18,19,5,1,0,0,0,0,0,0,0,0,1,6,6,2,24,5,1198,1,7,NISSAN QASHQAI,3,E01017105,0,-1
2021010304539,2021,010304539,2,9,0,99,99,9,9,99,99,9,9,99,9,99,1,9,6,6,3,38,7,1461,2,3,NISSAN QASHQAI,3,E01001784,0,-1
2021010290637,2021,010290637,1,9,0,18,19,5,1,0,0,5,0,10,1,5,1,1,6,6,1,21,5,1461,2,13,NISSAN QASHQAI,1,E01001729,0,-1
2021361029327,2021,361029327,1,9,0,5,5,1,5,0,0,0,0,0,0,0,3,1,5,6,2,61,9,1461,2,11,NISSAN QASHQAI,1,E01026704,0,-1
2021031015135,2021,031015135,1,9,0,18,19,1,5,0,0,1,0,0,0,0,1,1,6,6,1,74,10,1332,1,2,NISSAN QASHQAI,2,E01019110,0,-1
2021010314844,2021,010314844,2,9,0,18,19,5,1,0,0,4,0,0,0,0,2,2,6,6,1,21,5,1197,1,5,NISSAN QASHQAI,2,E01000509,0,-1
2021010343311,2021,010343311,2,8,0,99,99,9,9,99,99,0,9,99,9,99,9,9,6,6,3,70,10,1197,1,4,NISSAN QASHQAI,6,E01001592,0,-1
2021010309869,2021,010309869,1,9,0,18,19,5,1,0,0,2,0,0,0,0,1,1,2,2,1,40,7,1598,1,8,NISSAN QASHQAI,2,E01004024,0,-1
2021010289523,2021,010289523,1,9,0,18,19,1,5,0,0,8,0,0,0,0,4,1,6,6,2,34,6,1995,2,8,NISSAN QASHQAI,1,E01004541,0,-1
202134WNC0871,2021,34WNC0871,1,9,0,3,3,5,1,0,0,0,0,0,0,0,1,1,6,6,1,33,6,1461,2,2,NISSAN QASHQAI,9,E01027020,0,-1
2021111094924,2021,111094924,2,9,0,4,4,3,1,0,0,0,0,0,0,0,2,1,6,6,2,40,7,1598,2,10,NISSAN QASHQAI,-1,-1,0,-1
2021010309312,2021,010309312,3,9,0,4,4,1,5,0,0,2,0,0,0,0,2,1,6,6,1,61,9,1598,1,9,NISSAN QASHQAI,6,E01011026,0,-1
2021010316816,2021,010316816,3,9,0,18,19,3,7,0,0,1,0,0,0,0,1,1,6,6,2,63,9,1332,1,2,NISSAN QASHQAI,4,E01002409,0,-1
2021010324167,2021,010324167,1,9,9,99,99,9,9,99,99,9,9,99,9,99,1,9,6,6,1,56,9,1332,1,2,NISSAN QASHQAI,1,E01004459,0,-1
2021471083730,2021,471083730,1,9,0,18,19,7,3,0,0,0,0,0,0,0,1,1,5,6,2,68,10,1197,1,5,NISSAN QASHQAI,9,E01031723,0,-1
2021371043704,2021,371043704,1,9,0,12,12,5,3,0,0,0,0,0,0,0,4,1,1,1,1,57,9,1461,2,1,NISSAN QASHQAI,8,E01029957,0,-1
2021991118406,2021,991118406,1,9,0,17,19,8,3,0,0,0,0,0,0,0,1,1,2,2,2,27,6,1461,2,2,NISSAN QASHQAI,-1,-1,0,-1
2021440016235,2021,440016235,1,9,0,18,19,7,3,0,0,8,0,0,0,0,1,1,6,6,2,58,9,1197,1,5,NISSAN QASHQAI,9,E01022727,0,-1
2021052101029,2021,052101029,2,9,0,18,19,1,5,0,0,8,0,0,0,0,3,1,6,6,1,54,8,1461,2,10,NISSAN QASHQAI,1,E01006817,0,-1
2021031046431,2021,031046431,1,9,0,3,3,1,5,0,0,1,0,0,0,0,1,1,6,6,2,50,8,1198,1,6,NISSAN QASHQAI,3,E01019205,0,-1
2021401084853,2021,401084853,1,9,0,2,2,3,3,0,0,0,0,0,0,0,3,1,6,6,1,37,7,1598,2,7,NISSAN QASHQAI,9,E01033194,0,-1
2021010317960,2021,010317960,1,9,0,18,19,7,3,9,9,0,0,0,1,2,1,1,6,6,1,42,7,1598,1,8,NISSAN QASHQAI,3,E01003141,0,-1
2021201142573,2021,201142573,3,9,0,18,19,6,2,0,0,2,0,0,0,0,3,1,6,6,1,62,9,1461,2,3,NISSAN QASHQAI,1,E01033187,0,-1
2021010347517,2021,010347517,2,9,0,99,99,9,9,99,99,9,9,99,9,99,9,9,6,6,3,-1,-1,1197,1,6,NISSAN QASHQAI,2,E01024277,0,-1
2021351045280,2021,351045280,1,9,0,18,19,1,5,0,0,0,1,0,1,9,1,1,2,2,2,45,7,1461,2,2,NISSAN QASHQAI,9,E01018054,0,-1
2021010333482,2021,010333482,2,9,0,4,4,1,5,0,0,2,0,0,0,0,2,1,6,6,1,52,8,1332,1,2,NISSAN QASHQAI,3,E01000111,0,-1
2021101063941,2021,101063941,2,9,0,7,7,6,2,0,0,4,0,0,0,0,2,1,5,6,1,52,8,1332,1,0,NISSAN QASHQAI,-1,-1,0,-1
2021361145801,2021,361145801,4,9,0,2,2,0,0,6,6,1,0,0,0,0,1,1,6,6,3,-1,-1,1198,1,7,NISSAN QASHQAI,-1,-1,0,-1
2021522103138,2021,522103138,1,9,0,9,9,5,3,0,0,8,0,0,0,0,4,1,6,6,1,51,8,1461,2,6,NISSAN QASHQAI,6,E01014882,0,-1
2021401078999,2021,401078999,2,9,0,9,9,1,5,0,0,2,0,0,0,0,1,1,2,2,1,34,6,1994,2,14,NISSAN QASHQAI,2,E01017539,0,-1
2021201041576,2021,201041576,2,9,0,18,19,6,2,0,0,4,0,10,7,11,4,1,6,6,2,-1,-1,1197,1,4,NISSAN QASHQAI,-1,-1,0,-1
2021991080176,2021,991080176,3,9,0,18,19,5,1,0,0,0,0,0,0,0,1,1,6,6,1,78,11,1461,2,4,NISSAN QASHQAI,-1,-1,0,-1
2021010346030,2021,010346030,1,9,0,18,19,3,7,0,0,0,0,0,0,0,1,1,6,6,2,44,7,1332,1,2,NISSAN QASHQAI,5,E01004363,0,-1
2021161118462,2021,161118462,2,9,0,5,5,3,6,0,0,4,0,0,0,0,2,1,2,2,1,53,8,1461,2,6,NISSAN QASHQAI,6,E01013180,0,-1
2021070420567,2021,070420567,2,9,0,18,19,5,1,0,0,1,0,0,0,0,1,1,6,6,1,63,9,1332,1,2,NISSAN QASHQAI,9,E01012393,0,-1
2021430364438,2021,430364438,2,9,0,18,19,4,8,0,0,1,0,0,1,0,2,1,6,6,2,87,11,1197,1,4,NISSAN QASHQAI,9,E01033520,0,-1
2021061106417,2021,061106417,1,9,0,9,9,4,1,0,0,1,0,0,0,0,1,1,6,6,1,62,9,1598,1,8,NISSAN QASHQAI,1,E01004801,0,-1
2021010288133,2021,010288133,3,9,0,18,19,4,8,0,0,1,0,0,0,0,3,1,6,6,1,31,6,1598,1,11,NISSAN QASHQAI,4,E01001176,0,-1
2021010321534,2021,010321534,1,9,0,3,3,7,3,0,0,1,0,0,0,0,2,1,6,6,1,55,8,1332,1,0,NISSAN QASHQAI,2,E01003964,0,-1
2021041073185,2021,041073185,2,9,0,7,7,2,4,0,0,8,0,0,0,0,2,1,5,6,2,34,6,1461,2,4,NISSAN QASHQAI,4,E01024919,0,-1
2021430080129,2021,430080129,1,9,0,18,19,3,7,0,0,6,0,0,0,0,1,1,6,6,2,19,4,1332,1,1,NISSAN QASHQAI,4,E01017905,0,-1
2021421053520,2021,421053520,3,9,0,18,19,5,1,0,0,0,0,0,0,0,1,1,5,6,2,43,7,1332,1,0,NISSAN QASHQAI,7,E01024188,0,-1
2021010328769,2021,010328769,1,9,0,18,19,3,7,0,0,0,0,0,0,0,1,1,6,6,2,24,5,1598,1,11,NISSAN QASHQAI,7,E01030850,0,-1
2021471069705,2021,471069705,4,9,0,18,19,2,6,0,0,0,0,0,0,0,1,1,5,6,1,63,9,1197,1,5,NISSAN QASHQAI,4,E01032936,0,-1
2021461048773,2021,461048773,1,9,0,15,15,5,1,9,9,1,0,0,1,0,1,1,6,6,1,81,11,1197,1,5,NISSAN QASHQAI,7,E01000748,0,-1
2021471078827,2021,471078827,2,9,0,18,19,3,7,0,0,1,0,0,0,0,1,1,5,6,2,27,6,1598,1,13,NISSAN QASHQAI,7,E01016923,0,-1
202131C042121,2021,31C042121,1,9,0,18,19,4,8,0,0,8,0,0,0,0,3,1,6,6,1,57,9,1461,2,3,NISSAN QASHQAI,9,E01028117,0,-1
2021031072394,2021,031072394,1,9,0,18,19,1,5,0,0,0,0,6,0,0,4,1,5,6,1,41,7,1461,2,3,NISSAN QASHQAI,9,-1,0,-1
2021010331120,2021,010331120,2,9,0,99,99,9,9,99,99,9,9,99,9,99,1,9,6,6,3,-1,-1,1332,1,2,NISSAN QASHQAI,-1,-1,0,-1
202163A085721,2021,63A085721,1,9,0,13,13,6,2,0,0,0,0,0,7,9,4,1,6,6,2,39,7,1332,1,0,NISSAN QASHQAI,8,W01000663,0,-1
2021440301555,2021,440301555,2,9,0,18,19,2,1,0,0,0,0,0,0,0,2,1,2,2,2,-1,-1,1332,1,1,NISSAN QASHQAI,-1,-1,0,-1
2021610043121,2021,610043121,2,9,0,18,19,4,8,0,0,1,0,0,1,10,2,1,6,6,1,75,10,1461,2,6,NISSAN QASHQAI,6,W01001534,0,-1
2021461105373,2021,461105373,1,9,0,4,4,7,3,0,0,0,0,0,0,0,1,1,6,6,1,55,8,1197,1,6,NISSAN QASHQAI,5,E01024282,0,-1
2021221082696,2021,221082696,3,9,0,18,19,5,1,0,0,0,0,0,0,0,2,1,6,6,1,46,8,1994,2,12,NISSAN QASHQAI,8,E01028997,0,-1
2021201148193,2021,201148193,2,9,0,18,19,6,2,0,0,0,0,0,0,0,1,1,6,6,1,71,10,1598,2,4,NISSAN QASHQAI,9,E01032150,0,-1
2021211048979,2021,211048979,1,9,0,7,7,1,3,0,0,2,0,0,0,0,1,1,6,6,1,44,7,1598,1,8,NISSAN QASHQAI,2,E01014281,0,-1
2021351138322,2021,351138322,2,9,0,18,19,1,5,0,0,0,5,0,1,6,2,1,6,6,1,44,7,1598,1,11,NISSAN QASHQAI,4,E01023555,0,-1
2021461053221,2021,461053221,2,9,0,3,3,7,3,0,0,0,0,0,0,0,2,1,6,6,1,48,8,1461,2,7,NISSAN QASHQAI,7,E01024405,0,-1
2021991032473,2021,991032473,1,9,0,3,3,3,7,0,0,1,0,0,0,0,1,1,6,6,1,51,8,1997,1,10,NISSAN QASHQAI,3,-1,0,-1
2021531111722,2021,531111722,1,9,0,9,9,3,7,9,9,0,0,0,0,0,1,1,2,2,1,43,7,1995,2,8,NISSAN QASHQAI,9,E01022279,0,-1
2021211074303,2021,211074303,1,9,-1,-1,-1,-1,-1,-1,-1,-1,-1,-1,-1,0,-1,1,6,6,1,52,8,1461,2,8,NISSAN QASHQAI,7,E01029743,0,-1
202134NNC2261,2021,34NNC2261,1,9,0,18,19,8,4,0,0,0,0,0,0,0,4,1,6,6,1,49,8,1461,2,10,NISSAN QASHQAI,6,E01027311,0,-1
2021052100176,2021,052100176,2,9,0,18,19,7,3,0,0,1,0,0,3,0,2,1,6,6,2,46,8,1461,2,1,NISSAN QASHQAI,1,E01006664,0,-1
2021461046574,2021,461046574,1,9,0,18,19,1,5,0,0,0,0,0,0,0,1,1,6,6,1,33,6,1598,1,8,NISSAN QASHQAI,7,E01001601,0,-1
2021610062421,2021,610062421,2,9,0,17,19,8,6,0,0,3,0,0,0,0,1,1,6,6,2,33,6,1197,1,4,NISSAN QASHQAI,6,W01001458,0,-1
2021061116933,2021,061116933,1,9,0,18,19,1,5,0,0,1,0,0,0,0,4,1,6,6,1,43,7,1197,1,6,NISSAN QASHQAI,-1,-1,0,-1
2021201059614,2021,201059614,1,9,0,3,3,1,5,0,0,2,0,0,0,0,0,1,3,7,2,34,6,1461,2,6,NISSAN QASHQAI,2,E01010258,0,-1
2021010341919,2021,010341919,1,9,0,99,99,9,9,99,99,9,9,99,9,99,2,9,6,6,2,37,7,1997,1,14,NISSAN QASHQAI,9,E01030301,0,-1
2021440471686,2021,440471686,1,9,0,7,7,8,2,0,0,8,0,0,0,0,3,1,3,7,1,23,5,1197,1,4,NISSAN QASHQAI,9,E01022947,0,-1
2021041067251,2021,041067251,2,9,0,7,7,4,7,0,0,5,0,0,0,0,2,1,1,1,1,48,8,1618,1,4,NISSAN QASHQAI,9,E01025453,0,-1
2021221087465,2021,221087465,2,9,0,7,7,4,5,0,0,5,0,0,0,0,1,1,5,6,2,77,11,1332,1,2,NISSAN QASHQAI,8,E01032463,0,-1
2021351090950,2021,351090950,1,9,0,18,19,2,6,0,0,2,5,0,0,0,3,1,5,6,1,72,10,1332,1,0,NISSAN QASHQAI,9,E01018299,0,-1
202134WNC3611,2021,34WNC3611,1,9,0,7,7,1,5,0,0,1,1,0,1,4,1,1,6,6,1,34,6,1461,2,4,NISSAN QASHQAI,7,E01017645,0,-1
202134WNC4631,2021,34WNC4631,1,9,0,11,11,1,5,0,0,3,0,0,0,0,1,1,6,6,2,44,7,1598,2,4,NISSAN QASHQAI,3,E01014156,0,-1
2021501029416,2021,501029416,2,9,0,4,4,3,7,0,0,1,0,0,0,0,2,1,6,6,1,82,11,1332,1,2,NISSAN QASHQAI,4,E01020279,0,-1
2021991064961,2021,991064961,1,9,0,9,9,6,3,0,0,1,0,0,0,0,2,1,5,6,2,60,9,1598,1,11,NISSAN QASHQAI,1,-1,0,-1
2021421107746,2021,421107746,1,9,0,18,19,1,5,0,0,0,0,0,0,0,1,1,6,6,1,-1,-1,1997,1,12,NISSAN QASHQAI,-1,-1,0,-1
2021010335168,2021,010335168,1,9,0,3,3,7,3,0,0,0,0,0,0,0,1,1,6,6,1,67,10,1332,1,2,NISSAN QASHQAI,7,E01027309,0,-1
2021010300079,2021,010300079,1,9,0,7,7,4,6,0,0,7,0,0,1,0,2,1,6,6,2,47,8,1197,1,5,NISSAN QASHQAI,7,E01004516,0,-1
2021052101631,2021,052101631,1,9,0,18,19,3,7,0,0,0,0,0,0,0,1,1,6,6,2,30,6,1461,2,6,NISSAN QASHQAI,1,E01006412,0,-1
2021522104802,2021,522104802,1,9,0,9,9,6,5,0,0,8,0,0,0,0,1,1,6,6,2,46,8,1461,2,12,NISSAN QASHQAI,1,E01032518,0,-1
2021522103607,2021,522103607,2,9,0,18,19,4,8,0,0,8,0,0,0,0,1,1,6,6,1,72,10,1332,1,2,NISSAN QASHQAI,10,E01014912,0,-1