collision_index,collision_year,collision_ref_no,vehicle_reference,vehicle_type,towing_and_articulation,vehicle_manoeuvre_historic,vehicle_manoeuvre,vehicle_direction_from,vehicle_direction_to,vehicle_location_restricted_lane_historic,vehicle_location_restricted_lane,junction_location,skidding_and_overturning,hit_object_in_carriageway,vehicle_leaving_carriageway,hit_object_off_carriageway,first_point_of_impact,vehicle_left_hand_drive,journey_purpose_of_driver_historic,journey_purpose_of_driver,sex_of_driver,age_of_driver,age_band_of_driver,engine_capacity_cc,propulsion_code,age_of_vehicle,generic_make_model,driver_imd_decile,lsoa_of_driver,escooter_flag,driver_distance_banding
2021411045882,2021,411045882,2,9,0,3,3,-1,-1,0,0,0,0,0,0,0,2,1,6,6,1,68,10,1332,1,2,NISSAN QASHQAI,10,E01023701,0,-1
2021010289328,2021,010289328,1,9,0,99,99,9,9,99,99,9,9,99,9,99,9,9,6,6,2,49,8,1197,1,3,NISSAN QASHQAI,8,E01004194,0,-1
2021010303724,2021,010303724,1,9,0,5,5,3,7,99,99,8,9,99,9,99,2,1,6,6,2,58,9,1197,1,6,NISSAN QASHQAI,3,E01003531,0,-1
2021010296111,2021,010296111,2,9,0,4,4,7,3,0,0,0,0,0,0,0,1,1,6,6,2,51,8,1997,1,11,NISSAN QASHQAI,3,E01001053,0,-1
2021201068678,2021,201068678,1,9,0,4,4,3,7,0,0,8,0,0,0,0,3,1,6,6,2,54,8,1461,2,5,NISSAN QASHQAI,2,E01010263,0,-1
2021552100338,2021,552100338,2,9,0,18,19,2,5,0,0,8,0,0,0,0,1,1,6,6,1,92,11,1994,2,14,NISSAN QASHQAI,3,E01015289,0,-1
2021010350736,2021,010350736,2,9,0,99,99,9,9,99,99,9,9,99,9,99,1,9,6,6,3,-1,-1,1197,1,5,NISSAN QASHQAI,-1,-1,0,-1
2021991064990,2021,991064990,2,9,0,4,4,5,8,0,0,1,0,0,0,0,2,1,5,6,2,52,8,1332,1,1,NISSAN QASHQAI,4,-1,0,-1
2021471040978,2021,471040978,2,9,0,18,19,1,5,0,0,0,0,0,0,0,1,1,6,6,1,39,7,1598,1,10,NISSAN QASHQAI,8,E01016931,0,-1
2021010332732,2021,010332732,1,9,0,9,9,7,6,0,0,1,0,0,0,0,1,1,1,1,2,42,7,1598,2,7,NISSAN QASHQAI,2,E01004013,0,-1
2021361054044,2021,361054044,2,9,0,18,19,2,6,0,0,1,0,0,0,0,1,1,5,6,2,32,6,1598,1,9,NISSAN QASHQAI,6,E01026842,0,-1
2021138151422,2021,138151422,2,9,0,18,19,3,7,0,0,1,0,0,0,0,1,1,6,6,2,70,10,1197,1,3,NISSAN QASHQAI,9,E01011311,0,-1
2021371086295,2021,371086295,2,9,0,2,2,0,0,0,0,1,0,0,0,0,2,1,6,6,3,-1,-1,1461,2,11,NISSAN QASHQAI,-1,-1,0,-1
2021141043632,2021,141043632,2,9,0,18,19,3,7,0,0,1,1,0,0,0,1,1,5,6,2,66,10,1332,1,0,NISSAN QASHQAI,5,E01013244,0,-1
2021320751281,2021,320751281,2,9,0,18,19,8,4,0,0,0,0,0,1,9,3,1,6,6,1,60,9,1461,2,7,NISSAN QASHQAI,4,E01026102,0,-1
2021170M20081,2021,170M20081,2,9,0,9,9,5,3,0,0,8,0,0,0,0,3,1,6,6,2,60,9,1461,2,2,NISSAN QASHQAI,1,E01012090,0,-1
2021052200053,2021,052200053,1,9,0,18,19,8,4,0,0,6,0,0,0,0,1,1,6,6,1,34,6,1461,2,8,NISSAN QASHQAI,1,E01006764,0,-1
2021041126807,2021,041126807,1,9,0,18,19,8,4,0,0,0,0,4,0,0,1,1,5,6,1,70,10,1197,1,3,NISSAN QASHQAI,3,E01024952,0,-1
2021061097774,2021,061097774,1,9,0,18,19,1,5,0,0,0,0,0,0,0,2,1,6,6,2,53,8,1332,1,1,NISSAN QASHQAI,4,E01006158,0,-1
2021461087363,2021,461087363,1,9,0,18,19,2,6,0,0,0,1,0,0,0,3,1,6,6,1,33,6,1461,2,7,NISSAN QASHQAI,7,E01024097,0,-1
2021201080385,2021,201080385,1,9,0,7,7,6,8,0,0,5,0,0,0,0,1,1,6,6,1,-1,-1,1598,1,9,NISSAN QASHQAI,-1,-1,0,-1
2021371146203,2021,371146203,2,9,0,18,19,8,4,0,0,0,0,0,0,0,1,1,5,6,2,39,7,1461,2,5,NISSAN QASHQAI,6,E01029876,0,-1
2021010318983,2021,010318983,1,9,9,99,99,9,9,99,99,8,9,99,0,0,9,9,6,6,2,36,7,1598,2,4,NISSAN QASHQAI,2,E01001833,0,-1
2021052100807,2021,052100807,1,9,0,5,5,7,1,0,0,2,0,0,0,0,1,1,6,6,1,-1,-1,1461,2,7,NISSAN QASHQAI,9,E01007254,0,-1
2021451044847,2021,451044847,1,9,0,4,4,1,1,0,0,0,0,0,0,0,2,1,3,7,2,38,7,1197,1,5,NISSAN QASHQAI,10,E01030797,0,-1
2021161031610,2021,161031610,2,9,0,3,3,4,8,0,0,1,0,0,0,0,2,1,6,6,1,55,8,1997,1,12,NISSAN QASHQAI,3,E01013158,0,-1
2021041116828,2021,041116828,2,9,0,3,3,5,1,0,0,4,0,0,0,0,2,1,2,2,2,32,6,1332,1,1,NISSAN QASHQAI,5,E01024888,0,-1
2021010308068,2021,010308068,1,9,0,99,99,9,9,99,99,9,9,99,9,99,2,9,6,6,2,57,9,1598,1,11,NISSAN QASHQAI,5,E01000468,0,-1
2021501095329,2021,501095329,1,9,0,18,19,5,1,0,0,1,0,0,0,0,1,1,6,6,2,39,7,1461,2,9,NISSAN QASHQAI,6,E01020246,0,-1
2021451018823,2021,451018823,1,9,0,9,9,7,1,7,6,1,0,0,0,0,1,1,5,6,2,39,7,1332,1,2,NISSAN QASHQAI,6,E01004107,0,-1
2021401098380,2021,401098380,1,9,0,5,5,7,3,0,0,0,0,0,0,0,1,1,5,6,2,73,10,1461,2,2,NISSAN QASHQAI,5,E01015746,0,-1
2021070643627,2021,070643627,1,9,0,16,19,5,1,0,0,0,0,0,0,0,3,1,6,6,1,27,6,1197,1,6,NISSAN QASHQAI,1,E01018738,0,-1
2021471085436,2021,471085436,3,9,0,18,19,1,5,0,0,0,0,0,0,0,1,1,5,6,2,43,7,1598,1,11,NISSAN QASHQAI,3,E01000490,0,-1
2021501040100,2021,501040100,1,9,0,18,19,7,3,0,0,0,0,0,1,11,1,1,6,6,2,57,9,1995,2,10,NISSAN QASHQAI,8,E01019962,0,-1
2021451126533,2021,451126533,1,9,0,18,19,5,1,0,0,4,0,0,1,1,1,1,2,2,1,24,5,1997,1,13,NISSAN QASHQAI,6,E01020516,0,-1
2021061095250,2021,061095250,1,9,0,18,19,5,1,0,0,1,0,0,0,0,3,1,3,7,2,47,8,1461,2,6,NISSAN QASHQAI,1,E01005599,0,-1
20211381F0805,2021,1381F0805,1,9,0,18,19,8,4,0,0,8,1,0,0,0,1,1,6,6,1,34,6,1332,1,1,NISSAN QASHQAI,2,E01032502,0,-1
202154B839221,2021,54B839221,1,9,0,17,19,1,6,0,0,0,0,0,2,11,1,1,2,2,1,24,5,1461,2,9,NISSAN QASHQAI,4,E01032087,0,-1
2021101104536,2021,101104536,2,9,0,2,2,0,0,0,0,0,0,0,0,0,2,1,5,6,1,64,9,1598,2,4,NISSAN QASHQAI,9,E01027437,0,-1
2021461046993,2021,461046993,1,9,0,5,5,1,5,0,0,0,0,0,0,0,1,1,6,6,2,50,8,1332,1,0,NISSAN QASHQAI,4,E01024620,0,-1
2021991125088,2021,991125088,2,9,0,17,19,2,6,0,0,1,0,0,1,0,3,1,5,6,1,74,10,1332,1,0,NISSAN QASHQAI,4,-1,0,-1
2021201111115,2021,201111115,2,9,0,2,2,0,0,0,0,0,0,0,0,0,1,1,6,6,2,34,6,1598,1,9,NISSAN QASHQAI,1,E01010033,0,-1
2021201046460,2021,201046460,2,9,0,2,2,0,0,0,0,1,0,0,0,0,1,1,6,6,3,-1,-1,1461,2,9,NISSAN QASHQAI,-1,-1,0,-1
2021111100545,2021,111100545,1,9,0,18,19,3,7,0,0,0,0,0,0,0,1,1,3,7,1,40,7,1461,2,5,NISSAN QASHQAI,2,E01020751,0,-1
2021010320643,2021,010320643,2,9,0,1,1,5,1,0,0,6,0,0,0,0,4,1,6,6,3,-1,-1,1197,1,5,NISSAN QASHQAI,-1,-1,0,-1
2021141024418,2021,141024418,1,9,0,18,19,8,4,0,0,1,0,0,0,0,1,1,5,6,1,40,7,1461,2,5,NISSAN QASHQAI,1,E01008011,0,-1
202134WNC5451,2021,34WNC5451,2,9,0,18,19,7,3,0,0,8,0,0,0,0,4,1,6,6,2,52,8,1598,2,4,NISSAN QASHQAI,3,E01027191,0,-1
2021471038924,2021,471038924,1,9,0,18,19,7,5,0,0,4,0,0,0,0,3,1,5,6,1,51,8,1598,2,7,NISSAN QASHQAI,3,E01021003,0,-1
2021010315162,2021,010315162,1,9,0,18,19,1,5,0,0,1,0,11,0,0,1,1,1,1,2,36,7,1197,1,5,NISSAN QASHQAI,-1,-1,0,-1
2021302100227,2021,302100227,1,9,0,9,9,8,6,0,0,8,0,0,0,0,2,1,6,6,1,39,7,1332,1,1,NISSAN QASHQAI,9,E01019588,0,-1
2021351042253,2021,351042253,1,9,0,9,9,6,2,0,0,1,0,0,0,0,3,1,5,6,1,58,9,1461,2,6,NISSAN QASHQAI,10,E01018274,0,-1
2021010319430,2021,010319430,1,9,0,2,2,0,0,0,0,1,0,0,0,0,3,1,6,6,3,-1,-1,1197,1,4,NISSAN QASHQAI,-1,-1,0,-1
2021552100232,2021,552100232,1,9,0,13,13,7,3,0,0,0,1,0,1,0,4,1,6,6,1,78,11,1598,1,8,NISSAN QASHQAI,6,E01020533,0,-1
2021461092058,2021,461092058,2,9,0,4,4,7,3,0,0,0,0,0,0,0,2,1,6,6,2,29,6,1461,2,11,NISSAN QASHQAI,6,E01024180,0,-1
2021440034302,2021,440034302,1,9,0,4,4,8,4,0,0,0,0,0,0,0,2,1,2,2,1,-1,-1,1332,1,1,NISSAN QASHQAI,-1,-1,0,-1
2021471100360,2021,471100360,3,9,0,9,9,6,4,0,0,5,0,0,0,0,0,1,5,6,1,54,8,1198,1,7,NISSAN QASHQAI,6,E01021087,0,-1
2021010293575,2021,010293575,1,9,0,18,19,1,5,0,0,8,0,0,0,0,1,1,6,6,2,55,8,1461,2,13,NISSAN QASHQAI,10,E01002978,0,-1
2021122101244,2021,122101244,1,9,0,17,19,7,3,0,0,0,0,0,1,11,1,1,2,2,1,54,8,1461,2,12,NISSAN QASHQAI,1,E01012952,0,-1
2021501049905,2021,501049905,2,9,0,10,10,2,1,0,0,5,0,0,0,0,2,1,1,1,2,33,6,1332,1,3,NISSAN QASHQAI,7,E01020074,0,-1
2021461085620,2021,461085620,2,9,0,3,3,8,4,0,0,1,0,0,0,0,2,1,5,6,2,59,9,1461,2,11,NISSAN QASHQAI,6,E01024071,0,-1
2021430567411,2021,430567411,2,9,0,18,19,2,6,0,0,8,0,0,0,0,1,1,6,6,2,40,7,1197,1,3,NISSAN QASHQAI,5,E01016488,0,-1
2021471029593,2021,471029593,1,9,0,9,9,8,6,0,0,5,0,0,0,0,4,1,5,6,2,39,7,1598,1,13,NISSAN QASHQAI,2,E01020990,0,-1
2021401113122,2021,401113122,1,9,0,3,3,5,1,0,0,1,0,0,0,0,2,1,2,2,2,55,8,1461,2,7,NISSAN QASHQAI,7,E01015719,0,-1
2021052102292,2021,052102292,1,9,0,18,19,3,7,0,0,0,0,0,0,0,3,1,1,1,1,21,5,1198,1,7,NISSAN QASHQAI,3,E01032930,0,-1
2021010323390,2021,010323390,1,9,0,7,7,2,4,0,0,8,0,0,0,0,1,1,6,6,2,24,5,1598,2,6,NISSAN QASHQAI,3,E01001884,0,-1
2021461119111,2021,461119111,1,9,0,18,19,1,5,0,0,0,0,0,0,0,1,1,6,6,1,44,7,1995,2,9,NISSAN QASHQAI,1,E01016069,0,-1
202131B109821,2021,31B109821,3,9,0,4,4,1,5,0,0,2,0,0,0,0,2,1,6,6,1,56,9,1461,2,6,NISSAN QASHQAI,8,E01028371,0,-1
2021361075164,2021,361075164,2,9,0,5,5,8,4,0,0,8,0,0,0,0,4,1,3,7,2,42,7,1598,1,13,NISSAN QASHQAI,8,E01026454,0,-1
2021010312313,2021,010312313,1,9,0,18,19,3,7,0,0,4,0,0,0,0,4,1,2,2,1,61,9,1997,1,14,NISSAN QASHQAI,2,E01001687,0,-1
2021010301242,2021,010301242,1,9,0,4,4,1,5,0,0,0,0,0,0,0,1,1,6,6,2,50,8,1598,1,8,NISSAN QASHQAI,2,E01003174,0,-1
2021351156592,2021,351156592,1,9,0,18,19,7,3,0,0,8,0,0,0,0,4,1,6,6,2,49,8,1332,1,1,NISSAN QASHQAI,-1,-1,0,-1
2021010297699,2021,010297699,1,9,0,99,99,9,9,99,99,9,9,99,9,99,9,9,6,6,1,33,6,1598,1,14,NISSAN QASHQAI,4,E01003376,0,-1
2021440004966,2021,440004966,1,9,0,18,19,3,7,0,0,0,1,0,0,0,1,1,6,6,1,57,9,1332,1,2,NISSAN QASHQAI,8,E01023197,0,-1
2021131121196,2021,131121196,1,9,0,18,19,5,1,0,0,0,0,0,0,0,1,2,6,6,2,38,7,1461,2,4,NISSAN QASHQAI,6,E01010945,0,-1
2021991092336,2021,991092336,2,9,0,4,4,8,4,0,0,0,0,0,0,0,2,1,5,6,2,78,11,1995,2,10,NISSAN QASHQAI,4,-1,0,-1
2021201144768,2021,201144768,2,9,0,2,2,0,0,0,0,0,0,0,0,0,2,1,6,6,1,49,8,1461,2,12,NISSAN QASHQAI,2,E01009291,0,-1
2021471093950,2021,471093950,1,9,0,9,9,3,5,0,0,8,0,0,0,0,4,1,5,6,2,52,8,1461,2,7,NISSAN QASHQAI,10,E01031668,0,-1
2021451120096,2021,451120096,1,9,0,18,19,4,2,0,0,0,0,0,0,0,1,1,5,6,2,51,8,1197,1,5,NISSAN QASHQAI,10,E01030308,0,-1
2021440479943,2021,440479943,2,9,0,7,7,1,3,0,0,8,0,0,0,0,2,1,6,6,2,-1,-1,1461,2,7,NISSAN QASHQAI,-1,-1,0,-1
2021461037660,2021,461037660,2,9,0,18,19,-1,-1,0,0,0,1,0,0,0,1,1,5,6,2,30,6,1598,1,8,NISSAN QASHQAI,-1,-1,0,-1
2021461090922,2021,461090922,6,9,0,2,2,0,0,0,0,0,0,0,0,0,1,1,5,6,1,-1,-1,1197,1,3,NISSAN QASHQAI,2,E01016040,0,-1
2021010288920,2021,010288920,2,9,0,18,19,5,1,0,0,0,0,0,0,0,1,1,6,6,1,83,11,1198,1,6,NISSAN QASHQAI,7,E01000837,0,-1
2021451073207,2021,451073207,2,9,0,4,4,1,5,0,0,0,0,0,0,0,2,1,5,6,1,59,9,1461,2,3,NISSAN QASHQAI,7,E01004166,0,-1
2021070153437,2021,070153437,1,9,0,15,15,6,2,0,0,0,0,0,0,0,4,1,6,6,1,63,9,1332,1,2,NISSAN QASHQAI,6,E01018496,0,-1
2021461067509,2021,461067509,2,9,0,18,19,1,5,0,0,1,0,0,0,0,2,1,5,6,2,39,7,1332,1,1,NISSAN QASHQAI,2,E01024672,0,-1
2021991046654,2021,991046654,2,9,0,2,2,0,0,9,9,1,0,0,0,0,1,1,6,6,3,-1,-1,1461,2,4,NISSAN QASHQAI,-1,-1,0,-1
202154A556221,2021,54A556221,1,9,0,7,7,5,7,0,0,5,0,0,0,0,4,1,6,6,1,34,6,1461,2,3,NISSAN QASHQAI,9,E01032038,0,-1
2021010342630,2021,010342630,1,9,0,99,99,9,9,99,99,9,9,99,9,99,2,9,6,6,2,35,6,1598,1,10,NISSAN QASHQAI,8,E01002150,0,-1
2021520201334,2021,520201334,2,9,0,18,19,2,6,0,0,1,0,0,0,0,1,1,6,6,1,73,10,1461,2,3,NISSAN QASHQAI,3,E01029093,0,-1
2021161084726,2021,161084726,1,9,0,18,19,7,3,0,0,3,0,0,0,0,4,1,5,6,1,35,6,1461,2,4,NISSAN QASHQAI,-1,-1,0,-1
2021010316608,2021,010316608,2,9,0,99,99,9,9,99,99,9,9,99,9,99,9,9,6,6,3,-1,-1,1598,1,14,NISSAN QASHQAI,-1,-1,0,-1
2021010346424,2021,010346424,2,9,0,5,5,6,2,0,0,0,0,0,0,0,1,1,6,6,2,75,10,1997,1,10,NISSAN QASHQAI,-1,-1,0,-1
2021141033012,2021,141033012,1,9,0,18,19,7,3,0,0,2,0,0,7,0,3,1,5,6,2,35,6,1598,2,7,NISSAN QASHQAI,4,E01007567,0,-1
2021061092815,2021,061092815,2,9,0,18,19,3,7,0,0,0,0,0,0,0,1,1,6,6,2,30,6,1598,1,14,NISSAN QASHQAI,1,E01006027,0,-1
2021010306487,2021,010306487,3,9,0,3,3,3,7,0,0,1,0,0,0,0,9,1,6,6,1,-1,-1,1618,1,3,NISSAN QASHQAI,8,E01002334,0,-1
2021010305174,2021,010305174,1,9,0,7,7,7,2,0,0,1,0,0,7,11,1,1,6,6,2,20,4,1997,1,11,NISSAN QASHQAI,2,E01001625,0,-1
2021010311425,2021,010311425,2,9,0,99,99,9,9,99,99,9,9,99,9,99,1,9,6,6,3,-1,-1,1598,1,10,NISSAN QASHQAI,1,E01002755,0,-1
2021010307052,2021,010307052,2,9,0,99,99,9,9,99,99,9,9,99,9,99,1,9,6,6,2,-1,-1,1332,1,0,NISSAN QASHQAI,10,E01004101,0,-1
2021430403767,2021,430403767,2,9,0,18,19,2,6,0,0,0,0,0,0,0,4,1,2,2,1,69,10,1197,1,5,NISSAN QASHQAI,9,E01033512,0,-1
2021010345888,2021,010345888,1,9,0,18,19,5,1,0,0,8,0,0,0,0,1,1,6,6,2,46,8,1197,1,6,NISSAN QASHQAI,9,E01004111,0,-1
2021622100838,2021,622100838,1,9,0,18,19,8,4,0,0,0,2,0,0,0,0,1,2,2,2,33,6,1461,2,10,NISSAN QASHQAI,2,W01001375,0,-1
2021010333722,2021,010333722,1,9,0,9,9,8,5,0,0,6,0,0,0,0,3,1,6,6,2,34,6,1598,1,9,NISSAN QASHQAI,1,E01000551,0,-1
2021531086641,2021,531086641,2,9,0,5,5,7,3,0,0,2,0,0,0,0,1,1,6,6,1,51,8,1461,2,10,NISSAN QASHQAI,10,E01022315,0,-1
2021010343687,2021,010343687,2,9,0,9,9,1,7,0,0,2,0,0,0,0,1,1,6,6,2,46,8,1197,1,5,NISSAN QASHQAI,-1,-1,0,-1
2021201080142,2021,201080142,1,9,0,17,19,8,5,0,0,0,0,4,0,0,1,1,6,6,1,16,4,1997,1,11,NISSAN QASHQAI,5,E01008971,0,-1
2021430257794,2021,430257794,2,9,0,18,19,4,8,0,0,0,1,0,1,9,3,1,6,6,2,50,8,1461,2,4,NISSAN QASHQAI,6,E01028548,0,-1
2021440287394,2021,440287394,1,9,0,18,19,4,8,0,0,0,0,0,0,0,1,1,6,6,2,39,7,1461,2,11,NISSAN QASHQAI,2,E01017186,0,-1
2021430169408,2021,430169408,1,9,0,18,19,5,1,0,0,0,0,0,1,4,1,1,6,6,1,62,9,1598,1,10,NISSAN QASHQAI,7,E01016740,0,-1
2021010308613,2021,010308613,1,9,0,99,99,9,9,99,99,1,9,99,9,99,2,9,6,6,2,45,7,1197,1,3,NISSAN QASHQAI,3,E01003586,0,-1
202131A139621,2021,31A139621,1,9,0,7,7,1,3,0,0,5,0,0,0,0,1,1,6,6,1,67,10,1461,2,6,NISSAN QASHQAI,9,E01028219,0,-1
2021421013006,2021,421013006,1,9,0,9,9,2,8,0,0,1,1,0,0,0,1,1,5,6,2,52,8,1197,1,3,NISSAN QASHQAI,7,E01022088,0,-1
2021991022963,2021,991022963,3,9,0,2,2,0,0,0,0,0,0,0,0,0,3,1,6,6,3,-1,-1,1332,1,1,NISSAN QASHQAI,-1,-1,0,-1
2021221068218,2021,221068218,1,9,0,1,1,6,8,0,0,0,0,0,0,0,3,1,6,6,1,67,10,1332,1,2,NISSAN QASHQAI,5,E01014013,0,-1
2021501084959,2021,501084959,2,9,0,9,9,3,8,0,0,1,0,0,0,0,3,1,2,2,2,38,7,1332,1,1,NISSAN QASHQAI,8,E01019898,0,-1
2021010325537,2021,010325537,1,9,0,7,7,4,6,0,0,1,0,0,0,0,0,1,6,6,1,20,4,1197,1,6,NISSAN QASHQAI,3,E01002508,0,-1
2021991174732,2021,991174732,1,9,0,5,5,2,1,0,0,1,0,0,0,0,1,1,5,6,2,69,10,1197,1,3,NISSAN QASHQAI,8,-1,0,-1
2021070783022,2021,070783022,2,9,0,3,3,7,3,0,0,0,0,0,0,0,3,1,6,6,1,49,8,1461,2,8,NISSAN QASHQAI,6,E01018373,0,-1
2021351119374,2021,351119374,2,9,0,18,19,7,2,0,0,0,0,0,0,0,2,1,5,6,2,33,6,1461,2,10,NISSAN QASHQAI,6,E01015644,0,-1
2021010347319,2021,010347319,2,9,0,18,19,3,7,0,0,8,0,0,3,0,1,1,6,6,2,49,8,1332,1,0,NISSAN QASHQAI,8,E01004143,0,-1
2021010305280,2021,010305280,1,9,0,99,99,9,9,99,99,9,9,99,9,99,9,9,6,6,1,35,6,1197,1,6,NISSAN QASHQAI,4,E01001165,0,-1
2021010312600,2021,010312600,1,9,0,6,6,1,1,0,0,3,0,7,7,0,1,1,6,6,2,44,7,1332,1,1,NISSAN QASHQAI,3,E01003250,0,-1
2021201096236,2021,201096236,1,9,0,5,5,6,2,0,0,6,0,0,0,0,1,1,6,6,2,-1,-1,1461,2,7,NISSAN QASHQAI,-1,-1,0,-1
2021010343688,2021,010343688,1,9,0,7,7,1,3,0,0,5,0,0,0,0,3,1,2,2,1,42,7,1598,1,12,NISSAN QASHQAI,4,E01032742,0,-1
2021421055310,2021,421055310,1,9,0,5,5,7,3,0,0,6,0,0,1,0,3,1,5,6,2,36,7,1461,2,10,NISSAN QASHQAI,-1,-1,0,-1
2021471096136,2021,471096136,1,9,0,18,19,1,5,0,0,2,0,0,1,0,3,1,5,6,1,76,11,1598,2,5,NISSAN QASHQAI,10,E01031690,0,-1
2021010290531,2021,010290531,3,9,0,9,9,8,6,0,0,1,0,0,0,0,2,1,3,7,1,40,7,1461,2,10,NISSAN QASHQAI,-1,-1,0,-1
2021351069389,2021,351069389,2,9,0,4,4,-1,-1,0,0,1,0,0,0,0,2,1,6,6,2,40,7,1461,2,4,NISSAN QASHQAI,10,E01026302,0,-1
2021371035117,2021,371035117,1,9,0,16,19,3,7,0,0,0,0,0,0,0,1,1,2,2,1,29,6,1461,2,13,NISSAN QASHQAI,6,E01029956,0,-1
2021011090944,2021,011090944,2,9,0,18,19,5,5,0,0,4,1,0,7,0,1,1,5,6,1,74,10,1995,2,10,NISSAN QASHQAI,10,E01000684,0,-1
2021451030712,2021,451030712,1,9,0,16,19,1,3,0,0,0,0,10,1,0,0,1,2,2,1,57,9,1598,1,12,NISSAN QASHQAI,5,E01030484,0,-1
2021320087643,2021,320087643,4,9,0,5,5,5,3,0,0,6,0,0,0,0,1,1,6,6,2,59,9,1598,2,4,NISSAN QASHQAI,8,E01026322,0,-1
2021201052237,2021,201052237,1,9,0,18,19,2,6,0,0,4,5,7,0,0,1,1,6,6,1,18,4,1332,1,2,NISSAN QASHQAI,1,E01009192,0,-1
2021522105907,2021,522105907,2,9,0,3,3,2,6,0,0,2,0,0,0,0,2,1,6,6,2,40,7,1598,1,9,NISSAN QASHQAI,6,E01014865,0,-1
2021451069740,2021,451069740,1,9,0,18,19,5,1,0,0,0,0,4,0,0,1,1,5,6,1,77,11,1598,2,4,NISSAN QASHQAI,10,E01030498,0,-1
2021010336306,2021,010336306,1,9,0,99,99,9,9,99,99,9,9,99,9,99,1,9,6,6,3,-1,-1,1598,1,10,NISSAN QASHQAI,2,E01003514,0,-1
202131D061421,2021,31D061421,1,9,0,16,19,6,8,0,0,8,0,0,0,0,1,1,6,6,1,42,7,1598,1,14,NISSAN QASHQAI,7,E01028411,0,-1
2021061033968,2021,061033968,2,9,0,18,19,1,1,0,0,1,0,0,0,0,4,1,5,6,1,64,9,1461,2,11,NISSAN QASHQAI,8,E01005852,0,-1
2021010335975,2021,010335975,2,9,0,9,9,5,2,0,0,6,0,0,0,0,2,1,3,7,1,29,6,1997,1,9,NISSAN QASHQAI,7,E01000218,0,-1
2021031030173,2021,031030173,2,9,0,2,2,0,0,0,0,0,0,0,0,0,2,1,1,1,1,60,9,1461,2,3,NISSAN QASHQAI,9,E01019124,0,-1
2021544211921,2021,544211921,2,9,0,3,3,2,6,0,0,0,0,0,0,0,2,1,6,6,2,50,8,1598,2,7,NISSAN QASHQAI,5,E01031937,0,-1
2021161024032,2021,161024032,1,9,0,18,19,7,3,0,0,3,0,0,1,4,1,1,6,6,1,56,9,1461,2,2,NISSAN QASHQAI,1,E01013296,0,-1
2021991041517,2021,991041517,2,9,0,2,2,1,5,0,0,0,0,0,0,0,2,1,1,1,2,29,6,1332,1,0,NISSAN QASHQAI,6,-1,0,-1
2021131040823,2021,131040823,1,9,0,1,1,-1,-1,0,0,8,0,0,0,0,2,1,6,6,3,30,6,1461,2,6,NISSAN QASHQAI,-1,-1,0,-1
2021010289255,2021,010289255,1,9,0,99,99,9,9,99,99,9,9,99,9,99,9,9,2,2,2,57,9,1598,1,9,NISSAN QASHQAI,2,E01001651,0,-1
2021122101529,2021,122101529,1,9,0,9,9,7,3,0,0,1,0,0,0,0,2,1,6,6,1,66,10,1598,1,9,NISSAN QASHQAI,3,E01027865,0,-1
2021471105251,2021,471105251,2,9,0,18,19,3,7,0,0,8,0,0,0,0,3,1,5,6,1,57,9,1598,1,14,NISSAN QASHQAI,7,E01031462,0,-1
2021544969821,2021,544969821,1,9,0,18,19,8,4,0,0,0,5,4,0,0,1,1,1,1,1,39,7,1461,2,14,NISSAN QASHQAI,5,E01032089,0,-1
2021401120522,2021,401120522,1,9,0,18,19,5,1,0,0,2,0,0,0,0,1,1,2,2,1,54,8,1461,2,8,NISSAN QASHQAI,8,E01015745,0,-1
2021161039619,2021,161039619,1,9,0,9,9,8,6,0,0,6,0,0,0,0,1,1,2,2,2,54,8,1461,2,2,NISSAN QASHQAI,10,E01012925,0,-1
2021622100395,2021,622100395,1,9,0,18,19,6,2,0,0,0,0,12,0,0,1,1,6,6,2,56,9,1332,1,0,NISSAN QASHQAI,1,W01001274,0,-1
2021052101196,2021,052101196,1,9,0,7,7,5,7,0,0,6,0,0,0,0,3,1,3,7,2,39,7,1598,1,9,NISSAN QASHQAI,1,E01006716,0,-1
2021111040415,2021,111040415,2,9,0,18,19,5,1,0,0,0,0,0,0,0,4,1,6,6,1,58,9,1461,2,3,NISSAN QASHQAI,3,E01012355,0,-1
2021451096763,2021,451096763,1,9,0,9,9,6,5,0,0,8,0,0,0,0,1,1,5,6,1,57,9,1618,1,4,NISSAN QASHQAI,8,E01030478,0,-1
2021461048593,2021,461048593,3,9,0,18,19,7,3,0,0,0,0,0,0,0,2,1,6,6,1,-1,-1,1461,2,10,NISSAN QASHQAI,1,E01024618,0,-1
2021201130692,2021,201130692,1,9,0,11,11,1,5,0,0,0,2,7,0,0,1,1,6,6,1,62,9,1618,1,4,NISSAN QASHQAI,10,E01009803,0,-1
2021991053992,2021,991053992,3,9,0,3,3,2,6,0,0,0,0,0,0,0,2,1,6,6,1,47,8,1461,2,14,NISSAN QASHQAI,1,-1,0,-1
2021010352284,2021,010352284,2,9,0,99,99,9,9,99,99,9,9,99,9,99,2,9,6,6,1,22,5,1598,1,14,NISSAN QASHQAI,2,E01004269,0,-1
2021010328950,2021,010328950,1,9,0,5,5,4,8,0,0,8,0,0,0,0,3,1,1,1,2,33,6,1197,1,5,NISSAN QASHQAI,3,E01000111,0,-1
202131C052921,2021,31C052921,3,9,0,2,2,0,0,0,0,0,0,0,0,0,1,1,6,6,3,-1,-1,1598,1,11,NISSAN QASHQAI,-1,-1,0,-1