collision_index,collision_year,collision_ref_no,vehicle_reference,vehicle_type,towing_and_articulation,vehicle_manoeuvre_historic,vehicle_manoeuvre,vehicle_direction_from,vehicle_direction_to,vehicle_location_restricted_lane_historic,vehicle_location_restricted_lane,junction_location,skidding_and_overturning,hit_object_in_carriageway,vehicle_leaving_carriageway,hit_object_off_carriageway,first_point_of_impact,vehicle_left_hand_drive,journey_purpose_of_driver_historic,journey_purpose_of_driver,sex_of_driver,age_of_driver,age_band_of_driver,engine_capacity_cc,propulsion_code,age_of_vehicle,generic_make_model,driver_imd_decile,lsoa_of_driver,escooter_flag,driver_distance_banding
2021010304832,2021,010304832,1,9,0,18,19,5,1,0,0,0,0,0,0,0,4,1,6,6,1,36,7,1197,1,5,NISSAN QASHQAI,4,E01004617,0,-1
2021991087200,2021,991087200,2,9,0,17,19,5,1,0,0,0,0,0,0,0,1,1,5,6,1,47,8,1332,1,0,NISSAN QASHQAI,-1,-1,0,-1
2021041136146,2021,041136146,2,9,0,2,2,5,1,0,0,1,0,0,0,0,0,1,6,6,3,-1,-1,1332,1,2,NISSAN QASHQAI,-1,-1,0,-1
2021451056521,2021,451056521,1,9,0,5,5,1,5,0,0,0,0,0,0,0,3,1,5,6,2,43,7,1598,2,9,NISSAN QASHQAI,8,E01032841,0,-1
2021010339227,2021,010339227,1,9,0,7,7,5,6,0,0,7,0,0,0,0,1,1,2,2,1,38,7,1197,1,6,NISSAN QASHQAI,1,E01024278,0,-1
2021501091410,2021,501091410,3,9,0,16,19,1,5,0,0,0,0,0,0,0,4,1,6,6,2,65,9,1598,1,10,NISSAN QASHQAI,7,E01014945,0,-1
2021471126650,2021,471126650,1,9,0,18,19,8,4,0,0,0,1,0,7,4,1,1,5,6,1,63,9,1461,2,6,NISSAN QASHQAI,5,E01021084,0,-1
2021320439966,2021,320439966,1,9,0,18,19,7,3,0,0,2,0,0,7,0,4,1,6,6,1,39,7,1598,2,9,NISSAN QASHQAI,3,E01027082,0,-1
2021201131522,2021,201131522,1,9,0,18,19,7,5,0,0,8,0,0,0,0,3,1,6,6,1,42,7,1197,1,5,NISSAN QASHQAI,9,E01017775,0,-1
2021201149481,2021,201149481,2,9,0,4,4,6,2,0,0,0,0,0,0,0,2,1,6,6,1,-1,-1,1332,1,0,NISSAN QASHQAI,3,E01008950,0,-1
2021201097815,2021,201097815,1,9,0,18,19,2,6,0,0,0,0,0,0,0,4,1,6,6,1,45,7,1598,2,8,NISSAN QASHQAI,9,E01010319,0,-1
2021141127435,2021,141127435,1,9,0,7,7,5,1,0,0,1,0,0,0,0,3,1,6,6,3,-1,-1,1198,1,7,NISSAN QASHQAI,-1,-1,0,-1
2021052101468,2021,052101468,2,9,0,18,19,2,6,0,0,0,0,0,0,0,1,1,2,2,2,33,6,1461,2,8,NISSAN QASHQAI,1,E01006495,0,-1
2021531049233,2021,531049233,2,9,0,5,5,-1,-1,0,0,2,0,0,0,0,2,1,2,2,1,59,9,1332,1,1,NISSAN QASHQAI,6,E01022391,0,-1
2021411129052,2021,411129052,1,9,0,18,19,7,3,0,0,6,0,0,0,0,1,1,6,6,2,34,6,1997,2,12,NISSAN QASHQAI,4,E01023447,0,-1
2021231038299,2021,231038299,1,9,0,7,7,1,3,0,0,1,0,0,0,0,4,1,5,6,2,24,5,1461,2,11,NISSAN QASHQAI,9,E01032901,0,-1
2021010325365,2021,010325365,1,9,0,99,99,9,9,99,99,9,9,99,9,99,1,9,6,6,1,56,9,1461,2,8,NISSAN QASHQAI,2,E01004090,0,-1
2021201067882,2021,201067882,1,9,0,18,19,6,2,0,0,0,5,10,1,5,1,1,6,6,1,15,3,1598,2,6,NISSAN QASHQAI,1,E01009494,0,-1
2021522103723,2021,522103723,1,9,0,18,19,7,3,0,0,1,0,0,0,0,1,1,6,6,2,37,7,1461,2,4,NISSAN QASHQAI,4,E01014699,0,-1
202134WNC0451,2021,34WNC0451,2,9,0,7,7,3,5,0,0,8,1,0,0,0,2,1,6,6,2,29,6,1598,2,3,NISSAN QASHQAI,-1,-1,0,-1
2021231066422,2021,231066422,2,9,0,3,3,4,8,0,0,1,0,0,0,0,2,1,5,6,2,56,9,1332,1,1,NISSAN QASHQAI,9,E01031288,0,-1
202131D097021,2021,31D097021,1,9,0,2,2,0,0,0,0,0,0,0,0,0,0,1,6,6,2,38,7,1598,2,5,NISSAN QASHQAI,9,E01028408,0,-1
2021010288509,2021,010288509,1,9,0,9,9,5,4,0,0,6,0,0,0,0,4,1,2,2,2,35,6,1198,1,7,NISSAN QASHQAI,1,E01001822,0,-1
2021991114955,2021,991114955,2,9,0,4,4,7,4,0,0,0,0,0,7,0,2,1,6,6,1,51,8,1598,1,13,NISSAN QASHQAI,6,-1,0,-1
2021351131650,2021,351131650,1,9,0,18,19,8,4,0,0,2,0,0,0,0,1,1,5,6,1,62,9,1197,1,3,NISSAN QASHQAI,10,E01018134,0,-1
2021061074556,2021,061074556,1,9,0,5,5,7,3,0,0,0,0,0,0,0,1,1,6,6,2,43,7,1332,1,2,NISSAN QASHQAI,5,E01005977,0,-1
2021052101314,2021,052101314,1,9,0,9,9,7,3,0,0,7,0,0,0,0,3,1,3,7,1,51,8,1461,2,7,NISSAN QASHQAI,8,E01007075,0,-1
2021461078906,2021,461078906,2,9,0,18,19,7,3,0,0,0,0,0,0,0,3,1,6,6,1,-1,-1,1461,2,14,NISSAN QASHQAI,1,E01010737,0,-1
2021522104619,2021,522104619,1,9,0,18,19,1,5,0,0,1,0,0,0,0,4,1,6,6,1,63,9,1598,2,5,NISSAN QASHQAI,6,E01014986,0,-1
2021101064706,2021,101064706,2,9,0,18,19,7,3,9,9,8,0,0,1,0,1,1,1,1,1,46,8,1461,2,8,NISSAN QASHQAI,2,E01008847,0,-1
2021010347278,2021,010347278,2,9,0,99,99,9,9,99,99,9,9,99,9,99,1,9,6,6,3,-1,-1,1461,2,10,NISSAN QASHQAI,-1,-1,0,-1
2021201029874,2021,201029874,3,9,0,2,2,0,0,9,9,0,0,0,0,0,2,1,6,6,3,-1,-1,1598,7,10,NISSAN QASHQAI,-1,-1,0,-1
2021201099824,2021,201099824,1,9,0,9,9,6,4,4,4,6,0,0,0,0,1,1,6,6,2,41,7,1198,1,7,NISSAN QASHQAI,2,E01010311,0,-1
2021451054944,2021,451054944,1,9,0,3,3,3,7,0,0,8,0,0,0,0,2,1,5,6,1,42,7,1598,1,9,NISSAN QASHQAI,10,E01030467,0,-1
2021131065886,2021,131065886,1,9,0,18,19,2,6,0,0,2,0,0,7,11,3,1,6,6,1,67,10,1598,1,14,NISSAN QASHQAI,1,E01011431,0,-1
2021461116910,2021,461116910,3,9,-1,-1,-1,-1,-1,-1,-1,0,-1,-1,-1,0,-1,1,6,6,3,-1,-1,1598,1,9,NISSAN QASHQAI,-1,-1,0,-1
2021010308048,2021,010308048,1,9,0,18,19,3,7,0,0,0,0,0,0,0,4,1,6,6,1,25,5,1598,1,13,NISSAN QASHQAI,-1,-1,0,-1
2021451070304,2021,451070304,1,9,0,5,5,3,7,0,0,1,0,0,0,0,1,1,5,6,2,41,7,1197,1,5,NISSAN QASHQAI,10,E01030447,0,-1
2021131081745,2021,131081745,2,9,0,4,4,3,7,0,0,0,0,0,0,0,2,1,6,6,1,56,9,1598,1,9,NISSAN QASHQAI,3,E01006115,0,-1
2021101058119,2021,101058119,2,9,0,18,19,1,5,0,0,8,0,0,0,0,4,1,5,6,2,27,6,1198,1,7,NISSAN QASHQAI,3,E01020787,0,-1
2021361117733,2021,361117733,3,9,0,18,19,6,2,0,0,0,0,0,0,0,2,1,5,6,1,74,10,1198,1,7,NISSAN QASHQAI,3,E01026775,0,-1
2021430299116,2021,430299116,2,9,0,18,19,6,2,0,0,1,0,0,0,0,3,1,2,2,2,35,6,1461,2,10,NISSAN QASHQAI,10,E01016826,0,-1
20211383M0801,2021,1383M0801,1,9,0,18,19,1,5,0,0,8,0,0,0,0,1,1,6,6,2,30,6,1598,2,5,NISSAN QASHQAI,1,E01010748,0,-1
2021622100077,2021,622100077,2,9,0,17,19,5,3,0,0,0,0,0,0,0,1,1,6,6,2,29,6,1461,2,4,NISSAN QASHQAI,9,W01001277,0,-1
2021010303082,2021,010303082,2,9,0,99,99,9,9,99,99,9,9,99,9,99,9,9,6,6,3,-1,-1,1461,2,5,NISSAN QASHQAI,-1,-1,0,-1
2021371058497,2021,371058497,3,9,0,2,2,0,0,0,0,0,0,0,0,0,4,1,6,6,3,-1,-1,1598,1,13,NISSAN QASHQAI,-1,-1,0,-1
2021070811242,2021,070811242,1,9,0,18,19,5,1,0,0,0,0,4,0,0,1,1,6,6,2,36,7,1598,1,8,NISSAN QASHQAI,10,W01000257,0,-1
2021461057881,2021,461057881,2,9,0,2,2,0,0,0,0,0,0,0,0,0,1,1,6,6,1,-1,-1,1197,1,5,NISSAN QASHQAI,1,E01016024,0,-1
2021010299962,2021,010299962,2,9,0,9,9,4,2,0,0,8,0,99,9,99,1,9,6,6,1,-1,-1,1332,1,1,NISSAN QASHQAI,-1,-1,0,-1
2021231030054,2021,231030054,2,9,0,7,7,8,2,0,0,3,0,0,0,0,3,1,5,6,2,41,7,1461,2,5,NISSAN QASHQAI,10,E01031314,0,-1
2021010336943,2021,010336943,2,9,0,1,1,1,5,0,0,0,0,0,0,0,2,1,2,2,2,45,7,1598,1,12,NISSAN QASHQAI,4,E01000475,0,-1
2021471063308,2021,471063308,2,9,0,5,5,0,7,0,0,0,0,0,0,0,3,1,6,6,1,80,11,1461,2,5,NISSAN QASHQAI,1,E01020972,0,-1
2021101108334,2021,101108334,2,9,0,2,2,1,1,9,9,0,0,0,0,0,0,1,6,6,2,35,6,1461,2,7,NISSAN QASHQAI,3,E01020658,0,-1
2021471028981,2021,471028981,2,9,0,3,3,4,8,0,0,8,0,0,0,0,2,1,5,6,1,41,7,1197,1,5,NISSAN QASHQAI,8,E01021075,0,-1
2021201142573,2021,201142573,1,9,0,13,13,2,6,0,0,2,0,0,0,0,4,1,6,6,3,-1,-1,1332,1,0,NISSAN QASHQAI,-1,-1,0,-1
2021041054729,2021,041054729,1,9,0,9,9,1,5,0,0,1,0,0,0,0,1,1,5,6,2,31,6,1461,2,8,NISSAN QASHQAI,1,E01025156,0,-1
2021501083057,2021,501083057,2,9,0,18,19,5,7,0,0,0,0,0,0,0,1,1,5,6,2,46,8,1598,2,5,NISSAN QASHQAI,9,E01015118,0,-1
2021010325955,2021,010325955,3,9,0,2,2,0,0,6,6,8,0,0,0,0,2,1,6,6,3,-1,-1,1618,1,6,NISSAN QASHQAI,-1,-1,0,-1
2021501092528,2021,501092528,2,9,0,18,19,5,1,0,0,0,0,0,0,0,1,1,6,6,2,54,8,1332,1,2,NISSAN QASHQAI,4,E01018877,0,-1
2021451064862,2021,451064862,2,9,0,3,3,2,6,0,0,1,0,0,0,0,2,1,3,7,2,40,7,1332,1,0,NISSAN QASHQAI,10,E01030948,0,-1
2021111126949,2021,111126949,2,9,0,7,7,2,3,0,0,3,0,0,0,0,3,1,5,6,2,37,7,1461,2,6,NISSAN QASHQAI,9,E01008772,0,-1
2021061036066,2021,061036066,1,9,0,10,10,1,5,0,0,2,0,0,0,0,4,1,3,7,1,43,7,1461,2,12,NISSAN QASHQAI,4,E01004991,0,-1
2021461019131,2021,461019131,1,9,0,18,19,7,3,0,0,0,0,0,0,0,1,1,5,6,2,40,7,1461,2,10,NISSAN QASHQAI,5,E01024503,0,-1
202131A017621,2021,31A017621,2,9,0,18,19,2,6,0,0,1,0,0,0,0,1,1,1,1,2,23,5,1994,2,11,NISSAN QASHQAI,4,E01019499,0,-1
2021451012482,2021,451012482,1,9,0,5,5,1,4,0,0,0,0,0,0,0,3,1,2,2,1,31,6,1994,2,14,NISSAN QASHQAI,10,E01030948,0,-1
2021411129056,2021,411129056,3,9,0,18,19,7,3,0,0,0,0,0,0,0,2,1,1,1,2,45,7,1332,1,2,NISSAN QASHQAI,8,E01023480,0,-1
2021440516070,2021,440516070,1,9,0,18,19,2,6,0,0,8,5,0,2,7,1,1,6,6,1,62,9,1461,2,11,NISSAN QASHQAI,9,E01022646,0,-1
2021010305268,2021,010305268,1,9,0,9,9,3,1,0,0,6,0,0,0,0,1,1,6,6,1,25,5,1332,1,1,NISSAN QASHQAI,2,E01003508,0,-1
202131C072921,2021,31C072921,1,8,0,18,19,4,8,0,0,2,0,0,0,0,3,1,1,1,1,27,6,1598,2,4,NISSAN QASHQAI,3,E01013944,0,-1
2021010316969,2021,010316969,2,9,0,18,19,5,1,0,0,1,0,0,0,0,1,1,6,6,1,46,8,1598,1,10,NISSAN QASHQAI,-1,-1,0,-1
2021221102745,2021,221102745,1,9,0,16,19,6,2,0,0,0,0,0,0,0,1,1,5,6,2,54,8,1332,1,0,NISSAN QASHQAI,1,E01008966,0,-1
2021041093826,2021,041093826,1,9,0,18,19,5,5,0,0,1,1,0,0,0,4,1,2,2,2,47,8,1461,2,2,NISSAN QASHQAI,10,E01025414,0,-1
2021010338354,2021,010338354,1,9,0,18,19,1,5,0,0,8,0,0,0,0,1,1,6,6,1,66,10,1332,1,1,NISSAN QASHQAI,7,E01000723,0,-1
2021411089421,2021,411089421,1,9,0,3,3,7,3,0,0,0,2,0,0,0,2,1,6,6,2,43,7,1461,2,4,NISSAN QASHQAI,6,E01002260,0,-1
2021052101754,2021,052101754,2,9,0,2,2,0,0,0,0,0,0,0,0,0,2,1,6,6,2,41,7,1461,2,11,NISSAN QASHQAI,7,E01006623,0,-1
2021401118600,2021,401118600,1,9,0,18,19,-1,-1,0,0,0,0,0,0,0,1,1,5,6,2,34,6,1461,2,7,NISSAN QASHQAI,2,E01015760,0,-1
2021622100988,2021,622100988,2,9,0,18,19,1,5,0,0,0,0,0,0,0,1,1,6,6,2,40,7,1994,2,14,NISSAN QASHQAI,2,W01001855,0,-1
2021170M11551,2021,170M11551,1,9,0,18,19,8,4,0,0,2,0,0,0,0,3,1,6,6,2,59,9,1598,2,5,NISSAN QASHQAI,2,E01012013,0,-1
2021201064487,2021,201064487,3,9,0,2,2,0,0,0,0,0,0,0,0,0,4,1,6,6,3,-1,-1,1197,1,3,NISSAN QASHQAI,-1,-1,0,-1
202163A058821,2021,63A058821,1,9,0,7,7,1,4,0,0,6,0,0,3,3,1,1,6,6,2,72,10,1197,1,3,NISSAN QASHQAI,3,W01000633,0,-1
2021010346053,2021,010346053,1,9,0,1,1,5,1,0,0,6,0,0,0,0,2,1,6,6,1,46,8,1461,2,8,NISSAN QASHQAI,4,E01001005,0,-1
2021440101390,2021,440101390,1,9,0,18,19,5,1,0,0,0,0,0,5,6,1,1,6,6,1,60,9,1198,1,7,NISSAN QASHQAI,1,E01017102,0,-1
2021101011386,2021,101011386,2,9,0,18,19,4,8,0,0,8,0,0,0,0,1,1,5,6,1,66,10,1461,2,10,NISSAN QASHQAI,2,E01020773,0,-1
2021302101636,2021,302101636,1,9,0,13,13,6,2,0,0,1,0,0,0,0,4,1,6,6,2,-1,-1,1461,2,11,NISSAN QASHQAI,1,E01008075,0,-1
2021041050301,2021,041050301,1,9,0,9,9,5,3,0,0,4,0,0,0,0,0,1,6,6,3,-1,-1,1598,1,11,NISSAN QASHQAI,-1,-1,0,-1
2021010290894,2021,010290894,1,9,0,5,5,5,1,0,0,4,0,0,0,0,1,1,1,1,2,51,8,1997,1,8,NISSAN QASHQAI,2,E01000080,0,-1
2021170L30921,2021,170L30921,1,9,0,9,9,3,1,0,0,8,0,0,0,0,1,1,6,6,1,20,4,1461,2,7,NISSAN QASHQAI,2,E01008813,0,-1
2021991045774,2021,991045774,1,9,0,18,19,5,1,0,0,0,0,0,1,3,1,1,5,6,1,74,10,1598,1,10,NISSAN QASHQAI,8,-1,0,-1
2021991079645,2021,991079645,2,9,0,18,19,3,7,0,0,0,0,0,0,0,1,1,5,6,2,44,7,1461,2,4,NISSAN QASHQAI,3,-1,0,-1
2021010327643,2021,010327643,1,9,0,9,9,7,5,0,0,1,0,0,0,0,3,1,2,2,2,42,7,1332,1,3,NISSAN QASHQAI,1,E01002588,0,-1
2021430452581,2021,430452581,1,9,0,8,8,7,1,0,0,1,0,0,0,0,2,1,6,6,2,40,7,1461,2,8,NISSAN QASHQAI,7,E01016307,0,-1
2021440106626,2021,440106626,1,9,0,18,19,4,8,0,0,8,0,0,7,1,1,1,6,6,2,43,7,1461,2,8,NISSAN QASHQAI,8,E01017057,0,-1
2021010324800,2021,010324800,2,9,0,99,99,9,9,99,99,9,9,99,9,99,9,9,6,6,3,-1,-1,1461,2,2,NISSAN QASHQAI,-1,-1,0,-1
2021201119227,2021,201119227,2,9,0,5,5,7,3,0,0,8,0,0,0,0,1,1,6,6,1,40,7,1598,1,12,NISSAN QASHQAI,2,E01009407,0,-1
2021141055118,2021,141055118,1,9,0,18,19,7,3,0,0,8,0,0,0,0,4,1,5,6,2,38,7,1461,2,8,NISSAN QASHQAI,9,E01008159,0,-1
202134NNC6411,2021,34NNC6411,1,9,0,4,4,6,2,0,0,0,0,0,0,0,1,1,6,6,2,25,5,1461,2,11,NISSAN QASHQAI,2,E01026951,0,-1
2021543976821,2021,543976821,2,9,0,5,5,8,4,0,0,0,0,0,0,0,1,1,3,7,2,41,7,1598,2,6,NISSAN QASHQAI,7,E01015560,0,-1
2021461099558,2021,461099558,1,9,0,17,19,7,3,0,0,0,5,0,1,9,1,1,1,1,1,25,5,1197,1,4,NISSAN QASHQAI,7,E01024252,0,-1
2021010348407,2021,010348407,1,9,9,99,99,9,9,99,99,9,9,99,9,99,9,9,6,6,2,37,7,1598,1,9,NISSAN QASHQAI,4,E01003147,0,-1
2021501063127,2021,501063127,2,9,0,4,4,8,4,0,0,1,0,0,0,0,2,1,5,6,2,43,7,1461,2,10,NISSAN QASHQAI,2,E01011865,0,-1
2021351088418,2021,351088418,1,9,0,6,6,5,1,0,0,1,0,7,3,1,1,1,6,6,2,42,7,1461,2,9,NISSAN QASHQAI,1,E01016742,0,-1
202163A103121,2021,63A103121,1,9,0,18,19,4,8,0,0,0,0,0,0,0,3,1,6,6,2,30,6,1461,2,5,NISSAN QASHQAI,5,W01000728,0,-1
2021201079039,2021,201079039,1,9,0,3,3,4,8,0,0,1,0,0,0,0,3,1,6,6,1,38,7,1461,2,10,NISSAN QASHQAI,2,E01010315,0,-1
2021161077048,2021,161077048,1,9,0,5,5,6,2,0,0,4,0,0,0,0,1,1,2,2,1,27,6,1598,2,5,NISSAN QASHQAI,8,E01013190,0,-1
2021501173413,2021,501173413,4,9,0,18,19,3,7,0,0,0,0,0,0,0,1,1,5,6,2,61,9,1598,1,9,NISSAN QASHQAI,10,E01023265,0,-1
2021471025401,2021,471025401,1,9,0,5,5,4,8,0,0,0,0,0,0,0,3,1,6,6,1,38,7,1995,2,10,NISSAN QASHQAI,4,E01031809,0,-1
2021471101245,2021,471101245,3,9,0,2,2,0,0,9,9,2,0,0,0,0,2,1,6,6,3,-1,-1,1332,1,3,NISSAN QASHQAI,-1,-1,0,-1
2021010304373,2021,010304373,2,9,0,99,99,9,9,99,99,9,9,99,9,99,9,9,6,6,1,31,6,1997,1,13,NISSAN QASHQAI,6,E01021668,0,-1
2021411121367,2021,411121367,1,9,0,5,5,2,5,0,0,8,0,0,0,0,1,1,5,6,1,-1,-1,1332,1,0,NISSAN QASHQAI,9,E01023557,0,-1
2021522102852,2021,522102852,1,9,0,3,3,6,2,0,0,0,0,0,0,0,3,1,6,6,2,71,10,1197,1,3,NISSAN QASHQAI,1,E01014655,0,-1
2021201105137,2021,201105137,1,9,0,18,19,-1,-1,0,0,0,0,0,0,0,2,1,6,6,1,31,6,1461,2,11,NISSAN QASHQAI,1,E01009341,0,-1
2021010312384,2021,010312384,1,9,0,10,10,1,8,0,0,1,0,0,0,0,2,1,6,6,2,38,7,1598,1,13,NISSAN QASHQAI,5,E01002330,0,-1
2021031032838,2021,031032838,2,9,0,18,19,1,5,0,0,0,0,0,0,0,2,1,5,6,1,43,7,1598,1,8,NISSAN QASHQAI,8,E01019365,0,-1
2021451021260,2021,451021260,2,9,0,12,12,3,7,0,0,0,0,4,1,0,2,1,2,2,1,47,8,1461,2,5,NISSAN QASHQAI,5,E01030724,0,-1
2021010321546,2021,010321546,1,9,0,13,13,1,5,0,0,1,0,0,0,0,4,1,4,7,2,49,8,1461,2,2,NISSAN QASHQAI,9,E01031968,0,-1
2021052102462,2021,052102462,1,9,0,18,19,7,3,0,0,0,0,0,0,0,1,1,6,6,2,37,7,1598,2,5,NISSAN QASHQAI,8,E01007193,0,-1
2021520101837,2021,520101837,2,9,0,10,10,6,3,0,0,8,0,0,0,0,2,1,6,6,1,61,9,1461,2,13,NISSAN QASHQAI,5,E01029279,0,-1
2021221017607,2021,221017607,1,9,0,10,10,4,3,0,0,1,0,0,0,0,1,1,5,6,1,38,7,1461,2,11,NISSAN QASHQAI,3,E01014010,0,-1
2021471043273,2021,471043273,2,9,0,10,10,8,7,0,0,1,0,0,0,0,2,1,1,1,2,40,7,1461,2,11,NISSAN QASHQAI,1,E01016910,0,-1
2021052102878,2021,052102878,2,9,0,18,19,1,5,0,0,0,0,0,0,0,2,1,6,6,1,38,7,1461,2,8,NISSAN QASHQAI,1,E01007052,0,-1
2021320186246,2021,320186246,2,9,0,18,19,6,2,0,0,0,0,0,0,0,1,1,2,2,1,25,5,1461,2,2,NISSAN QASHQAI,-1,-1,0,-1
2021070244306,2021,070244306,1,9,0,18,19,4,8,0,0,0,0,0,0,0,1,1,6,6,2,62,9,1461,2,2,NISSAN QASHQAI,9,E01012374,0,-1
2021320729550,2021,320729550,1,9,0,9,9,4,2,0,0,6,0,0,0,0,1,1,6,6,1,82,11,1332,1,1,NISSAN QASHQAI,8,E01032992,0,-1
2021302100409,2021,302100409,2,9,0,3,3,8,4,0,0,4,0,0,0,0,3,1,6,6,1,73,10,1197,1,4,NISSAN QASHQAI,5,E01013509,0,-1
2021461095535,2021,461095535,2,9,0,2,2,0,0,0,0,0,0,0,0,0,2,1,5,6,3,-1,-1,1461,2,11,NISSAN QASHQAI,-1,-1,0,-1
2021010327819,2021,010327819,2,9,0,13,13,3,7,0,0,1,0,0,3,0,1,1,6,6,1,29,6,1332,1,2,NISSAN QASHQAI,4,E01021296,0,-1
2021010324975,2021,010324975,1,9,0,10,10,1,7,0,0,1,0,0,0,0,2,1,6,6,1,48,8,1461,2,7,NISSAN QASHQAI,1,E01001574,0,-1
2021451050551,2021,451050551,1,9,0,4,4,1,1,0,0,0,0,0,0,0,2,1,5,6,1,60,9,1598,2,7,NISSAN QASHQAI,3,E01004184,0,-1
2021471122353,2021,471122353,1,9,0,4,4,7,3,0,0,2,0,0,0,0,1,1,6,6,1,76,11,1332,1,1,NISSAN QASHQAI,5,E01031415,0,-1
202131D049921,2021,31D049921,1,9,0,16,19,1,4,0,0,0,0,0,7,4,3,1,6,6,1,21,5,1461,2,2,NISSAN QASHQAI,4,E01025749,0,-1
2021131054366,2021,131054366,1,9,0,18,19,5,1,0,0,8,0,0,0,0,1,1,5,6,1,49,8,1994,2,13,NISSAN QASHQAI,7,E01010999,0,-1
2021070722166,2021,070722166,1,9,0,9,9,7,5,0,0,5,0,0,0,0,1,1,6,6,1,79,11,1997,1,12,NISSAN QASHQAI,4,E01018398,0,-1
2021552100435,2021,552100435,1,9,0,14,14,7,3,0,0,8,0,0,0,0,1,1,3,7,1,58,9,1461,2,10,NISSAN QASHQAI,2,E01015338,0,-1
2021041115911,2021,041115911,1,9,0,9,9,1,3,0,0,6,0,0,0,0,3,1,6,6,2,44,7,1332,1,0,NISSAN QASHQAI,2,E01012746,0,-1
2021061127415,2021,061127415,2,9,0,18,19,7,3,0,0,8,0,0,0,0,3,1,6,6,1,61,9,1332,1,2,NISSAN QASHQAI,3,E01005719,0,-1
2021421035268,2021,421035268,2,9,0,2,2,0,0,0,0,0,0,0,0,0,4,1,6,6,3,-1,-1,1997,1,11,NISSAN QASHQAI,-1,-1,0,-1
2021371095331,2021,371095331,1,9,0,18,19,3,7,0,0,8,0,0,0,0,1,1,6,6,2,36,7,1198,1,6,NISSAN QASHQAI,5,E01021683,0,-1
2021170L10241,2021,170L10241,2,9,0,17,19,6,4,0,0,0,0,0,0,0,1,1,6,6,1,24,5,1749,2,1,NISSAN QASHQAI,3,E01027840,0,-1
2021010347761,2021,010347761,2,9,0,5,5,7,3,0,0,6,0,0,0,0,1,1,6,6,1,69,10,1332,1,2,NISSAN QASHQAI,7,E01002226,0,-1
2021371141800,2021,371141800,1,9,0,9,9,7,5,0,0,8,0,0,0,0,3,1,5,6,2,39,7,1598,1,13,NISSAN QASHQAI,3,E01029962,0,-1
2021131124314,2021,131124314,3,9,0,18,19,3,7,0,0,3,0,0,0,0,1,1,6,6,2,55,8,1461,2,12,NISSAN QASHQAI,3,E01011064,0,-1
2021421022891,2021,421022891,1,9,0,18,19,7,3,0,0,0,0,1,0,0,1,1,6,6,1,55,8,1197,1,4,NISSAN QASHQAI,10,E01033319,0,-1
2021451037211,2021,451037211,1,9,0,16,19,1,5,0,0,0,0,0,1,0,1,1,2,2,2,30,6,1618,1,6,NISSAN QASHQAI,9,E01030947,0,-1
2021111081094,2021,111081094,2,9,0,16,19,5,7,0,0,4,0,0,0,0,1,1,5,6,1,59,9,1461,2,1,NISSAN QASHQAI,2,E01020806,0,-1
2021061043046,2021,061043046,2,9,0,18,19,1,5,0,0,1,0,0,0,0,1,1,6,6,1,30,6,1461,2,11,NISSAN QASHQAI,-1,-1,0,-1
2021451065431,2021,451065431,2,9,0,18,19,7,3,0,0,1,0,0,0,0,2,1,3,7,2,31,6,1461,2,11,NISSAN QASHQAI,8,E01030972,0,-1
2021131077882,2021,131077882,2,9,0,3,3,2,3,0,0,8,0,0,0,0,2,1,5,6,1,41,7,1461,2,2,NISSAN QASHQAI,8,E01011930,0,-1
2021522102652,2021,522102652,1,9,0,18,19,7,5,0,0,8,0,0,0,0,1,1,6,6,1,32,6,1598,2,4,NISSAN QASHQAI,7,E01014402,0,-1
202134NNC7111,2021,34NNC7111,2,9,0,10,10,6,3,0,0,1,0,0,0,0,2,1,6,6,2,53,8,1461,2,11,NISSAN QASHQAI,8,E01026977,0,-1
2021141029694,2021,141029694,1,9,0,17,19,5,2,0,0,0,0,0,0,0,1,1,5,6,2,75,10,1461,2,7,NISSAN QASHQAI,7,E01008134,0,-1
2021201078013,2021,201078013,1,9,0,18,19,1,5,0,0,0,0,4,0,0,1,1,6,6,3,-1,-1,1332,1,2,NISSAN QASHQAI,-1,-1,0,-1
2021141094068,2021,141094068,1,9,0,5,5,3,7,0,0,0,0,0,0,0,1,1,5,6,2,21,5,1461,2,3,NISSAN QASHQAI,8,E01007383,0,-1
2021440374155,2021,440374155,2,9,0,18,19,7,3,0,0,6,0,0,0,0,1,1,6,6,2,27,6,1461,2,8,NISSAN QASHQAI,2,E01017108,0,-1
2021010332807,2021,010332807,1,9,0,18,19,7,3,0,0,0,0,0,0,0,3,1,2,2,2,31,6,1332,1,1,NISSAN QASHQAI,3,E01002558,0,-1
2021201111515,2021,201111515,2,9,0,18,19,3,7,0,0,8,0,0,0,0,1,1,6,6,3,33,6,1461,2,8,NISSAN QASHQAI,1,E01009397,0,-1
2021471101656,2021,471101656,1,9,0,9,9,4,1,0,0,8,0,0,0,0,4,1,1,1,1,40,7,1197,1,5,NISSAN QASHQAI,4,E01021017,0,-1
2021010288680,2021,010288680,1,9,0,9,9,1,7,0,0,2,0,0,0,0,3,1,2,2,2,50,8,1997,1,11,NISSAN QASHQAI,2,E01001588,0,-1
2021010308716,2021,010308716,5,9,0,2,2,0,0,0,0,0,0,0,0,0,0,1,6,6,3,-1,-1,1332,1,2,NISSAN QASHQAI,-1,-1,0,-1