collision_index,collision_year,collision_ref_no,vehicle_reference,vehicle_type,towing_and_articulation,vehicle_manoeuvre_historic,vehicle_manoeuvre,vehicle_direction_from,vehicle_direction_to,vehicle_location_restricted_lane_historic,vehicle_location_restricted_lane,junction_location,skidding_and_overturning,hit_object_in_carriageway,vehicle_leaving_carriageway,hit_object_off_carriageway,first_point_of_impact,vehicle_left_hand_drive,journey_purpose_of_driver_historic,journey_purpose_of_driver,sex_of_driver,age_of_driver,age_band_of_driver,engine_capacity_cc,propulsion_code,age_of_vehicle,generic_make_model,driver_imd_decile,lsoa_of_driver,escooter_flag,driver_distance_banding
2021521052594,2021,521052594,1,9,0,18,19,1,5,0,0,1,0,0,0,0,1,1,6,6,1,28,6,1498,1,19,-1,8,E01022356,0,-1
2021010312671,2021,010312671,1,9,0,99,99,9,9,99,99,0,9,99,9,99,1,9,2,2,1,46,8,-1,-1,-1,-1,1,E01001574,0,-1
2021421014642,2021,421014642,1,21,0,18,19,3,7,0,0,6,0,0,0,0,4,1,1,1,1,50,8,6700,2,10,-1,3,E01001508,0,-1
2021471051105,2021,471051105,1,5,0,18,19,7,3,0,0,2,1,0,0,0,1,1,5,6,1,21,5,599,1,20,-1,-1,-1,0,-1
2021041034493,2021,041034493,2,19,0,9,9,5,3,0,0,8,0,0,0,0,4,1,5,6,1,52,8,-1,-1,-1,-1,3,E01018401,0,-1
2021401120453,2021,401120453,1,19,0,18,19,6,2,0,0,4,0,0,0,0,-1,1,6,6,1,77,11,-1,-1,-1,-1,7,E01023760,0,-1
2021471014666,2021,471014666,1,9,0,9,9,5,3,0,0,0,0,0,0,0,4,1,5,6,1,24,5,1390,1,28,-1,10,E01021132,0,-1
2021440020802,2021,440020802,1,9,0,18,19,8,4,0,0,0,5,0,0,0,4,1,6,6,2,25,5,1390,1,26,-1,5,E01017317,0,-1
2021010292666,2021,010292666,2,9,0,18,19,3,7,0,0,8,0,0,0,0,0,1,6,6,1,48,8,1298,1,19,TOYOTA MODEL MISSING,1,E01002081,0,-1
2021010306224,2021,010306224,1,8,0,3,3,3,7,0,0,1,0,0,0,0,2,1,6,6,1,50,8,1790,8,9,TOYOTA MODEL MISSING,4,E01003739,0,-1
2021010341618,2021,010341618,1,9,0,9,9,3,2,0,0,6,0,0,0,0,1,1,3,7,1,37,7,2362,8,10,TOYOTA MODEL MISSING,4,E01003608,0,-1
2021010319809,2021,010319809,1,9,9,99,99,9,9,99,99,9,9,99,9,99,9,9,6,6,3,-1,-1,2400,8,11,TOYOTA MODEL MISSING,5,E01004363,0,-1
2021010299960,2021,010299960,2,9,0,99,99,9,9,99,99,9,9,99,9,99,1,9,6,6,3,-1,-1,1790,8,6,TOYOTA MODEL MISSING,2,E01001328,0,-1
2021010335485,2021,010335485,1,9,0,4,4,1,5,0,0,1,0,0,0,0,1,1,2,2,1,61,9,1797,8,8,TOYOTA MODEL MISSING,3,E01003940,0,-1
2021010345924,2021,010345924,1,9,0,18,19,2,6,0,0,1,0,4,0,0,1,1,6,6,1,51,8,2360,8,9,TOYOTA MODEL MISSING,6,E01023671,0,-1
2021201065309,2021,201065309,2,8,0,3,3,0,0,0,0,1,0,0,0,0,2,1,1,1,1,42,7,1797,8,10,TOYOTA MODEL MISSING,2,E01010057,0,-1
2021451027944,2021,451027944,2,9,0,4,4,1,5,0,0,4,0,0,0,0,3,1,5,6,1,32,6,1797,8,7,TOYOTA MODEL MISSING,5,E01030980,0,-1
2021451076899,2021,451076899,2,9,0,18,19,1,5,0,0,4,0,0,0,0,3,1,6,6,1,53,8,2360,8,15,TOYOTA MODEL MISSING,6,E01030312,0,-1
2021411058045,2021,411058045,1,9,0,18,19,7,3,0,0,3,0,0,0,0,1,1,2,2,1,58,9,1797,8,6,TOYOTA MODEL MISSING,7,E01033314,0,-1
2021010325587,2021,010325587,1,8,0,4,4,5,1,99,99,0,9,99,9,99,3,9,1,1,1,31,6,1797,8,7,TOYOTA MODEL MISSING,5,E01000927,0,-1
2021010349716,2021,010349716,1,8,0,6,6,3,3,0,0,8,0,0,0,0,1,1,1,1,1,43,7,1797,8,8,TOYOTA MODEL MISSING,3,E01002408,0,-1
2021010345903,2021,010345903,2,9,0,9,9,7,4,0,0,8,0,99,0,0,3,1,6,6,1,54,8,2360,8,12,TOYOTA MODEL MISSING,5,E01003663,0,-1
2021010318970,2021,010318970,1,9,0,9,9,6,4,0,0,5,0,0,0,0,1,1,2,2,1,56,9,2360,1,18,TOYOTA MODEL MISSING,1,E01001772,0,-1
2021010324187,2021,010324187,1,8,0,99,99,9,9,99,99,9,9,99,9,99,2,9,1,1,1,45,7,1797,8,10,TOYOTA MODEL MISSING,3,E01000535,0,-1
2021010325934,2021,010325934,2,8,0,99,99,9,9,99,99,9,9,99,9,99,9,9,6,6,1,29,6,1797,8,7,TOYOTA MODEL MISSING,4,E01000260,0,-1
2021201110952,2021,201110952,2,9,0,18,19,6,2,0,0,3,0,0,0,0,2,1,1,1,1,44,7,2360,8,12,TOYOTA MODEL MISSING,1,E01009502,0,-1
2021010320404,2021,010320404,1,9,0,18,19,1,5,5,5,1,0,0,0,0,0,1,6,6,2,49,8,2362,1,14,TOYOTA MODEL MISSING,-1,-1,0,-1
2021010298156,2021,010298156,2,9,0,99,99,9,9,99,99,9,9,99,9,99,3,9,6,6,3,57,9,1797,8,7,TOYOTA MODEL MISSING,2,E01002830,0,-1
2021010337121,2021,010337121,1,9,0,1,1,5,3,0,0,0,0,0,0,0,4,1,6,6,1,45,7,1998,1,14,TOYOTA MODEL MISSING,1,E01003515,0,-1
2021371103245,2021,371103245,1,9,0,13,13,8,4,0,0,0,0,0,0,0,1,1,5,6,2,21,5,1490,1,2,TOYOTA MODEL MISSING,5,E01030141,0,-1
2021010317265,2021,010317265,2,9,0,18,19,2,6,0,0,8,0,0,0,0,1,1,1,1,1,45,7,1790,8,9,TOYOTA MODEL MISSING,3,E01004208,0,-1
2021451069362,2021,451069362,2,9,0,2,2,7,3,0,0,1,0,0,0,0,2,1,1,1,1,34,6,1797,8,8,TOYOTA MODEL MISSING,6,E01016530,0,-1
2021991081102,2021,991081102,1,9,0,18,19,5,1,0,0,0,2,0,4,0,1,1,6,6,1,22,5,2397,1,13,TOYOTA MODEL MISSING,4,E01013756,0,-1
2021010302762,2021,010302762,1,8,0,99,99,9,9,99,99,1,9,99,9,99,1,9,2,2,1,31,6,2467,8,8,TOYOTA MODEL MISSING,2,E01002776,0,-1
2021440322528,2021,440322528,2,9,0,18,19,0,0,0,0,0,0,0,0,0,3,1,6,6,1,-1,-1,1790,8,7,TOYOTA MODEL MISSING,-1,-1,0,-1
2021991108027,2021,991108027,1,9,0,9,9,8,6,0,0,8,0,0,0,0,4,1,5,6,1,28,6,2360,8,15,TOYOTA MODEL MISSING,2,-1,0,-1
2021501064950,2021,501064950,1,9,4,5,5,8,1,0,0,8,0,0,0,0,1,1,1,1,1,46,8,2980,2,25,TOYOTA MODEL MISSING,5,E01019902,0,-1
2021471109684,2021,471109684,1,9,0,18,19,4,7,0,0,1,0,0,0,0,1,1,2,2,1,59,9,1490,1,15,TOYOTA MODEL MISSING,3,E01031752,0,-1
2021520101587,2021,520101587,1,9,0,16,19,2,6,0,0,0,1,10,1,4,1,1,6,6,1,35,6,2490,1,24,TOYOTA MODEL MISSING,7,E01029269,0,-1
2021010290750,2021,010290750,2,9,0,9,9,7,5,0,0,6,0,0,0,0,3,1,1,1,1,45,7,1797,8,6,TOYOTA MODEL MISSING,7,E01002675,0,-1
2021211145149,2021,211145149,1,8,0,18,19,7,3,0,0,0,0,0,0,0,1,1,6,6,1,47,8,1797,8,7,TOYOTA MODEL MISSING,4,E01014312,0,-1
2021520103629,2021,520103629,1,9,0,18,19,1,5,0,0,1,0,0,0,0,1,1,6,6,1,29,6,3000,2,25,TOYOTA MODEL MISSING,5,E01029152,0,-1
2021010334546,2021,010334546,2,9,0,99,99,9,9,99,99,9,9,99,9,99,1,9,6,6,3,-1,-1,1985,1,14,TOYOTA MODEL MISSING,2,E01003993,0,-1
2021010298962,2021,010298962,1,9,0,18,19,5,1,0,0,2,0,0,0,0,1,1,1,1,1,52,8,2988,2,23,TOYOTA MODEL MISSING,6,E01004164,0,-1
2021010311521,2021,010311521,1,9,0,5,5,3,7,0,0,6,0,0,0,0,1,1,6,6,1,36,7,2400,8,11,TOYOTA MODEL MISSING,4,E01003626,0,-1
2021010319205,2021,010319205,2,9,0,18,19,5,1,0,0,1,0,0,0,0,4,1,6,6,1,63,9,2360,1,19,TOYOTA MODEL MISSING,7,E01000837,0,-1
2021010347132,2021,010347132,2,9,0,99,99,9,9,99,99,9,9,99,9,99,9,9,6,6,3,-1,-1,1800,8,8,TOYOTA MODEL MISSING,6,E01003378,0,-1
2021461037522,2021,461037522,1,9,0,16,19,7,1,0,0,4,0,0,0,0,4,1,6,6,1,26,6,2499,1,23,TOYOTA MODEL MISSING,-1,-1,0,-1
2021320328421,2021,320328421,3,9,0,5,5,4,8,0,0,0,0,0,0,0,2,1,6,6,1,65,9,2400,8,12,TOYOTA MODEL MISSING,1,E01013746,0,-1
2021010350208,2021,010350208,1,8,0,5,5,5,1,0,0,0,0,0,0,0,2,1,1,1,1,33,6,1800,8,10,TOYOTA MODEL MISSING,3,E01004203,0,-1
2021010337502,2021,010337502,1,9,0,2,2,0,0,99,99,0,9,99,9,99,4,1,6,6,1,38,7,1797,8,7,TOYOTA MODEL MISSING,-1,-1,0,-1
2021010338945,2021,010338945,1,8,9,99,99,9,9,99,99,9,9,99,9,99,2,9,1,1,1,45,7,2362,8,9,TOYOTA MODEL MISSING,2,E01001654,0,-1
2021010323302,2021,010323302,2,10,0,13,13,1,5,0,0,1,0,0,7,11,1,1,6,6,1,39,7,-1,-1,-1,TOYOTA MODEL MISSING,2,E01003253,0,-1
2021010336898,2021,010336898,1,9,0,99,99,9,9,99,99,0,9,99,9,99,9,9,6,6,3,44,7,1797,8,8,TOYOTA MODEL MISSING,2,E01033578,0,-1
2021010312697,2021,010312697,1,9,0,9,9,5,3,0,0,6,0,11,0,0,1,1,6,6,1,31,6,2362,8,13,TOYOTA MODEL MISSING,3,E01001825,0,-1
2021201131097,2021,201131097,1,8,0,16,19,6,2,0,0,0,0,0,0,0,1,1,1,1,1,46,8,2400,7,7,TOYOTA MODEL MISSING,1,E01009413,0,-1
2021010318629,2021,010318629,1,9,0,18,19,3,7,0,0,4,0,0,0,0,3,1,2,2,1,36,7,2397,1,14,TOYOTA MODEL MISSING,5,E01001293,0,-1
2021010299768,2021,010299768,2,9,0,9,9,7,4,0,0,6,0,0,1,0,1,1,6,6,2,33,6,2360,1,12,TOYOTA MODEL MISSING,7,E01000225,0,-1
2021221044329,2021,221044329,2,9,0,10,10,2,6,0,0,0,5,0,0,0,2,1,6,6,1,54,8,2980,2,26,TOYOTA MODEL MISSING,4,E01014068,0,-1
2021010289620,2021,010289620,1,9,0,99,99,9,9,99,99,9,9,99,9,99,9,9,6,6,1,48,8,1797,8,7,TOYOTA MODEL MISSING,5,E01002667,0,-1
2021010307706,2021,010307706,2,9,0,9,9,1,6,0,0,0,0,0,0,0,0,1,1,1,1,31,6,1797,8,6,TOYOTA MODEL MISSING,2,E01000954,0,-1
2021421068695,2021,421068695,1,9,0,18,19,5,1,0,0,0,0,0,0,0,1,1,5,6,1,62,9,2360,1,14,TOYOTA MODEL MISSING,-1,-1,0,-1
2021320541642,2021,320541642,1,9,0,18,19,3,7,0,0,0,0,0,0,0,1,1,6,6,1,55,8,998,1,19,TOYOTA MODEL MISSING,9,E01026355,0,-1
2021010318376,2021,010318376,1,9,0,9,9,7,5,0,0,5,0,0,0,0,1,1,1,1,1,47,8,2360,8,7,TOYOTA MODEL MISSING,2,E01004460,0,-1
2021010301616,2021,010301616,1,9,0,9,9,7,5,0,0,2,0,0,0,0,1,1,1,1,1,40,7,1800,8,9,TOYOTA MODEL MISSING,3,E01001784,0,-1
202163BF00821,2021,63BF00821,2,9,0,17,19,2,7,0,0,0,0,0,0,0,1,1,6,6,1,50,8,2360,8,17,TOYOTA MODEL MISSING,6,W01000524,0,-1
2021131110220,2021,131110220,1,9,0,1,1,1,5,0,0,0,0,0,0,0,2,1,5,6,1,40,7,998,1,15,TOYOTA MODEL MISSING,2,E01011681,0,-1
2021010348819,2021,010348819,2,9,0,99,99,9,9,99,99,9,0,0,9,0,9,9,6,6,3,-1,-1,2360,1,14,TOYOTA MODEL MISSING,3,E01002052,0,-1
2021010334560,2021,010334560,1,8,0,13,13,3,7,0,0,5,0,0,0,0,1,1,6,6,1,38,7,1797,1,9,TOYOTA MODEL MISSING,-1,-1,0,-1
2021471028974,2021,471028974,1,9,0,9,9,4,6,0,0,6,0,0,0,0,3,1,5,6,1,44,7,2990,1,17,TOYOTA MODEL MISSING,4,E01002050,0,-1
2021070209668,2021,070209668,1,9,0,9,9,5,3,0,0,1,0,0,0,0,1,1,6,6,1,49,8,1498,1,29,TOYOTA MODEL MISSING,9,E01007111,0,-1
2021010311175,2021,010311175,2,9,0,99,99,9,9,99,99,9,9,99,9,99,1,9,6,6,3,-1,-1,2362,1,18,TOYOTA MODEL MISSING,-1,-1,0,-1
2021010351805,2021,010351805,2,9,0,17,19,5,3,0,0,8,0,0,0,0,1,1,1,1,1,50,8,1797,8,9,TOYOTA MODEL MISSING,-1,-1,0,-1
2021010335893,2021,010335893,1,8,0,9,9,5,2,0,0,8,0,0,0,0,0,1,1,1,1,53,8,1797,8,8,TOYOTA MODEL MISSING,2,E01000017,0,-1
2021010298918,2021,010298918,2,9,0,99,99,9,9,99,99,9,9,99,9,99,9,9,6,6,3,55,8,2360,1,15,TOYOTA MODEL MISSING,3,E01001809,0,-1
2021201149687,2021,201149687,2,9,0,3,3,6,2,0,0,0,0,0,0,0,2,1,1,1,1,35,6,2360,1,12,TOYOTA MODEL MISSING,5,E01009593,0,-1
2021010328120,2021,010328120,2,8,0,99,99,9,9,99,99,9,9,99,9,99,9,9,6,6,3,-1,-1,1797,8,8,TOYOTA MODEL MISSING,-1,-1,0,-1
2021471078351,2021,471078351,4,9,0,18,19,5,1,0,0,0,0,0,0,0,1,1,5,6,1,60,9,2360,1,13,TOYOTA MODEL MISSING,10,E01024817,0,-1
2021010339512,2021,010339512,1,9,0,9,9,5,2,0,0,1,0,0,0,0,1,1,6,6,1,62,9,2362,1,11,TOYOTA MODEL MISSING,7,E01000236,0,-1
2021010353434,2021,010353434,1,9,0,99,99,9,9,99,99,9,9,99,9,99,2,9,6,6,1,47,8,1790,8,8,TOYOTA MODEL MISSING,4,E01016512,0,-1
2021010309699,2021,010309699,2,9,0,5,5,7,3,0,0,8,0,0,0,0,0,1,6,6,3,-1,-1,1290,1,21,TOYOTA MODEL MISSING,-1,-1,0,-1
2021131042445,2021,131042445,2,9,0,17,19,3,7,0,0,4,0,0,0,0,2,1,6,6,1,45,7,1797,8,8,TOYOTA MODEL MISSING,3,E01011141,0,-1
2021201077470,2021,201077470,1,9,0,9,9,3,1,0,0,6,0,0,0,0,1,1,1,1,1,52,8,2362,8,13,TOYOTA MODEL MISSING,2,E01010045,0,-1
202134WNC2361,2021,34WNC2361,2,8,0,18,19,7,3,0,0,1,0,0,8,10,3,1,1,1,1,41,7,1497,8,12,TOYOTA MODEL MISSING,1,E01032978,0,-1
2021451072283,2021,451072283,1,9,0,2,2,0,0,0,0,0,0,0,0,0,2,1,1,1,1,56,9,1790,8,5,TOYOTA MODEL MISSING,5,E01030725,0,-1
2021010329048,2021,010329048,2,8,0,99,99,9,9,99,99,9,9,99,9,99,2,9,6,6,3,31,6,1797,8,7,TOYOTA MODEL MISSING,5,E01002219,0,-1
2021991112926,2021,991112926,1,9,0,4,4,5,1,0,0,0,0,0,0,0,1,1,3,7,1,61,9,2360,1,17,TOYOTA MODEL MISSING,10,-1,0,-1
2021010298204,2021,010298204,1,9,0,9,9,7,4,0,0,1,0,0,0,0,1,1,6,6,2,22,5,2400,1,16,TOYOTA MODEL MISSING,8,E01021749,0,-1
2021010304436,2021,010304436,2,8,0,99,99,9,9,99,99,9,9,99,9,99,1,9,6,6,1,32,6,1790,8,8,TOYOTA MODEL MISSING,2,E01003502,0,-1
2021010345973,2021,010345973,2,9,0,99,99,9,9,99,99,9,9,99,9,99,9,9,6,6,3,-1,-1,2400,8,11,TOYOTA MODEL MISSING,4,E01002101,0,-1
2021010347235,2021,010347235,1,9,0,18,19,4,8,0,0,1,0,0,0,0,1,1,6,6,1,57,9,1797,8,9,TOYOTA MODEL MISSING,3,E01033709,0,-1
2021440113597,2021,440113597,2,9,0,3,3,4,1,0,0,1,0,0,0,0,2,1,6,6,2,44,7,2400,2,23,TOYOTA MODEL MISSING,7,E01022945,0,-1
2021061073912,2021,061073912,1,9,0,9,9,1,7,0,0,5,0,0,0,0,1,1,6,6,1,61,9,2362,1,18,TOYOTA MODEL MISSING,1,E01005501,0,-1
2021501040763,2021,501040763,1,9,0,9,9,8,6,0,0,5,0,0,0,0,3,1,6,6,3,-1,-1,2980,2,23,TOYOTA MODEL MISSING,-1,-1,0,-1
2021131071450,2021,131071450,2,8,0,3,3,1,1,0,0,1,0,0,0,0,2,1,1,1,1,49,8,1790,1,10,TOYOTA MODEL MISSING,2,E01010815,0,-1
2021010333142,2021,010333142,2,9,0,99,99,9,9,99,99,9,9,99,9,99,1,9,6,6,3,28,6,998,1,12,TOYOTA MODEL MISSING,3,E01003185,0,-1
2021010296998,2021,010296998,2,9,0,99,99,9,9,99,99,9,9,99,9,99,9,9,6,6,3,-1,-1,2400,1,13,TOYOTA MODEL MISSING,-1,-1,0,-1
2021010300673,2021,010300673,1,9,0,18,19,1,5,0,0,8,0,0,0,0,1,1,1,1,1,35,6,1797,8,5,TOYOTA MODEL MISSING,1,E01003087,0,-1
2021421071740,2021,421071740,2,9,0,3,3,7,3,0,0,1,0,0,0,0,2,1,5,6,2,23,5,1800,1,21,TOYOTA MODEL MISSING,5,E01021664,0,-1
2021461055952,2021,461055952,1,9,0,18,19,5,1,0,0,0,0,0,0,0,1,1,6,6,1,42,7,2360,8,13,TOYOTA MODEL MISSING,7,E01024267,0,-1
2021010310846,2021,010310846,2,9,0,99,99,9,9,99,99,0,9,99,9,99,1,9,6,6,3,-1,-1,2360,1,13,TOYOTA MODEL MISSING,-1,-1,0,-1
2021010304147,2021,010304147,1,9,0,10,10,5,2,0,0,0,0,0,0,0,3,1,6,6,1,56,9,2690,1,19,TOYOTA MODEL MISSING,6,E01000555,0,-1
2021010301826,2021,010301826,1,9,0,9,9,5,3,0,0,2,0,0,0,0,3,1,1,1,1,56,9,1797,8,6,TOYOTA MODEL MISSING,2,E01000482,0,-1
2021371053127,2021,371053127,1,9,0,9,9,5,8,0,0,1,0,0,0,0,4,1,1,1,1,32,6,2500,1,3,TOYOTA MODEL MISSING,8,E01033044,0,-1
2021010299199,2021,010299199,1,9,0,18,19,4,8,0,0,0,0,0,0,0,1,1,1,1,1,52,8,1797,8,7,TOYOTA MODEL MISSING,5,E01003713,0,-1
2021010289379,2021,010289379,1,9,0,7,7,5,6,0,0,4,0,0,0,0,1,1,2,2,1,61,9,1496,1,14,TOYOTA MODEL MISSING,6,E01000262,0,-1
2021010296249,2021,010296249,1,9,0,18,19,1,5,0,0,9,0,0,0,0,1,1,6,6,1,52,8,1598,1,15,TOYOTA MODEL MISSING,7,E01024058,0,-1
2021010320624,2021,010320624,1,9,0,9,9,3,1,0,0,8,0,0,0,0,3,1,6,6,1,68,10,2980,2,26,TOYOTA MODEL MISSING,3,E01003992,0,-1
2021522102587,2021,522102587,1,9,0,18,19,1,5,0,0,2,0,0,0,0,0,1,6,6,1,56,9,2200,2,26,TOYOTA MODEL MISSING,1,E01033358,0,-1
2021421088636,2021,421088636,1,9,0,18,19,5,1,0,0,1,0,0,0,0,1,1,6,6,1,50,8,2360,8,12,TOYOTA MODEL MISSING,4,E01003702,0,-1
2021010352208,2021,010352208,2,9,0,2,2,0,0,0,0,2,0,0,0,0,4,1,6,6,3,-1,-1,1797,8,7,TOYOTA MODEL MISSING,-1,-1,0,-1
2021010302200,2021,010302200,1,9,0,18,19,1,5,0,0,8,0,0,0,0,3,1,6,6,1,71,10,2362,1,11,TOYOTA MODEL MISSING,2,E01004424,0,-1
2021440235214,2021,440235214,1,9,0,6,6,1,1,0,0,0,0,0,0,0,1,1,1,1,1,43,7,1795,8,8,TOYOTA MODEL MISSING,4,E01032756,0,-1
2021411104647,2021,411104647,1,9,0,18,19,5,1,0,0,1,0,0,0,0,1,1,5,6,1,24,5,998,1,18,TOYOTA MODEL MISSING,6,E01023858,0,-1
2021991055268,2021,991055268,1,9,0,18,19,4,8,0,0,1,0,0,0,0,4,1,6,6,1,32,6,1298,1,17,TOYOTA MODEL MISSING,4,-1,0,-1
2021411079065,2021,411079065,2,9,0,3,3,1,5,0,0,1,0,0,0,0,2,1,6,6,2,36,7,2362,1,7,TOYOTA MODEL MISSING,3,E01023637,0,-1
2021201080310,2021,201080310,3,9,0,2,2,0,0,0,0,0,0,0,0,0,3,1,5,6,1,-1,-1,2400,8,12,TOYOTA MODEL MISSING,-1,-1,0,-1
2021010325367,2021,010325367,1,8,0,18,19,5,1,0,0,0,0,0,0,0,3,1,1,1,1,53,8,1490,8,4,TOYOTA MODEL MISSING,8,E01004292,0,-1
2021201103298,2021,201103298,3,9,0,9,9,2,4,0,0,1,0,0,0,0,1,1,6,6,3,-1,-1,1998,2,11,TOYOTA MODEL MISSING,-1,-1,0,-1
2021471083938,2021,471083938,1,9,0,17,19,4,2,0,0,8,0,0,0,0,4,1,6,6,1,45,7,2184,2,24,TOYOTA MODEL MISSING,4,E01031434,0,-1
2021041054858,2021,041054858,2,9,0,18,19,7,3,0,0,1,0,0,0,0,3,1,1,1,1,49,8,1797,8,9,TOYOTA MODEL MISSING,1,E01012643,0,-1
2021010332877,2021,010332877,1,9,0,99,99,9,9,99,99,9,9,99,9,99,2,9,1,1,1,51,8,1797,8,5,TOYOTA MODEL MISSING,2,E01003111,0,-1
2021010306432,2021,010306432,1,8,0,18,19,5,1,0,0,0,0,0,0,0,1,1,1,1,1,37,7,1797,8,8,TOYOTA MODEL MISSING,3,E01002620,0,-1
2021201148546,2021,201148546,2,8,0,18,19,-1,-1,0,0,0,0,0,0,0,1,1,1,1,1,-1,-1,2360,7,8,TOYOTA MODEL MISSING,-1,-1,0,-1
2021010340635,2021,010340635,2,9,0,99,99,9,9,99,99,9,9,99,9,99,2,9,6,6,3,-1,-1,2362,8,8,TOYOTA MODEL MISSING,-1,-1,0,-1
2021041069976,2021,041069976,1,9,0,18,19,3,7,0,0,1,0,0,0,0,1,1,1,1,1,20,4,998,1,18,TOYOTA MODEL MISSING,8,E01005361,0,-1
2021010341042,2021,010341042,1,8,0,99,99,9,9,99,99,9,9,99,9,99,2,9,1,1,1,54,8,1800,8,8,TOYOTA MODEL MISSING,4,E01003704,0,-1
2021010324584,2021,010324584,3,9,0,2,2,0,0,0,0,1,0,0,0,0,3,1,6,6,3,-1,-1,2360,8,15,TOYOTA MODEL MISSING,-1,-1,0,-1
2021010343255,2021,010343255,1,9,0,18,19,5,1,0,0,1,0,0,0,0,1,1,6,6,1,73,10,1800,8,11,TOYOTA MODEL MISSING,3,E01003592,0,-1
2021010311631,2021,010311631,2,9,9,99,99,9,9,0,0,9,0,0,9,99,2,9,6,6,3,-1,-1,1790,8,8,TOYOTA MODEL MISSING,-1,-1,0,-1
2021351071510,2021,351071510,1,9,0,9,9,2,1,0,0,1,0,0,0,0,1,1,6,6,2,58,9,2362,1,19,TOYOTA MODEL MISSING,4,E01018969,0,-1
2021010321601,2021,010321601,1,8,0,9,9,3,1,4,4,2,0,0,0,0,4,1,6,6,1,46,8,1797,8,7,TOYOTA MODEL MISSING,2,E01001696,0,-1
2021010350240,2021,010350240,1,9,0,9,9,4,2,0,0,0,0,0,0,0,3,1,1,1,1,49,8,1797,8,8,TOYOTA MODEL MISSING,3,E01003520,0,-1
2021471082937,2021,471082937,1,9,0,14,14,6,2,0,0,2,0,0,0,0,2,1,5,6,1,68,10,2440,2,29,TOYOTA MODEL MISSING,8,E01021061,0,-1
2021010298190,2021,010298190,1,8,0,99,99,9,9,99,99,9,9,99,9,99,2,9,6,6,1,34,6,1790,8,9,TOYOTA MODEL MISSING,4,E01000503,0,-1
2021430455934,2021,430455934,1,9,0,18,19,8,4,0,0,0,0,0,0,0,2,1,6,6,1,57,9,2400,1,11,TOYOTA MODEL MISSING,5,E01000194,0,-1
2021010339503,2021,010339503,2,9,0,18,19,1,5,0,0,0,0,0,0,0,3,1,6,6,1,28,6,2360,1,16,TOYOTA MODEL MISSING,2,E01001746,0,-1
2021010340293,2021,010340293,2,9,0,99,99,9,9,99,99,9,9,99,9,99,1,9,6,6,3,-1,-1,2360,1,12,TOYOTA MODEL MISSING,3,E01004397,0,-1
2021010348987,2021,010348987,1,9,0,18,19,4,8,0,0,1,0,0,0,0,1,1,2,2,1,40,7,1797,8,7,TOYOTA MODEL MISSING,-1,-1,0,-1
2021552100451,2021,552100451,1,9,0,7,7,4,6,0,0,6,0,0,0,0,1,1,6,6,1,73,10,2990,1,16,TOYOTA MODEL MISSING,2,E01015338,0,-1
2021430235247,2021,430235247,1,9,0,2,2,0,0,0,0,0,0,0,0,0,1,1,6,6,1,44,7,2360,8,12,TOYOTA MODEL MISSING,10,E01016702,0,-1
2021061095985,2021,061095985,2,9,-1,3,3,3,7,0,0,8,0,0,0,0,2,1,6,6,1,66,10,1000,1,12,TOYOTA MODEL MISSING,2,E01005383,0,-1
2021411085766,2021,411085766,2,9,0,18,19,8,4,0,0,8,0,0,0,0,1,1,1,1,1,72,10,1797,8,8,TOYOTA MODEL MISSING,2,E01001971,0,-1
2021201144503,2021,201144503,1,9,0,16,19,2,5,0,0,0,1,4,4,0,1,1,6,6,1,23,5,3000,2,25,TOYOTA MODEL MISSING,2,E01009955,0,-1
2021201113760,2021,201113760,2,8,0,18,19,-1,-1,0,0,0,0,0,0,0,4,1,6,6,1,-1,-1,2360,7,7,TOYOTA MODEL MISSING,-1,-1,0,-1
2021010345021,2021,010345021,1,9,0,18,19,7,3,0,0,0,0,0,0,0,4,1,6,6,1,36,7,2360,8,13,TOYOTA MODEL MISSING,7,E01002175,0,-1
2021010306190,2021,010306190,1,8,0,99,99,9,9,99,99,9,9,99,9,99,2,9,6,6,1,45,7,2360,8,7,TOYOTA MODEL MISSING,7,E01000376,0,-1
2021010315943,2021,010315943,2,9,0,18,19,5,1,0,0,2,0,0,0,0,1,1,1,1,1,36,7,1800,8,9,TOYOTA MODEL MISSING,3,E01003785,0,-1
2021010301881,2021,010301881,1,8,0,9,9,5,3,0,0,5,0,0,0,0,1,1,1,1,1,38,7,1797,8,9,TOYOTA MODEL MISSING,3,E01032785,0,-1
2021010333712,2021,010333712,1,9,0,18,19,1,5,0,0,1,0,0,0,0,4,1,6,6,1,49,8,1800,8,8,TOYOTA MODEL MISSING,1,E01004335,0,-1
2021211105141,2021,211105141,1,9,0,3,3,-1,-1,0,0,1,0,0,0,0,1,1,6,6,1,56,9,2360,1,16,TOYOTA MODEL MISSING,2,E01014279,0,-1