collision_index,collision_year,collision_ref_no,vehicle_reference,vehicle_type,towing_and_articulation,vehicle_manoeuvre_historic,vehicle_manoeuvre,vehicle_direction_from,vehicle_direction_to,vehicle_location_restricted_lane_historic,vehicle_location_restricted_lane,junction_location,skidding_and_overturning,hit_object_in_carriageway,vehicle_leaving_carriageway,hit_object_off_carriageway,first_point_of_impact,vehicle_left_hand_drive,journey_purpose_of_driver_historic,journey_purpose_of_driver,sex_of_driver,age_of_driver,age_band_of_driver,engine_capacity_cc,propulsion_code,age_of_vehicle,generic_make_model,driver_imd_decile,lsoa_of_driver,escooter_flag,driver_distance_banding
2021451032452,2021,451032452,2,9,0,18,19,1,1,7,6,0,0,0,0,0,1,1,6,6,3,40,7,1995,2,9,BMW 1 SERIES,-1,-1,0,-1
202106J078915,2021,06J078915,2,9,0,7,7,7,1,0,0,1,0,0,0,0,1,1,6,6,1,30,6,1995,2,12,BMW 1 SERIES,-1,-1,0,-1
2021211052376,2021,211052376,1,9,0,18,19,8,4,9,9,1,0,0,1,11,3,1,5,6,1,30,6,1995,2,11,BMW 1 SERIES,6,E01010502,0,-1
2021361117321,2021,361117321,2,9,0,18,19,8,4,0,0,0,0,0,0,0,4,1,5,6,1,22,5,1995,2,13,BMW 1 SERIES,7,E01026533,0,-1
2021010322509,2021,010322509,2,9,0,99,99,9,9,99,99,0,9,99,9,99,1,9,6,6,3,-1,-1,1496,2,5,BMW 1 SERIES,5,E01016518,0,-1
2021421045097,2021,421045097,2,9,0,18,19,6,3,0,0,0,0,4,0,0,1,1,6,6,2,33,6,1599,1,13,BMW 1 SERIES,4,E01016003,0,-1
2021201115711,2021,201115711,1,9,0,5,5,4,8,0,0,1,0,0,0,0,1,1,6,6,2,-1,-1,1596,1,16,BMW 1 SERIES,-1,-1,0,-1
2021041124096,2021,041124096,1,9,0,18,19,5,1,0,0,2,0,0,0,0,1,1,5,6,1,68,10,1995,2,13,BMW 1 SERIES,7,E01025169,0,-1
2021610051221,2021,610051221,2,9,0,9,9,1,7,0,0,1,0,0,0,0,4,1,6,6,1,-1,-1,1995,2,13,BMW 1 SERIES,2,W01001348,0,-1
2021041065015,2021,041065015,2,9,0,18,19,1,5,0,0,8,0,0,0,0,1,1,5,6,2,33,6,1995,2,13,BMW 1 SERIES,1,E01025296,0,-1
2021430259006,2021,430259006,1,9,0,18,19,5,1,0,0,0,0,0,0,0,4,1,6,6,1,43,7,1598,1,9,BMW 1 SERIES,-1,-1,0,-1
2021440276374,2021,440276374,2,9,0,18,19,1,8,0,0,7,0,0,0,0,1,1,6,6,1,22,5,1995,2,11,BMW 1 SERIES,-1,-1,0,-1
2021010292696,2021,010292696,1,9,0,18,19,5,1,9,9,5,1,0,1,1,1,1,6,6,1,22,5,1995,2,10,BMW 1 SERIES,3,E01004064,0,-1
2021010298664,2021,010298664,1,9,0,99,99,9,9,99,99,9,9,99,9,99,9,9,6,6,1,24,5,1995,2,9,BMW 1 SERIES,4,E01033745,0,-1
2021041051108,2021,041051108,2,9,0,18,19,5,1,0,0,8,0,0,0,0,3,1,3,7,2,22,5,1995,2,4,BMW 1 SERIES,8,E01025214,0,-1
2021010325391,2021,010325391,1,9,0,18,19,3,7,0,0,8,0,7,0,0,1,1,6,6,1,20,4,1598,1,6,BMW 1 SERIES,9,E01000409,0,-1
2021010301659,2021,010301659,1,9,0,18,19,3,7,0,0,0,0,0,0,0,3,1,6,6,1,24,5,1597,1,13,BMW 1 SERIES,4,E01000066,0,-1
2021010289377,2021,010289377,2,9,0,5,5,0,1,0,0,1,0,0,0,0,1,1,6,6,1,38,7,1596,1,16,BMW 1 SERIES,4,E01002672,0,-1
2021010330691,2021,010330691,1,9,0,18,19,7,3,0,0,1,0,7,0,0,1,1,6,6,1,35,6,1995,2,10,BMW 1 SERIES,3,E01003569,0,-1
2021201111010,2021,201111010,1,9,0,18,19,2,5,0,0,1,1,4,0,0,2,1,6,6,1,25,5,1496,2,6,BMW 1 SERIES,2,E01010058,0,-1
2021061094442,2021,061094442,2,9,-1,18,19,5,1,0,0,1,0,0,0,0,1,1,6,6,3,-1,-1,1995,2,0,BMW 1 SERIES,-1,-1,0,-1
2021170M10161,2021,170M10161,2,9,0,7,7,1,3,9,9,8,0,0,0,0,3,1,6,6,1,21,5,1499,1,3,BMW 1 SERIES,6,E01012022,0,-1
2021010306333,2021,010306333,2,9,0,11,11,3,7,0,0,5,0,0,0,0,1,2,6,6,1,17,4,1995,2,14,BMW 1 SERIES,4,E01003494,0,-1
2021501045164,2021,501045164,1,9,0,18,19,2,6,0,0,8,0,0,7,0,1,1,5,6,2,28,6,1995,2,13,BMW 1 SERIES,3,E01020294,0,-1
2021991038722,2021,991038722,3,9,0,18,19,1,5,0,0,0,0,0,0,0,1,1,6,6,1,20,4,1496,2,4,BMW 1 SERIES,2,-1,0,-1
2021061134731,2021,061134731,1,9,-1,-1,-1,5,1,-1,-1,-1,-1,-1,-1,0,-1,1,5,6,1,-1,-1,1995,2,6,BMW 1 SERIES,-1,-1,0,-1
2021361035554,2021,361035554,2,9,0,18,19,4,8,0,0,8,0,0,0,0,1,1,5,6,2,30,6,1598,2,7,BMW 1 SERIES,1,E01026603,0,-1
2021010287157,2021,010287157,2,9,0,2,2,0,0,0,0,2,0,0,0,0,2,1,6,6,3,-1,-1,1995,1,11,BMW 1 SERIES,-1,-1,0,-1
2021161061236,2021,161061236,1,9,0,9,9,3,2,0,0,6,0,0,0,0,1,1,5,6,2,31,6,1995,2,6,BMW 1 SERIES,2,E01013071,0,-1
2021041081936,2021,041081936,3,9,0,2,2,0,0,9,9,2,0,0,0,0,2,1,6,6,3,-1,-1,1499,1,0,BMW 1 SERIES,-1,-1,0,-1
2021440284201,2021,440284201,1,9,0,18,19,6,2,0,0,0,0,0,0,0,2,1,6,6,2,20,4,1499,1,4,BMW 1 SERIES,10,E01030754,0,-1
2021440427463,2021,440427463,1,9,0,6,6,4,4,0,0,6,0,0,0,0,2,1,6,6,2,21,5,1995,2,3,BMW 1 SERIES,10,E01022876,0,-1
202163D056421,2021,63D056421,1,9,0,17,19,4,1,0,0,0,0,0,2,10,4,1,6,6,1,22,5,1995,2,8,BMW 1 SERIES,1,W01001308,0,-1
2021101101625,2021,101101625,1,9,0,18,19,3,7,0,0,8,0,0,0,0,1,1,3,7,1,46,8,1995,2,12,BMW 1 SERIES,-1,-1,0,-1
2021351079934,2021,351079934,1,9,0,18,19,4,7,0,0,0,0,0,0,0,1,1,6,6,2,-1,-1,1596,1,14,BMW 1 SERIES,9,E01022099,0,-1
2021440061112,2021,440061112,1,9,0,18,19,8,4,0,0,0,1,0,4,6,1,1,6,6,1,41,7,1995,2,14,BMW 1 SERIES,4,E01018951,0,-1
2021221061354,2021,221061354,1,9,0,16,19,4,7,0,0,0,5,0,2,1,4,1,5,6,1,21,5,1995,2,14,BMW 1 SERIES,4,E01028920,0,-1
2021010315407,2021,010315407,2,9,0,99,99,9,9,99,99,9,9,99,9,99,1,9,6,6,3,36,7,1995,2,16,BMW 1 SERIES,8,E01023872,0,-1
2021501084153,2021,501084153,1,9,0,16,19,3,7,0,0,8,2,0,1,4,1,1,5,6,1,20,4,1995,2,12,BMW 1 SERIES,4,E01020307,0,-1
2021122100767,2021,122100767,1,9,0,18,19,5,1,0,0,0,1,0,1,0,1,1,6,6,1,35,6,2000,2,9,BMW 1 SERIES,8,E01027750,0,-1
2021052200027,2021,052200027,2,9,0,9,9,5,3,0,0,8,0,0,0,0,4,1,6,6,1,27,6,1995,2,11,BMW 1 SERIES,1,E01007008,0,-1
202131C119721,2021,31C119721,1,9,0,12,12,3,7,0,0,3,0,0,0,0,3,1,6,6,1,21,5,1995,2,6,BMW 1 SERIES,2,E01013933,0,-1
2021010310481,2021,010310481,2,9,0,99,99,9,9,99,99,9,9,99,9,99,9,9,6,6,1,21,5,1598,1,7,BMW 1 SERIES,4,E01003771,0,-1
2021991128343,2021,991128343,1,9,0,16,19,5,1,0,0,0,5,10,1,0,1,1,6,6,1,18,4,1995,2,9,BMW 1 SERIES,2,-1,0,-1
2021461030849,2021,461030849,1,9,0,18,19,6,2,0,0,1,0,0,0,0,1,1,5,6,1,24,5,1995,2,11,BMW 1 SERIES,1,E01024649,0,-1
2021161036343,2021,161036343,2,9,0,9,9,4,2,0,0,6,0,0,0,0,1,1,5,6,2,18,4,1995,2,12,BMW 1 SERIES,4,E01007625,0,-1
2021141127744,2021,141127744,1,9,0,18,19,4,8,0,0,0,0,0,0,0,3,1,5,6,1,19,4,1598,1,8,BMW 1 SERIES,1,E01007542,0,-1
2021031096513,2021,031096513,1,9,0,18,19,8,4,0,0,0,1,0,0,0,3,1,6,6,1,45,7,1995,2,13,BMW 1 SERIES,4,E01019202,0,-1
2021421014117,2021,421014117,4,9,0,13,13,3,7,0,0,0,0,0,0,0,3,1,2,2,1,23,5,1995,2,7,BMW 1 SERIES,6,E01021373,0,-1
2021401054761,2021,401054761,2,9,0,18,19,3,7,0,0,1,1,0,1,9,1,1,6,6,2,43,7,1499,1,1,BMW 1 SERIES,9,E01033194,0,-1
2021351017021,2021,351017021,1,9,0,18,19,3,7,0,0,4,0,0,0,0,1,1,5,6,2,55,8,1995,1,11,BMW 1 SERIES,10,E01018216,0,-1
2021041110357,2021,041110357,2,9,0,18,19,6,2,0,0,1,0,0,0,0,1,1,5,6,2,39,7,1995,2,16,BMW 1 SERIES,8,E01025280,0,-1
2021122101329,2021,122101329,1,9,0,10,10,1,5,0,0,1,0,0,0,0,2,1,6,6,1,25,5,1995,2,11,BMW 1 SERIES,4,E01013359,0,-1
2021411040185,2021,411040185,2,9,0,4,4,4,8,0,0,1,0,0,0,0,2,1,6,6,2,37,7,1596,1,15,BMW 1 SERIES,6,E01023341,0,-1
2021471031845,2021,471031845,1,9,0,18,19,5,1,0,0,1,0,0,0,0,2,1,6,6,1,20,4,1995,2,8,BMW 1 SERIES,7,E01017008,0,-1
2021440206092,2021,440206092,2,9,0,5,5,8,4,0,0,1,0,0,0,0,2,1,4,7,1,21,5,1596,1,14,BMW 1 SERIES,8,E01023245,0,-1
2021010308941,2021,010308941,2,9,0,9,9,7,6,0,0,2,0,0,0,0,1,1,6,6,1,29,6,1995,1,12,BMW 1 SERIES,6,E01002957,0,-1
202131C154421,2021,31C154421,1,9,0,2,2,0,0,0,0,0,0,0,0,0,3,1,6,6,2,57,9,1995,2,9,BMW 1 SERIES,2,E01013888,0,-1
2021440071738,2021,440071738,1,9,0,18,19,7,3,0,0,8,0,0,0,0,4,1,6,6,1,42,7,1499,1,1,BMW 1 SERIES,7,E01017224,0,-1
2021221107112,2021,221107112,1,9,0,18,19,8,4,0,0,0,0,0,0,0,1,1,5,6,3,25,5,1995,2,16,BMW 1 SERIES,-1,-1,0,-1
2021411076261,2021,411076261,1,9,0,13,13,3,7,0,0,1,0,0,0,0,1,1,5,6,1,38,7,1496,2,1,BMW 1 SERIES,7,E01023504,0,-1
2021131040696,2021,131040696,2,9,0,13,13,7,3,0,0,0,0,0,0,0,4,1,5,6,1,36,7,1995,2,9,BMW 1 SERIES,1,E01033003,0,-1
2021010325755,2021,010325755,1,9,0,6,6,2,2,8,6,1,0,0,0,0,1,1,6,6,1,22,5,1598,1,8,BMW 1 SERIES,3,E01003122,0,-1
2021010301118,2021,010301118,3,9,0,18,19,7,3,0,0,0,0,0,0,0,1,1,6,6,1,31,6,1995,1,11,BMW 1 SERIES,6,E01031676,0,-1
2021131118510,2021,131118510,1,9,0,18,19,3,7,0,0,0,0,0,0,0,4,1,5,6,2,23,5,1995,2,8,BMW 1 SERIES,2,E01005351,0,-1
202163D075921,2021,63D075921,2,9,0,16,19,4,7,0,0,1,0,0,0,0,1,1,6,6,1,22,5,1995,1,13,BMW 1 SERIES,7,W01000484,0,-1
2021031013167,2021,031013167,1,9,0,13,13,7,3,0,0,0,1,0,1,0,1,1,2,2,2,28,6,1598,1,7,BMW 1 SERIES,7,E01019129,0,-1
2021010303575,2021,010303575,2,9,0,18,19,3,7,0,0,8,0,0,0,0,1,1,6,6,1,30,6,1995,2,11,BMW 1 SERIES,5,E01002625,0,-1
2021471118022,2021,471118022,3,9,0,2,2,0,0,0,0,2,0,0,0,0,2,1,6,6,3,-1,-1,1995,2,7,BMW 1 SERIES,-1,-1,0,-1
2021061064806,2021,061064806,3,9,0,18,19,6,2,0,0,0,0,0,0,0,1,1,6,6,2,61,9,1499,1,0,BMW 1 SERIES,8,E01005011,0,-1
2021041038203,2021,041038203,2,9,0,18,19,3,7,0,0,1,0,0,7,0,1,1,2,2,1,34,6,1995,1,12,BMW 1 SERIES,8,E01024976,0,-1
2021201078767,2021,201078767,2,9,0,2,2,-1,-1,0,0,0,0,0,0,0,1,1,6,6,2,22,5,1496,2,4,BMW 1 SERIES,2,E01009340,0,-1
2021622200037,2021,622200037,2,9,0,4,4,2,5,0,0,3,0,0,0,0,3,1,1,1,1,54,8,1995,2,11,BMW 1 SERIES,8,W01001379,0,-1
2021010307934,2021,010307934,1,9,0,18,19,1,5,0,0,1,0,0,0,0,1,1,6,6,2,34,6,2000,1,12,BMW 1 SERIES,2,E01002072,0,-1
2021010346828,2021,010346828,1,9,9,99,99,9,9,99,99,9,9,99,9,99,9,9,6,6,1,56,9,1596,1,14,BMW 1 SERIES,8,E01001400,0,-1
2021451079677,2021,451079677,2,9,0,2,2,0,0,9,9,0,1,4,0,0,2,1,6,6,2,37,7,1995,2,7,BMW 1 SERIES,7,E01030865,0,-1
2021141054127,2021,141054127,2,9,0,18,19,3,6,0,0,0,0,0,0,0,1,1,1,1,2,30,6,1995,2,13,BMW 1 SERIES,2,E01007855,0,-1
2021010347855,2021,010347855,1,9,0,99,99,9,9,99,99,0,9,99,9,99,1,9,6,6,1,21,5,1499,1,5,BMW 1 SERIES,2,E01001051,0,-1
2021440125460,2021,440125460,2,9,0,18,19,2,6,0,0,0,0,0,0,0,1,1,6,6,1,30,6,1995,2,11,BMW 1 SERIES,7,E01017094,0,-1
2021411015761,2021,411015761,1,9,0,18,19,3,7,0,0,0,1,0,1,0,4,1,6,6,2,26,6,1995,2,7,BMW 1 SERIES,9,E01015697,0,-1
2021440304311,2021,440304311,3,9,0,2,2,0,0,0,0,0,0,0,0,0,1,1,6,6,3,-1,-1,1599,1,13,BMW 1 SERIES,-1,-1,0,-1
2021031034690,2021,031034690,1,9,0,3,3,3,1,0,0,1,0,0,0,0,1,1,6,6,2,28,6,1598,1,7,BMW 1 SERIES,3,E01019184,0,-1
2021221093416,2021,221093416,1,9,0,18,19,1,5,0,0,2,0,0,0,0,1,1,1,1,1,42,7,1995,2,4,BMW 1 SERIES,1,E01009943,0,-1
2021430137485,2021,430137485,1,9,0,18,19,3,7,0,0,0,0,0,0,0,4,1,6,6,1,59,9,1995,2,14,BMW 1 SERIES,7,E01017803,0,-1
2021622100343,2021,622100343,2,9,0,18,19,2,6,0,0,8,0,10,0,0,3,1,6,6,1,27,6,1995,2,8,BMW 1 SERIES,2,W01000790,0,-1
2021131098679,2021,131098679,2,9,0,18,19,2,6,0,0,8,0,0,0,0,4,1,6,6,1,24,5,1598,2,8,BMW 1 SERIES,3,E01011212,0,-1
2021201130082,2021,201130082,1,9,0,5,5,8,4,0,0,8,0,0,0,0,1,1,6,6,2,26,6,1598,1,9,BMW 1 SERIES,8,E01010192,0,-1
2021221080433,2021,221080433,1,9,0,7,7,1,3,0,0,6,0,0,0,0,3,1,5,6,2,19,4,1598,1,8,BMW 1 SERIES,7,E01028892,0,-1
2021991017741,2021,991017741,1,9,0,9,9,7,4,0,0,6,0,0,7,0,3,1,5,6,1,25,5,1499,1,4,BMW 1 SERIES,9,E01029419,0,-1
2021451027532,2021,451027532,2,9,0,18,19,4,8,0,0,8,0,0,1,4,3,2,5,6,2,34,6,1598,2,7,BMW 1 SERIES,5,E01030982,0,-1
2021471066220,2021,471066220,1,9,0,16,19,2,5,0,0,1,2,0,7,2,1,1,5,6,1,19,4,1598,1,7,BMW 1 SERIES,6,E01020949,0,-1
2021552101021,2021,552101021,1,9,0,18,19,2,6,0,0,0,0,0,0,0,1,1,6,6,1,29,6,1596,1,16,BMW 1 SERIES,2,E01029239,0,-1
2021430194237,2021,430194237,1,9,0,9,9,5,3,0,0,6,0,0,0,0,1,1,2,2,1,22,5,1598,1,9,BMW 1 SERIES,3,E01016486,0,-1
2021010338984,2021,010338984,1,9,0,18,19,3,7,0,0,4,0,9,1,0,1,1,6,6,1,25,5,1995,2,16,BMW 1 SERIES,-1,-1,0,-1
2021010345433,2021,010345433,2,9,0,99,99,9,9,99,99,9,9,99,9,99,1,9,6,6,3,-1,-1,1995,1,10,BMW 1 SERIES,6,E01004481,0,-1
2021061147000,2021,061147000,2,9,0,18,19,1,1,0,0,1,0,0,0,0,2,1,6,6,2,38,7,1499,1,4,BMW 1 SERIES,8,E01005011,0,-1
2021991107502,2021,991107502,1,9,0,18,19,7,2,0,0,1,0,0,7,0,1,1,5,6,2,57,9,1995,2,7,BMW 1 SERIES,9,-1,0,-1
2021141077954,2021,141077954,2,9,0,4,4,5,1,0,0,0,0,0,0,0,1,1,2,2,2,55,8,1496,2,6,BMW 1 SERIES,4,E01007704,0,-1
2021622100156,2021,622100156,2,9,0,4,4,6,2,0,0,0,0,0,0,0,2,1,2,2,2,40,7,1995,2,8,BMW 1 SERIES,4,W01000932,0,-1
2021141092368,2021,141092368,2,9,0,9,9,7,5,0,0,6,0,0,0,0,3,1,5,6,1,28,6,1499,1,1,BMW 1 SERIES,3,E01007363,0,-1
2021061196120,2021,061196120,1,9,0,18,19,5,1,0,0,0,0,0,0,0,1,1,6,6,2,22,5,1995,2,14,BMW 1 SERIES,1,E01006305,0,-1
2021061037287,2021,061037287,1,9,0,10,10,2,6,0,0,1,0,0,0,0,1,1,6,6,1,43,7,1995,2,6,BMW 1 SERIES,4,E01005757,0,-1
2021010308771,2021,010308771,1,9,0,17,19,5,1,0,0,6,0,10,0,0,1,1,6,6,2,37,7,1499,1,2,BMW 1 SERIES,2,E01003509,0,-1
2021371121373,2021,371121373,2,9,0,2,2,0,0,0,0,0,0,0,0,0,3,1,6,6,3,-1,-1,1995,2,14,BMW 1 SERIES,-1,-1,0,-1
2021010305898,2021,010305898,1,9,0,1,1,7,3,0,0,8,0,4,0,0,4,1,6,6,1,24,5,1499,1,1,BMW 1 SERIES,10,E01002208,0,-1
2021161035683,2021,161035683,1,9,0,18,19,4,8,0,0,1,0,0,0,0,1,1,6,6,1,25,5,1596,1,15,BMW 1 SERIES,1,E01013144,0,-1
2021201132751,2021,201132751,2,9,0,18,19,4,8,0,0,8,0,0,0,0,1,1,6,6,1,23,5,1496,2,6,BMW 1 SERIES,4,E01009236,0,-1
2021471104468,2021,471104468,1,9,0,18,19,6,2,0,0,2,0,4,0,0,1,1,5,6,1,23,5,1600,1,9,BMW 1 SERIES,5,E01003642,0,-1
2021010319554,2021,010319554,2,9,0,10,10,2,7,0,0,8,0,0,0,0,3,1,6,6,1,41,7,2000,2,12,BMW 1 SERIES,4,E01015871,0,-1
2021302101948,2021,302101948,1,9,0,18,19,4,8,0,0,0,0,0,0,0,1,1,6,6,1,26,6,1995,2,4,BMW 1 SERIES,2,E01013502,0,-1
2021302100781,2021,302100781,2,9,0,3,3,8,2,0,0,4,0,0,0,0,2,1,2,2,1,30,6,1995,2,7,BMW 1 SERIES,7,E01019537,0,-1
2021471096596,2021,471096596,1,9,0,5,5,7,1,0,0,0,0,0,0,0,1,1,5,6,1,24,5,1995,2,12,BMW 1 SERIES,1,E01016964,0,-1
202131D171121,2021,31D171121,2,9,0,17,19,2,6,0,0,0,0,0,7,10,1,1,6,6,2,34,6,1496,2,4,BMW 1 SERIES,3,E01025950,0,-1
2021010330857,2021,010330857,2,9,9,99,99,9,9,99,99,9,9,99,9,99,9,9,6,6,3,-1,-1,1496,2,6,BMW 1 SERIES,2,E01000083,0,-1
2021991024357,2021,991024357,1,9,0,9,9,5,3,0,0,1,0,0,0,0,1,1,6,6,2,32,6,1598,1,7,BMW 1 SERIES,7,-1,0,-1
2021461050958,2021,461050958,1,9,0,18,19,3,7,0,0,0,1,0,1,0,3,1,6,6,1,58,9,1499,1,2,BMW 1 SERIES,1,E01024667,0,-1
2021471066275,2021,471066275,1,9,0,5,5,2,8,0,0,4,0,0,0,0,3,1,5,6,1,80,11,1499,1,4,BMW 1 SERIES,5,E01031415,0,-1
2021010308693,2021,010308693,2,9,0,99,99,9,9,99,99,9,9,99,9,99,9,9,6,6,3,30,6,1598,1,9,BMW 1 SERIES,-1,-1,0,-1
2021041091805,2021,041091805,1,9,0,18,19,3,7,0,0,0,0,0,0,0,1,1,6,6,3,-1,-1,1496,2,3,BMW 1 SERIES,-1,-1,0,-1
2021010328669,2021,010328669,2,9,0,99,99,9,9,99,99,9,9,99,9,99,1,9,6,6,3,-1,-1,1496,2,4,BMW 1 SERIES,9,E01033614,0,-1
2021991095704,2021,991095704,2,9,0,2,2,0,0,0,0,0,0,0,0,0,2,1,6,6,3,-1,-1,1995,2,9,BMW 1 SERIES,-1,-1,0,-1
2021010348785,2021,010348785,1,9,0,99,99,9,9,99,99,9,9,99,9,99,2,9,6,6,2,34,6,1499,1,4,BMW 1 SERIES,5,E01003756,0,-1
2021010305698,2021,010305698,2,9,0,18,19,1,5,0,0,0,0,0,0,0,1,1,6,6,1,24,5,1499,1,2,BMW 1 SERIES,9,E01016230,0,-1
2021010346576,2021,010346576,3,9,0,99,99,9,9,99,99,9,9,99,9,99,1,9,6,6,2,-1,-1,1995,2,6,BMW 1 SERIES,5,E01002520,0,-1
2021522103890,2021,522103890,1,9,0,18,19,1,3,0,0,8,0,0,0,0,1,1,6,6,1,20,4,1598,2,7,BMW 1 SERIES,1,E01014655,0,-1
202154B060721,2021,54B060721,1,9,0,7,7,5,7,0,0,3,0,0,0,0,1,1,6,6,2,27,6,1995,2,7,BMW 1 SERIES,10,E01031969,0,-1
2021041026939,2021,041026939,1,9,0,18,19,3,1,0,0,8,0,0,0,0,3,1,1,1,2,24,5,1995,2,7,BMW 1 SERIES,8,E01012611,0,-1
2021041059428,2021,041059428,1,9,0,18,19,7,3,0,0,0,0,0,0,0,1,1,5,6,1,34,6,1995,2,7,BMW 1 SERIES,2,E01025390,0,-1
2021010318443,2021,010318443,2,9,0,6,6,0,5,0,0,0,0,0,0,0,3,1,6,6,1,23,5,1596,1,14,BMW 1 SERIES,2,E01001367,0,-1
2021501049889,2021,501049889,1,9,0,18,19,3,1,0,0,0,1,4,1,0,1,1,6,6,1,35,6,1995,2,12,BMW 1 SERIES,1,E01015088,0,-1
2021010304898,2021,010304898,2,9,0,2,2,0,0,0,0,2,0,0,0,0,3,1,6,6,3,-1,-1,1598,2,7,BMW 1 SERIES,-1,-1,0,-1
2021201141537,2021,201141537,1,9,0,16,19,1,4,0,0,0,0,0,0,0,1,1,2,2,1,42,7,1995,2,11,BMW 1 SERIES,2,E01009627,0,-1
2021010308604,2021,010308604,2,9,0,99,99,9,9,99,99,9,9,99,9,99,1,9,6,6,3,-1,-1,1596,1,14,BMW 1 SERIES,-1,-1,0,-1
2021440440292,2021,440440292,2,9,0,18,19,3,7,0,0,0,0,0,0,0,1,1,6,6,3,-1,-1,1597,1,14,BMW 1 SERIES,-1,-1,0,-1
2021351040824,2021,351040824,1,9,0,1,1,1,5,0,0,0,0,0,0,0,2,1,6,6,1,23,5,1995,2,5,BMW 1 SERIES,2,E01015633,0,-1
2021552100533,2021,552100533,2,9,0,18,19,5,1,0,0,8,1,0,0,0,1,1,2,2,1,25,5,1597,1,13,BMW 1 SERIES,2,E01015280,0,-1
2021201029291,2021,201029291,2,9,0,18,19,4,8,0,0,8,0,0,0,0,1,1,6,6,1,-1,-1,1995,2,14,BMW 1 SERIES,-1,-1,0,-1
2021471081623,2021,471081623,2,9,0,3,3,3,7,0,0,0,0,0,0,0,2,1,5,6,2,42,7,1995,2,6,BMW 1 SERIES,5,E01020947,0,-1
2021371070511,2021,371070511,1,9,0,4,4,5,1,0,0,0,0,0,0,0,0,1,6,6,1,22,5,1995,1,13,BMW 1 SERIES,1,E01029979,0,-1
2021010352035,2021,010352035,2,9,0,99,99,9,9,99,99,9,9,99,9,99,3,9,6,6,3,33,6,1995,2,9,BMW 1 SERIES,5,E01002590,0,-1
2021061109577,2021,061109577,1,9,0,9,9,5,2,0,0,8,0,0,0,0,1,1,6,6,1,19,4,1995,2,15,BMW 1 SERIES,4,E01005710,0,-1
2021061091814,2021,061091814,1,9,0,17,19,6,2,0,0,8,0,0,1,4,1,1,6,6,1,27,6,1995,2,15,BMW 1 SERIES,4,E01005673,0,-1
2021430489968,2021,430489968,1,9,0,18,19,3,7,0,0,0,0,0,0,0,1,1,6,6,1,40,7,1995,2,11,BMW 1 SERIES,-1,-1,0,-1
2021501015832,2021,501015832,1,9,0,9,9,7,5,0,0,6,0,0,0,0,1,1,6,6,3,-1,-1,1499,1,1,BMW 1 SERIES,-1,-1,0,-1
2021070666575,2021,070666575,1,9,0,18,19,3,6,0,0,0,0,0,0,0,3,1,6,6,2,22,5,1995,2,7,BMW 1 SERIES,6,E01018394,0,-1
2021010347628,2021,010347628,1,9,0,9,9,1,7,0,0,8,0,0,0,0,3,1,6,6,1,25,5,1496,2,5,BMW 1 SERIES,4,E01003333,0,-1
2021201127173,2021,201127173,1,9,0,7,7,2,4,0,0,6,0,0,0,0,4,1,6,6,1,22,5,1496,2,4,BMW 1 SERIES,1,E01009364,0,-1
2021052102828,2021,052102828,2,9,0,18,19,5,1,0,0,0,0,11,0,0,1,1,1,1,1,-1,-1,1499,1,4,BMW 1 SERIES,1,E01006694,0,-1
2021221073523,2021,221073523,1,9,0,18,19,3,7,0,0,0,0,0,1,3,1,1,5,6,2,48,8,1995,2,9,BMW 1 SERIES,6,E01032462,0,-1
2021440417927,2021,440417927,1,9,0,18,19,7,3,0,0,1,0,0,0,0,4,1,3,7,2,30,6,1598,1,5,BMW 1 SERIES,3,E01032738,0,-1
2021161014596,2021,161014596,1,9,0,9,9,5,3,0,0,6,0,0,0,0,3,1,6,6,1,22,5,1995,2,7,BMW 1 SERIES,1,E01013296,0,-1
2021471058159,2021,471058159,1,9,0,16,19,5,8,0,0,0,0,0,7,4,1,1,6,6,1,22,5,1995,2,10,BMW 1 SERIES,5,E01031515,0,-1
2021010329793,2021,010329793,1,9,0,18,19,1,5,0,0,8,0,1,0,0,1,1,6,6,1,23,5,1499,1,3,BMW 1 SERIES,1,E01003188,0,-1
2021010323624,2021,010323624,1,9,0,18,19,5,1,0,0,3,1,0,1,11,1,1,6,6,1,28,6,1995,2,12,BMW 1 SERIES,2,E01032744,0,-1
2021010288669,2021,010288669,2,9,0,5,5,5,1,0,0,1,0,7,0,0,1,1,2,2,2,32,6,1995,2,12,BMW 1 SERIES,4,E01015923,0,-1
2021010301239,2021,010301239,2,9,0,18,19,7,3,0,0,1,0,4,0,0,1,1,6,6,1,29,6,1499,1,4,BMW 1 SERIES,9,E01001300,0,-1
2021430186566,2021,430186566,1,9,0,18,19,5,1,0,0,0,0,0,0,0,1,1,6,6,2,20,4,1496,2,4,BMW 1 SERIES,-1,-1,0,-1
2021471115667,2021,471115667,1,9,0,18,19,2,6,0,0,1,0,0,0,0,3,1,3,7,2,30,6,1598,2,9,BMW 1 SERIES,4,E01031547,0,-1
2021440303052,2021,440303052,1,9,0,18,19,6,2,0,0,8,0,0,0,0,2,1,6,6,2,30,6,1995,2,13,BMW 1 SERIES,-1,-1,0,-1
2021430510745,2021,430510745,1,9,0,18,19,6,2,0,0,6,0,0,0,0,1,1,6,6,1,19,4,1995,2,15,BMW 1 SERIES,8,E01016795,0,-1
2021547009921,2021,547009921,1,9,0,18,19,2,6,0,0,1,0,0,0,0,4,1,6,6,2,46,8,1995,2,8,BMW 1 SERIES,7,E01032015,0,-1