collision_index,collision_year,collision_ref_no,vehicle_reference,vehicle_type,towing_and_articulation,vehicle_manoeuvre_historic,vehicle_manoeuvre,vehicle_direction_from,vehicle_direction_to,vehicle_location_restricted_lane_historic,vehicle_location_restricted_lane,junction_location,skidding_and_overturning,hit_object_in_carriageway,vehicle_leaving_carriageway,hit_object_off_carriageway,first_point_of_impact,vehicle_left_hand_drive,journey_purpose_of_driver_historic,journey_purpose_of_driver,sex_of_driver,age_of_driver,age_band_of_driver,engine_capacity_cc,propulsion_code,age_of_vehicle,generic_make_model,driver_imd_decile,lsoa_of_driver,escooter_flag,driver_distance_banding
2021440383938,2021,440383938,2,9,0,9,9,3,5,0,0,6,0,0,0,0,1,1,2,2,1,33,6,1995,2,15,BMW 1 SERIES,-1,-1,0,-1
2021531103106,2021,531103106,1,9,0,18,19,-1,-1,0,0,8,0,0,0,0,4,1,5,6,2,29,6,1995,2,10,BMW 1 SERIES,6,E01022383,0,-1
2021411103773,2021,411103773,2,9,0,4,4,5,1,0,0,0,0,0,0,0,2,1,5,6,1,56,9,1995,2,13,BMW 1 SERIES,8,E01002495,0,-1
2021010306287,2021,010306287,2,9,0,99,99,9,9,99,99,9,9,99,9,99,1,9,6,6,3,-1,-1,1995,2,8,BMW 1 SERIES,4,E01032773,0,-1
2021031100783,2021,031100783,1,9,0,18,19,1,5,0,0,0,0,0,0,0,1,1,5,6,2,21,5,1995,2,7,BMW 1 SERIES,7,E01019219,0,-1
2021201114630,2021,201114630,1,9,0,5,5,8,4,0,0,0,0,0,0,0,1,1,6,6,1,29,6,1995,2,14,BMW 1 SERIES,4,E01033622,0,-1
2021010295468,2021,010295468,1,9,0,3,3,1,5,0,0,8,0,0,0,0,2,1,2,2,1,32,6,1995,2,11,BMW 1 SERIES,3,E01000944,0,-1
2021010313105,2021,010313105,1,9,0,18,19,1,5,0,0,1,0,0,0,0,3,1,6,6,1,44,7,1995,2,17,BMW 1 SERIES,2,E01001777,0,-1
2021461117498,2021,461117498,1,9,0,18,19,8,4,0,0,0,1,0,1,0,0,1,5,6,2,21,5,1499,1,2,BMW 1 SERIES,6,E01024130,0,-1
2021010352300,2021,010352300,2,9,0,18,19,7,3,0,0,4,0,0,1,10,1,1,6,6,2,18,4,1995,2,5,BMW 1 SERIES,6,E01001419,0,-1
2021122101260,2021,122101260,1,9,0,4,4,1,5,0,0,0,0,0,0,0,1,1,6,6,1,21,5,1598,1,8,BMW 1 SERIES,8,E01027750,0,-1
2021010304630,2021,010304630,2,9,0,99,99,9,9,99,99,9,9,99,9,99,1,9,6,6,1,35,6,1995,1,11,BMW 1 SERIES,2,E01002002,0,-1
2021411139837,2021,411139837,1,9,0,11,11,1,5,7,6,0,0,0,0,0,1,1,1,1,1,31,6,1995,2,1,BMW 1 SERIES,4,E01016163,0,-1
2021010304800,2021,010304800,2,9,0,99,99,9,9,99,99,9,9,99,9,99,1,9,6,6,3,-1,-1,1995,1,14,BMW 1 SERIES,3,E01002777,0,-1
2021010301391,2021,010301391,2,9,0,18,19,3,7,0,0,6,0,0,0,0,1,9,6,6,3,25,5,1499,1,5,BMW 1 SERIES,4,E01004128,0,-1
2021430514256,2021,430514256,1,9,0,18,19,4,8,0,0,6,0,0,1,0,1,1,6,6,1,23,5,1499,1,2,BMW 1 SERIES,3,E01002402,0,-1
2021421085679,2021,421085679,1,9,0,9,9,3,7,0,0,6,0,0,0,0,1,1,5,6,1,21,5,1596,1,14,BMW 1 SERIES,9,E01021240,0,-1
2021131089001,2021,131089001,1,9,0,18,19,7,3,0,0,0,0,0,0,0,1,1,5,6,1,22,5,1499,1,0,BMW 1 SERIES,8,E01010758,0,-1
2021421067668,2021,421067668,3,9,0,2,2,0,0,6,6,0,0,0,0,0,1,1,5,6,1,27,6,1995,2,9,BMW 1 SERIES,4,E01021707,0,-1
2021522105100,2021,522105100,2,9,0,9,9,3,1,0,0,8,0,0,0,0,4,1,6,6,1,30,6,1995,2,4,BMW 1 SERIES,-1,-1,0,-1
2021010329150,2021,010329150,2,9,0,99,99,9,9,99,99,9,9,99,9,99,9,9,6,6,3,-1,-1,1598,1,8,BMW 1 SERIES,6,E01031636,0,-1
2021451090760,2021,451090760,2,9,0,18,19,2,8,0,0,4,0,0,0,0,1,1,2,2,1,55,8,1995,2,10,BMW 1 SERIES,4,E01002672,0,-1
202131D122321,2021,31D122321,2,9,0,4,4,2,6,0,0,1,0,0,0,0,2,1,6,6,2,27,6,1995,2,17,BMW 1 SERIES,2,E01013919,0,-1
2021401110617,2021,401110617,2,9,0,3,3,3,7,0,0,1,0,0,0,0,2,1,6,6,2,21,5,1995,2,9,BMW 1 SERIES,1,E01015729,0,-1
2021451050477,2021,451050477,1,9,0,12,12,5,1,0,0,1,0,0,0,0,3,1,5,6,1,78,11,1997,1,7,BMW 1 SERIES,10,E01030345,0,-1
2021010319349,2021,010319349,2,9,0,18,19,5,1,0,0,8,0,0,0,0,1,1,6,6,2,67,10,1998,1,2,BMW 1 SERIES,7,E01022449,0,-1
2021531048938,2021,531048938,1,9,0,18,19,1,5,0,0,1,1,0,7,11,1,1,2,2,1,20,4,1598,2,8,BMW 1 SERIES,8,E01031959,0,-1
2021221106701,2021,221106701,1,9,0,9,9,3,1,0,0,6,0,0,0,0,1,1,5,6,1,28,6,1995,2,8,BMW 1 SERIES,7,W01000486,0,-1
2021041027213,2021,041027213,1,9,0,4,4,1,5,0,0,0,0,0,0,0,1,1,6,6,2,43,7,1995,2,14,BMW 1 SERIES,-1,-1,0,-1
2021010296148,2021,010296148,2,9,9,99,99,9,9,99,99,9,9,99,9,99,9,9,6,6,1,38,7,1995,2,9,BMW 1 SERIES,7,E01016162,0,-1
2021131117910,2021,131117910,2,9,0,18,19,1,1,0,0,8,0,0,0,0,3,1,6,6,2,51,8,1499,1,1,BMW 1 SERIES,1,E01011803,0,-1
2021421117425,2021,421117425,1,9,0,18,19,3,7,0,0,4,5,9,7,0,1,1,6,6,1,30,6,1995,2,10,BMW 1 SERIES,7,E01002372,0,-1
2021131045173,2021,131045173,1,9,0,5,5,6,6,0,0,2,0,0,0,0,2,1,5,6,1,28,6,1995,2,9,BMW 1 SERIES,3,E01011940,0,-1
2021501125681,2021,501125681,2,9,0,4,4,7,3,0,0,0,0,0,0,0,2,1,5,6,2,26,6,1995,2,7,BMW 1 SERIES,7,E01019892,0,-1
2021010356777,2021,010356777,2,9,0,3,3,5,1,0,0,0,0,0,0,0,1,1,6,6,1,23,5,1496,2,6,BMW 1 SERIES,3,E01002532,0,-1
2021070252752,2021,070252752,1,9,0,18,19,5,1,0,0,1,0,0,0,0,1,1,6,6,1,-1,-1,1995,2,8,BMW 1 SERIES,9,E01018571,0,-1
2021221076047,2021,221076047,1,9,0,18,19,4,8,0,0,1,0,0,0,0,1,1,6,6,1,25,5,1995,2,7,BMW 1 SERIES,5,E01014008,0,-1
2021052101115,2021,052101115,1,9,0,4,4,3,7,0,0,3,0,0,0,0,1,1,2,2,2,58,9,1496,2,2,BMW 1 SERIES,9,E01006989,0,-1
2021231031925,2021,231031925,1,9,0,5,5,3,7,0,0,0,0,0,0,0,1,1,5,6,1,35,6,1995,2,12,BMW 1 SERIES,-1,-1,0,-1
2021010343095,2021,010343095,2,9,0,99,99,9,9,99,99,9,9,99,9,99,1,9,6,6,3,-1,-1,1597,1,14,BMW 1 SERIES,-1,-1,0,-1
2021170S42131,2021,170S42131,1,9,0,10,10,2,7,0,0,1,0,0,0,0,2,1,6,6,1,35,6,1995,2,11,BMW 1 SERIES,9,E01012203,0,-1
2021351058521,2021,351058521,1,9,0,18,19,1,5,0,0,0,0,0,0,0,1,1,5,6,2,50,8,1995,2,8,BMW 1 SERIES,4,E01033430,0,-1
2021302101829,2021,302101829,2,9,0,18,19,6,2,0,0,0,0,0,0,0,3,1,2,2,2,27,6,2000,2,9,BMW 1 SERIES,2,E01029359,0,-1
2021991037649,2021,991037649,1,9,0,1,1,7,1,9,9,6,0,0,0,0,2,1,6,6,2,38,7,1499,1,1,BMW 1 SERIES,1,-1,0,-1
2021201101367,2021,201101367,1,9,0,3,3,2,6,0,0,0,0,0,0,0,1,1,6,6,3,-1,-1,1995,2,14,BMW 1 SERIES,-1,-1,0,-1
2021401127233,2021,401127233,1,9,0,16,19,7,3,0,0,0,1,0,5,6,1,1,5,6,1,24,5,1596,1,14,BMW 1 SERIES,7,E01023398,0,-1
2021302101095,2021,302101095,1,9,0,18,19,4,8,0,0,1,0,0,0,0,1,1,6,6,1,25,5,1496,2,5,BMW 1 SERIES,6,E01013589,0,-1
2021010293095,2021,010293095,2,9,0,10,10,3,1,0,0,6,0,0,0,0,1,1,6,6,2,33,6,1599,1,13,BMW 1 SERIES,1,E01003087,0,-1
2021101092384,2021,101092384,1,9,0,18,19,4,7,0,0,1,0,0,0,0,1,1,6,6,1,58,9,1995,2,11,BMW 1 SERIES,5,E01008844,0,-1
2021451064713,2021,451064713,3,9,0,4,4,7,3,0,0,0,1,0,0,0,1,1,5,6,1,33,6,1995,2,12,BMW 1 SERIES,4,E01003216,0,-1
2021010347067,2021,010347067,2,9,0,99,99,9,9,99,99,9,9,99,9,99,9,9,6,6,1,18,4,1599,1,13,BMW 1 SERIES,3,E01003915,0,-1
2021991019905,2021,991019905,1,9,0,18,19,4,8,0,0,0,1,0,0,0,1,1,1,1,1,38,7,1598,1,8,BMW 1 SERIES,1,-1,0,-1
2021302100324,2021,302100324,2,9,0,3,3,8,4,0,0,1,0,0,0,0,2,1,6,6,1,32,6,1995,2,2,BMW 1 SERIES,7,E01019490,0,-1
202106N079611,2021,06N079611,1,9,0,18,19,5,1,0,0,0,0,0,0,0,4,1,6,6,1,30,6,1499,1,6,BMW 1 SERIES,-1,-1,0,-1
2021070655181,2021,070655181,2,9,0,18,19,5,1,0,0,0,0,0,0,0,0,1,2,2,1,19,4,1598,1,6,BMW 1 SERIES,10,E01018414,0,-1
2021221088734,2021,221088734,3,9,0,1,1,8,4,6,6,0,0,4,0,0,2,1,5,6,1,25,5,1995,2,13,BMW 1 SERIES,-1,-1,0,-1
2021471054956,2021,471054956,2,9,0,18,19,3,7,0,0,0,0,0,0,0,1,1,2,2,1,42,7,1995,2,13,BMW 1 SERIES,8,E01031757,0,-1
2021010320118,2021,010320118,1,9,0,99,99,9,9,99,99,9,9,99,9,99,2,9,6,6,1,32,6,1995,2,14,BMW 1 SERIES,4,E01003632,0,-1
2021010299755,2021,010299755,1,9,0,9,9,3,8,0,0,8,0,0,0,0,2,1,6,6,1,23,5,1598,1,8,BMW 1 SERIES,2,E01002530,0,-1
2021201066338,2021,201066338,1,9,0,18,19,8,4,0,0,1,0,0,0,0,1,1,1,1,2,30,6,1598,1,7,BMW 1 SERIES,2,E01033624,0,-1
2021991040967,2021,991040967,1,9,0,17,19,8,3,0,0,0,0,0,0,0,1,1,2,2,1,23,5,1598,1,7,BMW 1 SERIES,10,-1,0,-1
2021430094755,2021,430094755,2,9,0,18,19,3,7,0,0,0,0,0,1,0,1,1,2,2,2,41,7,1995,1,11,BMW 1 SERIES,10,E01017787,0,-1
2021131126138,2021,131126138,1,9,0,9,9,7,5,0,0,2,0,0,0,0,4,1,5,6,1,28,6,1995,2,16,BMW 1 SERIES,3,E01010752,0,-1
2021170S10801,2021,170S10801,2,9,0,2,2,0,0,0,0,2,0,0,0,0,2,1,6,6,2,25,5,1995,2,8,BMW 1 SERIES,1,E01012268,0,-1
2021010291081,2021,010291081,1,9,0,7,7,5,6,0,0,2,0,0,0,0,1,1,6,6,1,18,4,1598,1,8,BMW 1 SERIES,3,E01001764,0,-1
2021522105487,2021,522105487,2,9,0,2,2,0,0,0,0,0,0,0,0,0,2,1,6,6,3,50,8,1598,2,7,BMW 1 SERIES,-1,-1,0,-1
2021070793267,2021,070793267,1,9,0,11,11,2,7,0,0,5,1,0,7,4,1,1,6,6,2,27,6,1496,2,5,BMW 1 SERIES,-1,-1,0,-1
2021131088146,2021,131088146,1,9,0,9,9,1,3,0,0,0,0,0,0,0,1,1,5,6,1,18,4,1995,2,8,BMW 1 SERIES,8,E01011171,0,-1
2021461049902,2021,461049902,1,9,0,9,9,5,3,0,0,6,0,0,0,0,1,1,6,6,1,43,7,2000,2,12,BMW 1 SERIES,3,E01015935,0,-1
2021010299436,2021,010299436,1,9,0,5,5,7,3,0,0,1,0,0,0,0,1,1,6,6,1,20,4,1995,1,11,BMW 1 SERIES,3,E01033704,0,-1
2021440424144,2021,440424144,2,9,0,9,9,3,6,0,0,1,0,0,0,0,1,1,6,6,1,23,5,1995,2,15,BMW 1 SERIES,6,E01017138,0,-1
2021501117670,2021,501117670,2,9,0,18,19,4,8,0,0,0,0,0,0,0,1,1,5,6,1,29,6,1995,2,8,BMW 1 SERIES,4,E01015258,0,-1
2021430190591,2021,430190591,1,9,0,17,19,6,3,0,0,0,0,0,2,7,4,1,6,6,1,19,4,1496,2,1,BMW 1 SERIES,4,E01017667,0,-1
2021070261568,2021,070261568,2,9,0,4,4,6,2,0,0,1,0,0,0,0,2,1,1,1,1,52,8,1496,2,3,BMW 1 SERIES,2,E01007139,0,-1
2021010352996,2021,010352996,2,9,0,99,99,9,9,99,99,9,9,99,9,99,0,9,6,6,3,-1,-1,1995,1,12,BMW 1 SERIES,-1,-1,0,-1
2021201065051,2021,201065051,1,9,0,18,19,5,1,0,0,0,1,0,1,7,1,1,1,1,2,23,5,2000,1,12,BMW 1 SERIES,-1,-1,0,-1
2021231014420,2021,231014420,2,9,0,18,19,4,8,0,0,8,0,0,0,0,4,1,1,1,1,33,6,1995,2,15,BMW 1 SERIES,3,E01009597,0,-1
2021010317263,2021,010317263,2,9,0,99,99,9,9,99,99,9,9,99,9,99,2,9,6,6,3,29,6,1995,2,9,BMW 1 SERIES,3,E01002264,0,-1
2021221036557,2021,221036557,1,9,0,15,15,4,8,0,0,8,0,0,0,0,1,1,6,6,1,29,6,1995,2,15,BMW 1 SERIES,3,E01032236,0,-1
2021161055859,2021,161055859,1,9,0,18,19,4,8,0,0,1,0,0,0,0,1,1,6,6,1,24,5,1995,2,11,BMW 1 SERIES,9,E01013052,0,-1
2021401050838,2021,401050838,2,9,0,8,8,5,5,0,0,1,0,0,0,0,1,1,5,6,3,-1,-1,1995,2,11,BMW 1 SERIES,-1,-1,0,-1
2021421065910,2021,421065910,1,9,0,4,4,6,4,0,0,1,0,0,7,11,1,1,6,6,1,18,4,1995,2,8,BMW 1 SERIES,7,E01022088,0,-1
202154B207021,2021,54B207021,1,9,0,18,19,4,8,0,0,1,0,0,0,0,1,1,1,1,1,20,4,1995,2,7,BMW 1 SERIES,9,E01015485,0,-1
2021161088114,2021,161088114,2,9,0,9,9,7,5,0,0,8,0,0,0,0,3,1,2,2,2,24,5,1496,2,5,BMW 1 SERIES,-1,-1,0,-1
2021131075524,2021,131075524,1,9,0,14,14,7,3,0,0,8,0,0,0,0,4,1,6,6,1,23,5,1995,2,13,BMW 1 SERIES,8,E01011514,0,-1
2021141054615,2021,141054615,1,9,0,6,6,7,7,0,0,6,0,0,0,0,3,1,5,6,1,33,6,1995,2,9,BMW 1 SERIES,8,E01007686,0,-1
2021041113416,2021,041113416,2,9,0,4,4,3,7,0,0,0,0,0,0,0,2,1,2,2,1,57,9,1499,1,3,BMW 1 SERIES,9,E01025281,0,-1
2021351015316,2021,351015316,1,9,0,18,19,5,1,0,0,0,0,0,0,0,1,1,6,6,1,21,5,1499,1,5,BMW 1 SERIES,4,E01018095,0,-1
2021010338345,2021,010338345,4,9,0,2,2,0,0,0,0,2,0,0,0,0,2,1,6,6,3,-1,-1,1598,1,7,BMW 1 SERIES,-1,-1,0,-1
2021201031905,2021,201031905,1,9,0,18,19,2,6,0,0,1,0,0,0,0,1,1,6,6,1,26,6,1995,2,7,BMW 1 SERIES,1,E01009700,0,-1
2021010324196,2021,010324196,1,9,0,14,14,3,7,0,0,0,0,4,1,5,1,1,6,6,1,22,5,1496,2,1,BMW 1 SERIES,2,E01003735,0,-1
2021430427852,2021,430427852,1,9,0,7,7,1,3,0,0,6,0,0,0,0,1,1,6,6,2,26,6,1496,2,6,BMW 1 SERIES,6,E01016477,0,-1
2021010347910,2021,010347910,1,9,0,17,19,5,1,0,0,0,1,10,1,2,1,1,1,1,1,26,6,1995,2,6,BMW 1 SERIES,8,E01002109,0,-1
2021061109808,2021,061109808,2,9,0,18,19,7,3,0,0,8,0,0,0,0,1,1,5,6,2,42,7,1995,2,6,BMW 1 SERIES,9,E01004843,0,-1
2021010303067,2021,010303067,2,9,0,7,7,1,3,0,0,1,0,0,0,0,1,1,6,6,1,35,6,1499,1,3,BMW 1 SERIES,4,E01001896,0,-1
2021221040349,2021,221040349,1,9,0,17,19,1,6,0,0,0,0,0,4,6,1,1,5,6,1,21,5,1995,2,11,BMW 1 SERIES,9,E01032297,0,-1
2021201090425,2021,201090425,1,9,0,18,19,2,6,0,0,0,0,0,0,0,1,1,6,6,1,24,5,1995,2,9,BMW 1 SERIES,1,E01009368,0,-1
2021622100913,2021,622100913,1,9,0,18,19,8,4,0,0,0,0,0,0,0,1,1,1,1,1,46,8,1995,2,12,BMW 1 SERIES,2,W01001443,0,-1
2021501049568,2021,501049568,1,9,0,18,19,6,2,0,0,0,0,0,0,0,1,1,6,6,2,-1,-1,1995,2,9,BMW 1 SERIES,4,E01018968,0,-1
2021411042607,2021,411042607,2,9,0,18,19,6,2,0,0,1,0,0,0,0,1,1,6,6,1,23,5,1995,2,5,BMW 1 SERIES,7,E01023651,0,-1
2021544954621,2021,544954621,1,9,0,18,19,3,8,0,0,0,1,0,0,0,3,1,6,6,1,30,6,1995,2,13,BMW 1 SERIES,5,E01032113,0,-1
2021201086293,2021,201086293,1,9,0,9,9,1,3,0,0,5,0,0,0,0,1,1,6,6,2,-1,-1,1598,2,7,BMW 1 SERIES,1,E01033637,0,-1
2021401084844,2021,401084844,1,9,0,7,7,8,4,0,0,0,0,0,0,0,1,1,6,6,3,-1,-1,1995,2,13,BMW 1 SERIES,-1,-1,0,-1
2021440094141,2021,440094141,2,9,0,3,3,2,6,0,0,0,0,0,0,0,2,1,6,6,2,38,7,1499,1,4,BMW 1 SERIES,3,E01032743,0,-1
2021421113864,2021,421113864,2,9,0,4,4,2,6,0,0,0,0,0,0,0,2,1,6,6,1,24,5,1995,2,13,BMW 1 SERIES,10,E01021557,0,-1
2021010301018,2021,010301018,2,9,0,7,7,3,5,0,0,6,0,0,0,0,1,1,6,6,3,-1,-1,1995,2,12,BMW 1 SERIES,-1,-1,0,-1
2021411105687,2021,411105687,1,9,0,18,19,-1,-1,0,0,0,0,0,0,0,1,1,6,6,1,39,7,1995,2,10,BMW 1 SERIES,1,E01004839,0,-1
2021622100154,2021,622100154,1,9,0,11,11,6,2,0,0,0,0,0,0,0,4,1,6,6,1,21,5,1598,1,8,BMW 1 SERIES,3,W01001321,0,-1
2021201073416,2021,201073416,2,9,0,14,14,8,4,0,0,2,0,0,0,0,4,1,6,6,1,20,4,1995,2,5,BMW 1 SERIES,2,E01008964,0,-1
2021010335017,2021,010335017,2,9,0,99,99,9,9,99,99,9,9,99,9,99,0,9,6,6,3,33,6,1995,1,10,BMW 1 SERIES,7,E01002172,0,-1
2021421039741,2021,421039741,1,9,0,4,4,4,8,0,0,0,0,0,0,0,1,1,6,6,1,20,4,1995,2,8,BMW 1 SERIES,2,E01002314,0,-1
2021131112096,2021,131112096,1,9,0,12,12,5,5,0,0,0,1,0,0,0,3,1,5,6,2,20,4,1995,2,8,BMW 1 SERIES,10,E01011710,0,-1
2021010299987,2021,010299987,1,9,0,99,99,9,9,0,0,0,9,99,9,99,1,9,6,6,2,34,6,1995,1,11,BMW 1 SERIES,9,E01025973,0,-1
2021421122138,2021,421122138,2,9,0,16,19,3,7,0,0,0,1,0,7,0,0,1,6,6,1,26,6,1995,2,13,BMW 1 SERIES,8,E01021411,0,-1
2021501061938,2021,501061938,1,9,0,18,19,1,5,0,0,0,0,0,1,10,4,1,5,6,2,19,4,1995,2,7,BMW 1 SERIES,5,E01018947,0,-1
2021302100075,2021,302100075,1,9,0,9,9,8,6,0,0,1,0,0,0,0,3,1,6,6,2,23,5,1995,2,16,BMW 1 SERIES,1,E01013567,0,-1
2021010337507,2021,010337507,2,9,0,99,99,9,9,0,0,8,0,0,0,0,3,1,6,6,3,-1,-1,1995,2,9,BMW 1 SERIES,-1,-1,0,-1
2021501120812,2021,501120812,2,9,0,4,4,4,6,0,0,6,0,0,0,0,2,1,2,2,1,42,7,1995,2,16,BMW 1 SERIES,3,E01015150,0,-1
2021461042197,2021,461042197,1,9,0,18,19,6,2,0,0,4,0,0,0,0,1,1,6,6,2,51,8,1496,2,2,BMW 1 SERIES,10,E01024153,0,-1
2021451047411,2021,451047411,1,9,0,7,7,5,3,9,9,8,0,0,0,0,1,1,5,6,1,59,9,1596,1,14,BMW 1 SERIES,10,E01030791,0,-1
2021010342290,2021,010342290,1,9,0,5,5,5,1,0,0,1,0,0,0,0,1,1,6,6,1,24,5,1596,1,13,BMW 1 SERIES,3,E01001779,0,-1
2021010332584,2021,010332584,1,9,0,18,19,7,3,0,0,0,0,0,0,0,2,1,6,6,1,24,5,1995,1,11,BMW 1 SERIES,4,E01002398,0,-1
2021302101763,2021,302101763,1,9,0,9,9,8,4,0,0,8,0,0,0,0,4,1,6,6,1,47,8,1499,1,0,BMW 1 SERIES,9,E01013544,0,-1
2021061053352,2021,061053352,1,9,0,18,19,6,2,0,0,1,0,0,0,0,3,1,5,6,1,32,6,1995,2,8,BMW 1 SERIES,5,E01004975,0,-1
2021440275014,2021,440275014,2,9,0,6,6,6,6,0,0,8,0,0,0,0,1,1,3,7,2,26,6,1995,2,11,BMW 1 SERIES,7,E01022561,0,-1
2021041074660,2021,041074660,1,9,0,18,19,5,1,0,0,0,0,0,0,0,1,1,5,6,2,39,7,1496,2,4,BMW 1 SERIES,3,E01025069,0,-1
2021201078642,2021,201078642,2,9,0,18,19,4,8,0,0,8,0,0,0,0,1,1,6,6,1,40,7,1995,2,15,BMW 1 SERIES,2,E01009874,0,-1
2021371091481,2021,371091481,2,9,0,9,9,3,1,0,0,1,0,0,0,0,2,1,5,6,1,18,4,1995,2,4,BMW 1 SERIES,6,E01029902,0,-1
2021010306341,2021,010306341,1,9,0,9,9,5,2,2,2,5,0,0,0,0,1,1,6,6,1,25,5,1995,2,4,BMW 1 SERIES,3,E01001397,0,-1
2021411061318,2021,411061318,2,9,0,18,19,5,7,0,0,0,0,0,0,0,3,1,6,6,2,48,8,1496,2,5,BMW 1 SERIES,8,E01015745,0,-1
2021101110649,2021,101110649,1,9,0,18,19,4,8,0,0,1,0,0,1,3,1,1,5,6,1,32,6,1995,1,10,BMW 1 SERIES,7,E01008342,0,-1
2021201113675,2021,201113675,1,9,0,18,19,1,5,0,0,2,0,0,0,0,1,1,6,6,1,-1,-1,1995,2,7,BMW 1 SERIES,-1,-1,0,-1
2021010308823,2021,010308823,2,9,0,99,99,9,9,99,99,9,9,99,9,99,1,9,6,6,3,-1,-1,1600,1,10,BMW 1 SERIES,-1,-1,0,-1
2021201079695,2021,201079695,1,9,0,18,19,2,6,0,0,1,0,0,0,0,1,1,6,6,1,25,5,1995,2,13,BMW 1 SERIES,6,E01009749,0,-1
2021131112127,2021,131112127,1,9,0,18,19,4,8,9,9,0,1,0,7,4,4,1,5,6,1,20,4,1598,2,9,BMW 1 SERIES,1,E01011429,0,-1
2021552100602,2021,552100602,1,9,0,13,13,7,2,0,0,8,1,0,7,11,1,1,6,6,1,28,6,1995,2,11,BMW 1 SERIES,7,E01020345,0,-1
202134WNC4361,2021,34WNC4361,1,9,0,13,13,7,3,0,0,0,0,0,0,0,1,1,2,2,1,18,4,1995,2,8,BMW 1 SERIES,1,E01027249,0,-1
202131D125621,2021,31D125621,2,9,0,18,19,5,1,0,0,0,1,0,7,2,1,1,6,6,1,27,6,1496,2,1,BMW 1 SERIES,2,E01013957,0,-1
2021010348841,2021,010348841,1,9,0,18,19,1,5,0,0,0,0,0,0,0,4,1,3,7,1,43,7,1995,2,7,BMW 1 SERIES,7,E01004162,0,-1
2021371094567,2021,371094567,1,9,0,7,7,5,8,0,0,8,0,0,0,0,1,1,6,6,1,41,7,1499,1,1,BMW 1 SERIES,7,E01029965,0,-1
2021440470555,2021,440470555,1,9,0,3,3,5,1,0,0,1,0,0,0,0,2,1,6,6,1,49,8,1499,1,3,BMW 1 SERIES,6,E01016477,0,-1
2021531069285,2021,531069285,2,9,0,9,9,1,6,0,0,5,0,0,7,0,2,1,1,1,1,61,9,1496,2,1,BMW 1 SERIES,4,E01022310,0,-1
2021070564758,2021,070564758,1,9,0,5,5,1,5,0,0,0,0,0,0,0,1,1,6,6,2,23,5,1499,1,1,BMW 1 SERIES,9,E01012494,0,-1
2021010340423,2021,010340423,2,9,0,99,99,9,9,99,99,9,9,99,9,99,1,9,6,6,2,-1,-1,1995,1,10,BMW 1 SERIES,3,E01003916,0,-1
2021010344834,2021,010344834,2,8,0,10,10,7,6,0,0,0,0,0,0,0,0,1,1,1,1,41,7,1499,1,4,BMW 1 SERIES,10,E01002254,0,-1
2021010308741,2021,010308741,1,9,0,5,5,5,1,0,0,0,0,10,4,1,1,1,6,6,1,27,6,1995,1,17,BMW 1 SERIES,-1,-1,0,-1
2021010333448,2021,010333448,2,9,9,18,19,3,7,0,0,9,9,99,0,0,9,9,6,6,1,26,6,1596,1,15,BMW 1 SERIES,3,E01002043,0,-1
2021440054009,2021,440054009,1,9,0,18,19,2,6,0,0,0,0,0,0,0,3,1,6,6,1,27,6,1995,2,14,BMW 1 SERIES,4,E01017081,0,-1
2021041080055,2021,041080055,1,9,0,18,19,3,7,0,0,2,0,0,0,0,1,1,5,6,2,28,6,1995,2,10,BMW 1 SERIES,7,E01025079,0,-1
2021070395450,2021,070395450,2,9,0,4,4,5,1,0,0,1,0,0,0,0,2,1,6,6,2,28,6,1499,1,6,BMW 1 SERIES,1,E01018311,0,-1
2021010292919,2021,010292919,2,9,0,99,99,9,9,99,99,0,9,99,9,99,1,9,6,6,3,-1,-1,1496,2,6,BMW 1 SERIES,-1,-1,0,-1
2021010318671,2021,010318671,2,9,0,99,99,9,9,99,99,9,9,99,9,99,2,1,6,6,1,60,9,1598,1,9,BMW 1 SERIES,7,E01002121,0,-1
2021471056120,2021,471056120,2,9,0,18,19,2,6,0,0,1,0,0,7,11,4,1,5,6,1,26,6,1995,2,15,BMW 1 SERIES,6,E01021066,0,-1
2021010322734,2021,010322734,1,9,0,9,9,1,6,0,0,3,1,10,1,0,2,1,6,6,2,25,5,1597,1,14,BMW 1 SERIES,3,E01003635,0,-1
2021131050704,2021,131050704,3,9,0,18,19,3,7,0,0,8,0,0,0,0,2,1,5,6,1,26,6,1995,2,4,BMW 1 SERIES,1,E01010650,0,-1
2021461076181,2021,461076181,1,9,0,18,19,5,1,0,0,1,0,0,0,0,4,1,6,6,1,25,5,1995,1,11,BMW 1 SERIES,10,E01024629,0,-1
2021052100286,2021,052100286,2,9,0,18,19,1,5,0,0,0,0,4,0,0,4,1,6,6,2,31,6,1598,2,8,BMW 1 SERIES,1,E01006674,0,-1
2021161109525,2021,161109525,2,9,0,18,19,5,1,0,0,0,0,0,1,0,1,1,5,6,1,19,4,1995,2,13,BMW 1 SERIES,3,E01013310,0,-1
2021010334962,2021,010334962,1,9,0,14,14,1,5,0,0,2,0,4,0,0,1,2,6,6,2,71,10,1499,1,6,BMW 1 SERIES,9,E01000759,0,-1
2021411014030,2021,411014030,1,9,0,9,9,4,8,0,0,2,0,0,0,0,1,1,2,2,1,29,6,1995,2,12,BMW 1 SERIES,-1,-1,0,-1
2021421086099,2021,421086099,1,9,0,18,19,2,6,0,0,0,0,0,0,0,1,1,2,2,2,23,5,1496,2,3,BMW 1 SERIES,3,E01002276,0,-1