collision_index,collision_year,collision_ref_no,vehicle_reference,vehicle_type,towing_and_articulation,vehicle_manoeuvre_historic,vehicle_manoeuvre,vehicle_direction_from,vehicle_direction_to,vehicle_location_restricted_lane_historic,vehicle_location_restricted_lane,junction_location,skidding_and_overturning,hit_object_in_carriageway,vehicle_leaving_carriageway,hit_object_off_carriageway,first_point_of_impact,vehicle_left_hand_drive,journey_purpose_of_driver_historic,journey_purpose_of_driver,sex_of_driver,age_of_driver,age_band_of_driver,engine_capacity_cc,propulsion_code,age_of_vehicle,generic_make_model,driver_imd_decile,lsoa_of_driver,escooter_flag,driver_distance_banding
2021010311791,2021,010311791,1,9,0,18,19,5,1,0,0,2,2,10,1,9,4,1,6,6,1,26,6,1995,2,8,BMW 1 SERIES,9,E01021256,0,-1
2021430302294,2021,430302294,1,9,0,5,5,7,3,0,0,2,0,0,0,0,3,1,6,6,1,63,9,1995,2,5,BMW 1 SERIES,10,E01028820,0,-1
2021010316450,2021,010316450,1,9,0,11,11,3,7,0,0,6,0,0,0,0,2,1,6,6,1,28,6,1995,2,11,BMW 1 SERIES,3,E01028621,0,-1
2021451106488,2021,451106488,2,9,0,18,19,6,8,0,0,1,0,0,0,0,1,1,5,6,1,62,9,1499,1,0,BMW 1 SERIES,10,E01030558,0,-1
2021552100443,2021,552100443,1,9,0,16,19,7,3,0,0,0,0,10,1,0,1,1,2,2,1,33,6,1995,2,12,BMW 1 SERIES,2,E01015288,0,-1
2021201021936,2021,201021936,1,9,0,18,19,2,6,0,0,0,1,7,0,0,1,1,6,6,2,27,6,1995,2,9,BMW 1 SERIES,7,E01009613,0,-1
2021010324336,2021,010324336,1,9,0,3,3,5,1,0,0,0,0,0,0,0,2,1,6,6,1,34,6,1995,1,12,BMW 1 SERIES,7,E01023777,0,-1
202163A092621,2021,63A092621,1,9,0,18,19,1,5,0,0,1,0,0,0,0,0,1,6,6,2,30,6,1499,1,1,BMW 1 SERIES,3,W01000654,0,-1
2021451064357,2021,451064357,2,9,0,18,19,6,2,0,0,0,0,0,0,0,3,1,5,6,2,21,5,1499,1,3,BMW 1 SERIES,4,E01030634,0,-1
2021421117280,2021,421117280,1,9,0,5,5,3,7,0,0,8,0,0,0,0,3,1,5,6,2,31,6,2996,1,16,BMW 1 SERIES,4,E01015871,0,-1
2021461104271,2021,461104271,2,9,0,18,19,5,3,0,0,1,0,0,0,0,3,1,5,6,1,47,8,1496,2,0,BMW 1 SERIES,8,E01024133,0,-1
2021351126848,2021,351126848,2,9,0,18,19,8,4,0,0,2,0,0,0,0,1,1,5,6,1,19,4,1598,1,9,BMW 1 SERIES,10,E01018116,0,-1
2021991049852,2021,991049852,2,9,0,18,19,7,3,0,0,0,0,0,0,0,3,1,2,2,1,42,7,1995,2,9,BMW 1 SERIES,3,-1,0,-1
2021070768755,2021,070768755,3,9,0,4,4,7,3,0,0,0,0,0,0,6,1,1,6,6,1,31,6,1995,2,8,BMW 1 SERIES,3,E01003141,0,-1
2021542777921,2021,542777921,1,9,0,9,9,1,7,0,0,8,0,0,0,0,1,1,6,6,2,-1,-1,1499,1,6,BMW 1 SERIES,-1,-1,0,-1
2021440400832,2021,440400832,4,9,0,18,19,3,7,0,0,0,0,0,0,0,1,1,2,2,2,34,6,1499,1,2,BMW 1 SERIES,5,E01017045,0,-1
2021501121817,2021,501121817,1,9,0,17,19,8,5,0,0,0,5,0,2,10,4,1,1,1,1,26,6,1995,2,11,BMW 1 SERIES,4,E01018925,0,-1
2021141080940,2021,141080940,2,9,0,18,19,2,2,0,0,0,0,4,0,0,1,1,5,6,2,21,5,1995,2,12,BMW 1 SERIES,1,E01007662,0,-1
2021010305694,2021,010305694,2,9,0,6,6,5,5,0,0,0,0,0,0,0,1,1,6,6,1,19,4,1995,2,9,BMW 1 SERIES,4,E01001150,0,-1
2021010341978,2021,010341978,1,9,0,9,9,5,3,0,0,6,0,0,0,0,3,1,2,2,1,20,4,1499,1,0,BMW 1 SERIES,6,E01003707,0,-1
2021411027642,2021,411027642,1,9,0,18,19,2,6,0,0,8,0,0,0,0,1,1,6,6,1,27,6,1995,2,14,BMW 1 SERIES,10,E01023595,0,-1
2021041096118,2021,041096118,1,9,0,9,9,5,3,0,0,2,0,0,0,0,1,1,5,6,1,29,6,1496,2,5,BMW 1 SERIES,10,E01025466,0,-1
2021010335249,2021,010335249,1,9,0,18,19,7,3,0,0,1,0,0,0,0,1,1,1,1,1,24,5,1496,2,1,BMW 1 SERIES,2,E01000905,0,-1
2021201021085,2021,201021085,2,9,0,3,3,8,4,0,0,1,0,0,0,0,2,1,6,6,2,31,6,1598,1,9,BMW 1 SERIES,10,E01010172,0,-1
2021461016282,2021,461016282,1,9,0,18,19,5,1,0,0,4,1,0,7,0,1,1,5,6,2,30,6,1995,2,9,BMW 1 SERIES,5,E01024319,0,-1
2021131068255,2021,131068255,3,9,0,18,19,4,8,0,0,8,0,0,0,0,1,1,5,6,1,50,8,1998,1,4,BMW 1 SERIES,10,E01010771,0,-1
2021501058713,2021,501058713,1,9,0,18,19,7,3,0,0,0,0,0,0,0,1,1,5,6,2,20,4,1496,2,5,BMW 1 SERIES,6,E01019011,0,-1
202131C125021,2021,31C125021,1,9,0,18,19,8,4,0,0,8,1,0,0,0,1,1,6,6,1,30,6,1995,2,12,BMW 1 SERIES,5,E01013587,0,-1
2021461086106,2021,461086106,1,9,0,18,19,1,5,0,0,0,0,0,0,0,1,1,6,6,2,68,10,1995,2,14,BMW 1 SERIES,7,E01024801,0,-1
2021131041471,2021,131041471,1,9,0,13,13,2,6,0,0,8,0,0,0,0,-1,1,6,6,3,-1,-1,1596,1,15,BMW 1 SERIES,-1,-1,0,-1
2021010349582,2021,010349582,1,9,0,4,4,5,1,0,0,1,0,0,0,0,1,1,6,6,2,32,6,1598,1,8,BMW 1 SERIES,3,E01000622,0,-1
2021031085465,2021,031085465,2,9,0,9,9,2,7,0,0,0,0,0,0,0,1,1,5,6,2,50,8,1995,2,5,BMW 1 SERIES,4,E01026379,0,-1
2021461083090,2021,461083090,1,9,0,18,19,1,5,0,0,0,2,0,0,0,4,1,6,6,2,80,11,1995,2,10,BMW 1 SERIES,10,E01024817,0,-1
2021052100902,2021,052100902,1,9,0,18,19,7,3,0,0,8,0,9,0,0,1,1,6,6,1,28,6,1499,1,1,BMW 1 SERIES,1,E01006644,0,-1
2021991014027,2021,991014027,3,9,0,18,19,1,5,0,0,0,0,0,0,0,4,1,2,2,2,30,6,1499,1,2,BMW 1 SERIES,7,-1,0,-1
2021010314689,2021,010314689,1,9,0,3,3,7,3,0,0,6,0,0,0,0,4,1,6,6,2,32,6,1995,2,13,BMW 1 SERIES,-1,-1,0,-1
2021010300281,2021,010300281,1,9,0,99,99,9,9,99,99,0,9,99,9,99,1,9,6,6,1,24,5,1995,2,6,BMW 1 SERIES,3,E01004280,0,-1
2021070827046,2021,070827046,1,9,0,17,19,7,3,0,0,0,1,0,1,0,1,1,6,6,1,40,7,1998,1,1,BMW 1 SERIES,5,E01018308,0,-1
2021031119512,2021,031119512,1,9,0,12,12,7,3,0,0,0,0,0,0,0,2,1,6,6,1,20,4,1596,1,15,BMW 1 SERIES,5,E01019392,0,-1
2021010300916,2021,010300916,2,9,0,2,2,0,0,0,0,2,0,0,0,0,3,9,6,6,3,-1,-1,1995,2,8,BMW 1 SERIES,-1,-1,0,-1
2021461099222,2021,461099222,3,9,0,2,2,0,0,0,0,2,0,0,0,0,0,1,6,6,3,-1,-1,1995,2,12,BMW 1 SERIES,-1,-1,0,-1
202131C089821,2021,31C089821,1,9,0,9,9,6,4,0,0,2,0,0,0,0,3,1,6,6,2,31,6,1995,2,6,BMW 1 SERIES,3,E01013816,0,-1
2021010343902,2021,010343902,2,9,0,99,99,9,9,99,99,9,9,99,9,99,1,9,6,6,3,-1,-1,1496,2,5,BMW 1 SERIES,-1,-1,0,-1
2021231067666,2021,231067666,3,9,0,2,2,0,0,9,9,0,0,0,0,0,3,1,5,6,2,39,7,1995,2,3,BMW 1 SERIES,7,E01031091,0,-1
2021070489004,2021,070489004,2,9,0,18,19,7,3,0,0,1,0,0,0,0,3,1,6,6,2,45,7,1496,2,6,BMW 1 SERIES,7,W01000266,0,-1
2021170M10091,2021,170M10091,1,9,0,18,19,1,5,0,0,0,1,0,4,6,1,1,2,2,1,20,4,1995,2,11,BMW 1 SERIES,1,E01033468,0,-1
2021010307823,2021,010307823,2,9,9,99,99,9,9,99,99,9,9,99,9,99,9,9,6,6,2,26,6,1995,2,6,BMW 1 SERIES,5,E01004616,0,-1
2021421032536,2021,421032536,1,9,0,17,19,6,1,0,0,1,0,0,1,0,1,1,5,6,1,18,4,1499,1,6,BMW 1 SERIES,10,E01021455,0,-1
2021430270109,2021,430270109,1,9,0,18,19,7,3,0,0,8,0,0,3,0,4,1,6,6,2,23,5,1995,1,15,BMW 1 SERIES,10,W01001827,0,-1
2021061069737,2021,061069737,2,9,0,3,3,1,5,0,0,0,0,0,0,0,2,1,5,6,2,35,6,1496,2,5,BMW 1 SERIES,6,W01000014,0,-1
2021451085247,2021,451085247,1,9,0,18,19,1,5,0,0,0,0,0,0,0,1,1,3,7,2,20,4,1598,1,8,BMW 1 SERIES,5,E01030834,0,-1
2021461015470,2021,461015470,1,9,0,18,19,7,3,0,0,0,0,0,0,0,1,1,2,2,1,67,10,1995,1,12,BMW 1 SERIES,6,E01024171,0,-1
2021070871183,2021,070871183,2,9,0,5,5,5,7,0,0,1,0,0,0,0,2,1,6,6,1,33,6,1499,1,3,BMW 1 SERIES,3,E01029553,0,-1
2021131091244,2021,131091244,2,9,0,2,2,0,0,6,6,8,0,0,0,0,2,1,6,6,3,-1,-1,1995,2,9,BMW 1 SERIES,-1,-1,0,-1
2021010298142,2021,010298142,1,9,0,10,10,5,3,99,99,9,0,0,0,0,3,9,6,6,2,35,6,1995,2,10,BMW 1 SERIES,4,E01002899,0,-1
2021501049016,2021,501049016,2,9,0,17,19,5,1,0,0,0,0,0,0,0,3,1,2,2,1,59,9,1995,2,6,BMW 1 SERIES,5,E01018785,0,-1
2021522103172,2021,522103172,1,9,0,9,9,1,7,0,0,5,0,0,0,0,1,1,6,6,1,21,5,1995,2,5,BMW 1 SERIES,3,E01014646,0,-1
2021161117783,2021,161117783,1,9,0,7,7,4,8,0,0,1,0,0,0,0,3,1,6,6,2,27,6,1995,2,6,BMW 1 SERIES,4,E01012995,0,-1
2021411039742,2021,411039742,1,9,0,11,11,7,2,0,0,0,0,0,1,7,4,1,5,6,1,18,4,1995,2,12,BMW 1 SERIES,6,E01016306,0,-1
2021991142407,2021,991142407,2,9,0,2,2,0,0,9,9,0,0,0,0,0,2,1,6,6,1,42,7,1995,2,5,BMW 1 SERIES,8,-1,0,-1
2021421033604,2021,421033604,2,9,0,3,3,1,5,0,0,1,0,0,0,0,1,1,6,6,2,39,7,1995,2,2,BMW 1 SERIES,7,E01021932,0,-1
2021461032998,2021,461032998,2,9,0,18,19,1,5,0,0,3,0,0,0,0,2,1,6,6,2,26,6,1496,2,5,BMW 1 SERIES,4,E01016129,0,-1
2021421119056,2021,421119056,2,9,0,18,19,6,2,0,0,1,0,0,0,0,0,1,6,6,2,30,6,1598,1,8,BMW 1 SERIES,7,E01021476,0,-1
2021201137048,2021,201137048,4,9,0,3,3,4,8,0,0,1,0,0,0,0,2,1,6,6,2,57,9,1596,1,17,BMW 1 SERIES,1,E01010053,0,-1
2021161049626,2021,161049626,2,9,0,18,19,7,3,0,0,1,0,0,0,0,1,1,6,6,1,25,5,1499,1,3,BMW 1 SERIES,-1,-1,0,-1
2021201132880,2021,201132880,2,9,0,14,14,6,2,0,0,8,0,10,1,11,1,1,1,1,2,34,6,1995,2,15,BMW 1 SERIES,1,E01010080,0,-1
2021101104750,2021,101104750,1,9,0,18,19,4,8,0,0,2,0,0,0,0,1,1,6,6,1,84,11,1995,2,3,BMW 1 SERIES,8,E01027370,0,-1
2021010318492,2021,010318492,4,9,0,8,8,5,7,0,0,4,0,0,0,0,3,1,6,6,2,58,9,1499,1,4,BMW 1 SERIES,7,E01001290,0,-1
2021161073345,2021,161073345,1,9,0,18,19,6,2,0,0,0,0,0,0,0,1,1,6,6,1,35,6,1995,2,6,BMW 1 SERIES,2,E01012826,0,-1
2021070289046,2021,070289046,1,9,0,18,19,5,1,0,0,3,2,0,7,10,1,1,1,1,1,26,6,1995,2,16,BMW 1 SERIES,1,E01018520,0,-1
2021201118829,2021,201118829,1,9,0,18,19,6,2,0,0,2,0,0,0,0,1,1,6,6,1,24,5,1995,2,6,BMW 1 SERIES,2,E01009385,0,-1
2021421119872,2021,421119872,3,9,0,17,19,1,5,0,0,0,1,0,0,0,1,1,5,6,1,20,4,1995,2,4,BMW 1 SERIES,9,E01030346,0,-1
2021520105138,2021,520105138,2,9,0,18,19,5,1,0,0,8,0,0,0,0,1,1,6,6,2,19,4,1995,2,13,BMW 1 SERIES,4,E01020551,0,-1
2021131054922,2021,131054922,2,9,0,18,19,7,3,0,0,8,0,0,0,0,4,1,5,6,2,26,6,1499,1,2,BMW 1 SERIES,3,E01011920,0,-1
2021131069115,2021,131069115,2,9,0,3,3,1,5,0,0,0,0,0,0,0,2,1,1,1,2,31,6,1995,2,15,BMW 1 SERIES,1,E01010610,0,-1
2021501138359,2021,501138359,1,9,0,18,19,1,5,0,0,0,1,0,2,4,1,1,5,6,2,24,5,1995,2,11,BMW 1 SERIES,1,E01018870,0,-1
2021041056968,2021,041056968,1,9,0,18,19,5,1,0,0,2,0,0,0,0,1,1,5,6,1,35,6,1596,1,14,BMW 1 SERIES,4,E01013714,0,-1
2021141074458,2021,141074458,1,9,0,18,19,1,5,0,0,0,1,0,5,0,1,1,5,6,1,49,8,1995,2,10,BMW 1 SERIES,2,E01012102,0,-1
2021351083127,2021,351083127,2,9,0,18,19,5,1,0,0,0,0,0,0,0,2,1,5,6,1,21,5,1995,2,7,BMW 1 SERIES,1,E01015664,0,-1
2021010343105,2021,010343105,1,9,0,11,11,7,3,0,0,2,0,0,0,0,1,1,6,6,2,20,4,1496,2,5,BMW 1 SERIES,5,E01032771,0,-1
2021131056512,2021,131056512,1,9,0,18,19,6,5,0,0,8,0,0,0,0,1,1,6,6,3,-1,-1,1995,2,16,BMW 1 SERIES,-1,-1,0,-1
2021991126483,2021,991126483,1,9,0,14,14,1,5,0,0,0,0,0,0,0,1,1,5,6,2,21,5,1995,2,12,BMW 1 SERIES,3,-1,0,-1
2021170L20291,2021,170L20291,2,9,0,18,19,8,4,0,0,1,0,0,0,0,1,1,6,6,3,-1,-1,1995,2,8,BMW 1 SERIES,-1,-1,0,-1
2021031046431,2021,031046431,2,9,0,4,4,1,5,0,0,1,0,0,0,0,2,1,6,6,1,24,5,1499,1,1,BMW 1 SERIES,3,E01019215,0,-1
2021010328154,2021,010328154,1,9,0,18,19,7,3,0,0,1,0,0,0,0,2,1,6,6,2,34,6,1499,1,6,BMW 1 SERIES,3,E01003769,0,-1
2021421081708,2021,421081708,1,9,0,14,14,7,3,0,0,1,0,0,7,0,4,1,5,6,1,27,6,1995,2,11,BMW 1 SERIES,5,E01021715,0,-1
2021421056783,2021,421056783,1,9,0,1,1,6,2,0,0,0,0,0,0,0,0,1,1,1,1,23,5,1598,1,8,BMW 1 SERIES,3,E01021641,0,-1
2021991052021,2021,991052021,1,9,0,18,19,6,2,0,0,0,0,0,0,0,3,1,5,6,1,83,11,1995,2,4,BMW 1 SERIES,5,-1,0,-1
2021361095571,2021,361095571,2,9,0,18,19,6,2,0,0,1,0,0,0,0,1,1,2,2,1,20,4,1995,2,15,BMW 1 SERIES,3,E01026596,0,-1
2021201149476,2021,201149476,1,9,0,9,9,8,6,0,0,5,0,0,0,0,1,1,6,6,1,-1,-1,1995,2,9,BMW 1 SERIES,5,E01009939,0,-1
2021501107721,2021,501107721,1,9,0,17,19,3,7,0,0,2,1,0,7,11,1,1,6,6,1,32,6,1995,2,11,BMW 1 SERIES,7,E01018934,0,-1
2021361093931,2021,361093931,1,9,0,18,19,1,5,0,0,6,0,0,0,0,3,1,5,6,2,27,6,1995,2,14,BMW 1 SERIES,5,E01026511,0,-1
202134WNC3711,2021,34WNC3711,1,9,0,18,19,5,1,0,0,0,1,0,0,10,3,1,1,1,1,25,5,1995,2,16,BMW 1 SERIES,4,E01023646,0,-1
202131D098921,2021,31D098921,1,9,0,18,19,1,5,0,0,1,1,0,0,0,1,1,6,6,1,21,5,1995,2,15,BMW 1 SERIES,6,E01028109,0,-1
2021371090079,2021,371090079,1,9,0,18,19,6,2,0,0,2,1,0,0,0,1,1,5,6,1,21,5,1995,2,16,BMW 1 SERIES,3,E01029888,0,-1
2021101112152,2021,101112152,1,9,0,18,19,1,4,0,0,1,0,0,0,0,1,1,5,6,2,25,5,1995,2,12,BMW 1 SERIES,1,E01008858,0,-1
2021991115538,2021,991115538,1,9,0,18,19,8,4,0,0,0,0,11,0,0,1,1,6,6,1,21,5,1995,2,9,BMW 1 SERIES,3,-1,0,-1
2021010318420,2021,010318420,2,9,0,18,19,5,1,99,99,9,9,99,9,99,2,1,6,6,1,-1,-1,1496,2,4,BMW 1 SERIES,-1,-1,0,-1
2021010320126,2021,010320126,2,9,9,99,99,9,9,99,99,9,9,99,9,99,1,9,6,6,3,-1,-1,1599,1,12,BMW 1 SERIES,-1,-1,0,-1
2021991029739,2021,991029739,2,9,0,18,19,5,1,0,0,1,0,0,0,0,1,1,6,6,2,32,6,1995,2,11,BMW 1 SERIES,2,-1,0,-1
2021131098683,2021,131098683,1,9,0,1,1,5,1,9,9,0,0,0,0,0,2,1,6,6,2,40,7,1499,1,3,BMW 1 SERIES,9,E01011557,0,-1
2021131125927,2021,131125927,2,9,0,18,19,8,4,0,0,8,0,0,0,0,2,1,6,6,2,26,6,1496,2,5,BMW 1 SERIES,1,E01012656,0,-1
2021161050434,2021,161050434,2,9,0,18,19,3,7,0,0,0,0,0,0,0,2,1,5,6,2,44,7,1596,1,16,BMW 1 SERIES,1,E01012915,0,-1
2021170H10561,2021,170H10561,2,9,0,15,15,7,3,0,0,8,0,0,2,0,2,1,6,6,1,18,4,1499,1,1,BMW 1 SERIES,10,E01012005,0,-1
2021010305581,2021,010305581,2,9,0,99,99,9,9,99,99,9,9,99,9,99,1,9,6,6,3,-1,-1,1995,1,15,BMW 1 SERIES,10,E01030480,0,-1
2021141115646,2021,141115646,2,9,0,2,2,0,0,0,0,0,0,0,0,0,2,1,6,6,3,-1,-1,1598,2,8,BMW 1 SERIES,-1,-1,0,-1
2021201137474,2021,201137474,2,9,0,11,11,2,5,0,0,3,0,0,0,0,3,1,6,6,1,32,6,1995,2,11,BMW 1 SERIES,6,E01009878,0,-1
2021010318616,2021,010318616,2,9,0,99,99,9,9,99,99,0,9,99,9,99,1,9,6,6,3,-1,-1,1995,1,11,BMW 1 SERIES,5,E01032789,0,-1
2021041108985,2021,041108985,1,9,0,18,19,5,1,0,0,1,0,0,0,0,1,1,6,6,3,-1,-1,1995,1,12,BMW 1 SERIES,-1,-1,0,-1
2021302100153,2021,302100153,1,9,0,18,19,8,4,0,0,0,5,11,0,0,1,1,6,6,1,-1,-1,1995,2,12,BMW 1 SERIES,3,E01005308,0,-1
2021201085101,2021,201085101,2,9,0,18,19,4,8,0,0,1,0,0,0,0,1,1,6,6,1,17,4,1995,1,11,BMW 1 SERIES,2,E01009022,0,-1
2021010332741,2021,010332741,1,9,0,18,19,4,8,0,0,1,0,0,0,0,1,1,6,6,1,27,6,1995,2,15,BMW 1 SERIES,2,E01003987,0,-1
2021122100400,2021,122100400,1,9,0,18,19,5,1,0,0,1,0,0,0,0,1,1,6,6,2,75,10,1995,2,10,BMW 1 SERIES,7,E01013562,0,-1
2021010327739,2021,010327739,2,9,0,99,99,9,9,0,0,0,0,0,0,0,1,9,6,6,1,28,6,1598,1,8,BMW 1 SERIES,4,E01003568,0,-1
2021201077174,2021,201077174,2,9,0,18,19,3,8,0,0,0,0,0,0,0,2,1,6,6,1,22,5,2000,2,12,BMW 1 SERIES,2,E01009832,0,-1
2021471094207,2021,471094207,5,9,0,4,4,2,6,0,0,0,0,0,0,0,3,1,1,1,1,56,9,1995,2,11,BMW 1 SERIES,3,E01001188,0,-1
2021440090696,2021,440090696,1,9,0,18,19,2,6,0,0,0,2,0,1,1,3,1,6,6,1,41,7,1995,2,7,BMW 1 SERIES,6,E01031419,0,-1
2021131032739,2021,131032739,2,9,0,18,19,1,5,0,0,2,0,0,0,0,1,1,5,6,1,43,7,1995,2,9,BMW 1 SERIES,1,E01010730,0,-1
2021211114338,2021,211114338,1,9,0,18,19,6,2,0,0,2,0,0,0,0,1,1,5,6,1,19,4,1995,2,10,BMW 1 SERIES,-1,-1,0,-1
202134NNC1511,2021,34NNC1511,1,9,0,18,19,2,6,0,0,1,0,0,0,0,1,1,6,6,1,34,6,1995,2,15,BMW 1 SERIES,4,E01026972,0,-1
2021010332900,2021,010332900,1,9,0,6,6,1,1,0,0,1,0,0,0,0,3,1,3,7,1,25,5,1496,2,1,BMW 1 SERIES,3,E01000373,0,-1
2021522102754,2021,522102754,1,9,0,7,7,7,1,0,0,2,0,0,0,0,1,1,6,6,1,20,4,1995,2,5,BMW 1 SERIES,1,E01033356,0,-1
2021161019779,2021,161019779,2,9,0,5,5,4,1,0,0,8,0,0,0,0,1,1,2,2,1,34,6,1499,1,2,BMW 1 SERIES,9,E01032683,0,-1
2021421099437,2021,421099437,2,9,0,2,2,7,3,0,0,0,0,4,0,0,2,1,6,6,1,51,8,1499,1,1,BMW 1 SERIES,6,E01021930,0,-1
2021451032184,2021,451032184,1,9,0,18,19,1,5,0,0,2,1,0,2,3,1,1,6,6,1,39,7,1995,2,16,BMW 1 SERIES,8,E01031587,0,-1
2021041091925,2021,041091925,1,9,0,18,19,5,1,0,0,0,0,0,0,0,1,1,2,2,1,38,7,1995,2,15,BMW 1 SERIES,1,E01025139,0,-1
2021461049585,2021,461049585,2,9,0,3,3,3,7,0,0,0,0,0,0,0,2,1,2,2,2,30,6,1499,1,6,BMW 1 SERIES,3,E01024149,0,-1
2021052101059,2021,052101059,1,9,0,5,5,1,3,0,0,2,0,0,0,0,2,1,2,2,1,18,4,1499,1,1,BMW 1 SERIES,6,E01006419,0,-1
2021461015113,2021,461015113,2,9,0,4,4,7,3,0,0,0,0,0,0,0,2,1,6,6,2,35,6,1499,1,3,BMW 1 SERIES,2,E01024020,0,-1
2021141083715,2021,141083715,1,9,0,9,9,1,7,0,0,8,0,0,0,0,1,1,5,6,1,40,7,1995,2,11,BMW 1 SERIES,9,E01007442,0,-1
2021010296528,2021,010296528,2,9,0,99,99,9,9,99,99,9,9,99,0,0,9,9,6,6,1,36,7,1496,2,5,BMW 1 SERIES,2,E01001776,0,-1
2021501130157,2021,501130157,2,9,0,9,9,4,2,0,0,6,0,0,0,0,1,1,5,6,2,55,8,1995,2,12,BMW 1 SERIES,8,E01015227,0,-1
2021440157118,2021,440157118,1,9,0,18,19,2,5,0,0,0,0,0,0,0,1,1,2,2,1,25,5,1995,2,9,BMW 1 SERIES,4,E01017135,0,-1
2021010299163,2021,010299163,1,9,0,99,99,9,9,99,99,9,9,99,9,99,4,9,6,6,1,31,6,1995,1,13,BMW 1 SERIES,3,E01001449,0,-1
2021501087029,2021,501087029,1,9,0,4,4,1,5,0,0,0,0,0,0,0,1,1,2,2,1,35,6,1995,1,12,BMW 1 SERIES,8,E01020089,0,-1
2021430295566,2021,430295566,2,9,0,18,19,6,2,0,0,1,0,0,0,0,1,1,6,6,2,-1,-1,1598,1,9,BMW 1 SERIES,-1,-1,0,-1
2021061063082,2021,061063082,1,9,-1,18,19,5,1,0,0,8,0,0,0,0,4,1,6,6,2,44,7,1995,2,7,BMW 1 SERIES,1,E01032912,0,-1
2021041143620,2021,041143620,1,9,0,18,19,1,1,9,9,0,0,0,0,0,4,1,5,6,1,22,5,1995,2,7,BMW 1 SERIES,1,E01012595,0,-1
2021010319152,2021,010319152,3,9,0,18,19,3,7,0,0,2,0,0,0,0,2,1,6,6,2,30,6,1995,2,2,BMW 1 SERIES,4,E01032766,0,-1
2021131091238,2021,131091238,3,9,0,2,2,0,0,0,0,0,0,4,0,0,1,1,6,6,3,-1,-1,1995,2,15,BMW 1 SERIES,-1,-1,0,-1
202131B161121,2021,31B161121,2,9,0,7,7,4,8,0,0,3,0,0,0,0,4,1,6,6,2,19,4,1598,1,8,BMW 1 SERIES,3,E01028224,0,-1
2021052101826,2021,052101826,1,9,0,18,19,5,1,0,0,0,0,0,0,0,1,1,2,2,1,19,4,1496,2,6,BMW 1 SERIES,1,E01007291,0,-1
2021031079465,2021,031079465,1,9,0,18,19,0,0,0,0,0,0,0,0,0,1,1,5,6,1,22,5,1995,2,7,BMW 1 SERIES,-1,-1,0,-1
2021061127393,2021,061127393,2,9,0,18,19,1,5,0,0,8,0,0,0,0,3,1,6,6,1,43,7,2000,2,12,BMW 1 SERIES,3,E01005797,0,-1
2021041081337,2021,041081337,2,9,0,18,19,1,1,0,0,0,0,0,7,10,2,1,5,6,2,38,7,1995,2,8,BMW 1 SERIES,7,E01007062,0,-1
2021231045295,2021,231045295,2,9,0,4,4,2,6,0,0,8,0,0,0,0,2,1,5,6,2,60,9,1995,2,8,BMW 1 SERIES,4,E01031276,0,-1
2021522201519,2021,522201519,1,9,0,18,19,4,8,0,0,8,0,0,0,0,1,1,6,6,2,30,6,1496,2,5,BMW 1 SERIES,2,E01014610,0,-1
2021201084389,2021,201084389,1,9,0,18,19,8,3,0,0,0,0,0,0,0,3,1,6,6,3,-1,-1,1995,1,11,BMW 1 SERIES,-1,-1,0,-1
2021010335387,2021,010335387,2,9,0,99,99,9,9,99,99,9,9,99,9,99,1,9,6,6,3,-1,-1,1995,1,13,BMW 1 SERIES,2,E01000876,0,-1
2021201061154,2021,201061154,2,9,0,9,9,7,3,0,0,2,0,0,0,0,4,1,6,6,2,39,7,1598,2,8,BMW 1 SERIES,1,E01009122,0,-1
2021061116152,2021,061116152,1,9,0,18,19,5,1,0,0,0,0,0,0,0,1,1,6,6,2,25,5,1995,2,7,BMW 1 SERIES,2,E01005383,0,-1
2021991107953,2021,991107953,1,9,0,16,19,6,2,0,0,0,1,0,0,0,1,1,5,6,2,22,5,1496,2,4,BMW 1 SERIES,8,-1,0,-1
2021991065920,2021,991065920,1,9,0,11,11,7,3,0,0,0,1,0,1,7,1,1,6,6,2,30,6,1995,2,8,BMW 1 SERIES,4,-1,0,-1
2021010331717,2021,010331717,1,9,0,1,1,5,1,0,0,0,0,0,0,0,2,1,6,6,1,43,7,1995,2,11,BMW 1 SERIES,4,E01000611,0,-1
2021351053343,2021,351053343,2,9,0,18,19,-1,-1,0,0,0,0,0,0,0,2,1,6,6,2,64,9,1995,2,15,BMW 1 SERIES,8,E01026347,0,-1
2021061043046,2021,061043046,1,9,0,18,19,1,5,0,0,1,0,0,0,0,1,1,6,6,2,38,7,1598,1,8,BMW 1 SERIES,2,E01005193,0,-1
2021540673521,2021,540673521,2,9,0,4,4,5,1,0,0,0,0,0,0,0,2,1,2,2,1,27,6,2000,2,12,BMW 1 SERIES,-1,-1,0,-1
2021430350781,2021,430350781,1,9,0,18,19,7,4,0,0,0,5,6,1,11,1,1,6,6,1,24,5,1995,2,15,BMW 1 SERIES,-1,-1,0,-1
2021440454212,2021,440454212,2,9,0,7,7,1,5,0,0,1,0,0,0,0,3,1,1,1,2,21,5,1598,2,6,BMW 1 SERIES,5,E01022656,0,-1
202131C002021,2021,31C002021,1,9,0,18,19,5,1,0,0,0,1,0,1,4,1,1,6,6,1,49,8,1995,2,9,BMW 1 SERIES,1,E01013850,0,-1