collision_index,collision_year,collision_ref_no,vehicle_reference,vehicle_type,towing_and_articulation,vehicle_manoeuvre_historic,vehicle_manoeuvre,vehicle_direction_from,vehicle_direction_to,vehicle_location_restricted_lane_historic,vehicle_location_restricted_lane,junction_location,skidding_and_overturning,hit_object_in_carriageway,vehicle_leaving_carriageway,hit_object_off_carriageway,first_point_of_impact,vehicle_left_hand_drive,journey_purpose_of_driver_historic,journey_purpose_of_driver,sex_of_driver,age_of_driver,age_band_of_driver,engine_capacity_cc,propulsion_code,age_of_vehicle,generic_make_model,driver_imd_decile,lsoa_of_driver,escooter_flag,driver_distance_banding
2021010337106,2021,010337106,2,3,0,99,99,9,9,99,99,9,9,99,9,99,2,9,6,6,3,51,8,125,1,5,HONDA GLR 125,3,E01003372,0,-1
2021010341127,2021,010341127,1,3,0,99,99,9,9,99,99,0,9,99,9,99,1,1,6,6,1,32,6,125,1,5,HONDA GLR 125,5,E01003083,0,-1
2021010348702,2021,010348702,1,3,0,99,99,9,9,99,99,9,9,99,9,99,9,1,2,2,1,24,5,125,1,1,HONDA GLR 125,2,E01003943,0,-1
2021421106306,2021,421106306,1,3,0,14,14,5,1,0,0,0,1,0,0,0,1,1,5,6,1,23,5,125,1,2,HONDA GLR 125,1,E01022031,0,-1
2021010345245,2021,010345245,1,3,0,18,19,7,3,0,0,8,0,0,0,0,2,1,6,6,1,31,6,125,1,4,HONDA GLR 125,7,E01000118,0,-1
2021471042673,2021,471042673,1,3,0,4,4,3,7,0,0,1,0,0,0,0,1,1,5,6,1,20,4,125,1,5,HONDA GLR 125,6,E01021187,0,-1
2021501072941,2021,501072941,1,3,0,18,19,5,1,0,0,0,0,0,0,0,1,1,5,6,2,19,4,125,1,3,HONDA GLR 125,4,E01019043,0,-1
2021131094231,2021,131094231,1,3,0,18,19,4,8,0,0,8,0,0,0,0,1,1,6,6,1,19,4,125,1,2,HONDA GLR 125,1,E01010777,0,-1
2021552100529,2021,552100529,1,3,0,13,13,6,1,0,0,0,0,0,0,0,1,1,6,6,1,23,5,125,1,6,HONDA GLR 125,4,E01015326,0,-1
2021461110448,2021,461110448,1,3,0,13,13,1,5,0,0,1,1,7,7,0,1,1,1,1,1,23,5,125,1,4,HONDA GLR 125,4,E01024528,0,-1
20211381A1520,2021,1381A1520,2,2,0,8,8,1,3,0,0,1,0,0,0,0,4,1,6,6,1,32,6,125,1,3,HONDA GLR 125,2,E01011686,0,-1
2021010289868,2021,010289868,1,3,0,18,19,5,1,0,0,1,0,0,0,0,1,1,2,2,1,32,6,125,1,2,HONDA GLR 125,4,E01002055,0,-1
2021010296920,2021,010296920,1,3,0,99,99,9,9,99,99,9,9,99,9,99,1,1,2,2,1,34,6,125,1,2,HONDA GLR 125,1,E01002074,0,-1
2021010330274,2021,010330274,1,4,0,18,19,5,1,0,0,0,0,0,0,0,1,1,2,2,1,32,6,125,1,6,HONDA GLR 125,5,E01000607,0,-1
2021010314301,2021,010314301,2,3,0,9,9,7,5,0,0,1,0,0,0,0,1,1,1,1,1,23,5,125,1,1,HONDA GLR 125,4,E01033424,0,-1
2021010287379,2021,010287379,1,3,0,18,19,7,3,0,0,1,0,0,0,0,1,1,1,1,1,26,6,125,1,6,HONDA GLR 125,1,E01004300,0,-1
2021421013489,2021,421013489,1,3,0,18,19,1,5,0,0,1,0,0,0,0,1,1,6,6,1,19,4,125,1,2,HONDA GLR 125,3,E01021850,0,-1
2021141059589,2021,141059589,1,3,0,18,19,8,4,0,0,1,0,0,0,0,1,1,1,1,1,19,4,125,1,3,HONDA GLR 125,6,E01007521,0,-1
2021010342288,2021,010342288,1,3,0,18,19,1,5,0,0,8,0,0,0,0,2,1,6,6,1,33,6,125,1,1,HONDA GLR 125,3,E01002047,0,-1
2021221069675,2021,221069675,1,3,0,17,19,3,8,0,0,0,0,0,1,0,1,1,5,6,1,63,9,125,1,4,HONDA GLR 125,3,E01014145,0,-1
2021451046972,2021,451046972,1,3,0,17,19,1,5,0,0,0,1,0,0,0,1,1,5,6,1,23,5,125,1,5,HONDA GLR 125,8,E01003422,0,-1
2021010315989,2021,010315989,1,3,0,99,99,9,9,99,99,9,9,99,9,99,1,1,6,6,3,44,7,125,1,5,HONDA GLR 125,1,E01000521,0,-1
2021010349698,2021,010349698,1,3,0,18,19,1,5,0,0,0,0,0,0,0,1,1,6,6,1,40,7,125,1,5,HONDA GLR 125,5,E01000512,0,-1
2021610051121,2021,610051121,1,4,0,18,19,6,2,0,0,4,0,0,1,0,1,1,6,6,1,57,9,125,1,1,HONDA GLR 125,4,W01001384,0,-1
202131A078321,2021,31A078321,2,3,0,18,19,2,6,0,0,2,0,0,0,0,2,1,6,6,1,18,4,125,1,1,HONDA GLR 125,4,E01019503,0,-1
2021371075197,2021,371075197,2,4,0,18,19,3,7,0,0,0,0,11,0,0,3,1,5,6,2,17,4,125,1,4,HONDA GLR 125,9,E01029973,0,-1
2021010351768,2021,010351768,2,3,0,18,19,3,7,0,0,1,0,0,0,0,1,1,6,6,1,17,4,125,1,5,HONDA GLR 125,6,E01003378,0,-1
2021161058245,2021,161058245,2,3,0,4,4,3,7,0,0,0,0,0,0,0,1,1,6,6,1,31,6,125,1,5,HONDA GLR 125,1,E01012877,0,-1
2021101126996,2021,101126996,1,3,0,9,9,7,5,0,0,0,1,0,0,0,3,1,6,6,2,18,4,125,1,4,HONDA GLR 125,3,E01008462,0,-1
2021010301947,2021,010301947,1,3,0,7,7,5,8,0,0,1,0,0,0,0,2,1,6,6,1,35,6,125,1,5,HONDA GLR 125,5,E01002347,0,-1
2021302101765,2021,302101765,2,3,0,14,14,2,6,0,0,8,0,0,0,0,1,1,6,6,1,23,5,125,1,6,HONDA GLR 125,7,E01019765,0,-1
2021351092520,2021,351092520,3,3,0,18,19,7,3,0,0,0,0,0,0,0,1,1,2,2,1,17,4,125,1,2,HONDA GLR 125,9,E01027037,0,-1
2021421111345,2021,421111345,2,3,0,18,19,4,8,0,0,8,0,0,0,0,1,1,6,6,1,41,7,125,1,4,HONDA GLR 125,7,E01021900,0,-1
2021010342859,2021,010342859,2,4,0,13,13,6,2,7,6,1,5,4,7,0,1,1,6,6,2,21,5,125,1,5,HONDA GLR 125,9,E01031730,0,-1
2021101028753,2021,101028753,1,3,0,14,14,5,1,0,0,1,0,0,0,0,4,1,5,6,1,25,5,125,1,3,HONDA GLR 125,2,E01008189,0,-1
2021010346415,2021,010346415,2,3,0,99,99,9,9,99,99,1,9,99,9,99,1,1,6,6,1,44,7,125,1,5,HONDA GLR 125,4,E01003118,0,-1
2021010347411,2021,010347411,1,3,0,99,99,9,9,99,99,9,9,99,9,99,9,1,6,6,1,37,7,125,1,4,HONDA GLR 125,3,E01002612,0,-1
2021411067510,2021,411067510,3,3,0,18,19,7,3,0,0,0,0,0,0,0,1,1,2,2,1,44,7,125,1,4,HONDA GLR 125,6,E01001570,0,-1
2021010306210,2021,010306210,2,4,0,18,19,7,3,0,0,1,0,0,0,0,1,1,1,1,1,27,6,125,1,5,HONDA GLR 125,3,E01002104,0,-1
2021010306815,2021,010306815,2,4,0,18,19,3,7,0,0,2,0,0,0,0,1,1,2,2,2,30,6,125,1,2,HONDA GLR 125,7,E01000665,0,-1
2021451021758,2021,451021758,1,3,0,18,19,1,5,0,0,0,2,0,0,0,0,1,1,1,1,49,8,125,1,4,HONDA GLR 125,8,E01030450,0,-1
2021411097133,2021,411097133,1,3,0,9,9,5,3,0,0,8,0,0,0,0,1,1,5,6,1,37,7,125,1,4,HONDA GLR 125,10,E01023735,0,-1
2021010303731,2021,010303731,2,3,0,18,19,1,5,0,0,1,0,0,0,0,3,1,6,6,1,18,4,125,1,2,HONDA GLR 125,-1,-1,0,-1
2021520201615,2021,520201615,2,4,0,18,19,5,1,0,0,1,0,0,0,0,1,1,6,6,1,18,4,125,1,1,HONDA GLR 125,1,E01029106,0,-1
2021471078319,2021,471078319,2,3,0,18,19,8,4,0,0,1,0,0,0,0,1,1,6,6,1,19,4,125,1,5,HONDA GLR 125,7,E01016979,0,-1
2021010314963,2021,010314963,1,3,0,99,99,9,9,99,99,9,9,99,9,99,9,1,2,2,1,33,6,125,1,5,HONDA GLR 125,5,E01001677,0,-1
2021361086995,2021,361086995,2,3,0,14,14,7,3,0,0,0,5,0,0,0,1,1,6,6,1,65,9,125,1,3,HONDA GLR 125,4,E01026474,0,-1
2021451073342,2021,451073342,1,3,0,18,19,6,2,0,0,0,0,0,1,0,3,1,5,6,1,17,4,125,1,0,HONDA GLR 125,8,E01030655,0,-1
2021010344074,2021,010344074,1,3,0,18,19,6,2,0,0,0,0,0,0,0,1,1,1,1,1,17,4,125,1,2,HONDA GLR 125,8,E01000311,0,-1
2021010339951,2021,010339951,1,3,0,99,99,9,9,99,99,0,9,99,9,99,1,1,6,6,1,30,6,125,1,6,HONDA GLR 125,2,E01003509,0,-1
2021991067333,2021,991067333,2,3,0,18,19,5,1,0,0,8,0,0,0,0,4,1,5,6,1,18,4,125,1,1,HONDA GLR 125,1,-1,0,-1
2021991087698,2021,991087698,1,3,0,18,19,3,7,0,0,1,0,0,0,0,1,1,2,2,1,17,4,125,1,5,HONDA GLR 125,2,-1,0,-1
2021010330146,2021,010330146,1,3,0,99,99,9,9,99,99,9,9,99,9,99,9,1,1,1,1,27,6,125,1,3,HONDA GLR 125,2,E01002068,0,-1
2021010333825,2021,010333825,2,4,0,18,19,5,1,0,0,0,5,4,0,0,1,1,1,1,1,28,6,125,1,6,HONDA GLR 125,3,E01003969,0,-1
2021010311840,2021,010311840,2,3,0,9,9,5,2,0,0,6,5,0,0,0,2,1,1,1,1,24,5,125,1,4,HONDA GLR 125,2,E01003137,0,-1
2021010296930,2021,010296930,1,3,0,13,13,3,7,0,0,0,0,0,0,0,0,1,6,6,1,37,7,125,1,5,HONDA GLR 125,2,E01000015,0,-1
2021520105537,2021,520105537,1,2,0,18,19,3,7,0,0,0,0,0,0,0,1,1,6,6,3,-1,-1,125,1,1,HONDA GLR 125,-1,-1,0,-1
2021122101239,2021,122101239,1,3,0,5,5,2,6,0,0,1,0,0,0,0,3,1,1,1,2,53,8,125,1,6,HONDA GLR 125,1,E01027819,0,-1
2021131095576,2021,131095576,2,3,0,15,15,7,3,0,0,1,5,0,0,0,1,1,6,6,1,27,6,125,1,2,HONDA GLR 125,2,E01010715,0,-1
2021010312252,2021,010312252,1,3,0,18,19,3,7,0,0,1,2,7,0,0,3,1,6,6,2,43,7,125,1,2,HONDA GLR 125,10,E01022062,0,-1
2021131087692,2021,131087692,1,3,0,16,19,1,3,0,0,0,0,0,0,0,1,1,6,6,1,29,6,125,1,6,HONDA GLR 125,2,E01010628,0,-1
2021361088766,2021,361088766,1,3,0,14,14,6,2,0,0,8,0,0,0,0,4,1,5,6,1,64,9,125,1,2,HONDA GLR 125,4,E01026602,0,-1
2021371031917,2021,371031917,1,3,0,16,19,5,7,0,0,0,5,0,0,0,1,1,5,6,2,33,6,125,1,6,HONDA GLR 125,9,E01029893,0,-1
2021371107096,2021,371107096,3,3,0,18,19,5,1,0,0,1,0,0,0,0,1,1,5,6,1,18,4,125,1,3,HONDA GLR 125,10,E01018288,0,-1
2021010298677,2021,010298677,1,3,0,99,99,9,9,99,99,9,9,99,9,99,9,1,2,2,1,30,6,125,1,5,HONDA GLR 125,8,E01003455,0,-1
2021522201023,2021,522201023,2,4,0,9,9,6,3,0,0,6,0,0,0,0,2,1,6,6,1,22,5,125,1,5,HONDA GLR 125,1,E01014658,0,-1
2021991040107,2021,991040107,1,3,0,17,19,6,2,0,0,1,1,0,7,0,4,1,6,6,1,53,8,125,1,1,HONDA GLR 125,5,-1,0,-1
2021430146927,2021,430146927,1,3,0,18,19,6,2,0,0,0,0,0,7,11,1,1,6,6,1,16,4,125,1,2,HONDA GLR 125,4,E01016360,0,-1
2021421109857,2021,421109857,1,3,0,7,7,1,3,0,0,1,5,0,7,0,1,1,5,6,1,20,4,125,1,1,HONDA GLR 125,-1,-1,0,-1
2021061029781,2021,061029781,2,3,0,18,19,1,1,0,0,2,0,0,0,0,3,1,6,6,1,19,4,125,1,6,HONDA GLR 125,8,E01006174,0,-1
2021451083377,2021,451083377,2,3,0,18,19,3,7,0,0,8,5,0,0,0,1,1,5,6,2,17,4,125,1,4,HONDA GLR 125,7,E01030576,0,-1
2021471078830,2021,471078830,2,4,0,16,19,1,5,0,0,1,1,0,0,0,1,1,2,2,1,17,4,125,1,3,HONDA GLR 125,10,E01031739,0,-1
2021430414118,2021,430414118,1,3,0,13,13,8,4,0,0,8,0,0,0,0,4,1,6,6,1,28,6,125,1,3,HONDA GLR 125,4,E01023333,0,-1
2021138420411,2021,138420411,1,3,0,18,19,7,2,0,0,0,5,0,7,0,4,1,6,6,1,22,5,125,1,3,HONDA GLR 125,4,E01010801,0,-1
2021111100919,2021,111100919,1,3,0,18,19,5,1,0,0,8,0,0,0,0,1,1,5,6,1,32,6,125,1,2,HONDA GLR 125,2,E01012217,0,-1
2021471056759,2021,471056759,1,3,0,18,19,2,6,0,0,0,1,0,0,0,3,1,1,1,2,50,8,125,1,4,HONDA GLR 125,6,E01016927,0,-1
2021552100441,2021,552100441,1,3,0,18,19,8,4,0,0,0,1,0,0,0,3,1,6,6,2,22,5,125,1,1,HONDA GLR 125,10,E01020350,0,-1
2021010329796,2021,010329796,1,3,0,5,5,1,5,0,0,8,1,0,0,0,0,1,6,6,1,36,7,125,1,3,HONDA GLR 125,1,E01004309,0,-1
2021471060858,2021,471060858,1,3,0,18,19,2,6,0,0,1,0,12,0,0,3,1,1,1,1,31,6,125,1,1,HONDA GLR 125,5,E01031605,0,-1
2021010329111,2021,010329111,1,3,0,18,19,1,5,0,0,1,0,0,0,0,1,1,6,6,1,27,6,125,1,3,HONDA GLR 125,9,E01016788,0,-1
2021411027402,2021,411027402,2,3,0,18,19,7,3,0,0,1,0,0,0,0,1,1,2,2,1,39,7,125,1,2,HONDA GLR 125,6,E01023934,0,-1
2021471025168,2021,471025168,1,3,0,16,19,6,2,0,0,0,0,0,0,0,1,1,2,2,1,18,4,125,1,5,HONDA GLR 125,2,E01021135,0,-1
20211381L1343,2021,1381L1343,2,3,0,18,19,2,6,0,0,0,0,0,0,0,1,1,6,6,1,22,5,125,1,5,HONDA GLR 125,4,E01011075,0,-1
2021070318434,2021,070318434,3,3,0,18,19,4,8,0,0,8,0,0,0,0,1,1,2,2,1,32,6,125,1,6,HONDA GLR 125,5,E01018706,0,-1
2021010319618,2021,010319618,1,3,0,18,19,1,5,0,0,2,5,0,0,0,1,1,6,6,1,35,6,125,1,5,HONDA GLR 125,7,E01000714,0,-1
2021010307663,2021,010307663,1,2,0,99,99,9,9,99,99,9,9,99,9,99,9,1,2,2,1,39,7,125,1,3,HONDA GLR 125,3,E01000035,0,-1
2021371026671,2021,371026671,1,2,0,4,4,7,3,0,0,0,0,0,1,4,4,1,2,2,1,27,6,125,1,5,HONDA GLR 125,7,E01030020,0,-1
2021010340739,2021,010340739,2,3,0,7,7,5,6,0,0,8,0,0,0,0,0,1,6,6,1,41,7,125,1,5,HONDA GLR 125,4,E01003621,0,-1
2021231030868,2021,231030868,1,3,0,16,19,5,8,0,0,0,0,0,0,0,1,1,5,6,2,31,6,125,1,1,HONDA GLR 125,1,E01013679,0,-1
2021547024021,2021,547024021,1,3,0,18,19,3,7,0,0,0,0,0,0,0,1,1,6,6,1,19,4,125,1,1,HONDA GLR 125,8,E01020473,0,-1
2021440011224,2021,440011224,1,3,0,16,19,1,4,0,0,8,1,0,0,0,0,1,6,6,1,24,5,125,1,2,HONDA GLR 125,7,E01023100,0,-1
2021371059632,2021,371059632,2,4,0,18,19,7,3,0,0,1,0,0,0,0,1,1,6,6,1,20,4,125,1,4,HONDA GLR 125,4,E01030295,0,-1
2021010343637,2021,010343637,1,4,0,18,19,2,6,0,0,2,0,0,0,0,1,1,6,6,1,26,6,125,1,3,HONDA GLR 125,1,E01000643,0,-1
202131A086821,2021,31A086821,2,3,0,18,19,4,8,0,0,0,0,0,0,0,1,1,6,6,1,21,5,125,1,6,HONDA GLR 125,4,E01019503,0,-1
2021421115936,2021,421115936,1,3,0,18,19,2,4,0,0,0,0,0,0,0,1,1,6,6,1,20,4,125,1,1,HONDA GLR 125,2,E01015900,0,-1
2021010336909,2021,010336909,2,3,0,18,19,7,3,0,0,1,0,0,0,0,1,1,6,6,1,38,7,125,1,1,HONDA GLR 125,6,E01002674,0,-1
2021010315113,2021,010315113,2,3,0,18,19,5,1,0,0,1,5,0,0,0,1,1,6,6,1,36,7,125,1,3,HONDA GLR 125,3,E01000035,0,-1
2021991130676,2021,991130676,2,3,0,9,9,6,5,0,0,8,0,0,0,0,4,1,1,1,1,18,4,125,1,1,HONDA GLR 125,5,-1,0,-1
2021471054572,2021,471054572,2,3,0,13,13,5,1,0,0,0,1,0,7,10,4,1,2,2,1,18,4,125,1,2,HONDA GLR 125,9,E01031693,0,-1
2021010303450,2021,010303450,1,3,0,99,99,9,9,99,99,9,9,99,9,99,1,1,6,6,1,33,6,125,1,5,HONDA GLR 125,2,E01000523,0,-1
2021010323611,2021,010323611,1,3,0,7,7,5,7,0,0,5,0,0,7,0,4,1,6,6,1,22,5,125,1,5,HONDA GLR 125,8,E01004195,0,-1
2021131084503,2021,131084503,1,4,0,-1,-1,-1,-1,-1,-1,8,-1,-1,-1,0,-1,1,6,6,3,-1,-1,125,1,1,HONDA GLR 125,-1,-1,0,-1
2021161110819,2021,161110819,1,4,0,9,9,2,6,0,0,8,2,0,0,0,1,1,5,6,1,58,9,125,1,1,HONDA GLR 125,-1,-1,0,-1
2021010305039,2021,010305039,2,3,0,18,19,7,3,0,0,1,0,0,0,0,3,1,6,6,1,62,9,125,1,2,HONDA GLR 125,4,E01001197,0,-1
2021010302808,2021,010302808,1,3,0,18,19,5,1,0,0,8,0,0,0,0,3,1,2,2,1,34,6,125,1,5,HONDA GLR 125,4,E01004614,0,-1
2021501063688,2021,501063688,2,3,0,13,13,2,6,0,0,1,0,0,0,0,1,1,2,2,1,20,4,125,1,6,HONDA GLR 125,7,E01020150,0,-1
2021010318766,2021,010318766,4,3,0,99,99,9,9,99,99,9,9,99,9,99,9,1,6,6,3,-1,-1,125,1,5,HONDA GLR 125,4,E01004576,0,-1
2021543180521,2021,543180521,2,3,0,17,19,5,8,0,0,1,0,0,0,0,1,1,2,2,1,22,5,125,1,3,HONDA GLR 125,7,E01031882,0,-1
2021010306354,2021,010306354,2,3,0,9,9,3,8,0,0,2,0,0,0,0,3,1,6,6,1,33,6,125,1,2,HONDA GLR 125,4,E01002042,0,-1
2021010308014,2021,010308014,1,3,0,99,99,9,9,99,99,9,9,99,9,99,2,1,6,6,1,43,7,125,1,4,HONDA GLR 125,3,E01000510,0,-1
2021531026942,2021,531026942,2,3,0,18,19,7,3,0,0,1,2,0,0,0,1,1,6,6,1,27,6,125,1,5,HONDA GLR 125,-1,-1,0,-1
2021010349442,2021,010349442,1,3,0,14,14,1,5,0,0,1,0,0,0,0,1,1,1,1,1,44,7,125,1,5,HONDA GLR 125,1,E01000890,0,-1
202131C158421,2021,31C158421,2,3,0,18,19,2,6,0,0,8,0,0,0,0,3,1,6,6,1,34,6,125,1,6,HONDA GLR 125,2,E01013919,0,-1
2021010306341,2021,010306341,2,3,0,18,19,1,5,2,2,1,0,0,0,0,1,1,1,1,1,33,6,125,1,1,HONDA GLR 125,2,E01001716,0,-1
2021131106810,2021,131106810,2,3,0,18,19,7,3,0,0,8,2,0,0,0,1,1,6,6,1,22,5,125,1,5,HONDA GLR 125,7,E01010862,0,-1
2021010289189,2021,010289189,1,3,0,9,9,7,5,99,99,8,9,99,9,99,9,1,6,6,1,26,6,125,1,3,HONDA GLR 125,3,E01000024,0,-1
2021371119416,2021,371119416,2,3,0,18,19,4,1,0,0,8,5,0,0,0,3,1,5,6,1,17,4,125,1,2,HONDA GLR 125,6,E01033448,0,-1
2021122100728,2021,122100728,1,3,0,18,19,1,5,0,0,0,1,12,0,0,1,1,2,2,1,43,7,125,1,4,HONDA GLR 125,3,E01011806,0,-1
2021010301170,2021,010301170,1,3,0,4,4,7,3,0,0,1,0,0,0,0,1,1,2,2,1,44,7,125,1,6,HONDA GLR 125,4,E01002179,0,-1
2021221120820,2021,221120820,2,2,0,18,19,5,1,0,0,8,0,0,0,0,3,1,2,2,1,20,4,125,1,4,HONDA GLR 125,5,E01014035,0,-1
2021622100705,2021,622100705,1,3,0,18,19,1,5,0,0,1,1,0,0,0,1,1,1,1,1,21,5,125,1,6,HONDA GLR 125,1,W01001396,0,-1
2021371130954,2021,371130954,1,3,0,18,19,5,1,0,0,0,0,0,0,0,0,1,5,6,1,18,4,125,1,2,HONDA GLR 125,5,E01030241,0,-1
2021161064907,2021,161064907,2,3,0,18,19,7,3,0,0,1,5,0,0,0,4,1,6,6,1,17,4,125,1,1,HONDA GLR 125,8,E01013104,0,-1
2021010341382,2021,010341382,2,3,0,13,13,3,7,0,0,0,2,0,0,0,4,1,6,6,1,23,5,125,1,5,HONDA GLR 125,4,E01004612,0,-1
2021010324176,2021,010324176,1,3,0,18,19,5,1,0,0,0,0,0,0,0,0,1,6,6,1,23,5,125,1,2,HONDA GLR 125,-1,-1,0,-1
2021041045632,2021,041045632,2,3,0,18,19,5,1,0,0,8,0,0,0,0,1,1,5,6,1,33,6,125,1,1,HONDA GLR 125,5,E01025360,0,-1
2021201117622,2021,201117622,2,3,0,15,15,4,8,0,0,0,0,0,0,0,4,1,1,1,1,28,6,125,1,5,HONDA GLR 125,1,E01010289,0,-1
2021052101548,2021,052101548,2,3,0,18,19,9,9,0,0,8,0,0,0,0,1,1,6,6,1,51,8,125,1,6,HONDA GLR 125,1,E01006643,0,-1
2021302100550,2021,302100550,1,2,0,14,14,6,2,0,0,1,1,0,0,0,4,1,6,6,1,23,5,125,1,1,HONDA GLR 125,1,E01013826,0,-1
2021201139663,2021,201139663,1,3,0,10,10,6,4,0,0,1,0,0,0,0,1,1,6,6,3,20,4,125,1,2,HONDA GLR 125,6,E01009452,0,-1
2021371149756,2021,371149756,2,3,0,18,19,7,3,0,0,8,5,0,0,0,3,1,6,6,1,20,4,125,1,2,HONDA GLR 125,1,E01029982,0,-1
2021430192463,2021,430192463,2,3,0,11,11,3,1,0,0,3,0,0,0,0,4,1,6,6,1,17,4,125,1,5,HONDA GLR 125,-1,-1,0,-1
20211382S1201,2021,1382S1201,2,3,0,13,13,2,2,0,0,1,1,7,0,7,1,1,6,6,1,18,4,125,1,2,HONDA GLR 125,4,E01011499,0,-1
2021010314893,2021,010314893,2,3,0,18,19,1,5,0,0,0,0,0,0,0,1,1,2,2,1,42,7,125,1,4,HONDA GLR 125,3,E01033150,0,-1
2021351116210,2021,351116210,1,3,0,18,19,6,2,0,0,0,0,12,1,0,1,1,2,2,1,33,6,125,1,4,HONDA GLR 125,8,E01018302,0,-1
2021531022892,2021,531022892,2,3,0,5,5,5,1,0,0,1,0,0,0,0,1,1,5,6,1,19,4,125,1,5,HONDA GLR 125,6,E01022258,0,-1
2021010291129,2021,010291129,1,3,0,99,99,9,9,99,99,0,9,99,9,99,9,1,6,6,1,20,4,125,1,5,HONDA GLR 125,3,E01003533,0,-1
2021440024898,2021,440024898,1,3,0,16,19,1,4,0,0,2,0,0,0,0,4,1,2,2,1,37,7,125,1,4,HONDA GLR 125,10,E01022578,0,-1
2021471033903,2021,471033903,1,3,0,18,19,7,3,0,0,0,0,0,0,0,1,1,6,6,1,-1,-1,125,1,1,HONDA GLR 125,-1,-1,0,-1
2021010290287,2021,010290287,1,3,0,99,99,9,9,99,99,0,9,99,9,99,9,1,6,6,1,31,6,125,1,3,HONDA GLR 125,2,E01003137,0,-1
2021440209674,2021,440209674,2,3,0,18,19,1,5,0,0,8,0,0,0,0,1,1,6,6,1,42,7,125,1,4,HONDA GLR 125,6,E01017138,0,-1
2021010332976,2021,010332976,1,3,0,14,14,4,8,0,0,0,2,0,0,0,0,1,1,1,1,25,5,125,1,2,HONDA GLR 125,1,E01033455,0,-1
2021320691726,2021,320691726,1,3,0,4,4,1,5,0,0,1,1,0,0,0,4,1,6,6,1,20,4,125,1,5,HONDA GLR 125,2,E01026175,0,-1
2021010338680,2021,010338680,1,3,0,99,99,9,9,99,99,9,9,99,9,99,1,1,6,6,1,30,6,125,1,6,HONDA GLR 125,2,E01003509,0,-1
2021010343257,2021,010343257,1,3,0,15,15,5,1,0,0,4,0,0,7,0,3,1,6,6,1,58,9,125,1,1,HONDA GLR 125,3,E01000586,0,-1
2021221119733,2021,221119733,1,3,0,7,7,3,5,0,0,4,1,9,0,0,1,1,5,6,1,60,9,125,1,5,HONDA GLR 125,6,E01032129,0,-1
2021451052508,2021,451052508,2,3,0,18,19,7,3,0,0,1,2,0,0,0,1,1,2,2,1,18,4,125,1,4,HONDA GLR 125,10,E01030297,0,-1
2021461051635,2021,461051635,2,3,0,18,19,5,1,0,0,0,0,0,0,0,1,1,6,6,1,31,6,125,1,5,HONDA GLR 125,7,E01024131,0,-1
2021010295685,2021,010295685,2,3,0,15,15,5,1,0,0,1,0,0,0,0,1,1,6,6,1,31,6,125,1,5,HONDA GLR 125,5,E01003878,0,-1
2021010317693,2021,010317693,1,3,0,99,99,9,9,99,99,9,9,99,9,99,2,1,2,2,1,42,7,125,1,1,HONDA GLR 125,2,E01000628,0,-1
2021010293579,2021,010293579,2,3,0,18,19,1,5,0,0,1,0,0,0,0,1,1,1,1,1,20,4,125,1,3,HONDA GLR 125,8,E01003426,0,-1
2021138381553,2021,138381553,2,3,0,18,19,5,1,0,0,0,0,0,0,0,1,1,6,6,1,20,4,125,1,6,HONDA GLR 125,2,E01010781,0,-1
2021991120773,2021,991120773,1,3,0,17,19,7,4,0,0,0,1,10,1,11,1,1,5,6,1,21,5,125,1,1,HONDA GLR 125,-1,-1,0,-1
2021010330259,2021,010330259,1,3,0,99,99,9,9,99,99,9,9,99,9,99,2,1,6,6,3,18,4,125,1,3,HONDA GLR 125,3,E01004045,0,-1
2021010337911,2021,010337911,1,3,4,99,99,9,9,99,99,9,9,99,9,99,1,1,1,1,2,39,7,125,1,3,HONDA GLR 125,2,E01004008,0,-1
2021010304147,2021,010304147,2,3,0,18,19,5,1,0,0,0,5,0,0,0,1,1,6,6,1,54,8,125,1,4,HONDA GLR 125,2,E01033485,0,-1
2021010328585,2021,010328585,2,3,0,13,13,5,1,0,0,0,1,0,1,10,1,1,1,1,1,28,6,125,1,4,HONDA GLR 125,2,E01000087,0,-1
2021010297583,2021,010297583,1,3,0,18,19,1,5,0,0,0,0,0,0,0,2,1,1,1,1,46,8,125,1,4,HONDA GLR 125,4,E01001854,0,-1
2021351084422,2021,351084422,1,3,-1,-1,-1,-1,-1,-1,-1,-1,-1,-1,-1,0,-1,1,6,6,1,21,5,125,1,2,HONDA GLR 125,1,E01018107,0,-1
2021411070419,2021,411070419,2,3,0,13,13,5,1,0,0,1,0,7,0,0,3,1,6,6,1,21,5,125,1,2,HONDA GLR 125,9,E01023731,0,-1