collision_index,collision_year,collision_ref_no,vehicle_reference,vehicle_type,towing_and_articulation,vehicle_manoeuvre_historic,vehicle_manoeuvre,vehicle_direction_from,vehicle_direction_to,vehicle_location_restricted_lane_historic,vehicle_location_restricted_lane,junction_location,skidding_and_overturning,hit_object_in_carriageway,vehicle_leaving_carriageway,hit_object_off_carriageway,first_point_of_impact,vehicle_left_hand_drive,journey_purpose_of_driver_historic,journey_purpose_of_driver,sex_of_driver,age_of_driver,age_band_of_driver,engine_capacity_cc,propulsion_code,age_of_vehicle,generic_make_model,driver_imd_decile,lsoa_of_driver,escooter_flag,driver_distance_banding
2021552200248,2021,552200248,2,9,0,18,19,6,2,0,0,8,0,0,0,0,4,1,6,6,2,65,9,999,1,0,SKODA KAMIQ,10,E01020463,0,-1
2021101081769,2021,101081769,3,9,0,15,15,7,3,0,0,1,0,0,0,0,0,1,2,2,1,29,6,1598,2,1,SKODA KAMIQ,7,E01027417,0,-1
2021061029840,2021,061029840,2,9,0,18,19,4,8,0,0,8,0,0,0,0,4,1,5,6,2,50,8,999,1,1,SKODA KAMIQ,6,E01005596,0,-1
2021131058582,2021,131058582,1,9,0,2,2,6,6,0,0,0,0,0,0,0,4,1,1,1,1,32,6,999,1,1,SKODA KAMIQ,3,E01011242,0,-1
2021010325552,2021,010325552,1,9,0,5,5,1,5,8,6,0,0,0,0,0,3,1,6,6,1,35,6,999,1,0,SKODA KAMIQ,4,E01002131,0,-1
2021302101890,2021,302101890,2,9,0,18,19,4,8,0,0,0,0,0,1,0,3,1,6,6,1,42,7,1498,1,0,SKODA KAMIQ,6,E01019421,0,-1
2021111054586,2021,111054586,1,9,0,18,19,3,7,0,0,0,0,0,0,0,4,1,2,2,1,39,7,1498,1,0,SKODA KAMIQ,6,E01020888,0,-1
2021131101208,2021,131101208,1,9,0,10,10,1,7,0,0,0,0,0,0,0,3,1,6,6,1,40,7,999,1,1,SKODA KAMIQ,7,E01011633,0,-1
2021451067159,2021,451067159,2,9,0,18,19,6,2,0,0,0,0,0,0,0,1,1,5,6,2,55,8,999,1,1,SKODA KAMIQ,3,E01024480,0,-1
2021320094271,2021,320094271,2,9,0,18,19,5,1,0,0,1,0,0,0,0,1,1,6,6,1,54,8,999,1,1,SKODA KAMIQ,1,E01026157,0,-1
2021061090011,2021,061090011,1,9,0,13,13,5,1,0,0,0,2,0,0,0,4,1,6,6,3,30,6,999,1,0,SKODA KAMIQ,-1,-1,0,-1
2021501115283,2021,501115283,5,9,0,18,19,7,3,0,0,0,0,0,0,0,1,1,5,6,1,69,10,999,1,0,SKODA KAMIQ,9,E01030568,0,-1
2021440167557,2021,440167557,1,90,0,17,19,7,4,0,0,0,0,0,1,4,1,1,6,6,1,66,10,675,1,5,-1,8,E01022864,0,-1
2021141051896,2021,141051896,1,3,0,18,19,6,2,0,0,0,0,0,0,0,1,1,5,6,1,32,6,125,1,3,-1,7,E01008087,0,-1
2021531081817,2021,531081817,1,3,0,18,19,5,1,2,2,1,2,0,1,0,1,1,5,6,1,18,4,125,1,1,-1,6,E01022234,0,-1
2021141023450,2021,141023450,1,3,0,18,19,2,6,0,0,6,5,0,0,0,3,1,6,6,1,17,4,125,1,2,-1,4,E01007329,0,-1
2021461022383,2021,461022383,2,3,0,18,19,3,7,0,0,1,5,0,0,0,4,1,1,1,1,18,4,125,1,2,-1,5,E01024654,0,-1
2021531188831,2021,531188831,2,3,0,18,19,1,5,0,0,8,1,0,0,0,1,1,5,6,1,17,4,125,1,2,-1,5,E01014026,0,-1
2021141059439,2021,141059439,2,3,0,18,19,6,2,0,0,1,0,0,0,0,1,1,5,6,1,25,5,124,1,3,-1,1,E01007406,0,-1
2021131083826,2021,131083826,2,9,0,2,2,1,1,0,0,8,0,0,0,0,0,1,6,6,3,-1,-1,-1,3,4,TESLA MODEL S,-1,-1,0,-1
2021010331082,2021,010331082,1,9,0,99,99,9,9,0,0,8,0,0,0,0,4,1,6,6,1,45,7,-1,3,3,TESLA MODEL S,9,E01003442,0,-1
2021430064335,2021,430064335,2,9,0,3,3,6,2,0,0,2,0,0,0,0,2,1,2,2,1,35,6,-1,3,6,TESLA MODEL S,7,E01017705,0,-1
2021010294576,2021,010294576,2,9,0,99,99,9,9,99,99,9,9,99,9,99,9,9,6,6,3,42,7,-1,3,7,TESLA MODEL S,10,E01004114,0,-1
2021070430498,2021,070430498,2,9,0,18,19,1,5,0,0,1,0,0,1,11,1,1,1,1,1,25,5,-1,3,4,TESLA MODEL S,-1,-1,0,-1
2021131068284,2021,131068284,1,9,0,18,19,5,1,0,0,1,1,0,0,0,1,1,6,6,1,50,8,-1,3,4,TESLA MODEL S,9,E01011381,0,-1
2021421019619,2021,421019619,2,9,0,9,9,3,1,0,0,3,0,0,0,0,1,1,5,6,1,68,10,-1,3,4,TESLA MODEL S,7,E01021765,0,-1
2021421014333,2021,421014333,2,9,0,18,19,7,3,0,0,0,0,0,0,0,4,1,5,6,1,29,6,-1,3,6,TESLA MODEL S,4,E01002244,0,-1
202163D009421,2021,63D009421,1,9,0,18,19,1,5,0,0,0,1,0,8,7,1,1,2,2,1,44,7,-1,3,7,TESLA MODEL S,3,W01000372,0,-1
2021451110067,2021,451110067,3,9,0,18,19,3,7,0,0,0,0,0,0,0,2,1,2,2,1,48,8,-1,3,5,TESLA MODEL S,6,E01022211,0,-1
2021421095988,2021,421095988,2,9,0,18,19,1,6,0,0,0,1,0,0,0,3,1,2,2,1,45,7,-1,3,2,TESLA MODEL S,7,E01021803,0,-1
2021010347278,2021,010347278,1,8,0,99,99,9,9,99,99,9,9,99,9,99,9,9,1,1,1,48,8,-1,3,6,TESLA MODEL S,4,E01003453,0,-1
2021010305811,2021,010305811,1,9,0,4,4,1,5,0,0,1,0,0,0,0,2,1,1,1,1,53,8,-1,3,2,TESLA MODEL S,2,E01001118,0,-1
2021471018725,2021,471018725,2,9,0,18,19,5,1,0,0,0,0,0,0,0,3,1,5,6,1,51,8,-1,3,2,TESLA MODEL S,10,E01021159,0,-1
2021010292314,2021,010292314,2,9,0,99,99,9,9,0,0,8,9,99,9,99,9,9,6,6,1,52,8,-1,3,6,TESLA MODEL S,9,E01001422,0,-1
2021461092874,2021,461092874,3,9,0,9,9,1,5,0,0,8,0,0,0,0,0,1,6,6,1,40,7,-1,3,5,TESLA MODEL S,4,E01024387,0,-1
2021101103095,2021,101103095,1,9,0,18,19,2,6,0,0,0,0,0,0,0,1,1,1,1,1,51,8,-1,3,6,TESLA MODEL S,1,E01008399,0,-1
2021302101534,2021,302101534,2,9,0,18,19,4,8,0,0,0,0,0,0,0,2,1,6,6,1,45,7,-1,3,5,TESLA MODEL S,8,E01013526,0,-1
2021010344615,2021,010344615,1,9,0,5,5,7,3,0,0,1,0,0,0,0,1,1,6,6,1,39,7,-1,3,3,TESLA MODEL S,4,E01004694,0,-1
2021010344269,2021,010344269,1,9,0,5,5,1,5,9,9,1,0,0,0,0,1,2,2,2,1,43,7,-1,3,7,TESLA MODEL S,9,E01022073,0,-1
2021111042528,2021,111042528,2,9,0,3,3,5,1,0,0,1,0,0,0,0,2,1,6,6,1,40,7,-1,3,7,TESLA MODEL S,9,E01020702,0,-1
2021010313528,2021,010313528,1,9,9,99,99,9,9,99,99,9,9,99,9,99,9,9,6,6,3,-1,-1,-1,3,7,TESLA MODEL S,-1,-1,0,-1
2021010340657,2021,010340657,2,9,0,99,99,9,9,99,99,9,9,99,9,99,9,9,6,6,3,-1,-1,-1,3,5,TESLA MODEL S,7,E01002060,0,-1
2021991077837,2021,991077837,1,9,0,18,19,7,1,0,0,1,0,0,0,0,1,1,6,6,1,34,6,-1,3,3,TESLA MODEL S,-1,-1,0,-1
2021010293696,2021,010293696,1,9,0,3,3,3,7,0,0,0,0,0,0,0,4,1,6,6,1,45,7,-1,3,4,TESLA MODEL S,10,E01023695,0,-1
2021411043878,2021,411043878,1,9,0,5,5,3,7,0,0,1,0,0,0,0,1,1,6,6,3,-1,-1,-1,3,6,TESLA MODEL S,-1,-1,0,-1
2021451040479,2021,451040479,1,9,0,18,19,5,1,0,0,0,1,0,0,0,1,1,2,2,2,19,4,1332,1,22,TOYOTA STARLET,7,E01030833,0,-1
2021461024312,2021,461024312,1,9,0,18,19,8,4,0,0,0,1,0,0,0,1,1,6,6,1,25,5,1332,1,23,TOYOTA STARLET,3,E01024552,0,-1
2021430520368,2021,430520368,1,9,0,16,19,7,3,0,0,0,0,0,0,0,1,1,6,6,1,17,4,1332,1,23,TOYOTA STARLET,9,E01017684,0,-1
2021440493986,2021,440493986,1,9,0,18,19,3,7,0,0,2,0,0,0,0,1,1,2,2,2,35,6,1332,1,23,TOYOTA STARLET,9,E01022717,0,-1
2021010301438,2021,010301438,1,9,0,18,19,7,3,0,0,0,0,0,0,0,2,1,6,6,1,24,5,1332,1,23,TOYOTA STARLET,3,E01001397,0,-1
2021501077746,2021,501077746,2,9,0,18,19,1,5,0,0,6,0,0,0,0,1,1,6,6,1,19,4,1332,1,22,TOYOTA STARLET,6,E01020209,0,-1
2021411103478,2021,411103478,1,9,0,18,19,8,4,0,0,0,0,0,0,0,1,1,1,1,2,22,5,1332,1,24,TOYOTA STARLET,9,E01022061,0,-1
2021991057255,2021,991057255,1,9,0,5,5,7,3,0,0,0,0,0,0,0,4,1,2,2,2,26,6,1332,1,22,TOYOTA STARLET,8,-1,0,-1
2021440239527,2021,440239527,1,9,0,3,3,2,6,0,0,1,0,0,0,0,2,1,6,6,2,58,9,1332,1,23,TOYOTA STARLET,5,E01017209,0,-1
2021411131916,2021,411131916,4,9,0,3,3,7,3,0,0,1,0,0,0,0,1,1,5,6,2,35,6,1332,1,23,TOYOTA STARLET,2,E01017433,0,-1
2021371108339,2021,371108339,1,2,0,9,9,6,5,0,0,8,5,0,0,0,3,1,5,6,1,16,4,48,1,0,-1,6,E01029879,0,-1
2021501069916,2021,501069916,1,2,0,9,9,2,6,0,0,1,0,0,0,0,0,1,2,2,1,16,4,48,1,0,-1,3,E01019005,0,-1
2021131122045,2021,131122045,1,4,0,18,19,3,7,0,0,0,0,0,1,10,1,1,6,6,1,53,8,450,1,14,-1,6,E01011697,0,-1
2021131076567,2021,131076567,3,9,0,2,2,0,0,0,0,8,0,0,0,0,1,1,6,6,3,-1,-1,2480,1,5,AUDI RS3,-1,-1,0,-1
2021131050248,2021,131050248,1,9,0,18,19,5,1,0,0,0,1,0,1,4,3,1,6,6,1,25,5,2480,1,3,AUDI RS3,1,E01011373,0,-1
2021211072722,2021,211072722,2,9,0,18,19,1,5,0,0,0,0,0,0,0,2,1,6,6,1,55,8,2480,1,1,AUDI RS3,1,E01010484,0,-1
2021302100536,2021,302100536,1,9,0,18,19,6,2,0,0,1,0,0,0,0,3,1,6,6,1,63,9,2480,1,2,AUDI RS3,8,E01019685,0,-1
2021041083408,2021,041083408,1,9,0,18,19,3,7,0,0,1,1,0,1,0,3,1,5,6,1,27,6,2480,1,3,AUDI RS3,7,E01025079,0,-1
2021361077441,2021,361077441,1,9,0,18,19,8,4,0,0,0,0,0,0,0,2,1,5,6,1,49,8,2480,1,1,AUDI RS3,9,E01026500,0,-1
2021061101033,2021,061101033,2,9,0,16,19,5,1,0,0,0,0,10,1,0,1,1,6,6,3,-1,-1,2480,1,4,AUDI RS3,-1,-1,0,-1
2021440186531,2021,440186531,2,9,0,10,10,5,1,0,0,1,0,0,0,0,2,1,6,6,1,29,6,2480,1,4,AUDI RS3,3,E01017350,0,-1
2021010350018,2021,010350018,2,9,0,5,5,5,1,0,0,6,0,0,0,0,3,1,6,6,1,30,6,2480,1,6,AUDI RS3,2,E01004365,0,-1
20211382K0011,2021,1382K0011,1,9,0,16,19,5,8,0,0,0,0,0,2,11,1,1,6,6,1,22,5,2480,1,5,AUDI RS3,1,E01010626,0,-1
2021061078321,2021,061078321,1,9,0,2,2,7,3,0,0,0,0,0,0,0,2,1,6,6,1,28,6,2480,1,4,AUDI RS3,1,E01005947,0,-1
2021201059329,2021,201059329,1,9,0,13,13,3,7,0,0,0,0,0,7,0,1,1,6,6,1,23,5,2480,1,4,AUDI RS3,2,E01009304,0,-1
2021201131355,2021,201131355,2,9,0,9,9,8,6,0,0,6,0,0,0,0,1,1,6,6,1,29,6,2480,1,1,AUDI RS3,3,E01009316,0,-1
2021010323393,2021,010323393,1,9,0,18,19,7,3,0,0,1,0,0,0,0,4,1,6,6,1,24,5,2480,1,2,AUDI RS3,2,E01003256,0,-1
2021991144723,2021,991144723,2,9,0,18,19,6,2,0,0,1,0,0,1,4,1,1,5,6,1,46,8,2480,1,5,AUDI RS3,10,E01006321,0,-1
2021430255453,2021,430255453,1,9,0,7,7,5,7,0,0,5,0,0,0,0,4,1,2,2,1,26,6,2480,1,3,AUDI RS3,6,E01016473,0,-1
2021201049132,2021,201049132,1,9,0,18,19,8,4,0,0,8,0,10,0,0,1,1,6,6,1,36,7,2480,1,5,AUDI RS3,5,E01009774,0,-1
202131D100721,2021,31D100721,1,9,0,16,19,2,6,0,0,0,2,0,8,2,1,1,6,6,1,26,6,2480,1,2,AUDI RS3,3,E01028111,0,-1
202134NNC7001,2021,34NNC7001,1,9,0,18,19,1,5,0,0,0,0,0,8,0,1,1,6,6,1,29,6,2480,1,4,AUDI RS3,2,E01026951,0,-1
2021991056723,2021,991056723,2,9,0,18,19,6,2,0,0,8,0,0,0,0,3,1,5,6,2,32,6,2480,1,3,AUDI RS3,8,-1,0,-1
2021201098041,2021,201098041,1,9,0,15,15,7,3,0,0,1,0,10,1,2,1,1,6,6,3,-1,-1,2480,1,6,AUDI RS3,-1,-1,0,-1
2021010322757,2021,010322757,2,9,0,18,19,3,7,0,0,6,0,0,0,0,1,1,6,6,2,-1,-1,2480,1,4,AUDI RS3,2,E01015608,0,-1
2021451089162,2021,451089162,4,9,0,2,2,0,0,6,6,0,0,0,0,0,0,1,5,6,1,60,9,2480,1,5,AUDI RS3,8,E01030552,0,-1
2021010343694,2021,010343694,1,9,0,18,19,3,7,0,0,0,0,0,7,0,1,1,6,6,1,41,7,2480,1,1,AUDI RS3,3,E01017654,0,-1
2021991074465,2021,991074465,1,9,0,13,13,7,3,0,0,1,0,0,0,0,1,1,2,2,1,22,5,2480,1,3,AUDI RS3,6,-1,0,-1
2021471083727,2021,471083727,2,9,0,18,19,5,1,0,0,8,0,0,0,0,1,1,6,6,1,29,6,2480,1,6,AUDI RS3,2,E01031456,0,-1
2021622100454,2021,622100454,1,9,0,18,19,2,6,0,0,8,0,0,0,0,1,1,6,6,1,25,5,2480,1,3,AUDI RS3,2,W01001862,0,-1
2021201083062,2021,201083062,1,9,0,18,19,2,6,0,0,8,0,0,0,0,4,1,6,6,1,26,6,2480,1,2,AUDI RS3,1,E01009491,0,-1
2021411067628,2021,411067628,2,9,0,4,4,6,2,0,0,0,0,0,0,0,2,1,5,6,1,32,6,2480,1,6,AUDI RS3,7,E01023514,0,-1
2021430506451,2021,430506451,2,9,0,18,19,6,2,0,0,4,0,0,0,0,3,1,6,6,1,-1,-1,2480,1,3,AUDI RS3,-1,-1,0,-1
2021161018113,2021,161018113,1,9,0,18,19,8,4,0,0,2,0,0,0,0,1,1,5,6,1,28,6,2480,1,4,AUDI RS3,5,E01012824,0,-1
2021141086940,2021,141086940,1,9,0,-1,-1,-1,-1,-1,-1,1,-1,-1,-1,0,1,1,6,6,3,-1,-1,2480,1,2,AUDI RS3,-1,-1,0,-1
2021010347177,2021,010347177,1,9,0,14,14,2,6,0,0,2,0,0,0,0,4,1,6,6,3,-1,-1,3996,1,0,-1,-1,-1,0,-1
2021122100957,2021,122100957,1,23,0,18,19,1,2,0,0,1,0,0,0,0,2,1,1,1,1,17,4,-1,3,1,-1,-1,-1,0,-1
2021052101317,2021,052101317,2,11,0,18,19,3,7,0,0,8,0,0,0,0,3,1,1,1,1,50,8,9360,2,10,-1,2,E01007091,0,-1
2021221035235,2021,221035235,3,20,0,9,9,1,7,0,0,5,0,0,0,0,2,1,1,1,1,28,6,6700,2,4,DAF TRUCKS MODEL MISSING,10,E01028942,0,-1
2021501030636,2021,501030636,1,20,0,8,8,1,5,0,0,0,0,0,0,0,0,1,1,1,1,59,9,-1,-1,-1,DAF TRUCKS MODEL MISSING,5,E01015139,0,-1
2021622100621,2021,622100621,1,21,0,18,19,2,6,0,0,0,0,0,0,0,1,1,1,1,1,28,6,-1,-1,-1,DAF TRUCKS MODEL MISSING,1,W01001073,0,-1
2021440024951,2021,440024951,2,21,0,2,2,0,0,0,0,0,0,0,0,0,2,1,1,1,1,29,6,12902,2,7,DAF TRUCKS MODEL MISSING,8,E01018655,0,-1
2021421015427,2021,421015427,1,21,0,11,11,5,1,0,0,0,0,0,0,0,4,1,1,1,1,39,7,10837,2,1,DAF TRUCKS MODEL MISSING,6,E01033054,0,-1
2021991085410,2021,991085410,1,90,0,1,1,7,3,0,0,1,0,0,0,0,2,1,1,1,1,46,8,4461,2,10,DAF TRUCKS MODEL MISSING,8,-1,0,-1
2021221017090,2021,221017090,1,21,1,17,19,7,4,0,0,0,3,0,1,0,4,1,1,1,1,57,9,10837,2,4,DAF TRUCKS MODEL MISSING,2,E01008881,0,-1
2021501100313,2021,501100313,2,21,0,18,19,1,5,0,0,0,0,0,0,0,4,1,1,1,1,57,9,6700,2,0,DAF TRUCKS MODEL MISSING,10,E01022339,0,-1
2021440244644,2021,440244644,1,20,0,2,2,0,0,0,0,0,0,0,0,0,1,1,1,1,1,54,8,6700,2,4,DAF TRUCKS MODEL MISSING,7,E01023168,0,-1
2021461102990,2021,461102990,2,21,0,18,19,2,6,0,0,0,0,0,0,0,2,1,1,1,1,-1,-1,10837,2,3,DAF TRUCKS MODEL MISSING,-1,-1,0,-1
2021131115469,2021,131115469,2,21,0,18,19,1,5,0,0,1,0,0,0,0,1,1,1,1,1,31,6,6700,2,7,DAF TRUCKS MODEL MISSING,2,E01011771,0,-1
2021302100397,2021,302100397,1,19,0,5,5,0,0,0,0,1,0,0,0,0,3,1,1,1,1,21,5,-1,-1,-1,DAF TRUCKS MODEL MISSING,1,E01027140,0,-1
2021010344131,2021,010344131,2,20,0,1,1,4,8,0,0,0,0,0,0,0,2,1,6,6,1,31,6,6700,2,6,DAF TRUCKS MODEL MISSING,-1,-1,0,-1
2021211077552,2021,211077552,2,20,1,18,19,1,7,0,0,0,0,0,0,0,1,1,1,1,1,28,6,-1,-1,-1,DAF TRUCKS MODEL MISSING,4,E01010304,0,-1
2021010308777,2021,010308777,3,21,1,18,19,3,7,0,0,1,0,0,0,0,1,1,1,1,1,41,7,6700,2,5,DAF TRUCKS MODEL MISSING,10,E01021284,0,-1
2021440388224,2021,440388224,1,21,1,18,19,7,3,0,0,0,0,0,0,0,1,1,1,1,1,52,8,12900,2,7,DAF TRUCKS MODEL MISSING,10,E01014901,0,-1
2021991018091,2021,991018091,1,21,0,18,19,3,7,0,0,0,0,0,0,0,1,1,1,1,1,49,8,6700,2,1,DAF TRUCKS MODEL MISSING,8,-1,0,-1
2021440003361,2021,440003361,3,20,0,3,3,7,3,0,0,1,0,0,0,0,2,1,1,1,1,57,9,6700,2,6,DAF TRUCKS MODEL MISSING,4,E01023144,0,-1
2021010316196,2021,010316196,2,19,0,2,2,0,0,0,0,0,0,0,0,0,3,1,6,6,3,-1,-1,4500,2,6,DAF TRUCKS MODEL MISSING,-1,-1,0,-1
2021991071668,2021,991071668,2,21,1,17,19,7,3,0,0,0,0,0,7,0,1,1,1,1,1,57,9,12902,2,2,DAF TRUCKS MODEL MISSING,9,-1,0,-1
2021401068998,2021,401068998,3,21,1,4,4,3,7,0,0,8,0,0,0,0,0,1,1,1,1,37,7,4500,2,6,DAF TRUCKS MODEL MISSING,3,E01023496,0,-1
2021430556218,2021,430556218,1,21,0,9,9,4,8,0,0,1,0,0,0,0,1,1,1,1,1,61,9,12902,2,3,DAF TRUCKS MODEL MISSING,-1,-1,0,-1
2021471030485,2021,471030485,1,21,0,18,19,4,8,0,0,0,0,0,0,0,1,1,1,1,1,46,8,6693,2,8,DAF TRUCKS MODEL MISSING,5,E01031794,0,-1
2021501060723,2021,501060723,2,21,1,18,19,6,2,0,0,0,0,0,0,0,2,1,2,2,1,58,9,12902,2,2,DAF TRUCKS MODEL MISSING,4,E01010361,0,-1
2021351107181,2021,351107181,1,21,1,18,19,5,1,0,0,8,0,0,0,0,1,1,1,1,1,62,9,12902,2,2,DAF TRUCKS MODEL MISSING,8,E01032996,0,-1
2021221034362,2021,221034362,1,21,4,16,19,8,3,0,0,0,0,0,0,0,2,1,1,1,1,34,6,12902,2,6,DAF TRUCKS MODEL MISSING,3,E01009606,0,-1
2021070401964,2021,070401964,1,20,0,4,4,3,7,0,0,0,0,0,0,0,1,1,1,1,1,28,6,4500,2,5,DAF TRUCKS MODEL MISSING,1,E01006430,0,-1
2021122101200,2021,122101200,2,20,0,18,19,5,1,0,0,0,0,0,0,0,3,1,1,1,1,19,4,6700,2,7,DAF TRUCKS MODEL MISSING,7,E01013419,0,-1
2021221052307,2021,221052307,1,21,4,5,5,8,4,0,0,4,0,0,0,0,1,1,1,1,1,70,10,12900,2,7,DAF TRUCKS MODEL MISSING,6,E01014184,0,-1
2021461116440,2021,461116440,2,21,1,18,19,3,7,0,0,0,0,0,0,0,2,1,1,1,1,54,8,10837,2,2,DAF TRUCKS MODEL MISSING,9,E01016169,0,-1
2021131098696,2021,131098696,1,21,0,18,19,5,1,0,0,1,0,0,0,0,1,1,1,1,1,57,9,12902,2,3,DAF TRUCKS MODEL MISSING,6,E01028051,0,-1
2021231023679,2021,231023679,1,21,1,12,12,8,4,0,0,0,0,0,0,0,3,2,1,1,1,38,7,12902,2,5,DAF TRUCKS MODEL MISSING,-1,-1,0,-1
2021991015854,2021,991015854,1,21,1,15,15,3,7,0,0,0,4,0,2,0,3,1,1,1,1,69,10,12902,2,4,DAF TRUCKS MODEL MISSING,4,-1,0,-1
2021552100841,2021,552100841,2,21,1,18,19,1,5,0,0,8,0,0,0,0,4,1,6,6,1,29,6,12902,2,9,DAF TRUCKS MODEL MISSING,6,E01029227,0,-1
2021351128594,2021,351128594,1,21,0,18,19,6,2,0,0,0,0,0,0,0,1,1,1,1,1,61,9,12902,2,0,DAF TRUCKS MODEL MISSING,6,E01018264,0,-1
2021552100790,2021,552100790,2,21,0,18,19,1,5,0,0,0,0,0,0,0,3,1,1,1,1,60,9,6700,2,3,DAF TRUCKS MODEL MISSING,8,E01015407,0,-1
2021440135987,2021,440135987,2,20,0,18,19,4,8,0,0,0,0,0,0,0,1,1,6,6,1,56,9,4461,2,10,DAF TRUCKS MODEL MISSING,-1,-1,0,-1
2021010307099,2021,010307099,1,20,0,18,19,7,3,0,0,1,0,0,0,0,1,1,1,1,1,37,7,4500,2,4,DAF TRUCKS MODEL MISSING,5,E01023332,0,-1
2021320408855,2021,320408855,1,21,1,4,4,1,5,7,6,0,0,0,0,0,0,1,1,1,1,29,6,12902,2,6,DAF TRUCKS MODEL MISSING,3,E01026043,0,-1
2021440250114,2021,440250114,2,21,0,5,5,1,5,0,0,4,0,0,0,0,1,1,1,1,1,40,7,10837,2,2,DAF TRUCKS MODEL MISSING,1,E01017037,0,-1
2021451024710,2021,451024710,2,21,0,3,3,1,1,0,0,0,0,0,0,0,0,1,6,6,1,44,7,6700,2,2,DAF TRUCKS MODEL MISSING,7,E01030851,0,-1
2021031125154,2021,031125154,2,21,1,18,19,7,4,0,0,0,0,0,0,0,1,1,1,1,1,60,9,12902,2,1,DAF TRUCKS MODEL MISSING,5,E01013308,0,-1
2021501133832,2021,501133832,5,19,0,18,19,5,1,0,0,0,0,0,0,0,2,1,1,1,1,53,8,4500,2,5,DAF TRUCKS MODEL MISSING,9,E01033234,0,-1
2021361107620,2021,361107620,2,21,1,18,19,1,5,0,0,1,0,0,0,0,-1,1,1,1,1,-1,-1,12902,2,3,DAF TRUCKS MODEL MISSING,6,E01026431,0,-1
2021991061063,2021,991061063,2,21,0,2,2,0,0,0,0,0,0,0,0,0,0,1,6,6,3,-1,-1,-1,-1,-1,DAF TRUCKS MODEL MISSING,-1,-1,0,-1
2021522200913,2021,522200913,1,21,0,5,5,1,5,0,0,0,0,4,0,0,4,1,6,6,1,61,9,-1,-1,-1,DAF TRUCKS MODEL MISSING,4,E01014645,0,-1
2021231068403,2021,231068403,2,21,1,3,3,1,5,0,0,1,0,0,0,0,2,1,1,1,1,40,7,4500,2,2,DAF TRUCKS MODEL MISSING,7,E01031334,0,-1
2021231108796,2021,231108796,2,21,1,18,19,3,7,0,0,0,0,0,0,0,2,1,1,1,1,62,9,12902,2,3,DAF TRUCKS MODEL MISSING,5,E01026290,0,-1
2021361145542,2021,361145542,1,21,1,18,19,7,3,0,0,0,0,0,0,0,4,1,1,1,1,27,6,10837,2,5,DAF TRUCKS MODEL MISSING,5,E01026668,0,-1
2021221020965,2021,221020965,1,21,5,3,3,5,1,0,0,0,0,0,0,0,2,1,1,1,2,47,8,6700,2,5,DAF TRUCKS MODEL MISSING,4,E01024702,0,-1
2021010316822,2021,010316822,1,21,0,3,3,7,3,0,0,0,0,0,0,0,2,1,1,1,1,45,7,10837,2,0,DAF TRUCKS MODEL MISSING,5,E01021426,0,-1
2021010311213,2021,010311213,1,21,1,7,7,3,6,0,0,8,0,0,0,0,4,1,1,1,1,58,9,6700,2,7,DAF TRUCKS MODEL MISSING,7,E01024288,0,-1
2021421077513,2021,421077513,2,20,0,10,10,5,1,0,0,1,0,0,0,0,3,1,1,1,2,38,7,6700,2,2,DAF TRUCKS MODEL MISSING,4,E01021799,0,-1
2021122100161,2021,122100161,1,21,0,10,10,1,3,0,0,2,0,4,0,0,1,1,1,1,1,41,7,10837,2,5,DAF TRUCKS MODEL MISSING,1,E01005133,0,-1
2021031068267,2021,031068267,2,21,1,4,4,5,1,0,0,0,0,0,0,0,2,1,1,1,1,45,7,12902,2,2,DAF TRUCKS MODEL MISSING,8,E01006302,0,-1
2021991019118,2021,991019118,1,21,1,18,19,8,4,0,0,0,3,0,1,0,1,1,1,1,1,46,8,12902,2,3,DAF TRUCKS MODEL MISSING,3,-1,0,-1
2021070716100,2021,070716100,3,21,1,18,19,5,1,0,0,0,0,0,0,0,1,1,1,1,1,41,7,10837,2,7,DAF TRUCKS MODEL MISSING,3,E01033388,0,-1
2021430081399,2021,430081399,1,21,0,11,11,2,4,0,0,8,0,0,0,0,4,1,1,1,1,47,8,12900,2,13,DAF TRUCKS MODEL MISSING,4,E01017902,0,-1
2021461108131,2021,461108131,1,21,0,18,19,4,1,0,0,8,0,0,0,0,0,1,1,1,1,-1,-1,9186,2,8,DAF TRUCKS MODEL MISSING,4,E01024587,0,-1
2021421111501,2021,421111501,1,21,1,18,19,4,8,0,0,0,0,0,0,0,1,1,6,6,1,39,7,12902,2,3,DAF TRUCKS MODEL MISSING,2,E01015633,0,-1
2021010311986,2021,010311986,2,19,0,4,4,3,7,0,0,1,0,0,0,0,2,1,1,1,1,56,9,4500,2,6,DAF TRUCKS MODEL MISSING,6,E01027051,0,-1
2021010321529,2021,010321529,1,21,4,18,19,7,3,0,0,1,0,0,0,0,1,1,1,1,1,72,10,12902,2,3,DAF TRUCKS MODEL MISSING,4,W01000927,0,-1
2021231029132,2021,231029132,1,21,1,8,8,3,5,0,0,6,0,0,0,0,1,1,1,1,1,43,7,5900,2,14,DAF TRUCKS MODEL MISSING,6,E01009676,0,-1