collision_index,collision_year,collision_ref_no,vehicle_reference,vehicle_type,towing_and_articulation,vehicle_manoeuvre_historic,vehicle_manoeuvre,vehicle_direction_from,vehicle_direction_to,vehicle_location_restricted_lane_historic,vehicle_location_restricted_lane,junction_location,skidding_and_overturning,hit_object_in_carriageway,vehicle_leaving_carriageway,hit_object_off_carriageway,first_point_of_impact,vehicle_left_hand_drive,journey_purpose_of_driver_historic,journey_purpose_of_driver,sex_of_driver,age_of_driver,age_band_of_driver,engine_capacity_cc,propulsion_code,age_of_vehicle,generic_make_model,driver_imd_decile,lsoa_of_driver,escooter_flag,driver_distance_banding
2021548911321,2021,548911321,2,20,0,16,19,5,8,0,0,0,0,0,0,0,3,1,1,1,1,55,8,-1,-1,-1,DAF TRUCKS MODEL MISSING,7,E01031979,0,-1
2021421092304,2021,421092304,1,20,0,18,19,6,2,0,0,0,1,0,0,0,1,1,1,1,1,61,9,4500,2,6,DAF TRUCKS MODEL MISSING,5,E01023332,0,-1
2021461115263,2021,461115263,1,19,0,18,19,7,3,0,0,1,0,0,0,0,4,1,6,6,1,51,8,6700,2,4,DAF TRUCKS MODEL MISSING,4,E01024777,0,-1
2021461034302,2021,461034302,2,20,1,17,19,1,3,0,0,0,0,0,0,0,3,1,1,1,1,47,8,-1,-1,-1,DAF TRUCKS MODEL MISSING,9,E01017417,0,-1
2021211108572,2021,211108572,2,21,1,13,13,1,5,0,0,0,0,0,0,0,4,1,1,1,1,51,8,12902,2,6,DAF TRUCKS MODEL MISSING,1,E01024908,0,-1
2021031058138,2021,031058138,2,21,1,18,19,1,5,0,0,0,1,0,0,0,1,1,1,1,1,30,6,12902,2,4,DAF TRUCKS MODEL MISSING,7,-1,0,-1
2021070172666,2021,070172666,1,20,0,4,4,4,8,0,0,0,0,0,0,0,2,1,1,1,1,62,9,10800,2,6,DAF TRUCKS MODEL MISSING,2,E01018400,0,-1
202131B022721,2021,31B022721,1,21,1,18,19,1,5,0,0,0,0,0,0,0,1,2,1,1,1,61,9,12902,2,0,DAF TRUCKS MODEL MISSING,6,E01019748,0,-1
2021461060432,2021,461060432,1,21,1,10,10,1,5,0,0,0,0,0,0,0,2,1,2,2,1,52,8,12902,2,2,DAF TRUCKS MODEL MISSING,1,E01026960,0,-1
202131A088721,2021,31A088721,2,21,1,2,2,0,0,0,0,0,0,0,0,0,2,1,1,1,1,47,8,12902,2,7,DAF TRUCKS MODEL MISSING,5,E01025821,0,-1
2021231019933,2021,231019933,1,21,1,7,7,3,5,0,0,6,0,0,0,0,3,1,1,1,1,52,8,10837,2,2,DAF TRUCKS MODEL MISSING,5,E01010542,0,-1
2021070025033,2021,070025033,1,20,0,17,19,8,5,0,0,0,2,0,1,4,1,1,1,1,1,30,6,4462,2,8,DAF TRUCKS MODEL MISSING,6,E01005623,0,-1
202131A026121,2021,31A026121,1,21,1,9,9,7,5,0,0,6,0,0,0,0,1,1,1,1,1,74,10,12900,2,15,DAF TRUCKS MODEL MISSING,7,E01007658,0,-1
2021010334515,2021,010334515,1,21,0,9,9,7,5,0,0,8,0,0,0,0,4,1,6,6,3,-1,-1,4462,2,7,DAF TRUCKS MODEL MISSING,-1,-1,0,-1
2021991019141,2021,991019141,1,21,1,17,19,2,6,0,0,1,3,0,7,1,1,1,1,1,1,61,9,12902,2,8,DAF TRUCKS MODEL MISSING,1,E01005610,0,-1
2021440149298,2021,440149298,3,21,0,18,19,0,0,0,0,0,0,0,0,0,2,1,1,1,1,61,9,4500,2,0,DAF TRUCKS MODEL MISSING,5,E01022832,0,-1
2021430472505,2021,430472505,1,21,0,9,9,6,4,0,0,6,0,0,0,0,1,1,1,1,1,61,9,10800,2,7,DAF TRUCKS MODEL MISSING,3,E01030711,0,-1
2021501086904,2021,501086904,1,21,1,18,19,2,6,0,0,0,0,0,0,0,1,1,1,1,1,46,8,10837,2,2,DAF TRUCKS MODEL MISSING,6,E01019893,0,-1
2021221120936,2021,221120936,1,21,1,18,19,1,5,0,0,0,0,6,1,11,1,1,1,1,1,30,6,12900,2,9,DAF TRUCKS MODEL MISSING,2,E01013993,0,-1
2021221013728,2021,221013728,2,21,1,18,19,1,5,0,0,0,1,0,0,0,4,1,1,1,1,56,9,12902,2,2,DAF TRUCKS MODEL MISSING,9,E01031183,0,-1
2021061042601,2021,061042601,2,20,0,18,19,6,2,0,0,0,0,0,0,0,1,1,1,1,1,52,8,6700,2,5,DAF TRUCKS MODEL MISSING,2,E01025381,0,-1
2021010313665,2021,010313665,1,21,0,18,19,7,3,0,0,0,0,0,0,0,1,1,6,6,1,69,10,4500,2,5,DAF TRUCKS MODEL MISSING,6,E01023601,0,-1
2021010290147,2021,010290147,1,20,0,3,3,3,7,0,0,1,0,0,0,0,3,1,1,1,1,51,8,4500,2,4,DAF TRUCKS MODEL MISSING,4,E01021776,0,-1
2021991076227,2021,991076227,2,19,0,18,19,3,8,0,0,3,0,0,0,0,1,1,1,1,1,56,9,4461,2,13,DAF TRUCKS MODEL MISSING,-1,-1,0,-1
2021302100199,2021,302100199,1,21,1,18,19,8,5,0,0,0,5,0,1,3,4,1,1,1,1,50,8,12902,2,8,DAF TRUCKS MODEL MISSING,9,E01019446,0,-1
2021991025234,2021,991025234,1,21,0,7,7,5,8,0,0,8,0,0,0,0,1,1,1,1,1,48,8,10837,2,2,DAF TRUCKS MODEL MISSING,3,-1,0,-1
2021461064311,2021,461064311,1,21,0,18,19,3,7,0,0,0,0,0,0,0,1,1,1,1,1,50,8,10837,2,6,DAF TRUCKS MODEL MISSING,7,E01024140,0,-1
2021991019642,2021,991019642,1,90,0,4,4,8,4,0,0,1,0,0,0,0,1,1,1,1,1,30,6,10837,2,1,DAF TRUCKS MODEL MISSING,2,-1,0,-1
2021430370144,2021,430370144,1,21,0,11,11,8,4,0,0,0,0,0,0,0,4,1,1,1,1,56,9,12902,2,1,DAF TRUCKS MODEL MISSING,2,E01029351,0,-1
2021061111957,2021,061111957,1,20,1,18,19,3,7,0,0,0,0,0,0,0,3,1,5,6,3,30,6,10837,2,5,DAF TRUCKS MODEL MISSING,-1,-1,0,-1
2021211048297,2021,211048297,1,21,1,18,19,1,5,0,0,0,0,0,0,0,1,1,1,1,1,67,10,12900,2,9,DAF TRUCKS MODEL MISSING,6,E01026260,0,-1
2021122100874,2021,122100874,1,21,0,5,5,1,7,0,0,8,0,0,0,0,2,1,1,1,1,32,6,12900,2,7,DAF TRUCKS MODEL MISSING,3,E01011048,0,-1
2021991070235,2021,991070235,1,21,4,16,19,2,6,0,0,0,5,0,0,0,3,1,1,1,1,35,6,12902,2,0,DAF TRUCKS MODEL MISSING,6,-1,0,-1
2021201048811,2021,201048811,1,19,0,18,19,-1,-1,0,0,1,0,0,0,0,2,1,6,6,3,-1,-1,6700,2,4,DAF TRUCKS MODEL MISSING,-1,-1,0,-1
2021991102009,2021,991102009,2,21,0,5,5,7,3,0,0,1,0,0,0,0,1,1,1,1,1,32,6,12902,2,5,DAF TRUCKS MODEL MISSING,-1,-1,0,-1
2021010298671,2021,010298671,2,21,1,18,19,5,1,0,0,2,0,0,0,0,0,1,1,1,2,57,9,6700,2,2,DAF TRUCKS MODEL MISSING,-1,-1,0,-1
2021461126703,2021,461126703,5,21,1,18,19,1,5,0,0,0,0,11,0,0,2,1,1,1,1,58,9,10837,2,1,DAF TRUCKS MODEL MISSING,3,E01012181,0,-1
2021440275681,2021,440275681,1,19,0,1,1,2,6,0,0,0,0,0,0,0,2,1,1,1,1,55,8,6700,2,1,DAF TRUCKS MODEL MISSING,3,E01000622,0,-1
2021010323698,2021,010323698,1,20,0,7,7,1,3,0,0,8,1,0,0,0,4,1,1,1,1,45,7,4500,2,6,DAF TRUCKS MODEL MISSING,2,E01004718,0,-1
2021361031963,2021,361031963,2,21,1,4,4,1,6,0,0,0,0,0,0,0,2,1,1,1,3,53,8,12902,2,2,DAF TRUCKS MODEL MISSING,6,E01026431,0,-1
2021231091035,2021,231091035,1,21,1,18,19,6,2,0,0,3,5,0,0,0,0,1,1,1,1,36,7,10837,2,4,DAF TRUCKS MODEL MISSING,2,E01032461,0,-1
2021991082983,2021,991082983,2,21,1,18,19,3,7,0,0,0,0,0,0,0,1,1,1,1,1,53,8,12902,2,2,DAF TRUCKS MODEL MISSING,8,E01026191,0,-1
2021131099421,2021,131099421,2,20,0,18,19,2,6,0,0,0,0,0,0,0,4,1,1,1,1,47,8,4500,2,4,DAF TRUCKS MODEL MISSING,2,E01007464,0,-1
2021302101911,2021,302101911,2,21,0,2,2,0,0,0,0,0,0,0,0,0,2,1,1,1,1,52,8,10837,2,1,DAF TRUCKS MODEL MISSING,2,E01020741,0,-1
2021440338980,2021,440338980,4,19,0,2,2,3,7,0,0,0,0,0,0,0,2,1,1,1,1,30,6,-1,-1,-1,DAF TRUCKS MODEL MISSING,4,E01017198,0,-1
2021070659998,2021,070659998,1,20,0,18,19,5,1,9,9,0,0,0,0,0,1,1,1,1,1,-1,-1,4500,2,3,DAF TRUCKS MODEL MISSING,6,E01029461,0,-1
2021351103405,2021,351103405,1,21,0,18,19,7,3,0,0,8,0,0,0,0,1,1,1,1,1,66,10,4461,2,10,DAF TRUCKS MODEL MISSING,1,E01013604,0,-1
2021010330967,2021,010330967,1,21,1,3,3,7,3,0,0,1,0,0,0,0,4,1,1,1,1,52,8,12902,2,7,DAF TRUCKS MODEL MISSING,1,E01024278,0,-1
2021320579899,2021,320579899,1,21,0,18,19,5,1,0,0,0,0,0,0,0,4,1,1,1,1,65,9,12902,2,5,DAF TRUCKS MODEL MISSING,-1,-1,0,-1
2021546105221,2021,546105221,1,20,0,18,19,3,7,0,0,1,0,0,0,0,1,1,6,6,1,50,8,-1,-1,-1,DAF TRUCKS MODEL MISSING,-1,-1,0,-1
2021010320979,2021,010320979,2,21,9,99,99,9,9,99,99,9,9,99,9,99,9,9,6,6,3,-1,-1,6700,2,1,DAF TRUCKS MODEL MISSING,-1,-1,0,-1
2021221045630,2021,221045630,3,21,1,18,19,1,5,0,0,0,0,0,0,0,1,1,1,1,1,51,8,12902,2,1,DAF TRUCKS MODEL MISSING,1,E01010031,0,-1
2021070840124,2021,070840124,4,21,1,18,19,2,6,0,0,0,0,0,0,0,4,1,1,1,1,38,7,12902,2,4,DAF TRUCKS MODEL MISSING,3,E01028062,0,-1
2021471040976,2021,471040976,2,19,0,3,3,7,4,0,0,2,0,0,0,0,3,1,1,1,1,35,6,4500,2,4,DAF TRUCKS MODEL MISSING,7,E01024813,0,-1
2021010299536,2021,010299536,2,19,0,7,7,6,7,0,0,2,0,0,0,0,1,1,1,1,1,51,8,-1,-1,-1,DAF TRUCKS MODEL MISSING,2,E01002312,0,-1
2021430036458,2021,430036458,1,21,1,18,19,4,8,0,0,0,3,7,6,6,3,1,1,1,1,35,6,10837,2,0,DAF TRUCKS MODEL MISSING,3,E01028519,0,-1
2021131065373,2021,131065373,1,19,0,17,19,3,7,0,0,0,0,0,0,0,0,1,1,1,1,59,9,4500,2,5,DAF TRUCKS MODEL MISSING,4,E01009628,0,-1
2021131118326,2021,131118326,1,21,0,18,19,2,6,0,0,8,0,0,0,0,1,1,1,1,1,57,9,4500,2,3,DAF TRUCKS MODEL MISSING,1,E01011292,0,-1
2021991053367,2021,991053367,2,21,0,18,19,1,5,0,0,8,0,0,0,0,4,1,1,1,1,41,7,6692,2,10,DAF TRUCKS MODEL MISSING,2,-1,0,-1
2021201076230,2021,201076230,1,19,0,18,19,6,2,0,0,0,0,0,0,0,0,1,1,1,1,43,7,4462,2,7,DAF TRUCKS MODEL MISSING,1,E01010111,0,-1
2021031029740,2021,031029740,2,21,0,5,5,1,5,0,0,8,0,0,0,0,1,1,1,1,1,55,8,10837,2,1,DAF TRUCKS MODEL MISSING,6,E01019130,0,-1
2021010320980,2021,010320980,2,21,0,3,3,5,1,0,0,0,0,0,0,0,1,1,1,1,1,42,7,12902,2,7,DAF TRUCKS MODEL MISSING,3,E01016021,0,-1
2021552101020,2021,552101020,3,20,0,4,4,8,4,0,0,0,0,0,0,0,2,1,1,1,1,26,6,4500,2,2,DAF TRUCKS MODEL MISSING,7,E01031462,0,-1
2021101117493,2021,101117493,1,21,1,18,19,1,5,0,0,4,0,0,0,0,1,1,1,1,1,37,7,10837,2,1,DAF TRUCKS MODEL MISSING,3,E01011868,0,-1
2021991118576,2021,991118576,2,21,0,18,19,8,3,0,0,0,0,0,0,0,4,1,1,1,1,57,9,12902,2,1,DAF TRUCKS MODEL MISSING,6,-1,0,-1
2021421052092,2021,421052092,1,21,1,18,19,3,7,0,0,0,0,0,0,0,1,1,1,1,1,44,7,12902,2,6,DAF TRUCKS MODEL MISSING,2,E01030170,0,-1
2021010307143,2021,010307143,2,21,1,11,11,7,3,0,0,0,0,0,0,0,4,1,1,1,1,35,6,12902,2,8,DAF TRUCKS MODEL MISSING,7,W01000494,0,-1
2021421030439,2021,421030439,1,21,0,15,15,2,7,0,0,1,0,0,0,0,1,1,1,1,1,50,8,4500,2,4,DAF TRUCKS MODEL MISSING,-1,-1,0,-1
2021221068137,2021,221068137,1,21,1,2,2,0,0,0,0,0,0,0,0,0,0,1,1,1,1,47,8,12900,2,9,DAF TRUCKS MODEL MISSING,8,E01032233,0,-1
2021211143904,2021,211143904,2,20,0,18,19,1,5,0,0,0,0,0,0,0,1,1,1,1,1,53,8,4500,2,0,DAF TRUCKS MODEL MISSING,2,E01014266,0,-1
2021302101412,2021,302101412,3,21,0,18,19,6,2,0,0,0,0,0,0,0,0,1,1,1,3,-1,-1,4462,2,8,DAF TRUCKS MODEL MISSING,5,E01019456,0,-1
2021131089146,2021,131089146,1,20,0,-1,-1,-1,-1,-1,-1,0,-1,-1,-1,-1,-1,1,6,6,1,50,8,6692,2,10,DAF TRUCKS MODEL MISSING,1,E01010654,0,-1
2021010307001,2021,010307001,1,19,0,18,19,7,3,0,0,4,0,0,7,0,4,1,1,1,1,25,5,6700,2,1,DAF TRUCKS MODEL MISSING,4,E01028445,0,-1
2021461117497,2021,461117497,1,21,1,16,19,2,6,0,0,0,0,0,0,0,1,1,1,1,1,72,10,12902,2,3,DAF TRUCKS MODEL MISSING,4,-1,0,-1
2021351011395,2021,351011395,2,21,1,2,2,6,2,6,6,0,0,0,0,0,2,1,1,1,1,52,8,12902,2,2,DAF TRUCKS MODEL MISSING,5,E01026816,0,-1
202131A066021,2021,31A066021,1,20,0,18,19,4,8,0,0,2,0,0,0,0,3,1,1,1,1,51,8,10837,2,5,DAF TRUCKS MODEL MISSING,5,E01019501,0,-1
2021101117597,2021,101117597,1,21,0,11,11,3,7,0,0,0,0,0,0,0,4,1,1,1,1,35,6,12902,2,0,DAF TRUCKS MODEL MISSING,1,E01012060,0,-1
2021430452278,2021,430452278,2,21,0,18,19,7,3,0,0,0,0,0,0,0,3,1,1,1,1,64,9,12902,2,6,DAF TRUCKS MODEL MISSING,1,E01024610,0,-1
202134WNC9111,2021,34WNC9111,1,20,0,18,19,1,5,0,0,0,0,0,0,0,1,1,1,1,1,34,6,6700,2,5,DAF TRUCKS MODEL MISSING,-1,-1,0,-1
2021320633078,2021,320633078,2,21,0,18,19,4,8,0,0,0,0,0,0,0,1,1,1,1,2,42,7,12900,2,10,DAF TRUCKS MODEL MISSING,3,E01026059,0,-1
2021010311616,2021,010311616,1,21,0,2,2,0,0,0,0,2,0,0,0,0,0,1,6,6,3,-1,-1,6700,2,4,DAF TRUCKS MODEL MISSING,-1,-1,0,-1
2021430203171,2021,430203171,1,20,0,18,19,3,7,0,0,0,0,0,0,0,1,1,1,1,1,41,7,6700,2,6,DAF TRUCKS MODEL MISSING,10,E01023436,0,-1
2021010320018,2021,010320018,1,21,0,5,5,5,1,0,0,1,0,0,0,0,3,1,1,1,1,30,6,4500,2,5,DAF TRUCKS MODEL MISSING,5,E01000131,0,-1
2021010316913,2021,010316913,1,20,0,11,11,1,5,0,0,2,0,0,0,0,1,1,1,1,1,27,6,10837,2,1,DAF TRUCKS MODEL MISSING,2,E01021816,0,-1
2021501098314,2021,501098314,1,20,0,18,19,2,6,0,0,0,5,0,1,9,4,1,1,1,1,44,7,4500,2,0,DAF TRUCKS MODEL MISSING,2,E01015086,0,-1
2021010330094,2021,010330094,1,19,0,6,6,7,7,0,0,8,0,0,1,0,1,1,6,6,3,-1,-1,4461,2,12,DAF TRUCKS MODEL MISSING,-1,-1,0,-1
2021302100843,2021,302100843,1,21,1,16,19,2,6,0,0,0,5,0,7,4,4,1,1,1,1,19,4,12900,2,10,DAF TRUCKS MODEL MISSING,6,E01012730,0,-1
2021522201585,2021,522201585,1,21,0,18,19,2,5,0,0,0,0,0,0,0,1,1,6,6,1,58,9,4500,2,3,DAF TRUCKS MODEL MISSING,5,E01014820,0,-1
2021351111271,2021,351111271,1,21,1,12,12,1,5,0,0,0,3,0,6,0,1,1,1,1,1,56,9,12902,2,8,DAF TRUCKS MODEL MISSING,2,E01015657,0,-1
2021010293815,2021,010293815,2,21,0,18,19,7,3,0,0,8,0,0,0,0,4,1,1,1,1,42,7,6700,2,2,DAF TRUCKS MODEL MISSING,6,E01016817,0,-1
2021131119480,2021,131119480,1,21,0,11,11,7,3,0,0,0,0,0,0,0,4,1,1,1,1,58,9,12902,2,4,DAF TRUCKS MODEL MISSING,5,E01012902,0,-1
2021031103459,2021,031103459,2,21,1,18,19,1,5,0,0,0,0,0,0,0,2,1,1,1,1,60,9,12902,2,4,DAF TRUCKS MODEL MISSING,-1,-1,0,-1
2021010350130,2021,010350130,1,20,0,6,6,1,1,9,9,2,5,0,1,0,4,1,1,1,1,57,9,4500,2,2,DAF TRUCKS MODEL MISSING,6,E01002327,0,-1
2021421067148,2021,421067148,1,21,1,18,19,1,5,0,0,0,4,4,0,0,1,1,1,1,1,38,7,10837,2,3,DAF TRUCKS MODEL MISSING,5,E01015951,0,-1
2021131102402,2021,131102402,1,21,0,18,19,8,4,0,0,0,0,0,0,0,1,1,1,1,1,60,9,4462,2,8,DAF TRUCKS MODEL MISSING,1,E01011093,0,-1
202131D080521,2021,31D080521,1,21,0,1,1,6,2,0,0,0,0,0,0,0,2,1,1,1,1,23,5,12902,2,1,DAF TRUCKS MODEL MISSING,2,E01013552,0,-1
2021302100528,2021,302100528,2,21,0,18,19,2,6,0,0,8,0,0,0,0,1,1,1,1,1,58,9,10837,2,3,DAF TRUCKS MODEL MISSING,3,E01028127,0,-1
2021461077575,2021,461077575,2,20,0,18,19,4,2,0,0,0,0,0,0,0,1,1,5,6,1,47,8,4461,2,12,DAF TRUCKS MODEL MISSING,8,E01024779,0,-1
20211382M0661,2021,1382M0661,2,21,1,18,19,1,5,0,0,0,0,0,0,0,2,1,1,1,1,40,7,12902,2,2,DAF TRUCKS MODEL MISSING,5,E01011883,0,-1
2021010332906,2021,010332906,2,21,1,10,10,7,5,0,0,1,0,0,0,0,4,1,1,1,1,65,9,10800,2,7,DAF TRUCKS MODEL MISSING,10,E01000684,0,-1
2021010322484,2021,010322484,3,19,0,4,4,1,5,0,0,1,0,0,0,0,1,1,1,1,1,40,7,-1,-1,-1,DAF TRUCKS MODEL MISSING,-1,-1,0,-1
2021122101203,2021,122101203,2,21,0,1,1,5,1,0,0,0,0,0,0,0,2,2,6,6,1,50,8,4500,2,3,DAF TRUCKS MODEL MISSING,7,E01013428,0,-1
2021010350115,2021,010350115,2,21,4,4,4,7,3,0,0,0,0,0,0,0,1,1,1,1,1,32,6,10837,2,4,DAF TRUCKS MODEL MISSING,5,E01023937,0,-1
202134WNC6051,2021,34WNC6051,2,21,1,18,19,5,1,0,0,0,1,0,0,0,2,1,1,1,1,54,8,4500,2,1,DAF TRUCKS MODEL MISSING,6,E01028156,0,-1
2021401085354,2021,401085354,1,21,1,18,19,8,4,0,0,0,1,0,0,0,1,1,1,1,1,44,7,6700,2,3,DAF TRUCKS MODEL MISSING,5,E01005648,0,-1
2021552101157,2021,552101157,1,20,1,18,19,7,3,0,0,0,1,0,0,0,1,1,1,1,1,44,7,-1,-1,-1,DAF TRUCKS MODEL MISSING,2,E01025157,0,-1
202134WNC3671,2021,34WNC3671,1,20,1,12,12,7,3,0,0,4,0,0,0,0,3,1,1,1,1,58,9,-1,-1,-1,DAF TRUCKS MODEL MISSING,8,E01014040,0,-1
2021010338628,2021,010338628,2,19,0,18,19,3,7,0,0,0,0,0,0,0,4,1,1,1,1,34,6,6700,2,0,DAF TRUCKS MODEL MISSING,5,E01030140,0,-1
2021101092582,2021,101092582,1,21,0,7,7,3,6,0,0,8,0,0,0,0,4,1,1,1,1,48,8,12900,2,8,DAF TRUCKS MODEL MISSING,3,E01020649,0,-1
2021520102464,2021,520102464,2,20,1,18,19,3,7,0,0,8,0,0,0,0,2,1,1,1,1,56,9,-1,-1,-1,DAF TRUCKS MODEL MISSING,3,E01007747,0,-1
2021320600109,2021,320600109,1,21,0,18,19,6,2,0,0,0,0,0,0,0,4,1,1,1,1,58,9,4500,2,2,DAF TRUCKS MODEL MISSING,2,E01015594,0,-1
2021991036306,2021,991036306,3,21,1,18,19,8,4,0,0,0,0,0,0,0,2,1,1,1,1,52,8,12902,2,2,DAF TRUCKS MODEL MISSING,2,-1,0,-1
2021461078995,2021,461078995,2,20,0,18,19,2,6,0,0,1,0,0,0,0,1,1,1,1,1,43,7,4500,2,2,DAF TRUCKS MODEL MISSING,2,E01024662,0,-1
2021351115866,2021,351115866,2,21,0,18,19,7,3,0,0,1,0,0,0,0,1,1,1,1,1,53,8,6700,2,6,DAF TRUCKS MODEL MISSING,-1,-1,0,-1
2021231029360,2021,231029360,1,19,0,18,19,4,8,0,0,0,0,0,0,0,4,1,1,1,1,52,8,-1,-1,-1,DAF TRUCKS MODEL MISSING,3,E01025829,0,-1
2021411136635,2021,411136635,1,20,1,11,11,3,7,0,0,0,0,0,0,0,1,1,1,1,1,37,7,-1,-1,-1,DAF TRUCKS MODEL MISSING,2,E01032538,0,-1
2021501087966,2021,501087966,2,20,1,18,19,3,7,0,0,0,1,0,0,0,1,1,1,1,1,41,7,10837,2,0,DAF TRUCKS MODEL MISSING,4,E01020217,0,-1
202131A180621,2021,31A180621,2,21,1,9,9,4,1,0,0,6,0,0,0,0,3,1,6,6,1,59,9,10837,2,4,DAF TRUCKS MODEL MISSING,8,E01031931,0,-1
2021231016285,2021,231016285,2,21,1,1,1,5,3,0,0,5,0,0,0,0,3,1,1,1,1,25,5,10837,2,4,DAF TRUCKS MODEL MISSING,7,E01028725,0,-1
2021991018091,2021,991018091,2,21,0,18,19,7,3,0,0,0,0,0,0,0,1,1,1,1,1,34,6,4462,2,8,DAF TRUCKS MODEL MISSING,3,-1,0,-1
2021351103405,2021,351103405,2,21,0,18,19,5,1,0,0,8,0,0,0,0,1,1,1,1,1,34,6,4500,2,2,DAF TRUCKS MODEL MISSING,7,E01026275,0,-1
2021010294426,2021,010294426,2,20,0,9,9,3,8,0,0,1,0,0,0,0,4,1,1,1,1,45,7,6692,2,13,DAF TRUCKS MODEL MISSING,7,E01001901,0,-1
2021421089492,2021,421089492,3,20,-1,4,4,6,2,0,0,0,0,0,0,0,0,1,1,1,1,-1,-1,4462,2,8,DAF TRUCKS MODEL MISSING,6,E01021917,0,-1
2021991046240,2021,991046240,1,21,1,6,6,6,6,0,0,8,0,0,0,0,3,1,1,1,1,65,9,10837,2,3,DAF TRUCKS MODEL MISSING,9,E01028151,0,-1
2021010340466,2021,010340466,2,20,0,18,19,5,1,0,0,2,0,0,0,0,1,1,4,7,1,-1,-1,-1,-1,-1,DAF TRUCKS MODEL MISSING,3,E01015882,0,-1
2021320724941,2021,320724941,1,21,0,16,19,6,2,0,0,0,5,0,1,0,4,1,1,1,1,66,10,12902,2,3,DAF TRUCKS MODEL MISSING,4,E01026256,0,-1
2021991019993,2021,991019993,2,19,0,18,19,7,3,0,0,1,0,0,0,0,4,1,1,1,1,36,7,4500,2,3,DAF TRUCKS MODEL MISSING,2,-1,0,-1
2021501028147,2021,501028147,2,21,1,18,19,3,7,0,0,0,0,0,0,0,3,1,1,1,1,45,7,12902,2,1,DAF TRUCKS MODEL MISSING,1,E01009482,0,-1
2021010341857,2021,010341857,1,19,4,15,15,5,1,0,0,0,0,0,0,0,1,1,1,1,1,29,6,6700,2,5,DAF TRUCKS MODEL MISSING,3,E01028448,0,-1
2021501025352,2021,501025352,2,20,1,13,13,5,1,0,0,0,0,0,0,0,1,1,1,1,1,68,10,10837,2,6,DAF TRUCKS MODEL MISSING,9,E01014965,0,-1
2021421116282,2021,421116282,2,20,0,18,19,3,7,0,0,0,0,0,0,0,2,1,1,1,1,40,7,6700,2,3,DAF TRUCKS MODEL MISSING,2,E01027243,0,-1
2021170H10231,2021,170H10231,1,21,0,18,19,4,8,0,0,0,0,0,0,0,4,1,1,1,1,55,8,6700,2,6,DAF TRUCKS MODEL MISSING,1,E01011952,0,-1
2021231062682,2021,231062682,1,21,1,18,19,8,4,0,0,3,0,0,0,0,4,1,1,1,1,62,9,12900,2,10,DAF TRUCKS MODEL MISSING,2,E01018091,0,-1
2021170S30171,2021,170S30171,2,21,0,18,19,5,1,0,0,8,0,0,0,0,1,1,1,1,1,56,9,4500,2,1,DAF TRUCKS MODEL MISSING,2,E01012031,0,-1
2021010335311,2021,010335311,1,20,0,5,5,1,5,0,0,1,0,0,0,0,1,1,1,1,1,40,7,10837,2,0,DAF TRUCKS MODEL MISSING,9,E01017585,0,-1
2021421080238,2021,421080238,1,21,0,18,19,6,2,0,0,0,0,4,4,0,1,1,1,1,1,64,9,6700,2,6,DAF TRUCKS MODEL MISSING,2,E01033124,0,-1
2021010309841,2021,010309841,3,21,4,18,19,7,3,0,0,1,0,0,0,0,1,1,1,1,1,32,6,6700,2,1,DAF TRUCKS MODEL MISSING,4,E01001323,0,-1
2021501050322,2021,501050322,1,19,0,18,19,8,4,0,0,0,0,0,0,0,1,1,1,1,1,64,9,-1,-1,-1,DAF TRUCKS MODEL MISSING,1,E01015080,0,-1
2021461038092,2021,461038092,2,19,0,18,19,7,3,0,0,0,0,0,0,0,1,1,1,1,1,31,6,10837,2,4,DAF TRUCKS MODEL MISSING,9,E01024376,0,-1
20211383H0607,2021,1383H0607,1,21,0,18,19,3,7,0,0,0,0,0,0,0,1,1,1,1,1,40,7,10800,2,2,DAF TRUCKS MODEL MISSING,6,E01007706,0,-1
2021440351742,2021,440351742,1,21,0,18,19,4,8,0,0,1,0,0,0,0,4,1,1,1,1,54,8,12900,2,9,DAF TRUCKS MODEL MISSING,4,E01017260,0,-1
2021351022692,2021,351022692,1,19,1,4,4,1,5,0,0,0,0,0,0,0,2,1,1,1,1,36,7,-1,-1,-1,DAF TRUCKS MODEL MISSING,6,E01026341,0,-1
2021543902621,2021,543902621,2,21,0,18,19,2,6,0,0,8,0,0,7,2,3,1,1,1,1,43,7,-1,-1,-1,DAF TRUCKS MODEL MISSING,9,E01031920,0,-1
2021010336332,2021,010336332,1,21,1,11,11,7,3,0,0,0,0,0,0,0,4,1,1,1,1,57,9,12902,2,4,DAF TRUCKS MODEL MISSING,7,E01024273,0,-1