collision_index,collision_year,collision_ref_no,vehicle_reference,vehicle_type,towing_and_articulation,vehicle_manoeuvre_historic,vehicle_manoeuvre,vehicle_direction_from,vehicle_direction_to,vehicle_location_restricted_lane_historic,vehicle_location_restricted_lane,junction_location,skidding_and_overturning,hit_object_in_carriageway,vehicle_leaving_carriageway,hit_object_off_carriageway,first_point_of_impact,vehicle_left_hand_drive,journey_purpose_of_driver_historic,journey_purpose_of_driver,sex_of_driver,age_of_driver,age_band_of_driver,engine_capacity_cc,propulsion_code,age_of_vehicle,generic_make_model,driver_imd_decile,lsoa_of_driver,escooter_flag,driver_distance_banding
2021430241865,2021,430241865,1,20,0,1,1,4,6,0,0,0,0,0,0,0,2,1,1,1,1,39,7,4462,2,8,DAF TRUCKS MODEL MISSING,9,E01015473,0,-1
2021430326007,2021,430326007,2,21,0,18,19,8,4,0,0,0,0,0,7,4,3,1,1,1,1,49,8,10837,2,4,DAF TRUCKS MODEL MISSING,2,E01028577,0,-1
2021302101414,2021,302101414,1,19,0,18,19,6,2,0,0,0,0,0,0,0,1,1,6,6,3,-1,-1,4500,2,3,DAF TRUCKS MODEL MISSING,5,E01019456,0,-1
2021440280265,2021,440280265,1,21,1,11,11,7,4,0,0,0,0,0,0,0,4,1,1,1,1,66,10,12902,2,0,DAF TRUCKS MODEL MISSING,8,E01022667,0,-1
2021010318852,2021,010318852,2,21,0,18,19,1,5,0,0,1,0,0,0,0,1,1,1,1,1,57,9,6700,2,6,DAF TRUCKS MODEL MISSING,5,E01015928,0,-1
2021501050012,2021,501050012,2,21,1,18,19,6,2,0,0,0,0,0,0,0,3,1,1,1,1,27,6,9200,2,10,DAF TRUCKS MODEL MISSING,8,E01022110,0,-1
2021461078712,2021,461078712,1,20,0,9,9,2,8,0,0,2,0,0,0,0,3,1,6,6,1,35,6,6700,2,2,DAF TRUCKS MODEL MISSING,10,E01021227,0,-1
2021461112963,2021,461112963,2,19,0,4,4,1,5,0,0,0,0,0,0,0,2,1,1,1,1,62,9,-1,-1,-1,DAF TRUCKS MODEL MISSING,4,E01001618,0,-1
2021221111933,2021,221111933,1,20,0,4,4,2,7,0,0,0,0,0,0,0,4,1,1,1,1,44,7,9200,2,13,DAF TRUCKS MODEL MISSING,5,E01014023,0,-1
2021421067148,2021,421067148,2,21,1,2,2,1,5,0,0,0,3,0,0,0,2,1,1,1,1,39,7,10837,2,4,DAF TRUCKS MODEL MISSING,4,E01025900,0,-1
2021221037005,2021,221037005,1,21,0,18,19,1,5,0,0,2,0,0,0,0,1,1,1,1,1,55,8,4500,2,6,DAF TRUCKS MODEL MISSING,-1,-1,0,-1
2021010288127,2021,010288127,6,21,1,18,19,7,3,0,0,0,0,0,0,0,0,1,1,1,1,39,7,10837,2,4,DAF TRUCKS MODEL MISSING,3,E01024352,0,-1
2021421044300,2021,421044300,1,21,1,11,11,3,7,0,0,0,0,0,0,0,1,1,1,1,1,47,8,12902,2,2,DAF TRUCKS MODEL MISSING,4,E01030161,0,-1
2021501117820,2021,501117820,1,21,0,18,19,5,8,0,0,0,1,0,1,0,4,1,1,1,1,49,8,4500,2,2,DAF TRUCKS MODEL MISSING,2,E01029311,0,-1
2021991016451,2021,991016451,2,21,0,18,19,1,6,0,0,3,0,0,3,0,3,1,6,6,1,30,6,6700,2,2,DAF TRUCKS MODEL MISSING,-1,-1,0,-1
2021461069294,2021,461069294,1,21,1,5,5,2,6,0,0,8,0,0,0,0,1,1,6,6,1,63,9,10837,2,1,DAF TRUCKS MODEL MISSING,8,E01024625,0,-1
2021010347106,2021,010347106,3,20,0,12,12,7,3,0,0,0,0,0,0,0,0,1,1,1,1,34,6,10837,2,6,DAF TRUCKS MODEL MISSING,8,E01033028,0,-1
2021010317863,2021,010317863,1,21,0,16,19,1,5,0,0,3,0,0,0,0,1,1,2,2,1,55,8,10837,2,5,DAF TRUCKS MODEL MISSING,2,E01001014,0,-1
2021401024700,2021,401024700,1,90,0,4,4,7,3,0,0,0,0,0,0,0,2,1,1,1,1,54,8,6700,2,1,DAF TRUCKS MODEL MISSING,7,E01017431,0,-1
2021010324734,2021,010324734,2,21,0,11,11,1,5,0,0,1,0,0,0,0,4,1,1,1,1,25,5,6700,2,4,DAF TRUCKS MODEL MISSING,5,E01000474,0,-1
2021070475730,2021,070475730,2,21,1,4,4,8,4,0,0,0,0,0,0,0,2,1,1,1,1,41,7,12902,2,1,DAF TRUCKS MODEL MISSING,-1,-1,0,-1
2021211049359,2021,211049359,1,20,-1,18,19,2,6,-1,-1,0,-1,-1,-1,0,-1,1,2,2,3,-1,-1,6692,2,13,DAF TRUCKS MODEL MISSING,-1,-1,0,-1
2021010325367,2021,010325367,2,21,1,18,19,5,1,0,0,0,0,0,0,0,1,1,1,1,1,32,6,12902,2,4,DAF TRUCKS MODEL MISSING,5,E01000036,0,-1
2021221036178,2021,221036178,2,19,0,17,19,6,3,0,0,8,0,0,0,0,1,1,1,1,1,53,8,4500,2,5,DAF TRUCKS MODEL MISSING,2,E01010049,0,-1
2021451023580,2021,451023580,2,19,0,12,12,1,3,0,0,0,0,0,0,0,4,1,1,1,1,25,5,4500,2,3,DAF TRUCKS MODEL MISSING,8,E01030479,0,-1
2021421038546,2021,421038546,2,21,1,2,2,3,3,0,0,0,0,4,0,0,2,1,1,1,1,52,8,12902,2,3,DAF TRUCKS MODEL MISSING,5,E01020660,0,-1
2021547987921,2021,547987921,2,21,0,7,7,3,5,0,0,5,0,0,0,0,4,1,1,1,1,51,8,6692,2,9,DAF TRUCKS MODEL MISSING,4,E01031917,0,-1
2021361052892,2021,361052892,3,21,1,18,19,4,8,0,0,0,0,0,0,0,3,1,1,1,1,52,8,12902,2,7,DAF TRUCKS MODEL MISSING,6,E01018042,0,-1
2021361147069,2021,361147069,2,21,1,18,19,4,1,0,0,0,0,0,0,0,-1,1,1,1,1,64,9,12900,2,10,DAF TRUCKS MODEL MISSING,6,E01026451,0,-1
2021131093852,2021,131093852,2,21,0,18,19,3,7,0,0,0,0,0,0,0,1,1,1,1,1,54,8,6700,2,4,DAF TRUCKS MODEL MISSING,3,E01007467,0,-1
2021221068950,2021,221068950,2,21,0,18,19,4,8,0,0,0,0,0,0,0,0,1,1,1,1,24,5,12902,2,5,DAF TRUCKS MODEL MISSING,6,E01022267,0,-1
2021101109885,2021,101109885,3,19,0,2,2,5,5,0,0,0,0,0,0,0,1,1,6,6,1,24,5,4500,2,0,DAF TRUCKS MODEL MISSING,3,E01020694,0,-1
2021411035134,2021,411035134,1,20,1,11,11,1,5,0,0,0,0,0,0,0,4,1,1,1,1,58,9,-1,-1,-1,DAF TRUCKS MODEL MISSING,8,W01000155,0,-1
2021461127582,2021,461127582,1,21,1,5,5,2,6,0,0,0,0,0,0,0,1,1,1,1,1,51,8,10837,2,3,DAF TRUCKS MODEL MISSING,5,E01024495,0,-1
2021231053046,2021,231053046,1,21,1,11,11,8,4,0,0,0,0,0,0,0,4,1,1,1,1,48,8,12902,2,3,DAF TRUCKS MODEL MISSING,-1,-1,0,-1
2021010324055,2021,010324055,2,19,9,99,99,9,9,99,99,9,9,99,9,99,9,9,6,6,3,52,8,4500,2,5,DAF TRUCKS MODEL MISSING,7,E01000326,0,-1
2021991040426,2021,991040426,2,21,0,10,10,4,2,0,0,0,0,0,0,0,2,1,1,1,1,31,6,6692,2,13,DAF TRUCKS MODEL MISSING,6,-1,0,-1
2021320205441,2021,320205441,1,21,0,7,7,1,7,0,0,1,0,0,0,0,1,1,1,1,1,52,8,6700,2,5,DAF TRUCKS MODEL MISSING,3,E01018097,0,-1
2021471024274,2021,471024274,1,19,0,18,19,7,3,0,0,0,0,0,0,0,1,1,6,6,1,52,8,4500,2,4,DAF TRUCKS MODEL MISSING,5,E01021064,0,-1
2021320168865,2021,320168865,1,21,0,18,19,1,5,0,0,8,0,0,0,0,4,2,1,1,1,40,7,12902,2,6,DAF TRUCKS MODEL MISSING,8,E01026977,0,-1
202131C179521,2021,31C179521,1,21,1,9,9,7,3,0,0,5,0,0,0,0,3,1,1,1,1,54,8,12902,2,2,DAF TRUCKS MODEL MISSING,3,E01025196,0,-1
2021070285072,2021,070285072,2,20,0,2,2,0,0,0,0,1,0,0,0,0,0,1,1,1,3,31,6,-1,-1,-1,DAF TRUCKS MODEL MISSING,7,W01000377,0,-1
2021991083836,2021,991083836,1,21,1,17,19,1,6,0,0,0,0,0,0,0,4,1,1,1,1,38,7,10837,2,5,DAF TRUCKS MODEL MISSING,6,-1,0,-1
2021131095572,2021,131095572,1,20,0,18,19,0,0,6,6,0,0,0,0,0,4,1,1,1,1,51,8,4500,2,3,DAF TRUCKS MODEL MISSING,2,E01011246,0,-1
2021211044169,2021,211044169,2,19,0,9,9,7,5,0,0,8,0,0,0,0,0,1,1,1,1,56,9,-1,-1,-1,DAF TRUCKS MODEL MISSING,2,E01010305,0,-1
2021311081156,2021,311081156,2,20,0,2,2,0,0,0,0,0,0,0,0,0,1,1,1,1,1,57,9,4500,2,3,DAF TRUCKS MODEL MISSING,1,E01026173,0,-1
2021421119025,2021,421119025,1,21,1,18,19,7,3,0,0,1,1,0,0,0,1,1,1,1,1,33,6,12902,2,3,DAF TRUCKS MODEL MISSING,3,E01015668,0,-1
2021320087643,2021,320087643,2,21,0,18,19,4,8,0,0,1,1,0,0,0,1,1,1,1,1,26,6,10837,2,6,DAF TRUCKS MODEL MISSING,8,E01026229,0,-1
2021421074991,2021,421074991,2,19,0,3,3,1,5,0,0,1,0,0,0,0,2,1,1,1,1,35,6,10837,2,2,DAF TRUCKS MODEL MISSING,5,E01033592,0,-1
2021010289561,2021,010289561,1,19,0,7,7,3,5,0,0,8,0,0,0,0,3,1,6,6,1,52,8,4500,2,3,DAF TRUCKS MODEL MISSING,5,E01001232,0,-1
2021070544456,2021,070544456,1,21,1,12,12,1,5,0,0,0,0,0,0,0,3,1,1,1,1,45,7,12902,2,2,DAF TRUCKS MODEL MISSING,8,E01027499,0,-1
2021010303840,2021,010303840,1,21,0,5,5,1,5,0,0,1,0,0,0,0,1,1,1,1,1,56,9,6700,2,5,DAF TRUCKS MODEL MISSING,9,E01003365,0,-1
2021031119512,2021,031119512,2,21,1,18,19,7,3,0,0,0,0,0,0,0,1,1,1,1,1,38,7,12902,2,6,DAF TRUCKS MODEL MISSING,1,W01001292,0,-1
2021991013984,2021,991013984,1,21,0,16,19,7,2,0,0,1,0,4,1,0,1,1,1,1,1,21,5,4500,2,4,DAF TRUCKS MODEL MISSING,7,-1,0,-1
2021501133942,2021,501133942,1,20,0,9,9,5,1,0,0,6,0,0,0,0,4,1,1,1,1,47,8,6700,2,5,DAF TRUCKS MODEL MISSING,5,E01015224,0,-1
2021430561157,2021,430561157,2,21,0,18,19,8,4,0,0,0,0,0,0,0,2,1,1,1,1,50,8,12902,2,5,DAF TRUCKS MODEL MISSING,10,E01022172,0,-1
2021122100247,2021,122100247,1,21,0,12,12,5,1,0,0,0,0,0,0,0,2,1,1,1,1,47,8,9186,2,8,DAF TRUCKS MODEL MISSING,6,E01012242,0,-1
2021461076114,2021,461076114,3,20,0,18,19,5,1,0,0,0,0,0,0,0,1,1,6,6,1,25,5,4500,2,3,DAF TRUCKS MODEL MISSING,2,E01016039,0,-1
2021401088438,2021,401088438,1,21,1,9,9,8,2,0,0,0,0,0,0,0,4,1,1,1,1,31,6,4500,2,6,DAF TRUCKS MODEL MISSING,2,E01011785,0,-1
2021440007837,2021,440007837,1,21,0,18,19,4,8,0,0,1,0,0,0,0,1,1,1,1,1,38,7,4500,2,2,DAF TRUCKS MODEL MISSING,2,E01015338,0,-1
2021471084914,2021,471084914,2,21,0,18,19,3,7,0,0,1,0,0,0,0,1,1,1,1,1,39,7,6700,2,4,DAF TRUCKS MODEL MISSING,5,E01031631,0,-1
2021991072124,2021,991072124,1,21,0,18,19,5,1,0,0,0,0,0,0,0,1,1,1,1,1,26,6,12902,2,5,DAF TRUCKS MODEL MISSING,-1,-1,0,-1
2021010296146,2021,010296146,3,21,1,18,19,7,3,0,0,0,0,0,0,0,1,1,1,1,1,27,6,12902,2,8,DAF TRUCKS MODEL MISSING,8,E01032286,0,-1
2021471054096,2021,471054096,2,19,0,2,2,7,3,0,0,0,0,0,0,0,2,1,1,1,1,-1,-1,12902,2,2,DAF TRUCKS MODEL MISSING,5,E01019220,0,-1
2021031063444,2021,031063444,1,21,0,7,7,5,7,0,0,8,0,10,0,0,0,1,1,1,1,56,9,12902,2,5,DAF TRUCKS MODEL MISSING,3,E01019296,0,-1
2021070217627,2021,070217627,2,21,0,1,1,1,7,0,0,5,0,0,0,0,3,1,1,1,1,27,6,-1,-1,-1,DAF TRUCKS MODEL MISSING,3,E01018731,0,-1
2021411022511,2021,411022511,2,19,0,11,11,1,5,0,0,0,0,0,0,0,4,1,1,1,1,29,6,10837,2,2,DAF TRUCKS MODEL MISSING,6,E01023845,0,-1
2021548943521,2021,548943521,1,21,0,18,19,8,4,0,0,0,2,0,7,4,3,1,1,1,1,28,6,9186,2,8,DAF TRUCKS MODEL MISSING,5,E01022312,0,-1
2021070656650,2021,070656650,1,21,1,18,19,3,7,0,0,0,0,0,0,0,1,1,1,1,1,59,9,12902,2,6,DAF TRUCKS MODEL MISSING,7,E01006810,0,-1
2021010314448,2021,010314448,2,21,9,18,19,1,5,0,0,9,9,0,0,0,1,1,6,6,3,-1,-1,12902,2,2,DAF TRUCKS MODEL MISSING,-1,-1,0,-1
2021991030509,2021,991030509,2,21,0,18,19,7,3,0,0,0,0,0,0,0,1,1,1,1,1,51,8,6692,2,11,DAF TRUCKS MODEL MISSING,6,-1,0,-1
202134NNC9041,2021,34NNC9041,2,21,1,18,19,2,6,0,0,0,0,0,0,0,2,1,1,1,1,53,8,12902,2,6,DAF TRUCKS MODEL MISSING,4,E01027061,0,-1
2021122100722,2021,122100722,2,21,0,9,9,5,1,0,0,1,0,0,0,0,3,1,1,1,1,39,7,6700,2,1,DAF TRUCKS MODEL MISSING,2,E01020700,0,-1
2021010315125,2021,010315125,2,90,0,18,19,7,3,0,0,0,0,0,0,0,1,1,1,1,1,47,8,6700,2,2,DAF TRUCKS MODEL MISSING,2,E01001485,0,-1
2021320597708,2021,320597708,2,21,0,18,19,3,8,0,0,8,0,0,0,0,1,1,1,1,1,62,9,12902,2,3,DAF TRUCKS MODEL MISSING,3,E01027175,0,-1
2021231035092,2021,231035092,2,21,1,18,19,1,5,0,0,0,0,0,0,0,3,1,1,1,1,42,7,12902,2,3,DAF TRUCKS MODEL MISSING,10,E01027075,0,-1
2021461079141,2021,461079141,2,20,0,18,19,6,2,0,0,0,0,0,0,0,3,1,6,6,1,58,9,-1,-1,-1,DAF TRUCKS MODEL MISSING,1,E01006877,0,-1
2021131085797,2021,131085797,1,21,0,9,9,7,5,0,0,1,0,0,0,0,3,1,1,1,1,51,8,10837,2,0,DAF TRUCKS MODEL MISSING,2,E01015633,0,-1
2021461144091,2021,461144091,2,21,0,2,2,0,0,0,0,0,0,0,0,0,2,1,1,1,1,-1,-1,10837,2,0,DAF TRUCKS MODEL MISSING,8,E01024564,0,-1
2021131047110,2021,131047110,1,21,0,17,19,8,5,0,0,8,2,0,7,10,3,1,1,1,1,52,8,10837,2,6,DAF TRUCKS MODEL MISSING,8,E01019735,0,-1
2021302101440,2021,302101440,1,20,0,4,4,6,2,0,0,1,0,0,1,9,1,1,2,2,1,36,7,6692,2,10,DAF TRUCKS MODEL MISSING,3,E01019661,0,-1
2021471018726,2021,471018726,2,19,0,18,19,2,6,0,0,0,0,0,0,0,3,1,1,1,1,33,6,4500,2,2,DAF TRUCKS MODEL MISSING,3,E01017111,0,-1
2021070588690,2021,070588690,1,21,1,9,9,7,3,0,0,6,0,0,0,0,2,1,1,1,1,52,8,12902,2,0,DAF TRUCKS MODEL MISSING,10,E01032549,0,-1
2021411099798,2021,411099798,1,21,1,11,11,1,5,0,0,0,0,0,0,0,1,1,1,1,1,56,9,12902,2,0,DAF TRUCKS MODEL MISSING,2,E01002314,0,-1
2021320592270,2021,320592270,3,21,0,18,19,1,5,0,0,1,0,0,0,0,1,1,1,1,1,57,9,10837,2,3,DAF TRUCKS MODEL MISSING,-1,-1,0,-1
2021070869229,2021,070869229,1,21,1,18,19,6,2,0,0,0,5,0,1,1,4,1,1,1,1,54,8,12900,2,9,DAF TRUCKS MODEL MISSING,-1,-1,0,-1
2021522100554,2021,522100554,2,19,0,18,19,4,8,0,0,8,0,0,0,0,1,1,6,6,1,51,8,4461,2,9,DAF TRUCKS MODEL MISSING,2,E01014529,0,-1
2021361046921,2021,361046921,2,21,1,18,19,6,2,0,0,1,0,0,0,0,1,1,1,1,1,50,8,12902,2,3,DAF TRUCKS MODEL MISSING,1,E01026800,0,-1
2021411087998,2021,411087998,1,19,0,7,7,5,6,0,0,4,0,0,0,0,1,1,1,1,1,62,9,4500,2,0,DAF TRUCKS MODEL MISSING,1,E01002026,0,-1
2021991060921,2021,991060921,2,21,0,3,3,7,3,0,0,0,0,0,0,0,2,1,1,1,1,54,8,6700,2,7,DAF TRUCKS MODEL MISSING,3,-1,0,-1
2021231033046,2021,231033046,2,21,1,18,19,7,3,0,0,0,0,0,0,0,3,1,1,1,1,64,9,12902,2,0,DAF TRUCKS MODEL MISSING,5,E01032530,0,-1
2021061095242,2021,061095242,2,21,0,18,19,3,7,0,0,0,0,0,0,0,2,1,1,1,1,35,6,4461,2,9,DAF TRUCKS MODEL MISSING,3,E01004990,0,-1
2021991033897,2021,991033897,1,21,1,9,9,6,4,0,0,8,0,0,0,0,3,1,1,1,1,34,6,6700,2,5,DAF TRUCKS MODEL MISSING,1,E01011764,0,-1
2021221077481,2021,221077481,1,21,0,11,11,3,7,0,0,0,1,0,0,0,4,1,1,1,1,34,6,10837,2,1,DAF TRUCKS MODEL MISSING,2,E01010102,0,-1
2021430070926,2021,430070926,1,21,0,13,13,3,7,0,0,8,0,0,0,0,1,1,1,1,1,53,8,12902,2,6,DAF TRUCKS MODEL MISSING,7,E01017860,0,-1
2021010294968,2021,010294968,2,21,5,11,11,1,5,0,0,1,0,0,0,0,4,1,6,6,1,41,7,12900,2,14,DAF TRUCKS MODEL MISSING,1,E01024278,0,-1
2021122101060,2021,122101060,1,21,0,4,4,3,7,0,0,0,0,0,0,0,2,1,1,1,1,32,6,10837,2,3,DAF TRUCKS MODEL MISSING,3,E01011048,0,-1
2021221105655,2021,221105655,2,20,0,13,13,8,4,0,0,8,0,0,0,0,1,1,1,1,1,75,10,4461,2,8,DAF TRUCKS MODEL MISSING,6,E01014614,0,-1
2021430053170,2021,430053170,2,21,1,18,19,8,4,0,0,0,1,0,0,0,3,1,1,1,1,50,8,12902,2,2,DAF TRUCKS MODEL MISSING,4,E01016809,0,-1
202131B018321,2021,31B018321,2,21,0,3,3,1,4,0,0,8,0,0,0,0,1,1,1,1,1,48,8,9200,2,14,DAF TRUCKS MODEL MISSING,3,E01026323,0,-1
2021481114492,2021,481114492,1,20,0,4,4,3,7,0,0,1,0,0,0,0,4,1,1,1,1,40,7,3800,2,3,DAF TRUCKS MODEL MISSING,-1,-1,0,-1
2021010293749,2021,010293749,2,19,0,99,99,9,9,99,99,0,9,99,9,99,9,1,6,6,3,59,9,4500,2,2,DAF TRUCKS MODEL MISSING,2,E01001830,0,-1
2021991093943,2021,991093943,2,21,1,18,19,5,1,0,0,0,0,0,0,0,2,1,1,1,1,36,7,10837,2,4,DAF TRUCKS MODEL MISSING,5,-1,0,-1
2021471126127,2021,471126127,2,19,0,18,19,3,7,0,0,0,0,0,0,0,3,1,1,1,1,33,6,-1,-1,-1,DAF TRUCKS MODEL MISSING,7,E01021236,0,-1
2021421061090,2021,421061090,2,21,0,18,19,1,5,0,0,0,0,0,0,0,1,1,1,1,1,57,9,4500,2,7,DAF TRUCKS MODEL MISSING,4,E01015676,0,-1
2021430241276,2021,430241276,1,21,0,4,4,6,2,0,0,0,1,0,0,0,1,1,1,1,1,53,8,4462,2,8,DAF TRUCKS MODEL MISSING,2,E01018564,0,-1
2021351048677,2021,351048677,2,21,0,2,2,5,1,0,0,0,0,0,0,0,2,1,1,1,1,44,7,6700,2,6,DAF TRUCKS MODEL MISSING,10,E01017436,0,-1
2021991099027,2021,991099027,2,21,1,9,9,4,8,0,0,2,0,0,0,0,1,1,1,1,1,29,6,6693,2,8,DAF TRUCKS MODEL MISSING,2,-1,0,-1
2021520101515,2021,520101515,1,21,0,18,19,1,5,0,0,1,0,0,0,0,1,1,1,1,1,55,8,10837,2,1,DAF TRUCKS MODEL MISSING,5,E01014746,0,-1
2021522102825,2021,522102825,2,21,1,11,11,2,6,0,0,1,0,0,0,0,4,1,1,1,1,45,7,12902,2,2,DAF TRUCKS MODEL MISSING,-1,-1,0,-1
2021361045062,2021,361045062,2,21,1,18,19,7,3,0,0,0,0,0,7,0,4,1,1,1,1,34,6,12902,2,8,DAF TRUCKS MODEL MISSING,4,E01013515,0,-1
2021010344768,2021,010344768,4,21,1,18,19,7,3,0,0,0,0,0,0,0,1,1,1,1,1,62,9,10837,2,2,DAF TRUCKS MODEL MISSING,7,E01021361,0,-1
2021131062354,2021,131062354,1,21,0,5,5,1,5,0,0,8,0,0,0,0,1,1,1,1,1,46,8,10837,2,4,DAF TRUCKS MODEL MISSING,1,E01010941,0,-1
2021231095857,2021,231095857,1,20,0,18,19,8,4,0,0,0,0,0,0,0,1,1,1,1,1,46,8,4500,2,6,DAF TRUCKS MODEL MISSING,2,E01010017,0,-1
2021320493326,2021,320493326,1,21,0,16,19,2,6,0,0,0,2,0,7,9,3,1,1,1,1,25,5,12900,2,9,DAF TRUCKS MODEL MISSING,3,E01019508,0,-1
2021070235637,2021,070235637,1,21,0,18,19,3,7,0,0,0,0,0,0,0,4,1,1,1,1,54,8,6700,2,6,DAF TRUCKS MODEL MISSING,6,E01006257,0,-1
2021320553418,2021,320553418,1,21,0,1,1,2,6,0,0,6,0,0,0,0,2,1,1,1,1,36,7,6692,2,9,DAF TRUCKS MODEL MISSING,8,E01025732,0,-1
2021010290846,2021,010290846,2,21,0,18,19,5,1,0,0,1,0,0,0,0,4,1,1,1,1,45,7,4500,2,3,DAF TRUCKS MODEL MISSING,3,E01033084,0,-1
2021231033771,2021,231033771,2,21,1,9,9,1,7,0,0,5,0,0,1,10,2,1,1,1,1,51,8,4500,2,15,DAF TRUCKS MODEL MISSING,8,E01031252,0,-1
202131A050721,2021,31A050721,1,21,1,17,19,8,6,0,0,1,0,0,0,0,3,1,1,1,1,44,7,10837,2,6,DAF TRUCKS MODEL MISSING,7,E01028325,0,-1
2021421064637,2021,421064637,1,21,0,9,9,1,7,0,0,0,5,10,1,0,4,1,1,1,1,21,5,-1,-1,-1,DAF TRUCKS MODEL MISSING,7,E01021913,0,-1
2021010343273,2021,010343273,1,19,0,18,19,2,6,0,0,1,0,0,0,0,4,1,1,1,1,54,8,4500,2,2,DAF TRUCKS MODEL MISSING,3,E01002726,0,-1
2021522105172,2021,522105172,1,19,0,10,10,8,6,0,0,2,0,0,0,0,4,1,6,6,1,30,6,-1,-1,-1,DAF TRUCKS MODEL MISSING,4,E01014496,0,-1
2021522102535,2021,522102535,2,21,1,11,11,1,3,0,0,8,0,0,0,0,4,1,6,6,3,30,6,12902,2,0,DAF TRUCKS MODEL MISSING,-1,-1,0,-1
2021070258294,2021,070258294,2,21,1,2,2,0,0,6,6,0,0,0,0,0,2,2,1,1,1,49,8,12902,2,5,DAF TRUCKS MODEL MISSING,9,E01018376,0,-1
2021991056053,2021,991056053,1,21,1,4,4,4,8,0,0,1,0,0,0,0,3,1,1,1,1,58,9,4500,2,1,DAF TRUCKS MODEL MISSING,5,-1,0,-1
2021010312131,2021,010312131,2,21,4,18,19,1,5,0,0,0,0,0,0,0,1,1,1,1,1,56,9,12902,2,6,DAF TRUCKS MODEL MISSING,2,E01002368,0,-1
2021320727470,2021,320727470,1,21,0,18,19,8,4,0,0,0,5,0,1,0,3,1,1,1,1,58,9,12902,2,2,DAF TRUCKS MODEL MISSING,3,E01012986,0,-1
2021371026272,2021,371026272,1,21,1,18,19,5,1,0,0,0,0,0,0,0,4,1,1,1,1,31,6,12900,2,7,DAF TRUCKS MODEL MISSING,8,E01030293,0,-1
2021201082376,2021,201082376,1,19,0,18,19,5,1,0,0,0,0,0,1,10,2,1,1,1,1,53,8,4461,2,11,DAF TRUCKS MODEL MISSING,5,E01010418,0,-1
2021170L30781,2021,170L30781,3,20,0,18,19,7,3,0,0,4,0,0,0,0,1,1,2,2,1,65,9,-1,-1,-1,DAF TRUCKS MODEL MISSING,2,E01011259,0,-1
2021122101515,2021,122101515,1,21,0,7,7,1,3,0,0,5,0,0,0,0,4,1,1,1,1,52,8,6693,2,8,DAF TRUCKS MODEL MISSING,4,E01011705,0,-1
2021991060545,2021,991060545,3,21,0,3,3,4,7,0,0,1,0,0,0,0,2,1,1,1,1,59,9,6700,2,5,DAF TRUCKS MODEL MISSING,9,E01027037,0,-1
2021421043954,2021,421043954,1,21,1,9,9,4,8,0,0,0,4,0,1,0,4,1,1,1,2,30,6,12902,2,0,DAF TRUCKS MODEL MISSING,6,E01030006,0,-1
2021361100250,2021,361100250,2,19,0,9,9,3,1,0,0,8,0,0,0,0,3,1,1,1,1,32,6,-1,-1,-1,DAF TRUCKS MODEL MISSING,4,E01030223,0,-1
2021122100817,2021,122100817,1,21,1,4,4,5,1,0,0,0,0,0,0,0,2,1,1,1,1,50,8,10837,2,3,DAF TRUCKS MODEL MISSING,-1,-1,0,-1
2021440321822,2021,440321822,2,21,0,2,2,0,0,0,0,0,0,0,0,0,3,1,1,1,1,57,9,6700,2,5,DAF TRUCKS MODEL MISSING,10,E01023200,0,-1
2021010343157,2021,010343157,1,19,4,4,4,3,7,0,0,8,0,0,0,0,2,1,1,1,1,47,8,6700,2,4,DAF TRUCKS MODEL MISSING,-1,-1,0,-1
2021131089553,2021,131089553,1,21,0,9,9,7,5,0,0,8,0,0,0,0,0,1,1,1,1,55,8,10837,2,5,DAF TRUCKS MODEL MISSING,3,E01011315,0,-1
2021010314591,2021,010314591,1,21,1,12,12,8,4,0,0,0,0,0,0,0,3,1,1,1,1,64,9,12902,2,6,DAF TRUCKS MODEL MISSING,3,E01000613,0,-1
2021991044153,2021,991044153,1,21,0,7,7,8,3,0,0,3,0,0,0,0,4,1,1,1,1,51,8,10837,2,1,DAF TRUCKS MODEL MISSING,9,-1,0,-1
2021430473408,2021,430473408,1,21,0,11,11,4,8,0,0,0,0,0,0,0,1,1,1,1,1,32,6,-1,-1,-1,DAF TRUCKS MODEL MISSING,6,E01022551,0,-1
202163A033521,2021,63A033521,1,19,5,18,19,1,5,0,0,0,0,0,0,0,3,1,1,1,1,52,8,6700,2,0,DAF TRUCKS MODEL MISSING,4,W01000697,0,-1
2021302101859,2021,302101859,2,21,1,18,19,1,5,0,0,1,0,0,0,0,1,1,2,2,1,40,7,12902,2,1,DAF TRUCKS MODEL MISSING,6,E01029801,0,-1