collision_index,collision_year,collision_ref_no,vehicle_reference,vehicle_type,towing_and_articulation,vehicle_manoeuvre_historic,vehicle_manoeuvre,vehicle_direction_from,vehicle_direction_to,vehicle_location_restricted_lane_historic,vehicle_location_restricted_lane,junction_location,skidding_and_overturning,hit_object_in_carriageway,vehicle_leaving_carriageway,hit_object_off_carriageway,first_point_of_impact,vehicle_left_hand_drive,journey_purpose_of_driver_historic,journey_purpose_of_driver,sex_of_driver,age_of_driver,age_band_of_driver,engine_capacity_cc,propulsion_code,age_of_vehicle,generic_make_model,driver_imd_decile,lsoa_of_driver,escooter_flag,driver_distance_banding
2021221028643,2021,221028643,1,21,1,11,11,7,3,0,0,0,0,0,0,0,4,1,1,1,1,25,5,12902,2,3,DAF TRUCKS MODEL MISSING,1,E01009013,0,-1
2021522101511,2021,522101511,1,20,0,18,19,5,1,0,0,0,0,0,0,0,1,1,1,1,1,54,8,4500,2,5,DAF TRUCKS MODEL MISSING,6,E01022343,0,-1
2021221033054,2021,221033054,2,21,0,18,19,3,7,0,0,1,0,0,0,0,3,1,1,1,1,51,8,12900,2,10,DAF TRUCKS MODEL MISSING,4,E01032365,0,-1
2021501108230,2021,501108230,2,21,0,2,2,0,0,6,6,0,0,0,0,0,2,1,1,1,1,53,8,6700,2,5,DAF TRUCKS MODEL MISSING,9,E01029744,0,-1
2021111114985,2021,111114985,2,19,0,18,19,1,5,0,0,1,0,0,0,0,4,1,1,1,1,53,8,6693,2,8,DAF TRUCKS MODEL MISSING,4,E01020754,0,-1
2021471044840,2021,471044840,1,21,1,18,19,2,6,0,0,1,0,0,0,0,1,1,1,1,1,36,7,10837,2,1,DAF TRUCKS MODEL MISSING,6,E01021258,0,-1
2021501109561,2021,501109561,3,20,0,17,19,1,5,0,0,0,0,0,0,0,1,1,1,1,1,39,7,9200,2,10,DAF TRUCKS MODEL MISSING,5,E01018960,0,-1
2021122101505,2021,122101505,2,21,0,18,19,5,1,0,0,0,0,0,1,0,1,1,1,1,1,31,6,4500,2,6,DAF TRUCKS MODEL MISSING,8,E01007355,0,-1
2021991087240,2021,991087240,2,21,1,18,19,3,7,0,0,0,0,0,0,0,2,1,1,1,1,49,8,12902,2,2,DAF TRUCKS MODEL MISSING,9,-1,0,-1
20211383P1438,2021,1383P1438,1,21,1,18,19,4,8,0,0,0,0,0,0,0,1,1,1,1,1,59,9,12902,2,6,DAF TRUCKS MODEL MISSING,1,E01010635,0,-1
2021991021391,2021,991021391,2,21,1,16,19,6,2,0,0,0,0,0,0,0,1,1,1,1,1,53,8,12902,2,2,DAF TRUCKS MODEL MISSING,8,-1,0,-1
2021061072202,2021,061072202,2,19,0,18,19,3,7,0,0,8,0,0,0,0,4,1,1,1,1,50,8,6700,2,3,DAF TRUCKS MODEL MISSING,3,E01005421,0,-1
2021361145522,2021,361145522,1,21,1,9,9,4,2,0,0,0,0,0,0,0,1,1,1,1,1,51,8,12902,2,2,DAF TRUCKS MODEL MISSING,5,E01026643,0,-1
2021131063387,2021,131063387,1,21,0,17,19,5,1,0,0,1,0,0,0,0,1,1,1,1,1,52,8,-1,-1,-1,DAF TRUCKS MODEL MISSING,6,E01010927,0,-1
2021221055026,2021,221055026,2,21,0,18,19,6,2,0,0,0,0,0,0,0,1,1,1,1,1,59,9,4462,2,8,DAF TRUCKS MODEL MISSING,5,E01032305,0,-1
2021010300115,2021,010300115,2,21,9,99,99,9,9,99,99,9,9,99,9,99,2,9,6,6,1,59,9,4500,2,5,DAF TRUCKS MODEL MISSING,2,E01003320,0,-1
2021430260401,2021,430260401,3,20,1,7,7,7,1,0,0,5,0,0,0,0,2,1,1,1,1,32,6,-1,-1,-1,DAF TRUCKS MODEL MISSING,6,E01016509,0,-1
2021461061523,2021,461061523,1,20,0,12,12,3,7,0,0,0,0,0,0,0,4,1,1,1,1,41,7,4500,2,4,DAF TRUCKS MODEL MISSING,5,E01024774,0,-1
2021522102794,2021,522102794,1,19,0,18,19,1,5,0,0,8,5,0,0,0,3,1,1,1,1,65,9,-1,-1,-1,DAF TRUCKS MODEL MISSING,9,E01014440,0,-1
2021461066336,2021,461066336,2,19,0,18,19,6,2,0,0,0,0,0,0,0,2,1,1,1,1,66,10,4500,2,3,DAF TRUCKS MODEL MISSING,-1,-1,0,-1
2021461125141,2021,461125141,3,21,1,7,7,1,6,0,0,5,0,0,0,0,0,1,1,1,1,37,7,12900,2,14,DAF TRUCKS MODEL MISSING,8,E01021086,0,-1
2021430505062,2021,430505062,1,21,0,18,19,8,4,0,0,0,0,0,4,6,3,1,1,1,1,53,8,6700,2,6,DAF TRUCKS MODEL MISSING,9,E01025106,0,-1
202131D107121,2021,31D107121,2,21,1,18,19,8,4,0,0,8,3,0,0,0,1,1,1,1,1,59,9,12902,2,3,DAF TRUCKS MODEL MISSING,3,E01018093,0,-1
2021131078756,2021,131078756,1,21,0,18,19,3,7,0,0,0,0,0,0,0,1,1,1,1,1,63,9,12902,2,0,DAF TRUCKS MODEL MISSING,2,E01006855,0,-1
2021501064774,2021,501064774,1,20,1,5,5,5,1,0,0,0,0,0,0,0,4,1,1,1,1,63,9,9200,2,9,DAF TRUCKS MODEL MISSING,2,E01018867,0,-1
2021622100465,2021,622100465,2,21,0,18,19,4,8,0,0,1,0,0,0,0,1,1,6,6,1,69,10,12902,2,4,DAF TRUCKS MODEL MISSING,4,E01014169,0,-1
2021010343615,2021,010343615,2,20,9,99,99,9,9,99,99,0,9,99,9,99,9,1,6,6,3,54,8,-1,-1,-1,DAF TRUCKS MODEL MISSING,7,E01024578,0,-1
2021170L30781,2021,170L30781,2,21,0,18,19,7,3,0,0,4,0,0,0,0,1,1,1,1,1,55,8,4500,2,2,DAF TRUCKS MODEL MISSING,4,E01020887,0,-1
2021421022280,2021,421022280,3,21,1,18,19,7,3,0,0,0,0,0,0,0,1,1,1,1,1,26,6,12902,2,6,DAF TRUCKS MODEL MISSING,8,E01021533,0,-1
2021221018887,2021,221018887,2,21,0,3,3,4,8,0,0,0,0,0,0,0,2,1,1,1,1,40,7,10837,2,3,DAF TRUCKS MODEL MISSING,7,E01032399,0,-1
2021991066709,2021,991066709,1,20,0,18,19,6,2,0,0,1,0,4,0,0,1,1,1,1,1,37,7,-1,-1,-1,DAF TRUCKS MODEL MISSING,-1,-1,0,-1
2021361102055,2021,361102055,1,21,1,18,19,2,6,0,0,0,0,0,0,0,1,1,1,1,1,56,9,12902,2,3,DAF TRUCKS MODEL MISSING,6,E01033042,0,-1
2021010329924,2021,010329924,2,20,0,5,5,5,1,0,0,3,0,0,0,0,1,1,1,1,1,49,8,-1,-1,-1,DAF TRUCKS MODEL MISSING,7,E01024129,0,-1
2021991095821,2021,991095821,1,21,0,9,9,4,2,0,0,1,0,0,0,0,1,1,1,1,1,42,7,-1,-1,-1,DAF TRUCKS MODEL MISSING,9,-1,0,-1
202163AF01121,2021,63AF01121,2,21,4,18,19,3,7,0,0,0,1,0,0,0,1,1,1,1,1,40,7,6692,2,11,DAF TRUCKS MODEL MISSING,6,W01000647,0,-1
2021421112903,2021,421112903,1,21,0,11,11,6,5,0,0,0,0,0,0,0,1,1,1,1,1,31,6,12902,2,3,DAF TRUCKS MODEL MISSING,10,E01026927,0,-1
2021411057174,2021,411057174,2,21,1,18,19,6,8,0,0,0,0,0,0,0,1,1,5,6,1,57,9,10837,2,6,DAF TRUCKS MODEL MISSING,2,E01000604,0,-1
2021221072222,2021,221072222,2,21,1,17,19,8,5,0,0,0,4,4,0,0,1,1,1,1,1,58,9,12902,2,2,DAF TRUCKS MODEL MISSING,2,E01022288,0,-1
2021061046526,2021,061046526,1,21,0,18,19,8,4,0,0,0,0,0,0,0,1,1,1,1,1,48,8,6700,2,5,DAF TRUCKS MODEL MISSING,-1,-1,0,-1
2021440494729,2021,440494729,1,21,0,18,19,5,1,0,0,0,0,0,0,0,1,1,1,1,1,58,9,4500,2,6,DAF TRUCKS MODEL MISSING,7,E01030423,0,-1
2021471084893,2021,471084893,2,21,0,18,19,2,5,0,0,3,0,0,0,0,3,1,1,1,1,56,9,12902,2,2,DAF TRUCKS MODEL MISSING,3,E01016869,0,-1
2021430202007,2021,430202007,1,21,0,1,1,8,4,0,0,8,0,0,0,0,2,1,1,1,1,45,7,6700,2,2,DAF TRUCKS MODEL MISSING,7,E01016728,0,-1
2021531033872,2021,531033872,1,20,0,13,13,6,2,0,0,2,0,0,0,0,0,1,6,6,1,45,7,6700,2,2,DAF TRUCKS MODEL MISSING,4,E01022250,0,-1
2021421109455,2021,421109455,2,21,0,2,2,0,0,0,0,2,0,0,0,0,2,1,1,1,1,55,8,10837,2,5,DAF TRUCKS MODEL MISSING,7,E01003709,0,-1
2021231094962,2021,231094962,2,21,1,17,19,8,5,0,0,0,0,0,1,0,1,1,1,1,1,42,7,4500,2,6,DAF TRUCKS MODEL MISSING,1,E01009132,0,-1
2021461114687,2021,461114687,2,21,0,4,4,5,1,0,0,0,0,0,0,0,4,1,1,1,1,34,6,6700,2,3,DAF TRUCKS MODEL MISSING,4,E01016141,0,-1
2021430077897,2021,430077897,2,21,0,18,19,3,7,0,0,8,0,0,0,0,1,1,1,1,1,50,8,10837,2,0,DAF TRUCKS MODEL MISSING,-1,-1,0,-1
2021010314312,2021,010314312,1,21,0,5,5,5,1,0,0,1,0,0,0,0,4,1,6,6,3,-1,-1,10837,2,5,DAF TRUCKS MODEL MISSING,-1,-1,0,-1
2021371091109,2021,371091109,2,21,1,18,19,3,7,0,0,0,0,0,0,0,1,1,1,1,1,32,6,12900,2,13,DAF TRUCKS MODEL MISSING,6,E01026419,0,-1
2021501107116,2021,501107116,3,19,0,4,4,1,5,0,0,0,0,0,0,0,1,1,1,1,1,26,6,4500,2,5,DAF TRUCKS MODEL MISSING,10,E01020203,0,-1
2021991110325,2021,991110325,2,21,0,2,2,0,0,6,6,0,0,0,0,0,2,1,1,1,1,48,8,6700,2,4,DAF TRUCKS MODEL MISSING,8,-1,0,-1
2021371130620,2021,371130620,1,21,1,17,19,4,2,0,0,0,5,0,0,0,1,1,1,1,1,43,7,12902,2,8,DAF TRUCKS MODEL MISSING,3,E01016012,0,-1
2021471074073,2021,471074073,1,21,0,9,9,1,7,0,0,4,0,7,1,10,4,1,1,1,1,69,10,12902,2,6,DAF TRUCKS MODEL MISSING,8,E01024772,0,-1
2021170H10511,2021,170H10511,2,21,0,2,2,0,0,0,0,0,0,0,0,0,2,1,1,1,1,59,9,10837,2,5,DAF TRUCKS MODEL MISSING,6,-1,0,-1
2021430123712,2021,430123712,1,20,0,18,19,5,1,0,0,0,0,0,0,0,1,1,1,1,1,36,7,4462,2,8,DAF TRUCKS MODEL MISSING,4,E01032942,0,-1
2021430201585,2021,430201585,2,21,0,11,11,5,1,0,0,8,0,0,0,0,4,1,6,6,3,-1,-1,12902,2,3,DAF TRUCKS MODEL MISSING,-1,-1,0,-1
2021461047551,2021,461047551,2,21,0,18,19,3,7,6,6,0,0,0,0,0,4,1,1,1,1,63,9,6700,2,2,DAF TRUCKS MODEL MISSING,5,E01024364,0,-1
2021231103081,2021,231103081,2,20,0,18,19,6,2,0,0,8,0,0,0,0,4,1,1,1,1,54,8,4462,2,8,DAF TRUCKS MODEL MISSING,6,E01010035,0,-1
2021211016401,2021,211016401,2,21,1,3,3,8,4,0,0,0,0,0,0,0,2,1,1,1,1,34,6,12902,2,2,DAF TRUCKS MODEL MISSING,-1,-1,0,-1
202163C045721,2021,63C045721,1,21,0,9,9,3,2,0,0,6,0,0,0,0,1,1,1,1,1,63,9,10837,2,3,DAF TRUCKS MODEL MISSING,8,W01000557,0,-1
2021131042549,2021,131042549,1,21,0,5,5,5,6,6,6,6,0,0,0,0,2,1,6,6,1,47,8,6693,2,8,DAF TRUCKS MODEL MISSING,1,E01005270,0,-1
2021401047204,2021,401047204,2,20,1,18,19,4,8,0,0,0,0,0,0,0,2,1,1,1,1,44,7,-1,-1,-1,DAF TRUCKS MODEL MISSING,8,E01015805,0,-1
2021371099088,2021,371099088,2,98,1,2,2,0,0,0,0,0,0,0,0,0,3,1,6,6,3,-1,-1,12902,2,2,DAF TRUCKS MODEL MISSING,-1,-1,0,-1
2021351097679,2021,351097679,1,21,1,13,13,1,5,0,0,8,0,0,0,0,4,1,1,1,1,27,6,10837,2,0,DAF TRUCKS MODEL MISSING,9,E01023479,0,-1
2021010344188,2021,010344188,3,21,0,18,19,7,3,0,0,0,0,0,0,0,1,1,6,6,1,55,8,10837,2,0,DAF TRUCKS MODEL MISSING,3,E01000043,0,-1
2021170L20151,2021,170L20151,3,21,0,18,19,8,4,0,0,8,0,0,0,0,1,1,1,1,1,54,8,10837,2,5,DAF TRUCKS MODEL MISSING,-1,-1,0,-1
202131B095321,2021,31B095321,2,21,1,11,11,4,8,0,0,0,0,0,0,0,4,1,1,1,1,49,8,12902,2,1,DAF TRUCKS MODEL MISSING,6,E01021884,0,-1
2021991101916,2021,991101916,2,21,1,18,19,5,1,0,0,8,0,0,0,0,1,1,1,1,1,58,9,6700,2,5,DAF TRUCKS MODEL MISSING,9,-1,0,-1
2021131062114,2021,131062114,1,21,0,11,11,7,3,0,0,0,0,0,0,0,1,1,1,1,1,50,8,12902,2,3,DAF TRUCKS MODEL MISSING,6,E01012882,0,-1
2021552100503,2021,552100503,2,21,0,2,2,0,0,0,0,0,0,0,0,0,1,1,1,1,3,-1,-1,12902,2,1,DAF TRUCKS MODEL MISSING,5,E01021001,0,-1
2021361025914,2021,361025914,1,21,1,1,1,2,6,0,0,1,0,0,0,0,2,1,1,1,1,50,8,9186,2,8,DAF TRUCKS MODEL MISSING,8,E01031620,0,-1
2021010337406,2021,010337406,2,20,0,18,19,7,3,0,0,0,0,0,0,0,1,1,6,6,1,60,9,9186,2,7,DAF TRUCKS MODEL MISSING,-1,-1,0,-1
2021430131806,2021,430131806,1,21,0,18,19,1,5,0,0,1,0,0,0,0,1,1,1,1,1,55,8,4500,2,7,DAF TRUCKS MODEL MISSING,7,E01028732,0,-1
2021122100454,2021,122100454,2,20,0,16,19,1,5,0,0,8,0,0,0,0,1,1,1,1,1,49,8,4500,2,14,DAF TRUCKS MODEL MISSING,7,E01013024,0,-1
2021010305914,2021,010305914,3,21,0,18,19,7,3,0,0,0,0,0,0,0,1,1,6,6,1,63,9,12902,2,3,DAF TRUCKS MODEL MISSING,8,E01026561,0,-1
2021461065461,2021,461065461,1,21,1,16,19,8,4,0,0,0,3,0,0,0,1,1,1,1,1,40,7,10837,2,5,DAF TRUCKS MODEL MISSING,5,E01016156,0,-1
2021361039972,2021,361039972,1,21,1,16,19,2,6,0,0,1,0,0,0,0,0,1,1,1,1,61,9,12900,2,13,DAF TRUCKS MODEL MISSING,4,E01026765,0,-1
2021991111793,2021,991111793,2,21,1,18,19,7,3,0,0,0,0,0,0,0,2,1,1,1,1,29,6,12902,2,1,DAF TRUCKS MODEL MISSING,2,-1,0,-1
2021010312525,2021,010312525,1,21,4,18,19,7,3,0,0,2,0,0,0,0,1,1,1,1,1,31,6,12902,2,1,DAF TRUCKS MODEL MISSING,4,E01024622,0,-1
2021122100387,2021,122100387,1,21,4,4,4,5,1,0,0,0,0,0,0,0,1,1,1,1,1,59,9,12902,2,5,DAF TRUCKS MODEL MISSING,3,E01026696,0,-1
2021122100303,2021,122100303,2,21,0,18,19,5,1,0,0,0,0,0,0,0,1,1,1,1,1,46,8,6700,2,6,DAF TRUCKS MODEL MISSING,1,E01012838,0,-1
2021440285538,2021,440285538,2,20,0,12,12,7,2,0,0,0,0,0,0,0,1,1,1,1,1,46,8,6700,2,6,DAF TRUCKS MODEL MISSING,6,E01023399,0,-1
2021010303255,2021,010303255,2,19,9,99,99,9,9,99,99,9,9,99,9,99,9,9,6,6,3,-1,-1,-1,-1,-1,DAF TRUCKS MODEL MISSING,-1,-1,0,-1
2021501097729,2021,501097729,3,21,1,16,19,7,3,0,0,0,0,0,0,0,3,1,1,1,1,33,6,12902,2,4,DAF TRUCKS MODEL MISSING,9,E01020038,0,-1
2021131058618,2021,131058618,4,21,0,3,3,8,4,0,0,1,0,0,0,0,0,1,1,1,1,31,6,6700,2,0,DAF TRUCKS MODEL MISSING,6,E01011305,0,-1
2021010298019,2021,010298019,3,21,0,18,19,5,1,0,0,0,0,0,0,0,1,1,6,6,1,38,7,6700,2,4,DAF TRUCKS MODEL MISSING,8,E01017624,0,-1
2021010347062,2021,010347062,3,21,9,99,99,9,9,99,99,0,9,99,9,99,9,9,6,6,1,-1,-1,4461,2,10,DAF TRUCKS MODEL MISSING,-1,-1,0,-1
202163A080321,2021,63A080321,1,21,0,18,19,5,1,0,0,4,2,9,3,6,1,1,1,1,1,56,9,6700,2,5,DAF TRUCKS MODEL MISSING,4,W01001258,0,-1
2021211062651,2021,211062651,1,21,1,9,9,4,1,0,0,1,0,0,0,0,1,1,6,6,1,41,7,12902,2,4,DAF TRUCKS MODEL MISSING,5,E01002347,0,-1
2021010318648,2021,010318648,2,19,5,16,19,5,1,0,0,2,0,0,0,0,3,1,6,6,1,41,7,10837,2,4,DAF TRUCKS MODEL MISSING,9,E01023882,0,-1
2021010302778,2021,010302778,2,90,0,11,11,7,3,0,0,0,0,0,0,0,1,1,1,1,1,47,8,-1,-1,-1,DAF TRUCKS MODEL MISSING,3,E01002105,0,-1
2021991031838,2021,991031838,2,21,1,18,19,1,5,0,0,0,0,0,7,0,1,1,1,1,1,54,8,12902,2,1,DAF TRUCKS MODEL MISSING,3,-1,0,-1
2021221077945,2021,221077945,1,21,1,5,5,3,7,0,0,0,0,0,0,0,0,1,1,1,1,64,9,12902,2,1,DAF TRUCKS MODEL MISSING,6,E01028924,0,-1
2021070681216,2021,070681216,2,21,0,18,19,7,3,0,0,0,0,0,0,0,3,1,1,1,1,52,8,10837,2,1,DAF TRUCKS MODEL MISSING,-1,-1,0,-1
2021061076009,2021,061076009,1,21,1,11,11,3,7,0,0,0,0,0,0,0,1,1,1,1,1,46,8,12900,2,0,DAF TRUCKS MODEL MISSING,1,E01010654,0,-1
2021211041986,2021,211041986,2,21,0,18,19,1,5,0,0,0,0,0,0,0,1,1,1,1,1,54,8,12900,2,0,DAF TRUCKS MODEL MISSING,5,E01010438,0,-1
2021070475730,2021,070475730,3,21,1,4,4,8,4,0,0,0,0,0,0,0,1,1,1,1,1,35,6,12902,2,5,DAF TRUCKS MODEL MISSING,5,E01005777,0,-1
2021440280621,2021,440280621,2,21,0,4,4,4,2,0,0,1,0,0,0,0,2,1,1,1,1,45,7,6700,2,2,DAF TRUCKS MODEL MISSING,3,E01017179,0,-1
2021131107593,2021,131107593,2,21,0,18,19,3,7,0,0,0,0,0,0,0,1,1,1,1,1,39,7,12902,2,4,DAF TRUCKS MODEL MISSING,2,E01010315,0,-1
2021552100720,2021,552100720,2,21,1,4,4,2,6,0,0,0,0,0,0,0,2,1,1,1,1,52,8,12902,2,2,DAF TRUCKS MODEL MISSING,10,E01020423,0,-1
2021531053091,2021,531053091,1,19,0,18,19,-1,-1,0,0,0,0,0,0,0,1,1,6,6,1,-1,-1,-1,-1,-1,DAF TRUCKS MODEL MISSING,-1,-1,0,-1
2021471115719,2021,471115719,1,21,0,6,6,8,8,0,0,0,0,0,0,0,3,1,1,1,1,57,9,4461,2,12,DAF TRUCKS MODEL MISSING,7,E01021181,0,-1
2021461074237,2021,461074237,3,20,0,4,4,1,5,0,0,0,0,0,0,0,2,1,6,6,1,53,8,4500,2,2,DAF TRUCKS MODEL MISSING,7,E01024137,0,-1
2021031058747,2021,031058747,1,21,1,18,19,7,3,0,0,0,0,4,0,0,4,1,1,1,1,58,9,10837,2,6,DAF TRUCKS MODEL MISSING,2,E01013552,0,-1
2021371070552,2021,371070552,2,19,5,18,19,6,2,0,0,0,0,0,0,0,3,1,5,6,1,63,9,4461,2,9,DAF TRUCKS MODEL MISSING,7,E01029911,0,-1
2021361044501,2021,361044501,1,21,1,11,11,6,1,0,0,3,0,0,0,0,4,1,1,1,1,31,6,6700,2,4,DAF TRUCKS MODEL MISSING,2,E01001486,0,-1
2021010306555,2021,010306555,1,21,0,3,3,3,7,0,0,1,0,0,0,0,2,1,1,1,1,61,9,10837,2,4,DAF TRUCKS MODEL MISSING,9,E01021937,0,-1
2021320576802,2021,320576802,3,21,0,18,19,6,2,0,0,8,0,0,0,0,1,1,1,1,1,51,8,6693,2,8,DAF TRUCKS MODEL MISSING,1,E01026072,0,-1
2021471061858,2021,471061858,2,21,0,2,2,0,0,0,0,0,0,0,0,0,2,1,1,1,1,54,8,6700,2,5,DAF TRUCKS MODEL MISSING,8,E01024419,0,-1
2021061061932,2021,061061932,1,21,0,11,11,7,4,0,0,0,0,0,0,0,3,1,1,1,1,49,8,6692,2,10,DAF TRUCKS MODEL MISSING,1,E01005313,0,-1
2021501121700,2021,501121700,2,21,0,18,19,4,8,0,0,1,0,0,0,0,1,1,5,6,1,50,8,12900,2,10,DAF TRUCKS MODEL MISSING,5,E01018785,0,-1
2021010297267,2021,010297267,2,21,9,99,99,9,9,99,99,9,9,99,9,99,1,9,6,6,3,-1,-1,6700,2,5,DAF TRUCKS MODEL MISSING,9,E01003380,0,-1
2021421088104,2021,421088104,1,21,1,18,19,1,5,0,0,8,5,0,0,0,4,1,1,1,1,53,8,12902,2,5,DAF TRUCKS MODEL MISSING,2,E01007395,0,-1
2021010300565,2021,010300565,1,21,1,99,99,9,9,99,99,9,9,99,9,99,3,1,6,6,3,-1,-1,12902,2,6,DAF TRUCKS MODEL MISSING,5,E01020584,0,-1
2021302100813,2021,302100813,2,21,1,18,19,6,2,0,0,0,0,0,0,0,3,1,1,1,1,44,7,12902,2,3,DAF TRUCKS MODEL MISSING,8,E01025745,0,-1
2021320653173,2021,320653173,1,21,0,18,19,1,5,0,0,0,1,0,0,0,1,1,1,1,1,48,8,12900,2,12,DAF TRUCKS MODEL MISSING,4,E01026071,0,-1
2021461018917,2021,461018917,1,21,1,11,11,3,7,0,0,0,0,0,0,0,3,1,1,1,1,56,9,12902,2,5,DAF TRUCKS MODEL MISSING,4,E01032800,0,-1
2021471030494,2021,471030494,2,19,0,3,3,4,8,0,0,1,0,0,0,0,2,1,1,1,1,49,8,4462,2,8,DAF TRUCKS MODEL MISSING,1,E01024148,0,-1
202163B006121,2021,63B006121,2,21,0,17,19,7,4,0,0,0,0,0,0,0,3,1,1,1,1,46,8,10837,2,4,DAF TRUCKS MODEL MISSING,6,W01000671,0,-1
2021320305037,2021,320305037,1,21,0,18,19,7,3,0,0,1,0,0,0,0,1,1,1,1,1,64,9,6700,2,6,DAF TRUCKS MODEL MISSING,5,E01026276,0,-1
2021302100073,2021,302100073,2,20,1,18,19,2,6,0,0,0,0,0,0,0,1,1,1,1,1,59,9,4500,2,4,DAF TRUCKS MODEL MISSING,7,E01010911,0,-1
2021622100461,2021,622100461,1,21,0,11,11,8,4,0,0,0,0,0,0,0,4,1,1,1,1,62,9,5900,2,15,DAF TRUCKS MODEL MISSING,6,W01000575,0,-1
2021201146632,2021,201146632,4,20,1,2,2,0,0,0,0,1,0,0,0,0,2,1,1,1,1,36,7,-1,-1,-1,DAF TRUCKS MODEL MISSING,1,E01009409,0,-1
2021440444012,2021,440444012,2,21,0,2,2,0,0,0,0,0,0,0,0,0,1,1,1,1,3,-1,-1,12902,2,3,DAF TRUCKS MODEL MISSING,-1,-1,0,-1
2021430539413,2021,430539413,2,21,0,9,9,2,8,0,0,6,0,0,0,0,3,1,6,6,1,-1,-1,6700,2,1,DAF TRUCKS MODEL MISSING,-1,-1,0,-1
2021010306573,2021,010306573,1,21,0,18,19,7,3,0,0,8,0,0,0,0,1,1,1,1,1,41,7,6700,2,2,DAF TRUCKS MODEL MISSING,6,E01001075,0,-1
2021361043701,2021,361043701,2,21,1,18,19,2,6,0,0,0,0,0,0,0,1,1,1,1,1,67,10,12902,2,6,DAF TRUCKS MODEL MISSING,6,E01026686,0,-1
2021231019933,2021,231019933,3,21,1,2,2,0,0,0,0,2,0,0,0,0,0,1,1,1,1,-1,-1,10837,2,2,DAF TRUCKS MODEL MISSING,-1,-1,0,-1
2021122100190,2021,122100190,2,21,1,11,11,1,5,0,0,0,0,0,0,0,3,1,1,1,1,62,9,12902,2,1,DAF TRUCKS MODEL MISSING,5,-1,0,-1
2021320604968,2021,320604968,2,21,0,18,19,8,4,0,0,2,0,0,0,0,2,1,1,1,1,36,7,10837,2,5,DAF TRUCKS MODEL MISSING,-1,-1,0,-1
202131P077921,2021,31P077921,2,21,1,18,19,6,2,0,0,0,0,0,0,0,1,1,1,1,1,45,7,12902,2,6,DAF TRUCKS MODEL MISSING,1,E01011471,0,-1
20211381R0722,2021,1381R0722,2,21,1,5,5,2,6,0,0,0,0,0,0,0,2,1,1,1,3,-1,-1,6700,2,2,DAF TRUCKS MODEL MISSING,-1,-1,0,-1
2021231081238,2021,231081238,2,20,0,13,13,8,4,0,0,0,0,10,0,0,4,1,1,1,1,47,8,6700,2,5,DAF TRUCKS MODEL MISSING,1,E01009308,0,-1
2021430285546,2021,430285546,3,19,0,18,19,1,5,0,0,0,0,0,0,0,2,1,6,6,1,45,7,4462,2,8,DAF TRUCKS MODEL MISSING,-1,-1,0,-1
202131D126221,2021,31D126221,1,21,1,17,19,3,8,0,0,2,5,4,0,0,1,1,1,1,1,24,5,12902,2,3,DAF TRUCKS MODEL MISSING,6,-1,0,-1
2021471058151,2021,471058151,2,20,0,18,19,2,6,0,0,0,0,0,0,0,2,1,1,1,1,40,7,6700,2,3,DAF TRUCKS MODEL MISSING,6,E01031709,0,-1
2021461071020,2021,461071020,2,20,0,2,2,0,0,0,0,0,0,0,0,0,2,1,6,6,1,55,8,6700,2,6,DAF TRUCKS MODEL MISSING,2,E01024081,0,-1
2021010316391,2021,010316391,1,20,0,3,3,3,7,0,0,1,0,0,0,0,3,1,1,1,1,72,10,-1,-1,-1,DAF TRUCKS MODEL MISSING,4,E01001514,0,-1
2021302100013,2021,302100013,1,21,0,18,19,4,8,6,6,0,0,0,0,0,1,1,1,1,1,35,6,10837,2,6,DAF TRUCKS MODEL MISSING,4,E01007398,0,-1
2021122101462,2021,122101462,1,21,0,7,7,6,8,0,0,8,0,0,0,0,4,1,1,1,1,44,7,6700,2,4,DAF TRUCKS MODEL MISSING,7,E01027890,0,-1
2021440280701,2021,440280701,1,21,0,16,19,1,3,0,0,7,5,0,0,0,3,1,1,1,1,54,8,10837,2,3,DAF TRUCKS MODEL MISSING,5,E01023201,0,-1
2021991088560,2021,991088560,2,21,0,18,19,1,5,0,0,0,0,0,0,0,3,1,1,1,1,46,8,10837,2,3,DAF TRUCKS MODEL MISSING,3,-1,0,-1
2021320512248,2021,320512248,1,21,0,1,1,7,3,0,0,5,0,0,0,0,0,1,6,6,3,40,7,10837,2,6,DAF TRUCKS MODEL MISSING,-1,-1,0,-1
2021461038496,2021,461038496,1,21,1,12,12,4,6,0,0,8,0,0,0,0,1,1,1,1,1,-1,-1,6700,2,4,DAF TRUCKS MODEL MISSING,-1,-1,0,-1
2021401103156,2021,401103156,2,21,0,17,19,5,1,0,0,0,1,0,1,0,1,1,1,1,1,34,6,12902,2,6,DAF TRUCKS MODEL MISSING,1,E01004459,0,-1