collision_index,collision_year,collision_ref_no,vehicle_reference,vehicle_type,towing_and_articulation,vehicle_manoeuvre_historic,vehicle_manoeuvre,vehicle_direction_from,vehicle_direction_to,vehicle_location_restricted_lane_historic,vehicle_location_restricted_lane,junction_location,skidding_and_overturning,hit_object_in_carriageway,vehicle_leaving_carriageway,hit_object_off_carriageway,first_point_of_impact,vehicle_left_hand_drive,journey_purpose_of_driver_historic,journey_purpose_of_driver,sex_of_driver,age_of_driver,age_band_of_driver,engine_capacity_cc,propulsion_code,age_of_vehicle,generic_make_model,driver_imd_decile,lsoa_of_driver,escooter_flag,driver_distance_banding
2021010321865,2021,010321865,1,20,1,18,19,1,5,0,0,1,0,0,0,0,3,1,1,1,1,57,9,-1,-1,-1,DAF TRUCKS MODEL MISSING,2,E01032744,0,-1
202163DF01721,2021,63DF01721,2,21,0,18,19,4,8,0,0,0,0,0,0,0,1,1,1,1,1,65,9,10837,2,6,DAF TRUCKS MODEL MISSING,8,W01000439,0,-1
2021411111600,2021,411111600,2,20,0,2,2,0,0,6,6,0,0,0,0,0,2,1,1,1,1,44,7,10837,2,5,DAF TRUCKS MODEL MISSING,7,E01021827,0,-1
2021010296303,2021,010296303,2,21,9,13,13,3,7,0,0,0,9,99,9,99,4,1,6,6,1,54,8,12902,2,2,DAF TRUCKS MODEL MISSING,7,E01014202,0,-1
2021070101893,2021,070101893,1,21,1,4,4,1,5,0,0,0,2,0,1,7,1,1,1,1,1,57,9,12902,2,2,DAF TRUCKS MODEL MISSING,4,E01006839,0,-1
2021211115087,2021,211115087,2,21,1,4,4,1,1,0,0,0,0,0,0,0,2,1,5,6,1,69,10,12902,2,3,DAF TRUCKS MODEL MISSING,6,W01000701,0,-1
2021520106276,2021,520106276,2,21,1,18,19,8,4,0,0,1,0,0,0,0,3,1,6,6,1,60,9,6700,2,5,DAF TRUCKS MODEL MISSING,9,E01029065,0,-1
2021031071670,2021,031071670,2,21,4,18,19,6,2,0,0,0,0,0,0,0,2,1,1,1,1,60,9,10837,2,2,DAF TRUCKS MODEL MISSING,4,E01005507,0,-1
2021211145134,2021,211145134,3,21,0,4,4,8,4,0,0,0,0,0,0,0,2,1,1,1,1,36,7,12902,2,3,DAF TRUCKS MODEL MISSING,4,E01029603,0,-1
2021131089415,2021,131089415,2,21,1,18,19,3,7,0,0,0,0,0,0,0,1,1,1,1,1,41,7,12902,2,5,DAF TRUCKS MODEL MISSING,2,E01007745,0,-1
2021010315640,2021,010315640,1,21,1,18,19,7,3,0,0,2,0,0,0,0,1,1,1,1,1,26,6,12902,2,6,DAF TRUCKS MODEL MISSING,7,E01017431,0,-1
2021131096134,2021,131096134,1,21,0,12,12,7,3,0,0,0,0,0,0,0,3,1,1,1,1,63,9,10837,2,2,DAF TRUCKS MODEL MISSING,8,E01011930,0,-1
2021361076767,2021,361076767,1,21,1,16,19,7,3,0,0,0,0,0,0,0,1,1,1,1,1,48,8,4500,2,4,DAF TRUCKS MODEL MISSING,9,E01028169,0,-1
202134WNC4261,2021,34WNC4261,4,19,0,18,19,7,3,0,0,1,0,10,0,0,3,1,1,1,1,34,6,-1,-1,-1,DAF TRUCKS MODEL MISSING,10,E01027088,0,-1
2021161062885,2021,161062885,1,19,0,1,1,2,6,0,0,1,0,0,0,0,2,1,1,1,1,25,5,-1,-1,-1,DAF TRUCKS MODEL MISSING,2,E01011915,0,-1
2021031061374,2021,031061374,1,21,0,18,19,5,1,0,0,0,0,0,0,0,0,1,1,1,1,57,9,10837,2,1,DAF TRUCKS MODEL MISSING,5,E01019107,0,-1
2021010328896,2021,010328896,1,20,0,3,3,1,5,0,0,1,0,0,0,0,0,1,1,1,1,69,10,6700,2,3,DAF TRUCKS MODEL MISSING,7,E01000227,0,-1
202134NNC7011,2021,34NNC7011,3,19,0,18,19,7,3,0,0,0,0,0,0,0,2,1,1,1,1,28,6,6700,2,3,DAF TRUCKS MODEL MISSING,1,E01027177,0,-1
2021991094779,2021,991094779,3,21,2,18,19,2,6,0,0,0,1,0,0,0,0,1,1,1,1,31,6,12900,2,10,DAF TRUCKS MODEL MISSING,8,-1,0,-1
2021351130081,2021,351130081,2,21,1,9,9,6,2,0,0,1,0,0,0,0,2,1,2,2,1,60,9,10837,2,3,DAF TRUCKS MODEL MISSING,6,E01026446,0,-1
2021302101911,2021,302101911,1,21,0,18,19,6,2,0,0,0,0,0,0,0,1,1,1,1,1,46,8,12902,2,5,DAF TRUCKS MODEL MISSING,1,E01013725,0,-1
20211383F0434,2021,1383F0434,1,21,0,9,9,7,5,0,0,2,0,0,0,0,1,1,1,1,1,54,8,4500,2,3,DAF TRUCKS MODEL MISSING,1,E01010663,0,-1
2021471062191,2021,471062191,2,20,0,18,19,6,2,0,0,0,0,0,0,0,2,1,1,1,1,50,8,10837,2,1,DAF TRUCKS MODEL MISSING,8,E01021107,0,-1
2021622100878,2021,622100878,2,21,0,18,19,2,6,0,0,1,0,0,0,0,1,1,1,1,1,51,8,4461,2,13,DAF TRUCKS MODEL MISSING,2,W01001069,0,-1
2021411119283,2021,411119283,1,21,1,18,19,5,1,0,0,0,0,0,0,0,4,1,1,1,1,59,9,12902,2,1,DAF TRUCKS MODEL MISSING,2,E01027156,0,-1
2021461052460,2021,461052460,2,21,1,18,19,3,1,0,0,0,0,0,0,0,1,1,1,1,1,56,9,4462,2,8,DAF TRUCKS MODEL MISSING,7,E01024538,0,-1
2021010294068,2021,010294068,2,19,0,5,5,2,6,99,99,9,9,99,0,0,3,9,6,6,1,44,7,4500,2,5,DAF TRUCKS MODEL MISSING,3,E01000368,0,-1
2021430059869,2021,430059869,2,21,0,4,4,3,5,0,0,0,0,0,0,0,1,1,1,1,1,57,9,10837,2,6,DAF TRUCKS MODEL MISSING,-1,-1,0,-1
2021010290270,2021,010290270,2,21,9,18,19,1,5,0,0,9,0,99,9,99,9,1,6,6,1,-1,-1,12900,2,6,DAF TRUCKS MODEL MISSING,8,E01021340,0,-1
2021302101850,2021,302101850,1,21,0,9,9,2,8,0,0,1,0,0,0,0,3,1,1,1,1,50,8,6692,2,11,DAF TRUCKS MODEL MISSING,3,E01019858,0,-1
2021522100332,2021,522100332,2,20,0,1,1,3,6,0,0,0,0,0,0,0,2,1,6,6,1,48,8,4500,2,5,DAF TRUCKS MODEL MISSING,1,W01001666,0,-1
2021320681516,2021,320681516,1,21,0,18,19,6,2,0,0,0,0,4,1,4,4,1,1,1,1,55,8,6700,2,3,DAF TRUCKS MODEL MISSING,-1,-1,0,-1
2021501066154,2021,501066154,1,19,0,18,19,5,1,0,0,0,0,0,0,0,0,1,6,6,1,-1,-1,4461,2,10,DAF TRUCKS MODEL MISSING,2,E01018854,0,-1
2021111018472,2021,111018472,2,21,5,18,19,3,7,0,0,1,0,0,0,0,1,1,2,2,1,49,8,9200,2,11,DAF TRUCKS MODEL MISSING,1,E01012266,0,-1
2021421081901,2021,421081901,1,21,1,11,11,7,3,0,0,0,0,0,0,0,4,1,1,1,3,30,6,12902,2,0,DAF TRUCKS MODEL MISSING,-1,-1,0,-1
2021221077313,2021,221077313,3,20,0,18,19,7,3,0,0,0,0,0,0,0,1,1,1,1,1,52,8,4500,2,5,DAF TRUCKS MODEL MISSING,8,E01010437,0,-1
2021131120506,2021,131120506,2,21,0,18,19,3,7,0,0,0,0,0,1,0,1,1,1,1,1,53,8,12902,2,4,DAF TRUCKS MODEL MISSING,6,E01028050,0,-1
2021320363864,2021,320363864,1,20,0,18,19,8,4,0,0,0,5,0,0,6,1,1,1,1,1,48,8,4500,2,14,DAF TRUCKS MODEL MISSING,8,E01026138,0,-1
2021501084327,2021,501084327,1,19,0,9,9,5,1,0,0,0,5,0,1,0,4,1,1,1,1,39,7,-1,-1,-1,DAF TRUCKS MODEL MISSING,2,E01020111,0,-1
2021622100787,2021,622100787,2,20,0,2,2,0,0,0,0,0,0,0,0,0,2,1,6,6,1,57,9,12900,2,11,DAF TRUCKS MODEL MISSING,3,W01001231,0,-1
2021302101696,2021,302101696,4,21,0,18,19,2,6,0,0,0,0,0,0,0,1,1,1,1,1,66,10,10837,2,0,DAF TRUCKS MODEL MISSING,6,E01007787,0,-1
2021010324259,2021,010324259,1,19,0,1,1,1,5,0,0,0,0,0,0,0,2,1,1,1,1,32,6,6700,2,5,DAF TRUCKS MODEL MISSING,9,E01023728,0,-1
2021211081307,2021,211081307,2,21,0,6,6,4,4,0,0,0,0,0,0,0,3,1,1,1,1,50,8,9200,2,9,DAF TRUCKS MODEL MISSING,5,E01009973,0,-1
2021421080249,2021,421080249,1,21,1,18,19,5,1,0,0,0,1,0,0,0,1,1,1,1,1,48,8,12902,2,5,DAF TRUCKS MODEL MISSING,2,E01021327,0,-1
2021010305703,2021,010305703,1,21,0,7,7,8,3,0,0,8,0,0,0,0,0,1,1,1,1,52,8,10837,2,1,DAF TRUCKS MODEL MISSING,6,E01001093,0,-1
2021010325668,2021,010325668,2,21,9,99,99,9,9,99,99,9,9,99,9,99,9,9,6,6,3,-1,-1,6700,2,6,DAF TRUCKS MODEL MISSING,-1,-1,0,-1
2021320403177,2021,320403177,2,21,0,2,2,0,0,0,0,0,0,0,0,0,1,1,1,1,1,51,8,4462,2,8,DAF TRUCKS MODEL MISSING,7,E01032989,0,-1
2021010344195,2021,010344195,2,20,0,18,19,3,7,0,0,0,0,0,0,0,1,1,1,1,1,58,9,4500,2,1,DAF TRUCKS MODEL MISSING,9,E01002239,0,-1
2021211083133,2021,211083133,1,21,0,11,11,7,3,0,0,8,0,0,0,0,3,1,1,1,1,31,6,12900,2,9,DAF TRUCKS MODEL MISSING,1,E01010423,0,-1
2021231061263,2021,231061263,1,19,0,18,19,8,4,0,0,8,0,0,0,0,4,1,5,6,1,71,10,4462,2,8,DAF TRUCKS MODEL MISSING,7,E01031164,0,-1
2021231104758,2021,231104758,2,20,0,5,5,8,2,0,0,6,0,0,0,0,1,1,1,1,1,37,7,10837,2,5,DAF TRUCKS MODEL MISSING,3,E01010422,0,-1
2021430195149,2021,430195149,1,21,0,18,19,1,5,0,0,0,1,0,1,10,1,1,1,1,1,26,6,6692,2,8,DAF TRUCKS MODEL MISSING,4,E01032732,0,-1
2021061122302,2021,061122302,2,21,0,18,19,3,6,0,0,0,0,1,0,0,3,1,1,1,1,50,8,6700,2,1,DAF TRUCKS MODEL MISSING,1,E01013584,0,-1
2021411033781,2021,411033781,2,21,1,18,19,8,4,0,0,0,0,0,0,0,1,1,1,1,1,38,7,12902,2,3,DAF TRUCKS MODEL MISSING,4,E01033430,0,-1
2021010292723,2021,010292723,1,9,0,9,9,1,6,0,0,5,0,0,0,0,3,1,6,6,1,67,10,1997,2,2,FORD KUGA,4,E01000323,0,-1
2021010323721,2021,010323721,1,9,0,4,4,3,7,0,0,1,0,0,0,0,1,9,6,6,1,56,9,1997,2,12,FORD KUGA,9,E01002364,0,-1
202134NNC7031,2021,34NNC7031,1,9,0,18,19,8,4,0,0,4,0,0,0,0,1,1,2,2,1,77,11,1498,1,2,FORD KUGA,10,E01027115,0,-1
2021161119054,2021,161119054,1,9,0,18,19,7,3,0,0,8,0,0,0,0,4,1,5,6,1,37,7,1498,1,2,FORD KUGA,8,E01013028,0,-1
2021991097706,2021,991097706,2,9,0,18,19,3,7,0,0,1,0,0,0,0,1,1,6,6,2,59,9,1499,2,4,FORD KUGA,5,-1,0,-1
2021141106907,2021,141106907,2,9,0,18,19,1,5,0,0,0,0,0,0,0,1,1,5,6,2,54,8,1997,2,7,FORD KUGA,4,E01007359,0,-1
2021010320551,2021,010320551,2,9,0,3,3,7,3,0,0,1,0,0,0,0,2,1,6,6,1,30,6,1499,2,1,FORD KUGA,1,E01003503,0,-1
2021544777921,2021,544777921,2,9,0,2,2,0,0,0,0,8,0,0,0,0,1,1,1,1,1,30,6,1997,2,4,FORD KUGA,9,E01015473,0,-1
2021421069646,2021,421069646,2,9,0,18,19,6,2,0,0,1,5,0,1,0,1,1,5,6,1,64,9,1997,2,4,FORD KUGA,4,E01022028,0,-1
2021351113187,2021,351113187,2,9,0,18,19,8,4,0,0,0,0,0,0,0,3,1,3,7,2,34,6,1997,2,10,FORD KUGA,9,E01018275,0,-1
2021052102145,2021,052102145,1,9,0,9,9,5,3,0,0,8,0,0,0,0,1,1,6,6,2,54,8,1997,2,2,FORD KUGA,-1,-1,0,-1
2021440101940,2021,440101940,2,9,0,4,4,3,1,0,0,1,0,0,0,0,0,1,6,6,1,-1,-1,1997,2,4,FORD KUGA,-1,-1,0,-1
2021401077699,2021,401077699,3,9,0,2,2,0,0,0,0,2,0,0,0,0,3,1,6,6,3,-1,-1,1997,2,6,FORD KUGA,-1,-1,0,-1
2021421030040,2021,421030040,2,9,0,18,19,6,3,0,0,0,0,0,0,0,2,1,5,6,2,27,6,1496,1,0,FORD KUGA,2,E01015896,0,-1
2021401117911,2021,401117911,1,9,0,9,9,2,7,0,0,8,0,0,0,0,1,1,6,6,2,34,6,1997,2,4,FORD KUGA,9,E01033194,0,-1
2021201142297,2021,201142297,1,9,0,7,7,1,3,0,0,5,0,0,0,0,4,1,6,6,1,64,9,1997,2,5,FORD KUGA,3,E01009941,0,-1
2021041099138,2021,041099138,1,9,0,16,19,8,4,0,0,0,0,0,0,0,1,1,5,6,1,75,10,1499,2,2,FORD KUGA,1,E01006016,0,-1
2021311029911,2021,311029911,1,9,0,18,19,7,3,0,0,1,0,7,0,0,1,1,5,6,1,61,9,1997,2,10,FORD KUGA,10,E01026300,0,-1
2021991051959,2021,991051959,3,9,0,2,2,0,0,0,0,0,0,0,0,0,1,1,5,6,1,50,8,1496,1,0,FORD KUGA,2,-1,0,-1
202154B867821,2021,54B867821,1,9,0,18,19,2,6,0,0,0,1,0,1,11,1,1,6,6,1,34,6,1997,2,10,FORD KUGA,3,W01001181,0,-1
202131A182021,2021,31A182021,1,9,0,1,1,6,4,0,0,0,0,0,0,0,2,1,6,6,3,-1,-1,1499,2,4,FORD KUGA,-1,-1,0,-1
2021070648275,2021,070648275,1,9,0,9,9,3,7,0,0,1,0,0,0,0,1,1,6,6,1,81,11,1997,2,7,FORD KUGA,2,E01018485,0,-1
2021361072645,2021,361072645,1,9,0,5,5,3,1,0,0,4,0,0,0,0,3,1,5,6,1,44,7,2488,8,0,FORD KUGA,7,E01027172,0,-1
2021221084793,2021,221084793,1,9,0,17,19,4,2,0,0,8,2,0,2,3,1,1,5,6,1,37,7,1997,2,2,FORD KUGA,2,E01009233,0,-1
2021501083057,2021,501083057,1,9,0,18,19,7,5,0,0,0,0,0,0,0,1,1,5,6,1,82,11,1997,2,4,FORD KUGA,9,E01015118,0,-1
2021010288201,2021,010288201,2,8,0,99,99,9,9,99,99,0,9,99,9,99,9,9,6,6,3,-1,-1,1498,1,5,FORD KUGA,-1,-1,0,-1
2021141124741,2021,141124741,1,9,0,4,4,3,7,0,0,0,0,0,0,0,2,1,5,6,2,54,8,1995,2,1,FORD KUGA,3,E01007777,0,-1
2021361043583,2021,361043583,2,9,0,18,19,3,7,0,0,0,0,0,0,0,1,1,5,6,2,46,8,1997,2,11,FORD KUGA,8,E01026918,0,-1
2021440412341,2021,440412341,1,9,0,18,19,1,5,0,0,1,0,0,0,0,2,1,6,6,2,26,6,1997,2,6,FORD KUGA,10,E01022773,0,-1
2021451026066,2021,451026066,1,9,0,17,19,5,1,0,0,0,2,11,1,11,3,1,5,6,1,51,8,1997,2,8,FORD KUGA,-1,-1,0,-1
2021052101636,2021,052101636,2,9,0,18,19,6,2,0,0,8,0,0,0,0,2,1,6,6,1,37,7,1997,2,8,FORD KUGA,4,E01024919,0,-1
2021440513402,2021,440513402,1,9,0,9,9,7,5,0,0,1,0,0,0,0,1,1,6,6,1,38,7,1498,1,3,FORD KUGA,1,E01032882,0,-1
202134WNC3971,2021,34WNC3971,1,9,0,7,7,5,7,0,0,6,0,0,0,0,1,1,6,6,1,47,8,2488,8,0,FORD KUGA,7,E01027277,0,-1
2021522104416,2021,522104416,2,9,0,18,19,8,5,0,0,2,0,0,0,0,1,1,6,6,3,-1,-1,2488,8,0,FORD KUGA,-1,-1,0,-1
202134NNC2031,2021,34NNC2031,2,9,0,4,4,5,1,0,0,1,0,0,0,0,2,1,2,2,1,39,7,1498,1,3,FORD KUGA,8,E01027162,0,-1
2021991052038,2021,991052038,2,9,0,18,19,5,1,0,0,1,0,0,0,0,2,1,5,6,1,33,6,1499,2,4,FORD KUGA,8,-1,0,-1
2021991024060,2021,991024060,1,9,0,18,19,6,2,0,0,0,0,0,0,0,4,1,5,6,1,75,10,1997,2,2,FORD KUGA,4,-1,0,-1
2021010351479,2021,010351479,2,9,0,18,19,3,7,0,0,1,0,0,0,0,1,1,6,6,1,41,7,1498,1,3,FORD KUGA,3,E01000977,0,-1
2021010300488,2021,010300488,1,9,0,18,19,3,7,0,0,2,0,2,0,0,4,1,6,6,1,38,7,1997,2,3,FORD KUGA,2,E01000075,0,-1
2021052102312,2021,052102312,1,9,0,16,19,3,7,0,0,4,0,0,0,0,1,1,6,6,1,26,6,1499,2,3,FORD KUGA,1,E01007008,0,-1
2021991035154,2021,991035154,3,9,0,2,2,0,0,0,0,1,0,0,0,0,4,1,6,6,3,-1,-1,1997,2,7,FORD KUGA,-1,-1,0,-1
2021421093167,2021,421093167,2,9,0,18,19,7,3,0,0,0,0,0,0,0,3,1,5,6,1,51,8,1995,2,1,FORD KUGA,7,E01021920,0,-1
2021421058716,2021,421058716,1,9,0,9,9,1,7,0,0,1,0,0,0,0,3,1,6,6,2,40,7,2488,8,0,FORD KUGA,5,E01021715,0,-1
2021440478780,2021,440478780,1,9,0,18,19,8,4,0,0,0,5,7,0,0,4,1,6,6,1,59,9,1498,1,2,FORD KUGA,3,E01022550,0,-1
2021201115663,2021,201115663,1,9,0,9,9,3,1,0,0,6,0,0,0,0,1,1,2,2,1,38,7,1997,2,7,FORD KUGA,1,E01010275,0,-1
2021052101496,2021,052101496,1,9,0,18,19,1,5,0,0,0,0,0,0,0,1,1,6,6,1,71,10,1499,2,3,FORD KUGA,3,E01007083,0,-1
2021010312485,2021,010312485,3,9,9,99,99,9,9,99,99,9,9,99,9,99,9,9,6,6,3,-1,-1,1997,2,4,FORD KUGA,8,E01024652,0,-1
2021421011371,2021,421011371,1,9,0,9,9,3,8,0,0,3,0,0,0,0,1,1,6,6,1,-1,-1,1498,1,3,FORD KUGA,-1,-1,0,-1
2021471036309,2021,471036309,1,9,0,18,19,6,2,0,0,0,0,0,0,0,3,1,5,6,1,48,8,1498,1,3,FORD KUGA,6,E01031661,0,-1
2021161106973,2021,161106973,2,9,0,7,7,4,7,0,0,6,0,0,0,0,1,1,6,6,3,-1,-1,1997,2,11,FORD KUGA,-1,-1,0,-1
2021201118773,2021,201118773,1,9,0,18,19,1,5,0,0,0,0,10,0,0,1,1,6,6,1,36,7,1499,2,4,FORD KUGA,6,E01009976,0,-1
2021522101468,2021,522101468,2,9,0,18,19,7,3,0,0,0,1,0,0,0,1,1,6,6,2,35,6,1498,1,2,FORD KUGA,7,E01014916,0,-1
2021010312543,2021,010312543,1,9,0,18,19,5,1,0,0,0,0,0,0,0,1,1,6,6,1,64,9,1997,2,5,FORD KUGA,8,E01002334,0,-1
2021991067242,2021,991067242,2,9,0,18,19,4,8,0,0,0,0,0,0,0,2,1,6,6,2,59,9,1997,2,7,FORD KUGA,9,-1,0,-1
2021070473141,2021,070473141,1,9,0,18,19,3,7,0,0,0,0,0,1,7,4,1,6,6,2,38,7,1997,2,11,FORD KUGA,4,E01007206,0,-1
2021421062377,2021,421062377,1,9,0,9,9,4,2,0,0,0,0,0,8,0,1,1,6,6,1,83,11,1498,1,3,FORD KUGA,5,E01021994,0,-1
2021052100662,2021,052100662,1,9,0,18,19,8,4,0,0,8,0,0,0,0,1,1,6,6,2,51,8,1997,2,8,FORD KUGA,7,E01007316,0,-1
2021010317238,2021,010317238,2,9,0,99,99,9,9,99,99,9,9,99,9,99,1,9,6,6,2,65,9,1997,2,4,FORD KUGA,2,E01000086,0,-1
2021411121283,2021,411121283,1,9,0,9,9,-1,-1,0,0,1,0,0,0,0,1,1,6,6,1,-1,-1,1596,1,8,FORD KUGA,10,E01023608,0,-1
2021201079034,2021,201079034,1,9,0,18,19,2,6,0,0,8,0,0,0,0,3,1,6,6,1,48,8,1498,1,2,FORD KUGA,5,E01009973,0,-1
2021351064161,2021,351064161,2,9,0,18,19,8,4,0,0,8,0,0,1,0,2,1,1,1,1,50,8,1997,2,12,FORD KUGA,6,E01018106,0,-1
2021520104885,2021,520104885,1,9,0,16,19,2,4,9,9,5,0,0,0,0,3,1,6,6,2,45,7,1997,2,3,FORD KUGA,-1,-1,0,-1
2021461106071,2021,461106071,2,9,0,18,19,7,3,0,0,0,0,0,0,0,4,1,6,6,2,34,6,1997,2,4,FORD KUGA,3,E01024119,0,-1
2021010302761,2021,010302761,2,9,0,18,19,3,7,0,0,1,1,0,0,0,2,1,6,6,1,53,8,2488,8,1,FORD KUGA,3,E01003493,0,-1
2021131079989,2021,131079989,2,9,0,3,3,5,1,0,0,1,0,0,0,0,2,1,2,2,1,50,8,1997,2,8,FORD KUGA,4,E01011499,0,-1
2021471064629,2021,471064629,1,9,0,18,19,6,2,0,0,0,0,0,0,0,1,1,6,6,2,-1,-1,1498,1,4,FORD KUGA,7,E01031471,0,-1
2021320402646,2021,320402646,2,9,0,18,19,6,2,0,0,1,0,0,0,0,0,1,1,1,2,22,5,1997,2,4,FORD KUGA,-1,-1,0,-1
2021411025921,2021,411025921,2,9,0,9,9,4,1,0,0,4,0,0,0,0,1,1,2,2,1,60,9,1997,2,13,FORD KUGA,10,E01022062,0,-1
2021070613512,2021,070613512,1,9,0,4,4,7,3,0,0,2,0,0,0,0,0,1,6,6,1,30,6,1997,2,4,FORD KUGA,10,E01018561,0,-1
2021010317270,2021,010317270,1,9,0,3,3,1,5,0,0,1,0,0,0,0,2,1,6,6,1,53,8,1997,2,5,FORD KUGA,2,E01001815,0,-1
2021302100966,2021,302100966,3,9,0,18,19,8,4,0,0,1,0,0,0,0,1,1,6,6,1,35,6,1997,2,7,FORD KUGA,4,E01013548,0,-1
2021320720594,2021,320720594,2,9,0,18,19,4,8,0,0,8,0,0,1,4,1,1,6,6,1,74,10,1997,2,7,FORD KUGA,3,E01026099,0,-1
2021421026605,2021,421026605,1,9,0,9,9,7,5,0,0,8,0,0,0,0,3,1,6,6,1,39,7,1498,1,4,FORD KUGA,3,E01016014,0,-1
2021401071957,2021,401071957,1,9,0,18,19,6,2,0,0,8,0,0,0,0,1,1,5,6,2,41,7,1997,2,2,FORD KUGA,9,E01017620,0,-1
2021041093521,2021,041093521,1,9,0,18,19,3,7,0,0,6,0,0,0,0,1,1,5,6,1,75,10,1997,2,9,FORD KUGA,4,W01000022,0,-1
2021522103816,2021,522103816,2,9,0,5,5,3,7,0,0,1,0,0,0,0,4,1,6,6,2,59,9,1997,2,4,FORD KUGA,5,E01016642,0,-1
2021052102235,2021,052102235,2,9,0,18,19,4,8,0,0,0,0,0,0,0,2,1,6,6,1,40,7,1499,2,3,FORD KUGA,9,E01012392,0,-1
2021010334526,2021,010334526,2,9,0,7,7,3,5,0,0,6,0,0,0,0,1,1,6,6,1,70,10,1498,1,3,FORD KUGA,6,E01000778,0,-1
2021531097877,2021,531097877,1,9,0,18,19,1,5,0,0,0,1,0,0,0,1,1,5,6,1,71,10,1995,2,0,FORD KUGA,9,E01022363,0,-1
2021010328797,2021,010328797,2,9,0,4,4,1,5,0,0,1,0,0,0,0,1,1,2,2,2,55,8,1499,2,3,FORD KUGA,-1,-1,0,-1
2021461022235,2021,461022235,1,9,0,18,19,3,7,0,0,0,1,0,4,0,1,1,6,6,2,22,5,1997,2,9,FORD KUGA,3,E01032830,0,-1
2021430182822,2021,430182822,1,9,0,18,19,6,2,0,0,8,0,0,0,0,0,1,2,2,2,52,8,1997,2,5,FORD KUGA,2,E01016839,0,-1
202131D027221,2021,31D027221,2,9,0,18,19,1,5,0,0,1,0,0,0,0,1,1,1,1,1,32,6,1997,2,2,FORD KUGA,6,E01028152,0,-1
2021231035418,2021,231035418,2,9,0,18,19,7,3,0,0,8,0,0,0,0,3,1,5,6,1,42,7,1997,2,8,FORD KUGA,4,E01031170,0,-1
2021471065055,2021,471065055,5,9,0,2,2,0,0,0,0,0,0,0,0,0,1,1,6,6,3,-1,-1,1997,2,6,FORD KUGA,-1,-1,0,-1
2021101076192,2021,101076192,1,9,0,17,19,5,1,0,0,0,0,0,0,0,1,1,5,6,2,81,11,1499,2,3,FORD KUGA,5,E01028242,0,-1
2021440088961,2021,440088961,1,9,0,9,9,4,2,0,0,8,0,0,0,0,3,1,6,6,2,28,6,1499,2,2,FORD KUGA,10,E01022546,0,-1
2021010346214,2021,010346214,2,9,0,8,8,1,3,0,0,1,0,0,0,0,2,1,1,1,2,46,8,1498,1,4,FORD KUGA,-1,-1,0,-1
2021440330673,2021,440330673,2,9,0,18,19,5,1,0,0,2,1,0,0,0,1,1,6,6,2,41,7,1498,1,2,FORD KUGA,6,E01017026,0,-1
2021052100567,2021,052100567,2,9,0,18,19,1,5,0,0,0,0,0,0,0,3,1,2,2,2,46,8,1499,2,4,FORD KUGA,3,E01006831,0,-1
2021991111063,2021,991111063,2,9,0,18,19,5,1,0,0,1,0,0,0,0,1,1,1,1,1,35,6,1997,2,5,FORD KUGA,3,-1,0,-1
2021461128880,2021,461128880,2,9,0,18,19,1,5,0,0,1,0,0,0,0,1,1,6,6,1,46,8,1997,2,6,FORD KUGA,5,E01000379,0,-1
2021221081007,2021,221081007,4,9,0,18,19,1,5,0,0,2,0,0,0,0,0,1,5,6,2,32,6,1498,1,2,FORD KUGA,2,E01032450,0,-1
2021221038576,2021,221038576,6,9,0,4,4,4,7,0,0,1,0,0,0,0,0,1,5,6,1,64,9,1997,2,4,FORD KUGA,5,E01014099,0,-1
2021041034801,2021,041034801,4,9,0,18,19,5,1,0,0,0,0,0,0,0,1,1,5,6,2,26,6,1997,2,2,FORD KUGA,6,E01025121,0,-1
2021010330377,2021,010330377,2,9,0,99,99,9,9,0,0,0,0,0,0,0,9,9,6,6,2,42,7,1997,2,4,FORD KUGA,2,E01003483,0,-1
2021520105622,2021,520105622,1,9,0,18,19,4,8,0,0,0,0,0,0,0,1,1,6,6,2,50,8,1997,2,12,FORD KUGA,3,E01029111,0,-1
202134WNC4441,2021,34WNC4441,2,9,0,18,19,5,1,0,0,3,1,0,1,0,4,1,6,6,1,47,8,1997,2,5,FORD KUGA,-1,-1,0,-1
2021440400752,2021,440400752,2,9,0,18,19,8,4,0,0,0,0,0,0,0,1,1,3,7,1,36,7,1997,2,7,FORD KUGA,10,E01022759,0,-1
2021471045084,2021,471045084,2,9,0,16,19,1,4,0,0,0,0,0,0,0,1,1,5,6,2,31,6,1997,2,13,FORD KUGA,3,E01021044,0,-1
2021471120250,2021,471120250,2,9,0,9,9,7,4,0,0,4,0,0,0,0,3,1,5,6,2,39,7,1997,2,3,FORD KUGA,9,E01031719,0,-1
2021041077779,2021,041077779,1,9,0,18,19,5,1,0,0,0,0,0,0,0,1,1,5,6,1,40,7,1997,2,13,FORD KUGA,4,E01025113,0,-1
2021421040060,2021,421040060,2,9,0,18,19,7,3,0,0,0,0,0,0,0,2,1,5,6,2,40,7,1997,2,11,FORD KUGA,3,E01016012,0,-1