collision_index,collision_year,collision_ref_no,vehicle_reference,vehicle_type,towing_and_articulation,vehicle_manoeuvre_historic,vehicle_manoeuvre,vehicle_direction_from,vehicle_direction_to,vehicle_location_restricted_lane_historic,vehicle_location_restricted_lane,junction_location,skidding_and_overturning,hit_object_in_carriageway,vehicle_leaving_carriageway,hit_object_off_carriageway,first_point_of_impact,vehicle_left_hand_drive,journey_purpose_of_driver_historic,journey_purpose_of_driver,sex_of_driver,age_of_driver,age_band_of_driver,engine_capacity_cc,propulsion_code,age_of_vehicle,generic_make_model,driver_imd_decile,lsoa_of_driver,escooter_flag,driver_distance_banding
2021211197361,2021,211197361,2,9,0,18,19,2,5,0,0,8,0,0,0,0,2,1,6,6,1,39,7,1499,2,3,FORD KUGA,6,E01029623,0,-1
2021421104216,2021,421104216,1,9,0,16,19,2,5,0,0,1,0,0,1,0,1,1,6,6,1,37,7,1997,2,7,FORD KUGA,7,E01021978,0,-1
2021421105358,2021,421105358,2,9,0,18,19,3,7,0,0,2,1,0,0,0,3,1,6,6,2,27,6,1997,2,7,FORD KUGA,8,E01015823,0,-1
2021052100533,2021,052100533,2,9,0,3,3,3,7,0,0,1,0,0,0,0,4,1,6,6,1,37,7,1997,2,12,FORD KUGA,1,E01006678,0,-1
2021991081351,2021,991081351,2,9,0,2,2,0,0,0,0,1,0,0,0,0,2,1,6,6,3,-1,-1,1997,2,4,FORD KUGA,-1,-1,0,-1
2021201119750,2021,201119750,1,9,0,17,19,6,4,0,0,8,0,0,0,0,1,1,6,6,2,35,6,1498,1,6,FORD KUGA,1,E01009541,0,-1
2021052100728,2021,052100728,1,9,0,4,4,5,8,0,0,8,0,4,0,0,1,1,6,6,3,-1,-1,1499,2,3,FORD KUGA,-1,-1,0,-1
2021010337279,2021,010337279,1,9,0,99,99,9,9,99,99,9,9,99,9,99,9,9,6,6,1,31,6,1498,1,2,FORD KUGA,8,E01021332,0,-1
2021440252680,2021,440252680,1,9,0,18,19,7,3,0,0,0,0,0,0,0,1,1,6,6,2,52,8,1498,1,3,FORD KUGA,10,E01022546,0,-1
2021010344764,2021,010344764,2,9,0,18,19,3,7,0,0,6,0,0,0,0,1,1,6,6,3,-1,-1,1997,2,3,FORD KUGA,-1,-1,0,-1
2021131045760,2021,131045760,3,9,0,2,2,0,0,0,0,0,0,0,0,0,4,1,6,6,3,-1,-1,1997,2,5,FORD KUGA,-1,-1,0,-1
2021351073537,2021,351073537,1,9,0,1,1,4,8,0,0,0,0,0,0,0,2,1,5,6,2,58,9,1997,2,6,FORD KUGA,3,E01018072,0,-1
2021302101665,2021,302101665,1,9,0,3,3,7,3,0,0,0,0,0,0,0,4,1,6,6,2,28,6,1997,2,6,FORD KUGA,6,E01019774,0,-1
2021031054023,2021,031054023,1,9,0,17,19,7,3,0,0,0,5,0,1,0,1,1,1,1,2,28,6,1997,2,4,FORD KUGA,9,E01025211,0,-1
2021052100702,2021,052100702,1,9,0,18,19,7,3,0,0,0,0,0,0,0,1,1,1,1,1,34,6,1997,2,3,FORD KUGA,4,E01006566,0,-1
2021552100458,2021,552100458,2,9,0,8,8,6,8,0,0,6,0,0,0,0,2,1,2,2,2,55,8,1997,2,5,FORD KUGA,9,E01020558,0,-1
2021461111929,2021,461111929,2,9,0,18,19,4,1,0,0,0,0,0,0,0,1,1,1,1,1,46,8,1997,2,2,FORD KUGA,3,E01024508,0,-1
2021101085428,2021,101085428,1,9,0,18,19,3,7,0,0,8,0,0,0,0,4,1,2,2,2,48,8,1997,2,7,FORD KUGA,-1,-1,0,-1
2021170M31431,2021,170M31431,1,9,0,1,1,6,8,0,0,6,0,0,0,0,2,1,6,6,1,54,8,1997,2,8,FORD KUGA,8,E01012030,0,-1
2021221062562,2021,221062562,2,9,0,18,19,2,6,0,0,6,0,0,3,0,1,1,6,6,1,34,6,1997,2,8,FORD KUGA,-1,-1,0,-1
2021991030084,2021,991030084,1,9,0,18,19,6,2,0,0,2,0,0,0,0,1,1,2,2,2,39,7,1498,1,4,FORD KUGA,9,-1,0,-1
2021421014003,2021,421014003,1,9,0,3,3,4,8,0,0,1,0,0,0,0,1,1,1,1,1,35,6,1997,2,4,FORD KUGA,3,E01015922,0,-1
2021522201540,2021,522201540,1,9,0,18,19,3,7,0,0,0,0,0,7,11,1,1,6,6,2,59,9,1499,2,0,FORD KUGA,7,E01014893,0,-1
2021421083289,2021,421083289,2,9,0,3,3,3,7,0,0,0,0,0,0,0,2,1,6,6,2,28,6,1997,2,7,FORD KUGA,8,E01021528,0,-1
2021231105925,2021,231105925,1,9,0,7,7,5,3,0,0,5,0,0,0,0,1,1,5,6,2,65,9,1997,2,2,FORD KUGA,10,E01031134,0,-1
2021041056874,2021,041056874,3,9,0,3,3,7,3,0,0,1,0,0,0,0,2,1,6,6,1,65,9,1997,2,2,FORD KUGA,3,E01012617,0,-1
2021991051568,2021,991051568,1,9,0,16,19,2,5,0,0,7,0,0,1,0,1,1,6,6,2,30,6,1997,2,13,FORD KUGA,6,-1,0,-1
2021111093747,2021,111093747,2,9,0,18,19,4,2,0,0,3,0,10,0,0,4,1,5,6,1,32,6,1995,2,1,FORD KUGA,8,E01008870,0,-1
2021010306555,2021,010306555,2,9,0,3,3,3,7,0,0,1,0,0,0,0,2,1,6,6,1,32,6,1997,2,4,FORD KUGA,6,E01015937,0,-1
2021041116931,2021,041116931,1,9,0,18,19,5,1,0,0,1,0,0,0,0,3,1,2,2,1,32,6,1499,2,1,FORD KUGA,7,E01012614,0,-1
2021461093313,2021,461093313,2,9,0,18,19,3,7,0,0,0,0,0,1,0,1,1,6,6,1,38,7,1997,2,11,FORD KUGA,3,E01024596,0,-1
2021141124837,2021,141124837,1,9,0,18,19,8,5,0,0,2,0,0,0,0,1,1,1,1,2,38,7,1499,2,0,FORD KUGA,7,E01007334,0,-1
2021440498495,2021,440498495,2,9,0,4,4,2,6,0,0,1,0,0,0,0,1,1,6,6,2,54,8,1498,1,2,FORD KUGA,9,E01022611,0,-1
202106N079252,2021,06N079252,2,9,0,2,2,0,0,0,0,2,0,0,0,0,2,1,6,6,1,69,10,1499,2,4,FORD KUGA,1,E01004979,0,-1
2021201095897,2021,201095897,1,9,0,18,19,7,3,0,0,1,0,10,7,10,1,1,6,6,2,74,10,1498,1,3,FORD KUGA,1,E01010368,0,-1
2021991056596,2021,991056596,2,9,0,18,19,1,5,0,0,1,0,0,0,0,1,1,2,2,1,64,9,1997,2,6,FORD KUGA,10,-1,0,-1
2021461081499,2021,461081499,2,9,0,18,19,1,5,0,0,3,0,0,0,0,4,1,5,6,1,29,6,1997,2,6,FORD KUGA,8,E01024385,0,-1
2021061115894,2021,061115894,1,9,0,18,19,5,1,0,0,0,5,0,5,6,1,1,6,6,2,68,10,1997,2,10,FORD KUGA,8,E01011187,0,-1
2021371044844,2021,371044844,1,9,0,9,9,3,1,0,0,1,0,0,0,0,1,1,6,6,1,69,10,1997,2,5,FORD KUGA,9,E01030190,0,-1
2021201088330,2021,201088330,1,9,0,18,19,8,4,0,0,8,0,0,0,0,4,1,6,6,2,38,7,1997,2,3,FORD KUGA,1,E01009564,0,-1
2021320402102,2021,320402102,4,9,0,18,19,1,5,0,0,1,0,0,0,0,0,1,6,6,1,57,9,1997,2,5,FORD KUGA,3,E01031117,0,-1
2021131086108,2021,131086108,1,9,0,18,19,8,4,0,0,1,0,0,0,0,1,1,6,6,1,57,9,1997,2,13,FORD KUGA,3,E01011608,0,-1
2021320001426,2021,320001426,1,9,0,18,19,6,8,0,0,1,0,0,0,0,1,1,6,6,1,37,7,1997,2,8,FORD KUGA,2,E01026328,0,-1
2021161028033,2021,161028033,4,9,0,2,2,6,4,0,0,0,0,0,0,0,3,1,6,6,3,-1,-1,1997,2,11,FORD KUGA,-1,-1,0,-1
2021522200459,2021,522200459,1,9,0,9,9,3,1,0,0,5,0,0,0,0,1,1,6,6,1,28,6,1499,2,4,FORD KUGA,9,E01032092,0,-1
2021421081930,2021,421081930,1,9,0,18,19,7,3,0,0,0,0,0,0,0,1,1,5,6,1,34,6,1997,2,3,FORD KUGA,3,E01021641,0,-1
2021501062112,2021,501062112,2,9,0,18,19,8,4,0,0,1,0,0,0,0,1,1,6,6,1,63,9,1496,1,1,FORD KUGA,1,E01015146,0,-1
2021061104752,2021,061104752,1,9,0,18,19,8,4,0,0,8,0,0,0,0,3,1,6,6,3,30,6,1499,2,3,FORD KUGA,-1,-1,0,-1
2021010319561,2021,010319561,1,9,9,99,99,9,9,99,99,9,9,99,9,99,4,9,6,6,2,29,6,1498,1,2,FORD KUGA,10,E01016200,0,-1
2021061033547,2021,061033547,3,9,0,2,2,0,0,0,0,1,0,0,0,0,3,1,6,6,1,43,7,1997,2,13,FORD KUGA,2,E01005566,0,-1
2021111070557,2021,111070557,2,9,0,4,4,5,1,0,0,0,0,0,0,0,2,1,5,6,2,40,7,1499,2,4,FORD KUGA,7,E01012334,0,-1
2021501071005,2021,501071005,2,9,0,2,2,0,0,0,0,0,0,0,0,0,3,1,6,6,2,32,6,1498,1,5,FORD KUGA,10,E01020004,0,-1
2021131049776,2021,131049776,1,9,0,16,19,5,1,0,0,8,0,0,2,0,3,1,5,6,2,53,8,1499,2,1,FORD KUGA,5,E01027365,0,-1
2021361031368,2021,361031368,2,9,0,18,19,8,4,0,0,1,0,0,0,0,2,1,5,6,2,35,6,1997,2,11,FORD KUGA,1,E01026623,0,-1
2021421081656,2021,421081656,2,9,0,2,2,0,0,0,0,0,0,0,0,0,4,1,5,6,1,27,6,1997,2,6,FORD KUGA,-1,-1,0,-1
2021041089316,2021,041089316,1,9,0,1,1,5,1,0,0,0,0,0,0,0,2,1,5,6,2,54,8,1498,1,2,FORD KUGA,2,E01025032,0,-1
2021501113075,2021,501113075,1,9,0,4,4,2,6,0,0,1,0,0,0,0,2,1,6,6,1,47,8,1997,2,7,FORD KUGA,2,E01015259,0,-1
2021547115821,2021,547115821,1,9,0,18,19,1,5,0,0,1,0,0,0,0,1,1,6,6,2,35,6,1997,2,5,FORD KUGA,9,E01031998,0,-1
2021501092033,2021,501092033,2,9,0,18,19,3,7,0,0,8,0,0,0,0,1,1,5,6,1,50,8,1997,2,5,FORD KUGA,2,E01006819,0,-1
2021010347753,2021,010347753,1,9,9,18,19,1,1,99,99,0,9,0,9,99,9,9,6,6,2,-1,-1,1496,1,0,FORD KUGA,-1,-1,0,-1
2021421080992,2021,421080992,1,9,0,18,19,1,5,0,0,0,0,0,0,0,4,1,6,6,1,39,7,1997,2,5,FORD KUGA,5,E01021909,0,-1
2021122200099,2021,122200099,1,9,0,2,2,0,0,0,0,0,0,0,0,0,3,1,6,6,2,26,6,1997,2,8,FORD KUGA,3,E01013444,0,-1
2021010295702,2021,010295702,1,9,0,18,19,5,1,0,0,1,0,0,0,0,1,1,6,6,1,62,9,1997,2,5,FORD KUGA,2,E01033151,0,-1
2021010311506,2021,010311506,1,9,0,1,1,3,7,0,0,1,0,0,0,0,2,1,6,6,1,39,7,1498,1,5,FORD KUGA,4,E01032800,0,-1
2021302100898,2021,302100898,1,9,0,18,19,2,6,0,0,1,0,0,0,0,1,1,6,6,1,53,8,1997,2,9,FORD KUGA,-1,-1,0,-1
2021010354134,2021,010354134,2,9,0,99,99,9,9,99,99,0,9,99,9,99,9,9,6,6,3,35,6,1496,1,1,FORD KUGA,1,E01033153,0,-1
2021010345520,2021,010345520,2,9,0,1,1,5,1,0,0,1,0,0,0,0,2,1,6,6,1,31,6,1499,2,0,FORD KUGA,2,E01000077,0,-1
2021421038793,2021,421038793,2,9,0,18,19,5,1,0,0,2,0,0,0,0,3,1,6,6,2,45,7,1997,2,2,FORD KUGA,9,E01021543,0,-1
2021010293031,2021,010293031,2,9,0,9,9,5,2,0,0,5,0,0,0,0,3,1,6,6,1,49,8,1997,2,4,FORD KUGA,1,E01001634,0,-1
2021170S10751,2021,170S10751,1,9,0,18,19,5,1,0,0,8,0,0,7,11,1,1,6,6,1,55,8,1997,2,10,FORD KUGA,4,E01032544,0,-1
2021461014088,2021,461014088,1,9,0,18,19,1,5,0,0,0,1,0,7,11,1,1,2,2,2,31,6,1997,2,6,FORD KUGA,3,E01024059,0,-1
2021170S11311,2021,170S11311,2,9,0,18,19,6,2,0,0,2,0,0,0,0,2,1,6,6,2,29,6,1997,2,7,FORD KUGA,4,E01012002,0,-1
2021320199760,2021,320199760,3,9,0,4,4,8,4,0,0,1,0,0,0,0,1,1,6,6,1,43,7,1997,2,6,FORD KUGA,8,E01013327,0,-1
2021361131181,2021,361131181,2,9,0,18,19,7,8,0,0,1,0,0,0,0,1,1,5,6,1,77,11,1496,1,1,FORD KUGA,5,E01026493,0,-1
2021052101747,2021,052101747,1,9,0,2,2,0,0,0,0,0,0,0,0,0,0,1,1,1,3,-1,-1,1498,1,2,FORD KUGA,-1,-1,0,-1
2021440115448,2021,440115448,1,9,0,7,7,5,1,0,0,1,0,0,0,0,2,1,6,6,2,33,6,1997,2,8,FORD KUGA,4,E01022953,0,-1
2021010345329,2021,010345329,1,9,0,18,19,7,3,0,0,1,0,0,0,0,4,1,6,6,1,65,9,1997,2,11,FORD KUGA,3,E01000736,0,-1
2021461068523,2021,461068523,1,9,0,4,4,3,7,0,0,1,0,0,0,0,4,1,6,6,1,68,10,1499,2,1,FORD KUGA,3,E01024083,0,-1
2021440391804,2021,440391804,2,9,0,8,8,1,5,0,0,8,0,0,0,0,4,1,6,6,1,62,9,1995,2,1,FORD KUGA,8,E01032843,0,-1
2021201033585,2021,201033585,2,9,0,3,3,8,4,0,0,1,0,0,0,0,2,1,6,6,1,37,7,1997,2,7,FORD KUGA,1,E01009929,0,-1
202134NNC3761,2021,34NNC3761,3,9,0,2,2,0,0,0,0,2,0,0,0,0,2,1,6,6,1,51,8,1997,2,13,FORD KUGA,6,E01027045,0,-1
2021111061209,2021,111061209,1,9,0,18,19,2,6,0,0,1,0,0,0,0,1,1,1,1,2,22,5,1997,2,12,FORD KUGA,1,E01020907,0,-1
2021041115627,2021,041115627,1,9,0,9,9,4,6,0,0,8,0,0,0,0,4,1,5,6,2,31,6,1997,2,11,FORD KUGA,-1,-1,0,-1
2021052102794,2021,052102794,4,9,0,3,3,7,3,0,0,0,0,0,0,0,2,1,6,6,2,43,7,1499,2,0,FORD KUGA,1,E01006739,0,-1
2021421093424,2021,421093424,2,9,0,2,2,0,0,0,0,2,0,0,0,0,2,1,6,6,3,-1,-1,1499,2,0,FORD KUGA,-1,-1,0,-1
2021461020197,2021,461020197,1,9,0,7,7,1,5,9,9,0,0,0,0,0,4,1,5,6,2,39,7,1498,1,3,FORD KUGA,4,E01024178,0,-1
2021401082873,2021,401082873,1,9,0,5,5,6,2,0,0,0,0,0,0,0,1,1,5,6,2,33,6,1997,2,5,FORD KUGA,1,E01017523,0,-1
2021361135856,2021,361135856,2,9,0,18,19,3,7,0,0,2,0,0,0,0,1,1,5,6,2,46,8,1997,2,6,FORD KUGA,3,E01026747,0,-1
2021061035342,2021,061035342,1,9,0,18,19,1,5,0,0,0,0,0,0,0,1,1,6,6,1,50,8,1997,2,12,FORD KUGA,4,E01005036,0,-1
2021552100966,2021,552100966,1,9,0,4,4,2,4,0,0,1,0,0,0,0,4,1,6,6,2,66,10,1997,2,3,FORD KUGA,5,E01015334,0,-1
2021052102184,2021,052102184,1,9,0,5,5,7,3,0,0,8,0,0,0,0,4,1,6,6,2,35,6,1499,2,3,FORD KUGA,1,E01006442,0,-1
2021010287264,2021,010287264,1,9,0,4,4,1,5,0,0,0,0,0,0,0,1,1,2,2,1,38,7,1997,2,12,FORD KUGA,2,E01004033,0,-1
202134WNC0261,2021,34WNC0261,1,9,0,9,9,1,7,0,0,5,0,0,7,10,1,1,3,7,2,30,6,2488,8,1,FORD KUGA,8,E01027040,0,-1
2021451127345,2021,451127345,3,9,0,3,3,1,4,0,0,0,0,0,0,0,2,1,5,6,1,37,7,1498,1,3,FORD KUGA,10,E01030940,0,-1
2021531045762,2021,531045762,2,9,0,16,19,2,6,0,0,0,0,0,0,0,1,1,5,6,1,33,6,1997,2,13,FORD KUGA,6,E01022236,0,-1
2021421056477,2021,421056477,2,9,0,18,19,5,1,0,0,1,0,0,0,0,1,1,6,6,1,40,7,1997,2,3,FORD KUGA,5,E01022086,0,-1
2021371096192,2021,371096192,1,9,0,-1,-1,-1,-1,-1,-1,0,-1,-1,-1,0,4,1,5,6,2,-1,-1,1997,2,10,FORD KUGA,5,E01030215,0,-1
2021052101543,2021,052101543,3,9,0,2,2,0,0,0,0,1,0,0,0,0,2,1,6,6,3,-1,-1,1997,2,2,FORD KUGA,-1,-1,0,-1
2021461070963,2021,461070963,1,9,0,18,19,7,3,0,0,1,0,0,0,0,1,1,5,6,2,27,6,1997,2,12,FORD KUGA,4,E01024429,0,-1
2021141052664,2021,141052664,1,9,0,4,4,7,3,0,0,2,0,0,0,0,2,1,5,6,1,83,11,1997,2,7,FORD KUGA,5,E01007366,0,-1
2021161097013,2021,161097013,2,9,0,18,19,3,7,0,0,1,0,4,0,0,1,1,5,6,2,29,6,1997,2,7,FORD KUGA,1,E01012945,0,-1
2021991086024,2021,991086024,1,9,0,18,19,1,5,0,0,1,5,2,0,0,1,1,5,6,2,57,9,1496,1,0,FORD KUGA,6,-1,0,-1
2021461081839,2021,461081839,1,9,0,18,19,5,1,0,0,0,0,0,0,0,1,1,6,6,2,39,7,1997,2,11,FORD KUGA,8,E01024542,0,-1
2021010317767,2021,010317767,1,9,0,99,99,9,9,99,99,9,9,99,9,99,1,9,2,2,1,34,6,1499,2,3,FORD KUGA,7,E01028562,0,-1
2021211035159,2021,211035159,1,9,0,9,9,5,3,0,0,8,0,0,0,0,1,1,1,1,1,30,6,1997,2,9,FORD KUGA,4,E01029354,0,-1
2021401129330,2021,401129330,1,9,0,9,9,3,7,0,0,8,0,0,0,0,3,1,2,2,1,53,8,1997,2,11,FORD KUGA,3,E01030163,0,-1
2021440391824,2021,440391824,1,9,0,9,9,5,1,0,0,8,0,0,0,0,4,1,6,6,2,74,10,1997,2,7,FORD KUGA,6,E01023199,0,-1
2021421116595,2021,421116595,1,9,0,18,19,3,7,0,0,1,0,0,0,0,1,1,6,6,1,43,7,1997,2,4,FORD KUGA,1,E01021302,0,-1
2021101104705,2021,101104705,1,9,0,13,13,7,3,0,0,0,0,0,0,0,4,1,6,6,1,-1,-1,1499,2,3,FORD KUGA,-1,-1,0,-1
202163C020321,2021,63C020321,1,9,0,16,19,3,6,0,0,0,1,0,7,10,3,1,2,2,1,62,9,1499,2,1,FORD KUGA,1,W01000742,0,-1
2021061046078,2021,061046078,3,9,0,18,19,7,3,0,0,0,0,0,0,0,2,1,5,6,1,29,6,1997,2,2,FORD KUGA,1,E01012578,0,-1
2021010334729,2021,010334729,1,9,0,18,19,3,7,0,0,1,0,0,0,0,1,1,6,6,2,61,9,1997,2,2,FORD KUGA,5,E01002347,0,-1
202131B145721,2021,31B145721,2,9,0,4,4,4,8,0,0,0,0,0,5,6,2,1,6,6,1,32,6,1997,2,6,FORD KUGA,4,E01021642,0,-1
2021320411842,2021,320411842,1,9,0,9,9,3,7,0,0,8,0,0,0,0,0,1,6,6,1,52,8,1997,2,13,FORD KUGA,5,E01026070,0,-1
2021061047555,2021,061047555,2,9,0,18,19,7,3,0,0,0,0,0,0,0,2,1,2,2,1,57,9,1997,2,4,FORD KUGA,6,E01018595,0,-1
2021041118205,2021,041118205,2,9,0,3,3,5,1,0,0,0,0,0,0,0,2,1,2,2,1,46,8,1997,2,2,FORD KUGA,3,E01024959,0,-1
2021421031812,2021,421031812,2,9,0,18,19,3,7,0,0,8,0,0,0,0,3,1,5,6,2,30,6,1997,2,7,FORD KUGA,2,E01015861,0,-1
2021010310108,2021,010310108,2,9,0,18,19,7,3,0,0,1,0,0,0,0,3,1,6,6,2,29,6,1997,2,6,FORD KUGA,3,E01004189,0,-1
2021010350377,2021,010350377,1,9,0,4,4,5,1,0,0,0,0,0,0,0,2,1,6,6,1,39,7,1596,1,7,FORD KUGA,7,E01002538,0,-1
2021361041834,2021,361041834,2,9,0,18,19,7,3,0,0,0,0,0,0,0,1,1,6,6,1,60,9,1997,2,10,FORD KUGA,8,E01032598,0,-1
2021421084713,2021,421084713,2,9,0,4,4,3,7,0,0,0,0,0,0,0,2,1,5,6,2,28,6,1997,2,3,FORD KUGA,6,E01015950,0,-1
2021221058783,2021,221058783,2,9,0,5,5,4,8,0,0,1,0,0,0,0,1,1,6,6,2,25,5,1498,1,2,FORD KUGA,1,E01014200,0,-1
2021302101746,2021,302101746,2,9,0,17,19,2,6,0,0,1,1,0,0,0,3,1,2,2,1,28,6,1997,2,11,FORD KUGA,6,E01019815,0,-1
2021201116214,2021,201116214,2,9,0,5,5,6,2,0,0,8,0,0,0,0,3,1,2,2,1,43,7,1997,2,6,FORD KUGA,1,E01010282,0,-1
2021320284796,2021,320284796,1,9,0,18,19,8,4,0,0,0,0,0,7,0,1,1,6,6,1,35,6,1997,2,11,FORD KUGA,6,E01026339,0,-1
2021010301815,2021,010301815,1,9,0,18,19,7,3,0,0,8,0,0,0,0,1,1,6,6,2,31,6,1997,2,6,FORD KUGA,2,E01001695,0,-1
2021010347444,2021,010347444,1,9,0,4,4,5,1,0,0,1,0,0,0,0,2,1,2,2,2,40,7,1499,2,3,FORD KUGA,6,E01000590,0,-1
2021010334433,2021,010334433,1,9,0,7,7,1,4,0,0,5,0,0,0,0,1,1,6,6,2,19,4,1499,2,0,FORD KUGA,2,E01003980,0,-1
2021201102594,2021,201102594,2,9,0,2,2,0,0,0,0,0,0,0,0,0,2,1,5,6,1,44,7,1997,2,6,FORD KUGA,2,E01033635,0,-1
2021221084664,2021,221084664,1,9,0,18,19,3,7,0,0,8,0,0,0,0,4,1,2,2,2,34,6,1997,2,5,FORD KUGA,9,E01014134,0,-1
2021141029909,2021,141029909,4,9,0,2,2,0,0,9,9,2,0,0,0,0,1,1,6,6,3,-1,-1,1498,1,2,FORD KUGA,-1,-1,0,-1
2021451017151,2021,451017151,1,9,0,17,19,7,3,0,0,0,1,0,1,9,1,1,5,6,1,44,7,1997,2,3,FORD KUGA,10,E01030509,0,-1
2021552100348,2021,552100348,2,9,0,3,3,6,2,0,0,0,0,0,0,0,2,1,6,6,1,54,8,1997,2,8,FORD KUGA,10,E01023020,0,-1
2021461083132,2021,461083132,2,9,0,3,3,1,5,0,0,0,0,0,0,0,2,1,5,6,1,39,7,1997,2,4,FORD KUGA,8,E01024828,0,-1
2021061116151,2021,061116151,2,9,0,3,3,5,1,0,0,0,0,0,0,0,2,1,5,6,1,31,6,1498,1,2,FORD KUGA,2,E01006308,0,-1
2021201073590,2021,201073590,1,9,0,9,9,4,1,0,0,6,0,0,0,0,1,1,6,6,2,37,7,1499,2,2,FORD KUGA,3,E01010491,0,-1
2021141124797,2021,141124797,2,9,0,18,19,8,4,0,0,0,0,0,0,0,1,1,5,6,1,35,6,1997,2,7,FORD KUGA,2,E01007656,0,-1
2021010341656,2021,010341656,1,9,0,5,5,7,3,0,0,4,0,0,0,0,3,1,3,7,2,53,8,1997,2,5,FORD KUGA,3,E01001262,0,-1
2021421076264,2021,421076264,1,9,0,18,19,7,3,0,0,0,0,0,0,0,3,1,5,6,2,28,6,1997,2,9,FORD KUGA,4,E01023447,0,-1
202131A036421,2021,31A036421,1,9,0,18,19,1,5,0,0,1,0,0,0,0,1,1,6,6,1,39,7,1997,2,11,FORD KUGA,10,E01033390,0,-1
2021010323806,2021,010323806,1,9,0,99,99,9,9,99,99,9,9,99,9,99,9,9,6,6,2,52,8,1496,1,0,FORD KUGA,8,E01001384,0,-1
2021430111760,2021,430111760,1,9,0,18,19,3,1,0,0,1,0,0,0,0,1,1,6,6,1,63,9,1997,2,6,FORD KUGA,8,E01028737,0,-1
2021451121193,2021,451121193,2,9,0,3,3,1,5,0,0,0,0,0,0,0,2,1,2,2,1,62,9,1997,2,8,FORD KUGA,10,E01030821,0,-1
2021461055395,2021,461055395,2,9,0,18,19,5,1,0,0,0,1,0,0,0,2,1,6,6,1,33,6,1997,2,5,FORD KUGA,5,E01024208,0,-1
2021070702365,2021,070702365,2,9,0,2,2,0,0,0,0,0,0,0,0,0,2,1,6,6,1,57,9,1997,2,6,FORD KUGA,1,E01018524,0,-1
2021430502476,2021,430502476,2,9,0,18,19,4,8,0,0,0,0,0,0,0,1,1,6,6,1,30,6,1499,2,3,FORD KUGA,10,E01031002,0,-1
2021531069385,2021,531069385,1,9,0,9,9,4,8,0,0,8,0,0,0,0,1,1,5,6,1,61,9,2488,8,0,FORD KUGA,4,E01031238,0,-1
2021421116782,2021,421116782,1,9,0,10,10,6,3,0,0,1,0,0,0,0,1,1,6,6,1,71,10,1995,2,1,FORD KUGA,9,E01021899,0,-1
2021052101116,2021,052101116,2,9,0,4,4,7,3,0,0,0,0,0,0,0,1,1,1,1,1,51,8,1499,2,2,FORD KUGA,9,E01007070,0,-1
2021201031638,2021,201031638,2,9,0,4,4,2,6,0,0,1,0,0,0,0,3,1,6,6,1,75,10,1498,1,2,FORD KUGA,3,E01009216,0,-1
2021471039704,2021,471039704,1,9,0,4,4,2,6,0,0,0,0,0,0,0,1,1,6,6,1,25,5,1997,2,2,FORD KUGA,6,E01003002,0,-1
2021061135896,2021,061135896,2,9,0,2,2,0,0,0,0,0,0,0,0,0,1,1,6,6,3,-1,-1,1997,2,4,FORD KUGA,-1,-1,0,-1
2021501052050,2021,501052050,1,9,0,18,19,8,4,0,0,2,0,0,0,0,1,1,6,6,2,37,7,1997,2,6,FORD KUGA,9,E01015067,0,-1
2021052102794,2021,052102794,1,9,0,18,19,7,3,0,0,0,0,0,0,0,1,1,6,6,1,48,8,1499,2,1,FORD KUGA,1,E01006771,0,-1
2021302100404,2021,302100404,1,9,0,3,3,8,2,0,0,4,0,0,0,0,2,1,6,6,2,35,6,1997,2,8,FORD KUGA,3,E01028062,0,-1
2021430172743,2021,430172743,2,9,0,18,19,5,1,0,0,0,0,0,4,0,4,1,6,6,2,46,8,1997,2,9,FORD KUGA,3,E01017580,0,-1
2021461068421,2021,461068421,1,9,0,2,2,7,3,0,0,0,0,0,0,0,2,1,6,6,1,53,8,1997,2,10,FORD KUGA,5,E01024201,0,-1
2021070656696,2021,070656696,2,9,0,3,3,1,5,0,0,1,0,0,0,0,2,1,6,6,2,35,6,1997,2,9,FORD KUGA,8,E01012389,0,-1
2021461118283,2021,461118283,2,9,4,18,19,7,3,0,0,0,0,0,0,0,2,1,6,6,1,35,6,1997,2,11,FORD KUGA,10,E01024441,0,-1
2021010327941,2021,010327941,1,9,0,99,99,9,9,99,99,9,9,99,9,99,9,9,6,6,2,-1,-1,1997,2,6,FORD KUGA,-1,-1,0,-1
2021010302993,2021,010302993,1,9,0,17,19,2,1,0,0,0,5,4,0,0,1,1,2,2,1,57,9,1997,2,10,FORD KUGA,3,E01032568,0,-1
2021461061588,2021,461061588,2,9,0,2,2,0,0,0,0,0,0,0,0,0,3,1,6,6,2,28,6,1997,2,5,FORD KUGA,5,E01024562,0,-1
2021010287264,2021,010287264,2,9,0,18,19,5,1,0,0,0,0,0,0,0,1,1,2,2,1,29,6,1997,2,7,FORD KUGA,5,E01004021,0,-1
2021401109964,2021,401109964,2,9,0,3,3,8,4,0,0,0,0,0,0,0,2,1,6,6,1,36,7,1997,2,12,FORD KUGA,4,E01017520,0,-1
2021131117201,2021,131117201,1,9,0,18,19,1,5,0,0,0,0,0,0,0,1,1,2,2,2,47,8,1997,2,2,FORD KUGA,3,E01010891,0,-1
2021201116600,2021,201116600,1,9,0,9,9,8,5,0,0,8,0,0,0,0,1,1,2,2,2,47,8,1997,2,6,FORD KUGA,1,E01009204,0,-1