collision_index,collision_year,collision_ref_no,vehicle_reference,vehicle_type,towing_and_articulation,vehicle_manoeuvre_historic,vehicle_manoeuvre,vehicle_direction_from,vehicle_direction_to,vehicle_location_restricted_lane_historic,vehicle_location_restricted_lane,junction_location,skidding_and_overturning,hit_object_in_carriageway,vehicle_leaving_carriageway,hit_object_off_carriageway,first_point_of_impact,vehicle_left_hand_drive,journey_purpose_of_driver_historic,journey_purpose_of_driver,sex_of_driver,age_of_driver,age_band_of_driver,engine_capacity_cc,propulsion_code,age_of_vehicle,generic_make_model,driver_imd_decile,lsoa_of_driver,escooter_flag,driver_distance_banding
2021052101815,2021,052101815,1,9,0,5,5,7,5,0,0,1,0,0,0,0,3,1,6,6,2,43,7,1498,1,3,FORD KUGA,2,E01006564,0,-1
2021052102359,2021,052102359,1,9,0,9,9,6,2,0,0,8,0,0,0,0,1,1,6,6,2,72,10,1997,2,6,FORD KUGA,6,E01007099,0,-1
2021421119470,2021,421119470,2,9,0,17,19,1,4,0,0,0,0,0,0,0,1,1,6,6,2,39,7,1997,2,10,FORD KUGA,1,E01021290,0,-1
202131D030021,2021,31D030021,3,9,0,18,19,5,1,0,0,0,0,0,0,0,1,1,6,6,1,68,10,1499,2,3,FORD KUGA,6,E01027994,0,-1
2021461105576,2021,461105576,1,9,0,3,3,6,6,0,0,0,0,0,0,0,1,1,5,6,2,38,7,1499,2,4,FORD KUGA,9,E01024300,0,-1
2021461088647,2021,461088647,2,9,0,5,5,3,7,0,0,0,0,0,0,0,2,1,5,6,2,30,6,1499,2,3,FORD KUGA,5,E01000240,0,-1
2021440159650,2021,440159650,1,9,0,7,7,3,7,0,0,0,0,0,0,0,0,1,6,6,2,38,7,1997,2,8,FORD KUGA,6,E01022960,0,-1
2021141077120,2021,141077120,2,9,0,7,7,2,4,0,0,6,0,0,0,0,1,1,1,1,1,50,8,1997,2,4,FORD KUGA,1,E01007542,0,-1
2021411109270,2021,411109270,2,9,0,18,19,7,3,0,0,8,0,0,0,0,1,1,6,6,2,40,7,1997,2,8,FORD KUGA,8,E01023660,0,-1
2021221084932,2021,221084932,2,9,0,18,19,4,8,0,0,8,0,0,0,0,4,1,5,6,1,60,9,1997,2,2,FORD KUGA,5,E01031186,0,-1
2021010305682,2021,010305682,1,9,0,18,19,3,7,0,0,9,0,0,0,0,4,1,6,6,2,41,7,1997,2,2,FORD KUGA,5,E01002371,0,-1
2021211121806,2021,211121806,2,9,0,18,19,4,7,0,0,2,0,0,0,0,1,1,6,6,1,32,6,1997,2,2,FORD KUGA,6,E01029750,0,-1
2021211037294,2021,211037294,2,9,0,17,19,6,4,0,0,8,0,0,0,0,1,1,3,7,2,38,7,1997,2,5,FORD KUGA,4,E01029857,0,-1
2021461089606,2021,461089606,2,9,0,18,19,1,5,0,0,0,1,0,0,0,1,1,6,6,2,45,7,1995,2,0,FORD KUGA,7,E01024073,0,-1
2021052102469,2021,052102469,1,9,0,18,19,6,2,0,0,0,0,0,0,0,3,1,6,6,1,49,8,1499,2,2,FORD KUGA,6,E01006422,0,-1
2021201073742,2021,201073742,2,9,0,4,4,4,8,0,0,0,0,0,0,0,2,1,5,6,2,40,7,1997,2,4,FORD KUGA,-1,-1,0,-1
2021421053023,2021,421053023,2,9,0,17,19,1,5,0,0,0,0,0,0,0,3,1,6,6,1,69,10,2488,8,1,FORD KUGA,7,E01022020,0,-1
2021421037078,2021,421037078,2,9,0,4,4,7,3,0,0,0,0,0,0,0,2,1,6,6,2,51,8,1997,2,2,FORD KUGA,3,E01021312,0,-1
2021361129433,2021,361129433,1,9,0,18,19,1,5,0,0,0,0,0,0,0,4,1,6,6,1,51,8,1997,2,7,FORD KUGA,7,E01026533,0,-1
202134NNC2321,2021,34NNC2321,1,9,0,13,13,8,4,0,0,0,0,0,0,0,4,1,6,6,1,85,11,1498,1,2,FORD KUGA,7,E01027033,0,-1
2021302101220,2021,302101220,2,9,0,18,19,2,6,0,0,1,0,0,0,0,2,1,6,6,2,46,8,1997,2,6,FORD KUGA,5,E01027972,0,-1
2021211043494,2021,211043494,1,9,0,16,19,5,8,0,0,0,0,0,0,0,3,1,1,1,1,31,6,1997,2,2,FORD KUGA,-1,-1,0,-1
2021430452599,2021,430452599,2,9,0,10,10,8,7,0,0,1,0,0,0,0,2,1,2,2,1,44,7,1997,2,4,FORD KUGA,7,E01028470,0,-1
2021141074201,2021,141074201,1,9,0,10,10,7,5,0,0,2,0,0,0,0,3,1,6,6,2,28,6,1997,2,13,FORD KUGA,3,E01007465,0,-1
2021201144503,2021,201144503,2,9,0,2,2,0,0,0,0,0,1,0,0,0,1,1,6,6,2,31,6,1997,2,12,FORD KUGA,4,E01009871,0,-1
2021501030696,2021,501030696,2,9,0,10,10,1,5,0,0,6,0,0,0,0,0,1,5,6,1,40,7,1997,2,13,FORD KUGA,1,E01015146,0,-1
2021201099803,2021,201099803,1,9,0,5,5,6,2,0,0,4,0,0,0,0,4,1,6,6,2,59,9,1997,2,12,FORD KUGA,3,E01009989,0,-1
2021421014070,2021,421014070,2,9,0,18,19,7,3,0,0,0,2,0,5,6,2,1,2,2,1,32,6,1499,2,1,FORD KUGA,9,E01021523,0,-1
2021052101207,2021,052101207,1,9,0,9,9,3,1,0,0,8,0,0,0,0,1,1,6,6,2,21,5,1499,2,0,FORD KUGA,1,E01006762,0,-1
2021070475335,2021,070475335,3,9,0,5,5,1,5,0,0,1,0,0,0,0,1,1,6,6,1,65,9,1498,1,3,FORD KUGA,10,E01012447,0,-1
2021471057662,2021,471057662,2,9,0,9,9,1,8,0,0,5,0,10,1,0,4,1,5,6,1,58,9,1997,2,6,FORD KUGA,5,E01021100,0,-1
2021531116865,2021,531116865,2,9,0,18,19,7,3,0,0,0,0,4,0,0,4,1,5,6,1,84,11,1997,2,11,FORD KUGA,10,E01022112,0,-1
2021201034027,2021,201034027,2,9,0,3,3,4,8,0,0,2,0,0,0,0,1,1,6,6,1,39,7,1997,2,7,FORD KUGA,2,E01009980,0,-1
2021501090315,2021,501090315,2,9,0,17,19,5,1,0,0,8,0,0,0,0,1,1,1,1,2,28,6,1499,2,4,FORD KUGA,6,E01020142,0,-1
2021010305580,2021,010305580,2,9,0,16,19,1,5,0,0,1,0,0,0,0,4,1,6,6,2,55,8,1997,2,4,FORD KUGA,6,E01001040,0,-1
2021461119101,2021,461119101,2,9,0,9,9,1,5,0,0,5,0,0,0,0,1,1,6,6,2,52,8,1997,2,8,FORD KUGA,5,E01000443,0,-1
2021421050653,2021,421050653,3,9,0,3,3,3,7,0,0,0,0,0,0,0,2,1,5,6,1,35,6,1997,2,5,FORD KUGA,4,E01021367,0,-1
2021991023225,2021,991023225,1,9,0,9,9,3,1,0,0,5,0,0,0,0,4,1,1,1,1,46,8,1499,2,3,FORD KUGA,1,E01005381,0,-1
2021361048388,2021,361048388,1,9,0,18,19,3,7,0,0,1,0,0,0,0,1,1,6,6,2,65,9,1997,2,6,FORD KUGA,4,E01026458,0,-1
2021131089750,2021,131089750,1,9,0,-1,-1,-1,-1,-1,-1,-1,-1,-1,-1,-1,-1,1,6,6,3,-1,-1,1997,2,7,FORD KUGA,-1,-1,0,-1
2021361069299,2021,361069299,2,9,0,4,4,4,8,0,0,0,0,0,0,0,2,1,5,6,2,30,6,1997,2,7,FORD KUGA,6,E01026758,0,-1
2021061104058,2021,061104058,2,9,0,7,7,3,7,0,0,0,0,0,0,0,3,1,6,6,1,63,9,1997,2,10,FORD KUGA,1,E01006310,0,-1
2021161124848,2021,161124848,2,9,0,18,19,3,7,0,0,0,0,0,0,0,1,1,1,1,2,41,7,1997,2,4,FORD KUGA,3,E01012943,0,-1
2021461066346,2021,461066346,1,9,0,3,3,4,8,0,0,3,0,0,1,7,1,1,6,6,1,80,11,1499,2,0,FORD KUGA,7,E01024188,0,-1
2021501104611,2021,501104611,1,9,0,4,4,7,3,0,0,0,0,0,1,0,1,1,5,6,1,73,10,1997,2,6,FORD KUGA,10,E01023567,0,-1
2021070597771,2021,070597771,2,9,0,18,19,5,1,0,0,1,0,0,0,0,2,1,6,6,2,42,7,1997,2,6,FORD KUGA,2,E01012457,0,-1
2021221038133,2021,221038133,1,9,0,18,19,7,3,0,0,4,0,0,0,0,1,1,5,6,2,67,10,1498,1,3,FORD KUGA,5,E01014056,0,-1
202134NNC2651,2021,34NNC2651,2,9,0,10,10,7,3,0,0,1,0,0,0,0,2,1,6,6,1,58,9,1997,2,7,FORD KUGA,9,E01027063,0,-1
2021421067568,2021,421067568,2,9,0,7,7,2,4,0,0,0,0,0,0,0,1,1,5,6,1,44,7,1499,2,1,FORD KUGA,1,E01021500,0,-1
2021010346998,2021,010346998,1,9,0,18,19,5,1,0,0,1,0,0,0,0,1,1,3,7,1,36,7,2488,8,1,FORD KUGA,5,E01002292,0,-1
2021010307132,2021,010307132,1,9,0,18,19,1,5,0,0,2,0,0,0,0,4,1,6,6,2,67,10,1997,2,3,FORD KUGA,2,E01000783,0,-1
2021501066448,2021,501066448,1,9,0,17,19,3,7,0,0,0,2,0,0,0,4,1,1,1,2,34,6,1997,2,2,FORD KUGA,-1,-1,0,-1
2021421061288,2021,421061288,1,9,0,14,14,5,1,0,0,1,0,0,0,0,1,1,3,7,2,41,7,1498,1,4,FORD KUGA,8,E01021281,0,-1
2021421125916,2021,421125916,1,9,0,7,7,3,7,0,0,4,0,0,0,0,1,1,5,6,2,30,6,1997,2,5,FORD KUGA,10,E01021545,0,-1
2021101082482,2021,101082482,3,9,0,18,19,7,7,0,0,1,0,0,0,0,2,1,6,6,2,53,8,1498,1,4,FORD KUGA,5,E01008343,0,-1
2021430439838,2021,430439838,1,9,0,4,4,7,3,0,0,8,0,0,0,0,2,1,3,7,2,53,8,1997,2,8,FORD KUGA,9,E01016553,0,-1
2021351090158,2021,351090158,2,9,3,18,19,7,3,0,0,0,0,0,0,0,2,1,5,6,1,71,10,1997,2,5,FORD KUGA,10,E01028390,0,-1
2021010351180,2021,010351180,1,9,0,99,99,9,9,99,99,9,9,99,9,99,9,9,6,6,2,35,6,1997,2,6,FORD KUGA,2,E01004315,0,-1
2021201117829,2021,201117829,1,9,0,18,19,-1,-1,0,0,0,0,0,0,0,1,1,6,6,2,-1,-1,1499,2,3,FORD KUGA,3,E01010237,0,-1
2021010298122,2021,010298122,1,9,0,9,9,5,4,0,0,5,0,0,0,0,1,1,6,6,2,50,8,1997,2,11,FORD KUGA,6,E01024432,0,-1
2021010348925,2021,010348925,1,9,0,1,1,1,5,0,0,6,0,0,0,0,3,1,6,6,3,20,4,1997,2,5,FORD KUGA,-1,-1,0,-1
2021010331804,2021,010331804,1,9,0,5,5,5,1,0,0,8,0,0,0,0,3,1,6,6,2,55,8,1997,2,2,FORD KUGA,4,E01000787,0,-1
2021211022273,2021,211022273,2,9,0,18,19,3,7,0,0,1,0,0,0,0,3,1,1,1,1,-1,-1,1997,2,2,FORD KUGA,-1,-1,0,-1
2021201058923,2021,201058923,2,9,0,18,19,8,4,0,0,8,0,0,0,0,2,1,6,6,1,47,8,1997,2,3,FORD KUGA,2,E01010315,0,-1
2021141022895,2021,141022895,1,9,0,5,5,3,7,0,0,0,0,0,0,0,2,1,6,6,2,61,9,1997,2,7,FORD KUGA,1,E01007369,0,-1
202134WNC6351,2021,34WNC6351,2,9,0,2,2,0,0,0,0,0,0,0,0,0,2,1,6,6,3,-1,-1,1997,2,5,FORD KUGA,-1,-1,0,-1
2021421018848,2021,421018848,1,9,0,18,19,5,1,0,0,0,0,0,0,0,2,1,1,1,2,37,7,1997,2,12,FORD KUGA,1,E01022030,0,-1
2021440283920,2021,440283920,1,9,0,18,19,6,2,0,0,0,0,0,0,0,3,1,6,6,1,24,5,1997,2,7,FORD KUGA,6,E01023056,0,-1
2021061070124,2021,061070124,1,9,0,18,19,6,2,0,0,8,0,0,0,0,2,1,6,6,1,31,6,1997,2,2,FORD KUGA,6,E01019297,0,-1
2021501111386,2021,501111386,2,9,0,18,19,2,7,0,0,1,0,0,0,0,4,1,5,6,2,42,7,1997,2,7,FORD KUGA,5,E01027237,0,-1
2021201073470,2021,201073470,2,9,0,18,19,-1,-1,0,0,0,0,0,0,0,0,1,4,7,2,37,7,1997,2,2,FORD KUGA,3,E01010139,0,-1
2021430514045,2021,430514045,2,9,0,18,19,3,7,0,0,8,0,0,7,1,3,1,6,6,2,72,10,1997,2,4,FORD KUGA,10,E01016693,0,-1
2021622100372,2021,622100372,2,9,0,18,19,3,7,0,0,0,0,0,0,0,1,1,6,6,1,65,9,1995,2,0,FORD KUGA,1,W01000934,0,-1
2021010314107,2021,010314107,1,9,0,9,9,7,4,0,0,8,0,0,0,0,1,1,6,6,1,35,6,1499,2,4,FORD KUGA,-1,-1,0,-1
2021010319313,2021,010319313,2,9,0,99,99,9,9,99,99,9,9,99,9,99,2,9,6,6,3,-1,-1,1997,2,6,FORD KUGA,2,E01002078,0,-1
2021010338699,2021,010338699,2,9,0,99,99,9,9,99,99,9,9,99,9,99,1,9,6,6,1,42,7,2488,8,1,FORD KUGA,4,E01003757,0,-1
2021991083891,2021,991083891,3,9,0,4,4,1,7,0,0,1,0,0,0,0,2,1,6,6,1,59,9,1997,2,10,FORD KUGA,1,-1,0,-1
2021221104369,2021,221104369,1,9,0,9,9,5,3,0,0,6,0,0,0,0,1,1,5,6,1,36,7,1997,2,10,FORD KUGA,4,E01012593,0,-1
202131C042121,2021,31C042121,2,9,0,7,7,4,6,0,0,3,0,0,0,0,4,1,6,6,1,37,7,1997,2,13,FORD KUGA,4,E01028130,0,-1
2021471051820,2021,471051820,1,9,0,14,14,7,3,0,0,0,0,0,0,0,1,1,6,6,1,63,9,1997,2,5,FORD KUGA,8,E01031651,0,-1
2021231127541,2021,231127541,2,9,0,2,2,0,0,9,9,0,0,0,0,0,0,1,5,6,1,59,9,1997,2,2,FORD KUGA,6,E01031048,0,-1
2021010303341,2021,010303341,1,9,0,9,9,1,7,0,0,5,0,0,0,0,1,1,1,1,2,43,7,1498,1,3,FORD KUGA,2,E01004007,0,-1
2021361041558,2021,361041558,2,9,0,2,2,6,2,0,0,0,0,0,0,0,2,1,5,6,1,69,10,1997,2,9,FORD KUGA,7,E01033540,0,-1
2021531117573,2021,531117573,1,9,0,18,19,1,1,0,0,0,0,0,0,0,1,1,5,6,2,37,7,1997,2,6,FORD KUGA,9,E01028772,0,-1
2021461057754,2021,461057754,1,9,0,18,19,3,7,0,0,0,0,0,0,0,1,1,6,6,2,34,6,1997,2,7,FORD KUGA,5,E01016065,0,-1
2021520105045,2021,520105045,1,9,0,2,2,7,3,9,9,0,0,0,0,0,0,1,6,6,2,36,7,1997,2,11,FORD KUGA,9,E01029260,0,-1
2021430454051,2021,430454051,3,9,0,18,19,5,1,0,0,0,0,0,0,0,1,1,6,6,1,45,7,1997,2,2,FORD KUGA,8,E01015805,0,-1
2021052101678,2021,052101678,1,9,0,18,19,3,7,0,0,8,0,0,0,0,1,1,6,6,3,-1,-1,1499,2,2,FORD KUGA,-1,-1,0,-1
2021991126224,2021,991126224,1,9,0,18,19,2,6,0,0,0,2,0,7,0,1,1,5,6,2,28,6,1997,2,5,FORD KUGA,4,-1,0,-1
2021052101430,2021,052101430,1,9,0,18,19,1,5,0,0,1,0,0,0,0,1,1,6,6,2,51,8,1498,1,3,FORD KUGA,2,E01006405,0,-1
2021361091094,2021,361091094,1,9,0,11,11,8,4,0,0,0,0,0,0,0,1,1,6,6,1,58,9,1997,2,5,FORD KUGA,5,E01030281,0,-1
2021031133327,2021,031133327,2,9,0,18,19,5,1,0,0,1,0,0,0,0,1,1,5,6,1,52,8,1997,2,2,FORD KUGA,5,E01019318,0,-1
2021010302587,2021,010302587,2,9,0,18,19,1,5,0,0,2,0,0,0,0,1,1,2,2,1,43,7,1997,2,5,FORD KUGA,6,E01004186,0,-1
2021010342380,2021,010342380,1,9,0,7,7,1,4,0,0,8,0,0,0,0,4,1,2,2,1,55,8,1498,1,2,FORD KUGA,7,E01024189,0,-1
202131A045221,2021,31A045221,1,9,0,16,19,4,8,0,0,8,0,0,0,0,1,1,2,2,2,29,6,1997,2,7,FORD KUGA,2,E01027942,0,-1
2021421043332,2021,421043332,1,9,0,18,19,2,6,0,0,0,0,7,0,0,1,1,6,6,1,60,9,1499,2,3,FORD KUGA,6,E01021769,0,-1
2021430498262,2021,430498262,2,9,0,16,19,8,5,0,0,8,0,0,0,0,4,1,6,6,2,26,6,1499,2,1,FORD KUGA,7,E01028762,0,-1
2021421032201,2021,421032201,2,9,0,18,19,3,7,0,0,1,0,0,0,0,1,1,6,6,2,45,7,1995,2,1,FORD KUGA,4,E01021295,0,-1
2021440204351,2021,440204351,2,9,0,18,19,4,8,0,0,0,0,0,0,0,3,1,2,2,1,43,7,1997,2,5,FORD KUGA,9,E01023241,0,-1
2021201118798,2021,201118798,2,9,0,2,2,0,0,0,0,0,0,0,0,0,2,1,6,6,1,45,7,1496,1,1,FORD KUGA,1,E01009622,0,-1
2021231069019,2021,231069019,1,9,0,18,19,5,1,0,0,0,0,0,0,0,1,1,5,6,2,38,7,1997,2,5,FORD KUGA,4,E01032397,0,-1
2021421081903,2021,421081903,1,9,0,7,7,2,6,0,0,1,0,4,0,0,3,1,6,6,1,35,6,1997,2,6,FORD KUGA,7,E01021897,0,-1
2021041102775,2021,041102775,2,9,0,17,19,6,2,0,0,8,0,0,0,0,4,1,6,6,2,39,7,1997,2,2,FORD KUGA,6,E01024859,0,-1
2021471078823,2021,471078823,2,9,0,18,19,1,5,0,0,1,0,0,1,0,1,1,2,2,1,24,5,1499,2,3,FORD KUGA,8,E01020987,0,-1
2021361065254,2021,361065254,1,9,0,7,7,1,3,0,0,3,0,0,0,0,4,1,5,6,2,38,7,1997,2,5,FORD KUGA,4,E01026589,0,-1
2021221091858,2021,221091858,2,9,0,18,19,8,4,0,0,6,0,0,1,0,1,1,5,6,1,29,6,1498,1,2,FORD KUGA,6,E01029411,0,-1
2021451114554,2021,451114554,2,9,0,18,19,5,1,0,0,0,0,0,0,0,2,1,5,6,2,58,9,1997,2,9,FORD KUGA,4,E01016067,0,-1
2021991079515,2021,991079515,1,9,0,1,1,1,4,0,0,0,0,4,0,0,4,1,6,6,1,81,11,1498,1,2,FORD KUGA,6,-1,0,-1
2021302100059,2021,302100059,2,9,0,13,13,2,6,0,0,0,0,0,7,11,4,1,6,6,1,53,8,1997,2,11,FORD KUGA,1,E01019808,0,-1
2021351053835,2021,351053835,1,9,0,18,19,7,8,0,0,0,1,0,0,0,1,1,5,6,1,78,11,1499,2,3,FORD KUGA,7,E01017980,0,-1
2021440219028,2021,440219028,2,9,0,9,9,7,5,0,0,8,0,0,0,0,1,1,6,6,2,27,6,1498,1,2,FORD KUGA,3,E01022670,0,-1
2021122100853,2021,122100853,1,9,0,4,4,3,7,0,0,0,0,0,0,0,1,1,6,6,1,57,9,1997,2,5,FORD KUGA,1,E01027804,0,-1
202134WNC6381,2021,34WNC6381,2,9,0,7,7,6,2,0,0,8,0,0,0,0,1,1,6,6,1,78,11,1997,2,6,FORD KUGA,10,E01021253,0,-1
2021122100516,2021,122100516,2,9,0,9,9,3,1,0,0,8,0,0,0,0,3,1,6,6,2,52,8,1997,2,3,FORD KUGA,8,E01027587,0,-1
2021010340522,2021,010340522,1,9,0,18,19,3,7,0,0,4,0,0,0,0,1,1,6,6,2,43,7,1498,1,3,FORD KUGA,4,E01000408,0,-1
2021610057221,2021,610057221,1,9,0,1,1,3,7,0,0,0,0,0,0,0,2,1,6,6,1,67,10,1997,2,6,FORD KUGA,5,W01001391,0,-1
2021371054326,2021,371054326,2,9,0,18,19,8,4,0,0,8,0,0,0,0,1,1,2,2,2,27,6,1997,2,7,FORD KUGA,3,E01030026,0,-1
2021991103787,2021,991103787,1,9,0,18,19,6,2,0,0,0,0,0,0,0,1,1,6,6,2,59,9,1997,2,3,FORD KUGA,9,-1,0,-1
2021070754228,2021,070754228,2,9,0,18,19,4,3,0,0,0,0,0,0,0,1,1,6,6,1,30,6,1997,2,3,FORD KUGA,6,E01012440,0,-1
2021471018096,2021,471018096,1,9,0,-1,-1,-1,-1,-1,-1,0,-1,-1,-1,0,-1,1,6,6,1,39,7,1997,2,8,FORD KUGA,4,E01031562,0,-1
2021361069400,2021,361069400,1,9,0,18,19,3,7,0,0,0,0,0,0,0,3,1,5,6,1,64,9,1997,2,7,FORD KUGA,3,E01026784,0,-1
2021411110136,2021,411110136,2,9,0,9,9,1,6,0,0,3,0,0,0,0,1,1,2,2,1,46,8,1997,2,4,FORD KUGA,5,E01023635,0,-1
2021010304513,2021,010304513,2,9,0,18,19,1,5,0,0,1,0,0,0,0,1,1,6,6,2,34,6,1499,2,1,FORD KUGA,2,E01015931,0,-1
2021991126651,2021,991126651,2,9,0,18,19,1,5,0,0,0,0,0,0,0,1,1,5,6,2,58,9,1997,2,2,FORD KUGA,9,-1,0,-1
2021991039443,2021,991039443,1,9,0,18,19,3,7,0,0,1,0,0,0,0,1,1,5,6,2,70,10,1997,2,7,FORD KUGA,-1,-1,0,-1
2021501103797,2021,501103797,2,9,0,18,19,1,5,0,0,0,0,0,0,0,2,1,6,6,1,64,9,1997,2,5,FORD KUGA,5,E01009710,0,-1
2021421056560,2021,421056560,2,9,0,18,19,3,7,0,0,8,0,0,0,0,1,1,6,6,2,28,6,1997,2,12,FORD KUGA,1,E01021325,0,-1
2021622100644,2021,622100644,1,9,0,1,1,8,4,0,0,0,0,0,0,0,4,1,6,6,1,86,11,1997,2,2,FORD KUGA,4,W01001248,0,-1
2021201051781,2021,201051781,1,9,0,18,19,6,2,0,0,0,0,0,0,0,1,1,6,6,2,29,6,1499,2,3,FORD KUGA,7,E01009208,0,-1
2021052102427,2021,052102427,2,9,0,18,19,3,7,0,0,1,0,0,0,0,1,1,2,2,2,48,8,1997,2,3,FORD KUGA,7,E01006918,0,-1
2021501120933,2021,501120933,3,9,0,3,3,3,7,0,0,0,0,0,0,0,2,1,6,6,1,39,7,1498,1,2,FORD KUGA,3,E01019062,0,-1
2021041066955,2021,041066955,2,9,0,18,19,7,3,0,0,0,0,0,4,0,1,1,5,6,1,59,9,1997,2,7,FORD KUGA,3,E01025379,0,-1
2021371070929,2021,371070929,2,9,0,17,19,2,5,0,0,0,0,0,0,0,1,1,5,6,1,57,9,1997,2,9,FORD KUGA,5,E01030188,0,-1
2021201062711,2021,201062711,2,9,0,3,3,6,2,0,0,0,0,0,0,0,2,1,6,6,1,62,9,1499,2,0,FORD KUGA,1,E01010366,0,-1
2021221051300,2021,221051300,1,9,0,7,7,3,5,0,0,5,0,0,0,0,4,1,6,6,2,41,7,1997,2,6,FORD KUGA,8,E01028977,0,-1
2021010312291,2021,010312291,2,9,9,18,19,1,5,2,2,1,9,99,9,99,9,9,6,6,3,-1,-1,1997,2,5,FORD KUGA,-1,-1,0,-1
2021401107764,2021,401107764,1,9,0,18,19,4,4,0,0,0,0,0,0,0,1,1,5,6,1,59,9,1997,2,2,FORD KUGA,6,E01023624,0,-1
2021440345577,2021,440345577,1,9,0,18,19,5,1,0,0,0,0,0,0,0,1,1,6,6,1,49,8,1499,2,0,FORD KUGA,5,E01016991,0,-1
2021211059486,2021,211059486,1,9,0,9,9,5,3,0,0,1,0,0,0,0,3,1,5,6,2,34,6,1997,2,8,FORD KUGA,7,E01029384,0,-1
2021501058389,2021,501058389,2,9,0,2,2,0,0,0,0,0,0,0,0,0,1,1,5,6,1,34,6,1997,2,5,FORD KUGA,5,E01018981,0,-1
2021061070353,2021,061070353,3,9,0,18,19,5,1,0,0,0,5,0,0,0,4,1,6,6,1,28,6,1499,2,3,FORD KUGA,4,E01005031,0,-1
2021052102576,2021,052102576,1,9,0,18,19,3,7,0,0,0,0,0,0,0,1,1,6,6,1,66,10,1499,2,2,FORD KUGA,2,E01006710,0,-1
202134WNC0121,2021,34WNC0121,2,9,0,18,19,1,5,0,0,8,0,0,0,0,1,1,6,6,2,46,8,1499,2,4,FORD KUGA,2,E01027137,0,-1
2021010292675,2021,010292675,1,9,0,18,19,7,3,0,0,8,1,0,1,0,4,1,6,6,1,26,6,1498,1,2,FORD KUGA,1,E01003503,0,-1
2021061039509,2021,061039509,3,9,0,18,19,1,1,0,0,5,0,0,0,0,4,1,1,1,1,38,7,1997,2,4,FORD KUGA,1,E01004979,0,-1
2021421116415,2021,421116415,1,9,0,18,19,8,4,0,0,2,0,0,0,0,1,1,6,6,1,75,10,1997,2,3,FORD KUGA,9,E01021899,0,-1
2021501066102,2021,501066102,1,9,0,4,4,2,7,0,0,1,0,0,0,0,4,1,6,6,2,27,6,1499,2,4,FORD KUGA,6,E01020188,0,-1
2021461120480,2021,461120480,1,9,0,18,19,8,4,0,0,2,0,0,0,0,1,1,5,6,2,32,6,1498,1,2,FORD KUGA,8,E01024839,0,-1
2021131098709,2021,131098709,2,9,0,18,19,1,5,0,0,1,0,0,0,0,1,1,5,6,2,33,6,1997,2,8,FORD KUGA,6,E01010991,0,-1
2021201030335,2021,201030335,1,9,0,5,5,8,4,9,9,6,0,0,0,0,1,1,6,6,1,75,10,1997,2,2,FORD KUGA,6,E01010350,0,-1
2021010329892,2021,010329892,1,9,0,7,7,5,8,0,0,6,0,0,0,0,1,1,6,6,2,66,10,1997,2,2,FORD KUGA,8,E01000784,0,-1
2021461031275,2021,461031275,2,9,0,18,19,3,7,0,0,0,0,0,0,0,2,1,6,6,1,54,8,1499,2,3,FORD KUGA,5,E01024701,0,-1
2021361044821,2021,361044821,2,9,0,18,19,7,3,0,0,0,0,0,1,0,0,1,5,6,2,29,6,1997,2,11,FORD KUGA,2,E01026689,0,-1
2021461066073,2021,461066073,2,9,0,18,19,5,1,0,0,1,0,0,0,0,4,1,6,6,2,30,6,1498,1,5,FORD KUGA,3,E01023972,0,-1
2021211058920,2021,211058920,1,9,0,9,9,3,8,0,0,8,0,0,0,0,4,1,2,2,1,45,7,1997,2,12,FORD KUGA,10,E01029454,0,-1
2021101095990,2021,101095990,2,9,0,18,19,5,1,0,0,3,0,0,0,0,4,1,6,6,1,39,7,1498,1,2,FORD KUGA,2,E01027398,0,-1
2021010300172,2021,010300172,2,9,0,2,2,0,0,0,0,0,0,0,0,0,3,1,6,6,3,-1,-1,1997,2,2,FORD KUGA,-1,-1,0,-1
2021302100252,2021,302100252,2,9,0,18,19,4,6,0,0,0,0,0,0,0,2,1,6,6,2,61,9,1499,2,3,FORD KUGA,10,E01019756,0,-1
2021010292856,2021,010292856,1,9,0,7,7,1,3,9,9,1,0,0,0,0,1,1,2,2,1,60,9,1498,1,2,FORD KUGA,5,E01002371,0,-1
202163A036421,2021,63A036421,2,9,0,4,4,1,6,0,0,0,1,0,0,0,1,1,6,6,1,55,8,1997,2,6,FORD KUGA,2,W01000729,0,-1
2021010347909,2021,010347909,1,9,0,8,8,6,8,0,0,1,0,0,0,0,2,1,6,6,1,29,6,1997,2,6,FORD KUGA,2,E01004013,0,-1
2021131066726,2021,131066726,2,9,0,18,19,8,4,0,0,1,0,0,0,0,4,1,5,6,1,33,6,1498,1,2,FORD KUGA,3,E01010584,0,-1
2021411129052,2021,411129052,2,9,0,9,9,1,5,0,0,6,0,0,0,0,4,1,6,6,2,58,9,1498,1,2,FORD KUGA,10,E01022062,0,-1
2021421043070,2021,421043070,1,9,0,18,19,5,1,0,0,0,0,0,0,0,1,1,5,6,1,22,5,1499,2,4,FORD KUGA,3,E01021391,0,-1
2021421033996,2021,421033996,4,9,0,4,4,3,7,0,0,0,0,0,0,0,2,1,6,6,1,48,8,1997,2,7,FORD KUGA,7,E01021439,0,-1
2021010301971,2021,010301971,2,9,0,3,3,3,7,0,0,0,0,0,0,0,2,1,6,6,1,40,7,1499,2,3,FORD KUGA,8,E01017690,0,-1