collision_index,collision_year,collision_ref_no,vehicle_reference,vehicle_type,towing_and_articulation,vehicle_manoeuvre_historic,vehicle_manoeuvre,vehicle_direction_from,vehicle_direction_to,vehicle_location_restricted_lane_historic,vehicle_location_restricted_lane,junction_location,skidding_and_overturning,hit_object_in_carriageway,vehicle_leaving_carriageway,hit_object_off_carriageway,first_point_of_impact,vehicle_left_hand_drive,journey_purpose_of_driver_historic,journey_purpose_of_driver,sex_of_driver,age_of_driver,age_band_of_driver,engine_capacity_cc,propulsion_code,age_of_vehicle,generic_make_model,driver_imd_decile,lsoa_of_driver,escooter_flag,driver_distance_banding
2021031130657,2021,031130657,1,9,0,17,19,3,4,0,0,8,2,0,1,11,1,1,6,6,1,21,5,1496,1,1,FORD KUGA,10,-1,0,-1
2021201110958,2021,201110958,1,9,0,1,1,5,1,0,0,8,0,0,0,0,2,1,6,6,2,68,10,1498,1,3,FORD KUGA,10,E01009803,0,-1
2021201110018,2021,201110018,2,9,0,3,3,6,2,0,0,1,0,0,0,0,2,1,1,1,2,36,7,1997,2,6,FORD KUGA,9,E01009528,0,-1
2021231119296,2021,231119296,1,9,0,18,19,5,1,0,0,8,1,0,0,0,1,1,5,6,2,45,7,1997,2,6,FORD KUGA,6,E01031159,0,-1
2021061064972,2021,061064972,3,9,0,18,19,3,7,0,0,7,0,0,0,0,4,1,6,6,1,64,9,1997,2,7,FORD KUGA,4,E01005710,0,-1
2021461100486,2021,461100486,1,9,0,18,19,5,1,0,0,0,0,0,0,0,3,1,6,6,2,-1,-1,1498,1,2,FORD KUGA,6,E01024285,0,-1
2021211052222,2021,211052222,1,9,0,18,19,7,5,0,0,1,5,0,0,0,1,1,6,6,2,67,10,1997,2,6,FORD KUGA,-1,-1,0,-1
2021421063501,2021,421063501,2,9,0,4,4,1,5,0,0,0,0,0,0,0,1,1,6,6,2,31,6,1997,2,2,FORD KUGA,1,E01016007,0,-1
2021461034260,2021,461034260,1,9,0,9,9,1,6,0,0,6,0,0,0,0,3,1,5,6,2,38,7,1997,2,7,FORD KUGA,9,E01024750,0,-1
2021010308212,2021,010308212,2,9,0,2,2,0,0,0,0,0,0,0,0,0,1,1,6,6,3,-1,-1,1499,2,0,FORD KUGA,-1,-1,0,-1
2021411023138,2021,411023138,3,9,0,18,19,5,1,0,0,0,0,0,0,0,1,1,5,6,2,55,8,1997,2,7,FORD KUGA,7,E01023923,0,-1
2021010333741,2021,010333741,3,9,0,18,19,1,5,0,0,1,0,0,0,0,4,1,2,2,1,26,6,1997,2,6,FORD KUGA,3,E01000099,0,-1
2021522102691,2021,522102691,1,9,0,1,1,4,8,0,0,0,0,0,0,0,2,1,6,6,2,69,10,1498,1,2,FORD KUGA,-1,-1,0,-1
2021440023910,2021,440023910,2,9,0,18,19,8,3,0,0,8,0,0,0,0,4,1,2,2,2,26,6,1997,2,6,FORD KUGA,10,E01032759,0,-1
2021471045821,2021,471045821,1,9,0,18,19,3,7,0,0,1,0,0,0,0,0,1,1,1,1,-1,-1,1997,2,3,FORD KUGA,3,E01031492,0,-1
2021052100248,2021,052100248,1,9,0,18,19,5,1,0,0,0,0,0,0,0,4,1,6,6,1,41,7,1498,1,4,FORD KUGA,9,E01006841,0,-1
2021522202065,2021,522202065,2,9,0,9,9,2,8,0,0,5,0,0,0,0,2,1,6,6,1,47,8,1997,2,8,FORD KUGA,1,E01014639,0,-1
2021201035405,2021,201035405,2,9,0,2,2,0,0,0,0,0,0,0,0,0,4,1,6,6,2,53,8,1997,2,9,FORD KUGA,1,E01010141,0,-1
2021991105692,2021,991105692,1,9,0,7,7,8,2,0,0,2,0,0,0,0,1,1,5,6,2,61,9,1499,2,4,FORD KUGA,9,-1,0,-1
2021421096923,2021,421096923,2,9,0,3,3,2,6,0,0,1,0,0,0,0,2,1,1,1,1,52,8,1499,2,3,FORD KUGA,7,E01021971,0,-1
2021031017602,2021,031017602,1,9,0,18,19,1,5,0,0,0,1,4,0,0,1,1,1,1,1,33,6,1997,2,4,FORD KUGA,4,E01019151,0,-1
2021371078737,2021,371078737,1,9,0,9,9,1,7,0,0,8,0,0,0,0,3,1,5,6,2,79,11,1997,2,4,FORD KUGA,7,E01026932,0,-1
2021161028219,2021,161028219,1,9,0,1,1,7,3,9,9,1,0,0,0,0,3,1,5,6,1,71,10,1997,2,2,FORD KUGA,8,E01013264,0,-1
2021471049659,2021,471049659,2,9,0,18,19,8,4,0,0,8,0,0,0,0,4,1,1,1,1,46,8,1997,2,4,FORD KUGA,5,E01020951,0,-1
2021201134358,2021,201134358,1,9,0,18,19,6,2,0,0,2,1,10,7,0,2,1,2,2,1,42,7,1997,2,5,FORD KUGA,1,E01009173,0,-1
2021371095614,2021,371095614,2,9,0,7,7,3,1,0,0,2,1,0,0,0,4,1,6,6,2,36,7,1997,2,10,FORD KUGA,3,E01030287,0,-1
2021141110002,2021,141110002,1,9,0,4,4,7,3,0,0,0,0,0,0,0,2,1,6,6,2,38,7,1499,2,4,FORD KUGA,4,E01007675,0,-1
2021041040148,2021,041040148,1,9,0,11,11,3,1,0,0,0,0,0,0,0,4,1,6,6,2,53,8,1997,2,5,FORD KUGA,6,E01025548,0,-1
2021320386751,2021,320386751,1,9,0,18,19,3,7,0,0,0,5,0,7,8,0,1,2,2,2,29,6,1997,2,10,FORD KUGA,2,E01026111,0,-1
2021141092795,2021,141092795,5,9,0,2,2,0,0,0,0,0,0,4,0,0,1,1,6,6,3,-1,-1,1997,2,8,FORD KUGA,-1,-1,0,-1
2021122100214,2021,122100214,1,9,0,17,19,7,3,0,0,0,1,0,1,10,1,1,6,6,1,19,4,1997,2,8,FORD KUGA,1,E01027817,0,-1
2021201082712,2021,201082712,1,9,0,18,19,3,7,0,0,4,0,0,0,0,1,1,6,6,1,58,9,2488,8,1,FORD KUGA,8,E01032438,0,-1
2021471064924,2021,471064924,3,9,0,18,19,7,3,0,0,0,0,0,0,0,2,1,5,6,1,61,9,1995,2,0,FORD KUGA,7,E01021344,0,-1
2021010305067,2021,010305067,2,9,0,18,19,1,5,0,0,1,0,0,0,0,1,1,6,6,1,55,8,1498,1,2,FORD KUGA,2,E01003024,0,-1
2021122101188,2021,122101188,2,9,0,2,2,0,0,9,9,0,0,0,0,0,2,1,6,6,1,66,10,1997,2,4,FORD KUGA,7,E01027753,0,-1
2021010292670,2021,010292670,1,9,0,9,9,8,5,0,0,5,0,0,0,0,4,1,2,2,2,30,6,1997,2,7,FORD KUGA,3,E01032830,0,-1
2021461039999,2021,461039999,3,9,0,2,2,0,0,0,0,0,0,0,0,0,2,1,5,6,2,26,6,1596,1,7,FORD KUGA,7,E01016139,0,-1
2021411025360,2021,411025360,1,9,0,3,3,1,5,0,0,1,0,0,0,0,1,1,5,6,2,37,7,1997,2,6,FORD KUGA,3,E01001552,0,-1
2021201114054,2021,201114054,2,9,0,18,19,7,3,0,0,3,0,0,0,0,4,1,6,6,2,28,6,1498,1,2,FORD KUGA,2,E01009058,0,-1
2021361029354,2021,361029354,2,9,0,5,5,3,7,0,0,8,0,0,0,0,4,1,5,6,1,40,7,1997,2,6,FORD KUGA,5,E01026647,0,-1
2021991029716,2021,991029716,2,9,0,18,19,4,8,0,0,0,0,0,1,10,1,1,5,6,1,54,8,1498,1,2,FORD KUGA,8,-1,0,-1
2021010325661,2021,010325661,6,9,0,4,4,6,2,0,0,0,0,0,0,0,1,1,6,6,1,39,7,1997,2,12,FORD KUGA,-1,-1,0,-1
2021440371166,2021,440371166,2,9,0,18,19,1,5,0,0,0,1,0,0,0,1,1,6,6,2,45,7,1997,2,7,FORD KUGA,2,E01017116,0,-1
2021440211780,2021,440211780,1,9,0,18,19,2,6,0,0,8,0,0,0,0,3,1,6,6,1,41,7,1997,2,11,FORD KUGA,5,E01017222,0,-1
2021371129536,2021,371129536,4,9,0,4,4,4,8,0,0,8,0,0,0,0,2,1,2,2,2,42,7,1997,2,10,FORD KUGA,4,E01029900,0,-1
2021052102261,2021,052102261,1,9,0,3,3,5,1,0,0,1,0,0,0,0,1,1,6,6,2,-1,-1,1997,2,1,FORD KUGA,6,E01019376,0,-1
2021201137474,2021,201137474,1,9,0,12,12,2,5,0,0,3,0,0,0,0,4,1,6,6,2,59,9,1498,1,3,FORD KUGA,4,E01009871,0,-1
2021501063768,2021,501063768,2,9,0,17,19,5,1,0,0,0,0,0,0,0,1,1,6,6,2,52,8,1997,2,13,FORD KUGA,5,E01020308,0,-1
2021010313490,2021,010313490,1,9,0,18,19,7,3,0,0,2,0,0,0,0,1,1,3,7,2,38,7,1499,2,4,FORD KUGA,3,E01003537,0,-1
2021101022379,2021,101022379,1,9,0,5,5,8,7,0,0,8,0,0,0,0,1,1,6,6,1,63,9,1499,2,2,FORD KUGA,1,E01008426,0,-1
2021991075184,2021,991075184,1,9,0,18,19,3,7,0,0,0,0,0,0,0,1,1,6,6,2,36,7,1997,2,5,FORD KUGA,5,-1,0,-1
2021052101589,2021,052101589,2,9,0,18,19,7,3,0,0,1,0,0,0,0,4,1,6,6,2,38,7,1997,2,5,FORD KUGA,2,E01025521,0,-1
2021010296830,2021,010296830,2,9,0,17,19,5,1,0,0,8,0,0,0,0,1,1,2,2,1,61,9,1499,2,4,FORD KUGA,8,E01000342,0,-1
2021320606945,2021,320606945,1,9,0,18,19,8,4,0,0,1,0,0,1,0,4,1,2,2,1,53,8,1499,2,3,FORD KUGA,9,E01026211,0,-1
2021471022765,2021,471022765,3,9,0,18,19,7,3,0,0,1,0,0,0,0,3,1,5,6,2,30,6,1997,2,7,FORD KUGA,9,E01031504,0,-1
2021131056123,2021,131056123,1,9,0,14,14,4,8,0,0,8,0,0,0,0,1,1,5,6,1,31,6,1499,2,1,FORD KUGA,3,E01011330,0,-1
202106P080065,2021,06P080065,1,9,0,9,9,7,3,0,0,5,0,0,0,0,1,1,6,6,1,40,7,1997,2,4,FORD KUGA,1,E01005569,0,-1
2021440335189,2021,440335189,2,9,0,9,9,7,3,0,0,1,0,0,0,0,3,1,6,6,2,46,8,1997,2,13,FORD KUGA,7,E01020570,0,-1
2021061091133,2021,061091133,1,9,0,18,19,3,7,0,0,0,0,0,0,0,1,1,6,6,3,30,6,1997,2,7,FORD KUGA,-1,-1,0,-1
2021622100221,2021,622100221,2,9,0,18,19,8,4,0,0,8,0,0,0,0,1,1,6,6,2,24,5,1997,2,8,FORD KUGA,3,W01000897,0,-1
2021141027878,2021,141027878,1,9,0,9,9,8,6,0,0,6,0,0,0,0,4,1,1,1,1,53,8,1997,2,6,FORD KUGA,2,E01007651,0,-1
2021361115553,2021,361115553,1,9,0,18,19,1,5,0,0,0,0,0,0,0,1,1,3,7,2,32,6,1997,2,4,FORD KUGA,4,E01026474,0,-1
2021421091084,2021,421091084,1,9,0,18,19,1,5,0,0,0,0,0,0,0,1,1,3,7,2,42,7,1498,1,4,FORD KUGA,8,E01021281,0,-1
2021041058702,2021,041058702,2,9,0,2,2,0,0,0,0,8,0,4,0,0,4,1,6,6,3,-1,-1,1997,2,12,FORD KUGA,-1,-1,0,-1
2021421025837,2021,421025837,1,9,0,18,19,3,7,0,0,0,0,0,0,0,1,1,6,6,2,31,6,1997,2,6,FORD KUGA,6,E01021542,0,-1
2021141082960,2021,141082960,1,9,0,7,7,4,8,0,0,0,0,0,0,0,4,1,5,6,1,27,6,1997,2,11,FORD KUGA,4,E01007584,0,-1
2021991055191,2021,991055191,2,9,0,18,19,6,2,0,0,2,0,0,0,0,3,1,1,1,1,34,6,1997,2,4,FORD KUGA,-1,-1,0,-1
2021622100453,2021,622100453,2,9,0,9,9,8,2,0,0,8,0,0,0,0,1,1,6,6,2,30,6,1499,2,3,FORD KUGA,4,W01001158,0,-1
2021010318996,2021,010318996,1,9,0,18,19,7,3,0,0,0,0,0,0,0,1,1,6,6,1,83,11,1499,2,3,FORD KUGA,3,E01004262,0,-1
2021461099982,2021,461099982,1,9,0,18,19,7,3,0,0,0,0,0,0,0,1,1,2,2,1,43,7,1997,2,5,FORD KUGA,6,E01024568,0,-1
2021201149493,2021,201149493,3,9,0,3,3,8,4,0,0,1,0,0,0,0,2,1,5,6,1,37,7,1498,1,5,FORD KUGA,2,E01008958,0,-1
2021061100673,2021,061100673,1,9,0,18,19,2,6,0,0,8,0,0,0,0,2,1,6,6,2,40,7,1997,2,6,FORD KUGA,3,E01006272,0,-1
2021141073996,2021,141073996,2,9,0,18,19,1,3,0,0,6,0,0,0,0,0,1,1,1,1,35,6,1997,2,2,FORD KUGA,-1,-1,0,-1
2021991058629,2021,991058629,2,9,0,2,2,0,0,0,0,8,0,0,0,0,0,1,1,1,1,53,8,1997,2,3,FORD KUGA,4,-1,0,-1
2021461128094,2021,461128094,1,9,0,7,7,3,6,0,0,4,0,0,1,0,1,1,5,6,1,85,11,1997,2,5,FORD KUGA,9,E01016073,0,-1
2021161097296,2021,161097296,3,9,0,18,19,5,1,0,0,0,0,0,0,0,1,1,2,2,2,31,6,1499,2,3,FORD KUGA,9,E01013103,0,-1
2021101013289,2021,101013289,1,9,0,18,19,5,1,0,0,1,0,0,1,1,1,1,5,6,1,68,10,1997,2,6,FORD KUGA,5,E01033715,0,-1
2021440454546,2021,440454546,4,9,0,4,4,7,3,0,0,1,0,0,0,0,1,1,6,6,2,61,9,1997,2,5,FORD KUGA,6,E01022941,0,-1
2021991096484,2021,991096484,4,9,0,18,19,6,2,0,0,0,0,0,0,0,2,1,5,6,2,32,6,1997,2,4,FORD KUGA,8,-1,0,-1
2021061104602,2021,061104602,3,9,0,2,2,1,2,0,0,0,0,0,0,0,2,1,6,6,3,-1,-1,1997,2,9,FORD KUGA,-1,-1,0,-1
2021122100832,2021,122100832,1,9,0,2,2,0,0,0,0,0,0,0,0,0,1,1,6,6,3,-1,-1,1499,2,2,FORD KUGA,-1,-1,0,-1
2021471021133,2021,471021133,1,9,0,18,19,5,1,0,0,0,0,0,0,0,3,1,6,6,1,-1,-1,1997,2,11,FORD KUGA,10,E01021192,0,-1
2021991099649,2021,991099649,5,9,0,2,2,1,1,0,0,1,0,0,0,0,2,1,6,6,3,-1,-1,1997,2,11,FORD KUGA,-1,-1,0,-1
2021622101003,2021,622101003,2,9,0,18,19,8,4,0,0,2,1,0,0,0,1,1,6,6,1,40,7,1997,2,6,FORD KUGA,5,W01001101,0,-1
2021061043101,2021,061043101,2,9,0,9,9,3,1,0,0,1,0,0,0,0,1,1,6,6,2,35,6,1997,2,12,FORD KUGA,10,E01018671,0,-1
202131D043521,2021,31D043521,2,9,0,9,9,3,1,0,0,5,0,0,0,0,4,1,6,6,1,70,10,1997,2,10,FORD KUGA,8,E01027944,0,-1
2021622100219,2021,622100219,1,9,0,18,19,4,6,0,0,1,0,0,0,0,1,1,6,6,1,82,11,1499,2,1,FORD KUGA,9,W01000908,0,-1
2021421108091,2021,421108091,2,9,0,9,9,4,3,0,0,1,0,0,0,0,2,1,6,6,2,42,7,1997,2,7,FORD KUGA,9,E01021883,0,-1
2021041087721,2021,041087721,2,9,0,2,2,0,0,0,0,0,0,0,0,0,2,1,6,6,3,-1,-1,1997,2,2,FORD KUGA,-1,-1,0,-1
2021501021978,2021,501021978,2,9,0,5,5,3,7,0,0,8,0,0,0,0,1,1,5,6,1,56,9,1997,2,6,FORD KUGA,4,E01015183,0,-1
2021010348252,2021,010348252,3,9,0,99,99,9,9,99,99,9,9,99,9,99,2,9,6,6,3,-1,-1,1498,1,4,FORD KUGA,-1,-1,0,-1
202106X080064,2021,06X080064,5,9,0,18,19,8,4,0,0,0,0,0,0,0,1,1,6,6,1,54,8,1997,2,7,FORD KUGA,1,E01005513,0,-1
2021520105314,2021,520105314,2,9,5,2,2,0,0,0,0,0,0,0,0,0,2,1,1,1,1,33,6,1997,2,4,FORD KUGA,-1,-1,0,-1
2021991091927,2021,991091927,3,9,0,4,4,2,6,0,0,6,0,0,0,0,0,1,1,1,1,29,6,1997,2,4,FORD KUGA,4,-1,0,-1
2021421067668,2021,421067668,2,9,0,16,19,6,1,0,0,0,0,0,0,0,1,1,5,6,2,37,7,1498,1,2,FORD KUGA,6,E01033723,0,-1
2021131116792,2021,131116792,1,9,0,13,13,7,3,0,0,0,2,0,0,0,1,1,6,6,1,72,10,1997,2,7,FORD KUGA,2,E01011632,0,-1
2021161126895,2021,161126895,1,9,0,18,19,7,3,0,0,0,0,0,0,0,1,1,6,6,3,-1,-1,1499,2,4,FORD KUGA,-1,-1,0,-1
2021231081029,2021,231081029,2,9,0,7,7,2,5,0,0,4,0,0,0,0,4,1,2,2,2,63,9,1499,2,3,FORD KUGA,1,E01008932,0,-1
202134WNC6171,2021,34WNC6171,1,9,0,12,12,3,7,0,0,0,0,0,0,0,1,1,2,2,1,36,7,1997,2,12,FORD KUGA,8,E01033538,0,-1
2021320422971,2021,320422971,2,9,0,18,19,8,4,0,0,0,5,0,0,0,1,1,6,6,1,70,10,1997,2,4,FORD KUGA,3,E01029387,0,-1
2021010349708,2021,010349708,3,9,0,4,4,1,5,0,0,1,0,0,0,0,4,1,6,6,1,52,8,1496,1,1,FORD KUGA,5,E01002374,0,-1
2021010301429,2021,010301429,1,9,0,99,99,9,9,99,99,9,9,99,9,99,9,9,6,6,1,55,8,1997,2,3,FORD KUGA,3,E01000081,0,-1
2021361059657,2021,361059657,2,9,0,4,4,2,6,0,0,0,0,0,0,0,2,1,5,6,2,46,8,1498,1,3,FORD KUGA,9,E01026576,0,-1
2021371096522,2021,371096522,2,9,0,5,5,1,5,0,0,0,0,0,0,0,2,1,6,6,2,58,9,1997,2,3,FORD KUGA,6,E01030057,0,-1
2021061109687,2021,061109687,2,9,0,18,19,5,5,0,0,0,1,4,0,0,1,1,6,6,1,42,7,1997,2,10,FORD KUGA,2,E01005566,0,-1
2021131076382,2021,131076382,1,9,0,10,10,2,2,0,0,2,0,0,0,0,1,1,5,6,2,35,6,1997,2,10,FORD KUGA,6,E01011505,0,-1
2021052102804,2021,052102804,2,9,0,18,19,4,8,0,0,0,0,0,0,0,4,1,6,6,2,35,6,1997,2,5,FORD KUGA,2,E01006415,0,-1
2021070345419,2021,070345419,2,9,0,4,4,5,1,0,0,0,0,2,0,0,2,1,6,6,2,48,8,1997,2,6,FORD KUGA,-1,-1,0,-1
2021401122261,2021,401122261,2,9,0,4,4,7,3,0,0,0,0,0,0,0,2,1,5,6,1,50,8,1997,2,4,FORD KUGA,8,E01015770,0,-1
2021061088251,2021,061088251,1,9,0,18,19,7,3,0,0,8,0,0,0,0,4,1,5,6,2,35,6,1997,2,8,FORD KUGA,7,E01005399,0,-1
2021421103359,2021,421103359,2,9,0,18,19,1,6,0,0,3,0,0,0,0,4,1,2,2,1,26,6,1997,2,4,FORD KUGA,8,E01030043,0,-1
2021010300758,2021,010300758,2,9,0,10,10,1,7,0,0,1,0,0,0,0,4,1,6,6,2,45,7,1997,2,4,FORD KUGA,2,E01000050,0,-1
202134WNC3241,2021,34WNC3241,1,9,0,18,19,1,5,0,0,0,0,0,0,0,0,1,6,6,1,61,9,1499,2,4,FORD KUGA,1,E01027013,0,-1
2021461050721,2021,461050721,1,9,0,9,9,1,5,0,0,8,0,0,0,0,1,1,6,6,1,41,7,1498,1,5,FORD KUGA,4,E01024296,0,-1
2021461041996,2021,461041996,1,9,0,18,19,4,8,0,0,1,0,0,0,0,1,1,6,6,2,47,8,1499,2,3,FORD KUGA,-1,-1,0,-1
2021522104352,2021,522104352,1,9,0,18,19,2,6,0,0,8,5,0,7,10,1,1,6,6,2,17,4,1498,1,2,FORD KUGA,4,E01014523,0,-1
2021010322675,2021,010322675,2,9,0,4,4,7,3,0,0,0,0,0,0,0,0,1,2,2,2,40,7,1997,2,5,FORD KUGA,6,E01002668,0,-1
2021010342126,2021,010342126,1,9,0,18,19,3,7,0,0,0,0,0,0,0,1,1,6,6,3,20,4,1997,2,2,FORD KUGA,-1,-1,0,-1
2021161094276,2021,161094276,3,9,0,18,19,6,2,0,0,2,0,0,0,0,1,1,5,6,2,53,8,1997,2,7,FORD KUGA,6,E01012961,0,-1
2021010338837,2021,010338837,1,9,0,9,9,1,6,0,0,1,0,0,0,0,1,1,1,1,2,64,9,1596,1,7,FORD KUGA,5,E01003262,0,-1
2021010289428,2021,010289428,2,9,0,9,9,5,3,0,0,1,0,0,0,0,1,1,6,6,2,53,8,1997,2,11,FORD KUGA,3,E01021834,0,-1
2021430173299,2021,430173299,2,9,0,18,19,2,8,0,0,1,0,0,0,0,2,1,2,2,1,26,6,1499,2,0,FORD KUGA,-1,-1,0,-1
2021461101438,2021,461101438,1,9,0,9,9,7,5,6,6,6,0,0,0,0,2,1,5,6,1,47,8,2488,8,0,FORD KUGA,9,E01024473,0,-1
2021201020155,2021,201020155,1,9,0,4,4,1,6,0,0,4,1,0,0,0,1,1,1,1,1,67,10,1997,2,11,FORD KUGA,8,E01010520,0,-1
2021991042897,2021,991042897,1,9,0,18,19,7,4,0,0,0,0,0,0,0,3,1,5,6,2,50,8,1499,2,0,FORD KUGA,9,-1,0,-1
2021421091656,2021,421091656,2,9,0,3,3,7,3,0,0,0,0,0,0,0,2,1,6,6,1,34,6,1997,2,7,FORD KUGA,7,W01001048,0,-1
2021010297150,2021,010297150,1,9,0,3,3,5,1,0,0,0,0,0,0,0,2,1,3,7,2,55,8,1997,2,6,FORD KUGA,8,E01002383,0,-1
2021052102764,2021,052102764,2,9,0,9,9,5,3,0,0,4,0,0,0,0,4,1,6,6,1,83,11,1498,1,2,FORD KUGA,7,E01006810,0,-1
2021131058951,2021,131058951,2,9,0,4,4,6,2,0,0,1,0,0,0,0,0,1,6,6,1,41,7,1498,1,3,FORD KUGA,7,E01032490,0,-1
2021101078370,2021,101078370,1,9,0,18,19,3,7,0,0,2,0,0,0,0,1,1,2,2,1,46,8,1997,2,8,FORD KUGA,2,E01033716,0,-1
2021547499821,2021,547499821,2,9,0,4,4,8,4,0,0,0,0,0,0,0,2,1,2,2,2,55,8,1997,2,10,FORD KUGA,6,E01031893,0,-1
2021101039447,2021,101039447,1,2,0,13,13,3,7,0,0,1,0,0,0,0,1,1,6,6,2,29,6,49,1,13,-1,3,E01008683,0,-1
2021471090801,2021,471090801,1,4,0,18,19,4,8,0,0,2,0,0,1,0,1,1,5,6,1,26,6,249,1,8,-1,3,E01028621,0,-1
2021461085141,2021,461085141,2,3,0,18,19,1,5,0,0,0,0,0,0,0,1,1,5,6,1,31,6,125,1,4,-1,3,E01003609,0,-1
2021010340337,2021,010340337,1,3,0,99,99,9,9,99,99,9,9,99,9,99,1,1,6,6,1,50,8,125,1,5,-1,4,E01000618,0,-1
2021010352404,2021,010352404,1,3,0,99,99,9,9,99,99,0,9,99,9,99,9,9,6,6,1,27,6,125,1,4,-1,2,E01003545,0,-1
2021010315167,2021,010315167,2,3,0,99,99,9,9,99,99,9,9,99,9,99,9,1,6,6,1,36,7,125,1,5,-1,2,E01003323,0,-1
2021041122097,2021,041122097,1,3,0,13,13,2,6,0,0,8,5,4,7,11,1,1,5,6,1,31,6,125,1,6,-1,3,E01012590,0,-1
202131B152721,2021,31B152721,2,5,0,15,15,4,8,0,0,0,0,0,0,0,1,1,6,6,1,66,10,649,1,26,-1,6,E01010588,0,-1
2021221077286,2021,221077286,2,9,0,18,19,5,1,0,0,8,0,0,0,0,1,1,5,6,1,41,7,1795,1,16,HYUNDAI MATRIX,3,E01014156,0,-1
2021211071451,2021,211071451,2,9,0,9,9,5,1,0,0,1,0,0,0,0,1,1,6,6,2,57,9,1599,1,14,HYUNDAI MATRIX,3,E01014334,0,-1
2021440505220,2021,440505220,1,9,0,4,4,2,6,0,0,0,0,0,0,0,1,1,6,6,2,53,8,1795,1,16,HYUNDAI MATRIX,5,E01020412,0,-1
2021061091748,2021,061091748,2,9,0,9,9,7,5,0,0,8,0,0,0,0,3,1,5,6,1,52,8,1599,1,13,HYUNDAI MATRIX,5,E01013736,0,-1
2021221045630,2021,221045630,1,9,0,11,11,1,5,0,0,0,5,0,0,0,4,1,5,6,1,57,9,1795,1,18,HYUNDAI MATRIX,9,E01014790,0,-1
2021302100888,2021,302100888,2,9,0,18,19,6,2,0,0,2,0,0,0,0,1,1,6,6,1,71,10,1599,1,17,HYUNDAI MATRIX,5,E01013551,0,-1
2021010328390,2021,010328390,1,9,0,18,19,3,7,0,0,1,0,0,0,0,4,1,6,6,2,53,8,1599,1,16,HYUNDAI MATRIX,1,E01003048,0,-1
2021461071754,2021,461071754,1,9,0,18,19,8,5,0,0,0,0,0,1,0,1,1,6,6,2,-1,-1,1599,1,16,HYUNDAI MATRIX,6,E01024285,0,-1
2021302101395,2021,302101395,2,9,0,18,19,6,2,0,0,2,0,0,0,0,1,1,6,6,3,-1,-1,1493,2,14,HYUNDAI MATRIX,5,E01019456,0,-1
2021451097489,2021,451097489,1,9,0,18,19,7,4,0,0,1,1,4,1,1,1,1,5,6,1,38,7,1599,1,20,HYUNDAI MATRIX,3,E01030952,0,-1
2021440275798,2021,440275798,2,9,0,7,7,6,8,0,0,8,0,0,0,0,1,1,6,6,3,-1,-1,1599,1,16,HYUNDAI MATRIX,-1,-1,0,-1
2021010307765,2021,010307765,1,9,0,17,19,1,5,0,0,3,0,0,0,0,2,1,6,6,2,40,7,1599,1,13,HYUNDAI MATRIX,5,E01001265,0,-1
2021501090315,2021,501090315,1,9,0,16,19,1,5,0,0,8,0,0,0,0,1,1,1,1,1,24,5,1599,1,14,HYUNDAI MATRIX,4,E01015173,0,-1
2021010299251,2021,010299251,1,9,0,99,99,9,9,99,99,9,9,99,9,99,2,9,6,6,1,24,5,1599,1,15,HYUNDAI MATRIX,2,E01001579,0,-1
2021010314606,2021,010314606,2,9,0,99,99,9,9,99,99,9,9,99,9,99,1,9,6,6,3,56,9,1599,1,16,HYUNDAI MATRIX,2,E01002031,0,-1
2021010317230,2021,010317230,1,9,9,99,99,9,9,99,99,9,9,99,9,99,9,9,6,6,1,39,7,1599,1,17,HYUNDAI MATRIX,2,E01014624,0,-1
2021141013794,2021,141013794,2,9,0,9,9,3,1,0,0,6,0,0,0,0,0,1,5,6,2,39,7,1599,1,18,HYUNDAI MATRIX,1,E01007848,0,-1
2021201098238,2021,201098238,1,9,0,5,5,1,5,9,9,0,1,7,1,0,3,1,6,6,1,83,11,1599,1,17,HYUNDAI MATRIX,1,E01010440,0,-1
2021501076074,2021,501076074,2,9,0,4,4,3,7,0,0,1,0,0,0,0,2,1,5,6,1,40,7,1599,1,13,HYUNDAI MATRIX,1,E01015263,0,-1
2021461069173,2021,461069173,1,9,0,18,19,4,8,0,0,0,0,0,0,0,0,1,6,6,1,71,10,1599,1,15,HYUNDAI MATRIX,1,E01024658,0,-1
2021471075647,2021,471075647,1,20,0,18,19,3,7,0,0,1,0,0,0,0,4,1,5,6,2,44,7,3908,2,26,-1,7,E01022946,0,-1
2021070598231,2021,070598231,2,17,0,2,2,7,3,0,0,2,0,0,0,0,1,1,1,1,1,39,7,-1,2,5,-1,-1,-1,0,-1
2021421045158,2021,421045158,2,5,0,18,19,7,3,0,0,0,0,0,0,0,1,1,6,6,1,55,8,625,1,15,-1,3,E01021490,0,-1
2021451086356,2021,451086356,1,3,0,18,19,4,6,0,0,8,5,0,0,0,3,1,5,6,1,28,6,125,1,0,-1,9,E01030646,0,-1
2021201113699,2021,201113699,2,3,0,18,19,4,8,0,0,8,0,0,0,0,3,1,6,6,2,32,6,125,1,0,-1,1,E01009978,0,-1
2021201149774,2021,201149774,1,3,0,12,12,6,2,0,0,0,0,0,0,0,0,1,5,6,1,33,6,125,1,0,-1,4,E01009688,0,-1