collision_index,collision_year,collision_ref_no,vehicle_reference,vehicle_type,towing_and_articulation,vehicle_manoeuvre_historic,vehicle_manoeuvre,vehicle_direction_from,vehicle_direction_to,vehicle_location_restricted_lane_historic,vehicle_location_restricted_lane,junction_location,skidding_and_overturning,hit_object_in_carriageway,vehicle_leaving_carriageway,hit_object_off_carriageway,first_point_of_impact,vehicle_left_hand_drive,journey_purpose_of_driver_historic,journey_purpose_of_driver,sex_of_driver,age_of_driver,age_band_of_driver,engine_capacity_cc,propulsion_code,age_of_vehicle,generic_make_model,driver_imd_decile,lsoa_of_driver,escooter_flag,driver_distance_banding
2021061135148,2021,061135148,1,4,0,18,19,6,2,0,0,8,0,0,0,0,4,1,6,6,1,50,8,125,1,0,-1,1,E01005093,0,-1
2021201026504,2021,201026504,2,3,0,7,7,8,6,0,0,8,0,0,0,0,3,1,1,1,1,22,5,125,1,3,-1,2,E01010041,0,-1
2021010327423,2021,010327423,1,3,0,18,19,1,5,0,0,1,0,0,0,0,4,1,6,6,1,37,7,125,1,5,-1,3,E01002595,0,-1
2021501133346,2021,501133346,2,3,0,18,19,1,5,0,0,1,0,0,0,0,3,1,6,6,1,32,6,125,1,6,-1,6,E01020029,0,-1
2021101051280,2021,101051280,2,3,0,18,19,4,8,0,0,4,0,0,0,0,4,1,5,6,1,32,6,125,1,5,-1,-1,-1,0,-1
2021552100504,2021,552100504,1,3,0,17,19,5,1,0,0,0,1,0,1,2,1,1,6,6,1,25,5,125,1,4,-1,2,E01020347,0,-1
2021501162212,2021,501162212,1,3,0,9,9,3,7,0,0,8,0,0,0,0,1,1,6,6,1,18,4,125,1,5,-1,2,E01015194,0,-1
2021622100682,2021,622100682,2,3,0,18,19,8,4,0,0,8,0,0,0,0,1,1,6,6,1,46,8,125,1,3,-1,1,W01001857,0,-1
2021111071505,2021,111071505,1,2,0,18,19,1,5,0,0,0,0,0,0,0,1,1,6,6,1,-1,-1,125,1,5,-1,-1,-1,0,-1
2021320221565,2021,320221565,1,3,0,13,13,2,5,0,0,1,1,0,7,0,1,1,6,6,1,41,7,125,1,5,-1,1,E01026126,0,-1
2021622100419,2021,622100419,2,3,0,5,5,4,2,0,0,6,0,0,0,0,1,1,6,6,1,21,5,125,1,5,-1,4,W01001092,0,-1
2021041073487,2021,041073487,1,4,0,18,19,7,3,0,0,1,0,0,0,0,1,1,6,6,1,67,10,276,1,0,-1,6,E01010705,0,-1
202163D058621,2021,63D058621,2,3,0,17,19,6,4,0,0,0,0,0,0,0,0,1,6,6,2,65,9,125,1,2,-1,8,W01000446,0,-1
2021101156994,2021,101156994,2,9,0,18,19,5,1,0,0,0,0,0,0,0,2,1,6,6,1,75,10,1200,1,5,PEUGEOT 2008,1,E01008651,0,-1
2021440263193,2021,440263193,2,9,0,1,1,5,1,0,0,0,0,0,0,0,0,1,6,6,2,-1,-1,1560,2,8,PEUGEOT 2008,-1,-1,0,-1
2021411102141,2021,411102141,1,9,0,16,19,-1,-1,0,0,0,0,0,0,0,1,1,6,6,2,39,7,-1,3,1,PEUGEOT 2008,7,E01023682,0,-1
2021010340087,2021,010340087,3,9,0,3,3,3,7,0,0,1,0,0,0,0,2,1,6,6,1,36,7,1598,1,7,PEUGEOT 2008,6,E01002126,0,-1
2021010352385,2021,010352385,2,9,0,99,99,9,9,99,99,9,9,99,9,99,1,9,6,6,3,-1,-1,1200,1,1,PEUGEOT 2008,-1,-1,0,-1
2021131120781,2021,131120781,1,9,0,18,19,7,3,0,0,1,0,0,3,0,4,1,5,6,2,50,8,1200,1,6,PEUGEOT 2008,5,E01010756,0,-1
2021122100493,2021,122100493,2,9,0,18,19,1,4,0,0,8,0,0,0,0,3,1,2,2,2,41,7,1398,2,7,PEUGEOT 2008,10,E01027639,0,-1
2021421112015,2021,421112015,1,9,0,9,9,5,3,0,0,8,0,0,0,0,1,1,5,6,1,66,10,1200,1,1,PEUGEOT 2008,8,E01021795,0,-1
2021622100756,2021,622100756,1,9,0,4,4,2,6,0,0,1,0,0,0,0,1,1,2,2,2,24,5,1560,2,5,PEUGEOT 2008,3,W01001080,0,-1
2021161043062,2021,161043062,2,9,0,18,19,4,8,0,0,0,0,0,1,11,1,1,5,6,1,33,6,1200,1,0,PEUGEOT 2008,9,E01027844,0,-1
2021531082002,2021,531082002,2,9,0,3,3,7,3,0,0,8,0,0,0,0,2,1,5,6,1,29,6,1200,1,5,PEUGEOT 2008,4,E01022250,0,-1
2021520105861,2021,520105861,2,9,0,18,19,5,1,0,0,8,0,0,0,0,1,1,6,6,2,73,10,1200,1,6,PEUGEOT 2008,10,E01014999,0,-1
2021451114875,2021,451114875,1,9,0,3,3,6,2,0,0,0,0,0,0,0,2,1,5,6,2,38,7,1200,1,6,PEUGEOT 2008,6,E01030426,0,-1
2021361095652,2021,361095652,1,9,0,18,19,7,2,0,0,0,0,0,0,0,3,1,5,6,1,32,6,1200,1,5,PEUGEOT 2008,1,E01009380,0,-1
2021401020531,2021,401020531,3,9,0,2,2,0,0,0,0,0,0,0,0,0,2,1,6,6,3,-1,-1,1200,1,2,PEUGEOT 2008,-1,-1,0,-1
2021991068712,2021,991068712,1,9,0,18,19,1,5,0,0,0,0,0,0,0,1,1,5,6,2,61,9,1200,1,1,PEUGEOT 2008,6,-1,0,-1
2021991062138,2021,991062138,1,9,0,17,19,4,1,0,0,0,0,0,0,0,1,1,5,6,1,35,6,1560,2,6,PEUGEOT 2008,-1,-1,0,-1
2021010293036,2021,010293036,1,9,0,99,99,9,9,99,99,0,9,99,9,99,2,9,6,6,2,48,8,1200,1,7,PEUGEOT 2008,4,E01030619,0,-1
2021231071423,2021,231071423,2,9,0,4,4,4,8,0,0,0,0,0,0,0,2,1,5,6,2,59,9,1560,2,5,PEUGEOT 2008,4,E01019844,0,-1
2021430528236,2021,430528236,1,9,0,9,9,4,1,0,0,1,0,0,0,0,1,1,6,6,1,75,10,1200,1,5,PEUGEOT 2008,10,E01028615,0,-1
2021991048884,2021,991048884,2,9,0,16,19,1,5,0,0,8,0,0,0,0,1,1,6,6,2,58,9,1560,2,6,PEUGEOT 2008,7,-1,0,-1
2021991066240,2021,991066240,1,9,0,9,9,1,6,0,0,5,0,0,0,0,1,1,6,6,1,24,5,1200,1,0,PEUGEOT 2008,-1,-1,0,-1
2021401129445,2021,401129445,2,9,0,18,19,3,7,0,0,0,1,0,0,0,2,1,5,6,1,36,7,1560,2,4,PEUGEOT 2008,8,E01026238,0,-1
2021010311855,2021,010311855,1,9,0,9,9,1,6,0,0,5,0,0,0,0,3,1,6,6,2,47,8,-1,3,0,PEUGEOT 2008,10,E01030356,0,-1
2021622100939,2021,622100939,3,9,0,2,2,0,0,0,0,0,0,0,0,0,1,1,6,6,3,-1,-1,1200,1,2,PEUGEOT 2008,-1,-1,0,-1
2021302101930,2021,302101930,1,9,0,18,19,7,3,0,0,0,0,4,0,0,1,1,6,6,2,49,8,1560,2,5,PEUGEOT 2008,3,E01019759,0,-1
2021501160568,2021,501160568,1,9,0,18,19,7,3,0,0,0,0,0,0,0,1,1,5,6,1,76,11,1200,1,2,PEUGEOT 2008,4,E01020287,0,-1
2021522101206,2021,522101206,2,9,0,4,4,3,7,0,0,0,0,0,0,0,1,1,6,6,2,28,6,1200,1,1,PEUGEOT 2008,10,E01014933,0,-1
2021430518991,2021,430518991,2,9,0,3,3,8,4,0,0,8,0,0,0,0,2,1,6,6,1,52,8,1200,1,2,PEUGEOT 2008,5,E01016371,0,-1
2021320175590,2021,320175590,1,9,0,9,9,8,4,0,0,8,0,0,0,0,1,1,3,7,1,46,8,1200,1,2,PEUGEOT 2008,6,E01026329,0,-1
2021010308574,2021,010308574,3,9,0,5,5,0,7,0,0,0,0,4,0,0,1,1,6,6,2,-1,-1,1200,1,1,PEUGEOT 2008,-1,-1,0,-1
2021401057233,2021,401057233,1,9,0,18,19,2,6,0,0,0,0,0,7,0,1,1,6,6,1,29,6,1200,1,0,PEUGEOT 2008,1,E01009363,0,-1
2021122100086,2021,122100086,2,9,0,4,4,1,6,0,0,4,1,1,0,0,4,1,6,6,1,26,6,1560,2,5,PEUGEOT 2008,9,E01012236,0,-1
2021440407987,2021,440407987,1,9,0,9,9,7,3,0,0,6,0,0,0,0,1,1,6,6,2,34,6,1199,1,2,PEUGEOT 2008,8,E01022620,0,-1
2021371036177,2021,371036177,1,9,0,1,1,1,3,0,0,1,0,0,0,0,2,1,6,6,1,22,5,1199,1,2,PEUGEOT 2008,2,E01033122,0,-1
2021161038980,2021,161038980,1,9,0,18,19,2,6,0,0,0,5,0,0,0,3,1,5,6,2,26,6,1200,1,1,PEUGEOT 2008,10,E01013091,0,-1
2021010323850,2021,010323850,2,9,0,18,19,5,1,0,0,0,0,0,0,0,3,1,2,2,1,24,5,1200,1,0,PEUGEOT 2008,2,E01003183,0,-1
2021010328558,2021,010328558,2,9,0,99,99,9,9,99,99,9,9,99,9,99,9,9,6,6,3,-1,-1,1560,2,6,PEUGEOT 2008,-1,-1,0,-1
2021221037096,2021,221037096,1,9,0,9,9,3,2,0,0,4,0,0,0,0,1,1,5,6,2,51,8,1200,1,5,PEUGEOT 2008,6,E01032283,0,-1
202134NNC2001,2021,34NNC2001,1,9,0,18,19,2,6,0,0,4,0,0,0,0,1,1,6,6,1,51,8,1200,1,1,PEUGEOT 2008,3,E01026983,0,-1
2021010347723,2021,010347723,1,9,0,10,10,4,3,0,0,9,0,99,0,0,3,1,6,6,2,64,9,1200,1,3,PEUGEOT 2008,-1,-1,0,-1
2021991032606,2021,991032606,2,9,0,18,19,3,6,0,0,0,0,0,1,0,1,1,5,6,1,72,10,1199,1,3,PEUGEOT 2008,8,-1,0,-1
2021461028509,2021,461028509,1,9,0,11,11,3,7,0,0,0,0,0,6,6,1,1,6,6,2,48,8,1200,1,7,PEUGEOT 2008,2,E01001010,0,-1
2021361143826,2021,361143826,2,9,0,5,5,4,2,0,0,8,0,0,0,0,1,1,2,2,1,28,6,1200,1,4,PEUGEOT 2008,5,E01026523,0,-1
2021430256279,2021,430256279,1,9,0,18,19,3,7,0,0,4,0,0,0,0,3,1,6,6,2,44,7,1200,1,4,PEUGEOT 2008,3,E01016381,0,-1
2021302101826,2021,302101826,1,9,0,7,7,7,2,0,0,2,0,0,0,0,4,1,6,6,2,57,9,1560,2,7,PEUGEOT 2008,8,E01019734,0,-1
2021141042381,2021,141042381,1,9,0,5,5,3,5,0,0,2,0,0,0,0,0,1,5,6,2,44,7,1560,2,7,PEUGEOT 2008,8,E01007594,0,-1
2021302101897,2021,302101897,1,9,0,18,19,2,4,0,0,8,0,0,0,0,4,1,6,6,2,21,5,1560,2,4,PEUGEOT 2008,4,E01027929,0,-1
2021991050698,2021,991050698,1,9,0,6,6,4,4,0,0,0,1,0,7,0,1,1,6,6,1,81,11,1200,1,2,PEUGEOT 2008,6,-1,0,-1
2021520103818,2021,520103818,4,9,0,18,19,3,7,0,0,1,0,0,0,0,1,1,6,6,1,79,11,1200,1,2,PEUGEOT 2008,9,E01022753,0,-1
2021430558153,2021,430558153,1,9,0,18,19,6,2,0,0,4,0,0,0,0,1,1,6,6,1,57,9,1560,2,4,PEUGEOT 2008,2,E01016394,0,-1
2021010327377,2021,010327377,1,9,0,4,4,3,7,0,0,0,0,0,0,0,1,1,6,6,1,66,10,1498,2,1,PEUGEOT 2008,2,E01002077,0,-1
2021461115069,2021,461115069,3,9,0,18,19,3,7,0,0,1,0,0,0,0,0,1,5,6,1,40,7,1200,1,3,PEUGEOT 2008,7,E01031633,0,-1
2021122100855,2021,122100855,2,9,0,10,10,7,5,0,0,1,0,0,0,0,0,1,2,2,2,61,9,1560,2,7,PEUGEOT 2008,6,E01027916,0,-1
2021101076623,2021,101076623,1,9,0,16,19,3,7,0,0,6,0,0,0,0,1,1,2,2,1,58,9,1598,1,6,PEUGEOT 2008,5,E01027536,0,-1
2021201115275,2021,201115275,1,9,0,18,19,4,8,0,0,8,5,9,3,1,1,1,6,6,1,-1,-1,1200,1,1,PEUGEOT 2008,-1,-1,0,-1
2021991026136,2021,991026136,1,9,0,9,9,7,5,0,0,8,0,0,0,0,1,1,2,2,1,62,9,1498,2,2,PEUGEOT 2008,5,-1,0,-1
2021471078880,2021,471078880,1,9,0,5,5,7,3,0,0,0,0,0,0,0,2,1,5,6,2,39,7,1200,1,6,PEUGEOT 2008,3,E01016869,0,-1
2021010304617,2021,010304617,2,9,0,99,99,9,9,99,99,9,9,99,9,99,1,9,6,6,3,-1,-1,1200,1,4,PEUGEOT 2008,3,E01032574,0,-1
2021201149205,2021,201149205,2,9,0,4,4,2,6,0,0,1,0,0,0,0,2,1,6,6,2,34,6,1560,2,4,PEUGEOT 2008,7,E01032590,0,-1
2021052100363,2021,052100363,2,9,0,18,19,7,3,0,0,8,0,0,0,0,3,1,6,6,2,31,6,1560,2,6,PEUGEOT 2008,8,E01007241,0,-1
2021531122087,2021,531122087,3,9,0,4,4,2,6,0,0,0,0,0,0,0,2,1,5,6,2,41,7,-1,3,0,PEUGEOT 2008,6,E01022268,0,-1
2021451018060,2021,451018060,2,9,0,18,19,3,7,0,0,0,0,0,0,0,4,1,2,2,2,36,7,1200,1,8,PEUGEOT 2008,2,E01001560,0,-1
2021520200690,2021,520200690,1,9,0,18,19,1,5,0,0,0,0,0,0,0,1,1,6,6,2,49,8,1200,1,2,PEUGEOT 2008,10,E01032634,0,-1
2021041049445,2021,041049445,3,9,0,5,5,2,6,0,0,0,0,0,0,0,2,1,6,6,2,45,7,1560,2,5,PEUGEOT 2008,2,E01025185,0,-1
2021070599004,2021,070599004,2,9,0,7,7,2,8,0,0,3,0,0,0,0,1,1,6,6,2,46,8,1199,1,2,PEUGEOT 2008,1,E01012420,0,-1
2021052101627,2021,052101627,2,9,0,2,2,0,0,0,0,0,0,0,0,0,2,1,6,6,3,-1,-1,1200,1,3,PEUGEOT 2008,-1,-1,0,-1
2021991089298,2021,991089298,2,9,0,18,19,5,1,0,0,0,0,0,1,0,2,1,5,6,2,42,7,1200,1,2,PEUGEOT 2008,9,-1,0,-1
2021201086330,2021,201086330,1,9,0,18,19,6,2,0,0,0,0,0,0,0,0,1,6,6,1,64,9,1200,1,1,PEUGEOT 2008,4,E01028587,0,-1
2021501117632,2021,501117632,2,9,0,4,4,0,0,0,0,0,0,0,0,0,2,1,6,6,1,66,10,1200,1,0,PEUGEOT 2008,4,E01020097,0,-1
2021421115594,2021,421115594,2,9,0,4,4,1,5,0,0,0,0,0,0,0,2,1,5,6,2,25,5,1398,2,7,PEUGEOT 2008,5,E01021387,0,-1
2021461021689,2021,461021689,2,9,0,18,19,7,3,0,0,0,0,10,0,0,1,1,6,6,1,56,9,1560,2,5,PEUGEOT 2008,7,E01024712,0,-1
202154B527221,2021,54B527221,1,9,0,9,9,2,1,0,0,2,0,0,0,0,3,1,6,6,1,85,11,1200,1,2,PEUGEOT 2008,3,E01015543,0,-1
2021461087455,2021,461087455,1,9,0,18,19,1,5,0,0,4,0,0,0,0,1,1,6,6,2,42,7,1200,1,5,PEUGEOT 2008,7,E01024689,0,-1
2021552101065,2021,552101065,2,9,0,18,19,3,7,0,0,8,0,0,0,0,4,1,6,6,2,50,8,-1,3,0,PEUGEOT 2008,9,E01015451,0,-1
2021041038567,2021,041038567,1,9,0,9,9,3,1,0,0,5,0,0,0,0,3,1,6,6,1,75,10,1560,2,7,PEUGEOT 2008,4,E01025172,0,-1
2021041062161,2021,041062161,2,9,0,4,4,3,3,0,0,0,0,0,0,0,2,1,5,6,2,33,6,1560,2,7,PEUGEOT 2008,4,E01025460,0,-1
2021421036612,2021,421036612,3,9,0,3,3,6,2,0,0,0,0,0,0,0,2,1,5,6,1,36,7,-1,3,0,PEUGEOT 2008,9,E01021654,0,-1
2021231131487,2021,231131487,2,9,0,4,4,1,5,0,0,0,0,0,0,0,2,1,5,6,2,53,8,1200,1,2,PEUGEOT 2008,4,E01023106,0,-1
2021010350686,2021,010350686,1,9,0,18,19,7,3,0,0,1,0,0,0,0,0,1,6,6,1,33,6,1200,1,0,PEUGEOT 2008,9,E01001025,0,-1
2021531052511,2021,531052511,1,9,0,18,19,5,1,0,0,1,0,0,0,0,1,1,5,6,1,78,11,1200,1,5,PEUGEOT 2008,9,W01001575,0,-1
2021010294597,2021,010294597,1,9,0,10,10,5,3,0,0,1,0,0,0,0,4,1,6,6,1,-1,-1,1200,1,5,PEUGEOT 2008,3,E01033583,0,-1
2021131040961,2021,131040961,2,9,0,9,9,3,5,0,0,2,0,0,0,0,2,1,5,6,1,40,7,1560,2,4,PEUGEOT 2008,5,E01011736,0,-1
2021302100669,2021,302100669,1,9,0,16,19,1,5,0,0,0,1,0,0,0,1,1,6,6,1,87,11,1598,1,6,PEUGEOT 2008,6,E01019876,0,-1
202106A079464,2021,06A079464,1,9,0,9,9,2,8,0,0,6,0,0,0,0,0,1,6,6,3,30,6,1560,2,5,PEUGEOT 2008,-1,-1,0,-1
2021430085478,2021,430085478,2,9,0,2,2,0,0,0,0,0,0,0,0,0,0,1,1,1,2,46,8,1560,2,6,PEUGEOT 2008,3,E01028552,0,-1
2021351049302,2021,351049302,1,9,0,9,9,4,2,0,0,2,0,0,0,0,1,1,5,6,1,52,8,1560,2,6,PEUGEOT 2008,10,E01033425,0,-1
2021070545874,2021,070545874,2,9,0,18,19,2,6,0,0,8,0,0,0,0,1,1,6,6,1,-1,-1,1200,1,5,PEUGEOT 2008,5,E01018622,0,-1
2021501036049,2021,501036049,1,9,0,18,19,1,5,0,0,1,0,0,0,0,1,1,6,6,1,41,7,1199,1,2,PEUGEOT 2008,3,E01018815,0,-1
2021010320442,2021,010320442,1,9,0,7,7,1,3,0,0,3,0,0,0,0,3,1,6,6,1,78,11,1200,1,1,PEUGEOT 2008,1,E01004245,0,-1
2021010322477,2021,010322477,1,9,0,99,99,9,9,99,99,0,9,99,9,99,2,9,6,6,2,35,6,1200,1,3,PEUGEOT 2008,2,E01001448,0,-1
2021501070978,2021,501070978,2,9,0,5,5,3,7,0,0,8,0,0,0,0,1,1,5,6,2,78,11,1200,1,2,PEUGEOT 2008,3,E01019062,0,-1
2021622100510,2021,622100510,2,9,0,10,10,6,2,0,0,5,0,0,0,0,3,1,1,1,2,44,7,1200,1,1,PEUGEOT 2008,9,W01001294,0,-1
2021138230366,2021,138230366,2,9,0,18,19,7,4,0,0,8,0,0,0,0,3,1,6,6,1,28,6,1200,1,3,PEUGEOT 2008,8,E01010686,0,-1
2021131042896,2021,131042896,3,9,0,2,2,1,1,0,0,8,0,0,0,0,3,1,6,6,3,-1,-1,1200,1,7,PEUGEOT 2008,-1,-1,0,-1
2021201141394,2021,201141394,1,9,0,18,19,4,8,0,0,8,0,0,0,0,1,1,2,2,1,59,9,1200,1,0,PEUGEOT 2008,8,E01029493,0,-1
2021501147561,2021,501147561,2,9,0,18,19,0,0,0,0,0,0,0,0,0,1,1,6,6,1,-1,-1,1200,1,1,PEUGEOT 2008,6,E01019912,0,-1
2021440435431,2021,440435431,2,9,0,18,19,2,6,0,0,0,0,0,0,0,2,1,6,6,2,60,9,1199,1,2,PEUGEOT 2008,8,E01017145,0,-1
2021122101349,2021,122101349,2,9,0,4,4,7,3,0,0,0,0,0,0,0,2,1,6,6,1,37,7,1560,2,5,PEUGEOT 2008,10,E01007619,0,-1
2021070191011,2021,070191011,2,9,0,9,9,2,7,0,0,2,0,0,0,0,3,1,2,2,2,24,5,1200,1,4,PEUGEOT 2008,10,E01018475,0,-1
2021520200707,2021,520200707,3,9,0,3,3,2,6,0,0,0,0,0,0,0,2,1,6,6,2,46,8,1560,2,6,PEUGEOT 2008,4,E01029090,0,-1
2021451018228,2021,451018228,1,9,0,12,12,7,7,0,0,0,0,0,0,0,3,1,5,6,2,30,6,1200,1,1,PEUGEOT 2008,7,E01030465,0,-1
202134NNC3521,2021,34NNC3521,1,9,0,9,9,1,5,0,0,6,0,0,0,0,1,1,2,2,2,41,7,1560,2,5,PEUGEOT 2008,9,E01027037,0,-1
2021471041172,2021,471041172,1,9,0,12,12,2,6,0,0,0,0,0,0,0,3,1,5,6,1,60,9,1398,2,6,PEUGEOT 2008,6,E01032833,0,-1
2021522200877,2021,522200877,1,9,0,18,19,3,7,0,0,8,0,0,1,4,3,1,6,6,2,36,7,1560,2,5,PEUGEOT 2008,-1,-1,0,-1
2021430269185,2021,430269185,1,9,0,4,4,2,6,0,0,8,0,0,0,0,2,1,2,2,1,36,7,1200,1,7,PEUGEOT 2008,9,E01016620,0,-1
2021131101923,2021,131101923,1,9,0,18,19,7,3,0,0,0,0,0,0,0,1,1,6,6,1,33,6,1200,1,0,PEUGEOT 2008,3,E01011212,0,-1
2021010296619,2021,010296619,1,9,0,99,99,9,9,99,99,9,9,99,9,99,3,9,6,6,2,35,6,1200,1,4,PEUGEOT 2008,8,E01002285,0,-1
2021141098111,2021,141098111,1,9,0,-1,-1,-1,-1,-1,-1,0,-1,-1,-1,0,-1,1,5,6,2,27,6,1200,1,4,PEUGEOT 2008,8,E01007362,0,-1
2021320299475,2021,320299475,1,9,0,17,19,1,7,0,0,0,5,0,1,9,1,1,6,6,1,30,6,1560,2,5,PEUGEOT 2008,3,E01026122,0,-1
2021371033342,2021,371033342,1,9,0,7,7,1,3,0,0,1,0,0,0,0,1,1,5,6,2,34,6,1200,1,2,PEUGEOT 2008,6,E01029944,0,-1
2021170L31211,2021,170L31211,2,9,0,18,19,5,1,0,0,1,0,0,0,0,1,1,2,2,1,40,7,1199,1,2,PEUGEOT 2008,6,E01033472,0,-1
2021111048154,2021,111048154,3,9,0,2,2,0,0,0,0,0,0,0,0,0,1,1,6,6,3,-1,-1,1498,2,3,PEUGEOT 2008,-1,-1,0,-1
2021221070932,2021,221070932,1,9,0,18,19,2,6,0,0,0,0,0,0,0,1,1,1,1,2,37,7,1598,1,6,PEUGEOT 2008,5,E01032295,0,-1
2021522105264,2021,522105264,1,9,0,9,9,7,3,0,0,8,0,0,0,0,1,1,6,6,2,36,7,1200,1,5,PEUGEOT 2008,2,E01014601,0,-1
2021411040185,2021,411040185,1,9,0,18,19,4,8,0,0,1,0,0,0,0,1,1,6,6,1,34,6,1200,1,4,PEUGEOT 2008,9,E01033609,0,-1
2021991027959,2021,991027959,2,9,0,18,19,1,5,0,0,0,0,0,0,0,2,1,2,2,1,47,8,1199,1,2,PEUGEOT 2008,7,-1,0,-1
2021501021214,2021,501021214,1,9,0,18,19,3,7,0,0,0,0,0,0,0,1,1,5,6,1,72,10,1199,1,3,PEUGEOT 2008,5,E01020137,0,-1
2021501073167,2021,501073167,3,9,0,18,19,6,2,0,0,1,0,0,0,0,1,1,5,6,1,48,8,1200,1,6,PEUGEOT 2008,8,E01018823,0,-1
2021010297007,2021,010297007,2,9,0,99,99,9,9,99,99,9,9,99,9,99,0,9,6,6,3,-1,-1,1498,2,1,PEUGEOT 2008,8,E01004511,0,-1
2021201017251,2021,201017251,1,9,0,9,9,5,2,0,0,6,0,0,0,0,1,1,6,6,2,32,6,1200,1,6,PEUGEOT 2008,1,E01009270,0,-1
2021111063258,2021,111063258,1,9,0,3,3,5,1,0,0,0,0,0,0,0,1,1,5,6,1,73,10,1200,1,4,PEUGEOT 2008,7,E01020726,0,-1
2021501107116,2021,501107116,2,9,0,4,4,5,1,0,0,0,0,0,0,0,2,1,5,6,1,35,6,1200,1,3,PEUGEOT 2008,4,E01020292,0,-1
2021010301118,2021,010301118,4,9,0,4,4,7,3,0,0,0,0,0,0,0,2,1,6,6,1,49,8,1199,1,3,PEUGEOT 2008,7,E01002578,0,-1
2021430357947,2021,430357947,2,9,0,9,9,8,6,0,0,4,0,0,0,0,4,1,6,6,1,-1,-1,1200,1,3,PEUGEOT 2008,9,E01016193,0,-1
2021501064001,2021,501064001,1,9,0,18,19,1,5,0,0,8,0,0,0,0,1,1,2,2,2,29,6,1560,2,7,PEUGEOT 2008,5,E01020123,0,-1
2021991124914,2021,991124914,1,9,0,16,19,7,3,0,0,0,0,0,0,0,4,1,5,6,1,75,10,1200,1,1,PEUGEOT 2008,10,-1,0,-1
2021010344957,2021,010344957,2,9,0,18,19,5,1,0,0,0,0,0,0,0,1,1,6,6,1,33,6,1500,2,0,PEUGEOT 2008,6,E01002200,0,-1
2021041052298,2021,041052298,1,9,0,13,13,5,2,0,0,1,0,0,0,0,1,1,5,6,1,39,7,1398,2,7,PEUGEOT 2008,10,E01025355,0,-1
202163C074721,2021,63C074721,2,9,0,7,7,8,2,0,0,6,0,0,0,0,1,1,6,6,2,34,6,1398,2,8,PEUGEOT 2008,5,W01000576,0,-1
2021201053291,2021,201053291,1,9,0,9,9,6,4,0,0,6,0,0,0,0,2,1,6,6,2,34,6,1560,2,6,PEUGEOT 2008,3,E01009795,0,-1
2021531061846,2021,531061846,1,9,0,17,19,5,1,0,0,0,0,0,0,0,1,1,5,6,1,74,10,1560,2,5,PEUGEOT 2008,10,E01016695,0,-1
2021201063047,2021,201063047,1,9,0,4,4,8,4,0,0,0,0,0,0,0,1,1,6,6,2,36,7,1200,1,7,PEUGEOT 2008,9,E01009735,0,-1
2021141113728,2021,141113728,1,9,0,18,19,3,7,0,0,0,0,0,0,0,1,1,2,2,1,55,8,1398,2,7,PEUGEOT 2008,1,E01007730,0,-1
2021010319563,2021,010319563,1,9,0,99,99,9,9,99,99,0,9,99,9,99,9,9,6,6,2,65,9,1199,1,2,PEUGEOT 2008,3,E01001468,0,-1
2021041022887,2021,041022887,1,9,0,18,19,3,7,0,0,0,0,0,0,0,3,1,6,6,2,25,5,1560,2,6,PEUGEOT 2008,5,E01019170,0,-1
2021010331018,2021,010331018,2,9,0,1,1,5,1,0,0,0,0,0,0,0,2,1,6,6,3,-1,-1,1560,2,6,PEUGEOT 2008,-1,-1,0,-1
2021010330594,2021,010330594,2,9,0,99,99,9,9,99,99,1,9,99,9,99,1,9,6,6,3,-1,-1,1200,1,1,PEUGEOT 2008,3,E01003567,0,-1
2021471108435,2021,471108435,2,9,0,3,3,7,3,0,0,0,0,0,0,0,2,1,2,2,2,39,7,1200,1,5,PEUGEOT 2008,8,E01031346,0,-1
2021320523868,2021,320523868,1,9,0,9,9,2,8,0,0,8,0,0,0,0,1,1,6,6,2,38,7,1560,2,5,PEUGEOT 2008,9,E01026186,0,-1
2021061057878,2021,061057878,2,9,0,18,19,7,3,0,0,0,0,0,0,0,1,1,5,6,1,30,6,1200,1,6,PEUGEOT 2008,1,E01004802,0,-1
2021461117073,2021,461117073,2,9,0,18,19,3,7,0,0,1,0,0,0,0,4,1,2,2,2,59,9,1200,1,5,PEUGEOT 2008,2,E01023975,0,-1
2021010339537,2021,010339537,1,9,0,18,19,5,1,0,0,1,0,0,2,99,1,9,6,6,1,-1,-1,-1,3,0,PEUGEOT 2008,6,E01003285,0,-1
2021131104203,2021,131104203,3,9,0,2,2,1,1,0,0,2,0,0,0,0,1,1,6,6,3,-1,-1,1200,1,3,PEUGEOT 2008,-1,-1,0,-1
2021421061608,2021,421061608,2,9,0,10,10,6,4,0,0,8,0,0,0,0,3,1,5,6,2,25,5,1398,2,7,PEUGEOT 2008,5,E01021387,0,-1
2021361051328,2021,361051328,1,9,0,7,7,8,4,0,0,1,0,0,7,1,1,1,2,2,1,22,5,1200,1,4,PEUGEOT 2008,5,E01026496,0,-1
2021451016366,2021,451016366,1,9,0,15,15,1,5,0,0,0,0,0,1,4,1,1,2,2,1,44,7,1199,1,3,PEUGEOT 2008,8,E01030845,0,-1
2021421064884,2021,421064884,2,9,0,18,19,5,2,0,0,1,0,0,0,0,1,1,6,6,2,55,8,1200,1,2,PEUGEOT 2008,7,E01021966,0,-1
2021461049104,2021,461049104,1,9,0,18,19,1,5,0,0,0,0,0,0,0,1,1,6,6,2,36,7,1199,1,3,PEUGEOT 2008,2,E01024500,0,-1
202134NNC6171,2021,34NNC6171,1,9,0,5,5,5,1,0,0,1,0,0,1,0,4,1,6,6,1,53,8,1200,1,0,PEUGEOT 2008,8,E01009665,0,-1