collision_index,collision_year,collision_ref_no,vehicle_reference,vehicle_type,towing_and_articulation,vehicle_manoeuvre_historic,vehicle_manoeuvre,vehicle_direction_from,vehicle_direction_to,vehicle_location_restricted_lane_historic,vehicle_location_restricted_lane,junction_location,skidding_and_overturning,hit_object_in_carriageway,vehicle_leaving_carriageway,hit_object_off_carriageway,first_point_of_impact,vehicle_left_hand_drive,journey_purpose_of_driver_historic,journey_purpose_of_driver,sex_of_driver,age_of_driver,age_band_of_driver,engine_capacity_cc,propulsion_code,age_of_vehicle,generic_make_model,driver_imd_decile,lsoa_of_driver,escooter_flag,driver_distance_banding
2021430053438,2021,430053438,1,9,0,18,19,8,4,0,0,0,0,0,0,0,1,1,2,2,1,65,9,1200,1,5,PEUGEOT 2008,10,E01017880,0,-1
2021361019303,2021,361019303,3,9,0,4,4,8,3,0,0,1,0,0,0,0,0,1,5,6,1,47,8,1560,2,6,PEUGEOT 2008,7,E01026914,0,-1
2021201141583,2021,201141583,2,9,0,3,3,-1,-1,0,0,0,0,0,0,0,2,1,6,6,2,50,8,1560,2,5,PEUGEOT 2008,7,E01010123,0,-1
2021010314565,2021,010314565,3,9,0,2,2,0,0,9,9,0,0,0,0,0,3,1,6,6,3,-1,-1,1498,2,2,PEUGEOT 2008,-1,-1,0,-1
2021061052658,2021,061052658,1,9,0,18,19,2,6,0,0,1,0,0,0,0,1,1,5,6,2,39,7,1200,1,7,PEUGEOT 2008,1,E01005227,0,-1
2021211068289,2021,211068289,2,9,0,18,19,8,4,0,0,8,0,0,0,0,3,1,5,6,2,61,9,1200,1,5,PEUGEOT 2008,3,E01009967,0,-1
2021411020885,2021,411020885,1,9,0,9,9,7,5,0,0,2,0,0,0,0,1,1,5,6,2,26,6,1200,1,1,PEUGEOT 2008,9,E01023676,0,-1
2021471079428,2021,471079428,2,9,0,18,19,7,3,0,0,0,0,0,0,0,4,1,5,6,2,53,8,1560,2,5,PEUGEOT 2008,10,E01021192,0,-1
2021131052753,2021,131052753,1,9,0,18,19,5,1,0,0,8,0,0,1,10,1,1,5,6,1,64,9,1200,1,2,PEUGEOT 2008,8,E01011066,0,-1
2021010318808,2021,010318808,1,9,0,9,9,5,3,0,0,8,0,0,0,0,3,1,6,6,1,34,6,-1,3,0,PEUGEOT 2008,4,E01000503,0,-1
2021622100264,2021,622100264,3,9,0,18,19,4,8,0,0,0,0,0,0,0,1,1,6,6,2,37,7,1200,1,3,PEUGEOT 2008,2,W01001406,0,-1
2021361069005,2021,361069005,1,9,0,9,9,7,5,0,0,8,0,0,0,0,1,1,5,6,2,87,11,1200,1,4,PEUGEOT 2008,3,E01026740,0,-1
2021411132074,2021,411132074,1,9,0,5,5,5,3,0,0,6,0,0,0,0,3,1,6,6,1,74,10,1200,1,2,PEUGEOT 2008,2,E01023750,0,-1
2021010311050,2021,010311050,1,9,0,5,5,5,1,0,0,2,0,0,0,0,1,1,6,6,1,82,11,1200,1,5,PEUGEOT 2008,6,E01001245,0,-1
2021131110828,2021,131110828,3,9,0,2,2,0,0,0,0,0,0,0,0,0,3,1,6,6,2,43,7,1560,2,6,PEUGEOT 2008,3,E01010827,0,-1
2021430424294,2021,430424294,1,9,0,9,9,7,5,0,0,8,0,0,0,0,3,1,3,7,2,37,7,1200,1,1,PEUGEOT 2008,1,E01016843,0,-1
2021010312001,2021,010312001,1,9,0,1,1,7,3,0,0,6,0,0,0,0,2,1,3,7,1,-1,-1,1598,1,6,PEUGEOT 2008,2,E01003324,0,-1
2021052100313,2021,052100313,1,9,0,5,5,9,9,0,0,4,0,0,0,0,1,1,6,6,2,72,10,1200,1,6,PEUGEOT 2008,9,E01007280,0,-1
2021440405235,2021,440405235,1,9,0,9,9,5,1,0,0,6,0,0,0,0,3,1,6,6,1,31,6,1200,1,4,PEUGEOT 2008,10,E01022518,0,-1
2021501128108,2021,501128108,2,9,0,6,6,3,7,0,0,0,0,0,0,0,2,1,5,6,1,53,8,1200,1,0,PEUGEOT 2008,4,E01020314,0,-1
2021371060482,2021,371060482,2,9,0,-1,-1,8,-1,0,0,1,0,0,0,0,1,1,1,1,2,28,6,1200,1,8,PEUGEOT 2008,5,E01030281,0,-1
2021552101301,2021,552101301,2,9,0,4,4,6,2,0,0,0,0,0,0,0,2,1,2,2,2,29,6,1560,2,4,PEUGEOT 2008,8,E01020408,0,-1
2021041013741,2021,041013741,2,9,0,18,19,5,1,0,0,1,0,0,0,0,3,2,2,2,2,57,9,1560,2,4,PEUGEOT 2008,5,E01025085,0,-1
2021010296099,2021,010296099,2,9,9,18,19,7,3,0,0,1,9,0,0,0,9,1,6,6,3,53,8,1560,2,7,PEUGEOT 2008,2,E01003922,0,-1
2021320569692,2021,320569692,1,9,0,18,19,2,4,0,0,0,0,4,0,0,1,1,6,6,2,73,10,1200,1,5,PEUGEOT 2008,7,E01021662,0,-1
202131B086321,2021,31B086321,3,9,0,18,19,2,6,0,0,0,0,0,0,0,1,1,1,1,2,54,8,1200,1,6,PEUGEOT 2008,5,E01028341,0,-1
2021211106531,2021,211106531,2,9,0,2,2,1,5,0,0,0,0,0,0,0,3,1,5,6,2,38,7,1200,1,5,PEUGEOT 2008,-1,-1,0,-1
2021052101226,2021,052101226,1,9,0,5,5,8,4,0,0,8,0,0,1,10,4,1,6,6,2,52,8,1560,2,4,PEUGEOT 2008,4,E01006543,0,-1
2021440295183,2021,440295183,1,9,0,18,19,6,2,0,0,8,0,0,0,0,3,1,6,6,1,69,10,1560,2,7,PEUGEOT 2008,10,E01022572,0,-1
2021991021997,2021,991021997,1,9,0,5,5,3,8,0,0,4,0,0,0,0,1,1,2,2,2,42,7,1560,2,6,PEUGEOT 2008,-1,-1,0,-1
2021421127791,2021,421127791,1,9,0,13,13,1,5,0,0,0,0,10,0,0,1,1,6,6,2,31,6,1200,1,5,PEUGEOT 2008,-1,-1,0,-1
2021552100438,2021,552100438,2,9,0,9,9,1,7,0,0,5,0,0,1,0,3,1,2,2,2,44,7,1199,1,2,PEUGEOT 2008,6,E01020452,0,-1
2021061108591,2021,061108591,1,9,0,18,19,1,5,0,0,0,0,0,0,0,1,1,6,6,3,30,6,1200,1,2,PEUGEOT 2008,-1,-1,0,-1
2021010333053,2021,010333053,1,9,3,5,5,3,7,0,0,8,0,0,0,0,4,1,6,6,2,42,7,1200,1,0,PEUGEOT 2008,3,E01004022,0,-1
2021061079299,2021,061079299,1,9,0,18,19,3,7,0,0,8,0,0,0,0,3,1,6,6,2,60,9,1560,2,5,PEUGEOT 2008,3,E01005618,0,-1
2021141069870,2021,141069870,1,9,0,4,4,1,5,0,0,0,0,0,0,0,2,1,6,6,2,24,5,1200,1,6,PEUGEOT 2008,4,E01007415,0,-1
2021131091238,2021,131091238,4,9,0,2,2,0,0,0,0,0,0,0,0,0,3,1,6,6,3,-1,-1,1200,1,5,PEUGEOT 2008,-1,-1,0,-1
2021501024580,2021,501024580,1,9,0,18,19,5,1,0,0,8,0,0,0,0,1,1,5,6,2,51,8,1200,1,5,PEUGEOT 2008,3,E01019991,0,-1
2021440513239,2021,440513239,2,9,0,18,19,8,4,0,0,8,0,0,0,0,3,1,6,6,2,28,6,1560,2,6,PEUGEOT 2008,7,E01023057,0,-1
2021061104241,2021,061104241,1,9,0,18,19,5,1,0,0,8,0,0,0,0,2,1,6,6,1,59,9,1200,1,0,PEUGEOT 2008,1,E01005753,0,-1
2021991078378,2021,991078378,2,9,0,18,19,7,3,0,0,1,0,0,0,0,3,1,6,6,2,70,10,1200,1,2,PEUGEOT 2008,8,-1,0,-1
2021991119091,2021,991119091,2,9,0,9,9,6,1,0,0,8,0,0,0,0,3,1,5,6,1,51,8,1200,1,0,PEUGEOT 2008,8,-1,0,-1
2021552100469,2021,552100469,1,9,0,13,13,3,7,0,0,6,0,0,0,0,4,1,2,2,2,36,7,1560,2,6,PEUGEOT 2008,7,E01015413,0,-1
2021471025262,2021,471025262,1,9,0,16,19,3,6,0,0,8,1,0,0,0,1,1,2,2,2,44,7,1200,1,4,PEUGEOT 2008,9,E01031742,0,-1
2021471089210,2021,471089210,1,9,0,5,5,1,6,0,0,6,0,0,0,0,1,1,5,6,2,40,7,1200,1,3,PEUGEOT 2008,9,E01020944,0,-1
2021231032083,2021,231032083,2,9,0,4,4,2,6,0,0,1,0,0,0,0,2,1,5,6,2,68,10,1200,1,5,PEUGEOT 2008,5,E01031274,0,-1
2021522103978,2021,522103978,1,9,0,18,19,7,3,0,0,0,0,0,0,0,1,1,6,6,2,26,6,1200,1,4,PEUGEOT 2008,-1,-1,0,-1
2021440475440,2021,440475440,1,9,0,9,9,1,7,0,0,6,0,0,0,0,1,1,6,6,2,-1,-1,1200,1,7,PEUGEOT 2008,-1,-1,0,-1
2021461090922,2021,461090922,1,9,0,18,19,8,4,0,0,0,5,4,0,0,3,1,6,6,3,-1,-1,1200,1,1,PEUGEOT 2008,-1,-1,0,-1
2021201029037,2021,201029037,2,9,0,1,1,8,4,0,0,6,0,0,0,0,2,1,6,6,1,42,7,1200,1,0,PEUGEOT 2008,3,E01009544,0,-1
2021411056324,2021,411056324,2,9,0,18,19,2,6,0,0,1,0,0,0,0,1,1,6,6,2,49,8,1200,1,5,PEUGEOT 2008,6,E01023518,0,-1
202154A048321,2021,54A048321,3,9,0,2,2,0,0,0,0,0,0,0,0,0,2,1,6,6,1,-1,-1,1560,2,3,PEUGEOT 2008,3,E01031851,0,-1
2021371056020,2021,371056020,2,9,0,18,19,1,5,0,0,8,0,0,0,0,4,1,5,6,1,91,11,1498,2,2,PEUGEOT 2008,7,E01030038,0,-1
2021122101075,2021,122101075,1,9,0,18,19,5,1,0,0,1,0,0,0,0,3,1,6,6,2,31,6,1200,1,2,PEUGEOT 2008,6,E01027851,0,-1
2021141089442,2021,141089442,2,9,0,4,4,1,5,0,0,1,0,0,0,0,2,1,5,6,1,67,10,1200,1,2,PEUGEOT 2008,2,E01007364,0,-1
2021991049391,2021,991049391,1,9,0,18,19,2,6,0,0,2,0,4,0,0,1,1,5,6,2,78,11,1200,1,2,PEUGEOT 2008,10,-1,0,-1
2021052102844,2021,052102844,3,9,0,2,2,0,0,0,0,1,0,0,0,0,2,1,6,6,3,-1,-1,1200,1,4,PEUGEOT 2008,-1,-1,0,-1
2021141011423,2021,141011423,2,9,0,4,4,7,3,0,0,0,0,0,0,0,2,1,5,6,2,20,4,1200,1,7,PEUGEOT 2008,7,E01007683,0,-1
2021471032808,2021,471032808,1,9,0,5,5,3,7,9,9,1,0,0,3,11,1,1,6,6,2,75,10,1200,1,0,PEUGEOT 2008,4,E01031522,0,-1
2021201080296,2021,201080296,1,9,0,9,9,5,3,0,0,6,0,0,0,0,1,1,6,6,1,75,10,1200,1,1,PEUGEOT 2008,4,E01010324,0,-1
2021501025552,2021,501025552,1,9,0,17,19,1,5,0,0,0,0,0,2,4,1,1,5,6,1,58,9,1200,1,1,PEUGEOT 2008,5,E01020303,0,-1
2021221090977,2021,221090977,2,9,0,9,9,2,8,0,0,8,0,0,0,0,1,1,5,6,1,57,9,1560,2,4,PEUGEOT 2008,8,E01032226,0,-1
2021010341172,2021,010341172,2,9,0,99,99,9,9,99,99,0,9,99,9,99,1,9,6,6,3,-1,-1,1200,1,0,PEUGEOT 2008,8,E01016190,0,-1
2021141085438,2021,141085438,1,9,0,7,7,2,4,0,0,0,0,0,0,0,1,1,6,6,1,76,11,1200,1,3,PEUGEOT 2008,10,E01007955,0,-1
2021991100507,2021,991100507,2,9,0,18,19,3,7,0,0,3,5,0,0,0,4,1,6,6,1,70,10,1199,1,3,PEUGEOT 2008,8,-1,0,-1
2021161122370,2021,161122370,1,9,0,9,9,1,8,0,0,6,0,0,0,0,3,1,5,6,2,77,11,1199,1,3,PEUGEOT 2008,6,E01013023,0,-1
2021501022686,2021,501022686,1,9,0,9,9,1,5,0,0,6,0,0,0,0,1,1,6,6,1,50,8,1200,1,6,PEUGEOT 2008,6,E01018858,0,-1
2021320679721,2021,320679721,1,9,0,18,19,5,1,0,0,8,1,0,0,0,4,1,6,6,2,53,8,1560,2,5,PEUGEOT 2008,5,E01012804,0,-1
2021461084094,2021,461084094,1,9,0,15,15,3,7,0,0,1,0,0,0,0,1,1,6,6,1,31,6,1560,2,5,PEUGEOT 2008,3,E01016173,0,-1
2021991108379,2021,991108379,1,9,0,9,9,3,1,0,0,8,0,0,7,0,1,1,6,6,2,79,11,1498,2,2,PEUGEOT 2008,5,-1,0,-1
2021010294164,2021,010294164,1,9,9,99,99,9,9,99,99,0,9,99,9,99,2,1,6,6,1,39,7,1199,1,2,PEUGEOT 2008,3,E01001983,0,-1
2021201151625,2021,201151625,1,9,0,18,19,4,8,0,0,0,5,4,0,0,3,1,6,6,2,60,9,1200,1,1,PEUGEOT 2008,5,E01008975,0,-1
2021131124280,2021,131124280,2,9,0,18,19,1,5,0,0,1,0,0,0,0,3,1,5,6,2,34,6,1200,1,3,PEUGEOT 2008,6,E01010816,0,-1
2021201059571,2021,201059571,1,9,0,18,19,4,8,0,0,0,0,0,0,0,1,1,1,1,1,28,6,1200,1,1,PEUGEOT 2008,2,E01009405,0,-1
2021549731721,2021,549731721,4,9,0,2,2,0,0,0,0,0,0,0,0,0,0,1,6,6,1,49,8,1200,1,4,PEUGEOT 2008,2,E01015506,0,-1
2021010309898,2021,010309898,3,9,0,2,2,0,0,0,0,1,0,0,0,0,3,1,6,6,3,-1,-1,1200,1,2,PEUGEOT 2008,-1,-1,0,-1
2021201138692,2021,201138692,2,9,0,4,4,6,2,0,0,1,0,0,0,0,2,1,2,2,1,25,5,1200,1,1,PEUGEOT 2008,4,E01032152,0,-1
2021041092035,2021,041092035,4,9,0,18,19,3,7,0,0,2,0,0,0,0,2,1,5,6,2,29,6,1200,1,4,PEUGEOT 2008,3,E01025269,0,-1
2021010350659,2021,010350659,1,9,0,18,19,2,6,0,0,2,0,0,0,0,4,1,6,6,2,30,6,1200,1,1,PEUGEOT 2008,5,E01033030,0,-1
2021522101132,2021,522101132,1,9,0,18,19,4,8,0,0,1,0,0,0,0,4,1,6,6,2,61,9,1200,1,5,PEUGEOT 2008,2,E01014568,0,-1
2021371066925,2021,371066925,3,9,0,18,19,5,1,0,0,0,0,0,0,0,1,1,5,6,1,77,11,1560,2,8,PEUGEOT 2008,5,E01030138,0,-1
2021052101389,2021,052101389,2,9,0,18,19,1,5,0,0,7,0,0,0,0,1,1,2,2,2,32,6,1560,2,6,PEUGEOT 2008,5,E01012400,0,-1
2021471065828,2021,471065828,2,9,0,5,5,3,7,0,0,1,0,0,0,0,1,1,5,6,2,67,10,1200,1,1,PEUGEOT 2008,4,E01020924,0,-1
2021070047159,2021,070047159,1,9,0,9,9,3,1,0,0,6,0,0,0,0,1,1,6,6,2,-1,-1,1560,2,7,PEUGEOT 2008,-1,-1,0,-1
2021440091025,2021,440091025,2,9,0,18,19,6,2,0,0,8,0,0,0,0,4,1,6,6,1,73,10,1200,1,4,PEUGEOT 2008,7,E01022514,0,-1
2021501056043,2021,501056043,3,9,0,2,2,0,0,0,0,0,0,0,0,0,3,1,6,6,1,71,10,1560,2,6,PEUGEOT 2008,3,E01018950,0,-1
2021052100706,2021,052100706,2,9,0,18,19,5,1,0,0,8,5,0,0,0,3,1,6,6,1,28,6,1200,1,3,PEUGEOT 2008,1,E01006544,0,-1
2021141066323,2021,141066323,1,9,0,18,19,1,5,0,0,1,0,0,0,0,1,1,6,6,2,55,8,1200,1,2,PEUGEOT 2008,3,E01007540,0,-1
2021401105327,2021,401105327,2,9,0,4,4,3,7,0,0,0,0,0,0,0,1,1,3,7,2,55,8,1200,1,2,PEUGEOT 2008,9,E01018154,0,-1
2021501094491,2021,501094491,1,9,0,16,19,1,5,0,0,0,5,0,0,0,1,1,5,6,2,37,7,1560,2,6,PEUGEOT 2008,3,E01019070,0,-1
2021302100757,2021,302100757,2,9,0,18,19,2,6,0,0,4,0,0,0,0,1,1,6,6,1,57,9,1560,2,3,PEUGEOT 2008,6,E01019846,0,-1
2021501083283,2021,501083283,2,9,0,2,2,0,0,0,0,1,0,0,0,0,3,1,6,6,1,37,7,1398,2,7,PEUGEOT 2008,1,E01006775,0,-1
2021061135100,2021,061135100,1,9,0,3,3,3,7,0,0,0,0,0,0,0,2,1,5,6,2,24,5,1200,1,0,PEUGEOT 2008,1,E01005681,0,-1
2021552100817,2021,552100817,1,9,0,9,9,1,5,0,0,6,0,0,0,0,3,1,6,6,2,29,6,1560,2,7,PEUGEOT 2008,9,E01033156,0,-1
2021421054295,2021,421054295,1,9,0,18,19,5,1,0,0,0,0,0,0,0,4,1,5,6,1,67,10,1560,2,6,PEUGEOT 2008,6,E01021663,0,-1
2021991066149,2021,991066149,2,9,0,18,19,7,3,0,0,1,0,0,0,0,1,1,6,6,2,55,8,1200,1,5,PEUGEOT 2008,3,-1,0,-1
202163C079521,2021,63C079521,2,9,0,9,9,1,6,0,0,6,0,0,7,10,4,1,1,1,2,29,6,1560,2,5,PEUGEOT 2008,6,W01000575,0,-1
2021161028015,2021,161028015,3,9,0,18,19,7,3,0,0,1,0,0,0,0,1,1,5,6,1,52,8,1200,1,5,PEUGEOT 2008,7,E01013321,0,-1
2021421083954,2021,421083954,1,9,0,5,5,1,2,0,0,1,0,0,0,0,1,1,6,6,2,52,8,1560,2,7,PEUGEOT 2008,-1,-1,0,-1
2021061053193,2021,061053193,1,9,0,17,19,6,2,0,0,0,0,4,0,0,1,1,5,6,1,45,7,1200,1,6,PEUGEOT 2008,1,E01005130,0,-1
202131D137821,2021,31D137821,2,9,0,9,9,5,2,0,0,6,0,0,0,0,3,1,6,6,2,22,5,1200,1,6,PEUGEOT 2008,9,E01028394,0,-1
2021991114320,2021,991114320,1,9,0,10,10,8,6,0,0,1,0,0,0,0,3,1,2,2,2,48,8,1200,1,1,PEUGEOT 2008,9,-1,0,-1
2021061115017,2021,061115017,1,9,0,18,19,3,7,0,0,1,0,0,0,0,4,1,6,6,1,31,6,1200,1,6,PEUGEOT 2008,4,E01018646,0,-1
2021421036515,2021,421036515,1,9,0,4,4,1,5,0,0,0,0,0,0,0,1,1,1,1,1,68,10,1200,1,4,PEUGEOT 2008,9,E01021681,0,-1
2021010319356,2021,010319356,1,9,0,99,99,9,9,99,99,9,9,99,9,99,2,9,6,6,2,31,6,1200,1,1,PEUGEOT 2008,2,E01001118,0,-1
2021170H10211,2021,170H10211,2,9,0,18,19,5,1,0,0,0,0,0,5,6,4,1,1,1,1,44,7,-1,3,1,PEUGEOT 2008,9,E01033163,0,-1
2021231112743,2021,231112743,1,9,0,9,9,8,6,0,0,5,0,0,0,0,1,1,5,6,2,40,7,1200,1,8,PEUGEOT 2008,4,E01031086,0,-1
2021451127345,2021,451127345,2,9,0,18,19,1,5,0,0,0,0,0,0,0,2,1,5,6,1,57,9,1200,1,1,PEUGEOT 2008,7,E01021093,0,-1
2021201103765,2021,201103765,2,9,0,1,1,4,8,0,0,0,0,0,0,0,2,1,6,6,2,35,6,1560,2,5,PEUGEOT 2008,1,E01009362,0,-1
2021440367261,2021,440367261,1,9,0,6,6,7,3,0,0,1,0,0,0,0,3,1,3,7,2,36,7,1199,1,2,PEUGEOT 2008,5,E01022543,0,-1
2021010342511,2021,010342511,1,9,0,99,99,9,9,0,0,8,0,0,0,0,4,1,6,6,2,48,8,1200,1,0,PEUGEOT 2008,8,E01003460,0,-1
2021141034372,2021,141034372,2,9,0,18,19,5,3,0,0,0,0,0,0,0,2,1,6,6,2,37,7,1560,2,5,PEUGEOT 2008,1,E01007735,0,-1
2021991124552,2021,991124552,2,9,0,18,19,7,4,0,0,2,0,0,0,0,4,1,6,6,1,53,8,1200,1,0,PEUGEOT 2008,-1,-1,0,-1
2021052101852,2021,052101852,2,9,0,18,19,1,5,0,0,1,0,0,0,0,1,1,6,6,2,51,8,1199,1,6,PEUGEOT 2008,1,E01012419,0,-1
2021547434621,2021,547434621,3,9,0,4,4,2,6,0,0,1,0,0,0,0,2,1,6,6,1,73,10,1560,2,3,PEUGEOT 2008,6,E01014631,0,-1
2021361095398,2021,361095398,2,9,0,8,8,1,3,0,0,0,0,0,0,0,2,1,6,6,1,54,8,1560,2,7,PEUGEOT 2008,8,E01029942,0,-1
2021421052393,2021,421052393,2,9,0,18,19,6,2,0,0,0,0,0,0,0,1,1,5,6,1,20,4,1200,1,0,PEUGEOT 2008,8,E01021964,0,-1
2021041121144,2021,041121144,2,9,0,18,19,3,7,0,0,0,0,0,0,0,2,1,5,6,2,59,9,1398,2,7,PEUGEOT 2008,2,E01025140,0,-1
2021411054486,2021,411054486,2,9,0,18,19,1,5,0,0,1,0,0,0,0,3,1,5,6,2,50,8,1200,1,3,PEUGEOT 2008,7,E01023683,0,-1
2021010325098,2021,010325098,2,9,0,99,99,9,9,99,99,9,9,99,9,99,1,9,6,6,3,-1,-1,1200,1,1,PEUGEOT 2008,-1,-1,0,-1
202131C053421,2021,31C053421,4,9,0,18,19,8,4,0,0,8,0,0,0,0,3,1,6,6,1,20,4,1560,2,8,PEUGEOT 2008,2,E01010508,0,-1
202134WNC2861,2021,34WNC2861,2,9,0,18,19,7,3,0,0,0,0,0,7,0,3,1,2,2,1,57,9,1200,1,0,PEUGEOT 2008,8,E01031180,0,-1
2021440388219,2021,440388219,2,9,0,18,19,5,1,0,0,8,0,0,0,0,3,1,6,6,1,70,10,1560,2,6,PEUGEOT 2008,3,E01017019,0,-1
2021010308625,2021,010308625,1,9,0,18,19,3,7,0,0,1,0,0,0,0,1,1,6,6,1,30,6,1200,1,0,PEUGEOT 2008,8,E01000880,0,-1
2021520102349,2021,520102349,2,9,0,18,19,5,1,0,0,1,0,0,0,0,1,1,6,6,2,35,6,1199,1,3,PEUGEOT 2008,-1,-1,0,-1
2021351077822,2021,351077822,1,9,0,4,4,3,7,0,0,4,0,0,0,0,1,1,5,6,2,74,10,1200,1,4,PEUGEOT 2008,8,E01030065,0,-1
2021201116642,2021,201116642,2,9,0,3,3,5,1,0,0,0,0,0,0,0,2,1,2,2,2,62,9,1560,2,8,PEUGEOT 2008,9,E01029723,0,-1
2021221053560,2021,221053560,1,9,0,18,19,8,4,0,0,6,5,0,1,11,1,1,1,1,2,56,9,1500,2,0,PEUGEOT 2008,1,W01001738,0,-1
2021440211898,2021,440211898,1,9,0,10,10,7,5,0,0,1,0,0,0,0,2,1,6,6,2,48,8,1560,2,6,PEUGEOT 2008,6,E01032844,0,-1
2021061065882,2021,061065882,2,9,0,9,9,7,3,0,0,1,0,0,1,0,1,1,6,6,1,23,5,1200,1,7,PEUGEOT 2008,-1,-1,0,-1
2021440440899,2021,440440899,1,9,0,9,9,6,4,0,0,8,0,0,0,0,3,1,6,6,1,57,9,1200,1,2,PEUGEOT 2008,1,E01017205,0,-1
2021531084782,2021,531084782,1,9,0,9,9,2,8,0,0,4,0,0,0,0,1,1,6,6,1,50,8,1200,1,1,PEUGEOT 2008,-1,-1,0,-1
2021211068852,2021,211068852,1,9,0,4,4,2,2,0,0,0,0,0,0,0,1,1,5,6,2,26,6,1560,2,5,PEUGEOT 2008,5,E01028898,0,-1
2021421052951,2021,421052951,2,9,0,18,19,8,4,0,0,0,0,0,0,0,2,1,5,6,2,33,6,1560,2,7,PEUGEOT 2008,9,E01021654,0,-1
2021131078756,2021,131078756,2,9,0,18,19,3,7,0,0,0,0,0,0,0,3,1,5,6,2,34,6,1560,2,6,PEUGEOT 2008,1,E01010635,0,-1
2021041015754,2021,041015754,2,9,0,1,1,0,0,0,0,0,0,0,0,0,3,1,1,1,2,19,4,1200,1,5,PEUGEOT 2008,3,E01012708,0,-1
2021430296132,2021,430296132,1,9,0,18,19,3,7,0,0,1,0,0,0,0,1,1,6,6,2,32,6,1598,1,7,PEUGEOT 2008,-1,-1,0,-1
202134NNC2991,2021,34NNC2991,1,9,0,9,9,6,4,0,0,6,0,0,0,0,2,1,6,6,1,76,11,1498,2,1,PEUGEOT 2008,6,E01027045,0,-1
2021070243201,2021,070243201,2,9,0,18,19,6,2,0,0,1,1,0,0,0,3,1,6,6,1,29,6,1560,2,6,PEUGEOT 2008,4,E01018637,0,-1
2021010318104,2021,010318104,1,9,0,7,7,3,5,9,9,2,0,0,3,10,1,1,6,6,1,65,9,1200,1,5,PEUGEOT 2008,4,E01001497,0,-1
2021010350293,2021,010350293,3,9,0,2,2,0,0,0,0,8,0,0,0,0,2,1,6,6,3,-1,-1,1200,1,5,PEUGEOT 2008,-1,-1,0,-1
2021440424875,2021,440424875,2,9,0,9,9,3,1,0,0,5,0,0,0,0,3,1,6,6,2,29,6,1200,1,2,PEUGEOT 2008,7,E01017175,0,-1
2021010324955,2021,010324955,1,9,3,7,7,3,5,0,0,1,0,0,0,0,2,1,2,2,1,65,9,1200,1,0,PEUGEOT 2008,10,E01006205,0,-1
2021141067610,2021,141067610,3,9,0,18,19,4,8,0,0,0,0,0,0,0,2,1,5,6,2,71,10,1560,2,6,PEUGEOT 2008,3,E01007720,0,-1
2021547758821,2021,547758821,2,9,0,3,3,4,8,0,0,1,0,0,0,0,2,1,2,2,1,27,6,1560,2,6,PEUGEOT 2008,10,E01016299,0,-1
2021991093196,2021,991093196,2,9,0,3,3,4,1,0,0,0,0,4,0,0,2,1,5,6,1,27,6,1560,2,5,PEUGEOT 2008,9,-1,0,-1
2021221121802,2021,221121802,1,9,0,18,19,6,2,0,0,6,0,0,1,0,3,1,2,2,1,27,6,1200,1,0,PEUGEOT 2008,6,E01028971,0,-1
2021531117413,2021,531117413,2,9,0,18,19,7,3,0,0,8,0,0,0,0,1,1,5,6,2,30,6,1199,1,3,PEUGEOT 2008,3,E01022375,0,-1
2021010313293,2021,010313293,1,9,0,17,19,4,8,0,0,0,0,0,0,0,1,1,1,1,1,34,6,1560,2,4,PEUGEOT 2008,6,E01002601,0,-1
2021461100934,2021,461100934,2,9,0,4,4,3,7,0,0,0,0,0,0,0,2,1,2,2,2,26,6,1200,1,7,PEUGEOT 2008,1,E01024667,0,-1
2021991027873,2021,991027873,1,9,0,18,19,1,5,0,0,0,5,0,1,0,1,1,6,6,1,63,9,1200,1,4,PEUGEOT 2008,7,-1,0,-1
2021131111729,2021,131111729,1,9,0,18,19,1,5,0,0,0,0,0,0,0,4,1,6,6,2,35,6,1398,2,6,PEUGEOT 2008,1,E01011467,0,-1
2021622100876,2021,622100876,1,9,0,18,19,2,6,0,0,0,0,0,0,0,1,1,6,6,1,73,10,1398,2,7,PEUGEOT 2008,1,W01001955,0,-1
2021361025484,2021,361025484,2,9,0,18,19,2,6,0,0,0,0,0,0,0,1,1,2,2,1,33,6,1560,2,7,PEUGEOT 2008,8,E01033538,0,-1
2021041061900,2021,041061900,1,9,0,18,19,5,1,0,0,0,0,4,0,0,1,1,5,6,2,65,9,1199,1,2,PEUGEOT 2008,2,E01019173,0,-1
202131B104021,2021,31B104021,1,9,0,18,19,3,7,0,0,8,1,0,0,0,4,1,6,6,1,30,6,1200,1,3,PEUGEOT 2008,-1,-1,0,-1
2021461087886,2021,461087886,1,9,0,10,10,5,3,0,0,0,0,0,0,0,1,1,1,1,1,-1,-1,1560,2,7,PEUGEOT 2008,2,E01016025,0,-1
2021411043565,2021,411043565,1,9,0,4,4,1,5,0,0,1,0,0,0,0,4,1,5,6,2,82,11,1200,1,4,PEUGEOT 2008,10,E01023655,0,-1
2021041091961,2021,041091961,2,9,0,18,19,4,8,0,0,8,0,0,0,0,1,1,5,6,2,62,9,1199,1,3,PEUGEOT 2008,1,E01025297,0,-1
2021170L20461,2021,170L20461,2,9,0,18,19,1,5,0,0,0,0,0,0,0,1,1,6,6,2,32,6,1498,2,1,PEUGEOT 2008,6,E01033472,0,-1
2021010348657,2021,010348657,4,9,0,4,4,7,3,0,0,2,0,0,0,0,1,1,6,6,2,38,7,1200,1,4,PEUGEOT 2008,3,E01024480,0,-1
2021131057499,2021,131057499,1,9,0,18,19,5,1,0,0,2,0,0,0,0,1,1,3,7,2,34,6,1560,2,7,PEUGEOT 2008,9,E01011385,0,-1