collision_index,collision_year,collision_ref_no,vehicle_reference,vehicle_type,towing_and_articulation,vehicle_manoeuvre_historic,vehicle_manoeuvre,vehicle_direction_from,vehicle_direction_to,vehicle_location_restricted_lane_historic,vehicle_location_restricted_lane,junction_location,skidding_and_overturning,hit_object_in_carriageway,vehicle_leaving_carriageway,hit_object_off_carriageway,first_point_of_impact,vehicle_left_hand_drive,journey_purpose_of_driver_historic,journey_purpose_of_driver,sex_of_driver,age_of_driver,age_band_of_driver,engine_capacity_cc,propulsion_code,age_of_vehicle,generic_make_model,driver_imd_decile,lsoa_of_driver,escooter_flag,driver_distance_banding
202163A088721,2021,63A088721,1,9,0,17,19,5,2,0,0,0,5,0,8,10,1,1,6,6,2,33,6,1896,2,13,SEAT LEON,5,W01000528,0,-1
2021041104504,2021,041104504,2,9,0,18,19,3,7,0,0,1,0,0,0,0,1,1,5,6,1,20,4,1968,2,14,SEAT LEON,6,E01025330,0,-1
2021201195286,2021,201195286,2,9,0,18,19,7,3,0,0,0,0,10,0,0,4,1,6,6,1,23,5,1395,1,7,SEAT LEON,2,E01009263,0,-1
2021170L10501,2021,170L10501,2,9,0,9,9,1,7,0,0,8,0,0,0,0,3,1,6,6,1,84,11,1595,1,15,SEAT LEON,2,E01012132,0,-1
2021041029866,2021,041029866,1,9,0,5,5,5,1,0,0,2,0,0,1,0,1,1,2,2,2,23,5,1197,1,9,SEAT LEON,7,E01025489,0,-1
2021131058126,2021,131058126,3,9,0,3,3,1,5,0,0,1,0,0,0,0,4,1,6,6,2,58,9,1598,2,5,SEAT LEON,5,E01010951,0,-1
2021122100210,2021,122100210,2,9,0,17,19,3,8,0,0,0,0,0,1,0,3,1,1,1,1,48,8,1968,2,4,SEAT LEON,8,E01027635,0,-1
2021451106833,2021,451106833,2,9,0,18,19,2,6,0,0,0,0,0,0,0,2,1,2,2,2,53,8,1798,1,4,SEAT LEON,6,E01022640,0,-1
2021991060866,2021,991060866,2,9,0,18,19,5,4,0,0,1,0,0,0,0,1,1,2,2,1,19,4,1395,1,3,SEAT LEON,-1,-1,0,-1
2021141061260,2021,141061260,2,9,0,18,19,5,2,0,0,0,0,0,0,0,1,1,6,6,3,-1,-1,1595,1,14,SEAT LEON,-1,-1,0,-1
2021141072423,2021,141072423,2,9,0,18,19,7,2,0,0,1,0,0,0,0,1,1,6,6,1,23,5,1968,2,13,SEAT LEON,1,E01008092,0,-1
2021451035650,2021,451035650,1,9,0,18,19,6,2,0,0,3,1,0,8,2,1,1,6,6,1,37,7,1968,2,7,SEAT LEON,5,E01030739,0,-1
2021991040831,2021,991040831,2,9,0,7,7,2,5,0,0,0,0,0,0,0,4,1,5,6,1,47,8,1598,2,11,SEAT LEON,3,-1,0,-1
2021501107145,2021,501107145,2,9,0,3,3,1,5,0,0,0,0,0,0,0,2,1,2,2,2,48,8,1896,2,12,SEAT LEON,4,E01020057,0,-1
2021131113907,2021,131113907,1,9,0,18,19,7,3,0,0,6,0,0,0,0,1,1,6,6,3,-1,-1,1968,2,15,SEAT LEON,-1,-1,0,-1
2021131081722,2021,131081722,1,9,0,18,19,3,7,0,0,1,0,0,0,0,1,1,5,6,1,27,6,1896,2,12,SEAT LEON,1,E01010832,0,-1
2021061116857,2021,061116857,2,9,0,18,19,8,6,0,0,1,0,0,0,0,1,1,5,6,1,32,6,1197,1,6,SEAT LEON,2,E01005221,0,-1
2021041045804,2021,041045804,3,9,0,18,19,3,7,0,0,0,0,0,0,0,4,1,5,6,1,23,5,1968,2,15,SEAT LEON,2,E01025072,0,-1
2021501060555,2021,501060555,2,9,0,18,19,8,4,0,0,8,0,0,7,11,1,1,2,2,1,43,7,1968,2,14,SEAT LEON,8,E01015111,0,-1
2021170M10511,2021,170M10511,1,9,0,9,9,7,5,0,0,8,0,0,1,2,1,1,6,6,2,23,5,1896,2,12,SEAT LEON,1,E01033468,0,-1
2021131098789,2021,131098789,1,9,0,-1,-1,-1,-1,-1,-1,-1,-1,-1,-1,-1,-1,1,6,6,3,-1,-1,1598,2,7,SEAT LEON,-1,-1,0,-1
2021991102428,2021,991102428,1,9,0,5,5,3,1,0,0,5,0,0,0,0,3,1,6,6,1,45,7,1598,2,7,SEAT LEON,4,-1,0,-1
2021122100470,2021,122100470,1,9,0,17,19,5,1,0,0,0,1,0,8,10,4,1,6,6,1,27,6,1968,2,15,SEAT LEON,5,E01027843,0,-1
2021991035053,2021,991035053,1,9,0,9,9,7,5,0,0,8,0,0,0,0,4,1,6,6,1,37,7,1598,2,4,SEAT LEON,7,-1,0,-1
2021131045089,2021,131045089,1,9,0,1,1,5,1,0,0,8,0,0,0,0,-1,1,6,6,3,-1,-1,1498,1,2,SEAT LEON,-1,-1,0,-1
2021101122191,2021,101122191,1,9,0,4,4,3,7,0,0,0,0,0,0,0,1,1,6,6,3,-1,-1,1896,2,13,SEAT LEON,-1,-1,0,-1
2021522104091,2021,522104091,3,9,0,18,19,2,6,0,0,0,0,0,0,0,1,1,6,6,1,37,7,1968,2,14,SEAT LEON,2,E01014659,0,-1
2021111132117,2021,111132117,1,9,0,9,9,1,3,0,0,1,0,0,0,0,1,1,6,6,1,47,8,999,1,0,SEAT LEON,3,E01012355,0,-1
2021522100316,2021,522100316,2,9,0,99,99,9,9,0,0,0,0,0,0,0,1,1,6,6,3,-1,-1,1896,2,15,SEAT LEON,-1,-1,0,-1
2021471080513,2021,471080513,3,9,0,9,9,5,3,0,0,8,0,0,0,0,3,1,5,6,2,28,6,1968,2,7,SEAT LEON,5,E01031599,0,-1
2021991102485,2021,991102485,1,9,0,18,19,7,3,0,0,2,0,0,0,0,1,2,6,6,1,50,8,1896,2,15,SEAT LEON,3,-1,0,-1
2021141069863,2021,141069863,2,9,0,18,19,1,1,0,0,0,0,0,1,2,3,1,6,6,3,-1,-1,1968,2,9,SEAT LEON,-1,-1,0,-1
2021061026782,2021,061026782,1,9,0,18,19,1,5,0,0,4,0,0,0,0,0,1,5,6,1,27,6,1896,2,12,SEAT LEON,1,E01005681,0,-1
202163C104521,2021,63C104521,1,9,0,10,10,6,4,0,0,8,0,0,0,0,2,1,6,6,2,43,7,1896,2,12,SEAT LEON,3,W01000588,0,-1
2021010342029,2021,010342029,2,9,0,18,19,5,1,0,0,2,0,0,0,0,0,1,6,6,3,-1,-1,1390,1,12,SEAT LEON,-1,-1,0,-1
2021440500763,2021,440500763,1,9,0,18,19,1,5,0,0,0,0,0,0,0,2,1,6,6,2,62,9,1498,8,0,SEAT LEON,5,E01023015,0,-1
2021411092122,2021,411092122,1,9,0,1,1,7,3,0,0,6,1,0,0,0,1,1,6,6,1,34,6,1968,2,15,SEAT LEON,4,E01023951,0,-1
202131B077121,2021,31B077121,1,9,0,7,7,6,1,0,0,6,0,0,0,0,3,1,6,6,1,22,5,1896,2,14,SEAT LEON,2,E01019523,0,-1
2021201084082,2021,201084082,1,9,0,16,19,7,3,0,0,0,2,10,7,2,1,1,6,6,1,29,6,1984,1,13,SEAT LEON,4,E01031052,0,-1
2021061071279,2021,061071279,1,9,0,7,7,5,1,0,0,6,0,0,0,0,1,1,6,6,2,18,4,1896,2,15,SEAT LEON,2,E01005960,0,-1
2021061053114,2021,061053114,2,9,0,3,3,5,1,0,0,4,0,0,0,0,2,1,6,6,1,36,7,1598,2,8,SEAT LEON,9,E01005038,0,-1
2021010330679,2021,010330679,3,9,0,18,19,1,5,0,0,0,0,0,0,0,1,1,6,6,1,23,5,1197,1,6,SEAT LEON,9,E01030554,0,-1
2021010346521,2021,010346521,2,9,0,18,19,2,6,0,0,0,0,0,0,0,1,1,6,6,1,22,5,1595,1,13,SEAT LEON,2,E01004233,0,-1
2021111091360,2021,111091360,1,9,0,18,19,6,3,0,0,0,0,0,0,0,1,1,6,6,3,40,7,1395,1,8,SEAT LEON,-1,-1,0,-1
2021141035593,2021,141035593,2,9,0,2,2,0,0,6,6,0,0,0,0,0,2,1,6,6,3,-1,-1,999,1,0,SEAT LEON,-1,-1,0,-1
2021131062585,2021,131062585,1,9,0,13,13,5,1,0,0,0,5,0,1,0,1,1,5,6,1,33,6,1598,2,5,SEAT LEON,7,E01008721,0,-1
2021201062726,2021,201062726,1,9,0,18,19,4,8,0,0,8,0,7,1,2,1,1,6,6,1,29,6,1984,1,1,SEAT LEON,7,E01010123,0,-1
2021461096726,2021,461096726,2,9,0,13,13,5,1,0,0,0,1,11,0,0,2,1,5,6,1,69,10,1395,1,4,SEAT LEON,6,E01016943,0,-1
2021201040230,2021,201040230,1,9,0,18,19,4,8,0,0,8,0,0,0,0,1,1,6,6,1,22,5,1598,2,7,SEAT LEON,2,E01010036,0,-1
2021161027589,2021,161027589,2,9,0,18,19,2,6,0,0,8,0,0,0,0,1,1,2,2,1,27,6,1896,2,20,SEAT LEON,1,E01012782,0,-1
2021320360494,2021,320360494,1,9,0,17,19,8,6,0,0,0,0,0,1,2,1,1,6,6,1,21,5,1968,2,3,SEAT LEON,3,E01007773,0,-1
2021302101638,2021,302101638,1,9,0,4,4,4,8,0,0,8,0,0,0,0,4,1,6,6,1,79,11,1498,1,1,SEAT LEON,5,E01007909,0,-1
2021010300707,2021,010300707,1,9,0,6,6,1,1,0,0,0,0,0,0,0,4,1,2,2,1,26,6,1598,2,7,SEAT LEON,3,E01032574,0,-1
2021371113078,2021,371113078,2,9,0,18,19,2,5,0,0,0,0,0,0,0,3,1,5,6,2,43,7,1798,1,7,SEAT LEON,10,E01030195,0,-1
2021361062784,2021,361062784,2,9,0,18,19,7,3,0,0,1,0,0,0,0,1,1,5,6,1,38,7,1598,2,2,SEAT LEON,4,E01030231,0,-1
2021991037035,2021,991037035,2,9,0,4,4,6,1,0,0,0,0,0,0,0,2,1,6,6,2,36,7,1197,1,8,SEAT LEON,1,-1,0,-1
2021411063733,2021,411063733,2,9,0,18,19,7,3,0,0,0,0,0,0,0,1,1,5,6,1,27,6,1781,1,18,SEAT LEON,4,E01023785,0,-1
2021201061386,2021,201061386,4,9,0,2,2,0,0,0,0,0,0,4,0,0,1,1,5,6,1,28,6,1968,2,7,SEAT LEON,-1,-1,0,-1
2021991117295,2021,991117295,1,9,0,18,19,8,4,0,0,0,0,0,0,0,1,1,1,1,1,32,6,999,1,4,SEAT LEON,10,-1,0,-1
2021320544824,2021,320544824,1,9,0,4,4,8,4,0,0,0,0,0,1,9,2,1,6,6,1,29,6,1197,1,5,SEAT LEON,5,E01019658,0,-1
2021501092163,2021,501092163,1,9,0,18,19,7,3,0,0,0,0,0,0,0,4,1,5,6,1,34,6,1395,1,8,SEAT LEON,10,E01018724,0,-1
2021061099665,2021,061099665,4,9,0,3,3,6,2,0,0,1,0,0,0,0,2,1,5,6,3,30,6,1598,2,4,SEAT LEON,-1,-1,0,-1
2021231042439,2021,231042439,2,9,0,18,19,7,3,0,0,0,0,0,0,0,4,1,2,2,1,38,7,1197,1,7,SEAT LEON,6,E01031146,0,-1
2021138291494,2021,138291494,2,9,0,18,19,3,7,0,0,0,0,0,0,0,1,1,6,6,1,18,4,1598,2,8,SEAT LEON,5,E01011648,0,-1
2021351075828,2021,351075828,3,9,0,4,4,-1,-1,0,0,1,0,0,0,0,2,1,6,6,2,38,7,1896,2,12,SEAT LEON,10,E01018305,0,-1
2021131038843,2021,131038843,2,9,0,18,19,1,5,0,0,8,0,0,0,0,4,2,5,6,1,22,5,1390,1,10,SEAT LEON,3,E01010998,0,-1
2021121054039,2021,121054039,1,9,0,18,19,1,5,0,0,0,0,0,0,0,0,1,5,6,1,20,4,1598,2,8,SEAT LEON,5,E01007682,0,-1
2021501018418,2021,501018418,1,9,0,18,19,2,6,0,0,3,1,9,1,0,1,1,2,2,2,56,9,1968,2,7,SEAT LEON,7,E01019025,0,-1
2021131087274,2021,131087274,3,9,0,2,2,0,0,0,0,2,0,0,0,0,3,1,6,6,3,-1,-1,1595,1,12,SEAT LEON,-1,-1,0,-1
2021501017102,2021,501017102,2,9,0,3,3,5,1,0,0,0,0,0,0,0,3,1,5,6,2,44,7,1595,1,16,SEAT LEON,3,E01015060,0,-1
2021201177551,2021,201177551,2,9,0,18,19,3,7,0,0,8,0,10,7,0,2,1,6,6,3,20,4,1390,1,9,SEAT LEON,1,E01009491,0,-1
2021131043279,2021,131043279,4,9,0,2,2,0,0,0,0,8,0,0,0,0,2,1,6,6,3,-1,-1,1595,1,14,SEAT LEON,-1,-1,0,-1
2021302101667,2021,302101667,1,9,0,4,4,8,4,0,0,1,0,0,0,0,2,1,2,2,1,45,7,1197,1,9,SEAT LEON,2,E01019453,0,-1
2021221022652,2021,221022652,2,9,0,7,7,4,5,0,0,6,0,0,0,0,1,1,2,2,1,35,6,1896,2,18,SEAT LEON,5,E01014079,0,-1
2021430423930,2021,430423930,2,9,0,18,19,4,8,0,0,2,0,0,0,0,1,1,3,7,2,24,5,1595,1,14,SEAT LEON,8,E01028614,0,-1
2021061069573,2021,061069573,2,9,0,18,19,7,3,0,0,1,0,0,0,0,1,1,6,6,1,34,6,1968,2,11,SEAT LEON,1,E01005613,0,-1
2021201087031,2021,201087031,2,9,0,9,9,2,8,0,0,5,0,0,0,0,3,1,6,6,2,31,6,1968,2,7,SEAT LEON,3,E01010480,0,-1
2021991040429,2021,991040429,1,9,0,7,7,7,2,4,4,1,0,0,0,0,4,1,3,7,2,35,6,1798,1,3,SEAT LEON,1,-1,0,-1
2021201078660,2021,201078660,2,9,0,18,19,6,2,0,0,8,0,0,0,0,4,1,6,6,1,21,5,1968,2,10,SEAT LEON,-1,-1,0,-1
2021101057260,2021,101057260,2,9,0,18,19,1,5,0,0,8,0,0,0,0,1,1,6,6,2,40,7,1498,1,2,SEAT LEON,4,E01008308,0,-1
2021061116740,2021,061116740,1,9,0,18,19,2,7,0,0,4,0,0,0,0,1,1,6,6,2,56,9,1598,2,10,SEAT LEON,10,E01004807,0,-1
2021221132980,2021,221132980,3,9,0,10,10,5,3,0,0,8,0,0,0,0,1,1,5,6,1,58,9,1598,2,7,SEAT LEON,9,E01014170,0,-1
2021131116866,2021,131116866,2,9,0,18,19,3,7,0,0,0,1,0,2,0,4,1,6,6,1,19,4,1984,1,3,SEAT LEON,6,E01011586,0,-1
2021141042335,2021,141042335,3,9,0,2,2,0,0,6,6,2,0,0,0,0,2,1,6,6,3,-1,-1,1498,1,3,SEAT LEON,-1,-1,0,-1
2021461110893,2021,461110893,1,9,0,18,19,8,4,0,0,0,0,0,0,0,1,1,2,2,1,38,7,1968,2,5,SEAT LEON,6,E01024371,0,-1
2021302102108,2021,302102108,2,9,0,18,19,8,4,0,0,1,0,0,0,0,1,1,6,6,1,57,9,1598,2,3,SEAT LEON,3,E01013470,0,-1
2021501077604,2021,501077604,1,9,0,18,19,1,5,0,0,8,0,0,0,0,1,1,5,6,1,37,7,1968,2,4,SEAT LEON,9,E01019017,0,-1
2021201139709,2021,201139709,2,9,0,18,19,8,4,0,0,8,1,10,7,0,1,1,6,6,1,26,6,1968,2,6,SEAT LEON,4,E01009921,0,-1
2021461083090,2021,461083090,2,9,0,2,2,0,0,0,0,0,0,0,0,0,3,1,6,6,2,-1,-1,999,1,1,SEAT LEON,8,E01021171,0,-1
2021302102119,2021,302102119,2,9,0,18,19,8,4,0,0,0,0,0,0,0,0,1,6,6,3,-1,-1,1498,1,2,SEAT LEON,5,E01019456,0,-1
2021440242486,2021,440242486,1,9,0,18,19,7,3,0,0,0,0,0,0,0,1,1,6,6,1,46,8,1798,1,4,SEAT LEON,4,E01017289,0,-1
2021201143367,2021,201143367,1,9,0,5,5,6,2,0,0,0,0,0,0,0,2,1,6,6,2,27,6,1598,2,5,SEAT LEON,7,E01032590,0,-1
2021451018714,2021,451018714,2,9,0,18,19,1,1,0,0,0,0,0,0,0,1,1,6,6,2,37,7,1984,1,14,SEAT LEON,2,E01023108,0,-1
2021061025554,2021,061025554,2,9,0,5,5,1,1,0,0,1,0,0,0,0,1,1,6,6,1,25,5,1598,2,9,SEAT LEON,4,E01005710,0,-1
2021041192500,2021,041192500,1,9,0,9,9,1,5,0,0,0,0,0,0,0,3,1,5,6,1,21,5,1968,2,10,SEAT LEON,4,E01025187,0,-1
2021201036956,2021,201036956,2,9,0,18,19,4,8,0,0,8,0,10,1,2,4,1,1,1,1,-1,-1,1968,2,10,SEAT LEON,-1,-1,0,-1
2021421042558,2021,421042558,2,9,0,3,3,1,7,0,0,2,0,0,0,0,2,1,5,6,2,29,6,1395,1,4,SEAT LEON,3,E01021391,0,-1
2021201109277,2021,201109277,3,9,0,2,2,0,0,0,0,2,0,0,0,0,1,1,5,6,1,22,5,1395,1,4,SEAT LEON,-1,-1,0,-1
2021052102667,2021,052102667,2,9,0,18,19,4,8,0,0,8,0,0,0,0,1,1,6,6,1,38,7,1968,2,12,SEAT LEON,2,E01006956,0,-1
2021471126182,2021,471126182,2,9,0,18,19,1,5,0,0,1,0,0,0,0,4,1,5,6,2,34,6,1498,1,2,SEAT LEON,6,E01031586,0,-1
2021041057483,2021,041057483,2,9,0,18,19,7,3,0,0,1,0,0,0,0,2,1,5,6,1,39,7,1390,1,12,SEAT LEON,6,E01024949,0,-1
2021031046517,2021,031046517,1,9,0,18,19,4,8,0,0,0,1,0,8,10,1,1,5,6,1,25,5,1968,2,9,SEAT LEON,1,E01019248,0,-1
2021010347388,2021,010347388,2,9,0,99,99,9,9,99,99,9,9,99,9,99,9,9,6,6,1,21,5,1498,1,2,SEAT LEON,1,E01002588,0,-1
2021041085989,2021,041085989,1,9,0,5,5,4,2,0,0,8,0,0,0,0,1,1,2,2,2,39,7,1598,2,8,SEAT LEON,2,E01012605,0,-1
2021201032364,2021,201032364,1,9,0,5,5,6,4,0,0,6,0,0,0,0,1,1,2,2,1,29,6,1598,2,6,SEAT LEON,2,E01010560,0,-1
2021010320616,2021,010320616,2,9,0,18,19,7,3,0,0,8,0,0,0,0,1,1,2,2,1,30,6,1968,2,15,SEAT LEON,3,E01001578,0,-1
2021201071917,2021,201071917,1,9,0,18,19,2,6,0,0,8,0,0,0,0,4,1,6,6,2,20,4,1197,1,3,SEAT LEON,2,E01010344,0,-1
2021161076420,2021,161076420,2,9,0,18,19,1,5,0,0,0,1,0,0,0,1,1,5,6,2,33,6,1984,1,14,SEAT LEON,1,E01013279,0,-1
2021201044975,2021,201044975,1,9,0,18,19,6,2,0,0,2,0,10,1,10,3,1,6,6,3,-1,-1,1598,2,3,SEAT LEON,-1,-1,0,-1
2021622100108,2021,622100108,3,9,0,18,19,6,2,0,0,0,0,0,0,0,1,1,6,6,1,49,8,1595,1,13,SEAT LEON,8,W01001047,0,-1
2021201092678,2021,201092678,1,9,0,18,19,8,4,0,0,8,0,0,0,0,1,1,6,6,1,-1,-1,1968,2,10,SEAT LEON,-1,-1,0,-1
2021411029896,2021,411029896,2,9,0,5,5,1,5,0,0,2,1,0,7,0,2,1,6,6,1,22,5,1968,2,13,SEAT LEON,10,E01023710,0,-1
2021201140105,2021,201140105,1,9,0,9,9,7,5,0,0,5,0,0,0,0,1,1,6,6,1,41,7,1968,2,7,SEAT LEON,1,E01010286,0,-1
2021440172329,2021,440172329,1,9,0,6,6,8,8,0,0,0,0,0,0,0,3,1,6,6,2,54,8,1968,2,4,SEAT LEON,8,E01023016,0,-1
2021041026065,2021,041026065,1,9,0,18,19,7,3,0,0,1,0,0,8,0,1,1,5,6,1,23,5,1984,1,14,SEAT LEON,1,E01012577,0,-1
2021010335822,2021,010335822,2,9,0,18,19,7,3,0,0,0,0,0,0,0,1,1,6,6,1,44,7,1395,1,6,SEAT LEON,4,E01023447,0,-1
20211381K1365,2021,1381K1365,1,9,0,7,7,7,3,0,0,5,0,0,0,0,1,1,6,6,1,36,7,1390,1,13,SEAT LEON,1,E01010677,0,-1
2021622100198,2021,622100198,2,9,0,18,19,8,4,0,0,8,0,0,0,0,1,1,6,6,1,23,5,1598,2,6,SEAT LEON,3,W01001014,0,-1
2021471092414,2021,471092414,2,9,0,2,2,0,0,0,0,1,0,0,1,0,3,1,6,6,3,-1,-1,1498,8,0,SEAT LEON,-1,-1,0,-1
2021361100010,2021,361100010,1,9,0,18,19,7,3,0,0,0,0,0,0,0,1,1,5,6,2,56,9,1598,2,7,SEAT LEON,5,E01026438,0,-1
2021131076631,2021,131076631,1,9,0,18,19,3,7,0,0,1,1,10,0,0,3,1,5,6,1,41,7,1968,2,12,SEAT LEON,1,E01011426,0,-1
2021161052694,2021,161052694,2,9,0,18,19,2,6,0,0,0,0,0,0,0,1,1,5,6,1,58,9,1395,1,7,SEAT LEON,5,E01013009,0,-1
2021010307298,2021,010307298,1,9,0,9,9,5,2,4,4,1,0,0,0,0,4,1,1,1,2,25,5,999,1,4,SEAT LEON,10,E01030355,0,-1
2021430562342,2021,430562342,1,9,0,9,9,5,3,0,0,8,0,0,0,0,1,1,6,6,1,21,5,1968,2,11,SEAT LEON,-1,-1,0,-1
2021201116935,2021,201116935,2,9,0,18,19,6,2,0,0,8,0,0,0,0,4,1,6,6,1,52,8,1598,2,4,SEAT LEON,10,E01009807,0,-1
2021010294464,2021,010294464,1,9,0,18,19,3,7,0,0,0,0,0,0,0,1,1,1,1,1,39,7,1984,1,1,SEAT LEON,2,E01000008,0,-1
2021201054245,2021,201054245,1,9,0,18,19,4,8,0,0,1,0,0,0,0,4,1,6,6,2,21,5,1390,1,12,SEAT LEON,1,E01009384,0,-1
2021201118300,2021,201118300,1,9,0,17,19,6,4,0,0,8,0,0,0,0,3,1,6,6,3,-1,-1,1968,2,10,SEAT LEON,-1,-1,0,-1
2021430014842,2021,430014842,2,9,0,8,8,1,4,0,0,2,0,0,0,0,2,1,6,6,1,49,8,1395,1,3,SEAT LEON,8,E01016789,0,-1
2021061110229,2021,061110229,2,9,0,6,6,2,4,0,0,8,0,0,0,0,3,1,6,6,1,32,6,1595,1,15,SEAT LEON,1,E01005063,0,-1
2021430523193,2021,430523193,2,9,0,18,19,6,2,0,0,8,0,0,0,0,1,1,1,1,1,30,6,1968,2,14,SEAT LEON,3,E01002526,0,-1
2021101060504,2021,101060504,2,9,0,18,19,4,6,0,0,0,0,0,0,0,1,1,2,2,1,22,5,1197,1,7,SEAT LEON,-1,-1,0,-1
2021501087354,2021,501087354,2,9,0,16,19,6,2,0,0,0,0,0,7,0,4,1,6,6,1,75,10,1498,1,1,SEAT LEON,8,E01018848,0,-1
2021991026237,2021,991026237,1,9,0,17,19,5,1,0,0,0,1,4,0,0,1,1,5,6,2,26,6,1598,2,9,SEAT LEON,2,-1,0,-1
2021302101615,2021,302101615,1,9,0,18,19,8,4,0,0,0,0,0,2,11,1,1,6,6,1,23,5,1598,2,4,SEAT LEON,1,E01013456,0,-1
2021421078953,2021,421078953,2,9,0,18,19,1,1,0,0,0,0,0,0,0,3,1,1,1,1,20,4,1498,1,1,SEAT LEON,3,E01002311,0,-1
2021041102429,2021,041102429,1,9,0,17,19,8,2,0,0,1,1,0,1,11,1,1,5,6,1,25,5,1598,2,5,SEAT LEON,1,E01006755,0,-1
2021010292359,2021,010292359,2,9,0,2,2,0,0,0,0,0,0,0,0,0,2,1,6,6,3,-1,-1,1197,1,7,SEAT LEON,-1,-1,0,-1
2021161082969,2021,161082969,1,9,0,4,4,8,4,0,0,0,1,0,1,9,1,1,2,2,1,21,5,1598,2,8,SEAT LEON,7,E01013150,0,-1
2021010293813,2021,010293813,1,9,0,18,19,4,8,0,0,1,0,0,0,0,1,1,6,6,1,28,6,1798,1,7,SEAT LEON,1,E01032887,0,-1
2021101055166,2021,101055166,1,9,0,5,5,5,2,0,0,6,0,0,0,0,1,1,5,6,1,69,10,1598,1,19,SEAT LEON,7,E01008473,0,-1
2021131057597,2021,131057597,3,9,0,3,3,7,3,0,0,0,0,0,0,0,2,1,5,6,1,24,5,1598,2,10,SEAT LEON,1,E01011001,0,-1
2021070442717,2021,070442717,1,9,0,16,19,1,5,0,0,0,0,0,0,0,1,1,6,6,1,14,3,1968,2,15,SEAT LEON,2,E01005389,0,-1
2021991043215,2021,991043215,1,9,0,13,13,7,2,0,0,1,0,0,0,0,1,1,5,6,1,22,5,1896,2,14,SEAT LEON,2,-1,0,-1
2021520103640,2021,520103640,1,9,0,18,19,8,4,0,0,0,0,0,1,4,4,1,2,2,1,25,5,1968,2,8,SEAT LEON,6,E01029321,0,-1
2021161031853,2021,161031853,4,9,0,2,2,0,0,0,0,0,0,0,0,0,3,1,6,6,3,-1,-1,1781,1,16,SEAT LEON,-1,-1,0,-1
2021201023852,2021,201023852,1,9,0,6,6,8,8,0,0,1,1,0,0,0,2,1,6,6,3,30,6,1968,2,11,SEAT LEON,-1,-1,0,-1
2021440142174,2021,440142174,2,9,0,9,9,2,7,0,0,1,0,0,0,0,3,1,6,6,1,85,11,1197,1,5,SEAT LEON,10,E01022888,0,-1
2021440480881,2021,440480881,2,9,0,3,3,1,5,0,0,0,0,0,0,0,2,1,2,2,1,28,6,1968,2,11,SEAT LEON,1,E01022905,0,-1
2021010315436,2021,010315436,1,9,0,18,19,8,4,0,0,8,0,0,0,0,1,1,1,1,1,59,9,1598,2,1,SEAT LEON,5,E01000398,0,-1
2021131073008,2021,131073008,2,9,0,18,19,7,3,0,0,0,0,0,0,0,2,1,6,6,2,47,8,1896,2,13,SEAT LEON,1,E01010831,0,-1
2021041041116,2021,041041116,1,9,0,16,19,5,1,0,0,4,0,0,7,7,1,1,6,6,3,-1,-1,1984,1,4,SEAT LEON,-1,-1,0,-1
202154C396621,2021,54C396621,2,9,0,18,19,5,1,0,0,0,0,0,0,0,2,1,6,6,1,26,6,1984,1,4,SEAT LEON,5,E01031867,0,-1
2021041045677,2021,041045677,1,9,0,16,19,3,7,0,0,2,1,0,0,0,1,1,5,6,1,20,4,1598,2,11,SEAT LEON,2,E01012608,0,-1
2021161080661,2021,161080661,1,9,0,3,3,1,5,0,0,0,0,0,0,0,2,1,6,6,1,33,6,1984,1,14,SEAT LEON,4,E01012883,0,-1
2021041041043,2021,041041043,2,9,0,2,2,0,0,0,0,1,1,0,1,11,3,1,6,6,3,-1,-1,1197,1,9,SEAT LEON,-1,-1,0,-1
2021201084694,2021,201084694,3,9,0,2,2,0,0,9,9,2,0,0,0,0,3,1,5,6,1,-1,-1,1896,2,14,SEAT LEON,-1,-1,0,-1
2021061050601,2021,061050601,1,9,0,18,19,1,5,0,0,8,0,0,0,0,3,1,6,6,3,20,4,1395,1,7,SEAT LEON,-1,-1,0,-1
2021991119646,2021,991119646,2,9,0,15,15,8,4,0,0,0,0,0,1,0,1,1,6,6,1,21,5,1968,2,9,SEAT LEON,7,-1,0,-1
2021451039488,2021,451039488,2,9,0,18,19,7,2,0,0,1,0,0,0,0,1,1,6,6,1,36,7,1968,2,10,SEAT LEON,10,E01030891,0,-1
2021451110156,2021,451110156,1,9,0,9,9,7,4,0,0,6,0,0,0,0,1,1,5,6,1,56,9,1598,2,6,SEAT LEON,10,E01030937,0,-1
2021501018575,2021,501018575,1,9,0,15,15,1,5,0,0,0,0,4,0,0,1,1,5,6,1,39,7,1595,1,12,SEAT LEON,3,E01018932,0,-1
2021461036686,2021,461036686,1,9,0,18,19,7,3,0,0,0,0,0,1,10,1,1,6,6,1,27,6,1598,2,3,SEAT LEON,4,E01016071,0,-1
2021361090414,2021,361090414,1,9,0,18,19,4,8,0,0,4,0,0,0,0,1,1,5,6,1,20,4,1598,2,6,SEAT LEON,4,E01026589,0,-1
2021061043019,2021,061043019,2,9,0,18,19,7,3,0,0,1,0,0,0,0,1,1,6,6,1,30,6,1896,2,13,SEAT LEON,-1,-1,0,-1
2021501136040,2021,501136040,2,9,0,18,19,3,7,0,0,1,1,0,0,0,1,1,6,6,1,36,7,1896,2,16,SEAT LEON,3,E01029867,0,-1