collision_index,collision_year,collision_ref_no,vehicle_reference,vehicle_type,towing_and_articulation,vehicle_manoeuvre_historic,vehicle_manoeuvre,vehicle_direction_from,vehicle_direction_to,vehicle_location_restricted_lane_historic,vehicle_location_restricted_lane,junction_location,skidding_and_overturning,hit_object_in_carriageway,vehicle_leaving_carriageway,hit_object_off_carriageway,first_point_of_impact,vehicle_left_hand_drive,journey_purpose_of_driver_historic,journey_purpose_of_driver,sex_of_driver,age_of_driver,age_band_of_driver,engine_capacity_cc,propulsion_code,age_of_vehicle,generic_make_model,driver_imd_decile,lsoa_of_driver,escooter_flag,driver_distance_banding
2021531040710,2021,531040710,2,9,0,5,5,5,1,9,9,2,0,0,0,0,4,1,5,6,2,54,8,1968,2,5,VOLKSWAGEN TIGUAN,6,E01022249,0,-1
2021471046222,2021,471046222,1,9,0,9,9,7,5,0,0,8,0,0,0,0,1,1,6,6,2,61,9,1968,2,2,VOLKSWAGEN TIGUAN,9,E01016999,0,-1
2021101073401,2021,101073401,1,9,0,18,19,7,3,0,0,4,5,0,0,0,4,1,5,6,2,40,7,1968,2,2,VOLKSWAGEN TIGUAN,1,E01008426,0,-1
2021111030546,2021,111030546,1,9,0,18,19,8,4,0,0,0,0,0,0,0,1,1,6,6,1,57,9,1968,2,0,VOLKSWAGEN TIGUAN,4,E01020872,0,-1
2021010289317,2021,010289317,1,9,0,18,19,7,3,0,0,0,0,0,0,0,1,1,6,6,2,31,6,1498,1,1,VOLKSWAGEN TIGUAN,5,E01000264,0,-1
2021010318825,2021,010318825,3,9,0,2,2,0,0,0,0,0,0,0,0,0,0,1,6,6,3,-1,-1,1498,1,1,VOLKSWAGEN TIGUAN,-1,-1,0,-1
2021070208527,2021,070208527,2,9,0,18,19,5,1,0,0,8,0,0,0,0,1,1,6,6,2,23,5,1968,2,4,VOLKSWAGEN TIGUAN,10,E01018419,0,-1
2021061103578,2021,061103578,2,9,0,18,19,5,1,0,0,0,0,0,0,0,2,1,5,6,2,40,7,1968,2,3,VOLKSWAGEN TIGUAN,3,E01004772,0,-1
2021010351633,2021,010351633,3,9,0,3,3,7,3,0,0,0,0,0,0,0,2,1,6,6,1,42,7,1968,2,0,VOLKSWAGEN TIGUAN,3,E01003575,0,-1
2021041120721,2021,041120721,1,9,0,9,9,1,6,0,0,8,0,0,0,0,1,1,5,6,1,56,9,1498,1,0,VOLKSWAGEN TIGUAN,9,E01024994,0,-1
2021131113455,2021,131113455,1,9,0,5,5,3,7,0,0,8,0,0,0,0,3,1,5,6,2,37,7,1968,2,3,VOLKSWAGEN TIGUAN,4,E01010601,0,-1
2021320705928,2021,320705928,1,9,0,9,9,2,8,0,0,8,5,0,0,0,4,2,6,6,2,65,9,1968,2,7,VOLKSWAGEN TIGUAN,9,E01015635,0,-1
2021010345300,2021,010345300,1,9,0,3,3,7,3,0,0,2,0,0,0,0,2,1,6,6,1,40,7,1968,2,1,VOLKSWAGEN TIGUAN,7,E01021546,0,-1
2021131040992,2021,131040992,2,9,0,4,4,1,5,0,0,1,0,0,0,0,2,1,6,6,2,47,8,1968,2,2,VOLKSWAGEN TIGUAN,7,E01011589,0,-1
2021141047748,2021,141047748,2,9,0,9,9,8,6,0,0,2,0,0,0,0,1,1,6,6,1,57,9,1968,2,3,VOLKSWAGEN TIGUAN,10,E01007955,0,-1
2021201113793,2021,201113793,1,9,0,10,10,2,8,0,0,1,0,0,0,0,3,1,6,6,1,29,6,1968,2,5,VOLKSWAGEN TIGUAN,3,E01009316,0,-1
2021010321806,2021,010321806,2,9,0,17,19,5,1,0,0,1,0,0,0,0,2,1,6,6,1,61,9,1968,2,0,VOLKSWAGEN TIGUAN,6,E01000414,0,-1
2021010344718,2021,010344718,1,9,0,7,7,3,5,0,0,6,0,0,0,0,1,1,1,1,2,28,6,1968,2,6,VOLKSWAGEN TIGUAN,3,E01015738,0,-1
2021010311583,2021,010311583,1,9,0,99,99,9,9,99,99,9,9,99,9,99,2,9,6,6,1,56,9,1968,2,10,VOLKSWAGEN TIGUAN,4,E01001469,0,-1
2021552100775,2021,552100775,2,9,0,18,19,8,4,0,0,8,0,0,0,0,1,1,6,6,2,31,6,1968,2,5,VOLKSWAGEN TIGUAN,10,E01020380,0,-1
2021451124610,2021,451124610,1,9,0,10,10,3,7,0,0,8,0,0,0,0,1,1,5,6,2,39,7,1968,2,8,VOLKSWAGEN TIGUAN,6,E01030311,0,-1
2021201072551,2021,201072551,3,9,0,9,9,4,2,0,0,5,0,0,0,0,4,1,6,6,2,38,7,1498,1,0,VOLKSWAGEN TIGUAN,2,E01008939,0,-1
2021430083412,2021,430083412,1,9,0,18,19,1,5,0,0,4,0,0,0,0,1,1,2,2,2,42,7,1968,2,1,VOLKSWAGEN TIGUAN,7,E01016341,0,-1
2021161087704,2021,161087704,2,9,0,4,4,8,2,0,0,0,0,0,0,0,1,1,1,1,1,31,6,1984,1,4,VOLKSWAGEN TIGUAN,7,E01033106,0,-1
2021010330117,2021,010330117,4,9,0,2,2,0,0,0,0,0,0,0,0,0,3,1,6,6,3,-1,-1,1395,1,3,VOLKSWAGEN TIGUAN,-1,-1,0,-1
2021010317547,2021,010317547,1,9,0,5,5,7,3,0,0,1,0,10,0,0,1,1,6,6,2,40,7,1968,2,1,VOLKSWAGEN TIGUAN,2,E01002737,0,-1
2021501021655,2021,501021655,2,9,0,10,10,5,1,0,0,1,0,0,0,0,2,1,5,6,2,55,8,1968,2,7,VOLKSWAGEN TIGUAN,3,E01020139,0,-1
2021010346258,2021,010346258,2,9,0,99,99,9,9,99,99,9,9,99,9,99,4,9,6,6,3,75,10,1968,2,6,VOLKSWAGEN TIGUAN,9,E01001018,0,-1
2021131068485,2021,131068485,1,9,0,9,9,4,8,0,0,5,0,0,0,0,4,1,5,6,1,51,8,1968,2,2,VOLKSWAGEN TIGUAN,7,E01011589,0,-1
2021010318671,2021,010318671,1,9,0,18,19,3,7,0,0,8,0,0,0,0,1,2,6,6,1,58,9,1498,1,0,VOLKSWAGEN TIGUAN,5,E01002119,0,-1
2021361080804,2021,361080804,1,9,0,8,8,3,5,0,0,6,0,0,0,0,1,1,5,6,2,30,6,1498,1,2,VOLKSWAGEN TIGUAN,10,E01026926,0,-1
2021010316035,2021,010316035,2,9,0,99,99,9,9,99,99,9,9,99,9,99,1,9,6,6,3,-1,-1,1968,2,3,VOLKSWAGEN TIGUAN,-1,-1,0,-1
2021461142045,2021,461142045,1,9,0,18,19,5,1,0,0,0,0,0,0,0,4,1,1,1,2,41,7,1968,2,2,VOLKSWAGEN TIGUAN,9,E01016081,0,-1
2021501049568,2021,501049568,2,9,0,3,3,2,6,0,0,0,0,0,0,0,1,1,2,2,2,56,9,1968,2,6,VOLKSWAGEN TIGUAN,5,E01020325,0,-1
2021010322536,2021,010322536,2,9,0,99,99,9,9,99,99,9,9,99,9,99,1,9,6,6,3,32,6,1968,2,1,VOLKSWAGEN TIGUAN,3,E01001747,0,-1
2021471114195,2021,471114195,1,9,0,6,6,6,4,0,0,0,0,0,0,0,3,1,1,1,1,53,8,1968,2,2,VOLKSWAGEN TIGUAN,10,E01022704,0,-1
2021231061281,2021,231061281,2,9,0,18,19,8,4,0,0,8,0,0,0,0,1,1,5,6,2,40,7,1498,1,2,VOLKSWAGEN TIGUAN,10,E01031278,0,-1
2021161057179,2021,161057179,1,9,0,4,4,5,1,0,0,1,0,0,0,0,2,1,5,6,2,39,7,1968,2,2,VOLKSWAGEN TIGUAN,2,E01013128,0,-1
2021320430204,2021,320430204,2,9,0,18,19,4,8,0,0,0,0,0,0,10,1,1,6,6,1,40,7,1968,2,9,VOLKSWAGEN TIGUAN,-1,-1,0,-1
2021211076433,2021,211076433,1,9,0,18,19,1,5,0,0,0,0,0,0,0,4,1,6,6,1,50,8,1968,2,8,VOLKSWAGEN TIGUAN,8,E01019725,0,-1
2021138381553,2021,138381553,1,9,0,9,9,3,1,0,0,0,0,0,0,0,1,1,6,6,2,28,6,1968,2,3,VOLKSWAGEN TIGUAN,3,E01010779,0,-1
2021371093489,2021,371093489,5,9,0,18,19,7,3,0,0,0,0,0,0,0,1,1,6,6,2,55,8,1968,2,0,VOLKSWAGEN TIGUAN,10,E01029963,0,-1
2021201140008,2021,201140008,1,9,0,18,19,-1,-1,0,0,1,0,0,0,0,1,1,6,6,1,24,5,1968,2,10,VOLKSWAGEN TIGUAN,-1,-1,0,-1
2021471047647,2021,471047647,1,9,0,16,19,7,4,0,0,1,0,0,0,0,4,1,5,6,2,27,6,1498,1,2,VOLKSWAGEN TIGUAN,9,E01031339,0,-1
2021141023901,2021,141023901,1,9,0,18,19,7,2,0,0,4,0,0,0,0,3,1,1,1,2,61,9,1968,2,4,VOLKSWAGEN TIGUAN,6,E01008005,0,-1
2021401063407,2021,401063407,2,9,0,18,19,3,7,0,0,0,0,0,0,0,2,1,5,6,2,38,7,1968,2,2,VOLKSWAGEN TIGUAN,2,E01015743,0,-1
2021131050161,2021,131050161,1,9,0,6,6,1,5,0,0,1,0,0,0,0,3,1,5,6,1,67,10,1498,1,2,VOLKSWAGEN TIGUAN,5,E01032495,0,-1
2021991077100,2021,991077100,1,9,0,5,5,3,7,0,0,0,0,0,0,0,1,1,5,6,1,47,8,1968,2,6,VOLKSWAGEN TIGUAN,4,-1,0,-1
2021010320195,2021,010320195,1,9,0,5,5,7,3,0,0,0,0,11,0,0,1,1,2,2,1,67,10,1968,2,13,VOLKSWAGEN TIGUAN,8,E01004687,0,-1
2021411055841,2021,411055841,2,9,0,9,9,6,3,0,0,6,0,0,0,0,4,1,6,6,2,54,8,1968,2,9,VOLKSWAGEN TIGUAN,10,E01023745,0,-1
2021991100850,2021,991100850,1,9,0,9,9,7,5,0,0,1,0,0,0,0,3,1,3,7,1,42,7,1498,1,1,VOLKSWAGEN TIGUAN,7,-1,0,-1
2021522200986,2021,522200986,1,9,0,17,19,1,6,0,0,8,0,0,0,0,4,1,6,6,2,35,6,1968,2,7,VOLKSWAGEN TIGUAN,7,E01014598,0,-1
2021010335103,2021,010335103,2,9,0,5,5,0,1,0,0,0,0,0,0,0,1,1,6,6,1,34,6,1498,1,0,VOLKSWAGEN TIGUAN,10,E01017756,0,-1
2021302100439,2021,302100439,1,9,0,17,19,4,6,0,0,0,0,0,0,0,1,1,6,6,1,27,6,1968,2,6,VOLKSWAGEN TIGUAN,9,E01019590,0,-1
2021991093722,2021,991093722,1,9,0,18,19,5,1,0,0,8,0,0,7,10,4,1,5,6,2,56,9,1968,2,3,VOLKSWAGEN TIGUAN,-1,-1,0,-1
2021522200912,2021,522200912,2,9,0,2,2,0,0,0,0,0,0,0,0,0,1,1,6,6,3,50,8,1968,2,7,VOLKSWAGEN TIGUAN,2,E01022942,0,-1
2021522105637,2021,522105637,1,9,0,18,19,1,5,0,0,6,0,0,0,0,1,1,6,6,1,19,4,1968,2,1,VOLKSWAGEN TIGUAN,3,E01014609,0,-1
2021430335387,2021,430335387,1,9,0,4,4,7,3,0,0,0,0,0,0,0,1,1,6,6,1,31,6,1968,2,13,VOLKSWAGEN TIGUAN,10,E01016630,0,-1
202163B078121,2021,63B078121,2,9,0,10,10,5,2,0,0,8,0,0,0,0,2,1,6,6,1,43,7,1968,2,7,VOLKSWAGEN TIGUAN,9,W01000549,0,-1
2021010345419,2021,010345419,2,9,0,99,99,9,9,99,99,9,9,99,9,99,1,9,6,6,3,-1,-1,1498,1,2,VOLKSWAGEN TIGUAN,-1,-1,0,-1
2021041092351,2021,041092351,1,9,0,18,19,5,1,0,0,0,0,4,1,10,1,1,5,6,1,38,7,1968,2,11,VOLKSWAGEN TIGUAN,10,E01005803,0,-1
2021010318442,2021,010318442,1,9,0,7,7,3,5,0,0,5,0,0,0,0,4,1,6,6,3,-1,-1,1498,1,1,VOLKSWAGEN TIGUAN,-1,-1,0,-1
2021010293316,2021,010293316,1,9,0,18,19,1,5,0,0,1,0,0,0,0,3,1,1,1,1,55,8,1968,2,5,VOLKSWAGEN TIGUAN,9,E01000840,0,-1
2021451073218,2021,451073218,3,9,0,2,2,0,0,0,0,1,0,0,0,0,3,1,6,6,3,-1,-1,1395,1,3,VOLKSWAGEN TIGUAN,-1,-1,0,-1
2021451120944,2021,451120944,2,9,0,18,19,7,3,0,0,0,0,0,0,0,4,1,6,6,2,34,6,1968,2,12,VOLKSWAGEN TIGUAN,7,E01030865,0,-1
2021371108126,2021,371108126,2,9,0,18,19,2,6,0,0,1,0,0,0,0,4,1,5,6,1,75,10,1395,1,3,VOLKSWAGEN TIGUAN,10,E01033050,0,-1
202131C083521,2021,31C083521,1,9,0,4,4,8,4,0,0,1,0,0,0,0,1,1,6,6,1,30,6,1968,2,12,VOLKSWAGEN TIGUAN,10,E01028356,0,-1
2021461034487,2021,461034487,1,9,0,18,19,1,5,0,0,0,0,0,0,0,1,1,5,6,1,68,10,1968,2,11,VOLKSWAGEN TIGUAN,5,E01024075,0,-1
2021371125876,2021,371125876,2,9,0,16,19,6,1,0,0,1,0,0,0,0,1,1,1,1,2,50,8,1968,2,6,VOLKSWAGEN TIGUAN,6,E01029877,0,-1
2021421056523,2021,421056523,1,9,0,17,19,2,6,0,0,0,0,0,0,0,3,1,2,2,1,36,7,1498,1,2,VOLKSWAGEN TIGUAN,6,E01021331,0,-1
2021622100340,2021,622100340,2,9,0,18,19,4,8,0,0,2,0,0,0,0,2,1,6,6,1,35,6,1968,2,12,VOLKSWAGEN TIGUAN,1,W01000864,0,-1
2021421083398,2021,421083398,1,9,0,18,19,1,1,0,0,0,0,0,0,0,4,1,5,6,1,35,6,1498,1,0,VOLKSWAGEN TIGUAN,5,E01003724,0,-1
2021010301068,2021,010301068,2,9,0,99,99,9,9,99,99,0,9,99,9,99,4,9,6,6,3,-1,-1,1498,1,2,VOLKSWAGEN TIGUAN,5,E01000850,0,-1
2021302101309,2021,302101309,1,9,0,3,3,6,2,0,0,0,0,0,0,0,3,1,6,6,2,38,7,1968,2,6,VOLKSWAGEN TIGUAN,8,E01019755,0,-1
2021061045945,2021,061045945,1,9,0,18,19,5,1,0,0,2,0,0,0,0,2,1,2,2,2,65,9,1968,2,2,VOLKSWAGEN TIGUAN,8,E01006232,0,-1
2021522102017,2021,522102017,1,9,0,18,19,6,2,0,0,8,0,0,0,0,1,1,6,6,2,32,6,1968,2,10,VOLKSWAGEN TIGUAN,9,E01014719,0,-1
2021421045130,2021,421045130,1,9,0,4,4,5,1,0,0,0,0,0,0,0,1,1,6,6,1,28,6,1968,2,2,VOLKSWAGEN TIGUAN,2,E01000075,0,-1
2021501025434,2021,501025434,1,9,0,16,19,1,5,0,0,0,0,0,0,0,3,1,5,6,1,61,9,1968,2,11,VOLKSWAGEN TIGUAN,4,E01018962,0,-1
2021501109591,2021,501109591,2,9,0,4,4,7,1,0,0,0,0,0,0,0,2,1,5,6,1,34,6,1968,2,5,VOLKSWAGEN TIGUAN,5,E01018960,0,-1
2021622100503,2021,622100503,1,9,0,7,7,8,3,0,0,8,0,0,0,0,1,1,1,1,1,57,9,1968,2,5,VOLKSWAGEN TIGUAN,3,W01001812,0,-1
2021111021078,2021,111021078,2,9,0,18,19,5,1,0,0,0,0,0,0,0,3,1,5,6,1,22,5,1968,2,11,VOLKSWAGEN TIGUAN,3,E01033203,0,-1
2021361092602,2021,361092602,1,9,0,18,19,1,5,0,0,0,0,0,0,0,-1,1,3,7,2,35,6,1498,1,1,VOLKSWAGEN TIGUAN,1,E01026662,0,-1
2021070711605,2021,070711605,1,9,0,9,9,1,7,0,0,8,0,0,0,0,1,1,6,6,1,-1,-1,1968,2,11,VOLKSWAGEN TIGUAN,-1,-1,0,-1
2021052100536,2021,052100536,2,9,0,4,4,5,1,0,0,0,0,0,0,0,2,1,6,6,1,26,6,1968,2,4,VOLKSWAGEN TIGUAN,1,E01006776,0,-1
2021361098508,2021,361098508,1,9,0,4,4,7,3,0,0,0,0,0,0,0,2,1,2,2,1,60,9,1968,2,7,VOLKSWAGEN TIGUAN,9,E01026571,0,-1
202106P079587,2021,06P079587,3,9,0,2,2,0,0,0,0,1,0,0,0,0,2,1,6,6,1,48,8,1968,2,1,VOLKSWAGEN TIGUAN,1,E01005496,0,-1
2021131049018,2021,131049018,2,9,0,16,19,5,1,0,0,8,1,0,0,0,1,1,2,2,1,39,7,1498,1,2,VOLKSWAGEN TIGUAN,5,E01011218,0,-1
2021010334811,2021,010334811,1,9,0,3,3,7,3,0,0,1,0,0,0,0,2,1,6,6,2,54,8,1968,2,2,VOLKSWAGEN TIGUAN,8,E01021766,0,-1
2021111126013,2021,111126013,1,9,0,9,9,5,3,0,0,1,0,0,0,0,3,1,6,6,2,43,7,1968,2,3,VOLKSWAGEN TIGUAN,3,E01020884,0,-1
2021201056821,2021,201056821,2,9,0,18,19,6,2,0,0,8,0,0,0,0,3,1,6,6,2,30,6,1498,1,2,VOLKSWAGEN TIGUAN,1,E01009480,0,-1
2021501136074,2021,501136074,2,9,0,10,10,5,1,0,0,0,0,0,0,0,2,1,2,2,2,38,7,1968,2,11,VOLKSWAGEN TIGUAN,6,E01018752,0,-1
2021302100043,2021,302100043,3,9,0,4,4,7,3,0,0,0,0,0,0,0,2,1,6,6,1,45,7,1968,2,3,VOLKSWAGEN TIGUAN,10,E01019833,0,-1
2021010304949,2021,010304949,1,9,0,4,4,7,3,0,0,0,0,0,0,0,2,1,1,1,1,48,8,1968,2,3,VOLKSWAGEN TIGUAN,7,E01021985,0,-1
2021131066671,2021,131066671,1,9,0,9,9,1,5,0,0,1,0,0,1,0,1,1,5,6,2,32,6,1498,1,0,VOLKSWAGEN TIGUAN,3,E01011627,0,-1
2021131038749,2021,131038749,1,9,0,4,4,1,5,0,0,0,0,0,0,0,2,1,6,6,1,51,8,1968,2,3,VOLKSWAGEN TIGUAN,6,E01011420,0,-1
2021991027987,2021,991027987,1,9,0,9,9,5,3,0,0,1,2,0,0,0,1,1,5,6,2,33,6,1498,1,0,VOLKSWAGEN TIGUAN,5,-1,0,-1
2021461052155,2021,461052155,2,9,0,18,19,7,3,0,0,1,0,0,0,0,3,1,6,6,2,72,10,1968,2,5,VOLKSWAGEN TIGUAN,9,E01024526,0,-1
2021451122077,2021,451122077,1,9,0,18,19,8,4,0,0,0,5,0,0,0,4,1,5,6,2,31,6,1968,2,6,VOLKSWAGEN TIGUAN,7,E01031388,0,-1
2021010339171,2021,010339171,2,9,0,18,19,5,1,0,0,1,0,0,0,0,1,1,6,6,1,41,7,1498,1,1,VOLKSWAGEN TIGUAN,5,E01004488,0,-1
2021010342529,2021,010342529,1,9,0,99,99,9,9,99,99,9,9,99,9,99,9,9,6,6,2,54,8,1498,1,0,VOLKSWAGEN TIGUAN,5,E01001960,0,-1
2021221125858,2021,221125858,1,9,0,9,9,8,7,0,0,6,0,0,0,0,1,1,6,6,2,67,10,1968,2,0,VOLKSWAGEN TIGUAN,10,E01022466,0,-1
2021440433275,2021,440433275,1,9,0,18,19,3,7,0,0,0,0,0,0,0,1,1,6,6,2,33,6,1498,1,0,VOLKSWAGEN TIGUAN,2,E01023156,0,-1
2021141040552,2021,141040552,2,9,0,18,19,2,6,0,0,1,0,0,0,0,1,1,6,6,3,-1,-1,1968,2,0,VOLKSWAGEN TIGUAN,-1,-1,0,-1
2021010300762,2021,010300762,1,9,0,6,6,5,5,0,0,0,0,0,0,0,3,1,6,6,1,24,5,1498,1,1,VOLKSWAGEN TIGUAN,3,E01001366,0,-1
2021461100060,2021,461100060,1,9,0,18,19,1,3,0,0,0,0,0,0,0,1,1,6,6,2,27,6,1968,2,1,VOLKSWAGEN TIGUAN,5,E01030852,0,-1
202131C007921,2021,31C007921,1,9,0,18,19,3,7,0,0,1,0,0,0,0,1,1,6,6,1,38,7,1968,2,3,VOLKSWAGEN TIGUAN,2,E01013918,0,-1
2021461050258,2021,461050258,4,9,0,2,2,0,0,0,0,0,0,0,0,0,1,1,5,6,2,31,6,1968,2,6,VOLKSWAGEN TIGUAN,8,E01024313,0,-1
2021010304161,2021,010304161,2,9,0,5,5,6,2,0,0,1,0,0,0,0,1,1,6,6,1,53,8,1968,2,0,VOLKSWAGEN TIGUAN,-1,-1,0,-1
2021461032139,2021,461032139,5,9,0,3,3,5,2,0,0,0,0,0,0,0,2,1,5,6,2,79,11,1968,2,6,VOLKSWAGEN TIGUAN,7,E01024405,0,-1
2021461120829,2021,461120829,2,9,0,18,19,1,5,0,0,0,0,0,0,0,1,1,6,6,2,56,9,1968,2,8,VOLKSWAGEN TIGUAN,9,E01024791,0,-1
2021131058763,2021,131058763,2,9,0,9,9,1,5,0,0,5,0,0,0,0,3,1,5,6,1,60,9,1968,2,9,VOLKSWAGEN TIGUAN,10,E01011454,0,-1
202131D072721,2021,31D072721,1,9,0,3,3,2,4,0,0,1,0,0,0,0,2,1,6,6,2,39,7,1968,2,3,VOLKSWAGEN TIGUAN,8,E01028420,0,-1
2021411091446,2021,411091446,1,9,0,5,5,6,2,0,0,4,0,11,0,0,1,1,6,6,2,54,8,1968,2,7,VOLKSWAGEN TIGUAN,10,E01023816,0,-1
2021010330626,2021,010330626,1,9,0,99,99,9,9,0,0,1,0,0,0,0,1,1,6,6,1,-1,-1,1968,2,12,VOLKSWAGEN TIGUAN,-1,-1,0,-1
2021471068748,2021,471068748,2,9,0,3,3,1,5,0,0,1,0,0,0,0,3,1,5,6,2,27,6,1968,2,7,VOLKSWAGEN TIGUAN,3,E01031791,0,-1
2021010343667,2021,010343667,2,9,0,5,5,5,1,0,0,2,0,0,0,0,1,1,6,6,2,48,8,1968,2,6,VOLKSWAGEN TIGUAN,1,E01002852,0,-1
202134WNC5431,2021,34WNC5431,3,9,0,18,19,5,1,0,0,8,0,0,0,0,2,1,6,6,2,47,8,1968,2,6,VOLKSWAGEN TIGUAN,8,E01026993,0,-1
2021201142240,2021,201142240,1,9,0,1,1,6,2,0,0,6,0,0,0,0,1,1,6,6,3,-1,-1,1498,1,1,VOLKSWAGEN TIGUAN,-1,-1,0,-1
2021052101686,2021,052101686,2,9,0,2,2,0,0,0,0,0,0,0,1,2,3,1,6,6,3,-1,-1,1498,1,0,VOLKSWAGEN TIGUAN,-1,-1,0,-1
2021361122165,2021,361122165,2,9,0,10,10,7,3,0,0,0,0,0,0,0,2,1,5,6,1,69,10,1968,2,2,VOLKSWAGEN TIGUAN,5,E01026878,0,-1
2021161057356,2021,161057356,1,9,0,9,9,1,7,0,0,2,0,0,0,0,1,1,6,6,1,33,6,1968,2,6,VOLKSWAGEN TIGUAN,6,E01012765,0,-1
2021201088399,2021,201088399,2,9,0,18,19,8,4,0,0,0,0,0,0,0,1,1,6,6,1,49,8,1968,2,6,VOLKSWAGEN TIGUAN,8,E01009471,0,-1
2021401087862,2021,401087862,2,9,0,18,19,7,3,0,0,8,0,0,0,0,1,1,4,7,1,29,6,1498,1,1,VOLKSWAGEN TIGUAN,10,E01017563,0,-1
2021401031335,2021,401031335,2,9,0,18,19,1,5,0,0,4,0,0,0,0,4,1,6,6,2,45,7,1498,1,1,VOLKSWAGEN TIGUAN,4,E01017567,0,-1
2021461093123,2021,461093123,1,9,0,14,14,7,3,0,0,1,0,0,0,0,1,1,5,6,2,34,6,1968,2,12,VOLKSWAGEN TIGUAN,4,E01024582,0,-1
2021010336173,2021,010336173,1,9,0,18,19,1,5,0,0,0,0,0,0,0,2,1,6,6,2,41,7,1968,2,11,VOLKSWAGEN TIGUAN,8,E01017670,0,-1
2021231128142,2021,231128142,4,9,0,2,2,0,0,0,0,0,0,0,0,0,0,1,5,6,1,74,10,1968,2,12,VOLKSWAGEN TIGUAN,2,E01009656,0,-1
2021461108087,2021,461108087,3,9,0,4,4,7,3,0,0,0,0,0,0,0,2,1,6,6,2,39,7,1968,2,6,VOLKSWAGEN TIGUAN,10,E01024270,0,-1
2021131093852,2021,131093852,3,9,0,18,19,3,7,0,0,0,0,0,0,0,1,1,5,6,2,36,7,1968,2,4,VOLKSWAGEN TIGUAN,8,E01010905,0,-1
2021010335251,2021,010335251,2,9,0,12,12,2,6,0,0,1,0,0,0,0,1,1,6,6,3,-1,-1,1968,2,13,VOLKSWAGEN TIGUAN,-1,-1,0,-1
2021010299520,2021,010299520,2,9,0,9,9,5,2,9,9,8,0,0,0,0,1,1,6,6,2,51,8,1968,2,4,VOLKSWAGEN TIGUAN,6,E01000541,0,-1
2021161117724,2021,161117724,1,9,0,18,19,7,3,0,0,0,0,0,0,0,1,1,6,6,1,44,7,1968,2,5,VOLKSWAGEN TIGUAN,5,E01012769,0,-1
2021361067170,2021,361067170,2,9,0,18,19,1,5,0,0,1,0,0,0,0,1,1,5,6,1,56,9,1395,1,3,VOLKSWAGEN TIGUAN,10,E01025785,0,-1
2021421115295,2021,421115295,3,9,0,3,3,1,5,0,0,0,0,0,0,0,2,1,6,6,2,55,8,1968,2,2,VOLKSWAGEN TIGUAN,8,E01024652,0,-1
2021010306487,2021,010306487,1,9,0,3,3,3,7,0,0,1,0,0,0,0,2,1,6,6,1,42,7,1968,2,2,VOLKSWAGEN TIGUAN,10,E01021558,0,-1
2021211121603,2021,211121603,2,9,0,17,19,3,1,0,0,1,0,0,0,0,3,1,5,6,1,71,10,1968,2,6,VOLKSWAGEN TIGUAN,6,E01032462,0,-1
2021440214950,2021,440214950,1,9,0,17,19,2,6,0,0,0,0,0,0,0,4,1,6,6,1,60,9,1968,2,3,VOLKSWAGEN TIGUAN,7,E01022990,0,-1
202131D041221,2021,31D041221,1,9,0,18,19,3,7,0,0,0,0,0,1,4,1,1,6,6,1,39,7,1968,2,4,VOLKSWAGEN TIGUAN,-1,-1,0,-1
2021531078839,2021,531078839,2,9,0,18,19,3,7,0,0,0,0,0,1,0,3,1,2,2,2,59,9,1968,2,7,VOLKSWAGEN TIGUAN,7,E01022336,0,-1
2021052100964,2021,052100964,2,9,0,2,2,0,0,0,0,0,0,0,0,0,4,1,6,6,3,-1,-1,1498,1,1,VOLKSWAGEN TIGUAN,-1,-1,0,-1
2021461101343,2021,461101343,2,9,0,3,3,1,5,0,0,0,0,0,0,0,2,1,6,6,2,61,9,1498,1,2,VOLKSWAGEN TIGUAN,10,E01024153,0,-1
2021361044821,2021,361044821,1,9,0,18,19,3,7,0,0,0,0,0,0,0,0,1,5,6,1,87,11,1968,2,7,VOLKSWAGEN TIGUAN,6,E01026781,0,-1
2021991055415,2021,991055415,1,9,0,11,11,7,3,0,0,0,0,0,1,7,4,1,6,6,1,44,7,1968,2,12,VOLKSWAGEN TIGUAN,10,-1,0,-1
2021141099247,2021,141099247,2,9,0,18,19,1,5,0,0,0,0,0,0,0,4,1,6,6,2,-1,-1,1968,2,2,VOLKSWAGEN TIGUAN,6,E01007521,0,-1
2021122101345,2021,122101345,1,9,0,18,19,2,6,0,0,0,0,0,0,0,1,1,6,6,3,-1,-1,1968,2,5,VOLKSWAGEN TIGUAN,-1,-1,0,-1
2021440399325,2021,440399325,1,9,0,6,6,5,1,0,0,0,0,0,0,0,3,1,2,2,2,31,6,1968,2,9,VOLKSWAGEN TIGUAN,3,E01017242,0,-1
2021471074547,2021,471074547,1,9,0,18,19,7,4,0,0,1,1,0,0,0,1,1,5,6,2,34,6,1968,2,8,VOLKSWAGEN TIGUAN,5,E01031515,0,-1
2021010317462,2021,010317462,2,9,0,99,99,9,9,99,99,9,9,99,9,99,9,9,6,6,3,-1,-1,1968,2,4,VOLKSWAGEN TIGUAN,2,E01003330,0,-1
2021131059386,2021,131059386,2,9,0,18,19,5,1,0,0,0,0,0,0,0,1,1,5,6,2,29,6,1498,1,1,VOLKSWAGEN TIGUAN,9,E01010681,0,-1
2021131053574,2021,131053574,2,9,0,18,19,7,3,0,0,0,0,0,6,0,3,1,5,6,1,35,6,1968,2,8,VOLKSWAGEN TIGUAN,1,E01010723,0,-1
2021041052282,2021,041052282,3,9,0,18,19,5,1,0,0,0,0,0,0,0,2,1,5,6,1,32,6,1968,2,0,VOLKSWAGEN TIGUAN,9,E01025343,0,-1
2021211046007,2021,211046007,2,9,0,18,19,3,7,0,0,1,0,0,0,0,1,1,6,6,2,32,6,1968,2,3,VOLKSWAGEN TIGUAN,4,E01010459,0,-1
2021010323667,2021,010323667,5,9,0,2,2,0,0,0,0,0,0,4,0,0,2,1,6,6,3,-1,-1,1968,2,12,VOLKSWAGEN TIGUAN,-1,-1,0,-1
2021544015321,2021,544015321,1,9,0,4,4,2,6,0,0,1,0,0,0,0,1,1,1,1,1,22,5,1968,2,4,VOLKSWAGEN TIGUAN,6,E01031893,0,-1
2021501089846,2021,501089846,2,9,0,18,19,5,1,0,0,0,0,0,0,0,1,1,5,6,1,40,7,1968,2,2,VOLKSWAGEN TIGUAN,10,E01022297,0,-1