collision_index,collision_year,collision_ref_no,vehicle_reference,vehicle_type,towing_and_articulation,vehicle_manoeuvre_historic,vehicle_manoeuvre,vehicle_direction_from,vehicle_direction_to,vehicle_location_restricted_lane_historic,vehicle_location_restricted_lane,junction_location,skidding_and_overturning,hit_object_in_carriageway,vehicle_leaving_carriageway,hit_object_off_carriageway,first_point_of_impact,vehicle_left_hand_drive,journey_purpose_of_driver_historic,journey_purpose_of_driver,sex_of_driver,age_of_driver,age_band_of_driver,engine_capacity_cc,propulsion_code,age_of_vehicle,generic_make_model,driver_imd_decile,lsoa_of_driver,escooter_flag,driver_distance_banding
2021440261805,2021,440261805,1,9,0,18,19,1,5,0,0,0,0,0,0,0,1,1,1,1,2,51,8,1968,2,1,VOLKSWAGEN TIGUAN,6,E01022814,0,-1
2021010294310,2021,010294310,2,9,0,7,7,7,1,0,0,1,0,0,0,0,4,1,2,2,2,42,7,1968,2,5,VOLKSWAGEN TIGUAN,1,E01002034,0,-1
2021010294862,2021,010294862,1,9,0,18,19,7,3,99,99,8,9,99,0,0,4,1,6,6,1,23,5,1390,1,12,VOLKSWAGEN TIGUAN,4,E01004375,0,-1
2021430277281,2021,430277281,1,9,0,9,9,4,2,0,0,8,0,10,1,0,4,1,2,2,2,33,6,1968,2,10,VOLKSWAGEN TIGUAN,7,E01030858,0,-1
2021010290941,2021,010290941,1,9,0,99,99,9,9,99,99,0,9,99,9,99,2,9,6,6,1,38,7,1498,1,1,VOLKSWAGEN TIGUAN,4,E01000609,0,-1
202134NNC3561,2021,34NNC3561,2,9,0,8,8,3,7,0,0,1,0,0,0,0,2,1,6,6,1,49,8,1968,2,10,VOLKSWAGEN TIGUAN,3,E01027111,0,-1
202131D178621,2021,31D178621,1,9,0,9,9,7,5,0,0,5,0,0,0,0,3,1,2,2,2,41,7,1968,2,4,VOLKSWAGEN TIGUAN,10,E01028379,0,-1
2021061038659,2021,061038659,2,9,0,18,19,5,1,0,0,1,0,0,0,0,1,1,6,6,1,61,9,1968,2,7,VOLKSWAGEN TIGUAN,8,E01006131,0,-1
2021070342469,2021,070342469,1,9,0,18,19,4,8,0,0,0,0,0,0,0,1,1,6,6,2,59,9,1984,1,3,VOLKSWAGEN TIGUAN,10,E01031214,0,-1
202134WNC6201,2021,34WNC6201,1,9,0,12,12,4,1,0,0,1,0,0,0,0,3,1,6,6,2,62,9,1498,1,1,VOLKSWAGEN TIGUAN,5,E01027269,0,-1
2021010300515,2021,010300515,3,9,0,2,2,0,0,0,0,1,0,0,0,0,4,1,6,6,3,-1,-1,1968,2,3,VOLKSWAGEN TIGUAN,-1,-1,0,-1
2021440304728,2021,440304728,1,9,0,18,19,5,5,0,0,1,0,0,0,0,4,1,6,6,1,24,5,1968,2,4,VOLKSWAGEN TIGUAN,2,E01022966,0,-1
2021041074327,2021,041074327,2,9,0,18,19,5,1,0,0,0,0,0,0,0,3,1,5,6,2,30,6,1968,2,13,VOLKSWAGEN TIGUAN,5,E01025360,0,-1
2021461128345,2021,461128345,1,9,0,16,19,5,1,0,0,0,0,0,0,0,4,1,6,6,1,32,6,1968,2,8,VOLKSWAGEN TIGUAN,3,E01016030,0,-1
2021010296868,2021,010296868,1,9,0,99,99,9,9,99,99,0,9,99,9,99,2,1,6,6,1,65,9,1984,1,3,VOLKSWAGEN TIGUAN,7,E01000309,0,-1
2021010342714,2021,010342714,1,9,0,17,19,7,5,0,0,2,0,0,0,0,1,1,6,6,1,39,7,1498,1,2,VOLKSWAGEN TIGUAN,8,E01017190,0,-1
2021991098460,2021,991098460,2,9,0,18,19,2,6,0,0,0,0,0,0,0,2,1,5,6,1,52,8,1968,2,6,VOLKSWAGEN TIGUAN,3,-1,0,-1
2021010313032,2021,010313032,1,9,0,3,3,5,1,0,0,1,0,0,0,0,1,1,2,2,1,43,7,1968,2,0,VOLKSWAGEN TIGUAN,6,E01000160,0,-1
2021440295183,2021,440295183,2,9,0,18,19,6,2,0,0,8,0,0,0,0,2,1,6,6,3,-1,-1,1968,2,8,VOLKSWAGEN TIGUAN,-1,-1,0,-1
2021622100539,2021,622100539,2,9,0,18,19,4,8,0,0,0,0,0,0,0,2,1,6,6,1,40,7,1968,2,3,VOLKSWAGEN TIGUAN,1,W01001169,0,-1
2021211056345,2021,211056345,3,9,0,18,19,8,4,0,0,0,0,0,0,0,1,1,6,6,2,46,8,1968,2,10,VOLKSWAGEN TIGUAN,7,E01029695,0,-1
2021141104016,2021,141104016,1,9,0,5,5,3,7,0,0,8,0,0,0,0,1,1,5,6,2,55,8,1968,2,10,VOLKSWAGEN TIGUAN,5,E01007366,0,-1
2021522105151,2021,522105151,2,9,0,9,9,7,5,0,0,6,0,0,0,0,1,1,6,6,3,35,6,1968,2,7,VOLKSWAGEN TIGUAN,-1,-1,0,-1
2021201116249,2021,201116249,1,9,0,18,19,5,1,0,0,8,0,4,7,10,1,1,6,6,1,66,10,1984,1,2,VOLKSWAGEN TIGUAN,5,E01009135,0,-1
2021440489443,2021,440489443,2,9,0,4,4,7,3,0,0,0,0,0,0,0,2,1,6,6,2,31,6,1498,1,1,VOLKSWAGEN TIGUAN,-1,-1,0,-1
2021061065959,2021,061065959,1,9,0,12,12,1,1,0,0,0,0,0,0,0,3,1,5,6,1,69,10,1968,2,2,VOLKSWAGEN TIGUAN,5,E01005402,0,-1
2021010339691,2021,010339691,2,9,9,99,99,9,9,99,99,9,9,99,9,99,9,9,6,6,3,-1,-1,1498,1,0,VOLKSWAGEN TIGUAN,-1,-1,0,-1
2021010307783,2021,010307783,2,9,0,18,19,5,1,0,0,0,0,0,0,0,1,1,3,7,2,42,7,1968,2,2,VOLKSWAGEN TIGUAN,2,E01000100,0,-1
2021411017342,2021,411017342,1,9,0,18,19,1,5,0,0,8,0,0,0,0,3,1,6,6,1,45,7,1968,2,5,VOLKSWAGEN TIGUAN,8,E01023470,0,-1
2021231057013,2021,231057013,2,9,0,18,19,8,4,0,0,8,1,0,1,0,3,1,5,6,1,41,7,1498,1,0,VOLKSWAGEN TIGUAN,7,E01031035,0,-1
2021991070849,2021,991070849,2,9,0,10,10,3,8,0,0,0,0,0,0,0,1,1,6,6,2,39,7,1968,2,10,VOLKSWAGEN TIGUAN,4,-1,0,-1
202163A054121,2021,63A054121,2,9,0,18,19,7,3,0,0,1,0,0,0,0,1,1,6,6,2,33,6,1968,2,3,VOLKSWAGEN TIGUAN,6,W01000720,0,-1
2021010291205,2021,010291205,1,9,0,3,3,3,7,0,0,9,9,0,0,0,2,1,6,6,2,41,7,1968,2,4,VOLKSWAGEN TIGUAN,3,E01002325,0,-1
2021010323811,2021,010323811,1,9,0,18,19,5,1,0,0,1,0,10,0,0,3,1,6,6,1,53,8,1968,2,3,VOLKSWAGEN TIGUAN,6,E01021796,0,-1
2021991066666,2021,991066666,3,9,0,18,19,5,2,0,0,0,1,0,0,0,1,1,6,6,1,58,9,1968,2,5,VOLKSWAGEN TIGUAN,3,-1,0,-1
2021010351698,2021,010351698,1,9,0,14,14,5,1,0,0,1,0,0,0,0,3,1,6,6,1,45,7,1968,2,1,VOLKSWAGEN TIGUAN,-1,-1,0,-1
2021052100997,2021,052100997,1,9,0,9,9,6,3,0,0,1,0,0,0,0,1,1,6,6,3,-1,-1,1968,2,5,VOLKSWAGEN TIGUAN,-1,-1,0,-1
2021070850061,2021,070850061,1,9,0,5,5,1,5,0,0,1,0,0,0,0,1,1,2,2,2,47,8,1968,2,5,VOLKSWAGEN TIGUAN,8,E01012565,0,-1
2021141109995,2021,141109995,1,9,0,3,3,7,3,0,0,0,0,0,0,0,2,1,6,6,1,36,7,1968,2,2,VOLKSWAGEN TIGUAN,5,E01007853,0,-1
2021501032190,2021,501032190,1,9,0,17,19,6,2,0,0,1,5,0,0,0,4,1,6,6,2,31,6,1968,2,11,VOLKSWAGEN TIGUAN,3,E01020073,0,-1
2021461097030,2021,461097030,1,9,0,18,19,7,3,0,0,0,0,0,0,0,1,1,6,6,1,48,8,1968,2,4,VOLKSWAGEN TIGUAN,8,E01016148,0,-1
2021302100191,2021,302100191,2,9,0,17,19,2,6,0,0,0,0,0,0,0,3,1,2,2,1,62,9,1968,2,4,VOLKSWAGEN TIGUAN,9,E01013543,0,-1
2021549901621,2021,549901621,1,9,0,9,9,7,5,0,0,6,0,0,0,0,0,1,6,6,1,27,6,1968,2,10,VOLKSWAGEN TIGUAN,10,E01015521,0,-1
2021320645877,2021,320645877,2,9,0,18,19,6,2,0,0,0,0,0,0,0,2,1,6,6,1,46,8,1968,2,2,VOLKSWAGEN TIGUAN,7,E01026412,0,-1
2021421100648,2021,421100648,2,9,0,7,7,6,8,0,0,0,0,0,0,0,3,1,2,2,2,45,7,1968,2,5,VOLKSWAGEN TIGUAN,6,E01021758,0,-1
2021010289524,2021,010289524,2,9,0,9,9,7,6,0,0,1,0,0,0,0,4,1,6,6,1,28,6,1968,2,12,VOLKSWAGEN TIGUAN,4,E01000485,0,-1
2021361095533,2021,361095533,1,9,0,18,19,7,3,0,0,8,0,0,0,0,1,1,5,6,2,33,6,1968,2,9,VOLKSWAGEN TIGUAN,7,E01026928,0,-1
2021061084490,2021,061084490,2,9,0,5,5,4,4,0,0,0,0,0,0,0,2,1,5,6,2,46,8,1968,2,3,VOLKSWAGEN TIGUAN,4,E01005462,0,-1
2021440225420,2021,440225420,1,9,0,18,19,3,5,0,0,8,0,0,0,0,4,1,6,6,1,70,10,1984,1,8,VOLKSWAGEN TIGUAN,10,E01022926,0,-1
202131B172721,2021,31B172721,2,9,0,18,19,6,2,0,0,0,0,0,0,0,1,1,6,6,2,68,10,1968,2,5,VOLKSWAGEN TIGUAN,7,E01007684,0,-1
2021201072504,2021,201072504,2,9,0,18,19,1,5,0,0,8,0,0,0,0,1,1,6,6,2,22,5,1968,2,0,VOLKSWAGEN TIGUAN,8,E01010307,0,-1
2021461050734,2021,461050734,2,9,0,2,2,0,0,0,0,0,0,0,0,0,3,1,2,2,1,32,6,1968,2,12,VOLKSWAGEN TIGUAN,3,E01000725,0,-1
2021131112332,2021,131112332,1,9,0,17,19,1,1,0,0,0,5,7,2,10,1,1,5,6,2,30,6,1968,2,0,VOLKSWAGEN TIGUAN,3,E01010776,0,-1
2021371082610,2021,371082610,1,9,0,18,19,5,1,0,0,0,0,0,7,0,1,1,5,6,2,72,10,1968,2,7,VOLKSWAGEN TIGUAN,7,E01030200,0,-1
2021101017337,2021,101017337,2,9,0,4,4,1,5,0,0,1,0,0,0,0,1,1,1,1,1,37,7,1968,2,7,VOLKSWAGEN TIGUAN,3,E01008780,0,-1
2021041093236,2021,041093236,1,9,0,18,19,5,1,0,0,0,0,0,0,0,4,1,5,6,2,28,6,1395,1,3,VOLKSWAGEN TIGUAN,10,E01025327,0,-1
2021010328735,2021,010328735,1,9,0,99,99,9,9,99,99,0,9,99,9,99,9,9,1,1,1,53,8,1968,2,3,VOLKSWAGEN TIGUAN,7,E01020430,0,-1
2021371114690,2021,371114690,2,9,0,9,9,4,2,0,0,1,0,0,0,0,1,1,5,6,2,20,4,1968,2,6,VOLKSWAGEN TIGUAN,5,E01030151,0,-1
2021010334239,2021,010334239,1,9,0,9,9,3,1,0,0,6,0,0,0,0,1,1,6,6,2,-1,-1,1498,1,0,VOLKSWAGEN TIGUAN,3,E01000499,0,-1
2021302100728,2021,302100728,1,9,0,6,6,2,2,0,0,0,0,0,0,0,0,1,6,6,1,26,6,1498,1,0,VOLKSWAGEN TIGUAN,5,E01006013,0,-1
2021991065721,2021,991065721,1,9,0,4,4,4,8,0,0,1,0,11,0,0,1,1,5,6,1,70,10,1968,2,2,VOLKSWAGEN TIGUAN,6,-1,0,-1
2021461103373,2021,461103373,1,9,0,9,9,4,8,0,0,0,0,0,0,0,4,1,5,6,1,25,5,1968,2,4,VOLKSWAGEN TIGUAN,6,E01024276,0,-1
2021041115274,2021,041115274,1,9,0,18,19,5,1,0,0,7,0,0,0,0,1,1,3,7,2,35,6,1968,2,6,VOLKSWAGEN TIGUAN,6,E01012730,0,-1
2021010348452,2021,010348452,1,9,0,18,19,2,6,0,0,1,0,0,0,0,1,1,6,6,1,45,7,1968,2,5,VOLKSWAGEN TIGUAN,8,E01002383,0,-1
2021010317753,2021,010317753,2,9,9,99,99,9,9,99,99,0,9,99,9,99,9,9,6,6,3,-1,-1,1968,2,4,VOLKSWAGEN TIGUAN,-1,-1,0,-1
2021361087191,2021,361087191,1,9,0,9,9,7,5,0,0,0,0,0,0,0,3,1,5,6,1,37,7,1968,2,5,VOLKSWAGEN TIGUAN,9,E01026448,0,-1
2021461038270,2021,461038270,2,9,0,18,19,5,3,0,0,1,0,0,1,0,1,1,6,6,1,47,8,1498,1,1,VOLKSWAGEN TIGUAN,8,E01016121,0,-1
2021010348422,2021,010348422,2,9,0,9,9,3,2,0,0,5,0,0,0,0,1,2,6,6,2,36,7,1498,1,2,VOLKSWAGEN TIGUAN,2,E01004023,0,-1
2021421044711,2021,421044711,2,9,0,3,3,3,7,0,0,0,0,0,0,0,2,1,3,7,2,29,6,1968,2,5,VOLKSWAGEN TIGUAN,3,E01021639,0,-1
2021471045624,2021,471045624,1,9,0,5,5,8,4,9,9,1,0,0,0,0,3,1,1,1,2,45,7,1984,1,3,VOLKSWAGEN TIGUAN,9,E01020945,0,-1
2021201102666,2021,201102666,2,9,0,18,19,4,8,0,0,4,0,0,0,0,1,1,6,6,1,-1,-1,1968,2,2,VOLKSWAGEN TIGUAN,1,E01008976,0,-1
2021471106848,2021,471106848,2,9,0,18,19,1,5,0,0,8,0,0,7,0,1,1,5,6,1,44,7,1968,2,2,VOLKSWAGEN TIGUAN,3,E01031548,0,-1
2021622100263,2021,622100263,2,9,0,3,3,4,8,0,0,4,0,0,0,0,2,1,6,6,1,42,7,1968,2,6,VOLKSWAGEN TIGUAN,2,W01001079,0,-1
2021622100559,2021,622100559,1,9,0,4,4,2,6,0,0,2,0,0,0,0,4,1,2,2,1,24,5,1968,2,1,VOLKSWAGEN TIGUAN,9,W01001294,0,-1
2021411085252,2021,411085252,2,9,0,4,4,5,1,0,0,0,0,0,0,0,2,1,6,6,2,61,9,1968,2,2,VOLKSWAGEN TIGUAN,1,E01001857,0,-1
2021411049638,2021,411049638,4,9,0,4,4,5,1,0,0,0,0,0,0,0,4,1,6,6,1,36,7,1968,2,4,VOLKSWAGEN TIGUAN,4,E01033572,0,-1
2021010350560,2021,010350560,1,9,0,18,19,6,2,0,0,0,0,0,0,0,1,1,3,7,2,36,7,1498,1,0,VOLKSWAGEN TIGUAN,-1,-1,0,-1
2021991116194,2021,991116194,1,9,0,13,13,3,7,0,0,0,0,0,0,0,1,1,1,1,1,49,8,1968,2,5,VOLKSWAGEN TIGUAN,3,-1,0,-1
2021552101419,2021,552101419,1,9,0,7,7,8,2,9,9,6,0,0,0,0,1,1,6,6,1,74,10,1968,2,11,VOLKSWAGEN TIGUAN,-1,-1,0,-1
2021451124170,2021,451124170,2,9,0,9,9,5,1,0,0,1,0,0,0,0,3,1,5,6,2,36,7,1968,2,8,VOLKSWAGEN TIGUAN,7,E01030850,0,-1
2021201122292,2021,201122292,1,9,0,5,5,8,3,0,0,4,0,0,0,0,3,1,6,6,2,64,9,1968,2,9,VOLKSWAGEN TIGUAN,8,E01010507,0,-1
2021141094064,2021,141094064,1,9,0,2,2,0,0,0,0,0,0,0,0,0,2,1,6,6,2,19,4,1968,2,12,VOLKSWAGEN TIGUAN,5,E01007682,0,-1
2021041097249,2021,041097249,1,9,0,18,19,1,5,0,0,0,5,10,7,2,1,1,6,6,1,19,4,1968,2,10,VOLKSWAGEN TIGUAN,10,E01006932,0,-1
2021451076010,2021,451076010,1,9,0,18,19,7,3,0,0,0,0,0,0,0,2,2,5,6,2,29,6,1498,1,0,VOLKSWAGEN TIGUAN,8,E01030565,0,-1
2021041046212,2021,041046212,2,9,0,18,19,7,3,0,0,0,0,0,0,0,2,1,2,2,2,35,6,1984,1,3,VOLKSWAGEN TIGUAN,10,E01025008,0,-1
2021111080013,2021,111080013,2,9,0,18,19,1,5,0,0,1,0,10,7,0,4,1,6,6,1,83,11,1968,2,11,VOLKSWAGEN TIGUAN,4,E01020667,0,-1
2021010344871,2021,010344871,1,9,0,18,19,1,5,0,0,0,0,0,0,0,4,1,3,7,2,35,6,1498,1,1,VOLKSWAGEN TIGUAN,2,E01032569,0,-1
2021221060819,2021,221060819,1,9,0,18,19,6,2,0,0,0,0,0,0,0,3,1,3,7,2,40,7,1968,2,7,VOLKSWAGEN TIGUAN,5,E01014054,0,-1
2021122100022,2021,122100022,1,9,0,4,4,4,8,0,0,1,1,0,0,0,1,1,6,6,1,47,8,1968,2,1,VOLKSWAGEN TIGUAN,9,E01013429,0,-1
2021451053707,2021,451053707,1,9,0,18,19,5,1,0,0,0,0,0,0,0,1,1,5,6,2,45,7,1968,2,9,VOLKSWAGEN TIGUAN,5,E01030946,0,-1
2021440400832,2021,440400832,3,9,0,18,19,3,7,0,0,0,0,0,0,0,1,1,2,2,1,53,8,1968,2,13,VOLKSWAGEN TIGUAN,6,E01017043,0,-1
20211381F1438,2021,1381F1438,2,9,0,18,19,3,7,0,0,0,0,0,0,0,1,1,6,6,3,-1,-1,1968,2,1,VOLKSWAGEN TIGUAN,-1,-1,0,-1
2021520201482,2021,520201482,2,9,0,18,19,4,8,0,0,8,0,0,0,0,2,1,6,6,1,63,9,1968,2,5,VOLKSWAGEN TIGUAN,3,E01029111,0,-1
2021010341366,2021,010341366,2,9,0,18,19,1,5,0,0,1,0,0,0,0,2,2,6,6,2,45,7,1968,2,3,VOLKSWAGEN TIGUAN,2,E01001006,0,-1
2021041011390,2021,041011390,2,9,0,2,2,0,0,9,9,0,0,0,0,0,3,1,6,6,3,-1,-1,1968,2,7,VOLKSWAGEN TIGUAN,-1,-1,0,-1
2021440190590,2021,440190590,1,9,0,9,9,7,6,0,0,6,0,0,0,0,1,1,1,1,2,43,7,1968,2,5,VOLKSWAGEN TIGUAN,10,E01022521,0,-1
2021501050135,2021,501050135,1,9,0,5,5,8,4,0,0,8,0,0,0,0,4,1,2,2,2,35,6,1968,2,7,VOLKSWAGEN TIGUAN,5,E01018921,0,-1
202154A007121,2021,54A007121,1,9,0,13,13,3,7,0,0,0,0,0,7,10,1,1,6,6,1,70,10,1968,2,3,VOLKSWAGEN TIGUAN,6,E01031853,0,-1
202163A103821,2021,63A103821,2,9,0,10,10,4,8,0,0,8,0,0,0,0,2,1,6,6,2,35,6,1968,2,10,VOLKSWAGEN TIGUAN,4,W01001899,0,-1
2021451045815,2021,451045815,2,9,0,18,19,5,1,0,0,1,0,0,0,0,1,1,5,6,1,39,7,1498,1,1,VOLKSWAGEN TIGUAN,10,E01030590,0,-1
202131B038921,2021,31B038921,1,9,0,2,2,0,0,0,0,0,0,0,0,0,3,1,6,6,3,-1,-1,1968,2,8,VOLKSWAGEN TIGUAN,-1,-1,0,-1
2021010330005,2021,010330005,1,9,0,4,4,7,3,0,0,1,0,0,0,0,3,1,2,2,1,24,5,1968,2,1,VOLKSWAGEN TIGUAN,3,E01003201,0,-1
2021221103179,2021,221103179,1,9,0,2,2,0,0,0,0,0,0,0,0,0,3,1,5,6,1,24,5,1968,2,10,VOLKSWAGEN TIGUAN,2,E01032202,0,-1
2021411016233,2021,411016233,8,9,0,18,19,5,1,0,0,0,0,0,0,0,1,1,6,6,2,30,6,1968,2,6,VOLKSWAGEN TIGUAN,6,E01023583,0,-1
2021031113170,2021,031113170,2,9,0,2,2,0,0,0,0,0,0,0,0,0,2,1,6,6,3,-1,-1,1498,1,2,VOLKSWAGEN TIGUAN,-1,-1,0,-1
2021461055770,2021,461055770,1,9,0,9,9,5,3,0,0,0,0,0,0,0,4,1,6,6,2,26,6,1498,1,1,VOLKSWAGEN TIGUAN,5,E01024619,0,-1
202131C065121,2021,31C065121,1,9,0,4,4,4,8,0,0,0,0,0,0,0,2,1,6,6,1,-1,-1,1395,1,3,VOLKSWAGEN TIGUAN,10,E01028363,0,-1
2021522105790,2021,522105790,2,9,0,1,1,3,7,5,5,2,0,0,0,0,2,1,6,6,3,-1,-1,1968,2,9,VOLKSWAGEN TIGUAN,-1,-1,0,-1
2021221044329,2021,221044329,1,9,0,18,19,2,6,0,0,0,1,0,0,0,1,1,6,6,2,47,8,1968,2,11,VOLKSWAGEN TIGUAN,6,E01013998,0,-1
2021111072758,2021,111072758,2,9,0,18,19,8,4,0,0,1,0,0,0,0,1,1,6,6,2,28,6,1968,2,7,VOLKSWAGEN TIGUAN,4,E01020633,0,-1
2021351022446,2021,351022446,1,9,0,4,4,3,7,0,0,0,0,0,0,0,2,1,5,6,2,31,6,1498,1,1,VOLKSWAGEN TIGUAN,9,E01017590,0,-1
2021471114698,2021,471114698,2,9,0,18,19,6,2,0,0,0,0,0,0,0,2,1,1,1,1,52,8,1498,1,1,VOLKSWAGEN TIGUAN,7,E01021160,0,-1
2021010340226,2021,010340226,1,9,0,4,4,1,5,0,0,2,0,0,0,0,2,1,6,6,1,52,8,1968,2,4,VOLKSWAGEN TIGUAN,5,E01001646,0,-1
2021221072292,2021,221072292,2,9,0,4,4,2,6,0,0,1,0,0,0,0,2,1,5,6,2,38,7,1968,2,6,VOLKSWAGEN TIGUAN,7,E01028987,0,-1
2021451115146,2021,451115146,3,9,0,18,19,5,3,0,0,0,0,0,0,0,2,1,5,6,2,27,6,1968,2,6,VOLKSWAGEN TIGUAN,10,W01001635,0,-1
2021010307515,2021,010307515,1,9,0,9,9,3,2,0,0,6,0,0,0,0,1,1,6,6,2,38,7,1984,1,8,VOLKSWAGEN TIGUAN,2,E01000045,0,-1
2021545219821,2021,545219821,3,9,0,3,3,8,4,0,0,0,0,0,0,0,2,1,6,6,1,48,8,1968,2,8,VOLKSWAGEN TIGUAN,8,E01015472,0,-1
2021371095163,2021,371095163,2,9,0,18,19,6,2,0,0,0,0,0,0,0,1,1,1,1,2,37,7,1968,2,12,VOLKSWAGEN TIGUAN,6,E01029881,0,-1
2021991078536,2021,991078536,1,9,0,18,19,6,2,0,0,0,0,0,0,0,1,1,5,6,1,42,7,1968,2,3,VOLKSWAGEN TIGUAN,1,-1,0,-1
2021111044197,2021,111044197,2,9,0,18,19,5,1,0,0,0,0,0,0,0,1,1,6,6,2,58,9,1968,2,2,VOLKSWAGEN TIGUAN,7,E01012366,0,-1
2021101060670,2021,101060670,2,9,0,18,19,5,1,0,0,2,0,0,0,0,4,1,6,6,2,32,6,1968,2,6,VOLKSWAGEN TIGUAN,5,E01008224,0,-1
2021010342007,2021,010342007,2,9,0,99,99,9,9,99,99,9,9,99,9,99,2,9,6,6,2,38,7,1968,2,2,VOLKSWAGEN TIGUAN,3,E01001832,0,-1
2021010313318,2021,010313318,1,9,0,99,99,9,9,99,99,9,9,99,9,99,9,9,6,6,2,52,8,1968,2,13,VOLKSWAGEN TIGUAN,7,E01002197,0,-1
2021546906321,2021,546906321,1,9,0,18,19,4,8,0,0,0,0,0,0,0,4,1,6,6,1,30,6,1968,2,9,VOLKSWAGEN TIGUAN,10,E01028745,0,-1
2021501067545,2021,501067545,1,9,0,9,9,4,1,0,0,0,0,0,0,0,1,1,5,6,1,55,8,1968,2,7,VOLKSWAGEN TIGUAN,9,E01015105,0,-1
2021544100321,2021,544100321,2,9,0,9,9,3,7,0,0,5,0,0,0,0,3,1,6,6,2,63,9,1968,2,8,VOLKSWAGEN TIGUAN,6,E01032083,0,-1
2021311119817,2021,311119817,1,9,0,9,9,7,5,0,0,0,0,0,0,0,3,1,2,2,2,41,7,1968,2,4,VOLKSWAGEN TIGUAN,10,E01028379,0,-1
2021221035235,2021,221035235,2,9,0,18,19,5,1,0,0,8,0,0,0,0,1,1,5,6,2,28,6,1968,2,11,VOLKSWAGEN TIGUAN,5,E01028990,0,-1
2021141100906,2021,141100906,1,9,0,18,19,1,5,0,0,0,0,0,0,0,2,1,5,6,1,64,9,1968,2,8,VOLKSWAGEN TIGUAN,8,E01007685,0,-1
2021052100457,2021,052100457,2,9,0,18,19,4,8,0,0,0,0,0,0,0,1,1,6,6,3,-1,-1,1498,1,1,VOLKSWAGEN TIGUAN,-1,-1,0,-1
2021520102358,2021,520102358,1,9,0,9,9,1,6,0,0,8,0,0,0,0,1,1,6,6,1,60,9,1395,1,3,VOLKSWAGEN TIGUAN,9,E01029295,0,-1
2021430004540,2021,430004540,1,9,0,18,19,1,5,0,0,7,1,0,0,0,1,1,2,2,1,50,8,1968,2,2,VOLKSWAGEN TIGUAN,7,E01016288,0,-1
2021010301418,2021,010301418,1,9,0,18,19,5,1,0,0,1,0,0,0,0,3,1,6,6,2,32,6,1968,2,7,VOLKSWAGEN TIGUAN,9,E01000670,0,-1
2021401119199,2021,401119199,1,9,0,18,19,7,1,0,0,0,0,0,7,0,1,1,5,6,1,60,9,1968,2,6,VOLKSWAGEN TIGUAN,8,E01015745,0,-1
2021131064849,2021,131064849,1,9,0,18,19,3,7,0,0,8,1,0,0,0,1,1,6,6,3,-1,-1,1968,2,3,VOLKSWAGEN TIGUAN,-1,-1,0,-1
2021010322417,2021,010322417,1,9,0,3,3,1,5,0,0,3,0,0,0,0,0,1,6,6,2,27,6,1968,2,5,VOLKSWAGEN TIGUAN,7,E01030361,0,-1
2021991102387,2021,991102387,1,9,0,9,9,5,2,0,0,6,0,0,1,0,4,1,6,6,1,22,5,1968,2,2,VOLKSWAGEN TIGUAN,-1,-1,0,-1
2021361107133,2021,361107133,1,9,0,18,19,5,1,0,0,0,0,0,0,0,0,1,5,6,1,82,11,1498,1,1,VOLKSWAGEN TIGUAN,4,E01026656,0,-1
2021411078235,2021,411078235,1,9,0,18,19,4,8,0,0,0,0,0,0,0,4,1,6,6,1,37,7,1498,1,1,VOLKSWAGEN TIGUAN,5,E01023869,0,-1
2021361039754,2021,361039754,1,9,0,5,5,7,3,0,0,1,1,0,0,0,1,1,5,6,2,65,9,1968,2,5,VOLKSWAGEN TIGUAN,5,E01026442,0,-1
2021522200705,2021,522200705,2,9,0,18,19,7,3,0,0,8,0,0,0,0,1,1,6,6,1,24,5,1968,2,5,VOLKSWAGEN TIGUAN,3,E01014499,0,-1
2021430099870,2021,430099870,2,9,0,18,19,1,5,0,0,1,0,0,0,0,1,1,6,6,1,-1,-1,1968,2,5,VOLKSWAGEN TIGUAN,-1,-1,0,-1
2021010302261,2021,010302261,2,9,0,99,99,9,9,99,99,9,9,99,9,99,9,9,6,6,3,-1,-1,1968,2,2,VOLKSWAGEN TIGUAN,2,E01000934,0,-1
2021411052156,2021,411052156,2,9,0,-1,-1,5,1,0,0,0,0,0,-1,0,2,1,5,6,1,45,7,1968,2,4,VOLKSWAGEN TIGUAN,4,E01017570,0,-1
2021201147361,2021,201147361,2,9,0,18,19,4,8,0,0,0,0,0,0,0,2,1,6,6,1,44,7,1968,2,5,VOLKSWAGEN TIGUAN,7,E01010461,0,-1
2021991124129,2021,991124129,2,9,0,18,19,6,2,0,0,8,0,0,0,0,4,1,5,6,2,26,6,1498,1,2,VOLKSWAGEN TIGUAN,2,-1,0,-1
2021471121650,2021,471121650,2,9,0,18,19,6,3,0,0,1,0,0,7,0,4,1,5,6,1,52,8,1968,2,2,VOLKSWAGEN TIGUAN,8,E01031505,0,-1
2021522201546,2021,522201546,1,9,0,11,11,8,4,0,0,0,0,0,0,0,1,1,6,6,1,79,11,1968,2,11,VOLKSWAGEN TIGUAN,1,E01014486,0,-1
2021544924021,2021,544924021,1,9,0,18,19,6,1,0,0,4,0,0,0,0,2,1,6,6,1,77,11,1968,2,1,VOLKSWAGEN TIGUAN,9,E01032105,0,-1
2021451064713,2021,451064713,1,9,0,18,19,7,3,0,0,0,0,0,0,0,2,1,5,6,1,34,6,1498,1,2,VOLKSWAGEN TIGUAN,4,E01024377,0,-1
2021231110642,2021,231110642,1,9,0,18,19,6,2,0,0,3,0,0,0,0,1,1,3,7,2,49,8,1968,2,5,VOLKSWAGEN TIGUAN,9,E01031184,0,-1
2021161106484,2021,161106484,1,9,0,18,19,6,2,0,0,2,0,0,0,0,1,1,6,6,1,53,8,1968,2,2,VOLKSWAGEN TIGUAN,3,E01012784,0,-1
2021131094177,2021,131094177,1,9,0,5,5,8,6,0,0,8,0,0,0,0,3,1,6,6,2,30,6,1968,2,10,VOLKSWAGEN TIGUAN,5,E01011114,0,-1
2021061067624,2021,061067624,3,9,0,5,5,1,5,0,0,1,0,0,0,0,2,1,6,6,3,30,6,1968,2,4,VOLKSWAGEN TIGUAN,-1,-1,0,-1