collision_index,collision_year,collision_ref_no,vehicle_reference,vehicle_type,towing_and_articulation,vehicle_manoeuvre_historic,vehicle_manoeuvre,vehicle_direction_from,vehicle_direction_to,vehicle_location_restricted_lane_historic,vehicle_location_restricted_lane,junction_location,skidding_and_overturning,hit_object_in_carriageway,vehicle_leaving_carriageway,hit_object_off_carriageway,first_point_of_impact,vehicle_left_hand_drive,journey_purpose_of_driver_historic,journey_purpose_of_driver,sex_of_driver,age_of_driver,age_band_of_driver,engine_capacity_cc,propulsion_code,age_of_vehicle,generic_make_model,driver_imd_decile,lsoa_of_driver,escooter_flag,driver_distance_banding
2021010325595,2021,010325595,1,9,0,2,2,0,0,9,9,1,0,0,0,0,3,1,6,6,3,-1,-1,1388,1,12,FORD FIESTA,-1,-1,0,-1
2021010299166,2021,010299166,2,9,0,18,19,7,3,0,0,0,0,0,0,0,3,1,6,6,1,61,9,1388,1,12,FORD FIESTA,6,E01002541,0,-1
2021411128381,2021,411128381,2,9,0,12,12,2,6,0,0,4,0,0,0,0,1,1,6,6,1,65,9,1388,1,10,FORD FIESTA,4,E01023393,0,-1
2021361016000,2021,361016000,1,9,0,18,19,2,7,0,0,0,2,10,0,0,1,1,5,6,1,19,4,1560,2,7,FORD FIESTA,4,E01026728,0,-1
2021471053051,2021,471053051,1,9,0,18,19,7,3,0,0,8,0,0,0,0,4,1,2,2,1,27,6,1399,2,10,FORD FIESTA,3,E01016954,0,-1
2021010295766,2021,010295766,1,9,0,3,3,1,5,0,0,1,0,0,0,0,2,1,6,6,2,43,7,998,1,4,FORD FIESTA,2,E01004413,0,-1
2021010290114,2021,010290114,2,9,0,18,19,3,7,0,0,8,0,0,0,0,1,1,1,1,2,25,5,998,1,5,FORD FIESTA,5,E01003945,0,-1
2021461120858,2021,461120858,3,9,0,8,8,7,3,0,0,0,0,0,0,0,4,1,6,6,1,48,8,-1,-1,-1,FORD FIESTA,3,E01024392,0,-1
2021440303398,2021,440303398,1,9,0,18,19,8,4,0,0,0,1,0,1,4,1,1,6,6,1,29,6,-1,-1,-1,FORD FIESTA,1,E01017245,0,-1
2021549143221,2021,549143221,1,9,0,18,19,6,2,0,0,0,1,0,1,4,1,1,6,6,1,20,4,1242,1,11,FORD FIESTA,8,E01022713,0,-1
2021351048855,2021,351048855,2,9,0,2,2,0,0,0,0,0,0,4,0,0,3,1,6,6,3,-1,-1,1399,2,10,FORD FIESTA,-1,-1,0,-1
2021991074847,2021,991074847,2,9,0,3,3,4,8,0,0,0,0,0,0,0,2,1,6,6,1,44,7,-1,-1,-1,FORD FIESTA,5,-1,0,-1
2021131115608,2021,131115608,2,9,0,18,19,8,4,0,0,0,0,0,0,0,3,1,5,6,2,28,6,1242,1,12,FORD FIESTA,2,E01007395,0,-1
2021201146327,2021,201146327,4,9,0,2,2,0,0,9,9,0,0,0,0,0,1,1,5,6,3,-1,-1,1242,1,15,FORD FIESTA,-1,-1,0,-1
2021010313861,2021,010313861,2,9,0,99,99,9,9,99,99,9,9,99,9,99,1,9,6,6,3,-1,-1,998,1,7,FORD FIESTA,-1,-1,0,-1
2021522102565,2021,522102565,2,9,0,2,2,0,0,0,0,0,0,0,0,0,2,1,6,6,1,22,5,1388,1,13,FORD FIESTA,-1,-1,0,-1
2021411084273,2021,411084273,3,9,0,18,19,-1,-1,0,0,0,0,0,0,0,1,1,5,6,2,-1,-1,1242,1,6,FORD FIESTA,1,E01009270,0,-1
2021201029465,2021,201029465,3,9,0,9,9,4,2,0,0,1,0,0,0,0,2,1,6,6,1,35,6,1388,1,11,FORD FIESTA,5,E01008885,0,-1
2021041059997,2021,041059997,1,9,0,7,7,3,5,0,0,1,0,0,0,0,1,1,6,6,1,74,10,1242,1,12,FORD FIESTA,9,E01025133,0,-1
2021231094473,2021,231094473,1,9,0,18,19,4,8,0,0,8,0,0,0,0,4,1,5,6,2,31,6,1388,1,13,FORD FIESTA,5,E01031169,0,-1
2021031091004,2021,031091004,1,9,0,18,19,1,5,0,0,0,0,0,2,10,1,1,6,6,1,35,6,1560,2,15,FORD FIESTA,1,E01019141,0,-1
2021401059225,2021,401059225,2,9,0,18,19,5,1,0,0,1,0,0,1,10,1,1,5,6,3,-1,-1,1242,1,18,FORD FIESTA,-1,-1,0,-1
2021141113893,2021,141113893,2,9,0,18,19,3,7,0,0,0,0,0,0,0,2,1,2,2,1,32,6,-1,-1,-1,FORD FIESTA,9,E01011419,0,-1
2021622100513,2021,622100513,2,9,0,18,19,6,2,0,0,8,0,0,1,10,2,1,6,6,2,85,11,1242,1,15,FORD FIESTA,8,W01001047,0,-1
2021991104987,2021,991104987,1,9,0,16,19,7,3,0,0,0,5,0,2,3,4,1,2,2,1,20,4,1242,1,9,FORD FIESTA,8,-1,0,-1
202131A063021,2021,31A063021,1,9,0,9,9,1,6,0,0,6,0,0,0,0,1,1,6,6,1,25,5,1242,1,13,FORD FIESTA,1,E01028268,0,-1
2021421092304,2021,421092304,6,9,0,3,3,6,2,0,0,0,0,0,0,0,2,1,5,6,2,37,7,1499,2,8,FORD FIESTA,7,E01021476,0,-1
2021371042808,2021,371042808,1,9,0,18,19,5,1,0,0,1,0,0,0,0,1,1,6,6,1,18,4,998,1,6,FORD FIESTA,8,E01026439,0,-1
2021531099306,2021,531099306,3,9,0,10,10,8,4,0,0,5,0,0,0,0,2,1,5,6,2,32,6,998,1,7,FORD FIESTA,6,E01022235,0,-1
2021201104621,2021,201104621,3,9,0,3,3,4,8,0,0,1,0,0,0,0,3,1,6,6,2,29,6,998,1,6,FORD FIESTA,7,E01009443,0,-1
2021041109510,2021,041109510,3,9,0,2,2,0,0,0,0,2,0,0,0,0,4,1,6,6,3,-1,-1,1242,1,6,FORD FIESTA,-1,-1,0,-1
2021221106344,2021,221106344,1,9,0,16,19,3,6,0,0,0,0,0,7,11,3,1,5,6,1,18,4,1499,2,6,FORD FIESTA,5,E01014186,0,-1
2021141115443,2021,141115443,1,9,0,7,7,5,8,0,0,6,0,0,0,0,1,1,2,2,2,36,7,1242,1,15,FORD FIESTA,5,E01007588,0,-1
2021320708884,2021,320708884,1,9,0,18,19,2,6,0,0,8,0,0,0,0,4,1,6,6,1,75,10,1388,1,19,FORD FIESTA,7,E01026029,0,-1
2021501110452,2021,501110452,1,9,0,5,5,7,3,0,0,0,0,4,0,0,1,1,6,6,2,62,9,-1,-1,-1,FORD FIESTA,1,E01015263,0,-1
2021061095888,2021,061095888,1,9,0,18,19,1,1,0,0,0,0,0,0,0,1,1,6,6,1,30,6,-1,-1,-1,FORD FIESTA,3,W01000298,0,-1
2021421057660,2021,421057660,1,9,0,5,5,3,7,0,0,4,0,0,0,0,3,1,6,6,1,60,9,1999,1,15,FORD FIESTA,3,E01015882,0,-1
2021610049421,2021,610049421,1,9,0,18,19,8,4,0,0,4,0,0,0,0,2,1,2,2,1,28,6,998,1,3,FORD FIESTA,5,W01001486,0,-1
2021440002540,2021,440002540,1,9,0,18,19,2,4,0,0,8,0,0,0,0,4,1,6,6,1,19,4,998,1,3,FORD FIESTA,2,E01017276,0,-1
202131B199221,2021,31B199221,1,9,0,18,19,4,8,0,0,0,0,0,0,0,1,1,6,6,1,23,5,998,1,3,FORD FIESTA,1,E01027974,0,-1
2021991028576,2021,991028576,2,9,0,17,19,8,4,0,0,0,0,0,1,1,2,1,5,6,1,24,5,1242,1,7,FORD FIESTA,9,-1,0,-1
2021552101235,2021,552101235,2,9,0,18,19,7,3,0,0,8,0,0,0,0,1,1,6,6,1,18,4,1242,1,14,FORD FIESTA,7,E01020540,0,-1
2021010313321,2021,010313321,2,9,0,18,19,7,3,0,0,1,0,0,0,0,1,1,6,6,1,21,5,1388,1,11,FORD FIESTA,4,E01004141,0,-1
2021552100228,2021,552100228,1,9,0,18,19,6,2,0,0,1,0,0,0,0,1,1,2,2,2,22,5,998,1,8,FORD FIESTA,9,E01020417,0,-1
2021141029909,2021,141029909,3,9,0,2,2,0,0,9,9,2,0,0,0,0,1,1,6,6,3,-1,-1,1560,2,8,FORD FIESTA,-1,-1,0,-1
2021311110435,2021,311110435,3,9,0,3,3,5,1,0,0,0,0,0,0,0,2,1,6,6,2,50,8,1560,2,11,FORD FIESTA,7,E01028293,0,-1
2021430447479,2021,430447479,1,9,0,18,19,6,2,0,0,0,0,0,0,0,1,1,2,2,1,21,5,998,1,5,FORD FIESTA,5,E01016218,0,-1
2021501133984,2021,501133984,1,9,0,9,9,8,4,0,0,1,0,0,0,0,1,1,5,6,2,48,8,1242,1,8,FORD FIESTA,4,E01019043,0,-1
202163A088321,2021,63A088321,1,9,0,18,19,2,6,0,0,0,5,0,2,10,1,1,6,6,1,18,4,1596,1,10,FORD FIESTA,5,W01000528,0,-1
2021401119502,2021,401119502,1,9,0,16,19,6,2,0,0,0,0,0,7,0,4,1,6,6,1,18,4,1242,1,19,FORD FIESTA,7,E01017416,0,-1
2021320401084,2021,320401084,2,9,0,18,19,5,1,0,0,8,0,0,0,0,3,1,6,6,2,35,6,1596,1,14,FORD FIESTA,7,E01026188,0,-1
2021430503449,2021,430503449,1,9,0,18,19,6,2,0,0,1,0,0,0,0,1,1,6,6,1,29,6,998,1,3,FORD FIESTA,10,E01017689,0,-1
2021131043305,2021,131043305,1,9,0,9,9,5,1,0,0,0,0,0,7,11,2,1,5,6,2,64,9,998,1,7,FORD FIESTA,7,E01011214,0,-1
2021201147343,2021,201147343,1,9,0,13,13,1,5,0,0,0,0,0,0,0,4,1,6,6,1,25,5,1242,1,12,FORD FIESTA,4,E01010304,0,-1
2021221108034,2021,221108034,1,9,0,17,19,7,4,0,0,0,2,10,2,11,1,1,5,6,1,18,4,1560,2,12,FORD FIESTA,6,E01027883,0,-1
2021161128746,2021,161128746,2,9,0,18,19,3,7,0,0,1,0,0,0,0,1,1,6,6,2,24,5,1499,2,5,FORD FIESTA,6,E01013036,0,-1
2021471060853,2021,471060853,2,9,0,2,2,0,0,0,0,0,0,0,0,0,3,1,6,6,3,-1,-1,998,1,6,FORD FIESTA,-1,-1,0,-1
2021991127623,2021,991127623,1,9,0,18,19,5,1,0,0,0,0,0,0,0,1,1,1,1,1,50,8,1388,1,17,FORD FIESTA,3,-1,0,-1
2021122101446,2021,122101446,1,9,0,18,19,1,5,0,0,0,0,0,1,0,1,1,6,6,1,30,6,1388,1,17,FORD FIESTA,10,E01027721,0,-1
2021070708063,2021,070708063,2,9,0,18,19,3,7,0,0,8,0,0,0,0,1,1,2,2,1,-1,-1,1499,2,4,FORD FIESTA,-1,-1,0,-1
2021052101786,2021,052101786,1,9,0,18,19,1,5,0,0,1,0,0,0,0,1,1,6,6,3,-1,-1,1242,1,7,FORD FIESTA,-1,-1,0,-1
2021991046946,2021,991046946,3,9,0,3,3,7,4,0,0,0,0,0,0,0,2,1,6,6,2,61,9,1242,1,8,FORD FIESTA,3,-1,0,-1
2021991053195,2021,991053195,2,9,0,18,19,3,7,0,0,1,0,0,0,0,4,1,5,6,2,37,7,1242,1,7,FORD FIESTA,2,-1,0,-1
2021211065982,2021,211065982,2,9,0,18,19,3,7,0,0,1,0,0,0,0,4,1,5,6,2,73,10,1388,1,9,FORD FIESTA,1,E01010288,0,-1
2021461051617,2021,461051617,1,9,0,18,19,3,5,0,0,0,0,0,0,0,4,1,6,6,2,20,4,1242,1,9,FORD FIESTA,2,E01000434,0,-1
2021201071753,2021,201071753,1,9,0,4,4,5,1,0,0,0,0,0,0,0,1,1,6,6,1,19,4,998,1,7,FORD FIESTA,5,E01009710,0,-1
2021010319576,2021,010319576,1,9,0,18,19,7,3,0,0,2,0,0,0,0,1,1,6,6,1,20,4,1388,1,11,FORD FIESTA,4,E01015953,0,-1
2021201054419,2021,201054419,2,9,0,18,19,7,3,0,0,0,0,0,0,0,4,1,6,6,1,32,6,1560,2,12,FORD FIESTA,5,E01010558,0,-1
2021461110124,2021,461110124,2,9,0,3,3,5,1,0,0,0,0,0,0,0,2,1,5,6,1,18,4,1399,2,10,FORD FIESTA,4,E01024176,0,-1
2021411119783,2021,411119783,2,9,0,17,19,4,8,0,0,1,0,0,7,0,1,1,5,6,2,30,6,998,1,3,FORD FIESTA,10,E01023908,0,-1
2021031114783,2021,031114783,1,9,0,9,9,5,8,0,0,1,1,0,0,0,1,1,6,6,2,17,4,998,1,4,FORD FIESTA,5,E01019132,0,-1
2021421071410,2021,421071410,2,9,0,18,19,8,4,0,0,0,0,0,0,0,2,1,5,6,1,25,5,1596,1,12,FORD FIESTA,4,E01001484,0,-1
2021070162763,2021,070162763,2,9,0,5,5,1,5,0,0,2,0,0,0,0,4,1,6,6,1,50,8,1560,2,10,FORD FIESTA,8,E01018495,0,-1
2021031088529,2021,031088529,2,9,0,18,19,8,4,0,0,2,0,0,0,0,1,1,5,6,2,21,5,998,1,5,FORD FIESTA,8,E01019223,0,-1
2021010325541,2021,010325541,3,9,0,2,2,0,0,0,0,2,0,0,0,0,2,1,6,6,3,-1,-1,998,1,5,FORD FIESTA,-1,-1,0,-1
2021010344160,2021,010344160,2,9,0,99,99,9,9,99,99,9,9,99,9,99,9,9,6,6,3,-1,-1,1242,1,6,FORD FIESTA,-1,-1,0,-1
2021522201666,2021,522201666,1,9,0,18,19,7,3,0,0,0,0,0,0,0,1,1,6,6,1,30,6,1388,1,9,FORD FIESTA,4,E01014495,0,-1
2021041050206,2021,041050206,3,9,0,18,19,3,7,0,0,0,0,0,0,0,1,1,6,6,2,26,6,1084,1,2,FORD FIESTA,6,E01025418,0,-1
2021131068262,2021,131068262,1,9,0,9,9,8,5,0,0,5,0,0,0,0,4,1,5,6,1,50,8,1399,2,13,FORD FIESTA,10,E01011453,0,-1
2021991086744,2021,991086744,1,9,0,9,9,1,7,0,0,8,0,0,0,0,1,1,6,6,1,36,7,1388,1,14,FORD FIESTA,2,-1,0,-1
2021421103385,2021,421103385,2,9,0,18,19,5,1,0,0,4,0,0,0,0,2,1,6,6,1,22,5,1596,1,13,FORD FIESTA,4,E01021809,0,-1
2021991040960,2021,991040960,1,9,0,18,19,1,5,0,0,2,5,0,7,0,1,1,5,6,1,21,5,998,1,6,FORD FIESTA,7,-1,0,-1
2021302100895,2021,302100895,1,9,0,3,3,2,6,0,0,4,0,0,0,0,2,1,6,6,2,18,4,1499,2,5,FORD FIESTA,7,E01019636,0,-1
2021411023286,2021,411023286,1,9,0,18,19,2,6,0,0,0,2,0,7,0,1,1,1,1,2,37,7,998,1,6,FORD FIESTA,7,E01023736,0,-1
2021471101671,2021,471101671,1,9,0,18,19,1,5,0,0,0,0,4,0,0,1,1,5,6,2,31,6,1388,1,17,FORD FIESTA,5,E01031570,0,-1
2021302100784,2021,302100784,2,9,0,16,19,4,6,0,0,8,0,0,0,0,3,1,6,6,1,21,5,1242,1,12,FORD FIESTA,7,E01019843,0,-1
2021421080099,2021,421080099,2,9,0,4,4,6,2,0,0,0,0,0,0,0,2,1,6,6,2,61,9,1596,1,11,FORD FIESTA,7,E01021381,0,-1
2021031074928,2021,031074928,1,9,0,17,19,3,7,0,0,0,0,0,1,0,3,1,5,6,1,17,4,1242,1,8,FORD FIESTA,5,E01019201,0,-1
2021010318413,2021,010318413,2,9,0,5,5,3,7,0,0,1,0,0,0,0,1,1,6,6,1,25,5,998,1,8,FORD FIESTA,2,E01002077,0,-1
2021070685259,2021,070685259,1,9,0,18,19,5,1,0,0,1,0,0,0,0,1,2,2,2,1,18,4,1388,1,14,FORD FIESTA,8,E01012485,0,-1
2021991050233,2021,991050233,1,9,0,17,19,5,1,0,0,0,5,0,1,7,1,1,5,6,1,22,5,998,1,6,FORD FIESTA,2,-1,0,-1
2021522105052,2021,522105052,1,9,0,10,10,1,7,0,0,8,0,0,0,0,2,1,6,6,1,17,4,998,1,7,FORD FIESTA,4,E01014586,0,-1
2021101054107,2021,101054107,1,9,0,5,5,8,4,0,0,6,0,0,0,0,4,1,5,6,2,38,7,1242,1,17,FORD FIESTA,2,E01008776,0,-1
2021471109513,2021,471109513,2,9,0,2,2,0,0,0,0,2,0,0,0,0,3,1,6,6,3,-1,-1,1388,1,13,FORD FIESTA,-1,-1,0,-1
2021421106123,2021,421106123,1,9,0,18,19,7,3,0,0,0,0,0,0,0,4,1,5,6,1,21,5,998,1,5,FORD FIESTA,9,E01021654,0,-1
2021991040685,2021,991040685,1,9,0,18,19,4,8,0,0,0,0,4,0,0,1,1,5,6,1,27,6,999,1,1,FORD FIESTA,5,-1,0,-1
2021010311112,2021,010311112,2,9,0,18,19,3,7,0,0,8,0,0,0,0,1,1,6,6,1,30,6,1596,1,5,FORD FIESTA,2,E01003256,0,-1
2021622100872,2021,622100872,1,9,0,18,19,6,2,0,0,0,0,0,0,0,1,1,1,1,1,21,5,1242,1,13,FORD FIESTA,9,W01001008,0,-1
2021101083875,2021,101083875,2,9,0,5,5,3,4,0,0,6,0,0,0,0,1,1,6,6,2,45,7,998,1,2,FORD FIESTA,3,E01008595,0,-1
2021010339499,2021,010339499,1,9,0,99,99,9,9,99,99,9,9,99,9,99,2,9,6,6,2,36,7,1242,1,8,FORD FIESTA,3,E01003539,0,-1
2021430489240,2021,430489240,1,9,0,18,19,8,4,0,0,0,0,0,0,0,1,1,6,6,2,45,7,1242,1,15,FORD FIESTA,4,E01016325,0,-1
2021543978521,2021,543978521,1,9,0,1,1,5,1,5,5,0,0,0,0,0,2,1,6,6,1,78,11,1242,1,5,FORD FIESTA,9,E01032060,0,-1
2021991126224,2021,991126224,2,9,0,18,19,6,2,0,0,0,0,0,0,0,1,1,5,6,1,37,7,-1,-1,-1,FORD FIESTA,8,-1,0,-1
2021010327618,2021,010327618,1,9,0,18,19,7,3,0,0,2,0,0,0,0,1,1,1,1,1,50,8,-1,-1,-1,FORD FIESTA,10,E01002188,0,-1
2021061024999,2021,061024999,1,9,0,18,19,4,4,9,9,1,0,0,7,0,3,1,6,6,1,18,4,1388,1,18,FORD FIESTA,5,E01005648,0,-1
2021501043581,2021,501043581,1,9,0,18,19,1,5,0,0,0,0,10,1,0,3,1,6,6,1,-1,-1,998,1,4,FORD FIESTA,-1,-1,0,-1
2021991114359,2021,991114359,2,9,0,18,19,6,2,0,0,1,0,0,7,0,4,1,2,2,2,30,6,998,1,7,FORD FIESTA,9,-1,0,-1
2021061121039,2021,061121039,2,9,0,18,19,1,5,0,0,1,0,0,0,0,1,1,6,6,2,38,7,1242,1,11,FORD FIESTA,8,E01005955,0,-1
2021052101214,2021,052101214,2,9,0,18,19,1,5,0,0,0,0,0,0,0,1,1,2,2,1,65,9,1084,1,4,FORD FIESTA,7,E01006689,0,-1
2021371103144,2021,371103144,1,9,0,5,5,6,4,0,0,6,0,0,0,0,3,1,1,1,1,38,7,1388,1,15,FORD FIESTA,5,E01029946,0,-1
2021552100427,2021,552100427,2,9,0,4,4,3,7,0,0,0,0,0,0,0,2,1,6,6,2,72,10,998,1,4,FORD FIESTA,9,E01015431,0,-1
2021320228142,2021,320228142,1,9,0,18,19,7,3,0,0,0,0,0,0,0,1,1,6,6,1,45,7,1242,1,14,FORD FIESTA,1,E01007333,0,-1
2021101111135,2021,101111135,2,9,0,2,2,8,5,0,0,0,0,0,0,0,4,1,5,6,1,23,5,1596,1,5,FORD FIESTA,9,E01008617,0,-1
2021461098057,2021,461098057,2,9,0,17,19,1,6,0,0,6,1,11,0,0,3,1,6,6,1,30,6,999,1,0,FORD FIESTA,-1,-1,0,-1
2021522102781,2021,522102781,1,9,0,6,6,1,1,0,0,5,0,0,0,0,1,1,6,6,2,52,8,999,1,1,FORD FIESTA,9,E01014963,0,-1
2021991095105,2021,991095105,1,9,0,18,19,1,5,0,0,0,0,0,0,0,3,1,5,6,2,37,7,1242,1,12,FORD FIESTA,-1,-1,0,-1
2021610048121,2021,610048121,1,9,0,18,19,7,3,0,0,8,0,0,0,0,1,1,6,6,1,51,8,1388,1,9,FORD FIESTA,1,W01001696,0,-1
2021201061187,2021,201061187,2,9,0,18,19,2,6,0,0,8,0,0,0,0,1,1,6,6,1,23,5,1388,1,12,FORD FIESTA,1,E01009637,0,-1
2021430185980,2021,430185980,1,9,0,17,19,4,1,0,0,0,0,0,0,0,1,1,6,6,1,29,6,1084,1,2,FORD FIESTA,7,E01017680,0,-1
2021070826691,2021,070826691,2,9,0,3,3,5,1,0,0,4,0,0,0,0,2,1,1,1,1,39,7,1242,1,9,FORD FIESTA,-1,-1,0,-1
2021440397454,2021,440397454,2,9,0,18,19,5,1,0,0,0,0,0,0,0,1,1,2,2,1,23,5,1242,1,15,FORD FIESTA,10,E01022789,0,-1
2021161115037,2021,161115037,3,9,0,18,19,2,6,0,0,3,0,0,0,0,1,1,6,6,1,21,5,1242,1,7,FORD FIESTA,1,E01012781,0,-1
202131C174321,2021,31C174321,1,9,0,18,19,8,4,0,0,0,1,0,0,0,3,1,6,6,2,50,8,1242,1,6,FORD FIESTA,6,E01028100,0,-1
2021471043308,2021,471043308,2,9,0,3,3,1,5,0,0,1,0,0,0,0,3,1,5,6,1,36,7,1388,1,17,FORD FIESTA,2,E01024840,0,-1
2021061096760,2021,061096760,1,9,0,9,9,8,6,0,0,8,0,0,0,0,4,1,5,6,1,19,4,1388,1,13,FORD FIESTA,8,E01006224,0,-1
2021544388321,2021,544388321,2,9,0,18,19,1,5,0,0,1,0,0,0,0,1,1,6,6,1,43,7,1399,2,16,FORD FIESTA,2,E01031981,0,-1
2021430538028,2021,430538028,1,9,0,9,9,2,8,0,0,8,0,0,0,0,4,1,6,6,1,27,6,-1,-1,-1,FORD FIESTA,8,E01017753,0,-1
2021991066260,2021,991066260,2,9,0,17,19,6,2,0,0,1,0,0,0,0,0,1,5,6,1,23,5,1596,1,6,FORD FIESTA,4,W01001686,0,-1
2021221037153,2021,221037153,2,9,0,10,10,3,1,0,0,8,0,0,0,0,2,1,1,1,2,55,8,1399,2,12,FORD FIESTA,5,E01014026,0,-1
2021141024052,2021,141024052,1,9,0,18,19,4,8,0,0,0,0,0,0,0,4,1,5,6,2,19,4,998,1,3,FORD FIESTA,5,E01007360,0,-1
2021041108558,2021,041108558,1,9,0,4,4,3,7,0,0,8,0,0,0,0,2,1,6,6,2,44,7,998,1,7,FORD FIESTA,6,E01025562,0,-1
2021031085387,2021,031085387,2,9,0,5,5,6,3,0,0,1,0,0,0,0,1,1,6,6,2,56,9,1242,1,9,FORD FIESTA,6,E01019213,0,-1
2021041065977,2021,041065977,1,9,0,1,1,1,5,6,6,0,0,0,0,0,2,1,6,6,3,-1,-1,1388,1,16,FORD FIESTA,-1,-1,0,-1
2021501070026,2021,501070026,2,9,0,9,9,4,1,0,0,8,0,0,0,0,1,1,1,1,1,19,4,1242,1,14,FORD FIESTA,3,E01020272,0,-1
2021430535721,2021,430535721,1,9,0,4,4,8,4,0,0,0,0,0,0,0,1,1,6,6,1,33,6,1499,2,5,FORD FIESTA,9,E01028601,0,-1
2021451028983,2021,451028983,1,9,0,4,4,6,2,0,0,1,0,0,0,0,2,1,6,6,2,42,7,998,1,3,FORD FIESTA,9,E01030795,0,-1
2021351116233,2021,351116233,2,9,0,18,19,2,6,0,0,1,0,0,0,0,1,1,5,6,2,42,7,999,1,1,FORD FIESTA,6,E01018151,0,-1
2021161046838,2021,161046838,1,9,0,4,4,7,3,0,0,0,0,0,0,0,2,1,6,6,2,59,9,998,1,2,FORD FIESTA,3,E01013087,0,-1
2021451041166,2021,451041166,1,9,0,18,19,6,2,0,0,1,0,0,0,0,3,1,5,6,2,50,8,1242,1,15,FORD FIESTA,8,E01030668,0,-1
2021552101043,2021,552101043,2,9,0,18,19,4,8,0,0,1,0,0,0,0,1,1,6,6,1,39,7,1242,1,14,FORD FIESTA,2,E01015338,0,-1
2021501074939,2021,501074939,1,9,0,2,2,0,0,0,0,1,0,0,0,0,1,1,6,6,2,25,5,1399,2,11,FORD FIESTA,4,E01018968,0,-1
2021421035441,2021,421035441,2,9,0,3,3,7,3,0,0,0,0,0,0,0,2,1,3,7,1,42,7,1499,2,6,FORD FIESTA,4,E01021820,0,-1
2021010348981,2021,010348981,2,9,0,18,19,4,2,0,0,8,0,0,0,10,1,2,6,6,3,-1,-1,1242,1,6,FORD FIESTA,-1,-1,0,-1
2021361042579,2021,361042579,1,9,0,18,19,6,2,0,0,8,0,0,0,0,3,1,5,6,2,57,9,1242,1,10,FORD FIESTA,7,E01026669,0,-1
2021221051237,2021,221051237,1,9,0,17,19,2,7,0,0,8,0,0,0,0,1,1,5,6,1,33,6,1242,1,7,FORD FIESTA,6,E01022236,0,-1
2021421093389,2021,421093389,2,9,0,7,7,7,1,0,0,6,0,0,0,0,1,1,5,6,1,25,5,998,1,8,FORD FIESTA,2,E01025124,0,-1
2021201126701,2021,201126701,1,9,0,9,9,5,3,0,0,5,0,0,0,0,1,1,6,6,2,18,4,1560,2,11,FORD FIESTA,1,E01009611,0,-1
2021361068131,2021,361068131,1,9,0,5,5,-1,-1,0,0,8,0,0,0,0,3,1,6,6,1,25,5,1242,1,17,FORD FIESTA,6,E01026887,0,-1
2021061060214,2021,061060214,2,9,0,11,11,1,5,0,0,0,0,0,0,0,1,1,6,6,1,30,6,1242,1,16,FORD FIESTA,-1,-1,0,-1
2021320552552,2021,320552552,1,9,0,18,19,2,6,0,0,0,0,4,0,0,1,1,6,6,1,77,11,1242,1,22,FORD FIESTA,3,E01026311,0,-1
2021361143277,2021,361143277,1,9,0,18,19,4,7,0,0,0,0,0,0,0,1,1,2,2,1,27,6,1596,1,6,FORD FIESTA,7,E01026673,0,-1
2021101076293,2021,101076293,1,9,0,18,19,3,7,0,0,1,0,0,0,0,1,1,1,1,1,28,6,1388,1,14,FORD FIESTA,5,E01027409,0,-1
2021552100733,2021,552100733,1,9,0,5,5,3,7,0,0,4,0,0,0,0,1,1,6,6,2,40,7,1242,1,16,FORD FIESTA,2,E01015304,0,-1
2021211146650,2021,211146650,1,9,0,18,19,3,7,0,0,0,2,0,7,0,1,1,6,6,1,23,5,1242,1,12,FORD FIESTA,1,E01014220,0,-1
2021991016328,2021,991016328,1,9,0,9,9,7,5,7,6,5,0,0,0,0,4,1,6,6,2,21,5,998,1,6,FORD FIESTA,10,-1,0,-1
2021991054274,2021,991054274,1,9,0,18,19,2,6,0,0,2,5,4,0,0,3,1,6,6,2,73,10,999,1,1,FORD FIESTA,6,-1,0,-1
2021010302819,2021,010302819,1,9,0,12,12,7,3,0,0,0,1,0,2,6,3,1,6,6,1,19,4,1388,1,11,FORD FIESTA,7,E01002328,0,-1
2021201058841,2021,201058841,2,9,0,2,2,0,0,0,0,0,0,0,0,0,2,1,6,6,2,37,7,1242,1,6,FORD FIESTA,-1,-1,0,-1
2021471050715,2021,471050715,1,9,0,9,9,8,4,0,0,2,0,0,0,0,4,1,5,6,2,54,8,1084,1,3,FORD FIESTA,4,E01020976,0,-1
2021010305717,2021,010305717,2,9,0,99,99,9,9,99,99,0,9,99,9,99,1,9,6,6,3,-1,-1,1242,1,13,FORD FIESTA,-1,-1,0,-1
2021501090571,2021,501090571,2,9,0,16,19,5,1,0,0,0,0,0,0,0,1,1,5,6,2,33,6,1560,2,15,FORD FIESTA,4,E01018820,0,-1
2021522200912,2021,522200912,1,9,0,18,19,5,1,0,0,0,0,0,0,0,1,1,6,6,2,29,6,1596,1,5,FORD FIESTA,8,E01022786,0,-1
2021131101877,2021,131101877,1,9,0,-1,-1,-1,-1,-1,-1,2,0,0,0,0,1,1,5,6,1,26,6,998,1,2,FORD FIESTA,7,E01011053,0,-1