collision_index,collision_year,collision_ref_no,vehicle_reference,vehicle_type,towing_and_articulation,vehicle_manoeuvre_historic,vehicle_manoeuvre,vehicle_direction_from,vehicle_direction_to,vehicle_location_restricted_lane_historic,vehicle_location_restricted_lane,junction_location,skidding_and_overturning,hit_object_in_carriageway,vehicle_leaving_carriageway,hit_object_off_carriageway,first_point_of_impact,vehicle_left_hand_drive,journey_purpose_of_driver_historic,journey_purpose_of_driver,sex_of_driver,age_of_driver,age_band_of_driver,engine_capacity_cc,propulsion_code,age_of_vehicle,generic_make_model,driver_imd_decile,lsoa_of_driver,escooter_flag,driver_distance_banding
2021522101960,2021,522101960,2,9,0,18,19,3,7,0,0,8,0,0,0,0,3,1,6,6,2,38,7,1596,1,6,FORD FIESTA,5,W01001611,0,-1
2021010329926,2021,010329926,1,9,0,18,19,5,1,0,0,0,0,0,1,0,0,1,6,6,2,46,8,998,1,5,FORD FIESTA,7,E01001313,0,-1
2021211062994,2021,211062994,1,9,0,8,8,3,3,0,0,0,0,0,0,0,2,1,5,6,1,18,4,1242,1,4,FORD FIESTA,-1,-1,0,-1
2021451103897,2021,451103897,2,9,0,4,4,6,2,0,0,0,0,0,0,0,2,1,2,2,2,58,9,1242,1,4,FORD FIESTA,9,E01001017,0,-1
2021351028929,2021,351028929,2,9,0,18,19,5,1,0,0,0,0,0,0,0,2,1,6,6,2,42,7,1242,1,9,FORD FIESTA,4,E01018184,0,-1
2021161098960,2021,161098960,1,9,0,5,5,8,4,0,0,6,0,0,0,0,3,1,2,2,1,36,7,1242,1,8,FORD FIESTA,5,E01012799,0,-1
2021991109871,2021,991109871,1,9,0,9,9,6,2,0,0,0,0,0,0,0,3,1,5,6,2,55,8,1084,1,3,FORD FIESTA,5,-1,0,-1
2021471126566,2021,471126566,1,9,0,18,19,6,2,0,0,0,5,10,7,1,4,1,5,6,1,22,5,998,1,5,FORD FIESTA,9,E01021156,0,-1
2021010315514,2021,010315514,1,9,0,18,19,1,5,0,0,0,0,0,0,0,1,1,6,6,1,29,6,1242,1,15,FORD FIESTA,2,E01000084,0,-1
2021141012903,2021,141012903,1,9,0,18,19,1,5,0,0,0,1,0,1,11,2,1,6,6,1,23,5,1388,1,15,FORD FIESTA,2,E01007654,0,-1
2021451069077,2021,451069077,3,9,0,4,4,6,2,0,0,0,0,0,0,0,2,1,6,6,1,25,5,1596,1,8,FORD FIESTA,9,E01028264,0,-1
2021231126028,2021,231126028,2,9,0,4,4,1,5,0,0,8,0,0,0,0,2,1,5,6,2,49,8,999,1,1,FORD FIESTA,8,E01031230,0,-1
2021201092468,2021,201092468,1,9,0,18,19,4,8,0,0,0,0,0,0,0,3,1,6,6,2,25,5,998,1,5,FORD FIESTA,10,E01010205,0,-1
2021201100121,2021,201100121,2,9,0,3,3,3,7,0,0,8,0,0,0,0,1,1,6,6,2,20,4,998,1,3,FORD FIESTA,3,E01009947,0,-1
2021010309396,2021,010309396,1,9,0,9,9,2,8,0,0,1,0,0,0,0,1,1,2,2,2,36,7,1596,1,8,FORD FIESTA,7,E01004505,0,-1
2021430325082,2021,430325082,1,9,0,18,19,2,6,0,0,0,0,0,0,0,3,1,6,6,1,31,6,1399,2,15,FORD FIESTA,2,E01016718,0,-1
2021061036847,2021,061036847,2,9,0,9,9,8,6,0,0,8,0,0,0,0,1,1,6,6,3,30,6,1560,2,9,FORD FIESTA,-1,-1,0,-1
2021451117233,2021,451117233,2,9,0,18,19,7,3,0,0,0,0,0,0,0,2,1,5,6,1,40,7,-1,-1,-1,FORD FIESTA,6,E01004181,0,-1
2021161028033,2021,161028033,5,9,0,2,2,6,4,0,0,0,0,0,0,0,4,1,6,6,3,-1,-1,1242,1,7,FORD FIESTA,-1,-1,0,-1
2021170H10791,2021,170H10791,1,9,0,9,9,1,7,0,0,8,0,0,0,0,1,1,6,6,1,20,4,1242,1,13,FORD FIESTA,8,E01033465,0,-1
2021351093708,2021,351093708,1,9,0,9,9,2,4,0,0,2,0,0,0,0,1,1,5,6,1,19,4,1560,2,10,FORD FIESTA,9,E01018159,0,-1
2021010315541,2021,010315541,2,9,0,99,99,9,9,99,99,1,9,99,9,99,2,9,6,6,3,43,7,1242,1,10,FORD FIESTA,2,E01000083,0,-1
2021430428392,2021,430428392,1,9,0,18,19,8,4,0,0,8,0,0,0,0,1,1,6,6,2,49,8,1388,1,14,FORD FIESTA,-1,-1,0,-1
2021211053734,2021,211053734,3,9,0,18,19,1,5,0,0,1,0,0,0,0,1,1,6,6,1,20,4,1596,1,16,FORD FIESTA,2,E01029356,0,-1
2021052102766,2021,052102766,1,9,0,18,19,1,5,0,0,0,0,0,0,0,1,1,6,6,1,27,6,1499,2,4,FORD FIESTA,1,E01006753,0,-1
2021010349317,2021,010349317,1,9,0,3,3,3,7,0,0,8,0,0,0,0,3,1,6,6,1,26,6,998,1,6,FORD FIESTA,6,E01024136,0,-1
2021221066612,2021,221066612,1,9,0,17,19,5,2,0,0,0,2,0,1,0,4,1,1,1,1,26,6,-1,-1,-1,FORD FIESTA,8,E01013996,0,-1
2021622100122,2021,622100122,2,9,0,18,19,1,5,0,0,3,0,0,0,0,3,1,1,1,1,38,7,-1,-1,-1,FORD FIESTA,4,W01001272,0,-1
2021161098028,2021,161098028,1,9,0,9,9,5,3,0,0,8,0,0,0,0,1,1,6,6,1,-1,-1,1496,1,2,FORD FIESTA,-1,-1,0,-1
2021101089120,2021,101089120,1,9,0,16,19,7,3,0,0,0,1,0,7,4,1,1,5,6,1,23,5,1496,1,2,FORD FIESTA,-1,-1,0,-1
2021010324712,2021,010324712,2,9,0,2,2,0,0,0,0,0,0,4,0,0,2,1,6,6,3,-1,-1,1399,2,12,FORD FIESTA,-1,-1,0,-1
2021351087440,2021,351087440,1,9,0,9,9,6,4,0,0,1,0,0,0,0,1,1,6,6,1,-1,-1,998,1,7,FORD FIESTA,8,E01017966,0,-1
2021141052634,2021,141052634,2,9,0,18,19,6,2,0,0,1,0,0,0,0,1,1,5,6,1,21,5,1388,1,17,FORD FIESTA,2,E01008109,0,-1
2021451086590,2021,451086590,1,9,0,9,9,1,7,0,0,0,0,0,0,0,3,1,5,6,1,34,6,1560,2,12,FORD FIESTA,8,E01030800,0,-1
2021041141504,2021,041141504,2,9,0,2,2,0,0,0,0,0,0,4,0,0,1,1,6,6,3,-1,-1,1388,1,11,FORD FIESTA,-1,-1,0,-1
2021552100418,2021,552100418,1,9,0,18,19,3,7,0,0,0,0,0,2,4,4,1,6,6,2,55,8,1242,1,14,FORD FIESTA,2,E01003432,0,-1
2021052101588,2021,052101588,2,9,0,9,9,1,7,0,0,1,0,0,0,0,1,1,6,6,1,34,6,998,1,6,FORD FIESTA,4,E01006512,0,-1
2021461092962,2021,461092962,1,9,0,9,9,4,2,0,0,8,0,0,0,0,3,1,5,6,1,53,8,999,1,1,FORD FIESTA,3,E01024307,0,-1
2021430267491,2021,430267491,2,9,0,18,19,6,2,0,0,0,0,0,0,0,3,1,2,2,2,35,6,1242,1,17,FORD FIESTA,5,E01016405,0,-1
2021622100217,2021,622100217,1,9,0,18,19,2,6,0,0,3,0,0,0,0,1,1,6,6,1,19,4,1242,1,7,FORD FIESTA,2,W01001872,0,-1
2021061047664,2021,061047664,2,9,0,6,6,5,5,0,0,0,0,0,0,0,4,1,6,6,2,33,6,1242,1,12,FORD FIESTA,3,E01005972,0,-1
2021052101325,2021,052101325,1,9,0,9,9,3,1,0,0,5,0,0,0,0,3,1,6,6,1,54,8,998,1,5,FORD FIESTA,9,E01031612,0,-1
2021361054905,2021,361054905,2,9,0,17,19,5,1,0,0,0,0,0,0,0,3,1,2,2,2,21,5,1242,1,7,FORD FIESTA,4,E01026762,0,-1
2021010344276,2021,010344276,1,9,3,9,9,5,2,7,6,5,0,0,0,0,1,1,6,6,1,20,4,1242,1,5,FORD FIESTA,9,E01002416,0,-1
2021031128448,2021,031128448,2,9,0,3,3,-1,-1,0,0,1,0,0,0,0,2,1,6,6,2,33,6,998,1,7,FORD FIESTA,9,E01017389,0,-1
2021041106413,2021,041106413,1,9,0,7,7,3,7,0,0,6,0,0,0,0,1,1,5,6,1,21,5,1084,1,3,FORD FIESTA,2,E01025070,0,-1
2021010342812,2021,010342812,1,9,0,9,9,2,8,0,0,8,0,0,0,0,1,1,6,6,2,29,6,1388,1,12,FORD FIESTA,5,E01003307,0,-1
2021161108024,2021,161108024,1,9,0,17,19,5,2,0,0,0,0,0,1,2,1,1,5,6,1,19,4,1596,1,12,FORD FIESTA,8,E01013214,0,-1
2021131121621,2021,131121621,1,9,0,-1,-1,-1,-1,-1,-1,-1,-1,-1,-1,-1,-1,1,6,6,3,-1,-1,1399,2,10,FORD FIESTA,-1,-1,0,-1
2021122100617,2021,122100617,1,9,0,17,19,1,5,0,0,0,1,0,7,4,3,1,6,6,2,49,8,1496,1,2,FORD FIESTA,5,E01027610,0,-1
2021451074669,2021,451074669,1,9,0,18,19,8,4,0,0,1,0,0,0,0,2,1,5,6,2,46,8,1242,1,9,FORD FIESTA,10,E01030430,0,-1
2021041067143,2021,041067143,4,9,0,10,10,7,3,0,0,8,0,0,0,0,2,1,5,6,1,70,10,998,1,5,FORD FIESTA,4,E01024896,0,-1
20211382A0857,2021,1382A0857,1,9,0,18,19,7,3,0,0,6,0,0,0,0,4,1,6,6,2,56,9,1388,1,9,FORD FIESTA,2,E01011025,0,-1
2021421083778,2021,421083778,1,9,0,18,19,7,3,0,0,0,0,0,7,0,4,1,6,6,1,29,6,1388,1,13,FORD FIESTA,6,E01022090,0,-1
2021141067142,2021,141067142,2,9,0,18,19,5,1,0,0,8,0,0,0,0,1,1,6,6,1,28,6,1499,2,8,FORD FIESTA,6,E01007665,0,-1
2021430019073,2021,430019073,2,9,0,18,19,3,7,0,0,8,0,0,0,0,4,1,1,1,1,32,6,998,1,1,FORD FIESTA,3,E01016444,0,-1
2021201076334,2021,201076334,1,9,0,18,19,-1,-1,0,0,0,0,0,0,0,2,1,6,6,1,31,6,1399,2,10,FORD FIESTA,1,E01009143,0,-1
2021201084582,2021,201084582,1,9,0,18,19,6,2,0,0,0,0,10,2,5,1,1,2,2,1,21,5,998,1,2,FORD FIESTA,6,E01009778,0,-1
202134NNC2421,2021,34NNC2421,2,9,0,18,19,3,7,0,0,1,0,0,0,0,1,1,6,6,2,56,9,1242,1,13,FORD FIESTA,3,E01026984,0,-1
202163C040821,2021,63C040821,1,9,0,18,19,6,2,0,0,0,0,0,2,10,1,1,6,6,1,45,7,1242,1,15,FORD FIESTA,5,W01000593,0,-1
2021052100836,2021,052100836,4,9,0,4,4,5,1,0,0,1,0,0,0,0,2,1,6,6,1,59,9,1499,2,7,FORD FIESTA,4,E01006543,0,-1
2021520102174,2021,520102174,1,9,0,9,9,4,2,0,0,5,0,0,0,0,3,1,6,6,1,30,6,-1,-1,-1,FORD FIESTA,7,E01020537,0,-1
202163D093821,2021,63D093821,1,9,0,18,19,5,1,0,0,0,0,0,2,7,1,1,6,6,2,38,7,1388,1,10,FORD FIESTA,8,W01000429,0,-1
2021421076435,2021,421076435,1,9,0,6,6,2,6,0,0,0,0,0,0,0,1,1,5,6,2,26,6,1399,2,12,FORD FIESTA,5,E01021874,0,-1
2021401071412,2021,401071412,1,9,0,9,9,5,3,0,0,1,0,0,0,0,3,1,6,6,1,18,4,1388,1,12,FORD FIESTA,2,E01017490,0,-1
2021461047309,2021,461047309,2,9,0,5,5,5,1,0,0,0,0,0,0,0,2,1,5,6,2,24,5,1499,2,7,FORD FIESTA,8,E01024414,0,-1
2021010322541,2021,010322541,1,9,0,16,19,5,1,0,0,2,0,4,0,0,1,1,6,6,2,55,8,1388,1,19,FORD FIESTA,2,E01032765,0,-1
2021302100320,2021,302100320,1,9,0,18,19,4,2,0,0,0,0,4,1,10,1,1,6,6,1,14,3,1399,2,15,FORD FIESTA,2,E01013588,0,-1
2021461092898,2021,461092898,2,9,0,18,19,6,2,0,0,0,0,0,4,0,2,1,5,6,1,23,5,1399,2,11,FORD FIESTA,9,W01000828,0,-1
202134WNC0201,2021,34WNC0201,1,9,0,7,7,1,3,0,0,5,0,0,0,0,1,1,6,6,1,25,5,1596,1,7,FORD FIESTA,2,E01027226,0,-1
2021010298546,2021,010298546,1,9,0,5,5,3,7,9,9,0,0,0,1,0,3,1,2,2,1,35,6,1596,1,14,FORD FIESTA,9,E01003885,0,-1
2021471077065,2021,471077065,1,9,0,11,11,7,3,0,0,0,0,0,7,0,2,1,5,6,1,81,11,1388,1,10,FORD FIESTA,4,E01031836,0,-1
2021201080581,2021,201080581,2,9,0,18,19,8,4,0,0,0,1,0,0,0,4,1,6,6,2,36,7,1388,1,10,FORD FIESTA,1,E01010032,0,-1
2021522105207,2021,522105207,2,9,0,18,19,3,7,0,0,8,0,0,0,0,1,1,6,6,1,99,11,998,1,8,FORD FIESTA,-1,-1,0,-1
2021991048179,2021,991048179,2,9,0,9,9,1,7,0,0,8,0,0,0,0,2,1,2,2,2,32,6,1242,1,6,FORD FIESTA,10,-1,0,-1
2021520106231,2021,520106231,1,9,0,18,19,8,4,0,0,8,0,0,1,9,1,1,6,6,1,37,7,1242,1,11,FORD FIESTA,5,E01022265,0,-1
2021061050250,2021,061050250,2,9,0,9,9,6,4,0,0,2,0,0,0,0,1,1,6,6,2,34,6,1399,2,16,FORD FIESTA,1,E01005165,0,-1
2021111025346,2021,111025346,1,9,0,12,12,8,4,0,0,0,0,0,7,0,3,1,1,1,1,37,7,1499,2,5,FORD FIESTA,7,E01020684,0,-1
2021411083564,2021,411083564,1,9,0,5,5,-1,-1,0,0,0,0,0,0,0,1,1,6,6,2,-1,-1,1499,2,3,FORD FIESTA,-1,-1,0,-1
2021161056751,2021,161056751,1,9,0,2,2,0,0,0,0,0,0,0,0,0,2,1,3,7,2,33,6,998,1,3,FORD FIESTA,8,E01027999,0,-1
2021010323201,2021,010323201,2,9,0,99,99,9,9,99,99,0,9,99,9,99,4,9,6,6,3,33,6,998,1,3,FORD FIESTA,2,E01003966,0,-1
2021361096285,2021,361096285,2,9,0,18,19,4,6,0,0,1,0,0,0,0,2,1,5,6,2,40,7,1596,1,18,FORD FIESTA,5,E01026831,0,-1
202134NNC3641,2021,34NNC3641,2,9,0,14,14,3,7,0,0,0,0,0,0,0,1,1,2,2,2,33,6,1388,1,18,FORD FIESTA,3,E01027060,0,-1
2021991074784,2021,991074784,1,9,0,17,19,6,2,0,0,0,0,0,1,0,4,1,2,2,1,24,5,1242,1,14,FORD FIESTA,2,-1,0,-1
2021520104970,2021,520104970,1,9,0,16,19,8,4,0,0,0,0,0,7,11,1,1,6,6,2,21,5,1399,2,11,FORD FIESTA,3,E01029202,0,-1
2021461049021,2021,461049021,2,9,0,7,7,7,1,0,0,5,0,0,0,0,4,1,6,6,1,22,5,1242,1,9,FORD FIESTA,4,E01024382,0,-1
2021461054075,2021,461054075,2,9,0,17,19,6,2,0,0,0,1,0,0,0,1,1,6,6,1,49,8,1388,1,18,FORD FIESTA,5,E01024194,0,-1
2021041081946,2021,041081946,2,9,0,11,11,1,3,0,0,3,0,0,0,0,1,1,6,6,2,28,6,1084,1,3,FORD FIESTA,2,E01005389,0,-1
2021221054026,2021,221054026,2,9,0,16,19,5,5,0,0,0,0,0,0,0,3,1,1,1,2,23,5,1399,2,18,FORD FIESTA,-1,-1,0,-1
2021430559576,2021,430559576,1,9,0,18,19,8,4,0,0,0,0,0,0,0,1,1,6,6,1,72,10,1242,1,23,FORD FIESTA,-1,-1,0,-1
2021401028403,2021,401028403,1,9,0,18,19,3,7,0,0,0,0,0,0,0,1,1,5,6,2,86,11,1596,1,14,FORD FIESTA,10,E01017456,0,-1
2021201106401,2021,201106401,2,9,0,9,9,6,3,0,0,3,0,0,0,0,1,1,6,6,2,24,5,1242,1,18,FORD FIESTA,2,E01010311,0,-1
2021991061963,2021,991061963,1,9,0,18,19,8,4,0,0,1,0,0,0,0,1,1,6,6,1,24,5,1596,1,5,FORD FIESTA,2,-1,0,-1
2021501020391,2021,501020391,1,9,0,4,4,1,5,0,0,0,0,0,4,7,2,1,5,6,1,22,5,998,1,3,FORD FIESTA,10,E01015033,0,-1
2021461118690,2021,461118690,1,9,0,18,19,7,3,0,0,0,0,0,4,6,1,1,6,6,1,36,7,1399,2,15,FORD FIESTA,6,E01024557,0,-1
202163D046421,2021,63D046421,2,9,0,4,4,8,4,0,0,0,0,0,0,0,2,1,6,6,1,70,10,999,1,1,FORD FIESTA,2,E01012159,0,-1
2021421032297,2021,421032297,2,9,0,9,9,3,1,0,0,1,0,0,0,0,4,1,6,6,2,27,6,998,1,3,FORD FIESTA,9,E01021346,0,-1
2021622100386,2021,622100386,2,8,0,18,19,2,6,0,0,8,0,0,0,0,4,1,1,1,1,19,4,1242,1,6,FORD FIESTA,3,W01001009,0,-1
2021471119807,2021,471119807,2,9,0,18,19,1,5,0,0,0,2,0,1,2,1,1,2,2,2,28,6,1388,1,17,FORD FIESTA,6,E01031770,0,-1
202131C064421,2021,31C064421,1,9,0,18,19,3,7,0,0,0,0,0,0,0,4,1,6,6,1,55,8,1388,1,19,FORD FIESTA,2,E01013933,0,-1
2021421109515,2021,421109515,1,9,0,8,8,1,5,0,0,0,0,0,1,11,1,1,5,6,1,17,4,998,1,5,FORD FIESTA,10,E01021633,0,-1
2021070648016,2021,070648016,3,9,0,4,4,7,3,0,0,0,0,0,0,0,1,1,1,1,1,33,6,998,1,3,FORD FIESTA,10,E01024321,0,-1
2021131056854,2021,131056854,2,9,0,4,4,6,2,0,0,8,0,0,0,0,2,1,6,6,1,54,8,998,1,2,FORD FIESTA,1,E01010925,0,-1
2021522200433,2021,522200433,3,9,0,4,4,7,3,0,0,0,0,0,0,0,1,1,6,6,1,22,5,1242,1,14,FORD FIESTA,8,E01032855,0,-1
2021471037225,2021,471037225,1,9,0,9,9,4,2,0,0,5,0,0,0,0,4,1,6,6,2,-1,-1,998,1,8,FORD FIESTA,8,E01021069,0,-1
2021131036606,2021,131036606,2,9,0,9,9,7,5,0,0,8,0,0,0,0,1,1,5,6,2,57,9,998,1,4,FORD FIESTA,10,E01011526,0,-1
2021552100415,2021,552100415,1,9,0,18,19,4,8,0,0,0,0,0,7,2,1,1,6,6,1,16,4,1242,1,12,FORD FIESTA,7,E01015340,0,-1
2021401122263,2021,401122263,1,9,0,16,19,2,2,0,0,1,1,11,7,0,1,1,5,6,1,20,4,1596,1,12,FORD FIESTA,10,E01017419,0,-1
2021131120692,2021,131120692,1,9,0,18,19,5,1,0,0,0,0,0,0,0,1,1,1,1,2,20,4,1399,2,9,FORD FIESTA,6,E01010786,0,-1
2021552100704,2021,552100704,2,9,0,18,19,4,8,0,0,8,0,0,0,0,1,1,6,6,2,40,7,1242,1,17,FORD FIESTA,6,E01015462,0,-1
2021221047058,2021,221047058,2,19,0,13,13,6,2,0,0,0,1,0,5,6,4,1,1,1,1,59,9,1560,2,8,FORD FIESTA,-1,-1,0,-1
2021201086072,2021,201086072,2,9,0,17,19,6,4,0,0,0,0,0,0,0,1,1,6,6,2,37,7,999,1,0,FORD FIESTA,2,E01010533,0,-1
2021501063550,2021,501063550,2,9,0,18,19,1,5,0,0,0,0,0,0,0,1,1,2,2,2,34,6,998,1,2,FORD FIESTA,3,E01020095,0,-1
2021622100941,2021,622100941,2,9,0,18,19,2,6,0,0,8,0,0,0,0,1,1,2,2,1,23,5,998,1,3,FORD FIESTA,3,W01001278,0,-1
2021471022942,2021,471022942,2,9,0,18,19,5,8,0,0,8,0,0,0,0,1,1,1,1,2,55,8,998,1,7,FORD FIESTA,10,E01031804,0,-1
2021461100926,2021,461100926,1,9,0,9,9,8,5,0,0,2,0,0,0,0,4,1,6,6,2,21,5,1084,1,3,FORD FIESTA,6,E01024225,0,-1
2021421036988,2021,421036988,1,9,0,5,5,8,4,0,0,8,0,0,0,0,1,1,1,1,2,20,4,1084,1,4,FORD FIESTA,5,E01021800,0,-1
2021031115062,2021,031115062,2,9,0,18,19,7,7,0,0,0,0,0,0,0,1,1,6,6,2,53,8,998,1,7,FORD FIESTA,-1,-1,0,-1
2021010346938,2021,010346938,1,9,0,18,19,1,5,0,0,1,0,0,0,0,1,1,2,2,2,47,8,999,1,0,FORD FIESTA,9,E01000751,0,-1
2021361048398,2021,361048398,2,9,0,15,15,4,8,0,0,0,1,0,7,0,4,1,5,6,2,58,9,1388,1,16,FORD FIESTA,3,E01026684,0,-1
2021421020562,2021,421020562,2,9,0,18,19,1,6,0,0,1,0,0,1,0,2,1,6,6,1,22,5,1388,1,19,FORD FIESTA,4,E01022037,0,-1
2021451034353,2021,451034353,2,9,0,3,3,2,6,0,0,4,0,0,0,0,0,1,5,6,1,33,6,1388,1,10,FORD FIESTA,6,E01033570,0,-1
2021101111650,2021,101111650,2,9,0,18,19,5,1,0,0,1,0,0,0,0,2,1,6,6,2,36,7,998,1,6,FORD FIESTA,7,E01008403,0,-1
2021010303578,2021,010303578,2,9,0,99,99,9,9,99,99,9,9,99,9,99,1,9,6,6,3,34,6,1388,1,12,FORD FIESTA,4,E01001420,0,-1
2021461028229,2021,461028229,1,9,0,18,19,5,1,0,0,0,5,11,2,0,1,1,5,6,1,21,5,1242,1,7,FORD FIESTA,9,E01024415,0,-1
2021430192391,2021,430192391,3,9,0,3,3,6,2,0,0,0,0,0,0,0,2,1,6,6,1,21,5,1242,1,10,FORD FIESTA,7,E01028438,0,-1
2021501074913,2021,501074913,1,9,0,18,19,3,7,0,0,0,1,0,0,0,1,1,5,6,2,25,5,1242,1,7,FORD FIESTA,10,E01027718,0,-1
2021546933021,2021,546933021,1,9,0,18,19,1,5,0,0,8,5,0,1,4,1,1,1,1,1,21,5,1560,2,12,FORD FIESTA,9,E01031847,0,-1
2021451046752,2021,451046752,1,9,0,3,3,3,1,0,0,1,0,0,0,0,2,1,5,6,1,42,7,1242,1,14,FORD FIESTA,2,E01001959,0,-1
2021451018137,2021,451018137,1,9,0,18,19,4,8,0,0,0,0,0,0,0,4,1,2,2,1,58,9,1399,2,14,FORD FIESTA,10,E01016607,0,-1
2021610064121,2021,610064121,3,9,0,2,2,0,0,0,0,0,0,0,0,0,3,1,6,6,3,-1,-1,1399,2,9,FORD FIESTA,-1,-1,0,-1
2021010327456,2021,010327456,2,9,0,18,19,7,3,0,0,0,0,0,0,0,2,1,6,6,2,64,9,998,1,4,FORD FIESTA,4,E01004569,0,-1
2021141058701,2021,141058701,1,9,0,4,4,5,1,0,0,1,0,0,0,0,2,1,6,6,1,52,8,1560,2,11,FORD FIESTA,3,E01007385,0,-1
2021610054421,2021,610054421,1,9,0,18,19,5,1,0,0,0,0,0,0,0,1,1,6,6,1,33,6,1299,1,18,FORD FIESTA,4,W01001688,0,-1
2021461085702,2021,461085702,3,9,0,18,19,6,2,0,0,0,0,0,0,0,3,1,6,6,1,42,7,1242,1,22,FORD FIESTA,7,E01024479,0,-1
2021320711290,2021,320711290,1,9,0,16,19,2,6,0,0,0,1,0,7,9,1,1,2,2,2,22,5,998,1,2,FORD FIESTA,9,E01026209,0,-1
2021010328424,2021,010328424,1,9,0,18,19,7,3,0,0,0,0,0,0,0,3,1,6,6,2,63,9,1242,1,11,FORD FIESTA,3,E01002325,0,-1
2021440115995,2021,440115995,2,9,0,4,4,6,2,0,0,1,0,0,0,0,2,1,6,6,2,23,5,1242,1,6,FORD FIESTA,4,E01023037,0,-1
2021471106190,2021,471106190,2,9,0,3,3,6,2,0,0,1,0,0,0,0,1,1,6,6,1,21,5,1388,1,13,FORD FIESTA,5,E01021064,0,-1
2021111054664,2021,111054664,1,9,0,18,19,1,5,0,0,0,0,0,0,0,1,1,5,6,1,92,11,1399,2,11,FORD FIESTA,9,E01008444,0,-1
2021061055850,2021,061055850,1,9,0,18,19,8,4,0,0,1,2,0,0,0,2,1,5,6,2,21,5,998,1,5,FORD FIESTA,1,E01005094,0,-1
2021070047159,2021,070047159,2,9,0,18,19,1,5,0,0,2,0,0,0,0,4,1,1,1,1,35,6,1388,1,15,FORD FIESTA,1,E01005243,0,-1
2021461129434,2021,461129434,2,9,0,9,9,4,1,0,0,0,0,0,0,0,1,1,6,6,1,37,7,1596,1,16,FORD FIESTA,4,E01016067,0,-1
2021622100625,2021,622100625,1,9,0,17,19,4,8,0,0,0,5,0,0,0,3,1,1,1,1,39,7,1242,1,15,FORD FIESTA,1,W01000885,0,-1
2021201078084,2021,201078084,2,9,0,18,19,2,6,0,0,1,0,0,0,0,1,1,6,6,2,34,6,1242,1,15,FORD FIESTA,5,E01009712,0,-1
2021141051055,2021,141051055,1,9,0,18,19,1,8,0,0,0,0,0,0,0,2,1,6,6,2,24,5,1596,1,10,FORD FIESTA,6,E01007421,0,-1
2021440128217,2021,440128217,1,9,0,18,19,5,1,0,0,2,0,10,4,0,1,1,6,6,2,41,7,1596,1,9,FORD FIESTA,5,E01022957,0,-1
2021461130315,2021,461130315,1,9,0,18,19,5,1,0,0,0,0,0,0,0,1,1,6,6,1,24,5,1388,1,12,FORD FIESTA,8,E01015960,0,-1
2021031084175,2021,031084175,2,9,0,9,9,1,5,0,0,1,0,0,0,0,2,1,5,6,2,83,11,998,1,1,FORD FIESTA,10,E01019393,0,-1
2021101048512,2021,101048512,1,9,0,18,19,3,7,0,0,2,0,0,0,0,4,1,2,2,2,22,5,1242,1,5,FORD FIESTA,3,E01012034,0,-1
2021010346071,2021,010346071,2,9,0,18,19,6,2,0,0,0,0,4,0,0,1,1,2,2,1,42,7,1242,1,9,FORD FIESTA,2,E01001320,0,-1
2021421026712,2021,421026712,2,9,0,3,3,7,3,0,0,4,0,0,0,0,2,1,5,6,2,23,5,1242,1,8,FORD FIESTA,6,E01015961,0,-1
2021061089390,2021,061089390,2,9,0,18,19,6,2,0,0,8,0,0,0,0,1,1,6,6,3,30,6,1242,1,12,FORD FIESTA,-1,-1,0,-1
2021161054139,2021,161054139,1,9,0,18,19,4,8,0,0,0,0,0,0,0,1,1,2,2,1,56,9,1242,1,13,FORD FIESTA,10,E01013044,0,-1
2021440393204,2021,440393204,1,9,0,18,19,1,5,0,0,6,0,0,0,0,3,1,6,6,1,22,5,1388,1,13,FORD FIESTA,9,E01023036,0,-1
2021138451361,2021,138451361,1,9,0,18,19,1,5,0,0,0,0,0,0,0,4,1,6,6,1,24,5,998,1,8,FORD FIESTA,5,E01011352,0,-1
2021991072191,2021,991072191,1,9,0,18,19,7,3,0,0,0,1,0,0,0,1,1,5,6,1,36,7,1560,2,10,FORD FIESTA,8,-1,0,-1
2021351118278,2021,351118278,2,9,0,3,3,7,3,0,0,0,0,0,0,0,2,1,2,2,1,46,8,1499,2,2,FORD FIESTA,4,E01026280,0,-1
2021141102505,2021,141102505,2,9,0,5,5,5,1,0,0,1,0,0,0,0,2,1,5,6,2,52,8,998,1,3,FORD FIESTA,2,E01007763,0,-1
2021461061014,2021,461061014,2,9,0,18,19,7,3,0,0,8,0,0,0,0,1,1,6,6,2,32,6,998,1,5,FORD FIESTA,4,E01024382,0,-1
2021991096063,2021,991096063,1,9,0,18,19,8,4,0,0,0,0,0,1,7,4,1,6,6,1,25,5,-1,-1,-1,FORD FIESTA,2,-1,0,-1
2021101051024,2021,101051024,1,9,0,4,4,1,5,0,0,1,0,0,0,0,1,1,6,6,2,79,11,1299,1,18,FORD FIESTA,6,E01027394,0,-1