collision_index,collision_year,collision_ref_no,vehicle_reference,vehicle_type,towing_and_articulation,vehicle_manoeuvre_historic,vehicle_manoeuvre,vehicle_direction_from,vehicle_direction_to,vehicle_location_restricted_lane_historic,vehicle_location_restricted_lane,junction_location,skidding_and_overturning,hit_object_in_carriageway,vehicle_leaving_carriageway,hit_object_off_carriageway,first_point_of_impact,vehicle_left_hand_drive,journey_purpose_of_driver_historic,journey_purpose_of_driver,sex_of_driver,age_of_driver,age_band_of_driver,engine_capacity_cc,propulsion_code,age_of_vehicle,generic_make_model,driver_imd_decile,lsoa_of_driver,escooter_flag,driver_distance_banding
2021010342973,2021,010342973,1,9,0,5,5,5,1,0,0,8,0,0,0,0,1,1,2,2,1,31,6,1242,1,12,FORD FIESTA,6,E01003957,0,-1
2021546470721,2021,546470721,2,9,0,4,4,8,4,0,0,0,0,0,0,0,2,1,6,6,2,25,5,1499,2,6,FORD FIESTA,6,E01032030,0,-1
2021131115059,2021,131115059,1,9,0,-1,-1,-1,-1,-1,-1,-1,-1,-1,-1,-1,-1,1,6,6,3,-1,-1,-1,-1,-1,FORD FIESTA,-1,-1,0,-1
2021010329261,2021,010329261,1,9,0,18,19,3,7,0,0,0,0,0,1,11,1,2,6,6,2,51,8,998,1,8,FORD FIESTA,6,E01033738,0,-1
2021161090808,2021,161090808,1,9,0,18,19,5,1,0,0,6,0,0,0,0,1,1,2,2,1,19,4,1242,1,9,FORD FIESTA,10,E01012926,0,-1
202163A060221,2021,63A060221,2,9,0,9,9,4,2,0,0,7,0,0,1,1,3,1,6,6,1,60,9,1242,1,6,FORD FIESTA,4,W01000846,0,-1
2021061104251,2021,061104251,2,9,0,18,19,1,5,0,0,8,0,0,0,0,1,1,6,6,1,30,6,1242,1,9,FORD FIESTA,-1,-1,0,-1
2021070342360,2021,070342360,1,9,0,18,19,4,8,0,0,1,0,0,0,0,3,1,2,2,2,22,5,998,1,3,FORD FIESTA,9,E01012392,0,-1
2021010294511,2021,010294511,2,9,0,99,99,9,9,99,99,9,9,99,9,99,9,9,6,6,3,-1,-1,1596,1,16,FORD FIESTA,-1,-1,0,-1
2021440420702,2021,440420702,1,9,0,16,19,6,2,0,0,0,0,0,1,4,1,1,6,6,1,26,6,1242,1,23,FORD FIESTA,5,E01016362,0,-1
2021991065440,2021,991065440,1,9,0,18,19,3,1,0,0,1,0,0,0,0,1,1,5,6,1,47,8,1399,2,17,FORD FIESTA,1,-1,0,-1
2021231029084,2021,231029084,2,9,0,18,19,4,8,0,0,8,0,0,7,0,1,1,2,2,1,36,7,1596,1,5,FORD FIESTA,9,E01031113,0,-1
2021010322239,2021,010322239,1,9,0,99,99,9,9,99,99,0,9,99,9,99,9,9,6,6,1,26,6,998,1,4,FORD FIESTA,4,E01033729,0,-1
2021552200203,2021,552200203,1,9,0,18,19,5,1,0,0,0,0,0,0,0,1,1,6,6,2,45,7,1242,1,12,FORD FIESTA,5,E01020427,0,-1
2021430396180,2021,430396180,2,9,0,2,2,0,0,0,0,0,0,0,0,0,1,1,6,6,1,57,9,1242,1,11,FORD FIESTA,2,E01016463,0,-1
2021411023138,2021,411023138,1,9,0,18,19,5,1,0,0,0,1,0,0,0,1,1,2,2,1,29,6,1388,1,10,FORD FIESTA,7,E01023935,0,-1
2021461106322,2021,461106322,1,9,0,-1,-1,-1,-1,-1,-1,-1,-1,-1,-1,0,4,1,6,6,2,35,6,1242,1,7,FORD FIESTA,4,E01024142,0,-1
2021201029976,2021,201029976,1,9,0,13,13,6,2,0,0,3,0,4,7,0,4,1,2,2,1,24,5,1242,1,11,FORD FIESTA,1,E01009397,0,-1
2021622100904,2021,622100904,2,9,0,18,19,5,1,0,0,0,0,0,0,0,1,1,6,6,1,20,4,1084,1,4,FORD FIESTA,3,W01001802,0,-1
2021010300451,2021,010300451,1,9,0,18,19,5,1,0,0,0,0,0,0,0,0,1,6,6,1,17,4,1388,1,14,FORD FIESTA,2,E01004011,0,-1
20211382E0774,2021,1382E0774,2,9,0,18,19,7,3,0,0,8,0,0,0,0,3,1,6,6,2,30,6,998,1,4,FORD FIESTA,2,E01011220,0,-1
2021421091791,2021,421091791,2,9,0,9,9,3,7,0,0,8,0,0,0,0,1,1,6,6,2,26,6,1242,1,17,FORD FIESTA,6,E01021705,0,-1
2021411129345,2021,411129345,1,9,0,18,19,3,7,0,0,1,0,0,0,0,1,1,6,6,1,24,5,-1,-1,-1,FORD FIESTA,7,E01023356,0,-1
2021991023448,2021,991023448,1,9,0,13,13,1,6,0,0,0,1,0,1,0,1,1,6,6,1,20,4,1242,1,12,FORD FIESTA,1,-1,0,-1
2021461118998,2021,461118998,1,9,0,18,19,6,2,0,0,0,0,4,0,0,1,1,6,6,2,20,4,1388,1,9,FORD FIESTA,3,E01024608,0,-1
2021010332837,2021,010332837,1,9,0,9,9,1,7,0,0,2,0,0,0,0,1,1,6,6,2,52,8,1596,1,8,FORD FIESTA,-1,-1,0,-1
2021010340688,2021,010340688,3,9,0,18,19,1,5,0,0,0,0,0,0,0,3,1,6,6,1,20,4,998,1,5,FORD FIESTA,4,E01003739,0,-1
2021361027083,2021,361027083,1,9,0,18,19,4,8,6,6,0,0,0,1,1,1,1,1,1,2,53,8,1242,1,9,FORD FIESTA,5,E01026902,0,-1
2021010320692,2021,010320692,1,9,0,18,19,1,5,0,0,2,0,10,1,2,1,1,6,6,2,28,6,1242,1,9,FORD FIESTA,-1,-1,0,-1
2021010302089,2021,010302089,1,9,0,4,4,7,3,0,0,5,0,4,3,0,3,1,2,2,2,49,8,1242,1,11,FORD FIESTA,2,E01003514,0,-1
2021520201057,2021,520201057,2,9,0,18,19,5,1,0,0,0,0,0,0,0,1,1,6,6,2,20,4,1388,1,13,FORD FIESTA,8,E01014896,0,-1
2021411032941,2021,411032941,2,9,0,18,19,2,6,0,0,8,0,9,0,0,1,1,5,6,1,51,8,998,1,2,FORD FIESTA,10,E01023290,0,-1
2021522102974,2021,522102974,1,9,0,18,19,1,5,0,0,2,0,0,0,0,1,1,6,6,2,-1,-1,1242,1,17,FORD FIESTA,-1,-1,0,-1
2021010352124,2021,010352124,1,9,0,16,19,5,1,0,0,2,0,11,0,0,1,1,6,6,1,66,10,1242,1,14,FORD FIESTA,7,E01000723,0,-1
2021131125076,2021,131125076,2,9,0,5,5,2,4,0,0,0,0,0,0,0,1,1,6,6,1,19,4,1399,2,14,FORD FIESTA,1,E01010872,0,-1
2021201063134,2021,201063134,1,9,0,14,14,6,1,0,0,0,0,10,7,11,1,1,6,6,1,56,9,1399,2,14,FORD FIESTA,6,E01009880,0,-1
2021010294999,2021,010294999,1,9,0,99,99,9,9,99,99,0,9,99,9,99,2,1,6,6,1,50,8,1596,1,13,FORD FIESTA,3,E01002547,0,-1
2021520104085,2021,520104085,2,9,0,7,7,8,2,0,0,7,0,0,0,0,0,1,6,6,2,56,9,1242,1,11,FORD FIESTA,8,E01032632,0,-1
2021531079479,2021,531079479,2,9,0,2,2,0,0,0,0,0,0,0,0,0,3,1,6,6,3,-1,-1,1242,1,7,FORD FIESTA,-1,-1,0,-1
2021201068350,2021,201068350,1,9,0,18,19,4,8,0,0,4,0,0,0,0,1,1,6,6,1,23,5,1388,1,14,FORD FIESTA,1,E01009493,0,-1
2021010296615,2021,010296615,1,9,0,9,9,1,7,0,0,1,0,0,0,0,1,1,6,6,1,21,5,998,1,5,FORD FIESTA,7,E01024157,0,-1
2021430020319,2021,430020319,1,9,0,13,13,2,6,0,0,0,0,0,0,0,1,1,6,6,1,19,4,1596,1,5,FORD FIESTA,4,E01016207,0,-1
2021461034634,2021,461034634,3,9,0,2,2,0,0,0,0,0,0,0,0,0,1,1,5,6,1,63,9,998,1,4,FORD FIESTA,8,E01024184,0,-1
2021061083877,2021,061083877,1,9,0,9,9,4,2,0,0,8,0,0,0,0,4,1,5,6,1,20,4,1242,1,15,FORD FIESTA,2,E01025503,0,-1
2021501050322,2021,501050322,2,9,0,18,19,4,8,0,0,0,0,0,1,0,1,1,2,2,2,23,5,1242,1,15,FORD FIESTA,6,E01020175,0,-1
2021351111871,2021,351111871,1,9,0,3,3,4,1,0,0,0,0,0,0,0,4,1,6,6,2,18,4,1242,1,14,FORD FIESTA,4,E01018095,0,-1
2021231065318,2021,231065318,1,9,0,1,1,3,7,0,0,1,0,0,0,0,2,1,6,6,1,30,6,1242,1,13,FORD FIESTA,-1,-1,0,-1
2021161048364,2021,161048364,2,9,0,18,19,4,8,0,0,0,0,0,0,0,1,1,6,6,2,-1,-1,998,1,7,FORD FIESTA,8,E01013214,0,-1
2021010290249,2021,010290249,2,9,0,99,99,9,9,99,99,9,9,99,9,99,9,9,6,6,3,-1,-1,1242,1,4,FORD FIESTA,-1,-1,0,-1
202131A005121,2021,31A005121,2,9,0,18,19,1,5,0,0,8,0,0,0,0,1,1,6,6,2,69,10,1242,1,7,FORD FIESTA,4,E01028038,0,-1
2021041037896,2021,041037896,1,9,0,18,19,1,5,0,0,2,0,0,0,0,1,1,1,1,2,53,8,1242,1,10,FORD FIESTA,1,E01025171,0,-1
2021522101798,2021,522101798,2,9,0,7,7,1,3,0,0,6,0,0,0,0,3,1,6,6,1,20,4,1388,1,16,FORD FIESTA,-1,-1,0,-1
2021201151986,2021,201151986,1,9,0,17,19,7,4,0,0,1,2,10,7,10,1,1,6,6,1,20,4,998,1,7,FORD FIESTA,5,E01009843,0,-1
2021010345940,2021,010345940,1,9,0,99,99,9,9,99,99,9,9,99,9,99,2,9,2,2,2,67,10,999,1,1,FORD FIESTA,10,E01003813,0,-1
2021451059045,2021,451059045,1,9,0,12,12,5,1,0,0,8,0,0,0,0,4,1,5,6,2,35,6,998,1,2,FORD FIESTA,7,E01023113,0,-1
2021061055156,2021,061055156,2,9,0,18,19,1,5,0,0,1,0,0,0,0,3,1,6,6,1,57,9,1242,1,17,FORD FIESTA,2,E01012630,0,-1
2021201117647,2021,201117647,1,9,0,18,19,8,4,0,0,8,0,0,0,0,1,1,1,1,1,19,4,1242,1,14,FORD FIESTA,2,E01010408,0,-1
2021531068681,2021,531068681,1,9,0,17,19,5,3,0,0,0,0,0,0,0,3,1,5,6,1,73,10,998,1,7,FORD FIESTA,2,E01013776,0,-1
2021131092409,2021,131092409,1,9,0,9,9,5,3,0,0,5,0,0,0,0,4,1,6,6,2,62,9,1596,1,7,FORD FIESTA,1,E01011730,0,-1
2021421072482,2021,421072482,2,9,0,13,13,1,5,0,0,0,0,0,0,0,1,1,6,6,1,40,7,1560,2,7,FORD FIESTA,-1,-1,0,-1
2021430312927,2021,430312927,1,9,0,18,19,4,8,0,0,4,0,0,0,0,1,1,6,6,1,26,6,1242,1,15,FORD FIESTA,9,E01017802,0,-1
2021522200338,2021,522200338,1,9,0,9,9,6,5,0,0,6,0,0,0,0,4,1,6,6,2,54,8,998,1,7,FORD FIESTA,1,E01014647,0,-1
2021061083877,2021,061083877,2,9,0,18,19,8,4,0,0,8,0,0,0,0,1,1,5,6,1,72,10,1399,2,9,FORD FIESTA,8,E01006318,0,-1
2021201149098,2021,201149098,1,9,0,9,9,2,8,0,0,5,0,0,0,0,1,1,6,6,1,-1,-1,1399,2,16,FORD FIESTA,2,E01008939,0,-1
2021991068423,2021,991068423,2,9,0,18,19,5,1,0,0,1,0,0,1,11,1,1,6,6,1,17,4,1388,1,14,FORD FIESTA,2,-1,0,-1
2021351047227,2021,351047227,2,9,0,18,19,7,3,0,0,1,0,0,0,0,1,1,1,1,1,31,6,1242,1,19,FORD FIESTA,6,E01018182,0,-1
2021421064107,2021,421064107,2,9,0,18,19,7,3,0,0,0,0,0,0,0,3,1,1,1,2,23,5,1388,1,14,FORD FIESTA,4,E01021266,0,-1
2021010334560,2021,010334560,2,9,0,1,1,1,5,0,0,8,0,0,0,0,1,1,1,1,2,24,5,998,1,4,FORD FIESTA,3,E01004303,0,-1
2021471013078,2021,471013078,4,9,0,2,2,0,0,0,0,1,0,0,0,0,4,1,6,6,3,-1,-1,998,1,4,FORD FIESTA,-1,-1,0,-1
202131A098021,2021,31A098021,2,9,0,9,9,2,1,0,0,5,0,0,0,0,2,1,2,2,2,44,7,1242,1,10,FORD FIESTA,3,E01019511,0,-1
2021161067687,2021,161067687,2,9,0,18,19,8,4,0,0,0,0,0,0,0,3,1,6,6,2,24,5,1399,2,14,FORD FIESTA,10,E01012927,0,-1
2021471024684,2021,471024684,1,9,0,18,19,3,7,0,0,1,0,0,0,0,1,1,6,6,2,27,6,1388,1,16,FORD FIESTA,5,E01031585,0,-1
2021421124417,2021,421124417,3,9,0,3,3,7,3,0,0,0,0,0,0,0,2,1,6,6,1,31,6,1242,1,7,FORD FIESTA,4,E01026458,0,-1
2021421070438,2021,421070438,2,9,0,18,19,3,7,0,0,1,0,0,0,0,4,1,6,6,2,45,7,1388,1,9,FORD FIESTA,8,E01015894,0,-1
2021552100701,2021,552100701,1,9,0,18,19,8,4,0,0,0,0,0,0,0,3,1,6,6,1,87,11,998,1,3,FORD FIESTA,10,E01020418,0,-1
2021461108656,2021,461108656,2,9,0,18,19,3,7,0,0,1,0,0,0,0,2,1,6,6,2,-1,-1,998,1,6,FORD FIESTA,1,E01024678,0,-1
2021221110115,2021,221110115,1,9,0,9,9,7,5,0,0,6,0,0,7,0,4,1,2,2,2,62,9,998,1,7,FORD FIESTA,6,E01032374,0,-1
2021461091488,2021,461091488,3,9,0,4,4,5,2,0,0,0,0,0,0,0,2,1,6,6,3,-1,-1,1242,1,11,FORD FIESTA,-1,-1,0,-1
202134NNC2721,2021,34NNC2721,2,9,0,2,2,0,0,0,0,0,0,0,0,0,1,1,6,6,3,-1,-1,1242,1,8,FORD FIESTA,-1,-1,0,-1
2021031062783,2021,031062783,2,9,0,18,19,1,5,0,0,0,0,0,0,0,2,1,6,6,2,36,7,1388,1,11,FORD FIESTA,3,E01019209,0,-1
2021010320011,2021,010320011,2,9,0,18,19,2,6,0,0,4,0,0,0,0,1,1,1,1,2,19,4,1242,1,9,FORD FIESTA,5,E01000738,0,-1
2021131105236,2021,131105236,2,9,0,18,19,1,5,0,0,2,1,0,7,11,3,1,2,2,2,21,5,1399,2,13,FORD FIESTA,2,E01010778,0,-1
2021549499821,2021,549499821,2,9,0,2,2,0,0,0,0,2,0,0,0,0,3,1,6,6,1,54,8,1242,1,12,FORD FIESTA,4,E01006219,0,-1
2021421107847,2021,421107847,3,9,0,18,19,1,5,0,0,0,0,0,0,0,0,1,5,6,2,59,9,1388,1,13,FORD FIESTA,4,E01015990,0,-1
2021501133748,2021,501133748,1,9,0,18,19,4,8,0,0,0,0,4,0,0,1,1,6,6,1,78,11,998,1,5,FORD FIESTA,5,E01020099,0,-1
2021052101674,2021,052101674,1,9,0,18,19,5,1,0,0,0,0,0,0,0,1,1,6,6,2,35,6,998,1,2,FORD FIESTA,6,E01007014,0,-1
202163C081221,2021,63C081221,1,9,0,18,19,1,5,0,0,0,0,6,1,10,4,1,6,6,1,24,5,1596,1,31,FORD FIESTA,1,W01001295,0,-1
2021421066946,2021,421066946,2,9,0,18,19,5,4,0,0,1,2,0,0,0,1,1,6,6,1,49,8,1999,1,14,FORD FIESTA,7,E01021662,0,-1
2021421018086,2021,421018086,1,9,0,12,12,1,5,0,0,0,1,0,1,7,1,1,1,1,1,23,5,1999,1,13,FORD FIESTA,6,E01021903,0,-1
2021461065524,2021,461065524,2,9,0,2,2,0,0,0,0,1,0,0,0,0,3,1,6,6,2,17,4,1496,1,2,FORD FIESTA,3,E01024307,0,-1
2021122101285,2021,122101285,1,9,0,18,19,6,1,0,0,0,2,0,2,7,1,1,6,6,1,24,5,1596,1,6,FORD FIESTA,9,E01008479,0,-1
2021421017777,2021,421017777,1,9,0,18,19,8,3,0,0,8,0,0,0,0,1,1,5,6,1,18,4,1242,1,13,FORD FIESTA,9,E01022082,0,-1
202106L080170,2021,06L080170,1,9,0,18,19,5,1,0,0,0,0,0,0,0,1,1,6,6,2,26,6,1242,1,15,FORD FIESTA,1,E01006240,0,-1
2021461098403,2021,461098403,2,9,0,18,19,4,8,0,0,0,0,0,0,0,2,1,5,6,2,21,5,1242,1,12,FORD FIESTA,9,E01024754,0,-1
2021041112042,2021,041112042,2,9,0,2,2,7,3,0,0,0,0,0,0,0,2,1,5,6,2,22,5,1560,2,12,FORD FIESTA,5,E01012664,0,-1
2021622100885,2021,622100885,3,9,0,18,19,8,4,0,0,0,0,0,0,0,1,1,6,6,1,66,10,1242,1,8,FORD FIESTA,10,W01001120,0,-1
2021010327381,2021,010327381,2,9,0,99,99,9,9,99,99,9,9,99,9,99,9,9,6,6,3,-1,-1,1242,1,9,FORD FIESTA,-1,-1,0,-1
2021231084917,2021,231084917,1,9,0,18,19,6,2,0,0,0,5,0,8,3,1,1,2,2,1,27,6,1084,1,3,FORD FIESTA,5,E01031093,0,-1
2021421095263,2021,421095263,1,9,0,18,19,7,3,0,0,1,0,0,0,0,2,1,6,6,2,70,10,1596,1,8,FORD FIESTA,-1,-1,0,-1
202131A048721,2021,31A048721,2,9,0,18,19,6,2,0,0,8,0,0,0,0,1,1,6,6,2,55,8,1499,2,8,FORD FIESTA,7,E01028240,0,-1
2021320555574,2021,320555574,3,9,0,18,19,2,6,0,0,0,0,0,0,0,3,1,6,6,1,22,5,998,1,5,FORD FIESTA,9,E01026222,0,-1
2021531118268,2021,531118268,2,9,0,9,9,3,7,0,0,2,1,0,0,0,1,1,1,1,1,20,4,1399,2,10,FORD FIESTA,7,E01009811,0,-1
2021302101875,2021,302101875,1,9,0,18,19,8,4,0,0,8,0,0,1,11,4,1,2,2,1,26,6,1242,1,16,FORD FIESTA,2,E01019563,0,-1
2021522101683,2021,522101683,1,9,0,3,3,8,4,0,0,0,0,0,0,0,0,1,6,6,1,32,6,1242,1,15,FORD FIESTA,7,E01014972,0,-1
2021010334008,2021,010334008,2,9,0,99,99,9,9,99,99,9,9,99,9,99,9,9,6,6,3,-1,-1,1388,1,10,FORD FIESTA,5,E01000468,0,-1
2021131126681,2021,131126681,1,9,0,18,19,5,1,0,0,1,0,0,0,0,4,1,6,6,3,-1,-1,1499,2,6,FORD FIESTA,-1,-1,0,-1
2021010290355,2021,010290355,2,9,0,3,3,7,3,0,0,1,0,0,0,0,3,1,2,2,2,60,9,1242,1,10,FORD FIESTA,-1,-1,0,-1
2021471046572,2021,471046572,2,9,0,10,10,8,6,0,0,5,0,0,0,0,2,1,5,6,2,58,9,1242,1,9,FORD FIESTA,8,E01031613,0,-1
2021520200860,2021,520200860,1,9,0,18,19,3,7,0,0,8,0,0,0,0,1,1,6,6,1,56,9,1242,1,5,FORD FIESTA,10,E01029160,0,-1
2021991052159,2021,991052159,2,9,0,3,3,7,3,0,0,0,0,0,0,0,2,1,5,6,2,22,5,1388,1,12,FORD FIESTA,4,-1,0,-1
2021052101306,2021,052101306,1,9,0,18,19,5,1,0,0,0,0,0,0,0,1,1,6,6,1,76,11,1388,1,15,FORD FIESTA,1,E01007119,0,-1
202134WNC2421,2021,34WNC2421,1,9,0,17,19,1,5,9,9,1,0,0,1,10,1,1,6,6,1,35,6,1596,1,8,FORD FIESTA,5,E01027158,0,-1
2021522101628,2021,522101628,3,9,0,18,19,7,3,0,0,0,0,0,0,0,2,1,6,6,2,19,4,998,1,3,FORD FIESTA,2,E01014810,0,-1
2021501053646,2021,501053646,1,9,0,14,14,2,6,0,0,1,0,0,0,0,1,1,6,6,2,24,5,1499,2,8,FORD FIESTA,4,E01018926,0,-1
2021070542272,2021,070542272,1,9,0,9,9,1,5,0,0,8,0,0,0,0,3,1,6,6,2,19,4,1388,1,9,FORD FIESTA,7,E01012547,0,-1
2021101077090,2021,101077090,2,9,0,18,19,5,1,0,0,8,0,0,0,0,4,1,5,6,2,54,8,1499,2,6,FORD FIESTA,2,E01027546,0,-1
2021320370954,2021,320370954,1,9,0,4,4,4,8,0,0,0,0,0,0,0,2,1,6,6,2,32,6,998,1,5,FORD FIESTA,3,E01026125,0,-1
2021131079828,2021,131079828,3,9,0,18,19,7,3,0,0,0,0,0,0,0,1,1,5,6,2,63,9,998,1,1,FORD FIESTA,2,E01011227,0,-1
2021361082918,2021,361082918,2,9,0,4,4,3,8,0,0,0,0,0,0,0,2,1,2,2,2,21,5,998,1,8,FORD FIESTA,3,E01026888,0,-1
2021010319805,2021,010319805,2,9,0,18,19,5,1,0,0,3,0,0,0,0,1,1,6,6,1,17,4,1242,1,14,FORD FIESTA,5,E01000589,0,-1
2021471031540,2021,471031540,3,9,0,4,4,5,1,0,0,0,0,0,0,0,3,1,5,6,2,18,4,1242,1,15,FORD FIESTA,3,E01031358,0,-1
2021531116088,2021,531116088,1,9,0,3,3,1,5,0,0,0,0,0,0,0,1,1,6,6,2,-1,-1,999,1,1,FORD FIESTA,-1,-1,0,-1
2021471119045,2021,471119045,1,9,0,18,19,6,2,0,0,1,0,0,0,0,1,1,5,6,1,19,4,1596,1,4,FORD FIESTA,6,E01031514,0,-1
2021320002825,2021,320002825,1,9,0,18,19,8,4,0,0,1,0,0,0,0,1,1,6,6,1,50,8,1399,2,15,FORD FIESTA,1,E01026093,0,-1
2021201149822,2021,201149822,2,9,0,18,19,5,1,0,0,8,0,0,0,0,4,1,2,2,1,23,5,1242,1,6,FORD FIESTA,7,E01010024,0,-1
2021122100308,2021,122100308,2,9,0,18,19,6,2,0,0,0,0,0,0,0,1,1,6,6,2,59,9,1242,1,9,FORD FIESTA,8,E01013409,0,-1
2021471034739,2021,471034739,1,9,0,18,19,6,2,0,0,0,0,0,0,0,1,1,6,6,2,76,11,1242,1,12,FORD FIESTA,10,E01031710,0,-1
2021501022589,2021,501022589,1,9,0,16,19,3,7,0,0,1,0,0,0,0,4,1,5,6,1,23,5,1242,1,18,FORD FIESTA,9,E01020058,0,-1
2021041104217,2021,041104217,1,9,0,18,19,1,5,0,0,0,1,0,1,11,4,1,6,6,1,25,5,1242,1,14,FORD FIESTA,10,E01025007,0,-1
2021231109235,2021,231109235,2,9,0,16,19,5,8,0,0,0,0,0,7,0,2,1,5,6,2,61,9,1388,1,10,FORD FIESTA,6,E01031282,0,-1
2021430485779,2021,430485779,1,9,0,18,19,4,8,0,0,0,1,0,4,4,1,1,6,6,2,34,6,1596,1,12,FORD FIESTA,5,E01032555,0,-1
2021061030203,2021,061030203,1,9,0,7,7,8,2,0,0,2,0,0,0,0,1,1,5,6,1,22,5,1242,1,15,FORD FIESTA,5,E01006261,0,-1
2021170L40601,2021,170L40601,2,9,0,18,19,3,7,0,0,1,0,0,0,0,1,1,6,6,1,31,6,1242,1,6,FORD FIESTA,5,E01012185,0,-1
2021161097426,2021,161097426,4,9,0,18,19,7,3,0,0,0,0,0,0,0,2,1,2,2,2,32,6,1084,1,3,FORD FIESTA,8,E01013326,0,-1
2021531043777,2021,531043777,2,9,0,18,19,3,7,0,0,0,0,0,0,0,2,1,2,2,1,69,10,1399,2,10,FORD FIESTA,6,E01022162,0,-1
2021451126377,2021,451126377,1,9,0,16,19,5,1,0,0,0,0,0,7,3,1,1,5,6,2,76,11,999,1,1,FORD FIESTA,8,E01031545,0,-1
2021131098998,2021,131098998,1,9,0,-1,-1,-1,-1,-1,-1,-1,-1,-1,-1,-1,-1,1,6,6,3,-1,-1,1388,1,17,FORD FIESTA,-1,-1,0,-1
2021520103262,2021,520103262,2,9,0,4,4,6,2,0,0,0,0,0,0,0,1,1,6,6,3,20,4,998,1,4,FORD FIESTA,-1,-1,0,-1
202163B079621,2021,63B079621,1,9,0,18,19,8,4,0,0,0,1,0,1,9,1,1,6,6,1,17,4,1242,1,16,FORD FIESTA,-1,-1,0,-1
2021461027281,2021,461027281,2,9,0,18,19,7,3,0,0,0,0,0,0,0,1,1,6,6,2,32,6,1242,1,8,FORD FIESTA,2,E01024633,0,-1
2021461116002,2021,461116002,2,9,0,2,2,0,0,0,0,2,0,0,0,0,3,1,6,6,3,-1,-1,998,1,8,FORD FIESTA,-1,-1,0,-1
2021451098043,2021,451098043,1,9,0,18,19,5,2,0,0,3,0,0,1,0,4,1,6,6,2,22,5,1499,2,3,FORD FIESTA,5,E01030464,0,-1
2021991029744,2021,991029744,1,9,0,5,5,4,8,0,0,0,0,0,4,4,1,1,6,6,2,21,5,1560,2,10,FORD FIESTA,3,-1,0,-1
2021501103482,2021,501103482,1,9,0,9,9,1,5,0,0,0,0,0,0,0,3,1,6,6,1,26,6,1242,1,6,FORD FIESTA,6,E01020136,0,-1
2021471031689,2021,471031689,1,9,0,18,19,4,8,0,0,0,0,0,0,0,1,1,6,6,1,-1,-1,998,1,6,FORD FIESTA,3,E01031459,0,-1
2021411022267,2021,411022267,1,9,0,18,19,5,1,0,0,0,1,0,2,0,1,1,2,2,2,37,7,1388,1,12,FORD FIESTA,3,E01023323,0,-1
2021471076964,2021,471076964,2,9,0,7,7,8,3,0,0,1,0,0,0,0,1,1,2,2,1,36,7,1242,1,9,FORD FIESTA,9,E01031612,0,-1
2021622101006,2021,622101006,3,9,0,8,8,2,5,0,0,1,0,0,0,0,3,1,6,6,1,69,10,1399,2,12,FORD FIESTA,5,W01000995,0,-1
2021421116632,2021,421116632,2,9,0,4,4,5,1,0,0,0,0,0,0,0,2,1,6,6,2,25,5,998,1,4,FORD FIESTA,4,E01015947,0,-1
2021041047751,2021,041047751,2,9,0,18,19,1,5,0,0,8,0,0,0,0,1,1,5,6,2,27,6,1388,1,17,FORD FIESTA,2,E01025385,0,-1
2021440323239,2021,440323239,1,9,0,18,19,6,2,0,0,4,5,7,3,1,1,1,6,6,1,22,5,1999,1,15,FORD FIESTA,4,E01032858,0,-1
2021061063725,2021,061063725,1,9,0,18,19,1,5,0,0,8,0,0,0,0,1,1,1,1,1,19,4,1242,1,15,FORD FIESTA,4,E01005957,0,-1
2021451064879,2021,451064879,2,9,0,14,14,1,5,0,0,0,0,0,0,0,3,1,6,6,1,90,11,998,1,4,FORD FIESTA,9,E01030366,0,-1
2021052101040,2021,052101040,2,9,0,18,19,7,3,0,0,0,0,0,0,0,2,1,6,6,2,40,7,1242,1,7,FORD FIESTA,5,E01033096,0,-1
2021461127110,2021,461127110,1,9,0,18,19,5,1,0,0,0,0,0,0,0,1,1,5,6,1,62,9,1242,1,8,FORD FIESTA,2,E01016110,0,-1
2021122101476,2021,122101476,4,9,0,3,3,3,7,0,0,1,0,0,0,0,2,1,6,6,2,36,7,1388,1,10,FORD FIESTA,6,E01011599,0,-1
2021371078273,2021,371078273,1,9,0,17,19,8,4,0,0,0,0,0,0,0,1,1,5,6,2,50,8,1242,1,13,FORD FIESTA,5,E01029874,0,-1
2021131108490,2021,131108490,1,9,0,18,19,5,1,0,0,0,0,0,0,0,1,1,5,6,1,50,8,1399,2,13,FORD FIESTA,2,E01011742,0,-1
2021111121025,2021,111121025,1,9,0,18,19,7,3,0,0,1,0,0,0,0,1,1,6,6,1,30,6,1560,2,7,FORD FIESTA,2,E01020839,0,-1
2021052100925,2021,052100925,2,9,0,7,7,5,1,0,0,5,0,0,0,0,4,1,6,6,2,42,7,998,1,5,FORD FIESTA,1,E01006540,0,-1
2021161090808,2021,161090808,2,9,0,18,19,7,3,0,0,8,0,0,0,0,1,1,2,2,1,21,5,1388,1,14,FORD FIESTA,3,E01012913,0,-1
202163D090621,2021,63D090621,1,9,0,18,19,4,8,0,0,0,5,0,7,9,1,1,6,6,1,25,5,1388,1,17,FORD FIESTA,5,W01000650,0,-1