collision_index,collision_year,collision_ref_no,vehicle_reference,vehicle_type,towing_and_articulation,vehicle_manoeuvre_historic,vehicle_manoeuvre,vehicle_direction_from,vehicle_direction_to,vehicle_location_restricted_lane_historic,vehicle_location_restricted_lane,junction_location,skidding_and_overturning,hit_object_in_carriageway,vehicle_leaving_carriageway,hit_object_off_carriageway,first_point_of_impact,vehicle_left_hand_drive,journey_purpose_of_driver_historic,journey_purpose_of_driver,sex_of_driver,age_of_driver,age_band_of_driver,engine_capacity_cc,propulsion_code,age_of_vehicle,generic_make_model,driver_imd_decile,lsoa_of_driver,escooter_flag,driver_distance_banding
2021041061003,2021,041061003,3,9,0,4,4,3,7,0,0,4,0,0,0,0,2,1,2,2,1,28,6,1596,1,5,FORD FIESTA,3,E01024952,0,-1
2021371032027,2021,371032027,2,9,0,4,4,1,5,0,0,0,0,0,0,0,2,1,5,6,2,26,6,998,1,3,FORD FIESTA,7,E01029964,0,-1
2021471091206,2021,471091206,2,9,0,2,2,0,0,0,0,0,0,0,0,0,1,1,6,6,3,-1,-1,998,1,7,FORD FIESTA,-1,-1,0,-1
2021010300317,2021,010300317,1,9,0,7,7,3,5,0,0,4,0,0,0,0,3,1,6,6,1,25,5,1242,1,5,FORD FIESTA,3,E01002397,0,-1
2021440436528,2021,440436528,1,9,2,3,3,2,6,0,0,0,0,0,0,0,1,1,6,6,2,46,8,1388,1,9,FORD FIESTA,-1,-1,0,-1
2021201030209,2021,201030209,1,9,0,18,19,2,6,0,0,0,1,4,1,4,1,1,6,6,1,53,8,1242,1,12,FORD FIESTA,5,E01009324,0,-1
2021471069874,2021,471069874,1,9,0,18,19,7,3,0,0,8,0,0,0,0,1,1,2,2,2,63,9,1596,1,8,FORD FIESTA,6,E01017012,0,-1
2021070813568,2021,070813568,1,9,0,9,9,4,8,0,0,8,0,0,0,0,4,1,2,2,2,32,6,998,1,2,FORD FIESTA,10,E01018346,0,-1
2021991041447,2021,991041447,1,9,0,10,10,4,2,0,0,0,0,0,0,0,0,1,5,6,2,18,4,-1,-1,-1,FORD FIESTA,7,-1,0,-1
2021302101533,2021,302101533,1,9,0,18,19,8,4,0,0,0,0,4,0,0,1,1,2,2,2,19,4,1399,2,10,FORD FIESTA,2,E01008016,0,-1
2021421089617,2021,421089617,2,9,0,9,9,3,1,0,0,1,0,0,0,0,3,1,5,6,2,76,11,1388,1,18,FORD FIESTA,8,E01022089,0,-1
2021041086467,2021,041086467,1,9,0,18,19,1,5,0,0,1,1,0,0,0,1,1,6,6,1,29,6,1999,1,14,FORD FIESTA,4,E01012703,0,-1
2021501113942,2021,501113942,1,9,0,1,1,8,4,0,0,0,0,0,0,0,2,1,6,6,2,55,8,998,1,2,FORD FIESTA,7,E01019045,0,-1
2021531082932,2021,531082932,2,9,0,18,19,7,3,0,0,8,0,0,0,0,2,1,5,6,2,19,4,1242,1,12,FORD FIESTA,7,W01001576,0,-1
2021361050961,2021,361050961,1,9,0,18,19,4,8,0,0,0,0,0,0,0,2,1,5,6,2,54,8,1560,2,9,FORD FIESTA,8,E01026921,0,-1
2021351017451,2021,351017451,3,9,0,18,19,1,5,0,0,8,0,0,0,0,1,1,6,6,2,50,8,1560,2,9,FORD FIESTA,8,E01023466,0,-1
2021101073177,2021,101073177,1,9,0,2,2,0,0,9,9,0,0,0,0,0,3,1,6,6,2,54,8,998,1,5,FORD FIESTA,7,E01008848,0,-1
2021041106865,2021,041106865,2,9,0,2,2,5,1,0,0,0,0,0,0,0,3,1,6,6,3,-1,-1,998,1,8,FORD FIESTA,-1,-1,0,-1
2021302100362,2021,302100362,3,9,0,2,2,0,0,0,0,0,0,0,0,0,2,1,6,6,1,19,4,1596,1,10,FORD FIESTA,8,E01019600,0,-1
2021501120465,2021,501120465,1,9,0,4,4,5,1,0,0,1,0,0,0,0,3,1,5,6,1,41,7,999,1,0,FORD FIESTA,10,E01020242,0,-1
2021552101123,2021,552101123,1,9,0,5,5,6,2,0,0,4,0,0,0,0,1,1,6,6,2,79,11,998,1,5,FORD FIESTA,9,E01020371,0,-1
2021361144131,2021,361144131,1,9,0,18,19,3,7,0,0,0,1,0,1,11,1,1,5,6,2,18,4,1242,1,12,FORD FIESTA,2,E01026716,0,-1
2021201080152,2021,201080152,1,9,0,18,19,6,2,0,0,1,0,0,0,0,1,1,6,6,2,30,6,1399,2,11,FORD FIESTA,1,E01009097,0,-1
2021461108795,2021,461108795,1,9,0,7,7,5,7,0,0,0,0,0,0,0,4,1,6,6,2,-1,-1,1242,1,13,FORD FIESTA,3,E01024596,0,-1
2021010330931,2021,010330931,1,9,0,99,99,9,9,0,0,8,0,0,0,0,4,1,6,6,2,18,4,1242,1,10,FORD FIESTA,6,E01000795,0,-1
2021010320330,2021,010320330,2,9,0,9,9,1,6,0,0,1,0,0,0,0,1,2,6,6,1,18,4,1242,1,9,FORD FIESTA,-1,-1,0,-1
2021201111790,2021,201111790,1,9,0,18,19,2,6,0,0,0,0,10,0,0,1,1,2,2,1,58,9,1399,2,9,FORD FIESTA,1,E01033637,0,-1
2021052101635,2021,052101635,1,9,0,18,19,1,5,0,0,8,0,0,0,0,1,1,1,1,1,33,6,1388,1,15,FORD FIESTA,1,E01006694,0,-1
2021440450540,2021,440450540,2,9,0,18,19,8,4,0,0,8,0,0,1,0,1,1,6,6,1,19,4,1596,1,6,FORD FIESTA,7,E01023196,0,-1
2021201060585,2021,201060585,1,9,0,18,19,2,6,0,0,4,0,10,7,0,4,1,6,6,1,29,6,999,1,1,FORD FIESTA,3,E01009138,0,-1
2021201097087,2021,201097087,1,9,0,1,1,-1,-1,0,0,8,0,0,0,0,2,1,6,6,2,-1,-1,1388,1,11,FORD FIESTA,-1,-1,0,-1
2021461046295,2021,461046295,3,9,0,18,19,3,7,0,0,0,0,0,0,0,1,1,6,6,2,73,10,998,1,1,FORD FIESTA,4,E01024395,0,-1
2021141102400,2021,141102400,1,9,0,18,19,7,3,0,0,1,0,0,0,0,4,1,5,6,2,21,5,1499,2,6,FORD FIESTA,2,E01007881,0,-1
2021522104385,2021,522104385,1,9,0,9,9,2,7,0,0,5,0,0,0,0,1,1,6,6,1,16,4,998,1,3,FORD FIESTA,3,E01014695,0,-1
2021622100354,2021,622100354,2,9,0,5,5,2,6,0,0,0,0,0,0,0,2,1,2,2,1,19,4,1242,1,12,FORD FIESTA,10,W01001573,0,-1
2021221027094,2021,221027094,1,9,0,7,7,3,5,0,0,5,0,4,1,11,4,1,5,6,2,26,6,1388,1,16,FORD FIESTA,6,E01014119,0,-1
2021122100401,2021,122100401,2,9,0,5,5,3,7,0,0,0,0,0,0,0,1,1,6,6,2,24,5,1560,2,10,FORD FIESTA,5,E01027564,0,-1
2021141052359,2021,141052359,2,9,0,18,19,7,7,0,0,0,0,4,0,0,1,1,5,6,1,33,6,1399,2,9,FORD FIESTA,3,E01007337,0,-1
2021141092339,2021,141092339,2,9,0,18,19,3,7,0,0,0,0,0,0,0,4,1,1,1,2,23,5,1242,1,9,FORD FIESTA,6,E01007586,0,-1
2021061055850,2021,061055850,2,9,0,18,19,8,4,0,0,1,0,0,0,0,1,1,5,6,3,30,6,1388,1,11,FORD FIESTA,-1,-1,0,-1
2021010308084,2021,010308084,1,9,0,1,1,1,5,0,0,2,0,0,0,0,2,1,6,6,1,76,11,1299,1,20,FORD FIESTA,5,E01003955,0,-1
2021010310710,2021,010310710,1,9,0,9,9,1,6,0,0,6,0,0,4,10,4,1,6,6,1,18,4,1388,1,12,FORD FIESTA,-1,-1,0,-1
2021451037557,2021,451037557,1,9,0,9,9,3,3,0,0,1,0,0,0,0,4,1,2,2,2,58,9,1388,1,11,FORD FIESTA,6,E01030631,0,-1
2021471032484,2021,471032484,2,9,0,18,19,4,8,0,0,1,0,0,0,0,1,1,5,6,2,70,10,1242,1,6,FORD FIESTA,5,E01031498,0,-1
2021010351203,2021,010351203,2,9,0,99,99,9,9,99,99,0,9,99,9,99,1,9,6,6,3,-1,-1,1596,1,12,FORD FIESTA,5,E01003019,0,-1
2021010327415,2021,010327415,1,9,0,9,9,7,5,0,0,6,0,7,0,0,1,1,6,6,1,88,11,998,1,4,FORD FIESTA,7,E01002965,0,-1
2021622200068,2021,622200068,1,9,0,18,19,3,7,0,0,0,0,0,0,0,1,1,6,6,1,59,9,1399,2,11,FORD FIESTA,9,W01000778,0,-1
2021302100581,2021,302100581,1,9,0,4,4,2,6,0,0,1,0,0,0,0,2,1,6,6,2,68,10,1388,1,17,FORD FIESTA,4,E01028041,0,-1
2021451083412,2021,451083412,1,9,0,18,19,5,1,0,0,2,0,0,0,0,1,1,5,6,1,18,4,1299,1,19,FORD FIESTA,9,E01030688,0,-1
2021421054976,2021,421054976,1,9,0,5,5,8,5,0,0,0,0,0,0,0,1,1,5,6,3,-1,-1,1596,1,7,FORD FIESTA,-1,-1,0,-1
2021421097352,2021,421097352,2,9,0,18,19,6,2,0,0,1,0,0,0,0,1,1,2,2,1,24,5,1596,1,4,FORD FIESTA,10,E01021252,0,-1
2021211103786,2021,211103786,1,9,0,9,9,8,6,0,0,1,0,0,0,0,1,1,6,6,1,25,5,998,1,3,FORD FIESTA,5,E01013587,0,-1
202134WNC2111,2021,34WNC2111,2,9,0,17,19,5,1,0,0,8,0,0,0,0,4,1,6,6,2,21,5,1596,1,8,FORD FIESTA,9,E01027018,0,-1
2021131051519,2021,131051519,2,9,0,18,19,1,1,0,0,1,0,0,0,0,3,1,5,6,2,45,7,1242,1,10,FORD FIESTA,1,E01005578,0,-1
2021010329610,2021,010329610,2,9,0,2,2,0,0,0,0,0,0,0,0,0,0,1,6,6,3,-1,-1,1388,1,10,FORD FIESTA,-1,-1,0,-1
2021421117930,2021,421117930,1,9,0,17,19,1,5,0,0,1,0,0,0,0,1,1,6,6,2,57,9,1084,1,2,FORD FIESTA,6,E01021473,0,-1
2021161062899,2021,161062899,1,9,0,7,7,6,8,0,0,1,0,0,0,0,1,1,5,6,1,41,7,1242,1,14,FORD FIESTA,1,E01012841,0,-1
2021201134066,2021,201134066,2,9,0,18,19,8,4,0,0,0,0,4,0,0,4,1,6,6,1,-1,-1,998,1,4,FORD FIESTA,-1,-1,0,-1
2021010309794,2021,010309794,1,9,0,5,5,7,3,0,0,1,0,0,0,0,2,1,1,1,1,32,6,998,1,5,FORD FIESTA,2,E01000049,0,-1
2021131115091,2021,131115091,1,9,0,9,9,5,3,0,0,0,0,0,0,0,4,1,5,6,1,28,6,999,1,0,FORD FIESTA,2,E01007323,0,-1
2021451017996,2021,451017996,2,9,0,9,9,3,1,0,0,8,0,0,0,0,1,1,5,6,2,54,8,1242,1,18,FORD FIESTA,8,E01016234,0,-1
2021411013924,2021,411013924,1,9,0,18,19,1,5,0,0,0,2,0,2,0,1,1,6,6,2,34,6,1242,1,8,FORD FIESTA,5,E01023773,0,-1
2021201134092,2021,201134092,2,9,0,18,19,8,4,0,0,8,0,10,7,10,3,1,6,6,3,-1,-1,1388,1,11,FORD FIESTA,-1,-1,0,-1
2021401032386,2021,401032386,1,9,0,18,19,8,4,0,0,0,0,0,1,4,1,1,2,2,2,45,7,1499,2,7,FORD FIESTA,3,E01016738,0,-1
2021010315327,2021,010315327,1,9,0,9,9,1,8,0,0,5,0,0,0,0,1,1,6,6,2,49,8,1242,1,8,FORD FIESTA,6,E01024371,0,-1
2021201139111,2021,201139111,2,9,0,18,19,5,1,0,0,8,0,0,0,0,3,1,6,6,2,52,8,1560,2,7,FORD FIESTA,-1,-1,0,-1
2021461116504,2021,461116504,2,9,0,17,19,3,7,0,0,8,1,0,0,0,3,1,5,6,2,31,6,998,1,6,FORD FIESTA,6,E01024079,0,-1
2021401102532,2021,401102532,1,9,0,18,19,2,4,0,0,1,0,0,0,0,1,1,6,6,1,17,4,1499,2,7,FORD FIESTA,6,E01017508,0,-1
2021201078027,2021,201078027,2,9,0,18,19,4,8,0,0,8,0,0,0,0,1,1,6,6,1,67,10,999,1,1,FORD FIESTA,4,E01010009,0,-1
2021411077772,2021,411077772,2,9,0,11,11,6,2,0,0,5,0,0,0,0,1,1,5,6,1,40,7,1399,2,11,FORD FIESTA,9,E01023507,0,-1
2021010330280,2021,010330280,2,9,0,99,99,9,9,99,99,9,9,99,9,99,9,9,6,6,3,-1,-1,1388,1,18,FORD FIESTA,3,E01001637,0,-1
2021141076791,2021,141076791,1,9,0,18,19,1,5,0,0,2,0,0,0,0,1,1,6,6,2,28,6,1242,1,15,FORD FIESTA,8,E01007485,0,-1
2021501065116,2021,501065116,1,9,0,16,19,3,7,0,0,0,0,0,2,0,1,1,6,6,1,31,6,1999,1,16,FORD FIESTA,8,E01020091,0,-1
2021421125979,2021,421125979,1,9,0,18,19,7,3,0,0,0,1,0,0,0,1,1,6,6,1,46,8,1999,1,16,FORD FIESTA,5,E01021297,0,-1
2021141025446,2021,141025446,1,9,0,6,6,8,8,0,0,0,5,0,1,0,2,1,5,6,1,44,7,999,1,1,FORD FIESTA,1,E01007885,0,-1
2021311070955,2021,311070955,2,9,0,18,19,8,4,0,0,0,0,0,7,9,1,1,6,6,2,18,4,1242,1,15,FORD FIESTA,3,E01028282,0,-1
2021451034440,2021,451034440,1,9,0,18,19,1,5,0,0,0,0,0,0,0,1,1,6,6,2,50,8,1388,1,14,FORD FIESTA,10,E01030597,0,-1
2021101102888,2021,101102888,1,9,0,9,9,4,1,0,0,1,0,0,0,0,1,1,6,6,1,24,5,1399,2,10,FORD FIESTA,3,E01032648,0,-1
2021131109847,2021,131109847,1,9,0,18,19,5,1,0,0,0,0,0,0,0,4,1,6,6,2,55,8,998,1,2,FORD FIESTA,9,E01011177,0,-1
2021411116515,2021,411116515,2,9,0,5,5,-1,-1,0,0,0,0,0,0,0,1,1,6,6,3,49,8,1242,1,13,FORD FIESTA,7,E01023623,0,-1
2021041067208,2021,041067208,1,9,0,17,19,5,1,0,0,1,5,10,0,0,4,1,5,6,1,21,5,998,1,5,FORD FIESTA,5,E01025137,0,-1
2021520104407,2021,520104407,1,9,0,18,19,8,4,0,0,0,0,0,0,11,1,1,6,6,2,59,9,998,1,5,FORD FIESTA,7,E01029085,0,-1
2021461075691,2021,461075691,1,9,0,18,19,5,1,0,0,0,0,0,0,0,1,1,6,6,2,29,6,998,1,6,FORD FIESTA,3,E01016021,0,-1
2021991126657,2021,991126657,1,9,0,9,9,6,4,0,0,8,0,0,0,0,1,1,5,6,2,34,6,1560,2,12,FORD FIESTA,-1,-1,0,-1
2021041176558,2021,041176558,2,9,0,5,5,1,7,0,0,8,0,0,0,0,2,1,5,6,1,18,4,1242,1,11,FORD FIESTA,5,E01025427,0,-1
2021351076620,2021,351076620,1,9,0,18,19,5,7,0,0,0,1,7,4,0,4,1,1,1,2,27,6,1242,1,16,FORD FIESTA,2,E01018070,0,-1
2021041027046,2021,041027046,2,9,0,18,19,1,1,0,0,8,0,0,0,0,1,1,5,6,2,25,5,1399,2,15,FORD FIESTA,9,E01012583,0,-1
2021201102562,2021,201102562,2,9,0,18,19,1,5,0,0,1,1,0,0,0,1,1,1,1,1,32,6,1596,1,8,FORD FIESTA,1,E01010484,0,-1
2021010312367,2021,010312367,2,9,0,18,19,3,7,0,0,7,0,0,0,0,2,1,2,2,1,49,8,1399,2,15,FORD FIESTA,2,E01000053,0,-1
2021501044671,2021,501044671,1,9,0,13,13,7,3,0,0,0,2,0,1,4,1,1,5,6,1,29,6,1596,1,10,FORD FIESTA,5,E01029123,0,-1
2021440323549,2021,440323549,1,9,0,9,9,3,5,0,0,5,0,0,0,0,1,1,6,6,2,77,11,998,1,6,FORD FIESTA,10,E01020358,0,-1
2021461125804,2021,461125804,1,9,0,18,19,7,5,0,0,1,0,0,0,0,4,1,6,6,1,30,6,999,1,1,FORD FIESTA,3,E01016016,0,-1
2021522102235,2021,522102235,2,9,0,9,9,3,1,0,0,6,0,0,0,0,1,1,6,6,2,25,5,1388,1,9,FORD FIESTA,-1,-1,0,-1
2021061050257,2021,061050257,1,9,0,18,19,6,2,0,0,8,0,0,0,0,4,1,6,6,2,30,6,1242,1,18,FORD FIESTA,9,E01006149,0,-1
2021622100817,2021,622100817,1,9,0,7,7,8,2,0,0,6,0,0,0,0,1,1,6,6,1,26,6,1242,1,14,FORD FIESTA,1,W01001857,0,-1
2021122101301,2021,122101301,1,9,0,18,19,7,3,0,0,0,0,0,0,0,1,1,6,6,2,20,4,1242,1,9,FORD FIESTA,6,E01010705,0,-1
2021201136747,2021,201136747,1,9,0,5,5,8,4,0,0,6,0,0,0,0,1,1,6,6,2,29,6,1388,1,10,FORD FIESTA,3,E01008893,0,-1
2021991107456,2021,991107456,1,9,0,18,19,3,7,0,0,0,0,0,0,0,1,1,5,6,1,19,4,1388,1,18,FORD FIESTA,4,-1,0,-1
2021501104866,2021,501104866,2,9,0,4,4,7,3,0,0,1,0,0,0,0,1,1,5,6,2,26,6,1242,1,22,FORD FIESTA,6,E01019897,0,-1
2021411089422,2021,411089422,2,9,0,10,10,4,2,0,0,1,0,0,0,0,1,1,6,6,2,18,4,998,1,4,FORD FIESTA,3,E01023323,0,-1
2021010314872,2021,010314872,2,9,0,99,99,9,9,99,99,9,9,99,9,99,1,9,6,6,3,-1,-1,-1,-1,-1,FORD FIESTA,2,E01000743,0,-1
2021991115872,2021,991115872,1,9,0,18,19,6,2,0,0,8,0,0,0,0,4,1,1,1,2,51,8,1242,1,11,FORD FIESTA,-1,-1,0,-1
2021471115854,2021,471115854,2,9,0,9,9,4,8,0,0,1,0,0,0,0,2,1,5,6,2,34,6,1388,1,17,FORD FIESTA,2,E01031790,0,-1
2021361053065,2021,361053065,1,9,0,18,19,2,6,0,0,0,0,0,0,0,3,1,5,6,1,88,11,998,1,2,FORD FIESTA,9,E01026422,0,-1
2021010319084,2021,010319084,2,9,0,9,9,5,2,0,0,1,0,0,0,0,3,1,1,1,1,40,7,1499,2,5,FORD FIESTA,10,W01000858,0,-1
2021361023199,2021,361023199,1,9,0,18,19,3,7,0,0,0,0,0,7,11,1,1,5,6,1,76,11,1242,1,4,FORD FIESTA,9,E01026576,0,-1
2021052102816,2021,052102816,3,9,0,18,19,3,7,0,0,1,0,0,0,0,1,1,6,6,2,32,6,1242,1,8,FORD FIESTA,2,E01006456,0,-1
2021471022815,2021,471022815,3,9,0,2,2,0,0,0,0,0,0,0,0,0,3,1,6,6,3,-1,-1,998,1,8,FORD FIESTA,-1,-1,0,-1
2021041035320,2021,041035320,1,9,0,18,19,7,3,0,0,1,0,11,0,0,1,1,5,6,1,19,4,1242,1,12,FORD FIESTA,8,E01024993,0,-1
2021201132776,2021,201132776,1,9,0,9,9,7,5,0,0,6,0,0,0,0,3,1,6,6,2,-1,-1,1388,1,12,FORD FIESTA,2,E01033635,0,-1
2021461080972,2021,461080972,4,9,0,4,4,7,3,0,0,0,0,0,0,0,2,1,6,6,2,33,6,1388,1,10,FORD FIESTA,4,E01016360,0,-1
202154B891921,2021,54B891921,4,9,0,18,19,7,3,0,0,0,1,0,0,0,1,1,6,6,2,42,7,1560,2,14,FORD FIESTA,1,E01015507,0,-1
2021411023366,2021,411023366,3,9,0,4,4,6,2,0,0,0,0,0,0,0,2,1,2,2,1,56,9,-1,-1,-1,FORD FIESTA,7,E01030103,0,-1
2021501028802,2021,501028802,2,9,0,10,10,6,2,0,0,0,0,0,0,0,2,1,5,6,1,20,4,1242,1,13,FORD FIESTA,4,E01018758,0,-1
2021010331688,2021,010331688,2,9,0,99,99,9,9,0,0,0,0,0,0,0,0,9,6,6,3,-1,-1,1242,1,6,FORD FIESTA,-1,-1,0,-1
2021421067355,2021,421067355,1,9,0,12,12,1,5,0,0,7,0,0,0,0,4,1,5,6,2,23,5,1242,1,5,FORD FIESTA,7,E01021336,0,-1
2021010310071,2021,010310071,1,9,0,99,99,9,9,99,99,9,9,99,9,99,9,9,6,6,2,21,5,1242,1,5,FORD FIESTA,2,E01003922,0,-1
2021101015616,2021,101015616,1,9,0,8,8,5,8,0,0,6,0,0,0,0,3,1,6,6,1,19,4,1242,1,14,FORD FIESTA,1,E01008625,0,-1
2021451119482,2021,451119482,2,9,0,2,2,0,0,6,6,0,0,0,0,0,3,1,5,6,1,75,10,998,1,4,FORD FIESTA,8,E01030405,0,-1
2021622100222,2021,622100222,2,9,0,18,19,5,1,0,0,1,0,0,0,0,1,1,6,6,1,43,7,1388,1,18,FORD FIESTA,8,W01000843,0,-1
2021401083544,2021,401083544,1,9,0,5,5,-1,-1,0,0,2,0,0,0,0,1,1,6,6,1,24,5,1596,1,5,FORD FIESTA,4,E01017552,0,-1
2021421103602,2021,421103602,1,9,0,6,6,3,3,0,0,0,0,0,0,0,4,1,5,6,1,30,6,1242,1,15,FORD FIESTA,6,E01022000,0,-1
202131C031121,2021,31C031121,1,9,0,18,19,1,5,0,0,2,0,0,1,4,1,1,6,6,1,82,11,1388,1,13,FORD FIESTA,10,E01025761,0,-1
2021041124122,2021,041124122,2,9,0,18,19,7,3,0,0,4,0,0,0,0,3,1,5,6,2,53,8,1388,1,10,FORD FIESTA,1,E01012744,0,-1
2021010287696,2021,010287696,2,9,0,99,99,9,9,99,99,0,9,99,9,99,9,9,6,6,1,75,10,998,1,8,FORD FIESTA,1,E01004316,0,-1
2021061051505,2021,061051505,1,9,0,18,19,7,3,0,0,0,0,0,0,0,1,1,6,6,1,19,4,1242,1,12,FORD FIESTA,1,E01006411,0,-1
2021320429255,2021,320429255,1,9,0,18,19,8,4,0,0,0,0,0,0,0,2,1,6,6,1,17,4,1242,1,14,FORD FIESTA,6,E01026107,0,-1
2021161089309,2021,161089309,1,9,0,16,19,5,1,0,0,0,2,0,7,0,4,1,5,6,1,17,4,998,1,6,FORD FIESTA,6,E01007640,0,-1
2021461128969,2021,461128969,1,9,0,18,19,1,8,0,0,0,0,0,1,0,3,1,5,6,1,78,11,998,1,5,FORD FIESTA,9,E01024827,0,-1
2021231129050,2021,231129050,3,9,0,18,19,3,7,0,0,0,0,0,0,0,1,1,5,6,2,48,8,998,1,5,FORD FIESTA,1,E01008979,0,-1
2021501053537,2021,501053537,1,9,0,4,4,3,7,0,0,1,0,0,0,0,1,1,2,2,1,18,4,998,1,4,FORD FIESTA,9,E01015208,0,-1
2021471019994,2021,471019994,1,9,0,13,13,7,3,0,0,8,0,0,0,0,3,1,1,1,1,57,9,-1,-1,-1,FORD FIESTA,7,E01031500,0,-1
2021421032566,2021,421032566,1,9,0,17,19,6,2,0,0,0,2,0,1,0,4,1,6,6,2,18,4,1596,1,17,FORD FIESTA,3,E01015825,0,-1
2021451021265,2021,451021265,3,9,0,18,19,5,1,0,0,0,0,0,0,0,2,1,1,1,2,32,6,1388,1,19,FORD FIESTA,9,E01031612,0,-1
2021061067974,2021,061067974,1,9,0,18,19,7,3,0,0,0,0,0,7,0,1,1,6,6,2,27,6,1242,1,13,FORD FIESTA,3,E01005062,0,-1
2021122101541,2021,122101541,2,9,0,18,19,8,3,0,0,8,0,0,1,0,4,1,6,6,1,27,6,1560,2,10,FORD FIESTA,2,E01011809,0,-1
2021010305163,2021,010305163,1,9,0,17,19,3,8,0,0,1,0,7,0,0,1,1,6,6,1,19,4,998,1,6,FORD FIESTA,3,E01001715,0,-1
2021451070434,2021,451070434,1,9,0,16,19,1,5,0,0,0,0,0,0,0,1,1,1,1,2,22,5,998,1,2,FORD FIESTA,8,E01030879,0,-1
2021221056182,2021,221056182,1,9,0,13,13,4,8,0,0,0,0,0,0,0,4,1,5,6,1,62,9,1242,1,8,FORD FIESTA,4,W01000966,0,-1
2021201065209,2021,201065209,1,9,0,18,19,3,7,0,0,1,0,0,0,0,1,1,6,6,1,33,6,998,1,6,FORD FIESTA,8,E01010203,0,-1
2021041050512,2021,041050512,2,9,0,10,10,6,2,0,0,1,0,0,0,0,2,1,6,6,2,55,8,1242,1,5,FORD FIESTA,8,E01025516,0,-1
2021041041506,2021,041041506,1,9,0,18,19,7,3,0,0,0,0,0,0,0,1,1,6,6,1,21,5,1560,2,12,FORD FIESTA,7,E01025109,0,-1
2021061078728,2021,061078728,2,9,0,3,3,2,6,0,0,0,0,0,0,0,2,1,6,6,3,30,6,1560,2,10,FORD FIESTA,-1,-1,0,-1
2021122101220,2021,122101220,1,9,0,3,3,7,3,0,0,1,0,0,0,0,2,1,6,6,2,49,8,1242,1,11,FORD FIESTA,8,E01009468,0,-1
2021211114944,2021,211114944,2,9,0,18,19,5,1,0,0,1,0,0,0,0,3,1,6,6,1,19,4,1399,2,11,FORD FIESTA,-1,-1,0,-1
202134NNC6411,2021,34NNC6411,2,9,0,4,4,6,2,0,0,0,0,0,0,0,2,1,6,6,1,19,4,1596,1,8,FORD FIESTA,10,E01027088,0,-1
2021201045896,2021,201045896,2,9,0,18,19,4,8,0,0,0,0,0,0,0,4,1,1,1,1,65,9,1499,2,4,FORD FIESTA,2,E01010525,0,-1
2021451041002,2021,451041002,1,9,0,18,19,4,8,0,0,0,0,0,0,0,2,1,1,1,2,26,6,1388,1,12,FORD FIESTA,8,E01030668,0,-1
2021430332022,2021,430332022,2,9,0,2,2,0,0,0,0,0,0,0,7,0,4,1,6,6,3,-1,-1,1242,1,16,FORD FIESTA,-1,-1,0,-1
2021010339655,2021,010339655,1,9,0,99,99,9,9,0,0,0,0,0,0,0,2,9,2,2,2,22,5,998,1,6,FORD FIESTA,6,E01015945,0,-1
2021320499602,2021,320499602,2,9,0,18,19,6,2,0,0,3,0,0,0,0,2,1,6,6,2,35,6,1399,2,17,FORD FIESTA,1,E01007970,0,-1
2021622100618,2021,622100618,2,9,0,2,2,0,0,0,0,0,0,0,0,0,4,1,6,6,3,-1,-1,998,1,5,FORD FIESTA,-1,-1,0,-1
2021061055549,2021,061055549,1,9,0,18,19,7,3,0,0,0,5,0,0,0,1,1,6,6,1,18,4,998,1,2,FORD FIESTA,2,E01006112,0,-1
2021531101295,2021,531101295,1,9,0,9,9,5,4,0,0,2,0,0,0,0,1,1,5,6,1,31,6,998,1,2,FORD FIESTA,10,E01022433,0,-1
2021421072760,2021,421072760,1,9,0,18,19,1,5,0,0,2,0,0,0,0,1,1,5,6,2,26,6,998,1,2,FORD FIESTA,8,E01021411,0,-1
2021461090894,2021,461090894,1,9,0,18,19,2,6,0,0,1,0,0,0,0,1,1,2,2,2,48,8,998,1,7,FORD FIESTA,7,E01024252,0,-1
2021471075620,2021,471075620,2,9,0,18,19,1,5,0,0,0,0,0,0,0,3,1,2,2,2,25,5,1242,1,7,FORD FIESTA,10,E01031703,0,-1
2021461109096,2021,461109096,3,9,0,4,4,2,6,0,0,0,0,0,0,0,1,1,6,6,2,28,6,1242,1,6,FORD FIESTA,6,E01024674,0,-1
2021991063465,2021,991063465,1,9,0,7,7,5,7,0,0,6,0,0,0,0,1,1,5,6,2,56,9,1242,1,5,FORD FIESTA,1,-1,0,-1
2021401015367,2021,401015367,1,9,0,18,19,8,4,0,0,1,0,0,7,0,4,1,5,6,1,19,4,1084,1,3,FORD FIESTA,6,E01001309,0,-1
2021622100627,2021,622100627,2,9,0,18,19,8,4,0,0,0,0,0,0,0,2,1,6,6,2,23,5,1388,1,13,FORD FIESTA,2,W01001406,0,-1
2021141076760,2021,141076760,1,9,0,9,9,5,2,0,0,6,0,0,0,0,1,1,5,6,2,51,8,1399,2,13,FORD FIESTA,1,E01007341,0,-1
2021421027922,2021,421027922,2,9,0,4,4,1,5,0,0,4,0,0,0,0,1,1,5,6,2,36,7,1388,1,9,FORD FIESTA,2,E01015921,0,-1