collision_index,collision_year,collision_ref_no,vehicle_reference,vehicle_type,towing_and_articulation,vehicle_manoeuvre_historic,vehicle_manoeuvre,vehicle_direction_from,vehicle_direction_to,vehicle_location_restricted_lane_historic,vehicle_location_restricted_lane,junction_location,skidding_and_overturning,hit_object_in_carriageway,vehicle_leaving_carriageway,hit_object_off_carriageway,first_point_of_impact,vehicle_left_hand_drive,journey_purpose_of_driver_historic,journey_purpose_of_driver,sex_of_driver,age_of_driver,age_band_of_driver,engine_capacity_cc,propulsion_code,age_of_vehicle,generic_make_model,driver_imd_decile,lsoa_of_driver,escooter_flag,driver_distance_banding
2021010292510,2021,010292510,1,9,9,99,99,9,9,0,0,0,9,99,9,99,2,1,2,2,2,25,5,1242,1,5,FORD FIESTA,2,E01002310,0,-1
2021010335377,2021,010335377,2,9,0,7,7,5,7,0,0,2,0,0,0,0,0,1,6,6,3,-1,-1,1242,1,7,FORD FIESTA,-1,-1,0,-1
2021061069368,2021,061069368,2,9,0,18,19,2,6,0,0,8,0,0,0,0,1,1,6,6,3,30,6,1388,1,12,FORD FIESTA,-1,-1,0,-1
2021451012882,2021,451012882,1,9,0,18,19,1,5,0,0,0,0,0,0,0,1,1,6,6,3,48,8,1499,2,6,FORD FIESTA,-1,-1,0,-1
2021101055619,2021,101055619,1,9,0,16,19,1,5,0,0,1,0,0,0,0,4,1,5,6,2,58,9,998,1,4,FORD FIESTA,8,E01008868,0,-1
2021501046720,2021,501046720,1,9,0,18,19,5,1,0,0,0,0,0,0,0,1,1,5,6,2,21,5,1242,1,10,FORD FIESTA,8,E01015098,0,-1
2021161047788,2021,161047788,1,9,0,16,19,1,5,0,0,0,1,0,1,4,1,1,5,6,1,25,5,1242,1,17,FORD FIESTA,3,E01012986,0,-1
2021991117456,2021,991117456,1,9,0,15,15,4,1,0,0,0,0,0,0,0,1,1,6,6,1,25,5,1596,1,4,FORD FIESTA,2,-1,0,-1
2021622100988,2021,622100988,1,9,0,12,12,5,1,0,0,0,0,0,0,0,1,1,6,6,3,-1,-1,1242,1,7,FORD FIESTA,-1,-1,0,-1
2021161049626,2021,161049626,1,9,0,3,3,7,3,0,0,1,0,0,0,0,2,1,1,1,1,59,9,1399,2,9,FORD FIESTA,10,E01013068,0,-1
202131A034221,2021,31A034221,2,9,0,3,3,3,7,0,0,1,0,0,0,0,2,1,6,6,1,79,11,998,1,4,FORD FIESTA,3,E01027991,0,-1
2021461099225,2021,461099225,2,9,0,2,2,0,0,0,0,0,0,0,0,0,1,1,6,6,3,-1,-1,1242,1,10,FORD FIESTA,-1,-1,0,-1
2021401061389,2021,401061389,2,9,0,2,2,0,0,0,0,1,0,0,0,0,2,1,6,6,3,-1,-1,1388,1,19,FORD FIESTA,-1,-1,0,-1
2021361042553,2021,361042553,1,9,0,18,19,4,8,0,0,8,0,0,0,0,1,1,6,6,1,35,6,1242,1,23,FORD FIESTA,6,E01030232,0,-1
2021461051159,2021,461051159,1,9,0,13,13,5,2,0,0,0,0,0,0,0,1,1,6,6,2,66,10,998,1,6,FORD FIESTA,5,E01024774,0,-1
2021451066898,2021,451066898,1,9,0,18,19,1,5,0,0,1,0,0,0,0,1,1,5,6,2,78,11,1388,1,9,FORD FIESTA,9,E01031004,0,-1
2021010351850,2021,010351850,2,9,0,99,99,9,9,99,99,9,9,99,9,99,1,9,6,6,3,-1,-1,1242,1,13,FORD FIESTA,-1,-1,0,-1
2021320328102,2021,320328102,2,9,0,16,19,6,2,0,0,0,0,0,0,0,1,1,6,6,1,23,5,-1,-1,-1,FORD FIESTA,6,E01008152,0,-1
2021161126181,2021,161126181,1,9,0,18,19,4,8,0,0,1,0,0,0,0,1,1,5,6,1,66,10,-1,-1,-1,FORD FIESTA,4,E01013246,0,-1
2021010330495,2021,010330495,1,9,0,17,19,7,3,0,0,0,0,0,1,10,3,1,2,2,1,37,7,1388,1,15,FORD FIESTA,3,E01004453,0,-1
2021201149493,2021,201149493,2,9,0,3,3,8,4,0,0,1,0,0,0,0,2,1,2,2,1,31,6,1496,1,3,FORD FIESTA,9,E01032142,0,-1
2021421012783,2021,421012783,2,9,0,18,19,1,5,0,0,1,0,0,0,0,4,1,5,6,2,43,7,1242,1,5,FORD FIESTA,5,E01021838,0,-1
2021501060655,2021,501060655,1,9,0,17,19,7,4,0,0,1,1,10,1,2,1,1,6,6,3,-1,-1,1242,1,9,FORD FIESTA,-1,-1,0,-1
2021041091987,2021,041091987,1,9,0,9,9,7,5,0,0,6,0,0,0,0,1,1,5,6,1,19,4,998,1,7,FORD FIESTA,4,E01012593,0,-1
2021421113755,2021,421113755,1,9,0,9,9,7,5,0,0,0,0,0,0,0,3,1,1,1,2,39,7,1242,1,10,FORD FIESTA,-1,-1,0,-1
2021411087055,2021,411087055,2,9,0,18,19,5,1,0,0,0,0,0,0,0,2,1,5,6,2,36,7,1242,1,10,FORD FIESTA,9,E01023292,0,-1
2021461035516,2021,461035516,1,9,0,10,10,3,7,0,0,1,0,0,0,0,1,1,6,6,1,25,5,1399,2,9,FORD FIESTA,3,E01024534,0,-1
202154A065521,2021,54A065521,1,9,0,9,9,2,1,0,0,1,5,0,0,0,4,1,6,6,1,28,6,998,1,6,FORD FIESTA,8,E01015517,0,-1
2021031092053,2021,031092053,1,9,0,9,9,3,8,0,0,6,0,0,0,0,1,1,6,6,2,31,6,998,1,3,FORD FIESTA,5,E01019273,0,-1
2021520106185,2021,520106185,1,9,0,18,19,6,2,0,0,1,5,0,4,2,4,1,6,6,1,25,5,1560,2,11,FORD FIESTA,8,E01029274,0,-1
2021010308118,2021,010308118,1,9,0,3,3,1,5,0,0,0,0,0,0,0,1,1,6,6,2,25,5,1242,1,9,FORD FIESTA,3,E01001175,0,-1
2021201135564,2021,201135564,2,9,0,4,4,6,2,0,0,1,0,0,0,0,1,1,3,7,1,32,6,1242,1,15,FORD FIESTA,1,E01010274,0,-1
2021041130037,2021,041130037,1,9,0,11,11,1,5,0,0,0,5,0,0,0,1,1,5,6,1,25,5,1242,1,14,FORD FIESTA,1,-1,0,-1
2021010311041,2021,010311041,2,9,0,4,4,5,1,0,0,0,0,0,0,0,1,1,6,6,1,18,4,1499,2,8,FORD FIESTA,5,E01002249,0,-1
2021201023954,2021,201023954,2,9,0,2,2,0,0,0,0,0,0,0,0,0,3,1,6,6,3,19,4,1084,1,0,FORD FIESTA,1,E01009125,0,-1
2021141094130,2021,141094130,1,9,0,18,19,2,5,0,0,1,0,0,0,0,3,1,6,6,2,48,8,1084,1,3,FORD FIESTA,1,E01007627,0,-1
2021361080624,2021,361080624,2,9,0,2,2,1,5,0,0,0,0,0,0,0,2,1,6,6,3,-1,-1,1388,1,13,FORD FIESTA,-1,-1,0,-1
2021501117898,2021,501117898,2,9,0,3,3,5,7,0,0,0,0,0,0,0,2,1,5,6,2,22,5,1399,2,16,FORD FIESTA,4,E01015169,0,-1
2021131090290,2021,131090290,2,9,0,18,19,4,8,0,0,1,0,0,0,0,1,1,6,6,1,49,8,998,1,6,FORD FIESTA,1,E01010677,0,-1
2021131082012,2021,131082012,1,9,0,18,19,4,8,0,0,1,0,0,1,11,1,1,5,6,1,87,11,1499,2,5,FORD FIESTA,1,E01010782,0,-1
2021311110435,2021,311110435,5,9,0,3,3,5,1,0,0,0,0,0,0,0,2,1,6,6,2,25,5,998,1,4,FORD FIESTA,3,E01026142,0,-1
2021141059062,2021,141059062,1,9,0,18,19,5,1,0,0,0,0,0,0,0,1,1,5,6,1,54,8,998,1,4,FORD FIESTA,3,E01007368,0,-1
2021545681721,2021,545681721,1,9,0,18,19,1,5,0,0,0,0,0,0,0,2,1,6,6,1,-1,-1,1242,1,18,FORD FIESTA,10,-1,0,-1
2021201034125,2021,201034125,2,9,0,18,19,-1,-1,0,0,0,0,0,0,0,2,1,6,6,1,50,8,1388,1,17,FORD FIESTA,1,E01010364,0,-1
2021302100273,2021,302100273,1,9,0,18,19,6,2,0,0,0,0,0,0,0,1,1,6,6,1,34,6,1999,1,13,FORD FIESTA,3,E01019709,0,-1
2021010348946,2021,010348946,1,9,9,99,99,9,9,99,99,9,9,99,9,99,9,9,6,6,1,48,8,1388,1,9,FORD FIESTA,2,E01000289,0,-1
2021131041479,2021,131041479,1,9,0,18,19,1,5,0,0,0,0,0,0,0,1,1,6,6,2,73,10,998,1,6,FORD FIESTA,6,E01011830,0,-1
2021201062909,2021,201062909,2,9,0,18,19,7,3,0,0,1,1,10,1,3,3,1,6,6,1,21,5,1388,1,18,FORD FIESTA,4,E01008973,0,-1
2021451040420,2021,451040420,1,9,0,16,19,1,5,0,0,0,0,0,0,0,2,1,5,6,2,27,6,1242,1,12,FORD FIESTA,5,E01001168,0,-1
2021320311585,2021,320311585,1,9,0,18,19,3,8,0,0,0,0,0,0,3,1,1,6,6,1,18,4,1242,1,16,FORD FIESTA,4,E01028185,0,-1
2021522200433,2021,522200433,1,9,0,4,4,7,3,0,0,0,0,0,0,0,2,1,6,6,1,38,7,-1,-1,-1,FORD FIESTA,3,E01000032,0,-1
2021371053957,2021,371053957,2,9,0,18,19,3,7,0,0,4,0,0,0,0,0,1,5,6,2,35,6,1560,2,9,FORD FIESTA,8,E01030004,0,-1
2021201117695,2021,201117695,2,9,0,18,19,6,2,0,0,8,1,0,0,0,1,1,2,2,1,23,5,1299,1,18,FORD FIESTA,3,E01010491,0,-1
2021440275103,2021,440275103,2,9,0,3,3,2,6,0,0,0,0,0,0,0,2,1,6,6,2,-1,-1,1388,1,14,FORD FIESTA,3,E01032851,0,-1
2021031120431,2021,031120431,3,9,0,4,4,6,2,0,0,0,0,0,0,0,2,1,2,2,1,20,4,1596,1,6,FORD FIESTA,-1,-1,0,-1
2021430554084,2021,430554084,1,9,0,9,9,1,7,0,0,6,0,0,0,0,4,1,6,6,1,21,5,1242,1,14,FORD FIESTA,3,E01017663,0,-1
2021141098061,2021,141098061,1,9,0,18,19,3,7,0,0,0,0,0,0,0,2,1,6,6,2,53,8,1560,2,7,FORD FIESTA,7,E01007552,0,-1
2021201080603,2021,201080603,3,9,0,17,19,2,8,0,0,8,0,0,0,0,2,1,6,6,2,30,6,1560,2,8,FORD FIESTA,2,E01009809,0,-1
202163C036621,2021,63C036621,2,9,0,18,19,3,7,0,0,8,0,0,0,0,4,1,2,2,1,20,4,1242,1,16,FORD FIESTA,4,W01000586,0,-1
2021122101349,2021,122101349,1,9,0,4,4,7,3,0,0,0,0,0,0,0,1,1,6,6,1,24,5,1399,2,11,FORD FIESTA,9,E01029785,0,-1
2021552101267,2021,552101267,1,9,0,5,5,4,8,0,0,6,0,0,0,0,3,1,6,6,1,19,4,998,1,8,FORD FIESTA,10,E01020423,0,-1
2021411063410,2021,411063410,1,9,0,18,19,3,7,0,0,1,0,0,0,0,1,1,6,6,1,33,6,1242,1,9,FORD FIESTA,7,E01023527,0,-1
2021101088531,2021,101088531,1,9,0,9,9,3,1,0,0,8,0,0,0,0,1,1,5,6,2,63,9,1388,1,17,FORD FIESTA,3,E01008511,0,-1
2021231076243,2021,231076243,1,9,0,1,1,3,7,0,0,0,0,0,0,0,2,1,6,6,2,58,9,998,1,7,FORD FIESTA,6,E01031229,0,-1
2021531073744,2021,531073744,1,9,0,18,19,3,7,0,0,0,0,10,2,9,3,1,5,6,2,48,8,1388,1,9,FORD FIESTA,6,E01022211,0,-1
2021991066587,2021,991066587,1,9,0,18,19,3,8,0,0,0,0,0,0,0,1,1,6,6,2,33,6,1399,2,9,FORD FIESTA,7,-1,0,-1
2021010291064,2021,010291064,2,9,0,99,99,9,9,99,99,9,9,99,9,99,0,9,6,6,3,-1,-1,998,1,8,FORD FIESTA,-1,-1,0,-1
2021131052790,2021,131052790,1,9,0,9,9,3,1,0,0,5,1,0,7,9,4,1,5,6,1,66,10,1242,1,6,FORD FIESTA,7,E01011119,0,-1
2021221043185,2021,221043185,1,9,0,18,19,5,1,0,0,0,0,10,1,4,1,1,5,6,1,92,11,1388,1,11,FORD FIESTA,8,E01032477,0,-1
2021501086887,2021,501086887,1,9,0,7,7,1,5,0,0,8,0,0,0,0,1,1,5,6,1,20,4,1388,1,16,FORD FIESTA,4,E01018894,0,-1
2021421072137,2021,421072137,1,9,0,18,19,5,1,0,0,0,0,0,0,0,0,1,5,6,2,64,9,1242,1,14,FORD FIESTA,2,E01016009,0,-1
2021622100107,2021,622100107,1,9,0,18,19,7,3,0,0,1,1,0,0,0,1,1,6,6,2,43,7,1399,2,9,FORD FIESTA,1,W01001280,0,-1
2021361048916,2021,361048916,1,9,0,17,19,6,3,0,0,8,5,0,1,9,4,1,5,6,1,17,4,1242,1,19,FORD FIESTA,5,E01026935,0,-1
2021302101423,2021,302101423,1,9,0,13,13,2,6,0,0,0,0,0,0,0,4,1,6,6,2,-1,-1,1242,1,14,FORD FIESTA,3,E01013470,0,-1
202131B133221,2021,31B133221,2,9,0,17,19,1,7,0,0,8,0,0,0,0,4,1,2,2,1,23,5,998,1,3,FORD FIESTA,2,E01028029,0,-1
2021371136670,2021,371136670,2,9,0,9,9,5,3,0,0,8,0,0,0,0,4,1,5,6,2,44,7,998,1,5,FORD FIESTA,9,E01030216,0,-1
2021231021030,2021,231021030,1,9,0,9,9,4,1,0,0,8,0,0,0,0,3,1,5,6,2,46,8,1388,1,12,FORD FIESTA,5,E01031274,0,-1
2021440411736,2021,440411736,2,9,0,3,3,1,5,0,0,0,0,0,0,0,2,1,2,2,2,38,7,999,1,1,FORD FIESTA,4,E01017122,0,-1
202134WNC3701,2021,34WNC3701,1,9,0,5,5,7,3,0,0,8,0,0,7,0,1,1,6,6,2,27,6,1242,1,8,FORD FIESTA,10,E01027027,0,-1
2021520101778,2021,520101778,1,9,0,2,2,0,0,0,0,0,0,0,0,0,3,1,6,6,1,69,10,1388,1,11,FORD FIESTA,2,E01029109,0,-1
2021991015442,2021,991015442,3,9,0,3,3,5,1,0,0,0,0,0,0,0,2,1,6,6,1,57,9,998,1,8,FORD FIESTA,10,-1,0,-1
2021111113149,2021,111113149,1,9,0,7,7,5,3,0,0,2,0,0,0,0,1,1,6,6,1,20,4,1242,1,8,FORD FIESTA,4,E01020614,0,-1
2021041103937,2021,041103937,1,9,0,16,19,3,7,0,0,0,1,0,7,10,1,1,5,6,2,17,4,1242,1,9,FORD FIESTA,9,E01024901,0,-1
2021052102318,2021,052102318,2,9,0,4,4,2,6,0,0,1,0,0,0,0,1,1,2,2,1,24,5,1560,2,11,FORD FIESTA,1,E01007295,0,-1
2021622100092,2021,622100092,1,9,0,16,19,4,6,0,0,0,2,0,7,9,1,1,2,2,2,61,9,1242,1,15,FORD FIESTA,1,W01001267,0,-1
2021351053795,2021,351053795,1,9,0,18,19,2,6,0,0,3,0,0,0,0,1,1,5,6,1,72,10,1399,2,14,FORD FIESTA,7,E01030098,0,-1
2021501069217,2021,501069217,1,9,0,6,6,7,2,0,0,0,0,0,7,0,3,1,5,6,1,24,5,998,1,5,FORD FIESTA,3,E01015752,0,-1
202134NNC2311,2021,34NNC2311,1,9,0,18,19,3,7,0,0,0,0,0,0,0,1,1,6,6,1,51,8,1399,2,11,FORD FIESTA,5,E01027237,0,-1
2021430534968,2021,430534968,1,9,0,18,19,5,1,0,0,1,0,0,0,0,1,1,6,6,2,18,4,998,1,5,FORD FIESTA,9,E01032985,0,-1
2021520106019,2021,520106019,1,9,0,18,19,4,8,0,0,0,0,0,0,0,2,1,6,6,1,36,7,1560,2,11,FORD FIESTA,8,E01029122,0,-1
2021522200460,2021,522200460,2,9,0,18,19,7,3,0,0,8,0,0,0,0,1,1,6,6,2,37,7,1388,1,15,FORD FIESTA,1,E01014706,0,-1
2021041127308,2021,041127308,3,9,0,4,4,3,7,0,0,1,0,0,0,0,1,1,5,6,1,19,4,1596,1,4,FORD FIESTA,5,E01024928,0,-1
2021471014863,2021,471014863,1,9,0,17,19,4,1,0,0,2,1,0,1,11,1,1,2,2,1,25,5,1242,1,13,FORD FIESTA,5,E01031426,0,-1
2021122200011,2021,122200011,2,9,0,15,15,5,1,0,0,0,0,0,0,0,3,1,6,6,1,22,5,1499,2,8,FORD FIESTA,7,E01013400,0,-1
2021421040032,2021,421040032,1,9,0,18,19,5,1,0,0,0,1,0,0,0,1,1,6,6,1,50,8,1560,2,9,FORD FIESTA,5,E01021241,0,-1
2021221068531,2021,221068531,1,9,0,18,19,4,8,0,0,0,0,4,0,0,1,1,6,6,1,26,6,1399,2,18,FORD FIESTA,10,E01028831,0,-1
2021170S21321,2021,170S21321,1,9,0,2,2,0,0,0,0,0,0,0,0,0,2,1,6,6,1,24,5,1499,2,5,FORD FIESTA,2,E01012051,0,-1
2021201058376,2021,201058376,1,9,0,18,19,-1,-1,0,0,3,0,0,0,0,1,1,6,6,1,-1,-1,1499,2,7,FORD FIESTA,-1,-1,0,-1
2021421094629,2021,421094629,1,9,0,4,4,6,2,0,0,0,0,0,0,0,1,1,6,6,1,21,5,998,1,2,FORD FIESTA,2,E01000079,0,-1
2021201114000,2021,201114000,2,9,0,2,2,0,0,0,0,0,0,0,0,0,2,1,5,6,1,42,7,-1,-1,-1,FORD FIESTA,-1,-1,0,-1
2021111131209,2021,111131209,2,9,0,18,19,6,3,0,0,1,0,0,0,0,2,1,2,2,2,42,7,1399,2,15,FORD FIESTA,-1,-1,0,-1
2021361077768,2021,361077768,1,9,0,18,19,1,5,0,0,0,0,0,0,0,3,1,2,2,1,56,9,999,1,0,FORD FIESTA,4,E01026762,0,-1
2021010346055,2021,010346055,1,9,0,1,1,5,1,0,0,1,0,4,0,0,2,1,6,6,1,20,4,1242,1,14,FORD FIESTA,2,E01003593,0,-1
202106J079809,2021,06J079809,1,9,0,18,19,3,7,0,0,4,0,0,0,0,1,1,6,6,1,25,5,1242,1,13,FORD FIESTA,1,E01005242,0,-1
2021221014976,2021,221014976,2,9,0,9,9,4,2,0,0,6,0,0,0,0,3,1,5,6,1,19,4,998,1,8,FORD FIESTA,4,E01032358,0,-1
2021010338960,2021,010338960,1,9,0,6,6,5,5,0,0,1,0,0,0,0,4,1,6,6,1,34,6,998,1,6,FORD FIESTA,3,E01002528,0,-1
2021010302993,2021,010302993,3,9,0,2,2,0,0,0,0,0,0,0,0,0,2,1,6,6,3,-1,-1,1242,1,6,FORD FIESTA,-1,-1,0,-1
2021371144201,2021,371144201,1,9,0,18,19,5,1,0,0,0,0,4,0,0,1,1,2,2,1,22,5,1388,1,17,FORD FIESTA,9,E01029967,0,-1
2021522104361,2021,522104361,1,9,0,18,19,8,3,0,0,8,0,0,0,0,1,1,6,6,1,18,4,998,1,7,FORD FIESTA,3,E01014609,0,-1
2021430258262,2021,430258262,1,9,0,18,19,6,2,0,0,4,0,9,1,0,1,1,2,2,2,18,4,1242,1,9,FORD FIESTA,3,E01016454,0,-1
2021622100414,2021,622100414,1,9,0,18,19,8,4,0,0,8,1,9,7,7,1,1,6,6,1,21,5,1242,1,9,FORD FIESTA,4,W01000966,0,-1
2021421096779,2021,421096779,1,9,0,4,4,1,5,0,0,0,0,0,0,0,1,1,5,6,1,49,8,1084,1,4,FORD FIESTA,6,E01015978,0,-1
2021991040176,2021,991040176,2,9,0,15,15,1,5,0,0,0,0,0,0,0,1,1,2,2,1,22,5,1084,1,4,FORD FIESTA,10,-1,0,-1
2021430256163,2021,430256163,2,9,0,3,3,7,3,0,0,0,0,0,0,0,1,1,6,6,2,30,6,1242,1,16,FORD FIESTA,9,E01032954,0,-1
2021351088695,2021,351088695,1,9,0,16,19,1,5,0,0,0,1,0,4,6,1,1,5,6,2,23,5,1242,1,17,FORD FIESTA,5,E01004451,0,-1
2021471055242,2021,471055242,1,9,0,7,7,3,5,0,0,1,0,0,1,0,4,1,5,6,1,28,6,1999,1,14,FORD FIESTA,7,E01001608,0,-1
2021451083934,2021,451083934,2,9,0,18,19,5,1,0,0,0,1,0,0,0,3,1,5,6,1,55,8,1388,1,16,FORD FIESTA,4,E01003255,0,-1
2021061102258,2021,061102258,1,9,0,9,9,1,5,0,0,5,0,0,0,0,4,1,6,6,2,54,8,1388,1,12,FORD FIESTA,3,E01005966,0,-1
2021071119114,2021,071119114,2,9,0,5,5,2,7,0,0,0,0,0,0,0,3,1,2,2,2,40,7,1388,1,12,FORD FIESTA,2,E01033216,0,-1
2021411052111,2021,411052111,1,9,0,7,7,1,3,0,0,0,0,0,0,0,4,1,5,6,2,55,8,1242,1,6,FORD FIESTA,8,E01021795,0,-1
2021221060391,2021,221060391,2,9,0,4,4,8,3,0,0,2,0,0,0,0,1,1,5,6,1,32,6,1242,1,16,FORD FIESTA,10,E01032284,0,-1
2021302100871,2021,302100871,2,9,0,18,19,8,4,0,0,8,0,0,1,1,1,1,6,6,2,75,10,998,1,7,FORD FIESTA,10,E01019686,0,-1
2021522104827,2021,522104827,1,9,0,18,19,7,3,6,6,0,5,0,1,0,4,1,6,6,1,27,6,1399,2,10,FORD FIESTA,4,E01019851,0,-1
2021122100370,2021,122100370,2,9,0,10,10,4,8,0,0,1,1,0,0,0,2,1,6,6,3,-1,-1,998,1,3,FORD FIESTA,-1,-1,0,-1
2021010324083,2021,010324083,1,9,0,5,5,1,5,0,0,1,0,0,0,0,1,1,6,6,2,82,11,1242,1,13,FORD FIESTA,-1,-1,0,-1
2021201116549,2021,201116549,1,9,0,18,19,6,2,0,0,0,0,0,0,0,2,1,6,6,2,17,4,1499,2,8,FORD FIESTA,1,E01010236,0,-1
2021421044073,2021,421044073,2,9,0,18,19,5,1,0,0,4,0,0,0,0,4,1,6,6,1,28,6,998,1,8,FORD FIESTA,6,E01021308,0,-1
2021061125817,2021,061125817,1,9,0,18,19,3,7,0,0,0,1,0,0,0,1,1,6,6,3,-1,-1,998,1,5,FORD FIESTA,-1,-1,0,-1
2021070289496,2021,070289496,1,9,0,9,9,6,8,0,0,1,0,0,7,3,1,1,6,6,1,82,11,1388,1,18,FORD FIESTA,7,E01018449,0,-1
2021440302756,2021,440302756,2,9,0,18,19,5,1,0,0,1,0,0,0,0,1,1,6,6,2,52,8,998,1,8,FORD FIESTA,7,E01020498,0,-1
2021461110902,2021,461110902,2,9,0,10,10,3,1,0,0,1,0,0,0,0,2,1,5,6,2,28,6,1242,1,6,FORD FIESTA,9,E01024006,0,-1
2021061059807,2021,061059807,1,9,0,18,19,3,7,0,0,2,0,0,0,0,1,1,6,6,2,47,8,1242,1,16,FORD FIESTA,1,E01005124,0,-1
2021221047058,2021,221047058,1,9,0,12,12,6,2,0,0,0,2,10,1,4,3,1,2,2,1,28,6,1560,2,16,FORD FIESTA,-1,-1,0,-1
2021545027421,2021,545027421,3,9,0,3,3,1,5,0,0,0,0,0,0,0,2,1,6,6,1,63,9,998,1,6,FORD FIESTA,10,E01030341,0,-1
2021010351191,2021,010351191,1,9,0,18,19,7,3,0,0,2,0,0,0,0,4,1,6,6,2,59,9,998,1,2,FORD FIESTA,-1,-1,0,-1
2021122101395,2021,122101395,1,9,0,5,5,5,3,0,0,6,0,0,0,0,3,1,1,1,2,24,5,1242,1,16,FORD FIESTA,5,E01027789,0,-1
2021501042738,2021,501042738,1,9,0,16,19,1,5,0,0,0,0,0,1,4,1,1,6,6,1,49,8,1999,1,15,FORD FIESTA,1,E01020094,0,-1
2021461034634,2021,461034634,2,9,0,2,2,0,0,0,0,0,0,0,0,0,1,1,5,6,1,-1,-1,1242,1,14,FORD FIESTA,8,E01024184,0,-1
2021501025474,2021,501025474,1,9,0,18,19,1,5,0,0,0,1,0,2,7,1,1,6,6,1,58,9,998,1,8,FORD FIESTA,8,E01020281,0,-1
2021061150898,2021,061150898,1,9,0,18,19,3,7,0,0,1,0,0,0,0,1,1,2,2,1,70,10,1499,2,4,FORD FIESTA,3,E01004932,0,-1
2021451012927,2021,451012927,1,9,0,16,19,1,5,0,0,4,0,0,0,0,1,1,5,6,1,86,11,1242,1,9,FORD FIESTA,10,E01030616,0,-1
2021421067375,2021,421067375,1,9,0,18,19,5,1,0,0,0,0,0,0,0,1,1,5,6,1,30,6,1596,1,16,FORD FIESTA,7,E01018011,0,-1
2021201065209,2021,201065209,2,9,0,7,7,1,3,0,0,6,0,0,0,0,1,1,6,6,1,19,4,998,1,6,FORD FIESTA,2,E01008944,0,-1
2021440304728,2021,440304728,2,9,0,5,5,7,3,0,0,6,0,0,0,0,1,1,6,6,1,-1,-1,1399,2,10,FORD FIESTA,-1,-1,0,-1
2021041055296,2021,041055296,2,9,0,2,2,4,8,0,0,2,0,0,0,0,3,1,5,6,2,34,6,1242,1,17,FORD FIESTA,1,E01024953,0,-1
2021622100444,2021,622100444,1,9,0,18,19,2,6,0,0,0,0,0,0,0,1,1,6,6,1,21,5,1999,1,15,FORD FIESTA,9,W01000826,0,-1
2021061060267,2021,061060267,1,9,0,8,8,6,8,0,0,1,0,0,0,0,1,1,5,6,1,30,6,1242,1,13,FORD FIESTA,4,E01005622,0,-1
202134WNC2221,2021,34WNC2221,1,9,0,5,5,7,3,0,0,6,0,0,0,0,4,1,2,2,1,18,4,1242,1,15,FORD FIESTA,6,E01027092,0,-1
2021991120802,2021,991120802,1,9,0,18,19,2,6,0,0,0,0,0,0,0,1,1,6,6,1,18,4,1242,1,14,FORD FIESTA,1,-1,0,-1
2021440088961,2021,440088961,2,9,0,9,9,2,1,0,0,8,0,0,0,0,4,1,2,2,2,27,6,1388,1,10,FORD FIESTA,9,E01022493,0,-1
2021201068130,2021,201068130,1,9,0,6,6,5,5,0,0,0,0,0,0,0,4,1,6,6,2,22,5,999,1,1,FORD FIESTA,1,E01033638,0,-1
2021991060098,2021,991060098,3,9,0,10,10,6,4,0,0,1,0,0,0,0,3,1,2,2,1,33,6,1242,1,5,FORD FIESTA,8,-1,0,-1
2021161045797,2021,161045797,2,9,0,18,19,5,1,0,0,0,0,0,0,0,1,1,5,6,1,18,4,1084,1,3,FORD FIESTA,-1,-1,0,-1
2021320599299,2021,320599299,2,9,0,2,2,0,0,0,0,0,1,0,1,0,2,1,6,6,3,-1,-1,1596,1,8,FORD FIESTA,-1,-1,0,-1
2021440201458,2021,440201458,1,9,0,16,19,3,7,0,0,0,1,0,1,4,1,1,2,2,2,24,5,1388,1,13,FORD FIESTA,6,E01033239,0,-1
2021070753952,2021,070753952,2,9,0,18,19,1,5,0,0,0,1,0,0,0,1,1,6,6,1,17,4,1242,1,10,FORD FIESTA,-1,-1,0,-1
2021141041793,2021,141041793,1,9,0,10,10,3,1,0,0,1,0,0,0,0,2,1,5,6,2,21,5,1399,2,12,FORD FIESTA,5,E01007751,0,-1
202131C194021,2021,31C194021,1,9,0,18,19,6,2,0,0,0,0,0,0,0,2,1,6,6,1,30,6,-1,-1,-1,FORD FIESTA,1,E01013833,0,-1
2021461062884,2021,461062884,1,9,0,18,19,1,5,0,0,0,5,0,7,1,1,1,6,6,2,63,9,998,1,2,FORD FIESTA,10,E01024441,0,-1
2021451068148,2021,451068148,2,9,0,18,19,3,7,0,0,8,0,0,0,0,1,1,5,6,1,46,8,998,1,4,FORD FIESTA,9,E01030438,0,-1
2021371099008,2021,371099008,2,9,0,18,19,2,6,0,0,4,0,0,0,0,2,1,5,6,1,71,10,998,1,4,FORD FIESTA,9,E01002512,0,-1
2021061030456,2021,061030456,2,9,0,18,19,5,5,0,0,1,0,0,0,0,4,1,6,6,2,18,4,1242,1,6,FORD FIESTA,-1,-1,0,-1
2021421111106,2021,421111106,1,9,0,18,19,7,3,0,0,4,0,0,0,0,1,1,5,6,1,92,11,1242,1,6,FORD FIESTA,3,E01021834,0,-1