collision_index,collision_year,collision_ref_no,vehicle_reference,vehicle_type,towing_and_articulation,vehicle_manoeuvre_historic,vehicle_manoeuvre,vehicle_direction_from,vehicle_direction_to,vehicle_location_restricted_lane_historic,vehicle_location_restricted_lane,junction_location,skidding_and_overturning,hit_object_in_carriageway,vehicle_leaving_carriageway,hit_object_off_carriageway,first_point_of_impact,vehicle_left_hand_drive,journey_purpose_of_driver_historic,journey_purpose_of_driver,sex_of_driver,age_of_driver,age_band_of_driver,engine_capacity_cc,propulsion_code,age_of_vehicle,generic_make_model,driver_imd_decile,lsoa_of_driver,escooter_flag,driver_distance_banding
2021010346396,2021,010346396,2,9,0,18,19,5,1,0,0,1,0,0,0,0,1,1,6,6,2,45,7,1242,1,5,FORD FIESTA,2,E01004089,0,-1
2021052102499,2021,052102499,2,9,0,18,19,3,7,0,0,8,0,0,0,0,1,1,6,6,2,26,6,1242,1,9,FORD FIESTA,1,E01007131,0,-1
2021010325068,2021,010325068,1,9,0,18,19,1,5,0,0,1,0,0,2,10,4,1,6,6,1,-1,-1,1388,1,12,FORD FIESTA,1,E01002074,0,-1
2021421051439,2021,421051439,2,9,0,3,3,7,3,0,0,0,0,0,0,0,2,1,6,6,2,42,7,998,1,5,FORD FIESTA,4,E01021642,0,-1
2021421034393,2021,421034393,1,9,0,16,19,5,1,0,0,1,0,0,7,10,1,1,5,6,1,63,9,1399,2,9,FORD FIESTA,5,E01021942,0,-1
2021122101426,2021,122101426,2,9,0,18,19,1,5,0,0,1,0,0,0,0,1,1,2,2,2,24,5,1242,1,10,FORD FIESTA,4,E01012929,0,-1
20211383B1237,2021,1383B1237,3,9,0,9,9,2,6,0,0,0,0,0,1,0,1,1,6,6,2,20,4,1242,1,16,FORD FIESTA,7,E01010644,0,-1
2021010299370,2021,010299370,2,9,0,3,3,3,7,0,0,0,0,0,0,0,2,1,6,6,2,46,8,1596,1,16,FORD FIESTA,5,E01024181,0,-1
2021411130670,2021,411130670,1,9,0,18,19,6,2,0,0,0,0,0,0,0,1,1,6,6,1,33,6,1999,1,14,FORD FIESTA,5,E01023384,0,-1
2021031064726,2021,031064726,2,9,0,18,19,6,2,0,0,0,1,0,7,11,3,1,5,6,1,18,4,998,1,4,FORD FIESTA,6,E01019145,0,-1
2021211080412,2021,211080412,1,9,0,18,19,2,6,0,0,0,0,0,7,0,1,1,6,6,1,23,5,998,1,5,FORD FIESTA,1,E01010289,0,-1
2021010292528,2021,010292528,2,9,0,9,9,6,3,0,0,5,0,0,0,0,1,1,6,6,1,25,5,1242,1,9,FORD FIESTA,4,E01004569,0,-1
2021421097864,2021,421097864,1,9,0,18,19,3,7,0,0,0,0,0,0,0,1,1,5,6,1,19,4,998,1,7,FORD FIESTA,5,E01033592,0,-1
2021211055714,2021,211055714,1,9,0,1,1,3,7,0,0,0,0,0,0,0,1,1,5,6,1,77,11,999,1,1,FORD FIESTA,4,E01029567,0,-1
2021471091185,2021,471091185,1,9,0,17,19,1,5,0,0,1,0,0,0,0,3,1,3,7,2,46,8,1388,1,12,FORD FIESTA,9,E01031561,0,-1
2021421081899,2021,421081899,1,9,0,5,5,5,3,0,0,6,0,0,0,0,3,1,6,6,1,57,9,998,1,7,FORD FIESTA,3,E01021326,0,-1
2021221017743,2021,221017743,1,9,0,7,7,4,6,0,0,6,2,0,0,0,1,1,5,6,1,22,5,1560,2,10,FORD FIESTA,5,E01024673,0,-1
2021471127649,2021,471127649,5,9,0,2,2,0,0,0,0,0,0,0,0,0,3,1,6,6,3,-1,-1,1399,2,16,FORD FIESTA,-1,-1,0,-1
2021520200719,2021,520200719,1,9,0,9,9,6,2,0,0,4,0,0,0,0,1,1,6,6,2,39,7,1388,1,16,FORD FIESTA,8,E01029034,0,-1
20211382E0404,2021,1382E0404,1,9,0,7,7,6,8,0,0,8,0,0,0,0,1,1,1,1,2,28,6,1242,1,8,FORD FIESTA,1,E01010814,0,-1
2021991041603,2021,991041603,2,9,0,7,7,3,1,0,0,1,0,0,0,0,1,1,2,2,2,18,4,1242,1,5,FORD FIESTA,8,-1,0,-1
2021010345196,2021,010345196,1,9,0,18,19,1,5,0,0,2,0,0,0,0,1,1,6,6,2,66,10,1242,1,9,FORD FIESTA,2,E01000075,0,-1
2021131056846,2021,131056846,2,9,0,2,2,3,7,2,2,0,0,0,0,0,0,1,5,6,1,66,10,1242,1,9,FORD FIESTA,9,E01011946,0,-1
2021430564462,2021,430564462,1,9,0,16,19,4,8,0,0,0,0,0,1,4,3,1,2,2,1,26,6,1388,1,13,FORD FIESTA,9,E01027268,0,-1
2021052100788,2021,052100788,2,9,0,10,10,3,7,0,0,8,0,0,0,0,1,1,6,6,2,34,6,1399,2,14,FORD FIESTA,-1,-1,0,-1
2021161040319,2021,161040319,1,9,0,18,19,5,1,0,0,2,0,0,0,0,1,1,2,2,1,19,4,1560,2,9,FORD FIESTA,1,E01012945,0,-1
2021010317119,2021,010317119,5,9,0,2,2,0,0,0,0,8,0,0,0,0,3,1,6,6,3,-1,-1,1388,1,17,FORD FIESTA,-1,-1,0,-1
2021991106519,2021,991106519,1,9,0,14,14,6,2,0,0,1,0,0,0,0,1,1,5,6,1,20,4,1596,1,6,FORD FIESTA,8,-1,0,-1
2021501066376,2021,501066376,3,9,0,18,19,3,7,0,0,0,0,0,1,9,1,1,2,2,2,59,9,1596,1,5,FORD FIESTA,2,E01020277,0,-1
2021320738241,2021,320738241,2,9,0,18,19,4,8,0,0,8,0,0,0,0,1,1,2,2,2,37,7,999,1,0,FORD FIESTA,6,E01018207,0,-1
2021430258421,2021,430258421,2,9,0,11,11,8,4,0,0,7,0,0,0,0,0,1,6,6,3,-1,-1,998,1,3,FORD FIESTA,-1,-1,0,-1
2021041099399,2021,041099399,2,9,0,2,2,0,0,0,0,0,0,0,0,0,2,1,5,6,1,26,6,1242,1,8,FORD FIESTA,3,E01012615,0,-1
2021111042522,2021,111042522,1,9,0,18,19,7,3,0,0,0,2,0,0,0,1,1,5,6,1,25,5,-1,-1,-1,FORD FIESTA,1,E01011989,0,-1
2021161035436,2021,161035436,1,9,0,4,4,8,4,0,0,4,0,0,0,0,2,1,5,6,2,18,4,998,1,4,FORD FIESTA,4,E01012990,0,-1
2021421093578,2021,421093578,2,9,0,18,19,5,1,0,0,1,0,0,0,0,1,1,5,6,2,61,9,1388,1,11,FORD FIESTA,5,E01021976,0,-1
2021430472531,2021,430472531,1,9,0,18,19,5,1,0,0,0,0,0,0,0,4,1,6,6,2,71,10,1242,1,6,FORD FIESTA,10,E01016532,0,-1
2021122200045,2021,122200045,1,9,0,9,9,5,3,0,0,3,0,0,0,0,4,1,6,6,1,21,5,1242,1,4,FORD FIESTA,10,E01013374,0,-1
2021610059321,2021,610059321,1,9,0,5,5,4,8,0,0,1,0,0,0,0,3,1,1,1,2,47,8,1084,1,2,FORD FIESTA,10,W01001851,0,-1
2021221019182,2021,221019182,2,9,0,4,4,8,4,0,0,1,0,0,0,0,2,1,2,2,2,17,4,1242,1,12,FORD FIESTA,-1,-1,0,-1
2021501113705,2021,501113705,2,9,0,9,9,5,1,0,0,7,0,0,0,0,3,1,6,6,1,60,9,1388,1,13,FORD FIESTA,1,E01015045,0,-1
2021131064579,2021,131064579,2,9,0,18,19,7,3,0,0,8,0,0,0,0,2,1,5,6,1,29,6,998,1,7,FORD FIESTA,2,E01011378,0,-1
2021201145993,2021,201145993,1,9,0,15,15,8,4,0,0,0,0,7,7,0,4,1,6,6,1,32,6,1560,2,12,FORD FIESTA,1,E01010275,0,-1
2021141079650,2021,141079650,1,9,0,2,2,0,0,0,0,0,0,0,0,0,2,1,6,6,1,36,7,1560,2,11,FORD FIESTA,1,E01007645,0,-1
2021041067774,2021,041067774,2,9,0,18,19,3,7,0,0,0,5,0,1,0,3,1,5,6,2,23,5,1242,1,16,FORD FIESTA,1,E01012736,0,-1
2021461046997,2021,461046997,2,9,0,18,19,5,1,8,6,5,0,0,0,0,4,1,6,6,2,-1,-1,1242,1,5,FORD FIESTA,10,E01024718,0,-1
2021501089669,2021,501089669,2,9,0,18,19,4,2,0,0,1,0,0,0,0,1,1,6,6,2,68,10,1242,1,8,FORD FIESTA,8,E01020089,0,-1
2021440197113,2021,440197113,1,9,0,9,9,1,7,0,0,8,0,0,0,0,4,1,2,2,2,20,4,1084,1,3,FORD FIESTA,2,E01017156,0,-1
2021010325475,2021,010325475,2,9,0,99,99,9,9,99,99,9,9,99,9,99,2,9,6,6,3,-1,-1,1596,1,11,FORD FIESTA,-1,-1,0,-1
2021461057810,2021,461057810,1,9,0,18,19,3,7,0,0,0,0,0,0,0,4,1,2,2,1,58,9,998,1,4,FORD FIESTA,5,E01024095,0,-1
2021061082219,2021,061082219,1,9,0,9,9,5,1,1,1,6,0,0,1,2,3,1,6,6,1,30,6,999,1,0,FORD FIESTA,-1,-1,0,-1
202134WNC6021,2021,34WNC6021,2,9,0,3,3,1,5,0,0,1,0,0,0,0,2,1,6,6,1,20,4,1242,1,16,FORD FIESTA,2,E01027229,0,-1
2021430300935,2021,430300935,2,9,0,9,9,2,8,0,0,5,0,0,0,0,4,1,6,6,1,-1,-1,1388,1,17,FORD FIESTA,-1,-1,0,-1
2021501148057,2021,501148057,1,9,0,18,19,7,3,0,0,0,0,0,0,0,3,1,2,2,1,23,5,1999,1,14,FORD FIESTA,3,E01015195,0,-1
2021010305834,2021,010305834,2,9,0,99,99,9,9,99,99,9,9,99,9,99,1,9,6,6,3,-1,-1,1242,1,15,FORD FIESTA,6,E01018106,0,-1
2021371111079,2021,371111079,1,9,0,5,5,3,1,0,0,8,0,0,0,0,4,1,5,6,2,77,11,998,1,8,FORD FIESTA,6,E01030154,0,-1
2021501112312,2021,501112312,1,9,0,18,19,3,7,0,0,0,0,0,0,0,4,1,6,6,2,23,5,1388,1,12,FORD FIESTA,5,E01020123,0,-1
2021371076624,2021,371076624,2,9,0,10,10,5,3,0,0,0,0,0,0,0,2,1,5,6,2,60,9,998,1,4,FORD FIESTA,9,E01030088,0,-1
2021471068222,2021,471068222,1,9,0,18,19,1,5,0,0,0,0,0,0,0,1,1,3,7,2,50,8,1242,1,9,FORD FIESTA,6,E01031637,0,-1
2021061086021,2021,061086021,1,9,0,16,19,3,6,0,0,0,1,10,8,11,4,1,6,6,1,21,5,998,1,7,FORD FIESTA,2,E01005392,0,-1
2021101126995,2021,101126995,1,9,0,18,19,3,7,0,0,0,0,0,0,0,1,1,5,6,1,21,5,1242,1,5,FORD FIESTA,7,E01008374,0,-1
2021041027276,2021,041027276,1,9,0,18,19,3,7,0,0,4,0,0,0,0,1,1,6,6,1,26,6,1388,1,13,FORD FIESTA,9,E01025106,0,-1
2021440200292,2021,440200292,2,9,0,4,4,2,6,0,0,0,0,0,5,6,2,1,2,2,1,42,7,1596,1,11,FORD FIESTA,6,E01022669,0,-1
2021031118776,2021,031118776,1,9,0,13,13,7,3,0,0,0,0,0,0,0,1,1,6,6,1,24,5,1596,1,8,FORD FIESTA,6,E01019213,0,-1
2021131120734,2021,131120734,1,9,0,18,19,1,5,0,0,8,0,0,0,0,3,1,6,6,2,42,7,998,1,7,FORD FIESTA,9,E01010904,0,-1
2021440173239,2021,440173239,3,9,0,2,2,0,0,0,0,1,0,0,0,0,3,1,6,6,3,-1,-1,1560,2,11,FORD FIESTA,-1,-1,0,-1
2021320362216,2021,320362216,2,9,0,18,19,4,8,0,0,1,0,0,0,0,1,1,6,6,2,48,8,1560,2,9,FORD FIESTA,7,E01026179,0,-1
2021421036635,2021,421036635,1,9,0,18,19,5,8,0,0,3,0,0,0,0,4,1,6,6,1,31,6,1388,1,18,FORD FIESTA,7,E01021679,0,-1
2021101091593,2021,101091593,2,9,0,5,5,3,7,0,0,4,0,0,0,0,2,1,6,6,1,48,8,998,1,7,FORD FIESTA,10,E01027538,0,-1
2021471047485,2021,471047485,1,9,0,18,19,2,6,0,0,0,0,12,0,0,1,1,1,1,1,20,4,1596,1,13,FORD FIESTA,5,E01031705,0,-1
2021411105668,2021,411105668,1,9,0,18,19,7,3,0,0,4,1,9,7,2,1,1,6,6,1,39,7,1388,1,17,FORD FIESTA,10,E01023425,0,-1
2021201060295,2021,201060295,1,9,0,11,11,-1,-1,0,0,0,0,10,0,0,2,1,6,6,1,-1,-1,1496,1,2,FORD FIESTA,-1,-1,0,-1
2021430438512,2021,430438512,1,9,0,12,12,2,6,0,0,1,0,0,0,0,3,1,6,6,1,21,5,1242,1,12,FORD FIESTA,-1,-1,0,-1
2021231044739,2021,231044739,2,9,0,4,4,7,3,0,0,8,0,0,0,0,2,1,5,6,1,48,8,1560,2,10,FORD FIESTA,3,E01031065,0,-1
2021231116656,2021,231116656,8,9,0,18,19,2,6,0,0,0,1,0,0,0,0,1,5,6,2,24,5,1084,1,2,FORD FIESTA,10,E01025982,0,-1
2021201061546,2021,201061546,2,9,0,3,3,2,6,0,0,0,0,0,0,0,2,1,6,6,2,21,5,1242,1,4,FORD FIESTA,8,E01009068,0,-1
2021122100501,2021,122100501,3,9,0,3,3,4,8,0,0,0,0,0,0,0,2,1,6,6,2,55,8,998,1,7,FORD FIESTA,8,E01029432,0,-1
2021361032619,2021,361032619,2,9,0,18,19,2,2,0,0,3,0,0,0,0,4,1,5,6,1,31,6,1399,2,13,FORD FIESTA,5,E01026845,0,-1
2021211116741,2021,211116741,3,9,0,-1,-1,-1,-1,-1,-1,-1,-1,-1,-1,0,-1,1,5,6,2,30,6,1399,2,12,FORD FIESTA,-1,-1,0,-1
2021320705986,2021,320705986,2,9,0,4,4,2,6,0,0,0,0,0,0,0,2,1,6,6,2,33,6,998,1,3,FORD FIESTA,6,E01018098,0,-1
2021991169265,2021,991169265,1,9,0,5,5,2,6,0,0,1,0,0,0,0,1,1,5,6,1,28,6,1399,2,14,FORD FIESTA,7,-1,0,-1
2021170M10401,2021,170M10401,1,9,0,13,13,3,7,0,0,0,0,0,0,0,4,1,6,6,1,-1,-1,1499,2,5,FORD FIESTA,-1,-1,0,-1
2021122100386,2021,122100386,1,9,0,18,19,5,1,0,0,0,0,12,0,0,1,1,1,1,2,59,9,998,1,2,FORD FIESTA,9,E01013407,0,-1
2021451096616,2021,451096616,2,9,0,18,19,4,2,0,0,0,1,0,0,0,2,1,5,6,2,54,8,1388,1,10,FORD FIESTA,10,E01030447,0,-1
2021302101363,2021,302101363,1,9,0,1,1,0,0,0,0,1,0,0,0,0,2,1,6,6,1,78,11,998,1,8,FORD FIESTA,7,E01019513,0,-1
2021461071948,2021,461071948,2,9,0,18,19,3,7,0,0,0,0,0,0,0,1,1,6,6,2,25,5,998,1,2,FORD FIESTA,5,E01024283,0,-1
202131P045021,2021,31P045021,2,9,0,18,19,5,1,0,0,0,0,0,0,0,1,1,2,2,1,22,5,998,1,5,FORD FIESTA,5,E01019402,0,-1
2021201113769,2021,201113769,1,9,0,11,11,6,3,0,0,1,0,0,0,0,4,1,6,6,1,27,6,998,1,8,FORD FIESTA,1,E01009572,0,-1
2021201048766,2021,201048766,1,9,0,9,9,3,8,0,0,5,0,0,0,0,4,1,2,2,2,55,8,1242,1,10,FORD FIESTA,6,E01010115,0,-1
2021111082254,2021,111082254,3,9,0,2,2,0,0,0,0,0,0,0,0,0,2,1,5,6,2,27,6,1399,2,12,FORD FIESTA,10,E01012303,0,-1
2021440192254,2021,440192254,1,9,0,8,8,8,2,0,0,8,0,0,0,0,2,1,6,6,1,26,6,1242,1,13,FORD FIESTA,8,E01017086,0,-1
2021440217374,2021,440217374,1,9,0,18,19,7,5,0,0,1,0,0,1,11,1,1,6,6,1,82,11,1388,1,10,FORD FIESTA,5,E01017365,0,-1
2021131122092,2021,131122092,2,9,0,18,19,5,1,0,0,1,0,0,1,1,1,1,5,6,1,21,5,1242,1,15,FORD FIESTA,9,E01011583,0,-1
2021201025137,2021,201025137,3,9,0,18,19,4,8,0,0,0,0,0,0,0,1,1,6,6,2,24,5,998,1,2,FORD FIESTA,1,E01009096,0,-1
2021522104123,2021,522104123,1,9,0,18,19,8,4,0,0,0,0,0,0,0,4,1,6,6,1,21,5,998,1,3,FORD FIESTA,6,W01001511,0,-1
2021991078386,2021,991078386,1,9,0,18,19,3,7,0,0,0,0,0,0,0,3,1,5,6,2,61,9,1242,1,9,FORD FIESTA,5,-1,0,-1
2021461057727,2021,461057727,1,9,0,1,1,5,1,0,0,1,0,0,0,0,2,1,5,6,1,40,7,1299,1,19,FORD FIESTA,9,E01016112,0,-1
2021440334988,2021,440334988,1,9,0,18,19,3,7,0,0,8,0,0,0,0,1,1,6,6,1,34,6,1242,1,14,FORD FIESTA,4,E01017185,0,-1
2021501080171,2021,501080171,1,9,0,4,4,7,3,0,0,0,0,0,0,0,3,1,5,6,2,61,9,1388,1,12,FORD FIESTA,-1,-1,0,-1
2021302101735,2021,302101735,1,9,0,18,19,4,8,0,0,0,0,0,0,0,1,1,6,6,1,77,11,998,1,2,FORD FIESTA,7,E01029471,0,-1
2021320692301,2021,320692301,1,9,0,18,19,4,8,0,0,8,0,0,0,0,1,1,6,6,2,25,5,1084,1,2,FORD FIESTA,2,E01005959,0,-1
2021010320221,2021,010320221,1,9,0,18,19,5,1,9,9,0,0,10,7,10,1,1,2,2,1,57,9,1242,1,15,FORD FIESTA,9,E01030704,0,-1
2021041027968,2021,041027968,1,9,0,9,9,7,5,0,0,6,0,0,6,7,3,1,5,6,1,18,4,998,1,6,FORD FIESTA,8,E01025344,0,-1
2021440076869,2021,440076869,1,9,0,5,5,2,6,0,0,0,0,0,0,0,3,1,6,6,2,27,6,1596,1,18,FORD FIESTA,3,E01023085,0,-1
2021421047939,2021,421047939,1,9,0,5,5,3,1,0,0,8,0,0,0,0,3,1,1,1,1,27,6,-1,-1,-1,FORD FIESTA,10,E01023449,0,-1
2021070098777,2021,070098777,2,9,0,18,19,6,2,0,0,4,0,0,1,11,1,1,2,2,2,39,7,998,1,1,FORD FIESTA,4,E01018454,0,-1
2021461091264,2021,461091264,2,9,0,18,19,3,7,0,0,0,0,0,0,0,1,1,6,6,1,33,6,998,1,2,FORD FIESTA,4,E01024296,0,-1
2021991023994,2021,991023994,1,9,0,1,1,4,8,0,0,2,0,4,0,0,2,1,5,6,2,30,6,998,1,3,FORD FIESTA,1,-1,0,-1
2021461127079,2021,461127079,1,9,0,4,4,3,7,0,0,1,1,0,1,0,1,1,6,6,1,25,5,998,1,8,FORD FIESTA,8,E01024772,0,-1
2021111062908,2021,111062908,1,9,0,-1,-1,-1,-1,-1,-1,-1,-1,-1,-1,0,-1,1,6,6,3,30,6,1242,1,8,FORD FIESTA,3,E01012307,0,-1
2021351021893,2021,351021893,1,9,0,18,19,5,1,0,0,0,5,4,0,0,1,1,2,2,2,62,9,1242,1,10,FORD FIESTA,9,E01018296,0,-1
2021622100718,2021,622100718,3,9,0,2,2,0,0,0,0,0,0,0,0,0,3,1,1,1,3,-1,-1,1242,1,11,FORD FIESTA,-1,-1,0,-1
2021501085855,2021,501085855,1,9,0,16,19,5,1,0,0,1,0,0,0,0,4,1,2,2,1,24,5,1388,1,12,FORD FIESTA,3,E01020264,0,-1
2021461128838,2021,461128838,1,9,0,18,19,1,5,0,0,0,1,0,0,0,4,1,1,1,1,21,5,1242,1,14,FORD FIESTA,3,E01016045,0,-1
2021201144360,2021,201144360,1,9,0,5,5,2,6,0,0,8,0,0,0,0,1,1,6,6,2,35,6,998,1,8,FORD FIESTA,-1,-1,0,-1
2021451125540,2021,451125540,1,9,0,18,19,1,5,0,0,0,2,0,1,4,1,1,2,2,1,20,4,-1,-1,-1,FORD FIESTA,8,E01030580,0,-1
2021010291288,2021,010291288,1,9,0,18,19,3,7,0,0,4,0,0,0,0,2,1,6,6,2,22,5,1242,1,10,FORD FIESTA,7,E01021463,0,-1
2021201051306,2021,201051306,1,9,0,18,19,1,5,0,0,8,0,0,0,0,1,1,6,6,1,23,5,1242,1,14,FORD FIESTA,3,E01010321,0,-1
2021440405963,2021,440405963,1,9,0,9,9,2,6,0,0,1,0,0,0,0,1,1,6,6,1,22,5,1596,1,19,FORD FIESTA,4,E01017277,0,-1
2021520103900,2021,520103900,1,9,0,18,19,5,1,0,0,4,0,10,1,0,1,1,6,6,1,20,4,1596,1,6,FORD FIESTA,5,E01029047,0,-1
2021440144997,2021,440144997,1,9,0,18,19,6,2,0,0,0,0,0,0,0,1,1,6,6,2,25,5,1388,1,10,FORD FIESTA,6,E01022657,0,-1
2021070785057,2021,070785057,2,9,0,16,19,3,7,0,0,0,1,0,7,0,1,1,2,2,1,18,4,1242,1,4,FORD FIESTA,10,E01018724,0,-1
2021101100017,2021,101100017,1,9,0,18,19,6,2,0,0,2,0,0,0,0,4,1,5,6,1,20,4,1242,1,8,FORD FIESTA,-1,-1,0,-1
2021471113460,2021,471113460,1,9,0,18,19,8,4,0,0,1,0,0,0,0,1,1,6,6,2,26,6,1242,1,14,FORD FIESTA,10,E01031804,0,-1
2021201066468,2021,201066468,1,9,0,18,19,3,7,0,0,8,0,0,0,0,3,1,6,6,2,78,11,1242,1,15,FORD FIESTA,8,E01010553,0,-1
2021061084922,2021,061084922,1,9,0,13,13,1,5,0,0,1,0,0,0,0,3,1,5,6,2,30,6,1388,1,15,FORD FIESTA,2,E01005461,0,-1
2021501048414,2021,501048414,1,9,0,8,8,3,7,0,0,1,0,0,0,0,1,1,6,6,1,27,6,1560,2,12,FORD FIESTA,7,E01020132,0,-1
2021061136036,2021,061136036,2,9,0,18,19,1,5,0,0,0,0,0,0,0,3,1,6,6,3,30,6,998,1,5,FORD FIESTA,-1,-1,0,-1
2021991045302,2021,991045302,1,9,0,1,1,2,6,0,0,1,0,8,0,0,4,1,5,6,1,35,6,1299,1,18,FORD FIESTA,1,-1,0,-1
2021471052745,2021,471052745,1,9,0,18,19,7,3,0,0,0,0,0,0,0,1,1,5,6,1,33,6,1388,1,16,FORD FIESTA,3,E01024396,0,-1
202131D144521,2021,31D144521,1,9,0,7,7,6,8,0,0,6,0,0,0,0,1,1,6,6,1,27,6,1999,1,13,FORD FIESTA,7,E01028290,0,-1
2021471053194,2021,471053194,1,9,0,17,19,8,4,0,0,1,5,0,7,0,1,1,5,6,2,18,4,1242,1,12,FORD FIESTA,7,E01031701,0,-1
2021122101391,2021,122101391,1,9,0,18,19,3,7,0,0,8,0,0,3,1,0,1,6,6,1,19,4,998,1,5,FORD FIESTA,1,E01006023,0,-1
2021461060171,2021,461060171,2,9,0,2,2,7,7,0,0,0,0,0,0,0,1,1,1,1,3,-1,-1,1242,1,4,FORD FIESTA,-1,-1,0,-1
2021010351599,2021,010351599,2,9,0,18,19,2,6,0,0,1,0,0,0,0,1,1,6,6,3,-1,-1,1242,1,10,FORD FIESTA,-1,-1,0,-1
2021041104245,2021,041104245,2,9,0,18,19,7,3,0,0,1,0,0,0,0,1,1,5,6,1,67,10,1242,1,10,FORD FIESTA,7,E01025565,0,-1
2021052100985,2021,052100985,1,9,0,3,3,5,1,0,0,0,0,0,0,0,2,1,6,6,2,60,9,1242,1,8,FORD FIESTA,3,E01006496,0,-1
2021101024445,2021,101024445,1,9,0,7,7,3,7,0,0,6,0,4,0,0,3,1,6,6,2,29,6,1242,1,5,FORD FIESTA,10,E01008619,0,-1
2021010293449,2021,010293449,1,9,0,9,9,3,1,0,0,8,0,0,0,0,1,1,6,6,1,45,7,1242,1,14,FORD FIESTA,7,E01021035,0,-1
2021010317912,2021,010317912,2,9,0,9,9,7,5,0,0,1,0,0,0,0,1,1,6,6,1,24,5,1399,2,13,FORD FIESTA,8,E01021604,0,-1
2021461144091,2021,461144091,1,9,0,18,19,1,5,0,0,0,0,4,0,0,1,1,2,2,2,22,5,1388,1,13,FORD FIESTA,1,E01024563,0,-1
2021201082747,2021,201082747,2,9,0,18,19,6,2,0,0,8,0,0,0,0,1,1,6,6,1,29,6,1999,1,16,FORD FIESTA,1,E01010416,0,-1
2021461019180,2021,461019180,2,9,0,4,4,2,6,0,0,0,0,0,0,0,2,1,5,6,1,28,6,998,1,3,FORD FIESTA,6,E01024094,0,-1
2021201136879,2021,201136879,1,9,0,9,9,6,4,0,0,6,0,0,0,0,1,1,6,6,1,20,4,998,1,3,FORD FIESTA,2,E01010096,0,-1
2021311108377,2021,311108377,1,9,0,16,19,6,2,0,0,4,1,0,1,4,4,1,2,2,1,20,4,1242,1,12,FORD FIESTA,1,E01026384,0,-1
2021010310545,2021,010310545,1,9,0,16,19,7,3,9,9,0,5,10,7,11,1,1,6,6,1,25,5,1388,1,15,FORD FIESTA,5,E01000469,0,-1
2021471121969,2021,471121969,2,9,0,9,9,4,2,0,0,8,0,0,0,0,3,1,1,1,1,60,9,1499,2,3,FORD FIESTA,3,E01012795,0,-1
2021061090348,2021,061090348,1,9,0,9,9,8,4,0,0,5,0,0,7,0,3,1,3,7,2,27,6,1388,1,12,FORD FIESTA,1,E01005612,0,-1
2021122100389,2021,122100389,1,9,0,9,9,7,5,7,6,5,0,0,7,0,3,1,6,6,1,81,11,998,1,6,FORD FIESTA,5,E01025193,0,-1
2021501075692,2021,501075692,1,9,0,5,5,3,6,0,0,6,0,0,0,0,1,1,5,6,2,43,7,998,1,2,FORD FIESTA,5,E01018943,0,-1
2021302101413,2021,302101413,1,9,0,9,9,6,4,0,0,8,0,0,0,0,4,1,6,6,2,54,8,999,1,1,FORD FIESTA,8,E01028118,0,-1
2021201116899,2021,201116899,1,9,0,18,19,3,7,0,0,1,0,0,0,0,1,1,6,6,2,-1,-1,998,1,2,FORD FIESTA,1,E01009498,0,-1
2021131088863,2021,131088863,1,9,0,18,19,1,5,0,0,0,0,0,0,0,1,1,5,6,2,17,4,1388,1,11,FORD FIESTA,8,E01011930,0,-1
2021411105106,2021,411105106,1,9,0,9,9,7,3,0,0,6,1,0,3,0,1,1,5,6,2,17,4,1242,1,6,FORD FIESTA,9,E01017701,0,-1
2021201132078,2021,201132078,3,9,0,3,3,4,8,0,0,0,0,0,0,0,2,1,6,6,2,30,6,1242,1,7,FORD FIESTA,4,E01009243,0,-1
2021221078249,2021,221078249,1,9,0,18,19,4,8,0,0,0,0,0,2,4,4,1,5,6,1,76,11,1084,1,3,FORD FIESTA,9,W01000778,0,-1
2021351066178,2021,351066178,1,9,0,16,19,2,5,0,0,0,0,0,1,9,1,1,5,6,2,53,8,1242,1,12,FORD FIESTA,5,E01018080,0,-1
2021052100897,2021,052100897,2,9,0,18,19,6,2,0,0,0,0,0,0,0,3,1,6,6,1,76,11,1388,1,13,FORD FIESTA,4,E01025518,0,-1
2021052101360,2021,052101360,1,9,0,18,19,1,5,0,0,1,0,0,0,0,1,1,6,6,1,20,4,998,1,7,FORD FIESTA,1,E01006572,0,-1
2021302100732,2021,302100732,1,9,0,9,9,4,2,0,0,1,0,0,0,0,2,1,2,2,1,41,7,998,1,6,FORD FIESTA,3,E01019459,0,-1
2021302100689,2021,302100689,3,9,0,9,9,2,6,0,0,1,0,0,0,0,2,1,6,6,2,46,8,998,1,3,FORD FIESTA,10,E01019881,0,-1
2021471064731,2021,471064731,3,9,0,2,2,0,0,6,6,2,0,0,0,0,2,1,6,6,3,-1,-1,1596,1,18,FORD FIESTA,-1,-1,0,-1
202106A079214,2021,06A079214,1,9,0,18,19,1,5,0,0,0,0,0,0,0,1,1,6,6,2,73,10,1388,1,13,FORD FIESTA,1,E01005196,0,-1