collision_index,collision_year,collision_ref_no,vehicle_reference,vehicle_type,towing_and_articulation,vehicle_manoeuvre_historic,vehicle_manoeuvre,vehicle_direction_from,vehicle_direction_to,vehicle_location_restricted_lane_historic,vehicle_location_restricted_lane,junction_location,skidding_and_overturning,hit_object_in_carriageway,vehicle_leaving_carriageway,hit_object_off_carriageway,first_point_of_impact,vehicle_left_hand_drive,journey_purpose_of_driver_historic,journey_purpose_of_driver,sex_of_driver,age_of_driver,age_band_of_driver,engine_capacity_cc,propulsion_code,age_of_vehicle,generic_make_model,driver_imd_decile,lsoa_of_driver,escooter_flag,driver_distance_banding
2021041121968,2021,041121968,1,9,0,18,19,5,1,0,0,0,2,0,0,0,1,1,5,6,2,21,5,1399,2,18,FORD FIESTA,4,E01025308,0,-1
2021231053596,2021,231053596,1,9,0,18,19,1,5,0,0,8,0,0,7,0,1,1,5,6,1,32,6,998,1,3,FORD FIESTA,8,E01009686,0,-1
2021131048136,2021,131048136,2,9,0,18,19,5,1,0,0,8,0,0,0,0,3,1,2,2,2,65,9,1242,1,8,FORD FIESTA,7,E01011110,0,-1
2021451085497,2021,451085497,1,9,0,9,9,1,6,0,0,1,0,0,1,0,1,1,5,6,1,61,9,1242,1,14,FORD FIESTA,8,E01030611,0,-1
2021622100477,2021,622100477,1,9,0,4,4,2,6,0,0,4,0,0,0,0,2,1,1,1,2,34,6,1560,2,12,FORD FIESTA,7,W01001108,0,-1
2021010327397,2021,010327397,2,9,0,18,19,5,1,0,0,1,0,0,0,0,3,1,6,6,1,66,10,1399,2,10,FORD FIESTA,5,E01002305,0,-1
2021552100569,2021,552100569,1,9,0,18,19,8,4,0,0,0,0,0,0,0,1,1,6,6,1,81,11,998,1,6,FORD FIESTA,7,E01020480,0,-1
2021302101153,2021,302101153,1,9,0,18,19,2,6,0,0,8,0,0,0,0,1,1,6,6,1,18,4,1242,1,11,FORD FIESTA,9,E01029466,0,-1
2021471050515,2021,471050515,2,9,0,3,3,1,3,0,0,2,0,0,0,0,2,1,5,6,2,48,8,1388,1,19,FORD FIESTA,7,E01021063,0,-1
2021471063811,2021,471063811,1,9,0,18,19,7,4,0,0,1,0,0,0,0,1,1,5,6,2,75,10,1242,1,11,FORD FIESTA,8,E01021221,0,-1
2021461115441,2021,461115441,1,9,0,9,9,5,1,0,0,1,0,0,0,0,1,1,6,6,2,18,4,1242,1,12,FORD FIESTA,-1,-1,0,-1
2021471029499,2021,471029499,2,9,0,18,19,7,3,0,0,8,0,0,0,0,4,1,5,6,2,53,8,1242,1,13,FORD FIESTA,4,E01031716,0,-1
2021161036631,2021,161036631,1,9,0,18,19,1,5,0,0,0,0,0,0,0,1,1,1,1,1,24,5,1242,1,16,FORD FIESTA,7,E01013321,0,-1
202134NNC3151,2021,34NNC3151,2,9,0,18,19,7,3,0,0,8,0,0,0,0,3,1,1,1,2,50,8,1399,2,10,FORD FIESTA,6,E01027057,0,-1
2021501025759,2021,501025759,2,9,0,3,3,1,3,0,0,0,0,0,1,0,0,1,6,6,1,29,6,998,1,5,FORD FIESTA,9,E01020026,0,-1
2021552101042,2021,552101042,1,9,0,18,19,8,4,0,0,8,5,0,7,0,4,1,6,6,2,22,5,1242,1,11,FORD FIESTA,6,E01020534,0,-1
2021461049485,2021,461049485,2,9,0,18,19,3,7,0,0,4,0,0,0,0,4,1,6,6,1,21,5,1596,1,4,FORD FIESTA,7,E01024712,0,-1
2021041068235,2021,041068235,2,9,0,4,4,5,1,0,0,0,0,0,0,0,2,1,5,6,1,49,8,1388,1,11,FORD FIESTA,5,E01005873,0,-1
2021201060466,2021,201060466,2,9,0,18,19,2,6,0,0,8,0,0,0,0,4,1,6,6,2,26,6,1242,1,6,FORD FIESTA,4,E01009688,0,-1
2021201115799,2021,201115799,2,9,0,3,3,4,8,0,0,1,0,0,0,0,2,1,6,6,2,30,6,1242,1,6,FORD FIESTA,2,E01010010,0,-1
2021041088128,2021,041088128,1,9,0,18,19,2,6,0,0,1,0,0,0,0,1,1,5,6,1,20,4,1399,2,11,FORD FIESTA,7,E01025506,0,-1
2021010324458,2021,010324458,2,9,0,4,4,5,1,0,0,1,0,0,0,0,2,1,2,2,1,32,6,1388,1,13,FORD FIESTA,7,E01000574,0,-1
2021421100144,2021,421100144,1,9,0,18,19,4,8,0,0,0,0,0,0,0,4,1,6,6,2,37,7,1399,2,15,FORD FIESTA,8,E01023446,0,-1
2021041051117,2021,041051117,1,9,0,16,19,5,1,0,0,0,1,0,7,4,1,1,5,6,1,21,5,998,1,5,FORD FIESTA,6,E01006271,0,-1
2021547925521,2021,547925521,1,9,0,14,14,2,6,0,0,0,0,0,0,0,3,1,6,6,2,78,11,998,1,4,FORD FIESTA,9,E01031958,0,-1
2021451092290,2021,451092290,1,9,0,18,19,1,5,0,0,8,0,0,0,0,1,1,2,2,2,24,5,998,1,5,FORD FIESTA,5,E01030664,0,-1
2021622100447,2021,622100447,1,9,0,9,9,2,8,0,0,8,0,0,0,0,1,1,6,6,2,21,5,1399,2,10,FORD FIESTA,1,W01001876,0,-1
2021201066365,2021,201066365,2,9,0,4,4,6,2,0,0,0,0,0,0,0,2,1,6,6,1,34,6,1242,1,15,FORD FIESTA,3,E01009620,0,-1
2021320659835,2021,320659835,1,9,0,18,19,8,4,0,0,0,0,0,0,0,1,1,6,6,1,93,11,1399,2,15,FORD FIESTA,5,E01026070,0,-1
2021440124010,2021,440124010,2,9,0,4,4,7,3,0,0,0,0,0,0,0,2,1,6,6,2,22,5,998,1,3,FORD FIESTA,7,E01022526,0,-1
2021471094604,2021,471094604,2,9,0,4,4,8,4,0,0,0,0,0,0,0,2,1,6,6,2,38,7,1242,1,15,FORD FIESTA,2,E01021179,0,-1
2021061039433,2021,061039433,8,9,0,2,2,1,5,0,0,8,0,0,0,0,1,1,6,6,3,30,6,1388,1,15,FORD FIESTA,4,E01024927,0,-1
2021471112391,2021,471112391,1,9,0,7,7,7,1,0,0,5,0,0,0,0,4,1,6,6,2,49,8,1242,1,12,FORD FIESTA,10,E01031760,0,-1
2021522105818,2021,522105818,2,9,0,18,19,5,1,0,0,8,0,0,0,0,1,1,6,6,2,20,4,998,1,8,FORD FIESTA,9,E01022246,0,-1
2021522105891,2021,522105891,1,9,0,6,6,1,1,0,0,8,0,0,0,0,1,1,6,6,1,35,6,1399,2,11,FORD FIESTA,4,E01015007,0,-1
2021201058785,2021,201058785,1,9,0,9,9,-1,-1,0,0,0,0,0,0,0,1,1,6,6,3,-1,-1,1242,1,7,FORD FIESTA,-1,-1,0,-1
2021201059597,2021,201059597,2,9,0,18,19,-1,-1,0,0,0,0,0,0,0,4,1,6,6,1,22,5,1242,1,8,FORD FIESTA,1,E01009155,0,-1
2021031089230,2021,031089230,1,9,0,18,19,1,3,0,0,0,0,0,7,1,1,1,5,6,1,20,4,1084,1,4,FORD FIESTA,1,E01009539,0,-1
2021320287327,2021,320287327,1,9,0,18,19,4,8,0,0,0,0,0,0,1,1,1,6,6,1,36,7,1242,1,20,FORD FIESTA,-1,-1,0,-1
2021421072252,2021,421072252,1,9,0,18,19,5,1,0,0,3,0,0,3,4,1,1,5,6,1,21,5,999,1,1,FORD FIESTA,8,E01033611,0,-1
2021302101626,2021,302101626,1,9,0,9,9,6,4,0,0,6,0,0,0,0,1,1,6,6,1,50,8,1388,1,11,FORD FIESTA,6,E01019480,0,-1
2021430414284,2021,430414284,1,9,0,18,19,2,6,0,0,8,0,0,1,1,1,1,2,2,2,23,5,1084,1,3,FORD FIESTA,4,E01016359,0,-1
2021522200985,2021,522200985,1,9,0,4,4,6,2,0,0,0,0,0,0,0,2,1,6,6,1,23,5,1242,1,14,FORD FIESTA,8,E01014452,0,-1
2021451031020,2021,451031020,1,9,0,18,19,3,7,0,0,1,0,0,0,0,1,1,5,6,2,44,7,1388,1,14,FORD FIESTA,6,E01030618,0,-1
202163A039921,2021,63A039921,1,9,0,17,19,3,8,0,0,0,1,0,2,10,1,1,6,6,2,19,4,1388,1,15,FORD FIESTA,-1,-1,0,-1
2021070167103,2021,070167103,2,9,0,3,3,1,5,0,0,0,0,0,0,0,1,1,6,6,2,18,4,1242,1,17,FORD FIESTA,1,E01018738,0,-1
2021221021726,2021,221021726,1,9,0,17,19,1,6,0,0,0,1,0,7,10,1,1,1,1,1,52,8,1388,1,12,FORD FIESTA,8,W01001553,0,-1
2021041038592,2021,041038592,1,9,0,9,9,1,2,0,0,1,1,0,0,0,4,2,2,2,2,31,6,998,1,7,FORD FIESTA,6,E01025179,0,-1
2021302101996,2021,302101996,1,9,0,7,7,8,2,0,0,8,0,0,0,0,1,1,6,6,3,-1,-1,1242,1,8,FORD FIESTA,5,E01019456,0,-1
2021451096750,2021,451096750,1,9,0,18,19,1,5,0,0,3,0,0,0,0,3,1,5,6,2,23,5,1399,2,15,FORD FIESTA,7,E01030332,0,-1
2021010352404,2021,010352404,2,9,0,99,99,9,9,99,99,0,9,99,9,99,9,9,6,6,3,37,7,1242,1,10,FORD FIESTA,3,E01002491,0,-1
2021461105249,2021,461105249,1,9,0,18,19,2,6,0,0,0,0,0,7,0,1,1,6,6,1,20,4,1242,1,12,FORD FIESTA,6,E01023978,0,-1
2021141035857,2021,141035857,2,9,0,18,19,8,3,0,0,1,1,0,0,0,3,1,5,6,1,30,6,1560,2,12,FORD FIESTA,2,E01007323,0,-1
2021522102496,2021,522102496,1,9,0,10,10,4,8,0,0,1,0,0,0,0,2,1,6,6,1,29,6,1499,2,5,FORD FIESTA,7,E01014403,0,-1
2021461102323,2021,461102323,1,9,0,18,19,3,7,0,0,0,0,0,0,0,1,1,5,6,2,67,10,998,1,6,FORD FIESTA,8,E01024286,0,-1
2021461043172,2021,461043172,1,9,0,3,3,8,4,0,0,1,0,0,0,0,1,1,5,6,1,27,6,998,1,3,FORD FIESTA,5,E01016151,0,-1
2021440078632,2021,440078632,1,9,0,3,3,4,8,0,0,0,0,0,0,0,1,1,6,6,2,45,7,1242,1,8,FORD FIESTA,6,E01017029,0,-1
2021010342090,2021,010342090,1,9,0,5,5,4,8,0,0,1,0,0,0,0,1,1,6,6,1,19,4,1388,1,15,FORD FIESTA,5,E01001611,0,-1
2021441048557,2021,441048557,1,9,0,18,19,5,1,0,0,0,1,0,1,0,1,1,2,2,1,25,5,1250,1,13,FORD FIESTA,10,E01023102,0,-1
2021221132138,2021,221132138,2,9,0,18,19,5,1,0,0,0,0,0,1,0,1,1,5,6,2,20,4,998,1,7,FORD FIESTA,5,E01028858,0,-1
2021371057946,2021,371057946,2,9,0,3,3,6,2,0,0,1,0,0,0,0,2,1,5,6,2,28,6,1242,1,6,FORD FIESTA,8,E01030043,0,-1
2021461047448,2021,461047448,1,9,0,9,9,1,5,0,0,1,0,0,0,0,3,1,1,1,2,57,9,1242,1,8,FORD FIESTA,9,E01024331,0,-1
2021302102026,2021,302102026,1,9,0,18,19,4,8,0,0,0,0,0,1,11,1,1,6,6,1,32,6,1388,1,17,FORD FIESTA,3,E01013517,0,-1
2021320092479,2021,320092479,1,9,0,17,19,4,8,0,0,0,1,0,1,9,1,1,6,6,1,21,5,1242,1,12,FORD FIESTA,5,E01013297,0,-1
2021041081946,2021,041081946,1,9,0,7,7,1,3,0,0,3,0,8,0,0,1,1,1,1,1,30,6,-1,-1,-1,FORD FIESTA,-1,-1,0,-1
2021451086448,2021,451086448,1,9,0,18,19,7,3,0,0,1,0,0,0,0,1,1,5,6,1,24,5,1388,1,17,FORD FIESTA,10,E01030540,0,-1
2021421131050,2021,421131050,3,9,0,3,3,8,4,0,0,0,0,0,0,0,2,1,5,6,2,36,7,1242,1,15,FORD FIESTA,-1,-1,0,-1
2021052101324,2021,052101324,3,9,0,2,2,0,0,0,0,2,0,0,0,0,2,1,6,6,3,-1,-1,1596,1,18,FORD FIESTA,-1,-1,0,-1
2021138391361,2021,138391361,1,9,0,18,19,3,7,0,0,1,0,0,0,0,4,1,6,6,2,52,8,1242,1,16,FORD FIESTA,1,E01010944,0,-1
202134WNC7281,2021,34WNC7281,2,9,0,18,19,1,5,0,0,8,1,0,0,0,1,1,6,6,1,20,4,1242,1,14,FORD FIESTA,5,E01027192,0,-1
2021201125604,2021,201125604,3,9,0,10,10,1,5,0,0,1,0,0,0,0,1,1,6,6,2,68,10,1242,1,12,FORD FIESTA,4,E01010100,0,-1
2021430541870,2021,430541870,2,9,0,18,19,6,2,0,0,8,0,0,0,0,1,1,2,2,2,25,5,1388,1,11,FORD FIESTA,9,E01017394,0,-1
2021351054742,2021,351054742,1,9,0,18,19,3,7,9,9,0,0,10,7,11,1,1,5,6,2,79,11,998,1,3,FORD FIESTA,7,E01018022,0,-1
2021501129845,2021,501129845,1,9,0,18,19,7,3,0,0,0,0,0,3,11,1,1,6,6,2,23,5,1388,1,17,FORD FIESTA,5,E01015188,0,-1
2021010302258,2021,010302258,1,9,0,99,99,9,9,0,0,9,0,0,0,0,9,9,6,6,3,28,6,998,1,6,FORD FIESTA,3,E01001669,0,-1
2021138391033,2021,138391033,2,9,0,7,7,8,2,0,0,5,0,0,0,0,2,1,3,7,1,35,6,1388,1,12,FORD FIESTA,3,E01011601,0,-1
2021351097042,2021,351097042,1,9,0,8,8,8,3,0,0,1,0,0,0,0,3,1,5,6,2,78,11,1242,1,12,FORD FIESTA,9,E01015684,0,-1
2021461093858,2021,461093858,2,9,0,18,19,3,7,0,0,0,0,0,0,0,2,1,6,6,1,53,8,1499,2,6,FORD FIESTA,7,E01016166,0,-1
2021471099161,2021,471099161,2,9,0,4,4,3,7,0,0,4,0,0,0,0,2,1,5,6,2,72,10,998,1,6,FORD FIESTA,6,E01031825,0,-1
2021522102146,2021,522102146,1,9,0,7,7,7,1,0,0,0,0,0,0,0,4,1,6,6,2,67,10,998,1,6,FORD FIESTA,10,E01014716,0,-1
2021501030528,2021,501030528,2,9,0,18,19,5,1,0,0,0,0,0,0,0,1,1,6,6,1,36,7,1117,1,39,FORD FIESTA,1,E01015256,0,-1
2021351091432,2021,351091432,2,9,0,13,13,-1,-1,0,0,0,0,0,0,0,4,1,6,6,1,22,5,-1,-1,-1,FORD FIESTA,5,E01018179,0,-1
2021101096692,2021,101096692,1,9,0,18,19,1,5,0,0,0,0,0,0,0,1,1,5,6,1,36,7,1299,1,19,FORD FIESTA,3,E01008763,0,-1
2021471017122,2021,471017122,1,9,0,7,7,2,4,0,0,0,0,0,0,0,3,1,1,1,1,67,10,1388,1,16,FORD FIESTA,5,E01016990,0,-1
2021031069897,2021,031069897,3,9,0,18,19,1,6,0,0,2,0,0,0,0,0,1,5,6,1,21,5,1596,1,5,FORD FIESTA,-1,-1,0,-1
2021201033555,2021,201033555,1,9,0,18,19,4,8,0,0,8,0,0,0,0,1,1,6,6,1,24,5,1242,1,15,FORD FIESTA,1,E01009136,0,-1
2021010311607,2021,010311607,1,9,0,9,9,1,7,0,0,5,0,0,0,0,4,1,6,6,1,23,5,1596,1,11,FORD FIESTA,-1,-1,0,-1
2021010344038,2021,010344038,1,9,0,9,9,7,5,0,0,6,0,0,0,0,1,1,6,6,2,22,5,1388,1,12,FORD FIESTA,-1,-1,0,-1
2021221038472,2021,221038472,1,9,0,9,9,6,3,0,0,5,0,0,0,0,3,1,5,6,2,22,5,1242,1,5,FORD FIESTA,1,E01032434,0,-1
2021451115926,2021,451115926,2,9,0,17,19,7,3,0,0,0,5,0,0,0,1,1,2,2,1,22,5,1242,1,14,FORD FIESTA,10,E01030996,0,-1
2021061047802,2021,061047802,1,9,0,15,15,8,4,0,0,0,0,0,0,0,1,1,6,6,1,19,4,998,1,3,FORD FIESTA,2,E01005163,0,-1
2021421130596,2021,421130596,1,9,0,18,19,8,4,0,0,0,1,0,1,0,1,1,5,6,2,64,9,1388,1,11,FORD FIESTA,2,E01021286,0,-1
2021522100220,2021,522100220,2,9,0,18,19,6,2,0,0,0,0,0,0,0,1,1,6,6,1,19,4,1596,1,5,FORD FIESTA,8,E01029126,0,-1
2021520104986,2021,520104986,2,9,0,18,19,6,2,0,0,8,0,0,0,0,0,1,6,6,2,78,11,1242,1,13,FORD FIESTA,10,E01029302,0,-1
2021031055797,2021,031055797,1,9,0,13,13,6,2,0,0,8,5,0,1,1,1,1,6,6,2,23,5,1499,2,5,FORD FIESTA,1,E01019111,0,-1
2021501133860,2021,501133860,1,9,0,18,19,6,2,0,0,0,0,0,0,0,4,1,1,1,2,30,6,998,1,3,FORD FIESTA,1,E01019995,0,-1
2021201030563,2021,201030563,1,9,0,18,19,7,3,0,0,0,0,0,0,0,4,1,3,7,1,37,7,998,1,7,FORD FIESTA,4,E01009231,0,-1
2021401112698,2021,401112698,2,9,0,7,7,8,3,0,0,5,1,0,0,0,1,1,6,6,2,39,7,1242,1,11,FORD FIESTA,10,E01017443,0,-1
2021461066488,2021,461066488,3,9,0,3,3,5,1,0,0,1,0,0,0,0,2,1,2,2,2,18,4,1242,1,10,FORD FIESTA,2,E01016039,0,-1
2021070142905,2021,070142905,1,9,0,15,15,7,3,0,0,0,2,0,0,0,2,1,6,6,1,24,5,998,1,6,FORD FIESTA,9,E01012492,0,-1
2021430233745,2021,430233745,1,9,0,7,7,6,8,0,0,6,0,0,0,0,4,1,6,6,1,18,4,1499,2,8,FORD FIESTA,10,E01028645,0,-1
2021622100757,2021,622100757,2,9,0,9,9,4,2,0,0,8,0,0,0,0,3,1,6,6,1,19,4,1399,2,10,FORD FIESTA,2,W01001761,0,-1
2021061091107,2021,061091107,1,9,0,18,19,5,1,0,0,1,0,0,0,0,1,1,6,6,2,30,6,1242,1,5,FORD FIESTA,-1,-1,0,-1
2021522200024,2021,522200024,2,9,0,18,19,2,6,0,0,0,0,0,0,0,1,1,6,6,2,21,5,1242,1,17,FORD FIESTA,6,E01014846,0,-1
2021522200503,2021,522200503,2,9,0,18,19,2,6,0,0,8,0,0,0,0,1,1,6,6,1,35,6,1242,1,23,FORD FIESTA,9,E01014852,0,-1
2021201118921,2021,201118921,1,9,0,6,6,8,6,0,0,0,0,0,0,0,3,1,2,2,1,29,6,1242,1,17,FORD FIESTA,1,E01010483,0,-1
2021471104392,2021,471104392,2,9,0,18,19,4,8,0,0,1,0,0,0,0,1,1,5,6,2,21,5,1399,2,12,FORD FIESTA,7,E01021164,0,-1
2021522101553,2021,522101553,1,9,0,18,19,5,1,0,0,1,0,0,0,0,1,1,6,6,2,53,8,1242,1,9,FORD FIESTA,10,E01015001,0,-1
2021544603321,2021,544603321,1,9,0,5,5,5,3,0,0,4,0,0,0,0,4,1,6,6,1,18,4,1499,2,5,FORD FIESTA,10,E01015518,0,-1
2021041083432,2021,041083432,1,9,0,8,8,2,2,0,0,1,0,0,0,0,1,1,1,1,1,34,6,1560,2,10,FORD FIESTA,2,E01024926,0,-1
2021544799921,2021,544799921,1,9,0,18,19,1,5,0,0,1,0,0,7,0,1,1,6,6,2,34,6,999,1,1,FORD FIESTA,7,E01022513,0,-1
202163A099121,2021,63A099121,1,9,0,18,19,5,2,0,0,8,0,0,0,0,1,1,6,6,1,100,11,998,1,8,FORD FIESTA,5,W01000698,0,-1
202134NNC7141,2021,34NNC7141,2,9,0,18,19,5,1,0,0,8,0,0,0,0,4,1,6,6,1,57,9,998,1,7,FORD FIESTA,4,E01027126,0,-1
2021421102087,2021,421102087,2,9,0,3,3,1,5,0,0,1,0,0,0,0,1,1,6,6,2,40,7,1596,1,5,FORD FIESTA,3,E01016012,0,-1
2021010298230,2021,010298230,2,9,0,99,99,9,9,99,99,9,9,99,9,99,9,9,6,6,3,-1,-1,998,1,6,FORD FIESTA,-1,-1,0,-1
2021430575984,2021,430575984,1,9,0,9,9,1,7,0,0,8,0,0,0,0,3,1,6,6,1,48,8,1242,1,10,FORD FIESTA,8,E01028773,0,-1
2021231093101,2021,231093101,1,9,0,9,9,1,6,0,0,5,0,0,0,0,1,1,6,6,2,34,6,1242,1,8,FORD FIESTA,4,E01032342,0,-1
2021041120694,2021,041120694,2,9,0,18,19,3,7,0,0,1,0,0,0,0,3,1,5,6,1,50,8,1242,1,7,FORD FIESTA,10,E01025403,0,-1
2021440256358,2021,440256358,1,9,0,7,7,7,1,0,0,7,0,0,0,0,1,1,6,6,2,20,4,1388,1,14,FORD FIESTA,4,E01017185,0,-1
202131B196521,2021,31B196521,1,9,0,18,19,6,2,0,0,0,5,7,0,0,1,1,6,6,2,18,4,1596,1,10,FORD FIESTA,3,E01028340,0,-1
2021430409103,2021,430409103,2,9,0,3,3,4,8,0,0,1,0,0,0,0,2,1,6,6,1,30,6,998,1,7,FORD FIESTA,-1,-1,0,-1
2021430080129,2021,430080129,2,9,0,18,19,1,5,0,0,8,0,0,0,0,3,1,6,6,2,58,9,1388,1,19,FORD FIESTA,3,E01017906,0,-1
2021161037488,2021,161037488,1,9,0,17,19,5,1,0,0,0,0,0,3,4,1,1,5,6,2,36,7,1242,1,8,FORD FIESTA,2,E01012949,0,-1
2021991104870,2021,991104870,2,9,0,12,12,8,4,0,0,1,0,0,0,0,1,1,5,6,2,18,4,1242,1,6,FORD FIESTA,5,-1,0,-1
2021421116927,2021,421116927,4,9,0,5,5,2,6,0,0,0,0,0,0,0,1,1,1,1,2,33,6,1388,1,11,FORD FIESTA,8,E01021482,0,-1
2021070259016,2021,070259016,1,9,0,18,19,1,1,0,0,2,0,0,0,0,1,1,6,6,2,22,5,1242,1,13,FORD FIESTA,8,E01012450,0,-1
2021440476738,2021,440476738,2,9,0,5,5,7,3,0,0,0,0,0,0,0,4,1,6,6,1,32,6,1596,1,12,FORD FIESTA,9,E01022697,0,-1
2021421032651,2021,421032651,2,9,0,13,13,1,5,0,0,0,0,0,0,0,1,1,6,6,2,21,5,1399,2,9,FORD FIESTA,6,E01033054,0,-1
2021211032085,2021,211032085,1,9,0,5,5,5,1,0,0,8,0,0,0,0,1,1,1,1,1,50,8,1388,1,14,FORD FIESTA,7,E01029719,0,-1
2021991022047,2021,991022047,1,9,0,18,19,4,8,0,0,0,0,4,0,0,1,1,6,6,1,34,6,1596,1,11,FORD FIESTA,4,-1,0,-1
2021421101391,2021,421101391,2,9,0,5,5,7,3,0,0,1,0,0,0,0,1,1,2,2,2,37,7,1242,1,12,FORD FIESTA,2,E01021638,0,-1
2021141035631,2021,141035631,1,9,0,18,19,2,6,0,0,0,0,0,0,0,1,1,6,6,1,32,6,-1,-1,-1,FORD FIESTA,4,E01007536,0,-1
2021522102130,2021,522102130,1,9,0,18,19,5,1,0,0,0,0,0,0,0,1,1,6,6,1,42,7,1560,2,12,FORD FIESTA,10,E01022366,0,-1
2021101013897,2021,101013897,1,9,0,18,19,7,3,0,0,0,1,0,0,0,1,1,5,6,2,61,9,998,1,3,FORD FIESTA,10,E01008357,0,-1
2021522106002,2021,522106002,1,9,0,18,19,7,3,0,0,1,0,0,0,0,1,1,6,6,2,56,9,998,1,2,FORD FIESTA,10,E01014999,0,-1
2021031046546,2021,031046546,2,9,0,18,19,3,7,0,0,8,0,0,0,0,3,1,5,6,2,46,8,998,1,7,FORD FIESTA,3,E01019198,0,-1
2021471067721,2021,471067721,2,9,0,18,19,8,4,0,0,1,0,0,0,0,2,1,5,6,2,51,8,1596,1,10,FORD FIESTA,9,E01021235,0,-1
2021161071611,2021,161071611,1,9,0,18,19,2,6,9,9,0,0,0,1,0,4,1,6,6,1,18,4,998,1,7,FORD FIESTA,1,E01013220,0,-1
2021548591121,2021,548591121,1,9,0,18,19,3,7,0,0,0,5,0,1,4,1,1,1,1,1,20,4,1596,1,12,FORD FIESTA,5,E01015006,0,-1
2021061037631,2021,061037631,2,9,0,18,19,7,3,0,0,0,0,0,0,0,1,1,6,6,1,30,6,1560,2,13,FORD FIESTA,1,E01006357,0,-1
2021991019355,2021,991019355,1,9,0,9,9,7,5,0,0,0,0,0,0,0,1,1,5,6,1,21,5,998,1,6,FORD FIESTA,8,-1,0,-1
2021010293746,2021,010293746,1,9,0,7,7,7,2,0,0,1,0,0,0,0,1,1,2,2,2,50,8,1242,1,10,FORD FIESTA,2,E01003514,0,-1
202163D092021,2021,63D092021,1,9,0,18,19,1,5,0,0,0,0,6,7,10,3,1,6,6,2,18,4,1399,2,12,FORD FIESTA,6,W01000433,0,-1
2021070617776,2021,070617776,2,9,0,18,19,1,5,0,0,0,0,0,0,0,4,1,6,6,1,39,7,998,1,6,FORD FIESTA,9,E01019721,0,-1
2021031084418,2021,031084418,1,9,0,5,5,3,8,0,0,1,0,0,0,0,1,1,2,2,1,22,5,1399,2,10,FORD FIESTA,3,E01019211,0,-1
2021471045801,2021,471045801,1,9,0,18,19,6,2,0,0,0,0,0,0,0,1,1,5,6,1,33,6,1242,1,10,FORD FIESTA,4,E01020914,0,-1
2021211022412,2021,211022412,1,9,0,13,13,8,4,0,0,0,0,0,0,0,1,1,1,1,1,43,7,1242,1,6,FORD FIESTA,3,E01029407,0,-1
2021010287761,2021,010287761,1,9,0,18,19,5,1,0,0,6,0,0,0,0,3,1,6,6,1,32,6,998,1,7,FORD FIESTA,4,E01002663,0,-1
2021421101816,2021,421101816,1,9,0,18,19,7,3,0,0,0,0,0,1,10,3,1,6,6,1,27,6,1242,1,9,FORD FIESTA,2,E01015840,0,-1
2021010351732,2021,010351732,1,9,0,18,19,4,8,0,0,1,0,0,0,0,4,1,6,6,2,22,5,1242,1,7,FORD FIESTA,2,E01003265,0,-1
2021131087724,2021,131087724,1,9,0,7,7,1,5,0,0,0,5,10,0,0,4,1,6,6,2,29,6,1242,1,10,FORD FIESTA,1,E01011426,0,-1
2021501099809,2021,501099809,1,9,0,4,4,7,3,0,0,1,0,0,0,0,3,1,1,1,2,60,9,1399,2,10,FORD FIESTA,4,E01020275,0,-1
2021231035773,2021,231035773,1,9,0,16,19,2,5,0,0,8,5,0,2,1,1,1,5,6,1,19,4,1242,1,16,FORD FIESTA,-1,-1,0,-1
2021302100107,2021,302100107,2,9,0,4,4,4,2,0,0,1,0,0,0,0,4,1,6,6,2,47,8,1596,1,14,FORD FIESTA,4,E01013494,0,-1
2021101137305,2021,101137305,1,9,0,18,19,7,3,9,9,0,1,0,1,0,1,1,6,6,3,21,5,1242,1,12,FORD FIESTA,-1,-1,0,-1
2021231066564,2021,231066564,3,9,0,2,2,0,0,0,0,0,0,4,0,0,2,1,6,6,2,23,5,1242,1,14,FORD FIESTA,3,E01031081,0,-1
2021471114929,2021,471114929,2,9,0,16,19,7,3,0,0,1,0,0,0,0,1,1,5,6,1,83,11,998,1,6,FORD FIESTA,9,E01031691,0,-1
2021052101426,2021,052101426,2,9,0,3,3,5,7,0,0,2,0,0,0,0,2,1,6,6,1,20,4,1242,1,14,FORD FIESTA,1,E01006505,0,-1
2021031046115,2021,031046115,1,9,0,9,9,1,7,0,0,6,0,0,0,0,-1,1,6,6,2,-1,-1,998,1,5,FORD FIESTA,8,E01019372,0,-1
2021052101471,2021,052101471,1,9,0,18,19,7,3,0,0,0,0,0,0,0,1,1,6,6,2,19,4,998,1,2,FORD FIESTA,5,E01006489,0,-1
2021010291426,2021,010291426,1,19,0,3,3,3,7,0,0,0,0,0,0,0,2,1,2,2,1,54,8,1499,2,8,FORD FIESTA,6,E01024180,0,-1
2021052100463,2021,052100463,2,9,0,9,9,3,1,0,0,1,0,0,0,0,4,1,6,6,1,33,6,1299,1,19,FORD FIESTA,1,E01006700,0,-1