collision_index,collision_year,collision_ref_no,vehicle_reference,vehicle_type,towing_and_articulation,vehicle_manoeuvre_historic,vehicle_manoeuvre,vehicle_direction_from,vehicle_direction_to,vehicle_location_restricted_lane_historic,vehicle_location_restricted_lane,junction_location,skidding_and_overturning,hit_object_in_carriageway,vehicle_leaving_carriageway,hit_object_off_carriageway,first_point_of_impact,vehicle_left_hand_drive,journey_purpose_of_driver_historic,journey_purpose_of_driver,sex_of_driver,age_of_driver,age_band_of_driver,engine_capacity_cc,propulsion_code,age_of_vehicle,generic_make_model,driver_imd_decile,lsoa_of_driver,escooter_flag,driver_distance_banding
2021522201610,2021,522201610,2,9,0,9,9,3,1,0,0,8,0,0,0,0,4,1,6,6,3,50,8,1242,1,12,FORD FIESTA,-1,-1,0,-1
2021231047213,2021,231047213,2,9,0,18,19,6,2,0,0,8,0,0,1,10,3,1,2,2,1,21,5,1596,1,8,FORD FIESTA,1,E01031090,0,-1
202131D120721,2021,31D120721,2,9,0,18,19,1,5,0,0,8,0,0,0,0,1,1,6,6,1,18,4,1596,1,4,FORD FIESTA,8,E01028172,0,-1
2021451043932,2021,451043932,1,9,0,18,19,1,5,0,0,1,0,0,0,0,1,1,2,2,1,19,4,1242,1,15,FORD FIESTA,5,E01030786,0,-1
2021461061007,2021,461061007,2,9,0,18,19,7,3,0,0,1,1,0,0,0,1,1,1,1,1,39,7,1388,1,12,FORD FIESTA,1,E01024295,0,-1
2021361114637,2021,361114637,1,9,0,18,19,2,6,0,0,0,0,0,0,0,1,1,2,2,1,19,4,1560,2,13,FORD FIESTA,5,E01026744,0,-1
2021461092891,2021,461092891,1,9,0,18,19,5,1,0,0,1,0,0,0,0,3,1,6,6,2,19,4,1242,1,5,FORD FIESTA,4,E01024090,0,-1
2021201021572,2021,201021572,1,9,0,7,7,5,8,0,0,6,0,0,0,0,1,1,1,1,1,20,4,1242,1,10,FORD FIESTA,4,E01009250,0,-1
2021622100079,2021,622100079,3,9,0,18,19,8,4,0,0,8,0,0,0,0,1,1,2,2,1,23,5,1388,1,11,FORD FIESTA,8,W01001012,0,-1
2021201078615,2021,201078615,1,9,0,18,19,5,1,0,0,6,0,0,0,0,1,1,6,6,1,26,6,998,1,5,FORD FIESTA,1,E01010236,0,-1
2021451025946,2021,451025946,1,9,0,18,19,1,5,0,0,2,0,7,0,0,1,1,5,6,1,49,8,-1,-1,-1,FORD FIESTA,10,E01030590,0,-1
202131C172221,2021,31C172221,1,9,0,9,9,2,8,0,0,5,0,0,7,0,3,1,6,6,2,20,4,1242,1,10,FORD FIESTA,10,E01025928,0,-1
2021361028492,2021,361028492,1,9,0,18,19,1,5,0,0,8,0,0,0,0,0,1,1,1,3,42,7,1399,2,9,FORD FIESTA,9,E01026503,0,-1
2021430107528,2021,430107528,2,9,0,18,19,4,8,0,0,8,0,0,0,0,1,1,1,1,1,21,5,998,1,3,FORD FIESTA,9,E01030760,0,-1
2021010343686,2021,010343686,1,9,0,99,99,9,9,99,99,9,9,99,9,99,2,9,6,6,1,25,5,998,1,9,FORD FIESTA,1,E01001558,0,-1
2021111038329,2021,111038329,2,9,0,18,19,8,4,0,0,1,0,0,0,0,1,1,5,6,2,55,8,1242,1,6,FORD FIESTA,7,E01020637,0,-1
2021421069808,2021,421069808,1,9,-1,7,7,5,3,0,0,0,0,0,0,0,1,1,6,6,2,63,9,1242,1,6,FORD FIESTA,10,E01021739,0,-1
2021010303541,2021,010303541,3,9,9,99,99,9,9,99,99,0,9,99,9,99,9,9,6,6,1,21,5,1242,1,4,FORD FIESTA,4,E01002369,0,-1
2021520104910,2021,520104910,1,9,0,9,9,8,6,0,0,6,0,0,0,0,3,1,6,6,1,17,4,1084,1,3,FORD FIESTA,7,E01029278,0,-1
2021010316197,2021,010316197,1,9,0,99,99,9,9,99,99,9,9,99,9,99,9,9,6,6,1,26,6,1242,1,12,FORD FIESTA,4,E01001185,0,-1
2021141059262,2021,141059262,1,9,0,18,19,1,5,0,0,1,0,0,0,0,1,1,6,6,2,69,10,1399,2,15,FORD FIESTA,5,E01007609,0,-1
2021101021381,2021,101021381,1,9,0,18,19,5,1,0,0,0,1,10,1,11,3,1,5,6,1,21,5,998,1,5,FORD FIESTA,1,E01008603,0,-1
2021531059455,2021,531059455,1,9,0,18,19,5,1,0,0,1,0,0,0,0,3,1,5,6,1,18,4,1399,2,10,FORD FIESTA,1,E01022291,0,-1
2021010307110,2021,010307110,2,9,0,8,8,5,6,0,0,1,0,10,0,0,1,1,2,2,1,49,8,1242,1,11,FORD FIESTA,6,E01003226,0,-1
2021041054481,2021,041054481,1,9,0,9,9,3,1,0,0,0,0,0,0,0,3,1,5,6,2,28,6,998,1,2,FORD FIESTA,3,E01024959,0,-1
2021010339979,2021,010339979,1,9,0,10,10,5,3,0,0,5,0,0,0,0,2,1,2,2,2,21,5,1242,1,8,FORD FIESTA,7,E01000723,0,-1
2021622100833,2021,622100833,2,9,0,18,19,8,4,0,0,0,0,0,0,0,1,1,6,6,1,38,7,1242,1,12,FORD FIESTA,4,W01000901,0,-1
2021461141872,2021,461141872,1,9,0,18,19,1,5,0,0,0,0,0,0,0,1,1,6,6,2,28,6,1388,1,12,FORD FIESTA,4,E01024487,0,-1
2021371145072,2021,371145072,4,9,0,3,3,6,2,0,0,0,0,0,0,0,2,1,5,6,1,69,10,1388,1,11,FORD FIESTA,2,E01021488,0,-1
2021231028265,2021,231028265,2,9,0,18,19,4,8,0,0,8,0,0,0,0,1,1,3,7,2,30,6,998,1,3,FORD FIESTA,8,E01031337,0,-1
2021131099162,2021,131099162,2,9,0,2,2,5,1,0,0,0,0,0,0,0,2,1,3,7,2,31,6,1242,1,9,FORD FIESTA,7,E01010587,0,-1
2021471034306,2021,471034306,1,9,0,18,19,4,8,0,0,0,0,0,0,0,1,1,5,6,2,19,4,1242,1,12,FORD FIESTA,5,E01021089,0,-1
2021471081771,2021,471081771,1,9,0,18,19,5,1,0,0,0,0,4,0,0,1,1,5,6,1,18,4,1596,1,15,FORD FIESTA,4,E01020914,0,-1
2021430326991,2021,430326991,1,9,0,18,19,2,6,0,0,2,0,0,0,0,1,1,6,6,1,62,9,1560,2,15,FORD FIESTA,3,E01028448,0,-1
2021052100784,2021,052100784,1,9,0,3,3,7,3,0,0,0,0,0,0,0,1,1,2,2,1,24,5,1560,2,11,FORD FIESTA,7,E01006883,0,-1
2021461077437,2021,461077437,2,9,0,18,19,7,3,0,0,0,1,0,0,0,1,1,6,6,1,64,9,1242,1,10,FORD FIESTA,6,E01024674,0,-1
2021131116074,2021,131116074,2,9,0,2,2,0,0,0,0,8,0,0,0,0,2,1,6,6,3,-1,-1,-1,-1,-1,FORD FIESTA,-1,-1,0,-1
202131D171121,2021,31D171121,1,9,0,16,19,6,2,0,0,0,0,0,7,10,1,1,6,6,2,21,5,998,1,3,FORD FIESTA,-1,-1,0,-1
2021201049704,2021,201049704,2,9,0,3,3,6,2,0,0,1,0,0,0,0,1,1,6,6,2,33,6,1388,1,16,FORD FIESTA,2,E01009840,0,-1
2021451079480,2021,451079480,1,9,0,18,19,3,7,0,0,2,0,0,0,0,1,1,5,6,2,26,6,1560,2,11,FORD FIESTA,6,E01030587,0,-1
2021201023376,2021,201023376,1,9,0,9,9,1,7,0,0,2,0,0,0,0,1,1,6,6,2,23,5,1242,1,7,FORD FIESTA,2,E01010344,0,-1
2021371125656,2021,371125656,1,9,0,18,19,1,5,0,0,0,0,0,0,0,1,1,5,6,1,18,4,1242,1,12,FORD FIESTA,4,E01033123,0,-1
2021520105654,2021,520105654,1,9,0,18,19,5,8,0,0,0,0,0,0,0,1,1,6,6,3,-1,-1,1399,2,14,FORD FIESTA,-1,-1,0,-1
2021421118164,2021,421118164,2,9,0,17,19,5,1,0,0,0,0,0,0,0,1,1,6,6,2,22,5,998,1,5,FORD FIESTA,6,E01021663,0,-1
2021221029236,2021,221029236,1,9,0,18,19,2,6,0,0,0,0,0,0,0,1,1,3,7,1,38,7,1242,1,10,FORD FIESTA,2,E01032262,0,-1
2021461127070,2021,461127070,2,9,0,18,19,2,6,0,0,8,0,0,0,0,3,1,2,2,2,27,6,1596,1,16,FORD FIESTA,1,E01016019,0,-1
2021501116683,2021,501116683,1,9,0,16,19,7,3,0,0,1,0,0,0,0,1,1,6,6,1,76,11,1753,2,23,FORD FIESTA,4,E01020288,0,-1
2021991096613,2021,991096613,1,9,0,12,12,2,7,0,0,0,1,0,6,0,3,1,2,2,1,20,4,998,1,4,FORD FIESTA,1,-1,0,-1
2021552101296,2021,552101296,1,9,0,7,7,7,1,0,0,6,0,0,0,0,1,1,6,6,2,58,9,998,1,6,FORD FIESTA,-1,-1,0,-1
2021070507538,2021,070507538,3,9,0,18,19,3,7,0,0,1,0,0,0,0,0,1,6,6,2,32,6,998,1,6,FORD FIESTA,8,E01006857,0,-1
202131A083821,2021,31A083821,1,9,0,18,19,1,5,0,0,0,0,0,0,0,1,1,6,6,2,58,9,1242,1,7,FORD FIESTA,2,E01028233,0,-1
2021351118564,2021,351118564,2,9,0,9,9,8,6,0,0,0,0,0,0,0,2,1,6,6,2,46,8,1999,1,16,FORD FIESTA,2,E01018063,0,-1
2021430368877,2021,430368877,2,9,0,18,19,6,2,0,0,8,0,0,0,0,1,1,6,6,1,21,5,1242,1,15,FORD FIESTA,10,E01028764,0,-1
2021201046331,2021,201046331,1,9,0,16,19,4,7,0,0,1,0,0,0,0,3,1,6,6,1,20,4,1388,1,9,FORD FIESTA,5,E01009267,0,-1
2021610044621,2021,610044621,2,9,0,5,5,3,2,0,0,1,0,0,0,0,3,1,6,6,1,60,9,1242,1,7,FORD FIESTA,1,W01001652,0,-1
2021041049602,2021,041049602,1,9,0,18,19,5,1,0,0,0,0,0,0,0,1,1,6,6,3,-1,-1,1084,1,3,FORD FIESTA,-1,-1,0,-1
2021010318251,2021,010318251,2,9,0,18,19,5,1,0,0,8,0,0,0,0,1,1,6,6,1,28,6,1388,1,12,FORD FIESTA,1,E01003087,0,-1
2021010305844,2021,010305844,2,9,0,4,4,7,3,0,0,8,0,0,0,0,0,1,6,6,2,59,9,1596,1,8,FORD FIESTA,5,E01000251,0,-1
2021201095913,2021,201095913,1,9,0,17,19,4,1,0,0,1,0,10,1,10,4,1,6,6,3,-1,-1,998,1,5,FORD FIESTA,-1,-1,0,-1
2021461086750,2021,461086750,2,9,0,18,19,7,3,0,0,0,0,0,7,0,3,1,5,6,2,57,9,1388,1,15,FORD FIESTA,5,E01024191,0,-1
2021461113958,2021,461113958,1,9,0,5,5,3,7,0,0,0,0,0,0,0,1,1,5,6,1,45,7,998,1,5,FORD FIESTA,6,E01024455,0,-1
2021131041168,2021,131041168,1,9,0,2,2,5,1,0,0,0,0,0,0,0,2,1,6,6,1,21,5,998,1,6,FORD FIESTA,10,E01011196,0,-1
2021451092435,2021,451092435,1,9,0,18,19,5,1,0,0,0,0,11,0,0,1,1,1,1,1,56,9,1499,2,3,FORD FIESTA,9,E01023134,0,-1
2021052101885,2021,052101885,2,9,0,3,3,7,3,0,0,0,0,0,0,0,2,1,2,2,2,30,6,998,1,3,FORD FIESTA,1,E01006658,0,-1
2021361111420,2021,361111420,2,9,0,18,19,3,7,0,0,8,0,0,0,0,4,1,2,2,1,49,8,-1,-1,-1,FORD FIESTA,7,E01026924,0,-1
2021549880021,2021,549880021,1,9,0,18,19,1,4,0,0,3,0,0,0,0,3,1,6,6,1,23,5,1242,1,11,FORD FIESTA,5,E01031908,0,-1
2021461061521,2021,461061521,1,9,0,18,19,3,7,0,0,0,0,0,0,0,0,1,6,6,1,32,6,1388,1,17,FORD FIESTA,2,E01024214,0,-1
2021411118692,2021,411118692,1,9,0,18,19,2,6,0,0,0,0,0,0,0,1,1,6,6,2,23,5,1242,1,17,FORD FIESTA,4,E01022479,0,-1
2021101087748,2021,101087748,1,9,0,18,19,5,1,0,0,0,0,4,0,0,1,1,5,6,1,19,4,998,1,3,FORD FIESTA,8,E01020622,0,-1
2021471059929,2021,471059929,1,9,0,17,19,6,2,0,0,1,0,0,0,0,4,1,5,6,2,26,6,1388,1,13,FORD FIESTA,5,E01031583,0,-1
2021010324687,2021,010324687,2,9,0,99,99,9,9,99,99,0,9,99,9,99,1,9,6,6,3,-1,-1,1388,1,13,FORD FIESTA,-1,-1,0,-1
202134WNC1911,2021,34WNC1911,1,9,0,18,19,6,2,0,0,1,0,0,0,0,1,1,6,6,2,48,8,1388,1,13,FORD FIESTA,9,E01027148,0,-1
2021461054447,2021,461054447,1,9,0,9,9,4,2,0,0,6,0,0,0,0,1,1,6,6,1,18,4,1560,2,9,FORD FIESTA,2,E01024616,0,-1
2021070651068,2021,070651068,1,9,0,5,5,3,4,0,0,4,0,0,0,0,1,1,6,6,2,54,8,1596,1,14,FORD FIESTA,-1,-1,0,-1
2021010331834,2021,010331834,6,9,0,18,19,5,1,0,0,8,0,0,1,0,2,1,2,2,1,39,7,1596,1,6,FORD FIESTA,2,E01024135,0,-1
2021010328003,2021,010328003,1,9,0,9,9,7,6,0,0,0,0,0,0,0,3,1,2,2,1,21,5,998,1,3,FORD FIESTA,8,E01021170,0,-1
2021546303121,2021,546303121,1,9,0,18,19,1,4,0,0,4,0,0,0,0,1,1,6,6,2,68,10,1388,1,16,FORD FIESTA,2,E01032093,0,-1
2021211181105,2021,211181105,1,9,0,9,9,1,7,0,0,8,0,0,0,0,-1,1,5,6,2,32,6,998,1,8,FORD FIESTA,1,E01014222,0,-1
2021041129568,2021,041129568,1,9,0,7,7,1,5,0,0,6,1,0,1,0,1,1,5,6,2,22,5,998,1,7,FORD FIESTA,10,E01025328,0,-1
2021522105354,2021,522105354,2,9,0,18,19,1,5,0,0,1,0,0,0,0,1,1,6,6,1,25,5,1242,1,10,FORD FIESTA,4,E01014523,0,-1
2021201119789,2021,201119789,1,9,0,9,9,6,4,0,0,6,0,0,0,0,1,1,2,2,1,36,7,1596,1,8,FORD FIESTA,2,E01010265,0,-1
2021201077840,2021,201077840,1,9,0,7,7,1,3,0,0,1,0,4,0,0,1,1,2,2,2,27,6,1242,1,11,FORD FIESTA,1,E01008913,0,-1
2021461061124,2021,461061124,2,9,0,7,7,3,1,0,0,1,0,0,0,0,1,1,2,2,1,26,6,1596,1,6,FORD FIESTA,2,E01016161,0,-1
2021010293927,2021,010293927,1,9,0,4,4,2,6,0,0,7,0,0,0,0,1,1,6,6,1,27,6,998,1,2,FORD FIESTA,-1,-1,0,-1
2021201146383,2021,201146383,1,9,0,9,9,4,2,0,0,6,0,0,0,0,1,1,1,1,1,51,8,998,1,2,FORD FIESTA,2,E01010411,0,-1
2021201027763,2021,201027763,2,9,0,18,19,4,8,0,0,8,0,0,0,0,1,1,2,2,2,23,5,1242,1,9,FORD FIESTA,1,E01009025,0,-1
2021440471104,2021,440471104,3,9,0,18,19,7,3,0,0,0,0,0,0,0,1,1,6,6,1,54,8,1242,1,13,FORD FIESTA,6,E01031844,0,-1
2021101034114,2021,101034114,2,9,0,18,19,5,1,0,0,1,0,-1,0,0,3,1,5,6,2,26,6,1388,1,14,FORD FIESTA,-1,-1,0,-1
2021471030995,2021,471030995,2,9,0,18,19,3,7,0,0,0,0,0,0,0,3,1,5,6,2,32,6,1242,1,14,FORD FIESTA,1,E01016863,0,-1
2021461129511,2021,461129511,2,9,0,4,4,1,5,0,0,1,0,0,0,0,2,1,6,6,1,20,4,1242,1,14,FORD FIESTA,9,E01024484,0,-1
2021440256131,2021,440256131,2,9,0,9,9,2,8,0,0,8,0,0,0,0,3,1,6,6,1,32,6,1242,1,15,FORD FIESTA,5,E01017358,0,-1
2021421093380,2021,421093380,2,9,0,18,19,1,5,0,0,0,1,0,0,0,1,1,5,6,1,26,6,1399,2,19,FORD FIESTA,7,E01021378,0,-1
2021141068209,2021,141068209,2,9,0,2,2,0,0,0,0,2,0,0,0,0,1,1,6,6,3,-1,-1,999,1,0,FORD FIESTA,-1,-1,0,-1
2021061042826,2021,061042826,1,9,0,18,19,1,5,0,0,0,0,0,0,0,3,1,6,6,1,20,4,998,1,3,FORD FIESTA,8,E01004769,0,-1
2021552100294,2021,552100294,1,9,0,9,9,2,8,0,0,5,0,0,0,0,1,1,6,6,1,21,5,1388,1,16,FORD FIESTA,4,E01015382,0,-1
2021101076928,2021,101076928,1,9,0,18,19,6,2,0,0,1,0,0,0,0,1,1,6,6,1,-1,-1,1242,1,13,FORD FIESTA,-1,-1,0,-1
2021531058641,2021,531058641,1,9,0,18,19,8,5,0,0,0,0,11,5,6,1,1,2,2,2,22,5,1399,2,13,FORD FIESTA,7,E01022252,0,-1
2021501033927,2021,501033927,1,9,0,18,19,1,5,0,0,0,0,0,0,0,1,1,6,6,2,49,8,998,1,4,FORD FIESTA,7,E01015122,0,-1
2021131052776,2021,131052776,1,9,0,5,5,3,7,0,0,8,0,0,0,0,1,1,6,6,1,29,6,1242,1,15,FORD FIESTA,5,E01017900,0,-1
2021201147296,2021,201147296,2,9,0,18,19,2,6,0,0,8,0,0,0,0,1,1,6,6,1,24,5,1242,1,6,FORD FIESTA,2,E01010091,0,-1
2021421076406,2021,421076406,2,9,0,18,19,2,5,0,0,0,0,0,7,0,1,1,5,6,2,34,6,1388,1,13,FORD FIESTA,9,E01021390,0,-1
2021131042210,2021,131042210,1,9,0,9,9,5,3,0,0,1,1,0,7,11,4,1,3,7,2,27,6,1496,1,3,FORD FIESTA,7,E01011183,0,-1
2021546303121,2021,546303121,2,9,0,9,9,6,4,0,0,4,0,0,0,0,1,1,6,6,2,19,4,998,1,3,FORD FIESTA,5,E01032048,0,-1
2021991035671,2021,991035671,1,9,0,9,9,1,7,0,0,2,1,0,0,0,1,1,6,6,1,49,8,1399,2,12,FORD FIESTA,-1,-1,0,-1
2021010299121,2021,010299121,1,9,0,18,19,8,4,0,0,4,0,0,0,0,1,1,6,6,2,36,7,1596,1,10,FORD FIESTA,7,E01003643,0,-1
2021010305220,2021,010305220,2,9,0,3,3,5,1,0,0,1,0,0,0,0,2,1,6,6,1,20,4,998,1,2,FORD FIESTA,2,E01000992,0,-1
202134NNC5251,2021,34NNC5251,1,9,0,18,19,5,1,0,0,0,1,0,0,0,1,1,2,2,1,39,7,998,1,8,FORD FIESTA,3,E01027104,0,-1
2021161067963,2021,161067963,1,9,0,18,19,5,1,0,0,0,0,0,0,0,4,1,6,6,1,82,11,1242,1,8,FORD FIESTA,6,E01013301,0,-1
2021061039040,2021,061039040,2,9,0,9,9,3,7,0,0,8,0,0,0,0,3,1,5,6,2,61,9,1388,1,13,FORD FIESTA,1,E01019729,0,-1
2021320354329,2021,320354329,2,9,0,18,19,6,2,0,0,0,0,0,0,0,2,1,6,6,2,61,9,1560,2,9,FORD FIESTA,4,E01026090,0,-1
2021061086556,2021,061086556,1,9,0,18,19,2,6,0,0,8,0,0,0,0,1,1,5,6,1,22,5,1596,1,16,FORD FIESTA,5,E01005745,0,-1
2021430491724,2021,430491724,1,9,0,18,19,5,1,0,0,0,0,0,0,0,1,1,6,6,2,25,5,1499,2,7,FORD FIESTA,8,E01028507,0,-1
2021471034651,2021,471034651,1,9,0,4,4,8,6,0,0,1,1,0,0,0,1,1,2,2,1,23,5,1242,1,20,FORD FIESTA,10,E01031749,0,-1
2021010311588,2021,010311588,1,9,0,18,19,8,4,0,0,1,0,0,0,0,1,1,6,6,1,25,5,998,1,4,FORD FIESTA,4,E01002307,0,-1
2021061029135,2021,061029135,2,9,0,18,19,7,3,0,0,1,0,0,0,0,1,1,6,6,2,30,6,1499,2,5,FORD FIESTA,6,E01015653,0,-1
2021010293987,2021,010293987,1,9,0,9,9,5,3,0,0,8,0,0,0,0,2,1,6,6,1,23,5,1242,1,7,FORD FIESTA,2,E01000096,0,-1
2021141055157,2021,141055157,1,9,0,9,9,2,6,0,0,5,0,0,0,0,1,1,2,2,2,47,8,1084,1,3,FORD FIESTA,1,E01007341,0,-1
2021531096821,2021,531096821,1,9,0,18,19,5,1,0,0,0,0,0,0,0,3,1,5,6,1,17,4,1242,1,12,FORD FIESTA,6,E01022211,0,-1
202131C114221,2021,31C114221,1,9,0,18,19,5,1,0,0,4,0,0,0,0,1,1,1,1,2,26,6,1242,1,12,FORD FIESTA,1,E01013960,0,-1
2021421042657,2021,421042657,2,9,0,18,19,7,3,0,0,0,0,0,0,0,1,1,6,6,2,23,5,1499,2,5,FORD FIESTA,9,E01021564,0,-1
2021440508848,2021,440508848,4,9,0,18,19,3,7,0,0,0,0,0,0,0,2,1,2,2,1,42,7,-1,-1,-1,FORD FIESTA,9,E01031880,0,-1
2021061027031,2021,061027031,1,9,0,18,19,2,7,0,0,4,0,0,0,0,3,1,6,6,1,29,6,1388,1,13,FORD FIESTA,4,E01004819,0,-1
2021010309335,2021,010309335,1,9,0,10,10,7,5,0,0,1,0,0,0,0,1,2,6,6,2,38,7,1242,1,12,FORD FIESTA,2,E01001620,0,-1
2021351056085,2021,351056085,2,9,0,18,19,2,7,0,0,1,0,0,0,0,1,1,5,6,1,69,10,1388,1,11,FORD FIESTA,2,E01015654,0,-1
2021451067674,2021,451067674,3,9,0,18,19,7,3,0,0,0,0,0,0,0,4,1,5,6,2,64,9,1388,1,9,FORD FIESTA,9,E01024834,0,-1
2021461148545,2021,461148545,1,9,0,6,6,3,1,0,0,7,0,0,0,0,3,1,6,6,1,18,4,998,1,8,FORD FIESTA,7,E01024573,0,-1
2021361046267,2021,361046267,1,9,0,18,19,2,6,0,0,0,0,0,0,0,4,1,5,6,2,23,5,998,1,6,FORD FIESTA,5,E01026585,0,-1
2021041102737,2021,041102737,2,9,0,10,10,1,5,0,0,6,0,0,0,0,2,1,4,7,2,18,4,1560,2,9,FORD FIESTA,-1,-1,0,-1
2021010335450,2021,010335450,1,9,0,7,7,3,5,0,0,2,0,0,0,0,1,1,6,6,1,71,10,1399,2,14,FORD FIESTA,7,E01000237,0,-1
2021061043585,2021,061043585,2,9,0,2,2,0,0,6,6,0,0,0,0,0,1,1,6,6,1,46,8,1242,1,8,FORD FIESTA,9,E01005357,0,-1
2021991095273,2021,991095273,2,9,0,4,4,3,7,0,0,1,0,0,0,0,2,1,6,6,2,56,9,1242,1,7,FORD FIESTA,1,-1,0,-1
2021421107705,2021,421107705,2,9,0,18,19,1,1,2,2,1,0,0,0,0,1,1,2,2,2,22,5,998,1,3,FORD FIESTA,-1,-1,0,-1
2021546922721,2021,546922721,1,9,0,18,19,7,3,0,0,1,0,0,0,0,1,1,2,2,2,29,6,1242,1,9,FORD FIESTA,7,E01032067,0,-1
2021070073020,2021,070073020,1,9,0,7,7,8,2,0,0,8,0,0,0,0,1,1,6,6,2,-1,-1,1242,1,6,FORD FIESTA,6,E01012554,0,-1
2021041139894,2021,041139894,1,9,0,18,19,5,1,0,0,0,0,0,0,0,1,1,3,7,2,31,6,1499,2,6,FORD FIESTA,4,E01024919,0,-1
2021122100886,2021,122100886,1,9,0,18,19,2,6,0,0,0,5,0,7,0,3,1,2,2,1,18,4,1560,2,12,FORD FIESTA,8,E01027588,0,-1
2021991018073,2021,991018073,1,9,0,7,7,6,1,0,0,0,0,0,0,0,3,1,5,6,2,18,4,1242,1,11,FORD FIESTA,2,E01009906,0,-1
2021991052780,2021,991052780,1,9,0,16,19,7,3,0,0,0,5,0,0,0,4,1,5,6,1,86,11,1299,1,19,FORD FIESTA,3,-1,0,-1
2021421082349,2021,421082349,2,9,0,5,5,5,1,0,0,1,0,0,0,0,1,1,6,6,2,19,4,1388,1,16,FORD FIESTA,7,E01021606,0,-1
2021552100006,2021,552100006,2,9,0,2,2,0,0,0,0,0,0,0,0,0,2,1,6,6,1,17,4,1242,1,14,FORD FIESTA,5,E01015421,0,-1
2021111062223,2021,111062223,1,9,0,18,19,1,5,0,0,0,0,0,0,0,1,1,1,1,1,34,6,999,1,1,FORD FIESTA,4,E01018343,0,-1
2021131102001,2021,131102001,1,9,0,7,7,3,7,0,0,0,0,0,0,0,4,1,5,6,2,40,7,998,1,2,FORD FIESTA,7,E01011755,0,-1
2021451058625,2021,451058625,2,9,0,2,2,1,1,0,0,0,0,10,1,11,2,1,5,6,1,36,7,1242,1,10,FORD FIESTA,9,E01030574,0,-1
2021461035206,2021,461035206,3,9,0,4,4,8,4,0,0,0,0,0,0,0,4,1,6,6,2,47,8,998,1,8,FORD FIESTA,7,E01024003,0,-1
2021221048611,2021,221048611,2,9,0,18,19,1,5,0,0,8,0,0,0,0,3,1,2,2,1,46,8,1388,1,16,FORD FIESTA,6,E01032327,0,-1
2021302100752,2021,302100752,2,9,0,4,4,4,8,0,0,0,0,0,0,0,2,1,6,6,2,51,8,1560,2,10,FORD FIESTA,6,E01007526,0,-1
2021101050788,2021,101050788,2,9,0,3,3,5,1,0,0,1,0,4,0,0,2,1,6,6,2,26,6,1388,1,12,FORD FIESTA,8,E01008864,0,-1
2021991011269,2021,991011269,3,9,0,18,19,3,7,0,0,0,0,0,0,0,1,1,6,6,1,23,5,1596,1,7,FORD FIESTA,2,-1,0,-1
2021041076418,2021,041076418,2,9,0,18,19,5,1,0,0,1,0,0,0,0,4,1,5,6,2,40,7,998,1,4,FORD FIESTA,7,E01025557,0,-1
2021991033438,2021,991033438,2,9,0,3,3,2,6,0,0,0,0,0,0,0,1,1,5,6,2,55,8,999,1,1,FORD FIESTA,4,-1,0,-1
2021430083532,2021,430083532,2,9,0,3,3,5,1,0,0,2,0,0,0,0,2,1,6,6,1,33,6,998,1,3,FORD FIESTA,7,E01016802,0,-1
2021010288823,2021,010288823,2,9,0,99,99,9,9,99,99,9,9,99,9,99,2,9,6,6,3,-1,-1,1242,1,15,FORD FIESTA,-1,-1,0,-1
2021501044267,2021,501044267,1,9,0,18,19,4,8,0,0,8,0,0,0,0,1,1,6,6,1,20,4,1399,2,15,FORD FIESTA,4,E01018980,0,-1
2021471016056,2021,471016056,2,9,0,9,9,2,8,0,0,6,0,0,0,0,1,1,1,1,1,47,8,999,1,1,FORD FIESTA,1,E01016865,0,-1
2021622100348,2021,622100348,2,9,0,2,2,0,0,0,0,2,0,0,0,0,1,1,6,6,3,-1,-1,1242,1,7,FORD FIESTA,-1,-1,0,-1
2021061104021,2021,061104021,1,9,0,18,19,6,5,0,0,4,0,0,0,0,1,1,6,6,2,40,7,998,1,7,FORD FIESTA,6,E01006371,0,-1
2021221106144,2021,221106144,1,9,0,16,19,1,4,0,0,4,1,10,7,10,1,1,5,6,1,19,4,1242,1,8,FORD FIESTA,9,E01028839,0,-1
2021991047586,2021,991047586,2,9,0,3,3,8,4,0,0,8,1,0,4,9,4,1,6,6,1,27,6,998,1,5,FORD FIESTA,3,-1,0,-1
2021161128884,2021,161128884,1,9,0,18,19,3,7,0,0,1,0,0,0,0,1,1,6,6,1,-1,-1,998,1,8,FORD FIESTA,-1,-1,0,-1
2021111028062,2021,111028062,1,9,0,18,19,7,7,0,0,8,0,0,0,0,1,1,5,6,1,23,5,998,1,4,FORD FIESTA,7,E01020853,0,-1
2021440430430,2021,440430430,1,9,0,18,19,2,6,0,0,0,0,0,0,11,4,1,6,6,1,21,5,-1,-1,-1,FORD FIESTA,10,E01032870,0,-1
2021201111878,2021,201111878,2,9,0,18,19,-1,-1,0,0,1,0,0,0,0,1,1,6,6,1,31,6,1388,1,17,FORD FIESTA,2,E01009885,0,-1