collision_index,collision_year,collision_ref_no,vehicle_reference,vehicle_type,towing_and_articulation,vehicle_manoeuvre_historic,vehicle_manoeuvre,vehicle_direction_from,vehicle_direction_to,vehicle_location_restricted_lane_historic,vehicle_location_restricted_lane,junction_location,skidding_and_overturning,hit_object_in_carriageway,vehicle_leaving_carriageway,hit_object_off_carriageway,first_point_of_impact,vehicle_left_hand_drive,journey_purpose_of_driver_historic,journey_purpose_of_driver,sex_of_driver,age_of_driver,age_band_of_driver,engine_capacity_cc,propulsion_code,age_of_vehicle,generic_make_model,driver_imd_decile,lsoa_of_driver,escooter_flag,driver_distance_banding
2021201141362,2021,201141362,1,9,0,3,3,1,5,0,0,1,0,0,0,0,2,1,6,6,2,37,7,1242,1,14,FORD FIESTA,6,E01031159,0,-1
202134NNC7201,2021,34NNC7201,2,9,0,18,19,1,5,0,0,8,0,0,0,0,1,1,6,6,1,23,5,1242,1,7,FORD FIESTA,9,E01016257,0,-1
2021201104615,2021,201104615,1,9,0,18,19,8,6,0,0,0,0,0,0,0,1,1,6,6,1,-1,-1,1388,1,10,FORD FIESTA,-1,-1,0,-1
2021231023949,2021,231023949,1,9,0,18,19,4,8,0,0,4,0,10,3,4,1,1,5,6,2,44,7,998,1,2,FORD FIESTA,6,E01029481,0,-1
2021052102215,2021,052102215,1,9,0,18,19,2,6,0,0,8,0,0,0,0,4,1,6,6,2,18,4,1242,1,7,FORD FIESTA,3,E01007216,0,-1
2021461035769,2021,461035769,2,9,0,5,5,7,3,0,0,6,0,0,0,0,3,1,6,6,1,20,4,1596,1,14,FORD FIESTA,8,E01032819,0,-1
2021622100741,2021,622100741,1,9,0,9,9,1,7,0,0,6,0,0,0,0,3,1,6,6,1,17,4,998,1,8,FORD FIESTA,10,W01001918,0,-1
2021361089639,2021,361089639,2,19,0,4,4,1,5,0,0,8,0,0,0,0,3,1,1,1,1,25,5,1499,2,4,FORD FIESTA,6,E01026424,0,-1
2021010311019,2021,010311019,1,9,0,9,9,8,5,0,0,2,0,4,0,0,1,1,2,2,2,34,6,1242,1,14,FORD FIESTA,8,E01002159,0,-1
2021201092475,2021,201092475,1,9,0,16,19,5,1,0,0,0,0,0,0,0,1,1,2,2,1,22,5,1596,1,6,FORD FIESTA,3,E01032587,0,-1
2021061121424,2021,061121424,1,9,0,18,19,3,7,0,0,0,0,0,0,0,2,1,6,6,1,57,9,1242,1,15,FORD FIESTA,1,E01005655,0,-1
2021991103983,2021,991103983,1,9,0,18,19,6,2,0,0,0,0,0,7,0,3,1,5,6,1,18,4,1242,1,12,FORD FIESTA,6,-1,0,-1
2021471044570,2021,471044570,2,9,0,4,4,6,3,0,0,0,0,0,0,0,2,1,3,7,2,25,5,1596,1,8,FORD FIESTA,1,E01021005,0,-1
2021501018279,2021,501018279,2,9,0,2,2,3,7,0,0,0,0,0,0,0,2,1,5,6,1,80,11,998,1,2,FORD FIESTA,6,E01018824,0,-1
2021221064748,2021,221064748,2,9,0,18,19,4,8,0,0,0,1,0,0,0,1,1,5,6,1,28,6,1242,1,10,FORD FIESTA,3,E01014730,0,-1
2021430352696,2021,430352696,2,9,0,5,5,3,7,0,0,0,0,0,0,0,3,1,6,6,2,-1,-1,1242,1,16,FORD FIESTA,-1,-1,0,-1
2021010319789,2021,010319789,1,9,0,1,1,1,5,99,99,0,0,0,0,0,2,1,6,6,3,-1,-1,1388,1,14,FORD FIESTA,-1,-1,0,-1
2021101021691,2021,101021691,1,9,0,18,19,5,1,0,0,0,5,0,7,0,3,1,5,6,1,18,4,1560,2,11,FORD FIESTA,5,E01027373,0,-1
2021061104084,2021,061104084,2,9,0,18,19,4,8,0,0,1,0,0,0,0,1,1,6,6,2,35,6,998,1,6,FORD FIESTA,1,E01006108,0,-1
2021201068275,2021,201068275,3,9,0,18,19,8,8,0,0,1,0,0,0,0,0,1,1,1,2,20,4,999,1,1,FORD FIESTA,1,E01009988,0,-1
2021131053722,2021,131053722,4,9,0,17,19,6,2,0,0,0,0,0,0,0,1,1,6,6,2,58,9,998,1,2,FORD FIESTA,4,E01010669,0,-1
2021302101930,2021,302101930,3,9,0,2,2,0,0,0,0,0,0,0,0,0,2,1,6,6,2,47,8,1242,1,12,FORD FIESTA,3,E01019759,0,-1
2021070669221,2021,070669221,1,9,0,18,19,7,3,0,0,0,1,0,0,0,1,1,2,2,1,29,6,1299,1,18,FORD FIESTA,4,E01005214,0,-1
2021991089747,2021,991089747,1,9,0,18,19,1,5,0,0,0,0,0,0,0,1,1,2,2,1,22,5,1596,1,8,FORD FIESTA,3,-1,0,-1
2021141067103,2021,141067103,2,9,0,12,12,1,5,0,0,8,0,0,0,0,4,1,6,6,1,20,4,1596,1,6,FORD FIESTA,7,E01011581,0,-1
2021061138678,2021,061138678,1,9,0,8,8,3,5,0,0,0,0,0,0,0,1,1,1,1,2,68,10,1399,2,15,FORD FIESTA,5,E01005873,0,-1
2021520103383,2021,520103383,2,9,0,18,19,7,3,0,0,0,0,0,0,0,3,1,6,6,1,27,6,-1,-1,-1,FORD FIESTA,8,E01029282,0,-1
2021201056779,2021,201056779,2,9,0,2,2,0,0,0,0,0,0,0,0,0,0,1,6,6,3,-1,-1,998,1,8,FORD FIESTA,-1,-1,0,-1
2021451105017,2021,451105017,1,9,0,18,19,5,1,0,0,1,0,0,0,0,1,1,5,6,2,23,5,998,1,3,FORD FIESTA,9,E01030325,0,-1
2021421114931,2021,421114931,1,9,0,16,19,3,7,0,0,0,2,0,7,0,1,1,5,6,1,18,4,1242,1,11,FORD FIESTA,4,E01021392,0,-1
2021221108034,2021,221108034,2,9,0,17,19,7,4,0,0,0,0,0,0,0,1,1,5,6,1,18,4,1388,1,17,FORD FIESTA,5,E01019259,0,-1
2021501061957,2021,501061957,2,9,0,18,19,7,3,0,0,1,0,0,0,0,1,1,5,6,1,21,5,1560,2,14,FORD FIESTA,7,E01018879,0,-1
2021552101282,2021,552101282,2,9,0,2,2,0,0,0,0,0,0,0,0,0,2,1,6,6,3,-1,-1,1388,1,18,FORD FIESTA,-1,-1,0,-1
2021430142554,2021,430142554,2,9,0,18,19,2,6,0,0,8,0,0,0,0,1,1,1,1,1,42,7,1242,1,16,FORD FIESTA,3,E01032851,0,-1
2021070171169,2021,070171169,1,9,0,7,7,5,7,0,0,1,0,0,0,0,3,1,6,6,1,33,6,1242,1,14,FORD FIESTA,4,E01018638,0,-1
2021201111010,2021,201111010,3,9,0,2,2,0,0,0,0,1,0,0,0,0,4,1,6,6,1,22,5,1399,2,11,FORD FIESTA,2,E01010059,0,-1
2021052101953,2021,052101953,2,9,0,4,4,5,1,0,0,1,0,0,0,0,2,1,2,2,1,38,7,1399,2,9,FORD FIESTA,1,E01006541,0,-1
2021471038020,2021,471038020,1,9,0,18,19,1,3,0,0,3,0,0,7,0,1,1,2,2,1,50,8,1242,1,5,FORD FIESTA,3,E01031555,0,-1
2021520103363,2021,520103363,1,9,0,18,19,1,5,0,0,0,0,10,0,0,1,1,6,6,1,22,5,1596,1,16,FORD FIESTA,7,E01014856,0,-1
2021231124981,2021,231124981,1,9,0,9,9,1,7,0,0,6,0,0,0,0,1,1,5,6,1,60,9,1399,2,10,FORD FIESTA,6,E01031207,0,-1
2021440416941,2021,440416941,2,9,0,7,7,3,5,0,0,5,0,0,0,0,4,1,6,6,1,-1,-1,998,1,1,FORD FIESTA,-1,-1,0,-1
2021010296990,2021,010296990,1,9,0,9,9,5,3,0,0,5,0,0,0,0,4,1,1,1,1,28,6,-1,-1,-1,FORD FIESTA,1,E01003051,0,-1
2021361146464,2021,361146464,3,9,0,18,19,8,4,0,0,8,0,0,0,0,1,1,5,6,1,24,5,1596,1,6,FORD FIESTA,10,E01026562,0,-1
2021471026948,2021,471026948,1,9,0,18,19,3,7,0,0,0,0,0,0,0,1,1,6,6,1,21,5,1596,1,6,FORD FIESTA,5,E01021011,0,-1
2021471106969,2021,471106969,2,9,0,18,19,4,8,0,0,1,0,0,0,0,4,1,5,6,2,19,4,1242,1,16,FORD FIESTA,10,E01031511,0,-1
2021302101228,2021,302101228,1,9,0,18,19,2,6,0,0,8,0,0,0,0,4,1,1,1,1,29,6,1399,2,13,FORD FIESTA,-1,-1,0,-1
2021461077575,2021,461077575,1,9,0,13,13,4,2,0,0,0,1,0,0,0,1,1,5,6,1,23,5,-1,-1,-1,FORD FIESTA,2,E01016061,0,-1
2021991091631,2021,991091631,1,9,0,5,5,7,2,0,0,2,0,0,3,11,3,1,5,6,1,53,8,998,1,8,FORD FIESTA,4,-1,0,-1
2021010315963,2021,010315963,1,9,0,18,19,5,1,0,0,0,0,4,0,0,1,1,6,6,2,28,6,1084,1,4,FORD FIESTA,7,E01033728,0,-1
202134NNC3511,2021,34NNC3511,1,9,0,18,19,4,8,0,0,0,5,0,2,4,4,1,6,6,1,19,4,1388,1,12,FORD FIESTA,-1,-1,0,-1
2021440362275,2021,440362275,2,9,0,18,19,1,5,0,0,1,0,0,0,0,1,1,6,6,1,34,6,1399,2,10,FORD FIESTA,6,E01023155,0,-1
2021041047665,2021,041047665,1,9,0,9,9,5,1,0,0,8,0,0,0,0,1,1,5,6,2,74,10,1242,1,5,FORD FIESTA,9,E01025441,0,-1
2021501016158,2021,501016158,1,9,0,3,3,1,5,0,0,4,0,0,0,0,1,1,5,6,2,30,6,1596,1,19,FORD FIESTA,2,E01018860,0,-1
2021061108243,2021,061108243,1,9,0,18,19,1,1,0,0,1,0,0,0,0,1,1,6,6,1,30,6,1596,1,7,FORD FIESTA,1,E01006411,0,-1
2021421091729,2021,421091729,1,9,0,18,19,4,8,0,0,0,2,0,7,4,4,1,6,6,1,25,5,1596,1,7,FORD FIESTA,3,E01021418,0,-1
2021351075955,2021,351075955,1,9,0,18,19,4,8,0,0,0,5,0,1,4,1,1,6,6,1,24,5,999,1,0,FORD FIESTA,6,E01015617,0,-1
2021520105900,2021,520105900,1,9,0,18,19,4,8,0,0,8,0,0,0,0,1,1,6,6,2,36,7,1242,1,12,FORD FIESTA,7,E01029018,0,-1
202131B129221,2021,31B129221,3,9,0,18,19,4,8,0,0,8,0,0,0,0,3,1,6,6,1,26,6,1388,1,9,FORD FIESTA,4,E01026192,0,-1
2021401108160,2021,401108160,1,9,-1,-1,-1,6,2,-1,-1,0,-1,-1,-1,0,-1,1,6,6,3,-1,-1,1560,2,13,FORD FIESTA,-1,-1,0,-1
2021522105306,2021,522105306,1,9,0,18,19,8,4,0,0,0,0,4,0,0,1,1,6,6,2,82,11,1596,1,5,FORD FIESTA,9,E01014993,0,-1
2021010340308,2021,010340308,1,9,0,16,19,7,3,0,0,4,0,0,7,7,1,1,6,6,3,-1,-1,1596,1,7,FORD FIESTA,-1,-1,0,-1
2021010303972,2021,010303972,2,9,0,9,9,7,5,0,0,5,0,0,0,0,3,1,2,2,2,27,6,998,1,2,FORD FIESTA,-1,-1,0,-1
2021552101024,2021,552101024,1,9,0,18,19,5,1,0,0,0,0,0,0,0,4,1,6,6,2,27,6,998,1,3,FORD FIESTA,4,E01028582,0,-1
2021451051049,2021,451051049,3,9,0,18,19,7,3,0,0,8,0,0,0,0,2,1,5,6,1,61,9,999,1,1,FORD FIESTA,10,E01016655,0,-1
2021320371593,2021,320371593,1,9,0,18,19,7,3,0,0,0,2,11,7,2,1,1,6,6,1,36,7,998,1,5,FORD FIESTA,4,E01028252,0,-1
2021010333414,2021,010333414,1,9,0,99,99,9,9,99,99,9,9,99,9,99,2,9,6,6,2,20,4,1242,1,8,FORD FIESTA,3,E01004028,0,-1
2021991116039,2021,991116039,1,9,0,1,1,7,3,0,0,0,0,0,0,0,2,1,5,6,1,17,4,1242,1,11,FORD FIESTA,6,-1,0,-1
2021052100643,2021,052100643,1,9,0,5,5,1,3,0,0,0,0,0,0,0,3,1,6,6,1,64,9,1242,1,14,FORD FIESTA,5,E01007157,0,-1
2021041082546,2021,041082546,1,9,0,18,19,3,7,0,0,1,0,0,0,0,1,1,5,6,1,63,9,1242,1,14,FORD FIESTA,4,E01025405,0,-1
2021041104245,2021,041104245,1,9,0,9,9,3,1,0,0,1,0,0,0,0,1,1,5,6,1,23,5,1560,2,14,FORD FIESTA,6,E01025546,0,-1
2021421045759,2021,421045759,1,9,0,5,5,7,3,0,0,8,1,0,0,0,1,1,6,6,1,61,9,998,1,2,FORD FIESTA,4,E01015957,0,-1
2021547490621,2021,547490621,1,9,0,18,19,4,5,0,0,4,0,0,0,0,1,1,6,6,1,85,11,1388,1,24,FORD FIESTA,2,E01015570,0,-1
2021201088455,2021,201088455,1,9,0,7,7,2,4,0,0,3,0,0,0,0,4,1,6,6,2,-1,-1,1560,2,11,FORD FIESTA,6,E01009976,0,-1
2021131072036,2021,131072036,2,9,0,18,19,2,6,0,0,1,0,0,0,0,4,1,5,6,2,25,5,998,1,3,FORD FIESTA,4,E01011875,0,-1
2021302100786,2021,302100786,2,9,0,18,19,6,2,0,0,0,0,0,0,0,1,1,6,6,3,-1,-1,1388,1,11,FORD FIESTA,-1,-1,0,-1
2021010288827,2021,010288827,1,9,0,18,19,3,7,0,0,0,0,0,0,0,1,1,6,6,1,25,5,1388,1,11,FORD FIESTA,2,E01000027,0,-1
2021010344828,2021,010344828,2,9,0,2,2,0,0,0,0,0,0,0,0,0,1,1,6,6,3,-1,-1,998,1,3,FORD FIESTA,-1,-1,0,-1
2021302100812,2021,302100812,1,9,0,13,13,2,6,0,0,0,0,0,0,0,4,1,6,6,2,18,4,998,1,2,FORD FIESTA,5,E01013519,0,-1
2021010347714,2021,010347714,1,9,0,18,19,5,1,0,0,8,0,0,0,0,4,1,6,6,1,78,11,1242,1,7,FORD FIESTA,3,E01004031,0,-1
2021211101488,2021,211101488,1,9,0,4,4,7,3,0,0,1,0,0,0,0,1,1,6,6,2,22,5,1399,2,9,FORD FIESTA,1,E01014224,0,-1
2021471121595,2021,471121595,3,9,0,18,19,5,1,0,0,0,0,0,0,0,2,1,5,6,2,49,8,998,1,8,FORD FIESTA,10,E01031710,0,-1
2021141117582,2021,141117582,1,9,0,18,19,7,2,0,0,1,0,0,0,0,1,1,6,6,3,-1,-1,1084,1,3,FORD FIESTA,-1,-1,0,-1
2021552101115,2021,552101115,1,9,0,18,19,2,4,0,0,4,0,0,0,0,1,1,2,2,2,41,7,1399,2,18,FORD FIESTA,6,E01015337,0,-1
2021302101213,2021,302101213,2,9,0,14,14,2,6,0,0,0,0,0,0,0,3,1,6,6,2,27,6,1560,2,9,FORD FIESTA,4,E01019824,0,-1
2021052102200,2021,052102200,1,9,0,18,19,1,5,0,0,0,0,0,0,0,1,1,6,6,2,21,5,1242,1,8,FORD FIESTA,4,E01007140,0,-1
2021010325742,2021,010325742,1,9,0,18,19,5,1,0,0,1,0,0,0,0,3,1,6,6,2,32,6,1388,1,12,FORD FIESTA,7,E01030859,0,-1
2021141087139,2021,141087139,1,9,0,-1,-1,-1,-1,0,0,0,-1,-1,-1,0,1,1,6,6,3,-1,-1,1242,1,9,FORD FIESTA,-1,-1,0,-1
2021061117023,2021,061117023,1,9,0,4,4,3,7,0,0,1,0,0,1,0,1,1,6,6,3,30,6,1242,1,10,FORD FIESTA,-1,-1,0,-1
2021421077515,2021,421077515,2,9,0,2,2,0,0,0,0,0,0,0,0,0,1,1,6,6,3,-1,-1,1242,1,16,FORD FIESTA,-1,-1,0,-1
2021411084308,2021,411084308,2,9,0,15,15,2,6,0,0,0,0,0,0,0,4,1,6,6,3,-1,-1,1399,2,10,FORD FIESTA,-1,-1,0,-1
2021371119616,2021,371119616,1,9,0,-1,-1,-1,-1,-1,-1,0,-1,-1,-1,0,-1,1,6,6,1,-1,-1,998,1,4,FORD FIESTA,-1,-1,0,-1
2021041024739,2021,041024739,1,9,0,18,19,1,3,0,0,0,0,0,0,0,1,1,2,2,1,23,5,998,1,2,FORD FIESTA,4,E01024919,0,-1
2021231084785,2021,231084785,1,9,0,18,19,2,6,0,0,0,5,0,0,0,4,1,5,6,1,19,4,1388,1,12,FORD FIESTA,10,E01009705,0,-1
2021031085910,2021,031085910,4,9,0,2,2,0,0,0,0,0,0,0,0,0,2,1,6,6,3,-1,-1,1399,2,9,FORD FIESTA,-1,-1,0,-1
2021421107358,2021,421107358,1,9,0,18,19,3,7,0,0,8,0,0,0,0,1,1,1,1,2,55,8,1388,1,12,FORD FIESTA,2,E01022056,0,-1
2021111131925,2021,111131925,1,9,0,18,19,5,2,0,0,4,0,0,1,0,3,1,5,6,1,83,11,1242,1,7,FORD FIESTA,10,E01020613,0,-1
2021231035599,2021,231035599,1,9,0,18,19,2,6,0,0,0,5,0,1,6,4,1,5,6,1,28,6,1388,1,12,FORD FIESTA,3,E01025852,0,-1
2021520201201,2021,520201201,1,9,0,9,9,7,5,0,0,8,0,0,0,0,3,1,6,6,1,51,8,1399,2,13,FORD FIESTA,8,E01032630,0,-1
2021070840068,2021,070840068,1,9,0,5,5,7,3,0,0,4,0,0,0,0,1,1,2,2,1,30,6,1560,2,9,FORD FIESTA,3,E01018447,0,-1
2021031120305,2021,031120305,1,9,0,17,19,1,6,0,0,0,1,0,1,4,1,1,5,6,1,55,8,-1,-1,-1,FORD FIESTA,2,E01005886,0,-1
2021041083883,2021,041083883,3,9,0,18,19,7,3,0,0,1,0,0,0,0,1,1,5,6,2,33,6,999,1,0,FORD FIESTA,1,E01012595,0,-1
2021421071730,2021,421071730,2,9,0,18,19,8,4,0,0,0,0,0,0,0,2,1,5,6,1,65,9,1242,1,8,FORD FIESTA,7,E01015969,0,-1
202131B015321,2021,31B015321,1,9,0,16,19,7,3,0,0,0,2,0,7,9,1,1,2,2,1,36,7,1388,1,18,FORD FIESTA,2,E01019498,0,-1
2021351075516,2021,351075516,1,9,0,5,5,5,1,0,0,0,0,0,0,0,1,1,6,6,2,53,8,998,1,8,FORD FIESTA,10,E01018258,0,-1
2021041065016,2021,041065016,1,9,0,7,7,8,2,0,0,8,0,0,0,0,1,1,6,6,2,30,6,1399,2,10,FORD FIESTA,3,E01025312,0,-1
2021451012956,2021,451012956,2,9,0,5,5,1,5,0,0,4,0,0,0,0,1,1,6,6,2,27,6,998,1,5,FORD FIESTA,7,E01030700,0,-1
2021461032877,2021,461032877,1,9,0,18,19,7,3,0,0,0,0,0,0,0,1,1,6,6,1,-1,-1,1399,2,16,FORD FIESTA,-1,-1,0,-1
2021141094747,2021,141094747,1,9,0,18,19,8,4,0,0,1,0,0,0,0,2,1,6,6,2,25,5,998,1,2,FORD FIESTA,7,E01007911,0,-1
2021221120240,2021,221120240,1,9,0,17,19,8,5,0,0,0,5,0,1,9,4,1,5,6,1,19,4,1388,1,11,FORD FIESTA,5,E01032430,0,-1
2021522101870,2021,522101870,1,9,0,9,9,2,8,0,0,5,0,0,0,0,4,1,6,6,2,18,4,1242,1,11,FORD FIESTA,4,E01014590,0,-1
2021031050386,2021,031050386,1,9,0,18,19,3,8,0,0,0,2,0,0,0,1,1,6,6,1,52,8,1388,1,11,FORD FIESTA,3,E01006876,0,-1
2021440306211,2021,440306211,2,9,0,17,19,5,2,0,0,1,0,0,0,0,1,1,6,6,2,54,8,1242,1,12,FORD FIESTA,8,E01023234,0,-1
2021231090462,2021,231090462,1,9,0,18,19,4,8,0,0,0,0,0,0,0,1,1,1,1,2,30,6,998,1,8,FORD FIESTA,6,E01031211,0,-1
2021451107450,2021,451107450,2,9,0,2,2,0,0,0,0,1,0,0,0,0,2,1,6,6,3,-1,-1,1242,1,7,FORD FIESTA,-1,-1,0,-1
202131D161021,2021,31D161021,1,9,0,18,19,7,3,0,0,8,1,0,0,0,1,1,6,6,1,55,8,1084,1,3,FORD FIESTA,7,E01028402,0,-1
2021302101516,2021,302101516,1,9,0,18,19,2,4,0,0,8,0,0,0,0,3,1,6,6,1,22,5,1496,1,1,FORD FIESTA,9,E01019684,0,-1
2021122100852,2021,122100852,2,9,0,3,3,5,1,0,0,0,0,0,0,0,2,1,2,2,1,24,5,999,1,0,FORD FIESTA,8,E01027877,0,-1
2021201068124,2021,201068124,1,9,0,1,1,4,8,0,0,0,0,0,0,0,2,1,6,6,3,-1,-1,1399,2,11,FORD FIESTA,-1,-1,0,-1
2021122100843,2021,122100843,1,9,0,18,19,5,1,0,0,8,0,0,0,0,3,1,6,6,2,25,5,1399,2,9,FORD FIESTA,8,E01027634,0,-1
2021061096366,2021,061096366,1,9,0,18,19,3,7,0,0,8,0,0,0,0,1,1,6,6,2,34,6,1299,1,18,FORD FIESTA,1,E01005466,0,-1
2021010339306,2021,010339306,3,9,0,2,2,0,0,0,0,2,0,0,0,0,2,1,6,6,3,-1,-1,1388,1,17,FORD FIESTA,-1,-1,0,-1
2021522105032,2021,522105032,1,9,0,18,19,2,6,0,0,1,0,0,0,0,4,1,6,6,1,19,4,1596,1,9,FORD FIESTA,10,E01014934,0,-1
2021471069158,2021,471069158,2,9,0,18,19,4,8,0,0,0,0,0,4,0,1,1,5,6,1,30,6,1596,1,6,FORD FIESTA,1,E01003047,0,-1
2021531055437,2021,531055437,1,9,0,16,19,-1,-1,0,0,0,1,0,0,0,1,1,6,6,1,50,8,1242,1,16,FORD FIESTA,6,E01022454,0,-1
2021991040689,2021,991040689,2,9,0,18,19,4,8,0,0,0,0,0,0,0,2,1,2,2,2,28,6,1499,2,6,FORD FIESTA,5,-1,0,-1
2021351073481,2021,351073481,2,9,0,18,19,6,2,0,0,1,0,0,0,0,4,1,3,7,1,65,9,998,1,6,FORD FIESTA,7,E01023334,0,-1
2021131072068,2021,131072068,1,9,0,9,9,5,1,0,0,8,0,0,0,0,1,1,5,6,1,38,7,1388,1,18,FORD FIESTA,3,E01010825,0,-1
2021411077399,2021,411077399,1,9,0,5,5,1,3,0,0,3,0,0,0,0,1,1,5,6,2,46,8,1388,1,12,FORD FIESTA,6,E01023469,0,-1
2021501018269,2021,501018269,2,9,0,18,19,5,1,0,0,0,0,0,0,0,1,1,5,6,1,19,4,1596,1,12,FORD FIESTA,5,E01018768,0,-1
2021010292415,2021,010292415,1,9,0,18,19,5,1,0,0,0,2,0,1,2,4,1,6,6,1,27,6,1242,1,11,FORD FIESTA,2,E01002729,0,-1
2021141089317,2021,141089317,1,9,0,18,19,4,8,0,0,0,0,0,0,0,3,1,6,6,3,-1,-1,999,1,0,FORD FIESTA,-1,-1,0,-1
2021138291528,2021,138291528,1,9,0,18,19,6,2,0,0,1,1,0,0,0,3,1,6,6,2,18,4,1242,1,8,FORD FIESTA,5,E01011287,0,-1
2021421088181,2021,421088181,3,9,0,10,10,2,6,0,0,0,0,0,0,0,2,1,6,6,2,32,6,998,1,8,FORD FIESTA,8,E01021340,0,-1
2021461034487,2021,461034487,2,9,0,9,9,6,2,0,0,0,0,0,0,0,3,1,5,6,1,17,4,1388,1,10,FORD FIESTA,8,E01024077,0,-1
2021122101521,2021,122101521,1,9,0,3,3,1,5,0,0,0,0,0,0,0,0,1,6,6,1,29,6,1388,1,11,FORD FIESTA,7,E01027816,0,-1
202134WNC6351,2021,34WNC6351,1,9,0,15,15,2,6,0,0,0,0,0,0,0,1,1,6,6,1,74,10,998,1,3,FORD FIESTA,6,E01032968,0,-1
2021471094122,2021,471094122,1,9,0,18,19,2,6,0,0,0,0,0,1,4,1,1,5,6,2,23,5,998,1,4,FORD FIESTA,8,E01016126,0,-1
2021421119848,2021,421119848,1,9,0,18,19,7,3,0,0,0,0,0,0,0,1,1,5,6,1,32,6,1242,1,10,FORD FIESTA,6,E01021404,0,-1
2021520105849,2021,520105849,2,9,0,18,19,3,7,0,0,0,0,0,0,0,1,1,6,6,2,64,9,1299,1,18,FORD FIESTA,4,E01029171,0,-1
2021461042524,2021,461042524,1,9,0,18,19,1,7,0,0,1,5,0,1,10,1,1,5,6,1,26,6,1242,1,18,FORD FIESTA,-1,-1,0,-1
2021461079688,2021,461079688,2,9,0,18,19,1,5,0,0,0,0,0,0,0,3,1,6,6,2,50,8,1596,1,16,FORD FIESTA,7,E01024378,0,-1
2021010321217,2021,010321217,2,9,9,13,13,1,5,0,0,1,9,0,0,99,1,9,6,6,1,22,5,998,1,2,FORD FIESTA,4,E01001090,0,-1
2021461050809,2021,461050809,2,9,0,18,19,8,4,0,0,1,0,0,0,0,4,1,6,6,1,64,9,1499,2,5,FORD FIESTA,3,E01016044,0,-1
2021461015522,2021,461015522,2,9,0,18,19,7,3,0,0,0,0,0,3,0,2,1,5,6,2,30,6,1242,1,10,FORD FIESTA,4,E01024373,0,-1
2021221060336,2021,221060336,1,9,0,18,19,1,5,0,0,1,0,0,0,0,1,1,6,6,2,42,7,1242,1,6,FORD FIESTA,9,E01032324,0,-1
2021501125015,2021,501125015,1,9,0,9,9,5,3,0,0,0,0,0,0,0,1,1,1,1,2,-1,-1,1388,1,12,FORD FIESTA,6,E01015220,0,-1
2021549576121,2021,549576121,3,9,0,2,2,0,0,0,0,1,0,0,0,0,2,1,6,6,1,41,7,1242,1,13,FORD FIESTA,6,E01015496,0,-1
2021542628221,2021,542628221,1,9,0,18,19,8,4,0,0,0,0,0,0,0,1,1,6,6,2,31,6,1560,2,12,FORD FIESTA,8,E01032376,0,-1
2021101038564,2021,101038564,2,9,0,9,9,3,7,0,0,8,0,0,7,0,3,1,5,6,1,71,10,998,1,4,FORD FIESTA,-1,-1,0,-1
202131C115721,2021,31C115721,2,9,0,6,6,7,7,0,0,1,0,0,0,0,1,1,6,6,1,66,10,1242,1,17,FORD FIESTA,1,E01028173,0,-1
2021070628273,2021,070628273,2,9,0,8,8,6,2,0,0,1,0,0,0,0,2,1,6,6,2,29,6,998,1,4,FORD FIESTA,1,E01018563,0,-1
2021320049790,2021,320049790,1,9,0,18,19,7,3,0,0,0,0,0,0,0,1,1,6,6,1,72,10,998,1,1,FORD FIESTA,10,E01026204,0,-1
2021201133212,2021,201133212,2,9,0,4,4,3,7,0,0,1,0,0,0,0,1,1,6,6,2,41,7,1242,1,10,FORD FIESTA,1,E01009021,0,-1
2021141092400,2021,141092400,1,9,0,9,9,5,1,0,0,1,0,0,0,0,1,1,6,6,2,60,9,998,1,6,FORD FIESTA,1,E01008062,0,-1
2021061050261,2021,061050261,1,9,0,9,9,7,4,0,0,1,0,0,0,0,3,1,6,6,1,30,6,1388,1,9,FORD FIESTA,2,E01004959,0,-1
202131C170721,2021,31C170721,1,9,0,9,9,6,4,0,0,5,0,0,0,0,1,1,6,6,1,21,5,1388,1,10,FORD FIESTA,4,E01033408,0,-1
2021451094138,2021,451094138,1,9,0,4,4,3,7,0,0,1,0,0,0,0,2,1,5,6,2,18,4,1084,1,2,FORD FIESTA,7,E01030629,0,-1
2021471105842,2021,471105842,2,9,0,18,19,3,7,0,0,1,0,0,0,0,1,1,5,6,2,58,9,1388,1,10,FORD FIESTA,2,E01031371,0,-1
2021471044222,2021,471044222,1,9,0,4,4,3,7,0,0,1,0,0,0,0,3,1,3,7,2,32,6,1242,1,13,FORD FIESTA,8,E01032835,0,-1
2021622100519,2021,622100519,3,9,0,2,2,0,0,0,0,1,0,0,0,0,3,1,6,6,3,-1,-1,998,1,4,FORD FIESTA,-1,-1,0,-1
2021421112086,2021,421112086,3,9,0,4,4,6,2,0,0,0,0,0,0,0,1,1,2,2,1,31,6,-1,-1,-1,FORD FIESTA,5,E01022009,0,-1
202163D089821,2021,63D089821,1,9,0,12,12,8,4,0,0,0,0,0,0,0,3,1,6,6,2,63,9,1242,1,15,FORD FIESTA,6,W01000431,0,-1
2021201142033,2021,201142033,1,9,0,18,19,-1,-1,0,0,8,0,0,0,0,1,1,6,6,1,-1,-1,1242,1,23,FORD FIESTA,1,E01009136,0,-1