collision_index,collision_year,collision_ref_no,vehicle_reference,vehicle_type,towing_and_articulation,vehicle_manoeuvre_historic,vehicle_manoeuvre,vehicle_direction_from,vehicle_direction_to,vehicle_location_restricted_lane_historic,vehicle_location_restricted_lane,junction_location,skidding_and_overturning,hit_object_in_carriageway,vehicle_leaving_carriageway,hit_object_off_carriageway,first_point_of_impact,vehicle_left_hand_drive,journey_purpose_of_driver_historic,journey_purpose_of_driver,sex_of_driver,age_of_driver,age_band_of_driver,engine_capacity_cc,propulsion_code,age_of_vehicle,generic_make_model,driver_imd_decile,lsoa_of_driver,escooter_flag,driver_distance_banding
2021010335646,2021,010335646,1,9,0,9,9,5,3,0,0,8,0,0,0,0,1,1,6,6,1,26,6,1388,1,10,FORD FIESTA,6,E01021743,0,-1
2021031103130,2021,031103130,3,9,0,4,4,3,7,0,0,2,0,0,0,0,2,1,6,6,2,17,4,1084,1,3,FORD FIESTA,9,E01019085,0,-1
2021201111061,2021,201111061,1,9,0,18,19,8,4,0,0,0,0,0,0,0,1,1,6,6,1,-1,-1,1242,1,13,FORD FIESTA,-1,-1,0,-1
2021061112221,2021,061112221,2,9,0,18,19,7,3,0,0,1,0,0,0,0,1,1,6,6,3,-1,-1,1399,2,18,FORD FIESTA,-1,-1,0,-1
2021141080435,2021,141080435,1,9,0,5,5,6,2,0,0,8,0,0,0,0,4,1,2,2,1,21,5,998,1,4,FORD FIESTA,1,E01007325,0,-1
2021131056839,2021,131056839,2,9,0,4,4,5,1,0,0,1,0,0,0,0,2,1,6,6,2,25,5,1242,1,15,FORD FIESTA,4,E01011390,0,-1
202134WNC3891,2021,34WNC3891,1,9,0,11,11,7,1,0,0,3,0,0,0,0,4,1,2,2,1,31,6,1242,1,16,FORD FIESTA,1,E01027110,0,-1
2021010314096,2021,010314096,1,9,0,99,99,9,9,0,0,8,0,0,0,0,2,1,6,6,1,52,8,1499,2,7,FORD FIESTA,9,E01000415,0,-1
2021461139167,2021,461139167,2,9,0,1,1,5,1,0,0,0,0,0,0,0,4,1,6,6,2,67,10,998,1,6,FORD FIESTA,7,E01024234,0,-1
202154C337421,2021,54C337421,1,9,0,18,19,3,7,0,0,0,5,4,0,0,1,1,6,6,1,22,5,1242,1,5,FORD FIESTA,9,E01032041,0,-1
2021421062614,2021,421062614,1,9,0,16,19,6,7,0,0,0,0,0,0,0,3,1,6,6,1,31,6,1242,1,6,FORD FIESTA,10,E01021614,0,-1
2021201085381,2021,201085381,1,9,0,5,5,2,6,0,0,6,0,0,0,0,3,1,6,6,2,82,11,1388,1,11,FORD FIESTA,9,E01029523,0,-1
202134WNC4591,2021,34WNC4591,1,9,0,5,5,7,3,0,0,6,0,0,7,11,3,1,2,2,2,30,6,1596,1,7,FORD FIESTA,2,E01027155,0,-1
2021010343095,2021,010343095,1,9,0,99,99,9,9,99,99,9,9,99,9,99,2,9,2,2,2,31,6,1388,1,9,FORD FIESTA,5,E01001973,0,-1
2021010329694,2021,010329694,2,9,0,2,2,0,0,0,0,1,0,0,0,0,1,1,6,6,3,-1,-1,998,1,2,FORD FIESTA,-1,-1,0,-1
202131D053721,2021,31D053721,2,9,0,17,19,8,5,0,0,0,0,0,0,0,1,1,1,1,2,31,6,1242,1,18,FORD FIESTA,4,E01028167,0,-1
2021201124482,2021,201124482,3,9,0,4,4,2,6,0,0,1,0,0,0,0,1,1,6,6,3,-1,-1,998,1,8,FORD FIESTA,-1,-1,0,-1
2021991099394,2021,991099394,2,9,0,18,19,8,4,0,0,8,0,0,0,0,4,1,5,6,2,76,11,1388,1,10,FORD FIESTA,6,-1,0,-1
2021122200043,2021,122200043,2,9,0,9,9,5,3,0,0,6,0,0,0,0,1,1,6,6,1,21,5,998,1,7,FORD FIESTA,7,E01011635,0,-1
2021101100806,2021,101100806,2,9,0,18,19,7,3,0,0,8,0,0,0,0,1,1,5,6,1,19,4,1242,1,6,FORD FIESTA,2,E01008700,0,-1
2021201141086,2021,201141086,1,9,0,14,14,3,7,0,0,0,0,0,0,0,1,1,6,6,1,-1,-1,1242,1,7,FORD FIESTA,-1,-1,0,-1
2021010351464,2021,010351464,1,9,0,18,19,1,5,0,0,6,0,4,0,0,1,1,6,6,2,45,7,1388,1,15,FORD FIESTA,5,E01002590,0,-1
2021201094526,2021,201094526,2,9,0,18,19,4,8,0,0,0,0,0,0,0,1,1,6,6,2,25,5,998,1,4,FORD FIESTA,2,E01009029,0,-1
2021461131575,2021,461131575,1,9,0,9,9,3,1,0,0,8,0,0,0,0,1,1,2,2,1,38,7,1399,2,10,FORD FIESTA,1,E01024618,0,-1
202131B008221,2021,31B008221,1,9,0,13,13,8,3,0,0,3,1,0,1,9,3,1,6,6,1,27,6,1596,1,16,FORD FIESTA,5,E01028012,0,-1
2021061052524,2021,061052524,2,9,0,18,19,4,8,0,0,8,0,0,0,0,1,1,2,2,1,27,6,1388,1,18,FORD FIESTA,9,E01006071,0,-1
2021552100170,2021,552100170,1,9,0,7,7,8,2,9,9,1,0,0,0,0,1,1,6,6,1,19,4,998,1,4,FORD FIESTA,9,E01020406,0,-1
202154C225221,2021,54C225221,2,9,0,9,9,4,3,0,0,6,0,0,0,0,1,1,6,6,2,40,7,1388,1,14,FORD FIESTA,9,E01031878,0,-1
2021991019622,2021,991019622,2,9,0,18,19,2,6,0,0,8,0,0,0,0,4,1,6,6,1,44,7,1242,1,12,FORD FIESTA,8,-1,0,-1
2021622100273,2021,622100273,1,9,0,18,19,4,8,0,0,8,0,0,0,0,3,1,6,6,1,33,6,1388,1,14,FORD FIESTA,9,W01001775,0,-1
2021010300189,2021,010300189,1,9,0,2,2,0,0,0,0,2,0,0,0,0,2,1,6,6,3,-1,-1,1388,1,12,FORD FIESTA,-1,-1,0,-1
2021131037886,2021,131037886,2,9,0,9,9,1,1,0,0,8,0,0,0,0,3,1,5,6,2,36,7,1388,1,10,FORD FIESTA,1,E01010872,0,-1
202163D040421,2021,63D040421,2,9,0,4,4,7,3,0,0,1,0,0,0,0,2,1,6,6,2,42,7,1388,1,12,FORD FIESTA,8,W01000676,0,-1
2021052102837,2021,052102837,2,9,0,9,9,1,7,0,0,8,0,0,0,0,3,1,2,2,2,18,4,1499,2,5,FORD FIESTA,7,E01006883,0,-1
2021010325302,2021,010325302,1,9,0,9,9,7,4,0,0,8,0,0,0,0,1,2,6,6,2,51,8,998,1,5,FORD FIESTA,-1,-1,0,-1
2021421035833,2021,421035833,2,9,0,18,19,8,4,0,0,4,0,0,0,0,1,1,6,6,2,24,5,998,1,6,FORD FIESTA,3,E01015924,0,-1
2021010335049,2021,010335049,3,9,0,99,99,9,9,99,99,9,9,99,9,99,1,9,6,6,3,-1,-1,999,1,1,FORD FIESTA,9,E01003648,0,-1
2021070153728,2021,070153728,1,9,0,9,9,3,7,0,0,1,0,0,0,0,3,1,6,6,2,18,4,1242,1,9,FORD FIESTA,3,E01018746,0,-1
2021421099184,2021,421099184,2,9,0,18,19,3,6,0,0,0,0,0,0,0,3,1,6,6,2,30,6,998,1,8,FORD FIESTA,1,E01016006,0,-1
2021010315776,2021,010315776,1,9,0,18,19,7,3,0,0,0,0,0,0,0,4,1,2,2,2,21,5,998,1,7,FORD FIESTA,-1,-1,0,-1
202131A073921,2021,31A073921,1,9,0,5,5,2,6,0,0,0,0,0,0,0,1,1,1,1,1,44,7,998,1,6,FORD FIESTA,2,E01028269,0,-1
2021052101861,2021,052101861,2,9,0,18,19,8,5,0,0,0,0,0,0,0,3,1,6,6,2,46,8,998,1,3,FORD FIESTA,4,E01006854,0,-1
2021061088923,2021,061088923,5,19,0,18,19,7,3,0,0,0,0,0,0,0,2,1,1,1,1,44,7,1499,2,5,FORD FIESTA,7,E01025874,0,-1
2021010293093,2021,010293093,1,9,0,99,99,9,9,99,99,9,9,99,9,99,4,9,6,6,2,41,7,1388,1,17,FORD FIESTA,5,E01000505,0,-1
2021991053187,2021,991053187,1,9,0,18,19,4,8,0,0,0,0,0,0,0,1,1,2,2,1,18,4,999,1,1,FORD FIESTA,2,-1,0,-1
2021052100583,2021,052100583,3,9,0,18,19,1,5,0,0,1,0,0,0,0,2,1,6,6,1,32,6,1399,2,15,FORD FIESTA,1,E01006952,0,-1
2021010291017,2021,010291017,1,9,0,18,19,2,6,0,0,1,0,0,0,0,1,1,6,6,2,52,8,1499,2,6,FORD FIESTA,2,E01000063,0,-1
2021010313592,2021,010313592,1,9,0,3,3,7,3,0,0,0,0,0,0,0,2,1,6,6,2,23,5,998,1,5,FORD FIESTA,7,E01003651,0,-1
2021461132956,2021,461132956,1,9,0,18,19,7,3,0,0,0,1,0,1,11,1,1,6,6,1,31,6,1242,1,23,FORD FIESTA,8,E01021911,0,-1
2021010317908,2021,010317908,1,9,0,18,19,1,5,0,0,2,0,0,0,0,4,1,2,2,1,17,4,1242,1,6,FORD FIESTA,2,E01001054,0,-1
2021552100721,2021,552100721,1,9,0,5,5,2,8,0,0,6,0,0,0,0,1,1,6,6,2,73,10,998,1,4,FORD FIESTA,-1,-1,0,-1
2021201056308,2021,201056308,1,9,0,9,9,5,3,0,0,6,0,0,0,0,1,1,6,6,3,-1,-1,1560,2,10,FORD FIESTA,-1,-1,0,-1
2021041027525,2021,041027525,1,9,0,16,19,3,7,0,0,0,0,0,0,0,3,1,5,6,1,70,10,998,1,4,FORD FIESTA,-1,-1,0,-1
2021461088621,2021,461088621,1,9,0,11,11,5,1,0,0,0,1,11,1,0,4,1,5,6,2,30,6,1399,2,11,FORD FIESTA,4,E01016072,0,-1
2021101019913,2021,101019913,3,9,0,12,12,1,5,0,0,0,0,0,0,0,0,1,6,6,1,23,5,998,1,6,FORD FIESTA,6,E01008233,0,-1
2021010305679,2021,010305679,2,9,0,10,10,4,2,0,0,7,0,0,0,0,1,1,2,2,1,19,4,1242,1,9,FORD FIESTA,4,E01026416,0,-1
2021211079369,2021,211079369,1,9,0,18,19,8,4,0,0,0,0,10,0,0,1,1,6,6,1,19,4,1242,1,15,FORD FIESTA,4,E01029541,0,-1
2021010319354,2021,010319354,1,9,0,18,19,7,3,0,0,8,0,0,0,0,1,1,6,6,1,56,9,998,1,8,FORD FIESTA,8,E01021599,0,-1
2021010333174,2021,010333174,2,9,0,99,99,9,9,99,99,9,9,99,9,99,9,9,6,6,2,61,9,1388,1,9,FORD FIESTA,5,E01004520,0,-1
2021131042985,2021,131042985,1,9,0,6,6,5,1,0,0,0,0,0,0,0,3,2,5,6,1,18,4,1242,1,10,FORD FIESTA,5,E01011772,0,-1
2021061086713,2021,061086713,2,9,0,2,2,0,0,9,9,0,0,0,0,0,1,1,6,6,3,-1,-1,1242,1,7,FORD FIESTA,-1,-1,0,-1
202131D070821,2021,31D070821,1,9,0,18,19,7,3,0,0,1,0,0,0,0,1,1,6,6,1,27,6,998,1,7,FORD FIESTA,4,E01019693,0,-1
2021052101869,2021,052101869,1,9,0,9,9,6,4,0,0,8,0,0,0,0,4,1,2,2,1,21,5,1242,1,13,FORD FIESTA,1,E01007120,0,-1
2021052102647,2021,052102647,1,9,0,18,19,5,1,0,0,1,0,0,0,0,1,1,6,6,1,27,6,1388,1,14,FORD FIESTA,3,E01006719,0,-1
202163A065321,2021,63A065321,1,9,0,18,19,2,6,0,0,8,0,0,1,10,4,1,2,2,1,21,5,1242,1,14,FORD FIESTA,6,W01000691,0,-1
2021461035017,2021,461035017,1,9,0,18,19,1,5,0,0,2,0,0,0,0,1,1,1,1,1,51,8,1388,1,14,FORD FIESTA,3,E01016114,0,-1
2021461059479,2021,461059479,1,9,0,-1,-1,-1,7,0,0,3,0,0,0,0,-1,1,6,6,1,17,4,1596,1,10,FORD FIESTA,5,E01016165,0,-1
202163C031321,2021,63C031321,2,9,0,4,4,1,5,0,0,0,0,0,0,0,2,1,6,6,2,53,8,1596,1,10,FORD FIESTA,4,W01000587,0,-1
2021201119220,2021,201119220,2,9,0,18,19,7,3,0,0,8,0,0,0,0,3,1,6,6,2,23,5,1596,1,10,FORD FIESTA,5,E01009253,0,-1
2021401103510,2021,401103510,1,9,0,16,19,1,7,0,0,0,0,0,3,1,1,1,2,2,2,57,9,998,1,7,FORD FIESTA,6,E01017479,0,-1
2021991116259,2021,991116259,3,9,0,2,2,0,0,0,0,0,0,0,0,0,2,1,6,6,3,-1,-1,998,1,1,FORD FIESTA,-1,-1,0,-1
2021231082483,2021,231082483,2,9,0,18,19,6,2,0,0,8,0,0,0,0,1,1,5,6,1,21,5,1496,1,2,FORD FIESTA,6,E01025824,0,-1
2021061041573,2021,061041573,1,9,0,18,19,7,1,0,0,8,0,0,0,0,4,1,3,7,2,25,5,998,1,5,FORD FIESTA,5,E01032559,0,-1
2021501126504,2021,501126504,2,9,0,17,19,5,2,0,0,0,0,0,2,6,1,1,5,6,1,52,8,998,1,1,FORD FIESTA,6,E01015369,0,-1
2021131068184,2021,131068184,2,9,0,14,14,3,7,0,0,0,0,0,0,0,1,1,5,6,2,21,5,1399,2,12,FORD FIESTA,1,E01011430,0,-1
2021201130482,2021,201130482,2,9,0,18,19,5,1,0,0,1,0,0,0,0,1,1,6,6,1,33,6,1596,1,10,FORD FIESTA,1,E01009056,0,-1
2021010346358,2021,010346358,3,9,0,18,19,5,1,0,0,2,1,0,1,11,1,1,6,6,1,31,6,1388,1,12,FORD FIESTA,-1,-1,0,-1
2021201049937,2021,201049937,1,9,0,18,19,4,8,0,0,1,0,0,0,0,1,1,6,6,3,30,6,1242,1,8,FORD FIESTA,-1,-1,0,-1
2021351074252,2021,351074252,2,9,0,5,5,4,8,0,0,0,0,0,0,0,4,1,5,6,1,62,9,1388,1,10,FORD FIESTA,5,E01018226,0,-1
2021010334513,2021,010334513,1,9,0,13,13,7,3,0,0,0,5,4,0,0,1,1,6,6,1,30,6,1242,1,8,FORD FIESTA,4,E01000799,0,-1
2021010331261,2021,010331261,1,9,0,9,9,7,5,0,0,0,0,0,0,0,0,1,3,7,2,37,7,1242,1,6,FORD FIESTA,3,E01001466,0,-1
2021440235075,2021,440235075,1,9,0,18,19,6,2,0,0,1,0,0,0,0,1,1,6,6,2,21,5,1084,1,4,FORD FIESTA,7,E01032039,0,-1
2021141049006,2021,141049006,3,9,0,2,2,0,0,0,0,0,0,0,0,0,2,1,6,6,3,-1,-1,1242,1,13,FORD FIESTA,-1,-1,0,-1
2021552100723,2021,552100723,2,9,0,9,9,3,1,0,0,5,0,0,0,0,1,1,6,6,2,23,5,1242,1,10,FORD FIESTA,6,E01015366,0,-1
2021991099394,2021,991099394,1,9,0,18,19,2,6,0,0,8,0,0,0,0,1,1,5,6,1,15,3,1242,1,17,FORD FIESTA,3,-1,0,-1
2021010320617,2021,010320617,2,9,0,18,19,1,5,0,0,0,9,99,0,0,9,9,6,6,1,60,9,1388,1,14,FORD FIESTA,3,E01003730,0,-1
2021052101371,2021,052101371,1,9,0,18,19,6,2,0,0,8,0,0,0,0,1,1,6,6,1,26,6,998,1,4,FORD FIESTA,1,E01007055,0,-1
2021061144727,2021,061144727,3,9,0,10,10,3,7,0,0,5,0,0,0,0,2,1,6,6,2,27,6,1242,1,12,FORD FIESTA,8,E01005742,0,-1
2021010287625,2021,010287625,2,9,0,99,99,9,9,99,99,0,9,99,9,99,2,9,6,6,3,-1,-1,1596,1,14,FORD FIESTA,-1,-1,0,-1
2021221121205,2021,221121205,1,9,0,9,9,2,8,0,0,2,5,4,0,0,4,1,5,6,2,85,11,1596,1,5,FORD FIESTA,8,E01032439,0,-1
2021421057658,2021,421057658,2,9,0,17,19,4,1,0,0,8,0,0,0,0,1,1,6,6,2,23,5,998,1,3,FORD FIESTA,1,E01016007,0,-1
202134WNC0181,2021,34WNC0181,1,9,0,9,9,7,5,0,0,8,0,0,0,0,0,1,6,6,1,20,4,1242,1,11,FORD FIESTA,1,E01027153,0,-1
2021141033825,2021,141033825,1,9,0,9,9,2,8,0,0,8,0,0,1,0,3,1,5,6,1,56,9,1242,1,7,FORD FIESTA,3,E01007964,0,-1
2021052101027,2021,052101027,2,9,0,18,19,5,1,0,0,8,0,0,0,0,3,1,1,1,1,37,7,1242,1,6,FORD FIESTA,1,E01033764,0,-1
2021041085452,2021,041085452,2,9,0,4,4,8,4,0,0,1,0,0,0,0,2,1,6,6,3,-1,-1,1242,1,13,FORD FIESTA,-1,-1,0,-1
2021461050796,2021,461050796,2,9,0,4,4,7,3,0,0,2,0,0,0,0,2,1,6,6,1,19,4,998,1,8,FORD FIESTA,10,E01032828,0,-1
2021361077186,2021,361077186,2,9,0,5,5,7,4,0,0,8,0,0,0,0,0,1,2,2,1,18,4,1399,2,13,FORD FIESTA,6,E01026535,0,-1
2021141015078,2021,141015078,1,9,0,4,4,5,1,0,0,1,0,0,0,0,2,1,2,2,1,29,6,998,1,4,FORD FIESTA,8,E01007170,0,-1
2021451115028,2021,451115028,1,9,0,18,19,1,5,0,0,0,0,0,0,0,1,1,6,6,3,23,5,998,1,5,FORD FIESTA,9,E01016247,0,-1
2021061121634,2021,061121634,1,9,0,18,19,3,7,0,0,0,0,0,0,0,1,1,2,2,2,19,4,1242,1,7,FORD FIESTA,1,E01006289,0,-1
2021052101247,2021,052101247,1,9,0,4,4,3,2,0,0,0,0,0,0,0,1,1,2,2,2,31,6,1242,1,7,FORD FIESTA,1,E01033764,0,-1
2021320717195,2021,320717195,1,9,0,18,19,6,2,0,0,0,2,0,7,0,2,1,2,2,1,31,6,-1,-1,-1,FORD FIESTA,5,E01012773,0,-1
2021010327352,2021,010327352,1,9,0,99,99,9,9,99,99,9,9,99,9,99,2,9,2,2,1,42,7,1388,1,9,FORD FIESTA,8,E01021964,0,-1
2021351111870,2021,351111870,2,9,0,2,2,-1,-1,6,6,0,0,0,0,0,1,1,5,6,1,47,8,998,1,8,FORD FIESTA,7,E01018065,0,-1
2021131085026,2021,131085026,1,9,0,18,19,8,4,0,0,0,0,11,0,0,1,1,1,1,2,61,9,1242,1,6,FORD FIESTA,1,E01011283,0,-1
2021010308396,2021,010308396,1,9,0,99,99,9,9,99,99,9,9,99,9,99,2,9,2,2,2,26,6,1388,1,10,FORD FIESTA,2,E01003256,0,-1
2021010324584,2021,010324584,1,9,0,18,19,1,5,0,0,1,1,4,0,0,1,1,6,6,2,18,4,998,1,6,FORD FIESTA,6,E01001288,0,-1
2021531080934,2021,531080934,2,9,0,18,19,6,2,0,0,0,0,0,0,0,1,1,5,6,2,81,11,1388,1,11,FORD FIESTA,8,E01022452,0,-1
202163D091321,2021,63D091321,1,9,0,16,19,3,6,0,0,0,0,0,0,0,1,1,2,2,2,21,5,1242,1,17,FORD FIESTA,3,W01001460,0,-1
2021302101263,2021,302101263,1,9,0,18,19,4,8,0,0,6,0,0,0,0,1,1,6,6,1,23,5,999,1,1,FORD FIESTA,10,E01019413,0,-1
2021361060877,2021,361060877,2,9,0,18,19,2,4,0,0,1,0,0,0,0,1,1,5,6,2,53,8,998,1,5,FORD FIESTA,3,E01026596,0,-1
2021401056711,2021,401056711,2,9,0,4,4,3,7,0,0,0,0,0,0,0,2,1,3,7,2,30,6,1242,1,12,FORD FIESTA,5,E01015777,0,-1
2021010340645,2021,010340645,2,9,0,99,99,9,9,99,99,9,9,99,9,99,3,9,6,6,3,-1,-1,1242,1,6,FORD FIESTA,5,E01033741,0,-1
2021122100524,2021,122100524,2,9,0,6,6,7,7,0,0,8,0,0,7,10,3,1,6,6,2,46,8,1242,1,11,FORD FIESTA,4,E01007444,0,-1
2021010345845,2021,010345845,1,9,0,4,4,3,7,0,0,0,0,0,0,0,1,1,2,2,1,19,4,998,1,7,FORD FIESTA,10,E01000348,0,-1
2021061082433,2021,061082433,2,9,0,3,3,5,5,0,0,0,0,0,0,0,2,1,5,6,1,72,10,1242,1,9,FORD FIESTA,4,E01006584,0,-1
2021461031975,2021,461031975,1,9,0,18,19,5,3,0,0,6,0,0,0,0,1,1,5,6,2,-1,-1,1399,2,12,FORD FIESTA,4,E01024132,0,-1
2021371148630,2021,371148630,1,9,0,9,9,7,5,0,0,5,0,0,0,0,4,1,5,6,1,18,4,1242,1,13,FORD FIESTA,9,E01030190,0,-1
2021131046636,2021,131046636,1,9,0,18,19,2,6,0,0,0,2,4,2,4,1,1,5,6,1,17,4,1242,1,13,FORD FIESTA,9,E01011151,0,-1
2021461095776,2021,461095776,1,9,0,18,19,5,1,0,0,4,0,0,0,0,1,1,5,6,3,-1,-1,1242,1,16,FORD FIESTA,-1,-1,0,-1
2021302101084,2021,302101084,2,9,0,5,5,4,2,0,0,6,0,0,0,0,2,1,6,6,2,47,8,1242,1,13,FORD FIESTA,2,E01029450,0,-1
2021122101213,2021,122101213,1,9,0,16,19,4,7,0,0,1,0,0,0,0,4,1,6,6,2,50,8,1399,2,13,FORD FIESTA,7,E01027782,0,-1
2021320208188,2021,320208188,2,9,0,4,4,1,5,0,0,0,0,0,0,0,2,1,6,6,1,18,4,998,1,8,FORD FIESTA,9,E01026334,0,-1
2021201025558,2021,201025558,1,9,0,18,19,7,4,0,0,1,0,0,0,0,1,1,2,2,1,61,9,1499,2,5,FORD FIESTA,3,E01009664,0,-1
2021461022324,2021,461022324,3,9,0,2,2,0,0,0,0,0,0,0,0,0,2,1,6,6,1,-1,-1,1117,1,30,FORD FIESTA,1,E01024666,0,-1
2021111049851,2021,111049851,1,9,0,18,19,7,3,0,0,0,0,0,0,0,3,1,5,6,1,20,4,1596,1,9,FORD FIESTA,1,E01020639,0,-1
2021543842821,2021,543842821,1,9,0,18,19,3,7,0,0,0,0,0,0,0,1,1,6,6,1,20,4,998,1,3,FORD FIESTA,9,E01032112,0,-1
2021161118473,2021,161118473,3,9,0,18,19,7,3,0,0,1,0,0,0,0,3,1,6,6,1,30,6,1242,1,10,FORD FIESTA,8,E01013185,0,-1
2021522200087,2021,522200087,1,9,0,18,19,5,1,0,0,8,0,0,0,0,1,1,6,6,2,24,5,1242,1,14,FORD FIESTA,4,E01014445,0,-1
2021201029321,2021,201029321,1,9,0,4,4,6,2,0,0,0,0,0,0,0,1,1,6,6,2,-1,-1,1242,1,11,FORD FIESTA,-1,-1,0,-1
2021991092393,2021,991092393,2,9,0,3,3,2,6,0,0,5,0,0,0,0,2,1,6,6,1,56,9,1388,1,13,FORD FIESTA,6,-1,0,-1
202163D077421,2021,63D077421,3,9,0,16,19,5,8,0,0,0,0,0,0,0,3,1,6,6,2,60,9,1242,1,15,FORD FIESTA,3,E01006431,0,-1
2021421097757,2021,421097757,1,9,0,18,19,8,4,0,0,0,0,0,0,0,1,1,5,6,1,35,6,998,1,7,FORD FIESTA,7,E01022087,0,-1
2021131126274,2021,131126274,2,9,0,18,19,5,1,0,0,0,0,0,0,0,1,1,5,6,1,65,9,998,1,2,FORD FIESTA,7,E01010899,0,-1
2021622100632,2021,622100632,1,9,0,18,19,2,6,0,0,1,0,0,0,0,1,1,6,6,2,23,5,998,1,3,FORD FIESTA,2,W01000936,0,-1
2021361047011,2021,361047011,1,9,0,17,19,1,1,0,0,8,0,0,0,0,4,1,5,6,2,31,6,1299,1,18,FORD FIESTA,6,E01026758,0,-1
2021010314691,2021,010314691,1,9,0,99,99,9,9,99,99,9,9,99,9,99,2,9,6,6,1,21,5,998,1,3,FORD FIESTA,1,E01001517,0,-1
2021201136516,2021,201136516,2,9,0,4,4,2,6,0,0,0,0,0,0,0,1,1,6,6,2,51,8,1388,1,10,FORD FIESTA,4,E01009231,0,-1
2021122100683,2021,122100683,1,9,0,18,19,5,1,0,0,0,5,0,1,4,1,1,1,1,1,22,5,1388,1,17,FORD FIESTA,8,E01013403,0,-1
2021070280519,2021,070280519,4,9,0,15,15,4,8,0,0,0,0,0,1,0,2,1,6,6,1,46,8,998,1,7,FORD FIESTA,6,E01012440,0,-1
2021451100423,2021,451100423,1,9,0,18,19,3,7,0,0,0,0,0,0,0,4,1,5,6,2,66,10,998,1,2,FORD FIESTA,8,E01030734,0,-1
2021211113272,2021,211113272,1,9,0,18,19,2,6,0,0,1,0,0,0,0,1,1,6,6,1,27,6,1242,1,9,FORD FIESTA,7,E01029471,0,-1
2021010324349,2021,010324349,2,9,0,9,9,3,1,0,0,8,0,0,0,0,1,1,6,6,1,44,7,1242,1,11,FORD FIESTA,4,E01000155,0,-1
2021371144042,2021,371144042,1,9,0,10,10,2,7,0,0,1,0,0,0,0,3,1,5,6,2,31,6,1388,1,17,FORD FIESTA,6,E01030068,0,-1
2021371120885,2021,371120885,1,9,0,16,19,4,8,0,0,0,0,0,0,0,3,1,5,6,2,17,4,1242,1,17,FORD FIESTA,9,E01030149,0,-1
2021161065236,2021,161065236,1,9,0,18,19,1,5,0,0,0,1,0,0,0,1,1,1,1,1,68,10,-1,-1,-1,FORD FIESTA,2,E01011785,0,-1
2021461125173,2021,461125173,1,9,0,18,19,5,1,0,0,0,5,0,0,0,1,1,6,6,1,20,4,1388,1,12,FORD FIESTA,8,E01024451,0,-1
2021131060034,2021,131060034,2,9,0,3,3,1,5,0,0,0,0,0,0,0,2,1,2,2,2,48,8,1242,1,8,FORD FIESTA,3,E01010779,0,-1
2021061051157,2021,061051157,2,9,0,18,19,5,1,0,0,8,0,0,0,0,4,1,5,6,2,39,7,1084,1,4,FORD FIESTA,3,E01006034,0,-1
2021421045649,2021,421045649,2,9,0,10,10,3,5,0,0,1,0,0,0,0,2,1,5,6,1,24,5,1242,1,12,FORD FIESTA,3,E01015856,0,-1
2021010304162,2021,010304162,1,9,0,99,99,9,9,0,0,1,0,0,0,0,4,1,6,6,1,40,7,1388,1,12,FORD FIESTA,6,E01001312,0,-1
2021010303541,2021,010303541,2,9,9,99,99,9,9,99,99,0,9,99,9,99,9,9,6,6,3,-1,-1,1388,1,14,FORD FIESTA,9,E01002317,0,-1
2021421118580,2021,421118580,1,9,0,17,19,4,8,0,0,4,1,0,0,0,1,1,6,6,1,-1,-1,998,1,5,FORD FIESTA,8,E01021718,0,-1
2021421125341,2021,421125341,2,9,0,4,4,1,5,0,0,0,0,0,0,0,2,1,6,6,2,20,4,1560,2,11,FORD FIESTA,9,E01021919,0,-1
2021221139849,2021,221139849,2,9,0,17,19,8,4,0,0,0,0,0,1,0,3,1,5,6,2,33,6,1399,2,11,FORD FIESTA,5,E01014084,0,-1
2021461052807,2021,461052807,3,9,0,2,2,0,0,0,0,0,0,0,0,0,3,1,6,6,2,-1,-1,1242,1,19,FORD FIESTA,4,E01024217,0,-1
2021461111368,2021,461111368,1,9,0,18,19,5,1,0,0,0,1,0,1,0,1,1,6,6,1,20,4,1388,1,17,FORD FIESTA,2,E01024249,0,-1
2021411019171,2021,411019171,5,9,0,18,19,1,5,0,0,0,1,0,0,0,3,1,6,6,1,56,9,1399,2,18,FORD FIESTA,7,E01017416,0,-1
2021461030534,2021,461030534,2,9,0,18,19,1,5,0,0,2,1,0,3,7,4,1,5,6,1,64,9,998,1,7,FORD FIESTA,5,E01024595,0,-1
2021161136198,2021,161136198,1,9,0,18,19,4,8,0,0,2,0,0,0,0,1,1,6,6,2,-1,-1,1388,1,9,FORD FIESTA,-1,-1,0,-1
2021010289754,2021,010289754,1,9,0,2,2,0,0,0,0,0,0,0,0,0,3,1,6,6,3,-1,-1,1084,1,1,FORD FIESTA,-1,-1,0,-1
2021141046603,2021,141046603,2,9,0,5,5,3,7,0,0,8,0,0,0,0,1,1,5,6,2,19,4,1242,1,5,FORD FIESTA,9,E01019737,0,-1