collision_index,collision_year,collision_ref_no,vehicle_reference,vehicle_type,towing_and_articulation,vehicle_manoeuvre_historic,vehicle_manoeuvre,vehicle_direction_from,vehicle_direction_to,vehicle_location_restricted_lane_historic,vehicle_location_restricted_lane,junction_location,skidding_and_overturning,hit_object_in_carriageway,vehicle_leaving_carriageway,hit_object_off_carriageway,first_point_of_impact,vehicle_left_hand_drive,journey_purpose_of_driver_historic,journey_purpose_of_driver,sex_of_driver,age_of_driver,age_band_of_driver,engine_capacity_cc,propulsion_code,age_of_vehicle,generic_make_model,driver_imd_decile,lsoa_of_driver,escooter_flag,driver_distance_banding
2021131060999,2021,131060999,1,9,0,-1,-1,1,5,-1,-1,0,-1,-1,-1,-1,-1,1,6,6,3,-1,-1,1242,1,10,FORD FIESTA,-1,-1,0,-1
2021991083937,2021,991083937,2,9,0,18,19,7,3,0,0,1,0,0,0,0,4,1,5,6,2,24,5,1242,1,7,FORD FIESTA,2,-1,0,-1
2021010351318,2021,010351318,1,9,0,18,19,7,3,0,0,0,1,0,0,0,3,1,2,2,2,53,8,1242,1,6,FORD FIESTA,2,E01002392,0,-1
2021461120430,2021,461120430,1,9,0,18,19,4,8,0,0,0,0,0,0,0,1,1,5,6,2,20,4,1242,1,10,FORD FIESTA,8,E01016099,0,-1
2021421055576,2021,421055576,1,9,0,18,19,1,5,0,0,4,0,0,0,0,1,1,6,6,2,-1,-1,1242,1,10,FORD FIESTA,2,E01000083,0,-1
2021052101450,2021,052101450,1,9,0,18,19,3,7,0,0,1,0,0,0,0,1,1,6,6,1,64,9,1242,1,12,FORD FIESTA,1,E01006434,0,-1
2021552100435,2021,552100435,2,9,0,5,5,1,5,0,0,6,0,0,0,0,3,1,2,2,2,42,7,1084,1,3,FORD FIESTA,9,E01015325,0,-1
2021141091217,2021,141091217,4,9,0,2,2,0,0,0,0,0,0,0,0,0,3,1,6,6,3,-1,-1,1399,2,11,FORD FIESTA,-1,-1,0,-1
2021141103607,2021,141103607,1,9,0,18,19,5,1,0,0,0,0,0,0,0,1,1,2,2,1,21,5,1242,1,13,FORD FIESTA,4,E01008031,0,-1
2021041102388,2021,041102388,2,9,0,13,13,5,1,0,0,0,0,0,0,0,3,1,5,6,1,48,8,1399,2,11,FORD FIESTA,5,E01033096,0,-1
2021991120306,2021,991120306,1,9,0,1,1,3,7,0,0,0,0,0,0,0,4,1,6,6,1,29,6,998,1,4,FORD FIESTA,5,-1,0,-1
2021440163653,2021,440163653,3,9,0,4,4,7,3,0,0,0,0,0,0,0,2,1,2,2,2,59,9,998,1,3,FORD FIESTA,10,E01022741,0,-1
2021451059256,2021,451059256,3,9,0,18,19,3,3,0,0,0,0,0,0,0,1,1,6,6,1,30,6,1496,1,1,FORD FIESTA,10,E01031706,0,-1
2021201107223,2021,201107223,1,9,0,18,19,6,2,0,0,6,0,0,0,0,1,1,6,6,3,-1,-1,1242,1,8,FORD FIESTA,-1,-1,0,-1
2021141113426,2021,141113426,1,9,0,18,19,6,2,0,0,0,0,0,0,0,4,1,5,6,2,31,6,1242,1,14,FORD FIESTA,6,E01001289,0,-1
2021201051306,2021,201051306,2,9,0,9,9,5,3,0,0,5,0,0,0,0,1,1,6,6,2,81,11,1242,1,12,FORD FIESTA,3,E01010321,0,-1
2021461035258,2021,461035258,2,9,0,18,19,5,1,0,0,1,0,0,0,0,1,1,6,6,1,26,6,1560,2,12,FORD FIESTA,6,E01024602,0,-1
202154C335721,2021,54C335721,1,9,0,18,19,3,7,0,0,0,0,0,1,9,1,1,2,2,2,69,10,1242,1,9,FORD FIESTA,8,E01031941,0,-1
2021461023241,2021,461023241,1,9,0,18,19,3,7,0,0,0,0,0,0,0,4,1,6,6,1,24,5,1242,1,6,FORD FIESTA,1,E01024597,0,-1
2021351111943,2021,351111943,2,9,0,4,4,1,5,0,0,1,0,0,0,0,4,1,2,2,2,25,5,1242,1,15,FORD FIESTA,3,E01026721,0,-1
2021461040036,2021,461040036,1,9,0,9,9,1,7,0,0,6,0,0,0,0,4,1,5,6,2,40,7,1388,1,9,FORD FIESTA,10,E01031755,0,-1
2021211057621,2021,211057621,1,9,0,13,13,8,4,0,0,0,0,0,0,0,1,1,6,6,1,20,4,1242,1,13,FORD FIESTA,5,E01028869,0,-1
2021471120680,2021,471120680,2,9,0,18,19,2,5,0,0,8,0,0,0,0,4,1,1,1,1,30,6,1242,1,13,FORD FIESTA,4,E01016890,0,-1
2021461097184,2021,461097184,1,9,0,18,19,5,1,0,0,0,1,0,0,0,1,1,5,6,1,20,4,998,1,7,FORD FIESTA,-1,-1,0,-1
2021552200049,2021,552200049,1,9,0,18,19,2,6,0,0,4,0,0,3,4,1,1,6,6,1,22,5,998,1,6,FORD FIESTA,2,E01032662,0,-1
2021201078681,2021,201078681,1,9,0,18,19,5,1,0,0,2,0,0,0,0,1,1,6,6,2,-1,-1,998,1,1,FORD FIESTA,-1,-1,0,-1
2021461128713,2021,461128713,1,9,0,18,19,8,4,0,0,0,5,0,4,4,1,1,6,6,2,24,5,1242,1,12,FORD FIESTA,7,E01024727,0,-1
2021061062432,2021,061062432,2,9,0,18,19,4,8,0,0,8,0,0,0,0,1,1,5,6,1,20,4,1399,2,10,FORD FIESTA,1,E01033330,0,-1
2021201131991,2021,201131991,1,9,0,7,7,1,4,0,0,3,0,0,0,0,1,1,6,6,1,-1,-1,1242,1,15,FORD FIESTA,-1,-1,0,-1
2021211079563,2021,211079563,3,9,0,2,2,0,0,0,0,0,0,0,0,0,2,1,6,6,3,-1,-1,1399,2,10,FORD FIESTA,-1,-1,0,-1
2021471088895,2021,471088895,1,9,0,18,19,3,7,0,0,2,0,0,0,0,1,1,4,7,1,18,4,998,1,5,FORD FIESTA,7,E01031349,0,-1
2021010334683,2021,010334683,1,9,0,17,19,5,1,0,0,8,0,0,0,0,1,1,6,6,1,25,5,1399,2,11,FORD FIESTA,4,E01003357,0,-1
2021351096694,2021,351096694,2,9,0,18,19,7,3,0,0,0,2,0,1,4,1,1,5,6,1,33,6,1596,1,8,FORD FIESTA,7,E01013808,0,-1
2021201061151,2021,201061151,1,9,0,18,19,2,6,0,0,8,0,10,1,11,1,1,6,6,3,-1,-1,1596,1,6,FORD FIESTA,-1,-1,0,-1
2021170S11411,2021,170S11411,1,9,0,6,6,1,1,0,0,8,0,0,0,0,3,1,6,6,1,17,4,1399,2,12,FORD FIESTA,1,E01012016,0,-1
2021351022432,2021,351022432,2,9,0,18,19,3,7,0,0,1,0,0,1,0,1,1,6,6,2,53,8,1242,1,16,FORD FIESTA,7,E01018220,0,-1
2021122100764,2021,122100764,2,9,0,2,2,0,0,0,0,0,0,0,0,0,1,1,6,6,3,-1,-1,1399,2,14,FORD FIESTA,-1,-1,0,-1
2021361051797,2021,361051797,2,9,0,18,19,7,2,0,0,0,0,0,0,0,1,1,5,6,1,37,7,-1,-1,-1,FORD FIESTA,6,E01026545,0,-1
2021141027817,2021,141027817,2,9,0,18,19,1,5,0,0,6,0,0,0,0,3,1,2,2,1,21,5,1242,1,8,FORD FIESTA,8,E01019811,0,-1
2021201054309,2021,201054309,3,9,0,2,2,0,0,0,0,0,0,0,0,0,2,1,6,6,2,28,6,1242,1,4,FORD FIESTA,3,E01009112,0,-1
2021070066384,2021,070066384,1,9,0,9,9,6,3,0,0,1,0,0,0,0,4,1,6,6,2,22,5,1388,1,9,FORD FIESTA,1,E01012408,0,-1
2021421058624,2021,421058624,2,9,0,5,5,3,5,0,0,3,0,0,0,0,1,1,5,6,2,30,6,1560,2,7,FORD FIESTA,6,E01022095,0,-1
2021440288272,2021,440288272,2,9,0,2,2,0,0,0,0,1,0,0,0,0,1,1,6,6,3,-1,-1,998,1,4,FORD FIESTA,-1,-1,0,-1
2021170L20291,2021,170L20291,1,9,0,10,10,8,6,0,0,1,0,0,0,0,2,1,6,6,1,26,6,1242,1,9,FORD FIESTA,7,E01012152,0,-1
2021211153014,2021,211153014,1,9,0,18,19,8,4,0,0,4,0,9,1,0,1,1,6,6,1,20,4,1596,1,7,FORD FIESTA,1,E01014287,0,-1
2021522102336,2021,522102336,1,9,0,2,2,1,5,2,2,1,0,0,0,0,3,1,6,6,1,41,7,1242,1,10,FORD FIESTA,2,E01014636,0,-1
2021201115502,2021,201115502,4,9,0,2,2,0,0,0,0,2,0,0,0,0,2,1,5,6,1,60,9,1388,1,15,FORD FIESTA,-1,-1,0,-1
2021471051422,2021,471051422,2,9,0,18,19,2,6,0,0,0,1,4,7,0,2,1,5,6,1,39,7,999,1,1,FORD FIESTA,6,E01021087,0,-1
2021451100428,2021,451100428,1,9,0,17,19,5,1,0,0,0,5,0,0,0,1,1,5,6,2,19,4,998,1,7,FORD FIESTA,9,E01004133,0,-1
20211382I0284,2021,1382I0284,1,9,0,18,19,3,7,0,0,0,1,0,1,0,1,1,6,6,1,21,5,1242,1,7,FORD FIESTA,10,E01010691,0,-1
2021101092746,2021,101092746,1,9,0,5,5,8,4,0,0,0,0,0,0,0,1,1,5,6,1,79,11,1242,1,6,FORD FIESTA,-1,-1,0,-1
2021421049055,2021,421049055,2,9,0,3,3,6,2,0,0,0,0,0,0,0,2,1,6,6,2,19,4,1388,1,14,FORD FIESTA,6,E01021589,0,-1
2021361016953,2021,361016953,1,9,0,18,19,3,7,0,0,0,1,12,1,0,1,1,5,6,1,32,6,1242,1,15,FORD FIESTA,2,E01030254,0,-1
2021548147621,2021,548147621,2,9,0,5,5,1,3,0,0,4,0,0,0,0,2,1,6,6,1,31,6,1560,2,10,FORD FIESTA,2,E01013774,0,-1
2021421036454,2021,421036454,2,9,0,3,3,2,6,0,0,0,0,0,0,0,2,1,6,6,1,21,5,1596,1,6,FORD FIESTA,7,E01021887,0,-1
2021010311617,2021,010311617,1,9,0,18,19,5,1,0,0,2,0,10,2,10,4,1,6,6,1,49,8,1242,1,13,FORD FIESTA,3,E01003525,0,-1
2021430103096,2021,430103096,2,9,0,9,9,2,8,0,0,6,0,0,0,0,1,1,6,6,1,-1,-1,1388,1,12,FORD FIESTA,-1,-1,0,-1
2021622100281,2021,622100281,1,9,0,9,9,4,2,0,0,8,0,0,0,0,1,1,6,6,2,22,5,1242,1,7,FORD FIESTA,1,W01000862,0,-1
2021520101256,2021,520101256,1,9,0,18,19,2,8,0,0,8,0,4,0,0,1,1,6,6,2,49,8,1388,1,12,FORD FIESTA,1,E01029132,0,-1
2021131074482,2021,131074482,4,9,0,18,19,7,3,0,0,0,0,0,0,0,1,1,5,6,2,70,10,998,1,6,FORD FIESTA,5,E01011218,0,-1
2021320641235,2021,320641235,2,9,0,2,2,0,0,0,0,0,0,0,0,0,2,1,6,6,-1,-1,-1,999,1,1,FORD FIESTA,-1,-1,0,-1
2021052102644,2021,052102644,1,9,0,18,19,1,5,0,0,0,1,0,1,11,1,1,6,6,2,30,6,998,1,2,FORD FIESTA,1,E01006672,0,-1
2021010301501,2021,010301501,2,9,0,18,19,1,5,0,0,0,0,0,0,0,1,1,6,6,1,34,6,1388,1,17,FORD FIESTA,-1,-1,0,-1
2021221079630,2021,221079630,1,9,0,18,19,3,7,0,0,8,0,0,0,0,1,1,5,6,1,23,5,998,1,4,FORD FIESTA,2,E01032240,0,-1
2021471080831,2021,471080831,1,9,0,17,19,5,1,0,0,0,0,0,7,10,1,1,5,6,2,18,4,998,1,3,FORD FIESTA,6,E01031507,0,-1
2021421120871,2021,421120871,2,9,0,18,19,7,3,0,0,0,0,0,0,0,3,1,6,6,1,32,6,998,1,8,FORD FIESTA,9,E01021721,0,-1
2021201118798,2021,201118798,1,9,0,18,19,4,8,0,0,0,0,4,0,0,1,1,6,6,1,21,5,998,1,8,FORD FIESTA,5,E01009527,0,-1
2021302101754,2021,302101754,1,9,0,18,19,8,2,0,0,8,0,0,0,0,1,1,6,6,2,28,6,1596,1,11,FORD FIESTA,10,E01013576,0,-1
20211382A0351,2021,1382A0351,1,9,0,4,4,5,1,0,0,0,0,0,0,0,2,1,6,6,2,21,5,998,1,4,FORD FIESTA,5,E01011500,0,-1
2021010350264,2021,010350264,1,9,0,3,3,6,2,0,0,0,0,0,7,0,4,1,2,2,1,34,6,1399,2,9,FORD FIESTA,1,E01004340,0,-1
2021991052257,2021,991052257,1,9,0,18,19,3,7,0,0,0,0,0,0,0,1,1,6,6,1,20,4,1242,1,6,FORD FIESTA,2,-1,0,-1
2021010319666,2021,010319666,2,9,0,99,99,9,9,99,99,0,9,99,9,99,1,9,6,6,3,27,6,1388,1,18,FORD FIESTA,8,E01004160,0,-1
2021201059495,2021,201059495,2,9,0,18,19,3,7,0,0,0,0,0,0,0,4,1,6,6,1,42,7,1242,1,13,FORD FIESTA,10,E01010391,0,-1
2021221082479,2021,221082479,1,9,0,16,19,6,1,0,0,1,1,0,8,0,3,1,5,6,1,19,4,1242,1,13,FORD FIESTA,9,E01032261,0,-1
2021170M11571,2021,170M11571,1,9,0,18,19,5,1,0,0,0,0,0,0,0,1,1,2,2,1,21,5,1242,1,13,FORD FIESTA,9,E01007802,0,-1
202131C045821,2021,31C045821,1,9,0,9,9,2,8,0,0,8,0,0,0,0,1,1,6,6,1,19,4,998,1,7,FORD FIESTA,6,E01028331,0,-1
2021421105781,2021,421105781,1,9,0,9,9,5,1,0,0,0,0,0,0,0,1,1,1,1,2,52,8,1499,2,8,FORD FIESTA,2,E01021989,0,-1
2021991032567,2021,991032567,1,9,0,9,9,5,3,0,0,6,0,0,0,0,3,1,1,1,1,30,6,-1,-1,-1,FORD FIESTA,4,-1,0,-1
2021501065631,2021,501065631,1,9,0,9,9,7,3,0,0,8,0,0,0,0,1,1,5,6,1,19,4,1399,2,11,FORD FIESTA,6,E01020108,0,-1
2021461070944,2021,461070944,2,9,0,18,19,1,1,0,0,0,0,0,1,0,1,1,6,6,1,19,4,1242,1,15,FORD FIESTA,5,E01024796,0,-1
2021440380165,2021,440380165,2,9,0,18,19,1,5,0,0,8,0,0,0,0,1,1,6,6,1,29,6,1999,1,13,FORD FIESTA,6,E01023237,0,-1
2021471021743,2021,471021743,1,9,0,18,19,7,3,0,0,1,0,0,0,0,1,1,6,6,1,24,5,1499,2,4,FORD FIESTA,1,E01020972,0,-1
2021440256038,2021,440256038,3,9,0,18,19,1,5,0,0,0,0,0,0,0,2,1,2,2,2,31,6,1242,1,15,FORD FIESTA,3,E01022811,0,-1
2021141082180,2021,141082180,1,9,0,9,9,3,1,0,0,6,0,0,0,0,1,1,5,6,2,35,6,1388,1,12,FORD FIESTA,1,E01007857,0,-1
2021041057286,2021,041057286,2,9,0,18,19,7,7,0,0,0,0,0,0,0,2,1,5,6,2,61,9,1560,2,9,FORD FIESTA,3,E01024959,0,-1
2021302100056,2021,302100056,1,9,0,18,19,8,4,0,0,0,0,0,1,4,1,1,6,6,1,56,9,1388,1,16,FORD FIESTA,5,E01019598,0,-1
2021371042539,2021,371042539,1,9,0,18,19,8,4,0,0,0,0,0,1,11,1,1,5,6,1,81,11,1596,1,8,FORD FIESTA,6,E01030245,0,-1
2021451052026,2021,451052026,1,9,0,7,7,3,1,0,0,8,0,2,0,0,1,1,5,6,2,40,7,1388,1,14,FORD FIESTA,5,E01030656,0,-1
2021302100381,2021,302100381,1,9,0,4,4,5,1,0,0,0,0,0,0,0,2,1,2,2,2,32,6,998,1,3,FORD FIESTA,2,E01013477,0,-1
2021010340478,2021,010340478,2,9,0,9,9,3,1,0,0,8,0,0,0,0,1,1,1,1,1,35,6,-1,-1,-1,FORD FIESTA,3,E01004066,0,-1
2021141023325,2021,141023325,1,9,0,18,19,5,1,0,0,1,0,0,0,0,1,1,6,6,3,-1,-1,1242,1,12,FORD FIESTA,-1,-1,0,-1
2021131112082,2021,131112082,2,9,0,9,9,1,5,0,0,3,0,0,0,0,4,1,5,6,3,22,5,998,1,3,FORD FIESTA,5,E01032495,0,-1
2021421021233,2021,421021233,2,9,0,3,3,8,4,0,0,0,0,0,0,0,2,1,2,2,1,21,5,998,1,3,FORD FIESTA,5,E01003724,0,-1
202131A154721,2021,31A154721,1,9,0,18,19,3,7,0,0,0,1,4,0,0,1,1,2,2,2,40,7,1388,1,12,FORD FIESTA,2,E01027987,0,-1
2021411128523,2021,411128523,1,9,0,18,19,5,1,0,0,2,0,11,0,0,4,1,6,6,1,35,6,998,1,4,FORD FIESTA,6,E01000161,0,-1
2021122100703,2021,122100703,3,9,0,2,2,0,0,0,0,2,0,0,0,0,2,1,6,6,2,64,9,1242,1,7,FORD FIESTA,8,E01027694,0,-1
2021311077790,2021,311077790,1,9,0,14,14,7,3,0,0,0,0,0,7,0,1,1,5,6,1,19,4,1242,1,12,FORD FIESTA,6,E01026031,0,-1
2021041115123,2021,041115123,2,9,0,7,7,3,5,0,0,6,0,0,0,0,3,1,6,6,2,28,6,1242,1,8,FORD FIESTA,5,E01012729,0,-1
2021546470721,2021,546470721,1,9,0,18,19,8,4,0,0,0,0,0,0,0,1,1,6,6,1,21,5,1084,1,4,FORD FIESTA,7,E01032029,0,-1
2021221116604,2021,221116604,1,9,0,18,19,2,6,0,0,0,0,0,0,0,1,1,3,7,2,17,4,1242,1,12,FORD FIESTA,10,E01032144,0,-1
2021031121421,2021,031121421,1,9,0,13,13,5,1,0,0,0,0,0,7,11,1,1,5,6,1,47,8,1388,1,16,FORD FIESTA,4,E01019150,0,-1
2021131069709,2021,131069709,2,9,0,9,9,1,5,0,0,1,0,0,0,0,2,1,5,6,2,31,6,998,1,2,FORD FIESTA,8,E01011277,0,-1
2021101040156,2021,101040156,2,9,0,18,19,3,7,0,0,8,0,0,0,0,1,1,2,2,2,33,6,1242,1,11,FORD FIESTA,2,E01008477,0,-1
2021122100876,2021,122100876,1,9,0,18,19,5,1,0,0,1,0,0,0,0,2,1,6,6,2,18,4,1242,1,13,FORD FIESTA,6,E01013441,0,-1
2021430208209,2021,430208209,1,9,0,18,19,6,2,0,0,1,0,0,0,0,1,1,6,6,2,18,4,1242,1,15,FORD FIESTA,9,E01016345,0,-1
2021061088322,2021,061088322,2,9,0,18,19,3,5,0,0,4,0,0,0,0,1,1,5,6,3,30,6,998,1,5,FORD FIESTA,2,E01032920,0,-1
2021010288037,2021,010288037,1,9,0,5,5,3,7,0,0,1,0,0,0,0,1,1,2,2,1,58,9,1388,1,24,FORD FIESTA,2,E01003350,0,-1
2021010324640,2021,010324640,2,9,9,99,99,9,9,0,0,0,9,99,0,0,9,9,6,6,3,-1,-1,1242,1,14,FORD FIESTA,-1,-1,0,-1
2021501046265,2021,501046265,1,9,0,18,19,4,8,0,0,0,5,0,0,0,3,1,6,6,1,23,5,1596,1,11,FORD FIESTA,4,E01020252,0,-1
2021201133852,2021,201133852,1,9,0,4,4,8,4,0,0,5,0,0,0,0,1,1,6,6,1,19,4,1596,1,12,FORD FIESTA,3,E01017107,0,-1
2021522104216,2021,522104216,1,9,0,3,3,7,3,0,0,0,0,0,0,0,2,1,6,6,2,39,7,998,1,1,FORD FIESTA,6,E01014900,0,-1
2021010302955,2021,010302955,1,9,0,99,99,9,9,99,99,9,9,99,9,99,1,9,2,2,2,30,6,1242,1,7,FORD FIESTA,6,E01001073,0,-1
2021320199935,2021,320199935,3,9,0,4,4,3,7,0,0,0,0,10,0,0,2,1,1,1,1,34,6,1242,1,15,FORD FIESTA,3,E01026122,0,-1
2021061078379,2021,061078379,2,9,0,18,19,5,1,0,0,0,0,0,1,7,3,1,6,6,2,23,5,1399,2,11,FORD FIESTA,6,E01005519,0,-1
2021401020769,2021,401020769,1,9,0,5,5,1,5,0,0,2,0,0,0,0,1,1,6,6,1,53,8,1560,2,12,FORD FIESTA,7,E01017516,0,-1
2021010351978,2021,010351978,1,9,0,99,99,9,9,99,99,0,9,99,9,99,9,9,6,6,2,59,9,1499,2,8,FORD FIESTA,7,E01002349,0,-1
2021221029225,2021,221029225,1,9,0,1,1,4,8,0,0,0,0,4,0,0,2,1,5,6,1,34,6,1299,1,19,FORD FIESTA,1,E01009377,0,-1
2021041088853,2021,041088853,1,9,0,18,19,5,1,0,0,0,0,0,0,0,3,1,5,6,1,55,8,999,1,0,FORD FIESTA,1,E01033747,0,-1
2021451064634,2021,451064634,1,9,0,18,19,4,8,0,0,0,0,0,0,0,1,1,5,6,1,18,4,1242,1,7,FORD FIESTA,4,E01002607,0,-1
2021361143826,2021,361143826,1,9,0,18,19,7,3,0,0,8,0,0,0,0,3,1,5,6,1,85,11,1242,1,15,FORD FIESTA,8,E01026518,0,-1
2021010338534,2021,010338534,1,9,0,18,19,1,5,0,0,0,5,4,0,0,1,1,6,6,1,19,4,1499,2,5,FORD FIESTA,9,E01002286,0,-1
2021411037965,2021,411037965,1,9,0,18,19,8,4,0,0,4,0,0,0,0,1,1,1,1,2,40,7,1242,1,12,FORD FIESTA,9,E01023417,0,-1
2021461075338,2021,461075338,1,9,0,9,9,1,7,0,0,0,0,0,0,0,3,1,6,6,1,30,6,1388,7,14,FORD FIESTA,3,E01021821,0,-1
2021010351974,2021,010351974,2,9,0,99,99,9,9,99,99,9,9,99,9,99,1,9,6,6,3,-1,-1,1388,1,15,FORD FIESTA,-1,-1,0,-1
2021361130606,2021,361130606,1,9,0,16,19,3,7,0,0,0,1,0,0,0,3,1,5,6,2,43,7,1399,2,10,FORD FIESTA,7,E01026504,0,-1
2021031049455,2021,031049455,1,9,0,17,19,8,4,0,0,0,5,10,2,10,3,1,6,6,3,-1,-1,998,1,6,FORD FIESTA,-1,-1,0,-1
2021131045603,2021,131045603,1,9,0,12,12,5,1,0,0,3,0,0,0,0,3,2,6,6,2,45,7,998,1,4,FORD FIESTA,6,E01011607,0,-1
2021440133388,2021,440133388,4,9,0,4,4,2,6,0,0,0,0,0,0,0,1,1,6,6,1,40,7,1399,2,11,FORD FIESTA,2,E01017119,0,-1
2021622100529,2021,622100529,2,9,0,4,4,4,8,0,0,0,0,0,0,0,2,1,2,2,2,41,7,1299,1,20,FORD FIESTA,5,W01001165,0,-1
2021201080649,2021,201080649,3,9,0,2,2,0,0,9,9,0,0,0,0,0,1,1,5,6,1,-1,-1,1388,1,15,FORD FIESTA,1,E01008935,0,-1
2021501134343,2021,501134343,1,9,0,16,19,1,5,0,0,0,0,4,0,0,1,1,6,6,2,28,6,1242,1,20,FORD FIESTA,7,E01015253,0,-1
2021421110817,2021,421110817,1,9,0,16,19,7,3,9,9,5,1,0,7,11,3,1,5,6,1,23,5,1388,1,19,FORD FIESTA,3,E01002283,0,-1
2021201145909,2021,201145909,1,9,0,18,19,6,2,0,0,8,0,0,0,0,3,1,6,6,1,20,4,999,1,1,FORD FIESTA,7,E01010121,0,-1
2021010337147,2021,010337147,1,9,0,17,19,5,1,0,0,0,0,0,1,2,1,1,6,6,2,24,5,1242,1,12,FORD FIESTA,3,E01015927,0,-1
2021010312019,2021,010312019,2,9,0,2,2,0,0,0,0,1,0,0,0,0,0,1,6,6,3,-1,-1,998,1,7,FORD FIESTA,-1,-1,0,-1
2021461028837,2021,461028837,1,9,0,17,19,5,2,0,0,0,1,0,7,0,4,1,3,7,2,17,4,1388,1,11,FORD FIESTA,8,E01024011,0,-1
2021010292676,2021,010292676,1,9,0,18,19,7,3,0,0,8,0,0,0,0,1,1,6,6,2,30,6,1242,1,6,FORD FIESTA,-1,-1,0,-1
2021201085832,2021,201085832,1,9,0,18,19,6,2,0,0,6,0,0,0,0,4,1,6,6,2,55,8,1242,1,7,FORD FIESTA,9,E01010398,0,-1
2021010339505,2021,010339505,2,9,0,99,99,9,9,99,99,9,9,99,9,99,1,9,6,6,3,-1,-1,1388,1,11,FORD FIESTA,-1,-1,0,-1
2021401118683,2021,401118683,2,9,0,9,9,5,1,0,0,3,1,0,0,0,3,1,5,6,1,29,6,1242,1,10,FORD FIESTA,4,E01017487,0,-1
2021010288884,2021,010288884,1,9,0,99,99,9,9,99,99,9,9,99,9,99,2,9,6,6,2,36,7,1399,2,11,FORD FIESTA,7,E01001600,0,-1
2021010319804,2021,010319804,2,9,0,99,99,9,9,99,99,0,9,99,9,99,1,9,6,6,1,19,4,1242,1,12,FORD FIESTA,2,E01001066,0,-1
2021522104973,2021,522104973,1,9,0,18,19,3,7,0,0,0,0,0,0,0,1,1,1,1,2,21,5,1388,1,11,FORD FIESTA,9,E01014752,0,-1
2021010293721,2021,010293721,1,9,0,99,99,9,9,99,99,9,9,99,9,99,2,9,6,6,1,19,4,1560,2,13,FORD FIESTA,4,E01003031,0,-1
2021991046628,2021,991046628,2,9,5,4,4,2,6,0,0,0,0,0,0,0,1,1,6,6,1,19,4,1560,2,12,FORD FIESTA,3,-1,0,-1
2021461053218,2021,461053218,1,9,0,5,5,7,1,0,0,8,0,0,0,0,1,1,6,6,2,18,4,998,1,5,FORD FIESTA,4,E01024624,0,-1
2021161041765,2021,161041765,2,9,0,18,19,4,8,0,0,8,1,10,4,0,3,1,5,6,1,40,7,-1,-1,-1,FORD FIESTA,1,E01012946,0,-1
2021010310700,2021,010310700,2,9,0,18,19,7,3,0,0,1,0,0,0,0,1,1,6,6,3,-1,-1,1242,1,11,FORD FIESTA,-1,-1,0,-1
2021451055431,2021,451055431,2,9,0,18,19,5,1,0,0,0,0,0,0,0,1,1,6,6,1,32,6,1299,1,20,FORD FIESTA,6,E01000192,0,-1
2021010331063,2021,010331063,1,9,9,99,99,9,9,99,99,9,9,99,9,99,9,9,6,6,1,32,6,1242,1,14,FORD FIESTA,2,E01001395,0,-1
2021622100192,2021,622100192,1,9,0,18,19,5,1,0,0,8,0,0,0,0,1,1,1,1,2,41,7,1242,1,12,FORD FIESTA,1,W01000836,0,-1
2021221124434,2021,221124434,3,9,0,2,2,0,0,0,0,0,0,0,0,0,2,1,5,6,1,32,6,1499,2,5,FORD FIESTA,9,E01032289,0,-1
2021010330720,2021,010330720,1,9,0,4,4,7,3,0,0,0,0,0,0,0,0,1,6,6,2,33,6,1560,2,6,FORD FIESTA,9,E01021383,0,-1
2021622100461,2021,622100461,2,9,0,18,19,8,4,0,0,0,5,0,1,7,4,1,2,2,2,57,9,1499,2,3,FORD FIESTA,4,W01000787,0,-1
2021531047672,2021,531047672,1,9,0,7,7,-1,-1,4,4,-1,0,0,0,0,4,1,6,6,2,61,9,1242,1,4,FORD FIESTA,-1,-1,0,-1
2021010318983,2021,010318983,2,9,9,99,99,9,9,99,99,9,9,99,0,0,9,9,6,6,3,-1,-1,1388,1,18,FORD FIESTA,-1,-1,0,-1
2021010340476,2021,010340476,1,9,0,7,7,4,7,0,0,6,0,0,0,0,1,1,6,6,2,41,7,1242,1,4,FORD FIESTA,2,E01003108,0,-1
2021991070958,2021,991070958,1,9,0,18,19,3,7,0,0,0,2,4,0,0,2,1,5,6,2,70,10,1596,1,7,FORD FIESTA,5,-1,0,-1
2021111061979,2021,111061979,1,9,0,17,19,3,8,9,9,0,0,0,2,0,1,1,2,2,1,18,4,998,1,5,FORD FIESTA,6,E01012323,0,-1
2021371136259,2021,371136259,1,9,0,5,5,5,1,0,0,6,0,0,0,0,3,1,5,6,2,30,6,1242,1,10,FORD FIESTA,1,E01030249,0,-1
2021010315592,2021,010315592,2,9,0,10,10,7,4,0,0,0,0,0,0,0,2,1,2,2,1,70,10,1388,1,17,FORD FIESTA,7,E01004162,0,-1
2021010288813,2021,010288813,1,9,0,5,5,3,7,0,0,3,0,0,0,0,2,1,2,2,2,38,7,998,1,7,FORD FIESTA,5,E01021498,0,-1
2021052101085,2021,052101085,2,9,0,18,19,1,5,0,0,8,0,0,0,0,1,1,6,6,2,18,4,1242,1,7,FORD FIESTA,1,E01006440,0,-1