collision_index,collision_year,collision_ref_no,vehicle_reference,vehicle_type,towing_and_articulation,vehicle_manoeuvre_historic,vehicle_manoeuvre,vehicle_direction_from,vehicle_direction_to,vehicle_location_restricted_lane_historic,vehicle_location_restricted_lane,junction_location,skidding_and_overturning,hit_object_in_carriageway,vehicle_leaving_carriageway,hit_object_off_carriageway,first_point_of_impact,vehicle_left_hand_drive,journey_purpose_of_driver_historic,journey_purpose_of_driver,sex_of_driver,age_of_driver,age_band_of_driver,engine_capacity_cc,propulsion_code,age_of_vehicle,generic_make_model,driver_imd_decile,lsoa_of_driver,escooter_flag,driver_distance_banding
2021052102123,2021,052102123,2,9,0,18,19,2,6,0,0,1,0,0,0,0,2,1,6,6,2,63,9,1242,1,6,FORD FIESTA,5,E01006978,0,-1
2021461074912,2021,461074912,1,9,0,18,19,5,1,0,0,1,0,0,0,0,1,1,6,6,1,47,8,1242,1,22,FORD FIESTA,2,E01023974,0,-1
2021061030233,2021,061030233,2,9,0,18,19,6,2,0,0,0,0,0,0,0,1,1,1,1,1,36,7,1084,1,3,FORD FIESTA,3,E01006035,0,-1
2021451109623,2021,451109623,1,9,0,9,9,5,3,0,0,8,0,0,0,0,1,1,5,6,2,32,6,1499,2,5,FORD FIESTA,6,E01030653,0,-1
2021451118788,2021,451118788,1,9,0,5,5,7,3,0,0,0,0,0,0,0,1,1,5,6,1,39,7,998,1,6,FORD FIESTA,4,E01023099,0,-1
2021010337963,2021,010337963,1,9,0,18,19,7,3,0,0,0,0,4,0,0,4,1,2,2,2,22,5,998,1,3,FORD FIESTA,6,E01002135,0,-1
202131A141021,2021,31A141021,3,9,0,18,19,6,2,0,0,1,0,0,0,0,1,1,6,6,1,37,7,1388,1,17,FORD FIESTA,5,E01019512,0,-1
2021371039592,2021,371039592,1,9,0,18,19,8,4,0,0,0,1,0,0,0,1,1,6,6,1,29,6,-1,-1,-1,FORD FIESTA,5,E01030266,0,-1
2021430585611,2021,430585611,2,9,0,7,7,6,8,0,0,1,0,0,0,0,1,1,6,6,2,40,7,1242,1,12,FORD FIESTA,10,E01028475,0,-1
2021461125375,2021,461125375,1,9,0,18,19,1,5,0,0,0,0,0,0,0,1,1,6,6,3,-1,-1,1388,1,13,FORD FIESTA,-1,-1,0,-1
2021361097388,2021,361097388,1,9,0,5,5,1,4,0,0,0,0,0,0,0,3,1,1,1,1,46,8,1399,2,13,FORD FIESTA,6,E01026252,0,-1
2021351139280,2021,351139280,2,9,0,3,3,8,4,0,0,1,0,0,0,0,1,1,5,6,1,27,6,1399,2,9,FORD FIESTA,5,E01018158,0,-1
202131B111721,2021,31B111721,1,9,0,18,19,6,2,0,0,6,0,0,0,0,1,1,6,6,2,38,7,1242,1,11,FORD FIESTA,2,E01028300,0,-1
2021421083470,2021,421083470,1,9,0,18,19,7,3,0,0,0,0,0,0,0,1,1,6,6,1,25,5,1242,1,16,FORD FIESTA,-1,-1,0,-1
2021041034119,2021,041034119,1,9,0,18,19,2,8,0,0,0,0,0,0,0,1,2,6,6,2,57,9,1242,1,8,FORD FIESTA,5,E01006971,0,-1
2021221087465,2021,221087465,1,9,0,9,9,5,4,0,0,6,0,0,0,0,1,1,5,6,1,42,7,998,1,8,FORD FIESTA,8,E01032463,0,-1
2021010350947,2021,010350947,2,9,0,2,2,0,0,0,0,0,0,0,0,0,2,1,6,6,3,-1,-1,1560,2,13,FORD FIESTA,-1,-1,0,-1
2021221048450,2021,221048450,2,9,0,2,2,0,0,0,0,0,0,0,0,0,2,1,1,1,2,34,6,1242,1,7,FORD FIESTA,5,E01014186,0,-1
2021010330208,2021,010330208,1,9,0,99,99,9,9,0,0,8,0,0,0,0,4,9,6,6,2,21,5,1242,1,12,FORD FIESTA,3,E01000032,0,-1
202131A116121,2021,31A116121,1,9,0,2,2,0,0,0,0,2,0,0,0,0,3,1,1,1,2,30,6,1242,1,13,FORD FIESTA,-1,-1,0,-1
2021361063445,2021,361063445,1,9,0,18,19,6,7,0,0,2,5,0,1,0,4,1,2,2,1,18,4,1388,1,14,FORD FIESTA,9,E01026644,0,-1
2021010292883,2021,010292883,2,9,0,99,99,9,9,99,99,9,9,99,9,99,1,9,6,6,3,-1,-1,1242,1,17,FORD FIESTA,-1,-1,0,-1
2021041021256,2021,041021256,1,9,0,9,9,3,7,0,0,2,0,0,0,0,1,1,5,6,1,19,4,1242,1,13,FORD FIESTA,7,E01025081,0,-1
2021161102506,2021,161102506,1,9,0,18,19,1,5,0,0,0,0,0,0,0,2,1,3,7,1,41,7,1399,2,12,FORD FIESTA,1,E01013201,0,-1
2021430174950,2021,430174950,2,9,0,18,19,8,4,0,0,8,0,0,0,0,2,1,6,6,1,63,9,1242,1,10,FORD FIESTA,4,E01016346,0,-1
2021201115232,2021,201115232,1,9,0,18,19,6,2,0,0,1,0,0,0,0,1,1,6,6,1,16,4,1399,2,13,FORD FIESTA,4,E01032537,0,-1
2021302100235,2021,302100235,1,9,0,18,19,4,8,0,0,8,0,0,0,0,1,1,6,6,2,43,7,1560,2,11,FORD FIESTA,5,E01019883,0,-1
2021501039493,2021,501039493,1,9,0,7,7,8,2,0,0,4,0,0,0,0,1,1,6,6,2,35,6,1242,1,11,FORD FIESTA,5,E01020006,0,-1
2021201116062,2021,201116062,2,9,0,18,19,2,6,0,0,8,0,0,0,0,1,1,6,6,2,21,5,998,1,3,FORD FIESTA,2,E01009487,0,-1
2021622100477,2021,622100477,2,9,0,5,5,2,6,0,0,4,0,0,0,0,1,1,6,6,1,75,10,1242,1,12,FORD FIESTA,4,W01001121,0,-1
2021231108310,2021,231108310,1,9,0,18,19,3,7,0,0,8,1,0,0,0,1,1,5,6,1,29,6,1242,1,15,FORD FIESTA,8,E01031029,0,-1
2021361044557,2021,361044557,2,9,0,18,19,4,8,0,0,1,0,0,0,0,1,1,5,6,2,67,10,1560,2,12,FORD FIESTA,4,E01026806,0,-1
2021101117200,2021,101117200,2,9,0,18,19,1,5,0,0,0,0,0,0,0,1,1,5,6,2,54,8,999,1,1,FORD FIESTA,9,E01008716,0,-1
2021101044455,2021,101044455,1,9,0,5,5,4,2,0,0,5,0,0,0,0,1,1,3,7,2,47,8,998,1,5,FORD FIESTA,3,E01008488,0,-1
2021010294494,2021,010294494,1,9,0,9,9,1,7,0,0,1,0,0,0,0,3,1,6,6,1,28,6,1388,1,9,FORD FIESTA,4,E01004642,0,-1
2021131034326,2021,131034326,2,9,0,14,14,5,1,0,0,0,0,0,0,0,4,1,5,6,2,27,6,1242,1,8,FORD FIESTA,4,E01001613,0,-1
2021991017755,2021,991017755,1,9,0,18,19,7,3,0,0,0,0,4,0,0,1,1,6,6,1,24,5,1242,1,14,FORD FIESTA,1,-1,0,-1
2021361043846,2021,361043846,1,9,0,18,19,8,7,0,0,0,0,0,0,0,1,1,5,6,1,33,6,1388,1,15,FORD FIESTA,1,E01026597,0,-1
2021010343798,2021,010343798,2,9,0,18,19,1,5,0,0,8,0,0,7,2,4,1,2,2,2,25,5,1596,1,12,FORD FIESTA,10,E01030395,0,-1
2021320723079,2021,320723079,1,9,0,18,19,6,2,0,0,8,0,0,3,0,1,1,6,6,1,17,4,1560,2,8,FORD FIESTA,8,E01026581,0,-1
2021041019867,2021,041019867,3,9,0,18,19,6,2,0,0,0,0,0,0,0,0,1,6,6,2,53,8,1499,2,6,FORD FIESTA,7,E01025131,0,-1
2021201085555,2021,201085555,3,9,0,9,9,8,6,0,0,1,0,0,0,0,2,1,6,6,1,36,7,1242,1,10,FORD FIESTA,9,E01029847,0,-1
2021401056859,2021,401056859,2,9,0,4,4,1,5,0,0,0,0,0,0,0,1,1,6,6,1,21,5,999,1,0,FORD FIESTA,6,E01017550,0,-1
2021531089919,2021,531089919,1,9,0,9,9,3,1,0,0,8,0,0,1,0,3,1,6,6,1,29,6,999,1,1,FORD FIESTA,10,E01022425,0,-1
2021471027203,2021,471027203,2,9,0,18,19,2,7,0,0,1,0,0,0,0,1,1,2,2,1,24,5,998,1,2,FORD FIESTA,8,E01031780,0,-1
202131C174721,2021,31C174721,1,9,0,9,9,4,2,0,0,6,0,0,0,0,3,1,6,6,1,38,7,1499,2,8,FORD FIESTA,6,E01013895,0,-1
20211383G1041,2021,1383G1041,1,9,0,18,19,7,3,0,0,0,2,0,0,6,1,1,2,2,2,24,5,1499,2,8,FORD FIESTA,8,E01010901,0,-1
2021138321544,2021,138321544,1,9,0,18,19,3,7,0,0,1,0,0,0,0,1,1,1,1,1,32,6,1242,1,9,FORD FIESTA,1,E01033021,0,-1
2021401054374,2021,401054374,2,9,0,4,4,4,8,0,0,0,0,0,0,0,2,1,5,6,1,30,6,1242,1,12,FORD FIESTA,5,E01015777,0,-1
2021430110741,2021,430110741,1,9,0,7,7,8,2,0,0,6,0,0,0,0,3,1,3,7,2,29,6,1242,1,4,FORD FIESTA,2,E01017665,0,-1
2021010292940,2021,010292940,2,9,0,4,4,3,7,0,0,0,9,99,0,0,1,9,6,6,1,-1,-1,1084,1,3,FORD FIESTA,10,E01024151,0,-1
2021161124875,2021,161124875,1,9,0,18,19,7,3,0,0,1,0,0,0,0,3,1,5,6,2,20,4,1399,2,12,FORD FIESTA,1,E01012880,0,-1
2021991031064,2021,991031064,1,9,0,17,19,6,2,0,0,0,5,0,7,0,3,1,1,1,1,43,7,-1,-1,-1,FORD FIESTA,4,-1,0,-1
2021421074485,2021,421074485,1,9,0,12,12,7,3,0,0,0,0,0,0,0,3,1,5,6,2,19,4,999,1,1,FORD FIESTA,8,E01002378,0,-1
2021421102470,2021,421102470,1,9,0,18,19,3,7,0,0,0,0,0,0,0,1,1,6,6,2,83,11,1596,1,5,FORD FIESTA,7,E01015848,0,-1
2021440286463,2021,440286463,2,9,0,18,19,4,8,0,0,0,0,0,0,0,2,1,6,6,2,63,9,998,1,5,FORD FIESTA,9,E01032605,0,-1
2021010322430,2021,010322430,1,9,0,18,19,1,5,0,0,8,2,0,0,0,2,1,6,6,2,26,6,1084,1,2,FORD FIESTA,2,E01000096,0,-1
2021991101903,2021,991101903,2,9,0,18,19,8,4,0,0,2,0,0,0,0,4,1,1,1,1,28,6,1242,1,4,FORD FIESTA,10,-1,0,-1
2021122100085,2021,122100085,1,9,0,12,12,6,1,0,0,6,1,0,1,4,3,1,6,6,2,25,5,1242,1,8,FORD FIESTA,5,E01027590,0,-1
2021061045501,2021,061045501,1,9,0,9,9,8,6,0,0,1,0,0,0,0,1,1,6,6,2,23,5,1242,1,16,FORD FIESTA,7,E01005827,0,-1
2021461022614,2021,461022614,2,9,0,4,4,2,6,0,0,0,1,0,0,0,2,1,6,6,2,26,6,1084,1,3,FORD FIESTA,2,E01024128,0,-1
2021302100241,2021,302100241,1,9,0,18,19,8,4,0,0,0,0,0,0,0,1,1,2,2,2,23,5,1242,1,13,FORD FIESTA,4,E01019676,0,-1
2021010311403,2021,010311403,2,9,0,9,9,3,1,0,0,6,0,0,0,0,1,1,2,2,2,29,6,998,1,6,FORD FIESTA,2,E01003925,0,-1
2021211056958,2021,211056958,1,9,0,13,13,4,5,0,0,0,0,11,0,0,1,1,5,6,2,63,9,999,1,1,FORD FIESTA,10,E01029822,0,-1
2021320326296,2021,320326296,1,9,0,15,15,2,6,0,0,0,0,0,0,0,1,1,1,1,1,49,8,-1,-1,-1,FORD FIESTA,1,E01026308,0,-1
2021131038549,2021,131038549,1,9,0,18,19,7,3,0,0,0,0,0,0,0,1,1,2,2,1,21,5,998,1,7,FORD FIESTA,8,E01011241,0,-1
2021010317993,2021,010317993,2,9,9,99,99,9,9,99,99,9,9,99,9,99,1,9,6,6,2,28,6,1596,1,8,FORD FIESTA,2,E01001621,0,-1
202131A010321,2021,31A010321,1,9,0,12,12,7,3,0,0,0,1,0,0,0,3,1,1,1,1,36,7,1388,1,16,FORD FIESTA,3,E01019515,0,-1
2021161102369,2021,161102369,2,9,0,2,2,0,0,0,0,1,0,0,0,0,3,1,5,6,3,25,5,1242,1,8,FORD FIESTA,-1,-1,0,-1
2021131072392,2021,131072392,1,9,0,9,9,1,5,0,0,5,0,0,0,0,3,1,5,6,2,43,7,998,1,5,FORD FIESTA,3,E01011806,0,-1
2021411092576,2021,411092576,1,9,0,18,19,3,7,0,0,0,2,0,1,7,4,1,5,6,1,22,5,1499,2,3,FORD FIESTA,8,E01002201,0,-1
202154C690121,2021,54C690121,2,9,0,17,19,5,1,0,0,0,0,0,1,0,1,1,6,6,2,32,6,998,1,2,FORD FIESTA,8,E01031873,0,-1
2021010299373,2021,010299373,4,9,0,18,19,5,1,0,0,0,0,0,0,0,1,1,6,6,1,18,4,1388,1,11,FORD FIESTA,5,E01001315,0,-1
2021421080514,2021,421080514,1,9,0,5,5,8,4,0,0,0,0,0,0,0,1,1,6,6,1,41,7,1560,2,10,FORD FIESTA,8,E01021436,0,-1
2021991073554,2021,991073554,2,9,0,18,19,4,8,0,0,1,0,0,0,0,1,1,3,7,2,50,8,998,1,2,FORD FIESTA,7,-1,0,-1
2021010339263,2021,010339263,2,9,0,18,19,2,6,0,0,1,0,0,0,0,1,1,6,6,3,25,5,1242,1,9,FORD FIESTA,4,E01015972,0,-1
2021070819523,2021,070819523,2,9,0,8,8,1,3,0,0,1,0,0,0,0,4,1,6,6,2,72,10,1388,1,18,FORD FIESTA,5,E01012411,0,-1
2021141140720,2021,141140720,2,9,0,12,12,6,2,0,0,0,0,0,0,0,1,1,6,6,1,-1,-1,1499,2,7,FORD FIESTA,1,E01008065,0,-1
2021041127308,2021,041127308,1,9,0,5,5,5,1,0,0,6,0,0,0,0,1,1,5,6,1,73,10,1399,2,13,FORD FIESTA,8,E01024939,0,-1
2021471091572,2021,471091572,2,9,0,3,3,5,1,0,0,1,0,0,0,0,2,1,6,6,1,41,7,1596,1,14,FORD FIESTA,1,E01031454,0,-1
2021122101441,2021,122101441,1,9,0,10,10,5,1,0,0,1,0,0,0,0,1,1,6,6,2,52,8,998,1,5,FORD FIESTA,3,E01011582,0,-1
2021361052942,2021,361052942,3,9,0,18,19,2,6,0,0,1,0,0,0,0,1,1,6,6,1,25,5,1499,2,5,FORD FIESTA,9,E01026503,0,-1
2021161098122,2021,161098122,2,9,0,18,19,2,6,0,0,0,0,0,0,0,3,1,5,6,1,59,9,1242,1,8,FORD FIESTA,1,E01013177,0,-1
2021361045596,2021,361045596,3,9,0,4,4,5,1,0,0,1,0,0,0,0,2,1,1,1,1,70,10,1242,1,4,FORD FIESTA,7,E01026941,0,-1
2021522102134,2021,522102134,1,9,0,3,3,1,5,0,0,1,0,0,0,0,2,1,6,6,2,52,8,1399,2,11,FORD FIESTA,3,E01014579,0,-1
2021201111958,2021,201111958,2,9,0,4,4,3,7,0,0,0,0,0,0,0,1,1,1,1,2,45,7,1596,1,7,FORD FIESTA,2,E01009091,0,-1
2021351108682,2021,351108682,2,9,0,18,19,6,2,0,0,0,0,0,0,0,1,1,5,6,1,53,8,1499,2,7,FORD FIESTA,2,E01033111,0,-1
2021041048540,2021,041048540,1,9,0,18,19,7,3,0,0,0,0,0,0,0,1,1,2,2,2,32,6,998,1,3,FORD FIESTA,4,E01025192,0,-1
2021201108735,2021,201108735,1,9,0,18,19,5,1,0,0,1,0,0,0,0,1,1,3,7,2,27,6,1596,1,11,FORD FIESTA,1,E01009480,0,-1
2021411118646,2021,411118646,2,9,0,2,2,0,0,6,6,1,0,0,0,0,3,1,6,6,3,-1,-1,998,1,8,FORD FIESTA,-1,-1,0,-1
2021411097559,2021,411097559,1,9,0,9,9,5,6,0,0,5,0,0,0,0,1,1,5,6,1,25,5,1596,1,12,FORD FIESTA,7,E01023344,0,-1
2021201077225,2021,201077225,1,9,0,18,19,8,4,0,0,0,1,0,2,4,4,1,6,6,1,20,4,1242,1,7,FORD FIESTA,9,E01009528,0,-1
2021991116829,2021,991116829,1,9,0,18,19,2,6,0,0,6,0,0,0,0,1,1,5,6,1,24,5,1388,1,13,FORD FIESTA,2,-1,0,-1
2021070515427,2021,070515427,1,9,0,18,19,5,1,0,0,0,5,0,0,0,1,1,6,6,1,41,7,1560,2,14,FORD FIESTA,1,E01012437,0,-1
202131C116621,2021,31C116621,1,9,0,7,7,1,3,0,0,5,0,0,0,0,1,1,2,2,1,50,8,1399,2,10,FORD FIESTA,1,E01013960,0,-1
2021302102112,2021,302102112,1,9,0,17,19,2,6,0,0,2,1,10,8,11,1,1,6,6,1,27,6,1388,1,11,FORD FIESTA,7,E01018393,0,-1
2021231084270,2021,231084270,1,9,0,18,19,2,6,0,0,8,0,0,0,0,1,1,2,2,2,22,5,998,1,3,FORD FIESTA,4,E01031127,0,-1
2021622100072,2021,622100072,2,9,0,17,19,2,7,0,0,0,0,0,0,0,1,1,6,6,2,18,4,1242,1,13,FORD FIESTA,1,W01001811,0,-1
2021471073591,2021,471073591,1,9,0,18,19,7,3,0,0,0,0,0,0,0,1,2,5,6,2,28,6,1242,1,7,FORD FIESTA,3,E01016921,0,-1
2021131098579,2021,131098579,1,9,0,5,5,5,1,0,0,0,0,0,0,0,1,1,2,2,1,19,4,1399,2,12,FORD FIESTA,3,E01010827,0,-1
2021221071243,2021,221071243,2,9,0,18,19,3,7,0,0,8,0,0,0,0,1,1,6,6,1,19,4,998,1,5,FORD FIESTA,8,E01016760,0,-1
2021471025168,2021,471025168,2,9,0,18,19,2,6,0,0,0,0,0,0,0,1,1,5,6,2,35,6,1388,1,13,FORD FIESTA,4,E01020914,0,-1
2021061121488,2021,061121488,2,9,0,18,19,5,1,0,0,4,0,0,0,0,1,1,5,6,1,29,6,1242,1,13,FORD FIESTA,2,E01004928,0,-1
2021122101294,2021,122101294,6,9,0,2,2,0,0,0,0,0,0,0,0,0,4,1,6,6,3,-1,-1,998,1,5,FORD FIESTA,-1,-1,0,-1
2021052101304,2021,052101304,4,9,0,18,19,3,7,0,0,1,0,0,0,0,3,1,6,6,1,64,9,998,1,2,FORD FIESTA,3,E01006652,0,-1
2021131048973,2021,131048973,1,9,0,16,19,6,8,0,0,0,1,2,0,0,1,1,2,2,2,63,9,1242,1,15,FORD FIESTA,5,E01010729,0,-1
2021010287947,2021,010287947,1,9,0,9,9,5,3,0,0,8,0,0,0,0,1,1,2,2,2,27,6,999,1,1,FORD FIESTA,4,E01032639,0,-1
2021421097284,2021,421097284,2,9,0,16,19,1,4,0,0,0,0,0,0,0,1,1,5,6,1,29,6,1242,1,12,FORD FIESTA,1,E01021970,0,-1
2021411048804,2021,411048804,1,9,0,13,13,6,2,0,0,8,0,0,0,0,4,1,6,6,1,24,5,998,1,7,FORD FIESTA,7,E01023944,0,-1
2021440144697,2021,440144697,1,9,0,18,19,4,8,0,0,0,0,0,0,0,4,1,6,6,2,30,6,1399,2,12,FORD FIESTA,4,E01017187,0,-1
2021302100516,2021,302100516,1,9,0,18,19,8,4,0,0,0,0,0,0,0,1,1,6,6,1,73,10,1388,1,16,FORD FIESTA,3,E01019468,0,-1
2021231075952,2021,231075952,2,9,0,18,19,5,1,0,0,8,0,0,0,0,1,1,6,6,1,23,5,998,1,5,FORD FIESTA,-1,-1,0,-1
2021361046108,2021,361046108,1,9,0,18,19,3,7,0,0,0,5,0,1,4,1,1,1,1,1,33,6,1242,1,19,FORD FIESTA,3,E01026717,0,-1
2021302101054,2021,302101054,2,9,0,7,7,8,2,0,0,6,0,0,0,0,1,1,1,1,1,19,4,1499,2,5,FORD FIESTA,1,E01019566,0,-1
2021041119377,2021,041119377,2,9,0,18,19,3,7,0,0,4,0,0,0,0,4,1,5,6,1,45,7,1388,1,11,FORD FIESTA,1,E01012646,0,-1
2021430404796,2021,430404796,1,9,0,18,19,6,2,0,0,0,0,0,0,0,4,1,6,6,2,-1,-1,1242,1,11,FORD FIESTA,-1,-1,0,-1
2021161124853,2021,161124853,1,9,0,18,19,4,8,0,0,0,0,4,0,0,4,1,6,6,1,40,7,1399,2,12,FORD FIESTA,1,E01012761,0,-1
2021141064291,2021,141064291,1,9,0,18,19,2,2,0,0,2,0,0,0,0,1,1,5,6,2,82,11,1388,1,12,FORD FIESTA,8,E01007918,0,-1
2021991044217,2021,991044217,2,9,0,17,19,1,6,0,0,8,0,0,0,0,1,1,5,6,1,23,5,998,1,5,FORD FIESTA,3,-1,0,-1
2021141035592,2021,141035592,1,9,0,18,19,2,6,0,0,1,0,0,0,0,1,1,2,2,1,39,7,1596,1,9,FORD FIESTA,9,E01007618,0,-1
2021991044882,2021,991044882,1,9,0,16,19,7,3,0,0,0,1,0,0,0,1,1,6,6,1,18,4,1596,1,12,FORD FIESTA,2,-1,0,-1
2021421091804,2021,421091804,1,9,0,9,9,7,5,0,0,4,0,0,0,0,1,1,5,6,1,31,6,1596,1,12,FORD FIESTA,6,E01021535,0,-1
2021371025394,2021,371025394,2,9,0,2,2,0,0,0,0,0,0,0,0,0,2,1,6,6,3,-1,-1,-1,-1,-1,FORD FIESTA,-1,-1,0,-1
2021131045733,2021,131045733,2,9,0,10,10,2,3,0,0,1,0,0,0,0,1,1,6,6,1,25,5,1388,1,19,FORD FIESTA,4,E01010637,0,-1
2021543303721,2021,543303721,3,9,0,3,3,8,4,0,0,1,0,0,0,0,2,1,6,6,1,61,9,1596,1,16,FORD FIESTA,8,E01015484,0,-1
2021052100827,2021,052100827,2,9,0,4,4,4,8,0,0,1,0,0,0,0,4,1,6,6,2,41,7,1242,1,17,FORD FIESTA,3,E01007118,0,-1
2021070246032,2021,070246032,1,9,0,6,6,7,5,0,0,0,0,0,7,4,3,1,6,6,1,26,6,1999,1,14,FORD FIESTA,6,E01010115,0,-1
2021061055908,2021,061055908,1,9,0,18,19,8,4,0,0,1,1,0,1,0,0,1,5,6,1,17,4,998,1,4,FORD FIESTA,-1,-1,0,-1
2021061052642,2021,061052642,1,9,0,18,19,3,7,0,0,0,0,0,0,0,1,1,5,6,1,30,6,998,1,1,FORD FIESTA,3,E01006034,0,-1
2021401044333,2021,401044333,1,9,0,18,19,8,3,0,0,0,0,0,0,0,1,1,6,6,1,20,4,1242,1,12,FORD FIESTA,3,E01017605,0,-1
2021401027411,2021,401027411,2,9,0,18,19,7,1,0,0,1,1,4,0,0,2,1,2,2,1,45,7,1242,1,15,FORD FIESTA,8,E01015745,0,-1
2021471063962,2021,471063962,1,9,0,18,19,6,2,0,0,0,5,0,8,4,3,1,5,6,2,77,11,1596,1,9,FORD FIESTA,10,E01022791,0,-1
2021320003040,2021,320003040,2,9,0,2,2,0,0,0,0,0,0,0,0,0,1,1,6,6,2,29,6,1596,1,12,FORD FIESTA,5,E01026190,0,-1
2021440111133,2021,440111133,1,9,0,5,5,7,3,0,0,0,0,0,0,0,4,1,6,6,2,23,5,1596,1,12,FORD FIESTA,4,E01017124,0,-1
2021440454546,2021,440454546,1,9,0,4,4,7,3,0,0,1,0,0,0,0,0,1,6,6,2,70,10,1560,2,7,FORD FIESTA,7,E01022946,0,-1
2021070160236,2021,070160236,1,9,0,10,10,3,1,0,0,1,0,0,0,0,1,1,1,1,2,18,4,1499,2,7,FORD FIESTA,8,E01018598,0,-1
2021111020574,2021,111020574,1,9,0,5,5,1,5,9,9,0,0,0,0,0,1,1,6,6,1,30,6,1242,1,8,FORD FIESTA,-1,-1,0,-1
2021351129435,2021,351129435,2,9,0,9,9,4,8,0,0,2,0,0,0,0,2,1,5,6,1,61,9,1399,2,15,FORD FIESTA,7,E01018082,0,-1
2021041115570,2021,041115570,1,9,0,16,19,5,1,0,0,1,0,12,0,0,1,1,5,6,1,42,7,1242,1,9,FORD FIESTA,1,E01024855,0,-1
2021421078391,2021,421078391,1,9,0,5,5,1,5,0,0,6,5,0,0,0,1,1,6,6,1,33,6,1388,1,15,FORD FIESTA,6,E01021917,0,-1
2021010331481,2021,010331481,1,9,0,18,19,1,5,0,0,1,0,0,0,0,1,1,6,6,2,67,10,1388,1,15,FORD FIESTA,-1,-1,0,-1
2021101079823,2021,101079823,1,9,0,18,19,3,7,0,0,0,5,0,7,0,4,1,2,2,1,22,5,1560,2,11,FORD FIESTA,8,E01008278,0,-1
2021131043537,2021,131043537,1,9,0,9,9,3,1,0,0,7,0,0,0,0,3,1,5,6,1,83,11,998,1,2,FORD FIESTA,7,E01011531,0,-1
2021351096877,2021,351096877,1,9,0,9,9,1,7,0,0,6,0,0,0,0,0,1,5,6,2,60,9,998,1,3,FORD FIESTA,9,E01018137,0,-1
2021991122084,2021,991122084,1,9,0,9,9,6,4,0,0,6,0,0,0,0,3,1,1,1,2,61,9,-1,-1,-1,FORD FIESTA,5,-1,0,-1
2021201060675,2021,201060675,2,9,0,3,3,8,4,0,0,1,0,0,0,0,2,1,6,6,1,33,6,1299,1,19,FORD FIESTA,3,E01009199,0,-1
2021440239775,2021,440239775,1,9,0,9,9,6,4,0,0,8,0,0,0,0,1,1,6,6,2,76,11,1999,1,14,FORD FIESTA,10,E01022590,0,-1
2021451094009,2021,451094009,1,9,0,9,9,1,1,0,0,2,0,0,0,0,4,1,5,6,1,73,10,1242,1,6,FORD FIESTA,8,E01030449,0,-1
2021421125428,2021,421125428,1,9,0,18,19,7,3,0,0,8,0,0,0,0,4,1,5,6,2,81,11,1242,1,9,FORD FIESTA,5,E01022021,0,-1
2021401134105,2021,401134105,1,9,0,18,19,7,3,0,0,1,0,0,0,0,1,1,5,6,1,18,4,1242,1,15,FORD FIESTA,10,E01018245,0,-1
2021070583394,2021,070583394,2,9,0,2,2,0,0,0,0,0,0,0,0,0,2,1,6,6,2,24,5,998,1,3,FORD FIESTA,1,E01006429,0,-1
2021501102498,2021,501102498,1,9,0,16,19,1,5,0,0,0,5,0,2,0,1,1,2,2,1,25,5,-1,-1,-1,FORD FIESTA,5,E01020299,0,-1
2021622100542,2021,622100542,1,9,0,17,19,2,6,0,0,0,2,0,0,0,1,1,6,6,1,20,4,999,1,1,FORD FIESTA,8,W01001897,0,-1
2021061133245,2021,061133245,1,9,0,7,7,2,6,0,0,1,0,0,0,0,4,1,5,6,2,22,5,1242,1,10,FORD FIESTA,5,E01033682,0,-1
2021421056736,2021,421056736,2,9,0,18,19,3,8,0,0,0,1,0,1,0,1,1,6,6,2,23,5,1242,1,6,FORD FIESTA,6,E01021796,0,-1
2021052102491,2021,052102491,1,9,0,4,4,8,4,0,0,8,0,0,0,0,1,1,6,6,2,19,4,1242,1,9,FORD FIESTA,6,E01025176,0,-1
2021010292916,2021,010292916,2,9,0,18,19,5,1,0,0,1,0,0,0,0,2,1,6,6,1,29,6,1242,1,5,FORD FIESTA,3,E01000819,0,-1
2021041093201,2021,041093201,1,9,0,9,9,6,2,0,0,0,0,0,0,0,3,1,6,6,1,23,5,998,1,3,FORD FIESTA,1,E01006816,0,-1
2021101110766,2021,101110766,1,9,0,18,19,7,3,0,0,0,0,0,1,11,1,1,5,6,1,37,7,998,1,2,FORD FIESTA,3,E01019222,0,-1
2021430428977,2021,430428977,1,9,0,18,19,1,5,0,0,0,0,0,7,3,1,1,6,6,1,50,8,1242,1,9,FORD FIESTA,7,E01016285,0,-1
2021052100316,2021,052100316,1,9,0,17,19,6,2,0,0,0,5,0,1,0,4,1,6,6,2,19,4,1242,1,14,FORD FIESTA,1,E01006909,0,-1
2021101099485,2021,101099485,1,9,0,16,19,7,3,0,0,8,0,0,0,0,1,1,2,2,2,38,7,1388,1,10,FORD FIESTA,2,E01008822,0,-1