collision_index,collision_year,collision_ref_no,vehicle_reference,vehicle_type,towing_and_articulation,vehicle_manoeuvre_historic,vehicle_manoeuvre,vehicle_direction_from,vehicle_direction_to,vehicle_location_restricted_lane_historic,vehicle_location_restricted_lane,junction_location,skidding_and_overturning,hit_object_in_carriageway,vehicle_leaving_carriageway,hit_object_off_carriageway,first_point_of_impact,vehicle_left_hand_drive,journey_purpose_of_driver_historic,journey_purpose_of_driver,sex_of_driver,age_of_driver,age_band_of_driver,engine_capacity_cc,propulsion_code,age_of_vehicle,generic_make_model,driver_imd_decile,lsoa_of_driver,escooter_flag,driver_distance_banding
2021411128988,2021,411128988,2,9,0,18,19,3,7,0,0,0,0,0,0,0,1,1,2,2,2,27,6,1084,1,2,FORD FIESTA,10,E01031313,0,-1
2021461121257,2021,461121257,2,9,0,18,19,1,5,0,0,0,0,0,0,0,1,1,6,6,1,34,6,1242,1,13,FORD FIESTA,8,E01024542,0,-1
2021061127242,2021,061127242,1,9,0,1,1,1,5,0,0,0,0,0,0,0,2,1,6,6,3,30,6,1560,2,10,FORD FIESTA,-1,-1,0,-1
2021351097713,2021,351097713,1,9,0,14,14,8,4,0,0,2,0,0,0,0,1,1,5,6,1,19,4,-1,-1,-1,FORD FIESTA,-1,-1,0,-1
2021122101250,2021,122101250,1,9,0,4,4,3,7,0,0,0,0,0,0,0,2,1,1,1,1,25,5,-1,-1,-1,FORD FIESTA,6,E01013412,0,-1
2021421042176,2021,421042176,1,9,0,18,19,5,5,0,0,0,0,0,0,0,1,1,1,1,1,33,6,1299,1,20,FORD FIESTA,-1,-1,0,-1
2021991132271,2021,991132271,1,9,0,13,13,5,1,0,0,0,0,0,0,0,1,1,6,6,1,25,5,1596,1,4,FORD FIESTA,2,-1,0,-1
2021320392343,2021,320392343,1,9,0,18,19,2,6,0,0,1,0,0,0,0,1,1,6,6,1,41,7,1596,1,6,FORD FIESTA,8,E01026346,0,-1
2021041092406,2021,041092406,1,9,0,9,9,3,7,0,0,2,0,0,0,0,1,2,5,6,1,25,5,998,1,4,FORD FIESTA,7,E01024874,0,-1
2021552100490,2021,552100490,2,9,0,16,19,5,8,0,0,8,0,0,0,0,1,1,6,6,1,30,6,1388,1,15,FORD FIESTA,10,E01020407,0,-1
2021211036424,2021,211036424,2,9,0,18,19,7,3,0,0,1,1,0,0,0,4,1,5,6,1,33,6,1242,1,13,FORD FIESTA,4,E01029834,0,-1
2021451077150,2021,451077150,1,9,0,9,9,2,6,0,0,1,0,0,0,0,0,1,1,1,2,56,9,1499,2,8,FORD FIESTA,9,E01003365,0,-1
2021201104670,2021,201104670,2,9,0,18,19,1,5,0,0,8,0,0,0,0,1,1,6,6,2,54,8,1242,1,5,FORD FIESTA,3,E01009095,0,-1
2021010300278,2021,010300278,2,9,9,99,99,9,9,99,99,9,9,99,9,99,1,9,6,6,1,24,5,1242,1,9,FORD FIESTA,1,E01001839,0,-1
2021421083199,2021,421083199,2,9,0,10,10,5,3,0,0,2,0,0,0,0,2,1,5,6,2,21,5,1596,1,18,FORD FIESTA,5,E01022004,0,-1
2021421011458,2021,421011458,1,9,0,18,19,8,4,0,0,0,2,0,1,4,2,1,5,6,1,22,5,1242,1,13,FORD FIESTA,7,E01021898,0,-1
2021010307041,2021,010307041,2,9,0,2,2,0,0,0,0,1,0,4,0,0,3,1,6,6,3,-1,-1,1388,1,15,FORD FIESTA,-1,-1,0,-1
2021461106303,2021,461106303,1,9,0,17,19,3,7,0,0,0,1,0,0,0,1,1,1,1,1,37,7,1388,1,15,FORD FIESTA,2,E01024391,0,-1
2021122100713,2021,122100713,1,9,0,9,9,7,5,0,0,5,0,0,7,10,4,1,6,6,2,24,5,1560,2,10,FORD FIESTA,2,E01027909,0,-1
2021451035594,2021,451035594,1,9,0,5,5,1,5,0,0,1,0,0,0,0,1,1,5,6,1,22,5,1499,2,5,FORD FIESTA,8,E01030949,0,-1
2021461078169,2021,461078169,2,9,0,5,5,3,7,0,0,1,0,0,0,0,1,1,5,6,1,53,8,998,1,4,FORD FIESTA,9,E01024008,0,-1
2021461037120,2021,461037120,2,9,0,3,3,4,8,0,0,0,0,0,0,0,2,1,5,6,2,52,8,998,1,2,FORD FIESTA,7,E01024267,0,-1
2021041114990,2021,041114990,1,9,0,9,9,5,1,0,0,1,0,0,0,0,4,1,5,6,1,20,4,1242,1,10,FORD FIESTA,8,E01006299,0,-1
2021501122124,2021,501122124,2,9,0,3,3,5,1,0,0,1,0,0,0,0,2,1,2,2,1,27,6,1388,1,18,FORD FIESTA,9,E01015104,0,-1
2021401108294,2021,401108294,2,9,0,4,4,3,5,0,0,1,0,0,0,0,1,1,2,2,2,38,7,1388,1,12,FORD FIESTA,9,E01017495,0,-1
2021201099990,2021,201099990,2,9,0,18,19,4,8,0,0,1,0,0,0,0,1,1,6,6,1,32,6,1388,1,10,FORD FIESTA,1,E01008901,0,-1
2021131104193,2021,131104193,2,9,0,17,19,8,4,0,0,0,0,0,0,0,1,1,6,6,2,62,9,1399,2,11,FORD FIESTA,6,E01010594,0,-1
2021451031840,2021,451031840,2,9,0,2,2,0,0,0,0,0,0,0,0,0,1,1,6,6,1,80,11,1388,1,10,FORD FIESTA,9,E01001103,0,-1
2021010302613,2021,010302613,1,9,0,13,13,5,1,0,0,6,0,0,0,0,1,1,6,6,2,64,9,1596,1,8,FORD FIESTA,2,E01002368,0,-1
2021201088298,2021,201088298,1,9,0,18,19,-1,-1,0,0,1,0,0,0,0,1,1,6,6,2,-1,-1,1242,1,8,FORD FIESTA,-1,-1,0,-1
2021351111025,2021,351111025,2,9,0,10,10,7,3,0,0,1,1,0,7,7,2,1,6,6,2,43,7,998,1,7,FORD FIESTA,10,E01018248,0,-1
2021061164011,2021,061164011,1,9,0,18,19,3,7,0,0,8,0,7,0,0,4,1,6,6,2,31,6,998,1,7,FORD FIESTA,2,E01000523,0,-1
2021131038839,2021,131038839,2,9,0,2,2,0,0,0,0,8,0,0,0,0,2,1,6,6,3,-1,-1,1242,1,7,FORD FIESTA,-1,-1,0,-1
2021010349989,2021,010349989,1,9,0,99,99,9,9,99,99,9,9,99,9,99,1,9,6,6,3,53,8,1242,1,13,FORD FIESTA,4,E01003308,0,-1
2021122100657,2021,122100657,1,9,0,18,19,2,6,0,0,1,0,0,0,0,1,1,6,6,2,53,8,1242,1,13,FORD FIESTA,5,E01011765,0,-1
2021461114667,2021,461114667,1,9,0,9,9,3,1,0,0,6,0,0,0,0,4,1,6,6,2,87,11,1242,1,13,FORD FIESTA,7,E01024375,0,-1
2021201018607,2021,201018607,1,9,0,10,10,5,1,0,0,5,0,11,7,0,1,1,5,6,1,26,6,1560,2,13,FORD FIESTA,1,E01009507,0,-1
2021161046232,2021,161046232,1,9,0,18,19,1,6,0,0,0,0,0,8,4,1,1,5,6,1,18,4,1560,2,10,FORD FIESTA,6,E01012923,0,-1
2021061029246,2021,061029246,1,9,0,9,9,2,7,0,0,2,0,0,0,0,1,1,6,6,2,38,7,1999,1,14,FORD FIESTA,1,E01006334,0,-1
2021221103002,2021,221103002,2,9,0,12,12,4,8,0,0,3,0,0,0,0,3,1,5,6,1,22,5,1596,1,4,FORD FIESTA,1,E01009307,0,-1
2021302100720,2021,302100720,1,9,0,9,9,4,8,0,0,8,0,0,0,0,1,1,2,2,2,33,6,1242,1,8,FORD FIESTA,1,E01008083,0,-1
2021320499311,2021,320499311,2,9,0,18,19,8,4,0,0,1,0,0,0,0,3,1,6,6,1,73,10,1388,1,10,FORD FIESTA,7,E01007999,0,-1
2021141085457,2021,141085457,1,9,0,18,19,2,6,0,0,0,0,0,0,0,1,1,5,6,1,18,4,1242,1,10,FORD FIESTA,9,E01007386,0,-1
2021010300182,2021,010300182,2,9,0,9,9,7,5,0,0,6,0,0,0,0,1,1,6,6,2,34,6,1596,1,8,FORD FIESTA,6,E01004518,0,-1
2021161013569,2021,161013569,1,9,0,18,19,4,8,0,0,1,0,0,0,0,1,1,6,6,2,22,5,1596,1,9,FORD FIESTA,6,E01027797,0,-1
2021201051739,2021,201051739,1,9,0,9,9,8,6,0,0,6,0,0,0,0,1,1,6,6,2,39,7,1499,2,8,FORD FIESTA,8,E01010561,0,-1
2021201066054,2021,201066054,1,9,0,5,5,5,1,0,0,8,0,4,7,0,1,1,6,6,1,18,4,1242,1,12,FORD FIESTA,8,E01010565,0,-1
2021501070978,2021,501070978,1,9,0,17,19,7,5,0,0,8,0,0,0,0,1,1,5,6,2,28,6,1242,1,17,FORD FIESTA,2,E01019069,0,-1
2021361081258,2021,361081258,2,9,0,3,3,3,7,0,0,0,0,0,0,0,2,1,5,6,1,63,9,-1,-1,-1,FORD FIESTA,9,E01018299,0,-1
2021991024050,2021,991024050,1,9,0,18,19,2,6,0,0,0,0,0,1,11,1,1,2,2,1,19,4,1242,1,12,FORD FIESTA,9,-1,0,-1
2021351030654,2021,351030654,1,9,0,7,7,4,1,0,0,3,0,0,0,0,1,1,6,6,1,31,6,1242,1,16,FORD FIESTA,4,E01018077,0,-1
2021461105877,2021,461105877,1,9,0,18,19,5,1,0,0,0,0,0,0,0,3,1,2,2,2,45,7,1399,2,10,FORD FIESTA,4,E01024142,0,-1
2021201061569,2021,201061569,1,9,0,10,10,4,2,0,0,6,0,0,0,0,4,1,6,6,1,82,11,998,1,3,FORD FIESTA,4,E01009218,0,-1
2021061096850,2021,061096850,1,9,0,18,19,3,7,0,0,0,0,0,0,0,1,1,6,6,3,30,6,1388,1,18,FORD FIESTA,-1,-1,0,-1
2021451066648,2021,451066648,1,9,0,18,19,5,1,0,0,0,0,0,0,0,3,1,5,6,1,42,7,1242,1,11,FORD FIESTA,9,E01030690,0,-1
2021421077971,2021,421077971,1,9,0,18,19,2,6,0,0,0,0,0,0,0,1,1,6,6,2,27,6,1242,1,7,FORD FIESTA,7,E01004352,0,-1
2021201064243,2021,201064243,1,9,0,5,5,4,7,0,0,0,0,0,0,0,3,1,6,6,2,32,6,1242,1,4,FORD FIESTA,5,E01010402,0,-1
2021131036562,2021,131036562,2,9,0,5,5,2,2,0,0,0,0,0,0,0,2,1,5,6,2,51,8,998,1,7,FORD FIESTA,9,E01011880,0,-1
2021461051501,2021,461051501,3,9,0,4,4,6,2,0,0,0,0,0,0,0,2,1,5,6,2,33,6,1084,1,3,FORD FIESTA,5,E01000779,0,-1
2021461015827,2021,461015827,3,9,0,3,3,5,1,0,0,1,0,0,0,0,2,1,5,6,1,48,8,1388,1,13,FORD FIESTA,4,E01016074,0,-1
2021351058391,2021,351058391,2,9,0,18,19,7,3,0,0,0,0,0,5,0,2,1,6,6,1,29,6,1399,2,14,FORD FIESTA,5,E01009230,0,-1
2021201046331,2021,201046331,2,9,0,18,19,1,5,0,0,1,0,0,0,0,1,1,6,6,1,27,6,1242,1,20,FORD FIESTA,2,E01009263,0,-1
2021031030978,2021,031030978,1,9,0,16,19,5,4,0,0,0,1,0,1,4,1,1,5,6,2,18,4,1596,1,5,FORD FIESTA,9,E01019326,0,-1
2021031126648,2021,031126648,1,9,0,18,19,7,3,0,0,0,0,0,0,0,1,1,5,6,2,45,7,998,1,5,FORD FIESTA,-1,-1,0,-1
2021451086763,2021,451086763,2,9,0,3,3,3,7,0,0,1,0,0,0,0,2,1,2,2,1,23,5,1242,1,20,FORD FIESTA,10,E01016589,0,-1
2021061111896,2021,061111896,2,9,0,18,19,8,4,0,0,8,0,0,0,0,1,1,2,2,1,35,6,1242,1,8,FORD FIESTA,9,E01005047,0,-1
2021101106841,2021,101106841,1,9,0,9,9,5,2,0,0,6,0,0,0,0,3,1,6,6,1,18,4,1242,1,9,FORD FIESTA,2,E01008492,0,-1
2021421089240,2021,421089240,2,9,0,2,2,1,1,6,6,0,0,0,0,0,1,1,6,6,3,-1,-1,1242,1,8,FORD FIESTA,-1,-1,0,-1
2021320616448,2021,320616448,1,9,0,9,9,4,2,0,0,2,0,0,0,0,1,1,6,6,1,24,5,1388,1,15,FORD FIESTA,6,E01028043,0,-1
2021421130743,2021,421130743,2,9,0,2,2,7,7,0,0,1,0,0,0,0,4,1,6,6,1,20,4,1596,1,9,FORD FIESTA,2,E01015828,0,-1
2021201141182,2021,201141182,2,9,0,18,19,7,3,0,0,8,0,0,0,0,4,1,6,6,1,47,8,999,1,0,FORD FIESTA,2,E01009254,0,-1
202154A931821,2021,54A931821,1,9,0,18,19,2,6,0,0,4,0,0,0,0,1,1,6,6,1,58,9,1242,1,14,FORD FIESTA,8,E01015534,0,-1
2021411044115,2021,411044115,1,9,0,9,9,5,2,0,0,0,0,0,0,0,1,1,5,6,2,19,4,1242,1,16,FORD FIESTA,9,E01023428,0,-1
2021141025162,2021,141025162,2,9,0,-1,-1,-1,-1,-1,-1,-1,-1,-1,-1,0,-1,1,6,6,3,-1,-1,-1,-1,-1,FORD FIESTA,-1,-1,0,-1
2021471074618,2021,471074618,1,9,0,18,19,3,7,0,0,8,0,0,0,0,3,1,5,6,1,26,6,1596,1,11,FORD FIESTA,3,E01031787,0,-1
2021430306557,2021,430306557,2,9,0,18,19,7,3,0,0,0,0,0,0,0,1,1,6,6,2,33,6,1388,1,12,FORD FIESTA,10,E01017746,0,-1
2021622100507,2021,622100507,1,9,0,18,19,6,2,0,0,0,1,4,0,0,1,1,6,6,1,36,7,1242,1,11,FORD FIESTA,1,W01001279,0,-1
2021461062474,2021,461062474,1,9,0,7,7,5,7,0,0,8,0,0,0,0,3,1,5,6,1,23,5,1242,1,15,FORD FIESTA,5,E01024304,0,-1
2021061101135,2021,061101135,1,9,0,18,19,1,5,0,0,0,0,0,0,0,1,1,6,6,1,19,4,998,1,3,FORD FIESTA,4,E01005311,0,-1
2021052102085,2021,052102085,2,9,0,3,3,3,7,0,0,1,0,4,0,0,2,1,6,6,1,56,9,999,1,1,FORD FIESTA,3,E01006588,0,-1
2021010301034,2021,010301034,2,9,0,99,99,9,9,99,99,0,9,99,9,99,1,9,6,6,3,-1,-1,1242,1,11,FORD FIESTA,10,E01025678,0,-1
202163B072521,2021,63B072521,1,9,0,9,9,6,4,0,0,5,0,0,1,10,4,1,6,6,2,21,5,1242,1,15,FORD FIESTA,8,W01000552,0,-1
2021461095344,2021,461095344,1,9,0,18,19,7,3,0,0,3,0,0,3,0,3,1,6,6,1,34,6,1596,1,10,FORD FIESTA,3,E01001637,0,-1
2021302100843,2021,302100843,2,9,0,17,19,6,2,0,0,0,1,0,7,4,1,1,6,6,1,63,9,998,1,4,FORD FIESTA,8,E01019423,0,-1
2021052100443,2021,052100443,2,9,0,9,9,8,6,0,0,8,0,0,0,0,1,1,6,6,1,18,4,1242,1,15,FORD FIESTA,1,E01006790,0,-1
2021201141536,2021,201141536,1,9,0,9,9,2,7,0,0,5,0,0,0,0,4,1,2,2,2,20,4,1399,2,12,FORD FIESTA,4,E01009658,0,-1
2021070071018,2021,070071018,1,9,0,9,9,2,7,0,0,4,0,0,0,0,1,1,6,6,2,22,5,998,1,8,FORD FIESTA,4,E01018460,0,-1
2021101090102,2021,101090102,1,9,0,10,10,7,3,0,0,5,0,0,0,0,1,1,5,6,1,30,6,998,1,6,FORD FIESTA,2,E01027422,0,-1
2021440122191,2021,440122191,1,9,0,1,1,7,3,0,0,0,0,0,0,0,2,1,6,6,2,56,9,1388,1,18,FORD FIESTA,2,E01017265,0,-1
2021361089639,2021,361089639,1,9,0,4,4,8,4,0,0,8,0,0,0,0,1,1,5,6,1,17,4,1399,2,13,FORD FIESTA,3,E01026779,0,-1
2021070680189,2021,070680189,3,9,0,18,19,1,5,0,0,0,1,0,0,0,4,1,6,6,1,63,9,998,1,3,FORD FIESTA,6,E01020949,0,-1
2021302101873,2021,302101873,2,9,0,5,5,6,2,0,0,1,0,0,0,0,2,1,6,6,1,24,5,1242,1,4,FORD FIESTA,1,E01010485,0,-1
2021461057381,2021,461057381,1,9,0,18,19,6,2,9,9,0,0,0,1,11,1,1,2,2,1,30,6,1084,1,4,FORD FIESTA,4,E01024771,0,-1
2021161121998,2021,161121998,1,9,0,18,19,1,5,0,0,0,5,0,1,0,1,1,6,6,1,77,11,1084,1,3,FORD FIESTA,3,E01013254,0,-1
2021421084542,2021,421084542,1,9,0,18,19,7,1,0,0,0,0,0,0,0,1,1,6,6,1,-1,-1,1399,2,16,FORD FIESTA,-1,-1,0,-1
2021061134609,2021,061134609,1,9,0,18,19,1,5,0,0,4,0,0,0,0,1,1,6,6,1,25,5,998,1,5,FORD FIESTA,-1,-1,0,-1
2021221127493,2021,221127493,1,9,0,18,19,8,4,0,0,0,0,0,1,0,1,1,5,6,2,58,9,998,1,2,FORD FIESTA,8,E01014040,0,-1
2021201023418,2021,201023418,1,9,0,18,19,2,6,0,0,0,1,7,4,1,1,1,6,6,2,83,11,1242,1,17,FORD FIESTA,4,E01010145,0,-1
2021131068909,2021,131068909,1,9,0,9,9,1,5,0,0,0,0,0,0,0,2,1,5,6,1,18,4,1596,1,9,FORD FIESTA,10,E01011213,0,-1
2021461198316,2021,461198316,1,9,0,12,12,7,3,0,0,1,0,0,0,0,1,1,5,6,1,51,8,1388,1,14,FORD FIESTA,4,E01028532,0,-1
2021471026948,2021,471026948,2,9,0,18,19,3,7,0,0,0,0,0,0,0,0,1,6,6,1,25,5,1999,1,14,FORD FIESTA,5,E01021101,0,-1
2021131079651,2021,131079651,2,9,0,18,19,7,3,0,0,0,0,0,0,0,1,1,5,6,1,18,4,998,1,3,FORD FIESTA,8,E01011254,0,-1
2021451054814,2021,451054814,1,9,0,18,19,1,5,0,0,0,0,0,0,0,1,1,2,2,1,21,5,998,1,4,FORD FIESTA,6,E01030681,0,-1
2021545603121,2021,545603121,1,9,0,18,19,8,4,0,0,1,1,0,1,0,1,1,2,2,2,23,5,1242,1,11,FORD FIESTA,2,E01032093,0,-1
2021411050806,2021,411050806,1,9,0,18,19,4,8,0,0,1,0,0,0,0,1,1,5,6,1,36,7,1399,2,14,FORD FIESTA,4,E01023857,0,-1
2021231044714,2021,231044714,1,9,0,18,19,6,2,0,0,1,0,0,0,0,1,1,5,6,1,20,4,1388,1,12,FORD FIESTA,10,E01031179,0,-1
2021421126082,2021,421126082,2,9,0,3,3,7,3,0,0,0,0,0,0,0,2,1,6,6,2,47,8,1242,1,8,FORD FIESTA,6,E01021308,0,-1
2021451083066,2021,451083066,1,9,0,18,19,5,1,0,0,0,2,0,0,0,1,1,5,6,1,18,4,1242,1,7,FORD FIESTA,4,E01000722,0,-1
2021041104285,2021,041104285,3,9,0,18,19,5,1,0,0,8,0,0,0,0,1,1,2,2,2,22,5,1242,1,9,FORD FIESTA,-1,-1,0,-1
2021231128100,2021,231128100,1,9,0,17,19,6,2,0,0,0,1,0,2,11,4,1,6,6,1,20,4,1242,1,7,FORD FIESTA,8,E01031196,0,-1
2021070585054,2021,070585054,2,9,0,18,19,6,2,0,0,0,0,0,0,0,1,1,6,6,2,36,7,998,1,8,FORD FIESTA,3,E01018731,0,-1
2021010346945,2021,010346945,2,9,0,3,3,7,3,0,0,1,0,0,0,0,1,1,6,6,2,32,6,998,1,8,FORD FIESTA,-1,-1,0,-1
2021451117609,2021,451117609,1,9,0,16,19,5,1,0,0,0,5,0,0,0,1,1,5,6,1,17,4,1242,1,12,FORD FIESTA,2,E01001078,0,-1
2021622100190,2021,622100190,2,9,0,18,19,4,8,0,0,1,0,0,0,0,1,1,6,6,1,55,8,1388,1,11,FORD FIESTA,2,W01000762,0,-1
2021302102071,2021,302102071,1,9,0,18,19,2,6,0,0,0,0,0,0,0,1,1,6,6,1,83,11,1388,1,12,FORD FIESTA,7,E01019711,0,-1
2021421107370,2021,421107370,1,9,0,16,19,5,1,9,9,0,0,4,0,0,1,1,6,6,1,81,11,1242,1,13,FORD FIESTA,6,E01021356,0,-1
2021141112361,2021,141112361,1,9,0,18,19,1,5,0,0,2,0,0,3,9,1,1,5,6,1,21,5,1596,1,4,FORD FIESTA,5,E01007588,0,-1
2021552100779,2021,552100779,1,9,0,9,9,6,4,0,0,6,0,0,0,0,3,1,6,6,1,18,4,1499,2,8,FORD FIESTA,5,E01020565,0,-1
2021351128179,2021,351128179,1,9,0,5,5,2,6,0,0,6,0,0,0,0,1,1,5,6,1,25,5,1399,2,12,FORD FIESTA,8,E01033115,0,-1
2021411013506,2021,411013506,3,9,0,10,10,1,5,0,0,8,0,0,0,0,2,1,6,6,2,53,8,1242,1,8,FORD FIESTA,10,E01023501,0,-1
2021141059013,2021,141059013,1,9,0,3,3,1,7,0,0,1,0,0,0,0,2,1,6,6,1,18,4,1388,1,10,FORD FIESTA,4,E01007557,0,-1
2021421062284,2021,421062284,1,9,0,17,19,4,8,0,0,0,2,0,1,9,1,1,5,6,2,19,4,1560,2,14,FORD FIESTA,1,E01021703,0,-1
2021461130026,2021,461130026,2,9,0,18,19,7,3,0,0,1,0,0,0,0,1,1,6,6,2,21,5,998,1,5,FORD FIESTA,10,E01024329,0,-1
2021010343384,2021,010343384,1,9,0,3,3,3,7,0,0,1,0,0,0,0,2,1,6,6,1,50,8,998,1,5,FORD FIESTA,3,E01001192,0,-1
2021221024776,2021,221024776,1,9,0,16,19,6,1,0,0,0,2,0,7,4,1,1,5,6,1,27,6,1242,1,13,FORD FIESTA,3,E01028880,0,-1
2021522102832,2021,522102832,1,9,0,18,19,2,6,0,0,1,0,0,0,0,2,1,6,6,1,55,8,1388,1,16,FORD FIESTA,7,E01014905,0,-1
2021501015951,2021,501015951,1,9,0,13,13,2,4,0,0,0,0,0,0,0,4,1,5,6,2,25,5,998,1,5,FORD FIESTA,7,E01020150,0,-1
2021041126886,2021,041126886,2,9,0,4,4,6,2,0,0,0,0,0,0,0,2,1,5,6,1,18,4,998,1,5,FORD FIESTA,10,E01025337,0,-1
2021041068504,2021,041068504,2,9,0,18,19,5,1,0,0,6,0,0,0,0,4,1,5,6,1,20,4,998,1,3,FORD FIESTA,8,E01025597,0,-1
2021440462297,2021,440462297,1,9,0,18,19,3,7,0,0,0,0,0,0,0,1,2,6,6,2,52,8,1242,1,17,FORD FIESTA,10,E01023169,0,-1
2021451088617,2021,451088617,1,9,0,16,19,1,5,0,0,1,1,0,2,0,1,1,6,6,1,30,6,1242,1,15,FORD FIESTA,10,E01030693,0,-1
2021010319552,2021,010319552,2,9,0,9,9,1,7,0,0,8,0,0,0,0,1,1,6,6,1,23,5,998,1,4,FORD FIESTA,5,E01000639,0,-1
2021161035316,2021,161035316,2,9,0,2,2,0,0,0,0,0,0,4,0,0,2,1,6,6,3,-1,-1,999,1,1,FORD FIESTA,-1,-1,0,-1
2021471030027,2021,471030027,2,9,0,18,19,7,3,0,0,2,0,0,0,0,1,1,6,6,2,29,6,998,1,2,FORD FIESTA,9,E01000421,0,-1
2021421112460,2021,421112460,1,9,0,18,19,8,7,0,0,0,0,4,0,0,1,1,6,6,2,51,8,998,1,2,FORD FIESTA,2,E01000097,0,-1
2021430584694,2021,430584694,1,9,0,3,3,3,7,0,0,1,0,0,0,0,2,1,6,6,2,23,5,1084,1,4,FORD FIESTA,5,E01017901,0,-1
2021461090643,2021,461090643,2,9,0,18,19,7,3,0,0,1,0,0,0,0,3,1,5,6,2,19,4,998,1,3,FORD FIESTA,9,E01016081,0,-1
2021052102171,2021,052102171,2,9,0,18,19,7,3,0,0,8,0,0,0,0,1,1,6,6,1,47,8,998,1,3,FORD FIESTA,9,E01025476,0,-1
2021101088317,2021,101088317,3,9,0,2,2,0,0,6,6,2,0,0,0,0,1,1,5,6,1,47,8,-1,-1,-1,FORD FIESTA,-1,-1,0,-1
2021411121438,2021,411121438,1,9,0,16,19,6,2,0,0,0,5,0,0,0,3,1,2,2,1,17,4,1242,1,15,FORD FIESTA,9,E01023378,0,-1
2021401091511,2021,401091511,2,9,0,17,19,5,1,0,0,1,0,0,0,0,1,1,2,2,1,29,6,1499,2,3,FORD FIESTA,-1,-1,0,-1
2021991079317,2021,991079317,1,9,0,16,19,7,2,0,0,0,2,0,7,0,1,1,5,6,1,19,4,1242,1,12,FORD FIESTA,4,-1,0,-1
2021421121608,2021,421121608,1,9,0,18,19,1,5,0,0,1,0,0,0,0,1,1,6,6,1,25,5,1388,1,11,FORD FIESTA,-1,-1,0,-1
2021461053057,2021,461053057,2,9,0,9,9,6,2,0,0,0,0,0,0,0,3,1,5,6,2,28,6,1388,1,12,FORD FIESTA,1,E01016069,0,-1
2021461022383,2021,461022383,1,9,0,9,9,5,2,0,0,6,0,0,0,0,4,1,1,1,1,41,7,1499,2,5,FORD FIESTA,5,E01024673,0,-1
2021041039060,2021,041039060,2,9,0,18,19,7,3,0,0,1,1,0,0,0,1,1,2,2,2,61,9,1242,1,11,FORD FIESTA,2,E01012696,0,-1
2021201050724,2021,201050724,4,9,0,8,8,5,2,0,0,8,0,0,0,0,2,1,6,6,1,-1,-1,1242,1,7,FORD FIESTA,1,E01009323,0,-1
2021451048426,2021,451048426,1,9,0,4,4,1,5,0,0,0,0,0,0,0,2,1,5,6,2,37,7,1242,1,12,FORD FIESTA,5,E01030481,0,-1
202154B063421,2021,54B063421,1,9,0,17,19,7,5,0,0,0,0,10,7,9,1,1,2,2,2,28,6,1499,2,5,FORD FIESTA,9,E01015566,0,-1
2021231128483,2021,231128483,2,9,0,18,19,5,1,0,0,0,0,0,0,0,1,1,6,6,2,60,9,998,1,4,FORD FIESTA,8,E01031070,0,-1
2021122200078,2021,122200078,1,9,0,14,14,7,3,0,0,0,0,0,0,0,1,1,2,2,2,54,8,998,1,2,FORD FIESTA,6,E01027684,0,-1
2021221027768,2021,221027768,2,9,0,18,19,7,3,0,0,0,0,0,0,0,3,1,6,6,2,36,7,1242,1,11,FORD FIESTA,5,E01028931,0,-1
2021061110298,2021,061110298,2,9,0,5,5,1,5,0,0,8,0,0,0,0,1,1,6,6,2,23,5,998,1,3,FORD FIESTA,10,E01005807,0,-1
2021201028418,2021,201028418,2,9,0,18,19,6,2,0,0,0,0,0,0,0,1,1,6,6,2,45,7,998,1,3,FORD FIESTA,2,E01009981,0,-1
2021501028035,2021,501028035,1,9,0,9,9,3,7,0,0,1,0,0,0,0,4,1,6,6,2,30,6,1388,1,11,FORD FIESTA,7,E01015103,0,-1
2021010322222,2021,010322222,1,9,0,18,19,5,1,0,0,1,0,0,4,1,1,1,6,6,1,28,6,1242,1,7,FORD FIESTA,1,E01002038,0,-1
2021041077456,2021,041077456,2,9,0,18,19,3,7,0,0,8,0,0,0,0,1,1,5,6,2,32,6,1242,1,9,FORD FIESTA,3,E01025269,0,-1
20211381K0237,2021,1381K0237,1,9,0,18,19,3,7,0,0,0,0,0,0,0,1,1,2,2,1,55,8,1242,1,7,FORD FIESTA,7,E01011176,0,-1
2021111073425,2021,111073425,2,9,0,4,4,5,3,0,0,0,0,0,0,0,2,1,5,6,2,27,6,998,1,7,FORD FIESTA,3,E01008441,0,-1
2021070764810,2021,070764810,2,9,0,18,19,1,5,0,0,8,1,0,0,0,4,1,6,6,1,58,9,1242,1,12,FORD FIESTA,8,E01029813,0,-1
2021010316650,2021,010316650,1,9,0,99,99,9,9,99,99,9,9,99,9,99,9,9,6,6,2,28,6,1596,1,7,FORD FIESTA,2,E01002764,0,-1
2021371145420,2021,371145420,2,9,0,18,19,6,8,0,0,0,0,0,0,0,1,1,5,6,2,68,10,1399,2,16,FORD FIESTA,6,E01030063,0,-1