collision_index,collision_year,collision_ref_no,vehicle_reference,vehicle_type,towing_and_articulation,vehicle_manoeuvre_historic,vehicle_manoeuvre,vehicle_direction_from,vehicle_direction_to,vehicle_location_restricted_lane_historic,vehicle_location_restricted_lane,junction_location,skidding_and_overturning,hit_object_in_carriageway,vehicle_leaving_carriageway,hit_object_off_carriageway,first_point_of_impact,vehicle_left_hand_drive,journey_purpose_of_driver_historic,journey_purpose_of_driver,sex_of_driver,age_of_driver,age_band_of_driver,engine_capacity_cc,propulsion_code,age_of_vehicle,generic_make_model,driver_imd_decile,lsoa_of_driver,escooter_flag,driver_distance_banding
2021201068778,2021,201068778,2,9,0,2,2,0,0,0,0,0,0,10,1,10,1,1,2,2,1,19,4,1560,2,8,FORD FIESTA,3,E01032277,0,-1
2021131073790,2021,131073790,2,9,0,16,19,1,5,0,0,8,0,0,0,0,1,1,5,6,2,34,6,-1,-1,-1,FORD FIESTA,1,E01010721,0,-1
2021361096022,2021,361096022,2,9,0,3,3,8,3,0,0,1,0,0,0,0,2,1,2,2,1,24,5,998,1,3,FORD FIESTA,4,E01026628,0,-1
2021411094559,2021,411094559,2,9,0,7,7,-1,-1,0,0,3,0,0,0,0,3,1,6,6,2,21,5,1388,1,10,FORD FIESTA,10,E01023313,0,-1
2021122200180,2021,122200180,1,9,0,18,19,8,3,0,0,4,2,0,7,9,1,1,6,6,2,28,6,998,1,6,FORD FIESTA,9,E01010642,0,-1
2021461125413,2021,461125413,2,9,0,18,19,1,5,0,0,0,0,0,0,0,2,1,6,6,2,43,7,1242,1,11,FORD FIESTA,9,E01024808,0,-1
2021010297288,2021,010297288,2,9,0,18,19,5,1,0,0,1,0,0,0,0,1,2,2,2,1,26,6,1399,2,14,FORD FIESTA,3,E01015956,0,-1
2021501067563,2021,501067563,1,9,0,17,19,6,4,0,0,1,2,0,2,1,1,1,5,6,1,17,4,1560,2,11,FORD FIESTA,5,E01018821,0,-1
2021010304367,2021,010304367,1,9,0,99,99,9,9,99,99,9,9,99,9,99,9,9,6,6,1,38,7,1596,1,14,FORD FIESTA,4,E01000558,0,-1
2021501017236,2021,501017236,1,9,0,17,19,6,2,0,0,0,2,0,2,0,4,1,2,2,1,19,4,1999,1,16,FORD FIESTA,4,E01020311,0,-1
2021545445221,2021,545445221,1,9,0,18,19,3,7,0,0,0,0,0,0,0,1,1,6,6,2,22,5,1242,1,14,FORD FIESTA,7,E01032694,0,-1
2021461044675,2021,461044675,2,9,0,18,19,1,5,0,0,0,0,0,0,0,2,1,6,6,2,48,8,1499,2,7,FORD FIESTA,4,E01024645,0,-1
2021111108889,2021,111108889,2,9,0,18,19,7,3,0,0,0,0,0,0,0,1,1,6,6,2,37,7,1499,2,5,FORD FIESTA,2,E01012318,0,-1
2021010311733,2021,010311733,1,9,0,99,99,9,9,99,99,8,9,99,9,99,1,9,6,6,2,24,5,999,1,1,FORD FIESTA,3,E01003496,0,-1
2021201140136,2021,201140136,1,9,0,18,19,5,1,0,0,0,0,0,0,0,2,1,6,6,3,-1,-1,1242,1,7,FORD FIESTA,-1,-1,0,-1
2021010325877,2021,010325877,1,9,0,99,99,9,9,99,99,9,9,99,9,99,1,9,6,6,2,48,8,1388,1,10,FORD FIESTA,8,E01000282,0,-1
2021401052100,2021,401052100,2,9,0,2,2,5,1,0,0,5,0,0,0,0,1,1,5,6,1,58,9,998,1,3,FORD FIESTA,10,E01017459,0,-1
2021010302345,2021,010302345,1,9,0,18,19,1,5,0,0,0,0,4,0,0,1,1,6,6,2,81,11,998,1,2,FORD FIESTA,8,E01000653,0,-1
2021421088538,2021,421088538,1,9,0,18,19,3,6,0,0,0,0,0,0,0,1,1,6,6,2,26,6,998,1,2,FORD FIESTA,6,E01021313,0,-1
2021141128724,2021,141128724,3,9,0,2,2,7,3,0,0,0,1,4,0,0,2,1,6,6,3,-1,-1,-1,-1,-1,FORD FIESTA,-1,-1,0,-1
2021320654540,2021,320654540,1,9,0,18,19,5,1,0,0,0,1,0,7,4,1,1,6,6,2,48,8,1560,2,12,FORD FIESTA,-1,-1,0,-1
2021231080284,2021,231080284,1,9,0,17,19,4,8,0,0,0,1,0,1,3,4,1,5,6,1,18,4,1242,1,14,FORD FIESTA,9,E01031220,0,-1
2021070657135,2021,070657135,1,9,0,7,7,4,5,0,0,4,0,0,1,0,3,1,6,6,2,60,9,998,1,1,FORD FIESTA,-1,-1,0,-1
2021161021607,2021,161021607,1,9,0,18,19,4,8,0,0,3,0,0,0,0,1,1,6,6,1,-1,-1,999,1,1,FORD FIESTA,-1,-1,0,-1
2021031065755,2021,031065755,1,9,0,5,5,6,2,0,0,0,0,0,0,0,1,1,1,1,1,58,9,1499,2,1,FORD FIESTA,7,E01019258,0,-1
2021471102381,2021,471102381,1,9,0,18,19,8,4,0,0,0,0,0,0,0,1,1,1,1,1,49,8,998,1,3,FORD FIESTA,6,E01031448,0,-1
2021421109713,2021,421109713,1,9,0,18,19,1,5,0,0,0,2,0,0,0,1,1,5,6,1,20,4,998,1,8,FORD FIESTA,7,E01021797,0,-1
2021991027876,2021,991027876,4,9,0,2,2,7,3,6,6,0,0,0,0,0,2,1,6,6,3,-1,-1,1242,1,7,FORD FIESTA,-1,-1,0,-1
202163D031821,2021,63D031821,1,9,0,18,19,5,1,0,0,0,0,0,0,0,1,1,6,6,1,27,6,1499,2,4,FORD FIESTA,4,W01000901,0,-1
2021411042161,2021,411042161,2,9,0,2,2,0,0,0,0,0,0,0,0,0,0,1,6,6,3,-1,-1,998,1,2,FORD FIESTA,-1,-1,0,-1
2021138120289,2021,138120289,2,9,0,18,19,7,2,0,0,0,0,0,0,0,1,1,6,6,1,81,11,999,1,0,FORD FIESTA,5,E01011818,0,-1
2021070278265,2021,070278265,3,9,0,4,4,2,6,0,0,0,0,0,0,0,1,1,6,6,1,23,5,1242,1,4,FORD FIESTA,4,E01010361,0,-1
2021622100589,2021,622100589,1,9,0,18,19,7,3,0,0,0,0,0,0,0,1,1,1,1,1,51,8,1242,1,6,FORD FIESTA,9,W01000910,0,-1
2021010334513,2021,010334513,2,9,0,2,2,0,0,0,0,0,0,0,0,0,2,1,6,6,3,-1,-1,1242,1,13,FORD FIESTA,-1,-1,0,-1
2021471028304,2021,471028304,2,9,0,18,19,3,7,0,0,1,0,0,0,0,2,2,6,6,1,40,7,1242,1,16,FORD FIESTA,3,E01016881,0,-1
2021622100195,2021,622100195,2,9,0,2,2,0,0,0,0,0,0,0,0,0,2,1,6,6,3,-1,-1,1388,1,16,FORD FIESTA,-1,-1,0,-1
2021351114184,2021,351114184,2,9,0,2,2,0,0,0,0,0,0,0,0,0,2,1,5,6,3,-1,-1,998,1,3,FORD FIESTA,-1,-1,0,-1
2021361136139,2021,361136139,2,9,0,4,4,2,6,0,0,1,0,0,0,0,2,1,1,1,2,44,7,1499,2,8,FORD FIESTA,1,E01026597,0,-1
2021041171010,2021,041171010,1,9,0,9,9,3,1,0,0,2,0,0,0,0,1,1,6,6,2,23,5,1596,1,12,FORD FIESTA,1,E01012739,0,-1
2021141043718,2021,141043718,2,9,0,3,3,3,7,0,0,0,0,0,0,0,2,1,3,7,2,36,7,1242,1,5,FORD FIESTA,2,E01008158,0,-1
2021451014316,2021,451014316,2,9,0,7,7,3,6,0,0,8,0,0,0,0,0,1,6,6,1,21,5,1242,1,9,FORD FIESTA,4,E01030634,0,-1
2021320446012,2021,320446012,1,9,0,18,19,1,5,0,0,0,1,0,1,4,1,1,6,6,1,18,4,1399,2,15,FORD FIESTA,-1,-1,0,-1
2021122101405,2021,122101405,1,9,0,18,19,8,4,0,0,0,1,0,8,11,1,1,6,6,1,20,4,1596,1,13,FORD FIESTA,7,E01027571,0,-1
2021440483106,2021,440483106,1,9,0,18,19,5,1,0,0,0,0,0,0,0,4,1,6,6,1,25,5,998,1,3,FORD FIESTA,4,E01017087,0,-1
2021061093864,2021,061093864,2,9,0,4,4,6,2,0,0,8,0,0,0,0,2,1,6,6,2,57,9,999,1,1,FORD FIESTA,1,E01005386,0,-1
2021548612321,2021,548612321,2,9,0,18,19,4,8,0,0,0,0,0,0,0,0,1,6,6,2,35,6,1560,2,12,FORD FIESTA,5,E01032075,0,-1
2021010309330,2021,010309330,2,9,0,99,99,9,9,99,99,1,9,99,9,99,9,9,6,6,1,-1,-1,1242,1,10,FORD FIESTA,3,E01021321,0,-1
2021522102178,2021,522102178,1,9,0,18,19,7,3,0,0,0,5,0,2,0,4,1,6,6,1,40,7,1388,1,18,FORD FIESTA,8,E01015549,0,-1
2021451014733,2021,451014733,1,9,0,12,12,1,3,0,0,8,0,0,7,0,1,1,1,1,1,27,6,1242,1,15,FORD FIESTA,10,E01022848,0,-1
2021552101160,2021,552101160,1,9,0,9,9,2,7,0,0,6,0,0,0,0,1,1,2,2,1,50,8,1399,2,18,FORD FIESTA,6,E01015355,0,-1
2021041090180,2021,041090180,1,9,0,18,19,1,5,0,0,1,0,0,0,0,1,1,6,6,1,21,5,1242,1,12,FORD FIESTA,5,E01012635,0,-1
2021471019824,2021,471019824,1,9,0,11,11,8,4,0,0,0,1,7,5,4,1,1,5,6,1,24,5,1242,1,12,FORD FIESTA,6,E01030455,0,-1
2021010354058,2021,010354058,1,9,0,18,19,3,7,0,0,1,0,0,0,0,4,1,6,6,2,56,9,1242,1,12,FORD FIESTA,-1,-1,0,-1
2021461102323,2021,461102323,2,9,0,18,19,3,7,0,0,0,0,0,0,0,2,1,5,6,2,31,6,998,1,5,FORD FIESTA,9,E01016112,0,-1
2021010294084,2021,010294084,2,9,0,99,99,9,9,99,99,9,9,99,9,99,2,9,6,6,3,-1,-1,1596,1,8,FORD FIESTA,-1,-1,0,-1
2021221088166,2021,221088166,1,9,0,18,19,8,4,0,0,0,0,0,0,0,3,1,1,1,1,45,7,999,1,1,FORD FIESTA,6,E01032436,0,-1
2021552100807,2021,552100807,1,9,0,5,5,5,1,0,0,4,0,0,0,0,1,1,1,1,2,23,5,1388,1,11,FORD FIESTA,8,E01015448,0,-1
2021061068368,2021,061068368,1,9,0,7,7,8,2,0,0,8,0,0,0,0,1,1,6,6,3,30,6,1399,2,9,FORD FIESTA,-1,-1,0,-1
2021320583699,2021,320583699,1,9,0,1,1,6,2,0,0,0,0,0,0,0,2,1,6,6,2,58,9,998,1,3,FORD FIESTA,5,E01026255,0,-1
2021070048961,2021,070048961,2,9,0,18,19,6,3,0,0,0,0,0,0,0,4,1,2,2,2,57,9,998,1,4,FORD FIESTA,10,E01006136,0,-1
2021070761616,2021,070761616,1,9,0,17,19,1,1,0,0,0,1,0,1,3,1,1,2,2,1,18,4,999,1,0,FORD FIESTA,9,E01018474,0,-1
2021622100333,2021,622100333,1,9,0,18,19,4,8,0,0,1,0,0,0,0,1,1,6,6,2,32,6,1242,1,9,FORD FIESTA,9,W01001029,0,-1
2021101016527,2021,101016527,1,9,-1,18,19,4,8,2,2,1,0,0,0,0,1,1,6,6,1,21,5,1399,2,10,FORD FIESTA,3,E01008878,0,-1
2021461111473,2021,461111473,1,9,0,5,5,8,4,0,0,8,0,0,0,0,0,1,5,6,1,36,7,1299,1,19,FORD FIESTA,6,E01024212,0,-1
2021991043187,2021,991043187,2,9,0,18,19,7,3,0,0,0,0,0,0,0,1,1,5,6,1,20,4,1596,1,5,FORD FIESTA,4,-1,0,-1
202154B217621,2021,54B217621,1,9,0,17,19,2,4,0,0,0,0,0,1,5,1,1,6,6,1,17,4,1242,1,12,FORD FIESTA,2,E01031914,0,-1
2021010345911,2021,010345911,2,9,0,18,19,1,5,0,0,1,0,0,0,0,2,1,6,6,1,57,9,998,1,4,FORD FIESTA,3,E01000137,0,-1
2021161029708,2021,161029708,1,9,0,9,9,1,5,0,0,5,0,0,0,0,1,1,5,6,2,27,6,1560,2,12,FORD FIESTA,7,E01007798,0,-1
2021451026147,2021,451026147,1,9,0,18,19,5,1,0,0,8,0,0,0,0,1,1,2,2,2,19,4,998,1,5,FORD FIESTA,8,E01030478,0,-1
2021610054821,2021,610054821,2,9,0,4,4,8,4,0,0,8,0,0,0,0,2,1,6,6,1,24,5,998,1,6,FORD FIESTA,9,W01001637,0,-1
2021010301049,2021,010301049,2,9,0,18,19,1,5,0,0,1,0,99,0,0,1,1,6,6,2,-1,-1,998,1,5,FORD FIESTA,3,E01000058,0,-1
2021041058146,2021,041058146,1,9,0,9,9,1,5,0,0,0,0,0,0,0,1,1,6,6,1,18,4,1399,2,11,FORD FIESTA,1,E01025396,0,-1
2021201116668,2021,201116668,1,9,0,9,9,6,4,0,0,5,0,0,0,0,4,1,6,6,2,-1,-1,1399,2,11,FORD FIESTA,2,E01010071,0,-1
2021131085491,2021,131085491,3,9,0,2,2,0,0,0,0,0,0,0,0,0,3,1,5,6,2,43,7,998,1,2,FORD FIESTA,6,E01010970,0,-1
2021070122888,2021,070122888,1,9,0,4,4,8,4,0,0,1,0,0,0,0,3,1,2,2,1,20,4,1242,1,7,FORD FIESTA,10,E01018397,0,-1
2021421119790,2021,421119790,1,9,0,18,19,7,3,0,0,3,0,0,3,0,1,1,5,6,2,20,4,1560,2,11,FORD FIESTA,5,E01021664,0,-1
2021622100790,2021,622100790,1,9,0,18,19,8,4,0,0,0,0,0,0,0,1,2,6,6,2,84,11,998,1,5,FORD FIESTA,7,W01001118,0,-1
2021052100960,2021,052100960,1,9,0,18,19,2,6,0,0,1,0,0,0,0,1,1,6,6,2,49,8,998,1,2,FORD FIESTA,5,E01007102,0,-1
2021052100557,2021,052100557,2,9,0,18,19,5,1,0,0,1,0,0,0,0,4,1,6,6,1,73,10,1242,1,10,FORD FIESTA,1,E01006416,0,-1
2021122100619,2021,122100619,3,9,0,4,4,5,1,0,0,0,0,0,0,0,2,1,6,6,2,43,7,-1,-1,-1,FORD FIESTA,4,E01027835,0,-1
2021461066764,2021,461066764,2,9,0,18,19,8,4,0,0,1,0,0,0,0,2,1,6,6,2,65,9,1242,1,14,FORD FIESTA,8,E01024237,0,-1
202131D015821,2021,31D015821,2,9,0,7,7,2,4,0,0,5,0,0,0,0,2,1,6,6,1,28,6,1399,2,12,FORD FIESTA,8,E01028195,0,-1
2021010300120,2021,010300120,1,9,0,18,19,3,7,0,0,1,0,0,0,0,1,1,6,6,1,23,5,1388,1,9,FORD FIESTA,1,E01033585,0,-1
2021061104032,2021,061104032,1,9,0,5,5,1,5,0,0,1,0,0,0,0,3,1,6,6,1,19,4,1560,2,12,FORD FIESTA,8,E01005862,0,-1
2021540006821,2021,540006821,1,9,0,1,1,1,5,0,0,6,0,0,1,0,2,1,6,6,1,87,11,1242,1,11,FORD FIESTA,6,E01031990,0,-1
2021546925421,2021,546925421,1,9,0,18,19,7,3,0,0,1,0,0,0,0,3,1,6,6,1,24,5,998,1,7,FORD FIESTA,6,E01032696,0,-1
2021201075375,2021,201075375,2,9,0,5,5,1,5,0,0,8,1,0,0,0,1,1,2,2,2,49,8,1242,1,15,FORD FIESTA,1,E01009322,0,-1
2021010325736,2021,010325736,1,9,0,18,19,3,7,6,6,8,0,0,0,0,3,1,6,6,1,25,5,1242,1,10,FORD FIESTA,5,E01003664,0,-1
2021351110127,2021,351110127,3,9,0,3,3,6,2,4,4,0,0,0,0,0,2,1,5,6,2,46,8,1242,1,12,FORD FIESTA,7,E01013791,0,-1
2021010306262,2021,010306262,1,9,0,18,19,7,3,0,0,2,0,0,0,0,1,1,6,6,2,35,6,1242,1,12,FORD FIESTA,1,E01009275,0,-1
2021471069114,2021,471069114,2,9,0,18,19,7,3,0,0,8,0,0,0,0,1,1,5,6,1,45,7,1388,1,11,FORD FIESTA,5,E01020967,0,-1
2021991070808,2021,991070808,1,9,0,16,19,7,3,0,0,0,1,0,0,0,1,1,5,6,1,40,7,1242,1,13,FORD FIESTA,8,-1,0,-1
2021461121733,2021,461121733,1,9,0,18,19,1,5,0,0,0,0,0,1,7,2,1,2,2,1,20,4,1596,1,10,FORD FIESTA,9,E01016073,0,-1
2021361127584,2021,361127584,3,9,0,3,3,7,3,0,0,0,0,0,0,0,2,1,5,6,1,63,9,998,1,2,FORD FIESTA,4,E01026780,0,-1
2021010297543,2021,010297543,2,9,0,99,99,9,9,99,99,9,9,99,9,99,1,9,6,6,3,-1,-1,1299,1,18,FORD FIESTA,-1,-1,0,-1
2021501029405,2021,501029405,1,9,0,1,1,3,5,0,0,1,0,0,0,0,2,1,6,6,1,65,9,1388,1,19,FORD FIESTA,4,E01015236,0,-1
2021201146117,2021,201146117,2,9,0,18,19,3,7,0,0,8,1,7,0,0,1,1,6,6,1,20,4,998,1,4,FORD FIESTA,9,E01029506,0,-1
2021522101389,2021,522101389,1,9,0,18,19,7,3,0,0,0,0,0,1,3,1,1,6,6,1,19,4,1399,2,12,FORD FIESTA,8,E01014854,0,-1
2021201125112,2021,201125112,2,9,0,4,4,1,5,0,0,1,0,0,0,0,2,1,2,2,2,41,7,1242,1,7,FORD FIESTA,4,E01008961,0,-1
2021201073161,2021,201073161,3,9,0,18,19,8,4,0,0,0,0,0,0,0,2,1,2,2,2,46,8,999,1,1,FORD FIESTA,10,E01031275,0,-1
2021461091264,2021,461091264,1,9,0,18,19,3,7,0,0,0,0,0,0,0,2,1,6,6,2,23,5,1242,1,14,FORD FIESTA,10,E01030541,0,-1
202131C094221,2021,31C094221,2,9,0,9,9,6,4,0,0,8,1,7,0,0,1,1,6,6,1,21,5,1399,2,14,FORD FIESTA,8,E01028206,0,-1
2021201046785,2021,201046785,1,9,0,18,19,2,6,0,0,0,0,0,0,0,1,1,6,6,3,-1,-1,998,1,5,FORD FIESTA,-1,-1,0,-1
2021070366262,2021,070366262,2,9,0,18,19,7,3,0,0,0,0,0,0,0,1,1,2,2,2,62,9,998,1,6,FORD FIESTA,10,E01018397,0,-1
2021052101174,2021,052101174,1,9,0,7,7,5,7,0,0,8,0,0,0,0,1,1,6,6,2,53,8,1388,1,17,FORD FIESTA,1,E01006830,0,-1
2021991064372,2021,991064372,1,9,0,18,19,5,1,0,0,0,0,0,0,0,1,1,5,6,1,20,4,998,1,4,FORD FIESTA,4,-1,0,-1
2021010332601,2021,010332601,1,9,0,99,99,9,9,99,99,9,9,99,9,99,9,9,6,6,2,35,6,998,1,3,FORD FIESTA,3,E01000689,0,-1
2021010323689,2021,010323689,1,9,0,2,2,0,0,0,0,9,0,0,0,0,4,1,6,6,3,-1,-1,1388,1,15,FORD FIESTA,-1,-1,0,-1
2021170M10951,2021,170M10951,2,9,0,12,12,2,6,0,0,0,5,0,5,6,3,1,6,6,2,56,9,1242,1,6,FORD FIESTA,10,E01012124,0,-1
202134WNC2561,2021,34WNC2561,2,9,0,18,19,5,1,0,0,8,0,0,0,0,1,1,6,6,2,73,10,1242,1,10,FORD FIESTA,-1,-1,0,-1
2021221060676,2021,221060676,1,9,0,18,19,4,8,0,0,1,1,0,7,9,1,1,2,2,1,31,6,1399,2,15,FORD FIESTA,4,E01014033,0,-1
2021471034181,2021,471034181,1,9,0,5,5,2,1,0,0,5,0,0,0,0,1,1,5,6,2,18,4,998,1,5,FORD FIESTA,6,E01031507,0,-1
2021440224142,2021,440224142,1,9,0,4,4,5,1,0,0,0,0,0,0,0,2,1,6,6,2,59,9,998,1,5,FORD FIESTA,8,E01023245,0,-1
2021991059088,2021,991059088,2,9,0,17,19,4,1,0,0,1,0,0,0,0,1,1,5,6,1,18,4,1388,1,18,FORD FIESTA,4,-1,0,-1
2021122100721,2021,122100721,1,9,0,4,4,5,1,0,0,0,0,0,0,0,2,1,6,6,2,20,4,1388,1,12,FORD FIESTA,1,E01020745,0,-1
2021451095450,2021,451095450,1,9,0,18,19,1,5,0,0,1,0,0,0,0,1,1,5,6,1,22,5,1242,1,14,FORD FIESTA,8,E01030893,0,-1
2021201130927,2021,201130927,1,9,0,18,19,2,6,0,0,0,0,10,1,4,1,1,6,6,1,18,4,1596,1,11,FORD FIESTA,1,E01009099,0,-1
2021430089915,2021,430089915,1,9,0,99,99,4,3,0,0,3,0,0,0,0,3,1,2,2,1,32,6,1596,1,11,FORD FIESTA,-1,-1,0,-1
202134NNC3211,2021,34NNC3211,2,9,0,18,19,7,3,0,0,0,0,0,1,0,3,1,6,6,2,65,9,998,1,4,FORD FIESTA,8,E01010203,0,-1
2021052100628,2021,052100628,1,9,0,9,9,1,6,0,0,1,0,0,0,0,1,1,1,1,1,47,8,-1,-1,-1,FORD FIESTA,6,E01007163,0,-1
2021010302518,2021,010302518,1,9,0,99,99,9,9,99,99,9,9,99,9,99,1,9,2,2,1,28,6,1242,1,11,FORD FIESTA,5,E01001315,0,-1
2021041110244,2021,041110244,1,9,0,18,19,1,5,0,0,0,0,0,0,0,3,1,6,6,1,46,8,1388,1,18,FORD FIESTA,1,E01025396,0,-1
2021161115262,2021,161115262,1,9,0,18,19,5,1,0,0,1,1,0,1,0,0,1,6,6,1,27,6,1596,1,7,FORD FIESTA,6,E01013309,0,-1
2021031034758,2021,031034758,1,9,0,9,9,7,3,0,0,6,0,0,0,0,1,1,5,6,1,43,7,1242,1,6,FORD FIESTA,5,E01018319,0,-1
2021010300853,2021,010300853,1,9,0,18,19,3,7,0,0,1,0,0,0,0,1,1,6,6,1,48,8,1242,1,14,FORD FIESTA,3,E01000090,0,-1
2021010333038,2021,010333038,1,9,0,6,6,7,7,0,0,0,0,0,0,0,3,1,6,6,2,41,7,1242,1,16,FORD FIESTA,3,E01003605,0,-1
2021111052922,2021,111052922,1,9,0,9,9,3,1,0,0,2,0,0,0,0,1,1,5,6,1,33,6,1242,1,14,FORD FIESTA,1,E01020807,0,-1
2021141119471,2021,141119471,1,9,0,18,19,8,4,0,0,0,0,0,0,0,1,1,2,2,1,58,9,1242,1,14,FORD FIESTA,7,E01028013,0,-1
2021010332843,2021,010332843,2,9,0,99,99,9,9,99,99,9,9,99,9,99,1,9,6,6,3,-1,-1,-1,-1,-1,FORD FIESTA,4,E01000995,0,-1
2021061066455,2021,061066455,1,9,0,6,6,1,5,0,0,0,0,0,0,0,1,1,4,7,2,35,6,1388,1,9,FORD FIESTA,8,E01004970,0,-1
2021991072081,2021,991072081,1,9,0,5,5,2,6,0,0,1,0,0,0,0,1,1,5,6,2,19,4,998,1,2,FORD FIESTA,10,-1,0,-1
2021141086204,2021,141086204,1,9,0,18,19,6,2,0,0,1,0,0,0,0,2,1,5,6,2,22,5,1242,1,6,FORD FIESTA,2,E01007871,0,-1
2021070119420,2021,070119420,1,9,0,18,19,6,2,0,0,1,0,0,0,0,2,1,1,1,2,42,7,1242,1,8,FORD FIESTA,5,E01018541,0,-1
2021070595298,2021,070595298,1,9,0,5,5,1,5,0,0,6,0,0,0,0,1,1,2,2,2,17,4,1084,1,3,FORD FIESTA,10,E01018698,0,-1
2021131064967,2021,131064967,1,9,0,9,9,6,2,0,0,1,0,0,0,0,1,1,5,6,1,79,11,1399,2,11,FORD FIESTA,5,E01010982,0,-1
2021501064704,2021,501064704,2,9,0,2,2,0,0,0,0,0,0,0,0,0,1,1,6,6,2,-1,-1,1388,1,13,FORD FIESTA,7,E01020267,0,-1
2021520106032,2021,520106032,1,9,0,18,19,6,2,0,0,0,0,0,7,3,1,1,6,6,1,27,6,1388,1,15,FORD FIESTA,5,E01029066,0,-1
2021351090871,2021,351090871,1,9,0,9,9,3,8,0,0,8,0,0,0,0,1,1,6,6,2,45,7,1560,2,9,FORD FIESTA,4,E01015667,0,-1
2021061081078,2021,061081078,2,9,0,5,5,5,1,0,0,1,0,0,0,0,2,1,6,6,1,23,5,1242,1,17,FORD FIESTA,4,E01005896,0,-1
2021141047593,2021,141047593,2,9,0,18,19,4,8,0,0,8,0,0,0,0,4,1,6,6,2,29,6,1242,1,17,FORD FIESTA,6,E01007706,0,-1
2021471015047,2021,471015047,1,9,0,17,19,2,7,0,0,0,1,0,7,4,1,1,5,6,2,56,9,1388,1,15,FORD FIESTA,9,E01031623,0,-1
2021421069252,2021,421069252,1,9,0,18,19,7,2,0,0,0,1,0,7,4,1,1,2,2,1,40,7,1388,1,19,FORD FIESTA,5,E01021362,0,-1
2021131050341,2021,131050341,1,9,0,14,14,1,5,0,0,8,1,0,0,0,3,1,6,6,1,79,11,1242,1,24,FORD FIESTA,1,E01010616,0,-1
2021991076020,2021,991076020,1,9,0,18,19,5,3,0,0,0,0,0,0,0,4,1,5,6,2,31,6,1596,1,10,FORD FIESTA,8,-1,0,-1
2021501097519,2021,501097519,2,9,0,4,4,5,1,0,0,0,0,0,0,0,2,1,2,2,3,26,6,1242,1,15,FORD FIESTA,3,E01019038,0,-1
2021138351099,2021,138351099,1,9,0,18,19,4,8,0,0,0,0,0,7,4,1,1,6,6,1,34,6,1499,2,6,FORD FIESTA,8,E01011527,0,-1
2021101067741,2021,101067741,1,9,0,15,15,3,7,0,0,1,0,0,0,0,1,1,5,6,1,30,6,998,1,6,FORD FIESTA,3,E01008240,0,-1
2021471055321,2021,471055321,3,9,0,2,2,0,0,0,0,0,0,4,0,0,2,1,6,6,3,-1,-1,998,1,5,FORD FIESTA,-1,-1,0,-1
2021546716421,2021,546716421,1,9,0,18,19,5,1,0,0,0,0,0,0,0,3,1,2,2,1,20,4,1388,1,11,FORD FIESTA,6,E01031676,0,-1
2021041032815,2021,041032815,2,9,0,17,19,2,6,0,0,8,0,0,0,0,3,1,5,6,1,18,4,1242,1,7,FORD FIESTA,9,E01025553,0,-1
2021221116946,2021,221116946,2,9,0,9,9,2,7,0,0,4,0,10,1,0,1,1,5,6,1,64,9,1242,1,8,FORD FIESTA,9,E01032379,0,-1
2021461054237,2021,461054237,1,9,0,18,19,3,7,0,0,0,0,4,0,0,1,1,6,6,1,29,6,1242,1,11,FORD FIESTA,6,E01024783,0,-1
2021010312087,2021,010312087,2,9,9,99,99,9,9,99,99,9,9,99,9,99,9,9,6,6,2,29,6,1242,1,9,FORD FIESTA,3,E01002015,0,-1
2021010306215,2021,010306215,1,9,0,18,19,3,7,0,0,0,0,0,0,0,1,1,6,6,2,33,6,1242,1,8,FORD FIESTA,2,E01032564,0,-1
2021461052294,2021,461052294,2,9,0,4,4,2,6,0,0,1,0,0,0,0,2,1,5,6,2,24,5,1084,1,4,FORD FIESTA,5,E01024191,0,-1
2021052101233,2021,052101233,1,9,0,18,19,2,6,0,0,0,0,0,1,4,1,1,6,6,2,31,6,1242,1,13,FORD FIESTA,5,E01007030,0,-1
2021991082044,2021,991082044,1,9,0,9,9,3,1,0,0,8,0,0,0,0,1,1,6,6,3,-1,-1,1388,1,14,FORD FIESTA,-1,-1,0,-1
2021320220986,2021,320220986,1,9,0,18,19,1,5,0,0,0,0,0,0,0,4,1,6,6,1,40,7,1388,1,15,FORD FIESTA,-1,-1,0,-1
2021010288344,2021,010288344,2,9,0,18,19,1,5,0,0,8,0,0,0,0,3,1,6,6,1,20,4,1388,1,14,FORD FIESTA,2,E01004242,0,-1
2021522103785,2021,522103785,2,9,0,4,4,7,3,0,0,0,0,0,0,0,2,1,6,6,1,72,10,1596,1,15,FORD FIESTA,5,E01014751,0,-1
2021991067030,2021,991067030,1,9,0,5,5,2,6,0,0,0,0,0,0,0,1,1,5,6,1,18,4,1596,1,13,FORD FIESTA,-1,-1,0,-1
2021522104831,2021,522104831,1,9,0,9,9,5,3,0,0,4,0,0,0,0,1,1,6,6,1,31,6,999,1,0,FORD FIESTA,4,E01014906,0,-1