collision_index,collision_year,collision_ref_no,vehicle_reference,vehicle_type,towing_and_articulation,vehicle_manoeuvre_historic,vehicle_manoeuvre,vehicle_direction_from,vehicle_direction_to,vehicle_location_restricted_lane_historic,vehicle_location_restricted_lane,junction_location,skidding_and_overturning,hit_object_in_carriageway,vehicle_leaving_carriageway,hit_object_off_carriageway,first_point_of_impact,vehicle_left_hand_drive,journey_purpose_of_driver_historic,journey_purpose_of_driver,sex_of_driver,age_of_driver,age_band_of_driver,engine_capacity_cc,propulsion_code,age_of_vehicle,generic_make_model,driver_imd_decile,lsoa_of_driver,escooter_flag,driver_distance_banding
2021401080687,2021,401080687,1,9,0,4,4,5,1,0,0,0,0,0,0,0,1,1,6,6,2,43,7,1388,1,19,FORD FIESTA,7,E01017548,0,-1
2021201108632,2021,201108632,1,9,0,18,19,4,8,0,0,0,0,0,0,0,4,1,2,2,2,30,6,1242,1,5,FORD FIESTA,1,E01010414,0,-1
2021440264334,2021,440264334,1,9,0,17,19,7,3,0,0,1,0,0,0,0,1,1,2,2,2,56,9,1399,2,12,FORD FIESTA,10,E01022897,0,-1
2021052102466,2021,052102466,1,9,0,4,4,7,3,0,0,0,0,0,0,0,4,1,6,6,2,30,6,1242,1,12,FORD FIESTA,2,E01006725,0,-1
2021451024847,2021,451024847,1,9,0,18,19,3,7,0,0,4,0,0,0,0,4,1,6,6,2,36,7,998,1,6,FORD FIESTA,5,E01030971,0,-1
2021041119570,2021,041119570,1,9,0,17,19,6,2,0,0,0,0,0,7,4,1,1,2,2,1,31,6,1388,1,18,FORD FIESTA,7,E01025131,0,-1
2021461049479,2021,461049479,2,9,0,4,4,3,5,0,0,1,0,0,0,0,2,1,3,7,2,30,6,1242,1,6,FORD FIESTA,5,E01024400,0,-1
2021211062701,2021,211062701,1,9,0,9,9,1,6,0,0,8,0,0,0,0,1,1,2,2,1,18,4,1242,1,4,FORD FIESTA,8,E01029392,0,-1
2021361109682,2021,361109682,1,9,0,16,19,6,2,0,0,0,1,0,1,0,1,1,2,2,1,28,6,1560,2,9,FORD FIESTA,5,E01026496,0,-1
2021471055727,2021,471055727,1,9,0,4,4,7,3,0,0,0,0,0,0,0,1,1,2,2,1,59,9,-1,-1,-1,FORD FIESTA,1,E01031427,0,-1
2021221088827,2021,221088827,1,9,0,18,19,1,5,0,0,0,0,0,0,0,1,1,5,6,1,81,11,1299,1,21,FORD FIESTA,6,W01001599,0,-1
2021421091656,2021,421091656,1,9,0,4,4,7,3,0,0,0,0,0,0,0,1,1,6,6,1,58,9,-1,-1,-1,FORD FIESTA,3,E01021307,0,-1
2021201028488,2021,201028488,2,9,0,18,19,8,5,0,0,8,0,0,0,0,4,1,6,6,2,22,5,998,1,3,FORD FIESTA,1,E01032888,0,-1
2021221056252,2021,221056252,2,9,0,13,13,2,6,0,0,3,0,0,0,0,4,1,5,6,2,20,4,1242,1,7,FORD FIESTA,6,W01001556,0,-1
2021141069072,2021,141069072,1,9,0,9,9,7,4,0,0,0,0,0,0,0,3,1,6,6,2,50,8,1388,1,12,FORD FIESTA,9,E01007601,0,-1
2021451054637,2021,451054637,1,9,0,16,19,2,6,0,0,0,2,0,1,11,1,1,5,6,1,18,4,1388,1,12,FORD FIESTA,7,E01030613,0,-1
2021061098324,2021,061098324,1,9,0,18,19,1,1,0,0,0,0,0,0,0,1,1,6,6,3,30,6,998,1,6,FORD FIESTA,-1,-1,0,-1
2021501018882,2021,501018882,1,9,0,16,19,8,3,0,0,3,0,0,0,0,1,1,6,6,2,75,10,999,1,1,FORD FIESTA,1,E01018995,0,-1
2021361080029,2021,361080029,1,9,0,18,19,8,2,0,0,1,0,0,3,10,1,1,6,6,1,18,4,1242,1,8,FORD FIESTA,3,E01026652,0,-1
2021161026462,2021,161026462,1,9,0,18,19,1,5,0,0,1,0,0,0,0,1,1,2,2,2,39,7,1242,1,5,FORD FIESTA,7,E01013046,0,-1
202163A092221,2021,63A092221,1,9,0,18,19,2,6,0,0,8,0,0,7,10,1,1,6,6,1,35,6,1388,1,9,FORD FIESTA,3,W01000607,0,-1
2021440449772,2021,440449772,3,9,0,3,3,6,2,0,0,0,0,0,0,0,2,1,6,6,1,47,8,1388,1,14,FORD FIESTA,9,E01022633,0,-1
2021302101379,2021,302101379,2,9,0,18,19,4,8,0,0,0,0,0,0,0,1,1,6,6,1,25,5,998,1,6,FORD FIESTA,7,E01019472,0,-1
2021170M30761,2021,170M30761,1,9,0,9,9,8,6,0,0,6,0,0,0,0,3,1,6,6,1,26,6,1399,2,9,FORD FIESTA,8,E01012048,0,-1
2021010311564,2021,010311564,1,9,0,18,19,1,5,0,0,2,0,0,0,0,4,1,6,6,3,-1,-1,-1,-1,-1,FORD FIESTA,-1,-1,0,-1
2021320239791,2021,320239791,1,9,0,18,19,8,4,0,0,0,0,0,0,0,0,1,6,6,1,26,6,1242,1,10,FORD FIESTA,2,E01026103,0,-1
202131A130621,2021,31A130621,2,9,0,18,19,2,6,0,0,1,0,0,0,0,3,1,6,6,2,50,8,998,1,4,FORD FIESTA,5,E01027941,0,-1
2021111014848,2021,111014848,2,9,0,5,5,5,1,0,0,0,0,0,0,0,2,1,6,6,1,45,7,999,1,1,FORD FIESTA,9,E01020605,0,-1
2021302100025,2021,302100025,1,9,0,16,19,4,1,0,0,0,5,0,7,11,1,1,2,2,1,30,6,1388,1,16,FORD FIESTA,2,E01014302,0,-1
2021371074387,2021,371074387,1,19,0,13,13,7,3,0,0,0,0,0,0,0,4,1,6,6,1,55,8,1399,2,15,FORD FIESTA,7,E01030200,0,-1
2021031031598,2021,031031598,3,9,0,4,4,2,6,0,0,0,0,0,0,0,2,1,6,6,1,38,7,998,1,8,FORD FIESTA,5,E01019268,0,-1
2021131126623,2021,131126623,2,9,0,18,19,1,5,0,0,8,0,0,0,0,3,1,6,6,2,27,6,998,1,3,FORD FIESTA,4,E01033018,0,-1
2021461130269,2021,461130269,2,9,0,3,3,1,5,0,0,0,0,0,0,0,2,1,6,6,2,51,8,998,1,4,FORD FIESTA,8,E01024076,0,-1
2021201063830,2021,201063830,1,9,0,5,5,6,2,0,0,0,0,0,0,0,3,1,6,6,2,47,8,1242,1,5,FORD FIESTA,6,E01029667,0,-1
2021421058716,2021,421058716,2,9,0,18,19,1,5,0,0,1,0,0,0,0,3,1,6,6,2,45,7,1242,1,6,FORD FIESTA,4,E01021425,0,-1
2021010334199,2021,010334199,1,9,0,9,9,1,6,0,0,5,0,0,0,0,4,1,6,6,2,27,6,1242,1,7,FORD FIESTA,7,E01000391,0,-1
2021010351218,2021,010351218,1,9,0,9,9,7,5,0,0,5,0,0,0,0,1,1,6,6,2,39,7,1388,1,12,FORD FIESTA,3,E01000510,0,-1
2021010350761,2021,010350761,2,9,0,2,2,0,0,0,0,8,0,0,0,0,3,1,6,6,3,-1,-1,1242,1,13,FORD FIESTA,-1,-1,0,-1
2021052102847,2021,052102847,1,9,0,18,19,1,5,0,0,0,0,0,0,0,1,1,6,6,2,70,10,1242,1,13,FORD FIESTA,9,E01007070,0,-1
202134WNC4671,2021,34WNC4671,1,9,0,18,19,7,3,0,0,1,0,0,0,0,1,1,6,6,1,30,6,1388,1,15,FORD FIESTA,5,E01027114,0,-1
2021991066699,2021,991066699,1,9,0,8,8,3,6,0,0,1,0,0,0,0,1,1,6,6,1,19,4,1399,2,14,FORD FIESTA,4,-1,0,-1
2021471076978,2021,471076978,4,9,0,18,19,7,3,0,0,0,0,0,0,0,0,1,2,2,2,25,5,998,1,6,FORD FIESTA,9,E01031800,0,-1
2021201029186,2021,201029186,1,9,0,6,6,1,1,0,0,0,0,0,0,0,1,1,6,6,1,-1,-1,-1,-1,-1,FORD FIESTA,3,E01009220,0,-1
2021141100625,2021,141100625,2,9,0,4,4,1,5,0,0,0,0,0,0,0,2,1,2,2,1,19,4,1596,1,8,FORD FIESTA,5,E01007469,0,-1
2021361064672,2021,361064672,1,9,0,17,19,3,7,0,0,0,0,0,2,4,1,1,5,6,1,18,4,1399,2,10,FORD FIESTA,4,E01026763,0,-1
2021010295946,2021,010295946,1,9,0,99,99,9,9,99,99,9,9,99,9,99,2,9,6,6,1,32,6,998,1,6,FORD FIESTA,8,E01004707,0,-1
2021010329815,2021,010329815,2,9,0,2,2,0,0,0,0,1,0,10,1,10,1,1,6,6,3,-1,-1,998,1,8,FORD FIESTA,-1,-1,0,-1
2021010350477,2021,010350477,1,9,9,99,99,9,9,0,0,1,9,99,9,99,9,9,6,6,2,41,7,1242,1,6,FORD FIESTA,3,E01021291,0,-1
2021451052669,2021,451052669,1,9,0,18,19,1,1,0,0,4,0,0,0,0,1,1,5,6,1,30,6,1388,1,13,FORD FIESTA,8,E01030722,0,-1
2021451094157,2021,451094157,1,9,0,17,19,3,7,0,0,0,1,0,1,3,1,1,2,2,2,18,4,1242,1,10,FORD FIESTA,9,E01030766,0,-1
2021991045857,2021,991045857,2,9,0,18,19,7,3,0,0,0,0,0,7,0,1,1,6,6,1,21,5,998,1,4,FORD FIESTA,10,-1,0,-1
2021201148521,2021,201148521,3,9,0,18,19,2,6,0,0,1,0,0,0,0,3,1,6,6,1,20,4,1499,2,6,FORD FIESTA,8,E01009463,0,-1
2021311105989,2021,311105989,1,9,0,18,19,1,5,0,0,2,0,0,0,0,3,1,3,7,1,39,7,998,1,5,FORD FIESTA,10,E01028382,0,-1
2021461046828,2021,461046828,2,9,0,18,19,1,5,0,0,1,0,0,0,0,1,1,6,6,1,23,5,998,1,6,FORD FIESTA,2,E01016040,0,-1
2021101044594,2021,101044594,1,9,0,18,19,1,5,0,0,1,2,7,0,0,1,1,5,6,1,19,4,1242,1,8,FORD FIESTA,9,E01020612,0,-1
202163A064221,2021,63A064221,1,9,0,9,9,2,8,0,0,6,0,0,3,10,3,1,6,6,2,18,4,1242,1,17,FORD FIESTA,6,W01000716,0,-1
2021401081042,2021,401081042,2,9,0,13,13,5,1,0,0,8,0,0,0,0,1,1,6,6,1,43,7,1596,1,7,FORD FIESTA,2,E01015656,0,-1
2021141019614,2021,141019614,1,9,0,7,7,3,5,0,0,2,0,0,0,0,4,1,6,6,1,38,7,1242,1,12,FORD FIESTA,9,E01007581,0,-1
2021061076345,2021,061076345,2,9,0,18,19,7,3,0,0,8,0,0,0,0,2,1,5,6,2,24,5,1399,2,9,FORD FIESTA,8,E01006251,0,-1
2021010303447,2021,010303447,1,9,0,7,7,1,2,0,0,5,0,0,0,0,2,1,6,6,1,28,6,1242,1,11,FORD FIESTA,-1,-1,0,-1
2021501113007,2021,501113007,2,9,0,3,3,8,4,0,0,0,0,0,0,0,2,1,6,6,1,28,6,1388,1,15,FORD FIESTA,7,E01018806,0,-1
2021501090671,2021,501090671,2,9,0,18,19,7,3,0,0,8,0,0,0,0,1,1,5,6,1,60,9,998,1,7,FORD FIESTA,9,E01021053,0,-1
2021361043976,2021,361043976,2,9,0,18,19,1,5,0,0,8,1,0,0,0,3,1,2,2,2,21,5,1499,2,7,FORD FIESTA,5,E01026443,0,-1
2021440017021,2021,440017021,1,9,0,9,9,6,3,0,0,1,0,0,0,0,1,1,6,6,2,20,4,1242,1,10,FORD FIESTA,7,E01017291,0,-1
2021201072911,2021,201072911,2,9,0,7,7,2,4,0,0,1,0,0,0,0,4,1,6,6,2,37,7,1388,1,19,FORD FIESTA,2,E01008883,0,-1
2021991021469,2021,991021469,1,9,0,5,5,2,8,0,0,1,0,0,0,0,1,1,5,6,1,22,5,1596,1,4,FORD FIESTA,-1,-1,0,-1
2021201132802,2021,201132802,2,9,0,18,19,8,4,0,0,8,0,0,0,0,3,1,6,6,2,23,5,998,1,6,FORD FIESTA,3,E01008893,0,-1
2021471021432,2021,471021432,1,9,0,14,14,2,6,0,0,0,0,0,0,0,1,2,5,6,2,23,5,1388,1,17,FORD FIESTA,7,E01031527,0,-1
2021544661021,2021,544661021,2,9,0,17,19,3,1,0,0,8,0,0,0,0,1,1,1,1,1,30,6,1242,1,11,FORD FIESTA,8,E01032704,0,-1
2021622100466,2021,622100466,1,9,0,18,19,3,7,0,0,0,0,0,0,0,2,2,6,6,2,59,9,1596,1,10,FORD FIESTA,6,W01001366,0,-1
202163C106021,2021,63C106021,1,9,0,5,5,1,5,0,0,6,0,0,0,0,1,1,6,6,2,32,6,1499,2,7,FORD FIESTA,3,E01031912,0,-1
2021522103655,2021,522103655,1,9,0,3,3,5,1,0,0,0,0,0,0,0,2,1,6,6,1,48,8,998,2,6,FORD FIESTA,5,E01014534,0,-1
2021302101213,2021,302101213,1,9,0,14,14,6,2,0,0,0,0,0,0,0,1,1,6,6,1,31,6,1399,2,10,FORD FIESTA,3,E01019826,0,-1
2021161084983,2021,161084983,1,9,0,9,9,4,1,0,0,8,0,0,0,0,3,1,5,6,2,25,5,1399,2,9,FORD FIESTA,1,E01013203,0,-1
2021361081444,2021,361081444,2,9,0,5,5,7,3,0,0,1,0,0,0,0,1,1,3,7,2,42,7,1242,1,17,FORD FIESTA,8,E01033538,0,-1
2021991046234,2021,991046234,1,9,0,18,19,4,8,0,0,0,1,10,1,2,1,1,6,6,1,33,6,1388,1,17,FORD FIESTA,-1,-1,0,-1
2021131040983,2021,131040983,1,9,0,4,4,5,1,0,0,0,0,0,0,0,1,1,5,6,1,22,5,1596,1,6,FORD FIESTA,6,E01032551,0,-1
202154A391421,2021,54A391421,2,9,0,18,19,3,7,0,0,1,0,0,0,0,1,1,6,6,2,18,4,1388,1,11,FORD FIESTA,7,E01015490,0,-1
2021451114886,2021,451114886,1,9,0,9,9,2,6,9,9,1,0,0,0,0,1,1,6,6,2,50,8,998,1,4,FORD FIESTA,8,E01030580,0,-1
2021471072005,2021,471072005,1,9,0,18,19,8,4,0,0,2,0,0,0,0,4,1,5,6,2,32,6,998,1,8,FORD FIESTA,8,E01016959,0,-1
2021531056676,2021,531056676,5,9,0,18,19,1,5,0,0,0,0,0,0,0,1,1,2,2,1,40,7,1242,1,10,FORD FIESTA,6,E01022348,0,-1
2021622100171,2021,622100171,1,9,0,18,19,6,2,0,0,0,0,0,0,0,1,1,6,6,1,19,4,1242,1,15,FORD FIESTA,3,W01001044,0,-1
2021461115305,2021,461115305,1,9,0,18,19,3,7,0,0,0,0,0,0,0,1,1,6,6,1,29,6,1242,1,7,FORD FIESTA,4,E01016055,0,-1
2021161013224,2021,161013224,1,9,0,17,19,1,6,0,0,0,0,0,7,9,1,1,2,2,2,31,6,1242,1,6,FORD FIESTA,4,E01013258,0,-1
2021010332656,2021,010332656,1,9,0,3,3,3,7,99,99,0,9,99,9,99,2,1,6,6,1,21,5,1242,1,10,FORD FIESTA,4,E01003766,0,-1
2021411040894,2021,411040894,2,9,0,9,9,6,3,0,0,0,0,0,0,0,3,1,1,1,2,37,7,1399,2,12,FORD FIESTA,8,E01023708,0,-1
2021421060338,2021,421060338,1,9,0,18,19,5,3,0,0,1,1,0,0,0,1,1,6,6,2,29,6,1388,1,11,FORD FIESTA,3,E01021889,0,-1
2021451034301,2021,451034301,1,9,0,9,9,7,3,0,0,1,0,0,0,0,4,1,1,1,2,63,9,1242,1,13,FORD FIESTA,3,E01002605,0,-1
2021411138391,2021,411138391,1,9,0,18,19,5,1,0,0,4,0,0,7,0,1,1,5,6,1,26,6,1388,1,15,FORD FIESTA,5,E01015777,0,-1
2021061109611,2021,061109611,1,9,0,9,9,3,1,0,0,8,0,0,0,0,4,1,6,6,1,45,7,1388,1,13,FORD FIESTA,1,E01005138,0,-1
2021101049188,2021,101049188,1,9,0,4,4,1,5,0,0,1,0,0,0,0,1,1,6,6,1,60,9,998,1,4,FORD FIESTA,3,E01008167,0,-1
2021031101547,2021,031101547,2,9,0,18,19,7,3,0,0,1,0,0,0,0,1,1,5,6,1,60,9,998,1,5,FORD FIESTA,5,E01019144,0,-1
2021131081371,2021,131081371,2,9,0,18,19,7,3,0,0,0,0,0,0,0,2,1,5,6,1,33,6,1560,2,9,FORD FIESTA,2,E01011232,0,-1
2021010325688,2021,010325688,2,9,0,4,4,1,5,0,0,0,0,0,0,0,1,1,1,1,1,24,5,1596,1,11,FORD FIESTA,4,E01015420,0,-1
2021531093912,2021,531093912,1,9,0,18,19,5,1,0,0,0,1,0,0,0,1,1,5,6,1,27,6,1242,1,8,FORD FIESTA,2,E01010068,0,-1
2021201144779,2021,201144779,2,9,0,9,9,1,7,0,0,5,0,0,0,0,4,1,6,6,2,57,9,1242,1,12,FORD FIESTA,1,E01010471,0,-1
2021010336417,2021,010336417,1,9,0,99,99,9,9,99,99,0,9,99,9,99,2,9,6,6,2,31,6,1388,1,10,FORD FIESTA,3,E01003569,0,-1
2021131119409,2021,131119409,2,9,0,9,9,5,3,0,0,8,0,0,0,0,1,1,2,2,1,34,6,1388,1,15,FORD FIESTA,3,E01010779,0,-1
2021061034555,2021,061034555,2,9,0,18,19,1,5,0,0,2,0,0,7,0,3,1,6,6,2,46,8,1399,2,10,FORD FIESTA,9,E01005925,0,-1
2021122101134,2021,122101134,1,9,0,9,9,4,2,0,0,8,0,0,0,0,3,1,6,6,2,86,11,1596,1,13,FORD FIESTA,8,E01027682,0,-1
2021161108208,2021,161108208,1,9,0,18,19,2,6,0,0,0,0,0,1,4,4,1,5,6,1,27,6,1242,1,14,FORD FIESTA,8,E01013127,0,-1
202131B064021,2021,31B064021,2,9,0,18,19,5,1,0,0,2,0,0,0,0,1,1,6,6,1,63,9,998,1,5,FORD FIESTA,2,E01012275,0,-1
2021501018641,2021,501018641,1,9,0,18,19,6,2,0,0,0,5,7,0,0,1,1,6,6,1,74,10,998,1,3,FORD FIESTA,5,E01015024,0,-1
2021211150478,2021,211150478,1,9,0,18,19,1,5,0,0,0,0,0,0,0,1,1,6,6,2,21,5,1242,1,6,FORD FIESTA,2,E01014359,0,-1
2021522200052,2021,522200052,1,9,0,2,2,0,0,0,0,0,0,0,0,0,0,1,6,6,2,20,4,1242,1,9,FORD FIESTA,9,W01001729,0,-1
2021041072160,2021,041072160,2,9,0,18,19,6,2,0,0,1,0,0,0,0,1,1,2,2,2,30,6,1242,1,7,FORD FIESTA,8,E01025550,0,-1
2021440204220,2021,440204220,1,9,0,18,19,8,4,0,0,0,0,0,0,0,1,1,6,6,1,57,9,998,1,8,FORD FIESTA,7,E01017316,0,-1
2021101072135,2021,101072135,1,9,0,4,4,1,5,0,0,0,0,0,0,0,1,1,6,6,1,21,5,1242,1,12,FORD FIESTA,-1,-1,0,-1
2021548428521,2021,548428521,2,9,0,5,5,8,6,0,0,8,0,0,0,0,4,1,2,2,1,27,6,1560,2,9,FORD FIESTA,6,E01032011,0,-1
2021531091743,2021,531091743,1,9,0,11,11,1,1,0,0,1,0,0,0,0,1,1,5,6,2,47,8,998,1,4,FORD FIESTA,6,E01022258,0,-1
2021201037413,2021,201037413,2,9,0,18,19,2,8,0,0,8,0,0,0,0,3,1,2,2,2,25,5,1388,1,16,FORD FIESTA,9,E01032142,0,-1
2021411078590,2021,411078590,2,9,0,18,19,8,4,0,0,1,0,0,0,0,1,1,6,6,1,25,5,1596,1,14,FORD FIESTA,6,E01023932,0,-1
2021010322736,2021,010322736,2,9,0,5,5,0,4,0,0,0,0,0,0,0,4,1,6,6,2,83,11,1596,1,14,FORD FIESTA,5,E01004488,0,-1
2021421105947,2021,421105947,1,9,0,2,2,1,5,0,0,0,0,0,0,0,1,1,3,7,2,32,6,1388,1,11,FORD FIESTA,2,E01021711,0,-1
2021061078616,2021,061078616,1,9,0,9,9,1,5,0,0,0,0,0,0,0,3,1,5,6,2,59,9,1596,1,6,FORD FIESTA,2,E01004865,0,-1
2021430159945,2021,430159945,1,9,0,9,9,2,8,0,0,6,0,0,0,0,4,1,6,6,2,67,10,999,1,1,FORD FIESTA,7,E01017705,0,-1
2021451062318,2021,451062318,2,9,0,18,19,5,1,0,0,0,1,0,0,0,4,1,5,6,2,31,6,998,1,5,FORD FIESTA,7,E01023116,0,-1
2021122101006,2021,122101006,1,9,0,9,9,3,7,0,0,0,0,0,0,0,1,1,6,6,1,86,11,1388,1,18,FORD FIESTA,8,E01027863,0,-1
2021141074177,2021,141074177,2,9,0,7,7,2,7,0,0,3,0,0,1,0,4,1,5,6,2,45,7,1242,1,11,FORD FIESTA,1,E01007466,0,-1
2021411025912,2021,411025912,1,9,0,3,3,5,7,0,0,4,0,0,0,0,1,1,5,6,1,22,5,1388,1,15,FORD FIESTA,3,E01023954,0,-1
2021522104382,2021,522104382,1,9,0,18,19,3,7,0,0,0,0,0,0,0,1,1,6,6,2,86,11,1560,2,11,FORD FIESTA,9,E01014421,0,-1
2021361089953,2021,361089953,1,9,0,18,19,8,4,0,0,2,0,11,0,0,1,1,5,6,1,18,4,1299,1,22,FORD FIESTA,-1,-1,0,-1
2021302101702,2021,302101702,1,9,0,3,3,6,2,0,0,0,0,0,0,0,2,1,6,6,2,54,8,1399,2,13,FORD FIESTA,5,E01013542,0,-1
2021122101151,2021,122101151,2,9,0,9,9,5,1,0,0,0,0,0,0,0,1,1,6,6,1,22,5,-1,-1,-1,FORD FIESTA,7,E01013449,0,-1
2021531067756,2021,531067756,1,9,0,11,11,3,7,0,0,8,0,0,0,0,4,1,6,6,1,48,8,-1,-1,-1,FORD FIESTA,3,E01022294,0,-1
2021201089539,2021,201089539,1,9,0,4,4,8,4,0,0,1,0,0,0,0,4,1,6,6,2,32,6,1242,1,11,FORD FIESTA,1,E01009096,0,-1
2021471035634,2021,471035634,2,9,0,7,7,3,6,0,0,8,0,0,0,0,4,1,6,6,2,27,6,998,1,6,FORD FIESTA,3,E01031441,0,-1
2021501135625,2021,501135625,3,9,0,18,19,3,7,0,0,1,0,0,0,0,1,1,6,6,2,35,6,1399,2,10,FORD FIESTA,8,E01015097,0,-1
2021010305710,2021,010305710,1,9,0,11,11,3,7,0,0,0,0,0,0,0,2,1,2,2,1,22,5,1242,1,12,FORD FIESTA,8,E01002333,0,-1
2021101064229,2021,101064229,1,9,0,18,19,5,1,0,0,0,0,0,0,0,1,1,2,2,1,25,5,1596,1,10,FORD FIESTA,1,E01027412,0,-1
2021211074663,2021,211074663,1,9,0,4,4,6,2,0,0,1,0,0,0,0,1,1,6,6,1,25,5,1496,1,1,FORD FIESTA,9,E01029686,0,-1
2021122100370,2021,122100370,1,9,0,18,19,4,8,0,0,1,0,0,0,0,1,1,6,6,3,-1,-1,998,1,3,FORD FIESTA,-1,-1,0,-1
2021361090491,2021,361090491,1,9,0,5,5,1,5,0,0,2,0,0,0,0,3,1,5,6,2,31,6,1242,1,14,FORD FIESTA,7,E01026588,0,-1
2021161110770,2021,161110770,1,9,0,5,5,5,1,0,0,1,0,0,0,0,1,1,6,6,1,47,8,1399,2,9,FORD FIESTA,9,E01017398,0,-1
2021101104549,2021,101104549,2,9,0,18,19,7,3,0,0,1,0,0,0,0,1,1,5,6,2,64,9,999,1,1,FORD FIESTA,5,E01033718,0,-1
202131B017521,2021,31B017521,2,9,0,17,19,8,4,0,0,0,0,0,0,0,1,1,2,2,1,39,7,1388,1,9,FORD FIESTA,3,E01026178,0,-1
2021371145136,2021,371145136,2,19,0,7,7,3,5,0,0,1,0,0,0,0,3,1,2,2,1,24,5,1499,2,4,FORD FIESTA,2,E01029969,0,-1
2021010326048,2021,010326048,2,9,0,18,19,7,3,0,0,0,0,0,0,0,1,1,6,6,1,32,6,1388,1,9,FORD FIESTA,6,E01024136,0,-1
2021010338720,2021,010338720,2,9,0,17,19,8,4,0,0,0,0,0,0,0,0,1,6,6,2,58,9,1596,1,6,FORD FIESTA,4,E01001684,0,-1
2021552100470,2021,552100470,2,9,0,3,3,1,5,0,0,4,0,0,0,0,2,1,6,6,2,71,10,998,1,5,FORD FIESTA,7,E01020480,0,-1
2021010331876,2021,010331876,3,9,0,18,19,7,3,0,0,1,1,0,0,0,0,1,6,6,1,35,6,1242,1,7,FORD FIESTA,4,E01024262,0,-1
2021010304203,2021,010304203,1,9,0,99,99,9,9,99,99,9,9,99,9,99,1,9,6,6,2,40,7,998,1,8,FORD FIESTA,1,E01000721,0,-1
202131D087221,2021,31D087221,2,9,0,18,19,2,6,0,0,1,0,0,0,0,1,1,6,6,1,49,8,1084,1,3,FORD FIESTA,6,E01028156,0,-1
2021221059153,2021,221059153,1,9,0,14,14,2,6,0,0,0,0,4,0,0,1,1,6,6,1,28,6,1399,2,11,FORD FIESTA,2,E01010077,0,-1
2021531056676,2021,531056676,3,9,0,2,2,1,5,0,0,0,0,0,0,0,2,1,2,2,2,62,9,1388,1,16,FORD FIESTA,3,E01022237,0,-1
2021421079682,2021,421079682,2,9,0,2,2,0,0,0,0,0,0,0,1,4,2,1,6,6,3,-1,-1,1560,2,10,FORD FIESTA,-1,-1,0,-1
2021471045449,2021,471045449,2,9,0,17,19,8,5,0,0,0,0,0,1,0,1,1,6,6,2,86,11,998,1,6,FORD FIESTA,7,E01031665,0,-1
2021471076714,2021,471076714,2,9,0,5,5,4,8,0,0,7,0,0,0,0,1,1,1,1,1,58,9,999,1,0,FORD FIESTA,6,E01031509,0,-1
202134NNC9041,2021,34NNC9041,1,9,0,18,19,2,6,0,0,0,0,0,0,0,1,1,6,6,2,28,6,-1,-1,-1,FORD FIESTA,10,E01029864,0,-1
2021101073401,2021,101073401,2,9,0,18,19,4,8,0,0,4,0,0,0,0,1,1,5,6,1,37,7,1399,2,9,FORD FIESTA,2,E01008428,0,-1
2021361065511,2021,361065511,1,9,0,17,19,6,2,0,0,0,0,0,0,0,1,1,5,6,1,81,11,1242,1,17,FORD FIESTA,5,E01026585,0,-1
2021010336138,2021,010336138,2,9,0,1,1,5,1,0,0,0,0,0,0,0,0,1,6,6,1,24,5,1388,1,18,FORD FIESTA,3,E01001669,0,-1
2021401040493,2021,401040493,2,9,0,18,19,3,7,0,0,0,0,0,0,0,1,1,5,6,1,46,8,1242,1,14,FORD FIESTA,-1,-1,0,-1
2021041197947,2021,041197947,2,9,0,18,19,7,7,0,0,2,0,0,0,0,3,1,5,6,1,18,4,1242,1,12,FORD FIESTA,4,E01012755,0,-1
2021501042113,2021,501042113,2,9,0,2,2,0,0,0,0,0,0,0,0,0,3,1,5,6,2,32,6,1242,1,8,FORD FIESTA,1,E01018878,0,-1
2021031121553,2021,031121553,1,9,0,9,9,5,3,0,0,5,0,0,0,0,1,1,2,2,1,24,5,1388,1,11,FORD FIESTA,-1,-1,0,-1
2021141054920,2021,141054920,3,9,0,2,2,0,0,0,0,0,0,0,0,0,1,1,2,2,1,32,6,1388,1,12,FORD FIESTA,8,E01007502,0,-1
2021421069822,2021,421069822,1,9,0,7,7,5,1,0,0,3,0,0,0,0,4,1,6,6,2,68,10,1388,1,10,FORD FIESTA,10,E01021403,0,-1
2021041071637,2021,041071637,2,9,0,18,19,8,4,0,0,1,0,0,0,0,1,1,2,2,2,42,7,1242,1,10,FORD FIESTA,9,E01025533,0,-1
2021231082462,2021,231082462,2,9,0,2,2,0,0,0,0,0,0,0,0,0,3,1,6,6,3,-1,-1,1388,1,13,FORD FIESTA,-1,-1,0,-1
2021061027342,2021,061027342,1,9,0,17,19,3,5,0,0,8,0,0,0,0,3,1,5,6,1,50,8,1388,1,14,FORD FIESTA,1,E01005164,0,-1
2021131092914,2021,131092914,1,9,0,4,4,1,1,0,0,0,0,0,0,0,2,1,2,2,2,25,5,1499,2,4,FORD FIESTA,5,E01033695,0,-1
2021430351114,2021,430351114,1,9,0,18,19,5,1,0,0,0,0,0,0,0,1,1,6,6,2,21,5,998,1,6,FORD FIESTA,5,E01023998,0,-1