collision_index,collision_year,collision_ref_no,vehicle_reference,vehicle_type,towing_and_articulation,vehicle_manoeuvre_historic,vehicle_manoeuvre,vehicle_direction_from,vehicle_direction_to,vehicle_location_restricted_lane_historic,vehicle_location_restricted_lane,junction_location,skidding_and_overturning,hit_object_in_carriageway,vehicle_leaving_carriageway,hit_object_off_carriageway,first_point_of_impact,vehicle_left_hand_drive,journey_purpose_of_driver_historic,journey_purpose_of_driver,sex_of_driver,age_of_driver,age_band_of_driver,engine_capacity_cc,propulsion_code,age_of_vehicle,generic_make_model,driver_imd_decile,lsoa_of_driver,escooter_flag,driver_distance_banding
2021101076192,2021,101076192,2,9,0,18,19,1,5,0,0,0,0,0,0,0,1,1,6,6,1,20,4,999,1,0,FORD FIESTA,1,E01033547,0,-1
2021201065118,2021,201065118,1,9,0,18,19,4,8,0,0,1,0,0,0,0,1,1,6,6,1,-1,-1,1242,1,12,FORD FIESTA,-1,-1,0,-1
2021371087078,2021,371087078,1,9,0,18,19,4,8,0,0,1,2,0,7,3,1,1,6,6,2,18,4,1388,1,13,FORD FIESTA,8,E01026473,0,-1
2021401084830,2021,401084830,1,9,0,18,19,3,7,0,0,4,0,0,0,0,1,1,5,6,1,22,5,998,1,6,FORD FIESTA,2,E01015759,0,-1
2021302100040,2021,302100040,1,9,0,5,5,6,2,0,0,4,0,0,0,0,3,1,6,6,1,76,11,1596,1,19,FORD FIESTA,10,E01008126,0,-1
2021101048721,2021,101048721,1,9,0,10,10,4,8,0,0,1,0,0,0,0,2,1,5,6,2,30,6,998,1,3,FORD FIESTA,5,E01027373,0,-1
2021061106437,2021,061106437,1,9,0,18,19,5,1,0,0,1,0,0,0,0,1,1,6,6,3,30,6,1242,1,13,FORD FIESTA,-1,-1,0,-1
2021421086466,2021,421086466,1,9,0,1,1,1,1,0,0,1,0,0,0,0,3,1,6,6,2,43,7,998,1,8,FORD FIESTA,6,E01015826,0,-1
2021041050152,2021,041050152,2,9,0,18,19,6,1,0,0,8,0,0,0,0,2,1,2,2,2,34,6,1084,1,3,FORD FIESTA,1,E01024893,0,-1
2021471119443,2021,471119443,2,9,0,18,19,8,4,0,0,0,1,0,0,0,2,1,1,1,1,21,5,998,1,8,FORD FIESTA,7,E01021164,0,-1
2021421063982,2021,421063982,2,9,0,18,19,5,1,0,0,8,1,10,0,0,1,1,5,6,2,20,4,998,1,3,FORD FIESTA,2,E01021771,0,-1
2021351017228,2021,351017228,1,9,0,18,19,5,1,0,0,0,0,0,0,0,1,1,2,2,1,71,10,-1,-1,-1,FORD FIESTA,3,E01018092,0,-1
2021371093287,2021,371093287,1,9,0,1,1,7,3,0,0,0,0,0,0,0,2,1,6,6,2,77,11,1242,1,16,FORD FIESTA,6,E01030135,0,-1
2021361015709,2021,361015709,1,9,0,18,19,2,6,0,0,0,0,0,0,0,1,1,5,6,1,22,5,998,1,3,FORD FIESTA,1,E01026467,0,-1
2021451090760,2021,451090760,1,9,0,18,19,1,5,0,0,3,0,0,0,0,4,1,1,1,1,20,4,1242,1,6,FORD FIESTA,10,E01030396,0,-1
2021141038324,2021,141038324,2,9,0,18,19,1,5,0,0,0,0,0,0,0,1,1,6,6,3,-1,-1,1242,1,12,FORD FIESTA,-1,-1,0,-1
2021991062232,2021,991062232,1,9,0,18,19,8,5,0,0,0,0,0,0,0,1,1,6,6,2,24,5,1242,1,6,FORD FIESTA,2,-1,0,-1
2021430445844,2021,430445844,1,9,0,18,19,3,7,0,0,0,0,0,1,9,1,1,6,6,1,35,6,1242,1,12,FORD FIESTA,-1,-1,0,-1
2021131069413,2021,131069413,2,9,0,12,12,1,3,0,0,1,0,0,0,0,2,1,6,6,3,-1,-1,1560,2,7,FORD FIESTA,-1,-1,0,-1
2021361125759,2021,361125759,1,9,0,18,19,1,4,0,0,6,0,0,0,0,4,1,2,2,1,27,6,1499,2,4,FORD FIESTA,5,E01026496,0,-1
2021141125325,2021,141125325,1,9,0,3,3,7,3,0,0,0,0,0,0,0,2,1,5,6,2,67,10,1388,1,16,FORD FIESTA,7,E01008134,0,-1
2021531071534,2021,531071534,1,9,0,18,19,1,5,0,0,0,0,0,0,0,1,1,5,6,1,81,11,1596,1,4,FORD FIESTA,10,E01022434,0,-1
2021991021215,2021,991021215,2,9,0,9,9,3,7,0,0,1,0,0,0,0,1,1,1,1,2,28,6,998,1,2,FORD FIESTA,1,-1,0,-1
202134NNC0021,2021,34NNC0021,4,9,0,4,4,1,5,0,0,0,0,0,1,0,3,1,6,6,1,22,5,1242,1,14,FORD FIESTA,-1,-1,0,-1
2021201045242,2021,201045242,1,9,0,18,19,4,8,0,0,4,0,0,0,0,1,1,6,6,1,26,6,1499,2,5,FORD FIESTA,1,E01009325,0,-1
2021221020898,2021,221020898,1,9,0,17,19,5,2,0,0,0,2,0,1,0,1,1,2,2,2,28,6,1242,1,12,FORD FIESTA,7,E01028950,0,-1
2021451064821,2021,451064821,2,9,0,18,19,7,3,0,0,0,0,0,0,0,2,1,5,6,1,69,10,1596,1,12,FORD FIESTA,5,E01002613,0,-1
202154C369021,2021,54C369021,2,9,0,18,19,4,8,0,0,0,0,0,5,6,2,1,6,6,1,29,6,1242,1,13,FORD FIESTA,4,E01021815,0,-1
2021361048407,2021,361048407,1,9,0,18,19,6,1,0,0,0,1,0,0,0,3,1,6,6,3,29,6,1242,1,5,FORD FIESTA,2,E01033040,0,-1
2021122200105,2021,122200105,2,9,0,3,3,3,7,0,0,0,0,0,0,0,3,1,2,2,2,30,6,998,1,3,FORD FIESTA,2,E01013349,0,-1
2021010332042,2021,010332042,2,9,0,9,9,1,7,0,0,8,0,0,0,0,1,1,6,6,2,47,8,998,1,5,FORD FIESTA,10,E01030462,0,-1
2021430405501,2021,430405501,1,9,0,8,8,3,5,0,0,1,0,0,0,0,2,1,6,6,2,51,8,998,1,6,FORD FIESTA,8,E01016656,0,-1
2021411162441,2021,411162441,2,9,0,9,9,3,2,0,0,0,0,0,0,0,4,1,6,6,1,26,6,1242,1,10,FORD FIESTA,5,E01023772,0,-1
202131B025221,2021,31B025221,2,9,0,7,7,7,2,0,0,6,0,0,0,0,3,1,1,1,1,35,6,1399,2,10,FORD FIESTA,2,E01011080,0,-1
2021421033524,2021,421033524,1,9,0,18,19,1,5,0,0,8,1,0,0,0,1,1,6,6,1,18,4,1388,1,16,FORD FIESTA,9,E01021615,0,-1
202134WNC2041,2021,34WNC2041,1,9,0,18,19,3,7,0,0,8,0,0,0,0,1,1,6,6,1,65,9,-1,-1,-1,FORD FIESTA,10,E01027283,0,-1
202134NNC3691,2021,34NNC3691,2,9,0,18,19,6,2,0,0,0,0,0,0,0,1,1,6,6,1,48,8,1496,1,2,FORD FIESTA,5,E01026971,0,-1
2021131118027,2021,131118027,2,9,0,18,19,1,1,0,0,1,0,0,0,0,1,1,5,6,1,19,4,1596,1,7,FORD FIESTA,8,E01010698,0,-1
2021520200685,2021,520200685,2,9,0,18,19,2,6,0,0,0,0,0,0,0,1,1,6,6,1,30,6,1388,1,13,FORD FIESTA,6,E01028220,0,-1
2021531087255,2021,531087255,1,9,0,18,19,8,4,0,0,0,0,0,1,10,1,1,2,2,1,23,5,998,1,7,FORD FIESTA,8,E01022255,0,-1
2021531079475,2021,531079475,1,9,0,16,19,5,1,0,0,0,0,0,0,0,3,1,5,6,2,24,5,1499,2,5,FORD FIESTA,4,E01022399,0,-1
2021211102706,2021,211102706,1,9,0,5,5,6,4,0,0,4,0,0,0,0,1,1,5,6,1,84,11,998,1,1,FORD FIESTA,-1,-1,0,-1
2021122100336,2021,122100336,1,9,0,18,19,1,5,0,0,1,0,0,0,0,1,1,6,6,1,75,10,1242,1,4,FORD FIESTA,10,E01027730,0,-1
2021430497887,2021,430497887,1,9,0,18,19,2,6,0,0,0,0,0,0,0,1,1,2,2,1,22,5,1242,1,7,FORD FIESTA,9,E01016380,0,-1
2021101107027,2021,101107027,1,9,0,4,4,3,7,0,0,1,0,0,0,0,1,1,5,6,1,31,6,1242,1,11,FORD FIESTA,-1,-1,0,-1
2021411110636,2021,411110636,1,9,0,18,19,3,7,0,0,0,1,6,2,7,3,1,2,2,1,28,6,1242,1,15,FORD FIESTA,3,E01021847,0,-1
2021010297486,2021,010297486,3,9,0,18,19,5,1,0,0,1,0,0,0,0,1,1,6,6,1,31,6,-1,-1,-1,FORD FIESTA,-1,-1,0,-1
2021610059421,2021,610059421,2,9,0,4,4,3,7,0,0,1,0,0,0,0,0,1,6,6,1,-1,-1,1242,1,14,FORD FIESTA,6,E01022227,0,-1
2021440452185,2021,440452185,1,9,0,18,19,8,6,0,0,8,0,0,0,0,3,1,6,6,1,57,9,1242,1,14,FORD FIESTA,3,E01022901,0,-1
2021201071516,2021,201071516,1,9,0,1,1,4,8,9,9,2,0,0,0,0,2,1,6,6,1,-1,-1,1242,1,12,FORD FIESTA,-1,-1,0,-1
2021141056631,2021,141056631,2,9,0,18,19,6,2,0,0,0,0,0,0,0,4,1,2,2,2,52,8,998,1,3,FORD FIESTA,2,E01007579,0,-1
2021010341696,2021,010341696,1,9,9,99,99,9,9,99,99,9,9,99,9,99,9,9,6,6,3,-1,-1,998,1,4,FORD FIESTA,-1,-1,0,-1
2021101086239,2021,101086239,1,9,0,18,19,7,3,0,0,0,0,0,0,0,1,1,6,6,1,41,7,998,1,7,FORD FIESTA,-1,-1,0,-1
2021471029943,2021,471029943,2,9,0,18,19,3,7,0,0,0,0,0,0,0,1,1,2,2,2,29,6,1388,1,19,FORD FIESTA,7,E01031388,0,-1
2021421083958,2021,421083958,2,9,0,18,19,1,5,0,0,0,0,0,0,0,1,1,5,6,2,21,5,1596,1,10,FORD FIESTA,8,E01021634,0,-1
2021440387766,2021,440387766,1,9,0,18,19,8,4,0,0,1,1,0,0,0,1,1,6,6,1,21,5,1560,2,9,FORD FIESTA,8,E01022591,0,-1
2021371080748,2021,371080748,2,9,0,18,19,2,6,0,0,0,0,0,0,0,1,1,5,6,2,18,4,1242,1,17,FORD FIESTA,6,E01030087,0,-1
2021411105398,2021,411105398,1,9,0,13,13,1,5,0,0,0,1,0,5,0,1,1,6,6,2,41,7,1388,1,18,FORD FIESTA,5,E01023418,0,-1
2021170S11451,2021,170S11451,1,9,0,18,19,1,5,0,0,1,0,0,0,0,4,1,6,6,2,52,8,1242,1,10,FORD FIESTA,1,E01012238,0,-1
2021101093138,2021,101093138,1,9,0,18,19,1,7,0,0,8,0,0,0,0,1,1,5,6,1,56,9,1388,1,13,FORD FIESTA,2,E01008253,0,-1
2021501028541,2021,501028541,3,9,0,18,19,7,3,0,0,0,0,0,0,0,0,1,6,6,1,41,7,1388,1,14,FORD FIESTA,6,E01018852,0,-1
2021201149513,2021,201149513,3,9,0,10,10,4,7,0,0,1,0,0,0,0,2,1,6,6,2,29,6,1388,1,11,FORD FIESTA,1,E01010033,0,-1
2021010356376,2021,010356376,2,9,0,99,99,9,9,99,99,9,9,99,9,99,1,9,6,6,3,-1,-1,1242,1,17,FORD FIESTA,-1,-1,0,-1
2021451126668,2021,451126668,3,9,0,12,12,6,2,0,0,0,0,0,0,0,1,1,5,6,1,23,5,1299,1,19,FORD FIESTA,7,E01024802,0,-1
2021361020683,2021,361020683,1,9,0,5,5,7,3,0,0,4,0,0,0,0,3,1,2,2,1,66,10,-1,-1,-1,FORD FIESTA,5,E01026879,0,-1
2021501047598,2021,501047598,2,9,0,17,19,6,3,0,0,1,0,0,0,0,1,1,5,6,1,18,4,1388,1,15,FORD FIESTA,3,E01015189,0,-1
2021440382284,2021,440382284,2,9,0,4,4,7,3,0,0,1,0,0,0,0,1,1,1,1,1,64,9,-1,-1,-1,FORD FIESTA,5,E01022800,0,-1
2021421086010,2021,421086010,2,9,0,3,3,3,7,0,0,0,0,0,0,0,2,1,2,2,2,42,7,1596,1,7,FORD FIESTA,5,E01021297,0,-1
2021070842802,2021,070842802,2,9,0,4,4,5,1,0,0,0,0,0,0,0,0,1,6,6,2,34,6,998,1,6,FORD FIESTA,-1,-1,0,-1
2021461084799,2021,461084799,2,9,0,2,2,0,0,0,0,8,0,0,0,0,2,1,1,1,2,40,7,998,1,2,FORD FIESTA,7,E01032656,0,-1
2021440313773,2021,440313773,2,9,0,18,19,4,0,0,0,8,0,0,0,0,3,1,6,6,1,63,9,1242,1,7,FORD FIESTA,-1,-1,0,-1
2021547692221,2021,547692221,1,9,0,18,19,1,5,0,0,0,0,0,0,0,3,1,6,6,1,32,6,998,1,8,FORD FIESTA,9,E01031880,0,-1
2021302101611,2021,302101611,3,9,0,18,19,4,8,0,0,0,0,0,0,0,1,1,6,6,1,18,4,1399,2,11,FORD FIESTA,10,E01028201,0,-1
2021622100215,2021,622100215,1,9,0,12,12,6,2,0,0,1,0,0,0,0,1,1,6,6,1,18,4,1242,1,12,FORD FIESTA,1,W01001699,0,-1
2021451091747,2021,451091747,1,9,0,11,11,5,7,0,0,3,0,0,1,1,1,1,2,2,2,25,5,1560,2,13,FORD FIESTA,3,E01002558,0,-1
2021061081578,2021,061081578,2,9,0,18,19,3,7,0,0,0,1,0,4,0,3,1,2,2,2,58,9,1596,1,19,FORD FIESTA,7,E01006368,0,-1
2021061091930,2021,061091930,1,9,0,18,19,2,3,0,0,0,0,0,0,0,1,1,6,6,1,30,6,1242,1,17,FORD FIESTA,1,E01006351,0,-1
2021411097392,2021,411097392,2,9,0,18,19,4,8,0,0,0,0,0,0,0,2,1,5,6,2,21,5,1242,1,12,FORD FIESTA,6,E01021380,0,-1
2021461125846,2021,461125846,1,9,0,18,19,5,1,0,0,0,1,0,7,10,1,1,6,6,1,20,4,1242,1,11,FORD FIESTA,7,E01024037,0,-1
2021010337534,2021,010337534,2,9,0,4,4,3,7,0,0,8,0,0,0,0,3,1,2,2,2,34,6,1242,1,11,FORD FIESTA,3,E01004184,0,-1
2021041146815,2021,041146815,1,9,0,18,19,7,3,0,0,1,0,0,0,0,3,1,5,6,2,45,7,1399,2,12,FORD FIESTA,1,E01033231,0,-1
2021031037844,2021,031037844,1,9,0,18,19,8,4,0,0,0,0,0,0,0,1,1,5,6,1,83,11,1388,1,14,FORD FIESTA,4,E01019247,0,-1
2021501032890,2021,501032890,1,9,0,18,19,8,4,0,0,1,0,0,0,0,1,1,2,2,1,66,10,1596,1,17,FORD FIESTA,4,E01020217,0,-1
2021041184146,2021,041184146,2,9,0,18,19,5,1,0,0,0,0,0,0,0,1,2,5,6,2,19,4,1242,1,17,FORD FIESTA,4,E01025452,0,-1
2021052100838,2021,052100838,1,9,0,18,19,3,7,0,0,0,0,0,0,0,1,1,2,2,1,25,5,1242,1,14,FORD FIESTA,1,E01006908,0,-1
2021041056933,2021,041056933,1,9,0,18,19,7,3,0,0,1,0,0,0,0,1,1,5,6,2,66,10,998,1,6,FORD FIESTA,6,E01025176,0,-1
2021991055217,2021,991055217,1,9,0,18,19,5,1,0,0,0,0,0,0,0,1,1,5,6,1,45,7,998,1,7,FORD FIESTA,5,-1,0,-1
2021231084110,2021,231084110,1,9,0,18,19,1,5,0,0,0,0,0,6,0,1,1,5,6,1,38,7,1388,1,10,FORD FIESTA,2,E01010146,0,-1
2021211066766,2021,211066766,1,9,-1,-1,-1,-1,-1,-1,-1,0,-1,-1,-1,0,-1,1,4,7,2,32,6,1242,1,9,FORD FIESTA,7,E01029668,0,-1
2021991120171,2021,991120171,2,9,0,18,19,6,2,0,0,8,1,0,7,0,1,1,6,6,2,31,6,1399,2,13,FORD FIESTA,-1,-1,0,-1
2021010302340,2021,010302340,2,9,0,99,99,9,9,99,99,9,9,99,9,99,1,9,6,6,3,-1,-1,1399,2,13,FORD FIESTA,-1,-1,0,-1
2021201149518,2021,201149518,2,9,0,18,19,8,4,0,0,8,0,0,0,0,4,1,6,6,3,28,6,1242,1,13,FORD FIESTA,4,E01033622,0,-1
2021302100969,2021,302100969,3,9,0,3,3,2,6,0,0,4,0,0,0,0,2,1,6,6,2,40,7,1388,1,15,FORD FIESTA,1,E01013590,0,-1
2021122200012,2021,122200012,3,9,0,2,2,0,0,0,0,2,0,0,0,0,1,1,6,6,3,-1,-1,1242,1,13,FORD FIESTA,-1,-1,0,-1
202163A065221,2021,63A065221,1,9,0,18,19,7,3,0,0,1,0,0,0,0,1,1,6,6,1,16,4,1999,1,16,FORD FIESTA,6,W01000541,0,-1
202131C077321,2021,31C077321,1,9,0,18,19,1,5,0,0,0,0,0,0,0,4,1,6,6,1,22,5,998,1,4,FORD FIESTA,2,E01013905,0,-1
2021141035857,2021,141035857,1,9,0,18,19,6,3,0,0,1,0,0,0,0,1,1,6,6,3,-1,-1,1242,1,15,FORD FIESTA,-1,-1,0,-1
2021411064414,2021,411064414,1,9,0,18,19,1,5,0,0,1,0,0,0,0,1,1,6,6,1,25,5,998,1,7,FORD FIESTA,10,E01023516,0,-1
2021131045598,2021,131045598,1,9,0,18,19,4,4,0,0,8,0,0,0,0,3,1,5,6,2,62,9,1560,2,11,FORD FIESTA,3,E01011806,0,-1
2021201060269,2021,201060269,1,9,0,18,19,6,2,0,0,0,0,4,0,0,4,1,6,6,1,59,9,1399,2,10,FORD FIESTA,2,E01010279,0,-1
2021430416070,2021,430416070,1,9,0,18,19,2,6,0,0,1,0,0,0,0,1,1,6,6,1,76,11,998,1,6,FORD FIESTA,10,E01028791,0,-1
2021161012632,2021,161012632,1,9,0,17,19,8,6,0,0,0,1,10,7,0,1,1,6,6,1,40,7,1499,2,3,FORD FIESTA,9,E01013103,0,-1
2021622100576,2021,622100576,1,9,0,18,19,8,4,0,0,0,0,4,0,0,1,1,6,6,2,18,4,1242,1,6,FORD FIESTA,3,W01001177,0,-1
2021361028961,2021,361028961,1,9,0,18,19,3,7,0,0,0,0,0,0,0,1,1,5,6,2,24,5,1399,2,11,FORD FIESTA,9,E01031998,0,-1
2021501079723,2021,501079723,2,9,0,3,3,4,8,0,0,0,0,0,0,0,2,1,6,6,1,79,11,1388,1,13,FORD FIESTA,5,E01015092,0,-1
2021010288757,2021,010288757,1,9,0,18,19,5,1,0,0,8,0,0,0,0,3,1,6,6,1,22,5,998,1,6,FORD FIESTA,4,E01033424,0,-1
2021302102081,2021,302102081,2,9,0,18,19,5,1,0,0,0,1,0,5,6,4,1,6,6,1,35,6,1596,1,21,FORD FIESTA,2,E01019572,0,-1
2021010343699,2021,010343699,1,9,0,5,5,0,3,0,0,0,0,0,0,0,4,1,6,6,2,30,6,998,1,3,FORD FIESTA,10,E01023464,0,-1
2021010318257,2021,010318257,1,9,0,18,19,3,7,0,0,4,0,0,0,0,1,1,6,6,1,20,4,1242,1,11,FORD FIESTA,3,E01001676,0,-1
2021991014805,2021,991014805,2,9,0,3,3,5,1,0,0,1,0,0,0,0,2,1,5,6,1,39,7,1388,1,11,FORD FIESTA,1,-1,0,-1
2021052100936,2021,052100936,2,9,0,2,2,0,0,0,0,0,0,0,0,0,2,1,6,6,1,31,6,1388,1,16,FORD FIESTA,1,E01033764,0,-1
2021010328304,2021,010328304,1,9,0,18,19,7,3,0,0,5,0,0,0,0,4,1,6,6,2,25,5,1596,1,9,FORD FIESTA,9,E01001422,0,-1
2021131099416,2021,131099416,3,9,0,2,2,0,0,0,0,0,0,0,0,0,1,1,6,6,3,-1,-1,-1,-1,-1,FORD FIESTA,-1,-1,0,-1
202131C107721,2021,31C107721,4,9,0,18,19,6,2,0,0,8,0,0,0,0,1,1,6,6,2,21,5,998,1,5,FORD FIESTA,4,E01013912,0,-1
2021461096831,2021,461096831,2,9,0,10,10,5,3,0,0,1,0,0,0,0,2,1,6,6,2,34,6,999,1,0,FORD FIESTA,5,E01033732,0,-1
2021421105903,2021,421105903,1,9,0,4,4,3,7,0,0,1,0,0,0,0,1,1,3,7,1,19,4,998,1,2,FORD FIESTA,-1,-1,0,-1
2021131044526,2021,131044526,2,9,0,18,19,7,3,0,0,1,0,0,0,0,4,1,6,6,2,29,6,1084,1,3,FORD FIESTA,7,E01010636,0,-1
2021501091284,2021,501091284,1,9,0,18,19,7,3,0,0,0,0,0,0,0,1,1,6,6,2,50,8,1560,2,11,FORD FIESTA,2,E01018928,0,-1
2021201116249,2021,201116249,2,9,0,2,2,0,0,0,0,8,0,0,0,0,1,1,5,6,2,60,9,1242,1,12,FORD FIESTA,-1,-1,0,-1
2021421117208,2021,421117208,2,9,0,18,19,5,1,0,0,0,0,0,0,0,1,1,6,6,1,28,6,1560,2,7,FORD FIESTA,-1,-1,0,-1
2021201104501,2021,201104501,2,9,0,5,5,1,5,0,0,4,0,0,0,0,4,1,6,6,2,45,7,1560,2,11,FORD FIESTA,6,E01009217,0,-1
2021531111547,2021,531111547,1,9,0,18,19,5,1,0,0,2,0,0,7,9,1,1,6,6,1,32,6,1399,2,9,FORD FIESTA,2,E01014489,0,-1
2021411066011,2021,411066011,2,9,0,3,3,-1,-1,0,0,0,0,0,0,0,2,1,6,6,2,51,8,1242,1,13,FORD FIESTA,7,E01023579,0,-1
2021471106699,2021,471106699,2,9,0,18,19,5,1,0,0,2,0,0,0,0,3,1,6,6,1,18,4,1388,1,15,FORD FIESTA,9,E01031730,0,-1
2021520104195,2021,520104195,1,9,0,4,4,1,5,0,0,4,0,0,0,0,2,1,6,6,2,25,5,998,1,7,FORD FIESTA,2,E01029098,0,-1
2021201169949,2021,201169949,2,9,0,18,19,2,7,0,0,5,0,0,0,0,4,1,6,6,2,26,6,1242,1,10,FORD FIESTA,1,E01009137,0,-1
2021311093572,2021,311093572,1,9,0,18,19,4,1,0,0,0,1,0,0,0,1,1,6,6,1,57,9,1242,1,7,FORD FIESTA,8,E01028420,0,-1
2021451084378,2021,451084378,1,9,0,18,19,1,5,0,0,2,0,4,0,0,1,1,5,6,1,75,10,1242,1,6,FORD FIESTA,10,E01030526,0,-1
2021461076504,2021,461076504,2,9,0,18,19,8,4,0,0,1,0,0,0,0,1,1,6,6,2,21,5,1388,1,17,FORD FIESTA,4,E01016177,0,-1
2021211058612,2021,211058612,2,9,0,3,3,7,3,0,0,0,0,0,0,0,2,1,6,6,2,22,5,1242,1,12,FORD FIESTA,-1,-1,0,-1
202131C152621,2021,31C152621,2,9,0,18,19,4,8,0,0,2,0,0,0,0,4,1,6,6,2,30,6,1388,1,12,FORD FIESTA,1,E01013948,0,-1
2021131115597,2021,131115597,2,9,0,9,9,1,3,0,0,1,1,0,0,0,4,1,6,6,1,22,5,1388,1,13,FORD FIESTA,3,E01011018,0,-1
2021041070803,2021,041070803,2,9,0,9,9,3,1,0,0,2,0,0,0,0,2,1,5,6,2,62,9,1242,1,4,FORD FIESTA,4,E01025071,0,-1
2021421026608,2021,421026608,1,9,0,14,14,2,6,0,0,0,0,0,0,0,4,1,6,6,2,21,5,998,1,5,FORD FIESTA,-1,-1,0,-1
2021070765237,2021,070765237,2,9,0,18,19,7,3,0,0,0,0,0,0,6,4,1,2,2,1,29,6,-1,-1,-1,FORD FIESTA,9,E01012473,0,-1
2021170M10371,2021,170M10371,1,9,0,18,19,3,7,0,0,2,0,0,0,0,1,1,6,6,2,50,8,1242,1,18,FORD FIESTA,1,E01012037,0,-1
2021221066615,2021,221066615,1,9,0,18,19,4,8,0,0,0,2,0,1,10,1,1,2,2,1,19,4,1388,1,17,FORD FIESTA,2,E01014071,0,-1
202106J079426,2021,06J079426,2,9,0,4,4,3,7,0,0,4,0,0,0,0,2,1,6,6,1,23,5,1596,1,6,FORD FIESTA,5,E01005873,0,-1
2021010320186,2021,010320186,1,9,0,7,7,8,3,0,0,5,0,0,0,0,3,1,3,7,2,41,7,1388,1,11,FORD FIESTA,3,E01001809,0,-1
2021161127081,2021,161127081,1,9,0,1,1,2,6,0,0,0,0,0,0,0,2,1,6,6,2,75,10,1399,2,10,FORD FIESTA,7,E01012815,0,-1
2021471054919,2021,471054919,4,9,0,3,3,6,2,0,0,0,0,0,0,0,3,1,2,2,1,56,9,998,1,4,FORD FIESTA,9,E01020939,0,-1
2021201067634,2021,201067634,1,9,0,18,19,2,6,0,0,8,0,0,0,0,1,1,6,6,3,-1,-1,998,1,5,FORD FIESTA,-1,-1,0,-1
2021371126065,2021,371126065,2,9,0,18,19,3,7,0,0,8,0,0,0,0,1,1,5,6,1,85,11,1388,1,10,FORD FIESTA,5,E01029961,0,-1
2021451126361,2021,451126361,1,9,0,5,5,3,7,0,0,0,0,0,0,0,3,1,2,2,2,25,5,1242,1,5,FORD FIESTA,8,E01030949,0,-1
2021401105176,2021,401105176,1,9,0,5,5,8,6,0,0,0,0,0,0,0,1,1,6,6,1,44,7,-1,-1,-1,FORD FIESTA,3,E01015801,0,-1
2021201059674,2021,201059674,1,9,0,18,19,-1,-1,0,0,0,0,0,0,0,1,1,6,6,1,-1,-1,1242,1,15,FORD FIESTA,-1,-1,0,-1
202134NNC7101,2021,34NNC7101,1,9,0,18,19,3,6,0,0,1,0,0,0,0,1,1,2,2,2,28,6,1388,1,16,FORD FIESTA,3,E01027081,0,-1
2021201110609,2021,201110609,1,9,0,18,19,8,4,0,0,0,0,4,0,0,1,1,6,6,1,-1,-1,1560,2,13,FORD FIESTA,-1,-1,0,-1
2021501098289,2021,501098289,2,9,0,4,4,3,7,0,0,0,0,0,0,0,2,1,5,6,1,56,9,998,1,4,FORD FIESTA,5,E01001381,0,-1
202106Q079630,2021,06Q079630,1,9,0,9,9,7,5,0,0,1,0,0,0,0,1,1,6,6,1,20,4,1242,1,15,FORD FIESTA,6,E01005403,0,-1
2021421029940,2021,421029940,2,9,0,18,19,1,5,0,0,0,0,0,0,0,4,1,6,6,2,24,5,1499,2,5,FORD FIESTA,8,E01021478,0,-1
2021141114288,2021,141114288,2,9,0,2,2,7,3,0,0,0,0,0,0,0,2,1,1,1,2,46,8,998,1,2,FORD FIESTA,9,E01007475,0,-1
2021440165203,2021,440165203,2,9,0,4,4,2,6,0,0,0,0,0,0,0,2,1,6,6,1,47,8,1388,1,13,FORD FIESTA,2,E01017265,0,-1
2021141102019,2021,141102019,1,9,0,16,19,1,5,9,9,0,0,0,7,11,1,1,6,6,1,18,4,1596,1,8,FORD FIESTA,5,E01008045,0,-1
2021131065807,2021,131065807,1,9,0,-1,-1,-1,-1,-1,-1,0,-1,-1,-1,-1,2,1,6,6,3,-1,-1,999,1,1,FORD FIESTA,-1,-1,0,-1
2021211108947,2021,211108947,1,9,0,-1,-1,7,3,-1,-1,0,1,-1,-1,0,-1,1,5,6,2,24,5,1242,1,7,FORD FIESTA,3,E01010480,0,-1
2021546183721,2021,546183721,1,9,0,9,9,1,7,0,0,8,0,0,0,0,4,1,6,6,2,64,9,1242,1,15,FORD FIESTA,2,E01015537,0,-1
2021131107225,2021,131107225,1,9,0,18,19,6,2,0,0,8,0,0,0,0,1,1,2,2,2,24,5,1388,1,12,FORD FIESTA,1,E01010702,0,-1
2021351085705,2021,351085705,1,9,0,18,19,1,1,0,0,1,0,0,0,0,1,1,6,6,1,19,4,1399,2,11,FORD FIESTA,3,E01015666,0,-1
2021131089001,2021,131089001,4,9,0,18,19,3,7,0,0,0,0,0,0,0,3,1,5,6,1,24,5,998,1,4,FORD FIESTA,1,E01010872,0,-1
2021211119332,2021,211119332,2,9,-1,-1,-1,-1,-1,-1,-1,0,-1,-1,-1,0,-1,1,6,6,2,29,6,1596,1,11,FORD FIESTA,1,E01033167,0,-1
2021010329954,2021,010329954,1,9,0,9,9,4,1,0,0,5,0,0,0,0,4,1,2,2,2,24,5,1596,1,14,FORD FIESTA,5,E01000619,0,-1