collision_index,collision_year,collision_ref_no,vehicle_reference,vehicle_type,towing_and_articulation,vehicle_manoeuvre_historic,vehicle_manoeuvre,vehicle_direction_from,vehicle_direction_to,vehicle_location_restricted_lane_historic,vehicle_location_restricted_lane,junction_location,skidding_and_overturning,hit_object_in_carriageway,vehicle_leaving_carriageway,hit_object_off_carriageway,first_point_of_impact,vehicle_left_hand_drive,journey_purpose_of_driver_historic,journey_purpose_of_driver,sex_of_driver,age_of_driver,age_band_of_driver,engine_capacity_cc,propulsion_code,age_of_vehicle,generic_make_model,driver_imd_decile,lsoa_of_driver,escooter_flag,driver_distance_banding
2021201047617,2021,201047617,1,9,0,18,19,1,5,0,0,0,0,0,0,0,1,1,5,6,1,26,6,1399,2,9,FORD FIESTA,4,E01010252,0,-1
2021421086648,2021,421086648,2,9,0,16,19,8,4,0,0,0,0,0,0,0,2,1,2,2,2,56,9,999,1,0,FORD FIESTA,7,E01021679,0,-1
2021010340151,2021,010340151,2,9,0,18,19,7,3,0,0,8,0,0,0,0,4,1,6,6,2,44,7,-1,-1,-1,FORD FIESTA,5,E01002399,0,-1
2021131044491,2021,131044491,1,9,0,18,19,5,1,0,0,6,0,0,0,0,3,1,6,6,1,19,4,1242,1,11,FORD FIESTA,8,E01011687,0,-1
2021421051077,2021,421051077,1,9,0,9,9,2,5,0,0,0,0,0,0,0,4,1,5,6,1,18,4,1399,2,11,FORD FIESTA,1,E01022045,0,-1
2021471118508,2021,471118508,1,9,0,18,19,5,1,0,0,0,2,0,0,0,1,1,5,6,1,27,6,1388,1,16,FORD FIESTA,6,E01021154,0,-1
2021010299347,2021,010299347,2,9,0,15,15,1,5,0,0,8,0,0,0,0,1,1,6,6,2,66,10,1242,1,23,FORD FIESTA,3,E01002057,0,-1
2021451080488,2021,451080488,1,9,0,18,19,7,3,0,0,1,0,0,7,0,1,1,5,6,1,76,11,1388,1,10,FORD FIESTA,5,E01030640,0,-1
2021440419485,2021,440419485,1,9,0,17,19,5,1,0,0,0,0,0,1,1,1,1,6,6,1,57,9,1388,1,13,FORD FIESTA,9,E01016682,0,-1
2021440375584,2021,440375584,1,9,0,4,4,3,7,0,0,1,0,0,0,0,2,1,6,6,1,47,8,998,1,4,FORD FIESTA,8,E01017060,0,-1
2021201070596,2021,201070596,1,9,0,16,19,6,1,0,0,0,1,4,1,10,1,1,6,6,1,16,4,1596,1,6,FORD FIESTA,1,E01010283,0,-1
2021302102013,2021,302102013,1,9,0,12,12,1,5,0,0,7,0,0,1,2,3,1,6,6,2,19,4,1242,1,16,FORD FIESTA,3,E01033388,0,-1
2021421054147,2021,421054147,1,9,0,9,9,4,4,0,0,8,0,0,0,0,3,1,1,1,2,35,6,1388,1,12,FORD FIESTA,8,E01021349,0,-1
2021010321739,2021,010321739,1,9,0,99,99,9,9,99,99,4,9,99,9,99,2,9,6,6,1,29,6,998,1,8,FORD FIESTA,2,E01015781,0,-1
2021201097362,2021,201097362,1,9,0,16,19,2,5,0,0,0,0,0,0,0,1,1,2,2,1,18,4,1388,1,12,FORD FIESTA,2,E01008987,0,-1
2021451023451,2021,451023451,1,9,0,15,15,1,5,0,0,1,0,0,0,0,4,1,5,6,1,30,6,1242,1,9,FORD FIESTA,9,E01030309,0,-1
2021010343467,2021,010343467,2,9,0,4,4,5,1,0,0,1,0,0,0,0,1,1,6,6,1,-1,-1,1242,1,6,FORD FIESTA,-1,-1,0,-1
2021141059609,2021,141059609,2,9,0,18,19,2,6,0,0,0,0,0,0,0,1,1,5,6,2,18,4,1242,1,6,FORD FIESTA,10,E01011196,0,-1
2021461076473,2021,461076473,1,9,0,5,5,5,1,0,0,0,0,0,3,0,1,1,6,6,1,58,9,1388,1,19,FORD FIESTA,2,E01016153,0,-1
2021010334690,2021,010334690,2,9,0,99,99,9,9,99,99,9,9,99,9,99,1,9,6,6,2,27,6,1388,1,10,FORD FIESTA,9,E01002362,0,-1
2021451083907,2021,451083907,2,9,0,18,19,1,5,0,0,1,0,0,0,0,1,1,2,2,1,33,6,1388,1,12,FORD FIESTA,9,E01030760,0,-1
2021421020200,2021,421020200,2,9,0,3,3,4,8,0,0,0,0,0,0,0,2,1,5,6,1,21,5,998,1,6,FORD FIESTA,10,E01021453,0,-1
2021161024535,2021,161024535,1,9,0,18,19,7,3,0,0,8,1,0,8,1,1,1,6,6,3,30,6,1999,1,16,FORD FIESTA,-1,-1,0,-1
2021421069699,2021,421069699,3,9,0,2,2,0,0,0,0,0,0,0,0,0,3,1,6,6,3,-1,-1,1596,1,4,FORD FIESTA,-1,-1,0,-1
2021010307315,2021,010307315,1,9,0,99,99,9,9,99,99,9,9,99,9,99,1,9,2,2,2,31,6,1596,1,10,FORD FIESTA,7,E01030410,0,-1
2021411043462,2021,411043462,2,9,0,5,5,1,5,0,0,0,0,0,0,0,2,1,5,6,1,22,5,1242,1,8,FORD FIESTA,2,E01023860,0,-1
202131A098221,2021,31A098221,2,9,0,2,2,0,0,0,0,2,0,4,0,0,2,1,6,6,3,-1,-1,1399,2,12,FORD FIESTA,-1,-1,0,-1
202163A061921,2021,63A061921,1,9,0,18,19,6,2,0,0,0,0,0,2,10,4,1,2,2,1,19,4,1560,2,12,FORD FIESTA,5,W01000685,0,-1
2021461034573,2021,461034573,2,9,0,3,3,5,1,0,0,4,0,0,0,0,2,1,6,6,1,19,4,1560,2,10,FORD FIESTA,8,E01016079,0,-1
2021052100641,2021,052100641,1,9,0,18,19,3,7,0,0,0,1,0,0,0,1,1,6,6,2,29,6,1499,2,5,FORD FIESTA,7,E01005844,0,-1
202131A081821,2021,31A081821,1,9,0,18,19,8,3,0,0,8,0,0,0,0,3,1,6,6,1,79,11,1399,2,10,FORD FIESTA,4,E01028278,0,-1
2021010311579,2021,010311579,1,9,0,99,99,9,9,99,99,1,9,99,9,99,1,9,6,6,1,33,6,1388,1,10,FORD FIESTA,2,E01000018,0,-1
2021991019740,2021,991019740,2,9,0,3,3,3,7,0,0,1,0,0,0,0,2,1,6,6,1,24,5,1596,1,9,FORD FIESTA,1,-1,0,-1
2021461078421,2021,461078421,1,9,0,18,19,5,1,0,0,0,0,0,0,0,0,1,6,6,3,-1,-1,1560,2,11,FORD FIESTA,-1,-1,0,-1
2021221056829,2021,221056829,2,9,0,9,9,8,7,0,0,4,0,0,0,0,4,1,2,2,2,31,6,998,1,5,FORD FIESTA,4,E01032275,0,-1
202134NNC3381,2021,34NNC3381,2,9,0,4,4,3,7,0,0,1,0,0,0,0,2,1,6,6,1,43,7,998,1,5,FORD FIESTA,4,E01029373,0,-1
2021010321063,2021,010321063,1,9,0,4,4,2,6,0,0,1,1,0,0,0,1,1,6,6,1,20,4,998,1,5,FORD FIESTA,-1,-1,0,-1
2021451043230,2021,451043230,2,9,0,18,19,7,3,0,0,0,0,4,0,0,2,1,5,6,1,73,10,998,1,2,FORD FIESTA,7,E01030729,0,-1
2021531107372,2021,531107372,2,9,0,17,19,5,1,0,0,1,0,0,0,0,1,1,6,6,1,19,4,1242,1,10,FORD FIESTA,3,E01022237,0,-1
2021010288813,2021,010288813,2,9,0,5,5,3,7,0,0,3,0,0,0,0,1,1,6,6,1,30,6,1242,1,9,FORD FIESTA,4,E01021277,0,-1
2021141054127,2021,141054127,1,9,0,14,14,6,3,0,0,0,0,0,0,0,1,1,5,6,2,20,4,1399,2,9,FORD FIESTA,9,E01019772,0,-1
2021170H10621,2021,170H10621,2,9,0,18,19,2,6,0,0,8,0,0,0,0,1,1,6,6,1,60,9,1242,1,18,FORD FIESTA,2,E01020797,0,-1
2021411116109,2021,411116109,2,9,0,4,4,5,1,0,0,0,0,0,5,0,2,1,2,2,1,24,5,-1,-1,-1,FORD FIESTA,9,E01027066,0,-1
2021430041542,2021,430041542,1,9,0,18,19,4,8,0,0,0,1,0,0,0,1,1,6,6,1,24,5,1596,1,7,FORD FIESTA,2,E01019109,0,-1
2021461107682,2021,461107682,1,9,0,17,19,5,3,0,0,0,0,11,0,0,1,1,6,6,2,23,5,998,1,2,FORD FIESTA,4,E01024566,0,-1
2021440386026,2021,440386026,1,9,0,15,15,3,7,0,0,0,0,0,0,0,4,1,6,6,2,42,7,1242,1,14,FORD FIESTA,8,E01023165,0,-1
2021131047910,2021,131047910,1,9,0,18,19,2,8,0,0,8,0,0,0,0,2,1,5,6,2,35,6,1560,2,9,FORD FIESTA,1,E01011133,0,-1
2021430309919,2021,430309919,1,9,0,18,19,3,7,0,0,8,0,0,1,0,1,1,1,1,1,20,4,1388,1,19,FORD FIESTA,10,E01028779,0,-1
2021010336660,2021,010336660,1,9,0,18,19,3,7,0,0,0,0,0,4,7,2,1,6,6,1,44,7,998,1,6,FORD FIESTA,4,E01003927,0,-1
2021010292272,2021,010292272,1,9,0,99,99,9,9,99,99,9,9,99,9,99,9,9,6,6,1,21,5,998,1,3,FORD FIESTA,5,E01002636,0,-1
2021231040853,2021,231040853,1,9,0,9,9,8,5,0,0,6,0,0,0,0,3,1,2,2,1,19,4,1242,1,10,FORD FIESTA,10,E01031305,0,-1
2021451124584,2021,451124584,2,9,0,18,19,5,1,0,0,0,5,10,0,0,3,1,2,2,1,61,9,1999,1,16,FORD FIESTA,9,E01001020,0,-1
2021440226884,2021,440226884,1,9,0,9,9,4,2,0,0,8,0,0,0,0,1,1,2,2,1,22,5,1596,1,4,FORD FIESTA,10,E01022686,0,-1
2021010300984,2021,010300984,1,9,0,99,99,9,9,99,99,9,9,99,9,99,2,9,6,6,1,37,7,1596,1,5,FORD FIESTA,3,E01004020,0,-1
2021411053917,2021,411053917,1,9,0,3,3,5,1,0,0,0,0,0,0,0,1,1,6,6,1,33,6,1388,1,12,FORD FIESTA,-1,-1,0,-1
2021201078103,2021,201078103,2,9,0,1,1,4,8,0,0,6,0,0,0,0,4,1,6,6,2,50,8,998,1,2,FORD FIESTA,10,E01009428,0,-1
2021052101435,2021,052101435,2,9,0,18,19,5,1,0,0,8,0,0,0,0,4,1,2,2,2,44,7,1242,1,4,FORD FIESTA,4,E01006954,0,-1
2021622100896,2021,622100896,1,9,0,18,19,5,8,0,0,8,0,0,1,11,4,1,6,6,1,18,4,1242,1,12,FORD FIESTA,3,W01001185,0,-1
2021451124453,2021,451124453,2,9,0,7,7,8,4,0,0,6,0,0,0,0,2,1,5,6,2,20,4,1388,1,12,FORD FIESTA,7,E01001399,0,-1
2021320076885,2021,320076885,1,9,0,7,7,7,1,0,0,0,0,0,0,4,1,1,2,2,1,20,4,1388,1,13,FORD FIESTA,6,E01026260,0,-1
2021131035673,2021,131035673,1,9,0,17,19,2,4,0,0,0,0,0,0,0,2,1,2,2,1,51,8,1560,2,7,FORD FIESTA,7,E01011768,0,-1
2021531071026,2021,531071026,2,9,0,4,4,-1,-1,0,0,1,0,0,0,0,1,1,5,6,1,31,6,998,1,1,FORD FIESTA,8,E01022394,0,-1
2021461111879,2021,461111879,1,9,0,4,4,4,8,0,0,0,0,0,0,0,1,1,5,6,1,24,5,1596,1,9,FORD FIESTA,8,E01016093,0,-1
2021501092052,2021,501092052,2,9,0,2,2,0,0,0,0,0,0,0,0,0,1,1,6,6,2,59,9,998,1,5,FORD FIESTA,3,E01015085,0,-1
2021170S20631,2021,170S20631,2,9,0,18,19,5,1,0,0,8,0,0,0,0,1,1,2,2,2,18,4,998,1,4,FORD FIESTA,4,E01012240,0,-1
2021461015010,2021,461015010,2,9,0,18,19,5,2,0,0,8,0,0,0,0,3,1,6,6,2,22,5,1242,1,10,FORD FIESTA,7,E01024267,0,-1
2021991036513,2021,991036513,2,9,0,5,5,1,4,0,0,4,0,0,0,0,2,1,6,6,2,25,5,1084,1,2,FORD FIESTA,5,-1,0,-1
2021131054166,2021,131054166,2,9,0,9,9,2,3,0,0,6,0,0,0,0,3,1,6,6,3,-1,-1,1242,1,13,FORD FIESTA,-1,-1,0,-1
2021010343685,2021,010343685,2,9,0,18,19,1,5,0,0,8,0,0,0,0,1,9,6,6,3,-1,-1,998,1,4,FORD FIESTA,-1,-1,0,-1
2021141022979,2021,141022979,3,9,0,18,19,2,6,0,0,0,0,0,0,0,2,1,6,6,1,18,4,998,1,4,FORD FIESTA,5,E01007682,0,-1
2021401130635,2021,401130635,1,9,0,18,19,8,4,0,0,1,1,0,0,0,3,1,2,2,1,36,7,999,1,1,FORD FIESTA,1,E01015773,0,-1
2021061105427,2021,061105427,2,9,0,18,19,3,7,0,0,1,0,0,0,0,2,1,5,6,2,24,5,998,1,1,FORD FIESTA,1,E01006386,0,-1
2021421037958,2021,421037958,1,9,0,18,19,7,3,0,0,0,0,0,0,0,1,1,6,6,1,37,7,-1,-1,-1,FORD FIESTA,3,E01024372,0,-1
2021371108280,2021,371108280,1,9,0,18,19,8,4,0,0,0,0,0,0,0,1,1,5,6,1,18,4,1242,1,12,FORD FIESTA,10,E01029908,0,-1
202131C197221,2021,31C197221,2,9,0,6,6,6,6,0,0,0,0,0,0,0,1,1,6,6,1,17,4,1200,1,17,FORD FIESTA,3,E01025715,0,-1
2021010322782,2021,010322782,3,9,0,99,99,9,9,99,99,1,9,99,9,99,1,9,6,6,2,-1,-1,1560,2,12,FORD FIESTA,1,E01002280,0,-1
2021461090967,2021,461090967,1,9,0,5,5,1,5,0,0,0,0,0,0,0,1,1,5,6,2,22,5,998,1,6,FORD FIESTA,10,E01024748,0,-1
2021421054249,2021,421054249,2,9,0,1,1,1,5,0,0,0,0,0,0,0,1,1,5,6,2,-1,-1,998,1,7,FORD FIESTA,9,E01002275,0,-1
2021471047212,2021,471047212,2,9,0,5,5,7,4,0,0,1,0,0,0,0,2,1,5,6,2,34,6,1388,1,10,FORD FIESTA,3,E01031492,0,-1
2021041031824,2021,041031824,2,9,0,18,19,5,1,0,0,8,1,0,0,0,1,1,5,6,1,29,6,1499,2,5,FORD FIESTA,7,E01024999,0,-1
2021471062209,2021,471062209,1,9,0,18,19,2,6,0,0,0,0,0,0,0,1,1,6,6,2,19,4,1399,2,10,FORD FIESTA,2,E01020977,0,-1
2021501084411,2021,501084411,1,9,0,18,19,3,7,0,0,0,0,0,5,0,3,1,2,2,2,25,5,1242,1,9,FORD FIESTA,5,E01018947,0,-1
202131B071821,2021,31B071821,2,9,0,18,19,2,5,0,0,8,0,0,0,0,1,1,6,6,2,45,7,1388,1,16,FORD FIESTA,-1,-1,0,-1
2021061113476,2021,061113476,1,9,0,9,9,1,7,0,0,8,0,0,0,0,4,1,6,6,2,23,5,998,1,4,FORD FIESTA,4,E01005499,0,-1
2021131034532,2021,131034532,1,9,0,18,19,4,8,0,0,2,0,0,0,0,1,1,6,6,1,56,9,998,1,2,FORD FIESTA,5,E01011184,0,-1
2021371065556,2021,371065556,2,9,0,4,4,1,5,0,0,0,0,0,0,0,1,1,5,6,1,23,5,1596,1,14,FORD FIESTA,9,E01030193,0,-1
2021401041830,2021,401041830,1,9,0,9,9,3,7,0,0,1,0,0,0,0,1,1,6,6,2,34,6,1242,1,14,FORD FIESTA,7,E01017437,0,-1
2021531054208,2021,531054208,1,9,0,18,19,1,5,0,0,0,1,12,0,0,1,1,1,1,2,49,8,1499,2,4,FORD FIESTA,6,E01022268,0,-1
2021501079674,2021,501079674,1,9,0,9,9,5,3,0,0,8,0,0,0,0,4,1,1,1,2,21,5,1388,1,10,FORD FIESTA,2,E01015216,0,-1
2021461040171,2021,461040171,1,9,0,12,12,1,5,0,0,0,0,0,0,0,3,1,6,6,2,-1,-1,1499,2,9,FORD FIESTA,8,E01016122,0,-1
2021161038544,2021,161038544,3,9,0,2,2,0,0,0,0,0,0,0,0,0,4,1,6,6,3,34,6,1560,2,13,FORD FIESTA,-1,-1,0,-1
2021010338848,2021,010338848,1,9,0,18,19,1,5,0,0,1,0,0,0,0,1,1,1,1,2,45,7,1242,1,9,FORD FIESTA,3,E01000114,0,-1
2021411060833,2021,411060833,1,9,0,11,11,7,3,0,0,0,2,10,1,0,3,1,3,7,2,29,6,1299,1,21,FORD FIESTA,7,E01023736,0,-1
2021361086967,2021,361086967,2,9,0,2,2,0,0,0,0,0,0,0,1,10,3,1,6,6,3,-1,-1,1299,1,20,FORD FIESTA,-1,-1,0,-1
2021421130717,2021,421130717,1,9,0,18,19,2,6,0,0,4,0,0,0,0,1,1,6,6,1,19,4,-1,-1,-1,FORD FIESTA,4,E01021260,0,-1
2021302102118,2021,302102118,1,9,0,12,12,1,5,0,0,0,0,0,4,7,1,1,6,6,2,35,6,1242,1,12,FORD FIESTA,-1,-1,0,-1
2021141037534,2021,141037534,1,9,0,3,3,8,6,0,0,4,0,0,0,0,2,1,6,6,2,26,6,998,1,5,FORD FIESTA,1,E01007643,0,-1
2021440329151,2021,440329151,1,9,0,9,9,2,3,0,0,6,0,0,0,0,1,1,6,6,2,19,4,998,1,2,FORD FIESTA,10,E01022891,0,-1
2021010315578,2021,010315578,1,9,0,18,19,3,7,0,0,8,0,0,0,0,1,1,6,6,1,18,4,1242,1,11,FORD FIESTA,4,E01000378,0,-1
2021371087816,2021,371087816,2,9,0,18,19,6,2,0,0,8,0,0,0,0,2,1,5,6,2,46,8,1242,1,4,FORD FIESTA,5,E01030138,0,-1
2021302100303,2021,302100303,2,9,0,9,9,4,2,0,0,8,0,0,0,0,1,1,6,6,1,26,6,1242,1,11,FORD FIESTA,3,E01019484,0,-1
2021131053015,2021,131053015,2,9,0,18,19,6,2,0,0,1,0,0,0,0,1,1,5,6,1,58,9,998,1,8,FORD FIESTA,4,E01011238,0,-1
2021041126608,2021,041126608,1,9,0,18,19,5,1,0,0,4,0,0,0,0,1,1,5,6,1,83,11,1388,1,12,FORD FIESTA,3,E01012732,0,-1
2021141049699,2021,141049699,1,9,0,18,19,1,5,0,0,8,0,0,0,0,2,1,1,1,2,34,6,1596,1,14,FORD FIESTA,2,E01008029,0,-1
2021991076129,2021,991076129,1,9,0,18,19,1,5,0,0,1,0,0,0,0,1,1,2,2,1,20,4,1596,1,5,FORD FIESTA,9,-1,0,-1
202134NNC3101,2021,34NNC3101,1,9,0,18,19,6,2,0,0,0,1,0,8,4,4,1,2,2,1,21,5,1388,1,15,FORD FIESTA,6,E01027119,0,-1
2021531101312,2021,531101312,1,9,0,18,19,1,5,0,0,0,0,0,0,0,1,1,6,6,2,18,4,1242,1,12,FORD FIESTA,6,E01022383,0,-1
2021010345700,2021,010345700,2,9,0,18,19,5,1,0,0,9,0,0,0,0,1,1,6,6,3,-1,-1,1596,1,11,FORD FIESTA,-1,-1,0,-1
2021451071294,2021,451071294,2,9,0,4,4,3,7,0,0,0,0,0,0,0,1,1,5,6,2,19,4,1242,1,12,FORD FIESTA,10,E01030604,0,-1
2021010332978,2021,010332978,2,9,0,99,99,9,9,99,99,0,9,99,9,99,9,9,6,6,3,-1,-1,998,1,7,FORD FIESTA,-1,-1,0,-1
2021421096220,2021,421096220,1,9,0,1,1,3,7,0,0,8,0,0,0,0,2,1,6,6,2,22,5,1242,1,5,FORD FIESTA,-1,-1,0,-1
2021501113191,2021,501113191,1,9,0,18,19,3,7,0,0,0,0,0,5,0,1,1,6,6,1,20,4,1596,1,14,FORD FIESTA,4,E01018757,0,-1
2021471033730,2021,471033730,1,9,0,18,19,2,6,0,0,0,0,0,0,0,1,1,6,6,1,24,5,998,1,3,FORD FIESTA,1,E01016880,0,-1
2021501027150,2021,501027150,1,9,0,4,4,3,7,0,0,0,0,0,0,0,1,1,1,1,1,60,9,-1,-1,-1,FORD FIESTA,5,E01019886,0,-1
2021461033277,2021,461033277,1,9,0,12,12,7,3,0,0,0,0,0,0,0,3,1,6,6,2,20,4,1242,1,9,FORD FIESTA,9,E01024331,0,-1
2021520101516,2021,520101516,1,9,0,5,5,3,7,0,0,0,0,0,0,0,1,1,6,6,2,79,11,1399,2,18,FORD FIESTA,7,E01033079,0,-1
2021991119033,2021,991119033,2,9,0,18,19,2,6,0,0,8,0,0,0,0,1,1,5,6,2,36,7,998,1,2,FORD FIESTA,5,-1,0,-1
2021430022371,2021,430022371,2,9,0,18,19,1,5,0,0,0,0,0,0,0,2,1,6,6,1,20,4,1399,2,14,FORD FIESTA,-1,-1,0,-1
2021221025652,2021,221025652,1,9,0,9,9,5,3,0,0,5,0,0,0,0,4,1,1,1,1,42,7,1560,2,12,FORD FIESTA,2,E01010093,0,-1
2021122100688,2021,122100688,1,9,0,4,4,4,8,0,0,0,0,0,0,0,1,1,6,6,1,68,10,1242,1,8,FORD FIESTA,7,E01027585,0,-1
202163C029021,2021,63C029021,1,9,0,18,19,2,6,0,0,1,0,0,0,0,1,1,6,6,2,24,5,1242,1,7,FORD FIESTA,5,W01000593,0,-1
2021231094676,2021,231094676,1,9,0,4,4,6,2,0,0,0,0,10,1,2,1,1,1,1,1,50,8,1242,1,8,FORD FIESTA,5,E01031078,0,-1
2021061052422,2021,061052422,2,9,0,10,10,6,4,0,0,6,0,0,0,0,1,1,6,6,1,20,4,1242,1,8,FORD FIESTA,9,E01004803,0,-1
2021451057723,2021,451057723,1,9,0,16,19,1,5,0,0,0,2,0,1,3,1,1,6,6,1,28,6,1560,2,14,FORD FIESTA,5,E01030983,0,-1
2021211045914,2021,211045914,3,9,0,10,10,7,5,0,0,8,0,0,0,0,2,1,6,6,1,44,7,1499,2,7,FORD FIESTA,1,E01010511,0,-1
2021221107405,2021,221107405,2,9,0,17,19,1,6,0,0,0,0,0,0,0,1,1,6,6,1,80,11,998,1,5,FORD FIESTA,8,E01032308,0,-1
2021010330832,2021,010330832,1,19,0,3,3,5,1,0,0,1,0,0,0,0,2,1,2,2,1,31,6,1499,2,4,FORD FIESTA,6,E01024005,0,-1
2021351043553,2021,351043553,1,9,0,18,19,6,2,0,0,1,0,0,1,0,1,1,2,2,1,20,4,1242,1,16,FORD FIESTA,2,E01018063,0,-1
2021522200908,2021,522200908,2,9,0,18,19,8,4,0,0,1,0,0,0,0,1,1,6,6,1,53,8,1242,1,18,FORD FIESTA,7,E01014403,0,-1
2021070292268,2021,070292268,1,9,0,18,19,8,4,0,0,1,0,0,0,0,2,1,6,6,1,55,8,998,1,3,FORD FIESTA,8,E01018495,0,-1
2021361096474,2021,361096474,1,9,0,18,19,6,1,0,0,1,0,0,0,0,4,1,6,6,1,24,5,998,1,2,FORD FIESTA,5,E01026487,0,-1
2021201134103,2021,201134103,2,9,0,13,13,1,5,0,0,1,0,0,0,0,4,1,6,6,2,43,7,1242,1,12,FORD FIESTA,2,E01009121,0,-1
2021070466166,2021,070466166,1,9,0,10,10,6,3,0,0,4,0,0,0,0,1,1,6,6,1,19,4,1242,1,12,FORD FIESTA,4,E01018639,0,-1
2021041054581,2021,041054581,2,9,0,3,3,5,1,0,0,8,0,0,0,0,2,1,5,6,1,66,10,1399,2,15,FORD FIESTA,-1,-1,0,-1
2021421105444,2021,421105444,1,9,0,9,9,7,4,0,0,8,0,0,0,0,3,1,5,6,2,22,5,1560,2,11,FORD FIESTA,10,E01021587,0,-1
2021430149682,2021,430149682,1,9,0,18,19,4,8,0,0,8,0,0,0,0,1,1,2,2,1,21,5,1242,1,7,FORD FIESTA,9,E01000455,0,-1
2021421124117,2021,421124117,1,9,0,18,19,5,1,0,0,0,0,0,0,0,1,1,5,6,2,28,6,1388,1,9,FORD FIESTA,5,E01033459,0,-1
2021421023159,2021,421023159,1,9,0,2,2,7,4,0,0,0,0,0,3,11,1,1,5,6,2,73,10,1084,1,3,FORD FIESTA,9,E01021782,0,-1
2021501053304,2021,501053304,3,9,0,4,4,7,3,0,0,1,0,0,0,0,2,1,6,6,2,20,4,1242,1,12,FORD FIESTA,4,E01015178,0,-1
2021552100649,2021,552100649,2,9,0,18,19,7,3,0,0,8,0,0,0,0,2,1,6,6,2,63,9,1388,1,10,FORD FIESTA,10,E01015452,0,-1
2021101078806,2021,101078806,2,9,0,18,19,1,5,0,0,8,0,0,0,0,4,1,5,6,2,50,8,1388,1,14,FORD FIESTA,7,E01008856,0,-1
2021552101172,2021,552101172,2,9,0,18,19,2,6,0,0,0,1,0,1,0,2,1,6,6,1,45,7,1560,2,12,FORD FIESTA,4,E01017262,0,-1
2021131098652,2021,131098652,1,9,0,18,19,7,3,0,0,0,0,0,0,0,1,1,2,2,2,29,6,998,1,8,FORD FIESTA,8,E01011579,0,-1
202131C020821,2021,31C020821,2,9,0,3,3,5,1,0,0,1,0,0,0,0,2,1,6,6,1,61,9,1242,1,4,FORD FIESTA,6,E01013895,0,-1
2021201148518,2021,201148518,2,9,0,2,2,0,0,9,9,0,0,0,0,0,2,1,6,6,2,63,9,998,1,8,FORD FIESTA,8,E01019921,0,-1
2021461118088,2021,461118088,1,9,0,9,9,6,4,0,0,1,0,0,0,0,3,1,6,6,1,59,9,1499,2,8,FORD FIESTA,1,E01024710,0,-1
2021201085737,2021,201085737,2,9,0,7,7,5,1,0,0,0,0,0,0,0,3,1,6,6,1,68,10,1399,2,9,FORD FIESTA,10,E01010210,0,-1
2021122100501,2021,122100501,2,9,0,18,19,4,8,0,0,0,0,0,0,0,1,1,6,6,1,80,11,998,1,2,FORD FIESTA,7,E01027667,0,-1
2021411120959,2021,411120959,2,9,0,18,19,5,1,0,0,4,0,0,0,0,1,1,1,1,1,60,9,-1,-1,-1,FORD FIESTA,9,E01016081,0,-1
2021501044239,2021,501044239,1,9,0,17,19,8,4,0,0,0,1,0,0,0,1,1,5,6,1,34,6,1242,1,18,FORD FIESTA,3,E01019059,0,-1
202131B084721,2021,31B084721,3,9,0,18,19,4,8,0,0,0,0,0,0,0,1,1,6,6,1,24,5,1242,1,14,FORD FIESTA,9,E01018291,0,-1
2021201058765,2021,201058765,2,9,0,18,19,8,4,0,0,8,0,0,0,0,1,1,6,6,2,19,4,1242,1,4,FORD FIESTA,2,E01010057,0,-1
2021131121602,2021,131121602,1,9,0,9,9,7,1,0,0,5,0,0,0,0,3,1,5,6,1,86,11,1399,2,18,FORD FIESTA,7,E01011744,0,-1
2021211102783,2021,211102783,1,9,0,9,9,1,7,0,0,1,2,0,1,2,1,1,6,6,1,29,6,999,1,0,FORD FIESTA,4,E01029502,0,-1
2021061043388,2021,061043388,2,9,0,4,4,7,5,0,0,1,0,0,0,0,4,1,6,6,1,28,6,1499,2,2,FORD FIESTA,1,E01005257,0,-1
2021041026210,2021,041026210,2,9,0,15,15,1,5,0,0,0,0,0,0,0,4,1,5,6,1,20,4,1399,2,12,FORD FIESTA,8,E01025564,0,-1
2021010352316,2021,010352316,1,9,0,18,19,7,3,0,0,1,0,0,0,0,4,1,6,6,2,31,6,1242,1,15,FORD FIESTA,8,E01003823,0,-1
2021141067623,2021,141067623,2,9,0,2,2,3,7,9,9,0,0,0,2,11,2,1,1,1,2,27,6,1242,1,12,FORD FIESTA,8,E01007858,0,-1
2021231052963,2021,231052963,1,9,0,13,13,2,6,0,0,0,0,0,1,10,3,1,5,6,2,24,5,998,1,5,FORD FIESTA,2,E01009627,0,-1
2021401118308,2021,401118308,1,9,0,18,19,6,4,0,0,8,0,0,0,0,1,1,5,6,1,53,8,998,1,7,FORD FIESTA,6,E01017550,0,-1
2021302102109,2021,302102109,3,9,0,18,19,8,4,0,0,0,0,0,1,9,3,1,6,6,1,62,9,1399,2,18,FORD FIESTA,8,E01025214,0,-1
2021421049796,2021,421049796,2,9,0,18,19,5,1,0,0,8,0,0,0,0,1,1,6,6,2,53,8,1242,1,5,FORD FIESTA,2,E01021279,0,-1