collision_index,collision_year,collision_ref_no,vehicle_reference,vehicle_type,towing_and_articulation,vehicle_manoeuvre_historic,vehicle_manoeuvre,vehicle_direction_from,vehicle_direction_to,vehicle_location_restricted_lane_historic,vehicle_location_restricted_lane,junction_location,skidding_and_overturning,hit_object_in_carriageway,vehicle_leaving_carriageway,hit_object_off_carriageway,first_point_of_impact,vehicle_left_hand_drive,journey_purpose_of_driver_historic,journey_purpose_of_driver,sex_of_driver,age_of_driver,age_band_of_driver,engine_capacity_cc,propulsion_code,age_of_vehicle,generic_make_model,driver_imd_decile,lsoa_of_driver,escooter_flag,driver_distance_banding
2021061080333,2021,061080333,2,9,0,18,19,7,3,0,0,8,0,0,0,0,1,1,5,6,2,59,9,1242,1,6,FORD FIESTA,4,E01005712,0,-1
2021440165662,2021,440165662,1,9,0,16,19,5,1,0,0,0,0,0,8,4,1,1,6,6,1,18,4,1242,1,12,FORD FIESTA,2,E01017182,0,-1
2021421126512,2021,421126512,2,9,0,16,19,7,3,0,0,0,0,0,0,0,2,1,5,6,2,74,10,1242,1,14,FORD FIESTA,7,E01021898,0,-1
2021131064050,2021,131064050,2,9,0,17,19,7,3,0,0,1,0,0,0,0,1,1,2,2,1,27,6,998,1,6,FORD FIESTA,1,E01011107,0,-1
2021131083031,2021,131083031,2,9,0,2,2,0,0,6,6,0,0,0,0,0,1,1,6,6,3,-1,-1,1399,2,11,FORD FIESTA,-1,-1,0,-1
2021201145727,2021,201145727,1,9,0,18,19,7,3,0,0,0,1,0,0,0,1,1,6,6,1,17,4,1560,2,10,FORD FIESTA,2,E01009742,0,-1
2021471066785,2021,471066785,1,9,0,18,19,3,7,0,0,0,0,0,0,0,1,1,5,6,1,79,11,1242,1,19,FORD FIESTA,3,E01031347,0,-1
2021131093013,2021,131093013,2,9,0,2,2,5,1,0,0,0,0,0,0,0,3,1,6,6,3,-1,-1,1242,1,13,FORD FIESTA,-1,-1,0,-1
2021451126313,2021,451126313,2,9,0,2,2,0,0,0,0,0,0,0,0,0,2,1,5,6,2,31,6,1388,1,11,FORD FIESTA,3,E01030354,0,-1
2021221057161,2021,221057161,3,9,0,2,2,0,0,6,6,0,0,0,0,0,3,1,5,6,2,20,4,998,1,8,FORD FIESTA,10,E01014091,0,-1
2021010324972,2021,010324972,2,9,0,9,9,1,6,9,9,6,0,0,7,11,1,1,1,1,2,54,8,1596,1,8,FORD FIESTA,3,E01004123,0,-1
2021351075848,2021,351075848,1,9,0,18,19,6,2,0,0,0,0,0,1,3,1,1,5,6,2,50,8,1388,1,15,FORD FIESTA,8,E01018290,0,-1
2021351071509,2021,351071509,1,9,0,18,19,1,5,0,0,1,0,0,0,0,1,1,5,6,1,20,4,1399,2,16,FORD FIESTA,4,E01026659,0,-1
2021101124939,2021,101124939,1,9,0,15,15,3,7,0,0,0,0,0,0,0,1,1,5,6,1,20,4,998,1,6,FORD FIESTA,-1,-1,0,-1
2021131052549,2021,131052549,3,9,0,18,19,6,2,0,0,0,0,0,0,0,1,1,5,6,1,19,4,998,1,5,FORD FIESTA,1,E01011133,0,-1
2021010307802,2021,010307802,2,9,0,9,9,7,5,0,0,8,0,0,0,0,1,1,6,6,1,26,6,-1,-1,-1,FORD FIESTA,3,E01002370,0,-1
2021501087471,2021,501087471,2,9,0,18,19,3,7,0,0,0,0,0,0,0,2,1,5,6,2,20,4,1242,1,20,FORD FIESTA,4,E01020131,0,-1
2021010321033,2021,010321033,2,9,0,9,9,5,2,4,4,5,0,0,0,0,4,1,6,6,2,51,8,1596,1,13,FORD FIESTA,4,E01004462,0,-1
202163D082721,2021,63D082721,1,9,0,16,19,1,4,0,0,0,2,0,7,10,3,1,6,6,1,20,4,1596,1,5,FORD FIESTA,-1,-1,0,-1
2021010311271,2021,010311271,2,9,0,99,99,9,9,99,99,9,9,99,9,99,2,9,6,6,1,19,4,1499,2,3,FORD FIESTA,2,E01000056,0,-1
2021991037345,2021,991037345,2,9,0,8,8,5,8,0,0,1,0,0,0,0,2,1,1,1,1,35,6,998,1,2,FORD FIESTA,6,-1,0,-1
2021451118474,2021,451118474,1,9,0,7,7,7,3,9,9,5,0,0,0,0,1,1,5,6,2,55,8,998,1,8,FORD FIESTA,10,E01030307,0,-1
2021320456742,2021,320456742,1,9,0,5,5,4,8,0,0,6,0,0,0,0,3,1,2,2,2,58,9,998,1,7,FORD FIESTA,9,E01026402,0,-1
2021351027144,2021,351027144,2,9,0,18,19,2,6,0,0,1,0,0,0,0,1,1,5,6,2,22,5,1399,2,12,FORD FIESTA,6,E01015671,0,-1
2021161072286,2021,161072286,2,9,0,4,4,5,1,0,0,0,0,0,0,0,1,1,5,6,1,18,4,1560,2,11,FORD FIESTA,5,E01013313,0,-1
2021031060752,2021,031060752,2,9,0,2,2,0,0,9,9,0,0,0,0,0,2,1,5,6,1,65,9,1499,2,7,FORD FIESTA,4,E01019151,0,-1
2021131040315,2021,131040315,2,9,0,18,19,5,5,0,0,1,0,0,0,0,1,1,6,6,1,18,4,998,1,3,FORD FIESTA,9,E01011180,0,-1
2021991038970,2021,991038970,1,9,0,17,19,5,1,0,0,0,5,6,0,0,1,1,5,6,2,24,5,1242,1,10,FORD FIESTA,2,-1,0,-1
2021122101410,2021,122101410,1,9,0,7,7,7,1,0,0,8,0,0,0,0,1,1,1,1,2,21,5,1596,1,9,FORD FIESTA,7,E01027788,0,-1
2021111100682,2021,111100682,1,9,0,18,19,3,7,0,0,3,1,0,0,0,1,1,6,6,2,30,6,1499,2,7,FORD FIESTA,8,E01020817,0,-1
2021101124605,2021,101124605,1,9,0,14,14,1,5,0,0,0,0,0,0,0,1,1,5,6,1,66,10,1399,2,10,FORD FIESTA,10,E01027507,0,-1
2021201149591,2021,201149591,2,9,0,18,19,6,2,0,0,1,0,0,0,0,1,1,6,6,2,-1,-1,1242,1,9,FORD FIESTA,5,E01010351,0,-1
2021231024267,2021,231024267,1,9,0,18,19,4,8,0,0,1,0,0,0,0,1,1,5,6,1,23,5,1242,1,18,FORD FIESTA,5,E01031016,0,-1
2021461048794,2021,461048794,1,9,0,17,19,5,7,0,0,1,0,0,0,0,1,1,5,6,2,30,6,1242,1,17,FORD FIESTA,2,E01024247,0,-1
2021052102553,2021,052102553,1,19,0,18,19,7,3,0,0,0,0,0,7,2,1,1,6,6,1,43,7,1399,2,12,FORD FIESTA,5,E01007223,0,-1
2021622100329,2021,622100329,1,9,0,7,7,1,3,0,0,6,0,0,0,0,3,1,6,6,2,17,4,1242,1,9,FORD FIESTA,7,W01001040,0,-1
2021031039883,2021,031039883,2,9,0,18,19,7,3,0,0,0,5,0,1,11,1,1,5,6,1,18,4,1242,1,12,FORD FIESTA,6,E01019317,0,-1
2021031116594,2021,031116594,1,9,0,16,19,7,3,0,0,0,2,0,6,11,4,1,6,6,2,23,5,1388,1,11,FORD FIESTA,6,E01019200,0,-1
2021622100928,2021,622100928,3,9,0,2,2,0,0,0,0,1,0,0,0,0,1,1,6,6,2,64,9,1499,2,5,FORD FIESTA,6,W01001318,0,-1
2021201098986,2021,201098986,2,9,0,3,3,6,2,0,0,0,0,0,0,0,2,1,6,6,2,29,6,998,1,4,FORD FIESTA,1,E01010143,0,-1
2021361046311,2021,361046311,1,9,0,-1,-1,7,3,0,0,0,0,0,0,0,-1,1,6,6,1,18,4,998,1,4,FORD FIESTA,6,E01026904,0,-1
2021201120982,2021,201120982,2,9,0,18,19,8,4,0,0,0,0,0,0,0,1,1,6,6,1,26,6,998,1,3,FORD FIESTA,2,E01009314,0,-1
2021991074264,2021,991074264,3,9,0,18,19,4,8,0,0,0,0,0,0,0,2,1,5,6,2,24,5,998,1,3,FORD FIESTA,7,-1,0,-1
2021440209674,2021,440209674,1,9,0,9,9,7,5,0,0,8,0,0,0,0,3,1,6,6,2,38,7,1242,1,12,FORD FIESTA,5,E01017222,0,-1
2021440177895,2021,440177895,2,9,0,18,19,1,5,0,0,8,0,0,0,0,1,1,6,6,1,45,7,1242,1,12,FORD FIESTA,7,E01023125,0,-1
2021111091871,2021,111091871,1,9,0,5,5,3,7,0,0,0,0,0,0,0,0,1,6,6,1,53,8,1499,2,7,FORD FIESTA,2,E01020842,0,-1
2021991032500,2021,991032500,1,9,0,18,19,7,4,0,0,0,0,0,0,0,1,1,5,6,1,21,5,998,1,2,FORD FIESTA,4,-1,0,-1
2021010299255,2021,010299255,1,9,0,18,19,1,5,0,0,1,0,0,0,0,1,1,6,6,2,32,6,1242,1,4,FORD FIESTA,4,E01000633,0,-1
2021131040618,2021,131040618,1,9,0,18,19,6,1,0,0,2,0,0,0,0,4,1,6,6,1,60,9,1242,1,11,FORD FIESTA,3,E01010974,0,-1
2021211111221,2021,211111221,2,9,0,4,4,1,5,0,0,0,0,0,0,0,2,1,6,6,1,21,5,1242,1,5,FORD FIESTA,1,E01009983,0,-1
2021471085518,2021,471085518,1,9,0,17,19,4,8,0,0,0,1,0,7,0,1,1,2,2,1,20,4,1388,1,15,FORD FIESTA,10,E01031763,0,-1
2021101100017,2021,101100017,2,9,0,6,6,2,6,0,0,6,0,0,0,0,1,1,5,6,1,62,9,1399,2,15,FORD FIESTA,-1,-1,0,-1
2021421115019,2021,421115019,1,9,0,14,14,2,6,0,0,0,1,4,7,0,1,1,6,6,1,24,5,1242,1,11,FORD FIESTA,2,E01002314,0,-1
2021991119897,2021,991119897,1,9,0,16,19,1,5,0,0,0,2,0,7,9,1,1,5,6,2,18,4,1242,1,8,FORD FIESTA,5,-1,0,-1
2021411053976,2021,411053976,2,9,0,3,3,1,5,0,0,4,0,0,0,0,2,1,5,6,2,28,6,1399,2,12,FORD FIESTA,8,E01023297,0,-1
2021543856621,2021,543856621,1,9,0,9,9,6,2,0,0,8,0,0,0,0,4,1,6,6,2,21,5,1242,1,9,FORD FIESTA,9,E01031935,0,-1
2021451099358,2021,451099358,1,9,0,18,19,7,3,0,0,1,0,0,0,0,3,1,5,6,1,21,5,1388,1,12,FORD FIESTA,9,E01030960,0,-1
2021052101017,2021,052101017,2,9,0,18,19,5,1,0,0,0,0,0,0,0,0,1,6,6,2,46,8,1596,1,5,FORD FIESTA,4,E01006641,0,-1
2021440489443,2021,440489443,3,9,0,4,4,7,3,0,0,0,0,0,0,0,2,1,6,6,2,31,6,998,1,5,FORD FIESTA,8,E01017145,0,-1
2021131073480,2021,131073480,1,9,0,13,13,3,7,0,0,0,0,11,0,0,3,1,6,6,1,49,8,998,1,1,FORD FIESTA,9,E01010764,0,-1
2021411085255,2021,411085255,1,9,0,18,19,1,5,0,0,0,0,0,0,0,1,1,6,6,1,32,6,1596,1,4,FORD FIESTA,4,E01023447,0,-1
2021991047805,2021,991047805,1,9,0,18,19,4,8,0,0,0,2,0,1,11,1,1,2,2,1,24,5,1596,1,5,FORD FIESTA,7,-1,0,-1
202131C189021,2021,31C189021,1,9,0,9,9,6,4,0,0,5,0,0,0,0,4,1,2,2,1,24,5,998,1,2,FORD FIESTA,2,E01013835,0,-1
2021440479274,2021,440479274,1,9,0,3,3,3,7,0,0,1,0,0,0,0,2,1,6,6,2,23,5,998,1,3,FORD FIESTA,7,E01030889,0,-1
2021131045419,2021,131045419,2,9,0,7,7,1,7,0,0,5,0,0,1,0,2,1,5,6,1,37,7,1399,2,12,FORD FIESTA,3,E01010670,0,-1
2021231103693,2021,231103693,1,9,0,18,19,5,1,0,0,0,0,0,0,0,1,1,6,6,1,20,4,1242,1,6,FORD FIESTA,10,E01031100,0,-1
2021302101981,2021,302101981,2,9,0,18,19,5,1,0,0,0,0,0,0,0,3,1,6,6,2,44,7,1388,1,18,FORD FIESTA,3,E01013531,0,-1
2021461088648,2021,461088648,2,9,0,18,19,7,3,0,0,1,0,0,0,0,0,1,5,6,2,71,10,1388,1,12,FORD FIESTA,3,E01024218,0,-1
2021010296130,2021,010296130,1,9,0,18,19,3,7,0,0,1,1,0,0,0,1,1,2,2,1,28,6,1242,1,14,FORD FIESTA,2,E01033703,0,-1
2021201064060,2021,201064060,1,9,0,4,4,7,3,0,0,0,0,0,0,0,2,1,6,6,2,37,7,1388,1,13,FORD FIESTA,3,E01008953,0,-1
2021411044792,2021,411044792,1,9,0,5,5,2,6,0,0,6,1,0,0,0,3,1,6,6,2,49,8,1596,1,14,FORD FIESTA,10,E01023468,0,-1
2021141076378,2021,141076378,1,9,0,17,19,7,3,0,0,0,0,0,0,0,4,1,2,2,2,29,6,1596,1,10,FORD FIESTA,3,E01007781,0,-1
2021061064795,2021,061064795,2,9,0,18,19,5,1,0,0,1,0,0,0,0,4,1,6,6,2,30,6,998,1,6,FORD FIESTA,-1,-1,0,-1
2021522101768,2021,522101768,1,9,0,18,19,5,1,0,0,1,0,0,0,0,1,1,6,6,1,19,4,1388,1,18,FORD FIESTA,4,E01014445,0,-1
2021401091392,2021,401091392,1,9,0,5,5,1,5,9,9,2,0,10,7,0,1,1,5,6,2,33,6,1596,1,15,FORD FIESTA,1,E01017471,0,-1
2021131059051,2021,131059051,2,9,0,16,19,1,2,0,0,3,0,0,0,0,4,1,2,2,1,42,7,-1,-1,-1,FORD FIESTA,5,E01012991,0,-1
2021061111713,2021,061111713,4,9,0,18,19,5,1,0,0,0,0,0,0,0,2,1,2,2,2,41,7,1084,1,1,FORD FIESTA,4,E01004782,0,-1
2021052100691,2021,052100691,4,9,0,18,19,3,7,0,0,8,0,0,0,0,3,1,6,6,1,43,7,1242,1,15,FORD FIESTA,1,E01007055,0,-1
2021221044564,2021,221044564,2,9,0,18,19,7,3,0,0,8,0,0,7,4,1,1,5,6,2,22,5,1242,1,6,FORD FIESTA,6,E01009972,0,-1
2021201095740,2021,201095740,2,9,0,2,2,0,0,0,0,0,0,0,0,0,2,1,5,6,1,38,7,1388,1,11,FORD FIESTA,-1,-1,0,-1
2021421086542,2021,421086542,1,9,0,16,19,5,1,0,0,0,0,0,7,0,1,1,5,6,2,70,10,1399,2,15,FORD FIESTA,4,E01021283,0,-1
202134WNC9011,2021,34WNC9011,2,9,0,18,19,3,7,0,0,0,0,0,0,0,1,1,6,6,1,45,7,998,1,4,FORD FIESTA,8,E01027288,0,-1
2021010336736,2021,010336736,3,9,0,18,19,3,7,0,0,0,0,0,0,0,1,1,6,6,1,40,7,998,1,1,FORD FIESTA,3,E01002311,0,-1
2021461069604,2021,461069604,1,9,0,18,19,1,5,0,0,0,0,0,8,4,3,1,5,6,1,22,5,1596,1,10,FORD FIESTA,8,E01032620,0,-1
2021221133585,2021,221133585,1,9,0,5,5,6,2,9,9,0,0,0,0,0,1,1,6,6,1,31,6,1596,1,7,FORD FIESTA,2,E01028873,0,-1
2021440194504,2021,440194504,1,9,0,18,19,3,1,0,0,8,0,0,0,0,1,1,6,6,1,23,5,1496,1,3,FORD FIESTA,6,E01030827,0,-1
2021141113926,2021,141113926,3,9,0,3,3,1,2,0,0,1,0,0,0,0,1,1,5,6,1,19,4,1242,1,12,FORD FIESTA,5,E01007887,0,-1
2021421067691,2021,421067691,1,9,0,18,19,3,7,0,0,1,0,0,0,0,1,1,1,1,2,55,8,1242,1,7,FORD FIESTA,1,E01021306,0,-1
2021052101487,2021,052101487,2,9,0,18,19,3,7,0,0,1,0,0,0,0,2,1,6,6,2,54,8,1242,1,5,FORD FIESTA,1,E01006515,0,-1
2021070200587,2021,070200587,1,9,0,9,9,3,7,0,0,8,0,0,0,0,3,1,6,6,2,36,7,1242,1,9,FORD FIESTA,1,E01032509,0,-1
2021520100637,2021,520100637,1,9,0,18,19,2,6,0,0,8,0,0,0,0,1,1,6,6,1,25,5,1084,1,3,FORD FIESTA,2,E01000087,0,-1
2021201090646,2021,201090646,1,9,0,7,7,2,5,0,0,8,0,0,0,0,4,1,2,2,2,49,8,1399,2,12,FORD FIESTA,7,E01010163,0,-1
2021411118590,2021,411118590,2,9,0,3,3,5,1,0,0,1,0,0,0,0,3,1,6,6,1,35,6,1388,1,9,FORD FIESTA,7,E01023776,0,-1
2021141069564,2021,141069564,1,9,0,14,14,4,1,0,0,0,0,0,0,0,1,1,5,6,2,19,4,1399,2,9,FORD FIESTA,3,E01007971,0,-1
2021161108712,2021,161108712,1,9,0,18,19,5,1,0,0,1,0,0,0,0,1,1,6,6,1,50,8,998,1,6,FORD FIESTA,1,E01012894,0,-1
2021991034314,2021,991034314,3,9,0,16,19,7,3,0,0,0,0,0,0,0,2,1,5,6,2,60,9,1596,1,6,FORD FIESTA,10,-1,0,-1
2021141059462,2021,141059462,2,9,0,9,9,3,7,0,0,6,0,0,0,0,3,1,5,6,2,71,10,1242,1,4,FORD FIESTA,5,E01007785,0,-1
2021221090548,2021,221090548,2,9,0,17,19,4,1,0,0,0,1,0,1,10,3,1,5,6,1,30,6,1999,1,15,FORD FIESTA,5,E01028843,0,-1
2021101048230,2021,101048230,1,9,0,18,19,1,5,0,0,0,0,0,0,0,1,1,1,1,2,17,4,998,1,3,FORD FIESTA,3,E01008831,0,-1
2021201114584,2021,201114584,2,9,0,9,9,1,7,0,0,5,0,0,0,0,1,1,2,2,2,27,6,1242,1,14,FORD FIESTA,10,E01029485,0,-1
2021421093663,2021,421093663,2,9,0,3,3,7,3,0,0,0,0,0,0,0,2,1,2,2,2,53,8,1242,1,4,FORD FIESTA,6,E01021509,0,-1
2021547115821,2021,547115821,2,9,0,9,9,1,7,0,0,5,0,0,7,0,2,1,6,6,1,39,7,1242,1,12,FORD FIESTA,9,E01031998,0,-1
2021461129164,2021,461129164,2,9,0,18,19,1,5,0,0,2,0,0,0,0,4,1,6,6,1,52,8,1399,2,16,FORD FIESTA,1,E01024661,0,-1
2021221059249,2021,221059249,2,9,0,9,9,5,3,0,0,8,0,0,0,0,4,1,6,6,2,24,5,998,1,5,FORD FIESTA,1,E01008966,0,-1
2021010294928,2021,010294928,1,9,0,18,19,3,7,0,0,2,0,7,0,0,1,1,6,6,1,75,10,1118,1,29,FORD FIESTA,5,E01000663,0,-1
2021361057138,2021,361057138,1,9,0,5,5,3,1,0,0,4,0,0,0,0,3,1,6,6,1,17,4,1399,2,12,FORD FIESTA,8,E01026578,0,-1
2021221112500,2021,221112500,1,9,0,16,19,7,3,0,0,0,5,10,8,0,1,1,5,6,1,21,5,1596,1,4,FORD FIESTA,3,E01032241,0,-1
2021421097302,2021,421097302,3,9,0,18,19,4,8,0,0,1,0,0,0,0,1,1,5,6,1,37,7,999,1,0,FORD FIESTA,5,E01021489,0,-1
2021501083283,2021,501083283,1,9,0,2,2,1,5,0,0,1,0,0,0,0,2,1,3,7,2,43,7,998,1,2,FORD FIESTA,2,E01015086,0,-1
2021421054993,2021,421054993,1,9,0,5,5,7,3,0,0,5,0,0,0,0,3,1,5,6,2,29,6,998,1,5,FORD FIESTA,5,E01021575,0,-1
2021010317461,2021,010317461,1,9,0,10,10,6,3,0,0,5,0,0,0,0,1,1,6,6,1,74,10,1499,2,3,FORD FIESTA,6,E01004078,0,-1
2021351113623,2021,351113623,2,9,0,3,3,-1,-1,0,0,1,0,0,0,0,2,1,3,7,2,18,4,1242,1,14,FORD FIESTA,5,E01018214,0,-1
2021221019182,2021,221019182,1,9,0,18,19,8,4,0,0,1,1,0,0,0,1,1,2,2,1,27,6,1242,1,7,FORD FIESTA,4,E01032157,0,-1
2021471106848,2021,471106848,1,9,0,18,19,7,3,0,0,8,0,0,1,11,3,1,5,6,1,20,4,998,1,7,FORD FIESTA,9,E01031683,0,-1
2021371067948,2021,371067948,2,9,0,18,19,3,7,0,0,8,0,0,7,9,3,1,5,6,2,60,9,1388,1,9,FORD FIESTA,10,E01030172,0,-1
2021221067642,2021,221067642,1,9,0,18,19,8,4,0,0,0,0,4,0,0,1,1,6,6,1,87,11,1388,1,18,FORD FIESTA,2,E01014152,0,-1
2021501064852,2021,501064852,1,9,0,16,19,3,7,0,0,0,2,0,7,0,1,1,5,6,1,18,4,1399,2,11,FORD FIESTA,7,E01020327,0,-1
2021471078351,2021,471078351,2,9,0,18,19,1,5,0,0,0,0,0,1,0,1,1,5,6,1,36,7,1242,1,12,FORD FIESTA,9,E01024175,0,-1
2021471024516,2021,471024516,2,9,0,3,3,7,3,0,0,1,0,0,0,0,2,1,5,6,1,28,6,999,1,1,FORD FIESTA,1,E01016964,0,-1
2021201134395,2021,201134395,1,9,0,13,13,5,1,0,0,8,0,0,0,0,3,1,6,6,2,33,6,1399,2,9,FORD FIESTA,1,E01032889,0,-1
2021010337519,2021,010337519,1,9,0,7,7,1,3,4,4,5,0,0,0,0,4,1,6,6,1,18,4,1242,1,12,FORD FIESTA,4,E01001180,0,-1
2021131126532,2021,131126532,2,9,0,11,11,5,1,0,0,1,0,0,0,0,3,1,5,6,1,32,6,1242,1,12,FORD FIESTA,3,E01011832,0,-1
2021421130618,2021,421130618,2,9,0,2,2,0,0,0,0,0,0,0,0,0,1,1,6,6,3,-1,-1,1242,1,10,FORD FIESTA,-1,-1,0,-1
2021221048495,2021,221048495,3,9,0,2,2,0,0,0,0,8,0,0,0,0,1,1,5,6,2,45,7,1242,1,6,FORD FIESTA,4,E01032432,0,-1
2021170L30141,2021,170L30141,2,9,0,18,19,2,6,0,0,8,0,0,0,0,4,1,6,6,2,42,7,1242,1,4,FORD FIESTA,1,E01012016,0,-1
2021161125190,2021,161125190,1,9,0,9,9,3,1,0,0,8,0,0,0,0,1,1,2,2,1,40,7,1399,2,11,FORD FIESTA,1,E01012855,0,-1
2021461024558,2021,461024558,1,9,0,14,14,4,8,0,0,0,0,0,0,0,1,1,6,6,1,79,11,1388,1,16,FORD FIESTA,3,E01023984,0,-1
2021170L31111,2021,170L31111,1,9,0,3,3,1,5,0,0,0,0,0,0,0,2,1,6,6,2,64,9,1560,2,9,FORD FIESTA,9,E01012139,0,-1
2021421043854,2021,421043854,2,9,0,5,5,4,8,0,0,8,0,0,0,0,1,1,6,6,1,65,9,998,1,3,FORD FIESTA,7,E01021416,0,-1
2021421118917,2021,421118917,1,9,0,9,9,5,1,9,9,5,0,0,1,0,1,1,1,1,2,26,6,998,1,6,FORD FIESTA,6,E01021406,0,-1
2021010340482,2021,010340482,2,9,0,6,6,1,1,0,0,0,0,0,0,0,3,1,6,6,1,53,8,1388,1,14,FORD FIESTA,2,E01004718,0,-1
2021201063562,2021,201063562,1,9,0,18,19,5,1,0,0,8,0,0,0,0,1,1,6,6,1,18,4,998,1,5,FORD FIESTA,10,E01010248,0,-1
2021991112940,2021,991112940,1,9,0,7,7,8,3,0,0,1,0,0,0,0,1,1,5,6,1,17,4,999,1,0,FORD FIESTA,6,-1,0,-1
2021041119058,2021,041119058,1,9,0,17,19,1,5,0,0,1,1,0,1,4,1,1,5,6,1,20,4,998,1,3,FORD FIESTA,2,E01025075,0,-1
2021461096804,2021,461096804,1,9,0,18,19,7,3,0,0,0,0,0,0,0,4,1,5,6,1,44,7,1242,1,14,FORD FIESTA,2,E01016847,0,-1
2021302100418,2021,302100418,2,9,0,9,9,5,3,0,0,1,0,0,0,0,3,1,6,6,1,30,6,1399,2,9,FORD FIESTA,1,E01019662,0,-1
2021421080949,2021,421080949,2,9,0,4,4,5,1,0,0,0,0,0,0,0,2,1,5,6,2,42,7,998,1,2,FORD FIESTA,5,E01021954,0,-1
2021552100411,2021,552100411,1,9,0,18,19,7,3,0,0,0,0,0,0,0,1,1,1,1,1,19,4,1084,1,4,FORD FIESTA,6,E01020466,0,-1
2021622100616,2021,622100616,2,9,0,18,19,4,8,0,0,0,0,0,0,0,3,1,6,6,2,34,6,1242,1,13,FORD FIESTA,5,E01028787,0,-1
2021991059748,2021,991059748,2,9,5,16,19,8,4,0,0,1,1,10,1,11,1,1,5,6,2,18,4,1499,2,6,FORD FIESTA,7,-1,0,-1
2021052100542,2021,052100542,1,9,0,5,5,1,5,0,0,1,0,0,0,0,4,1,6,6,1,88,11,998,1,2,FORD FIESTA,7,E01006666,0,-1
2021010329457,2021,010329457,1,9,0,9,9,1,7,0,0,4,0,0,1,0,4,1,6,6,2,66,10,1242,1,11,FORD FIESTA,3,E01003481,0,-1
2021052100405,2021,052100405,2,9,0,3,3,1,6,0,0,0,0,0,0,0,2,1,6,6,2,29,6,1399,2,9,FORD FIESTA,2,E01006477,0,-1
2021461102475,2021,461102475,1,9,0,18,19,1,5,0,0,0,0,0,0,0,1,1,6,6,1,25,5,1399,2,16,FORD FIESTA,2,E01023973,0,-1
2021430565771,2021,430565771,1,9,0,7,7,5,7,0,0,4,0,0,0,0,1,1,6,6,1,81,11,1242,1,14,FORD FIESTA,10,E01017880,0,-1
2021010347582,2021,010347582,1,9,0,18,19,5,1,0,0,1,0,0,0,0,1,1,6,6,1,21,5,1560,2,12,FORD FIESTA,2,E01000074,0,-1
2021101047375,2021,101047375,1,9,0,11,11,5,1,0,0,0,0,0,0,0,2,1,2,2,1,33,6,998,1,4,FORD FIESTA,3,E01008720,0,-1
2021991051615,2021,991051615,1,9,0,10,10,7,6,0,0,5,0,0,0,0,4,1,1,1,2,29,6,998,1,5,FORD FIESTA,5,-1,0,-1
2021991093207,2021,991093207,2,9,0,6,6,5,1,0,0,1,1,0,0,0,1,1,1,1,1,71,10,998,1,8,FORD FIESTA,-1,-1,0,-1
2021061127748,2021,061127748,1,9,0,18,19,8,4,0,0,0,0,0,0,0,1,1,6,6,1,19,4,1242,1,11,FORD FIESTA,10,E01004901,0,-1
2021451045816,2021,451045816,1,9,0,18,19,1,5,0,0,1,0,0,0,0,2,1,5,6,1,33,6,1242,1,5,FORD FIESTA,4,E01030619,0,-1
2021501029059,2021,501029059,1,9,0,16,19,8,2,0,0,0,5,0,7,0,1,1,5,6,2,23,5,1242,1,9,FORD FIESTA,2,E01015270,0,-1
2021421048573,2021,421048573,3,9,0,2,2,0,0,9,9,0,0,0,0,0,4,1,6,6,3,-1,-1,1084,1,2,FORD FIESTA,-1,-1,0,-1
2021041106638,2021,041106638,1,9,0,16,19,4,1,0,0,0,0,0,0,0,1,1,5,6,1,18,4,1242,1,15,FORD FIESTA,7,E01025109,0,-1
2021070443692,2021,070443692,1,9,0,4,4,1,5,0,0,0,0,0,0,0,2,1,1,1,2,40,7,998,1,7,FORD FIESTA,8,E01018417,0,-1
202134NNC3591,2021,34NNC3591,1,9,0,18,19,4,8,0,0,8,0,0,0,0,1,1,6,6,1,22,5,1399,2,9,FORD FIESTA,-1,-1,0,-1
2021461118944,2021,461118944,1,9,0,9,9,5,3,0,0,8,0,0,0,0,1,1,5,6,2,26,6,1242,1,13,FORD FIESTA,9,E01016172,0,-1
202131C062421,2021,31C062421,1,9,0,12,12,5,1,0,0,1,0,0,0,0,3,1,6,6,1,50,8,1560,2,13,FORD FIESTA,2,E01013933,0,-1
2021461087402,2021,461087402,1,9,0,18,19,3,7,0,0,0,0,0,0,0,1,1,6,6,1,23,5,1388,1,16,FORD FIESTA,8,E01024017,0,-1
202134NNC6281,2021,34NNC6281,1,9,0,16,19,4,8,0,0,3,0,0,0,0,4,1,6,6,2,28,6,1242,1,7,FORD FIESTA,2,E01026966,0,-1
2021430262947,2021,430262947,1,9,0,18,19,1,5,0,0,8,0,0,0,0,1,1,6,6,1,33,6,1242,1,6,FORD FIESTA,8,E01016711,0,-1
2021231033823,2021,231033823,2,9,0,18,19,8,4,0,0,0,0,0,0,0,1,1,5,6,2,31,6,1388,1,12,FORD FIESTA,8,E01031302,0,-1
2021461082903,2021,461082903,2,9,0,18,19,1,5,0,0,0,0,10,1,0,1,1,5,6,1,20,4,1242,1,13,FORD FIESTA,8,E01032818,0,-1