collision_index,collision_year,collision_ref_no,vehicle_reference,vehicle_type,towing_and_articulation,vehicle_manoeuvre_historic,vehicle_manoeuvre,vehicle_direction_from,vehicle_direction_to,vehicle_location_restricted_lane_historic,vehicle_location_restricted_lane,junction_location,skidding_and_overturning,hit_object_in_carriageway,vehicle_leaving_carriageway,hit_object_off_carriageway,first_point_of_impact,vehicle_left_hand_drive,journey_purpose_of_driver_historic,journey_purpose_of_driver,sex_of_driver,age_of_driver,age_band_of_driver,engine_capacity_cc,propulsion_code,age_of_vehicle,generic_make_model,driver_imd_decile,lsoa_of_driver,escooter_flag,driver_distance_banding
2021540659121,2021,540659121,1,9,0,13,13,7,3,0,0,0,1,0,7,4,3,1,6,6,1,49,8,-1,-1,-1,FORD FIESTA,4,E01031895,0,-1
2021501091130,2021,501091130,2,9,0,4,4,5,1,0,0,0,0,0,0,0,2,1,2,2,1,20,4,1242,1,9,FORD FIESTA,6,E01018803,0,-1
202154A156921,2021,54A156921,1,9,0,16,19,8,4,0,0,0,2,10,0,0,1,1,6,6,1,20,4,1388,1,19,FORD FIESTA,5,E01029058,0,-1
2021991091341,2021,991091341,1,9,0,15,15,5,1,0,0,1,0,0,0,0,1,1,6,6,1,37,7,1242,1,8,FORD FIESTA,3,-1,0,-1
2021520103331,2021,520103331,2,9,0,18,19,3,7,0,0,0,0,0,0,0,1,1,6,6,1,-1,-1,1242,1,8,FORD FIESTA,-1,-1,0,-1
2021461067711,2021,461067711,4,9,0,4,4,5,1,0,0,2,0,0,0,0,2,1,5,6,1,24,5,1560,2,11,FORD FIESTA,9,E01016112,0,-1
2021471025325,2021,471025325,1,9,0,9,9,1,3,0,0,1,0,0,7,0,3,1,5,6,2,82,11,1388,1,12,FORD FIESTA,7,E01021166,0,-1
2021471094338,2021,471094338,1,9,0,18,19,2,6,0,0,0,0,0,0,0,1,1,5,6,1,18,4,1596,1,11,FORD FIESTA,5,E01031403,0,-1
2021061055004,2021,061055004,1,9,0,16,19,3,7,0,0,8,0,0,7,11,1,1,6,6,1,22,5,1399,2,10,FORD FIESTA,4,E01005594,0,-1
2021010336511,2021,010336511,2,9,0,18,19,1,5,0,0,8,0,0,0,0,1,1,6,6,2,-1,-1,998,1,5,FORD FIESTA,1,E01002092,0,-1
2021471043157,2021,471043157,2,9,0,18,19,1,5,0,0,8,0,0,0,0,4,1,5,6,2,43,7,1242,1,10,FORD FIESTA,8,E01031587,0,-1
2021471094210,2021,471094210,1,9,0,9,9,8,4,0,0,8,0,0,3,0,1,1,5,6,1,19,4,1388,1,16,FORD FIESTA,5,E01021084,0,-1
2021501036767,2021,501036767,2,9,0,18,19,5,1,0,0,0,0,0,0,0,2,1,5,6,1,74,10,1999,1,16,FORD FIESTA,5,E01019954,0,-1
2021010351026,2021,010351026,2,9,9,99,99,9,9,99,99,0,9,99,9,99,9,9,6,6,2,-1,-1,1388,1,11,FORD FIESTA,4,E01003301,0,-1
2021430481935,2021,430481935,1,9,0,18,19,1,5,0,0,2,0,0,3,2,1,1,6,6,2,45,7,998,1,7,FORD FIESTA,7,E01033523,0,-1
2021440462907,2021,440462907,2,9,0,18,19,8,4,0,0,8,0,0,1,0,3,1,6,6,2,-1,-1,1084,1,3,FORD FIESTA,8,E01017086,0,-1
2021552101132,2021,552101132,1,9,0,1,1,5,1,9,9,0,0,0,0,0,2,1,6,6,2,74,10,1388,1,11,FORD FIESTA,5,E01020587,0,-1
2021201098185,2021,201098185,2,9,0,18,19,2,6,0,0,0,0,0,0,0,1,1,6,6,1,65,9,998,1,6,FORD FIESTA,9,E01010390,0,-1
2021221066105,2021,221066105,1,9,0,18,19,2,6,0,0,0,1,0,0,0,1,1,6,6,2,29,6,998,1,4,FORD FIESTA,4,E01032132,0,-1
2021161042776,2021,161042776,2,9,0,4,4,8,4,0,0,8,0,0,0,0,2,1,3,7,2,27,6,1560,2,10,FORD FIESTA,1,E01013141,0,-1
2021421040380,2021,421040380,2,9,0,3,3,8,2,0,0,0,0,0,0,0,2,1,5,6,1,63,9,1299,1,20,FORD FIESTA,3,E01021321,0,-1
2021471124403,2021,471124403,1,9,0,18,19,1,5,0,0,0,0,4,0,0,1,1,5,6,2,19,4,1388,1,12,FORD FIESTA,5,E01021074,0,-1
2021461059680,2021,461059680,4,9,0,2,2,0,0,0,0,1,0,0,0,0,0,1,5,6,1,76,11,1560,2,11,FORD FIESTA,5,E01024562,0,-1
2021201145461,2021,201145461,2,9,0,18,19,4,8,0,0,8,0,0,0,0,1,1,6,6,1,23,5,998,1,5,FORD FIESTA,6,E01010043,0,-1
2021361031491,2021,361031491,1,9,0,18,19,8,4,0,0,0,0,0,0,0,3,1,5,6,2,73,10,998,1,5,FORD FIESTA,8,E01026508,0,-1
2021070708125,2021,070708125,1,9,0,18,19,7,3,0,0,0,0,0,0,0,1,1,2,2,1,21,5,998,1,8,FORD FIESTA,4,E01018398,0,-1
202134WNC3391,2021,34WNC3391,2,9,0,5,5,1,5,0,0,8,1,0,0,0,3,1,6,6,1,18,4,1388,1,13,FORD FIESTA,9,E01027254,0,-1
2021161014657,2021,161014657,1,9,0,16,19,4,6,0,0,0,0,0,8,4,4,1,6,6,1,24,5,1242,1,14,FORD FIESTA,3,E01012943,0,-1
2021161042177,2021,161042177,1,9,0,18,19,4,8,0,0,8,0,0,0,0,2,1,6,6,2,20,4,1388,1,15,FORD FIESTA,9,E01013155,0,-1
2021461074521,2021,461074521,1,9,0,18,19,3,7,0,0,1,0,0,0,0,1,1,6,6,1,45,7,999,1,1,FORD FIESTA,4,E01026016,0,-1
2021201078161,2021,201078161,2,9,0,3,3,2,6,0,0,1,0,0,0,0,2,1,6,6,2,44,7,1388,1,15,FORD FIESTA,8,E01009687,0,-1
2021010313827,2021,010313827,1,9,0,6,6,1,1,0,0,5,0,0,0,0,3,1,6,6,2,42,7,1388,1,12,FORD FIESTA,5,E01001277,0,-1
2021141028351,2021,141028351,1,9,0,4,4,7,3,0,0,0,0,0,0,0,2,1,6,6,2,43,7,1388,1,11,FORD FIESTA,1,E01007737,0,-1
2021201062656,2021,201062656,1,9,0,9,9,2,8,0,0,8,0,0,0,0,1,1,1,1,2,22,5,998,1,3,FORD FIESTA,5,E01009286,0,-1
2021010328517,2021,010328517,1,9,0,9,9,1,6,0,0,1,0,0,0,0,1,1,6,6,1,23,5,998,1,6,FORD FIESTA,8,E01000874,0,-1
2021201023631,2021,201023631,2,9,0,4,4,6,2,0,0,0,0,0,0,0,2,1,6,6,2,61,9,1242,1,6,FORD FIESTA,7,E01009550,0,-1
2021501018883,2021,501018883,1,9,0,9,9,2,8,0,0,5,0,0,0,0,1,1,6,6,1,77,11,998,1,5,FORD FIESTA,8,E01018822,0,-1
2021461064536,2021,461064536,1,9,0,9,9,1,5,0,0,6,0,0,0,0,3,1,6,6,2,18,4,998,1,3,FORD FIESTA,5,E01024598,0,-1
2021070629891,2021,070629891,3,9,0,16,19,1,5,0,0,0,0,0,0,0,1,1,2,2,1,54,8,999,1,1,FORD FIESTA,10,E01018600,0,-1
2021201070968,2021,201070968,2,9,0,9,9,4,2,0,0,5,0,0,0,0,3,1,6,6,2,29,6,998,1,1,FORD FIESTA,10,E01029854,0,-1
2021131098641,2021,131098641,1,9,0,18,19,5,1,0,0,1,0,0,0,0,1,1,5,6,1,20,4,1242,1,15,FORD FIESTA,4,E01025460,0,-1
2021430318031,2021,430318031,2,9,0,18,19,4,8,0,0,0,0,0,0,0,3,1,6,6,2,50,8,1242,1,6,FORD FIESTA,5,E01016479,0,-1
2021010313600,2021,010313600,1,9,0,5,5,3,7,0,0,4,0,0,1,0,2,1,6,6,1,19,4,1242,1,7,FORD FIESTA,9,E01000421,0,-1
2021302100606,2021,302100606,1,9,0,18,19,8,4,0,0,8,0,0,0,0,4,1,2,2,1,24,5,998,1,6,FORD FIESTA,5,E01019470,0,-1
2021201165552,2021,201165552,1,9,0,10,10,1,7,0,0,8,0,0,0,0,3,1,6,6,2,79,11,1242,1,6,FORD FIESTA,6,E01009532,0,-1
2021141041226,2021,141041226,1,9,0,17,19,1,5,0,0,0,5,0,0,0,1,1,5,6,1,31,6,1242,1,14,FORD FIESTA,1,E01019578,0,-1
2021991029413,2021,991029413,1,9,0,5,5,5,1,0,0,1,0,0,3,0,1,1,5,6,1,20,4,1596,1,12,FORD FIESTA,1,-1,0,-1
2021161067361,2021,161067361,1,9,0,18,19,4,8,0,0,1,0,0,0,0,4,1,5,6,2,20,4,1242,1,9,FORD FIESTA,1,E01013299,0,-1
2021201087505,2021,201087505,1,9,0,18,19,6,2,0,0,1,0,8,0,0,2,1,2,2,2,24,5,1388,1,12,FORD FIESTA,1,E01010053,0,-1
2021141106863,2021,141106863,1,9,0,17,19,1,5,0,0,0,5,0,2,4,4,1,5,6,1,19,4,1499,2,8,FORD FIESTA,5,E01007469,0,-1
2021010316718,2021,010316718,2,9,0,18,19,6,2,0,0,0,0,0,0,0,1,1,6,6,2,55,8,1388,1,12,FORD FIESTA,3,E01002508,0,-1
2021201027763,2021,201027763,1,9,0,18,19,6,2,0,0,8,0,0,0,0,3,1,6,6,1,49,8,998,1,4,FORD FIESTA,2,E01010019,0,-1
2021471055633,2021,471055633,1,9,0,9,9,4,1,0,0,1,0,0,0,0,3,1,5,6,2,28,6,1388,1,10,FORD FIESTA,6,E01021033,0,-1
202131C075521,2021,31C075521,1,9,0,18,19,6,2,0,0,1,0,0,0,0,3,1,3,7,2,41,7,1596,1,11,FORD FIESTA,1,E01013846,0,-1
2021201058887,2021,201058887,1,9,0,5,5,1,5,0,0,0,0,0,0,0,1,1,6,6,1,18,4,1242,1,9,FORD FIESTA,1,E01009844,0,-1
2021041072182,2021,041072182,1,9,0,18,19,5,5,0,0,1,0,0,0,0,1,1,6,6,1,19,4,1399,2,11,FORD FIESTA,1,E01025396,0,-1
2021201133055,2021,201133055,1,9,0,1,1,6,2,9,9,6,0,0,0,0,2,1,6,6,1,-1,-1,1242,1,23,FORD FIESTA,-1,-1,0,-1
2021549266021,2021,549266021,2,9,0,18,19,1,5,0,0,8,0,0,0,0,1,1,6,6,1,29,6,998,1,5,FORD FIESTA,8,E01032690,0,-1
2021461126881,2021,461126881,1,9,0,18,19,7,2,0,0,3,1,0,1,9,1,1,6,6,1,80,11,1242,1,11,FORD FIESTA,3,E01024684,0,-1
2021451117986,2021,451117986,1,9,0,18,19,3,7,5,5,0,0,0,0,0,3,1,6,6,1,19,4,1242,1,11,FORD FIESTA,9,E01022583,0,-1
2021131083839,2021,131083839,2,9,0,7,7,5,7,0,0,6,0,0,0,0,3,1,6,6,2,74,10,998,1,7,FORD FIESTA,8,E01011051,0,-1
2021361031405,2021,361031405,1,9,0,9,9,7,5,0,0,2,0,0,0,0,1,1,5,6,2,18,4,1399,2,10,FORD FIESTA,5,E01026585,0,-1
202131C000221,2021,31C000221,1,9,0,1,1,1,5,0,0,0,0,0,0,0,2,1,6,6,3,-1,-1,1388,1,13,FORD FIESTA,-1,-1,0,-1
2021991066677,2021,991066677,1,9,0,15,15,5,1,6,6,0,0,0,0,0,3,2,5,6,1,17,4,998,1,5,FORD FIESTA,8,-1,0,-1
2021471021337,2021,471021337,1,9,0,16,19,7,2,0,0,0,0,0,0,0,1,1,5,6,1,23,5,1596,1,14,FORD FIESTA,2,E01023975,0,-1
2021010300125,2021,010300125,2,9,0,99,99,9,9,99,99,9,9,99,9,99,1,9,6,6,3,40,7,-1,-1,-1,FORD FIESTA,8,E01018132,0,-1
2021010295870,2021,010295870,1,9,0,18,19,3,7,0,0,0,0,0,0,0,1,1,3,7,2,42,7,1388,1,12,FORD FIESTA,2,E01004385,0,-1
2021010308981,2021,010308981,2,9,0,9,9,1,7,0,0,6,0,0,0,0,1,1,6,6,1,47,8,1560,2,12,FORD FIESTA,7,E01002301,0,-1
2021522104759,2021,522104759,1,9,0,4,4,3,7,0,0,0,0,0,0,0,2,1,6,6,2,22,5,998,1,5,FORD FIESTA,8,E01032725,0,-1
2021361027748,2021,361027748,1,9,0,9,9,3,1,0,0,1,0,0,0,0,1,1,2,2,2,56,9,998,1,5,FORD FIESTA,10,E01026568,0,-1
2021440002298,2021,440002298,1,9,0,5,5,8,3,0,0,8,0,0,0,0,1,1,6,6,2,66,10,1084,1,3,FORD FIESTA,6,E01017015,0,-1
2021141086204,2021,141086204,2,9,0,18,19,6,2,0,0,1,0,0,0,0,1,1,6,6,3,-1,-1,1399,2,12,FORD FIESTA,-1,-1,0,-1
2021461057815,2021,461057815,1,9,0,16,19,6,2,0,0,0,2,0,0,0,1,1,2,2,1,17,4,1388,1,14,FORD FIESTA,8,E01033088,0,-1
2021141111084,2021,141111084,1,9,0,18,19,7,3,0,0,4,0,0,0,0,2,1,6,6,2,30,6,998,1,7,FORD FIESTA,3,E01007533,0,-1
2021451087279,2021,451087279,1,9,0,18,19,6,2,0,0,0,0,0,0,0,3,1,5,6,2,32,6,1399,2,10,FORD FIESTA,10,E01030596,0,-1
2021031044020,2021,031044020,2,9,0,2,2,0,0,0,0,2,0,0,0,0,2,1,6,6,1,56,9,998,1,6,FORD FIESTA,5,E01019286,0,-1
2021010318266,2021,010318266,3,9,0,3,3,1,5,0,0,1,0,0,0,0,2,1,6,6,2,21,5,998,1,1,FORD FIESTA,2,E01033698,0,-1
2021501056677,2021,501056677,1,9,0,17,19,4,8,0,0,0,2,0,0,0,1,1,5,6,2,50,8,1560,2,12,FORD FIESTA,1,E01018933,0,-1
2021361087860,2021,361087860,1,9,0,18,19,7,3,0,0,0,0,0,0,0,1,1,5,6,1,30,6,1299,1,18,FORD FIESTA,7,E01026608,0,-1
2021201098986,2021,201098986,1,9,0,18,19,6,2,0,0,0,0,0,0,0,1,1,6,6,1,-1,-1,1242,1,15,FORD FIESTA,-1,-1,0,-1
2021122101086,2021,122101086,1,9,0,16,19,6,2,0,0,0,0,0,7,10,1,1,6,6,1,19,4,1242,1,12,FORD FIESTA,4,E01012981,0,-1
2021010287843,2021,010287843,2,9,9,18,19,7,3,0,0,1,9,0,0,0,2,9,6,6,1,-1,-1,1399,2,12,FORD FIESTA,3,E01001552,0,-1
2021111059460,2021,111059460,1,9,0,18,19,3,7,0,0,1,0,0,0,0,1,1,5,6,1,19,4,1084,1,3,FORD FIESTA,7,E01020655,0,-1
2021131034269,2021,131034269,2,9,0,18,19,1,5,0,0,0,0,0,0,0,1,1,6,6,2,57,9,1388,1,12,FORD FIESTA,4,E01010919,0,-1
2021991149838,2021,991149838,1,9,0,4,4,2,6,0,0,0,0,0,0,0,2,1,2,2,1,25,5,1388,1,14,FORD FIESTA,7,-1,0,-1
2021122101539,2021,122101539,2,9,0,17,19,4,8,0,0,0,0,0,0,0,1,1,6,6,1,62,9,1499,2,5,FORD FIESTA,1,E01012268,0,-1
2021991029953,2021,991029953,1,9,0,9,9,6,4,0,0,5,0,0,0,0,1,1,5,6,1,19,4,1596,1,5,FORD FIESTA,6,-1,0,-1
2021161022056,2021,161022056,3,9,0,18,19,5,1,0,0,0,0,0,1,9,1,1,2,2,2,27,6,1596,1,5,FORD FIESTA,6,E01027834,0,-1
2021351057155,2021,351057155,1,9,0,9,9,8,5,0,0,1,0,0,0,0,3,1,5,6,2,67,10,998,1,2,FORD FIESTA,5,E01017997,0,-1
2021111131458,2021,111131458,2,9,0,18,19,8,4,0,0,0,0,0,0,0,1,1,5,6,2,69,10,1388,1,14,FORD FIESTA,2,E01020795,0,-1
2021421037662,2021,421037662,2,9,0,3,3,3,7,0,0,0,0,0,0,0,2,1,6,6,1,32,6,1560,2,9,FORD FIESTA,6,E01021373,0,-1
2021622200003,2021,622200003,1,9,0,9,9,6,4,0,0,5,0,0,0,0,1,1,6,6,1,79,11,998,1,2,FORD FIESTA,5,W01001186,0,-1
202134WNC3161,2021,34WNC3161,2,9,0,18,19,5,1,0,0,8,5,0,0,0,4,1,6,6,2,46,8,1242,1,4,FORD FIESTA,9,E01017644,0,-1
2021522201358,2021,522201358,1,9,0,18,19,3,7,0,0,0,0,0,0,0,1,1,6,6,1,17,4,1596,1,11,FORD FIESTA,7,E01014763,0,-1
2021131120939,2021,131120939,1,9,0,13,13,1,5,0,0,8,0,0,0,0,1,1,1,1,1,33,6,-1,-1,-1,FORD FIESTA,4,E01011469,0,-1
2021122100665,2021,122100665,1,9,0,16,19,3,7,0,0,0,0,0,7,0,1,1,6,6,1,44,7,1560,2,12,FORD FIESTA,5,E01027813,0,-1
2021010309321,2021,010309321,2,9,0,99,99,9,9,99,99,9,9,99,9,99,9,9,6,6,3,-1,-1,1242,1,11,FORD FIESTA,-1,-1,0,-1
2021361067472,2021,361067472,1,9,0,18,19,5,1,0,0,0,0,0,0,0,-1,1,5,6,2,69,10,1560,2,9,FORD FIESTA,9,E01026497,0,-1
2021451013760,2021,451013760,2,9,0,2,2,0,0,0,0,0,0,0,0,0,0,1,2,2,1,45,7,1399,2,11,FORD FIESTA,4,E01000980,0,-1
2021010296647,2021,010296647,4,9,0,2,2,0,0,0,0,1,0,4,0,0,1,1,6,6,3,-1,-1,1299,1,20,FORD FIESTA,-1,-1,0,-1
2021061137027,2021,061137027,2,9,0,18,19,7,3,0,0,8,0,0,0,0,3,1,6,6,3,30,6,999,1,1,FORD FIESTA,-1,-1,0,-1
2021302101862,2021,302101862,2,9,0,9,9,8,4,0,0,6,0,0,0,0,3,1,2,2,2,27,6,998,1,8,FORD FIESTA,9,E01019412,0,-1
2021991098127,2021,991098127,1,9,0,7,7,6,8,0,0,5,0,0,0,0,1,1,5,6,2,18,4,1399,2,9,FORD FIESTA,9,-1,0,-1
2021041080041,2021,041080041,2,9,0,18,19,7,3,0,0,8,0,0,0,0,2,1,2,2,1,24,5,1242,1,16,FORD FIESTA,3,E01025492,0,-1
2021471027376,2021,471027376,2,9,0,16,19,1,4,0,0,0,0,0,0,0,3,1,2,2,2,18,4,1242,1,7,FORD FIESTA,9,E01031764,0,-1
2021421116501,2021,421116501,2,9,0,18,19,5,1,0,0,1,0,0,0,0,3,1,6,6,1,28,6,1242,1,14,FORD FIESTA,4,E01015990,0,-1
2021471029008,2021,471029008,2,9,0,18,19,8,4,0,0,8,0,0,0,0,1,1,2,2,2,19,4,998,1,6,FORD FIESTA,3,E01032832,0,-1
2021411089462,2021,411089462,5,9,0,2,2,0,0,0,0,0,0,4,0,0,1,1,6,6,3,-1,-1,1596,1,5,FORD FIESTA,-1,-1,0,-1
2021371027718,2021,371027718,1,9,0,17,19,7,3,0,0,0,0,0,1,9,1,1,2,2,1,19,4,1596,1,7,FORD FIESTA,5,E01030286,0,-1
2021991069133,2021,991069133,1,9,0,18,19,2,6,0,0,0,0,0,0,0,1,1,5,6,1,47,8,999,1,1,FORD FIESTA,6,-1,0,-1
2021411082668,2021,411082668,1,9,0,5,5,1,3,0,0,0,0,0,0,0,3,1,5,6,1,89,11,1596,1,15,FORD FIESTA,10,E01023647,0,-1
2021010316271,2021,010316271,1,9,0,6,6,3,3,0,0,1,0,0,0,0,3,1,6,6,2,20,4,998,1,4,FORD FIESTA,10,E01030299,0,-1
2021401065195,2021,401065195,1,9,0,18,19,1,5,0,0,0,0,0,0,0,1,1,5,6,1,19,4,1242,1,9,FORD FIESTA,10,E01017611,0,-1
2021401074359,2021,401074359,1,9,0,16,19,8,4,0,0,0,2,0,1,0,1,1,6,6,1,18,4,1388,1,19,FORD FIESTA,5,E01023392,0,-1
2021201149205,2021,201149205,1,9,0,18,19,2,6,0,0,1,0,0,0,0,1,1,6,6,2,20,4,1242,1,6,FORD FIESTA,8,E01010179,0,-1
2021061075882,2021,061075882,2,9,0,18,19,7,3,0,0,8,0,0,0,0,1,1,6,6,1,55,8,1596,1,12,FORD FIESTA,6,E01005560,0,-1
2021201127028,2021,201127028,1,9,0,1,1,8,4,0,0,0,0,0,0,0,2,1,6,6,1,-1,-1,1560,2,7,FORD FIESTA,1,E01010456,0,-1
2021131070798,2021,131070798,1,9,0,5,5,1,5,0,0,0,0,0,0,0,3,1,5,6,2,60,9,998,1,6,FORD FIESTA,4,E01011841,0,-1
2021141074003,2021,141074003,2,9,0,17,19,7,3,0,0,4,0,0,0,0,4,1,6,6,2,51,8,998,1,2,FORD FIESTA,1,E01007333,0,-1
2021991038709,2021,991038709,1,9,0,9,9,1,6,0,0,8,0,0,0,0,1,1,6,6,2,40,7,998,1,2,FORD FIESTA,5,-1,0,-1
2021610051721,2021,610051721,1,9,0,9,9,7,4,0,0,8,0,0,0,0,3,1,1,1,2,52,8,1242,1,8,FORD FIESTA,5,W01001347,0,-1
2021201134713,2021,201134713,1,9,0,18,19,2,6,0,0,2,0,0,0,0,1,1,2,2,2,52,8,1242,1,10,FORD FIESTA,1,E01008929,0,-1
2021211106208,2021,211106208,1,9,0,18,19,1,5,0,0,1,0,0,0,0,1,1,2,2,2,56,9,1388,1,10,FORD FIESTA,-1,-1,0,-1
202131A112621,2021,31A112621,1,9,0,5,5,5,8,0,0,1,0,0,0,0,1,1,6,6,2,37,7,1242,1,12,FORD FIESTA,6,E01027926,0,-1
2021010328264,2021,010328264,1,9,0,99,99,9,9,99,99,0,9,99,9,99,9,9,1,1,1,32,6,1388,1,11,FORD FIESTA,3,E01004280,0,-1
2021221056150,2021,221056150,1,9,0,18,19,2,6,0,0,0,0,0,4,6,1,1,5,6,1,40,7,1388,1,14,FORD FIESTA,1,E01009160,0,-1
2021131045066,2021,131045066,1,9,0,9,9,6,8,0,0,5,0,0,0,0,1,1,6,6,3,30,6,998,1,7,FORD FIESTA,-1,-1,0,-1
2021201063358,2021,201063358,1,9,0,18,19,4,8,0,0,4,0,0,0,0,1,1,6,6,3,-1,-1,998,1,5,FORD FIESTA,-1,-1,0,-1
2021991071326,2021,991071326,1,9,0,16,19,2,6,0,0,0,2,0,0,0,1,1,5,6,2,71,10,998,1,4,FORD FIESTA,5,E01020020,0,-1
2021351108886,2021,351108886,1,9,0,9,9,3,8,0,0,1,1,0,0,0,3,1,1,1,1,18,4,-1,-1,-1,FORD FIESTA,10,E01018282,0,-1
2021411033319,2021,411033319,2,9,0,18,19,6,2,0,0,0,0,0,0,0,1,1,6,6,2,32,6,1596,1,8,FORD FIESTA,4,E01023779,0,-1
2021401095436,2021,401095436,1,9,0,5,5,3,7,0,0,0,0,0,0,0,1,1,6,6,1,22,5,1596,1,6,FORD FIESTA,10,E01017553,0,-1
2021991109499,2021,991109499,1,9,0,17,19,7,3,0,0,0,5,0,1,9,1,1,6,6,1,19,4,1496,1,3,FORD FIESTA,5,-1,0,-1
2021622100321,2021,622100321,1,9,0,18,19,4,8,0,0,1,0,0,0,0,1,1,6,6,1,27,6,998,1,1,FORD FIESTA,3,W01001767,0,-1
2021201083551,2021,201083551,1,9,0,18,19,2,6,0,0,1,0,0,0,0,1,1,6,6,1,-1,-1,998,1,3,FORD FIESTA,-1,-1,0,-1
2021520200451,2021,520200451,1,9,0,18,19,4,8,0,0,8,0,0,0,0,1,1,6,6,1,18,4,1388,1,11,FORD FIESTA,10,E01029168,0,-1
2021440341424,2021,440341424,1,9,0,18,19,3,7,0,0,0,0,0,0,0,2,1,6,6,2,45,7,1242,1,5,FORD FIESTA,3,E01019038,0,-1
2021461084635,2021,461084635,2,9,0,9,9,3,1,0,0,2,0,0,0,0,1,1,5,6,2,22,5,999,1,1,FORD FIESTA,8,E01024271,0,-1
2021041094762,2021,041094762,2,9,0,18,19,5,1,0,0,8,0,0,0,0,1,1,5,6,2,49,8,1299,1,23,FORD FIESTA,5,E01025515,0,-1
2021622100849,2021,622100849,1,9,0,18,19,2,6,0,0,0,0,0,0,0,1,1,6,6,1,24,5,-1,-1,-1,FORD FIESTA,8,W01001379,0,-1
2021111064031,2021,111064031,2,9,0,18,19,8,4,0,0,1,1,0,0,0,4,1,3,7,2,27,6,998,1,2,FORD FIESTA,5,E01020695,0,-1
2021131089700,2021,131089700,1,9,0,18,19,3,7,0,0,1,0,0,0,0,1,1,5,6,1,69,10,1242,1,7,FORD FIESTA,5,E01011788,0,-1
2021552100625,2021,552100625,3,9,0,18,19,4,8,0,0,4,0,0,0,0,0,1,6,6,3,33,6,1242,1,16,FORD FIESTA,-1,-1,0,-1
2021201142223,2021,201142223,2,9,0,3,3,4,8,0,0,1,0,0,0,0,2,1,6,6,2,25,5,998,1,7,FORD FIESTA,1,E01032888,0,-1
2021231032377,2021,231032377,3,9,0,18,19,2,6,0,0,1,0,0,0,0,1,1,5,6,1,20,4,998,1,3,FORD FIESTA,6,E01026986,0,-1
2021451067977,2021,451067977,2,9,0,3,3,1,5,0,0,0,0,0,0,0,1,1,6,6,1,30,6,-1,-1,-1,FORD FIESTA,10,E01031747,0,-1
2021111093817,2021,111093817,1,9,0,18,19,2,6,0,0,0,0,0,0,0,1,1,1,1,1,57,9,1399,2,10,FORD FIESTA,4,E01020607,0,-1
2021131099377,2021,131099377,1,9,0,17,19,7,3,0,0,8,1,10,7,5,1,1,6,6,2,29,6,1242,1,17,FORD FIESTA,5,E01011801,0,-1
2021131075573,2021,131075573,1,9,0,18,19,1,5,0,0,1,0,0,1,3,1,1,5,6,2,22,5,1496,1,3,FORD FIESTA,8,E01030784,0,-1
2021010296179,2021,010296179,2,9,0,18,19,3,7,0,0,0,0,0,0,0,1,1,6,6,1,31,6,1560,2,11,FORD FIESTA,-1,-1,0,-1
2021622100446,2021,622100446,2,9,0,3,3,7,3,0,0,1,0,0,0,0,2,1,6,6,2,49,8,1499,2,6,FORD FIESTA,6,W01000986,0,-1
2021141042641,2021,141042641,2,9,0,9,9,3,1,0,0,2,0,0,0,0,3,2,5,6,2,74,10,1242,1,10,FORD FIESTA,1,E01007734,0,-1
2021461075714,2021,461075714,1,9,0,18,19,2,6,0,0,0,0,0,0,0,1,1,6,6,1,25,5,1242,1,8,FORD FIESTA,2,E01001703,0,-1
2021440326003,2021,440326003,1,9,0,1,1,5,1,0,0,8,0,10,7,11,2,1,6,6,2,80,11,1388,1,9,FORD FIESTA,7,E01022737,0,-1
2021411129056,2021,411129056,2,9,0,18,19,5,1,0,0,0,1,0,0,0,2,1,1,1,1,32,6,-1,-1,-1,FORD FIESTA,7,E01023492,0,-1
2021991031709,2021,991031709,2,9,0,2,2,0,0,4,4,0,0,0,0,0,3,1,5,6,1,27,6,1596,1,7,FORD FIESTA,1,-1,0,-1
2021010303138,2021,010303138,1,9,0,9,9,3,8,0,0,5,0,0,0,0,1,1,6,6,2,61,9,1596,1,7,FORD FIESTA,8,E01002285,0,-1
2021411156897,2021,411156897,2,9,0,5,5,1,5,0,0,4,0,0,0,0,1,1,5,6,2,23,5,1388,1,9,FORD FIESTA,5,E01023788,0,-1
2021131103856,2021,131103856,1,9,0,9,9,1,3,0,0,0,0,0,0,0,2,1,5,6,1,25,5,1399,2,9,FORD FIESTA,10,E01010906,0,-1
2021461094249,2021,461094249,1,9,0,18,19,4,8,0,0,0,0,0,0,0,1,1,5,6,1,82,11,1242,1,7,FORD FIESTA,10,E01024337,0,-1
202131A181321,2021,31A181321,3,9,0,3,3,8,4,0,0,0,0,0,0,0,2,1,6,6,1,41,7,1242,1,10,FORD FIESTA,4,E01027969,0,-1
202154A270421,2021,54A270421,1,9,0,18,19,3,7,0,0,0,2,0,1,4,1,1,2,2,1,45,7,1596,1,10,FORD FIESTA,3,E01014926,0,-1