collision_index,collision_year,collision_ref_no,vehicle_reference,vehicle_type,towing_and_articulation,vehicle_manoeuvre_historic,vehicle_manoeuvre,vehicle_direction_from,vehicle_direction_to,vehicle_location_restricted_lane_historic,vehicle_location_restricted_lane,junction_location,skidding_and_overturning,hit_object_in_carriageway,vehicle_leaving_carriageway,hit_object_off_carriageway,first_point_of_impact,vehicle_left_hand_drive,journey_purpose_of_driver_historic,journey_purpose_of_driver,sex_of_driver,age_of_driver,age_band_of_driver,engine_capacity_cc,propulsion_code,age_of_vehicle,generic_make_model,driver_imd_decile,lsoa_of_driver,escooter_flag,driver_distance_banding
2021041048139,2021,041048139,2,9,0,18,19,5,1,0,0,0,1,0,0,0,1,1,5,6,2,41,7,1499,2,5,FORD FIESTA,4,E01025276,0,-1
2021231067464,2021,231067464,2,9,0,9,9,2,8,0,0,6,0,0,0,0,3,1,1,1,2,37,7,998,1,4,FORD FIESTA,6,E01031017,0,-1
2021010302456,2021,010302456,2,9,0,99,99,9,9,99,99,9,9,99,9,99,1,9,6,6,3,-1,-1,-1,-1,-1,FORD FIESTA,-1,-1,0,-1
2021421094607,2021,421094607,1,9,0,18,19,3,7,0,0,8,0,0,0,0,1,1,1,1,1,54,8,1242,1,17,FORD FIESTA,2,E01015855,0,-1
2021361039959,2021,361039959,1,9,0,9,9,8,4,0,0,0,0,0,0,0,1,1,5,6,1,29,6,1242,1,14,FORD FIESTA,2,E01026829,0,-1
2021070560849,2021,070560849,1,9,0,7,7,3,7,0,0,0,5,0,0,0,4,1,6,6,2,28,6,1388,1,14,FORD FIESTA,4,E01018646,0,-1
2021231131460,2021,231131460,1,9,0,4,4,6,2,0,0,0,0,0,0,0,4,1,5,6,1,43,7,1496,1,2,FORD FIESTA,9,E01031330,0,-1
2021041105588,2021,041105588,1,9,0,4,4,1,5,0,0,0,0,11,0,0,1,1,6,6,1,39,7,1242,1,16,FORD FIESTA,1,E01012670,0,-1
2021010301176,2021,010301176,1,9,0,17,19,3,7,0,0,3,0,0,0,0,1,1,6,6,1,65,9,1596,1,5,FORD FIESTA,2,E01003594,0,-1
2021991095704,2021,991095704,1,9,0,18,19,6,2,0,0,0,0,0,0,0,1,1,6,6,1,30,6,1242,1,4,FORD FIESTA,3,-1,0,-1
2021461058688,2021,461058688,2,9,0,18,19,1,5,0,0,1,0,0,0,0,3,1,5,6,1,34,6,1242,1,15,FORD FIESTA,8,E01024448,0,-1
2021421125046,2021,421125046,1,9,0,1,1,5,1,0,0,1,0,0,0,0,2,1,5,6,2,20,4,1399,2,15,FORD FIESTA,2,E01021354,0,-1
2021440449826,2021,440449826,2,9,0,18,19,1,5,0,0,8,0,0,0,0,0,1,2,2,2,66,10,1242,1,9,FORD FIESTA,5,E01022728,0,-1
2021010348824,2021,010348824,1,9,0,7,7,5,6,4,4,0,0,0,0,0,4,1,6,6,2,73,10,1242,1,24,FORD FIESTA,8,E01004135,0,-1
2021302101850,2021,302101850,2,9,0,10,10,8,6,6,6,1,0,0,0,0,1,1,2,2,1,22,5,1242,1,6,FORD FIESTA,5,E01019837,0,-1
2021411033834,2021,411033834,1,9,0,18,19,7,3,0,0,0,0,11,0,0,3,1,6,6,1,19,4,1084,1,2,FORD FIESTA,10,E01023734,0,-1
2021610060121,2021,610060121,3,9,0,2,2,0,0,0,0,0,0,0,0,0,2,1,6,6,2,-1,-1,1388,1,13,FORD FIESTA,2,W01001406,0,-1
202131B179721,2021,31B179721,2,9,0,9,9,2,7,0,0,8,0,0,0,0,4,1,6,6,1,17,4,1560,2,10,FORD FIESTA,3,E01028040,0,-1
2021010288590,2021,010288590,3,9,0,2,2,0,0,0,0,0,0,0,0,0,3,1,6,6,3,-1,-1,1499,2,7,FORD FIESTA,-1,-1,0,-1
2021552101277,2021,552101277,3,9,0,3,3,8,2,0,0,1,0,0,0,0,1,1,6,6,2,33,6,1242,1,9,FORD FIESTA,4,E01015420,0,-1
2021520200312,2021,520200312,2,9,0,9,9,7,5,0,0,8,0,0,0,0,1,1,6,6,1,64,9,1242,1,13,FORD FIESTA,9,E01029076,0,-1
2021010335447,2021,010335447,4,9,0,2,2,0,0,0,0,1,0,0,0,0,2,2,6,6,3,-1,-1,998,1,4,FORD FIESTA,-1,-1,0,-1
2021991099561,2021,991099561,1,9,0,16,19,7,3,0,0,0,1,0,8,0,4,1,5,6,1,22,5,1242,1,15,FORD FIESTA,8,-1,0,-1
202131B117121,2021,31B117121,2,9,0,13,13,4,8,0,0,8,0,0,0,0,1,1,6,6,2,24,5,998,1,8,FORD FIESTA,9,E01028009,0,-1
2021052100109,2021,052100109,4,9,0,2,2,0,0,0,0,0,0,0,0,0,2,1,6,6,3,-1,-1,1242,1,8,FORD FIESTA,-1,-1,0,-1
2021361128564,2021,361128564,1,9,0,18,19,3,1,0,0,0,0,0,0,0,2,1,5,6,2,63,9,1242,1,6,FORD FIESTA,7,E01026556,0,-1
2021451087097,2021,451087097,2,9,0,5,5,5,1,0,0,8,0,0,0,0,4,1,5,6,2,88,11,1242,1,11,FORD FIESTA,8,E01030491,0,-1
2021070171169,2021,070171169,2,9,0,18,19,3,7,0,0,1,0,0,0,0,4,1,6,6,1,45,7,1242,1,10,FORD FIESTA,9,E01018634,0,-1
202131C037221,2021,31C037221,1,9,0,4,4,4,8,0,0,1,0,0,0,0,2,1,6,6,1,53,8,1388,1,15,FORD FIESTA,2,E01013943,0,-1
2021302101593,2021,302101593,1,9,0,14,14,8,4,0,0,0,0,0,0,0,4,1,6,6,1,48,8,1560,2,9,FORD FIESTA,2,E01010470,0,-1
2021131034388,2021,131034388,1,9,0,16,19,6,2,0,0,1,0,0,0,0,1,1,6,6,2,32,6,1560,2,11,FORD FIESTA,10,E01011845,0,-1
2021545785121,2021,545785121,1,9,0,7,7,1,3,0,0,8,0,0,0,0,1,1,6,6,2,37,7,1399,2,11,FORD FIESTA,10,E01015533,0,-1
2021421115594,2021,421115594,1,9,0,18,19,1,5,0,0,0,0,0,0,0,1,1,2,2,1,22,5,1596,1,9,FORD FIESTA,6,E01021373,0,-1
2021471047323,2021,471047323,2,9,0,18,19,1,5,0,0,1,0,0,0,0,1,1,5,6,2,19,4,998,1,4,FORD FIESTA,3,E01032832,0,-1
2021010292340,2021,010292340,1,9,0,99,99,9,9,99,99,9,9,99,9,99,2,9,6,6,1,25,5,1242,1,12,FORD FIESTA,1,E01033153,0,-1
2021430419500,2021,430419500,1,9,0,1,1,5,1,0,0,0,0,0,0,11,2,1,6,6,1,90,11,1388,1,12,FORD FIESTA,7,E01028560,0,-1
2021451065258,2021,451065258,1,9,0,17,19,2,5,0,0,1,0,0,0,0,1,1,5,6,2,58,9,999,1,1,FORD FIESTA,7,E01030594,0,-1
2021991093899,2021,991093899,3,9,0,3,3,8,4,0,0,0,0,0,0,0,2,1,1,1,1,35,6,-1,-1,-1,FORD FIESTA,1,-1,0,-1
2021501065932,2021,501065932,2,9,0,3,3,4,7,0,0,1,0,0,0,0,2,1,3,7,2,61,9,998,1,8,FORD FIESTA,8,E01033232,0,-1
2021320265986,2021,320265986,1,9,0,18,19,8,4,0,0,2,0,0,0,0,3,1,2,2,2,55,8,1388,1,13,FORD FIESTA,10,E01013798,0,-1
2021361135373,2021,361135373,1,9,0,9,9,7,5,0,0,0,0,0,0,0,1,1,5,6,2,89,11,1388,1,14,FORD FIESTA,7,E01026579,0,-1
2021070328716,2021,070328716,2,9,0,18,19,1,5,0,0,2,1,0,0,0,1,1,6,6,1,34,6,998,1,2,FORD FIESTA,3,E01012694,0,-1
2021052100594,2021,052100594,2,9,0,18,19,7,3,0,0,7,0,0,0,0,3,1,1,1,1,52,8,1242,1,13,FORD FIESTA,2,E01006428,0,-1
2021070453864,2021,070453864,1,9,0,18,19,6,2,0,0,1,0,0,0,0,1,1,6,6,1,69,10,998,1,2,FORD FIESTA,10,E01018325,0,-1
2021141126631,2021,141126631,2,9,0,18,19,2,2,0,0,0,0,0,0,0,2,1,1,1,1,57,9,1242,1,5,FORD FIESTA,2,E01007498,0,-1
2021520201072,2021,520201072,2,9,0,18,19,7,3,0,0,8,0,0,0,0,1,1,6,6,1,76,11,1399,2,13,FORD FIESTA,4,E01029196,0,-1
2021320718769,2021,320718769,1,9,0,18,19,5,8,0,0,1,0,0,0,0,4,1,6,6,1,33,6,1596,1,11,FORD FIESTA,8,E01026258,0,-1
2021101107006,2021,101107006,2,9,0,3,3,6,2,0,0,1,0,0,0,0,2,1,2,2,2,32,6,998,1,3,FORD FIESTA,3,E01008240,0,-1
2021991050454,2021,991050454,2,9,0,3,3,4,8,0,0,0,0,0,0,0,2,1,5,6,2,22,5,998,1,5,FORD FIESTA,2,-1,0,-1
2021430415307,2021,430415307,1,9,0,12,12,7,3,0,0,0,0,0,0,0,3,1,2,2,1,21,5,1596,1,6,FORD FIESTA,8,E01016758,0,-1
2021401066732,2021,401066732,1,9,0,2,2,8,4,0,0,0,0,0,0,0,2,1,6,6,2,37,7,1242,1,12,FORD FIESTA,4,E01015776,0,-1
2021161096227,2021,161096227,1,9,0,18,19,1,5,0,0,0,0,0,0,0,1,1,5,6,2,84,11,1388,1,9,FORD FIESTA,6,E01012953,0,-1
2021461057545,2021,461057545,2,9,0,18,19,4,8,0,0,8,0,0,0,0,4,1,5,6,1,52,8,1399,2,9,FORD FIESTA,5,E01016116,0,-1
2021451126304,2021,451126304,1,9,0,18,19,7,3,0,0,0,1,0,8,6,1,1,5,6,2,49,8,999,1,1,FORD FIESTA,10,E01017740,0,-1
2021041070852,2021,041070852,1,9,0,5,5,5,1,0,0,1,0,0,0,0,1,1,5,6,1,19,4,1084,1,3,FORD FIESTA,10,E01025278,0,-1
2021170H11221,2021,170H11221,2,9,0,18,19,6,2,0,0,4,0,0,0,0,1,1,6,6,1,43,7,1084,1,3,FORD FIESTA,10,E01012005,0,-1
2021552100719,2021,552100719,1,9,0,16,19,2,4,0,0,0,5,0,1,9,1,1,6,6,2,17,4,1242,1,12,FORD FIESTA,8,E01020458,0,-1
2021421102876,2021,421102876,1,9,0,6,6,1,5,0,0,1,0,0,0,0,1,1,6,6,3,-1,-1,1596,1,9,FORD FIESTA,-1,-1,0,-1
2021201075514,2021,201075514,1,9,0,9,9,1,7,0,0,5,0,0,0,0,1,1,6,6,2,-1,-1,998,1,1,FORD FIESTA,3,E01010042,0,-1
2021351125784,2021,351125784,1,9,0,7,7,8,5,0,0,8,0,0,0,0,3,1,6,6,1,32,6,1560,2,9,FORD FIESTA,3,E01010670,0,-1
2021052100516,2021,052100516,2,9,0,18,19,7,3,0,0,8,0,0,0,0,3,1,6,6,2,58,9,1242,1,8,FORD FIESTA,5,E01007041,0,-1
2021010348955,2021,010348955,1,9,0,99,99,9,9,99,99,9,9,99,9,99,2,9,6,6,2,23,5,1242,1,13,FORD FIESTA,7,E01023572,0,-1
2021141047633,2021,141047633,5,9,0,18,19,5,1,0,0,0,0,0,0,0,1,1,2,2,1,22,5,998,1,3,FORD FIESTA,5,E01007608,0,-1
2021320457092,2021,320457092,2,9,0,18,19,6,2,0,0,0,0,0,1,0,1,1,6,6,2,44,7,1242,1,13,FORD FIESTA,1,E01013472,0,-1
202134WNC2561,2021,34WNC2561,1,9,0,9,9,7,3,0,0,8,0,0,0,0,3,1,4,7,1,22,5,1388,1,9,FORD FIESTA,9,E01027144,0,-1
2021010318598,2021,010318598,2,9,0,99,99,9,9,99,99,9,9,99,9,99,1,9,6,6,3,-1,-1,1388,1,16,FORD FIESTA,-1,-1,0,-1
2021351060380,2021,351060380,1,9,0,18,19,-1,-1,0,0,1,0,0,0,0,1,1,6,6,1,36,7,1399,2,18,FORD FIESTA,1,E01015602,0,-1
2021430315103,2021,430315103,2,9,0,9,9,7,5,0,0,4,0,0,0,0,3,1,6,6,2,31,6,1242,1,12,FORD FIESTA,-1,-1,0,-1
2021201075034,2021,201075034,1,9,0,18,19,6,2,0,0,1,0,0,0,0,1,1,6,6,1,27,6,1399,2,13,FORD FIESTA,3,E01009597,0,-1
2021161076986,2021,161076986,1,9,0,18,19,7,3,0,0,2,0,0,0,0,3,1,5,6,2,52,8,1242,1,7,FORD FIESTA,1,E01012782,0,-1
2021622100998,2021,622100998,1,9,0,1,1,4,8,0,0,1,0,0,0,0,2,1,6,6,2,48,8,1388,1,18,FORD FIESTA,10,W01000879,0,-1
2021010337713,2021,010337713,2,9,0,4,4,1,5,0,0,1,0,0,0,0,4,1,6,6,2,55,8,1242,1,10,FORD FIESTA,2,E01002053,0,-1
2021451104197,2021,451104197,3,9,0,18,19,7,3,0,0,0,0,0,0,0,1,1,5,6,2,35,6,1242,1,9,FORD FIESTA,6,E01030699,0,-1
20211383D0825,2021,1383D0825,3,9,0,2,2,1,5,0,0,1,0,0,0,0,3,1,6,6,1,47,8,1399,2,11,FORD FIESTA,1,E01010659,0,-1
2021161095133,2021,161095133,1,9,0,11,11,3,7,0,0,0,2,0,1,4,1,1,2,2,1,24,5,998,1,6,FORD FIESTA,7,E01033105,0,-1
2021201060778,2021,201060778,1,9,0,6,6,6,6,0,0,0,0,10,7,11,1,1,1,1,2,30,6,1499,2,8,FORD FIESTA,2,E01010362,0,-1
2021010308045,2021,010308045,2,9,0,18,19,3,7,99,99,0,9,99,9,99,1,1,6,6,1,-1,-1,1242,1,19,FORD FIESTA,2,E01000016,0,-1
2021221058006,2021,221058006,1,9,0,2,2,4,8,0,0,0,1,0,0,0,3,1,5,6,1,74,10,1299,1,19,FORD FIESTA,9,E01032351,0,-1
2021101034842,2021,101034842,2,9,0,18,19,1,5,0,0,8,0,0,0,0,2,1,6,6,1,19,4,998,1,4,FORD FIESTA,7,E01008856,0,-1
202131B157021,2021,31B157021,1,9,0,18,19,6,2,0,0,0,1,0,1,4,1,1,6,6,2,27,6,1560,2,13,FORD FIESTA,4,E01028028,0,-1
2021411136802,2021,411136802,1,9,0,18,19,-1,-1,6,6,0,0,0,0,0,1,1,6,6,1,35,6,998,1,6,FORD FIESTA,4,E01023756,0,-1
2021430011092,2021,430011092,1,9,0,18,19,2,6,0,0,0,0,0,0,0,1,1,6,6,2,31,6,1084,1,4,FORD FIESTA,-1,-1,0,-1
2021451086356,2021,451086356,2,9,0,9,9,4,6,0,0,8,0,0,0,0,4,1,6,6,1,29,6,998,1,3,FORD FIESTA,9,E01030978,0,-1
2021010309123,2021,010309123,1,9,0,18,19,3,7,0,0,1,0,0,0,0,1,1,6,6,1,20,4,998,1,8,FORD FIESTA,3,E01004421,0,-1
2021320239828,2021,320239828,3,9,0,18,19,4,8,0,0,0,1,0,1,4,2,1,6,6,1,83,11,998,1,1,FORD FIESTA,10,E01028391,0,-1
2021351106015,2021,351106015,4,9,0,3,3,3,7,0,0,1,0,0,0,0,3,1,2,2,2,24,5,998,1,5,FORD FIESTA,8,E01017966,0,-1
2021401019283,2021,401019283,1,9,0,16,19,7,3,0,0,8,1,0,0,0,4,1,5,6,1,38,7,1596,1,14,FORD FIESTA,5,E01017615,0,-1
2021461041690,2021,461041690,1,9,0,9,9,4,2,0,0,5,0,0,0,0,4,1,6,6,2,18,4,1242,1,12,FORD FIESTA,4,E01023981,0,-1
2021361060359,2021,361060359,1,9,0,18,19,3,7,0,0,1,0,0,0,0,3,1,5,6,1,37,7,1596,1,16,FORD FIESTA,2,E01026689,0,-1
2021371080419,2021,371080419,1,9,0,18,19,6,2,0,0,0,0,0,0,0,1,1,2,2,2,24,5,1242,1,16,FORD FIESTA,6,E01029907,0,-1
2021201142543,2021,201142543,1,9,0,18,19,6,2,0,0,0,0,0,0,0,1,1,6,6,1,20,4,998,1,8,FORD FIESTA,1,E01009345,0,-1
2021991054507,2021,991054507,1,9,0,9,9,3,8,0,0,8,0,0,0,0,3,1,5,6,1,78,11,1242,1,12,FORD FIESTA,10,-1,0,-1
2021361046921,2021,361046921,1,9,0,9,9,3,5,0,0,1,0,0,0,0,3,1,5,6,1,30,6,1242,1,20,FORD FIESTA,9,E01026942,0,-1
2021201110018,2021,201110018,1,9,0,18,19,6,2,0,0,1,0,0,0,0,1,1,1,1,1,-1,-1,1242,1,17,FORD FIESTA,1,E01009702,0,-1
2021101091875,2021,101091875,2,9,0,18,19,3,7,0,0,1,0,0,0,0,1,1,6,6,1,-1,-1,1242,1,14,FORD FIESTA,-1,-1,0,-1
2021031097961,2021,031097961,1,9,0,18,19,4,8,0,0,0,0,0,0,0,1,1,6,6,3,-1,-1,1242,1,7,FORD FIESTA,-1,-1,0,-1
2021471019132,2021,471019132,2,9,0,18,19,2,2,0,0,8,0,0,0,0,3,1,6,6,2,38,7,999,1,1,FORD FIESTA,10,E01031511,0,-1
2021461097410,2021,461097410,2,9,0,6,6,3,1,0,0,6,0,0,0,0,1,1,6,6,1,47,8,1084,1,2,FORD FIESTA,3,E01024688,0,-1
2021320298927,2021,320298927,1,9,0,18,19,3,7,0,0,0,0,0,1,0,1,1,6,6,1,35,6,1242,1,8,FORD FIESTA,2,E01028269,0,-1
2021401106379,2021,401106379,1,9,0,18,19,3,7,0,0,2,0,0,2,2,4,1,5,6,1,20,4,998,1,8,FORD FIESTA,5,E01017418,0,-1
2021061034656,2021,061034656,1,9,0,9,9,1,3,0,0,8,0,0,0,0,1,1,6,6,3,30,6,1388,1,16,FORD FIESTA,-1,-1,0,-1
2021548404321,2021,548404321,2,9,0,18,19,7,3,0,0,0,0,0,0,0,1,1,6,6,1,41,7,1399,2,9,FORD FIESTA,2,E01015537,0,-1
202163D027821,2021,63D027821,2,9,0,13,13,4,8,0,0,0,1,0,1,10,4,1,6,6,2,18,4,1119,1,25,FORD FIESTA,9,W01000493,0,-1
2021622100890,2021,622100890,1,9,0,18,19,5,1,0,0,0,0,0,0,0,1,1,1,1,1,46,8,1388,1,11,FORD FIESTA,2,W01001751,0,-1
2021471104724,2021,471104724,2,9,0,16,19,3,8,0,0,2,0,0,1,3,1,1,5,6,1,27,6,1242,1,16,FORD FIESTA,8,E01021155,0,-1
2021991127680,2021,991127680,2,9,0,18,19,8,4,0,0,1,0,0,0,0,1,1,5,6,2,86,11,1242,1,18,FORD FIESTA,5,-1,0,-1
2021010295058,2021,010295058,1,9,0,18,19,5,1,0,0,0,0,0,0,0,1,1,6,6,1,71,10,1242,1,20,FORD FIESTA,5,E01033592,0,-1
2021552100321,2021,552100321,3,9,0,18,19,6,2,0,0,0,0,0,0,0,1,1,6,6,1,30,6,1596,1,5,FORD FIESTA,10,E01023278,0,-1
2021061047836,2021,061047836,1,9,0,9,9,4,6,0,0,8,0,0,0,0,4,1,6,6,1,28,6,998,1,2,FORD FIESTA,4,E01005672,0,-1
2021201135825,2021,201135825,2,9,0,4,4,2,6,0,0,1,0,0,0,0,2,1,6,6,2,26,6,1242,1,13,FORD FIESTA,3,E01009834,0,-1
2021552100297,2021,552100297,1,9,0,4,4,6,2,0,0,1,0,0,0,0,1,1,1,1,1,25,5,1596,1,11,FORD FIESTA,9,E01020435,0,-1
2021371125462,2021,371125462,2,9,0,18,19,6,2,0,0,8,0,0,0,0,4,1,5,6,2,50,8,1399,2,11,FORD FIESTA,3,E01029998,0,-1
2021070263310,2021,070263310,1,9,0,9,9,7,5,0,0,6,0,0,0,0,3,1,6,6,1,21,5,1242,1,6,FORD FIESTA,9,E01018634,0,-1
2021991080893,2021,991080893,2,9,0,18,19,5,2,0,0,1,0,0,0,0,3,1,5,6,1,74,10,1242,1,16,FORD FIESTA,8,-1,0,-1
2021131041366,2021,131041366,1,9,0,18,19,2,6,0,0,0,0,0,0,0,4,1,5,6,2,84,11,1388,1,16,FORD FIESTA,8,E01010937,0,-1
2021461014435,2021,461014435,1,9,0,16,19,1,5,0,0,0,1,0,7,0,1,1,5,6,2,18,4,1242,1,9,FORD FIESTA,5,E01024701,0,-1
2021101082997,2021,101082997,1,9,0,16,19,3,5,0,0,0,0,0,0,0,1,1,6,6,2,21,5,1242,1,10,FORD FIESTA,5,E01027506,0,-1
2021430581242,2021,430581242,3,9,0,18,19,5,1,0,0,1,0,0,1,0,4,1,2,2,1,-1,-1,998,1,4,FORD FIESTA,8,E01028716,0,-1
2021461128889,2021,461128889,2,9,0,2,2,0,0,0,0,0,0,0,0,0,3,1,6,6,1,52,8,-1,-1,-1,FORD FIESTA,3,E01016150,0,-1
2021622101002,2021,622101002,1,9,0,18,19,2,6,0,0,1,0,0,0,0,1,1,1,1,1,20,4,1242,1,10,FORD FIESTA,2,W01001895,0,-1
2021543207521,2021,543207521,2,9,0,4,4,5,1,0,0,0,0,0,0,0,2,1,6,6,2,28,6,1399,2,13,FORD FIESTA,6,E01023022,0,-1
2021041082008,2021,041082008,2,9,0,2,2,1,1,0,0,1,0,0,0,0,2,1,5,6,2,31,6,998,1,2,FORD FIESTA,6,E01005391,0,-1
2021371142686,2021,371142686,1,9,0,5,5,8,4,0,0,0,0,0,0,0,3,1,5,6,1,90,11,1388,1,15,FORD FIESTA,6,E01030194,0,-1
2021430303093,2021,430303093,1,9,0,3,3,7,3,0,0,1,0,0,0,0,2,1,2,2,2,30,6,1242,1,13,FORD FIESTA,7,E01016545,0,-1
2021070553788,2021,070553788,2,9,0,4,4,6,8,0,0,4,0,0,0,0,2,1,2,2,1,28,6,998,1,5,FORD FIESTA,5,E01006462,0,-1
2021010294336,2021,010294336,1,9,0,4,4,6,2,0,0,1,0,10,2,2,1,1,6,6,2,86,11,998,1,3,FORD FIESTA,8,E01000200,0,-1
2021061077670,2021,061077670,1,9,0,18,19,4,8,0,0,0,0,0,0,0,4,1,2,2,2,25,5,1242,1,6,FORD FIESTA,3,E01005554,0,-1
2021201095486,2021,201095486,3,9,0,18,19,7,3,0,0,2,0,0,0,0,2,1,6,6,1,24,5,1388,1,12,FORD FIESTA,3,E01009138,0,-1
2021461076495,2021,461076495,1,9,0,5,5,7,3,0,0,0,0,0,0,0,1,1,6,6,3,-1,-1,1596,1,16,FORD FIESTA,-1,-1,0,-1
2021221016051,2021,221016051,1,9,0,18,19,2,6,0,0,0,1,0,0,0,1,1,2,2,2,20,4,998,1,3,FORD FIESTA,4,E01022310,0,-1
2021440342870,2021,440342870,1,9,0,3,3,5,1,0,0,1,0,0,0,0,2,1,6,6,2,49,8,1596,1,9,FORD FIESTA,4,E01017306,0,-1
2021361095816,2021,361095816,1,9,0,18,19,8,4,0,0,1,0,0,0,0,1,1,5,6,1,33,6,998,1,5,FORD FIESTA,3,E01026786,0,-1
2021052102789,2021,052102789,1,9,0,10,10,3,1,0,0,8,0,0,0,0,3,1,6,6,2,69,10,1242,1,12,FORD FIESTA,1,E01006563,0,-1
2021471015448,2021,471015448,1,9,0,9,9,2,7,0,0,8,0,0,0,0,1,1,5,6,2,51,8,1388,1,14,FORD FIESTA,8,E01030602,0,-1
2021421040300,2021,421040300,1,9,0,17,19,3,7,0,0,1,0,0,0,0,1,1,5,6,2,33,6,998,1,2,FORD FIESTA,6,E01033458,0,-1
2021622100653,2021,622100653,1,9,0,18,19,8,4,0,0,0,0,0,1,3,1,1,6,6,1,71,10,998,1,4,FORD FIESTA,4,W01000787,0,-1
2021201059653,2021,201059653,1,9,0,9,9,6,5,0,0,4,0,0,0,0,1,1,2,2,1,38,7,1388,1,12,FORD FIESTA,1,E01009360,0,-1
2021231030947,2021,231030947,3,9,0,2,2,0,0,0,0,0,0,4,0,0,2,1,5,6,1,22,5,1242,1,8,FORD FIESTA,8,E01031223,0,-1
2021201088399,2021,201088399,1,9,0,18,19,4,8,0,0,0,0,10,7,5,1,1,6,6,2,40,7,998,1,9,FORD FIESTA,6,E01029522,0,-1
2021991065441,2021,991065441,1,9,0,18,19,7,3,0,0,8,0,0,0,0,1,1,2,2,2,53,8,998,1,7,FORD FIESTA,3,-1,0,-1
2021211098414,2021,211098414,2,9,0,18,19,3,7,0,0,8,0,0,0,0,1,1,2,2,1,30,6,1084,1,3,FORD FIESTA,7,E01029777,0,-1
2021010342262,2021,010342262,1,9,0,99,99,9,9,0,0,0,9,99,9,99,1,9,6,6,1,24,5,1242,1,14,FORD FIESTA,3,E01006925,0,-1
2021430316976,2021,430316976,1,9,0,9,9,1,7,0,0,6,0,0,0,0,1,1,6,6,2,29,6,998,1,3,FORD FIESTA,8,E01032725,0,-1
2021101072512,2021,101072512,1,9,0,4,4,1,5,0,0,4,0,0,0,0,4,1,6,6,1,55,8,999,1,0,FORD FIESTA,4,E01027408,0,-1
2021361092123,2021,361092123,2,9,0,18,19,8,4,0,0,1,0,0,0,0,4,1,5,6,1,32,6,-1,-1,-1,FORD FIESTA,10,E01026572,0,-1
2021211156244,2021,211156244,2,9,0,18,19,2,5,0,0,0,0,0,0,0,2,1,6,6,2,49,8,998,1,3,FORD FIESTA,-1,-1,0,-1
2021041041322,2021,041041322,2,9,0,3,3,5,1,0,0,0,0,0,0,0,2,1,5,6,1,74,10,998,1,8,FORD FIESTA,5,E01012706,0,-1
2021320609190,2021,320609190,1,9,0,18,19,2,6,0,0,0,0,0,7,8,1,1,6,6,1,22,5,1399,2,13,FORD FIESTA,2,E01026084,0,-1
2021320382030,2021,320382030,1,9,0,18,19,6,2,0,0,0,0,0,7,0,1,1,6,6,1,20,4,1596,1,15,FORD FIESTA,4,E01026067,0,-1
2021221091170,2021,221091170,1,9,0,9,9,8,6,0,0,6,0,0,0,0,1,1,5,6,1,69,10,998,1,4,FORD FIESTA,7,E01014012,0,-1
2021052102679,2021,052102679,1,9,0,7,7,7,1,0,0,8,0,0,0,0,4,1,6,6,2,19,4,998,1,4,FORD FIESTA,1,E01006871,0,-1
2021231077658,2021,231077658,1,9,0,18,19,4,8,0,0,0,2,0,2,0,3,1,5,6,1,29,6,1242,1,14,FORD FIESTA,7,E01022444,0,-1
2021302101282,2021,302101282,2,9,0,5,5,6,8,0,0,4,0,0,0,0,1,1,6,6,1,18,4,998,1,8,FORD FIESTA,7,E01029405,0,-1
2021131108939,2021,131108939,1,9,0,18,19,3,7,0,0,0,0,0,0,0,3,1,6,6,3,-1,-1,1399,2,10,FORD FIESTA,-1,-1,0,-1
2021170S21541,2021,170S21541,2,9,0,18,19,5,1,0,0,8,0,0,0,0,3,1,1,1,2,44,7,1242,1,7,FORD FIESTA,1,E01033469,0,-1
2021461023827,2021,461023827,2,9,0,4,4,5,1,0,0,0,0,0,0,0,1,1,6,6,2,27,6,1242,1,8,FORD FIESTA,4,E01024296,0,-1
2021522201642,2021,522201642,1,9,0,18,19,5,1,0,0,8,1,0,0,0,4,1,6,6,2,21,5,1388,1,11,FORD FIESTA,10,E01014940,0,-1
2021361042183,2021,361042183,2,9,0,9,9,3,1,0,0,2,0,0,0,0,3,1,5,6,2,24,5,1399,2,12,FORD FIESTA,2,E01026818,0,-1
2021421077523,2021,421077523,2,9,0,10,10,7,3,0,0,0,0,0,0,0,2,1,5,6,2,32,6,1596,1,11,FORD FIESTA,5,E01021954,0,-1
2021461059483,2021,461059483,1,9,0,5,5,3,7,0,0,8,0,0,0,0,4,1,1,1,1,81,11,998,1,3,FORD FIESTA,8,E01024652,0,-1
2021061047758,2021,061047758,1,9,0,18,19,1,5,0,0,0,0,0,0,0,0,1,1,1,2,55,8,-1,-1,-1,FORD FIESTA,2,E01005111,0,-1
2021622100433,2021,622100433,1,9,0,1,1,4,2,0,0,0,0,0,0,0,2,1,6,6,1,19,4,1242,1,9,FORD FIESTA,5,W01000894,0,-1
2021101092450,2021,101092450,1,9,0,7,7,3,5,0,0,1,0,0,0,0,1,1,6,6,1,-1,-1,1242,1,17,FORD FIESTA,-1,-1,0,-1