collision_index,collision_year,collision_ref_no,vehicle_reference,vehicle_type,towing_and_articulation,vehicle_manoeuvre_historic,vehicle_manoeuvre,vehicle_direction_from,vehicle_direction_to,vehicle_location_restricted_lane_historic,vehicle_location_restricted_lane,junction_location,skidding_and_overturning,hit_object_in_carriageway,vehicle_leaving_carriageway,hit_object_off_carriageway,first_point_of_impact,vehicle_left_hand_drive,journey_purpose_of_driver_historic,journey_purpose_of_driver,sex_of_driver,age_of_driver,age_band_of_driver,engine_capacity_cc,propulsion_code,age_of_vehicle,generic_make_model,driver_imd_decile,lsoa_of_driver,escooter_flag,driver_distance_banding
2021010288641,2021,010288641,1,90,0,99,99,9,9,99,99,9,9,99,9,99,1,9,6,6,3,-1,-1,1560,2,3,PEUGEOT PREMIER,2,E01001760,0,-1
2021522102383,2021,522102383,1,9,0,3,3,7,3,0,0,1,0,0,0,0,2,1,6,6,1,49,8,-1,-1,-1,PEUGEOT PREMIER,2,E01014691,0,-1
2021131061307,2021,131061307,1,9,0,18,19,1,5,0,0,0,0,0,0,0,1,1,1,1,1,40,7,-1,-1,-1,PEUGEOT PREMIER,1,E01011428,0,-1
2021430549315,2021,430549315,2,8,0,18,19,6,2,0,0,8,0,0,0,0,3,1,6,6,1,48,8,1560,2,8,PEUGEOT PREMIER,4,E01016727,0,-1
2021430263962,2021,430263962,1,8,0,17,19,6,4,0,0,1,0,0,0,0,3,1,1,1,1,40,7,1560,2,6,PEUGEOT PREMIER,6,E01016574,0,-1
2021522201554,2021,522201554,1,8,0,5,5,5,1,0,0,0,0,0,1,10,4,1,1,1,1,52,8,1560,2,4,PEUGEOT PREMIER,1,E01014654,0,-1
2021138121463,2021,138121463,1,8,0,9,9,2,8,0,0,8,1,10,0,0,1,1,1,1,1,49,8,1560,2,7,PEUGEOT PREMIER,5,E01010729,0,-1
2021061050313,2021,061050313,1,8,0,18,19,8,4,0,0,0,1,0,0,0,1,1,1,1,1,60,9,1560,2,9,PEUGEOT PREMIER,-1,-1,0,-1
2021461051596,2021,461051596,1,9,0,9,9,5,2,0,0,0,0,0,7,0,1,1,6,6,1,73,10,-1,-1,-1,-1,3,E01016173,0,-1
2021361030041,2021,361030041,2,9,0,4,4,8,4,0,0,1,0,0,0,0,2,1,5,6,1,54,8,1197,1,8,SKODA ROOMSTER,6,E01026797,0,-1
2021221146510,2021,221146510,1,9,0,18,19,4,8,0,0,0,2,0,0,0,3,1,5,6,1,80,11,1197,1,9,SKODA ROOMSTER,2,E01014047,0,-1
2021501134315,2021,501134315,1,9,0,9,9,7,5,0,0,1,0,0,0,0,1,1,5,6,2,77,11,1197,1,10,SKODA ROOMSTER,3,E01015189,0,-1
2021461119228,2021,461119228,3,9,0,2,2,0,0,0,0,1,0,0,0,0,3,1,6,6,3,-1,-1,1197,1,7,SKODA ROOMSTER,-1,-1,0,-1
2021522103858,2021,522103858,2,9,0,18,19,1,5,0,0,0,0,0,0,0,1,1,6,6,2,34,6,1197,1,7,SKODA ROOMSTER,7,E01014535,0,-1
2021440089389,2021,440089389,1,9,0,4,4,6,2,0,0,8,0,0,0,0,1,1,6,6,2,64,9,1197,1,8,SKODA ROOMSTER,-1,-1,0,-1
2021161070328,2021,161070328,2,9,0,18,19,3,7,0,0,8,0,0,0,0,1,1,1,1,1,45,7,1896,2,15,SKODA ROOMSTER,-1,-1,0,-1
2021421077523,2021,421077523,1,9,0,18,19,7,3,0,0,0,0,0,0,0,1,1,1,1,1,24,5,1896,2,11,SKODA ROOMSTER,10,E01021941,0,-1
2021991071119,2021,991071119,1,9,0,9,9,2,8,0,0,1,0,0,0,0,3,1,6,6,2,85,11,1197,1,8,SKODA ROOMSTER,10,-1,0,-1
2021421074661,2021,421074661,1,9,0,18,19,8,4,0,0,0,0,0,0,0,4,1,5,6,1,72,10,1197,1,7,SKODA ROOMSTER,5,E01022021,0,-1
2021991086724,2021,991086724,2,9,0,18,19,1,5,0,0,0,0,0,0,0,1,1,2,2,1,58,9,1390,1,14,SKODA ROOMSTER,6,-1,0,-1
2021302101967,2021,302101967,2,9,0,3,3,4,8,0,0,0,0,0,0,0,2,1,6,6,2,46,8,1598,1,13,SKODA ROOMSTER,9,E01028540,0,-1
2021041024675,2021,041024675,3,9,0,3,3,1,5,0,0,0,0,0,0,0,2,1,3,7,2,45,7,1422,2,12,SKODA ROOMSTER,1,E01012751,0,-1
2021221029454,2021,221029454,2,9,0,17,19,8,5,0,0,0,0,0,1,0,4,1,5,6,1,67,10,1896,2,13,SKODA ROOMSTER,5,E01028886,0,-1
2021440279107,2021,440279107,2,9,0,18,19,1,5,0,0,8,0,0,1,0,1,1,6,6,2,74,10,1198,1,10,SKODA ROOMSTER,4,E01022834,0,-1
2021501109549,2021,501109549,2,9,0,18,19,5,1,0,0,0,0,0,0,0,1,1,5,6,1,59,9,1198,1,9,SKODA ROOMSTER,6,E01020202,0,-1
2021010295146,2021,010295146,2,9,0,17,19,5,3,0,0,8,0,0,0,0,1,1,3,7,1,50,8,1197,1,11,SKODA ROOMSTER,7,E01001535,0,-1
2021041081684,2021,041081684,1,9,0,18,19,7,3,0,0,0,0,0,0,0,1,1,5,6,1,72,10,1598,2,11,SKODA ROOMSTER,7,E01010644,0,-1
2021421062516,2021,421062516,2,9,0,18,19,5,1,0,0,1,0,0,7,11,4,1,5,6,1,63,9,1197,1,8,SKODA ROOMSTER,1,E01022026,0,-1
2021221125719,2021,221125719,1,9,0,16,19,1,4,0,0,6,1,6,1,11,1,1,5,6,1,30,6,1390,1,14,SKODA ROOMSTER,5,E01028959,0,-1
2021122200095,2021,122200095,1,9,0,18,19,2,6,0,0,4,0,0,0,0,1,1,6,6,2,34,6,1896,2,12,SKODA ROOMSTER,6,E01027889,0,-1
2021501077611,2021,501077611,1,9,0,18,19,3,7,0,0,0,0,0,0,0,1,1,1,1,1,53,8,1598,2,10,SKODA ROOMSTER,4,E01019040,0,-1
2021131082967,2021,131082967,1,9,0,-1,-1,-1,-1,-1,-1,8,-1,-1,-1,0,-1,1,6,6,3,-1,-1,1197,1,11,SKODA ROOMSTER,-1,-1,0,-1
2021440344384,2021,440344384,1,9,0,18,19,4,8,0,0,0,1,0,4,6,4,1,6,6,1,51,8,1896,2,14,SKODA ROOMSTER,2,E01001833,0,-1
2021471036309,2021,471036309,2,9,0,18,19,6,2,0,0,0,0,0,0,0,4,1,6,6,2,73,10,1198,1,9,SKODA ROOMSTER,9,E01031662,0,-1
2021201143552,2021,201143552,1,9,0,18,19,-1,-1,0,0,1,0,0,0,0,1,1,6,6,3,-1,-1,1598,1,13,SKODA ROOMSTER,-1,-1,0,-1
2021010308882,2021,010308882,2,9,0,99,99,9,9,99,99,9,9,99,9,99,9,9,6,6,3,-1,-1,1197,1,7,SKODA ROOMSTER,-1,-1,0,-1
2021471019553,2021,471019553,1,9,0,18,19,5,1,0,0,1,0,0,0,0,1,1,5,6,2,57,9,1197,1,9,SKODA ROOMSTER,6,E01031362,0,-1
2021451043734,2021,451043734,1,9,0,3,3,5,1,0,0,2,0,0,0,0,2,1,2,2,2,56,9,1197,1,8,SKODA ROOMSTER,9,E01002997,0,-1
2021141048553,2021,141048553,2,9,0,9,9,2,8,0,0,8,0,0,0,0,1,1,6,6,1,27,6,1598,1,14,SKODA ROOMSTER,1,E01008059,0,-1
2021010331411,2021,010331411,2,9,0,18,19,3,7,0,0,0,0,0,0,0,1,1,6,6,1,52,8,1197,1,9,SKODA ROOMSTER,3,E01003569,0,-1
202163A034121,2021,63A034121,1,9,5,18,19,6,2,0,0,0,3,0,0,0,3,1,6,6,1,37,7,1896,2,14,SKODA ROOMSTER,6,W01000541,0,-1
2021010349503,2021,010349503,2,9,0,18,19,3,7,0,0,1,0,0,0,0,4,1,6,6,1,62,9,1197,1,8,SKODA ROOMSTER,6,E01003958,0,-1
2021302101399,2021,302101399,1,9,0,9,9,2,8,0,0,6,0,0,0,0,4,1,6,6,2,-1,-1,1896,2,12,SKODA ROOMSTER,5,E01033537,0,-1
2021302101018,2021,302101018,1,9,0,11,11,6,2,0,0,4,0,0,0,0,4,1,6,6,2,49,8,1197,1,7,SKODA ROOMSTER,8,E01019616,0,-1
2021430543650,2021,430543650,1,9,0,18,19,2,6,0,0,8,0,0,1,4,4,1,6,6,1,72,10,1598,2,7,SKODA ROOMSTER,9,E01016688,0,-1
2021371121936,2021,371121936,2,9,0,17,19,2,7,0,0,0,0,0,1,0,1,1,1,1,1,49,8,1598,2,7,SKODA ROOMSTER,9,E01029999,0,-1
2021361029994,2021,361029994,1,9,0,9,9,5,3,0,0,1,0,0,0,0,1,1,1,1,1,39,7,1598,2,10,SKODA ROOMSTER,5,E01026766,0,-1
2021471047693,2021,471047693,1,9,0,18,19,1,5,0,0,1,0,0,1,11,1,1,5,6,2,72,10,1390,1,13,SKODA ROOMSTER,8,E01031757,0,-1
2021991126394,2021,991126394,1,9,0,4,4,3,7,0,0,0,0,0,0,0,1,1,5,6,1,74,10,1598,2,8,SKODA ROOMSTER,7,-1,0,-1
2021161085785,2021,161085785,2,9,0,18,19,7,3,0,0,0,0,0,0,0,1,1,6,6,1,-1,-1,1198,1,9,SKODA ROOMSTER,-1,-1,0,-1
2021141061877,2021,141061877,1,9,0,18,19,1,4,0,0,0,0,0,0,0,1,1,6,6,1,81,11,1598,1,13,SKODA ROOMSTER,1,E01007416,0,-1
2021211131669,2021,211131669,2,9,-1,4,4,2,7,-1,-1,0,-1,-1,-1,0,-1,1,1,1,2,58,9,1197,1,7,SKODA ROOMSTER,8,E01029813,0,-1
2021070870560,2021,070870560,1,9,0,7,7,4,8,0,0,1,0,0,0,0,1,1,6,6,1,84,11,1598,1,14,SKODA ROOMSTER,7,E01018457,0,-1
2021201140828,2021,201140828,2,9,0,9,9,2,8,0,0,3,0,0,0,0,4,1,6,6,1,30,6,1896,2,14,SKODA ROOMSTER,1,E01009718,0,-1
2021041032137,2021,041032137,4,9,0,2,2,5,1,6,6,0,0,0,0,0,0,1,6,6,3,-1,-1,1422,2,13,SKODA ROOMSTER,-1,-1,0,-1
2021161119842,2021,161119842,1,9,0,18,19,5,1,0,0,1,0,7,0,0,1,1,6,6,3,-1,-1,1422,2,14,SKODA ROOMSTER,-1,-1,0,-1
2021010322373,2021,010322373,1,9,0,18,19,1,5,0,0,0,0,0,0,0,1,1,6,6,1,30,6,1598,1,12,SKODA ROOMSTER,2,E01001744,0,-1
2021041048568,2021,041048568,1,9,0,18,19,5,1,0,0,1,0,0,0,0,1,1,1,1,1,45,7,1197,1,8,SKODA ROOMSTER,1,E01012673,0,-1
2021122100742,2021,122100742,2,9,0,9,9,7,3,0,0,1,0,0,0,0,2,1,6,6,2,-1,-1,1422,2,13,SKODA ROOMSTER,9,E01012227,0,-1
2021221044801,2021,221044801,1,9,0,17,19,2,7,0,0,8,0,0,0,0,1,1,5,6,1,60,9,1422,2,13,SKODA ROOMSTER,8,E01032189,0,-1
2021010320228,2021,010320228,3,9,0,14,14,1,5,0,0,0,0,0,0,0,1,1,6,6,1,71,10,1598,2,8,SKODA ROOMSTER,7,E01002329,0,-1
2021361124536,2021,361124536,1,9,0,4,4,7,3,0,0,0,0,0,0,0,2,1,5,6,1,34,6,1197,1,7,SKODA ROOMSTER,7,E01026897,0,-1
2021991091580,2021,991091580,3,9,0,17,19,8,5,0,0,1,0,0,0,0,1,1,6,6,2,42,7,1197,1,7,SKODA ROOMSTER,6,-1,0,-1
2021622100240,2021,622100240,1,9,0,5,5,2,5,0,0,1,0,0,0,0,1,1,6,6,1,34,6,1598,1,13,SKODA ROOMSTER,4,W01000980,0,-1
2021302100115,2021,302100115,2,9,0,18,19,2,6,0,0,6,0,0,0,0,1,1,1,1,1,41,7,1422,2,15,SKODA ROOMSTER,7,E01019636,0,-1
2021061079308,2021,061079308,1,9,0,7,7,7,1,0,0,8,0,0,0,0,3,1,6,6,2,36,7,1197,1,6,SKODA ROOMSTER,9,E01004770,0,-1
2021411097413,2021,411097413,2,9,0,10,10,1,7,0,0,1,0,0,0,0,2,1,3,7,2,49,8,1598,2,7,SKODA ROOMSTER,2,E01023339,0,-1
2021141058170,2021,141058170,1,3,0,18,19,7,2,0,0,0,0,0,7,10,1,1,6,6,1,19,4,124,1,13,-1,4,E01008115,0,-1
2021010324513,2021,010324513,1,3,9,99,99,9,9,99,99,9,9,99,9,99,9,1,6,6,2,36,7,125,1,7,-1,4,E01001738,0,-1
2021010304779,2021,010304779,1,9,0,99,99,9,9,99,99,9,9,99,9,99,2,9,6,6,2,32,6,2967,2,8,AUDI Q7,3,E01032568,0,-1
2021052102478,2021,052102478,1,9,0,4,4,7,3,0,0,0,0,0,0,0,1,1,6,6,1,52,8,2967,2,14,AUDI Q7,9,E01006889,0,-1
2021461078164,2021,461078164,1,9,0,18,19,7,3,0,0,5,0,0,0,0,3,1,6,6,2,43,7,2967,2,5,AUDI Q7,6,E01023979,0,-1
2021010340127,2021,010340127,2,9,0,99,99,9,9,99,99,9,9,99,9,99,1,9,6,6,3,-1,-1,2967,2,12,AUDI Q7,3,E01002185,0,-1
2021161071055,2021,161071055,1,9,0,9,9,7,1,0,0,2,0,0,0,0,1,1,6,6,1,35,6,2967,2,9,AUDI Q7,1,E01012857,0,-1
2021010301556,2021,010301556,1,9,0,99,99,9,9,99,99,9,9,99,9,99,9,9,6,6,3,-1,-1,2967,2,15,AUDI Q7,-1,-1,0,-1
2021461041548,2021,461041548,3,9,0,3,3,7,3,0,0,0,0,0,0,0,2,1,5,6,1,-1,-1,2967,2,7,AUDI Q7,8,E01000672,0,-1
2021010346754,2021,010346754,1,9,0,18,19,5,1,0,0,1,0,0,0,0,1,1,6,6,2,39,7,2967,2,14,AUDI Q7,7,E01002514,0,-1
2021010315197,2021,010315197,1,9,0,3,3,7,3,9,9,0,0,0,1,5,1,1,1,1,1,31,6,2967,2,4,AUDI Q7,8,E01004506,0,-1
2021440304417,2021,440304417,1,9,0,18,19,1,3,0,0,1,0,0,0,0,1,1,6,6,1,31,6,2967,2,4,AUDI Q7,2,E01017165,0,-1
2021010349198,2021,010349198,1,9,0,4,4,2,6,0,0,0,0,0,0,0,2,1,2,2,1,39,7,2967,2,14,AUDI Q7,2,E01001767,0,-1
2021221088827,2021,221088827,2,9,0,4,4,1,5,0,0,0,0,0,0,0,2,1,5,6,2,43,7,2967,2,4,AUDI Q7,-1,-1,0,-1
2021501040606,2021,501040606,1,9,0,18,19,2,6,0,0,0,0,0,0,0,4,1,5,6,1,70,10,2967,2,14,AUDI Q7,8,E01016087,0,-1
2021451074737,2021,451074737,2,9,0,18,19,1,5,0,0,0,0,0,0,0,1,1,6,6,1,35,6,2967,2,13,AUDI Q7,9,E01004095,0,-1
2021991061460,2021,991061460,1,9,0,17,19,1,5,0,0,4,0,0,0,0,1,1,6,6,1,58,9,2967,12,3,AUDI Q7,6,-1,0,-1
2021440417890,2021,440417890,2,9,0,18,19,8,4,0,0,8,0,0,0,0,4,1,6,6,2,56,9,2967,2,0,AUDI Q7,10,E01022885,0,-1
2021461108608,2021,461108608,3,9,0,18,19,4,8,0,0,0,0,0,0,0,2,1,6,6,2,36,7,2967,2,8,AUDI Q7,4,E01024591,0,-1
2021010338912,2021,010338912,2,9,0,99,99,9,9,99,99,9,9,99,9,99,1,9,6,6,3,-1,-1,2967,2,3,AUDI Q7,-1,-1,0,-1
2021201060557,2021,201060557,2,9,0,18,19,2,6,0,0,0,0,0,0,0,3,1,3,7,1,59,9,2967,2,13,AUDI Q7,9,E01010331,0,-1
2021501133889,2021,501133889,1,9,0,18,19,3,6,0,0,1,0,11,8,0,1,1,5,6,1,29,6,2967,2,15,AUDI Q7,5,E01020331,0,-1
2021421073702,2021,421073702,1,9,0,16,19,2,5,0,0,8,0,0,0,0,1,1,6,6,1,46,8,2967,2,2,AUDI Q7,5,E01021550,0,-1
2021461111817,2021,461111817,2,9,0,16,19,6,2,0,0,0,0,0,0,0,1,1,2,2,1,46,8,2967,2,1,AUDI Q7,5,E01024565,0,-1
2021430508793,2021,430508793,2,9,0,13,13,5,1,0,0,0,0,0,0,0,4,1,6,6,2,-1,-1,2967,12,4,AUDI Q7,-1,-1,0,-1
2021010318987,2021,010318987,3,9,0,3,3,1,5,0,0,1,0,0,0,0,4,1,6,6,1,46,8,2967,2,10,AUDI Q7,3,E01004344,0,-1
2021010331933,2021,010331933,2,9,0,99,99,9,9,99,99,9,9,99,9,99,9,9,6,6,3,-1,-1,2967,2,10,AUDI Q7,-1,-1,0,-1
2021010332460,2021,010332460,2,9,0,18,19,5,1,0,0,1,0,0,0,0,2,1,6,6,1,26,6,2967,2,3,AUDI Q7,4,E01003568,0,-1
2021451067590,2021,451067590,2,9,0,18,19,3,8,0,0,1,0,0,0,0,1,1,5,6,2,54,8,4134,2,10,AUDI Q7,7,E01030458,0,-1
2021010312027,2021,010312027,2,9,0,99,99,9,9,99,99,1,9,99,9,99,1,9,6,6,3,-1,-1,2967,2,1,AUDI Q7,-1,-1,0,-1
2021371108126,2021,371108126,1,9,0,9,9,5,2,0,0,8,0,0,0,0,1,1,5,6,2,29,6,2967,2,7,AUDI Q7,10,E01021614,0,-1
2021471038671,2021,471038671,3,9,0,18,19,5,1,0,0,0,0,0,0,0,1,1,5,6,1,56,9,2967,2,13,AUDI Q7,3,E01002405,0,-1
2021471097924,2021,471097924,2,9,0,18,19,4,8,0,0,1,0,0,0,0,1,1,3,7,2,42,7,2967,2,8,AUDI Q7,7,E01031534,0,-1
2021430239921,2021,430239921,1,9,0,14,14,6,2,0,0,1,0,0,0,0,1,1,6,6,2,75,10,2967,2,13,AUDI Q7,8,E01017788,0,-1
202131D177021,2021,31D177021,1,9,4,18,19,4,8,0,0,2,0,0,0,0,4,1,1,1,1,41,7,2967,2,7,AUDI Q7,2,E01019500,0,-1
2021991103615,2021,991103615,2,9,0,4,4,2,6,0,0,0,0,0,0,0,2,1,5,6,1,39,7,2967,2,9,AUDI Q7,7,E01016740,0,-1
2021010336651,2021,010336651,2,9,0,9,9,3,1,0,0,5,0,0,0,0,3,1,6,6,1,41,7,2967,2,10,AUDI Q7,7,E01001290,0,-1
2021201149110,2021,201149110,1,9,0,18,19,6,2,0,0,2,0,0,0,0,1,1,6,6,3,30,6,2967,2,3,AUDI Q7,-1,-1,0,-1
2021138121069,2021,138121069,3,9,0,2,2,0,0,0,0,0,0,0,0,0,2,1,6,6,3,-1,-1,2967,2,6,AUDI Q7,-1,-1,0,-1
2021141097001,2021,141097001,1,9,0,3,3,5,1,0,0,1,0,0,0,0,2,1,5,6,2,35,6,2967,2,3,AUDI Q7,9,E01008137,0,-1
2021041183010,2021,041183010,1,9,0,17,19,5,1,0,0,0,2,0,0,0,4,1,6,6,1,36,7,2967,2,15,AUDI Q7,6,E01025121,0,-1
2021991094791,2021,991094791,2,9,0,6,6,3,7,0,0,1,0,0,0,0,3,1,6,6,1,76,11,2967,2,13,AUDI Q7,-1,-1,0,-1
2021010328482,2021,010328482,2,9,0,18,19,3,7,0,0,8,0,0,1,0,1,1,6,6,1,49,8,2967,2,14,AUDI Q7,10,E01023810,0,-1
2021371130340,2021,371130340,1,9,0,18,19,3,1,0,0,0,0,0,0,0,2,1,6,6,1,34,6,2967,2,13,AUDI Q7,7,E01033126,0,-1
2021010312128,2021,010312128,2,9,0,99,99,9,9,99,99,9,9,99,9,99,1,9,6,6,3,-1,-1,2967,2,2,AUDI Q7,-1,-1,0,-1
2021010306705,2021,010306705,2,9,0,9,9,5,3,0,0,6,0,0,0,0,3,1,2,2,2,48,8,2967,2,2,AUDI Q7,10,E01021467,0,-1
2021010342906,2021,010342906,2,9,0,1,1,7,3,0,0,0,0,0,0,0,2,9,6,6,3,-1,-1,2967,2,0,AUDI Q7,-1,-1,0,-1
2021010348283,2021,010348283,1,9,0,99,99,9,9,99,99,9,9,99,9,99,1,9,6,6,2,38,7,2967,2,13,AUDI Q7,5,E01002219,0,-1
202106A079973,2021,06A079973,1,8,0,7,7,1,5,0,0,8,0,0,0,0,1,1,6,6,1,64,9,2967,2,12,-1,2,E01005226,0,-1
2021461022678,2021,461022678,1,9,0,2,2,2,6,0,0,0,0,0,0,0,0,1,5,6,1,52,8,2967,2,13,AUDI Q7,9,E01024818,0,-1
2021010324637,2021,010324637,1,9,0,4,4,1,5,0,0,1,0,0,0,0,2,1,6,6,1,38,7,2967,2,4,AUDI Q7,3,E01001759,0,-1
2021010317539,2021,010317539,1,9,0,9,9,4,2,0,0,8,0,0,0,0,1,1,6,6,1,30,6,2967,2,14,AUDI Q7,1,E01004449,0,-1
2021010289486,2021,010289486,1,9,0,5,5,5,1,0,0,8,0,0,0,0,4,1,6,6,1,30,6,4163,1,15,AUDI Q7,2,E01000501,0,-1
2021010296398,2021,010296398,1,9,0,99,99,9,9,99,99,9,9,99,9,99,1,9,2,2,1,47,8,2967,2,9,AUDI Q7,2,E01001594,0,-1
2021010305778,2021,010305778,3,9,0,2,2,0,0,0,0,1,0,0,0,0,0,1,6,6,3,-1,-1,2967,2,13,AUDI Q7,-1,-1,0,-1
202134NNC1921,2021,34NNC1921,2,9,0,3,3,2,6,0,0,1,0,0,0,0,4,1,6,6,2,38,7,2967,2,13,AUDI Q7,3,E01027058,0,-1
2021161055901,2021,161055901,1,9,0,7,7,3,5,0,0,6,0,0,0,0,1,1,6,6,1,-1,-1,2967,2,13,AUDI Q7,-1,-1,0,-1
2021010295267,2021,010295267,2,9,0,99,99,9,9,99,99,9,9,99,9,99,1,9,6,6,3,-1,-1,2967,2,15,AUDI Q7,-1,-1,0,-1
2021131098883,2021,131098883,2,9,0,18,19,5,1,0,0,0,0,0,0,0,1,1,6,6,1,45,7,2967,2,6,AUDI Q7,1,E01011364,0,-1
2021010338670,2021,010338670,2,9,0,99,99,9,9,99,99,9,9,99,9,99,3,9,6,6,3,-1,-1,2967,2,15,AUDI Q7,-1,-1,0,-1
2021451104110,2021,451104110,2,9,0,18,19,5,1,0,0,1,0,0,0,0,1,1,5,6,1,32,6,2967,2,3,AUDI Q7,5,E01022579,0,-1
2021010287149,2021,010287149,1,9,0,18,19,3,7,0,0,8,0,0,0,0,1,1,6,6,1,32,6,2967,2,11,AUDI Q7,-1,-1,0,-1
2021041089783,2021,041089783,1,9,0,7,7,1,5,0,0,1,0,0,0,0,1,1,6,6,1,63,9,2967,2,2,AUDI Q7,6,E01006166,0,-1
2021010332270,2021,010332270,2,9,0,99,99,9,9,99,99,9,9,99,9,99,1,9,6,6,3,-1,-1,2967,2,4,AUDI Q7,-1,-1,0,-1
2021361023550,2021,361023550,1,9,0,18,19,6,3,0,0,4,0,0,0,0,3,1,5,6,1,42,7,2967,2,14,AUDI Q7,2,E01026796,0,-1
2021010345074,2021,010345074,1,9,0,18,19,1,5,0,0,0,0,4,7,11,2,1,6,6,1,51,8,2967,2,6,AUDI Q7,5,E01004450,0,-1
202131B088021,2021,31B088021,1,9,0,18,19,3,7,0,0,0,0,0,0,0,1,1,6,6,3,-1,-1,2967,2,12,AUDI Q7,-1,-1,0,-1
2021010344090,2021,010344090,2,9,0,9,9,8,5,0,0,6,0,0,0,0,3,1,6,6,1,52,8,2967,2,14,AUDI Q7,5,E01002214,0,-1
202131B172121,2021,31B172121,1,9,0,4,4,8,4,0,0,1,0,0,0,0,2,1,6,6,1,36,7,2967,2,15,AUDI Q7,5,E01013297,0,-1
2021010325542,2021,010325542,1,9,0,18,19,5,1,0,0,1,0,0,0,0,1,1,6,6,1,40,7,2967,2,8,AUDI Q7,2,E01002077,0,-1
2021010317557,2021,010317557,1,9,0,1,1,1,5,0,0,0,0,10,1,11,1,1,6,6,1,60,9,2995,1,0,AUDI Q7,6,E01001064,0,-1
2021201046387,2021,201046387,1,9,0,18,19,-1,-1,0,0,0,0,0,0,0,1,1,6,6,1,-1,-1,2967,2,9,AUDI Q7,-1,-1,0,-1
2021481047540,2021,481047540,1,9,0,9,9,5,3,0,0,8,0,0,0,0,3,1,1,1,1,39,7,2967,2,1,AUDI Q7,7,E01017800,0,-1
2021540284321,2021,540284321,2,9,0,18,19,3,7,0,0,3,0,0,0,0,4,1,6,6,1,14,3,2967,2,10,AUDI Q7,3,E01015543,0,-1
2021010349759,2021,010349759,1,9,0,99,99,9,9,99,99,9,9,99,9,99,9,9,2,2,1,28,6,2967,2,1,AUDI Q7,4,E01003034,0,-1
2021010287696,2021,010287696,1,9,0,99,99,9,9,99,99,0,9,99,9,99,9,9,6,6,1,42,7,2967,2,13,AUDI Q7,2,E01004323,0,-1
2021201099078,2021,201099078,2,9,0,3,3,-1,-1,0,0,1,0,0,0,0,2,1,6,6,1,58,9,2967,2,1,AUDI Q7,8,E01032438,0,-1
2021421091438,2021,421091438,1,9,0,1,1,3,7,0,0,0,0,0,0,0,2,1,6,6,1,44,7,2967,2,14,AUDI Q7,3,E01021358,0,-1
2021010288106,2021,010288106,2,9,0,99,99,9,9,99,99,9,9,99,9,99,1,9,6,6,3,-1,-1,2967,2,8,AUDI Q7,-1,-1,0,-1
2021430178823,2021,430178823,1,9,0,18,19,4,8,0,0,0,0,0,0,0,1,1,3,7,2,39,7,2967,2,7,AUDI Q7,10,E01016612,0,-1
2021440363859,2021,440363859,1,9,0,18,19,7,3,0,0,8,0,0,0,0,4,1,6,6,2,50,8,2967,2,10,AUDI Q7,8,E01023132,0,-1
2021010334781,2021,010334781,1,9,0,18,19,5,1,0,0,8,0,0,0,0,2,1,6,6,2,37,7,2967,2,13,AUDI Q7,5,E01002219,0,-1
2021221098519,2021,221098519,2,9,0,18,19,6,2,0,0,0,0,0,0,0,1,1,6,6,1,40,7,2967,2,6,AUDI Q7,8,E01032176,0,-1
2021201126756,2021,201126756,3,9,0,18,19,1,5,9,9,0,0,0,0,0,1,1,6,6,1,42,7,2967,2,0,AUDI Q7,6,E01010233,0,-1
2021010329959,2021,010329959,1,9,0,5,5,3,7,0,0,1,0,0,0,0,4,1,6,6,2,46,8,2967,2,4,AUDI Q7,10,E01003891,0,-1
2021052102078,2021,052102078,2,9,0,4,4,4,8,0,0,1,0,0,0,0,2,1,6,6,2,43,7,2967,2,2,AUDI Q7,5,E01006687,0,-1
2021061079134,2021,061079134,3,9,0,18,19,3,7,0,0,1,0,0,0,0,3,1,6,6,1,35,6,2967,2,8,AUDI Q7,1,E01004877,0,-1
2021010290860,2021,010290860,1,9,0,18,19,7,3,99,99,0,9,99,9,99,2,1,6,6,1,24,5,2967,2,1,AUDI Q7,7,E01021742,0,-1
2021010296941,2021,010296941,1,9,0,1,1,5,1,9,9,1,0,11,0,0,1,1,4,7,2,37,7,2967,2,4,AUDI Q7,5,E01030310,0,-1
2021201120938,2021,201120938,1,9,0,18,19,6,2,0,0,0,0,0,0,0,1,1,3,7,1,63,9,2967,2,8,AUDI Q7,3,E01009458,0,-1
2021211076407,2021,211076407,1,9,0,8,8,5,1,0,0,0,0,0,0,0,1,1,3,7,2,36,7,2967,2,9,AUDI Q7,-1,-1,0,-1
2021361039578,2021,361039578,2,9,0,18,19,7,3,0,0,1,0,0,0,0,1,1,3,7,2,39,7,2967,2,13,AUDI Q7,7,E01026502,0,-1
2021010324664,2021,010324664,2,9,9,99,99,9,9,99,99,9,9,99,9,99,9,9,6,6,3,-1,-1,2967,2,4,AUDI Q7,-1,-1,0,-1
2021070506672,2021,070506672,1,9,0,18,19,4,8,0,0,0,1,0,0,0,1,1,6,6,1,25,5,2967,2,15,AUDI Q7,1,E01025224,0,-1
2021101054663,2021,101054663,1,9,0,18,19,3,7,0,0,0,0,0,0,0,4,1,3,7,2,38,7,2967,2,4,AUDI Q7,7,E01008612,0,-1
2021421091913,2021,421091913,2,9,0,18,19,7,3,0,0,2,1,0,0,0,4,1,5,6,1,33,6,2967,2,4,AUDI Q7,3,E01021639,0,-1
2021440419075,2021,440419075,2,9,0,9,9,3,7,0,0,8,0,0,0,0,2,1,6,6,1,35,6,2967,2,5,AUDI Q7,9,E01003400,0,-1