collision_index,collision_year,collision_ref_no,vehicle_reference,vehicle_type,towing_and_articulation,vehicle_manoeuvre_historic,vehicle_manoeuvre,vehicle_direction_from,vehicle_direction_to,vehicle_location_restricted_lane_historic,vehicle_location_restricted_lane,junction_location,skidding_and_overturning,hit_object_in_carriageway,vehicle_leaving_carriageway,hit_object_off_carriageway,first_point_of_impact,vehicle_left_hand_drive,journey_purpose_of_driver_historic,journey_purpose_of_driver,sex_of_driver,age_of_driver,age_band_of_driver,engine_capacity_cc,propulsion_code,age_of_vehicle,generic_make_model,driver_imd_decile,lsoa_of_driver,escooter_flag,driver_distance_banding
2021361048407,2021,361048407,2,9,0,18,19,8,6,0,0,0,0,0,0,0,3,1,6,6,1,59,9,2967,2,10,AUDI Q7,5,E01026423,0,-1
202131C146621,2021,31C146621,1,9,0,18,19,5,1,9,9,1,0,0,0,0,4,1,6,6,2,23,5,2967,2,5,AUDI Q7,1,E01013882,0,-1
2021451070725,2021,451070725,2,9,0,18,19,5,1,0,0,0,0,0,0,0,2,1,5,6,1,53,8,2967,2,0,AUDI Q7,9,E01031973,0,-1
2021141033837,2021,141033837,2,9,0,18,19,2,2,0,0,0,0,0,0,0,1,1,5,6,2,-1,-1,2967,2,7,AUDI Q7,1,E01007718,0,-1
2021201115964,2021,201115964,2,9,0,18,19,4,8,0,0,1,0,0,0,0,1,1,6,6,3,-1,-1,2967,2,9,AUDI Q7,-1,-1,0,-1
2021131125085,2021,131125085,3,9,0,4,4,1,5,0,0,0,0,0,0,0,2,1,5,6,1,41,7,2967,2,7,AUDI Q7,1,E01011355,0,-1
2021461099633,2021,461099633,1,9,0,18,19,1,5,0,0,0,0,0,0,0,1,1,6,6,1,72,10,2967,2,11,AUDI Q7,3,E01001169,0,-1
2021201125280,2021,201125280,1,9,0,5,5,-1,-1,0,0,0,0,0,0,0,4,1,3,7,2,38,7,2967,2,11,AUDI Q7,1,E01009155,0,-1
2021421030439,2021,421030439,2,9,0,3,3,2,7,0,0,1,0,0,0,0,2,1,5,6,1,39,7,2967,2,5,AUDI Q7,10,E01021616,0,-1
2021201114412,2021,201114412,2,9,0,17,19,7,4,0,0,8,0,0,7,0,1,1,2,2,1,43,7,4134,2,10,AUDI Q7,1,E01009024,0,-1
2021010308922,2021,010308922,2,9,0,2,2,0,0,6,6,1,0,0,0,0,4,1,6,6,3,-1,-1,2967,2,3,AUDI Q7,-1,-1,0,-1
2021052102596,2021,052102596,1,9,0,18,19,3,7,0,0,0,0,0,0,0,4,1,2,2,1,30,6,2967,2,8,AUDI Q7,1,E01006740,0,-1
2021010353345,2021,010353345,1,9,0,99,99,9,9,0,0,9,9,99,9,99,9,9,6,6,1,43,7,2995,1,9,AUDI Q7,1,E01001978,0,-1
2021371071988,2021,371071988,1,9,0,18,19,5,1,0,0,4,0,0,0,0,1,1,5,6,1,56,9,2967,2,15,AUDI Q7,6,E01029879,0,-1
2021440393642,2021,440393642,2,9,0,18,19,1,5,0,0,1,0,0,8,4,1,1,6,6,2,35,6,2967,2,7,AUDI Q7,10,E01023276,0,-1
2021991027855,2021,991027855,2,9,0,4,4,7,3,0,0,1,0,0,0,0,2,1,6,6,2,35,6,2967,2,8,AUDI Q7,1,-1,0,-1
2021543207521,2021,543207521,4,9,0,18,19,5,1,0,0,0,0,0,0,0,1,1,6,6,2,41,7,2967,2,11,AUDI Q7,-1,-1,0,-1
2021440382284,2021,440382284,1,9,0,15,15,7,3,0,0,1,0,0,0,0,3,1,6,6,2,22,5,2967,2,14,AUDI Q7,8,E01022829,0,-1
2021010343904,2021,010343904,2,9,0,99,99,9,9,99,99,0,9,99,9,99,1,9,6,6,1,43,7,2967,2,15,AUDI Q7,6,E01002373,0,-1
2021141120242,2021,141120242,1,9,0,18,19,6,2,0,0,2,0,0,0,0,4,1,6,6,2,-1,-1,2967,2,2,AUDI Q7,-1,-1,0,-1
2021010334911,2021,010334911,1,9,0,18,19,3,7,0,0,2,0,10,7,4,1,1,6,6,1,48,8,2967,2,1,AUDI Q7,6,E01000180,0,-1
2021461109121,2021,461109121,1,9,0,4,4,7,3,0,0,0,0,0,0,0,1,1,5,6,2,42,7,2967,2,12,AUDI Q7,1,E01016031,0,-1
2021421057685,2021,421057685,2,9,0,4,4,1,5,0,0,0,0,0,0,0,2,1,5,6,1,38,7,2967,2,13,AUDI Q7,9,E01000191,0,-1
2021461026333,2021,461026333,1,9,0,9,9,2,8,0,0,5,0,0,0,0,1,1,6,6,1,40,7,2967,2,14,AUDI Q7,2,E01024662,0,-1
2021111080539,2021,111080539,1,9,0,1,1,4,8,0,0,0,0,0,0,0,2,1,6,6,2,30,6,2967,2,12,AUDI Q7,4,E01020636,0,-1
2021411130089,2021,411130089,2,9,0,2,2,0,0,0,0,0,0,0,0,0,4,1,6,6,3,-1,-1,2967,2,14,AUDI Q7,-1,-1,0,-1
2021201094979,2021,201094979,2,9,0,9,9,8,6,0,0,1,0,0,0,0,2,1,6,6,1,55,8,2967,2,14,AUDI Q7,5,E01009764,0,-1
2021361087496,2021,361087496,2,9,0,4,4,3,7,0,0,0,0,0,0,0,2,1,5,6,1,61,9,2967,2,14,AUDI Q7,4,E01026713,0,-1
2021141018129,2021,141018129,1,9,4,18,19,4,8,0,0,0,3,0,1,4,2,1,6,6,1,55,8,2967,2,13,AUDI Q7,6,E01007838,0,-1
2021411116515,2021,411116515,1,9,0,3,3,-1,-1,0,0,0,0,0,0,0,2,1,5,6,2,37,7,2967,2,13,AUDI Q7,7,E01023961,0,-1
2021430304063,2021,430304063,1,9,0,18,19,4,8,0,0,0,0,0,1,4,1,1,6,6,1,49,8,2967,2,12,AUDI Q7,2,E01016368,0,-1
2021201077252,2021,201077252,1,9,0,4,4,3,7,0,0,1,0,0,0,0,1,1,6,6,2,29,6,2967,2,14,AUDI Q7,1,E01009350,0,-1
2021010309533,2021,010309533,1,9,0,18,19,5,1,0,0,0,0,0,0,0,1,1,6,6,1,71,10,2967,2,14,AUDI Q7,-1,-1,0,-1
2021211088991,2021,211088991,1,9,0,5,5,1,5,0,0,1,0,0,0,0,1,1,6,6,1,37,7,2967,2,12,AUDI Q7,1,E01029845,0,-1
2021061039040,2021,061039040,1,9,0,13,13,3,7,0,0,8,1,0,0,0,4,1,6,6,1,19,4,2967,2,2,AUDI Q7,-1,-1,0,-1
2021010330674,2021,010330674,1,9,0,18,19,7,3,0,0,0,0,0,0,0,1,1,6,6,3,-1,-1,2967,2,3,AUDI Q7,-1,-1,0,-1
2021231024553,2021,231024553,1,9,0,11,11,6,2,0,0,3,1,0,1,9,4,1,5,6,1,46,8,2967,2,11,AUDI Q7,9,E01009416,0,-1
2021010295157,2021,010295157,2,9,0,99,99,9,9,99,99,9,9,99,9,99,1,9,6,6,3,-1,-1,2967,2,15,AUDI Q7,1,E01003487,0,-1
2021010304984,2021,010304984,1,9,0,6,6,7,7,0,0,2,0,0,0,0,2,1,6,6,1,51,8,2967,2,3,AUDI Q7,4,E01003518,0,-1
2021131036491,2021,131036491,1,9,0,13,13,4,8,0,0,1,0,0,0,0,4,1,5,6,1,40,7,2967,2,14,AUDI Q7,1,E01011358,0,-1
2021411124980,2021,411124980,3,9,0,18,19,1,5,0,0,0,0,0,0,0,2,1,5,6,2,21,5,2967,2,5,AUDI Q7,9,E01025935,0,-1
2021461118801,2021,461118801,1,9,0,9,9,3,5,0,0,0,0,0,0,0,3,1,5,6,2,38,7,2967,2,6,AUDI Q7,10,E01024449,0,-1
2021421056553,2021,421056553,1,9,0,9,9,7,3,0,0,0,0,0,0,0,1,1,5,6,1,43,7,2967,2,12,AUDI Q7,8,E01021436,0,-1
2021231127253,2021,231127253,1,9,0,9,9,3,1,0,0,5,0,0,0,0,1,1,5,6,1,53,8,2967,2,14,AUDI Q7,5,E01010431,0,-1
2021010348647,2021,010348647,1,9,0,18,19,1,5,0,0,0,0,0,0,0,1,1,6,6,2,41,7,2967,2,11,AUDI Q7,5,E01001198,0,-1
2021070447010,2021,070447010,2,9,0,4,4,6,2,0,0,0,1,0,0,0,1,1,6,6,1,39,7,2967,2,2,AUDI Q7,-1,-1,0,-1
202131B151221,2021,31B151221,1,9,0,3,3,8,4,0,0,1,0,0,0,0,4,1,6,6,1,42,7,2967,2,6,AUDI Q7,8,E01028288,0,-1
2021010301088,2021,010301088,2,9,0,2,2,0,0,0,0,1,0,0,0,0,3,1,6,6,3,-1,-1,2967,2,3,AUDI Q7,-1,-1,0,-1
2021991089634,2021,991089634,1,9,0,18,19,3,7,0,0,0,2,0,1,0,1,1,5,6,1,35,6,2967,2,0,AUDI Q7,8,-1,0,-1
2021201103800,2021,201103800,1,9,0,18,19,6,2,0,0,6,0,0,0,0,1,1,6,6,2,-1,-1,2967,2,1,AUDI Q7,-1,-1,0,-1
2021361105982,2021,361105982,2,9,0,18,19,3,4,0,0,0,0,0,0,0,1,1,1,1,2,32,6,2967,2,7,AUDI Q7,6,E01026769,0,-1
2021010337786,2021,010337786,1,9,0,17,19,7,3,9,9,8,0,10,1,4,1,1,6,6,1,25,5,2967,2,3,AUDI Q7,3,E01016520,0,-1
2021302100786,2021,302100786,1,9,0,3,3,6,2,0,0,0,0,0,0,0,2,1,6,6,2,45,7,2967,2,5,AUDI Q7,6,E01019815,0,-1
2021211041845,2021,211041845,1,9,0,18,19,1,5,0,0,0,0,0,0,0,1,1,6,6,1,34,6,2967,2,4,AUDI Q7,8,E01029570,0,-1
2021991064462,2021,991064462,2,5,0,4,4,1,5,0,0,0,0,0,1,0,2,1,5,6,1,54,8,1170,1,3,BMW R SERIES,2,-1,0,-1
202131B126021,2021,31B126021,2,5,0,18,19,1,5,0,0,8,0,0,7,9,1,1,6,6,1,49,8,1254,1,1,BMW R SERIES,5,E01007757,0,-1
2021010297107,2021,010297107,3,5,0,4,4,1,5,0,0,1,0,0,0,0,0,1,6,6,1,50,8,1170,1,3,BMW R SERIES,9,E01003418,0,-1
2021421035835,2021,421035835,1,5,0,9,9,2,8,0,0,8,2,0,0,0,3,1,1,1,1,44,7,1170,1,3,BMW R SERIES,8,E01021544,0,-1
2021010302998,2021,010302998,1,5,0,18,19,3,7,0,0,0,5,0,0,0,1,1,1,1,1,46,8,1254,1,1,BMW R SERIES,4,E01015947,0,-1
2021101089098,2021,101089098,2,5,0,18,19,1,5,0,0,8,0,0,0,0,1,1,6,6,1,67,10,1170,1,4,BMW R SERIES,5,E01020663,0,-1
2021440010897,2021,440010897,1,5,0,18,19,2,6,0,0,1,0,0,0,0,1,1,6,6,1,56,9,1254,1,2,BMW R SERIES,8,E01022918,0,-1
2021991101285,2021,991101285,1,5,0,17,19,2,7,0,0,0,2,0,4,0,3,1,1,1,1,34,6,1254,1,0,BMW R SERIES,10,-1,0,-1
2021411072748,2021,411072748,1,5,0,16,19,5,1,0,0,0,0,0,7,9,1,1,1,1,1,34,6,1254,1,1,BMW R SERIES,-1,-1,0,-1
2021501064214,2021,501064214,2,5,0,18,19,7,3,0,0,8,0,0,0,0,1,1,5,6,1,59,9,1170,1,3,BMW R SERIES,5,E01020077,0,-1
2021010320214,2021,010320214,1,5,0,13,13,3,7,0,0,0,0,7,0,0,1,1,6,6,1,77,11,1170,1,10,BMW R SERIES,9,E01030644,0,-1
2021131064670,2021,131064670,2,5,0,18,19,1,5,0,0,0,1,0,0,0,4,1,2,2,1,49,8,1170,1,16,BMW R SERIES,2,E01010815,0,-1
2021122100775,2021,122100775,2,5,0,13,13,3,7,0,0,8,0,0,0,0,1,1,6,6,1,56,9,1254,1,0,BMW R SERIES,10,E01017819,0,-1
2021991075843,2021,991075843,2,5,0,4,4,8,4,0,0,0,1,0,5,0,2,1,5,6,1,49,8,1170,1,7,BMW R SERIES,1,E01010872,0,-1
2021421104618,2021,421104618,2,5,0,18,19,5,1,0,0,0,0,0,0,0,2,1,6,6,1,57,9,1170,1,9,BMW R SERIES,8,E01026480,0,-1
2021010350274,2021,010350274,1,5,0,99,99,9,9,99,99,9,9,99,9,99,1,1,2,2,2,47,8,1254,1,1,BMW R SERIES,7,E01030729,0,-1
2021010303588,2021,010303588,1,5,0,18,19,1,5,0,0,1,1,0,0,0,1,1,2,2,1,37,7,1170,1,6,BMW R SERIES,9,E01000351,0,-1
2021546935021,2021,546935021,2,5,0,13,13,5,1,0,0,0,0,0,0,0,4,1,6,6,1,30,6,1170,1,4,BMW R SERIES,8,E01027282,0,-1
2021421042657,2021,421042657,4,5,0,18,19,7,3,0,0,0,0,0,0,0,0,1,1,1,1,34,6,1170,1,5,BMW R SERIES,8,E01021544,0,-1
2021031076947,2021,031076947,1,5,0,18,19,6,2,0,0,8,5,0,3,0,1,1,5,6,1,77,11,1254,1,1,BMW R SERIES,6,E01025261,0,-1
202163D049121,2021,63D049121,1,5,0,17,19,2,7,0,0,0,0,0,1,2,1,1,6,6,1,49,8,1254,1,2,BMW R SERIES,-1,-1,0,-1
2021010333630,2021,010333630,1,5,0,18,19,4,8,0,0,1,0,0,0,0,3,1,6,6,1,74,10,980,1,33,BMW R SERIES,8,E01003830,0,-1
2021991069721,2021,991069721,2,5,0,18,19,3,7,0,0,8,1,0,0,0,4,1,5,6,1,58,9,1170,1,2,BMW R SERIES,10,-1,0,-1
2021371095379,2021,371095379,2,5,0,4,4,5,1,0,0,1,0,0,0,0,2,1,5,6,1,66,10,1170,1,6,BMW R SERIES,8,E01021352,0,-1
2021122100429,2021,122100429,1,5,0,13,13,8,4,0,0,0,1,0,0,0,1,1,6,6,1,59,9,1170,1,5,BMW R SERIES,8,E01027688,0,-1
2021501086848,2021,501086848,2,5,0,8,8,3,6,0,0,1,0,0,0,0,2,1,5,6,1,61,9,1085,1,23,BMW R SERIES,-1,-1,0,-1
2021461106504,2021,461106504,2,5,0,5,5,1,5,0,0,0,0,0,0,0,2,1,5,6,1,57,9,1170,1,8,BMW R SERIES,8,E01024779,0,-1
2021430160076,2021,430160076,1,5,0,18,19,5,1,0,0,1,0,0,0,0,3,1,6,6,1,56,9,1130,1,17,BMW R SERIES,3,E01031854,0,-1
2021161035297,2021,161035297,2,5,0,18,19,3,7,0,0,1,1,10,2,0,4,1,5,6,1,68,10,980,1,26,BMW R SERIES,3,E01012825,0,-1
2021010346345,2021,010346345,1,5,0,17,19,1,5,0,0,0,0,10,0,0,1,1,2,2,1,44,7,1254,1,1,BMW R SERIES,4,E01003666,0,-1
2021320457420,2021,320457420,2,5,0,13,13,8,4,0,0,0,0,0,0,0,1,1,6,6,1,68,10,1170,1,4,BMW R SERIES,-1,-1,0,-1
2021440511898,2021,440511898,1,5,0,18,19,1,5,0,0,1,0,0,0,0,4,1,6,6,1,61,9,1170,1,3,BMW R SERIES,10,E01022683,0,-1
2021010339027,2021,010339027,1,5,0,18,19,3,7,0,0,1,0,0,0,0,4,1,1,1,1,46,8,1254,1,0,BMW R SERIES,4,E01000472,0,-1
2021201090901,2021,201090901,5,5,0,18,19,8,4,0,0,1,0,0,0,0,0,1,1,1,1,-1,-1,1170,1,4,BMW R SERIES,-1,-1,0,-1
2021101072421,2021,101072421,2,5,0,18,19,7,3,0,0,0,2,0,0,0,4,1,5,6,1,34,6,1170,1,6,BMW R SERIES,-1,-1,0,-1
2021131039394,2021,131039394,2,5,0,18,19,2,6,0,0,8,5,0,0,0,3,1,5,6,1,69,10,1254,1,1,BMW R SERIES,3,E01011027,0,-1
2021552101044,2021,552101044,1,5,0,16,19,4,7,0,0,0,1,10,7,0,3,1,6,6,1,72,10,1170,1,14,BMW R SERIES,4,E01032644,0,-1
2021991051989,2021,991051989,1,5,0,16,19,2,6,0,0,0,2,0,8,0,1,1,5,6,1,71,10,1170,1,4,BMW R SERIES,9,E01027794,0,-1
2021221057068,2021,221057068,3,5,0,4,4,8,3,0,0,8,0,0,0,0,3,1,5,6,1,57,9,1254,1,1,BMW R SERIES,9,E01029862,0,-1
2021991085612,2021,991085612,1,5,0,18,19,1,5,0,0,0,0,0,0,0,4,1,5,6,2,31,6,1170,1,12,BMW R SERIES,10,-1,0,-1
2021430165285,2021,430165285,1,5,0,18,19,2,6,0,0,1,0,0,0,0,1,1,6,6,1,60,9,1170,1,6,BMW R SERIES,5,E01016223,0,-1
2021471043313,2021,471043313,2,4,0,16,19,7,3,0,0,8,1,0,0,0,2,1,5,6,2,49,8,1130,1,22,BMW R SERIES,10,E01031678,0,-1
2021201142277,2021,201142277,2,5,0,2,2,0,0,0,0,1,0,0,0,0,4,1,1,1,1,-1,-1,1170,1,4,BMW R SERIES,-1,-1,0,-1
2021010351426,2021,010351426,1,5,0,99,99,9,9,99,99,9,9,99,9,99,9,1,2,2,1,44,7,1254,1,1,BMW R SERIES,9,E01001916,0,-1
2021522105144,2021,522105144,2,5,0,18,19,5,1,0,0,8,0,0,0,0,1,1,6,6,1,64,9,1170,1,6,BMW R SERIES,9,E01029065,0,-1
2021430327452,2021,430327452,2,5,0,18,19,1,5,0,0,4,0,0,0,0,4,1,6,6,1,35,6,1170,1,17,BMW R SERIES,3,E01016804,0,-1
2021122101044,2021,122101044,1,5,0,18,19,1,5,0,0,1,0,0,0,0,1,1,6,6,1,31,6,1170,1,7,BMW R SERIES,5,E01011275,0,-1
2021010303760,2021,010303760,2,5,0,18,19,7,3,0,0,1,1,0,0,0,1,1,2,2,1,52,8,1130,1,18,BMW R SERIES,2,E01004404,0,-1
2021221063429,2021,221063429,1,5,0,4,4,4,8,0,0,0,0,0,0,0,2,1,5,6,2,59,9,1170,1,1,BMW R SERIES,4,E01014033,0,-1
2021471059907,2021,471059907,1,5,0,18,19,8,4,0,0,0,0,0,0,0,1,1,5,6,1,58,9,1254,1,1,BMW R SERIES,5,E01021101,0,-1
2021010316267,2021,010316267,2,5,0,15,15,5,1,0,0,1,0,0,0,0,3,1,6,6,1,59,9,1254,1,1,BMW R SERIES,-1,-1,0,-1
2021010313308,2021,010313308,1,5,0,13,13,8,4,0,0,5,0,0,0,0,1,1,6,6,1,52,8,1170,1,4,BMW R SERIES,4,E01000980,0,-1
2021302101487,2021,302101487,2,5,0,14,14,2,6,0,0,0,0,0,0,0,1,1,6,6,2,52,8,1170,1,3,BMW R SERIES,5,E01019442,0,-1
2021461099531,2021,461099531,2,4,0,18,19,3,7,0,0,0,0,0,0,0,1,1,2,2,1,41,7,1254,1,2,BMW R SERIES,4,E01024620,0,-1
2021031080279,2021,031080279,2,5,0,15,15,6,2,0,0,1,0,0,0,0,1,1,5,6,1,66,10,1170,1,3,BMW R SERIES,9,E01012226,0,-1
2021471094111,2021,471094111,2,5,0,18,19,4,8,0,0,0,0,0,0,0,4,1,1,1,1,46,8,1170,1,5,BMW R SERIES,6,E01021034,0,-1
2021361024562,2021,361024562,2,5,0,18,19,3,3,0,0,8,0,0,0,0,1,1,5,6,1,71,10,850,1,25,BMW R SERIES,5,E01026538,0,-1
2021122101097,2021,122101097,1,5,0,17,19,8,2,0,0,0,1,0,0,0,0,1,2,2,1,48,8,1170,1,3,BMW R SERIES,5,E01025193,0,-1
2021122100268,2021,122100268,1,5,0,17,19,1,5,0,0,0,1,0,1,11,1,1,6,6,1,66,10,1170,1,2,BMW R SERIES,3,E01005480,0,-1
2021201089903,2021,201089903,2,5,0,18,19,7,3,0,0,1,0,0,0,0,0,1,1,1,1,-1,-1,1170,1,4,BMW R SERIES,5,E01009234,0,-1
2021131087646,2021,131087646,1,5,0,9,9,6,2,0,0,8,0,0,0,0,1,1,2,2,1,39,7,1170,1,0,BMW R SERIES,3,E01011547,0,-1
2021471032882,2021,471032882,2,5,0,18,19,5,1,0,0,0,0,0,0,0,1,1,2,2,1,24,5,1254,1,3,BMW R SERIES,6,E01031676,0,-1
2021231084087,2021,231084087,1,5,0,18,19,4,8,0,0,0,1,10,2,0,3,1,2,2,1,45,7,1254,1,1,BMW R SERIES,10,E01025665,0,-1
2021421095432,2021,421095432,2,5,0,3,3,2,6,0,0,0,5,0,0,0,2,1,5,6,1,67,10,1170,1,5,BMW R SERIES,5,E01021901,0,-1
2021548138621,2021,548138621,2,5,0,18,19,5,1,0,0,1,0,0,0,0,1,1,6,6,1,40,7,1170,1,16,BMW R SERIES,9,E01023241,0,-1
2021421082698,2021,421082698,1,5,0,18,19,8,4,0,0,0,0,0,0,0,1,1,2,2,1,57,9,1170,1,5,BMW R SERIES,8,E01021528,0,-1
2021371021646,2021,371021646,1,5,0,18,19,1,5,0,0,0,5,0,0,0,3,1,5,6,1,59,9,1170,1,13,BMW R SERIES,7,E01029875,0,-1
2021161075576,2021,161075576,1,5,0,8,8,2,6,0,0,1,0,0,0,0,2,1,5,6,1,57,9,1170,1,6,BMW R SERIES,7,E01013069,0,-1
2021440225637,2021,440225637,2,4,0,18,19,2,6,0,0,1,0,0,1,1,4,1,6,6,1,58,9,1254,1,1,BMW R SERIES,7,E01016493,0,-1
2021211051658,2021,211051658,2,5,0,13,13,5,1,0,0,0,0,0,0,0,4,1,5,6,1,53,8,1170,1,4,BMW R SERIES,3,E01008028,0,-1
2021010315299,2021,010315299,1,5,0,18,19,3,7,0,0,1,2,0,0,0,1,1,1,1,1,-1,-1,1170,1,3,BMW R SERIES,-1,-1,0,-1
2021991055720,2021,991055720,1,5,0,15,15,3,7,0,0,0,5,0,1,0,1,1,5,6,1,65,9,1170,1,9,BMW R SERIES,2,-1,0,-1
2021471053597,2021,471053597,3,5,0,18,19,2,6,0,0,2,0,0,0,0,1,1,5,6,1,46,8,1254,1,1,BMW R SERIES,8,E01021134,0,-1
2021991057352,2021,991057352,1,5,0,13,13,7,3,0,0,8,0,0,0,0,1,1,1,1,1,51,8,1170,1,11,BMW R SERIES,10,-1,0,-1
2021991105339,2021,991105339,1,5,0,17,19,8,4,0,0,0,0,11,0,0,4,1,1,1,1,50,8,1170,1,3,BMW R SERIES,8,-1,0,-1
202131B120221,2021,31B120221,2,5,0,18,19,5,1,0,0,8,1,0,6,0,1,1,2,2,1,51,8,1170,1,3,BMW R SERIES,8,E01028375,0,-1
2021440270299,2021,440270299,1,5,0,12,12,7,1,0,0,3,0,0,0,0,3,1,2,2,1,63,9,1170,1,12,BMW R SERIES,7,E01020403,0,-1
2021070331111,2021,070331111,2,5,0,13,13,5,1,9,9,1,1,0,1,1,1,1,6,6,1,-1,-1,1130,1,21,BMW R SERIES,7,E01029545,0,-1
2021031063167,2021,031063167,1,5,0,18,19,5,1,0,0,0,5,0,1,9,4,1,5,6,1,54,8,1254,1,1,BMW R SERIES,9,E01028419,0,-1
202131D035421,2021,31D035421,1,5,0,4,4,4,8,0,0,0,1,0,0,0,1,1,6,6,1,58,9,1170,1,6,BMW R SERIES,10,E01028415,0,-1
2021221093388,2021,221093388,2,5,0,9,9,2,8,0,0,4,0,0,0,0,4,1,5,6,1,40,7,1254,1,0,BMW R SERIES,7,E01032399,0,-1
2021421078197,2021,421078197,1,2,0,18,19,8,4,0,0,0,0,10,1,6,1,1,5,6,1,68,10,980,1,34,BMW R SERIES,2,E01021667,0,-1
2021991069838,2021,991069838,3,5,0,18,19,4,8,0,0,0,2,0,0,0,2,1,5,6,1,59,9,1254,1,1,BMW R SERIES,4,E01024681,0,-1
2021552100364,2021,552100364,3,5,0,17,19,4,8,0,0,8,0,0,0,0,1,1,1,1,1,67,10,1170,1,4,BMW R SERIES,7,E01015413,0,-1
2021010334122,2021,010334122,1,5,0,99,99,9,9,99,99,9,9,99,9,99,9,1,2,2,1,55,8,1170,1,3,BMW R SERIES,6,E01017733,0,-1
202163D071221,2021,63D071221,1,5,0,17,19,5,2,0,0,0,0,0,2,7,4,1,6,6,1,56,9,1254,1,1,BMW R SERIES,10,E01031736,0,-1
2021131100985,2021,131100985,1,5,0,18,19,5,1,0,0,0,2,0,0,0,1,1,1,1,1,44,7,1130,1,19,BMW R SERIES,1,E01010711,0,-1
2021451066682,2021,451066682,2,5,0,18,19,7,3,0,0,0,0,0,0,0,1,1,6,6,1,39,7,1170,1,1,BMW R SERIES,10,E01030480,0,-1
2021461064557,2021,461064557,1,4,0,7,7,3,7,0,0,1,0,0,0,0,4,1,6,6,1,68,10,1170,1,9,BMW R SERIES,8,E01024237,0,-1
2021320596489,2021,320596489,1,5,0,13,13,4,8,0,0,1,5,4,0,0,4,1,6,6,1,61,9,1170,1,3,BMW R SERIES,-1,-1,0,-1
2021440221827,2021,440221827,1,4,0,17,19,3,8,0,0,1,1,10,1,0,1,1,6,6,1,30,6,1170,1,12,BMW R SERIES,10,E01022581,0,-1
202163B036721,2021,63B036721,1,2,0,16,19,8,3,0,0,0,1,0,0,0,0,1,6,6,2,55,8,1130,1,17,BMW R SERIES,-1,-1,0,-1
2021991086079,2021,991086079,1,5,0,17,19,8,4,0,0,0,1,0,0,0,4,1,5,6,1,58,9,1170,1,15,BMW R SERIES,7,-1,0,-1
2021991092169,2021,991092169,1,5,0,17,19,6,2,0,0,0,5,0,1,0,1,1,5,6,1,68,10,1170,1,4,BMW R SERIES,10,E01021078,0,-1
2021501092963,2021,501092963,1,5,0,16,19,1,5,0,0,0,1,0,0,0,1,1,1,1,1,54,8,1254,1,2,BMW R SERIES,5,-1,0,-1
2021991066567,2021,991066567,1,5,0,16,19,3,6,0,0,2,2,0,7,10,1,1,5,6,1,56,9,1130,1,19,BMW R SERIES,6,-1,0,-1
2021430398930,2021,430398930,1,5,0,18,19,3,7,0,0,0,0,12,0,0,1,1,6,6,1,45,7,1254,1,2,BMW R SERIES,-1,-1,0,-1
2021221039620,2021,221039620,2,5,0,18,19,7,3,0,0,8,0,10,1,0,3,1,5,6,1,57,9,1254,1,2,BMW R SERIES,3,W01001909,0,-1
2021122100953,2021,122100953,2,5,0,4,4,3,7,0,0,1,0,0,0,0,2,1,6,6,1,55,8,1170,1,5,BMW R SERIES,1,E01012894,0,-1
2021201071591,2021,201071591,2,4,0,4,4,4,1,0,0,2,0,0,0,0,0,1,1,1,1,-1,-1,1170,1,3,BMW R SERIES,5,E01009234,0,-1
2021061084493,2021,061084493,1,5,0,18,19,3,7,0,0,0,2,0,0,0,1,1,5,6,1,58,9,1254,1,3,BMW R SERIES,9,E01028264,0,-1
2021010325249,2021,010325249,2,5,0,18,19,5,1,0,0,1,0,4,0,0,1,1,1,1,1,28,6,1170,1,7,BMW R SERIES,10,E01030419,0,-1
2021010298459,2021,010298459,1,5,0,5,5,1,5,0,0,8,0,0,0,0,1,1,2,2,1,50,8,1170,1,10,BMW R SERIES,7,E01000986,0,-1
2021471043341,2021,471043341,2,5,0,13,13,2,6,0,0,0,0,0,8,0,4,1,5,6,1,29,6,1170,1,6,BMW R SERIES,6,E01032114,0,-1
2021201090018,2021,201090018,2,5,0,3,3,6,2,0,0,2,5,0,0,0,4,1,1,1,1,-1,-1,1170,1,4,BMW R SERIES,-1,-1,0,-1
2021010291733,2021,010291733,1,5,0,18,19,1,5,0,0,8,0,10,1,10,3,1,6,6,1,39,7,1170,1,15,BMW R SERIES,7,E01031447,0,-1
2021471075534,2021,471075534,1,5,0,18,19,4,8,0,0,1,0,0,0,0,1,1,5,6,1,65,9,1170,1,10,BMW R SERIES,6,E01021110,0,-1
2021231082875,2021,231082875,1,5,0,18,19,5,1,0,0,1,0,0,0,0,1,1,5,6,1,53,8,850,1,23,BMW R SERIES,5,E01031050,0,-1
2021361033974,2021,361033974,1,5,0,18,19,7,3,0,0,2,2,0,0,0,4,1,5,6,1,53,8,1170,1,10,BMW R SERIES,3,E01026784,0,-1