collision_index,collision_year,collision_ref_no,vehicle_reference,vehicle_type,towing_and_articulation,vehicle_manoeuvre_historic,vehicle_manoeuvre,vehicle_direction_from,vehicle_direction_to,vehicle_location_restricted_lane_historic,vehicle_location_restricted_lane,junction_location,skidding_and_overturning,hit_object_in_carriageway,vehicle_leaving_carriageway,hit_object_off_carriageway,first_point_of_impact,vehicle_left_hand_drive,journey_purpose_of_driver_historic,journey_purpose_of_driver,sex_of_driver,age_of_driver,age_band_of_driver,engine_capacity_cc,propulsion_code,age_of_vehicle,generic_make_model,driver_imd_decile,lsoa_of_driver,escooter_flag,driver_distance_banding
2021371063731,2021,371063731,2,9,0,7,7,8,3,0,0,0,0,0,0,0,2,1,1,1,1,61,9,1560,2,6,FORD MONDEO,9,E01030216,0,-1
2021161067222,2021,161067222,1,9,0,9,9,2,6,0,0,4,0,9,0,0,1,1,5,6,1,49,8,1753,2,12,FORD MONDEO,8,E01013013,0,-1
2021131105631,2021,131105631,1,9,0,18,19,5,1,0,0,6,0,0,0,0,4,1,6,6,1,26,6,1998,2,16,FORD MONDEO,1,E01011336,0,-1
2021052102783,2021,052102783,1,9,0,18,19,7,3,0,0,8,0,0,0,0,1,1,2,2,1,39,7,1997,2,12,FORD MONDEO,1,E01007204,0,-1
2021141017020,2021,141017020,2,9,0,18,19,7,3,0,0,0,0,0,0,0,1,1,1,1,1,20,4,1798,1,16,FORD MONDEO,1,E01007573,0,-1
2021401134105,2021,401134105,2,9,0,18,19,7,3,0,0,1,0,0,0,0,0,1,1,1,3,32,6,1995,2,1,FORD MONDEO,-1,-1,0,-1
2021141018552,2021,141018552,1,9,0,4,4,1,5,0,0,0,0,0,0,0,2,1,5,6,1,28,6,2198,2,14,FORD MONDEO,2,E01007783,0,-1
2021031101161,2021,031101161,1,9,0,16,19,5,1,0,0,8,0,0,8,0,1,1,6,6,1,81,11,1997,2,13,FORD MONDEO,6,E01019320,0,-1
2021010343645,2021,010343645,1,9,0,99,99,9,9,99,99,0,9,99,9,99,2,9,2,2,1,27,6,1999,1,13,FORD MONDEO,7,E01004162,0,-1
2021061045143,2021,061045143,1,9,0,18,19,6,2,0,0,1,0,0,0,0,1,1,1,1,1,24,5,1498,1,2,FORD MONDEO,-1,-1,0,-1
2021411104716,2021,411104716,1,8,0,1,1,1,5,0,0,0,0,0,0,0,2,1,6,6,1,-1,-1,1753,2,13,FORD MONDEO,-1,-1,0,-1
2021302100157,2021,302100157,3,9,0,2,2,0,0,0,0,0,0,0,0,0,0,1,6,6,2,29,6,1997,2,13,FORD MONDEO,7,E01019814,0,-1
2021052100631,2021,052100631,1,9,0,9,9,7,5,0,0,2,0,0,0,0,3,1,6,6,3,-1,-1,1997,2,12,FORD MONDEO,-1,-1,0,-1
2021461064536,2021,461064536,2,9,0,18,19,7,3,0,0,1,0,0,0,0,1,1,6,6,2,48,8,1997,2,6,FORD MONDEO,8,E01024362,0,-1
2021061099177,2021,061099177,2,9,0,18,19,3,7,0,0,0,0,0,0,0,2,1,5,6,1,51,8,1997,2,12,FORD MONDEO,1,E01004823,0,-1
2021361077188,2021,361077188,2,9,0,4,4,7,3,0,0,0,0,0,0,0,2,1,5,6,1,68,10,1999,1,12,FORD MONDEO,3,E01026488,0,-1
2021052100687,2021,052100687,1,9,0,5,5,5,2,0,0,6,0,0,0,0,1,1,1,1,3,-1,-1,1560,2,7,FORD MONDEO,-1,-1,0,-1
2021101054577,2021,101054577,4,8,0,18,19,3,7,0,0,0,0,0,0,0,1,1,1,1,1,52,8,1997,2,7,FORD MONDEO,2,E01008813,0,-1
2021471118513,2021,471118513,2,9,0,18,19,3,7,0,0,8,0,0,0,0,1,1,5,6,2,48,8,1798,1,16,FORD MONDEO,5,E01031731,0,-1
2021501045165,2021,501045165,1,9,0,18,19,1,5,0,0,4,0,0,0,0,1,1,5,6,1,42,7,2198,2,14,FORD MONDEO,9,E01019965,0,-1
2021302100960,2021,302100960,3,9,0,10,10,8,6,0,0,8,0,0,0,0,3,1,6,6,1,47,8,1997,2,5,FORD MONDEO,9,E01019790,0,-1
2021361092032,2021,361092032,1,9,0,9,9,3,1,0,0,1,0,0,0,0,4,1,6,6,1,48,8,1997,2,10,FORD MONDEO,8,E01026558,0,-1
2021549400821,2021,549400821,3,9,0,18,19,7,3,0,0,0,0,0,0,0,1,1,1,1,1,-1,-1,1997,2,5,FORD MONDEO,-1,-1,0,-1
2021440371490,2021,440371490,1,9,0,18,19,8,4,0,0,1,0,0,1,0,1,1,6,6,1,28,6,1997,2,13,FORD MONDEO,3,E01017191,0,-1
2021471064364,2021,471064364,1,9,0,18,19,1,6,0,0,8,1,0,0,0,1,1,1,1,1,34,6,1997,2,6,FORD MONDEO,6,E01031468,0,-1
2021101080462,2021,101080462,2,9,0,4,4,1,5,0,0,0,0,0,0,0,2,1,5,6,2,44,7,1560,2,10,FORD MONDEO,8,E01020779,0,-1
2021361065568,2021,361065568,1,9,0,18,19,3,7,0,0,0,0,0,0,0,1,1,5,6,2,44,7,1997,2,8,FORD MONDEO,2,E01026829,0,-1
2021070430498,2021,070430498,1,9,0,5,5,3,7,0,0,6,0,0,0,0,1,1,1,1,1,50,8,1560,2,10,FORD MONDEO,-1,-1,0,-1
2021351138889,2021,351138889,1,9,0,5,5,1,3,0,0,4,0,0,0,0,3,1,5,6,2,60,9,1997,2,12,FORD MONDEO,8,E01015690,0,-1
2021440470149,2021,440470149,2,9,0,6,6,1,1,0,0,8,0,0,0,0,1,1,2,2,1,30,6,1997,2,14,FORD MONDEO,6,E01023065,0,-1
2021010352102,2021,010352102,3,9,9,99,99,9,9,99,99,9,9,99,9,99,9,9,6,6,3,-1,-1,1498,1,3,FORD MONDEO,-1,-1,0,-1
2021471031622,2021,471031622,3,19,0,18,19,7,3,0,0,0,0,0,0,0,2,1,2,2,1,27,6,1753,2,15,FORD MONDEO,7,E01016976,0,-1
2021061048753,2021,061048753,5,9,0,18,19,7,3,0,0,1,0,0,0,0,0,1,1,1,3,30,6,1498,1,2,FORD MONDEO,-1,-1,0,-1
2021421095550,2021,421095550,1,9,0,1,1,5,1,0,0,1,0,0,0,0,2,1,6,6,1,48,8,2261,1,11,FORD MONDEO,8,E01004690,0,-1
2021522103692,2021,522103692,1,9,0,18,19,5,1,0,0,0,0,0,0,0,4,1,6,6,1,51,8,1997,2,6,FORD MONDEO,9,E01014738,0,-1
2021041079259,2021,041079259,2,9,0,18,19,7,3,0,0,2,0,0,0,0,3,1,5,6,1,30,6,1753,2,12,FORD MONDEO,9,E01025240,0,-1
2021070611030,2021,070611030,1,9,4,15,15,1,6,0,0,0,0,0,0,0,4,1,1,1,1,65,9,1999,1,14,FORD MONDEO,1,E01005180,0,-1
2021302100022,2021,302100022,1,9,0,18,19,8,6,0,0,1,1,0,1,0,1,1,6,6,1,29,6,1997,2,13,FORD MONDEO,4,E01019433,0,-1
2021542501621,2021,542501621,2,9,0,3,3,4,8,0,0,0,0,0,0,0,1,1,2,2,1,40,7,1997,2,9,FORD MONDEO,3,E01031956,0,-1
2021361114203,2021,361114203,1,9,0,18,19,6,2,0,0,8,0,0,0,0,1,1,5,6,1,74,10,1798,1,15,FORD MONDEO,4,E01026787,0,-1
2021302100557,2021,302100557,2,9,0,18,19,2,6,0,0,0,0,0,0,0,3,1,6,6,2,30,6,1999,1,17,FORD MONDEO,10,E01013576,0,-1
202106K080059,2021,06K080059,1,9,0,18,19,7,3,0,0,6,0,0,0,0,1,1,2,2,1,69,10,1997,2,12,FORD MONDEO,1,E01004823,0,-1
2021201044458,2021,201044458,1,9,0,16,19,4,7,0,0,0,0,10,7,0,1,1,6,6,1,26,6,1999,1,17,FORD MONDEO,6,E01009878,0,-1
202134NNC3041,2021,34NNC3041,1,9,0,18,19,8,4,0,0,0,0,0,0,0,3,1,6,6,1,27,6,1997,2,13,FORD MONDEO,7,E01027354,0,-1
2021010303050,2021,010303050,2,9,0,9,9,4,2,0,0,5,0,0,0,0,2,1,6,6,1,38,7,1997,2,8,FORD MONDEO,2,E01001700,0,-1
2021101016882,2021,101016882,1,8,0,5,5,1,5,0,0,0,0,0,0,0,0,1,1,1,1,49,8,1997,2,8,FORD MONDEO,3,E01008595,0,-1
2021451096556,2021,451096556,1,9,0,18,19,5,1,0,0,0,5,0,1,10,4,1,6,6,2,30,6,1998,2,17,FORD MONDEO,9,E01030918,0,-1
2021161066976,2021,161066976,1,9,0,18,19,4,8,0,0,1,0,0,0,0,1,1,6,6,1,19,4,2198,2,14,FORD MONDEO,4,E01026060,0,-1
2021421028112,2021,421028112,1,9,0,1,1,1,5,9,9,0,0,0,0,0,2,1,6,6,2,37,7,2198,2,15,FORD MONDEO,2,E01021969,0,-1
2021520104587,2021,520104587,2,9,0,18,19,5,1,0,0,0,0,0,0,0,1,1,6,6,3,-1,-1,1998,2,16,FORD MONDEO,-1,-1,0,-1
2021161017834,2021,161017834,3,9,0,18,19,5,1,0,0,0,0,0,0,0,3,1,5,6,1,40,7,1560,2,7,FORD MONDEO,1,E01012790,0,-1
2021201029192,2021,201029192,1,9,0,5,5,8,4,0,0,0,0,0,0,0,2,1,1,1,1,33,6,1560,2,8,FORD MONDEO,1,E01010292,0,-1
2021161068977,2021,161068977,2,9,0,18,19,4,8,0,0,0,0,0,0,0,1,1,6,6,1,30,6,1997,2,13,FORD MONDEO,1,E01012840,0,-1
2021411118689,2021,411118689,1,9,0,18,19,2,6,0,0,0,0,0,0,0,4,1,3,7,1,31,6,1753,2,11,FORD MONDEO,4,E01023757,0,-1
2021471076849,2021,471076849,2,9,0,17,19,4,2,0,0,1,0,0,0,0,1,1,2,2,1,50,8,1988,1,25,FORD MONDEO,9,E01031733,0,-1
2021141063352,2021,141063352,2,9,0,9,9,7,4,0,0,6,0,0,0,0,3,1,5,6,1,26,6,2179,2,12,FORD MONDEO,1,E01007341,0,-1
2021991121184,2021,991121184,1,9,0,18,19,7,3,0,0,0,0,0,0,0,1,1,5,6,1,38,7,1753,2,11,FORD MONDEO,6,-1,0,-1
2021471077740,2021,471077740,1,9,0,16,19,1,5,0,0,0,0,0,0,0,0,1,6,6,3,44,7,1560,2,7,FORD MONDEO,9,E01021175,0,-1
2021101012707,2021,101012707,1,9,0,7,7,6,2,0,0,1,1,0,0,0,1,1,6,6,3,26,6,1997,2,6,FORD MONDEO,-1,-1,0,-1
2021991053367,2021,991053367,3,9,0,18,19,6,1,0,0,1,0,0,0,0,3,1,5,6,2,44,7,1997,2,7,FORD MONDEO,9,-1,0,-1
2021041101443,2021,041101443,2,9,0,9,9,1,5,0,0,0,0,0,0,0,2,1,2,2,1,52,8,1997,2,9,FORD MONDEO,3,E01012750,0,-1
2021010297526,2021,010297526,2,9,0,99,99,9,9,99,99,9,9,99,9,99,9,9,6,6,3,-1,-1,1560,2,10,FORD MONDEO,3,E01002130,0,-1
2021522104568,2021,522104568,2,9,0,18,19,2,6,0,0,1,0,0,0,0,1,1,6,6,2,35,6,1998,2,19,FORD MONDEO,-1,-1,0,-1
2021201023299,2021,201023299,1,9,0,9,9,8,6,0,0,6,0,0,0,0,1,1,6,6,1,36,7,1560,2,9,FORD MONDEO,4,E01009276,0,-1
2021161105329,2021,161105329,2,9,0,18,19,3,7,0,0,1,0,0,0,0,1,1,6,6,1,30,6,1997,2,12,FORD MONDEO,2,E01012863,0,-1
2021201046873,2021,201046873,1,9,0,1,1,6,2,9,9,6,0,0,0,0,2,1,6,6,1,66,10,1798,1,14,FORD MONDEO,5,E01009248,0,-1
2021421124130,2021,421124130,2,9,0,18,19,5,1,0,0,2,0,0,0,0,3,1,5,6,1,60,9,1997,2,11,FORD MONDEO,3,E01021639,0,-1
2021131098611,2021,131098611,2,9,0,14,14,1,5,0,0,0,0,0,0,0,2,1,2,2,1,28,6,1997,2,12,FORD MONDEO,5,E01011178,0,-1
2021351047227,2021,351047227,1,9,0,7,7,5,1,0,0,6,0,0,0,0,1,1,5,6,2,30,6,1997,2,14,FORD MONDEO,3,E01018180,0,-1
2021111075396,2021,111075396,1,9,0,7,7,1,3,0,0,2,0,0,0,0,1,1,2,2,2,39,7,1997,2,12,FORD MONDEO,1,E01012359,0,-1
2021122100697,2021,122100697,1,9,0,9,9,8,4,0,0,5,0,0,7,0,3,1,6,6,2,27,6,1560,2,8,FORD MONDEO,7,E01027891,0,-1
2021501082363,2021,501082363,2,9,0,4,4,7,3,0,0,0,0,0,0,0,2,1,6,6,2,51,8,1997,2,12,FORD MONDEO,4,E01018773,0,-1
2021101058585,2021,101058585,1,9,0,17,19,7,3,0,0,0,1,0,1,4,1,1,5,6,1,35,6,1998,2,14,FORD MONDEO,2,E01020895,0,-1
202131B130121,2021,31B130121,3,9,0,18,19,7,3,0,0,8,0,0,0,0,1,1,6,6,1,51,8,2179,2,12,FORD MONDEO,4,E01019800,0,-1
2021010338170,2021,010338170,2,9,0,99,99,9,9,99,99,9,9,99,9,99,1,9,6,6,1,46,8,-1,3,6,FORD MONDEO,7,E01003839,0,-1
2021461030865,2021,461030865,3,9,0,18,19,7,3,0,0,3,0,0,0,0,3,1,6,6,1,-1,-1,1997,2,7,FORD MONDEO,10,E01000458,0,-1
2021351028599,2021,351028599,1,9,0,16,19,6,2,0,0,0,0,12,7,0,1,1,5,6,2,28,6,1997,2,14,FORD MONDEO,8,E01015650,0,-1
2021302101657,2021,302101657,1,9,0,9,9,2,7,0,0,5,0,0,0,0,4,1,2,2,1,54,8,1997,2,5,FORD MONDEO,1,E01019575,0,-1
2021041128692,2021,041128692,1,9,0,10,10,3,7,0,0,2,0,0,0,0,3,1,5,6,1,27,6,1997,2,1,FORD MONDEO,8,E01024913,0,-1
2021010330301,2021,010330301,2,9,0,18,19,3,7,0,0,8,0,0,0,0,1,1,6,6,1,30,6,1997,2,13,FORD MONDEO,4,E01003441,0,-1
2021351064161,2021,351064161,1,9,0,7,7,2,4,0,0,8,0,0,7,0,1,1,1,1,1,39,7,1596,1,13,FORD MONDEO,2,E01018078,0,-1
2021361113598,2021,361113598,4,9,0,18,19,6,2,0,0,0,0,0,1,0,1,1,2,2,2,46,8,1798,1,16,FORD MONDEO,6,E01026722,0,-1
2021070215991,2021,070215991,1,9,0,7,7,1,3,0,0,1,0,0,0,0,1,1,1,1,2,62,9,1753,2,14,FORD MONDEO,-1,-1,0,-1
202163A077221,2021,63A077221,2,9,0,4,4,2,6,0,0,0,0,0,0,0,2,1,6,6,2,47,8,1753,2,12,FORD MONDEO,5,W01000551,0,-1
2021302101073,2021,302101073,1,9,0,4,4,6,2,0,0,2,0,0,0,0,1,1,6,6,2,21,5,1998,2,14,FORD MONDEO,10,E01013461,0,-1
2021302100365,2021,302100365,1,9,0,9,9,4,2,0,0,2,0,0,0,0,1,1,6,6,3,-1,-1,1499,2,5,FORD MONDEO,5,E01019456,0,-1
2021161099488,2021,161099488,1,9,0,18,19,7,3,0,0,6,0,10,7,10,3,1,6,6,1,57,9,1560,2,10,FORD MONDEO,1,E01012788,0,-1
202131C142021,2021,31C142021,4,9,0,18,19,8,4,0,0,0,0,0,0,0,2,1,1,1,1,32,6,1997,2,13,FORD MONDEO,3,E01026325,0,-1
2021101109831,2021,101109831,1,9,0,18,19,1,5,0,0,8,0,0,0,0,1,1,1,1,1,50,8,1499,2,4,FORD MONDEO,-1,-1,0,-1
2021010335483,2021,010335483,2,9,0,18,19,3,7,9,9,1,0,0,0,0,0,1,1,1,1,49,8,1995,2,0,FORD MONDEO,4,E01002641,0,-1
2021461073916,2021,461073916,2,9,0,9,9,1,5,0,0,0,0,0,0,0,3,1,5,6,1,72,10,1997,2,9,FORD MONDEO,7,E01024073,0,-1
2021131121521,2021,131121521,1,9,0,9,9,7,3,0,0,1,0,0,0,0,0,1,1,1,1,48,8,1995,2,1,FORD MONDEO,2,E01011370,0,-1
2021401019076,2021,401019076,3,9,-1,-1,-1,-1,-1,-1,-1,0,-1,-1,-1,0,-1,1,5,6,3,-1,-1,1997,2,12,FORD MONDEO,-1,-1,0,-1
2021421063982,2021,421063982,1,9,0,10,10,7,5,0,0,6,0,0,0,0,4,1,5,6,1,27,6,1999,1,19,FORD MONDEO,5,E01021297,0,-1
2021430061305,2021,430061305,3,9,0,2,2,0,0,0,0,0,0,0,0,0,2,1,6,6,3,-1,-1,1796,1,22,FORD MONDEO,-1,-1,0,-1
2021430446322,2021,430446322,2,9,0,18,19,6,2,0,0,0,0,0,0,0,1,1,6,6,1,-1,-1,1997,2,12,FORD MONDEO,-1,-1,0,-1
2021010315008,2021,010315008,1,9,0,4,4,5,1,0,0,1,0,0,0,0,0,1,1,1,1,41,7,1498,1,3,FORD MONDEO,3,E01003221,0,-1
2021010308698,2021,010308698,1,9,0,9,9,2,8,0,0,2,1,10,0,0,1,1,6,6,2,24,5,1999,1,13,FORD MONDEO,5,E01003701,0,-1
2021061093337,2021,061093337,2,9,0,4,4,1,1,0,0,2,0,0,0,0,1,1,6,6,1,59,9,1999,1,17,FORD MONDEO,1,E01005187,0,-1
2021201118655,2021,201118655,1,9,0,18,19,3,7,0,0,8,0,0,0,0,2,1,6,6,1,38,7,1997,2,5,FORD MONDEO,4,E01009818,0,-1
2021302100224,2021,302100224,2,9,0,16,19,1,6,0,0,0,1,0,0,0,3,1,6,6,1,45,7,1997,2,11,FORD MONDEO,-1,-1,0,-1
2021101109775,2021,101109775,2,9,0,9,9,1,7,0,0,8,0,0,0,0,1,1,5,6,1,75,10,1997,2,3,FORD MONDEO,-1,-1,0,-1
2021201040785,2021,201040785,1,9,0,5,5,4,8,0,0,0,0,4,0,0,1,1,6,6,3,30,6,1997,2,8,FORD MONDEO,-1,-1,0,-1
2021010349382,2021,010349382,1,9,0,4,4,4,8,0,0,2,0,0,0,0,1,1,6,6,1,60,9,1997,2,14,FORD MONDEO,3,E01024892,0,-1
2021201033366,2021,201033366,1,9,0,18,19,6,2,0,0,8,0,0,0,0,3,1,6,6,1,78,11,1999,1,13,FORD MONDEO,2,E01010048,0,-1
2021471089188,2021,471089188,1,9,0,4,4,2,6,0,0,0,0,0,0,0,4,1,5,6,1,62,9,1997,2,2,FORD MONDEO,4,E01002247,0,-1
2021351083557,2021,351083557,1,9,0,18,19,7,3,0,0,3,0,10,1,9,1,1,6,6,1,26,6,1998,2,17,FORD MONDEO,5,E01018069,0,-1
2021221115748,2021,221115748,1,9,0,5,5,3,2,9,9,6,0,0,0,0,1,1,2,2,1,63,9,1560,2,10,FORD MONDEO,2,E01013993,0,-1
2021501015832,2021,501015832,2,9,0,18,19,5,1,0,0,8,0,0,0,0,4,1,6,6,1,23,5,1997,2,10,FORD MONDEO,5,E01015135,0,-1
2021302101809,2021,302101809,1,9,0,18,19,3,7,0,0,0,0,0,0,0,2,1,6,6,2,54,8,1997,2,6,FORD MONDEO,9,E01029479,0,-1
2021421114489,2021,421114489,2,9,0,18,19,7,3,0,0,2,0,0,0,0,2,1,3,7,2,48,8,2521,1,14,FORD MONDEO,1,E01022027,0,-1
2021010301824,2021,010301824,3,9,0,18,19,1,5,0,0,0,0,0,0,0,0,1,1,1,1,36,7,1997,2,7,FORD MONDEO,10,E01017631,0,-1
2021061048753,2021,061048753,3,9,0,18,19,7,3,0,0,1,0,0,0,0,0,1,1,1,3,30,6,1995,2,1,FORD MONDEO,-1,-1,0,-1
2021430228994,2021,430228994,3,9,0,18,19,3,7,0,0,2,0,0,0,0,2,1,6,6,1,50,8,1995,2,1,FORD MONDEO,-1,-1,0,-1
2021010315412,2021,010315412,2,9,9,99,99,9,9,99,99,4,9,99,9,99,9,9,6,6,3,-1,-1,1999,1,13,FORD MONDEO,-1,-1,0,-1
2021421069690,2021,421069690,3,9,0,2,2,1,1,9,9,0,0,0,0,0,4,1,6,6,3,-1,-1,1997,2,13,FORD MONDEO,-1,-1,0,-1
20211383J1034,2021,1383J1034,1,9,0,18,19,5,1,0,0,0,0,0,0,0,1,1,4,7,2,34,6,1998,2,14,FORD MONDEO,9,E01011353,0,-1
2021201049751,2021,201049751,2,9,0,18,19,8,4,0,0,1,0,10,0,0,2,1,2,2,1,36,7,1998,2,16,FORD MONDEO,9,E01032231,0,-1
2021131093590,2021,131093590,1,9,0,18,19,1,1,0,0,1,0,4,0,0,4,1,5,6,1,95,11,1798,1,18,FORD MONDEO,8,E01010997,0,-1
2021361043477,2021,361043477,1,9,0,7,7,2,5,0,0,0,1,0,0,0,4,1,5,6,1,70,10,1999,1,6,FORD MONDEO,5,E01026491,0,-1
2021052102039,2021,052102039,1,8,0,7,7,5,7,0,0,6,0,0,0,0,1,1,1,1,1,58,9,1997,2,12,FORD MONDEO,1,E01006548,0,-1
2021201102207,2021,201102207,1,9,0,4,4,2,6,0,0,1,1,0,0,0,1,1,6,6,1,-1,-1,1997,2,11,FORD MONDEO,-1,-1,0,-1
2021201113080,2021,201113080,1,9,0,18,19,1,5,0,0,0,0,0,0,0,3,1,6,6,1,30,6,1753,2,13,FORD MONDEO,1,E01009408,0,-1
202131D195521,2021,31D195521,1,9,0,6,6,5,5,0,0,0,0,0,0,0,3,1,6,6,1,63,9,1997,2,8,FORD MONDEO,6,E01027994,0,-1
2021070460675,2021,070460675,1,9,0,18,19,7,3,0,0,0,0,0,0,0,2,1,6,6,1,50,8,1999,1,13,FORD MONDEO,8,E01006384,0,-1
2021501023487,2021,501023487,2,9,0,2,2,0,0,0,0,0,0,0,0,0,2,1,5,6,1,42,7,1999,1,15,FORD MONDEO,6,E01018752,0,-1
2021471056554,2021,471056554,6,9,0,17,19,5,2,0,0,0,0,0,0,0,1,1,5,6,2,38,7,1997,2,13,FORD MONDEO,9,E01031711,0,-1
2021461077771,2021,461077771,1,9,0,18,19,-1,-1,0,0,0,0,0,0,0,-1,1,6,6,2,74,10,2261,1,12,FORD MONDEO,8,E01024089,0,-1
2021440059892,2021,440059892,1,9,0,5,5,5,8,0,0,4,0,0,0,0,1,1,6,6,1,33,6,1997,2,12,FORD MONDEO,3,E01022487,0,-1
2021991021162,2021,991021162,1,9,0,18,19,2,6,0,0,0,1,0,0,0,1,1,1,1,1,50,8,1997,2,5,FORD MONDEO,2,E01008919,0,-1
2021302102108,2021,302102108,1,9,0,5,5,8,4,0,0,1,0,0,0,0,2,1,6,6,1,30,6,1753,2,14,FORD MONDEO,3,E01019484,0,-1
202134NNC1841,2021,34NNC1841,4,9,0,18,19,3,7,0,0,0,0,0,0,0,2,1,2,2,1,54,8,1997,2,12,FORD MONDEO,1,E01027083,0,-1
2021421042340,2021,421042340,1,9,0,18,19,5,1,0,0,0,5,0,1,0,1,1,2,2,1,28,6,1998,2,15,FORD MONDEO,7,E01021627,0,-1
2021010295683,2021,010295683,2,9,0,5,5,3,7,0,0,8,0,0,0,0,0,1,2,2,1,48,8,1999,1,6,FORD MONDEO,-1,-1,0,-1
2021421048616,2021,421048616,1,9,0,18,19,5,1,0,0,0,0,0,0,0,1,1,6,6,1,48,8,1997,2,6,FORD MONDEO,-1,-1,0,-1
2021320149986,2021,320149986,1,9,0,18,19,6,2,0,0,4,0,0,0,0,1,1,6,6,1,31,6,1999,1,5,FORD MONDEO,10,E01026187,0,-1
202131D161021,2021,31D161021,2,9,0,9,9,1,7,0,0,6,1,0,0,0,3,1,6,6,1,45,7,1997,2,3,FORD MONDEO,4,E01028366,0,-1
2021201080521,2021,201080521,2,9,0,2,2,0,0,0,0,0,0,0,0,0,1,1,5,6,1,-1,-1,2198,2,17,FORD MONDEO,-1,-1,0,-1
2021430463581,2021,430463581,2,9,0,4,4,4,8,0,0,0,0,0,0,0,2,1,6,6,1,63,9,1997,2,6,FORD MONDEO,7,E01016058,0,-1
2021481132774,2021,481132774,1,9,0,13,13,7,3,0,0,0,0,0,0,0,4,1,1,1,1,30,6,1997,2,5,FORD MONDEO,-1,-1,0,-1
2021421080238,2021,421080238,3,9,0,3,3,6,2,0,0,0,0,0,0,0,2,1,6,6,1,76,11,1796,1,21,FORD MONDEO,4,E01021287,0,-1
2021421105932,2021,421105932,2,9,0,3,3,2,7,0,0,1,0,0,0,0,2,1,2,2,2,31,6,1997,2,14,FORD MONDEO,4,E01021640,0,-1
2021052102784,2021,052102784,1,9,0,18,19,7,3,0,0,0,0,0,0,0,4,1,6,6,1,64,9,1997,2,10,FORD MONDEO,5,E01006781,0,-1
2021302101533,2021,302101533,5,9,0,2,2,0,0,0,0,0,0,4,0,0,2,1,6,6,3,-1,-1,1997,2,12,FORD MONDEO,-1,-1,0,-1
2021461095895,2021,461095895,2,9,0,-1,-1,-1,-1,-1,-1,0,-1,-1,-1,0,3,1,6,6,2,37,7,1997,2,8,FORD MONDEO,9,E01016103,0,-1
2021302100678,2021,302100678,1,9,0,18,19,3,7,0,0,8,0,0,0,0,4,1,6,6,1,54,8,1798,1,14,FORD MONDEO,5,E01019407,0,-1
2021411038047,2021,411038047,1,9,0,18,19,3,7,0,0,0,0,0,0,0,1,1,5,6,1,78,11,1498,1,3,FORD MONDEO,8,E01023315,0,-1
2021052100342,2021,052100342,2,9,0,18,19,1,5,0,0,1,0,11,0,0,1,1,1,1,1,50,8,1499,2,6,FORD MONDEO,1,E01006967,0,-1
2021052102349,2021,052102349,1,9,0,18,19,3,7,0,0,0,1,10,2,2,1,1,6,6,1,49,8,1976,1,11,FORD MONDEO,1,E01007209,0,-1
2021141113926,2021,141113926,4,9,0,3,3,1,2,0,0,1,0,0,0,0,1,1,5,6,1,-1,-1,1997,2,10,FORD MONDEO,8,E01007383,0,-1
2021430258732,2021,430258732,1,9,0,16,19,8,3,0,0,2,1,0,7,4,1,1,2,2,2,58,9,1997,2,14,FORD MONDEO,10,E01028755,0,-1
2021991088135,2021,991088135,1,9,0,6,6,4,4,0,0,0,0,0,0,0,1,1,5,6,1,77,11,1753,2,11,FORD MONDEO,6,-1,0,-1
2021201149687,2021,201149687,1,9,0,3,3,6,2,0,0,0,0,0,0,0,2,1,3,7,1,30,6,1997,2,8,FORD MONDEO,5,E01009712,0,-1
2021131118699,2021,131118699,1,9,0,3,3,6,2,0,0,0,0,0,0,0,1,1,6,6,2,39,7,2179,2,12,FORD MONDEO,5,E01011765,0,-1
2021010290127,2021,010290127,1,9,0,5,5,1,5,0,0,0,0,0,0,0,3,1,6,6,2,51,8,1999,1,16,FORD MONDEO,2,E01022056,0,-1
2021061132314,2021,061132314,2,9,0,18,19,5,1,0,0,8,0,0,0,0,4,1,6,6,1,48,8,1997,2,10,FORD MONDEO,6,E01006226,0,-1
2021010316736,2021,010316736,1,9,0,18,19,1,5,0,0,8,0,0,0,0,1,1,6,6,2,82,11,1999,1,12,FORD MONDEO,7,E01033143,0,-1
2021320619348,2021,320619348,1,9,0,18,19,6,2,0,0,1,0,4,0,0,1,1,6,6,1,82,11,1999,1,13,FORD MONDEO,1,E01026074,0,-1
2021501071053,2021,501071053,1,9,0,18,19,3,7,0,0,0,1,0,0,0,1,1,5,6,1,77,11,1997,2,7,FORD MONDEO,10,E01029310,0,-1
2021101089153,2021,101089153,2,9,0,18,19,3,7,0,0,4,0,0,0,0,4,1,5,6,1,31,6,1999,1,13,FORD MONDEO,2,E01008847,0,-1
2021522103085,2021,522103085,1,9,0,18,19,3,7,0,0,8,0,0,0,0,3,1,6,6,2,58,9,1560,2,9,FORD MONDEO,2,E01014685,0,-1
2021201142488,2021,201142488,1,9,0,13,13,2,6,0,0,1,0,0,0,0,1,1,6,6,1,-1,-1,1753,2,14,FORD MONDEO,-1,-1,0,-1
2021041077004,2021,041077004,2,9,0,3,3,1,5,0,0,1,0,0,0,0,2,1,5,6,1,44,7,1798,1,15,FORD MONDEO,10,E01025532,0,-1