collision_index,collision_year,collision_ref_no,vehicle_reference,vehicle_type,towing_and_articulation,vehicle_manoeuvre_historic,vehicle_manoeuvre,vehicle_direction_from,vehicle_direction_to,vehicle_location_restricted_lane_historic,vehicle_location_restricted_lane,junction_location,skidding_and_overturning,hit_object_in_carriageway,vehicle_leaving_carriageway,hit_object_off_carriageway,first_point_of_impact,vehicle_left_hand_drive,journey_purpose_of_driver_historic,journey_purpose_of_driver,sex_of_driver,age_of_driver,age_band_of_driver,engine_capacity_cc,propulsion_code,age_of_vehicle,generic_make_model,driver_imd_decile,lsoa_of_driver,escooter_flag,driver_distance_banding
2021010349309,2021,010349309,2,9,0,99,99,9,9,99,99,9,9,99,9,99,9,9,6,6,3,-1,-1,1997,2,4,FORD MONDEO,-1,-1,0,-1
2021161072569,2021,161072569,1,9,-1,-1,-1,-1,-1,-1,-1,0,-1,-1,-1,0,-1,1,2,2,2,44,7,1560,2,9,FORD MONDEO,3,E01012795,0,-1
2021471100929,2021,471100929,2,9,0,18,19,3,7,0,0,0,0,0,0,0,0,1,1,1,1,40,7,1997,2,7,FORD MONDEO,8,E01032837,0,-1
2021522201519,2021,522201519,2,9,0,18,19,4,8,0,0,1,0,0,0,0,2,1,6,6,1,39,7,1999,1,19,FORD MONDEO,7,E01014611,0,-1
2021461071047,2021,461071047,1,9,0,16,19,5,1,0,0,0,0,0,0,0,4,1,6,6,1,68,10,1798,1,17,FORD MONDEO,2,E01024277,0,-1
2021211060530,2021,211060530,1,9,0,5,5,6,2,0,0,6,0,0,0,0,4,1,6,6,2,31,6,1998,2,15,FORD MONDEO,2,E01014329,0,-1
2021052101178,2021,052101178,2,9,0,18,19,5,1,0,0,1,0,0,0,0,1,1,6,6,1,28,6,1997,2,11,FORD MONDEO,2,E01012388,0,-1
2021461097397,2021,461097397,3,9,0,2,2,0,0,0,0,2,0,0,0,0,3,1,5,6,1,-1,-1,2967,1,15,FORD MONDEO,1,E01024504,0,-1
2021421048716,2021,421048716,1,9,0,9,9,5,3,0,0,2,0,0,0,0,1,1,6,6,2,59,9,1560,2,8,FORD MONDEO,9,E01021923,0,-1
2021545174521,2021,545174521,1,9,0,9,9,1,5,0,0,1,0,0,0,0,1,1,6,6,1,85,11,1997,2,11,FORD MONDEO,9,E01029252,0,-1
2021501045042,2021,501045042,2,9,0,4,4,2,6,0,0,0,0,0,0,0,2,1,2,2,2,45,7,1997,2,7,FORD MONDEO,6,E01018917,0,-1
2021131087477,2021,131087477,1,9,0,18,19,1,1,0,0,8,0,0,0,0,3,1,5,6,1,47,8,1997,2,10,FORD MONDEO,5,E01011870,0,-1
2021170M10741,2021,170M10741,1,9,0,18,19,4,8,0,0,0,0,0,0,0,1,1,6,6,1,21,5,1998,2,14,FORD MONDEO,1,E01012284,0,-1
2021371075565,2021,371075565,2,9,-1,-1,-1,-1,-1,-1,-1,0,-1,-1,-1,0,-1,1,5,6,1,35,6,1997,2,8,FORD MONDEO,3,E01027238,0,-1
2021421031803,2021,421031803,1,9,0,18,19,6,2,0,0,1,0,0,0,0,1,1,2,2,1,56,9,2179,2,12,FORD MONDEO,3,E01021852,0,-1
2021010337551,2021,010337551,1,9,9,99,99,9,9,99,99,9,9,99,9,99,9,9,6,6,1,32,6,1498,1,5,FORD MONDEO,8,E01004171,0,-1
2021451083764,2021,451083764,1,9,0,18,19,3,7,0,0,4,0,0,0,0,4,1,5,6,1,49,8,1997,2,9,FORD MONDEO,4,E01016448,0,-1
2021052101924,2021,052101924,2,9,0,18,19,1,5,0,0,0,0,0,0,0,2,1,1,1,2,26,6,1560,2,8,FORD MONDEO,1,E01006547,0,-1
2021421072252,2021,421072252,2,9,0,18,19,5,1,0,0,1,0,0,0,0,0,1,1,1,1,37,7,1995,2,2,FORD MONDEO,-1,-1,0,-1
2021461069586,2021,461069586,1,9,0,18,19,4,8,0,0,8,0,0,0,0,1,1,6,6,1,-1,-1,2198,2,14,FORD MONDEO,-1,-1,0,-1
2021471092414,2021,471092414,3,9,0,2,2,0,0,0,0,1,0,0,0,0,1,1,6,6,3,-1,-1,1999,1,16,FORD MONDEO,-1,-1,0,-1
2021231029397,2021,231029397,1,9,0,18,19,1,5,0,0,0,0,0,0,0,4,1,5,6,2,57,9,2198,2,14,FORD MONDEO,5,E01031098,0,-1
2021461066746,2021,461066746,1,9,0,13,13,1,5,0,0,0,0,0,0,0,4,1,6,6,1,73,10,1753,2,11,FORD MONDEO,10,E01024733,0,-1
2021501083812,2021,501083812,1,9,0,4,4,3,7,0,0,4,0,0,0,0,1,1,6,6,1,74,10,1798,1,19,FORD MONDEO,1,E01015214,0,-1
2021421119854,2021,421119854,2,9,0,18,19,8,4,0,0,0,1,0,1,0,2,1,5,6,1,55,8,1798,1,14,FORD MONDEO,3,E01017979,0,-1
2021302101954,2021,302101954,1,9,0,4,4,4,8,0,0,0,0,0,0,0,1,1,6,6,1,43,7,1997,2,4,FORD MONDEO,2,E01019563,0,-1
2021461042452,2021,461042452,1,9,0,9,9,1,7,0,0,6,0,0,0,0,1,1,1,1,2,32,6,1998,2,16,FORD MONDEO,4,E01016100,0,-1
2021461034884,2021,461034884,1,9,0,13,13,2,6,0,0,0,1,0,7,0,3,1,6,6,1,35,6,1997,2,12,FORD MONDEO,6,E01024783,0,-1
2021010292649,2021,010292649,1,9,0,18,19,7,3,0,0,8,0,0,0,0,1,1,6,6,1,74,10,1997,2,9,FORD MONDEO,6,E01001419,0,-1
2021501088960,2021,501088960,2,9,0,9,9,5,1,0,0,1,0,0,0,0,1,1,6,6,1,56,9,1997,2,6,FORD MONDEO,4,E01018781,0,-1
2021451045567,2021,451045567,1,9,0,4,4,1,5,0,0,0,0,0,0,0,2,1,6,6,1,43,7,1997,2,7,FORD MONDEO,7,E01030956,0,-1
202134NNC3451,2021,34NNC3451,1,9,0,14,14,3,7,0,0,0,0,8,0,0,4,1,6,6,1,75,10,1997,2,12,FORD MONDEO,6,E01027051,0,-1
2021552101420,2021,552101420,1,9,0,9,9,5,3,0,0,8,0,0,0,0,4,1,2,2,1,50,8,1997,2,6,FORD MONDEO,8,E01015389,0,-1
2021061119765,2021,061119765,1,9,0,18,19,2,6,0,0,8,0,0,0,0,1,1,6,6,1,36,7,1997,2,5,FORD MONDEO,-1,-1,0,-1
2021451043230,2021,451043230,4,9,0,18,19,1,5,0,0,0,0,0,0,0,1,1,6,6,3,-1,-1,1753,2,12,FORD MONDEO,-1,-1,0,-1
202154A432421,2021,54A432421,1,9,0,18,19,1,4,0,0,2,0,0,0,0,1,1,6,6,2,46,8,1997,2,11,FORD MONDEO,2,E01015542,0,-1
2021010314518,2021,010314518,4,9,0,2,2,0,0,0,0,1,0,0,0,0,4,1,6,6,3,-1,-1,1997,2,11,FORD MONDEO,-1,-1,0,-1
2021052101252,2021,052101252,2,9,0,18,19,7,3,0,0,8,0,0,0,0,1,1,4,7,1,55,8,2179,2,11,FORD MONDEO,1,E01006694,0,-1
2021451083895,2021,451083895,1,9,0,5,5,7,3,0,0,4,0,0,0,0,1,1,5,6,1,61,9,1997,2,6,FORD MONDEO,10,E01030996,0,-1
2021302100136,2021,302100136,2,9,0,3,3,8,4,0,0,0,0,0,0,0,2,1,1,1,1,-1,-1,1997,2,4,FORD MONDEO,5,E01019456,0,-1
2021201128210,2021,201128210,2,9,0,5,5,5,7,0,0,2,0,0,0,0,1,1,6,6,1,39,7,1997,2,11,FORD MONDEO,1,E01010030,0,-1
2021041031165,2021,041031165,2,9,0,2,2,0,0,0,0,8,0,0,0,0,3,1,6,6,3,-1,-1,2521,1,13,FORD MONDEO,-1,-1,0,-1
2021221111691,2021,221111691,2,9,0,18,19,4,8,0,0,0,0,0,0,0,1,1,5,6,2,72,10,1997,2,3,FORD MONDEO,7,W01000398,0,-1
202131A104621,2021,31A104621,2,9,0,18,19,1,5,0,0,1,0,0,0,0,1,1,6,6,2,33,6,1997,2,4,FORD MONDEO,2,E01027987,0,-1
2021361086967,2021,361086967,1,9,0,18,19,3,7,0,0,0,0,0,0,0,1,1,1,1,1,46,8,1997,2,11,FORD MONDEO,4,E01026749,0,-1
2021010317008,2021,010317008,2,9,0,18,19,7,3,0,0,2,1,4,2,2,1,1,6,6,1,36,7,1753,2,13,FORD MONDEO,1,E01003921,0,-1
2021552100701,2021,552100701,2,9,0,18,19,4,8,0,0,0,0,0,0,0,3,1,6,6,2,29,6,1753,2,13,FORD MONDEO,8,E01020416,0,-1
2021351016204,2021,351016204,2,9,0,18,19,2,6,0,0,0,1,0,0,0,1,1,6,6,1,27,6,1753,2,14,FORD MONDEO,1,E01033112,0,-1
202154A386121,2021,54A386121,2,9,0,18,19,3,7,0,0,1,0,0,0,0,-1,1,6,6,1,53,8,1997,2,6,FORD MONDEO,8,E01015584,0,-1
2021010352422,2021,010352422,1,9,0,4,4,1,5,0,0,0,0,0,0,0,2,1,6,6,1,63,9,1999,1,17,FORD MONDEO,4,E01004551,0,-1
2021010303462,2021,010303462,1,9,9,99,99,9,9,99,99,9,9,99,9,99,9,9,6,6,1,53,8,1997,2,8,FORD MONDEO,3,E01004453,0,-1
202131A184021,2021,31A184021,1,9,0,18,19,4,8,0,0,1,0,0,0,0,1,1,6,6,1,39,7,1997,2,9,FORD MONDEO,3,E01028254,0,-1
2021440223713,2021,440223713,2,9,0,2,2,0,0,0,0,0,0,0,0,0,2,1,6,6,3,-1,-1,1998,2,14,FORD MONDEO,-1,-1,0,-1
2021548902221,2021,548902221,1,9,0,18,19,1,5,0,0,0,0,0,0,0,4,1,1,1,1,62,9,2198,2,16,FORD MONDEO,6,E01032696,0,-1
2021052100477,2021,052100477,2,8,0,18,19,7,3,0,0,8,0,0,4,2,1,1,6,6,1,37,7,1499,2,4,FORD MONDEO,1,E01006755,0,-1
2021111021710,2021,111021710,1,9,0,18,19,7,3,0,0,8,2,10,1,11,4,1,6,6,2,28,6,1997,2,5,FORD MONDEO,1,E01020873,0,-1
2021221111596,2021,221111596,1,9,0,18,19,1,5,0,0,0,0,4,0,0,1,1,2,2,1,49,8,1998,2,17,FORD MONDEO,1,E01009212,0,-1
202131B127421,2021,31B127421,1,9,0,18,19,1,5,0,0,4,0,0,0,0,1,1,2,2,2,51,8,1997,2,4,FORD MONDEO,6,E01028048,0,-1
2021070321614,2021,070321614,3,9,0,16,19,8,2,0,0,8,0,0,0,0,1,1,6,6,1,57,9,1998,2,16,FORD MONDEO,1,E01009498,0,-1
2021052102838,2021,052102838,1,9,0,7,7,5,7,0,0,6,0,0,0,0,1,1,6,6,1,44,7,1997,2,7,FORD MONDEO,3,E01007236,0,-1
2021991069079,2021,991069079,1,9,0,9,9,6,4,0,0,1,0,0,0,0,3,1,6,6,2,48,8,1560,2,8,FORD MONDEO,10,-1,0,-1
2021531030838,2021,531030838,1,9,0,18,19,3,7,0,0,3,0,0,0,0,3,1,5,6,1,57,9,1997,2,11,FORD MONDEO,6,E01022377,0,-1
2021141046587,2021,141046587,2,9,0,18,19,2,6,0,0,2,0,0,0,0,3,1,5,6,1,60,9,1997,2,10,FORD MONDEO,2,E01007593,0,-1
2021161079258,2021,161079258,1,9,0,15,15,7,3,0,0,1,0,0,0,0,3,1,6,6,1,53,8,1999,1,15,FORD MONDEO,4,E01013079,0,-1
2021351079156,2021,351079156,1,9,0,18,19,3,7,0,0,0,2,0,1,9,1,1,5,6,2,29,6,1999,1,17,FORD MONDEO,10,E01018216,0,-1
2021421117208,2021,421117208,1,9,0,18,19,5,1,0,0,0,1,0,0,0,1,1,5,6,1,35,6,1997,2,11,FORD MONDEO,9,E01018136,0,-1
2021421027964,2021,421027964,1,9,0,5,5,6,2,0,0,0,0,0,0,0,3,1,3,7,1,62,9,1997,2,14,FORD MONDEO,3,E01021974,0,-1
2021061048753,2021,061048753,4,9,0,18,19,7,3,0,0,1,0,0,0,0,0,1,1,1,3,30,6,1997,2,10,FORD MONDEO,-1,-1,0,-1
2021070246032,2021,070246032,2,9,0,13,13,7,3,0,0,0,0,0,7,4,4,1,6,6,1,83,11,1998,2,15,FORD MONDEO,8,E01018348,0,-1
2021041101443,2021,041101443,1,9,0,4,4,1,5,0,0,0,0,0,0,0,1,1,2,2,2,39,7,1997,2,7,FORD MONDEO,3,E01012669,0,-1
2021041020684,2021,041020684,3,9,0,18,19,1,5,0,0,0,0,0,0,0,1,1,6,6,1,24,5,1997,2,13,FORD MONDEO,1,E01025083,0,-1
2021010296044,2021,010296044,1,9,0,4,4,3,7,0,0,1,0,0,0,0,0,1,1,1,1,43,7,1498,1,4,FORD MONDEO,6,E01000871,0,-1
2021351117732,2021,351117732,1,9,0,18,19,4,8,0,0,1,0,0,0,0,1,1,6,6,1,47,8,1997,2,12,FORD MONDEO,4,E01030115,0,-1
2021471120077,2021,471120077,2,9,0,13,13,1,4,0,0,0,0,0,6,4,4,1,2,2,1,45,7,1753,2,14,FORD MONDEO,7,E01031405,0,-1
2021320211948,2021,320211948,1,9,0,6,6,7,3,0,0,3,0,0,0,0,1,1,6,6,1,34,6,1997,2,7,FORD MONDEO,2,E01028311,0,-1
2021501096573,2021,501096573,4,9,0,3,3,1,5,0,0,0,0,0,0,0,2,1,5,6,2,36,7,1998,2,14,FORD MONDEO,8,E01020238,0,-1
2021430037794,2021,430037794,2,9,0,9,9,4,2,0,0,5,0,0,0,0,3,1,6,6,1,75,10,1498,1,6,FORD MONDEO,3,E01028552,0,-1
2021010352014,2021,010352014,1,9,0,15,15,7,3,0,0,8,0,0,0,0,1,1,6,6,3,21,5,1560,2,8,FORD MONDEO,-1,-1,0,-1
2021201034514,2021,201034514,2,9,0,18,19,4,8,0,0,3,0,10,7,11,4,1,6,6,1,59,9,1798,1,15,FORD MONDEO,8,E01029652,0,-1
2021161122014,2021,161122014,2,9,0,18,19,1,5,0,0,0,0,0,0,0,1,1,6,6,1,51,8,1753,2,12,FORD MONDEO,7,E01013018,0,-1
2021531062959,2021,531062959,1,9,0,18,19,8,4,0,0,2,0,0,0,0,4,1,2,2,1,53,8,1997,2,9,FORD MONDEO,4,E01022240,0,-1
2021010332852,2021,010332852,2,9,0,4,4,1,5,0,0,0,0,0,0,0,1,1,6,6,1,29,6,1997,2,11,FORD MONDEO,-1,-1,0,-1
2021451049808,2021,451049808,2,9,0,18,19,5,1,0,0,0,0,0,0,0,1,1,2,2,1,56,9,1560,2,6,FORD MONDEO,4,E01030745,0,-1
2021131124266,2021,131124266,2,9,0,18,19,7,1,0,0,1,0,0,0,0,1,1,5,6,1,67,10,1997,2,11,FORD MONDEO,1,E01012724,0,-1
2021041103981,2021,041103981,1,9,0,18,19,7,3,0,0,1,0,0,0,0,1,1,2,2,1,48,8,1997,2,12,FORD MONDEO,4,E01012668,0,-1
2021461049108,2021,461049108,2,9,0,17,19,1,5,0,0,0,0,0,0,0,3,1,1,1,1,28,6,1997,2,13,FORD MONDEO,8,E01024351,0,-1
2021010328801,2021,010328801,2,9,0,18,19,7,3,0,0,2,0,0,0,0,4,1,6,6,1,65,9,1798,1,14,FORD MONDEO,3,E01003785,0,-1
2021010342816,2021,010342816,1,9,0,99,99,9,9,99,99,9,9,99,9,99,1,9,6,6,1,23,5,1498,1,4,FORD MONDEO,6,E01033487,0,-1
20211381K1060,2021,1381K1060,2,9,0,18,19,5,1,0,0,0,0,0,0,0,1,1,6,6,1,48,8,1499,2,3,FORD MONDEO,5,E01011818,0,-1
2021231118669,2021,231118669,1,9,0,2,2,0,0,0,0,0,0,0,0,0,3,1,5,6,1,33,6,1997,2,13,FORD MONDEO,9,E01031161,0,-1
202134WNC3971,2021,34WNC3971,2,9,0,18,19,3,7,0,0,1,0,0,0,0,4,1,6,6,2,29,6,1499,2,5,FORD MONDEO,8,E01027285,0,-1
2021141021009,2021,141021009,1,9,0,7,7,6,8,0,0,1,1,0,7,11,1,1,6,6,1,38,7,1753,2,14,FORD MONDEO,8,E01007712,0,-1
2021471102440,2021,471102440,2,9,0,5,5,1,7,0,0,8,0,0,0,0,3,1,5,6,2,75,10,2179,2,13,FORD MONDEO,10,E01031724,0,-1
202163D070221,2021,63D070221,1,9,0,18,19,7,2,0,0,1,0,0,0,0,1,1,6,6,1,81,11,1753,2,12,FORD MONDEO,3,E01029014,0,-1
2021052102087,2021,052102087,1,8,0,9,9,7,5,0,0,8,0,0,0,0,1,1,1,1,1,63,9,1997,2,7,FORD MONDEO,4,E01006982,0,-1
2021221085093,2021,221085093,1,9,0,18,19,1,5,0,0,8,0,0,0,0,1,1,5,6,1,69,10,1596,1,7,FORD MONDEO,4,E01032254,0,-1
2021052100920,2021,052100920,2,9,0,18,19,3,7,0,0,2,0,0,0,0,4,1,1,1,1,63,9,1997,2,7,FORD MONDEO,2,E01007054,0,-1
2021041058907,2021,041058907,1,9,0,18,19,5,1,0,0,0,0,0,0,0,1,1,6,6,1,39,7,1998,2,14,FORD MONDEO,1,E01025117,0,-1
2021201030726,2021,201030726,1,9,0,18,19,8,4,0,0,6,0,0,0,0,4,1,6,6,2,68,10,1999,1,10,FORD MONDEO,10,E01010191,0,-1
2021440228636,2021,440228636,1,9,0,4,4,8,4,0,0,0,0,0,0,0,1,1,6,6,1,33,6,1997,2,9,FORD MONDEO,8,E01023080,0,-1
2021421094564,2021,421094564,2,9,0,2,2,0,0,0,0,2,0,0,0,0,4,1,6,6,3,-1,-1,1596,1,14,FORD MONDEO,-1,-1,0,-1
2021010337618,2021,010337618,2,9,0,99,99,9,9,99,99,9,9,99,9,99,1,9,6,6,3,-1,-1,1499,2,4,FORD MONDEO,-1,-1,0,-1
2021371103245,2021,371103245,3,9,0,18,19,4,8,0,0,0,0,0,0,0,1,1,5,6,1,20,4,1999,1,14,FORD MONDEO,-1,-1,0,-1
2021531017341,2021,531017341,2,9,0,18,19,1,5,0,0,0,1,0,0,0,0,1,1,1,1,20,4,1997,2,14,FORD MONDEO,3,E01009629,0,-1
2021461030465,2021,461030465,1,9,0,18,19,5,1,0,0,0,1,11,0,0,1,1,5,6,1,27,6,1997,2,11,FORD MONDEO,4,E01024384,0,-1
2021461091296,2021,461091296,1,9,0,18,19,3,7,0,0,0,0,0,0,0,1,1,6,6,1,-1,-1,2967,1,15,FORD MONDEO,3,E01016046,0,-1
2021010309154,2021,010309154,1,8,0,9,9,5,3,0,0,2,0,0,0,0,2,1,2,2,1,42,7,1997,2,4,FORD MONDEO,1,E01033604,0,-1
2021161030816,2021,161030816,1,9,0,18,19,3,7,0,0,8,0,0,0,0,1,1,5,6,1,79,11,1753,2,11,FORD MONDEO,7,E01013228,0,-1
2021501088967,2021,501088967,2,8,0,18,19,7,3,0,0,0,0,0,7,0,1,1,1,1,1,63,9,1997,2,3,FORD MONDEO,7,E01015198,0,-1
2021461051601,2021,461051601,1,9,0,15,15,1,5,0,0,0,0,0,0,0,1,1,6,6,1,46,8,1997,2,11,FORD MONDEO,6,E01024847,0,-1
2021411064497,2021,411064497,2,9,0,9,9,3,1,0,0,1,0,0,0,0,1,1,6,6,1,80,11,1796,1,22,FORD MONDEO,10,E01023289,0,-1
2021221125897,2021,221125897,2,9,0,11,11,7,3,0,0,5,0,0,1,0,4,1,5,6,1,30,6,1596,1,11,FORD MONDEO,4,E01032275,0,-1
2021010329008,2021,010329008,1,9,0,18,19,5,1,0,0,8,0,0,0,0,2,1,6,6,1,60,9,1997,2,12,FORD MONDEO,8,E01017427,0,-1
2021440396188,2021,440396188,1,9,0,18,19,8,4,0,0,0,1,0,1,4,1,1,2,2,1,30,6,1997,2,6,FORD MONDEO,4,E01023033,0,-1
2021010318341,2021,010318341,1,9,0,18,19,7,3,0,0,3,0,0,3,0,1,1,6,6,1,59,9,1753,2,14,FORD MONDEO,7,E01031951,0,-1
2021543837821,2021,543837821,1,9,0,13,13,8,4,0,0,0,0,0,0,0,4,1,6,6,1,74,10,1997,2,5,FORD MONDEO,10,E01031903,0,-1
202131B150521,2021,31B150521,2,9,0,3,3,8,3,0,0,1,0,0,0,0,2,1,1,1,1,48,8,1999,1,10,FORD MONDEO,6,E01028043,0,-1
2021010291244,2021,010291244,1,9,0,18,19,1,5,0,0,0,0,4,0,0,1,1,6,6,1,80,11,1976,1,11,FORD MONDEO,6,E01002360,0,-1
2021061060693,2021,061060693,1,9,0,18,19,3,7,0,0,1,0,0,0,0,1,1,5,6,3,30,6,1998,2,16,FORD MONDEO,-1,-1,0,-1
2021411023366,2021,411023366,1,9,0,3,3,0,0,6,6,0,0,0,0,0,0,1,1,1,1,30,6,1995,2,1,FORD MONDEO,-1,-1,0,-1
2021141124684,2021,141124684,2,9,0,18,19,3,7,0,0,1,0,0,0,0,1,1,5,6,2,26,6,1997,2,5,FORD MONDEO,5,E01013249,0,-1
2021221070932,2021,221070932,3,9,0,4,4,2,1,0,0,0,0,0,0,0,2,1,5,6,2,26,6,1997,2,4,FORD MONDEO,7,E01032425,0,-1
2021131109002,2021,131109002,1,9,0,18,19,1,5,0,0,8,0,0,0,0,1,1,6,6,3,-1,-1,2179,2,12,FORD MONDEO,-1,-1,0,-1
2021991076838,2021,991076838,1,9,0,7,7,4,6,0,0,1,0,0,0,0,2,1,5,6,2,57,9,1976,1,11,FORD MONDEO,7,E01016979,0,-1
2021201028842,2021,201028842,1,9,0,18,19,1,5,0,0,4,0,0,0,0,1,1,6,6,1,-1,-1,1798,1,16,FORD MONDEO,-1,-1,0,-1
2021471062498,2021,471062498,2,9,0,18,19,6,2,0,0,8,0,0,0,0,3,1,5,6,1,43,7,1753,2,25,FORD MONDEO,8,E01021232,0,-1
2021430223216,2021,430223216,2,9,0,13,13,7,3,0,0,0,5,0,1,9,3,1,6,6,1,27,6,1798,1,15,FORD MONDEO,6,E01028646,0,-1
202163C056221,2021,63C056221,2,9,0,10,10,7,5,0,0,8,0,0,0,0,2,1,6,6,1,47,8,1753,2,13,FORD MONDEO,9,W01001770,0,-1
2021010313608,2021,010313608,1,9,0,10,10,8,6,0,0,1,0,0,0,0,1,1,6,6,1,57,9,1997,2,1,FORD MONDEO,7,E01003696,0,-1
2021231058866,2021,231058866,1,9,0,18,19,8,4,0,0,1,0,0,0,0,1,1,3,7,2,26,6,1997,2,12,FORD MONDEO,-1,-1,0,-1
2021070646111,2021,070646111,2,8,0,16,19,1,4,0,0,1,0,0,0,0,1,1,1,1,1,41,7,1997,2,9,FORD MONDEO,2,E01018327,0,-1
2021010289322,2021,010289322,1,9,0,9,9,7,4,0,0,8,0,0,0,0,4,1,2,2,1,64,9,1798,1,15,FORD MONDEO,2,E01003636,0,-1
2021302101190,2021,302101190,2,9,0,4,4,2,4,0,0,1,0,0,0,0,2,1,6,6,3,-1,-1,1753,2,11,FORD MONDEO,5,E01019456,0,-1
2021622100775,2021,622100775,1,9,0,18,19,2,6,0,0,4,0,9,0,0,1,1,6,6,1,47,8,1999,8,1,FORD MONDEO,1,W01001835,0,-1
2021552101265,2021,552101265,1,9,0,18,19,6,2,0,0,6,1,0,0,0,4,1,6,6,1,23,5,1999,1,16,FORD MONDEO,7,E01020390,0,-1
2021052100936,2021,052100936,3,9,0,2,2,0,0,0,0,0,0,0,0,0,2,1,1,1,1,-1,-1,1997,2,6,FORD MONDEO,2,E01006441,0,-1
2021041106912,2021,041106912,1,9,0,18,19,1,7,0,0,1,1,0,0,0,1,1,5,6,2,32,6,1997,2,11,FORD MONDEO,1,E01012724,0,-1
2021451101265,2021,451101265,2,9,0,18,19,5,1,0,0,1,0,0,0,0,3,1,6,6,1,30,6,1997,2,13,FORD MONDEO,-1,-1,0,-1
2021061064831,2021,061064831,4,9,0,18,19,6,2,0,0,1,0,0,0,0,0,1,1,1,1,31,6,1995,2,1,FORD MONDEO,4,E01005730,0,-1
2021010296020,2021,010296020,1,9,0,9,9,3,8,0,0,5,0,0,0,0,1,1,6,6,1,48,8,1498,1,4,FORD MONDEO,2,E01001911,0,-1
2021131109480,2021,131109480,2,9,0,2,2,0,0,0,0,0,0,0,0,0,1,1,6,6,3,-1,-1,1997,2,13,FORD MONDEO,-1,-1,0,-1
2021351028483,2021,351028483,2,9,0,5,5,2,5,0,0,0,0,0,0,0,1,1,6,6,3,-1,-1,1997,2,13,FORD MONDEO,-1,-1,0,-1
2021451039176,2021,451039176,1,9,0,9,9,3,1,9,9,0,0,0,0,0,1,1,6,6,1,46,8,1999,8,2,FORD MONDEO,9,E01030413,0,-1
2021052100751,2021,052100751,2,8,0,18,19,3,7,0,0,0,0,0,0,0,3,1,1,1,1,38,7,1997,2,9,FORD MONDEO,2,E01007218,0,-1
2021471046186,2021,471046186,1,9,0,18,19,3,7,0,0,2,1,0,0,0,1,1,6,6,3,-1,-1,1997,2,14,FORD MONDEO,-1,-1,0,-1
2021031092485,2021,031092485,1,9,0,18,19,1,5,0,0,5,0,0,0,0,1,1,5,6,1,59,9,1997,2,5,FORD MONDEO,7,E01019104,0,-1
2021070792546,2021,070792546,2,9,0,4,4,5,1,0,0,1,0,0,0,0,2,1,6,6,1,46,8,2198,2,15,FORD MONDEO,1,E01018462,0,-1
2021010301642,2021,010301642,3,9,0,18,19,5,1,0,0,1,0,0,0,0,0,1,1,1,1,41,7,1498,1,4,FORD MONDEO,-1,-1,0,-1
2021052102383,2021,052102383,2,8,0,8,8,8,4,0,0,1,0,0,0,0,4,1,6,6,1,38,7,1997,2,9,FORD MONDEO,1,E01006952,0,-1
2021430258596,2021,430258596,1,9,0,10,10,2,6,0,0,1,0,0,0,0,1,1,6,6,1,78,11,1999,1,14,FORD MONDEO,6,E01017852,0,-1
2021461028044,2021,461028044,1,9,0,18,19,1,5,0,0,0,0,0,0,0,1,1,6,6,1,29,6,1997,2,13,FORD MONDEO,2,E01016160,0,-1
2021471033730,2021,471033730,2,9,0,4,4,2,6,0,0,0,0,0,0,0,2,1,6,6,1,23,5,1998,2,17,FORD MONDEO,4,E01021045,0,-1
2021161082986,2021,161082986,1,9,0,16,19,5,1,0,0,0,0,0,0,0,1,1,5,6,1,21,5,1997,2,12,FORD MONDEO,6,E01013169,0,-1
2021010349028,2021,010349028,2,9,0,99,99,9,9,99,99,9,9,99,9,99,1,9,6,6,1,47,8,1995,2,2,FORD MONDEO,8,E01000355,0,-1
2021401017709,2021,401017709,1,9,0,18,19,7,3,0,0,0,0,0,0,0,3,1,2,2,1,51,8,1997,2,12,FORD MONDEO,4,E01017487,0,-1
2021430373814,2021,430373814,1,9,0,13,13,8,4,0,0,0,0,0,0,0,1,1,6,6,1,61,9,1798,1,16,FORD MONDEO,10,E01016687,0,-1
2021010318180,2021,010318180,1,9,0,5,5,1,5,0,0,0,0,0,0,0,1,1,6,6,1,26,6,1997,2,12,FORD MONDEO,2,E01003187,0,-1
2021161074463,2021,161074463,2,9,0,18,19,5,6,0,0,8,0,0,0,0,1,1,6,6,2,38,7,1997,2,14,FORD MONDEO,1,E01012895,0,-1
2021361137533,2021,361137533,2,9,0,7,7,3,5,0,0,8,0,0,0,0,3,1,1,1,1,65,9,1997,2,3,FORD MONDEO,2,E01026791,0,-1
2021421022939,2021,421022939,2,9,0,18,19,7,3,0,0,0,0,0,0,0,2,1,2,2,1,36,7,1997,2,6,FORD MONDEO,3,E01021328,0,-1
2021061045118,2021,061045118,1,9,0,18,19,7,3,0,0,0,0,0,0,0,3,1,6,6,1,58,9,1798,1,17,FORD MONDEO,2,E01005111,0,-1