collision_index,collision_year,collision_ref_no,vehicle_reference,vehicle_type,towing_and_articulation,vehicle_manoeuvre_historic,vehicle_manoeuvre,vehicle_direction_from,vehicle_direction_to,vehicle_location_restricted_lane_historic,vehicle_location_restricted_lane,junction_location,skidding_and_overturning,hit_object_in_carriageway,vehicle_leaving_carriageway,hit_object_off_carriageway,first_point_of_impact,vehicle_left_hand_drive,journey_purpose_of_driver_historic,journey_purpose_of_driver,sex_of_driver,age_of_driver,age_band_of_driver,engine_capacity_cc,propulsion_code,age_of_vehicle,generic_make_model,driver_imd_decile,lsoa_of_driver,escooter_flag,driver_distance_banding
2021101034701,2021,101034701,2,9,0,18,19,8,4,0,0,0,0,0,0,0,2,1,6,6,1,41,7,1753,2,12,FORD MONDEO,4,E01008162,0,-1
2021031119292,2021,031119292,2,9,0,2,2,0,0,0,0,8,0,0,0,0,1,1,6,6,3,-1,-1,1997,2,11,FORD MONDEO,-1,-1,0,-1
2021161039791,2021,161039791,2,9,0,5,5,5,7,0,0,1,0,0,0,0,1,1,2,2,1,25,5,1753,2,12,FORD MONDEO,3,E01013231,0,-1
2021010316300,2021,010316300,3,9,0,18,19,5,1,0,0,0,0,0,0,0,0,1,1,1,1,40,7,1498,1,2,FORD MONDEO,9,E01003356,0,-1
2021141065964,2021,141065964,1,9,0,9,9,5,2,0,0,8,0,0,0,0,1,1,2,2,1,49,8,2198,2,15,FORD MONDEO,4,E01007587,0,-1
2021461065918,2021,461065918,2,9,0,18,19,7,3,0,0,2,0,0,0,0,1,1,6,6,1,51,8,1999,1,17,FORD MONDEO,-1,-1,0,-1
2021052102456,2021,052102456,1,9,0,6,6,1,1,0,0,0,0,0,0,0,4,1,1,1,1,30,6,1997,2,6,FORD MONDEO,3,E01007022,0,-1
2021461052822,2021,461052822,2,9,0,18,19,3,7,0,0,0,0,0,0,0,3,1,2,2,1,49,8,1997,2,4,FORD MONDEO,9,E01023999,0,-1
2021471051547,2021,471051547,3,9,0,2,2,0,0,0,0,1,0,0,0,0,2,1,6,6,3,-1,-1,1997,2,12,FORD MONDEO,-1,-1,0,-1
2021231096410,2021,231096410,2,9,0,5,5,4,8,0,0,6,0,0,0,0,1,1,5,6,1,80,11,2198,2,16,FORD MONDEO,7,E01031091,0,-1
2021320559338,2021,320559338,3,9,0,17,19,4,8,0,0,0,0,0,0,0,1,1,6,6,2,33,6,1499,2,5,FORD MONDEO,9,E01028360,0,-1
2021111021248,2021,111021248,2,9,0,17,19,3,7,0,0,0,0,0,1,0,1,1,5,6,1,36,7,2198,2,14,FORD MONDEO,4,E01020715,0,-1
2021010300362,2021,010300362,2,9,0,18,19,3,7,0,0,1,0,0,0,0,0,1,1,1,2,48,8,1498,1,4,FORD MONDEO,4,E01000472,0,-1
2021041110357,2021,041110357,1,9,0,9,9,4,6,0,0,8,1,0,0,0,3,1,5,6,1,84,11,1997,2,5,FORD MONDEO,7,E01025251,0,-1
2021141032650,2021,141032650,1,9,0,9,9,1,7,0,0,8,0,0,0,0,3,1,6,6,3,-1,-1,1997,2,11,FORD MONDEO,-1,-1,0,-1
2021549400821,2021,549400821,1,9,4,18,19,7,3,0,0,0,3,7,0,0,4,1,6,6,1,47,8,1753,2,14,FORD MONDEO,1,E01003516,0,-1
2021010310137,2021,010310137,1,9,0,18,19,3,7,0,0,1,0,0,0,0,1,1,6,6,3,-1,-1,1997,2,14,FORD MONDEO,-1,-1,0,-1
2021421018535,2021,421018535,2,9,0,4,4,1,5,0,0,0,0,0,0,0,2,1,2,2,1,43,7,1753,2,11,FORD MONDEO,1,E01022001,0,-1
2021520102420,2021,520102420,1,9,0,18,19,2,6,0,0,0,0,0,1,0,3,1,6,6,1,46,8,1997,2,14,FORD MONDEO,5,E01029094,0,-1
2021010319937,2021,010319937,2,9,0,2,2,0,0,0,0,0,0,0,0,0,2,1,6,6,3,-1,-1,1997,2,14,FORD MONDEO,-1,-1,0,-1
2021101019913,2021,101019913,1,9,0,18,19,1,5,0,0,0,0,0,0,0,1,1,1,1,2,46,8,1560,2,7,FORD MONDEO,8,E01027425,0,-1
2021401035788,2021,401035788,1,9,0,18,19,5,1,0,0,0,0,0,0,0,1,1,5,6,2,47,8,1999,1,19,FORD MONDEO,9,E01017546,0,-1
2021411071519,2021,411071519,2,9,0,2,2,0,0,0,0,0,0,0,0,0,1,1,6,6,3,-1,-1,2198,2,14,FORD MONDEO,-1,-1,0,-1
2021430184411,2021,430184411,2,9,0,18,19,8,4,0,0,8,0,0,0,0,1,1,6,6,1,33,6,2198,2,16,FORD MONDEO,5,E01017710,0,-1
2021520101971,2021,520101971,2,9,0,18,19,1,5,0,0,8,0,0,0,0,3,1,6,6,1,67,10,1560,2,8,FORD MONDEO,-1,-1,0,-1
2021010342045,2021,010342045,1,9,0,18,19,5,1,0,0,7,0,0,0,0,1,1,1,1,1,49,8,1995,2,0,FORD MONDEO,3,E01003352,0,-1
2021471125078,2021,471125078,2,9,0,18,19,8,4,0,0,2,0,0,0,0,1,1,5,6,1,48,8,1560,2,8,FORD MONDEO,6,E01031777,0,-1
202134NNC6331,2021,34NNC6331,2,8,0,3,3,7,3,0,0,1,0,0,0,0,2,1,3,7,1,59,9,1997,2,7,FORD MONDEO,9,E01023802,0,-1
2021461067403,2021,461067403,1,9,0,7,7,3,7,0,0,3,0,0,0,0,1,1,6,6,1,-1,-1,1997,2,13,FORD MONDEO,-1,-1,0,-1
2021221021654,2021,221021654,6,9,0,18,19,4,8,0,0,8,0,0,0,0,4,1,5,6,1,57,9,2198,2,15,FORD MONDEO,5,E01014065,0,-1
2021010318239,2021,010318239,1,9,0,99,99,9,9,99,99,0,9,99,9,99,9,9,2,2,2,31,6,1498,1,6,FORD MONDEO,2,E01000030,0,-1
2021430037460,2021,430037460,1,9,0,17,19,5,2,0,0,0,0,0,0,0,1,1,2,2,1,49,8,1997,2,12,FORD MONDEO,10,E01028613,0,-1
2021501107646,2021,501107646,2,9,0,18,19,1,5,0,0,1,0,0,0,0,3,1,6,6,1,58,9,1499,2,5,FORD MONDEO,10,E01023686,0,-1
2021351133588,2021,351133588,1,9,0,18,19,5,1,0,0,0,1,0,4,6,1,1,5,6,1,45,7,1999,8,2,FORD MONDEO,4,E01033178,0,-1
2021430229016,2021,430229016,2,9,0,18,19,1,5,0,0,8,0,0,1,4,1,1,6,6,2,44,7,2179,2,12,FORD MONDEO,9,E01016677,0,-1
2021451076992,2021,451076992,1,9,0,9,9,5,1,0,0,1,0,0,7,10,1,1,6,6,1,54,8,1753,2,11,FORD MONDEO,8,E01030422,0,-1
2021052100625,2021,052100625,3,9,0,3,3,5,1,0,0,0,0,0,0,0,2,1,6,6,1,40,7,1997,2,10,FORD MONDEO,1,E01006458,0,-1
2021451038914,2021,451038914,1,9,0,18,19,4,8,0,0,0,0,4,0,0,1,1,5,6,1,40,7,2967,1,14,FORD MONDEO,3,E01030788,0,-1
2021010341152,2021,010341152,1,9,0,99,99,9,9,99,99,0,9,99,9,99,2,1,6,6,3,-1,-1,1988,1,21,FORD MONDEO,-1,-1,0,-1
2021201141821,2021,201141821,1,9,0,18,19,2,6,0,0,1,0,10,1,11,1,1,6,6,1,16,4,2179,2,9,FORD MONDEO,1,E01009303,0,-1
2021141042684,2021,141042684,2,9,0,18,19,1,3,0,0,1,0,0,0,0,4,1,5,6,1,35,6,1997,2,12,FORD MONDEO,1,E01007764,0,-1
2021161038544,2021,161038544,4,9,0,2,2,0,0,0,0,0,0,0,0,0,2,1,6,6,3,68,10,1997,2,8,FORD MONDEO,-1,-1,0,-1
2021201071156,2021,201071156,1,9,0,4,4,8,4,0,0,0,0,4,0,0,1,1,6,6,1,22,5,1753,2,14,FORD MONDEO,1,E01009475,0,-1
2021371080178,2021,371080178,1,9,0,18,19,8,4,0,0,8,0,0,0,0,1,1,5,6,1,27,6,2179,2,10,FORD MONDEO,4,E01018184,0,-1
2021010347050,2021,010347050,2,9,0,99,99,9,9,99,99,9,9,99,9,99,9,9,6,6,1,-1,-1,1997,2,11,FORD MONDEO,-1,-1,0,-1
2021302102075,2021,302102075,2,9,0,18,19,4,8,0,0,0,0,0,0,0,2,1,6,6,1,35,6,1560,2,9,FORD MONDEO,9,E01029415,0,-1
2021461030101,2021,461030101,1,9,0,7,7,7,1,0,0,1,0,0,0,0,3,1,6,6,1,43,7,1998,2,17,FORD MONDEO,1,E01016019,0,-1
2021052102297,2021,052102297,2,8,0,10,10,2,8,0,0,1,0,0,0,0,0,1,1,1,1,58,9,1997,2,8,FORD MONDEO,2,E01007136,0,-1
2021522104565,2021,522104565,1,9,0,18,19,7,3,0,0,0,0,0,0,0,4,1,6,6,1,52,8,1997,2,11,FORD MONDEO,9,E01014853,0,-1
2021041120217,2021,041120217,3,9,0,9,9,3,5,0,0,8,0,0,0,0,2,1,5,6,1,78,11,1998,2,15,FORD MONDEO,6,E01025031,0,-1
2021302100514,2021,302100514,2,9,0,3,3,2,6,0,0,1,0,0,0,0,2,1,6,6,1,47,8,2198,2,15,FORD MONDEO,8,E01007818,0,-1
2021320051803,2021,320051803,2,9,0,9,9,5,1,0,0,8,0,0,0,0,1,1,6,6,1,35,6,1997,2,11,FORD MONDEO,5,E01026284,0,-1
2021010308536,2021,010308536,1,9,0,9,9,1,7,99,99,9,9,99,9,99,2,1,6,6,1,33,6,1997,2,13,FORD MONDEO,6,E01003754,0,-1
2021010334864,2021,010334864,1,9,0,18,19,7,3,0,0,3,0,0,0,0,1,1,6,6,3,-1,-1,1997,2,11,FORD MONDEO,-1,-1,0,-1
202134NNC3301,2021,34NNC3301,1,9,0,18,19,2,6,0,0,0,0,4,0,0,4,1,6,6,1,76,11,1999,1,18,FORD MONDEO,6,E01032970,0,-1
2021231065773,2021,231065773,1,9,0,1,1,5,1,0,0,1,0,0,0,0,2,1,6,6,1,60,9,1997,2,13,FORD MONDEO,-1,-1,0,-1
2021371061773,2021,371061773,3,9,0,18,19,5,1,0,0,0,0,0,0,0,0,1,1,1,1,51,8,1997,2,7,FORD MONDEO,1,E01030247,0,-1
2021201149021,2021,201149021,1,9,0,1,1,6,8,0,0,6,0,4,0,0,2,1,6,6,1,-1,-1,1997,2,11,FORD MONDEO,-1,-1,0,-1
2021221079972,2021,221079972,1,9,0,3,3,8,4,0,0,1,0,0,0,0,2,1,2,2,1,37,7,2521,1,14,FORD MONDEO,4,E01032384,0,-1
2021131042622,2021,131042622,1,9,0,18,19,1,5,0,0,4,0,0,0,0,4,1,5,6,1,73,10,1499,2,4,FORD MONDEO,1,E01008540,0,-1
2021061072202,2021,061072202,1,9,0,14,14,5,3,0,0,8,1,0,0,0,1,1,6,6,3,30,6,1999,1,17,FORD MONDEO,-1,-1,0,-1
2021471027842,2021,471027842,3,9,0,9,9,7,5,0,0,0,0,0,0,0,0,1,1,1,1,-1,-1,1997,2,4,FORD MONDEO,5,E01031818,0,-1
2021501017734,2021,501017734,1,9,0,16,19,1,5,0,0,0,0,0,0,0,1,1,5,6,1,52,8,1999,1,17,FORD MONDEO,3,E01015166,0,-1
2021061067758,2021,061067758,1,9,0,18,19,1,5,0,0,0,0,0,0,0,1,1,6,6,1,78,11,1998,2,15,FORD MONDEO,1,E01004857,0,-1
202131A088921,2021,31A088921,1,8,0,6,6,8,8,0,0,8,0,0,0,0,3,1,1,1,1,48,8,1997,2,7,FORD MONDEO,2,E01028279,0,-1
2021461128127,2021,461128127,3,9,0,18,19,2,6,0,0,0,0,0,0,0,3,1,1,1,1,49,8,1997,2,9,FORD MONDEO,4,E01024582,0,-1
2021061105690,2021,061105690,1,9,0,9,9,3,1,0,0,8,0,0,0,0,1,1,6,6,3,30,6,1596,1,12,FORD MONDEO,-1,-1,0,-1
2021201133977,2021,201133977,1,9,0,4,4,5,1,0,0,1,0,10,1,1,3,1,6,6,1,55,8,1998,2,17,FORD MONDEO,5,E01009825,0,-1
2021061102252,2021,061102252,2,9,0,4,4,5,1,0,0,0,0,0,0,0,2,1,6,6,1,40,7,1997,2,8,FORD MONDEO,1,E01005108,0,-1
2021361140859,2021,361140859,1,9,0,18,19,3,7,0,0,0,0,4,0,0,1,1,6,6,1,48,8,1997,2,12,FORD MONDEO,5,E01026703,0,-1
2021471050176,2021,471050176,2,9,0,18,19,6,2,0,0,1,0,0,0,0,4,1,5,6,1,69,10,1997,2,12,FORD MONDEO,6,E01031656,0,-1
2021201077252,2021,201077252,3,9,0,4,4,3,7,0,0,1,0,0,0,0,2,1,6,6,1,65,9,1998,2,15,FORD MONDEO,9,E01032326,0,-1
2021131120105,2021,131120105,2,9,0,10,10,6,3,0,0,0,0,0,0,0,2,1,5,6,1,56,9,1997,2,3,FORD MONDEO,7,E01011410,0,-1
2021421099617,2021,421099617,1,9,0,5,5,6,2,0,0,2,0,0,0,0,1,1,6,6,2,47,8,1997,2,13,FORD MONDEO,7,E01015837,0,-1
2021010299751,2021,010299751,1,9,0,18,19,1,5,4,4,1,0,0,0,0,1,1,6,6,3,-1,-1,1997,2,5,FORD MONDEO,-1,-1,0,-1
2021430521760,2021,430521760,1,9,0,14,14,6,2,0,0,1,0,0,0,0,1,1,6,6,1,80,11,1997,2,12,FORD MONDEO,9,E01017701,0,-1
2021430320700,2021,430320700,2,9,0,18,19,8,4,0,0,3,0,0,0,0,2,1,6,6,1,31,6,1997,2,12,FORD MONDEO,9,E01017714,0,-1
2021201042616,2021,201042616,1,9,0,18,19,2,6,0,0,2,0,0,0,0,1,1,6,6,1,80,11,1798,1,20,FORD MONDEO,5,E01009863,0,-1
2021061034151,2021,061034151,2,9,0,18,19,5,3,0,0,0,0,0,0,0,1,1,6,6,1,42,7,1997,2,7,FORD MONDEO,3,E01005102,0,-1
2021421101477,2021,421101477,1,9,0,7,7,1,3,0,0,0,0,0,0,0,1,1,5,6,1,73,10,1998,2,16,FORD MONDEO,1,E01015917,0,-1
2021320546337,2021,320546337,1,9,0,18,19,7,3,0,0,1,0,0,0,0,1,1,2,2,1,29,6,1998,2,15,FORD MONDEO,3,E01026386,0,-1
2021052100212,2021,052100212,1,8,0,18,19,2,6,0,0,1,1,0,0,0,3,1,1,1,1,62,9,1997,2,6,FORD MONDEO,1,E01007269,0,-1
2021461037952,2021,461037952,1,9,0,18,19,4,8,0,0,0,0,0,0,0,1,1,6,6,1,-1,-1,1997,2,11,FORD MONDEO,-1,-1,0,-1
2021991068483,2021,991068483,1,9,0,18,19,7,3,0,0,0,0,0,0,0,1,1,6,6,1,77,11,1798,1,16,FORD MONDEO,3,-1,0,-1
2021041087384,2021,041087384,2,9,0,18,19,3,7,0,0,1,0,0,0,0,1,1,6,6,2,23,5,2198,2,15,FORD MONDEO,1,E01025283,0,-1
2021991109911,2021,991109911,1,9,0,18,19,8,4,0,0,2,0,0,0,0,1,1,5,6,1,38,7,1999,8,2,FORD MONDEO,5,-1,0,-1
2021201126093,2021,201126093,3,9,0,16,19,2,6,0,0,0,0,0,0,0,1,1,6,6,1,62,9,1997,2,8,FORD MONDEO,2,E01010277,0,-1
2021101050971,2021,101050971,1,9,0,5,5,4,8,0,0,1,0,0,0,0,1,1,6,6,1,40,7,1997,2,8,FORD MONDEO,10,-1,0,-1
2021461061194,2021,461061194,1,9,0,1,1,-1,-1,0,0,0,0,0,0,0,2,1,6,6,1,29,6,1998,2,15,FORD MONDEO,3,E01016098,0,-1
2021520105893,2021,520105893,1,9,0,18,19,7,3,0,0,0,0,0,0,0,1,1,6,6,1,27,6,1995,2,2,FORD MONDEO,4,E01029309,0,-1
2021122100986,2021,122100986,1,9,0,17,19,2,7,0,0,0,0,0,1,4,1,1,6,6,1,56,9,1753,2,13,FORD MONDEO,-1,-1,0,-1
2021320166071,2021,320166071,1,9,0,14,14,4,8,0,0,0,0,0,0,0,3,1,6,6,1,61,9,1560,2,9,FORD MONDEO,9,E01026304,0,-1
2021101028666,2021,101028666,2,9,0,7,7,5,1,0,0,3,0,0,0,0,4,1,6,6,2,25,5,1997,2,11,FORD MONDEO,2,E01008662,0,-1
2021141045391,2021,141045391,1,9,0,18,19,5,1,0,0,0,0,0,0,0,2,1,2,2,1,65,9,1499,2,3,FORD MONDEO,4,E01011839,0,-1
2021421096303,2021,421096303,1,8,0,1,1,7,3,0,0,6,0,0,0,0,2,1,6,6,1,54,8,1997,2,9,FORD MONDEO,2,E01022043,0,-1
2021501128052,2021,501128052,1,9,0,18,19,3,7,0,0,0,0,0,0,0,1,1,5,6,1,93,11,1798,1,18,FORD MONDEO,1,E01019004,0,-1
2021010320220,2021,010320220,2,9,0,18,19,1,5,0,0,2,0,10,0,0,1,1,6,6,1,52,8,1498,1,2,FORD MONDEO,9,E01030560,0,-1
202134NNC3621,2021,34NNC3621,4,9,0,18,19,7,3,0,0,0,0,0,1,1,1,1,6,6,1,63,9,1997,2,7,FORD MONDEO,8,E01027054,0,-1
2021622100342,2021,622100342,1,9,0,15,15,2,6,0,0,0,0,0,0,0,1,1,1,1,1,50,8,1997,2,8,FORD MONDEO,2,W01001810,0,-1
2021041023169,2021,041023169,1,9,0,9,9,1,5,0,0,8,0,0,0,0,4,1,3,7,1,33,6,1997,2,12,FORD MONDEO,1,E01012737,0,-1
2021361118311,2021,361118311,2,9,0,18,19,6,2,0,0,0,0,0,0,0,2,1,2,2,1,48,8,1998,2,15,FORD MONDEO,1,E01026597,0,-1
2021211053817,2021,211053817,3,9,0,5,5,1,5,0,0,0,0,0,0,0,4,1,6,6,1,43,7,1997,2,11,FORD MONDEO,4,E01029611,0,-1
2021201029165,2021,201029165,2,9,0,3,3,8,4,0,0,0,0,0,0,0,2,1,6,6,1,49,8,1997,2,13,FORD MONDEO,1,E01008941,0,-1
2021101087748,2021,101087748,4,9,0,2,2,5,1,9,9,0,0,0,0,0,2,1,6,6,3,-1,-1,2179,2,9,FORD MONDEO,-1,-1,0,-1
2021622101010,2021,622101010,2,9,0,18,19,8,4,0,0,1,0,0,0,0,4,1,6,6,1,47,8,1997,2,10,FORD MONDEO,8,W01001789,0,-1
2021161126200,2021,161126200,5,9,0,18,19,5,1,0,0,0,0,0,0,0,0,1,1,1,1,32,6,1997,2,10,FORD MONDEO,1,E01013165,0,-1
2021991086368,2021,991086368,1,9,0,18,19,7,3,0,0,0,2,0,0,0,1,1,6,6,1,53,8,1997,2,7,FORD MONDEO,1,-1,0,-1
20211383I1324,2021,1383I1324,1,8,0,1,1,8,4,0,0,0,0,0,7,11,2,1,1,1,1,47,8,1560,2,8,FORD MONDEO,1,E01010622,0,-1
2021070566849,2021,070566849,2,9,0,18,19,3,7,0,0,0,0,0,0,0,1,1,6,6,2,29,6,2198,2,15,FORD MONDEO,1,E01012441,0,-1
2021546751321,2021,546751321,1,8,0,16,19,7,1,0,0,0,1,0,0,0,1,1,6,6,1,46,8,1997,2,8,FORD MONDEO,5,E01015505,0,-1
2021141014732,2021,141014732,3,9,0,18,19,7,3,0,0,0,1,0,0,0,1,1,6,6,3,-1,-1,1753,2,11,FORD MONDEO,-1,-1,0,-1
2021061146911,2021,061146911,1,9,0,18,19,1,1,0,0,1,0,0,0,0,1,1,6,6,1,30,6,1997,2,11,FORD MONDEO,2,E01005430,0,-1
2021010300428,2021,010300428,1,9,0,9,9,7,6,0,0,1,0,0,6,0,1,1,6,6,1,50,8,1997,2,2,FORD MONDEO,7,E01002222,0,-1
2021131079198,2021,131079198,2,9,0,18,19,3,7,0,0,0,0,0,0,0,-1,1,6,6,3,-1,-1,1997,2,6,FORD MONDEO,-1,-1,0,-1
2021451094595,2021,451094595,1,9,0,5,5,7,5,0,0,4,0,0,0,0,3,1,5,6,1,67,10,1997,2,14,FORD MONDEO,9,E01030947,0,-1
2021061036858,2021,061036858,2,9,0,9,9,3,7,0,0,0,0,0,0,0,1,1,6,6,1,30,6,2967,1,16,FORD MONDEO,1,E01004926,0,-1
2021010320353,2021,010320353,1,9,0,18,19,1,5,0,0,1,0,0,3,10,1,1,6,6,3,-1,-1,1997,2,10,FORD MONDEO,-1,-1,0,-1
2021201130907,2021,201130907,2,9,0,2,2,0,0,0,0,1,0,0,0,0,2,1,5,6,1,82,11,1753,2,11,FORD MONDEO,-1,-1,0,-1
2021161065435,2021,161065435,1,9,0,18,19,8,4,0,0,0,0,0,0,0,1,1,6,6,1,51,8,1997,2,14,FORD MONDEO,6,E01013041,0,-1
2021201028244,2021,201028244,2,9,0,18,19,3,7,0,0,4,0,0,0,0,3,1,6,6,2,26,6,1560,2,9,FORD MONDEO,4,E01010510,0,-1
202163B104321,2021,63B104321,1,9,0,18,19,8,4,0,0,0,0,0,0,0,1,1,6,6,1,69,10,1560,2,9,FORD MONDEO,6,W01000524,0,-1
2021451067342,2021,451067342,1,9,0,18,19,6,2,0,0,0,0,7,0,0,1,1,6,6,1,50,8,1998,2,14,FORD MONDEO,10,E01030435,0,-1
2021421043070,2021,421043070,3,9,0,18,19,5,1,0,0,0,0,0,0,0,2,1,5,6,1,47,8,1997,2,6,FORD MONDEO,7,E01021657,0,-1
2021411033679,2021,411033679,1,9,0,9,9,1,7,0,0,8,0,0,7,0,4,1,2,2,1,64,9,1798,1,16,FORD MONDEO,8,E01023837,0,-1
2021221073500,2021,221073500,1,9,0,4,4,4,8,0,0,0,0,0,0,0,2,1,5,6,1,45,7,1997,2,3,FORD MONDEO,9,E01032361,0,-1
2021991107924,2021,991107924,1,9,0,9,9,5,2,0,0,8,0,0,0,0,1,1,6,6,1,41,7,1997,2,7,FORD MONDEO,8,-1,0,-1
2021522201335,2021,522201335,1,9,0,18,19,2,7,0,0,8,0,0,0,0,4,1,6,6,1,45,7,1997,2,7,FORD MONDEO,1,E01014516,0,-1
2021421111315,2021,421111315,1,9,0,4,4,3,7,0,0,1,0,0,0,0,1,1,5,6,1,23,5,1998,2,17,FORD MONDEO,1,E01021271,0,-1
2021221064280,2021,221064280,2,9,0,18,19,1,5,0,0,0,0,10,1,0,1,1,5,6,1,25,5,1753,2,12,FORD MONDEO,3,E01014010,0,-1
2021070223008,2021,070223008,1,9,0,17,19,5,1,0,0,4,0,2,0,0,1,1,1,1,1,27,6,1753,2,11,FORD MONDEO,4,E01033299,0,-1
2021440361358,2021,440361358,1,9,0,7,7,1,3,0,0,2,0,0,0,0,0,1,6,6,1,51,8,1997,2,6,FORD MONDEO,2,E01022900,0,-1
2021320281398,2021,320281398,1,8,0,18,19,1,5,0,0,0,0,0,0,0,1,1,1,1,1,59,9,1997,2,7,FORD MONDEO,1,E01026376,0,-1
2021430346082,2021,430346082,2,9,0,18,19,1,5,0,0,0,0,0,0,0,3,1,6,6,1,66,10,1753,2,14,FORD MONDEO,10,E01016637,0,-1
2021552100595,2021,552100595,1,9,0,18,19,4,8,0,0,0,0,0,0,0,0,1,6,6,1,35,6,1999,1,14,FORD MONDEO,-1,-1,0,-1
2021141029615,2021,141029615,1,9,0,9,9,3,3,0,0,5,0,0,0,0,1,1,5,6,1,31,6,2179,2,12,FORD MONDEO,5,E01007762,0,-1
202134NNC3641,2021,34NNC3641,4,9,0,18,19,3,7,0,0,0,0,0,0,0,1,1,1,1,1,67,10,1798,1,15,FORD MONDEO,8,E01027064,0,-1
2021461059362,2021,461059362,1,9,0,4,4,7,3,0,0,0,1,0,0,0,1,1,5,6,1,39,7,1997,2,3,FORD MONDEO,8,E01031587,0,-1
2021061028475,2021,061028475,3,9,0,4,4,8,2,0,0,8,0,0,0,0,3,1,1,1,1,30,6,1498,1,2,FORD MONDEO,-1,-1,0,-1
2021131046629,2021,131046629,2,9,0,18,19,5,1,0,0,0,0,0,0,0,2,1,1,1,1,64,9,1997,2,3,FORD MONDEO,6,E01025421,0,-1
2021351016424,2021,351016424,1,9,0,18,19,1,5,0,0,0,0,10,2,0,4,1,6,6,1,35,6,2179,2,11,FORD MONDEO,-1,-1,0,-1
2021070599193,2021,070599193,2,9,0,18,19,4,8,0,0,8,5,0,1,11,3,1,6,6,2,28,6,1999,1,13,FORD MONDEO,7,E01018336,0,-1
2021461046295,2021,461046295,1,9,0,4,4,3,7,0,0,0,0,0,0,0,2,1,6,6,1,26,6,1997,2,5,FORD MONDEO,2,E01003988,0,-1
2021320683484,2021,320683484,1,9,0,14,14,8,4,0,0,0,0,4,1,4,4,1,1,1,1,57,9,1997,2,8,FORD MONDEO,5,E01026285,0,-1
2021501079756,2021,501079756,1,9,0,4,4,7,3,0,0,1,0,0,0,0,2,1,5,6,1,35,6,1753,2,12,FORD MONDEO,3,E01018769,0,-1
2021201072554,2021,201072554,1,9,0,18,19,7,3,0,0,8,0,0,0,0,1,1,3,7,2,41,7,1997,2,14,FORD MONDEO,3,E01010422,0,-1
2021031136788,2021,031136788,1,9,0,6,6,7,7,0,0,0,0,0,0,0,3,1,6,6,1,65,9,1997,2,5,FORD MONDEO,3,E01019081,0,-1
202134NNC7121,2021,34NNC7121,2,9,0,2,2,0,0,0,0,2,0,0,0,0,1,1,6,6,1,38,7,1997,2,6,FORD MONDEO,8,E01027344,0,-1
2021010332653,2021,010332653,2,9,9,99,99,9,9,99,99,9,9,99,9,99,9,9,6,6,3,-1,-1,2967,1,16,FORD MONDEO,-1,-1,0,-1
2021320226625,2021,320226625,2,9,0,18,19,8,4,0,0,0,1,0,0,0,1,1,6,6,1,47,8,1997,2,4,FORD MONDEO,8,E01026368,0,-1
2021320359498,2021,320359498,1,9,0,18,19,6,2,0,0,0,1,0,0,0,1,1,3,7,1,37,7,1560,2,9,FORD MONDEO,-1,-1,0,-1
2021471048533,2021,471048533,1,9,0,7,7,2,3,0,0,5,0,0,0,0,4,1,5,6,1,47,8,1997,2,4,FORD MONDEO,5,E01031750,0,-1
2021061052097,2021,061052097,2,9,0,18,19,5,3,0,0,0,0,0,0,0,1,1,6,6,1,30,6,1999,1,20,FORD MONDEO,2,E01006326,0,-1
2021421080917,2021,421080917,2,9,0,18,19,6,4,0,0,1,0,0,0,0,0,1,1,1,1,44,7,1498,1,4,FORD MONDEO,-1,-1,0,-1
2021421083022,2021,421083022,1,9,0,13,13,1,5,0,0,2,0,0,0,0,1,1,1,1,1,44,7,1995,2,0,FORD MONDEO,7,E01021571,0,-1
2021302100118,2021,302100118,1,9,0,18,19,4,8,0,0,0,1,0,5,6,1,1,6,6,1,37,7,1997,2,5,FORD MONDEO,6,E01019482,0,-1
2021451023420,2021,451023420,1,9,0,1,1,3,7,7,6,0,0,0,1,0,2,1,1,1,1,43,7,1999,8,5,FORD MONDEO,5,E01002651,0,-1
2021430544391,2021,430544391,1,9,0,18,19,4,8,0,0,0,0,0,0,0,1,1,6,6,1,75,10,2261,1,13,FORD MONDEO,9,E01017644,0,-1
2021401030952,2021,401030952,2,9,0,18,19,6,2,0,0,1,0,0,0,0,4,1,6,6,3,-1,-1,1798,1,17,FORD MONDEO,-1,-1,0,-1
2021101032758,2021,101032758,1,9,0,4,4,6,2,0,0,0,0,0,0,0,1,1,6,6,1,25,5,2179,2,10,FORD MONDEO,3,E01008819,0,-1
2021501101469,2021,501101469,2,9,0,4,4,5,1,0,0,0,0,0,0,0,2,1,1,1,1,60,9,1997,2,11,FORD MONDEO,4,E01015077,0,-1
2021052101323,2021,052101323,3,9,0,3,3,3,7,0,0,2,0,0,0,0,2,1,2,2,3,-1,-1,1997,2,7,FORD MONDEO,-1,-1,0,-1
2021161086509,2021,161086509,1,8,0,1,1,5,1,0,0,1,0,0,0,0,2,1,1,1,1,57,9,1997,2,5,FORD MONDEO,1,E01012849,0,-1
2021161031263,2021,161031263,2,9,0,2,2,0,0,9,9,0,0,0,0,0,2,1,6,6,3,-1,-1,1999,1,16,FORD MONDEO,-1,-1,0,-1