collision_index,collision_year,collision_ref_no,vehicle_reference,vehicle_type,towing_and_articulation,vehicle_manoeuvre_historic,vehicle_manoeuvre,vehicle_direction_from,vehicle_direction_to,vehicle_location_restricted_lane_historic,vehicle_location_restricted_lane,junction_location,skidding_and_overturning,hit_object_in_carriageway,vehicle_leaving_carriageway,hit_object_off_carriageway,first_point_of_impact,vehicle_left_hand_drive,journey_purpose_of_driver_historic,journey_purpose_of_driver,sex_of_driver,age_of_driver,age_band_of_driver,engine_capacity_cc,propulsion_code,age_of_vehicle,generic_make_model,driver_imd_decile,lsoa_of_driver,escooter_flag,driver_distance_banding
2021461096159,2021,461096159,1,9,0,17,19,4,8,0,0,0,1,0,7,0,3,1,6,6,1,32,6,5400,1,14,FORD Model Missing,6,E01032824,0,-1
2021461119107,2021,461119107,2,19,0,18,19,5,1,0,0,8,0,0,0,0,1,1,6,6,1,55,8,-1,-1,-1,-1,10,E01024461,0,-1
2021461037997,2021,461037997,2,9,0,18,19,6,2,0,0,1,0,0,0,0,2,1,5,6,2,-1,-1,1388,1,12,FORD Model Missing,10,E01024765,0,-1
2021411112588,2021,411112588,2,9,0,4,4,7,3,0,0,0,0,0,0,0,2,1,6,6,1,61,9,1399,2,17,FORD Model Missing,9,E01031413,0,-1
2021451032625,2021,451032625,1,9,0,18,19,1,5,0,0,0,0,0,0,0,1,1,5,6,1,48,8,1596,1,13,FORD Model Missing,5,E01003130,0,-1
2021131052974,2021,131052974,2,9,0,2,2,1,5,0,0,0,0,0,0,0,4,1,5,6,2,40,7,1596,1,18,FORD Model Missing,1,E01011739,0,-1
2021411137587,2021,411137587,2,19,0,4,4,1,5,0,0,0,0,0,0,0,1,1,5,6,1,29,6,-1,-1,-1,-1,-1,-1,0,-1
2021070062519,2021,070062519,1,19,0,18,19,3,7,0,0,0,0,4,0,0,1,1,2,2,1,30,6,5800,1,56,-1,6,E01018356,0,-1
2021061109557,2021,061109557,1,9,0,3,3,3,7,0,0,0,0,0,0,0,2,1,6,6,1,32,6,1596,1,10,FORD Model Missing,8,E01018582,0,-1
2021461089069,2021,461089069,1,4,0,18,19,1,5,0,0,0,0,0,0,0,1,1,6,6,1,69,10,1690,1,4,-1,3,E01003091,0,-1
2021430233168,2021,430233168,1,5,0,13,13,3,7,0,0,1,0,0,0,0,1,1,6,6,1,56,9,1584,1,13,-1,9,E01017853,0,-1
2021010350989,2021,010350989,2,9,0,2,2,0,0,0,0,2,0,0,0,0,2,1,6,6,3,-1,-1,2150,1,29,-1,-1,-1,0,-1
2021544123121,2021,544123121,1,9,0,18,19,1,5,0,0,0,1,0,0,0,1,1,6,6,1,25,5,1997,1,24,-1,4,E01032070,0,-1
2021031032631,2021,031032631,1,9,0,13,13,1,5,0,0,0,1,0,0,0,4,1,5,6,1,56,9,2259,1,28,-1,1,E01025423,0,-1
2021061053571,2021,061053571,1,19,0,7,7,2,8,0,0,1,0,0,0,0,3,1,6,6,3,-1,-1,2400,2,16,-1,-1,-1,0,-1
2021320150535,2021,320150535,1,19,4,9,9,2,5,0,0,8,3,0,0,0,3,1,6,6,1,38,7,2500,2,20,-1,7,E01017424,0,-1
2021010299449,2021,010299449,2,9,0,99,99,9,9,99,99,9,9,99,9,99,9,9,6,6,3,49,8,1988,1,16,LEXUS IS 200,4,E01003148,0,-1
2021440499030,2021,440499030,1,9,0,18,19,2,6,0,0,0,0,4,0,0,1,1,6,6,1,24,5,1988,1,17,LEXUS IS 200,4,E01023037,0,-1
2021010340695,2021,010340695,1,9,0,18,19,5,1,0,0,2,0,0,0,0,4,1,6,6,1,33,6,1988,1,18,LEXUS IS 200,-1,-1,0,-1
2021411095933,2021,411095933,2,9,0,18,19,6,2,0,0,8,0,0,0,0,1,1,5,6,1,25,5,1988,1,17,LEXUS IS 200,10,E01023516,0,-1
2021440097172,2021,440097172,2,9,0,18,19,6,2,0,0,0,0,4,0,0,1,1,2,2,1,56,9,1988,1,20,LEXUS IS 200,10,E01022559,0,-1
2021131061589,2021,131061589,1,9,0,13,13,7,3,0,0,0,0,0,0,0,1,1,5,6,1,21,5,1988,1,16,LEXUS IS 200,1,E01010839,0,-1
2021201107142,2021,201107142,2,9,0,18,19,8,4,0,0,8,0,0,0,0,1,1,6,6,1,37,7,1988,1,17,LEXUS IS 200,5,E01009235,0,-1
2021461102152,2021,461102152,1,9,0,18,19,4,8,0,0,0,0,0,0,0,1,1,6,6,1,24,5,1988,1,19,LEXUS IS 200,9,E01024331,0,-1
2021170H10671,2021,170H10671,1,9,0,11,11,1,5,0,0,8,0,0,0,0,4,1,6,6,1,62,9,1988,1,20,LEXUS IS 200,6,E01019760,0,-1
2021522103341,2021,522103341,1,9,0,18,19,1,5,0,0,8,0,0,0,0,1,1,6,6,1,21,5,1988,1,17,LEXUS IS 200,5,E01029058,0,-1
2021010335016,2021,010335016,2,9,0,99,99,9,9,99,99,9,9,99,9,99,1,9,6,6,3,56,9,1988,1,17,LEXUS IS 200,8,E01002109,0,-1
202131C174521,2021,31C174521,2,9,0,4,4,6,2,0,0,1,0,0,0,0,2,1,2,2,1,61,9,1988,1,21,LEXUS IS 200,4,E01028185,0,-1
2021010313855,2021,010313855,2,9,0,99,99,9,9,99,99,9,9,99,9,99,9,9,6,6,3,-1,-1,1988,1,19,LEXUS IS 200,-1,-1,0,-1
2021010324662,2021,010324662,1,9,9,99,99,9,9,99,99,2,9,99,9,0,9,1,6,6,3,-1,-1,1988,1,18,LEXUS IS 200,7,E01001131,0,-1
202131C126121,2021,31C126121,1,9,0,12,12,3,8,0,0,4,0,0,0,0,1,1,3,7,1,65,9,1988,1,20,LEXUS IS 200,1,E01013866,0,-1
2021545260221,2021,545260221,1,9,0,9,9,2,8,0,0,8,0,0,0,0,1,1,6,6,1,19,4,1988,1,19,LEXUS IS 200,7,E01015474,0,-1
2021351106065,2021,351106065,1,9,0,16,19,5,1,0,0,0,0,0,0,0,1,1,5,6,1,27,6,1988,1,17,LEXUS IS 200,9,E01018254,0,-1
2021010345079,2021,010345079,2,9,0,18,19,5,1,0,0,1,0,0,0,0,1,1,6,6,3,-1,-1,1988,1,18,LEXUS IS 200,-1,-1,0,-1
2021010349685,2021,010349685,1,9,0,99,99,9,9,99,99,9,9,99,9,99,2,9,6,6,1,23,5,1988,1,19,LEXUS IS 200,5,E01001344,0,-1
2021010309249,2021,010309249,1,9,0,18,19,5,1,0,0,0,0,10,1,4,1,1,6,6,2,66,10,1988,1,22,LEXUS IS 200,10,E01032623,0,-1
2021010300687,2021,010300687,2,9,0,18,19,3,7,0,0,8,1,0,1,1,1,1,6,6,1,-1,-1,1988,1,19,LEXUS IS 200,-1,-1,0,-1
2021302100777,2021,302100777,1,9,0,9,9,8,6,0,0,6,0,0,0,0,3,1,6,6,1,29,6,2231,2,9,LEXUS IS 200,7,E01019435,0,-1
2021451027538,2021,451027538,1,9,0,18,19,1,4,0,0,2,0,0,0,0,0,1,5,6,2,37,7,1988,1,16,LEXUS IS 200,6,E01030995,0,-1
2021010302034,2021,010302034,1,9,0,18,19,5,1,0,0,2,0,0,0,0,1,1,2,2,1,39,7,1988,1,16,LEXUS IS 200,3,E01000046,0,-1
2021320583801,2021,320583801,1,9,0,18,19,6,2,0,0,8,0,0,0,0,1,1,6,6,1,19,4,1988,1,18,LEXUS IS 200,10,E01026359,0,-1
2021010319751,2021,010319751,1,9,0,18,19,7,3,0,0,6,0,0,0,0,1,1,6,6,1,59,9,1988,1,16,LEXUS IS 200,6,E01004583,0,-1
2021041051532,2021,041051532,2,9,0,18,19,1,5,0,0,8,0,0,0,0,1,1,6,6,1,22,5,1988,1,19,LEXUS IS 200,4,E01025198,0,-1
2021010318277,2021,010318277,2,9,0,99,99,9,9,99,99,0,9,99,9,99,1,9,6,6,1,54,8,1988,1,16,LEXUS IS 200,2,E01003151,0,-1
2021061064831,2021,061064831,1,9,0,16,19,6,2,0,0,1,1,10,0,0,3,1,6,6,1,24,5,1988,1,16,LEXUS IS 200,4,E01005331,0,-1
2021451055018,2021,451055018,1,9,0,18,19,1,3,0,0,1,0,0,0,0,1,1,3,7,1,42,7,1988,1,17,LEXUS IS 200,10,E01030417,0,-1
2021010292761,2021,010292761,2,2,0,4,4,1,5,0,0,0,0,0,0,0,0,1,6,6,1,30,6,50,1,1,-1,3,E01002048,0,-1
2021411019546,2021,411019546,2,3,0,3,3,4,8,0,0,5,0,0,0,0,3,1,6,6,1,18,4,124,1,8,-1,8,E01023907,0,-1
2021501090655,2021,501090655,4,9,0,18,19,7,3,0,0,0,0,0,0,0,1,1,6,6,2,56,9,2191,2,6,-1,7,E01028658,0,-1
2021061130310,2021,061130310,2,9,0,9,9,5,1,0,0,1,0,0,0,0,3,1,5,6,1,61,9,2191,2,6,-1,1,E01005167,0,-1
2021421048580,2021,421048580,2,9,0,5,5,5,1,0,0,1,0,0,0,0,3,1,6,6,1,55,8,2191,2,6,-1,9,E01021786,0,-1
2021061104067,2021,061104067,2,9,0,18,19,7,3,0,0,1,0,0,0,0,1,1,6,6,2,59,9,2191,2,6,-1,1,E01005270,0,-1
2021302101478,2021,302101478,3,9,0,2,2,0,0,0,0,1,0,0,0,0,2,1,6,6,3,-1,-1,1998,1,1,-1,-1,-1,0,-1
2021461087435,2021,461087435,1,21,0,18,19,7,3,0,0,0,0,0,0,0,1,1,1,1,1,23,5,-1,-1,-1,MERCEDES Model Missing,7,E01024140,0,-1
2021411034106,2021,411034106,1,21,1,17,19,7,3,0,0,0,0,0,0,0,1,1,1,1,1,67,10,12809,2,2,MERCEDES Model Missing,8,E01032601,0,-1
2021111116310,2021,111116310,2,11,-1,18,19,8,4,0,0,0,0,0,0,0,0,1,1,1,1,48,8,6370,2,13,MERCEDES Model Missing,5,E01008787,0,-1
2021010305976,2021,010305976,2,21,0,99,99,9,9,99,99,0,9,99,9,99,9,9,6,6,3,-1,-1,10677,2,4,MERCEDES Model Missing,-1,-1,0,-1
2021545800621,2021,545800621,3,21,1,18,19,1,5,0,0,0,1,0,0,0,1,1,1,1,2,45,7,12809,2,4,MERCEDES Model Missing,6,E01032109,0,-1
2021461037120,2021,461037120,1,21,0,3,3,4,8,0,0,0,0,0,0,0,1,1,6,6,1,-1,-1,10677,2,5,MERCEDES Model Missing,-1,-1,0,-1
2021052101224,2021,052101224,2,21,0,2,2,0,0,0,0,2,0,0,0,0,2,1,1,1,1,39,7,7698,2,3,MERCEDES Model Missing,3,E01011242,0,-1
2021451054106,2021,451054106,3,21,1,18,19,1,4,0,0,0,0,0,0,0,1,1,1,1,1,34,6,12809,2,5,MERCEDES Model Missing,8,E01017148,0,-1
2021991082596,2021,991082596,2,21,1,18,19,2,6,0,0,0,0,0,0,0,3,1,1,1,1,41,7,10677,2,6,MERCEDES Model Missing,3,-1,0,-1
2021010293441,2021,010293441,2,9,0,17,19,3,1,0,0,6,0,9,0,0,1,1,6,6,1,50,8,3199,1,21,MERCEDES Model Missing,7,E01000119,0,-1
2021141038726,2021,141038726,1,20,0,7,7,2,5,0,0,1,0,0,0,0,3,1,1,1,1,53,8,4249,2,13,MERCEDES Model Missing,7,E01007689,0,-1
2021461079846,2021,461079846,2,21,1,18,19,7,3,0,0,0,0,0,0,0,1,1,1,1,1,58,9,12809,2,1,MERCEDES Model Missing,2,E01024634,0,-1
2021122101232,2021,122101232,2,21,1,18,19,3,7,0,0,7,0,0,0,0,3,1,1,1,1,26,6,10677,2,0,MERCEDES Model Missing,1,E01025382,0,-1
2021010299104,2021,010299104,1,19,0,8,8,5,7,0,0,1,0,0,0,0,1,1,6,6,2,67,10,-1,-1,-1,MERCEDES Model Missing,2,E01004201,0,-1
2021501111832,2021,501111832,3,21,1,18,19,2,6,0,0,0,0,0,0,0,3,1,1,1,1,72,10,12809,2,3,MERCEDES Model Missing,-1,-1,0,-1
2021211094261,2021,211094261,1,21,0,6,6,8,8,0,0,0,0,0,0,0,3,1,1,1,1,40,7,10677,2,4,MERCEDES Model Missing,6,E01028885,0,-1
2021201056019,2021,201056019,4,21,1,18,19,7,3,0,0,0,0,0,0,0,1,1,1,1,1,57,9,12809,2,3,MERCEDES Model Missing,4,E01031086,0,-1
2021041061529,2021,041061529,2,21,0,18,19,1,5,0,0,0,0,0,0,0,2,1,1,1,2,58,9,12809,2,2,MERCEDES Model Missing,6,-1,0,-1
2021141126118,2021,141126118,1,21,1,18,19,3,7,0,0,0,0,0,1,7,1,1,1,1,1,53,8,12809,2,2,MERCEDES Model Missing,2,E01011859,0,-1
2021421014797,2021,421014797,1,21,0,18,19,8,5,0,0,8,0,0,0,0,1,1,1,1,1,25,5,-1,-1,-1,MERCEDES Model Missing,10,E01002390,0,-1
2021061062338,2021,061062338,1,19,0,5,5,6,2,0,0,1,0,0,0,0,1,1,6,6,1,40,7,2151,2,16,MERCEDES Model Missing,3,E01005013,0,-1
2021061070648,2021,061070648,1,20,0,9,9,7,5,0,0,1,0,0,0,0,1,1,6,6,3,30,6,-1,-1,-1,MERCEDES Model Missing,-1,-1,0,-1
2021461061537,2021,461061537,1,21,1,18,19,1,5,0,0,0,0,0,0,0,1,1,5,6,1,-1,-1,12809,2,5,MERCEDES Model Missing,-1,-1,0,-1
2021991080478,2021,991080478,1,21,0,18,19,6,2,0,0,0,0,4,0,0,4,1,1,1,1,44,7,5132,2,2,MERCEDES Model Missing,7,W01000224,0,-1
2021052101560,2021,052101560,1,21,0,9,9,1,7,0,0,1,0,0,0,0,3,1,1,1,1,-1,-1,6370,2,17,MERCEDES Model Missing,-1,-1,0,-1
2021622100914,2021,622100914,3,21,0,18,19,8,4,0,0,0,0,0,0,0,1,1,1,1,1,62,9,12809,2,5,MERCEDES Model Missing,5,W01001068,0,-1
2021101011989,2021,101011989,1,90,0,7,7,2,5,0,0,0,0,0,0,0,4,1,1,1,1,-1,-1,7698,2,7,MERCEDES Model Missing,-1,-1,0,-1
2021070205892,2021,070205892,1,20,0,18,19,2,6,0,0,0,0,0,0,0,4,1,1,1,1,-1,-1,4250,2,14,MERCEDES Model Missing,-1,-1,0,-1
2021451054215,2021,451054215,1,21,1,18,19,6,2,0,0,0,0,0,0,0,0,1,1,1,1,51,8,11946,2,8,MERCEDES Model Missing,-1,-1,0,-1
2021052100287,2021,052100287,1,21,1,18,19,3,7,0,0,5,1,0,0,0,1,1,1,1,1,53,8,12809,2,6,MERCEDES Model Missing,2,W01000186,0,-1
2021401119577,2021,401119577,2,21,1,18,19,7,2,0,0,0,2,0,0,0,1,1,1,1,1,54,8,10677,2,6,MERCEDES Model Missing,8,E01017526,0,-1
2021061053702,2021,061053702,1,90,0,18,19,7,3,0,0,1,0,0,0,0,1,1,1,1,1,53,8,7698,2,6,MERCEDES Model Missing,2,E01005974,0,-1
2021201144198,2021,201144198,4,21,0,2,2,0,0,0,0,0,0,0,0,0,1,1,1,1,1,32,6,12809,2,0,MERCEDES Model Missing,2,E01011374,0,-1
2021141111357,2021,141111357,1,21,0,-1,-1,-1,-1,-1,-1,0,-1,-1,-1,0,-1,1,6,6,1,64,9,12809,2,4,MERCEDES Model Missing,5,E01032193,0,-1
2021161016667,2021,161016667,2,21,1,13,13,1,5,0,0,0,0,0,0,0,4,1,6,6,3,-1,-1,10677,2,2,MERCEDES Model Missing,-1,-1,0,-1
2021211096717,2021,211096717,1,21,1,5,5,2,2,0,0,0,0,0,0,0,1,1,1,1,1,56,9,10677,2,6,MERCEDES Model Missing,2,E01009082,0,-1
2021010300165,2021,010300165,1,90,0,18,19,1,5,0,0,2,0,0,0,0,4,1,1,1,1,36,7,7698,2,2,MERCEDES Model Missing,4,E01002677,0,-1
2021201071205,2021,201071205,1,21,0,15,15,4,8,0,0,1,0,0,0,0,3,1,1,1,1,-1,-1,12809,2,6,MERCEDES Model Missing,-1,-1,0,-1
2021351044674,2021,351044674,4,21,0,4,4,6,2,0,0,0,0,0,0,0,1,1,1,1,1,30,6,12809,2,6,MERCEDES Model Missing,1,E01015658,0,-1
2021544775521,2021,544775521,3,21,0,18,19,2,6,0,0,0,0,0,0,0,1,1,1,1,1,33,6,7201,2,9,MERCEDES Model Missing,10,E01014876,0,-1
20211383D0300,2021,1383D0300,2,21,1,18,19,7,3,0,0,0,0,11,0,0,4,1,1,1,1,62,9,12809,2,5,MERCEDES Model Missing,4,E01026416,0,-1
2021010318784,2021,010318784,1,21,1,7,7,3,6,0,0,8,0,0,0,0,4,1,6,6,3,52,8,12809,2,6,MERCEDES Model Missing,1,E01001431,0,-1
2021361099715,2021,361099715,1,98,1,-1,-1,-1,-1,-1,-1,-1,-1,-1,-1,0,-1,1,6,6,1,57,9,12809,2,3,-1,4,E01026780,0,-1
2021501085287,2021,501085287,1,21,1,17,19,2,6,0,0,0,0,0,0,0,2,1,1,1,1,49,8,12809,2,4,MERCEDES Model Missing,9,W01001578,0,-1
2021401071503,2021,401071503,1,21,0,18,19,5,1,0,0,0,0,0,0,0,1,1,6,6,1,-1,-1,10677,2,2,MERCEDES Model Missing,8,E01032819,0,-1
2021041098351,2021,041098351,2,90,0,2,2,0,0,0,0,0,0,0,0,0,0,1,6,6,3,-1,-1,7698,2,3,MERCEDES Model Missing,-1,-1,0,-1
2021131074133,2021,131074133,2,21,0,18,19,3,7,0,0,0,0,0,0,0,2,1,1,1,1,40,7,12809,2,5,MERCEDES Model Missing,7,E01012983,0,-1
2021041152900,2021,041152900,1,21,0,18,19,7,3,0,0,3,0,0,0,0,1,1,1,1,1,47,8,11967,2,10,MERCEDES Model Missing,6,E01011738,0,-1
2021010349756,2021,010349756,2,90,0,99,99,9,9,0,0,8,0,0,0,0,9,9,1,1,1,42,7,7698,2,3,MERCEDES Model Missing,4,E01026280,0,-1
2021351054019,2021,351054019,1,21,1,18,19,1,5,0,0,1,0,0,0,0,1,1,1,1,1,36,7,12809,2,5,MERCEDES Model Missing,3,E01024599,0,-1
2021201026034,2021,201026034,4,21,1,18,19,7,3,0,0,0,0,0,0,0,1,1,1,1,1,41,7,12809,2,2,MERCEDES Model Missing,1,E01017210,0,-1
2021351062135,2021,351062135,2,21,0,2,2,0,0,0,0,0,0,0,0,0,2,1,1,1,1,42,7,7201,2,14,MERCEDES Model Missing,2,E01018070,0,-1
2021061109111,2021,061109111,3,21,1,18,19,6,2,0,0,0,0,0,0,0,3,1,6,6,1,-1,-1,12809,2,3,MERCEDES Model Missing,-1,-1,0,-1
2021421091032,2021,421091032,1,21,2,9,9,7,3,0,0,0,0,0,0,0,0,1,1,1,1,-1,-1,12809,2,3,MERCEDES Model Missing,-1,-1,0,-1
2021070432613,2021,070432613,1,21,4,16,19,3,7,0,0,3,2,0,0,0,4,2,6,6,1,33,6,6370,2,13,MERCEDES Model Missing,3,E01007088,0,-1
2021141086377,2021,141086377,2,21,0,11,11,5,1,0,0,0,0,0,0,0,1,1,1,1,1,35,6,12809,2,3,MERCEDES Model Missing,1,E01020775,0,-1
2021520106117,2021,520106117,2,20,0,2,2,0,0,0,0,0,0,0,0,0,2,1,1,1,1,-1,-1,7698,2,3,MERCEDES Model Missing,-1,-1,0,-1
2021421016586,2021,421016586,1,21,1,18,19,7,3,0,0,0,5,0,0,0,4,1,1,1,1,61,9,12809,2,6,MERCEDES Model Missing,5,E01030138,0,-1
2021010319429,2021,010319429,2,90,5,18,19,1,5,0,0,2,0,0,0,0,0,2,2,2,1,33,6,7698,2,2,MERCEDES Model Missing,4,E01002299,0,-1
2021371118739,2021,371118739,2,21,4,18,19,1,5,0,0,0,0,0,0,0,1,1,6,6,1,61,9,-1,-1,-1,MERCEDES Model Missing,6,E01026437,0,-1
2021061053037,2021,061053037,2,21,0,2,2,2,8,9,9,1,0,0,0,0,0,1,1,1,1,60,9,-1,-1,-1,MERCEDES Model Missing,1,E01004848,0,-1
2021211057621,2021,211057621,2,21,1,18,19,8,4,0,0,0,0,0,0,0,1,1,1,1,1,56,9,12809,2,2,MERCEDES Model Missing,8,E01014167,0,-1
2021010301165,2021,010301165,1,90,0,18,19,1,5,0,0,2,0,0,0,0,3,1,1,1,1,50,8,7698,2,2,MERCEDES Model Missing,1,E01033207,0,-1
2021141069725,2021,141069725,1,21,0,18,19,7,3,1,1,0,0,0,7,1,1,1,1,1,1,60,9,7698,2,4,MERCEDES Model Missing,10,E01007923,0,-1
2021461025585,2021,461025585,1,98,0,18,19,1,5,0,0,2,0,0,0,0,4,1,6,6,1,51,8,4250,2,21,-1,2,E01003349,0,-1
2021161081773,2021,161081773,1,21,1,2,2,0,0,0,0,1,0,0,0,0,2,1,1,1,1,43,7,12809,2,3,MERCEDES Model Missing,4,E01027910,0,-1
2021122101238,2021,122101238,1,21,1,18,19,7,2,0,0,0,0,0,0,0,1,1,1,1,1,50,8,12809,2,6,MERCEDES Model Missing,2,E01027825,0,-1
2021351019322,2021,351019322,3,21,1,18,19,3,7,0,0,1,0,0,0,0,1,1,1,1,1,37,7,12809,2,3,MERCEDES Model Missing,9,E01032325,0,-1
2021411039256,2021,411039256,1,19,0,5,5,5,1,0,0,0,0,0,0,0,1,1,1,1,1,39,7,7698,2,7,MERCEDES Model Missing,6,E01023787,0,-1
2021411060266,2021,411060266,1,21,0,18,19,1,5,0,0,0,0,0,0,0,3,1,1,1,1,57,9,4250,2,8,MERCEDES Model Missing,2,E01004413,0,-1
2021061055078,2021,061055078,2,21,-1,18,19,3,7,0,0,4,0,0,0,0,3,1,6,6,1,50,8,4249,2,8,MERCEDES Model Missing,-1,-1,0,-1
2021161082636,2021,161082636,2,21,0,18,19,5,1,0,0,1,0,0,0,0,2,1,1,1,1,50,8,12809,2,5,MERCEDES Model Missing,1,E01013177,0,-1
2021461016277,2021,461016277,1,9,0,18,19,7,3,0,0,6,0,0,0,0,1,1,6,6,1,50,8,2295,1,24,MERCEDES Model Missing,4,E01024665,0,-1
2021471048339,2021,471048339,1,90,0,1,1,4,8,0,0,1,0,0,0,0,2,1,1,1,1,64,9,6370,2,9,MERCEDES Model Missing,7,E01031490,0,-1
2021052102711,2021,052102711,1,21,1,18,19,7,3,0,0,0,5,0,0,0,3,1,1,1,1,50,8,11967,2,12,MERCEDES Model Missing,9,E01025358,0,-1
2021141048463,2021,141048463,1,21,0,2,2,0,0,0,0,0,0,0,0,0,0,1,1,1,1,54,8,6370,2,13,MERCEDES Model Missing,6,E01007787,0,-1
2021010316810,2021,010316810,2,20,0,99,99,9,9,99,99,9,9,99,9,99,1,9,6,6,3,52,8,-1,3,26,MERCEDES Model Missing,4,E01002699,0,-1
2021141056089,2021,141056089,1,21,0,18,19,4,8,0,0,2,0,0,0,0,1,1,1,1,1,25,5,10677,2,6,MERCEDES Model Missing,3,E01007371,0,-1
2021141025783,2021,141025783,2,21,0,7,7,2,4,0,0,0,1,0,0,0,3,1,1,1,1,40,7,12809,2,6,MERCEDES Model Missing,4,E01012504,0,-1
2021440238942,2021,440238942,2,21,1,18,19,7,3,0,0,0,0,0,0,0,2,1,1,1,1,43,7,10677,2,5,MERCEDES Model Missing,4,E01017093,0,-1
2021061035197,2021,061035197,3,21,1,11,11,3,6,0,0,1,0,0,0,0,4,1,1,1,1,47,8,12809,2,5,MERCEDES Model Missing,5,E01005759,0,-1
2021520103640,2021,520103640,2,21,0,18,19,4,8,0,0,0,0,0,0,0,3,1,1,1,1,50,8,-1,-1,-1,MERCEDES Model Missing,-1,-1,0,-1
2021041126180,2021,041126180,2,21,0,2,2,0,0,6,6,0,0,0,0,0,2,1,5,6,1,41,7,12809,2,3,MERCEDES Model Missing,9,E01029724,0,-1
2021010308984,2021,010308984,1,90,0,18,19,5,1,0,0,1,0,0,0,0,4,1,1,1,1,38,7,2987,2,4,MERCEDES Model Missing,4,E01004187,0,-1
2021052100594,2021,052100594,1,20,0,11,11,7,3,0,0,2,0,0,0,0,1,1,1,1,1,57,9,6370,2,11,MERCEDES Model Missing,3,E01012155,0,-1
2021141070881,2021,141070881,1,21,0,16,19,3,8,0,0,0,5,0,0,0,4,1,1,1,1,42,7,12809,2,5,MERCEDES Model Missing,5,E01026367,0,-1
202106N080122,2021,06N080122,2,21,1,18,19,4,8,0,0,0,0,0,0,0,4,1,1,1,1,52,8,11946,2,8,MERCEDES Model Missing,8,E01006281,0,-1
2021520201313,2021,520201313,1,21,0,18,19,2,6,0,0,0,0,0,0,0,1,1,6,6,1,60,9,12809,2,5,MERCEDES Model Missing,5,E01019974,0,-1
2021351077813,2021,351077813,1,21,0,3,3,6,2,0,0,6,0,0,0,0,3,1,1,1,1,31,6,-1,-1,-1,MERCEDES Model Missing,-1,-1,0,-1
2021061079318,2021,061079318,2,19,0,18,19,3,7,0,0,6,0,0,0,0,1,1,1,1,1,30,6,4249,2,8,MERCEDES Model Missing,-1,-1,0,-1
2021061048183,2021,061048183,1,21,0,1,1,6,2,0,0,1,0,0,0,0,4,1,1,1,1,25,5,10677,2,6,MERCEDES Model Missing,3,E01025388,0,-1
2021430532978,2021,430532978,2,21,0,3,3,8,4,0,0,0,0,0,0,0,2,1,1,1,1,57,9,-1,-1,-1,MERCEDES Model Missing,-1,-1,0,-1
2021041097265,2021,041097265,1,11,0,18,19,3,7,0,0,1,0,0,0,0,1,1,1,1,1,32,6,6370,2,10,MERCEDES Model Missing,3,E01025232,0,-1
2021010320564,2021,010320564,2,21,0,3,3,1,5,0,0,1,0,0,0,0,1,1,6,6,1,34,6,10677,2,6,MERCEDES Model Missing,3,E01023876,0,-1
2021101066247,2021,101066247,2,90,0,18,19,4,8,0,0,3,0,0,0,0,4,1,1,1,1,59,9,7698,2,5,MERCEDES Model Missing,1,E01008426,0,-1
2021451023766,2021,451023766,2,21,0,18,19,1,5,0,0,0,0,0,0,0,1,1,1,1,1,45,7,10677,2,4,MERCEDES Model Missing,2,E01024193,0,-1
2021201102616,2021,201102616,2,21,0,18,19,-1,-1,0,0,1,0,0,0,0,1,1,6,6,1,-1,-1,4250,2,14,MERCEDES Model Missing,-1,-1,0,-1
2021201119608,2021,201119608,2,21,0,11,11,1,5,0,0,0,0,0,0,0,3,1,1,1,1,-1,-1,12809,2,2,MERCEDES Model Missing,-1,-1,0,-1
2021010305861,2021,010305861,2,21,9,99,99,9,9,99,99,9,9,99,9,99,9,9,6,6,3,-1,-1,10677,2,5,MERCEDES Model Missing,-1,-1,0,-1