collision_index,collision_year,collision_ref_no,vehicle_reference,vehicle_type,towing_and_articulation,vehicle_manoeuvre_historic,vehicle_manoeuvre,vehicle_direction_from,vehicle_direction_to,vehicle_location_restricted_lane_historic,vehicle_location_restricted_lane,junction_location,skidding_and_overturning,hit_object_in_carriageway,vehicle_leaving_carriageway,hit_object_off_carriageway,first_point_of_impact,vehicle_left_hand_drive,journey_purpose_of_driver_historic,journey_purpose_of_driver,sex_of_driver,age_of_driver,age_band_of_driver,engine_capacity_cc,propulsion_code,age_of_vehicle,generic_make_model,driver_imd_decile,lsoa_of_driver,escooter_flag,driver_distance_banding
2021031055536,2021,031055536,1,9,0,18,19,5,1,9,9,1,0,0,1,1,1,1,5,6,2,20,4,1390,1,8,SEAT IBIZA,6,E01019317,0,-1
202163C003221,2021,63C003221,1,9,0,13,13,2,6,0,0,0,1,0,7,10,2,1,6,6,1,22,5,1896,2,14,SEAT IBIZA,2,W01000594,0,-1
2021361084264,2021,361084264,1,9,0,17,19,2,6,0,0,0,0,0,0,0,1,1,5,6,2,27,6,999,1,3,SEAT IBIZA,7,E01026880,0,-1
2021131089626,2021,131089626,1,9,0,18,19,-1,-1,0,0,8,0,0,0,0,-1,1,6,6,1,26,6,1199,2,10,SEAT IBIZA,6,E01011446,0,-1
2021531093821,2021,531093821,1,9,0,18,19,1,3,0,0,0,1,0,2,4,1,1,6,6,1,19,4,1598,1,16,SEAT IBIZA,7,E01022373,0,-1
2021411049742,2021,411049742,1,9,0,18,19,1,5,0,0,8,0,0,0,0,1,1,2,2,1,27,6,1197,1,9,SEAT IBIZA,10,E01022085,0,-1
2021430288698,2021,430288698,2,9,0,2,2,0,0,0,0,0,0,0,0,0,1,1,6,6,1,-1,-1,999,1,2,SEAT IBIZA,-1,-1,0,-1
2021991036510,2021,991036510,1,9,0,18,19,6,2,0,0,8,0,0,0,0,1,1,5,6,1,18,4,1197,1,6,SEAT IBIZA,10,-1,0,-1
202163B070821,2021,63B070821,2,9,0,17,19,5,2,0,0,0,0,0,1,10,3,1,6,6,1,20,4,1598,2,11,SEAT IBIZA,5,W01000528,0,-1
2021161115500,2021,161115500,1,9,0,18,19,7,3,0,0,0,0,0,0,0,1,1,6,6,1,20,4,999,1,4,SEAT IBIZA,1,E01008669,0,-1
2021401141313,2021,401141313,2,9,0,3,3,6,2,0,0,1,0,0,0,0,0,1,6,6,2,32,6,999,1,3,SEAT IBIZA,7,E01033432,0,-1
2021522200986,2021,522200986,2,9,0,18,19,5,2,0,0,8,0,0,0,0,1,1,6,6,2,37,7,1390,1,7,SEAT IBIZA,7,E01014598,0,-1
2021440475735,2021,440475735,1,9,0,9,9,1,7,0,0,1,0,0,0,0,3,1,2,2,2,39,7,999,1,1,SEAT IBIZA,5,E01017136,0,-1
2021211054983,2021,211054983,1,9,0,18,19,5,4,0,0,0,0,0,0,0,1,1,2,2,2,28,6,999,1,1,SEAT IBIZA,4,E01029783,0,-1
202131B097221,2021,31B097221,1,9,0,13,13,8,4,0,0,0,2,0,7,0,3,1,6,6,1,19,4,1197,1,6,SEAT IBIZA,5,E01007609,0,-1
2021201144829,2021,201144829,3,9,0,2,2,0,0,0,0,0,0,4,0,0,1,1,6,6,1,-1,-1,999,1,0,SEAT IBIZA,-1,-1,0,-1
2021302101427,2021,302101427,3,9,0,18,19,1,4,0,0,1,0,0,0,0,1,1,2,2,1,26,6,1598,2,8,SEAT IBIZA,5,E01013545,0,-1
2021622200009,2021,622200009,1,9,0,18,19,3,1,0,0,3,0,0,0,0,4,1,6,6,2,23,5,999,1,4,SEAT IBIZA,1,W01001481,0,-1
2021547721521,2021,547721521,2,9,0,4,4,3,7,0,0,3,0,0,0,0,2,1,6,6,2,19,4,1390,1,12,SEAT IBIZA,3,E01015502,0,-1
2021131055329,2021,131055329,1,9,0,13,13,5,1,0,0,0,0,0,7,1,1,1,5,6,1,19,4,1390,1,13,SEAT IBIZA,2,E01010715,0,-1
2021061073467,2021,061073467,2,9,0,9,9,1,3,0,0,1,0,0,0,0,0,1,6,6,1,31,6,1198,1,9,SEAT IBIZA,4,E01018402,0,-1
2021201106489,2021,201106489,2,9,0,18,19,6,2,0,0,0,0,0,0,0,1,1,6,6,1,19,4,1390,1,10,SEAT IBIZA,1,E01009092,0,-1
2021471047398,2021,471047398,1,9,0,18,19,1,5,0,0,1,0,0,0,0,3,1,5,6,1,53,8,1390,1,6,SEAT IBIZA,4,E01016856,0,-1
2021451079291,2021,451079291,1,9,0,18,19,1,5,0,0,1,5,4,0,0,1,1,5,6,1,24,5,999,1,1,SEAT IBIZA,10,E01030807,0,-1
2021201069210,2021,201069210,2,9,0,11,11,8,4,0,0,3,0,10,0,0,3,1,6,6,1,21,5,1197,1,8,SEAT IBIZA,2,E01009017,0,-1
2021440292421,2021,440292421,1,9,0,18,19,6,2,0,0,8,0,0,0,0,1,1,6,6,1,23,5,999,1,1,SEAT IBIZA,7,E01024764,0,-1
2021411095607,2021,411095607,1,9,0,9,9,4,8,0,0,1,0,0,0,0,3,1,5,6,1,27,6,1390,1,8,SEAT IBIZA,6,E01023340,0,-1
2021010292065,2021,010292065,1,9,0,5,5,1,5,0,0,2,1,10,1,2,1,1,2,2,2,51,8,1390,1,15,SEAT IBIZA,7,E01000703,0,-1
2021141028669,2021,141028669,2,9,0,18,19,1,5,0,0,0,0,0,0,0,2,1,6,6,1,20,4,1390,1,10,SEAT IBIZA,3,E01008028,0,-1
2021461160456,2021,461160456,1,9,0,18,19,1,5,0,0,1,0,0,0,0,3,1,6,6,2,30,6,1197,1,10,SEAT IBIZA,4,E01024591,0,-1
2021501069391,2021,501069391,1,9,0,18,19,3,7,0,0,1,0,0,0,0,1,1,5,6,2,22,5,999,1,1,SEAT IBIZA,6,E01019945,0,-1
2021320732347,2021,320732347,1,9,0,7,7,6,2,0,0,5,5,0,3,0,1,1,6,6,1,18,4,1390,1,8,SEAT IBIZA,9,E01026273,0,-1
2021440433275,2021,440433275,2,9,0,2,2,0,0,0,0,0,0,0,0,0,1,1,6,6,3,-1,-1,1896,2,15,SEAT IBIZA,-1,-1,0,-1
2021421053284,2021,421053284,1,9,0,18,19,6,2,0,0,1,1,0,0,0,1,1,6,6,1,71,10,1197,1,8,SEAT IBIZA,-1,-1,0,-1
2021991160027,2021,991160027,1,9,0,10,10,8,6,0,0,1,0,0,0,0,2,1,5,6,1,82,11,1197,1,6,SEAT IBIZA,8,-1,0,-1
2021131086758,2021,131086758,2,9,0,9,9,8,6,0,0,1,0,0,0,0,4,1,5,6,2,20,4,1198,1,7,SEAT IBIZA,3,E01010912,0,-1
2021548554821,2021,548554821,1,9,0,18,19,6,2,0,0,0,0,0,7,9,1,1,6,6,1,82,11,999,1,4,SEAT IBIZA,6,E01032004,0,-1
2021440335193,2021,440335193,2,9,0,4,4,7,3,0,0,0,1,0,5,6,2,1,6,6,2,52,8,1390,1,8,SEAT IBIZA,5,E01001105,0,-1
2021070125277,2021,070125277,2,9,0,10,10,7,5,0,0,6,0,0,0,0,1,1,6,6,2,36,7,1598,2,9,SEAT IBIZA,9,E01018684,0,-1
2021231119559,2021,231119559,2,9,0,4,4,5,1,0,0,0,0,0,0,0,2,1,5,6,1,26,6,1197,1,5,SEAT IBIZA,6,E01031206,0,-1
2021320411213,2021,320411213,3,9,0,10,10,7,5,0,0,5,0,0,0,0,1,1,6,6,2,20,4,1197,1,7,SEAT IBIZA,5,E01026243,0,-1
202131C047321,2021,31C047321,2,9,0,3,3,2,6,0,0,0,0,0,0,0,2,1,6,6,3,-1,-1,999,1,4,SEAT IBIZA,-1,-1,0,-1
2021231056810,2021,231056810,1,9,0,18,19,8,4,0,0,0,5,0,1,0,3,1,5,6,1,39,7,1598,2,11,SEAT IBIZA,5,E01032444,0,-1
2021061025622,2021,061025622,2,9,0,18,19,5,1,0,0,1,0,0,0,0,4,1,6,6,2,47,8,1197,1,6,SEAT IBIZA,5,E01005944,0,-1
2021131093852,2021,131093852,1,9,0,11,11,3,7,0,0,0,0,0,0,0,2,1,5,6,1,20,4,999,1,3,SEAT IBIZA,2,E01029436,0,-1
2021440389639,2021,440389639,2,9,0,4,4,5,1,0,0,1,0,0,0,0,1,1,2,2,1,20,4,1198,1,13,SEAT IBIZA,10,E01022704,0,-1
2021320724712,2021,320724712,1,9,0,18,19,4,8,0,0,0,0,0,0,0,1,1,6,6,2,36,7,1197,1,4,SEAT IBIZA,7,E01026188,0,-1
2021201060933,2021,201060933,1,9,0,18,19,7,3,0,0,1,0,0,0,0,1,1,6,6,1,-1,-1,1390,1,12,SEAT IBIZA,-1,-1,0,-1
2021141038230,2021,141038230,2,9,0,18,19,3,7,1,1,1,0,0,0,0,1,1,5,6,2,20,4,1197,1,7,SEAT IBIZA,4,E01019491,0,-1
2021351125227,2021,351125227,1,9,0,4,4,3,6,0,0,0,0,0,0,0,0,1,2,2,1,24,5,1390,1,10,SEAT IBIZA,9,E01030127,0,-1
2021430409110,2021,430409110,1,9,0,9,9,1,7,0,0,5,0,0,0,0,4,1,6,6,1,74,10,1198,1,6,SEAT IBIZA,9,E01028783,0,-1
2021010351181,2021,010351181,2,9,0,9,9,5,3,0,0,1,0,0,0,0,2,1,6,6,2,67,10,1197,1,9,SEAT IBIZA,-1,-1,0,-1
2021430182821,2021,430182821,2,9,0,9,9,7,5,0,0,8,0,0,0,0,3,1,6,6,2,26,6,1198,1,18,SEAT IBIZA,6,E01002523,0,-1
2021010347393,2021,010347393,1,9,0,7,7,6,8,0,0,2,0,0,0,0,1,1,6,6,1,55,8,1390,1,11,SEAT IBIZA,2,E01002493,0,-1
2021201074052,2021,201074052,1,9,0,4,4,2,6,0,0,0,0,0,0,0,1,1,6,6,1,19,4,1390,1,12,SEAT IBIZA,10,E01031317,0,-1
2021221044999,2021,221044999,1,9,0,7,7,4,6,0,0,6,0,0,1,10,1,1,2,2,2,22,5,1198,1,18,SEAT IBIZA,8,W01001542,0,-1
2021131036441,2021,131036441,1,9,0,18,19,1,3,4,4,0,0,0,0,0,1,1,5,6,1,21,5,1896,2,15,SEAT IBIZA,3,E01011786,0,-1
2021061117905,2021,061117905,1,9,0,18,19,7,3,0,0,0,0,0,0,0,4,1,2,2,1,21,5,1390,1,11,SEAT IBIZA,3,E01005445,0,-1
2021131039006,2021,131039006,1,9,0,9,9,1,5,0,0,3,0,0,0,0,3,1,5,6,3,28,6,1197,1,5,SEAT IBIZA,6,E01011156,0,-1
202154C278521,2021,54C278521,1,9,0,18,19,3,7,0,0,0,0,0,2,11,2,1,6,6,1,21,5,1781,1,20,SEAT IBIZA,7,E01031942,0,-1
2021451025369,2021,451025369,3,9,0,4,4,8,4,0,0,0,0,0,0,0,2,1,5,6,2,28,6,1422,2,13,SEAT IBIZA,4,E01023106,0,-1
2021451102425,2021,451102425,1,9,0,18,19,3,7,0,0,0,1,0,8,7,3,1,5,6,2,32,6,1390,1,9,SEAT IBIZA,8,E01004557,0,-1
2021010340245,2021,010340245,1,9,0,10,10,7,5,0,0,2,0,0,0,0,2,1,6,6,2,20,4,999,1,2,SEAT IBIZA,4,E01021815,0,-1
2021010316620,2021,010316620,2,9,0,2,2,0,0,0,0,2,0,0,0,0,4,1,6,6,3,-1,-1,1197,1,7,SEAT IBIZA,-1,-1,0,-1
2021430274799,2021,430274799,2,9,0,18,19,5,1,0,0,8,0,0,0,0,1,1,6,6,2,20,4,1198,1,10,SEAT IBIZA,9,E01028650,0,-1
2021201058683,2021,201058683,3,9,0,4,4,6,2,0,0,1,0,0,0,0,2,1,6,6,1,37,7,1390,1,8,SEAT IBIZA,1,E01010483,0,-1
2021070557239,2021,070557239,1,9,0,18,19,6,8,0,0,8,0,0,0,0,1,1,6,6,1,21,5,999,1,2,SEAT IBIZA,8,E01018493,0,-1
2021401020585,2021,401020585,1,9,0,3,3,8,3,0,0,4,0,0,0,0,1,1,5,6,1,28,6,1390,1,15,SEAT IBIZA,5,E01015790,0,-1
2021991077672,2021,991077672,1,9,0,18,19,2,6,0,0,2,0,0,0,0,1,1,5,6,1,19,4,1390,1,6,SEAT IBIZA,6,-1,0,-1
2021131061030,2021,131061030,1,9,0,18,19,1,5,0,0,8,0,0,7,0,1,1,6,6,1,18,4,1197,1,5,SEAT IBIZA,9,E01011302,0,-1
202134WNC6301,2021,34WNC6301,1,9,0,9,9,3,1,0,0,6,1,0,0,0,3,1,2,2,1,18,4,1197,1,9,SEAT IBIZA,9,E01027253,0,-1
2021070089289,2021,070089289,3,9,0,18,19,5,1,0,0,0,0,11,0,0,1,1,6,6,1,20,4,1422,2,11,SEAT IBIZA,2,E01006404,0,-1
2021041121035,2021,041121035,1,9,0,18,19,5,1,0,0,0,1,0,0,0,1,1,5,6,2,63,9,1390,1,9,SEAT IBIZA,2,E01025381,0,-1
2021351063709,2021,351063709,1,9,0,18,19,3,3,0,0,1,0,0,0,0,1,1,1,1,1,42,7,1968,2,9,SEAT IBIZA,3,E01015615,0,-1
2021041036955,2021,041036955,2,9,0,18,19,1,1,0,0,0,0,0,0,0,3,1,6,6,1,21,5,999,1,6,SEAT IBIZA,8,E01012581,0,-1
202131C025121,2021,31C025121,1,9,0,18,19,6,2,0,0,8,0,0,0,0,1,1,6,6,1,24,5,1390,1,8,SEAT IBIZA,3,E01013930,0,-1
2021991092766,2021,991092766,1,9,0,16,19,3,7,0,0,0,1,7,8,0,1,1,6,6,2,23,5,1390,1,10,SEAT IBIZA,-1,-1,0,-1
2021010313921,2021,010313921,2,9,0,99,99,9,9,99,99,9,9,99,9,99,2,9,6,6,3,59,9,1198,1,6,SEAT IBIZA,4,E01004358,0,-1
2021201077623,2021,201077623,1,9,0,3,3,8,4,0,0,1,0,0,0,0,1,1,6,6,1,23,5,1390,1,7,SEAT IBIZA,1,E01009109,0,-1
2021101059867,2021,101059867,2,9,0,5,5,6,3,0,0,2,0,0,0,0,4,1,5,6,1,19,4,1197,1,5,SEAT IBIZA,9,E01027491,0,-1
2021041040709,2021,041040709,1,9,0,18,19,7,3,0,0,0,0,0,0,0,1,1,1,1,1,34,6,999,1,1,SEAT IBIZA,1,E01024940,0,-1
2021141053956,2021,141053956,1,9,0,18,19,8,4,0,0,2,5,0,0,0,4,1,1,1,2,33,6,1198,1,6,SEAT IBIZA,4,E01007354,0,-1
2021351171110,2021,351171110,1,9,0,9,9,2,8,0,0,0,0,0,0,0,1,1,4,7,2,18,4,1390,1,14,SEAT IBIZA,10,E01018239,0,-1
2021131118050,2021,131118050,1,9,0,18,19,5,1,0,0,0,0,0,0,0,1,1,6,6,1,17,4,1197,1,10,SEAT IBIZA,1,E01011560,0,-1
2021401088308,2021,401088308,1,9,0,18,19,6,2,0,0,1,1,4,0,0,1,1,6,6,1,20,4,1390,1,10,SEAT IBIZA,9,E01033191,0,-1
2021070629056,2021,070629056,2,9,0,4,4,6,2,0,0,0,0,0,0,0,2,1,1,1,2,57,9,1390,1,8,SEAT IBIZA,5,E01018444,0,-1
2021531093537,2021,531093537,2,9,0,9,9,5,1,0,0,8,0,0,0,0,3,1,5,6,1,25,5,1390,1,14,SEAT IBIZA,1,E01009679,0,-1
2021122100303,2021,122100303,1,9,0,11,11,5,1,0,0,0,1,0,1,0,3,1,1,1,1,50,8,1197,1,5,SEAT IBIZA,10,E01027709,0,-1
2021440368877,2021,440368877,1,9,0,18,19,6,2,0,0,1,0,0,0,0,1,1,6,6,2,31,6,1390,1,14,SEAT IBIZA,3,E01023142,0,-1
2021111049806,2021,111049806,1,9,0,16,19,7,3,0,0,0,0,0,0,0,1,1,5,6,2,18,4,999,1,5,SEAT IBIZA,3,E01020884,0,-1
2021991070278,2021,991070278,2,9,0,4,4,6,1,0,0,0,0,0,0,0,2,1,2,2,1,58,9,1197,1,7,SEAT IBIZA,7,-1,0,-1
2021138141621,2021,138141621,1,9,0,18,19,2,6,0,0,6,0,0,1,0,3,1,6,6,1,21,5,1199,2,10,SEAT IBIZA,4,E01011668,0,-1
202134NNC2311,2021,34NNC2311,3,9,0,18,19,3,7,0,0,0,0,0,0,0,3,1,6,6,1,22,5,1896,2,14,SEAT IBIZA,7,E01027338,0,-1
2021141096709,2021,141096709,1,9,0,18,19,1,5,0,0,0,0,0,0,0,1,1,6,6,1,18,4,1896,2,15,SEAT IBIZA,4,E01007820,0,-1
2021070487506,2021,070487506,2,9,0,13,13,2,6,0,0,0,5,0,7,9,4,1,2,2,1,59,9,1197,1,5,SEAT IBIZA,7,E01018372,0,-1
2021141093227,2021,141093227,1,9,0,18,19,1,5,0,0,0,0,0,0,0,0,1,6,6,2,40,7,1390,1,9,SEAT IBIZA,2,E01007965,0,-1
2021991119706,2021,991119706,1,9,0,18,19,1,4,0,0,7,0,0,0,0,1,1,5,6,2,21,5,1598,2,8,SEAT IBIZA,1,-1,0,-1
2021991034227,2021,991034227,2,9,0,4,4,3,7,0,0,0,0,0,0,0,2,1,6,6,1,19,4,1197,1,5,SEAT IBIZA,2,-1,0,-1
2021531050924,2021,531050924,1,9,0,18,19,-1,-1,0,0,0,0,0,0,0,1,1,6,6,1,53,8,999,1,1,SEAT IBIZA,9,E01022108,0,-1
2021141030466,2021,141030466,1,9,0,18,19,1,5,0,0,0,0,0,0,0,1,1,2,2,1,23,5,1390,1,8,SEAT IBIZA,2,E01007556,0,-1
2021201110129,2021,201110129,2,9,0,18,19,4,8,0,0,1,0,0,0,0,2,1,6,6,1,19,4,999,1,5,SEAT IBIZA,10,E01009780,0,-1
2021101038720,2021,101038720,1,9,0,18,19,7,3,0,0,8,0,0,0,0,3,1,6,6,2,63,9,1197,1,7,SEAT IBIZA,5,E01008787,0,-1
2021302101533,2021,302101533,2,9,0,2,2,0,0,0,0,0,0,4,1,0,2,1,6,6,3,-1,-1,1198,1,9,SEAT IBIZA,-1,-1,0,-1
2021411095812,2021,411095812,1,9,0,4,4,5,1,0,0,8,0,9,4,0,1,1,6,6,1,54,8,1197,1,4,SEAT IBIZA,4,E01023333,0,-1
2021201071735,2021,201071735,1,9,0,18,19,1,5,0,0,0,0,0,0,0,3,1,6,6,2,47,8,1390,1,10,SEAT IBIZA,4,E01010298,0,-1
2021141080247,2021,141080247,1,9,0,18,19,2,2,0,0,8,0,0,0,0,4,1,5,6,2,45,7,999,1,2,SEAT IBIZA,7,E01007604,0,-1
2021010327958,2021,010327958,1,9,0,12,12,1,5,0,0,5,1,0,0,0,1,1,6,6,1,25,5,1198,1,13,SEAT IBIZA,3,E01003564,0,-1
2021010301198,2021,010301198,2,9,0,1,1,7,3,0,0,0,0,0,0,0,3,1,6,6,1,54,8,1390,1,11,SEAT IBIZA,9,E01000344,0,-1
2021201080310,2021,201080310,1,9,0,18,19,8,4,0,0,0,0,4,0,0,3,1,6,6,1,20,4,1422,2,12,SEAT IBIZA,4,E01014586,0,-1
2021201109306,2021,201109306,3,9,0,10,10,1,3,0,0,1,0,0,0,0,1,1,6,6,2,-1,-1,1390,1,13,SEAT IBIZA,4,E01009089,0,-1
2021547628421,2021,547628421,2,9,0,4,4,7,3,0,0,0,0,0,0,0,1,1,6,6,2,55,8,999,1,0,SEAT IBIZA,6,E01031871,0,-1
2021440350091,2021,440350091,1,9,0,9,9,6,2,0,0,5,0,0,0,0,3,1,6,6,1,26,6,1197,1,5,SEAT IBIZA,10,E01022554,0,-1
2021111092605,2021,111092605,1,9,0,18,19,4,1,0,0,0,0,0,0,0,1,1,6,6,1,30,6,1197,1,7,SEAT IBIZA,8,E01012246,0,-1
202163C040321,2021,63C040321,1,9,0,9,9,6,4,0,0,6,0,0,0,0,3,1,6,6,1,17,4,1390,1,10,SEAT IBIZA,5,W01000617,0,-1
2021461028182,2021,461028182,2,9,0,2,2,0,0,0,0,0,0,0,0,0,3,1,5,6,3,-1,-1,1598,2,9,SEAT IBIZA,-1,-1,0,-1
2021501044282,2021,501044282,1,9,0,14,14,3,7,0,0,0,0,4,0,0,1,1,5,6,1,18,4,1390,1,14,SEAT IBIZA,2,E01020111,0,-1
2021430121177,2021,430121177,2,9,0,18,19,2,6,0,0,0,0,0,0,0,1,1,6,6,3,-1,-1,999,1,3,SEAT IBIZA,-1,-1,0,-1
2021138451238,2021,138451238,2,9,0,18,19,7,3,0,0,0,0,0,0,0,1,1,6,6,1,54,8,1598,1,13,SEAT IBIZA,3,E01011304,0,-1
2021622100215,2021,622100215,2,9,0,18,19,6,2,0,0,1,0,0,0,0,4,1,6,6,2,17,4,1198,1,12,SEAT IBIZA,2,W01001705,0,-1
2021421073325,2021,421073325,1,9,0,18,19,3,7,0,0,0,2,0,0,0,1,1,5,6,1,18,4,1390,1,15,SEAT IBIZA,4,E01021365,0,-1
2021201097054,2021,201097054,2,9,0,18,19,2,6,0,0,0,0,8,0,0,4,1,6,6,2,22,5,1198,1,12,SEAT IBIZA,1,E01009107,0,-1
2021101040338,2021,101040338,2,9,0,18,19,8,4,0,0,1,0,0,0,0,1,1,5,6,1,19,4,1390,1,8,SEAT IBIZA,9,E01008328,0,-1
2021141086020,2021,141086020,1,9,0,18,19,6,2,0,0,0,0,0,0,0,1,1,5,6,1,77,11,1197,1,8,SEAT IBIZA,1,E01011911,0,-1
2021010306080,2021,010306080,1,9,0,18,19,8,4,0,0,8,0,0,0,0,1,1,6,6,1,46,8,1197,1,9,SEAT IBIZA,2,E01000080,0,-1
2021221021819,2021,221021819,1,9,0,5,5,5,1,0,0,4,0,0,0,0,3,1,2,2,2,49,8,1390,1,15,SEAT IBIZA,9,E01028839,0,-1
2021361080020,2021,361080020,1,9,0,18,19,5,2,0,0,0,0,0,0,0,1,1,6,6,1,21,5,1390,1,16,SEAT IBIZA,2,E01033436,0,-1
2021211079473,2021,211079473,1,9,0,17,19,2,3,0,0,0,1,0,0,0,3,1,5,6,1,18,4,1390,1,15,SEAT IBIZA,2,E01010439,0,-1
2021451079222,2021,451079222,1,9,0,18,19,4,5,0,0,1,1,0,0,0,1,1,6,6,1,31,6,1390,1,12,SEAT IBIZA,4,E01002987,0,-1
2021501033969,2021,501033969,1,9,0,17,19,4,8,0,0,0,1,0,0,0,1,1,1,1,1,26,6,1896,2,16,SEAT IBIZA,8,E01015113,0,-1
2021041084030,2021,041084030,1,9,0,18,19,3,7,0,0,0,5,0,1,9,4,1,2,2,1,40,7,999,1,2,SEAT IBIZA,6,E01025334,0,-1
2021201128854,2021,201128854,1,9,0,5,5,6,8,0,0,6,1,0,0,0,1,1,6,6,3,-1,-1,1198,1,14,SEAT IBIZA,-1,-1,0,-1
2021221071619,2021,221071619,2,9,0,9,9,3,8,0,0,6,0,0,1,0,1,1,5,6,2,62,9,1598,1,12,SEAT IBIZA,6,E01013998,0,-1
2021302100687,2021,302100687,2,9,0,18,19,6,2,0,0,0,0,0,0,0,1,1,6,6,1,22,5,999,1,3,SEAT IBIZA,7,E01013488,0,-1
2021501122124,2021,501122124,1,9,0,18,19,5,1,0,0,1,0,0,0,0,1,1,2,2,1,30,6,1197,1,7,SEAT IBIZA,4,E01019049,0,-1
2021041018844,2021,041018844,1,9,0,18,19,4,8,0,0,0,0,0,0,0,1,1,5,6,1,37,7,1896,2,13,SEAT IBIZA,2,E01024910,0,-1
2021101052730,2021,101052730,2,9,0,18,19,6,2,0,0,0,0,0,0,0,4,1,5,6,2,-1,-1,1390,1,7,SEAT IBIZA,-1,-1,0,-1
2021122100126,2021,122100126,1,9,0,18,19,3,7,0,0,0,0,0,0,0,4,1,6,6,1,74,10,999,1,2,SEAT IBIZA,10,E01027914,0,-1
2021302100446,2021,302100446,2,9,0,3,3,2,6,0,0,1,0,0,0,0,2,1,6,6,1,22,5,1422,2,5,SEAT IBIZA,10,E01019756,0,-1
2021201142573,2021,201142573,2,9,0,18,19,2,6,0,0,2,0,0,0,0,3,1,6,6,2,31,6,1390,1,12,SEAT IBIZA,1,E01008909,0,-1
2021501100518,2021,501100518,1,9,0,11,11,7,5,6,6,0,1,0,1,1,1,1,2,2,1,24,5,1390,1,10,SEAT IBIZA,6,E01020179,0,-1
2021122100921,2021,122100921,1,9,0,11,11,5,8,0,0,0,0,0,0,0,4,1,6,6,1,46,8,999,1,2,SEAT IBIZA,3,E01008780,0,-1
2021991094084,2021,991094084,1,9,0,18,19,3,7,0,0,8,0,0,0,0,3,1,5,6,1,21,5,1422,2,14,SEAT IBIZA,2,-1,0,-1
2021440127906,2021,440127906,2,9,0,4,4,1,5,0,0,1,0,0,0,0,2,1,6,6,1,48,8,1198,1,9,SEAT IBIZA,-1,-1,0,-1
202134NNC3401,2021,34NNC3401,1,9,0,18,19,7,3,0,0,1,1,0,0,0,1,1,6,6,2,19,4,999,1,4,SEAT IBIZA,-1,-1,0,-1
2021351084197,2021,351084197,1,9,0,5,5,4,8,0,0,2,0,0,0,0,4,1,6,6,2,24,5,1390,1,12,SEAT IBIZA,5,E01018179,0,-1
2021131064698,2021,131064698,1,9,0,18,19,5,1,0,0,0,0,0,2,11,2,1,6,6,1,20,4,1390,1,10,SEAT IBIZA,2,E01013349,0,-1
2021141094149,2021,141094149,2,9,0,18,19,5,1,0,0,0,0,0,0,0,1,1,5,6,1,24,5,1390,1,6,SEAT IBIZA,10,E01007896,0,-1
2021991071881,2021,991071881,2,9,0,18,19,2,5,0,0,1,0,0,0,0,1,1,5,6,1,26,6,1197,1,5,SEAT IBIZA,3,-1,0,-1
2021010337345,2021,010337345,1,9,0,9,9,4,2,0,0,2,0,0,0,0,3,1,6,6,1,30,6,1390,1,10,SEAT IBIZA,-1,-1,0,-1
2021401028191,2021,401028191,3,9,0,3,3,0,0,0,0,0,0,0,0,0,2,1,5,6,1,27,6,1197,1,5,SEAT IBIZA,2,E01015807,0,-1
2021052100468,2021,052100468,1,9,0,9,9,2,8,0,0,1,0,0,0,0,1,1,6,6,1,68,10,1197,1,6,SEAT IBIZA,7,E01007265,0,-1
2021141059950,2021,141059950,1,9,0,18,19,5,1,0,0,0,0,0,1,0,1,1,5,6,1,18,4,1390,1,12,SEAT IBIZA,5,E01007476,0,-1
2021221035448,2021,221035448,1,9,0,18,19,2,6,0,0,1,0,7,0,0,3,1,5,6,1,29,6,1422,2,17,SEAT IBIZA,2,E01028906,0,-1
2021544464821,2021,544464821,1,9,0,18,19,1,5,0,0,0,0,10,0,0,1,1,2,2,2,30,6,1390,1,6,SEAT IBIZA,8,E01015553,0,-1
2021211057076,2021,211057076,1,9,0,18,19,7,3,0,0,0,0,0,0,0,1,1,6,6,1,32,6,1198,1,12,SEAT IBIZA,7,E01029612,0,-1
2021991029657,2021,991029657,1,9,0,5,5,3,7,9,9,6,1,0,1,2,1,1,6,6,2,21,5,999,1,1,SEAT IBIZA,7,-1,0,-1
2021131118023,2021,131118023,1,9,0,18,19,7,3,0,0,2,0,0,0,0,1,1,6,6,2,53,8,999,1,3,SEAT IBIZA,5,E01010633,0,-1
2021061028382,2021,061028382,2,9,0,9,9,7,5,0,0,6,0,0,0,0,1,1,5,6,2,27,6,1390,1,10,SEAT IBIZA,6,E01032686,0,-1
2021141068198,2021,141068198,1,9,0,18,19,4,8,0,0,8,0,0,0,0,1,1,5,6,2,32,6,1390,1,9,SEAT IBIZA,4,E01007852,0,-1
2021401121860,2021,401121860,1,9,0,3,3,8,4,0,0,0,0,0,0,0,2,1,2,2,1,42,7,1197,1,7,SEAT IBIZA,5,E01017384,0,-1
2021161043470,2021,161043470,1,9,0,18,19,5,1,0,0,8,0,0,0,0,1,1,6,6,1,26,6,1197,1,4,SEAT IBIZA,8,E01013190,0,-1
2021430428691,2021,430428691,1,9,0,9,9,5,3,0,0,8,0,0,0,0,4,1,1,1,1,55,8,1197,1,6,SEAT IBIZA,2,E01008944,0,-1
2021061103999,2021,061103999,1,9,0,18,19,1,5,0,0,1,1,0,7,0,4,1,6,6,1,18,4,1598,1,11,SEAT IBIZA,2,E01005146,0,-1
2021201051602,2021,201051602,1,9,0,18,19,6,2,0,0,1,0,0,0,0,1,1,6,6,1,22,5,999,1,0,SEAT IBIZA,9,E01009902,0,-1