collision_index,collision_year,collision_ref_no,vehicle_reference,vehicle_type,towing_and_articulation,vehicle_manoeuvre_historic,vehicle_manoeuvre,vehicle_direction_from,vehicle_direction_to,vehicle_location_restricted_lane_historic,vehicle_location_restricted_lane,junction_location,skidding_and_overturning,hit_object_in_carriageway,vehicle_leaving_carriageway,hit_object_off_carriageway,first_point_of_impact,vehicle_left_hand_drive,journey_purpose_of_driver_historic,journey_purpose_of_driver,sex_of_driver,age_of_driver,age_band_of_driver,engine_capacity_cc,propulsion_code,age_of_vehicle,generic_make_model,driver_imd_decile,lsoa_of_driver,escooter_flag,driver_distance_banding
2021070028249,2021,070028249,1,9,0,7,7,6,8,4,4,2,0,0,0,0,1,1,1,1,1,21,5,1364,1,14,VAUXHALL TIGRA,3,E01018378,0,-1
2021221060326,2021,221060326,5,9,0,2,2,0,0,0,0,2,0,0,0,0,1,1,6,6,3,33,6,1364,1,12,VAUXHALL TIGRA,-1,-1,0,-1
2021461106254,2021,461106254,5,9,0,2,2,0,0,0,0,0,0,0,0,0,4,1,5,6,1,31,6,1364,1,12,VAUXHALL TIGRA,6,E01024357,0,-1
2021421045649,2021,421045649,1,2,0,4,4,6,2,0,0,1,1,0,0,0,3,1,5,6,1,29,6,125,1,0,-1,9,E01015858,0,-1
2021010318399,2021,010318399,1,4,0,18,19,3,7,0,0,8,0,0,0,0,1,1,6,6,1,23,5,125,1,1,-1,6,E01000294,0,-1
2021010333645,2021,010333645,2,3,0,99,99,9,9,99,99,0,9,99,9,99,1,1,1,1,2,40,7,125,1,0,YAMAHA GPD 125,2,E01003150,0,-1
2021010324866,2021,010324866,2,3,0,18,19,5,1,0,0,2,0,0,0,0,1,1,1,1,1,44,7,125,1,2,YAMAHA GPD 125,4,E01033082,0,-1
2021010318809,2021,010318809,2,3,0,9,9,5,3,0,0,5,0,0,0,0,3,1,1,1,1,31,6,125,1,3,YAMAHA GPD 125,2,E01000525,0,-1
2021052101432,2021,052101432,2,4,0,18,19,5,1,0,0,0,1,0,0,0,2,1,1,1,1,42,7,125,1,4,-1,1,E01006599,0,-1
2021041108411,2021,041108411,2,3,0,18,19,5,1,0,0,1,0,0,0,0,1,1,2,2,1,21,5,125,1,3,YAMAHA GPD 125,3,E01025246,0,-1
2021451087541,2021,451087541,2,3,0,18,19,2,6,0,0,1,0,0,0,0,1,1,1,1,2,35,6,125,1,3,YAMAHA GPD 125,6,E01030649,0,-1
2021010339566,2021,010339566,1,3,0,99,99,9,9,99,99,9,9,99,9,99,1,1,6,6,1,34,6,125,1,1,YAMAHA GPD 125,6,E01000584,0,-1
2021061024975,2021,061024975,1,3,0,13,13,4,8,0,0,0,0,0,0,0,1,1,5,6,1,15,3,125,1,5,YAMAHA GPD 125,4,E01005710,0,-1
2021411097978,2021,411097978,2,4,0,13,13,7,3,0,0,0,1,0,0,0,3,1,6,6,1,40,7,125,1,1,-1,6,E01023858,0,-1
2021041072348,2021,041072348,1,3,0,18,19,5,1,0,0,1,5,0,0,0,3,1,1,1,1,30,6,125,1,2,YAMAHA GPD 125,1,E01012683,0,-1
202154A829321,2021,54A829321,1,3,0,18,19,5,1,0,0,1,0,0,0,0,1,1,6,6,1,20,4,125,1,3,YAMAHA GPD 125,8,E01015534,0,-1
2021201039209,2021,201039209,2,3,0,5,5,2,6,0,0,0,0,0,0,0,2,1,6,6,1,38,7,125,1,2,YAMAHA GPD 125,1,E01009048,0,-1
2021010352306,2021,010352306,2,3,0,14,14,8,4,0,0,0,0,0,0,0,4,1,6,6,1,21,5,125,1,0,YAMAHA GPD 125,1,E01003065,0,-1
2021451099268,2021,451099268,2,3,0,18,19,1,5,0,0,0,0,0,0,0,1,1,6,6,2,30,6,125,1,0,YAMAHA GPD 125,4,E01030383,0,-1
2021010349985,2021,010349985,2,3,0,99,99,9,9,99,99,9,0,0,9,0,9,9,6,6,3,-1,-1,125,1,3,YAMAHA GPD 125,3,E01004325,0,-1
2021471082611,2021,471082611,1,3,0,18,19,5,1,0,0,1,5,10,0,0,4,1,2,2,1,27,6,125,1,3,YAMAHA GPD 125,2,E01016941,0,-1
2021010350548,2021,010350548,1,3,0,99,99,9,9,99,99,9,9,99,9,99,1,1,1,1,1,34,6,125,1,2,YAMAHA GPD 125,3,E01002105,0,-1
2021052102834,2021,052102834,2,3,0,9,9,1,7,0,0,1,0,0,0,0,3,1,6,6,1,34,6,125,1,3,YAMAHA GPD 125,1,E01006761,0,-1
2021010316882,2021,010316882,1,3,0,99,99,9,9,99,99,9,9,99,9,99,1,1,6,6,1,35,6,125,1,0,YAMAHA GPD 125,5,E01000639,0,-1
2021010345771,2021,010345771,1,3,0,99,99,9,9,99,99,9,9,99,9,99,1,1,2,2,1,28,6,125,1,2,YAMAHA GPD 125,2,E01002032,0,-1
2021351097534,2021,351097534,2,97,0,3,3,5,1,0,0,0,1,0,0,0,2,1,6,6,1,53,8,125,1,0,-1,2,E01017946,0,-1
2021411114120,2021,411114120,1,3,0,18,19,8,4,0,0,1,0,0,0,0,1,1,6,6,1,31,6,125,1,1,YAMAHA GPD 125,5,E01023546,0,-1
2021010342384,2021,010342384,1,3,0,99,99,9,9,99,99,9,9,99,9,99,1,1,1,1,2,31,6,125,1,0,YAMAHA GPD 125,5,E01004137,0,-1
2021010312320,2021,010312320,2,3,9,3,3,5,1,0,0,9,9,99,0,0,9,1,6,6,1,19,4,125,1,0,YAMAHA GPD 125,-1,-1,0,-1
2021010344015,2021,010344015,1,3,0,18,19,3,7,0,0,1,0,0,0,0,4,1,1,1,1,36,7,125,1,1,YAMAHA GPD 125,8,E01000540,0,-1
2021010321355,2021,010321355,2,3,9,2,2,0,0,99,99,9,9,99,9,99,9,1,6,6,1,21,5,125,1,5,YAMAHA GPD 125,-1,-1,0,-1
2021010309250,2021,010309250,1,3,0,13,13,1,5,0,0,1,0,0,0,0,1,1,6,6,1,17,4,125,1,1,YAMAHA GPD 125,5,E01000593,0,-1
2021041065977,2021,041065977,2,3,0,5,5,0,0,0,0,0,0,0,0,0,3,1,6,6,1,17,4,125,1,0,YAMAHA GPD 125,5,E01024969,0,-1
2021010323737,2021,010323737,1,3,0,99,99,9,9,99,99,9,9,99,9,99,9,9,1,1,2,26,6,125,1,1,YAMAHA GPD 125,4,E01000591,0,-1
2021010354134,2021,010354134,1,3,0,99,99,9,9,99,99,0,9,99,9,99,1,9,2,2,1,21,5,125,1,6,YAMAHA GPD 125,2,E01004460,0,-1
2021010349407,2021,010349407,1,3,0,99,99,9,9,99,99,9,9,99,9,99,1,9,1,1,1,23,5,125,1,2,YAMAHA GPD 125,5,E01000975,0,-1
2021451037675,2021,451037675,1,3,0,18,19,3,7,0,0,1,0,0,0,0,3,1,6,6,1,20,4,125,1,5,YAMAHA GPD 125,3,E01003999,0,-1
2021471044754,2021,471044754,2,3,0,3,3,2,6,0,0,0,0,0,0,0,1,1,1,1,1,31,6,125,1,5,YAMAHA GPD 125,9,E01031691,0,-1
2021010316810,2021,010316810,1,3,0,99,99,9,9,99,99,9,9,99,9,99,1,1,6,6,1,37,7,125,1,0,YAMAHA GPD 125,3,E01002706,0,-1
2021361131147,2021,361131147,1,97,0,18,19,5,1,0,0,0,0,4,0,0,1,1,1,1,1,21,5,125,1,1,-1,5,E01026738,0,-1
2021451074831,2021,451074831,1,97,0,7,7,5,6,9,9,6,1,0,7,0,3,1,6,6,2,30,6,125,1,4,-1,8,E01003814,0,-1
2021451102764,2021,451102764,1,3,0,18,19,1,5,0,0,1,0,0,7,0,4,1,1,1,1,22,5,125,1,0,YAMAHA GPD 125,9,E01030802,0,-1
2021010306381,2021,010306381,1,3,0,4,4,7,3,0,0,1,0,0,0,0,1,1,1,1,1,29,6,125,1,2,YAMAHA GPD 125,2,E01004310,0,-1
2021010299999,2021,010299999,1,3,9,3,3,3,7,99,99,9,9,99,9,99,1,1,6,6,1,22,5,125,1,5,YAMAHA GPD 125,4,E01003023,0,-1
2021010350687,2021,010350687,1,3,0,99,99,9,9,99,99,0,9,99,9,99,1,1,1,1,1,33,6,125,1,0,YAMAHA GPD 125,8,E01003361,0,-1
2021010332872,2021,010332872,2,3,0,3,3,4,8,0,0,1,0,0,0,0,1,1,6,6,1,30,6,125,1,3,YAMAHA GPD 125,4,E01001727,0,-1
2021010330021,2021,010330021,2,3,0,18,19,5,1,0,0,8,0,0,0,0,1,1,6,6,1,22,5,125,1,1,YAMAHA GPD 125,2,E01003298,0,-1
2021010345857,2021,010345857,1,3,0,3,3,5,1,99,99,0,9,99,9,99,1,1,1,1,1,30,6,125,1,0,YAMAHA GPD 125,2,E01003181,0,-1
2021010295757,2021,010295757,1,3,0,99,99,9,9,99,99,9,9,99,9,99,1,1,6,6,1,19,4,125,1,4,YAMAHA GPD 125,1,E01002748,0,-1
2021010299619,2021,010299619,1,3,0,3,3,3,7,99,99,9,9,99,9,99,1,1,6,6,1,22,5,125,1,5,YAMAHA GPD 125,4,E01003023,0,-1
2021010296455,2021,010296455,1,3,0,99,99,9,9,0,0,1,0,0,0,0,3,1,6,6,3,37,7,125,1,3,YAMAHA GPD 125,6,E01004485,0,-1
2021010318517,2021,010318517,1,3,0,18,19,2,6,0,0,0,0,0,0,0,1,1,6,6,1,24,5,125,1,0,YAMAHA GPD 125,-1,-1,0,-1
2021451124370,2021,451124370,2,3,0,18,19,3,7,0,0,1,0,0,0,0,1,1,5,6,1,18,4,125,1,3,YAMAHA GPD 125,10,E01030526,0,-1
2021451045826,2021,451045826,1,3,0,3,3,6,2,0,0,4,0,0,0,0,2,1,5,6,1,20,4,125,1,0,YAMAHA GPD 125,10,E01030989,0,-1
2021010316657,2021,010316657,2,3,0,18,19,3,7,0,0,0,0,99,0,0,1,1,6,6,3,-1,-1,125,1,2,YAMAHA GPD 125,-1,-1,0,-1
2021010332737,2021,010332737,1,3,0,99,99,9,9,99,99,9,9,99,9,99,2,1,6,6,1,22,5,125,1,3,YAMAHA GPD 125,1,E01002036,0,-1
2021010310215,2021,010310215,1,3,9,99,99,9,9,99,99,0,9,99,9,99,9,1,6,6,1,44,7,125,1,0,YAMAHA GPD 125,3,E01000586,0,-1
2021010348317,2021,010348317,1,3,0,99,99,9,9,99,99,0,9,99,9,99,4,9,1,1,1,35,6,125,1,0,YAMAHA GPD 125,4,E01001050,0,-1
2021010313733,2021,010313733,1,3,0,99,99,9,9,99,99,9,9,99,9,99,9,1,6,6,1,28,6,125,1,3,YAMAHA GPD 125,4,E01002762,0,-1
2021010340301,2021,010340301,1,3,9,99,99,9,9,99,99,0,9,99,9,99,9,1,6,6,1,-1,-1,125,1,4,YAMAHA GPD 125,3,E01004325,0,-1
2021010302671,2021,010302671,1,3,0,18,19,4,8,0,0,0,0,0,0,0,9,1,2,2,1,26,6,125,1,4,YAMAHA GPD 125,4,E01002866,0,-1
2021451111710,2021,451111710,2,3,0,18,19,1,5,0,0,0,0,0,0,0,1,1,1,1,1,38,7,125,1,1,YAMAHA GPD 125,10,E01030419,0,-1
2021471093998,2021,471093998,2,3,0,18,19,3,7,0,0,2,0,0,0,0,4,1,2,2,1,28,6,125,1,3,YAMAHA GPD 125,2,E01031348,0,-1
2021010314987,2021,010314987,1,3,0,5,5,1,5,0,0,9,0,99,0,0,2,1,6,6,1,27,6,125,1,2,YAMAHA GPD 125,5,E01003144,0,-1
2021010333682,2021,010333682,1,97,9,99,99,9,9,99,99,9,9,99,9,99,9,9,6,6,3,26,6,125,1,1,-1,1,E01002038,0,-1
2021010291773,2021,010291773,1,3,0,99,99,9,9,99,99,9,9,99,9,99,9,1,6,6,2,26,6,125,1,2,YAMAHA GPD 125,2,E01004041,0,-1
2021471048528,2021,471048528,1,3,0,18,19,1,5,0,0,1,0,0,0,0,1,1,5,6,1,43,7,125,1,2,YAMAHA GPD 125,2,E01016873,0,-1
2021010312664,2021,010312664,1,2,0,18,19,7,3,2,2,2,0,0,0,0,2,1,1,1,1,63,9,125,1,2,-1,1,E01004702,0,-1
2021010323571,2021,010323571,1,3,0,99,99,9,9,99,99,0,9,99,9,99,9,1,1,1,1,34,6,125,1,0,YAMAHA GPD 125,2,E01004365,0,-1
2021010346989,2021,010346989,1,3,0,99,99,9,9,99,99,0,9,99,9,99,9,1,2,2,1,32,6,125,1,4,YAMAHA GPD 125,3,E01001676,0,-1
2021451113610,2021,451113610,1,3,0,9,9,7,3,0,0,3,2,0,0,0,4,1,2,2,2,29,6,125,1,0,YAMAHA GPD 125,9,E01030381,0,-1
2021201137638,2021,201137638,1,3,0,18,19,4,8,0,0,0,0,0,0,0,1,1,1,1,1,28,6,125,1,5,YAMAHA GPD 125,1,E01009360,0,-1
2021010330289,2021,010330289,1,3,0,99,99,9,9,99,99,9,9,99,9,99,9,1,6,6,1,42,7,125,1,0,YAMAHA GPD 125,5,E01000310,0,-1
2021010310538,2021,010310538,2,3,0,99,99,9,9,99,99,0,9,99,9,99,1,1,6,6,3,-1,-1,125,1,4,YAMAHA GPD 125,2,E01003918,0,-1
2021451103168,2021,451103168,2,3,0,18,19,3,7,0,0,1,0,0,0,0,1,1,5,6,1,20,4,125,1,2,YAMAHA GPD 125,4,E01030615,0,-1
2021010310671,2021,010310671,1,3,0,18,19,1,5,0,0,1,1,0,0,0,4,1,6,6,1,25,5,125,1,5,YAMAHA GPD 125,2,E01002879,0,-1
2021010307214,2021,010307214,1,3,0,99,99,9,9,99,99,9,9,99,9,99,1,1,6,6,1,23,5,125,1,4,YAMAHA GPD 125,2,E01003059,0,-1
2021010297214,2021,010297214,1,3,0,9,9,3,1,2,2,1,0,0,0,0,1,1,6,6,1,34,6,125,1,0,YAMAHA GPD 125,7,E01000197,0,-1
2021461128391,2021,461128391,2,3,0,18,19,1,5,0,0,0,0,0,0,0,3,1,5,6,2,29,6,125,1,0,YAMAHA GPD 125,7,E01024447,0,-1
2021010326255,2021,010326255,1,3,0,99,99,9,9,99,99,9,9,99,9,99,1,1,6,6,2,27,6,125,1,3,YAMAHA GPD 125,3,E01001832,0,-1
2021010290487,2021,010290487,1,3,0,18,19,5,1,0,0,0,0,0,0,0,1,1,1,1,1,33,6,125,1,2,YAMAHA GPD 125,2,E01003021,0,-1
2021451026133,2021,451026133,2,3,0,18,19,5,1,0,0,1,0,0,0,0,1,1,5,6,1,18,4,125,1,4,YAMAHA GPD 125,5,E01030983,0,-1
2021201071869,2021,201071869,2,97,0,17,19,8,6,0,0,3,0,0,0,0,4,1,2,2,1,34,6,125,1,1,-1,3,E01009941,0,-1
2021451103944,2021,451103944,2,3,0,18,19,4,8,0,0,1,0,0,0,0,1,1,1,1,1,34,6,125,1,2,YAMAHA GPD 125,3,E01030711,0,-1
2021010341530,2021,010341530,1,3,4,99,99,9,9,99,99,9,9,99,9,99,9,1,1,1,2,33,6,125,1,3,YAMAHA GPD 125,1,E01002073,0,-1
2021010312732,2021,010312732,2,3,0,18,19,3,7,0,0,8,0,0,0,0,4,1,6,6,1,49,8,125,1,3,YAMAHA GPD 125,5,E01000264,0,-1
2021451066648,2021,451066648,2,3,0,5,5,4,8,0,0,0,2,0,0,0,2,1,2,2,1,17,4,125,1,3,YAMAHA GPD 125,8,E01030734,0,-1
2021451074512,2021,451074512,2,3,0,13,13,5,1,0,0,1,0,0,0,0,1,1,1,1,1,27,6,125,1,0,YAMAHA GPD 125,8,E01030409,0,-1
2021010318694,2021,010318694,4,3,0,99,99,9,9,99,99,0,9,99,9,99,9,1,6,6,1,29,6,125,1,5,YAMAHA GPD 125,3,E01002084,0,-1
2021010296898,2021,010296898,1,3,0,18,19,5,1,0,0,1,0,0,0,0,1,1,6,6,1,43,7,125,1,5,YAMAHA GPD 125,5,E01000240,0,-1
2021010295554,2021,010295554,1,4,0,7,7,2,4,0,0,1,0,0,0,0,2,1,6,6,1,28,6,125,1,4,-1,2,E01002031,0,-1
2021010342700,2021,010342700,1,4,0,18,19,7,3,2,2,8,0,0,0,0,3,1,6,6,1,18,4,125,1,2,-1,6,E01004749,0,-1
2021010298858,2021,010298858,1,3,0,18,19,5,1,0,0,1,0,0,0,0,4,1,6,6,1,31,6,125,1,2,YAMAHA GPD 125,-1,-1,0,-1
2021010341797,2021,010341797,2,3,0,13,13,1,5,0,0,8,1,0,0,0,1,1,6,6,1,24,5,125,1,5,YAMAHA GPD 125,5,E01000243,0,-1
2021461081151,2021,461081151,1,3,0,15,15,1,5,0,0,0,0,0,0,0,4,1,5,6,1,19,4,124,1,8,YAMAHA YBR 125,6,E01016057,0,-1
2021461097314,2021,461097314,1,3,0,18,19,1,5,0,0,1,0,0,0,0,3,1,6,6,1,51,8,124,1,16,YAMAHA YBR 125,4,E01024217,0,-1
2021141038940,2021,141038940,1,3,0,16,19,5,1,0,0,0,0,0,1,10,1,1,5,6,1,31,6,124,1,14,YAMAHA YBR 125,2,E01007847,0,-1
2021061081493,2021,061081493,2,2,0,18,19,1,1,0,0,1,0,0,0,0,4,1,6,6,1,35,6,124,1,14,-1,4,E01005217,0,-1
2021041079977,2021,041079977,1,3,0,18,19,5,1,0,0,0,1,0,0,0,0,1,5,6,1,24,5,124,1,14,YAMAHA YBR 125,1,E01014361,0,-1
2021041115269,2021,041115269,1,3,0,16,19,2,6,0,0,1,1,0,0,0,0,1,5,6,1,65,9,124,1,13,YAMAHA YBR 125,7,E01025487,0,-1
2021010319252,2021,010319252,1,3,0,18,19,3,7,2,2,0,0,0,0,0,1,1,6,6,1,63,9,124,1,9,YAMAHA YBR 125,3,E01001156,0,-1
2021041083492,2021,041083492,1,3,0,18,19,3,7,0,0,0,0,0,0,0,1,1,2,2,1,29,6,124,1,7,YAMAHA YBR 125,2,E01012589,0,-1
2021041096690,2021,041096690,2,3,0,18,19,5,1,0,0,0,0,0,0,0,1,1,2,2,1,30,6,124,1,11,YAMAHA YBR 125,5,E01012706,0,-1
2021061055078,2021,061055078,1,3,-1,7,7,8,3,0,0,4,1,0,0,0,1,1,5,6,1,24,5,124,1,12,YAMAHA YBR 125,2,E01005318,0,-1
2021041049351,2021,041049351,2,3,0,18,19,3,7,0,0,0,0,0,0,0,2,1,6,6,1,17,4,124,1,11,YAMAHA YBR 125,3,E01025391,0,-1
2021531074478,2021,531074478,1,3,0,18,19,5,1,0,0,0,0,0,1,11,1,1,5,6,1,24,5,124,1,10,YAMAHA YBR 125,8,E01022409,0,-1
2021061057551,2021,061057551,1,3,0,17,19,1,6,0,0,0,0,0,1,10,1,1,2,2,1,30,6,125,1,5,YAMAHA YBR 125,1,E01010833,0,-1
2021451050570,2021,451050570,1,3,0,13,13,3,7,0,0,0,5,0,7,0,1,1,5,6,1,27,6,124,1,14,YAMAHA YBR 125,9,E01030477,0,-1
2021061074735,2021,061074735,1,3,0,18,19,5,1,0,0,8,0,0,0,0,1,1,5,6,1,23,5,125,1,7,YAMAHA YBR 125,6,E01005968,0,-1
2021042100926,2021,042100926,1,3,0,17,19,6,3,0,0,8,0,11,1,11,4,1,6,6,1,21,5,124,1,11,YAMAHA YBR 125,2,E01027580,0,-1
2021041025782,2021,041025782,1,3,0,18,19,3,3,0,0,0,0,0,0,0,1,1,6,6,3,-1,-1,124,1,14,YAMAHA YBR 125,-1,-1,0,-1
2021041057340,2021,041057340,1,3,0,18,19,7,3,0,0,0,0,0,7,1,1,1,5,6,1,20,4,124,1,7,YAMAHA YBR 125,1,E01006509,0,-1
2021041059409,2021,041059409,1,3,0,18,19,7,3,0,0,0,1,0,0,0,4,1,6,6,2,23,5,124,1,12,YAMAHA YBR 125,1,E01025151,0,-1
2021041078669,2021,041078669,2,3,0,18,19,5,1,0,0,0,5,0,0,0,1,1,5,6,1,20,4,124,1,12,YAMAHA YBR 125,5,E01012664,0,-1
2021131048558,2021,131048558,1,3,0,5,5,1,5,0,0,0,0,0,0,0,0,1,2,2,1,31,6,125,1,5,YAMAHA YBR 125,1,E01010824,0,-1
2021471061836,2021,471061836,2,3,0,18,19,3,7,0,0,1,0,0,0,0,1,1,2,2,1,33,6,124,1,15,YAMAHA YBR 125,2,E01020911,0,-1
2021461025425,2021,461025425,2,3,0,18,19,1,5,0,0,1,1,0,0,0,1,1,6,6,1,19,4,124,1,13,YAMAHA YBR 125,2,E01024517,0,-1
2021451033906,2021,451033906,1,3,0,9,9,3,7,0,0,6,0,0,0,0,1,1,5,6,1,22,5,124,1,13,YAMAHA YBR 125,4,E01016481,0,-1
2021361102571,2021,361102571,2,3,0,18,19,5,1,0,0,8,0,0,0,0,1,1,2,2,2,31,6,125,1,6,YAMAHA YBR 125,3,E01033439,0,-1
2021401094780,2021,401094780,2,9,0,18,19,5,1,0,0,0,1,0,1,0,1,1,6,6,1,37,7,1968,2,10,AUDI A6,2,E01016726,0,-1
2021320369555,2021,320369555,1,9,0,18,19,7,3,0,0,1,0,0,0,0,3,1,6,6,1,38,7,2967,2,4,AUDI A6,3,E01026317,0,-1
2021221102305,2021,221102305,1,9,0,5,5,3,7,0,0,4,0,0,0,0,1,1,5,6,1,75,10,1871,2,19,AUDI A6,10,E01032408,0,-1
2021430246099,2021,430246099,1,9,0,16,19,4,8,0,0,0,0,0,0,0,3,1,6,6,1,47,8,1984,1,3,AUDI A6,7,E01028620,0,-1
2021421034808,2021,421034808,1,9,0,18,19,7,3,0,0,4,0,0,0,0,1,1,2,2,1,30,6,2967,2,10,AUDI A6,3,E01033722,0,-1
2021430543254,2021,430543254,1,9,0,4,4,2,6,0,0,1,0,0,0,0,2,1,2,2,2,34,6,1968,2,3,AUDI A6,9,E01016682,0,-1
2021221109215,2021,221109215,1,9,0,18,19,4,8,0,0,0,0,0,0,0,3,1,2,2,2,42,7,1968,2,8,AUDI A6,3,E01014141,0,-1
2021031064689,2021,031064689,1,9,0,18,19,1,5,0,0,0,0,0,0,0,2,1,5,6,2,34,6,1798,1,3,AUDI A6,3,E01012369,0,-1
2021320334982,2021,320334982,3,9,0,10,10,5,1,0,0,7,0,0,0,0,1,1,6,6,2,35,6,1968,2,10,AUDI A6,7,E01026333,0,-1
2021471020329,2021,471020329,1,9,0,4,4,1,5,0,0,2,0,0,0,0,2,1,5,6,1,34,6,1968,2,5,AUDI A6,1,E01016947,0,-1
2021430248501,2021,430248501,1,9,0,3,3,5,1,0,0,1,0,0,0,0,2,1,2,2,2,32,6,1968,2,7,AUDI A6,2,E01016806,0,-1
2021010342001,2021,010342001,2,9,0,2,2,0,0,0,0,1,0,0,0,0,2,1,6,6,3,-1,-1,1968,2,5,AUDI A6,-1,-1,0,-1
2021440238942,2021,440238942,1,9,0,18,19,7,3,0,0,0,0,0,0,0,1,1,6,6,1,50,8,1968,2,8,AUDI A6,6,E01023007,0,-1
2021522105203,2021,522105203,2,9,0,18,19,1,5,0,0,8,0,0,0,0,1,1,6,6,2,35,6,1968,2,14,AUDI A6,5,E01014994,0,-1
2021411093023,2021,411093023,2,9,0,2,2,0,0,0,0,1,0,0,0,0,1,1,5,6,3,-1,-1,1968,2,5,AUDI A6,-1,-1,0,-1
2021010288157,2021,010288157,1,9,0,99,99,9,9,99,99,9,9,99,9,99,9,9,6,6,1,36,7,1968,2,6,AUDI A6,3,E01001832,0,-1
2021201142057,2021,201142057,3,9,0,18,19,6,2,0,0,8,0,0,0,0,0,1,1,1,1,-1,-1,2967,2,2,AUDI A6,1,E01008910,0,-1
2021451042699,2021,451042699,2,9,0,18,19,1,5,0,0,8,0,0,0,0,1,1,2,2,1,23,5,1968,2,16,AUDI A6,5,E01030310,0,-1
2021411100640,2021,411100640,1,9,0,8,8,4,8,0,0,6,0,0,0,0,1,1,6,6,1,54,8,2969,2,13,AUDI A6,4,E01023302,0,-1
2021430360102,2021,430360102,1,9,0,3,3,5,1,0,0,1,0,0,0,0,2,1,6,6,1,68,10,1871,2,16,AUDI A6,3,E01016459,0,-1
2021211051275,2021,211051275,1,9,0,5,5,6,2,0,0,4,1,0,0,0,3,1,2,2,1,40,7,1968,2,14,AUDI A6,2,E01014329,0,-1
2021451070111,2021,451070111,1,9,0,18,19,7,3,0,0,0,0,0,0,0,1,1,2,2,1,65,9,1968,2,4,AUDI A6,5,E01024342,0,-1
2021061111089,2021,061111089,1,9,0,18,19,5,5,6,6,0,0,0,0,0,1,1,2,2,1,64,9,1968,2,10,AUDI A6,8,E01005575,0,-1
2021010293696,2021,010293696,2,9,0,12,12,3,7,0,0,0,0,0,0,0,1,1,6,6,1,36,7,2967,2,10,AUDI A6,7,E01000198,0,-1
2021010336476,2021,010336476,2,9,0,2,2,0,0,0,0,2,0,0,0,0,2,1,6,6,3,-1,-1,1968,2,11,AUDI A6,-1,-1,0,-1
2021201128125,2021,201128125,1,9,0,18,19,6,2,0,0,0,0,4,0,0,3,1,6,6,1,22,5,1968,2,14,AUDI A6,2,E01009044,0,-1
2021111024641,2021,111024641,2,9,0,7,7,1,3,0,0,1,0,0,0,0,2,1,1,1,1,37,7,1968,2,11,AUDI A6,3,E01020662,0,-1
2021031112807,2021,031112807,1,9,0,1,1,3,7,0,0,1,0,0,0,0,2,1,6,6,1,53,8,2969,2,15,AUDI A6,6,E01030100,0,-1
2021010312558,2021,010312558,1,9,0,99,99,9,9,99,99,9,9,99,9,99,1,9,2,2,1,40,7,1968,2,7,AUDI A6,4,E01021283,0,-1
2021421037434,2021,421037434,1,9,0,10,10,7,4,0,0,1,0,0,0,0,1,1,5,6,1,73,10,1968,2,11,AUDI A6,9,E01015646,0,-1
2021201142293,2021,201142293,1,9,0,18,19,8,4,0,0,8,0,0,0,0,1,1,6,6,1,66,10,1968,2,13,AUDI A6,6,E01029623,0,-1
2021122101314,2021,122101314,2,9,0,17,19,3,7,0,0,0,0,0,0,0,1,1,2,2,1,38,7,1896,2,17,AUDI A6,1,E01011673,0,-1
2021010317330,2021,010317330,1,9,0,99,99,9,9,99,99,9,9,99,9,99,9,9,2,2,1,49,8,2967,2,4,AUDI A6,6,E01001539,0,-1
2021010301338,2021,010301338,1,9,0,9,9,3,1,0,0,5,0,0,0,0,3,1,2,2,1,30,6,1968,2,11,AUDI A6,6,E01000587,0,-1
2021201142599,2021,201142599,2,9,0,2,2,0,0,0,0,0,0,0,0,0,1,1,1,1,2,-1,-1,2967,2,2,AUDI A6,-1,-1,0,-1
2021451080834,2021,451080834,1,9,0,18,19,1,5,0,0,8,0,0,0,0,1,1,1,1,2,61,9,1968,2,1,AUDI A6,10,E01016183,0,-1
2021231042593,2021,231042593,2,9,0,4,4,5,1,0,0,0,0,0,0,0,2,1,5,6,1,26,6,2967,2,4,AUDI A6,-1,-1,0,-1
2021302101913,2021,302101913,2,9,0,4,4,2,6,0,0,1,0,0,0,0,2,1,6,6,2,54,8,1968,2,11,AUDI A6,2,E01013483,0,-1
2021440158761,2021,440158761,2,9,0,18,19,2,6,0,0,0,0,0,0,0,1,1,2,2,1,31,6,2967,2,7,AUDI A6,8,E01017180,0,-1
2021501092429,2021,501092429,1,9,0,18,19,7,3,0,0,0,0,0,0,0,2,1,6,6,1,29,6,1968,2,1,AUDI A6,5,E01015062,0,-1
2021211100800,2021,211100800,4,9,0,4,4,8,8,0,0,0,0,0,0,0,1,1,1,1,1,-1,-1,2967,2,5,AUDI A6,-1,-1,0,-1
2021421122246,2021,421122246,1,9,0,18,19,1,5,0,0,0,0,0,0,0,1,1,6,6,1,26,6,1968,2,10,AUDI A6,4,E01021658,0,-1