collision_index,collision_year,collision_ref_no,vehicle_reference,vehicle_type,towing_and_articulation,vehicle_manoeuvre_historic,vehicle_manoeuvre,vehicle_direction_from,vehicle_direction_to,vehicle_location_restricted_lane_historic,vehicle_location_restricted_lane,junction_location,skidding_and_overturning,hit_object_in_carriageway,vehicle_leaving_carriageway,hit_object_off_carriageway,first_point_of_impact,vehicle_left_hand_drive,journey_purpose_of_driver_historic,journey_purpose_of_driver,sex_of_driver,age_of_driver,age_band_of_driver,engine_capacity_cc,propulsion_code,age_of_vehicle,generic_make_model,driver_imd_decile,lsoa_of_driver,escooter_flag,driver_distance_banding
2021371142711,2021,371142711,1,9,0,18,19,1,3,0,0,0,0,0,0,0,1,1,5,6,1,78,11,1968,2,11,AUDI A6,5,E01026943,0,-1
2021070677816,2021,070677816,1,9,0,7,7,5,7,0,0,2,0,0,0,0,3,1,6,6,1,32,6,1968,2,3,AUDI A6,9,E01018636,0,-1
2021221118171,2021,221118171,2,9,0,18,19,4,8,0,0,4,0,0,0,0,1,1,5,6,2,43,7,1968,2,6,AUDI A6,1,E01032225,0,-1
2021451110227,2021,451110227,1,9,0,4,4,1,5,0,0,6,0,0,0,0,3,1,5,6,1,49,8,1968,2,4,AUDI A6,9,E01030911,0,-1
2021991109530,2021,991109530,2,9,0,3,3,2,6,0,0,1,0,0,0,0,2,1,5,6,2,46,8,1968,2,6,AUDI A6,4,-1,0,-1
2021131064906,2021,131064906,1,9,0,16,19,4,8,0,0,8,0,0,7,11,1,1,5,6,1,41,7,1968,2,6,AUDI A6,5,E01011409,0,-1
2021302101710,2021,302101710,1,9,0,18,19,7,3,0,0,1,0,0,7,1,1,1,2,2,1,44,7,4172,1,19,AUDI A6,4,E01019574,0,-1
2021440408814,2021,440408814,1,9,0,17,19,1,7,0,0,0,0,0,0,0,1,1,2,2,1,47,8,1968,2,2,AUDI A6,10,E01022682,0,-1
2021131081641,2021,131081641,2,9,0,7,7,5,7,0,0,5,0,0,0,0,4,1,2,2,1,38,7,1968,2,7,AUDI A6,-1,-1,0,-1
2021430262143,2021,430262143,1,9,0,18,19,4,8,0,0,8,0,0,0,0,3,1,6,6,2,53,8,2698,2,13,AUDI A6,9,E01016688,0,-1
2021010340255,2021,010340255,2,9,0,99,99,9,9,99,99,9,9,99,9,99,9,9,6,6,3,-1,-1,1968,2,4,AUDI A6,-1,-1,0,-1
2021010331154,2021,010331154,1,9,0,99,99,9,9,99,99,0,9,99,9,99,0,9,6,6,1,48,8,1968,2,5,AUDI A6,2,E01003497,0,-1
2021430305021,2021,430305021,1,9,0,8,8,8,2,0,0,1,0,0,0,0,2,1,6,6,2,37,7,1968,2,13,AUDI A6,3,E01016440,0,-1
2021430184469,2021,430184469,1,9,0,18,19,2,6,0,0,1,0,0,0,0,1,1,2,2,1,41,7,2967,2,6,AUDI A6,8,E01028715,0,-1
2021221103865,2021,221103865,2,9,0,18,19,8,4,0,0,8,1,0,0,0,1,1,5,6,1,35,6,2967,2,3,AUDI A6,5,E01028959,0,-1
2021201150102,2021,201150102,1,9,0,4,4,3,7,0,0,1,0,0,0,0,1,1,6,6,3,-1,-1,2698,2,15,AUDI A6,-1,-1,0,-1
2021010303895,2021,010303895,3,9,0,11,11,3,7,0,0,1,0,0,0,0,2,1,6,6,1,32,6,2967,2,7,AUDI A6,5,E01016156,0,-1
2021411062880,2021,411062880,1,9,0,4,4,6,6,0,0,0,0,0,0,0,2,1,6,6,1,42,7,2698,2,13,AUDI A6,5,E01001348,0,-1
2021141011447,2021,141011447,1,9,0,16,19,2,6,0,0,8,0,0,0,0,1,1,5,6,1,28,6,1968,2,10,AUDI A6,8,E01007832,0,-1
2021461029023,2021,461029023,3,9,0,2,2,0,0,0,0,1,0,0,0,0,3,1,6,6,1,31,6,1968,2,3,AUDI A6,9,E01024298,0,-1
2021552100833,2021,552100833,2,9,0,18,19,4,8,0,0,0,0,0,0,0,1,1,6,6,1,49,8,1968,2,1,AUDI A6,9,E01020532,0,-1
2021302100045,2021,302100045,1,8,0,2,2,0,0,0,0,0,0,0,0,0,2,1,1,1,1,39,7,1968,2,7,AUDI A6,1,E01013570,0,-1
2021211052873,2021,211052873,2,9,0,7,7,5,1,0,0,1,0,0,0,0,1,1,6,6,2,53,8,1968,2,4,AUDI A6,7,E01009450,0,-1
2021010293877,2021,010293877,1,9,0,5,5,1,5,0,0,8,0,0,0,0,1,1,6,6,1,59,9,1968,2,4,AUDI A6,2,E01000628,0,-1
202131A030721,2021,31A030721,1,9,0,1,1,6,2,0,0,1,0,0,0,0,2,1,6,6,1,28,6,2967,2,10,AUDI A6,3,E01028248,0,-1
2021070507401,2021,070507401,2,9,0,18,19,3,7,0,0,0,0,2,0,0,2,1,6,6,1,35,6,1968,2,7,AUDI A6,2,E01004959,0,-1
2021122101342,2021,122101342,2,9,0,18,19,8,4,0,0,8,1,0,1,0,1,1,1,1,1,32,6,2967,2,0,AUDI A6,7,E01011309,0,-1
2021552100670,2021,552100670,1,9,0,16,19,3,7,0,0,0,1,0,2,4,1,1,6,6,1,28,6,2496,2,20,AUDI A6,6,E01020443,0,-1
2021501092528,2021,501092528,1,9,0,18,19,1,5,0,0,0,5,0,0,0,1,1,6,6,1,56,9,1968,2,7,AUDI A6,5,E01029314,0,-1
2021010350177,2021,010350177,2,9,0,11,11,2,6,0,0,0,0,0,0,0,4,1,6,6,1,35,6,1968,2,8,AUDI A6,3,E01000185,0,-1
2021010322525,2021,010322525,2,9,0,18,19,3,7,0,0,3,0,0,0,0,4,1,6,6,2,42,7,1968,2,8,AUDI A6,6,E01017812,0,-1
2021411119555,2021,411119555,2,9,0,18,19,1,5,0,0,1,0,0,0,0,2,1,6,6,1,37,7,1968,2,3,AUDI A6,4,E01023955,0,-1
2021201138255,2021,201138255,2,9,0,18,19,6,2,0,0,8,0,0,0,0,1,1,6,6,1,18,4,1968,2,6,AUDI A6,9,E01029672,0,-1
2021061070391,2021,061070391,2,9,0,4,4,8,4,0,0,0,0,0,0,0,1,1,6,6,3,30,6,1968,2,13,AUDI A6,-1,-1,0,-1
2021430177220,2021,430177220,1,9,0,9,9,6,4,0,0,5,0,0,0,0,1,1,2,2,1,37,7,1968,2,8,AUDI A6,5,E01000417,0,-1
2021541095821,2021,541095821,1,9,0,18,19,7,3,-1,-1,0,0,0,0,0,9,1,6,6,1,27,6,1968,2,8,AUDI A6,8,E01015472,0,-1
2021070065229,2021,070065229,1,9,0,7,7,1,4,0,0,0,2,0,7,10,3,1,6,6,1,40,7,1968,2,4,AUDI A6,10,E01018370,0,-1
2021010329975,2021,010329975,2,9,0,3,3,1,5,0,0,2,0,0,0,0,2,1,6,6,2,32,6,2967,2,10,AUDI A6,4,E01000591,0,-1
2021131041321,2021,131041321,2,9,0,4,4,7,3,0,0,0,0,0,0,0,1,2,6,6,1,42,7,1968,2,6,AUDI A6,10,E01010697,0,-1
202106K078679,2021,06K078679,1,9,0,18,19,6,2,0,0,1,0,0,0,0,2,1,6,6,1,43,7,1968,2,6,AUDI A6,6,E01006221,0,-1
2021461086115,2021,461086115,5,9,0,18,19,8,4,0,0,0,0,0,0,0,0,1,1,1,1,47,8,2967,2,1,AUDI A6,6,E01031709,0,-1
2021141071333,2021,141071333,2,9,0,18,19,2,7,0,0,8,0,0,0,0,1,1,6,6,2,-1,-1,1896,2,17,AUDI A6,4,E01007852,0,-1
2021052102724,2021,052102724,1,8,0,18,19,3,7,0,0,8,0,0,0,0,1,1,6,6,1,34,6,1968,2,9,-1,2,E01006879,0,-1
2021440492141,2021,440492141,1,9,0,9,9,2,8,0,0,5,0,0,0,0,1,1,2,2,1,32,6,1968,2,8,AUDI A6,9,E01023174,0,-1
2021010302431,2021,010302431,2,9,0,18,19,1,5,0,0,1,0,0,0,0,3,1,6,6,1,34,6,2698,2,15,AUDI A6,5,E01002143,0,-1
2021141066445,2021,141066445,1,9,0,18,19,5,1,0,0,0,0,0,0,0,2,1,2,2,1,48,8,1968,2,5,AUDI A6,10,E01013091,0,-1
2021201107850,2021,201107850,1,9,0,4,4,4,8,0,0,1,0,0,0,0,3,1,6,6,2,34,6,1968,2,4,AUDI A6,2,E01008942,0,-1
2021471035645,2021,471035645,1,9,0,18,19,7,3,0,0,4,0,0,0,0,1,1,1,1,1,22,5,1984,8,1,AUDI A6,5,E01030579,0,-1
2021010325404,2021,010325404,2,9,0,3,3,1,5,0,0,0,0,0,0,0,2,1,6,6,1,39,7,1968,2,2,AUDI A6,-1,-1,0,-1
2021991093020,2021,991093020,3,9,0,18,19,1,5,0,0,0,0,0,0,0,1,1,5,6,1,37,7,1896,2,19,AUDI A6,2,-1,0,-1
202131A010721,2021,31A010721,3,9,0,18,19,6,2,0,0,1,0,0,0,0,2,1,6,6,1,45,7,1968,2,9,AUDI A6,1,E01028268,0,-1
2021041055272,2021,041055272,1,9,0,11,11,3,7,0,0,0,0,0,0,0,0,1,5,6,1,32,6,2698,2,15,AUDI A6,2,E01012608,0,-1
2021430130854,2021,430130854,1,9,0,2,2,0,0,0,0,0,0,0,0,0,4,1,6,6,1,30,6,1968,2,11,AUDI A6,5,E01016404,0,-1
2021421100922,2021,421100922,2,9,0,18,19,6,2,0,0,0,0,0,0,0,1,1,5,6,1,37,7,2967,2,7,AUDI A6,5,E01021976,0,-1
2021061087356,2021,061087356,1,9,0,18,19,7,3,0,0,1,0,0,0,0,4,1,6,6,3,30,6,1968,2,7,AUDI A6,3,E01005435,0,-1
2021070300047,2021,070300047,2,9,0,17,19,5,2,0,0,0,0,0,0,0,1,1,6,6,1,36,7,1968,2,8,AUDI A6,5,E01018444,0,-1
2021101093148,2021,101093148,1,9,0,18,19,5,1,0,0,1,0,0,0,0,3,1,6,6,1,41,7,1968,2,14,AUDI A6,-1,-1,0,-1
2021201147370,2021,201147370,1,9,0,18,19,-1,-1,0,0,6,0,0,0,0,1,1,6,6,1,-1,-1,1968,2,5,AUDI A6,3,E01009086,0,-1
2021440381538,2021,440381538,2,9,0,18,19,6,2,0,0,8,0,0,0,0,0,1,1,1,1,59,9,2969,2,14,AUDI A6,8,E01023165,0,-1
2021141063350,2021,141063350,2,9,0,9,9,1,7,0,0,1,1,0,0,0,1,1,5,6,1,32,6,1968,2,14,AUDI A6,1,E01007634,0,-1
2021361118221,2021,361118221,2,9,0,18,19,5,1,0,0,1,0,0,0,0,3,1,5,6,1,63,9,2967,2,11,AUDI A6,6,E01026446,0,-1
2021351060808,2021,351060808,2,9,0,17,19,6,4,0,0,8,0,0,0,0,0,1,5,6,2,46,8,1968,2,0,AUDI A6,9,E01018034,0,-1
2021201142089,2021,201142089,2,9,0,16,19,8,3,0,0,0,0,0,0,0,1,1,6,6,1,50,8,1968,2,6,AUDI A6,6,E01010177,0,-1
2021111018258,2021,111018258,1,9,0,9,9,5,3,0,0,1,0,0,0,0,3,1,5,6,1,50,8,2967,2,8,AUDI A6,2,E01020797,0,-1
2021461052909,2021,461052909,2,9,0,9,9,1,5,0,0,0,0,0,0,0,3,1,6,6,1,37,7,1871,2,18,AUDI A6,5,E01002443,0,-1
2021010318655,2021,010318655,2,9,0,99,99,9,9,99,99,9,9,99,9,99,9,9,6,6,3,-1,-1,1968,2,6,AUDI A6,8,E01003652,0,-1
2021061026766,2021,061026766,1,9,0,7,7,1,1,0,0,1,0,0,0,0,1,1,6,6,1,32,6,1968,2,10,AUDI A6,3,E01005218,0,-1
2021061049436,2021,061049436,1,9,0,7,7,5,8,0,0,2,0,0,0,0,1,1,6,6,1,34,6,1968,2,15,AUDI A6,1,E01005089,0,-1
2021201150102,2021,201150102,2,9,0,3,3,3,7,0,0,1,0,0,0,0,2,1,6,6,1,44,7,1968,2,3,AUDI A6,4,E01009176,0,-1
2021461062607,2021,461062607,1,9,0,1,1,7,3,0,0,0,0,4,0,0,2,1,6,6,1,80,11,2967,2,6,AUDI A6,6,E01024346,0,-1
2021421113113,2021,421113113,3,9,0,4,4,2,6,0,0,0,0,0,0,0,2,1,2,2,1,47,8,1968,2,5,AUDI A6,7,E01029911,0,-1
2021010347852,2021,010347852,3,9,0,4,4,1,5,0,0,0,0,0,0,0,2,1,1,1,1,26,6,1968,2,1,AUDI A6,7,E01007814,0,-1
2021440424969,2021,440424969,1,9,0,9,9,5,1,0,0,6,0,0,0,0,3,1,2,2,2,29,6,1984,1,2,AUDI A6,10,E01022606,0,-1
2021131064215,2021,131064215,1,9,0,18,19,1,6,0,0,8,0,0,0,0,-1,1,6,6,3,-1,-1,1968,2,11,AUDI A6,-1,-1,0,-1
2021061101679,2021,061101679,3,9,0,18,19,3,7,0,0,0,0,0,0,0,1,1,1,1,1,27,6,1968,2,6,AUDI A6,1,E01005142,0,-1
2021440363375,2021,440363375,1,9,0,18,19,8,4,0,0,1,0,0,1,1,1,1,6,6,1,37,7,2967,2,7,AUDI A6,8,E01022628,0,-1
2021552100540,2021,552100540,4,9,0,18,19,6,2,0,0,0,0,0,0,0,2,1,6,6,1,33,6,1968,2,2,AUDI A6,6,E01020561,0,-1
2021010300710,2021,010300710,2,9,0,17,19,5,1,0,0,8,1,0,0,0,2,1,2,2,1,47,8,1968,2,2,AUDI A6,8,E01023678,0,-1
2021010303827,2021,010303827,1,9,0,4,4,3,7,0,0,6,0,0,0,0,2,1,3,7,1,39,7,1968,2,11,AUDI A6,10,E01023948,0,-1
2021010327456,2021,010327456,1,9,0,18,19,7,3,0,0,0,0,0,0,0,1,1,6,6,1,29,6,2773,1,13,AUDI A6,3,E01004575,0,-1
2021141012925,2021,141012925,2,9,0,13,13,2,6,0,0,1,0,0,0,0,1,1,6,6,1,31,6,1968,2,6,AUDI A6,2,E01011041,0,-1
2021101088289,2021,101088289,1,9,0,10,10,4,8,0,0,1,0,0,0,0,4,1,5,6,1,42,7,1968,2,11,AUDI A6,-1,-1,0,-1
2021031042235,2021,031042235,1,9,0,18,19,5,1,0,0,0,1,0,1,1,1,1,5,6,1,20,4,1968,2,6,AUDI A6,4,E01019281,0,-1
2021201057148,2021,201057148,2,9,0,18,19,-1,-1,0,0,0,0,0,0,0,1,1,6,6,1,26,6,2967,2,3,AUDI A6,8,E01010373,0,-1
2021552100674,2021,552100674,1,9,0,17,19,1,5,0,0,8,0,0,0,0,4,1,1,1,1,37,7,1968,2,6,AUDI A6,9,E01015406,0,-1
2021221075021,2021,221075021,2,9,0,9,9,8,6,0,0,5,0,0,0,0,1,1,6,6,1,40,7,1968,2,4,AUDI A6,8,E01032175,0,-1
2021430521790,2021,430521790,1,9,0,18,19,7,3,0,0,0,0,0,0,0,4,1,2,2,1,39,7,1968,2,11,AUDI A6,10,E01016665,0,-1
2021061068813,2021,061068813,2,9,0,18,19,2,6,0,0,0,0,0,0,0,1,1,6,6,1,21,5,1968,2,15,AUDI A6,3,E01006295,0,-1
2021501039465,2021,501039465,1,9,0,7,7,2,6,0,0,8,0,0,0,0,3,1,5,6,1,21,5,1896,2,18,AUDI A6,4,E01020311,0,-1
2021131072246,2021,131072246,1,9,0,18,19,6,2,0,0,0,0,0,1,4,1,1,5,6,1,60,9,2967,2,2,AUDI A6,9,E01011713,0,-1
202131D164721,2021,31D164721,2,9,0,18,19,4,8,0,0,8,0,0,0,0,1,1,6,6,1,74,10,1968,2,8,AUDI A6,10,E01028388,0,-1
2021141107944,2021,141107944,2,9,0,18,19,6,3,0,0,1,0,0,0,0,1,1,6,6,3,-1,-1,1968,2,4,AUDI A6,-1,-1,0,-1
2021141088910,2021,141088910,1,9,0,5,5,1,2,0,0,0,0,0,0,0,3,1,2,2,2,37,7,1968,2,8,AUDI A6,6,E01013285,0,-1
2021010287546,2021,010287546,2,9,0,9,9,3,8,0,0,2,0,0,0,0,1,1,6,6,1,50,8,1968,2,15,AUDI A6,3,E01033709,0,-1
2021010299164,2021,010299164,3,9,0,18,19,1,5,0,0,0,0,0,0,0,1,1,6,6,2,26,6,2967,2,8,AUDI A6,2,E01003712,0,-1
2021010320214,2021,010320214,2,9,0,18,19,3,7,0,0,0,0,0,0,0,3,1,6,6,2,41,7,1968,2,11,AUDI A6,10,E01004084,0,-1
202131C184121,2021,31C184121,3,9,0,2,2,0,0,0,0,8,0,0,0,0,3,1,6,6,1,33,6,1968,2,9,AUDI A6,3,E01013930,0,-1
2021461078674,2021,461078674,1,9,0,18,19,7,3,0,0,0,0,0,0,0,1,1,5,6,1,37,7,1968,2,6,AUDI A6,4,E01024293,0,-1
2021421063488,2021,421063488,2,9,0,18,19,4,8,0,0,0,0,0,0,0,4,1,2,2,1,31,6,1968,2,2,AUDI A6,8,E01017921,0,-1
2021170M31601,2021,170M31601,1,9,0,8,8,8,2,0,0,1,0,0,0,0,2,1,2,2,1,49,8,1968,2,2,AUDI A6,8,E01012062,0,-1
2021010289707,2021,010289707,2,9,0,99,99,9,9,99,99,9,9,99,9,99,9,9,6,6,3,-1,-1,2393,1,17,AUDI A6,-1,-1,0,-1
2021161101659,2021,161101659,1,9,0,9,9,3,1,0,0,6,0,0,0,0,4,1,5,6,1,39,7,2967,2,6,AUDI A6,7,E01013153,0,-1
2021161024373,2021,161024373,1,9,0,5,5,4,8,0,0,1,0,0,0,0,2,1,5,6,1,38,7,1968,2,9,AUDI A6,1,E01012917,0,-1
2021451069125,2021,451069125,1,9,0,18,19,3,7,0,0,0,0,0,0,0,1,1,2,2,1,47,8,1968,2,13,AUDI A6,5,E01023095,0,-1
2021010331724,2021,010331724,2,9,0,9,9,1,6,0,0,5,0,0,0,0,4,1,2,2,1,61,9,2967,2,2,AUDI A6,6,E01001917,0,-1
2021201148069,2021,201148069,2,9,0,3,3,5,1,0,0,1,0,0,0,0,1,1,6,6,2,30,6,1968,2,5,AUDI A6,1,E01009762,0,-1
2021471099149,2021,471099149,2,9,0,18,19,7,3,0,0,1,0,0,0,0,4,1,1,1,1,29,6,2967,2,1,AUDI A6,-1,-1,0,-1
2021010347500,2021,010347500,1,9,0,4,4,1,5,0,0,0,0,0,0,0,4,1,3,7,2,40,7,1968,2,12,AUDI A6,5,E01002591,0,-1
2021052101601,2021,052101601,1,9,0,9,9,7,5,0,0,8,0,0,0,0,3,1,6,6,1,48,8,1968,2,5,AUDI A6,4,E01006188,0,-1
2021440492423,2021,440492423,3,9,0,18,19,4,8,0,0,0,0,0,0,0,1,1,2,2,1,28,6,1968,2,7,AUDI A6,2,E01017188,0,-1
2021010312119,2021,010312119,1,9,0,99,99,9,9,99,99,9,9,99,9,99,2,9,6,6,1,44,7,2393,1,16,AUDI A6,9,E01003466,0,-1
2021201110882,2021,201110882,1,9,0,18,19,7,3,0,0,0,0,0,0,0,3,1,6,6,2,37,7,1968,2,9,AUDI A6,5,E01009312,0,-1
2021201023685,2021,201023685,2,9,0,18,19,4,8,0,0,0,0,0,0,0,1,1,6,6,2,31,6,1968,2,6,AUDI A6,-1,-1,0,-1
2021131103600,2021,131103600,1,9,0,-1,-1,-1,-1,-1,-1,-1,-1,-1,-1,-1,-1,1,6,6,3,-1,-1,2698,2,13,AUDI A6,-1,-1,0,-1
2021201143247,2021,201143247,1,9,0,9,9,1,6,0,0,5,0,0,0,0,0,1,1,1,1,-1,-1,2967,2,2,AUDI A6,1,E01008910,0,-1
2021122100278,2021,122100278,2,9,0,18,19,7,4,0,0,0,0,0,1,0,1,1,6,6,2,33,6,1968,2,5,AUDI A6,8,E01027896,0,-1
202163C086421,2021,63C086421,1,9,0,9,9,5,3,0,0,6,0,0,3,10,3,1,6,6,1,69,10,1968,2,10,AUDI A6,4,E01006186,0,-1
2021991072344,2021,991072344,1,9,0,17,19,6,2,0,0,0,2,0,8,11,1,1,6,6,1,27,6,2969,2,14,AUDI A6,6,-1,0,-1
2021361121594,2021,361121594,1,9,0,9,9,7,4,0,0,5,0,0,0,0,1,1,2,2,2,28,6,1968,2,10,AUDI A6,6,E01026797,0,-1
2021201109904,2021,201109904,1,9,0,18,19,8,4,0,0,0,0,0,0,0,1,1,6,6,1,47,8,1968,2,11,AUDI A6,1,-1,0,-1
2021010301473,2021,010301473,1,9,0,16,19,7,3,0,0,8,0,0,0,0,3,1,6,6,1,58,9,1968,2,9,AUDI A6,2,E01003498,0,-1
2021501080119,2021,501080119,2,9,0,18,19,5,1,0,0,0,0,0,0,0,1,1,5,6,2,64,9,2995,1,1,AUDI A6,4,E01018962,0,-1
2021401098380,2021,401098380,2,9,0,5,5,5,1,0,0,0,0,0,0,0,1,1,6,6,2,25,5,1968,2,8,AUDI A6,6,E01023720,0,-1
2021991122066,2021,991122066,1,9,0,1,1,1,6,0,0,0,0,0,0,0,2,1,6,6,1,36,7,1968,2,10,AUDI A6,1,-1,0,-1
2021421050389,2021,421050389,1,9,0,18,19,8,4,0,0,0,0,0,0,0,1,1,5,6,1,75,10,2969,2,15,AUDI A6,10,E01021379,0,-1
2021201116154,2021,201116154,1,9,0,3,3,8,4,0,0,1,0,0,0,0,1,1,6,6,1,37,7,1968,2,5,AUDI A6,1,E01009146,0,-1
2021010315981,2021,010315981,2,9,0,99,99,9,9,99,99,9,9,99,9,99,3,9,6,6,3,35,6,1968,2,5,AUDI A6,4,E01001260,0,-1
2021430256982,2021,430256982,3,9,0,4,4,6,2,0,0,0,0,0,0,0,2,1,6,6,1,54,8,1968,2,13,AUDI A6,7,E01017860,0,-1
2021161055135,2021,161055135,2,9,0,2,2,0,0,0,0,0,0,0,0,0,1,1,6,6,3,-1,-1,2967,2,5,AUDI A6,-1,-1,0,-1
2021010334506,2021,010334506,2,9,0,99,99,9,9,99,99,9,9,99,9,99,1,9,6,6,3,-1,-1,2698,2,14,AUDI A6,6,E01002295,0,-1
2021421032594,2021,421032594,2,9,0,9,9,5,3,0,0,2,0,0,0,0,1,1,6,6,1,67,10,1968,2,4,AUDI A6,7,E01021830,0,-1
2021010296344,2021,010296344,4,9,9,18,19,8,4,0,0,0,9,99,0,0,9,9,6,6,3,-1,-1,2393,1,16,AUDI A6,4,E01016141,0,-1
2021010350907,2021,010350907,1,9,0,9,9,5,4,0,0,1,0,0,0,0,1,1,6,6,1,47,8,1968,2,5,AUDI A6,9,E01000670,0,-1
2021430495978,2021,430495978,1,9,0,7,7,4,6,0,0,6,0,0,0,0,2,1,2,2,1,24,5,1968,2,6,AUDI A6,4,E01015792,0,-1
202134WNC5571,2021,34WNC5571,1,9,0,9,9,1,7,0,0,6,0,0,0,0,1,1,6,6,1,-1,-1,2967,2,10,AUDI A6,3,E01027191,0,-1
2021010313671,2021,010313671,2,9,0,99,99,9,9,99,99,9,9,99,9,99,1,9,6,6,3,-1,-1,2698,2,13,AUDI A6,-1,-1,0,-1
2021010300233,2021,010300233,2,9,9,99,99,9,9,99,99,4,9,99,9,99,9,1,6,6,3,-1,-1,2969,2,14,AUDI A6,-1,-1,0,-1
2021161014596,2021,161014596,2,9,0,18,19,3,7,0,0,8,0,0,0,0,1,1,6,6,1,24,5,1968,2,12,AUDI A6,1,E01013298,0,-1
2021161025364,2021,161025364,1,9,0,4,4,4,8,0,0,2,0,0,0,0,1,1,5,6,1,57,9,1968,2,9,AUDI A6,3,E01013134,0,-1
2021010299324,2021,010299324,2,9,0,99,99,9,9,99,99,9,9,99,9,99,1,9,6,6,3,-1,-1,1968,2,14,AUDI A6,4,E01004376,0,-1
2021101012881,2021,101012881,6,9,0,18,19,4,8,0,0,0,0,0,0,0,2,1,5,6,1,37,7,1968,2,5,AUDI A6,9,E01033480,0,-1
2021461068793,2021,461068793,2,9,0,18,19,6,2,0,0,0,0,0,0,0,4,1,2,2,1,51,8,1968,2,15,AUDI A6,5,E01024254,0,-1
2021201051226,2021,201051226,1,9,0,18,19,6,2,0,0,0,0,0,0,0,1,1,6,6,1,-1,-1,1968,2,6,AUDI A6,3,E01009989,0,-1
2021131117211,2021,131117211,1,9,0,9,9,7,5,0,0,1,0,0,0,0,4,1,6,6,2,30,6,1968,2,12,AUDI A6,7,E01011042,0,-1
2021201060611,2021,201060611,1,9,0,9,9,5,2,0,0,6,0,0,0,0,1,1,3,7,2,30,6,1968,2,8,AUDI A6,1,E01010532,0,-1
2021552101150,2021,552101150,1,9,0,18,19,6,2,0,0,8,0,0,0,0,1,1,2,2,1,51,8,1896,2,18,AUDI A6,9,E01032059,0,-1
2021041131064,2021,041131064,1,9,0,18,19,1,5,0,0,1,0,0,0,0,1,1,6,6,2,58,9,1968,2,8,AUDI A6,3,E01012669,0,-1
20211382A1061,2021,1382A1061,2,9,0,18,19,3,8,0,0,1,0,0,0,0,2,1,6,6,1,60,9,1968,2,5,AUDI A6,1,E01010609,0,-1
2021221112047,2021,221112047,2,9,0,9,9,6,4,0,0,5,0,0,0,0,1,1,5,6,1,36,7,1968,2,13,AUDI A6,3,E01013992,0,-1
2021461120617,2021,461120617,1,9,0,7,7,5,1,0,0,0,0,0,0,0,1,1,1,1,1,30,6,2969,2,16,AUDI A6,7,E01000326,0,-1
2021302101528,2021,302101528,1,9,0,18,19,2,6,0,0,0,0,0,0,0,3,1,6,6,2,43,7,1896,2,18,AUDI A6,2,E01013565,0,-1
2021547149621,2021,547149621,3,9,0,18,19,1,5,0,0,0,0,0,0,0,3,1,6,6,1,37,7,1968,2,14,AUDI A6,2,E01032064,0,-1
202134NNC2301,2021,34NNC2301,2,9,0,4,4,7,3,0,0,1,0,0,0,0,2,1,6,6,1,31,6,1968,2,11,AUDI A6,10,E01033244,0,-1
2021070834876,2021,070834876,2,9,0,2,2,0,0,0,0,1,0,0,0,0,4,1,6,6,3,-1,-1,1968,2,6,AUDI A6,3,E01012507,0,-1
2021221114566,2021,221114566,1,9,0,18,19,5,1,0,0,0,0,0,1,7,1,1,6,6,2,61,9,2967,2,5,AUDI A6,6,E01032345,0,-1
2021430585535,2021,430585535,1,9,0,1,1,5,1,0,0,6,0,0,0,0,2,1,6,6,1,38,7,1968,2,11,AUDI A6,3,E01028519,0,-1
2021451071313,2021,451071313,2,9,0,18,19,3,7,0,0,1,0,0,0,0,1,1,1,1,1,46,8,1968,2,8,AUDI A6,9,E01017759,0,-1
2021471097974,2021,471097974,1,9,0,9,9,8,6,0,0,8,0,0,0,0,1,1,3,7,1,48,8,1968,2,4,AUDI A6,10,E01031738,0,-1
2021552100043,2021,552100043,4,9,0,4,4,3,7,0,0,0,0,0,0,0,1,1,6,6,1,57,9,1968,2,3,AUDI A6,2,E01015229,0,-1
2021010342900,2021,010342900,2,9,0,99,99,9,9,99,99,9,9,99,9,99,1,9,6,6,3,-1,-1,1968,2,6,AUDI A6,-1,-1,0,-1
2021430200768,2021,430200768,2,9,0,3,3,1,5,0,0,1,0,0,0,0,4,1,6,6,1,52,8,1968,2,5,AUDI A6,10,E01033508,0,-1
2021471022562,2021,471022562,1,9,0,9,9,2,1,0,0,7,0,0,7,2,4,1,5,6,2,34,6,1968,2,14,AUDI A6,6,E01031513,0,-1
2021010304333,2021,010304333,2,9,0,9,9,2,1,0,0,8,0,0,0,0,4,1,2,2,1,31,6,2698,2,13,AUDI A6,4,E01000618,0,-1
2021010316527,2021,010316527,1,9,0,5,5,7,3,0,0,1,0,0,0,0,1,1,6,6,1,24,5,2969,2,13,AUDI A6,4,E01001187,0,-1
2021161074832,2021,161074832,1,9,0,12,12,4,8,0,0,0,0,0,0,0,1,1,5,6,1,44,7,1968,2,15,AUDI A6,2,E01013195,0,-1
2021010294436,2021,010294436,2,9,0,5,5,7,3,0,0,0,0,0,3,1,3,1,6,6,1,-1,-1,1984,1,17,AUDI A6,7,E01002198,0,-1
2021201108231,2021,201108231,1,9,0,18,19,5,1,0,0,8,0,0,0,0,4,1,6,6,1,39,7,1968,2,13,AUDI A6,2,E01009304,0,-1
2021041098094,2021,041098094,1,9,0,18,19,1,8,0,0,0,0,0,0,0,2,1,5,6,2,38,7,2698,2,13,AUDI A6,10,E01025327,0,-1