collision_index,collision_year,collision_ref_no,vehicle_reference,vehicle_type,towing_and_articulation,vehicle_manoeuvre_historic,vehicle_manoeuvre,vehicle_direction_from,vehicle_direction_to,vehicle_location_restricted_lane_historic,vehicle_location_restricted_lane,junction_location,skidding_and_overturning,hit_object_in_carriageway,vehicle_leaving_carriageway,hit_object_off_carriageway,first_point_of_impact,vehicle_left_hand_drive,journey_purpose_of_driver_historic,journey_purpose_of_driver,sex_of_driver,age_of_driver,age_band_of_driver,engine_capacity_cc,propulsion_code,age_of_vehicle,generic_make_model,driver_imd_decile,lsoa_of_driver,escooter_flag,driver_distance_banding
2021522101914,2021,522101914,1,9,0,9,9,6,3,0,0,6,0,0,0,0,3,1,6,6,1,26,6,1968,2,13,AUDI A6,5,E01014524,0,-1
2021361035858,2021,361035858,1,9,0,18,19,2,6,0,0,0,0,0,8,1,4,1,5,6,1,31,6,2696,2,14,AUDI A6,4,E01026705,0,-1
2021061069989,2021,061069989,2,9,0,9,9,5,3,0,0,8,0,0,0,0,1,1,6,6,3,30,6,2696,2,15,AUDI A6,-1,-1,0,-1
2021010332654,2021,010332654,1,9,0,9,9,1,8,0,0,5,0,0,0,0,1,1,2,2,1,52,8,2671,1,17,AUDI A6,3,E01003537,0,-1
2021010296867,2021,010296867,1,9,0,18,19,1,5,0,0,0,0,0,0,0,2,2,6,6,1,38,7,1968,2,11,AUDI A6,5,E01003139,0,-1
2021131050418,2021,131050418,2,9,0,18,19,8,4,0,0,8,0,0,0,0,1,1,5,6,2,40,7,1968,2,11,AUDI A6,1,E01010845,0,-1
2021361079841,2021,361079841,1,9,0,17,19,6,2,0,0,0,1,0,8,0,1,1,5,6,1,57,9,2967,2,10,AUDI A6,4,E01026656,0,-1
2021211067753,2021,211067753,1,9,0,9,9,8,6,0,0,2,0,0,0,0,3,1,6,6,1,40,7,1968,2,11,AUDI A6,5,E01022158,0,-1
2021010309781,2021,010309781,2,9,0,9,9,5,2,0,0,5,0,0,0,0,1,1,6,6,1,43,7,1984,1,1,AUDI A6,6,E01002674,0,-1
2021451114041,2021,451114041,1,9,0,9,9,7,5,0,0,8,0,0,0,0,4,1,6,6,1,56,9,1968,2,11,AUDI A6,6,E01030736,0,-1
2021141041948,2021,141041948,3,9,0,2,2,0,0,0,0,0,0,0,0,0,1,1,6,6,3,-1,-1,1968,2,13,AUDI A6,-1,-1,0,-1
2021221091901,2021,221091901,2,9,0,4,4,1,5,0,0,0,0,0,0,0,2,1,2,2,1,27,6,1968,2,6,AUDI A6,7,W01000224,0,-1
2021430543520,2021,430543520,1,9,0,18,19,7,3,0,0,1,0,0,0,0,1,1,6,6,1,40,7,1968,2,8,AUDI A6,10,E01017408,0,-1
2021471027943,2021,471027943,4,9,0,2,2,0,0,0,0,2,0,4,0,0,2,1,6,6,3,-1,-1,2969,2,13,AUDI A6,-1,-1,0,-1
2021461089736,2021,461089736,2,9,0,18,19,4,8,0,0,1,0,0,0,0,1,1,5,6,1,34,6,1968,2,5,AUDI A6,3,E01016171,0,-1
2021991085927,2021,991085927,2,9,0,13,13,6,2,0,0,0,0,0,0,0,4,1,2,2,1,66,10,2698,2,14,AUDI A6,-1,-1,0,-1
2021010353169,2021,010353169,2,9,0,9,9,7,4,0,0,0,0,0,0,0,3,1,6,6,1,34,6,1968,2,9,AUDI A6,2,E01003432,0,-1
2021010297822,2021,010297822,2,9,0,99,99,9,9,99,99,9,9,99,9,99,1,9,6,6,1,38,7,1968,2,8,AUDI A6,8,E01002452,0,-1
2021010313868,2021,010313868,1,9,0,99,99,9,9,99,99,9,9,99,9,99,1,9,6,6,3,-1,-1,1968,2,5,AUDI A6,-1,-1,0,-1
2021010328094,2021,010328094,2,9,0,2,2,0,0,0,0,1,0,0,0,0,4,1,6,6,3,-1,-1,1968,2,4,AUDI A6,-1,-1,0,-1
2021461069980,2021,461069980,1,9,0,9,9,7,3,0,0,1,0,0,7,0,2,1,6,6,2,34,6,1968,2,5,AUDI A6,4,E01024217,0,-1
2021122100209,2021,122100209,4,9,0,4,4,5,1,0,0,8,1,0,0,0,1,1,6,6,1,53,8,1968,2,5,AUDI A6,2,E01011815,0,-1
2021010308616,2021,010308616,1,9,0,99,99,9,9,99,99,9,9,99,9,99,4,9,6,6,2,53,8,2496,2,17,AUDI A6,4,E01002876,0,-1
2021131126532,2021,131126532,1,9,0,18,19,1,5,0,0,1,0,0,0,0,1,1,6,6,3,-1,-1,2967,2,7,AUDI A6,-1,-1,0,-1
2021010338603,2021,010338603,2,9,0,99,99,9,9,99,99,9,9,99,9,99,1,9,6,6,3,42,7,1968,2,9,AUDI A6,3,E01001874,0,-1
2021401054301,2021,401054301,2,9,0,3,3,1,5,0,0,1,0,0,0,0,2,1,6,6,1,-1,-1,1968,2,11,AUDI A6,1,E01008916,0,-1
2021421018379,2021,421018379,2,9,0,3,3,5,5,0,0,0,0,0,0,0,2,1,5,6,1,39,7,1968,2,5,AUDI A6,-1,-1,0,-1
2021201070377,2021,201070377,1,9,0,1,1,-1,-1,0,0,0,0,0,0,0,2,1,6,6,1,-1,-1,1968,2,14,AUDI A6,-1,-1,0,-1
2021401054300,2021,401054300,1,9,0,18,19,1,5,0,0,8,0,0,0,0,1,1,5,6,1,20,4,4172,1,17,AUDI A6,9,E01033514,0,-1
2021471091661,2021,471091661,3,9,0,2,2,0,0,0,0,0,0,0,0,0,2,1,6,6,3,-1,-1,2967,2,10,AUDI A6,-1,-1,0,-1
2021421025338,2021,421025338,3,9,0,18,19,3,7,0,0,0,0,0,0,0,0,1,2,2,1,35,6,2967,2,3,AUDI A6,9,E01021736,0,-1
2021041036348,2021,041036348,1,9,0,18,19,2,6,0,0,4,0,0,0,0,1,1,1,1,1,40,7,1968,2,11,AUDI A6,5,E01012645,0,-1
202134WNC4221,2021,34WNC4221,2,8,0,2,2,0,0,0,0,2,0,0,0,0,2,1,1,1,1,39,7,1968,2,5,AUDI A6,2,E01027106,0,-1
2021351101037,2021,351101037,2,9,0,10,10,7,1,0,0,0,0,0,0,0,3,1,5,6,1,19,4,1871,2,17,AUDI A6,4,E01018146,0,-1
2021302101006,2021,302101006,3,9,0,18,19,4,8,0,0,1,0,0,0,0,1,1,6,6,1,57,9,1968,2,4,AUDI A6,7,E01027219,0,-1
2021471057493,2021,471057493,2,8,0,18,19,1,5,2,2,1,0,0,0,0,4,1,1,1,1,44,7,1968,2,5,AUDI A6,7,E01016929,0,-1
2021201068603,2021,201068603,2,9,0,18,19,8,4,0,0,0,0,0,0,0,1,1,1,1,1,-1,-1,2967,2,2,AUDI A6,3,E01033620,0,-1
2021061126400,2021,061126400,3,9,0,18,19,6,2,0,0,0,0,0,0,0,3,1,5,6,1,29,6,2393,1,19,AUDI A6,4,E01006219,0,-1
2021501115220,2021,501115220,1,9,0,9,9,3,7,0,0,0,0,0,0,0,3,1,5,6,1,65,9,2995,1,1,AUDI A6,4,E01018962,0,-1
2021201059137,2021,201059137,1,9,0,18,19,2,6,0,0,1,0,0,0,0,1,1,6,6,2,27,6,1968,2,9,AUDI A6,-1,-1,0,-1
2021991115515,2021,991115515,2,9,0,17,19,2,5,0,0,1,0,0,1,0,3,1,5,6,1,39,7,1968,2,8,AUDI A6,10,-1,0,-1
2021041033381,2021,041033381,3,9,0,18,19,2,6,0,0,1,0,0,7,11,1,1,5,6,1,55,8,2698,2,15,AUDI A6,3,E01025232,0,-1
2021010344816,2021,010344816,1,9,0,15,15,1,5,0,0,1,0,0,0,0,3,1,2,2,1,33,6,2393,1,16,AUDI A6,4,E01003621,0,-1
2021461043744,2021,461043744,1,9,0,4,4,3,7,0,0,0,0,0,0,0,1,1,5,6,2,37,7,2393,1,19,AUDI A6,2,E01024277,0,-1
2021141016892,2021,141016892,2,9,0,18,19,8,3,0,0,4,0,0,0,0,2,1,5,6,1,20,4,1968,2,14,AUDI A6,-1,-1,0,-1
2021161040246,2021,161040246,3,9,0,18,19,1,5,0,0,2,0,0,0,0,1,1,6,6,1,26,6,1968,2,7,AUDI A6,5,E01013308,0,-1
2021010312573,2021,010312573,1,9,0,18,19,4,8,0,0,0,0,0,0,0,0,1,6,6,3,-1,-1,1968,2,14,AUDI A6,-1,-1,0,-1
2021010322655,2021,010322655,1,9,0,18,19,3,7,0,0,1,0,0,0,0,1,1,6,6,1,37,7,1968,2,6,AUDI A6,6,E01004530,0,-1
2021991094253,2021,991094253,1,9,0,1,1,5,6,0,0,1,0,0,0,0,2,1,1,1,1,58,9,1984,1,2,AUDI A6,10,-1,0,-1
2021430454051,2021,430454051,2,9,0,18,19,5,1,0,0,0,0,0,0,0,2,1,6,6,1,30,6,1968,2,16,AUDI A6,6,E01000231,0,-1
2021041097332,2021,041097332,1,9,0,18,19,5,1,0,0,0,0,4,0,0,1,1,5,6,2,31,6,1968,1,14,AUDI A6,2,E01012709,0,-1
2021522200736,2021,522200736,2,9,0,18,19,3,7,0,0,8,0,0,0,0,1,1,6,6,1,38,7,2696,2,14,AUDI A6,7,E01014770,0,-1
2021061058487,2021,061058487,1,9,0,12,12,3,7,0,0,1,0,0,0,0,1,1,6,6,1,30,6,2969,2,13,AUDI A6,1,E01005141,0,-1
2021430160915,2021,430160915,1,9,0,9,9,1,7,0,0,6,0,0,0,0,2,1,2,2,1,55,8,1968,2,12,AUDI A6,7,E01032944,0,-1
2021546054321,2021,546054321,2,9,0,9,9,1,7,0,0,5,0,0,0,0,3,1,6,6,2,24,5,2967,2,7,AUDI A6,9,E01015523,0,-1
2021010330859,2021,010330859,2,9,0,18,19,6,2,0,0,8,0,0,0,0,2,1,6,6,3,-1,-1,1968,2,14,AUDI A6,10,E01010586,0,-1
2021141094378,2021,141094378,2,9,0,18,19,4,8,0,0,0,0,0,0,0,1,1,5,6,1,28,6,2967,2,8,AUDI A6,4,E01008161,0,-1
2021531088245,2021,531088245,1,9,0,9,9,2,8,0,0,8,0,0,0,0,1,1,2,2,1,49,8,1968,2,5,AUDI A6,8,E01015486,0,-1
2021061025029,2021,061025029,2,9,0,18,19,5,5,0,0,1,0,0,0,0,4,1,6,6,1,47,8,1968,2,9,AUDI A6,7,E01004835,0,-1
2021101029372,2021,101029372,1,9,0,1,1,3,1,0,0,0,0,0,0,0,2,1,6,6,3,-1,-1,1968,2,11,AUDI A6,-1,-1,0,-1
2021131038095,2021,131038095,1,9,0,18,19,7,3,0,0,0,0,0,0,0,3,1,6,6,1,39,7,1968,2,12,AUDI A6,-1,-1,0,-1
2021471097409,2021,471097409,1,9,0,18,19,3,7,0,0,1,0,0,0,0,2,2,1,1,1,31,6,1968,2,8,AUDI A6,7,E01020986,0,-1
2021501040460,2021,501040460,2,9,0,16,19,3,6,0,0,1,0,0,1,4,1,1,5,6,1,36,7,2771,1,24,AUDI A6,3,E01019070,0,-1
2021991043291,2021,991043291,2,9,0,3,3,6,1,0,0,0,0,0,0,0,2,1,5,6,1,24,5,2698,2,15,AUDI A6,1,-1,0,-1
2021411150793,2021,411150793,1,9,0,18,19,3,3,0,0,0,1,0,0,0,1,1,5,6,1,24,5,1968,2,2,AUDI A6,4,E01023756,0,-1
2021522102562,2021,522102562,2,9,0,9,9,8,5,0,0,8,0,0,0,0,4,1,6,6,1,34,6,1984,1,14,AUDI A6,1,E01032515,0,-1
2021201137048,2021,201137048,3,9,0,3,3,4,8,0,0,1,0,0,0,0,2,1,6,6,2,37,7,1968,2,14,AUDI A6,1,E01033643,0,-1
2021351057164,2021,351057164,1,9,0,18,19,7,3,0,0,4,0,0,0,0,1,1,6,6,2,27,6,1968,2,8,AUDI A6,3,E01015666,0,-1
2021070201489,2021,070201489,2,9,0,18,19,7,3,0,0,1,0,0,0,0,4,1,6,6,1,46,8,2969,2,14,AUDI A6,2,E01012442,0,-1
2021070866533,2021,070866533,2,9,0,4,4,5,1,0,0,0,0,0,0,0,2,1,6,6,1,37,7,2967,2,12,AUDI A6,1,E01012546,0,-1
2021461036821,2021,461036821,1,9,0,3,3,6,2,0,0,1,0,0,0,0,1,1,6,6,1,45,7,1968,2,8,AUDI A6,10,E01021452,0,-1
2021201140724,2021,201140724,1,9,0,18,19,3,1,0,0,0,1,6,0,0,1,1,6,6,1,29,6,1968,2,10,AUDI A6,6,E01009034,0,-1
2021070871139,2021,070871139,1,9,0,1,1,7,3,0,0,0,0,0,0,0,2,1,6,6,2,26,6,2967,2,5,AUDI A6,8,E01018342,0,-1
2021451034058,2021,451034058,2,9,0,18,19,1,1,0,0,6,0,0,0,0,1,1,6,6,1,43,7,1968,2,2,AUDI A6,4,E01030615,0,-1
2021101113123,2021,101113123,2,9,0,2,2,1,1,0,0,0,0,0,0,0,2,1,1,1,1,39,7,1968,2,5,AUDI A6,-1,-1,0,-1
2021501031559,2021,501031559,1,9,0,9,9,1,7,0,0,8,0,0,0,0,1,1,6,6,1,65,9,1968,2,13,AUDI A6,3,E01018927,0,-1
2021101044404,2021,101044404,1,9,0,18,19,6,4,0,0,8,0,0,0,0,1,1,6,6,1,46,8,2967,2,8,AUDI A6,3,E01008217,0,-1
202134WNC4091,2021,34WNC4091,1,9,0,9,9,3,7,0,0,8,0,7,0,1,4,1,6,6,1,27,6,1968,2,13,AUDI A6,1,E01027235,0,-1
2021010346507,2021,010346507,1,9,0,18,19,7,3,0,0,3,0,0,0,0,3,1,6,6,1,26,6,2967,2,10,AUDI A6,3,E01002407,0,-1
2021531101587,2021,531101587,2,9,0,18,19,6,2,0,0,8,0,0,0,0,1,1,1,1,1,25,5,1968,2,8,AUDI A6,5,E01022344,0,-1
2021991091250,2021,991091250,1,9,0,16,19,1,4,0,0,0,0,0,8,11,1,1,5,6,1,26,6,1968,2,8,AUDI A6,2,-1,0,-1
2021041043730,2021,041043730,2,9,0,18,19,1,5,0,0,2,0,4,0,0,4,1,6,6,2,37,7,1968,2,4,AUDI A6,1,E01024908,0,-1
2021010317363,2021,010317363,2,9,0,18,19,5,1,0,0,1,0,0,0,0,4,1,6,6,1,24,5,1968,2,14,AUDI A6,9,E01030636,0,-1
2021361117764,2021,361117764,1,9,0,18,19,5,1,0,0,0,0,0,0,0,1,1,5,6,1,72,10,2698,2,16,AUDI A6,5,E01026428,0,-1
2021010291343,2021,010291343,4,9,0,5,5,3,7,0,0,1,0,0,0,0,2,1,6,6,2,28,6,1968,2,1,AUDI A6,9,E01000696,0,-1
2021131066268,2021,131066268,3,9,0,18,19,5,1,0,0,0,0,0,0,0,1,1,6,6,1,40,7,1968,2,8,AUDI A6,9,E01032876,0,-1
2021010324783,2021,010324783,1,9,0,99,99,9,9,99,99,9,9,99,9,99,2,9,6,6,1,28,6,1968,2,13,AUDI A6,5,E01003681,0,-1
2021010296909,2021,010296909,1,9,0,18,19,5,1,9,9,1,0,0,1,4,3,1,6,6,1,50,8,2969,2,16,AUDI A6,2,E01002615,0,-1
2021201088001,2021,201088001,1,9,0,9,9,3,1,0,0,6,0,0,0,0,1,1,6,6,1,-1,-1,2698,2,14,AUDI A6,8,E01010179,0,-1
2021010320986,2021,010320986,3,9,0,3,3,3,7,0,0,0,0,0,0,0,2,1,6,6,2,34,6,1968,2,7,AUDI A6,4,E01001694,0,-1
2021031089180,2021,031089180,1,9,0,18,19,1,5,0,0,1,0,0,0,0,4,1,5,6,1,62,9,1968,2,6,AUDI A6,5,E01019363,0,-1
2021101012881,2021,101012881,4,9,0,18,19,4,8,0,0,0,1,0,0,0,1,1,5,6,1,30,6,1968,2,6,AUDI A6,9,E01032593,0,-1
2021401132964,2021,401132964,1,9,0,17,19,3,7,0,0,1,0,0,0,0,1,1,5,6,1,79,11,1968,2,3,AUDI A6,9,E01016769,0,-1
2021052102548,2021,052102548,1,9,0,7,7,6,2,0,0,8,0,0,0,0,1,1,6,6,1,36,7,1968,2,9,AUDI A6,4,E01006543,0,-1
2021991037027,2021,991037027,1,9,0,18,19,8,4,0,0,0,0,0,7,0,1,1,5,6,1,33,6,2967,2,8,AUDI A6,4,-1,0,-1
2021041091197,2021,041091197,1,9,0,18,19,6,2,0,0,8,0,0,0,0,1,1,2,2,1,38,7,1968,2,14,AUDI A6,3,E01025306,0,-1
2021010327461,2021,010327461,2,9,0,99,99,9,9,99,99,9,9,99,9,99,1,9,6,6,3,-1,-1,1968,2,2,AUDI A6,-1,-1,0,-1
2021010343664,2021,010343664,2,9,9,99,99,7,3,99,99,0,9,99,9,99,9,9,6,6,1,30,6,1968,2,6,AUDI A6,2,E01004310,0,-1
2021471036058,2021,471036058,1,9,0,9,9,7,3,0,0,1,0,0,3,0,1,1,6,6,1,41,7,1968,2,4,AUDI A6,5,E01024503,0,-1
2021010296130,2021,010296130,2,9,0,5,5,3,7,0,0,1,0,0,0,0,2,1,6,6,1,39,7,1968,2,3,AUDI A6,10,E01017807,0,-1
2021361058968,2021,361058968,1,9,0,18,19,5,1,0,0,8,0,0,0,0,4,1,5,6,1,32,6,1968,2,5,AUDI A6,7,E01026564,0,-1
2021320355613,2021,320355613,2,9,0,18,19,6,2,0,0,1,0,0,0,0,3,1,6,6,1,29,6,1896,2,17,AUDI A6,-1,-1,0,-1
2021461118944,2021,461118944,2,9,0,18,19,1,5,0,0,8,0,0,0,0,3,1,5,6,1,32,6,1968,2,12,AUDI A6,2,E01016035,0,-1
2021361102362,2021,361102362,1,9,0,18,19,2,6,0,0,0,2,0,1,11,1,1,5,6,1,30,6,2967,2,3,AUDI A6,8,E01026470,0,-1
2021010348069,2021,010348069,1,9,0,18,19,1,5,0,0,8,0,0,0,0,4,1,2,2,1,51,8,2969,2,14,AUDI A6,1,E01023536,0,-1
2021201082376,2021,201082376,2,9,0,13,13,5,1,0,0,0,0,0,0,0,4,1,1,1,1,21,5,2967,2,10,AUDI A6,4,E01010259,0,-1
2021430136520,2021,430136520,1,9,0,9,9,6,4,0,0,3,0,0,0,0,3,1,2,2,1,23,5,1968,2,14,AUDI A6,1,E01000643,0,-1
2021430350441,2021,430350441,2,8,0,16,19,4,6,0,0,0,0,0,0,0,3,1,1,1,1,40,7,1968,2,6,AUDI A6,10,E01030945,0,-1
2021010329778,2021,010329778,2,9,0,99,99,9,9,0,0,0,9,99,9,99,1,9,6,6,3,-1,-1,1968,2,7,AUDI A6,-1,-1,0,-1
2021061098442,2021,061098442,1,9,0,18,19,4,8,0,0,2,0,0,0,0,1,1,6,6,1,30,6,1968,2,6,AUDI A6,1,E01004825,0,-1
2021131072039,2021,131072039,1,9,0,18,19,1,5,0,0,0,0,0,0,0,1,1,2,2,1,42,7,2967,2,6,AUDI A6,4,E01019491,0,-1
20211383E0860,2021,1383E0860,2,9,0,18,19,6,2,0,0,0,0,0,0,0,2,1,6,6,1,53,8,1968,2,6,AUDI A6,1,E01010832,0,-1
2021131102005,2021,131102005,1,9,0,18,19,1,5,0,0,8,0,0,0,0,3,1,5,6,1,22,5,1968,2,5,AUDI A6,1,E01010626,0,-1
2021221094241,2021,221094241,1,9,0,18,19,8,4,0,0,3,0,0,0,0,1,1,6,6,1,29,6,1968,2,8,AUDI A6,6,E01014100,0,-1
2021010345669,2021,010345669,1,9,0,18,19,7,3,0,0,0,0,0,0,0,4,1,6,6,1,35,6,1968,2,3,AUDI A6,5,E01001217,0,-1
202154A373321,2021,54A373321,1,9,0,18,19,5,1,0,0,2,0,10,1,2,1,1,6,6,1,22,5,1968,2,6,AUDI A6,3,E01015502,0,-1
2021141112378,2021,141112378,1,9,0,18,19,3,7,0,0,0,0,4,0,0,1,1,6,6,1,27,6,1968,2,11,AUDI A6,1,E01007645,0,-1
2021461124929,2021,461124929,2,9,0,18,19,1,5,0,0,0,0,0,0,0,1,1,2,2,1,28,6,1968,2,9,AUDI A6,4,E01024258,0,-1
2021471090551,2021,471090551,2,9,0,5,5,2,4,0,0,6,0,0,0,0,3,1,2,2,1,43,7,2967,2,5,AUDI A6,9,E01016999,0,-1
2021010348035,2021,010348035,2,9,0,99,99,9,9,99,99,9,9,99,9,99,1,9,6,6,1,34,6,3123,1,16,AUDI A6,4,E01002247,0,-1
2021421050280,2021,421050280,2,9,0,4,4,6,5,0,0,0,0,0,0,0,2,1,5,6,1,30,6,1968,2,5,AUDI A6,6,E01022090,0,-1
2021010298155,2021,010298155,2,9,0,7,7,1,2,0,0,1,0,0,1,7,1,1,6,6,1,34,6,1968,2,14,AUDI A6,5,E01001271,0,-1
2021552100917,2021,552100917,2,9,0,5,5,2,6,0,0,0,0,0,0,0,3,1,6,6,2,24,5,1968,2,8,AUDI A6,8,E01015322,0,-1
2021221061457,2021,221061457,1,9,0,18,19,6,2,0,0,8,1,0,0,0,1,1,5,6,2,26,6,1968,2,7,AUDI A6,2,E01032235,0,-1
2021471022980,2021,471022980,2,9,0,18,19,8,4,0,0,0,0,0,0,0,4,1,1,1,1,46,8,2967,2,6,AUDI A6,6,E01021034,0,-1
2021471033044,2021,471033044,1,9,0,18,19,2,6,9,9,0,0,0,0,0,1,1,6,6,1,-1,-1,1968,2,15,AUDI A6,-1,-1,0,-1
2021411065231,2021,411065231,1,9,0,16,19,5,1,0,0,0,0,0,0,0,1,1,5,6,1,39,7,1968,2,9,AUDI A6,10,E01023697,0,-1
2021201116985,2021,201116985,2,9,0,18,19,8,4,0,0,0,0,0,0,0,2,1,6,6,1,49,8,2698,2,16,AUDI A6,3,E01009633,0,-1
2021371075364,2021,371075364,2,9,0,9,9,3,1,0,0,8,0,0,0,0,3,1,5,6,2,59,9,1968,2,5,AUDI A6,10,E01030205,0,-1
2021010295212,2021,010295212,1,9,0,18,19,7,3,0,0,8,0,0,0,0,4,1,6,6,1,22,5,1968,2,2,AUDI A6,4,E01004254,0,-1
2021440431541,2021,440431541,1,9,0,5,5,1,4,0,0,4,0,0,0,0,1,1,6,6,1,55,8,1968,2,6,AUDI A6,6,E01022715,0,-1
2021522105613,2021,522105613,3,9,0,2,2,0,0,0,0,2,0,0,0,0,3,1,6,6,1,51,8,1968,2,2,AUDI A6,6,E01014781,0,-1
2021201084551,2021,201084551,1,9,0,18,19,6,2,0,0,8,0,0,0,0,1,1,6,6,1,62,9,1968,2,6,AUDI A6,10,E01010231,0,-1
2021061064844,2021,061064844,2,9,0,18,19,1,5,0,0,8,0,0,0,0,3,1,2,2,1,42,7,1968,2,5,AUDI A6,10,E01005805,0,-1
2021170M10041,2021,170M10041,1,9,0,18,19,5,1,0,0,0,0,0,0,0,3,1,6,6,1,21,5,1968,2,2,AUDI A6,7,E01012024,0,-1
2021430160794,2021,430160794,2,9,0,9,9,6,4,0,0,6,0,0,0,0,1,1,6,6,1,37,7,1968,2,6,AUDI A6,2,E01028513,0,-1
2021131114857,2021,131114857,1,9,0,-1,-1,-1,-1,-1,-1,-1,-1,-1,-1,-1,-1,1,6,6,3,-1,-1,1968,2,8,AUDI A6,-1,-1,0,-1
2021351056770,2021,351056770,1,9,0,18,19,7,3,0,0,0,0,0,0,0,1,1,6,6,1,63,9,1984,1,18,AUDI A6,6,E01030112,0,-1
2021070731456,2021,070731456,1,9,0,9,9,5,3,0,0,1,0,0,0,0,0,1,6,6,1,72,10,2967,2,5,AUDI A6,10,E01018325,0,-1
2021471066965,2021,471066965,4,9,0,2,2,0,0,0,0,0,0,4,0,0,2,1,6,6,3,-1,-1,2967,2,7,AUDI A6,-1,-1,0,-1
2021131103950,2021,131103950,1,9,0,4,4,3,7,0,0,0,0,0,0,0,2,1,6,6,2,34,6,1968,2,2,AUDI A6,1,E01010632,0,-1
2021421029608,2021,421029608,2,9,0,18,19,8,1,0,0,1,0,0,0,0,4,1,2,2,1,34,6,2771,1,27,AUDI A6,6,E01021373,0,-1
2021545983721,2021,545983721,2,9,0,4,4,1,5,0,0,1,0,0,0,0,2,1,6,6,2,32,6,1968,2,14,AUDI A6,7,E01031978,0,-1
2021131079943,2021,131079943,1,9,0,1,1,5,1,9,9,0,0,0,0,0,-1,1,6,6,3,-1,-1,1968,2,11,AUDI A6,-1,-1,0,-1
2021552101217,2021,552101217,2,9,0,4,4,8,4,0,0,0,0,0,0,0,2,1,6,6,1,31,6,1968,2,5,AUDI A6,3,E01015306,0,-1
2021430432399,2021,430432399,1,9,0,3,3,8,4,0,0,8,0,0,0,0,2,1,2,2,1,37,7,1968,2,4,AUDI A6,3,E01016455,0,-1
2021401039992,2021,401039992,6,9,0,3,3,4,8,0,0,2,0,0,0,0,2,1,2,2,1,47,8,2969,2,13,AUDI A6,7,E01017593,0,-1
2021010343151,2021,010343151,1,9,0,4,4,5,1,0,0,3,1,0,0,0,3,1,2,2,1,42,7,2967,2,4,AUDI A6,6,E01003000,0,-1
2021351084912,2021,351084912,2,9,0,18,19,8,4,0,0,1,0,0,0,0,2,1,6,6,2,32,6,2967,2,11,AUDI A6,3,E01013930,0,-1
2021131047035,2021,131047035,3,9,0,18,19,7,3,0,0,8,0,0,0,0,2,1,5,6,1,32,6,2967,2,7,AUDI A6,4,E01011019,0,-1
2021122101356,2021,122101356,3,9,0,18,19,7,3,0,0,5,0,0,0,0,0,1,6,6,1,58,9,1968,2,13,AUDI A6,6,E01027758,0,-1
2021041035919,2021,041035919,2,9,0,3,3,3,7,0,0,4,0,0,0,0,2,1,5,6,2,44,7,1968,2,12,AUDI A6,1,E01024953,0,-1
2021351018049,2021,351018049,1,9,0,13,13,1,5,0,0,0,0,0,0,0,1,1,1,1,1,60,9,2969,2,13,AUDI A6,4,E01026679,0,-1
2021471025505,2021,471025505,1,9,0,18,19,5,3,0,0,0,0,0,0,0,3,1,6,6,1,41,7,1968,2,14,AUDI A6,8,E01030575,0,-1
2021201074256,2021,201074256,1,9,0,18,19,6,2,0,0,3,0,0,0,0,4,1,6,6,1,63,9,1968,2,12,AUDI A6,2,E01009833,0,-1
2021461092831,2021,461092831,1,9,0,18,19,3,7,0,0,0,0,0,0,0,1,1,6,6,1,44,7,1968,2,15,AUDI A6,8,E01032620,0,-1
2021430410561,2021,430410561,2,9,0,9,9,5,3,0,0,2,0,0,0,0,1,1,6,6,1,51,8,1968,2,7,AUDI A6,10,E01031139,0,-1
2021131040276,2021,131040276,1,9,0,18,19,3,7,0,0,0,0,0,0,0,2,1,6,6,1,51,8,1968,2,2,AUDI A6,4,E01008565,0,-1
2021041013420,2021,041013420,1,9,0,18,19,3,7,0,0,1,0,0,0,0,1,1,6,6,1,-1,-1,1968,2,2,AUDI A6,9,E01025566,0,-1
2021131101688,2021,131101688,2,9,0,-1,-1,-1,-1,-1,-1,-1,-1,-1,-1,-1,-1,1,6,6,3,-1,-1,1968,2,15,AUDI A6,-1,-1,0,-1
2021440285462,2021,440285462,1,9,0,4,4,8,4,0,0,1,0,0,0,0,2,1,6,6,1,46,8,1968,2,2,AUDI A6,8,E01017249,0,-1
2021543101121,2021,543101121,2,9,0,18,19,1,4,0,0,1,0,0,0,0,1,1,6,6,1,24,5,1968,2,7,AUDI A6,-1,-1,0,-1
2021461042102,2021,461042102,2,9,0,18,19,1,5,0,0,1,0,0,0,0,1,1,6,6,1,25,5,1871,2,16,AUDI A6,10,E01024418,0,-1
2021010304193,2021,010304193,2,9,0,99,99,9,9,99,99,1,9,99,9,99,9,9,6,6,1,35,6,1968,2,0,AUDI A6,3,E01003567,0,-1
2021070678706,2021,070678706,2,9,0,17,19,5,1,0,0,0,0,0,1,0,4,1,2,2,2,41,7,1968,2,5,AUDI A6,9,E01005645,0,-1
2021010350507,2021,010350507,1,9,0,99,99,9,9,99,99,0,9,99,9,99,9,9,2,2,2,40,7,1968,2,4,AUDI A6,4,E01021818,0,-1
202131D142221,2021,31D142221,1,9,0,18,19,8,4,0,0,4,1,10,3,1,1,1,6,6,2,45,7,1968,2,14,AUDI A6,2,E01013918,0,-1
2021131111215,2021,131111215,1,9,0,9,9,3,3,0,0,6,0,0,0,0,4,1,6,6,1,30,6,2496,2,18,AUDI A6,6,E01011026,0,-1
2021401033088,2021,401033088,1,9,0,15,15,4,8,0,0,1,0,0,0,0,1,1,6,6,1,-1,-1,1968,2,15,AUDI A6,-1,-1,0,-1