collision_index,collision_year,collision_ref_no,vehicle_reference,vehicle_type,towing_and_articulation,vehicle_manoeuvre_historic,vehicle_manoeuvre,vehicle_direction_from,vehicle_direction_to,vehicle_location_restricted_lane_historic,vehicle_location_restricted_lane,junction_location,skidding_and_overturning,hit_object_in_carriageway,vehicle_leaving_carriageway,hit_object_off_carriageway,first_point_of_impact,vehicle_left_hand_drive,journey_purpose_of_driver_historic,journey_purpose_of_driver,sex_of_driver,age_of_driver,age_band_of_driver,engine_capacity_cc,propulsion_code,age_of_vehicle,generic_make_model,driver_imd_decile,lsoa_of_driver,escooter_flag,driver_distance_banding
2021010344983,2021,010344983,1,9,0,18,19,5,1,0,0,2,0,0,0,0,3,1,2,2,1,41,7,1968,2,5,AUDI A6,1,E01002773,0,-1
2021471056125,2021,471056125,1,9,0,6,6,5,3,0,0,8,0,0,0,0,1,1,6,6,1,-1,-1,1968,2,2,AUDI A6,5,E01001581,0,-1
2021131074817,2021,131074817,2,9,0,2,2,1,1,0,0,0,0,0,0,0,1,1,5,6,1,28,6,1968,2,8,AUDI A6,1,E01010809,0,-1
2021131121833,2021,131121833,2,9,0,18,19,3,7,0,0,0,0,0,0,0,3,1,6,6,1,46,8,1968,2,7,AUDI A6,1,E01010736,0,-1
2021351130951,2021,351130951,1,9,0,7,7,4,6,0,0,8,0,0,0,0,1,1,5,6,2,19,4,3123,1,17,AUDI A6,9,E01033433,0,-1
2021211100231,2021,211100231,1,9,0,9,9,5,3,0,0,8,0,0,0,0,0,1,6,6,2,36,7,1968,2,6,AUDI A6,4,E01029501,0,-1
2021010349329,2021,010349329,1,9,0,9,9,1,6,0,0,8,0,0,0,0,4,1,6,6,1,31,6,1968,2,9,AUDI A6,7,E01002971,0,-1
2021421091229,2021,421091229,1,9,0,9,9,2,1,0,0,8,0,0,0,0,3,1,5,6,1,26,6,1968,2,6,AUDI A6,3,E01021821,0,-1
2021010328885,2021,010328885,1,9,0,5,5,1,5,0,0,4,0,9,0,0,2,1,6,6,1,57,9,1968,2,3,AUDI A6,2,E01001152,0,-1
2021161055002,2021,161055002,1,9,0,9,9,4,2,0,0,2,0,0,0,0,3,1,2,2,1,45,7,1968,2,15,AUDI A6,1,E01012864,0,-1
2021010325717,2021,010325717,1,9,0,99,99,9,9,99,99,9,9,99,9,99,9,9,6,6,1,32,6,1968,2,1,AUDI A6,-1,-1,0,-1
2021010300997,2021,010300997,1,9,0,99,99,9,9,99,99,9,9,99,9,99,9,9,6,6,1,49,8,1968,2,5,AUDI A6,6,E01001563,0,-1
2021320281001,2021,320281001,1,9,0,1,1,5,1,9,9,0,0,0,0,0,2,1,3,7,2,30,6,1968,2,9,AUDI A6,-1,-1,0,-1
2021031056275,2021,031056275,1,9,0,18,19,5,1,0,0,1,0,4,0,0,1,1,6,6,1,28,6,2698,2,14,AUDI A6,7,E01019390,0,-1
2021061083922,2021,061083922,1,9,0,18,19,5,1,0,0,1,0,0,0,0,1,1,5,6,1,30,6,2969,2,14,AUDI A6,-1,-1,0,-1
2021552100306,2021,552100306,2,9,0,3,3,6,2,0,0,0,0,0,0,0,2,1,1,1,1,46,8,1968,2,4,AUDI A6,8,E01020514,0,-1
2021061112714,2021,061112714,1,9,0,18,19,5,1,0,0,2,0,0,0,0,1,1,6,6,3,30,6,2698,2,13,AUDI A6,-1,-1,0,-1
2021991115615,2021,991115615,1,9,0,18,19,4,8,0,0,8,0,0,0,0,1,1,5,6,1,33,6,1968,2,4,AUDI A6,2,-1,0,-1
2021201130067,2021,201130067,1,9,0,10,10,6,4,0,0,1,0,0,0,0,3,1,6,6,1,34,6,1968,2,9,AUDI A6,2,E01010525,0,-1
2021461057249,2021,461057249,2,9,0,9,9,6,4,0,0,1,0,0,0,0,0,1,5,6,2,39,7,2496,2,19,AUDI A6,7,E01024355,0,-1
2021010289670,2021,010289670,2,9,0,99,99,9,9,99,99,9,9,99,9,99,1,9,6,6,3,-1,-1,1968,2,3,AUDI A6,-1,-1,0,-1
2021451113199,2021,451113199,2,9,0,1,1,3,7,0,0,0,0,0,0,0,2,1,6,6,2,30,6,1968,2,0,AUDI A6,9,E01030890,0,-1
2021430177851,2021,430177851,1,9,0,9,9,7,5,0,0,8,0,0,0,0,4,1,6,6,2,28,6,1968,2,7,AUDI A6,3,E01017906,0,-1
2021991102401,2021,991102401,2,9,0,9,9,3,1,0,0,1,0,0,0,0,1,1,5,6,2,24,5,1968,2,13,AUDI A6,3,-1,0,-1
2021471016804,2021,471016804,1,9,0,18,19,8,4,0,0,1,0,0,0,0,1,1,6,6,1,62,9,1968,2,9,AUDI A6,4,E01020976,0,-1
2021010293581,2021,010293581,2,9,0,99,99,9,9,99,99,9,9,99,9,99,9,9,6,6,3,-1,-1,2995,1,12,AUDI A6,6,E01015454,0,-1
2021010325269,2021,010325269,1,9,9,99,99,9,9,99,99,1,9,99,9,99,9,1,6,6,3,-1,-1,1968,2,11,AUDI A6,-1,-1,0,-1
2021371026272,2021,371026272,2,9,0,18,19,1,5,0,0,0,0,0,0,0,3,1,1,1,1,39,7,2698,2,13,AUDI A6,8,E01030293,0,-1
2021471062299,2021,471062299,2,9,0,18,19,1,5,0,0,1,0,0,0,0,4,1,5,6,1,21,5,1968,2,8,AUDI A6,1,E01016900,0,-1
2021430027303,2021,430027303,3,9,0,18,19,2,6,0,0,1,0,0,0,0,1,1,6,6,1,30,6,1968,2,9,AUDI A6,-1,-1,0,-1
2021991064898,2021,991064898,2,4,0,15,15,1,6,0,0,0,2,0,1,0,4,1,6,6,1,54,8,500,1,1,-1,7,-1,0,-1
2021461130506,2021,461130506,1,9,0,18,19,5,1,0,0,2,0,0,0,0,4,1,6,6,2,83,11,1368,1,17,-1,8,E01024723,0,-1
2021010316428,2021,010316428,2,9,0,18,19,3,7,0,0,0,0,0,0,0,3,1,6,6,1,36,7,1368,1,15,-1,-1,-1,0,-1
2021201143782,2021,201143782,1,9,0,18,19,6,2,0,0,1,0,9,0,0,1,1,6,6,1,44,7,1368,1,16,-1,1,E01009963,0,-1
2021010306680,2021,010306680,2,9,0,3,3,5,1,0,0,0,0,0,0,0,0,1,6,6,1,35,6,1368,1,17,-1,4,E01003117,0,-1
2021161058657,2021,161058657,1,3,0,18,19,3,7,0,0,1,0,0,0,0,1,1,5,6,1,15,3,85,1,29,-1,1,E01012838,0,-1
2021430578670,2021,430578670,2,3,0,18,19,1,5,0,0,1,0,0,0,0,1,1,6,6,1,71,10,85,1,35,-1,10,E01028816,0,-1
2021471042952,2021,471042952,2,3,0,5,5,5,1,0,0,8,0,0,0,0,2,1,5,6,1,63,9,85,1,32,-1,9,E01020939,0,-1
2021501038055,2021,501038055,1,3,0,15,15,3,7,0,0,0,1,0,0,0,1,1,1,1,1,60,9,85,1,33,-1,7,E01018800,0,-1
2021501064686,2021,501064686,2,3,0,18,19,3,7,0,0,0,0,0,0,0,1,1,6,6,2,61,9,85,1,24,-1,6,E01020207,0,-1
2021471036322,2021,471036322,1,4,0,18,19,8,4,0,0,1,0,0,7,0,1,1,2,2,1,41,7,249,1,9,-1,10,E01021192,0,-1
2021440327924,2021,440327924,1,2,0,4,4,7,3,0,0,2,0,0,0,0,0,1,6,6,1,16,4,49,1,1,-1,8,E01017302,0,-1
2021451019086,2021,451019086,1,2,0,18,19,2,6,0,0,8,1,0,0,0,1,1,5,6,1,17,4,49,1,1,-1,9,E01030679,0,-1
2021552101083,2021,552101083,1,2,0,14,14,2,6,0,0,8,0,0,0,0,2,1,4,7,1,16,4,49,1,1,-1,8,E01020400,0,-1
2021101117836,2021,101117836,1,9,0,5,5,6,2,0,0,1,0,0,0,0,1,1,2,2,1,58,9,3000,1,31,MITSUBISHI MODEL MISSING,2,E01008773,0,-1
2021552101401,2021,552101401,1,9,0,18,19,6,2,0,0,0,0,0,0,0,1,1,6,6,1,48,8,2830,2,26,MITSUBISHI MODEL MISSING,2,E01020575,0,-1
2021010294647,2021,010294647,2,9,0,18,19,7,3,0,0,0,2,10,0,0,1,1,6,6,1,34,6,1997,1,13,MITSUBISHI MODEL MISSING,3,E01004212,0,-1
2021041124143,2021,041124143,1,9,0,18,19,1,5,0,0,2,0,0,0,0,1,1,5,6,1,54,8,2970,1,17,MITSUBISHI MODEL MISSING,1,E01025584,0,-1
2021501049056,2021,501049056,1,9,0,4,4,3,7,0,0,0,0,0,0,0,1,1,6,6,1,58,9,3200,2,18,MITSUBISHI MODEL MISSING,4,E01003715,0,-1
2021522101570,2021,522101570,2,9,0,4,4,7,3,0,0,0,0,0,0,0,1,1,6,6,1,53,8,3200,2,22,MITSUBISHI MODEL MISSING,1,E01014727,0,-1
2021471032507,2021,471032507,1,9,0,5,5,6,4,0,0,6,0,0,0,0,1,1,5,6,2,67,10,2970,1,17,MITSUBISHI MODEL MISSING,6,E01021097,0,-1
2021070738969,2021,070738969,1,9,5,5,5,5,1,0,0,3,0,0,0,0,0,1,6,6,1,44,7,2830,2,24,MITSUBISHI MODEL MISSING,4,E01005877,0,-1
2021552100682,2021,552100682,1,9,0,9,9,2,8,0,0,6,0,0,0,0,3,1,2,2,1,79,11,2470,2,31,MITSUBISHI MODEL MISSING,7,E01020440,0,-1
2021231100758,2021,231100758,1,9,0,16,19,3,6,0,0,0,1,0,0,0,1,1,6,6,1,39,7,1997,1,16,MITSUBISHI MODEL MISSING,2,E01031097,0,-1
2021122200014,2021,122200014,2,9,0,18,19,5,1,0,0,0,0,0,0,0,1,1,6,6,3,-1,-1,2360,1,14,MITSUBISHI MODEL MISSING,-1,-1,0,-1
2021010317078,2021,010317078,1,9,0,99,99,9,9,99,99,9,9,99,9,99,1,9,6,6,2,54,8,2378,1,17,MITSUBISHI MODEL MISSING,6,E01002140,0,-1
2021201137584,2021,201137584,1,9,0,4,4,8,4,0,0,0,0,0,0,0,1,1,6,6,1,-1,-1,1997,1,17,MITSUBISHI MODEL MISSING,1,E01010053,0,-1
2021221066556,2021,221066556,1,9,0,18,19,8,4,0,0,8,1,0,0,0,1,1,5,6,1,45,7,2470,2,28,MITSUBISHI MODEL MISSING,5,E01014060,0,-1
2021041111801,2021,041111801,1,9,0,11,11,5,1,0,0,2,0,0,0,0,0,1,6,6,1,26,6,2833,2,24,MITSUBISHI MODEL MISSING,1,E01024872,0,-1
2021141105121,2021,141105121,2,9,0,5,5,-1,-1,0,0,8,0,0,0,0,1,1,6,6,3,-1,-1,2830,2,26,MITSUBISHI MODEL MISSING,-1,-1,0,-1
2021010350572,2021,010350572,2,19,0,18,19,3,7,0,0,8,0,0,0,0,1,1,1,1,1,24,5,2977,2,14,MITSUBISHI MODEL MISSING,7,E01023572,0,-1
2021138161054,2021,138161054,2,9,0,18,19,8,4,0,0,1,0,11,7,11,4,1,6,6,1,27,6,1100,1,25,MITSUBISHI MODEL MISSING,1,E01033697,0,-1
2021231049664,2021,231049664,2,20,1,18,19,1,5,0,0,8,0,0,0,0,3,1,1,1,1,50,8,3908,2,22,MITSUBISHI MODEL MISSING,7,E01022449,0,-1
2021010341285,2021,010341285,1,9,0,9,9,7,4,0,0,1,0,0,0,0,1,1,6,6,1,36,7,2350,1,14,MITSUBISHI MODEL MISSING,4,E01004614,0,-1
2021010294574,2021,010294574,2,9,0,18,19,7,3,0,0,8,0,0,0,0,2,1,6,6,2,20,4,1990,1,25,MITSUBISHI MODEL MISSING,10,E01030661,0,-1
2021302100868,2021,302100868,2,9,0,18,19,8,4,0,0,0,0,0,0,0,1,1,6,6,2,29,6,1870,2,16,-1,1,E01019444,0,-1
2021501040046,2021,501040046,1,9,0,18,19,2,6,0,0,0,0,0,8,10,3,1,6,6,2,80,11,1834,1,20,-1,10,E01020062,0,-1
2021421074382,2021,421074382,1,9,0,9,9,3,1,0,0,0,0,0,0,0,3,1,5,6,2,49,8,1584,1,16,-1,1,E01015886,0,-1
2021471024495,2021,471024495,2,9,0,9,9,6,4,0,0,8,0,0,1,0,3,1,5,6,2,60,9,1584,1,19,-1,8,E01031518,0,-1
2021451083917,2021,451083917,1,9,0,18,19,3,7,0,0,1,0,0,8,0,1,1,2,2,2,32,6,1584,1,18,-1,2,E01030497,0,-1
202131C040121,2021,31C040121,2,9,0,3,3,5,1,0,0,8,0,0,0,0,2,1,6,6,1,24,5,1870,2,17,-1,10,E01028216,0,-1
2021041111285,2021,041111285,1,9,0,18,19,5,1,0,0,2,0,0,0,0,1,1,6,6,1,91,11,1299,1,19,-1,7,E01025130,0,-1
2021440251367,2021,440251367,1,5,0,16,19,3,7,0,0,0,0,0,7,11,1,1,6,6,1,71,10,744,1,10,-1,4,E01015303,0,-1
2021010312434,2021,010312434,2,4,0,18,19,5,1,0,0,8,0,0,0,0,3,1,2,2,1,23,5,125,1,1,-1,8,E01001614,0,-1
2021010318145,2021,010318145,1,3,0,99,99,9,9,0,0,8,0,0,0,0,3,1,2,2,1,29,6,125,1,4,-1,2,E01002722,0,-1
2021131124329,2021,131124329,1,3,0,18,19,3,7,0,0,0,0,0,0,0,1,1,5,6,1,40,7,125,1,2,-1,1,E01011468,0,-1
2021010328560,2021,010328560,1,4,0,18,19,1,5,0,0,1,5,0,0,0,4,1,6,6,1,48,8,125,1,5,-1,3,E01002264,0,-1
2021531036801,2021,531036801,2,3,0,18,19,2,6,0,0,0,0,0,0,0,1,1,6,6,1,28,6,125,1,4,-1,6,E01022258,0,-1
2021010322970,2021,010322970,1,3,5,14,14,3,7,0,0,8,5,0,0,0,1,1,6,6,1,53,8,125,1,2,-1,4,E01032788,0,-1
2021122100458,2021,122100458,1,3,0,9,9,1,7,0,0,6,1,0,0,0,0,1,6,6,2,42,7,125,1,3,-1,10,E01027683,0,-1
2021010311803,2021,010311803,1,4,0,4,4,5,1,0,0,8,0,0,0,0,3,1,6,6,1,21,5,125,1,1,-1,5,E01001902,0,-1
2021302101385,2021,302101385,2,90,0,17,19,6,4,0,0,0,0,0,0,0,3,1,6,6,2,78,11,2198,2,12,PEUGEOT BOXER,8,E01029370,0,-1
2021211018520,2021,211018520,2,20,0,17,19,8,5,0,0,0,0,0,0,0,1,1,1,1,1,38,7,-1,-1,-1,PEUGEOT BOXER,2,E01014262,0,-1
2021061069796,2021,061069796,1,90,0,18,19,5,5,0,0,0,2,0,0,0,1,1,5,6,1,45,7,2178,2,17,PEUGEOT BOXER,4,E01018629,0,-1
2021371110049,2021,371110049,2,19,0,14,14,8,4,0,0,0,0,0,0,0,3,1,5,6,1,52,8,2198,2,5,PEUGEOT BOXER,4,E01030231,0,-1
2021371135705,2021,371135705,1,19,0,18,19,7,3,0,0,0,0,0,0,0,1,1,1,1,1,60,9,2200,2,1,PEUGEOT BOXER,2,E01030254,0,-1
2021430571095,2021,430571095,2,19,0,18,19,0,0,0,0,0,0,0,0,0,0,1,6,6,3,-1,-1,1997,2,5,PEUGEOT BOXER,-1,-1,0,-1
2021471031672,2021,471031672,3,19,0,18,19,2,7,0,0,0,0,0,0,0,1,1,2,2,1,52,8,2198,2,6,PEUGEOT BOXER,7,E01024518,0,-1
2021141113893,2021,141113893,1,19,0,18,19,3,7,0,0,0,0,0,0,0,1,1,2,2,1,36,7,1997,2,4,PEUGEOT BOXER,7,E01011111,0,-1
2021010320210,2021,010320210,2,19,0,99,99,9,9,99,99,9,9,99,9,99,2,9,6,6,3,-1,-1,2200,2,2,PEUGEOT BOXER,2,E01001750,0,-1
2021430278641,2021,430278641,1,19,0,18,19,8,4,0,0,4,0,0,0,0,3,1,2,2,1,41,7,1997,2,2,PEUGEOT BOXER,5,E01017687,0,-1
2021201060686,2021,201060686,6,19,0,2,2,0,0,9,9,0,0,0,0,0,2,1,6,6,3,-1,-1,1997,2,3,PEUGEOT BOXER,-1,-1,0,-1
2021461022959,2021,461022959,1,19,0,18,19,7,3,0,0,0,0,0,0,0,1,1,5,6,1,42,7,1997,2,15,PEUGEOT BOXER,1,E01016032,0,-1
2021320666006,2021,320666006,1,19,0,1,1,1,5,0,0,8,0,0,0,0,2,1,1,1,1,37,7,2200,2,1,PEUGEOT BOXER,5,E01026224,0,-1
202134NNC3051,2021,34NNC3051,1,19,0,18,19,6,2,0,0,1,0,0,0,0,3,1,1,1,2,29,6,1997,2,3,PEUGEOT BOXER,4,E01027315,0,-1
2021430008782,2021,430008782,1,19,0,18,19,2,6,0,0,0,0,10,0,0,1,1,1,1,1,39,7,2200,2,1,PEUGEOT BOXER,7,E01017516,0,-1
2021430170155,2021,430170155,1,19,0,7,7,1,2,0,0,1,0,0,0,0,1,1,6,6,1,48,8,1997,2,2,PEUGEOT BOXER,5,E01016488,0,-1
2021201034631,2021,201034631,1,10,0,18,19,3,7,0,0,0,0,0,0,0,0,1,6,6,2,-1,-1,2999,2,7,PEUGEOT BOXER,-1,-1,0,-1
2021501133204,2021,501133204,1,19,0,18,19,3,7,0,0,1,0,0,0,0,1,1,1,1,1,72,10,2200,2,1,PEUGEOT BOXER,5,E01020098,0,-1
2021070123750,2021,070123750,1,19,0,18,19,1,5,0,0,1,0,0,0,0,4,1,6,6,1,-1,-1,2200,2,2,PEUGEOT BOXER,-1,-1,0,-1
2021501120350,2021,501120350,1,19,0,18,19,3,7,0,0,1,0,0,0,0,3,1,1,1,1,53,8,2198,2,14,PEUGEOT BOXER,5,E01033291,0,-1
2021061062320,2021,061062320,1,19,0,3,3,6,2,0,0,0,0,0,0,0,1,1,6,6,1,72,10,1997,2,4,PEUGEOT BOXER,-1,-1,0,-1
2021451079210,2021,451079210,1,19,0,9,9,7,5,0,0,6,0,0,0,0,1,1,1,1,1,49,8,2200,2,0,PEUGEOT BOXER,5,E01030457,0,-1
2021041113416,2021,041113416,1,19,0,18,19,3,7,0,0,0,0,0,0,0,1,1,1,1,1,43,7,2198,2,5,PEUGEOT BOXER,2,E01012573,0,-1
2021361056334,2021,361056334,1,19,0,18,19,7,3,0,0,1,0,0,0,0,1,1,1,1,1,22,5,1997,2,2,PEUGEOT BOXER,5,E01033435,0,-1
2021041063078,2021,041063078,2,19,0,9,9,7,6,0,0,8,0,0,0,0,4,1,1,1,1,49,8,2198,2,6,PEUGEOT BOXER,6,E01025444,0,-1
2021122100487,2021,122100487,1,19,0,14,14,3,7,0,0,0,0,0,0,0,1,1,1,1,2,21,5,-1,-1,-1,PEUGEOT BOXER,2,E01027825,0,-1
2021010316201,2021,010316201,1,19,9,99,99,9,9,99,99,9,9,99,9,99,9,9,2,2,1,47,8,2198,2,6,PEUGEOT BOXER,2,E01003191,0,-1
2021010337748,2021,010337748,2,19,0,99,99,9,9,0,0,8,0,0,0,0,3,1,6,6,3,-1,-1,2200,2,1,PEUGEOT BOXER,-1,-1,0,-1
2021501093025,2021,501093025,2,19,0,18,19,1,5,0,0,0,0,0,0,0,1,1,6,6,1,31,6,1997,2,4,PEUGEOT BOXER,1,E01018870,0,-1
2021122100355,2021,122100355,1,19,0,7,7,5,7,9,9,5,0,0,0,0,4,1,1,1,1,26,6,1997,2,1,PEUGEOT BOXER,7,E01027696,0,-1
2021010343865,2021,010343865,1,19,0,4,4,5,1,0,0,1,0,0,0,0,1,1,1,1,1,25,5,1997,2,4,PEUGEOT BOXER,1,E01001196,0,-1
2021010350571,2021,010350571,2,19,0,99,99,9,9,99,99,9,9,99,9,99,9,9,6,6,1,25,5,2200,2,1,PEUGEOT BOXER,1,E01001790,0,-1
2021471019108,2021,471019108,1,19,0,9,9,2,8,0,0,6,0,0,0,0,1,1,1,1,1,51,8,1997,2,3,PEUGEOT BOXER,10,E01022742,0,-1
2021471079999,2021,471079999,1,19,0,5,5,4,6,0,0,0,0,0,0,0,3,1,6,6,1,33,6,1997,2,3,PEUGEOT BOXER,4,E01031547,0,-1
2021991056797,2021,991056797,2,10,0,17,19,7,4,0,0,8,0,0,0,0,1,1,1,1,1,62,9,-1,-1,-1,PEUGEOT BOXER,8,-1,0,-1
2021161031057,2021,161031057,1,19,0,5,5,0,3,0,0,2,0,0,0,0,3,1,1,1,1,21,5,1997,2,2,PEUGEOT BOXER,9,E01012770,0,-1
202163A091121,2021,63A091121,1,19,0,17,19,8,5,0,0,0,0,0,0,0,3,1,1,1,1,-1,-1,1997,2,5,PEUGEOT BOXER,4,E01016448,0,-1
2021451057668,2021,451057668,1,19,0,18,19,1,5,0,0,1,0,0,0,0,0,1,6,6,1,74,10,2198,2,7,PEUGEOT BOXER,10,E01030871,0,-1
2021461028201,2021,461028201,1,19,0,6,6,4,4,8,6,0,0,0,0,0,3,1,1,1,1,30,6,2200,2,2,PEUGEOT BOXER,5,E01024366,0,-1
2021010351993,2021,010351993,1,19,0,99,99,9,9,99,99,9,9,99,9,99,9,9,6,6,3,40,7,1997,2,3,PEUGEOT BOXER,4,E01004572,0,-1
2021430443659,2021,430443659,1,19,0,18,19,8,4,0,0,0,0,0,0,0,1,1,1,1,1,59,9,1997,2,4,PEUGEOT BOXER,7,E01017593,0,-1
2021430260381,2021,430260381,2,19,0,18,19,5,1,0,0,0,0,0,0,0,2,1,6,6,1,38,7,2198,2,8,PEUGEOT BOXER,9,E01028730,0,-1
2021411080233,2021,411080233,1,19,0,18,19,8,4,0,0,0,0,0,0,0,2,1,6,6,1,41,7,2198,2,7,PEUGEOT BOXER,7,E01023508,0,-1
2021010342330,2021,010342330,2,19,0,99,99,9,9,99,99,0,9,99,9,99,9,9,6,6,3,-1,-1,2200,2,1,PEUGEOT BOXER,6,E01033575,0,-1
2021010315885,2021,010315885,2,19,0,99,99,9,9,99,99,9,9,99,9,99,2,9,6,6,3,-1,-1,2198,2,9,PEUGEOT BOXER,-1,-1,0,-1
2021545115921,2021,545115921,2,19,0,4,4,5,1,0,0,0,0,0,0,0,2,1,1,1,1,58,9,-1,-1,-1,PEUGEOT BOXER,7,E01015520,0,-1
2021101046091,2021,101046091,1,21,0,18,19,5,1,0,0,1,0,11,0,0,4,1,2,2,1,50,8,-1,-1,-1,PEUGEOT BOXER,7,E01020637,0,-1
2021010304694,2021,010304694,2,19,0,99,99,9,9,99,99,0,9,99,9,99,1,9,6,6,1,53,8,2200,2,2,PEUGEOT BOXER,3,E01004563,0,-1
2021122101196,2021,122101196,2,20,0,18,19,3,7,0,0,0,1,0,0,0,1,1,1,1,1,23,5,1997,2,3,PEUGEOT BOXER,3,E01012943,0,-1
2021010297536,2021,010297536,2,19,0,99,99,9,9,99,99,9,9,99,9,99,1,9,6,6,3,-1,-1,2198,2,6,PEUGEOT BOXER,-1,-1,0,-1
2021320398605,2021,320398605,1,19,0,6,6,8,4,0,0,0,0,0,0,0,4,1,1,1,1,30,6,2200,2,0,PEUGEOT BOXER,1,E01026176,0,-1
2021010294270,2021,010294270,3,19,0,9,9,7,6,0,0,8,0,0,0,0,1,1,2,2,1,37,7,2198,2,6,PEUGEOT BOXER,5,E01023933,0,-1
2021141059262,2021,141059262,2,19,0,9,9,4,1,0,0,6,0,0,0,0,1,1,6,6,1,75,10,1997,2,4,PEUGEOT BOXER,7,E01007493,0,-1
2021131070287,2021,131070287,2,19,0,18,19,1,5,0,0,8,0,0,0,0,4,1,1,1,1,32,6,2200,2,2,PEUGEOT BOXER,1,E01010732,0,-1
2021471126162,2021,471126162,2,19,0,18,19,6,2,0,0,0,0,0,0,0,1,1,5,6,1,44,7,2198,2,12,PEUGEOT BOXER,5,E01032836,0,-1
2021501084167,2021,501084167,1,19,0,18,19,1,5,0,0,1,1,0,0,0,1,1,1,1,1,31,6,1997,2,3,PEUGEOT BOXER,7,E01019892,0,-1
2021010327781,2021,010327781,1,19,0,18,19,1,5,0,0,1,0,0,0,0,1,1,1,1,1,38,7,2200,2,1,PEUGEOT BOXER,4,E01003492,0,-1
202163A039921,2021,63A039921,2,90,0,2,2,0,0,0,0,0,0,0,0,0,4,1,6,6,3,-1,-1,2198,2,8,PEUGEOT BOXER,-1,-1,0,-1
2021501017203,2021,501017203,1,19,0,18,19,4,7,0,0,0,0,0,1,0,4,1,1,1,1,41,7,2198,2,5,PEUGEOT BOXER,3,E01020067,0,-1
2021070170902,2021,070170902,1,19,0,18,19,3,7,9,9,0,0,0,1,0,4,1,6,6,1,57,9,2198,2,5,PEUGEOT BOXER,6,E01004904,0,-1
2021501130498,2021,501130498,1,20,0,9,9,1,7,0,0,6,0,0,0,0,1,1,1,1,1,42,7,-1,-1,-1,PEUGEOT BOXER,3,E01015249,0,-1
2021010308165,2021,010308165,2,19,0,18,19,6,2,0,0,0,0,0,0,0,1,1,1,1,1,36,7,2198,2,6,PEUGEOT BOXER,9,E01024431,0,-1
2021201120874,2021,201120874,1,19,0,18,19,6,2,0,0,8,0,0,0,0,4,1,1,1,1,27,6,1997,2,4,PEUGEOT BOXER,7,E01011193,0,-1
2021501067419,2021,501067419,1,19,0,18,19,3,7,0,0,0,0,0,0,0,4,1,6,6,1,48,8,2200,2,0,PEUGEOT BOXER,6,E01020207,0,-1
2021552100024,2021,552100024,2,19,0,4,4,8,4,0,0,0,1,0,0,0,1,1,1,1,1,66,10,2198,2,5,PEUGEOT BOXER,4,E01020081,0,-1
2021991019993,2021,991019993,1,19,0,7,7,1,3,0,0,1,0,0,1,0,3,1,1,1,1,38,7,1997,2,3,PEUGEOT BOXER,6,-1,0,-1
2021161116699,2021,161116699,1,19,0,9,9,7,3,0,0,6,0,0,0,0,2,1,1,1,1,39,7,1997,2,3,PEUGEOT BOXER,3,E01007807,0,-1
2021411017368,2021,411017368,2,19,0,18,19,3,7,0,0,0,1,0,0,0,1,1,6,6,1,31,6,2198,2,7,PEUGEOT BOXER,10,E01023818,0,-1
202131P047121,2021,31P047121,1,19,0,12,12,8,4,0,0,0,0,0,0,0,2,1,1,1,1,63,9,1997,2,5,PEUGEOT BOXER,7,E01012983,0,-1
2021052100890,2021,052100890,1,19,0,5,5,3,7,0,0,8,0,0,3,0,3,1,1,1,1,51,8,1997,2,3,PEUGEOT BOXER,1,E01005755,0,-1
2021010288901,2021,010288901,1,19,0,5,5,5,1,0,0,8,0,0,0,0,1,1,2,2,1,30,6,1997,2,3,PEUGEOT BOXER,1,E01001798,0,-1
2021471069741,2021,471069741,2,19,0,2,2,0,0,0,0,2,0,0,0,0,2,1,6,6,3,-1,-1,2198,2,6,PEUGEOT BOXER,-1,-1,0,-1
2021546559921,2021,546559921,2,10,0,18,19,3,7,0,0,4,0,0,0,0,4,1,1,1,2,21,5,-1,-1,-1,PEUGEOT BOXER,10,E01028719,0,-1
2021010294860,2021,010294860,2,19,0,18,19,7,3,0,0,0,0,0,0,0,1,1,2,2,1,46,8,1997,2,1,PEUGEOT BOXER,4,E01002342,0,-1
2021451095186,2021,451095186,1,19,0,18,19,6,2,0,0,0,0,0,0,0,4,1,1,1,1,31,6,2198,2,6,PEUGEOT BOXER,5,E01017097,0,-1
2021201095587,2021,201095587,2,19,0,9,9,2,1,0,0,5,0,0,0,0,1,1,1,1,1,44,7,2200,2,0,PEUGEOT BOXER,2,E01032239,0,-1
2021411107844,2021,411107844,1,19,0,18,19,-1,-1,0,0,0,0,0,0,0,1,1,6,6,3,-1,-1,2198,2,5,PEUGEOT BOXER,-1,-1,0,-1
2021461022749,2021,461022749,1,19,0,18,19,5,1,0,0,0,1,11,2,0,4,1,1,1,1,40,7,1997,2,3,PEUGEOT BOXER,2,E01024091,0,-1
2021010345994,2021,010345994,2,19,0,4,4,5,1,9,9,1,0,0,0,0,4,1,1,1,1,63,9,1997,2,3,PEUGEOT BOXER,8,E01000679,0,-1
2021991017344,2021,991017344,1,19,0,18,19,4,7,0,0,1,0,0,0,0,4,1,1,1,1,51,8,1997,2,3,PEUGEOT BOXER,9,-1,0,-1