collision_index,collision_year,collision_ref_no,vehicle_reference,vehicle_type,towing_and_articulation,vehicle_manoeuvre_historic,vehicle_manoeuvre,vehicle_direction_from,vehicle_direction_to,vehicle_location_restricted_lane_historic,vehicle_location_restricted_lane,junction_location,skidding_and_overturning,hit_object_in_carriageway,vehicle_leaving_carriageway,hit_object_off_carriageway,first_point_of_impact,vehicle_left_hand_drive,journey_purpose_of_driver_historic,journey_purpose_of_driver,sex_of_driver,age_of_driver,age_band_of_driver,engine_capacity_cc,propulsion_code,age_of_vehicle,generic_make_model,driver_imd_decile,lsoa_of_driver,escooter_flag,driver_distance_banding
2021543630621,2021,543630621,2,20,0,18,19,7,3,0,0,1,0,0,0,0,3,1,6,6,2,55,8,2999,2,13,PEUGEOT BOXER,9,E01032026,0,-1
2021471042950,2021,471042950,2,19,0,18,19,2,6,0,0,0,2,0,0,0,1,1,1,1,1,49,8,2200,2,1,PEUGEOT BOXER,7,E01031398,0,-1
2021010314095,2021,010314095,1,19,0,1,1,1,5,0,0,0,0,0,0,0,2,1,1,1,1,38,7,1997,2,4,PEUGEOT BOXER,1,E01001846,0,-1
2021421026831,2021,421026831,1,19,0,18,19,3,7,0,0,0,0,0,0,0,1,1,1,1,1,52,8,1997,2,4,PEUGEOT BOXER,4,E01027126,0,-1
2021010319174,2021,010319174,2,19,0,9,9,3,1,0,0,8,0,0,0,0,1,1,1,1,1,33,6,1997,2,2,PEUGEOT BOXER,2,E01001977,0,-1
2021131059735,2021,131059735,1,19,0,18,19,8,4,0,0,0,0,0,0,0,1,1,6,6,3,-1,-1,2200,2,0,PEUGEOT BOXER,-1,-1,0,-1
2021501100313,2021,501100313,3,19,0,18,19,1,5,0,0,0,0,0,0,0,4,1,1,1,2,42,7,1997,2,4,PEUGEOT BOXER,8,E01014693,0,-1
2021211113576,2021,211113576,3,19,0,18,19,4,8,0,0,0,0,0,0,0,2,1,6,6,1,25,5,2198,2,7,PEUGEOT BOXER,8,E01029790,0,-1
2021501090532,2021,501090532,1,19,0,18,19,1,5,0,0,0,0,0,0,0,1,1,6,6,1,33,6,2200,2,0,PEUGEOT BOXER,4,E01019972,0,-1
2021010289817,2021,010289817,2,19,0,99,99,9,9,99,99,9,9,99,9,99,2,9,6,6,3,45,7,1997,2,3,PEUGEOT BOXER,6,E01001309,0,-1
2021411066410,2021,411066410,2,19,0,1,1,5,1,0,0,2,0,0,0,0,2,1,1,1,1,23,5,1997,2,3,PEUGEOT BOXER,1,E01009299,0,-1
2021131050445,2021,131050445,4,19,0,4,4,5,1,0,0,0,0,0,0,0,2,1,1,1,1,28,6,2200,2,0,PEUGEOT BOXER,8,E01020458,0,-1
202163A027421,2021,63A027421,1,19,0,5,5,8,4,0,0,6,0,0,1,10,1,1,1,1,1,61,9,2200,2,1,PEUGEOT BOXER,8,W01000682,0,-1
2021010301967,2021,010301967,1,19,0,16,19,1,5,0,0,2,0,0,0,0,1,1,6,6,1,49,8,2198,2,6,PEUGEOT BOXER,3,E01001676,0,-1
2021211049415,2021,211049415,2,19,0,11,11,8,8,0,0,0,0,0,0,0,4,1,1,1,2,22,5,-1,-1,-1,PEUGEOT BOXER,-1,-1,0,-1
2021622100602,2021,622100602,1,19,0,9,9,6,4,0,0,8,0,0,0,0,3,1,1,1,1,32,6,2200,2,1,PEUGEOT BOXER,1,W01001396,0,-1
2021421110814,2021,421110814,3,19,0,4,4,7,3,0,0,0,0,0,0,0,2,1,6,6,1,32,6,2200,2,1,PEUGEOT BOXER,4,E01021309,0,-1
2021010335582,2021,010335582,2,19,0,99,99,9,9,99,99,9,9,99,9,99,2,9,6,6,3,-1,-1,1997,2,3,PEUGEOT BOXER,-1,-1,0,-1
2021122101051,2021,122101051,2,19,0,12,12,5,2,0,0,0,0,0,0,0,2,1,1,1,1,40,7,2200,2,1,PEUGEOT BOXER,3,E01013447,0,-1
2021991072180,2021,991072180,1,19,0,17,19,2,1,0,0,4,0,0,0,0,3,1,1,1,1,26,6,1997,2,2,PEUGEOT BOXER,2,-1,0,-1
2021543715721,2021,543715721,1,19,0,18,19,5,1,0,0,4,0,0,0,0,3,1,1,1,1,46,8,2200,2,0,PEUGEOT BOXER,6,E01022925,0,-1
2021041120492,2021,041120492,1,19,0,18,19,7,3,0,0,1,0,0,0,0,1,1,1,1,1,41,7,1997,2,3,PEUGEOT BOXER,3,E01025577,0,-1
2021010307285,2021,010307285,1,20,0,7,7,7,2,0,0,1,0,0,0,0,1,1,1,1,1,44,7,-1,-1,-1,PEUGEOT BOXER,9,E01030425,0,-1
2021131067241,2021,131067241,1,19,0,2,2,8,4,0,0,0,0,0,0,0,1,1,6,6,3,-1,-1,2200,2,1,PEUGEOT BOXER,-1,-1,0,-1
2021010292798,2021,010292798,1,9,0,18,19,1,5,0,0,0,0,0,0,0,4,1,2,2,1,39,7,1997,2,2,PEUGEOT BOXER,4,E01000504,0,-1
2021221111854,2021,221111854,1,90,0,18,19,7,3,0,0,0,0,0,0,0,4,1,6,6,1,-1,-1,2198,2,5,PEUGEOT BOXER,8,E01009454,0,-1
2021010342070,2021,010342070,2,19,0,9,9,1,7,0,0,1,0,0,0,0,1,1,1,1,1,46,8,2200,2,0,PEUGEOT BOXER,2,E01000074,0,-1
2021131045123,2021,131045123,2,19,0,18,19,7,3,0,0,0,0,0,0,0,1,1,1,1,1,35,6,1997,2,3,PEUGEOT BOXER,2,E01013284,0,-1
2021451094469,2021,451094469,2,19,0,18,19,2,6,0,0,0,0,0,0,0,1,1,2,2,1,33,6,2200,2,0,PEUGEOT BOXER,5,E01030724,0,-1
2021231018942,2021,231018942,1,19,0,18,19,5,1,0,0,8,0,0,0,0,3,1,1,1,1,34,6,1997,2,3,PEUGEOT BOXER,5,E01008470,0,-1
2021991086447,2021,991086447,1,19,0,18,19,1,5,0,0,1,0,0,7,0,1,1,1,1,1,47,8,2198,2,12,PEUGEOT BOXER,8,-1,0,-1
2021991034857,2021,991034857,1,19,0,16,19,3,7,0,0,0,1,0,0,0,1,1,1,1,1,40,7,1997,2,5,PEUGEOT BOXER,6,E01019660,0,-1
2021430462121,2021,430462121,2,19,0,9,9,4,1,0,0,8,0,0,0,0,3,1,1,1,1,29,6,1997,2,2,PEUGEOT BOXER,2,E01031142,0,-1
2021010337097,2021,010337097,2,19,4,99,99,9,9,99,99,9,9,99,9,99,2,9,6,6,3,-1,-1,2200,2,0,PEUGEOT BOXER,-1,-1,0,-1
2021991104030,2021,991104030,2,19,0,18,19,6,3,0,0,8,1,0,7,0,1,1,1,1,1,54,8,2200,2,0,PEUGEOT BOXER,6,-1,0,-1
2021010346309,2021,010346309,1,19,0,4,4,8,4,0,0,0,0,0,0,0,1,1,3,7,1,36,7,1997,2,5,PEUGEOT BOXER,2,E01004535,0,-1
2021421024031,2021,421024031,1,19,0,18,19,7,3,0,0,0,0,0,0,0,3,1,6,6,1,46,8,2200,2,1,PEUGEOT BOXER,6,E01015943,0,-1
2021461042057,2021,461042057,2,19,0,18,19,1,5,0,0,0,0,0,0,0,2,1,6,6,1,41,7,1997,2,5,PEUGEOT BOXER,2,E01021020,0,-1
2021101111650,2021,101111650,1,19,0,18,19,5,1,0,0,1,0,0,0,0,1,1,1,1,1,-1,-1,2200,2,2,PEUGEOT BOXER,-1,-1,0,-1
2021471057301,2021,471057301,1,19,0,4,4,8,4,0,0,1,0,0,0,0,1,1,1,1,1,29,6,1997,2,3,PEUGEOT BOXER,2,E01001692,0,-1
2021401120376,2021,401120376,1,19,0,18,19,-1,-1,0,0,2,0,0,0,0,1,1,6,6,1,-1,-1,2200,2,0,PEUGEOT BOXER,-1,-1,0,-1
2021361045282,2021,361045282,1,19,0,18,19,8,4,0,0,1,0,0,0,0,1,1,1,1,1,23,5,2200,2,1,PEUGEOT BOXER,1,E01026826,0,-1
2021371121323,2021,371121323,2,19,0,4,4,7,3,0,0,0,0,0,0,0,2,1,1,1,1,27,6,2198,2,6,PEUGEOT BOXER,1,E01026800,0,-1
2021041041149,2021,041041149,1,19,0,18,19,7,3,0,0,8,0,0,0,0,1,1,1,1,1,27,6,2200,2,2,PEUGEOT BOXER,10,E01025146,0,-1
2021461049483,2021,461049483,1,19,0,18,19,5,1,7,6,0,0,0,0,0,4,1,1,1,1,25,5,2200,2,1,PEUGEOT BOXER,5,E01000979,0,-1
2021010330307,2021,010330307,2,19,0,1,1,3,7,0,0,1,0,0,0,0,2,1,6,6,1,-1,-1,2200,2,0,PEUGEOT BOXER,-1,-1,0,-1
2021221106981,2021,221106981,1,90,0,18,19,7,3,0,0,0,0,0,0,0,0,1,1,1,2,58,9,2198,2,6,PEUGEOT BOXER,3,E01009781,0,-1
2021221016080,2021,221016080,1,19,5,9,9,7,5,0,0,5,0,0,0,0,0,1,1,1,1,51,8,2198,2,14,PEUGEOT BOXER,4,E01009111,0,-1
2021552101175,2021,552101175,1,19,0,16,19,7,3,0,0,0,0,0,0,0,1,1,1,1,1,25,5,1997,2,3,PEUGEOT BOXER,2,E01015312,0,-1
2021622100057,2021,622100057,1,19,0,18,19,7,1,0,0,4,0,0,0,0,1,1,1,1,1,54,8,1997,2,3,PEUGEOT BOXER,5,W01000820,0,-1
2021411107192,2021,411107192,1,10,0,5,5,8,4,0,0,1,0,0,0,0,1,1,3,7,1,65,9,-1,-1,-1,PEUGEOT BOXER,10,E01023768,0,-1
2021010331432,2021,010331432,1,19,0,18,19,1,5,0,0,0,0,0,0,0,1,1,6,6,1,51,8,2200,2,1,PEUGEOT BOXER,9,E01002967,0,-1
2021501111843,2021,501111843,1,19,0,5,5,2,6,0,0,2,0,0,0,0,1,1,1,1,1,22,5,1997,2,3,PEUGEOT BOXER,5,E01020283,0,-1
2021010306210,2021,010306210,1,19,0,9,9,3,2,0,0,6,0,0,0,0,1,1,2,2,1,40,7,2200,2,2,PEUGEOT BOXER,4,E01023357,0,-1
2021010329152,2021,010329152,2,19,0,18,19,7,3,0,0,8,0,0,0,0,2,1,1,1,1,41,7,2200,2,0,PEUGEOT BOXER,2,E01003483,0,-1
2021546738721,2021,546738721,1,19,0,18,19,8,4,0,0,1,0,0,0,0,1,1,1,1,1,53,8,1997,2,4,PEUGEOT BOXER,8,E01032033,0,-1
202134WNC2051,2021,34WNC2051,1,19,0,18,19,7,3,0,0,0,1,4,0,6,1,1,2,2,1,35,6,1997,2,3,PEUGEOT BOXER,7,E01027143,0,-1
2021421035991,2021,421035991,1,19,0,18,19,3,7,0,0,4,1,0,0,0,1,1,1,1,1,41,7,1997,2,3,PEUGEOT BOXER,4,E01015870,0,-1
2021430119657,2021,430119657,3,19,0,3,3,4,8,0,0,0,0,0,0,0,4,1,1,1,1,60,9,1997,2,3,PEUGEOT BOXER,9,E01022646,0,-1
2021010291450,2021,010291450,2,19,9,18,19,1,5,99,99,9,9,99,9,99,9,9,6,6,1,-1,-1,2198,2,5,PEUGEOT BOXER,-1,-1,0,-1
2021010296993,2021,010296993,2,19,9,99,99,9,9,99,99,9,9,99,9,99,9,9,6,6,3,31,6,1997,2,2,PEUGEOT BOXER,6,E01028109,0,-1
2021622100664,2021,622100664,2,10,0,9,9,6,4,0,0,1,0,0,0,0,1,1,1,1,1,59,9,1997,2,4,PEUGEOT BOXER,7,E01014598,0,-1
2021302100249,2021,302100249,2,19,0,2,2,0,0,9,9,0,0,0,0,0,2,1,6,6,1,56,9,2198,2,7,PEUGEOT BOXER,3,E01019508,0,-1
2021010289566,2021,010289566,2,19,0,99,99,9,9,99,99,9,9,99,9,99,2,9,6,6,3,-1,-1,1997,2,2,PEUGEOT BOXER,-1,-1,0,-1
2021421050311,2021,421050311,2,19,0,18,19,7,3,0,0,0,0,0,0,0,2,1,2,2,1,49,8,2200,2,1,PEUGEOT BOXER,4,E01015906,0,-1
2021161063779,2021,161063779,2,19,0,18,19,4,8,0,0,0,0,0,0,0,1,1,6,6,1,-1,-1,2198,2,5,PEUGEOT BOXER,-1,-1,0,-1
2021522104851,2021,522104851,2,10,0,9,9,2,8,0,0,5,0,0,0,0,4,1,1,1,1,40,7,-1,-1,-1,PEUGEOT BOXER,-1,-1,0,-1
2021430272947,2021,430272947,2,20,0,3,3,5,1,0,0,0,0,0,0,0,2,1,1,1,1,42,7,2200,2,0,PEUGEOT BOXER,3,E01013238,0,-1
2021010313643,2021,010313643,2,19,9,1,1,1,4,99,99,9,9,99,0,0,2,9,6,6,3,-1,-1,2200,2,2,PEUGEOT BOXER,-1,-1,0,-1
2021471032105,2021,471032105,1,19,0,1,1,3,7,0,0,0,0,0,0,0,3,1,6,6,1,29,6,2200,2,1,PEUGEOT BOXER,5,E01017152,0,-1
2021010330851,2021,010330851,1,19,0,17,19,3,7,0,0,1,0,0,0,0,3,1,1,1,1,51,8,1997,2,4,PEUGEOT BOXER,7,E01016170,0,-1
2021010317161,2021,010317161,2,19,0,99,99,9,9,99,99,9,9,99,9,99,9,9,6,6,3,-1,-1,1997,2,4,PEUGEOT BOXER,6,E01017852,0,-1
2021421106124,2021,421106124,2,19,0,11,11,6,4,0,0,0,0,0,0,0,3,1,1,1,2,57,9,2200,2,1,PEUGEOT BOXER,3,E01021850,0,-1
202134NNC0421,2021,34NNC0421,1,19,0,18,19,7,3,0,0,0,0,0,0,0,1,1,2,2,1,52,8,1997,2,3,PEUGEOT BOXER,-1,-1,0,-1
2021461094046,2021,461094046,2,19,0,4,4,3,7,0,0,0,0,0,0,0,1,1,1,1,1,29,6,1997,2,4,PEUGEOT BOXER,7,E01024737,0,-1
202131B135121,2021,31B135121,1,19,0,3,3,3,7,9,9,1,0,0,0,0,2,1,6,6,1,-1,-1,1997,2,5,PEUGEOT BOXER,-1,-1,0,-1
2021041092406,2021,041092406,2,19,0,2,2,3,7,9,9,2,0,0,0,0,2,2,6,6,3,-1,-1,2198,2,5,PEUGEOT BOXER,-1,-1,0,-1
2021320728386,2021,320728386,2,19,0,18,19,6,2,0,0,8,0,0,0,0,1,1,1,1,1,30,6,1997,2,3,PEUGEOT BOXER,5,E01026133,0,-1
2021991095334,2021,991095334,1,19,0,18,19,3,7,0,0,6,0,0,0,0,1,1,1,1,1,39,7,2200,2,1,PEUGEOT BOXER,1,-1,0,-1
2021010335136,2021,010335136,1,19,0,7,7,3,5,0,0,6,0,0,0,0,3,1,1,1,1,40,7,2200,2,2,PEUGEOT BOXER,5,E01004307,0,-1
2021010303309,2021,010303309,2,19,0,99,99,9,9,99,99,9,9,99,9,99,9,9,6,6,3,43,7,1997,2,4,PEUGEOT BOXER,3,E01000082,0,-1
2021302101255,2021,302101255,1,19,0,18,19,6,2,0,0,0,5,0,1,11,1,1,1,1,1,37,7,1997,2,3,PEUGEOT BOXER,2,E01033085,0,-1
2021211100733,2021,211100733,2,19,0,18,19,5,1,0,0,0,0,0,0,0,2,1,1,1,1,60,9,1997,2,4,PEUGEOT BOXER,7,E01013988,0,-1
2021061075087,2021,061075087,2,19,0,1,1,6,2,9,9,8,0,0,0,0,2,1,6,6,3,30,6,2198,2,7,PEUGEOT BOXER,-1,-1,0,-1
2021070652736,2021,070652736,2,19,0,18,19,8,4,0,0,0,0,0,0,0,1,1,6,6,1,36,7,1997,2,4,PEUGEOT BOXER,7,E01018742,0,-1
2021501087354,2021,501087354,1,19,0,17,19,2,6,0,0,0,1,0,0,0,3,1,2,2,1,35,6,2198,2,7,PEUGEOT BOXER,6,E01018915,0,-1
2021131099914,2021,131099914,4,19,0,18,19,3,7,0,0,0,1,4,0,0,1,1,2,2,1,40,7,1997,2,3,PEUGEOT BOXER,1,E01010744,0,-1
2021371121429,2021,371121429,1,19,0,18,19,6,2,0,0,0,0,0,0,0,1,1,1,1,1,40,7,1997,2,1,PEUGEOT BOXER,6,E01030063,0,-1
202154C175621,2021,54C175621,2,19,0,18,19,1,5,0,0,0,0,0,0,0,1,1,1,1,1,39,7,2200,2,1,PEUGEOT BOXER,2,E01017139,0,-1
2021010306040,2021,010306040,1,19,0,7,7,5,8,0,0,8,0,0,0,0,4,1,1,1,1,57,9,2200,2,1,PEUGEOT BOXER,4,E01001261,0,-1
2021161014955,2021,161014955,2,19,0,18,19,3,7,0,0,4,0,0,0,0,2,1,1,1,1,30,6,1997,2,4,PEUGEOT BOXER,2,E01012903,0,-1
202131C027321,2021,31C027321,2,19,0,2,2,0,0,0,0,0,0,0,0,0,0,1,1,1,3,-1,-1,2198,2,6,PEUGEOT BOXER,-1,-1,0,-1
2021010348327,2021,010348327,2,19,9,99,99,9,9,99,99,9,9,99,9,99,9,9,6,6,3,-1,-1,1997,2,4,PEUGEOT BOXER,-1,-1,0,-1
2021471088140,2021,471088140,3,19,0,9,9,3,1,0,0,0,0,0,0,0,2,1,6,6,1,47,8,1997,2,15,PEUGEOT BOXER,5,E01031370,0,-1
2021052102585,2021,052102585,2,19,0,18,19,2,6,0,0,1,0,0,0,0,1,1,6,6,1,42,7,1997,2,2,PEUGEOT BOXER,2,E01007139,0,-1
2021471051091,2021,471051091,1,19,0,18,19,8,5,0,0,0,0,0,0,0,3,1,2,2,1,41,7,1997,2,2,PEUGEOT BOXER,2,E01021179,0,-1
2021461088217,2021,461088217,1,19,0,18,19,7,3,0,0,0,0,0,0,0,1,1,6,6,1,-1,-1,1997,2,3,PEUGEOT BOXER,-1,-1,0,-1
2021041066251,2021,041066251,1,19,0,9,9,7,4,0,0,8,0,0,0,0,3,1,1,1,1,46,8,2198,2,6,PEUGEOT BOXER,4,E01025308,0,-1
2021622100229,2021,622100229,1,90,0,18,19,2,6,0,0,0,0,4,0,0,1,1,6,6,1,71,10,2198,2,14,PEUGEOT BOXER,3,W01001051,0,-1
2021010297563,2021,010297563,2,19,0,18,19,7,3,0,0,1,0,0,0,0,1,1,1,1,1,47,8,2198,2,9,PEUGEOT BOXER,6,E01000231,0,-1
2021411027449,2021,411027449,1,19,0,1,1,6,2,0,0,0,0,0,0,0,2,1,1,1,1,24,5,2198,2,6,PEUGEOT BOXER,3,E01023891,0,-1
2021991114550,2021,991114550,2,19,0,7,7,2,4,0,0,3,0,0,0,0,4,1,1,1,1,31,6,1997,2,5,PEUGEOT BOXER,7,-1,0,-1
2021201107795,2021,201107795,1,90,0,18,19,1,5,0,0,0,0,0,0,0,1,1,1,1,2,19,4,1997,2,4,PEUGEOT BOXER,9,E01029469,0,-1
2021201111516,2021,201111516,2,90,0,18,19,5,1,0,0,1,0,0,0,0,1,1,1,1,1,50,8,1997,2,2,PEUGEOT BOXER,8,E01028848,0,-1
2021451124098,2021,451124098,1,10,0,7,7,5,1,0,0,0,0,0,0,0,1,1,1,1,1,45,7,1997,2,2,PEUGEOT BOXER,1,E01024615,0,-1
2021201130957,2021,201130957,1,90,0,18,19,6,2,0,0,1,0,0,0,0,4,1,1,1,1,27,6,1997,2,4,PEUGEOT BOXER,1,E01009157,0,-1
2021421051070,2021,421051070,2,19,0,18,19,3,7,0,0,0,0,0,0,0,4,1,1,1,1,44,7,1997,2,4,PEUGEOT BOXER,5,E01010418,0,-1
2021543318421,2021,543318421,1,19,0,18,19,1,3,0,0,4,0,0,0,0,1,1,6,6,2,58,9,1997,2,2,PEUGEOT BOXER,5,E01015519,0,-1
2021221058468,2021,221058468,1,19,0,1,1,6,2,0,0,0,0,0,0,0,2,1,6,6,1,44,7,2198,2,6,PEUGEOT BOXER,3,E01010495,0,-1
2021451054631,2021,451054631,2,19,0,4,4,1,5,0,0,0,0,0,0,0,2,1,1,1,1,48,8,1997,2,2,PEUGEOT BOXER,9,E01030366,0,-1
2021221137175,2021,221137175,1,19,0,18,19,4,8,0,0,1,0,0,0,0,1,1,1,1,1,-1,-1,1997,2,4,PEUGEOT BOXER,9,E01009735,0,-1
2021211093946,2021,211093946,2,19,0,3,3,6,3,0,0,0,0,4,0,0,2,1,6,6,1,26,6,2200,2,1,PEUGEOT BOXER,5,E01024998,0,-1
2021371048817,2021,371048817,1,10,0,18,19,-1,-1,0,0,0,0,0,0,0,-1,1,3,7,1,39,7,-1,-1,-1,PEUGEOT BOXER,6,E01030056,0,-1
2021411039507,2021,411039507,1,19,4,5,5,4,8,0,0,2,0,0,0,0,1,1,1,1,1,60,9,2198,2,6,PEUGEOT BOXER,6,E01023932,0,-1
2021461080205,2021,461080205,1,19,0,18,19,7,3,0,0,0,5,0,0,0,1,1,6,6,1,64,9,2198,2,5,PEUGEOT BOXER,4,E01016120,0,-1
2021461105877,2021,461105877,2,10,0,18,19,1,5,0,0,0,0,0,0,0,3,1,3,7,2,51,8,1997,2,4,PEUGEOT BOXER,8,E01024414,0,-1
202163D056021,2021,63D056021,1,19,0,17,19,2,7,0,0,0,0,0,0,0,1,1,6,6,1,71,10,-1,-1,-1,PEUGEOT BOXER,7,W01000470,0,-1
2021010299184,2021,010299184,2,19,0,9,9,7,5,0,0,1,0,0,0,0,3,1,1,1,1,40,7,1997,2,4,PEUGEOT BOXER,3,E01003716,0,-1
2021221068296,2021,221068296,1,19,0,7,7,3,5,0,0,2,0,0,0,0,4,1,6,6,1,30,6,1997,2,4,PEUGEOT BOXER,6,E01029708,0,-1
2021440316293,2021,440316293,2,19,0,4,4,1,5,0,0,0,0,0,0,0,0,1,1,1,1,59,9,2200,2,1,PEUGEOT BOXER,7,E01023124,0,-1
2021010314184,2021,010314184,2,19,0,9,9,7,5,0,0,2,0,0,3,0,1,1,1,1,1,32,6,1997,2,4,PEUGEOT BOXER,3,E01001479,0,-1
2021430531477,2021,430531477,1,19,0,2,2,5,1,9,9,0,0,0,7,11,2,1,6,6,1,80,11,1997,2,15,PEUGEOT BOXER,8,E01016186,0,-1
2021161124798,2021,161124798,1,19,0,18,19,8,4,0,0,0,0,4,1,0,1,1,2,2,1,27,6,2200,2,0,PEUGEOT BOXER,10,E01013352,0,-1
2021371042921,2021,371042921,1,19,0,18,19,-1,-1,0,0,0,0,0,0,0,3,1,6,6,2,41,7,1997,2,4,PEUGEOT BOXER,6,E01026769,0,-1
2021991014449,2021,991014449,1,19,0,7,7,6,1,0,0,2,0,0,0,0,1,1,1,1,1,49,8,1997,2,4,PEUGEOT BOXER,4,-1,0,-1
2021010333258,2021,010333258,1,19,0,99,99,9,9,99,99,9,9,99,9,99,2,9,1,1,1,38,7,1997,2,3,PEUGEOT BOXER,4,E01021309,0,-1
2021522104688,2021,522104688,2,19,0,12,12,7,3,0,0,6,0,0,0,0,3,1,6,6,1,42,7,2200,2,2,PEUGEOT BOXER,6,E01014984,0,-1
2021101083404,2021,101083404,2,90,0,18,19,8,4,0,0,0,0,0,0,0,1,1,5,6,1,78,11,2446,2,22,PEUGEOT BOXER,4,E01022041,0,-1
2021141063363,2021,141063363,2,19,0,4,4,1,5,0,0,0,0,0,0,0,2,1,2,2,1,32,6,2198,2,5,PEUGEOT BOXER,3,E01007971,0,-1
2021451034757,2021,451034757,1,19,0,18,19,1,2,0,0,0,0,0,0,0,2,1,1,1,1,55,8,1997,2,3,PEUGEOT BOXER,2,E01017537,0,-1
2021320716636,2021,320716636,2,19,0,18,19,8,4,0,0,0,0,0,0,0,3,1,2,2,1,48,8,2198,2,6,PEUGEOT BOXER,7,E01026314,0,-1
2021991060646,2021,991060646,1,19,0,14,14,6,2,0,0,2,2,0,0,0,1,1,5,6,2,73,10,-1,-1,-1,PEUGEOT BOXER,-1,-1,0,-1
2021010339800,2021,010339800,2,19,0,99,99,9,9,99,99,9,9,99,9,99,9,9,6,6,3,23,5,2200,2,2,PEUGEOT BOXER,8,E01030333,0,-1
2021010295868,2021,010295868,2,10,0,99,99,9,9,99,99,9,9,99,9,99,1,9,6,6,3,-1,-1,2200,2,1,PEUGEOT BOXER,-1,-1,0,-1
2021170L30761,2021,170L30761,2,19,0,1,1,7,3,0,0,0,0,0,0,0,2,1,6,6,3,-1,-1,2198,2,7,PEUGEOT BOXER,-1,-1,0,-1
2021302101887,2021,302101887,1,19,0,18,19,6,2,0,0,0,0,0,5,7,3,1,6,6,1,35,6,2198,2,10,PEUGEOT BOXER,2,E01001912,0,-1
2021010289648,2021,010289648,2,19,0,9,9,5,3,0,0,8,0,0,0,0,4,1,2,2,1,45,7,2200,2,2,PEUGEOT BOXER,5,E01021550,0,-1
2021302101306,2021,302101306,1,19,0,18,19,7,3,0,0,0,0,0,0,0,4,1,6,6,3,-1,-1,1997,2,3,PEUGEOT BOXER,5,E01019456,0,-1
2021411020902,2021,411020902,1,19,0,18,19,3,7,0,0,0,0,0,0,0,3,1,2,2,1,30,6,1997,2,3,PEUGEOT BOXER,1,E01004247,0,-1
2021010317273,2021,010317273,1,19,0,5,5,5,1,0,0,1,0,0,0,0,1,1,1,1,1,31,6,1997,2,3,PEUGEOT BOXER,5,E01003083,0,-1
2021010319294,2021,010319294,1,20,0,9,9,5,3,0,0,5,0,0,0,0,3,1,1,1,1,51,8,-1,-1,-1,PEUGEOT BOXER,3,E01003431,0,-1
2021070854402,2021,070854402,1,19,0,18,19,5,1,0,0,1,0,0,1,11,1,1,1,1,1,20,4,2200,2,0,PEUGEOT BOXER,-1,-1,0,-1
2021991069547,2021,991069547,1,19,0,9,9,2,7,0,0,4,0,0,0,0,4,1,1,1,1,48,8,2999,2,10,PEUGEOT BOXER,1,-1,0,-1
2021461037260,2021,461037260,1,19,0,18,19,5,1,0,0,0,0,0,0,0,1,1,1,1,1,55,8,2200,2,1,PEUGEOT BOXER,3,E01020941,0,-1
2021010301274,2021,010301274,2,19,9,99,99,9,9,99,99,9,9,99,9,99,2,9,6,6,3,-1,-1,1997,2,4,PEUGEOT BOXER,3,E01003584,0,-1
2021052100168,2021,052100168,1,19,0,5,5,3,7,0,0,6,0,0,0,0,3,1,1,1,1,27,6,2200,2,1,PEUGEOT BOXER,2,W01000288,0,-1
2021010309426,2021,010309426,3,19,0,2,2,0,0,0,0,2,0,0,0,0,2,1,6,6,3,-1,-1,1997,2,4,PEUGEOT BOXER,-1,-1,0,-1
2021161080471,2021,161080471,2,19,0,3,3,5,1,0,0,0,0,0,0,0,3,1,1,1,1,39,7,1997,2,3,PEUGEOT BOXER,1,E01012789,0,-1
2021501052065,2021,501052065,1,19,0,7,7,4,5,0,0,5,0,0,0,0,4,1,1,1,1,47,8,2200,2,0,PEUGEOT BOXER,8,E01020158,0,-1
2021451076005,2021,451076005,1,19,0,18,19,3,7,0,0,0,1,0,4,0,2,1,1,1,1,35,6,1997,2,4,PEUGEOT BOXER,2,E01002764,0,-1
2021221054132,2021,221054132,2,19,0,18,19,6,2,0,0,8,0,0,1,0,1,1,1,1,1,41,7,2200,2,1,PEUGEOT BOXER,2,E01010093,0,-1
2021411033781,2021,411033781,1,19,0,18,19,4,8,0,0,0,0,0,0,0,1,1,1,1,1,41,7,2198,2,5,PEUGEOT BOXER,10,E01023483,0,-1
2021010311973,2021,010311973,2,10,0,18,19,3,7,0,0,8,0,0,0,0,1,1,1,1,1,51,8,-1,-1,-1,PEUGEOT BOXER,4,E01003259,0,-1
2021451081747,2021,451081747,1,19,0,18,19,5,1,0,0,0,0,0,0,0,1,1,1,1,1,44,7,2200,2,1,PEUGEOT BOXER,8,E01002160,0,-1
2021440158579,2021,440158579,1,19,0,18,19,2,6,0,0,8,0,0,0,0,1,1,1,1,1,39,7,2200,2,1,PEUGEOT BOXER,-1,-1,0,-1
2021461088123,2021,461088123,1,19,0,15,15,4,8,0,0,1,0,4,0,0,1,1,5,6,1,36,7,1997,2,2,PEUGEOT BOXER,1,E01024667,0,-1
2021231073134,2021,231073134,1,19,0,18,19,3,7,0,0,0,1,0,0,0,1,1,1,1,1,40,7,-1,-1,-1,PEUGEOT BOXER,3,E01016501,0,-1
2021010306558,2021,010306558,3,19,0,18,19,7,3,0,0,0,0,0,0,0,1,1,1,1,1,28,6,1997,2,2,PEUGEOT BOXER,2,E01015820,0,-1
2021351023819,2021,351023819,1,19,0,18,19,8,4,0,0,0,0,0,0,0,4,1,6,6,1,37,7,1997,2,3,PEUGEOT BOXER,2,E01027178,0,-1