collision_index,collision_year,collision_ref_no,vehicle_reference,vehicle_type,towing_and_articulation,vehicle_manoeuvre_historic,vehicle_manoeuvre,vehicle_direction_from,vehicle_direction_to,vehicle_location_restricted_lane_historic,vehicle_location_restricted_lane,junction_location,skidding_and_overturning,hit_object_in_carriageway,vehicle_leaving_carriageway,hit_object_off_carriageway,first_point_of_impact,vehicle_left_hand_drive,journey_purpose_of_driver_historic,journey_purpose_of_driver,sex_of_driver,age_of_driver,age_band_of_driver,engine_capacity_cc,propulsion_code,age_of_vehicle,generic_make_model,driver_imd_decile,lsoa_of_driver,escooter_flag,driver_distance_banding
2021201125725,2021,201125725,2,9,0,2,2,0,0,0,0,1,0,0,0,0,4,1,5,6,1,-1,-1,1995,2,5,TOYOTA AVENSIS,-1,-1,0,-1
202163A102421,2021,63A102421,2,9,0,2,2,7,3,0,0,0,0,0,0,0,2,1,6,6,2,46,8,2231,2,15,TOYOTA AVENSIS,4,W01000931,0,-1
2021131057638,2021,131057638,2,9,0,18,19,2,6,0,0,2,0,0,0,0,3,1,6,6,3,-1,-1,1995,2,9,TOYOTA AVENSIS,9,E01032351,0,-1
2021131034512,2021,131034512,1,9,0,9,9,2,6,0,0,0,0,0,0,0,2,1,1,1,1,37,7,1798,7,9,TOYOTA AVENSIS,2,E01010929,0,-1
2021471018725,2021,471018725,1,9,0,18,19,1,5,0,0,0,0,0,0,0,1,1,5,6,1,80,11,1762,1,22,TOYOTA AVENSIS,9,E01031728,0,-1
2021010319019,2021,010319019,1,9,0,9,9,5,3,0,0,0,0,0,0,0,3,1,6,6,1,28,6,1798,1,4,TOYOTA AVENSIS,2,E01002049,0,-1
2021231056093,2021,231056093,1,9,0,11,11,2,5,0,0,8,0,0,0,0,4,1,5,6,1,37,7,1995,2,11,TOYOTA AVENSIS,1,E01010148,0,-1
202163A092221,2021,63A092221,2,8,0,17,19,5,2,0,0,8,0,0,0,0,1,1,1,1,1,50,8,1798,1,7,TOYOTA AVENSIS,-1,-1,0,-1
20211382S1898,2021,1382S1898,1,8,0,18,19,1,1,0,0,0,0,0,0,0,1,1,1,1,1,-1,-1,1798,1,11,TOYOTA AVENSIS,1,E01010813,0,-1
2021141022563,2021,141022563,2,9,0,1,1,5,2,0,0,0,0,0,0,0,2,1,6,6,1,-1,-1,1798,1,11,TOYOTA AVENSIS,5,E01007996,0,-1
2021451079442,2021,451079442,2,9,0,18,19,5,1,0,0,0,0,0,0,0,2,1,1,1,1,74,10,1598,2,3,TOYOTA AVENSIS,10,E01021480,0,-1
2021141120651,2021,141120651,2,9,0,18,19,7,3,0,0,0,0,0,0,0,1,1,6,6,3,27,6,1995,2,17,TOYOTA AVENSIS,4,E01007882,0,-1
2021302101837,2021,302101837,1,9,0,4,4,6,2,0,0,1,0,0,0,0,1,1,6,6,3,-1,-1,1998,2,6,TOYOTA AVENSIS,5,E01019456,0,-1
2021131118699,2021,131118699,3,9,0,3,3,6,2,0,0,0,0,0,0,0,2,1,6,6,2,33,6,1998,2,12,TOYOTA AVENSIS,4,E01011023,0,-1
2021010325848,2021,010325848,2,9,0,13,13,5,1,0,0,1,0,0,0,0,3,1,6,6,1,59,9,1995,2,15,TOYOTA AVENSIS,1,E01001429,0,-1
2021010331985,2021,010331985,2,9,0,18,19,1,5,0,0,3,0,0,0,0,2,1,6,6,1,45,7,1794,1,18,TOYOTA AVENSIS,7,E01002154,0,-1
202131C148221,2021,31C148221,1,8,0,3,3,8,4,0,0,1,0,0,0,0,2,1,1,1,1,48,8,1995,2,10,TOYOTA AVENSIS,1,E01013871,0,-1
2021201140074,2021,201140074,1,9,0,18,19,5,1,0,0,8,0,0,0,0,1,1,1,1,1,44,7,1598,2,5,TOYOTA AVENSIS,-1,-1,0,-1
2021010320001,2021,010320001,2,9,0,99,99,9,9,99,99,9,9,99,9,99,9,9,6,6,1,61,9,1998,1,18,TOYOTA AVENSIS,3,E01001799,0,-1
202131B138721,2021,31B138721,2,9,0,7,7,5,7,0,0,5,0,0,0,0,1,1,6,6,1,48,8,1998,1,22,TOYOTA AVENSIS,5,E01026409,0,-1
2021010325335,2021,010325335,1,8,0,99,99,9,9,99,99,9,9,99,9,99,3,9,6,6,3,-1,-1,1998,2,7,TOYOTA AVENSIS,-1,-1,0,-1
2021010301258,2021,010301258,1,9,0,18,19,7,3,9,9,0,0,11,1,11,0,1,6,6,2,84,11,1998,1,23,TOYOTA AVENSIS,8,E01002291,0,-1
2021010332927,2021,010332927,2,9,0,99,99,9,9,99,99,0,9,99,0,0,9,9,6,6,3,-1,-1,1794,1,14,TOYOTA AVENSIS,3,E01003251,0,-1
2021131056307,2021,131056307,2,9,0,18,19,7,3,0,0,1,0,0,0,0,1,1,3,7,1,45,7,1794,1,19,TOYOTA AVENSIS,1,E01010676,0,-1
2021411128227,2021,411128227,1,9,0,4,4,5,1,0,0,0,0,0,0,0,1,1,6,6,1,52,8,1794,1,15,TOYOTA AVENSIS,2,E01017594,0,-1
2021471013381,2021,471013381,1,9,0,9,9,2,8,0,0,1,0,0,0,0,1,1,6,6,2,51,8,1762,1,22,TOYOTA AVENSIS,5,E01031600,0,-1
2021101023296,2021,101023296,1,9,0,18,19,3,7,0,0,0,1,0,0,0,1,1,6,6,1,-1,-1,1998,2,6,TOYOTA AVENSIS,2,E01008584,0,-1
2021070302255,2021,070302255,2,9,0,4,4,3,7,0,0,1,0,0,0,0,1,1,6,6,1,30,6,1998,1,16,TOYOTA AVENSIS,8,E01024944,0,-1
2021430368877,2021,430368877,1,9,0,5,5,8,6,0,0,6,0,0,0,0,1,1,6,6,2,39,7,1998,2,12,TOYOTA AVENSIS,9,E01028790,0,-1
2021010334711,2021,010334711,1,9,0,18,19,5,1,0,0,1,0,0,0,0,1,1,6,6,1,60,9,1794,1,15,TOYOTA AVENSIS,3,E01001186,0,-1
2021041088147,2021,041088147,1,9,0,17,19,7,3,0,0,1,2,0,1,1,1,1,1,1,1,29,6,2231,2,16,TOYOTA AVENSIS,2,E01025185,0,-1
2021101078368,2021,101078368,2,9,0,4,4,3,7,0,0,2,0,0,0,0,2,1,5,6,2,44,7,1798,1,10,TOYOTA AVENSIS,2,E01008232,0,-1
202131C041821,2021,31C041821,1,9,0,9,9,6,3,0,0,5,0,0,0,0,4,1,1,1,1,57,9,1995,2,6,TOYOTA AVENSIS,1,E01013844,0,-1
2021101041705,2021,101041705,1,9,0,18,19,8,4,0,0,2,5,10,0,0,4,1,1,1,1,61,9,2231,2,12,TOYOTA AVENSIS,2,E01008330,0,-1
2021351020825,2021,351020825,2,9,0,18,19,5,1,0,0,0,0,0,0,0,1,1,1,1,1,40,7,1998,2,6,TOYOTA AVENSIS,5,E01015651,0,-1
2021010311396,2021,010311396,1,9,0,99,99,9,9,99,99,9,9,99,9,99,9,9,6,6,2,60,9,1794,1,14,TOYOTA AVENSIS,4,E01002065,0,-1
2021061040430,2021,061040430,1,9,0,3,3,8,4,0,0,1,0,0,0,0,2,1,5,6,1,41,7,1995,2,10,TOYOTA AVENSIS,2,E01005193,0,-1
2021201079838,2021,201079838,2,9,0,3,3,-1,-1,0,0,1,0,0,0,0,2,1,1,1,1,48,8,1598,2,4,TOYOTA AVENSIS,1,E01009359,0,-1
2021991094084,2021,991094084,2,9,0,9,9,7,5,0,0,8,0,0,0,0,1,1,1,1,1,40,7,1995,2,7,TOYOTA AVENSIS,2,-1,0,-1
2021461017252,2021,461017252,2,9,0,18,19,8,2,0,0,3,0,0,0,0,4,1,5,6,1,50,8,1794,1,13,TOYOTA AVENSIS,6,E01033742,0,-1
2021041065662,2021,041065662,1,9,0,9,9,5,3,0,0,1,0,0,0,0,1,1,2,2,1,41,7,1995,2,8,TOYOTA AVENSIS,1,E01025297,0,-1
2021010337505,2021,010337505,2,9,0,99,99,9,9,0,0,0,0,0,0,0,9,9,6,6,3,54,8,1998,2,11,TOYOTA AVENSIS,3,E01003352,0,-1
2021131094197,2021,131094197,2,8,0,5,5,5,1,0,0,8,0,0,0,0,1,1,5,6,1,55,8,1798,7,12,TOYOTA AVENSIS,8,E01011514,0,-1
2021061135348,2021,061135348,1,9,0,7,7,7,1,0,0,8,0,0,0,0,1,1,5,6,1,77,11,2231,2,15,TOYOTA AVENSIS,4,E01004964,0,-1
2021041021304,2021,041021304,1,9,0,18,19,4,8,0,0,1,0,0,0,0,1,1,2,2,1,37,7,1998,2,11,TOYOTA AVENSIS,5,E01025050,0,-1
202131D125421,2021,31D125421,1,9,0,11,11,6,2,0,0,0,0,0,0,0,1,1,6,6,1,57,9,2231,2,14,TOYOTA AVENSIS,7,E01028289,0,-1
2021131064857,2021,131064857,3,9,0,18,19,5,1,0,0,0,0,0,0,0,1,2,5,6,1,49,8,2231,2,14,TOYOTA AVENSIS,10,E01013984,0,-1
2021302101249,2021,302101249,1,9,0,9,9,4,2,0,0,8,0,0,0,0,1,1,6,6,1,43,7,1995,2,15,TOYOTA AVENSIS,2,E01019547,0,-1
2021201078972,2021,201078972,2,9,0,18,19,6,2,0,0,1,0,0,0,0,2,1,6,6,1,45,7,1794,1,17,TOYOTA AVENSIS,1,E01033648,0,-1
2021010320731,2021,010320731,1,9,0,9,9,8,5,0,0,5,0,0,0,0,4,1,6,6,1,59,9,1798,1,9,TOYOTA AVENSIS,-1,-1,0,-1
2021351120400,2021,351120400,1,9,0,3,3,-1,-1,0,0,0,0,0,0,0,1,1,6,6,2,35,6,1794,1,20,TOYOTA AVENSIS,5,E01015669,0,-1
2021461073804,2021,461073804,1,9,0,15,15,3,7,0,0,0,0,8,0,0,4,1,6,6,2,93,11,1794,1,13,TOYOTA AVENSIS,4,E01016163,0,-1
2021201028289,2021,201028289,1,9,0,9,9,8,6,0,0,6,0,0,0,0,4,1,6,6,1,45,7,1794,1,14,TOYOTA AVENSIS,2,E01009043,0,-1
2021201145636,2021,201145636,2,9,0,5,5,8,4,0,0,8,0,0,0,0,2,1,6,6,1,37,7,1794,7,13,TOYOTA AVENSIS,2,E01009885,0,-1
2021320006805,2021,320006805,1,9,0,16,19,7,3,0,0,0,1,0,7,0,1,1,2,2,1,44,7,1998,1,13,TOYOTA AVENSIS,-1,-1,0,-1
2021010311995,2021,010311995,2,9,0,99,99,9,9,99,99,9,9,99,9,99,1,9,6,6,1,-1,-1,1995,2,17,TOYOTA AVENSIS,-1,-1,0,-1
2021211053751,2021,211053751,2,9,0,18,19,7,3,0,0,1,0,0,0,0,2,1,6,6,1,54,8,1998,2,11,TOYOTA AVENSIS,4,E01010353,0,-1
2021061030161,2021,061030161,1,9,0,10,10,5,3,0,0,1,0,0,0,0,3,1,3,7,2,34,6,1798,1,12,TOYOTA AVENSIS,2,E01005450,0,-1
2021041053890,2021,041053890,2,9,0,18,19,3,7,0,0,1,0,0,0,0,1,1,6,6,1,38,7,1598,2,4,TOYOTA AVENSIS,1,E01024865,0,-1
2021010324049,2021,010324049,2,9,9,99,99,9,9,99,99,9,9,99,9,99,9,9,6,6,1,57,9,1794,1,15,TOYOTA AVENSIS,-1,-1,0,-1
2021440329623,2021,440329623,2,9,0,9,9,6,4,0,0,5,0,0,0,0,1,1,6,6,1,56,9,1995,2,10,TOYOTA AVENSIS,5,E01022539,0,-1
2021010315946,2021,010315946,1,9,0,18,19,5,1,9,9,1,0,0,7,11,4,1,1,1,1,52,8,1995,2,9,TOYOTA AVENSIS,5,E01023864,0,-1
2021522103494,2021,522103494,2,9,0,18,19,5,1,0,0,8,0,0,0,10,4,1,6,6,1,33,6,1995,2,10,TOYOTA AVENSIS,1,W01001740,0,-1
2021421066889,2021,421066889,2,9,0,18,19,2,6,0,0,1,0,0,0,0,4,1,2,2,1,46,8,1598,2,5,TOYOTA AVENSIS,10,E01021469,0,-1
2021010325231,2021,010325231,1,9,0,5,5,5,1,9,9,1,1,0,1,0,0,1,6,6,1,78,11,1794,1,15,TOYOTA AVENSIS,3,E01000638,0,-1
2021501088967,2021,501088967,3,9,0,2,2,0,0,0,0,0,0,0,0,0,0,1,5,6,1,70,10,1995,2,16,TOYOTA AVENSIS,7,E01015198,0,-1
2021010349892,2021,010349892,1,9,0,9,9,3,1,0,0,6,0,0,0,0,1,1,6,6,1,33,6,1794,1,15,TOYOTA AVENSIS,3,E01002543,0,-1
2021411058721,2021,411058721,1,9,0,18,19,3,7,0,0,0,1,0,1,0,1,1,6,6,1,39,7,1798,1,10,TOYOTA AVENSIS,6,E01033582,0,-1
2021201058679,2021,201058679,1,8,0,1,1,2,6,0,0,0,0,0,0,0,2,1,1,1,1,30,6,1798,1,11,TOYOTA AVENSIS,3,E01009242,0,-1
2021302102059,2021,302102059,1,8,0,18,19,7,3,0,0,8,0,0,1,11,1,1,1,1,1,53,8,1794,7,14,TOYOTA AVENSIS,1,E01013590,0,-1
2021061049551,2021,061049551,1,9,0,5,5,3,7,0,0,8,0,0,0,0,4,1,3,7,2,39,7,1995,2,9,TOYOTA AVENSIS,10,E01005929,0,-1
2021302101218,2021,302101218,1,8,0,12,12,2,8,0,0,8,0,0,0,0,3,1,1,1,1,42,7,1598,2,6,TOYOTA AVENSIS,2,E01028231,0,-1
2021320750857,2021,320750857,2,9,0,2,2,0,0,9,9,2,0,0,0,11,4,1,6,6,3,-1,-1,1998,1,19,TOYOTA AVENSIS,-1,-1,0,-1
2021201053814,2021,201053814,2,9,0,3,3,6,2,0,0,1,0,0,0,0,2,1,6,6,1,36,7,1798,1,10,TOYOTA AVENSIS,2,E01010363,0,-1
2021170M11781,2021,170M11781,2,9,0,9,9,5,2,0,0,8,0,0,0,0,4,1,6,6,1,54,8,1598,2,5,TOYOTA AVENSIS,1,E01012074,0,-1
2021041033898,2021,041033898,2,9,0,18,19,2,4,0,0,1,0,0,0,0,1,1,2,2,1,37,7,1998,2,14,TOYOTA AVENSIS,1,E01012647,0,-1
2021061132322,2021,061132322,1,9,0,5,5,7,1,0,0,0,0,0,0,0,2,1,6,6,1,48,8,1995,2,7,TOYOTA AVENSIS,2,E01005280,0,-1
2021471072331,2021,471072331,2,9,0,18,19,4,8,0,0,0,0,0,0,0,2,1,5,6,2,32,6,1794,1,15,TOYOTA AVENSIS,4,E01020935,0,-1
2021421065012,2021,421065012,2,9,0,16,19,7,4,0,0,0,0,0,0,0,0,1,5,6,1,58,9,1995,2,10,TOYOTA AVENSIS,8,E01021566,0,-1
2021161080271,2021,161080271,2,9,0,18,19,1,5,0,0,8,0,0,0,0,0,1,6,6,3,-1,-1,1794,1,18,TOYOTA AVENSIS,-1,-1,0,-1
2021010336847,2021,010336847,1,9,0,5,5,1,5,0,0,6,0,0,0,0,1,1,6,6,1,79,11,1995,2,14,TOYOTA AVENSIS,3,E01001823,0,-1
2021041101970,2021,041101970,1,9,0,9,9,5,7,0,0,1,0,0,7,0,1,1,6,6,1,49,8,1598,2,5,TOYOTA AVENSIS,1,E01025042,0,-1
2021201109321,2021,201109321,2,9,0,3,3,8,4,0,0,1,0,0,0,0,2,1,6,6,1,30,6,1998,2,14,TOYOTA AVENSIS,1,E01009390,0,-1
2021520101006,2021,520101006,1,9,0,2,2,0,0,0,0,0,0,0,0,0,2,1,6,6,2,59,9,1998,1,23,TOYOTA AVENSIS,-1,-1,0,-1
2021221035295,2021,221035295,1,9,0,18,19,8,4,0,0,8,0,0,0,0,1,1,5,6,1,75,10,1995,2,9,TOYOTA AVENSIS,10,E01032227,0,-1
2021010335044,2021,010335044,3,9,0,18,19,7,3,0,0,8,0,0,0,0,2,1,6,6,1,39,7,1794,1,13,TOYOTA AVENSIS,3,E01003605,0,-1
2021501062634,2021,501062634,2,8,0,4,4,3,7,0,0,0,0,0,0,0,2,1,1,1,1,72,10,1995,2,10,TOYOTA AVENSIS,8,E01019015,0,-1
2021061114760,2021,061114760,2,8,0,18,19,3,7,0,0,0,1,0,0,0,3,1,1,1,1,53,8,1998,2,6,TOYOTA AVENSIS,4,E01005451,0,-1
2021010335452,2021,010335452,1,9,0,18,19,1,5,0,0,0,0,0,0,0,1,1,2,2,1,25,5,1998,1,15,TOYOTA AVENSIS,1,E01000601,0,-1
2021010316695,2021,010316695,1,9,0,10,10,3,1,0,0,6,0,0,0,0,1,1,6,6,1,39,7,1998,1,14,TOYOTA AVENSIS,-1,-1,0,-1
2021131114774,2021,131114774,1,9,0,9,9,1,5,0,0,8,0,0,0,0,4,1,5,6,1,41,7,1998,2,12,TOYOTA AVENSIS,2,E01011926,0,-1
2021201026034,2021,201026034,2,9,0,18,19,7,3,0,0,0,0,0,1,7,3,1,5,6,2,38,7,1998,2,13,TOYOTA AVENSIS,3,E01031080,0,-1
2021461056209,2021,461056209,1,9,0,3,3,3,7,0,0,0,0,0,0,0,1,1,6,6,1,-1,-1,1794,1,13,TOYOTA AVENSIS,2,E01024277,0,-1
2021010292619,2021,010292619,2,9,0,99,99,9,9,99,99,9,9,99,9,99,1,9,6,6,1,54,8,1998,1,16,TOYOTA AVENSIS,4,E01001727,0,-1
2021010287809,2021,010287809,1,9,0,5,5,7,3,0,0,1,0,0,0,0,1,1,6,6,1,48,8,1998,1,15,TOYOTA AVENSIS,3,E01000610,0,-1
2021010296093,2021,010296093,2,9,0,99,99,9,9,99,99,9,9,99,9,99,9,9,6,6,3,-1,-1,1998,1,23,TOYOTA AVENSIS,-1,-1,0,-1
2021411037277,2021,411037277,1,9,0,11,11,3,5,0,0,1,0,0,0,0,1,1,6,6,2,30,6,1998,2,6,TOYOTA AVENSIS,6,E01023386,0,-1
2021231089958,2021,231089958,1,9,0,18,19,8,4,0,0,0,0,0,0,0,3,1,5,6,1,36,7,1995,2,9,TOYOTA AVENSIS,10,E01028786,0,-1
2021461025865,2021,461025865,2,9,0,18,19,1,5,0,0,0,0,0,0,0,4,1,5,6,2,62,9,1998,1,16,TOYOTA AVENSIS,7,E01024422,0,-1
2021010323955,2021,010323955,2,9,0,99,99,9,9,99,99,9,9,99,9,99,2,9,6,6,1,61,9,1794,1,18,TOYOTA AVENSIS,5,E01003262,0,-1
2021991022582,2021,991022582,1,8,0,6,6,7,7,0,0,0,0,0,0,0,3,1,5,6,1,46,8,1598,2,4,TOYOTA AVENSIS,1,-1,0,-1
2021451095298,2021,451095298,1,9,0,7,7,3,7,0,0,1,0,0,0,0,1,1,6,6,1,45,7,1995,2,15,TOYOTA AVENSIS,5,E01030980,0,-1
2021361058968,2021,361058968,2,9,0,18,19,5,1,0,0,8,0,0,0,0,3,1,2,2,2,44,7,1995,2,3,TOYOTA AVENSIS,7,E01026462,0,-1
2021010351614,2021,010351614,2,9,0,9,9,7,5,0,0,6,0,0,0,0,1,1,6,6,1,24,5,1794,1,16,TOYOTA AVENSIS,1,E01001790,0,-1
2021991064253,2021,991064253,2,9,0,18,19,1,5,0,0,0,0,0,0,0,2,1,5,6,1,40,7,1798,1,11,TOYOTA AVENSIS,1,E01010365,0,-1
2021122100631,2021,122100631,2,9,0,2,2,0,0,0,0,0,0,0,0,0,0,1,6,6,1,63,9,1998,2,13,TOYOTA AVENSIS,9,E01010692,0,-1
2021131112464,2021,131112464,2,9,0,17,19,4,6,0,0,1,0,11,0,0,1,1,5,6,2,50,8,1995,2,9,TOYOTA AVENSIS,1,E01010828,0,-1
2021010352127,2021,010352127,1,9,0,4,4,1,5,0,0,1,0,10,0,0,1,1,1,1,2,35,6,1794,1,16,TOYOTA AVENSIS,2,E01003528,0,-1
2021201148594,2021,201148594,1,8,0,18,19,4,8,0,0,0,0,0,0,0,4,1,1,1,1,-1,-1,1798,7,7,TOYOTA AVENSIS,5,E01009023,0,-1
2021440074201,2021,440074201,1,9,0,18,19,8,4,0,0,8,0,7,1,1,1,1,6,6,1,59,9,1798,1,7,TOYOTA AVENSIS,3,E01017051,0,-1
2021211120304,2021,211120304,2,8,0,17,19,5,1,0,0,1,0,0,0,0,1,1,1,1,1,32,6,1995,2,7,TOYOTA AVENSIS,1,E01014305,0,-1
2021451018172,2021,451018172,1,9,0,18,19,1,5,0,0,8,0,0,0,0,1,1,5,6,1,47,8,1995,2,6,TOYOTA AVENSIS,10,E01030776,0,-1
2021211108528,2021,211108528,1,9,0,7,7,1,2,0,0,6,0,0,0,0,4,1,6,6,1,47,8,1995,2,4,TOYOTA AVENSIS,5,E01029689,0,-1
2021401127466,2021,401127466,1,9,0,18,19,-1,-1,0,0,1,0,0,0,0,1,1,6,6,1,-1,-1,1995,2,8,TOYOTA AVENSIS,-1,-1,0,-1
2021451056318,2021,451056318,2,9,0,12,12,1,5,0,0,8,0,0,0,0,3,1,1,1,1,45,7,1598,2,4,TOYOTA AVENSIS,9,E01030660,0,-1
2021991125527,2021,991125527,1,8,0,9,9,3,1,0,0,2,0,0,0,0,3,1,5,6,1,50,8,1598,2,5,TOYOTA AVENSIS,3,-1,0,-1
2021430455033,2021,430455033,2,9,0,17,19,2,6,0,0,0,0,0,0,0,1,1,6,6,1,52,8,1995,2,15,TOYOTA AVENSIS,6,E01015671,0,-1
2021010300920,2021,010300920,2,9,0,99,99,9,9,99,99,9,9,99,9,99,2,9,6,6,3,-1,-1,1995,2,13,TOYOTA AVENSIS,-1,-1,0,-1
2021041122032,2021,041122032,3,9,0,3,3,7,3,0,0,6,0,0,0,0,3,1,1,1,1,54,8,1794,1,15,TOYOTA AVENSIS,2,E01012573,0,-1
2021991090269,2021,991090269,1,9,0,18,19,6,2,0,0,8,0,0,0,0,1,1,6,6,1,46,8,2231,2,14,TOYOTA AVENSIS,2,-1,0,-1
2021161113881,2021,161113881,1,8,0,9,9,3,5,0,0,1,0,0,0,0,1,1,1,1,1,58,9,1798,1,7,TOYOTA AVENSIS,2,E01013284,0,-1
2021430342600,2021,430342600,1,9,0,18,19,6,2,0,0,0,0,0,0,0,1,1,1,1,1,44,7,1794,1,19,TOYOTA AVENSIS,5,E01016488,0,-1
2021622100324,2021,622100324,1,8,0,5,5,8,4,0,0,0,0,0,0,0,3,1,1,1,1,36,7,1995,2,7,TOYOTA AVENSIS,2,W01001761,0,-1
2021221086903,2021,221086903,1,9,0,18,19,1,5,0,0,0,0,0,0,0,1,1,5,6,1,34,6,2231,2,13,TOYOTA AVENSIS,4,E01013989,0,-1
2021101072135,2021,101072135,2,9,0,4,4,1,5,0,0,0,0,0,0,0,2,1,1,1,1,38,7,1798,1,4,TOYOTA AVENSIS,4,E01008175,0,-1
2021544644621,2021,544644621,1,9,0,18,19,2,6,0,0,0,0,0,0,0,1,1,6,6,1,51,8,1794,1,18,TOYOTA AVENSIS,9,E01020446,0,-1
2021421017600,2021,421017600,2,9,0,6,6,7,3,0,0,8,0,0,0,0,3,1,6,6,1,47,8,1794,1,18,TOYOTA AVENSIS,4,E01022033,0,-1
2021052101608,2021,052101608,1,8,0,18,19,8,4,0,0,0,0,0,0,0,3,1,1,1,1,53,8,1598,2,5,TOYOTA AVENSIS,5,E01006946,0,-1
2021010310990,2021,010310990,1,9,0,18,19,2,6,0,0,0,1,0,0,0,1,1,6,6,1,39,7,1995,2,14,TOYOTA AVENSIS,5,E01002118,0,-1
2021041047745,2021,041047745,1,9,0,18,19,1,1,0,0,1,0,0,0,0,1,1,6,6,3,-1,-1,2231,2,16,TOYOTA AVENSIS,-1,-1,0,-1
202134WNC1761,2021,34WNC1761,2,9,0,9,9,3,1,0,0,6,0,0,0,0,1,1,6,6,1,40,7,1794,1,14,TOYOTA AVENSIS,7,E01027149,0,-1
2021061109620,2021,061109620,1,9,0,6,6,5,5,0,0,0,0,0,0,0,4,1,6,6,3,30,6,1794,1,13,TOYOTA AVENSIS,-1,-1,0,-1
2021201134916,2021,201134916,2,9,0,18,19,2,6,0,0,8,0,0,0,0,4,1,3,7,2,38,7,1998,2,13,TOYOTA AVENSIS,2,E01009568,0,-1
2021991056952,2021,991056952,1,9,0,18,19,3,6,0,0,1,0,0,0,0,1,1,1,1,1,41,7,1995,2,8,TOYOTA AVENSIS,1,-1,0,-1
2021131124224,2021,131124224,2,9,0,16,19,6,2,0,0,0,0,0,0,0,3,1,6,6,1,43,7,1798,1,10,TOYOTA AVENSIS,1,E01032558,0,-1
2021471046854,2021,471046854,1,9,0,9,9,4,2,0,0,0,0,0,0,0,1,1,5,6,1,60,9,1762,1,21,TOYOTA AVENSIS,4,E01031364,0,-1
2021421082178,2021,421082178,2,9,0,4,4,5,2,0,0,0,0,7,0,0,1,1,5,6,2,54,8,2362,1,16,TOYOTA AVENSIS,5,E01026367,0,-1
2021111073425,2021,111073425,1,9,0,18,19,5,3,0,0,0,0,0,0,0,1,1,6,6,1,56,9,1995,2,14,TOYOTA AVENSIS,1,E01012198,0,-1
2021351088709,2021,351088709,2,9,0,5,5,5,1,0,0,2,0,0,0,0,4,1,6,6,1,56,9,1998,2,13,TOYOTA AVENSIS,6,E01018170,0,-1
2021320439927,2021,320439927,1,8,0,18,19,1,5,0,0,4,0,0,0,0,1,1,2,2,1,58,9,1998,2,12,TOYOTA AVENSIS,2,E01026375,0,-1
2021201118300,2021,201118300,2,9,0,18,19,4,1,0,0,8,0,0,0,0,1,1,6,6,1,40,7,1794,1,13,TOYOTA AVENSIS,1,E01009328,0,-1
2021221071398,2021,221071398,2,9,0,18,19,1,5,0,0,0,0,4,0,0,1,1,6,6,1,-1,-1,1998,2,12,TOYOTA AVENSIS,3,E01032292,0,-1
2021010342065,2021,010342065,1,9,9,99,99,9,9,99,99,9,9,99,9,99,9,9,6,6,1,27,6,1798,1,10,TOYOTA AVENSIS,3,E01017105,0,-1
2021991108453,2021,991108453,4,9,0,2,2,0,0,0,0,0,0,0,0,0,2,1,6,6,3,-1,-1,1794,1,14,TOYOTA AVENSIS,-1,-1,0,-1
2021201133506,2021,201133506,2,9,0,18,19,7,3,0,0,8,0,0,0,0,1,1,6,6,1,48,8,1798,1,12,TOYOTA AVENSIS,4,E01009835,0,-1
2021010327718,2021,010327718,2,9,0,4,4,5,1,0,0,3,0,0,0,0,2,1,6,6,1,44,7,1794,1,13,TOYOTA AVENSIS,3,E01000062,0,-1
2021010329275,2021,010329275,2,9,0,18,19,5,1,0,0,4,0,0,0,0,2,1,6,6,1,55,8,1995,2,20,TOYOTA AVENSIS,-1,-1,0,-1
2021141091204,2021,141091204,2,9,0,12,12,4,1,0,0,0,0,0,0,0,4,1,6,6,1,28,6,2231,2,10,TOYOTA AVENSIS,1,E01007534,0,-1
2021010350134,2021,010350134,1,9,0,9,9,1,7,2,2,1,0,0,0,0,4,1,6,6,1,44,7,1798,1,11,TOYOTA AVENSIS,5,E01003071,0,-1
2021302101210,2021,302101210,1,9,0,6,6,2,2,0,0,8,0,0,0,0,1,1,6,6,1,50,8,1998,1,15,TOYOTA AVENSIS,2,E01019510,0,-1
2021010298342,2021,010298342,2,9,0,99,99,9,9,0,0,0,9,0,0,99,1,9,6,6,1,-1,-1,1598,2,3,TOYOTA AVENSIS,8,E01022081,0,-1
2021522104854,2021,522104854,2,9,0,18,19,5,1,0,0,1,0,0,0,0,1,1,6,6,3,-1,-1,2231,2,12,TOYOTA AVENSIS,-1,-1,0,-1
2021201078576,2021,201078576,2,9,0,2,2,0,0,0,0,0,0,10,0,0,2,1,6,6,1,33,6,1998,2,12,TOYOTA AVENSIS,1,E01009300,0,-1
2021052100727,2021,052100727,2,9,0,7,7,5,1,0,0,6,0,0,0,0,3,1,2,2,1,46,8,1995,2,17,TOYOTA AVENSIS,8,E01007282,0,-1
2021041113029,2021,041113029,2,9,0,3,3,1,3,0,0,0,0,0,0,0,2,1,6,6,1,54,8,1998,2,14,TOYOTA AVENSIS,2,E01012640,0,-1
2021041025792,2021,041025792,2,9,0,2,2,0,0,0,0,1,0,0,0,0,3,1,6,6,3,-1,-1,1995,2,9,TOYOTA AVENSIS,-1,-1,0,-1
2021052101494,2021,052101494,1,8,0,18,19,5,1,0,0,0,0,0,0,0,1,1,1,1,1,49,8,2231,2,10,TOYOTA AVENSIS,5,E01032684,0,-1
2021201073659,2021,201073659,1,9,0,18,19,2,6,0,0,0,0,0,0,0,1,1,6,6,1,85,11,1798,1,12,TOYOTA AVENSIS,1,E01009326,0,-1