collision_index,collision_year,collision_ref_no,vehicle_reference,vehicle_type,towing_and_articulation,vehicle_manoeuvre_historic,vehicle_manoeuvre,vehicle_direction_from,vehicle_direction_to,vehicle_location_restricted_lane_historic,vehicle_location_restricted_lane,junction_location,skidding_and_overturning,hit_object_in_carriageway,vehicle_leaving_carriageway,hit_object_off_carriageway,first_point_of_impact,vehicle_left_hand_drive,journey_purpose_of_driver_historic,journey_purpose_of_driver,sex_of_driver,age_of_driver,age_band_of_driver,engine_capacity_cc,propulsion_code,age_of_vehicle,generic_make_model,driver_imd_decile,lsoa_of_driver,escooter_flag,driver_distance_banding
2021461120540,2021,461120540,1,9,0,9,9,7,5,0,0,0,0,0,0,0,1,1,6,6,1,21,5,1796,1,17,VAUXHALL VECTRA,10,E01000688,0,-1
2021201035512,2021,201035512,3,9,0,2,2,0,0,9,9,0,0,0,0,0,0,1,6,6,2,-1,-1,1968,2,3,VOLKSWAGEN CADDYMAXI,1,E01009321,0,-1
2021451059431,2021,451059431,1,9,0,18,19,1,5,0,0,1,1,0,0,0,1,1,1,1,2,58,9,1968,2,1,VOLKSWAGEN CADDYMAXI,10,E01030593,0,-1
2021070188340,2021,070188340,3,19,0,18,19,8,4,0,0,2,0,0,0,0,4,1,6,6,1,36,7,1968,2,4,VOLKSWAGEN CADDYMAXI,3,E01018347,0,-1
2021501150497,2021,501150497,1,9,0,18,19,4,8,0,0,6,0,0,0,0,1,1,5,6,1,64,9,1598,2,6,VOLKSWAGEN CADDYMAXI,6,E01015207,0,-1
2021131037440,2021,131037440,1,19,0,18,19,6,2,0,0,1,0,0,0,0,1,1,1,1,1,48,8,1968,2,2,VOLKSWAGEN CADDYMAXI,3,E01010670,0,-1
2021351073961,2021,351073961,4,19,0,4,4,5,1,0,0,0,0,0,0,0,4,1,5,6,1,31,6,1968,2,6,VOLKSWAGEN CADDYMAXI,8,E01004915,0,-1
2021440479774,2021,440479774,1,19,0,3,3,7,3,0,0,1,0,0,0,0,2,1,2,2,1,49,8,1968,2,3,VOLKSWAGEN CADDYMAXI,10,E01022977,0,-1
2021101038626,2021,101038626,1,19,0,4,4,3,7,0,0,0,0,0,0,0,2,1,6,6,1,38,7,1598,2,6,VOLKSWAGEN CADDYMAXI,1,E01008302,0,-1
2021101074944,2021,101074944,1,9,0,13,13,8,4,0,0,0,0,0,0,0,4,1,1,1,1,63,9,1968,2,2,VOLKSWAGEN CADDYMAXI,3,E01008503,0,-1
2021010292940,2021,010292940,1,19,0,3,3,3,7,0,0,0,9,99,0,0,2,9,6,6,1,34,6,1968,2,3,VOLKSWAGEN CADDYMAXI,10,E01015914,0,-1
2021010337850,2021,010337850,1,19,0,5,5,7,3,0,0,0,0,0,0,0,3,1,1,1,1,35,6,1968,2,6,VOLKSWAGEN CADDYMAXI,5,E01002520,0,-1
2021010350407,2021,010350407,2,90,0,18,19,1,5,99,99,4,9,99,0,0,3,9,6,6,1,47,8,1968,2,1,-1,2,E01003183,0,-1
2021351049695,2021,351049695,1,9,0,3,3,7,3,0,0,4,0,0,0,0,2,1,5,6,1,78,11,1968,2,2,VOLKSWAGEN CADDYMAXI,5,E01018213,0,-1
2021122100522,2021,122100522,2,19,0,18,19,4,8,0,0,1,0,0,0,0,1,1,6,6,1,36,7,1968,2,5,VOLKSWAGEN CADDYMAXI,4,E01027832,0,-1
2021010344779,2021,010344779,1,19,9,99,99,9,9,99,99,9,9,99,0,0,9,9,6,6,1,35,6,1968,2,4,VOLKSWAGEN CADDYMAXI,5,E01030664,0,-1
2021131099038,2021,131099038,1,19,0,18,19,7,3,0,0,0,0,0,0,0,0,1,6,6,3,-1,-1,1598,2,7,VOLKSWAGEN CADDYMAXI,-1,-1,0,-1
2021010321380,2021,010321380,1,8,0,99,99,9,9,99,99,9,9,99,9,99,9,9,1,1,1,54,8,1968,2,4,VOLKSWAGEN CADDYMAXI,3,E01000977,0,-1
2021461101106,2021,461101106,2,9,0,18,19,3,1,0,0,1,0,0,0,0,1,1,2,2,1,33,6,1968,2,5,VOLKSWAGEN CADDYMAXI,9,E01024438,0,-1
2021111029820,2021,111029820,1,19,0,7,7,5,7,0,0,8,0,0,0,0,1,1,6,6,1,30,6,1968,2,5,VOLKSWAGEN CADDYMAXI,-1,-1,0,-1
2021070627969,2021,070627969,2,9,0,18,19,8,4,0,0,1,0,0,1,10,3,1,6,6,1,41,7,1968,2,4,VOLKSWAGEN CADDYMAXI,6,E01018743,0,-1
2021122200115,2021,122200115,1,19,0,18,19,3,7,0,0,0,5,0,8,4,1,1,2,2,1,40,7,1968,2,5,VOLKSWAGEN CADDYMAXI,6,E01027570,0,-1
2021991082978,2021,991082978,1,9,0,5,5,6,2,0,0,4,0,0,0,0,3,1,1,1,1,52,8,1968,2,4,VOLKSWAGEN CADDYMAXI,3,-1,0,-1
2021991046889,2021,991046889,1,9,0,18,19,7,3,0,0,0,0,0,0,0,3,1,5,6,2,47,8,1968,2,3,VOLKSWAGEN CADDYMAXI,1,-1,0,-1
2021170M10101,2021,170M10101,1,19,0,9,9,6,4,4,4,8,0,0,0,0,3,1,2,2,1,34,6,1968,2,4,VOLKSWAGEN CADDYMAXI,7,E01012025,0,-1
2021031055636,2021,031055636,4,19,0,18,19,1,5,0,0,0,0,0,0,0,2,1,1,1,1,31,6,1968,2,2,VOLKSWAGEN CADDYMAXI,9,E01019179,0,-1
2021101049793,2021,101049793,4,19,0,3,3,1,5,0,0,0,0,0,0,0,0,1,1,1,1,36,7,1968,2,5,VOLKSWAGEN CADDYMAXI,-1,-1,0,-1
2021991120201,2021,991120201,1,9,0,17,19,1,5,0,0,0,1,0,0,0,3,1,6,6,2,37,7,1968,2,2,VOLKSWAGEN CADDYMAXI,9,-1,0,-1
2021201134877,2021,201134877,2,19,0,18,19,5,1,0,0,1,0,10,8,11,1,1,2,2,1,37,7,1968,2,6,VOLKSWAGEN CADDYMAXI,5,E01009447,0,-1
2021010315444,2021,010315444,2,8,0,18,19,5,1,0,0,1,0,0,0,0,3,1,1,1,1,47,8,1968,2,2,VOLKSWAGEN CADDYMAXI,3,E01002547,0,-1
2021211098457,2021,211098457,1,9,0,1,1,8,4,0,0,0,0,0,0,0,3,1,5,6,1,69,10,1968,2,1,VOLKSWAGEN CADDYMAXI,1,E01029548,0,-1
2021461110232,2021,461110232,2,9,0,4,4,5,1,0,0,4,0,0,0,0,2,1,6,6,2,-1,-1,1968,2,5,VOLKSWAGEN CADDYMAXI,3,E01024684,0,-1
2021131111745,2021,131111745,1,19,0,18,19,7,3,0,0,8,0,0,0,0,1,1,6,6,3,-1,-1,1968,2,0,VOLKSWAGEN CADDYMAXI,-1,-1,0,-1
2021010315095,2021,010315095,2,19,0,3,3,1,5,0,0,1,0,0,0,0,2,1,1,1,1,44,7,1968,2,1,VOLKSWAGEN CADDYMAXI,3,E01000432,0,-1
2021221077481,2021,221077481,5,9,0,3,3,3,7,0,0,0,0,0,0,0,2,1,5,6,2,58,9,1968,2,5,VOLKSWAGEN CADDYMAXI,1,E01009173,0,-1
202131B007321,2021,31B007321,1,19,0,5,5,1,5,0,0,1,0,0,0,0,1,1,1,1,1,27,6,1968,2,6,VOLKSWAGEN CADDYMAXI,9,E01028061,0,-1
2021070533130,2021,070533130,4,19,0,4,4,1,5,0,0,0,0,0,0,0,2,1,6,6,3,-1,-1,1968,2,5,VOLKSWAGEN CADDYMAXI,-1,-1,0,-1
2021010319991,2021,010319991,2,19,0,99,99,9,9,99,99,9,9,99,9,99,1,9,6,6,3,-1,-1,1968,2,3,VOLKSWAGEN CADDYMAXI,6,E01001309,0,-1
2021461022614,2021,461022614,3,8,0,4,4,2,6,0,0,0,0,0,0,0,2,1,1,1,1,-1,-1,1968,2,5,VOLKSWAGEN CADDYMAXI,-1,-1,0,-1
2021461127209,2021,461127209,2,9,0,18,19,1,5,0,0,8,0,0,0,0,1,1,1,1,1,34,6,1968,2,4,VOLKSWAGEN CADDYMAXI,4,E01032823,0,-1
2021131115847,2021,131115847,1,19,0,18,19,7,3,0,0,1,0,0,0,0,1,1,1,1,2,32,6,1968,2,2,VOLKSWAGEN CADDYMAXI,6,E01010634,0,-1
2021320210349,2021,320210349,2,19,0,4,4,1,5,0,0,0,5,0,1,0,2,1,6,6,1,62,9,1968,2,5,VOLKSWAGEN CADDYMAXI,9,E01017551,0,-1
2021010316900,2021,010316900,1,9,0,10,10,8,6,0,0,8,0,0,0,0,1,1,6,6,1,46,8,1598,2,6,VOLKSWAGEN CADDYMAXI,5,E01001525,0,-1
2021221096957,2021,221096957,2,19,0,9,9,6,4,0,0,6,0,0,0,0,1,1,5,6,1,67,10,1968,2,1,VOLKSWAGEN CADDYMAXI,5,E01014079,0,-1
2021361100722,2021,361100722,1,19,0,18,19,8,5,0,0,4,0,0,0,0,3,1,1,1,2,34,6,1968,2,4,VOLKSWAGEN CADDYMAXI,7,E01026579,0,-1
2021201078594,2021,201078594,1,19,0,18,19,5,8,0,0,1,0,0,0,0,1,1,6,6,1,-1,-1,1598,2,4,VOLKSWAGEN CADDYMAXI,-1,-1,0,-1
2021010331501,2021,010331501,2,9,0,3,3,1,5,0,0,4,0,0,0,0,0,1,6,6,2,46,8,1968,2,1,VOLKSWAGEN CADDYMAXI,9,E01031004,0,-1
2021231093032,2021,231093032,1,19,0,7,7,3,5,0,0,5,0,0,0,0,1,1,5,6,1,63,9,1968,2,5,VOLKSWAGEN CADDYMAXI,9,E01032958,0,-1
2021010301950,2021,010301950,2,9,0,99,99,9,9,99,99,9,9,99,9,99,2,9,6,6,2,49,8,1968,2,5,VOLKSWAGEN CADDYMAXI,2,E01004403,0,-1
2021461117691,2021,461117691,2,19,0,18,19,5,1,0,0,0,0,0,0,0,3,1,6,6,1,37,7,1968,2,3,VOLKSWAGEN CADDYMAXI,5,E01024478,0,-1
2021440208635,2021,440208635,1,9,0,17,19,5,1,0,0,0,5,0,1,1,1,1,1,1,1,35,6,1968,2,3,VOLKSWAGEN CADDYMAXI,1,E01017154,0,-1
202131A042821,2021,31A042821,1,19,0,4,4,6,2,0,0,0,0,0,0,0,1,1,2,2,1,21,5,1598,2,7,VOLKSWAGEN CADDYMAXI,6,E01028295,0,-1
2021010317004,2021,010317004,1,9,0,9,9,1,6,0,0,1,0,0,0,0,0,1,6,6,1,21,5,1968,2,4,VOLKSWAGEN CADDYMAXI,5,E01003110,0,-1
2021010319422,2021,010319422,1,9,0,7,7,7,1,0,0,5,0,0,0,0,2,1,1,1,1,53,8,1968,2,5,VOLKSWAGEN CADDYMAXI,4,E01001418,0,-1
2021010342064,2021,010342064,2,19,0,99,99,9,9,99,99,0,9,99,9,99,9,9,6,6,1,55,8,1968,2,5,VOLKSWAGEN CADDYMAXI,3,E01000630,0,-1
2021231104616,2021,231104616,2,9,0,3,3,1,3,0,0,8,0,0,0,0,2,1,6,6,1,58,9,1968,2,2,VOLKSWAGEN CADDYMAXI,9,E01031147,0,-1
2021010346277,2021,010346277,1,9,0,18,19,5,1,0,0,0,0,0,0,0,1,1,2,2,1,39,7,1968,2,4,VOLKSWAGEN CADDYMAXI,3,E01000127,0,-1
2021471023217,2021,471023217,1,19,0,18,19,8,4,0,0,0,1,0,7,0,1,1,1,1,1,77,11,1968,2,3,VOLKSWAGEN CADDYMAXI,4,E01021017,0,-1
2021320051803,2021,320051803,1,9,0,9,9,5,1,0,0,8,0,0,0,0,1,1,6,6,1,74,10,1968,2,4,VOLKSWAGEN CADDYMAXI,6,E01026244,0,-1
2021141029665,2021,141029665,1,9,0,14,14,3,7,0,0,0,0,0,0,0,0,1,6,6,1,-1,-1,1968,2,4,VOLKSWAGEN CADDYMAXI,-1,-1,0,-1
2021010351768,2021,010351768,1,9,0,9,9,5,3,0,0,6,0,0,0,0,3,1,6,6,2,25,5,1968,2,0,VOLKSWAGEN CADDYMAXI,4,E01014590,0,-1
2021471094207,2021,471094207,6,19,0,18,19,2,6,0,0,0,0,0,0,0,2,1,1,1,1,35,6,1498,1,0,VOLKSWAGEN CADDYMAXI,8,E01016985,0,-1
2021221151526,2021,221151526,2,9,0,18,19,5,1,0,0,3,0,0,0,0,2,1,5,6,1,26,6,1968,2,1,VOLKSWAGEN CADDYMAXI,5,E01016015,0,-1
2021010299860,2021,010299860,2,9,0,99,99,9,9,99,99,9,9,99,9,99,9,9,6,6,3,-1,-1,1968,2,4,VOLKSWAGEN CADDYMAXI,5,E01001389,0,-1
2021221060599,2021,221060599,2,19,0,18,19,2,6,0,0,1,0,0,0,0,1,1,1,1,1,36,7,1968,2,5,VOLKSWAGEN CADDYMAXI,7,E01022373,0,-1
2021421029540,2021,421029540,1,9,0,18,19,1,5,0,0,0,0,0,0,0,1,1,1,1,1,35,6,1968,2,4,VOLKSWAGEN CADDYMAXI,2,E01015828,0,-1
2021010309174,2021,010309174,1,9,0,99,99,9,9,99,99,9,9,99,9,99,1,9,6,6,1,38,7,1198,1,15,VOLKSWAGEN MODEL MISSING,3,E01001267,0,-1
2021141076764,2021,141076764,2,9,0,7,7,1,3,0,0,2,0,0,3,0,1,1,5,6,2,65,9,1390,1,14,VOLKSWAGEN MODEL MISSING,7,E01007621,0,-1
2021010342163,2021,010342163,2,9,0,8,8,5,7,0,0,4,0,0,0,0,2,1,6,6,2,26,6,1896,2,20,VOLKSWAGEN MODEL MISSING,2,E01000154,0,-1
2021451108442,2021,451108442,2,9,0,18,19,7,3,0,0,6,0,0,0,0,1,1,6,6,2,41,7,1984,1,11,VOLKSWAGEN MODEL MISSING,10,E01030355,0,-1
202163C089721,2021,63C089721,3,19,0,4,4,7,3,0,0,0,0,0,0,0,2,1,1,1,1,45,7,1598,2,9,VOLKSWAGEN MODEL MISSING,7,W01000553,0,-1
2021461071047,2021,461071047,2,9,0,17,19,1,5,0,0,0,0,0,0,0,3,1,6,6,1,79,11,1594,1,-1,VOLKSWAGEN MODEL MISSING,7,E01024273,0,-1
2021010324899,2021,010324899,1,11,0,3,3,1,5,0,0,1,0,0,0,0,1,1,1,1,1,62,9,1968,2,2,VOLKSWAGEN MODEL MISSING,5,E01003681,0,-1
2021501080101,2021,501080101,2,19,0,4,4,7,3,0,0,1,0,0,0,0,1,1,6,6,1,66,10,-1,-1,-1,VOLKSWAGEN MODEL MISSING,10,E01029265,0,-1
2021471091185,2021,471091185,2,9,0,7,7,7,1,0,0,6,0,0,0,0,1,1,5,6,1,61,9,1390,1,18,VOLKSWAGEN MODEL MISSING,9,E01031561,0,-1
2021041079259,2021,041079259,1,9,0,13,13,7,3,0,0,2,0,0,0,0,4,1,2,2,1,53,8,2967,2,16,VOLKSWAGEN MODEL MISSING,8,E01025233,0,-1
2021501062132,2021,501062132,2,9,0,9,9,1,3,0,0,3,0,0,0,0,1,1,6,6,1,31,6,2461,2,20,VOLKSWAGEN MODEL MISSING,5,E01015123,0,-1
2021430433437,2021,430433437,1,9,0,18,19,3,7,0,0,0,1,0,0,0,3,1,6,6,1,41,7,1896,2,20,VOLKSWAGEN MODEL MISSING,9,E01016682,0,-1
2021041145009,2021,041145009,1,9,0,18,19,1,5,0,0,2,0,0,0,0,4,1,6,6,3,-1,-1,1968,2,16,VOLKSWAGEN MODEL MISSING,-1,-1,0,-1
2021371071440,2021,371071440,1,10,0,5,5,1,5,0,0,0,0,0,0,0,1,1,5,6,1,76,11,2384,2,26,VOLKSWAGEN MODEL MISSING,6,E01032525,0,-1
2021041094015,2021,041094015,1,9,0,18,19,1,5,0,0,2,0,0,0,0,4,1,6,6,3,-1,-1,1968,2,16,VOLKSWAGEN MODEL MISSING,-1,-1,0,-1
2021461099988,2021,461099988,2,19,0,18,19,5,1,0,0,0,0,0,0,0,3,1,5,6,2,59,9,-1,-1,-1,VOLKSWAGEN MODEL MISSING,8,E01024810,0,-1
2021461055463,2021,461055463,3,9,0,-1,-1,-1,-1,-1,-1,-1,-1,-1,-1,0,-1,1,6,6,2,56,9,1595,1,18,VOLKSWAGEN MODEL MISSING,1,E01024666,0,-1
2021501086358,2021,501086358,1,9,0,18,19,3,7,0,0,0,1,0,0,0,1,1,5,6,2,47,8,1968,2,15,VOLKSWAGEN MODEL MISSING,1,E01015261,0,-1
2021070885072,2021,070885072,1,9,0,2,2,0,0,0,0,2,0,0,0,0,4,1,6,6,1,-1,-1,1900,2,21,VOLKSWAGEN MODEL MISSING,-1,-1,0,-1
2021421017288,2021,421017288,2,5,0,3,3,7,3,0,0,0,0,0,0,0,2,1,6,6,1,51,8,998,1,16,-1,-1,-1,0,-1
2021101112471,2021,101112471,2,5,0,9,9,4,2,0,0,1,0,0,0,0,3,1,6,6,1,35,6,998,1,18,-1,-1,-1,0,-1
2021052102811,2021,052102811,2,5,0,18,19,2,6,0,0,8,1,0,0,0,0,1,6,6,1,48,8,998,1,19,-1,1,E01007011,0,-1
2021461131575,2021,461131575,2,4,0,18,19,7,3,0,0,8,0,0,0,0,1,1,5,6,1,36,7,997,1,17,-1,3,E01024599,0,-1
2021401054777,2021,401054777,2,5,0,4,4,3,7,0,0,4,0,0,0,0,1,1,2,2,1,58,9,998,1,15,-1,2,E01015807,0,-1
2021552100897,2021,552100897,2,5,0,18,19,7,3,0,0,4,0,0,0,0,1,1,6,6,1,59,9,998,1,20,-1,5,E01019886,0,-1
2021041029526,2021,041029526,1,5,0,18,19,1,5,0,0,0,0,0,0,0,1,1,5,6,1,51,8,998,1,17,-1,3,E01025312,0,-1
2021531056621,2021,531056621,2,5,0,14,14,1,5,0,0,1,2,0,7,9,1,1,6,6,1,58,9,998,1,20,-1,7,E01022180,0,-1
2021361055704,2021,361055704,2,5,0,18,19,6,2,0,0,0,0,0,0,0,1,1,6,6,1,65,9,897,1,16,-1,6,E01026516,0,-1
2021440206955,2021,440206955,1,5,0,18,19,5,1,0,0,1,1,0,0,0,1,1,2,2,1,31,6,849,1,21,-1,9,E01032877,0,-1
2021302100517,2021,302100517,2,2,0,18,19,2,6,0,0,1,0,0,0,0,1,1,6,6,1,72,10,897,1,13,-1,8,E01029784,0,-1
2021471022055,2021,471022055,1,5,0,16,19,7,2,0,0,1,0,12,0,0,1,1,5,6,1,62,9,849,1,23,-1,8,E01021061,0,-1
2021010302917,2021,010302917,1,5,0,18,19,7,3,2,2,1,0,0,0,0,3,1,2,2,1,41,7,897,1,13,-1,4,E01000113,0,-1
2021061068626,2021,061068626,2,5,0,18,19,7,3,0,0,1,0,0,0,0,1,1,5,6,1,56,9,595,1,16,-1,4,E01005994,0,-1
2021451084472,2021,451084472,1,5,0,18,19,7,3,0,0,0,0,0,0,0,1,1,5,6,1,51,8,1200,1,21,-1,5,E01030786,0,-1
2021471093234,2021,471093234,2,17,0,9,9,7,5,0,0,8,0,0,0,0,3,1,1,1,1,30,6,6728,2,0,-1,5,E01031498,0,-1
2021201066495,2021,201066495,2,4,0,18,19,6,2,0,0,8,2,0,0,0,0,1,1,1,1,27,6,125,1,6,HONDA WW125,1,E01009124,0,-1
2021010315001,2021,010315001,1,3,0,99,99,9,9,99,99,9,9,99,9,99,9,1,6,6,2,30,6,125,1,7,HONDA WW125,2,E01001118,0,-1
2021451013795,2021,451013795,3,3,0,12,12,5,1,0,0,8,5,0,0,0,2,1,1,1,1,31,6,125,1,2,HONDA WW125,10,E01030468,0,-1
2021501028498,2021,501028498,1,4,0,13,13,1,5,0,0,1,2,10,0,0,1,1,6,6,1,34,6,125,1,6,HONDA WW125,6,E01015132,0,-1
2021010335616,2021,010335616,1,3,0,99,99,9,9,99,99,9,9,99,9,99,9,1,6,6,1,25,5,125,1,6,HONDA WW125,4,E01003919,0,-1
2021010338820,2021,010338820,2,3,0,18,19,7,3,0,0,8,0,0,0,0,3,1,6,6,1,40,7,125,1,0,HONDA WW125,2,E01003092,0,-1
2021991108523,2021,991108523,1,3,0,12,12,8,4,0,0,0,0,7,0,0,1,1,6,6,1,48,8,125,1,10,HONDA WW125,9,-1,0,-1
2021010348840,2021,010348840,1,3,0,99,99,9,9,99,99,9,9,99,9,99,1,1,1,1,1,41,7,125,1,7,HONDA WW125,3,E01001440,0,-1
2021010301716,2021,010301716,2,3,0,99,99,9,9,99,99,9,9,99,9,99,9,1,6,6,3,-1,-1,125,1,8,HONDA WW125,-1,-1,0,-1
2021010338279,2021,010338279,1,3,0,99,99,9,9,99,99,9,9,99,9,99,1,1,1,1,1,33,6,125,1,1,HONDA WW125,3,E01000510,0,-1
2021010306678,2021,010306678,1,3,0,99,99,9,9,99,99,9,9,99,9,99,1,1,6,6,1,30,6,125,1,2,HONDA WW125,1,E01002758,0,-1
2021010320992,2021,010320992,2,3,0,99,99,9,9,99,99,9,9,99,9,99,1,1,6,6,3,-1,-1,125,1,10,HONDA WW125,-1,-1,0,-1
2021010342399,2021,010342399,1,2,0,9,9,5,2,0,0,8,0,10,0,0,1,1,1,1,1,36,7,125,1,3,HONDA WW125,3,E01003405,0,-1
2021302101018,2021,302101018,2,3,0,4,4,6,2,0,0,4,0,0,0,0,3,1,1,1,1,23,5,125,1,1,HONDA WW125,7,E01013529,0,-1
2021440370717,2021,440370717,1,3,0,18,19,3,7,0,0,1,0,0,0,0,1,1,6,6,1,20,4,125,1,1,HONDA WW125,10,E01031531,0,-1
2021010346321,2021,010346321,2,3,0,18,19,1,5,2,2,1,0,0,0,0,1,1,1,1,1,21,5,125,1,1,HONDA WW125,9,E01002417,0,-1
2021522104343,2021,522104343,2,4,0,18,19,8,4,0,0,8,0,0,0,0,1,1,6,6,1,42,7,125,1,3,HONDA WW125,1,E01014605,0,-1
2021010325308,2021,010325308,1,3,0,99,99,9,9,99,99,9,9,99,9,99,1,1,6,6,1,40,7,125,1,2,HONDA WW125,4,E01002088,0,-1
2021010334862,2021,010334862,2,3,0,18,19,5,1,0,0,1,0,0,0,0,1,1,6,6,1,23,5,125,1,5,HONDA WW125,2,E01003229,0,-1
2021010304112,2021,010304112,1,3,0,99,99,9,9,99,99,9,9,99,9,99,1,1,6,6,1,21,5,125,1,1,HONDA WW125,4,E01003255,0,-1
2021622100943,2021,622100943,2,3,0,13,13,6,2,0,0,8,0,0,0,0,2,1,1,1,1,26,6,125,1,0,HONDA WW125,2,W01001862,0,-1
2021010319167,2021,010319167,2,3,0,18,19,7,3,0,0,1,0,0,0,0,1,1,6,6,1,35,6,125,1,3,HONDA WW125,-1,-1,0,-1
2021010309698,2021,010309698,1,3,0,99,99,9,9,99,99,0,9,99,9,99,9,1,6,6,1,27,6,125,1,4,HONDA WW125,2,E01000604,0,-1
2021010351121,2021,010351121,1,3,9,99,99,9,9,99,99,9,9,99,9,99,1,1,1,1,1,19,4,125,1,1,HONDA WW125,3,E01001048,0,-1
2021010300557,2021,010300557,1,3,0,18,19,1,5,0,0,8,0,0,0,0,4,1,1,1,2,22,5,125,1,2,HONDA WW125,4,E01003147,0,-1
2021010339234,2021,010339234,2,3,0,18,19,5,1,0,0,2,0,0,0,0,0,1,1,1,1,32,6,125,1,6,HONDA WW125,4,E01001146,0,-1
2021010317503,2021,010317503,1,4,0,18,19,3,7,0,0,1,0,4,0,0,1,1,6,6,1,30,6,125,1,9,HONDA WW125,7,E01003419,0,-1
2021010295229,2021,010295229,1,3,0,99,99,9,9,99,99,9,9,99,9,99,9,1,6,6,1,22,5,125,1,7,HONDA WW125,2,E01003063,0,-1
2021010327831,2021,010327831,1,3,0,18,19,4,8,0,0,0,0,0,0,0,1,1,6,6,1,31,6,125,1,5,HONDA WW125,3,E01000912,0,-1
2021010291656,2021,010291656,1,2,0,18,19,5,1,0,0,8,0,0,0,0,1,1,6,6,1,18,4,125,1,5,HONDA WW125,6,E01001235,0,-1
2021010296274,2021,010296274,1,3,0,18,19,4,8,0,0,0,0,0,0,0,1,1,2,2,1,38,7,125,1,2,HONDA WW125,1,E01033604,0,-1
2021522200968,2021,522200968,2,3,0,9,9,3,1,0,0,8,0,0,0,0,2,1,6,6,2,31,6,125,1,3,HONDA WW125,3,E01014609,0,-1
2021010312425,2021,010312425,1,3,0,14,14,5,1,0,0,0,0,0,0,0,1,1,1,1,1,23,5,125,1,1,HONDA WW125,2,E01001161,0,-1
2021010312740,2021,010312740,2,3,0,99,99,9,9,99,99,9,9,99,9,99,1,1,6,6,3,-1,-1,125,1,6,HONDA WW125,-1,-1,0,-1
2021010336576,2021,010336576,1,3,0,99,99,9,9,99,99,9,9,99,9,99,9,1,6,6,1,22,5,125,1,6,HONDA WW125,3,E01000800,0,-1
2021010344120,2021,010344120,2,2,0,14,14,4,8,0,0,1,0,0,0,0,1,1,2,2,1,29,6,125,1,10,HONDA WW125,2,E01001603,0,-1
2021010295167,2021,010295167,1,4,0,5,5,1,5,2,2,6,1,4,0,0,1,1,6,6,1,20,4,125,1,7,HONDA WW125,4,E01003919,0,-1
2021010290438,2021,010290438,1,3,0,99,99,9,9,99,99,0,9,99,9,99,2,1,6,6,1,31,6,125,1,7,HONDA WW125,2,E01004302,0,-1
2021440158795,2021,440158795,2,3,0,18,19,1,5,0,0,0,0,0,0,0,4,1,1,1,1,41,7,125,1,6,HONDA WW125,6,E01017271,0,-1
2021010309958,2021,010309958,1,4,0,18,19,3,7,0,0,0,0,0,0,0,4,1,6,6,1,34,6,125,1,5,HONDA WW125,7,E01001313,0,-1
2021010312355,2021,010312355,2,3,9,99,99,9,9,99,99,9,9,99,9,99,9,1,6,6,3,-1,-1,125,1,9,HONDA WW125,5,E01001946,0,-1
2021471125926,2021,471125926,1,3,0,18,19,1,5,0,0,1,0,0,0,0,1,1,1,1,1,33,6,125,1,5,HONDA WW125,4,E01016882,0,-1
2021421085261,2021,421085261,1,3,0,18,19,7,3,0,0,0,0,0,0,0,0,1,5,6,1,39,7,125,1,4,HONDA WW125,1,E01033207,0,-1
2021010334913,2021,010334913,1,3,0,18,19,3,7,0,0,0,1,0,0,0,2,1,1,1,1,20,4,125,1,1,HONDA WW125,4,E01004565,0,-1
2021010330456,2021,010330456,1,3,0,5,5,0,1,0,0,6,0,11,0,0,2,1,6,6,1,35,6,125,1,1,HONDA WW125,2,E01004720,0,-1
2021010287764,2021,010287764,1,2,0,18,19,7,3,0,0,0,0,0,7,0,1,1,1,1,1,38,7,125,1,4,HONDA WW125,2,E01002686,0,-1
2021010351505,2021,010351505,1,3,0,99,99,9,9,99,99,9,9,99,9,99,1,1,6,6,1,33,6,125,1,4,HONDA WW125,5,E01001381,0,-1
2021010334857,2021,010334857,2,3,3,15,15,5,1,0,0,1,0,0,0,0,1,1,1,1,1,31,6,125,1,0,HONDA WW125,5,E01001646,0,-1
2021010342795,2021,010342795,1,3,0,8,8,1,3,0,0,1,0,0,0,0,2,1,6,6,1,21,5,125,1,3,HONDA WW125,1,E01002755,0,-1
2021010349092,2021,010349092,1,3,0,18,19,6,2,0,0,8,0,0,0,0,1,1,2,2,1,37,7,125,1,1,HONDA WW125,4,E01002592,0,-1
2021010311875,2021,010311875,2,3,0,17,19,1,5,0,0,1,1,0,0,0,1,1,6,6,1,44,7,125,1,8,HONDA WW125,-1,-1,0,-1
2021010323520,2021,010323520,1,3,0,99,99,9,9,99,99,9,9,99,9,99,1,1,6,6,1,22,5,125,1,11,HONDA WW125,5,E01003312,0,-1
2021010332649,2021,010332649,1,3,0,99,99,9,9,99,99,0,9,99,9,99,1,1,6,6,1,31,6,125,1,11,HONDA WW125,3,E01002130,0,-1
2021010328773,2021,010328773,2,3,0,18,19,3,7,0,0,1,5,0,0,0,1,1,1,1,1,26,6,125,1,4,HONDA WW125,6,E01004491,0,-1