collision_index,collision_year,collision_ref_no,vehicle_reference,vehicle_type,towing_and_articulation,vehicle_manoeuvre_historic,vehicle_manoeuvre,vehicle_direction_from,vehicle_direction_to,vehicle_location_restricted_lane_historic,vehicle_location_restricted_lane,junction_location,skidding_and_overturning,hit_object_in_carriageway,vehicle_leaving_carriageway,hit_object_off_carriageway,first_point_of_impact,vehicle_left_hand_drive,journey_purpose_of_driver_historic,journey_purpose_of_driver,sex_of_driver,age_of_driver,age_band_of_driver,engine_capacity_cc,propulsion_code,age_of_vehicle,generic_make_model,driver_imd_decile,lsoa_of_driver,escooter_flag,driver_distance_banding
2021010323347,2021,010323347,1,3,0,99,99,9,9,99,99,9,9,99,9,99,9,1,6,6,1,31,6,125,1,7,HONDA WW125,3,E01005546,0,-1
2021010331975,2021,010331975,2,3,0,5,5,7,3,0,0,3,0,10,1,0,2,1,6,6,1,41,7,125,1,5,HONDA WW125,2,E01004239,0,-1
2021471117196,2021,471117196,2,3,0,4,4,8,4,0,0,2,0,0,0,0,4,1,1,1,1,47,8,125,1,3,HONDA WW125,3,E01016937,0,-1
2021201064505,2021,201064505,2,3,0,18,19,2,6,0,0,8,0,0,0,0,1,1,6,6,1,46,8,125,1,1,HONDA WW125,3,E01009660,0,-1
2021010335500,2021,010335500,1,3,0,18,19,4,8,9,9,8,0,0,1,0,4,1,6,6,1,30,6,125,1,5,HONDA WW125,5,E01001737,0,-1
2021010346537,2021,010346537,2,3,0,18,19,1,5,6,6,1,0,0,0,0,1,1,1,1,1,25,5,125,1,1,HONDA WW125,5,E01002184,0,-1
2021010338073,2021,010338073,2,3,0,14,14,3,7,0,0,8,0,0,0,0,4,1,6,6,2,20,4,125,1,3,HONDA WW125,1,E01002071,0,-1
2021010319187,2021,010319187,1,3,0,13,13,4,8,0,0,2,0,0,0,0,4,1,1,1,1,21,5,125,1,7,HONDA WW125,2,E01004083,0,-1
2021010333762,2021,010333762,2,3,0,6,6,1,1,0,0,1,0,0,0,0,4,1,6,6,1,23,5,125,1,2,HONDA WW125,3,E01000148,0,-1
2021522201618,2021,522201618,1,3,0,18,19,1,5,0,0,8,0,0,0,0,1,1,6,6,2,22,5,125,1,10,HONDA WW125,3,E01014569,0,-1
2021010338796,2021,010338796,1,3,9,18,19,7,3,99,99,9,9,99,9,99,9,1,6,6,1,29,6,125,1,5,HONDA WW125,2,E01000870,0,-1
2021010288684,2021,010288684,1,3,0,99,99,9,9,99,99,9,9,99,9,99,1,1,6,6,1,25,5,125,1,2,HONDA WW125,2,E01000998,0,-1
2021440017085,2021,440017085,2,4,0,18,19,6,2,0,0,8,0,0,0,0,1,1,1,1,1,28,6,125,1,2,HONDA WW125,3,E01022670,0,-1
2021461109899,2021,461109899,1,2,0,10,10,2,6,0,0,6,0,0,0,0,2,1,5,6,1,18,4,125,1,7,HONDA WW125,6,E01024180,0,-1
2021010337957,2021,010337957,2,3,0,18,19,3,7,0,0,0,0,0,0,0,1,1,1,1,1,20,4,125,1,4,HONDA WW125,3,E01002647,0,-1
2021010346188,2021,010346188,1,3,0,99,99,9,9,99,99,9,9,99,9,99,1,1,6,6,2,36,7,125,1,0,HONDA WW125,8,E01023576,0,-1
202134WNC3631,2021,34WNC3631,2,3,0,10,10,1,5,0,0,8,0,0,0,0,2,1,6,6,1,39,7,125,1,0,HONDA WW125,2,E01027226,0,-1
2021010340639,2021,010340639,1,3,0,99,99,9,9,99,99,9,9,99,9,99,1,1,6,6,1,24,5,125,1,0,HONDA WW125,3,E01033464,0,-1
2021010343499,2021,010343499,2,3,0,14,14,1,5,0,0,1,0,0,0,0,1,1,6,6,1,30,6,125,1,10,HONDA WW125,4,E01002643,0,-1
2021010287966,2021,010287966,1,3,0,13,13,5,1,0,0,1,0,10,0,0,4,1,1,1,1,28,6,125,1,5,HONDA WW125,2,E01003176,0,-1
2021501025799,2021,501025799,1,3,0,7,7,1,7,0,0,1,2,0,0,0,3,1,1,1,1,19,4,125,1,5,HONDA WW125,4,E01015054,0,-1
2021010352968,2021,010352968,1,3,0,99,99,9,9,99,99,9,9,99,9,99,9,1,6,6,1,19,4,125,1,5,HONDA WW125,6,E01001235,0,-1
2021430258530,2021,430258530,2,3,0,18,19,8,4,0,0,8,0,0,0,0,1,1,6,6,1,51,8,125,1,7,HONDA WW125,6,E01016482,0,-1
2021052102828,2021,052102828,1,4,0,18,19,1,5,0,0,0,1,11,0,0,1,1,1,1,1,31,6,125,1,0,HONDA WW125,1,E01006711,0,-1
2021010321436,2021,010321436,2,3,0,18,19,5,1,0,0,8,1,0,0,0,4,1,6,6,1,22,5,125,1,3,HONDA WW125,1,E01000153,0,-1
2021010311352,2021,010311352,1,3,0,9,9,5,3,0,0,1,0,0,0,0,1,1,6,6,2,23,5,125,1,5,HONDA WW125,5,E01000571,0,-1
2021010322889,2021,010322889,1,3,0,99,99,9,9,99,99,0,9,99,9,99,9,1,6,6,1,20,4,125,1,7,HONDA WW125,3,E01001003,0,-1
2021010303088,2021,010303088,1,3,0,99,99,9,9,99,99,9,9,99,9,99,9,1,6,6,1,27,6,125,1,7,HONDA WW125,2,E01003925,0,-1
2021010329742,2021,010329742,1,3,0,7,7,3,5,0,0,5,0,0,0,0,4,1,2,2,1,34,6,125,1,0,HONDA WW125,4,E01003494,0,-1
2021010349010,2021,010349010,2,3,0,99,99,9,9,99,99,9,9,99,9,99,1,1,1,1,1,36,7,125,1,2,HONDA WW125,2,E01001082,0,-1
2021451115586,2021,451115586,2,3,0,18,19,1,5,0,0,8,0,0,0,0,1,1,1,1,2,27,6,125,1,2,HONDA WW125,7,E01030410,0,-1
2021010324133,2021,010324133,1,3,0,15,15,3,7,2,2,8,0,0,1,0,1,1,6,6,1,21,5,125,1,5,HONDA WW125,1,E01004256,0,-1
2021010321832,2021,010321832,1,3,0,18,19,2,6,0,0,2,1,0,0,0,4,1,6,6,1,18,4,125,1,4,HONDA WW125,-1,-1,0,-1
2021010314764,2021,010314764,1,3,0,99,99,9,9,99,99,9,9,99,9,99,9,1,6,6,1,28,6,125,1,4,HONDA WW125,2,E01001959,0,-1
2021010351086,2021,010351086,1,3,0,99,99,9,9,99,99,9,9,99,9,99,1,1,6,6,1,21,5,125,1,11,HONDA WW125,2,E01004321,0,-1
2021010324784,2021,010324784,1,3,0,18,19,7,3,0,0,1,0,0,1,0,2,1,6,6,1,24,5,125,1,10,HONDA WW125,3,E01003716,0,-1
2021522101443,2021,522101443,2,3,0,18,19,1,5,0,0,1,0,0,0,0,1,1,6,6,1,40,7,125,1,3,HONDA WW125,-1,-1,0,-1
2021010348909,2021,010348909,1,3,0,7,7,7,1,0,0,1,0,0,0,0,2,1,6,6,1,20,4,125,1,0,HONDA WW125,1,E01000524,0,-1
2021010335761,2021,010335761,1,3,0,18,19,3,7,0,0,1,1,0,0,0,0,1,6,6,1,51,8,125,1,6,HONDA WW125,2,E01004402,0,-1
2021010318201,2021,010318201,1,3,0,99,99,9,9,99,99,9,9,99,9,99,2,1,6,6,1,26,6,125,1,6,HONDA WW125,3,E01001363,0,-1
2021010299773,2021,010299773,2,3,0,18,19,7,3,0,0,0,0,0,0,0,1,1,1,1,1,31,6,125,1,1,HONDA WW125,-1,-1,0,-1
2021451013760,2021,451013760,1,3,0,18,19,5,1,0,0,0,0,0,0,0,1,1,1,1,1,37,7,125,1,10,HONDA WW125,8,E01030384,0,-1
2021010291330,2021,010291330,2,3,0,7,7,6,1,0,0,0,0,0,0,0,1,1,6,6,3,-1,-1,125,1,5,HONDA WW125,-1,-1,0,-1
2021010295513,2021,010295513,1,3,0,18,19,5,1,0,0,0,1,0,1,2,3,1,1,1,1,35,6,125,1,5,HONDA WW125,4,E01003513,0,-1
2021010320285,2021,010320285,2,3,0,18,19,3,7,0,0,0,0,0,0,0,1,1,1,1,1,31,6,125,1,2,HONDA WW125,3,E01002079,0,-1
2021010305804,2021,010305804,1,3,0,99,99,9,9,99,99,0,9,99,9,99,9,1,6,6,2,40,7,125,1,2,HONDA WW125,7,E01002223,0,-1
2021371040881,2021,371040881,2,3,0,18,19,6,2,0,0,1,0,0,0,0,4,1,6,6,2,55,8,125,1,6,HONDA WW125,1,E01030035,0,-1
2021010314068,2021,010314068,1,3,9,99,99,9,9,99,99,9,9,99,9,99,9,1,2,2,1,32,6,125,1,9,HONDA WW125,3,E01002079,0,-1
2021010346646,2021,010346646,2,3,0,99,99,9,9,99,99,0,9,99,9,99,1,1,2,2,2,41,7,125,1,5,HONDA WW125,5,E01004482,0,-1
2021010347641,2021,010347641,2,3,0,15,15,8,4,0,0,0,0,0,0,0,4,1,6,6,1,21,5,125,1,5,HONDA WW125,6,E01002968,0,-1
2021010345296,2021,010345296,1,3,0,4,4,3,7,0,0,1,0,0,0,0,0,1,1,1,1,21,5,125,1,6,HONDA WW125,-1,-1,0,-1
2021010344236,2021,010344236,1,3,0,99,99,9,9,99,99,9,9,99,9,99,9,1,6,6,1,29,6,125,1,0,HONDA WW125,7,E01003451,0,-1
2021461013145,2021,461013145,2,3,0,18,19,1,5,0,0,2,2,0,0,0,4,1,1,1,2,47,8,125,1,3,HONDA WW125,5,E01000615,0,-1
2021010318479,2021,010318479,1,3,0,14,14,4,8,0,0,1,0,0,0,0,1,1,1,1,1,30,6,125,1,4,HONDA WW125,1,E01003045,0,-1
2021451014810,2021,451014810,1,3,0,18,19,7,3,0,0,0,1,0,0,0,1,1,2,2,1,51,8,125,1,3,HONDA WW125,1,E01001655,0,-1
2021010318166,2021,010318166,1,3,0,99,99,9,9,99,99,9,9,99,9,99,9,1,6,6,2,23,5,125,1,1,HONDA WW125,7,E01000574,0,-1
2021010292891,2021,010292891,2,3,0,18,19,2,6,0,0,1,0,0,0,0,1,1,1,1,1,29,6,125,1,2,HONDA WW125,-1,-1,0,-1
2021221030692,2021,221030692,1,3,0,18,19,5,1,0,0,8,0,0,0,0,1,1,5,6,1,35,6,125,1,2,HONDA WW125,-1,-1,0,-1
2021010341938,2021,010341938,2,3,0,9,9,5,3,1,1,8,0,0,0,0,3,1,6,6,1,23,5,125,1,7,HONDA WW125,2,E01002051,0,-1
2021461095793,2021,461095793,1,3,0,16,19,1,5,0,0,1,1,0,0,0,0,1,5,6,1,18,4,125,1,10,HONDA WW125,5,E01024494,0,-1
2021010321903,2021,010321903,1,3,0,99,99,9,9,0,0,8,0,0,0,0,1,1,6,6,1,25,5,125,1,9,HONDA WW125,3,E01003491,0,-1
2021430421884,2021,430421884,1,3,0,18,19,6,2,0,0,4,1,10,0,0,3,1,6,6,1,29,6,125,1,6,HONDA WW125,2,E01016368,0,-1
2021010308899,2021,010308899,1,3,0,99,99,9,9,99,99,0,9,99,9,99,2,1,6,6,1,37,7,125,1,1,HONDA WW125,5,E01003433,0,-1
2021010318927,2021,010318927,1,4,0,18,19,3,7,0,0,0,0,0,0,0,1,1,1,1,1,24,5,125,1,0,HONDA WW125,5,E01000302,0,-1
2021010323125,2021,010323125,2,3,0,18,19,1,5,0,0,1,0,0,0,0,1,1,1,1,1,30,6,125,1,10,HONDA WW125,2,E01002045,0,-1
2021010311274,2021,010311274,1,3,0,99,99,9,9,99,99,0,9,99,9,99,1,1,6,6,1,28,6,125,1,4,HONDA WW125,2,E01003313,0,-1
2021010328815,2021,010328815,1,3,0,13,13,7,3,0,0,1,0,0,0,0,3,1,6,6,1,19,4,125,1,3,HONDA WW125,1,E01002040,0,-1
2021010341009,2021,010341009,2,3,0,15,15,6,2,0,0,1,0,0,0,0,3,1,1,1,1,39,7,125,1,9,HONDA WW125,5,E01004517,0,-1
2021010316893,2021,010316893,1,3,0,99,99,9,9,99,99,9,9,99,9,99,1,1,6,6,1,42,7,125,1,4,HONDA WW125,4,E01000621,0,-1
2021010329960,2021,010329960,2,3,0,7,7,6,1,0,0,1,0,0,0,0,1,1,6,6,1,35,6,125,1,1,HONDA WW125,2,E01000015,0,-1
2021461103373,2021,461103373,2,3,0,15,15,4,8,0,0,0,0,0,0,0,1,1,5,6,1,21,5,125,1,1,HONDA WW125,4,E01024312,0,-1
2021622100117,2021,622100117,2,3,0,18,19,6,2,0,0,8,0,0,0,0,1,1,1,1,1,47,8,125,1,1,HONDA WW125,1,W01001699,0,-1
2021010349985,2021,010349985,1,3,0,99,99,9,9,99,99,9,0,99,9,0,9,9,2,2,2,49,8,125,1,0,HONDA WW125,1,E01001559,0,-1
2021010347635,2021,010347635,2,3,0,18,19,6,2,0,0,1,0,0,0,0,1,1,6,6,1,30,6,125,1,0,HONDA WW125,7,E01003371,0,-1
2021010340523,2021,010340523,2,3,0,13,13,5,1,0,0,1,0,0,0,0,1,1,6,6,1,39,7,125,1,5,HONDA WW125,4,E01001165,0,-1
2021010324200,2021,010324200,1,4,0,18,19,3,7,0,0,0,0,0,0,0,1,1,6,6,1,30,6,125,1,10,HONDA WW125,6,E01000575,0,-1
2021522104416,2021,522104416,1,3,0,18,19,5,8,0,0,2,0,0,0,0,3,1,6,6,1,25,5,125,1,5,HONDA WW125,1,E01033366,0,-1
2021522106119,2021,522106119,1,3,0,18,19,7,3,0,0,0,0,0,0,0,2,1,6,6,1,46,8,125,1,2,HONDA WW125,3,E01014684,0,-1
2021010350113,2021,010350113,1,3,0,15,15,2,6,0,0,1,1,0,0,0,4,1,2,2,1,27,6,125,1,7,HONDA WW125,4,E01001007,0,-1
2021010327694,2021,010327694,1,3,0,99,99,9,9,99,99,9,9,99,9,99,1,1,2,2,1,40,7,125,1,3,HONDA WW125,4,E01004617,0,-1
2021010318806,2021,010318806,2,3,0,13,13,3,7,0,0,1,0,0,0,0,1,1,1,1,1,32,6,125,1,5,HONDA WW125,6,E01004529,0,-1
2021010317145,2021,010317145,1,3,0,99,99,9,9,99,99,9,9,99,9,99,9,1,2,2,1,25,5,125,1,10,HONDA WW125,1,E01003590,0,-1
2021010299178,2021,010299178,1,3,0,15,15,1,5,0,0,2,0,0,0,0,1,1,6,6,1,20,4,125,1,5,HONDA WW125,6,E01004581,0,-1
2021461106470,2021,461106470,2,3,0,12,12,7,3,0,0,4,0,0,0,0,3,1,1,1,1,27,6,125,1,3,HONDA WW125,-1,-1,0,-1
2021010336387,2021,010336387,1,3,0,99,99,9,9,99,99,9,9,99,9,99,1,1,1,1,1,35,6,125,1,3,HONDA WW125,2,E01001877,0,-1
2021010336693,2021,010336693,2,3,0,18,19,5,1,0,0,1,0,0,0,0,1,1,1,1,1,17,4,125,1,4,HONDA WW125,4,E01004412,0,-1
2021622100502,2021,622100502,1,3,0,18,19,2,6,0,0,3,0,0,0,0,1,1,2,2,1,22,5,125,1,4,HONDA WW125,5,W01001172,0,-1
2021010350608,2021,010350608,2,3,0,3,3,1,5,0,0,1,0,0,0,0,1,1,2,2,1,32,6,125,1,1,HONDA WW125,-1,-1,0,-1
2021010325689,2021,010325689,1,3,0,18,19,1,5,0,0,1,0,0,0,0,1,1,6,6,1,21,5,125,1,0,HONDA WW125,4,E01000618,0,-1
2021010318113,2021,010318113,2,3,0,3,3,7,3,0,0,1,0,0,0,0,1,1,6,6,1,39,7,125,1,5,HONDA WW125,-1,-1,0,-1
2021201098988,2021,201098988,2,3,0,18,19,4,8,0,0,8,0,0,0,0,1,1,1,1,1,26,6,125,1,0,HONDA WW125,3,E01008953,0,-1
2021010345230,2021,010345230,1,3,0,99,99,9,9,99,99,9,9,99,9,99,9,1,6,6,1,24,5,125,1,3,HONDA WW125,4,E01002055,0,-1
2021010288279,2021,010288279,1,3,0,18,19,3,7,0,0,8,0,0,0,0,1,1,1,1,1,26,6,125,1,5,HONDA WW125,2,E01003591,0,-1
2021548468721,2021,548468721,2,3,0,18,19,5,1,0,0,8,0,0,0,0,4,1,6,6,2,37,7,125,1,1,HONDA WW125,8,E01032705,0,-1
202134WNC4561,2021,34WNC4561,2,3,0,18,19,1,5,0,0,0,0,0,0,0,2,1,6,6,1,24,5,125,1,1,HONDA WW125,7,E01027279,0,-1
2021010297427,2021,010297427,2,3,0,18,19,5,1,0,0,8,0,0,0,0,1,1,6,6,1,22,5,125,1,9,HONDA WW125,4,E01000978,0,-1
2021010338641,2021,010338641,1,3,0,99,99,9,9,99,99,9,9,99,9,99,9,1,2,2,1,21,5,125,1,7,HONDA WW125,2,E01004539,0,-1
2021010294362,2021,010294362,1,3,0,18,19,2,6,0,0,8,0,0,0,0,1,1,6,6,1,22,5,125,1,5,HONDA WW125,4,E01004612,0,-1
2021010338960,2021,010338960,2,3,0,14,14,5,1,0,0,1,0,0,0,0,1,1,6,6,1,20,4,125,1,4,HONDA WW125,5,E01001658,0,-1
2021010350266,2021,010350266,1,3,0,18,19,7,3,0,0,1,0,0,0,0,1,1,2,2,1,37,7,125,1,2,HONDA WW125,4,E01003482,0,-1
2021010315956,2021,010315956,1,4,0,99,99,9,9,99,99,0,9,99,9,99,2,1,6,6,1,33,6,125,1,0,HONDA WW125,3,E01003015,0,-1
2021010327760,2021,010327760,1,3,0,13,13,1,5,0,0,1,1,4,0,0,4,1,1,1,1,18,4,125,1,0,HONDA WW125,3,E01000128,0,-1
2021010301862,2021,010301862,1,3,0,99,99,9,9,99,99,9,9,99,9,99,1,1,6,6,2,33,6,125,1,8,HONDA WW125,7,E01004500,0,-1
2021010342615,2021,010342615,1,3,0,99,99,9,9,99,99,9,9,99,9,99,1,1,6,6,1,21,5,125,1,2,HONDA WW125,5,E01001322,0,-1
2021010317293,2021,010317293,1,3,0,7,7,2,4,0,0,1,9,0,0,99,4,1,6,6,1,24,5,125,1,1,HONDA WW125,8,E01002206,0,-1
2021010328990,2021,010328990,1,3,0,99,99,9,9,99,99,0,9,99,9,99,1,1,2,2,1,32,6,125,1,4,HONDA WW125,3,E01002521,0,-1
2021010339039,2021,010339039,1,3,0,99,99,9,9,99,99,1,0,99,9,99,9,1,2,2,2,24,5,125,1,8,HONDA WW125,3,E01001806,0,-1
2021010335603,2021,010335603,1,3,0,99,99,9,9,99,99,9,9,99,9,99,9,1,1,1,1,51,8,125,1,9,HONDA WW125,3,E01004034,0,-1
2021010342357,2021,010342357,1,3,0,15,15,4,8,0,0,1,5,0,0,0,2,1,2,2,1,29,6,125,1,0,HONDA WW125,7,E01000572,0,-1
2021010304692,2021,010304692,2,3,0,18,19,2,6,0,0,8,0,0,0,0,4,1,6,6,1,33,6,125,1,6,HONDA WW125,5,E01001895,0,-1
2021010321735,2021,010321735,2,3,0,15,15,5,1,0,0,0,1,0,0,0,1,1,2,2,1,42,7,125,1,5,HONDA WW125,3,E01004397,0,-1
2021010340736,2021,010340736,1,3,0,8,8,1,3,0,0,4,0,0,0,0,3,1,6,6,1,24,5,125,1,8,HONDA WW125,-1,-1,0,-1
2021010330520,2021,010330520,1,3,0,99,99,9,9,99,99,9,9,99,9,99,9,1,6,6,1,39,7,125,1,5,HONDA WW125,3,E01001492,0,-1
2021010347893,2021,010347893,1,4,0,5,5,6,2,0,0,1,0,0,0,0,4,1,2,2,1,22,5,125,1,3,HONDA WW125,2,E01001215,0,-1
2021522102939,2021,522102939,2,3,0,18,19,5,1,0,0,0,0,0,0,0,1,1,6,6,2,23,5,125,1,10,HONDA WW125,6,E01014677,0,-1
2021010310602,2021,010310602,2,3,0,7,7,5,8,0,0,1,0,0,0,0,2,1,6,6,1,19,4,125,1,5,HONDA WW125,3,E01004429,0,-1
2021010304994,2021,010304994,2,4,0,18,19,8,4,0,0,1,0,0,0,0,1,1,1,1,1,52,8,125,1,1,HONDA WW125,4,E01001087,0,-1
2021522100332,2021,522100332,1,5,0,5,5,7,3,0,0,0,0,0,0,0,1,1,6,6,1,17,4,125,1,1,HONDA WW125,4,E01014645,0,-1
2021010330191,2021,010330191,2,3,0,18,19,7,3,0,0,1,0,0,0,0,1,1,6,6,1,24,5,125,1,0,HONDA WW125,7,E01002578,0,-1
2021010314238,2021,010314238,1,3,0,18,19,5,1,0,0,8,0,0,0,0,1,1,6,6,1,23,5,125,1,10,HONDA WW125,6,E01002218,0,-1
2021052102114,2021,052102114,1,2,0,4,4,8,4,0,0,0,0,0,0,0,3,1,1,1,1,45,7,125,1,1,HONDA WW125,1,E01006764,0,-1
2021010297325,2021,010297325,2,3,9,99,99,9,9,99,99,9,9,99,9,99,9,9,6,6,3,-1,-1,125,1,3,HONDA WW125,-1,-1,0,-1
2021010350002,2021,010350002,1,4,0,3,3,8,4,0,0,1,0,0,0,0,3,1,1,1,1,24,5,125,1,0,HONDA WW125,1,E01003048,0,-1
2021010311542,2021,010311542,1,3,9,18,19,7,3,99,99,9,9,99,9,99,9,1,6,6,1,31,6,125,1,7,HONDA WW125,2,E01004302,0,-1
2021010315313,2021,010315313,1,3,0,99,99,9,9,99,99,9,9,99,9,99,9,1,6,6,1,31,6,125,1,3,HONDA WW125,7,E01003408,0,-1
2021010321437,2021,010321437,2,3,0,13,13,1,5,0,0,8,0,0,0,0,1,1,6,6,1,18,4,125,1,1,HONDA WW125,2,E01002784,0,-1
2021010327546,2021,010327546,1,3,9,99,99,9,9,99,99,9,9,99,9,99,9,1,6,6,2,32,6,125,1,2,HONDA WW125,3,E01001747,0,-1
2021522101758,2021,522101758,2,3,0,18,19,2,7,0,0,4,0,0,0,0,3,1,6,6,2,27,6,125,1,1,HONDA WW125,3,E01014665,0,-1
2021351119322,2021,351119322,2,3,0,18,19,-1,-1,0,0,0,0,0,0,0,1,1,5,6,1,26,6,125,1,1,HONDA WW125,3,E01017952,0,-1
2021522103198,2021,522103198,2,3,0,18,19,5,1,0,0,0,0,0,0,0,1,1,6,6,1,48,8,125,1,0,HONDA WW125,2,E01014691,0,-1
2021010337086,2021,010337086,2,3,0,18,19,5,1,0,0,1,0,0,0,0,0,1,1,1,1,26,6,125,1,6,HONDA WW125,6,E01000160,0,-1
2021522200882,2021,522200882,1,3,0,3,3,6,2,0,0,1,0,0,0,0,2,1,6,6,1,36,7,125,1,0,HONDA WW125,3,E01014731,0,-1
2021440224203,2021,440224203,1,3,0,16,19,3,7,0,0,0,0,0,0,0,1,1,6,6,1,-1,-1,125,1,10,HONDA WW125,-1,-1,0,-1
2021471024525,2021,471024525,1,3,0,18,19,1,5,0,0,1,1,0,1,1,3,1,1,1,1,27,6,125,1,2,HONDA WW125,3,E01021048,0,-1
2021010344296,2021,010344296,1,3,0,13,13,3,7,0,0,1,5,0,0,0,1,1,1,1,1,30,6,125,1,4,HONDA WW125,4,E01003608,0,-1
2021010330509,2021,010330509,1,3,0,99,99,9,9,99,99,9,9,99,9,99,9,1,6,6,1,30,6,125,1,1,HONDA WW125,1,E01000528,0,-1
2021010350580,2021,010350580,1,3,0,18,19,7,3,0,0,2,0,0,0,0,4,1,6,6,1,28,6,125,1,9,HONDA WW125,4,E01000472,0,-1
2021010351640,2021,010351640,1,3,0,18,19,1,5,0,0,0,2,0,0,0,0,1,6,6,1,30,6,125,1,5,HONDA WW125,4,E01001087,0,-1
2021421126261,2021,421126261,1,3,0,18,19,1,5,0,0,0,0,0,1,3,1,1,6,6,1,22,5,125,1,5,HONDA WW125,3,E01026740,0,-1
2021010330993,2021,010330993,1,3,0,99,99,9,9,99,99,9,9,99,9,99,9,1,1,1,1,32,6,125,1,0,HONDA WW125,4,E01001002,0,-1
2021461052458,2021,461052458,2,3,0,4,4,6,2,0,0,0,0,0,0,0,2,1,1,1,1,31,6,125,1,4,HONDA WW125,6,E01024836,0,-1
2021010319438,2021,010319438,1,3,0,99,99,9,9,99,99,9,9,99,9,99,9,1,6,6,1,26,6,125,1,1,HONDA WW125,7,E01002986,0,-1
2021010320840,2021,010320840,2,3,0,18,19,5,1,0,0,2,5,0,0,0,1,1,1,1,1,36,7,125,1,9,HONDA WW125,5,E01003359,0,-1
2021010315188,2021,010315188,2,3,0,5,5,1,5,0,0,1,1,0,0,0,1,1,6,6,1,18,4,125,1,10,HONDA WW125,4,E01033589,0,-1
2021522103945,2021,522103945,2,3,0,13,13,2,7,0,0,3,0,0,0,0,4,1,6,6,1,30,6,125,1,1,HONDA WW125,3,E01014566,0,-1
2021010298067,2021,010298067,2,3,0,9,9,8,5,0,0,1,0,0,7,0,4,1,6,6,1,23,5,125,1,1,HONDA WW125,1,E01001958,0,-1
2021221118178,2021,221118178,2,3,0,18,19,3,7,0,0,8,0,0,0,0,1,1,2,2,2,22,5,125,1,0,HONDA WW125,8,E01032320,0,-1
2021010332748,2021,010332748,1,3,0,99,99,9,9,99,99,9,9,99,9,99,1,1,1,1,1,31,6,125,1,6,HONDA WW125,3,E01015285,0,-1
2021010289193,2021,010289193,1,3,0,99,99,9,9,99,99,9,9,99,9,99,9,1,2,2,1,36,7,125,1,5,HONDA WW125,3,E01001109,0,-1
2021010315821,2021,010315821,1,3,0,99,99,9,9,99,99,9,9,99,9,99,1,1,6,6,2,23,5,125,1,1,HONDA WW125,2,E01003066,0,-1
2021010351584,2021,010351584,1,4,0,18,19,3,7,0,0,0,0,0,0,0,4,1,6,6,3,-1,-1,125,1,2,HONDA WW125,4,E01003117,0,-1
2021010288850,2021,010288850,2,3,0,4,4,3,7,0,0,8,0,0,0,0,2,1,6,6,1,47,8,125,1,2,HONDA WW125,3,E01003136,0,-1
2021461064587,2021,461064587,1,3,-1,-1,-1,-1,-1,-1,-1,0,-1,-1,-1,0,-1,1,6,6,1,-1,-1,125,1,8,HONDA WW125,-1,-1,0,-1
2021010350637,2021,010350637,1,3,0,99,99,9,9,99,99,9,9,99,9,99,1,1,6,6,2,35,6,125,1,0,HONDA WW125,2,E01001506,0,-1
2021010330307,2021,010330307,1,3,0,4,4,3,7,0,0,1,0,0,0,0,1,1,1,1,1,31,6,125,1,1,HONDA WW125,5,E01002219,0,-1
2021010303819,2021,010303819,1,3,0,99,99,9,9,99,99,9,9,99,9,99,9,1,6,6,1,20,4,125,1,7,HONDA WW125,1,E01002026,0,-1
2021010320001,2021,010320001,1,3,0,99,99,9,9,99,99,9,9,99,9,99,1,1,1,1,2,31,6,125,1,0,HONDA WW125,2,E01001553,0,-1
2021010287459,2021,010287459,1,3,0,5,5,5,1,0,0,0,0,0,0,0,1,1,1,1,1,47,8,125,1,6,HONDA WW125,2,E01003120,0,-1
2021010336937,2021,010336937,2,3,0,3,3,1,5,0,0,8,0,0,0,0,2,1,1,1,2,27,6,125,1,1,HONDA WW125,-1,-1,0,-1
2021010299780,2021,010299780,1,3,0,18,19,5,1,0,0,8,2,0,0,0,3,1,6,6,1,42,7,125,1,8,HONDA WW125,4,E01004612,0,-1
2021010339036,2021,010339036,1,3,0,16,19,5,1,0,0,1,0,0,0,0,4,1,6,6,1,31,6,125,1,10,HONDA WW125,1,E01002758,0,-1
2021010296990,2021,010296990,2,4,0,5,5,5,1,0,0,1,0,0,0,0,1,1,6,6,1,18,4,125,1,6,HONDA WW125,1,E01003047,0,-1