collision_index,collision_year,collision_ref_no,vehicle_reference,vehicle_type,towing_and_articulation,vehicle_manoeuvre_historic,vehicle_manoeuvre,vehicle_direction_from,vehicle_direction_to,vehicle_location_restricted_lane_historic,vehicle_location_restricted_lane,junction_location,skidding_and_overturning,hit_object_in_carriageway,vehicle_leaving_carriageway,hit_object_off_carriageway,first_point_of_impact,vehicle_left_hand_drive,journey_purpose_of_driver_historic,journey_purpose_of_driver,sex_of_driver,age_of_driver,age_band_of_driver,engine_capacity_cc,propulsion_code,age_of_vehicle,generic_make_model,driver_imd_decile,lsoa_of_driver,escooter_flag,driver_distance_banding
2021451070265,2021,451070265,1,3,0,18,19,3,3,0,0,0,0,0,0,0,1,1,2,2,2,33,6,125,1,2,HONDA WW125,10,E01030454,0,-1
2021010334546,2021,010334546,1,3,0,99,99,9,9,99,99,9,9,99,9,99,9,1,1,1,1,32,6,125,1,5,HONDA WW125,2,E01004024,0,-1
2021061077654,2021,061077654,1,3,0,15,15,7,3,0,0,8,5,0,0,0,1,1,6,6,1,18,4,125,1,8,HONDA WW125,-1,-1,0,-1
2021010336600,2021,010336600,2,3,0,14,14,3,7,0,0,1,0,0,0,0,4,1,1,1,1,41,7,125,1,0,HONDA WW125,4,E01000507,0,-1
2021010337731,2021,010337731,2,4,0,18,19,3,7,0,0,0,0,0,0,0,1,1,1,1,2,24,5,125,1,9,HONDA WW125,5,E01032783,0,-1
2021010311570,2021,010311570,1,3,0,9,9,7,5,0,0,8,0,0,0,0,1,1,6,6,1,27,6,125,1,6,HONDA WW125,6,E01000160,0,-1
2021461121235,2021,461121235,2,3,0,3,3,3,7,0,0,0,0,0,0,0,4,1,6,6,1,34,6,125,1,1,HONDA WW125,3,E01004212,0,-1
2021010320126,2021,010320126,1,3,9,99,99,9,9,99,99,9,9,99,9,99,0,9,6,6,2,30,6,125,1,0,HONDA WW125,2,E01001118,0,-1
2021010343640,2021,010343640,1,4,0,18,19,1,5,0,0,1,0,0,0,0,0,1,1,1,1,20,4,125,1,0,HONDA WW125,1,E01000524,0,-1
2021010323016,2021,010323016,1,3,0,99,99,9,9,99,99,9,9,99,9,99,1,1,1,1,1,33,6,125,1,3,HONDA WW125,3,E01003496,0,-1
2021010307029,2021,010307029,1,3,0,99,99,9,9,0,0,0,0,0,0,0,9,1,6,6,1,46,8,125,1,8,HONDA WW125,3,E01003145,0,-1
2021010341685,2021,010341685,2,3,0,3,3,5,1,0,0,2,0,0,0,0,1,1,1,1,1,46,8,125,1,6,HONDA WW125,3,E01001981,0,-1
2021010336124,2021,010336124,2,3,0,18,19,5,1,0,0,0,1,0,0,0,0,1,6,6,1,51,8,125,1,4,HONDA WW125,3,E01000947,0,-1
2021522103748,2021,522103748,1,3,0,13,13,8,4,0,0,8,1,0,0,0,1,1,6,6,1,22,5,125,1,3,HONDA WW125,2,E01033352,0,-1
2021010351294,2021,010351294,1,3,0,99,99,9,9,99,99,9,9,99,9,99,1,1,6,6,1,29,6,125,1,0,HONDA WW125,2,E01010403,0,-1
2021010306420,2021,010306420,1,2,0,18,19,1,5,0,0,1,0,0,0,0,4,1,2,2,1,43,7,125,1,7,HONDA WW125,5,E01001348,0,-1
2021010298626,2021,010298626,1,3,0,18,19,6,2,0,0,8,0,0,0,0,1,1,1,1,1,36,7,125,1,5,HONDA WW125,2,E01000959,0,-1
2021501067836,2021,501067836,2,3,0,13,13,7,3,0,0,8,0,0,0,0,4,1,6,6,1,28,6,125,1,0,HONDA WW125,2,E01015158,0,-1
2021010335061,2021,010335061,1,4,0,18,19,3,7,0,0,4,0,0,0,0,4,1,6,6,1,32,6,125,1,9,HONDA WW125,2,E01001722,0,-1
2021010325552,2021,010325552,2,4,0,18,19,1,5,0,0,0,5,0,0,0,1,1,6,6,1,35,6,125,1,6,HONDA WW125,-1,-1,0,-1
2021501015985,2021,501015985,2,3,0,18,19,1,5,0,0,1,0,0,0,0,0,1,6,6,1,29,6,125,1,9,HONDA WW125,1,E01015214,0,-1
2021010348016,2021,010348016,1,3,0,99,99,9,9,99,99,9,9,99,9,99,1,1,1,1,1,34,6,125,1,5,HONDA WW125,5,E01003247,0,-1
2021411124934,2021,411124934,2,3,0,8,8,7,3,0,0,1,0,0,0,0,2,1,5,6,1,24,5,125,1,4,HONDA WW125,8,E01002209,0,-1
2021010290215,2021,010290215,1,3,0,99,99,9,9,99,99,9,9,99,9,99,1,1,6,6,1,51,8,125,1,3,HONDA WW125,3,E01004259,0,-1
2021522105074,2021,522105074,1,4,0,3,3,2,6,0,0,1,0,0,0,0,1,1,6,6,1,33,6,125,1,2,HONDA WW125,2,E01014694,0,-1
2021010322164,2021,010322164,1,3,0,18,19,5,1,0,0,1,0,10,0,0,1,1,1,1,1,21,5,125,1,1,HONDA WW125,9,E01002417,0,-1
2021010323204,2021,010323204,1,3,0,13,13,5,1,0,0,8,0,0,0,0,1,1,6,6,2,18,4,125,1,1,HONDA WW125,-1,-1,0,-1
2021010338018,2021,010338018,2,3,0,13,13,5,1,0,0,1,2,0,0,0,1,1,6,6,1,34,6,125,1,2,HONDA WW125,3,E01002587,0,-1
2021201058680,2021,201058680,2,2,0,18,19,4,8,0,0,8,0,0,0,0,3,1,6,6,2,35,6,125,1,1,HONDA WW125,1,E01008923,0,-1
2021430553897,2021,430553897,2,3,0,18,19,6,2,0,0,8,1,0,0,0,4,1,1,1,1,19,4,125,1,10,HONDA WW125,6,E01016366,0,-1
2021010298482,2021,010298482,1,3,0,3,3,7,3,99,99,2,0,0,9,99,9,1,6,6,1,34,6,125,1,9,HONDA WW125,2,E01033726,0,-1
2021471020329,2021,471020329,2,3,0,4,4,1,5,0,0,2,0,0,0,0,1,1,5,6,2,31,6,125,1,7,HONDA WW125,5,E01016876,0,-1
2021010329722,2021,010329722,1,4,0,18,19,1,5,0,0,0,0,0,0,0,1,1,1,1,2,39,7,125,1,4,HONDA WW125,2,E01003509,0,-1
2021010311899,2021,010311899,1,3,0,99,99,9,9,99,99,9,9,99,9,99,9,1,2,2,1,38,7,125,1,1,HONDA WW125,6,E01001093,0,-1
2021010300098,2021,010300098,1,3,0,99,99,9,9,99,99,9,9,99,9,99,9,1,2,2,1,29,6,125,1,3,HONDA WW125,2,E01004211,0,-1
2021361042951,2021,361042951,1,4,0,18,19,4,8,0,0,0,0,12,0,0,1,1,2,2,1,49,8,125,1,1,HONDA WW125,8,E01026434,0,-1
2021010350492,2021,010350492,1,3,0,99,99,9,9,99,99,9,9,99,9,99,1,1,2,2,1,29,6,125,1,5,HONDA WW125,3,E01001175,0,-1
2021161039684,2021,161039684,2,3,0,15,15,2,6,2,2,1,1,0,0,0,3,1,6,6,1,19,4,125,1,1,HONDA WW125,4,E01012828,0,-1
2021010340407,2021,010340407,1,3,0,18,19,7,3,0,0,1,0,0,0,0,1,1,6,6,1,35,6,125,1,4,HONDA WW125,8,E01001891,0,-1
2021010315565,2021,010315565,1,3,0,18,19,1,5,0,0,1,0,0,0,0,0,1,1,1,1,20,4,125,1,2,HONDA WW125,5,E01003392,0,-1
2021010293007,2021,010293007,1,3,0,18,19,1,5,0,0,1,9,0,0,0,1,1,6,6,1,36,7,125,1,8,HONDA WW125,3,E01001589,0,-1
2021010291788,2021,010291788,1,3,0,99,99,9,9,99,99,9,9,99,9,99,9,1,6,6,2,27,6,125,1,9,HONDA WW125,2,E01003181,0,-1
2021010287831,2021,010287831,2,3,0,13,13,5,1,0,0,0,0,0,0,0,4,1,6,6,1,32,6,125,1,4,HONDA WW125,8,E01002941,0,-1
2021010320289,2021,010320289,2,4,0,18,19,5,1,0,0,8,0,0,0,0,3,1,6,6,1,19,4,125,1,10,HONDA WW125,2,E01004723,0,-1
2021010329081,2021,010329081,2,3,0,18,19,1,5,0,0,1,0,0,0,0,1,1,2,2,1,58,9,125,1,1,HONDA WW125,9,E01031588,0,-1
2021010328233,2021,010328233,1,3,0,99,99,9,9,99,99,9,9,99,9,99,2,1,1,1,1,25,5,125,1,8,HONDA WW125,3,E01003438,0,-1
2021010350041,2021,010350041,1,3,0,99,99,9,9,99,99,9,9,99,9,99,2,1,2,2,1,27,6,125,1,7,HONDA WW125,5,E01003222,0,-1
2021371113270,2021,371113270,2,3,0,18,19,7,3,0,0,8,0,0,0,0,0,1,2,2,1,26,6,125,1,4,HONDA WW125,5,E01030093,0,-1
2021010310866,2021,010310866,1,3,0,18,19,3,7,2,2,1,0,0,0,0,1,1,2,2,1,25,5,125,1,3,HONDA WW125,4,E01002869,0,-1
2021522104742,2021,522104742,2,4,0,9,9,1,7,0,0,8,0,0,0,0,1,1,6,6,1,17,4,125,1,5,HONDA WW125,1,E01014516,0,-1
2021361057107,2021,361057107,1,3,0,5,5,3,7,0,0,1,1,0,3,2,3,1,1,1,1,26,6,125,1,10,HONDA WW125,5,E01026668,0,-1
2021010315896,2021,010315896,2,3,0,15,15,5,1,4,4,1,0,0,0,0,1,1,6,6,1,34,6,125,1,2,HONDA WW125,2,E01003297,0,-1
2021010317081,2021,010317081,1,3,0,99,99,9,9,0,0,0,0,0,0,0,4,1,6,6,1,26,6,125,1,4,HONDA WW125,3,E01002559,0,-1
2021010320429,2021,010320429,1,3,0,18,19,7,3,0,0,0,0,0,0,0,0,1,6,6,1,26,6,125,1,8,HONDA WW125,3,E01000806,0,-1
2021010310332,2021,010310332,1,3,0,18,19,7,3,0,0,1,0,0,0,0,1,1,2,2,1,25,5,125,1,4,HONDA WW125,7,E01001307,0,-1
2021010324003,2021,010324003,2,3,0,13,13,7,3,0,0,1,0,0,0,0,4,1,6,6,1,29,6,125,1,2,HONDA WW125,3,E01001999,0,-1
2021010343292,2021,010343292,1,3,0,99,99,9,9,99,99,9,9,99,9,99,2,1,1,1,1,44,7,125,1,10,HONDA WW125,10,E01017868,0,-1
2021010351597,2021,010351597,1,2,0,5,5,5,1,0,0,1,1,0,0,0,1,1,1,1,1,21,5,125,1,5,HONDA WW125,7,E01000822,0,-1
2021430574707,2021,430574707,2,3,0,18,19,4,8,0,0,8,0,0,0,0,1,1,6,6,1,30,6,125,1,4,HONDA WW125,4,E01016347,0,-1
2021010300358,2021,010300358,2,4,0,18,19,5,1,0,0,1,0,0,0,0,1,1,1,1,1,20,4,125,1,2,HONDA WW125,3,E01003143,0,-1
2021010330292,2021,010330292,2,4,0,17,19,3,7,0,0,8,0,0,0,0,1,1,2,2,1,42,7,125,1,10,HONDA WW125,3,E01003081,0,-1
2021010290317,2021,010290317,2,4,0,13,13,7,3,0,0,6,0,0,0,0,1,1,1,1,1,30,6,125,1,5,HONDA WW125,3,E01003127,0,-1
2021522102603,2021,522102603,2,2,0,18,19,1,5,0,0,8,0,0,0,0,1,1,6,6,1,30,6,125,1,4,HONDA WW125,7,E01014680,0,-1
2021010315250,2021,010315250,1,3,0,99,99,9,9,99,99,9,9,99,9,99,1,1,6,6,1,49,8,125,1,5,HONDA WW125,2,E01003190,0,-1
2021010331594,2021,010331594,1,3,0,99,99,9,9,99,99,9,9,99,9,99,1,1,6,6,1,33,6,125,1,9,HONDA WW125,3,E01002079,0,-1
2021010325554,2021,010325554,1,3,0,99,99,9,9,99,99,9,9,99,9,99,2,1,2,2,1,21,5,125,1,1,HONDA WW125,3,E01002526,0,-1
2021010291555,2021,010291555,2,4,0,15,15,1,5,0,0,1,5,0,1,0,1,1,1,1,1,33,6,125,1,10,HONDA WW125,1,E01001813,0,-1
2021010314288,2021,010314288,1,3,0,99,99,9,9,99,99,9,9,99,9,99,2,1,6,6,1,28,6,125,1,6,HONDA WW125,1,E01002095,0,-1
2021170L21331,2021,170L21331,2,2,0,18,19,6,2,0,0,8,0,0,0,0,3,1,6,6,1,19,4,125,1,6,HONDA WW125,-1,-1,0,-1
2021010307413,2021,010307413,1,3,0,3,3,5,1,0,0,1,0,0,0,0,2,1,6,6,1,35,6,125,1,5,HONDA WW125,10,E01030378,0,-1
2021522100579,2021,522100579,1,3,0,3,3,5,1,0,0,8,0,0,0,0,1,1,6,6,1,34,6,125,1,4,HONDA WW125,2,E01014630,0,-1
2021010334402,2021,010334402,1,3,0,99,99,9,9,99,99,9,9,99,9,99,9,1,1,1,1,41,7,125,1,1,HONDA WW125,3,E01003374,0,-1
2021010352867,2021,010352867,1,3,0,99,99,9,9,99,99,9,9,99,9,99,9,1,2,2,1,29,6,125,1,0,HONDA WW125,1,E01000508,0,-1
2021010317718,2021,010317718,2,4,0,18,19,3,7,0,0,2,0,0,0,0,1,1,6,6,3,-1,-1,125,1,6,HONDA WW125,-1,-1,0,-1
2021471022815,2021,471022815,2,3,0,18,19,1,5,0,0,0,0,0,0,0,1,1,5,6,1,64,9,125,1,5,HONDA WW125,3,E01016937,0,-1
2021010327766,2021,010327766,1,3,0,99,99,9,9,99,99,9,9,99,9,99,1,1,2,2,1,30,6,125,1,2,HONDA WW125,5,E01000636,0,-1
2021010301376,2021,010301376,1,3,0,99,99,9,9,99,99,9,9,99,9,99,2,1,6,6,1,32,6,125,1,3,HONDA WW125,2,E01004036,0,-1
2021010348284,2021,010348284,1,3,0,18,19,3,7,0,0,0,0,4,0,0,1,1,6,6,1,18,4,125,1,6,HONDA WW125,3,E01002543,0,-1
2021010335538,2021,010335538,1,3,0,18,19,3,7,0,0,1,0,0,0,0,1,1,2,2,2,29,6,125,1,6,HONDA WW125,7,E01002927,0,-1
2021440303910,2021,440303910,1,3,0,18,19,7,3,0,0,0,0,0,1,0,1,1,1,1,1,53,8,125,1,3,HONDA WW125,3,E01032738,0,-1
2021522100341,2021,522100341,1,3,0,3,3,6,2,0,0,2,0,0,0,0,2,1,6,6,1,36,7,125,1,1,HONDA WW125,6,E01014707,0,-1
2021010322529,2021,010322529,1,3,0,17,19,5,1,0,0,1,0,0,0,0,1,1,1,1,2,30,6,125,1,1,HONDA WW125,3,E01004031,0,-1
2021010350644,2021,010350644,1,3,0,3,3,5,1,0,0,1,0,0,0,0,2,1,1,1,1,21,5,125,1,6,HONDA WW125,-1,-1,0,-1
2021010305749,2021,010305749,1,2,0,99,99,9,9,99,99,9,9,99,9,99,2,1,6,6,2,26,6,125,1,8,HONDA WW125,2,E01002051,0,-1
2021010332029,2021,010332029,1,3,0,99,99,9,9,99,99,9,9,99,9,99,1,1,1,1,1,24,5,125,1,10,HONDA WW125,3,E01000644,0,-1
2021010341372,2021,010341372,1,3,0,5,5,3,7,4,4,8,5,0,0,0,1,1,6,6,2,53,8,125,1,6,HONDA WW125,4,E01004375,0,-1
2021471028349,2021,471028349,2,3,0,3,3,1,3,0,0,0,0,0,0,0,2,1,1,1,1,36,7,125,1,1,HONDA WW125,7,E01016961,0,-1
2021010300259,2021,010300259,1,3,0,10,10,1,6,0,0,8,0,0,0,0,2,1,1,1,1,41,7,125,1,10,HONDA WW125,5,E01000607,0,-1
2021010296241,2021,010296241,1,3,0,3,3,1,5,0,0,1,0,0,0,0,1,1,1,1,1,27,6,125,1,9,HONDA WW125,9,E01001279,0,-1
2021010318868,2021,010318868,1,3,0,99,99,9,9,99,99,9,9,99,9,99,1,1,6,6,1,27,6,125,1,4,HONDA WW125,3,E01003978,0,-1
2021010323637,2021,010323637,1,4,0,15,15,1,5,0,0,1,0,10,0,0,4,1,1,1,1,52,8,125,1,3,HONDA WW125,4,E01002779,0,-1
2021010315715,2021,010315715,1,3,0,4,4,7,3,9,9,0,0,0,1,0,2,1,6,6,1,18,4,125,1,7,HONDA WW125,3,E01002400,0,-1
2021010350025,2021,010350025,1,3,0,18,19,1,5,0,0,0,0,0,0,0,1,1,1,1,1,24,5,125,1,1,HONDA WW125,6,E01003153,0,-1
2021010293726,2021,010293726,1,3,0,99,99,9,9,99,99,9,9,99,9,99,1,1,6,6,1,30,6,125,1,2,HONDA WW125,3,E01000506,0,-1
2021010304200,2021,010304200,1,3,0,99,99,9,9,99,99,0,9,99,9,99,9,1,2,2,2,25,5,125,1,6,HONDA WW125,8,E01004623,0,-1
2021010312763,2021,010312763,1,3,0,18,19,1,5,0,0,2,0,0,0,0,1,1,2,2,1,21,5,125,1,10,HONDA WW125,2,E01002080,0,-1
2021010306098,2021,010306098,2,3,0,18,19,1,5,0,0,8,0,0,0,0,4,1,1,1,1,36,7,125,1,3,HONDA WW125,5,E01004523,0,-1
2021010300603,2021,010300603,2,3,0,18,19,3,7,0,0,1,0,0,0,0,1,1,6,6,1,36,7,125,1,1,HONDA WW125,8,E01002159,0,-1
2021361120643,2021,361120643,2,3,0,18,19,5,1,0,0,1,1,0,0,0,1,1,2,2,1,50,8,125,1,6,HONDA WW125,5,E01026643,0,-1
2021522200253,2021,522200253,2,3,0,18,19,4,8,0,0,1,0,0,0,0,1,1,6,6,1,18,4,125,1,5,HONDA WW125,1,E01014653,0,-1
2021010352544,2021,010352544,1,3,0,99,99,9,9,99,99,9,9,99,9,99,9,1,1,1,1,37,7,125,1,3,HONDA WW125,4,E01003147,0,-1
2021451074062,2021,451074062,1,3,0,9,9,8,3,0,0,3,0,0,0,0,1,1,1,1,1,42,7,125,1,2,HONDA WW125,9,E01030453,0,-1
2021010333568,2021,010333568,2,4,0,5,5,5,1,0,0,1,0,0,0,0,2,1,1,1,1,27,6,125,1,0,HONDA WW125,2,E01000889,0,-1
2021010316153,2021,010316153,1,3,0,99,99,9,9,99,99,9,9,99,9,99,9,1,6,6,1,39,7,125,1,4,HONDA WW125,6,E01001619,0,-1
2021010291565,2021,010291565,1,3,0,18,19,5,1,0,0,1,0,0,0,0,1,1,6,6,1,26,6,125,1,1,HONDA WW125,5,E01004610,0,-1
2021010324301,2021,010324301,1,3,0,15,15,1,5,2,2,0,0,0,0,0,1,1,6,6,3,-1,-1,125,1,1,HONDA WW125,-1,-1,0,-1
2021010324421,2021,010324421,1,3,0,18,19,7,3,0,0,0,0,11,0,0,1,1,2,2,1,44,7,125,1,2,HONDA WW125,3,E01002070,0,-1
2021010292345,2021,010292345,1,3,0,99,99,9,9,99,99,9,9,99,9,99,9,1,6,6,1,22,5,125,1,6,HONDA WW125,2,E01003933,0,-1
2021010348582,2021,010348582,2,3,0,18,19,3,7,0,0,1,0,0,0,0,0,1,2,2,1,39,7,125,1,5,HONDA WW125,2,E01001746,0,-1
2021010295385,2021,010295385,1,2,0,18,19,3,7,0,0,0,2,0,0,0,1,1,1,1,1,35,6,125,1,4,HONDA WW125,5,E01000571,0,-1
2021461064461,2021,461064461,1,3,0,18,19,5,1,0,0,2,0,0,0,0,3,1,1,1,1,31,6,125,1,3,HONDA WW125,6,E01024130,0,-1
2021010314587,2021,010314587,2,3,0,99,99,9,9,99,99,9,9,99,9,99,9,1,2,2,2,25,5,125,1,1,HONDA WW125,4,E01000634,0,-1
2021010307662,2021,010307662,2,3,0,18,19,5,1,0,0,1,0,0,0,0,0,1,1,1,1,29,6,125,1,10,HONDA WW125,4,E01001934,0,-1
2021461122114,2021,461122114,2,3,0,18,19,2,5,0,0,3,0,0,0,0,4,1,6,6,1,28,6,125,1,8,HONDA WW125,1,E01024666,0,-1
2021010306892,2021,010306892,1,3,0,99,99,9,9,99,99,9,9,99,9,99,9,1,6,6,1,22,5,125,1,5,HONDA WW125,2,E01003128,0,-1
2021010328626,2021,010328626,1,3,0,3,3,5,1,0,0,8,9,0,0,0,2,1,1,1,2,28,6,125,1,1,HONDA WW125,3,E01004045,0,-1
2021010331319,2021,010331319,2,4,0,14,14,3,7,0,0,1,0,0,0,0,1,1,6,6,1,27,6,125,1,1,HONDA WW125,4,E01003259,0,-1
2021010329768,2021,010329768,1,3,0,18,19,7,3,0,0,1,0,0,0,0,1,1,6,6,1,-1,-1,125,1,5,HONDA WW125,9,E01003356,0,-1
2021471012335,2021,471012335,2,3,0,18,19,6,2,0,0,1,0,0,0,0,3,1,1,1,1,41,7,125,1,3,HONDA WW125,6,E01016862,0,-1
2021430129009,2021,430129009,1,3,0,18,19,6,2,0,0,2,0,0,0,0,1,1,1,1,1,35,6,125,1,1,HONDA WW125,2,E01016443,0,-1
2021010316431,2021,010316431,1,2,0,18,19,5,1,0,0,1,0,0,1,0,4,1,6,6,1,20,4,125,1,1,HONDA WW125,3,E01003533,0,-1
2021010293223,2021,010293223,1,3,0,18,19,5,1,0,0,8,5,0,0,0,1,1,6,6,1,33,6,125,1,1,HONDA WW125,1,E01004702,0,-1
2021010316608,2021,010316608,1,3,0,99,99,9,9,99,99,9,9,99,9,99,9,1,2,2,1,31,6,125,1,0,HONDA WW125,4,E01000134,0,-1
2021010325839,2021,010325839,1,3,0,18,19,7,3,0,0,1,0,0,0,0,4,1,6,6,1,39,7,125,1,0,HONDA WW125,2,E01004537,0,-1
2021010335628,2021,010335628,1,3,0,99,99,9,9,99,99,2,9,99,9,99,1,9,6,6,1,24,5,125,1,0,HONDA WW125,3,E01004328,0,-1
2021010328741,2021,010328741,1,3,0,99,99,9,9,99,99,9,9,99,9,99,2,1,2,2,2,30,6,125,1,0,HONDA WW125,4,E01004484,0,-1
2021010303820,2021,010303820,1,3,0,99,99,9,9,99,99,9,9,99,9,99,2,1,6,6,1,30,6,125,1,1,HONDA WW125,5,E01000639,0,-1
2021010291300,2021,010291300,1,3,0,18,19,5,1,0,0,0,0,10,0,0,4,1,6,6,1,37,7,125,1,1,HONDA WW125,5,E01002262,0,-1
2021461014441,2021,461014441,1,3,0,18,19,1,2,0,0,1,1,0,0,0,1,1,6,6,1,-1,-1,125,1,10,HONDA WW125,6,E01016076,0,-1
2021522106154,2021,522106154,2,2,0,4,4,5,1,0,0,0,1,0,0,0,1,1,6,6,1,40,7,125,1,4,HONDA WW125,-1,-1,0,-1
2021010301003,2021,010301003,2,3,0,18,19,1,5,0,0,8,0,0,0,0,1,1,6,6,1,31,6,125,1,4,HONDA WW125,2,E01000509,0,-1
2021010300104,2021,010300104,1,3,0,99,99,9,9,99,99,1,9,99,9,99,2,1,6,6,1,34,6,125,1,8,HONDA WW125,1,E01003487,0,-1
2021010338496,2021,010338496,2,3,0,15,15,5,1,0,0,2,0,4,0,0,3,1,6,6,1,26,6,125,1,10,HONDA WW125,2,E01002804,0,-1
2021010287940,2021,010287940,1,4,0,18,19,3,7,0,0,0,0,0,0,0,3,1,6,6,1,46,8,125,1,6,HONDA WW125,4,E01024258,0,-1
2021010325310,2021,010325310,1,3,0,99,99,9,9,99,99,0,9,99,9,99,0,9,1,1,1,35,6,125,1,1,HONDA WW125,2,E01032720,0,-1
2021010332488,2021,010332488,2,3,0,99,99,9,9,99,99,9,9,99,9,99,9,1,2,2,1,24,5,125,1,3,HONDA WW125,2,E01003120,0,-1
2021010340478,2021,010340478,1,3,0,18,19,1,5,0,0,1,0,0,0,0,1,1,6,6,1,21,5,125,1,4,HONDA WW125,2,E01004197,0,-1
2021010328085,2021,010328085,1,3,0,99,99,9,9,99,99,9,9,99,9,99,9,1,1,1,1,39,7,125,1,0,HONDA WW125,1,E01004675,0,-1
2021461122166,2021,461122166,2,3,0,18,19,3,7,0,0,0,1,0,0,0,2,1,6,6,1,39,7,125,1,4,HONDA WW125,3,E01024307,0,-1
2021010301407,2021,010301407,1,3,0,99,99,9,9,99,99,0,9,99,9,99,9,1,6,6,1,30,6,125,1,1,HONDA WW125,5,E01002660,0,-1
2021411114084,2021,411114084,2,3,0,7,7,5,3,0,0,1,1,0,0,0,4,1,6,6,1,35,6,125,1,1,HONDA WW125,6,E01023855,0,-1
2021440127906,2021,440127906,1,3,0,18,19,1,5,0,0,1,0,0,0,0,1,1,1,1,1,20,4,125,1,2,HONDA WW125,3,E01017099,0,-1
2021010289854,2021,010289854,2,3,0,18,19,1,5,4,4,8,0,0,0,0,1,1,1,1,1,29,6,125,1,7,HONDA WW125,4,E01000799,0,-1
2021010292133,2021,010292133,2,3,0,18,19,5,1,0,0,2,0,0,0,0,3,1,1,1,1,19,4,125,1,8,HONDA WW125,2,E01001553,0,-1
2021201142327,2021,201142327,2,3,0,18,19,6,2,0,0,8,0,0,0,0,1,1,6,6,3,22,5,125,1,6,HONDA WW125,2,E01010529,0,-1
2021010288201,2021,010288201,1,3,0,99,99,9,9,99,99,0,9,99,9,99,9,1,6,6,1,18,4,125,1,6,HONDA WW125,-1,-1,0,-1
2021010350177,2021,010350177,1,3,0,18,19,2,6,0,0,0,5,0,0,0,3,1,6,6,2,21,5,125,1,4,HONDA WW125,5,E01001500,0,-1
2021501083150,2021,501083150,2,3,0,18,19,6,2,0,0,1,0,0,0,0,1,1,1,1,1,36,7,125,1,5,HONDA WW125,4,E01015178,0,-1
2021131112104,2021,131112104,1,3,0,18,19,1,5,0,0,8,5,0,0,0,4,1,1,1,1,30,6,125,1,1,HONDA WW125,1,E01011673,0,-1
2021010328604,2021,010328604,2,2,0,18,19,5,1,0,0,0,0,0,0,0,1,1,1,1,1,23,5,125,1,2,HONDA WW125,4,E01033424,0,-1
2021010294345,2021,010294345,2,4,0,18,19,5,1,0,0,1,0,0,1,0,1,1,6,6,1,21,5,125,1,7,HONDA WW125,2,E01004083,0,-1
2021010323095,2021,010323095,1,3,0,13,13,3,7,0,0,0,0,10,0,0,1,1,6,6,1,30,6,125,1,0,HONDA WW125,6,E01032646,0,-1
2021451114692,2021,451114692,2,3,0,18,19,8,4,0,0,1,0,0,0,0,1,1,1,1,1,19,4,125,1,1,HONDA WW125,2,E01033000,0,-1
2021010330162,2021,010330162,1,3,9,99,99,9,9,99,99,9,9,99,9,99,9,1,6,6,2,25,5,125,1,5,HONDA WW125,2,E01033485,0,-1
2021070283554,2021,070283554,1,3,0,9,9,1,7,0,0,4,2,0,0,0,3,1,1,1,1,48,8,125,1,8,HONDA WW125,8,E01018342,0,-1
2021010301409,2021,010301409,2,3,0,18,19,1,5,0,0,1,0,0,0,0,3,1,1,1,1,35,6,125,1,4,HONDA WW125,2,E01001181,0,-1
2021010336978,2021,010336978,1,3,0,14,14,1,5,0,0,1,0,0,0,0,1,1,1,1,1,47,8,125,1,3,HONDA WW125,2,E01001114,0,-1
2021471058576,2021,471058576,2,3,0,18,19,7,3,0,0,0,0,0,0,0,4,1,6,6,1,35,6,125,1,3,HONDA WW125,3,E01016881,0,-1
2021522102354,2021,522102354,1,2,0,18,19,7,3,0,0,0,0,0,0,0,1,1,6,6,2,26,6,125,1,5,HONDA WW125,4,E01014968,0,-1
2021010307453,2021,010307453,1,3,0,5,5,0,3,0,0,6,0,0,0,0,3,1,6,6,1,28,6,125,1,3,HONDA WW125,3,E01001171,0,-1
2021010324067,2021,010324067,1,3,0,99,99,9,9,99,99,9,9,99,9,99,1,1,6,6,1,28,6,125,1,1,HONDA WW125,4,E01003560,0,-1
2021010346861,2021,010346861,1,3,0,99,99,9,9,99,99,9,9,99,9,99,1,1,1,1,1,31,6,125,1,4,HONDA WW125,1,E01002870,0,-1