collision_index,collision_year,collision_ref_no,vehicle_reference,vehicle_type,towing_and_articulation,vehicle_manoeuvre_historic,vehicle_manoeuvre,vehicle_direction_from,vehicle_direction_to,vehicle_location_restricted_lane_historic,vehicle_location_restricted_lane,junction_location,skidding_and_overturning,hit_object_in_carriageway,vehicle_leaving_carriageway,hit_object_off_carriageway,first_point_of_impact,vehicle_left_hand_drive,journey_purpose_of_driver_historic,journey_purpose_of_driver,sex_of_driver,age_of_driver,age_band_of_driver,engine_capacity_cc,propulsion_code,age_of_vehicle,generic_make_model,driver_imd_decile,lsoa_of_driver,escooter_flag,driver_distance_banding
2021010316550,2021,010316550,2,2,0,18,19,1,5,0,0,8,0,4,0,0,1,1,1,1,1,19,4,125,1,4,HONDA WW125,3,E01002649,0,-1
2021552200003,2021,552200003,2,3,0,15,15,3,7,0,0,0,0,0,0,0,1,1,1,1,1,36,7,125,1,1,HONDA WW125,4,E01015382,0,-1
2021361061364,2021,361061364,2,3,0,18,19,8,4,0,0,8,0,0,0,0,1,1,1,1,1,32,6,125,1,0,HONDA WW125,6,E01026797,0,-1
2021010335111,2021,010335111,1,3,0,99,99,9,9,99,99,9,9,99,9,99,1,1,6,6,1,24,5,125,1,10,HONDA WW125,3,E01033242,0,-1
2021010291691,2021,010291691,1,3,0,14,14,7,3,0,0,6,5,4,0,0,1,1,6,6,1,26,6,125,1,9,HONDA WW125,7,E01002121,0,-1
2021552101187,2021,552101187,2,3,0,3,3,8,4,0,0,0,0,0,0,0,1,1,6,6,1,30,6,125,1,0,HONDA WW125,3,E01015289,0,-1
2021010298848,2021,010298848,1,3,0,99,99,9,9,99,99,9,9,99,9,99,9,1,6,6,1,28,6,125,1,10,HONDA WW125,2,E01000604,0,-1
2021010335378,2021,010335378,2,3,0,99,99,9,9,0,0,9,0,0,0,0,1,1,2,2,1,25,5,125,1,10,HONDA WW125,1,E01003590,0,-1
2021010302111,2021,010302111,2,3,0,5,5,7,3,0,0,1,0,0,0,0,1,1,1,1,1,19,4,125,1,9,HONDA WW125,4,E01003767,0,-1
2021010310095,2021,010310095,1,2,0,18,19,3,7,0,0,0,0,0,0,0,3,1,1,1,1,46,8,125,1,7,HONDA WW125,4,E01023877,0,-1
2021010287880,2021,010287880,2,3,0,18,19,1,5,0,0,1,0,0,0,0,1,1,6,6,1,36,7,125,1,4,HONDA WW125,6,E01000238,0,-1
2021430548348,2021,430548348,1,3,0,13,13,2,8,0,0,8,0,0,0,0,1,1,2,2,1,28,6,125,1,7,HONDA WW125,2,E01016450,0,-1
2021552200256,2021,552200256,2,3,0,18,19,4,8,0,0,3,0,0,0,0,2,1,6,6,1,32,6,125,1,7,HONDA WW125,6,E01015331,0,-1
2021010302389,2021,010302389,1,3,0,13,13,5,1,0,0,1,0,0,0,0,3,1,6,6,1,39,7,125,1,5,HONDA WW125,2,E01003267,0,-1
2021010290308,2021,010290308,1,3,0,99,99,9,9,99,99,1,9,99,9,99,0,1,6,6,1,24,5,125,1,6,HONDA WW125,2,E01003324,0,-1
2021010347555,2021,010347555,1,3,0,99,99,9,9,99,99,0,9,99,9,99,1,1,2,2,1,24,5,125,1,3,HONDA WW125,2,E01001894,0,-1
2021010350919,2021,010350919,1,3,0,99,99,9,9,99,99,9,9,99,9,99,9,1,1,1,2,31,6,125,1,4,HONDA WW125,4,E01003740,0,-1
2021010301940,2021,010301940,1,3,0,99,99,9,9,99,99,9,9,99,9,99,9,1,6,6,1,42,7,125,1,2,HONDA WW125,4,E01000162,0,-1
2021010292085,2021,010292085,1,3,0,99,99,9,9,99,99,9,9,99,9,99,1,1,6,6,1,30,6,125,1,10,HONDA WW125,7,E01002198,0,-1
2021471083997,2021,471083997,2,3,0,18,19,6,2,0,0,1,5,0,0,0,1,1,5,6,1,19,4,125,1,6,HONDA WW125,3,E01016951,0,-1
2021131120380,2021,131120380,1,4,0,18,19,1,5,0,0,0,1,0,0,0,1,1,2,2,2,45,7,125,1,3,HONDA WW125,2,E01011251,0,-1
2021010332522,2021,010332522,1,3,0,99,99,9,9,99,99,9,9,99,9,99,9,1,2,2,1,17,4,125,1,5,HONDA WW125,1,E01004710,0,-1
2021010290437,2021,010290437,1,3,0,99,99,9,9,0,0,0,0,0,0,0,2,1,6,6,1,32,6,125,1,7,HONDA WW125,4,E01000633,0,-1
2021010319684,2021,010319684,1,3,0,9,9,3,1,0,0,6,0,0,0,0,1,1,6,6,1,20,4,125,1,3,HONDA WW125,3,E01003104,0,-1
2021010352250,2021,010352250,1,3,0,99,99,9,9,99,99,0,9,99,9,99,1,1,1,1,1,27,6,125,1,8,HONDA WW125,2,E01001001,0,-1
2021010295899,2021,010295899,2,3,0,13,13,1,5,0,0,1,0,0,0,0,1,1,6,6,1,31,6,125,1,6,HONDA WW125,2,E01003950,0,-1
2021010342644,2021,010342644,2,3,9,99,99,9,9,99,99,0,9,99,9,99,9,1,6,6,3,-1,-1,125,1,9,HONDA WW125,-1,-1,0,-1
2021010288231,2021,010288231,1,3,0,99,99,9,9,99,99,9,9,99,9,99,9,1,6,6,1,27,6,125,1,9,HONDA WW125,2,E01003063,0,-1
2021010349345,2021,010349345,1,3,0,99,99,9,9,99,99,9,9,99,9,99,9,1,6,6,1,28,6,125,1,0,HONDA WW125,9,E01001279,0,-1
2021010296044,2021,010296044,4,4,0,4,4,1,5,0,0,1,0,0,0,0,2,1,1,1,1,53,8,125,1,10,HONDA WW125,6,E01000161,0,-1
2021501036068,2021,501036068,1,3,0,5,5,5,1,2,2,4,0,0,0,0,2,1,1,1,1,36,7,125,1,9,HONDA WW125,2,E01015181,0,-1
2021010349167,2021,010349167,1,3,9,99,99,9,9,99,99,9,9,99,9,99,9,1,6,6,1,27,6,125,1,7,HONDA WW125,3,E01003146,0,-1
2021010297134,2021,010297134,2,3,0,18,19,7,3,0,0,0,5,0,0,0,1,1,6,6,1,31,6,125,1,7,HONDA WW125,2,E01002087,0,-1
2021552100989,2021,552100989,1,2,0,18,19,4,8,0,0,0,0,0,0,0,1,1,1,1,1,41,7,125,1,1,HONDA WW125,3,E01015285,0,-1
2021010305235,2021,010305235,2,3,0,99,99,9,9,99,99,9,9,99,9,99,1,1,6,6,3,-1,-1,125,1,9,HONDA WW125,-1,-1,0,-1
2021010295430,2021,010295430,3,2,0,3,3,5,1,0,0,1,0,0,0,0,2,1,6,6,1,29,6,125,1,3,HONDA WW125,3,E01033084,0,-1
2021010348092,2021,010348092,2,3,0,99,99,9,9,99,99,0,9,99,9,99,1,1,6,6,3,24,5,125,1,3,HONDA WW125,5,E01002213,0,-1
2021010346855,2021,010346855,2,3,0,18,19,5,1,0,0,1,0,10,0,0,3,1,1,1,1,28,6,125,1,2,HONDA WW125,5,E01000150,0,-1
2021010309999,2021,010309999,2,3,0,99,99,9,9,99,99,9,9,99,9,99,1,1,6,6,3,-1,-1,125,1,2,HONDA WW125,-1,-1,0,-1
2021010332615,2021,010332615,2,3,0,14,14,1,5,0,0,1,0,0,0,0,1,1,6,6,1,46,8,125,1,2,HONDA WW125,3,E01015927,0,-1
2021010351467,2021,010351467,2,3,0,99,99,9,9,99,99,9,9,99,9,99,9,1,6,6,3,-1,-1,125,1,1,HONDA WW125,2,E01000628,0,-1
2021522100975,2021,522100975,2,3,0,18,19,1,5,0,0,1,0,0,0,0,1,1,6,6,1,47,8,125,1,3,HONDA WW125,2,E01014565,0,-1
2021010301411,2021,010301411,1,3,0,99,99,9,9,99,99,9,9,99,9,99,2,1,6,6,1,26,6,125,1,6,HONDA WW125,3,E01001363,0,-1
2021010348650,2021,010348650,1,2,0,18,19,5,1,0,0,2,0,0,0,0,1,1,6,6,1,20,4,125,1,4,HONDA WW125,2,E01002087,0,-1
2021010341002,2021,010341002,1,3,0,99,99,9,9,0,0,8,2,0,0,0,1,1,1,1,1,28,6,125,1,1,HONDA WW125,7,E01000536,0,-1
2021010298399,2021,010298399,1,3,0,99,99,9,9,99,99,9,9,99,9,99,1,1,6,6,1,22,5,125,1,7,HONDA WW125,1,E01002852,0,-1
2021522104414,2021,522104414,2,4,0,18,19,5,1,0,0,8,0,0,0,0,2,1,6,6,2,33,6,125,1,2,HONDA WW125,3,E01014684,0,-1
2021010298112,2021,010298112,1,3,0,99,99,9,9,99,99,9,9,99,9,99,9,1,6,6,1,33,6,125,1,3,HONDA WW125,3,E01003602,0,-1
2021010345120,2021,010345120,1,3,0,18,19,3,7,0,0,1,0,0,0,0,1,1,1,1,1,21,5,125,1,4,HONDA WW125,9,E01001299,0,-1
2021440145071,2021,440145071,2,3,0,18,19,6,2,0,0,8,0,0,0,0,4,1,6,6,1,52,8,125,1,3,HONDA WW125,3,E01032738,0,-1
2021461080236,2021,461080236,2,3,0,18,19,8,4,0,0,0,0,0,0,0,1,1,2,2,1,26,6,125,1,0,HONDA WW125,4,E01024262,0,-1
2021010334537,2021,010334537,1,3,0,99,99,9,9,99,99,9,9,99,9,99,1,1,6,6,1,33,6,125,1,6,HONDA WW125,3,E01002079,0,-1
2021451085161,2021,451085161,1,3,0,14,14,1,5,0,0,0,0,4,0,0,1,1,6,6,1,33,6,125,1,2,HONDA WW125,10,E01030382,0,-1
2021010323355,2021,010323355,1,3,0,99,99,9,9,99,99,9,9,99,9,99,1,1,2,2,1,23,5,125,1,2,HONDA WW125,3,E01000176,0,-1
2021010313003,2021,010313003,1,3,0,18,19,5,1,0,0,1,2,0,0,0,4,1,1,1,1,50,8,125,1,10,HONDA WW125,-1,-1,0,-1
2021010291888,2021,010291888,2,3,0,9,9,4,3,0,0,8,0,0,0,0,3,1,6,6,1,32,6,125,1,9,HONDA WW125,4,E01004699,0,-1
2021440376814,2021,440376814,2,4,0,18,19,1,5,0,0,6,0,0,0,0,2,1,6,6,1,33,6,125,1,1,HONDA WW125,5,E01017152,0,-1
2021010343883,2021,010343883,2,3,0,18,19,4,8,0,0,1,0,0,0,0,1,1,6,6,1,42,7,125,1,0,HONDA WW125,4,E01000497,0,-1
2021010312235,2021,010312235,1,3,0,99,99,9,9,99,99,9,9,99,9,99,1,1,6,6,1,30,6,125,1,6,HONDA WW125,2,E01003304,0,-1
2021010293898,2021,010293898,1,3,0,99,99,9,9,99,99,0,9,99,9,99,2,1,6,6,2,38,7,125,1,1,HONDA WW125,3,E01003025,0,-1
2021421124090,2021,421124090,2,3,0,9,9,1,7,0,0,8,0,0,0,0,3,1,1,1,1,60,9,125,1,2,HONDA WW125,2,E01015839,0,-1
2021501017695,2021,501017695,1,3,0,9,9,1,5,0,0,0,0,0,0,0,0,1,2,2,1,34,6,125,1,6,HONDA WW125,5,E01020174,0,-1
2021010301825,2021,010301825,1,3,0,99,99,9,9,99,99,9,9,99,9,99,1,1,6,6,1,44,7,125,1,1,HONDA WW125,6,E01000492,0,-1
2021451101207,2021,451101207,1,3,0,4,4,1,5,0,0,0,0,0,0,0,1,1,5,6,1,43,7,125,1,2,HONDA WW125,9,E01030453,0,-1
2021010303717,2021,010303717,1,2,0,13,13,5,1,0,0,1,0,4,0,0,4,1,1,1,1,28,6,125,1,1,HONDA WW125,2,E01001777,0,-1
2021440047891,2021,440047891,1,4,0,14,14,2,6,0,0,0,1,0,0,0,0,1,6,6,1,32,6,125,1,9,HONDA WW125,4,E01017370,0,-1
2021010300873,2021,010300873,1,3,0,18,19,1,5,0,0,0,2,0,0,0,0,1,6,6,1,18,4,125,1,10,HONDA WW125,9,E01004147,0,-1
2021010317559,2021,010317559,1,3,0,15,15,5,1,0,0,0,0,0,0,0,4,1,2,2,1,28,6,125,1,2,HONDA WW125,1,E01001958,0,-1
2021421121609,2021,421121609,1,3,0,16,19,7,2,0,0,0,5,0,0,0,1,1,5,6,1,19,4,125,1,0,HONDA WW125,10,E01003745,0,-1
2021010300237,2021,010300237,2,3,0,18,19,1,5,0,0,1,1,0,0,0,1,1,1,1,1,28,6,125,1,2,HONDA WW125,2,E01004041,0,-1
2021070823936,2021,070823936,1,3,0,18,19,6,2,0,0,0,0,11,0,0,1,1,6,6,1,43,7,125,1,1,HONDA WW125,9,E01018500,0,-1
2021522101554,2021,522101554,2,3,0,18,19,2,6,0,0,8,0,0,0,0,1,1,6,6,1,59,9,125,1,3,HONDA WW125,4,E01014623,0,-1
2021451110308,2021,451110308,2,3,0,18,19,1,5,0,0,8,5,0,0,0,1,1,6,6,1,46,8,125,1,1,HONDA WW125,7,E01030402,0,-1
2021010337793,2021,010337793,2,2,0,15,15,7,3,3,2,0,5,0,0,0,1,1,1,1,1,26,6,125,1,3,HONDA WW125,2,E01001775,0,-1
2021010342678,2021,010342678,1,3,0,18,19,1,5,99,99,9,9,99,9,99,9,1,6,6,1,29,6,125,1,0,HONDA WW125,5,E01003284,0,-1
2021010315522,2021,010315522,2,2,0,18,19,5,1,0,0,8,1,0,0,0,1,1,1,1,1,42,7,125,1,10,HONDA WW125,2,E01002049,0,-1
2021010348788,2021,010348788,1,3,0,99,99,9,9,99,99,0,9,99,9,99,1,1,1,1,1,29,6,125,1,6,HONDA WW125,4,E01002487,0,-1
2021361040841,2021,361040841,1,3,0,18,19,2,6,0,0,1,0,0,1,0,4,1,1,1,1,27,6,125,1,7,HONDA WW125,1,E01026808,0,-1
2021010308486,2021,010308486,2,2,0,14,14,5,1,0,0,0,0,4,0,0,1,1,6,6,1,46,8,125,1,0,HONDA WW125,3,E01000866,0,-1
2021131124300,2021,131124300,1,3,0,5,5,2,6,0,0,0,5,0,0,0,2,1,1,1,1,32,6,125,1,2,HONDA WW125,1,E01011361,0,-1
2021010296284,2021,010296284,1,3,0,9,9,5,3,0,0,1,0,0,0,0,1,1,6,6,2,24,5,125,1,6,HONDA WW125,2,E01000223,0,-1
2021440035286,2021,440035286,2,3,0,18,19,5,1,0,0,8,0,0,0,0,1,1,6,6,1,36,7,125,1,4,HONDA WW125,3,E01017111,0,-1
2021545681621,2021,545681621,2,4,0,18,19,1,5,0,0,1,0,0,0,0,1,1,6,6,1,50,8,125,1,2,HONDA WW125,7,E01015582,0,-1
2021522104558,2021,522104558,2,3,0,18,19,8,4,2,2,8,0,0,0,0,1,1,6,6,1,22,5,125,1,1,HONDA WW125,4,E01014496,0,-1
2021411118741,2021,411118741,1,3,0,13,13,1,5,0,0,0,0,0,0,0,1,1,2,2,1,59,9,125,1,8,HONDA WW125,4,E01023955,0,-1
2021010300544,2021,010300544,1,3,0,9,9,1,7,0,0,8,9,0,0,0,2,1,6,6,1,38,7,125,1,2,HONDA WW125,5,E01001556,0,-1
2021010317732,2021,010317732,1,3,0,5,5,3,7,0,0,6,0,0,0,0,1,1,6,6,1,21,5,125,1,0,HONDA WW125,2,E01004260,0,-1
2021010299675,2021,010299675,2,3,0,9,9,3,1,0,0,5,0,0,0,0,4,1,2,2,1,36,7,125,1,6,HONDA WW125,1,E01004301,0,-1
2021010313367,2021,010313367,1,3,0,18,19,3,7,0,0,2,0,0,0,0,1,1,6,6,2,30,6,125,1,5,HONDA WW125,-1,-1,0,-1
2021010314007,2021,010314007,2,3,0,18,19,3,7,0,0,1,0,4,0,0,4,1,6,6,1,26,6,125,1,4,HONDA WW125,3,E01003491,0,-1
2021010298667,2021,010298667,1,3,0,99,99,9,9,99,99,9,9,99,9,99,1,1,6,6,1,32,6,125,1,1,HONDA WW125,5,E01001277,0,-1
2021010321043,2021,010321043,2,3,0,18,19,3,7,0,0,8,0,0,8,11,4,1,6,6,1,21,5,125,1,1,HONDA WW125,-1,-1,0,-1
2021010310782,2021,010310782,1,3,0,18,19,7,3,0,0,3,0,0,0,0,2,1,6,6,1,49,8,125,1,2,HONDA WW125,-1,-1,0,-1
2021010340938,2021,010340938,1,3,0,16,19,5,1,0,0,0,2,10,7,11,3,1,6,6,1,34,6,125,1,3,HONDA WW125,5,E01000519,0,-1
2021010336237,2021,010336237,1,3,0,99,99,9,9,99,99,9,9,99,9,99,1,9,6,6,3,-1,-1,125,1,1,HONDA WW125,-1,-1,0,-1
2021010301774,2021,010301774,2,3,0,99,99,9,9,99,99,0,9,99,9,99,1,1,6,6,1,39,7,125,1,1,HONDA WW125,6,E01000576,0,-1
2021010296829,2021,010296829,1,3,0,18,19,7,3,99,99,9,9,99,0,0,9,1,2,2,1,39,7,125,1,8,HONDA WW125,4,E01000676,0,-1
2021010308823,2021,010308823,1,3,9,99,99,9,9,99,99,9,9,99,9,99,1,1,6,6,1,35,6,125,1,7,HONDA WW125,5,E01003058,0,-1
2021010345834,2021,010345834,1,4,0,3,3,3,7,0,0,8,0,0,0,0,2,1,1,1,1,32,6,125,1,5,HONDA WW125,5,E01001232,0,-1
2021501020559,2021,501020559,1,3,0,18,19,7,3,0,0,0,0,0,0,0,1,1,1,1,1,57,9,125,1,1,HONDA WW125,6,E01019893,0,-1
2021010320182,2021,010320182,1,3,0,18,19,1,5,0,0,8,9,0,0,0,4,1,2,2,1,57,9,125,1,0,HONDA WW125,-1,-1,0,-1
2021010347177,2021,010347177,2,3,0,18,19,2,6,0,0,2,5,10,0,0,2,1,2,2,1,43,7,125,1,9,HONDA WW125,1,E01001781,0,-1
2021622100317,2021,622100317,2,3,0,18,19,8,4,0,0,8,0,0,0,0,1,1,1,1,1,22,5,125,1,1,HONDA WW125,1,W01001871,0,-1
2021010315749,2021,010315749,1,3,0,99,99,9,9,99,99,9,9,99,9,99,9,1,6,6,1,36,7,125,1,0,HONDA WW125,3,E01003141,0,-1
2021010311793,2021,010311793,2,3,0,18,19,5,1,0,0,1,1,0,0,0,4,1,6,6,1,47,8,125,1,10,HONDA WW125,5,E01003131,0,-1
2021010302847,2021,010302847,1,3,0,99,99,9,9,99,99,9,9,99,9,99,9,1,6,6,1,34,6,125,1,6,HONDA WW125,4,E01001174,0,-1
2021010351899,2021,010351899,1,3,0,12,12,5,1,0,0,1,0,7,0,0,1,1,6,6,1,47,8,125,1,1,HONDA WW125,2,E01003125,0,-1
2021010290604,2021,010290604,1,3,0,99,99,9,9,99,99,0,9,99,9,99,9,9,6,6,1,44,7,125,1,2,HONDA WW125,3,E01003589,0,-1
2021010338213,2021,010338213,1,3,0,99,99,9,9,99,99,0,9,99,9,99,2,1,6,6,1,28,6,125,1,7,HONDA WW125,3,E01001807,0,-1
2021522200688,2021,522200688,1,3,0,18,19,8,4,0,0,8,1,0,0,0,0,1,6,6,1,59,9,125,1,5,HONDA WW125,6,E01014952,0,-1
2021010322136,2021,010322136,1,3,0,18,19,7,3,0,0,8,0,0,0,0,3,1,6,6,1,51,8,125,1,4,HONDA WW125,3,E01003960,0,-1
2021010307450,2021,010307450,2,3,0,18,19,5,1,0,0,1,0,0,0,0,1,1,6,6,1,30,6,125,1,1,HONDA WW125,4,E01002131,0,-1
2021010307286,2021,010307286,1,3,0,99,99,9,9,99,99,9,9,99,9,99,1,1,2,2,1,34,6,125,1,10,HONDA WW125,5,E01003247,0,-1
2021010309178,2021,010309178,1,3,0,99,99,9,9,99,99,0,9,99,9,99,1,1,6,6,1,27,6,125,1,7,HONDA WW125,4,E01003308,0,-1
2021010352069,2021,010352069,1,3,0,18,19,5,1,0,0,1,0,0,0,0,1,1,6,6,1,32,6,125,1,4,HONDA WW125,4,E01030304,0,-1
2021010303738,2021,010303738,1,3,0,3,3,5,1,0,0,0,0,0,0,0,2,1,6,6,1,21,5,125,1,4,HONDA WW125,4,E01003715,0,-1
2021361042628,2021,361042628,2,3,0,18,19,5,1,0,0,8,0,0,0,0,1,1,1,1,1,28,6,125,1,2,HONDA WW125,3,E01026632,0,-1
2021010322190,2021,010322190,2,3,0,9,9,7,6,0,0,6,0,0,0,0,4,1,6,6,1,48,8,125,1,1,HONDA WW125,1,E01002067,0,-1
2021010348099,2021,010348099,1,3,0,18,19,3,7,0,0,0,0,0,0,0,4,1,6,6,1,23,5,125,1,0,HONDA WW125,6,E01002126,0,-1
2021010316098,2021,010316098,2,3,0,10,10,3,1,0,0,8,0,0,0,0,2,1,6,6,1,33,6,125,1,6,HONDA WW125,3,E01004536,0,-1
2021010336656,2021,010336656,1,3,0,99,99,9,9,0,0,8,0,0,0,0,1,1,6,6,1,43,7,125,1,1,HONDA WW125,9,E01003908,0,-1
2021010314519,2021,010314519,1,3,0,9,9,1,6,0,0,9,0,0,0,0,4,1,6,6,3,-1,-1,125,1,2,HONDA WW125,-1,-1,0,-1
2021010305349,2021,010305349,1,3,0,99,99,9,9,99,99,9,9,99,9,99,1,1,6,6,1,33,6,125,1,10,HONDA WW125,3,E01004208,0,-1
2021010302383,2021,010302383,1,3,0,99,99,9,9,99,99,0,9,99,9,99,9,1,6,6,1,42,7,125,1,9,HONDA WW125,4,E01000923,0,-1
2021461077597,2021,461077597,2,3,0,5,5,6,2,0,0,0,0,0,0,0,4,1,6,6,1,34,6,125,1,9,HONDA WW125,5,E01024122,0,-1
2021522100238,2021,522100238,1,3,0,18,19,6,2,0,0,8,0,0,0,0,3,1,6,6,1,39,7,125,1,3,HONDA WW125,10,E01014995,0,-1
2021010322989,2021,010322989,2,3,9,99,99,9,9,99,99,9,9,99,9,99,9,1,6,6,3,-1,-1,125,1,7,HONDA WW125,-1,-1,0,-1
2021010312985,2021,010312985,1,3,0,5,5,6,2,0,0,1,0,0,0,0,3,1,1,1,1,31,6,125,1,4,HONDA WW125,8,E01023576,0,-1
2021010298524,2021,010298524,1,3,0,18,19,7,3,0,0,1,9,0,0,99,1,1,2,2,1,38,7,125,1,4,HONDA WW125,5,E01001914,0,-1
2021010313890,2021,010313890,2,3,0,18,19,1,5,0,0,1,0,0,0,0,1,1,1,1,1,25,5,125,1,2,HONDA WW125,2,E01004271,0,-1
2021010320167,2021,010320167,1,3,0,99,99,9,9,0,0,9,0,99,9,0,9,1,6,6,1,29,6,125,1,7,HONDA WW125,-1,-1,0,-1
2021010311603,2021,010311603,2,4,0,14,14,4,8,0,0,1,0,0,0,0,4,1,6,6,1,30,6,125,1,5,HONDA WW125,3,E01000742,0,-1
2021010308738,2021,010308738,1,3,0,18,19,5,1,0,0,8,0,0,0,0,0,1,1,1,1,35,6,125,1,4,HONDA WW125,4,E01001241,0,-1
2021010293431,2021,010293431,2,3,0,18,19,3,7,0,0,0,0,0,0,0,1,1,6,6,3,-1,-1,125,1,3,HONDA WW125,-1,-1,0,-1
2021010351471,2021,010351471,2,3,0,15,15,5,1,0,0,2,0,0,0,0,1,1,2,2,1,25,5,125,1,4,HONDA WW125,-1,-1,0,-1
2021010328740,2021,010328740,1,3,0,99,99,9,9,99,99,9,9,99,9,99,1,1,1,1,1,36,7,125,1,3,HONDA WW125,10,E01030392,0,-1
2021010349239,2021,010349239,1,3,0,99,99,9,9,99,99,9,9,99,9,99,9,1,1,1,1,35,6,125,1,4,HONDA WW125,5,E01003140,0,-1
2021010343270,2021,010343270,1,3,0,99,99,9,9,99,99,9,9,99,9,99,1,1,6,6,1,35,6,125,1,1,HONDA WW125,3,E01016358,0,-1
2021451056991,2021,451056991,2,3,0,18,19,1,5,0,0,1,0,0,0,0,1,1,1,1,1,26,6,125,1,0,HONDA WW125,8,E01030450,0,-1
2021010328659,2021,010328659,2,3,0,18,19,4,8,0,0,8,0,0,0,0,1,1,6,6,1,28,6,125,1,2,HONDA WW125,2,E01004539,0,-1
2021010331878,2021,010331878,2,2,0,1,1,5,1,0,0,0,5,0,0,0,2,1,6,6,1,19,4,125,1,4,HONDA WW125,2,E01004570,0,-1
2021522102714,2021,522102714,1,2,0,18,19,7,3,0,0,8,0,0,0,0,1,1,6,6,2,28,6,125,1,5,HONDA WW125,4,E01014675,0,-1
2021031075028,2021,031075028,1,3,0,18,19,2,6,0,0,8,0,0,0,0,1,1,2,2,1,32,6,125,1,8,HONDA WW125,6,E01019189,0,-1
2021440281083,2021,440281083,1,3,0,14,14,8,4,0,0,1,0,0,0,0,1,1,6,6,1,35,6,125,1,4,HONDA WW125,4,E01017122,0,-1
2021302102024,2021,302102024,2,3,0,18,19,4,8,0,0,0,1,0,0,0,1,1,1,1,1,34,6,125,1,1,HONDA WW125,1,E01013484,0,-1
2021471017804,2021,471017804,1,3,0,18,19,3,7,0,0,1,0,0,0,0,1,1,5,6,1,33,6,125,1,8,HONDA WW125,3,E01016952,0,-1
2021546951621,2021,546951621,1,3,0,18,19,4,8,0,0,0,0,4,0,0,1,1,1,1,1,25,5,125,1,0,HONDA WW125,8,E01015552,0,-1
2021010319095,2021,010319095,2,3,0,13,13,3,7,0,0,1,0,0,0,0,1,1,2,2,1,21,5,125,1,5,HONDA WW125,3,E01003104,0,-1
2021522101798,2021,522101798,1,2,0,18,19,7,3,0,0,8,0,0,0,0,1,1,6,6,1,38,7,125,1,4,HONDA WW125,3,E01014684,0,-1
2021351064623,2021,351064623,1,3,0,18,19,5,1,0,0,0,5,10,0,0,3,1,2,2,1,30,6,125,1,1,HONDA WW125,9,E01018254,0,-1
2021010324102,2021,010324102,1,3,0,99,99,9,9,99,99,9,9,99,9,99,9,1,6,6,1,34,6,125,1,3,HONDA WW125,2,E01004306,0,-1
2021010347444,2021,010347444,2,3,0,4,4,5,1,0,0,1,1,0,0,0,2,1,6,6,1,24,5,125,1,7,HONDA WW125,4,E01002642,0,-1
2021101029627,2021,101029627,1,3,-1,-1,-1,-1,-1,0,0,-1,0,0,0,0,2,1,6,6,1,31,6,125,1,2,HONDA WW125,4,E01027524,0,-1
2021010299325,2021,010299325,2,3,0,15,15,5,1,0,0,1,5,7,1,1,0,1,6,6,1,41,7,125,1,1,HONDA WW125,6,E01004491,0,-1
2021411094907,2021,411094907,2,3,0,5,5,5,1,0,0,4,0,0,0,0,2,1,1,1,1,24,5,125,1,0,HONDA WW125,4,E01023783,0,-1
2021440470639,2021,440470639,2,4,0,18,19,6,2,0,0,8,0,0,0,0,1,1,2,2,1,56,9,125,1,4,HONDA WW125,7,E01023185,0,-1
2021361026415,2021,361026415,2,3,0,18,19,1,5,0,0,1,0,0,0,0,1,1,5,6,1,30,6,125,1,1,HONDA WW125,8,E01026450,0,-1
2021010337191,2021,010337191,1,3,0,18,19,5,1,0,0,1,1,0,0,0,1,1,6,6,1,19,4,125,1,10,HONDA WW125,2,E01001351,0,-1
2021101131339,2021,101131339,2,3,0,18,19,3,7,0,0,1,1,4,0,0,1,1,1,1,1,24,5,125,1,6,HONDA WW125,1,E01008333,0,-1
2021430134660,2021,430134660,1,3,0,16,19,4,8,0,0,8,0,7,0,0,1,1,6,6,1,36,7,125,1,7,HONDA WW125,8,E01028742,0,-1
2021430432062,2021,430432062,1,2,0,18,19,4,8,0,0,0,0,12,0,0,1,1,1,1,1,21,5,125,1,4,HONDA WW125,9,E01002421,0,-1