collision_index,collision_year,collision_ref_no,vehicle_reference,vehicle_type,towing_and_articulation,vehicle_manoeuvre_historic,vehicle_manoeuvre,vehicle_direction_from,vehicle_direction_to,vehicle_location_restricted_lane_historic,vehicle_location_restricted_lane,junction_location,skidding_and_overturning,hit_object_in_carriageway,vehicle_leaving_carriageway,hit_object_off_carriageway,first_point_of_impact,vehicle_left_hand_drive,journey_purpose_of_driver_historic,journey_purpose_of_driver,sex_of_driver,age_of_driver,age_band_of_driver,engine_capacity_cc,propulsion_code,age_of_vehicle,generic_make_model,driver_imd_decile,lsoa_of_driver,escooter_flag,driver_distance_banding
2021548844821,2021,548844821,2,3,0,18,19,1,5,0,0,1,0,0,0,0,4,1,1,1,1,32,6,125,1,1,HONDA WW125,8,E01015536,0,-1
2021010307619,2021,010307619,1,3,0,13,13,7,3,0,0,8,0,0,0,0,4,1,1,1,1,37,7,125,1,2,HONDA WW125,2,E01004467,0,-1
2021010296143,2021,010296143,1,3,0,99,99,9,9,99,99,9,9,99,9,99,1,1,2,2,1,35,6,125,1,9,HONDA WW125,5,E01001095,0,-1
2021010330334,2021,010330334,2,3,0,12,12,7,3,0,0,0,0,0,0,0,1,1,6,6,1,36,7,125,1,2,HONDA WW125,5,E01000243,0,-1
2021010299078,2021,010299078,2,3,0,18,19,5,1,0,0,2,0,0,0,0,1,1,6,6,1,16,4,125,1,4,HONDA WW125,6,E01001853,0,-1
2021010297145,2021,010297145,2,3,0,4,4,5,1,0,0,8,0,0,0,0,1,1,1,1,1,23,5,125,1,1,HONDA WW125,5,E01001277,0,-1
2021010322841,2021,010322841,1,3,0,99,99,9,9,99,99,9,9,99,9,99,1,1,1,1,1,29,6,125,1,10,HONDA WW125,4,E01001934,0,-1
2021010319340,2021,010319340,2,3,5,9,9,5,3,9,9,5,0,8,0,0,1,1,6,6,1,18,4,125,1,1,HONDA WW125,3,E01003286,0,-1
2021010291650,2021,010291650,1,2,0,18,19,3,7,0,0,0,2,0,0,0,1,1,6,6,1,36,7,125,1,11,HONDA WW125,7,E01000241,0,-1
2021010323784,2021,010323784,1,3,0,99,99,9,9,99,99,0,9,99,9,99,9,1,1,1,1,26,6,125,1,1,HONDA WW125,5,E01004616,0,-1
2021010302850,2021,010302850,2,3,0,13,13,1,5,0,0,1,1,0,0,0,0,1,6,6,1,33,6,125,1,7,HONDA WW125,5,E01000299,0,-1
2021010309211,2021,010309211,1,3,0,99,99,9,9,99,99,9,9,99,9,99,9,1,2,2,1,23,5,125,1,6,HONDA WW125,7,E01003451,0,-1
2021010322375,2021,010322375,1,3,0,99,99,9,9,99,99,9,9,99,9,99,1,1,1,1,1,32,6,125,1,8,HONDA WW125,7,E01004510,0,-1
2021010312740,2021,010312740,1,3,0,99,99,9,9,99,99,9,9,99,9,99,9,1,6,6,1,29,6,125,1,0,HONDA WW125,2,E01003063,0,-1
2021010297585,2021,010297585,1,3,0,5,5,0,6,0,0,4,0,0,0,0,2,1,6,6,1,23,5,125,1,1,HONDA WW125,7,E01002182,0,-1
2021010336069,2021,010336069,2,3,0,5,5,7,3,0,0,4,0,0,0,0,1,1,1,1,1,48,8,125,1,0,HONDA WW125,4,E01001150,0,-1
2021010309725,2021,010309725,1,3,0,99,99,9,9,99,99,9,9,99,9,99,2,1,6,6,1,34,6,125,1,2,HONDA WW125,7,E01001534,0,-1
2021010300348,2021,010300348,1,3,0,99,99,9,9,99,99,0,9,99,9,99,2,1,6,6,1,33,6,125,1,7,HONDA WW125,3,E01004426,0,-1
2021522100505,2021,522100505,2,2,0,11,11,1,3,0,0,8,0,0,0,0,1,1,6,6,2,25,5,125,1,7,HONDA WW125,10,E01014767,0,-1
2021010294864,2021,010294864,2,3,0,18,19,5,1,0,0,8,0,0,0,0,3,1,6,6,1,36,7,125,1,1,HONDA WW125,-1,-1,0,-1
2021010288621,2021,010288621,1,3,0,5,5,0,1,0,0,2,0,0,0,0,4,1,1,1,1,47,8,125,1,1,HONDA WW125,10,E01003747,0,-1
2021501113009,2021,501113009,2,3,0,18,19,4,8,0,0,0,5,0,0,0,1,1,1,1,1,32,6,125,1,3,HONDA WW125,6,E01015049,0,-1
2021010313618,2021,010313618,2,3,0,18,19,8,4,0,0,5,0,0,0,0,1,1,1,1,1,29,6,125,1,2,HONDA WW125,6,E01001258,0,-1
2021421055171,2021,421055171,2,3,0,18,19,1,5,0,0,4,2,0,0,0,2,1,6,6,1,44,7,125,1,2,HONDA WW125,4,E01015831,0,-1
2021010319174,2021,010319174,1,3,0,18,19,1,5,0,0,8,0,0,0,0,4,1,6,6,1,30,6,125,1,1,HONDA WW125,8,E01000200,0,-1
2021010331526,2021,010331526,1,3,0,18,19,1,5,0,0,8,0,0,0,0,1,1,1,1,1,34,6,125,1,2,HONDA WW125,7,E01000118,0,-1
2021010316360,2021,010316360,1,3,0,4,4,5,1,3,2,1,0,0,0,0,3,1,6,6,1,25,5,125,1,6,HONDA WW125,2,E01003336,0,-1
2021440040596,2021,440040596,2,3,0,18,19,7,3,0,0,8,0,0,0,0,1,1,2,2,1,27,6,125,1,5,HONDA WW125,3,E01017189,0,-1
2021010349571,2021,010349571,1,3,0,99,99,9,9,99,99,9,9,99,9,99,1,1,6,6,1,45,7,125,1,8,HONDA WW125,6,E01001665,0,-1
2021010336436,2021,010336436,1,4,0,18,19,3,7,0,0,1,0,10,0,0,4,1,1,1,2,39,7,125,1,7,HONDA WW125,2,E01001447,0,-1
2021010336247,2021,010336247,1,3,0,99,99,9,9,99,99,9,9,99,9,99,2,1,6,6,1,28,6,125,1,4,HONDA WW125,3,E01004039,0,-1
2021010293287,2021,010293287,1,3,0,99,99,9,9,99,99,0,9,99,9,99,9,1,6,6,1,22,5,125,1,3,HONDA WW125,4,E01001939,0,-1
2021010304612,2021,010304612,2,3,0,18,19,3,7,0,0,1,0,0,0,0,1,1,2,2,1,42,7,125,1,1,HONDA WW125,8,E01001133,0,-1
2021010297176,2021,010297176,1,3,0,99,99,9,9,99,99,9,9,99,9,99,9,1,6,6,2,29,6,125,1,9,HONDA WW125,3,E01002052,0,-1
2021010288232,2021,010288232,1,3,0,99,99,9,9,99,99,9,9,99,9,99,9,1,6,6,1,40,7,125,1,6,HONDA WW125,2,E01004060,0,-1
2021010324713,2021,010324713,1,3,0,18,19,1,5,0,0,1,0,0,0,0,1,1,1,1,1,40,7,125,1,5,HONDA WW125,3,E01002043,0,-1
2021010288170,2021,010288170,2,3,0,5,5,1,5,0,0,2,0,0,0,0,1,1,1,1,1,27,6,125,1,8,HONDA WW125,2,E01004392,0,-1
2021010316749,2021,010316749,1,3,0,8,8,5,8,0,0,2,0,0,0,0,3,1,6,6,1,32,6,125,1,8,HONDA WW125,3,E01002085,0,-1
2021991067660,2021,991067660,2,3,0,4,4,3,7,0,0,1,0,0,0,0,2,1,6,6,1,43,7,125,1,0,HONDA WW125,2,-1,0,-1
2021010323073,2021,010323073,2,3,0,18,19,5,1,0,0,1,0,0,0,0,4,1,6,6,1,26,6,125,1,6,HONDA WW125,5,E01003663,0,-1
2021010303827,2021,010303827,2,3,0,7,7,1,3,0,0,2,0,0,0,0,1,1,1,1,2,33,6,125,1,1,HONDA WW125,4,E01001459,0,-1
2021451103229,2021,451103229,2,3,0,18,19,1,5,0,0,1,0,0,0,0,1,1,2,2,2,20,4,125,1,0,HONDA WW125,8,E01030474,0,-1
2021010315154,2021,010315154,1,3,0,18,19,5,1,0,0,1,0,0,0,0,1,1,6,6,1,21,5,125,1,5,HONDA WW125,6,E01000069,0,-1
2021010335762,2021,010335762,1,3,0,99,99,9,9,99,99,9,9,99,9,99,9,1,6,6,1,43,7,125,1,8,HONDA WW125,2,E01033146,0,-1
2021010313107,2021,010313107,1,4,0,5,5,1,5,0,0,1,0,0,0,0,2,1,6,6,2,23,5,125,1,5,HONDA WW125,3,E01002048,0,-1
2021471108549,2021,471108549,1,3,0,13,13,3,7,0,0,2,0,0,0,0,1,1,5,6,1,32,6,125,1,7,HONDA WW125,5,E01016876,0,-1
2021010324850,2021,010324850,1,3,0,3,3,3,7,0,0,8,9,0,0,0,1,9,6,6,1,39,7,125,1,1,HONDA WW125,3,E01004037,0,-1
2021010314999,2021,010314999,1,3,0,18,19,6,2,0,0,1,0,0,0,0,1,1,2,2,1,31,6,125,1,2,HONDA WW125,5,E01000450,0,-1
2021010338192,2021,010338192,1,3,0,99,99,9,9,99,99,9,9,99,9,99,1,1,6,6,1,25,5,125,1,0,HONDA WW125,1,E01000524,0,-1
2021010304693,2021,010304693,1,3,0,99,99,9,9,99,99,9,9,99,9,99,1,1,6,6,1,31,6,125,1,10,HONDA WW125,2,E01002003,0,-1
2021461049902,2021,461049902,2,3,0,18,19,3,7,0,0,1,0,0,0,0,4,1,1,1,1,34,6,125,1,5,HONDA WW125,3,E01024182,0,-1
2021010293095,2021,010293095,1,3,0,18,19,1,5,0,0,6,0,0,0,0,4,1,1,1,1,31,6,125,1,3,HONDA WW125,3,E01003145,0,-1
2021010305829,2021,010305829,1,3,0,99,99,9,9,99,99,9,9,99,9,99,2,1,6,6,1,20,4,125,1,7,HONDA WW125,1,E01002026,0,-1
2021010349234,2021,010349234,1,3,0,99,99,9,9,99,99,9,9,99,9,99,1,1,1,1,1,36,7,125,1,5,HONDA WW125,4,E01032766,0,-1
2021010321247,2021,010321247,1,3,0,11,11,7,3,0,0,5,0,0,0,0,3,1,6,6,1,26,6,125,1,3,HONDA WW125,-1,-1,0,-1
2021010339701,2021,010339701,2,3,0,18,19,5,1,0,0,1,0,4,0,0,1,1,1,1,1,25,5,125,1,8,HONDA WW125,3,E01001673,0,-1
2021991070378,2021,991070378,1,3,0,14,14,2,7,0,0,1,0,0,0,0,4,1,2,2,2,23,5,125,1,9,HONDA WW125,8,-1,0,-1
2021010321189,2021,010321189,1,3,0,14,14,1,5,0,0,1,0,0,0,0,4,1,1,1,1,23,5,125,1,2,HONDA WW125,1,E01002751,0,-1
2021522105466,2021,522105466,1,3,0,3,3,2,6,0,0,0,0,0,0,0,1,1,6,6,1,37,7,125,1,1,HONDA WW125,6,E01014707,0,-1
2021010341841,2021,010341841,1,3,0,99,99,9,9,99,99,9,9,99,9,99,1,1,2,2,1,38,7,125,1,9,HONDA WW125,1,E01002037,0,-1
2021991120313,2021,991120313,1,3,0,18,19,7,3,0,0,0,0,10,6,0,1,1,6,6,1,38,7,125,1,0,HONDA WW125,6,-1,0,-1
2021010313648,2021,010313648,1,3,0,18,19,1,5,0,0,6,0,0,0,0,2,1,6,6,1,21,5,125,1,5,HONDA WW125,-1,-1,0,-1
2021010295519,2021,010295519,3,3,0,14,14,8,4,0,0,2,5,0,0,0,1,1,1,1,1,30,6,125,1,1,HONDA WW125,-1,-1,0,-1
2021522103369,2021,522103369,1,4,0,18,19,5,1,0,0,8,0,0,0,0,3,1,6,6,1,19,4,125,1,2,HONDA WW125,10,E01014878,0,-1
2021010312467,2021,010312467,1,3,0,99,99,9,9,99,99,9,9,99,9,99,2,1,6,6,1,29,6,125,1,6,HONDA WW125,3,E01003785,0,-1
2021991068989,2021,991068989,1,3,0,7,7,3,6,0,0,3,5,10,0,0,3,1,6,6,1,42,7,125,1,6,HONDA WW125,9,-1,0,-1
2021430381139,2021,430381139,1,3,0,10,10,5,3,0,0,1,0,0,0,0,4,1,2,2,1,41,7,125,1,1,HONDA WW125,9,E01017914,0,-1
2021010327622,2021,010327622,2,3,0,18,19,3,7,0,0,1,0,0,0,0,1,1,6,6,2,30,6,125,1,8,HONDA WW125,3,E01001805,0,-1
2021430281155,2021,430281155,1,3,0,18,19,1,5,0,0,1,0,0,0,0,3,1,1,1,1,22,5,125,1,11,HONDA WW125,7,E01016370,0,-1
2021010303442,2021,010303442,1,3,0,99,99,9,9,99,99,9,9,99,9,99,9,1,2,2,1,21,5,125,1,5,HONDA WW125,5,E01000571,0,-1
2021201092216,2021,201092216,1,4,0,14,14,4,2,0,0,0,0,0,0,0,4,1,1,1,1,24,5,125,1,1,HONDA WW125,1,E01009490,0,-1
2021010303906,2021,010303906,1,3,0,18,19,1,5,0,0,0,0,8,0,0,1,1,1,1,1,33,6,125,1,7,HONDA WW125,2,E01001633,0,-1
2021010348825,2021,010348825,1,2,0,13,13,1,5,0,0,8,0,0,0,0,3,1,6,6,1,39,7,125,1,7,HONDA WW125,-1,-1,0,-1
2021010330858,2021,010330858,1,3,0,99,99,9,9,99,99,9,9,99,9,99,9,1,1,1,1,39,7,125,1,4,HONDA WW125,5,E01004601,0,-1
2021501074244,2021,501074244,1,3,0,18,19,4,8,0,0,0,0,0,0,0,4,1,2,2,1,56,9,125,1,4,HONDA WW125,7,E01015138,0,-1
2021010295815,2021,010295815,1,3,0,14,14,3,7,0,0,1,0,0,0,0,1,1,1,1,1,43,7,125,1,2,HONDA WW125,2,E01001001,0,-1
2021451095648,2021,451095648,1,4,0,18,19,2,6,0,0,1,2,0,0,0,4,1,6,6,1,21,5,125,1,3,HONDA WW125,10,E01030604,0,-1
2021430330501,2021,430330501,1,3,0,18,19,2,6,0,0,6,0,0,0,0,1,1,6,6,1,29,6,125,1,6,HONDA WW125,7,E01016365,0,-1
2021010320634,2021,010320634,2,3,0,18,19,2,6,0,0,8,0,0,1,11,3,1,1,1,1,21,5,125,1,6,HONDA WW125,7,E01002972,0,-1
2021010338486,2021,010338486,2,3,0,4,4,7,3,0,0,0,0,4,0,0,2,1,1,1,1,31,6,125,1,2,HONDA WW125,4,E01002607,0,-1
2021010300751,2021,010300751,1,3,0,18,19,7,3,0,0,2,0,0,0,0,4,1,1,1,1,23,5,125,1,1,HONDA WW125,3,E01003981,0,-1
2021461019075,2021,461019075,2,3,0,17,19,6,3,0,0,0,0,0,0,0,4,1,5,6,1,66,10,125,1,9,HONDA WW125,6,E01024704,0,-1
2021010310161,2021,010310161,2,3,0,9,9,7,5,0,0,7,0,0,0,0,1,1,6,6,1,22,5,125,1,7,HONDA WW125,2,E01001152,0,-1
2021451104998,2021,451104998,2,3,0,18,19,5,1,0,0,1,0,0,0,0,1,1,6,6,1,25,5,125,1,1,HONDA WW125,4,E01030304,0,-1
2021451012054,2021,451012054,1,3,0,12,12,5,1,0,0,0,0,0,0,0,4,1,1,1,1,55,8,125,1,2,HONDA WW125,5,E01016479,0,-1
2021010317313,2021,010317313,1,3,0,18,19,1,5,0,0,0,0,8,1,0,1,1,1,1,1,20,4,125,1,0,HONDA WW125,1,E01000524,0,-1
2021010320435,2021,010320435,1,3,0,13,13,5,1,0,0,4,0,10,7,11,1,1,6,6,1,15,3,125,1,9,HONDA WW125,7,E01000714,0,-1
2021010348583,2021,010348583,2,2,0,18,19,5,1,1,1,1,0,0,0,0,0,1,6,6,1,40,7,125,1,6,HONDA WW125,5,E01000520,0,-1
2021010297510,2021,010297510,1,3,0,99,99,9,9,99,99,0,9,99,9,99,1,1,6,6,1,37,7,125,1,2,HONDA WW125,3,E01000644,0,-1
2021010344583,2021,010344583,1,3,0,99,99,9,9,99,99,9,9,99,9,99,9,1,1,1,1,38,7,125,1,1,HONDA WW125,3,E01000800,0,-1
2021010289540,2021,010289540,1,3,0,99,99,9,9,99,99,9,9,99,9,99,9,1,6,6,1,31,6,125,1,9,HONDA WW125,2,E01001700,0,-1
2021010297570,2021,010297570,1,3,0,18,19,2,6,0,0,0,5,0,0,0,2,1,6,6,2,23,5,125,1,7,HONDA WW125,3,E01004678,0,-1
2021010291336,2021,010291336,1,3,0,18,19,3,7,0,0,1,0,0,0,0,3,1,6,6,1,27,6,125,1,4,HONDA WW125,-1,-1,0,-1
2021010312958,2021,010312958,1,3,0,99,99,9,9,99,99,9,9,99,9,99,1,1,2,2,1,37,7,125,1,6,HONDA WW125,2,E01003498,0,-1
2021010317511,2021,010317511,1,3,0,14,14,3,7,0,0,2,0,0,0,0,0,1,1,1,1,58,9,125,1,3,HONDA WW125,5,E01000516,0,-1
2021471118425,2021,471118425,1,4,0,9,9,8,5,0,0,8,0,0,0,0,1,1,6,6,1,87,11,125,1,5,HONDA WW125,7,E01031567,0,-1
2021010295964,2021,010295964,1,2,0,18,19,3,7,0,0,1,0,0,0,0,2,1,1,1,1,36,7,125,1,7,HONDA WW125,2,E01000100,0,-1
2021170M11331,2021,170M11331,1,2,0,12,12,2,7,0,0,0,0,0,0,0,3,1,2,2,2,39,7,125,1,4,HONDA WW125,1,E01012091,0,-1
2021010339275,2021,010339275,1,3,0,99,99,9,9,99,99,9,9,99,9,99,2,1,2,2,2,31,6,125,1,3,HONDA WW125,4,E01001182,0,-1
2021010338853,2021,010338853,1,3,0,99,99,9,9,99,99,9,9,99,9,99,9,1,1,1,2,29,6,125,1,0,HONDA WW125,2,E01004455,0,-1
2021010331018,2021,010331018,1,3,0,3,3,5,1,0,0,0,0,0,0,0,1,1,6,6,1,33,6,125,1,0,HONDA WW125,7,E01000364,0,-1
2021010331953,2021,010331953,1,3,0,99,99,9,9,99,99,9,9,99,9,99,1,1,2,2,2,18,4,125,1,3,HONDA WW125,2,E01004024,0,-1
2021361079750,2021,361079750,1,3,-1,-1,-1,-1,-1,-1,-1,0,-1,-1,-1,0,-1,1,6,6,1,21,5,125,1,7,HONDA WW125,9,E01030612,0,-1
2021010320484,2021,010320484,1,3,0,99,99,9,9,99,99,9,9,99,9,99,9,1,1,1,1,38,7,125,1,7,HONDA WW125,2,E01002076,0,-1
2021010292479,2021,010292479,1,3,0,99,99,9,9,99,99,0,9,99,9,99,9,1,6,6,1,28,6,125,1,5,HONDA WW125,4,E01002017,0,-1
2021010335659,2021,010335659,1,3,0,99,99,9,9,99,99,9,9,99,9,99,1,1,1,1,1,32,6,125,1,2,HONDA WW125,8,E01017836,0,-1
2021010333118,2021,010333118,1,3,0,18,19,7,3,99,99,0,9,99,9,99,4,1,1,1,1,23,5,125,1,0,HONDA WW125,2,E01003636,0,-1
2021010328852,2021,010328852,2,3,0,17,19,7,3,0,0,8,0,0,0,0,1,1,6,6,2,28,6,125,1,5,HONDA WW125,2,E01003607,0,-1
2021010340902,2021,010340902,1,3,0,99,99,9,9,99,99,9,9,99,9,99,9,1,6,6,1,21,5,125,1,4,HONDA WW125,2,E01000509,0,-1
2021010325560,2021,010325560,1,2,0,18,19,1,5,0,0,2,0,0,0,0,1,1,2,2,1,23,5,125,1,1,HONDA WW125,2,E01001351,0,-1
2021501072473,2021,501072473,1,3,0,18,19,1,5,0,0,0,0,0,0,0,4,1,5,6,1,19,4,125,1,9,HONDA WW125,1,E01015260,0,-1
2021010301802,2021,010301802,1,3,0,99,99,9,9,99,99,0,9,99,9,99,1,1,6,6,1,29,6,125,1,4,HONDA WW125,3,E01001048,0,-1
2021010309673,2021,010309673,2,3,0,18,19,3,7,0,0,1,0,0,0,0,1,1,6,6,1,54,8,125,1,10,HONDA WW125,3,E01000622,0,-1
2021010334986,2021,010334986,2,3,0,9,9,5,3,0,0,1,1,0,0,0,1,1,6,6,1,19,4,125,1,6,HONDA WW125,3,E01004421,0,-1
2021010318731,2021,010318731,1,3,0,18,19,3,7,0,0,3,0,0,0,0,1,1,1,1,1,24,5,125,1,6,HONDA WW125,3,E01003099,0,-1
2021522103716,2021,522103716,1,3,0,3,3,7,3,0,0,2,0,0,0,0,3,1,6,6,1,24,5,125,1,4,HONDA WW125,8,E01014981,0,-1
2021010318795,2021,010318795,1,3,0,99,99,9,9,99,99,9,9,99,9,99,9,1,6,6,1,36,7,125,1,7,HONDA WW125,3,E01000499,0,-1
2021010311254,2021,010311254,2,3,0,9,9,5,3,0,0,8,0,0,0,0,1,1,6,6,1,58,9,125,1,6,HONDA WW125,6,E01003394,0,-1
2021522104174,2021,522104174,2,4,0,18,19,7,3,0,0,1,0,0,0,0,1,1,6,6,1,33,6,125,1,5,HONDA WW125,7,E01032943,0,-1
2021440346609,2021,440346609,1,3,0,9,9,1,7,0,0,0,0,0,0,0,3,1,6,6,1,29,6,125,1,3,HONDA WW125,3,E01022485,0,-1
2021010333731,2021,010333731,2,3,0,18,19,3,7,0,0,1,0,4,0,0,1,1,6,6,1,36,7,125,1,2,HONDA WW125,1,E01001196,0,-1
2021522105869,2021,522105869,2,3,0,18,19,1,5,0,0,8,0,0,0,0,1,1,6,6,1,38,7,125,1,5,HONDA WW125,2,E01014659,0,-1
2021010314839,2021,010314839,1,3,0,99,99,9,9,99,99,9,9,99,9,99,9,1,6,6,1,39,7,125,1,4,HONDA WW125,2,E01002051,0,-1
2021010336384,2021,010336384,1,3,0,99,99,9,9,99,99,0,9,99,9,99,1,1,1,1,1,38,7,125,1,0,HONDA WW125,3,E01001649,0,-1
2021010295495,2021,010295495,1,3,0,99,99,9,9,99,99,9,9,99,9,99,1,1,6,6,1,25,5,125,1,6,HONDA WW125,4,E01004572,0,-1
2021010287613,2021,010287613,2,3,0,4,4,5,1,0,0,1,0,0,0,0,1,1,6,6,1,21,5,125,1,10,HONDA WW125,3,E01004037,0,-1
2021546818821,2021,546818821,1,3,0,9,9,7,4,0,0,8,0,0,0,0,1,1,6,6,1,38,7,125,1,2,HONDA WW125,7,E01015583,0,-1
2021010335758,2021,010335758,1,3,0,9,9,7,6,0,0,1,0,0,0,0,2,1,1,1,1,30,6,125,1,4,HONDA WW125,3,E01032568,0,-1
2021010312787,2021,010312787,1,3,0,99,99,9,9,99,99,0,9,99,9,99,1,1,6,6,2,31,6,125,1,3,HONDA WW125,6,E01003394,0,-1
2021010322992,2021,010322992,1,3,0,5,5,3,7,0,0,1,0,0,0,0,1,1,6,6,3,-1,-1,125,1,3,HONDA WW125,-1,-1,0,-1
2021041105895,2021,041105895,2,3,0,18,19,5,2,0,0,3,2,0,0,0,1,1,6,6,1,38,7,125,1,2,HONDA WW125,2,E01025313,0,-1
2021522101727,2021,522101727,1,3,0,14,14,8,4,0,0,8,0,0,0,0,1,1,6,6,1,43,7,125,1,1,HONDA WW125,1,E01014706,0,-1
2021010299063,2021,010299063,1,3,0,99,99,9,9,99,99,9,9,99,9,99,9,1,2,2,1,20,4,125,1,1,HONDA WW125,2,E01002716,0,-1
2021522103058,2021,522103058,1,4,0,18,19,1,5,0,0,1,0,0,0,0,2,1,6,6,2,28,6,125,1,4,HONDA WW125,4,E01014523,0,-1
2021471104682,2021,471104682,2,3,0,3,3,6,2,0,0,0,0,0,0,0,1,1,6,6,1,30,6,125,1,3,HONDA WW125,2,E01016978,0,-1
2021010335997,2021,010335997,1,3,0,99,99,9,9,99,99,9,9,99,9,99,2,1,6,6,2,24,5,125,1,0,HONDA WW125,5,E01033741,0,-1
2021010321577,2021,010321577,1,3,9,99,99,9,9,99,99,9,9,99,9,99,9,1,1,1,1,31,6,125,1,9,HONDA WW125,3,E01001819,0,-1
2021471105287,2021,471105287,2,3,0,18,19,6,2,0,0,8,5,0,0,0,4,1,1,1,1,22,5,125,1,8,HONDA WW125,5,E01016884,0,-1
2021010287640,2021,010287640,1,3,0,13,13,3,7,0,0,1,5,0,0,0,3,1,1,1,1,23,5,125,1,4,HONDA WW125,4,E01000546,0,-1
2021461112724,2021,461112724,2,3,0,18,19,3,7,0,0,0,0,0,0,0,4,1,6,6,2,73,10,125,1,2,HONDA WW125,5,E01024254,0,-1
2021411070158,2021,411070158,2,3,0,4,4,3,7,0,0,4,0,0,0,0,0,1,6,6,1,39,7,125,1,3,HONDA WW125,5,E01023780,0,-1
2021010315239,2021,010315239,1,3,0,99,99,9,9,99,99,9,9,99,9,99,1,1,6,6,1,19,4,125,1,0,HONDA WW125,6,E01001245,0,-1
2021010301200,2021,010301200,1,3,0,99,99,9,9,99,99,9,9,99,9,99,1,1,6,6,1,32,6,125,1,6,HONDA WW125,5,E01003067,0,-1
2021010317124,2021,010317124,1,4,0,5,5,5,1,0,0,1,1,0,0,0,3,1,6,6,1,31,6,125,1,6,HONDA WW125,4,E01003684,0,-1
2021010344117,2021,010344117,1,3,0,99,99,9,9,99,99,9,9,99,9,99,1,1,6,6,1,34,6,125,1,6,HONDA WW125,8,E01023576,0,-1
2021010342514,2021,010342514,1,3,0,99,99,9,9,99,99,9,9,99,9,99,1,1,1,1,1,34,6,125,1,4,HONDA WW125,2,E01002096,0,-1
2021010347725,2021,010347725,1,3,0,7,7,7,1,0,0,9,0,99,9,99,9,1,6,6,1,20,4,125,1,1,HONDA WW125,8,E01004507,0,-1
2021010317238,2021,010317238,1,3,0,99,99,9,9,99,99,9,9,99,9,99,1,1,6,6,1,23,5,125,1,2,HONDA WW125,2,E01003636,0,-1
2021010346447,2021,010346447,2,3,0,99,99,9,9,99,99,9,9,99,9,99,0,1,6,6,3,25,5,125,1,9,HONDA WW125,2,E01001760,0,-1
2021010333182,2021,010333182,1,3,0,99,99,9,9,99,99,0,9,99,9,99,1,1,1,1,1,30,6,125,1,1,HONDA WW125,3,E01002070,0,-1
2021201108883,2021,201108883,2,3,0,18,19,5,1,0,0,3,0,0,0,0,1,1,2,2,1,38,7,125,1,4,HONDA WW125,6,E01009183,0,-1
2021010333814,2021,010333814,1,3,0,15,15,1,5,0,0,0,2,10,0,0,4,1,4,7,1,18,4,125,1,3,HONDA WW125,9,E01002384,0,-1
2021010343041,2021,010343041,2,3,0,5,5,5,1,0,0,1,0,0,0,0,1,1,1,1,1,26,6,125,1,1,HONDA WW125,4,E01001233,0,-1
2021010349781,2021,010349781,1,3,0,99,99,9,9,99,99,9,9,99,9,99,9,1,6,6,2,32,6,125,1,0,HONDA WW125,5,E01004225,0,-1
2021010319644,2021,010319644,2,3,0,99,99,9,9,99,99,0,9,99,9,99,1,1,6,6,3,-1,-1,125,1,3,HONDA WW125,3,E01003926,0,-1
2021010320731,2021,010320731,2,3,0,15,15,5,1,2,2,1,0,0,0,0,1,1,2,2,1,-1,-1,125,1,1,HONDA WW125,3,E01000499,0,-1
2021131080481,2021,131080481,3,3,0,18,19,1,1,0,0,8,0,0,0,0,0,1,6,6,1,20,4,125,1,2,HONDA WW125,3,E01010950,0,-1
2021010311230,2021,010311230,1,3,0,9,9,3,8,0,0,8,0,0,0,0,3,1,1,1,1,21,5,125,1,6,HONDA WW125,2,E01004725,0,-1
2021010291064,2021,010291064,1,3,0,99,99,9,9,99,99,9,9,99,9,99,0,1,6,6,1,30,6,125,1,8,HONDA WW125,6,E01000492,0,-1
2021010329720,2021,010329720,2,3,9,99,99,9,9,99,99,0,9,99,9,99,1,9,1,1,1,26,6,125,1,1,HONDA WW125,6,E01001571,0,-1
2021010293130,2021,010293130,1,2,0,4,4,1,5,0,0,1,0,0,0,0,2,1,1,1,1,20,4,125,1,3,HONDA WW125,5,E01002689,0,-1
2021351048776,2021,351048776,1,4,0,18,19,1,6,0,0,2,0,0,0,0,1,1,6,6,1,27,6,125,1,1,HONDA WW125,6,E01017951,0,-1