collision_index,collision_year,collision_ref_no,vehicle_reference,vehicle_type,towing_and_articulation,vehicle_manoeuvre_historic,vehicle_manoeuvre,vehicle_direction_from,vehicle_direction_to,vehicle_location_restricted_lane_historic,vehicle_location_restricted_lane,junction_location,skidding_and_overturning,hit_object_in_carriageway,vehicle_leaving_carriageway,hit_object_off_carriageway,first_point_of_impact,vehicle_left_hand_drive,journey_purpose_of_driver_historic,journey_purpose_of_driver,sex_of_driver,age_of_driver,age_band_of_driver,engine_capacity_cc,propulsion_code,age_of_vehicle,generic_make_model,driver_imd_decile,lsoa_of_driver,escooter_flag,driver_distance_banding
2021552100224,2021,552100224,1,9,0,18,19,2,6,0,0,0,5,10,2,7,4,1,1,1,1,35,6,1349,1,13,MAZDA 2,2,E01015367,0,-1
2021010343182,2021,010343182,1,9,0,18,19,1,5,0,0,1,0,0,4,0,1,1,2,2,1,26,6,1498,1,13,MAZDA 2,6,E01024163,0,-1
2021440134699,2021,440134699,1,9,0,18,19,3,7,0,0,0,0,0,0,0,1,1,1,1,1,37,7,1496,1,1,MAZDA 2,9,E01022611,0,-1
2021131107360,2021,131107360,1,9,0,18,19,7,3,0,0,8,0,0,0,0,4,1,5,6,1,68,10,1496,1,1,MAZDA 2,10,E01011516,0,-1
2021131091375,2021,131091375,1,9,0,18,19,7,3,0,0,0,0,0,0,0,1,1,2,2,1,54,8,1349,1,10,MAZDA 2,3,E01011333,0,-1
2021440498788,2021,440498788,2,9,0,18,19,7,3,0,0,8,0,0,0,0,1,1,6,6,2,73,10,1496,1,5,MAZDA 2,2,E01017117,0,-1
202134WNC2771,2021,34WNC2771,2,9,0,18,19,3,7,0,0,0,0,0,1,0,1,1,6,6,1,27,6,1498,1,13,MAZDA 2,8,E01027296,0,-1
2021501056043,2021,501056043,2,9,0,2,2,0,0,0,0,0,0,0,0,0,3,1,6,6,1,82,11,1349,1,9,MAZDA 2,3,E01018950,0,-1
2021141042335,2021,141042335,1,9,0,18,19,3,7,0,0,1,0,4,1,0,4,1,5,6,2,32,6,1349,1,11,MAZDA 2,1,E01007718,0,-1
2021052102543,2021,052102543,2,9,0,4,4,3,5,0,0,7,0,0,0,0,1,1,6,6,2,51,8,1498,1,13,MAZDA 2,1,E01007121,0,-1
2021440408232,2021,440408232,1,9,0,7,7,7,3,0,0,5,0,0,1,4,1,1,6,6,2,22,5,1349,1,9,MAZDA 2,6,E01032037,0,-1
2021161059994,2021,161059994,2,9,0,18,19,2,6,0,0,8,0,0,0,0,1,1,5,6,1,69,10,1496,1,2,MAZDA 2,1,E01013141,0,-1
2021371033422,2021,371033422,2,9,0,18,19,8,4,0,0,8,0,0,0,0,2,1,6,6,2,34,6,1496,1,5,MAZDA 2,7,E01029965,0,-1
2021201135777,2021,201135777,1,9,0,18,19,-1,-1,0,0,0,0,0,0,0,1,1,6,6,2,24,5,1349,1,10,MAZDA 2,3,E01033565,0,-1
2021440018718,2021,440018718,1,9,0,18,19,8,3,0,0,1,0,0,0,0,1,1,6,6,2,53,8,1496,1,6,MAZDA 2,-1,-1,0,-1
2021991044873,2021,991044873,1,9,0,4,4,2,6,0,0,0,0,0,0,0,1,1,5,6,2,22,5,1496,1,1,MAZDA 2,5,-1,0,-1
2021211025120,2021,211025120,1,9,0,17,19,5,2,0,0,1,0,0,1,0,1,1,6,6,2,79,11,1349,1,9,MAZDA 2,10,E01029511,0,-1
2021430236121,2021,430236121,1,9,0,18,19,2,6,0,0,1,0,0,0,0,1,1,6,6,1,41,7,1349,1,11,MAZDA 2,1,E01009337,0,-1
2021552100699,2021,552100699,1,9,0,18,19,3,7,0,0,0,0,0,0,0,4,1,6,6,1,68,10,1498,1,10,MAZDA 2,9,E01023036,0,-1
2021201135532,2021,201135532,1,9,0,18,19,-1,-1,0,0,0,0,0,0,0,0,1,6,6,3,-1,-1,1496,1,5,MAZDA 2,-1,-1,0,-1
2021991116018,2021,991116018,1,9,0,5,5,8,4,0,0,0,0,0,0,0,3,1,5,6,1,19,4,1496,1,3,MAZDA 2,3,-1,0,-1
2021041027937,2021,041027937,1,9,0,16,19,2,5,0,0,0,1,0,7,11,1,1,6,6,1,33,6,1496,1,6,MAZDA 2,6,E01025122,0,-1
2021471052291,2021,471052291,2,9,0,16,19,3,6,0,0,0,0,0,1,0,1,1,6,6,2,85,11,1388,1,17,MAZDA 2,10,E01031686,0,-1
2021010300151,2021,010300151,1,9,0,99,99,9,9,99,99,9,9,99,9,99,4,9,6,6,1,64,9,1388,1,18,MAZDA 2,5,E01003156,0,-1
2021421016479,2021,421016479,1,9,0,12,12,3,7,0,0,0,1,0,0,0,1,1,6,6,1,38,7,1349,1,12,MAZDA 2,3,E01027225,0,-1
2021061086196,2021,061086196,1,9,0,18,19,7,3,0,0,8,0,0,0,0,1,1,6,6,1,30,6,1349,1,9,MAZDA 2,-1,-1,0,-1
2021411020003,2021,411020003,1,9,0,9,9,-1,-1,0,0,1,0,0,0,0,1,1,6,6,1,-1,-1,1400,1,17,MAZDA 2,6,E01023932,0,-1
2021440239889,2021,440239889,1,9,0,18,19,5,1,0,0,8,0,0,7,1,1,1,6,6,1,57,9,1348,1,13,MAZDA 2,10,E01023213,0,-1
2021010321701,2021,010321701,2,9,0,18,19,1,5,0,0,0,0,0,0,0,0,1,6,6,3,-1,-1,1349,1,12,MAZDA 2,-1,-1,0,-1
2021531070947,2021,531070947,2,9,0,17,19,4,7,0,0,8,0,0,0,0,1,1,5,6,1,33,6,1498,1,10,MAZDA 2,9,E01022108,0,-1
2021451120864,2021,451120864,2,9,0,18,19,4,8,0,0,0,0,0,0,0,1,1,2,2,2,19,4,1349,1,12,MAZDA 2,8,E01030735,0,-1
2021430025276,2021,430025276,2,9,0,3,3,7,3,0,0,3,0,0,0,0,4,1,6,6,2,21,5,1349,1,13,MAZDA 2,4,E01016829,0,-1
2021421083320,2021,421083320,1,9,0,18,19,4,1,0,0,0,0,0,1,3,1,1,5,6,1,19,4,1349,1,13,MAZDA 2,9,E01022082,0,-1
2021170S12041,2021,170S12041,2,9,0,2,2,0,0,0,0,1,0,0,0,0,2,1,6,6,1,-1,-1,1496,1,4,MAZDA 2,2,E01012288,0,-1
2021061040535,2021,061040535,1,9,0,18,19,7,3,0,0,1,0,0,0,0,1,1,6,6,1,53,8,1349,1,10,MAZDA 2,2,E01005237,0,-1
202131B007521,2021,31B007521,1,9,0,18,19,1,5,0,0,0,0,0,0,0,1,1,6,6,2,63,9,1349,1,13,MAZDA 2,1,E01028320,0,-1
202134WNC6341,2021,34WNC6341,2,9,0,9,9,7,5,0,0,8,0,0,2,10,2,1,6,6,1,24,5,1400,1,16,MAZDA 2,3,E01027147,0,-1
2021440281283,2021,440281283,1,9,0,4,4,3,7,0,0,0,0,0,0,0,2,1,1,1,1,23,5,1388,1,17,MAZDA 2,5,E01017070,0,-1
2021501110349,2021,501110349,2,9,0,18,19,8,4,0,0,8,0,0,0,0,3,1,6,6,2,29,6,1496,1,0,MAZDA 2,8,E01018823,0,-1
2021552100119,2021,552100119,3,9,0,18,19,4,8,0,0,0,0,0,1,0,2,1,6,6,1,62,9,1496,1,1,MAZDA 2,10,E01020350,0,-1
2021010298357,2021,010298357,2,9,9,99,99,9,9,99,99,9,9,99,9,99,9,9,6,6,1,31,6,1349,1,8,MAZDA 2,5,E01003224,0,-1
2021201030950,2021,201030950,1,9,0,18,19,8,4,0,0,0,0,0,0,0,4,1,6,6,2,-1,-1,1400,1,14,MAZDA 2,-1,-1,0,-1
2021471032411,2021,471032411,3,9,0,4,4,3,7,0,0,0,0,0,0,0,0,1,6,6,3,-1,-1,1496,1,4,MAZDA 2,-1,-1,0,-1
2021122100557,2021,122100557,2,9,0,7,7,3,7,0,0,5,0,0,1,9,2,1,6,6,1,17,4,1349,1,11,MAZDA 2,3,E01011488,0,-1
2021501119624,2021,501119624,2,9,0,9,9,1,5,0,0,0,0,0,0,0,4,1,6,6,2,38,7,1349,1,8,MAZDA 2,2,E01015192,0,-1
2021101079847,2021,101079847,1,9,0,18,19,3,7,0,0,4,0,0,0,0,1,1,6,6,2,68,10,1349,1,10,MAZDA 2,1,E01027518,0,-1
2021122200098,2021,122200098,1,9,0,18,19,7,3,0,0,0,2,0,1,11,0,1,6,6,2,41,7,1349,1,10,MAZDA 2,10,E01027683,0,-1
2021141042789,2021,141042789,2,9,0,18,19,6,2,0,0,0,0,0,0,0,2,1,5,6,1,23,5,1349,1,9,MAZDA 2,7,E01007859,0,-1
2021302101653,2021,302101653,1,9,0,14,14,1,5,0,0,1,5,4,0,0,1,1,6,6,2,75,10,1349,1,12,MAZDA 2,9,E01013579,0,-1
2021010323769,2021,010323769,2,9,0,9,9,7,5,0,0,8,0,0,0,0,1,1,6,6,1,43,7,1400,1,15,MAZDA 2,6,E01004530,0,-1
2021131112648,2021,131112648,1,9,0,9,9,7,5,0,0,0,0,0,1,10,4,1,5,6,1,84,11,1349,1,12,MAZDA 2,4,E01010599,0,-1
2021401115511,2021,401115511,2,9,0,3,3,8,4,0,0,1,0,0,0,0,2,1,6,6,1,21,5,1560,2,9,MAZDA 2,2,E01015794,0,-1
2021221082374,2021,221082374,1,9,0,9,9,4,8,0,0,0,0,0,0,0,2,1,5,6,1,49,8,1496,1,2,MAZDA 2,10,E01022368,0,-1
2021531062451,2021,531062451,1,9,0,18,19,1,5,0,0,1,0,0,0,0,1,1,5,6,1,19,4,1349,1,12,MAZDA 2,3,E01022293,0,-1
2021010301614,2021,010301614,1,9,0,18,19,7,3,0,0,1,0,0,1,0,4,1,1,1,1,26,6,1349,1,14,MAZDA 2,4,E01003573,0,-1
2021461033296,2021,461033296,2,9,0,18,19,6,8,0,0,8,0,0,0,0,4,1,6,6,2,45,7,1399,2,12,MAZDA 2,2,E01033212,0,-1
2021131107684,2021,131107684,1,9,0,14,14,7,3,0,0,0,0,11,0,0,1,1,3,7,2,26,6,1349,1,13,MAZDA 2,5,E01011770,0,-1
2021991065034,2021,991065034,1,9,0,16,19,5,8,0,0,1,0,0,3,0,1,1,5,6,2,73,10,1349,1,7,MAZDA 2,10,-1,0,-1
2021010294050,2021,010294050,2,9,0,99,99,9,9,99,99,9,9,99,9,99,1,9,6,6,3,32,6,1496,1,5,MAZDA 2,9,E01003874,0,-1
2021430524919,2021,430524919,1,9,0,18,19,6,2,0,0,0,1,0,1,0,0,1,6,6,1,20,4,1349,1,10,MAZDA 2,9,E01017655,0,-1
2021141038759,2021,141038759,2,9,0,5,5,7,2,0,0,6,1,0,1,0,3,1,6,6,1,79,11,1400,1,15,MAZDA 2,3,E01008004,0,-1
2021010296077,2021,010296077,1,9,0,18,19,1,5,0,0,0,0,0,0,0,1,1,6,6,2,28,6,1498,1,3,MAZDA 2,1,E01000720,0,-1
2021361077798,2021,361077798,1,9,0,18,19,5,1,0,0,0,0,0,1,0,4,1,5,6,1,21,5,1498,1,12,MAZDA 2,9,E01028439,0,-1
2021501074259,2021,501074259,2,9,0,9,9,6,4,0,0,4,0,0,0,0,3,1,6,6,2,20,4,1496,1,5,MAZDA 2,5,E01020006,0,-1
2021101101329,2021,101101329,1,9,0,5,5,5,8,0,0,0,0,0,0,0,1,1,5,6,1,49,8,1400,1,14,MAZDA 2,2,E01008662,0,-1
2021131061899,2021,131061899,2,9,0,18,19,1,5,0,0,1,1,0,0,0,1,2,5,6,2,29,6,1496,1,6,MAZDA 2,3,E01007777,0,-1
2021991066091,2021,991066091,1,9,0,7,7,8,3,4,4,4,0,0,0,0,1,1,5,6,1,30,6,1349,1,13,MAZDA 2,-1,-1,0,-1
2021201064060,2021,201064060,2,9,0,4,4,7,3,0,0,0,0,0,0,0,1,1,6,6,3,-1,-1,1349,1,11,MAZDA 2,-1,-1,0,-1
2021061101707,2021,061101707,2,9,0,9,9,6,5,0,0,5,0,0,0,0,1,1,6,6,3,30,6,1349,1,8,MAZDA 2,-1,-1,0,-1
2021522105264,2021,522105264,2,9,0,18,19,3,7,0,0,8,0,0,0,0,1,1,6,6,1,21,5,1349,1,12,MAZDA 2,2,E01014659,0,-1
2021471089641,2021,471089641,2,9,0,8,8,7,1,0,0,0,0,0,0,0,2,1,5,6,2,34,6,1400,1,13,MAZDA 2,10,E01031619,0,-1
202131B110521,2021,31B110521,4,9,0,4,4,6,2,0,0,0,5,0,1,10,1,1,6,6,2,28,6,1349,1,12,MAZDA 2,6,E01028037,0,-1
2021052101274,2021,052101274,2,9,0,4,4,6,2,0,0,1,0,0,0,0,1,1,6,6,1,48,8,1349,1,6,MAZDA 2,3,E01007156,0,-1
2021991045573,2021,991045573,1,9,0,5,5,3,7,0,0,0,0,0,0,0,1,1,6,6,2,29,6,1349,1,7,MAZDA 2,6,-1,0,-1
2021101101531,2021,101101531,3,9,0,4,4,3,7,0,0,0,0,0,0,0,2,1,5,6,2,72,10,1496,1,4,MAZDA 2,6,E01008559,0,-1
2021421055114,2021,421055114,1,9,0,7,7,5,7,0,0,6,0,0,0,0,1,1,5,6,2,65,9,1349,1,6,MAZDA 2,10,E01021559,0,-1
2021201117094,2021,201117094,3,9,0,2,2,0,0,0,0,0,0,0,0,0,2,1,5,6,2,26,6,1496,1,4,MAZDA 2,-1,-1,0,-1
2021461043116,2021,461043116,2,9,0,9,9,2,6,0,0,8,5,0,0,0,3,1,5,6,2,23,5,1349,1,8,MAZDA 2,9,E01033214,0,-1
2021461045924,2021,461045924,2,9,0,3,3,1,5,0,0,0,0,0,0,0,4,1,6,6,2,62,9,1400,1,15,MAZDA 2,2,E01000992,0,-1
2021411068052,2021,411068052,2,9,0,18,19,6,2,0,0,0,0,0,0,0,1,1,6,6,2,78,11,1496,1,6,MAZDA 2,8,E01017750,0,-1
2021170L20901,2021,170L20901,1,9,0,9,9,1,6,0,0,8,0,0,0,0,3,1,1,1,1,38,7,1242,1,17,MAZDA 2,8,E01012010,0,-1
202134WNC5371,2021,34WNC5371,4,9,0,3,3,1,5,0,0,0,0,0,0,0,2,1,6,6,1,26,6,1496,1,5,MAZDA 2,9,E01025971,0,-1
2021540443021,2021,540443021,1,9,0,5,5,0,0,0,0,0,0,0,0,0,1,1,6,6,1,79,11,1596,1,18,MAZDA 2,3,E01015503,0,-1
2021070732013,2021,070732013,1,9,0,5,5,7,3,0,0,6,0,0,0,0,3,1,6,6,2,49,8,1498,1,2,MAZDA 2,1,E01012437,0,-1
2021201033238,2021,201033238,1,9,0,18,19,8,4,0,0,1,0,0,0,0,1,1,6,6,1,-1,-1,1349,1,13,MAZDA 2,-1,-1,0,-1
2021031119442,2021,031119442,2,9,0,18,19,7,2,0,0,1,0,0,0,0,1,1,6,6,2,30,6,1498,1,9,MAZDA 2,-1,-1,0,-1
2021010350910,2021,010350910,3,9,0,2,2,0,0,0,0,0,0,0,0,0,2,1,6,6,3,-1,-1,1496,1,4,MAZDA 2,-1,-1,0,-1
2021991051530,2021,991051530,1,9,0,18,19,2,6,0,0,0,0,0,0,0,1,1,2,2,1,23,5,1496,1,6,MAZDA 2,3,-1,0,-1
2021131079448,2021,131079448,2,9,0,-1,-1,-1,-1,-1,-1,-1,-1,-1,-1,-1,-1,1,6,6,2,52,8,1349,1,9,MAZDA 2,1,E01011746,0,-1
202134NNC3671,2021,34NNC3671,1,9,0,18,19,1,5,0,0,4,0,0,0,0,1,1,1,1,1,57,9,1349,1,13,MAZDA 2,2,E01027246,0,-1
2021991125336,2021,991125336,1,9,0,16,19,4,8,0,0,0,1,0,0,0,1,1,5,6,1,22,5,1400,1,15,MAZDA 2,5,-1,0,-1
2021201058189,2021,201058189,1,9,0,7,7,3,5,0,0,2,0,4,0,0,3,1,2,2,1,20,4,1349,1,11,MAZDA 2,1,E01033650,0,-1
2021320564250,2021,320564250,1,9,0,17,19,8,4,0,0,0,1,0,1,4,1,1,2,2,1,29,6,1349,1,8,MAZDA 2,3,E01026381,0,-1
2021010350989,2021,010350989,1,9,0,18,19,3,7,9,9,2,1,4,7,11,1,1,2,2,1,20,4,1349,1,9,MAZDA 2,6,E01003378,0,-1
2021161051540,2021,161051540,1,9,0,18,19,6,2,0,0,1,0,0,0,0,1,1,6,6,1,34,6,1400,1,15,MAZDA 2,2,E01013195,0,-1
2021231120584,2021,231120584,2,9,0,18,19,8,4,0,0,0,0,0,0,0,4,1,5,6,1,25,5,1399,2,12,MAZDA 2,5,E01031327,0,-1
2021552101185,2021,552101185,1,9,0,18,19,8,4,0,0,0,0,0,0,0,1,1,2,2,1,18,4,1349,1,13,MAZDA 2,4,E01020438,0,-1
2021010332139,2021,010332139,1,9,0,9,9,1,7,0,0,8,0,0,0,0,1,1,6,6,2,71,10,1496,1,2,MAZDA 2,9,E01004080,0,-1
2021131062980,2021,131062980,1,9,0,7,7,1,5,0,0,1,0,0,0,0,1,1,6,6,1,20,4,1349,1,12,MAZDA 2,1,E01010623,0,-1
2021061081274,2021,061081274,2,9,0,18,19,2,6,0,0,0,0,0,0,0,1,1,5,6,2,80,11,1496,1,4,MAZDA 2,4,E01005896,0,-1
2021371101958,2021,371101958,2,9,0,18,19,7,3,0,0,1,0,0,0,0,4,1,5,6,2,40,7,1496,1,1,MAZDA 2,10,E01030084,0,-1
2021311114006,2021,311114006,2,9,0,4,4,1,5,0,0,0,0,12,0,0,2,1,1,1,1,17,4,1400,1,15,MAZDA 2,7,E01028325,0,-1
2021430584092,2021,430584092,1,9,0,18,19,2,6,0,0,0,0,0,0,0,1,1,6,6,1,31,6,1496,1,6,MAZDA 2,-1,-1,0,-1
2021010342335,2021,010342335,2,9,0,17,19,3,1,9,9,0,0,0,0,0,1,1,6,6,1,61,9,1498,1,7,MAZDA 2,7,E01000256,0,-1
2021070857349,2021,070857349,2,9,0,18,19,3,7,0,0,8,0,0,0,0,1,1,6,6,1,76,11,1349,1,9,MAZDA 2,9,E01018513,0,-1
2021320204632,2021,320204632,1,9,0,9,9,2,8,0,0,8,0,0,0,0,4,1,6,6,2,48,8,1349,1,7,MAZDA 2,4,E01026250,0,-1
2021201119644,2021,201119644,2,9,0,18,19,3,7,0,0,6,0,10,7,1,4,1,6,6,2,38,7,1349,1,10,MAZDA 2,2,E01014140,0,-1
2021231061263,2021,231061263,2,9,0,18,19,8,4,0,0,8,0,0,0,0,3,1,5,6,2,35,6,1349,1,14,MAZDA 2,9,E01031147,0,-1
2021451016422,2021,451016422,1,9,0,5,5,5,1,0,0,0,0,4,0,0,1,1,5,6,2,90,11,1349,1,13,MAZDA 2,10,E01030939,0,-1
2021501058248,2021,501058248,2,9,0,17,19,3,7,0,0,0,0,0,0,0,1,1,6,6,2,55,8,1348,1,13,MAZDA 2,5,E01020157,0,-1
2021201141772,2021,201141772,1,9,0,18,19,4,2,0,0,8,0,0,0,0,1,1,6,6,2,39,7,1498,1,13,MAZDA 2,3,E01009106,0,-1
2021101019789,2021,101019789,1,9,0,18,19,1,5,0,0,0,0,0,0,0,1,1,6,6,2,31,6,1496,1,5,MAZDA 2,6,E01027483,0,-1
2021201146632,2021,201146632,1,9,0,9,9,8,6,0,0,8,1,0,0,0,4,1,6,6,2,27,6,1349,1,10,MAZDA 2,6,E01012414,0,-1
2021131074482,2021,131074482,5,9,0,18,19,7,3,0,0,0,0,0,0,0,1,1,6,6,1,29,6,1349,1,7,MAZDA 2,4,E01011007,0,-1
2021320369316,2021,320369316,1,9,0,9,9,5,3,0,0,8,0,0,0,0,2,1,6,6,1,79,11,1349,1,11,MAZDA 2,9,E01026160,0,-1
2021471019634,2021,471019634,1,9,0,9,9,1,7,0,0,8,0,0,0,0,3,1,5,6,1,25,5,1496,1,6,MAZDA 2,4,E01016872,0,-1
2021052102148,2021,052102148,1,9,0,18,19,8,4,0,0,2,0,0,0,0,1,1,6,6,2,25,5,1349,1,11,MAZDA 2,1,E01006637,0,-1
2021201063904,2021,201063904,1,9,0,9,9,4,2,0,0,2,0,0,0,0,3,1,6,6,1,24,5,1399,2,13,MAZDA 2,4,E01009224,0,-1
2021461061194,2021,461061194,2,9,0,2,2,0,0,0,0,0,0,0,0,0,1,1,6,6,2,66,10,1349,1,7,MAZDA 2,4,E01016097,0,-1
2021991099734,2021,991099734,2,9,0,8,8,4,7,0,0,1,0,0,0,0,1,1,2,2,1,58,9,1349,1,12,MAZDA 2,8,E01012190,0,-1
2021061056028,2021,061056028,2,9,0,18,19,8,4,0,0,1,0,0,0,0,1,1,5,6,2,61,9,1498,1,3,MAZDA 2,2,E01006326,0,-1
2021231104616,2021,231104616,1,9,0,16,19,1,3,0,0,8,0,0,0,0,1,1,6,6,1,42,7,1498,1,3,MAZDA 2,4,E01031333,0,-1
2021061050259,2021,061050259,1,9,0,18,19,4,8,0,0,8,0,0,0,0,3,1,6,6,2,36,7,1349,1,8,MAZDA 2,9,E01005019,0,-1
2021430334161,2021,430334161,1,9,0,18,19,4,8,0,0,0,0,0,0,0,1,1,6,6,2,19,4,1349,1,12,MAZDA 2,4,E01018454,0,-1
2021461033610,2021,461033610,1,9,0,18,19,1,5,0,0,0,0,0,0,0,1,1,6,6,2,24,5,1349,1,12,MAZDA 2,1,E01024257,0,-1
2021201150006,2021,201150006,1,9,0,18,19,2,6,0,0,0,0,0,0,0,0,1,6,6,3,37,7,1349,1,8,MAZDA 2,1,E01010485,0,-1
2021991094217,2021,991094217,1,9,0,18,19,2,6,0,0,0,0,0,0,0,4,1,6,6,1,66,10,1349,1,11,MAZDA 2,8,-1,0,-1
2021531050924,2021,531050924,2,9,0,4,4,-1,-1,0,0,0,0,0,0,0,2,1,5,6,2,22,5,1349,1,10,MAZDA 2,10,E01022171,0,-1
2021501020262,2021,501020262,1,9,0,9,9,6,2,0,0,8,0,0,0,0,1,1,6,6,2,75,10,1349,1,13,MAZDA 2,7,E01018971,0,-1
2021991034421,2021,991034421,1,9,5,13,13,8,4,0,0,0,1,0,2,0,4,1,6,6,2,53,8,1349,1,12,MAZDA 2,4,-1,0,-1
2021520104598,2021,520104598,1,9,0,18,19,6,2,0,0,0,0,0,7,2,3,1,6,6,1,17,4,1349,1,9,MAZDA 2,9,E01029142,0,-1
2021101047708,2021,101047708,2,9,0,18,19,1,5,0,0,0,0,0,0,0,4,1,5,6,2,24,5,1349,1,11,MAZDA 2,7,E01020654,0,-1
2021141112030,2021,141112030,1,9,0,18,19,3,7,0,0,1,0,0,0,0,1,1,5,6,2,82,11,1349,1,11,MAZDA 2,7,E01007615,0,-1
2021991047304,2021,991047304,1,9,0,18,19,7,3,0,0,0,0,0,0,0,1,1,6,6,2,71,10,1349,1,10,MAZDA 2,4,-1,0,-1
2021421026831,2021,421026831,2,9,0,4,4,3,7,0,0,0,0,0,0,0,2,1,2,2,2,63,9,1349,1,7,MAZDA 2,10,E01022084,0,-1
2021010332515,2021,010332515,1,9,0,18,19,3,7,9,9,1,0,4,0,0,1,1,6,6,1,91,11,1400,1,16,MAZDA 2,-1,-1,0,-1
2021031114088,2021,031114088,1,9,0,5,5,1,5,0,0,0,0,0,0,0,3,1,2,2,2,32,6,1349,1,9,MAZDA 2,2,E01019269,0,-1
2021411058311,2021,411058311,1,9,0,11,11,7,3,0,0,0,0,0,5,6,1,1,2,2,1,45,7,1400,1,14,MAZDA 2,6,E01033064,0,-1
202163C032721,2021,63C032721,3,9,0,18,19,4,8,0,0,0,0,0,0,0,1,1,6,6,1,47,8,1349,1,12,MAZDA 2,6,W01000558,0,-1
2021991092223,2021,991092223,2,9,0,3,3,6,3,0,0,4,0,0,0,0,2,1,6,6,2,36,7,1349,1,11,MAZDA 2,3,-1,0,-1
2021231089525,2021,231089525,1,9,0,18,19,6,2,0,0,8,0,0,0,0,4,1,5,6,2,69,10,1496,1,6,MAZDA 2,7,E01031253,0,-1
2021522103144,2021,522103144,1,9,0,18,19,3,7,0,0,0,0,0,0,0,1,1,6,6,1,51,8,1349,1,10,MAZDA 2,9,E01014481,0,-1
2021221040135,2021,221040135,1,9,0,18,19,3,7,0,0,0,0,0,0,0,1,1,2,2,1,33,6,2143,2,4,MERCEDES A CLASS,8,W01000458,0,-1
2021451115905,2021,451115905,2,9,0,4,4,1,5,0,0,0,0,0,0,0,2,1,2,2,2,46,8,1796,2,8,MERCEDES A CLASS,9,E01022950,0,-1
2021991072218,2021,991072218,2,9,0,18,19,6,2,0,0,0,0,0,0,0,1,1,6,6,1,22,5,1333,1,3,MERCEDES A CLASS,9,-1,0,-1
2021522105756,2021,522105756,1,9,0,18,19,5,1,0,0,0,0,0,0,0,1,1,6,6,1,20,4,1595,1,3,MERCEDES A CLASS,3,E01014941,0,-1
2021010293592,2021,010293592,1,9,0,2,2,0,0,0,0,8,0,8,0,0,3,1,6,6,3,-1,-1,1332,1,2,MERCEDES A CLASS,-1,-1,0,-1
2021201044668,2021,201044668,2,9,0,18,19,5,1,0,0,8,0,0,0,0,3,1,6,6,2,24,5,1461,2,4,MERCEDES A CLASS,2,E01010533,0,-1
2021131039820,2021,131039820,1,9,0,18,19,-1,-1,0,0,8,0,0,0,0,-1,1,6,6,3,30,6,1332,1,2,MERCEDES A CLASS,-1,-1,0,-1
2021161111777,2021,161111777,1,9,0,18,19,6,2,0,0,0,0,0,0,0,1,1,6,6,1,23,5,1461,2,4,MERCEDES A CLASS,3,E01012817,0,-1
2021010314474,2021,010314474,1,9,0,99,99,9,9,99,99,9,9,99,9,99,2,9,6,6,2,20,4,1461,2,2,MERCEDES A CLASS,8,E01023307,0,-1
2021010335219,2021,010335219,1,9,0,99,99,9,9,99,99,9,9,99,9,99,9,9,6,6,1,28,6,1950,2,0,MERCEDES A CLASS,2,E01003243,0,-1
2021131058126,2021,131058126,1,9,0,17,19,1,5,0,0,1,0,0,1,0,4,1,5,6,1,80,11,1397,1,19,MERCEDES A CLASS,1,E01005324,0,-1
2021501092960,2021,501092960,1,9,0,18,19,1,5,0,0,1,1,0,0,0,1,1,5,6,1,51,8,2034,1,15,MERCEDES A CLASS,10,E01020185,0,-1
2021010305858,2021,010305858,2,9,0,99,99,9,9,99,99,9,9,99,9,99,9,9,6,6,1,49,8,1498,1,10,MERCEDES A CLASS,2,E01001833,0,-1
2021010337612,2021,010337612,1,9,0,9,9,7,5,9,9,6,0,0,0,0,1,1,6,6,2,25,5,1461,2,6,MERCEDES A CLASS,2,E01003489,0,-1
2021010310668,2021,010310668,2,9,0,18,19,1,5,0,0,2,0,0,0,0,3,1,6,6,1,24,5,1595,1,4,MERCEDES A CLASS,2,E01003093,0,-1
2021351042152,2021,351042152,2,9,0,3,3,5,1,0,0,0,0,0,0,0,1,1,5,6,1,24,5,1461,2,4,MERCEDES A CLASS,8,E01015629,0,-1
2021070125807,2021,070125807,1,9,0,12,12,3,8,0,0,1,0,0,0,0,1,1,6,6,2,19,4,1461,2,4,MERCEDES A CLASS,9,E01018650,0,-1
2021010343694,2021,010343694,2,9,0,6,6,3,3,0,0,0,0,0,7,0,3,1,6,6,2,21,5,1461,2,6,MERCEDES A CLASS,8,E01000678,0,-1
2021201107703,2021,201107703,1,9,0,18,19,4,8,0,0,8,0,0,0,0,4,1,6,6,1,36,7,2143,2,7,MERCEDES A CLASS,1,E01009353,0,-1
2021131037485,2021,131037485,1,9,0,7,7,1,5,0,0,5,0,0,1,0,4,1,2,2,2,36,7,1332,1,0,MERCEDES A CLASS,8,E01011051,0,-1
2021010323723,2021,010323723,2,9,0,99,99,9,9,99,99,9,9,99,9,99,9,9,6,6,3,-1,-1,1461,2,2,MERCEDES A CLASS,3,E01004333,0,-1
2021061074562,2021,061074562,2,9,0,18,19,6,2,0,0,6,0,0,0,0,1,1,6,6,1,30,6,1950,2,1,MERCEDES A CLASS,8,E01005768,0,-1
2021010329049,2021,010329049,2,9,0,7,7,5,8,0,0,0,0,0,0,0,2,1,6,6,2,49,8,2143,2,4,MERCEDES A CLASS,2,E01002032,0,-1
2021302101590,2021,302101590,2,9,0,18,19,1,5,0,0,0,0,0,0,0,2,1,6,6,1,26,6,2143,2,5,MERCEDES A CLASS,9,E01008156,0,-1