collision_index,collision_year,collision_ref_no,vehicle_reference,vehicle_type,towing_and_articulation,vehicle_manoeuvre_historic,vehicle_manoeuvre,vehicle_direction_from,vehicle_direction_to,vehicle_location_restricted_lane_historic,vehicle_location_restricted_lane,junction_location,skidding_and_overturning,hit_object_in_carriageway,vehicle_leaving_carriageway,hit_object_off_carriageway,first_point_of_impact,vehicle_left_hand_drive,journey_purpose_of_driver_historic,journey_purpose_of_driver,sex_of_driver,age_of_driver,age_band_of_driver,engine_capacity_cc,propulsion_code,age_of_vehicle,generic_make_model,driver_imd_decile,lsoa_of_driver,escooter_flag,driver_distance_banding
2021141052358,2021,141052358,2,9,0,7,7,4,6,0,0,2,0,0,0,0,0,1,6,6,1,30,6,1461,2,5,MERCEDES A CLASS,3,E01007963,0,-1
2021138230366,2021,138230366,1,9,0,18,19,4,8,0,0,8,0,0,0,0,1,1,1,1,2,46,8,1796,2,7,MERCEDES A CLASS,5,E01011537,0,-1
2021010335478,2021,010335478,1,8,0,18,19,2,6,9,9,1,5,4,1,4,1,1,6,6,1,19,4,1461,2,3,MERCEDES A CLASS,5,E01000663,0,-1
2021451036509,2021,451036509,1,9,0,17,19,8,4,0,0,0,2,0,1,9,4,1,1,1,1,26,6,1332,1,1,MERCEDES A CLASS,6,E01030618,0,-1
202131B098421,2021,31B098421,2,9,0,4,4,5,1,0,0,1,1,0,0,0,1,1,6,6,1,21,5,2143,2,4,MERCEDES A CLASS,4,E01028038,0,-1
2021531119673,2021,531119673,1,9,0,18,19,4,8,0,0,0,0,0,0,0,1,1,2,2,2,62,9,1498,1,14,MERCEDES A CLASS,4,E01022326,0,-1
2021010307656,2021,010307656,2,9,9,99,99,9,9,99,99,9,9,99,9,99,9,9,6,6,3,-1,-1,1950,2,2,MERCEDES A CLASS,-1,-1,0,-1
2021221119607,2021,221119607,4,9,0,18,19,1,5,0,0,0,0,0,0,0,3,1,1,1,1,24,5,1461,2,2,MERCEDES A CLASS,2,E01019572,0,-1
2021010351783,2021,010351783,2,9,0,18,19,7,3,0,0,2,0,0,0,0,2,1,6,6,1,18,4,1461,2,4,MERCEDES A CLASS,2,E01001219,0,-1
2021010300715,2021,010300715,2,9,0,99,99,9,9,99,99,9,9,99,9,99,3,9,6,6,1,55,8,2143,2,3,MERCEDES A CLASS,3,E01002235,0,-1
2021430529517,2021,430529517,2,9,0,18,19,8,4,0,0,8,0,0,0,0,4,1,6,6,1,41,7,1461,2,7,MERCEDES A CLASS,7,E01028620,0,-1
2021061186982,2021,061186982,2,9,0,2,2,1,5,0,0,1,0,0,0,0,0,1,6,6,3,-1,-1,1461,2,9,MERCEDES A CLASS,-1,-1,0,-1
202163C057321,2021,63C057321,1,9,0,18,19,1,6,0,0,8,0,0,3,10,4,1,6,6,1,24,5,1461,2,8,MERCEDES A CLASS,1,W01000570,0,-1
2021010321245,2021,010321245,1,9,0,18,19,4,8,0,0,0,1,11,0,0,1,1,6,6,1,21,5,1595,1,5,MERCEDES A CLASS,4,E01000242,0,-1
2021440358290,2021,440358290,1,9,0,18,19,1,5,0,0,0,0,0,0,0,1,1,6,6,2,18,4,1461,2,4,MERCEDES A CLASS,10,E01027276,0,-1
2021471027949,2021,471027949,1,9,0,18,19,1,5,0,0,8,0,0,0,0,1,1,5,6,2,20,4,1461,2,2,MERCEDES A CLASS,7,E01020970,0,-1
2021052100439,2021,052100439,2,9,0,8,8,8,2,0,0,1,0,0,0,0,2,1,6,6,2,29,6,1332,1,2,MERCEDES A CLASS,1,E01033228,0,-1
2021061069866,2021,061069866,1,9,0,9,9,4,1,0,0,5,0,0,0,0,4,1,6,6,2,25,5,1332,1,2,MERCEDES A CLASS,3,E01005872,0,-1
2021010322608,2021,010322608,2,9,0,5,5,3,7,0,0,0,0,0,0,0,4,1,6,6,3,-1,-1,1332,1,2,MERCEDES A CLASS,-1,-1,0,-1
2021320731981,2021,320731981,2,9,0,4,4,8,4,0,0,0,0,0,0,0,2,1,6,6,2,27,6,2143,2,5,MERCEDES A CLASS,4,E01026079,0,-1
2021041024719,2021,041024719,3,9,0,4,4,3,7,0,0,0,0,0,0,0,2,1,2,2,1,54,8,1332,8,1,MERCEDES A CLASS,4,E01025187,0,-1
2021010299432,2021,010299432,1,9,0,18,19,1,5,0,0,1,0,0,0,0,0,1,6,6,1,19,4,1461,2,5,MERCEDES A CLASS,1,E01002736,0,-1
2021061094045,2021,061094045,1,9,0,18,19,5,1,0,0,8,0,0,0,0,1,1,6,6,2,19,4,2143,2,6,MERCEDES A CLASS,9,E01005508,0,-1
2021010318457,2021,010318457,2,9,0,9,9,6,4,0,0,1,0,0,0,0,3,1,6,6,1,29,6,1950,2,0,MERCEDES A CLASS,5,E01003484,0,-1
2021010299069,2021,010299069,2,9,0,18,19,5,1,0,0,8,0,0,0,0,1,1,6,6,1,21,5,1950,2,2,MERCEDES A CLASS,4,E01001939,0,-1
2021010293598,2021,010293598,2,9,0,99,99,9,9,99,99,9,9,99,9,99,9,9,6,6,1,32,6,1332,8,1,MERCEDES A CLASS,5,E01004486,0,-1
2021031059508,2021,031059508,1,9,0,18,19,8,1,0,0,0,0,0,0,0,4,1,6,6,1,49,8,2143,2,6,MERCEDES A CLASS,7,E01029369,0,-1
2021201137511,2021,201137511,2,9,0,18,19,2,6,0,0,1,0,0,0,0,1,1,6,6,2,26,6,1332,1,3,MERCEDES A CLASS,4,E01009030,0,-1
202134NNC3271,2021,34NNC3271,1,9,0,18,19,5,1,0,0,0,0,0,7,0,1,1,6,6,1,36,7,2143,2,5,MERCEDES A CLASS,1,E01027334,0,-1
2021052101285,2021,052101285,1,9,0,18,19,3,7,0,0,8,0,0,0,0,4,1,6,6,2,25,5,1950,2,0,MERCEDES A CLASS,2,E01007139,0,-1
2021131125084,2021,131125084,1,9,0,7,7,7,5,0,0,0,0,0,0,0,1,1,6,6,1,28,6,1498,1,14,MERCEDES A CLASS,1,E01011671,0,-1
2021461092449,2021,461092449,2,9,0,4,4,3,7,0,0,4,0,0,0,0,2,1,2,2,2,21,5,1461,2,6,MERCEDES A CLASS,5,E01024673,0,-1
2021302100865,2021,302100865,1,9,0,1,1,0,0,0,0,0,0,0,0,0,2,1,6,6,2,51,8,2143,2,6,MERCEDES A CLASS,3,E01032896,0,-1
2021131089034,2021,131089034,1,9,0,9,9,7,5,0,0,8,0,0,0,0,1,1,2,2,2,23,5,2143,2,7,MERCEDES A CLASS,1,E01011312,0,-1
2021211064369,2021,211064369,2,9,0,18,19,4,8,0,0,1,0,0,0,0,4,1,5,6,1,28,6,1461,2,4,MERCEDES A CLASS,5,E01009913,0,-1
2021131119901,2021,131119901,2,9,0,18,19,1,5,0,0,8,0,0,0,0,1,1,5,6,1,39,7,1498,1,15,MERCEDES A CLASS,6,E01010582,0,-1
2021451069239,2021,451069239,1,9,0,18,19,3,7,0,0,0,0,0,1,4,1,1,5,6,1,28,6,1461,2,8,MERCEDES A CLASS,-1,-1,0,-1
2021010345472,2021,010345472,2,9,0,99,99,9,9,99,99,9,9,99,9,99,1,9,6,6,3,-1,-1,1595,1,6,MERCEDES A CLASS,-1,-1,0,-1
2021010297562,2021,010297562,5,9,0,18,19,5,1,0,0,0,0,0,0,0,1,1,6,6,2,39,7,1699,1,11,MERCEDES A CLASS,8,E01003774,0,-1
2021471044838,2021,471044838,3,9,0,18,19,8,4,0,0,0,0,0,0,0,2,1,1,1,1,23,5,1950,2,0,MERCEDES A CLASS,8,E01021209,0,-1
2021010313393,2021,010313393,1,9,0,99,99,9,9,99,99,9,9,99,9,99,9,9,6,6,2,30,6,1461,2,4,MERCEDES A CLASS,10,E01004190,0,-1
2021111028365,2021,111028365,2,9,0,18,19,7,3,0,0,1,0,0,0,0,4,1,3,7,2,34,6,1461,2,6,MERCEDES A CLASS,4,E01020711,0,-1
2021221058227,2021,221058227,1,9,0,18,19,2,6,0,0,0,5,0,1,10,1,1,5,6,2,45,7,2143,2,4,MERCEDES A CLASS,5,E01028990,0,-1
2021991066699,2021,991066699,2,9,0,18,19,2,6,0,0,2,1,0,7,0,3,1,2,2,2,42,7,1595,1,8,MERCEDES A CLASS,7,-1,0,-1
2021070823021,2021,070823021,2,9,0,16,19,5,1,0,0,2,0,0,0,0,1,1,6,6,2,50,8,1461,2,8,MERCEDES A CLASS,5,E01029595,0,-1
2021421056909,2021,421056909,1,9,0,9,9,3,7,0,0,2,0,0,0,0,1,1,6,6,2,66,10,1699,1,16,MERCEDES A CLASS,2,E01015855,0,-1
2021522200701,2021,522200701,3,9,0,18,19,2,6,0,0,0,0,0,0,0,1,1,6,6,1,20,4,1595,1,8,MERCEDES A CLASS,8,E01032630,0,-1
2021461118317,2021,461118317,2,9,0,3,3,1,5,0,0,0,0,0,0,0,1,1,5,6,2,52,8,1991,2,14,MERCEDES A CLASS,3,E01016155,0,-1
2021231020293,2021,231020293,2,9,0,4,4,2,6,0,0,0,0,0,0,0,2,1,5,6,1,24,5,1595,1,5,MERCEDES A CLASS,1,E01033638,0,-1
2021211083555,2021,211083555,1,9,0,5,5,6,2,0,0,4,0,0,0,0,1,1,6,6,1,32,6,2143,2,4,MERCEDES A CLASS,2,E01010446,0,-1
2021201116031,2021,201116031,2,9,0,18,19,4,8,0,0,8,0,0,0,0,4,1,2,2,2,23,5,2143,2,5,MERCEDES A CLASS,6,E01010174,0,-1
2021501104521,2021,501104521,1,9,0,18,19,2,6,0,0,0,0,12,0,0,1,1,5,6,1,42,7,1950,2,2,MERCEDES A CLASS,8,E01020146,0,-1
2021371130570,2021,371130570,1,9,0,18,19,5,1,0,0,7,0,0,0,0,1,1,6,6,2,20,4,1595,1,6,MERCEDES A CLASS,6,E01021730,0,-1
2021430089632,2021,430089632,1,9,0,18,19,8,4,0,0,0,1,0,0,0,1,1,6,6,2,23,5,2143,2,5,MERCEDES A CLASS,6,E01017698,0,-1
2021010347323,2021,010347323,2,9,0,99,99,9,9,99,99,9,9,99,9,99,2,9,6,6,3,44,7,1595,1,6,MERCEDES A CLASS,10,E01000278,0,-1
2021401113782,2021,401113782,1,9,0,4,4,6,2,0,0,1,0,0,0,0,1,1,2,2,2,33,6,1461,2,4,MERCEDES A CLASS,6,E01018182,0,-1
2021451087279,2021,451087279,2,9,0,18,19,1,5,0,0,0,0,0,0,0,4,1,2,2,2,37,7,2143,2,4,MERCEDES A CLASS,5,E01030982,0,-1
2021371099690,2021,371099690,1,9,0,18,19,1,5,0,0,0,0,0,0,0,1,1,5,6,1,24,5,1461,2,7,MERCEDES A CLASS,2,E01029988,0,-1
2021010312311,2021,010312311,2,9,0,99,99,9,9,0,0,9,0,0,0,0,9,1,6,6,1,-1,-1,2143,2,6,MERCEDES A CLASS,-1,-1,0,-1
2021010292752,2021,010292752,1,9,0,99,99,9,9,99,99,9,9,99,9,99,2,9,6,6,2,52,8,1461,2,3,MERCEDES A CLASS,3,E01000432,0,-1
2021201095463,2021,201095463,2,9,0,18,19,2,6,0,0,6,0,0,0,0,1,1,6,6,1,21,5,1332,1,2,MERCEDES A CLASS,8,E01009454,0,-1
2021131071086,2021,131071086,3,9,0,4,4,1,5,0,0,0,0,0,0,0,2,1,5,6,1,24,5,1950,2,2,MERCEDES A CLASS,9,E01011945,0,-1
2021440152884,2021,440152884,2,9,0,18,19,7,3,0,0,8,0,0,0,0,2,1,2,2,2,62,9,1333,1,3,MERCEDES A CLASS,-1,-1,0,-1
2021231110151,2021,231110151,2,9,0,9,9,3,1,0,0,5,0,0,0,0,3,1,5,6,1,33,6,1332,1,0,MERCEDES A CLASS,1,E01010126,0,-1
2021501040187,2021,501040187,2,9,0,15,15,6,2,0,0,0,0,0,0,0,1,1,5,6,2,39,7,2143,2,5,MERCEDES A CLASS,5,E01018935,0,-1
2021501053304,2021,501053304,2,9,0,4,4,7,3,0,0,1,0,0,0,0,2,1,6,6,2,29,6,1461,2,8,MERCEDES A CLASS,2,E01015072,0,-1
2021622100765,2021,622100765,2,9,0,18,19,4,8,0,0,0,0,0,0,0,1,1,6,6,2,21,5,1461,2,5,MERCEDES A CLASS,3,W01001287,0,-1
2021440486763,2021,440486763,2,9,0,7,7,3,4,0,0,8,0,0,0,0,3,1,6,6,2,22,5,1461,2,3,MERCEDES A CLASS,5,E01017024,0,-1
2021451024351,2021,451024351,1,9,0,4,4,7,3,0,0,0,0,0,0,0,2,1,5,6,2,29,6,1595,1,3,MERCEDES A CLASS,10,E01030997,0,-1
2021041120740,2021,041120740,1,9,0,5,5,1,5,0,0,1,0,0,0,0,1,1,5,6,2,43,7,1950,2,1,MERCEDES A CLASS,1,E01025295,0,-1
2021411082420,2021,411082420,1,9,0,5,5,-1,-1,0,0,0,0,0,0,0,1,1,5,6,1,23,5,1461,2,8,MERCEDES A CLASS,8,E01021795,0,-1
2021061140363,2021,061140363,1,9,0,10,10,6,3,0,0,8,0,0,0,0,3,1,6,6,1,19,4,1796,2,9,MERCEDES A CLASS,1,E01005689,0,-1
2021430332390,2021,430332390,1,9,0,1,1,2,8,9,9,6,0,0,0,0,2,1,2,2,1,32,6,1332,8,0,MERCEDES A CLASS,7,E01028470,0,-1
202134WNC0101,2021,34WNC0101,1,9,0,4,4,3,7,0,0,0,0,0,0,0,2,1,2,2,1,45,7,1461,2,5,MERCEDES A CLASS,2,E01027246,0,-1
2021991095715,2021,991095715,1,9,0,18,19,6,2,0,0,1,2,0,1,0,1,1,6,6,1,27,6,1332,1,1,MERCEDES A CLASS,2,-1,0,-1
2021131038865,2021,131038865,1,9,0,18,19,-1,-1,0,0,8,0,0,0,0,-1,1,6,6,3,30,6,1332,1,2,MERCEDES A CLASS,-1,-1,0,-1
2021010328029,2021,010328029,1,9,0,99,99,9,9,99,99,9,9,99,9,99,4,9,6,6,1,53,8,1595,1,3,MERCEDES A CLASS,3,E01001311,0,-1
2021138311740,2021,138311740,2,9,0,18,19,4,8,0,0,0,0,0,0,0,3,1,6,6,2,21,5,2143,2,7,MERCEDES A CLASS,2,E01010667,0,-1
2021991120507,2021,991120507,2,9,0,16,19,7,2,0,0,3,0,0,0,0,1,1,5,6,2,25,5,1461,2,2,MERCEDES A CLASS,-1,-1,0,-1
2021461120858,2021,461120858,2,9,0,10,10,3,7,0,0,0,0,0,0,0,2,1,6,6,2,53,8,1461,2,3,MERCEDES A CLASS,7,E01024388,0,-1
2021122101442,2021,122101442,2,9,0,18,19,1,5,0,0,0,0,0,0,0,1,1,6,6,1,67,10,1461,2,3,MERCEDES A CLASS,10,E01032504,0,-1
2021522104558,2021,522104558,1,9,0,10,10,6,2,0,0,8,0,0,0,0,4,1,6,6,2,65,9,1332,1,1,MERCEDES A CLASS,1,E01014582,0,-1
2021320497620,2021,320497620,1,9,0,18,19,6,2,0,0,3,0,0,0,0,1,1,2,2,1,44,7,1950,2,0,MERCEDES A CLASS,7,E01028405,0,-1
2021461095141,2021,461095141,2,9,0,2,2,0,0,0,0,1,0,0,0,0,2,1,5,6,2,-1,-1,1332,8,1,MERCEDES A CLASS,2,E01024277,0,-1
2021991069882,2021,991069882,1,9,0,9,9,1,7,0,0,2,0,0,0,0,1,1,5,6,2,20,4,1461,2,2,MERCEDES A CLASS,8,-1,0,-1
202134WNC2141,2021,34WNC2141,3,9,0,3,3,7,3,0,0,0,0,0,0,0,2,1,6,6,2,40,7,1332,1,3,MERCEDES A CLASS,3,E01027238,0,-1
2021161028993,2021,161028993,1,9,0,5,5,1,5,0,0,1,0,0,0,0,1,1,5,6,2,29,6,1461,2,7,MERCEDES A CLASS,-1,-1,0,-1
2021010349832,2021,010349832,2,9,9,99,99,9,9,0,0,9,5,0,0,0,4,9,6,6,1,-1,-1,1332,1,0,MERCEDES A CLASS,2,E01003528,0,-1
2021201081061,2021,201081061,3,9,0,2,2,0,0,0,0,1,0,0,0,0,4,1,6,6,2,39,7,1461,2,4,MERCEDES A CLASS,5,E01009227,0,-1
2021010287884,2021,010287884,1,9,0,18,19,3,7,0,0,1,0,11,0,0,4,1,6,6,1,27,6,1498,1,10,MERCEDES A CLASS,2,E01004535,0,-1
2021070837577,2021,070837577,2,9,0,16,19,2,6,0,0,3,0,0,0,0,4,1,6,6,1,26,6,1461,2,6,MERCEDES A CLASS,-1,-1,0,-1
2021430230265,2021,430230265,1,9,0,18,19,2,6,0,0,4,0,0,0,0,1,1,6,6,1,32,6,2143,2,6,MERCEDES A CLASS,6,E01016737,0,-1
2021201050746,2021,201050746,2,9,0,2,2,0,0,0,0,0,0,0,0,0,2,1,6,6,1,26,6,1332,1,3,MERCEDES A CLASS,2,E01008915,0,-1
2021010340172,2021,010340172,2,9,0,99,99,9,9,99,99,9,9,99,9,99,1,9,6,6,3,-1,-1,1461,2,2,MERCEDES A CLASS,-1,-1,0,-1
2021201061520,2021,201061520,2,9,0,18,19,4,8,0,0,0,0,0,0,0,3,1,6,6,1,22,5,1461,2,7,MERCEDES A CLASS,1,E01008905,0,-1
2021471085509,2021,471085509,1,9,0,18,19,7,3,0,0,0,0,0,0,0,1,1,5,6,1,60,9,2034,1,16,MERCEDES A CLASS,9,E01031532,0,-1
2021461067645,2021,461067645,2,9,0,2,2,0,0,0,0,0,0,0,0,0,4,1,6,6,2,-1,-1,1796,2,7,MERCEDES A CLASS,5,E01016158,0,-1
2021061069773,2021,061069773,2,9,0,2,2,1,5,0,0,1,0,0,0,0,2,1,6,6,3,-1,-1,1332,8,1,MERCEDES A CLASS,-1,-1,0,-1
2021010317480,2021,010317480,1,9,0,99,99,9,9,99,99,0,9,99,9,99,2,9,2,2,1,40,7,1332,1,1,MERCEDES A CLASS,4,E01001418,0,-1
2021010337188,2021,010337188,2,9,9,6,6,5,5,99,99,9,9,99,9,99,9,9,6,6,1,21,5,1461,2,4,MERCEDES A CLASS,-1,-1,0,-1
2021991063513,2021,991063513,2,9,0,18,19,7,3,0,0,0,0,0,0,0,1,1,2,2,1,29,6,1991,1,5,MERCEDES A CLASS,2,-1,0,-1
2021320122004,2021,320122004,2,9,0,18,19,6,2,0,0,0,0,0,0,0,2,1,1,1,2,24,5,2143,2,6,MERCEDES A CLASS,4,E01026019,0,-1
2021421095284,2021,421095284,2,9,0,18,19,2,6,0,0,0,0,0,0,0,1,1,6,6,2,21,5,1461,2,2,MERCEDES A CLASS,6,E01023469,0,-1
2021101090768,2021,101090768,1,9,0,18,19,3,7,0,0,1,0,0,0,0,3,1,5,6,1,29,6,2143,2,5,MERCEDES A CLASS,10,E01008579,0,-1
2021440384222,2021,440384222,1,9,0,1,1,3,7,0,0,8,0,0,0,0,2,1,6,6,2,23,5,1595,1,5,MERCEDES A CLASS,9,E01031475,0,-1
2021421118002,2021,421118002,2,9,0,18,19,4,7,0,0,0,0,0,0,0,3,1,2,2,2,55,8,1332,1,0,MERCEDES A CLASS,10,E01021402,0,-1
2021010322843,2021,010322843,2,9,0,17,19,3,8,0,0,8,0,0,1,11,2,1,6,6,1,19,4,1461,2,2,MERCEDES A CLASS,5,E01003134,0,-1
2021411020298,2021,411020298,1,9,0,16,19,7,6,0,0,0,1,0,0,0,1,1,1,1,2,29,6,1461,2,3,MERCEDES A CLASS,1,E01001410,0,-1
2021991064897,2021,991064897,2,9,0,4,4,7,3,0,0,1,0,0,0,0,2,1,1,1,1,42,7,1498,1,12,MERCEDES A CLASS,4,-1,0,-1
2021302100556,2021,302100556,3,9,0,2,2,0,0,0,0,2,0,0,0,0,0,1,6,6,2,32,6,2143,2,7,MERCEDES A CLASS,9,E01019835,0,-1
2021201081152,2021,201081152,2,9,0,8,8,8,3,0,0,1,0,0,0,0,2,1,6,6,2,24,5,1332,1,2,MERCEDES A CLASS,7,E01009974,0,-1
2021010347281,2021,010347281,2,9,0,9,9,7,5,0,0,5,0,0,0,0,3,2,6,6,1,20,4,2143,2,4,MERCEDES A CLASS,6,E01002618,0,-1
2021501065564,2021,501065564,2,9,0,4,4,4,8,0,0,0,1,0,0,0,2,1,5,6,2,22,5,1461,2,6,MERCEDES A CLASS,6,E01020202,0,-1
2021201144031,2021,201144031,1,9,0,18,19,2,6,0,0,0,0,10,1,4,1,1,6,6,1,27,6,1461,2,8,MERCEDES A CLASS,2,E01010559,0,-1
2021440307498,2021,440307498,2,9,0,3,3,2,5,0,0,0,0,0,0,0,1,1,6,6,1,61,9,1461,2,7,MERCEDES A CLASS,8,E01022871,0,-1
2021461116534,2021,461116534,4,9,0,18,19,3,7,0,0,0,0,0,0,0,1,1,6,6,1,31,6,1332,8,0,MERCEDES A CLASS,6,E01033736,0,-1
2021201140136,2021,201140136,5,9,0,18,19,5,1,0,0,0,0,0,0,0,2,1,6,6,1,20,4,1595,1,4,MERCEDES A CLASS,7,E01009652,0,-1
2021421111761,2021,421111761,2,9,0,5,5,1,3,0,0,0,0,0,0,0,1,1,6,6,1,19,4,2143,2,5,MERCEDES A CLASS,3,E01021490,0,-1
2021010334833,2021,010334833,3,9,0,18,19,5,1,0,0,1,0,0,0,0,1,1,6,6,1,18,4,1332,1,1,MERCEDES A CLASS,5,E01023303,0,-1
2021471103046,2021,471103046,1,9,0,18,19,7,3,0,0,0,0,0,0,0,2,1,5,6,1,53,8,1397,1,20,MERCEDES A CLASS,3,E01016860,0,-1
2021549762121,2021,549762121,2,9,0,7,7,7,1,0,0,1,0,0,0,0,3,1,6,6,2,47,8,1950,2,0,MERCEDES A CLASS,9,E01015481,0,-1
2021421063462,2021,421063462,1,9,0,18,19,5,1,0,0,1,0,0,0,0,1,1,6,6,1,39,7,1397,1,17,MERCEDES A CLASS,3,E01021847,0,-1
2021320261289,2021,320261289,2,9,0,9,9,4,2,0,0,2,0,0,0,0,2,1,2,2,2,34,6,1461,2,4,MERCEDES A CLASS,7,E01032989,0,-1
2021010333467,2021,010333467,1,9,0,99,99,9,9,99,99,0,9,99,9,99,9,9,6,6,3,22,5,1332,1,0,MERCEDES A CLASS,7,E01015977,0,-1
2021010325649,2021,010325649,2,9,0,99,99,9,9,99,99,9,9,99,9,99,1,9,6,6,3,-1,-1,1461,2,6,MERCEDES A CLASS,2,E01003607,0,-1
2021101031948,2021,101031948,1,9,0,1,1,3,7,9,9,6,0,0,0,0,2,1,3,7,2,36,7,1461,2,7,MERCEDES A CLASS,2,E01008261,0,-1
2021201122223,2021,201122223,2,9,0,10,10,1,7,0,0,1,0,0,0,0,2,1,6,6,2,41,7,1461,2,6,MERCEDES A CLASS,1,E01009482,0,-1
2021451020986,2021,451020986,2,9,0,1,1,7,3,0,0,6,0,0,0,0,2,1,5,6,1,47,8,1991,1,5,MERCEDES A CLASS,2,E01030497,0,-1
2021010351730,2021,010351730,1,9,0,18,19,7,3,0,0,1,0,0,0,0,1,1,6,6,1,23,5,1991,1,8,MERCEDES A CLASS,2,E01002493,0,-1
2021010305090,2021,010305090,1,9,0,2,2,0,0,99,99,0,0,0,0,0,9,1,6,6,3,-1,-1,1595,1,5,MERCEDES A CLASS,-1,-1,0,-1
2021211084427,2021,211084427,2,9,0,18,19,4,8,0,0,8,0,0,0,0,1,1,6,6,1,37,7,2143,2,5,MERCEDES A CLASS,9,E01029479,0,-1
2021440487037,2021,440487037,2,9,0,18,19,5,1,0,0,4,0,0,0,0,3,1,6,6,2,41,7,2143,2,4,MERCEDES A CLASS,4,E01022916,0,-1
2021010329960,2021,010329960,1,9,0,9,9,1,6,0,0,5,0,0,0,0,4,1,6,6,1,21,5,1461,2,6,MERCEDES A CLASS,3,E01000058,0,-1
2021501028757,2021,501028757,1,9,0,18,19,4,8,0,0,1,0,0,0,0,1,1,6,6,3,-1,-1,1796,2,8,MERCEDES A CLASS,-1,-1,0,-1
2021302100420,2021,302100420,1,9,0,18,19,4,8,0,0,0,0,0,0,0,1,1,6,6,1,23,5,1796,2,7,MERCEDES A CLASS,4,E01019504,0,-1
2021161037883,2021,161037883,2,9,0,18,19,2,7,0,0,1,0,0,0,0,1,1,5,6,2,21,5,1595,1,4,MERCEDES A CLASS,9,E01013148,0,-1
2021201137256,2021,201137256,1,9,0,18,19,4,8,0,0,0,0,0,0,0,2,1,6,6,1,28,6,1332,1,1,MERCEDES A CLASS,1,E01009376,0,-1
2021411118646,2021,411118646,5,9,0,2,2,0,0,6,6,1,0,0,0,0,3,1,6,6,3,-1,-1,1461,2,5,MERCEDES A CLASS,-1,-1,0,-1
2021010301624,2021,010301624,1,9,0,99,99,9,9,99,99,9,9,99,9,99,2,9,2,2,1,19,4,1332,1,3,MERCEDES A CLASS,4,E01003077,0,-1
2021440330673,2021,440330673,1,9,0,18,19,1,5,0,0,2,1,0,0,0,1,1,6,6,1,50,8,1992,2,14,MERCEDES A CLASS,7,E01022946,0,-1
2021451127638,2021,451127638,1,9,0,18,19,7,3,0,0,0,0,0,1,0,3,1,2,2,2,20,4,1461,2,3,MERCEDES A CLASS,10,E01030831,0,-1
2021010310866,2021,010310866,2,9,0,7,7,3,6,0,0,1,0,0,0,0,1,1,2,2,2,56,9,1332,1,1,MERCEDES A CLASS,8,E01030491,0,-1
2021010312766,2021,010312766,1,9,0,7,7,5,7,0,0,5,0,0,0,0,4,1,6,6,1,25,5,1950,2,0,MERCEDES A CLASS,5,E01003161,0,-1
2021421044287,2021,421044287,2,9,0,5,5,5,1,0,0,0,0,0,0,0,0,1,5,6,1,47,8,1498,1,11,MERCEDES A CLASS,5,E01021261,0,-1
2021547044421,2021,547044421,1,9,0,1,1,0,0,0,0,0,0,0,0,0,2,1,6,6,1,44,7,1796,2,8,MERCEDES A CLASS,4,E01031862,0,-1
2021061097345,2021,061097345,2,9,0,3,3,5,1,0,0,1,0,0,0,0,2,1,5,6,2,33,6,1595,1,3,MERCEDES A CLASS,9,E01005038,0,-1
2021302101433,2021,302101433,2,9,0,9,9,4,2,0,0,5,0,0,0,0,4,1,6,6,1,32,6,1595,1,4,MERCEDES A CLASS,10,E01019783,0,-1
2021201119533,2021,201119533,1,9,0,18,19,6,2,0,0,0,0,10,4,4,1,1,6,6,1,20,4,1461,2,4,MERCEDES A CLASS,1,E01009372,0,-1
2021010325329,2021,010325329,2,9,0,99,99,9,9,99,99,9,9,99,9,99,1,9,6,6,2,-1,-1,1498,1,15,MERCEDES A CLASS,3,E01002559,0,-1
2021061098055,2021,061098055,1,9,0,18,19,1,5,0,0,0,0,0,0,0,0,1,6,6,1,30,6,1595,1,6,MERCEDES A CLASS,2,E01004824,0,-1
2021141026803,2021,141026803,2,9,0,16,19,4,8,0,0,0,0,0,0,0,1,1,1,1,1,57,9,1461,2,5,MERCEDES A CLASS,1,E01008022,0,-1
2021421034218,2021,421034218,2,9,0,17,19,7,3,0,0,0,0,0,0,0,3,1,5,6,1,24,5,1332,1,0,MERCEDES A CLASS,5,E01003703,0,-1
2021421058137,2021,421058137,1,9,0,4,4,7,3,0,0,0,0,0,0,0,1,1,6,6,2,31,6,1991,1,5,MERCEDES A CLASS,10,E01022084,0,-1
2021052102562,2021,052102562,2,9,0,2,2,0,0,0,0,0,0,0,0,0,1,1,6,6,3,-1,-1,1498,1,11,MERCEDES A CLASS,-1,-1,0,-1
2021221090460,2021,221090460,1,9,0,11,11,4,8,0,0,0,0,0,0,0,1,1,5,6,1,30,6,2143,2,5,MERCEDES A CLASS,5,E01014171,0,-1
2021010313410,2021,010313410,1,9,0,9,9,3,2,0,0,5,0,0,0,0,4,1,6,6,2,47,8,1498,1,12,MERCEDES A CLASS,3,E01004229,0,-1