collision_index,collision_year,collision_ref_no,vehicle_reference,vehicle_type,towing_and_articulation,vehicle_manoeuvre_historic,vehicle_manoeuvre,vehicle_direction_from,vehicle_direction_to,vehicle_location_restricted_lane_historic,vehicle_location_restricted_lane,junction_location,skidding_and_overturning,hit_object_in_carriageway,vehicle_leaving_carriageway,hit_object_off_carriageway,first_point_of_impact,vehicle_left_hand_drive,journey_purpose_of_driver_historic,journey_purpose_of_driver,sex_of_driver,age_of_driver,age_band_of_driver,engine_capacity_cc,propulsion_code,age_of_vehicle,generic_make_model,driver_imd_decile,lsoa_of_driver,escooter_flag,driver_distance_banding
2021201106461,2021,201106461,3,9,0,18,19,4,8,0,0,1,0,0,0,0,1,1,6,6,1,32,6,1461,2,6,MERCEDES A CLASS,1,E01008905,0,-1
2021991062437,2021,991062437,2,9,0,18,19,1,6,0,0,1,0,0,0,0,1,1,2,2,2,21,5,2143,2,4,MERCEDES A CLASS,2,-1,0,-1
2021041115625,2021,041115625,1,9,0,10,10,4,1,0,0,1,0,0,0,0,1,2,6,6,2,24,5,1461,2,4,MERCEDES A CLASS,9,E01012609,0,-1
2021231043466,2021,231043466,1,9,0,12,12,6,4,0,0,8,0,0,0,0,3,1,6,6,2,37,7,1332,1,3,MERCEDES A CLASS,5,E01014154,0,-1
2021010317014,2021,010317014,1,9,0,9,9,4,2,0,0,5,0,0,0,0,1,1,6,6,2,59,9,1498,1,12,MERCEDES A CLASS,2,E01002087,0,-1
2021471057104,2021,471057104,1,9,0,18,19,2,6,0,0,0,0,0,0,0,1,1,6,6,1,-1,-1,1992,2,15,MERCEDES A CLASS,-1,-1,0,-1
2021131117203,2021,131117203,1,9,0,18,19,7,3,0,0,0,0,0,0,0,1,1,2,2,2,19,4,1461,2,7,MERCEDES A CLASS,6,E01011548,0,-1
2021010319663,2021,010319663,2,9,0,9,9,5,3,0,0,8,9,0,0,99,3,9,6,6,2,-1,-1,2143,2,4,MERCEDES A CLASS,-1,-1,0,-1
2021031057010,2021,031057010,3,9,0,3,3,6,1,0,0,1,0,0,0,0,0,1,1,1,2,26,6,1950,2,2,MERCEDES A CLASS,6,E01019100,0,-1
2021471125986,2021,471125986,1,9,0,18,19,8,3,0,0,0,0,4,0,0,1,1,5,6,1,36,7,1595,1,5,MERCEDES A CLASS,7,E01021160,0,-1
2021421074496,2021,421074496,1,9,0,9,9,7,5,0,0,6,0,0,0,0,1,1,6,6,2,50,8,2143,2,4,MERCEDES A CLASS,2,E01015921,0,-1
2021010316889,2021,010316889,2,9,0,99,99,9,9,99,99,0,9,99,9,99,9,9,6,6,3,39,7,1333,1,3,MERCEDES A CLASS,3,E01003549,0,-1
2021451117476,2021,451117476,2,9,0,9,9,5,3,0,0,0,0,0,0,0,2,1,5,6,2,34,6,1461,2,8,MERCEDES A CLASS,9,E01022879,0,-1
2021471014067,2021,471014067,2,9,0,3,3,4,8,0,0,1,0,0,0,0,2,1,5,6,1,30,6,1796,2,7,MERCEDES A CLASS,5,E01016851,0,-1
2021141048515,2021,141048515,1,9,0,9,9,1,8,0,0,0,0,0,0,0,2,1,5,6,2,21,5,1461,2,7,MERCEDES A CLASS,8,E01007485,0,-1
2021010323067,2021,010323067,1,9,0,3,3,5,1,0,0,1,0,0,0,0,2,1,2,2,1,43,7,1461,2,2,MERCEDES A CLASS,2,E01003558,0,-1
2021010309762,2021,010309762,1,9,0,5,5,0,1,0,0,1,0,0,0,0,1,1,3,7,1,21,5,1595,1,3,MERCEDES A CLASS,6,E01002541,0,-1
2021430265092,2021,430265092,1,9,0,18,19,7,3,0,0,8,0,0,0,0,4,1,2,2,2,27,6,1461,2,7,MERCEDES A CLASS,4,E01016457,0,-1
2021010310337,2021,010310337,1,9,0,7,7,7,2,0,0,8,0,0,0,0,1,1,6,6,1,21,5,1461,2,7,MERCEDES A CLASS,7,E01001313,0,-1
2021430545203,2021,430545203,2,9,0,12,12,8,4,0,0,0,0,0,0,0,3,1,2,2,1,41,7,2143,2,7,MERCEDES A CLASS,9,E01016292,0,-1
2021161059379,2021,161059379,1,9,0,18,19,1,5,0,0,1,0,11,0,0,4,1,2,2,2,23,5,1461,2,6,MERCEDES A CLASS,7,E01013096,0,-1
2021010317425,2021,010317425,1,9,0,7,7,5,8,0,0,3,0,0,0,0,1,1,6,6,2,32,6,1332,1,2,MERCEDES A CLASS,4,E01003450,0,-1
2021411057187,2021,411057187,1,9,0,4,4,6,2,9,9,4,2,10,1,2,1,1,5,6,1,25,5,1991,1,1,MERCEDES A CLASS,1,E01015699,0,-1
2021010342131,2021,010342131,2,9,0,99,99,9,9,99,99,9,9,99,9,99,9,9,6,6,3,-1,-1,1595,1,5,MERCEDES A CLASS,-1,-1,0,-1
2021010349555,2021,010349555,4,9,0,2,2,0,0,0,0,1,0,0,0,0,1,1,6,6,3,-1,-1,1332,8,1,MERCEDES A CLASS,-1,-1,0,-1
2021010310546,2021,010310546,3,9,0,18,19,3,7,0,0,1,0,0,0,0,3,1,6,6,2,24,5,1461,2,3,MERCEDES A CLASS,1,E01004420,0,-1
2021430099853,2021,430099853,1,9,0,18,19,1,5,0,0,1,0,0,0,0,1,1,6,6,2,-1,-1,1332,1,2,MERCEDES A CLASS,-1,-1,0,-1
2021201065290,2021,201065290,2,9,0,18,19,2,6,0,0,8,0,0,0,0,1,1,2,2,2,35,6,1461,2,6,MERCEDES A CLASS,1,E01009297,0,-1
2021131115851,2021,131115851,2,9,0,9,9,7,5,0,0,1,0,0,0,0,3,1,6,6,2,41,7,1461,2,7,MERCEDES A CLASS,1,E01011004,0,-1
2021361084425,2021,361084425,2,9,0,18,19,3,7,0,0,0,0,0,0,0,1,1,5,6,2,59,9,1461,2,4,MERCEDES A CLASS,6,E01029930,0,-1
2021101111265,2021,101111265,3,9,0,18,19,8,4,0,0,0,0,0,0,0,3,1,6,6,1,26,6,1332,1,1,MERCEDES A CLASS,-1,-1,0,-1
2021010299803,2021,010299803,2,9,0,9,9,2,7,0,0,2,0,0,0,0,3,1,1,1,1,40,7,1498,1,13,MERCEDES A CLASS,8,E01003669,0,-1
2021010348000,2021,010348000,1,9,0,99,99,9,9,99,99,9,9,99,9,99,9,9,6,6,2,25,5,1332,1,1,MERCEDES A CLASS,3,E01003017,0,-1
2021401019304,2021,401019304,3,9,0,4,4,1,5,0,0,0,0,0,0,0,2,1,5,6,1,24,5,2143,2,6,MERCEDES A CLASS,8,E01017583,0,-1
2021430079448,2021,430079448,1,9,0,13,13,8,4,0,0,0,0,0,0,0,1,1,6,6,2,26,6,1461,2,6,MERCEDES A CLASS,7,E01016840,0,-1
2021440293784,2021,440293784,2,9,0,2,2,0,0,0,0,0,0,0,0,0,2,1,6,6,1,-1,-1,1699,1,16,MERCEDES A CLASS,-1,-1,0,-1
2021131041004,2021,131041004,2,9,0,18,19,5,1,0,0,8,0,0,0,0,2,1,6,6,1,54,8,1991,2,11,MERCEDES A CLASS,10,E01011120,0,-1
2021461098304,2021,461098304,2,9,0,18,19,2,4,0,0,0,1,0,8,0,3,1,5,6,2,56,9,1595,1,5,MERCEDES A CLASS,6,E01001077,0,-1
2021010330608,2021,010330608,1,9,0,18,19,7,3,0,0,0,0,0,7,11,1,1,6,6,1,26,6,1595,1,5,MERCEDES A CLASS,3,E01003926,0,-1
2021201142487,2021,201142487,3,9,0,2,2,0,0,0,0,2,0,0,0,0,2,1,6,6,1,26,6,2143,2,5,MERCEDES A CLASS,1,E01009344,0,-1
2021010307890,2021,010307890,2,9,0,18,19,7,3,0,0,0,0,0,0,0,1,1,6,6,1,30,6,1595,1,7,MERCEDES A CLASS,3,E01004571,0,-1
2021010349801,2021,010349801,1,9,0,7,7,5,6,0,0,6,0,0,0,0,3,1,6,6,2,50,8,1332,8,0,MERCEDES A CLASS,6,E01003752,0,-1
2021421120288,2021,421120288,2,9,0,2,2,4,7,9,9,2,0,4,0,0,3,1,5,6,1,26,6,1595,1,4,MERCEDES A CLASS,3,E01021955,0,-1
2021010330120,2021,010330120,2,9,0,99,99,9,9,99,99,9,9,99,9,99,1,9,6,6,3,-1,-1,1461,2,3,MERCEDES A CLASS,-1,-1,0,-1
2021351108667,2021,351108667,1,9,0,9,9,1,7,0,0,8,0,0,0,0,1,1,2,2,2,20,4,1332,1,2,MERCEDES A CLASS,8,E01018290,0,-1
2021552100266,2021,552100266,1,9,0,13,13,3,7,0,0,0,0,0,1,11,1,1,6,6,1,18,4,1332,1,3,MERCEDES A CLASS,6,E01015402,0,-1
2021552100328,2021,552100328,1,9,0,18,19,7,3,0,0,8,0,0,0,0,2,1,6,6,1,24,5,1332,1,2,MERCEDES A CLASS,6,E01003026,0,-1
2021440219729,2021,440219729,2,9,0,18,19,8,4,0,0,8,0,0,0,0,1,1,2,2,1,28,6,2143,2,4,MERCEDES A CLASS,2,E01017140,0,-1
2021520102210,2021,520102210,1,9,0,3,3,4,8,0,0,0,0,0,0,0,2,1,6,6,2,44,7,1461,2,6,MERCEDES A CLASS,8,E01029282,0,-1
2021010328021,2021,010328021,1,9,0,12,12,1,5,0,0,0,0,0,0,0,3,1,6,6,2,26,6,1332,1,0,MERCEDES A CLASS,-1,-1,0,-1
2021622100308,2021,622100308,1,9,0,18,19,6,2,0,0,0,0,4,0,0,1,1,6,6,1,68,10,1498,1,9,MERCEDES A CLASS,5,W01000887,0,-1
2021302100607,2021,302100607,1,9,0,18,19,6,8,0,0,4,0,0,0,0,1,1,6,6,1,21,5,1595,1,5,MERCEDES A CLASS,4,E01019503,0,-1
2021520201370,2021,520201370,1,9,0,9,9,5,8,0,0,8,0,0,0,0,1,1,6,6,2,49,8,1461,2,2,MERCEDES A CLASS,5,E01029058,0,-1
2021010332857,2021,010332857,2,9,0,99,99,9,9,99,99,9,9,99,9,99,9,9,6,6,3,-1,-1,1595,1,4,MERCEDES A CLASS,-1,-1,0,-1
2021010318231,2021,010318231,3,9,0,7,7,7,2,0,0,8,0,0,0,0,1,1,6,6,2,30,6,1595,1,5,MERCEDES A CLASS,4,E01001023,0,-1
2021010321149,2021,010321149,2,9,0,4,4,5,1,0,0,0,0,0,0,0,3,1,6,6,2,29,6,1991,1,5,MERCEDES A CLASS,5,E01000037,0,-1
2021461114379,2021,461114379,1,9,0,3,3,2,6,0,0,1,0,0,0,0,2,1,5,6,2,54,8,1689,2,17,MERCEDES A CLASS,1,E01024657,0,-1
2021010293196,2021,010293196,1,9,0,18,19,7,3,0,0,1,0,0,0,0,4,1,6,6,1,23,5,1461,2,5,MERCEDES A CLASS,4,E01001928,0,-1
2021052100605,2021,052100605,1,9,0,7,7,6,8,0,0,6,0,0,0,0,1,1,6,6,2,35,6,2143,2,5,MERCEDES A CLASS,2,E01007239,0,-1
2021991108005,2021,991108005,2,9,0,16,19,4,7,0,0,8,1,0,1,0,1,1,5,6,2,21,5,1461,2,4,MERCEDES A CLASS,7,-1,0,-1
2021461083425,2021,461083425,1,9,0,18,19,8,4,0,0,0,0,0,0,0,4,1,6,6,1,-1,-1,1689,2,17,MERCEDES A CLASS,1,E01016019,0,-1
2021461042499,2021,461042499,2,9,0,18,19,7,3,0,0,1,0,0,0,0,4,1,5,6,1,21,5,2143,2,4,MERCEDES A CLASS,3,E01003068,0,-1
2021010342242,2021,010342242,1,9,0,5,5,0,1,0,0,6,0,0,0,0,0,1,6,6,2,35,6,1461,2,7,MERCEDES A CLASS,2,E01004537,0,-1
2021421098023,2021,421098023,1,9,0,5,5,7,3,0,0,0,0,0,0,0,3,1,1,1,1,54,8,1332,8,1,MERCEDES A CLASS,7,E01021759,0,-1
2021531099868,2021,531099868,1,9,0,12,12,5,1,0,0,0,0,0,0,0,3,1,5,6,2,68,10,1796,2,8,MERCEDES A CLASS,9,E01023375,0,-1
2021161109435,2021,161109435,1,9,0,18,19,1,5,0,0,0,0,0,0,0,1,1,2,2,2,29,6,1332,1,0,MERCEDES A CLASS,9,E01013168,0,-1
2021122100775,2021,122100775,1,9,0,9,9,3,1,0,0,8,0,0,0,0,3,1,6,6,1,41,7,1595,1,4,MERCEDES A CLASS,-1,-1,0,-1
2021010297649,2021,010297649,1,9,0,99,99,9,9,99,99,9,9,99,9,99,1,9,6,6,1,40,7,1461,2,7,MERCEDES A CLASS,2,E01004224,0,-1
2021010336173,2021,010336173,3,9,0,18,19,1,5,0,0,0,0,0,0,0,2,1,6,6,2,56,9,1991,2,10,MERCEDES A CLASS,10,E01023948,0,-1
2021070628036,2021,070628036,1,9,0,7,7,5,1,0,0,6,0,0,0,0,1,1,6,6,2,30,6,1461,2,4,MERCEDES A CLASS,-1,-1,0,-1
2021010340935,2021,010340935,1,9,0,18,19,3,7,0,0,8,0,0,0,0,1,1,6,6,2,46,8,1332,1,0,MERCEDES A CLASS,6,E01000677,0,-1
2021991104859,2021,991104859,1,9,0,18,19,4,8,0,0,1,0,0,0,0,1,1,1,1,1,21,5,1332,1,1,MERCEDES A CLASS,6,E01002826,0,-1
2021010347418,2021,010347418,1,9,0,99,99,9,9,99,99,0,9,99,9,99,2,9,6,6,1,30,6,1332,1,0,MERCEDES A CLASS,-1,-1,0,-1
2021010314013,2021,010314013,2,9,0,18,19,3,7,0,0,0,0,0,0,0,1,1,6,6,1,28,6,1461,2,7,MERCEDES A CLASS,8,E01033612,0,-1
2021161033130,2021,161033130,1,9,0,18,19,1,5,0,0,8,0,10,3,11,1,1,2,2,1,67,10,1332,1,1,MERCEDES A CLASS,7,E01013307,0,-1
2021531077500,2021,531077500,1,9,0,18,19,5,1,0,0,1,0,0,1,0,1,1,6,6,2,34,6,2143,2,3,MERCEDES A CLASS,5,E01022244,0,-1
2021211074863,2021,211074863,4,9,0,4,4,7,5,0,0,0,0,0,0,0,2,1,5,6,1,28,6,2143,2,5,MERCEDES A CLASS,-1,-1,0,-1
2021010320428,2021,010320428,1,9,0,7,7,1,3,0,0,8,0,0,0,0,4,1,6,6,2,50,8,1991,2,10,MERCEDES A CLASS,2,E01003925,0,-1
2021131092219,2021,131092219,2,9,0,3,3,7,3,0,0,8,0,0,0,0,2,1,6,6,1,33,6,2143,2,6,MERCEDES A CLASS,4,E01010601,0,-1
2021201073652,2021,201073652,2,9,0,18,19,8,4,0,0,8,0,0,0,0,4,1,6,6,2,29,6,1461,2,4,MERCEDES A CLASS,6,E01009066,0,-1
2021010315306,2021,010315306,2,9,0,99,99,9,9,99,99,9,9,99,9,99,1,9,6,6,3,-1,-1,1461,2,5,MERCEDES A CLASS,-1,-1,0,-1
2021471013650,2021,471013650,1,9,0,7,7,4,6,0,0,5,0,0,0,0,4,1,6,6,2,25,5,1595,1,4,MERCEDES A CLASS,4,E01021076,0,-1
2021010347422,2021,010347422,1,9,0,99,99,9,9,99,99,0,9,99,9,99,2,9,6,6,1,31,6,1332,1,1,MERCEDES A CLASS,1,E01002800,0,-1
2021361097792,2021,361097792,1,9,0,18,19,3,7,0,0,0,0,0,0,0,1,1,5,6,1,62,9,1461,2,5,MERCEDES A CLASS,7,E01026655,0,-1
2021010327506,2021,010327506,2,9,0,4,4,7,3,0,0,1,0,0,0,0,1,1,6,6,1,40,7,1950,2,1,MERCEDES A CLASS,3,E01003014,0,-1
2021421026289,2021,421026289,3,9,0,18,19,2,6,0,0,0,0,0,0,0,2,1,6,6,1,59,9,1332,8,1,MERCEDES A CLASS,10,E01033444,0,-1
2021311081156,2021,311081156,1,9,0,4,4,6,1,0,0,0,0,0,0,0,2,1,5,6,2,56,9,1332,1,2,MERCEDES A CLASS,9,E01027936,0,-1
2021531097441,2021,531097441,2,9,0,3,3,-1,-1,0,0,0,0,0,0,0,2,1,5,6,1,46,8,1461,2,3,MERCEDES A CLASS,9,E01022422,0,-1
2021201062774,2021,201062774,2,9,0,2,2,-1,-1,6,6,0,0,0,0,0,3,1,6,6,2,34,6,1332,1,2,MERCEDES A CLASS,3,E01009763,0,-1
2021451057221,2021,451057221,5,9,0,18,19,3,7,0,0,0,0,0,0,0,2,1,5,6,1,61,9,1332,1,1,MERCEDES A CLASS,4,E01003436,0,-1
2021201124505,2021,201124505,1,9,0,12,12,6,2,0,0,1,0,0,0,0,1,1,6,6,2,-1,-1,1461,2,2,MERCEDES A CLASS,-1,-1,0,-1
2021461125255,2021,461125255,2,9,0,18,19,1,5,0,0,0,0,0,0,0,2,1,6,6,1,27,6,1461,2,5,MERCEDES A CLASS,1,E01003246,0,-1
2021010314624,2021,010314624,1,9,0,7,7,5,8,0,0,4,0,10,0,0,4,1,6,6,1,25,5,1595,1,5,MERCEDES A CLASS,6,E01002674,0,-1
2021010308976,2021,010308976,1,9,0,18,19,1,5,0,0,0,0,0,0,0,1,1,6,6,1,50,8,1332,1,1,MERCEDES A CLASS,7,E01000275,0,-1
2021401057199,2021,401057199,1,9,0,18,19,5,2,0,0,0,1,11,1,9,4,1,5,6,1,28,6,2143,2,3,MERCEDES A CLASS,9,E01033194,0,-1
2021421032786,2021,421032786,1,9,0,8,8,1,7,0,0,6,0,0,0,0,1,1,2,2,2,19,4,2143,2,5,MERCEDES A CLASS,-1,-1,0,-1
2021010308614,2021,010308614,1,9,0,7,7,2,5,0,0,1,0,0,0,0,3,1,1,1,2,52,8,1498,1,10,MERCEDES A CLASS,-1,-1,0,-1
2021070178496,2021,070178496,3,9,0,18,19,2,6,0,0,0,0,0,0,0,3,1,6,6,2,22,5,1461,2,7,MERCEDES A CLASS,5,E01006261,0,-1
2021471088002,2021,471088002,1,9,0,18,19,3,7,0,0,6,0,0,0,0,4,1,6,6,1,-1,-1,1332,8,0,MERCEDES A CLASS,-1,-1,0,-1
2021010314584,2021,010314584,2,9,0,99,99,9,9,99,99,9,9,99,9,99,1,9,6,6,2,39,7,1595,1,4,MERCEDES A CLASS,6,E01024152,0,-1
2021010305717,2021,010305717,1,9,0,99,99,9,9,99,99,0,9,99,9,99,1,9,6,6,2,38,7,1461,2,6,MERCEDES A CLASS,6,E01002298,0,-1
2021101061179,2021,101061179,2,9,0,18,19,3,7,0,0,4,0,0,0,0,1,1,5,6,1,29,6,1991,1,4,MERCEDES A CLASS,7,E01027501,0,-1
2021320362885,2021,320362885,1,9,0,17,19,7,2,0,0,5,5,10,7,6,1,1,6,6,1,18,4,1461,2,1,MERCEDES A CLASS,10,E01026233,0,-1
2021010299904,2021,010299904,1,9,0,18,19,7,3,0,0,3,0,0,0,0,1,2,6,6,1,23,5,1461,2,3,MERCEDES A CLASS,2,E01001893,0,-1
2021471091529,2021,471091529,2,9,0,3,3,7,3,0,0,0,0,0,0,0,2,1,6,6,1,40,7,1332,1,0,MERCEDES A CLASS,3,E01016937,0,-1
2021421049531,2021,421049531,2,9,0,18,19,4,8,0,0,0,0,0,0,0,0,1,6,6,2,22,5,1332,1,1,MERCEDES A CLASS,8,E01021514,0,-1
2021010350940,2021,010350940,1,9,0,6,6,3,3,0,0,0,0,0,0,0,4,1,6,6,1,26,6,1332,1,3,MERCEDES A CLASS,9,E01002354,0,-1
2021440401795,2021,440401795,1,9,0,9,9,2,6,0,0,6,0,0,0,0,1,1,2,2,2,44,7,1461,2,2,MERCEDES A CLASS,6,E01022657,0,-1
2021451028896,2021,451028896,2,9,0,18,19,1,5,0,0,0,0,0,0,0,1,1,6,6,2,51,8,1461,2,5,MERCEDES A CLASS,9,E01030880,0,-1
2021010304096,2021,010304096,2,9,0,99,99,9,9,99,99,9,9,99,9,99,9,9,6,6,3,65,9,1461,2,4,MERCEDES A CLASS,1,E01003207,0,-1
2021010329585,2021,010329585,1,9,0,4,4,1,5,0,0,8,0,0,0,0,2,1,6,6,2,28,6,1461,2,3,MERCEDES A CLASS,1,E01000891,0,-1
2021201084690,2021,201084690,1,9,0,18,19,4,8,0,0,0,0,7,7,1,1,1,1,1,2,42,7,2143,2,3,MERCEDES A CLASS,3,E01009086,0,-1
2021411113733,2021,411113733,1,9,0,18,19,8,4,0,0,0,0,0,2,7,1,1,5,6,1,38,7,1461,2,4,MERCEDES A CLASS,2,E01004814,0,-1
2021131047986,2021,131047986,2,9,0,18,19,1,5,0,0,0,0,0,0,0,1,1,5,6,1,26,6,1332,1,0,MERCEDES A CLASS,2,E01010815,0,-1
2021161022768,2021,161022768,2,9,0,18,19,5,1,0,0,0,0,0,0,0,1,1,6,6,2,23,5,1595,1,5,MERCEDES A CLASS,3,E01012832,0,-1
2021411115480,2021,411115480,1,9,0,9,9,3,1,0,0,1,0,0,0,0,1,1,5,6,1,18,4,1332,1,3,MERCEDES A CLASS,10,E01023815,0,-1
2021201022171,2021,201022171,1,9,0,14,14,-1,-1,0,0,0,0,0,0,0,1,1,6,6,3,-1,-1,1595,1,8,MERCEDES A CLASS,-1,-1,0,-1
2021010315590,2021,010315590,1,9,0,18,19,3,7,0,0,0,0,0,0,0,1,1,2,2,2,25,5,1950,2,0,MERCEDES A CLASS,2,E01001249,0,-1
2021461057555,2021,461057555,1,9,0,1,1,5,3,0,0,0,0,0,0,0,2,1,5,6,1,82,11,1991,1,5,MERCEDES A CLASS,10,E01024725,0,-1
2021440230076,2021,440230076,2,9,0,18,19,1,5,0,0,8,0,0,0,0,1,1,6,6,2,20,4,2143,2,7,MERCEDES A CLASS,7,E01016579,0,-1
2021141027928,2021,141027928,1,9,0,5,5,2,4,0,0,1,0,0,0,0,3,1,6,6,1,18,4,1461,2,1,MERCEDES A CLASS,1,E01007904,0,-1
2021052101646,2021,052101646,1,9,0,3,3,2,6,0,0,0,0,0,0,0,1,1,6,6,1,83,11,1699,1,10,MERCEDES A CLASS,5,E01007243,0,-1
2021061104249,2021,061104249,1,9,0,18,19,2,6,0,0,0,0,0,0,0,2,1,6,6,2,25,5,1461,2,4,MERCEDES A CLASS,6,E01025066,0,-1
2021010293521,2021,010293521,2,9,0,99,99,9,9,99,99,9,9,99,9,99,9,9,6,6,2,25,5,1332,1,3,MERCEDES A CLASS,2,E01002716,0,-1
2021421085495,2021,421085495,3,9,0,18,19,3,7,0,0,0,0,0,0,0,1,1,6,6,1,48,8,1950,2,0,MERCEDES A CLASS,-1,-1,0,-1
2021440334988,2021,440334988,3,9,0,18,19,3,7,0,0,8,0,0,0,0,2,1,6,6,1,42,7,1498,1,15,MERCEDES A CLASS,6,E01022666,0,-1
2021471040708,2021,471040708,1,9,0,18,19,1,5,0,0,8,0,0,0,0,1,1,6,6,1,55,8,1498,1,15,MERCEDES A CLASS,6,E01016859,0,-1
2021052101145,2021,052101145,1,9,0,9,9,1,7,0,0,8,0,0,0,0,4,1,2,2,1,19,4,1332,1,1,MERCEDES A CLASS,7,E01006668,0,-1
2021471101750,2021,471101750,1,9,0,18,19,3,7,0,0,0,0,0,0,0,4,1,6,6,1,86,11,1699,1,10,MERCEDES A CLASS,7,E01016923,0,-1
2021010318086,2021,010318086,1,9,0,3,3,1,5,0,0,9,9,0,0,0,2,1,6,6,2,29,6,1595,1,3,MERCEDES A CLASS,2,E01002807,0,-1
2021221041601,2021,221041601,1,9,0,5,5,6,2,0,0,4,0,0,0,0,1,1,1,1,1,45,7,1595,1,5,MERCEDES A CLASS,9,E01032336,0,-1
2021522102227,2021,522102227,2,9,0,18,19,7,3,0,0,0,0,0,0,0,4,1,6,6,3,50,8,1461,2,7,MERCEDES A CLASS,-1,-1,0,-1
2021131067235,2021,131067235,1,9,0,18,19,1,5,0,0,0,2,7,1,7,1,1,5,6,1,29,6,1332,1,1,MERCEDES A CLASS,1,E01011434,0,-1
2021231102507,2021,231102507,4,9,0,18,19,4,8,0,0,0,0,0,0,0,2,1,5,6,2,45,7,1498,1,12,MERCEDES A CLASS,6,E01031022,0,-1
2021010302815,2021,010302815,1,9,0,10,10,3,1,0,0,1,0,99,0,0,1,1,6,6,2,20,4,1333,1,3,MERCEDES A CLASS,3,E01003296,0,-1
2021421062421,2021,421062421,1,9,0,9,9,3,1,0,0,6,0,0,0,0,4,1,5,6,1,21,5,2143,2,4,MERCEDES A CLASS,5,E01021443,0,-1
2021041102737,2021,041102737,1,9,0,-1,-1,-1,-1,-1,-1,-1,-1,-1,-1,0,1,1,6,6,2,-1,-1,1461,2,7,MERCEDES A CLASS,4,E01025309,0,-1
2021010317277,2021,010317277,1,9,0,99,99,9,9,99,99,9,9,99,9,99,2,9,6,6,1,21,5,1950,2,0,MERCEDES A CLASS,2,E01015542,0,-1
2021041069707,2021,041069707,2,9,0,18,19,5,1,0,0,0,0,0,0,0,1,1,5,6,1,45,7,1332,1,1,MERCEDES A CLASS,5,E01006118,0,-1
2021141094376,2021,141094376,1,9,0,2,2,1,1,0,0,0,0,0,0,0,2,1,6,6,1,-1,-1,1332,1,2,MERCEDES A CLASS,-1,-1,0,-1
2021010314025,2021,010314025,1,9,9,99,99,9,9,99,99,0,9,99,0,0,1,9,6,6,3,-1,-1,1498,1,13,MERCEDES A CLASS,-1,-1,0,-1
2021471060963,2021,471060963,1,9,0,7,7,3,6,0,0,3,0,10,7,6,4,1,5,6,1,21,5,1461,2,7,MERCEDES A CLASS,5,E01031401,0,-1
202163A061621,2021,63A061621,1,9,0,9,9,1,7,0,0,6,0,0,0,0,0,1,1,1,2,20,4,1796,2,7,MERCEDES A CLASS,3,W01000626,0,-1
2021061128054,2021,061128054,1,9,0,-1,-1,-1,-1,-1,-1,-1,-1,-1,-1,0,-1,1,6,6,2,30,6,1595,1,3,MERCEDES A CLASS,-1,-1,0,-1
2021010311932,2021,010311932,1,9,0,99,99,9,9,99,99,9,9,99,9,99,9,9,6,6,1,20,4,1332,1,1,MERCEDES A CLASS,3,E01001440,0,-1
2021161073014,2021,161073014,1,9,0,5,5,3,7,0,0,0,0,0,0,0,1,1,6,6,1,-1,-1,1950,2,0,MERCEDES A CLASS,-1,-1,0,-1
2021430452581,2021,430452581,2,9,0,18,19,7,3,0,0,1,0,0,0,0,1,1,6,6,2,-1,-1,1699,1,14,MERCEDES A CLASS,-1,-1,0,-1
2021991088684,2021,991088684,1,9,0,9,9,4,1,0,0,8,0,0,0,0,1,1,2,2,2,61,9,1461,2,5,MERCEDES A CLASS,4,-1,0,-1
2021411052886,2021,411052886,1,9,0,17,19,5,1,0,0,0,1,0,0,0,2,1,6,6,2,55,8,1461,2,5,MERCEDES A CLASS,6,E01023340,0,-1
2021170L20421,2021,170L20421,2,9,0,13,13,8,4,0,0,8,0,0,0,0,4,1,6,6,1,-1,-1,1332,1,1,MERCEDES A CLASS,-1,-1,0,-1
2021231022133,2021,231022133,1,9,0,13,13,1,5,0,0,8,0,0,0,0,1,1,5,6,1,42,7,1461,2,7,MERCEDES A CLASS,-1,-1,0,-1
2021501120700,2021,501120700,2,9,0,4,4,2,6,0,0,0,0,0,0,0,2,1,6,6,2,37,7,1796,2,8,MERCEDES A CLASS,8,E01020450,0,-1
2021131121996,2021,131121996,1,9,0,9,9,2,6,0,0,1,0,0,0,0,1,1,6,6,3,-1,-1,1950,2,1,MERCEDES A CLASS,-1,-1,0,-1
2021201125592,2021,201125592,2,9,0,2,2,0,0,0,0,1,0,0,0,0,1,1,1,1,2,26,6,1461,2,6,MERCEDES A CLASS,1,E01010365,0,-1
2021622100094,2021,622100094,1,9,0,18,19,8,4,0,0,0,5,0,0,0,1,1,6,6,2,21,5,1461,2,7,MERCEDES A CLASS,4,W01001281,0,-1
2021411089526,2021,411089526,2,9,0,2,2,0,0,9,9,2,0,0,0,0,1,1,6,6,3,-1,-1,1461,2,2,MERCEDES A CLASS,-1,-1,0,-1