collision_index,collision_year,collision_ref_no,vehicle_reference,vehicle_type,towing_and_articulation,vehicle_manoeuvre_historic,vehicle_manoeuvre,vehicle_direction_from,vehicle_direction_to,vehicle_location_restricted_lane_historic,vehicle_location_restricted_lane,junction_location,skidding_and_overturning,hit_object_in_carriageway,vehicle_leaving_carriageway,hit_object_off_carriageway,first_point_of_impact,vehicle_left_hand_drive,journey_purpose_of_driver_historic,journey_purpose_of_driver,sex_of_driver,age_of_driver,age_band_of_driver,engine_capacity_cc,propulsion_code,age_of_vehicle,generic_make_model,driver_imd_decile,lsoa_of_driver,escooter_flag,driver_distance_banding
2021101089997,2021,101089997,1,9,0,16,19,5,1,0,0,0,0,10,0,0,1,1,5,6,2,73,10,1699,1,16,MERCEDES A CLASS,9,E01027405,0,-1
2021010333337,2021,010333337,1,9,0,4,4,4,8,0,0,1,0,0,0,0,2,1,6,6,2,46,8,1332,1,0,MERCEDES A CLASS,6,E01000677,0,-1
2021122100784,2021,122100784,1,9,0,5,5,3,7,9,9,0,0,0,7,11,1,1,6,6,2,31,6,1332,1,1,MERCEDES A CLASS,5,E01027793,0,-1
2021302101429,2021,302101429,3,9,0,3,3,7,1,0,0,1,0,0,0,0,2,1,6,6,2,23,5,2143,2,4,MERCEDES A CLASS,3,E01019487,0,-1
2021461125198,2021,461125198,1,9,0,18,19,3,7,0,0,0,0,0,0,0,4,1,6,6,2,36,7,1699,1,12,MERCEDES A CLASS,10,E01024467,0,-1
2021440322747,2021,440322747,1,9,0,18,19,4,8,0,0,0,0,0,0,0,1,1,6,6,1,46,8,2143,2,3,MERCEDES A CLASS,-1,-1,0,-1
2021622100203,2021,622100203,2,9,0,18,19,3,7,0,0,0,0,0,0,0,1,1,1,1,2,18,4,1461,2,8,MERCEDES A CLASS,10,W01000736,0,-1
2021991033808,2021,991033808,2,9,0,18,19,3,6,0,0,0,0,0,0,0,1,1,6,6,1,29,6,1595,1,6,MERCEDES A CLASS,8,-1,0,-1
2021411080815,2021,411080815,2,9,0,2,2,0,0,6,6,0,0,0,0,0,2,1,6,6,1,21,5,2143,2,7,MERCEDES A CLASS,4,E01017567,0,-1
2021131107593,2021,131107593,1,9,0,18,19,3,7,0,0,0,0,0,0,0,2,1,2,2,1,45,7,1332,8,1,MERCEDES A CLASS,6,E01011548,0,-1
2021461051224,2021,461051224,2,9,0,18,19,5,1,0,0,0,0,0,0,0,3,1,6,6,2,22,5,1595,1,5,MERCEDES A CLASS,6,E01032807,0,-1
2021461024064,2021,461024064,2,9,0,18,19,1,5,0,0,8,0,0,0,0,3,1,6,6,1,20,4,1461,2,2,MERCEDES A CLASS,8,E01033210,0,-1
2021010311500,2021,010311500,1,9,0,99,99,9,9,99,99,9,9,99,9,99,1,9,6,6,2,32,6,1332,1,2,MERCEDES A CLASS,2,E01002097,0,-1
2021010336245,2021,010336245,2,9,0,18,19,5,1,0,0,0,0,0,0,0,1,1,6,6,2,59,9,1699,1,10,MERCEDES A CLASS,6,E01003386,0,-1
2021221113843,2021,221113843,1,9,0,18,19,5,1,0,0,1,0,4,7,11,1,1,5,6,1,23,5,2143,2,5,MERCEDES A CLASS,8,E01032463,0,-1
2021501018466,2021,501018466,2,9,0,4,4,2,6,0,0,0,0,0,0,0,2,1,6,6,1,62,9,1950,2,2,MERCEDES A CLASS,9,E01020125,0,-1
2021201034142,2021,201034142,1,9,0,17,19,6,4,0,0,2,1,0,0,0,1,1,6,6,1,31,6,1991,2,13,MERCEDES A CLASS,4,E01009119,0,-1
2021010337081,2021,010337081,1,9,0,1,1,3,7,0,0,0,0,0,0,0,2,1,2,2,1,45,7,1332,1,1,MERCEDES A CLASS,7,E01002121,0,-1
2021411136252,2021,411136252,1,9,0,18,19,6,2,0,0,0,5,0,8,0,4,1,1,1,2,24,5,1461,2,7,MERCEDES A CLASS,4,E01000588,0,-1
2021010345578,2021,010345578,1,9,0,5,5,5,1,0,0,8,0,0,0,0,4,1,6,6,2,72,10,1699,1,12,MERCEDES A CLASS,6,E01000180,0,-1
2021991028110,2021,991028110,1,9,0,9,9,5,3,0,0,1,0,0,0,0,1,1,2,2,2,20,4,1461,2,6,MERCEDES A CLASS,2,-1,0,-1
2021201063914,2021,201063914,1,9,0,18,19,8,4,0,0,2,5,10,7,4,1,1,6,6,1,33,6,1595,1,8,MERCEDES A CLASS,9,E01010515,0,-1
2021440364866,2021,440364866,2,9,0,18,19,3,7,0,0,7,0,0,0,0,1,1,6,6,2,20,4,1461,2,7,MERCEDES A CLASS,10,E01022471,0,-1
2021552101363,2021,552101363,1,9,0,18,19,2,4,0,0,4,0,0,0,0,1,1,6,6,1,69,10,1332,1,2,MERCEDES A CLASS,3,E01015449,0,-1
2021991065449,2021,991065449,2,9,0,18,19,7,3,0,0,0,0,0,0,0,1,1,5,6,1,21,5,2143,2,4,MERCEDES A CLASS,3,-1,0,-1
2021201064190,2021,201064190,1,9,0,17,19,2,7,0,0,2,0,10,1,11,1,1,2,2,3,68,10,1991,2,10,MERCEDES A CLASS,10,E01010216,0,-1
2021522200129,2021,522200129,4,9,0,2,2,0,0,0,0,2,0,0,0,0,1,1,6,6,3,-1,-1,1699,1,14,MERCEDES A CLASS,-1,-1,0,-1
2021451119051,2021,451119051,1,9,0,18,19,3,7,0,0,0,0,0,0,0,1,1,5,6,1,25,5,2143,2,7,MERCEDES A CLASS,9,E01030401,0,-1
2021131061479,2021,131061479,2,9,0,2,2,0,0,0,0,2,0,0,0,0,2,1,6,6,3,-1,-1,1461,2,5,MERCEDES A CLASS,-1,-1,0,-1
2021010338502,2021,010338502,2,9,0,18,19,7,3,0,0,2,0,0,0,0,4,1,6,6,2,24,5,1461,2,7,MERCEDES A CLASS,-1,-1,0,-1
2021010290753,2021,010290753,2,9,0,7,7,5,7,0,0,4,0,0,0,0,4,9,6,6,3,-1,-1,1595,1,6,MERCEDES A CLASS,6,E01002668,0,-1
2021131046638,2021,131046638,3,9,0,18,19,2,6,0,0,1,0,0,1,0,1,1,5,6,2,29,6,1461,2,3,MERCEDES A CLASS,2,E01011632,0,-1
2021041097456,2021,041097456,2,9,0,18,19,7,3,0,0,1,0,0,0,0,4,1,5,6,1,87,11,1461,2,4,MERCEDES A CLASS,5,E01025605,0,-1
2021141084772,2021,141084772,2,9,0,5,5,1,1,0,0,1,0,0,0,0,1,1,6,6,2,-1,-1,1461,2,3,MERCEDES A CLASS,8,E01007986,0,-1
2021010289748,2021,010289748,1,9,0,7,7,3,5,0,0,1,0,0,0,0,3,1,6,6,2,33,6,1595,1,5,MERCEDES A CLASS,6,E01001741,0,-1
2021010296085,2021,010296085,1,9,0,18,19,3,7,0,0,4,0,99,9,99,3,1,6,6,1,34,6,1332,1,2,MERCEDES A CLASS,3,E01000052,0,-1
2021141048003,2021,141048003,5,9,0,2,2,0,0,0,0,0,0,0,0,0,2,1,6,6,3,-1,-1,1461,2,5,MERCEDES A CLASS,-1,-1,0,-1
202131C041321,2021,31C041321,1,9,0,7,7,5,7,0,0,6,0,0,0,0,1,1,6,6,1,20,4,1461,2,1,MERCEDES A CLASS,4,E01009497,0,-1
2021421038913,2021,421038913,2,9,0,3,3,6,1,0,0,1,0,0,0,0,1,1,5,6,2,36,7,1332,1,1,MERCEDES A CLASS,3,E01015922,0,-1
2021010316865,2021,010316865,1,9,0,5,5,3,7,8,6,0,0,0,0,0,4,1,2,2,1,28,6,1991,1,8,MERCEDES A CLASS,4,E01003268,0,-1
2021070200259,2021,070200259,1,9,0,18,19,3,6,9,9,0,0,0,0,0,1,1,6,6,1,-1,-1,1991,1,7,MERCEDES A CLASS,-1,-1,0,-1
2021010324175,2021,010324175,1,9,0,9,9,8,5,0,0,6,0,0,0,0,1,1,6,6,2,28,6,1461,2,5,MERCEDES A CLASS,2,E01003983,0,-1
2021211100255,2021,211100255,3,9,0,18,19,1,5,0,0,0,0,0,0,0,4,1,6,6,1,31,6,1950,2,2,MERCEDES A CLASS,4,E01032409,0,-1
2021041021304,2021,041021304,2,9,0,2,2,0,0,0,0,1,0,0,0,0,2,1,6,6,3,-1,-1,1498,1,15,MERCEDES A CLASS,-1,-1,0,-1
2021010296330,2021,010296330,1,9,0,6,6,5,5,0,0,0,0,0,0,0,3,1,6,6,2,33,6,1595,1,4,MERCEDES A CLASS,7,E01001537,0,-1
2021161056005,2021,161056005,2,9,0,1,1,6,2,0,0,6,0,0,0,0,2,1,6,6,2,30,6,2143,2,4,MERCEDES A CLASS,3,E01012860,0,-1
2021052100418,2021,052100418,1,9,0,9,9,8,4,0,0,8,0,0,1,0,1,1,6,6,1,28,6,1332,8,1,MERCEDES A CLASS,1,E01006630,0,-1
2021010339158,2021,010339158,1,9,0,99,99,9,9,99,99,9,9,99,9,99,9,9,6,6,1,32,6,1461,2,5,MERCEDES A CLASS,4,E01004628,0,-1
202134WNC0431,2021,34WNC0431,1,9,0,18,19,1,5,0,0,0,0,0,0,0,1,1,6,6,2,23,5,1461,2,4,MERCEDES A CLASS,1,E01006697,0,-1
2021010331674,2021,010331674,2,9,0,99,99,9,9,99,99,9,9,99,9,99,9,9,6,6,3,77,11,1498,1,13,MERCEDES A CLASS,6,E01000946,0,-1
2021552101388,2021,552101388,1,9,0,7,7,2,4,0,0,6,0,0,0,0,1,1,6,6,1,91,11,1498,1,9,MERCEDES A CLASS,6,E01020424,0,-1
2021010352137,2021,010352137,1,9,0,99,99,9,9,99,99,9,9,99,9,99,9,9,6,6,2,31,6,1461,2,5,MERCEDES A CLASS,3,E01001362,0,-1
2021010351550,2021,010351550,2,9,0,9,9,4,1,0,0,1,0,0,0,0,1,2,6,6,2,24,5,1461,2,5,MERCEDES A CLASS,5,E01033577,0,-1
2021010336358,2021,010336358,2,9,0,9,9,2,8,0,0,8,0,0,0,0,4,1,6,6,1,43,7,1498,1,13,MERCEDES A CLASS,4,E01004371,0,-1
2021201142077,2021,201142077,2,9,0,18,19,5,8,0,0,3,0,0,0,0,2,1,6,6,2,-1,-1,1461,2,6,MERCEDES A CLASS,2,E01010016,0,-1
2021552100770,2021,552100770,1,9,0,18,19,8,4,0,0,0,0,0,0,0,1,1,6,6,1,52,8,1950,2,2,MERCEDES A CLASS,10,E01014992,0,-1
2021101072849,2021,101072849,1,9,0,18,19,4,8,0,0,1,1,4,0,0,1,1,6,6,1,45,7,1991,1,6,MERCEDES A CLASS,-1,-1,0,-1
2021430428698,2021,430428698,2,9,0,16,19,4,7,0,0,0,0,0,2,10,3,1,2,2,1,56,9,1332,1,1,MERCEDES A CLASS,5,W01001562,0,-1
2021421081760,2021,421081760,1,9,0,15,15,3,5,0,0,0,5,4,0,0,1,1,5,6,2,22,5,1461,2,6,MERCEDES A CLASS,2,E01022006,0,-1
2021010290011,2021,010290011,1,9,0,99,99,9,9,99,99,9,9,99,9,99,2,9,6,6,2,44,7,1595,1,6,MERCEDES A CLASS,2,E01033485,0,-1
2021010308528,2021,010308528,1,9,0,99,99,9,9,99,99,9,9,99,9,99,9,9,6,6,1,61,9,1332,1,0,MERCEDES A CLASS,1,E01001178,0,-1
2021421074434,2021,421074434,2,9,0,18,19,1,5,0,0,0,0,0,0,0,2,1,5,6,2,39,7,1332,1,2,MERCEDES A CLASS,10,E01017371,0,-1
2021991080158,2021,991080158,2,9,0,3,3,4,8,0,0,0,0,0,0,0,2,1,5,6,1,29,6,1332,1,1,MERCEDES A CLASS,-1,-1,0,-1
202131C036021,2021,31C036021,1,9,0,15,15,6,2,0,0,1,0,0,0,0,3,1,6,6,2,-1,-1,2143,2,6,MERCEDES A CLASS,-1,-1,0,-1
2021471070770,2021,471070770,2,9,0,3,3,1,1,0,0,0,0,0,0,0,2,1,5,6,1,34,6,1991,1,4,MERCEDES A CLASS,3,E01021126,0,-1
2021010292797,2021,010292797,1,9,0,18,19,3,7,0,0,0,0,0,0,0,1,1,6,6,1,23,5,1461,2,3,MERCEDES A CLASS,4,E01000155,0,-1
2021010332533,2021,010332533,1,9,0,99,99,9,9,99,99,9,9,99,9,99,2,9,6,6,2,29,6,1332,1,0,MERCEDES A CLASS,4,E01004569,0,-1
2021010331663,2021,010331663,3,9,0,3,3,5,1,0,0,1,0,0,0,0,2,1,2,2,2,26,6,1461,2,8,MERCEDES A CLASS,6,E01033736,0,-1
2021010310295,2021,010310295,1,9,0,18,19,5,1,0,0,2,1,0,0,0,2,1,6,6,1,26,6,1461,2,2,MERCEDES A CLASS,3,E01004533,0,-1
2021122101106,2021,122101106,3,9,0,4,4,3,7,0,0,1,0,0,0,0,2,1,6,6,1,72,10,1461,2,3,MERCEDES A CLASS,10,E01018155,0,-1
2021430284613,2021,430284613,2,9,0,10,10,6,3,0,0,8,0,0,1,9,3,1,6,6,1,23,5,1333,1,3,MERCEDES A CLASS,9,E01017821,0,-1
2021351035210,2021,351035210,2,9,0,10,10,1,5,0,0,8,0,0,0,0,1,1,6,6,1,28,6,1332,1,2,MERCEDES A CLASS,6,E01018304,0,-1
2021451045052,2021,451045052,1,9,0,5,5,5,2,0,0,0,0,0,0,0,1,1,5,6,1,27,6,1461,2,3,MERCEDES A CLASS,10,E01030509,0,-1
2021041108486,2021,041108486,2,9,0,18,19,5,1,0,0,1,0,0,0,0,4,1,5,6,2,33,6,1461,2,3,MERCEDES A CLASS,8,E01012613,0,-1
2021010333741,2021,010333741,1,9,0,18,19,1,5,0,0,1,0,0,0,0,2,1,6,6,1,27,6,1332,1,1,MERCEDES A CLASS,6,E01023845,0,-1
2021421116100,2021,421116100,1,9,0,16,19,1,5,0,0,0,0,0,0,0,3,1,6,6,1,42,7,1950,2,0,MERCEDES A CLASS,8,E01023808,0,-1
2021131042710,2021,131042710,2,9,0,2,2,0,0,0,0,8,0,4,0,0,2,1,6,6,3,-1,-1,2143,2,6,MERCEDES A CLASS,-1,-1,0,-1
2021010322383,2021,010322383,2,9,0,17,19,3,1,0,0,8,0,0,0,0,1,1,6,6,2,37,7,1498,1,11,MERCEDES A CLASS,2,E01000087,0,-1
2021010345700,2021,010345700,1,9,0,99,99,9,9,99,99,9,9,99,9,99,1,9,6,6,1,34,6,1332,1,2,MERCEDES A CLASS,6,E01023539,0,-1
2021010301741,2021,010301741,1,9,0,99,99,9,9,99,99,9,9,99,9,99,9,9,6,6,1,26,6,1332,1,1,MERCEDES A CLASS,2,E01001462,0,-1
2021010334563,2021,010334563,1,9,0,99,99,9,9,99,99,9,9,99,9,99,0,9,6,6,3,-1,-1,1332,1,2,MERCEDES A CLASS,-1,-1,0,-1
2021430273722,2021,430273722,4,9,0,2,2,0,0,0,0,0,0,0,0,0,3,1,6,6,3,-1,-1,1461,2,6,MERCEDES A CLASS,4,E01017903,0,-1
2021201085764,2021,201085764,1,9,0,7,7,8,3,0,0,3,0,0,0,0,3,1,6,6,2,38,7,1991,2,11,MERCEDES A CLASS,5,E01009888,0,-1
2021161075383,2021,161075383,1,9,0,13,13,4,8,0,0,0,0,0,0,0,0,1,6,6,2,-1,-1,1461,2,5,MERCEDES A CLASS,7,E01013017,0,-1
2021131118806,2021,131118806,4,9,0,18,19,1,5,0,0,0,0,0,0,0,1,1,2,2,2,24,5,1461,2,3,MERCEDES A CLASS,5,E01010746,0,-1
2021010300040,2021,010300040,1,9,0,18,19,3,7,0,0,0,0,0,0,0,4,1,6,6,1,35,6,1332,1,1,MERCEDES A CLASS,1,E01004324,0,-1
2021302100329,2021,302100329,1,9,0,7,7,6,8,0,0,4,0,0,0,0,1,1,6,6,1,27,6,2143,2,5,MERCEDES A CLASS,1,E01013813,0,-1
2021131079692,2021,131079692,1,9,0,9,9,3,3,0,0,0,0,0,0,0,1,2,5,6,2,19,4,1595,1,3,MERCEDES A CLASS,2,E01011742,0,-1
2021201056670,2021,201056670,1,9,0,5,5,7,4,0,0,0,0,0,0,0,1,1,2,2,2,29,6,1595,1,4,MERCEDES A CLASS,2,E01010449,0,-1
2021070089289,2021,070089289,2,9,0,18,19,5,1,0,0,0,0,11,0,0,1,1,6,6,2,27,6,1332,1,2,MERCEDES A CLASS,3,E01006340,0,-1
2021461111219,2021,461111219,1,9,0,5,5,7,3,0,0,0,0,0,0,0,1,1,5,6,1,20,4,1598,1,20,MERCEDES A CLASS,1,E01024308,0,-1
2021471044211,2021,471044211,1,9,0,9,9,7,5,0,0,8,0,0,0,0,4,1,2,2,2,39,7,1992,2,14,MERCEDES A CLASS,3,E01031441,0,-1
2021991074465,2021,991074465,2,9,0,13,13,7,3,0,0,1,0,0,0,0,3,1,2,2,1,29,6,1991,1,6,MERCEDES A CLASS,-1,-1,0,-1
2021010327841,2021,010327841,1,9,0,13,13,7,3,0,0,1,0,0,0,0,1,1,6,6,3,-1,-1,1332,1,3,MERCEDES A CLASS,-1,-1,0,-1
2021302101423,2021,302101423,2,9,0,18,19,2,6,0,0,0,0,0,0,0,3,1,6,6,1,26,6,2143,2,5,MERCEDES A CLASS,-1,-1,0,-1
2021010308716,2021,010308716,4,9,0,2,2,0,0,0,0,0,0,0,0,0,0,1,6,6,3,-1,-1,1498,1,13,MERCEDES A CLASS,-1,-1,0,-1
2021010330883,2021,010330883,2,9,0,99,99,9,9,99,99,9,9,99,9,99,2,9,6,6,3,-1,-1,1595,1,7,MERCEDES A CLASS,-1,-1,0,-1
2021320281663,2021,320281663,1,9,0,12,12,4,8,0,0,0,0,0,0,0,1,1,6,6,1,34,6,2143,2,6,MERCEDES A CLASS,6,E01026272,0,-1
2021061043032,2021,061043032,1,9,0,18,19,1,5,0,0,0,0,0,0,0,2,1,6,6,2,31,6,1461,2,2,MERCEDES A CLASS,5,E01004809,0,-1
2021010329111,2021,010329111,2,9,0,9,9,5,2,0,0,5,0,0,0,0,1,1,6,6,1,37,7,1332,1,3,MERCEDES A CLASS,7,E01004297,0,-1
2021010339492,2021,010339492,2,9,0,7,7,7,2,0,0,0,0,0,0,0,4,1,6,6,1,25,5,2143,2,8,MERCEDES A CLASS,8,E01017461,0,-1
2021471012043,2021,471012043,1,9,0,9,9,2,8,0,0,8,0,0,0,0,3,1,5,6,2,55,8,1461,2,1,MERCEDES A CLASS,8,E01021082,0,-1
2021122100368,2021,122100368,2,9,0,9,9,7,5,0,0,1,0,0,0,0,2,1,6,6,1,40,7,1461,2,5,MERCEDES A CLASS,8,E01011553,0,-1
2021371109363,2021,371109363,2,9,0,3,3,5,1,0,0,1,0,0,0,0,2,1,1,1,2,32,6,2143,2,5,MERCEDES A CLASS,8,E01030047,0,-1
2021501134294,2021,501134294,1,9,0,4,4,4,8,0,0,1,0,0,0,0,4,1,3,7,2,36,7,1950,2,2,MERCEDES A CLASS,10,E01019943,0,-1
2021430424615,2021,430424615,1,9,0,18,19,4,8,0,0,2,0,0,0,0,1,1,6,6,1,39,7,1796,2,8,MERCEDES A CLASS,3,E01016490,0,-1
2021131104133,2021,131104133,2,9,0,5,5,3,1,0,0,0,0,0,0,0,3,1,5,6,2,40,7,2143,2,8,MERCEDES A CLASS,2,E01011020,0,-1
2021201087321,2021,201087321,1,9,0,9,9,7,5,0,0,6,0,0,0,0,3,1,1,1,1,35,6,1461,2,1,MERCEDES A CLASS,3,E01009140,0,-1
2021411116228,2021,411116228,2,9,0,18,19,6,2,0,0,4,0,0,0,0,4,1,2,2,1,21,5,1796,2,8,MERCEDES A CLASS,10,E01023733,0,-1
2021111062223,2021,111062223,3,9,0,18,19,1,5,0,0,0,0,0,0,0,2,1,5,6,1,58,9,2143,2,3,MERCEDES A CLASS,4,E01020818,0,-1
2021461023055,2021,461023055,1,9,0,18,19,5,6,0,0,0,0,0,0,0,1,1,6,6,2,34,6,1598,1,18,MERCEDES A CLASS,3,E01024083,0,-1
2021440236322,2021,440236322,1,9,0,9,9,6,4,0,0,8,0,0,0,0,4,1,6,6,2,51,8,1461,2,2,MERCEDES A CLASS,5,E01032840,0,-1
2021401084830,2021,401084830,2,9,0,18,19,1,5,0,0,3,0,0,0,0,4,1,5,6,2,55,8,1332,1,1,MERCEDES A CLASS,3,E01015757,0,-1
2021221018796,2021,221018796,2,9,0,18,19,4,8,0,0,8,0,0,0,0,1,1,5,6,1,26,6,2143,2,4,MERCEDES A CLASS,2,E01010405,0,-1
2021010290804,2021,010290804,2,9,0,18,19,3,7,0,0,8,0,0,0,0,1,1,6,6,2,-1,-1,1598,1,23,MERCEDES A CLASS,8,E01000828,0,-1
2021161064699,2021,161064699,1,9,0,9,9,8,5,0,0,0,0,0,0,0,1,1,1,1,1,44,7,1461,2,6,MERCEDES A CLASS,1,E01012855,0,-1
2021010350148,2021,010350148,2,9,0,9,9,3,1,0,0,8,0,0,0,0,1,1,6,6,1,18,4,1461,2,5,MERCEDES A CLASS,7,E01015964,0,-1
2021010344188,2021,010344188,2,9,0,4,4,7,3,0,0,0,0,0,0,0,2,1,6,6,1,22,5,1461,2,5,MERCEDES A CLASS,1,E01000093,0,-1
2021061087537,2021,061087537,1,9,0,18,19,4,8,0,0,2,0,0,0,0,4,1,5,6,1,22,5,1332,1,0,MERCEDES A CLASS,7,E01005841,0,-1
2021461092056,2021,461092056,1,9,0,18,19,1,5,0,0,1,0,0,0,0,1,1,6,6,1,22,5,1461,2,7,MERCEDES A CLASS,4,E01024771,0,-1
2021010297464,2021,010297464,2,9,0,18,19,2,6,0,0,2,0,0,0,0,1,1,6,6,1,25,5,1461,2,5,MERCEDES A CLASS,2,E01003735,0,-1
2021421093417,2021,421093417,1,9,0,9,9,3,1,0,0,2,0,0,0,0,4,1,6,6,2,25,5,2143,2,4,MERCEDES A CLASS,4,E01021342,0,-1
2021010334210,2021,010334210,2,9,0,6,6,1,1,0,0,0,0,0,0,0,4,1,6,6,1,25,5,2143,2,3,MERCEDES A CLASS,1,E01001978,0,-1
2021361044557,2021,361044557,1,9,0,9,9,5,1,0,0,2,0,0,0,0,3,1,5,6,2,68,10,1332,1,0,MERCEDES A CLASS,6,E01026553,0,-1
2021010301968,2021,010301968,2,9,0,99,99,9,9,99,99,0,9,99,9,99,1,9,6,6,3,-1,-1,1991,1,2,MERCEDES A CLASS,-1,-1,0,-1
2021221131672,2021,221131672,1,9,0,18,19,7,3,0,0,0,0,10,1,0,3,1,5,6,2,53,8,2143,2,6,MERCEDES A CLASS,5,E01014069,0,-1
2021010311108,2021,010311108,1,9,0,99,99,9,9,99,99,9,9,99,9,99,9,9,6,6,1,46,8,1332,1,2,MERCEDES A CLASS,2,E01033700,0,-1
2021421039286,2021,421039286,2,9,0,10,10,3,1,0,0,2,0,0,0,0,3,1,5,6,2,38,7,1595,1,7,MERCEDES A CLASS,7,E01021344,0,-1
2021411067495,2021,411067495,1,9,0,9,9,7,2,0,0,0,0,0,0,0,4,1,5,6,1,27,6,1461,2,5,MERCEDES A CLASS,1,E01015795,0,-1
202131C063621,2021,31C063621,2,9,0,12,12,2,6,0,0,1,0,0,0,0,3,1,6,6,2,44,7,1332,1,1,MERCEDES A CLASS,2,E01013891,0,-1
2021010341933,2021,010341933,2,9,0,99,99,9,9,99,99,9,9,99,9,99,0,9,6,6,3,-1,-1,1595,1,3,MERCEDES A CLASS,-1,-1,0,-1
2021522201163,2021,522201163,2,9,0,12,12,7,3,0,0,0,0,0,0,0,3,1,6,6,2,36,7,1332,1,1,MERCEDES A CLASS,8,E01033331,0,-1
2021010310631,2021,010310631,1,9,9,99,99,9,9,0,0,1,0,0,0,0,9,9,6,6,1,31,6,1332,1,1,MERCEDES A CLASS,2,E01023338,0,-1
2021010322035,2021,010322035,2,9,0,99,99,9,9,99,99,9,9,99,9,99,2,9,6,6,3,-1,-1,1498,1,13,MERCEDES A CLASS,-1,-1,0,-1
2021010297490,2021,010297490,2,9,0,18,19,5,1,0,0,1,0,0,0,0,1,1,6,6,2,45,7,1498,1,9,MERCEDES A CLASS,4,E01003690,0,-1
2021451027040,2021,451027040,2,9,0,18,19,5,1,0,0,8,0,0,0,0,0,1,6,6,1,41,7,1595,1,7,MERCEDES A CLASS,2,E01001982,0,-1
2021451069177,2021,451069177,4,9,0,3,3,3,7,0,0,0,0,0,0,0,2,1,1,1,1,51,8,1991,1,5,MERCEDES A CLASS,10,E01031903,0,-1
2021010312281,2021,010312281,2,9,0,99,99,9,9,99,99,9,9,99,9,99,9,9,6,6,3,-1,-1,1332,1,2,MERCEDES A CLASS,-1,-1,0,-1
2021201148526,2021,201148526,1,9,0,18,19,2,6,0,0,1,0,0,0,0,0,1,6,6,2,-1,-1,1332,1,2,MERCEDES A CLASS,2,E01009445,0,-1
2021010315515,2021,010315515,2,9,9,1,1,1,5,99,99,9,9,99,9,10,9,9,6,6,3,-1,-1,1461,2,2,MERCEDES A CLASS,-1,-1,0,-1
2021461038270,2021,461038270,1,9,0,9,9,7,5,0,0,1,0,0,0,0,1,1,6,6,1,20,4,1332,1,1,MERCEDES A CLASS,3,E01016173,0,-1
2021131091613,2021,131091613,3,9,0,2,2,1,1,0,0,0,0,0,0,0,3,1,6,6,3,-1,-1,1332,1,1,MERCEDES A CLASS,-1,-1,0,-1
2021010318075,2021,010318075,2,9,9,99,99,9,9,99,99,9,9,99,9,99,9,9,6,6,2,25,5,1595,1,8,MERCEDES A CLASS,-1,-1,0,-1
2021010321833,2021,010321833,1,9,0,9,9,5,2,0,0,5,0,0,0,0,4,1,6,6,1,19,4,1461,2,2,MERCEDES A CLASS,5,E01003134,0,-1
2021451050587,2021,451050587,1,9,0,18,19,4,8,0,0,0,0,0,0,0,1,1,6,6,2,19,4,1332,1,3,MERCEDES A CLASS,9,E01030723,0,-1
2021522101683,2021,522101683,3,9,0,18,19,8,4,0,0,0,0,0,0,0,0,1,6,6,3,-1,-1,1689,2,20,MERCEDES A CLASS,-1,-1,0,-1
2021421093238,2021,421093238,1,9,0,18,19,1,4,0,0,1,0,0,0,0,1,1,6,6,1,26,6,1332,1,2,MERCEDES A CLASS,10,E01017452,0,-1
2021501049179,2021,501049179,1,9,0,6,6,4,8,0,0,8,0,0,0,0,1,1,5,6,1,53,8,1498,1,14,MERCEDES A CLASS,6,E01020274,0,-1
2021221019346,2021,221019346,2,9,0,4,4,2,4,0,0,6,0,0,0,0,2,1,5,6,2,46,8,1796,2,8,MERCEDES A CLASS,5,E01032312,0,-1
2021461057781,2021,461057781,2,9,0,3,3,7,3,0,0,0,0,0,0,0,2,1,6,6,1,28,6,1332,1,0,MERCEDES A CLASS,3,E01004752,0,-1
2021201113182,2021,201113182,2,9,0,18,19,8,4,0,0,8,0,0,0,0,3,1,2,2,2,24,5,1461,2,5,MERCEDES A CLASS,3,E01010094,0,-1
2021201134718,2021,201134718,1,9,0,5,5,8,4,0,0,4,0,0,0,0,1,1,1,1,2,41,7,1332,1,0,MERCEDES A CLASS,2,E01010314,0,-1
2021010318548,2021,010318548,1,9,0,1,1,2,6,0,0,0,0,0,0,0,2,1,6,6,2,51,8,1332,1,1,MERCEDES A CLASS,8,E01001122,0,-1
2021461119191,2021,461119191,1,9,0,18,19,5,1,0,0,1,0,0,0,0,3,1,6,6,2,35,6,1595,1,4,MERCEDES A CLASS,2,E01016040,0,-1
2021122100397,2021,122100397,1,9,0,13,13,5,1,0,0,1,0,0,0,0,1,1,6,6,2,56,9,1332,8,1,MERCEDES A CLASS,8,E01027900,0,-1