collision_index,collision_year,collision_ref_no,vehicle_reference,vehicle_type,towing_and_articulation,vehicle_manoeuvre_historic,vehicle_manoeuvre,vehicle_direction_from,vehicle_direction_to,vehicle_location_restricted_lane_historic,vehicle_location_restricted_lane,junction_location,skidding_and_overturning,hit_object_in_carriageway,vehicle_leaving_carriageway,hit_object_off_carriageway,first_point_of_impact,vehicle_left_hand_drive,journey_purpose_of_driver_historic,journey_purpose_of_driver,sex_of_driver,age_of_driver,age_band_of_driver,engine_capacity_cc,propulsion_code,age_of_vehicle,generic_make_model,driver_imd_decile,lsoa_of_driver,escooter_flag,driver_distance_banding
2021421078413,2021,421078413,3,9,0,18,19,5,1,0,0,1,0,0,0,0,2,1,6,6,1,45,7,2143,2,6,MERCEDES A CLASS,6,E01029906,0,-1
2021201080581,2021,201080581,1,9,0,18,19,6,2,0,0,0,0,0,0,0,1,1,6,6,1,-1,-1,1991,1,4,MERCEDES A CLASS,-1,-1,0,-1
2021371120976,2021,371120976,1,9,0,18,19,6,2,0,0,0,0,0,0,0,1,1,5,6,1,18,4,1595,1,5,MERCEDES A CLASS,10,E01030233,0,-1
2021010301345,2021,010301345,1,9,0,2,2,0,0,0,0,0,0,0,0,0,3,1,6,6,3,-1,-1,2143,2,5,MERCEDES A CLASS,-1,-1,0,-1
2021201133316,2021,201133316,2,9,0,9,9,1,6,0,0,6,0,7,0,0,3,1,2,2,2,26,6,2143,2,6,MERCEDES A CLASS,1,E01010039,0,-1
2021010321163,2021,010321163,2,9,0,99,99,9,9,99,99,9,9,99,9,99,9,9,6,6,3,-1,-1,2143,2,6,MERCEDES A CLASS,-1,-1,0,-1
2021371075982,2021,371075982,2,9,0,4,4,3,7,0,0,1,0,0,0,0,2,1,6,6,2,22,5,1991,1,5,MERCEDES A CLASS,6,E01030037,0,-1
2021010350607,2021,010350607,1,9,0,9,9,7,5,0,0,8,0,0,0,0,1,1,6,6,2,74,10,1498,1,13,MERCEDES A CLASS,9,E01000207,0,-1
2021221095225,2021,221095225,2,9,0,6,6,5,5,0,0,0,0,0,0,0,3,1,1,1,2,39,7,1461,2,6,MERCEDES A CLASS,2,E01014536,0,-1
2021010297477,2021,010297477,1,9,0,18,19,3,7,0,0,0,0,0,0,0,2,1,6,6,1,40,7,1332,1,2,MERCEDES A CLASS,2,E01000098,0,-1
2021010318032,2021,010318032,1,9,0,4,4,1,5,0,0,0,0,10,0,0,4,1,3,7,1,34,6,1991,2,12,MERCEDES A CLASS,2,E01003190,0,-1
202134WNC2541,2021,34WNC2541,2,9,0,13,13,2,6,0,0,0,5,0,8,0,0,1,6,6,1,48,8,1991,1,7,MERCEDES A CLASS,8,E01027101,0,-1
2021010336715,2021,010336715,1,9,0,18,19,7,3,0,0,0,0,0,0,0,1,1,6,6,1,22,5,2143,2,6,MERCEDES A CLASS,9,E01021798,0,-1
2021041087840,2021,041087840,2,9,0,18,19,3,7,0,0,0,0,0,0,0,2,1,1,1,1,50,8,1950,2,0,MERCEDES A CLASS,4,E01025001,0,-1
2021451078821,2021,451078821,1,9,0,9,9,5,7,0,0,5,0,0,0,0,1,1,2,2,1,24,5,1461,2,6,MERCEDES A CLASS,10,E01030355,0,-1
2021991032798,2021,991032798,2,9,0,13,13,5,1,0,0,0,5,0,2,0,4,1,6,6,1,24,5,1991,1,7,MERCEDES A CLASS,3,-1,0,-1
2021061091857,2021,061091857,2,9,0,2,2,0,0,0,0,1,0,0,0,0,2,1,6,6,3,-1,-1,1595,1,3,MERCEDES A CLASS,-1,-1,0,-1
2021351100130,2021,351100130,1,9,0,5,5,8,4,0,0,4,0,0,0,0,3,1,1,1,1,29,6,1461,2,1,MERCEDES A CLASS,4,E01027059,0,-1
2021010331685,2021,010331685,2,9,0,99,99,9,9,99,99,9,9,99,9,99,0,9,6,6,3,-1,-1,1461,2,3,MERCEDES A CLASS,3,E01001816,0,-1
2021430384063,2021,430384063,2,9,0,18,19,5,1,0,0,8,0,0,0,0,1,1,6,6,1,-1,-1,1498,1,14,MERCEDES A CLASS,-1,-1,0,-1
2021991045081,2021,991045081,1,9,0,5,5,3,7,0,0,1,0,0,0,0,1,1,3,7,2,30,6,1461,2,6,MERCEDES A CLASS,-1,-1,0,-1
2021201030333,2021,201030333,2,9,0,18,19,8,4,0,0,6,1,0,0,0,1,1,6,6,2,-1,-1,1461,2,5,MERCEDES A CLASS,-1,-1,0,-1
2021411080767,2021,411080767,2,9,0,9,9,7,5,0,0,6,0,0,0,0,3,1,5,6,1,26,6,2143,2,4,MERCEDES A CLASS,10,E01023968,0,-1
2021010334876,2021,010334876,1,9,0,99,99,9,9,99,99,0,9,99,9,99,9,9,6,6,2,25,5,2143,2,5,MERCEDES A CLASS,3,E01002102,0,-1
2021522101559,2021,522101559,1,9,0,14,14,1,5,0,0,0,0,0,0,0,4,1,6,6,2,19,4,1595,1,3,MERCEDES A CLASS,6,E01014707,0,-1
2021501075721,2021,501075721,1,9,0,18,19,7,3,0,0,0,0,0,0,0,1,1,6,6,2,32,6,1461,2,5,MERCEDES A CLASS,2,E01015157,0,-1
2021440425542,2021,440425542,1,9,0,17,19,5,1,0,0,0,0,0,2,4,1,1,6,6,1,20,4,1461,2,7,MERCEDES A CLASS,1,E01005191,0,-1
2021471116331,2021,471116331,1,9,0,18,19,5,1,0,0,0,0,0,0,0,1,1,5,6,1,22,5,1950,2,2,MERCEDES A CLASS,4,E01024582,0,-1
2021010291573,2021,010291573,1,9,0,99,99,9,9,99,99,0,9,99,9,99,2,9,2,2,2,32,6,2143,2,6,MERCEDES A CLASS,9,E01003908,0,-1
2021522106242,2021,522106242,2,9,0,18,19,1,5,0,0,3,0,0,0,0,1,1,6,6,3,-1,-1,1332,1,2,MERCEDES A CLASS,-1,-1,0,-1
2021041096647,2021,041096647,1,9,0,5,5,1,5,0,0,1,0,0,0,0,4,1,5,6,1,22,5,1332,1,1,MERCEDES A CLASS,8,E01025354,0,-1
2021141090630,2021,141090630,2,9,0,18,19,7,3,0,0,4,0,0,0,0,3,1,1,1,2,20,4,1461,2,5,MERCEDES A CLASS,5,E01011860,0,-1
2021421110801,2021,421110801,1,9,0,14,14,5,2,0,0,8,0,4,0,0,4,1,5,6,1,87,11,1498,1,11,MERCEDES A CLASS,6,E01021372,0,-1
2021041079968,2021,041079968,2,9,0,18,19,1,3,0,0,1,1,0,1,4,3,1,5,6,1,69,10,1498,1,9,MERCEDES A CLASS,5,E01025329,0,-1
2021211071416,2021,211071416,2,9,0,18,19,1,5,0,0,0,0,0,0,0,2,1,6,6,1,36,7,2143,2,6,MERCEDES A CLASS,7,E01010138,0,-1
2021461063195,2021,461063195,1,9,0,9,9,3,7,0,0,5,0,0,0,0,1,1,6,6,1,26,6,1796,2,8,MERCEDES A CLASS,3,E01024713,0,-1
2021131042210,2021,131042210,2,9,0,18,19,1,5,0,0,1,0,0,0,0,1,1,2,2,2,41,7,1332,8,1,MERCEDES A CLASS,9,E01011177,0,-1
2021010290115,2021,010290115,1,9,0,7,7,7,1,0,0,4,0,0,3,2,1,1,6,6,1,31,6,1461,2,1,MERCEDES A CLASS,1,E01001786,0,-1
2021010306225,2021,010306225,2,9,0,9,9,5,2,0,0,8,0,0,0,0,1,1,6,6,1,66,10,1498,1,12,MERCEDES A CLASS,7,E01002187,0,-1
2021471084481,2021,471084481,2,9,0,3,3,1,5,0,0,1,0,0,0,0,2,1,2,2,2,30,6,1461,2,7,MERCEDES A CLASS,6,E01016859,0,-1
2021430398674,2021,430398674,1,9,0,7,7,6,8,0,0,1,0,0,0,0,1,1,6,6,1,29,6,2143,2,6,MERCEDES A CLASS,6,E01016473,0,-1
2021010318527,2021,010318527,1,9,0,99,99,9,9,99,99,9,9,99,9,99,9,9,6,6,1,40,7,1796,2,8,MERCEDES A CLASS,-1,-1,0,-1
2021421039841,2021,421039841,3,9,0,12,12,2,6,0,0,0,0,0,0,0,2,1,6,6,1,60,9,1595,1,4,MERCEDES A CLASS,9,E01033614,0,-1
2021411049762,2021,411049762,1,9,0,17,19,8,2,0,0,0,0,0,0,0,0,1,5,6,2,27,6,1461,2,5,MERCEDES A CLASS,6,E01023554,0,-1
2021440490791,2021,440490791,1,9,0,18,19,2,6,0,0,0,0,0,0,0,1,1,6,6,2,39,7,1950,2,0,MERCEDES A CLASS,5,E01017273,0,-1
2021010302621,2021,010302621,5,9,0,2,2,0,0,9,9,0,0,0,0,0,1,1,6,6,3,-1,-1,1991,1,5,MERCEDES A CLASS,-1,-1,0,-1
2021302102084,2021,302102084,1,9,0,9,9,2,8,0,0,5,0,0,0,0,3,1,6,6,3,-1,-1,1461,2,4,MERCEDES A CLASS,5,E01019456,0,-1
2021010291697,2021,010291697,1,9,0,99,99,9,9,99,99,9,9,99,9,99,9,9,6,6,2,28,6,1461,2,4,MERCEDES A CLASS,1,E01001772,0,-1
2021461022089,2021,461022089,1,9,0,18,19,6,2,0,0,1,1,11,1,10,1,1,5,6,1,27,6,1332,1,1,MERCEDES A CLASS,7,E01032820,0,-1
2021161124810,2021,161124810,1,9,0,4,4,4,6,0,0,1,0,0,3,0,1,1,5,6,1,49,8,1461,2,6,MERCEDES A CLASS,2,E01013129,0,-1
2021991056195,2021,991056195,1,9,0,1,1,8,4,0,0,0,0,0,0,0,2,1,6,6,2,74,10,1461,2,7,MERCEDES A CLASS,7,-1,0,-1
2021461054815,2021,461054815,1,9,0,5,5,5,3,0,0,1,0,0,0,0,3,1,1,1,2,35,6,1332,8,1,MERCEDES A CLASS,7,E01024009,0,-1
2021010319025,2021,010319025,1,9,0,3,3,7,3,0,0,8,0,0,0,0,0,1,6,6,1,36,7,1595,1,4,MERCEDES A CLASS,3,E01001690,0,-1
2021161067045,2021,161067045,3,9,0,18,19,7,2,0,0,1,0,0,0,0,1,1,6,6,2,36,7,2143,2,5,MERCEDES A CLASS,7,E01013248,0,-1
2021010319570,2021,010319570,2,9,0,18,19,3,7,0,0,8,0,0,0,0,1,1,6,6,2,21,5,1461,2,7,MERCEDES A CLASS,9,E01030715,0,-1
2021461076469,2021,461076469,2,9,0,18,19,4,8,0,0,1,0,0,1,0,4,1,5,6,1,30,6,1461,2,7,MERCEDES A CLASS,4,E01024669,0,-1
2021131086706,2021,131086706,1,9,0,18,19,2,6,0,0,0,0,0,0,0,1,1,5,6,2,45,7,1332,1,2,MERCEDES A CLASS,3,E01011154,0,-1
2021201092985,2021,201092985,1,9,0,18,19,8,4,0,0,0,0,0,0,0,1,1,6,6,1,19,4,1595,1,4,MERCEDES A CLASS,1,E01010455,0,-1
2021461033953,2021,461033953,1,9,0,18,19,7,3,0,0,0,0,0,0,0,1,1,6,6,1,-1,-1,1461,2,5,MERCEDES A CLASS,9,E01023319,0,-1
2021211144260,2021,211144260,2,9,0,18,19,8,4,0,0,1,0,0,0,0,1,1,6,6,2,19,4,1461,2,4,MERCEDES A CLASS,8,E01014314,0,-1
2021430126607,2021,430126607,1,9,0,12,12,7,3,0,0,3,0,0,0,0,3,1,3,7,2,43,7,1595,1,3,MERCEDES A CLASS,7,E01016545,0,-1
2021622100156,2021,622100156,1,9,0,18,19,6,2,0,0,0,0,0,0,0,1,1,2,2,1,27,6,1332,1,0,MERCEDES A CLASS,2,W01000929,0,-1
2021010299214,2021,010299214,1,9,0,9,9,7,4,0,0,0,0,0,0,0,1,1,6,6,2,55,8,1498,1,11,MERCEDES A CLASS,10,E01003385,0,-1
2021061096509,2021,061096509,1,9,0,18,19,3,6,0,0,0,0,0,0,0,1,1,6,6,1,-1,-1,1992,2,14,MERCEDES A CLASS,-1,-1,0,-1
2021010314158,2021,010314158,1,9,0,18,19,7,3,9,9,5,0,7,0,0,1,1,6,6,2,26,6,1461,2,2,MERCEDES A CLASS,3,E01000164,0,-1
2021010295209,2021,010295209,1,9,0,18,19,7,3,0,0,0,0,0,0,0,3,1,2,2,2,33,6,1461,2,6,MERCEDES A CLASS,6,E01002662,0,-1
2021101106586,2021,101106586,1,9,0,18,19,3,7,0,0,1,0,0,0,0,1,1,6,6,1,-1,-1,1498,1,15,MERCEDES A CLASS,-1,-1,0,-1
2021010351458,2021,010351458,1,9,0,99,99,9,9,99,99,0,9,99,9,99,9,9,2,2,1,29,6,1461,2,6,MERCEDES A CLASS,1,E01004420,0,-1
2021201081473,2021,201081473,2,9,0,9,9,8,6,0,0,6,0,10,7,0,4,1,6,6,2,25,5,1461,2,3,MERCEDES A CLASS,8,E01022935,0,-1
2021471086550,2021,471086550,1,9,0,3,3,3,7,0,0,1,0,0,0,0,1,1,6,6,2,-1,-1,1461,2,7,MERCEDES A CLASS,7,E01020943,0,-1
2021421051542,2021,421051542,1,9,0,18,19,7,3,0,0,0,0,0,0,0,1,1,2,2,1,20,4,1461,2,5,MERCEDES A CLASS,3,E01033051,0,-1
2021440417827,2021,440417827,2,9,0,18,19,8,4,0,0,1,0,0,0,0,1,1,6,6,3,-1,-1,1461,2,3,MERCEDES A CLASS,-1,-1,0,-1
2021461035413,2021,461035413,1,9,0,13,13,7,3,0,0,1,0,0,0,0,4,1,6,6,1,-1,-1,1332,1,0,MERCEDES A CLASS,-1,-1,0,-1
2021010324603,2021,010324603,2,9,0,5,5,0,3,0,0,6,0,0,0,0,3,1,6,6,3,-1,-1,2143,2,4,MERCEDES A CLASS,-1,-1,0,-1
2021131056965,2021,131056965,2,9,0,18,19,7,1,0,0,1,0,0,0,0,1,1,6,6,2,24,5,1461,2,4,MERCEDES A CLASS,3,E01010571,0,-1
2021501046275,2021,501046275,2,9,0,18,19,1,5,0,0,1,1,0,0,0,1,1,1,1,2,26,6,1461,2,3,MERCEDES A CLASS,4,E01018951,0,-1
2021010328238,2021,010328238,2,9,0,99,99,9,9,99,99,9,9,99,9,99,9,9,6,6,1,24,5,2143,2,5,MERCEDES A CLASS,3,E01001468,0,-1
2021010295005,2021,010295005,1,9,0,13,13,7,3,0,0,0,0,0,0,0,1,1,6,6,1,31,6,1498,1,13,MERCEDES A CLASS,-1,-1,0,-1
2021430357905,2021,430357905,2,9,0,18,19,1,5,0,0,1,0,0,0,0,4,1,6,6,1,23,5,1461,2,8,MERCEDES A CLASS,3,E01017514,0,-1
2021320179232,2021,320179232,2,9,0,2,2,0,0,0,0,8,0,0,0,0,2,1,6,6,2,67,10,1595,1,7,MERCEDES A CLASS,6,E01026167,0,-1
2021070206277,2021,070206277,3,9,0,18,19,5,1,0,0,0,0,0,0,0,3,1,6,6,2,-1,-1,1796,2,8,MERCEDES A CLASS,7,E01018686,0,-1
2021070048666,2021,070048666,1,9,0,3,3,4,8,0,0,1,1,0,0,0,2,1,6,6,1,57,9,2143,2,7,MERCEDES A CLASS,8,E01018707,0,-1
2021101128060,2021,101128060,1,9,0,9,9,2,4,0,0,8,0,0,0,0,4,1,5,6,2,39,7,1595,1,4,MERCEDES A CLASS,5,E01027389,0,-1
2021122101089,2021,122101089,2,9,0,5,5,1,5,0,0,4,0,0,0,0,1,1,6,6,2,38,7,1461,2,2,MERCEDES A CLASS,6,E01011299,0,-1
2021010325401,2021,010325401,3,9,0,3,3,1,5,0,0,2,1,0,0,0,1,1,6,6,2,25,5,1595,1,4,MERCEDES A CLASS,2,E01002033,0,-1
2021041041336,2021,041041336,1,9,0,18,19,5,1,0,0,0,0,0,0,0,3,1,5,6,1,23,5,1461,2,7,MERCEDES A CLASS,1,E01025049,0,-1
2021520104976,2021,520104976,2,9,0,1,1,7,3,0,0,5,0,0,0,0,2,1,6,6,3,-1,-1,1461,2,7,MERCEDES A CLASS,-1,-1,0,-1
2021010343324,2021,010343324,1,9,0,18,19,7,3,0,0,8,2,0,1,0,1,1,6,6,1,20,4,1595,1,4,MERCEDES A CLASS,4,E01001645,0,-1
2021010298553,2021,010298553,2,9,0,2,2,0,0,9,9,0,0,0,0,0,2,1,6,6,3,-1,-1,1498,1,11,MERCEDES A CLASS,-1,-1,0,-1
2021170M11291,2021,170M11291,1,9,0,9,9,7,5,0,0,2,0,0,0,0,1,1,6,6,1,30,6,1991,1,7,MERCEDES A CLASS,1,E01012060,0,-1
2021161103033,2021,161103033,2,9,0,5,5,5,1,0,0,6,0,0,0,0,1,1,6,6,2,20,4,1595,1,3,MERCEDES A CLASS,5,E01013317,0,-1
2021991117003,2021,991117003,1,9,0,9,9,4,2,0,0,8,0,0,0,0,1,1,5,6,2,40,7,1461,2,4,MERCEDES A CLASS,1,-1,0,-1
2021201143713,2021,201143713,1,9,0,18,19,7,3,0,0,0,0,0,0,0,1,1,6,6,2,88,11,1498,1,10,MERCEDES A CLASS,9,E01009472,0,-1
2021061105611,2021,061105611,1,9,0,18,19,3,7,0,0,0,0,0,0,0,3,1,5,6,2,72,10,1689,2,17,MERCEDES A CLASS,8,E01006164,0,-1
2021991035511,2021,991035511,1,9,0,9,9,7,3,0,0,8,0,0,0,0,3,1,6,6,2,23,5,1332,1,1,MERCEDES A CLASS,8,-1,0,-1
2021461085063,2021,461085063,1,9,0,18,19,5,1,0,0,0,0,0,1,0,4,1,6,6,1,49,8,1498,1,11,MERCEDES A CLASS,2,E01000729,0,-1
2021421082225,2021,421082225,1,9,0,18,19,8,4,0,0,2,1,0,0,0,1,1,5,6,1,50,8,1332,1,2,MERCEDES A CLASS,9,E01021789,0,-1
2021201064592,2021,201064592,1,9,0,7,7,7,2,0,0,6,0,0,0,0,1,1,6,6,1,-1,-1,1461,2,6,MERCEDES A CLASS,-1,-1,0,-1
2021010333891,2021,010333891,1,8,0,18,19,3,7,0,0,0,0,0,0,0,2,1,1,1,1,49,8,1461,2,3,MERCEDES A CLASS,7,E01000791,0,-1
2021010306238,2021,010306238,2,9,0,5,5,3,7,0,0,1,0,0,0,0,1,1,6,6,1,37,7,1595,1,3,MERCEDES A CLASS,1,E01033455,0,-1
2021041091961,2021,041091961,1,9,0,18,19,8,4,0,0,8,0,0,0,0,1,1,5,6,1,19,4,2143,2,3,MERCEDES A CLASS,1,E01025295,0,-1
2021552101249,2021,552101249,2,9,0,18,19,6,2,0,0,8,0,0,0,0,4,1,6,6,1,39,7,1461,2,3,MERCEDES A CLASS,8,E01015364,0,-1
2021041153862,2021,041153862,2,9,0,3,3,1,5,0,0,4,0,0,0,0,2,1,5,6,1,47,8,1461,2,2,MERCEDES A CLASS,2,E01006945,0,-1
2021131098609,2021,131098609,1,9,0,18,19,3,7,0,0,6,0,0,0,0,4,1,5,6,2,34,6,1332,1,2,MERCEDES A CLASS,5,E01011352,0,-1
2021991086486,2021,991086486,1,9,0,18,19,1,5,0,0,0,0,0,0,0,1,1,6,6,1,19,4,1332,1,0,MERCEDES A CLASS,4,-1,0,-1
2021211058305,2021,211058305,2,9,0,11,11,5,1,0,0,0,0,0,0,0,4,1,6,6,1,71,10,1461,2,5,MERCEDES A CLASS,1,E01014255,0,-1
202134WNC6091,2021,34WNC6091,2,9,0,18,19,4,8,0,0,0,0,0,0,0,2,1,6,6,2,53,8,1332,1,3,MERCEDES A CLASS,7,E01028795,0,-1
2021041093169,2021,041093169,1,9,0,9,9,3,1,0,0,2,0,0,0,0,3,1,5,6,2,61,9,2143,2,4,MERCEDES A CLASS,8,E01024920,0,-1
202154B828521,2021,54B828521,2,9,0,18,19,7,5,0,0,2,0,0,0,0,1,1,6,6,1,44,7,1397,1,19,MERCEDES A CLASS,6,E01015587,0,-1
2021010328671,2021,010328671,1,9,0,99,99,9,9,99,99,9,9,99,9,99,2,9,6,6,2,31,6,1332,1,2,MERCEDES A CLASS,8,E01003876,0,-1
2021010313235,2021,010313235,3,9,0,5,5,4,8,0,0,1,0,0,0,0,3,1,6,6,2,26,6,1699,1,11,MERCEDES A CLASS,2,E01003320,0,-1
2021010295677,2021,010295677,2,9,0,18,19,3,7,0,0,0,0,0,0,0,1,1,6,6,3,-1,-1,1461,2,4,MERCEDES A CLASS,-1,-1,0,-1
2021010329870,2021,010329870,1,9,0,6,6,7,7,0,0,3,0,0,3,0,1,1,6,6,1,25,5,1332,1,2,MERCEDES A CLASS,8,E01000655,0,-1
2021052100923,2021,052100923,1,9,0,9,9,6,4,0,0,8,0,0,0,0,1,1,6,6,1,22,5,1461,2,6,MERCEDES A CLASS,9,E01006886,0,-1
2021010290796,2021,010290796,1,9,0,99,99,9,9,99,99,9,9,99,9,99,1,9,6,6,2,23,5,1332,1,2,MERCEDES A CLASS,3,E01000735,0,-1
2021622100308,2021,622100308,2,9,0,2,2,0,0,0,0,0,0,0,0,0,2,1,6,6,3,-1,-1,1461,2,3,MERCEDES A CLASS,-1,-1,0,-1
2021471038805,2021,471038805,1,9,0,9,9,1,7,0,0,2,0,0,0,0,3,1,5,6,2,24,5,1461,2,3,MERCEDES A CLASS,2,E01023974,0,-1
2021141038030,2021,141038030,1,9,0,18,19,6,8,0,0,0,0,0,0,0,4,1,5,6,2,27,6,1461,2,5,MERCEDES A CLASS,7,E01007827,0,-1
2021421028766,2021,421028766,2,9,0,18,19,7,3,0,0,0,0,0,0,0,2,1,6,6,1,22,5,2143,2,4,MERCEDES A CLASS,4,E01004048,0,-1
2021031102684,2021,031102684,1,9,0,18,19,8,4,0,0,1,0,0,0,0,1,1,1,1,1,45,7,1461,2,7,MERCEDES A CLASS,5,E01019371,0,-1
2021361087011,2021,361087011,1,9,0,13,13,5,7,0,0,1,0,0,0,0,0,1,6,6,2,45,7,1498,1,10,MERCEDES A CLASS,5,E01026845,0,-1
2021991035053,2021,991035053,2,9,0,5,5,3,7,0,0,8,0,0,0,0,1,1,6,6,2,25,5,1461,2,6,MERCEDES A CLASS,3,-1,0,-1
2021010331045,2021,010331045,2,9,0,99,99,9,9,99,99,9,9,99,9,99,4,9,6,6,1,25,5,1461,2,5,MERCEDES A CLASS,2,E01001770,0,-1
2021010342267,2021,010342267,1,9,0,99,99,9,9,99,99,9,9,99,9,99,2,9,6,6,2,19,4,1461,2,2,MERCEDES A CLASS,10,E01021751,0,-1
2021302101504,2021,302101504,1,9,0,18,19,6,2,0,0,8,0,0,0,0,1,1,6,6,2,42,7,1461,2,2,MERCEDES A CLASS,5,E01019564,0,-1
2021461102309,2021,461102309,1,9,0,18,19,3,7,0,0,0,0,0,0,0,1,1,5,6,2,20,4,2143,2,6,MERCEDES A CLASS,4,E01024444,0,-1
2021302101992,2021,302101992,1,9,0,18,19,8,4,0,0,0,0,0,0,0,1,1,6,6,1,29,6,1461,2,7,MERCEDES A CLASS,3,E01019692,0,-1
2021061086868,2021,061086868,2,9,0,4,4,2,6,0,0,0,0,0,0,0,1,1,5,6,2,49,8,1461,2,4,MERCEDES A CLASS,10,E01005410,0,-1
2021141019828,2021,141019828,2,9,0,18,19,4,8,0,0,0,0,0,0,0,3,1,2,2,2,37,7,1461,2,3,MERCEDES A CLASS,7,E01007689,0,-1
2021421067180,2021,421067180,1,9,0,1,1,3,7,0,0,0,0,0,0,0,2,1,1,1,2,31,6,1332,1,2,MERCEDES A CLASS,3,E01016005,0,-1
2021010327951,2021,010327951,1,9,0,18,19,7,3,0,0,4,0,0,0,0,1,1,6,6,2,46,8,1332,1,1,MERCEDES A CLASS,5,E01004225,0,-1
2021501094422,2021,501094422,1,9,0,18,19,1,5,0,0,0,0,0,1,0,4,1,6,6,2,28,6,1332,1,0,MERCEDES A CLASS,1,E01024900,0,-1
2021461111867,2021,461111867,1,9,0,1,1,7,3,0,0,6,0,11,0,0,2,1,5,6,3,-1,-1,2143,2,7,MERCEDES A CLASS,-1,-1,0,-1
2021010322953,2021,010322953,1,9,0,18,19,1,5,0,0,0,0,0,0,0,1,1,6,6,2,22,5,1332,1,2,MERCEDES A CLASS,-1,-1,0,-1
2021471032495,2021,471032495,1,9,0,9,9,3,1,0,0,8,0,0,0,0,3,1,5,6,2,50,8,1689,2,17,MERCEDES A CLASS,3,E01016926,0,-1
2021401090045,2021,401090045,1,9,0,18,19,4,8,0,0,1,0,0,0,0,4,1,6,6,1,41,7,1991,2,11,MERCEDES A CLASS,4,E01015750,0,-1
2021544605221,2021,544605221,2,9,0,18,19,3,7,0,0,8,0,0,0,0,1,1,6,6,1,29,6,1332,8,0,MERCEDES A CLASS,9,E01031915,0,-1
2021061040029,2021,061040029,2,9,0,18,19,1,1,0,0,0,0,0,0,0,1,1,6,6,2,40,7,1461,2,5,MERCEDES A CLASS,3,E01006115,0,-1
202131D013021,2021,31D013021,2,9,0,4,4,2,6,0,0,1,0,0,0,0,0,1,6,6,2,21,5,1595,1,3,MERCEDES A CLASS,10,E01028198,0,-1
2021351108818,2021,351108818,1,9,0,18,19,3,7,0,0,2,0,0,0,0,1,1,6,6,2,38,7,1461,2,5,MERCEDES A CLASS,2,E01018078,0,-1
2021010351866,2021,010351866,1,9,0,99,99,9,9,99,99,0,9,99,9,99,1,9,6,6,2,55,8,1397,1,20,MERCEDES A CLASS,5,E01004071,0,-1
2021201076166,2021,201076166,2,9,0,1,1,8,4,0,0,6,0,0,0,0,2,1,6,6,2,21,5,1461,2,5,MERCEDES A CLASS,4,E01010353,0,-1
2021010309911,2021,010309911,2,9,0,2,2,0,0,0,0,0,0,0,0,0,2,1,6,6,3,-1,-1,1598,1,19,MERCEDES A CLASS,-1,-1,0,-1
2021061091247,2021,061091247,1,9,0,18,19,5,1,0,0,0,0,0,0,0,1,1,6,6,2,42,7,1461,2,6,MERCEDES A CLASS,-1,-1,0,-1
2021320418947,2021,320418947,2,9,0,8,8,5,7,0,0,1,0,0,0,0,1,1,6,6,2,34,6,1461,2,4,MERCEDES A CLASS,6,E01026349,0,-1
2021141057575,2021,141057575,2,9,0,9,9,1,7,0,0,1,0,0,0,0,1,1,6,6,1,38,7,1950,2,0,MERCEDES A CLASS,2,E01007491,0,-1
2021010295854,2021,010295854,2,9,0,18,19,5,1,0,0,1,0,0,1,1,1,1,6,6,2,36,7,1796,2,8,MERCEDES A CLASS,4,E01000471,0,-1
2021052101253,2021,052101253,1,9,0,9,9,5,3,0,0,3,0,0,0,0,1,1,2,2,1,33,6,1461,2,4,MERCEDES A CLASS,8,E01006680,0,-1
2021552101106,2021,552101106,1,9,0,1,1,4,8,0,0,0,0,0,0,0,2,1,6,6,1,64,9,1461,2,5,MERCEDES A CLASS,6,E01015462,0,-1
2021440402340,2021,440402340,2,9,0,18,19,6,2,0,0,1,0,0,0,0,1,1,6,6,2,24,5,1950,2,2,MERCEDES A CLASS,3,E01017020,0,-1
2021440003488,2021,440003488,1,9,0,18,19,2,6,0,0,2,0,7,0,0,1,1,2,2,2,59,9,1498,1,10,MERCEDES A CLASS,4,E01017122,0,-1
2021010315555,2021,010315555,4,9,0,3,3,3,7,0,0,1,0,0,0,0,3,1,6,6,1,40,7,1332,1,2,MERCEDES A CLASS,1,E01002071,0,-1
2021430464727,2021,430464727,1,9,0,8,8,4,6,0,0,1,0,0,0,0,2,1,2,2,2,39,7,1992,2,14,MERCEDES A CLASS,3,E01016454,0,-1
2021010343700,2021,010343700,1,9,0,3,3,3,7,0,0,0,0,0,0,0,2,1,6,6,1,43,7,1332,1,3,MERCEDES A CLASS,2,E01002634,0,-1
2021010315140,2021,010315140,1,9,0,3,3,1,5,0,0,1,0,0,0,0,2,1,6,6,1,36,7,1461,2,5,MERCEDES A CLASS,-1,-1,0,-1
2021010345845,2021,010345845,3,9,0,4,4,3,7,0,0,0,0,0,0,0,2,1,2,2,1,59,9,1397,1,20,MERCEDES A CLASS,9,E01000456,0,-1