collision_index,collision_year,collision_ref_no,vehicle_reference,vehicle_type,towing_and_articulation,vehicle_manoeuvre_historic,vehicle_manoeuvre,vehicle_direction_from,vehicle_direction_to,vehicle_location_restricted_lane_historic,vehicle_location_restricted_lane,junction_location,skidding_and_overturning,hit_object_in_carriageway,vehicle_leaving_carriageway,hit_object_off_carriageway,first_point_of_impact,vehicle_left_hand_drive,journey_purpose_of_driver_historic,journey_purpose_of_driver,sex_of_driver,age_of_driver,age_band_of_driver,engine_capacity_cc,propulsion_code,age_of_vehicle,generic_make_model,driver_imd_decile,lsoa_of_driver,escooter_flag,driver_distance_banding
2021440027979,2021,440027979,1,9,0,17,19,1,0,0,0,0,2,0,1,9,4,1,2,2,1,38,7,1397,1,19,MERCEDES A CLASS,-1,-1,0,-1
2021320204632,2021,320204632,2,9,0,18,19,5,2,0,0,1,0,0,0,0,4,1,2,2,2,34,6,1461,2,4,MERCEDES A CLASS,-1,-1,0,-1
2021010305288,2021,010305288,1,9,0,18,19,3,7,0,0,8,0,0,0,0,0,1,6,6,1,20,4,1461,2,3,MERCEDES A CLASS,6,E01000479,0,-1
2021010325733,2021,010325733,2,9,0,9,9,1,6,0,0,1,0,0,0,0,1,1,6,6,1,34,6,1332,1,3,MERCEDES A CLASS,5,E01003130,0,-1
2021010346214,2021,010346214,1,9,0,17,19,1,5,0,0,8,0,0,0,0,1,1,1,1,2,43,7,2035,1,16,MERCEDES A CLASS,3,E01002413,0,-1
2021461128880,2021,461128880,1,9,0,9,9,1,3,0,0,1,0,0,0,0,1,1,6,6,2,27,6,1461,2,3,MERCEDES A CLASS,10,E01024139,0,-1
2021461061567,2021,461061567,2,9,0,18,19,3,7,0,0,1,0,0,0,0,1,1,6,6,1,26,6,1332,1,2,MERCEDES A CLASS,6,E01024245,0,-1
2021161035965,2021,161035965,2,9,0,3,3,2,6,0,0,1,0,0,0,0,2,1,6,6,1,28,6,1461,2,7,MERCEDES A CLASS,5,E01013030,0,-1
2021041079201,2021,041079201,2,9,0,13,13,5,1,0,0,1,0,0,0,0,1,1,5,6,2,36,7,1595,1,7,MERCEDES A CLASS,3,E01024911,0,-1
2021061087839,2021,061087839,1,9,0,4,4,1,3,0,0,0,0,0,0,0,1,1,6,6,3,30,6,1461,2,2,MERCEDES A CLASS,-1,-1,0,-1
2021461045104,2021,461045104,2,9,0,18,19,7,3,0,0,0,0,0,0,0,4,1,5,6,2,29,6,1595,1,5,MERCEDES A CLASS,4,E01024493,0,-1
2021991092393,2021,991092393,1,9,0,5,5,2,6,0,0,4,0,0,0,0,1,1,6,6,1,34,6,1461,2,4,MERCEDES A CLASS,8,-1,0,-1
2021231016285,2021,231016285,1,9,0,18,19,1,5,0,0,8,0,0,0,0,1,1,2,2,2,38,7,1461,2,3,MERCEDES A CLASS,6,E01032390,0,-1
2021201149169,2021,201149169,1,9,0,18,19,3,7,0,0,4,0,4,0,0,4,1,1,1,1,51,8,1461,2,6,MERCEDES A CLASS,2,E01009014,0,-1
2021320157096,2021,320157096,2,9,0,13,13,6,2,0,0,3,0,0,0,0,2,1,6,6,2,20,4,1595,1,7,MERCEDES A CLASS,7,E01026397,0,-1
2021010317859,2021,010317859,1,9,0,99,99,9,9,99,99,9,9,99,9,99,3,9,2,2,1,26,6,1461,2,2,MERCEDES A CLASS,3,E01003101,0,-1
2021471025215,2021,471025215,1,9,0,9,9,1,6,0,0,1,0,0,0,0,1,1,5,6,2,71,10,1461,2,2,MERCEDES A CLASS,10,E01031367,0,-1
2021421130717,2021,421130717,2,9,0,3,3,2,6,0,0,4,0,0,0,0,2,1,5,6,2,24,5,1461,2,5,MERCEDES A CLASS,9,E01033614,0,-1
2021131072071,2021,131072071,2,9,0,18,19,6,6,0,0,1,0,0,0,0,4,1,5,6,2,47,8,1332,1,2,MERCEDES A CLASS,4,E01011647,0,-1
2021440167712,2021,440167712,1,9,0,18,19,4,8,0,0,0,0,10,1,11,3,1,6,6,1,39,7,1498,1,12,MERCEDES A CLASS,5,E01030656,0,-1
2021010336707,2021,010336707,1,9,0,9,9,8,6,0,0,5,0,0,0,0,1,1,6,6,1,40,7,1332,1,2,MERCEDES A CLASS,2,E01000221,0,-1
2021201068678,2021,201068678,2,9,0,18,19,2,7,0,0,8,0,0,0,0,0,1,6,6,1,-1,-1,1950,2,2,MERCEDES A CLASS,2,E01010264,0,-1
202131D155821,2021,31D155821,1,9,0,16,19,1,4,0,0,0,0,0,1,4,1,1,6,6,1,21,5,1595,1,3,MERCEDES A CLASS,9,E01028213,0,-1
2021201097404,2021,201097404,2,9,0,18,19,1,5,0,0,0,0,4,1,0,1,1,6,6,1,26,6,1461,2,2,MERCEDES A CLASS,2,E01009121,0,-1
2021201126061,2021,201126061,2,9,0,2,2,0,0,0,0,0,0,0,0,0,2,1,6,6,2,49,8,1796,2,8,MERCEDES A CLASS,5,E01010110,0,-1
2021430542521,2021,430542521,6,9,0,18,19,6,2,0,0,0,0,0,0,0,1,1,6,6,2,30,6,1595,1,4,MERCEDES A CLASS,6,E01016507,0,-1
2021010303546,2021,010303546,1,9,0,3,3,1,5,0,0,1,0,10,1,0,1,1,6,6,2,22,5,1461,2,5,MERCEDES A CLASS,2,E01003598,0,-1
2021161071271,2021,161071271,2,9,0,9,9,1,7,0,0,5,0,0,0,0,4,1,2,2,2,25,5,1461,2,6,MERCEDES A CLASS,3,E01027824,0,-1
2021010348379,2021,010348379,1,9,0,4,4,8,4,0,0,1,5,0,0,0,4,1,6,6,2,37,7,1332,1,2,MERCEDES A CLASS,1,E01002095,0,-1
2021010309471,2021,010309471,1,9,0,18,19,5,1,0,0,0,0,0,0,0,2,1,6,6,2,44,7,1332,1,0,MERCEDES A CLASS,8,E01002321,0,-1
2021131037612,2021,131037612,1,9,0,18,19,7,3,0,0,0,1,11,0,0,3,1,5,6,2,23,5,2143,2,6,MERCEDES A CLASS,2,E01011236,0,-1
2021010293469,2021,010293469,2,9,0,99,99,9,9,99,99,0,9,99,9,99,1,9,6,6,1,-1,-1,1332,1,2,MERCEDES A CLASS,7,E01005819,0,-1
2021401019992,2021,401019992,3,9,0,3,3,1,8,0,0,0,0,0,0,0,0,1,6,6,1,24,5,2143,2,6,MERCEDES A CLASS,8,E01017583,0,-1
2021010335035,2021,010335035,1,9,0,18,19,1,5,0,0,1,0,0,0,0,0,1,6,6,2,44,7,1461,2,5,MERCEDES A CLASS,3,E01002502,0,-1
2021320349485,2021,320349485,1,9,0,18,19,4,8,0,0,0,0,0,0,0,1,1,6,6,2,53,8,2143,2,4,MERCEDES A CLASS,6,E01026147,0,-1
2021010329777,2021,010329777,1,9,0,9,9,1,7,0,0,8,0,0,0,0,2,1,6,6,1,18,4,1461,2,5,MERCEDES A CLASS,-1,-1,0,-1
2021371129159,2021,371129159,2,9,0,18,19,1,5,0,0,1,0,0,0,0,4,1,6,6,1,32,6,1461,2,8,MERCEDES A CLASS,6,E01033453,0,-1
2021010303921,2021,010303921,1,9,0,99,99,9,9,99,99,9,9,99,9,99,2,9,2,2,2,30,6,1461,2,3,MERCEDES A CLASS,3,E01003280,0,-1
2021501105044,2021,501105044,2,9,0,18,19,1,5,0,0,0,0,0,0,0,2,1,6,6,1,67,10,1332,1,1,MERCEDES A CLASS,7,E01018795,0,-1
2021010290825,2021,010290825,1,9,0,2,2,0,0,5,5,0,0,0,0,0,0,1,6,6,3,-1,-1,1461,2,6,MERCEDES A CLASS,-1,-1,0,-1
2021010325762,2021,010325762,2,9,0,12,12,5,1,0,0,1,0,0,0,0,1,2,6,6,2,55,8,2035,1,16,MERCEDES A CLASS,4,E01000949,0,-1
2021320284353,2021,320284353,2,9,0,16,19,6,8,0,0,0,0,0,0,0,1,1,6,6,2,37,7,1461,2,1,MERCEDES A CLASS,9,E01013168,0,-1
2021451064879,2021,451064879,1,9,0,2,2,5,1,0,0,0,0,0,0,0,3,1,5,6,2,30,6,1595,1,6,MERCEDES A CLASS,9,E01030366,0,-1
2021010301149,2021,010301149,1,9,0,3,3,7,3,0,0,0,0,0,0,0,2,1,1,1,2,35,6,1461,2,7,MERCEDES A CLASS,9,E01030706,0,-1
202131B107821,2021,31B107821,2,9,0,18,19,7,3,0,0,0,0,0,0,0,1,1,6,6,1,21,5,1461,2,2,MERCEDES A CLASS,8,E01028060,0,-1
2021010312486,2021,010312486,1,9,0,99,99,9,9,99,99,9,9,99,9,99,9,9,6,6,1,23,5,1461,2,6,MERCEDES A CLASS,5,E01033573,0,-1
2021411073985,2021,411073985,1,9,0,18,19,6,1,0,0,0,0,0,0,0,3,1,6,6,1,29,6,1332,8,0,MERCEDES A CLASS,5,E01001271,0,-1
2021471092732,2021,471092732,2,9,0,3,3,2,6,0,0,0,0,0,0,0,2,1,5,6,2,19,4,1332,1,2,MERCEDES A CLASS,6,E01030842,0,-1
2021520103505,2021,520103505,2,9,0,18,19,5,2,0,0,8,0,0,0,0,1,1,6,6,2,85,11,1498,1,9,MERCEDES A CLASS,5,E01029185,0,-1
2021451066590,2021,451066590,2,9,0,15,15,1,3,0,0,0,0,0,0,0,3,1,6,6,2,28,6,1461,2,6,MERCEDES A CLASS,3,E01017906,0,-1
2021411054445,2021,411054445,1,9,0,18,19,5,1,0,0,0,0,0,0,0,3,1,6,6,1,35,6,1461,2,3,MERCEDES A CLASS,8,E01023528,0,-1
2021010289102,2021,010289102,2,9,0,18,19,4,8,0,0,8,0,0,0,0,3,1,6,6,1,27,6,1461,2,2,MERCEDES A CLASS,1,E01002081,0,-1
2021161035648,2021,161035648,1,9,0,18,19,8,4,0,0,4,0,0,0,0,1,1,2,2,1,32,6,1598,1,19,MERCEDES A CLASS,3,E01013233,0,-1
2021991102009,2021,991102009,1,9,0,17,19,8,5,0,0,8,0,0,1,0,3,1,5,6,2,44,7,1991,2,9,MERCEDES A CLASS,10,-1,0,-1
2021061027552,2021,061027552,1,9,0,2,2,0,0,0,0,0,0,0,0,0,1,1,6,6,2,29,6,1595,1,4,MERCEDES A CLASS,4,E01005850,0,-1
2021552101216,2021,552101216,1,9,0,9,9,6,4,0,0,6,0,0,0,0,1,1,6,6,2,79,11,1699,1,11,MERCEDES A CLASS,6,E01015369,0,-1
2021201049685,2021,201049685,2,9,0,18,19,-1,-1,0,0,0,0,0,0,0,0,1,6,6,1,34,6,1796,2,8,MERCEDES A CLASS,8,E01009846,0,-1
2021010288327,2021,010288327,1,9,0,7,7,3,5,0,0,5,0,0,0,0,4,1,6,6,2,75,10,1595,1,5,MERCEDES A CLASS,7,E01002226,0,-1
2021401111895,2021,401111895,1,9,0,18,19,3,7,0,0,8,0,0,0,0,4,1,5,6,1,20,4,1461,2,2,MERCEDES A CLASS,2,E01015705,0,-1
2021061097393,2021,061097393,2,9,0,18,19,1,5,0,0,0,0,0,0,0,1,1,6,6,3,30,6,1461,2,2,MERCEDES A CLASS,-1,-1,0,-1
2021052102769,2021,052102769,2,9,0,18,19,1,5,0,0,0,0,0,0,0,1,1,2,2,2,24,5,1332,1,2,MERCEDES A CLASS,7,E01006801,0,-1
2021010307438,2021,010307438,2,9,0,99,99,9,9,0,0,8,0,0,0,0,9,1,6,6,3,-1,-1,1498,1,10,MERCEDES A CLASS,-1,-1,0,-1
2021131106227,2021,131106227,1,9,0,18,19,1,5,0,0,8,0,0,0,0,1,1,5,6,2,22,5,2143,2,5,MERCEDES A CLASS,10,E01006062,0,-1
2021320419501,2021,320419501,2,9,0,18,19,3,7,0,0,1,1,0,8,6,1,1,6,6,1,35,6,1332,8,1,MERCEDES A CLASS,9,E01026544,0,-1
2021201085218,2021,201085218,2,9,0,9,9,5,4,0,0,8,0,0,0,0,1,1,6,6,2,-1,-1,1595,1,7,MERCEDES A CLASS,1,E01010484,0,-1
2021010312606,2021,010312606,2,9,0,5,5,3,7,0,0,8,0,0,0,0,1,1,6,6,3,-1,-1,1332,1,1,MERCEDES A CLASS,-1,-1,0,-1
2021302100874,2021,302100874,2,9,0,18,19,8,4,0,0,0,0,0,0,0,3,1,6,6,1,27,6,1796,2,8,MERCEDES A CLASS,1,E01019578,0,-1
2021401071532,2021,401071532,2,9,0,18,19,8,4,0,0,8,0,0,0,0,3,1,5,6,2,25,5,1461,2,3,MERCEDES A CLASS,3,E01016465,0,-1
2021010332847,2021,010332847,1,9,0,2,2,0,0,8,6,0,0,4,0,0,4,1,6,6,3,-1,-1,1461,2,5,MERCEDES A CLASS,-1,-1,0,-1
2021440329621,2021,440329621,2,9,0,3,3,3,7,0,0,1,0,0,0,0,2,1,2,2,2,24,5,1332,1,2,MERCEDES A CLASS,2,E01017116,0,-1
2021010312402,2021,010312402,2,9,0,18,19,7,3,0,0,1,0,0,0,0,1,1,3,7,2,32,6,1595,1,6,MERCEDES A CLASS,6,E01000203,0,-1
2021201061071,2021,201061071,1,9,0,18,19,4,8,0,0,4,0,0,0,0,3,1,6,6,2,34,6,1332,1,2,MERCEDES A CLASS,2,E01009121,0,-1
2021010294868,2021,010294868,2,9,0,1,1,5,1,0,0,1,0,0,0,0,2,1,6,6,2,26,6,1461,2,6,MERCEDES A CLASS,-1,-1,0,-1
2021010294991,2021,010294991,1,9,0,17,19,7,3,0,0,6,0,0,0,0,3,1,6,6,2,20,4,1595,1,3,MERCEDES A CLASS,5,E01003085,0,-1
2021161059039,2021,161059039,2,9,0,4,4,6,2,0,0,0,0,0,0,0,2,1,6,6,1,26,6,1595,1,4,MERCEDES A CLASS,6,E01013169,0,-1
2021520104960,2021,520104960,2,9,0,18,19,7,3,0,0,1,0,0,0,0,1,1,6,6,1,30,6,1332,1,2,MERCEDES A CLASS,5,E01029255,0,-1
2021421078330,2021,421078330,1,9,0,3,3,5,1,0,0,4,0,0,0,0,2,1,1,1,1,50,8,1595,1,5,MERCEDES A CLASS,8,E01021513,0,-1
2021131067101,2021,131067101,1,9,0,13,13,7,3,0,0,0,1,4,7,4,1,1,5,6,1,23,5,1332,1,2,MERCEDES A CLASS,5,E01010992,0,-1
2021010338110,2021,010338110,4,9,0,2,2,0,0,0,0,0,0,0,0,0,1,2,6,6,3,-1,-1,1498,1,15,MERCEDES A CLASS,-1,-1,0,-1
2021471044211,2021,471044211,3,9,0,18,19,7,3,0,0,1,0,0,0,0,1,1,2,2,2,45,7,1595,1,4,MERCEDES A CLASS,2,E01031437,0,-1
2021421125573,2021,421125573,1,9,0,18,19,7,3,0,0,0,0,0,0,0,1,1,5,6,1,21,5,1332,1,1,MERCEDES A CLASS,6,E01021743,0,-1
2021010302358,2021,010302358,2,9,0,17,19,5,1,0,0,0,0,0,0,0,3,1,6,6,1,51,8,1332,1,2,MERCEDES A CLASS,2,E01001828,0,-1
2021221035607,2021,221035607,1,9,0,2,2,3,7,0,0,8,0,0,0,0,1,1,5,6,2,53,8,1461,2,2,MERCEDES A CLASS,7,E01032398,0,-1
2021061132376,2021,061132376,1,9,0,18,19,6,2,0,0,8,0,0,0,0,1,1,6,6,2,35,6,1461,2,3,MERCEDES A CLASS,1,E01005665,0,-1
2021201077231,2021,201077231,1,9,0,18,19,4,8,0,0,4,0,0,0,0,3,1,2,2,2,36,7,2143,2,4,MERCEDES A CLASS,8,E01009653,0,-1
2021471102417,2021,471102417,1,9,0,9,9,1,7,0,0,6,0,0,0,0,3,1,5,6,1,23,5,1461,2,8,MERCEDES A CLASS,8,E01017003,0,-1
2021451099508,2021,451099508,1,9,0,18,19,8,4,0,0,0,0,0,0,0,2,1,5,6,2,25,5,1332,1,0,MERCEDES A CLASS,-1,-1,0,-1
2021010296091,2021,010296091,2,9,5,9,9,4,2,0,0,2,0,0,0,0,1,1,6,6,2,27,6,2143,2,5,MERCEDES A CLASS,3,E01002777,0,-1
2021170M21521,2021,170M21521,2,9,0,12,12,4,8,0,0,1,0,0,0,0,1,1,1,1,1,50,8,1992,2,16,MERCEDES A CLASS,1,E01012058,0,-1
202134WNC4411,2021,34WNC4411,1,9,0,5,5,5,1,0,0,6,0,0,0,0,1,1,6,6,2,28,6,1332,1,1,MERCEDES A CLASS,10,E01027295,0,-1
2021546041921,2021,546041921,2,9,0,18,19,8,4,0,0,0,0,0,0,0,3,1,6,6,1,20,4,1461,2,6,MERCEDES A CLASS,7,E01032694,0,-1
2021430097867,2021,430097867,3,9,0,2,2,0,0,0,0,0,0,0,0,0,2,1,6,6,1,-1,-1,1461,2,6,MERCEDES A CLASS,9,E01028495,0,-1
2021010324333,2021,010324333,3,9,0,3,3,1,5,0,0,2,0,0,0,0,2,1,2,2,2,33,6,1332,1,2,MERCEDES A CLASS,-1,-1,0,-1
2021141059950,2021,141059950,2,9,0,2,2,1,3,9,9,0,0,0,0,0,2,1,5,6,1,24,5,1461,2,7,MERCEDES A CLASS,8,E01007520,0,-1
2021451021326,2021,451021326,3,9,0,18,19,7,3,0,0,0,1,0,7,0,1,1,5,6,1,34,6,1332,1,3,MERCEDES A CLASS,-1,-1,0,-1
2021010339819,2021,010339819,2,9,0,3,3,7,3,0,0,1,0,0,0,0,0,1,6,6,2,28,6,1595,1,5,MERCEDES A CLASS,1,E01001655,0,-1
2021041091655,2021,041091655,4,9,0,18,19,1,5,0,0,2,0,0,0,0,3,1,5,6,2,56,9,1461,2,2,MERCEDES A CLASS,7,E01025033,0,-1
2021991073186,2021,991073186,2,9,0,10,10,4,1,0,0,1,0,0,0,0,3,1,5,6,2,62,9,1332,1,1,MERCEDES A CLASS,7,-1,0,-1
2021061154592,2021,061154592,2,9,0,18,19,1,1,0,0,0,0,0,0,0,4,1,6,6,2,41,7,2143,2,4,MERCEDES A CLASS,3,-1,0,-1
2021131062218,2021,131062218,1,9,0,13,13,8,6,0,0,8,0,11,0,0,3,1,5,6,1,84,11,2143,2,3,MERCEDES A CLASS,10,E01010770,0,-1
2021501089978,2021,501089978,1,9,0,6,6,6,2,0,0,0,0,0,0,0,3,1,1,1,2,29,6,1332,1,0,MERCEDES A CLASS,7,E01018789,0,-1
2021052200285,2021,052200285,1,9,0,5,5,2,8,0,0,0,0,0,0,0,1,1,1,1,2,26,6,1461,2,5,MERCEDES A CLASS,1,E01006756,0,-1
2021010319731,2021,010319731,1,9,0,7,7,7,2,0,0,4,0,0,0,0,3,1,6,6,1,35,6,1332,1,0,MERCEDES A CLASS,-1,-1,0,-1
2021221012715,2021,221012715,1,9,0,3,3,1,5,0,0,1,0,0,0,0,2,1,5,6,1,57,9,1595,1,3,MERCEDES A CLASS,3,E01032422,0,-1
2021131120723,2021,131120723,1,9,0,9,9,-1,-1,0,0,6,1,0,0,0,1,1,6,6,3,-1,-1,1332,1,1,MERCEDES A CLASS,-1,-1,0,-1
2021471126128,2021,471126128,2,9,0,4,4,3,7,0,0,0,0,0,0,0,3,1,5,6,1,20,4,1461,2,5,MERCEDES A CLASS,2,E01016949,0,-1
2021161045082,2021,161045082,2,9,0,4,4,6,2,0,0,0,0,0,0,0,2,1,5,6,1,61,9,1332,1,0,MERCEDES A CLASS,10,E01013117,0,-1
2021361148914,2021,361148914,2,9,0,4,4,3,7,0,0,0,0,0,0,0,2,1,1,1,1,25,5,1991,1,4,MERCEDES A CLASS,8,W01000577,0,-1
2021201100116,2021,201100116,1,9,0,7,7,7,2,0,0,6,1,0,0,0,1,1,6,6,1,18,4,1332,1,2,MERCEDES A CLASS,4,E01009711,0,-1
2021010307646,2021,010307646,1,9,0,18,19,1,5,0,0,0,0,0,0,0,3,1,6,6,1,36,7,2143,2,5,MERCEDES A CLASS,5,E01023843,0,-1
2021231071623,2021,231071623,2,9,0,16,19,8,4,0,0,0,0,0,7,0,3,1,5,6,1,79,11,1498,1,12,MERCEDES A CLASS,9,E01031200,0,-1
2021010348785,2021,010348785,2,9,0,99,99,9,9,99,99,9,9,99,9,99,1,9,6,6,3,-1,-1,1461,2,6,MERCEDES A CLASS,7,E01002301,0,-1
202163A060421,2021,63A060421,2,9,0,18,19,4,8,0,0,8,0,0,0,0,1,1,6,6,2,42,7,1796,2,7,MERCEDES A CLASS,4,W01000703,0,-1
2021430496431,2021,430496431,1,9,0,18,19,3,7,0,0,2,0,0,0,0,1,1,6,6,1,34,6,1332,8,1,MERCEDES A CLASS,-1,-1,0,-1
2021201109277,2021,201109277,1,9,0,18,19,7,3,0,0,8,0,0,0,0,4,1,6,6,2,29,6,1461,2,3,MERCEDES A CLASS,2,E01008915,0,-1
2021010346211,2021,010346211,2,9,0,99,99,9,9,99,99,9,9,99,9,99,1,9,6,6,1,30,6,1461,2,2,MERCEDES A CLASS,3,E01000974,0,-1
2021010349124,2021,010349124,2,9,0,99,99,9,9,99,99,9,9,99,9,99,1,9,6,6,3,31,6,1332,1,1,MERCEDES A CLASS,-1,-1,0,-1
2021320225041,2021,320225041,1,9,0,18,19,4,8,0,0,0,0,0,0,0,1,1,6,6,1,20,4,1332,1,1,MERCEDES A CLASS,3,E01026056,0,-1
2021440327389,2021,440327389,1,9,0,18,19,6,2,0,0,0,0,0,0,0,3,1,2,2,1,35,6,1461,2,5,MERCEDES A CLASS,8,E01022951,0,-1
2021070122410,2021,070122410,1,9,0,10,10,5,1,0,0,1,0,0,0,0,2,1,6,6,2,-1,-1,1461,2,5,MERCEDES A CLASS,9,E01018644,0,-1
2021461100548,2021,461100548,1,9,0,18,19,8,4,0,0,4,0,0,0,0,1,1,5,6,2,62,9,1498,1,12,MERCEDES A CLASS,7,E01024121,0,-1
202131D069321,2021,31D069321,1,9,0,18,19,6,2,0,0,0,0,0,0,0,0,1,6,6,2,64,9,1498,1,12,MERCEDES A CLASS,9,E01028149,0,-1
2021622100557,2021,622100557,1,9,0,4,4,2,6,0,0,1,0,0,0,0,1,1,6,6,3,-1,-1,1461,2,5,MERCEDES A CLASS,-1,-1,0,-1
2021010309021,2021,010309021,2,9,0,18,19,5,1,0,0,1,0,0,0,0,1,1,6,6,1,27,6,1332,1,1,MERCEDES A CLASS,-1,-1,0,-1
2021061037567,2021,061037567,1,9,0,18,19,6,2,0,0,1,0,0,0,0,1,1,6,6,1,22,5,1332,1,2,MERCEDES A CLASS,4,E01006187,0,-1
2021221067872,2021,221067872,2,9,0,7,7,5,7,0,0,0,0,0,0,0,2,1,5,6,2,58,9,1498,1,14,MERCEDES A CLASS,7,E01032192,0,-1
2021221078952,2021,221078952,1,9,0,17,19,8,5,0,0,0,0,0,0,0,3,1,5,6,1,41,7,1595,1,6,MERCEDES A CLASS,8,E01022423,0,-1
2021010331199,2021,010331199,1,9,0,99,99,9,9,99,99,9,9,99,9,99,9,9,6,6,1,21,5,2143,2,4,MERCEDES A CLASS,2,E01014294,0,-1
2021010358143,2021,010358143,1,9,9,99,99,9,9,0,0,9,9,0,0,0,9,9,6,6,1,52,8,1498,1,13,MERCEDES A CLASS,8,E01003861,0,-1
2021010317988,2021,010317988,1,9,9,99,99,9,9,99,99,9,9,99,0,0,9,9,6,6,3,-1,-1,1991,1,6,MERCEDES A CLASS,-1,-1,0,-1
2021061027597,2021,061027597,2,9,0,10,10,7,3,0,0,1,0,0,0,0,3,1,6,6,1,28,6,1461,2,6,MERCEDES A CLASS,-1,-1,0,-1
2021010315101,2021,010315101,2,9,0,18,19,1,5,0,0,1,0,0,0,0,1,1,6,6,1,67,10,1498,1,13,MERCEDES A CLASS,7,E01002226,0,-1
2021041099337,2021,041099337,2,9,0,18,19,3,7,0,0,1,0,0,0,0,4,1,5,6,1,53,8,1598,1,22,MERCEDES A CLASS,4,E01012665,0,-1
2021010306714,2021,010306714,2,9,0,18,19,1,5,0,0,1,0,0,0,0,1,1,6,6,1,20,4,1595,1,3,MERCEDES A CLASS,9,E01000656,0,-1
202131C174721,2021,31C174721,2,9,0,18,19,2,6,0,0,8,0,0,0,0,1,1,6,6,1,20,4,1461,2,2,MERCEDES A CLASS,8,E01021749,0,-1
2021451023461,2021,451023461,1,9,0,11,11,6,2,0,0,0,0,0,0,0,1,1,5,6,2,22,5,1332,1,2,MERCEDES A CLASS,7,E01016504,0,-1
2021041045290,2021,041045290,3,9,0,18,19,7,3,0,0,1,0,0,0,0,2,1,1,1,1,49,8,2143,2,5,MERCEDES A CLASS,2,E01012728,0,-1
2021411074979,2021,411074979,2,9,0,4,4,2,6,0,0,0,0,0,0,0,2,1,5,6,1,37,7,2143,2,4,MERCEDES A CLASS,9,E01031004,0,-1
2021010292563,2021,010292563,2,9,0,18,19,1,5,0,0,0,0,0,0,0,3,9,6,6,3,-1,-1,1461,2,7,MERCEDES A CLASS,-1,-1,0,-1
202163D061721,2021,63D061721,2,9,0,17,19,3,8,0,0,0,0,0,0,0,1,1,6,6,2,19,4,1461,2,7,MERCEDES A CLASS,-1,-1,0,-1
2021991015455,2021,991015455,1,9,0,16,19,2,6,0,0,1,0,0,0,0,1,1,5,6,2,30,6,1461,2,5,MERCEDES A CLASS,10,-1,0,-1
2021010314880,2021,010314880,2,9,0,99,99,9,9,99,99,9,9,99,9,99,1,9,6,6,1,25,5,1498,1,15,MERCEDES A CLASS,4,E01000477,0,-1
2021221116704,2021,221116704,2,9,0,10,10,2,7,0,0,8,0,0,1,10,1,1,5,6,2,55,8,1699,1,12,MERCEDES A CLASS,4,E01014017,0,-1
2021010328590,2021,010328590,1,9,0,18,19,7,3,0,0,1,0,0,0,0,1,1,6,6,2,33,6,1461,2,4,MERCEDES A CLASS,1,E01004257,0,-1
2021061125510,2021,061125510,2,9,0,18,19,6,2,0,0,8,0,0,0,0,3,1,6,6,2,41,7,1461,2,4,MERCEDES A CLASS,5,E01005126,0,-1
2021461075423,2021,461075423,1,9,0,17,19,7,3,0,0,0,0,0,0,0,1,1,5,6,2,28,6,1332,1,2,MERCEDES A CLASS,5,E01024577,0,-1
2021041117160,2021,041117160,2,9,0,9,9,1,3,0,0,5,0,0,0,0,2,1,5,6,1,30,6,1461,2,6,MERCEDES A CLASS,1,E01025230,0,-1
2021010320625,2021,010320625,1,9,0,3,3,5,1,0,0,1,0,0,0,0,2,1,2,2,2,29,6,1595,1,4,MERCEDES A CLASS,1,E01003961,0,-1
2021421019619,2021,421019619,1,9,0,18,19,6,2,0,0,2,1,0,0,0,3,1,5,6,1,30,6,1461,2,8,MERCEDES A CLASS,5,E01003663,0,-1
2021010343384,2021,010343384,3,9,0,3,3,3,7,0,0,1,0,0,0,0,2,1,6,6,2,27,6,1461,2,4,MERCEDES A CLASS,3,E01004528,0,-1
2021010329579,2021,010329579,2,9,0,18,19,1,5,0,0,1,0,0,0,0,1,1,6,6,1,24,5,1461,2,5,MERCEDES A CLASS,4,E01001037,0,-1
2021411129034,2021,411129034,3,9,0,18,19,2,6,0,0,0,0,0,0,0,2,1,5,6,1,24,5,1595,1,5,MERCEDES A CLASS,2,E01001218,0,-1
2021201056865,2021,201056865,2,9,0,4,4,6,2,0,0,0,0,0,0,0,2,1,6,6,1,39,7,1498,1,12,MERCEDES A CLASS,6,E01009972,0,-1
2021201107548,2021,201107548,1,9,0,18,19,-1,-1,0,0,0,0,0,0,0,0,1,6,6,3,-1,-1,1332,1,1,MERCEDES A CLASS,-1,-1,0,-1
2021010304012,2021,010304012,1,9,0,99,99,9,9,99,99,9,9,99,9,99,2,9,6,6,2,39,7,1332,8,0,MERCEDES A CLASS,4,E01029002,0,-1
2021161014437,2021,161014437,1,9,0,18,19,6,2,0,0,0,0,0,0,0,1,1,6,6,2,-1,-1,1595,1,3,MERCEDES A CLASS,-1,-1,0,-1