collision_index,collision_year,collision_ref_no,vehicle_reference,vehicle_type,towing_and_articulation,vehicle_manoeuvre_historic,vehicle_manoeuvre,vehicle_direction_from,vehicle_direction_to,vehicle_location_restricted_lane_historic,vehicle_location_restricted_lane,junction_location,skidding_and_overturning,hit_object_in_carriageway,vehicle_leaving_carriageway,hit_object_off_carriageway,first_point_of_impact,vehicle_left_hand_drive,journey_purpose_of_driver_historic,journey_purpose_of_driver,sex_of_driver,age_of_driver,age_band_of_driver,engine_capacity_cc,propulsion_code,age_of_vehicle,generic_make_model,driver_imd_decile,lsoa_of_driver,escooter_flag,driver_distance_banding
2021320433887,2021,320433887,2,9,0,18,19,4,8,0,0,1,0,0,0,0,3,1,6,6,1,71,10,2179,2,10,MITSUBISHI OUTLANDER,7,E01007755,0,-1
2021010317390,2021,010317390,1,9,0,10,10,3,2,0,0,8,0,0,0,0,1,1,1,1,1,53,8,1998,8,5,MITSUBISHI OUTLANDER,-1,-1,0,-1
2021010305349,2021,010305349,2,9,9,99,99,9,9,0,0,9,0,0,0,0,9,9,6,6,1,46,8,1998,8,6,MITSUBISHI OUTLANDER,2,E01004242,0,-1
2021401092481,2021,401092481,1,9,0,18,19,4,2,0,0,2,0,0,0,0,1,1,6,6,1,54,8,1968,2,12,MITSUBISHI OUTLANDER,2,E01015754,0,-1
2021221044465,2021,221044465,1,9,4,16,19,8,4,0,0,0,0,0,0,0,3,1,5,6,1,78,11,1968,2,13,MITSUBISHI OUTLANDER,5,E01028959,0,-1
2021010303760,2021,010303760,1,9,0,13,13,3,7,0,0,1,0,0,0,0,1,1,2,2,1,51,8,1998,8,5,MITSUBISHI OUTLANDER,4,E01004375,0,-1
2021161035519,2021,161035519,1,9,0,8,8,5,1,0,0,1,0,0,0,0,2,1,6,6,2,58,9,1998,8,4,MITSUBISHI OUTLANDER,9,E01012960,0,-1
2021010316479,2021,010316479,2,9,0,9,9,7,5,0,0,1,0,0,0,0,4,1,1,1,1,44,7,1998,8,6,MITSUBISHI OUTLANDER,4,E01001582,0,-1
2021552200225,2021,552200225,1,9,0,9,9,3,8,0,0,5,0,0,0,0,3,1,6,6,2,52,8,1998,8,6,MITSUBISHI OUTLANDER,-1,-1,0,-1
2021010348169,2021,010348169,3,9,0,18,19,7,3,0,0,2,0,0,0,0,2,1,6,6,1,63,9,1998,8,7,MITSUBISHI OUTLANDER,2,E01000101,0,-1
2021430559623,2021,430559623,2,9,0,18,19,2,6,0,0,0,0,0,0,0,1,1,6,6,2,-1,-1,2179,2,12,MITSUBISHI OUTLANDER,-1,-1,0,-1
2021111080629,2021,111080629,2,9,0,18,19,1,5,0,0,1,0,0,0,0,1,1,5,6,2,53,8,1968,2,12,MITSUBISHI OUTLANDER,7,E01020905,0,-1
2021451065040,2021,451065040,2,9,0,2,2,0,0,0,0,1,0,0,0,0,0,1,6,6,3,-1,-1,1998,8,6,MITSUBISHI OUTLANDER,-1,-1,0,-1
2021991072428,2021,991072428,2,9,0,17,19,3,7,0,0,0,1,0,0,0,1,1,5,6,1,73,10,2268,2,5,MITSUBISHI OUTLANDER,6,-1,0,-1
2021221042015,2021,221042015,2,9,0,18,19,7,3,0,0,8,0,0,0,0,1,1,5,6,1,53,8,1998,8,4,MITSUBISHI OUTLANDER,7,E01016326,0,-1
2021010320603,2021,010320603,3,9,0,99,99,9,9,99,99,9,9,99,9,99,1,9,6,6,3,-1,-1,2360,8,2,MITSUBISHI OUTLANDER,7,E01003475,0,-1
2021201094921,2021,201094921,3,9,0,18,19,6,2,0,0,0,0,0,0,0,1,1,6,6,1,38,7,1968,2,12,MITSUBISHI OUTLANDER,3,E01010249,0,-1
2021221092658,2021,221092658,2,9,0,3,3,7,3,0,0,1,0,0,0,0,2,1,5,6,2,55,8,1998,8,6,MITSUBISHI OUTLANDER,2,E01014152,0,-1
2021131098598,2021,131098598,1,9,0,7,7,1,3,0,0,8,0,0,0,0,1,1,5,6,1,56,9,2179,2,9,MITSUBISHI OUTLANDER,7,E01010573,0,-1
2021010317670,2021,010317670,2,9,0,99,99,9,9,99,99,0,9,99,9,99,4,9,6,6,3,59,9,1998,8,5,MITSUBISHI OUTLANDER,9,E01001224,0,-1
2021401088308,2021,401088308,2,9,0,2,2,0,0,0,0,1,0,0,0,0,3,1,5,6,3,-1,-1,1998,8,3,MITSUBISHI OUTLANDER,-1,-1,0,-1
2021451071633,2021,451071633,1,9,0,3,3,1,1,0,0,0,0,0,0,0,2,1,6,6,1,71,10,2360,8,2,MITSUBISHI OUTLANDER,8,E01001919,0,-1
2021010317092,2021,010317092,2,9,0,99,99,9,9,99,99,9,9,99,9,99,1,9,6,6,3,-1,-1,2360,8,3,MITSUBISHI OUTLANDER,7,E01000391,0,-1
2021010310314,2021,010310314,1,9,0,1,1,3,7,0,0,0,0,0,0,0,2,1,1,1,1,42,7,2360,8,2,MITSUBISHI OUTLANDER,4,E01001247,0,-1
2021010322547,2021,010322547,1,9,0,99,99,9,9,99,99,9,9,99,9,99,1,9,6,6,1,21,5,1998,8,3,MITSUBISHI OUTLANDER,5,E01001277,0,-1
2021161024397,2021,161024397,1,9,0,18,19,8,4,0,0,3,0,0,0,0,4,1,5,6,1,67,10,1998,8,6,MITSUBISHI OUTLANDER,-1,-1,0,-1
202134WNC5121,2021,34WNC5121,2,9,0,18,19,1,5,0,0,8,0,0,0,0,1,1,6,6,1,49,8,2360,8,2,MITSUBISHI OUTLANDER,9,E01027253,0,-1
2021052102571,2021,052102571,1,9,0,5,5,5,1,0,0,2,0,0,0,0,1,1,6,6,1,42,7,1998,8,6,MITSUBISHI OUTLANDER,9,E01006594,0,-1
2021471080915,2021,471080915,1,9,0,18,19,3,7,0,0,0,0,0,0,0,2,1,5,6,1,38,7,2268,2,5,MITSUBISHI OUTLANDER,9,E01031714,0,-1
2021430067924,2021,430067924,1,9,0,16,19,4,6,0,0,0,1,0,7,9,1,1,1,1,2,40,7,1998,8,6,MITSUBISHI OUTLANDER,9,E01028499,0,-1
2021531033785,2021,531033785,2,9,0,18,19,6,2,0,0,8,0,0,7,0,1,1,5,6,1,74,10,2360,8,1,MITSUBISHI OUTLANDER,8,E01022362,0,-1
2021010318674,2021,010318674,1,9,0,3,3,9,9,0,0,0,0,0,0,0,2,9,6,6,1,42,7,1998,8,6,MITSUBISHI OUTLANDER,2,E01032720,0,-1
2021430145580,2021,430145580,1,9,0,18,19,4,8,0,0,8,0,0,0,0,1,1,6,6,1,65,9,1998,8,7,MITSUBISHI OUTLANDER,5,E01016369,0,-1
2021471126672,2021,471126672,4,9,0,11,11,7,3,0,0,0,0,0,0,0,2,1,6,6,1,53,8,1998,8,3,MITSUBISHI OUTLANDER,3,E01003539,0,-1
2021991095600,2021,991095600,2,9,0,18,19,7,3,0,0,0,0,0,0,0,1,1,1,1,2,41,7,2360,8,1,MITSUBISHI OUTLANDER,5,-1,0,-1
2021010342983,2021,010342983,2,9,0,18,19,5,1,0,0,0,0,0,1,0,1,1,2,2,1,42,7,1998,8,5,MITSUBISHI OUTLANDER,3,E01003014,0,-1
2021010340219,2021,010340219,1,9,0,99,99,9,9,99,99,9,9,99,9,99,2,9,6,6,1,63,9,2360,8,1,MITSUBISHI OUTLANDER,8,E01002150,0,-1
2021549566921,2021,549566921,1,9,0,18,19,1,7,9,9,1,0,0,0,0,1,1,6,6,2,-1,-1,2360,8,0,MITSUBISHI OUTLANDER,5,E01032066,0,-1
2021010289737,2021,010289737,2,9,0,9,9,8,6,0,0,8,1,0,0,0,3,1,1,1,1,35,6,1998,8,7,MITSUBISHI OUTLANDER,2,E01004435,0,-1
2021471019296,2021,471019296,1,9,0,1,1,1,5,9,9,0,0,0,0,0,2,1,6,6,1,-1,-1,1998,8,3,MITSUBISHI OUTLANDER,6,E01021145,0,-1
2021471059790,2021,471059790,1,9,0,18,19,5,1,0,0,0,1,4,0,0,1,1,6,6,1,52,8,1998,1,2,MITSUBISHI OUTLANDER,7,E01031525,0,-1
2021010344189,2021,010344189,1,9,0,18,19,7,3,0,0,8,9,99,9,99,3,1,2,2,1,59,9,1998,8,6,MITSUBISHI OUTLANDER,4,E01000031,0,-1
2021010310793,2021,010310793,1,8,9,99,99,9,9,99,99,9,9,99,9,99,9,9,6,6,1,52,8,1998,8,5,MITSUBISHI OUTLANDER,5,E01033592,0,-1
2021010329395,2021,010329395,2,9,9,99,99,9,9,99,99,9,9,99,9,99,9,9,6,6,1,61,9,1998,8,5,MITSUBISHI OUTLANDER,5,E01003116,0,-1
2021010305894,2021,010305894,1,8,0,99,99,9,9,99,99,9,9,99,9,99,2,9,6,6,1,45,7,1998,8,4,MITSUBISHI OUTLANDER,4,E01000476,0,-1
2021991055763,2021,991055763,1,9,0,17,19,2,6,0,0,0,5,0,2,10,1,1,5,6,1,58,9,2360,8,1,MITSUBISHI OUTLANDER,6,-1,0,-1
202134WNC2611,2021,34WNC2611,2,9,0,18,19,7,3,0,0,0,5,10,1,0,0,1,2,2,1,47,8,2360,8,1,MITSUBISHI OUTLANDER,10,E01027355,0,-1
202106M078948,2021,06M078948,1,9,0,18,19,7,3,0,0,8,0,0,0,0,1,1,6,6,3,30,6,2268,2,6,MITSUBISHI OUTLANDER,-1,-1,0,-1
2021531101859,2021,531101859,1,9,0,9,9,5,1,0,0,2,0,0,0,0,3,1,6,6,1,65,9,1998,8,4,MITSUBISHI OUTLANDER,6,E01022442,0,-1
2021481116666,2021,481116666,1,9,0,9,9,3,1,0,0,8,0,0,0,0,4,1,1,1,1,51,8,1998,8,6,MITSUBISHI OUTLANDER,2,E01032787,0,-1
2021141047350,2021,141047350,2,9,0,18,19,5,1,0,0,1,0,0,0,0,1,1,1,1,1,46,8,2360,8,3,MITSUBISHI OUTLANDER,8,E01007685,0,-1
2021122100638,2021,122100638,1,9,0,18,19,6,2,0,0,0,0,0,7,4,3,1,1,1,1,64,9,1998,8,3,MITSUBISHI OUTLANDER,5,E01027802,0,-1
2021010338045,2021,010338045,1,9,0,4,4,5,1,0,0,1,0,0,0,0,1,1,6,6,1,38,7,1998,8,4,MITSUBISHI OUTLANDER,2,E01004269,0,-1
2021010316299,2021,010316299,2,8,0,99,99,9,9,99,99,9,9,99,9,99,1,9,6,6,3,-1,-1,1998,8,3,MITSUBISHI OUTLANDER,-1,-1,0,-1
2021010330125,2021,010330125,1,9,0,10,10,5,3,0,0,5,0,0,0,0,4,1,3,7,2,43,7,1998,8,6,MITSUBISHI OUTLANDER,3,E01001602,0,-1
2021010349803,2021,010349803,1,9,0,12,12,5,1,0,0,1,0,0,0,0,1,2,6,6,2,49,8,1998,8,6,MITSUBISHI OUTLANDER,9,E01024440,0,-1
2021131079388,2021,131079388,1,9,0,11,11,3,7,0,0,0,0,0,0,0,2,1,5,6,1,47,8,1998,8,5,MITSUBISHI OUTLANDER,7,E01011550,0,-1
2021010299038,2021,010299038,1,9,0,18,19,7,3,0,0,8,0,0,0,0,3,1,2,2,1,44,7,1998,8,4,MITSUBISHI OUTLANDER,5,E01001277,0,-1
2021622100828,2021,622100828,1,9,0,5,5,4,2,0,0,4,0,0,0,0,1,1,6,6,2,57,9,2360,8,0,MITSUBISHI OUTLANDER,8,W01001499,0,-1
2021430166208,2021,430166208,2,9,0,16,19,1,4,0,0,0,0,0,0,0,3,1,6,6,2,36,7,2268,2,6,MITSUBISHI OUTLANDER,6,E01031193,0,-1
2021010321286,2021,010321286,2,9,0,18,19,3,7,0,0,8,0,0,1,0,2,1,1,1,1,48,8,1998,8,5,MITSUBISHI OUTLANDER,5,E01000468,0,-1
2021052100372,2021,052100372,1,9,0,17,19,5,1,0,0,1,0,0,7,11,4,1,6,6,1,17,4,2378,1,16,MITSUBISHI OUTLANDER,1,E01006791,0,-1
2021010287435,2021,010287435,2,9,0,7,7,8,2,0,0,8,0,0,0,0,1,1,6,6,1,31,6,1998,8,5,MITSUBISHI OUTLANDER,2,E01003111,0,-1
2021501018861,2021,501018861,1,9,0,9,9,1,7,0,0,6,0,0,0,0,1,1,5,6,2,76,11,2378,1,17,MITSUBISHI OUTLANDER,4,E01020180,0,-1
2021010325890,2021,010325890,1,9,0,99,99,9,9,99,99,2,9,99,9,99,9,9,6,6,2,32,6,1998,8,5,MITSUBISHI OUTLANDER,8,E01001614,0,-1
2021010329057,2021,010329057,2,9,0,99,99,9,9,99,99,9,9,99,9,99,2,9,6,6,3,-1,-1,1998,8,5,MITSUBISHI OUTLANDER,-1,-1,0,-1
2021010352824,2021,010352824,1,9,0,99,99,9,9,99,99,9,9,99,9,99,1,9,6,6,1,50,8,-1,3,7,MITSUBISHI OUTLANDER,3,E01000535,0,-1
2021010311700,2021,010311700,1,9,0,9,9,4,2,0,0,2,0,0,0,0,4,1,1,1,1,59,9,1998,8,5,MITSUBISHI OUTLANDER,2,E01001161,0,-1
2021440519015,2021,440519015,1,9,0,18,19,3,7,0,0,8,0,0,0,0,4,1,6,6,2,50,8,2360,8,1,MITSUBISHI OUTLANDER,2,E01022969,0,-1
2021991102778,2021,991102778,3,9,0,3,3,3,7,0,0,0,0,0,0,0,2,1,5,6,2,61,9,2378,1,15,MITSUBISHI OUTLANDER,7,-1,0,-1
2021522200235,2021,522200235,1,9,0,7,7,5,8,0,0,5,0,0,0,0,4,1,2,2,2,38,7,2268,2,3,MITSUBISHI OUTLANDER,8,E01014693,0,-1
2021010349873,2021,010349873,2,9,0,99,99,9,9,99,99,9,9,99,9,99,9,9,6,6,3,-1,-1,1998,8,5,MITSUBISHI OUTLANDER,2,E01000073,0,-1
2021010345285,2021,010345285,2,9,9,99,99,9,9,99,99,9,9,99,9,99,9,9,6,6,1,47,8,1998,8,4,MITSUBISHI OUTLANDER,2,E01003092,0,-1
2021201092156,2021,201092156,1,9,0,5,5,4,8,0,0,0,0,0,0,0,1,1,6,6,2,38,7,1998,8,3,MITSUBISHI OUTLANDER,3,E01008893,0,-1
2021461105674,2021,461105674,1,9,0,1,1,5,1,0,0,0,0,0,0,0,1,1,5,6,1,42,7,2360,8,0,MITSUBISHI OUTLANDER,3,E01024264,0,-1
2021471055248,2021,471055248,1,9,0,18,19,7,3,0,0,1,0,0,0,0,1,1,5,6,2,43,7,2360,8,0,MITSUBISHI OUTLANDER,5,E01021084,0,-1
2021371044844,2021,371044844,2,9,0,18,19,8,4,0,0,1,0,0,0,0,1,1,5,6,1,50,8,2268,2,5,MITSUBISHI OUTLANDER,8,E01022092,0,-1
2021010308962,2021,010308962,2,8,0,12,12,1,5,0,0,2,0,0,0,0,2,1,1,1,1,59,9,1998,8,4,MITSUBISHI OUTLANDER,2,E01001447,0,-1
2021041066993,2021,041066993,2,9,0,2,2,0,0,0,0,0,0,0,0,0,2,1,6,6,3,-1,-1,1968,2,11,MITSUBISHI OUTLANDER,-1,-1,0,-1
2021010349097,2021,010349097,1,9,0,6,6,3,3,0,0,2,0,0,0,0,1,1,6,6,2,43,7,1998,8,6,MITSUBISHI OUTLANDER,2,E01003732,0,-1
2021010295131,2021,010295131,1,9,0,9,9,3,8,0,0,8,0,0,0,0,0,1,6,6,1,45,7,1998,8,5,MITSUBISHI OUTLANDER,-1,-1,0,-1
2021131111200,2021,131111200,2,9,0,2,2,0,0,0,0,0,0,0,0,0,3,1,6,6,3,-1,-1,2360,8,2,MITSUBISHI OUTLANDER,-1,-1,0,-1
2021010337765,2021,010337765,5,9,0,2,2,0,0,0,0,2,0,0,0,0,2,1,6,6,3,-1,-1,1998,8,4,MITSUBISHI OUTLANDER,-1,-1,0,-1
2021991072516,2021,991072516,3,9,0,3,3,8,4,0,0,4,0,0,0,0,2,1,5,6,1,33,6,1998,8,7,MITSUBISHI OUTLANDER,1,-1,0,-1
2021010348044,2021,010348044,2,9,0,99,99,9,9,99,99,9,9,99,9,99,9,9,6,6,3,49,8,1998,8,3,MITSUBISHI OUTLANDER,1,E01003070,0,-1
2021451071294,2021,451071294,1,9,0,4,4,3,7,0,0,0,0,0,1,0,2,1,5,6,2,40,7,1998,1,2,MITSUBISHI OUTLANDER,8,E01030592,0,-1
2021531076032,2021,531076032,1,9,0,5,5,5,1,0,0,2,0,0,0,0,1,1,1,1,1,35,6,2360,8,2,MITSUBISHI OUTLANDER,6,E01022194,0,-1
2021010338307,2021,010338307,1,9,0,18,19,5,1,0,0,0,0,0,0,0,1,1,1,1,1,53,8,1998,8,6,MITSUBISHI OUTLANDER,1,E01004285,0,-1
2021549223421,2021,549223421,1,9,0,9,9,7,4,0,0,6,0,0,0,0,3,1,6,6,1,49,8,1998,8,6,MITSUBISHI OUTLANDER,9,E01002951,0,-1
2021201063591,2021,201063591,2,9,0,18,19,4,8,0,0,0,0,0,0,0,4,1,3,7,2,-1,-1,2378,7,17,MITSUBISHI OUTLANDER,-1,-1,0,-1
2021552100961,2021,552100961,1,9,0,18,19,7,3,0,0,8,0,0,0,0,4,1,6,6,1,58,9,2268,2,6,MITSUBISHI OUTLANDER,8,E01015320,0,-1
2021010288797,2021,010288797,1,9,0,18,19,1,5,0,0,8,0,0,0,0,1,1,2,2,1,34,6,1998,8,6,MITSUBISHI OUTLANDER,3,E01002130,0,-1
2021010328006,2021,010328006,2,9,0,3,3,1,5,0,0,1,0,4,0,0,2,1,6,6,1,50,8,2268,2,6,MITSUBISHI OUTLANDER,3,E01003485,0,-1
2021010303788,2021,010303788,1,8,0,10,10,1,6,99,99,9,9,99,0,0,4,9,6,6,1,44,7,1998,8,6,MITSUBISHI OUTLANDER,10,E01000666,0,-1
20211381M0643,2021,1381M0643,1,9,0,18,19,6,2,0,0,1,0,0,0,0,1,1,6,6,1,47,8,2179,2,13,MITSUBISHI OUTLANDER,1,E01011746,0,-1
2021010310428,2021,010310428,1,9,0,4,4,7,3,0,0,1,0,0,0,0,2,1,6,6,1,45,7,1998,8,4,MITSUBISHI OUTLANDER,3,E01002610,0,-1
2021010329778,2021,010329778,1,9,0,99,99,9,9,0,0,0,9,99,9,99,2,9,1,1,1,49,8,2268,2,6,MITSUBISHI OUTLANDER,6,E01002602,0,-1
2021461034265,2021,461034265,2,9,0,18,19,5,1,0,0,0,0,0,0,0,2,1,5,6,1,67,10,1998,8,5,MITSUBISHI OUTLANDER,9,E01023706,0,-1
2021010351868,2021,010351868,4,9,0,2,2,0,0,9,9,2,0,4,0,0,0,1,6,6,3,-1,-1,1998,8,4,MITSUBISHI OUTLANDER,-1,-1,0,-1
2021010293364,2021,010293364,1,9,0,99,99,9,9,99,99,9,9,99,9,99,2,9,6,6,1,49,8,1998,8,4,MITSUBISHI OUTLANDER,3,E01001004,0,-1
2021010343387,2021,010343387,2,9,0,99,99,9,9,0,0,0,0,0,0,0,4,1,6,6,1,-1,-1,1998,8,6,MITSUBISHI OUTLANDER,-1,-1,0,-1
2021010340652,2021,010340652,2,9,0,99,99,9,9,99,99,9,9,99,9,99,1,9,6,6,3,-1,-1,1998,8,6,MITSUBISHI OUTLANDER,-1,-1,0,-1
2021010317708,2021,010317708,1,8,0,9,9,5,3,0,0,8,0,0,0,0,1,1,1,1,1,55,8,1998,8,7,MITSUBISHI OUTLANDER,2,E01001712,0,-1
2021010302959,2021,010302959,1,9,0,4,4,7,3,0,0,8,0,0,0,0,1,1,6,6,2,49,8,1998,8,7,MITSUBISHI OUTLANDER,1,E01001574,0,-1
2021010292911,2021,010292911,1,8,0,5,5,5,1,0,0,0,0,0,0,0,2,1,1,1,1,52,8,1998,8,4,MITSUBISHI OUTLANDER,2,E01003580,0,-1
2021522200504,2021,522200504,2,9,0,18,19,5,1,0,0,0,0,0,0,0,1,1,6,6,1,62,9,1998,8,6,MITSUBISHI OUTLANDER,3,E01014730,0,-1
2021131054177,2021,131054177,3,9,0,18,19,3,7,0,0,1,0,0,0,0,1,1,5,6,1,63,9,2378,1,17,MITSUBISHI OUTLANDER,2,E01010722,0,-1
2021010298199,2021,010298199,1,8,0,18,19,3,7,0,0,1,0,0,0,0,0,1,1,1,1,68,10,1998,8,7,MITSUBISHI OUTLANDER,7,E01004629,0,-1
2021010316996,2021,010316996,2,9,0,18,19,3,7,0,0,1,9,0,0,99,1,9,6,6,3,-1,-1,1998,8,4,MITSUBISHI OUTLANDER,-1,-1,0,-1
2021010346352,2021,010346352,2,9,0,99,99,9,9,99,99,9,9,99,9,99,1,9,6,6,3,-1,-1,1998,8,7,MITSUBISHI OUTLANDER,-1,-1,0,-1
2021421066628,2021,421066628,2,9,0,18,19,7,5,0,0,0,0,0,0,0,1,1,5,6,1,40,7,2360,8,2,MITSUBISHI OUTLANDER,6,E01021595,0,-1
2021221043185,2021,221043185,2,9,0,18,19,1,5,0,0,0,0,0,0,0,0,1,5,6,1,63,9,2360,8,2,MITSUBISHI OUTLANDER,10,E01033062,0,-1
2021131038255,2021,131038255,3,9,0,2,2,0,0,0,0,0,0,0,0,0,2,1,6,6,3,-1,-1,1998,1,1,MITSUBISHI OUTLANDER,-1,-1,0,-1
2021010340925,2021,010340925,1,8,0,99,99,9,9,99,99,9,9,99,9,99,9,9,6,6,1,51,8,1998,8,7,MITSUBISHI OUTLANDER,2,E01033702,0,-1
2021061029451,2021,061029451,2,9,0,4,4,5,1,0,0,1,0,0,0,0,2,1,2,2,2,41,7,1968,2,14,MITSUBISHI OUTLANDER,2,E01004873,0,-1
2021010292292,2021,010292292,1,9,0,99,99,9,9,99,99,9,9,99,9,99,1,9,6,6,1,44,7,1998,8,7,MITSUBISHI OUTLANDER,1,E01004241,0,-1
2021010321668,2021,010321668,4,9,0,18,19,1,5,0,0,8,0,0,0,0,0,1,1,1,1,44,7,2360,8,2,MITSUBISHI OUTLANDER,4,E01001247,0,-1
2021320566124,2021,320566124,1,9,0,17,19,6,2,0,0,0,0,0,0,0,3,1,6,6,1,75,10,2268,2,3,MITSUBISHI OUTLANDER,3,E01026246,0,-1
2021010297555,2021,010297555,2,8,0,99,99,9,9,99,99,9,9,99,9,99,1,9,6,6,3,-1,-1,1998,8,7,MITSUBISHI OUTLANDER,-1,-1,0,-1
2021471119469,2021,471119469,1,9,0,7,7,1,3,0,0,8,0,0,0,0,4,1,6,6,1,36,7,1998,8,6,MITSUBISHI OUTLANDER,8,E01032837,0,-1
2021421085111,2021,421085111,2,9,0,4,4,4,8,0,0,2,0,0,0,0,2,1,5,6,2,38,7,2179,2,13,MITSUBISHI OUTLANDER,3,E01021601,0,-1
2021010312779,2021,010312779,1,9,0,4,4,5,1,0,0,6,0,0,0,0,2,1,6,6,2,31,6,1998,1,2,MITSUBISHI OUTLANDER,6,E01004581,0,-1
2021010334185,2021,010334185,1,9,0,2,2,0,0,99,99,9,9,99,9,99,3,9,6,6,3,-1,-1,1998,8,3,MITSUBISHI OUTLANDER,-1,-1,0,-1
2021010290501,2021,010290501,2,9,0,18,19,3,7,0,0,1,0,0,0,0,1,1,6,6,1,22,5,2268,2,4,MITSUBISHI OUTLANDER,-1,-1,0,-1
2021010312049,2021,010312049,2,8,0,8,8,6,1,0,0,8,0,0,0,0,2,1,1,1,1,49,8,1998,8,7,MITSUBISHI OUTLANDER,4,E01004643,0,-1
2021010315958,2021,010315958,1,8,0,18,19,1,5,0,0,0,0,0,0,0,1,1,6,6,1,45,7,1998,8,3,MITSUBISHI OUTLANDER,1,E01002790,0,-1
2021501146533,2021,501146533,1,9,0,16,19,8,4,0,0,0,2,0,2,2,4,1,1,1,2,58,9,2360,8,1,MITSUBISHI OUTLANDER,8,E01020270,0,-1
2021122101338,2021,122101338,1,9,0,16,19,1,5,0,0,0,0,0,0,0,1,1,6,6,1,68,10,2360,8,1,MITSUBISHI OUTLANDER,7,E01025180,0,-1
2021201137361,2021,201137361,1,9,0,18,19,-1,-1,0,0,0,0,0,0,0,1,1,6,6,1,65,9,1998,1,1,MITSUBISHI OUTLANDER,8,E01032126,0,-1
2021471094156,2021,471094156,1,9,0,18,19,1,3,0,0,0,0,0,0,0,4,1,6,6,2,49,8,1998,8,6,MITSUBISHI OUTLANDER,6,E01021087,0,-1
2021010310500,2021,010310500,1,9,0,1,1,5,1,0,0,1,0,0,0,0,2,1,1,1,1,51,8,1998,8,3,MITSUBISHI OUTLANDER,-1,-1,0,-1
2021010329563,2021,010329563,2,9,0,18,19,3,7,0,0,2,0,0,0,0,4,1,1,1,2,28,6,2360,8,2,MITSUBISHI OUTLANDER,4,E01004462,0,-1
2021010310297,2021,010310297,5,9,0,2,2,0,0,6,6,0,0,0,0,0,0,1,6,6,3,-1,-1,1998,8,3,MITSUBISHI OUTLANDER,-1,-1,0,-1
2021101094560,2021,101094560,2,9,0,16,19,3,6,0,0,0,0,0,0,0,1,1,5,6,1,33,6,1998,8,7,MITSUBISHI OUTLANDER,3,E01008395,0,-1
2021010311271,2021,010311271,3,9,0,99,99,9,9,99,99,9,9,99,9,99,1,9,6,6,3,-1,-1,1998,8,7,MITSUBISHI OUTLANDER,4,E01001183,0,-1
2021010340736,2021,010340736,2,9,0,16,19,1,3,0,0,4,0,0,0,0,3,1,6,6,1,59,9,1998,8,6,MITSUBISHI OUTLANDER,-1,-1,0,-1
2021170H10951,2021,170H10951,2,9,0,18,19,1,5,0,0,8,0,0,4,2,1,1,6,6,1,63,9,1998,8,5,MITSUBISHI OUTLANDER,4,E01011988,0,-1
2021010316903,2021,010316903,1,8,0,18,19,7,3,0,0,1,0,0,0,0,1,1,1,1,1,33,6,1998,8,5,MITSUBISHI OUTLANDER,7,E01000198,0,-1
2021411054486,2021,411054486,1,9,0,5,5,7,3,0,0,1,0,0,0,0,1,1,5,6,2,67,10,1998,8,3,MITSUBISHI OUTLANDER,9,E01023726,0,-1
2021010311919,2021,010311919,3,9,0,3,3,5,1,0,0,1,0,0,0,0,0,1,1,1,1,55,8,1998,8,5,MITSUBISHI OUTLANDER,4,E01003714,0,-1
2021010312216,2021,010312216,1,8,0,99,99,9,9,99,99,9,9,99,9,99,2,9,6,6,1,39,7,1998,8,5,MITSUBISHI OUTLANDER,3,E01002557,0,-1
2021010344067,2021,010344067,1,9,0,4,4,1,5,0,0,1,0,0,0,0,2,1,6,6,2,35,6,1998,8,6,MITSUBISHI OUTLANDER,4,E01003023,0,-1
2021010336068,2021,010336068,2,9,0,99,99,9,9,99,99,9,9,99,9,99,9,9,6,6,3,-1,-1,1998,8,7,MITSUBISHI OUTLANDER,-1,-1,0,-1
20211381M0642,2021,1381M0642,3,9,0,18,19,3,7,0,0,0,0,0,0,0,4,1,1,1,1,23,5,2268,2,7,MITSUBISHI OUTLANDER,1,E01012673,0,-1
2021010313893,2021,010313893,1,9,0,9,9,3,1,0,0,8,0,0,0,0,4,1,1,1,1,41,7,1998,8,5,MITSUBISHI OUTLANDER,7,E01000675,0,-1
2021361136263,2021,361136263,2,9,0,3,3,1,5,0,0,0,0,0,0,0,3,1,5,6,2,69,10,1998,8,6,MITSUBISHI OUTLANDER,4,E01026445,0,-1
2021010303534,2021,010303534,1,9,0,18,19,3,7,0,0,2,0,0,0,0,4,1,6,6,1,49,8,1998,8,5,MITSUBISHI OUTLANDER,4,E01004002,0,-1
2021010324133,2021,010324133,2,9,0,9,9,7,5,0,0,8,0,0,0,0,1,1,1,1,1,49,8,1998,8,3,MITSUBISHI OUTLANDER,3,E01000082,0,-1
2021461072623,2021,461072623,2,9,0,3,3,1,5,0,0,1,0,0,0,0,2,1,6,6,1,49,8,1998,8,7,MITSUBISHI OUTLANDER,5,E01016029,0,-1
2021552100656,2021,552100656,2,3,0,18,19,7,3,0,0,8,0,0,0,0,1,1,2,2,1,23,5,125,1,9,-1,5,E01015468,0,-1
2021440269403,2021,440269403,1,3,0,18,19,5,1,0,0,0,0,0,0,0,1,1,2,2,1,55,8,125,1,4,-1,1,E01017036,0,-1