collision_index,collision_year,collision_ref_no,vehicle_reference,vehicle_type,towing_and_articulation,vehicle_manoeuvre_historic,vehicle_manoeuvre,vehicle_direction_from,vehicle_direction_to,vehicle_location_restricted_lane_historic,vehicle_location_restricted_lane,junction_location,skidding_and_overturning,hit_object_in_carriageway,vehicle_leaving_carriageway,hit_object_off_carriageway,first_point_of_impact,vehicle_left_hand_drive,journey_purpose_of_driver_historic,journey_purpose_of_driver,sex_of_driver,age_of_driver,age_band_of_driver,engine_capacity_cc,propulsion_code,age_of_vehicle,generic_make_model,driver_imd_decile,lsoa_of_driver,escooter_flag,driver_distance_banding
2021111112314,2021,111112314,1,3,0,18,19,1,5,0,0,0,5,2,0,0,1,1,6,6,1,21,5,125,1,5,-1,2,E01020820,0,-1
2021010325761,2021,010325761,1,9,9,2,2,0,0,99,99,0,9,99,9,99,1,1,6,6,1,42,7,1597,1,11,-1,-1,-1,0,-1
2021161089117,2021,161089117,2,9,0,18,19,6,2,0,0,8,0,0,0,0,1,1,5,6,1,54,8,1597,7,11,-1,4,E01012896,0,-1
2021131056172,2021,131056172,1,9,0,18,19,3,7,0,0,0,0,0,0,0,4,1,1,1,1,36,7,1597,1,9,-1,2,E01010804,0,-1
2021010291098,2021,010291098,1,9,0,18,19,8,4,0,0,2,0,0,0,0,1,1,6,6,1,68,10,1998,1,13,-1,7,E01000493,0,-1
2021052100498,2021,052100498,1,9,0,18,19,7,3,0,0,0,0,0,0,0,1,1,6,6,1,44,7,1995,2,14,-1,1,E01033094,0,-1
2021401066507,2021,401066507,3,9,0,2,2,0,0,0,0,2,0,0,0,0,0,1,6,6,3,-1,-1,2188,2,17,-1,-1,-1,0,-1
2021461032273,2021,461032273,4,9,0,3,3,0,0,0,0,0,0,0,0,0,2,1,6,6,1,45,7,2188,2,19,-1,7,E01024131,0,-1
2021501114988,2021,501114988,1,9,0,18,19,3,3,0,0,8,0,0,0,0,1,1,5,6,1,52,8,1995,2,14,-1,4,E01018757,0,-1
2021501111045,2021,501111045,2,9,0,2,2,7,3,0,0,0,0,0,0,0,3,1,6,6,1,-1,-1,1995,1,27,-1,7,E01027724,0,-1
2021302100381,2021,302100381,3,9,0,4,4,5,1,0,0,0,0,0,0,0,2,1,6,6,1,29,6,1995,2,13,-1,2,E01013497,0,-1
2021501081133,2021,501081133,1,9,0,18,19,5,1,0,0,0,0,0,0,0,0,1,5,6,1,38,7,1870,2,17,-1,1,E01020094,0,-1
2021010328530,2021,010328530,1,9,0,99,99,9,9,99,99,9,9,99,9,99,2,9,1,1,1,42,7,2362,8,7,-1,4,E01000633,0,-1
2021010302365,2021,010302365,2,9,0,5,5,5,1,0,0,2,0,0,0,0,3,1,1,1,1,34,6,2400,8,7,-1,-1,-1,0,-1
2021010308245,2021,010308245,1,9,0,5,5,5,1,8,6,6,0,0,0,0,1,1,2,2,1,51,8,2362,8,16,-1,3,E01002558,0,-1
2021010350446,2021,010350446,2,9,0,99,99,9,9,99,99,9,9,99,9,99,9,9,6,6,3,-1,-1,2362,1,12,-1,-1,-1,0,-1
2021010323462,2021,010323462,1,9,0,99,99,9,9,99,99,9,9,99,9,99,2,9,2,2,1,60,9,2360,1,15,-1,7,E01032577,0,-1
2021010293202,2021,010293202,2,9,0,99,99,9,9,99,99,9,9,99,9,99,1,9,6,6,3,48,8,2362,8,12,-1,4,E01002236,0,-1
2021010324134,2021,010324134,1,9,0,5,5,3,7,0,0,8,0,0,0,0,1,2,4,7,1,44,7,2362,1,12,-1,2,E01001826,0,-1
2021010325649,2021,010325649,1,8,0,99,99,9,9,99,99,9,9,99,9,99,2,9,1,1,1,48,8,2360,8,8,-1,3,E01016475,0,-1
2021010302643,2021,010302643,1,8,0,5,5,1,5,0,0,6,0,0,0,0,1,1,1,1,1,50,8,2362,8,7,-1,3,E01001359,0,-1
2021010313460,2021,010313460,1,9,0,5,5,1,5,0,0,2,0,0,0,0,1,1,3,7,1,48,8,2360,1,9,-1,1,E01003291,0,-1
2021141045883,2021,141045883,1,3,0,13,13,3,7,0,0,1,0,0,0,0,1,1,2,2,1,32,6,-1,-1,-1,-1,1,E01007738,0,-1
2021141103632,2021,141103632,2,3,0,18,19,4,8,0,0,8,0,0,0,0,1,1,5,6,1,43,7,-1,-1,-1,-1,6,E01008003,0,-1
2021411113608,2021,411113608,2,4,0,18,19,5,1,0,0,2,2,4,7,0,1,1,6,6,1,20,4,395,1,10,-1,7,E01017587,0,-1
2021070393358,2021,070393358,1,5,0,18,19,1,5,0,0,1,0,0,0,0,1,1,6,6,1,64,9,-1,-1,-1,-1,10,E01018590,0,-1
2021501152946,2021,501152946,1,2,0,18,19,2,6,0,0,1,0,0,0,0,1,1,6,6,1,16,4,50,1,17,-1,7,E01015112,0,-1
2021131124889,2021,131124889,1,2,0,17,19,8,4,0,0,0,1,0,1,1,1,1,2,2,1,17,4,50,1,10,-1,3,E01011090,0,-1
2021461067514,2021,461067514,1,2,0,13,13,4,8,0,0,0,0,0,0,0,1,1,6,6,1,16,4,50,1,2,-1,8,E01024004,0,-1
2021221116946,2021,221116946,1,2,0,18,19,7,3,0,0,8,0,10,1,0,4,1,5,6,1,16,4,50,1,15,-1,5,E01032340,0,-1
2021421101277,2021,421101277,2,5,0,18,19,5,2,0,0,1,2,0,0,0,4,1,5,6,1,28,6,998,1,18,-1,8,E01021389,0,-1
2021010350441,2021,010350441,3,9,0,4,4,6,2,0,0,0,0,4,0,0,1,1,6,6,1,60,9,2967,2,1,-1,10,E01030603,0,-1
2021010338895,2021,010338895,2,9,0,18,19,7,3,0,0,1,0,0,0,0,1,1,6,6,1,37,7,2967,2,0,-1,3,E01023343,0,-1
2021440122725,2021,440122725,1,9,0,4,4,3,7,0,0,0,0,0,0,0,0,1,6,6,1,24,5,2967,2,1,-1,5,E01033489,0,-1
2021010347867,2021,010347867,2,9,0,17,19,7,3,0,0,4,0,0,0,0,1,1,6,6,1,28,6,3993,1,8,-1,-1,-1,0,-1
2021201049317,2021,201049317,2,9,0,18,19,8,4,0,0,8,1,7,1,2,4,1,6,6,1,31,6,3993,1,4,-1,3,E01009138,0,-1
2021061035160,2021,061035160,3,9,0,18,19,1,1,0,0,0,0,0,0,0,1,1,6,6,3,-1,-1,3993,1,4,-1,-1,-1,0,-1
2021010345640,2021,010345640,1,3,0,18,19,6,2,0,0,1,0,0,0,0,4,1,4,7,2,17,4,125,1,2,BENELLI TORNADO,4,E01000554,0,-1
2021440239365,2021,440239365,1,3,0,17,19,8,4,0,0,8,0,10,0,0,1,1,6,6,1,18,4,125,1,2,BENELLI TORNADO,9,E01022494,0,-1
2021461057249,2021,461057249,1,4,0,18,19,6,2,0,0,1,0,0,0,0,3,1,5,6,1,25,5,125,1,0,BENELLI TORNADO,6,E01016056,0,-1
2021546566121,2021,546566121,1,3,0,18,19,7,3,0,0,1,1,0,0,0,4,1,6,6,2,23,5,125,1,2,BENELLI TORNADO,6,E01032119,0,-1
2021451103239,2021,451103239,2,3,0,15,15,1,5,0,0,0,2,0,1,0,3,1,2,2,1,28,6,125,1,0,BENELLI TORNADO,6,E01023903,0,-1
202163C064521,2021,63C064521,1,3,0,16,19,8,3,0,0,0,0,0,0,0,1,1,6,6,1,17,4,125,1,3,BENELLI TORNADO,5,W01000567,0,-1
2021201064231,2021,201064231,1,3,0,18,19,1,5,0,0,0,0,0,0,0,1,1,6,6,1,22,5,125,1,1,BENELLI TORNADO,1,E01009886,0,-1
2021161040254,2021,161040254,1,3,0,9,9,5,3,0,0,6,5,0,1,0,1,1,5,6,1,18,4,125,1,3,BENELLI TORNADO,7,E01013256,0,-1
2021552100414,2021,552100414,1,3,0,18,19,2,6,0,0,0,0,0,0,0,1,1,4,7,1,17,4,125,1,1,BENELLI TORNADO,7,E01020430,0,-1
2021461079128,2021,461079128,2,4,0,18,19,3,7,0,0,1,0,0,0,0,1,1,6,6,1,17,4,125,1,0,BENELLI TORNADO,1,E01024580,0,-1
2021351039939,2021,351039939,1,3,0,18,19,1,5,0,0,1,1,0,0,0,0,1,6,6,1,38,7,125,1,2,BENELLI TORNADO,4,E01030115,0,-1
2021461055478,2021,461055478,1,3,0,9,9,3,7,0,0,0,1,0,0,0,4,1,5,6,1,33,6,125,1,2,BENELLI TORNADO,1,E01024609,0,-1
2021421022958,2021,421022958,2,3,0,18,19,1,5,0,0,8,0,0,0,0,1,1,6,6,1,19,4,125,1,1,BENELLI TORNADO,7,E01021759,0,-1
2021471112089,2021,471112089,1,4,0,18,19,5,1,0,0,8,0,0,0,0,1,1,5,6,1,19,4,125,1,1,BENELLI TORNADO,2,E01020929,0,-1
202134NNC0471,2021,34NNC0471,2,4,0,18,19,6,2,0,0,0,0,0,0,10,4,1,6,6,1,17,4,125,1,2,BENELLI TORNADO,-1,-1,0,-1
2021361076735,2021,361076735,2,3,0,18,19,5,1,0,0,0,0,0,0,0,3,1,5,6,1,19,4,125,1,0,BENELLI TORNADO,5,E01026605,0,-1
2021221124555,2021,221124555,2,4,0,14,14,5,1,0,0,8,0,0,0,0,1,1,5,6,1,22,5,125,1,1,BENELLI TORNADO,1,E01009115,0,-1
2021440150331,2021,440150331,1,3,0,4,4,4,8,0,0,8,0,10,1,0,1,1,6,6,2,20,4,125,1,2,BENELLI TORNADO,6,E01017300,0,-1
2021351042253,2021,351042253,2,5,0,18,19,2,7,0,0,1,2,0,0,0,1,1,6,6,1,35,6,898,1,9,BENELLI TORNADO,6,E01018036,0,-1
2021010337941,2021,010337941,1,3,0,18,19,3,7,0,0,1,0,0,0,0,1,1,6,6,1,35,6,125,1,0,BENELLI TORNADO,1,E01024581,0,-1
2021041057369,2021,041057369,1,3,0,17,19,1,5,0,0,8,1,0,1,2,1,1,6,6,1,27,6,125,1,2,BENELLI TORNADO,2,E01012746,0,-1
2021170H11161,2021,170H11161,1,3,0,18,19,3,7,0,0,8,0,0,0,0,1,1,6,6,1,46,8,125,1,0,BENELLI TORNADO,5,E01020772,0,-1
2021522102368,2021,522102368,2,4,0,18,19,2,6,0,0,8,0,0,0,0,1,1,6,6,1,29,6,125,1,3,BENELLI TORNADO,3,E01014827,0,-1
2021131098586,2021,131098586,2,3,0,18,19,1,1,0,0,8,0,0,0,0,1,1,5,6,1,26,6,125,1,0,BENELLI TORNADO,6,E01007409,0,-1
2021302101591,2021,302101591,2,3,0,18,19,4,8,0,0,0,0,0,1,2,1,1,6,6,1,26,6,125,1,1,BENELLI TORNADO,5,E01019456,0,-1
2021010298566,2021,010298566,2,3,0,18,19,5,1,0,0,1,0,0,0,0,1,1,6,6,1,34,6,125,1,1,BENELLI TORNADO,3,E01003180,0,-1
2021170L30891,2021,170L30891,2,4,0,18,19,4,8,0,0,0,0,0,0,0,1,1,2,2,1,24,5,125,1,0,BENELLI TORNADO,1,E01012082,0,-1
2021361128954,2021,361128954,2,3,0,18,19,4,8,0,0,0,2,0,1,0,4,1,6,6,1,17,4,125,1,0,BENELLI TORNADO,4,E01026762,0,-1
2021320659987,2021,320659987,2,3,0,18,19,8,4,0,0,0,1,0,0,0,1,1,2,2,1,17,4,125,1,2,BENELLI TORNADO,4,E01026183,0,-1
2021522103869,2021,522103869,2,3,0,18,19,1,5,0,0,1,0,0,0,0,4,1,6,6,1,20,4,125,1,1,BENELLI TORNADO,6,E01015002,0,-1
2021101096696,2021,101096696,2,3,0,18,19,1,5,0,0,8,0,0,0,0,4,1,5,6,2,21,5,125,1,0,BENELLI TORNADO,4,E01008796,0,-1
2021231128904,2021,231128904,2,3,0,18,19,4,8,0,0,8,0,0,0,0,1,1,5,6,1,19,4,125,1,0,BENELLI TORNADO,5,E01031114,0,-1
2021061028382,2021,061028382,1,3,0,18,19,5,1,0,0,1,0,0,0,0,1,1,5,6,1,23,5,125,1,1,BENELLI TORNADO,4,E01004875,0,-1
2021361057213,2021,361057213,2,3,0,7,7,1,3,0,0,1,0,0,0,0,1,1,2,2,1,32,6,125,1,0,BENELLI TORNADO,1,E01026848,0,-1
20211381L2021,2021,1381L2021,1,3,0,18,19,7,3,0,0,4,0,0,0,0,1,1,6,6,1,18,4,125,1,1,BENELLI TORNADO,1,E01011660,0,-1
2021131117398,2021,131117398,2,4,0,13,13,7,3,0,0,1,5,0,0,0,4,1,2,2,1,19,4,125,1,1,BENELLI TORNADO,1,E01011658,0,-1
2021052100976,2021,052100976,2,3,0,18,19,3,7,0,0,0,0,0,0,0,1,1,6,6,1,28,6,125,1,0,BENELLI TORNADO,1,E01007123,0,-1
2021131106571,2021,131106571,2,3,0,5,5,5,1,0,0,6,0,0,0,0,1,1,5,6,1,18,4,125,1,0,BENELLI TORNADO,3,E01011722,0,-1
2021461111378,2021,461111378,1,3,0,15,15,7,4,0,0,0,0,0,0,0,4,1,6,6,1,18,4,125,1,0,BENELLI TORNADO,9,E01024826,0,-1
2021461097312,2021,461097312,2,4,0,18,19,5,1,0,0,0,5,0,1,0,1,1,6,6,1,63,9,125,1,2,BENELLI TORNADO,3,E01024126,0,-1
2021302100363,2021,302100363,2,9,0,10,10,4,8,0,0,1,0,0,0,0,4,2,6,6,2,31,6,1995,2,10,BMW 3 SERIES,9,E01033168,0,-1
2021201138745,2021,201138745,2,9,0,9,9,2,8,0,0,5,0,0,0,0,4,1,6,6,2,35,6,1995,2,7,BMW 3 SERIES,3,E01009757,0,-1
2021010312529,2021,010312529,1,9,0,7,7,5,7,0,0,1,0,0,0,0,4,1,2,2,1,43,7,1995,2,14,BMW 3 SERIES,6,E01016506,0,-1
2021451034380,2021,451034380,2,9,0,9,9,7,5,0,0,8,0,0,0,0,3,1,5,6,1,28,6,1998,1,1,BMW 3 SERIES,10,W01000307,0,-1
202134WNC4101,2021,34WNC4101,1,9,0,18,19,3,7,0,0,4,2,9,1,1,1,1,6,6,2,73,10,2494,1,19,BMW 3 SERIES,7,E01028509,0,-1
2021010308066,2021,010308066,1,9,0,18,19,1,5,0,0,1,0,0,0,0,1,1,6,6,1,61,9,2993,2,11,BMW 3 SERIES,6,E01003232,0,-1
2021010336977,2021,010336977,2,9,9,99,99,9,9,99,99,9,9,99,9,99,9,9,6,6,1,38,7,2993,2,2,BMW 3 SERIES,10,E01028473,0,-1
2021201070554,2021,201070554,4,9,0,18,19,6,2,0,0,2,0,0,0,0,0,1,1,1,1,-1,-1,2993,2,0,BMW 3 SERIES,-1,-1,0,-1
2021010300253,2021,010300253,2,9,0,99,99,9,9,99,99,9,9,99,9,99,1,9,6,6,3,22,5,2998,1,5,BMW 3 SERIES,3,E01003522,0,-1
2021471119000,2021,471119000,2,9,0,18,19,8,4,0,0,0,0,0,0,0,3,1,6,6,1,24,5,2171,1,20,BMW 3 SERIES,7,E01017006,0,-1
2021522101555,2021,522101555,1,9,0,13,13,5,1,0,0,0,0,0,0,0,1,1,2,2,1,28,6,1995,2,6,BMW 3 SERIES,1,E01014800,0,-1
2021231125408,2021,231125408,1,9,0,7,7,1,4,0,0,6,0,0,0,0,3,1,5,6,1,67,10,1995,2,10,BMW 3 SERIES,8,E01031182,0,-1
2021131040633,2021,131040633,1,9,0,1,1,6,4,0,0,0,0,0,0,0,2,1,5,6,2,49,8,1995,2,14,BMW 3 SERIES,6,E01010592,0,-1
2021010348803,2021,010348803,1,9,0,9,9,1,7,0,0,6,0,0,0,0,3,1,6,6,1,39,7,2993,2,11,BMW 3 SERIES,5,E01001345,0,-1
2021451016576,2021,451016576,2,9,0,18,19,7,3,0,0,1,0,0,0,0,1,1,6,6,1,50,8,2993,2,14,BMW 3 SERIES,10,E01030498,0,-1
2021010313057,2021,010313057,1,9,0,5,5,2,6,0,0,1,0,0,1,0,4,1,6,6,1,23,5,1995,2,9,BMW 3 SERIES,3,E01016452,0,-1
2021061111713,2021,061111713,3,9,0,18,19,5,1,0,0,0,0,0,0,0,2,1,6,6,1,31,6,1998,1,0,BMW 3 SERIES,1,E01004851,0,-1
2021010330793,2021,010330793,2,9,0,99,99,9,9,99,99,9,9,99,9,99,1,9,6,6,3,-1,-1,1998,1,0,BMW 3 SERIES,4,E01003220,0,-1
2021991111956,2021,991111956,2,9,0,17,19,7,3,0,0,0,0,0,0,0,1,1,5,6,1,71,10,1998,8,0,BMW 3 SERIES,6,-1,0,-1
2021421056957,2021,421056957,2,9,0,18,19,7,3,0,0,8,0,0,0,0,3,1,2,2,2,34,6,1995,2,11,BMW 3 SERIES,6,E01021502,0,-1
202134WNC1801,2021,34WNC1801,1,9,0,9,9,1,3,0,0,8,0,0,0,0,1,1,6,6,2,41,7,1995,2,6,BMW 3 SERIES,7,E01027277,0,-1
2021471057355,2021,471057355,2,9,0,2,2,0,0,0,0,0,0,4,0,0,3,1,2,2,1,21,5,2993,2,14,BMW 3 SERIES,2,E01020977,0,-1
2021010298553,2021,010298553,3,9,0,2,2,0,0,9,9,0,0,0,0,0,1,1,6,6,3,-1,-1,1998,8,1,BMW 3 SERIES,-1,-1,0,-1
2021131125084,2021,131125084,2,9,0,7,7,7,5,0,0,0,0,0,0,0,2,1,5,6,1,31,6,2993,2,5,BMW 3 SERIES,2,E01010804,0,-1
2021991076973,2021,991076973,2,9,0,5,5,5,1,0,0,8,0,0,0,0,1,1,5,6,1,27,6,1995,1,12,BMW 3 SERIES,1,-1,0,-1
2021543128921,2021,543128921,1,9,0,18,19,6,2,0,0,0,0,0,7,4,1,1,6,6,1,23,5,1995,2,17,BMW 3 SERIES,9,E01031880,0,-1
2021061110879,2021,061110879,1,9,0,18,19,7,3,0,0,8,0,0,0,0,3,1,2,2,1,22,5,1995,2,4,BMW 3 SERIES,10,E01025434,0,-1
2021061059484,2021,061059484,1,9,0,18,19,8,3,0,0,1,0,0,0,0,3,1,6,6,1,30,6,1995,2,15,BMW 3 SERIES,5,E01032911,0,-1
2021201082451,2021,201082451,2,9,0,12,12,6,2,0,0,1,0,0,0,0,3,1,6,6,2,36,7,1997,1,8,BMW 3 SERIES,1,E01010374,0,-1
2021161122377,2021,161122377,3,9,0,9,9,2,1,0,0,5,0,0,0,0,2,1,6,6,1,26,6,2993,2,12,BMW 3 SERIES,4,E01013258,0,-1
2021501045273,2021,501045273,2,9,0,18,19,3,7,0,0,1,0,0,0,0,4,1,6,6,1,27,6,2993,2,15,BMW 3 SERIES,5,E01018992,0,-1
2021010339298,2021,010339298,1,9,0,99,99,9,9,99,99,9,9,99,9,99,2,9,6,6,1,30,6,1995,2,6,BMW 3 SERIES,10,E01004157,0,-1
2021010332167,2021,010332167,1,9,0,1,1,3,7,9,9,0,0,0,0,0,2,1,1,1,1,35,6,1995,12,0,BMW 3 SERIES,3,E01001697,0,-1
2021471038688,2021,471038688,1,9,0,1,1,6,2,0,0,0,0,0,0,0,3,1,3,7,1,73,10,1596,1,31,BMW 3 SERIES,7,E01021189,0,-1
2021201064233,2021,201064233,1,9,0,18,19,-1,-1,0,0,2,0,0,0,0,1,1,6,6,1,-1,-1,1995,2,4,BMW 3 SERIES,-1,-1,0,-1
2021231111940,2021,231111940,1,9,0,9,9,3,1,0,0,8,0,0,0,0,1,1,2,2,1,33,6,1995,2,2,BMW 3 SERIES,4,E01031079,0,-1
2021522104586,2021,522104586,1,9,0,3,3,1,5,0,0,1,0,0,0,0,2,1,6,6,1,43,7,1995,1,13,BMW 3 SERIES,5,E01014548,0,-1
2021440329050,2021,440329050,2,9,0,18,19,3,7,0,0,8,0,0,0,0,1,1,6,6,1,43,7,2993,2,11,BMW 3 SERIES,10,E01023287,0,-1
2021430236773,2021,430236773,1,9,0,16,19,3,7,0,0,0,0,0,0,0,1,1,6,6,1,28,6,1998,8,5,BMW 3 SERIES,8,E01032947,0,-1
2021552100560,2021,552100560,1,9,0,18,19,3,7,0,0,4,0,0,0,0,1,1,6,6,1,29,6,2993,2,18,BMW 3 SERIES,5,E01020512,0,-1
2021010298478,2021,010298478,3,9,0,5,5,5,1,0,0,1,0,0,0,0,2,1,6,6,1,30,6,1995,2,15,BMW 3 SERIES,7,E01003709,0,-1
2021141038324,2021,141038324,1,9,0,18,19,1,5,0,0,0,0,0,0,0,2,1,5,6,1,48,8,1995,2,6,BMW 3 SERIES,1,E01007372,0,-1
2021520101632,2021,520101632,3,9,0,14,14,2,6,0,0,0,0,0,0,0,0,1,6,6,1,29,6,1995,2,13,BMW 3 SERIES,3,E01029291,0,-1
2021201075694,2021,201075694,2,9,0,9,9,8,6,0,0,5,0,0,0,0,4,1,6,6,2,42,7,1995,2,8,BMW 3 SERIES,2,E01009481,0,-1
2021440326470,2021,440326470,3,9,0,18,19,1,0,0,0,0,0,0,0,0,1,1,6,6,1,63,9,2494,1,26,BMW 3 SERIES,5,E01017307,0,-1
2021522104833,2021,522104833,2,9,0,7,7,5,7,0,0,6,0,0,0,0,1,1,6,6,3,-1,-1,2497,1,14,BMW 3 SERIES,-1,-1,0,-1
2021520200103,2021,520200103,1,9,0,18,19,8,4,0,0,1,0,0,0,0,1,1,6,6,1,53,8,2993,2,3,BMW 3 SERIES,5,E01029301,0,-1
2021070313071,2021,070313071,1,9,0,18,19,7,3,0,0,0,1,0,1,1,4,1,1,1,1,42,7,2993,2,2,BMW 3 SERIES,-1,-1,0,-1
2021061075940,2021,061075940,3,9,0,18,19,6,2,0,0,1,0,0,0,0,0,1,1,1,1,38,7,2993,2,2,BMW 3 SERIES,2,E01005950,0,-1
2021522103758,2021,522103758,1,9,0,7,7,5,7,0,0,4,0,0,0,0,1,1,6,6,1,34,6,1995,2,8,BMW 3 SERIES,10,E01014875,0,-1
2021010352078,2021,010352078,1,9,0,18,19,3,7,0,0,1,0,0,0,0,1,1,6,6,1,21,5,1995,2,13,BMW 3 SERIES,3,E01017127,0,-1
2021421052809,2021,421052809,1,9,0,9,9,1,6,0,0,4,0,0,0,0,1,1,2,2,2,61,9,2494,1,21,BMW 3 SERIES,2,E01021699,0,-1
2021411110605,2021,411110605,1,9,0,12,12,2,5,0,0,0,0,0,0,0,3,1,2,2,1,30,6,1998,8,0,BMW 3 SERIES,2,E01021286,0,-1
2021501102605,2021,501102605,2,9,0,3,3,3,7,0,0,1,0,0,0,0,2,1,5,6,1,60,9,1995,2,19,BMW 3 SERIES,3,E01020104,0,-1
2021041091655,2021,041091655,1,9,0,18,19,1,5,0,0,2,1,0,0,0,3,1,5,6,1,35,6,1995,2,15,BMW 3 SERIES,2,E01025044,0,-1
2021221109814,2021,221109814,3,9,0,16,19,2,6,0,0,0,0,0,0,0,0,1,5,6,1,49,8,1995,2,8,BMW 3 SERIES,3,W01000254,0,-1
202163A044021,2021,63A044021,3,9,0,13,13,4,8,0,0,0,0,0,0,0,0,1,1,1,1,-1,-1,2993,12,0,BMW 3 SERIES,8,W01000699,0,-1
2021010309502,2021,010309502,1,9,0,6,6,4,4,0,0,1,0,0,0,0,3,1,6,6,1,29,6,1895,1,21,BMW 3 SERIES,2,E01002830,0,-1
2021201108586,2021,201108586,2,9,0,18,19,1,5,0,0,8,0,0,0,0,3,1,6,6,1,29,6,1995,2,6,BMW 3 SERIES,1,E01009659,0,-1
2021552100891,2021,552100891,1,9,0,18,19,7,3,0,0,0,0,0,0,0,1,1,6,6,1,40,7,1995,2,14,BMW 3 SERIES,4,E01015382,0,-1
2021302101725,2021,302101725,1,9,0,6,6,6,6,0,0,0,0,0,0,0,1,1,6,6,1,47,8,1995,2,7,BMW 3 SERIES,5,E01027945,0,-1
2021010325661,2021,010325661,5,9,0,4,4,6,2,0,0,0,1,0,0,0,1,1,6,6,1,23,5,1998,1,1,BMW 3 SERIES,-1,-1,0,-1
2021161083781,2021,161083781,4,9,0,18,19,3,7,0,0,0,0,0,0,0,0,1,6,6,3,-1,-1,2993,2,2,BMW 3 SERIES,-1,-1,0,-1
2021471111768,2021,471111768,1,9,0,18,19,3,7,0,0,0,0,4,1,4,4,1,5,6,1,39,7,2926,2,19,BMW 3 SERIES,9,E01022920,0,-1
2021201056779,2021,201056779,1,9,0,18,19,2,5,0,0,0,0,0,0,0,1,1,6,6,1,45,7,2000,2,10,BMW 3 SERIES,1,E01009115,0,-1
2021010291876,2021,010291876,1,9,0,99,99,9,9,99,99,9,9,99,9,99,2,9,6,6,1,27,6,1995,1,12,BMW 3 SERIES,1,E01007662,0,-1
2021010323788,2021,010323788,2,9,0,9,9,3,1,0,0,6,0,0,0,0,1,1,6,6,1,47,8,1998,1,0,BMW 3 SERIES,4,E01004419,0,-1
2021201066411,2021,201066411,1,9,0,5,5,4,8,0,0,2,0,0,0,0,1,1,6,6,3,25,5,1998,1,0,BMW 3 SERIES,8,E01019970,0,-1
2021522101759,2021,522101759,1,9,0,9,9,4,1,0,0,8,0,0,0,0,1,1,6,6,1,33,6,1998,8,1,BMW 3 SERIES,7,E01014402,0,-1
2021122101077,2021,122101077,2,9,0,2,2,0,0,0,0,0,0,0,0,0,2,1,1,1,2,33,6,2993,12,0,BMW 3 SERIES,10,E01027719,0,-1
2021101054577,2021,101054577,5,9,0,18,19,3,7,0,0,0,0,0,0,0,1,1,5,6,2,54,8,1995,2,9,BMW 3 SERIES,4,E01008767,0,-1
2021371057262,2021,371057262,1,9,0,9,9,1,7,0,0,2,0,0,7,2,1,1,5,6,1,26,6,2793,1,22,BMW 3 SERIES,5,E01026943,0,-1
2021122101101,2021,122101101,2,9,0,3,3,1,5,0,0,0,0,0,0,0,0,1,6,6,1,42,7,2993,2,9,BMW 3 SERIES,8,E01027568,0,-1
202106A079856,2021,06A079856,4,9,0,18,19,0,0,0,0,1,0,0,0,0,0,1,1,1,1,30,6,2993,2,2,BMW 3 SERIES,-1,-1,0,-1
2021622100184,2021,622100184,2,9,0,18,19,1,5,0,0,8,0,0,0,0,3,1,6,6,2,51,8,1995,2,2,BMW 3 SERIES,1,W01001886,0,-1
2021430333064,2021,430333064,1,9,0,18,19,1,5,0,0,1,0,0,0,0,0,1,6,6,1,-1,-1,1995,2,4,BMW 3 SERIES,2,E01016835,0,-1
2021201071083,2021,201071083,2,9,0,4,4,8,4,0,0,1,0,0,0,0,2,1,6,6,1,31,6,1995,2,12,BMW 3 SERIES,3,E01009619,0,-1
2021201043613,2021,201043613,2,9,0,18,19,1,5,0,0,0,0,0,0,0,4,1,2,2,1,26,6,1995,2,11,BMW 3 SERIES,4,E01031032,0,-1
202163B052921,2021,63B052921,2,9,0,4,4,3,7,0,0,0,0,0,0,0,3,1,6,6,2,29,6,1995,2,15,BMW 3 SERIES,6,W01000519,0,-1
2021031103041,2021,031103041,2,9,0,18,19,7,3,0,0,1,0,0,0,0,1,1,6,6,1,54,8,1995,2,9,BMW 3 SERIES,3,E01019114,0,-1
2021440118831,2021,440118831,1,9,0,3,3,4,8,0,0,0,0,0,0,0,2,1,6,6,1,73,10,1995,2,11,BMW 3 SERIES,9,E01023130,0,-1
2021010325728,2021,010325728,2,9,0,99,99,9,9,99,99,9,9,99,9,99,9,9,6,6,1,28,6,1995,1,12,BMW 3 SERIES,4,E01003739,0,-1
2021070649036,2021,070649036,3,9,0,18,19,8,4,0,0,1,0,0,0,0,1,1,6,6,1,27,6,2996,1,15,BMW 3 SERIES,4,E01018672,0,-1
202131D110121,2021,31D110121,1,9,0,18,19,8,4,0,0,0,0,0,0,0,1,1,6,6,2,29,6,1998,1,0,BMW 3 SERIES,2,E01013957,0,-1
2021161098468,2021,161098468,1,9,0,17,19,1,5,0,0,0,0,0,1,11,1,1,6,6,1,18,4,1995,2,9,BMW 3 SERIES,1,E01013299,0,-1