collision_index,collision_year,collision_ref_no,vehicle_reference,vehicle_type,towing_and_articulation,vehicle_manoeuvre_historic,vehicle_manoeuvre,vehicle_direction_from,vehicle_direction_to,vehicle_location_restricted_lane_historic,vehicle_location_restricted_lane,junction_location,skidding_and_overturning,hit_object_in_carriageway,vehicle_leaving_carriageway,hit_object_off_carriageway,first_point_of_impact,vehicle_left_hand_drive,journey_purpose_of_driver_historic,journey_purpose_of_driver,sex_of_driver,age_of_driver,age_band_of_driver,engine_capacity_cc,propulsion_code,age_of_vehicle,generic_make_model,driver_imd_decile,lsoa_of_driver,escooter_flag,driver_distance_banding
2021041108558,2021,041108558,2,9,0,4,4,3,7,0,0,8,0,0,0,0,1,1,6,6,2,30,6,1995,2,5,BMW 3 SERIES,3,E01012677,0,-1
2021041021256,2021,041021256,2,9,0,18,19,3,7,0,0,1,0,0,0,0,1,1,5,6,1,25,5,2993,2,8,BMW 3 SERIES,1,E01012639,0,-1
2021421055312,2021,421055312,2,9,0,3,3,5,2,0,0,0,0,0,0,0,2,1,5,6,1,22,5,1995,2,12,BMW 3 SERIES,3,E01021687,0,-1
2021010337990,2021,010337990,2,9,0,7,7,6,1,0,0,2,0,0,0,0,0,1,6,6,1,29,6,1995,2,4,BMW 3 SERIES,4,E01002583,0,-1
2021221079053,2021,221079053,2,9,0,18,19,5,1,0,0,0,0,0,0,0,1,1,5,6,2,27,6,1995,2,8,BMW 3 SERIES,10,E01032137,0,-1
2021010292672,2021,010292672,3,9,0,2,2,0,0,9,9,2,1,0,1,0,2,1,6,6,3,-1,-1,1995,2,4,BMW 3 SERIES,-1,-1,0,-1
202134NNC0061,2021,34NNC0061,1,9,0,9,9,7,5,0,0,6,0,0,0,0,3,1,2,2,1,53,8,2979,1,19,BMW 3 SERIES,6,E01027045,0,-1
2021061067974,2021,061067974,3,9,0,18,19,7,3,0,0,0,0,0,0,0,0,1,1,1,1,52,8,2993,2,5,BMW 3 SERIES,-1,-1,0,-1
2021371086894,2021,371086894,3,9,0,2,2,0,0,0,0,0,0,0,0,0,2,1,6,6,3,-1,-1,2996,1,15,BMW 3 SERIES,-1,-1,0,-1
2021622100387,2021,622100387,2,9,0,2,2,0,0,0,0,0,0,0,0,0,2,1,6,6,3,-1,-1,1995,2,9,BMW 3 SERIES,-1,-1,0,-1
2021351048865,2021,351048865,2,9,0,18,19,6,2,0,0,7,0,0,0,0,3,1,1,1,1,49,8,1995,2,4,BMW 3 SERIES,8,E01030086,0,-1
2021421050594,2021,421050594,1,9,0,1,1,2,6,0,0,5,0,0,0,0,2,1,5,6,3,20,4,1995,1,15,BMW 3 SERIES,9,E01021973,0,-1
2021522103817,2021,522103817,1,9,0,18,19,7,3,0,0,0,0,0,1,4,1,1,6,6,1,34,6,1995,2,15,BMW 3 SERIES,7,E01014494,0,-1
2021440316225,2021,440316225,1,9,0,4,4,7,3,0,0,0,0,0,0,0,4,1,6,6,1,40,7,2993,2,6,BMW 3 SERIES,8,W01000554,0,-1
2021430573190,2021,430573190,1,9,0,18,19,8,4,0,0,0,0,0,0,0,1,1,6,6,1,29,6,1995,2,8,BMW 3 SERIES,5,E01016461,0,-1
2021451086576,2021,451086576,2,9,0,18,19,1,3,0,0,0,0,0,0,0,1,1,6,6,1,50,8,1995,2,7,BMW 3 SERIES,7,E01030451,0,-1
2021010291654,2021,010291654,1,9,0,5,5,5,1,0,0,2,0,0,0,0,1,1,6,6,1,52,8,2926,2,18,BMW 3 SERIES,6,E01004581,0,-1
2021440474195,2021,440474195,1,9,0,18,19,1,5,0,0,0,1,0,0,0,1,1,6,6,1,60,9,1998,1,4,BMW 3 SERIES,-1,-1,0,-1
2021201122223,2021,201122223,1,9,0,7,7,1,3,0,0,1,0,0,0,0,1,1,6,6,3,-1,-1,1995,2,9,BMW 3 SERIES,-1,-1,0,-1
2021461029786,2021,461029786,1,9,0,4,4,2,6,0,0,0,0,0,0,0,2,1,6,6,1,56,9,1995,2,18,BMW 3 SERIES,8,E01024354,0,-1
2021622100928,2021,622100928,1,9,0,18,19,2,6,0,0,8,0,0,0,0,1,1,6,6,1,46,8,1995,2,3,BMW 3 SERIES,9,W01000874,0,-1
2021201049471,2021,201049471,1,9,0,5,5,7,2,0,0,6,0,0,0,0,1,1,2,2,2,36,7,1998,1,2,BMW 3 SERIES,3,E01009221,0,-1
2021471090236,2021,471090236,2,9,0,5,5,0,3,0,0,2,0,0,0,0,0,1,5,6,2,31,6,2993,2,5,BMW 3 SERIES,1,E01021019,0,-1
2021010312268,2021,010312268,2,9,9,99,99,9,9,99,99,9,9,99,9,99,9,9,6,6,3,-1,-1,1998,8,5,BMW 3 SERIES,5,E01002613,0,-1
2021010321863,2021,010321863,3,9,0,2,2,0,0,9,9,1,0,0,0,0,2,1,6,6,3,-1,-1,2998,1,3,BMW 3 SERIES,-1,-1,0,-1
2021991145329,2021,991145329,1,9,0,18,19,6,2,0,0,1,0,0,0,0,1,1,6,6,1,22,5,1995,2,14,BMW 3 SERIES,3,-1,0,-1
2021010309324,2021,010309324,2,9,0,9,9,5,2,0,0,1,0,0,0,0,4,1,6,6,1,30,6,1997,1,9,BMW 3 SERIES,6,E01023874,0,-1
2021010297191,2021,010297191,1,9,0,9,9,3,2,0,0,1,0,0,0,0,1,1,6,6,1,36,7,2171,1,18,BMW 3 SERIES,6,E01003378,0,-1
2021131101804,2021,131101804,2,9,0,2,2,0,0,0,0,8,0,0,0,0,3,1,6,6,3,-1,-1,2979,1,19,BMW 3 SERIES,-1,-1,0,-1
2021421011371,2021,421011371,2,9,0,9,9,2,8,0,0,8,0,0,0,0,0,1,1,1,1,46,8,2993,2,4,BMW 3 SERIES,8,E01021544,0,-1
2021010323822,2021,010323822,1,9,0,99,99,9,9,99,99,9,9,99,9,99,9,9,6,6,3,-1,-1,1995,2,4,BMW 3 SERIES,-1,-1,0,-1
2021010349167,2021,010349167,2,9,9,99,99,9,9,99,99,9,9,99,9,99,1,9,6,6,3,48,8,2979,1,20,BMW 3 SERIES,9,E01030856,0,-1
2021522201219,2021,522201219,1,9,0,15,15,1,5,0,0,0,0,0,0,0,3,1,6,6,1,26,6,1998,1,0,BMW 3 SERIES,1,E01014832,0,-1
2021221025102,2021,221025102,3,9,-1,-1,-1,-1,-1,-1,-1,0,-1,-1,-1,0,-1,1,6,6,3,-1,-1,1995,2,8,BMW 3 SERIES,-1,-1,0,-1
2021430300923,2021,430300923,2,9,0,18,19,4,8,0,0,1,0,0,0,0,1,1,6,6,1,-1,-1,2000,2,10,BMW 3 SERIES,-1,-1,0,-1
2021401056371,2021,401056371,1,9,0,18,19,7,2,0,0,0,0,0,0,0,3,1,5,6,1,29,6,1995,2,12,BMW 3 SERIES,4,E01017579,0,-1
2021041028327,2021,041028327,2,9,0,10,10,3,1,0,0,8,0,0,0,0,2,1,5,6,1,26,6,1998,1,2,BMW 3 SERIES,4,E01024919,0,-1
2021481146622,2021,481146622,1,9,0,11,11,3,7,0,0,0,0,0,0,0,1,1,5,6,1,28,6,2996,1,13,BMW 3 SERIES,2,E01003523,0,-1
2021131102302,2021,131102302,1,9,0,9,9,5,7,0,0,0,1,11,7,6,3,1,5,6,1,20,4,1998,8,3,BMW 3 SERIES,2,E01011481,0,-1
2021451080122,2021,451080122,2,9,0,5,5,7,3,9,9,0,0,0,0,0,1,1,6,6,2,46,8,1995,1,10,BMW 3 SERIES,8,E01030335,0,-1
2021552100885,2021,552100885,2,9,0,2,2,0,0,6,6,0,0,0,0,0,1,1,6,6,1,30,6,1995,2,17,BMW 3 SERIES,7,E01020542,0,-1
2021131106859,2021,131106859,1,9,0,17,19,7,3,0,0,0,2,0,1,4,1,1,6,6,1,34,6,1995,2,16,BMW 3 SERIES,7,E01011878,0,-1
2021101078368,2021,101078368,1,9,0,4,4,3,7,0,0,2,0,0,0,0,1,1,6,6,1,16,4,1995,2,5,BMW 3 SERIES,-1,-1,0,-1
202131B082321,2021,31B082321,2,9,0,4,4,7,3,0,0,1,0,0,0,0,2,1,6,6,1,52,8,2993,2,13,BMW 3 SERIES,-1,-1,0,-1
2021471080080,2021,471080080,4,9,0,3,3,8,4,0,0,0,0,0,0,0,2,1,2,2,1,26,6,2497,1,15,BMW 3 SERIES,8,E01031439,0,-1
2021070330874,2021,070330874,1,9,0,5,5,1,5,0,0,1,0,0,0,0,4,1,6,6,1,50,8,1998,8,2,BMW 3 SERIES,6,E01012491,0,-1
2021622100647,2021,622100647,2,9,0,4,4,3,7,0,0,4,0,0,0,0,2,1,2,2,2,64,9,1499,1,3,BMW 3 SERIES,10,W01001778,0,-1
2021221061166,2021,221061166,2,9,0,18,19,2,5,0,0,1,0,0,0,0,4,1,6,6,1,48,8,1995,2,12,BMW 3 SERIES,6,E01029699,0,-1
2021421053753,2021,421053753,1,9,0,3,3,7,3,0,0,1,0,0,0,0,1,1,6,6,1,-1,-1,2993,2,15,BMW 3 SERIES,-1,-1,0,-1
2021122100323,2021,122100323,2,9,0,18,19,5,4,0,0,8,0,0,1,11,1,1,1,1,1,46,8,2993,2,3,BMW 3 SERIES,10,E01027719,0,-1
2021201054337,2021,201054337,1,9,0,18,19,7,3,0,0,1,5,10,1,0,1,1,6,6,1,26,6,2993,2,5,BMW 3 SERIES,2,E01010017,0,-1
2021052100305,2021,052100305,2,9,0,18,19,5,1,0,0,8,0,0,1,0,3,1,6,6,1,66,10,1998,1,1,BMW 3 SERIES,8,E01006931,0,-1
2021461044381,2021,461044381,2,9,0,18,19,3,7,0,0,2,0,0,0,0,1,1,5,6,1,41,7,1995,2,5,BMW 3 SERIES,9,E01032821,0,-1
2021991133194,2021,991133194,1,9,0,18,19,6,2,0,0,2,0,0,1,2,1,1,6,6,1,66,10,1995,2,9,BMW 3 SERIES,6,-1,0,-1
2021201133897,2021,201133897,2,9,0,5,5,5,8,0,0,1,0,0,0,0,3,1,6,6,2,47,8,2000,2,9,BMW 3 SERIES,1,E01009380,0,-1
2021010337406,2021,010337406,1,9,0,4,4,7,3,0,0,0,0,0,0,0,2,1,6,6,1,51,8,1995,2,11,BMW 3 SERIES,8,E01016491,0,-1
2021991021366,2021,991021366,1,9,0,16,19,1,4,0,0,0,0,0,0,0,1,1,6,6,1,25,5,2171,1,17,BMW 3 SERIES,1,-1,0,-1
202134WNC2081,2021,34WNC2081,3,9,0,18,19,1,5,0,0,0,0,0,0,0,3,1,2,2,1,41,7,1995,2,2,BMW 3 SERIES,6,E01019651,0,-1
2021471029447,2021,471029447,2,9,0,18,19,3,7,0,0,2,0,10,7,0,4,1,2,2,2,28,6,1995,2,10,BMW 3 SERIES,4,E01020973,0,-1
2021111105043,2021,111105043,1,9,0,18,19,5,1,0,0,0,0,0,0,0,1,1,6,6,2,75,10,1998,1,4,BMW 3 SERIES,10,E01012337,0,-1
2021010333457,2021,010333457,1,9,0,17,19,7,3,0,0,8,0,0,0,0,3,1,6,6,1,68,10,1998,1,2,BMW 3 SERIES,7,E01002255,0,-1
2021461109918,2021,461109918,4,9,0,2,2,0,0,0,0,1,0,0,0,0,4,1,5,6,3,-1,-1,2993,2,7,BMW 3 SERIES,-1,-1,0,-1
2021010346947,2021,010346947,2,9,0,99,99,9,9,99,99,9,9,99,9,99,1,9,6,6,3,-1,-1,1796,1,19,BMW 3 SERIES,-1,-1,0,-1
2021351106363,2021,351106363,1,9,0,18,19,3,7,0,0,8,0,0,0,0,1,1,6,6,3,-1,-1,1995,2,8,BMW 3 SERIES,-1,-1,0,-1
2021010296155,2021,010296155,1,9,0,18,19,4,8,0,0,0,1,0,0,0,1,1,6,6,3,-1,-1,1995,2,15,BMW 3 SERIES,-1,-1,0,-1
2021430502367,2021,430502367,2,9,0,18,19,8,4,0,0,8,0,0,0,0,4,1,6,6,1,26,6,1995,1,16,BMW 3 SERIES,4,E01016360,0,-1
2021052101481,2021,052101481,1,9,0,16,19,2,4,0,0,0,1,0,0,0,1,1,6,6,1,38,7,2171,1,20,BMW 3 SERIES,9,E01018544,0,-1
2021010351866,2021,010351866,2,9,0,99,99,9,9,99,99,0,9,99,9,99,9,9,6,6,3,25,5,1995,2,5,BMW 3 SERIES,4,E01003344,0,-1
2021010351731,2021,010351731,1,9,0,9,9,5,2,0,0,5,0,0,1,0,3,1,6,6,2,27,6,1995,1,14,BMW 3 SERIES,9,E01023477,0,-1
2021052101056,2021,052101056,3,9,0,18,19,5,1,0,0,0,0,0,0,0,1,1,1,1,1,31,6,2993,2,3,BMW 3 SERIES,6,E01006529,0,-1
202106F080187,2021,06F080187,2,9,0,18,19,8,4,0,0,1,0,0,0,0,0,1,1,1,1,30,6,2993,2,3,BMW 3 SERIES,-1,-1,0,-1
2021461067831,2021,461067831,2,9,0,4,4,4,8,0,0,0,0,0,0,0,2,1,6,6,1,65,9,1790,1,18,BMW 3 SERIES,4,E01000787,0,-1
2021231128483,2021,231128483,1,9,0,18,19,1,5,0,0,0,0,0,0,0,1,1,6,6,2,44,7,1995,2,17,BMW 3 SERIES,8,E01025793,0,-1
202134WNC7491,2021,34WNC7491,2,9,0,3,3,5,1,0,0,0,0,7,7,0,2,1,6,6,1,35,6,1995,2,6,BMW 3 SERIES,-1,-1,0,-1
2021131038263,2021,131038263,1,9,0,18,19,5,1,0,0,1,0,0,0,0,1,1,6,6,1,22,5,1998,1,1,BMW 3 SERIES,1,E01011361,0,-1
2021201067830,2021,201067830,2,9,0,3,3,8,4,0,0,1,0,0,0,0,2,1,6,6,1,65,9,1998,1,0,BMW 3 SERIES,1,E01009272,0,-1
2021411051817,2021,411051817,2,9,0,3,3,7,3,0,0,0,0,0,0,0,2,1,2,2,2,28,6,1995,2,8,BMW 3 SERIES,5,E01021866,0,-1
2021451115905,2021,451115905,4,9,0,18,19,3,7,0,0,0,1,0,5,0,4,1,2,2,1,23,5,1995,2,16,BMW 3 SERIES,10,E01022571,0,-1
2021010311391,2021,010311391,1,9,0,9,9,2,8,0,0,1,0,0,0,0,3,1,2,2,1,52,8,1995,2,9,BMW 3 SERIES,-1,-1,0,-1
2021471075548,2021,471075548,1,9,0,9,9,1,7,0,0,0,0,0,0,0,0,1,6,6,1,71,10,1997,1,9,BMW 3 SERIES,10,E01030882,0,-1
2021221089133,2021,221089133,1,9,0,18,19,3,7,0,0,0,1,0,2,4,1,1,5,6,1,25,5,1995,1,15,BMW 3 SERIES,3,E01032267,0,-1
2021010320468,2021,010320468,2,9,0,18,19,3,7,0,0,0,1,0,0,0,4,1,6,6,1,22,5,1995,2,4,BMW 3 SERIES,6,E01000110,0,-1
2021011052478,2021,011052478,2,9,0,18,19,1,5,0,0,4,0,0,0,0,2,1,6,6,2,24,5,1995,2,2,BMW 3 SERIES,5,E01024364,0,-1
2021041015463,2021,041015463,2,9,0,18,19,6,2,0,0,8,0,0,0,0,1,1,2,2,2,49,8,1995,2,14,BMW 3 SERIES,-1,-1,0,-1
2021991072369,2021,991072369,1,9,0,18,19,1,5,0,0,0,0,0,0,0,1,1,5,6,1,27,6,1995,2,6,BMW 3 SERIES,1,-1,0,-1
2021430489527,2021,430489527,1,9,0,18,19,7,3,0,0,4,5,9,4,1,1,1,6,6,1,20,4,1998,1,5,BMW 3 SERIES,1,E01015544,0,-1
2021138430144,2021,138430144,3,9,0,4,4,3,7,0,0,0,0,0,0,0,1,1,1,1,1,37,7,2993,2,3,BMW 3 SERIES,1,E01010730,0,-1
2021201073535,2021,201073535,2,9,0,2,2,-1,-1,0,0,0,0,0,0,0,3,1,6,6,1,23,5,2993,2,6,BMW 3 SERIES,5,E01009863,0,-1
2021010349152,2021,010349152,1,9,0,99,99,9,9,99,99,9,9,99,9,99,2,9,1,1,1,50,8,1995,2,5,BMW 3 SERIES,3,E01024169,0,-1
2021461028432,2021,461028432,2,9,0,7,7,7,1,0,0,3,0,0,0,0,3,1,5,6,1,38,7,1995,2,10,BMW 3 SERIES,8,E01016148,0,-1
2021201075154,2021,201075154,1,9,0,18,19,1,4,0,0,0,5,10,1,11,1,1,6,6,1,32,6,1995,2,8,BMW 3 SERIES,10,E01009723,0,-1
2021991016800,2021,991016800,1,9,0,17,19,2,6,0,0,0,1,0,7,0,1,1,2,2,1,34,6,1995,2,14,BMW 3 SERIES,5,-1,0,-1
2021221085619,2021,221085619,1,9,0,16,19,5,8,0,0,0,0,0,0,0,1,1,2,2,1,33,6,2000,2,12,BMW 3 SERIES,3,E01014156,0,-1
2021481092282,2021,481092282,1,9,0,1,1,7,3,0,0,0,0,0,0,0,2,1,2,2,2,30,6,1995,1,12,BMW 3 SERIES,-1,-1,0,-1
2021010290701,2021,010290701,1,9,0,4,4,7,3,0,0,4,0,0,0,0,2,1,6,6,1,35,6,1997,1,8,BMW 3 SERIES,10,E01002480,0,-1
2021201128363,2021,201128363,2,9,0,18,19,2,6,0,0,0,0,0,0,0,2,1,6,6,1,26,6,2993,2,14,BMW 3 SERIES,7,E01031213,0,-1
2021430543964,2021,430543964,3,9,0,2,2,0,0,0,0,0,0,0,0,0,3,1,1,1,1,32,6,2993,2,3,BMW 3 SERIES,10,E01017742,0,-1
2021131095642,2021,131095642,2,9,0,18,19,6,6,0,0,1,0,0,0,0,1,1,5,6,1,26,6,1998,1,5,BMW 3 SERIES,1,E01010676,0,-1
2021461091478,2021,461091478,2,9,0,2,2,5,1,0,0,0,0,0,0,0,3,1,6,6,1,26,6,1998,8,0,BMW 3 SERIES,8,E01024816,0,-1
2021401034160,2021,401034160,1,9,0,18,19,4,1,0,0,3,2,10,1,11,1,1,2,2,1,20,4,1995,2,15,BMW 3 SERIES,8,E01017598,0,-1
2021320400293,2021,320400293,1,9,0,9,9,3,1,0,0,8,0,0,0,0,1,1,6,6,1,23,5,1995,2,15,BMW 3 SERIES,2,E01026101,0,-1
2021221113843,2021,221113843,2,9,0,2,2,0,0,0,0,1,0,0,0,0,2,1,5,6,1,21,5,2993,2,13,BMW 3 SERIES,8,E01032316,0,-1
2021991079606,2021,991079606,1,9,0,18,19,1,5,0,0,0,1,0,0,0,1,1,5,6,1,22,5,2993,2,7,BMW 3 SERIES,8,-1,0,-1
2021201144367,2021,201144367,1,9,0,18,19,6,2,0,0,1,0,0,0,0,2,1,6,6,1,73,10,1995,2,16,BMW 3 SERIES,3,E01010509,0,-1
2021471049840,2021,471049840,1,9,0,12,12,2,8,0,0,1,0,0,0,0,1,1,6,6,1,25,5,1995,2,14,BMW 3 SERIES,3,E01016869,0,-1
202134NNC5041,2021,34NNC5041,1,9,0,18,19,1,5,0,0,4,0,0,0,0,1,1,6,6,1,79,11,1995,2,13,BMW 3 SERIES,8,E01032972,0,-1
2021010336143,2021,010336143,1,9,0,18,19,5,1,0,0,8,0,4,1,11,3,1,6,6,1,55,8,2494,1,21,BMW 3 SERIES,-1,-1,0,-1
2021421079524,2021,421079524,1,9,0,17,19,2,5,0,0,0,0,0,1,0,1,1,6,6,1,18,4,2494,1,32,BMW 3 SERIES,7,E01003643,0,-1
2021201028734,2021,201028734,3,9,0,3,3,6,2,0,0,0,0,0,0,0,2,1,6,6,1,23,5,1995,2,9,BMW 3 SERIES,9,E01032885,0,-1
2021461108163,2021,461108163,1,9,0,18,19,7,3,0,0,1,0,4,0,0,1,1,2,2,1,30,6,1995,1,15,BMW 3 SERIES,2,E01024634,0,-1
2021131117515,2021,131117515,2,9,0,18,19,8,4,0,0,8,0,0,0,0,3,1,6,6,1,43,7,2497,1,14,BMW 3 SERIES,2,E01011943,0,-1
2021010330275,2021,010330275,2,9,0,99,99,9,9,99,99,9,9,99,9,99,1,9,6,6,3,29,6,2996,1,15,BMW 3 SERIES,2,E01004240,0,-1
2021501027329,2021,501027329,2,9,0,18,19,5,1,0,0,1,0,0,0,0,0,1,1,1,1,-1,-1,2993,2,3,BMW 3 SERIES,4,E01015029,0,-1
2021131050533,2021,131050533,2,9,0,18,19,3,7,0,0,8,0,0,0,0,3,1,5,6,2,33,6,1995,2,6,BMW 3 SERIES,1,E01010960,0,-1
2021010336976,2021,010336976,2,9,0,99,99,9,9,99,99,9,9,99,9,99,1,9,6,6,3,-1,-1,1995,2,9,BMW 3 SERIES,6,E01000324,0,-1
2021010322720,2021,010322720,2,9,0,99,99,9,9,0,0,8,0,0,0,0,2,1,6,6,3,-1,-1,1995,2,15,BMW 3 SERIES,-1,-1,0,-1
2021141016115,2021,141016115,1,9,0,1,1,7,1,9,9,0,0,7,1,10,1,1,5,6,1,88,11,2494,1,31,BMW 3 SERIES,7,E01007992,0,-1
2021522103013,2021,522103013,2,9,0,18,19,1,5,0,0,8,0,0,0,0,1,1,6,6,1,22,5,1998,8,5,BMW 3 SERIES,1,E01014589,0,-1
2021991016451,2021,991016451,1,9,0,18,19,1,5,0,0,8,0,0,0,0,2,2,2,2,2,26,6,1995,12,0,BMW 3 SERIES,7,-1,0,-1
2021052100151,2021,052100151,2,9,0,18,19,8,4,0,0,1,0,0,0,0,1,1,6,6,1,26,6,1995,2,15,BMW 3 SERIES,3,E01025571,0,-1
2021991030640,2021,991030640,1,9,0,17,19,6,2,0,0,0,0,0,0,0,1,1,2,2,1,60,9,1995,2,13,BMW 3 SERIES,4,-1,0,-1
2021401128558,2021,401128558,3,9,0,2,2,4,8,0,0,0,0,0,0,0,2,1,6,6,2,27,6,1995,2,11,BMW 3 SERIES,8,E01017461,0,-1
2021302101828,2021,302101828,1,9,0,18,19,7,3,0,0,0,0,0,0,0,1,1,2,2,1,34,6,1995,2,6,BMW 3 SERIES,1,E01013820,0,-1
2021010335997,2021,010335997,2,9,0,99,99,9,9,99,99,9,9,99,9,99,2,9,6,6,3,-1,-1,1998,1,2,BMW 3 SERIES,-1,-1,0,-1
2021991098254,2021,991098254,1,9,0,11,11,3,7,0,0,0,0,0,0,0,4,1,6,6,1,30,6,2996,2,11,BMW 3 SERIES,-1,-1,0,-1
2021052101056,2021,052101056,4,9,0,18,19,5,1,0,0,0,0,0,0,0,1,1,1,1,1,40,7,2993,2,4,BMW 3 SERIES,3,E01006743,0,-1
2021010303584,2021,010303584,2,9,0,99,99,9,9,99,99,0,9,99,9,99,3,9,6,6,3,-1,-1,1998,8,2,BMW 3 SERIES,4,E01003914,0,-1
2021070725730,2021,070725730,2,9,0,4,4,1,1,0,0,0,1,0,0,0,1,1,3,7,1,60,9,1796,1,24,BMW 3 SERIES,6,E01012475,0,-1
2021201141616,2021,201141616,1,9,0,5,5,8,6,0,0,6,0,4,0,0,4,1,6,6,3,-1,-1,1995,2,8,BMW 3 SERIES,-1,-1,0,-1
2021421112978,2021,421112978,2,9,0,2,2,0,0,0,0,1,0,0,0,0,2,1,6,6,3,-1,-1,1997,1,9,BMW 3 SERIES,-1,-1,0,-1
2021122100836,2021,122100836,2,9,0,4,4,8,4,0,0,0,0,0,0,0,2,1,6,6,1,21,5,2993,2,14,BMW 3 SERIES,8,E01018323,0,-1
2021010340774,2021,010340774,2,9,0,17,19,8,5,0,0,3,0,0,0,0,1,1,6,6,1,66,10,1995,1,9,BMW 3 SERIES,4,E01003282,0,-1
2021122101283,2021,122101283,1,9,0,18,19,5,1,0,0,0,2,0,1,0,1,1,6,6,1,21,5,2000,2,12,BMW 3 SERIES,8,E01012030,0,-1
2021622100741,2021,622100741,2,9,0,18,19,3,7,0,0,1,0,0,0,0,1,1,6,6,1,43,7,1995,2,7,BMW 3 SERIES,9,W01001054,0,-1
2021461033487,2021,461033487,1,9,0,4,4,5,1,9,9,0,0,0,0,0,1,1,5,6,2,45,7,1995,2,14,BMW 3 SERIES,7,E01024252,0,-1
2021131109511,2021,131109511,3,9,0,9,9,7,4,0,0,8,0,0,0,0,0,1,5,6,1,55,8,1995,2,2,BMW 3 SERIES,9,E01011847,0,-1
2021531028564,2021,531028564,1,9,0,18,19,-1,-1,0,0,0,0,0,0,0,4,1,6,6,2,37,7,1995,2,9,BMW 3 SERIES,8,E01022191,0,-1
2021131038994,2021,131038994,3,9,0,18,19,7,3,0,0,0,0,0,0,0,0,1,1,1,1,42,7,2993,2,5,BMW 3 SERIES,7,E01010932,0,-1
2021501142513,2021,501142513,1,9,0,18,19,2,6,0,0,0,1,0,0,0,1,1,5,6,1,44,7,1995,2,12,BMW 3 SERIES,6,E01020160,0,-1
2021052100759,2021,052100759,1,9,0,18,19,3,7,0,0,0,0,0,0,0,1,1,1,1,1,43,7,2993,2,4,BMW 3 SERIES,-1,-1,0,-1
2021201133271,2021,201133271,2,9,0,3,3,5,1,0,0,0,0,0,0,0,4,1,6,6,1,-1,-1,1995,2,7,BMW 3 SERIES,1,E01010054,0,-1
2021401040397,2021,401040397,2,9,0,1,1,8,2,0,0,0,0,0,0,0,2,1,5,6,3,-1,-1,2000,2,11,BMW 3 SERIES,-1,-1,0,-1
2021201076134,2021,201076134,2,9,0,10,10,-1,-1,0,0,5,0,0,0,0,2,1,6,6,2,29,6,1995,2,7,BMW 3 SERIES,6,E01008934,0,-1
2021461140867,2021,461140867,1,9,0,18,19,3,7,9,9,0,0,4,0,0,1,1,6,6,1,32,6,1995,2,19,BMW 3 SERIES,8,E01032620,0,-1
2021201081445,2021,201081445,2,9,0,3,3,-1,-1,0,0,2,0,0,0,0,0,1,6,6,1,23,5,1995,2,8,BMW 3 SERIES,-1,-1,0,-1
2021411022351,2021,411022351,1,9,0,18,19,5,1,0,0,0,1,11,6,0,1,1,2,2,1,35,6,1995,2,6,BMW 3 SERIES,4,E01023757,0,-1
2021201022486,2021,201022486,2,9,0,18,19,8,4,0,0,0,0,0,0,0,0,1,1,1,1,-1,-1,2993,2,4,BMW 3 SERIES,-1,-1,0,-1
2021411060355,2021,411060355,1,9,0,14,14,2,6,0,0,0,5,10,7,2,1,1,5,6,2,68,10,1598,1,9,BMW 3 SERIES,10,E01023696,0,-1
2021302100328,2021,302100328,2,9,0,9,9,8,6,0,0,1,0,0,0,0,3,1,6,6,1,49,8,1995,2,13,BMW 3 SERIES,1,E01013481,0,-1
2021010350374,2021,010350374,1,9,0,99,99,9,9,99,99,9,9,99,9,99,2,9,6,6,1,31,6,2171,1,16,BMW 3 SERIES,1,E01004250,0,-1
2021201062183,2021,201062183,1,9,0,3,3,5,1,0,0,1,0,0,0,0,2,1,6,6,1,26,6,1995,2,6,BMW 3 SERIES,8,E01010162,0,-1
2021010316124,2021,010316124,1,9,0,18,19,5,1,0,0,1,0,0,0,0,1,1,2,2,1,66,10,2494,1,22,BMW 3 SERIES,3,E01002445,0,-1
2021010299100,2021,010299100,1,9,0,18,19,3,7,0,0,0,0,0,0,0,1,1,2,2,1,29,6,2497,1,14,BMW 3 SERIES,-1,-1,0,-1
2021231042593,2021,231042593,1,9,0,18,19,5,1,0,0,0,0,0,0,0,1,1,5,6,1,37,7,2494,1,33,BMW 3 SERIES,4,E01009894,0,-1
2021201141609,2021,201141609,1,9,0,16,19,5,2,0,0,1,1,10,3,10,1,1,1,1,1,-1,-1,2993,2,5,BMW 3 SERIES,5,E01009234,0,-1
2021061127393,2021,061127393,1,9,0,18,19,7,3,0,0,8,0,0,0,0,1,1,6,6,3,30,6,2993,2,8,BMW 3 SERIES,-1,-1,0,-1
2021351119870,2021,351119870,1,9,0,18,19,5,1,0,0,0,2,0,7,0,1,1,6,6,1,31,6,1596,1,32,BMW 3 SERIES,10,E01018040,0,-1
2021610010621,2021,610010621,1,9,0,18,19,7,3,0,0,3,0,0,0,0,3,1,6,6,2,35,6,2171,1,17,BMW 3 SERIES,3,W01001816,0,-1
2021991089138,2021,991089138,2,9,0,18,19,1,5,0,0,0,0,0,0,0,1,1,6,6,3,30,6,1995,2,7,BMW 3 SERIES,-1,-1,0,-1
2021101040451,2021,101040451,2,9,0,18,19,6,2,0,0,8,0,0,0,0,4,1,6,6,1,51,8,1995,2,3,BMW 3 SERIES,8,E01027418,0,-1
2021320173928,2021,320173928,2,9,0,3,3,3,7,0,0,2,0,0,0,0,2,1,6,6,1,28,6,1995,2,9,BMW 3 SERIES,4,E01026366,0,-1
2021010348887,2021,010348887,1,9,0,7,7,3,5,2,2,8,0,0,3,0,1,1,6,6,1,23,5,1995,2,5,BMW 3 SERIES,1,E01033603,0,-1