collision_index,collision_year,collision_ref_no,vehicle_reference,vehicle_type,towing_and_articulation,vehicle_manoeuvre_historic,vehicle_manoeuvre,vehicle_direction_from,vehicle_direction_to,vehicle_location_restricted_lane_historic,vehicle_location_restricted_lane,junction_location,skidding_and_overturning,hit_object_in_carriageway,vehicle_leaving_carriageway,hit_object_off_carriageway,first_point_of_impact,vehicle_left_hand_drive,journey_purpose_of_driver_historic,journey_purpose_of_driver,sex_of_driver,age_of_driver,age_band_of_driver,engine_capacity_cc,propulsion_code,age_of_vehicle,generic_make_model,driver_imd_decile,lsoa_of_driver,escooter_flag,driver_distance_banding
2021461037071,2021,461037071,1,9,0,7,7,1,5,0,0,1,0,0,0,0,1,1,6,6,1,36,7,1995,1,15,BMW 3 SERIES,4,E01032800,0,-1
2021010288409,2021,010288409,1,9,0,8,8,2,5,0,0,1,0,0,0,0,0,1,6,6,1,49,8,1995,2,5,BMW 3 SERIES,4,E01004737,0,-1
2021351014297,2021,351014297,2,9,0,18,19,5,1,0,0,1,0,0,0,0,1,1,6,6,2,21,5,2000,2,9,BMW 3 SERIES,5,E01018069,0,-1
2021131077101,2021,131077101,1,9,0,18,19,1,5,0,0,1,0,0,0,0,1,1,6,6,3,-1,-1,2993,2,10,BMW 3 SERIES,9,E01011180,0,-1
2021991090779,2021,991090779,3,9,0,18,19,8,3,0,0,0,0,0,0,0,3,1,6,6,1,42,7,2993,2,7,BMW 3 SERIES,8,-1,0,-1
2021010324677,2021,010324677,2,9,0,99,99,9,9,99,99,9,9,99,9,99,9,9,6,6,3,-1,-1,2996,1,14,BMW 3 SERIES,-1,-1,0,-1
2021522102117,2021,522102117,1,9,0,-1,-1,-1,-1,0,0,8,0,0,7,10,2,1,6,6,1,27,6,1995,2,18,BMW 3 SERIES,6,E01014459,0,-1
2021302101320,2021,302101320,2,9,0,18,19,4,8,0,0,1,0,0,1,10,1,1,6,6,1,19,4,1995,2,11,BMW 3 SERIES,1,E01013584,0,-1
2021520104516,2021,520104516,2,9,0,18,19,6,2,0,0,8,0,0,0,0,1,1,6,6,1,43,7,1995,2,16,BMW 3 SERIES,6,E01029289,0,-1
2021451093604,2021,451093604,2,9,0,18,19,1,5,0,0,8,0,0,0,0,1,1,5,6,2,48,8,1995,2,15,BMW 3 SERIES,10,E01030523,0,-1
2021201097206,2021,201097206,2,9,0,18,19,6,2,0,0,0,0,0,0,0,4,1,6,6,1,24,5,1998,1,2,BMW 3 SERIES,1,E01005135,0,-1
2021440450870,2021,440450870,1,9,0,17,19,2,8,0,0,2,1,0,0,0,4,1,6,6,1,35,6,2993,2,10,BMW 3 SERIES,5,E01017151,0,-1
2021461128420,2021,461128420,1,9,0,5,5,3,1,0,0,2,0,0,0,0,1,1,6,6,1,33,6,1995,2,15,BMW 3 SERIES,2,E01024080,0,-1
2021061086180,2021,061086180,2,9,0,18,19,7,3,0,0,2,0,0,0,0,3,1,2,2,1,24,5,1995,2,5,BMW 3 SERIES,1,E01005201,0,-1
2021201142576,2021,201142576,3,9,0,18,19,7,3,0,0,1,0,0,0,0,0,1,1,1,1,-1,-1,2993,2,4,BMW 3 SERIES,-1,-1,0,-1
2021471069528,2021,471069528,1,9,0,17,19,6,2,9,9,0,0,0,1,5,1,1,2,2,1,33,6,1995,2,2,BMW 3 SERIES,5,E01020969,0,-1
2021010342863,2021,010342863,2,9,0,99,99,9,9,99,99,9,9,99,9,99,1,9,6,6,2,51,8,1995,2,16,BMW 3 SERIES,10,E01002188,0,-1
2021010332117,2021,010332117,1,9,0,5,5,1,5,0,0,8,0,0,0,0,4,1,2,2,2,40,7,1995,2,5,BMW 3 SERIES,4,E01001421,0,-1
2021501048755,2021,501048755,1,9,0,3,3,4,8,0,0,3,0,0,0,0,2,1,5,6,1,28,6,2993,2,11,BMW 3 SERIES,3,E01015238,0,-1
2021544826421,2021,544826421,2,9,0,2,2,0,0,9,9,0,0,0,0,0,1,1,6,6,3,30,6,2979,1,20,BMW 3 SERIES,-1,-1,0,-1
2021010337617,2021,010337617,3,9,0,2,2,0,0,0,0,2,0,0,0,0,4,1,6,6,3,-1,-1,1998,8,1,BMW 3 SERIES,-1,-1,0,-1
2021421087893,2021,421087893,2,9,0,3,3,8,4,0,0,0,0,0,0,0,2,1,6,6,1,39,7,1995,2,12,BMW 3 SERIES,9,E01021615,0,-1
2021010303942,2021,010303942,1,9,0,18,19,7,3,0,0,2,1,0,0,0,1,1,6,6,1,43,7,1995,2,16,BMW 3 SERIES,2,E01001977,0,-1
2021991062595,2021,991062595,1,9,0,18,19,7,3,0,0,0,0,4,0,0,3,1,6,6,2,44,7,1995,2,7,BMW 3 SERIES,5,-1,0,-1
202131C040621,2021,31C040621,2,9,0,18,19,2,6,0,0,0,0,0,0,0,4,1,6,6,1,23,5,1995,2,13,BMW 3 SERIES,1,E01013850,0,-1
2021010343512,2021,010343512,2,9,0,99,99,9,9,99,99,9,9,99,9,99,2,9,6,6,3,-1,-1,1995,2,3,BMW 3 SERIES,2,E01009043,0,-1
2021010335259,2021,010335259,1,9,0,18,19,6,2,0,0,1,0,0,0,0,1,1,6,6,1,20,4,1995,1,14,BMW 3 SERIES,-1,-1,0,-1
2021211037923,2021,211037923,1,9,0,9,9,4,2,0,0,5,0,0,0,0,1,1,2,2,1,32,6,2979,1,18,BMW 3 SERIES,5,E01032897,0,-1
2021131047568,2021,131047568,1,9,0,16,19,7,3,0,0,8,1,0,0,0,3,1,6,6,1,19,4,1995,1,15,BMW 3 SERIES,3,E01012872,0,-1
2021547843621,2021,547843621,2,9,0,4,4,2,6,0,0,1,0,0,0,0,2,1,6,6,1,29,6,1995,2,8,BMW 3 SERIES,4,E01015475,0,-1
2021041074064,2021,041074064,2,9,0,18,19,5,1,0,0,1,0,0,0,0,4,1,1,1,1,72,10,1995,2,2,BMW 3 SERIES,8,E01025178,0,-1
2021430440987,2021,430440987,1,9,0,18,19,5,1,0,0,1,0,0,0,0,1,1,2,2,1,35,6,1995,2,14,BMW 3 SERIES,1,E01016842,0,-1
2021991108005,2021,991108005,1,9,0,9,9,8,7,0,0,8,0,0,0,0,1,1,6,6,1,30,6,1995,2,12,BMW 3 SERIES,3,-1,0,-1
2021061107230,2021,061107230,1,9,0,5,5,3,7,0,0,5,0,0,0,0,1,1,5,6,1,30,6,1995,2,10,BMW 3 SERIES,5,-1,0,-1
2021201085728,2021,201085728,1,9,0,18,19,7,3,0,0,6,0,0,0,0,1,1,6,6,1,22,5,1995,2,5,BMW 3 SERIES,1,E01009478,0,-1
2021221041382,2021,221041382,2,9,0,2,2,0,0,0,0,0,0,4,0,0,2,1,5,6,1,32,6,1995,2,13,BMW 3 SERIES,3,E01014684,0,-1
2021451120019,2021,451120019,2,9,0,2,2,0,0,0,0,0,0,0,0,0,2,1,5,6,2,57,9,1995,1,10,BMW 3 SERIES,10,E01030316,0,-1
2021010291350,2021,010291350,1,9,0,18,19,7,3,0,0,0,0,0,0,0,1,1,6,6,1,36,7,1995,1,15,BMW 3 SERIES,2,E01001515,0,-1
2021451079998,2021,451079998,1,9,0,7,7,5,8,0,0,2,0,10,7,4,1,1,6,6,1,87,11,1995,1,14,BMW 3 SERIES,7,E01030859,0,-1
202131C045121,2021,31C045121,1,8,0,2,2,0,0,2,2,1,0,0,0,0,3,1,1,1,1,31,6,1995,2,11,BMW 3 SERIES,10,E01023248,0,-1
2021070679804,2021,070679804,1,9,0,4,4,3,7,0,0,1,0,0,0,0,2,1,3,7,1,55,8,1995,2,9,BMW 3 SERIES,3,E01018730,0,-1
2021041028550,2021,041028550,1,9,0,18,19,4,8,0,0,1,0,0,0,0,1,1,2,2,2,24,5,1995,2,13,BMW 3 SERIES,2,E01012705,0,-1
2021471091147,2021,471091147,2,9,0,4,4,5,1,0,0,0,0,0,0,0,2,1,6,6,1,58,9,2993,2,13,BMW 3 SERIES,4,E01020927,0,-1
2021451028988,2021,451028988,1,9,0,18,19,2,6,0,0,8,0,0,0,0,1,1,1,1,1,45,7,2993,2,2,BMW 3 SERIES,9,E01030916,0,-1
2021320248901,2021,320248901,2,9,0,18,19,6,2,0,0,0,1,0,7,4,1,1,6,6,1,29,6,1998,8,2,BMW 3 SERIES,10,E01028407,0,-1
2021041054153,2021,041054153,1,9,0,4,4,1,5,0,0,3,0,0,0,0,2,1,5,6,2,31,6,1995,2,11,BMW 3 SERIES,10,E01025015,0,-1
2021401122266,2021,401122266,1,9,0,18,19,7,3,0,0,0,0,0,0,0,1,1,6,6,1,-1,-1,1995,2,5,BMW 3 SERIES,4,E01015782,0,-1
2021991062533,2021,991062533,1,9,0,18,19,3,7,0,0,0,0,0,0,0,1,1,6,6,1,44,7,2993,2,11,BMW 3 SERIES,-1,-1,0,-1
2021061067974,2021,061067974,4,9,0,6,6,3,2,0,0,0,0,0,0,0,0,1,1,1,1,33,6,2993,2,4,BMW 3 SERIES,-1,-1,0,-1
2021010313435,2021,010313435,3,9,0,2,2,0,0,0,0,0,0,0,0,0,3,2,6,6,3,-1,-1,1995,12,0,BMW 3 SERIES,-1,-1,0,-1
2021411056255,2021,411056255,1,9,0,18,19,2,7,0,0,0,0,0,0,0,3,1,5,6,1,39,7,1995,1,18,BMW 3 SERIES,5,E01023293,0,-1
2021052101786,2021,052101786,2,9,0,3,3,1,5,0,0,1,0,0,0,0,2,1,6,6,1,44,7,1995,1,11,BMW 3 SERIES,3,E01006652,0,-1
2021552101186,2021,552101186,1,9,0,6,6,3,3,0,0,8,0,0,0,0,3,1,2,2,2,27,6,1995,2,9,BMW 3 SERIES,9,E01015453,0,-1
2021061043371,2021,061043371,2,9,0,18,19,1,5,0,0,0,0,0,0,0,1,1,1,1,1,24,5,1995,2,12,BMW 3 SERIES,1,E01005194,0,-1
2021361052265,2021,361052265,1,9,0,18,19,7,3,0,0,0,5,0,7,0,3,1,5,6,1,33,6,1995,1,16,BMW 3 SERIES,3,E01026843,0,-1
2021138421874,2021,138421874,2,9,0,18,19,3,7,0,0,8,1,0,0,0,1,1,6,6,2,28,6,2993,2,10,BMW 3 SERIES,7,E01010862,0,-1
2021201099078,2021,201099078,1,9,0,18,19,-1,-1,0,0,1,0,0,0,0,1,1,6,6,3,-1,-1,1995,1,14,BMW 3 SERIES,-1,-1,0,-1
2021411092924,2021,411092924,1,9,0,18,19,8,4,0,0,0,0,0,0,0,1,1,6,6,1,51,8,1995,2,9,BMW 3 SERIES,10,E01023841,0,-1
2021451066780,2021,451066780,2,9,0,10,10,1,7,0,0,1,0,0,0,0,1,1,6,6,2,44,7,1995,2,11,BMW 3 SERIES,10,E01030504,0,-1
2021010342906,2021,010342906,1,9,9,3,3,1,5,0,0,0,0,0,0,0,2,9,6,6,1,66,10,1995,2,10,BMW 3 SERIES,10,E01002389,0,-1
2021161115251,2021,161115251,2,9,0,18,19,3,7,0,0,8,0,0,0,0,1,1,2,2,1,32,6,2494,1,18,BMW 3 SERIES,8,E01012791,0,-1
2021201030443,2021,201030443,1,9,0,2,2,0,0,0,0,0,0,0,0,0,3,1,6,6,1,40,7,1998,8,4,BMW 3 SERIES,8,E01009794,0,-1
2021061052000,2021,061052000,2,9,0,5,5,5,1,0,0,1,0,0,0,0,2,1,6,6,1,30,6,1995,2,11,BMW 3 SERIES,1,E01005194,0,-1
2021471109574,2021,471109574,1,9,0,11,11,4,8,0,0,0,0,0,0,0,3,1,6,6,1,47,8,1995,2,10,BMW 3 SERIES,2,E01022906,0,-1
2021430042849,2021,430042849,1,9,0,18,19,2,6,0,0,0,0,0,1,7,1,1,6,6,1,34,6,1995,2,7,BMW 3 SERIES,5,E01017923,0,-1
2021520105332,2021,520105332,1,9,0,18,19,1,5,0,0,0,0,4,0,0,4,1,1,1,1,34,6,1995,2,14,BMW 3 SERIES,3,E01029093,0,-1
2021411110030,2021,411110030,2,9,0,9,9,6,2,0,0,6,0,0,0,0,1,1,2,2,1,27,6,2993,2,14,BMW 3 SERIES,7,E01023649,0,-1
2021461068766,2021,461068766,1,9,0,16,19,8,4,0,0,3,0,11,7,0,4,1,6,6,1,50,8,2996,2,11,BMW 3 SERIES,6,E01021125,0,-1
2021471079452,2021,471079452,1,9,0,18,19,8,4,0,0,0,0,0,0,0,3,1,5,6,1,30,6,1998,8,4,BMW 3 SERIES,1,E01016942,0,-1
2021522105598,2021,522105598,1,9,0,5,5,5,1,0,0,1,0,0,0,0,1,1,6,6,3,-1,-1,1995,12,0,BMW 3 SERIES,-1,-1,0,-1
2021501104026,2021,501104026,1,9,0,12,12,2,8,0,0,8,0,0,0,0,0,1,6,6,1,28,6,1995,2,9,BMW 3 SERIES,1,E01015045,0,-1
2021010299540,2021,010299540,2,9,0,18,19,3,7,0,0,1,0,0,0,0,1,1,6,6,3,31,6,1995,2,5,BMW 3 SERIES,-1,-1,0,-1
2021010303188,2021,010303188,1,9,0,18,19,3,7,0,0,1,0,0,0,0,2,1,6,6,1,38,7,1995,1,14,BMW 3 SERIES,8,E01017583,0,-1
2021461129890,2021,461129890,2,9,0,18,19,5,1,0,0,1,0,0,0,0,1,1,5,6,1,34,6,1995,2,1,BMW 3 SERIES,7,E01024405,0,-1
2021010347376,2021,010347376,2,9,0,18,19,3,7,0,0,1,0,0,0,0,1,1,6,6,1,34,6,1995,1,16,BMW 3 SERIES,4,E01033590,0,-1
2021070099531,2021,070099531,2,9,0,7,7,3,1,0,0,1,0,4,0,0,1,1,6,6,3,42,7,2993,2,10,BMW 3 SERIES,5,E01028142,0,-1
2021361020522,2021,361020522,1,9,0,18,19,7,3,0,0,0,2,0,1,9,1,1,2,2,1,50,8,2926,2,21,BMW 3 SERIES,3,E01026453,0,-1
2021010310356,2021,010310356,1,9,0,18,19,1,5,0,0,0,0,0,0,0,1,1,6,6,1,29,6,1995,2,7,BMW 3 SERIES,2,E01004239,0,-1
2021501045146,2021,501045146,1,9,0,18,19,6,2,0,0,1,0,0,0,0,3,1,5,6,2,49,8,1895,1,21,BMW 3 SERIES,3,E01015204,0,-1
2021201131534,2021,201131534,2,9,0,18,19,6,2,0,0,1,0,0,0,0,1,1,6,6,1,27,6,2171,1,19,BMW 3 SERIES,1,E01010371,0,-1
2021010310845,2021,010310845,3,9,0,18,19,1,5,0,0,8,0,0,0,0,3,1,6,6,1,38,7,1995,2,4,BMW 3 SERIES,6,E01013495,0,-1
2021061036850,2021,061036850,2,9,0,2,2,0,0,0,0,8,0,0,0,0,2,1,6,6,3,-1,-1,1995,2,7,BMW 3 SERIES,-1,-1,0,-1
2021141041796,2021,141041796,1,9,0,18,19,3,7,0,0,0,0,0,2,7,1,1,6,6,1,29,6,2993,2,8,BMW 3 SERIES,5,E01007853,0,-1
2021302100985,2021,302100985,1,9,0,4,4,6,2,0,0,0,0,0,0,0,2,1,1,1,1,33,6,2993,2,3,BMW 3 SERIES,5,E01019456,0,-1
2021411125324,2021,411125324,1,9,0,9,9,8,6,0,0,5,0,0,0,0,1,1,6,6,1,-1,-1,1995,2,14,BMW 3 SERIES,8,E01023879,0,-1
2021522200722,2021,522200722,1,9,0,1,1,5,1,0,0,0,0,0,0,0,2,1,6,6,1,19,4,1995,2,9,BMW 3 SERIES,2,E01014828,0,-1
2021201082824,2021,201082824,2,9,0,5,5,2,6,0,0,6,0,0,0,0,1,1,6,6,1,-1,-1,1998,8,0,BMW 3 SERIES,-1,-1,0,-1
2021552100830,2021,552100830,2,9,0,4,4,5,1,0,0,1,0,0,0,0,4,1,6,6,1,32,6,1995,1,17,BMW 3 SERIES,9,E01015325,0,-1
2021351131551,2021,351131551,1,9,0,14,14,2,6,0,0,0,0,0,0,0,1,1,6,6,2,43,7,1995,1,13,BMW 3 SERIES,3,E01015668,0,-1
2021010343790,2021,010343790,1,9,0,18,19,2,6,0,0,8,0,0,0,0,1,1,6,6,3,-1,-1,1995,1,13,BMW 3 SERIES,-1,-1,0,-1
2021421042706,2021,421042706,1,9,0,18,19,4,8,0,0,1,0,0,0,0,1,1,5,6,1,27,6,2993,2,1,BMW 3 SERIES,3,E01021764,0,-1
2021440222391,2021,440222391,2,9,0,18,19,2,6,0,0,0,0,0,0,0,4,1,6,6,2,23,5,1995,2,6,BMW 3 SERIES,10,E01032856,0,-1
2021461037505,2021,461037505,2,9,0,4,4,3,7,0,0,8,0,0,0,0,2,1,6,6,2,26,6,1995,1,14,BMW 3 SERIES,2,E01024677,0,-1
2021041024500,2021,041024500,1,9,0,18,19,5,1,0,0,1,0,0,7,4,1,1,5,6,1,23,5,1995,2,8,BMW 3 SERIES,5,E01025479,0,-1
2021010288687,2021,010288687,2,9,0,99,99,9,9,99,99,9,9,99,9,99,9,9,6,6,1,24,5,1995,2,7,BMW 3 SERIES,3,E01004678,0,-1
2021320645670,2021,320645670,3,9,0,4,4,6,2,0,0,0,0,0,4,6,2,1,6,6,1,48,8,2993,2,5,BMW 3 SERIES,4,E01026169,0,-1
2021041086435,2021,041086435,1,9,0,1,1,5,1,0,0,8,0,0,0,0,2,1,6,6,1,24,5,1995,1,18,BMW 3 SERIES,-1,-1,0,-1
2021131061865,2021,131061865,1,9,0,18,19,2,6,0,0,0,0,0,0,0,3,1,2,2,2,46,8,1995,2,8,BMW 3 SERIES,8,E01010997,0,-1
2021101032689,2021,101032689,2,9,0,18,19,1,5,0,0,8,0,0,0,0,1,1,5,6,1,59,9,1995,2,5,BMW 3 SERIES,-1,-1,0,-1
2021031054010,2021,031054010,1,9,0,9,9,7,5,0,0,0,0,0,0,0,1,1,2,2,1,18,4,1995,2,6,BMW 3 SERIES,7,-1,0,-1
2021522201391,2021,522201391,1,9,0,1,1,4,1,0,0,6,0,0,0,0,2,1,6,6,2,23,5,1995,2,2,BMW 3 SERIES,9,E01014713,0,-1
2021371081184,2021,371081184,1,9,0,18,19,5,1,0,0,2,0,0,7,0,1,1,6,6,1,25,5,2996,1,14,BMW 3 SERIES,2,E01030227,0,-1
2021010340106,2021,010340106,1,9,0,9,9,2,1,0,0,1,0,0,0,0,1,1,6,6,1,56,9,1998,8,5,BMW 3 SERIES,9,E01002468,0,-1
2021430353355,2021,430353355,2,9,0,18,19,2,6,0,0,2,0,0,0,0,1,1,6,6,1,-1,-1,1796,1,17,BMW 3 SERIES,-1,-1,0,-1
2021010307386,2021,010307386,2,9,0,99,99,9,9,99,99,9,9,99,9,99,9,9,6,6,1,54,8,1995,2,9,BMW 3 SERIES,5,E01000594,0,-1
2021430416378,2021,430416378,1,9,0,18,19,4,8,0,0,4,0,0,0,0,1,1,1,1,1,33,6,1995,2,2,BMW 3 SERIES,-1,-1,0,-1
2021371066227,2021,371066227,1,9,0,18,19,3,7,0,0,1,0,0,0,0,3,1,5,6,1,23,5,1995,2,14,BMW 3 SERIES,2,E01030024,0,-1
2021010306595,2021,010306595,2,9,0,99,99,9,9,99,99,9,9,99,9,99,1,9,6,6,3,-1,-1,1995,2,5,BMW 3 SERIES,-1,-1,0,-1
2021231102068,2021,231102068,1,9,0,18,19,8,4,0,0,8,0,0,0,0,3,1,5,6,1,45,7,2993,2,7,BMW 3 SERIES,3,E01031081,0,-1
2021471056592,2021,471056592,1,9,0,18,19,1,5,0,0,0,0,0,0,0,1,1,1,1,1,25,5,1895,1,20,BMW 3 SERIES,5,E01001524,0,-1
2021131124255,2021,131124255,1,9,0,18,19,1,5,0,0,0,0,0,0,0,1,1,5,6,1,22,5,1995,2,7,BMW 3 SERIES,7,E01010999,0,-1
2021430405400,2021,430405400,2,9,0,18,19,3,7,0,0,1,0,0,0,0,1,1,6,6,3,-1,-1,1995,2,8,BMW 3 SERIES,-1,-1,0,-1
2021371017417,2021,371017417,3,9,0,10,10,1,7,0,0,1,0,0,0,0,0,1,5,6,2,24,5,1995,2,5,BMW 3 SERIES,7,E01030119,0,-1
2021201065275,2021,201065275,2,9,0,3,3,4,1,0,0,1,0,0,0,0,2,1,6,6,1,45,7,1995,2,16,BMW 3 SERIES,2,E01009650,0,-1
2021010289383,2021,010289383,1,9,0,99,99,9,9,0,0,9,0,0,0,0,3,9,6,6,1,31,6,1995,2,9,BMW 3 SERIES,10,E01031720,0,-1
2021531080934,2021,531080934,1,9,0,15,15,2,6,0,0,0,0,0,0,0,4,1,6,6,1,20,4,2498,2,25,BMW 3 SERIES,6,E01022442,0,-1
2021141038685,2021,141038685,2,9,0,18,19,5,1,0,0,0,0,0,0,0,1,1,5,6,2,66,10,1995,2,2,BMW 3 SERIES,8,E01007485,0,-1
2021421030781,2021,421030781,1,9,0,7,7,1,4,9,9,0,0,0,0,0,1,1,5,6,1,32,6,2200,1,20,BMW 3 SERIES,4,E01021651,0,-1
2021101109320,2021,101109320,2,9,0,18,19,1,5,0,0,4,0,0,0,0,2,1,6,6,1,31,6,1995,2,5,BMW 3 SERIES,6,E01008770,0,-1
2021440145648,2021,440145648,1,9,0,18,19,7,3,0,0,0,0,0,1,11,1,1,6,6,2,33,6,1995,2,5,BMW 3 SERIES,8,E01022627,0,-1
2021371065225,2021,371065225,1,9,0,18,19,4,8,0,0,0,0,0,0,0,1,1,2,2,1,35,6,1995,2,8,BMW 3 SERIES,7,E01029870,0,-1
2021010332570,2021,010332570,2,9,0,99,99,9,9,99,99,1,9,99,9,99,1,9,6,6,3,-1,-1,2998,1,3,BMW 3 SERIES,2,E01003063,0,-1
2021501067066,2021,501067066,1,9,0,9,9,1,3,0,0,8,0,0,0,0,2,1,2,2,1,22,5,1995,1,17,BMW 3 SERIES,8,E01003470,0,-1
2021371146010,2021,371146010,1,9,0,18,19,4,8,0,0,0,0,0,0,0,1,1,6,6,1,32,6,1995,2,17,BMW 3 SERIES,1,E01026467,0,-1
2021010292233,2021,010292233,2,9,0,3,3,7,3,0,0,1,0,0,0,0,2,1,1,1,1,25,5,1995,2,5,BMW 3 SERIES,2,E01004455,0,-1
2021991063513,2021,991063513,1,9,0,18,19,3,7,0,0,0,0,0,1,0,1,1,2,2,1,26,6,1995,2,14,BMW 3 SERIES,-1,-1,0,-1
2021131086023,2021,131086023,1,9,0,16,19,7,3,0,0,0,1,0,0,0,1,1,2,2,1,26,6,1998,1,2,BMW 3 SERIES,8,E01011091,0,-1
2021430099892,2021,430099892,2,9,0,8,8,4,8,0,0,1,0,0,0,0,2,1,6,6,2,54,8,1998,1,2,BMW 3 SERIES,10,E01016693,0,-1
2021010313612,2021,010313612,1,9,0,7,7,6,8,0,0,5,0,0,0,0,2,1,6,6,1,53,8,2494,1,22,BMW 3 SERIES,2,E01003922,0,-1
2021211078401,2021,211078401,1,9,0,4,4,1,5,0,0,0,0,0,0,0,1,1,2,2,1,37,7,2494,1,19,BMW 3 SERIES,8,E01032452,0,-1
202131C071421,2021,31C071421,1,9,0,16,19,4,6,0,0,8,0,4,1,1,1,1,2,2,1,56,9,1995,1,16,BMW 3 SERIES,1,E01013958,0,-1
2021010325682,2021,010325682,2,9,0,7,7,1,3,0,0,5,0,0,0,0,4,1,6,6,1,47,8,1598,1,8,BMW 3 SERIES,6,E01002609,0,-1
2021546151521,2021,546151521,2,9,0,18,19,6,2,0,0,0,1,0,1,4,3,1,6,6,1,32,6,1995,2,3,BMW 3 SERIES,8,E01031940,0,-1
2021991071295,2021,991071295,1,9,0,9,9,5,2,0,0,2,0,0,0,0,3,1,1,1,1,49,8,1995,2,2,BMW 3 SERIES,8,-1,0,-1
2021201054495,2021,201054495,1,9,0,2,2,1,5,0,0,0,0,0,0,0,4,1,6,6,1,-1,-1,1995,2,14,BMW 3 SERIES,-1,-1,0,-1
2021302100943,2021,302100943,1,9,0,18,19,2,6,0,0,8,0,0,0,0,1,1,1,1,1,25,5,1995,2,16,BMW 3 SERIES,4,E01019554,0,-1
2021041031232,2021,041031232,1,9,0,18,19,7,3,0,0,1,0,0,3,10,1,1,5,6,1,51,8,1995,2,16,BMW 3 SERIES,1,E01025224,0,-1
2021010336916,2021,010336916,1,9,0,17,19,1,5,0,0,1,0,7,2,7,1,1,2,2,1,34,6,1995,1,14,BMW 3 SERIES,3,E01002558,0,-1
2021010328507,2021,010328507,2,9,0,2,2,0,0,0,0,0,0,0,0,0,3,1,6,6,3,-1,-1,2494,1,16,BMW 3 SERIES,-1,-1,0,-1
2021231126028,2021,231126028,1,9,0,18,19,1,5,0,0,8,0,0,0,0,1,1,5,6,1,33,6,2000,2,11,BMW 3 SERIES,10,E01031267,0,-1
2021010335211,2021,010335211,2,9,0,4,4,3,7,0,0,3,0,0,0,0,2,1,6,6,1,27,6,1995,2,4,BMW 3 SERIES,4,E01030645,0,-1
202154B445121,2021,54B445121,1,9,0,16,19,1,3,0,0,0,1,0,0,0,1,1,6,6,1,36,7,1995,2,16,BMW 3 SERIES,-1,-1,0,-1
2021991016370,2021,991016370,2,9,0,18,19,7,3,0,0,8,0,0,0,0,4,1,6,6,1,20,4,1998,1,1,BMW 3 SERIES,1,-1,0,-1
2021010299455,2021,010299455,2,9,0,99,99,9,9,0,0,2,0,99,9,99,1,9,6,6,1,69,10,2793,1,21,BMW 3 SERIES,-1,-1,0,-1
2021201150906,2021,201150906,2,9,0,18,19,2,5,0,0,4,0,0,0,0,3,1,6,6,1,59,9,1995,2,9,BMW 3 SERIES,1,E01010103,0,-1
2021052100463,2021,052100463,3,9,0,18,19,4,8,0,0,1,0,0,0,0,0,1,1,1,1,33,6,2993,2,2,BMW 3 SERIES,-1,-1,0,-1
2021440362471,2021,440362471,1,9,0,13,13,1,5,0,0,0,0,0,0,0,2,1,6,6,1,32,6,2171,1,20,BMW 3 SERIES,5,E01017307,0,-1
2021501015985,2021,501015985,1,9,0,13,13,5,1,0,0,1,0,0,0,0,0,1,6,6,1,36,7,1995,2,8,BMW 3 SERIES,4,E01020183,0,-1
2021041115642,2021,041115642,2,9,0,18,19,5,1,0,0,0,0,0,0,0,3,1,2,2,2,30,6,1998,1,1,BMW 3 SERIES,2,E01012573,0,-1
2021501105008,2021,501105008,2,9,0,3,3,5,1,0,0,0,0,0,0,0,2,1,1,1,1,64,9,1998,1,0,BMW 3 SERIES,10,E01018468,0,-1
2021320559022,2021,320559022,1,8,0,18,19,5,1,0,0,0,0,0,0,0,1,1,1,1,1,46,8,2000,2,11,BMW 3 SERIES,6,E01013167,0,-1
2021440255164,2021,440255164,2,9,0,18,19,2,6,0,0,0,0,0,0,0,3,1,6,6,2,35,6,1995,2,9,BMW 3 SERIES,6,E01022677,0,-1
2021010330961,2021,010330961,1,9,0,3,3,1,5,0,0,0,0,4,0,0,1,1,3,7,2,30,6,1995,2,14,BMW 3 SERIES,3,E01004633,0,-1
2021320204632,2021,320204632,3,9,0,10,10,2,8,0,0,8,0,0,0,0,3,1,6,6,2,45,7,1995,2,4,BMW 3 SERIES,-1,-1,0,-1
2021170M11481,2021,170M11481,1,9,0,3,3,3,7,0,0,0,0,0,0,0,2,1,3,7,2,52,8,2993,2,10,BMW 3 SERIES,9,E01012180,0,-1
202134NNC7261,2021,34NNC7261,2,9,0,18,19,5,1,0,0,0,0,0,1,9,1,1,6,6,1,34,6,1596,1,23,BMW 3 SERIES,3,E01027081,0,-1
2021010312555,2021,010312555,2,9,0,9,9,6,3,0,0,5,0,0,0,0,1,1,6,6,1,55,8,1895,1,20,BMW 3 SERIES,-1,-1,0,-1
2021201085728,2021,201085728,2,9,0,9,9,1,7,0,0,5,0,0,7,0,4,1,6,6,1,26,6,1995,2,8,BMW 3 SERIES,5,E01010213,0,-1
2021201110338,2021,201110338,2,9,0,18,19,3,7,0,0,8,0,0,1,0,4,1,6,6,1,28,6,1995,2,15,BMW 3 SERIES,2,E01009568,0,-1
2021201117026,2021,201117026,1,9,0,9,9,6,4,0,0,6,0,0,0,0,1,1,6,6,3,30,6,1995,2,9,BMW 3 SERIES,-1,-1,0,-1
2021471031879,2021,471031879,2,9,0,7,7,2,7,0,0,2,0,0,0,0,0,1,1,1,1,53,8,2993,2,12,BMW 3 SERIES,-1,-1,0,-1