collision_index,collision_year,collision_ref_no,vehicle_reference,vehicle_type,towing_and_articulation,vehicle_manoeuvre_historic,vehicle_manoeuvre,vehicle_direction_from,vehicle_direction_to,vehicle_location_restricted_lane_historic,vehicle_location_restricted_lane,junction_location,skidding_and_overturning,hit_object_in_carriageway,vehicle_leaving_carriageway,hit_object_off_carriageway,first_point_of_impact,vehicle_left_hand_drive,journey_purpose_of_driver_historic,journey_purpose_of_driver,sex_of_driver,age_of_driver,age_band_of_driver,engine_capacity_cc,propulsion_code,age_of_vehicle,generic_make_model,driver_imd_decile,lsoa_of_driver,escooter_flag,driver_distance_banding
2021201071156,2021,201071156,4,9,0,4,4,8,4,0,0,0,0,0,0,0,0,1,6,6,1,-1,-1,2993,2,5,BMW 3 SERIES,-1,-1,0,-1
2021211083555,2021,211083555,3,9,0,5,5,6,2,0,0,4,0,0,0,0,0,1,1,1,1,-1,-1,2993,2,4,BMW 3 SERIES,5,E01009234,0,-1
2021201023583,2021,201023583,1,9,0,16,19,6,1,0,0,0,1,0,0,0,3,1,2,2,1,25,5,2993,2,7,BMW 3 SERIES,1,E01009110,0,-1
2021421116880,2021,421116880,1,9,0,1,1,2,6,0,0,0,0,0,0,0,2,1,6,6,2,34,6,1995,2,7,BMW 3 SERIES,9,E01021825,0,-1
2021010336322,2021,010336322,3,9,0,2,2,0,0,0,0,0,0,0,0,0,2,1,6,6,3,-1,-1,1995,1,15,BMW 3 SERIES,-1,-1,0,-1
2021201077872,2021,201077872,2,9,0,9,9,4,2,0,0,4,0,0,0,0,3,1,6,6,1,63,9,2993,2,13,BMW 3 SERIES,4,E01009268,0,-1
2021052102204,2021,052102204,2,9,0,18,19,6,2,0,0,0,0,0,0,0,1,1,1,1,1,31,6,2993,2,4,BMW 3 SERIES,-1,-1,0,-1
202154A149821,2021,54A149821,1,9,0,18,19,1,5,0,0,0,0,0,0,0,1,1,6,6,1,62,9,2998,1,3,BMW 3 SERIES,8,E01015298,0,-1
2021010300518,2021,010300518,1,9,0,3,3,6,2,0,0,1,0,0,0,0,2,1,6,6,1,40,7,1598,1,8,BMW 3 SERIES,5,E01003413,0,-1
2021122101102,2021,122101102,1,9,0,4,4,1,3,0,0,1,1,0,0,0,1,1,6,6,1,27,6,1995,2,5,BMW 3 SERIES,8,E01027877,0,-1
2021052101582,2021,052101582,2,9,0,18,19,3,7,0,0,8,0,0,0,0,4,1,6,6,1,23,5,1995,2,7,BMW 3 SERIES,6,E01007076,0,-1
2021010322384,2021,010322384,2,9,0,99,99,9,9,99,99,6,9,99,9,99,1,9,6,6,3,-1,-1,1995,2,14,BMW 3 SERIES,-1,-1,0,-1
2021201060933,2021,201060933,2,9,0,8,8,7,2,0,0,8,0,0,0,0,2,1,6,6,1,24,5,1995,2,13,BMW 3 SERIES,1,E01010318,0,-1
2021161075536,2021,161075536,1,8,0,2,2,5,1,0,0,2,0,0,0,0,3,1,6,6,1,-1,-1,1995,2,14,BMW 3 SERIES,-1,-1,0,-1
202131A166921,2021,31A166921,2,9,0,2,2,0,0,0,0,0,0,0,0,0,2,1,6,6,1,48,8,1995,2,7,BMW 3 SERIES,5,E01028237,0,-1
202154B555921,2021,54B555921,2,9,0,18,19,4,8,0,0,1,0,0,0,0,1,1,6,6,1,47,8,1995,1,14,BMW 3 SERIES,6,E01022194,0,-1
2021461125793,2021,461125793,2,9,0,18,19,3,7,0,0,0,0,0,0,0,2,1,6,6,1,22,5,2497,1,16,BMW 3 SERIES,3,E01024092,0,-1
2021201070959,2021,201070959,2,9,0,2,2,0,0,0,0,8,0,0,0,0,1,1,6,6,1,39,7,2993,2,3,BMW 3 SERIES,-1,-1,0,-1
2021010344267,2021,010344267,1,9,9,99,99,9,9,99,99,9,9,99,9,99,9,9,6,6,1,22,5,1995,2,1,BMW 3 SERIES,9,E01004080,0,-1
2021221119390,2021,221119390,2,9,0,4,4,7,3,0,0,1,0,0,0,0,2,1,5,6,1,67,10,1995,2,12,BMW 3 SERIES,10,E01032227,0,-1
2021461073868,2021,461073868,4,9,0,2,2,0,0,0,0,2,0,0,0,0,3,1,5,6,1,-1,-1,1995,1,14,BMW 3 SERIES,1,E01024710,0,-1
2021991083622,2021,991083622,1,9,0,18,19,3,7,0,0,0,0,0,0,0,1,1,6,6,1,27,6,1998,1,1,BMW 3 SERIES,7,-1,0,-1
2021430205031,2021,430205031,1,9,0,18,19,7,3,0,0,0,0,10,1,7,3,1,2,2,1,32,6,1995,1,16,BMW 3 SERIES,4,E01016360,0,-1
2021052101088,2021,052101088,2,9,0,18,19,1,5,0,0,1,0,0,0,0,0,1,1,1,1,-1,-1,2993,2,4,BMW 3 SERIES,-1,-1,0,-1
2021421013335,2021,421013335,2,9,0,17,19,7,3,0,0,4,0,0,0,0,0,1,1,1,1,34,6,2993,2,4,BMW 3 SERIES,8,E01021544,0,-1
2021101119006,2021,101119006,2,9,0,18,19,3,7,0,0,1,0,0,0,0,1,1,5,6,1,20,4,1796,1,18,BMW 3 SERIES,-1,-1,0,-1
2021010313854,2021,010313854,2,9,0,18,19,3,7,0,0,4,0,0,0,0,4,1,6,6,1,25,5,1995,2,10,BMW 3 SERIES,5,E01003198,0,-1
2021010332021,2021,010332021,2,9,0,1,1,1,5,0,0,0,0,0,0,0,2,1,6,6,1,-1,-1,2171,1,19,BMW 3 SERIES,-1,-1,0,-1
2021131093248,2021,131093248,2,9,0,18,19,3,7,0,0,8,1,0,1,2,3,1,6,6,1,27,6,1995,2,8,BMW 3 SERIES,2,E01005430,0,-1
2021471042331,2021,471042331,2,9,0,18,19,1,4,0,0,0,0,0,1,0,1,1,5,6,2,41,7,1995,2,6,BMW 3 SERIES,8,E01021230,0,-1
2021411080767,2021,411080767,1,9,0,18,19,5,1,0,0,8,1,7,1,0,1,1,5,6,1,49,8,1998,8,1,BMW 3 SERIES,9,E01023962,0,-1
2021302101060,2021,302101060,1,9,0,13,13,8,4,0,0,0,1,0,7,9,1,1,6,6,1,29,6,1995,2,4,BMW 3 SERIES,7,E01002220,0,-1
2021070709579,2021,070709579,2,9,0,18,19,3,7,0,0,1,0,0,0,0,1,1,6,6,1,33,6,1995,2,15,BMW 3 SERIES,8,E01018559,0,-1
2021320122004,2021,320122004,1,9,0,18,19,6,2,0,0,0,0,0,0,0,1,1,2,2,1,22,5,1995,1,16,BMW 3 SERIES,2,E01026006,0,-1
2021201039907,2021,201039907,2,9,0,18,19,2,6,0,0,0,0,0,0,0,1,1,1,1,1,30,6,2993,2,5,BMW 3 SERIES,4,E01033617,0,-1
2021221019349,2021,221019349,2,9,0,18,19,1,5,0,0,0,0,0,1,7,2,1,1,1,1,39,7,1998,8,1,BMW 3 SERIES,7,E01032892,0,-1
2021201080746,2021,201080746,3,9,0,4,4,8,4,0,0,0,0,0,0,0,1,1,6,6,2,40,7,1998,8,4,BMW 3 SERIES,7,E01025658,0,-1
2021141082080,2021,141082080,1,9,0,17,19,4,8,0,0,0,0,0,0,0,3,1,5,6,1,34,6,2000,2,10,BMW 3 SERIES,3,E01007900,0,-1
2021010302734,2021,010302734,2,9,0,9,9,7,5,0,0,1,0,0,0,0,3,1,6,6,1,34,6,1995,2,10,BMW 3 SERIES,5,E01001200,0,-1
2021501058745,2021,501058745,3,9,0,2,2,0,0,0,0,0,0,0,0,0,2,1,6,6,1,31,6,1995,2,7,BMW 3 SERIES,9,E01019906,0,-1
2021430299197,2021,430299197,1,9,0,18,19,3,7,0,0,1,0,0,0,0,1,1,6,6,1,49,8,1995,2,8,BMW 3 SERIES,-1,-1,0,-1
2021061126579,2021,061126579,2,9,0,18,19,1,5,0,0,8,0,0,0,0,1,1,5,6,1,23,5,2993,2,7,BMW 3 SERIES,1,E01004870,0,-1
2021501126325,2021,501126325,1,9,0,16,19,1,5,0,0,0,2,0,2,11,4,1,6,6,1,22,5,1995,2,16,BMW 3 SERIES,3,E01018869,0,-1
2021010312248,2021,010312248,2,9,0,99,99,9,9,99,99,9,9,99,9,99,1,9,6,6,3,34,6,1995,1,14,BMW 3 SERIES,7,E01023886,0,-1
2021111071218,2021,111071218,3,9,0,18,19,8,4,0,0,2,0,0,1,0,4,1,1,1,1,32,6,2993,2,4,BMW 3 SERIES,-1,-1,0,-1
2021401044330,2021,401044330,2,9,0,18,19,2,6,0,0,1,0,0,0,0,0,1,1,1,1,32,6,2993,2,5,BMW 3 SERIES,2,E01023758,0,-1
2021010342691,2021,010342691,2,9,0,99,99,9,9,99,99,9,9,99,9,99,1,9,6,6,3,-1,-1,2979,1,17,BMW 3 SERIES,-1,-1,0,-1
2021302100648,2021,302100648,1,9,0,18,19,2,6,0,0,1,0,0,1,1,1,1,6,6,1,40,7,1995,2,6,BMW 3 SERIES,6,E01013491,0,-1
2021522104923,2021,522104923,2,9,0,12,12,6,2,0,0,8,0,0,0,0,3,1,6,6,2,27,6,1995,2,8,BMW 3 SERIES,-1,-1,0,-1
2021302101657,2021,302101657,3,9,0,10,10,7,4,0,0,1,0,0,0,0,1,1,2,2,1,33,6,1995,2,9,BMW 3 SERIES,1,E01019566,0,-1
2021461116643,2021,461116643,1,9,0,18,19,8,1,0,0,0,0,0,0,0,1,1,6,6,3,-1,-1,1995,2,7,BMW 3 SERIES,-1,-1,0,-1
2021141055224,2021,141055224,1,9,0,18,19,5,1,0,0,0,1,0,7,11,1,1,5,6,1,21,5,1995,2,15,BMW 3 SERIES,1,E01007628,0,-1
2021010350453,2021,010350453,2,9,0,99,99,9,9,99,99,0,9,99,9,99,2,9,6,6,3,34,6,1997,1,6,BMW 3 SERIES,3,E01032764,0,-1
2021131064205,2021,131064205,3,9,0,18,19,1,5,0,0,0,0,0,0,0,0,1,1,1,3,-1,-1,2993,2,2,BMW 3 SERIES,1,E01010730,0,-1
2021010303170,2021,010303170,1,9,0,99,99,9,9,99,99,0,9,99,9,99,1,9,6,6,1,24,5,1598,1,8,BMW 3 SERIES,3,E01002814,0,-1
2021991027876,2021,991027876,3,9,0,2,2,7,3,6,6,0,0,0,0,0,2,1,6,6,3,-1,-1,1995,2,12,BMW 3 SERIES,-1,-1,0,-1
2021991028576,2021,991028576,1,9,0,17,19,8,4,0,0,0,1,0,0,0,1,1,5,6,1,29,6,1995,1,8,BMW 3 SERIES,3,-1,0,-1
2021010324584,2021,010324584,2,9,0,2,2,0,0,0,0,1,0,0,0,0,4,1,6,6,3,-1,-1,2793,1,23,BMW 3 SERIES,-1,-1,0,-1
2021010342421,2021,010342421,2,9,0,18,19,5,1,0,0,1,0,0,0,0,3,1,6,6,1,35,6,2993,2,8,BMW 3 SERIES,4,E01009030,0,-1
2021461097682,2021,461097682,1,9,0,18,19,1,5,0,0,0,0,0,0,0,4,1,6,6,1,48,8,1995,12,0,BMW 3 SERIES,10,E01016091,0,-1
202131D181121,2021,31D181121,1,9,0,9,9,2,8,0,0,6,1,0,3,11,1,1,6,6,1,31,6,1995,2,9,BMW 3 SERIES,6,E01028076,0,-1
2021010316289,2021,010316289,1,9,0,18,19,7,3,9,9,5,0,0,0,0,1,1,6,6,1,21,5,1998,1,0,BMW 3 SERIES,4,E01003169,0,-1
2021461132167,2021,461132167,1,9,0,5,5,1,1,0,0,6,1,0,0,0,1,1,5,6,2,22,5,2494,1,23,BMW 3 SERIES,4,E01016137,0,-1
2021061051624,2021,061051624,2,9,0,4,4,3,7,0,0,0,0,0,0,0,1,1,1,1,1,38,7,2993,2,5,BMW 3 SERIES,-1,-1,0,-1
2021141078856,2021,141078856,2,9,0,17,19,4,8,0,0,0,0,0,0,0,1,1,5,6,1,50,8,1995,2,8,BMW 3 SERIES,7,E01007992,0,-1
2021061028475,2021,061028475,2,9,0,4,4,8,2,0,0,8,0,0,0,0,4,1,1,1,1,30,6,2993,2,3,BMW 3 SERIES,4,E01005730,0,-1
2021041058961,2021,041058961,1,9,0,18,19,7,3,0,0,2,0,0,0,0,1,1,5,6,1,25,5,2979,1,10,BMW 3 SERIES,6,E01025383,0,-1
2021010317342,2021,010317342,1,9,0,99,99,9,9,99,99,9,9,99,9,99,2,9,6,6,1,52,8,1995,2,7,BMW 3 SERIES,7,E01002115,0,-1
2021141024322,2021,141024322,1,8,0,1,1,6,2,0,0,0,0,0,0,0,2,1,5,6,1,52,8,1995,1,16,BMW 3 SERIES,2,E01007326,0,-1
2021471083258,2021,471083258,1,9,0,9,9,2,8,0,0,1,0,0,0,0,4,1,1,1,2,58,9,1995,2,16,BMW 3 SERIES,8,E01021147,0,-1
2021070666575,2021,070666575,2,9,0,18,19,6,3,0,0,0,0,0,0,0,3,1,6,6,1,37,7,1995,2,7,BMW 3 SERIES,9,E01005848,0,-1
2021201098201,2021,201098201,1,9,0,18,19,6,2,0,0,0,0,7,1,2,1,1,6,6,1,30,6,1995,2,10,BMW 3 SERIES,1,E01009748,0,-1
2021201070087,2021,201070087,2,9,0,18,19,6,2,0,0,0,0,0,0,0,0,1,1,1,1,-1,-1,2993,2,3,BMW 3 SERIES,5,E01009234,0,-1
2021010293830,2021,010293830,1,9,0,4,4,5,1,0,0,0,0,0,0,0,2,1,6,6,1,28,6,1995,1,19,BMW 3 SERIES,9,E01030325,0,-1
2021421031027,2021,421031027,1,9,0,5,5,3,7,0,0,4,0,0,0,0,1,1,6,6,1,40,7,1995,2,5,BMW 3 SERIES,2,E01001579,0,-1
2021451026590,2021,451026590,1,9,0,18,19,3,7,0,0,0,0,0,0,0,2,1,5,6,2,44,7,1995,2,14,BMW 3 SERIES,9,E01030991,0,-1
2021010342070,2021,010342070,1,9,0,3,3,1,5,0,0,2,0,0,0,0,3,1,6,6,1,34,6,1995,2,14,BMW 3 SERIES,3,E01003481,0,-1
2021010311437,2021,010311437,2,9,0,15,15,3,7,0,0,1,0,0,0,0,1,1,6,6,1,21,5,1995,2,15,BMW 3 SERIES,-1,-1,0,-1
2021010309317,2021,010309317,1,9,0,18,19,3,7,0,0,1,0,0,0,0,1,1,6,6,1,21,5,1995,2,4,BMW 3 SERIES,2,E01004284,0,-1
2021010332167,2021,010332167,5,9,0,2,2,0,0,0,0,0,0,0,0,0,2,1,6,6,3,-1,-1,1997,1,8,BMW 3 SERIES,-1,-1,0,-1
2021052100643,2021,052100643,2,9,0,18,19,5,1,0,0,0,0,0,0,0,1,1,2,2,1,46,8,1998,1,3,BMW 3 SERIES,3,E01007181,0,-1
2021041012995,2021,041012995,1,9,0,18,19,7,3,0,0,0,0,0,0,0,1,1,5,6,1,74,10,2494,1,18,BMW 3 SERIES,9,E01025551,0,-1
2021461109143,2021,461109143,2,9,0,18,19,3,7,0,0,0,0,11,0,0,2,1,5,6,1,59,9,1995,2,9,BMW 3 SERIES,4,E01024373,0,-1
2021461060119,2021,461060119,1,9,0,13,13,5,3,0,0,1,0,0,0,0,1,1,5,6,2,52,8,1995,2,11,BMW 3 SERIES,9,E01024473,0,-1
2021010330711,2021,010330711,1,9,0,99,99,9,9,99,99,9,9,99,9,99,9,9,6,6,1,24,5,1995,2,8,BMW 3 SERIES,3,E01006220,0,-1
2021440055758,2021,440055758,1,9,0,4,4,2,6,0,0,0,0,0,0,0,2,1,6,6,1,-1,-1,1995,2,13,BMW 3 SERIES,-1,-1,0,-1
2021010319410,2021,010319410,1,9,0,18,19,3,7,0,0,2,0,0,0,0,1,1,2,2,2,41,7,1995,1,17,BMW 3 SERIES,2,E01000126,0,-1
2021010307342,2021,010307342,1,9,0,18,19,5,1,0,0,4,0,0,0,0,2,1,6,6,1,46,8,1995,2,6,BMW 3 SERIES,4,E01024190,0,-1
2021161080471,2021,161080471,1,9,0,3,3,5,1,0,0,0,0,0,0,0,3,1,5,6,1,35,6,1995,2,7,BMW 3 SERIES,3,E01012907,0,-1
2021041106033,2021,041106033,1,9,0,18,19,5,4,0,0,4,0,0,0,0,1,1,6,6,2,41,7,1995,1,9,BMW 3 SERIES,2,E01012605,0,-1
2021471064631,2021,471064631,2,9,0,5,5,3,7,0,0,0,0,0,0,0,1,1,3,7,1,31,6,1995,2,9,BMW 3 SERIES,8,E01021233,0,-1
2021010323198,2021,010323198,1,9,0,99,99,9,9,99,99,0,9,99,9,99,2,9,6,6,1,27,6,1995,2,1,BMW 3 SERIES,5,E01001350,0,-1
2021622100825,2021,622100825,2,9,0,18,19,7,3,0,0,1,0,0,0,0,1,1,2,2,1,36,7,1995,2,10,BMW 3 SERIES,1,W01001955,0,-1
2021501125618,2021,501125618,1,9,0,18,19,1,5,0,0,8,1,11,3,0,1,1,6,6,1,29,6,1995,2,13,BMW 3 SERIES,8,E01018855,0,-1
2021141115164,2021,141115164,1,9,0,18,19,1,5,0,0,0,1,0,1,5,1,1,1,1,1,35,6,1998,8,4,BMW 3 SERIES,2,E01007871,0,-1
2021010287189,2021,010287189,2,9,9,99,99,9,9,99,99,0,9,99,9,99,9,9,6,6,3,-1,-1,2993,2,14,BMW 3 SERIES,-1,-1,0,-1
2021451083750,2021,451083750,1,9,0,18,19,3,7,0,0,0,0,0,4,4,1,1,5,6,1,30,6,1998,1,0,BMW 3 SERIES,10,E01030593,0,-1
2021010324875,2021,010324875,1,9,0,7,7,3,5,0,0,5,0,0,0,0,4,1,2,2,2,51,8,1499,1,5,BMW 3 SERIES,-1,-1,0,-1
2021421066748,2021,421066748,1,9,0,18,19,7,3,0,0,1,0,0,7,0,1,1,2,2,1,36,7,1995,2,18,BMW 3 SERIES,6,E01021678,0,-1
2021141102419,2021,141102419,1,9,0,18,19,1,2,0,0,0,0,0,0,0,1,1,5,6,2,52,8,1995,2,4,BMW 3 SERIES,1,E01007634,0,-1
2021010321286,2021,010321286,1,9,0,5,5,5,1,0,0,6,0,0,0,0,1,1,6,6,2,77,11,1995,2,13,BMW 3 SERIES,6,E01000332,0,-1
2021010295805,2021,010295805,3,9,0,99,99,9,9,99,99,0,9,99,9,99,9,1,6,6,2,56,9,1995,2,7,BMW 3 SERIES,3,E01017562,0,-1
2021461127143,2021,461127143,2,9,0,-1,-1,-1,-1,-1,-1,0,-1,-1,-1,0,2,1,6,6,2,33,6,2993,2,6,BMW 3 SERIES,10,E01016092,0,-1
2021131032736,2021,131032736,1,9,0,1,1,8,3,0,0,0,0,0,0,0,2,1,6,6,1,30,6,2993,2,6,BMW 3 SERIES,-1,-1,0,-1
2021010313158,2021,010313158,1,9,0,3,3,3,7,0,0,4,0,0,0,0,2,1,6,6,2,47,8,1995,2,17,BMW 3 SERIES,1,E01001427,0,-1
2021461058879,2021,461058879,1,9,0,17,19,1,5,0,0,0,1,0,1,0,3,1,5,6,1,19,4,1796,1,24,BMW 3 SERIES,7,E01032820,0,-1
2021201062153,2021,201062153,1,9,0,18,19,2,2,0,0,0,0,10,7,0,1,1,2,2,1,31,6,1995,2,5,BMW 3 SERIES,1,E01008923,0,-1
2021061101744,2021,061101744,1,9,0,4,4,1,5,0,0,8,0,0,0,0,2,1,6,6,1,35,6,1998,8,0,BMW 3 SERIES,8,E01025040,0,-1
2021471036187,2021,471036187,2,9,0,18,19,6,2,0,0,2,0,0,0,0,1,1,6,6,1,51,8,1995,2,13,BMW 3 SERIES,4,E01031344,0,-1
2021201146345,2021,201146345,1,9,0,7,7,4,6,0,0,5,0,0,0,0,1,1,6,6,2,-1,-1,1995,2,8,BMW 3 SERIES,1,E01009258,0,-1
202106P078692,2021,06P078692,1,9,0,9,9,1,7,0,0,5,0,0,0,0,1,1,6,6,1,65,9,1995,2,5,BMW 3 SERIES,3,E01005480,0,-1
2021221044113,2021,221044113,1,9,0,18,19,5,1,0,0,0,0,4,0,0,1,1,5,6,1,48,8,1995,2,7,BMW 3 SERIES,2,E01014151,0,-1
2021131094180,2021,131094180,2,9,0,18,19,5,1,0,0,8,1,0,1,2,1,1,6,6,1,30,6,2993,2,3,BMW 3 SERIES,1,E01011357,0,-1
2021052101432,2021,052101432,1,9,0,18,19,5,1,0,0,0,0,0,0,0,1,1,6,6,1,37,7,1995,2,5,BMW 3 SERIES,1,E01007133,0,-1
2021010301960,2021,010301960,2,9,9,99,99,9,9,99,99,9,9,99,9,99,1,9,6,6,3,-1,-1,1995,2,9,BMW 3 SERIES,-1,-1,0,-1
2021010308971,2021,010308971,3,9,9,18,19,1,5,0,0,1,9,99,9,99,1,1,6,6,3,-1,-1,1995,2,6,BMW 3 SERIES,-1,-1,0,-1
2021430405400,2021,430405400,1,9,0,3,3,3,7,0,0,1,0,0,0,0,2,1,2,2,1,49,8,2000,2,10,BMW 3 SERIES,2,E01016397,0,-1
2021010311926,2021,010311926,2,9,0,7,7,6,8,0,0,1,0,4,0,0,1,1,6,6,1,36,7,1995,2,14,BMW 3 SERIES,3,E01002457,0,-1
2021471099149,2021,471099149,1,9,0,18,19,3,7,0,0,2,0,0,0,0,4,1,6,6,1,51,8,1995,2,15,BMW 3 SERIES,9,E01031704,0,-1
2021991027849,2021,991027849,1,9,0,18,19,8,3,0,0,0,0,0,0,0,1,1,2,2,2,40,7,1995,2,5,BMW 3 SERIES,7,-1,0,-1
2021010320642,2021,010320642,4,9,0,18,19,1,5,0,0,8,0,0,0,0,0,1,6,6,3,-1,-1,1995,1,15,BMW 3 SERIES,3,E01000495,0,-1
202131B065621,2021,31B065621,3,9,0,18,19,8,4,0,0,1,1,0,0,0,2,1,6,6,1,58,9,1995,2,3,BMW 3 SERIES,3,E01026142,0,-1
2021041104696,2021,041104696,1,9,0,18,19,7,3,0,0,0,0,0,0,0,1,1,1,1,1,44,7,1998,8,1,BMW 3 SERIES,5,E01019512,0,-1
2021131036619,2021,131036619,1,9,0,18,19,1,3,0,0,1,0,0,0,0,1,1,6,6,3,30,6,1995,2,9,BMW 3 SERIES,-1,-1,0,-1
2021010328650,2021,010328650,1,9,0,9,9,3,1,2,2,5,0,0,0,0,4,1,2,2,1,35,6,1995,1,14,BMW 3 SERIES,9,E01002239,0,-1
2021401042420,2021,401042420,1,9,0,9,9,6,3,0,0,6,0,0,0,0,3,1,6,6,3,-1,-1,2494,1,18,BMW 3 SERIES,-1,-1,0,-1
2021201143266,2021,201143266,6,9,0,1,1,2,6,0,0,0,0,0,0,0,0,1,1,1,2,-1,-1,2993,2,0,BMW 3 SERIES,-1,-1,0,-1
2021010307066,2021,010307066,1,9,0,18,19,5,1,0,0,1,0,0,0,0,1,1,6,6,1,37,7,1995,1,10,BMW 3 SERIES,2,E01001438,0,-1
2021201078562,2021,201078562,1,9,0,4,4,2,6,0,0,8,0,0,0,0,0,1,1,1,1,37,7,1995,2,11,BMW 3 SERIES,1,E01009494,0,-1
2021010312584,2021,010312584,2,9,0,99,99,9,9,99,99,9,9,99,9,99,1,9,6,6,3,-1,-1,1997,1,8,BMW 3 SERIES,2,E01001744,0,-1
2021430481468,2021,430481468,2,9,0,4,4,5,1,0,0,0,0,0,0,0,2,1,6,6,2,29,6,1995,1,14,BMW 3 SERIES,9,E01031612,0,-1
2021211083555,2021,211083555,2,9,0,5,5,6,2,0,0,4,0,0,0,0,0,1,1,1,1,-1,-1,2993,2,4,BMW 3 SERIES,5,E01009234,0,-1
2021010300827,2021,010300827,1,9,0,18,19,5,1,0,0,8,0,0,1,0,3,1,6,6,1,36,7,1998,8,4,BMW 3 SERIES,3,E01004317,0,-1
2021041056613,2021,041056613,1,9,0,16,19,3,7,0,0,0,2,7,7,10,1,1,5,6,1,19,4,1596,1,29,BMW 3 SERIES,7,E01025078,0,-1
2021552100314,2021,552100314,1,9,0,18,19,8,4,0,0,8,1,0,3,1,1,1,2,2,1,20,4,2000,2,9,BMW 3 SERIES,7,E01021378,0,-1
2021440311786,2021,440311786,1,9,0,18,19,1,5,0,0,0,5,4,8,4,1,1,6,6,1,28,6,1995,2,11,BMW 3 SERIES,6,E01017355,0,-1
2021522100911,2021,522100911,1,9,0,3,3,5,1,0,0,0,0,0,0,0,2,1,6,6,1,41,7,1995,2,1,BMW 3 SERIES,1,E01033356,0,-1
2021401013928,2021,401013928,1,9,0,18,19,5,4,0,0,1,0,0,0,0,1,1,5,6,1,17,4,2494,1,15,BMW 3 SERIES,9,E01017614,0,-1
2021302102090,2021,302102090,1,9,0,18,19,4,8,0,0,2,0,0,0,0,1,1,6,6,1,27,6,2993,2,10,BMW 3 SERIES,5,E01019432,0,-1
2021201118921,2021,201118921,2,9,0,18,19,8,4,0,0,0,0,0,0,0,1,1,2,2,2,39,7,1995,2,7,BMW 3 SERIES,4,E01009770,0,-1
2021201049265,2021,201049265,1,9,0,9,9,4,2,0,0,5,0,0,0,0,1,1,6,6,1,49,8,1995,2,15,BMW 3 SERIES,2,E01010263,0,-1
2021131091238,2021,131091238,1,9,0,17,19,7,3,0,0,0,1,4,0,0,1,1,6,6,1,33,6,1995,2,9,BMW 3 SERIES,9,E01027920,0,-1
2021161077521,2021,161077521,1,9,0,18,19,4,8,0,0,4,0,0,0,0,1,1,6,6,1,29,6,1995,2,4,BMW 3 SERIES,6,E01013412,0,-1
2021461043253,2021,461043253,1,9,0,18,19,7,3,0,0,0,0,0,0,0,1,1,5,6,1,63,9,1995,1,15,BMW 3 SERIES,2,E01024091,0,-1
2021221044830,2021,221044830,3,9,0,3,3,8,4,0,0,0,0,0,0,0,2,1,5,6,2,36,7,1995,2,15,BMW 3 SERIES,9,E01032185,0,-1
2021401019999,2021,401019999,1,9,-1,18,19,2,6,0,0,0,1,11,6,11,1,1,6,6,1,-1,-1,1995,2,15,BMW 3 SERIES,-1,-1,0,-1
2021111087506,2021,111087506,1,9,0,18,19,6,2,0,0,0,1,0,0,0,1,1,5,6,1,21,5,1995,2,12,BMW 3 SERIES,4,E01020852,0,-1
2021421073604,2021,421073604,2,9,0,18,19,5,1,0,0,1,0,0,0,0,1,1,6,6,2,34,6,2000,2,12,BMW 3 SERIES,1,E01021990,0,-1
2021221058694,2021,221058694,2,9,0,4,4,7,3,0,0,0,0,0,0,0,3,1,6,6,1,43,7,1995,2,3,BMW 3 SERIES,8,E01032286,0,-1
2021201031950,2021,201031950,2,9,0,6,6,6,1,0,0,3,0,0,0,0,3,1,6,6,1,45,7,2926,2,19,BMW 3 SERIES,3,E01008933,0,-1
2021131038263,2021,131038263,2,9,0,18,19,1,5,0,0,1,0,0,0,0,1,1,6,6,1,19,4,1995,2,10,BMW 3 SERIES,1,E01011677,0,-1
2021461051754,2021,461051754,1,9,0,18,19,6,2,9,9,0,0,10,7,0,1,1,5,6,1,24,5,1995,2,13,BMW 3 SERIES,3,E01024596,0,-1
2021991031843,2021,991031843,1,9,0,4,4,3,7,0,0,0,0,0,0,0,1,1,2,2,1,42,7,1995,2,2,BMW 3 SERIES,5,-1,0,-1
2021010309103,2021,010309103,2,9,0,18,19,5,1,0,0,0,0,0,0,0,9,1,6,6,3,-1,-1,2494,1,16,BMW 3 SERIES,-1,-1,0,-1
2021531028127,2021,531028127,1,9,0,8,8,-1,-1,0,0,1,0,0,0,0,1,1,6,6,1,-1,-1,1995,2,10,BMW 3 SERIES,8,E01022257,0,-1
2021141080483,2021,141080483,1,9,0,16,19,2,4,0,0,0,0,0,8,2,1,1,5,6,1,23,5,1995,2,18,BMW 3 SERIES,3,E01007473,0,-1
2021531114981,2021,531114981,1,9,0,18,19,1,5,0,0,0,0,0,0,0,1,1,2,2,1,38,7,1995,2,14,BMW 3 SERIES,5,E01022228,0,-1
2021031108954,2021,031108954,2,9,0,18,19,5,1,0,0,1,0,0,0,0,1,1,6,6,1,35,6,1995,2,4,BMW 3 SERIES,1,E01019301,0,-1
2021201111597,2021,201111597,4,9,0,2,2,0,0,9,9,1,0,0,0,0,3,1,6,6,1,38,7,2000,2,10,BMW 3 SERIES,1,E01010486,0,-1
2021201089481,2021,201089481,3,9,0,18,19,7,3,0,0,1,0,0,0,0,0,1,1,1,1,-1,-1,2993,2,0,BMW 3 SERIES,-1,-1,0,-1
2021141049774,2021,141049774,2,9,0,18,19,4,8,0,0,0,0,0,0,0,0,1,6,6,3,-1,-1,1995,2,9,BMW 3 SERIES,-1,-1,0,-1