collision_index,collision_year,collision_ref_no,vehicle_reference,vehicle_type,towing_and_articulation,vehicle_manoeuvre_historic,vehicle_manoeuvre,vehicle_direction_from,vehicle_direction_to,vehicle_location_restricted_lane_historic,vehicle_location_restricted_lane,junction_location,skidding_and_overturning,hit_object_in_carriageway,vehicle_leaving_carriageway,hit_object_off_carriageway,first_point_of_impact,vehicle_left_hand_drive,journey_purpose_of_driver_historic,journey_purpose_of_driver,sex_of_driver,age_of_driver,age_band_of_driver,engine_capacity_cc,propulsion_code,age_of_vehicle,generic_make_model,driver_imd_decile,lsoa_of_driver,escooter_flag,driver_distance_banding
202134WNC1591,2021,34WNC1591,1,9,0,18,19,2,6,0,0,0,5,0,7,9,1,1,6,6,1,60,9,1995,2,9,BMW 3 SERIES,8,E01027261,0,-1
2021440395017,2021,440395017,1,9,0,18,19,6,2,0,0,0,0,0,0,0,1,1,1,1,2,26,6,1995,2,13,BMW 3 SERIES,10,E01022696,0,-1
2021010297127,2021,010297127,1,9,0,18,19,3,7,0,0,4,0,0,0,0,1,1,6,6,1,26,6,1995,2,10,BMW 3 SERIES,2,E01004264,0,-1
2021201102849,2021,201102849,1,9,0,18,19,2,6,0,0,4,0,9,1,0,1,1,6,6,1,22,5,1995,1,15,BMW 3 SERIES,2,E01009151,0,-1
2021052100156,2021,052100156,2,9,0,18,19,5,1,0,0,0,0,0,0,0,1,1,1,1,1,34,6,2993,2,2,BMW 3 SERIES,2,E01006751,0,-1
2021131060014,2021,131060014,2,9,0,7,7,3,5,0,0,6,0,0,0,0,1,1,1,1,1,38,7,1998,8,2,BMW 3 SERIES,6,E01011586,0,-1
2021041114601,2021,041114601,2,9,0,4,4,1,5,0,0,0,0,0,0,0,2,1,1,1,1,22,5,1995,2,6,BMW 3 SERIES,2,E01004895,0,-1
2021010298251,2021,010298251,2,9,0,16,19,5,1,0,0,4,0,0,0,0,2,2,1,1,1,40,7,1995,1,11,BMW 3 SERIES,5,E01002586,0,-1
2021010323931,2021,010323931,2,9,0,18,19,3,7,0,0,0,0,0,0,0,1,1,6,6,1,52,8,2993,2,12,BMW 3 SERIES,-1,-1,0,-1
2021010309988,2021,010309988,1,9,0,99,99,9,9,99,99,0,9,99,9,99,9,9,6,6,1,27,6,2993,2,14,BMW 3 SERIES,8,E01002385,0,-1
2021421032099,2021,421032099,1,9,0,4,4,4,5,0,0,1,0,0,0,0,1,1,6,6,2,34,6,2926,2,19,BMW 3 SERIES,1,E01022031,0,-1
2021201119140,2021,201119140,1,9,0,18,19,2,6,0,0,8,0,0,0,0,1,1,6,6,1,47,8,2993,2,14,BMW 3 SERIES,4,E01029501,0,-1
2021141059114,2021,141059114,3,9,0,12,12,7,3,0,0,0,0,0,0,0,2,1,5,6,1,25,5,2993,2,5,BMW 3 SERIES,1,E01007655,0,-1
2021351129435,2021,351129435,1,9,0,18,19,-1,-1,0,0,2,0,0,0,0,1,1,6,6,3,-1,-1,2000,2,10,BMW 3 SERIES,-1,-1,0,-1
2021052100279,2021,052100279,2,9,0,4,4,1,5,0,0,0,0,0,0,0,2,1,6,6,1,23,5,1995,2,12,BMW 3 SERIES,2,E01006723,0,-1
2021041044604,2021,041044604,1,9,0,18,19,4,8,0,0,0,2,0,2,4,1,1,5,6,1,32,6,1995,2,7,BMW 3 SERIES,10,E01025341,0,-1
2021421103385,2021,421103385,1,9,0,18,19,5,1,0,0,4,0,0,0,0,1,1,6,6,1,37,7,1995,1,11,BMW 3 SERIES,-1,-1,0,-1
2021471124374,2021,471124374,2,9,0,8,8,7,8,0,0,1,0,0,0,0,1,1,5,6,1,35,6,2000,2,11,BMW 3 SERIES,2,E01020998,0,-1
2021201119755,2021,201119755,2,9,0,18,19,2,6,0,0,8,0,0,0,0,3,1,2,2,1,34,6,1995,2,9,BMW 3 SERIES,-1,-1,0,-1
2021451029448,2021,451029448,2,9,0,18,19,4,8,0,0,1,0,0,0,0,1,1,5,6,1,36,7,1995,2,14,BMW 3 SERIES,4,E01030746,0,-1
2021302101352,2021,302101352,2,9,0,14,14,2,6,0,0,0,0,0,0,0,3,1,6,6,3,-1,-1,2993,2,14,BMW 3 SERIES,5,E01019456,0,-1
2021201080403,2021,201080403,1,9,0,18,19,5,1,0,0,0,1,0,0,0,3,1,6,6,1,48,8,1995,2,10,BMW 3 SERIES,4,E01010254,0,-1
2021411053778,2021,411053778,1,9,0,18,19,8,4,0,0,1,0,0,0,0,4,1,3,7,1,51,8,1995,2,15,BMW 3 SERIES,4,E01023534,0,-1
2021131113888,2021,131113888,2,9,0,18,19,2,4,0,0,0,0,0,0,0,1,1,1,1,1,50,8,1998,1,0,BMW 3 SERIES,3,E01011172,0,-1
2021461024558,2021,461024558,2,9,0,18,19,8,4,0,0,0,0,0,0,0,1,1,6,6,1,30,6,2497,1,14,BMW 3 SERIES,8,E01023983,0,-1
2021451111725,2021,451111725,1,9,0,18,19,4,5,0,0,0,1,0,0,0,4,1,1,1,1,51,8,1998,1,0,BMW 3 SERIES,1,E01005613,0,-1
2021320572850,2021,320572850,1,9,0,13,13,8,4,0,0,0,1,0,1,6,1,1,2,2,1,22,5,2000,2,12,BMW 3 SERIES,8,E01026337,0,-1
2021361031016,2021,361031016,3,9,0,18,19,7,3,0,0,1,0,0,0,0,1,1,5,6,1,33,6,1995,2,6,BMW 3 SERIES,6,E01026797,0,-1
2021471081710,2021,471081710,1,9,0,18,19,8,4,0,0,1,0,4,0,0,1,1,6,6,1,52,8,1995,1,13,BMW 3 SERIES,3,E01016881,0,-1
2021010345515,2021,010345515,3,9,0,18,19,3,7,0,0,1,0,0,0,0,1,1,2,2,1,36,7,1995,1,10,BMW 3 SERIES,2,E01001579,0,-1
2021461068840,2021,461068840,1,9,0,4,4,7,3,0,0,6,0,0,0,0,1,1,6,6,1,58,9,2979,1,21,BMW 3 SERIES,4,E01024566,0,-1
2021041087421,2021,041087421,3,9,0,18,19,5,1,0,0,1,0,0,0,0,2,1,1,1,2,41,7,2993,2,18,BMW 3 SERIES,1,E01012672,0,-1
2021141041394,2021,141041394,3,9,0,2,2,4,4,0,0,2,0,0,0,0,2,1,6,6,3,-1,-1,1998,8,4,BMW 3 SERIES,-1,-1,0,-1
2021010349359,2021,010349359,2,9,0,13,13,8,4,0,0,1,0,0,0,0,4,1,6,6,3,-1,-1,1995,2,6,BMW 3 SERIES,-1,-1,0,-1
2021351117113,2021,351117113,2,9,0,3,3,2,6,0,0,1,0,0,0,0,2,1,1,1,1,35,6,1995,2,18,BMW 3 SERIES,2,E01018063,0,-1
2021320327627,2021,320327627,2,9,0,18,19,3,7,0,0,8,0,0,0,0,4,1,6,6,2,31,6,1995,2,11,BMW 3 SERIES,6,E01026339,0,-1
2021131059736,2021,131059736,2,9,0,2,2,0,0,9,9,8,0,0,0,0,3,1,6,6,3,-1,-1,1997,1,9,BMW 3 SERIES,-1,-1,0,-1
2021161029504,2021,161029504,1,9,0,18,19,6,2,0,0,2,0,0,0,0,1,1,6,6,3,30,6,2993,2,4,BMW 3 SERIES,-1,-1,0,-1
2021461103051,2021,461103051,2,9,0,3,3,7,3,0,0,1,0,0,0,0,1,1,6,6,2,38,7,1995,2,9,BMW 3 SERIES,1,E01024305,0,-1
2021520101966,2021,520101966,1,9,0,18,19,5,1,0,0,2,0,0,0,0,1,1,6,6,3,-1,-1,1995,2,3,BMW 3 SERIES,-1,-1,0,-1
2021430114426,2021,430114426,1,9,0,4,4,6,2,0,0,0,0,0,0,0,2,1,3,7,1,39,7,1995,2,3,BMW 3 SERIES,8,E01017688,0,-1
2021430033145,2021,430033145,1,9,0,9,9,3,1,0,0,8,0,0,0,0,4,1,6,6,1,40,7,1995,2,8,BMW 3 SERIES,4,E01016360,0,-1
2021010334218,2021,010334218,1,9,0,1,1,7,3,9,9,8,0,0,1,1,2,1,6,6,3,-1,-1,1995,1,15,BMW 3 SERIES,-1,-1,0,-1
2021070737577,2021,070737577,1,9,0,18,19,6,2,0,0,0,0,0,0,0,1,1,6,6,1,31,6,2979,1,18,BMW 3 SERIES,5,E01020143,0,-1
2021122101479,2021,122101479,2,9,0,18,19,5,1,0,0,1,0,0,0,0,1,1,6,6,2,34,6,2993,2,6,BMW 3 SERIES,6,E01027676,0,-1
2021522101852,2021,522101852,3,9,0,10,10,3,2,0,0,1,0,0,0,0,0,-1,1,1,1,35,6,2993,2,2,BMW 3 SERIES,9,E01014862,0,-1
2021010339087,2021,010339087,2,9,0,9,9,7,6,0,0,8,0,0,0,0,3,1,2,2,1,55,8,1995,1,12,BMW 3 SERIES,7,E01002883,0,-1
20211381N0497,2021,1381N0497,1,9,0,16,19,3,5,0,0,4,0,0,0,0,1,1,6,6,1,25,5,1995,2,10,BMW 3 SERIES,2,E01011867,0,-1
2021010316910,2021,010316910,2,9,0,99,99,9,9,99,99,9,9,99,9,99,9,9,6,6,3,-1,-1,1995,2,6,BMW 3 SERIES,7,E01004639,0,-1
2021201063830,2021,201063830,2,9,0,18,19,6,2,0,0,0,0,0,0,0,1,1,6,6,1,49,8,2000,2,12,BMW 3 SERIES,5,E01010517,0,-1
2021201082737,2021,201082737,2,9,0,3,3,-1,-1,0,0,1,0,0,0,0,2,1,6,6,1,22,5,1995,1,12,BMW 3 SERIES,6,E01016564,0,-1
2021010333221,2021,010333221,1,9,0,9,9,7,5,0,0,2,0,0,0,0,4,1,6,6,1,57,9,1995,1,16,BMW 3 SERIES,2,E01003086,0,-1
2021010360384,2021,010360384,1,9,0,99,99,9,9,99,99,9,9,99,9,99,2,9,6,6,1,21,5,1997,1,7,BMW 3 SERIES,1,E01002280,0,-1
2021201067634,2021,201067634,3,9,0,18,19,2,6,0,0,1,0,0,0,0,0,1,1,1,1,-1,-1,2993,2,4,BMW 3 SERIES,5,E01009234,0,-1
2021201026755,2021,201026755,5,9,0,18,19,5,1,0,0,0,0,0,0,0,4,1,6,6,1,-1,-1,2993,2,8,BMW 3 SERIES,-1,-1,0,-1
2021440391219,2021,440391219,1,9,0,9,9,8,4,0,0,8,0,0,0,0,3,1,1,1,1,52,8,1995,2,6,BMW 3 SERIES,5,E01023201,0,-1
2021201070945,2021,201070945,2,9,0,10,10,7,5,0,0,8,0,0,0,0,4,1,6,6,2,34,6,2000,2,10,BMW 3 SERIES,1,E01009490,0,-1
2021131115021,2021,131115021,2,9,0,18,19,2,6,0,0,0,0,0,0,0,1,1,1,1,1,40,7,2993,2,2,BMW 3 SERIES,6,E01011885,0,-1
2021052102479,2021,052102479,2,9,0,2,2,0,0,0,0,0,0,0,0,0,3,1,6,6,1,54,8,1995,2,7,BMW 3 SERIES,2,E01006898,0,-1
2021421034477,2021,421034477,1,9,0,16,19,5,1,0,0,0,5,0,1,1,1,1,5,6,1,19,4,1995,2,17,BMW 3 SERIES,10,E01021611,0,-1
2021010333502,2021,010333502,2,8,0,99,99,9,9,99,99,0,9,99,9,99,9,9,6,6,3,46,8,1995,2,8,BMW 3 SERIES,2,E01004252,0,-1
2021430322138,2021,430322138,2,9,0,11,11,4,8,0,0,0,0,0,0,0,3,1,6,6,1,62,9,1995,2,4,BMW 3 SERIES,5,E01023128,0,-1
2021010342477,2021,010342477,1,9,0,99,99,9,9,99,99,9,9,99,9,99,9,9,6,6,1,29,6,1995,2,14,BMW 3 SERIES,3,E01003113,0,-1
2021010313461,2021,010313461,1,9,0,99,99,9,9,0,0,1,0,0,0,0,2,9,6,6,1,29,6,1995,2,3,BMW 3 SERIES,3,E01032574,0,-1
2021010304794,2021,010304794,1,9,0,4,4,1,5,0,0,1,0,0,0,0,1,1,6,6,1,21,5,1995,1,14,BMW 3 SERIES,3,E01016036,0,-1
2021522106180,2021,522106180,3,9,0,3,3,6,2,0,0,1,0,0,0,0,2,1,6,6,1,24,5,2494,1,17,BMW 3 SERIES,10,E01014933,0,-1
2021031136579,2021,031136579,3,9,0,18,19,7,3,0,0,2,0,0,0,0,2,1,5,6,1,26,6,1995,2,14,BMW 3 SERIES,3,E01019208,0,-1
2021201142495,2021,201142495,1,9,0,18,19,2,6,0,0,4,0,0,0,0,1,1,6,6,1,22,5,1995,2,4,BMW 3 SERIES,8,E01032146,0,-1
2021991041208,2021,991041208,2,9,0,18,19,8,4,0,0,8,0,0,1,0,3,1,6,6,1,37,7,1995,2,7,BMW 3 SERIES,4,-1,0,-1
2021221088734,2021,221088734,1,9,0,2,2,0,0,6,6,0,0,0,0,0,2,1,1,1,1,34,6,2993,2,3,BMW 3 SERIES,-1,-1,0,-1
2021351092639,2021,351092639,1,9,0,18,19,6,2,0,0,2,0,0,7,11,1,1,5,6,1,52,8,1998,8,1,BMW 3 SERIES,10,E01018134,0,-1
2021131050665,2021,131050665,1,9,0,4,4,7,3,0,0,0,0,0,0,0,2,1,5,6,1,39,7,1998,8,4,BMW 3 SERIES,3,E01010895,0,-1
2021411091012,2021,411091012,2,9,0,9,9,1,6,0,0,1,0,0,0,0,4,1,2,2,1,32,6,1995,2,14,BMW 3 SERIES,5,E01023788,0,-1
2021010344327,2021,010344327,1,9,0,6,6,1,1,0,0,1,0,0,1,0,3,1,6,6,1,30,6,2000,1,12,BMW 3 SERIES,7,E01015967,0,-1
2021430076183,2021,430076183,1,9,0,18,19,4,7,0,0,0,0,0,1,1,1,1,3,7,1,-1,-1,1995,2,16,BMW 3 SERIES,3,E01016733,0,-1
2021010300107,2021,010300107,1,9,0,18,19,7,3,0,0,0,0,0,0,0,0,1,6,6,2,33,6,1995,2,2,BMW 3 SERIES,3,E01002554,0,-1
2021031033481,2021,031033481,3,9,0,11,11,1,5,0,0,0,1,0,2,6,2,1,5,6,1,38,7,1995,2,2,BMW 3 SERIES,2,E01014236,0,-1
2021010352152,2021,010352152,1,9,0,9,9,6,3,0,0,1,0,0,0,0,3,1,6,6,1,30,6,1995,2,12,BMW 3 SERIES,9,E01021156,0,-1
2021440418900,2021,440418900,2,9,0,7,7,7,4,0,0,8,0,0,0,0,0,1,6,6,1,-1,-1,1995,2,14,BMW 3 SERIES,-1,-1,0,-1
2021010332029,2021,010332029,2,9,0,99,99,9,9,99,99,9,9,99,9,99,9,9,6,6,2,42,7,1995,1,14,BMW 3 SERIES,2,E01001875,0,-1
2021161016235,2021,161016235,2,9,0,18,19,3,7,0,0,4,0,0,0,0,1,1,6,6,1,-1,-1,2979,1,15,BMW 3 SERIES,1,E01013203,0,-1
2021430352812,2021,430352812,2,9,0,18,19,5,1,0,0,0,0,0,0,0,3,1,6,6,1,30,6,1995,1,15,BMW 3 SERIES,-1,-1,0,-1
2021131069880,2021,131069880,2,9,0,18,19,1,5,0,0,1,0,0,3,0,4,1,1,1,1,34,6,2993,2,2,BMW 3 SERIES,6,E01011885,0,-1
2021231017060,2021,231017060,1,9,0,16,19,1,3,0,0,8,1,0,7,0,4,1,5,6,2,30,6,1998,8,3,BMW 3 SERIES,10,E01031250,0,-1
2021131076803,2021,131076803,2,9,0,18,19,4,8,0,0,0,0,0,0,0,2,1,5,6,2,62,9,1998,8,3,BMW 3 SERIES,6,E01011072,0,-1
2021170L10511,2021,170L10511,1,9,0,18,19,3,7,0,0,4,0,9,7,4,1,1,2,2,1,46,8,2993,2,2,BMW 3 SERIES,5,E01012097,0,-1
2021421072174,2021,421072174,1,9,0,17,19,7,3,0,0,1,0,2,1,0,4,1,6,6,1,23,5,1995,2,9,BMW 3 SERIES,2,E01000017,0,-1
2021461094888,2021,461094888,2,9,0,9,9,7,3,0,0,6,0,0,0,0,3,1,3,7,1,-1,-1,1995,2,4,BMW 3 SERIES,10,E01024453,0,-1
2021501053251,2021,501053251,1,9,0,14,14,5,1,0,0,0,0,0,0,0,1,1,6,6,2,20,4,1995,1,15,BMW 3 SERIES,2,E01018911,0,-1
2021211144863,2021,211144863,1,9,0,3,3,8,4,0,0,2,0,0,0,0,2,1,6,6,1,38,7,1951,2,20,BMW 3 SERIES,6,W01000579,0,-1
2021111091311,2021,111091311,2,9,4,18,19,7,4,0,0,8,0,0,0,0,4,1,5,6,2,41,7,1995,2,6,BMW 3 SERIES,1,E01020765,0,-1
2021401118648,2021,401118648,1,9,0,5,5,7,3,0,0,0,0,0,0,0,1,1,5,6,1,36,7,2996,1,14,BMW 3 SERIES,6,E01017508,0,-1
2021010347701,2021,010347701,1,9,0,18,19,8,4,0,0,2,0,0,0,0,1,1,6,6,1,43,7,2979,1,7,BMW 3 SERIES,2,E01002786,0,-1
2021170H10321,2021,170H10321,1,9,0,6,6,5,5,0,0,0,0,0,0,0,3,1,6,6,1,41,7,1995,2,7,BMW 3 SERIES,9,E01012234,0,-1
202131D183021,2021,31D183021,1,9,0,18,19,8,3,0,0,8,1,4,3,11,1,1,6,6,1,31,6,1995,2,9,BMW 3 SERIES,6,E01028076,0,-1
2021061047909,2021,061047909,1,9,0,9,9,8,6,0,0,8,0,0,0,0,1,1,5,6,2,29,6,1995,2,8,BMW 3 SERIES,1,E01005602,0,-1
2021201115355,2021,201115355,1,9,0,18,19,8,4,0,0,0,0,0,0,0,1,1,2,2,2,36,7,1995,2,7,BMW 3 SERIES,4,E01005469,0,-1
2021211068210,2021,211068210,1,9,0,9,9,4,7,0,0,0,0,0,0,0,1,1,2,2,1,29,6,1995,2,14,BMW 3 SERIES,7,E01031033,0,-1
2021141149552,2021,141149552,3,9,0,18,19,8,4,0,0,1,0,0,0,0,1,1,6,6,2,48,8,1995,2,2,BMW 3 SERIES,9,E01007752,0,-1
2021010315738,2021,010315738,2,9,0,99,99,9,9,99,99,9,9,99,9,99,2,9,6,6,3,-1,-1,2500,1,21,BMW 3 SERIES,1,E01002037,0,-1
2021201070554,2021,201070554,5,9,0,18,19,6,2,0,0,2,0,0,0,0,0,1,1,1,1,-1,-1,2993,2,4,BMW 3 SERIES,-1,-1,0,-1
2021451076992,2021,451076992,2,9,0,18,19,5,1,0,0,1,0,0,0,0,0,1,1,1,1,45,7,2993,2,3,BMW 3 SERIES,7,E01030451,0,-1
2021320511938,2021,320511938,1,9,0,18,19,2,6,0,0,0,5,0,1,0,4,1,6,6,1,42,7,1895,1,21,BMW 3 SERIES,1,E01028320,0,-1
2021010314661,2021,010314661,1,9,0,18,19,8,4,0,0,1,0,0,0,0,3,1,3,7,2,34,6,1995,2,11,BMW 3 SERIES,2,E01001151,0,-1
2021440384950,2021,440384950,2,9,0,9,9,5,1,0,0,5,0,0,0,0,1,1,6,6,1,34,6,2000,2,11,BMW 3 SERIES,7,E01017048,0,-1
2021010302850,2021,010302850,1,9,0,9,9,5,2,0,0,1,0,0,0,0,0,1,6,6,1,36,7,1995,2,15,BMW 3 SERIES,6,E01001319,0,-1
2021471028010,2021,471028010,2,9,0,4,4,3,6,0,0,0,0,0,0,0,2,1,5,6,2,31,6,1995,2,16,BMW 3 SERIES,6,E01031352,0,-1
2021170M11371,2021,170M11371,1,9,0,18,19,2,6,0,0,8,0,0,0,0,3,1,6,6,2,47,8,1995,2,5,BMW 3 SERIES,8,E01012009,0,-1
2021010324488,2021,010324488,4,9,0,3,3,2,6,0,0,1,0,0,0,0,2,1,6,6,1,37,7,1995,2,2,BMW 3 SERIES,6,E01020025,0,-1
2021411063320,2021,411063320,2,9,0,18,19,5,1,0,0,0,0,0,0,0,3,1,5,6,1,52,8,1796,1,18,BMW 3 SERIES,4,E01023547,0,-1
2021010341716,2021,010341716,2,9,0,5,5,3,7,0,0,2,0,0,0,0,1,1,6,6,1,42,7,1895,1,20,BMW 3 SERIES,4,E01033589,0,-1
2021461057545,2021,461057545,1,9,0,9,9,8,6,0,0,5,0,0,0,0,4,1,5,6,1,48,8,1995,2,5,BMW 3 SERIES,4,E01016077,0,-1
2021141115378,2021,141115378,1,9,0,18,19,3,7,0,0,0,1,0,7,0,3,1,6,6,1,30,6,1995,2,8,BMW 3 SERIES,3,E01013282,0,-1
2021131043029,2021,131043029,2,9,0,5,5,7,3,0,0,1,0,0,0,0,3,1,2,2,1,26,6,1995,2,9,BMW 3 SERIES,1,E01010965,0,-1
2021991072426,2021,991072426,1,9,0,4,4,3,7,0,0,4,1,0,7,0,3,1,5,6,1,21,5,2494,1,20,BMW 3 SERIES,4,-1,0,-1
2021451059043,2021,451059043,2,9,0,5,5,1,5,0,0,8,0,0,0,0,4,1,5,6,1,35,6,2993,2,1,BMW 3 SERIES,3,E01030788,0,-1
2021471104222,2021,471104222,1,9,0,18,19,6,2,0,0,4,0,0,0,0,1,1,6,6,3,-1,-1,1995,2,11,BMW 3 SERIES,-1,-1,0,-1
2021440383436,2021,440383436,1,9,0,18,19,5,1,0,0,1,0,0,0,0,1,1,6,6,1,50,8,1995,2,10,BMW 3 SERIES,9,E01017232,0,-1
2021161091196,2021,161091196,2,9,0,2,2,0,0,0,0,0,0,0,0,0,2,1,5,6,3,52,8,1995,2,5,BMW 3 SERIES,-1,-1,0,-1
2021010293222,2021,010293222,2,9,0,18,19,1,5,0,0,2,0,0,0,0,1,1,6,6,1,46,8,1995,2,14,BMW 3 SERIES,4,E01003357,0,-1
2021501107072,2021,501107072,2,9,0,13,13,8,4,0,0,0,1,0,7,0,1,1,6,6,1,27,6,1995,2,16,BMW 3 SERIES,4,E01015056,0,-1
2021371133432,2021,371133432,1,9,0,18,19,4,8,0,0,0,1,0,7,0,1,1,5,6,1,35,6,2000,2,12,BMW 3 SERIES,7,E01029901,0,-1
2021440207870,2021,440207870,2,9,0,9,9,5,2,0,0,8,0,0,0,0,4,1,2,2,1,45,7,1995,2,5,BMW 3 SERIES,9,E01022727,0,-1
2021430259505,2021,430259505,1,9,0,18,19,4,8,0,0,1,0,0,0,0,0,1,6,6,1,35,6,1997,1,6,BMW 3 SERIES,5,E01032734,0,-1
2021501105628,2021,501105628,1,9,0,18,19,1,5,0,0,0,1,11,7,0,1,1,2,2,1,61,9,1895,1,21,BMW 3 SERIES,6,E01019903,0,-1
2021201087783,2021,201087783,1,9,0,18,19,6,2,0,0,0,0,0,0,0,1,1,6,6,1,-1,-1,1995,2,8,BMW 3 SERIES,-1,-1,0,-1
2021061028860,2021,061028860,2,9,0,18,19,1,3,0,0,1,0,0,0,0,4,1,6,6,1,30,6,1995,2,6,BMW 3 SERIES,2,E01005280,0,-1
2021991044578,2021,991044578,1,9,0,18,19,8,4,0,0,1,0,0,1,0,1,1,5,6,1,31,6,1995,2,3,BMW 3 SERIES,3,-1,0,-1
2021010324584,2021,010324584,4,9,0,2,2,0,0,0,0,1,0,0,0,0,3,1,6,6,3,-1,-1,2993,2,10,BMW 3 SERIES,-1,-1,0,-1
2021141046230,2021,141046230,2,9,0,18,19,7,3,0,0,0,0,0,0,0,4,1,6,6,1,43,7,1995,1,17,BMW 3 SERIES,1,E01008114,0,-1
2021371097398,2021,371097398,1,9,0,1,1,8,5,0,0,8,0,4,0,0,2,1,5,6,2,41,7,1995,2,14,BMW 3 SERIES,4,E01030160,0,-1
2021531084520,2021,531084520,1,9,0,13,13,5,1,0,0,0,5,0,1,0,1,1,5,6,1,25,5,2993,2,13,BMW 3 SERIES,4,E01022161,0,-1
2021010343710,2021,010343710,1,9,0,99,99,9,9,99,99,9,9,99,9,99,4,9,6,6,1,40,7,2993,2,6,BMW 3 SERIES,10,E01032827,0,-1
2021010293720,2021,010293720,1,9,0,18,19,7,3,0,0,5,0,0,0,0,3,1,6,6,1,54,8,2979,1,14,BMW 3 SERIES,2,E01001709,0,-1
2021010333617,2021,010333617,2,9,0,18,19,1,5,0,0,2,0,0,0,0,1,1,6,6,1,21,5,1598,1,8,BMW 3 SERIES,-1,-1,0,-1
2021451043551,2021,451043551,2,9,0,4,4,5,1,0,0,0,0,0,0,0,1,1,6,6,1,22,5,1995,2,10,BMW 3 SERIES,5,E01020368,0,-1
2021041096161,2021,041096161,1,9,0,16,19,2,6,0,0,0,1,0,1,4,1,1,5,6,1,24,5,1995,2,6,BMW 3 SERIES,1,E01004979,0,-1
2021451091236,2021,451091236,2,9,0,9,9,5,1,0,0,0,0,0,0,0,3,1,2,2,2,46,8,1995,1,11,BMW 3 SERIES,10,E01030436,0,-1
2021201058963,2021,201058963,3,9,0,2,2,0,0,0,0,0,0,0,0,0,1,1,6,6,3,-1,-1,1995,2,8,BMW 3 SERIES,-1,-1,0,-1
2021471043222,2021,471043222,1,9,0,1,1,5,1,0,0,0,0,10,0,0,2,1,6,6,1,-1,-1,1995,2,3,BMW 3 SERIES,-1,-1,0,-1
2021161017349,2021,161017349,1,9,0,18,19,4,8,0,0,8,0,0,0,0,1,1,5,6,1,26,6,1998,1,1,BMW 3 SERIES,1,E01012873,0,-1
2021010324655,2021,010324655,1,9,0,18,19,1,5,0,0,0,0,0,0,0,2,1,2,2,1,23,5,1995,1,11,BMW 3 SERIES,3,E01004229,0,-1
2021201147374,2021,201147374,1,9,0,18,19,6,2,0,0,0,0,0,0,0,4,1,6,6,3,-1,-1,1995,2,12,BMW 3 SERIES,-1,-1,0,-1
2021991030898,2021,991030898,1,9,0,7,7,5,7,0,0,6,0,0,0,0,1,1,6,6,1,37,7,1995,2,7,BMW 3 SERIES,6,-1,0,-1
2021552200272,2021,552200272,1,9,0,10,10,1,3,0,0,1,0,0,0,0,0,1,6,6,1,19,4,1997,1,9,BMW 3 SERIES,4,E01020485,0,-1
2021351060808,2021,351060808,1,9,0,9,9,3,6,0,0,8,0,0,0,0,0,1,5,6,1,27,6,2171,1,20,BMW 3 SERIES,5,E01032526,0,-1
2021201134704,2021,201134704,1,9,0,18,19,5,1,0,0,1,0,0,0,0,1,1,6,6,1,-1,-1,1995,1,15,BMW 3 SERIES,-1,-1,0,-1
2021131047386,2021,131047386,2,9,0,18,19,1,5,0,0,8,0,0,0,0,0,1,5,6,1,27,6,2993,2,3,BMW 3 SERIES,6,E01011885,0,-1
2021010315789,2021,010315789,2,9,0,11,11,1,5,0,0,5,0,0,0,0,1,1,6,6,1,34,6,1995,1,19,BMW 3 SERIES,5,E01000070,0,-1
2021351064154,2021,351064154,2,9,0,3,3,7,2,0,0,0,0,0,0,0,1,1,5,6,3,-1,-1,1995,2,15,BMW 3 SERIES,-1,-1,0,-1
2021421080437,2021,421080437,2,9,0,9,9,8,4,0,0,1,0,0,0,0,2,1,6,6,1,56,9,1499,1,4,BMW 3 SERIES,4,E01003776,0,-1
2021520201979,2021,520201979,2,9,0,18,19,2,6,0,0,8,0,0,0,0,1,1,6,6,1,33,6,1995,2,13,BMW 3 SERIES,5,E01029043,0,-1
2021131104133,2021,131104133,1,9,0,18,19,1,5,0,0,0,0,0,0,0,1,1,5,6,1,25,5,1995,2,9,BMW 3 SERIES,4,E01011258,0,-1
2021010313877,2021,010313877,5,9,0,2,2,0,0,9,9,0,0,0,0,0,3,1,6,6,3,-1,-1,1995,2,7,BMW 3 SERIES,-1,-1,0,-1
2021010298401,2021,010298401,3,9,0,18,19,5,1,0,0,1,0,0,0,0,2,1,6,6,1,25,5,1998,1,1,BMW 3 SERIES,1,E01004670,0,-1
2021131040992,2021,131040992,3,9,0,13,13,1,5,0,0,1,0,0,0,0,1,1,6,6,3,-1,-1,2993,2,14,BMW 3 SERIES,-1,-1,0,-1
2021520200970,2021,520200970,3,9,0,2,2,0,0,0,0,0,0,0,0,0,1,1,6,6,3,-1,-1,2993,2,14,BMW 3 SERIES,-1,-1,0,-1
2021440000449,2021,440000449,1,9,0,18,19,3,7,0,0,0,1,0,0,0,1,1,6,6,1,30,6,1995,2,7,BMW 3 SERIES,3,E01017019,0,-1
2021010340937,2021,010340937,1,9,0,3,3,7,3,99,99,9,9,99,9,99,2,9,6,6,1,29,6,1995,2,9,BMW 3 SERIES,2,E01001161,0,-1
2021061079106,2021,061079106,2,9,0,18,19,1,1,0,0,0,0,0,0,0,1,1,6,6,1,60,9,1998,1,0,BMW 3 SERIES,-1,-1,0,-1
2021471100214,2021,471100214,2,9,0,18,19,8,4,0,0,8,0,0,0,0,3,1,5,6,1,20,4,2979,1,9,BMW 3 SERIES,5,E01031577,0,-1