collision_index,collision_year,collision_ref_no,vehicle_reference,vehicle_type,towing_and_articulation,vehicle_manoeuvre_historic,vehicle_manoeuvre,vehicle_direction_from,vehicle_direction_to,vehicle_location_restricted_lane_historic,vehicle_location_restricted_lane,junction_location,skidding_and_overturning,hit_object_in_carriageway,vehicle_leaving_carriageway,hit_object_off_carriageway,first_point_of_impact,vehicle_left_hand_drive,journey_purpose_of_driver_historic,journey_purpose_of_driver,sex_of_driver,age_of_driver,age_band_of_driver,engine_capacity_cc,propulsion_code,age_of_vehicle,generic_make_model,driver_imd_decile,lsoa_of_driver,escooter_flag,driver_distance_banding
2021010319622,2021,010319622,2,9,0,13,13,5,1,0,0,0,0,0,0,0,1,1,6,6,1,31,6,1796,1,18,BMW 3 SERIES,-1,-1,0,-1
2021451127345,2021,451127345,5,9,0,18,19,1,4,0,0,0,0,0,0,0,2,1,1,1,1,56,9,1995,2,4,BMW 3 SERIES,5,E01023905,0,-1
2021351046497,2021,351046497,1,9,0,7,7,7,1,0,0,4,0,0,0,0,4,1,6,6,1,-1,-1,2000,2,11,BMW 3 SERIES,1,E01015611,0,-1
202134WNC0341,2021,34WNC0341,2,9,0,9,9,1,6,0,0,6,0,0,0,0,3,1,6,6,1,40,7,1995,2,11,BMW 3 SERIES,-1,-1,0,-1
2021991059416,2021,991059416,1,9,0,13,13,1,5,0,0,0,0,0,0,0,4,1,5,6,2,31,6,1995,2,14,BMW 3 SERIES,3,-1,0,-1
2021131055144,2021,131055144,1,9,0,18,19,6,2,0,0,8,0,0,0,0,3,1,1,1,1,34,6,1995,2,14,BMW 3 SERIES,1,E01010632,0,-1
2021501024228,2021,501024228,1,9,0,18,19,8,4,0,0,0,0,0,8,4,3,1,6,6,1,27,6,1995,2,8,BMW 3 SERIES,3,E01015212,0,-1
202131A003221,2021,31A003221,1,9,0,3,3,1,5,0,0,1,0,0,0,0,2,1,2,2,1,26,6,1995,2,14,BMW 3 SERIES,2,E01019483,0,-1
2021052100303,2021,052100303,3,9,0,2,2,0,0,0,0,0,0,0,0,0,1,1,6,6,3,-1,-1,1995,2,15,BMW 3 SERIES,-1,-1,0,-1
2021010308489,2021,010308489,1,9,0,5,5,0,6,0,0,0,0,0,0,0,0,1,6,6,2,37,7,2171,1,20,BMW 3 SERIES,6,E01004529,0,-1
2021421108571,2021,421108571,1,9,0,16,19,6,2,0,0,0,0,0,1,0,1,1,5,6,1,31,6,2494,1,18,BMW 3 SERIES,4,E01021815,0,-1
2021421031041,2021,421031041,2,9,0,18,19,8,6,0,0,0,0,0,1,0,2,1,5,6,2,53,8,2993,2,10,BMW 3 SERIES,10,E01022062,0,-1
2021010324563,2021,010324563,2,9,0,99,99,9,9,0,0,2,0,0,0,0,9,1,6,6,1,28,6,2996,1,14,BMW 3 SERIES,2,E01003490,0,-1
2021421081616,2021,421081616,1,9,0,18,19,7,3,0,0,0,0,0,0,0,4,1,5,6,1,38,7,2979,1,14,BMW 3 SERIES,6,E01021705,0,-1
2021440186667,2021,440186667,2,9,0,10,10,3,2,0,0,1,0,0,0,0,2,1,6,6,2,68,10,1995,1,15,BMW 3 SERIES,8,E01023132,0,-1
2021520200680,2021,520200680,2,9,0,4,4,2,5,0,0,7,0,0,0,0,2,1,6,6,2,33,6,1995,2,8,BMW 3 SERIES,4,E01029241,0,-1
2021991033530,2021,991033530,1,9,0,18,19,4,7,0,0,1,0,0,0,0,3,1,5,6,1,42,7,1995,2,12,BMW 3 SERIES,3,-1,0,-1
2021351125419,2021,351125419,1,9,0,9,9,5,1,9,9,0,0,0,7,10,1,1,6,6,1,28,6,2979,1,18,BMW 3 SERIES,4,E01015655,0,-1
2021201040935,2021,201040935,4,9,0,18,19,8,4,0,0,1,0,0,0,0,0,1,1,1,1,-1,-1,2993,2,3,BMW 3 SERIES,-1,-1,0,-1
2021131037002,2021,131037002,2,9,0,18,19,1,5,0,0,8,0,0,0,0,1,1,6,6,1,32,6,1995,2,11,BMW 3 SERIES,1,E01011429,0,-1
2021010331595,2021,010331595,1,9,0,99,99,9,9,0,0,9,9,99,9,99,2,9,2,2,1,56,9,1895,1,23,BMW 3 SERIES,10,E01023711,0,-1
2021461073916,2021,461073916,1,9,0,18,19,7,3,0,0,0,0,0,0,0,1,1,5,6,1,39,7,1995,2,18,BMW 3 SERIES,1,E01024667,0,-1
2021052100787,2021,052100787,2,9,0,18,19,3,7,0,0,8,0,0,0,0,1,1,6,6,1,44,7,1995,2,11,BMW 3 SERIES,1,E01032508,0,-1
2021543303721,2021,543303721,1,9,0,18,19,8,4,0,0,1,0,0,0,0,1,1,6,6,1,37,7,1995,2,9,BMW 3 SERIES,6,E01004485,0,-1
2021201072976,2021,201072976,1,9,0,18,19,1,5,0,0,0,0,0,0,0,1,1,6,6,3,-1,-1,2993,2,5,BMW 3 SERIES,-1,-1,0,-1
2021010330594,2021,010330594,1,9,0,99,99,9,9,0,0,1,0,0,0,0,0,9,1,1,1,39,7,1995,2,9,BMW 3 SERIES,2,E01000041,0,-1
2021041066270,2021,041066270,1,9,0,9,9,5,1,0,0,2,0,0,0,0,1,1,6,6,1,25,5,1995,2,14,BMW 3 SERIES,2,E01012576,0,-1
2021010300402,2021,010300402,2,9,0,99,99,9,9,99,99,9,9,99,9,99,3,9,6,6,3,-1,-1,1995,2,3,BMW 3 SERIES,9,E01030379,0,-1
2021010329621,2021,010329621,1,9,0,7,7,6,1,0,0,1,0,0,0,0,4,1,6,6,3,-1,-1,1995,2,11,BMW 3 SERIES,-1,-1,0,-1
2021231049370,2021,231049370,1,9,0,5,5,8,4,0,0,6,0,0,0,0,4,1,2,2,1,54,8,2998,1,3,BMW 3 SERIES,7,E01031280,0,-1
202131A046621,2021,31A046621,1,9,0,18,19,7,3,0,0,8,0,0,0,0,1,1,1,1,1,33,6,1995,2,14,BMW 3 SERIES,6,E01028220,0,-1
2021010304161,2021,010304161,3,9,0,3,3,6,2,0,0,1,0,0,0,0,2,1,6,6,1,25,5,2000,1,13,BMW 3 SERIES,2,E01001795,0,-1
2021010312632,2021,010312632,3,9,9,18,19,3,7,99,99,9,9,99,9,99,9,1,6,6,3,-1,-1,1995,1,13,BMW 3 SERIES,-1,-1,0,-1
2021201139706,2021,201139706,2,9,0,17,19,1,6,0,0,2,0,0,0,0,0,1,6,6,1,-1,-1,2993,2,4,BMW 3 SERIES,5,E01009234,0,-1
2021201128036,2021,201128036,1,9,0,18,19,1,5,0,0,1,0,0,0,0,1,1,2,2,1,23,5,1995,2,7,BMW 3 SERIES,1,E01010269,0,-1
2021010313988,2021,010313988,2,9,0,5,5,3,7,0,0,5,0,0,0,0,1,1,6,6,1,38,7,1995,2,1,BMW 3 SERIES,3,E01003716,0,-1
2021010308970,2021,010308970,2,9,0,6,6,3,3,0,0,0,0,0,0,0,4,1,6,6,1,36,7,1998,1,2,BMW 3 SERIES,6,E01001415,0,-1
2021201070596,2021,201070596,2,9,0,2,2,0,0,0,0,0,0,0,0,0,3,1,5,6,2,-1,-1,2993,2,13,BMW 3 SERIES,-1,-1,0,-1
2021522104365,2021,522104365,3,9,0,3,3,5,1,0,0,0,0,0,0,0,2,1,6,6,1,49,8,2993,2,2,BMW 3 SERIES,2,E01014630,0,-1
2021010309073,2021,010309073,2,9,0,2,2,0,0,0,0,1,0,0,0,0,2,1,6,6,3,-1,-1,1998,1,2,BMW 3 SERIES,-1,-1,0,-1
2021302101024,2021,302101024,1,9,0,14,14,8,4,0,0,0,0,0,0,0,1,1,6,6,1,69,10,1995,1,18,BMW 3 SERIES,2,E01019699,0,-1
2021010290960,2021,010290960,1,9,0,99,99,9,9,99,99,9,9,99,9,99,1,9,6,6,1,26,6,1995,2,8,BMW 3 SERIES,6,E01002169,0,-1
2021440368369,2021,440368369,1,9,0,18,19,7,3,0,0,1,0,0,0,0,3,1,6,6,1,54,8,1995,2,14,BMW 3 SERIES,4,E01017058,0,-1
2021010287466,2021,010287466,2,9,0,99,99,9,9,99,99,9,9,99,9,99,1,9,6,6,3,-1,-1,1995,2,8,BMW 3 SERIES,-1,-1,0,-1
2021131064842,2021,131064842,1,9,0,18,19,3,7,0,0,1,0,0,0,0,4,1,5,6,1,36,7,1995,2,7,BMW 3 SERIES,1,E01010712,0,-1
2021041033564,2021,041033564,2,9,0,18,19,3,7,0,0,1,0,0,0,0,0,1,1,1,1,49,8,2993,2,5,BMW 3 SERIES,4,E01033071,0,-1
2021302100191,2021,302100191,1,9,0,16,19,6,2,0,0,0,1,0,0,0,3,1,6,6,1,22,5,2993,2,4,BMW 3 SERIES,1,E01013472,0,-1
2021010310880,2021,010310880,2,9,0,99,99,9,9,99,99,9,9,99,9,99,9,9,6,6,3,-1,-1,1995,2,8,BMW 3 SERIES,2,E01028873,0,-1
2021302100689,2021,302100689,1,8,0,18,19,2,6,0,0,1,0,0,0,0,1,1,2,2,1,61,9,1995,2,9,BMW 3 SERIES,8,E01019868,0,-1
2021131054997,2021,131054997,1,9,0,18,19,2,2,0,0,4,5,7,0,0,1,1,5,6,2,24,5,1995,2,5,BMW 3 SERIES,8,E01032503,0,-1
2021010311734,2021,010311734,2,9,0,4,4,5,1,0,0,1,0,0,0,0,3,1,6,6,1,44,7,1995,1,9,BMW 3 SERIES,1,E01004285,0,-1
2021010348364,2021,010348364,1,9,0,18,19,7,3,0,0,1,0,0,0,0,1,1,6,6,1,44,7,1997,1,9,BMW 3 SERIES,-1,-1,0,-1
2021501053646,2021,501053646,3,9,0,18,19,2,6,0,0,1,1,0,0,0,1,1,6,6,1,34,6,2979,1,19,BMW 3 SERIES,3,E01019052,0,-1
2021131038255,2021,131038255,1,9,0,16,19,6,1,0,0,0,0,4,0,0,1,1,5,6,1,35,6,2993,2,2,BMW 3 SERIES,-1,-1,0,-1
2021010290942,2021,010290942,2,9,0,18,19,3,7,0,0,8,0,0,0,0,1,1,6,6,1,53,8,2993,2,7,BMW 3 SERIES,7,E01002883,0,-1
2021131087733,2021,131087733,2,9,0,18,19,3,7,0,0,8,0,0,0,0,4,1,6,6,3,-1,-1,1995,2,9,BMW 3 SERIES,-1,-1,0,-1
2021111094867,2021,111094867,2,9,0,3,3,3,7,0,0,0,0,0,0,0,2,1,2,2,2,43,7,1998,1,2,BMW 3 SERIES,8,E01020828,0,-1
2021201142523,2021,201142523,3,9,0,18,19,4,8,0,0,1,0,0,0,0,0,1,1,1,1,-1,-1,2993,2,4,BMW 3 SERIES,-1,-1,0,-1
2021141101910,2021,141101910,1,9,0,18,19,3,7,0,0,1,5,10,7,0,1,1,6,6,1,38,7,1995,2,14,BMW 3 SERIES,2,E01007364,0,-1
2021070735035,2021,070735035,1,9,0,5,5,8,4,0,0,1,0,0,0,0,1,1,2,2,1,45,7,1499,1,5,BMW 3 SERIES,8,E01012557,0,-1
2021010289600,2021,010289600,2,9,0,99,99,9,9,99,99,9,9,99,9,99,9,9,6,6,3,-1,-1,1995,1,10,BMW 3 SERIES,2,E01003181,0,-1
2021471118054,2021,471118054,2,9,0,2,2,0,0,0,0,0,0,0,0,0,3,1,6,6,3,-1,-1,1995,2,5,BMW 3 SERIES,-1,-1,0,-1
2021501050022,2021,501050022,2,9,0,9,9,3,1,0,0,6,0,0,0,0,3,1,5,6,1,42,7,1995,2,7,BMW 3 SERIES,5,E01019924,0,-1
2021170L21361,2021,170L21361,1,9,0,9,9,2,8,0,0,8,0,0,0,0,1,1,6,6,2,25,5,1995,2,16,BMW 3 SERIES,3,E01020737,0,-1
2021061072112,2021,061072112,1,9,0,16,19,6,2,0,0,7,0,0,0,0,3,1,6,6,1,28,6,1995,2,3,BMW 3 SERIES,3,E01010793,0,-1
2021531031483,2021,531031483,2,9,0,18,19,1,5,0,0,8,0,0,0,0,3,1,5,6,1,34,6,1998,1,0,BMW 3 SERIES,6,E01022380,0,-1
2021010291493,2021,010291493,2,9,0,2,2,0,0,0,0,2,0,0,0,0,2,1,6,6,3,-1,-1,2979,1,17,BMW 3 SERIES,-1,-1,0,-1
2021221044830,2021,221044830,2,9,0,3,3,8,4,0,0,0,0,0,0,0,2,1,5,6,2,58,9,1998,1,5,BMW 3 SERIES,9,E01032185,0,-1
2021471109792,2021,471109792,2,9,0,2,2,0,0,0,0,0,0,0,0,0,2,1,6,6,3,-1,-1,1995,2,8,BMW 3 SERIES,-1,-1,0,-1
2021141033907,2021,141033907,2,9,0,9,9,6,8,0,0,8,0,0,0,0,1,1,6,6,3,-1,-1,1995,2,16,BMW 3 SERIES,-1,-1,0,-1
2021231129050,2021,231129050,1,9,0,18,19,3,7,0,0,0,0,0,2,0,1,1,5,6,1,28,6,1995,2,16,BMW 3 SERIES,8,E01009653,0,-1
2021131042993,2021,131042993,6,9,0,18,19,1,5,0,0,0,1,0,1,4,1,1,5,6,1,26,6,1995,2,9,BMW 3 SERIES,1,E01010606,0,-1
2021010350586,2021,010350586,2,9,0,8,8,1,3,0,0,2,0,0,0,0,3,1,6,6,1,59,9,1995,1,11,BMW 3 SERIES,4,E01001047,0,-1
2021138430314,2021,138430314,1,9,0,1,1,8,3,0,0,0,0,0,0,0,2,1,6,6,3,-1,-1,2993,2,6,BMW 3 SERIES,-1,-1,0,-1
2021010339191,2021,010339191,1,9,0,99,99,9,9,99,99,9,9,99,9,99,3,9,2,2,1,27,6,1998,1,0,BMW 3 SERIES,4,E01001194,0,-1
2021461020909,2021,461020909,1,9,0,4,4,7,3,0,0,0,1,0,0,0,1,1,5,6,1,28,6,1995,1,13,BMW 3 SERIES,-1,-1,0,-1
2021010301613,2021,010301613,1,9,0,5,5,8,4,0,0,8,0,0,0,0,1,1,2,2,1,25,5,1995,2,6,BMW 3 SERIES,4,E01002600,0,-1
2021010297575,2021,010297575,1,9,0,9,9,7,5,0,0,5,0,0,0,0,1,1,2,2,1,40,7,1995,2,8,BMW 3 SERIES,5,E01002492,0,-1
2021010300658,2021,010300658,2,9,0,15,15,1,5,0,0,1,0,0,0,0,3,1,2,2,1,44,7,1995,2,8,BMW 3 SERIES,3,E01001264,0,-1
2021010340302,2021,010340302,2,9,0,9,9,3,8,0,0,1,0,0,0,0,3,1,6,6,1,23,5,1997,1,9,BMW 3 SERIES,2,E01004197,0,-1
2021201122130,2021,201122130,2,9,0,5,5,6,4,0,0,6,0,10,1,11,3,1,6,6,1,33,6,2494,1,20,BMW 3 SERIES,5,E01009926,0,-1
2021201071758,2021,201071758,3,9,0,18,19,6,2,0,0,1,0,0,0,0,0,1,1,1,1,-1,-1,2993,2,3,BMW 3 SERIES,-1,-1,0,-1
2021061049130,2021,061049130,2,9,0,18,19,7,3,0,0,0,0,0,0,0,1,1,6,6,3,30,6,2993,2,8,BMW 3 SERIES,-1,-1,0,-1
2021520200987,2021,520200987,2,9,0,18,19,6,2,0,0,8,0,0,0,0,1,1,6,6,1,26,6,2993,2,6,BMW 3 SERIES,7,E01018901,0,-1
2021010340960,2021,010340960,1,9,0,18,19,4,8,0,0,0,1,0,0,0,2,1,6,6,1,22,5,1995,2,13,BMW 3 SERIES,10,E01001416,0,-1
2021061078520,2021,061078520,1,9,0,4,4,7,3,0,0,1,0,0,0,0,1,1,6,6,1,25,5,1995,2,8,BMW 3 SERIES,1,E01004820,0,-1
2021461107706,2021,461107706,2,9,0,18,19,3,7,0,0,4,0,0,0,0,2,1,6,6,2,44,7,1995,2,9,BMW 3 SERIES,7,E01024743,0,-1
2021131045454,2021,131045454,2,9,0,9,9,3,5,0,0,0,0,0,0,0,1,1,5,6,1,36,7,1995,2,9,BMW 3 SERIES,9,E01011457,0,-1
2021010333833,2021,010333833,1,9,0,18,19,2,6,0,0,1,0,7,0,0,1,1,6,6,1,75,10,1997,1,6,BMW 3 SERIES,10,E01000757,0,-1
2021371116461,2021,371116461,1,9,0,18,19,7,3,0,0,0,0,0,0,0,3,1,5,6,1,32,6,1998,8,0,BMW 3 SERIES,9,E01033045,0,-1
2021010296665,2021,010296665,3,9,0,18,19,5,1,0,0,0,0,0,0,0,3,1,6,6,2,24,5,2000,2,10,BMW 3 SERIES,2,E01001218,0,-1
2021101018501,2021,101018501,1,9,0,5,5,7,3,0,0,8,0,0,0,0,1,1,6,6,1,30,6,1995,2,15,BMW 3 SERIES,8,E01008761,0,-1
2021471078126,2021,471078126,2,9,0,18,19,7,3,0,0,0,0,0,0,0,2,1,5,6,2,72,10,1997,1,6,BMW 3 SERIES,7,E01031626,0,-1
2021371096974,2021,371096974,1,9,0,9,9,2,8,0,0,8,0,0,0,0,3,1,5,6,2,54,8,1997,1,7,BMW 3 SERIES,6,E01030232,0,-1
2021201142640,2021,201142640,3,9,0,18,19,6,2,0,0,1,0,0,0,0,0,1,1,1,1,-1,-1,2993,2,4,BMW 3 SERIES,5,E01009234,0,-1
2021471120670,2021,471120670,2,9,0,3,3,4,1,0,0,1,0,0,0,0,2,1,3,7,2,40,7,1995,2,15,BMW 3 SERIES,4,E01031608,0,-1
2021201142068,2021,201142068,1,9,0,9,9,4,2,0,0,6,0,0,0,0,1,1,6,6,1,33,6,1995,2,12,BMW 3 SERIES,1,E01010067,0,-1
2021991076973,2021,991076973,1,9,0,9,9,1,7,0,0,8,0,0,0,0,1,1,5,6,2,39,7,1995,2,3,BMW 3 SERIES,-1,-1,0,-1
2021010325401,2021,010325401,2,9,0,3,3,3,7,0,0,1,0,0,0,0,1,1,6,6,1,27,6,1995,2,7,BMW 3 SERIES,2,E01002097,0,-1
2021010350796,2021,010350796,3,9,0,3,3,1,5,0,0,0,0,0,0,0,2,1,2,2,1,28,6,1995,1,13,BMW 3 SERIES,9,E01015995,0,-1
2021201142602,2021,201142602,2,9,0,18,19,4,8,0,0,0,0,0,0,0,0,1,6,6,1,-1,-1,2993,2,0,BMW 3 SERIES,-1,-1,0,-1
2021010293964,2021,010293964,2,9,0,9,9,7,6,0,0,6,0,0,0,0,1,1,6,6,1,33,6,1995,2,5,BMW 3 SERIES,5,E01017706,0,-1
2021421022803,2021,421022803,1,9,0,10,10,1,6,0,0,1,0,0,0,0,1,1,5,6,1,21,5,1995,2,18,BMW 3 SERIES,3,E01021276,0,-1
2021201131578,2021,201131578,1,9,0,18,19,4,8,0,0,1,0,7,0,0,3,1,6,6,1,34,6,1995,2,10,BMW 3 SERIES,2,E01009833,0,-1
2021061049734,2021,061049734,1,9,-1,18,19,3,7,0,0,0,0,0,0,0,2,1,2,2,1,46,8,1995,2,8,BMW 3 SERIES,2,E01005514,0,-1
2021010351089,2021,010351089,2,9,0,5,5,1,5,0,0,8,0,0,0,0,1,1,6,6,1,20,4,1995,2,14,BMW 3 SERIES,-1,-1,0,-1
2021401125249,2021,401125249,2,9,0,18,19,5,1,0,0,1,0,0,0,0,3,1,6,6,1,25,5,1995,2,11,BMW 3 SERIES,4,E01015717,0,-1
2021430493447,2021,430493447,2,9,0,2,2,0,0,0,0,2,0,0,0,0,3,1,6,6,1,39,7,1995,1,16,BMW 3 SERIES,-1,-1,0,-1
2021010299370,2021,010299370,1,9,0,13,13,3,7,0,0,0,1,0,0,0,3,1,6,6,3,-1,-1,2497,1,14,BMW 3 SERIES,-1,-1,0,-1
2021101086802,2021,101086802,1,9,0,18,19,1,5,0,0,1,1,0,0,0,1,1,5,6,1,30,6,2000,2,10,BMW 3 SERIES,-1,-1,0,-1
2021061128077,2021,061128077,2,9,-1,15,15,5,1,0,0,1,0,0,0,0,3,1,6,6,3,30,6,1995,2,9,BMW 3 SERIES,-1,-1,0,-1
2021231064089,2021,231064089,2,8,0,4,4,6,2,0,0,0,0,0,0,0,4,1,1,1,1,28,6,1995,2,9,BMW 3 SERIES,1,E01009480,0,-1
2021501200094,2021,501200094,1,9,0,17,19,7,3,0,0,0,1,0,0,0,1,1,6,6,1,47,8,1995,2,17,BMW 3 SERIES,2,E01018984,0,-1
2021010321060,2021,010321060,2,9,0,18,19,1,5,9,9,8,0,0,0,0,4,2,6,6,3,-1,-1,1995,2,15,BMW 3 SERIES,9,E01002415,0,-1
2021111097298,2021,111097298,1,9,0,17,19,3,8,0,0,0,1,0,1,11,1,1,6,6,1,44,7,1995,2,14,BMW 3 SERIES,2,E01020802,0,-1
2021010298376,2021,010298376,2,9,0,18,19,5,1,0,0,8,0,4,0,0,3,1,6,6,1,25,5,2996,1,13,BMW 3 SERIES,3,E01004633,0,-1
2021131114424,2021,131114424,2,9,0,11,11,5,1,0,0,8,0,0,0,0,1,1,1,1,1,47,8,2993,2,3,BMW 3 SERIES,-1,-1,0,-1
2021052100914,2021,052100914,2,9,0,18,19,5,1,0,0,0,0,0,0,0,1,1,1,1,1,41,7,2993,2,2,BMW 3 SERIES,2,E01006751,0,-1
2021201067507,2021,201067507,4,9,0,18,19,3,7,0,0,0,0,4,0,0,4,1,6,6,1,-1,-1,2993,2,3,BMW 3 SERIES,-1,-1,0,-1
2021430197491,2021,430197491,1,9,0,3,3,6,2,0,0,4,0,0,0,0,2,1,6,6,1,44,7,1998,8,2,BMW 3 SERIES,8,E01002106,0,-1
2021010313220,2021,010313220,2,9,9,99,99,9,9,99,99,4,9,99,9,99,9,9,6,6,1,-1,-1,2979,1,14,BMW 3 SERIES,4,E01003770,0,-1
2021361084826,2021,361084826,2,9,0,18,19,1,5,0,0,1,0,0,0,0,3,1,5,6,1,25,5,1995,2,11,BMW 3 SERIES,5,E01026738,0,-1
2021461109137,2021,461109137,2,9,0,18,19,5,1,0,0,6,0,0,0,0,1,1,5,6,1,30,6,1995,2,12,BMW 3 SERIES,5,E01024701,0,-1
2021010305141,2021,010305141,1,9,0,18,19,5,1,0,0,0,0,0,0,0,1,1,6,6,1,31,6,2998,1,4,BMW 3 SERIES,9,E01002417,0,-1
2021211082509,2021,211082509,1,9,0,18,19,8,4,0,0,0,0,0,0,0,1,1,6,6,1,49,8,1995,2,3,BMW 3 SERIES,7,E01029694,0,-1
2021010290768,2021,010290768,3,9,0,5,5,3,7,0,0,5,0,0,0,0,3,1,6,6,1,33,6,1995,2,8,BMW 3 SERIES,7,E01002269,0,-1
2021361074035,2021,361074035,2,9,0,10,10,1,7,0,0,1,0,0,0,0,2,1,6,6,2,56,9,1995,1,12,BMW 3 SERIES,6,E01026451,0,-1
2021010340539,2021,010340539,3,9,0,2,2,0,0,0,0,1,0,0,0,0,2,1,6,6,3,-1,-1,2996,1,12,BMW 3 SERIES,-1,-1,0,-1
2021061055549,2021,061055549,4,9,0,18,19,7,3,0,0,0,0,0,0,0,0,1,1,1,3,30,6,2993,2,5,BMW 3 SERIES,-1,-1,0,-1
2021201090901,2021,201090901,4,9,0,18,19,8,4,0,0,1,0,10,0,0,0,1,1,1,1,23,5,1998,1,2,BMW 3 SERIES,2,E01010406,0,-1
2021010350710,2021,010350710,1,9,0,18,19,5,1,0,0,1,0,0,0,0,4,1,6,6,2,46,8,1995,2,12,BMW 3 SERIES,4,E01004642,0,-1
2021461077762,2021,461077762,2,9,0,18,19,5,1,0,0,1,0,0,0,0,1,1,6,6,1,29,6,3000,2,12,BMW 3 SERIES,7,E01024569,0,-1
2021501102203,2021,501102203,4,9,0,18,19,3,7,0,0,0,0,0,0,0,0,1,6,6,2,-1,-1,2993,2,3,BMW 3 SERIES,4,E01015029,0,-1
2021101109569,2021,101109569,2,9,0,5,5,5,1,0,0,0,0,0,0,0,2,1,6,6,2,36,7,2993,2,6,BMW 3 SERIES,3,E01008441,0,-1
2021201052046,2021,201052046,1,9,0,5,5,5,8,0,0,0,0,0,0,0,1,1,6,6,3,-1,-1,1998,1,1,BMW 3 SERIES,-1,-1,0,-1
2021010338306,2021,010338306,2,9,0,6,6,7,7,0,0,1,0,0,0,0,3,1,6,6,1,47,8,2998,1,5,BMW 3 SERIES,9,E01006373,0,-1
202154A295321,2021,54A295321,1,9,0,18,19,3,7,0,0,1,0,0,0,0,4,1,6,6,1,24,5,2000,2,10,BMW 3 SERIES,6,E01031846,0,-1
2021610063721,2021,610063721,1,9,0,18,19,8,4,0,0,8,0,0,0,0,1,1,6,6,2,37,7,1995,2,11,BMW 3 SERIES,8,W01001904,0,-1
2021351018443,2021,351018443,1,9,0,18,19,6,4,0,0,0,0,0,0,0,1,1,6,6,1,31,6,1995,2,10,BMW 3 SERIES,6,E01018061,0,-1
2021010308803,2021,010308803,2,9,9,99,99,9,9,99,99,9,9,99,9,99,1,9,6,6,3,33,6,1998,1,2,BMW 3 SERIES,9,E01004053,0,-1
2021440272644,2021,440272644,1,9,0,16,19,4,8,0,0,0,1,0,2,1,1,1,6,6,1,24,5,1796,1,23,BMW 3 SERIES,5,E01023201,0,-1
2021411100716,2021,411100716,2,9,0,18,19,1,5,0,0,0,0,0,0,0,2,1,6,6,2,29,6,1995,2,12,BMW 3 SERIES,5,E01017378,0,-1
2021411141368,2021,411141368,1,9,0,9,9,-1,-1,0,0,1,0,0,0,0,1,1,6,6,1,28,6,1995,2,4,BMW 3 SERIES,3,E01023397,0,-1
2021010325246,2021,010325246,2,9,0,99,99,9,9,99,99,9,9,99,9,99,1,9,6,6,3,-1,-1,1997,1,9,BMW 3 SERIES,-1,-1,0,-1
2021010309388,2021,010309388,2,9,0,12,12,7,3,0,0,0,0,0,0,0,2,1,6,6,1,49,8,2497,1,14,BMW 3 SERIES,2,E01001202,0,-1
2021201083520,2021,201083520,5,9,0,18,19,8,4,0,0,1,0,0,0,0,1,1,1,1,1,-1,-1,2993,2,4,BMW 3 SERIES,-1,-1,0,-1
2021302102018,2021,302102018,2,9,0,2,2,0,0,0,0,0,0,0,0,0,3,2,6,6,3,-1,-1,1995,2,13,BMW 3 SERIES,-1,-1,0,-1
2021501090562,2021,501090562,2,9,0,18,19,7,3,0,0,0,0,11,0,0,1,1,6,6,2,54,8,1995,2,8,BMW 3 SERIES,4,E01020097,0,-1
2021070831583,2021,070831583,3,9,0,18,19,5,1,0,0,0,0,0,0,0,3,1,1,1,1,42,7,1995,2,2,BMW 3 SERIES,2,E01018467,0,-1
2021101067833,2021,101067833,2,9,0,9,9,7,3,0,0,5,1,0,0,0,4,1,5,6,1,28,6,1998,1,1,BMW 3 SERIES,-1,-1,0,-1
2021010320165,2021,010320165,2,9,0,12,12,5,1,0,0,0,0,0,0,0,3,1,2,2,2,34,6,1995,2,3,BMW 3 SERIES,4,E01001595,0,-1
2021320684059,2021,320684059,3,9,0,18,19,8,4,0,0,1,0,0,0,0,1,1,6,6,2,23,5,1995,2,15,BMW 3 SERIES,3,E01026174,0,-1
2021545435121,2021,545435121,2,9,0,18,19,7,3,0,0,8,0,0,0,0,0,1,6,6,1,36,7,1995,2,16,BMW 3 SERIES,7,E01032046,0,-1
2021361060467,2021,361060467,1,9,0,5,5,4,7,0,0,1,0,0,0,0,1,1,6,6,1,63,9,1995,2,2,BMW 3 SERIES,4,E01026522,0,-1
2021501089479,2021,501089479,2,9,0,18,19,7,3,0,0,8,1,0,0,0,1,1,6,6,1,36,7,2993,2,7,BMW 3 SERIES,7,E01020219,0,-1
2021440166920,2021,440166920,1,9,0,16,19,6,2,0,0,0,0,0,7,11,1,1,6,6,1,28,6,2996,1,11,BMW 3 SERIES,7,E01023123,0,-1
2021302101004,2021,302101004,1,9,0,17,19,8,2,0,0,7,1,0,0,0,1,1,6,6,1,19,4,1995,2,10,BMW 3 SERIES,10,E01013466,0,-1
202131C008521,2021,31C008521,1,9,0,9,9,8,6,0,0,6,0,0,0,0,4,1,2,2,1,33,6,1998,8,5,BMW 3 SERIES,6,E01028156,0,-1
2021991130897,2021,991130897,1,9,0,18,19,1,5,0,0,1,0,0,0,0,1,1,6,6,3,20,4,1995,2,9,BMW 3 SERIES,-1,-1,0,-1
2021061037087,2021,061037087,2,9,0,18,19,7,7,0,0,0,0,0,0,0,1,1,6,6,1,28,6,1995,2,8,BMW 3 SERIES,2,E01005976,0,-1
2021010306928,2021,010306928,1,9,0,18,19,5,1,0,0,0,0,0,0,0,1,1,6,6,1,37,7,2996,1,13,BMW 3 SERIES,3,E01000114,0,-1