collision_index,collision_year,collision_ref_no,vehicle_reference,vehicle_type,towing_and_articulation,vehicle_manoeuvre_historic,vehicle_manoeuvre,vehicle_direction_from,vehicle_direction_to,vehicle_location_restricted_lane_historic,vehicle_location_restricted_lane,junction_location,skidding_and_overturning,hit_object_in_carriageway,vehicle_leaving_carriageway,hit_object_off_carriageway,first_point_of_impact,vehicle_left_hand_drive,journey_purpose_of_driver_historic,journey_purpose_of_driver,sex_of_driver,age_of_driver,age_band_of_driver,engine_capacity_cc,propulsion_code,age_of_vehicle,generic_make_model,driver_imd_decile,lsoa_of_driver,escooter_flag,driver_distance_banding
2021231030894,2021,231030894,2,9,0,7,7,2,3,0,0,5,0,0,1,10,2,1,2,2,1,50,8,2926,2,19,BMW 3 SERIES,4,E01031238,0,-1
2021131032731,2021,131032731,1,9,0,4,4,3,7,0,0,0,0,0,0,0,2,1,6,6,3,30,6,2993,2,6,BMW 3 SERIES,-1,-1,0,-1
2021010309111,2021,010309111,3,9,0,2,2,0,0,0,0,1,0,0,0,0,3,1,6,6,3,-1,-1,1598,1,7,BMW 3 SERIES,-1,-1,0,-1
2021010315930,2021,010315930,2,9,0,9,9,4,2,0,0,2,0,0,0,0,1,1,6,6,3,20,4,1998,1,0,BMW 3 SERIES,-1,-1,0,-1
2021201041566,2021,201041566,1,9,0,13,13,4,8,0,0,0,0,4,0,0,1,1,6,6,3,-1,-1,2993,2,9,BMW 3 SERIES,-1,-1,0,-1
2021070681304,2021,070681304,1,9,0,17,19,1,5,0,0,0,1,0,2,7,1,1,1,1,1,40,7,2993,12,0,BMW 3 SERIES,9,E01018737,0,-1
2021010307981,2021,010307981,1,9,0,9,9,5,2,0,0,8,0,0,0,0,1,1,6,6,1,29,6,1598,1,8,BMW 3 SERIES,2,E01003066,0,-1
2021061071137,2021,061071137,2,9,0,16,19,1,5,0,0,8,0,0,0,0,1,1,2,2,1,63,9,1995,2,11,BMW 3 SERIES,2,E01004824,0,-1
2021010289602,2021,010289602,1,9,0,4,4,7,3,0,0,3,0,0,0,0,2,1,6,6,1,45,7,1995,1,11,BMW 3 SERIES,4,E01001167,0,-1
2021552100248,2021,552100248,2,9,0,18,19,3,7,0,0,8,0,0,0,0,1,1,2,2,1,20,4,1995,2,16,BMW 3 SERIES,5,E01015444,0,-1
2021201076231,2021,201076231,1,9,0,18,19,3,7,0,0,0,0,0,0,0,1,1,6,6,1,34,6,1995,2,8,BMW 3 SERIES,1,E01009639,0,-1
2021010336608,2021,010336608,2,9,0,99,99,9,9,99,99,0,9,99,9,99,2,9,6,6,3,-1,-1,1998,1,1,BMW 3 SERIES,2,E01002840,0,-1
2021131054177,2021,131054177,2,9,0,9,9,3,1,0,0,4,0,0,0,0,-1,1,6,6,3,-1,-1,1995,1,14,BMW 3 SERIES,-1,-1,0,-1
2021010316086,2021,010316086,2,9,0,99,99,9,9,99,99,9,9,99,9,99,1,9,6,6,2,30,6,2000,1,13,BMW 3 SERIES,6,E01004059,0,-1
2021421041590,2021,421041590,2,9,0,18,19,6,2,0,0,0,0,0,0,0,2,1,2,2,2,27,6,1995,1,15,BMW 3 SERIES,8,E01021578,0,-1
2021471102360,2021,471102360,3,9,0,18,19,6,2,0,0,0,0,0,0,0,1,1,5,6,1,27,6,1998,1,0,BMW 3 SERIES,10,E01031678,0,-1
2021461071796,2021,461071796,1,9,0,18,19,4,7,0,0,0,0,0,0,0,1,1,6,6,1,27,6,1998,1,2,BMW 3 SERIES,2,E01024315,0,-1
2021070251851,2021,070251851,3,9,0,18,19,4,8,0,0,1,0,0,0,0,0,1,1,1,1,30,6,2993,2,2,BMW 3 SERIES,8,E01012532,0,-1
2021302101735,2021,302101735,2,9,0,2,2,0,0,0,0,0,0,0,0,0,2,1,6,6,2,42,7,2993,2,3,BMW 3 SERIES,5,E01019456,0,-1
2021471099149,2021,471099149,3,9,0,18,19,7,3,0,0,2,0,0,0,0,2,1,1,1,1,38,7,2993,2,3,BMW 3 SERIES,8,E01021209,0,-1
2021010339436,2021,010339436,2,9,0,7,7,5,7,0,0,1,0,0,1,0,3,1,6,6,1,75,10,1596,1,23,BMW 3 SERIES,6,E01003852,0,-1
2021371143724,2021,371143724,1,9,0,17,19,7,4,0,0,8,0,0,0,0,3,1,6,6,1,19,4,1900,1,20,BMW 3 SERIES,4,E01030161,0,-1
2021211089184,2021,211089184,1,9,-1,-1,-1,-1,-1,-1,-1,0,-1,-1,-1,0,-1,1,6,6,1,-1,-1,1995,1,11,BMW 3 SERIES,4,E01033625,0,-1
2021010319715,2021,010319715,2,9,9,99,99,9,9,99,99,9,9,99,9,99,9,9,6,6,3,-1,-1,1995,2,18,BMW 3 SERIES,-1,-1,0,-1
2021131110821,2021,131110821,1,9,0,18,19,4,8,0,0,8,0,0,0,0,3,1,6,6,1,32,6,1995,2,13,BMW 3 SERIES,1,E01011677,0,-1
202134NNC5341,2021,34NNC5341,2,9,0,18,19,2,6,0,0,0,0,0,0,0,4,1,6,6,1,28,6,1995,2,7,BMW 3 SERIES,8,E01026977,0,-1
2021052102547,2021,052102547,1,9,0,9,9,8,6,0,0,1,0,0,0,0,1,1,6,6,1,35,6,1998,1,3,BMW 3 SERIES,1,E01006515,0,-1
2021991048054,2021,991048054,2,9,0,18,19,7,3,0,0,0,0,0,0,0,2,1,6,6,1,21,5,1995,2,6,BMW 3 SERIES,8,-1,0,-1
2021421072033,2021,421072033,1,9,0,18,19,5,1,0,0,0,0,0,0,0,1,1,5,6,1,27,6,2494,1,28,BMW 3 SERIES,9,E01021828,0,-1
2021010330449,2021,010330449,1,9,0,18,19,7,3,0,0,1,1,0,1,11,1,1,6,6,1,32,6,3000,1,20,BMW 3 SERIES,-1,-1,0,-1
2021061030907,2021,061030907,1,9,0,18,19,2,6,0,0,0,1,0,0,0,4,1,1,1,1,30,6,2993,2,4,BMW 3 SERIES,-1,-1,0,-1
2021010315410,2021,010315410,2,9,0,99,99,9,9,99,99,9,9,99,9,99,1,9,6,6,3,-1,-1,1995,1,15,BMW 3 SERIES,-1,-1,0,-1
2021010329176,2021,010329176,2,9,0,3,3,5,1,0,0,0,0,0,1,0,2,1,6,6,1,49,8,1995,2,7,BMW 3 SERIES,-1,-1,0,-1
2021041044556,2021,041044556,1,9,0,18,19,3,7,0,0,3,0,0,0,0,1,1,6,6,1,29,6,1995,2,8,BMW 3 SERIES,2,E01012625,0,-1
2021501061069,2021,501061069,1,9,0,16,19,6,1,0,0,1,1,0,2,11,1,1,6,6,1,38,7,2000,2,11,BMW 3 SERIES,1,E01015048,0,-1
2021461059504,2021,461059504,1,9,0,11,11,1,5,0,0,0,0,0,0,0,4,1,5,6,1,20,4,1995,2,8,BMW 3 SERIES,8,E01016028,0,-1
2021010349916,2021,010349916,2,9,0,99,99,9,9,99,99,0,9,99,9,99,2,9,6,6,1,37,7,1998,1,4,BMW 3 SERIES,3,E01002756,0,-1
2021231094507,2021,231094507,1,9,0,1,1,1,5,0,0,6,0,4,0,0,2,1,5,6,1,39,7,2993,2,13,BMW 3 SERIES,4,E01031060,0,-1
2021161021105,2021,161021105,1,9,0,3,3,1,5,0,0,2,0,0,0,0,2,1,6,6,1,26,6,2993,2,9,BMW 3 SERIES,1,E01013203,0,-1
2021010302911,2021,010302911,2,9,0,18,19,3,7,0,0,2,0,0,0,0,1,1,6,6,1,31,6,2996,1,13,BMW 3 SERIES,6,E01001597,0,-1
2021010317444,2021,010317444,1,9,0,5,5,8,4,0,0,4,0,0,0,0,0,1,6,6,2,37,7,1598,1,8,BMW 3 SERIES,6,E01002479,0,-1
2021411116657,2021,411116657,1,9,0,4,4,5,1,0,0,0,0,0,0,0,1,1,1,1,1,26,6,1995,2,10,BMW 3 SERIES,2,E01028110,0,-1
2021010316104,2021,010316104,1,9,0,7,7,7,1,0,0,4,1,10,3,7,1,1,1,1,1,28,6,1995,2,5,BMW 3 SERIES,1,E01004205,0,-1
2021351057019,2021,351057019,1,9,0,18,19,1,5,0,0,0,5,0,7,0,0,1,5,6,1,40,7,2979,1,15,BMW 3 SERIES,9,E01018162,0,-1
2021501058565,2021,501058565,1,9,0,2,2,3,7,0,0,0,0,4,0,0,1,1,5,6,2,37,7,1995,2,4,BMW 3 SERIES,8,E01020110,0,-1
2021010302984,2021,010302984,2,9,0,2,2,0,0,0,0,1,0,0,0,0,1,1,6,6,3,-1,-1,1995,2,9,BMW 3 SERIES,-1,-1,0,-1
2021010330551,2021,010330551,2,9,0,99,99,9,9,99,99,0,9,99,9,99,2,9,6,6,3,-1,-1,1998,1,1,BMW 3 SERIES,-1,-1,0,-1
2021221028096,2021,221028096,1,9,0,18,19,8,4,0,0,0,2,0,2,4,1,1,5,6,1,24,5,2926,2,18,BMW 3 SERIES,5,E01014927,0,-1
2021010312717,2021,010312717,2,9,0,14,14,5,1,0,0,0,0,0,0,0,0,1,6,6,1,35,6,1995,2,11,BMW 3 SERIES,3,E01000138,0,-1
2021430117125,2021,430117125,1,9,0,7,7,3,5,0,0,8,0,0,0,0,1,1,6,6,1,33,6,1995,2,8,BMW 3 SERIES,5,E01016731,0,-1
2021010347803,2021,010347803,1,9,0,7,7,5,8,0,0,1,0,0,0,0,1,1,6,6,1,27,6,1995,2,2,BMW 3 SERIES,3,E01001045,0,-1
2021131059032,2021,131059032,1,9,0,9,9,4,1,0,0,8,0,0,0,0,1,1,6,6,2,50,8,1995,2,7,BMW 3 SERIES,7,E01011329,0,-1
2021991027849,2021,991027849,3,9,0,4,4,8,4,0,0,0,0,0,0,0,1,1,2,2,1,24,5,1995,2,3,BMW 3 SERIES,4,-1,0,-1
202131A128121,2021,31A128121,2,9,0,10,10,4,8,0,0,1,0,0,0,0,2,1,6,6,1,46,8,2979,1,14,BMW 3 SERIES,7,E01027961,0,-1
2021302100918,2021,302100918,2,9,0,18,19,8,4,0,0,1,0,0,0,0,2,1,6,6,1,29,6,1995,2,16,BMW 3 SERIES,2,E01033172,0,-1
2021451073333,2021,451073333,1,9,0,5,5,1,5,0,0,0,0,0,0,0,1,1,2,2,1,58,9,2979,1,19,BMW 3 SERIES,10,E01030417,0,-1
2021010338345,2021,010338345,2,9,0,2,2,0,0,0,0,2,0,0,7,0,4,1,6,6,3,-1,-1,1995,2,8,BMW 3 SERIES,-1,-1,0,-1
2021471091188,2021,471091188,3,9,0,4,4,3,7,0,0,0,0,0,0,0,2,1,5,6,1,29,6,2000,2,10,BMW 3 SERIES,1,E01016947,0,-1
2021201109904,2021,201109904,3,9,0,2,2,0,0,0,0,0,0,4,0,0,3,1,6,6,3,-1,-1,1499,1,4,BMW 3 SERIES,-1,-1,0,-1
2021531064728,2021,531064728,1,9,0,18,19,5,8,0,0,1,0,0,0,0,4,1,5,6,1,83,11,1995,2,19,BMW 3 SERIES,5,E01022218,0,-1
2021131035675,2021,131035675,2,9,0,18,19,7,3,0,0,0,0,0,0,0,0,1,1,1,1,43,7,2993,2,4,BMW 3 SERIES,6,E01011885,0,-1
2021111109598,2021,111109598,2,9,0,18,19,8,5,0,0,0,0,0,0,0,3,1,6,6,1,64,9,2993,2,3,BMW 3 SERIES,3,E01019228,0,-1
2021461114405,2021,461114405,2,9,0,18,19,7,3,0,0,0,0,0,0,0,1,1,6,6,1,27,6,2993,2,7,BMW 3 SERIES,9,E01024754,0,-1
2021201065518,2021,201065518,2,9,0,18,19,6,2,0,0,8,0,0,0,0,3,1,2,2,1,45,7,1995,2,4,BMW 3 SERIES,7,E01009858,0,-1
2021401110424,2021,401110424,4,9,0,15,15,7,3,0,0,0,0,0,0,0,1,1,6,6,2,44,7,1995,2,4,BMW 3 SERIES,10,E01017373,0,-1
2021320003743,2021,320003743,1,9,0,17,19,6,2,0,0,0,1,0,7,4,4,1,2,2,1,31,6,2979,1,19,BMW 3 SERIES,1,E01026312,0,-1
2021201040838,2021,201040838,2,9,0,18,19,4,8,0,0,0,0,10,7,0,1,1,1,1,1,-1,-1,2993,2,4,BMW 3 SERIES,-1,-1,0,-1
2021522102598,2021,522102598,2,9,0,4,4,3,7,0,0,0,0,0,0,0,1,1,6,6,2,35,6,1995,2,8,BMW 3 SERIES,-1,-1,0,-1
2021010332097,2021,010332097,2,9,0,99,99,9,9,99,99,0,9,99,9,99,2,9,2,2,1,21,5,2979,1,16,BMW 3 SERIES,4,E01003441,0,-1
2021552100583,2021,552100583,1,9,0,18,19,6,2,0,0,0,1,0,7,6,1,1,2,2,2,19,4,1995,1,9,BMW 3 SERIES,7,E01020405,0,-1
2021131034478,2021,131034478,2,9,0,2,2,0,0,0,0,0,0,0,0,0,1,1,6,6,3,-1,-1,1995,2,8,BMW 3 SERIES,-1,-1,0,-1
2021201084694,2021,201084694,4,9,0,2,2,0,0,9,9,2,0,0,0,0,2,1,5,6,1,-1,-1,1995,2,9,BMW 3 SERIES,-1,-1,0,-1
2021070219768,2021,070219768,1,9,0,9,9,4,3,0,0,8,0,0,0,0,3,1,2,2,1,44,7,1995,2,4,BMW 3 SERIES,9,E01012490,0,-1
2021010291897,2021,010291897,1,9,0,99,99,9,9,99,99,0,9,99,9,99,1,9,6,6,3,-1,-1,1995,2,15,BMW 3 SERIES,-1,-1,0,-1
2021401115511,2021,401115511,1,9,0,5,5,8,4,0,0,1,0,0,0,0,1,1,6,6,1,-1,-1,1995,2,8,BMW 3 SERIES,2,E01015781,0,-1
2021010334065,2021,010334065,1,9,3,9,9,3,1,0,0,8,0,0,0,0,3,1,6,6,1,65,9,1997,1,9,BMW 3 SERIES,3,E01001942,0,-1
2021351149271,2021,351149271,3,9,0,7,7,3,6,0,0,6,0,0,0,0,3,1,5,6,1,55,8,2000,2,10,BMW 3 SERIES,6,E01018139,0,-1
2021421012524,2021,421012524,1,9,0,18,19,3,7,0,0,0,0,0,0,0,1,1,6,6,1,48,8,2996,1,14,BMW 3 SERIES,6,E01021472,0,-1
2021991103394,2021,991103394,2,9,0,4,4,3,7,0,0,0,0,0,4,6,2,1,5,6,1,47,8,2993,2,8,BMW 3 SERIES,2,-1,0,-1
2021201083474,2021,201083474,2,9,0,18,19,2,6,0,0,1,0,0,0,0,1,1,1,1,1,-1,-1,2993,2,4,BMW 3 SERIES,5,E01009234,0,-1
2021010331176,2021,010331176,3,9,0,18,19,1,5,0,0,0,1,0,0,0,1,1,6,6,1,29,6,1995,1,19,BMW 3 SERIES,9,E01003837,0,-1
202131A101521,2021,31A101521,2,9,0,16,19,6,8,0,0,1,0,0,0,0,1,1,6,6,1,34,6,2171,1,17,BMW 3 SERIES,3,E01028232,0,-1
2021131114959,2021,131114959,3,9,0,18,19,5,1,0,0,0,0,0,0,0,3,1,5,6,1,33,6,1995,2,14,BMW 3 SERIES,7,E01011873,0,-1
2021471106699,2021,471106699,1,9,0,-1,-1,-1,-1,0,0,2,0,0,0,0,-1,1,6,6,3,-1,-1,1995,1,13,BMW 3 SERIES,-1,-1,0,-1
2021421092710,2021,421092710,1,9,0,5,5,5,1,0,0,4,0,0,1,0,1,1,2,2,1,71,10,1998,1,2,BMW 3 SERIES,9,E01021782,0,-1
2021522201361,2021,522201361,2,9,0,18,19,2,6,0,0,8,0,0,0,0,1,1,6,6,1,25,5,1995,1,11,BMW 3 SERIES,6,E01014631,0,-1
2021170H10471,2021,170H10471,1,9,0,18,19,7,3,0,0,0,0,0,0,0,1,1,1,1,1,42,7,2993,2,2,BMW 3 SERIES,-1,-1,0,-1
2021471076941,2021,471076941,1,9,0,13,13,5,1,0,0,0,0,0,0,0,4,1,5,6,1,37,7,2171,1,20,BMW 3 SERIES,7,E01003456,0,-1
2021401022626,2021,401022626,1,9,0,11,11,5,1,0,0,0,1,0,0,0,4,1,6,6,1,50,8,2494,1,16,BMW 3 SERIES,8,E01017583,0,-1
2021201134813,2021,201134813,1,9,0,18,19,7,4,0,0,6,0,0,0,0,1,1,6,6,3,-1,-1,1995,2,4,BMW 3 SERIES,-1,-1,0,-1
2021010301118,2021,010301118,5,9,0,4,4,7,3,0,0,0,0,0,0,0,2,1,6,6,1,27,6,1995,2,9,BMW 3 SERIES,5,E01000070,0,-1
2021552100728,2021,552100728,1,9,0,7,7,1,4,0,0,4,0,0,0,0,1,1,6,6,1,24,5,1995,1,13,BMW 3 SERIES,2,E01015280,0,-1
2021302100946,2021,302100946,2,9,0,17,19,2,8,0,0,8,0,0,0,0,4,1,2,2,2,31,6,2993,2,14,BMW 3 SERIES,4,E01019522,0,-1
2021302100217,2021,302100217,2,9,0,9,9,2,6,0,0,8,0,0,0,0,3,1,6,6,1,40,7,1995,2,12,BMW 3 SERIES,3,E01019437,0,-1
2021371082645,2021,371082645,1,9,0,18,19,1,5,0,0,0,0,0,0,0,1,1,1,1,1,26,6,1995,2,8,BMW 3 SERIES,3,E01001213,0,-1
2021440411736,2021,440411736,3,9,0,18,19,1,5,0,0,0,0,0,0,0,1,1,6,6,1,44,7,1995,2,15,BMW 3 SERIES,2,E01022934,0,-1
2021231044814,2021,231044814,1,9,0,18,19,8,4,0,0,1,0,0,0,0,1,1,5,6,1,28,6,1995,2,9,BMW 3 SERIES,-1,-1,0,-1
202131B120021,2021,31B120021,1,9,0,18,19,8,4,0,0,1,0,0,0,0,1,1,3,7,2,39,7,1995,2,14,BMW 3 SERIES,4,E01028291,0,-1
2021131089743,2021,131089743,1,9,0,4,4,4,8,0,0,0,0,0,0,0,0,1,6,6,3,-1,-1,1998,1,4,BMW 3 SERIES,-1,-1,0,-1
2021201142557,2021,201142557,1,9,0,4,4,3,7,0,0,2,0,4,0,0,1,1,1,1,1,-1,-1,2993,2,2,BMW 3 SERIES,-1,-1,0,-1
2021131083684,2021,131083684,3,9,0,18,19,5,1,0,0,0,0,0,0,0,1,1,1,1,1,38,7,2993,2,2,BMW 3 SERIES,6,E01011885,0,-1
2021010321047,2021,010321047,1,9,0,7,7,5,7,0,0,8,0,0,0,0,1,1,6,6,1,50,8,1998,8,5,BMW 3 SERIES,2,E01003984,0,-1
2021161071802,2021,161071802,2,9,0,18,19,5,1,0,0,8,0,0,0,0,1,1,6,6,1,40,7,2996,1,14,BMW 3 SERIES,9,E01013257,0,-1
2021010343089,2021,010343089,2,9,0,99,99,9,9,99,99,9,9,99,9,99,1,9,6,6,3,-1,-1,1995,2,5,BMW 3 SERIES,-1,-1,0,-1
202106F079434,2021,06F079434,1,9,0,18,19,3,7,0,0,0,0,0,0,0,2,1,6,6,1,32,6,1995,2,11,BMW 3 SERIES,6,E01032909,0,-1
2021161071764,2021,161071764,1,9,0,18,19,4,2,0,0,0,0,0,0,0,3,1,6,6,2,25,5,1995,12,0,BMW 3 SERIES,3,E01010665,0,-1
2021010296808,2021,010296808,2,9,9,1,1,5,1,0,0,1,9,99,0,0,2,9,6,6,3,-1,-1,2497,1,15,BMW 3 SERIES,-1,-1,0,-1
2021201022486,2021,201022486,1,9,0,18,19,8,4,0,0,0,5,10,0,0,3,1,6,6,1,25,5,2979,1,17,BMW 3 SERIES,-1,-1,0,-1
2021131093634,2021,131093634,2,9,0,4,4,5,1,0,0,0,0,0,0,0,2,1,5,6,1,35,6,2993,2,8,BMW 3 SERIES,4,E01011546,0,-1
2021131082144,2021,131082144,1,9,0,9,9,5,7,0,0,8,0,0,0,0,3,1,1,1,1,26,6,1995,2,15,BMW 3 SERIES,2,E01011740,0,-1
2021010312502,2021,010312502,1,9,0,99,99,9,9,99,99,9,9,99,9,99,9,9,6,6,1,20,4,1995,2,5,BMW 3 SERIES,2,E01004535,0,-1
2021010339623,2021,010339623,1,9,0,99,99,9,9,99,99,9,9,99,9,99,2,9,2,2,1,27,6,1995,2,11,BMW 3 SERIES,6,E01002129,0,-1
2021101069752,2021,101069752,1,9,0,15,15,8,4,0,0,2,0,0,0,0,0,1,6,6,2,-1,-1,1995,1,16,BMW 3 SERIES,-1,-1,0,-1
2021010299723,2021,010299723,1,9,0,99,99,9,9,99,99,9,9,99,9,99,2,9,6,6,1,39,7,1995,2,6,BMW 3 SERIES,6,E01003792,0,-1
2021430276999,2021,430276999,2,9,0,18,19,6,2,0,0,8,0,0,0,0,1,1,6,6,1,31,6,1995,2,15,BMW 3 SERIES,-1,-1,0,-1
2021010302610,2021,010302610,1,9,0,99,99,9,9,99,99,9,9,99,9,99,9,9,6,6,2,35,6,1995,2,10,BMW 3 SERIES,9,E01004082,0,-1
2021401056711,2021,401056711,1,9,0,4,4,3,7,0,0,0,0,0,0,0,1,1,1,1,1,34,6,1995,2,15,BMW 3 SERIES,4,E01015796,0,-1
2021010320250,2021,010320250,2,9,0,9,9,3,1,0,0,6,0,0,0,0,1,1,6,6,1,34,6,1995,2,9,BMW 3 SERIES,3,E01001109,0,-1
2021320340265,2021,320340265,3,9,0,18,19,5,1,0,0,0,0,0,0,0,1,1,6,6,1,32,6,1995,2,17,BMW 3 SERIES,8,E01026062,0,-1
2021141055357,2021,141055357,1,9,0,9,9,4,2,0,0,5,0,0,0,0,4,1,5,6,2,28,6,1995,2,10,BMW 3 SERIES,3,E01007465,0,-1
2021131116819,2021,131116819,2,9,0,9,9,1,7,0,0,8,0,0,0,0,1,1,5,6,1,32,6,1998,1,4,BMW 3 SERIES,10,E01011401,0,-1
2021461033670,2021,461033670,1,9,0,17,19,7,8,0,0,0,0,11,0,0,1,1,5,6,1,64,9,2979,1,14,BMW 3 SERIES,7,E01024798,0,-1
2021041028032,2021,041028032,2,9,0,17,19,2,8,0,0,0,0,10,1,4,4,1,1,1,1,39,7,2993,2,4,BMW 3 SERIES,9,E01025074,0,-1
2021010305798,2021,010305798,2,9,0,99,99,9,9,99,99,9,9,99,9,99,1,9,6,6,1,49,8,1998,8,4,BMW 3 SERIES,6,E01016204,0,-1
2021430551628,2021,430551628,2,8,0,3,3,2,6,0,0,1,0,0,0,0,2,1,1,1,1,35,6,2996,1,15,BMW 3 SERIES,7,E01016613,0,-1
2021211153898,2021,211153898,1,9,-1,1,1,4,2,0,0,0,0,0,0,0,-1,1,6,6,1,60,9,1995,2,7,BMW 3 SERIES,9,E01029705,0,-1
2021010321745,2021,010321745,4,9,0,18,19,5,1,0,0,2,0,0,0,0,3,1,6,6,2,30,6,1998,1,0,BMW 3 SERIES,-1,-1,0,-1
2021501016820,2021,501016820,1,9,0,18,19,5,1,0,0,0,0,0,7,3,1,1,1,1,1,46,8,1995,2,9,BMW 3 SERIES,8,E01019956,0,-1
2021041091205,2021,041091205,1,9,0,18,19,7,3,1,1,1,0,0,3,0,1,1,5,6,2,43,7,1995,1,16,BMW 3 SERIES,3,E01005817,0,-1
2021010313946,2021,010313946,2,9,0,4,4,3,7,0,0,4,0,0,0,0,2,1,6,6,2,24,5,1995,2,2,BMW 3 SERIES,5,E01024364,0,-1
2021061145530,2021,061145530,1,9,0,2,2,0,0,3,2,2,0,0,0,0,2,1,3,7,2,43,7,1995,2,15,BMW 3 SERIES,2,E01004873,0,-1
2021461107732,2021,461107732,2,9,0,3,3,3,7,0,0,0,0,0,0,0,1,1,6,6,2,22,5,1995,2,15,BMW 3 SERIES,3,E01017347,0,-1
2021010294280,2021,010294280,2,9,0,18,19,1,5,0,0,0,0,0,1,0,1,2,6,6,3,-1,-1,2000,1,13,BMW 3 SERIES,-1,-1,0,-1
2021520102008,2021,520102008,2,9,0,2,2,4,8,0,0,0,0,0,0,0,2,1,6,6,1,65,9,2979,1,18,BMW 3 SERIES,6,E01029285,0,-1
2021010348295,2021,010348295,1,9,0,99,99,9,9,99,99,9,9,99,9,99,1,9,6,6,1,56,9,1995,2,11,BMW 3 SERIES,2,E01002227,0,-1
2021010347127,2021,010347127,1,9,0,3,3,5,1,0,0,1,0,0,0,0,1,1,2,2,1,43,7,1995,2,6,BMW 3 SERIES,5,E01030740,0,-1
202131B100221,2021,31B100221,1,9,0,18,19,6,2,0,0,2,0,0,0,0,1,1,6,6,1,-1,-1,1995,1,19,BMW 3 SERIES,-1,-1,0,-1
2021131108516,2021,131108516,2,9,0,18,19,7,3,0,0,0,0,0,0,0,1,1,5,6,1,22,5,1995,2,6,BMW 3 SERIES,3,E01026447,0,-1
2021061098130,2021,061098130,3,9,0,18,19,3,7,0,0,0,0,0,0,0,2,1,6,6,1,43,7,1995,2,3,BMW 3 SERIES,8,E01007073,0,-1
2021010335101,2021,010335101,1,9,0,99,99,9,9,99,99,9,9,99,9,99,9,9,6,6,1,44,7,1995,2,9,BMW 3 SERIES,6,E01003754,0,-1
2021010309129,2021,010309129,1,9,0,5,5,7,3,0,0,1,0,0,0,0,1,1,6,6,1,37,7,1995,2,10,BMW 3 SERIES,7,E01024479,0,-1
2021201083630,2021,201083630,5,9,0,18,19,6,2,0,0,1,0,0,0,0,0,1,1,1,1,-1,-1,2993,2,3,BMW 3 SERIES,5,E01009234,0,-1
2021430132710,2021,430132710,3,9,0,18,19,1,5,0,0,1,0,0,0,0,1,1,2,2,1,33,6,2993,2,7,BMW 3 SERIES,10,E01028608,0,-1
2021010333052,2021,010333052,1,9,9,99,99,9,9,99,99,9,9,99,9,99,9,9,6,6,1,45,7,1998,8,5,BMW 3 SERIES,2,E01000030,0,-1
202131C192121,2021,31C192121,1,9,0,18,19,7,3,0,0,0,0,0,1,2,4,1,6,6,1,27,6,2993,2,14,BMW 3 SERIES,1,E01013846,0,-1
2021010313636,2021,010313636,1,9,0,11,11,3,7,0,0,2,0,0,0,0,2,1,6,6,1,25,5,1598,1,7,BMW 3 SERIES,-1,-1,0,-1
2021010291153,2021,010291153,1,9,9,99,99,9,9,99,99,9,9,99,9,99,9,9,2,2,1,39,7,1995,2,17,BMW 3 SERIES,1,E01001562,0,-1
2021131062114,2021,131062114,2,9,0,18,19,3,7,0,0,0,1,0,0,0,3,1,5,6,2,32,6,1995,2,11,BMW 3 SERIES,3,E01011920,0,-1
202134WNC2141,2021,34WNC2141,2,9,0,3,3,7,3,0,0,0,0,0,0,0,2,1,2,2,1,43,7,1995,2,16,BMW 3 SERIES,8,E01032975,0,-1
2021211145190,2021,211145190,1,9,0,4,4,8,4,0,0,1,0,0,0,0,1,1,6,6,1,30,6,1995,2,9,BMW 3 SERIES,2,E01014337,0,-1
2021061037230,2021,061037230,2,9,0,18,19,3,7,0,0,1,0,0,0,0,1,1,6,6,3,30,6,1995,12,0,BMW 3 SERIES,8,E01019970,0,-1
2021010314776,2021,010314776,1,9,0,18,19,7,3,0,0,1,0,0,0,0,3,1,6,6,2,37,7,1995,1,12,BMW 3 SERIES,2,E01004269,0,-1
2021010332391,2021,010332391,2,9,0,99,99,9,9,99,99,9,9,99,9,99,1,9,6,6,2,33,6,1995,1,13,BMW 3 SERIES,1,E01004304,0,-1
2021471053385,2021,471053385,1,9,0,7,7,3,7,0,0,1,0,0,0,0,4,1,5,6,1,27,6,1995,2,11,BMW 3 SERIES,6,E01016874,0,-1
2021991038733,2021,991038733,3,9,0,2,2,0,0,0,0,0,0,0,0,0,2,1,6,6,3,-1,-1,1995,2,9,BMW 3 SERIES,-1,-1,0,-1
2021122100972,2021,122100972,1,9,0,18,19,1,5,0,0,0,0,0,0,0,1,1,6,6,2,30,6,1995,2,7,BMW 3 SERIES,3,E01012350,0,-1
2021070829184,2021,070829184,2,9,0,18,19,8,4,0,0,1,0,0,0,0,1,1,6,6,2,21,5,2993,2,12,BMW 3 SERIES,10,E01018346,0,-1
2021131106877,2021,131106877,2,9,0,16,19,3,7,0,0,8,0,0,0,0,0,1,1,1,1,47,8,2993,2,2,BMW 3 SERIES,1,E01010730,0,-1
2021201143313,2021,201143313,4,9,0,18,19,4,8,0,0,1,0,0,0,0,0,1,1,1,1,-1,-1,2993,2,4,BMW 3 SERIES,-1,-1,0,-1
2021351047626,2021,351047626,1,9,0,18,19,7,3,0,0,0,0,0,1,11,1,1,5,6,2,40,7,1995,1,17,BMW 3 SERIES,8,E01029942,0,-1
2021501132783,2021,501132783,3,9,0,18,19,7,3,0,0,1,0,0,0,0,2,1,6,6,1,38,7,1995,2,4,BMW 3 SERIES,6,E01022380,0,-1