collision_index,collision_year,collision_ref_no,vehicle_reference,vehicle_type,towing_and_articulation,vehicle_manoeuvre_historic,vehicle_manoeuvre,vehicle_direction_from,vehicle_direction_to,vehicle_location_restricted_lane_historic,vehicle_location_restricted_lane,junction_location,skidding_and_overturning,hit_object_in_carriageway,vehicle_leaving_carriageway,hit_object_off_carriageway,first_point_of_impact,vehicle_left_hand_drive,journey_purpose_of_driver_historic,journey_purpose_of_driver,sex_of_driver,age_of_driver,age_band_of_driver,engine_capacity_cc,propulsion_code,age_of_vehicle,generic_make_model,driver_imd_decile,lsoa_of_driver,escooter_flag,driver_distance_banding
2021430395719,2021,430395719,2,9,0,9,9,4,2,0,0,5,0,0,0,0,3,1,6,6,2,-1,-1,1995,2,12,BMW 3 SERIES,-1,-1,0,-1
2021010316064,2021,010316064,1,9,0,13,13,6,1,0,0,0,0,0,0,0,3,1,6,6,1,27,6,1995,1,11,BMW 3 SERIES,5,E01001322,0,-1
2021052102460,2021,052102460,1,9,0,5,5,1,3,0,0,2,0,0,0,0,1,1,1,1,1,46,8,1998,8,4,BMW 3 SERIES,6,E01010885,0,-1
2021010305164,2021,010305164,2,9,0,15,15,6,2,9,9,1,0,0,1,11,3,1,6,6,1,20,4,1995,1,14,BMW 3 SERIES,8,E01002207,0,-1
2021010323980,2021,010323980,2,9,0,7,7,7,1,4,4,1,0,0,0,0,4,1,6,6,2,38,7,1995,2,10,BMW 3 SERIES,3,E01033583,0,-1
2021430229223,2021,430229223,2,9,0,2,2,0,0,6,6,0,0,0,0,0,0,1,6,6,1,24,5,1995,2,9,BMW 3 SERIES,-1,-1,0,-1
2021010323242,2021,010323242,1,9,0,18,19,5,1,0,0,0,0,0,0,0,3,1,2,2,1,37,7,1995,2,9,BMW 3 SERIES,8,E01003818,0,-1
2021070139144,2021,070139144,2,9,0,3,3,2,6,0,0,0,0,0,0,0,2,1,6,6,1,24,5,2497,1,14,BMW 3 SERIES,6,E01018749,0,-1
2021351063876,2021,351063876,2,9,0,18,19,3,7,0,0,0,0,0,0,0,1,1,5,6,1,32,6,2497,1,15,BMW 3 SERIES,6,E01015653,0,-1
2021010349835,2021,010349835,1,9,0,4,4,8,4,0,0,2,0,0,0,0,3,1,6,6,1,66,10,1895,1,20,BMW 3 SERIES,4,E01003721,0,-1
2021371119383,2021,371119383,1,9,0,4,4,3,7,0,0,1,0,0,0,0,1,1,5,6,1,25,5,1995,2,13,BMW 3 SERIES,2,E01033122,0,-1
2021451023753,2021,451023753,1,9,0,18,19,8,4,0,0,0,1,11,0,0,1,1,5,6,1,23,5,1995,2,14,BMW 3 SERIES,7,E01030858,0,-1
2021010331816,2021,010331816,2,9,0,18,19,3,7,0,0,0,0,0,0,0,2,1,6,6,1,39,7,1995,1,14,BMW 3 SERIES,3,E01003562,0,-1
2021211073703,2021,211073703,1,9,0,10,10,8,4,0,0,1,0,0,0,0,3,1,1,1,2,40,7,1995,2,7,BMW 3 SERIES,3,E01029643,0,-1
2021010299076,2021,010299076,2,9,0,5,5,5,1,0,0,1,9,99,9,99,1,9,6,6,1,-1,-1,1995,2,8,BMW 3 SERIES,3,E01003250,0,-1
2021010312801,2021,010312801,1,9,9,99,99,9,9,99,99,0,9,99,9,99,9,9,6,6,2,56,9,1995,2,10,BMW 3 SERIES,2,E01003112,0,-1
2021061102892,2021,061102892,1,9,0,5,5,8,4,0,0,0,0,0,0,0,1,1,1,1,2,57,9,1998,8,3,BMW 3 SERIES,1,E01024942,0,-1
2021010294618,2021,010294618,2,9,0,18,19,5,1,0,0,8,0,0,0,0,1,1,6,6,1,28,6,1995,2,5,BMW 3 SERIES,4,E01000609,0,-1
2021421109017,2021,421109017,3,9,0,3,3,2,6,0,0,0,0,0,0,0,3,1,5,6,1,29,6,1995,2,10,BMW 3 SERIES,8,E01016001,0,-1
2021430469510,2021,430469510,2,9,0,18,19,4,8,0,0,1,0,0,0,0,4,1,2,2,2,54,8,1995,2,6,BMW 3 SERIES,5,E01028447,0,-1
2021010298748,2021,010298748,1,9,0,18,19,5,1,0,0,0,0,0,0,0,3,1,6,6,1,45,7,2996,1,13,BMW 3 SERIES,7,E01000217,0,-1
202134WNC6031,2021,34WNC6031,3,9,0,3,3,2,6,0,0,2,0,0,0,0,3,1,6,6,2,64,9,1995,2,6,BMW 3 SERIES,9,E01027016,0,-1
2021471080080,2021,471080080,1,9,0,18,19,8,4,0,0,0,0,0,0,0,1,1,2,2,1,64,9,1995,1,14,BMW 3 SERIES,4,E01031434,0,-1
2021552100510,2021,552100510,1,9,0,9,9,7,6,0,0,6,0,0,0,0,1,1,6,6,1,73,10,1796,1,22,BMW 3 SERIES,5,E01020389,0,-1
2021430197191,2021,430197191,2,9,0,18,19,2,5,0,0,2,0,0,0,0,4,1,6,6,1,72,10,1995,1,17,BMW 3 SERIES,2,E01028513,0,-1
2021141061244,2021,141061244,2,9,0,18,19,1,1,0,0,8,0,0,0,0,1,1,5,6,1,27,6,1995,2,4,BMW 3 SERIES,3,E01007907,0,-1
2021010308887,2021,010308887,1,9,0,7,7,5,8,0,0,1,0,0,0,0,1,1,6,6,1,56,9,1998,1,2,BMW 3 SERIES,-1,-1,0,-1
2021131056205,2021,131056205,2,9,0,16,19,2,6,0,0,1,0,0,0,0,0,1,1,1,1,42,7,2993,2,2,BMW 3 SERIES,1,E01010730,0,-1
202154A674821,2021,54A674821,1,9,0,18,19,5,1,0,0,1,0,0,0,0,1,1,1,1,2,24,5,1998,8,4,BMW 3 SERIES,8,E01015522,0,-1
2021545446521,2021,545446521,1,9,0,18,19,4,8,0,0,0,0,0,0,0,9,1,6,6,1,33,6,2979,1,14,BMW 3 SERIES,6,E01032708,0,-1
2021461106254,2021,461106254,1,9,0,18,19,7,3,0,0,0,0,0,0,0,1,1,5,6,1,20,4,1995,2,9,BMW 3 SERIES,-1,-1,0,-1
202154C047621,2021,54C047621,1,9,0,18,19,3,7,0,0,4,0,0,0,0,1,1,6,6,1,24,5,1998,1,0,BMW 3 SERIES,9,E01032710,0,-1
2021501089912,2021,501089912,2,9,0,4,4,3,7,0,0,0,0,0,0,0,2,1,6,6,2,26,6,2497,1,14,BMW 3 SERIES,4,E01019002,0,-1
2021451117476,2021,451117476,3,9,0,18,19,2,7,0,0,0,0,0,0,0,0,1,1,1,1,33,6,2993,2,3,BMW 3 SERIES,8,E01030556,0,-1
2021101064229,2021,101064229,3,9,0,3,3,5,1,0,0,0,0,0,0,0,2,1,2,2,2,27,6,1995,2,8,BMW 3 SERIES,2,E01027393,0,-1
2021211050714,2021,211050714,1,9,0,18,19,1,5,0,0,0,0,0,0,0,3,1,5,6,1,50,8,2000,2,12,BMW 3 SERIES,4,E01014283,0,-1
2021131061906,2021,131061906,1,9,0,15,15,5,1,0,0,1,0,0,0,0,4,1,6,6,1,22,5,1995,2,8,BMW 3 SERIES,3,E01011212,0,-1
2021991102815,2021,991102815,2,9,0,9,9,3,2,0,0,5,0,0,0,0,3,1,1,1,1,27,6,1995,2,12,BMW 3 SERIES,4,-1,0,-1
2021201139706,2021,201139706,1,9,0,17,19,1,6,0,0,2,0,10,1,4,1,1,6,6,1,-1,-1,1998,1,1,BMW 3 SERIES,-1,-1,0,-1
202134NNC1641,2021,34NNC1641,1,9,0,4,4,1,5,0,0,1,0,0,0,0,1,1,3,7,1,48,8,1998,8,3,BMW 3 SERIES,9,E01027347,0,-1
2021010330244,2021,010330244,1,9,0,11,11,3,7,0,0,0,0,10,1,10,1,1,6,6,1,27,6,2979,1,13,BMW 3 SERIES,3,E01004325,0,-1
2021440506433,2021,440506433,1,9,0,17,19,1,5,0,0,0,0,0,0,0,1,1,6,6,1,40,7,1995,2,10,BMW 3 SERIES,5,E01022781,0,-1
2021520102594,2021,520102594,1,9,0,11,11,3,1,0,0,8,0,0,0,0,3,1,6,6,1,43,7,1995,2,7,BMW 3 SERIES,7,E01029275,0,-1
2021201090901,2021,201090901,3,9,0,18,19,8,4,0,0,1,0,0,0,0,0,1,1,1,1,-1,-1,2993,2,4,BMW 3 SERIES,-1,-1,0,-1
2021010327792,2021,010327792,2,9,0,99,99,9,9,99,99,9,9,99,9,99,9,9,6,6,1,71,10,1998,8,5,BMW 3 SERIES,8,E01000539,0,-1
2021170S10571,2021,170S10571,2,9,0,18,19,8,4,0,0,0,0,0,0,0,2,1,6,6,1,35,6,2993,2,4,BMW 3 SERIES,1,E01011999,0,-1
2021131115040,2021,131115040,1,9,0,18,19,7,7,0,0,0,0,0,0,0,1,1,5,6,1,38,7,2000,2,10,BMW 3 SERIES,7,E01032496,0,-1
2021371021255,2021,371021255,1,9,0,18,19,6,3,0,0,1,0,0,3,0,1,1,5,6,1,24,5,1895,1,20,BMW 3 SERIES,5,E01030092,0,-1
2021070583394,2021,070583394,1,9,0,18,19,3,7,0,0,0,0,4,0,0,1,1,2,2,1,32,6,1995,2,7,BMW 3 SERIES,7,E01012401,0,-1
2021522201023,2021,522201023,1,9,0,9,9,6,3,0,0,6,0,0,0,0,1,1,6,6,1,19,4,1995,2,12,BMW 3 SERIES,2,E01014624,0,-1
2021010347140,2021,010347140,2,9,9,99,99,9,9,0,0,8,0,0,0,0,1,9,6,6,3,-1,-1,1995,1,14,BMW 3 SERIES,-1,-1,0,-1
2021451043661,2021,451043661,2,9,0,17,19,1,5,0,0,1,0,0,0,0,1,1,5,6,1,23,5,2171,1,15,BMW 3 SERIES,6,E01030524,0,-1
2021430266652,2021,430266652,1,9,0,18,19,6,2,0,0,0,0,4,0,0,1,1,6,6,2,38,7,1995,2,7,BMW 3 SERIES,-1,-1,0,-1
2021411096287,2021,411096287,3,9,0,3,3,2,5,0,0,4,0,0,0,0,4,1,6,6,1,-1,-1,2494,1,22,BMW 3 SERIES,3,E01023323,0,-1
2021421036079,2021,421036079,2,9,0,18,19,8,6,0,0,0,0,0,0,0,3,1,6,6,1,30,6,3000,1,10,BMW 3 SERIES,3,E01017019,0,-1
2021302100421,2021,302100421,2,9,0,2,2,0,0,0,0,0,0,0,0,0,3,1,6,6,3,-1,-1,1995,2,13,BMW 3 SERIES,-1,-1,0,-1
2021010295570,2021,010295570,1,9,0,9,9,4,1,0,0,1,0,0,0,0,3,1,6,6,1,44,7,1995,1,13,BMW 3 SERIES,4,E01001185,0,-1
2021201116031,2021,201116031,3,9,0,7,7,6,8,0,0,6,0,0,0,0,0,1,6,6,1,-1,-1,1995,1,11,BMW 3 SERIES,-1,-1,0,-1
2021041019734,2021,041019734,1,9,0,18,19,7,3,0,0,0,0,0,0,0,1,1,5,6,1,32,6,1995,2,13,BMW 3 SERIES,3,E01025371,0,-1
2021010318959,2021,010318959,1,9,0,99,99,9,9,99,99,0,9,99,9,99,9,9,6,6,2,27,6,2993,2,7,BMW 3 SERIES,10,E01030989,0,-1
2021111052983,2021,111052983,1,9,0,18,19,7,3,0,0,1,0,0,0,0,1,1,6,6,1,40,7,1995,2,11,BMW 3 SERIES,-1,-1,0,-1
2021010301194,2021,010301194,1,9,0,99,99,9,9,99,99,9,9,99,9,99,9,9,6,6,1,34,6,1995,2,10,BMW 3 SERIES,5,E01002219,0,-1
2021061060115,2021,061060115,1,9,0,18,19,1,1,0,0,8,0,0,0,0,1,1,6,6,2,59,9,1995,2,11,BMW 3 SERIES,-1,-1,0,-1
2021320354302,2021,320354302,2,9,0,18,19,2,6,0,0,0,1,0,1,0,3,2,2,2,2,29,6,2996,1,13,BMW 3 SERIES,5,E01026210,0,-1
2021430446039,2021,430446039,2,9,0,3,3,5,1,0,0,1,0,0,0,0,2,1,6,6,1,-1,-1,2993,2,10,BMW 3 SERIES,9,E01028783,0,-1
2021010350761,2021,010350761,3,9,0,2,2,0,0,0,0,8,0,0,0,0,3,1,6,6,3,-1,-1,1995,1,14,BMW 3 SERIES,-1,-1,0,-1
2021010287897,2021,010287897,2,9,0,99,99,9,9,99,99,0,9,99,9,99,2,9,6,6,1,59,9,1995,2,9,BMW 3 SERIES,7,E01000702,0,-1
2021421109471,2021,421109471,3,9,0,4,4,3,7,0,0,0,0,0,0,0,2,1,6,6,2,35,6,1995,2,15,BMW 3 SERIES,4,E01024296,0,-1
2021461025820,2021,461025820,1,9,0,18,19,7,3,0,0,8,0,7,4,0,1,1,6,6,1,39,7,1995,1,16,BMW 3 SERIES,3,E01024291,0,-1
2021161056999,2021,161056999,1,9,0,13,13,5,1,0,0,0,1,0,0,0,4,1,1,1,1,24,5,2996,1,13,BMW 3 SERIES,6,E01012979,0,-1
2021430505475,2021,430505475,2,9,0,17,19,1,6,0,0,0,0,0,0,0,1,1,6,6,1,47,8,2500,1,12,BMW 3 SERIES,10,E01017773,0,-1
2021201078767,2021,201078767,1,9,0,18,19,-1,-1,0,0,0,0,0,0,0,1,1,6,6,3,-1,-1,2993,2,17,BMW 3 SERIES,-1,-1,0,-1
2021131048399,2021,131048399,2,9,0,18,19,4,8,0,0,1,0,0,0,0,1,1,5,6,2,24,5,2993,2,5,BMW 3 SERIES,1,E01007564,0,-1
2021131073773,2021,131073773,1,9,0,18,19,2,6,0,0,0,1,0,2,4,2,1,5,6,1,23,5,2993,2,5,BMW 3 SERIES,1,E01011730,0,-1
2021010345056,2021,010345056,1,9,9,99,99,9,9,99,99,9,9,99,9,99,9,9,6,6,3,-1,-1,1995,1,20,BMW 3 SERIES,-1,-1,0,-1
2021501092023,2021,501092023,1,9,0,18,19,1,5,0,0,0,0,0,0,0,1,1,1,1,1,44,7,2000,2,10,BMW 3 SERIES,4,E01018894,0,-1
202106E080003,2021,06E080003,1,9,0,18,19,7,3,0,0,8,0,0,0,0,3,1,6,6,3,30,6,1995,2,7,BMW 3 SERIES,-1,-1,0,-1
2021201136539,2021,201136539,2,9,0,2,2,0,0,0,0,2,0,4,0,0,2,1,6,6,3,-1,-1,1995,2,8,BMW 3 SERIES,-1,-1,0,-1
2021440013655,2021,440013655,1,9,0,2,2,0,0,6,6,0,0,0,0,0,4,1,3,7,2,24,5,1995,2,10,BMW 3 SERIES,4,E01023146,0,-1
2021010338047,2021,010338047,1,9,0,99,99,9,9,99,99,9,9,99,9,99,9,9,6,6,1,59,9,2494,1,20,BMW 3 SERIES,2,E01001735,0,-1
2021101012881,2021,101012881,2,9,0,18,19,4,8,0,0,0,1,0,1,1,2,1,1,1,1,57,9,1998,8,3,BMW 3 SERIES,9,E01012003,0,-1
2021371080996,2021,371080996,1,9,0,8,8,2,5,0,0,1,0,0,0,0,1,1,2,2,1,29,6,2996,1,15,BMW 3 SERIES,2,E01029971,0,-1
2021201141395,2021,201141395,3,9,0,18,19,-1,-1,0,0,1,0,0,0,0,1,1,6,6,2,52,8,2000,2,10,BMW 3 SERIES,2,E01009753,0,-1
2021041038664,2021,041038664,2,9,0,18,19,6,2,0,0,8,0,0,0,0,3,1,2,2,1,26,6,1995,2,5,BMW 3 SERIES,9,E01012255,0,-1
2021622100350,2021,622100350,1,9,0,18,19,2,6,0,0,0,2,0,2,10,1,1,6,6,1,20,4,1995,2,5,BMW 3 SERIES,3,W01000999,0,-1
2021201067567,2021,201067567,2,9,0,4,4,2,6,0,0,0,0,0,0,0,1,1,1,1,1,-1,-1,2993,2,1,BMW 3 SERIES,5,E01009234,0,-1
2021061036835,2021,061036835,1,9,0,18,19,4,8,0,0,8,0,0,0,0,1,1,6,6,1,22,5,1895,1,21,BMW 3 SERIES,3,E01033709,0,-1
2021041096432,2021,041096432,1,9,0,9,9,5,2,0,0,8,0,0,0,0,0,1,6,6,2,32,6,1995,1,15,BMW 3 SERIES,4,E01025150,0,-1
2021010295897,2021,010295897,1,9,0,18,19,3,7,0,0,8,0,0,0,0,1,1,6,6,3,20,4,1995,2,14,BMW 3 SERIES,-1,-1,0,-1
2021421074104,2021,421074104,2,9,0,3,3,6,2,0,0,1,0,0,0,0,3,1,5,6,1,54,8,1995,2,9,BMW 3 SERIES,3,E01004355,0,-1
2021421079010,2021,421079010,1,9,0,9,9,1,7,0,0,2,0,0,0,0,1,1,6,6,2,-1,-1,1995,2,6,BMW 3 SERIES,10,E01021614,0,-1
2021201094840,2021,201094840,2,9,0,18,19,1,5,0,0,0,0,0,0,0,1,1,6,6,2,50,8,2494,1,20,BMW 3 SERIES,1,E01009129,0,-1
2021141062083,2021,141062083,2,9,0,18,19,7,3,0,0,0,0,0,0,0,1,1,1,1,1,24,5,1499,1,2,BMW 3 SERIES,-1,-1,0,-1
2021201017889,2021,201017889,1,9,0,4,4,6,2,0,0,4,0,0,0,0,2,1,6,6,1,-1,-1,1995,1,10,BMW 3 SERIES,-1,-1,0,-1
2021010324939,2021,010324939,1,9,0,7,7,3,5,0,0,3,0,0,0,0,1,1,2,2,1,34,6,1995,2,8,BMW 3 SERIES,7,E01002142,0,-1
2021201067841,2021,201067841,3,9,0,18,19,4,8,0,0,0,0,0,0,0,0,1,1,1,1,-1,-1,2993,2,4,BMW 3 SERIES,5,E01009234,0,-1
2021351090158,2021,351090158,5,9,0,18,19,7,3,0,0,0,0,0,0,0,2,1,5,6,1,37,7,1995,2,10,BMW 3 SERIES,7,E01018011,0,-1
2021141018934,2021,141018934,1,9,0,18,19,5,1,0,0,1,0,0,0,0,1,1,6,6,3,-1,-1,1995,2,9,BMW 3 SERIES,-1,-1,0,-1
2021010339644,2021,010339644,2,9,0,99,99,9,9,99,99,0,9,99,9,99,1,9,6,6,3,22,5,1995,1,14,BMW 3 SERIES,2,E01002316,0,-1
2021010295964,2021,010295964,2,9,0,9,9,7,5,0,0,7,0,0,0,0,1,1,6,6,1,26,6,1998,1,1,BMW 3 SERIES,3,E01015935,0,-1
2021131114915,2021,131114915,1,9,0,18,19,1,5,0,0,0,0,0,5,0,1,1,5,6,2,31,6,1995,2,7,BMW 3 SERIES,3,E01033542,0,-1
2021201142543,2021,201142543,3,9,0,18,19,6,2,0,0,0,0,0,0,0,0,1,1,1,1,-1,-1,2993,2,4,BMW 3 SERIES,-1,-1,0,-1
2021461065597,2021,461065597,2,9,0,18,19,5,1,0,0,0,0,0,0,0,3,1,6,6,2,58,9,2993,2,14,BMW 3 SERIES,3,E01024310,0,-1
202134WNC0301,2021,34WNC0301,2,9,0,4,4,7,3,0,0,1,1,0,0,0,2,1,6,6,1,40,7,1995,2,17,BMW 3 SERIES,-1,-1,0,-1
2021471101826,2021,471101826,2,9,0,3,3,5,1,0,0,1,0,0,0,0,2,1,5,6,1,24,5,1995,2,8,BMW 3 SERIES,6,E01024034,0,-1
2021411166691,2021,411166691,1,9,0,18,19,5,1,0,0,0,0,0,0,0,4,1,6,6,1,38,7,1995,2,11,BMW 3 SERIES,1,E01015729,0,-1
2021211116179,2021,211116179,1,9,0,18,19,6,2,0,0,1,0,0,0,0,1,1,6,6,1,38,7,2996,1,10,BMW 3 SERIES,9,E01014347,0,-1
2021010314352,2021,010314352,1,9,0,99,99,9,9,99,99,9,9,99,9,99,2,9,6,6,1,30,6,1598,1,8,BMW 3 SERIES,2,E01004231,0,-1
2021520101972,2021,520101972,1,9,0,7,7,5,8,0,0,8,1,0,3,11,1,1,6,6,1,20,4,1995,2,18,BMW 3 SERIES,5,E01029257,0,-1
2021991114906,2021,991114906,1,9,0,5,5,7,3,0,0,4,0,0,0,0,3,1,5,6,1,30,6,1995,2,5,BMW 3 SERIES,1,-1,0,-1
2021201079906,2021,201079906,2,9,0,7,7,2,4,0,0,5,0,0,0,0,4,1,6,6,1,34,6,1995,2,16,BMW 3 SERIES,1,E01009486,0,-1
2021430116136,2021,430116136,1,9,0,18,19,1,5,0,0,8,0,0,0,0,1,1,6,6,1,27,6,2494,1,19,BMW 3 SERIES,5,E01016472,0,-1
2021010324743,2021,010324743,1,9,0,99,99,9,9,99,99,9,9,99,9,99,9,9,6,6,1,45,7,1995,1,14,BMW 3 SERIES,1,E01004722,0,-1
2021131071693,2021,131071693,2,9,0,9,9,4,2,0,0,8,0,0,0,0,1,2,6,6,2,45,7,1997,1,7,BMW 3 SERIES,7,E01011127,0,-1
2021421047022,2021,421047022,2,9,0,1,1,0,7,9,9,0,0,0,0,0,2,1,5,6,1,49,8,2993,2,5,BMW 3 SERIES,7,E01015822,0,-1
2021061092953,2021,061092953,1,9,0,13,13,4,8,0,0,0,0,0,0,0,3,1,6,6,3,30,6,1995,1,14,BMW 3 SERIES,-1,-1,0,-1
2021221102015,2021,221102015,1,9,0,13,13,1,5,0,0,2,0,0,1,0,1,1,6,6,1,23,5,1995,2,11,BMW 3 SERIES,1,E01014200,0,-1
202163D014021,2021,63D014021,1,9,0,9,9,2,1,0,0,5,0,0,0,0,1,1,2,2,1,25,5,1995,2,9,BMW 3 SERIES,-1,-1,0,-1
2021010331716,2021,010331716,1,9,0,99,99,9,9,99,99,9,9,99,0,0,9,9,6,6,2,45,7,1998,1,5,BMW 3 SERIES,9,E01001224,0,-1
2021421104343,2021,421104343,1,9,0,5,5,5,2,0,0,4,0,0,0,0,1,1,5,6,1,33,6,2497,2,14,BMW 3 SERIES,10,E01020382,0,-1
2021211105134,2021,211105134,1,9,0,-1,-1,-1,-1,0,0,-1,1,0,3,0,1,1,1,1,1,-1,-1,2993,2,5,BMW 3 SERIES,-1,-1,0,-1
2021201071457,2021,201071457,6,9,0,2,2,0,0,0,0,0,0,0,0,0,0,1,6,6,1,-1,-1,2993,2,5,BMW 3 SERIES,-1,-1,0,-1
2021991019888,2021,991019888,1,9,0,9,9,1,6,0,0,8,0,0,0,0,1,1,6,6,1,43,7,1499,1,5,BMW 3 SERIES,1,-1,0,-1
2021010328195,2021,010328195,1,9,0,18,19,7,3,0,0,1,0,0,0,0,4,1,6,6,1,29,6,1995,2,7,BMW 3 SERIES,2,E01001215,0,-1
2021201070131,2021,201070131,2,9,0,18,19,6,2,0,0,8,0,0,0,0,0,1,1,1,1,-1,-1,2993,2,3,BMW 3 SERIES,-1,-1,0,-1
2021010332634,2021,010332634,2,9,0,99,99,9,9,99,99,9,9,99,9,99,1,9,6,6,3,-1,-1,1998,8,1,BMW 3 SERIES,9,E01032563,0,-1
2021041074765,2021,041074765,2,9,0,4,4,7,3,0,0,1,0,0,0,0,2,1,2,2,1,36,7,1995,2,11,BMW 3 SERIES,1,E01024878,0,-1
2021451019086,2021,451019086,2,9,0,6,6,5,5,0,0,5,0,0,0,0,2,1,3,7,1,28,6,1995,2,8,BMW 3 SERIES,6,E01030973,0,-1
2021451077953,2021,451077953,2,9,0,18,19,7,3,0,0,1,1,0,0,0,1,1,2,2,1,24,5,1995,1,12,BMW 3 SERIES,4,E01004187,0,-1
202131A022621,2021,31A022621,2,9,0,4,4,8,4,0,0,0,0,0,0,0,2,1,6,6,1,52,8,1995,2,18,BMW 3 SERIES,2,E01028300,0,-1
2021010299029,2021,010299029,2,9,0,2,2,0,0,0,0,1,0,4,0,0,3,1,6,6,3,-1,-1,1995,2,4,BMW 3 SERIES,-1,-1,0,-1
2021010350642,2021,010350642,2,9,0,18,19,3,7,0,0,1,0,0,0,0,4,1,6,6,1,30,6,1998,8,5,BMW 3 SERIES,1,E01032512,0,-1
2021221092660,2021,221092660,2,9,0,18,19,8,4,0,0,8,1,10,7,0,4,1,5,6,1,21,5,1995,2,14,BMW 3 SERIES,10,E01032137,0,-1
2021131059275,2021,131059275,2,9,0,18,19,8,5,0,0,0,0,0,0,0,1,1,6,6,1,56,9,1995,2,5,BMW 3 SERIES,2,E01010806,0,-1
2021302101723,2021,302101723,1,9,0,18,19,3,7,0,0,4,0,0,0,0,1,1,6,6,1,21,5,1995,2,16,BMW 3 SERIES,3,E01029452,0,-1
2021041027793,2021,041027793,2,9,0,5,5,1,5,0,0,4,0,0,0,0,2,1,5,6,1,31,6,1995,2,10,BMW 3 SERIES,8,E01025547,0,-1
2021351129311,2021,351129311,1,9,0,18,19,7,3,0,0,1,0,0,0,0,1,1,6,6,1,37,7,2494,1,21,BMW 3 SERIES,7,E01018022,0,-1
2021010309497,2021,010309497,1,9,0,99,99,9,9,99,99,9,9,99,9,99,9,9,6,6,2,24,5,1997,1,9,BMW 3 SERIES,7,E01001537,0,-1
2021010325848,2021,010325848,1,9,0,18,19,1,5,0,0,1,0,0,0,0,3,1,6,6,2,45,7,1995,2,5,BMW 3 SERIES,1,E01001431,0,-1
2021070824900,2021,070824900,1,9,0,5,5,1,5,0,0,0,0,0,0,0,1,1,6,6,1,49,8,1995,2,4,BMW 3 SERIES,7,E01006856,0,-1
2021552100002,2021,552100002,1,9,0,6,6,2,2,0,0,0,0,0,0,0,3,1,1,1,1,50,8,1995,2,15,BMW 3 SERIES,6,E01015318,0,-1
2021010300901,2021,010300901,2,9,0,99,99,9,9,99,99,9,9,99,9,99,9,9,6,6,3,-1,-1,1995,1,14,BMW 3 SERIES,-1,-1,0,-1
2021520104976,2021,520104976,1,9,0,18,19,3,7,0,0,5,0,0,0,0,1,1,1,1,1,33,6,2993,2,2,BMW 3 SERIES,4,E01029090,0,-1
2021052101705,2021,052101705,1,9,0,18,19,3,7,0,0,0,0,0,0,0,4,1,6,6,1,38,7,1995,2,6,BMW 3 SERIES,1,E01006703,0,-1
2021141067036,2021,141067036,2,9,0,4,4,4,7,0,0,0,0,0,0,0,1,1,5,6,1,27,6,1995,2,11,BMW 3 SERIES,1,E01008100,0,-1
2021010339211,2021,010339211,2,9,0,11,11,1,5,0,0,1,0,0,0,0,4,1,6,6,3,-1,-1,1995,2,3,BMW 3 SERIES,-1,-1,0,-1
2021131115002,2021,131115002,1,9,0,18,19,2,6,0,0,8,1,0,7,1,1,1,6,6,1,30,6,2200,1,20,BMW 3 SERIES,1,E01011695,0,-1
2021010304742,2021,010304742,1,9,0,7,7,1,3,0,0,5,0,0,0,0,3,1,6,6,1,19,4,2000,1,13,BMW 3 SERIES,3,E01003537,0,-1
2021411080683,2021,411080683,1,9,0,18,19,8,6,0,0,0,0,0,0,0,1,1,6,6,1,47,8,1997,1,6,BMW 3 SERIES,6,E01023582,0,-1
2021010290316,2021,010290316,2,9,0,2,2,0,0,0,0,1,0,0,0,0,4,2,6,6,3,-1,-1,1995,1,10,BMW 3 SERIES,-1,-1,0,-1
2021041050685,2021,041050685,1,9,0,18,19,7,3,0,0,0,0,0,0,0,1,1,5,6,2,37,7,2926,2,20,BMW 3 SERIES,4,E01025309,0,-1
2021471060002,2021,471060002,1,9,0,18,19,3,7,0,0,0,0,0,0,0,1,1,5,6,1,63,9,2979,1,18,BMW 3 SERIES,1,E01020992,0,-1
2021440271432,2021,440271432,1,9,0,18,19,5,1,0,0,0,0,0,0,0,1,1,6,6,2,36,7,1995,2,9,BMW 3 SERIES,7,E01023131,0,-1
2021201146102,2021,201146102,2,9,0,3,3,4,8,0,0,1,0,0,0,0,2,1,6,6,1,36,7,1995,2,9,BMW 3 SERIES,1,E01010095,0,-1
2021201079039,2021,201079039,2,9,0,18,19,4,8,0,0,1,0,0,0,0,1,1,6,6,3,-1,-1,1995,2,16,BMW 3 SERIES,-1,-1,0,-1
2021522201301,2021,522201301,1,9,0,18,19,8,3,0,0,1,0,0,0,0,1,1,6,6,1,32,6,1995,2,7,BMW 3 SERIES,8,E01014766,0,-1
2021010320346,2021,010320346,2,9,0,99,99,9,9,99,99,9,9,99,9,99,1,9,6,6,3,-1,-1,2993,2,16,BMW 3 SERIES,-1,-1,0,-1
2021010304769,2021,010304769,2,9,0,99,99,9,9,99,99,9,9,99,9,99,1,9,6,6,1,30,6,2996,1,16,BMW 3 SERIES,1,E01003291,0,-1
2021471034506,2021,471034506,3,9,0,2,2,0,0,6,6,1,0,0,0,0,3,1,5,6,1,25,5,2979,1,15,BMW 3 SERIES,4,E01016008,0,-1
2021461078586,2021,461078586,1,9,0,16,19,5,1,0,0,0,1,0,0,0,4,1,4,7,2,31,6,1995,1,18,BMW 3 SERIES,8,E01024810,0,-1
2021161073262,2021,161073262,2,9,0,11,11,3,7,0,0,3,0,0,0,0,4,1,5,6,1,54,8,2000,2,11,BMW 3 SERIES,6,E01013253,0,-1