collision_index,collision_year,collision_ref_no,vehicle_reference,vehicle_type,towing_and_articulation,vehicle_manoeuvre_historic,vehicle_manoeuvre,vehicle_direction_from,vehicle_direction_to,vehicle_location_restricted_lane_historic,vehicle_location_restricted_lane,junction_location,skidding_and_overturning,hit_object_in_carriageway,vehicle_leaving_carriageway,hit_object_off_carriageway,first_point_of_impact,vehicle_left_hand_drive,journey_purpose_of_driver_historic,journey_purpose_of_driver,sex_of_driver,age_of_driver,age_band_of_driver,engine_capacity_cc,propulsion_code,age_of_vehicle,generic_make_model,driver_imd_decile,lsoa_of_driver,escooter_flag,driver_distance_banding
2021371042247,2021,371042247,1,9,0,18,19,5,1,0,0,0,0,0,0,0,1,1,5,6,1,27,6,1951,2,20,BMW 3 SERIES,2,E01030024,0,-1
20211381J0458,2021,1381J0458,1,9,0,18,19,1,5,0,0,0,0,0,0,0,1,1,6,6,1,19,4,1995,2,8,BMW 3 SERIES,8,E01010709,0,-1
2021122101454,2021,122101454,1,9,0,18,19,7,3,0,0,0,0,0,0,0,4,1,6,6,1,33,6,1995,2,3,BMW 3 SERIES,9,E01027664,0,-1
202154C199421,2021,54C199421,1,9,0,18,19,2,6,0,0,0,1,0,0,0,1,1,6,6,1,30,6,1995,2,10,BMW 3 SERIES,3,E01014407,0,-1
2021501151849,2021,501151849,1,9,0,18,19,4,8,0,0,0,0,0,1,0,4,1,6,6,2,40,7,1995,2,15,BMW 3 SERIES,4,E01020199,0,-1
2021461109391,2021,461109391,1,9,0,18,19,2,6,0,0,0,0,0,0,0,1,1,5,6,2,41,7,1995,2,11,BMW 3 SERIES,7,E01024013,0,-1
2021451055292,2021,451055292,1,9,0,18,19,3,7,0,0,1,0,0,0,0,1,1,5,6,1,22,5,1995,1,12,BMW 3 SERIES,9,E01030352,0,-1
2021401020061,2021,401020061,2,9,0,10,10,5,3,0,0,8,0,0,0,0,4,1,6,6,1,26,6,2171,1,19,BMW 3 SERIES,3,E01017484,0,-1
2021501039772,2021,501039772,1,9,0,18,19,4,8,0,0,3,0,10,1,10,1,1,5,6,2,18,4,1995,2,18,BMW 3 SERIES,6,E01020188,0,-1
2021471097752,2021,471097752,1,9,0,18,19,3,7,0,0,0,1,0,7,0,1,1,6,6,1,-1,-1,1995,2,14,BMW 3 SERIES,-1,-1,0,-1
2021010332422,2021,010332422,2,9,0,99,99,9,9,99,99,9,9,99,9,99,9,9,6,6,3,-1,-1,1995,2,4,BMW 3 SERIES,8,E01001470,0,-1
2021010328074,2021,010328074,1,9,0,5,5,7,3,0,0,2,0,0,0,0,3,1,2,2,1,32,6,1998,1,0,BMW 3 SERIES,7,E01003064,0,-1
2021302101226,2021,302101226,2,9,0,18,19,4,8,0,0,0,0,0,0,0,2,1,6,6,1,23,5,1995,2,4,BMW 3 SERIES,6,E01019465,0,-1
2021010298643,2021,010298643,1,9,0,99,99,9,9,99,99,9,9,99,9,99,2,9,6,6,2,40,7,1995,1,10,BMW 3 SERIES,2,E01004237,0,-1
2021440218184,2021,440218184,2,9,0,18,19,4,8,0,0,8,1,0,0,0,1,1,6,6,1,29,6,1995,2,18,BMW 3 SERIES,9,E01023186,0,-1
2021010315562,2021,010315562,1,9,0,18,19,6,2,0,0,0,0,0,0,0,4,1,2,2,1,42,7,1995,2,8,BMW 3 SERIES,3,E01031555,0,-1
2021471124484,2021,471124484,1,9,0,18,19,2,6,0,0,0,0,0,1,4,1,1,2,2,1,36,7,1995,2,14,BMW 3 SERIES,9,E01031393,0,-1
2021421111746,2021,421111746,1,9,0,5,5,5,5,0,0,0,0,0,0,0,1,1,3,7,2,36,7,2494,1,18,BMW 3 SERIES,4,E01015835,0,-1
2021010300773,2021,010300773,2,9,0,99,99,9,9,99,99,9,9,99,9,99,9,9,6,6,1,-1,-1,2993,2,2,BMW 3 SERIES,-1,-1,0,-1
2021231073807,2021,231073807,2,9,0,18,19,8,4,0,0,0,1,0,0,0,3,1,1,1,2,34,6,2993,2,4,BMW 3 SERIES,5,E01009234,0,-1
2021010292709,2021,010292709,1,9,0,5,5,3,7,0,0,3,0,0,0,0,2,1,6,6,1,25,5,2171,1,16,BMW 3 SERIES,-1,-1,0,-1
2021010317755,2021,010317755,2,9,0,18,19,7,3,0,0,8,1,0,0,0,3,1,2,2,1,32,6,2993,2,14,BMW 3 SERIES,6,E01000306,0,-1
2021010318597,2021,010318597,1,9,0,18,19,7,3,9,9,2,0,0,1,2,1,1,6,6,1,26,6,1998,1,2,BMW 3 SERIES,2,E01016443,0,-1
2021010298730,2021,010298730,2,9,0,18,19,1,5,0,0,1,0,0,0,0,1,1,6,6,1,28,6,1995,2,7,BMW 3 SERIES,5,E01001294,0,-1
2021351122194,2021,351122194,2,9,0,3,3,2,6,0,0,0,0,0,0,0,2,1,6,6,1,67,10,1995,2,8,BMW 3 SERIES,9,E01015689,0,-1
2021010309855,2021,010309855,3,9,0,99,99,9,9,99,99,9,9,99,9,99,1,9,6,6,3,-1,-1,1995,2,15,BMW 3 SERIES,2,E01033148,0,-1
2021501113043,2021,501113043,1,9,0,9,9,3,1,0,0,8,0,0,0,0,4,1,5,6,2,25,5,1995,2,7,BMW 3 SERIES,4,E01018781,0,-1
2021010298778,2021,010298778,2,9,0,13,13,3,7,0,0,0,1,0,1,2,4,1,2,2,1,31,6,1995,2,9,BMW 3 SERIES,5,E01002489,0,-1
2021061086828,2021,061086828,3,9,0,2,2,0,0,0,0,0,0,0,0,0,1,1,6,6,3,-1,-1,1995,2,8,BMW 3 SERIES,-1,-1,0,-1
2021111052983,2021,111052983,2,9,0,8,8,1,2,0,0,1,0,0,0,0,1,1,5,6,1,32,6,1995,1,10,BMW 3 SERIES,5,E01020812,0,-1
2021010314988,2021,010314988,1,9,0,18,19,3,7,0,0,0,0,0,0,0,2,1,6,6,1,27,6,1997,1,9,BMW 3 SERIES,3,E01001311,0,-1
2021131091613,2021,131091613,1,9,0,18,19,1,5,0,0,0,0,0,0,0,4,1,6,6,3,-1,-1,1995,1,15,BMW 3 SERIES,-1,-1,0,-1
2021201063036,2021,201063036,1,9,0,1,1,8,4,0,0,0,0,0,0,0,2,1,6,6,1,39,7,2497,1,15,BMW 3 SERIES,1,E01010063,0,-1
2021440292622,2021,440292622,1,9,0,18,19,5,1,0,0,0,0,0,0,0,1,1,6,6,1,24,5,2926,2,19,BMW 3 SERIES,4,E01017264,0,-1
2021010315390,2021,010315390,2,9,0,99,99,9,9,99,99,9,9,99,9,99,9,9,6,6,3,-1,-1,1796,1,17,BMW 3 SERIES,-1,-1,0,-1
2021991086270,2021,991086270,2,9,0,18,19,3,7,0,0,0,0,0,0,0,4,1,5,6,1,22,5,1995,2,7,BMW 3 SERIES,1,-1,0,-1
2021010329173,2021,010329173,3,9,0,99,99,9,9,0,0,2,9,0,0,0,9,9,6,6,1,-1,-1,1995,1,8,BMW 3 SERIES,-1,-1,0,-1
2021991054187,2021,991054187,2,9,0,13,13,1,5,0,0,0,5,0,8,11,4,1,5,6,2,23,5,1995,2,10,BMW 3 SERIES,4,-1,0,-1
2021302101026,2021,302101026,2,9,0,2,2,0,0,0,0,0,0,0,0,0,2,1,6,6,1,33,6,1995,2,12,BMW 3 SERIES,6,E01027971,0,-1
2021221051975,2021,221051975,1,9,0,1,1,7,3,0,0,6,0,10,0,0,2,1,6,6,3,-1,-1,1995,2,11,BMW 3 SERIES,-1,-1,0,-1
2021201040401,2021,201040401,3,9,0,18,19,7,3,0,0,1,0,0,0,0,0,1,1,1,1,-1,-1,2993,2,3,BMW 3 SERIES,-1,-1,0,-1
2021451023319,2021,451023319,1,9,0,18,19,7,3,0,0,3,0,6,2,11,1,1,1,1,1,23,5,2979,1,14,BMW 3 SERIES,10,E01022585,0,-1
2021461098172,2021,461098172,1,9,0,18,19,1,5,0,0,0,0,0,0,0,1,1,6,6,1,28,6,1995,1,11,BMW 3 SERIES,10,E01024629,0,-1
2021010314373,2021,010314373,2,9,0,99,99,9,9,99,99,9,9,99,9,99,1,9,6,6,3,-1,-1,1499,1,3,BMW 3 SERIES,4,E01003210,0,-1
2021141067835,2021,141067835,2,9,0,18,19,1,1,0,0,1,0,0,0,0,1,1,2,2,2,36,7,1995,2,7,BMW 3 SERIES,2,E01007364,0,-1
2021010347421,2021,010347421,2,9,0,18,19,3,7,0,0,8,0,0,0,0,1,1,6,6,1,33,6,1995,2,13,BMW 3 SERIES,8,E01017598,0,-1
2021501022147,2021,501022147,1,9,0,18,19,1,5,0,0,0,0,0,1,3,1,1,6,6,1,21,5,1995,1,18,BMW 3 SERIES,6,E01019030,0,-1
2021061099349,2021,061099349,2,9,0,18,19,1,5,0,0,8,0,0,1,0,1,1,6,6,1,26,6,1995,1,9,BMW 3 SERIES,3,E01005179,0,-1
2021010314209,2021,010314209,2,9,0,99,99,9,9,99,99,9,9,99,9,99,1,9,6,6,1,45,7,1995,2,12,BMW 3 SERIES,9,E01000538,0,-1
2021471045341,2021,471045341,1,9,0,18,19,5,1,0,0,0,0,0,0,0,1,1,2,2,1,50,8,1995,1,11,BMW 3 SERIES,4,E01031786,0,-1
2021010306548,2021,010306548,1,9,0,99,99,9,9,99,99,9,9,99,9,99,9,9,6,6,1,27,6,1995,2,7,BMW 3 SERIES,2,E01001692,0,-1
2021061023586,2021,061023586,2,9,0,18,19,1,5,0,0,0,0,0,0,0,3,1,6,6,2,31,6,1995,2,14,BMW 3 SERIES,-1,-1,0,-1
2021052102591,2021,052102591,3,9,0,4,4,3,7,0,0,1,0,0,0,0,2,1,2,2,1,61,9,1995,2,9,BMW 3 SERIES,8,E01007285,0,-1
2021451022967,2021,451022967,2,9,0,18,19,7,3,0,0,0,0,0,0,0,4,1,5,6,1,25,5,1998,1,1,BMW 3 SERIES,5,E01030814,0,-1
2021461087334,2021,461087334,2,9,0,18,19,1,5,0,0,0,0,0,0,0,4,1,5,6,2,32,6,2494,1,15,BMW 3 SERIES,2,E01024165,0,-1
2021010304162,2021,010304162,2,9,0,99,99,9,9,0,0,1,0,0,0,0,1,1,6,6,1,-1,-1,2497,1,14,BMW 3 SERIES,-1,-1,0,-1
2021201072726,2021,201072726,1,9,0,18,19,2,6,0,0,8,1,7,6,2,2,1,2,2,1,36,7,2993,2,13,BMW 3 SERIES,1,E01010235,0,-1
2021411116125,2021,411116125,1,9,0,18,19,4,8,0,0,0,0,4,0,0,1,1,5,6,1,74,10,1997,1,8,BMW 3 SERIES,6,E01000294,0,-1
2021010309325,2021,010309325,2,9,0,10,10,3,1,0,0,2,0,0,0,0,4,2,6,6,1,24,5,2996,1,12,BMW 3 SERIES,6,E01002423,0,-1
2021041114297,2021,041114297,2,9,0,18,19,8,4,0,0,1,0,0,0,0,3,1,5,6,1,24,5,1995,1,14,BMW 3 SERIES,9,E01025439,0,-1
2021991028038,2021,991028038,2,9,0,18,19,4,8,0,0,0,1,0,5,6,3,1,5,6,1,36,7,1995,2,11,BMW 3 SERIES,8,E01006102,0,-1
2021461073109,2021,461073109,4,9,0,18,19,3,7,0,0,0,0,0,0,0,4,1,5,6,1,20,4,1995,1,13,BMW 3 SERIES,4,E01024533,0,-1
2021522102478,2021,522102478,1,9,0,7,7,8,2,0,0,6,0,0,0,0,1,1,6,6,1,59,9,2500,1,20,BMW 3 SERIES,2,E01014640,0,-1
2021991090615,2021,991090615,1,9,0,16,19,2,6,0,0,7,1,0,0,0,1,1,6,6,1,25,5,2494,1,20,BMW 3 SERIES,3,-1,0,-1
2021461075352,2021,461075352,3,9,0,18,19,5,1,0,0,0,0,0,0,0,1,1,6,6,2,38,7,1995,2,13,BMW 3 SERIES,4,E01024382,0,-1
2021430150508,2021,430150508,1,9,0,18,19,6,2,0,0,8,0,0,0,0,1,1,6,6,1,61,9,1995,2,10,BMW 3 SERIES,8,E01002499,0,-1
2021451012054,2021,451012054,2,9,0,18,19,2,6,0,0,0,0,0,0,0,3,1,6,6,1,26,6,1995,2,8,BMW 3 SERIES,8,E01030655,0,-1
2021131071121,2021,131071121,1,9,0,7,7,3,5,0,0,6,0,0,0,0,3,1,5,6,1,48,8,1997,1,7,BMW 3 SERIES,1,E01010680,0,-1
2021131098560,2021,131098560,2,9,0,2,2,8,2,0,0,8,0,0,0,0,1,1,1,1,1,35,6,2993,2,2,BMW 3 SERIES,1,E01010730,0,-1
2021010349683,2021,010349683,2,9,0,18,19,1,5,0,0,0,1,11,0,0,1,1,6,6,1,29,6,1995,1,18,BMW 3 SERIES,1,E01006728,0,-1
2021991027872,2021,991027872,1,9,0,18,19,1,5,0,0,0,0,0,0,0,1,1,6,6,1,35,6,1995,1,14,BMW 3 SERIES,3,-1,0,-1
2021471100582,2021,471100582,1,9,0,18,19,6,2,0,0,0,0,0,0,0,4,1,6,6,1,43,7,1995,2,7,BMW 3 SERIES,6,E01021058,0,-1
2021440139016,2021,440139016,1,9,0,4,4,6,2,0,0,1,0,0,0,0,2,1,6,6,1,45,7,1995,2,3,BMW 3 SERIES,7,E01023177,0,-1
2021010288809,2021,010288809,1,9,0,99,99,9,9,99,99,9,9,99,9,99,9,9,6,6,2,31,6,2993,2,8,BMW 3 SERIES,4,E01002867,0,-1
2021351054520,2021,351054520,1,9,0,18,19,1,5,0,0,2,0,0,3,6,1,1,6,6,1,37,7,2926,2,20,BMW 3 SERIES,8,E01018129,0,-1
2021131056199,2021,131056199,2,9,0,18,19,7,3,0,0,2,0,0,0,0,0,1,1,1,2,36,7,2993,2,2,BMW 3 SERIES,6,E01011885,0,-1
2021122100562,2021,122100562,1,9,0,18,19,5,1,0,0,0,1,0,1,0,1,1,6,6,1,48,8,1995,2,10,BMW 3 SERIES,4,E01008880,0,-1
2021010290753,2021,010290753,1,9,0,7,7,5,7,0,0,4,0,0,0,0,3,9,6,6,2,25,5,2000,2,10,BMW 3 SERIES,4,E01002642,0,-1
2021010316660,2021,010316660,2,9,0,3,3,8,4,0,0,0,0,0,0,0,3,1,6,6,1,21,5,1995,2,16,BMW 3 SERIES,1,E01003487,0,-1
2021461068885,2021,461068885,1,9,0,18,19,4,8,0,0,0,1,11,0,0,1,1,6,6,1,52,8,1995,2,15,BMW 3 SERIES,2,E01002730,0,-1
2021061143667,2021,061143667,1,9,0,1,1,7,3,0,0,2,0,0,0,0,3,1,5,6,1,35,6,1995,2,3,BMW 3 SERIES,4,E01006187,0,-1
2021170S10151,2021,170S10151,1,9,0,9,9,2,7,0,0,8,0,0,0,0,4,1,2,2,1,23,5,1995,2,9,BMW 3 SERIES,4,E01012264,0,-1
2021041064937,2021,041064937,1,9,0,18,19,1,5,0,0,1,0,4,0,0,1,1,5,6,1,31,6,2494,1,19,BMW 3 SERIES,-1,-1,0,-1
2021201018607,2021,201018607,2,9,0,10,10,5,1,0,0,5,0,0,0,0,0,1,1,1,1,-1,-1,2993,2,3,BMW 3 SERIES,5,E01009234,0,-1
2021440214057,2021,440214057,1,9,0,9,9,2,8,0,0,8,0,0,0,0,3,1,6,6,1,47,8,1998,8,2,BMW 3 SERIES,8,E01032871,0,-1
2021201122130,2021,201122130,1,9,0,18,19,3,7,0,0,8,0,0,0,0,1,1,6,6,1,-1,-1,2497,2,14,BMW 3 SERIES,-1,-1,0,-1
202134WNC6221,2021,34WNC6221,1,9,0,18,19,7,3,0,0,0,0,0,0,0,1,1,6,6,2,28,6,1995,2,14,BMW 3 SERIES,2,E01027243,0,-1
2021161097423,2021,161097423,1,9,0,18,19,2,6,0,0,1,0,0,1,0,3,1,5,6,2,36,7,2000,2,10,BMW 3 SERIES,9,E01012998,0,-1
2021010328862,2021,010328862,2,9,0,5,5,1,5,0,0,8,0,0,0,0,1,1,6,6,1,23,5,1995,1,10,BMW 3 SERIES,8,E01002274,0,-1
2021430481884,2021,430481884,1,9,0,18,19,6,2,0,0,0,0,0,0,0,1,1,6,6,1,22,5,2171,1,17,BMW 3 SERIES,10,E01028741,0,-1
2021041087994,2021,041087994,2,9,0,18,19,7,3,0,0,2,0,0,0,0,3,1,5,6,2,33,6,1995,1,14,BMW 3 SERIES,7,E01025027,0,-1
2021201142200,2021,201142200,2,9,0,18,19,8,4,0,0,0,0,0,0,0,4,1,1,1,3,-1,-1,2993,2,0,BMW 3 SERIES,-1,-1,0,-1
2021231071944,2021,231071944,1,9,0,18,19,3,7,0,0,0,1,10,7,10,1,1,6,6,1,26,6,1995,1,14,BMW 3 SERIES,1,E01009607,0,-1
2021320216399,2021,320216399,2,9,0,18,19,8,4,0,0,1,0,0,0,0,2,1,6,6,1,32,6,1995,2,13,BMW 3 SERIES,3,E01009619,0,-1
2021991126501,2021,991126501,2,9,0,4,4,2,7,0,0,0,0,0,0,0,1,1,5,6,1,27,6,1995,2,12,BMW 3 SERIES,9,-1,0,-1
2021501052066,2021,501052066,3,9,0,3,3,4,8,0,0,2,0,0,0,0,2,1,5,6,1,75,10,1995,1,10,BMW 3 SERIES,6,E01020335,0,-1
2021010327828,2021,010327828,2,9,9,99,99,9,9,99,99,9,9,99,9,99,9,9,6,6,3,-1,-1,1997,1,7,BMW 3 SERIES,-1,-1,0,-1
2021010299766,2021,010299766,1,9,0,17,19,2,6,0,0,0,1,4,0,0,1,1,6,6,1,31,6,2494,1,19,BMW 3 SERIES,-1,-1,0,-1
2021201127215,2021,201127215,1,9,0,18,19,5,1,0,0,8,0,0,0,0,1,1,6,6,1,42,7,2793,1,22,BMW 3 SERIES,1,E01033187,0,-1
2021141074103,2021,141074103,1,9,0,7,7,4,6,0,0,3,0,0,0,0,3,1,2,2,1,37,7,2000,2,10,BMW 3 SERIES,5,E01007813,0,-1
2021201097532,2021,201097532,1,9,0,9,9,8,6,0,0,5,0,0,0,0,2,1,6,6,1,27,6,1995,1,9,BMW 3 SERIES,1,E01015637,0,-1
2021010350648,2021,010350648,2,9,0,99,99,9,9,99,99,9,9,99,9,99,1,9,6,6,3,-1,-1,1995,2,9,BMW 3 SERIES,4,E01000171,0,-1
2021010298968,2021,010298968,2,9,0,18,19,1,5,0,0,1,0,0,0,0,1,1,6,6,3,-1,-1,2494,1,19,BMW 3 SERIES,-1,-1,0,-1
2021010291455,2021,010291455,2,9,0,99,99,9,9,99,99,9,9,99,9,99,1,9,6,6,3,-1,-1,2993,2,14,BMW 3 SERIES,-1,-1,0,-1
2021430151049,2021,430151049,1,9,0,12,12,8,4,0,0,1,0,0,0,0,3,1,2,2,3,36,7,2993,2,4,BMW 3 SERIES,10,E01016386,0,-1
2021520103868,2021,520103868,1,9,0,18,19,7,3,0,0,0,0,0,0,0,0,1,6,6,1,20,4,2993,2,14,BMW 3 SERIES,6,E01029306,0,-1
2021461034527,2021,461034527,1,9,0,17,19,4,1,0,0,1,0,0,0,0,1,1,6,6,1,27,6,1995,2,9,BMW 3 SERIES,1,E01024611,0,-1
2021041022821,2021,041022821,2,9,0,5,5,1,1,0,0,4,0,0,1,0,4,1,5,6,2,31,6,1995,2,7,BMW 3 SERIES,5,E01025190,0,-1
2021061065179,2021,061065179,1,9,0,18,19,6,2,0,0,1,0,0,0,0,1,1,6,6,1,30,6,1995,2,4,BMW 3 SERIES,1,E01006778,0,-1
2021430267500,2021,430267500,1,9,0,18,19,8,4,0,0,0,1,0,0,0,1,1,6,6,1,31,6,1995,1,13,BMW 3 SERIES,3,E01017654,0,-1
2021010322687,2021,010322687,2,9,0,4,4,1,5,0,0,1,0,0,0,0,2,1,1,1,1,42,7,1995,2,5,BMW 3 SERIES,-1,-1,0,-1
2021552100329,2021,552100329,2,9,0,7,7,6,8,0,0,6,0,0,0,0,0,1,6,6,2,74,10,1998,1,4,BMW 3 SERIES,10,E01015401,0,-1
2021061120738,2021,061120738,2,9,0,17,19,1,5,0,0,0,0,0,0,0,0,1,1,1,1,51,8,2993,12,0,BMW 3 SERIES,-1,-1,0,-1
2021991055263,2021,991055263,3,9,0,18,19,1,5,0,0,0,0,0,0,0,1,1,5,6,1,61,9,1995,2,3,BMW 3 SERIES,10,-1,0,-1
2021421046385,2021,421046385,2,9,0,18,19,7,3,0,0,4,0,0,0,0,1,1,1,1,2,51,8,1997,1,9,BMW 3 SERIES,5,E01032526,0,-1
2021010341608,2021,010341608,1,9,0,9,9,7,5,0,0,8,0,0,0,0,4,1,6,6,1,21,5,1995,1,14,BMW 3 SERIES,2,E01004219,0,-1
2021461040745,2021,461040745,1,9,0,18,19,7,3,0,0,4,0,0,0,0,1,1,6,6,1,-1,-1,2993,2,8,BMW 3 SERIES,10,E01024765,0,-1
2021131041142,2021,131041142,1,9,0,5,5,4,8,0,0,0,0,0,0,0,1,1,6,6,1,29,6,2993,2,6,BMW 3 SERIES,3,E01033542,0,-1
2021471045811,2021,471045811,1,9,0,18,19,2,6,0,0,0,0,0,0,0,1,1,6,6,3,-1,-1,1995,2,15,BMW 3 SERIES,-1,-1,0,-1
2021010287645,2021,010287645,1,9,0,9,9,8,5,0,0,5,0,0,0,0,1,1,6,6,2,22,5,1995,2,18,BMW 3 SERIES,2,E01030289,0,-1
2021361080656,2021,361080656,3,9,0,18,19,5,1,0,0,0,0,0,0,0,1,1,3,7,1,21,5,1995,2,12,BMW 3 SERIES,6,E01026872,0,-1
2021041103603,2021,041103603,3,9,0,10,10,5,3,0,0,1,0,0,1,0,1,1,6,6,1,26,6,1995,2,2,BMW 3 SERIES,3,E01012644,0,-1
2021201071886,2021,201071886,5,9,0,17,19,6,4,0,0,0,0,0,0,0,0,1,1,1,1,-1,-1,2993,2,4,BMW 3 SERIES,-1,-1,0,-1
2021991071709,2021,991071709,1,9,0,16,19,1,4,0,0,0,2,0,7,0,3,1,1,1,1,58,9,2993,2,4,BMW 3 SERIES,4,-1,0,-1
2021991018170,2021,991018170,2,9,0,13,13,2,6,0,0,8,1,0,1,0,1,1,6,6,1,35,6,1995,2,16,BMW 3 SERIES,1,-1,0,-1
2021201060158,2021,201060158,1,9,0,18,19,6,2,0,0,3,0,7,4,0,4,1,6,6,3,-1,-1,1995,2,13,BMW 3 SERIES,-1,-1,0,-1
2021101019787,2021,101019787,2,9,0,3,3,6,8,0,0,0,0,0,0,0,2,1,5,6,1,28,6,1998,1,1,BMW 3 SERIES,4,E01008747,0,-1
2021991119889,2021,991119889,1,9,0,18,19,7,3,0,0,2,0,0,0,0,1,1,1,1,2,30,6,1998,1,2,BMW 3 SERIES,1,-1,0,-1
2021010309260,2021,010309260,1,9,0,9,9,1,7,0,0,5,0,0,0,0,1,1,3,7,2,31,6,1997,1,8,BMW 3 SERIES,7,E01002569,0,-1
2021545608121,2021,545608121,2,9,0,2,2,0,0,0,0,0,0,0,1,11,1,1,6,6,2,-1,-1,2171,1,19,BMW 3 SERIES,4,E01015511,0,-1
2021991030557,2021,991030557,2,9,0,18,19,8,4,0,0,1,0,0,0,0,4,1,5,6,2,53,8,1995,1,12,BMW 3 SERIES,9,-1,0,-1
2021361087943,2021,361087943,1,9,0,18,19,1,5,0,0,0,2,0,7,0,1,1,5,6,1,45,7,2793,1,25,BMW 3 SERIES,8,E01026439,0,-1
2021010287905,2021,010287905,2,9,0,18,19,7,3,0,0,8,0,0,0,0,1,1,6,6,3,-1,-1,2993,2,17,BMW 3 SERIES,-1,-1,0,-1
202131A019321,2021,31A019321,1,9,0,9,9,8,5,0,0,6,0,0,0,0,1,1,6,6,1,59,9,1995,2,10,BMW 3 SERIES,5,E01027947,0,-1
2021141055101,2021,141055101,2,9,0,18,19,1,1,0,0,1,0,0,0,0,1,1,5,6,1,33,6,1995,2,15,BMW 3 SERIES,4,E01007653,0,-1
2021622100595,2021,622100595,1,9,0,18,19,3,7,0,0,1,0,0,0,0,4,1,6,6,1,20,4,1995,2,9,BMW 3 SERIES,3,W01001764,0,-1
2021131070293,2021,131070293,1,9,0,16,19,7,3,0,0,0,0,0,1,1,1,1,6,6,1,24,5,1995,2,4,BMW 3 SERIES,3,E01032608,0,-1
2021991064840,2021,991064840,2,9,0,6,6,7,7,0,0,3,0,0,0,0,1,1,5,6,1,54,8,2497,1,14,BMW 3 SERIES,7,-1,0,-1
2021141045379,2021,141045379,2,9,0,10,10,5,1,0,0,8,0,0,0,0,3,1,5,6,2,67,10,2979,1,20,BMW 3 SERIES,5,E01019780,0,-1
2021552100453,2021,552100453,1,9,0,18,19,7,3,0,0,0,1,0,7,4,3,1,6,6,1,25,5,2979,1,14,BMW 3 SERIES,7,E01020436,0,-1
2021010305047,2021,010305047,1,9,0,99,99,9,9,0,0,9,9,99,9,99,9,9,6,6,1,38,7,1995,1,12,BMW 3 SERIES,2,E01001912,0,-1
2021302101427,2021,302101427,1,9,0,4,4,1,6,0,0,1,0,0,0,0,2,1,2,2,1,36,7,1499,1,3,BMW 3 SERIES,4,E01013494,0,-1
2021411061328,2021,411061328,2,9,0,17,19,6,2,0,0,0,0,0,0,0,3,1,5,6,2,36,7,1995,2,11,BMW 3 SERIES,9,E01023463,0,-1
2021430042310,2021,430042310,2,9,0,17,19,8,6,0,0,8,1,0,2,11,1,1,6,6,1,26,6,2497,1,16,BMW 3 SERIES,8,E01028715,0,-1
2021010287424,2021,010287424,2,9,0,99,99,9,9,99,99,9,9,99,9,99,1,9,6,6,3,25,5,1995,1,10,BMW 3 SERIES,3,E01003736,0,-1
2021010351898,2021,010351898,1,9,0,5,5,1,5,0,0,4,0,0,0,0,3,1,6,6,2,57,9,1995,1,14,BMW 3 SERIES,3,E01002508,0,-1
2021221086972,2021,221086972,1,9,0,7,7,2,4,0,0,5,0,0,0,0,0,1,6,6,1,24,5,1995,2,2,BMW 3 SERIES,4,W01000332,0,-1
2021010324431,2021,010324431,2,9,0,99,99,9,9,99,99,0,9,99,9,99,1,9,6,6,3,-1,-1,1995,1,14,BMW 3 SERIES,-1,-1,0,-1
2021131098611,2021,131098611,1,9,0,4,4,1,5,0,0,0,0,0,0,0,1,1,5,6,1,70,10,1995,1,17,BMW 3 SERIES,-1,-1,0,-1
202131B154521,2021,31B154521,1,9,0,18,19,7,3,0,0,1,1,4,2,0,1,1,6,6,1,20,4,1995,1,15,BMW 3 SERIES,6,E01028046,0,-1
2021131114793,2021,131114793,1,9,0,18,19,1,5,0,0,0,0,0,0,0,1,1,1,1,1,51,8,2993,2,2,BMW 3 SERIES,9,E01011935,0,-1
2021061036850,2021,061036850,5,9,0,18,19,5,1,0,0,8,0,0,0,0,0,1,1,1,1,30,6,2993,2,5,BMW 3 SERIES,4,E01005730,0,-1
2021991070849,2021,991070849,1,9,0,18,19,7,3,0,0,0,0,0,1,0,1,1,1,1,1,38,7,1995,1,17,BMW 3 SERIES,6,-1,0,-1
2021430508768,2021,430508768,3,9,0,3,3,8,4,0,0,1,0,0,0,0,2,1,6,6,2,25,5,1995,2,16,BMW 3 SERIES,9,E01033515,0,-1
2021221099664,2021,221099664,1,9,0,13,13,7,2,0,0,8,0,0,0,0,1,1,6,6,1,39,7,1995,2,10,BMW 3 SERIES,2,E01010265,0,-1
2021111099499,2021,111099499,1,9,0,18,19,1,1,0,0,0,0,0,7,0,1,1,5,6,1,27,6,2993,2,13,BMW 3 SERIES,3,E01020766,0,-1
2021010341522,2021,010341522,1,9,0,7,7,5,8,0,0,5,0,0,0,0,4,1,1,1,2,45,7,2996,1,11,BMW 3 SERIES,9,E01003837,0,-1
2021461020367,2021,461020367,1,9,0,9,9,3,5,0,0,1,0,0,0,0,3,1,5,6,2,44,7,2993,2,6,BMW 3 SERIES,6,E01024303,0,-1
2021451041375,2021,451041375,1,9,0,18,19,5,1,0,0,0,0,0,0,0,3,1,5,6,2,34,6,2993,2,11,BMW 3 SERIES,10,E01030989,0,-1
2021411020828,2021,411020828,1,9,0,5,5,7,1,0,0,0,0,0,0,0,3,1,5,6,1,49,8,1998,8,1,BMW 3 SERIES,3,E01023954,0,-1
2021201141367,2021,201141367,1,9,0,18,19,7,3,0,0,0,1,0,0,0,1,1,6,6,1,29,6,1995,2,13,BMW 3 SERIES,7,E01010228,0,-1