collision_index,collision_year,collision_ref_no,vehicle_reference,vehicle_type,towing_and_articulation,vehicle_manoeuvre_historic,vehicle_manoeuvre,vehicle_direction_from,vehicle_direction_to,vehicle_location_restricted_lane_historic,vehicle_location_restricted_lane,junction_location,skidding_and_overturning,hit_object_in_carriageway,vehicle_leaving_carriageway,hit_object_off_carriageway,first_point_of_impact,vehicle_left_hand_drive,journey_purpose_of_driver_historic,journey_purpose_of_driver,sex_of_driver,age_of_driver,age_band_of_driver,engine_capacity_cc,propulsion_code,age_of_vehicle,generic_make_model,driver_imd_decile,lsoa_of_driver,escooter_flag,driver_distance_banding
2021440478408,2021,440478408,1,9,0,18,19,8,4,0,0,0,1,4,0,0,1,1,6,6,1,33,6,1796,1,19,BMW 3 SERIES,10,E01030898,0,-1
2021501142087,2021,501142087,1,9,0,18,19,5,1,0,0,0,0,0,4,4,4,1,5,6,1,23,5,1995,2,15,BMW 3 SERIES,6,E01020221,0,-1
2021411087968,2021,411087968,2,9,0,4,4,1,5,0,0,0,0,0,0,0,1,1,6,6,1,78,11,1998,1,2,BMW 3 SERIES,9,E01014436,0,-1
2021101117607,2021,101117607,1,9,0,18,19,2,6,0,0,0,0,0,0,0,1,1,5,6,1,35,6,1995,2,8,BMW 3 SERIES,-1,-1,0,-1
2021061053599,2021,061053599,1,9,0,18,19,2,6,0,0,0,0,0,0,0,1,1,6,6,1,30,6,1995,2,19,BMW 3 SERIES,2,E01005222,0,-1
2021010296645,2021,010296645,2,9,0,18,19,1,5,0,0,1,0,0,0,0,2,1,6,6,1,47,8,1995,2,7,BMW 3 SERIES,3,E01001076,0,-1
2021010352027,2021,010352027,2,9,0,18,19,1,5,0,0,0,0,0,0,0,1,1,6,6,1,-1,-1,1995,2,6,BMW 3 SERIES,3,E01033150,0,-1
2021320115583,2021,320115583,2,9,0,2,2,0,0,0,0,0,0,0,0,0,1,1,6,6,1,73,10,2996,1,10,BMW 3 SERIES,6,E01026135,0,-1
2021041036507,2021,041036507,1,9,0,13,13,3,7,0,0,0,0,0,0,0,0,1,6,6,3,25,5,1995,2,8,BMW 3 SERIES,-1,-1,0,-1
2021201067490,2021,201067490,2,9,0,2,2,0,0,0,0,2,0,0,0,0,3,1,6,6,1,41,7,1995,2,16,BMW 3 SERIES,-1,-1,0,-1
2021201131055,2021,201131055,1,9,0,18,19,6,2,0,0,0,0,10,1,1,1,1,6,6,3,-1,-1,1995,2,9,BMW 3 SERIES,-1,-1,0,-1
202163B021021,2021,63B021021,1,9,0,14,14,4,8,0,0,1,0,0,0,0,1,1,6,6,1,28,6,2926,2,20,BMW 3 SERIES,3,W01000479,0,-1
2021541048121,2021,541048121,1,9,0,9,9,1,5,0,0,8,0,0,0,0,1,1,2,2,1,21,5,2996,2,12,BMW 3 SERIES,6,E01032696,0,-1
2021201143313,2021,201143313,3,9,0,18,19,4,8,0,0,1,0,0,0,0,0,1,1,1,1,-1,-1,2993,2,4,BMW 3 SERIES,-1,-1,0,-1
2021010338231,2021,010338231,1,9,0,18,19,1,5,0,0,2,0,0,0,0,4,1,1,1,1,27,6,1995,2,3,BMW 3 SERIES,4,E01000634,0,-1
2021520200794,2021,520200794,2,9,0,18,19,1,5,0,0,8,0,0,0,0,1,1,6,6,2,21,5,1995,2,15,BMW 3 SERIES,4,E01029281,0,-1
2021501083081,2021,501083081,1,9,0,18,19,3,7,0,0,1,1,0,0,0,3,1,6,6,1,50,8,1995,2,6,BMW 3 SERIES,9,E01019591,0,-1
2021302101779,2021,302101779,2,9,0,18,19,8,6,0,0,8,0,0,0,0,4,1,6,6,1,48,8,1995,2,4,BMW 3 SERIES,9,E01019474,0,-1
2021520101096,2021,520101096,1,9,0,18,19,7,3,0,0,2,0,0,0,0,4,1,6,6,1,47,8,1998,1,2,BMW 3 SERIES,3,E01029175,0,-1
2021010290757,2021,010290757,1,9,0,17,19,5,1,0,0,0,0,10,7,10,1,1,6,6,1,36,7,2979,1,20,BMW 3 SERIES,8,E01002178,0,-1
2021201111142,2021,201111142,2,9,0,3,3,3,7,0,0,1,0,0,0,0,2,1,6,6,1,34,6,2993,2,14,BMW 3 SERIES,1,E01010080,0,-1
2021451063568,2021,451063568,2,9,0,18,19,7,3,0,0,0,0,0,0,0,2,1,2,2,1,51,8,1995,2,4,BMW 3 SERIES,8,E01022532,0,-1
202131C125921,2021,31C125921,1,9,0,9,9,6,4,0,0,6,0,0,0,0,4,1,2,2,2,25,5,1995,2,9,BMW 3 SERIES,4,E01013974,0,-1
2021991045346,2021,991045346,1,9,0,16,19,5,7,0,0,1,0,0,0,0,1,1,6,6,1,65,9,2200,1,20,BMW 3 SERIES,1,-1,0,-1
202131C164221,2021,31C164221,1,9,0,18,19,6,2,0,0,1,0,0,0,0,4,1,6,6,1,48,8,1998,8,0,BMW 3 SERIES,6,E01006070,0,-1
202134WNC5471,2021,34WNC5471,2,9,0,18,19,1,5,0,0,8,0,0,0,0,1,1,6,6,1,33,6,1995,2,16,BMW 3 SERIES,2,E01027151,0,-1
2021010298522,2021,010298522,2,9,0,17,19,1,7,0,0,8,0,0,0,0,1,1,6,6,1,55,8,1995,2,10,BMW 3 SERIES,6,E01021472,0,-1
2021010323261,2021,010323261,2,9,0,4,4,1,5,0,0,1,0,0,0,0,2,1,6,6,1,52,8,2000,1,13,BMW 3 SERIES,2,E01033597,0,-1
2021471096450,2021,471096450,2,9,0,2,2,0,0,0,0,0,0,0,0,0,1,1,6,6,3,-1,-1,2993,2,11,BMW 3 SERIES,-1,-1,0,-1
2021010317413,2021,010317413,2,9,0,99,99,9,9,99,99,9,9,99,9,99,1,9,6,6,3,-1,-1,1997,1,6,BMW 3 SERIES,-1,-1,0,-1
2021131053695,2021,131053695,1,9,0,7,7,7,3,0,0,8,5,0,0,0,3,1,6,6,1,22,5,1995,2,5,BMW 3 SERIES,3,E01010805,0,-1
2021061023813,2021,061023813,4,9,0,2,2,0,0,0,0,2,0,0,0,0,2,1,6,6,3,-1,-1,1598,1,7,BMW 3 SERIES,-1,-1,0,-1
2021371067648,2021,371067648,1,9,0,18,19,3,7,0,0,1,1,0,0,0,1,1,6,6,1,24,5,2000,2,12,BMW 3 SERIES,7,E01030117,0,-1
2021041024415,2021,041024415,2,9,0,5,5,3,7,0,0,1,0,0,0,0,1,1,5,6,1,36,7,1995,2,11,BMW 3 SERIES,3,E01025069,0,-1
2021201139745,2021,201139745,1,9,0,18,19,4,8,0,0,0,0,0,0,0,0,1,6,6,1,-1,-1,2993,2,0,BMW 3 SERIES,-1,-1,0,-1
2021451067651,2021,451067651,3,9,0,18,19,5,1,0,0,1,0,0,0,0,1,1,1,1,1,31,6,2993,2,1,BMW 3 SERIES,7,E01030621,0,-1
2021221121851,2021,221121851,1,9,0,17,19,8,5,0,0,0,1,0,7,1,1,1,2,2,2,21,5,1998,1,2,BMW 3 SERIES,5,E01014069,0,-1
2021201103121,2021,201103121,1,9,0,18,19,5,1,0,0,1,0,0,0,0,1,1,6,6,1,39,7,1995,1,11,BMW 3 SERIES,5,E01010348,0,-1
2021421031027,2021,421031027,2,9,0,18,19,1,5,0,0,3,0,0,0,0,1,1,5,6,1,30,6,2171,1,18,BMW 3 SERIES,2,E01003508,0,-1
2021440012733,2021,440012733,2,9,0,9,9,7,5,0,0,8,0,0,0,0,1,1,6,6,1,27,6,1995,2,7,BMW 3 SERIES,2,E01022833,0,-1
2021361061716,2021,361061716,2,9,0,18,19,5,1,0,0,2,0,0,0,0,3,1,5,6,1,33,6,1995,2,8,BMW 3 SERIES,3,E01026592,0,-1
2021141075756,2021,141075756,1,9,0,16,19,3,7,0,0,0,5,0,7,10,4,1,6,6,3,-1,-1,2993,2,14,BMW 3 SERIES,-1,-1,0,-1
2021031029740,2021,031029740,1,9,0,18,19,7,3,0,0,1,1,0,0,0,3,1,6,6,1,29,6,2993,2,15,BMW 3 SERIES,6,E01019082,0,-1
2021201108231,2021,201108231,2,9,0,5,5,8,5,0,0,7,0,0,0,0,3,1,6,6,1,36,7,2993,2,6,BMW 3 SERIES,2,E01009481,0,-1
2021010290989,2021,010290989,1,9,0,18,19,1,5,0,0,0,1,10,0,0,2,1,6,6,2,22,5,1995,2,5,BMW 3 SERIES,3,E01003583,0,-1
2021131078817,2021,131078817,1,9,0,4,4,2,6,0,0,0,0,0,0,0,2,1,5,6,2,44,7,1995,2,10,BMW 3 SERIES,1,E01011427,0,-1
2021451054197,2021,451054197,1,9,0,13,13,3,7,0,0,0,1,7,2,0,1,1,6,6,1,31,6,1995,2,16,BMW 3 SERIES,7,E01014070,0,-1
2021201131597,2021,201131597,1,9,0,13,13,1,5,0,0,8,0,10,7,10,4,1,1,1,1,32,6,1995,2,2,BMW 3 SERIES,5,E01009582,0,-1
2021430350755,2021,430350755,1,9,0,18,19,1,5,0,0,2,0,0,0,0,4,1,6,6,1,56,9,1998,1,3,BMW 3 SERIES,9,E01017672,0,-1
2021421045751,2021,421045751,1,9,0,18,19,6,2,0,0,0,0,0,0,0,1,1,6,6,1,57,9,1997,1,6,BMW 3 SERIES,9,E01021782,0,-1
2021161015073,2021,161015073,2,9,0,18,19,6,2,0,0,0,0,0,0,0,4,1,1,1,2,34,6,2993,2,2,BMW 3 SERIES,10,E01013090,0,-1
2021351111017,2021,351111017,3,9,0,4,4,8,4,0,0,0,0,0,0,0,2,1,6,6,2,30,6,2993,2,3,BMW 3 SERIES,6,E01033179,0,-1
2021161066096,2021,161066096,1,9,0,18,19,7,3,0,0,1,0,0,7,0,1,1,2,2,1,19,4,1995,2,8,BMW 3 SERIES,6,E01013441,0,-1
2021111131192,2021,111131192,1,9,0,18,19,6,2,0,0,1,0,0,0,0,1,1,6,6,1,40,7,1995,2,17,BMW 3 SERIES,-1,-1,0,-1
2021131085946,2021,131085946,3,9,0,-1,-1,-1,-1,-1,-1,-1,-1,-1,-1,-1,-1,1,5,6,1,27,6,1995,2,9,BMW 3 SERIES,4,E01011023,0,-1
2021201111855,2021,201111855,1,9,0,18,19,6,2,0,0,1,0,0,0,0,1,1,2,2,1,37,7,2000,2,12,BMW 3 SERIES,3,E01010458,0,-1
2021052101479,2021,052101479,1,9,0,1,1,3,7,0,0,0,0,0,0,0,2,1,6,6,1,44,7,1995,2,3,BMW 3 SERIES,5,E01005687,0,-1
2021461129373,2021,461129373,1,9,0,9,9,1,7,0,0,5,0,0,0,0,1,1,6,6,1,40,7,1995,2,14,BMW 3 SERIES,2,E01024840,0,-1
2021201086910,2021,201086910,2,9,0,9,9,8,6,0,0,6,0,0,0,0,1,1,6,6,1,36,7,1995,2,7,BMW 3 SERIES,8,E01010333,0,-1
2021170M10271,2021,170M10271,1,9,0,18,19,7,3,0,0,8,0,0,0,0,1,1,6,6,1,24,5,1951,2,21,BMW 3 SERIES,9,E01033480,0,-1
2021461023784,2021,461023784,1,9,0,5,5,6,1,0,0,7,0,0,7,0,3,1,6,6,1,24,5,1995,2,8,BMW 3 SERIES,5,E01016158,0,-1
2021421036295,2021,421036295,1,9,0,18,19,7,5,9,9,1,0,0,0,0,1,1,6,6,1,17,4,1995,2,4,BMW 3 SERIES,-1,-1,0,-1
2021138150442,2021,138150442,1,9,0,5,5,4,8,0,0,6,0,0,0,0,1,1,6,6,1,65,9,1995,2,7,BMW 3 SERIES,7,E01011650,0,-1
2021122101109,2021,122101109,1,9,0,18,19,7,3,0,0,0,0,0,0,0,3,1,6,6,1,64,9,2993,2,4,BMW 3 SERIES,6,E01007452,0,-1
2021061044043,2021,061044043,2,9,0,18,19,7,5,0,0,1,0,0,0,0,2,1,5,6,1,31,6,1995,2,4,BMW 3 SERIES,1,E01005532,0,-1
2021461022984,2021,461022984,1,9,0,9,9,2,6,0,0,0,0,0,0,0,4,1,6,6,1,32,6,1995,1,13,BMW 3 SERIES,3,E01023972,0,-1
2021501126266,2021,501126266,1,9,0,18,19,8,4,0,0,0,2,0,5,4,1,1,5,6,1,28,6,2993,2,16,BMW 3 SERIES,4,E01018861,0,-1
2021010356497,2021,010356497,1,9,0,99,99,9,9,99,99,9,9,99,9,99,2,9,1,1,1,28,6,1998,8,0,BMW 3 SERIES,6,E01000568,0,-1
202106N080068,2021,06N080068,1,9,0,11,11,5,3,0,0,8,0,0,0,0,1,1,6,6,3,30,6,1995,2,6,BMW 3 SERIES,-1,-1,0,-1
2021010291561,2021,010291561,1,9,0,16,19,5,7,0,0,6,1,0,0,0,2,1,2,2,1,24,5,2000,2,10,BMW 3 SERIES,-1,-1,0,-1
2021010325933,2021,010325933,2,9,9,99,99,9,9,0,0,1,0,0,0,0,1,9,6,6,1,-1,-1,2497,1,16,BMW 3 SERIES,2,E01004539,0,-1
2021131124112,2021,131124112,2,9,0,2,2,5,1,0,0,8,0,0,0,0,4,1,1,1,1,39,7,2993,2,3,BMW 3 SERIES,6,E01011885,0,-1
2021122100247,2021,122100247,2,9,0,18,19,5,1,0,0,0,0,0,0,0,1,1,1,1,1,50,8,2993,2,2,BMW 3 SERIES,9,E01027794,0,-1
2021471029593,2021,471029593,2,9,0,18,19,4,8,0,0,1,0,0,0,0,1,1,5,6,2,28,6,1998,8,1,BMW 3 SERIES,7,E01020943,0,-1
2021421070954,2021,421070954,2,9,0,18,19,8,4,0,0,0,0,0,0,0,2,1,6,6,2,49,8,1995,1,13,BMW 3 SERIES,7,E01021470,0,-1
2021421079627,2021,421079627,2,9,0,18,19,6,2,0,0,1,0,0,7,1,1,1,5,6,1,23,5,1995,1,15,BMW 3 SERIES,4,E01021508,0,-1
2021141037439,2021,141037439,3,9,0,18,19,3,7,0,0,0,0,0,0,0,0,2,1,1,1,-1,-1,2993,2,4,BMW 3 SERIES,-1,-1,0,-1
2021501065944,2021,501065944,1,9,0,18,19,5,1,0,0,0,0,0,0,0,4,1,6,6,1,77,11,2996,1,15,BMW 3 SERIES,6,E01019068,0,-1
2021622100731,2021,622100731,2,9,0,8,8,6,2,0,0,0,0,0,0,0,0,1,6,6,2,30,6,1995,2,6,BMW 3 SERIES,3,W01001080,0,-1
2021201118732,2021,201118732,2,9,0,2,2,0,0,0,0,0,0,0,0,0,3,1,6,6,1,47,8,1995,2,5,BMW 3 SERIES,8,E01010241,0,-1
2021401034122,2021,401034122,2,9,0,9,9,3,7,0,0,4,0,10,7,0,1,1,2,2,1,23,5,1995,2,7,BMW 3 SERIES,8,E01015745,0,-1
2021010293225,2021,010293225,2,9,0,7,7,5,8,0,0,1,0,0,0,0,3,1,6,6,3,-1,-1,1998,1,3,BMW 3 SERIES,-1,-1,0,-1
2021041154862,2021,041154862,2,9,0,18,19,3,7,0,0,1,0,0,0,0,1,1,6,6,3,-1,-1,2993,2,2,BMW 3 SERIES,-1,-1,0,-1
2021552100321,2021,552100321,1,9,0,4,4,6,2,0,0,0,0,0,0,0,2,1,6,6,1,40,7,2993,2,7,BMW 3 SERIES,2,E01015288,0,-1
2021320725190,2021,320725190,2,9,0,3,3,6,2,0,0,0,0,0,0,0,2,1,2,2,1,28,6,1995,2,14,BMW 3 SERIES,3,E01026025,0,-1
2021010334627,2021,010334627,1,9,0,99,99,9,9,0,0,0,0,0,0,0,2,1,6,6,1,24,5,1995,1,11,BMW 3 SERIES,4,E01003452,0,-1
2021430524373,2021,430524373,1,9,0,18,19,4,8,0,0,0,0,0,0,0,1,1,2,2,1,-1,-1,1995,1,14,BMW 3 SERIES,6,E01028676,0,-1
2021471125978,2021,471125978,1,9,0,17,19,1,5,0,0,1,0,0,1,1,1,1,6,6,1,45,7,1995,2,12,BMW 3 SERIES,5,E01020947,0,-1
2021010314505,2021,010314505,2,9,0,13,13,3,7,0,0,0,0,0,0,0,4,1,6,6,1,31,6,1995,1,9,BMW 3 SERIES,10,E01030917,0,-1
2021461058215,2021,461058215,2,9,0,2,2,0,0,0,0,0,0,0,0,0,2,1,6,6,1,23,5,1995,1,15,BMW 3 SERIES,9,E01016147,0,-1
2021302100748,2021,302100748,1,9,0,7,7,0,0,0,0,6,0,0,0,0,3,1,6,6,1,-1,-1,2993,2,10,BMW 3 SERIES,6,E01013491,0,-1
2021421062272,2021,421062272,1,9,0,18,19,5,2,9,9,0,0,0,1,0,1,1,5,6,1,27,6,2993,2,13,BMW 3 SERIES,9,E01021238,0,-1
2021122100213,2021,122100213,2,9,0,17,19,5,1,0,0,0,0,0,0,0,0,1,1,1,1,40,7,2993,2,4,BMW 3 SERIES,9,E01027575,0,-1
2021201143412,2021,201143412,2,9,0,18,19,7,3,0,0,0,0,0,0,0,1,1,6,6,1,-1,-1,2993,12,0,BMW 3 SERIES,-1,-1,0,-1
2021201084867,2021,201084867,1,9,0,18,19,3,7,0,0,0,0,0,0,0,1,1,1,1,1,61,9,1995,2,18,BMW 3 SERIES,5,E01031088,0,-1
2021010296401,2021,010296401,2,9,0,9,9,3,1,0,0,6,0,0,0,0,1,1,6,6,1,44,7,1995,2,8,BMW 3 SERIES,4,E01001182,0,-1
2021320329578,2021,320329578,2,9,0,18,19,6,2,0,0,1,0,0,0,0,1,1,2,2,2,33,6,1995,2,8,BMW 3 SERIES,5,E01026245,0,-1
202134WNC0041,2021,34WNC0041,1,9,0,18,19,3,7,0,0,8,0,0,3,0,0,1,6,6,1,45,7,2979,1,20,BMW 3 SERIES,1,E01027244,0,-1
2021041047307,2021,041047307,1,9,0,5,5,5,3,0,0,6,0,0,0,0,1,1,6,6,1,48,8,1998,8,1,BMW 3 SERIES,8,E01024976,0,-1
2021010332201,2021,010332201,2,9,0,99,99,9,9,99,99,9,9,99,9,99,1,9,6,6,3,60,9,2000,1,12,BMW 3 SERIES,8,E01002989,0,-1
2021041055614,2021,041055614,1,9,0,5,5,3,7,0,0,1,0,0,0,0,1,1,5,6,2,31,6,1995,2,7,BMW 3 SERIES,4,E01005840,0,-1
2021201141714,2021,201141714,1,9,0,15,15,6,1,0,0,1,0,0,0,0,4,1,6,6,1,-1,-1,1995,2,6,BMW 3 SERIES,-1,-1,0,-1
2021122101523,2021,122101523,1,9,0,18,19,1,5,0,0,3,0,0,1,5,1,1,6,6,1,19,4,1995,2,3,BMW 3 SERIES,7,E01027904,0,-1
2021411019546,2021,411019546,1,9,0,9,9,8,5,0,0,1,0,0,0,0,1,1,6,6,1,43,7,1995,1,19,BMW 3 SERIES,8,E01023907,0,-1
2021221033839,2021,221033839,2,9,0,18,19,7,3,0,0,8,0,0,0,0,1,1,5,6,1,28,6,1995,2,9,BMW 3 SERIES,8,E01032329,0,-1
2021010335570,2021,010335570,1,9,0,4,4,3,7,0,0,0,0,4,0,0,1,1,1,1,1,35,6,1995,2,13,BMW 3 SERIES,5,E01016577,0,-1
2021421112256,2021,421112256,3,9,0,4,4,3,7,0,0,0,0,0,0,0,2,1,5,6,1,45,7,1995,2,13,BMW 3 SERIES,1,E01021290,0,-1
2021010300107,2021,010300107,3,9,0,4,4,7,3,0,0,0,0,0,0,0,2,1,6,6,1,22,5,2494,1,20,BMW 3 SERIES,7,E01000256,0,-1
2021440086580,2021,440086580,4,9,0,18,19,8,4,0,0,0,0,0,0,0,1,1,6,6,1,58,9,2993,2,8,BMW 3 SERIES,8,E01017086,0,-1
2021010306328,2021,010306328,1,9,0,12,12,5,1,0,0,0,0,0,0,0,3,2,1,1,1,47,8,1998,8,5,BMW 3 SERIES,1,E01004199,0,-1
2021522104741,2021,522104741,2,9,0,18,19,6,2,0,0,0,0,0,0,0,1,1,6,6,1,55,8,1995,1,19,BMW 3 SERIES,-1,-1,0,-1
2021131111171,2021,131111171,2,9,0,7,7,5,1,0,0,8,0,0,0,0,3,1,6,6,2,40,7,1995,2,12,BMW 3 SERIES,1,E01010616,0,-1
202154B225621,2021,54B225621,2,9,0,4,4,7,3,0,0,0,0,0,0,0,2,1,6,6,1,46,8,1995,1,14,BMW 3 SERIES,9,E01032706,0,-1
2021041051562,2021,041051562,2,9,0,18,19,7,3,0,0,0,0,0,0,0,4,1,5,6,1,27,6,1995,2,10,BMW 3 SERIES,3,E01025037,0,-1
2021070736435,2021,070736435,2,9,0,7,7,2,5,0,0,1,0,0,0,0,1,1,2,2,1,44,7,1995,2,1,BMW 3 SERIES,7,E01007246,0,-1
2021320097816,2021,320097816,2,9,0,18,19,2,6,0,0,2,1,0,0,0,3,1,6,6,2,41,7,1995,2,7,BMW 3 SERIES,-1,-1,0,-1
2021991021040,2021,991021040,1,9,0,4,4,1,5,0,0,0,1,0,1,4,1,1,6,6,1,26,6,1995,2,17,BMW 3 SERIES,7,-1,0,-1
2021131098560,2021,131098560,4,9,0,18,19,7,3,0,0,8,0,7,0,0,3,1,6,6,1,22,5,1995,2,13,BMW 3 SERIES,2,E01013919,0,-1
2021010347116,2021,010347116,1,9,0,9,9,5,3,0,0,6,0,0,0,0,4,1,6,6,3,31,6,1995,1,13,BMW 3 SERIES,-1,-1,0,-1
2021010314614,2021,010314614,1,9,0,4,4,6,2,0,0,2,0,0,1,11,1,1,6,6,2,74,10,1997,1,8,BMW 3 SERIES,-1,-1,0,-1
2021101094767,2021,101094767,1,9,0,18,19,7,3,0,0,5,1,0,1,4,1,1,5,6,1,36,7,2993,2,14,BMW 3 SERIES,1,E01008392,0,-1
2021010319664,2021,010319664,1,9,0,18,19,5,1,0,0,2,0,0,0,0,3,1,6,6,1,40,7,1995,1,17,BMW 3 SERIES,7,E01004102,0,-1
2021070573696,2021,070573696,1,9,0,18,19,5,1,0,0,1,0,4,0,0,2,1,1,1,1,50,8,1995,2,10,BMW 3 SERIES,7,E01018372,0,-1
2021141115931,2021,141115931,2,9,0,18,19,1,5,0,0,8,0,0,1,7,3,1,5,6,1,23,5,1995,2,10,BMW 3 SERIES,4,E01007761,0,-1
2021221023335,2021,221023335,2,9,0,9,9,1,7,0,0,5,0,0,0,0,1,1,2,2,2,57,9,1995,2,7,BMW 3 SERIES,2,E01032461,0,-1
2021552100541,2021,552100541,2,9,0,3,3,3,7,0,0,0,0,0,0,0,2,1,2,2,1,40,7,2993,2,7,BMW 3 SERIES,6,E01015460,0,-1
2021991103155,2021,991103155,1,9,0,12,12,7,3,0,0,8,0,0,8,1,1,1,6,6,1,52,8,2993,2,8,BMW 3 SERIES,7,-1,0,-1
2021201142596,2021,201142596,2,9,0,18,19,6,2,0,0,1,0,0,0,0,0,1,1,1,3,-1,-1,2993,12,0,BMW 3 SERIES,5,E01009234,0,-1
2021320281366,2021,320281366,1,9,0,17,19,8,4,0,0,0,0,0,1,0,1,1,6,6,2,26,6,1995,2,8,BMW 3 SERIES,6,E01026252,0,-1
2021471071994,2021,471071994,1,9,0,9,9,2,8,0,0,8,0,0,0,0,3,1,5,6,1,26,6,1995,2,7,BMW 3 SERIES,3,E01031441,0,-1
2021201032834,2021,201032834,1,9,0,18,19,8,4,0,0,0,0,10,2,2,1,1,6,6,1,35,6,2000,2,12,BMW 3 SERIES,8,E01010565,0,-1
2021461034889,2021,461034889,1,9,0,9,9,1,5,0,0,8,0,0,0,0,3,1,2,2,1,50,8,1995,2,3,BMW 3 SERIES,1,E01024683,0,-1
2021010291837,2021,010291837,2,9,0,18,19,1,5,0,0,3,0,0,0,0,4,1,6,6,1,20,4,2497,1,14,BMW 3 SERIES,3,E01003562,0,-1
2021401042564,2021,401042564,2,9,0,18,19,6,2,0,0,0,1,0,0,0,2,1,6,6,2,70,10,1598,1,8,BMW 3 SERIES,6,E01000180,0,-1
2021131040993,2021,131040993,2,9,0,18,19,5,1,0,0,0,0,0,0,0,2,1,1,1,1,29,6,2000,2,11,BMW 3 SERIES,9,E01027917,0,-1
2021520104181,2021,520104181,1,9,0,18,19,7,3,0,0,8,0,0,0,0,1,1,6,6,1,22,5,1995,2,13,BMW 3 SERIES,9,E01029260,0,-1
2021010305311,2021,010305311,2,9,0,18,19,3,7,0,0,1,0,0,0,0,1,1,6,6,1,-1,-1,1995,2,4,BMW 3 SERIES,2,E01033591,0,-1
2021544777921,2021,544777921,1,9,0,4,4,4,2,0,0,8,0,0,0,0,1,1,6,6,1,49,8,1995,2,9,BMW 3 SERIES,5,E01015554,0,-1
2021430402918,2021,430402918,1,9,0,18,19,4,8,0,0,8,0,0,0,0,3,1,1,1,1,27,6,2993,2,10,BMW 3 SERIES,1,E01016743,0,-1
2021010320703,2021,010320703,2,9,0,2,2,0,0,0,0,0,0,0,0,0,2,1,6,6,3,-1,-1,2993,2,6,BMW 3 SERIES,-1,-1,0,-1
2021221067693,2021,221067693,1,9,0,13,13,5,1,0,0,8,0,0,0,0,1,1,5,6,3,34,6,2993,2,15,BMW 3 SERIES,-1,-1,0,-1
2021461131111,2021,461131111,1,9,0,4,4,3,7,0,0,1,0,0,0,0,0,1,6,6,1,42,7,1998,8,4,BMW 3 SERIES,10,E01026359,0,-1
2021010304721,2021,010304721,2,9,0,7,7,5,7,0,0,5,0,0,0,0,1,1,6,6,1,22,5,2979,1,15,BMW 3 SERIES,2,E01003624,0,-1
2021430324053,2021,430324053,1,9,0,18,19,2,6,0,0,0,0,0,0,0,1,1,6,6,1,52,8,1998,8,1,BMW 3 SERIES,8,E01033519,0,-1
2021440196465,2021,440196465,1,9,0,7,7,5,7,0,0,2,0,0,0,0,4,1,2,2,1,41,7,1995,2,15,BMW 3 SERIES,3,E01017191,0,-1
2021440275317,2021,440275317,1,9,0,18,19,1,5,0,0,8,1,0,1,4,3,1,6,6,1,26,6,1995,2,4,BMW 3 SERIES,6,E01028528,0,-1
2021461074912,2021,461074912,2,9,0,9,9,7,3,0,0,1,0,0,0,0,1,1,6,6,1,28,6,1998,8,3,BMW 3 SERIES,4,E01024027,0,-1
2021201139681,2021,201139681,2,9,0,18,19,6,2,0,0,0,0,0,0,0,1,1,6,6,1,-1,-1,2993,2,4,BMW 3 SERIES,-1,-1,0,-1
2021131079350,2021,131079350,1,9,0,18,19,7,3,0,0,0,0,0,0,0,2,1,6,6,1,59,9,1998,8,0,BMW 3 SERIES,10,E01011703,0,-1
2021231112669,2021,231112669,1,9,0,18,19,4,8,0,0,6,0,0,3,10,3,1,5,6,2,26,6,1995,2,14,BMW 3 SERIES,6,E01020456,0,-1
2021471044616,2021,471044616,1,9,0,17,19,8,5,0,0,0,1,0,2,10,4,1,2,2,1,32,6,1995,2,17,BMW 3 SERIES,5,E01031515,0,-1
2021451066736,2021,451066736,2,9,0,5,5,2,5,9,9,1,0,0,0,0,1,1,5,6,1,77,11,1995,2,11,BMW 3 SERIES,9,E01031721,0,-1
2021041033008,2021,041033008,2,9,0,17,19,1,5,0,0,1,0,0,0,0,1,1,5,6,1,56,9,1995,2,12,BMW 3 SERIES,7,E01025251,0,-1
2021201030304,2021,201030304,1,9,0,4,4,4,8,0,0,2,0,0,0,0,2,1,1,1,1,26,6,1995,2,15,BMW 3 SERIES,-1,-1,0,-1
2021101082514,2021,101082514,2,9,0,2,2,0,0,6,6,3,0,0,0,0,2,1,1,1,1,54,8,1995,2,6,BMW 3 SERIES,5,E01033718,0,-1
2021052102312,2021,052102312,4,9,0,17,19,7,3,0,0,8,0,0,0,0,1,1,2,2,1,39,7,2993,2,2,BMW 3 SERIES,-1,-1,0,-1
2021070787794,2021,070787794,1,9,0,18,19,3,7,0,0,1,1,0,0,0,4,1,6,6,1,36,7,1995,2,10,BMW 3 SERIES,3,E01012443,0,-1
2021131064834,2021,131064834,1,9,0,13,13,7,3,0,0,0,0,0,0,0,1,1,5,6,1,42,7,2000,2,10,BMW 3 SERIES,3,E01011907,0,-1
2021010312578,2021,010312578,3,9,0,4,4,1,5,0,0,1,0,0,0,0,2,1,3,7,2,33,6,1997,1,6,BMW 3 SERIES,-1,-1,0,-1
2021421029497,2021,421029497,2,9,0,17,19,5,1,0,0,0,0,0,1,0,1,1,5,6,1,39,7,2993,2,6,BMW 3 SERIES,9,E01021740,0,-1
2021010324330,2021,010324330,1,9,0,18,19,7,3,0,0,1,0,0,0,0,1,1,6,6,1,28,6,1998,8,3,BMW 3 SERIES,8,E01000319,0,-1