collision_index,collision_year,collision_ref_no,vehicle_reference,vehicle_type,towing_and_articulation,vehicle_manoeuvre_historic,vehicle_manoeuvre,vehicle_direction_from,vehicle_direction_to,vehicle_location_restricted_lane_historic,vehicle_location_restricted_lane,junction_location,skidding_and_overturning,hit_object_in_carriageway,vehicle_leaving_carriageway,hit_object_off_carriageway,first_point_of_impact,vehicle_left_hand_drive,journey_purpose_of_driver_historic,journey_purpose_of_driver,sex_of_driver,age_of_driver,age_band_of_driver,engine_capacity_cc,propulsion_code,age_of_vehicle,generic_make_model,driver_imd_decile,lsoa_of_driver,escooter_flag,driver_distance_banding
2021411105022,2021,411105022,2,9,0,2,2,0,0,0,0,0,0,0,0,0,4,1,5,6,3,-1,-1,1560,2,9,FORD FOCUS,-1,-1,0,-1
2021101028023,2021,101028023,1,9,0,5,5,2,3,0,0,4,0,0,0,0,0,1,6,6,3,-1,-1,1560,2,10,FORD FOCUS,-1,-1,0,-1
2021010294936,2021,010294936,1,9,0,4,4,6,2,0,0,1,0,0,0,0,2,1,6,6,1,47,8,1596,1,14,FORD FOCUS,4,E01002964,0,-1
2021461027256,2021,461027256,1,9,0,18,19,8,4,0,0,0,0,4,0,0,1,1,6,6,1,18,4,1560,2,14,FORD FOCUS,7,E01024273,0,-1
2021050256835,2021,050256835,2,9,0,3,3,3,6,0,0,0,0,0,0,0,2,1,6,6,2,28,6,999,1,3,FORD FOCUS,7,E01007225,0,-1
2021552100895,2021,552100895,2,9,0,18,19,8,4,0,0,8,0,0,0,0,2,1,6,6,1,31,6,1560,2,10,FORD FOCUS,-1,-1,0,-1
2021041021429,2021,041021429,2,9,0,18,19,5,5,0,0,1,0,0,0,0,1,1,5,6,1,34,6,1499,2,4,FORD FOCUS,1,E01024899,0,-1
2021440109950,2021,440109950,1,9,0,5,5,8,4,0,0,8,0,0,0,0,3,1,6,6,1,40,7,1596,1,17,FORD FOCUS,5,E01023061,0,-1
2021991063400,2021,991063400,1,9,0,16,19,8,4,0,0,8,0,0,0,0,1,1,1,1,1,31,6,1499,2,4,FORD FOCUS,4,-1,0,-1
2021041038910,2021,041038910,1,9,0,18,19,5,1,0,0,4,0,0,0,0,4,1,2,2,1,29,6,1999,1,6,FORD FOCUS,6,E01025562,0,-1
2021991045046,2021,991045046,1,9,0,18,19,8,4,0,0,0,1,0,0,0,3,1,2,2,1,59,9,1988,1,18,FORD FOCUS,6,E01012667,0,-1
2021010318873,2021,010318873,1,9,0,18,19,7,3,0,0,0,0,0,0,0,4,1,6,6,1,38,7,1596,1,10,FORD FOCUS,3,E01004367,0,-1
2021010343369,2021,010343369,1,9,0,99,99,9,9,99,99,9,9,99,9,99,3,9,6,6,2,44,7,1798,1,11,FORD FOCUS,6,E01000677,0,-1
2021010294062,2021,010294062,2,9,0,18,19,1,5,0,0,8,0,0,0,0,1,1,2,2,2,43,7,998,1,8,FORD FOCUS,3,E01003017,0,-1
2021010345881,2021,010345881,1,9,0,18,19,3,7,0,0,0,0,0,0,0,3,1,6,6,1,41,7,1596,1,14,FORD FOCUS,2,E01004237,0,-1
2021991125943,2021,991125943,1,9,0,18,19,8,4,0,0,1,0,0,0,0,3,1,6,6,1,31,6,1499,2,0,FORD FOCUS,1,-1,0,-1
2021991049852,2021,991049852,1,9,0,18,19,3,7,0,0,0,0,0,0,0,1,1,5,6,1,32,6,1596,1,16,FORD FOCUS,1,-1,0,-1
2021010328425,2021,010328425,3,9,0,99,99,9,9,99,99,9,9,99,9,99,1,9,6,6,3,-1,-1,1596,1,12,FORD FOCUS,-1,-1,0,-1
2021991047054,2021,991047054,1,9,0,9,9,8,5,0,0,1,0,0,0,0,3,1,2,2,1,53,8,1596,1,11,FORD FOCUS,3,-1,0,-1
2021201147332,2021,201147332,2,9,0,5,5,3,7,0,0,8,0,0,0,0,4,1,6,6,2,40,7,1596,1,11,FORD FOCUS,1,E01008928,0,-1
2021302101280,2021,302101280,1,9,0,4,4,4,8,0,0,8,0,0,0,0,1,1,6,6,2,29,6,1798,1,10,FORD FOCUS,7,E01003369,0,-1
2021440389665,2021,440389665,2,9,0,9,9,7,5,0,0,6,0,0,0,0,1,1,1,1,2,44,7,1560,2,7,FORD FOCUS,9,E01022743,0,-1
2021421043223,2021,421043223,4,9,0,2,2,0,0,9,9,0,0,0,0,0,0,1,1,1,2,22,5,1560,2,7,FORD FOCUS,2,E01021318,0,-1
2021991061492,2021,991061492,1,9,0,18,19,1,5,0,0,0,0,0,0,0,1,1,5,6,1,35,6,1596,1,17,FORD FOCUS,3,-1,0,-1
2021131093588,2021,131093588,4,9,0,2,2,0,0,0,0,8,0,0,0,0,1,1,6,6,3,-1,-1,1753,2,16,FORD FOCUS,-1,-1,0,-1
2021552101131,2021,552101131,1,9,0,18,19,8,4,0,0,1,0,0,0,0,1,1,6,6,1,33,6,1560,2,7,FORD FOCUS,1,E01015290,0,-1
2021552100537,2021,552100537,1,9,0,18,19,1,5,0,0,0,5,0,7,9,1,1,6,6,2,23,5,1596,1,17,FORD FOCUS,1,E01020555,0,-1
2021010322705,2021,010322705,1,9,0,99,99,9,9,99,99,9,9,99,9,99,2,9,1,1,2,41,7,1596,1,18,FORD FOCUS,2,E01033737,0,-1
2021010300316,2021,010300316,1,9,0,3,3,3,7,0,0,0,0,0,0,0,1,1,6,6,1,43,7,1596,1,15,FORD FOCUS,6,E01005987,0,-1
2021991049850,2021,991049850,1,9,0,18,19,8,4,0,0,0,0,0,0,0,4,1,1,1,1,21,5,1560,2,9,FORD FOCUS,4,-1,0,-1
2021041068601,2021,041068601,2,9,0,10,10,3,7,0,0,0,0,0,0,0,2,1,5,6,2,55,8,1560,2,10,FORD FOCUS,6,E01025456,0,-1
2021411114618,2021,411114618,2,9,0,5,5,5,1,0,0,1,0,0,0,0,2,1,5,6,1,56,9,998,1,7,FORD FOCUS,4,E01002663,0,-1
2021052100777,2021,052100777,1,9,0,18,19,5,1,0,0,8,5,0,1,1,1,1,6,6,1,36,7,1596,1,16,FORD FOCUS,2,E01006862,0,-1
2021471015387,2021,471015387,1,9,0,4,4,8,2,0,0,0,0,0,0,0,1,2,6,6,1,36,7,1596,1,11,FORD FOCUS,4,E01031834,0,-1
2021010307972,2021,010307972,2,9,0,99,99,9,9,99,99,9,9,99,9,99,1,9,6,6,3,-1,-1,1596,1,12,FORD FOCUS,4,E01003632,0,-1
2021522100322,2021,522100322,2,9,0,18,19,5,1,0,0,0,0,0,0,0,1,1,6,6,1,20,4,1560,2,12,FORD FOCUS,-1,-1,0,-1
2021471081771,2021,471081771,2,9,0,2,2,0,0,0,0,0,0,0,0,0,2,1,6,6,3,-1,-1,1596,1,16,FORD FOCUS,-1,-1,0,-1
2021010347509,2021,010347509,1,9,0,9,9,1,6,0,0,2,0,0,0,0,1,1,6,6,1,21,5,1596,1,12,FORD FOCUS,2,E01004305,0,-1
2021501060575,2021,501060575,2,9,0,18,19,2,6,0,0,1,0,0,0,0,3,1,6,6,1,74,10,1596,1,15,FORD FOCUS,9,E01019965,0,-1
2021010319186,2021,010319186,2,9,9,99,99,9,9,99,99,9,9,99,9,99,9,9,6,6,3,-1,-1,1596,1,16,FORD FOCUS,-1,-1,0,-1
2021371072949,2021,371072949,1,9,0,1,1,5,1,0,0,0,0,0,7,11,1,1,5,6,2,21,5,1596,1,15,FORD FOCUS,4,E01033127,0,-1
2021440211858,2021,440211858,2,9,0,3,3,1,5,0,0,1,0,0,0,0,2,1,6,6,2,31,6,2261,1,5,FORD FOCUS,9,E01022692,0,-1
2021101019969,2021,101019969,1,9,0,9,9,3,1,0,0,2,1,0,0,0,1,1,6,6,1,50,8,1560,2,13,FORD FOCUS,9,E01027535,0,-1
2021111063258,2021,111063258,2,9,0,18,19,5,1,0,0,0,0,0,0,0,2,1,5,6,1,52,8,1499,2,4,FORD FOCUS,-1,-1,0,-1
2021320267993,2021,320267993,1,9,0,15,15,2,6,0,0,0,5,0,1,4,1,1,6,6,1,31,6,1753,2,14,FORD FOCUS,4,E01021706,0,-1
2021302101746,2021,302101746,1,9,0,16,19,6,2,0,0,1,1,0,0,0,3,1,6,6,2,-1,-1,1596,1,15,FORD FOCUS,6,E01019815,0,-1
2021430170574,2021,430170574,2,9,0,18,19,1,5,0,0,0,0,0,0,0,4,1,6,6,1,-1,-1,1798,1,15,FORD FOCUS,4,E01016717,0,-1
2021010331089,2021,010331089,2,9,0,3,3,5,1,0,0,0,0,0,0,0,2,1,1,1,1,49,8,1997,2,6,FORD FOCUS,4,E01016070,0,-1
2021440190203,2021,440190203,1,9,0,18,19,4,8,0,0,1,0,11,0,0,1,1,2,2,2,35,6,1753,2,12,FORD FOCUS,8,E01032841,0,-1
2021371103367,2021,371103367,1,9,0,13,13,5,7,0,0,0,0,0,0,0,1,1,5,6,1,55,8,999,1,6,FORD FOCUS,4,E01030225,0,-1
2021471055282,2021,471055282,3,9,0,2,2,0,0,0,0,2,0,0,0,0,3,1,6,6,3,-1,-1,1596,1,18,FORD FOCUS,-1,-1,0,-1
2021501063925,2021,501063925,1,9,0,13,13,1,5,0,0,0,0,0,7,11,1,1,6,6,2,30,6,1798,1,13,FORD FOCUS,8,E01020120,0,-1
2021201064176,2021,201064176,2,9,0,18,19,4,8,0,0,0,0,0,0,0,4,1,1,1,1,47,8,1753,2,15,FORD FOCUS,1,E01033636,0,-1
2021010323790,2021,010323790,2,9,0,13,13,8,4,0,0,0,0,0,0,0,1,1,6,6,1,53,8,1560,2,7,FORD FOCUS,-1,-1,0,-1
2021440517055,2021,440517055,1,9,0,18,19,6,2,0,0,0,0,0,0,0,2,1,6,6,1,69,10,1753,2,19,FORD FOCUS,10,E01022495,0,-1
202134NNC7161,2021,34NNC7161,2,9,0,18,19,5,1,0,0,8,0,0,0,0,1,1,6,6,1,37,7,999,1,0,FORD FOCUS,1,E01026965,0,-1
202163A009321,2021,63A009321,1,9,0,18,19,8,4,0,0,8,0,0,0,0,4,1,6,6,2,54,8,1596,1,22,FORD FOCUS,9,W01000710,0,-1
2021501108006,2021,501108006,1,9,0,18,19,7,3,0,0,0,0,0,0,0,1,1,6,6,1,26,6,1753,2,18,FORD FOCUS,6,E01015076,0,-1
2021201141553,2021,201141553,1,9,0,18,19,5,1,0,0,1,0,0,0,0,1,1,6,6,1,31,6,1596,1,13,FORD FOCUS,3,E01010427,0,-1
2021461072883,2021,461072883,1,9,0,16,19,7,3,0,0,0,0,0,0,0,4,1,6,6,1,21,5,1753,2,14,FORD FOCUS,9,E01024145,0,-1
2021461059699,2021,461059699,1,9,0,18,19,3,7,0,0,0,5,0,3,4,1,1,6,6,1,66,10,1753,2,12,FORD FOCUS,6,E01024410,0,-1
2021070682981,2021,070682981,1,9,0,18,19,3,7,0,0,4,0,0,0,0,1,1,6,6,1,47,8,1596,1,9,FORD FOCUS,8,E01012499,0,-1
2021411061318,2021,411061318,1,9,0,18,19,5,7,0,0,0,0,0,0,0,4,1,3,7,2,35,6,1560,2,8,FORD FOCUS,7,E01023328,0,-1
2021201031670,2021,201031670,2,9,0,18,19,1,5,0,0,0,0,0,0,0,1,1,6,6,1,16,4,1596,1,10,FORD FOCUS,1,E01010271,0,-1
2021070585430,2021,070585430,2,9,0,18,19,3,6,0,0,0,0,0,1,0,3,1,6,6,2,26,6,1798,1,15,FORD FOCUS,1,E01012367,0,-1
2021461127262,2021,461127262,1,9,0,7,7,5,7,0,0,6,0,0,0,0,3,1,6,6,1,21,5,1560,2,9,FORD FOCUS,1,E01024507,0,-1
2021351113623,2021,351113623,1,9,0,18,19,-1,-1,0,0,1,0,0,0,0,1,1,6,6,1,-1,-1,1753,2,15,FORD FOCUS,5,E01015651,0,-1
2021501039902,2021,501039902,2,9,0,18,19,3,3,0,0,0,0,0,8,0,4,1,5,6,1,66,10,1596,1,14,FORD FOCUS,2,E01020280,0,-1
2021501102047,2021,501102047,1,9,0,17,19,3,7,0,0,0,0,0,0,0,1,1,6,6,2,55,8,1560,2,13,FORD FOCUS,9,E01020163,0,-1
2021010339263,2021,010339263,1,9,0,10,10,2,8,0,0,1,0,0,0,0,2,1,6,6,2,33,6,1596,1,10,FORD FOCUS,7,E01002372,0,-1
2021302101407,2021,302101407,2,9,0,6,6,1,1,0,0,8,0,0,0,0,3,1,6,6,1,38,7,1798,1,13,FORD FOCUS,1,E01019808,0,-1
2021010335198,2021,010335198,1,9,0,99,99,9,9,99,99,9,9,99,9,99,3,9,6,6,1,42,7,1499,2,4,FORD FOCUS,4,E01030608,0,-1
2021122100306,2021,122100306,1,9,0,18,19,7,3,0,0,0,0,0,7,0,1,1,2,2,1,24,5,1596,1,12,FORD FOCUS,5,E01027636,0,-1
2021451074848,2021,451074848,1,9,0,9,9,5,7,1,1,0,0,0,0,0,3,1,5,6,1,71,10,1596,1,18,FORD FOCUS,9,E01023147,0,-1
2021010331398,2021,010331398,2,9,0,18,19,7,3,0,0,1,0,0,0,0,2,1,6,6,1,46,8,1596,1,16,FORD FOCUS,2,E01001118,0,-1
2021461029023,2021,461029023,1,9,0,18,19,3,8,0,0,2,0,4,0,0,1,1,6,6,1,46,8,2521,1,13,FORD FOCUS,4,E01024312,0,-1
2021010351215,2021,010351215,1,9,0,99,99,9,9,99,99,0,9,99,9,99,2,9,2,2,1,31,6,1999,1,5,FORD FOCUS,6,E01001599,0,-1
2021061064998,2021,061064998,1,9,0,5,5,7,3,0,0,8,0,0,0,0,3,1,6,6,1,41,7,1999,1,4,FORD FOCUS,5,E01006261,0,-1
2021141110516,2021,141110516,1,9,0,18,19,8,4,0,0,2,0,0,0,0,1,1,6,6,1,20,4,1499,2,1,FORD FOCUS,1,E01007506,0,-1
2021552100765,2021,552100765,2,9,0,18,19,2,6,0,0,0,0,11,0,0,1,1,6,6,2,25,5,1997,2,14,FORD FOCUS,4,E01020578,0,-1
2021161106800,2021,161106800,1,9,0,9,9,1,8,0,0,8,0,0,0,0,1,1,5,6,1,39,7,1499,2,6,FORD FOCUS,1,E01012874,0,-1
2021471038771,2021,471038771,1,9,0,4,4,5,1,0,0,2,0,0,0,0,1,1,6,6,3,-1,-1,1596,1,12,FORD FOCUS,-1,-1,0,-1
2021010316153,2021,010316153,2,9,0,99,99,9,9,99,99,9,9,99,9,99,1,9,6,6,1,67,10,1596,1,13,FORD FOCUS,9,E01000446,0,-1
2021991012363,2021,991012363,1,9,0,2,2,0,0,9,9,0,0,0,0,0,3,1,5,6,1,48,8,1596,1,8,FORD FOCUS,5,-1,0,-1
2021440151200,2021,440151200,1,9,0,18,19,4,8,0,0,0,0,0,0,0,3,1,4,7,2,38,7,1596,1,9,FORD FOCUS,2,E01022970,0,-1
2021361054259,2021,361054259,2,9,0,18,19,5,8,0,0,0,0,0,0,0,1,1,5,6,2,40,7,1596,1,14,FORD FOCUS,7,E01026773,0,-1
2021201087030,2021,201087030,2,9,0,18,19,8,4,0,0,6,0,0,0,0,4,1,6,6,2,60,9,1560,2,13,FORD FOCUS,9,E01009817,0,-1
2021170S10741,2021,170S10741,2,9,0,3,3,6,2,0,0,0,0,0,0,0,2,1,6,6,1,46,8,1560,2,11,FORD FOCUS,8,E01011970,0,-1
2021122200099,2021,122200099,2,9,0,18,19,3,7,0,0,0,0,0,0,0,1,1,6,6,1,-1,-1,999,1,2,FORD FOCUS,-1,-1,0,-1
2021170S30621,2021,170S30621,2,9,0,4,4,6,2,0,0,1,0,0,0,0,2,1,6,6,2,35,6,1499,2,5,FORD FOCUS,8,E01012212,0,-1
2021320587177,2021,320587177,1,9,0,12,12,4,6,0,0,0,0,0,0,0,1,1,6,6,1,37,7,1499,2,6,FORD FOCUS,3,E01026140,0,-1
2021041086807,2021,041086807,1,9,0,18,19,5,1,0,0,0,1,0,0,0,1,1,5,6,1,49,8,999,1,5,FORD FOCUS,2,E01025521,0,-1
2021461030531,2021,461030531,2,9,0,3,3,2,6,0,0,0,0,0,0,0,2,1,5,6,1,62,9,1596,1,13,FORD FOCUS,1,E01024671,0,-1
2021010320301,2021,010320301,2,9,0,18,19,6,2,0,0,1,0,0,7,1,1,1,6,6,1,34,6,999,1,6,FORD FOCUS,8,E01030549,0,-1
2021161121334,2021,161121334,2,9,0,18,19,7,3,0,0,0,0,0,0,0,4,1,2,2,1,58,9,1560,2,10,FORD FOCUS,5,E01012804,0,-1
2021991013786,2021,991013786,2,9,0,18,19,2,6,0,0,8,0,0,0,0,3,1,5,6,1,57,9,1499,2,1,FORD FOCUS,4,-1,0,-1
2021371016390,2021,371016390,1,9,0,17,19,3,3,0,0,0,2,0,1,0,1,1,2,2,1,34,6,1596,1,19,FORD FOCUS,5,E01030027,0,-1
202163A094021,2021,63A094021,2,9,0,18,19,2,6,0,0,5,0,0,0,0,1,1,6,6,1,89,11,1596,1,9,FORD FOCUS,10,W01000726,0,-1
2021161119295,2021,161119295,2,9,0,4,4,7,3,0,0,4,0,0,0,0,1,1,6,6,1,35,6,1596,1,9,FORD FOCUS,1,E01012823,0,-1
2021421113796,2021,421113796,3,9,0,2,2,0,0,0,0,0,0,0,0,0,3,1,6,6,3,-1,-1,1798,1,14,FORD FOCUS,-1,-1,0,-1
2021111051585,2021,111051585,2,9,0,18,19,1,5,0,0,1,0,0,0,0,1,1,5,6,1,21,5,998,1,7,FORD FOCUS,1,E01020847,0,-1
2021421093739,2021,421093739,2,9,0,16,19,7,2,0,0,1,0,0,0,0,4,1,5,6,2,37,7,1596,1,8,FORD FOCUS,-1,-1,0,-1
2021010324849,2021,010324849,1,9,0,18,19,1,5,0,0,8,0,0,0,0,4,1,6,6,1,41,7,1596,1,7,FORD FOCUS,2,E01000012,0,-1
2021471102028,2021,471102028,2,9,0,18,19,6,2,0,0,1,0,0,0,0,0,1,1,1,1,39,7,1995,2,0,FORD FOCUS,2,E01016949,0,-1
2021231047296,2021,231047296,1,8,0,18,19,5,1,0,0,0,0,4,0,0,1,1,5,6,1,41,7,999,1,1,FORD FOCUS,1,E01009378,0,-1
2021201141772,2021,201141772,2,9,0,18,19,8,4,0,0,8,0,10,1,1,4,1,6,6,1,39,7,1798,1,13,FORD FOCUS,1,E01009269,0,-1
2021041072348,2021,041072348,2,9,0,9,9,5,7,0,0,5,0,0,0,0,4,1,2,2,2,53,8,1596,1,22,FORD FOCUS,1,E01012733,0,-1
2021010346355,2021,010346355,1,9,0,8,8,1,3,0,0,1,0,0,0,0,0,1,6,6,2,29,6,999,1,3,FORD FOCUS,2,E01004008,0,-1
2021520200254,2021,520200254,1,9,0,18,19,7,3,0,0,8,0,0,0,0,1,1,6,6,2,51,8,1560,2,8,FORD FOCUS,7,E01029139,0,-1
2021991088561,2021,991088561,1,9,0,13,13,2,6,0,0,1,0,0,0,0,1,1,5,6,2,73,10,999,1,1,FORD FOCUS,4,-1,0,-1
2021361031016,2021,361031016,1,9,0,18,19,7,3,0,0,1,0,0,0,0,4,1,5,6,1,44,7,999,1,3,FORD FOCUS,8,E01033538,0,-1
2021991105184,2021,991105184,2,9,0,4,4,4,8,0,0,0,0,0,0,0,2,1,5,6,2,42,7,999,1,2,FORD FOCUS,1,-1,0,-1
2021052101689,2021,052101689,1,9,0,9,9,1,5,0,0,1,0,0,0,0,1,1,6,6,2,52,8,1596,1,6,FORD FOCUS,4,E01006641,0,-1
2021201090494,2021,201090494,2,9,0,18,19,4,8,0,0,1,0,0,0,0,3,1,6,6,2,62,9,1596,1,10,FORD FOCUS,8,E01009949,0,-1
2021461031269,2021,461031269,2,9,0,3,3,7,3,0,0,0,0,4,0,0,2,1,6,6,2,25,5,999,1,5,FORD FOCUS,9,E01030861,0,-1
2021991083866,2021,991083866,2,9,0,18,19,4,8,0,0,0,0,11,0,0,1,1,2,2,2,60,9,1560,2,11,FORD FOCUS,6,-1,0,-1
2021041051910,2021,041051910,2,9,0,4,4,5,1,0,0,8,0,0,0,0,2,2,5,6,2,53,8,1560,2,7,FORD FOCUS,5,E01025459,0,-1
2021421062491,2021,421062491,1,9,0,1,1,7,3,0,0,1,0,7,0,0,2,1,5,6,2,89,11,999,1,3,FORD FOCUS,10,E01021447,0,-1
2021010326027,2021,010326027,2,9,0,18,19,7,3,0,0,8,0,0,0,0,1,1,6,6,2,36,7,1596,1,12,FORD FOCUS,4,E01001511,0,-1
2021501130917,2021,501130917,1,9,0,9,9,8,6,0,0,8,0,0,0,0,4,1,6,6,1,43,7,1596,1,7,FORD FOCUS,2,E01018868,0,-1
2021531080871,2021,531080871,2,9,0,9,9,5,1,0,0,0,0,0,6,0,4,1,5,6,1,51,8,1596,1,14,FORD FOCUS,5,E01022231,0,-1
2021302101671,2021,302101671,2,8,0,18,19,8,4,0,0,8,0,0,0,0,4,1,1,1,1,67,10,1560,2,7,FORD FOCUS,2,E01013483,0,-1
2021161088058,2021,161088058,3,9,0,5,5,3,7,0,0,1,0,0,0,0,1,1,6,6,2,26,6,1499,2,5,FORD FOCUS,9,E01026063,0,-1
2021421037093,2021,421037093,1,9,0,9,9,2,1,0,0,6,0,0,0,0,1,1,6,6,2,56,9,1499,2,0,FORD FOCUS,6,E01021986,0,-1
2021161097423,2021,161097423,2,9,0,16,19,4,8,0,0,2,0,0,0,0,1,1,2,2,1,19,4,1560,2,10,FORD FOCUS,5,E01012994,0,-1
2021361021733,2021,361021733,1,9,0,9,9,4,1,0,0,1,0,0,0,0,1,1,5,6,1,51,8,1753,2,20,FORD FOCUS,7,E01026556,0,-1
2021010322032,2021,010322032,1,9,0,18,19,3,7,0,0,0,0,0,1,10,2,1,6,6,1,73,10,1596,1,16,FORD FOCUS,2,E01000063,0,-1
2021421012360,2021,421012360,1,9,0,18,19,3,7,9,9,0,0,0,7,0,1,1,6,6,1,38,7,999,1,4,FORD FOCUS,4,E01015831,0,-1
2021201073457,2021,201073457,3,9,0,2,2,0,0,0,0,0,0,0,0,0,2,1,5,6,1,-1,-1,1596,1,11,FORD FOCUS,2,E01009994,0,-1
2021430171081,2021,430171081,2,9,0,18,19,2,6,0,0,8,0,0,0,0,1,1,6,6,1,48,8,1753,2,12,FORD FOCUS,7,E01028527,0,-1
2021531016861,2021,531016861,1,9,0,18,19,4,8,0,0,8,0,0,0,0,1,1,3,7,2,72,10,1560,2,11,FORD FOCUS,5,E01022334,0,-1
2021070088145,2021,070088145,1,9,0,18,19,2,6,0,0,0,0,6,0,7,3,1,6,6,1,33,6,1596,1,10,FORD FOCUS,2,E01018640,0,-1
2021231099009,2021,231099009,1,9,0,5,5,6,4,0,0,5,0,0,0,0,1,1,5,6,2,57,9,1560,2,8,FORD FOCUS,5,E01031262,0,-1
2021371024919,2021,371024919,1,9,0,18,19,6,2,0,0,0,1,0,1,0,1,1,5,6,2,27,6,1596,1,18,FORD FOCUS,7,E01029911,0,-1
2021131046935,2021,131046935,1,9,0,7,7,1,8,0,0,8,0,0,0,0,0,1,6,6,1,33,6,1596,1,15,FORD FOCUS,8,E01032945,0,-1
2021371043580,2021,371043580,2,9,0,18,19,8,4,0,0,1,0,0,0,0,2,1,5,6,1,59,9,1560,2,14,FORD FOCUS,3,E01030262,0,-1
2021161016910,2021,161016910,1,9,0,6,6,2,2,0,0,8,0,0,0,0,4,1,5,6,1,52,8,1560,2,13,FORD FOCUS,8,E01012977,0,-1
2021421044251,2021,421044251,2,9,0,3,3,5,1,0,0,0,0,0,0,0,1,1,1,1,1,46,8,1499,2,6,FORD FOCUS,-1,-1,0,-1
2021010291008,2021,010291008,2,9,0,99,99,9,9,99,99,0,9,99,9,99,1,9,6,6,3,42,7,1596,1,15,FORD FOCUS,3,E01002052,0,-1
2021371044842,2021,371044842,2,9,0,11,11,4,8,0,0,0,0,0,0,0,3,1,1,1,1,36,7,1596,1,10,FORD FOCUS,5,E01021680,0,-1
2021421015334,2021,421015334,1,9,0,18,19,6,2,0,0,0,0,0,0,0,1,1,6,6,1,30,6,1997,2,13,FORD FOCUS,-1,-1,0,-1
2021471042201,2021,471042201,1,9,0,18,19,8,4,0,0,8,0,0,0,0,1,1,5,6,2,34,6,1560,2,8,FORD FOCUS,3,E01021044,0,-1
2021111059971,2021,111059971,2,9,0,18,19,5,1,0,0,0,0,0,0,0,1,1,5,6,1,31,6,999,1,5,FORD FOCUS,-1,-1,0,-1
2021991075639,2021,991075639,2,9,0,18,19,4,8,0,0,0,0,0,0,0,2,1,5,6,1,59,9,1499,2,6,FORD FOCUS,3,-1,0,-1
2021061055070,2021,061055070,1,9,0,12,12,7,8,0,0,8,0,0,0,0,3,1,6,6,1,37,7,1997,2,6,FORD FOCUS,6,E01004882,0,-1
2021131099914,2021,131099914,1,9,0,18,19,3,7,0,0,0,0,0,0,0,2,1,6,6,2,42,7,1596,1,15,FORD FOCUS,-1,-1,0,-1
2021371101456,2021,371101456,1,9,0,9,9,7,3,0,0,0,0,0,1,0,1,1,5,6,2,68,10,1596,1,14,FORD FOCUS,2,E01029984,0,-1
2021010339111,2021,010339111,1,8,0,99,99,9,9,99,99,0,9,99,9,99,2,9,1,1,1,44,7,1499,2,6,FORD FOCUS,1,E01001850,0,-1
2021221076281,2021,221076281,1,9,0,13,13,1,5,0,0,0,0,0,0,0,4,1,5,6,1,21,5,998,1,8,FORD FOCUS,4,E01028992,0,-1
2021371020053,2021,371020053,2,9,0,18,19,5,1,0,0,0,0,0,0,0,1,1,5,6,1,31,6,1596,1,15,FORD FOCUS,6,E01033049,0,-1
2021371088615,2021,371088615,2,9,0,2,2,5,5,0,0,0,0,0,1,0,2,1,6,6,2,52,8,1596,1,13,FORD FOCUS,3,E01030139,0,-1
2021201118604,2021,201118604,2,9,0,18,19,4,6,0,0,8,0,0,0,0,4,1,6,6,2,60,9,1498,1,4,FORD FOCUS,10,E01010187,0,-1
2021061127917,2021,061127917,1,9,0,2,2,0,0,0,0,0,0,0,0,0,3,1,6,6,1,29,6,1499,2,0,FORD FOCUS,6,E01005693,0,-1
2021010300372,2021,010300372,2,9,0,99,99,9,9,99,99,9,9,99,9,99,9,9,6,6,3,-1,-1,1997,2,9,FORD FOCUS,9,E01003403,0,-1
2021161035672,2021,161035672,1,9,0,10,10,2,6,0,0,1,0,0,0,0,2,1,5,6,2,31,6,999,1,6,FORD FOCUS,1,E01007500,0,-1
2021451083902,2021,451083902,1,9,0,2,2,0,0,0,0,0,0,0,0,0,3,1,6,6,1,35,6,1596,1,17,FORD FOCUS,8,E01030845,0,-1
2021010325732,2021,010325732,1,9,0,3,3,7,3,0,0,0,0,0,0,0,1,1,6,6,1,34,6,1596,1,8,FORD FOCUS,9,E01004276,0,-1
2021421060040,2021,421060040,1,9,0,18,19,1,5,0,0,1,0,0,0,0,1,1,5,6,1,22,5,1798,1,12,FORD FOCUS,3,E01015962,0,-1
2021211068289,2021,211068289,1,9,0,9,9,7,4,0,0,8,0,0,0,0,4,1,1,1,1,32,6,1560,2,7,FORD FOCUS,-1,-1,0,-1
2021010321416,2021,010321416,1,9,0,5,5,7,3,8,6,0,0,0,0,0,3,1,6,6,1,29,6,1596,1,14,FORD FOCUS,3,E01003104,0,-1
2021522200287,2021,522200287,2,9,0,9,9,8,6,0,0,8,0,10,0,0,1,1,6,6,1,17,4,1997,2,15,FORD FOCUS,1,E01014581,0,-1
2021361099773,2021,361099773,1,9,0,18,19,1,5,0,0,0,5,0,0,0,4,1,5,6,1,58,9,1796,1,21,FORD FOCUS,6,E01026686,0,-1
202134WNC0921,2021,34WNC0921,1,9,0,18,19,5,1,0,0,0,0,0,0,0,1,1,6,6,1,-1,-1,1596,1,18,FORD FOCUS,5,E01032981,0,-1
2021010288077,2021,010288077,1,9,0,18,19,5,1,0,0,0,0,0,1,0,3,1,3,7,1,55,8,1596,1,7,FORD FOCUS,5,E01001973,0,-1