collision_index,collision_year,collision_ref_no,vehicle_reference,vehicle_type,towing_and_articulation,vehicle_manoeuvre_historic,vehicle_manoeuvre,vehicle_direction_from,vehicle_direction_to,vehicle_location_restricted_lane_historic,vehicle_location_restricted_lane,junction_location,skidding_and_overturning,hit_object_in_carriageway,vehicle_leaving_carriageway,hit_object_off_carriageway,first_point_of_impact,vehicle_left_hand_drive,journey_purpose_of_driver_historic,journey_purpose_of_driver,sex_of_driver,age_of_driver,age_band_of_driver,engine_capacity_cc,propulsion_code,age_of_vehicle,generic_make_model,driver_imd_decile,lsoa_of_driver,escooter_flag,driver_distance_banding
2021061117228,2021,061117228,3,9,0,2,2,0,0,0,0,0,0,0,0,0,3,1,6,6,3,-1,-1,1753,2,13,FORD FOCUS,-1,-1,0,-1
2021461073360,2021,461073360,1,9,0,18,19,7,3,0,0,1,0,0,0,0,4,1,6,6,2,-1,-1,998,1,8,FORD FOCUS,7,E01024553,0,-1
2021471084970,2021,471084970,1,9,0,18,19,3,7,0,0,0,0,0,0,0,4,1,5,6,2,76,11,1999,1,14,FORD FOCUS,8,E01031382,0,-1
2021010353861,2021,010353861,2,9,0,99,99,9,9,99,99,9,9,99,9,99,1,9,6,6,3,-1,-1,1596,1,19,FORD FOCUS,4,E01000380,0,-1
2021070698698,2021,070698698,1,9,0,17,19,6,3,0,0,0,2,0,1,4,1,1,6,6,3,-1,-1,2521,1,15,FORD FOCUS,-1,-1,0,-1
2021401034148,2021,401034148,1,9,0,11,11,5,1,0,0,0,0,0,0,0,1,1,5,6,1,24,5,999,1,4,FORD FOCUS,2,E01003735,0,-1
2021991118502,2021,991118502,2,9,0,18,19,1,5,0,0,1,0,0,0,0,1,1,2,2,1,31,6,1560,2,8,FORD FOCUS,1,-1,0,-1
2021522105787,2021,522105787,2,9,0,18,19,3,7,0,0,8,0,0,0,0,1,1,6,6,1,22,5,1997,2,10,FORD FOCUS,6,E01014508,0,-1
2021010347797,2021,010347797,2,9,0,99,99,9,9,99,99,9,9,99,9,99,1,9,6,6,1,75,10,1596,1,18,FORD FOCUS,1,E01002038,0,-1
2021131057570,2021,131057570,4,9,0,18,19,1,5,0,0,0,0,0,0,0,1,1,5,6,1,66,10,998,1,8,FORD FOCUS,3,E01010776,0,-1
2021052102294,2021,052102294,3,9,0,10,10,8,4,0,0,8,0,0,0,0,1,1,6,6,2,29,6,999,1,1,FORD FOCUS,8,E01006888,0,-1
2021201111882,2021,201111882,2,9,0,18,19,1,5,0,0,0,0,0,0,0,1,1,6,6,2,34,6,1596,1,17,FORD FOCUS,1,E01010453,0,-1
2021010346178,2021,010346178,1,9,0,11,11,3,7,0,0,0,0,0,0,0,4,1,6,6,1,65,9,1596,1,16,FORD FOCUS,6,E01002332,0,-1
2021320473224,2021,320473224,1,9,0,18,19,2,6,0,0,1,0,0,0,0,3,1,6,6,3,40,7,1796,1,19,FORD FOCUS,-1,-1,0,-1
2021440058891,2021,440058891,1,9,0,6,6,4,1,0,0,0,0,0,0,1,3,1,6,6,2,49,8,1596,1,18,FORD FOCUS,1,E01032882,0,-1
2021440382282,2021,440382282,1,9,0,9,9,3,1,0,0,8,0,0,0,0,3,1,2,2,1,39,7,1560,2,12,FORD FOCUS,8,E01022667,0,-1
2021010312107,2021,010312107,2,9,0,3,3,7,3,0,0,0,0,0,0,0,2,1,6,6,1,39,7,1596,1,11,FORD FOCUS,2,E01001328,0,-1
2021501131852,2021,501131852,1,9,0,18,19,1,5,0,0,0,1,0,1,0,1,1,2,2,1,28,6,1560,2,10,FORD FOCUS,4,E01020293,0,-1
2021501062634,2021,501062634,3,9,0,18,19,3,7,0,0,0,0,0,0,0,3,1,6,6,1,52,8,1596,1,16,FORD FOCUS,2,E01019046,0,-1
2021010315860,2021,010315860,3,9,0,2,2,0,0,9,9,0,0,0,0,0,2,1,6,6,3,-1,-1,1596,1,14,FORD FOCUS,-1,-1,0,-1
2021501135672,2021,501135672,1,9,0,18,19,8,4,0,0,0,1,0,7,0,1,1,5,6,2,63,9,1798,1,17,FORD FOCUS,4,E01018766,0,-1
2021461103344,2021,461103344,2,9,0,3,3,3,7,0,0,0,0,0,0,0,2,1,5,6,1,58,9,1596,1,17,FORD FOCUS,4,E01016177,0,-1
2021131116913,2021,131116913,2,9,0,2,2,0,0,0,0,8,0,0,0,0,2,1,6,6,3,-1,-1,1596,1,9,FORD FOCUS,-1,-1,0,-1
2021052101167,2021,052101167,2,9,0,18,19,1,5,0,0,0,0,0,1,7,2,1,6,6,1,53,8,1498,1,6,FORD FOCUS,2,E01018525,0,-1
2021010306946,2021,010306946,1,9,0,7,7,5,7,4,4,5,0,0,0,0,4,1,6,6,1,28,6,1596,1,9,FORD FOCUS,5,E01002221,0,-1
2021010295455,2021,010295455,3,9,0,18,19,3,7,0,0,1,0,0,0,0,1,1,6,6,1,54,8,1596,1,16,FORD FOCUS,2,E01003066,0,-1
2021421018379,2021,421018379,1,9,0,4,4,5,5,0,0,0,0,0,0,0,1,1,6,6,1,29,6,1596,1,15,FORD FOCUS,-1,-1,0,-1
2021061070908,2021,061070908,2,9,0,18,19,7,3,0,0,0,0,0,0,0,1,1,6,6,3,30,6,1560,2,7,FORD FOCUS,2,E01006111,0,-1
2021010316697,2021,010316697,1,9,0,99,99,9,9,99,99,9,9,99,9,99,9,9,6,6,1,24,5,1999,1,14,FORD FOCUS,1,E01001013,0,-1
2021010348434,2021,010348434,2,9,0,18,19,5,1,0,0,0,0,0,0,0,1,1,6,6,1,23,5,1499,2,5,FORD FOCUS,6,E01000259,0,-1
2021461046044,2021,461046044,2,9,0,4,4,3,7,0,0,0,0,0,0,0,2,1,2,2,2,33,6,1499,2,2,FORD FOCUS,9,E01024438,0,-1
2021501135648,2021,501135648,1,9,0,18,19,1,5,0,0,0,1,0,7,0,3,1,6,6,1,28,6,1796,1,17,FORD FOCUS,5,E01020049,0,-1
2021440466831,2021,440466831,1,9,0,18,19,6,2,0,0,8,0,0,0,0,1,1,6,6,1,24,5,1999,1,14,FORD FOCUS,10,W01001103,0,-1
2021430451107,2021,430451107,2,9,0,18,19,4,8,0,0,1,0,0,0,0,1,1,6,6,1,34,6,1999,1,14,FORD FOCUS,-1,-1,0,-1
2021010347441,2021,010347441,2,9,0,99,99,9,9,99,99,9,9,99,9,99,9,9,6,6,3,25,5,1596,1,8,FORD FOCUS,2,E01004410,0,-1
2021010302296,2021,010302296,1,9,0,18,19,3,7,0,0,3,0,0,0,0,1,1,6,6,2,49,8,1499,2,5,FORD FOCUS,3,E01002491,0,-1
2021141054988,2021,141054988,1,9,0,9,9,1,6,0,0,0,0,0,0,0,3,1,5,6,1,24,5,998,1,7,FORD FOCUS,1,E01007949,0,-1
2021061035133,2021,061035133,2,9,0,18,19,1,5,0,0,1,0,0,0,0,1,1,6,6,3,30,6,1596,1,15,FORD FOCUS,-1,-1,0,-1
2021201024746,2021,201024746,1,9,0,18,19,8,4,0,0,1,0,0,0,0,1,1,6,6,1,-1,-1,1560,2,10,FORD FOCUS,-1,-1,0,-1
2021141091766,2021,141091766,3,9,0,-1,-1,-1,-1,-1,-1,0,-1,-1,-1,0,-1,1,6,6,1,36,7,1560,2,7,FORD FOCUS,2,E01007855,0,-1
2021010322484,2021,010322484,1,9,0,4,4,5,1,0,0,1,0,0,0,0,2,1,6,6,1,36,7,1796,1,18,FORD FOCUS,6,E01003026,0,-1
2021010305644,2021,010305644,2,9,0,18,19,7,3,99,99,9,9,99,9,99,1,1,6,6,2,25,5,1596,1,20,FORD FOCUS,6,E01002380,0,-1
2021421112107,2021,421112107,2,9,0,5,5,7,5,0,0,1,1,0,7,0,3,1,5,6,2,41,7,1596,1,14,FORD FOCUS,3,E01015882,0,-1
2021411054254,2021,411054254,1,9,0,9,9,7,5,0,0,8,0,0,0,0,1,1,5,6,2,67,10,1999,1,11,FORD FOCUS,9,E01023448,0,-1
202131B160721,2021,31B160721,2,9,0,18,19,4,8,0,0,0,0,0,0,0,1,1,2,2,1,70,10,1997,2,9,FORD FOCUS,1,E01028065,0,-1
2021522100653,2021,522100653,1,9,0,9,9,5,1,0,0,8,0,0,0,0,3,1,6,6,2,37,7,1596,1,12,FORD FOCUS,5,E01014973,0,-1
2021471025028,2021,471025028,1,9,0,9,9,6,4,0,0,8,0,0,0,0,3,1,6,6,1,-1,-1,1596,1,15,FORD FOCUS,3,E01031482,0,-1
202131A174621,2021,31A174621,1,9,0,9,9,8,4,0,0,6,0,0,0,0,1,1,6,6,1,31,6,999,1,6,FORD FOCUS,2,E01027942,0,-1
2021991074620,2021,991074620,1,9,0,16,19,7,3,0,0,0,0,0,0,0,1,1,5,6,1,21,5,998,1,7,FORD FOCUS,7,-1,0,-1
2021131092083,2021,131092083,1,9,0,7,7,5,7,4,4,5,0,0,0,0,4,1,6,6,1,17,4,1596,1,14,FORD FOCUS,1,E01011739,0,-1
202154A744521,2021,54A744521,1,9,0,16,19,6,5,0,0,0,0,0,4,6,1,1,6,6,1,28,6,1560,2,10,FORD FOCUS,2,E01012081,0,-1
2021010328303,2021,010328303,3,9,0,18,19,5,1,0,0,1,0,0,0,0,2,1,2,2,1,48,8,999,1,3,FORD FOCUS,6,E01023396,0,-1
2021010351528,2021,010351528,2,9,0,99,99,9,9,99,99,9,9,99,9,99,9,9,6,6,2,-1,-1,1596,1,6,FORD FOCUS,9,E01003202,0,-1
2021520105969,2021,520105969,1,9,0,4,4,1,5,0,0,4,0,0,0,0,2,1,6,6,2,26,6,1499,2,2,FORD FOCUS,7,E01029256,0,-1
2021141064573,2021,141064573,1,9,0,3,3,1,5,0,0,1,0,0,0,0,2,1,2,2,2,33,6,1596,1,14,FORD FOCUS,1,E01008098,0,-1
2021361047562,2021,361047562,1,9,0,9,9,1,7,0,0,1,0,0,0,0,1,1,2,2,2,46,8,1596,1,15,FORD FOCUS,1,E01026704,0,-1
2021010298452,2021,010298452,1,9,0,18,19,1,5,0,0,8,0,0,0,0,2,1,6,6,1,30,6,1596,1,9,FORD FOCUS,6,E01000193,0,-1
2021141112828,2021,141112828,3,9,0,2,2,0,0,0,0,1,0,0,0,0,3,1,1,1,1,58,9,1560,2,12,FORD FOCUS,3,E01007773,0,-1
2021461100526,2021,461100526,5,9,0,2,2,0,0,0,0,0,0,0,0,0,3,1,6,6,3,-1,-1,1499,2,6,FORD FOCUS,-1,-1,0,-1
2021501096323,2021,501096323,2,9,0,3,3,1,5,0,0,8,0,0,0,0,2,1,6,6,1,28,6,1596,1,9,FORD FOCUS,5,E01018902,0,-1
2021010295864,2021,010295864,1,9,0,18,19,3,7,0,0,1,0,0,0,0,3,1,1,1,1,25,5,1596,1,7,FORD FOCUS,1,E01002091,0,-1
2021461050796,2021,461050796,1,9,0,18,19,7,3,0,0,8,0,0,0,0,1,1,6,6,1,-1,-1,1999,1,16,FORD FOCUS,9,E01024750,0,-1
2021421019746,2021,421019746,1,9,0,9,9,2,7,0,0,6,0,0,0,0,1,1,5,6,1,34,6,1596,1,14,FORD FOCUS,7,E01021650,0,-1
202154B108321,2021,54B108321,2,9,0,4,4,1,3,0,0,1,0,0,0,0,2,1,6,6,1,23,5,2521,1,15,FORD FOCUS,7,E01031849,0,-1
2021231107817,2021,231107817,1,9,0,14,14,1,4,0,0,8,0,0,0,0,1,1,3,7,1,56,9,999,1,2,FORD FOCUS,10,E01031259,0,-1
2021471075249,2021,471075249,1,9,0,18,19,1,5,0,0,1,0,0,0,0,3,1,5,6,2,41,7,1596,1,13,FORD FOCUS,1,E01020920,0,-1
2021320327863,2021,320327863,1,9,0,10,10,4,2,0,0,6,0,0,0,0,1,1,6,6,1,50,8,1596,1,17,FORD FOCUS,1,E01026112,0,-1
202131A192521,2021,31A192521,2,9,0,18,19,2,6,0,0,8,0,0,0,0,1,1,6,6,2,35,6,1596,1,15,FORD FOCUS,2,E01027942,0,-1
2021421034315,2021,421034315,2,9,0,9,9,5,3,0,0,6,0,0,0,0,3,1,5,6,1,69,10,1753,2,12,FORD FOCUS,7,E01021531,0,-1
2021461063115,2021,461063115,1,9,0,7,7,1,3,0,0,2,0,0,0,0,4,1,6,6,2,52,8,1798,1,15,FORD FOCUS,4,E01024624,0,-1
2021161043186,2021,161043186,1,9,0,18,19,5,1,0,0,1,0,0,0,0,1,1,6,6,2,41,7,1596,1,17,FORD FOCUS,5,E01013329,0,-1
2021161104578,2021,161104578,1,9,0,18,19,6,2,0,0,1,0,0,0,0,1,1,6,6,1,-1,-1,1999,1,8,FORD FOCUS,7,E01012792,0,-1
2021371144560,2021,371144560,2,9,0,18,19,8,4,0,0,1,0,0,0,0,2,1,2,2,1,54,8,999,1,4,FORD FOCUS,3,E01030025,0,-1
2021501029126,2021,501029126,2,9,0,4,4,6,4,0,0,0,0,0,0,0,2,1,1,1,1,28,6,1596,1,10,FORD FOCUS,9,E01015126,0,-1
2021522101427,2021,522101427,1,9,0,18,19,3,7,0,0,8,0,0,0,0,4,1,6,6,1,26,6,1997,2,15,FORD FOCUS,1,E01014802,0,-1
202131C001621,2021,31C001621,1,9,0,18,19,7,3,0,0,0,0,0,0,0,1,1,1,1,1,37,7,1798,1,14,FORD FOCUS,3,E01027931,0,-1
2021440374966,2021,440374966,1,9,0,18,19,1,5,0,0,4,1,0,1,2,1,1,6,6,1,25,5,1596,1,14,FORD FOCUS,3,E01017242,0,-1
2021141066837,2021,141066837,2,9,0,18,19,7,3,0,0,0,0,0,0,0,3,1,6,6,1,-1,-1,1499,2,1,FORD FOCUS,1,E01007372,0,-1
2021451028661,2021,451028661,1,9,0,7,7,7,3,0,0,0,0,0,0,0,1,1,5,6,1,64,9,998,1,7,FORD FOCUS,9,E01030381,0,-1
2021010334017,2021,010334017,2,9,0,18,19,3,7,0,0,0,0,0,0,0,2,1,6,6,1,47,8,1999,1,13,FORD FOCUS,3,E01032774,0,-1
2021010301943,2021,010301943,1,9,0,99,99,9,9,99,99,1,9,99,9,99,2,9,6,6,2,57,9,1596,1,19,FORD FOCUS,2,E01003508,0,-1
2021052100451,2021,052100451,1,9,0,18,19,5,1,0,0,1,0,0,0,0,1,1,6,6,1,70,10,999,1,3,FORD FOCUS,3,E01007237,0,-1
2021231043662,2021,231043662,1,9,0,18,19,1,5,0,0,6,1,0,7,1,3,1,5,6,1,45,7,1596,1,10,FORD FOCUS,6,E01016817,0,-1
2021201058952,2021,201058952,2,9,0,18,19,4,8,0,0,8,0,0,0,0,1,1,6,6,1,35,6,1560,2,12,FORD FOCUS,1,E01010541,0,-1
202134NNC6351,2021,34NNC6351,1,9,0,18,19,8,4,0,0,1,0,0,0,0,1,1,6,6,1,35,6,1596,1,12,FORD FOCUS,-1,-1,0,-1
2021430073360,2021,430073360,2,9,0,18,19,6,2,0,0,8,0,0,0,0,4,1,6,6,2,26,6,1560,2,10,FORD FOCUS,4,E01032858,0,-1
2021552101054,2021,552101054,2,9,0,18,19,8,4,0,0,0,1,0,0,0,4,1,6,6,1,36,7,2521,1,15,FORD FOCUS,3,E01015429,0,-1
2021141038382,2021,141038382,1,9,0,17,19,2,4,0,0,0,0,0,1,4,1,1,5,6,2,33,6,1560,2,12,FORD FOCUS,4,E01007821,0,-1
2021111076339,2021,111076339,2,9,0,18,19,7,3,0,0,1,0,0,0,0,1,1,5,6,2,43,7,1596,1,11,FORD FOCUS,4,E01027599,0,-1
2021461102049,2021,461102049,1,9,0,18,19,4,7,-1,-1,0,0,11,0,0,1,1,6,6,2,54,8,1596,1,12,FORD FOCUS,10,E01030319,0,-1
2021501120547,2021,501120547,1,9,0,17,19,6,4,0,0,0,5,0,2,10,1,1,5,6,1,17,4,1560,2,8,FORD FOCUS,6,E01020209,0,-1
2021010299324,2021,010299324,1,9,0,99,99,9,9,99,99,9,9,99,9,99,1,9,6,6,2,33,6,999,1,4,FORD FOCUS,5,E01004363,0,-1
2021401057870,2021,401057870,1,9,0,9,9,3,1,0,0,8,0,0,0,0,1,1,5,6,1,28,6,1560,2,13,FORD FOCUS,2,E01015754,0,-1
2021531188831,2021,531188831,1,9,0,9,9,3,1,0,0,8,0,0,0,0,1,1,1,1,2,35,6,1499,2,2,FORD FOCUS,4,E01022243,0,-1
2021471027911,2021,471027911,2,9,0,18,19,5,1,0,0,1,0,0,0,0,4,1,6,6,1,46,8,1999,1,14,FORD FOCUS,2,E01016941,0,-1
2021351046665,2021,351046665,1,9,-1,-1,-1,-1,-1,-1,-1,3,-1,-1,-1,0,-1,1,6,6,3,-1,-1,1596,1,14,FORD FOCUS,-1,-1,0,-1
2021440424300,2021,440424300,1,9,0,18,19,4,8,0,0,2,0,0,0,0,3,1,6,6,1,49,8,999,1,2,FORD FOCUS,4,E01017121,0,-1
2021010320086,2021,010320086,3,9,0,3,3,1,5,0,0,2,0,0,0,0,2,1,6,6,1,52,8,1999,1,15,FORD FOCUS,7,E01002965,0,-1
2021101126953,2021,101126953,1,9,0,18,19,8,4,0,0,0,0,0,0,0,1,1,6,6,3,-1,-1,1997,2,13,FORD FOCUS,-1,-1,0,-1
2021361046856,2021,361046856,2,9,0,18,19,3,1,0,0,1,0,0,0,0,1,1,5,6,2,41,7,1560,2,9,FORD FOCUS,6,E01026512,0,-1
2021052101269,2021,052101269,1,9,0,18,19,3,7,0,0,8,0,0,7,11,4,1,6,6,1,27,6,999,1,5,FORD FOCUS,2,E01007214,0,-1
2021522200882,2021,522200882,2,9,0,18,19,6,2,0,0,1,0,0,0,0,1,1,6,6,1,90,11,1596,1,15,FORD FOCUS,9,E01022381,0,-1
2021421077868,2021,421077868,2,9,0,18,19,6,1,0,0,0,0,0,0,0,2,1,5,6,1,38,7,1596,1,15,FORD FOCUS,7,E01004609,0,-1
2021170L10411,2021,170L10411,1,9,0,16,19,4,6,0,0,0,1,0,4,7,1,1,1,1,2,29,6,1499,2,6,FORD FOCUS,5,E01027818,0,-1
2021531073340,2021,531073340,1,9,0,18,19,7,3,0,0,4,0,0,0,0,1,2,5,6,2,36,7,1999,1,3,FORD FOCUS,7,E01022401,0,-1
202131D087121,2021,31D087121,1,9,0,18,19,4,8,0,0,8,0,0,0,0,1,1,6,6,2,42,7,1596,1,13,FORD FOCUS,7,E01028370,0,-1
2021430544226,2021,430544226,2,9,0,3,3,7,3,0,0,1,0,0,0,0,3,1,6,6,1,40,7,1596,1,17,FORD FOCUS,8,E01016758,0,-1
2021440248835,2021,440248835,1,9,0,9,9,1,7,0,0,8,0,0,0,0,1,1,6,6,1,32,6,1560,2,16,FORD FOCUS,10,E01022741,0,-1
2021547760221,2021,547760221,2,9,0,18,19,6,2,0,0,0,0,0,0,0,1,1,6,6,1,50,8,1753,2,16,FORD FOCUS,2,E01031928,0,-1
2021371036729,2021,371036729,1,9,0,1,1,3,7,0,0,0,0,0,0,0,2,1,1,1,1,52,8,1995,2,2,FORD FOCUS,6,E01018196,0,-1
2021201074372,2021,201074372,2,9,0,3,3,4,8,0,0,0,0,0,0,0,2,1,6,6,1,30,6,1499,2,1,FORD FOCUS,5,E01010306,0,-1
2021501017230,2021,501017230,1,9,0,18,19,3,7,0,0,0,0,0,0,0,1,1,5,6,2,59,9,1596,1,12,FORD FOCUS,4,E01020012,0,-1
202131D026521,2021,31D026521,2,9,0,9,9,8,6,0,0,5,0,0,0,0,1,1,6,6,1,34,6,1753,2,12,FORD FOCUS,3,E01033401,0,-1
2021411061671,2021,411061671,3,9,0,6,6,2,6,0,0,2,0,0,0,0,0,1,6,6,3,-1,-1,1499,2,1,FORD FOCUS,-1,-1,0,-1
2021041057559,2021,041057559,1,9,0,5,5,1,3,0,0,8,0,0,0,0,1,1,5,6,1,27,6,1596,1,6,FORD FOCUS,5,E01025387,0,-1
202154A829321,2021,54A829321,2,9,0,7,7,1,7,0,0,1,0,0,0,0,4,1,6,6,1,47,8,1798,1,14,FORD FOCUS,9,E01032701,0,-1
2021522105924,2021,522105924,2,9,0,7,7,5,7,0,0,6,0,0,0,0,1,1,6,6,3,38,7,999,1,0,FORD FOCUS,10,E01014988,0,-1
2021141021407,2021,141021407,1,9,0,18,19,5,1,0,0,0,0,0,0,0,3,1,5,6,2,45,7,1999,1,13,FORD FOCUS,4,E01007513,0,-1
2021041052345,2021,041052345,1,9,0,9,9,5,1,0,0,6,0,0,0,0,3,1,5,6,2,34,6,1560,2,8,FORD FOCUS,5,E01012664,0,-1
2021501152930,2021,501152930,1,9,0,18,19,5,1,0,0,0,0,0,0,0,1,1,5,6,1,22,5,1997,2,15,FORD FOCUS,5,E01019887,0,-1
2021430502367,2021,430502367,1,9,0,7,7,2,4,0,0,6,0,0,0,0,1,1,6,6,1,64,9,1596,1,17,FORD FOCUS,10,E01017891,0,-1
2021411069357,2021,411069357,1,9,0,13,13,3,7,0,0,0,0,0,0,0,1,1,6,6,1,-1,-1,999,1,3,FORD FOCUS,10,E01023949,0,-1
2021211077492,2021,211077492,2,9,0,12,12,6,5,0,0,0,0,0,4,0,1,1,6,6,3,-1,-1,1596,1,17,FORD FOCUS,-1,-1,0,-1
2021451077621,2021,451077621,1,9,0,3,3,1,5,0,0,0,0,0,0,0,2,1,2,2,1,39,7,1596,1,11,FORD FOCUS,7,E01031388,0,-1
2021138160273,2021,138160273,1,9,0,1,1,7,3,0,0,0,1,0,0,0,4,1,6,6,1,56,9,1560,2,13,FORD FOCUS,7,E01010641,0,-1
2021010317849,2021,010317849,1,9,0,4,4,1,5,0,0,1,0,0,0,0,1,1,2,2,2,32,6,1560,2,9,FORD FOCUS,3,E01002303,0,-1
2021320388119,2021,320388119,1,9,0,18,19,4,8,0,0,0,0,0,0,0,1,1,6,6,1,38,7,1596,1,17,FORD FOCUS,1,E01026074,0,-1
2021131052253,2021,131052253,2,9,0,18,19,7,3,0,0,0,0,0,0,0,3,1,6,6,1,58,9,999,1,5,FORD FOCUS,2,E01011249,0,-1
2021421018026,2021,421018026,2,9,0,18,19,7,3,0,0,1,0,0,0,0,3,1,6,6,1,60,9,1596,1,15,FORD FOCUS,4,E01022048,0,-1
2021522101044,2021,522101044,2,9,0,18,19,1,5,0,0,0,0,0,0,0,1,1,6,6,1,26,6,2521,1,15,FORD FOCUS,10,E01014389,0,-1
2021622100719,2021,622100719,1,9,0,14,14,8,4,0,0,1,0,0,0,0,1,1,6,6,1,23,5,1997,2,6,FORD FOCUS,6,W01001839,0,-1
2021421037503,2021,421037503,1,9,0,18,19,1,3,0,0,0,0,0,1,0,1,1,6,6,1,31,6,1999,1,4,FORD FOCUS,7,E01021336,0,-1
2021010333402,2021,010333402,1,9,0,5,5,0,5,0,0,0,0,0,0,0,1,1,6,6,1,56,9,999,1,5,FORD FOCUS,3,E01033743,0,-1
2021421083799,2021,421083799,2,9,0,17,19,1,1,0,0,1,0,0,0,0,1,1,6,6,2,37,7,1499,2,5,FORD FOCUS,-1,-1,0,-1
2021131109498,2021,131109498,4,9,0,16,19,1,5,0,0,0,0,0,0,0,1,1,6,6,1,49,8,1499,2,4,FORD FOCUS,2,E01011814,0,-1
2021101110579,2021,101110579,2,9,0,5,5,3,7,0,0,0,0,0,0,0,2,1,2,2,1,34,6,1560,2,11,FORD FOCUS,4,E01008536,0,-1
2021010288151,2021,010288151,1,9,0,7,7,5,7,0,0,5,0,0,0,0,1,1,6,6,2,52,8,1596,1,8,FORD FOCUS,-1,-1,0,-1
2021070669691,2021,070669691,1,9,0,9,9,5,3,0,0,2,0,0,0,0,3,2,6,6,2,75,10,1596,1,9,FORD FOCUS,8,E01018668,0,-1
2021520106019,2021,520106019,2,9,0,18,19,4,8,0,0,0,0,0,0,0,1,1,6,6,1,72,10,999,1,4,FORD FOCUS,5,E01029283,0,-1
2021421097702,2021,421097702,1,9,0,9,9,7,5,0,0,8,0,0,0,0,1,1,6,6,1,25,5,998,1,9,FORD FOCUS,-1,-1,0,-1
2021991111360,2021,991111360,1,9,0,18,19,7,3,0,0,8,0,4,0,0,1,1,6,6,1,38,7,1596,1,16,FORD FOCUS,3,-1,0,-1
2021421108324,2021,421108324,1,9,0,18,19,3,3,0,0,8,1,0,0,0,4,1,5,6,2,30,6,1596,1,14,FORD FOCUS,-1,-1,0,-1
202131D057921,2021,31D057921,2,9,0,18,19,8,4,0,0,8,1,0,1,2,4,1,6,6,1,25,5,1796,1,19,FORD FOCUS,1,E01028261,0,-1
2021991040658,2021,991040658,2,9,0,18,19,6,2,0,0,8,0,0,0,0,4,1,6,6,1,24,5,1560,2,11,FORD FOCUS,2,-1,0,-1
2021991107715,2021,991107715,1,9,0,18,19,8,4,0,0,6,0,0,0,0,1,1,1,1,1,56,9,1499,2,2,FORD FOCUS,3,-1,0,-1
2021201046308,2021,201046308,1,9,0,5,5,1,5,0,0,0,0,0,0,0,3,1,6,6,2,34,6,999,1,5,FORD FOCUS,1,E01009062,0,-1
2021041079151,2021,041079151,1,9,0,2,2,1,1,0,0,1,0,0,0,0,2,2,5,6,1,30,6,1560,2,14,FORD FOCUS,3,E01010571,0,-1
2021361061348,2021,361061348,1,9,0,9,9,3,1,0,0,8,0,0,0,0,4,1,5,6,2,33,6,1596,1,13,FORD FOCUS,2,E01026834,0,-1
202134NNC6001,2021,34NNC6001,1,9,0,18,19,8,4,0,0,2,0,0,0,0,1,1,3,7,1,33,6,1596,1,10,FORD FOCUS,9,E01032965,0,-1
2021421112107,2021,421112107,1,9,0,18,19,5,1,0,0,1,1,0,0,0,1,1,6,6,1,34,6,1596,1,8,FORD FOCUS,1,E01015917,0,-1
2021361143832,2021,361143832,1,9,0,7,7,2,5,0,0,2,0,0,0,0,1,1,5,6,1,55,8,1753,2,12,FORD FOCUS,7,E01026924,0,-1
2021010311513,2021,010311513,1,9,0,10,10,1,7,0,0,1,0,0,0,0,2,9,2,2,1,61,9,1596,1,17,FORD FOCUS,4,E01002425,0,-1
2021430435856,2021,430435856,2,9,0,18,19,1,5,0,0,8,0,0,7,0,3,1,6,6,1,57,9,1560,2,15,FORD FOCUS,9,E01032950,0,-1
2021201113096,2021,201113096,1,9,0,18,19,5,8,0,0,8,0,0,0,0,1,1,2,2,1,34,6,2521,1,14,FORD FOCUS,7,E01031068,0,-1
2021061049728,2021,061049728,2,9,0,18,19,1,5,0,0,0,0,0,0,0,2,1,6,6,2,49,8,999,1,5,FORD FOCUS,2,E01005981,0,-1
2021440141824,2021,440141824,1,9,0,18,19,3,7,0,0,0,0,0,0,0,1,1,6,6,1,-1,-1,1596,1,17,FORD FOCUS,-1,-1,0,-1
2021010338512,2021,010338512,1,9,0,9,9,5,2,0,0,5,0,0,0,0,3,1,6,6,1,31,6,1596,1,11,FORD FOCUS,4,E01002743,0,-1
2021010349902,2021,010349902,1,9,0,3,3,8,4,0,0,2,0,0,0,0,1,1,6,6,2,34,6,1596,1,13,FORD FOCUS,2,E01003189,0,-1
2021111075884,2021,111075884,2,9,0,3,3,2,6,0,0,1,0,0,0,0,2,1,5,6,1,44,7,999,1,4,FORD FOCUS,3,E01020661,0,-1
2021122100437,2021,122100437,2,9,0,4,4,5,1,0,0,1,0,0,0,0,1,1,6,6,1,18,4,1560,2,10,FORD FOCUS,8,E01027836,0,-1
2021041091824,2021,041091824,1,9,0,18,19,5,1,0,0,0,0,0,1,11,1,1,5,6,1,35,6,1560,2,6,FORD FOCUS,8,W01001190,0,-1
2021471104392,2021,471104392,1,9,0,9,9,7,4,0,0,6,0,0,0,0,1,1,5,6,1,61,9,1999,1,11,FORD FOCUS,5,E01021084,0,-1
2021302101812,2021,302101812,1,9,0,4,4,8,4,0,0,0,0,0,0,0,2,1,6,6,2,33,6,1560,2,8,FORD FOCUS,-1,-1,0,-1
2021201083520,2021,201083520,3,9,0,18,19,0,0,0,0,1,0,0,0,0,1,1,6,6,1,57,9,1596,1,15,FORD FOCUS,2,E01009014,0,-1