collision_index,collision_year,collision_ref_no,vehicle_reference,vehicle_type,towing_and_articulation,vehicle_manoeuvre_historic,vehicle_manoeuvre,vehicle_direction_from,vehicle_direction_to,vehicle_location_restricted_lane_historic,vehicle_location_restricted_lane,junction_location,skidding_and_overturning,hit_object_in_carriageway,vehicle_leaving_carriageway,hit_object_off_carriageway,first_point_of_impact,vehicle_left_hand_drive,journey_purpose_of_driver_historic,journey_purpose_of_driver,sex_of_driver,age_of_driver,age_band_of_driver,engine_capacity_cc,propulsion_code,age_of_vehicle,generic_make_model,driver_imd_decile,lsoa_of_driver,escooter_flag,driver_distance_banding
2021501124526,2021,501124526,1,9,0,18,19,6,2,0,0,1,0,0,0,0,1,1,3,7,2,39,7,998,1,7,FORD FOCUS,7,E01019892,0,-1
2021041048139,2021,041048139,3,9,0,2,2,0,0,6,6,0,0,0,0,0,2,1,6,6,3,-1,-1,1560,2,9,FORD FOCUS,-1,-1,0,-1
2021061097553,2021,061097553,1,9,0,10,10,1,7,0,0,1,0,0,0,0,1,1,6,6,1,47,8,998,1,9,FORD FOCUS,8,E01006378,0,-1
2021361025630,2021,361025630,3,9,0,2,2,0,0,0,0,0,0,0,0,0,3,1,6,6,3,-1,-1,1999,1,7,FORD FOCUS,-1,-1,0,-1
2021010328296,2021,010328296,1,9,0,6,6,1,1,0,0,2,0,0,0,0,3,1,6,6,1,27,6,1596,1,12,FORD FOCUS,-1,-1,0,-1
2021111130926,2021,111130926,1,9,0,18,19,7,1,0,0,0,5,0,1,0,1,1,5,6,1,34,6,1596,1,10,FORD FOCUS,1,E01008218,0,-1
2021031085401,2021,031085401,1,9,0,10,10,5,1,0,0,2,0,0,0,0,1,1,1,1,2,65,9,1499,2,6,FORD FOCUS,8,E01019322,0,-1
2021552101264,2021,552101264,2,9,0,18,19,6,2,0,0,0,0,0,0,0,1,1,6,6,1,59,9,1560,2,9,FORD FOCUS,6,E01020424,0,-1
202106F079785,2021,06F079785,2,9,0,18,19,8,4,0,0,1,0,0,0,0,1,1,6,6,3,30,6,1596,1,17,FORD FOCUS,-1,-1,0,-1
2021010314453,2021,010314453,1,9,0,4,4,5,1,0,0,1,0,0,0,0,2,1,6,6,2,26,6,1596,1,20,FORD FOCUS,6,E01000871,0,-1
2021501051162,2021,501051162,1,9,0,18,19,7,3,0,0,1,0,0,0,0,1,1,6,6,1,35,6,1499,2,5,FORD FOCUS,6,E01020187,0,-1
2021141073996,2021,141073996,1,9,0,7,7,1,3,9,9,6,1,0,7,11,3,1,6,6,3,-1,-1,1560,2,9,FORD FOCUS,-1,-1,0,-1
2021122200055,2021,122200055,2,9,0,18,19,4,8,0,0,0,0,0,0,0,3,1,1,1,1,22,5,998,1,9,FORD FOCUS,2,E01027909,0,-1
2021170S11461,2021,170S11461,2,9,0,18,19,8,4,0,0,8,0,0,0,0,1,1,6,6,1,66,10,1560,2,8,FORD FOCUS,2,E01012249,0,-1
2021010313293,2021,010313293,2,9,0,16,19,8,4,0,0,0,0,0,0,0,1,1,6,6,1,41,7,1560,2,10,FORD FOCUS,8,E01002495,0,-1
2021010310765,2021,010310765,1,9,0,4,4,5,1,0,0,1,0,0,0,0,1,1,6,6,1,70,10,1499,2,5,FORD FOCUS,6,E01002204,0,-1
2021440428637,2021,440428637,1,9,0,9,9,4,2,0,0,6,0,0,0,0,1,1,6,6,1,-1,-1,1796,1,18,FORD FOCUS,-1,-1,0,-1
2021010319078,2021,010319078,2,9,0,16,19,5,1,0,0,6,0,0,0,0,1,1,2,2,1,31,6,1596,1,13,FORD FOCUS,3,E01003531,0,-1
2021101019639,2021,101019639,1,9,0,18,19,5,1,0,0,0,1,0,1,4,4,1,5,6,1,21,5,1753,2,16,FORD FOCUS,1,E01020749,0,-1
2021010331578,2021,010331578,1,9,0,99,99,9,9,99,99,9,9,99,9,99,1,9,6,6,2,47,8,1596,1,14,FORD FOCUS,4,E01003249,0,-1
2021543234521,2021,543234521,1,9,0,13,13,4,8,0,0,0,2,0,7,4,1,1,6,6,1,36,7,2261,1,2,FORD FOCUS,6,E01033183,0,-1
2021401033088,2021,401033088,3,9,0,3,3,4,8,0,0,1,0,0,0,0,4,1,2,2,2,54,8,1560,2,14,FORD FOCUS,3,E01017518,0,-1
2021231020064,2021,231020064,3,9,0,2,2,0,0,0,0,8,0,0,0,0,3,1,2,2,1,26,6,999,1,4,FORD FOCUS,9,E01031301,0,-1
2021061081545,2021,061081545,1,9,0,18,19,5,1,0,0,0,0,0,0,0,1,1,6,6,1,23,5,1560,2,10,FORD FOCUS,2,E01005337,0,-1
2021531119136,2021,531119136,2,9,0,18,19,5,1,0,0,0,0,4,0,0,1,1,6,6,2,64,9,1499,2,6,FORD FOCUS,7,E01022182,0,-1
2021141047396,2021,141047396,2,9,0,4,4,8,4,0,0,0,0,0,0,0,1,1,6,6,2,34,6,1596,1,10,FORD FOCUS,1,E01007474,0,-1
2021201149149,2021,201149149,3,9,0,3,3,5,1,0,0,0,0,0,0,0,1,1,6,6,2,43,7,1560,2,6,FORD FOCUS,1,E01010486,0,-1
2021052102924,2021,052102924,1,9,0,18,19,3,7,0,0,8,0,0,0,0,1,1,6,6,1,22,5,1988,1,18,FORD FOCUS,1,E01006429,0,-1
2021421118095,2021,421118095,1,9,0,18,19,7,3,0,0,0,0,0,0,0,1,1,6,6,2,53,8,1596,1,15,FORD FOCUS,6,E01021705,0,-1
2021010329176,2021,010329176,1,9,0,18,19,5,1,0,0,0,0,0,0,0,1,1,6,6,2,76,11,1596,1,13,FORD FOCUS,7,E01024798,0,-1
2021430451107,2021,430451107,1,9,0,3,3,4,8,0,0,1,0,0,0,0,2,1,6,6,1,37,7,1596,1,12,FORD FOCUS,7,E01016250,0,-1
2021302100900,2021,302100900,1,9,0,1,1,6,2,0,0,2,0,0,0,0,2,1,6,6,1,26,6,1596,1,15,FORD FOCUS,1,E01013486,0,-1
2021221044999,2021,221044999,2,9,0,18,19,2,6,0,0,8,0,0,4,6,4,1,2,2,1,28,6,1596,1,17,FORD FOCUS,8,W01001553,0,-1
2021552101166,2021,552101166,1,9,0,18,19,7,3,0,0,0,1,7,5,6,1,1,2,2,1,45,7,999,1,2,FORD FOCUS,8,E01015411,0,-1
2021131056602,2021,131056602,1,9,0,13,13,8,3,0,0,1,0,0,0,0,4,1,5,6,1,23,5,999,1,3,FORD FOCUS,2,E01011374,0,-1
2021471095736,2021,471095736,1,9,0,9,9,3,1,0,0,0,0,0,0,0,3,1,5,6,2,43,7,1560,2,12,FORD FOCUS,5,E01031568,0,-1
2021131062392,2021,131062392,1,9,0,18,19,7,3,0,0,0,1,0,0,0,1,1,5,6,2,29,6,1499,2,6,FORD FOCUS,1,E01011745,0,-1
2021440477695,2021,440477695,3,9,0,9,9,8,6,0,0,8,0,0,0,0,3,1,6,6,2,38,7,999,1,5,FORD FOCUS,4,E01017187,0,-1
2021061106665,2021,061106665,2,9,0,5,5,3,5,0,0,8,0,0,0,0,1,1,6,6,3,30,6,999,1,4,FORD FOCUS,-1,-1,0,-1
2021161090266,2021,161090266,1,9,0,18,19,3,6,0,0,8,0,0,0,0,1,1,2,2,1,27,6,1560,2,7,FORD FOCUS,1,E01012888,0,-1
2021231120533,2021,231120533,1,9,0,16,19,4,8,0,0,0,1,0,1,10,1,1,2,2,1,41,7,1753,2,13,FORD FOCUS,3,E01009624,0,-1
2021545825321,2021,545825321,1,9,0,18,19,3,6,0,0,1,0,0,0,0,1,1,6,6,2,32,6,1560,2,8,FORD FOCUS,7,E01032693,0,-1
2021522101960,2021,522101960,1,9,0,18,19,1,5,0,0,8,0,0,7,7,1,1,6,6,1,38,7,1596,1,18,FORD FOCUS,3,E01014830,0,-1
2021546312821,2021,546312821,1,9,0,13,13,6,2,0,0,0,0,0,1,4,4,1,6,6,1,51,8,1988,1,18,FORD FOCUS,10,E01014995,0,-1
2021461067831,2021,461067831,3,9,0,4,4,4,8,0,0,0,0,0,0,0,2,1,6,6,1,38,7,1596,1,6,FORD FOCUS,2,E01000063,0,-1
2021161036334,2021,161036334,2,9,0,5,5,7,3,0,0,0,0,0,0,0,1,1,5,6,1,86,11,1596,1,7,FORD FOCUS,4,E01013246,0,-1
2021010307371,2021,010307371,1,9,0,3,3,1,5,0,0,1,0,0,0,0,2,1,6,6,1,29,6,1560,2,13,FORD FOCUS,2,E01002368,0,-1
2021010313177,2021,010313177,3,9,0,18,19,3,7,0,0,0,0,0,0,0,2,1,6,6,1,70,10,1560,2,10,FORD FOCUS,3,E01001589,0,-1
2021010310163,2021,010310163,1,9,0,18,19,3,7,0,0,8,0,0,0,0,1,1,6,6,2,31,6,1999,1,8,FORD FOCUS,3,E01024696,0,-1
2021221077278,2021,221077278,1,9,0,16,19,1,4,0,0,0,1,0,7,11,1,1,5,6,1,22,5,2521,1,14,FORD FOCUS,4,E01028838,0,-1
2021552100857,2021,552100857,2,9,0,3,3,3,7,0,0,0,0,0,0,0,2,1,6,6,1,63,9,1499,2,1,FORD FOCUS,7,E01020498,0,-1
2021411118381,2021,411118381,1,9,0,18,19,1,5,0,0,1,0,4,0,0,4,1,5,6,1,88,11,999,1,5,FORD FOCUS,10,E01023523,0,-1
2021991126715,2021,991126715,3,9,0,9,9,1,4,0,0,0,0,0,0,0,0,1,5,6,1,35,6,999,1,0,FORD FOCUS,8,-1,0,-1
2021471114859,2021,471114859,2,9,0,8,8,4,8,0,0,7,0,0,0,0,2,1,2,2,2,39,7,1596,1,7,FORD FOCUS,7,E01016923,0,-1
2021201144829,2021,201144829,1,9,0,18,19,8,4,0,0,0,0,4,0,0,1,1,6,6,2,26,6,1997,2,15,FORD FOCUS,2,E01009955,0,-1
2021052100621,2021,052100621,1,9,0,9,9,1,5,0,0,8,0,0,0,0,1,1,6,6,1,62,9,1798,1,10,FORD FOCUS,4,E01006584,0,-1
2021201139673,2021,201139673,2,9,0,9,9,5,4,0,0,6,0,0,0,0,1,1,6,6,1,30,6,1596,1,10,FORD FOCUS,1,E01009353,0,-1
2021471105164,2021,471105164,2,9,0,18,19,3,7,0,0,8,0,0,0,0,1,1,5,6,2,45,7,1499,2,5,FORD FOCUS,8,E01031815,0,-1
2021471025485,2021,471025485,1,9,0,17,19,5,2,0,0,0,5,11,0,0,4,1,5,6,2,54,8,1796,1,20,FORD FOCUS,10,E01031774,0,-1
2021141033825,2021,141033825,2,9,0,18,19,8,4,0,0,8,0,0,0,0,1,1,6,6,1,30,6,1560,2,10,FORD FOCUS,2,E01008037,0,-1
2021131111766,2021,131111766,2,9,0,5,5,2,8,0,0,0,0,0,0,0,3,1,5,6,1,29,6,1753,2,15,FORD FOCUS,1,E01010828,0,-1
2021052102290,2021,052102290,2,9,0,18,19,1,5,0,0,1,0,0,0,0,1,1,2,2,1,47,8,999,1,1,FORD FOCUS,1,E01006738,0,-1
2021471087254,2021,471087254,1,9,0,9,9,6,4,0,0,8,0,0,3,0,1,1,5,6,2,33,6,1596,1,10,FORD FOCUS,6,E01021187,0,-1
2021010318026,2021,010318026,1,9,0,5,5,5,1,0,0,2,0,0,0,0,3,1,6,6,2,24,5,999,1,2,FORD FOCUS,2,E01000433,0,-1
2021201099679,2021,201099679,1,9,0,18,19,4,8,0,0,0,5,0,0,0,1,1,6,6,1,60,9,1596,1,12,FORD FOCUS,1,E01009498,0,-1
2021471017440,2021,471017440,1,9,0,18,19,2,6,0,0,0,0,0,2,4,1,1,6,6,1,37,7,1596,1,17,FORD FOCUS,8,E01031694,0,-1
2021302100643,2021,302100643,1,9,0,12,12,2,6,0,0,0,0,0,0,0,3,1,6,6,1,20,4,1560,2,8,FORD FOCUS,3,E01019541,0,-1
20211383O0316,2021,1383O0316,1,9,0,18,19,7,5,0,0,8,0,0,0,0,1,1,6,6,1,55,8,1596,1,7,FORD FOCUS,-1,-1,0,-1
2021141016892,2021,141016892,3,9,0,18,19,8,3,0,0,1,0,0,0,0,1,1,5,6,2,34,6,1560,2,11,FORD FOCUS,10,E01007690,0,-1
2021131054522,2021,131054522,1,9,0,17,19,3,7,0,0,8,0,0,0,0,1,1,5,6,1,70,10,998,1,8,FORD FOCUS,7,E01011595,0,-1
2021461127262,2021,461127262,2,9,0,18,19,3,7,0,0,1,0,0,0,0,1,1,6,6,1,58,9,1753,2,16,FORD FOCUS,8,E01024511,0,-1
2021010316365,2021,010316365,1,9,0,10,10,1,6,0,0,1,0,0,0,0,1,1,3,7,2,45,7,2261,1,2,FORD FOCUS,3,E01002403,0,-1
2021141076781,2021,141076781,2,9,0,4,4,2,6,0,0,0,0,0,0,0,2,1,5,6,1,56,9,1596,1,9,FORD FOCUS,8,E01013264,0,-1
202134WNC5021,2021,34WNC5021,1,9,0,18,19,1,5,0,0,0,0,0,0,0,1,1,6,6,1,36,7,1560,2,13,FORD FOCUS,1,E01032978,0,-1
2021010306520,2021,010306520,2,9,0,18,19,1,5,0,0,2,0,0,0,0,1,1,1,1,1,19,4,999,1,6,FORD FOCUS,3,E01001747,0,-1
2021361029856,2021,361029856,1,9,0,9,9,7,5,0,0,1,0,0,0,0,4,1,2,2,1,63,9,1596,1,8,FORD FOCUS,9,E01026448,0,-1
2021520104928,2021,520104928,1,9,0,18,19,8,4,0,0,0,0,0,0,0,4,1,6,6,2,40,7,1596,1,13,FORD FOCUS,8,E01029089,0,-1
2021471041317,2021,471041317,1,9,0,18,19,7,3,0,0,0,1,0,2,7,1,1,5,6,2,32,6,1560,2,7,FORD FOCUS,3,E01031483,0,-1
2021991059070,2021,991059070,1,9,0,1,1,7,3,0,0,0,0,0,0,0,2,1,6,6,1,45,7,998,1,8,FORD FOCUS,8,-1,0,-1
2021552100903,2021,552100903,2,9,0,3,3,2,4,0,0,1,0,0,0,0,2,1,6,6,1,31,6,1596,1,17,FORD FOCUS,6,-1,0,-1
2021471083945,2021,471083945,2,9,0,18,19,7,3,0,0,8,0,0,0,0,3,1,5,6,1,22,5,1596,1,16,FORD FOCUS,7,E01020962,0,-1
2021010302321,2021,010302321,1,9,0,8,8,3,6,99,99,0,0,0,0,0,3,9,2,2,1,38,7,1596,1,16,FORD FOCUS,1,E01033585,0,-1
202131C136921,2021,31C136921,1,9,0,9,9,2,7,0,0,5,0,0,0,0,3,1,2,2,2,55,8,999,1,3,FORD FOCUS,1,E01013962,0,-1
2021010311363,2021,010311363,1,9,0,4,4,7,3,0,0,2,0,0,0,0,3,1,6,6,1,63,9,1596,1,9,FORD FOCUS,-1,-1,0,-1
2021010309301,2021,010309301,2,9,0,9,9,8,6,0,0,1,0,0,0,0,1,1,2,2,2,25,5,1596,1,11,FORD FOCUS,5,E01003413,0,-1
2021010335049,2021,010335049,2,9,0,99,99,9,9,99,99,9,9,99,9,99,9,9,6,6,3,-1,-1,1596,1,15,FORD FOCUS,4,E01003781,0,-1
2021991025598,2021,991025598,2,9,0,7,7,1,4,0,0,1,0,0,0,0,4,1,5,6,1,33,6,1499,2,4,FORD FOCUS,3,-1,0,-1
2021302100070,2021,302100070,2,9,0,5,5,8,6,0,0,1,0,0,0,0,4,1,6,6,1,61,9,1499,2,1,FORD FOCUS,3,E01019437,0,-1
2021522102147,2021,522102147,2,9,0,18,19,5,1,0,0,0,0,0,0,0,1,1,6,6,1,40,7,1596,1,16,FORD FOCUS,-1,-1,0,-1
2021351053590,2021,351053590,2,9,0,18,19,-1,-1,0,0,3,0,0,0,0,2,1,6,6,1,-1,-1,1596,1,16,FORD FOCUS,-1,-1,0,-1
2021010327510,2021,010327510,1,9,0,9,9,5,2,0,0,4,0,10,8,2,4,1,6,6,1,24,5,1596,1,14,FORD FOCUS,3,E01004453,0,-1
2021451099104,2021,451099104,4,9,0,18,19,5,1,0,0,2,0,0,0,0,0,1,1,1,1,38,7,1499,2,5,FORD FOCUS,6,E01030455,0,-1
2021201145510,2021,201145510,1,9,0,18,19,8,4,0,0,1,0,0,0,0,1,1,6,6,1,55,8,1560,2,11,FORD FOCUS,1,E01009339,0,-1
2021010318335,2021,010318335,2,9,0,3,3,7,3,0,0,0,0,0,0,0,4,1,2,2,1,26,6,999,1,1,FORD FOCUS,7,E01001346,0,-1
2021471066242,2021,471066242,2,9,0,4,4,2,6,0,0,0,0,0,0,0,3,1,5,6,2,29,6,998,1,7,FORD FOCUS,10,E01031650,0,-1
2021010337682,2021,010337682,1,9,0,9,9,3,1,0,0,8,0,0,0,0,1,1,6,6,1,70,10,998,1,9,FORD FOCUS,8,E01004179,0,-1
2021549011021,2021,549011021,2,9,0,3,3,3,7,0,0,1,0,0,0,0,2,1,6,6,1,62,9,1596,1,10,FORD FOCUS,2,E01026828,0,-1
2021991060035,2021,991060035,1,9,0,18,19,1,5,0,0,0,0,4,0,0,1,1,6,6,1,35,6,1596,1,13,FORD FOCUS,2,-1,0,-1
2021421044188,2021,421044188,1,9,0,18,19,7,3,0,0,0,0,0,0,0,1,1,5,6,1,90,11,1596,1,9,FORD FOCUS,8,E01021936,0,-1
2021070680189,2021,070680189,1,9,0,18,19,1,5,0,0,0,1,0,0,0,4,1,6,6,1,23,5,1498,1,5,FORD FOCUS,3,E01019209,0,-1
2021522101645,2021,522101645,3,9,0,2,2,0,0,0,0,2,0,0,0,0,1,1,6,6,3,-1,-1,1560,2,8,FORD FOCUS,-1,-1,0,-1
202154B757021,2021,54B757021,1,9,0,18,19,5,1,0,0,0,0,0,0,0,1,1,2,2,1,32,6,1560,2,11,FORD FOCUS,7,E01032692,0,-1
2021361072959,2021,361072959,1,9,0,2,2,0,0,0,0,1,0,0,0,0,2,1,6,6,3,-1,-1,1997,2,17,FORD FOCUS,-1,-1,0,-1
2021401047113,2021,401047113,1,9,0,11,11,1,5,0,0,3,0,0,0,0,4,1,5,6,2,43,7,1596,1,18,FORD FOCUS,6,E01017513,0,-1
2021991051650,2021,991051650,1,9,0,18,19,7,3,0,0,0,0,0,4,6,1,1,5,6,1,84,11,1596,1,17,FORD FOCUS,6,-1,0,-1
2021411125283,2021,411125283,2,9,0,6,6,6,6,0,0,8,0,0,0,0,4,1,5,6,1,26,6,1798,1,14,FORD FOCUS,9,E01025973,0,-1
2021401059142,2021,401059142,2,9,0,3,3,6,2,0,0,1,0,0,0,0,2,1,2,2,1,32,6,1997,2,6,FORD FOCUS,6,E01017508,0,-1
2021991091227,2021,991091227,2,9,0,18,19,8,4,0,0,0,5,0,1,0,3,1,5,6,2,34,6,1499,2,2,FORD FOCUS,3,-1,0,-1
2021522105529,2021,522105529,1,9,0,9,9,4,2,0,0,5,0,0,0,0,1,1,6,6,3,35,6,1753,2,14,FORD FOCUS,-1,-1,0,-1
2021010290981,2021,010290981,1,9,0,18,19,7,3,0,0,8,0,7,0,0,1,1,6,6,1,69,10,1796,1,21,FORD FOCUS,7,E01000791,0,-1
2021010319066,2021,010319066,1,9,0,14,14,5,1,0,0,8,0,0,0,0,4,9,6,6,2,29,6,1596,1,13,FORD FOCUS,6,E01001040,0,-1
2021010350173,2021,010350173,1,9,0,99,99,9,9,99,99,9,9,99,9,99,9,9,6,6,2,31,6,1798,1,10,FORD FOCUS,3,E01001311,0,-1
2021010341425,2021,010341425,1,9,0,14,14,5,1,0,0,1,0,0,0,0,1,1,3,7,2,44,7,1596,1,7,FORD FOCUS,2,E01003390,0,-1
2021520104097,2021,520104097,1,9,0,5,5,8,4,0,0,8,0,0,0,0,0,1,6,6,1,64,9,1753,2,18,FORD FOCUS,10,E01022118,0,-1
2021421078413,2021,421078413,1,9,0,18,19,1,5,0,0,4,0,0,1,0,1,1,6,6,1,40,7,1596,1,20,FORD FOCUS,6,E01021659,0,-1
2021231071623,2021,231071623,1,9,0,17,19,4,8,0,0,0,1,0,1,10,1,1,5,6,1,24,5,1753,2,19,FORD FOCUS,4,E01031291,0,-1
2021061099192,2021,061099192,2,9,0,3,3,3,8,0,0,1,0,0,0,0,3,1,2,2,1,32,6,999,1,3,FORD FOCUS,1,E01006040,0,-1
2021122100712,2021,122100712,1,9,0,9,9,7,5,0,0,6,0,0,0,0,1,1,6,6,2,61,9,999,1,2,FORD FOCUS,10,E01027700,0,-1
2021430013725,2021,430013725,1,9,0,18,19,4,8,0,0,2,0,0,0,0,1,1,6,6,1,49,8,1596,1,11,FORD FOCUS,-1,-1,0,-1
2021052100504,2021,052100504,2,9,0,4,4,7,2,0,0,1,0,0,0,0,1,1,6,6,2,31,6,1499,2,6,FORD FOCUS,5,E01006491,0,-1
2021552100507,2021,552100507,1,9,0,16,19,7,3,0,0,0,0,0,0,0,1,1,6,6,2,21,5,1596,1,16,FORD FOCUS,7,E01020486,0,-1
2021430507368,2021,430507368,1,9,0,18,19,3,7,0,0,3,1,0,1,0,4,1,6,6,1,45,7,1499,2,6,FORD FOCUS,8,E01032725,0,-1
2021041049444,2021,041049444,1,9,0,18,19,8,4,0,0,0,0,0,0,0,1,1,2,2,1,31,6,1596,1,16,FORD FOCUS,1,E01024906,0,-1
2021501111434,2021,501111434,1,9,0,9,9,1,7,0,0,2,0,0,0,0,3,1,6,6,2,51,8,1596,1,15,FORD FOCUS,3,E01015159,0,-1
2021430292759,2021,430292759,1,9,0,18,19,2,6,0,0,8,0,0,0,0,1,1,6,6,2,32,6,1596,1,16,FORD FOCUS,7,E01033500,0,-1
2021141046214,2021,141046214,1,9,0,14,14,6,2,0,0,0,0,0,0,0,4,1,5,6,1,46,8,1997,2,14,FORD FOCUS,3,E01007363,0,-1
2021070833800,2021,070833800,1,9,0,1,1,5,1,9,9,0,0,0,0,0,2,1,6,6,2,59,9,1997,2,15,FORD FOCUS,2,E01018564,0,-1
2021361066047,2021,361066047,1,9,0,3,3,5,1,0,0,4,0,0,0,0,1,1,6,6,1,56,9,2261,1,3,FORD FOCUS,3,E01018092,0,-1
2021041054780,2021,041054780,1,9,0,18,19,2,6,0,0,0,0,0,0,0,3,1,5,6,1,64,9,1596,1,10,FORD FOCUS,9,E01024901,0,-1
2021351033413,2021,351033413,1,9,0,18,19,1,5,0,0,0,0,0,0,0,4,1,6,6,1,82,11,999,1,6,FORD FOCUS,6,E01018030,0,-1
2021991031176,2021,991031176,2,9,0,18,19,1,5,0,0,0,0,11,0,0,1,1,6,6,1,20,4,1499,2,6,FORD FOCUS,9,-1,0,-1
2021111035143,2021,111035143,1,9,0,4,4,3,7,0,0,0,0,0,0,0,1,1,5,6,1,24,5,1560,2,10,FORD FOCUS,1,E01020907,0,-1
2021552100459,2021,552100459,2,9,0,3,3,1,5,0,0,4,0,0,0,0,2,1,6,6,1,39,7,999,1,2,FORD FOCUS,10,E01015434,0,-1
2021622100881,2021,622100881,2,9,0,2,2,0,0,0,0,0,0,0,0,0,2,1,6,6,3,-1,-1,1596,1,19,FORD FOCUS,-1,-1,0,-1
202131D127721,2021,31D127721,1,9,0,18,19,6,2,0,0,2,0,0,0,0,4,1,6,6,2,43,7,1798,1,11,FORD FOCUS,4,E01028164,0,-1
202163C066321,2021,63C066321,1,9,0,18,19,2,6,0,0,0,0,4,7,0,1,1,6,6,1,38,7,1499,2,5,FORD FOCUS,-1,-1,0,-1
2021371075565,2021,371075565,1,9,-1,-1,-1,-1,-1,-1,-1,0,-1,-1,-1,0,-1,1,5,6,2,37,7,1596,1,10,FORD FOCUS,4,E01030263,0,-1
2021201057011,2021,201057011,2,9,0,18,19,6,2,0,0,0,0,0,0,0,1,1,2,2,2,55,8,1596,1,7,FORD FOCUS,4,E01009238,0,-1
2021501028541,2021,501028541,2,9,0,18,19,7,3,0,0,0,1,0,7,0,2,1,6,6,1,27,6,1798,1,15,FORD FOCUS,7,E01018970,0,-1
2021070307147,2021,070307147,2,9,0,18,19,3,7,0,0,8,0,0,0,0,1,1,2,2,1,25,5,999,1,5,FORD FOCUS,2,E01012399,0,-1
2021991055003,2021,991055003,4,9,0,18,19,5,1,0,0,0,0,0,0,0,3,1,5,6,2,49,8,998,1,9,FORD FOCUS,7,-1,0,-1
2021371080436,2021,371080436,2,9,0,10,10,2,8,0,0,1,0,0,0,0,2,1,5,6,2,41,7,1997,2,17,FORD FOCUS,4,E01030113,0,-1
2021010346338,2021,010346338,1,9,0,17,19,1,5,0,0,8,0,0,0,0,1,1,6,6,1,41,7,999,1,0,FORD FOCUS,5,E01002143,0,-1
2021622100378,2021,622100378,1,9,0,18,19,8,4,0,0,1,0,0,0,0,1,1,6,6,1,36,7,1560,2,7,FORD FOCUS,10,W01000791,0,-1
2021010339962,2021,010339962,2,9,0,10,10,6,3,0,0,1,0,0,0,0,2,1,2,2,1,56,9,1997,2,6,FORD FOCUS,-1,-1,0,-1
2021031093430,2021,031093430,2,9,0,18,19,7,3,0,0,0,0,0,7,0,1,1,6,6,2,69,10,1596,1,8,FORD FOCUS,-1,-1,0,-1
2021430361438,2021,430361438,2,9,0,18,19,6,2,0,0,8,0,0,0,0,1,1,6,6,2,21,5,1596,1,15,FORD FOCUS,9,E01017672,0,-1
2021010308091,2021,010308091,1,9,0,6,6,1,1,1,1,7,0,0,0,0,1,1,1,1,1,39,7,1596,1,16,FORD FOCUS,4,E01001041,0,-1
2021031108782,2021,031108782,2,9,0,5,5,4,8,0,0,4,0,0,0,0,4,1,6,6,1,30,6,2521,1,12,FORD FOCUS,5,E01019182,0,-1
2021440373523,2021,440373523,2,9,0,4,4,7,3,0,0,0,0,0,0,0,2,1,1,1,1,52,8,999,1,2,FORD FOCUS,6,E01023155,0,-1
2021552101262,2021,552101262,2,9,0,18,19,3,7,0,0,8,0,0,0,0,4,1,2,2,1,28,6,1753,2,13,FORD FOCUS,7,E01020549,0,-1
2021522105528,2021,522105528,2,9,0,18,19,6,2,0,0,1,0,0,0,0,1,1,6,6,1,30,6,1560,2,13,FORD FOCUS,-1,-1,0,-1
2021351130964,2021,351130964,2,9,0,9,9,6,2,0,0,5,0,0,0,0,3,1,2,2,2,36,7,1596,1,12,FORD FOCUS,1,E01015609,0,-1
2021010325595,2021,010325595,2,9,0,18,19,7,3,0,0,1,0,4,0,0,3,1,6,6,1,45,7,1596,1,12,FORD FOCUS,1,E01000106,0,-1
2021501015504,2021,501015504,1,9,0,17,19,6,2,0,0,5,0,0,3,0,2,1,5,6,1,35,6,1388,1,16,FORD FOCUS,9,E01020239,0,-1
2021010296453,2021,010296453,2,9,0,99,99,9,9,0,0,1,0,0,0,0,9,9,6,6,3,-1,-1,1596,1,19,FORD FOCUS,-1,-1,0,-1
2021010347375,2021,010347375,1,9,0,99,99,9,9,99,99,9,9,99,9,99,1,9,6,6,2,28,6,1596,1,21,FORD FOCUS,4,E01003278,0,-1
202163C024321,2021,63C024321,1,9,0,17,19,1,6,0,0,8,0,0,0,0,1,1,6,6,1,31,6,1499,2,6,FORD FOCUS,5,W01000621,0,-1
2021531052443,2021,531052443,1,9,0,18,19,3,7,0,0,0,5,10,1,4,1,1,5,6,2,34,6,1596,1,17,FORD FOCUS,6,E01022261,0,-1
2021010319515,2021,010319515,2,9,0,99,99,9,9,99,99,9,9,99,9,99,1,9,6,6,3,-1,-1,1596,1,14,FORD FOCUS,3,E01002839,0,-1
2021010295694,2021,010295694,1,9,0,18,19,1,5,0,0,8,0,0,0,0,4,1,6,6,2,56,9,1596,1,14,FORD FOCUS,8,E01002322,0,-1
2021421062614,2021,421062614,2,9,0,16,19,6,7,0,0,0,5,0,0,0,4,1,2,2,1,34,6,1596,1,12,FORD FOCUS,3,E01021503,0,-1
2021440483987,2021,440483987,1,9,0,9,9,1,7,0,0,8,0,0,0,0,4,1,3,7,2,34,6,1560,2,8,FORD FOCUS,4,E01017233,0,-1
2021371026714,2021,371026714,1,9,0,13,13,4,8,0,0,0,0,0,0,0,4,1,6,6,1,46,8,1499,2,5,FORD FOCUS,5,E01030222,0,-1