collision_index,collision_year,collision_ref_no,vehicle_reference,vehicle_type,towing_and_articulation,vehicle_manoeuvre_historic,vehicle_manoeuvre,vehicle_direction_from,vehicle_direction_to,vehicle_location_restricted_lane_historic,vehicle_location_restricted_lane,junction_location,skidding_and_overturning,hit_object_in_carriageway,vehicle_leaving_carriageway,hit_object_off_carriageway,first_point_of_impact,vehicle_left_hand_drive,journey_purpose_of_driver_historic,journey_purpose_of_driver,sex_of_driver,age_of_driver,age_band_of_driver,engine_capacity_cc,propulsion_code,age_of_vehicle,generic_make_model,driver_imd_decile,lsoa_of_driver,escooter_flag,driver_distance_banding
2021201152030,2021,201152030,3,9,0,2,2,0,0,0,0,0,0,0,0,0,2,1,6,6,2,-1,-1,1499,2,0,FORD FOCUS,-1,-1,0,-1
2021991055003,2021,991055003,3,9,0,18,19,5,1,0,0,0,0,0,0,0,1,1,5,6,1,51,8,998,1,8,FORD FOCUS,4,-1,0,-1
2021041110294,2021,041110294,1,9,0,9,9,1,7,0,0,2,0,0,0,0,1,1,5,6,2,21,5,1999,1,9,FORD FOCUS,4,E01025113,0,-1
2021401024005,2021,401024005,1,9,0,5,5,3,7,0,0,0,0,0,0,0,1,1,6,6,1,32,6,1560,2,8,FORD FOCUS,4,E01017493,0,-1
202131B139321,2021,31B139321,1,9,0,10,10,5,3,0,0,8,0,0,0,0,2,1,6,6,1,33,6,1499,2,5,FORD FOCUS,9,E01028054,0,-1
2021052102769,2021,052102769,3,9,0,18,19,5,1,0,0,0,0,0,0,0,0,1,2,2,1,25,5,1499,2,1,FORD FOCUS,4,E01006570,0,-1
202134WNC3041,2021,34WNC3041,1,9,0,9,9,7,5,0,0,6,0,0,0,0,1,1,6,6,1,87,11,1753,2,12,FORD FOCUS,9,E01027303,0,-1
2021430434170,2021,430434170,1,9,0,11,11,7,3,0,0,1,0,0,0,0,2,1,6,6,2,33,6,999,1,4,FORD FOCUS,-1,-1,0,-1
2021430446436,2021,430446436,1,9,0,18,19,6,2,0,0,8,0,0,0,0,1,1,6,6,1,64,9,1796,1,16,FORD FOCUS,2,E01027241,0,-1
2021351130614,2021,351130614,1,9,0,18,19,8,4,0,0,8,0,0,0,0,1,1,6,6,2,46,8,999,1,6,FORD FOCUS,6,E01018076,0,-1
2021991050402,2021,991050402,2,9,0,18,19,3,7,0,0,8,0,0,0,0,4,1,6,6,1,62,9,1596,1,10,FORD FOCUS,2,-1,0,-1
2021010298432,2021,010298432,2,9,0,99,99,9,9,99,99,9,9,99,9,99,1,9,6,6,3,-1,-1,1596,1,7,FORD FOCUS,-1,-1,0,-1
2021371132918,2021,371132918,2,9,0,2,2,0,0,0,0,0,0,0,0,0,3,1,6,6,3,-1,-1,1596,1,14,FORD FOCUS,-1,-1,0,-1
2021111019825,2021,111019825,2,9,0,18,19,7,3,0,0,8,0,0,0,0,1,1,5,6,2,62,9,1499,2,3,FORD FOCUS,8,E01008808,0,-1
2021471018145,2021,471018145,1,9,0,18,19,3,7,0,0,1,1,0,1,0,1,1,2,2,1,36,7,1560,2,8,FORD FOCUS,5,E01032836,0,-1
2021440472802,2021,440472802,2,9,0,4,4,3,7,0,0,1,0,0,0,0,1,1,6,6,1,20,4,1388,1,14,FORD FOCUS,9,E01023076,0,-1
2021010299516,2021,010299516,1,9,0,17,19,3,2,0,0,6,0,11,3,10,1,1,1,1,1,20,4,1995,2,1,FORD FOCUS,1,E01001714,0,-1
2021061064831,2021,061064831,3,9,0,9,9,8,1,0,0,6,0,0,0,0,4,1,5,6,2,32,6,1999,1,7,FORD FOCUS,1,E01032921,0,-1
2021461107552,2021,461107552,2,9,0,16,19,8,5,5,5,0,1,0,0,0,2,1,6,6,1,31,6,999,1,2,FORD FOCUS,10,E01016145,0,-1
2021361115360,2021,361115360,1,9,0,18,19,6,5,0,0,0,2,0,0,0,1,1,6,6,2,71,10,1596,1,12,FORD FOCUS,8,E01026434,0,-1
2021201078996,2021,201078996,2,9,0,4,4,2,6,0,0,1,0,0,0,0,2,1,6,6,2,36,7,1596,1,13,FORD FOCUS,1,E01009384,0,-1
2021991055240,2021,991055240,1,9,0,18,19,2,6,0,0,0,0,0,0,0,1,1,6,6,2,40,7,1596,1,7,FORD FOCUS,3,-1,0,-1
2021231023677,2021,231023677,2,9,0,18,19,4,8,0,0,0,0,0,0,0,3,1,5,6,1,30,6,999,1,4,FORD FOCUS,8,E01031230,0,-1
2021010337123,2021,010337123,1,9,0,18,19,5,1,0,0,1,0,0,0,0,1,1,6,6,3,-1,-1,1596,1,19,FORD FOCUS,-1,-1,0,-1
202106K079693,2021,06K079693,1,9,0,18,19,2,6,0,0,8,0,0,0,0,1,1,6,6,1,31,6,1560,2,15,FORD FOCUS,4,E01005507,0,-1
2021461108163,2021,461108163,3,9,0,2,2,0,0,0,0,1,0,0,0,0,2,1,6,6,3,-1,-1,1999,1,9,FORD FOCUS,-1,-1,0,-1
2021451126362,2021,451126362,2,9,0,2,2,5,1,0,0,0,0,0,0,0,2,1,5,6,2,60,9,999,1,3,FORD FOCUS,6,E01013670,0,-1
2021221107658,2021,221107658,2,9,0,2,2,0,0,0,0,2,0,10,1,11,2,1,5,6,2,32,6,1596,1,20,FORD FOCUS,2,E01032311,0,-1
2021061078607,2021,061078607,3,9,-1,4,4,7,3,0,0,0,0,0,0,0,2,1,6,6,1,-1,-1,1596,1,8,FORD FOCUS,-1,-1,0,-1
2021221085013,2021,221085013,1,9,0,18,19,7,3,0,0,0,0,12,0,0,1,1,5,6,2,45,7,1560,2,9,FORD FOCUS,9,E01022429,0,-1
202163B077921,2021,63B077921,1,8,0,9,9,6,4,0,0,5,0,0,0,0,4,1,1,1,2,39,7,1560,2,7,FORD FOCUS,7,W01000523,0,-1
202154B422821,2021,54B422821,1,9,0,12,12,4,8,0,0,0,0,0,0,0,3,1,2,2,1,50,8,1997,2,6,FORD FOCUS,1,E01015545,0,-1
2021451074498,2021,451074498,1,9,0,18,19,5,1,0,0,0,0,0,0,0,1,1,5,6,1,37,7,999,1,6,FORD FOCUS,6,E01030311,0,-1
2021520102012,2021,520102012,2,9,0,18,19,4,8,0,0,8,0,0,0,0,1,1,6,6,1,39,7,1596,1,9,FORD FOCUS,-1,-1,0,-1
2021061144727,2021,061144727,2,9,0,4,4,3,7,0,0,1,0,0,0,0,2,1,6,6,1,22,5,1499,2,6,FORD FOCUS,9,E01005835,0,-1
2021371041599,2021,371041599,2,9,0,18,19,3,7,0,0,8,0,0,0,0,1,1,5,6,1,54,8,1560,2,12,FORD FOCUS,9,E01030148,0,-1
2021411079061,2021,411079061,1,9,0,4,4,5,1,0,0,0,0,0,0,0,2,1,6,6,1,23,5,1560,2,8,FORD FOCUS,7,E01017846,0,-1
2021552101410,2021,552101410,1,9,0,5,5,3,7,0,0,0,0,0,0,0,3,1,6,6,2,52,8,1596,1,15,FORD FOCUS,3,E01015359,0,-1
2021430227066,2021,430227066,1,9,0,9,9,3,1,0,0,8,0,0,0,0,4,1,6,6,1,34,6,1596,1,15,FORD FOCUS,4,E01002744,0,-1
2021440472615,2021,440472615,2,9,0,9,9,6,4,0,0,8,0,0,0,0,1,1,2,2,1,37,7,1753,2,15,FORD FOCUS,9,E01023170,0,-1
2021061035416,2021,061035416,1,9,0,10,10,4,2,0,0,1,0,0,0,0,3,1,5,6,1,29,6,999,1,1,FORD FOCUS,2,E01005951,0,-1
2021461064094,2021,461064094,3,9,0,2,2,5,1,0,0,0,0,0,0,0,2,1,6,6,1,57,9,1988,1,19,FORD FOCUS,4,E01024429,0,-1
2021061072904,2021,061072904,1,9,0,18,19,7,3,0,0,1,0,0,0,0,3,1,5,6,1,36,7,1596,1,13,FORD FOCUS,1,E01005092,0,-1
2021351093730,2021,351093730,1,9,0,9,9,3,1,0,0,6,0,0,0,0,1,1,6,6,1,55,8,1596,1,9,FORD FOCUS,8,E01018290,0,-1
2021010295550,2021,010295550,2,9,0,9,9,7,5,0,0,6,0,0,0,0,1,1,6,6,2,32,6,1596,1,15,FORD FOCUS,2,E01001118,0,-1
2021010322001,2021,010322001,1,9,0,18,19,3,7,0,0,1,0,0,0,0,1,1,6,6,1,23,5,1798,1,13,FORD FOCUS,-1,-1,0,-1
2021070247591,2021,070247591,1,9,0,18,19,2,6,0,0,0,0,0,0,0,1,1,6,6,2,30,6,1796,1,21,FORD FOCUS,3,E01018548,0,-1
2021061048020,2021,061048020,1,9,0,18,19,5,1,0,0,2,0,0,0,0,1,1,6,6,1,37,7,1999,1,15,FORD FOCUS,1,E01005081,0,-1
2021061101405,2021,061101405,2,9,0,18,19,5,1,0,0,1,0,0,0,0,4,1,6,6,1,33,6,1997,2,6,FORD FOCUS,2,E01005981,0,-1
2021302100727,2021,302100727,3,9,0,2,2,0,0,0,0,0,0,0,0,0,3,1,6,6,3,-1,-1,1560,2,13,FORD FOCUS,-1,-1,0,-1
2021421090297,2021,421090297,2,9,0,5,5,7,3,0,0,1,0,4,3,0,3,1,5,6,1,32,6,1997,2,8,FORD FOCUS,5,E01021422,0,-1
2021440091955,2021,440091955,2,9,0,17,19,3,7,0,0,1,0,0,2,11,3,1,6,6,1,18,4,1560,2,9,FORD FOCUS,9,E01022594,0,-1
2021070647015,2021,070647015,3,9,0,18,19,5,1,0,0,0,0,0,0,0,3,1,6,6,1,53,8,1596,1,13,FORD FOCUS,1,E01005219,0,-1
2021010314390,2021,010314390,2,9,0,18,19,8,4,0,0,8,0,0,0,0,1,1,2,2,2,57,9,1596,1,9,FORD FOCUS,3,E01000944,0,-1
2021041073750,2021,041073750,1,9,0,18,19,3,7,0,0,8,0,0,0,0,0,1,1,1,1,29,6,1560,2,9,FORD FOCUS,1,E01025042,0,-1
2021311105311,2021,311105311,2,9,0,18,19,3,7,0,0,0,0,0,0,0,2,1,6,6,1,47,8,1499,2,4,FORD FOCUS,2,E01013899,0,-1
2021070266168,2021,070266168,2,9,0,2,2,0,0,0,0,0,0,0,0,0,1,1,6,6,1,28,6,998,1,7,FORD FOCUS,4,E01012394,0,-1
2021131098717,2021,131098717,1,9,0,9,9,2,6,0,0,8,0,0,0,0,1,1,5,6,1,33,6,1560,2,8,FORD FOCUS,3,E01010847,0,-1
2021552100763,2021,552100763,1,9,0,18,19,7,3,0,0,1,0,0,3,0,1,1,6,6,2,52,8,1596,1,19,FORD FOCUS,8,E01020474,0,-1
2021141094078,2021,141094078,2,9,0,18,19,5,1,0,0,0,0,0,0,0,-1,1,6,6,3,-1,-1,1753,2,14,FORD FOCUS,-1,-1,0,-1
2021451068148,2021,451068148,1,9,0,9,9,3,5,0,0,8,0,0,0,0,1,1,1,1,1,23,5,1499,2,5,FORD FOCUS,-1,-1,0,-1
2021991059447,2021,991059447,2,9,0,18,19,7,4,0,0,1,0,0,0,0,3,1,5,6,1,39,7,1596,1,10,FORD FOCUS,7,-1,0,-1
2021552100458,2021,552100458,1,9,0,8,8,6,8,0,0,6,0,0,0,0,1,1,2,2,2,59,9,1596,1,14,FORD FOCUS,8,E01020515,0,-1
2021221118248,2021,221118248,1,9,0,7,7,1,3,0,0,3,1,10,7,1,1,1,5,6,1,25,5,1596,1,17,FORD FOCUS,1,E01014124,0,-1
2021451097236,2021,451097236,1,9,0,18,19,7,3,0,0,1,0,0,0,0,1,1,2,2,2,44,7,1596,1,12,FORD FOCUS,3,E01002595,0,-1
2021471065437,2021,471065437,1,9,0,18,19,6,2,0,0,8,1,0,0,0,4,1,5,6,1,34,6,1596,1,11,FORD FOCUS,6,E01003416,0,-1
2021421127073,2021,421127073,1,9,0,5,5,8,4,0,0,1,0,0,0,0,1,1,6,6,1,45,7,1596,1,11,FORD FOCUS,3,-1,0,-1
2021010321749,2021,010321749,1,9,0,7,7,8,3,0,0,1,0,0,0,0,0,1,6,6,1,33,6,1499,2,5,FORD FOCUS,-1,-1,0,-1
2021201146089,2021,201146089,2,9,0,18,19,3,7,0,0,1,0,0,0,0,1,1,6,6,1,-1,-1,1753,2,12,FORD FOCUS,3,E01009865,0,-1
2021161104196,2021,161104196,6,9,0,2,2,0,0,0,0,0,0,0,0,0,2,1,6,6,3,30,6,998,1,9,FORD FOCUS,-1,-1,0,-1
2021201064258,2021,201064258,2,9,0,3,3,3,7,0,0,1,0,0,0,0,2,1,6,6,2,36,7,998,1,9,FORD FOCUS,1,E01009141,0,-1
2021041132767,2021,041132767,1,9,0,5,5,3,7,0,0,1,0,0,1,0,0,1,5,6,1,45,7,999,1,1,FORD FOCUS,1,E01012724,0,-1
202131C049421,2021,31C049421,2,9,0,7,7,4,7,0,0,6,0,0,0,0,1,1,6,6,1,73,10,1798,1,17,FORD FOCUS,1,E01013865,0,-1
2021070885772,2021,070885772,2,9,0,4,4,3,5,0,0,1,0,0,0,0,1,1,6,6,2,44,7,1999,1,16,FORD FOCUS,10,W01000250,0,-1
2021010348478,2021,010348478,2,9,0,99,99,9,9,99,99,9,9,99,9,99,1,9,6,6,2,22,5,1596,1,16,FORD FOCUS,1,E01001772,0,-1
2021010316563,2021,010316563,1,9,0,5,5,1,5,0,0,6,0,0,0,0,3,1,6,6,2,44,7,1596,1,16,FORD FOCUS,2,E01001775,0,-1
202134NNC7271,2021,34NNC7271,1,9,0,18,19,5,1,0,0,0,0,0,0,0,1,1,1,1,1,32,6,999,1,1,FORD FOCUS,-1,-1,0,-1
2021052102238,2021,052102238,1,9,0,18,19,1,5,0,0,8,0,0,0,0,1,1,6,6,1,24,5,999,1,2,FORD FOCUS,7,E01006666,0,-1
2021201073165,2021,201073165,1,9,0,18,19,8,4,0,0,0,0,0,0,0,3,1,6,6,1,31,6,999,1,1,FORD FOCUS,6,E01009717,0,-1
2021010345125,2021,010345125,5,9,0,18,19,8,4,0,0,1,2,4,0,0,1,1,6,6,1,20,4,1560,2,7,FORD FOCUS,3,E01032574,0,-1
2021221111730,2021,221111730,2,9,0,13,13,4,8,0,0,8,0,0,0,0,1,1,2,2,1,50,8,1997,2,4,FORD FOCUS,7,E01028835,0,-1
2021610056021,2021,610056021,2,9,0,18,19,8,4,0,0,0,1,0,1,4,1,1,1,1,1,26,6,1560,2,7,FORD FOCUS,4,W01001415,0,-1
2021501097491,2021,501097491,1,9,0,18,19,3,7,0,0,0,0,0,0,0,0,1,6,6,2,77,11,1596,1,19,FORD FOCUS,4,E01019013,0,-1
2021161057913,2021,161057913,1,9,0,18,19,2,6,0,0,0,0,0,0,0,1,1,6,6,1,-1,-1,1596,1,17,FORD FOCUS,-1,-1,0,-1
2021522104691,2021,522104691,2,9,0,-1,-1,-1,-1,0,0,1,0,0,0,0,1,1,6,6,2,40,7,1596,1,16,FORD FOCUS,8,E01032077,0,-1
2021440286981,2021,440286981,2,9,0,18,19,5,1,0,0,1,0,0,0,0,1,1,3,7,1,41,7,1596,1,20,FORD FOCUS,10,E01023287,0,-1
2021461044651,2021,461044651,3,9,0,18,19,1,5,0,0,0,0,0,0,0,0,1,6,6,1,-1,-1,1560,2,9,FORD FOCUS,3,E01024717,0,-1
2021010309345,2021,010309345,1,9,0,9,9,3,1,0,0,8,0,0,0,0,1,1,6,6,2,59,9,1596,1,15,FORD FOCUS,3,E01004391,0,-1
2021451093802,2021,451093802,2,9,0,18,19,5,1,0,0,0,0,0,1,0,1,1,6,6,2,49,8,1999,1,11,FORD FOCUS,10,E01030462,0,-1
2021201113570,2021,201113570,1,9,0,18,19,6,2,0,0,1,0,0,0,0,1,1,3,7,1,49,8,1560,2,10,FORD FOCUS,2,E01009163,0,-1
2021320064750,2021,320064750,1,9,0,18,19,4,8,0,0,1,0,4,0,0,1,1,6,6,1,22,5,1999,1,9,FORD FOCUS,2,E01013907,0,-1
2021010307108,2021,010307108,1,9,0,99,99,9,9,99,99,9,9,99,9,99,9,9,2,2,2,30,6,999,1,3,FORD FOCUS,3,E01001449,0,-1
2021131112381,2021,131112381,1,9,0,7,7,1,7,0,0,6,0,0,0,0,1,1,1,1,2,34,6,1499,2,0,FORD FOCUS,2,E01011000,0,-1
2021231057627,2021,231057627,2,9,0,4,4,2,6,0,0,0,0,0,0,0,2,1,5,6,1,51,8,1995,2,1,FORD FOCUS,5,E01019870,0,-1
2021010318584,2021,010318584,1,9,0,9,9,2,7,0,0,8,0,0,0,0,1,1,6,6,2,37,7,999,1,5,FORD FOCUS,1,E01004710,0,-1
2021231115491,2021,231115491,2,9,0,18,19,6,2,0,0,8,0,0,0,0,1,1,6,6,1,34,6,999,1,6,FORD FOCUS,-1,-1,0,-1
2021201148116,2021,201148116,2,9,0,5,5,7,3,0,0,1,0,0,0,0,1,1,6,6,3,-1,-1,1596,1,12,FORD FOCUS,-1,-1,0,-1
2021411120889,2021,411120889,1,9,0,10,10,5,1,0,0,1,0,0,0,0,3,1,6,6,1,24,5,1596,1,6,FORD FOCUS,5,E01023535,0,-1
2021201070835,2021,201070835,2,9,0,18,19,3,7,0,0,0,0,0,0,0,2,1,5,6,2,42,7,998,1,8,FORD FOCUS,5,E01010418,0,-1
2021141083006,2021,141083006,1,9,0,3,3,5,1,0,0,1,0,0,0,0,2,1,5,6,1,46,8,998,1,9,FORD FOCUS,1,E01008060,0,-1
2021361117733,2021,361117733,4,9,0,18,19,6,2,0,0,0,0,0,0,0,1,1,5,6,1,33,6,1560,2,11,FORD FOCUS,9,E01026936,0,-1
2021131040242,2021,131040242,4,9,0,5,5,4,8,0,0,2,0,0,0,0,2,1,5,6,1,43,7,1560,2,8,FORD FOCUS,5,E01011178,0,-1
2021010313240,2021,010313240,1,9,0,18,19,5,1,0,0,1,0,0,0,0,1,1,6,6,1,43,7,998,1,7,FORD FOCUS,-1,-1,0,-1
2021010315579,2021,010315579,1,9,0,18,19,7,3,0,0,1,0,0,0,0,4,1,6,6,2,57,9,1596,1,20,FORD FOCUS,2,E01002530,0,-1
2021141087762,2021,141087762,2,9,0,9,9,7,5,0,0,6,0,0,0,0,3,1,2,2,1,46,8,1499,2,0,FORD FOCUS,2,E01007784,0,-1
2021010320374,2021,010320374,2,9,0,9,9,7,5,0,0,8,0,0,0,0,4,1,6,6,1,53,8,1997,2,14,FORD FOCUS,4,E01001037,0,-1
2021101028698,2021,101028698,2,9,0,8,8,7,3,0,0,1,0,0,0,0,2,1,5,6,2,68,10,1596,1,16,FORD FOCUS,10,E01008264,0,-1
2021010309083,2021,010309083,2,9,0,99,99,9,9,99,99,0,9,99,9,99,1,9,6,6,3,-1,-1,1596,1,17,FORD FOCUS,-1,-1,0,-1
2021010337502,2021,010337502,2,9,9,18,19,3,7,0,0,0,9,99,0,0,9,1,6,6,3,-1,-1,1596,1,17,FORD FOCUS,-1,-1,0,-1
2021010342775,2021,010342775,2,9,0,99,99,9,9,99,99,9,9,99,9,99,1,9,6,6,3,-1,-1,1753,2,16,FORD FOCUS,-1,-1,0,-1
2021101015702,2021,101015702,2,9,0,18,19,5,1,0,0,2,0,0,0,0,4,1,5,6,2,33,6,1999,1,5,FORD FOCUS,1,E01008756,0,-1
2021161106778,2021,161106778,1,9,0,18,19,5,1,0,0,0,0,0,0,0,1,1,5,6,1,33,6,1560,2,13,FORD FOCUS,10,E01013012,0,-1
2021440438510,2021,440438510,1,9,0,18,19,5,1,0,0,0,0,0,0,0,1,1,1,1,2,31,6,1499,2,5,FORD FOCUS,2,E01017363,0,-1
2021461112992,2021,461112992,1,9,0,18,19,5,1,0,0,1,0,1,7,0,1,1,5,6,1,78,11,999,1,5,FORD FOCUS,9,E01024183,0,-1
2021010336430,2021,010336430,4,9,0,18,19,3,7,0,0,3,0,0,0,0,1,1,6,6,2,44,7,1596,1,14,FORD FOCUS,8,E01001526,0,-1
2021122100907,2021,122100907,2,9,0,18,19,7,3,0,0,0,0,0,0,0,1,1,6,6,1,45,7,1753,2,14,FORD FOCUS,1,E01011337,0,-1
2021010323983,2021,010323983,1,9,0,17,19,3,8,0,0,1,0,0,0,0,2,1,2,2,1,29,6,1798,1,12,FORD FOCUS,2,E01033713,0,-1
2021052100094,2021,052100094,2,9,0,17,19,5,2,0,0,1,0,0,0,0,1,1,2,2,2,50,8,1499,2,5,FORD FOCUS,5,E01006833,0,-1
2021440195459,2021,440195459,1,9,0,13,13,1,3,0,0,7,0,0,0,0,0,1,6,6,1,22,5,999,1,3,FORD FOCUS,10,E01022557,0,-1
2021052101567,2021,052101567,2,9,0,18,19,2,6,0,0,8,0,0,0,0,1,1,6,6,2,30,6,1596,1,13,FORD FOCUS,1,E01006495,0,-1
2021522101786,2021,522101786,1,9,0,18,19,7,3,0,0,5,0,0,0,0,1,1,6,6,1,40,7,1560,2,9,FORD FOCUS,5,E01014592,0,-1
2021010297055,2021,010297055,2,9,0,99,99,9,9,99,99,9,9,99,9,99,1,9,6,6,3,-1,-1,1596,1,12,FORD FOCUS,2,E01001506,0,-1
2021201094526,2021,201094526,1,9,0,14,14,8,4,0,0,0,5,0,0,0,1,1,6,6,1,45,7,1499,2,5,FORD FOCUS,3,E01009392,0,-1
2021361091001,2021,361091001,2,9,0,9,9,2,7,0,0,2,0,0,0,0,4,1,6,6,1,53,8,1753,2,13,FORD FOCUS,6,E01026505,0,-1
2021122100962,2021,122100962,1,9,0,13,13,7,3,0,0,0,0,0,0,0,4,1,6,6,1,74,10,1498,1,4,FORD FOCUS,10,E01013340,0,-1
2021451091912,2021,451091912,2,9,0,18,19,5,1,0,0,0,0,0,0,0,1,1,1,1,1,43,7,1596,1,15,FORD FOCUS,5,E01030971,0,-1
2021451085497,2021,451085497,2,9,0,18,19,5,1,0,0,1,0,0,0,0,1,1,3,7,2,37,7,1596,1,16,FORD FOCUS,2,E01001078,0,-1
2021201118655,2021,201118655,2,9,0,9,9,1,7,0,0,8,0,0,0,0,1,1,6,6,3,-1,-1,998,1,7,FORD FOCUS,-1,-1,0,-1
2021201080335,2021,201080335,2,9,0,18,19,5,1,0,0,8,0,0,0,0,4,1,6,6,2,27,6,998,1,9,FORD FOCUS,3,E01010218,0,-1
2021471085928,2021,471085928,1,9,0,9,9,7,5,0,0,1,0,0,0,0,1,1,6,6,1,38,7,1560,2,17,FORD FOCUS,8,E01021027,0,-1
2021361030448,2021,361030448,1,9,0,9,9,5,3,0,0,1,0,0,0,0,1,1,5,6,1,91,11,1988,1,19,FORD FOCUS,3,E01018094,0,-1
2021010343605,2021,010343605,2,9,0,9,9,1,6,0,0,8,0,0,0,0,4,1,6,6,1,29,6,999,1,2,FORD FOCUS,8,E01021760,0,-1
2021010341705,2021,010341705,2,9,0,99,99,9,9,99,99,9,9,99,9,99,1,9,6,6,3,-1,-1,1596,1,6,FORD FOCUS,3,E01000090,0,-1
20211383A1008,2021,1383A1008,1,9,0,18,19,5,1,0,0,0,0,0,0,0,1,1,2,2,2,35,6,1596,1,10,FORD FOCUS,8,E01011021,0,-1
2021520102402,2021,520102402,1,9,0,18,19,1,5,0,0,0,0,0,7,4,1,1,6,6,2,75,10,1596,1,16,FORD FOCUS,5,E01029200,0,-1
2021041069886,2021,041069886,1,9,0,18,19,1,5,0,0,1,0,4,0,0,1,1,5,6,1,30,6,1596,1,16,FORD FOCUS,4,E01012604,0,-1
2021031057792,2021,031057792,2,9,0,18,19,8,4,0,0,0,0,0,0,0,3,1,2,2,1,27,6,1560,2,10,FORD FOCUS,2,E01019299,0,-1
2021320658760,2021,320658760,1,9,0,18,19,7,3,0,0,2,5,0,0,0,3,1,6,6,1,30,6,2521,1,11,FORD FOCUS,7,E01026240,0,-1
2021201149085,2021,201149085,1,9,0,7,7,5,7,0,0,6,0,0,0,0,1,1,1,1,1,39,7,1496,1,1,FORD FOCUS,9,E01009430,0,-1
2021471086416,2021,471086416,2,9,0,18,19,7,3,0,0,0,0,0,0,0,2,1,6,6,1,45,7,1753,2,13,FORD FOCUS,1,E01016885,0,-1
2021991025866,2021,991025866,2,9,0,9,9,3,1,0,0,1,0,0,0,0,2,1,5,6,2,30,6,1596,1,12,FORD FOCUS,1,-1,0,-1
202131B110221,2021,31B110221,2,9,0,18,19,8,4,0,0,0,0,0,7,10,1,1,6,6,2,81,11,1498,1,4,FORD FOCUS,10,E01027046,0,-1
2021461116643,2021,461116643,2,9,0,18,19,1,8,0,0,0,0,0,0,0,1,1,6,6,1,54,8,1499,2,4,FORD FOCUS,2,E01024685,0,-1
2021421031812,2021,421031812,1,9,0,9,9,7,3,0,0,8,0,0,0,0,4,1,5,6,2,30,6,1499,2,5,FORD FOCUS,2,E01001760,0,-1
2021440195337,2021,440195337,2,9,0,7,7,4,6,0,0,8,0,0,0,0,3,1,6,6,1,29,6,1560,2,8,FORD FOCUS,3,E01017189,0,-1
2021501073892,2021,501073892,2,9,0,18,19,8,4,0,0,8,0,0,8,10,4,1,2,2,2,34,6,1560,2,9,FORD FOCUS,10,E01019943,0,-1
2021231032002,2021,231032002,2,9,0,9,9,2,8,0,0,6,1,0,3,4,1,1,5,6,1,33,6,1560,2,10,FORD FOCUS,5,E01031133,0,-1
2021221089129,2021,221089129,1,9,0,18,19,8,4,0,0,0,0,0,0,0,1,1,5,6,1,55,8,1499,2,1,FORD FOCUS,10,E01028942,0,-1
2021320231485,2021,320231485,3,9,0,18,19,1,5,0,0,2,0,0,0,0,2,1,6,6,2,32,6,1560,2,8,FORD FOCUS,1,E01026149,0,-1
2021201035850,2021,201035850,1,9,0,2,2,-1,-1,0,0,0,0,0,0,0,0,1,3,7,2,39,7,1596,1,8,FORD FOCUS,1,E01009494,0,-1
2021451067590,2021,451067590,1,9,0,4,4,3,8,0,0,1,0,0,0,0,2,1,5,6,1,58,9,1753,2,13,FORD FOCUS,9,E01030477,0,-1
2021421075222,2021,421075222,2,9,0,18,19,8,5,0,0,8,0,0,0,0,1,1,6,6,1,54,8,998,1,8,FORD FOCUS,8,E01015894,0,-1
2021520200989,2021,520200989,1,9,0,18,19,6,2,0,0,0,1,0,1,1,4,1,6,6,1,46,8,1560,2,10,FORD FOCUS,4,E01029298,0,-1
2021320016748,2021,320016748,1,9,0,18,19,2,6,0,0,0,1,12,1,0,1,1,6,6,1,28,6,1753,2,14,FORD FOCUS,1,E01026109,0,-1
2021430429794,2021,430429794,1,9,0,9,9,6,4,0,0,6,0,0,0,0,1,1,6,6,1,18,4,998,1,9,FORD FOCUS,10,E01016621,0,-1
2021061120154,2021,061120154,1,9,0,9,9,1,2,0,0,8,0,0,0,0,1,1,6,6,1,60,9,1560,2,9,FORD FOCUS,5,E01005268,0,-1
2021161050231,2021,161050231,1,9,0,18,19,3,7,0,0,2,0,4,0,0,4,1,6,6,2,39,7,1596,1,15,FORD FOCUS,1,E01013278,0,-1
2021371045890,2021,371045890,1,9,0,18,19,1,5,0,0,0,5,0,1,0,1,1,2,2,1,49,8,1596,1,10,FORD FOCUS,10,E01024404,0,-1
2021411032945,2021,411032945,1,9,0,5,5,8,3,0,0,4,0,0,0,0,1,1,2,2,1,30,6,1499,2,4,FORD FOCUS,3,E01002303,0,-1
2021451027238,2021,451027238,1,9,0,18,19,8,4,0,0,0,0,0,0,0,1,1,5,6,1,32,6,1560,2,14,FORD FOCUS,6,E01030311,0,-1
2021451070207,2021,451070207,1,9,0,18,19,6,2,0,0,8,0,10,7,11,1,1,2,2,1,52,8,1560,2,10,FORD FOCUS,3,E01023107,0,-1
2021361056257,2021,361056257,2,9,0,18,19,3,7,0,0,8,0,0,0,0,3,1,5,6,2,28,6,1596,1,15,FORD FOCUS,6,E01026904,0,-1
2021421071673,2021,421071673,1,9,0,5,5,1,5,0,0,0,0,0,0,0,0,1,5,6,2,38,7,999,1,2,FORD FOCUS,-1,-1,0,-1
202163D094221,2021,63D094221,2,9,0,18,19,8,4,0,0,8,0,0,0,0,4,1,6,6,2,32,6,1560,2,7,FORD FOCUS,8,W01000472,0,-1