collision_index,collision_year,collision_ref_no,vehicle_reference,vehicle_type,towing_and_articulation,vehicle_manoeuvre_historic,vehicle_manoeuvre,vehicle_direction_from,vehicle_direction_to,vehicle_location_restricted_lane_historic,vehicle_location_restricted_lane,junction_location,skidding_and_overturning,hit_object_in_carriageway,vehicle_leaving_carriageway,hit_object_off_carriageway,first_point_of_impact,vehicle_left_hand_drive,journey_purpose_of_driver_historic,journey_purpose_of_driver,sex_of_driver,age_of_driver,age_band_of_driver,engine_capacity_cc,propulsion_code,age_of_vehicle,generic_make_model,driver_imd_decile,lsoa_of_driver,escooter_flag,driver_distance_banding
2021440472385,2021,440472385,1,9,0,14,14,6,2,0,0,8,0,0,0,0,4,1,6,6,2,39,7,1596,1,16,FORD FOCUS,8,E01017183,0,-1
2021471075076,2021,471075076,1,9,0,18,19,5,1,0,0,0,0,0,0,0,1,1,1,1,1,53,8,1997,2,6,FORD FOCUS,10,E01031580,0,-1
2021010331034,2021,010331034,1,9,0,18,19,7,3,0,0,1,0,0,1,0,1,1,6,6,3,21,5,1596,1,13,FORD FOCUS,-1,-1,0,-1
2021421019386,2021,421019386,2,9,0,18,19,4,8,0,0,8,0,0,0,0,1,1,6,6,1,78,11,999,1,1,FORD FOCUS,3,E01015988,0,-1
2021351119656,2021,351119656,1,9,0,14,14,3,7,0,0,1,1,0,7,2,1,1,6,6,1,36,7,1999,1,16,FORD FOCUS,2,E01015657,0,-1
2021010347989,2021,010347989,1,9,0,7,7,1,3,0,0,6,0,0,0,0,4,1,6,6,2,21,5,1596,1,13,FORD FOCUS,1,E01004304,0,-1
2021101024492,2021,101024492,1,9,0,18,19,1,5,0,0,0,0,0,0,0,1,1,6,6,1,18,4,998,1,9,FORD FOCUS,-1,-1,0,-1
2021411053976,2021,411053976,1,9,0,3,3,1,5,0,0,4,0,0,0,0,1,1,5,6,2,-1,-1,1596,1,16,FORD FOCUS,10,E01023498,0,-1
2021520102844,2021,520102844,1,9,0,18,19,8,4,0,0,8,0,0,0,0,2,1,6,6,1,43,7,1596,1,17,FORD FOCUS,9,E01029176,0,-1
2021461111867,2021,461111867,2,9,0,3,3,5,1,0,0,1,0,0,8,0,4,1,5,6,1,-1,-1,2261,1,1,FORD FOCUS,7,E01024388,0,-1
2021010337103,2021,010337103,1,9,0,99,99,9,9,99,99,9,9,99,9,99,1,9,6,6,1,25,5,1596,1,11,FORD FOCUS,2,E01004233,0,-1
2021231032083,2021,231032083,1,9,0,18,19,2,6,0,0,1,0,0,0,0,1,1,5,6,3,25,5,1596,1,12,FORD FOCUS,-1,-1,0,-1
2021041093576,2021,041093576,1,9,0,16,19,1,5,0,0,6,0,0,0,0,1,1,6,6,2,41,7,1596,1,19,FORD FOCUS,2,E01025092,0,-1
2021010303037,2021,010303037,1,9,0,99,99,9,9,99,99,9,9,99,9,99,1,9,2,2,1,54,8,1388,1,18,FORD FOCUS,4,E01001167,0,-1
2021471055248,2021,471055248,3,9,0,10,10,7,4,0,0,1,0,0,0,0,2,1,5,6,1,24,5,1596,1,15,FORD FOCUS,2,E01016153,0,-1
2021401070698,2021,401070698,1,9,0,18,19,2,6,0,0,0,0,0,0,0,1,1,6,6,3,-1,-1,1753,2,15,FORD FOCUS,-1,-1,0,-1
2021061028390,2021,061028390,2,9,0,2,2,0,0,0,0,1,0,0,0,0,1,1,5,6,1,43,7,1560,2,12,FORD FOCUS,1,E01004787,0,-1
2021161148917,2021,161148917,1,9,0,5,5,2,5,0,0,4,0,0,0,0,1,1,5,6,1,82,11,1596,1,10,FORD FOCUS,3,E01013198,0,-1
2021451115293,2021,451115293,1,9,0,18,19,1,5,0,0,1,0,0,1,11,1,1,5,6,1,48,8,1988,1,18,FORD FOCUS,6,E01020960,0,-1
2021010315714,2021,010315714,1,9,0,18,19,1,5,0,0,2,0,0,0,0,1,1,2,2,2,45,7,1596,1,12,FORD FOCUS,5,E01001099,0,-1
2021501095098,2021,501095098,1,9,0,18,19,1,5,0,0,0,0,0,0,0,1,1,5,6,2,32,6,1499,2,4,FORD FOCUS,10,E01023278,0,-1
2021302100937,2021,302100937,1,9,0,10,10,8,6,0,0,1,0,0,0,0,2,1,6,6,1,55,8,1560,2,7,FORD FOCUS,4,E01019844,0,-1
2021371018625,2021,371018625,2,9,0,18,19,1,5,0,0,0,0,0,0,0,1,1,5,6,2,38,7,998,1,8,FORD FOCUS,1,E01030291,0,-1
2021501133832,2021,501133832,3,9,0,3,3,5,1,0,0,0,0,0,0,0,2,1,5,6,2,45,7,1995,2,1,FORD FOCUS,6,E01020172,0,-1
2021101104351,2021,101104351,1,9,0,1,1,3,3,0,0,0,0,0,0,0,2,1,5,6,1,57,9,1560,2,14,FORD FOCUS,-1,-1,0,-1
2021010304755,2021,010304755,1,9,0,18,19,1,5,0,0,1,0,0,0,0,1,1,2,2,1,57,9,1499,2,4,FORD FOCUS,2,E01001726,0,-1
2021231100479,2021,231100479,2,9,0,18,19,7,3,0,0,8,0,0,0,0,3,1,6,6,1,-1,-1,1596,1,11,FORD FOCUS,1,E01009338,0,-1
2021547244221,2021,547244221,2,9,0,11,11,3,7,0,0,0,5,0,5,6,2,1,6,6,1,69,10,1560,2,7,FORD FOCUS,8,W01001500,0,-1
2021041097332,2021,041097332,2,9,0,2,2,0,0,0,0,0,0,0,0,0,1,1,6,6,3,-1,-1,1596,1,11,FORD FOCUS,-1,-1,0,-1
2021052102572,2021,052102572,2,9,0,18,19,7,3,0,0,1,0,0,1,11,1,1,6,6,1,38,7,1798,1,13,FORD FOCUS,1,E01006760,0,-1
2021201080335,2021,201080335,1,9,0,18,19,8,4,0,0,4,0,0,0,0,1,1,6,6,1,56,9,1499,2,3,FORD FOCUS,9,E01029368,0,-1
2021440117783,2021,440117783,1,9,0,9,9,4,2,0,0,8,0,0,0,0,3,1,3,7,1,47,8,1596,1,20,FORD FOCUS,10,E01022596,0,-1
2021440520544,2021,440520544,1,9,0,18,19,6,2,0,0,0,1,0,5,6,1,1,6,6,1,50,8,1596,1,15,FORD FOCUS,8,E01023478,0,-1
2021141073330,2021,141073330,1,9,0,18,19,3,7,0,0,0,1,0,1,0,1,1,6,6,1,26,6,1560,2,16,FORD FOCUS,-1,-1,0,-1
2021070578603,2021,070578603,1,9,0,5,5,3,7,0,0,8,0,0,0,0,1,1,6,6,1,27,6,1798,1,12,FORD FOCUS,9,E01018492,0,-1
2021361092076,2021,361092076,4,9,0,18,19,4,8,0,0,0,0,0,0,0,0,1,5,6,2,28,6,998,1,7,FORD FOCUS,6,E01026424,0,-1
2021401113782,2021,401113782,2,9,0,2,2,6,2,0,0,1,0,0,0,0,2,1,2,2,1,27,6,1499,2,5,FORD FOCUS,9,E01018181,0,-1
2021461130970,2021,461130970,6,9,0,18,19,4,8,0,0,0,0,0,0,0,3,1,6,6,1,61,9,999,1,2,FORD FOCUS,2,E01016064,0,-1
2021010287428,2021,010287428,3,9,0,9,9,5,3,0,0,1,0,0,0,0,1,1,6,6,1,19,4,1596,1,10,FORD FOCUS,3,E01003627,0,-1
2021010314301,2021,010314301,1,9,0,9,9,7,5,0,0,1,0,0,0,0,1,1,2,2,1,31,6,1596,1,17,FORD FOCUS,4,E01002549,0,-1
202134WNC4351,2021,34WNC4351,1,9,0,18,19,1,5,0,0,0,0,0,0,0,1,1,6,6,2,-1,-1,1498,1,5,FORD FOCUS,-1,-1,0,-1
2021070238920,2021,070238920,1,9,0,4,4,5,1,0,0,0,0,0,1,1,1,1,6,6,2,35,6,1560,2,9,FORD FOCUS,7,E01018742,0,-1
2021041033109,2021,041033109,2,9,0,18,19,7,3,0,0,0,0,0,0,0,3,1,2,2,2,37,7,998,1,7,FORD FOCUS,10,E01025403,0,-1
2021461120815,2021,461120815,3,9,0,18,19,4,8,0,0,1,0,0,0,0,2,1,5,6,1,40,7,1560,2,11,FORD FOCUS,3,E01024392,0,-1
2021010311925,2021,010311925,3,9,0,2,2,0,0,9,9,0,0,0,0,0,4,1,6,6,3,-1,-1,1999,1,3,FORD FOCUS,-1,-1,0,-1
2021231054057,2021,231054057,1,9,0,9,9,2,8,0,0,5,0,0,0,0,4,1,5,6,1,24,5,999,1,0,FORD FOCUS,3,E01031059,0,-1
2021111063045,2021,111063045,2,9,0,17,19,6,2,0,0,0,0,0,1,0,1,1,6,6,1,49,8,999,1,3,FORD FOCUS,2,E01020645,0,-1
2021141126551,2021,141126551,3,9,0,2,2,0,0,0,0,0,0,0,0,0,2,1,6,6,3,-1,-1,1596,1,12,FORD FOCUS,-1,-1,0,-1
2021010344897,2021,010344897,2,9,0,99,99,9,9,99,99,9,9,99,9,99,4,9,6,6,2,35,6,1596,1,15,FORD FOCUS,2,E01000028,0,-1
2021010351122,2021,010351122,1,9,0,18,19,2,6,0,0,0,0,0,0,0,1,1,6,6,1,63,9,1596,1,15,FORD FOCUS,5,E01002636,0,-1
2021531038596,2021,531038596,1,9,0,18,19,7,3,0,0,8,0,0,0,0,4,1,2,2,1,40,7,1560,2,8,FORD FOCUS,6,E01022400,0,-1
2021070726923,2021,070726923,1,9,0,18,19,7,3,0,0,0,0,0,0,0,0,1,2,2,2,67,10,998,1,7,FORD FOCUS,-1,-1,0,-1
2021451065460,2021,451065460,1,9,0,18,19,1,5,0,0,0,0,0,0,0,1,1,5,6,2,31,6,1560,2,10,FORD FOCUS,6,E01030426,0,-1
2021122100844,2021,122100844,2,9,0,1,1,9,9,99,99,0,0,0,0,0,2,1,6,6,2,28,6,999,1,1,FORD FOCUS,10,E01013060,0,-1
2021371062933,2021,371062933,1,9,0,18,19,3,7,0,0,1,0,0,0,0,1,1,1,1,1,24,5,1560,2,9,FORD FOCUS,8,E01030043,0,-1
2021461033816,2021,461033816,3,9,0,18,19,1,5,0,0,0,0,0,0,0,0,1,6,6,2,20,4,1997,2,15,FORD FOCUS,5,E01024537,0,-1
2021010295090,2021,010295090,1,9,0,9,9,7,5,0,0,5,0,0,0,0,4,1,6,6,1,32,6,1798,1,13,FORD FOCUS,3,E01004425,0,-1
2021471057560,2021,471057560,2,9,0,18,19,1,5,0,0,0,1,0,0,0,4,1,5,6,2,30,6,1596,1,11,FORD FOCUS,3,E01031830,0,-1
2021320413273,2021,320413273,1,9,0,18,19,2,6,0,0,0,0,0,0,0,1,1,6,6,1,29,6,1596,1,16,FORD FOCUS,3,E01026110,0,-1
2021430207423,2021,430207423,1,9,0,18,19,4,8,0,0,1,0,0,0,0,1,1,6,6,1,51,8,1753,2,14,FORD FOCUS,2,E01033499,0,-1
2021991026945,2021,991026945,1,9,0,18,19,5,1,0,0,0,0,0,0,0,0,1,6,6,2,38,7,1499,2,1,FORD FOCUS,9,-1,0,-1
2021010317558,2021,010317558,1,9,0,4,4,5,1,0,0,0,1,0,0,0,1,1,6,6,1,25,5,1988,1,19,FORD FOCUS,2,E01003303,0,-1
2021440035222,2021,440035222,1,9,0,17,19,7,4,0,0,0,1,0,1,4,1,1,4,7,2,29,6,1596,1,14,FORD FOCUS,6,E01023162,0,-1
2021440466907,2021,440466907,1,9,0,18,19,7,3,0,0,1,0,0,0,0,1,1,6,6,1,32,6,1999,1,11,FORD FOCUS,6,E01001212,0,-1
2021101056225,2021,101056225,1,9,0,18,19,3,7,0,0,0,0,0,0,0,4,1,6,6,1,70,10,1560,2,14,FORD FOCUS,8,E01008278,0,-1
2021522103651,2021,522103651,1,9,0,18,19,4,8,0,0,0,0,0,0,0,1,1,6,6,1,33,6,1596,1,13,FORD FOCUS,10,E01014979,0,-1
2021461083063,2021,461083063,2,9,0,18,19,1,5,0,0,1,0,0,0,0,1,1,6,6,2,27,6,1596,1,11,FORD FOCUS,2,E01016040,0,-1
2021101011435,2021,101011435,1,9,0,4,4,1,5,0,0,1,0,0,0,0,1,1,5,6,2,26,6,1560,2,7,FORD FOCUS,3,E01008769,0,-1
2021122100667,2021,122100667,1,9,0,18,19,3,7,0,0,0,0,0,0,0,1,1,1,1,1,24,5,1560,2,9,FORD FOCUS,3,E01013447,0,-1
2021010289580,2021,010289580,1,9,0,99,99,9,9,99,99,9,9,99,9,99,9,9,6,6,1,63,9,998,1,7,FORD FOCUS,4,E01002600,0,-1
2021461131253,2021,461131253,4,9,0,18,19,7,3,0,0,0,1,0,0,0,1,1,6,6,2,59,9,1596,1,21,FORD FOCUS,6,E01024079,0,-1
2021010292200,2021,010292200,1,9,0,99,99,9,9,99,99,0,9,99,9,99,9,9,6,6,1,41,7,1999,1,4,FORD FOCUS,4,E01001167,0,-1
202106M080073,2021,06M080073,1,9,0,4,4,2,6,0,0,0,0,0,0,0,4,1,6,6,1,70,10,999,1,3,FORD FOCUS,9,E01006091,0,-1
2021070895928,2021,070895928,2,9,0,3,3,5,1,0,0,1,0,0,0,0,2,1,2,2,2,54,8,1596,1,11,FORD FOCUS,1,E01006821,0,-1
2021451096644,2021,451096644,3,9,0,18,19,2,6,0,0,0,0,1,0,0,1,1,5,6,2,59,9,1798,1,12,FORD FOCUS,3,E01002559,0,-1
2021552101172,2021,552101172,1,9,0,18,19,2,6,0,0,0,0,0,0,0,1,1,6,6,1,47,8,1560,2,9,FORD FOCUS,2,E01015379,0,-1
2021522104288,2021,522104288,2,9,0,18,19,5,1,0,0,8,0,0,0,0,4,1,6,6,2,24,5,1560,2,11,FORD FOCUS,9,E01014473,0,-1
2021371080995,2021,371080995,2,9,0,18,19,1,5,0,0,0,0,0,0,0,4,1,1,1,2,26,6,1560,2,7,FORD FOCUS,-1,-1,0,-1
2021061098048,2021,061098048,1,9,0,18,19,3,7,0,0,0,0,0,0,0,1,1,5,6,1,34,6,1560,2,10,FORD FOCUS,3,E01005262,0,-1
2021061069573,2021,061069573,1,9,0,18,19,1,5,0,0,1,0,0,0,0,3,1,6,6,1,23,5,1560,2,8,FORD FOCUS,2,E01004959,0,-1
2021010290725,2021,010290725,2,9,0,99,99,9,9,0,0,0,0,0,0,0,3,9,6,6,3,-1,-1,1596,1,13,FORD FOCUS,2,E01004231,0,-1
2021302101354,2021,302101354,1,9,0,3,3,2,6,0,0,4,0,0,0,0,2,1,6,6,2,41,7,1596,1,10,FORD FOCUS,7,E01019448,0,-1
2021421091187,2021,421091187,2,9,0,16,19,5,7,0,0,0,0,0,0,0,1,1,6,6,1,41,7,1560,2,8,FORD FOCUS,5,E01021550,0,-1
2021161058756,2021,161058756,2,9,0,4,4,6,2,0,0,0,5,0,0,0,4,1,1,1,2,33,6,1999,1,13,FORD FOCUS,7,E01007483,0,-1
2021201073497,2021,201073497,1,9,0,9,9,1,7,0,0,6,0,0,0,0,1,1,6,6,1,66,10,1596,1,7,FORD FOCUS,2,E01010001,0,-1
2021010299518,2021,010299518,1,9,0,18,19,7,3,0,0,2,5,4,0,0,4,2,6,6,2,72,10,1596,1,15,FORD FOCUS,1,E01004198,0,-1
2021052100396,2021,052100396,1,9,0,18,19,1,5,0,0,1,0,0,0,0,1,1,6,6,1,28,6,1596,1,15,FORD FOCUS,5,E01007312,0,-1
2021141041948,2021,141041948,1,9,0,18,19,2,6,0,0,0,0,0,0,0,2,1,5,6,1,41,7,1499,2,4,FORD FOCUS,4,E01007653,0,-1
2021010315054,2021,010315054,1,9,0,99,99,9,9,99,99,9,9,99,9,99,9,9,6,6,2,26,6,999,1,6,FORD FOCUS,2,E01003349,0,-1
2021010312328,2021,010312328,2,9,0,7,7,1,3,0,0,1,0,0,0,0,4,1,6,6,1,28,6,999,1,5,FORD FOCUS,8,E01002265,0,-1
2021010289744,2021,010289744,1,9,0,7,7,3,6,4,4,5,0,0,0,0,4,1,6,6,1,43,7,1596,1,17,FORD FOCUS,4,E01000416,0,-1
2021501100002,2021,501100002,3,9,0,18,19,3,7,0,0,1,0,0,0,0,1,1,6,6,1,50,8,1753,2,15,FORD FOCUS,3,E01019051,0,-1
2021991079485,2021,991079485,3,9,0,2,2,0,0,0,0,0,0,0,0,0,3,1,5,6,1,22,5,999,1,4,FORD FOCUS,5,-1,0,-1
2021461094852,2021,461094852,2,9,0,18,19,1,5,0,0,0,0,0,0,0,4,1,6,6,1,-1,-1,1753,2,15,FORD FOCUS,3,E01024508,0,-1
2021351073502,2021,351073502,2,9,0,17,19,7,3,0,0,1,0,0,1,0,1,1,5,6,1,21,5,1596,1,18,FORD FOCUS,4,E01029950,0,-1
2021221089010,2021,221089010,2,9,0,18,19,4,8,0,0,0,0,0,0,0,1,1,5,6,1,31,6,1999,1,4,FORD FOCUS,8,E01022101,0,-1
202154A014121,2021,54A014121,1,9,0,18,19,3,7,0,0,1,0,0,0,0,1,1,6,6,3,-1,-1,1498,1,5,FORD FOCUS,-1,-1,0,-1
2021302101789,2021,302101789,1,9,0,18,19,6,2,0,0,0,0,0,0,0,1,1,6,6,1,-1,-1,1798,1,10,FORD FOCUS,6,E01011182,0,-1
2021201083449,2021,201083449,2,9,0,4,4,8,7,0,0,1,0,0,0,0,2,1,6,6,1,46,8,1596,1,10,FORD FOCUS,1,E01009351,0,-1
2021010292085,2021,010292085,2,9,0,99,99,9,9,99,99,9,9,99,9,99,1,9,6,6,3,-1,-1,1596,1,7,FORD FOCUS,-1,-1,0,-1
2021131056134,2021,131056134,1,9,0,4,4,5,1,0,0,0,0,0,0,0,2,1,1,1,1,26,6,999,1,5,FORD FOCUS,9,E01013429,0,-1
2021111121003,2021,111121003,1,9,0,13,13,3,7,0,0,0,0,0,0,0,1,1,6,6,3,30,6,1560,2,11,FORD FOCUS,-1,-1,0,-1
2021201138424,2021,201138424,2,9,0,7,7,8,2,0,0,6,0,0,0,0,1,1,6,6,2,25,5,1596,1,16,FORD FOCUS,1,E01010414,0,-1
2021122100891,2021,122100891,1,9,0,13,13,3,7,0,0,8,0,0,0,0,4,1,6,6,1,25,5,1596,1,16,FORD FOCUS,5,E01003547,0,-1
2021371130554,2021,371130554,1,9,0,16,19,6,1,0,0,0,0,0,0,0,1,1,5,6,1,64,9,1560,2,15,FORD FOCUS,1,E01030247,0,-1
2021010314193,2021,010314193,1,9,0,9,9,1,7,0,0,8,0,0,0,0,1,1,2,2,1,37,7,1596,1,15,FORD FOCUS,4,E01002642,0,-1
2021991035224,2021,991035224,2,9,0,18,19,7,2,0,0,0,0,0,0,0,3,1,2,2,1,34,6,1999,1,6,FORD FOCUS,5,-1,0,-1
2021010334974,2021,010334974,1,9,0,9,9,5,2,0,0,1,0,0,7,0,1,1,6,6,2,32,6,1499,2,0,FORD FOCUS,2,E01002786,0,-1
2021010291569,2021,010291569,2,9,0,99,99,9,9,99,99,9,9,99,9,99,1,9,6,6,3,-1,-1,999,1,4,FORD FOCUS,4,E01000476,0,-1
2021545113521,2021,545113521,1,9,0,9,9,3,1,0,0,1,0,0,0,0,3,1,6,6,2,29,6,1596,1,12,FORD FOCUS,5,E01032698,0,-1
2021131048494,2021,131048494,3,9,0,4,4,2,6,0,0,2,0,0,0,0,2,1,2,2,1,61,9,1596,1,8,FORD FOCUS,2,E01011128,0,-1
2021010288590,2021,010288590,1,9,0,2,2,0,0,0,0,0,0,0,0,0,1,1,6,6,3,-1,-1,1596,1,7,FORD FOCUS,-1,-1,0,-1
2021201085128,2021,201085128,3,9,0,5,5,6,1,0,0,1,0,0,0,0,0,1,6,6,1,18,4,1796,1,21,FORD FOCUS,6,E01026512,0,-1
2021010342726,2021,010342726,1,9,0,9,9,1,6,0,0,8,0,0,0,0,4,1,1,1,1,43,7,1596,1,16,FORD FOCUS,4,E01004061,0,-1
2021041036345,2021,041036345,1,9,0,18,19,7,3,0,0,0,0,0,0,0,1,1,5,6,1,34,6,1753,2,15,FORD FOCUS,4,E01025407,0,-1
2021421039455,2021,421039455,2,9,0,3,3,7,1,0,0,0,0,0,0,0,2,1,6,6,2,36,7,999,1,3,FORD FOCUS,8,E01021436,0,-1
2021320560239,2021,320560239,2,9,0,3,3,2,8,0,0,1,0,0,0,0,3,1,6,6,1,32,6,999,1,1,FORD FOCUS,7,E01033394,0,-1
2021302101477,2021,302101477,1,9,0,18,19,8,4,0,0,1,0,0,0,0,1,1,6,6,1,27,6,999,1,6,FORD FOCUS,6,E01019411,0,-1
2021010329970,2021,010329970,1,9,0,7,7,1,3,0,0,1,0,0,0,0,1,1,2,2,1,26,6,999,1,4,FORD FOCUS,3,E01003105,0,-1
2021622100367,2021,622100367,1,9,0,18,19,8,4,0,0,0,1,0,1,4,1,1,6,6,1,19,4,1997,2,15,FORD FOCUS,2,W01001255,0,-1
2021231066564,2021,231066564,2,9,0,18,19,4,8,0,0,0,0,0,0,0,4,1,6,6,1,43,7,1753,2,14,FORD FOCUS,2,E01031092,0,-1
2021451099413,2021,451099413,1,9,0,9,9,2,6,0,0,0,0,0,0,0,1,1,5,6,1,73,10,1596,1,11,FORD FOCUS,9,E01030991,0,-1
202131A098221,2021,31A098221,3,9,0,2,2,0,0,0,0,2,0,4,0,0,2,1,6,6,3,-1,-1,1596,1,10,FORD FOCUS,-1,-1,0,-1
2021411042269,2021,411042269,3,9,0,18,19,1,5,0,0,0,0,0,0,0,0,1,2,2,1,25,5,1596,1,8,FORD FOCUS,7,E01032577,0,-1
2021010323796,2021,010323796,1,9,0,15,15,3,7,0,0,1,0,0,0,0,4,1,6,6,2,22,5,1596,1,6,FORD FOCUS,2,E01000095,0,-1
2021010294262,2021,010294262,1,9,0,99,99,9,9,99,99,9,9,99,9,99,3,9,6,6,1,50,8,1596,1,15,FORD FOCUS,3,E01000800,0,-1
2021471101596,2021,471101596,1,9,0,18,19,6,3,0,0,0,0,0,0,0,1,1,3,7,2,37,7,1560,2,10,FORD FOCUS,8,E01031617,0,-1
2021010297086,2021,010297086,1,9,0,18,19,3,7,0,0,1,0,0,0,0,0,1,1,1,1,29,6,1499,2,5,FORD FOCUS,4,E01033589,0,-1
2021010305952,2021,010305952,2,9,0,99,99,9,9,99,99,9,9,99,9,99,1,9,6,6,3,-1,-1,1999,1,12,FORD FOCUS,-1,-1,0,-1
2021041117446,2021,041117446,1,9,0,18,19,7,3,0,0,0,0,0,4,6,1,1,2,2,1,34,6,1596,1,17,FORD FOCUS,4,E01019283,0,-1
2021010295979,2021,010295979,2,9,0,99,99,9,9,99,99,0,9,99,0,0,2,9,6,6,3,-1,-1,1596,1,12,FORD FOCUS,2,E01003238,0,-1
2021221037976,2021,221037976,1,9,0,17,19,7,4,0,0,0,5,0,2,10,4,1,5,6,1,75,10,998,1,9,FORD FOCUS,7,E01006580,0,-1
2021010341807,2021,010341807,1,9,0,9,9,3,1,0,0,5,0,0,0,0,3,1,2,2,1,47,8,1596,1,20,FORD FOCUS,-1,-1,0,-1
2021161073954,2021,161073954,1,9,0,18,19,8,4,0,0,1,0,0,0,0,1,1,6,6,2,-1,-1,999,1,6,FORD FOCUS,-1,-1,0,-1
2021461081075,2021,461081075,1,9,0,8,8,1,5,0,0,1,0,0,0,0,1,1,5,6,1,67,10,1560,2,8,FORD FOCUS,4,E01032823,0,-1
2021471024260,2021,471024260,1,9,0,4,4,2,1,0,0,0,0,0,0,0,1,1,6,6,1,-1,-1,1560,2,8,FORD FOCUS,-1,-1,0,-1
2021421051545,2021,421051545,1,9,0,15,15,3,7,0,0,0,0,0,0,0,1,1,5,6,1,21,5,1753,2,17,FORD FOCUS,6,E01021907,0,-1
2021461022107,2021,461022107,1,9,0,4,4,1,5,0,0,0,1,0,0,0,1,1,2,2,2,43,7,1596,1,18,FORD FOCUS,10,E01032809,0,-1
2021031092026,2021,031092026,1,9,0,18,19,1,5,0,0,0,0,0,0,0,1,1,5,6,1,57,9,1753,2,18,FORD FOCUS,6,E01019335,0,-1
2021010340749,2021,010340749,2,9,0,99,99,9,9,0,0,8,0,0,0,0,9,9,6,6,1,50,8,1560,2,9,FORD FOCUS,9,E01002286,0,-1
2021231127085,2021,231127085,1,9,0,9,9,1,7,0,0,5,0,0,0,0,1,1,5,6,1,65,9,1596,1,14,FORD FOCUS,7,E01031334,0,-1
2021201107785,2021,201107785,1,9,0,5,5,5,1,9,9,0,0,0,0,0,1,1,6,6,1,66,10,1753,2,14,FORD FOCUS,1,E01010433,0,-1
2021131101944,2021,131101944,1,9,0,-1,-1,-1,-1,-1,-1,0,-1,-1,-1,-1,-1,1,6,6,3,-1,-1,1560,2,11,FORD FOCUS,1,E01010606,0,-1
202131A091421,2021,31A091421,2,9,0,9,9,2,8,0,0,6,0,0,0,0,1,1,6,6,1,40,7,1596,1,13,FORD FOCUS,2,E01028274,0,-1
2021131041240,2021,131041240,1,9,0,5,5,7,3,0,0,6,0,0,1,0,1,1,5,6,1,50,8,1999,1,6,FORD FOCUS,5,E01011602,0,-1
2021041052698,2021,041052698,3,9,0,4,4,1,5,0,0,8,0,0,0,0,2,2,5,6,2,32,6,1997,2,4,FORD FOCUS,8,E01025437,0,-1
2021451069243,2021,451069243,3,9,0,2,2,0,0,0,0,2,0,0,0,0,3,1,6,6,3,-1,-1,1596,1,14,FORD FOCUS,-1,-1,0,-1
2021461037628,2021,461037628,4,9,0,2,2,0,0,0,0,0,0,0,0,0,2,1,6,6,1,35,6,1997,2,13,FORD FOCUS,6,E01016113,0,-1
2021440245215,2021,440245215,2,9,0,18,19,1,5,0,0,1,0,0,0,0,1,1,6,6,2,46,8,1560,2,9,FORD FOCUS,2,E01017165,0,-1
2021552100892,2021,552100892,4,9,0,9,9,4,2,0,0,5,0,0,0,0,0,1,6,6,2,66,10,1995,2,1,FORD FOCUS,7,E01029178,0,-1
2021010292507,2021,010292507,2,9,0,9,9,3,2,0,0,2,0,0,0,0,1,1,6,6,1,40,7,1596,1,19,FORD FOCUS,1,E01001838,0,-1
2021061056438,2021,061056438,2,9,0,7,7,4,8,0,0,4,0,0,0,0,2,1,2,2,1,44,7,1596,1,18,FORD FOCUS,8,E01006130,0,-1
2021010339330,2021,010339330,2,9,0,18,19,5,1,0,0,0,0,0,0,0,1,1,6,6,1,23,5,1596,1,14,FORD FOCUS,1,E01015841,0,-1
2021201091317,2021,201091317,2,9,0,9,9,8,6,0,0,5,0,0,0,0,1,1,6,6,1,24,5,999,1,6,FORD FOCUS,2,E01010065,0,-1
2021131048130,2021,131048130,1,9,0,18,19,1,1,0,0,0,0,0,0,0,3,1,1,1,1,39,7,1560,2,7,FORD FOCUS,5,E01012544,0,-1
2021122100396,2021,122100396,2,9,0,9,9,7,3,0,0,1,0,0,0,0,0,1,6,6,1,39,7,1596,1,17,FORD FOCUS,10,E01013402,0,-1
2021010288048,2021,010288048,1,9,0,16,19,5,1,9,9,3,0,0,7,10,1,1,6,6,2,49,8,1499,2,5,FORD FOCUS,6,E01002614,0,-1
2021421034336,2021,421034336,2,9,0,7,7,7,3,0,0,1,0,0,0,0,1,1,6,6,1,20,4,999,1,6,FORD FOCUS,-1,-1,0,-1
2021351020877,2021,351020877,2,9,0,18,19,0,0,0,0,0,0,0,0,0,2,1,2,2,2,48,8,1596,1,14,FORD FOCUS,5,E01018214,0,-1
2021010308283,2021,010308283,2,9,0,99,99,9,9,99,99,9,9,99,9,99,9,9,6,6,1,-1,-1,1496,1,2,FORD FOCUS,7,E01001405,0,-1
2021052101207,2021,052101207,2,9,0,18,19,5,1,0,0,1,0,0,0,0,4,1,6,6,1,25,5,999,1,7,FORD FOCUS,2,E01032510,0,-1
2021361095554,2021,361095554,1,9,0,9,9,2,6,0,0,1,0,0,0,0,1,1,6,6,1,30,6,1596,1,13,FORD FOCUS,7,E01030243,0,-1
2021461071189,2021,461071189,1,9,0,9,9,3,1,0,0,0,0,0,0,0,1,1,6,6,1,43,7,1596,1,13,FORD FOCUS,8,E01024780,0,-1
2021411098743,2021,411098743,1,9,0,18,19,7,3,0,0,1,0,4,0,0,1,1,5,6,1,18,4,1596,1,7,FORD FOCUS,9,E01023831,0,-1