collision_index,collision_year,collision_ref_no,vehicle_reference,vehicle_type,towing_and_articulation,vehicle_manoeuvre_historic,vehicle_manoeuvre,vehicle_direction_from,vehicle_direction_to,vehicle_location_restricted_lane_historic,vehicle_location_restricted_lane,junction_location,skidding_and_overturning,hit_object_in_carriageway,vehicle_leaving_carriageway,hit_object_off_carriageway,first_point_of_impact,vehicle_left_hand_drive,journey_purpose_of_driver_historic,journey_purpose_of_driver,sex_of_driver,age_of_driver,age_band_of_driver,engine_capacity_cc,propulsion_code,age_of_vehicle,generic_make_model,driver_imd_decile,lsoa_of_driver,escooter_flag,driver_distance_banding
2021320645877,2021,320645877,1,9,0,18,19,6,2,0,0,0,0,0,0,0,1,1,6,6,1,59,9,1596,1,14,FORD FOCUS,2,E01026170,0,-1
2021231095593,2021,231095593,2,9,0,18,19,5,1,0,0,8,0,0,0,0,4,1,2,2,2,54,8,999,1,0,FORD FOCUS,9,E01031328,0,-1
2021522102789,2021,522102789,1,9,0,18,19,2,6,0,0,1,0,0,0,0,1,1,6,6,2,29,6,1596,1,15,FORD FOCUS,3,E01014941,0,-1
2021430544391,2021,430544391,2,9,0,2,2,0,0,0,0,0,0,0,0,0,2,1,6,6,3,-1,-1,1560,2,10,FORD FOCUS,-1,-1,0,-1
2021010287527,2021,010287527,2,9,0,18,19,8,4,0,0,8,0,0,0,0,3,2,6,6,1,31,6,999,1,5,FORD FOCUS,-1,-1,0,-1
2021010319506,2021,010319506,1,9,0,99,99,9,9,99,99,9,9,99,9,99,1,9,6,6,2,69,10,1496,1,2,FORD FOCUS,9,E01000199,0,-1
2021361022194,2021,361022194,1,9,0,18,19,7,3,0,0,8,0,0,0,0,3,1,5,6,2,64,9,1560,2,8,FORD FOCUS,5,E01026760,0,-1
2021061105326,2021,061105326,1,9,0,16,19,5,1,0,0,0,0,0,0,0,1,1,2,2,1,65,9,1499,2,5,FORD FOCUS,3,E01005332,0,-1
2021421077532,2021,421077532,3,9,0,3,3,2,6,0,0,1,0,0,0,0,1,1,6,6,1,36,7,998,1,9,FORD FOCUS,-1,-1,0,-1
2021552101129,2021,552101129,2,9,0,3,3,8,4,0,0,0,0,0,0,0,2,1,6,6,2,54,8,1596,1,19,FORD FOCUS,9,E01015360,0,-1
2021451064745,2021,451064745,1,9,0,18,19,3,7,0,0,1,0,0,1,0,1,1,6,6,1,47,8,1596,1,17,FORD FOCUS,4,E01030914,0,-1
2021061041467,2021,061041467,3,9,0,3,3,3,7,0,0,0,0,0,0,0,2,1,6,6,3,-1,-1,1499,2,6,FORD FOCUS,-1,-1,0,-1
2021201077731,2021,201077731,1,9,0,1,1,5,7,0,0,0,0,10,5,7,1,1,2,2,1,51,8,1560,2,9,FORD FOCUS,4,E01009224,0,-1
2021461022324,2021,461022324,4,9,0,2,2,0,0,0,0,0,0,0,0,0,2,1,6,6,1,-1,-1,1997,2,13,FORD FOCUS,1,E01024666,0,-1
2021471111311,2021,471111311,1,9,0,18,19,1,4,0,0,0,5,4,0,0,4,1,5,6,2,51,8,1596,1,20,FORD FOCUS,8,E01031814,0,-1
2021010302440,2021,010302440,1,9,0,1,1,3,7,0,0,0,0,0,1,0,2,1,6,6,1,54,8,1496,1,2,FORD FOCUS,5,E01002319,0,-1
2021010288323,2021,010288323,1,9,0,4,4,1,5,0,0,2,0,0,0,0,0,1,1,1,1,39,7,1753,2,13,FORD FOCUS,5,E01003345,0,-1
2021201149028,2021,201149028,2,9,0,2,2,0,0,0,0,0,0,0,0,0,2,1,5,6,2,30,6,1499,2,7,FORD FOCUS,2,E01010021,0,-1
2021131056121,2021,131056121,1,9,0,18,19,5,1,0,0,1,2,0,0,0,1,1,6,6,1,52,8,1499,2,3,FORD FOCUS,2,E01004907,0,-1
2021361144492,2021,361144492,1,9,0,18,19,4,8,0,0,2,0,0,0,0,1,1,5,6,1,57,9,1596,1,20,FORD FOCUS,4,E01026790,0,-1
2021411032945,2021,411032945,2,9,0,5,5,7,3,0,0,4,0,0,0,0,2,1,6,6,2,31,6,1596,1,11,FORD FOCUS,8,E01023541,0,-1
2021010296789,2021,010296789,1,9,0,18,19,5,1,0,0,0,0,0,0,0,1,1,6,6,1,65,9,1596,1,12,FORD FOCUS,5,E01001473,0,-1
2021461122335,2021,461122335,1,9,0,5,5,3,7,0,0,8,0,0,0,0,1,1,5,6,1,63,9,1560,2,7,FORD FOCUS,4,E01024841,0,-1
2021221110989,2021,221110989,1,9,0,18,19,6,2,0,0,0,0,0,0,0,3,1,5,6,1,28,6,1999,1,13,FORD FOCUS,2,E01032240,0,-1
2021010318838,2021,010318838,1,9,0,18,19,5,1,99,99,0,9,0,0,0,2,1,6,6,2,52,8,1596,1,19,FORD FOCUS,8,E01002289,0,-1
2021552100275,2021,552100275,1,9,0,18,19,5,1,0,0,0,2,0,7,10,1,1,6,6,1,32,6,1388,1,15,FORD FOCUS,-1,-1,0,-1
2021991083810,2021,991083810,1,9,0,18,19,7,4,0,0,1,0,0,0,0,1,1,5,6,2,41,7,1499,2,4,FORD FOCUS,2,-1,0,-1
2021010303493,2021,010303493,2,9,0,99,99,9,9,99,99,9,9,99,9,99,1,9,6,6,1,-1,-1,1596,1,8,FORD FOCUS,-1,-1,0,-1
2021421056523,2021,421056523,2,9,0,16,19,6,2,0,0,0,0,0,0,0,3,1,6,6,1,34,6,1596,1,14,FORD FOCUS,9,E01021560,0,-1
2021471082839,2021,471082839,2,9,0,18,19,6,2,0,0,0,0,0,0,0,3,1,6,6,1,24,5,1560,2,11,FORD FOCUS,4,E01031344,0,-1
2021540131721,2021,540131721,2,9,0,18,19,6,2,0,0,0,0,0,0,0,3,1,6,6,1,34,6,1596,1,17,FORD FOCUS,2,E01031981,0,-1
2021320278587,2021,320278587,1,9,0,5,5,7,3,0,0,0,0,0,0,0,1,1,6,6,1,54,8,999,1,5,FORD FOCUS,10,E01026395,0,-1
2021461110904,2021,461110904,1,9,0,18,19,1,5,0,0,0,0,0,0,0,1,1,6,6,1,-1,-1,1560,2,8,FORD FOCUS,-1,-1,0,-1
2021302100277,2021,302100277,1,9,0,18,19,2,6,0,0,2,0,0,3,11,1,1,2,2,1,53,8,999,1,3,FORD FOCUS,5,E01013506,0,-1
2021421100876,2021,421100876,1,9,0,5,5,5,7,0,0,4,0,0,0,0,3,1,5,6,1,26,6,999,1,6,FORD FOCUS,8,E01021340,0,-1
2021221103642,2021,221103642,1,9,2,13,13,7,3,0,0,0,2,0,2,10,4,1,5,6,1,34,6,1596,1,9,FORD FOCUS,1,E01009397,0,-1
2021010320682,2021,010320682,3,9,0,2,2,0,0,0,0,0,0,0,0,0,1,1,6,6,3,-1,-1,1596,1,20,FORD FOCUS,-1,-1,0,-1
2021010345735,2021,010345735,1,9,0,9,9,3,8,0,0,1,0,0,0,0,2,1,2,2,2,44,7,1798,1,15,FORD FOCUS,3,E01001466,0,-1
2021451030672,2021,451030672,3,9,0,18,19,5,1,0,0,0,0,0,0,0,2,1,2,2,1,46,8,1560,2,11,FORD FOCUS,6,E01030600,0,-1
2021421079581,2021,421079581,1,9,0,5,5,7,5,0,0,1,0,0,0,0,0,1,6,6,3,-1,-1,1596,1,18,FORD FOCUS,-1,-1,0,-1
2021421023206,2021,421023206,1,9,0,18,19,3,3,9,9,0,1,0,2,0,1,1,2,2,1,23,5,1596,1,22,FORD FOCUS,5,E01015949,0,-1
2021440423424,2021,440423424,1,9,0,9,9,3,1,0,0,8,0,0,0,0,1,1,6,6,1,63,9,1596,1,18,FORD FOCUS,6,E01017361,0,-1
202106A079344,2021,06A079344,2,9,0,18,19,5,1,0,0,2,0,0,0,0,4,1,6,6,1,44,7,999,1,4,FORD FOCUS,1,E01006306,0,-1
2021131125020,2021,131125020,1,9,0,18,19,5,1,0,0,0,0,0,0,0,3,1,5,6,2,34,6,999,1,1,FORD FOCUS,5,E01011787,0,-1
2021061098461,2021,061098461,1,9,0,18,19,3,7,0,0,0,0,0,0,0,1,1,2,2,1,20,4,1596,1,12,FORD FOCUS,1,E01005725,0,-1
2021010289328,2021,010289328,2,9,0,99,99,9,9,99,99,9,9,99,9,99,1,9,6,6,1,20,4,1596,1,12,FORD FOCUS,4,E01003448,0,-1
2021010302230,2021,010302230,2,9,0,2,2,0,0,0,0,0,0,0,7,11,1,1,6,6,3,-1,-1,1798,1,11,FORD FOCUS,-1,-1,0,-1
2021501061583,2021,501061583,1,9,0,4,4,2,6,0,0,0,0,0,0,0,1,1,6,6,1,57,9,1596,1,15,FORD FOCUS,7,E01020193,0,-1
2021010330008,2021,010330008,2,9,0,18,19,3,7,99,99,9,9,0,0,0,1,1,6,6,1,38,7,1596,1,13,FORD FOCUS,2,E01003735,0,-1
2021440025093,2021,440025093,1,9,0,16,19,1,3,0,0,0,1,0,8,3,1,1,1,1,2,29,6,1499,2,6,FORD FOCUS,-1,-1,0,-1
2021231102253,2021,231102253,1,9,0,18,19,8,4,0,0,4,0,0,0,0,4,1,5,6,2,48,8,1560,2,7,FORD FOCUS,7,E01031324,0,-1
2021010298062,2021,010298062,2,9,0,7,7,3,5,0,0,6,0,0,0,0,3,1,1,1,1,50,8,1596,1,16,FORD FOCUS,4,E01003118,0,-1
2021451063496,2021,451063496,1,9,0,18,19,7,3,0,0,1,0,0,0,0,1,1,6,6,3,30,6,999,1,1,FORD FOCUS,-1,-1,0,-1
202131A019421,2021,31A019421,1,9,0,6,6,7,7,0,0,8,0,0,0,0,1,1,6,6,2,42,7,1560,2,9,FORD FOCUS,6,E01028236,0,-1
2021161077170,2021,161077170,2,9,0,9,9,5,3,0,0,5,0,0,0,0,1,1,5,6,1,48,8,1560,2,9,FORD FOCUS,5,E01027789,0,-1
2021531104202,2021,531104202,1,9,0,18,19,3,7,0,0,0,0,0,0,0,3,1,5,6,1,18,4,1596,1,13,FORD FOCUS,8,E01022437,0,-1
2021010334490,2021,010334490,2,9,0,5,5,8,4,0,0,2,0,0,0,0,0,1,3,7,2,31,6,1596,1,10,FORD FOCUS,-1,-1,0,-1
2021201149722,2021,201149722,2,9,0,4,4,7,3,0,0,1,0,0,0,0,2,1,6,6,2,46,8,1560,2,7,FORD FOCUS,2,E01010362,0,-1
2021010289098,2021,010289098,1,9,0,9,9,5,4,0,0,8,0,0,0,0,1,1,1,1,2,62,9,1596,1,19,FORD FOCUS,4,E01004142,0,-1
2021041035151,2021,041035151,1,9,0,18,19,1,5,0,0,8,0,0,0,0,4,1,5,6,1,47,8,1499,2,5,FORD FOCUS,9,E01024966,0,-1
2021141079235,2021,141079235,2,9,0,18,19,2,6,0,0,0,0,0,0,0,3,1,5,6,1,37,7,1999,1,7,FORD FOCUS,8,E01028808,0,-1
202134NNC3721,2021,34NNC3721,1,9,0,18,19,8,4,0,0,0,0,0,1,0,1,1,6,6,1,22,5,1999,1,4,FORD FOCUS,7,E01027095,0,-1
2021010345125,2021,010345125,4,9,0,2,2,0,0,0,0,1,0,4,0,0,2,1,6,6,3,-1,-1,1496,1,2,FORD FOCUS,-1,-1,0,-1
2021461053240,2021,461053240,1,9,0,9,9,3,1,0,0,1,0,0,0,0,1,1,6,6,3,-1,-1,1988,1,18,FORD FOCUS,-1,-1,0,-1
2021461143718,2021,461143718,3,9,0,2,2,0,0,0,0,1,0,0,0,0,2,1,5,6,3,-1,-1,999,1,6,FORD FOCUS,-1,-1,0,-1
2021010344768,2021,010344768,2,9,0,18,19,7,3,0,0,0,0,0,0,0,3,1,2,2,1,60,9,1596,1,10,FORD FOCUS,2,E01033151,0,-1
2021501118293,2021,501118293,2,9,0,2,2,3,7,0,0,0,0,0,0,0,2,1,6,6,1,58,9,1560,2,7,FORD FOCUS,8,E01015211,0,-1
2021471130280,2021,471130280,2,9,0,5,5,7,3,0,0,8,0,0,0,0,2,1,5,6,2,35,6,1999,1,13,FORD FOCUS,-1,-1,0,-1
2021361101918,2021,361101918,1,9,0,18,19,1,5,0,0,1,0,0,1,0,1,1,5,6,1,35,6,998,1,7,FORD FOCUS,5,E01026523,0,-1
2021201138795,2021,201138795,1,9,0,9,9,4,2,0,0,5,0,0,0,0,1,1,6,6,1,27,6,1560,2,10,FORD FOCUS,1,E01032889,0,-1
2021351039594,2021,351039594,1,9,0,5,5,5,3,0,0,8,0,0,0,0,1,1,2,2,1,64,9,999,1,2,FORD FOCUS,10,E01018198,0,-1
2021010303506,2021,010303506,2,9,0,3,3,5,1,0,0,1,0,0,7,0,2,1,6,6,1,39,7,1988,1,18,FORD FOCUS,4,E01021809,0,-1
2021371034762,2021,371034762,2,9,0,3,3,0,0,0,0,0,0,0,0,0,2,1,3,7,2,44,7,1596,1,13,FORD FOCUS,2,E01030031,0,-1
2021231030947,2021,231030947,2,9,0,2,2,0,0,0,0,0,0,4,0,0,2,1,5,6,2,42,7,1560,2,14,FORD FOCUS,6,E01031211,0,-1
2021010313843,2021,010313843,3,9,0,2,2,0,0,9,9,2,0,0,0,0,2,1,6,6,3,-1,-1,1560,2,10,FORD FOCUS,-1,-1,0,-1
2021451026057,2021,451026057,2,9,0,2,2,0,0,0,0,1,0,0,0,0,1,1,6,6,3,-1,-1,1596,1,16,FORD FOCUS,-1,-1,0,-1
2021501027394,2021,501027394,2,9,0,16,19,6,2,0,0,3,0,0,0,0,1,1,5,6,2,29,6,1560,2,8,FORD FOCUS,6,E01015039,0,-1
2021201076166,2021,201076166,3,9,0,2,2,0,0,0,0,1,0,0,0,0,2,1,6,6,1,62,9,1499,2,4,FORD FOCUS,4,E01010254,0,-1
2021991059704,2021,991059704,1,9,0,4,4,1,5,0,0,1,0,0,0,0,1,1,5,6,1,28,6,1499,2,5,FORD FOCUS,1,-1,0,-1
2021471059332,2021,471059332,1,9,0,18,19,5,1,0,0,1,0,0,1,4,3,1,5,6,1,38,7,1560,2,7,FORD FOCUS,2,E01031348,0,-1
2021141046965,2021,141046965,1,9,0,5,5,5,5,0,0,5,0,0,0,0,1,1,6,6,1,57,9,1999,1,12,FORD FOCUS,1,E01007463,0,-1
2021991013041,2021,991013041,2,9,0,4,4,7,4,0,0,0,0,0,0,0,1,1,5,6,1,36,7,1560,2,8,FORD FOCUS,6,-1,0,-1
2021041107468,2021,041107468,1,9,0,18,19,5,1,0,0,0,5,0,7,6,3,1,6,6,3,-1,-1,1999,1,5,FORD FOCUS,-1,-1,0,-1
2021070121029,2021,070121029,2,9,0,17,19,7,3,0,0,0,0,0,0,0,3,1,6,6,1,45,7,999,1,2,FORD FOCUS,9,E01018516,0,-1
2021141097271,2021,141097271,2,9,0,18,19,7,3,0,0,0,1,0,7,0,1,1,5,6,1,20,4,1560,2,7,FORD FOCUS,10,E01007619,0,-1
2021461116072,2021,461116072,1,9,0,18,19,1,5,0,0,0,0,12,0,0,1,1,6,6,1,32,6,1997,2,5,FORD FOCUS,2,E01016117,0,-1
2021201018016,2021,201018016,1,9,0,16,19,6,2,0,0,0,0,10,1,0,1,1,6,6,1,23,5,1753,2,14,FORD FOCUS,2,E01010559,0,-1
2021421043130,2021,421043130,1,9,0,13,13,5,1,0,0,0,0,0,0,0,1,1,5,6,1,42,7,1560,2,10,FORD FOCUS,4,E01023756,0,-1
2021010331102,2021,010331102,2,9,9,99,99,9,9,99,99,9,9,99,9,99,9,9,6,6,3,-1,-1,1997,2,16,FORD FOCUS,-1,-1,0,-1
2021201086263,2021,201086263,2,9,0,4,4,1,5,0,0,8,0,0,0,0,1,1,6,6,1,23,5,1997,2,6,FORD FOCUS,2,E01009568,0,-1
2021141081356,2021,141081356,2,9,0,9,9,2,8,0,0,0,0,0,0,0,1,1,5,6,1,24,5,999,1,0,FORD FOCUS,2,E01007651,0,-1
2021131124195,2021,131124195,3,9,0,3,3,4,8,0,0,8,0,0,0,0,2,1,6,6,1,42,7,1560,2,16,FORD FOCUS,9,E01011773,0,-1
2021411039221,2021,411039221,1,9,0,3,3,5,1,0,0,0,0,0,0,0,2,1,5,6,1,61,9,1596,1,18,FORD FOCUS,7,E01023435,0,-1
2021501050087,2021,501050087,1,9,0,18,19,3,7,0,0,0,0,0,0,0,1,1,6,6,2,49,8,1596,1,16,FORD FOCUS,2,E01015072,0,-1
2021371044955,2021,371044955,1,9,0,18,19,3,7,0,0,0,1,0,0,0,4,1,5,6,2,24,5,1596,1,20,FORD FOCUS,5,E01029946,0,-1
2021461087363,2021,461087363,2,9,0,18,19,6,2,0,0,0,1,0,0,0,3,1,6,6,1,25,5,999,1,4,FORD FOCUS,-1,-1,0,-1
2021141101815,2021,141101815,1,9,0,6,6,7,3,0,0,1,0,0,0,0,3,1,5,6,2,39,7,999,1,2,FORD FOCUS,2,E01007967,0,-1
2021461116201,2021,461116201,3,9,0,18,19,3,7,0,0,0,0,0,0,0,1,1,5,6,1,25,5,1499,2,6,FORD FOCUS,5,E01024638,0,-1
2021552100900,2021,552100900,2,9,0,8,8,8,2,9,9,6,0,0,0,0,4,1,6,6,1,21,5,1596,1,9,FORD FOCUS,10,E01003671,0,-1
2021161118402,2021,161118402,1,9,0,9,9,1,5,0,0,1,0,0,0,0,1,1,6,6,2,72,10,999,1,1,FORD FOCUS,8,E01013101,0,-1
2021471023423,2021,471023423,1,9,0,7,7,2,4,0,0,6,0,0,0,0,3,1,6,6,2,41,7,1596,1,16,FORD FOCUS,9,E01031339,0,-1
2021991038840,2021,991038840,1,9,0,7,7,8,2,0,0,1,0,0,0,0,3,1,6,6,1,26,6,1499,2,5,FORD FOCUS,5,-1,0,-1
2021320672658,2021,320672658,3,9,0,18,19,5,1,0,0,0,0,0,0,0,1,1,6,6,1,30,6,1560,2,10,FORD FOCUS,2,E01033182,0,-1
2021411110021,2021,411110021,1,9,0,18,19,5,1,0,0,0,0,0,0,0,1,1,6,6,1,41,7,1596,1,16,FORD FOCUS,5,E01023661,0,-1
2021991138245,2021,991138245,1,9,0,18,19,3,7,0,0,1,0,0,0,0,1,1,6,6,2,39,7,1499,2,6,FORD FOCUS,9,-1,0,-1
2021501063141,2021,501063141,1,9,0,4,4,5,1,0,0,1,0,0,0,0,2,1,2,2,1,38,7,1560,2,11,FORD FOCUS,1,E01015078,0,-1
2021061043161,2021,061043161,1,9,0,18,19,5,1,0,0,1,0,0,0,0,1,1,6,6,1,33,6,999,1,6,FORD FOCUS,9,E01027882,0,-1
2021010352562,2021,010352562,1,9,0,18,19,1,5,0,0,8,0,0,0,0,1,1,6,6,1,52,8,1596,1,12,FORD FOCUS,3,E01001836,0,-1
2021471023430,2021,471023430,1,9,0,15,15,7,3,0,0,0,0,0,0,0,1,1,5,6,2,66,10,1596,1,9,FORD FOCUS,8,E01031474,0,-1
2021010333733,2021,010333733,2,9,0,99,99,9,9,99,99,9,9,99,9,99,2,9,6,6,3,-1,-1,1499,2,1,FORD FOCUS,5,E01000824,0,-1
2021161088873,2021,161088873,1,9,0,18,19,5,1,0,0,1,0,0,0,0,1,1,5,6,1,70,10,998,1,9,FORD FOCUS,3,E01013233,0,-1
2021361061364,2021,361061364,1,9,0,9,9,5,2,0,0,8,0,0,0,0,1,1,5,6,2,24,5,1596,1,16,FORD FOCUS,8,E01026772,0,-1
2021401046859,2021,401046859,1,9,0,4,4,3,7,0,0,0,0,0,0,0,1,1,5,6,2,30,6,1988,1,17,FORD FOCUS,6,E01018182,0,-1
2021131073888,2021,131073888,2,9,0,18,19,5,1,0,0,1,0,0,2,4,4,1,2,2,1,18,4,1999,1,15,FORD FOCUS,1,E01010821,0,-1
2021991126605,2021,991126605,1,9,0,9,9,4,2,0,0,0,0,0,0,0,4,1,5,6,1,28,6,1596,1,16,FORD FOCUS,7,-1,0,-1
2021122101294,2021,122101294,5,9,0,2,2,0,0,0,0,0,0,0,0,0,3,1,6,6,3,-1,-1,2521,1,14,FORD FOCUS,-1,-1,0,-1
2021461127050,2021,461127050,2,9,0,18,19,5,1,0,0,1,0,0,0,0,1,1,6,6,1,47,8,1999,1,16,FORD FOCUS,8,E01021169,0,-1
2021461043545,2021,461043545,2,9,0,18,19,2,6,0,0,0,0,0,0,0,1,1,6,6,2,73,10,999,1,1,FORD FOCUS,9,E01024442,0,-1
2021411072649,2021,411072649,3,9,0,2,2,0,0,0,0,0,0,0,0,0,3,1,6,6,3,-1,-1,1560,2,9,FORD FOCUS,-1,-1,0,-1
2021471011973,2021,471011973,1,9,0,9,9,7,5,0,0,8,0,0,0,0,4,1,2,2,1,60,9,1596,1,16,FORD FOCUS,9,E01021023,0,-1
2021440086214,2021,440086214,2,9,0,18,19,1,5,0,0,6,0,0,0,0,1,1,6,6,1,31,6,1596,1,12,FORD FOCUS,4,E01017187,0,-1
2021471076042,2021,471076042,1,9,0,7,7,3,6,0,0,8,0,0,0,0,1,1,6,6,1,-1,-1,1596,1,14,FORD FOCUS,1,E01016908,0,-1
2021401061683,2021,401061683,1,9,0,18,19,4,8,9,9,0,0,0,1,2,1,1,6,6,1,34,6,1560,2,6,FORD FOCUS,7,E01017416,0,-1
2021501039952,2021,501039952,2,9,0,9,9,7,6,0,0,1,0,0,1,0,4,1,6,6,1,55,8,1997,2,14,FORD FOCUS,6,E01020204,0,-1
202131A198221,2021,31A198221,1,9,0,15,15,3,7,0,0,0,0,0,0,0,1,1,6,6,1,18,4,2521,1,13,FORD FOCUS,7,E01027995,0,-1
2021471045053,2021,471045053,1,9,0,18,19,3,7,0,0,0,0,0,0,0,1,1,6,6,1,41,7,999,1,5,FORD FOCUS,6,E01031604,0,-1
2021351112616,2021,351112616,1,9,-1,3,3,1,5,0,0,0,0,0,0,0,1,1,6,6,1,40,7,998,1,7,FORD FOCUS,5,E01017974,0,-1
2021411109359,2021,411109359,2,9,0,3,3,-1,-1,0,0,1,0,0,0,0,2,1,5,6,2,36,7,1596,1,12,FORD FOCUS,4,E01023330,0,-1
2021070345419,2021,070345419,3,9,0,4,4,5,1,0,0,0,0,2,0,0,2,1,6,6,1,37,7,1499,2,6,FORD FOCUS,-1,-1,0,-1
202134WNC1831,2021,34WNC1831,1,9,0,9,9,7,3,0,0,8,0,0,0,0,1,1,6,6,2,30,6,998,1,8,FORD FOCUS,3,E01026988,0,-1
202134NNC2621,2021,34NNC2621,1,9,0,9,9,7,3,0,0,5,0,0,0,0,4,1,6,6,2,78,11,1596,1,16,FORD FOCUS,4,E01027061,0,-1
2021010288519,2021,010288519,2,9,0,99,99,9,9,99,99,9,9,99,9,99,9,9,6,6,3,-1,-1,1596,1,14,FORD FOCUS,-1,-1,0,-1
2021401059142,2021,401059142,1,9,0,3,3,6,2,0,0,1,0,0,0,0,1,1,2,2,1,41,7,1596,1,16,FORD FOCUS,4,E01017505,0,-1
2021461114514,2021,461114514,4,9,0,18,19,8,4,0,0,0,0,0,0,0,1,1,1,1,1,44,7,1999,1,3,FORD FOCUS,-1,-1,0,-1
2021351045848,2021,351045848,1,9,0,18,19,7,3,0,0,2,0,4,0,0,1,1,6,6,3,30,6,1596,1,15,FORD FOCUS,-1,-1,0,-1
2021302101579,2021,302101579,2,9,0,10,10,5,4,0,0,8,0,0,0,0,2,1,6,6,2,48,8,1999,1,3,FORD FOCUS,9,E01019624,0,-1
2021010340073,2021,010340073,1,9,0,99,99,9,9,99,99,9,9,99,9,99,3,9,6,6,1,58,9,999,1,3,FORD FOCUS,7,E01001049,0,-1
2021122101463,2021,122101463,2,9,0,9,9,5,3,0,0,5,0,0,0,0,1,1,6,6,1,50,8,999,1,3,FORD FOCUS,7,E01027904,0,-1
2021010312695,2021,010312695,2,9,0,18,19,4,8,0,0,6,0,0,0,0,3,1,6,6,1,36,7,1997,2,11,FORD FOCUS,2,E01003514,0,-1
2021121054039,2021,121054039,2,9,0,18,19,1,5,0,0,0,0,0,5,7,1,1,2,2,1,63,9,1753,2,15,FORD FOCUS,5,E01011820,0,-1
2021010349476,2021,010349476,1,9,0,9,9,2,8,0,0,2,0,0,0,0,1,2,6,6,2,58,9,1596,1,9,FORD FOCUS,2,E01001151,0,-1
2021201130335,2021,201130335,1,9,0,18,19,7,3,0,0,0,0,4,0,0,1,1,6,6,2,27,6,1596,1,15,FORD FOCUS,-1,-1,0,-1
2021131125948,2021,131125948,1,9,0,2,2,0,0,0,0,0,0,0,0,0,2,1,1,1,1,62,9,1596,1,16,FORD FOCUS,3,E01011897,0,-1
2021010311036,2021,010311036,1,9,0,99,99,9,9,99,99,9,9,99,9,99,2,9,6,6,1,29,6,998,1,7,FORD FOCUS,3,E01002701,0,-1
2021371121863,2021,371121863,2,9,0,18,19,3,6,0,0,0,0,0,0,0,3,1,5,6,1,21,5,998,1,8,FORD FOCUS,6,E01029925,0,-1
2021501051665,2021,501051665,1,9,0,13,13,4,8,0,0,0,0,0,0,0,1,1,6,6,1,26,6,1596,1,16,FORD FOCUS,4,E01020330,0,-1
2021061045478,2021,061045478,1,9,0,7,7,8,2,0,0,0,0,0,0,0,1,1,6,6,3,30,6,1753,2,17,FORD FOCUS,-1,-1,0,-1
2021010325858,2021,010325858,2,9,0,7,7,5,8,0,0,1,0,0,0,0,0,1,1,1,2,29,6,1499,2,5,FORD FOCUS,4,E01001247,0,-1
2021010345221,2021,010345221,2,9,0,18,19,5,1,0,0,0,0,0,0,0,1,1,6,6,3,-1,-1,1560,2,7,FORD FOCUS,-1,-1,0,-1
2021010325829,2021,010325829,2,9,0,99,99,9,9,99,99,9,9,0,0,0,9,9,6,6,3,21,5,998,1,8,FORD FOCUS,3,E01004019,0,-1
2021161050439,2021,161050439,1,9,0,18,19,2,6,0,0,0,0,0,0,0,1,2,1,1,1,32,6,1560,2,9,FORD FOCUS,10,E01013108,0,-1
2021061137838,2021,061137838,1,9,0,18,19,5,1,0,0,8,0,0,0,0,2,1,6,6,1,56,9,1560,2,14,FORD FOCUS,6,E01006227,0,-1
2021141020586,2021,141020586,1,9,0,18,19,1,5,0,0,0,1,0,0,0,1,1,6,6,1,48,8,1560,2,7,FORD FOCUS,3,E01007900,0,-1
2021471098257,2021,471098257,3,9,0,18,19,8,4,0,0,0,0,0,0,0,2,1,3,7,1,48,8,1596,1,10,FORD FOCUS,8,E01016985,0,-1
2021520200266,2021,520200266,2,9,0,18,19,2,6,0,0,0,0,0,0,0,1,1,6,6,1,59,9,1596,1,14,FORD FOCUS,3,E01020067,0,-1
2021461090406,2021,461090406,1,9,0,10,10,7,3,0,0,1,0,0,0,0,3,1,5,6,1,80,11,1798,1,13,FORD FOCUS,10,E01024781,0,-1
2021161099804,2021,161099804,2,9,0,2,2,0,0,0,0,1,0,0,0,0,0,1,6,6,2,-1,-1,1596,1,16,FORD FOCUS,-1,-1,0,-1
2021041101586,2021,041101586,1,9,0,5,5,7,3,0,0,6,0,0,0,0,4,2,5,6,1,23,5,1596,1,14,FORD FOCUS,9,E01011935,0,-1
2021010302608,2021,010302608,2,9,0,18,19,7,3,0,0,0,0,0,0,0,3,1,2,2,2,35,6,1596,1,14,FORD FOCUS,2,E01033587,0,-1
2021501132316,2021,501132316,2,9,0,18,19,8,4,0,0,8,0,0,0,0,4,1,5,6,1,51,8,998,1,8,FORD FOCUS,4,E01018894,0,-1
2021421059055,2021,421059055,1,9,0,4,4,7,3,0,0,0,0,0,0,0,1,1,6,6,2,26,6,1596,1,17,FORD FOCUS,6,E01021917,0,-1
2021421033524,2021,421033524,2,9,0,18,19,5,1,0,0,8,1,0,1,0,1,1,6,6,1,84,11,2521,1,11,FORD FOCUS,6,E01021903,0,-1
2021010290603,2021,010290603,2,9,0,10,10,5,3,0,0,5,0,0,0,0,2,1,6,6,1,55,8,1999,1,5,FORD FOCUS,2,E01003922,0,-1
2021010321910,2021,010321910,1,9,0,18,19,4,8,0,0,8,0,0,0,0,4,1,6,6,1,38,7,999,1,0,FORD FOCUS,3,E01002771,0,-1