collision_index,collision_year,collision_ref_no,vehicle_reference,vehicle_type,towing_and_articulation,vehicle_manoeuvre_historic,vehicle_manoeuvre,vehicle_direction_from,vehicle_direction_to,vehicle_location_restricted_lane_historic,vehicle_location_restricted_lane,junction_location,skidding_and_overturning,hit_object_in_carriageway,vehicle_leaving_carriageway,hit_object_off_carriageway,first_point_of_impact,vehicle_left_hand_drive,journey_purpose_of_driver_historic,journey_purpose_of_driver,sex_of_driver,age_of_driver,age_band_of_driver,engine_capacity_cc,propulsion_code,age_of_vehicle,generic_make_model,driver_imd_decile,lsoa_of_driver,escooter_flag,driver_distance_banding
2021101090078,2021,101090078,1,9,0,10,10,8,6,0,0,1,0,0,0,0,1,1,5,6,2,36,7,1499,2,1,FORD FOCUS,5,E01027387,0,-1
2021111020115,2021,111020115,2,9,0,9,9,1,7,0,0,1,0,0,0,0,3,1,1,1,1,31,6,1498,1,4,FORD FOCUS,1,E01012195,0,-1
2021552100792,2021,552100792,3,9,0,18,19,5,1,0,0,1,0,0,0,0,3,1,2,2,1,34,6,1499,2,2,FORD FOCUS,-1,-1,0,-1
2021010319064,2021,010319064,1,9,0,7,7,5,7,0,0,1,0,0,0,0,1,1,6,6,2,49,8,1596,1,12,FORD FOCUS,2,E01001151,0,-1
2021010334426,2021,010334426,1,9,0,18,19,5,1,0,0,1,0,4,0,0,1,1,6,6,3,-1,-1,1596,1,9,FORD FOCUS,-1,-1,0,-1
2021311126285,2021,311126285,1,9,0,4,4,5,1,0,0,4,1,7,3,1,1,1,2,2,1,38,7,1798,1,15,FORD FOCUS,1,E01013810,0,-1
2021201100067,2021,201100067,2,9,0,5,5,1,1,0,0,0,0,0,0,0,1,1,6,6,1,25,5,1499,2,5,FORD FOCUS,2,E01033641,0,-1
2021041092663,2021,041092663,2,9,0,18,19,1,5,0,0,1,0,0,0,0,1,1,5,6,2,28,6,1596,1,15,FORD FOCUS,4,E01005217,0,-1
2021471080915,2021,471080915,3,9,0,18,19,3,7,0,0,0,0,0,0,0,1,1,2,2,1,33,6,2521,1,12,FORD FOCUS,6,E01021054,0,-1
2021520200472,2021,520200472,1,9,0,18,19,4,8,0,0,8,0,0,0,0,1,1,6,6,2,72,10,1596,1,17,FORD FOCUS,8,E01017776,0,-1
2021201028962,2021,201028962,2,9,0,2,2,0,0,0,0,0,0,4,0,0,2,1,6,6,2,-1,-1,1596,1,14,FORD FOCUS,6,E01031049,0,-1
2021141027936,2021,141027936,2,9,0,18,19,8,4,0,0,3,0,0,1,10,4,1,5,6,1,56,9,1560,2,9,FORD FOCUS,1,E01008100,0,-1
2021201081570,2021,201081570,2,9,0,4,4,6,2,0,0,0,0,0,0,0,0,1,6,6,2,37,7,1596,1,16,FORD FOCUS,1,E01033633,0,-1
2021421039869,2021,421039869,1,9,0,9,9,5,3,0,0,0,0,0,0,0,1,1,6,6,1,59,9,1999,1,14,FORD FOCUS,10,E01021918,0,-1
2021231050016,2021,231050016,1,9,0,18,19,4,8,0,0,0,1,0,0,0,1,1,5,6,1,50,8,1388,1,16,FORD FOCUS,3,E01010218,0,-1
2021501048380,2021,501048380,1,9,0,18,19,4,8,0,0,0,0,0,0,0,1,1,5,6,1,59,9,1596,1,15,FORD FOCUS,5,E01020076,0,-1
2021201071439,2021,201071439,1,9,0,18,19,8,4,0,0,0,0,10,7,3,1,1,6,6,1,23,5,2521,1,12,FORD FOCUS,10,E01009815,0,-1
2021201073935,2021,201073935,2,9,0,18,19,4,8,0,0,8,0,0,0,0,1,1,6,6,1,25,5,1999,1,4,FORD FOCUS,6,E01010082,0,-1
202163A000721,2021,63A000721,2,9,0,4,4,6,8,0,0,0,0,0,0,0,2,1,6,6,2,64,9,1798,1,14,FORD FOCUS,8,W01000704,0,-1
2021061023503,2021,061023503,2,9,-1,18,19,5,1,0,0,2,0,0,0,0,2,1,6,6,1,46,8,1560,2,9,FORD FOCUS,6,E01005649,0,-1
2021351098957,2021,351098957,1,9,0,18,19,1,7,0,0,2,0,0,0,0,3,1,6,6,1,65,9,1596,1,12,FORD FOCUS,-1,-1,0,-1
2021041085452,2021,041085452,1,9,0,4,4,8,4,0,0,1,0,0,0,0,1,1,6,6,2,31,6,1596,1,8,FORD FOCUS,4,E01025394,0,-1
2021010288876,2021,010288876,3,9,0,10,10,5,3,0,0,1,0,0,0,0,3,1,6,6,2,28,6,999,1,2,FORD FOCUS,3,E01024149,0,-1
2021101022619,2021,101022619,1,9,0,18,19,3,7,0,0,1,0,0,0,0,1,1,5,6,1,63,9,1560,2,9,FORD FOCUS,2,E01008491,0,-1
202131D062321,2021,31D062321,1,9,0,2,2,0,0,6,6,0,0,0,0,0,2,1,6,6,1,20,4,1596,1,13,FORD FOCUS,3,E01027955,0,-1
2021141102022,2021,141102022,1,9,0,17,19,7,3,0,0,1,2,10,1,4,1,1,6,6,1,20,4,1753,2,12,FORD FOCUS,8,E01007170,0,-1
2021010339932,2021,010339932,2,9,0,13,13,1,5,0,0,1,0,0,0,0,4,1,6,6,1,23,5,1596,1,8,FORD FOCUS,3,E01000092,0,-1
2021010297684,2021,010297684,1,9,0,5,5,0,5,0,0,0,0,0,0,0,0,1,6,6,3,-1,-1,999,1,1,FORD FOCUS,-1,-1,0,-1
2021302100263,2021,302100263,1,9,0,18,19,4,8,0,0,0,0,0,0,0,1,1,6,6,1,41,7,1596,1,11,FORD FOCUS,4,E01019679,0,-1
2021131117263,2021,131117263,1,9,0,7,7,1,3,0,0,2,0,0,0,0,1,1,6,6,1,54,8,1798,1,13,FORD FOCUS,3,E01010891,0,-1
2021440140477,2021,440140477,2,9,0,6,6,4,5,0,0,8,0,0,0,0,3,1,6,6,2,38,7,1596,1,6,FORD FOCUS,2,E01023156,0,-1
2021351115247,2021,351115247,2,9,0,18,19,2,7,0,0,8,0,0,0,0,1,1,6,6,2,44,7,1997,2,11,FORD FOCUS,6,E01018101,0,-1
2021041117366,2021,041117366,1,9,0,9,9,7,5,0,0,0,0,0,0,0,1,1,5,6,1,28,6,998,1,7,FORD FOCUS,3,E01025442,0,-1
2021010316114,2021,010316114,1,9,0,11,11,3,7,0,0,0,1,0,0,0,1,1,6,6,1,32,6,2521,1,13,FORD FOCUS,3,E01002400,0,-1
2021401071094,2021,401071094,2,9,0,3,3,0,0,0,0,0,0,0,0,0,2,1,6,6,1,71,10,998,1,7,FORD FOCUS,10,E01017404,0,-1
2021451074684,2021,451074684,2,9,0,18,19,1,5,0,0,1,1,0,0,0,3,1,5,6,2,46,8,998,1,8,FORD FOCUS,10,E01030447,0,-1
2021421086386,2021,421086386,1,9,0,5,5,3,1,0,0,2,0,0,0,0,1,1,5,6,1,86,11,1596,1,11,FORD FOCUS,7,E01021856,0,-1
202106E079049,2021,06E079049,1,9,0,2,2,0,0,0,0,0,0,0,0,0,3,1,6,6,2,30,6,1596,1,15,FORD FOCUS,1,E01005101,0,-1
2021302102041,2021,302102041,1,9,0,5,5,7,3,0,0,6,0,0,0,0,3,1,6,6,1,40,7,1560,2,9,FORD FOCUS,3,E01019775,0,-1
2021201051378,2021,201051378,2,9,0,18,19,4,8,0,0,0,0,0,0,0,1,1,5,6,1,22,5,1499,2,1,FORD FOCUS,3,E01010127,0,-1
2021401018027,2021,401018027,3,9,0,18,19,3,7,0,0,1,0,0,0,0,3,1,1,1,1,71,10,1997,2,14,FORD FOCUS,5,E01017430,0,-1
2021461038640,2021,461038640,1,9,0,12,12,8,3,0,0,0,1,0,1,4,4,1,2,2,1,31,6,1753,2,14,FORD FOCUS,5,E01024201,0,-1
2021371031969,2021,371031969,2,9,0,18,19,3,7,0,0,0,0,0,0,0,1,1,2,2,2,28,6,1560,2,10,FORD FOCUS,5,E01030285,0,-1
2021052101894,2021,052101894,2,9,0,2,2,0,0,0,0,0,0,0,0,0,3,1,6,6,2,54,8,998,1,9,FORD FOCUS,1,E01006754,0,-1
2021161024848,2021,161024848,2,9,0,9,9,8,6,0,0,6,0,0,0,0,3,1,2,2,1,21,5,1388,1,15,FORD FOCUS,5,E01012804,0,-1
2021201059297,2021,201059297,2,9,0,13,13,4,6,0,0,3,0,0,0,0,1,1,6,6,1,-1,-1,999,1,3,FORD FOCUS,-1,-1,0,-1
2021101053748,2021,101053748,1,9,0,9,9,3,5,0,0,1,0,0,8,0,1,1,2,2,1,27,6,1999,1,16,FORD FOCUS,2,E01008203,0,-1
2021041197947,2021,041197947,1,9,0,18,19,7,1,0,0,2,0,0,0,0,1,1,5,6,2,28,6,1798,1,14,FORD FOCUS,7,E01012727,0,-1
2021501098485,2021,501098485,2,9,0,1,1,5,1,0,0,0,0,0,0,0,3,1,5,6,1,34,6,1596,1,7,FORD FOCUS,1,E01015080,0,-1
2021061048488,2021,061048488,1,9,0,18,19,8,4,0,0,1,0,0,7,0,1,1,6,6,3,30,6,1560,2,12,FORD FOCUS,-1,-1,0,-1
2021131060798,2021,131060798,2,9,0,12,12,5,1,0,0,1,0,0,0,0,1,1,5,6,2,73,10,1997,2,6,FORD FOCUS,3,E01011806,0,-1
2021361094506,2021,361094506,1,9,0,9,9,1,7,0,0,6,0,0,1,1,4,1,5,6,2,69,10,1596,1,11,FORD FOCUS,10,E01026506,0,-1
2021161088548,2021,161088548,1,9,0,18,19,1,5,0,0,1,0,0,0,0,1,1,5,6,1,36,7,1596,1,15,FORD FOCUS,1,E01012843,0,-1
2021622200005,2021,622200005,2,9,0,4,4,4,8,0,0,1,0,0,0,0,2,1,6,6,2,44,7,998,1,7,FORD FOCUS,1,W01001307,0,-1
2021131043279,2021,131043279,1,9,0,18,19,8,4,0,0,1,0,0,0,0,1,1,6,6,3,-1,-1,998,1,8,FORD FOCUS,-1,-1,0,-1
2021471062797,2021,471062797,1,9,0,18,19,3,1,0,0,8,0,0,0,0,1,1,6,6,1,43,7,1499,2,6,FORD FOCUS,5,E01031442,0,-1
2021411028543,2021,411028543,2,9,0,9,9,7,1,0,0,1,0,0,0,0,2,1,2,2,2,48,8,1596,1,10,FORD FOCUS,10,E01023617,0,-1
2021430322833,2021,430322833,2,9,0,4,4,8,4,0,0,0,0,0,0,0,2,1,6,6,2,61,9,1596,1,16,FORD FOCUS,2,E01016368,0,-1
2021622100406,2021,622100406,2,9,0,18,19,8,4,0,0,1,0,0,0,0,3,1,6,6,1,31,6,1560,2,10,FORD FOCUS,4,W01001258,0,-1
2021201086294,2021,201086294,1,9,0,5,5,6,2,0,0,1,0,0,0,0,1,1,1,1,1,46,8,1999,1,6,FORD FOCUS,3,E01010509,0,-1
2021421074492,2021,421074492,2,9,0,3,3,3,7,0,0,0,0,0,0,0,2,1,6,6,2,34,6,999,1,4,FORD FOCUS,10,E01023457,0,-1
2021231128030,2021,231128030,1,9,0,9,9,2,8,0,0,6,0,0,0,0,3,1,1,1,1,47,8,1496,1,1,FORD FOCUS,3,E01031012,0,-1
2021131108385,2021,131108385,1,9,0,7,7,7,3,0,0,0,1,0,7,11,1,1,1,1,1,27,6,1596,1,13,FORD FOCUS,1,E01011472,0,-1
2021010316025,2021,010316025,1,9,0,18,19,5,1,9,9,8,0,0,1,11,1,1,6,6,1,38,7,1560,2,7,FORD FOCUS,4,E01000676,0,-1
2021052101919,2021,052101919,2,9,0,18,19,5,1,0,0,1,0,0,0,0,2,1,6,6,3,-1,-1,1798,1,14,FORD FOCUS,-1,-1,0,-1
2021991038218,2021,991038218,1,9,0,18,19,7,3,0,0,0,0,4,0,0,1,1,6,6,1,24,5,1560,2,8,FORD FOCUS,2,-1,0,-1
2021302100037,2021,302100037,1,9,0,17,19,3,7,0,0,2,0,0,0,0,1,1,2,2,1,48,8,1753,2,13,FORD FOCUS,5,E01013595,0,-1
2021440052973,2021,440052973,1,9,0,18,19,4,8,0,0,2,0,0,0,0,1,1,6,6,1,21,5,1388,1,20,FORD FOCUS,1,E01017250,0,-1
2021451032578,2021,451032578,1,9,0,9,9,5,1,0,0,5,0,0,0,0,3,1,5,6,1,34,6,1988,1,17,FORD FOCUS,9,E01030854,0,-1
2021211052598,2021,211052598,1,9,0,18,19,-1,-1,-1,-1,3,-1,0,-1,0,3,1,6,6,3,-1,-1,1999,1,4,FORD FOCUS,-1,-1,0,-1
2021440104711,2021,440104711,2,9,0,18,19,6,2,0,0,0,0,0,0,0,2,1,6,6,2,67,10,1997,2,13,FORD FOCUS,7,E01022477,0,-1
2021010302280,2021,010302280,1,9,0,99,99,9,9,99,99,9,9,99,9,99,1,9,6,6,2,29,6,1596,1,6,FORD FOCUS,10,E01002476,0,-1
2021522101411,2021,522101411,1,9,0,18,19,3,7,0,0,8,0,0,1,0,1,1,6,6,2,45,7,1596,1,14,FORD FOCUS,8,E01014981,0,-1
2021421103997,2021,421103997,2,9,0,18,19,1,5,0,0,3,0,0,0,0,1,1,6,6,2,53,8,1560,2,7,FORD FOCUS,5,E01021499,0,-1
2021991099307,2021,991099307,3,9,0,18,19,1,5,0,0,0,0,0,0,0,1,1,6,6,1,57,9,998,1,7,FORD FOCUS,8,W01000552,0,-1
2021302102059,2021,302102059,2,9,0,9,9,3,1,0,0,5,0,0,0,0,1,1,6,6,1,20,4,998,1,8,FORD FOCUS,10,E01013560,0,-1
2021101093595,2021,101093595,4,9,0,4,4,3,7,0,0,0,0,0,0,0,2,1,6,6,1,48,8,1596,1,14,FORD FOCUS,-1,-1,0,-1
2021320723450,2021,320723450,1,9,0,18,19,8,4,0,0,0,0,0,1,9,4,1,6,6,1,23,5,1596,1,16,FORD FOCUS,5,E01026255,0,-1
2021010294361,2021,010294361,1,9,0,18,19,7,3,0,0,0,0,0,0,0,3,1,6,6,2,26,6,1798,1,14,FORD FOCUS,8,E01030734,0,-1
2021991056420,2021,991056420,1,9,0,5,5,8,4,0,0,0,0,0,0,0,3,2,6,6,1,48,8,1596,1,13,FORD FOCUS,1,-1,0,-1
2021131061019,2021,131061019,2,9,0,18,19,5,1,0,0,1,0,0,0,0,1,1,2,2,1,55,8,1596,1,14,FORD FOCUS,5,E01033695,0,-1
2021451089082,2021,451089082,2,9,0,18,19,5,1,0,0,0,0,0,0,0,1,1,6,6,1,26,6,1798,1,14,FORD FOCUS,2,E01026951,0,-1
2021991087653,2021,991087653,1,9,0,4,4,5,8,0,0,0,0,0,0,0,1,1,5,6,1,53,8,998,1,7,FORD FOCUS,1,-1,0,-1
2021010304713,2021,010304713,2,9,0,99,99,9,9,99,99,9,9,99,9,99,9,9,6,6,3,-1,-1,1560,2,13,FORD FOCUS,-1,-1,0,-1
2021421041947,2021,421041947,1,9,0,18,19,3,7,0,0,0,5,0,0,0,1,1,6,6,1,51,8,1796,1,22,FORD FOCUS,5,E01021422,0,-1
2021522103750,2021,522103750,1,9,0,5,5,1,6,0,0,1,0,0,0,0,2,1,6,6,1,34,6,1753,2,14,FORD FOCUS,6,E01015008,0,-1
2021991043146,2021,991043146,1,9,0,18,19,3,7,0,0,0,0,0,0,0,1,1,5,6,2,74,10,1596,1,12,FORD FOCUS,-1,-1,0,-1
2021131115395,2021,131115395,3,9,0,2,2,0,0,9,9,1,0,0,0,0,3,1,6,6,3,-1,-1,1499,2,1,FORD FOCUS,-1,-1,0,-1
2021010325846,2021,010325846,1,9,0,13,13,7,3,0,0,8,0,0,0,0,4,1,6,6,1,59,9,1596,1,10,FORD FOCUS,1,E01004309,0,-1
2021010330462,2021,010330462,1,9,0,99,99,9,9,99,99,0,9,99,9,99,2,9,6,6,2,27,6,1596,1,9,FORD FOCUS,3,E01033722,0,-1
2021010325712,2021,010325712,2,9,0,18,19,1,5,0,0,1,0,0,0,0,1,1,1,1,1,59,9,999,1,2,FORD FOCUS,8,E01002941,0,-1
2021141088589,2021,141088589,1,9,0,2,2,0,0,0,0,1,0,0,0,0,1,1,6,6,3,-1,-1,1560,2,8,FORD FOCUS,-1,-1,0,-1
2021061074493,2021,061074493,1,9,0,18,19,6,6,0,0,0,0,0,0,0,1,1,6,6,1,16,4,1753,2,15,FORD FOCUS,7,E01004835,0,-1
2021061125032,2021,061125032,2,9,0,18,19,4,8,0,0,1,0,0,7,0,1,1,5,6,1,21,5,1999,1,4,FORD FOCUS,1,E01004802,0,-1
2021371105935,2021,371105935,1,9,0,9,9,3,7,0,0,1,0,0,0,0,1,1,5,6,1,59,9,999,1,3,FORD FOCUS,8,E01030293,0,-1
2021421077573,2021,421077573,1,9,0,18,19,3,7,0,0,1,0,0,0,0,1,1,6,6,2,55,8,1596,1,15,FORD FOCUS,6,E01022002,0,-1
2021010305118,2021,010305118,2,9,0,14,14,1,5,0,0,5,0,0,7,4,1,1,6,6,1,18,4,1798,1,12,FORD FOCUS,3,E01003391,0,-1
2021010302058,2021,010302058,2,9,0,2,2,0,0,0,0,1,0,0,0,0,2,1,6,6,3,-1,-1,998,1,9,FORD FOCUS,-1,-1,0,-1
2021991114977,2021,991114977,1,9,0,18,19,5,1,0,0,0,0,0,0,0,1,1,5,6,1,49,8,999,1,2,FORD FOCUS,1,-1,0,-1
2021201108263,2021,201108263,1,9,0,9,9,8,2,0,0,1,0,0,0,0,3,1,1,1,1,59,9,1596,1,16,FORD FOCUS,6,E01009036,0,-1
2021451084159,2021,451084159,2,9,0,7,7,1,3,0,0,8,0,0,0,0,3,1,6,6,1,51,8,1753,2,14,FORD FOCUS,9,E01030326,0,-1
2021440094141,2021,440094141,3,9,0,3,3,2,6,0,0,0,0,0,0,0,2,1,6,6,1,37,7,2521,1,15,FORD FOCUS,10,E01022891,0,-1
2021421055528,2021,421055528,2,9,0,4,4,7,3,0,0,1,0,0,0,0,1,1,6,6,2,29,6,999,1,4,FORD FOCUS,7,E01015837,0,-1
2021201150236,2021,201150236,1,9,0,16,19,1,4,0,0,3,2,10,7,11,1,1,6,6,3,28,6,1999,1,13,FORD FOCUS,3,E01009783,0,-1
2021471075195,2021,471075195,1,9,0,17,19,1,6,0,0,0,0,0,2,4,4,1,6,6,1,21,5,998,1,7,FORD FOCUS,6,E01031468,0,-1
2021991109372,2021,991109372,2,9,0,18,19,7,3,0,0,8,0,0,0,0,3,1,5,6,1,57,9,1499,2,4,FORD FOCUS,6,-1,0,-1
2021430277465,2021,430277465,2,9,0,18,19,1,5,0,0,4,0,0,0,0,4,1,1,1,1,53,8,998,1,9,FORD FOCUS,7,E01016293,0,-1
2021546022721,2021,546022721,2,9,0,3,3,4,8,0,0,0,0,0,0,0,2,1,6,6,2,52,8,1596,1,11,FORD FOCUS,7,E01032693,0,-1
2021211081852,2021,211081852,1,9,0,14,14,5,1,0,0,0,0,0,0,0,1,1,5,6,2,68,10,999,1,3,FORD FOCUS,-1,-1,0,-1
2021991036658,2021,991036658,1,9,0,9,9,4,1,0,0,0,0,0,0,0,2,1,2,2,1,33,6,1560,2,7,FORD FOCUS,3,-1,0,-1
2021201023601,2021,201023601,1,9,0,14,14,2,6,0,0,0,0,4,0,0,4,1,6,6,2,-1,-1,998,1,8,FORD FOCUS,-1,-1,0,-1
2021471109615,2021,471109615,1,9,0,18,19,4,1,0,0,8,0,0,0,0,1,1,6,6,1,33,6,2261,1,4,FORD FOCUS,7,E01032717,0,-1
2021430414404,2021,430414404,2,9,0,18,19,2,6,0,0,8,0,0,0,0,1,1,2,2,2,33,6,1560,2,10,FORD FOCUS,8,E01015534,0,-1
2021991056648,2021,991056648,2,9,0,13,13,4,7,0,0,0,1,0,4,6,2,1,1,1,2,44,7,1753,2,14,FORD FOCUS,7,-1,0,-1
2021320672558,2021,320672558,1,9,0,18,19,3,7,0,0,1,0,0,0,0,1,1,6,6,1,-1,-1,1999,1,9,FORD FOCUS,-1,-1,0,-1
2021231118902,2021,231118902,1,9,0,9,9,8,6,0,0,6,0,0,0,0,3,1,5,6,2,51,8,1596,1,9,FORD FOCUS,4,E01031176,0,-1
2021361095893,2021,361095893,2,9,0,18,19,4,8,0,0,0,0,0,0,0,4,1,5,6,2,35,6,1596,1,9,FORD FOCUS,5,E01026647,0,-1
2021451056950,2021,451056950,2,9,0,18,19,7,3,0,0,1,0,0,0,0,1,2,5,6,1,37,7,1999,1,15,FORD FOCUS,8,E01031503,0,-1
2021010323414,2021,010323414,1,9,0,99,99,9,9,99,99,9,9,99,9,99,9,9,6,6,2,26,6,998,1,8,FORD FOCUS,1,E01017102,0,-1
2021411049292,2021,411049292,1,9,0,18,19,7,3,0,0,8,0,0,0,0,3,1,6,6,1,51,8,999,1,0,FORD FOCUS,9,E01015806,0,-1
2021052100423,2021,052100423,1,9,0,18,19,8,4,0,0,2,0,0,0,0,1,1,2,2,1,56,9,999,1,1,FORD FOCUS,5,E01006669,0,-1
2021111090069,2021,111090069,2,9,0,18,19,4,6,0,0,0,0,0,0,0,3,1,5,6,2,37,7,1388,1,15,FORD FOCUS,3,E01012307,0,-1
2021161102563,2021,161102563,1,9,0,18,19,8,4,0,0,0,0,0,0,0,1,1,6,6,1,-1,-1,1999,1,8,FORD FOCUS,7,E01012792,0,-1
2021131092387,2021,131092387,2,9,0,12,12,5,1,0,0,0,0,0,0,0,2,1,5,6,1,48,8,2521,1,14,FORD FOCUS,5,E01011192,0,-1
2021991017446,2021,991017446,1,9,0,17,19,2,6,0,0,8,0,0,0,0,1,1,5,6,1,27,6,998,1,7,FORD FOCUS,5,-1,0,-1
2021610050521,2021,610050521,2,9,0,5,5,7,3,0,0,4,0,0,0,0,1,1,6,6,2,33,6,1499,2,5,FORD FOCUS,1,W01001667,0,-1
202131C094821,2021,31C094821,2,9,0,18,19,7,3,0,0,8,0,0,0,0,3,1,6,6,1,51,8,1596,1,17,FORD FOCUS,5,E01013913,0,-1
2021461168967,2021,461168967,2,9,0,16,19,3,3,0,0,3,0,0,0,0,3,1,5,6,2,48,8,999,1,5,FORD FOCUS,-1,-1,0,-1
2021501050764,2021,501050764,1,9,0,18,19,3,7,0,0,0,0,0,0,0,1,1,6,6,1,20,4,1596,1,16,FORD FOCUS,4,E01015050,0,-1
2021131079448,2021,131079448,1,9,0,-1,-1,-1,-1,-1,-1,-1,-1,-1,-1,-1,-1,1,6,6,3,-1,-1,1499,2,5,FORD FOCUS,-1,-1,0,-1
2021471119517,2021,471119517,2,9,0,18,19,8,4,0,0,0,0,11,0,0,1,1,6,6,2,70,10,1560,2,11,FORD FOCUS,10,E01031639,0,-1
2021131056881,2021,131056881,1,9,0,6,6,5,1,0,0,8,0,0,0,0,3,1,5,6,1,75,10,1596,1,15,FORD FOCUS,6,E01011517,0,-1
2021501047440,2021,501047440,2,9,0,4,4,8,2,0,0,1,0,0,0,0,1,1,6,6,2,33,6,1388,1,18,FORD FOCUS,7,E01020156,0,-1
2021471061033,2021,471061033,1,9,0,17,19,1,5,0,0,0,5,0,1,0,1,1,5,6,2,27,6,1560,2,10,FORD FOCUS,9,E01031461,0,-1
2021070053454,2021,070053454,1,9,0,18,19,3,7,0,0,0,0,0,0,0,4,1,6,6,1,40,7,1999,1,3,FORD FOCUS,2,E01018710,0,-1
2021320401607,2021,320401607,1,9,0,1,1,2,6,0,0,8,0,0,0,0,2,1,6,6,1,48,8,1498,1,6,FORD FOCUS,2,E01026328,0,-1
2021451080760,2021,451080760,3,9,0,18,19,7,3,0,0,0,0,0,0,0,3,1,5,6,1,34,6,1997,2,13,FORD FOCUS,8,E01022918,0,-1
2021010308080,2021,010308080,2,9,0,18,19,5,1,0,0,1,0,0,1,10,3,1,6,6,1,73,10,1596,1,16,FORD FOCUS,2,E01003168,0,-1
2021010331726,2021,010331726,2,9,0,9,9,7,5,0,0,2,0,0,0,0,1,1,6,6,1,53,8,1596,1,14,FORD FOCUS,3,E01015927,0,-1
2021440312327,2021,440312327,2,9,0,18,19,6,2,0,0,0,0,0,0,0,3,1,2,2,1,22,5,1560,2,8,FORD FOCUS,6,E01017261,0,-1
2021471039225,2021,471039225,2,9,0,18,19,3,7,0,0,0,0,0,7,10,1,1,5,6,2,36,7,1753,2,21,FORD FOCUS,5,E01021096,0,-1
2021544998521,2021,544998521,1,9,0,18,19,8,4,0,0,8,0,9,1,9,1,1,6,6,1,28,6,1999,1,9,FORD FOCUS,4,E01032040,0,-1
2021991058629,2021,991058629,1,9,0,18,19,7,3,0,0,8,0,0,0,0,4,1,6,6,1,57,9,1999,1,9,FORD FOCUS,-1,-1,0,-1
2021010290012,2021,010290012,2,9,0,18,19,7,3,0,0,8,0,0,0,0,1,1,6,6,1,30,6,1596,1,14,FORD FOCUS,3,E01003602,0,-1
2021302101656,2021,302101656,2,9,0,9,9,7,5,0,0,1,0,0,0,0,0,1,6,6,1,52,8,999,1,6,FORD FOCUS,4,E01019813,0,-1
2021451050221,2021,451050221,2,9,0,18,19,7,3,0,0,1,0,0,0,0,1,1,5,6,1,47,8,1596,1,11,FORD FOCUS,3,E01022320,0,-1
2021302100826,2021,302100826,1,9,0,18,19,6,2,0,0,8,0,0,0,0,1,1,6,6,2,25,5,998,1,9,FORD FOCUS,10,E01019640,0,-1
2021421108501,2021,421108501,1,9,0,9,9,4,2,0,0,4,0,0,0,0,1,1,2,2,1,27,6,1560,2,8,FORD FOCUS,2,E01021977,0,-1
2021101037454,2021,101037454,2,9,0,18,19,1,5,0,0,0,0,0,0,0,2,1,6,6,2,34,6,1596,1,9,FORD FOCUS,4,E01008162,0,-1
2021991074383,2021,991074383,3,9,0,3,3,6,2,0,0,0,0,0,0,0,2,1,5,6,1,30,6,1499,2,5,FORD FOCUS,9,-1,0,-1
2021010310976,2021,010310976,1,9,0,99,99,9,9,99,99,9,9,99,9,99,4,9,6,6,1,41,7,999,1,5,FORD FOCUS,4,E01004591,0,-1
2021361077718,2021,361077718,3,9,0,18,19,3,7,0,0,0,0,0,0,0,2,1,5,6,2,36,7,1596,1,9,FORD FOCUS,7,E01026536,0,-1
2021010319414,2021,010319414,1,9,0,18,19,1,5,0,0,8,0,0,0,0,4,1,6,6,3,-1,-1,1596,1,19,FORD FOCUS,-1,-1,0,-1
2021010348085,2021,010348085,1,9,0,18,19,1,5,0,0,1,0,0,0,0,9,9,6,6,1,22,5,1596,1,13,FORD FOCUS,4,E01033579,0,-1
2021471106699,2021,471106699,3,9,0,-1,-1,-1,-1,0,0,1,0,0,0,0,0,1,1,1,1,-1,-1,1995,2,0,FORD FOCUS,6,E01021034,0,-1
2021010344920,2021,010344920,1,9,0,5,5,1,5,0,0,6,0,10,3,0,1,1,6,6,1,66,10,1596,1,16,FORD FOCUS,6,E01003219,0,-1
2021010290358,2021,010290358,1,9,0,18,19,3,7,9,9,1,2,10,1,1,1,1,6,6,1,29,6,1596,1,20,FORD FOCUS,1,E01001426,0,-1
2021421016604,2021,421016604,5,9,0,2,2,0,0,0,0,0,0,0,0,0,4,1,6,6,3,-1,-1,1560,2,10,FORD FOCUS,-1,-1,0,-1
2021501084715,2021,501084715,1,9,0,18,19,6,2,0,0,0,0,0,1,1,1,1,5,6,2,56,9,1560,2,15,FORD FOCUS,5,E01018976,0,-1
2021231085348,2021,231085348,2,9,-1,-1,-1,6,5,-1,-1,-1,-1,-1,-1,0,-1,1,6,6,1,49,8,1997,2,4,FORD FOCUS,-1,-1,0,-1
2021070188340,2021,070188340,1,9,0,18,19,2,6,0,0,6,0,0,0,0,1,1,6,6,2,-1,-1,1560,2,8,FORD FOCUS,-1,-1,0,-1
2021361029394,2021,361029394,2,9,0,2,2,0,0,0,0,3,0,0,0,0,0,1,5,6,1,48,8,1753,2,12,FORD FOCUS,4,E01026806,0,-1
2021430045787,2021,430045787,1,9,0,18,19,2,5,0,0,1,0,0,0,0,1,1,6,6,3,-1,-1,999,1,6,FORD FOCUS,-1,-1,0,-1
2021010328315,2021,010328315,1,9,0,18,19,3,7,0,0,0,0,0,0,0,4,1,6,6,2,57,9,1596,1,12,FORD FOCUS,2,E01004389,0,-1