collision_index,collision_year,collision_ref_no,vehicle_reference,vehicle_type,towing_and_articulation,vehicle_manoeuvre_historic,vehicle_manoeuvre,vehicle_direction_from,vehicle_direction_to,vehicle_location_restricted_lane_historic,vehicle_location_restricted_lane,junction_location,skidding_and_overturning,hit_object_in_carriageway,vehicle_leaving_carriageway,hit_object_off_carriageway,first_point_of_impact,vehicle_left_hand_drive,journey_purpose_of_driver_historic,journey_purpose_of_driver,sex_of_driver,age_of_driver,age_band_of_driver,engine_capacity_cc,propulsion_code,age_of_vehicle,generic_make_model,driver_imd_decile,lsoa_of_driver,escooter_flag,driver_distance_banding
2021010334744,2021,010334744,1,9,0,99,99,9,9,99,99,9,9,99,9,99,2,9,6,6,2,51,8,1596,1,12,FORD FOCUS,3,E01001690,0,-1
2021010339219,2021,010339219,1,9,0,17,19,2,6,9,9,1,0,11,7,11,1,1,6,6,2,31,6,1596,1,10,FORD FOCUS,-1,-1,0,-1
2021320469288,2021,320469288,1,9,0,18,19,5,1,0,0,1,0,0,0,0,3,1,6,6,2,39,7,1560,2,7,FORD FOCUS,7,E01026188,0,-1
2021622100123,2021,622100123,2,9,0,18,19,4,8,0,0,1,0,0,0,0,2,1,6,6,1,36,7,1499,2,5,FORD FOCUS,4,W01001337,0,-1
2021221096948,2021,221096948,2,9,0,5,5,1,8,0,0,4,0,0,0,0,3,1,2,2,1,26,6,1596,1,14,FORD FOCUS,6,E01009217,0,-1
2021371088779,2021,371088779,1,9,0,9,9,3,5,0,0,2,1,0,0,0,3,1,5,6,2,80,11,1496,1,2,FORD FOCUS,5,E01030283,0,-1
2021221022652,2021,221022652,1,9,0,18,19,1,5,0,0,8,0,0,0,0,4,1,2,2,1,49,8,1560,2,11,FORD FOCUS,4,E01014020,0,-1
2021131035311,2021,131035311,2,9,0,18,19,3,7,0,0,0,0,0,0,0,2,1,5,6,1,21,5,1596,1,10,FORD FOCUS,6,E01007565,0,-1
2021010333320,2021,010333320,1,9,0,99,99,9,9,99,99,9,9,99,9,99,1,9,6,6,2,31,6,998,1,8,FORD FOCUS,3,E01003431,0,-1
2021010287927,2021,010287927,2,9,0,5,5,1,5,0,0,8,0,0,2,10,3,1,2,2,2,56,9,1798,1,14,FORD FOCUS,3,E01004590,0,-1
2021010318907,2021,010318907,1,9,0,5,5,5,1,0,0,1,0,0,3,0,4,1,6,6,1,31,6,1596,1,17,FORD FOCUS,6,E01004608,0,-1
2021501094491,2021,501094491,2,9,0,18,19,5,1,0,0,0,0,0,0,0,1,1,2,2,1,23,5,1796,1,17,FORD FOCUS,6,E01019016,0,-1
2021501090047,2021,501090047,1,9,0,9,9,2,6,0,0,8,0,0,0,0,1,1,5,6,1,29,6,1596,1,16,FORD FOCUS,3,E01018873,0,-1
2021622100618,2021,622100618,1,9,0,18,19,2,6,0,0,0,5,4,0,0,4,1,6,6,2,43,7,1753,2,14,FORD FOCUS,1,W01000935,0,-1
2021991022575,2021,991022575,1,9,0,18,19,7,3,0,0,0,0,0,0,0,1,1,6,6,1,20,4,1997,2,10,FORD FOCUS,6,-1,0,-1
2021991126308,2021,991126308,1,9,0,9,9,7,5,0,0,8,0,11,0,0,1,1,6,6,2,27,6,1498,1,5,FORD FOCUS,1,-1,0,-1
2021501065962,2021,501065962,1,9,0,13,13,5,1,0,0,0,1,0,0,0,1,1,6,6,1,22,5,1997,2,5,FORD FOCUS,5,E01020296,0,-1
2021010287882,2021,010287882,1,9,0,99,99,9,9,99,99,0,9,99,9,99,2,9,6,6,1,43,7,1596,1,15,FORD FOCUS,2,E01001151,0,-1
2021010319763,2021,010319763,3,9,0,4,4,3,7,0,0,0,0,0,0,0,2,1,2,2,2,29,6,1596,1,6,FORD FOCUS,5,E01002371,0,-1
2021451046863,2021,451046863,1,9,0,18,19,1,5,0,0,0,0,0,0,0,1,1,4,7,2,46,8,1560,2,7,FORD FOCUS,5,E01030786,0,-1
2021070301160,2021,070301160,1,9,0,16,19,6,2,0,0,0,0,0,0,0,1,2,1,1,1,32,6,1499,2,3,FORD FOCUS,5,W01000024,0,-1
2021501018881,2021,501018881,1,9,0,18,19,6,2,0,0,4,0,0,0,0,1,1,6,6,1,74,10,1798,1,12,FORD FOCUS,8,E01020102,0,-1
2021101125156,2021,101125156,1,9,0,18,19,5,1,0,0,0,0,0,0,0,1,1,5,6,1,59,9,1560,2,11,FORD FOCUS,2,E01008665,0,-1
2021010306224,2021,010306224,2,9,0,3,3,3,7,0,0,1,0,0,0,0,2,1,6,6,1,28,6,1596,1,16,FORD FOCUS,2,E01001760,0,-1
2021010341202,2021,010341202,2,9,0,99,99,9,9,99,99,9,9,99,9,99,2,9,6,6,3,-1,-1,999,1,4,FORD FOCUS,-1,-1,0,-1
2021070826291,2021,070826291,2,9,0,17,19,5,2,0,0,0,0,0,0,0,4,1,6,6,2,31,6,999,1,4,FORD FOCUS,2,E01006862,0,-1
2021201145731,2021,201145731,2,9,0,18,19,-1,-1,0,0,4,0,0,0,0,1,1,1,1,2,40,7,999,1,6,FORD FOCUS,1,E01009756,0,-1
2021141095083,2021,141095083,1,9,0,18,19,5,1,0,0,1,0,0,0,0,4,1,5,6,1,85,11,1596,1,13,FORD FOCUS,3,E01007385,0,-1
2021440178829,2021,440178829,1,9,0,18,19,7,3,0,0,8,0,0,0,0,1,1,2,2,1,20,4,1560,2,8,FORD FOCUS,3,E01017107,0,-1
2021440024473,2021,440024473,2,9,0,7,7,8,4,0,0,8,0,0,0,0,1,1,6,6,2,35,6,1560,2,12,FORD FOCUS,6,E01016254,0,-1
2021010322040,2021,010322040,1,9,0,18,19,5,1,0,0,6,5,7,7,10,3,1,6,6,2,17,4,999,1,4,FORD FOCUS,6,E01024421,0,-1
2021461039915,2021,461039915,1,9,0,4,4,5,1,9,9,2,0,11,3,0,1,1,2,2,2,22,5,998,1,7,FORD FOCUS,2,E01024277,0,-1
2021031067903,2021,031067903,2,9,0,18,19,1,5,0,0,1,0,0,0,0,1,1,6,6,1,73,10,1560,2,8,FORD FOCUS,9,E01019124,0,-1
2021010340084,2021,010340084,3,9,0,99,99,9,9,99,99,0,9,99,9,99,1,9,6,6,3,-1,-1,1596,1,19,FORD FOCUS,-1,-1,0,-1
2021421023744,2021,421023744,2,9,0,5,5,1,5,0,0,4,0,0,0,0,1,1,2,2,1,55,8,1596,1,11,FORD FOCUS,1,E01033129,0,-1
2021010342737,2021,010342737,1,9,0,18,19,1,5,0,0,0,0,4,0,0,1,1,1,1,2,73,10,1596,1,9,FORD FOCUS,7,E01000340,0,-1
2021231025459,2021,231025459,1,9,0,7,7,7,1,0,0,6,0,0,0,0,4,1,5,6,1,27,6,1596,1,14,FORD FOCUS,3,E01031264,0,-1
2021991115647,2021,991115647,1,9,0,18,19,7,3,0,0,0,0,0,7,0,1,1,5,6,1,19,4,1560,2,9,FORD FOCUS,9,-1,0,-1
2021061070391,2021,061070391,1,9,0,3,3,8,4,0,0,0,0,0,0,0,3,1,6,6,1,51,8,999,1,2,FORD FOCUS,2,E01006029,0,-1
2021421064321,2021,421064321,1,9,0,18,19,4,8,0,0,0,5,10,0,0,4,1,5,6,1,78,11,999,1,3,FORD FOCUS,8,E01021755,0,-1
2021401020531,2021,401020531,4,9,0,2,2,0,0,0,0,0,0,0,0,0,2,1,6,6,3,-1,-1,1560,2,12,FORD FOCUS,-1,-1,0,-1
2021010330679,2021,010330679,1,9,0,18,19,1,5,0,0,0,0,0,0,0,2,1,6,6,1,69,10,999,1,4,FORD FOCUS,-1,-1,0,-1
2021430495209,2021,430495209,1,9,0,18,19,1,5,0,0,8,0,0,1,0,4,1,1,1,1,28,6,998,1,9,FORD FOCUS,9,E01016315,0,-1
2021401061066,2021,401061066,1,9,0,18,19,5,1,0,0,1,1,0,1,0,3,1,5,6,2,50,8,1596,1,18,FORD FOCUS,6,E01017508,0,-1
2021430267138,2021,430267138,1,9,0,18,19,6,1,0,0,4,0,0,0,0,1,1,6,6,2,65,9,999,1,4,FORD FOCUS,-1,-1,0,-1
2021070890644,2021,070890644,2,9,0,17,19,7,3,0,0,1,0,0,1,0,1,1,6,6,1,43,7,999,1,1,FORD FOCUS,6,E01018713,0,-1
2021010322783,2021,010322783,1,9,0,18,19,4,8,0,0,1,0,0,0,0,1,1,6,6,2,47,8,1596,1,15,FORD FOCUS,3,E01000022,0,-1
2021201149730,2021,201149730,2,9,0,18,19,2,7,0,0,1,0,0,0,0,1,1,6,6,1,-1,-1,1560,2,8,FORD FOCUS,4,E01009451,0,-1
2021010330796,2021,010330796,1,9,0,18,19,3,7,0,0,2,0,0,0,0,1,1,6,6,2,48,8,1596,1,9,FORD FOCUS,4,E01002014,0,-1
2021351031934,2021,351031934,1,9,0,7,7,3,1,0,0,1,0,0,0,0,1,1,2,2,1,26,6,1596,1,15,FORD FOCUS,8,E01018219,0,-1
2021451073779,2021,451073779,2,9,0,10,10,4,8,0,0,1,0,0,0,0,2,1,5,6,1,60,9,1496,1,2,FORD FOCUS,6,E01002919,0,-1
2021421033136,2021,421033136,3,9,0,2,2,0,0,0,0,0,0,0,0,0,4,1,6,6,3,-1,-1,1560,2,12,FORD FOCUS,-1,-1,0,-1
2021010319051,2021,010319051,2,9,0,18,19,5,1,0,0,0,0,0,0,0,1,9,6,6,3,27,6,999,1,5,FORD FOCUS,4,E01001183,0,-1
2021520200068,2021,520200068,2,9,0,18,19,4,8,0,0,0,0,0,0,0,1,1,6,6,2,59,9,1596,1,15,FORD FOCUS,5,E01029102,0,-1
2021221030608,2021,221030608,2,9,0,17,19,6,2,0,0,8,0,0,0,0,1,1,2,2,2,31,6,1560,2,8,FORD FOCUS,2,E01014162,0,-1
2021991037816,2021,991037816,2,9,0,4,4,2,7,0,0,1,0,0,0,0,2,1,5,6,2,27,6,1560,2,7,FORD FOCUS,5,-1,0,-1
2021041067011,2021,041067011,3,9,0,18,19,1,5,0,0,0,0,0,0,0,1,1,2,2,1,47,8,1499,2,5,FORD FOCUS,10,E01025278,0,-1
2021461033538,2021,461033538,2,9,0,5,5,1,7,0,0,1,0,0,0,0,2,1,5,6,2,39,7,998,1,8,FORD FOCUS,10,E01016085,0,-1
2021520106010,2021,520106010,1,9,0,18,19,5,1,0,0,0,0,0,0,0,1,1,6,6,2,30,6,1560,2,16,FORD FOCUS,3,E01029110,0,-1
2021041028507,2021,041028507,1,9,0,18,19,1,5,0,0,0,0,0,7,4,1,1,5,6,1,31,6,1596,1,10,FORD FOCUS,1,E01004870,0,-1
2021221021113,2021,221021113,2,9,0,18,19,4,8,0,0,8,0,0,0,0,1,1,5,6,1,24,5,2521,1,13,FORD FOCUS,5,E01028895,0,-1
2021471088364,2021,471088364,1,9,0,18,19,7,3,0,0,0,0,0,0,0,1,1,6,6,1,-1,-1,1388,1,14,FORD FOCUS,-1,-1,0,-1
202131B092221,2021,31B092221,1,9,0,9,9,8,6,0,0,6,0,0,0,0,3,1,6,6,2,38,7,1596,1,12,FORD FOCUS,-1,-1,0,-1
2021501043822,2021,501043822,1,9,0,18,19,2,6,0,0,0,1,0,8,10,1,1,5,6,1,20,4,1596,1,14,FORD FOCUS,7,E01020043,0,-1
2021101041100,2021,101041100,1,9,0,13,13,3,7,0,0,2,0,4,7,0,4,1,5,6,1,19,4,1560,2,6,FORD FOCUS,6,E01020778,0,-1
2021061035242,2021,061035242,2,9,0,10,10,7,5,0,0,1,0,0,0,0,4,1,6,6,2,58,9,998,1,8,FORD FOCUS,6,E01004800,0,-1
2021540970521,2021,540970521,2,9,0,10,10,7,5,0,0,1,0,0,0,0,2,1,6,6,2,55,8,1596,1,14,FORD FOCUS,5,E01032103,0,-1
2021440368489,2021,440368489,1,9,0,17,19,3,7,0,0,1,0,0,0,0,1,1,6,6,2,30,6,1596,1,10,FORD FOCUS,3,E01017348,0,-1
2021041038227,2021,041038227,2,9,0,18,19,3,7,0,0,2,0,0,0,0,4,1,5,6,1,30,6,1560,2,7,FORD FOCUS,2,E01025051,0,-1
2021471054105,2021,471054105,1,9,0,7,7,4,6,0,0,6,0,0,0,0,3,1,6,6,1,40,7,1596,1,17,FORD FOCUS,1,E01016910,0,-1
2021010319621,2021,010319621,1,9,0,17,19,5,1,0,0,0,1,0,7,7,1,1,6,6,2,36,7,1596,1,15,FORD FOCUS,3,E01001445,0,-1
2021610051521,2021,610051521,1,9,0,9,9,1,7,0,0,2,0,0,0,0,3,1,1,1,2,25,5,1560,2,14,FORD FOCUS,2,W01001501,0,-1
2021440374405,2021,440374405,3,9,0,3,3,7,3,0,0,1,0,0,0,0,1,1,6,6,1,27,6,1999,1,5,FORD FOCUS,3,E01017191,0,-1
2021070787794,2021,070787794,2,9,0,9,9,5,1,0,0,6,0,0,0,0,1,1,6,6,2,31,6,999,1,4,FORD FOCUS,1,E01012441,0,-1
2021010287753,2021,010287753,2,9,0,99,99,9,9,99,99,9,9,99,9,99,9,9,6,6,3,-1,-1,1596,1,11,FORD FOCUS,-1,-1,0,-1
2021430213647,2021,430213647,2,9,0,4,4,2,6,0,0,0,0,0,0,0,4,1,6,6,1,47,8,1596,1,7,FORD FOCUS,-1,-1,0,-1
2021520105324,2021,520105324,2,9,0,18,19,1,5,0,0,1,0,0,0,0,1,1,6,6,1,60,9,998,1,7,FORD FOCUS,6,E01029091,0,-1
2021552101305,2021,552101305,2,9,0,18,19,5,1,0,0,0,0,0,0,0,1,1,6,6,1,52,8,1596,1,10,FORD FOCUS,1,E01015309,0,-1
2021010335078,2021,010335078,2,9,0,13,13,5,1,0,0,0,0,0,0,0,1,1,6,6,1,31,6,2521,1,11,FORD FOCUS,1,E01002093,0,-1
2021052101704,2021,052101704,1,9,0,18,19,1,5,0,0,1,2,0,1,10,4,1,2,2,1,26,6,1596,1,12,FORD FOCUS,3,E01033754,0,-1
2021010294118,2021,010294118,2,9,0,18,19,6,2,0,0,1,0,0,0,0,1,1,6,6,1,76,11,999,1,4,FORD FOCUS,3,E01000740,0,-1
2021052102653,2021,052102653,1,9,0,9,9,6,4,0,0,2,0,0,0,0,1,1,1,1,1,49,8,1499,2,3,FORD FOCUS,1,E01006696,0,-1
2021122100933,2021,122100933,1,9,0,18,19,7,2,0,0,0,0,0,0,0,3,1,6,6,2,51,8,1560,2,10,FORD FOCUS,1,E01027805,0,-1
2021351095809,2021,351095809,1,9,0,3,3,7,3,0,0,0,0,11,0,0,1,1,5,6,1,27,6,1753,2,17,FORD FOCUS,8,E01018225,0,-1
2021052101672,2021,052101672,1,9,0,18,19,7,3,0,0,8,0,0,0,0,3,1,6,6,2,73,10,1560,2,15,FORD FOCUS,2,E01007271,0,-1
202131B152721,2021,31B152721,1,9,0,4,4,4,8,0,0,0,0,0,0,0,2,1,6,6,1,63,9,999,1,3,FORD FOCUS,4,E01030169,0,-1
2021010300221,2021,010300221,2,9,0,99,99,9,9,99,99,9,9,99,9,99,1,9,6,6,3,-1,-1,1560,2,14,FORD FOCUS,7,E01028976,0,-1
2021302100731,2021,302100731,1,9,0,16,19,8,4,0,0,0,2,10,1,11,1,1,6,6,1,40,7,1596,1,15,FORD FOCUS,3,E01025753,0,-1
2021031073567,2021,031073567,1,9,0,16,19,5,1,0,0,0,1,0,0,0,1,1,2,2,1,24,5,1560,2,8,FORD FOCUS,9,E01019079,0,-1
2021131124200,2021,131124200,2,9,0,17,19,3,7,0,0,0,0,0,0,0,1,1,6,6,1,64,9,1499,2,5,FORD FOCUS,1,E01011559,0,-1
2021991034747,2021,991034747,3,9,0,3,3,3,7,0,0,0,0,0,0,0,2,2,6,6,2,46,8,1560,2,8,FORD FOCUS,7,-1,0,-1
2021531058335,2021,531058335,3,9,0,3,3,3,7,0,0,0,0,0,0,0,2,1,2,2,2,25,5,998,1,8,FORD FOCUS,9,E01022422,0,-1
2021131072138,2021,131072138,1,9,0,18,19,5,1,0,0,0,0,0,0,0,1,1,6,6,3,-1,-1,1388,1,17,FORD FOCUS,-1,-1,0,-1
2021531107898,2021,531107898,2,9,0,17,19,1,5,0,0,1,0,7,1,1,1,1,6,6,1,89,11,1596,1,16,FORD FOCUS,10,E01022114,0,-1
2021201066391,2021,201066391,1,9,0,18,19,-1,-1,0,0,0,0,0,0,0,1,1,6,6,1,46,8,2521,1,13,FORD FOCUS,3,E01009118,0,-1
2021471067116,2021,471067116,2,9,0,18,19,7,3,0,0,8,0,0,0,0,4,1,5,6,1,69,10,1596,1,12,FORD FOCUS,7,E01031471,0,-1
2021041102407,2021,041102407,2,9,0,16,19,5,7,0,0,2,0,0,0,0,1,1,5,6,1,31,6,1499,2,1,FORD FOCUS,9,E01025324,0,-1
2021161090083,2021,161090083,4,9,0,18,19,7,3,0,0,0,0,0,0,0,2,1,6,6,1,59,9,1997,2,5,FORD FOCUS,5,E01013308,0,-1
2021041079420,2021,041079420,1,9,0,9,9,7,1,0,0,6,0,0,0,0,1,1,1,1,1,35,6,1560,2,6,FORD FOCUS,-1,-1,0,-1
2021010352424,2021,010352424,2,9,0,9,9,7,5,0,0,8,0,0,0,0,1,1,6,6,3,-1,-1,1999,1,14,FORD FOCUS,-1,-1,0,-1
2021401015914,2021,401015914,3,9,0,18,19,7,3,0,0,0,1,0,0,0,1,1,6,6,1,19,4,999,1,3,FORD FOCUS,7,E01017575,0,-1
2021351017431,2021,351017431,1,9,0,18,19,3,7,0,0,0,1,12,0,0,1,1,2,2,2,26,6,1753,2,14,FORD FOCUS,8,E01033115,0,-1
2021471047398,2021,471047398,2,9,0,18,19,7,3,0,0,8,0,0,0,0,4,1,5,6,2,36,7,999,1,1,FORD FOCUS,2,E01016873,0,-1
2021440282408,2021,440282408,1,9,0,18,19,4,8,0,0,8,0,0,3,1,3,1,6,6,2,37,7,999,1,3,FORD FOCUS,6,E01022814,0,-1
2021421082586,2021,421082586,2,9,0,2,2,0,0,0,0,0,0,0,0,0,4,1,6,6,3,-1,-1,1560,2,9,FORD FOCUS,-1,-1,0,-1
2021421104801,2021,421104801,1,9,0,18,19,1,6,0,0,1,0,0,0,0,1,1,6,6,2,39,7,1560,2,9,FORD FOCUS,5,E01021387,0,-1
2021010312637,2021,010312637,2,9,0,18,19,5,1,0,0,8,0,0,0,0,1,1,6,6,2,35,6,998,1,8,FORD FOCUS,-1,-1,0,-1
2021010321574,2021,010321574,1,9,0,18,19,5,1,0,0,8,0,0,0,0,4,1,6,6,1,42,7,1596,1,14,FORD FOCUS,9,E01023706,0,-1
2021010318590,2021,010318590,1,9,0,99,99,9,9,99,99,0,9,99,9,99,2,9,6,6,1,48,8,1753,2,13,FORD FOCUS,6,E01004078,0,-1
2021302100441,2021,302100441,1,9,0,1,1,0,0,0,0,0,0,0,0,0,2,1,6,6,1,68,10,1596,1,12,FORD FOCUS,5,E01013551,0,-1
2021052101838,2021,052101838,1,9,0,4,4,7,3,0,0,0,0,0,0,0,1,1,2,2,2,38,7,1596,1,12,FORD FOCUS,2,E01007214,0,-1
2021061058853,2021,061058853,2,9,0,18,19,3,7,0,0,1,0,0,0,0,1,1,1,1,1,49,8,1499,2,5,FORD FOCUS,1,E01005349,0,-1
2021451067798,2021,451067798,1,9,0,18,19,3,7,0,0,2,0,0,0,0,1,1,6,6,1,41,7,999,1,4,FORD FOCUS,4,E01030634,0,-1
2021010340553,2021,010340553,1,9,0,18,19,1,5,0,0,1,1,4,0,0,1,1,6,6,1,50,8,1997,2,6,FORD FOCUS,5,E01001315,0,-1
2021010322102,2021,010322102,1,9,0,18,19,7,3,0,0,8,0,0,0,0,1,1,6,6,1,52,8,1596,1,12,FORD FOCUS,2,E01001010,0,-1
2021010309964,2021,010309964,2,9,0,18,19,3,7,0,0,1,0,0,0,0,0,1,6,6,2,71,10,1596,1,13,FORD FOCUS,10,E01001129,0,-1
2021010302493,2021,010302493,1,9,0,13,13,5,1,0,0,0,0,0,0,0,4,1,6,6,2,35,6,1596,1,13,FORD FOCUS,5,E01002590,0,-1
2021010346784,2021,010346784,2,9,0,12,12,1,5,0,0,3,0,0,0,0,4,1,6,6,1,-1,-1,1499,2,5,FORD FOCUS,-1,-1,0,-1
2021010349738,2021,010349738,2,9,0,18,19,7,3,0,0,5,0,7,0,0,1,1,6,6,2,59,9,999,1,1,FORD FOCUS,10,E01000841,0,-1
2021461054302,2021,461054302,1,9,0,18,19,6,2,0,0,1,0,0,0,0,1,1,6,6,1,40,7,1596,1,17,FORD FOCUS,8,E01016101,0,-1
2021061137870,2021,061137870,2,9,0,18,19,3,7,0,0,8,0,0,0,0,4,1,6,6,1,30,6,1997,2,4,FORD FOCUS,1,E01006289,0,-1
2021010314826,2021,010314826,2,9,0,1,1,4,8,0,0,1,0,0,0,0,2,1,6,6,1,-1,-1,1596,1,12,FORD FOCUS,3,E01003575,0,-1
2021010323738,2021,010323738,2,9,0,99,99,9,9,99,99,9,9,99,9,99,9,9,6,6,3,26,6,1596,1,10,FORD FOCUS,1,E01002026,0,-1
2021070830244,2021,070830244,1,9,0,18,19,8,4,0,0,0,0,0,0,0,4,1,6,6,1,28,6,1560,2,6,FORD FOCUS,8,E01009454,0,-1
2021302101473,2021,302101473,2,9,0,3,3,6,2,0,0,2,0,0,0,0,2,1,6,6,1,47,8,1560,2,8,FORD FOCUS,3,E01013453,0,-1
2021010288834,2021,010288834,3,9,0,2,2,0,0,0,0,0,0,4,0,0,1,1,6,6,3,-1,-1,1560,2,10,FORD FOCUS,-1,-1,0,-1
2021371144219,2021,371144219,1,9,0,4,4,1,5,0,0,0,0,0,0,0,4,1,5,6,2,19,4,1499,2,1,FORD FOCUS,5,E01018051,0,-1
2021201032031,2021,201032031,1,9,0,18,19,8,4,0,0,0,0,0,0,0,1,1,2,2,2,52,8,1596,1,9,FORD FOCUS,3,E01009768,0,-1
2021010343670,2021,010343670,1,9,0,18,19,7,3,0,0,0,0,0,0,0,1,1,6,6,1,24,5,1596,1,10,FORD FOCUS,4,E01004294,0,-1
2021552101037,2021,552101037,1,9,0,18,19,8,4,0,0,0,0,0,0,0,1,1,6,6,2,29,6,998,1,9,FORD FOCUS,7,E01032641,0,-1
2021010345858,2021,010345858,1,9,0,2,2,0,0,0,0,0,0,0,0,0,3,1,6,6,3,-1,-1,1596,1,13,FORD FOCUS,-1,-1,0,-1
2021070623075,2021,070623075,1,9,0,18,19,3,7,0,0,2,0,0,0,0,1,1,6,6,1,91,11,1988,1,19,FORD FOCUS,7,E01012524,0,-1
2021131062997,2021,131062997,1,9,0,5,5,5,5,9,9,8,0,0,1,0,2,1,2,2,2,43,7,1596,1,14,FORD FOCUS,1,E01011466,0,-1
2021061078532,2021,061078532,1,9,-1,18,19,4,4,0,0,0,0,0,0,0,1,1,6,6,1,33,6,999,1,4,FORD FOCUS,3,E01005363,0,-1
2021320564578,2021,320564578,1,8,0,7,7,4,6,0,0,1,0,0,0,0,1,1,1,1,1,31,6,999,1,2,FORD FOCUS,7,E01028387,0,-1
2021010344623,2021,010344623,1,9,0,7,7,1,3,0,0,1,0,0,0,0,1,1,6,6,2,27,6,1596,1,13,FORD FOCUS,5,E01003756,0,-1
2021520104255,2021,520104255,2,9,0,18,19,1,5,0,0,1,0,0,0,0,1,1,6,6,2,81,11,1997,2,8,FORD FOCUS,9,E01029209,0,-1
2021010302759,2021,010302759,1,9,0,9,9,1,7,0,0,1,1,10,1,11,1,1,1,1,1,33,6,999,1,4,FORD FOCUS,4,E01001898,0,-1
2021138320938,2021,138320938,1,9,0,9,9,7,3,0,0,1,0,0,0,0,1,1,6,6,2,32,6,1997,2,11,FORD FOCUS,4,E01011644,0,-1
2021991076062,2021,991076062,2,9,0,16,19,4,8,0,0,0,1,0,0,0,1,1,5,6,2,55,8,1560,2,7,FORD FOCUS,5,E01007106,0,-1
202131B189321,2021,31B189321,1,9,0,9,9,2,6,0,0,8,0,0,0,0,1,1,2,2,1,57,9,1560,2,7,FORD FOCUS,9,E01032993,0,-1
2021141126670,2021,141126670,2,9,0,5,5,7,3,0,0,8,0,0,0,0,1,1,5,6,1,40,7,1999,1,15,FORD FOCUS,4,E01008155,0,-1
2021610056121,2021,610056121,1,9,0,18,19,7,3,0,0,7,1,0,8,7,1,1,6,6,1,37,7,1560,2,16,FORD FOCUS,9,W01001294,0,-1
2021041066625,2021,041066625,2,9,0,18,19,7,3,0,0,1,0,0,0,0,1,1,2,2,1,51,8,1560,2,7,FORD FOCUS,8,E01025321,0,-1
2021131062503,2021,131062503,3,9,0,2,2,6,2,9,9,1,0,0,0,0,0,1,6,6,3,-1,-1,1997,2,9,FORD FOCUS,-1,-1,0,-1
2021522104356,2021,522104356,1,9,0,5,5,0,0,0,0,0,0,0,0,0,2,1,6,6,2,58,9,1560,2,9,FORD FOCUS,3,E01014841,0,-1
2021010295648,2021,010295648,2,9,0,1,1,5,1,0,0,1,0,0,0,0,2,1,6,6,2,22,5,999,1,1,FORD FOCUS,-1,-1,0,-1
2021520104857,2021,520104857,1,9,0,18,19,3,7,0,0,8,0,0,0,0,1,1,6,6,2,63,9,1596,1,15,FORD FOCUS,5,E01029137,0,-1
2021010322076,2021,010322076,2,9,0,7,7,7,2,0,0,1,0,0,0,0,0,1,6,6,1,18,4,1596,1,17,FORD FOCUS,4,E01033729,0,-1
2021010313441,2021,010313441,1,9,0,9,9,7,4,0,0,8,0,0,0,0,4,1,6,6,2,25,5,1596,1,16,FORD FOCUS,3,E01004430,0,-1
2021440401808,2021,440401808,2,9,0,18,19,3,7,0,0,1,0,0,7,10,4,1,6,6,2,45,7,1596,1,16,FORD FOCUS,3,E01030952,0,-1
2021161119012,2021,161119012,2,9,0,9,9,5,3,0,0,8,0,0,0,0,4,1,2,2,1,42,7,1596,1,9,FORD FOCUS,7,E01013186,0,-1
2021161018707,2021,161018707,2,9,0,14,14,6,2,0,0,1,0,0,0,0,1,1,2,2,1,27,6,1560,2,7,FORD FOCUS,7,E01012966,0,-1
2021131111249,2021,131111249,1,9,0,5,5,5,1,0,0,0,0,0,0,0,1,1,3,7,1,66,10,1596,1,8,FORD FOCUS,3,E01010846,0,-1
2021010316925,2021,010316925,1,9,0,10,10,3,8,0,0,8,0,0,0,0,3,1,6,6,1,35,6,1596,1,15,FORD FOCUS,-1,-1,0,-1
2021131045123,2021,131045123,1,9,0,18,19,7,3,0,0,0,0,0,0,0,2,1,5,6,1,47,8,1560,2,14,FORD FOCUS,1,E01005070,0,-1
2021061052658,2021,061052658,2,9,0,18,19,6,2,0,0,1,0,0,0,0,3,1,5,6,1,64,9,1798,1,12,FORD FOCUS,1,E01005223,0,-1
202134WNC6031,2021,34WNC6031,1,9,0,5,5,6,2,0,0,6,0,0,0,0,4,1,6,6,1,19,4,999,1,0,FORD FOCUS,10,E01022848,0,-1
2021461131521,2021,461131521,3,9,0,18,19,5,1,0,0,8,0,0,0,0,1,1,6,6,1,68,10,1560,2,9,FORD FOCUS,6,E01024260,0,-1
2021471055154,2021,471055154,1,9,0,16,19,5,1,0,0,0,1,0,7,6,1,1,5,6,2,41,7,1596,1,19,FORD FOCUS,10,E01031668,0,-1
2021471060078,2021,471060078,2,9,0,16,19,5,8,0,0,0,0,0,0,0,1,1,1,1,2,21,5,1499,2,4,FORD FOCUS,7,E01031414,0,-1
2021201074343,2021,201074343,2,9,0,3,3,1,2,0,0,3,0,0,0,0,1,1,6,6,1,29,6,1560,2,12,FORD FOCUS,1,E01009007,0,-1
2021221073084,2021,221073084,2,9,0,5,5,1,5,0,0,6,0,0,0,0,1,1,5,6,1,41,7,1596,1,6,FORD FOCUS,8,E01013996,0,-1
2021041117214,2021,041117214,1,9,0,16,19,1,7,0,0,0,1,11,0,0,1,1,5,6,1,20,4,1499,2,6,FORD FOCUS,4,E01025099,0,-1