collision_index,collision_year,collision_ref_no,vehicle_reference,vehicle_type,towing_and_articulation,vehicle_manoeuvre_historic,vehicle_manoeuvre,vehicle_direction_from,vehicle_direction_to,vehicle_location_restricted_lane_historic,vehicle_location_restricted_lane,junction_location,skidding_and_overturning,hit_object_in_carriageway,vehicle_leaving_carriageway,hit_object_off_carriageway,first_point_of_impact,vehicle_left_hand_drive,journey_purpose_of_driver_historic,journey_purpose_of_driver,sex_of_driver,age_of_driver,age_band_of_driver,engine_capacity_cc,propulsion_code,age_of_vehicle,generic_make_model,driver_imd_decile,lsoa_of_driver,escooter_flag,driver_distance_banding
2021991076809,2021,991076809,3,9,0,3,3,2,6,0,0,1,0,0,0,0,3,1,6,6,1,55,8,1997,2,6,FORD FOCUS,6,-1,0,-1
2021421066748,2021,421066748,4,9,0,2,2,0,0,6,6,1,0,0,0,0,1,1,6,6,3,-1,-1,1596,1,12,FORD FOCUS,-1,-1,0,-1
2021231054751,2021,231054751,1,9,0,9,9,3,1,0,0,5,0,0,0,0,1,1,5,6,2,32,6,1596,1,14,FORD FOCUS,8,E01031103,0,-1
2021161101935,2021,161101935,1,9,0,9,9,7,8,0,0,6,0,0,0,0,3,1,5,6,1,27,6,1499,2,6,FORD FOCUS,2,E01013284,0,-1
2021320370875,2021,320370875,1,9,0,18,19,7,3,0,0,8,0,0,0,0,3,1,6,6,2,49,8,1560,2,7,FORD FOCUS,1,E01012595,0,-1
2021010298525,2021,010298525,2,9,0,13,13,3,7,0,0,0,0,0,9,0,4,9,6,6,1,21,5,1596,1,19,FORD FOCUS,7,E01021827,0,-1
2021041073738,2021,041073738,2,9,0,7,7,1,5,0,0,3,0,0,0,0,3,1,5,6,1,20,4,1997,2,16,FORD FOCUS,5,E01012664,0,-1
2021201060905,2021,201060905,2,9,0,18,19,-1,-1,0,0,1,0,0,0,0,1,1,6,6,1,-1,-1,1596,1,11,FORD FOCUS,5,E01009293,0,-1
2021010329707,2021,010329707,1,9,0,99,99,9,9,99,99,9,9,99,9,99,1,9,6,6,1,22,5,1596,1,12,FORD FOCUS,4,E01004232,0,-1
2021411100163,2021,411100163,1,9,0,14,14,2,6,0,0,1,0,0,0,0,0,1,6,6,1,40,7,1596,1,17,FORD FOCUS,7,E01023569,0,-1
2021501039953,2021,501039953,1,9,0,2,2,5,3,0,0,2,0,0,0,0,1,1,3,7,2,40,7,1798,1,14,FORD FOCUS,2,E01018999,0,-1
2021361145801,2021,361145801,1,9,0,9,9,4,2,0,0,8,0,0,0,0,1,1,5,6,2,19,4,1596,1,16,FORD FOCUS,6,E01032523,0,-1
2021010289994,2021,010289994,2,9,0,99,99,9,9,99,99,9,9,99,9,99,1,9,6,6,3,29,6,1798,1,11,FORD FOCUS,9,E01000440,0,-1
2021070332754,2021,070332754,1,9,0,9,9,7,3,0,0,5,0,0,0,0,1,1,6,6,1,-1,-1,1499,2,5,FORD FOCUS,7,E01025419,0,-1
2021141095003,2021,141095003,1,9,0,9,9,3,1,0,0,6,0,0,1,0,1,1,1,1,2,30,6,1560,2,9,FORD FOCUS,5,E01008153,0,-1
2021451078388,2021,451078388,1,9,0,18,19,1,5,0,0,0,0,0,7,0,1,1,5,6,1,29,6,1596,1,16,FORD FOCUS,9,E01016431,0,-1
2021531017419,2021,531017419,2,9,0,4,4,-1,-1,0,0,0,0,4,0,0,4,1,5,6,1,70,10,1796,1,21,FORD FOCUS,4,E01022399,0,-1
2021201118768,2021,201118768,1,9,0,16,19,1,4,0,0,0,5,10,4,0,1,1,6,6,3,-1,-1,1596,1,19,FORD FOCUS,-1,-1,0,-1
2021361115464,2021,361115464,2,9,0,16,19,1,5,0,0,1,0,0,1,0,3,1,5,6,1,59,9,1999,1,7,FORD FOCUS,6,E01026701,0,-1
2021430259097,2021,430259097,1,9,0,5,5,3,3,0,0,0,0,0,0,0,1,1,6,6,2,18,4,1560,2,7,FORD FOCUS,8,E01016339,0,-1
2021622100909,2021,622100909,1,9,0,18,19,4,8,0,0,0,0,11,0,0,1,1,6,6,1,31,6,998,1,7,FORD FOCUS,4,W01001250,0,-1
2021141120084,2021,141120084,3,9,0,10,10,3,1,0,0,1,0,0,0,0,2,1,5,6,2,31,6,1560,2,8,FORD FOCUS,1,E01008013,0,-1
2021451088099,2021,451088099,1,9,0,17,19,5,1,0,0,3,0,0,7,0,1,1,5,6,2,21,5,1596,1,15,FORD FOCUS,7,E01030361,0,-1
2021451054197,2021,451054197,3,9,0,18,19,3,7,0,0,0,0,0,0,0,0,1,1,1,1,32,6,1499,2,5,FORD FOCUS,8,E01030452,0,-1
2021131100837,2021,131100837,1,9,0,5,5,5,1,0,0,3,0,0,0,0,4,1,6,6,1,64,9,1499,2,5,FORD FOCUS,7,E01011416,0,-1
2021471130280,2021,471130280,1,9,0,5,5,7,3,0,0,8,0,0,0,0,1,1,2,2,1,66,10,1498,1,6,FORD FOCUS,3,E01031459,0,-1
2021010342725,2021,010342725,1,9,0,9,9,3,1,0,0,8,0,0,0,0,1,1,6,6,1,61,9,1560,2,8,FORD FOCUS,6,E01002656,0,-1
2021010312131,2021,010312131,1,9,0,18,19,1,5,0,0,0,0,10,7,0,2,1,6,6,1,37,7,1796,1,21,FORD FOCUS,4,E01001097,0,-1
2021440438687,2021,440438687,4,9,0,18,19,7,3,0,0,0,0,0,0,0,2,1,2,2,2,57,9,1596,1,10,FORD FOCUS,7,E01031534,0,-1
2021421044300,2021,421044300,2,9,0,18,19,3,7,0,0,0,1,0,0,0,3,1,6,6,1,55,8,999,1,4,FORD FOCUS,4,E01015933,0,-1
2021421072862,2021,421072862,2,9,0,3,3,1,5,0,0,0,0,0,0,0,2,1,5,6,2,75,10,1596,1,8,FORD FOCUS,7,E01015955,0,-1
2021351139330,2021,351139330,1,9,0,18,19,3,7,0,0,0,0,0,7,0,1,1,6,6,1,85,11,1753,2,19,FORD FOCUS,10,E01017528,0,-1
2021010312679,2021,010312679,1,9,0,99,99,9,9,99,99,9,9,99,9,99,9,9,6,6,1,27,6,1596,1,15,FORD FOCUS,1,E01004420,0,-1
2021421036333,2021,421036333,1,9,0,9,9,2,4,0,0,5,0,0,0,0,1,1,5,6,1,23,5,1596,1,11,FORD FOCUS,3,E01021321,0,-1
2021461113488,2021,461113488,1,9,0,18,19,5,1,0,0,0,0,0,1,4,1,1,6,6,1,21,5,1596,1,13,FORD FOCUS,6,E01024036,0,-1
2021031113046,2021,031113046,1,9,0,18,19,1,5,0,0,0,0,0,0,0,1,1,5,6,2,42,7,1596,1,9,FORD FOCUS,2,E01019175,0,-1
2021421103596,2021,421103596,2,9,0,5,5,7,3,0,0,0,0,0,0,0,1,1,2,2,2,24,5,1596,1,10,FORD FOCUS,7,E01021967,0,-1
2021131125020,2021,131125020,2,9,0,18,19,1,5,0,0,0,0,0,0,0,1,1,5,6,1,61,9,1596,1,15,FORD FOCUS,2,E01011872,0,-1
2021061104602,2021,061104602,2,9,0,2,2,1,2,0,0,0,0,0,0,0,1,1,6,6,3,-1,-1,1560,2,9,FORD FOCUS,-1,-1,0,-1
2021501117840,2021,501117840,2,9,0,3,3,3,7,0,0,0,0,0,0,0,2,1,5,6,1,31,6,1560,2,10,FORD FOCUS,6,E01020338,0,-1
2021010299390,2021,010299390,1,9,0,1,1,5,1,0,0,6,0,10,6,11,2,1,6,6,1,78,11,1596,1,21,FORD FOCUS,10,E01002460,0,-1
2021541901821,2021,541901821,1,9,0,18,19,8,4,0,0,0,5,0,1,3,1,1,6,6,1,23,5,1997,2,6,FORD FOCUS,6,E01031967,0,-1
2021141094130,2021,141094130,2,9,0,5,5,8,5,0,0,6,0,0,0,0,1,1,6,6,3,-1,-1,1997,2,9,FORD FOCUS,-1,-1,0,-1
2021010307300,2021,010307300,2,9,0,8,8,4,6,0,0,4,0,0,0,0,2,1,6,6,1,20,4,1499,2,2,FORD FOCUS,2,E01001367,0,-1
2021052100599,2021,052100599,1,9,0,6,6,1,1,0,0,8,0,0,0,0,1,1,1,1,1,42,7,1499,2,5,FORD FOCUS,2,E01006782,0,-1
2021371100570,2021,371100570,2,9,0,2,2,0,0,0,0,0,0,0,0,0,4,1,6,6,3,-1,-1,999,1,4,FORD FOCUS,-1,-1,0,-1
2021070055305,2021,070055305,2,9,0,7,7,8,7,0,0,3,0,0,0,0,3,1,6,6,2,58,9,999,1,6,FORD FOCUS,10,E01018667,0,-1
2021161053146,2021,161053146,2,9,0,10,10,7,3,0,0,0,0,0,0,0,2,1,5,6,1,56,9,1596,1,13,FORD FOCUS,6,E01013085,0,-1
2021131092896,2021,131092896,1,9,0,18,19,8,4,0,0,1,0,0,0,0,1,1,1,1,1,50,8,1596,1,12,FORD FOCUS,10,E01011401,0,-1
2021501043967,2021,501043967,2,9,0,17,19,5,3,0,0,8,0,0,0,0,3,1,5,6,2,33,6,1560,2,9,FORD FOCUS,1,E01015182,0,-1
2021320427962,2021,320427962,2,9,0,2,2,6,2,0,0,0,0,4,0,0,2,1,6,6,1,33,6,1499,2,0,FORD FOCUS,9,E01032993,0,-1
2021170L30811,2021,170L30811,1,9,0,18,19,8,4,0,0,2,0,0,0,0,1,1,6,6,2,36,7,1560,2,8,FORD FOCUS,3,E01012181,0,-1
202131B118721,2021,31B118721,1,9,0,16,19,6,2,0,0,0,0,0,0,0,1,1,2,2,1,31,6,1499,2,6,FORD FOCUS,10,E01007600,0,-1
2021061078676,2021,061078676,2,9,0,9,9,4,2,0,0,1,0,0,0,0,4,1,6,6,1,39,7,1560,2,10,FORD FOCUS,4,E01006854,0,-1
2021010347280,2021,010347280,1,9,0,9,9,4,2,0,0,6,0,0,7,0,0,1,6,6,1,25,5,1999,1,15,FORD FOCUS,3,E01003035,0,-1
2021010302011,2021,010302011,2,9,9,99,99,9,9,99,99,9,9,99,9,99,9,9,6,6,3,-1,-1,1596,1,15,FORD FOCUS,-1,-1,0,-1
2021011047405,2021,011047405,2,9,0,18,19,6,6,0,0,1,0,0,0,0,1,1,1,1,1,44,7,2261,1,0,FORD FOCUS,8,E01021544,0,-1
2021141099669,2021,141099669,1,9,0,18,19,2,2,0,0,0,0,0,0,0,2,1,6,6,2,59,9,1596,1,13,FORD FOCUS,2,E01007491,0,-1
2021461112981,2021,461112981,1,9,0,3,3,1,5,0,0,0,0,0,0,0,1,1,6,6,1,28,6,1596,1,20,FORD FOCUS,4,E01016067,0,-1
2021411104599,2021,411104599,1,9,0,18,19,5,1,0,0,1,0,0,0,0,1,1,6,6,1,29,6,1596,1,12,FORD FOCUS,4,E01021818,0,-1
2021522102689,2021,522102689,2,9,0,11,11,8,4,0,0,8,0,0,0,0,2,1,6,6,3,-1,-1,1596,1,17,FORD FOCUS,-1,-1,0,-1
2021010336283,2021,010336283,2,9,0,99,99,9,9,0,0,0,0,0,0,0,0,9,6,6,2,36,7,1596,1,7,FORD FOCUS,2,E01004246,0,-1
2021421022891,2021,421022891,3,9,0,15,15,7,3,0,0,0,0,0,0,0,1,1,2,2,1,28,6,998,1,7,FORD FOCUS,1,E01022027,0,-1
2021544762121,2021,544762121,2,9,0,18,19,2,7,0,0,8,0,0,0,0,4,1,6,6,1,51,8,1388,1,19,FORD FOCUS,8,E01015536,0,-1
2021221044141,2021,221044141,2,9,0,18,19,2,6,0,0,0,0,0,0,0,3,1,6,6,1,71,10,1798,1,15,FORD FOCUS,4,E01032342,0,-1
2021361080336,2021,361080336,2,9,0,18,19,7,3,0,0,1,0,0,0,0,1,1,5,6,1,25,5,1753,2,13,FORD FOCUS,3,E01026465,0,-1
2021010291710,2021,010291710,2,9,0,99,99,9,9,99,99,9,9,99,9,99,9,9,6,6,3,-1,-1,1596,1,12,FORD FOCUS,-1,-1,0,-1
202131B149721,2021,31B149721,1,9,0,16,19,8,3,0,0,0,0,0,2,4,1,1,6,6,1,26,6,1596,1,6,FORD FOCUS,7,E01028013,0,-1
2021552100303,2021,552100303,1,9,0,18,19,7,3,0,0,1,0,0,0,0,1,1,6,6,2,68,10,1596,1,14,FORD FOCUS,6,E01015369,0,-1
2021131056474,2021,131056474,2,9,0,9,9,7,3,0,0,8,0,0,0,0,4,1,1,1,1,47,8,1499,2,4,FORD FOCUS,1,E01011368,0,-1
2021010313600,2021,010313600,2,9,0,4,4,7,3,0,0,4,0,0,0,0,2,1,6,6,1,28,6,1499,2,1,FORD FOCUS,2,E01003924,0,-1
2021131045827,2021,131045827,1,9,0,18,19,5,1,0,0,0,0,0,0,0,1,1,5,6,1,24,5,1560,2,8,FORD FOCUS,1,E01010679,0,-1
2021141112124,2021,141112124,2,9,0,18,19,6,2,0,0,1,0,0,0,0,1,1,6,6,2,31,6,1560,2,12,FORD FOCUS,2,E01007651,0,-1
2021010319315,2021,010319315,2,9,0,9,9,3,1,0,0,2,0,0,0,0,1,1,6,6,3,-1,-1,1596,1,15,FORD FOCUS,-1,-1,0,-1
2021311057975,2021,311057975,2,9,0,18,19,1,5,0,0,1,0,0,0,0,1,1,5,6,1,56,9,1560,2,10,FORD FOCUS,7,E01028387,0,-1
2021440145464,2021,440145464,1,9,0,2,2,0,0,0,0,0,0,0,0,0,2,1,6,6,3,-1,-1,1596,1,10,FORD FOCUS,-1,-1,0,-1
2021991112240,2021,991112240,1,9,0,9,9,1,7,0,0,8,0,0,0,0,3,1,5,6,1,58,9,1596,1,9,FORD FOCUS,1,-1,0,-1
2021111106694,2021,111106694,5,9,0,18,19,5,1,0,0,0,0,0,0,0,2,1,6,6,1,69,10,999,1,2,FORD FOCUS,8,E01008870,0,-1
2021302101080,2021,302101080,1,9,0,5,5,2,6,0,0,0,0,0,0,0,1,1,6,6,1,32,6,1997,2,13,FORD FOCUS,2,E01019761,0,-1
2021010310201,2021,010310201,1,9,0,99,99,9,9,99,99,9,9,99,9,99,1,9,6,6,3,-1,-1,1596,1,20,FORD FOCUS,-1,-1,0,-1
2021201049352,2021,201049352,2,9,0,18,19,8,4,0,0,0,0,0,0,0,1,1,6,6,1,-1,-1,1560,2,8,FORD FOCUS,-1,-1,0,-1
2021161081394,2021,161081394,2,9,0,18,19,1,5,0,0,0,0,0,0,0,3,1,5,6,2,43,7,1560,2,6,FORD FOCUS,7,E01032596,0,-1
2021451014458,2021,451014458,2,9,0,18,19,3,7,0,0,0,0,0,0,0,3,1,6,6,2,55,8,1596,1,16,FORD FOCUS,4,E01030650,0,-1
2021440369081,2021,440369081,2,9,0,14,14,1,5,0,0,0,0,8,0,0,4,1,6,6,1,63,9,1753,2,20,FORD FOCUS,8,E01017226,0,-1
202131A032221,2021,31A032221,1,9,0,18,19,7,3,0,0,8,0,0,1,11,1,1,6,6,1,41,7,1796,1,18,FORD FOCUS,5,E01019402,0,-1
2021010351578,2021,010351578,1,9,0,18,19,2,6,0,0,0,0,0,0,0,4,1,6,6,1,38,7,999,1,4,FORD FOCUS,3,E01003819,0,-1
2021010319953,2021,010319953,2,9,0,99,99,9,9,99,99,0,9,99,9,99,9,9,6,6,1,53,8,999,1,3,FORD FOCUS,9,E01003458,0,-1
2021549114021,2021,549114021,2,9,0,3,3,7,3,0,0,0,0,0,0,0,2,1,6,6,1,69,10,999,1,4,FORD FOCUS,9,E01016090,0,-1
2021101032394,2021,101032394,2,9,-1,-1,-1,-1,-1,-1,-1,-1,-1,-1,-1,0,-1,1,6,6,1,-1,-1,1753,2,13,FORD FOCUS,-1,-1,0,-1
2021131062379,2021,131062379,1,9,0,18,19,7,3,0,0,1,0,0,0,0,3,1,3,7,2,26,6,1560,2,10,FORD FOCUS,3,E01011944,0,-1
202134NNC0171,2021,34NNC0171,1,9,0,18,19,1,5,0,0,0,0,0,0,0,1,1,6,6,2,57,9,1560,2,6,FORD FOCUS,-1,-1,0,-1
2021111066718,2021,111066718,2,9,0,3,3,7,3,0,0,0,0,0,0,0,2,1,5,6,1,66,10,1499,2,1,FORD FOCUS,10,E01020870,0,-1
2021501113984,2021,501113984,1,9,0,5,5,8,5,0,0,4,0,0,0,0,3,1,5,6,1,72,10,1560,2,11,FORD FOCUS,10,E01020144,0,-1
2021440490878,2021,440490878,2,9,0,18,19,2,6,0,0,0,0,0,0,0,3,1,2,2,1,27,6,1596,1,7,FORD FOCUS,7,E01017256,0,-1
2021302100733,2021,302100733,1,9,0,4,4,7,3,0,0,8,0,0,0,0,4,1,6,6,1,54,8,1798,1,14,FORD FOCUS,2,E01027958,0,-1
2021991058488,2021,991058488,2,9,0,18,19,7,3,0,0,1,0,0,0,0,1,1,5,6,1,52,8,1596,1,14,FORD FOCUS,3,-1,0,-1
2021111082309,2021,111082309,2,9,0,4,4,1,5,0,0,0,0,0,1,0,2,1,5,6,2,51,8,1560,2,8,FORD FOCUS,2,E01020699,0,-1
2021052100026,2021,052100026,2,9,0,2,2,0,0,0,0,0,0,4,0,0,2,1,6,6,3,-1,-1,1499,2,5,FORD FOCUS,-1,-1,0,-1
2021161093939,2021,161093939,2,9,0,13,13,8,5,0,0,8,0,0,7,10,1,1,5,6,2,55,8,1596,1,14,FORD FOCUS,4,E01027803,0,-1
2021211053734,2021,211053734,2,9,0,18,19,3,7,0,0,1,0,0,0,0,4,1,6,6,1,24,5,1995,2,1,FORD FOCUS,4,E01029648,0,-1
2021131090267,2021,131090267,3,9,0,3,3,8,4,0,0,0,0,0,0,0,3,2,5,6,1,29,6,1499,2,5,FORD FOCUS,4,E01011808,0,-1
2021010321430,2021,010321430,2,9,0,9,9,5,2,0,0,2,0,0,0,0,1,1,2,2,1,24,5,1596,1,20,FORD FOCUS,6,E01023564,0,-1
2021010327403,2021,010327403,2,9,0,4,4,5,1,0,0,0,0,0,0,0,1,1,6,6,1,36,7,1596,1,13,FORD FOCUS,2,E01000080,0,-1
2021010321203,2021,010321203,1,9,0,18,19,7,3,0,0,2,0,0,0,0,1,1,6,6,2,34,6,1560,2,12,FORD FOCUS,3,E01024717,0,-1
2021061075940,2021,061075940,2,9,0,18,19,4,8,0,0,8,0,0,0,0,1,1,6,6,1,17,4,1753,2,13,FORD FOCUS,1,E01005092,0,-1
2021401102255,2021,401102255,1,9,0,5,5,-1,-1,0,0,4,0,0,0,0,1,1,6,6,1,-1,-1,1560,2,9,FORD FOCUS,8,E01017383,0,-1
2021010291639,2021,010291639,2,9,0,18,19,5,1,99,99,8,9,0,0,0,1,1,6,6,3,40,7,1560,2,16,FORD FOCUS,3,E01003656,0,-1
2021461066333,2021,461066333,1,9,4,18,19,7,3,0,0,0,0,0,0,0,1,1,6,6,1,39,7,1753,2,18,FORD FOCUS,3,E01016084,0,-1
2021010318354,2021,010318354,1,9,0,18,19,5,1,0,0,0,5,4,0,0,3,1,6,6,2,28,6,1596,1,18,FORD FOCUS,4,E01003927,0,-1
2021170S11371,2021,170S11371,1,9,0,18,19,6,2,0,0,8,0,0,7,7,4,1,6,6,1,21,5,1596,1,15,FORD FOCUS,4,E01012285,0,-1
2021471033807,2021,471033807,2,9,0,3,3,1,5,0,0,0,0,0,0,0,2,2,1,1,1,35,6,1999,1,6,FORD FOCUS,2,E01024840,0,-1
2021440372821,2021,440372821,3,9,0,3,3,6,2,0,0,0,0,0,0,0,2,1,6,6,1,26,6,999,1,2,FORD FOCUS,-1,-1,0,-1
2021201029291,2021,201029291,1,9,0,9,9,6,4,0,0,6,0,0,0,0,4,1,1,1,1,22,5,999,1,2,FORD FOCUS,1,E01009127,0,-1
2021991125109,2021,991125109,2,9,0,18,19,6,2,0,0,8,0,0,0,0,1,1,5,6,1,24,5,999,1,3,FORD FOCUS,9,-1,0,-1
2021010343639,2021,010343639,2,9,0,9,9,3,8,2,2,1,0,0,0,0,1,1,6,6,1,22,5,1596,1,8,FORD FOCUS,2,E01003313,0,-1
2021421035277,2021,421035277,1,9,0,18,19,5,1,0,0,0,5,0,2,7,1,1,6,6,1,22,5,1596,1,12,FORD FOCUS,2,E01021370,0,-1
202131D113621,2021,31D113621,1,9,0,16,19,3,6,0,0,3,0,0,0,0,1,1,6,6,2,34,6,999,1,3,FORD FOCUS,9,E01029469,0,-1
202131D160021,2021,31D160021,1,9,0,18,19,2,6,0,0,1,0,0,0,0,1,1,2,2,1,46,8,1999,1,5,FORD FOCUS,8,E01028131,0,-1
2021548753821,2021,548753821,1,9,0,18,19,6,2,0,0,1,0,0,0,0,4,1,6,6,1,53,8,1988,1,19,FORD FOCUS,3,E01032115,0,-1
2021421094869,2021,421094869,1,9,0,18,19,5,1,0,0,0,0,0,0,0,4,1,6,6,1,66,10,999,1,2,FORD FOCUS,8,E01021257,0,-1
2021451057089,2021,451057089,1,9,0,5,5,5,1,0,0,2,0,0,0,0,4,1,2,2,1,31,6,998,1,9,FORD FOCUS,8,E01030648,0,-1
2021552100439,2021,552100439,1,9,0,7,7,7,2,0,0,6,0,0,0,0,1,1,6,6,1,65,9,1596,1,20,FORD FOCUS,7,E01020570,0,-1
2021010327588,2021,010327588,2,9,0,9,9,4,2,0,0,1,0,0,0,0,3,1,6,6,3,-1,-1,1596,1,10,FORD FOCUS,-1,-1,0,-1
2021041032670,2021,041032670,1,9,0,18,19,7,3,0,0,0,5,0,1,0,4,1,5,6,2,41,7,1560,2,11,FORD FOCUS,9,E01025343,0,-1
2021501120810,2021,501120810,1,9,0,18,19,1,5,0,0,0,5,11,7,10,1,1,2,2,1,25,5,1596,1,16,FORD FOCUS,8,E01019968,0,-1
2021430162141,2021,430162141,1,9,0,18,19,3,7,0,0,0,0,0,0,0,1,1,1,1,1,55,8,1560,2,10,FORD FOCUS,10,E01016260,0,-1
2021161044592,2021,161044592,1,9,0,7,7,4,8,0,0,8,0,0,0,0,1,1,5,6,1,19,4,1596,1,16,FORD FOCUS,6,E01013309,0,-1
2021421104440,2021,421104440,1,9,0,18,19,7,3,0,0,8,0,4,0,0,1,1,5,6,1,19,4,2521,1,14,FORD FOCUS,7,E01015837,0,-1
2021430173909,2021,430173909,1,9,0,3,3,4,8,0,0,0,0,0,0,0,2,1,6,6,2,65,9,999,1,4,FORD FOCUS,-1,-1,0,-1
202131D116021,2021,31D116021,1,9,0,9,9,6,4,0,0,5,0,0,0,0,4,1,2,2,2,49,8,1596,1,8,FORD FOCUS,8,E01028094,0,-1
2021122100707,2021,122100707,2,9,0,3,3,5,1,0,0,2,0,0,1,0,2,1,6,6,1,37,7,1596,1,12,FORD FOCUS,8,E01027750,0,-1
2021552100791,2021,552100791,1,9,0,18,19,2,6,0,0,4,0,0,0,0,1,1,6,6,3,-1,-1,1753,2,16,FORD FOCUS,-1,-1,0,-1
2021010336501,2021,010336501,1,9,0,7,7,5,8,0,0,1,0,0,0,0,1,1,2,2,2,23,5,1596,1,7,FORD FOCUS,2,E01015921,0,-1
2021201136063,2021,201136063,2,9,0,18,19,2,6,0,0,0,1,0,0,0,3,1,6,6,3,-1,-1,1596,1,11,FORD FOCUS,-1,-1,0,-1
202154A294221,2021,54A294221,2,9,0,1,1,7,3,0,0,6,0,0,0,0,4,1,6,6,1,44,7,1596,1,12,FORD FOCUS,2,E01015558,0,-1
2021131093548,2021,131093548,1,9,0,9,9,1,3,0,0,8,0,0,0,0,4,1,2,2,1,48,8,1596,1,9,FORD FOCUS,2,E01010958,0,-1
2021010315422,2021,010315422,1,9,0,18,19,7,3,0,0,1,0,0,0,0,1,1,6,6,1,78,11,1596,1,19,FORD FOCUS,2,E01002829,0,-1
2021010317119,2021,010317119,1,9,0,18,19,7,3,0,0,8,1,0,0,0,1,1,6,6,1,38,7,1560,2,11,FORD FOCUS,2,E01002345,0,-1
2021440474163,2021,440474163,1,9,0,7,7,7,1,9,9,6,0,0,0,0,4,1,2,2,1,39,7,1499,2,2,FORD FOCUS,9,E01020419,0,-1
2021440068977,2021,440068977,1,9,0,9,9,2,1,0,0,8,0,0,0,0,1,1,1,1,2,37,7,1596,1,17,FORD FOCUS,3,E01017191,0,-1
2021201115776,2021,201115776,1,9,0,8,8,6,8,0,0,1,0,0,0,0,2,1,6,6,1,23,5,1999,1,9,FORD FOCUS,3,E01008930,0,-1
2021010297878,2021,010297878,1,9,0,18,19,5,1,9,9,1,0,0,1,4,1,1,6,6,1,-1,-1,1560,2,7,FORD FOCUS,-1,-1,0,-1
2021010337441,2021,010337441,2,9,0,99,99,9,9,99,99,9,9,99,9,99,2,9,6,6,3,-1,-1,1596,1,11,FORD FOCUS,9,E01001992,0,-1
2021131067787,2021,131067787,1,9,0,18,19,5,1,0,0,8,0,0,0,0,1,1,1,1,2,24,5,999,1,3,FORD FOCUS,5,E01033015,0,-1
2021161088676,2021,161088676,2,9,0,4,4,8,4,0,0,1,0,0,0,0,1,1,6,6,1,-1,-1,998,1,8,FORD FOCUS,7,E01033105,0,-1
2021231040592,2021,231040592,1,9,0,14,14,5,1,0,0,0,0,8,0,0,4,1,5,6,2,36,7,1753,2,15,FORD FOCUS,1,E01033642,0,-1
2021010299648,2021,010299648,1,9,0,18,19,3,7,0,0,8,0,7,0,0,1,1,2,2,1,49,8,1596,1,20,FORD FOCUS,2,E01003168,0,-1
2021361108969,2021,361108969,2,9,0,18,19,2,6,0,0,8,0,0,0,0,1,1,2,2,2,22,5,1560,2,10,FORD FOCUS,9,E01026560,0,-1
2021302101448,2021,302101448,2,9,0,13,13,8,4,0,0,1,1,0,0,0,1,1,6,6,1,35,6,1596,1,17,FORD FOCUS,1,E01013472,0,-1
2021131053163,2021,131053163,1,9,0,18,19,3,7,0,0,0,0,0,0,0,1,1,6,6,1,28,6,1560,2,8,FORD FOCUS,1,E01010926,0,-1
2021461039027,2021,461039027,3,9,0,18,19,5,1,0,0,0,0,4,0,0,3,1,2,2,2,56,9,1596,1,10,FORD FOCUS,8,E01016138,0,-1
2021221048350,2021,221048350,1,9,0,10,10,2,1,0,0,1,0,0,0,0,2,1,5,6,2,37,7,1560,2,12,FORD FOCUS,1,E01032469,0,-1
2021471041000,2021,471041000,1,9,0,17,19,3,8,0,0,0,0,0,0,0,3,1,5,6,2,70,10,1596,1,15,FORD FOCUS,10,E01030374,0,-1
2021201146327,2021,201146327,3,9,0,2,2,0,0,9,9,0,0,0,0,0,2,1,5,6,2,50,8,1596,1,16,FORD FOCUS,1,E01010367,0,-1
2021351019228,2021,351019228,1,9,0,4,4,4,8,0,0,1,0,11,0,0,1,1,5,6,1,37,7,1596,1,13,FORD FOCUS,9,E01017968,0,-1
2021430406876,2021,430406876,1,9,0,18,19,1,5,0,0,8,0,0,0,0,4,1,6,6,1,53,8,1596,1,12,FORD FOCUS,-1,-1,0,-1
2021401072671,2021,401072671,1,9,0,18,19,7,3,0,0,0,0,0,0,0,1,1,5,6,2,39,7,998,1,7,FORD FOCUS,9,E01017381,0,-1
2021371062044,2021,371062044,1,9,0,18,19,4,8,0,0,1,0,0,1,0,3,1,5,6,2,38,7,1596,1,20,FORD FOCUS,-1,-1,0,-1
2021991011383,2021,991011383,1,9,0,18,19,1,5,0,0,0,0,0,0,0,1,1,6,6,1,54,8,2521,1,12,FORD FOCUS,2,-1,0,-1
2021010324367,2021,010324367,2,9,0,18,19,3,7,0,0,6,0,0,0,0,1,1,6,6,1,32,6,1596,1,13,FORD FOCUS,5,E01000824,0,-1
2021440434917,2021,440434917,1,9,0,4,4,1,5,0,0,8,0,0,0,0,2,1,6,6,2,46,8,1999,1,13,FORD FOCUS,6,E01015337,0,-1
2021461051908,2021,461051908,2,9,0,18,19,1,5,0,0,1,0,0,0,0,2,1,2,2,2,37,7,1499,2,6,FORD FOCUS,5,E01024287,0,-1
2021010334962,2021,010334962,3,9,0,3,3,1,5,0,0,2,0,0,0,0,3,2,6,6,1,63,9,1499,2,5,FORD FOCUS,7,E01000364,0,-1