collision_index,collision_year,collision_ref_no,vehicle_reference,vehicle_type,towing_and_articulation,vehicle_manoeuvre_historic,vehicle_manoeuvre,vehicle_direction_from,vehicle_direction_to,vehicle_location_restricted_lane_historic,vehicle_location_restricted_lane,junction_location,skidding_and_overturning,hit_object_in_carriageway,vehicle_leaving_carriageway,hit_object_off_carriageway,first_point_of_impact,vehicle_left_hand_drive,journey_purpose_of_driver_historic,journey_purpose_of_driver,sex_of_driver,age_of_driver,age_band_of_driver,engine_capacity_cc,propulsion_code,age_of_vehicle,generic_make_model,driver_imd_decile,lsoa_of_driver,escooter_flag,driver_distance_banding
2021211129849,2021,211129849,1,9,-1,-1,-1,2,6,-1,-1,-1,-1,-1,-1,0,-1,1,5,6,1,33,6,2521,1,15,FORD FOCUS,6,E01029609,0,-1
2021052102123,2021,052102123,1,9,0,18,19,2,6,0,0,1,0,0,0,0,1,1,6,6,1,24,5,2521,1,14,FORD FOCUS,2,E01006655,0,-1
2021401064087,2021,401064087,2,9,0,4,4,3,7,0,0,0,0,0,0,0,0,1,5,6,1,58,9,1999,1,4,FORD FOCUS,7,E01015800,0,-1
2021010335148,2021,010335148,2,9,0,99,99,9,9,99,99,9,9,99,9,99,1,9,6,6,3,-1,-1,1499,2,5,FORD FOCUS,-1,-1,0,-1
2021440014241,2021,440014241,3,9,0,2,2,0,0,-1,-1,0,0,0,0,0,1,1,6,6,3,-1,-1,1596,1,8,FORD FOCUS,-1,-1,0,-1
2021161126200,2021,161126200,2,9,0,18,19,5,1,0,0,0,0,0,0,0,1,1,1,1,2,27,6,998,1,7,FORD FOCUS,3,E01013156,0,-1
202131D169721,2021,31D169721,1,9,0,4,4,2,6,0,0,0,0,0,0,0,1,1,1,1,1,20,4,1560,2,9,FORD FOCUS,6,E01028191,0,-1
2021451057181,2021,451057181,3,9,0,2,2,5,5,9,9,0,0,0,0,0,2,1,6,6,3,-1,-1,999,1,2,FORD FOCUS,-1,-1,0,-1
2021201071753,2021,201071753,2,9,0,4,4,5,1,0,0,0,0,0,0,0,2,1,6,6,2,62,9,1596,1,7,FORD FOCUS,2,E01009538,0,-1
2021231115423,2021,231115423,1,9,0,18,19,7,3,0,0,0,1,11,0,0,1,1,2,2,1,34,6,1499,2,6,FORD FOCUS,2,E01032528,0,-1
2021522103781,2021,522103781,2,9,0,4,4,5,1,0,0,0,0,0,0,0,1,1,6,6,1,35,6,1499,2,5,FORD FOCUS,10,E01014873,0,-1
2021010317167,2021,010317167,1,9,0,7,7,7,2,0,0,5,0,0,0,0,3,2,6,6,2,35,6,1560,2,9,FORD FOCUS,1,E01033003,0,-1
2021201078003,2021,201078003,1,9,0,18,19,5,1,0,0,2,1,7,1,10,4,1,6,6,1,36,7,1388,1,19,FORD FOCUS,1,E01010483,0,-1
2021351106691,2021,351106691,1,9,0,4,4,1,3,0,0,3,-1,-1,-1,0,-1,1,5,6,2,50,8,1560,2,11,FORD FOCUS,1,E01015663,0,-1
2021991059655,2021,991059655,1,9,0,11,11,4,8,0,0,0,0,0,2,1,1,1,6,6,1,21,5,1496,1,2,FORD FOCUS,3,-1,0,-1
2021131046397,2021,131046397,1,9,0,18,19,5,1,0,0,2,0,0,0,0,1,1,2,2,1,44,7,999,1,4,FORD FOCUS,8,E01011406,0,-1
2021010348460,2021,010348460,1,9,0,10,10,5,3,0,0,1,0,0,0,0,4,1,6,6,2,30,6,1499,2,2,FORD FOCUS,1,E01000061,0,-1
2021471068307,2021,471068307,1,9,0,11,11,6,2,0,0,3,0,0,0,0,4,1,5,6,1,65,9,999,1,4,FORD FOCUS,10,E01031380,0,-1
2021211109661,2021,211109661,1,9,0,9,9,3,8,0,0,8,2,7,0,0,0,1,5,6,2,47,8,999,1,5,FORD FOCUS,9,E01029860,0,-1
2021010327660,2021,010327660,1,9,0,18,19,1,5,0,0,9,0,99,0,0,3,1,2,2,1,35,6,1596,1,6,FORD FOCUS,3,E01003719,0,-1
2021440322703,2021,440322703,2,9,0,8,8,7,1,0,0,1,0,0,0,0,1,1,6,6,1,28,6,1596,1,15,FORD FOCUS,1,E01017103,0,-1
2021010305247,2021,010305247,1,9,0,99,99,9,9,99,99,9,9,99,9,99,2,9,6,6,1,34,6,1596,1,9,FORD FOCUS,5,E01003664,0,-1
2021471124406,2021,471124406,1,9,0,6,6,7,7,0,0,2,0,0,7,0,4,1,5,6,1,20,4,1596,1,15,FORD FOCUS,7,E01031354,0,-1
2021351117853,2021,351117853,2,9,0,4,4,2,6,0,0,0,0,0,0,0,2,1,6,6,1,36,7,998,1,8,FORD FOCUS,7,E01017642,0,-1
2021010300989,2021,010300989,1,9,0,6,6,7,7,9,9,2,0,0,7,11,1,1,6,6,2,25,5,1596,1,15,FORD FOCUS,3,E01001661,0,-1
2021622100585,2021,622100585,1,9,0,9,9,2,8,0,0,5,0,0,0,0,1,1,6,6,1,71,10,1596,1,10,FORD FOCUS,9,W01001135,0,-1
202134NNC7261,2021,34NNC7261,1,9,0,18,19,1,5,0,0,0,0,0,0,0,1,1,6,6,1,19,4,2521,1,15,FORD FOCUS,8,E01027096,0,-1
2021041050422,2021,041050422,1,9,0,18,19,2,6,0,0,1,0,0,0,0,1,1,5,6,1,24,5,1999,1,5,FORD FOCUS,1,E01024875,0,-1
2021451057550,2021,451057550,3,9,0,18,19,1,5,0,0,2,0,0,0,0,0,1,6,6,1,60,9,1496,1,2,FORD FOCUS,6,E01016254,0,-1
2021010321120,2021,010321120,1,9,0,18,19,7,3,0,0,8,0,0,0,0,3,1,6,6,2,31,6,999,1,4,FORD FOCUS,-1,-1,0,-1
2021421111147,2021,421111147,1,9,0,9,9,8,7,0,0,8,0,0,0,0,1,1,6,6,2,36,7,999,1,4,FORD FOCUS,5,E01003640,0,-1
2021451016109,2021,451016109,1,9,0,18,19,7,3,0,0,0,0,0,0,0,1,1,2,2,2,38,7,1596,1,15,FORD FOCUS,7,E01030583,0,-1
2021010318378,2021,010318378,1,9,0,12,12,3,7,0,0,0,0,0,1,11,2,1,6,6,1,51,8,1596,1,9,FORD FOCUS,3,E01003522,0,-1
2021351030736,2021,351030736,2,9,0,4,4,7,3,0,0,0,0,0,1,10,1,1,1,1,1,28,6,1560,2,10,FORD FOCUS,9,E01015681,0,-1
2021010319197,2021,010319197,2,9,0,18,19,5,1,0,0,1,0,0,0,0,4,1,6,6,2,23,5,1596,1,12,FORD FOCUS,-1,-1,0,-1
2021311092166,2021,311092166,2,9,0,3,3,3,7,0,0,0,0,11,0,0,2,1,5,6,2,47,8,1596,1,13,FORD FOCUS,10,E01028328,0,-1
2021440205991,2021,440205991,2,9,0,18,19,6,2,0,0,0,0,0,0,0,4,1,6,6,2,22,5,1596,1,12,FORD FOCUS,6,E01022486,0,-1
2021461035355,2021,461035355,1,9,0,18,19,1,5,0,0,0,0,0,0,0,1,1,3,7,1,35,6,1596,1,16,FORD FOCUS,1,E01024657,0,-1
2021131106720,2021,131106720,1,9,0,-1,-1,-1,-1,-1,-1,8,-1,-1,-1,0,-1,1,6,6,3,-1,-1,1499,2,3,FORD FOCUS,-1,-1,0,-1
2021361144596,2021,361144596,1,9,0,18,19,4,8,0,0,1,0,0,0,0,1,1,1,1,1,54,8,1596,1,7,FORD FOCUS,8,E01026566,0,-1
2021991095545,2021,991095545,2,9,0,18,19,7,3,0,0,8,0,0,0,0,1,1,5,6,2,77,11,1798,1,17,FORD FOCUS,-1,-1,0,-1
2021170M11331,2021,170M11331,2,9,0,18,19,2,7,0,0,0,0,0,0,0,4,1,6,6,1,77,11,1796,1,19,FORD FOCUS,5,E01012110,0,-1
2021010290530,2021,010290530,2,9,0,99,99,9,9,99,99,9,9,99,9,99,9,9,6,6,3,-1,-1,1499,2,0,FORD FOCUS,-1,-1,0,-1
2021141115646,2021,141115646,1,9,0,18,19,5,1,0,0,0,1,4,0,0,1,1,2,2,1,49,8,1560,2,6,FORD FOCUS,7,E01007741,0,-1
2021430424082,2021,430424082,2,9,0,18,19,4,8,0,0,0,0,0,0,0,2,1,1,1,1,43,7,1560,2,7,FORD FOCUS,8,E01016823,0,-1
2021430192863,2021,430192863,1,9,0,18,19,5,1,0,0,4,0,0,0,0,1,1,2,2,2,64,9,998,1,9,FORD FOCUS,10,E01028721,0,-1
2021010305805,2021,010305805,2,9,0,99,99,9,9,99,99,9,9,99,9,99,1,9,6,6,3,-1,-1,1999,1,14,FORD FOCUS,-1,-1,0,-1
2021451120193,2021,451120193,1,9,0,18,19,4,8,0,0,3,0,0,0,0,1,1,6,6,1,78,11,1798,1,11,FORD FOCUS,7,E01030502,0,-1
2021421061192,2021,421061192,1,9,0,10,10,1,7,0,0,8,0,0,0,0,1,1,2,2,2,35,6,1997,2,6,FORD FOCUS,5,E01021432,0,-1
2021231059168,2021,231059168,2,9,0,4,4,2,6,0,0,1,0,0,0,0,2,1,5,6,2,32,6,1596,1,17,FORD FOCUS,8,E01009668,0,-1
2021991111166,2021,991111166,3,9,0,18,19,8,4,0,0,0,1,0,0,0,2,1,2,2,2,51,8,1560,2,13,FORD FOCUS,5,-1,0,-1
2021161069642,2021,161069642,1,9,0,5,5,5,1,0,0,1,0,0,0,0,1,1,5,6,1,31,6,1798,1,17,FORD FOCUS,1,E01010677,0,-1
2021320403344,2021,320403344,1,9,0,9,9,8,4,0,0,1,0,0,0,0,4,1,6,6,2,30,6,1596,1,16,FORD FOCUS,7,E01026326,0,-1
2021010294157,2021,010294157,2,9,0,2,2,0,0,0,0,0,0,4,0,0,1,1,6,6,3,-1,-1,1596,1,15,FORD FOCUS,-1,-1,0,-1
2021548171421,2021,548171421,1,9,0,18,19,8,2,0,0,0,2,0,1,0,1,1,6,6,1,39,7,1596,1,15,FORD FOCUS,4,E01031862,0,-1
2021471083859,2021,471083859,2,9,0,18,19,1,5,0,0,1,0,0,0,0,1,1,5,6,1,40,7,1999,1,6,FORD FOCUS,4,E01021060,0,-1
2021061105744,2021,061105744,1,9,0,18,19,6,2,0,0,1,0,0,0,0,1,1,6,6,3,30,6,1988,1,17,FORD FOCUS,-1,-1,0,-1
2021421093077,2021,421093077,2,9,0,18,19,7,3,0,0,0,0,0,0,0,2,1,5,6,2,31,6,1596,1,9,FORD FOCUS,2,E01021270,0,-1
2021421032975,2021,421032975,1,9,0,18,19,1,5,0,0,0,0,0,1,0,1,1,5,6,2,20,4,1596,1,16,FORD FOCUS,4,E01002743,0,-1
2021141028930,2021,141028930,1,9,0,3,3,2,6,0,0,1,0,0,0,0,2,1,6,6,2,56,9,999,1,6,FORD FOCUS,4,E01007415,0,-1
2021522200889,2021,522200889,3,9,0,18,19,3,7,0,0,8,0,0,0,0,2,1,6,6,1,52,8,1999,1,13,FORD FOCUS,1,E01014585,0,-1
2021010349569,2021,010349569,1,9,0,99,99,9,9,99,99,0,9,99,9,99,9,9,2,2,1,33,6,1499,2,5,FORD FOCUS,7,E01004627,0,-1
2021221023699,2021,221023699,4,9,0,18,19,5,1,0,0,1,1,0,0,0,1,1,1,1,1,49,8,1796,1,17,FORD FOCUS,5,E01008969,0,-1
202154A516621,2021,54A516621,2,9,0,9,9,1,6,0,0,8,0,0,0,0,1,1,6,6,2,30,6,999,1,5,FORD FOCUS,6,E01032083,0,-1
2021991086594,2021,991086594,3,9,0,18,19,6,2,0,0,0,0,0,0,0,1,1,6,6,1,33,6,1596,1,13,FORD FOCUS,6,-1,0,-1
2021010348639,2021,010348639,1,9,0,18,19,7,3,0,0,8,0,0,0,0,3,1,6,6,2,33,6,1596,1,13,FORD FOCUS,5,E01003247,0,-1
2021371083110,2021,371083110,1,9,0,18,19,7,3,0,0,0,0,0,0,0,1,1,6,6,1,54,8,1596,1,14,FORD FOCUS,8,E01030089,0,-1
2021201051462,2021,201051462,1,9,0,18,19,8,4,0,0,4,0,0,0,0,1,1,6,6,2,-1,-1,1596,1,19,FORD FOCUS,1,E01010414,0,-1
2021440172355,2021,440172355,2,9,0,18,19,1,5,0,0,1,0,0,0,0,1,1,6,6,1,39,7,2521,1,12,FORD FOCUS,4,E01017289,0,-1
2021471065359,2021,471065359,1,9,0,18,19,8,4,0,0,2,0,0,0,0,1,1,6,6,2,29,6,1560,2,14,FORD FOCUS,6,E01021213,0,-1
2021991075215,2021,991075215,1,9,0,4,4,7,3,0,0,0,0,0,1,0,1,1,5,6,1,86,11,999,1,2,FORD FOCUS,-1,-1,0,-1
2021440206248,2021,440206248,1,9,0,18,19,6,2,0,0,8,0,0,0,0,2,1,6,6,2,44,7,1997,2,15,FORD FOCUS,9,E01017252,0,-1
2021231065109,2021,231065109,2,9,0,4,4,8,2,0,0,1,0,0,0,0,0,1,5,6,2,17,4,1499,2,1,FORD FOCUS,7,E01031140,0,-1
2021010296736,2021,010296736,2,9,0,99,99,9,9,99,99,9,9,99,9,99,1,9,6,6,1,26,6,1560,2,10,FORD FOCUS,2,E01001509,0,-1
2021421062895,2021,421062895,1,9,0,7,7,7,5,0,0,2,0,0,0,0,1,1,5,6,1,20,4,1596,1,12,FORD FOCUS,1,E01004272,0,-1
2021471120057,2021,471120057,1,9,0,9,9,1,7,0,0,2,0,7,0,0,1,1,5,6,1,34,6,998,1,9,FORD FOCUS,2,E01003297,0,-1
2021552100028,2021,552100028,1,9,0,18,19,8,4,0,0,0,0,4,0,0,1,1,6,6,1,36,7,1596,1,17,FORD FOCUS,6,E01020411,0,-1
2021010341896,2021,010341896,1,9,0,9,9,5,3,0,0,1,0,0,0,0,0,1,6,6,1,33,6,1596,1,6,FORD FOCUS,1,E01003070,0,-1
2021010328033,2021,010328033,1,9,0,99,99,9,9,0,0,9,0,0,0,0,2,1,6,6,2,22,5,1499,2,4,FORD FOCUS,9,E01024300,0,-1
2021201085635,2021,201085635,1,9,0,9,9,4,2,0,0,5,0,0,0,0,1,1,6,6,2,31,6,1596,1,8,FORD FOCUS,8,E01010395,0,-1
2021622100994,2021,622100994,1,9,0,5,5,7,3,0,0,6,0,0,0,0,1,1,6,6,2,72,10,1596,1,13,FORD FOCUS,3,W01001145,0,-1
2021461092676,2021,461092676,2,9,0,4,4,2,6,0,0,0,0,0,0,0,1,1,5,6,1,35,6,1560,2,11,FORD FOCUS,7,E01032820,0,-1
2021501101336,2021,501101336,1,9,0,15,15,7,3,0,0,1,0,0,0,0,1,1,5,6,2,34,6,1560,2,10,FORD FOCUS,4,E01018894,0,-1
2021471113833,2021,471113833,2,9,0,18,19,6,2,0,0,8,0,0,0,0,1,1,5,6,2,29,6,1596,1,14,FORD FOCUS,6,E01031477,0,-1
2021430204232,2021,430204232,1,9,0,3,3,5,1,0,0,0,0,0,0,0,2,1,6,6,1,27,6,1753,2,15,FORD FOCUS,10,E01028672,0,-1
2021991076810,2021,991076810,2,9,0,17,19,2,6,0,0,0,1,0,0,0,1,1,5,6,1,45,7,999,1,2,FORD FOCUS,3,-1,0,-1
2021371146010,2021,371146010,2,9,0,4,4,4,8,0,0,0,0,0,0,0,2,1,2,2,1,35,6,1560,2,14,FORD FOCUS,5,E01026943,0,-1
2021041127131,2021,041127131,2,9,0,18,19,5,1,0,0,0,1,0,5,0,4,1,5,6,1,56,9,1499,2,5,FORD FOCUS,8,E01025040,0,-1
2021122100604,2021,122100604,1,9,0,17,19,1,5,0,0,0,0,7,1,1,1,1,6,6,1,88,11,1596,1,11,FORD FOCUS,9,E01027655,0,-1
2021302101328,2021,302101328,1,9,0,5,5,4,2,0,0,1,0,0,0,0,1,1,6,6,2,21,5,1596,1,8,FORD FOCUS,5,E01013519,0,-1
2021440238871,2021,440238871,1,9,0,18,19,2,6,0,0,0,0,0,0,0,1,1,2,2,2,25,5,1753,2,15,FORD FOCUS,7,E01017114,0,-1
2021221078812,2021,221078812,1,9,0,12,12,5,1,0,0,0,0,0,0,0,1,1,2,2,1,62,9,1560,2,13,FORD FOCUS,4,E01032418,0,-1
2021010298983,2021,010298983,2,9,0,99,99,9,9,99,99,0,9,99,9,99,1,9,6,6,3,-1,-1,1560,2,9,FORD FOCUS,-1,-1,0,-1
2021052102732,2021,052102732,1,9,0,18,19,8,4,0,0,0,0,0,0,0,1,1,6,6,1,38,7,1997,2,5,FORD FOCUS,2,E01006667,0,-1
202134NNC0521,2021,34NNC0521,3,9,0,2,2,0,0,0,0,0,0,0,0,0,1,1,6,6,3,-1,-1,1499,2,2,FORD FOCUS,-1,-1,0,-1
2021231124606,2021,231124606,2,9,0,4,4,5,1,0,0,1,0,0,0,0,2,1,5,6,2,44,7,1560,2,13,FORD FOCUS,8,E01031260,0,-1
2021041043571,2021,041043571,1,9,0,18,19,1,5,0,0,6,0,4,0,0,1,2,5,6,1,43,7,1596,1,19,FORD FOCUS,-1,-1,0,-1
2021501042007,2021,501042007,1,9,0,13,13,3,7,0,0,0,0,0,0,0,4,1,6,6,1,26,6,1798,1,14,FORD FOCUS,6,E01018983,0,-1
2021440321162,2021,440321162,1,9,0,18,19,8,5,0,0,8,0,0,0,0,4,1,6,6,1,55,8,1999,1,11,FORD FOCUS,-1,-1,0,-1
2021141074588,2021,141074588,2,9,0,9,9,5,1,0,0,0,0,0,0,0,1,1,5,6,1,60,9,1499,2,5,FORD FOCUS,1,E01007534,0,-1
2021440034511,2021,440034511,1,9,0,18,19,3,7,0,0,1,0,0,0,0,1,1,1,1,1,59,9,1596,1,19,FORD FOCUS,3,E01022976,0,-1
2021552100309,2021,552100309,1,9,0,18,19,2,6,0,0,0,0,0,8,4,1,1,6,6,1,95,11,1596,1,17,FORD FOCUS,7,E01020546,0,-1
2021430314667,2021,430314667,1,9,0,3,3,2,6,0,0,1,0,0,0,0,2,1,6,6,2,27,6,1596,1,14,FORD FOCUS,2,E01016363,0,-1
2021010330219,2021,010330219,1,9,0,7,7,7,2,0,0,5,0,0,1,0,4,1,6,6,3,30,6,999,1,6,FORD FOCUS,-1,-1,0,-1
2021010308299,2021,010308299,2,9,0,18,19,7,3,0,0,1,0,0,0,0,1,1,6,6,1,-1,-1,1596,1,11,FORD FOCUS,-1,-1,0,-1
2021052100498,2021,052100498,2,9,0,18,19,5,1,0,0,0,5,0,1,2,1,1,1,1,1,38,7,998,1,7,FORD FOCUS,5,E01006490,0,-1
2021552200017,2021,552200017,1,9,0,18,19,7,3,0,0,0,0,0,0,0,1,1,6,6,3,-1,-1,1596,1,18,FORD FOCUS,-1,-1,0,-1
2021010315632,2021,010315632,2,9,0,9,9,7,4,0,0,5,0,0,0,0,1,1,6,6,1,39,7,999,1,6,FORD FOCUS,2,E01003066,0,-1
2021141107544,2021,141107544,1,9,0,18,19,1,5,0,0,0,0,11,0,0,1,1,1,1,1,59,9,1499,2,0,FORD FOCUS,4,E01027905,0,-1
2021010301237,2021,010301237,2,9,0,99,99,9,9,99,99,9,9,99,9,99,9,9,6,6,3,31,6,1496,1,2,FORD FOCUS,-1,-1,0,-1
2021161112441,2021,161112441,1,9,0,17,19,3,7,0,0,0,0,0,0,0,1,1,5,6,1,33,6,1499,2,1,FORD FOCUS,5,E01013107,0,-1
2021421125339,2021,421125339,1,9,0,18,19,3,7,0,0,0,0,0,0,0,4,1,6,6,2,63,9,1596,1,18,FORD FOCUS,9,E01021923,0,-1
2021170L20151,2021,170L20151,2,9,0,18,19,6,8,0,0,8,0,0,0,0,4,1,6,6,2,28,6,999,1,1,FORD FOCUS,-1,-1,0,-1
2021170S30831,2021,170S30831,3,9,0,2,2,0,0,0,0,1,0,0,0,0,4,1,6,6,1,-1,-1,1560,2,9,FORD FOCUS,3,E01012289,0,-1
2021010315044,2021,010315044,1,9,0,18,19,6,2,0,0,1,0,0,0,0,1,1,6,6,1,18,4,999,1,5,FORD FOCUS,9,E01000395,0,-1
2021401038420,2021,401038420,1,9,0,2,2,1,5,0,0,0,0,0,0,0,1,1,6,6,3,-1,-1,1596,1,16,FORD FOCUS,-1,-1,0,-1
2021461071841,2021,461071841,1,9,0,7,7,1,5,0,0,1,0,0,0,0,1,1,6,6,2,80,11,1596,1,10,FORD FOCUS,9,E01024799,0,-1
2021991101969,2021,991101969,1,9,0,13,13,3,7,0,0,1,0,0,0,0,1,1,5,6,1,18,4,1499,2,3,FORD FOCUS,9,-1,0,-1
2021552100536,2021,552100536,2,9,0,18,19,8,4,0,0,8,0,0,0,0,4,1,6,6,2,24,5,1596,1,17,FORD FOCUS,1,E01015281,0,-1
2021010291772,2021,010291772,1,9,0,9,9,4,2,0,0,8,0,0,0,0,1,1,6,6,1,63,9,1596,1,7,FORD FOCUS,3,E01003235,0,-1
2021421068703,2021,421068703,1,9,0,13,13,1,5,0,0,0,0,0,0,0,1,1,5,6,2,85,11,1596,1,7,FORD FOCUS,10,E01021466,0,-1
2021501073886,2021,501073886,2,9,0,3,3,5,1,0,0,4,0,0,0,0,1,1,5,6,1,71,10,1596,1,19,FORD FOCUS,8,E01020170,0,-1
2021010337986,2021,010337986,2,9,9,99,99,9,9,99,99,9,9,99,9,99,9,9,6,6,3,-1,-1,1596,1,14,FORD FOCUS,-1,-1,0,-1
2021461121341,2021,461121341,1,9,0,10,10,8,6,0,0,8,0,0,0,0,1,1,6,6,1,27,6,1560,2,8,FORD FOCUS,3,E01024218,0,-1
2021430492670,2021,430492670,1,9,0,9,9,2,8,0,0,6,0,0,0,0,1,1,6,6,2,23,5,1499,2,1,FORD FOCUS,1,E01016372,0,-1
202163D025421,2021,63D025421,1,9,0,18,19,7,3,0,0,0,2,0,2,10,4,1,2,2,1,56,9,1596,1,15,FORD FOCUS,1,W01001473,0,-1
2021131127341,2021,131127341,1,9,0,9,9,5,1,0,0,2,0,0,0,0,1,1,5,6,2,54,8,1997,2,14,FORD FOCUS,3,E01010703,0,-1
2021010299736,2021,010299736,2,9,0,18,19,1,5,0,0,0,0,0,1,0,1,1,6,6,1,25,5,999,1,6,FORD FOCUS,6,E01003698,0,-1
2021061037170,2021,061037170,1,9,0,16,19,7,1,0,0,0,0,10,7,0,1,1,5,6,1,23,5,999,1,2,FORD FOCUS,1,E01006863,0,-1
2021201099767,2021,201099767,1,9,0,13,13,6,8,0,0,0,0,10,7,0,1,1,6,6,1,-1,-1,999,1,4,FORD FOCUS,-1,-1,0,-1
2021122200591,2021,122200591,2,9,0,4,4,5,1,0,0,0,0,0,0,0,2,1,6,6,1,21,5,1753,2,12,FORD FOCUS,6,E01013022,0,-1
2021421034773,2021,421034773,1,9,0,5,5,7,1,0,0,0,0,0,0,0,1,1,6,6,1,74,10,999,1,3,FORD FOCUS,4,E01015957,0,-1
2021430505487,2021,430505487,2,9,0,7,7,6,8,0,0,5,0,0,0,0,4,1,6,6,1,-1,-1,1560,2,12,FORD FOCUS,-1,-1,0,-1
2021201149083,2021,201149083,1,9,0,4,4,3,7,0,0,0,0,0,0,0,1,1,6,6,2,30,6,1596,1,10,FORD FOCUS,1,E01008913,0,-1
2021451083775,2021,451083775,1,9,0,16,19,5,1,0,0,1,0,0,1,11,1,1,5,6,1,22,5,1798,1,11,FORD FOCUS,10,E01030343,0,-1
2021070342469,2021,070342469,2,9,0,3,3,4,8,0,0,0,0,0,0,0,2,1,2,2,1,54,8,1499,2,6,FORD FOCUS,4,E01005036,0,-1
202106Q079771,2021,06Q079771,2,9,0,18,19,4,8,0,0,1,0,0,0,0,1,1,6,6,3,30,6,1596,1,17,FORD FOCUS,-1,-1,0,-1
2021010304916,2021,010304916,2,9,0,99,99,9,9,99,99,9,9,99,9,99,9,9,6,6,3,-1,-1,1596,1,14,FORD FOCUS,2,E01003304,0,-1
202134NNC3381,2021,34NNC3381,1,9,0,18,19,3,7,0,0,1,0,0,0,0,1,1,6,6,1,48,8,998,1,7,FORD FOCUS,10,E01027049,0,-1
2021201133319,2021,201133319,1,9,0,18,19,6,2,0,0,8,0,0,0,0,1,1,6,6,2,-1,-1,1596,1,12,FORD FOCUS,4,E01032537,0,-1
2021471059282,2021,471059282,2,9,0,9,9,2,8,0,0,8,0,0,0,0,1,1,5,6,2,43,7,1596,1,12,FORD FOCUS,10,E01031775,0,-1
2021440472353,2021,440472353,2,9,0,4,4,6,2,0,0,0,0,0,0,0,2,1,6,6,2,35,6,999,1,4,FORD FOCUS,-1,-1,0,-1
2021161059590,2021,161059590,1,9,0,18,19,4,8,0,0,1,0,0,0,0,1,1,5,6,1,18,4,1498,1,6,FORD FOCUS,8,E01013277,0,-1
2021461100452,2021,461100452,1,9,0,18,19,7,3,0,0,0,0,10,1,3,4,1,2,2,1,35,6,1560,2,8,FORD FOCUS,10,E01024829,0,-1
2021411035524,2021,411035524,1,9,0,18,19,5,8,0,0,0,0,0,1,3,1,1,2,2,2,50,8,1499,2,1,FORD FOCUS,6,E01023499,0,-1
2021371091140,2021,371091140,2,9,0,4,4,7,2,0,0,0,0,0,0,0,2,1,2,2,1,44,7,1997,2,6,FORD FOCUS,5,E01029960,0,-1
2021371058777,2021,371058777,1,9,0,17,19,8,4,0,0,0,0,0,0,0,1,1,1,1,1,23,5,1796,1,20,FORD FOCUS,6,E01018042,0,-1
2021361017029,2021,361017029,1,9,0,18,19,7,3,0,0,0,0,0,0,0,3,1,1,1,1,20,4,1596,1,22,FORD FOCUS,3,E01018097,0,-1
2021010303854,2021,010303854,1,9,0,18,19,7,3,0,0,8,0,0,0,0,1,1,6,6,1,22,5,1596,1,8,FORD FOCUS,5,E01033740,0,-1
2021531042953,2021,531042953,2,9,0,9,9,1,5,0,0,5,0,0,0,0,3,1,1,1,1,41,7,1798,1,11,FORD FOCUS,-1,-1,0,-1
2021991061657,2021,991061657,1,9,0,9,9,2,8,0,0,1,0,0,0,0,1,1,6,6,1,26,6,1596,1,15,FORD FOCUS,3,-1,0,-1
2021010296038,2021,010296038,1,9,0,99,99,9,9,99,99,9,9,99,9,99,9,9,6,6,1,27,6,1499,2,5,FORD FOCUS,-1,-1,0,-1
2021430173000,2021,430173000,1,9,0,18,19,2,6,0,0,4,5,0,3,1,1,1,6,6,1,27,6,1596,1,15,FORD FOCUS,4,E01016829,0,-1
2021320224887,2021,320224887,1,9,0,12,12,5,1,0,0,0,0,0,0,0,0,1,6,6,1,56,9,1499,2,3,FORD FOCUS,8,E01026193,0,-1
2021991063527,2021,991063527,2,9,0,9,9,1,6,0,0,0,0,0,0,0,3,1,5,6,2,37,7,1499,2,0,FORD FOCUS,-1,-1,0,-1
202163B012721,2021,63B012721,1,9,0,18,19,4,8,0,0,0,2,0,0,0,1,1,6,6,2,32,6,1596,1,12,FORD FOCUS,9,W01000527,0,-1
2021010311142,2021,010311142,1,9,0,9,9,7,5,0,0,5,0,10,3,11,3,1,6,6,2,36,7,1560,2,11,FORD FOCUS,4,E01023574,0,-1
2021010341336,2021,010341336,2,9,0,99,99,9,9,99,99,9,9,99,9,99,1,9,6,6,3,-1,-1,1798,1,12,FORD FOCUS,4,E01002233,0,-1
2021471119403,2021,471119403,1,9,0,6,6,7,3,0,0,0,0,0,0,0,1,1,6,6,1,60,9,998,1,7,FORD FOCUS,7,E01016897,0,-1
2021131079282,2021,131079282,2,9,0,17,19,5,1,0,0,0,1,0,0,0,3,1,5,6,1,37,7,1499,2,5,FORD FOCUS,4,E01020832,0,-1
2021061096753,2021,061096753,1,9,0,18,19,1,5,0,0,1,0,0,0,0,4,1,5,6,1,64,9,1596,1,16,FORD FOCUS,3,E01004872,0,-1
2021138430653,2021,138430653,2,9,0,18,19,2,6,0,0,0,0,0,0,0,3,1,6,6,2,61,9,1499,2,6,FORD FOCUS,9,E01011151,0,-1
2021201121319,2021,201121319,2,9,0,18,19,2,6,0,0,0,0,0,0,0,1,1,6,6,1,30,6,1997,2,7,FORD FOCUS,1,E01010234,0,-1
2021070656696,2021,070656696,4,8,0,3,3,1,5,0,0,1,0,0,0,0,2,1,6,6,1,39,7,1499,2,3,FORD FOCUS,1,E01006872,0,-1