collision_index,collision_year,collision_ref_no,vehicle_reference,vehicle_type,towing_and_articulation,vehicle_manoeuvre_historic,vehicle_manoeuvre,vehicle_direction_from,vehicle_direction_to,vehicle_location_restricted_lane_historic,vehicle_location_restricted_lane,junction_location,skidding_and_overturning,hit_object_in_carriageway,vehicle_leaving_carriageway,hit_object_off_carriageway,first_point_of_impact,vehicle_left_hand_drive,journey_purpose_of_driver_historic,journey_purpose_of_driver,sex_of_driver,age_of_driver,age_band_of_driver,engine_capacity_cc,propulsion_code,age_of_vehicle,generic_make_model,driver_imd_decile,lsoa_of_driver,escooter_flag,driver_distance_banding
2021991063552,2021,991063552,3,9,0,18,19,7,3,0,0,0,0,0,0,0,3,1,6,6,1,34,6,999,1,2,FORD FOCUS,3,E01013762,0,-1
2021461105944,2021,461105944,1,9,0,9,9,1,5,0,0,0,0,0,0,0,3,1,1,1,1,72,10,1596,1,18,FORD FOCUS,7,E01024234,0,-1
2021122100499,2021,122100499,2,9,0,4,4,1,2,0,0,1,0,0,0,0,1,1,6,6,1,24,5,1596,1,11,FORD FOCUS,9,E01027783,0,-1
2021010298868,2021,010298868,2,9,0,18,19,5,1,0,0,2,0,0,0,0,1,1,6,6,1,63,9,1596,1,19,FORD FOCUS,4,E01001674,0,-1
2021320198209,2021,320198209,3,9,0,18,19,8,4,0,0,0,0,0,0,0,2,1,6,6,1,41,7,1560,2,13,FORD FOCUS,9,E01032993,0,-1
2021231068518,2021,231068518,1,9,0,15,15,4,8,0,0,8,0,0,0,0,3,1,2,2,1,48,8,2521,1,15,FORD FOCUS,7,E01031091,0,-1
2021991055279,2021,991055279,1,9,0,13,13,5,8,0,0,0,0,0,1,0,4,1,5,6,1,66,10,999,1,1,FORD FOCUS,7,-1,0,-1
2021010302158,2021,010302158,1,9,0,15,15,1,5,0,0,4,5,9,0,0,1,1,6,6,1,24,5,1499,2,0,FORD FOCUS,2,E01002545,0,-1
2021471059778,2021,471059778,1,9,0,14,14,7,2,0,0,0,0,0,0,0,1,1,5,6,1,20,4,1560,2,9,FORD FOCUS,-1,-1,0,-1
2021421092502,2021,421092502,2,9,0,8,8,7,1,0,0,0,0,0,0,0,4,1,2,2,2,55,8,1499,2,5,FORD FOCUS,6,E01015866,0,-1
2021421057434,2021,421057434,1,9,0,18,19,3,7,0,0,1,0,0,0,0,1,1,5,6,2,28,6,1560,2,11,FORD FOCUS,9,E01022950,0,-1
2021351027144,2021,351027144,1,9,0,10,10,2,6,0,0,1,0,0,0,0,2,1,5,6,1,26,6,1596,1,20,FORD FOCUS,5,E01018059,0,-1
2021101041351,2021,101041351,2,9,0,18,19,3,7,0,0,1,1,0,5,6,1,1,6,6,1,50,8,1753,2,14,FORD FOCUS,2,E01008180,0,-1
2021010349565,2021,010349565,1,9,0,18,19,1,5,0,0,1,0,10,0,0,1,1,6,6,1,23,5,1999,1,7,FORD FOCUS,2,E01032562,0,-1
2021411029896,2021,411029896,1,9,0,9,9,5,3,0,0,1,1,0,0,0,1,1,6,6,2,26,6,999,1,2,FORD FOCUS,7,E01023923,0,-1
2021451108213,2021,451108213,2,9,0,18,19,7,3,0,0,6,0,0,0,0,3,1,6,6,1,25,5,1596,1,11,FORD FOCUS,9,E01030856,0,-1
2021622100239,2021,622100239,1,9,0,18,19,7,3,0,0,4,0,0,0,0,1,1,6,6,2,30,6,1596,1,12,FORD FOCUS,5,W01000747,0,-1
2021531106197,2021,531106197,1,9,0,9,9,2,6,0,0,8,1,0,3,0,2,1,5,6,1,33,6,1596,1,14,FORD FOCUS,2,E01022332,0,-1
2021371100220,2021,371100220,1,9,0,4,4,5,1,0,0,2,0,0,0,0,4,1,1,1,1,51,8,1560,2,9,FORD FOCUS,6,E01029925,0,-1
2021070246546,2021,070246546,2,9,0,4,4,6,2,0,0,1,0,0,0,0,1,1,6,6,1,44,7,998,1,8,FORD FOCUS,1,E01012545,0,-1
2021141107430,2021,141107430,2,9,0,18,19,8,3,0,0,2,1,0,7,0,4,1,2,2,1,20,4,1753,2,14,FORD FOCUS,3,E01007487,0,-1
2021401182971,2021,401182971,2,9,0,18,19,1,5,0,0,0,0,0,0,0,4,1,6,6,1,-1,-1,1596,1,11,FORD FOCUS,-1,-1,0,-1
2021991031171,2021,991031171,1,9,0,18,19,8,1,0,0,0,5,0,8,10,1,1,5,6,1,40,7,1596,1,11,FORD FOCUS,9,-1,0,-1
2021211040392,2021,211040392,1,9,0,18,19,7,3,0,0,0,0,0,0,0,1,1,6,6,1,30,6,1560,2,13,FORD FOCUS,3,E01029850,0,-1
2021031128608,2021,031128608,2,9,0,18,19,7,3,0,0,8,0,0,0,0,1,1,5,6,1,29,6,1499,2,5,FORD FOCUS,6,E01019213,0,-1
2021131077465,2021,131077465,1,9,0,16,19,1,5,0,0,0,0,0,0,0,0,1,6,6,1,52,8,1499,2,6,FORD FOCUS,1,E01011432,0,-1
2021010313107,2021,010313107,2,9,0,18,19,1,5,0,0,1,0,0,0,0,1,1,6,6,3,-1,-1,1596,1,17,FORD FOCUS,-1,-1,0,-1
2021421107103,2021,421107103,2,9,0,18,19,2,6,0,0,0,0,0,0,0,1,1,2,2,1,56,9,1499,2,2,FORD FOCUS,7,E01021913,0,-1
2021552101416,2021,552101416,1,9,0,18,19,1,5,0,0,4,0,0,0,0,1,1,6,6,2,24,5,1596,1,13,FORD FOCUS,6,E01015410,0,-1
2021451050778,2021,451050778,2,9,0,18,19,3,7,0,0,8,0,0,0,0,1,1,6,6,1,34,6,1596,1,13,FORD FOCUS,7,E01030613,0,-1
2021461053221,2021,461053221,1,9,0,4,4,7,3,0,0,0,1,0,0,0,1,1,6,6,1,33,6,1596,1,16,FORD FOCUS,4,E01024339,0,-1
2021161122091,2021,161122091,1,9,0,18,19,6,2,0,0,0,0,0,0,0,1,1,5,6,1,61,9,1596,1,13,FORD FOCUS,8,E01012812,0,-1
2021421035268,2021,421035268,1,9,0,18,19,0,0,0,0,0,0,4,0,0,4,2,5,6,1,88,11,1596,1,7,FORD FOCUS,10,E01022084,0,-1
2021101031871,2021,101031871,1,9,0,5,5,5,1,0,0,4,0,0,0,0,3,1,2,2,2,53,8,1596,1,10,FORD FOCUS,7,E01008424,0,-1
2021440464927,2021,440464927,2,9,0,18,19,1,5,0,0,8,0,0,0,0,1,1,1,1,1,22,5,1596,1,13,FORD FOCUS,-1,-1,0,-1
2021041113444,2021,041113444,1,9,0,18,19,1,5,0,0,0,0,0,0,0,2,1,1,1,1,55,8,1596,1,15,FORD FOCUS,5,E01012633,0,-1
2021010306709,2021,010306709,1,9,0,9,9,7,5,0,0,6,0,0,0,0,1,1,2,2,1,25,5,998,1,7,FORD FOCUS,2,E01004252,0,-1
2021041060665,2021,041060665,2,9,0,18,19,2,6,0,0,4,0,0,0,0,4,1,5,6,1,43,7,1560,2,10,FORD FOCUS,1,E01025042,0,-1
2021052100371,2021,052100371,1,9,0,7,7,5,7,0,0,6,0,0,0,0,0,1,6,6,1,22,5,1596,1,19,FORD FOCUS,6,E01006724,0,-1
2021070517973,2021,070517973,2,9,0,18,19,1,5,0,0,1,0,0,0,0,1,1,6,6,1,24,5,1999,1,4,FORD FOCUS,8,W01000310,0,-1
2021430432817,2021,430432817,2,9,0,10,10,8,6,0,0,8,0,0,0,0,2,1,6,6,2,49,8,1596,1,12,FORD FOCUS,7,E01016740,0,-1
2021371066925,2021,371066925,2,9,0,18,19,5,1,0,0,0,0,0,0,0,3,1,5,6,1,73,10,1596,1,9,FORD FOCUS,4,E01029900,0,-1
2021010288232,2021,010288232,2,9,0,99,99,9,9,99,99,9,9,99,9,99,0,9,6,6,3,-1,-1,1596,1,16,FORD FOCUS,-1,-1,0,-1
2021010291622,2021,010291622,2,9,0,99,99,9,9,99,99,9,9,99,9,99,1,9,6,6,3,-1,-1,1999,1,12,FORD FOCUS,-1,-1,0,-1
2021141088037,2021,141088037,1,9,0,18,19,3,1,0,0,0,0,0,0,0,1,1,6,6,1,48,8,1596,1,18,FORD FOCUS,1,E01007367,0,-1
2021991089642,2021,991089642,1,9,0,18,19,7,3,0,0,4,1,9,1,0,3,1,5,6,1,31,6,1798,1,14,FORD FOCUS,2,-1,0,-1
202134NNC6301,2021,34NNC6301,1,9,0,1,1,6,2,0,0,1,0,0,0,0,2,1,6,6,1,-1,-1,1997,2,5,FORD FOCUS,8,E01025804,0,-1
2021010333312,2021,010333312,1,9,0,9,9,3,1,0,0,1,0,0,0,0,1,1,2,2,1,33,6,1596,1,11,FORD FOCUS,2,E01004271,0,-1
2021201044870,2021,201044870,2,9,0,4,4,5,1,0,0,1,0,0,0,0,2,1,6,6,1,29,6,1596,1,8,FORD FOCUS,1,E01010283,0,-1
2021440179891,2021,440179891,2,9,0,3,3,7,2,0,0,0,0,0,0,0,2,1,6,6,1,32,6,1596,1,15,FORD FOCUS,8,E01017180,0,-1
2021010300614,2021,010300614,2,9,0,99,99,9,9,99,99,9,9,99,9,99,1,9,6,6,3,-1,-1,998,1,7,FORD FOCUS,2,E01001860,0,-1
2021010320286,2021,010320286,2,9,0,99,99,9,9,99,99,9,9,99,9,99,2,9,6,6,3,-1,-1,1596,1,18,FORD FOCUS,2,E01000079,0,-1
202131C061021,2021,31C061021,2,9,0,4,4,6,2,0,0,1,0,0,0,0,2,1,6,6,2,35,6,1596,1,14,FORD FOCUS,1,E01013826,0,-1
2021522200054,2021,522200054,1,9,0,2,2,0,0,0,0,0,0,0,0,0,2,1,6,6,1,30,6,999,1,3,FORD FOCUS,1,E01014593,0,-1
2021371131416,2021,371131416,2,9,0,18,19,1,5,0,0,8,0,0,0,0,4,1,5,6,1,32,6,1596,1,12,FORD FOCUS,2,E01030168,0,-1
2021010301258,2021,010301258,3,9,0,2,2,0,0,9,9,0,0,0,0,0,1,1,6,6,3,-1,-1,1499,2,4,FORD FOCUS,-1,-1,0,-1
2021548332521,2021,548332521,2,9,0,4,4,4,8,0,0,1,0,0,0,0,2,1,6,6,1,58,9,1596,1,12,FORD FOCUS,5,E01031901,0,-1
2021201128998,2021,201128998,2,9,0,7,7,6,8,0,0,6,0,0,0,0,3,1,6,6,1,28,6,1596,1,12,FORD FOCUS,1,E01009107,0,-1
2021471041491,2021,471041491,1,9,0,9,9,7,5,0,0,6,0,0,0,0,1,1,1,1,1,53,8,1596,1,12,FORD FOCUS,7,E01016960,0,-1
2021361106438,2021,361106438,2,9,0,18,19,1,5,0,0,2,0,0,0,0,1,1,5,6,2,34,6,1560,2,9,FORD FOCUS,6,E01026437,0,-1
2021161094106,2021,161094106,2,9,0,5,5,1,5,0,0,4,0,0,0,0,1,1,6,6,1,32,6,1560,2,13,FORD FOCUS,1,E01012880,0,-1
2021141100860,2021,141100860,1,9,0,18,19,8,4,0,0,2,0,0,0,0,3,1,2,2,1,31,6,999,1,0,FORD FOCUS,3,E01033263,0,-1
202163D079221,2021,63D079221,3,9,0,16,19,6,1,0,0,0,0,0,0,0,1,1,6,6,2,49,8,1560,2,8,FORD FOCUS,7,W01000488,0,-1
2021010301618,2021,010301618,1,9,0,99,99,9,9,99,99,9,9,99,9,99,2,9,6,6,2,31,6,1596,1,10,FORD FOCUS,5,E01000379,0,-1
2021401023549,2021,401023549,2,9,0,5,5,5,1,0,0,0,0,0,0,0,1,1,6,6,1,17,4,999,1,1,FORD FOCUS,8,E01017561,0,-1
2021351027456,2021,351027456,1,9,0,18,19,1,5,0,0,0,0,0,0,0,1,1,6,6,1,56,9,1798,1,13,FORD FOCUS,3,E01018083,0,-1
2021522105975,2021,522105975,2,9,0,18,19,7,3,0,0,8,0,0,0,0,1,1,6,6,1,30,6,1798,1,13,FORD FOCUS,-1,-1,0,-1
2021141032757,2021,141032757,1,9,0,-1,-1,-1,-1,0,0,2,-1,-1,-1,0,-1,1,6,6,3,-1,-1,1596,1,12,FORD FOCUS,-1,-1,0,-1
2021010345264,2021,010345264,1,9,0,99,99,9,9,99,99,9,9,99,9,99,1,9,6,6,1,-1,-1,998,1,7,FORD FOCUS,-1,-1,0,-1
2021010298831,2021,010298831,1,9,0,99,99,9,9,0,0,9,9,99,9,99,2,9,6,6,2,47,8,1798,1,16,FORD FOCUS,4,E01001484,0,-1
2021501026784,2021,501026784,2,9,0,18,19,1,5,0,0,1,0,0,0,0,1,1,2,2,2,52,8,1732,2,19,FORD FOCUS,5,E01018853,0,-1
2021361017064,2021,361017064,1,9,0,18,19,3,7,0,0,4,0,0,0,0,1,1,5,6,1,31,6,1753,2,16,FORD FOCUS,6,E01026863,0,-1
2021052101476,2021,052101476,1,9,0,18,19,5,1,0,0,0,0,0,0,0,4,1,6,6,1,-1,-1,1499,2,2,FORD FOCUS,2,E01012429,0,-1
2021520201463,2021,520201463,1,9,0,8,8,5,7,9,9,6,0,0,0,0,1,1,6,6,1,27,6,1596,1,11,FORD FOCUS,-1,-1,0,-1
2021501089801,2021,501089801,1,9,0,5,5,1,4,0,0,6,0,0,0,0,0,1,5,6,2,74,10,1498,1,4,FORD FOCUS,5,E01020122,0,-1
2021131052772,2021,131052772,2,9,0,18,19,7,3,0,0,1,0,0,0,0,4,1,5,6,1,52,8,1596,1,14,FORD FOCUS,1,E01010802,0,-1
2021351149271,2021,351149271,2,9,0,18,19,2,6,0,0,1,0,0,0,0,1,1,5,6,2,54,8,1499,2,6,FORD FOCUS,9,E01018209,0,-1
2021131101933,2021,131101933,2,9,0,18,19,3,7,0,0,0,0,0,0,0,3,1,5,6,1,32,6,1560,2,8,FORD FOCUS,3,E01011035,0,-1
2021041046610,2021,041046610,1,9,0,9,9,5,3,0,0,8,0,0,0,0,3,1,5,6,1,19,4,1499,2,4,FORD FOCUS,5,E01025431,0,-1
2021201081014,2021,201081014,2,9,0,18,19,8,4,0,0,8,0,0,0,0,1,1,6,6,1,21,5,1496,1,1,FORD FOCUS,1,E01009374,0,-1
2021622100776,2021,622100776,2,9,0,2,2,0,0,0,0,2,0,0,0,0,3,1,6,6,3,-1,-1,1498,1,4,FORD FOCUS,-1,-1,0,-1
2021061104765,2021,061104765,2,9,0,18,19,8,4,0,0,0,0,0,0,0,2,1,6,6,1,56,9,1560,2,12,FORD FOCUS,4,E01005892,0,-1
2021501086286,2021,501086286,1,9,0,9,9,1,3,0,0,1,0,0,0,0,1,1,5,6,1,37,7,1596,1,13,FORD FOCUS,8,E01014509,0,-1
202131A062221,2021,31A062221,1,9,0,18,19,2,6,0,0,0,0,0,0,0,1,1,1,1,1,22,5,1596,1,13,FORD FOCUS,3,E01027931,0,-1
2021371086091,2021,371086091,1,9,0,9,9,6,4,0,0,2,0,0,0,0,1,1,5,6,1,22,5,999,1,3,FORD FOCUS,1,E01029982,0,-1
202131D189721,2021,31D189721,1,9,0,18,19,5,1,0,0,8,0,0,0,0,1,1,6,6,1,32,6,998,1,7,FORD FOCUS,6,E01028188,0,-1
2021501116232,2021,501116232,2,9,0,9,9,5,3,0,0,6,0,0,1,0,1,1,1,1,1,67,10,1560,2,8,FORD FOCUS,3,E01019053,0,-1
2021221106084,2021,221106084,1,9,0,9,9,5,3,0,0,5,0,0,0,0,1,1,3,7,2,42,7,1499,2,6,FORD FOCUS,9,E01032183,0,-1
2021010346605,2021,010346605,1,9,0,18,19,1,5,0,0,8,0,4,7,10,2,1,6,6,2,49,8,999,1,2,FORD FOCUS,4,E01000380,0,-1
2021052100674,2021,052100674,1,9,0,7,7,1,3,0,0,5,0,0,0,0,3,1,6,6,1,36,7,1596,1,16,FORD FOCUS,1,E01006552,0,-1
2021041094858,2021,041094858,2,9,0,2,2,0,0,9,9,8,0,0,0,0,2,1,6,6,3,-1,-1,1596,1,9,FORD FOCUS,-1,-1,0,-1
2021421074674,2021,421074674,1,9,0,18,19,3,7,0,0,1,0,0,0,0,1,1,5,6,2,34,6,1560,2,9,FORD FOCUS,10,E01021673,0,-1
2021522200880,2021,522200880,1,9,0,18,19,7,3,0,0,0,0,0,0,0,1,1,6,6,1,53,8,1988,1,18,FORD FOCUS,10,E01014864,0,-1
2021010348382,2021,010348382,1,9,0,5,5,5,1,0,0,3,0,0,0,0,3,2,1,1,1,45,7,1596,1,16,FORD FOCUS,6,E01002496,0,-1
2021991066879,2021,991066879,2,9,0,18,19,5,1,0,0,0,0,0,0,0,2,1,2,2,1,20,4,1499,2,3,FORD FOCUS,3,-1,0,-1
2021101114978,2021,101114978,1,9,0,9,9,3,4,0,0,1,0,0,0,0,1,1,6,6,2,35,6,1997,2,10,FORD FOCUS,7,E01008465,0,-1
2021451025146,2021,451025146,1,9,0,2,2,0,0,0,0,0,0,0,0,0,1,1,1,1,2,26,6,1596,1,11,FORD FOCUS,2,E01032569,0,-1
2021991072427,2021,991072427,2,9,0,8,8,2,4,0,0,1,0,0,0,0,0,1,5,6,2,39,7,1560,2,10,FORD FOCUS,3,-1,0,-1
2021411027054,2021,411027054,2,9,0,18,19,1,5,0,0,0,0,0,0,0,1,1,5,6,1,58,9,2521,1,14,FORD FOCUS,10,E01023810,0,-1
2021031077160,2021,031077160,1,9,0,13,13,5,5,0,0,0,0,0,7,0,1,1,6,6,1,38,7,1596,1,7,FORD FOCUS,4,-1,0,-1
2021302101085,2021,302101085,2,9,0,3,3,4,8,0,0,8,0,0,0,0,2,1,6,6,1,44,7,999,1,0,FORD FOCUS,6,E01033536,0,-1
2021010321073,2021,010321073,1,9,0,1,1,1,5,0,0,0,0,0,0,0,2,1,6,6,2,34,6,1596,1,7,FORD FOCUS,-1,-1,0,-1
2021122101318,2021,122101318,1,8,0,5,5,3,7,0,0,2,0,0,0,0,1,1,1,1,1,75,10,1499,2,5,FORD FOCUS,3,E01027865,0,-1
2021161096657,2021,161096657,2,9,0,3,3,6,2,0,0,1,0,0,0,0,2,1,1,1,1,47,8,1499,2,0,FORD FOCUS,10,E01012970,0,-1
2021421077899,2021,421077899,1,9,0,18,19,5,1,0,0,0,0,0,7,4,1,1,5,6,2,84,11,1596,1,21,FORD FOCUS,-1,-1,0,-1
2021421062889,2021,421062889,2,9,0,18,19,2,7,0,0,3,0,0,0,0,2,1,5,6,1,76,11,1999,1,4,FORD FOCUS,-1,-1,0,-1
2021061130011,2021,061130011,1,9,0,18,19,6,2,0,0,1,0,0,0,0,1,1,2,2,1,33,6,1999,1,8,FORD FOCUS,2,E01006323,0,-1
2021371090530,2021,371090530,2,9,0,17,19,5,2,0,0,0,0,0,0,0,1,1,5,6,2,34,6,1498,1,4,FORD FOCUS,6,E01030245,0,-1
2021991125568,2021,991125568,1,9,0,9,9,5,3,0,0,6,0,0,0,0,1,1,5,6,2,71,10,999,1,5,FORD FOCUS,10,-1,0,-1
2021010307097,2021,010307097,2,9,0,10,10,1,8,0,0,1,0,0,0,0,2,1,3,7,2,38,7,1560,2,9,FORD FOCUS,7,E01002972,0,-1
2021101072123,2021,101072123,1,9,0,11,11,3,7,0,0,1,0,0,0,0,4,1,6,6,1,-1,-1,1596,1,14,FORD FOCUS,-1,-1,0,-1
2021501100932,2021,501100932,1,9,0,18,19,3,7,0,0,0,0,0,7,0,1,1,6,6,2,29,6,1560,2,16,FORD FOCUS,6,E01019933,0,-1
2021221037928,2021,221037928,1,9,0,18,19,7,3,0,0,0,0,0,0,0,1,1,5,6,1,32,6,1596,1,16,FORD FOCUS,7,E01028915,0,-1
2021440437655,2021,440437655,1,9,0,18,19,6,2,0,0,0,0,0,2,7,1,1,6,6,1,24,5,2521,1,12,FORD FOCUS,4,E01017185,0,-1
2021451048537,2021,451048537,1,9,0,4,4,5,1,0,0,0,0,0,0,0,2,1,5,6,1,61,9,999,1,2,FORD FOCUS,9,E01030325,0,-1
2021010319679,2021,010319679,1,9,0,9,9,2,8,0,0,6,0,11,0,0,1,1,6,6,2,26,6,1596,1,11,FORD FOCUS,2,E01003337,0,-1
2021991041208,2021,991041208,1,9,0,9,9,4,2,0,0,8,0,0,0,0,1,1,6,6,2,61,9,998,1,8,FORD FOCUS,9,-1,0,-1
2021010318871,2021,010318871,2,9,0,99,99,9,9,99,99,9,9,99,9,99,1,9,6,6,3,-1,-1,1560,2,7,FORD FOCUS,-1,-1,0,-1
2021451058625,2021,451058625,4,9,0,2,2,1,1,0,0,0,0,0,0,0,2,1,6,6,3,-1,-1,1596,1,14,FORD FOCUS,-1,-1,0,-1
2021520100367,2021,520100367,2,9,0,17,19,8,4,0,0,0,0,0,0,0,1,1,6,6,1,35,6,1596,1,16,FORD FOCUS,5,E01029047,0,-1
20211383U1393,2021,1383U1393,2,9,0,9,9,7,3,0,0,1,0,0,0,0,4,1,6,6,1,35,6,1499,2,1,FORD FOCUS,4,E01011286,0,-1
2021451063568,2021,451063568,1,9,0,18,19,7,3,0,0,0,0,0,0,0,1,1,1,1,2,27,6,1596,1,20,FORD FOCUS,4,E01030805,0,-1
202131D035721,2021,31D035721,2,9,0,18,19,4,8,0,0,1,0,0,0,0,1,1,6,6,1,47,8,1596,1,11,FORD FOCUS,10,E01028084,0,-1
2021421059777,2021,421059777,1,9,0,16,19,6,1,0,0,0,0,0,0,0,1,1,6,6,1,23,5,1596,1,9,FORD FOCUS,2,E01004385,0,-1
2021010296044,2021,010296044,2,9,0,4,4,3,7,0,0,1,0,0,0,0,0,1,1,1,1,37,7,999,1,2,FORD FOCUS,6,E01000871,0,-1
2021501112986,2021,501112986,1,9,0,18,19,7,2,0,0,4,0,0,0,0,1,1,6,6,2,64,9,1499,2,5,FORD FOCUS,6,E01032403,0,-1
2021101094228,2021,101094228,2,9,0,18,19,7,3,0,0,8,0,0,0,0,4,1,5,6,2,47,8,999,1,1,FORD FOCUS,-1,-1,0,-1
2021522104626,2021,522104626,1,9,0,18,19,5,1,0,0,2,0,0,0,0,1,1,6,6,1,24,5,1596,1,16,FORD FOCUS,2,E01014575,0,-1
2021440391571,2021,440391571,1,9,0,18,19,1,5,0,0,8,0,4,0,0,1,1,6,6,2,34,6,1596,1,18,FORD FOCUS,1,E01017053,0,-1
2021531093375,2021,531093375,2,9,0,18,19,-1,-1,0,0,8,0,0,0,0,3,1,2,2,1,50,8,1560,2,10,FORD FOCUS,3,E01022284,0,-1
2021010299439,2021,010299439,1,9,0,18,19,5,1,0,0,0,5,0,0,0,1,1,6,6,1,21,5,1596,1,9,FORD FOCUS,2,E01001361,0,-1
2021010301824,2021,010301824,5,9,0,2,2,0,0,0,0,0,0,0,0,0,4,1,6,6,3,-1,-1,1596,1,14,FORD FOCUS,-1,-1,0,-1
2021451057151,2021,451057151,1,9,0,11,11,6,2,0,0,0,1,0,1,1,2,1,5,6,2,25,5,1560,2,9,FORD FOCUS,2,E01005389,0,-1
2021401044777,2021,401044777,1,9,0,18,19,8,4,0,0,0,0,0,0,0,1,1,6,6,1,35,6,1560,2,8,FORD FOCUS,7,E01016840,0,-1
202163D012421,2021,63D012421,2,9,0,18,19,8,4,0,0,8,1,0,1,10,1,1,6,6,1,30,6,1560,2,10,FORD FOCUS,-1,-1,0,-1
2021161035614,2021,161035614,2,9,0,18,19,6,2,0,0,0,0,0,0,0,1,1,5,6,1,56,9,1560,2,12,FORD FOCUS,3,E01007433,0,-1
2021501087389,2021,501087389,1,9,0,18,19,6,2,0,0,0,0,4,0,0,1,1,6,6,1,25,5,2521,1,15,FORD FOCUS,6,E01018755,0,-1
2021361056069,2021,361056069,1,9,0,13,13,1,5,0,0,0,0,0,0,0,1,1,5,6,1,28,6,1999,1,6,FORD FOCUS,3,E01033038,0,-1
2021421074423,2021,421074423,1,9,0,18,19,2,6,0,0,4,0,0,0,0,1,1,5,6,2,28,6,999,1,4,FORD FOCUS,7,E01021684,0,-1
2021041063762,2021,041063762,2,9,0,2,2,0,0,0,0,1,0,0,0,0,2,1,6,6,3,-1,-1,999,1,6,FORD FOCUS,-1,-1,0,-1
2021991016488,2021,991016488,1,9,0,13,13,5,1,0,0,1,0,0,0,0,1,1,2,2,1,18,4,999,1,4,FORD FOCUS,4,-1,0,-1
2021010303005,2021,010303005,1,9,0,10,10,5,3,0,0,1,0,0,0,0,1,1,4,7,1,43,7,1596,1,11,FORD FOCUS,8,E01002287,0,-1
2021351100586,2021,351100586,2,9,0,2,2,0,0,0,0,1,0,0,0,0,2,1,5,6,1,-1,-1,1496,1,2,FORD FOCUS,-1,-1,0,-1
2021430110342,2021,430110342,1,9,0,18,19,3,7,0,0,0,1,0,0,0,1,1,6,6,1,40,7,1560,2,9,FORD FOCUS,8,E01017679,0,-1
2021041017515,2021,041017515,1,9,0,17,19,5,1,0,0,0,0,0,1,0,3,1,5,6,1,21,5,1499,2,6,FORD FOCUS,1,E01025230,0,-1
2021201117127,2021,201117127,2,9,0,18,19,7,3,0,0,8,1,0,0,0,3,1,2,2,1,49,8,998,1,8,FORD FOCUS,4,E01009236,0,-1
2021070078452,2021,070078452,1,9,0,5,5,6,2,0,0,1,0,0,0,0,1,1,6,6,1,53,8,1997,2,17,FORD FOCUS,4,E01012521,0,-1
2021991116518,2021,991116518,2,9,0,18,19,1,5,0,0,1,0,0,0,0,4,1,6,6,1,43,7,2521,1,15,FORD FOCUS,1,-1,0,-1
2021461037917,2021,461037917,1,9,0,7,7,1,3,0,0,1,0,0,0,0,1,1,5,6,2,30,6,1499,2,2,FORD FOCUS,3,E01016020,0,-1
2021440448165,2021,440448165,1,9,0,5,5,1,5,0,0,8,0,0,0,0,3,1,6,6,1,60,9,999,1,5,FORD FOCUS,5,E01017044,0,-1
2021201119772,2021,201119772,1,9,0,18,19,7,3,0,0,0,0,4,0,0,2,1,6,6,1,91,11,1596,1,10,FORD FOCUS,2,E01009877,0,-1
2021010322511,2021,010322511,1,9,0,5,5,5,1,0,0,6,0,7,0,0,1,1,6,6,1,66,10,1596,1,19,FORD FOCUS,7,E01000362,0,-1
2021451012927,2021,451012927,2,9,0,17,19,3,1,0,0,8,0,0,0,0,4,1,5,6,1,31,6,1596,1,7,FORD FOCUS,6,E01030598,0,-1
2021520101644,2021,520101644,2,9,0,18,19,8,4,0,0,8,0,0,0,0,1,1,6,6,1,26,6,1997,2,6,FORD FOCUS,1,E01029132,0,-1
2021010301625,2021,010301625,1,9,0,99,99,9,9,99,99,9,9,99,9,99,9,9,6,6,1,21,5,1499,2,2,FORD FOCUS,1,E01004273,0,-1
2021052100315,2021,052100315,1,9,0,14,14,8,4,0,0,8,0,0,0,0,4,1,2,2,2,35,6,1753,2,12,FORD FOCUS,9,E01012376,0,-1
2021141083691,2021,141083691,3,9,0,18,19,3,6,0,0,0,0,0,0,0,3,1,1,1,2,34,6,999,1,3,FORD FOCUS,9,E01007670,0,-1
2021440322287,2021,440322287,2,9,0,18,19,3,7,0,0,0,0,0,0,0,2,1,6,6,2,52,8,1596,1,12,FORD FOCUS,5,E01017254,0,-1
2021041125425,2021,041125425,1,9,0,3,3,7,3,0,0,1,0,0,0,0,1,1,5,6,1,60,9,1560,2,8,FORD FOCUS,2,-1,0,-1
20211381V1220,2021,1381V1220,1,9,0,18,19,8,4,0,0,0,0,0,0,0,1,1,6,6,2,20,4,1753,2,14,FORD FOCUS,6,E01011587,0,-1
2021361086354,2021,361086354,2,9,0,18,19,5,4,0,0,0,0,0,0,0,4,1,5,6,1,49,8,1753,2,12,FORD FOCUS,6,E01026737,0,-1
202134WNC2411,2021,34WNC2411,1,9,0,18,19,3,7,0,0,0,5,0,0,0,1,1,6,6,1,24,5,999,1,7,FORD FOCUS,5,E01032981,0,-1
2021201143804,2021,201143804,2,9,0,18,19,4,8,0,0,8,0,0,0,0,1,1,6,6,1,21,5,999,1,4,FORD FOCUS,3,E01008957,0,-1
2021461054302,2021,461054302,2,9,0,10,10,8,6,0,0,8,0,0,0,0,3,1,6,6,1,19,4,1596,1,10,FORD FOCUS,5,E01024588,0,-1