collision_index,collision_year,collision_ref_no,vehicle_reference,vehicle_type,towing_and_articulation,vehicle_manoeuvre_historic,vehicle_manoeuvre,vehicle_direction_from,vehicle_direction_to,vehicle_location_restricted_lane_historic,vehicle_location_restricted_lane,junction_location,skidding_and_overturning,hit_object_in_carriageway,vehicle_leaving_carriageway,hit_object_off_carriageway,first_point_of_impact,vehicle_left_hand_drive,journey_purpose_of_driver_historic,journey_purpose_of_driver,sex_of_driver,age_of_driver,age_band_of_driver,engine_capacity_cc,propulsion_code,age_of_vehicle,generic_make_model,driver_imd_decile,lsoa_of_driver,escooter_flag,driver_distance_banding
2021461080997,2021,461080997,1,9,0,17,19,6,2,0,0,0,0,0,0,0,3,1,6,6,1,72,10,1596,1,8,FORD FOCUS,7,E01024013,0,-1
2021543570721,2021,543570721,2,9,0,18,19,7,3,0,0,1,0,0,1,0,1,1,6,6,1,57,9,1753,2,18,FORD FOCUS,7,E01031891,0,-1
2021170L21301,2021,170L21301,1,9,0,18,19,3,6,0,0,1,0,0,0,0,1,1,6,6,1,17,4,1560,2,10,FORD FOCUS,7,E01012064,0,-1
2021471042334,2021,471042334,1,9,0,9,9,2,8,0,0,1,0,0,0,0,0,1,5,6,1,43,7,1499,2,4,FORD FOCUS,5,E01021100,0,-1
2021052102009,2021,052102009,1,9,0,18,19,1,5,0,0,0,0,0,7,4,1,1,6,6,1,34,6,999,1,1,FORD FOCUS,1,E01007295,0,-1
2021010323667,2021,010323667,2,9,0,5,5,0,7,0,0,0,0,10,0,0,1,1,2,2,2,48,8,999,1,5,FORD FOCUS,3,E01001190,0,-1
2021161093298,2021,161093298,1,9,0,8,8,7,3,0,0,1,0,0,0,0,1,1,2,2,2,38,7,1560,2,7,FORD FOCUS,1,E01013209,0,-1
2021471046478,2021,471046478,1,9,0,4,4,3,7,0,0,1,0,0,0,0,1,1,6,6,3,-1,-1,1997,2,12,FORD FOCUS,-1,-1,0,-1
2021552101313,2021,552101313,2,9,0,9,9,3,1,0,0,5,0,0,0,0,1,1,6,6,1,59,9,1596,1,12,FORD FOCUS,4,E01015443,0,-1
202131A101521,2021,31A101521,1,9,0,10,10,6,2,0,0,1,0,0,0,0,2,1,6,6,2,27,6,1596,1,10,FORD FOCUS,2,E01019453,0,-1
2021010321234,2021,010321234,1,9,0,5,5,0,7,0,0,6,1,0,0,0,1,1,6,6,1,45,7,1596,1,16,FORD FOCUS,5,E01000338,0,-1
2021440389371,2021,440389371,2,9,0,18,19,1,5,0,0,0,0,0,0,0,3,1,6,6,1,30,6,1596,1,15,FORD FOCUS,10,E01022528,0,-1
2021070566849,2021,070566849,1,9,0,18,19,3,7,0,0,0,0,0,0,0,2,2,6,6,1,23,5,1499,2,5,FORD FOCUS,8,E01012389,0,-1
2021351121305,2021,351121305,2,9,0,18,19,1,5,0,0,1,0,0,0,0,3,1,6,6,1,46,8,1997,2,10,FORD FOCUS,6,E01018042,0,-1
2021351131019,2021,351131019,2,9,0,4,4,8,4,0,0,0,0,0,0,0,2,1,1,1,2,34,6,998,1,7,FORD FOCUS,5,E01026284,0,-1
2021610046321,2021,610046321,3,9,0,18,19,8,4,0,0,1,0,0,0,0,1,1,6,6,2,57,9,999,1,2,FORD FOCUS,1,W01001536,0,-1
2021010327734,2021,010327734,2,9,0,16,19,1,5,0,0,0,0,0,0,0,1,1,6,6,1,20,4,1499,2,0,FORD FOCUS,3,E01002052,0,-1
2021430304726,2021,430304726,3,9,0,16,19,2,5,0,0,0,0,0,0,0,1,1,2,2,1,36,7,1560,2,7,FORD FOCUS,9,E01016641,0,-1
2021501117285,2021,501117285,1,9,0,16,19,5,1,0,0,0,1,0,0,0,3,1,6,6,1,35,6,1596,1,19,FORD FOCUS,4,E01018980,0,-1
2021141034503,2021,141034503,1,9,0,17,19,6,3,0,0,1,2,0,7,0,1,1,6,6,1,35,6,1796,1,22,FORD FOCUS,5,E01008091,0,-1
2021201037109,2021,201037109,1,9,0,5,5,5,1,0,0,1,0,0,0,0,1,1,2,2,1,37,7,1596,1,10,FORD FOCUS,4,E01009176,0,-1
2021552100782,2021,552100782,2,9,0,4,4,2,6,0,0,0,0,0,0,0,2,1,6,6,1,45,7,1560,2,9,FORD FOCUS,5,E01015417,0,-1
2021201130221,2021,201130221,2,9,0,18,19,5,1,0,0,2,0,10,1,0,1,1,6,6,1,30,6,998,1,9,FORD FOCUS,2,E01009575,0,-1
2021520104040,2021,520104040,3,9,0,18,19,8,4,0,0,0,0,0,0,0,1,1,6,6,1,76,11,999,1,5,FORD FOCUS,7,E01029211,0,-1
2021471086157,2021,471086157,2,9,0,9,9,1,5,0,0,0,0,0,0,0,1,1,2,2,1,27,6,1596,1,16,FORD FOCUS,7,E01022963,0,-1
2021361055438,2021,361055438,1,9,0,5,5,1,5,0,0,8,0,0,0,0,4,1,5,6,1,36,7,998,1,8,FORD FOCUS,2,E01026425,0,-1
2021010350637,2021,010350637,2,9,0,99,99,9,9,99,99,9,9,99,9,99,1,9,6,6,3,-1,-1,1596,1,21,FORD FOCUS,-1,-1,0,-1
2021010302916,2021,010302916,3,9,0,2,2,0,0,6,6,1,0,0,0,0,1,1,6,6,3,-1,-1,1997,2,5,FORD FOCUS,-1,-1,0,-1
2021461108241,2021,461108241,1,9,0,18,19,8,4,0,0,0,0,0,0,0,1,1,5,6,1,47,8,1596,1,11,FORD FOCUS,7,E01024764,0,-1
2021501100469,2021,501100469,1,9,0,4,4,8,4,0,0,1,0,0,0,0,4,1,5,6,2,72,10,998,1,7,FORD FOCUS,4,E01020131,0,-1
2021361077718,2021,361077718,4,9,0,18,19,3,7,0,0,0,0,0,0,0,1,1,5,6,2,33,6,1560,2,8,FORD FOCUS,4,E01026474,0,-1
2021010306174,2021,010306174,1,9,0,9,9,1,7,0,0,6,0,0,0,0,1,1,6,6,2,60,9,1999,1,12,FORD FOCUS,3,E01003068,0,-1
2021201120952,2021,201120952,1,9,0,5,5,4,8,0,0,4,0,0,0,0,1,1,6,6,1,37,7,1560,2,12,FORD FOCUS,6,E01010230,0,-1
2021141063363,2021,141063363,1,9,0,4,4,1,5,0,0,0,0,0,0,0,2,1,2,2,1,57,9,1997,2,4,FORD FOCUS,3,E01007528,0,-1
2021622101003,2021,622101003,1,9,0,5,5,2,6,0,0,1,0,0,0,0,1,1,6,6,2,46,8,1499,2,6,FORD FOCUS,5,W01001099,0,-1
2021061035739,2021,061035739,1,9,0,18,19,3,7,0,0,8,0,0,0,0,1,1,6,6,1,19,4,1596,1,18,FORD FOCUS,1,E01005077,0,-1
2021302100146,2021,302100146,1,9,0,9,9,2,6,0,0,5,0,0,0,0,1,1,1,1,1,36,7,1560,2,10,FORD FOCUS,8,E01019423,0,-1
2021131045429,2021,131045429,1,9,0,18,19,5,1,0,0,0,0,1,0,0,1,1,5,6,1,68,10,1796,1,17,FORD FOCUS,1,E01010960,0,-1
2021501084058,2021,501084058,1,9,0,3,3,3,7,0,0,1,0,0,0,0,1,1,5,6,1,56,9,999,1,2,FORD FOCUS,3,E01015751,0,-1
2021010300272,2021,010300272,2,9,0,99,99,9,9,99,99,0,9,99,9,99,2,9,6,6,3,-1,-1,1596,1,12,FORD FOCUS,-1,-1,0,-1
2021471076968,2021,471076968,1,9,0,5,5,4,8,0,0,6,0,0,0,0,4,1,5,6,1,76,11,1596,1,9,FORD FOCUS,7,E01023514,0,-1
2021010346241,2021,010346241,1,9,0,4,4,3,7,0,0,1,0,0,0,0,2,1,3,7,1,41,7,1596,1,5,FORD FOCUS,2,E01002604,0,-1
2021131119915,2021,131119915,1,9,0,18,19,3,7,0,0,8,0,0,0,0,4,1,5,6,1,47,8,1596,1,15,FORD FOCUS,3,E01011341,0,-1
2021461025227,2021,461025227,2,9,0,3,3,6,1,0,0,3,0,0,0,0,2,1,6,6,1,21,5,1560,2,10,FORD FOCUS,8,E01033210,0,-1
2021451042747,2021,451042747,2,9,0,5,5,1,3,0,0,8,0,0,0,0,1,1,6,6,1,25,5,1596,1,15,FORD FOCUS,4,E01030746,0,-1
202131B080621,2021,31B080621,1,9,0,14,14,3,7,0,0,1,0,0,0,0,1,1,2,2,1,35,6,1753,2,13,FORD FOCUS,3,E01019484,0,-1
2021421037398,2021,421037398,1,9,0,7,7,1,3,0,0,2,0,0,0,0,1,1,3,7,2,43,7,998,1,7,FORD FOCUS,7,E01021904,0,-1
2021061053599,2021,061053599,2,9,0,4,4,2,6,0,0,0,0,0,0,0,2,1,6,6,2,36,7,1560,2,9,FORD FOCUS,1,E01005379,0,-1
2021361075064,2021,361075064,1,9,0,1,1,3,7,0,0,1,0,0,0,0,2,1,5,6,1,72,10,1596,1,13,FORD FOCUS,3,E01026753,0,-1
2021041027537,2021,041027537,1,9,0,18,19,6,2,0,0,0,0,0,0,0,1,1,6,6,3,-1,-1,1596,1,16,FORD FOCUS,-1,-1,0,-1
2021520201180,2021,520201180,2,9,0,9,9,1,7,0,0,8,0,0,0,0,1,1,6,6,1,59,9,1596,1,7,FORD FOCUS,1,E01029247,0,-1
2021061114373,2021,061114373,3,9,0,4,4,5,1,0,0,0,0,0,0,0,2,1,5,6,1,60,9,1499,2,3,FORD FOCUS,8,E01006131,0,-1
2021548387221,2021,548387221,1,9,0,4,4,7,3,0,0,0,0,0,0,0,2,1,6,6,2,41,7,998,1,9,FORD FOCUS,7,E01020440,0,-1
2021041137609,2021,041137609,2,9,0,18,19,1,1,0,0,0,0,0,0,0,3,1,6,6,1,49,8,1499,2,2,FORD FOCUS,2,E01025581,0,-1
202131P136821,2021,31P136821,1,9,0,18,19,2,6,0,0,0,0,0,0,0,1,1,6,6,1,47,8,999,1,6,FORD FOCUS,1,E01013822,0,-1
2021552100497,2021,552100497,1,9,0,18,19,4,8,0,0,8,0,0,0,0,1,1,2,2,1,64,9,999,1,4,FORD FOCUS,5,E01020368,0,-1
2021440151222,2021,440151222,2,9,0,3,3,5,1,0,0,1,0,0,0,0,2,1,6,6,2,27,6,1596,1,19,FORD FOCUS,6,E01022911,0,-1
2021430319763,2021,430319763,1,9,0,18,19,6,2,0,0,0,0,0,0,0,1,1,3,7,2,38,7,1596,1,12,FORD FOCUS,5,E01016367,0,-1
2021201042169,2021,201042169,1,9,0,5,5,2,6,0,0,1,0,0,0,0,1,1,1,1,1,28,6,1798,1,11,FORD FOCUS,2,E01009609,0,-1
2021531030215,2021,531030215,2,9,0,18,19,7,3,0,0,1,0,0,0,0,1,1,3,7,2,29,6,998,1,7,FORD FOCUS,6,E01022261,0,-1
2021201125125,2021,201125125,2,9,0,18,19,8,4,0,0,8,0,0,0,0,4,1,6,6,1,43,7,1596,1,15,FORD FOCUS,4,E01009205,0,-1
2021131050376,2021,131050376,2,9,0,18,19,1,5,0,0,0,0,0,0,0,3,1,6,6,2,30,6,1997,2,6,FORD FOCUS,5,E01011870,0,-1
2021501113009,2021,501113009,1,9,0,1,1,8,4,0,0,0,0,0,0,0,2,1,6,6,3,-1,-1,1499,2,1,FORD FOCUS,-1,-1,0,-1
2021010318140,2021,010318140,2,9,0,18,19,3,7,0,0,1,0,0,0,0,1,1,6,6,2,31,6,1596,1,13,FORD FOCUS,3,E01024599,0,-1
2021430579945,2021,430579945,1,9,0,18,19,8,4,0,0,0,0,0,1,0,1,1,6,6,1,29,6,1560,2,10,FORD FOCUS,8,E01017766,0,-1
2021320051914,2021,320051914,2,9,0,18,19,3,8,9,9,0,1,0,7,0,4,1,6,6,1,59,9,1596,1,17,FORD FOCUS,1,E01026308,0,-1
2021031113330,2021,031113330,2,9,0,3,3,7,3,0,0,0,0,0,0,0,2,1,2,2,2,58,9,999,1,3,FORD FOCUS,6,E01019319,0,-1
2021421069809,2021,421069809,2,9,0,18,19,1,5,0,0,0,0,0,0,0,3,1,5,6,1,53,8,999,1,6,FORD FOCUS,10,E01021626,0,-1
2021010317250,2021,010317250,1,9,0,99,99,9,9,99,99,9,9,99,9,99,9,9,2,2,1,48,8,999,1,6,FORD FOCUS,5,E01001189,0,-1
2021421121174,2021,421121174,1,9,0,18,19,5,1,0,0,4,0,0,0,0,1,1,5,6,2,38,7,1997,2,7,FORD FOCUS,7,E01021361,0,-1
2021111117499,2021,111117499,2,9,0,18,19,1,5,0,0,0,0,0,1,0,1,1,5,6,1,52,8,999,1,2,FORD FOCUS,5,E01027506,0,-1
2021351095149,2021,351095149,1,9,0,5,5,5,3,0,0,8,0,0,0,0,3,1,2,2,1,32,6,1596,1,16,FORD FOCUS,4,E01017953,0,-1
2021052102018,2021,052102018,1,9,0,17,19,3,7,0,0,4,0,0,0,0,1,1,6,6,1,66,10,1499,2,4,FORD FOCUS,3,E01007181,0,-1
2021141033878,2021,141033878,3,9,0,4,4,7,3,0,0,0,0,0,0,0,2,1,2,2,2,27,6,1560,2,9,FORD FOCUS,3,E01007473,0,-1
20211383J0275,2021,1383J0275,1,9,0,18,19,1,5,0,0,0,5,0,0,0,1,1,6,6,2,41,7,1388,1,17,FORD FOCUS,3,E01011919,0,-1
202134NNC3231,2021,34NNC3231,2,9,0,2,2,2,6,0,0,0,0,0,0,0,2,1,6,6,1,22,5,999,1,1,FORD FOCUS,8,E01027044,0,-1
2021991036329,2021,991036329,1,9,0,7,7,3,5,0,0,4,2,9,7,1,1,1,5,6,1,23,5,1988,1,19,FORD FOCUS,4,-1,0,-1
2021010307512,2021,010307512,2,9,0,99,99,9,9,99,99,0,9,99,9,99,1,9,6,6,3,-1,-1,1753,2,11,FORD FOCUS,-1,-1,0,-1
202134NNC1811,2021,34NNC1811,1,9,0,18,19,5,1,0,0,8,0,7,2,0,1,1,6,6,2,85,11,1560,2,11,FORD FOCUS,9,E01027353,0,-1
2021440364153,2021,440364153,1,9,0,18,19,5,1,0,0,8,0,0,0,0,4,1,6,6,2,24,5,1999,1,13,FORD FOCUS,6,E01022673,0,-1
2021010289460,2021,010289460,2,9,0,99,99,9,9,99,99,1,9,99,9,99,1,9,6,6,3,25,5,1499,2,3,FORD FOCUS,1,E01003515,0,-1
2021610053921,2021,610053921,2,9,0,2,2,0,0,9,9,0,0,0,0,0,1,1,6,6,3,-1,-1,1997,2,9,FORD FOCUS,9,W01001343,0,-1
2021351115506,2021,351115506,1,9,0,18,19,4,8,0,0,2,0,0,0,0,0,1,3,7,1,36,7,1997,2,9,FORD FOCUS,4,E01015676,0,-1
2021221024269,2021,221024269,3,9,0,2,2,0,0,0,0,0,0,0,0,0,3,1,5,6,2,44,7,1596,1,12,FORD FOCUS,6,E01014117,0,-1
2021141071719,2021,141071719,1,9,0,18,19,5,1,0,0,0,0,0,0,0,1,1,5,6,1,28,6,1560,2,12,FORD FOCUS,1,E01007549,0,-1
2021141115378,2021,141115378,2,9,0,18,19,7,3,0,0,0,0,0,0,0,1,1,5,6,1,66,10,1388,1,13,FORD FOCUS,3,E01013245,0,-1
2021010300468,2021,010300468,2,9,0,18,19,2,6,0,0,1,0,0,0,0,1,1,6,6,1,76,11,1988,1,20,FORD FOCUS,9,E01002451,0,-1
2021471069659,2021,471069659,3,9,0,3,3,4,8,0,0,1,0,0,0,0,0,1,5,6,1,73,10,1997,2,15,FORD FOCUS,6,E01020959,0,-1
2021010321223,2021,010321223,1,9,0,18,19,3,7,0,0,0,0,0,0,0,1,1,1,1,1,24,5,1596,1,10,FORD FOCUS,2,E01003732,0,-1
2021451042963,2021,451042963,1,9,0,8,8,2,8,0,0,6,0,0,0,0,4,1,1,1,2,38,7,1596,1,16,FORD FOCUS,10,E01030356,0,-1
2021543923421,2021,543923421,2,9,0,18,19,7,3,0,0,1,0,0,0,0,3,1,6,6,1,19,4,1610,2,13,FORD FOCUS,6,E01031985,0,-1
2021010314305,2021,010314305,1,9,0,18,19,7,3,0,0,8,0,0,0,0,0,1,2,2,1,30,6,998,1,8,FORD FOCUS,2,E01000050,0,-1
2021351076589,2021,351076589,3,9,0,13,13,4,8,0,0,0,0,4,0,0,1,1,5,6,1,29,6,1596,1,17,FORD FOCUS,1,E01033112,0,-1
2021010304955,2021,010304955,2,9,0,99,99,9,9,99,99,9,9,99,9,99,1,9,6,6,3,-1,-1,1596,1,19,FORD FOCUS,-1,-1,0,-1
2021010327434,2021,010327434,1,9,0,18,19,3,7,0,0,1,0,0,0,0,1,1,6,6,3,-1,-1,1596,1,16,FORD FOCUS,5,E01003130,0,-1
2021552100348,2021,552100348,1,9,0,12,12,6,2,0,0,0,0,0,0,0,1,1,2,2,2,40,7,1596,1,18,FORD FOCUS,3,E01015308,0,-1
2021111114196,2021,111114196,1,9,0,18,19,5,1,0,0,1,1,0,0,0,1,1,5,6,1,18,4,1596,1,16,FORD FOCUS,2,E01012171,0,-1
2021451027994,2021,451027994,2,9,0,18,19,7,3,0,0,1,0,0,0,0,1,1,6,6,1,20,4,1753,2,17,FORD FOCUS,4,E01030551,0,-1
2021010345458,2021,010345458,1,9,0,1,1,5,1,0,0,6,9,99,0,0,2,1,6,6,1,20,4,999,1,4,FORD FOCUS,-1,-1,0,-1
2021430534277,2021,430534277,2,9,0,3,3,6,2,0,0,1,0,0,0,0,2,1,6,6,2,21,5,1499,2,1,FORD FOCUS,10,E01031934,0,-1
2021440483219,2021,440483219,1,9,0,18,19,4,8,0,0,8,0,7,0,0,1,1,6,6,1,80,11,1499,2,4,FORD FOCUS,9,E01022717,0,-1
2021010290355,2021,010290355,1,9,0,18,19,7,3,2,2,1,0,4,0,0,1,1,1,1,1,35,6,1499,2,6,FORD FOCUS,4,E01001247,0,-1
2021440460773,2021,440460773,1,9,0,18,19,1,5,0,0,8,0,12,0,0,1,1,6,6,2,25,5,1499,2,1,FORD FOCUS,2,E01017186,0,-1
2021052100286,2021,052100286,3,9,0,2,2,0,0,0,0,0,0,0,0,0,3,1,6,6,3,-1,-1,998,1,7,FORD FOCUS,-1,-1,0,-1
2021131095194,2021,131095194,2,9,0,2,2,5,5,0,0,0,0,0,0,0,3,1,6,6,1,82,11,999,1,1,FORD FOCUS,4,E01011777,0,-1
2021440013659,2021,440013659,2,9,0,18,19,3,7,0,0,1,0,0,0,0,1,1,6,6,2,31,6,1988,1,19,FORD FOCUS,6,E01033239,0,-1
2021131112472,2021,131112472,3,9,0,2,2,0,0,0,0,0,0,0,0,0,2,1,1,1,1,58,9,1388,1,17,FORD FOCUS,1,E01011729,0,-1
2021070690482,2021,070690482,2,9,0,8,8,5,1,0,0,6,0,0,0,0,4,1,3,7,1,34,6,1499,2,4,FORD FOCUS,6,E01018735,0,-1
2021302100531,2021,302100531,1,9,0,9,9,8,6,0,0,5,0,0,0,0,4,1,6,6,1,49,8,1560,2,16,FORD FOCUS,4,E01013500,0,-1
2021522101733,2021,522101733,1,9,0,18,19,5,1,0,0,1,0,0,0,0,1,1,6,6,2,35,6,1997,2,4,FORD FOCUS,9,E01014440,0,-1
2021061077642,2021,061077642,2,9,0,5,5,4,1,0,0,1,0,0,0,0,1,1,5,6,1,40,7,999,1,2,FORD FOCUS,10,E01006190,0,-1
2021421035054,2021,421035054,2,9,0,18,19,5,1,0,0,0,0,0,0,0,1,1,1,1,1,32,6,1499,2,6,FORD FOCUS,8,E01021544,0,-1
2021440301468,2021,440301468,1,9,0,18,19,2,5,0,0,0,0,0,0,0,4,1,6,6,2,-1,-1,999,1,3,FORD FOCUS,-1,-1,0,-1
2021231027265,2021,231027265,2,9,0,14,14,4,8,0,0,0,0,0,0,0,3,1,3,7,1,27,6,999,1,6,FORD FOCUS,5,E01009432,0,-1
2021351032238,2021,351032238,1,9,0,13,13,6,2,0,0,0,0,0,0,0,4,1,2,2,1,65,9,1596,1,7,FORD FOCUS,7,E01018185,0,-1
2021991086364,2021,991086364,1,9,0,9,9,4,3,0,0,8,0,0,0,0,3,1,5,6,2,27,6,1499,2,4,FORD FOCUS,1,-1,0,-1
202163C052521,2021,63C052521,1,9,0,18,19,6,2,0,0,0,0,0,0,0,3,1,6,6,1,79,11,1596,1,11,FORD FOCUS,-1,-1,0,-1
2021010316164,2021,010316164,1,9,0,99,99,9,9,99,99,1,9,99,9,99,2,9,6,6,1,28,6,1596,1,13,FORD FOCUS,3,E01032784,0,-1
2021010347281,2021,010347281,4,9,0,18,19,7,3,0,0,1,0,0,0,0,0,1,1,1,1,-1,-1,999,1,1,FORD FOCUS,2,E01001215,0,-1
2021010352218,2021,010352218,1,9,0,8,8,7,1,0,0,6,0,0,0,0,3,1,6,6,1,19,4,1596,1,18,FORD FOCUS,2,E01003489,0,-1
2021471077585,2021,471077585,1,9,0,18,19,5,1,0,0,0,0,0,0,0,1,1,2,2,2,33,6,1560,2,9,FORD FOCUS,7,E01031677,0,-1
2021041070314,2021,041070314,2,9,0,18,19,7,3,0,0,1,0,0,1,4,1,1,5,6,2,34,6,1560,2,11,FORD FOCUS,1,E01008929,0,-1
2021010303486,2021,010303486,1,9,0,99,99,9,9,99,99,9,9,99,9,99,4,9,6,6,2,26,6,1499,2,6,FORD FOCUS,6,E01000110,0,-1
2021471095694,2021,471095694,2,9,0,18,19,3,7,0,0,0,0,0,0,0,2,1,2,2,1,30,6,1560,2,8,FORD FOCUS,9,E01031816,0,-1
2021161091953,2021,161091953,2,9,0,2,2,6,3,0,0,0,0,0,0,0,2,1,5,6,1,30,6,1596,1,18,FORD FOCUS,1,E01011363,0,-1
2021361065336,2021,361065336,4,9,0,18,19,2,6,0,0,0,0,0,0,0,2,1,5,6,1,46,8,1596,1,13,FORD FOCUS,5,E01026816,0,-1
2021991066974,2021,991066974,1,9,0,9,9,5,3,0,0,5,0,0,0,0,1,1,5,6,1,35,6,998,1,7,FORD FOCUS,8,-1,0,-1
2021010324082,2021,010324082,2,9,0,7,7,1,2,0,0,1,0,0,0,0,3,1,6,6,1,57,9,1388,1,18,FORD FOCUS,3,E01002528,0,-1
2021471079482,2021,471079482,1,9,0,18,19,6,2,0,0,1,0,0,0,0,1,1,5,6,1,32,6,1560,2,9,FORD FOCUS,7,E01031406,0,-1
2021041031258,2021,041031258,1,9,0,18,19,3,7,0,0,0,0,0,0,0,4,1,5,6,1,60,9,1596,1,14,FORD FOCUS,4,E01025054,0,-1
2021122101069,2021,122101069,1,9,0,18,19,1,5,0,0,0,0,7,0,0,1,1,6,6,2,25,5,1560,2,10,FORD FOCUS,6,E01028416,0,-1
2021302100020,2021,302100020,1,9,0,9,9,6,4,0,0,6,0,0,0,0,1,1,6,6,2,39,7,2521,1,16,FORD FOCUS,3,E01013510,0,-1
2021361041297,2021,361041297,5,9,0,18,19,3,7,0,0,0,0,0,0,0,1,1,5,6,2,35,6,1999,1,7,FORD FOCUS,5,E01033039,0,-1
2021101080721,2021,101080721,2,9,0,4,4,8,6,0,0,1,0,0,0,0,2,1,5,6,2,27,6,1753,2,13,FORD FOCUS,6,E01027517,0,-1
2021520200815,2021,520200815,2,9,0,17,19,3,1,0,0,0,0,0,0,0,4,1,6,6,1,43,7,1997,2,14,FORD FOCUS,3,E01018790,0,-1
2021161015746,2021,161015746,2,9,0,18,19,4,8,0,0,1,0,0,0,0,1,1,2,2,2,23,5,1997,2,15,FORD FOCUS,1,E01012785,0,-1
2021361030675,2021,361030675,2,9,0,3,3,8,4,0,0,0,0,0,0,0,2,1,1,1,2,35,6,1798,1,11,FORD FOCUS,9,E01026513,0,-1
2021031053806,2021,031053806,2,9,0,18,19,6,2,0,0,1,0,0,0,0,1,1,6,6,1,56,9,1596,1,15,FORD FOCUS,9,E01019300,0,-1
2021440271542,2021,440271542,1,9,0,16,19,6,2,0,0,0,0,0,7,2,1,1,6,6,1,20,4,1753,2,14,FORD FOCUS,10,E01022684,0,-1
2021070557810,2021,070557810,1,9,0,5,5,7,3,0,0,1,0,0,0,0,1,1,6,6,1,30,6,1596,1,12,FORD FOCUS,4,E01012521,0,-1
2021430139843,2021,430139843,1,9,0,18,19,8,4,0,0,8,0,0,0,0,1,1,2,2,2,29,6,1596,1,14,FORD FOCUS,6,E01017858,0,-1
2021451070865,2021,451070865,1,9,0,18,19,6,2,6,6,0,0,11,0,0,0,1,6,6,3,25,5,1560,2,11,FORD FOCUS,-1,-1,0,-1
2021010297879,2021,010297879,1,9,0,99,99,9,9,99,99,9,9,99,9,99,9,9,6,6,3,-1,-1,1596,1,12,FORD FOCUS,2,E01000091,0,-1
2021231019325,2021,231019325,1,9,0,9,9,4,2,0,0,6,0,0,0,0,3,1,5,6,2,59,9,1596,1,11,FORD FOCUS,10,E01031201,0,-1
2021991016764,2021,991016764,1,9,0,18,19,4,8,0,0,1,0,0,0,0,1,1,2,2,1,34,6,1596,1,14,FORD FOCUS,4,-1,0,-1
2021522101214,2021,522101214,1,9,0,16,19,3,5,0,0,8,0,0,0,7,1,1,6,6,1,-1,-1,1560,2,16,FORD FOCUS,-1,-1,0,-1
2021131060046,2021,131060046,1,9,0,18,19,2,6,0,0,8,0,0,0,0,4,1,6,6,1,17,4,998,1,7,FORD FOCUS,10,E01010936,0,-1
2021451034424,2021,451034424,1,9,0,18,19,1,5,0,0,0,0,0,0,0,0,1,6,6,1,58,9,1560,2,12,FORD FOCUS,9,E01030492,0,-1
2021401136716,2021,401136716,1,9,0,16,19,7,3,0,0,0,0,0,0,0,1,1,5,6,1,20,4,1499,2,1,FORD FOCUS,1,E01015729,0,-1
2021052100125,2021,052100125,1,9,0,13,13,6,8,0,0,0,1,7,7,1,1,1,6,6,1,27,6,999,1,7,FORD FOCUS,1,E01006572,0,-1
2021141040701,2021,141040701,2,9,0,18,19,7,3,0,0,0,0,0,0,0,1,1,2,2,1,45,7,1596,1,10,FORD FOCUS,2,E01007517,0,-1
2021461109240,2021,461109240,1,9,0,18,19,2,6,0,0,0,0,0,0,0,1,1,6,6,1,83,11,1596,1,12,FORD FOCUS,10,E01024320,0,-1
2021141120752,2021,141120752,1,9,0,18,19,7,3,0,0,0,0,0,0,0,1,1,2,2,2,30,6,1596,1,13,FORD FOCUS,1,E01007768,0,-1
2021010348979,2021,010348979,2,9,0,99,99,9,9,99,99,9,9,99,9,99,9,9,6,6,3,-1,-1,1596,1,15,FORD FOCUS,6,E01002200,0,-1
2021010334355,2021,010334355,1,9,0,4,4,5,1,0,0,0,0,0,0,0,1,1,2,2,2,30,6,998,1,8,FORD FOCUS,-1,-1,0,-1
2021991056422,2021,991056422,1,9,0,18,19,1,5,0,0,1,0,0,3,0,4,1,6,6,2,61,9,999,1,1,FORD FOCUS,1,-1,0,-1
2021991058421,2021,991058421,2,9,0,3,3,6,2,0,0,0,0,0,1,0,4,1,5,6,2,61,9,1499,2,4,FORD FOCUS,10,-1,0,-1
2021161069543,2021,161069543,1,9,0,18,19,7,3,0,0,0,0,0,0,0,3,1,5,6,1,29,6,1499,2,1,FORD FOCUS,2,E01028067,0,-1
2021361129076,2021,361129076,1,9,0,7,7,2,3,0,0,8,0,0,7,0,3,1,5,6,1,18,4,1988,1,18,FORD FOCUS,5,E01026879,0,-1
2021010340765,2021,010340765,3,9,0,4,4,5,1,0,0,0,1,0,0,0,1,1,6,6,1,26,6,1798,1,13,FORD FOCUS,2,E01000091,0,-1
2021131042282,2021,131042282,1,9,0,18,19,7,3,0,0,8,0,0,0,0,1,1,6,6,2,58,9,1997,2,12,FORD FOCUS,2,E01011781,0,-1
2021010300756,2021,010300756,1,9,0,18,19,1,5,0,0,1,0,0,0,0,2,1,6,6,1,28,6,999,1,2,FORD FOCUS,4,E01001187,0,-1
2021451096686,2021,451096686,1,9,0,18,19,5,1,0,0,8,0,0,0,0,1,1,5,6,2,56,9,1596,1,12,FORD FOCUS,2,E01003377,0,-1
2021052102713,2021,052102713,1,9,0,18,19,2,6,0,0,8,0,0,7,11,1,1,6,6,1,44,7,999,1,0,FORD FOCUS,2,E01006477,0,-1