collision_index,collision_year,collision_ref_no,vehicle_reference,vehicle_type,towing_and_articulation,vehicle_manoeuvre_historic,vehicle_manoeuvre,vehicle_direction_from,vehicle_direction_to,vehicle_location_restricted_lane_historic,vehicle_location_restricted_lane,junction_location,skidding_and_overturning,hit_object_in_carriageway,vehicle_leaving_carriageway,hit_object_off_carriageway,first_point_of_impact,vehicle_left_hand_drive,journey_purpose_of_driver_historic,journey_purpose_of_driver,sex_of_driver,age_of_driver,age_band_of_driver,engine_capacity_cc,propulsion_code,age_of_vehicle,generic_make_model,driver_imd_decile,lsoa_of_driver,escooter_flag,driver_distance_banding
2021421071159,2021,421071159,1,9,0,18,19,5,2,0,0,0,0,0,0,0,1,1,5,6,1,45,7,1997,2,16,FORD FOCUS,9,E01021873,0,-1
2021471073300,2021,471073300,2,9,0,18,19,3,7,0,0,8,0,0,0,0,3,1,1,1,1,39,7,1499,2,4,FORD FOCUS,2,E01016949,0,-1
2021461093386,2021,461093386,1,9,0,15,15,3,7,0,0,0,0,0,2,0,4,1,6,6,1,22,5,1560,2,9,FORD FOCUS,4,E01016100,0,-1
2021440158876,2021,440158876,1,9,0,5,5,0,2,0,0,0,0,0,7,0,1,1,6,6,1,35,6,999,1,6,FORD FOCUS,5,E01028542,0,-1
202131D139221,2021,31D139221,1,9,0,2,2,0,0,0,0,2,0,0,0,0,3,1,6,6,2,43,7,1596,1,13,FORD FOCUS,9,E01028121,0,-1
2021991083731,2021,991083731,2,9,0,18,19,7,3,0,0,0,0,0,0,0,2,1,6,6,1,25,5,1596,1,10,FORD FOCUS,1,-1,0,-1
2021161036773,2021,161036773,1,9,0,13,13,5,1,0,0,0,0,0,7,9,4,1,6,6,1,23,5,1753,2,13,FORD FOCUS,1,E01026384,0,-1
2021430203162,2021,430203162,2,9,0,18,19,6,2,0,0,8,0,0,0,0,1,1,2,2,2,35,6,1997,2,13,FORD FOCUS,3,E01016834,0,-1
2021501049918,2021,501049918,1,9,0,18,19,6,1,0,0,4,0,0,0,0,3,1,6,6,1,27,6,1560,2,7,FORD FOCUS,9,E01015141,0,-1
202163B038921,2021,63B038921,2,9,0,18,19,6,2,0,0,0,5,0,0,0,1,1,6,6,1,75,10,1753,2,17,FORD FOCUS,4,W01000508,0,-1
2021421079682,2021,421079682,3,9,0,18,19,1,5,0,0,0,0,10,0,0,4,1,6,6,2,43,7,1997,2,3,FORD FOCUS,7,E01021361,0,-1
2021131088395,2021,131088395,1,9,0,4,4,1,5,0,0,1,0,0,0,0,2,1,6,6,2,45,7,1596,1,11,FORD FOCUS,7,E01010999,0,-1
2021201066170,2021,201066170,1,9,0,7,7,1,3,0,0,8,0,0,0,0,1,1,2,2,1,41,7,1499,2,5,FORD FOCUS,1,E01009569,0,-1
2021010322862,2021,010322862,3,9,0,18,19,5,1,0,0,1,0,0,0,0,3,1,6,6,1,54,8,1596,1,18,FORD FOCUS,4,E01002315,0,-1
2021201066530,2021,201066530,3,9,0,2,2,0,0,0,0,0,0,0,0,0,1,1,5,6,2,63,9,998,1,7,FORD FOCUS,2,E01009832,0,-1
2021201085327,2021,201085327,1,9,0,13,13,1,5,0,0,0,0,0,0,0,4,1,6,6,1,30,6,1388,1,20,FORD FOCUS,2,E01010101,0,-1
2021461030849,2021,461030849,2,9,0,5,5,4,8,0,0,5,0,0,1,1,1,1,5,6,1,30,6,1753,2,14,FORD FOCUS,1,E01003318,0,-1
2021622100550,2021,622100550,1,9,0,18,19,6,2,0,0,0,0,0,1,11,1,1,6,6,2,49,8,1596,1,15,FORD FOCUS,3,W01001045,0,-1
2021421059759,2021,421059759,1,9,0,9,9,5,1,0,0,5,0,0,0,0,4,1,5,6,1,58,9,999,1,1,FORD FOCUS,7,E01021264,0,-1
202131D172321,2021,31D172321,2,9,0,4,4,8,4,0,0,0,0,0,0,0,2,1,6,6,2,20,4,1388,1,14,FORD FOCUS,2,E01013963,0,-1
2021421025333,2021,421025333,2,9,0,18,19,6,2,0,0,0,0,0,1,0,1,1,2,2,1,56,9,999,1,6,FORD FOCUS,3,E01021806,0,-1
2021010350520,2021,010350520,1,9,0,18,19,8,4,0,0,0,0,0,0,0,1,1,3,7,1,37,7,1596,1,13,FORD FOCUS,3,E01000010,0,-1
2021010328292,2021,010328292,1,9,0,18,19,3,7,0,0,1,0,0,0,0,1,1,6,6,2,66,10,1596,1,14,FORD FOCUS,4,E01002369,0,-1
202106K079366,2021,06K079366,1,9,0,18,19,7,3,0,0,8,5,0,0,0,4,1,1,1,2,28,6,1499,2,4,FORD FOCUS,7,E01004781,0,-1
2021991047622,2021,991047622,1,9,0,18,19,4,8,0,0,0,0,0,0,0,1,1,5,6,2,36,7,999,1,6,FORD FOCUS,8,-1,0,-1
2021501118293,2021,501118293,1,9,0,2,2,3,7,0,0,0,0,0,0,0,2,1,6,6,2,72,10,1499,2,5,FORD FOCUS,8,E01015211,0,-1
2021041024431,2021,041024431,2,9,0,18,19,3,3,0,0,8,0,0,0,0,1,1,5,6,2,20,4,998,1,8,FORD FOCUS,4,E01012713,0,-1
2021451029563,2021,451029563,1,9,0,18,19,7,3,0,0,0,0,0,0,0,1,1,5,6,2,23,5,1596,1,15,FORD FOCUS,10,E01030435,0,-1
2021052102294,2021,052102294,1,9,0,9,9,6,4,0,0,6,0,0,0,0,3,1,6,6,2,55,8,1596,1,16,FORD FOCUS,1,E01006770,0,-1
2021201117697,2021,201117697,2,9,0,18,19,8,4,0,0,2,0,0,0,0,1,1,6,6,2,41,7,1560,2,9,FORD FOCUS,2,E01009091,0,-1
2021061088923,2021,061088923,4,9,0,18,19,7,3,0,0,0,0,0,0,0,3,1,6,6,1,36,7,1596,1,7,FORD FOCUS,4,E01005870,0,-1
2021302100364,2021,302100364,1,9,0,18,19,2,6,0,0,0,0,0,0,0,1,1,6,6,2,76,11,1596,1,10,FORD FOCUS,7,E01019537,0,-1
2021131062954,2021,131062954,1,9,0,18,19,5,1,0,0,4,0,0,0,0,1,1,5,6,1,73,10,1560,2,11,FORD FOCUS,2,E01011259,0,-1
2021522104468,2021,522104468,1,9,0,7,7,8,2,9,9,6,0,0,0,0,1,1,6,6,2,26,6,1997,2,13,FORD FOCUS,2,E01033361,0,-1
2021461045924,2021,461045924,1,9,0,5,5,7,3,0,0,0,0,0,0,0,1,1,6,6,1,-1,-1,1388,1,19,FORD FOCUS,5,E01024485,0,-1
2021052102437,2021,052102437,3,9,0,2,2,0,0,0,0,8,0,0,1,11,2,1,6,6,3,-1,-1,1499,2,5,FORD FOCUS,-1,-1,0,-1
2021101040325,2021,101040325,2,9,0,3,3,7,7,0,0,0,0,0,0,0,2,1,5,6,1,50,8,1596,1,16,FORD FOCUS,2,E01008847,0,-1
2021451117608,2021,451117608,2,9,0,2,2,0,0,0,0,0,0,0,0,0,4,1,1,1,1,43,7,1995,2,0,FORD FOCUS,8,E01030478,0,-1
2021361112678,2021,361112678,1,9,0,5,5,1,3,0,0,8,0,0,0,0,3,1,5,6,1,52,8,1997,2,17,FORD FOCUS,6,E01023762,0,-1
2021201070131,2021,201070131,1,9,0,18,19,6,2,0,0,8,0,0,0,0,1,1,5,6,3,-1,-1,1560,2,10,FORD FOCUS,-1,-1,0,-1
2021501079734,2021,501079734,2,9,0,16,19,1,5,0,0,0,0,0,0,0,0,1,5,6,2,78,11,1596,1,15,FORD FOCUS,6,E01020059,0,-1
2021501136623,2021,501136623,2,9,0,18,19,5,3,0,0,8,0,0,0,0,1,1,5,6,2,23,5,1997,2,6,FORD FOCUS,3,E01018991,0,-1
2021622100579,2021,622100579,1,9,0,18,19,1,5,0,0,1,0,0,0,0,1,1,6,6,2,35,6,1999,1,7,FORD FOCUS,5,W01000946,0,-1
202163B000821,2021,63B000821,1,9,0,17,19,7,4,0,0,0,1,0,1,10,4,1,2,2,2,26,6,1499,2,3,FORD FOCUS,9,E01016272,0,-1
2021501029416,2021,501029416,1,9,0,18,19,3,7,0,0,1,0,0,2,6,1,1,6,6,1,44,7,1596,1,13,FORD FOCUS,5,E01020084,0,-1
2021991046670,2021,991046670,2,9,0,18,19,6,2,0,0,0,0,0,0,0,2,1,5,6,2,34,6,999,1,2,FORD FOCUS,6,E01005159,0,-1
2021430540188,2021,430540188,2,9,0,18,19,7,3,0,0,8,0,0,0,0,1,1,6,6,2,38,7,1596,1,10,FORD FOCUS,8,E01016801,0,-1
2021010300515,2021,010300515,4,9,0,2,2,0,0,0,0,1,0,0,0,0,4,1,6,6,3,-1,-1,1499,2,3,FORD FOCUS,-1,-1,0,-1
2021991047034,2021,991047034,2,9,0,18,19,5,1,0,0,0,0,0,0,0,1,1,5,6,1,35,6,1596,1,16,FORD FOCUS,7,-1,0,-1
2021351048292,2021,351048292,1,9,0,9,9,1,6,0,0,5,0,0,0,0,1,1,2,2,1,29,6,1596,1,19,FORD FOCUS,8,E01018000,0,-1
2021461060124,2021,461060124,2,9,0,2,2,0,0,0,0,0,0,0,1,0,1,1,6,6,1,-1,-1,1596,1,20,FORD FOCUS,-1,-1,0,-1
202134WNC1891,2021,34WNC1891,1,9,0,5,5,7,3,0,0,8,0,0,0,0,3,1,2,2,1,54,8,1997,2,8,FORD FOCUS,5,E01009703,0,-1
2021010301469,2021,010301469,1,9,0,99,99,9,9,99,99,9,9,99,9,99,1,9,6,6,2,28,6,999,1,6,FORD FOCUS,2,E01003128,0,-1
2021010313877,2021,010313877,3,9,0,2,2,0,0,9,9,0,0,0,0,0,4,1,6,6,3,-1,-1,1596,1,12,FORD FOCUS,-1,-1,0,-1
2021010317265,2021,010317265,1,9,0,9,9,6,4,0,0,1,0,0,0,0,1,1,6,6,1,22,5,1596,1,14,FORD FOCUS,2,E01003599,0,-1
2021041062481,2021,041062481,1,9,0,18,19,7,3,0,0,8,0,0,0,0,4,1,2,2,1,29,6,1596,1,16,FORD FOCUS,3,E01025291,0,-1
2021430244505,2021,430244505,2,9,0,3,3,5,1,0,0,1,0,0,0,0,2,1,6,6,2,43,7,1596,1,14,FORD FOCUS,10,E01028563,0,-1
2021531107423,2021,531107423,2,9,0,5,5,5,1,0,0,6,0,0,1,0,3,1,5,6,1,32,6,999,1,3,FORD FOCUS,3,E01015491,0,-1
2021531028790,2021,531028790,1,9,0,16,19,8,4,0,0,0,0,0,7,9,1,1,6,6,1,54,8,1596,1,12,FORD FOCUS,9,E01022456,0,-1
2021531083311,2021,531083311,2,9,0,18,19,7,3,0,0,4,0,0,0,0,3,1,5,6,1,22,5,1560,2,7,FORD FOCUS,5,E01022344,0,-1
2021141083004,2021,141083004,1,9,0,1,1,1,4,0,0,0,0,0,2,11,2,1,5,6,1,12,3,1560,2,16,FORD FOCUS,5,E01007785,0,-1
2021471094436,2021,471094436,1,9,0,18,19,7,3,0,0,0,0,0,0,0,4,1,3,7,1,54,8,999,1,2,FORD FOCUS,4,E01031836,0,-1
202131A085521,2021,31A085521,1,9,0,1,1,4,8,9,9,0,0,0,0,0,2,1,6,6,1,56,9,999,1,6,FORD FOCUS,2,E01027942,0,-1
2021221023699,2021,221023699,6,9,0,18,19,5,1,0,0,1,1,0,0,0,3,1,1,1,1,64,9,1796,1,17,FORD FOCUS,4,E01009030,0,-1
2021201110554,2021,201110554,1,9,0,18,19,5,1,0,0,0,0,0,0,0,1,1,6,6,1,61,9,1596,1,13,FORD FOCUS,7,E01022449,0,-1
2021052100740,2021,052100740,1,9,0,16,19,4,8,0,0,0,0,0,0,0,1,1,6,6,1,23,5,1753,2,14,FORD FOCUS,1,E01006612,0,-1
2021131041734,2021,131041734,1,9,0,18,19,5,1,0,0,8,0,0,0,0,1,1,5,6,1,28,6,1560,2,8,FORD FOCUS,1,E01010731,0,-1
2021401121860,2021,401121860,2,9,0,18,19,8,4,0,0,0,0,0,0,0,1,1,5,6,1,47,8,1596,1,9,FORD FOCUS,6,E01018246,0,-1
2021522103905,2021,522103905,1,9,0,18,19,8,4,0,0,0,0,0,0,0,1,1,6,6,1,64,9,1753,2,15,FORD FOCUS,6,E01014865,0,-1
2021430457606,2021,430457606,1,9,0,3,3,5,1,0,0,0,0,0,0,0,1,1,6,6,1,38,7,1596,1,13,FORD FOCUS,3,E01016455,0,-1
2021131069880,2021,131069880,1,9,0,9,9,1,5,0,0,1,2,10,4,6,3,1,6,6,1,27,6,1753,2,15,FORD FOCUS,1,E01011344,0,-1
2021520201675,2021,520201675,1,9,0,18,19,1,5,0,0,0,0,0,0,10,1,1,6,6,1,33,6,1596,1,10,FORD FOCUS,5,E01000239,0,-1
2021101112899,2021,101112899,1,9,0,18,19,3,7,0,0,1,0,0,0,0,1,1,6,6,1,45,7,1596,1,16,FORD FOCUS,-1,-1,0,-1
2021471105064,2021,471105064,1,9,0,18,19,2,6,0,0,0,0,0,0,0,4,1,5,6,1,58,9,1560,2,16,FORD FOCUS,6,E01031661,0,-1
2021052101508,2021,052101508,2,9,0,18,19,3,7,0,0,8,0,0,0,0,4,2,6,6,2,33,6,1560,2,7,FORD FOCUS,1,E01007304,0,-1
2021221097245,2021,221097245,2,9,0,4,4,2,6,0,0,0,0,0,0,0,2,1,5,6,1,47,8,1753,2,19,FORD FOCUS,1,W01000833,0,-1
2021201027610,2021,201027610,2,9,0,18,19,8,4,0,0,8,1,0,0,0,1,1,6,6,1,18,4,998,1,9,FORD FOCUS,1,E01009378,0,-1
2021430121100,2021,430121100,2,9,0,2,2,0,0,9,9,0,0,0,0,0,0,1,6,6,3,-1,-1,1596,1,13,FORD FOCUS,-1,-1,0,-1
202134NNC0261,2021,34NNC0261,1,9,0,9,9,6,3,0,0,8,0,0,2,0,1,1,6,6,1,36,7,1596,1,16,FORD FOCUS,-1,-1,0,-1
2021061097345,2021,061097345,1,9,0,18,19,5,1,0,0,1,0,4,0,0,1,1,6,6,3,30,6,999,1,4,FORD FOCUS,-1,-1,0,-1
2021461074206,2021,461074206,1,9,0,4,4,7,3,0,0,1,0,0,0,0,1,1,6,6,1,20,4,1560,2,13,FORD FOCUS,6,E01024513,0,-1
2021411138490,2021,411138490,1,9,0,5,5,4,2,0,0,0,0,0,0,0,1,1,5,6,1,78,11,1596,1,16,FORD FOCUS,4,E01023620,0,-1
2021991099438,2021,991099438,2,9,0,4,4,3,7,0,0,0,0,0,0,0,2,1,6,6,1,39,7,1596,1,9,FORD FOCUS,1,-1,0,-1
2021552101315,2021,552101315,2,9,0,16,19,3,6,0,0,0,0,0,0,0,3,1,2,2,2,46,8,1798,1,10,FORD FOCUS,7,E01032641,0,-1
2021461076746,2021,461076746,1,9,0,18,19,7,3,0,0,0,0,0,3,2,1,1,6,6,1,27,6,1560,2,8,FORD FOCUS,5,E01028530,0,-1
2021010298745,2021,010298745,1,9,0,9,9,5,2,0,0,1,0,0,0,0,1,1,6,6,1,24,5,998,1,7,FORD FOCUS,5,E01000159,0,-1
2021211130524,2021,211130524,1,9,-1,-1,-1,4,6,-1,-1,4,-1,-1,-1,0,-1,1,2,2,1,32,6,1997,2,16,FORD FOCUS,1,E01014221,0,-1
2021552101395,2021,552101395,1,9,0,4,4,2,4,0,0,2,0,0,0,0,1,1,6,6,1,76,11,1596,1,16,FORD FOCUS,4,E01015385,0,-1
2021010341584,2021,010341584,1,9,0,5,5,1,5,0,0,8,0,0,0,0,1,1,2,2,1,19,4,999,1,3,FORD FOCUS,2,E01002767,0,-1
2021101027851,2021,101027851,1,9,0,12,12,7,3,0,0,0,0,0,0,0,3,1,6,6,2,-1,-1,1596,1,16,FORD FOCUS,-1,-1,0,-1
2021451103897,2021,451103897,4,9,0,5,5,6,8,0,0,0,0,0,0,0,1,1,2,2,2,28,6,1499,2,5,FORD FOCUS,9,E01030605,0,-1
2021010302815,2021,010302815,2,9,0,15,15,3,7,0,0,8,0,0,0,0,1,1,6,6,3,-1,-1,1596,1,13,FORD FOCUS,-1,-1,0,-1
2021552100895,2021,552100895,1,9,0,18,19,8,4,0,0,8,0,0,7,0,1,1,6,6,2,26,6,1560,2,7,FORD FOCUS,4,E01015465,0,-1
2021461125259,2021,461125259,1,9,0,9,9,7,3,0,0,5,0,0,0,0,4,1,6,6,1,55,8,1596,1,10,FORD FOCUS,5,E01024537,0,-1
2021010313469,2021,010313469,2,9,9,99,99,9,9,99,99,0,9,99,9,99,9,9,6,6,1,-1,-1,1596,1,14,FORD FOCUS,3,E01004575,0,-1
202134WNC0191,2021,34WNC0191,1,9,0,7,7,3,5,0,0,3,0,0,0,0,0,1,6,6,1,34,6,1596,1,15,FORD FOCUS,7,E01027149,0,-1
2021010302117,2021,010302117,2,9,0,99,99,9,9,99,99,9,9,99,9,99,1,9,6,6,3,-1,-1,1596,1,15,FORD FOCUS,-1,-1,0,-1
2021371016699,2021,371016699,1,9,0,18,19,5,1,0,0,8,0,0,0,0,3,1,6,6,1,43,7,1796,1,18,FORD FOCUS,2,E01030168,0,-1
2021471038817,2021,471038817,3,9,0,2,2,0,0,0,0,1,0,0,0,0,3,1,6,6,3,-1,-1,1596,1,19,FORD FOCUS,-1,-1,0,-1
2021451056407,2021,451056407,1,9,0,14,14,2,6,0,0,1,0,0,0,0,1,1,5,6,2,56,9,1596,1,21,FORD FOCUS,4,E01030805,0,-1
2021052102724,2021,052102724,2,9,0,9,9,7,5,0,0,8,0,0,0,0,1,1,6,6,1,32,6,1596,1,13,FORD FOCUS,4,E01006485,0,-1
2021052100630,2021,052100630,1,9,0,10,10,1,6,0,0,1,0,0,0,0,1,1,6,6,1,20,4,1596,1,10,FORD FOCUS,6,E01006804,0,-1
2021041032503,2021,041032503,1,9,0,18,19,7,3,0,0,1,0,0,0,0,1,1,5,6,1,42,7,1753,2,15,FORD FOCUS,1,E01012683,0,-1
2021471062416,2021,471062416,2,9,0,9,9,3,1,0,0,8,0,0,0,0,1,1,5,6,1,42,7,2521,1,14,FORD FOCUS,6,E01021113,0,-1
2021501082652,2021,501082652,2,9,0,18,19,3,7,0,0,8,0,0,0,0,3,1,5,6,2,26,6,999,1,1,FORD FOCUS,1,E01018910,0,-1
2021522105796,2021,522105796,1,9,0,18,19,5,1,0,0,0,0,0,0,0,1,1,6,6,2,36,7,1560,2,13,FORD FOCUS,2,E01015170,0,-1
2021010311621,2021,010311621,2,9,0,9,9,5,3,0,0,6,0,0,0,0,1,1,6,6,1,38,7,1596,1,9,FORD FOCUS,2,E01000073,0,-1
2021320677947,2021,320677947,1,9,0,18,19,5,1,0,0,1,0,0,0,0,1,1,6,6,1,48,8,1596,1,10,FORD FOCUS,1,E01026312,0,-1
2021010317119,2021,010317119,4,9,0,2,2,0,0,0,0,8,0,0,0,0,3,1,6,6,3,-1,-1,1798,1,11,FORD FOCUS,-1,-1,0,-1
2021461014828,2021,461014828,1,9,0,7,7,5,7,0,0,0,0,0,0,0,4,1,2,2,2,50,8,1596,1,21,FORD FOCUS,9,E01024708,0,-1
2021440194788,2021,440194788,1,9,0,18,19,6,2,0,0,8,0,0,0,0,1,1,6,6,1,28,6,1753,2,17,FORD FOCUS,2,E01017156,0,-1
202131B083921,2021,31B083921,1,9,0,18,19,6,2,0,0,0,0,0,5,6,3,1,2,2,1,48,8,1596,1,17,FORD FOCUS,2,E01013847,0,-1
2021141063340,2021,141063340,1,9,0,18,19,7,3,0,0,0,1,0,1,1,1,1,6,6,1,47,8,1560,2,14,FORD FOCUS,3,E01007533,0,-1
2021010311697,2021,010311697,4,9,0,3,3,3,7,0,0,7,0,0,0,0,2,1,6,6,1,44,7,999,1,3,FORD FOCUS,6,E01001607,0,-1
2021501064162,2021,501064162,1,9,0,9,9,5,2,0,0,6,0,0,0,0,1,1,5,6,2,57,9,999,1,5,FORD FOCUS,4,E01028958,0,-1
202134NNC3491,2021,34NNC3491,1,9,0,18,19,2,6,0,0,0,0,0,0,0,4,1,6,6,1,37,7,1560,2,8,FORD FOCUS,1,E01026968,0,-1
2021122101115,2021,122101115,2,9,0,16,19,4,6,0,0,0,0,0,0,0,3,1,6,6,1,24,5,999,1,5,FORD FOCUS,9,E01012066,0,-1
2021991125964,2021,991125964,2,9,0,18,19,2,6,0,0,1,0,0,0,0,1,1,6,6,1,26,6,1596,1,13,FORD FOCUS,3,-1,0,-1
2021622100196,2021,622100196,1,9,0,18,19,2,5,0,0,1,0,0,0,0,1,1,1,1,1,54,8,1499,2,2,FORD FOCUS,5,W01001033,0,-1
2021440107356,2021,440107356,1,9,0,7,7,4,6,0,0,2,0,0,0,0,1,1,6,6,3,-1,-1,2521,1,15,FORD FOCUS,-1,-1,0,-1
202106A079992,2021,06A079992,2,9,0,7,7,5,7,0,0,8,0,0,0,0,1,1,6,6,1,69,10,1596,1,14,FORD FOCUS,8,E01005155,0,-1
2021231117650,2021,231117650,2,9,0,7,7,8,2,0,0,5,0,0,1,0,2,1,5,6,2,51,8,1499,2,6,FORD FOCUS,8,E01025881,0,-1
2021010331489,2021,010331489,2,9,0,18,19,8,4,0,0,8,0,0,0,0,3,1,1,1,1,33,6,999,1,1,FORD FOCUS,2,E01001709,0,-1
2021522106228,2021,522106228,2,9,0,18,19,1,5,0,0,4,0,0,0,0,1,1,6,6,1,42,7,1600,1,20,FORD FOCUS,-1,-1,0,-1
2021041109644,2021,041109644,2,9,0,2,2,0,0,9,9,0,0,0,0,0,1,1,6,6,1,82,11,1596,1,10,FORD FOCUS,7,E01024985,0,-1
2021201137233,2021,201137233,1,9,0,9,9,1,6,0,0,6,0,0,0,0,3,1,6,6,1,57,9,1999,1,6,FORD FOCUS,9,E01029466,0,-1
2021201116634,2021,201116634,2,9,0,8,8,8,2,0,0,1,0,0,0,0,1,1,6,6,2,19,4,1560,2,8,FORD FOCUS,1,E01010129,0,-1
2021430517643,2021,430517643,1,9,0,3,3,1,5,0,0,2,0,0,0,0,2,1,2,2,2,37,7,1997,2,9,FORD FOCUS,10,E01016188,0,-1
2021052102832,2021,052102832,1,9,0,9,9,7,5,0,0,5,0,0,0,0,4,1,6,6,1,74,10,1499,2,2,FORD FOCUS,8,E01007154,0,-1
2021201049352,2021,201049352,1,9,0,4,4,8,4,0,0,0,0,4,0,0,2,1,6,6,1,20,4,1596,1,10,FORD FOCUS,1,E01033621,0,-1
2021201093488,2021,201093488,2,9,0,18,19,6,4,0,0,8,0,0,0,0,4,1,6,6,2,34,6,1499,2,5,FORD FOCUS,3,E01010113,0,-1
2021552101099,2021,552101099,1,9,0,16,19,4,8,0,0,0,0,0,0,0,1,1,6,6,2,34,6,1596,1,18,FORD FOCUS,9,E01020524,0,-1
2021471036058,2021,471036058,2,9,0,18,19,5,1,0,0,8,0,0,0,0,4,1,6,6,1,22,5,1596,1,16,FORD FOCUS,8,E01033213,0,-1
2021010349669,2021,010349669,1,9,0,9,9,4,3,0,0,6,0,0,0,0,1,1,2,2,1,19,4,1596,1,11,FORD FOCUS,3,E01003531,0,-1
2021461102827,2021,461102827,1,9,0,16,19,1,5,0,0,0,0,0,0,0,1,1,6,6,1,63,9,1596,1,12,FORD FOCUS,3,E01021126,0,-1
2021010301781,2021,010301781,1,9,0,9,9,1,7,0,0,8,0,0,0,0,1,1,6,6,2,-1,-1,1596,1,8,FORD FOCUS,2,E01002493,0,-1
2021041095033,2021,041095033,1,9,0,5,5,0,1,0,0,0,0,0,0,0,3,1,5,6,2,78,11,1596,1,10,FORD FOCUS,-1,-1,0,-1
2021041031762,2021,041031762,3,9,0,2,2,0,0,0,0,2,0,0,0,0,4,1,6,6,3,-1,-1,1560,2,13,FORD FOCUS,-1,-1,0,-1
2021211116566,2021,211116566,3,9,0,4,4,1,5,0,0,0,0,0,0,0,2,1,1,1,1,47,8,1499,2,2,FORD FOCUS,-1,-1,0,-1
2021052101204,2021,052101204,2,9,0,18,19,5,1,0,0,1,0,0,0,0,1,1,1,1,1,28,6,1499,2,6,FORD FOCUS,2,E01007210,0,-1
2021041129195,2021,041129195,1,9,0,18,19,7,7,0,0,1,0,0,0,0,1,1,6,6,1,40,7,998,1,9,FORD FOCUS,5,E01012729,0,-1
2021061039647,2021,061039647,1,9,0,18,19,1,5,0,0,1,0,0,0,0,1,1,6,6,1,32,6,1997,2,15,FORD FOCUS,-1,-1,0,-1
2021610066321,2021,610066321,1,9,0,18,19,5,1,0,0,0,0,0,0,0,1,1,6,6,1,43,7,1798,1,14,FORD FOCUS,1,W01001326,0,-1
2021471070245,2021,471070245,1,9,0,18,19,1,5,0,0,0,0,11,0,0,1,1,5,6,1,35,6,2521,1,12,FORD FOCUS,3,E01003348,0,-1
2021440417890,2021,440417890,1,9,0,9,9,2,6,0,0,6,0,0,0,0,4,1,2,2,1,56,9,1499,2,1,FORD FOCUS,8,E01022871,0,-1
2021421058015,2021,421058015,1,9,0,10,10,2,1,0,0,0,5,7,0,0,1,1,6,6,1,18,4,1499,2,6,FORD FOCUS,10,E01021249,0,-1
2021010319528,2021,010319528,1,9,0,18,19,3,7,0,0,0,0,0,0,0,1,1,6,6,1,43,7,1560,2,8,FORD FOCUS,8,E01031587,0,-1
2021101013736,2021,101013736,2,9,0,3,3,7,3,0,0,1,0,0,0,0,2,1,6,6,2,39,7,1596,1,11,FORD FOCUS,5,E01008830,0,-1
202134WNC6471,2021,34WNC6471,1,9,0,5,5,3,7,0,0,6,0,0,0,0,1,1,6,6,2,44,7,1596,1,12,FORD FOCUS,2,E01027229,0,-1
2021371095470,2021,371095470,2,9,0,10,10,1,7,0,0,8,0,0,0,0,2,1,1,1,1,29,6,1596,1,21,FORD FOCUS,5,E01030093,0,-1
2021052100859,2021,052100859,2,9,0,18,19,5,1,0,0,0,0,0,0,0,1,1,6,6,1,40,7,999,1,4,FORD FOCUS,3,E01006780,0,-1
2021201079741,2021,201079741,1,9,0,7,7,-1,-1,0,0,0,0,0,0,0,3,1,6,6,2,31,6,998,1,7,FORD FOCUS,-1,-1,0,-1
2021991068260,2021,991068260,1,9,0,17,19,8,4,0,0,0,0,0,0,0,3,1,6,6,1,49,8,998,1,8,FORD FOCUS,-1,-1,0,-1
2021052101970,2021,052101970,2,9,0,4,4,7,3,0,0,0,0,0,0,0,2,1,2,2,1,75,10,999,1,3,FORD FOCUS,8,E01012472,0,-1
2021010341436,2021,010341436,1,9,0,16,19,1,2,0,0,8,0,0,0,0,1,1,6,6,1,47,8,1596,1,6,FORD FOCUS,9,E01000279,0,-1
2021501067239,2021,501067239,1,9,0,18,19,7,3,0,0,0,0,0,2,11,1,1,6,6,1,42,7,1997,2,14,FORD FOCUS,3,E01018872,0,-1
2021010289015,2021,010289015,2,9,0,4,4,1,5,0,0,6,0,0,0,0,1,1,6,6,2,33,6,1560,2,8,FORD FOCUS,1,E01004249,0,-1
2021010312243,2021,010312243,2,9,0,18,19,1,5,0,0,1,0,0,0,0,1,1,6,6,1,51,8,1596,1,12,FORD FOCUS,2,E01001603,0,-1
2021010327750,2021,010327750,1,9,0,18,19,6,2,0,0,1,0,0,0,0,4,1,6,6,1,67,10,1596,1,12,FORD FOCUS,7,E01016239,0,-1
2021052102814,2021,052102814,3,9,0,18,19,5,1,0,0,0,0,0,0,0,1,1,6,6,3,-1,-1,1798,1,14,FORD FOCUS,-1,-1,0,-1
2021010333309,2021,010333309,2,9,0,7,7,6,1,0,0,3,0,0,0,0,1,1,1,1,1,18,4,1499,2,4,FORD FOCUS,2,E01000021,0,-1
2021302100870,2021,302100870,1,9,0,7,7,2,4,0,0,6,0,0,0,0,3,1,6,6,1,39,7,1560,2,9,FORD FOCUS,9,E01033531,0,-1
2021991100867,2021,991100867,2,9,0,18,19,2,6,0,0,8,0,0,0,0,1,1,5,6,1,30,6,1997,2,6,FORD FOCUS,5,-1,0,-1
2021061088224,2021,061088224,2,9,0,5,5,8,4,0,0,0,0,0,0,0,2,1,5,6,1,28,6,2521,1,14,FORD FOCUS,1,E01005135,0,-1