collision_index,collision_year,collision_ref_no,vehicle_reference,vehicle_type,towing_and_articulation,vehicle_manoeuvre_historic,vehicle_manoeuvre,vehicle_direction_from,vehicle_direction_to,vehicle_location_restricted_lane_historic,vehicle_location_restricted_lane,junction_location,skidding_and_overturning,hit_object_in_carriageway,vehicle_leaving_carriageway,hit_object_off_carriageway,first_point_of_impact,vehicle_left_hand_drive,journey_purpose_of_driver_historic,journey_purpose_of_driver,sex_of_driver,age_of_driver,age_band_of_driver,engine_capacity_cc,propulsion_code,age_of_vehicle,generic_make_model,driver_imd_decile,lsoa_of_driver,escooter_flag,driver_distance_banding
2021061032971,2021,061032971,3,9,0,18,19,1,5,0,0,8,0,0,0,0,1,1,5,6,1,40,7,1499,2,2,FORD FOCUS,1,E01005130,0,-1
2021010307289,2021,010307289,1,9,0,99,99,9,9,99,99,9,9,99,9,99,3,9,6,6,1,24,5,998,1,8,FORD FOCUS,5,E01001659,0,-1
2021622100527,2021,622100527,1,9,0,18,19,6,2,0,0,0,0,0,0,0,1,1,6,6,1,22,5,1596,1,10,FORD FOCUS,3,E01011307,0,-1
2021010352457,2021,010352457,2,9,0,2,2,0,0,0,0,0,0,0,0,0,2,1,6,6,3,-1,-1,999,1,6,FORD FOCUS,-1,-1,0,-1
2021471127528,2021,471127528,2,9,0,2,2,0,0,0,0,0,0,0,0,0,3,1,6,6,3,-1,-1,1560,2,12,FORD FOCUS,-1,-1,0,-1
2021221060481,2021,221060481,1,9,0,18,19,3,7,0,0,0,5,0,1,0,4,1,6,6,1,49,8,1798,1,17,FORD FOCUS,4,E01014098,0,-1
2021010295080,2021,010295080,2,9,0,4,4,1,5,0,0,1,0,8,0,0,4,1,6,6,1,30,6,1596,1,16,FORD FOCUS,2,E01001692,0,-1
20211381M1248,2021,1381M1248,4,9,0,3,3,1,5,0,0,0,0,0,0,0,1,1,6,6,1,58,9,1496,1,1,FORD FOCUS,10,E01010646,0,-1
2021231067661,2021,231067661,2,9,0,18,19,7,3,0,0,8,1,0,1,4,1,1,1,1,2,48,8,1560,2,7,FORD FOCUS,9,E01032257,0,-1
2021201078105,2021,201078105,1,9,0,18,19,2,6,0,0,0,0,4,0,0,1,1,6,6,1,39,7,1753,2,14,FORD FOCUS,9,E01009816,0,-1
2021522101608,2021,522101608,2,9,0,3,3,7,3,0,0,1,0,0,0,0,1,1,1,1,2,39,7,1596,1,12,FORD FOCUS,6,E01014505,0,-1
2021451107450,2021,451107450,3,9,0,2,2,0,0,0,0,1,0,0,0,0,2,1,6,6,3,-1,-1,1596,1,8,FORD FOCUS,-1,-1,0,-1
2021201137133,2021,201137133,1,9,0,5,5,8,4,0,0,6,0,0,0,0,1,1,6,6,3,-1,-1,1596,1,22,FORD FOCUS,-1,-1,0,-1
2021430514086,2021,430514086,2,9,0,3,3,2,6,0,0,1,0,0,0,0,2,1,6,6,2,41,7,1596,1,17,FORD FOCUS,-1,-1,0,-1
2021461196585,2021,461196585,2,9,0,5,5,8,4,0,0,0,0,0,0,0,1,1,5,6,1,38,7,1798,1,11,FORD FOCUS,2,E01024476,0,-1
2021522102005,2021,522102005,2,9,0,18,19,6,2,0,0,0,0,0,0,0,1,1,6,6,1,21,5,998,1,7,FORD FOCUS,10,E01028727,0,-1
2021041045812,2021,041045812,1,9,0,18,19,5,1,0,0,2,0,0,0,0,2,1,5,6,1,38,7,1798,1,14,FORD FOCUS,1,E01012680,0,-1
2021031012197,2021,031012197,1,9,0,18,19,3,7,0,0,0,1,0,5,6,3,1,2,2,1,27,6,1999,1,8,FORD FOCUS,10,E01019347,0,-1
2021010340187,2021,010340187,4,9,0,2,2,0,0,0,0,0,0,0,0,0,2,1,6,6,3,-1,-1,1596,1,13,FORD FOCUS,-1,-1,0,-1
2021041064528,2021,041064528,1,9,0,18,19,5,5,0,0,4,0,0,0,0,1,1,3,7,2,38,7,1499,2,5,FORD FOCUS,8,E01004780,0,-1
2021221102311,2021,221102311,2,9,0,3,3,4,8,0,0,0,0,0,0,0,2,1,5,6,2,48,8,1499,2,5,FORD FOCUS,6,E01032353,0,-1
202154A759821,2021,54A759821,1,9,0,18,19,2,6,0,0,0,1,0,1,4,1,1,6,6,2,27,6,999,1,1,FORD FOCUS,7,E01017963,0,-1
2021430065102,2021,430065102,2,9,0,18,19,7,3,0,0,4,0,0,0,0,2,1,1,1,1,55,8,1796,1,22,FORD FOCUS,3,E01028452,0,-1
2021440435528,2021,440435528,1,9,0,6,6,1,1,0,0,0,0,0,0,0,3,1,6,6,1,23,5,1999,1,4,FORD FOCUS,7,E01022797,0,-1
2021052100454,2021,052100454,1,9,0,15,15,7,3,0,0,0,0,0,0,0,1,1,1,1,2,57,9,1596,1,13,FORD FOCUS,3,E01007177,0,-1
2021052101995,2021,052101995,2,8,0,18,19,4,8,0,0,8,0,0,0,0,3,1,1,1,1,40,7,1560,2,7,FORD FOCUS,1,E01006776,0,-1
202131A117521,2021,31A117521,1,9,0,18,19,2,6,0,0,0,0,0,0,0,3,1,2,2,1,25,5,1596,1,16,FORD FOCUS,6,E01025690,0,-1
2021540241921,2021,540241921,1,9,0,16,19,1,5,0,0,0,1,10,1,0,1,1,6,6,2,63,9,999,1,4,FORD FOCUS,8,E01032100,0,-1
202131B052221,2021,31B052221,1,9,0,18,19,8,4,0,0,0,0,2,0,0,1,1,6,6,3,-1,-1,1596,1,12,FORD FOCUS,-1,-1,0,-1
2021061084210,2021,061084210,1,9,0,18,19,1,5,0,0,0,0,0,0,0,1,1,6,6,3,30,6,1596,1,16,FORD FOCUS,5,E01008855,0,-1
2021111057519,2021,111057519,1,9,0,18,19,1,5,0,0,1,0,0,0,0,4,1,5,6,1,25,5,1560,2,9,FORD FOCUS,2,E01011974,0,-1
2021010295118,2021,010295118,1,9,0,99,99,9,9,99,99,9,9,99,9,99,2,9,6,6,2,-1,-1,1988,1,18,FORD FOCUS,5,E01001149,0,-1
2021991113932,2021,991113932,3,9,0,2,2,0,0,0,0,0,0,4,0,0,2,1,6,6,3,-1,-1,1560,2,8,FORD FOCUS,-1,-1,0,-1
2021501077163,2021,501077163,2,9,0,3,3,5,1,0,0,0,0,0,0,0,1,1,5,6,2,36,7,1596,1,7,FORD FOCUS,9,E01033609,0,-1
2021501029162,2021,501029162,1,9,0,18,19,7,4,0,0,1,0,0,0,0,4,1,6,6,2,61,9,1596,1,13,FORD FOCUS,8,E01015097,0,-1
2021401075030,2021,401075030,1,9,0,18,19,2,2,0,0,0,0,0,0,0,4,1,5,6,2,72,10,1560,2,7,FORD FOCUS,9,E01017417,0,-1
2021471081706,2021,471081706,1,9,0,7,7,7,1,0,0,8,0,0,0,0,1,1,6,6,1,-1,-1,1753,2,17,FORD FOCUS,-1,-1,0,-1
2021302101678,2021,302101678,1,9,0,18,19,0,0,9,9,1,0,0,0,0,0,1,6,6,2,33,6,1560,2,7,FORD FOCUS,6,E01019878,0,-1
2021010289396,2021,010289396,1,9,0,5,5,3,7,0,0,0,0,0,0,0,4,1,6,6,2,44,7,1596,1,17,FORD FOCUS,3,E01002646,0,-1
2021201057887,2021,201057887,1,9,0,18,19,3,7,0,0,1,0,0,7,0,4,1,1,1,1,41,7,1596,1,17,FORD FOCUS,1,E01009353,0,-1
2021421034859,2021,421034859,1,9,0,18,19,4,8,0,0,0,0,0,0,0,4,1,6,6,1,44,7,1596,1,17,FORD FOCUS,2,E01021638,0,-1
2021421130900,2021,421130900,1,9,0,3,3,5,1,0,0,1,0,0,0,0,1,1,6,6,1,40,7,1796,1,20,FORD FOCUS,5,E01021393,0,-1
2021411064535,2021,411064535,1,9,0,18,19,7,3,0,0,3,0,12,0,0,1,1,2,2,1,27,6,999,1,5,FORD FOCUS,5,E01023295,0,-1
2021010299620,2021,010299620,2,9,0,14,14,3,7,0,0,1,0,4,0,0,1,1,6,6,2,53,8,1596,1,6,FORD FOCUS,1,E01003516,0,-1
2021041047307,2021,041047307,2,9,0,18,19,3,7,0,0,1,0,0,0,0,1,1,6,6,1,49,8,1560,2,14,FORD FOCUS,1,E01012574,0,-1
2021520201057,2021,520201057,1,9,0,18,19,1,5,0,0,0,0,0,0,10,1,1,6,6,1,21,5,999,1,4,FORD FOCUS,1,E01014594,0,-1
2021622100141,2021,622100141,1,9,0,18,19,2,6,0,0,1,5,10,2,1,1,1,6,6,1,83,11,1596,1,14,FORD FOCUS,10,W01000855,0,-1
2021546531421,2021,546531421,1,9,0,5,5,1,3,0,0,4,0,0,0,0,4,1,6,6,1,68,10,1596,1,14,FORD FOCUS,7,E01015582,0,-1
2021041112327,2021,041112327,2,9,0,18,19,5,1,0,0,8,0,0,0,0,1,1,5,6,2,30,6,1596,1,13,FORD FOCUS,-1,-1,0,-1
2021501030061,2021,501030061,1,9,0,14,14,1,5,0,0,0,0,0,0,0,3,1,5,6,2,45,7,1753,2,13,FORD FOCUS,2,E01018836,0,-1
2021371050963,2021,371050963,1,9,0,1,1,1,5,0,0,0,0,0,0,0,2,1,6,6,1,71,10,999,1,4,FORD FOCUS,8,E01029883,0,-1
2021361087138,2021,361087138,1,9,0,9,9,7,4,0,0,8,0,0,0,0,1,1,5,6,2,74,10,1596,1,17,FORD FOCUS,1,E01026620,0,-1
2021547987921,2021,547987921,1,9,0,15,15,3,7,0,0,1,1,0,0,0,3,1,6,6,3,-1,-1,1560,2,8,FORD FOCUS,-1,-1,0,-1
2021052102881,2021,052102881,2,9,0,18,19,3,7,0,0,4,0,0,0,0,4,1,6,6,1,52,8,998,1,7,FORD FOCUS,10,E01006991,0,-1
2021421036500,2021,421036500,2,9,0,17,19,4,1,0,0,0,0,0,0,0,3,1,6,6,2,30,6,998,1,8,FORD FOCUS,1,E01015932,0,-1
2021052102040,2021,052102040,1,9,0,18,19,1,5,0,0,1,0,0,0,0,1,1,6,6,2,41,7,1596,1,10,FORD FOCUS,2,E01006520,0,-1
2021622100319,2021,622100319,2,9,0,18,19,8,4,0,0,8,0,0,0,0,4,1,6,6,2,38,7,1596,1,14,FORD FOCUS,10,W01000868,0,-1
2021501117670,2021,501117670,1,9,0,18,19,8,4,0,0,0,2,0,2,4,1,1,5,6,1,25,5,1753,2,14,FORD FOCUS,3,E01020212,0,-1
2021320621264,2021,320621264,1,9,0,18,19,2,6,0,0,0,0,4,0,0,1,1,2,2,1,29,6,999,1,2,FORD FOCUS,6,E01026408,0,-1
2021201081515,2021,201081515,2,9,0,10,10,4,2,9,9,8,0,0,0,0,3,1,6,6,2,36,7,1560,2,11,FORD FOCUS,1,E01009542,0,-1
202154B752921,2021,54B752921,2,9,0,4,4,4,8,0,0,0,0,0,0,0,2,1,6,6,2,59,9,1997,2,5,FORD FOCUS,9,E01031858,0,-1
2021991060095,2021,991060095,2,9,0,4,4,7,2,0,0,0,0,0,0,0,2,1,2,2,2,51,8,999,1,2,FORD FOCUS,4,-1,0,-1
2021371032027,2021,371032027,1,9,0,4,4,1,5,0,0,0,0,0,0,0,1,1,5,6,1,20,4,1596,1,13,FORD FOCUS,5,E01029874,0,-1
2021622100261,2021,622100261,2,9,0,18,19,2,6,0,0,0,0,0,0,0,1,1,6,6,2,37,7,1798,1,10,FORD FOCUS,10,W01001120,0,-1
2021421044948,2021,421044948,2,9,0,10,10,8,5,0,0,1,0,0,1,11,2,1,5,6,1,73,10,1596,1,18,FORD FOCUS,9,E01021346,0,-1
2021421110772,2021,421110772,2,9,0,16,19,1,5,0,0,0,0,0,0,0,4,1,5,6,1,33,6,1596,1,14,FORD FOCUS,-1,-1,0,-1
2021131093010,2021,131093010,2,9,0,9,9,4,6,0,0,8,0,0,0,0,2,1,2,2,2,28,6,998,1,7,FORD FOCUS,1,E01011864,0,-1
2021531030878,2021,531030878,1,9,0,17,19,7,3,0,0,0,0,0,0,0,1,1,2,2,1,52,8,1560,2,9,FORD FOCUS,8,E01022387,0,-1
2021211079331,2021,211079331,2,9,0,2,2,-1,-1,0,0,0,0,0,0,0,2,1,6,6,1,68,10,1499,2,1,FORD FOCUS,6,E01014333,0,-1
2021052100958,2021,052100958,2,9,0,18,19,7,3,0,0,1,0,0,0,0,1,1,2,2,2,57,9,1596,1,18,FORD FOCUS,1,E01007155,0,-1
2021131098783,2021,131098783,2,9,0,18,19,7,3,0,0,8,0,0,0,0,2,1,2,2,1,34,6,1560,2,12,FORD FOCUS,1,E01011622,0,-1
2021991034229,2021,991034229,1,9,0,18,19,3,7,0,0,0,0,0,0,0,1,1,1,1,1,26,6,1560,2,11,FORD FOCUS,1,-1,0,-1
2021041065898,2021,041065898,1,9,0,4,4,7,3,0,0,1,0,0,0,0,1,1,5,6,1,23,5,1596,1,17,FORD FOCUS,4,E01012740,0,-1
2021430577674,2021,430577674,2,9,0,10,10,3,1,0,0,1,0,0,0,0,2,1,6,6,1,49,8,1596,1,15,FORD FOCUS,10,E01017882,0,-1
2021430329763,2021,430329763,1,9,0,18,19,8,4,0,0,0,0,0,0,0,2,1,6,6,2,58,9,1499,2,5,FORD FOCUS,7,E01016582,0,-1
2021501063798,2021,501063798,1,9,0,18,19,1,5,0,0,0,0,0,0,0,4,1,6,6,1,72,10,998,1,8,FORD FOCUS,9,E01020257,0,-1
2021461126693,2021,461126693,2,9,0,18,19,5,1,0,0,0,0,0,0,0,1,1,6,6,2,57,9,1798,1,15,FORD FOCUS,5,E01024842,0,-1
2021031056108,2021,031056108,1,9,0,11,11,5,1,0,0,0,0,0,0,0,1,1,6,6,2,22,5,1560,2,9,FORD FOCUS,4,E01019257,0,-1
2021010322430,2021,010322430,2,9,0,18,19,7,3,0,0,8,9,0,0,0,1,1,6,6,3,-1,-1,1596,1,18,FORD FOCUS,-1,-1,0,-1
2021540673521,2021,540673521,1,9,0,4,4,5,1,0,0,0,0,0,0,0,1,1,6,6,1,81,11,1989,1,22,FORD FOCUS,9,E01031847,0,-1
2021302100382,2021,302100382,2,9,0,13,13,8,4,0,0,1,0,0,0,0,1,1,6,6,1,26,6,2521,1,13,FORD FOCUS,4,E01027985,0,-1
2021451119997,2021,451119997,2,9,0,3,3,1,5,0,0,1,0,0,0,0,1,1,6,6,2,20,4,1596,1,6,FORD FOCUS,9,E01030712,0,-1
2021111014723,2021,111014723,4,9,0,2,2,2,4,0,0,1,0,0,0,0,3,1,6,6,3,-1,-1,1560,2,7,FORD FOCUS,-1,-1,0,-1
2021430252302,2021,430252302,1,9,0,18,19,2,6,0,0,6,0,0,0,0,1,1,6,6,2,37,7,1596,1,7,FORD FOCUS,10,E01016524,0,-1
2021549788721,2021,549788721,2,9,0,4,4,5,1,0,0,0,0,0,0,0,2,1,6,6,2,71,10,1798,1,10,FORD FOCUS,5,E01020432,0,-1
2021201046484,2021,201046484,2,9,0,3,3,-1,-1,0,0,0,0,0,0,0,2,1,6,6,1,30,6,1596,1,8,FORD FOCUS,3,E01008957,0,-1
2021351108807,2021,351108807,1,9,0,17,19,2,6,0,0,0,2,12,1,4,1,1,5,6,1,28,6,1596,1,16,FORD FOCUS,7,E01018269,0,-1
2021211054983,2021,211054983,2,9,0,18,19,1,4,0,0,0,0,0,0,0,1,1,2,2,2,25,5,1560,2,8,FORD FOCUS,9,E01033257,0,-1
2021131060415,2021,131060415,2,9,0,4,4,2,6,0,0,0,0,0,0,0,2,1,1,1,1,42,7,1499,2,2,FORD FOCUS,3,E01010825,0,-1
2021201128363,2021,201128363,1,9,0,18,19,2,6,0,0,0,0,0,0,0,1,1,6,6,1,31,6,1596,1,17,FORD FOCUS,1,E01033616,0,-1
2021501133858,2021,501133858,1,9,0,9,9,8,7,0,0,1,0,0,0,0,4,1,5,6,1,36,7,1796,1,21,FORD FOCUS,2,E01020037,0,-1
2021302100547,2021,302100547,1,9,0,12,12,4,8,0,0,0,0,0,0,0,1,1,6,6,2,25,5,1997,2,5,FORD FOCUS,2,E01009505,0,-1
2021501111796,2021,501111796,2,9,0,18,19,7,3,0,0,4,0,0,0,0,1,1,5,6,2,39,7,1596,1,8,FORD FOCUS,5,E01018935,0,-1
2021101012235,2021,101012235,2,9,0,16,19,5,1,0,0,0,1,7,1,0,1,1,6,6,1,20,4,1596,1,10,FORD FOCUS,2,E01008324,0,-1
2021141100061,2021,141100061,2,9,0,9,9,6,3,0,0,6,0,0,0,0,3,1,2,2,2,23,5,1596,1,15,FORD FOCUS,4,E01007704,0,-1
2021320284598,2021,320284598,2,9,0,3,3,7,4,0,0,1,0,0,0,0,2,1,6,6,2,56,9,1560,2,11,FORD FOCUS,5,E01026232,0,-1
2021161087153,2021,161087153,1,9,0,7,7,7,3,0,0,2,0,0,0,0,1,1,6,6,1,39,7,1796,1,17,FORD FOCUS,3,E01013158,0,-1
2021141115185,2021,141115185,1,9,0,16,19,8,4,0,0,0,1,0,7,0,1,1,5,6,1,62,9,1999,1,4,FORD FOCUS,5,E01018135,0,-1
2021401110617,2021,401110617,3,9,0,3,3,3,7,0,0,1,0,0,0,0,2,1,6,6,1,-1,-1,1560,2,9,FORD FOCUS,7,E01000297,0,-1
2021461042423,2021,461042423,1,9,0,15,15,5,1,0,0,0,0,4,0,0,4,1,2,2,1,34,6,1596,1,13,FORD FOCUS,6,E01016056,0,-1
2021010317713,2021,010317713,2,9,0,18,19,1,5,0,0,1,0,0,0,0,3,1,6,6,2,38,7,1596,1,15,FORD FOCUS,1,E01004670,0,-1
2021531101837,2021,531101837,1,9,0,9,9,8,4,0,0,8,0,0,0,0,4,1,5,6,1,61,9,1798,1,15,FORD FOCUS,4,E01022250,0,-1
2021371138974,2021,371138974,1,9,0,18,19,5,1,0,0,0,5,0,1,4,3,1,5,6,1,17,4,1596,1,19,FORD FOCUS,10,E01029894,0,-1
202131C074821,2021,31C074821,1,9,0,18,19,4,8,0,0,8,0,0,0,0,1,1,6,6,1,21,5,1388,1,14,FORD FOCUS,3,E01013930,0,-1
2021010329082,2021,010329082,1,9,0,18,19,7,3,0,0,0,1,0,1,11,3,1,6,6,1,47,8,2521,1,15,FORD FOCUS,6,E01003754,0,-1
2021010342849,2021,010342849,1,9,0,8,8,7,2,0,0,1,0,0,0,0,4,1,6,6,1,26,6,999,1,3,FORD FOCUS,7,E01003763,0,-1
2021141032441,2021,141032441,2,9,0,18,19,3,7,0,0,0,1,4,0,0,1,1,6,6,1,17,4,1753,2,14,FORD FOCUS,-1,-1,0,-1
2021991110290,2021,991110290,1,9,0,18,19,8,4,0,0,1,0,4,0,0,1,1,5,6,1,39,7,1596,1,12,FORD FOCUS,6,-1,0,-1
2021131101069,2021,131101069,1,9,0,18,19,7,3,0,0,8,0,0,0,0,1,1,6,6,2,31,6,1596,1,10,FORD FOCUS,6,E01010594,0,-1
2021991081862,2021,991081862,2,9,0,18,19,8,4,0,0,1,1,0,7,0,4,1,5,6,2,43,7,1596,1,10,FORD FOCUS,3,-1,0,-1
2021101117442,2021,101117442,1,9,0,3,3,3,7,0,0,1,0,0,0,0,1,1,5,6,2,31,6,1798,1,14,FORD FOCUS,6,E01027532,0,-1
2021361103829,2021,361103829,1,9,0,1,1,5,1,0,0,0,0,0,0,0,2,1,5,6,1,68,10,1997,2,13,FORD FOCUS,6,E01026899,0,-1
2021052100091,2021,052100091,1,9,0,9,9,4,2,0,0,8,0,0,0,0,1,1,6,6,1,83,11,1596,1,16,FORD FOCUS,2,E01006551,0,-1
2021211085574,2021,211085574,1,9,0,7,7,6,2,0,0,8,0,0,0,0,1,1,6,6,2,30,6,1596,1,10,FORD FOCUS,1,E01014224,0,-1
2021131088288,2021,131088288,2,9,0,4,4,5,1,0,0,0,0,0,0,0,4,1,3,7,2,39,7,1560,2,13,FORD FOCUS,6,E01010952,0,-1
2021371037197,2021,371037197,2,9,0,18,19,2,6,0,0,8,0,0,0,0,4,1,5,6,1,72,10,1596,1,10,FORD FOCUS,6,E01029915,0,-1
2021451083994,2021,451083994,1,9,0,18,19,1,5,0,0,8,1,0,0,0,1,1,5,6,2,81,11,1988,1,18,FORD FOCUS,10,E01030369,0,-1
2021201136063,2021,201136063,1,9,0,18,19,6,2,0,0,0,0,0,0,0,3,1,6,6,2,62,9,1596,1,18,FORD FOCUS,6,E01009878,0,-1
2021421018535,2021,421018535,1,9,0,4,4,1,5,0,0,0,0,0,0,0,1,1,5,6,2,32,6,999,1,5,FORD FOCUS,3,E01033051,0,-1
2021440050371,2021,440050371,2,9,0,4,4,6,2,0,0,0,0,0,0,0,1,1,1,1,2,54,8,1499,2,4,FORD FOCUS,4,E01023204,0,-1
2021440010214,2021,440010214,2,9,0,3,3,6,2,0,0,0,0,0,0,0,2,1,6,6,1,31,6,1499,2,3,FORD FOCUS,5,E01023079,0,-1
2021201050630,2021,201050630,1,9,0,11,11,8,4,0,0,0,0,0,0,0,1,1,2,2,1,30,6,1596,1,11,FORD FOCUS,8,E01010373,0,-1
2021440330699,2021,440330699,1,9,0,9,9,3,5,0,0,8,0,0,0,0,1,1,6,6,2,49,8,999,1,2,FORD FOCUS,7,E01031167,0,-1
2021501089901,2021,501089901,2,9,0,7,7,7,1,0,0,0,0,0,0,0,2,1,6,6,2,64,9,1596,1,17,FORD FOCUS,1,E01015145,0,-1
2021010344018,2021,010344018,1,9,0,18,19,1,5,0,0,1,0,0,0,0,0,1,2,2,1,21,5,1596,1,12,FORD FOCUS,2,E01001006,0,-1
2021161126647,2021,161126647,2,9,0,18,19,5,1,0,0,1,0,0,0,0,1,1,5,6,1,58,9,1798,1,14,FORD FOCUS,4,E01012995,0,-1
2021991104269,2021,991104269,1,9,0,3,3,5,1,0,0,0,0,0,0,0,2,1,2,2,1,38,7,1560,2,8,FORD FOCUS,2,-1,0,-1
2021061096850,2021,061096850,2,9,0,18,19,3,7,0,0,0,0,0,0,0,2,1,5,6,1,38,7,998,1,9,FORD FOCUS,5,E01004913,0,-1
2021061074828,2021,061074828,1,9,0,8,8,1,3,0,0,1,0,0,0,0,1,1,6,6,1,73,10,1596,1,15,FORD FOCUS,6,E01005956,0,-1
2021010288694,2021,010288694,1,9,0,99,99,9,9,99,99,9,9,99,9,99,2,9,6,6,1,25,5,1388,1,15,FORD FOCUS,1,E01002782,0,-1
2021501048850,2021,501048850,1,9,0,18,19,3,7,0,0,0,2,0,0,0,1,1,1,1,1,25,5,1560,2,9,FORD FOCUS,9,E01007171,0,-1
2021061100600,2021,061100600,2,9,0,18,19,4,8,0,0,1,0,0,0,0,1,1,6,6,3,30,6,2521,1,15,FORD FOCUS,-1,-1,0,-1
2021411065251,2021,411065251,1,9,0,-1,-1,1,5,0,0,1,0,0,0,0,-1,1,6,6,1,63,9,1596,1,10,FORD FOCUS,10,E01023670,0,-1
2021131104412,2021,131104412,1,9,0,8,8,5,3,0,0,3,0,0,0,0,1,1,5,6,1,49,8,1596,1,10,FORD FOCUS,1,E01011658,0,-1
2021052102021,2021,052102021,3,9,0,13,13,7,3,0,0,0,0,0,0,0,4,1,6,6,1,33,6,1596,1,11,FORD FOCUS,1,E01006696,0,-1
2021440291307,2021,440291307,1,9,0,17,19,7,3,0,0,0,5,0,2,11,0,1,2,2,1,21,5,1560,2,13,FORD FOCUS,10,E01022528,0,-1
2021122101066,2021,122101066,1,9,0,12,12,6,3,0,0,7,0,0,0,0,2,1,6,6,2,70,10,998,1,8,FORD FOCUS,5,E01012219,0,-1
2021061043054,2021,061043054,1,9,0,9,9,1,3,0,0,8,0,0,0,0,3,1,6,6,1,26,6,1499,2,2,FORD FOCUS,4,E01006280,0,-1
2021201044901,2021,201044901,1,9,0,17,19,2,3,0,0,0,0,10,1,11,1,1,6,6,1,54,8,1560,2,12,FORD FOCUS,2,E01009786,0,-1
2021440133912,2021,440133912,4,9,0,18,19,7,3,0,0,0,0,0,0,0,2,1,6,6,1,21,5,1997,2,11,FORD FOCUS,6,E01032011,0,-1
2021201142240,2021,201142240,2,9,0,18,19,4,8,0,0,8,0,0,0,0,1,1,6,6,1,23,5,1596,1,16,FORD FOCUS,7,E01009446,0,-1
2021302100840,2021,302100840,1,9,0,5,5,2,6,0,0,6,0,0,0,0,1,1,6,6,1,27,6,1499,2,4,FORD FOCUS,10,E01019830,0,-1
2021070793411,2021,070793411,1,9,0,7,7,4,6,9,9,1,5,10,1,2,4,1,6,6,1,36,7,1596,1,18,FORD FOCUS,9,E01012568,0,-1
2021545681321,2021,545681321,1,9,0,18,19,1,5,0,0,0,0,0,0,0,1,1,6,6,2,74,10,1753,2,15,FORD FOCUS,7,E01032067,0,-1
2021101105786,2021,101105786,1,9,0,18,19,2,6,0,0,0,0,0,0,0,3,1,5,6,1,29,6,1499,2,4,FORD FOCUS,3,E01027385,0,-1
2021201110073,2021,201110073,2,9,0,18,19,6,2,0,0,1,0,0,0,0,3,1,6,6,1,68,10,1596,1,12,FORD FOCUS,1,E01009074,0,-1
2021010300328,2021,010300328,1,9,0,18,19,7,3,0,0,0,0,0,0,0,4,1,6,6,1,73,10,1596,1,9,FORD FOCUS,4,E01003784,0,-1
2021421023330,2021,421023330,3,9,0,10,10,4,1,0,0,0,0,0,0,0,2,1,6,6,1,42,7,1596,1,15,FORD FOCUS,5,E01021575,0,-1
2021991126978,2021,991126978,1,9,0,18,19,7,3,0,0,1,0,0,0,0,1,1,5,6,1,45,7,1499,2,3,FORD FOCUS,5,-1,0,-1
2021041099029,2021,041099029,1,9,0,18,19,7,3,0,0,0,0,0,0,0,1,1,6,6,3,-1,-1,1596,1,21,FORD FOCUS,8,E01012613,0,-1
2021122101315,2021,122101315,3,9,0,18,19,6,2,0,0,0,0,0,0,0,1,1,6,6,1,33,6,1596,1,14,FORD FOCUS,1,E01012088,0,-1
2021010325706,2021,010325706,2,9,0,99,99,9,9,99,99,9,9,99,9,99,1,9,6,6,1,75,10,1596,1,14,FORD FOCUS,4,E01001225,0,-1
2021201045113,2021,201045113,2,9,0,17,19,8,4,0,0,8,0,0,0,0,3,1,5,6,1,68,10,1753,2,12,FORD FOCUS,2,E01010019,0,-1
2021201103090,2021,201103090,2,9,0,2,2,0,0,0,0,0,0,0,0,0,1,1,6,6,1,52,8,1499,2,5,FORD FOCUS,2,E01009627,0,-1
2021031061403,2021,031061403,2,9,0,2,2,0,0,0,0,1,0,0,0,0,3,1,3,7,2,33,6,1560,2,8,FORD FOCUS,2,E01019227,0,-1
202134WNC6391,2021,34WNC6391,1,9,0,5,5,3,6,0,0,6,0,0,0,0,1,1,6,6,1,79,11,1596,1,20,FORD FOCUS,10,E01027258,0,-1
2021440502081,2021,440502081,2,9,0,3,3,5,1,0,0,8,0,0,0,0,2,1,2,2,1,37,7,999,1,5,FORD FOCUS,-1,-1,0,-1
2021320075566,2021,320075566,1,9,0,18,19,2,6,0,0,0,0,0,0,0,1,1,2,2,1,40,7,1596,1,12,FORD FOCUS,6,E01026265,0,-1
2021010338381,2021,010338381,2,9,0,99,99,9,9,99,99,9,9,99,9,99,1,9,6,6,2,29,6,1596,1,12,FORD FOCUS,1,E01016010,0,-1
2021131080887,2021,131080887,1,9,0,18,19,5,1,0,0,0,0,0,0,0,1,1,5,6,2,63,9,1596,1,7,FORD FOCUS,4,E01008058,0,-1
2021061045480,2021,061045480,2,9,0,18,19,8,4,0,0,1,0,0,0,0,1,1,6,6,1,30,6,1560,2,11,FORD FOCUS,-1,-1,0,-1
2021010343853,2021,010343853,2,9,9,99,99,9,9,99,99,9,9,99,0,0,9,9,6,6,3,-1,-1,1596,1,16,FORD FOCUS,-1,-1,0,-1
2021010297777,2021,010297777,2,9,0,99,99,9,9,99,99,9,9,99,9,99,1,9,6,6,3,-1,-1,1596,1,9,FORD FOCUS,-1,-1,0,-1