collision_index,collision_year,collision_ref_no,vehicle_reference,vehicle_type,towing_and_articulation,vehicle_manoeuvre_historic,vehicle_manoeuvre,vehicle_direction_from,vehicle_direction_to,vehicle_location_restricted_lane_historic,vehicle_location_restricted_lane,junction_location,skidding_and_overturning,hit_object_in_carriageway,vehicle_leaving_carriageway,hit_object_off_carriageway,first_point_of_impact,vehicle_left_hand_drive,journey_purpose_of_driver_historic,journey_purpose_of_driver,sex_of_driver,age_of_driver,age_band_of_driver,engine_capacity_cc,propulsion_code,age_of_vehicle,generic_make_model,driver_imd_decile,lsoa_of_driver,escooter_flag,driver_distance_banding
2021471049326,2021,471049326,1,9,0,5,5,7,3,0,0,8,0,0,0,0,1,1,6,6,2,55,8,1596,1,19,FORD FOCUS,8,E01031474,0,-1
2021461102694,2021,461102694,1,9,0,18,19,5,1,0,0,0,0,0,0,0,3,1,6,6,1,92,11,1596,1,15,FORD FOCUS,10,E01024471,0,-1
2021361111932,2021,361111932,1,9,0,9,9,5,3,0,0,4,0,0,0,0,3,1,6,6,1,48,8,1753,2,13,FORD FOCUS,6,E01026593,0,-1
2021371058373,2021,371058373,1,9,0,7,7,7,5,0,0,4,0,0,0,0,1,1,6,6,1,-1,-1,1596,1,15,FORD FOCUS,-1,-1,0,-1
2021361088705,2021,361088705,1,9,0,1,1,7,3,0,0,0,0,0,0,0,2,1,2,2,1,57,9,1596,1,19,FORD FOCUS,1,E01026595,0,-1
2021211023285,2021,211023285,2,9,0,2,2,8,4,0,0,0,0,0,0,0,2,1,6,6,1,64,9,1798,1,12,FORD FOCUS,2,E01029356,0,-1
2021010293581,2021,010293581,1,9,0,99,99,9,9,99,99,9,9,99,9,99,9,9,6,6,2,53,8,999,1,4,FORD FOCUS,1,E01002082,0,-1
2021070402290,2021,070402290,2,9,0,4,4,4,8,0,0,1,0,0,0,0,3,1,6,6,2,34,6,999,1,5,FORD FOCUS,10,E01018324,0,-1
2021041023433,2021,041023433,4,9,0,18,19,2,2,0,0,0,0,0,0,0,2,1,2,2,1,53,8,1596,1,17,FORD FOCUS,1,E01025049,0,-1
2021471107014,2021,471107014,1,9,0,13,13,1,5,0,0,2,0,0,0,0,4,1,6,6,1,63,9,1596,1,15,FORD FOCUS,2,E01031341,0,-1
2021231042073,2021,231042073,2,9,0,5,5,2,6,0,0,0,0,0,0,0,0,1,5,6,3,33,6,1560,2,12,FORD FOCUS,-1,-1,0,-1
2021421077513,2021,421077513,3,9,0,18,19,5,1,0,0,1,0,0,0,0,0,1,1,1,1,32,6,1560,2,8,FORD FOCUS,3,E01015956,0,-1
2021221032106,2021,221032106,2,9,0,16,19,2,5,0,0,1,0,0,0,0,3,1,5,6,2,28,6,1997,2,16,FORD FOCUS,4,E01028993,0,-1
2021471106829,2021,471106829,1,9,0,18,19,7,3,0,0,1,1,0,0,0,1,1,2,2,1,34,6,1560,2,8,FORD FOCUS,1,E01031429,0,-1
2021221075498,2021,221075498,1,9,0,6,6,1,1,0,0,8,0,0,0,0,4,1,5,6,2,59,9,1596,1,11,FORD FOCUS,7,E01014205,0,-1
2021461084207,2021,461084207,1,9,0,-1,-1,-1,-1,-1,-1,-1,-1,-1,-1,0,-1,1,6,6,3,-1,-1,1596,1,12,FORD FOCUS,-1,-1,0,-1
2021010294307,2021,010294307,2,9,0,4,4,1,5,2,2,0,0,0,0,0,2,1,6,6,1,55,8,1596,1,12,FORD FOCUS,2,E01003137,0,-1
2021411087641,2021,411087641,1,9,0,1,1,1,5,0,0,0,5,4,0,0,2,1,6,6,2,23,5,1596,1,8,FORD FOCUS,5,E01023542,0,-1
2021471057355,2021,471057355,1,9,0,18,19,4,8,0,0,0,0,0,0,0,1,1,6,6,1,34,6,1999,1,7,FORD FOCUS,7,E01021018,0,-1
2021031057010,2021,031057010,1,9,0,18,19,6,1,0,0,1,0,0,0,0,1,1,5,6,1,28,6,1753,2,14,FORD FOCUS,6,E01019088,0,-1
2021471083997,2021,471083997,1,9,0,9,9,2,7,0,0,2,0,0,0,0,4,1,5,6,1,72,10,1596,1,14,FORD FOCUS,2,E01016854,0,-1
2021991081367,2021,991081367,1,9,0,18,19,8,5,0,0,0,0,0,0,0,1,1,5,6,1,20,4,1560,2,7,FORD FOCUS,10,-1,0,-1
2021041106855,2021,041106855,2,9,0,18,19,1,5,0,0,0,0,0,5,0,2,1,5,6,1,23,5,1560,2,7,FORD FOCUS,6,E01018713,0,-1
2021501100544,2021,501100544,4,9,0,2,2,2,6,0,0,0,0,0,0,0,4,1,6,6,1,57,9,1596,1,14,FORD FOCUS,4,E01018778,0,-1
2021440173239,2021,440173239,4,9,0,2,2,0,0,0,0,1,0,0,0,0,3,1,6,6,3,-1,-1,1988,1,17,FORD FOCUS,-1,-1,0,-1
2021302100160,2021,302100160,1,9,0,2,2,0,0,0,0,0,0,0,0,0,1,1,6,6,2,52,8,1596,1,16,FORD FOCUS,8,E01019747,0,-1
2021371144069,2021,371144069,2,9,0,18,19,4,8,0,0,8,0,0,0,0,1,1,5,6,1,38,7,2521,1,14,FORD FOCUS,6,E01029983,0,-1
2021141118718,2021,141118718,2,9,0,5,5,-1,-1,0,0,6,-1,-1,-1,0,-1,1,6,6,1,26,6,1997,2,6,FORD FOCUS,7,E01024479,0,-1
2021061108271,2021,061108271,4,9,0,18,19,1,5,0,0,1,0,0,0,0,1,1,6,6,2,35,6,1498,1,5,FORD FOCUS,1,E01005240,0,-1
202163A024921,2021,63A024921,1,9,0,18,19,3,7,0,0,1,0,0,0,0,1,1,6,6,2,33,6,1596,1,11,FORD FOCUS,6,W01000630,0,-1
2021141070766,2021,141070766,1,9,0,5,5,1,1,0,0,0,0,0,0,0,1,1,6,6,1,-1,-1,1596,1,15,FORD FOCUS,2,E01008095,0,-1
2021451101629,2021,451101629,1,9,0,9,9,3,7,0,0,6,0,0,0,0,1,1,5,6,1,61,9,1560,2,12,FORD FOCUS,6,E01030995,0,-1
2021421125536,2021,421125536,1,9,0,18,19,5,1,0,0,4,0,0,1,1,1,1,5,6,1,38,7,1989,1,21,FORD FOCUS,1,E01022045,0,-1
2021221050024,2021,221050024,2,9,0,18,19,6,2,0,0,0,0,0,1,10,4,1,5,6,2,46,8,1753,2,16,FORD FOCUS,6,E01028943,0,-1
2021101050457,2021,101050457,1,9,0,18,19,6,2,0,0,1,0,0,0,0,1,1,5,6,1,24,5,1499,2,4,FORD FOCUS,2,E01008665,0,-1
2021544969821,2021,544969821,2,9,0,2,2,0,0,0,0,0,0,0,0,0,4,1,6,6,2,30,6,1499,2,6,FORD FOCUS,10,E01032045,0,-1
2021201023499,2021,201023499,1,9,0,18,19,7,3,0,0,4,0,0,0,0,1,1,1,1,2,39,7,1499,2,3,FORD FOCUS,2,E01010311,0,-1
2021552101355,2021,552101355,2,9,0,4,4,2,6,0,0,0,0,0,0,0,2,1,6,6,2,33,6,1596,1,13,FORD FOCUS,6,E01020424,0,-1
2021070342307,2021,070342307,1,9,0,16,19,4,6,0,0,1,0,0,0,0,1,1,6,6,1,40,7,1596,1,10,FORD FOCUS,6,E01018674,0,-1
2021010327556,2021,010327556,1,9,0,7,7,3,5,0,0,2,0,7,0,0,1,1,6,6,1,39,7,1596,1,10,FORD FOCUS,3,E01021687,0,-1
2021302101475,2021,302101475,2,9,0,18,19,8,4,0,0,0,0,0,0,0,1,1,6,6,1,61,9,1596,1,9,FORD FOCUS,7,E01007334,0,-1
2021161048541,2021,161048541,2,9,0,18,19,5,1,0,0,2,0,0,0,0,1,1,6,6,1,17,4,1596,1,14,FORD FOCUS,-1,-1,0,-1
2021461134717,2021,461134717,2,9,0,18,19,2,6,0,0,0,1,0,0,0,3,1,6,6,2,72,10,1560,2,9,FORD FOCUS,5,E01024304,0,-1
2021401032304,2021,401032304,1,9,0,9,9,1,5,0,0,1,0,0,0,0,1,1,6,6,2,25,5,998,1,7,FORD FOCUS,10,E01017393,0,-1
2021010289807,2021,010289807,1,9,0,7,7,3,5,0,0,5,2,4,0,0,1,1,6,6,2,34,6,1496,1,2,FORD FOCUS,5,E01003435,0,-1
2021010288152,2021,010288152,2,9,0,99,99,9,9,99,99,0,9,99,9,99,9,9,6,6,1,34,6,1596,1,15,FORD FOCUS,3,E01032786,0,-1
2021421070438,2021,421070438,1,9,0,8,8,5,7,0,0,2,0,0,0,0,1,1,6,6,1,55,8,1596,1,12,FORD FOCUS,4,E01015872,0,-1
2021010315154,2021,010315154,4,9,0,2,2,0,0,0,0,1,0,0,0,0,0,1,6,6,3,-1,-1,1560,2,7,FORD FOCUS,-1,-1,0,-1
2021421122424,2021,421122424,2,9,0,3,3,2,6,0,0,0,0,0,0,0,2,1,5,6,1,79,11,1753,2,14,FORD FOCUS,7,E01021742,0,-1
2021010291471,2021,010291471,2,9,0,9,9,7,5,0,0,8,0,0,1,10,4,1,6,6,1,59,9,1560,2,11,FORD FOCUS,3,E01003539,0,-1
2021451081795,2021,451081795,3,9,0,18,19,1,5,0,0,0,0,0,0,0,3,1,5,6,1,34,6,1798,1,13,FORD FOCUS,4,E01032858,0,-1
2021010304898,2021,010304898,3,9,0,2,2,0,0,0,0,2,0,0,0,0,1,1,6,6,3,-1,-1,1560,2,7,FORD FOCUS,-1,-1,0,-1
2021041026155,2021,041026155,1,9,0,18,19,5,1,0,0,2,2,10,0,0,1,1,5,6,1,31,6,1560,2,8,FORD FOCUS,9,E01025436,0,-1
2021991127729,2021,991127729,1,9,0,18,19,4,8,0,0,0,0,0,0,0,1,2,5,6,2,50,8,1499,2,6,FORD FOCUS,8,-1,0,-1
2021401034148,2021,401034148,2,9,0,11,11,5,1,0,0,0,0,0,0,0,2,1,5,6,2,42,7,998,1,8,FORD FOCUS,2,E01017490,0,-1
2021131075765,2021,131075765,1,9,0,18,19,3,7,0,0,7,0,0,0,0,-1,1,6,6,3,-1,-1,1560,2,13,FORD FOCUS,-1,-1,0,-1
2021421083146,2021,421083146,2,9,0,18,19,5,2,0,0,0,0,0,0,0,1,1,5,6,1,27,6,1560,2,8,FORD FOCUS,6,E01021794,0,-1
2021520102784,2021,520102784,1,9,0,8,8,3,1,0,0,1,0,0,0,0,3,1,6,6,2,22,5,1499,2,1,FORD FOCUS,10,E01029302,0,-1
2021421170247,2021,421170247,2,9,0,18,19,7,3,0,0,2,0,0,0,0,4,1,6,6,2,58,9,1596,1,8,FORD FOCUS,10,E01021738,0,-1
2021371105605,2021,371105605,1,9,0,18,19,1,5,0,0,0,0,0,0,0,1,1,1,1,1,53,8,1560,2,9,FORD FOCUS,2,E01030023,0,-1
202131C114921,2021,31C114921,1,9,0,18,19,2,6,0,0,1,0,0,0,0,1,1,6,6,3,-1,-1,998,1,9,FORD FOCUS,-1,-1,0,-1
2021052101204,2021,052101204,1,9,0,9,9,3,1,0,0,6,0,0,0,0,1,1,6,6,2,43,7,1596,1,16,FORD FOCUS,1,E01007274,0,-1
2021991143799,2021,991143799,3,9,0,18,19,4,8,0,0,0,0,0,0,0,1,1,5,6,1,42,7,1999,1,13,FORD FOCUS,7,-1,0,-1
2021010346726,2021,010346726,1,9,0,5,5,0,5,0,0,0,0,0,0,0,1,1,6,6,1,90,11,1596,1,17,FORD FOCUS,7,E01004159,0,-1
2021010348316,2021,010348316,1,9,0,9,9,1,7,0,0,6,0,0,0,0,2,1,6,6,2,40,7,1596,1,10,FORD FOCUS,-1,-1,0,-1
2021501052141,2021,501052141,1,9,0,17,19,8,4,0,0,0,0,0,1,10,1,1,5,6,1,32,6,2521,1,12,FORD FOCUS,5,E01018444,0,-1
2021461071157,2021,461071157,2,9,0,2,2,0,0,0,0,1,0,0,0,0,2,1,6,6,1,-1,-1,1997,2,5,FORD FOCUS,6,E01032824,0,-1
2021622100768,2021,622100768,1,9,0,18,19,3,7,0,0,0,0,10,7,11,1,1,6,6,1,23,5,999,1,2,FORD FOCUS,10,W01001843,0,-1
2021061100744,2021,061100744,1,9,0,7,7,2,8,0,0,8,0,0,0,0,1,1,6,6,3,30,6,1499,2,6,FORD FOCUS,-1,-1,0,-1
2021201141444,2021,201141444,1,9,0,9,9,-1,-1,0,0,8,0,0,0,0,1,1,6,6,1,26,6,1499,2,2,FORD FOCUS,-1,-1,0,-1
2021131131002,2021,131131002,1,9,0,18,19,6,6,0,0,3,0,0,0,0,4,1,5,6,2,37,7,999,1,3,FORD FOCUS,10,E01025761,0,-1
2021138461184,2021,138461184,2,9,0,18,19,1,5,0,0,2,0,0,0,0,1,1,6,6,2,49,8,999,1,5,FORD FOCUS,4,E01011757,0,-1
2021201040869,2021,201040869,1,9,0,18,19,3,7,0,0,8,0,0,0,0,1,1,6,6,1,30,6,999,1,4,FORD FOCUS,-1,-1,0,-1
202163C104921,2021,63C104921,3,9,0,10,10,2,8,0,0,8,0,0,0,0,2,1,6,6,1,29,6,1596,1,9,FORD FOCUS,3,E01015449,0,-1
2021061041377,2021,061041377,1,9,0,9,9,3,1,0,0,1,0,0,0,0,1,1,5,6,1,24,5,1596,1,16,FORD FOCUS,6,E01012475,0,-1
2021411130989,2021,411130989,1,9,0,5,5,8,4,0,0,3,0,0,0,0,4,1,5,6,1,26,6,1596,1,11,FORD FOCUS,2,E01023750,0,-1
202134NNC3421,2021,34NNC3421,2,9,0,18,19,1,5,0,0,0,0,0,0,0,2,1,6,6,1,29,6,1596,1,8,FORD FOCUS,3,E01026967,0,-1
2021010299194,2021,010299194,2,9,0,3,3,5,1,0,0,0,0,0,0,0,2,1,6,6,1,52,8,999,1,0,FORD FOCUS,9,E01021238,0,-1
2021131090275,2021,131090275,1,9,0,18,19,8,4,0,0,0,1,0,1,4,1,1,6,6,2,35,6,1596,1,16,FORD FOCUS,5,E01011124,0,-1
2021421106113,2021,421106113,1,9,0,13,13,1,1,0,0,0,0,0,0,0,1,1,2,2,1,21,5,1596,1,17,FORD FOCUS,7,E01021904,0,-1
2021041064759,2021,041064759,1,9,0,18,19,5,1,0,0,0,0,0,0,0,1,1,5,6,1,32,6,1596,1,11,FORD FOCUS,2,E01025244,0,-1
2021552101031,2021,552101031,2,9,0,18,19,7,3,0,0,8,0,0,0,0,3,1,6,6,2,28,6,1753,2,14,FORD FOCUS,4,E01020394,0,-1
2021371130311,2021,371130311,1,9,0,18,19,1,2,0,0,0,0,0,0,0,0,1,6,6,1,39,7,1753,2,16,FORD FOCUS,7,E01030049,0,-1
2021451059760,2021,451059760,2,9,0,18,19,5,1,0,0,0,1,0,0,0,4,1,5,6,1,56,9,1999,1,14,FORD FOCUS,9,E01023964,0,-1
2021010298707,2021,010298707,2,9,0,5,5,1,5,0,0,3,0,0,0,0,1,1,6,6,1,58,9,1499,2,5,FORD FOCUS,3,E01002251,0,-1
2021161081976,2021,161081976,1,9,0,18,19,7,3,0,0,0,0,0,0,0,1,1,5,6,1,41,7,1499,2,4,FORD FOCUS,9,E01013120,0,-1
2021010307137,2021,010307137,1,9,0,18,19,5,1,0,0,0,0,0,0,0,1,1,6,6,1,55,8,1753,2,13,FORD FOCUS,8,E01030860,0,-1
2021041016446,2021,041016446,1,9,0,18,19,7,3,0,0,0,1,0,0,0,1,1,2,2,2,20,4,998,1,8,FORD FOCUS,4,E01012713,0,-1
2021211086629,2021,211086629,2,9,0,4,4,7,1,0,0,7,0,0,0,0,2,1,5,6,1,25,5,999,1,0,FORD FOCUS,9,E01025778,0,-1
2021552100351,2021,552100351,3,9,0,4,4,2,6,0,0,0,0,0,0,0,2,1,6,6,2,46,8,999,1,2,FORD FOCUS,3,E01009584,0,-1
2021010300219,2021,010300219,1,9,0,13,13,1,5,0,0,1,1,0,7,0,1,1,6,6,1,23,5,1596,1,11,FORD FOCUS,9,E01000751,0,-1
2021361052216,2021,361052216,2,9,0,4,4,7,3,0,0,0,0,0,0,0,2,1,5,6,1,54,8,1596,1,9,FORD FOCUS,10,E01026915,0,-1
2021061062335,2021,061062335,2,9,0,18,19,2,6,0,0,0,0,0,0,0,1,1,6,6,2,30,6,1997,2,13,FORD FOCUS,1,E01005653,0,-1
2021401033125,2021,401033125,1,9,-1,-1,-1,-1,-1,-1,-1,1,-1,-1,-1,0,-1,1,6,6,1,59,9,1496,1,1,FORD FOCUS,9,E01033194,0,-1
2021549760021,2021,549760021,1,9,0,18,19,3,7,0,0,5,0,0,0,0,1,1,6,6,2,42,7,1596,1,12,FORD FOCUS,8,E01015498,0,-1
2021440007219,2021,440007219,1,9,0,18,19,5,1,0,0,0,0,0,1,0,1,1,6,6,2,51,8,1596,1,8,FORD FOCUS,7,E01023225,0,-1
2021546183721,2021,546183721,2,9,0,18,19,5,1,0,0,1,0,0,0,0,1,1,2,2,1,24,5,1596,1,11,FORD FOCUS,7,E01015574,0,-1
2021461059861,2021,461059861,1,9,0,5,5,3,7,0,0,6,0,0,0,0,1,1,5,6,1,80,11,1596,1,19,FORD FOCUS,4,E01016168,0,-1
2021552100367,2021,552100367,2,9,0,10,10,8,6,0,0,5,0,0,0,0,2,1,6,6,1,26,6,1596,1,14,FORD FOCUS,4,E01020483,0,-1
2021070322307,2021,070322307,2,9,0,2,2,0,0,0,0,0,0,0,0,0,1,1,6,6,1,-1,-1,1596,1,14,FORD FOCUS,5,E01018648,0,-1
2021461023265,2021,461023265,2,9,0,3,3,6,2,0,0,0,0,0,0,0,1,1,2,2,1,31,6,1596,1,12,FORD FOCUS,7,E01024689,0,-1
2021161034867,2021,161034867,1,9,0,18,19,1,5,0,0,0,0,0,7,0,1,1,6,6,3,-1,-1,1596,1,14,FORD FOCUS,-1,-1,0,-1
2021461100934,2021,461100934,1,9,0,4,4,3,7,0,0,0,0,0,0,0,1,1,6,6,1,25,5,998,1,7,FORD FOCUS,4,E01024647,0,-1
2021451096499,2021,451096499,1,9,0,5,5,1,5,0,0,1,0,0,0,0,1,1,2,2,2,31,6,1596,1,15,FORD FOCUS,8,E01030954,0,-1
2021061120738,2021,061120738,1,9,0,17,19,1,5,0,0,0,0,0,1,2,1,1,5,6,1,25,5,1999,1,7,FORD FOCUS,9,E01005713,0,-1
2021010305071,2021,010305071,3,9,0,2,2,0,0,9,9,1,0,0,0,0,3,1,6,6,3,-1,-1,1596,1,13,FORD FOCUS,-1,-1,0,-1
2021131104259,2021,131104259,2,9,0,18,19,2,4,0,0,1,0,0,0,0,1,1,5,6,1,23,5,999,1,4,FORD FOCUS,5,E01011178,0,-1
2021221080967,2021,221080967,3,9,0,3,3,7,3,0,0,0,0,0,0,0,2,1,5,6,1,29,6,1596,1,12,FORD FOCUS,7,E01013988,0,-1
2021991083866,2021,991083866,1,9,0,18,19,8,4,0,0,0,0,0,0,0,0,1,6,6,2,51,8,998,1,7,FORD FOCUS,5,E01024525,0,-1
2021010297757,2021,010297757,1,9,0,10,10,7,4,0,0,1,0,0,0,0,4,1,6,6,1,54,8,1596,1,19,FORD FOCUS,3,E01001752,0,-1
2021052100332,2021,052100332,2,9,0,4,4,5,1,0,0,0,0,0,0,0,2,1,2,2,1,47,8,1596,1,10,FORD FOCUS,1,E01007278,0,-1
2021302101132,2021,302101132,1,9,0,14,14,6,2,0,0,0,0,4,0,0,1,1,6,6,1,71,10,999,1,3,FORD FOCUS,10,E01029418,0,-1
2021461073526,2021,461073526,2,9,0,16,19,1,5,0,0,8,0,0,0,0,4,1,6,6,2,21,5,999,1,7,FORD FOCUS,4,E01016128,0,-1
2021451124917,2021,451124917,2,9,0,18,19,3,7,0,0,1,0,0,0,0,1,1,5,6,2,43,7,1596,1,15,FORD FOCUS,6,E01030548,0,-1
2021201137566,2021,201137566,2,9,0,18,19,6,2,0,0,8,1,10,7,2,3,1,2,2,1,45,7,1999,1,7,FORD FOCUS,7,E01009652,0,-1
2021201143712,2021,201143712,2,9,0,3,3,-1,-1,0,0,0,0,0,0,0,0,1,6,6,2,36,7,999,1,4,FORD FOCUS,4,E01009241,0,-1
2021010329790,2021,010329790,1,9,0,99,99,9,9,0,0,8,0,0,0,0,3,1,6,6,1,35,6,1560,2,12,FORD FOCUS,4,E01003907,0,-1
2021461047093,2021,461047093,2,9,0,18,19,3,6,0,0,0,0,0,0,0,4,1,6,6,1,42,7,1596,1,19,FORD FOCUS,5,E01024304,0,-1
2021010290880,2021,010290880,1,9,0,18,19,6,2,0,0,0,0,0,0,0,4,1,2,2,1,25,5,1596,1,15,FORD FOCUS,8,E01001106,0,-1
2021430421057,2021,430421057,4,9,0,18,19,2,6,0,0,8,0,0,0,0,1,1,6,6,1,50,8,998,1,8,FORD FOCUS,-1,-1,0,-1
2021010350580,2021,010350580,2,9,0,18,19,1,5,0,0,2,0,0,0,0,1,1,6,6,1,30,6,1596,1,16,FORD FOCUS,5,E01000583,0,-1
2021201143990,2021,201143990,2,9,0,18,19,3,6,0,0,1,0,0,0,0,1,1,1,1,2,38,7,1560,2,14,FORD FOCUS,1,E01009957,0,-1
2021101015482,2021,101015482,1,9,0,9,9,8,5,0,0,8,0,7,0,0,1,1,5,6,1,39,7,1997,2,11,FORD FOCUS,4,E01008451,0,-1
2021010345463,2021,010345463,1,9,0,18,19,3,7,0,0,0,0,0,0,0,4,1,1,1,1,42,7,1596,1,12,FORD FOCUS,6,E01000816,0,-1
2021221110651,2021,221110651,1,9,0,4,4,5,1,0,0,0,0,0,0,0,2,1,5,6,2,25,5,999,1,4,FORD FOCUS,6,E01032159,0,-1
2021131083031,2021,131083031,1,9,0,18,19,1,5,0,0,0,0,0,7,0,1,1,5,6,1,21,5,1560,2,10,FORD FOCUS,7,E01011775,0,-1
2021052101275,2021,052101275,2,8,0,18,19,8,4,0,0,1,0,0,0,0,1,1,1,1,1,62,9,1560,2,6,FORD FOCUS,2,E01006667,0,-1
2021010288690,2021,010288690,1,9,0,7,7,3,5,0,0,5,0,0,1,11,1,1,1,1,2,35,6,1499,2,3,FORD FOCUS,1,E01001786,0,-1
2021161092739,2021,161092739,1,8,0,18,19,1,5,0,0,1,0,0,0,0,3,1,1,1,1,48,8,1560,2,7,FORD FOCUS,1,E01012786,0,-1
2021440258272,2021,440258272,1,9,0,18,19,1,5,0,0,0,1,0,7,3,1,1,1,1,1,42,7,1560,2,9,FORD FOCUS,3,E01017267,0,-1
2021471041381,2021,471041381,2,9,0,9,9,3,1,0,0,8,1,0,0,0,4,1,5,6,1,22,5,1596,1,15,FORD FOCUS,3,E01016919,0,-1
2021401128967,2021,401128967,2,9,0,4,4,1,5,0,0,0,0,0,0,0,2,1,5,6,1,46,8,1999,1,8,FORD FOCUS,10,E01017534,0,-1
2021010329366,2021,010329366,2,9,0,13,13,7,3,0,0,0,0,0,0,0,1,1,6,6,1,25,5,1997,2,5,FORD FOCUS,4,E01004348,0,-1
2021111063652,2021,111063652,2,9,0,2,2,0,0,0,0,0,0,0,0,0,2,1,3,7,2,31,6,1596,1,12,FORD FOCUS,6,E01012323,0,-1
2021401108211,2021,401108211,1,9,-1,-1,-1,-1,-1,-1,-1,-1,-1,-1,-1,0,-1,1,6,6,1,22,5,1596,1,12,FORD FOCUS,9,E01015811,0,-1
2021101024722,2021,101024722,1,9,0,18,19,5,1,0,0,5,0,0,1,1,1,1,6,6,1,38,7,1596,1,12,FORD FOCUS,6,-1,0,-1
2021131086706,2021,131086706,2,9,0,-1,-1,-1,-1,-1,-1,0,-1,-1,-1,-1,-1,1,6,6,3,-1,-1,1596,1,12,FORD FOCUS,-1,-1,0,-1
2021010318909,2021,010318909,1,9,0,6,6,5,5,0,0,0,0,11,0,0,3,1,2,2,2,32,6,1596,1,9,FORD FOCUS,6,E01003153,0,-1
2021061035560,2021,061035560,1,9,0,18,19,6,2,0,0,1,0,0,3,0,1,1,6,6,1,28,6,1596,1,14,FORD FOCUS,1,E01005434,0,-1
2021520201408,2021,520201408,1,9,0,18,19,2,6,0,0,0,0,0,0,0,1,1,6,6,1,75,10,999,1,3,FORD FOCUS,8,E01029201,0,-1
2021201139616,2021,201139616,2,9,0,18,19,4,8,0,0,2,0,8,0,0,4,1,1,1,1,23,5,1560,2,11,FORD FOCUS,1,E01009182,0,-1
2021471106724,2021,471106724,1,9,0,18,19,5,1,0,0,0,0,0,0,0,1,1,6,6,1,40,7,1499,2,6,FORD FOCUS,9,E01031532,0,-1
2021010330295,2021,010330295,1,9,0,99,99,9,9,99,99,9,9,99,9,99,9,9,6,6,2,26,6,1596,1,19,FORD FOCUS,8,E01000654,0,-1
2021052100805,2021,052100805,2,9,0,9,9,1,5,0,0,5,0,0,0,0,2,1,6,6,2,29,6,1596,1,16,FORD FOCUS,1,E01006611,0,-1
2021421016266,2021,421016266,1,9,0,7,7,7,3,0,0,0,0,0,8,0,1,1,6,6,1,63,9,1796,1,17,FORD FOCUS,6,E01021263,0,-1
2021211063666,2021,211063666,1,9,0,13,13,5,8,0,0,0,0,0,0,0,3,1,1,1,2,51,8,1560,2,16,FORD FOCUS,2,E01029824,0,-1
2021461044508,2021,461044508,1,9,0,16,19,1,5,0,0,0,0,10,1,9,4,1,5,6,1,17,4,1560,2,16,FORD FOCUS,7,E01016167,0,-1
2021451032685,2021,451032685,2,9,0,5,5,2,8,0,0,8,0,0,0,0,3,1,5,6,1,36,7,999,1,4,FORD FOCUS,9,E01030715,0,-1
2021461038412,2021,461038412,1,9,0,5,5,3,7,0,0,0,0,0,0,0,1,1,6,6,3,-1,-1,1560,2,10,FORD FOCUS,-1,-1,0,-1
2021161055646,2021,161055646,2,9,0,18,19,6,2,0,0,0,0,0,0,0,1,1,6,6,1,61,9,1498,1,5,FORD FOCUS,6,E01027883,0,-1
2021201133300,2021,201133300,1,9,0,18,19,4,8,0,0,0,0,0,0,0,1,1,2,2,2,48,8,1596,1,10,FORD FOCUS,6,E01009452,0,-1
2021010289035,2021,010289035,2,9,0,99,99,9,9,99,99,9,0,0,0,0,9,9,6,6,3,-1,-1,1596,1,16,FORD FOCUS,-1,-1,0,-1
202163C028921,2021,63C028921,5,9,0,2,2,0,0,0,0,1,0,0,0,0,3,1,6,6,2,48,8,998,1,7,FORD FOCUS,1,W01000592,0,-1
2021010322561,2021,010322561,1,9,0,9,9,2,7,7,6,0,0,0,1,0,1,1,6,6,1,36,7,999,1,3,FORD FOCUS,4,E01033590,0,-1
2021501084229,2021,501084229,1,9,0,18,19,4,6,0,0,8,5,0,1,3,1,1,5,6,1,20,4,1753,2,13,FORD FOCUS,5,E01019021,0,-1
2021451046345,2021,451046345,1,9,0,18,19,5,4,0,0,0,0,7,0,0,1,1,6,6,1,21,5,1560,2,8,FORD FOCUS,10,E01017765,0,-1
2021461103222,2021,461103222,1,9,0,6,6,4,8,0,0,8,0,0,0,0,4,1,6,6,1,64,9,998,1,8,FORD FOCUS,4,E01001684,0,-1
2021211046600,2021,211046600,2,9,0,17,19,4,2,0,0,8,0,0,0,0,3,1,5,6,1,55,8,1560,2,9,FORD FOCUS,3,E01029787,0,-1
2021421027922,2021,421027922,1,9,0,18,19,5,1,0,0,3,0,0,0,0,1,1,6,6,2,35,6,1596,1,11,FORD FOCUS,4,E01015923,0,-1
2021421125900,2021,421125900,2,9,0,17,19,3,7,0,0,0,0,0,0,0,1,1,5,6,1,35,6,1596,1,10,FORD FOCUS,2,E01015934,0,-1
2021161115474,2021,161115474,1,9,0,18,19,2,6,0,0,0,2,0,7,0,1,1,6,6,1,37,7,1798,1,14,FORD FOCUS,-1,-1,0,-1
2021461089339,2021,461089339,2,9,0,7,7,4,6,0,0,4,0,0,0,0,3,1,6,6,2,24,5,1560,2,8,FORD FOCUS,3,E01024126,0,-1
2021401022626,2021,401022626,2,9,0,18,19,5,1,0,0,0,0,0,0,0,3,1,5,6,1,33,6,1560,2,11,FORD FOCUS,-1,-1,0,-1
2021231116113,2021,231116113,2,9,0,18,19,1,5,0,0,0,0,0,1,0,1,1,5,6,2,45,7,1596,1,10,FORD FOCUS,1,E01008923,0,-1