collision_index,collision_year,collision_ref_no,vehicle_reference,vehicle_type,towing_and_articulation,vehicle_manoeuvre_historic,vehicle_manoeuvre,vehicle_direction_from,vehicle_direction_to,vehicle_location_restricted_lane_historic,vehicle_location_restricted_lane,junction_location,skidding_and_overturning,hit_object_in_carriageway,vehicle_leaving_carriageway,hit_object_off_carriageway,first_point_of_impact,vehicle_left_hand_drive,journey_purpose_of_driver_historic,journey_purpose_of_driver,sex_of_driver,age_of_driver,age_band_of_driver,engine_capacity_cc,propulsion_code,age_of_vehicle,generic_make_model,driver_imd_decile,lsoa_of_driver,escooter_flag,driver_distance_banding
2021010313843,2021,010313843,1,9,0,18,19,6,2,0,0,2,0,0,3,0,1,1,6,6,2,40,7,1796,1,18,FORD FOCUS,4,E01003654,0,-1
2021010293288,2021,010293288,1,9,0,99,99,9,9,99,99,9,9,99,9,99,1,9,6,6,2,25,5,999,1,2,FORD FOCUS,3,E01001298,0,-1
2021201026878,2021,201026878,1,9,0,18,19,2,6,0,0,8,0,0,0,0,1,1,6,6,1,70,10,1596,1,13,FORD FOCUS,1,E01008976,0,-1
2021201098329,2021,201098329,1,9,0,9,9,6,4,0,0,5,0,0,0,0,1,1,6,6,1,50,8,1596,1,13,FORD FOCUS,2,E01033624,0,-1
2021421105784,2021,421105784,1,9,0,13,13,1,5,0,0,0,0,0,0,0,1,1,6,6,1,58,9,1560,2,8,FORD FOCUS,9,E01021471,0,-1
2021101028084,2021,101028084,1,9,0,18,19,7,3,0,0,1,2,0,0,0,4,1,5,6,1,18,4,998,1,7,FORD FOCUS,4,E01008732,0,-1
2021010343276,2021,010343276,2,9,0,7,7,7,1,0,0,1,0,0,0,0,4,1,6,6,1,57,9,1596,1,11,FORD FOCUS,4,E01004414,0,-1
2021471046246,2021,471046246,1,9,0,15,15,5,1,0,0,8,0,0,0,0,4,1,5,6,1,34,6,1753,2,13,FORD FOCUS,3,E01021048,0,-1
2021430423386,2021,430423386,1,9,0,1,1,3,7,0,0,1,0,0,0,0,1,1,6,6,1,61,9,1560,2,15,FORD FOCUS,-1,-1,0,-1
2021052100066,2021,052100066,3,9,0,2,2,0,0,0,0,1,0,0,0,0,4,1,6,6,3,-1,-1,1560,2,7,FORD FOCUS,-1,-1,0,-1
2021991110912,2021,991110912,1,9,0,7,7,3,6,0,0,6,0,0,2,0,1,1,6,6,2,69,10,1596,1,9,FORD FOCUS,3,-1,0,-1
2021430427579,2021,430427579,1,9,0,9,9,3,1,0,0,5,0,0,0,0,4,1,6,6,2,41,7,1596,1,9,FORD FOCUS,9,E01028688,0,-1
2021010313552,2021,010313552,1,9,0,99,99,9,9,0,0,1,0,0,0,0,3,9,2,2,2,33,6,1596,1,19,FORD FOCUS,3,E01003583,0,-1
2021041091979,2021,041091979,2,9,0,5,5,5,1,0,0,0,0,0,0,0,4,1,5,6,1,22,5,1560,2,7,FORD FOCUS,1,E01012684,0,-1
2021201068841,2021,201068841,1,9,0,1,1,1,6,9,9,6,0,0,0,0,2,1,6,6,1,82,11,1596,1,16,FORD FOCUS,7,E01032124,0,-1
2021430252933,2021,430252933,1,9,0,3,3,3,7,0,0,8,0,0,0,0,1,1,1,1,1,30,6,1999,1,4,FORD FOCUS,-1,-1,0,-1
20211383R0267,2021,1383R0267,1,9,0,18,19,6,2,0,0,0,0,0,0,0,1,1,6,6,1,48,8,2521,1,11,FORD FOCUS,9,E01011712,0,-1
2021991034821,2021,991034821,2,9,0,4,4,7,3,0,0,1,0,0,0,0,2,1,5,6,1,36,7,1499,2,2,FORD FOCUS,2,-1,0,-1
2021440091105,2021,440091105,1,8,0,3,3,6,2,0,0,1,0,0,0,0,2,1,6,6,1,42,7,1560,2,7,FORD FOCUS,4,E01022681,0,-1
202131C022121,2021,31C022121,1,9,0,14,14,5,1,0,0,1,0,0,0,0,4,1,6,6,1,78,11,1596,1,16,FORD FOCUS,4,E01013936,0,-1
2021320413203,2021,320413203,2,9,0,2,2,0,0,0,0,0,0,0,0,0,2,1,6,6,3,-1,-1,1596,1,20,FORD FOCUS,-1,-1,0,-1
2021010313661,2021,010313661,2,9,0,5,5,7,3,0,0,6,0,0,0,0,1,1,6,6,1,40,7,1596,1,16,FORD FOCUS,3,E01003562,0,-1
2021201111812,2021,201111812,2,9,0,18,19,2,6,0,0,8,0,0,0,0,4,1,6,6,2,27,6,1499,2,5,FORD FOCUS,3,E01010092,0,-1
2021041031165,2021,041031165,1,9,0,18,19,3,7,0,0,2,0,4,0,0,4,1,5,6,2,31,6,1596,1,13,FORD FOCUS,7,E01012727,0,-1
2021421082194,2021,421082194,1,9,0,18,19,2,5,0,0,1,1,0,0,0,1,1,5,6,1,32,6,1596,1,20,FORD FOCUS,1,E01015916,0,-1
2021302101806,2021,302101806,2,9,4,9,9,8,6,0,0,1,0,0,0,0,1,2,2,2,1,24,5,1596,1,10,FORD FOCUS,1,E01013533,0,-1
2021010338435,2021,010338435,2,9,0,9,9,5,3,0,0,1,0,0,0,0,1,1,1,1,1,32,6,999,1,1,FORD FOCUS,-1,-1,0,-1
2021471070309,2021,471070309,1,9,0,9,9,1,7,0,0,0,0,0,0,0,1,1,5,6,1,32,6,1596,1,14,FORD FOCUS,5,E01031524,0,-1
2021501127501,2021,501127501,2,9,0,2,2,0,0,0,0,0,0,0,0,0,4,1,5,6,3,-1,-1,1596,1,14,FORD FOCUS,-1,-1,0,-1
2021302101679,2021,302101679,1,9,0,7,7,2,4,0,0,4,0,0,0,0,2,1,2,2,1,50,8,998,1,9,FORD FOCUS,5,E01031016,0,-1
2021552100893,2021,552100893,2,9,0,4,4,6,2,0,0,0,0,0,0,0,2,1,6,6,2,22,5,1753,2,17,FORD FOCUS,3,E01020393,0,-1
2021371087358,2021,371087358,3,9,0,18,19,1,5,0,0,0,0,0,0,0,0,1,1,1,1,25,5,1560,2,6,FORD FOCUS,1,E01030247,0,-1
2021501137611,2021,501137611,2,9,0,8,8,6,3,0,0,5,0,0,0,0,2,1,1,1,1,49,8,1999,1,12,FORD FOCUS,3,E01019053,0,-1
2021131125533,2021,131125533,1,9,0,16,19,1,5,0,0,0,0,0,0,0,4,1,5,6,1,30,6,1798,1,13,FORD FOCUS,4,E01010741,0,-1
2021201130907,2021,201130907,1,9,0,18,19,8,4,0,0,1,5,10,8,2,1,1,6,6,3,-1,-1,1596,1,14,FORD FOCUS,-1,-1,0,-1
2021351027749,2021,351027749,2,9,0,1,1,-1,-1,0,0,0,0,0,0,0,2,1,6,6,2,30,6,1596,1,15,FORD FOCUS,6,E01015691,0,-1
2021351081568,2021,351081568,2,9,0,18,19,3,7,0,0,0,0,0,0,0,2,1,5,6,1,22,5,1560,2,7,FORD FOCUS,7,E01018058,0,-1
2021052101953,2021,052101953,1,9,0,18,19,5,1,0,0,1,0,0,1,0,1,1,6,6,3,-1,-1,1753,2,14,FORD FOCUS,-1,-1,0,-1
2021991070143,2021,991070143,1,9,0,1,1,1,5,0,0,1,0,0,0,0,2,1,5,6,1,41,7,1388,1,18,FORD FOCUS,5,-1,0,-1
2021501133798,2021,501133798,1,9,0,4,4,1,5,0,0,4,0,0,0,0,1,1,6,6,1,49,8,1596,1,14,FORD FOCUS,1,E01015255,0,-1
2021031093430,2021,031093430,1,9,0,6,6,3,7,0,0,0,0,0,7,0,3,1,6,6,1,70,10,1753,2,15,FORD FOCUS,-1,-1,0,-1
2021411133882,2021,411133882,1,9,0,7,7,5,7,0,0,0,0,0,0,0,3,1,5,6,1,43,7,999,1,1,FORD FOCUS,3,E01000089,0,-1
202131D183021,2021,31D183021,2,9,0,2,2,0,0,0,0,8,0,0,0,0,2,1,6,6,1,69,10,999,1,3,FORD FOCUS,10,E01028091,0,-1
202163C031021,2021,63C031021,2,9,0,13,13,6,2,0,0,0,0,0,0,0,4,1,6,6,2,37,7,1997,2,8,FORD FOCUS,5,W01000599,0,-1
2021440225637,2021,440225637,1,9,0,9,9,5,2,0,0,8,0,0,0,0,3,1,6,6,1,-1,-1,1560,2,13,FORD FOCUS,-1,-1,0,-1
2021440093679,2021,440093679,1,9,0,17,19,3,5,0,0,8,0,0,0,0,4,1,1,1,1,-1,-1,1496,1,2,FORD FOCUS,3,E01017051,0,-1
202134WNC6131,2021,34WNC6131,2,9,0,17,19,3,7,0,0,0,0,0,0,0,1,1,6,6,1,52,8,999,1,6,FORD FOCUS,9,E01027212,0,-1
2021122100679,2021,122100679,2,9,0,18,19,1,5,0,0,1,0,0,0,0,3,1,6,6,1,67,10,1596,1,13,FORD FOCUS,6,E01013412,0,-1
2021351131594,2021,351131594,1,9,0,16,19,2,5,0,0,0,0,0,0,0,1,1,6,6,2,51,8,1499,2,5,FORD FOCUS,5,E01026284,0,-1
2021211126752,2021,211126752,1,9,0,18,19,8,4,0,0,0,0,0,0,0,3,1,6,6,2,34,6,1560,2,9,FORD FOCUS,2,E01007294,0,-1
2021041047005,2021,041047005,1,9,0,18,19,5,1,0,0,6,0,0,0,0,4,1,6,6,1,74,10,1596,1,8,FORD FOCUS,8,E01025477,0,-1
2021461079878,2021,461079878,1,9,0,18,19,3,7,0,0,1,1,0,0,0,4,1,6,6,2,38,7,1596,1,16,FORD FOCUS,10,E01024854,0,-1
2021010308454,2021,010308454,1,9,0,5,5,5,1,0,0,0,0,0,0,0,1,1,2,2,1,41,7,1596,1,16,FORD FOCUS,5,E01001677,0,-1
2021401120454,2021,401120454,1,9,0,17,19,7,5,0,0,0,1,0,1,9,1,1,5,6,1,24,5,1560,2,9,FORD FOCUS,3,E01017580,0,-1
2021010305198,2021,010305198,2,9,0,4,4,5,1,0,0,5,0,0,0,0,3,1,6,6,2,63,9,1596,1,14,FORD FOCUS,7,E01000258,0,-1
2021170S21081,2021,170S21081,2,9,0,18,19,7,3,0,0,1,0,0,0,0,4,1,6,6,1,42,7,1499,2,4,FORD FOCUS,4,E01012277,0,-1
2021010295323,2021,010295323,1,9,0,18,19,5,1,0,0,6,0,0,0,0,1,1,6,6,1,40,7,998,1,7,FORD FOCUS,-1,-1,0,-1
2021122100336,2021,122100336,2,9,0,3,3,1,5,0,0,1,0,0,0,0,2,1,6,6,2,43,7,1596,1,16,FORD FOCUS,7,E01027739,0,-1
2021141065493,2021,141065493,2,9,0,7,7,5,6,0,0,1,0,0,0,0,3,1,2,2,1,47,8,1560,2,10,FORD FOCUS,1,E01007739,0,-1
2021231086959,2021,231086959,1,9,0,14,14,3,7,0,0,0,0,0,0,0,1,1,5,6,1,49,8,1997,2,6,FORD FOCUS,1,E01031090,0,-1
2021451079222,2021,451079222,2,9,0,9,9,4,5,0,0,8,0,0,0,0,4,1,6,6,1,70,10,998,1,7,FORD FOCUS,6,E01030759,0,-1
2021010294051,2021,010294051,1,9,0,18,19,7,3,0,0,1,0,0,0,0,1,1,6,6,1,25,5,1596,1,17,FORD FOCUS,2,E01001625,0,-1
2021421028691,2021,421028691,2,9,0,18,19,8,3,0,0,0,0,0,0,0,3,1,5,6,2,53,8,1499,2,6,FORD FOCUS,-1,-1,0,-1
202106X080064,2021,06X080064,6,9,0,18,19,8,4,0,0,0,0,0,0,0,1,1,6,6,1,42,7,1499,2,2,FORD FOCUS,6,E01004910,0,-1
2021471080816,2021,471080816,1,9,0,18,19,5,1,0,0,2,0,0,0,0,1,1,6,6,1,46,8,1499,2,0,FORD FOCUS,9,E01024823,0,-1
2021031055676,2021,031055676,1,9,0,7,7,3,1,0,0,6,0,0,0,0,1,1,6,6,1,71,10,1596,1,10,FORD FOCUS,5,E01019278,0,-1
2021031105506,2021,031105506,2,9,0,4,4,5,1,0,0,0,0,0,0,0,2,1,6,6,1,54,8,999,1,2,FORD FOCUS,5,E01006490,0,-1
2021430213588,2021,430213588,1,9,0,3,3,7,3,0,0,1,0,0,0,0,2,1,1,1,1,38,7,1499,2,1,FORD FOCUS,2,E01016458,0,-1
2021010296155,2021,010296155,3,9,0,4,4,1,5,6,6,0,0,0,0,0,4,1,6,6,2,40,7,1596,1,13,FORD FOCUS,3,E01000465,0,-1
2021070613512,2021,070613512,2,9,0,18,19,7,3,0,0,2,0,0,0,0,2,1,6,6,2,67,10,1596,1,8,FORD FOCUS,1,E01018351,0,-1
2021201064124,2021,201064124,1,9,0,18,19,7,3,0,0,0,0,0,0,0,1,1,6,6,1,-1,-1,1596,1,14,FORD FOCUS,-1,-1,0,-1
2021471050871,2021,471050871,1,9,0,18,19,2,6,0,0,0,0,0,0,0,1,1,6,6,1,-1,-1,1560,2,11,FORD FOCUS,5,E01031599,0,-1
2021201139399,2021,201139399,1,9,0,5,5,3,7,0,0,1,0,0,0,0,1,1,2,2,1,42,7,1596,1,16,FORD FOCUS,1,E01008996,0,-1
2021010297522,2021,010297522,1,9,0,9,9,7,5,0,0,8,0,0,0,0,1,1,6,6,3,-1,-1,999,1,4,FORD FOCUS,-1,-1,0,-1
2021501083505,2021,501083505,1,9,0,9,9,5,3,0,0,1,0,0,0,0,1,1,5,6,1,37,7,1596,1,7,FORD FOCUS,5,E01014671,0,-1
2021231016827,2021,231016827,1,9,0,13,13,4,8,0,0,0,0,0,0,0,1,1,2,2,1,23,5,1560,2,14,FORD FOCUS,7,E01031215,0,-1
2021061106678,2021,061106678,1,9,0,18,19,4,8,0,0,8,0,0,0,0,3,1,6,6,1,44,7,1753,2,12,FORD FOCUS,4,E01006047,0,-1
2021031112639,2021,031112639,1,9,0,18,19,5,1,0,0,0,0,0,0,0,1,1,5,6,1,84,11,1753,2,16,FORD FOCUS,9,E01019377,0,-1
202134NNC3291,2021,34NNC3291,1,9,0,18,19,5,1,0,0,1,0,0,0,0,1,1,6,6,1,19,4,1560,2,8,FORD FOCUS,4,E01027336,0,-1
2021201154080,2021,201154080,2,9,0,18,19,3,7,0,0,1,0,0,0,0,1,1,6,6,1,23,5,2261,1,5,FORD FOCUS,3,E01010496,0,-1
2021010331647,2021,010331647,2,9,0,2,2,0,0,0,0,2,0,0,0,0,3,1,6,6,3,-1,-1,999,1,3,FORD FOCUS,-1,-1,0,-1
2021010308813,2021,010308813,2,9,0,99,99,9,9,99,99,9,9,99,9,99,1,9,6,6,3,-1,-1,1596,1,12,FORD FOCUS,-1,-1,0,-1
2021421114010,2021,421114010,1,9,0,5,5,5,3,0,0,0,0,0,0,0,1,1,6,6,2,28,6,1596,1,12,FORD FOCUS,4,E01002346,0,-1
2021141110822,2021,141110822,2,9,0,2,2,0,0,0,0,0,0,4,0,0,1,1,6,6,3,-1,-1,1560,2,8,FORD FOCUS,-1,-1,0,-1
2021440513239,2021,440513239,1,9,0,18,19,6,2,0,0,6,0,0,0,0,1,1,6,6,1,44,7,1499,2,2,FORD FOCUS,5,E01022999,0,-1
2021041032137,2021,041032137,2,9,0,18,19,5,1,0,0,0,0,0,0,0,2,1,5,6,1,29,6,1560,2,16,FORD FOCUS,6,E01025338,0,-1
2021461097980,2021,461097980,1,9,0,18,19,3,7,0,0,1,0,0,0,0,4,1,6,6,2,57,9,1596,1,12,FORD FOCUS,10,E01024326,0,-1
202134NNC0531,2021,34NNC0531,1,9,0,13,13,2,6,0,0,8,0,0,0,0,1,1,6,6,1,54,8,1997,2,16,FORD FOCUS,3,E01027035,0,-1
2021201059138,2021,201059138,1,9,0,18,19,3,7,0,0,0,0,0,0,0,1,1,6,6,1,-1,-1,1997,2,15,FORD FOCUS,-1,-1,0,-1
2021471047903,2021,471047903,1,9,0,5,5,2,7,0,0,6,0,0,1,0,1,1,5,6,2,25,5,1596,1,11,FORD FOCUS,3,E01000062,0,-1
2021010319832,2021,010319832,1,9,0,99,99,9,9,99,99,9,9,99,9,99,2,9,6,6,1,44,7,1596,1,9,FORD FOCUS,7,E01000317,0,-1
2021010320465,2021,010320465,2,9,0,3,3,3,7,0,0,4,0,0,0,0,2,1,2,2,1,54,8,1596,1,9,FORD FOCUS,-1,-1,0,-1
2021991022520,2021,991022520,1,9,0,13,13,3,7,0,0,0,0,0,0,0,1,1,5,6,2,26,6,1753,2,14,FORD FOCUS,2,-1,0,-1
2021991125860,2021,991125860,1,9,0,18,19,7,3,0,0,0,0,0,0,0,3,1,5,6,1,65,9,1989,1,20,FORD FOCUS,4,-1,0,-1
2021010318738,2021,010318738,2,9,0,99,99,9,9,99,99,9,9,99,9,99,1,9,6,6,1,-1,-1,1596,1,16,FORD FOCUS,-1,-1,0,-1
2021461064419,2021,461064419,1,9,0,4,4,5,1,9,9,1,0,0,0,0,1,1,6,6,2,56,9,1596,1,20,FORD FOCUS,9,E01016086,0,-1
2021010341094,2021,010341094,1,9,0,99,99,9,9,99,99,9,9,99,9,99,9,9,6,6,2,46,8,1596,1,14,FORD FOCUS,1,E01004272,0,-1
2021111071218,2021,111071218,2,9,0,7,7,8,7,0,0,1,0,0,0,0,1,1,5,6,2,42,7,1560,2,13,FORD FOCUS,4,E01020801,0,-1
2021302101659,2021,302101659,1,9,0,18,19,2,6,0,0,2,0,0,0,0,4,1,6,6,1,72,10,999,1,6,FORD FOCUS,7,E01019422,0,-1
2021201029066,2021,201029066,1,9,0,18,19,2,6,0,0,1,0,0,0,0,1,1,6,6,1,-1,-1,1596,1,13,FORD FOCUS,-1,-1,0,-1
2021411114090,2021,411114090,1,9,0,3,3,5,1,0,0,0,0,1,0,0,1,1,2,2,1,29,6,1560,2,8,FORD FOCUS,7,E01009648,0,-1
2021361130300,2021,361130300,1,9,0,9,9,7,5,0,0,2,0,0,0,0,-1,1,6,6,1,24,5,1499,2,1,FORD FOCUS,3,E01026685,0,-1
2021552100429,2021,552100429,1,9,0,17,19,1,5,0,0,0,5,0,2,3,1,1,6,6,1,19,4,1560,2,11,FORD FOCUS,5,E01032013,0,-1
2021201095018,2021,201095018,1,9,0,18,19,6,2,0,0,1,0,10,0,0,1,1,6,6,1,78,11,1596,1,18,FORD FOCUS,5,E01010418,0,-1
2021501037405,2021,501037405,1,9,0,9,9,2,7,0,0,2,0,0,0,0,1,1,6,6,1,26,6,2521,1,12,FORD FOCUS,2,E01015262,0,-1
2021201093740,2021,201093740,1,9,0,4,4,4,8,0,0,1,0,0,0,0,1,1,6,6,1,39,7,1596,1,10,FORD FOCUS,6,E01019669,0,-1
2021010313903,2021,010313903,3,9,0,18,19,3,7,0,0,0,0,0,0,0,1,1,6,6,3,-1,-1,1596,1,13,FORD FOCUS,-1,-1,0,-1
2021061079303,2021,061079303,2,9,0,18,19,7,3,0,0,8,0,0,0,0,4,1,6,6,2,40,7,1560,2,8,FORD FOCUS,1,E01006052,0,-1
2021461066396,2021,461066396,1,9,0,18,19,4,8,0,0,0,0,0,0,0,1,1,6,6,2,-1,-1,1997,2,15,FORD FOCUS,2,E01024214,0,-1
2021010320380,2021,010320380,1,9,0,18,19,1,5,0,0,1,0,0,7,11,1,1,6,6,2,50,8,1796,1,20,FORD FOCUS,-1,-1,0,-1
2021010322541,2021,010322541,2,9,0,2,2,0,0,0,0,2,0,0,0,0,2,1,6,6,3,-1,-1,1596,1,12,FORD FOCUS,-1,-1,0,-1
2021061130013,2021,061130013,2,9,0,18,19,7,3,0,0,0,0,11,0,0,1,1,6,6,1,29,6,1596,1,16,FORD FOCUS,4,E01006049,0,-1
2021041029697,2021,041029697,3,9,0,18,19,5,1,0,0,1,0,0,0,0,0,1,6,6,2,43,7,1560,2,8,FORD FOCUS,2,E01012688,0,-1
2021201078082,2021,201078082,1,9,0,9,9,2,8,0,0,5,0,0,0,0,3,1,6,6,2,63,9,998,1,9,FORD FOCUS,3,E01010290,0,-1
2021101199067,2021,101199067,1,9,0,18,19,8,4,0,0,0,0,0,0,0,1,1,5,6,2,39,7,1753,2,14,FORD FOCUS,2,E01008481,0,-1
2021070157933,2021,070157933,1,9,0,4,4,3,7,0,0,1,0,0,0,0,1,1,2,2,2,44,7,1596,1,11,FORD FOCUS,5,E01018622,0,-1
2021201079174,2021,201079174,1,9,0,18,19,2,6,0,0,4,0,0,0,0,1,1,6,6,1,25,5,1596,1,10,FORD FOCUS,5,E01009267,0,-1
2021501130066,2021,501130066,2,9,0,7,7,1,5,0,0,6,1,0,0,0,1,1,5,6,2,30,6,1596,1,14,FORD FOCUS,8,E01019889,0,-1
202131C140621,2021,31C140621,1,9,0,18,19,8,4,0,0,8,0,0,0,0,3,1,6,6,2,25,5,1596,1,15,FORD FOCUS,5,E01017856,0,-1
2021471087584,2021,471087584,2,9,0,5,5,1,6,0,0,0,0,0,0,0,1,1,5,6,2,43,7,1560,2,7,FORD FOCUS,5,E01031378,0,-1
2021221105378,2021,221105378,2,9,0,4,4,8,4,0,0,0,0,0,0,0,1,1,5,6,1,72,10,1596,1,13,FORD FOCUS,4,E01009167,0,-1
2021471092686,2021,471092686,2,9,0,7,7,2,6,0,0,8,0,0,0,0,3,1,6,6,2,49,8,1596,1,14,FORD FOCUS,3,E01020930,0,-1
2021061034893,2021,061034893,1,9,0,5,5,5,1,0,0,8,0,7,0,0,1,1,2,2,1,34,6,1388,1,18,FORD FOCUS,4,E01005284,0,-1
2021461117971,2021,461117971,2,9,0,3,3,5,1,0,0,0,0,0,0,0,3,1,6,6,1,31,6,1999,1,4,FORD FOCUS,5,E01032654,0,-1
2021991070808,2021,991070808,2,9,0,18,19,3,7,0,0,0,1,0,1,0,1,1,5,6,1,57,9,1596,1,10,FORD FOCUS,4,-1,0,-1
2021451030769,2021,451030769,3,9,0,18,19,1,5,0,0,0,1,0,0,0,4,1,5,6,1,33,6,1596,1,12,FORD FOCUS,8,E01016334,0,-1
2021522101443,2021,522101443,1,9,0,3,3,1,5,0,0,1,0,0,0,0,2,1,6,6,1,41,7,1560,2,9,FORD FOCUS,3,E01032517,0,-1
2021371108280,2021,371108280,2,9,0,4,4,8,4,0,0,0,0,0,0,0,2,1,5,6,1,31,6,1753,2,15,FORD FOCUS,3,E01030017,0,-1
2021461070901,2021,461070901,1,9,0,18,19,1,5,0,0,0,0,0,0,0,1,1,6,6,1,27,6,1596,1,13,FORD FOCUS,8,E01024403,0,-1
2021070595956,2021,070595956,1,9,0,18,19,7,3,0,0,0,0,0,0,0,3,1,6,6,2,77,11,999,1,5,FORD FOCUS,8,E01018670,0,-1
2021122101284,2021,122101284,1,9,0,13,13,7,3,0,0,1,0,0,0,0,2,1,2,2,1,58,9,999,1,4,FORD FOCUS,9,E01027618,0,-1
2021231074969,2021,231074969,2,9,0,9,9,5,3,0,0,6,0,0,0,0,1,1,5,6,1,18,4,1499,2,0,FORD FOCUS,3,E01031053,0,-1
2021371107096,2021,371107096,2,9,0,18,19,8,1,0,0,1,0,0,0,0,1,1,5,6,2,66,10,1596,1,12,FORD FOCUS,4,E01009218,0,-1
2021061100342,2021,061100342,1,9,0,9,9,8,6,0,0,1,1,0,0,0,2,1,5,6,1,39,7,1596,1,8,FORD FOCUS,9,E01006075,0,-1
2021991054203,2021,991054203,1,9,0,16,19,6,8,0,0,0,1,0,7,0,1,1,6,6,2,38,7,998,1,8,FORD FOCUS,4,-1,0,-1
2021440161974,2021,440161974,2,9,0,18,19,0,0,0,0,0,0,0,0,0,2,1,6,6,1,73,10,1596,1,10,FORD FOCUS,4,E01017306,0,-1
2021010288834,2021,010288834,4,9,0,2,2,0,0,0,0,0,0,4,0,0,1,1,6,6,3,-1,-1,2261,1,4,FORD FOCUS,-1,-1,0,-1
2021131091635,2021,131091635,2,9,0,18,19,2,6,0,0,0,0,0,0,0,1,1,5,6,1,34,6,1499,2,3,FORD FOCUS,3,E01010630,0,-1
2021061084703,2021,061084703,1,9,0,18,19,5,1,0,0,6,0,7,0,0,4,1,6,6,3,30,6,1596,1,10,FORD FOCUS,-1,-1,0,-1
2021461102914,2021,461102914,1,9,0,18,19,5,1,0,0,0,0,0,0,0,1,1,6,6,1,29,6,1560,2,9,FORD FOCUS,4,E01016055,0,-1
2021010313275,2021,010313275,1,9,0,9,9,1,7,0,0,8,0,11,0,0,1,1,6,6,1,32,6,1798,1,14,FORD FOCUS,3,E01003094,0,-1
2021112101398,2021,112101398,1,9,0,13,13,7,3,0,0,0,0,0,1,10,1,1,2,2,1,28,6,1560,2,8,FORD FOCUS,3,-1,0,-1
2021461032830,2021,461032830,1,9,0,13,13,5,1,0,0,0,2,10,7,0,3,1,6,6,2,63,9,1997,2,15,FORD FOCUS,6,E01024230,0,-1
2021421027347,2021,421027347,2,9,0,18,19,1,5,9,9,8,0,0,0,0,4,1,5,6,1,48,8,1596,1,10,FORD FOCUS,6,E01021525,0,-1
2021010337647,2021,010337647,3,9,0,2,2,0,0,0,0,2,0,0,0,0,1,1,6,6,3,-1,-1,1596,1,6,FORD FOCUS,-1,-1,0,-1
2021131098643,2021,131098643,2,9,0,2,2,0,0,6,6,8,0,0,0,0,3,1,6,6,3,-1,-1,1997,2,8,FORD FOCUS,-1,-1,0,-1
2021031015602,2021,031015602,2,9,0,18,19,7,3,0,0,8,0,0,0,0,3,1,6,6,2,44,7,1596,1,13,FORD FOCUS,1,E01019193,0,-1
2021440060960,2021,440060960,1,9,0,18,19,5,1,0,0,1,2,10,1,4,1,1,1,1,1,48,8,1560,2,9,FORD FOCUS,2,E01017115,0,-1
2021610061521,2021,610061521,1,9,0,9,9,6,4,0,0,6,1,0,0,0,4,1,6,6,1,62,9,1560,2,11,FORD FOCUS,10,W01001604,0,-1
2021010344018,2021,010344018,2,9,0,4,4,1,5,0,0,1,0,0,1,0,2,1,6,6,2,73,10,1596,1,18,FORD FOCUS,-1,-1,0,-1
2021421055080,2021,421055080,2,9,0,18,19,1,5,0,0,0,0,0,0,0,0,1,1,1,2,30,6,1499,2,6,FORD FOCUS,7,E01021887,0,-1
2021061074881,2021,061074881,1,9,0,9,9,7,5,0,0,1,0,0,0,0,4,1,6,6,1,37,7,999,1,2,FORD FOCUS,1,E01005722,0,-1
2021041024460,2021,041024460,1,9,0,18,19,1,5,0,0,2,0,0,0,0,1,1,6,6,2,31,6,1753,2,12,FORD FOCUS,2,E01025124,0,-1
2021201136142,2021,201136142,2,9,0,4,4,1,5,0,0,1,0,0,0,0,2,1,6,6,2,38,7,999,1,3,FORD FOCUS,1,E01009270,0,-1
2021010335516,2021,010335516,2,9,0,99,99,9,9,99,99,1,9,99,9,99,1,9,6,6,3,-1,-1,1596,1,9,FORD FOCUS,-1,-1,0,-1
2021302100851,2021,302100851,1,9,0,4,4,2,4,0,0,4,0,0,0,0,2,1,6,6,1,39,7,1499,2,5,FORD FOCUS,6,E01007974,0,-1
2021161092899,2021,161092899,1,9,0,18,19,3,7,0,0,0,2,0,0,0,1,1,1,1,1,55,8,1560,2,10,FORD FOCUS,3,E01007504,0,-1
2021221058021,2021,221058021,1,9,0,18,19,2,6,0,0,1,0,0,0,0,1,1,6,6,1,76,11,999,1,5,FORD FOCUS,5,E01032133,0,-1
2021421116349,2021,421116349,1,9,0,18,19,7,3,0,0,0,5,4,0,0,1,1,5,6,2,21,5,1999,1,14,FORD FOCUS,1,E01022001,0,-1
2021131107381,2021,131107381,3,9,0,18,19,5,1,0,0,0,1,10,1,0,1,1,5,6,2,33,6,998,1,8,FORD FOCUS,6,E01010991,0,-1
2021991065449,2021,991065449,1,9,0,18,19,3,7,0,0,0,0,0,0,0,1,1,5,6,2,20,4,1596,1,19,FORD FOCUS,2,-1,0,-1
2021010341332,2021,010341332,1,9,0,99,99,9,9,99,99,0,9,99,9,99,9,9,2,2,2,30,6,1596,1,21,FORD FOCUS,4,E01000978,0,-1
2021430348660,2021,430348660,1,9,0,13,13,6,2,0,0,0,0,0,0,0,1,1,6,6,1,26,6,1999,1,6,FORD FOCUS,5,E01027215,0,-1
2021201066738,2021,201066738,1,9,0,18,19,4,8,0,0,2,0,0,0,0,2,1,6,6,1,44,7,1596,1,11,FORD FOCUS,1,E01033632,0,-1
2021061070469,2021,061070469,1,9,0,18,19,7,3,0,0,8,0,0,0,0,3,1,6,6,1,21,5,1596,1,15,FORD FOCUS,3,E01005297,0,-1