collision_index,collision_year,collision_ref_no,vehicle_reference,vehicle_type,towing_and_articulation,vehicle_manoeuvre_historic,vehicle_manoeuvre,vehicle_direction_from,vehicle_direction_to,vehicle_location_restricted_lane_historic,vehicle_location_restricted_lane,junction_location,skidding_and_overturning,hit_object_in_carriageway,vehicle_leaving_carriageway,hit_object_off_carriageway,first_point_of_impact,vehicle_left_hand_drive,journey_purpose_of_driver_historic,journey_purpose_of_driver,sex_of_driver,age_of_driver,age_band_of_driver,engine_capacity_cc,propulsion_code,age_of_vehicle,generic_make_model,driver_imd_decile,lsoa_of_driver,escooter_flag,driver_distance_banding
2021471041803,2021,471041803,1,9,0,4,4,8,4,0,0,1,0,0,0,0,1,1,2,2,1,50,8,1560,2,13,FORD FOCUS,4,E01020965,0,-1
2021471099397,2021,471099397,1,9,0,18,19,1,5,0,0,0,0,0,1,2,1,1,2,2,1,25,5,1596,1,18,FORD FOCUS,6,E01021021,0,-1
2021501073593,2021,501073593,1,9,0,18,19,8,4,0,0,8,0,0,0,0,1,1,5,6,1,23,5,1997,2,6,FORD FOCUS,5,E01028092,0,-1
202131C004321,2021,31C004321,1,9,0,9,9,1,7,0,0,5,1,7,0,0,1,1,6,6,1,22,5,1596,1,11,FORD FOCUS,2,E01013945,0,-1
2021440146862,2021,440146862,1,9,0,5,5,3,7,0,0,0,0,0,0,0,1,1,6,6,1,40,7,1596,1,14,FORD FOCUS,3,E01032745,0,-1
2021451112890,2021,451112890,2,9,0,5,5,1,5,0,0,0,0,0,0,0,4,1,6,6,2,30,6,1596,1,10,FORD FOCUS,6,E01030311,0,-1
2021461041994,2021,461041994,1,9,0,18,19,5,1,0,0,1,0,4,0,0,1,1,5,6,1,84,11,1596,1,15,FORD FOCUS,5,E01024673,0,-1
2021430183999,2021,430183999,3,9,0,2,2,0,0,9,9,0,0,0,0,0,4,1,6,6,1,25,5,999,1,1,FORD FOCUS,10,E01028613,0,-1
202131D011121,2021,31D011121,1,9,0,1,1,4,8,0,0,2,0,0,0,0,2,1,6,6,2,23,5,1499,2,0,FORD FOCUS,8,E01019659,0,-1
2021131117873,2021,131117873,1,9,0,17,19,6,2,0,0,8,0,0,0,0,1,1,5,6,1,66,10,1999,1,13,FORD FOCUS,4,E01011585,0,-1
2021010304017,2021,010304017,1,9,0,9,9,5,3,0,0,5,0,0,0,0,3,1,2,2,1,68,10,1498,1,5,FORD FOCUS,6,E01015945,0,-1
2021052101589,2021,052101589,3,9,0,10,10,3,7,0,0,1,0,0,0,0,1,1,6,6,1,48,8,998,1,7,FORD FOCUS,3,E01006780,0,-1
2021451047768,2021,451047768,1,9,0,18,19,6,2,0,0,0,0,0,0,0,1,1,5,6,2,52,8,1560,2,9,FORD FOCUS,3,E01030385,0,-1
2021010333005,2021,010333005,2,9,0,2,2,0,0,0,0,0,0,10,0,0,2,2,6,6,3,-1,-1,1596,1,13,FORD FOCUS,-1,-1,0,-1
2021401076548,2021,401076548,1,9,0,9,9,3,1,0,0,5,0,0,0,0,1,1,6,6,1,67,10,1798,1,12,FORD FOCUS,6,E01017508,0,-1
2021010332451,2021,010332451,2,9,0,6,6,3,3,0,0,8,0,0,0,0,3,1,2,2,1,40,7,1596,1,19,FORD FOCUS,5,E01003713,0,-1
2021010341332,2021,010341332,2,9,0,99,99,9,9,99,99,0,9,99,9,99,0,9,6,6,3,-1,-1,1596,1,14,FORD FOCUS,6,E01030399,0,-1
2021991100033,2021,991100033,2,9,0,4,4,1,6,0,0,0,0,0,0,0,2,1,1,1,1,29,6,999,1,0,FORD FOCUS,8,-1,0,-1
2021371050769,2021,371050769,2,9,0,2,2,0,0,0,0,1,0,0,0,0,3,1,6,6,3,-1,-1,1596,1,15,FORD FOCUS,-1,-1,0,-1
2021141070251,2021,141070251,1,9,0,18,19,7,3,0,0,1,0,0,0,0,1,1,6,6,3,-1,-1,1753,2,16,FORD FOCUS,-1,-1,0,-1
2021461185818,2021,461185818,2,9,0,15,15,4,8,0,0,1,0,0,0,0,3,1,6,6,2,49,8,1995,2,3,FORD FOCUS,1,E01024613,0,-1
2021421043584,2021,421043584,3,9,0,3,3,5,1,0,0,1,0,0,0,0,0,1,1,1,1,40,7,1499,2,6,FORD FOCUS,1,E01015895,0,-1
2021440086580,2021,440086580,1,9,0,4,4,8,4,0,0,0,0,0,0,0,2,1,2,2,2,38,7,1499,2,6,FORD FOCUS,7,E01022963,0,-1
2021320432160,2021,320432160,2,9,0,2,2,0,0,0,0,0,0,0,0,0,2,1,6,6,1,22,5,1596,1,11,FORD FOCUS,9,E01026304,0,-1
2021451104329,2021,451104329,3,9,0,18,19,7,3,0,0,0,0,0,0,0,2,1,5,6,1,39,7,1596,1,9,FORD FOCUS,7,E01030700,0,-1
2021421095671,2021,421095671,1,9,0,18,19,3,7,0,0,1,0,0,0,0,4,1,5,6,2,53,8,1596,1,8,FORD FOCUS,6,E01021502,0,-1
2021010349962,2021,010349962,2,9,0,99,99,9,9,99,99,9,9,99,9,99,9,9,6,6,3,30,6,1560,2,7,FORD FOCUS,-1,-1,0,-1
2021041126802,2021,041126802,1,9,0,17,19,7,3,0,0,0,2,0,0,0,4,1,5,6,1,39,7,1560,2,9,FORD FOCUS,6,E01025562,0,-1
2021522101435,2021,522101435,1,9,0,2,2,0,0,0,0,0,0,0,0,0,2,1,6,6,2,28,6,1560,2,16,FORD FOCUS,1,E01014585,0,-1
2021461066374,2021,461066374,2,9,0,18,19,5,1,0,0,1,0,0,0,0,1,1,6,6,1,81,11,1596,1,17,FORD FOCUS,6,E01023986,0,-1
2021010292221,2021,010292221,1,9,9,2,2,0,0,99,99,9,9,99,9,99,9,9,6,6,3,-1,-1,999,1,4,FORD FOCUS,-1,-1,0,-1
2021010302916,2021,010302916,2,9,0,10,10,3,1,0,0,1,0,0,0,0,4,1,6,6,2,35,6,999,1,4,FORD FOCUS,-1,-1,0,-1
2021461038140,2021,461038140,1,9,0,4,4,3,7,0,0,1,0,0,0,0,1,1,5,6,1,39,7,1596,1,13,FORD FOCUS,4,E01016120,0,-1
2021052102316,2021,052102316,2,9,0,9,9,3,1,0,0,8,1,0,1,7,4,1,6,6,2,33,6,1596,1,14,FORD FOCUS,1,E01006432,0,-1
2021070571290,2021,070571290,1,9,0,18,19,7,3,0,0,0,0,0,0,0,4,1,6,6,1,56,9,1499,2,4,FORD FOCUS,9,E01012516,0,-1
2021371090079,2021,371090079,3,9,0,2,2,0,0,0,0,2,0,0,0,0,2,1,6,6,3,-1,-1,1596,1,14,FORD FOCUS,-1,-1,0,-1
2021361066392,2021,361066392,2,9,0,-1,-1,-1,-1,-1,-1,0,-1,-1,-1,0,-1,1,6,6,3,-1,-1,1596,1,20,FORD FOCUS,-1,-1,0,-1
2021371024693,2021,371024693,1,9,0,18,19,5,1,0,0,0,0,0,0,0,1,1,5,6,1,57,9,1560,2,14,FORD FOCUS,4,E01030123,0,-1
2021430574556,2021,430574556,1,9,0,4,4,2,1,0,0,1,1,0,0,0,1,1,6,6,2,37,7,1596,1,14,FORD FOCUS,10,E01028694,0,-1
202131A074221,2021,31A074221,2,9,0,17,19,3,1,0,0,8,0,0,0,0,4,1,6,6,1,27,6,1499,2,6,FORD FOCUS,3,E01028338,0,-1
2021421117018,2021,421117018,2,9,0,18,19,8,4,0,0,8,0,0,0,0,4,1,6,6,1,31,6,1596,1,6,FORD FOCUS,4,E01015923,0,-1
2021522104763,2021,522104763,2,9,0,11,11,7,2,0,0,3,0,0,0,0,1,1,6,6,2,50,8,1560,2,11,FORD FOCUS,-1,-1,0,-1
2021501085613,2021,501085613,1,9,0,13,13,7,3,0,0,0,0,7,0,0,4,1,6,6,1,66,10,1560,2,13,FORD FOCUS,7,E01020064,0,-1
2021141098111,2021,141098111,2,9,0,-1,-1,-1,-1,-1,-1,0,-1,-1,-1,0,-1,1,6,6,3,-1,-1,1596,1,17,FORD FOCUS,-1,-1,0,-1
2021201028520,2021,201028520,1,9,0,13,13,3,7,0,0,0,0,10,1,11,4,1,6,6,1,-1,-1,1997,2,16,FORD FOCUS,-1,-1,0,-1
2021461094421,2021,461094421,1,9,0,18,19,5,1,0,0,0,0,0,1,0,1,1,6,6,2,36,7,1560,2,9,FORD FOCUS,7,E01024203,0,-1
2021010294119,2021,010294119,1,9,0,3,3,7,3,0,0,0,0,0,0,0,2,1,2,2,1,28,6,1596,1,15,FORD FOCUS,4,E01002486,0,-1
2021221066579,2021,221066579,3,9,0,18,19,2,6,0,0,0,0,0,0,0,1,1,2,2,1,28,6,1999,1,4,FORD FOCUS,5,E01014049,0,-1
2021131045593,2021,131045593,2,9,0,2,2,0,0,0,0,0,0,0,0,0,3,1,6,6,3,-1,-1,1499,2,1,FORD FOCUS,-1,-1,0,-1
2021010319223,2021,010319223,3,9,0,99,99,9,9,99,99,9,9,99,9,99,2,9,6,6,3,24,5,999,1,6,FORD FOCUS,2,E01004327,0,-1
2021131048545,2021,131048545,1,9,0,18,19,6,2,0,0,1,0,0,0,0,3,1,5,6,1,74,10,1596,1,8,FORD FOCUS,10,E01023313,0,-1
2021991118705,2021,991118705,3,9,0,18,19,6,2,0,0,0,0,0,0,0,1,1,1,1,1,36,7,1499,2,6,FORD FOCUS,5,-1,0,-1
2021451036670,2021,451036670,1,5,0,18,19,7,3,0,0,0,5,0,0,0,4,1,5,6,1,33,6,599,1,12,-1,2,E01000386,0,-1
20211383D1428,2021,1383D1428,2,5,0,18,19,7,3,0,0,0,0,0,0,0,1,1,6,6,1,29,6,599,1,18,-1,2,E01010958,0,-1
2021131044133,2021,131044133,1,5,0,17,19,8,4,0,0,8,1,0,0,0,0,1,6,6,1,35,6,599,1,19,-1,5,E01011147,0,-1
2021131073294,2021,131073294,2,5,0,18,19,1,5,0,0,8,0,0,0,0,1,1,5,6,1,16,4,749,1,37,-1,1,E01010614,0,-1
2021991054054,2021,991054054,1,3,0,16,19,5,1,0,0,2,5,0,7,9,1,1,5,6,1,23,5,124,1,18,-1,1,-1,0,-1
2021061092982,2021,061092982,1,2,0,18,19,1,1,0,0,1,2,0,0,0,3,1,6,6,1,20,4,124,1,20,-1,3,E01006177,0,-1
2021041197419,2021,041197419,1,97,0,18,19,3,7,0,0,4,0,0,0,0,1,1,5,6,1,20,4,124,1,20,-1,3,E01006177,0,-1
2021010342591,2021,010342591,1,3,0,18,19,6,2,0,0,0,0,0,0,0,3,1,6,6,1,25,5,125,1,14,HONDA SH125,5,E01003951,0,-1
2021010334401,2021,010334401,2,3,0,99,99,9,9,99,99,9,9,99,9,99,9,1,6,6,1,43,7,125,1,12,HONDA SH125,5,E01003233,0,-1
2021070751518,2021,070751518,1,3,0,18,19,5,1,0,0,0,1,0,0,0,0,1,1,1,2,33,6,125,1,15,HONDA SH125,4,E01018452,0,-1
2021010291347,2021,010291347,1,3,0,99,99,9,9,99,99,9,9,99,9,99,9,1,6,6,1,20,4,125,1,13,HONDA SH125,3,E01001669,0,-1
2021010324363,2021,010324363,1,3,0,99,99,9,9,99,99,9,9,99,9,99,2,1,6,6,1,36,7,125,1,13,HONDA SH125,3,E01003549,0,-1
2021010318020,2021,010318020,1,3,0,99,99,9,9,99,99,9,9,99,9,99,9,1,6,6,1,28,6,125,1,7,HONDA SH125,5,E01000583,0,-1
2021010331826,2021,010331826,1,3,0,18,19,5,1,0,0,0,0,0,0,0,1,1,6,6,1,20,4,125,1,14,HONDA SH125,4,E01002696,0,-1
2021010321178,2021,010321178,2,3,5,18,19,1,5,0,0,8,0,0,0,0,1,1,2,2,1,23,5,125,1,4,HONDA SH125,5,E01003340,0,-1
2021451119207,2021,451119207,1,3,0,18,19,7,3,0,0,0,0,11,0,0,4,1,1,1,1,33,6,125,1,7,HONDA SH125,8,E01030591,0,-1
2021451082977,2021,451082977,3,3,0,18,19,5,1,4,4,1,0,8,0,0,1,1,1,1,1,51,8,125,1,9,HONDA SH125,2,E01002530,0,-1
2021421116145,2021,421116145,2,3,0,18,19,6,2,0,0,1,0,0,0,0,1,1,6,6,1,18,4,125,1,13,HONDA SH125,7,E01021470,0,-1
2021010337710,2021,010337710,1,3,0,18,19,5,1,0,0,1,5,0,0,0,1,1,6,6,1,33,6,125,1,14,HONDA SH125,2,E01001775,0,-1
2021010339127,2021,010339127,1,3,0,99,99,9,9,99,99,9,9,99,9,99,9,1,1,1,1,31,6,125,1,8,HONDA SH125,3,E01000245,0,-1
2021010290857,2021,010290857,1,3,0,9,9,1,8,0,0,8,0,0,0,0,1,1,6,6,1,48,8,125,1,14,HONDA SH125,4,E01004172,0,-1
2021010287327,2021,010287327,1,2,0,18,19,1,5,0,0,1,0,0,1,0,1,1,1,1,1,27,6,125,1,13,HONDA SH125,-1,-1,0,-1
2021010289361,2021,010289361,2,3,0,18,19,1,5,0,0,1,1,0,0,0,1,1,2,2,1,22,5,125,1,16,HONDA SH125,1,E01033455,0,-1
2021010289722,2021,010289722,1,2,0,18,19,7,3,0,0,5,0,0,0,0,1,1,6,6,1,30,6,125,1,12,HONDA SH125,5,E01000620,0,-1
2021451093974,2021,451093974,1,3,0,18,19,5,1,0,0,1,1,0,0,0,1,1,5,6,1,23,5,125,1,8,HONDA SH125,5,E01030980,0,-1
2021010305808,2021,010305808,1,3,0,99,99,9,9,99,99,9,9,99,9,99,1,1,6,6,1,35,6,125,1,13,HONDA SH125,1,E01002099,0,-1
2021131055172,2021,131055172,1,3,0,13,13,1,3,0,0,1,0,0,0,0,3,1,5,6,1,35,6,125,1,15,HONDA SH125,1,E01011368,0,-1
2021010341807,2021,010341807,2,3,0,13,13,3,7,0,0,1,5,0,0,0,1,1,1,1,1,32,6,125,1,13,HONDA SH125,5,E01004549,0,-1
2021440431215,2021,440431215,2,3,0,15,15,3,7,0,0,1,0,0,0,0,1,1,2,2,1,31,6,125,1,16,HONDA SH125,4,E01017289,0,-1
2021010325733,2021,010325733,1,3,0,18,19,5,1,0,0,1,0,0,0,0,1,1,6,6,1,23,5,125,1,11,HONDA SH125,2,E01003092,0,-1
2021010328099,2021,010328099,1,3,0,99,99,9,9,99,99,9,9,99,9,99,9,1,2,2,1,41,7,125,1,14,HONDA SH125,4,E01001896,0,-1
2021501017213,2021,501017213,1,3,0,18,19,3,8,0,0,0,0,0,0,0,1,1,1,1,1,24,5,125,1,12,HONDA SH125,1,E01015180,0,-1
2021440391251,2021,440391251,1,3,0,3,3,4,7,0,0,1,0,0,0,0,2,1,6,6,1,40,7,125,1,17,HONDA SH125,5,E01017100,0,-1
2021010299038,2021,010299038,2,3,0,18,19,5,1,0,0,8,0,0,0,0,1,1,6,6,1,31,6,125,1,17,HONDA SH125,8,E01033724,0,-1
2021010307387,2021,010307387,1,3,0,18,19,1,5,0,0,8,0,0,0,0,1,1,1,1,1,48,8,125,1,11,HONDA SH125,3,E01003969,0,-1
2021010296013,2021,010296013,2,3,0,13,13,7,3,0,0,1,0,0,0,0,1,1,2,2,1,44,7,125,1,15,HONDA SH125,9,E01030704,0,-1
2021010321905,2021,010321905,1,4,0,18,19,1,5,0,0,1,0,0,0,0,1,1,6,6,1,21,5,125,1,14,HONDA SH125,3,E01001887,0,-1
2021451097798,2021,451097798,1,3,0,18,19,3,7,0,0,0,1,0,0,0,1,1,2,2,1,34,6,125,1,13,HONDA SH125,5,E01030982,0,-1
2021440250393,2021,440250393,1,2,0,16,19,1,5,0,0,0,1,0,0,0,4,1,6,6,1,17,4,125,1,14,HONDA SH125,7,E01022945,0,-1
2021052100633,2021,052100633,1,3,0,18,19,3,7,0,0,1,0,0,0,0,1,1,2,2,1,46,8,125,1,7,HONDA SH125,1,E01006760,0,-1
202131C190321,2021,31C190321,1,2,0,18,19,5,1,0,0,8,0,0,0,0,1,1,6,6,1,23,5,125,1,12,HONDA SH125,1,E01013839,0,-1
2021010347928,2021,010347928,1,3,0,99,99,9,9,99,99,9,9,99,9,99,9,1,6,6,1,34,6,125,1,13,HONDA SH125,8,E01002582,0,-1
2021010321959,2021,010321959,1,3,0,99,99,9,9,99,99,9,9,99,9,99,1,1,1,1,1,35,6,125,1,8,HONDA SH125,4,E01004375,0,-1
2021010310023,2021,010310023,1,3,0,99,99,9,9,99,99,9,9,99,9,99,1,1,6,6,1,22,5,125,1,4,HONDA SH125,5,E01003340,0,-1
2021411056678,2021,411056678,1,3,0,14,14,8,4,0,0,0,0,0,8,0,1,1,2,2,1,18,4,125,1,7,HONDA SH125,7,E01023450,0,-1
2021421042312,2021,421042312,2,3,0,7,7,5,8,0,0,0,5,0,0,0,3,1,6,6,1,21,5,125,1,18,HONDA SH125,4,E01021835,0,-1
2021010290182,2021,010290182,1,2,0,18,19,1,5,0,0,2,1,11,0,0,1,1,2,2,1,21,5,125,1,13,HONDA SH125,2,E01004044,0,-1
2021010329319,2021,010329319,1,3,0,18,19,5,1,9,9,1,1,0,0,0,3,1,6,6,1,50,8,125,1,15,HONDA SH125,3,E01001141,0,-1
2021451101629,2021,451101629,2,3,0,18,19,6,2,0,0,1,0,0,0,0,1,1,1,1,1,25,5,125,1,8,HONDA SH125,6,E01000566,0,-1
2021010313507,2021,010313507,1,3,0,18,19,5,1,0,0,1,0,99,0,0,1,1,6,6,2,26,6,125,1,11,HONDA SH125,2,E01003502,0,-1
2021421095206,2021,421095206,1,2,0,18,19,5,1,0,0,1,2,0,0,0,1,1,6,6,1,21,5,125,1,13,HONDA SH125,2,E01021851,0,-1
2021451042814,2021,451042814,2,3,0,18,19,3,7,0,0,0,2,0,0,0,1,1,6,6,1,22,5,125,1,14,HONDA SH125,9,E01030716,0,-1
2021010328469,2021,010328469,1,3,0,18,19,5,1,0,0,0,0,0,0,0,1,1,6,6,3,-1,-1,125,1,14,HONDA SH125,-1,-1,0,-1
2021010303340,2021,010303340,1,3,0,99,99,9,9,99,99,9,9,99,9,99,1,1,6,6,3,-1,-1,125,1,7,HONDA SH125,2,E01004321,0,-1
2021451022087,2021,451022087,2,3,0,18,19,1,1,0,0,0,1,0,0,0,1,1,6,6,1,18,4,125,1,14,HONDA SH125,5,E01023384,0,-1
2021010301008,2021,010301008,1,3,0,18,19,7,3,0,0,0,0,0,0,0,1,1,1,1,1,18,4,125,1,13,HONDA SH125,2,E01003943,0,-1
2021010316448,2021,010316448,1,3,0,15,15,3,7,0,0,1,5,0,0,0,1,1,6,6,1,22,5,125,1,16,HONDA SH125,5,E01000474,0,-1
2021010303334,2021,010303334,1,3,0,9,9,5,3,9,9,5,2,10,7,0,0,1,2,2,1,22,5,125,1,11,HONDA SH125,3,E01003917,0,-1
2021411046445,2021,411046445,1,3,0,18,19,6,3,0,0,1,0,0,0,0,1,1,5,6,1,17,4,125,1,13,HONDA SH125,4,E01023870,0,-1
2021451059741,2021,451059741,1,3,0,18,19,2,6,0,0,0,0,0,0,0,1,1,2,2,1,34,6,125,1,13,HONDA SH125,-1,-1,0,-1
2021010287201,2021,010287201,2,5,0,4,4,3,7,0,0,1,2,0,0,0,1,1,6,6,1,51,8,7817,1,20,HONDA VFR800F,3,E01003725,0,-1
2021122100739,2021,122100739,1,5,0,18,19,3,7,0,0,8,1,0,0,0,0,1,6,6,1,43,7,781,1,19,HONDA VFR800F,3,E01007473,0,-1
2021411065306,2021,411065306,2,5,0,5,5,8,4,0,0,0,1,0,0,0,4,1,5,6,1,56,9,781,1,21,HONDA VFR800F,4,E01023534,0,-1
2021543128221,2021,543128221,1,5,0,18,19,1,5,0,0,3,0,10,0,0,3,1,6,6,1,29,6,781,1,22,HONDA VFR800F,3,E01015543,0,-1
2021461113798,2021,461113798,1,5,0,15,15,5,1,0,0,1,0,0,0,0,4,1,6,6,1,48,8,781,1,19,HONDA VFR800F,7,E01032825,0,-1
2021161063355,2021,161063355,1,5,0,18,19,3,7,0,0,8,0,4,7,0,1,1,5,6,1,39,7,781,1,23,HONDA VFR800F,1,E01013229,0,-1
2021991068719,2021,991068719,2,5,0,18,19,5,8,0,0,1,2,0,0,0,1,1,5,6,1,64,9,781,1,21,HONDA VFR800F,9,-1,0,-1
2021552100384,2021,552100384,2,5,0,18,19,2,6,0,0,8,0,0,0,0,0,1,1,1,1,35,6,781,1,21,HONDA VFR800F,9,E01015325,0,-1
20211383U1412,2021,1383U1412,1,5,0,18,19,2,6,0,0,0,0,0,0,0,1,1,6,6,1,29,6,781,1,19,HONDA VFR800F,2,E01011771,0,-1
2021451050646,2021,451050646,1,5,0,18,19,7,3,0,0,0,0,0,7,0,1,1,6,6,1,60,9,781,1,22,HONDA VFR800F,10,E01016548,0,-1
202131C113321,2021,31C113321,2,5,0,18,19,2,6,0,0,8,1,0,0,0,1,1,2,2,1,26,6,781,1,23,HONDA VFR800F,6,E01026331,0,-1
2021461097410,2021,461097410,1,5,0,18,19,5,1,0,0,8,1,0,0,0,1,1,6,6,1,27,6,781,1,21,HONDA VFR800F,2,E01024699,0,-1
2021231048835,2021,231048835,1,5,0,18,19,4,8,0,0,1,1,0,0,0,1,1,5,6,1,29,6,781,1,23,HONDA VFR800F,3,E01031117,0,-1
2021430448941,2021,430448941,1,5,0,13,13,5,1,0,0,0,0,0,0,0,0,1,6,6,1,29,6,781,6,19,HONDA VFR800F,3,E01016804,0,-1
2021201137233,2021,201137233,2,5,0,18,19,6,2,0,0,1,0,0,0,0,1,1,6,6,1,59,9,781,1,21,HONDA VFR800F,6,E01009972,0,-1
2021041107579,2021,041107579,3,5,0,18,19,3,7,0,0,8,0,0,0,0,1,1,5,6,1,50,8,781,1,22,HONDA VFR800F,1,E01019527,0,-1
2021471050325,2021,471050325,2,5,0,18,19,3,7,0,0,1,1,0,0,0,4,1,5,6,1,62,9,781,1,19,HONDA VFR800F,6,E01031839,0,-1
2021471084512,2021,471084512,1,5,0,18,19,6,2,0,0,2,0,0,0,0,1,1,6,6,3,-1,-1,7817,1,19,HONDA VFR800F,-1,-1,0,-1
2021221089683,2021,221089683,1,5,0,16,19,2,4,0,0,0,1,0,7,0,1,1,5,6,1,57,9,781,1,22,HONDA VFR800F,5,E01032238,0,-1
2021010346544,2021,010346544,1,4,0,18,19,1,5,0,0,8,1,0,0,0,1,1,2,2,1,31,6,125,1,0,-1,1,E01004670,0,-1
2021221065657,2021,221065657,2,9,0,18,19,4,8,0,0,8,5,0,7,11,1,1,5,6,1,40,7,-1,3,1,HYUNDAI KONA,9,E01028860,0,-1
2021122100766,2021,122100766,1,9,0,18,19,2,6,0,0,0,0,0,0,0,3,1,6,6,1,72,10,998,1,2,HYUNDAI KONA,-1,-1,0,-1
2021421029535,2021,421029535,1,9,0,18,19,5,1,0,0,0,0,0,0,0,1,1,1,1,1,33,6,1580,8,0,HYUNDAI KONA,10,E01021643,0,-1
202131A082621,2021,31A082621,1,9,0,18,19,4,8,0,0,0,0,4,1,11,1,1,6,6,1,63,9,1580,8,0,HYUNDAI KONA,6,E01019819,0,-1
2021451093897,2021,451093897,1,9,0,18,19,6,2,0,0,1,0,0,0,0,4,1,6,6,2,67,10,1580,8,1,HYUNDAI KONA,8,E01002949,0,-1
2021061047429,2021,061047429,3,9,0,3,3,2,2,0,0,0,0,0,0,0,2,1,6,6,2,67,10,998,1,1,HYUNDAI KONA,6,E01006247,0,-1
2021201115672,2021,201115672,1,9,0,9,9,5,3,0,0,1,0,0,0,0,4,1,6,6,1,79,11,1580,8,1,HYUNDAI KONA,2,E01010101,0,-1
2021471017087,2021,471017087,1,9,0,15,15,3,7,0,0,2,0,0,0,0,1,1,5,6,1,80,11,998,1,1,HYUNDAI KONA,7,E01021063,0,-1
2021010325416,2021,010325416,1,9,0,1,1,1,5,9,9,0,0,0,0,0,2,1,6,6,2,29,6,998,1,2,HYUNDAI KONA,3,E01015956,0,-1
2021440002298,2021,440002298,2,9,0,18,19,7,2,0,0,8,0,0,0,0,4,1,6,6,2,31,6,998,1,1,HYUNDAI KONA,4,E01017110,0,-1
2021101040581,2021,101040581,2,9,0,3,3,5,1,0,0,0,0,0,0,0,2,1,6,6,1,59,9,998,1,2,HYUNDAI KONA,1,E01008220,0,-1
2021461093453,2021,461093453,2,9,0,7,7,7,3,0,0,0,1,0,0,0,4,1,5,6,2,45,7,-1,3,0,HYUNDAI KONA,10,E01024781,0,-1
2021991069073,2021,991069073,1,9,0,13,13,1,5,0,0,1,2,0,8,11,4,1,6,6,1,47,8,-1,3,0,HYUNDAI KONA,6,-1,0,-1
2021010346611,2021,010346611,1,8,0,99,99,9,9,99,99,9,9,99,9,99,1,9,1,1,1,35,6,-1,3,0,HYUNDAI KONA,2,E01001651,0,-1
2021440085130,2021,440085130,1,9,0,2,2,8,4,0,0,0,0,0,0,0,3,1,6,6,3,-1,-1,998,1,2,HYUNDAI KONA,-1,-1,0,-1
2021552100538,2021,552100538,2,9,0,2,2,0,0,0,0,0,0,0,0,0,3,1,6,6,3,-1,-1,998,1,2,HYUNDAI KONA,-1,-1,0,-1
2021622100870,2021,622100870,1,9,0,9,9,1,7,0,0,6,0,0,0,0,1,1,6,6,1,76,11,998,1,3,HYUNDAI KONA,9,W01001284,0,-1
2021430077759,2021,430077759,1,9,0,18,19,4,8,0,0,0,1,0,4,0,1,1,2,2,1,28,6,1580,8,1,HYUNDAI KONA,9,E01028561,0,-1
2021991073771,2021,991073771,2,9,0,18,19,7,3,0,0,1,0,0,0,0,3,1,5,6,1,70,10,-1,3,1,HYUNDAI KONA,9,-1,0,-1
2021991086446,2021,991086446,1,9,0,9,9,2,8,0,0,6,0,0,0,0,3,1,5,6,1,30,6,1580,8,0,HYUNDAI KONA,4,E01004215,0,-1
2021440366620,2021,440366620,1,9,0,18,19,1,5,0,0,0,0,0,2,4,1,1,6,6,1,71,10,998,1,3,HYUNDAI KONA,2,E01022942,0,-1
2021440469482,2021,440469482,1,9,0,18,19,6,2,0,0,1,0,0,0,0,1,1,6,6,2,26,6,998,1,2,HYUNDAI KONA,-1,-1,0,-1
2021010340950,2021,010340950,2,9,0,2,2,0,0,0,0,0,0,0,1,0,3,1,6,6,3,-1,-1,998,1,3,HYUNDAI KONA,-1,-1,0,-1
2021010330047,2021,010330047,1,8,0,18,19,3,7,0,0,8,0,0,0,0,1,2,6,6,1,38,7,-1,3,1,HYUNDAI KONA,-1,-1,0,-1
2021471126306,2021,471126306,2,9,0,18,19,8,4,0,0,1,0,0,0,0,4,1,5,6,2,69,10,-1,3,1,HYUNDAI KONA,10,E01031517,0,-1
2021131062384,2021,131062384,1,9,0,18,19,4,6,0,0,1,0,0,0,0,4,1,5,6,1,71,10,-1,3,2,HYUNDAI KONA,3,E01011222,0,-1
2021010340507,2021,010340507,1,9,0,9,9,3,1,4,4,8,0,0,0,0,3,1,2,2,1,51,8,-1,3,0,HYUNDAI KONA,1,E01004206,0,-1
2021552100667,2021,552100667,1,9,0,18,19,6,1,0,0,4,0,0,0,0,1,1,6,6,1,60,9,1580,8,0,HYUNDAI KONA,7,E01020360,0,-1
2021221077683,2021,221077683,2,9,0,18,19,6,2,0,0,0,0,0,0,0,4,1,1,1,1,30,6,1580,8,1,HYUNDAI KONA,1,E01009212,0,-1
2021440157271,2021,440157271,1,9,0,4,4,7,3,0,0,0,0,0,0,0,2,1,6,6,2,35,6,998,1,2,HYUNDAI KONA,7,E01022948,0,-1
2021161095142,2021,161095142,1,9,0,7,7,8,1,0,0,3,0,0,0,0,3,1,6,6,3,40,7,-1,3,1,HYUNDAI KONA,-1,-1,0,-1