collision_index,collision_year,collision_ref_no,vehicle_reference,vehicle_type,towing_and_articulation,vehicle_manoeuvre_historic,vehicle_manoeuvre,vehicle_direction_from,vehicle_direction_to,vehicle_location_restricted_lane_historic,vehicle_location_restricted_lane,junction_location,skidding_and_overturning,hit_object_in_carriageway,vehicle_leaving_carriageway,hit_object_off_carriageway,first_point_of_impact,vehicle_left_hand_drive,journey_purpose_of_driver_historic,journey_purpose_of_driver,sex_of_driver,age_of_driver,age_band_of_driver,engine_capacity_cc,propulsion_code,age_of_vehicle,generic_make_model,driver_imd_decile,lsoa_of_driver,escooter_flag,driver_distance_banding
2021991098388,2021,991098388,1,9,0,9,9,7,5,0,0,1,0,0,0,0,3,1,6,6,1,37,7,999,1,1,SEAT ARONA,-1,-1,0,-1
2021010347967,2021,010347967,1,9,0,4,4,5,1,0,0,0,0,0,0,0,2,1,6,6,2,44,7,999,1,1,SEAT ARONA,7,E01001058,0,-1
2021141049547,2021,141049547,1,9,0,18,19,3,7,0,0,2,0,0,0,0,1,1,5,6,1,27,6,999,1,2,SEAT ARONA,10,E01007927,0,-1
2021010322459,2021,010322459,1,9,0,3,3,5,1,0,0,4,0,0,0,0,2,1,6,6,1,28,6,999,1,2,SEAT ARONA,1,E01002039,0,-1
2021010337022,2021,010337022,2,9,0,99,99,9,9,99,99,9,9,99,9,99,9,9,6,6,3,73,10,999,1,0,SEAT ARONA,4,E01000428,0,-1
2021471114929,2021,471114929,1,9,0,18,19,8,4,0,0,8,0,0,0,0,1,1,5,6,2,33,6,999,1,0,SEAT ARONA,8,E01031346,0,-1
2021471020710,2021,471020710,2,9,0,3,3,7,1,0,0,1,0,0,0,0,2,1,5,6,1,35,6,999,1,1,SEAT ARONA,6,E01031579,0,-1
202134NNC6291,2021,34NNC6291,1,9,0,18,19,1,5,0,0,8,1,0,7,1,4,1,6,6,2,49,8,999,1,2,SEAT ARONA,4,E01027327,0,-1
2021991028812,2021,991028812,1,9,0,18,19,5,1,9,9,1,0,0,1,0,1,1,6,6,2,61,9,1598,2,2,SEAT ARONA,2,-1,0,-1
2021141050274,2021,141050274,1,9,0,9,9,3,1,0,0,4,0,0,0,0,3,1,5,6,1,29,6,999,1,3,SEAT ARONA,1,E01007506,0,-1
2021061036544,2021,061036544,2,9,0,18,19,7,3,0,0,8,0,0,0,0,1,1,5,6,1,22,5,999,1,0,SEAT ARONA,3,E01005208,0,-1
2021430170614,2021,430170614,1,9,0,18,19,1,5,0,0,0,0,4,0,0,1,1,6,6,2,73,10,999,1,1,SEAT ARONA,-1,-1,0,-1
202131B113721,2021,31B113721,1,9,0,14,14,2,6,0,0,8,0,0,0,0,4,1,6,6,1,77,11,1598,2,2,SEAT ARONA,7,E01028023,0,-1
2021131106162,2021,131106162,2,9,0,9,9,8,4,0,0,8,0,0,0,0,3,1,2,2,1,37,7,999,1,2,SEAT ARONA,1,E01011492,0,-1
2021010352045,2021,010352045,1,9,0,18,19,1,5,0,0,1,0,0,0,0,0,1,6,6,1,54,8,999,1,2,SEAT ARONA,2,E01004219,0,-1
2021401043950,2021,401043950,2,9,0,18,19,4,8,0,0,0,0,0,0,0,4,1,6,6,2,21,5,1598,2,3,SEAT ARONA,6,E01023469,0,-1
202131C129321,2021,31C129321,1,9,0,9,9,4,1,0,0,5,0,0,0,0,4,1,6,6,2,32,6,1598,2,3,SEAT ARONA,1,E01013823,0,-1
2021622100379,2021,622100379,1,9,0,16,19,2,6,0,0,0,0,0,0,0,3,1,6,6,2,66,10,999,1,1,SEAT ARONA,10,W01000785,0,-1
202131A082121,2021,31A082121,1,9,0,9,9,6,4,0,0,6,0,0,0,0,3,1,1,1,2,23,5,999,1,3,SEAT ARONA,1,E01013833,0,-1
2021991040688,2021,991040688,2,9,0,2,2,0,0,0,0,0,0,0,0,0,2,1,6,6,1,30,6,999,1,0,SEAT ARONA,2,-1,0,-1
2021221103810,2021,221103810,3,9,0,18,19,6,2,0,0,8,0,0,0,0,1,1,5,6,1,42,7,1598,2,2,SEAT ARONA,2,E01028983,0,-1
2021010322119,2021,010322119,1,9,0,9,9,7,4,0,0,8,0,0,0,0,3,1,6,6,2,32,6,999,1,0,SEAT ARONA,4,E01015930,0,-1
2021421037484,2021,421037484,1,9,0,5,5,7,5,0,0,6,0,0,0,0,3,1,6,6,2,58,9,999,1,4,SEAT ARONA,10,E01021559,0,-1
2021201060648,2021,201060648,1,9,0,1,1,2,7,0,0,5,0,0,0,0,2,1,6,6,1,-1,-1,999,1,0,SEAT ARONA,-1,-1,0,-1
2021201025468,2021,201025468,1,9,0,18,19,-1,-1,0,0,4,0,0,0,0,1,1,6,6,2,31,6,999,1,2,SEAT ARONA,6,E01032591,0,-1
2021501020458,2021,501020458,1,9,0,9,9,8,4,0,0,8,0,0,0,0,4,1,1,1,2,35,6,1598,2,2,SEAT ARONA,4,E01018820,0,-1
2021111020115,2021,111020115,4,9,0,8,8,7,1,0,0,1,0,0,0,0,0,1,5,6,2,31,6,1598,2,3,SEAT ARONA,6,E01020776,0,-1
2021061040448,2021,061040448,1,9,0,9,9,8,6,0,0,1,0,0,0,0,1,1,6,6,1,28,6,999,1,1,SEAT ARONA,1,E01005195,0,-1
2021201030198,2021,201030198,2,9,0,18,19,7,3,0,0,0,0,0,0,0,1,1,6,6,1,23,5,999,1,2,SEAT ARONA,3,E01009239,0,-1
2021991127299,2021,991127299,1,9,0,18,19,2,6,0,0,8,0,0,0,0,3,1,6,6,2,65,9,999,1,0,SEAT ARONA,3,-1,0,-1
2021101059061,2021,101059061,2,9,0,18,19,3,7,0,0,0,5,0,0,0,4,1,5,6,1,32,6,1598,2,3,SEAT ARONA,9,E01027526,0,-1
2021552101142,2021,552101142,2,9,0,18,19,6,2,0,0,4,0,0,0,0,2,1,6,6,2,32,6,999,1,3,SEAT ARONA,9,E01015406,0,-1
2021131057570,2021,131057570,5,9,0,18,19,1,5,0,0,0,0,0,0,0,2,1,5,6,1,43,7,999,1,2,SEAT ARONA,1,E01033697,0,-1
2021231104641,2021,231104641,2,9,0,3,3,7,3,0,0,0,0,0,0,0,2,1,6,6,1,62,9,999,1,3,SEAT ARONA,10,E01010195,0,-1
2021421015451,2021,421015451,1,9,0,18,19,5,1,0,0,0,0,0,0,0,4,1,2,2,2,37,7,1598,2,3,SEAT ARONA,7,E01021898,0,-1
2021031133884,2021,031133884,2,9,0,2,2,0,0,0,0,0,0,0,0,0,2,1,6,6,2,66,10,999,1,4,SEAT ARONA,3,E01019296,0,-1
2021320268454,2021,320268454,2,9,0,2,2,0,0,0,0,0,0,0,0,0,0,1,6,6,1,40,7,999,1,0,SEAT ARONA,-1,-1,0,-1
2021122101106,2021,122101106,1,9,0,18,19,3,7,0,0,1,0,0,0,0,1,1,6,6,1,94,11,999,1,1,SEAT ARONA,10,E01023730,0,-1
2021231029106,2021,231029106,1,9,0,18,19,1,5,0,0,0,0,0,0,0,4,1,5,6,1,56,9,999,1,2,SEAT ARONA,6,E01009614,0,-1
2021010308839,2021,010308839,1,9,0,7,7,7,8,0,0,2,5,4,0,0,1,1,6,6,2,34,6,999,1,2,SEAT ARONA,4,E01003056,0,-1
2021351102276,2021,351102276,2,9,0,3,3,-1,-1,0,0,0,0,0,0,0,2,1,6,6,2,62,9,999,1,0,SEAT ARONA,8,E01018242,0,-1
2021361054372,2021,361054372,1,9,0,18,19,3,7,0,0,2,0,0,0,0,0,1,3,7,1,58,9,999,1,1,SEAT ARONA,7,E01026710,0,-1
202134WNC3641,2021,34WNC3641,4,9,0,3,3,3,7,0,0,2,0,0,0,0,2,1,6,6,1,38,7,999,1,0,SEAT ARONA,2,E01027331,0,-1
2021471052476,2021,471052476,3,9,0,3,3,6,2,0,0,1,0,0,0,0,3,1,6,6,2,62,9,999,1,0,SEAT ARONA,5,E01021011,0,-1
2021061052512,2021,061052512,1,9,0,18,19,2,6,0,0,1,0,0,0,0,1,1,6,6,2,28,6,999,1,0,SEAT ARONA,-1,-1,0,-1
2021122100439,2021,122100439,2,9,0,18,19,1,5,0,0,8,0,0,0,0,4,1,1,1,2,51,8,999,1,2,SEAT ARONA,3,E01027840,0,-1
2021201050985,2021,201050985,1,9,0,18,19,5,1,0,0,0,0,0,0,0,1,1,6,6,1,80,11,999,1,2,SEAT ARONA,9,E01010116,0,-1
2021131035616,2021,131035616,1,9,0,12,12,5,2,0,0,0,0,0,0,0,1,1,5,6,2,75,10,698,1,16,SMART CITY,8,E01010860,0,-1
2021522105907,2021,522105907,1,9,0,18,19,2,6,0,0,1,0,0,0,0,1,1,6,6,2,25,5,698,1,17,SMART CITY,-1,-1,0,-1
2021070651068,2021,070651068,2,9,0,18,19,2,3,0,0,8,0,0,0,0,1,1,6,6,1,18,4,698,1,18,SMART CITY,-1,-1,0,-1
2021471047903,2021,471047903,2,9,0,18,19,7,4,0,0,1,0,0,7,11,1,1,5,6,2,22,5,698,1,17,SMART CITY,5,E01001201,0,-1
2021201049076,2021,201049076,1,9,0,3,3,6,2,0,0,0,0,0,0,0,2,1,6,6,1,58,9,698,1,16,SMART CITY,3,E01014141,0,-1
2021430362368,2021,430362368,1,9,0,1,1,4,8,0,0,0,0,0,0,0,2,1,6,6,1,36,7,698,1,18,SMART CITY,-1,-1,0,-1
2021010290752,2021,010290752,1,9,0,9,9,3,1,0,0,5,0,0,1,0,0,1,6,6,2,53,8,698,1,15,SMART CITY,-1,-1,0,-1
2021440479946,2021,440479946,2,9,0,4,4,5,1,0,0,0,0,0,0,0,1,1,6,6,3,-1,-1,698,1,17,SMART CITY,-1,-1,0,-1
2021351054501,2021,351054501,1,9,0,18,19,7,3,0,0,0,5,0,0,0,4,1,6,6,2,82,11,698,1,18,SMART CITY,10,E01018014,0,-1
2021421113579,2021,421113579,1,9,0,4,4,1,5,0,0,1,0,0,0,0,1,1,6,6,2,76,11,698,1,18,SMART CITY,1,E01021306,0,-1
2021430512233,2021,430512233,1,9,0,18,19,5,1,0,0,0,0,0,0,0,1,1,6,6,1,38,7,698,1,14,SMART CITY,2,E01011334,0,-1
2021010342094,2021,010342094,3,9,0,9,9,5,3,0,0,0,0,0,0,0,1,1,6,6,3,-1,-1,698,1,17,SMART CITY,-1,-1,0,-1
2021501129686,2021,501129686,1,9,0,18,19,3,7,0,0,0,0,0,0,0,1,1,6,6,1,53,8,698,1,17,SMART CITY,3,E01018993,0,-1
2021221065202,2021,221065202,1,9,0,18,19,6,2,0,0,0,5,10,2,0,4,1,5,6,1,36,7,698,1,18,SMART CITY,5,E01014001,0,-1
2021302101922,2021,302101922,2,9,0,18,19,2,6,0,0,8,0,0,0,0,4,1,6,6,1,27,6,698,1,16,SMART CITY,3,E01019657,0,-1
2021010290807,2021,010290807,3,9,0,3,3,5,1,0,0,1,0,0,0,0,2,1,6,6,1,44,7,698,1,15,SMART CITY,1,E01032512,0,-1
2021010339141,2021,010339141,1,9,0,18,19,7,3,0,0,2,0,0,0,0,1,1,6,6,1,24,5,698,1,18,SMART CITY,3,E01002311,0,-1
2021471110043,2021,471110043,1,9,0,18,19,6,2,0,0,8,0,0,0,0,1,1,5,6,1,82,11,698,1,17,SMART CITY,7,E01031388,0,-1
2021320658723,2021,320658723,1,9,0,18,19,6,2,0,0,0,1,0,1,9,4,1,6,6,1,51,8,698,1,15,SMART CITY,2,E01026103,0,-1
2021201118383,2021,201118383,1,9,0,18,19,-1,-1,0,0,0,0,0,0,0,1,1,6,6,2,33,6,698,1,16,SMART CITY,5,E01009848,0,-1
2021010315943,2021,010315943,3,9,0,3,3,7,3,0,0,1,0,0,0,0,1,1,6,6,1,30,6,698,1,15,SMART CITY,4,E01002684,0,-1
2021010288134,2021,010288134,1,9,0,14,14,5,1,0,0,0,0,0,0,0,1,1,6,6,1,59,9,698,1,18,SMART CITY,7,E01001583,0,-1
2021010310901,2021,010310901,1,9,0,99,99,9,9,99,99,0,9,99,9,99,2,9,6,6,1,26,6,698,1,17,SMART CITY,5,E01001265,0,-1
2021430148315,2021,430148315,1,9,0,13,13,2,6,0,0,4,2,9,0,0,3,1,6,6,1,22,5,698,1,15,SMART CITY,4,E01016453,0,-1
2021010345364,2021,010345364,1,9,0,5,5,1,5,0,0,2,0,0,0,0,1,1,1,1,2,57,9,698,1,15,SMART CITY,1,E01001850,0,-1
202154A115921,2021,54A115921,1,9,0,18,19,4,8,0,0,4,0,0,0,0,1,1,6,6,2,91,11,698,1,16,SMART CITY,4,E01032040,0,-1
2021211073703,2021,211073703,2,5,0,14,14,8,4,0,0,1,1,0,0,0,4,1,6,6,1,54,8,600,1,23,-1,2,E01029390,0,-1
2021991055254,2021,991055254,2,5,0,18,19,3,7,0,0,1,5,0,0,0,1,1,6,6,1,22,5,600,1,21,-1,3,-1,0,-1
2021141024653,2021,141024653,2,5,0,18,19,1,5,0,0,0,0,0,0,0,1,1,5,6,1,42,7,600,1,21,-1,3,E01007514,0,-1
2021501057031,2021,501057031,2,5,0,14,14,1,5,0,0,1,2,0,0,0,1,1,6,6,1,58,9,600,1,19,-1,1,E01020112,0,-1
2021170S11251,2021,170S11251,1,5,0,16,19,2,6,0,0,8,0,0,7,10,1,1,6,6,1,26,6,600,1,23,-1,1,E01012273,0,-1
2021440462907,2021,440462907,1,3,0,5,5,4,8,0,0,8,0,0,1,0,3,1,2,2,1,37,7,124,1,5,-1,1,E01017102,0,-1
2021041172377,2021,041172377,2,97,0,18,19,5,1,0,0,1,0,0,0,0,1,1,6,6,1,52,8,124,1,5,-1,6,E01012719,0,-1
2021010322450,2021,010322450,1,3,0,99,99,9,9,99,99,9,9,99,9,99,1,1,6,6,1,55,8,124,1,6,-1,3,E01001004,0,-1
2021471041484,2021,471041484,1,5,0,17,19,2,7,0,0,0,1,0,0,0,1,1,5,6,1,60,9,955,1,17,-1,1,E01020989,0,-1
2021991079467,2021,991079467,1,5,0,14,14,1,5,0,0,1,2,0,0,0,3,1,5,6,1,51,8,955,1,22,-1,3,-1,0,-1
2021440496463,2021,440496463,1,4,0,18,19,1,5,0,0,0,1,0,0,0,3,1,6,6,1,45,7,955,1,18,-1,9,E01032604,0,-1
2021440238932,2021,440238932,1,4,0,18,19,8,4,0,0,0,1,0,0,0,3,1,2,2,1,45,7,955,1,19,-1,2,E01017119,0,-1
2021991071315,2021,991071315,1,5,0,16,19,7,2,0,0,4,5,0,7,1,1,1,5,6,1,67,10,955,1,18,-1,8,-1,0,-1
2021010343505,2021,010343505,1,5,0,99,99,9,9,99,99,9,9,99,9,99,1,1,6,6,1,57,9,955,1,18,-1,2,E01003729,0,-1
2021161062749,2021,161062749,1,5,0,14,14,3,7,0,0,1,0,0,0,0,1,1,5,6,1,30,6,955,1,17,-1,1,E01012931,0,-1
2021361138799,2021,361138799,3,5,0,2,2,0,0,0,0,0,5,0,0,0,2,1,6,6,3,-1,-1,955,1,22,-1,-1,-1,0,-1
2021531026209,2021,531026209,2,5,0,13,13,7,8,0,0,1,2,0,0,0,1,1,6,6,1,58,9,955,1,22,-1,6,E01022233,0,-1
2021141091785,2021,141091785,2,5,0,13,13,2,6,0,0,0,2,0,7,4,4,1,6,6,1,54,8,955,1,17,-1,1,E01008062,0,-1
2021141024861,2021,141024861,2,9,0,13,13,7,3,0,0,0,1,0,2,0,4,1,6,6,1,18,4,1248,2,14,VAUXHALL ASTRA,6,E01007409,0,-1
2021520104549,2021,520104549,1,9,0,18,19,6,2,0,0,0,0,0,0,0,1,1,6,6,2,29,6,1598,1,14,VAUXHALL ASTRA,4,E01014450,0,-1
2021501019308,2021,501019308,1,9,0,18,19,4,8,0,0,0,0,0,0,0,3,1,5,6,1,24,5,1686,2,7,VAUXHALL ASTRA,7,E01020064,0,-1
2021531117117,2021,531117117,1,9,0,4,4,3,7,0,0,0,0,0,2,4,1,1,5,6,2,30,6,1598,1,6,VAUXHALL ASTRA,6,E01022380,0,-1
2021991043624,2021,991043624,2,9,0,3,3,6,2,0,0,0,0,0,0,0,2,1,5,6,2,31,6,1686,2,8,VAUXHALL ASTRA,4,-1,0,-1
2021010293575,2021,010293575,2,9,0,9,9,5,3,0,0,8,0,0,0,0,1,1,6,6,1,20,4,1598,1,9,VAUXHALL ASTRA,4,E01004569,0,-1
2021031139188,2021,031139188,1,9,0,9,9,7,4,0,0,2,0,0,0,0,1,1,1,1,1,48,8,1796,1,11,VAUXHALL ASTRA,1,E01019121,0,-1
202134WNC3761,2021,34WNC3761,2,9,0,18,19,2,6,0,0,3,0,0,1,9,1,1,6,6,1,43,7,1796,1,13,VAUXHALL ASTRA,2,E01028513,0,-1
2021141032650,2021,141032650,2,9,0,18,19,7,3,0,0,1,0,0,0,0,1,1,5,6,2,35,6,1598,1,10,VAUXHALL ASTRA,1,E01033269,0,-1
2021552100332,2021,552100332,1,9,0,18,19,1,5,0,0,1,0,0,0,0,1,1,2,2,1,28,6,1598,2,4,VAUXHALL ASTRA,1,E01015309,0,-1
2021361085214,2021,361085214,3,9,0,3,3,6,2,0,0,8,0,0,0,0,2,1,2,2,1,25,5,1598,2,5,VAUXHALL ASTRA,6,E01026613,0,-1
2021421109614,2021,421109614,2,9,0,18,19,5,1,0,0,0,0,0,0,0,0,1,1,1,2,30,6,1496,2,1,VAUXHALL ASTRA,-1,-1,0,-1
2021430486951,2021,430486951,1,9,0,14,14,8,4,0,0,8,0,0,0,0,1,1,1,1,1,27,6,1598,2,3,VAUXHALL ASTRA,4,E01033415,0,-1
2021010337352,2021,010337352,1,9,0,18,19,1,5,0,0,1,2,7,7,10,1,1,6,6,2,-1,-1,1796,1,16,VAUXHALL ASTRA,-1,-1,0,-1
2021531109529,2021,531109529,1,9,0,9,9,1,5,0,0,6,0,0,0,0,3,1,5,6,2,79,11,1364,1,7,VAUXHALL ASTRA,6,E01022260,0,-1
2021231078209,2021,231078209,2,9,0,4,4,5,1,0,0,1,0,0,0,0,2,1,5,6,1,27,6,1956,2,10,VAUXHALL ASTRA,1,E01005874,0,-1
2021522100237,2021,522100237,1,9,0,13,13,6,2,0,0,1,0,0,0,0,1,1,6,6,2,48,8,1399,1,3,VAUXHALL ASTRA,1,E01033358,0,-1
2021430352320,2021,430352320,1,9,0,18,19,6,2,0,0,1,0,6,0,0,3,1,6,6,1,19,4,1364,1,12,VAUXHALL ASTRA,5,E01002546,0,-1
2021320198209,2021,320198209,2,9,0,18,19,8,4,0,0,0,0,0,0,0,1,1,6,6,1,18,4,1598,1,8,VAUXHALL ASTRA,8,E01026223,0,-1
2021201078157,2021,201078157,1,9,0,18,19,8,4,0,0,2,0,0,0,0,1,1,1,1,1,37,7,1248,2,10,VAUXHALL ASTRA,-1,-1,0,-1
2021131094736,2021,131094736,1,9,0,5,5,5,5,4,4,0,0,0,0,0,3,1,2,2,2,26,6,1598,2,5,VAUXHALL ASTRA,4,E01011208,0,-1
2021141120218,2021,141120218,1,9,0,18,19,3,7,0,0,0,0,0,0,0,3,1,5,6,1,74,10,1686,2,10,VAUXHALL ASTRA,2,E01007651,0,-1
2021070597813,2021,070597813,2,9,0,16,19,5,7,0,0,8,0,0,0,0,1,1,6,6,1,77,11,1496,2,1,VAUXHALL ASTRA,9,E01018571,0,-1
2021421035928,2021,421035928,1,9,0,3,3,6,7,0,0,8,0,0,0,0,2,1,3,7,2,46,8,1598,1,5,VAUXHALL ASTRA,9,E01021383,0,-1
2021070667077,2021,070667077,2,9,0,5,5,7,5,0,0,2,0,0,0,0,1,1,2,2,2,36,7,1364,1,4,VAUXHALL ASTRA,9,E01018473,0,-1
2021161015812,2021,161015812,1,9,0,18,19,3,7,0,0,8,0,0,0,0,1,1,6,6,2,66,10,1686,2,17,VAUXHALL ASTRA,4,E01013258,0,-1
2021440325082,2021,440325082,1,9,0,17,19,6,8,0,0,0,0,0,0,0,1,1,2,2,1,21,5,1598,1,6,VAUXHALL ASTRA,10,E01023160,0,-1
2021010299922,2021,010299922,1,9,0,99,99,9,9,99,99,0,9,99,9,99,9,9,6,6,1,23,5,1598,1,10,VAUXHALL ASTRA,2,E01003432,0,-1
2021010298195,2021,010298195,1,9,0,9,9,3,2,0,0,4,0,0,0,0,1,1,6,6,2,26,6,1598,1,7,VAUXHALL ASTRA,4,E01033576,0,-1
2021141094569,2021,141094569,2,9,0,18,19,3,7,0,0,0,0,0,0,0,1,1,6,6,3,-1,-1,1686,2,16,VAUXHALL ASTRA,-1,-1,0,-1
2021052102515,2021,052102515,1,9,0,18,19,1,5,0,0,8,0,0,0,0,1,1,6,6,1,23,5,1956,2,9,VAUXHALL ASTRA,1,E01006432,0,-1
2021122100621,2021,122100621,1,9,0,18,19,3,7,0,0,0,0,12,0,0,1,1,6,6,2,50,8,1399,1,2,VAUXHALL ASTRA,10,E01013402,0,-1
2021010297814,2021,010297814,2,9,9,99,99,9,9,99,99,0,9,99,9,99,9,9,6,6,3,-1,-1,1598,1,16,VAUXHALL ASTRA,-1,-1,0,-1
2021041093842,2021,041093842,2,9,0,18,19,3,7,0,0,6,0,0,0,0,3,1,6,6,1,45,7,1364,1,7,VAUXHALL ASTRA,-1,-1,0,-1
2021010323941,2021,010323941,1,9,0,7,7,7,1,0,0,2,0,0,0,0,3,1,6,6,2,40,7,1364,1,10,VAUXHALL ASTRA,4,E01001511,0,-1
2021451028967,2021,451028967,1,9,0,18,19,1,5,0,0,0,0,0,0,0,1,1,5,6,2,18,4,1399,1,4,VAUXHALL ASTRA,9,E01004118,0,-1
2021531046370,2021,531046370,1,9,0,9,9,1,2,0,0,1,0,0,0,0,1,1,6,6,2,46,8,1364,1,11,VAUXHALL ASTRA,10,E01022395,0,-1
2021471079213,2021,471079213,1,9,0,18,19,5,7,0,0,0,0,0,0,0,1,1,1,1,2,23,5,1496,2,1,VAUXHALL ASTRA,1,E01031454,0,-1
2021131086339,2021,131086339,2,9,0,2,2,0,0,9,9,0,0,0,0,0,2,1,6,6,3,-1,-1,-1,-1,-1,VAUXHALL ASTRA,-1,-1,0,-1
2021371065378,2021,371065378,1,9,0,9,9,3,1,0,0,0,0,0,0,0,1,1,2,2,2,44,7,1956,2,10,VAUXHALL ASTRA,6,E01029930,0,-1
2021201103090,2021,201103090,3,9,0,2,2,0,0,0,0,0,0,0,0,0,1,1,6,6,1,55,8,1598,1,10,VAUXHALL ASTRA,2,E01009627,0,-1
2021430449539,2021,430449539,1,9,0,7,7,6,8,0,0,5,0,0,0,0,1,1,3,7,1,29,6,1399,1,2,VAUXHALL ASTRA,5,E01016392,0,-1
2021010300769,2021,010300769,2,9,0,99,99,9,9,99,99,9,9,99,9,99,1,9,6,6,3,-1,-1,1598,1,11,VAUXHALL ASTRA,-1,-1,0,-1
2021041098351,2021,041098351,1,9,0,13,13,4,8,0,0,0,0,0,0,0,1,1,3,7,2,31,6,1956,2,9,VAUXHALL ASTRA,6,E01025002,0,-1
2021622100429,2021,622100429,3,9,0,2,2,0,0,0,0,0,0,0,0,0,2,1,6,6,3,-1,-1,1399,1,5,VAUXHALL ASTRA,-1,-1,0,-1
2021531120155,2021,531120155,1,9,0,17,19,3,1,0,0,8,5,0,0,0,1,1,6,6,1,67,10,1399,1,4,VAUXHALL ASTRA,8,E01022247,0,-1
2021461071282,2021,461071282,1,9,0,18,19,1,6,0,0,8,0,7,0,0,4,1,1,1,1,25,5,1598,2,3,VAUXHALL ASTRA,4,E01024027,0,-1
2021141034817,2021,141034817,1,9,0,18,19,2,6,0,0,8,0,0,0,0,1,1,1,1,1,23,5,1248,2,7,VAUXHALL ASTRA,5,E01008139,0,-1
2021461070004,2021,461070004,1,9,0,18,19,1,5,0,0,1,0,0,0,0,1,1,6,6,1,35,6,1248,2,11,VAUXHALL ASTRA,4,E01024262,0,-1
2021991076085,2021,991076085,1,9,0,17,19,4,8,0,0,0,1,0,0,0,3,1,6,6,1,26,6,1598,1,14,VAUXHALL ASTRA,5,-1,0,-1
2021211106208,2021,211106208,2,9,0,5,5,3,7,0,0,6,0,0,0,0,1,1,5,6,1,50,8,1686,2,7,VAUXHALL ASTRA,-1,-1,0,-1
2021101057507,2021,101057507,2,9,0,18,19,5,1,0,0,0,0,0,0,0,1,1,5,6,2,55,8,1796,1,15,VAUXHALL ASTRA,5,E01008329,0,-1
2021010297984,2021,010297984,1,9,0,18,19,1,5,0,0,1,0,0,0,0,1,1,6,6,1,-1,-1,1248,2,15,VAUXHALL ASTRA,-1,-1,0,-1
2021131093610,2021,131093610,1,9,0,5,5,5,1,0,0,0,0,0,0,0,1,1,6,6,3,-1,-1,1956,2,10,VAUXHALL ASTRA,-1,-1,0,-1
202131B114321,2021,31B114321,2,9,0,17,19,8,6,0,0,2,0,0,0,0,1,1,6,6,1,20,4,1910,2,14,VAUXHALL ASTRA,2,E01028029,0,-1
2021371067746,2021,371067746,2,9,0,4,4,2,5,0,0,0,0,0,0,0,2,1,5,6,1,22,5,-1,-1,-1,VAUXHALL ASTRA,7,E01030155,0,-1
2021991016342,2021,991016342,2,9,0,18,19,3,7,0,0,1,0,0,1,0,1,1,5,6,1,21,5,1364,1,14,VAUXHALL ASTRA,4,-1,0,-1
2021471058030,2021,471058030,1,9,0,18,19,7,3,0,0,0,0,0,0,0,1,1,5,6,2,28,6,1796,1,11,VAUXHALL ASTRA,4,E01031547,0,-1
2021131043804,2021,131043804,2,9,0,2,2,0,0,0,0,8,0,0,0,0,3,1,6,6,3,-1,-1,1686,2,11,VAUXHALL ASTRA,-1,-1,0,-1
2021320360820,2021,320360820,1,9,0,18,19,8,4,0,0,0,2,7,0,0,1,1,6,6,1,28,6,1399,1,4,VAUXHALL ASTRA,2,E01015601,0,-1
2021161125983,2021,161125983,1,9,0,6,6,2,2,0,0,2,2,10,1,4,4,1,5,6,1,19,4,1598,1,12,VAUXHALL ASTRA,1,E01013221,0,-1
2021201044546,2021,201044546,2,9,0,5,5,6,2,0,0,6,0,0,0,0,1,1,6,6,2,49,8,1796,1,15,VAUXHALL ASTRA,6,E01009778,0,-1
2021010325844,2021,010325844,1,9,0,99,99,9,9,99,99,9,9,99,9,99,9,9,6,6,2,40,7,1796,1,12,VAUXHALL ASTRA,4,E01003333,0,-1
2021201053303,2021,201053303,1,9,0,18,19,-1,-1,0,0,0,0,0,0,0,1,1,6,6,2,60,9,1598,1,6,VAUXHALL ASTRA,3,E01009664,0,-1
2021010294804,2021,010294804,1,9,0,99,99,9,9,99,99,9,9,99,9,99,1,1,6,6,3,-1,-1,1598,2,5,VAUXHALL ASTRA,-1,-1,0,-1
2021361120388,2021,361120388,1,9,0,18,19,5,1,0,0,0,0,0,0,0,3,1,5,6,2,33,6,1598,1,12,VAUXHALL ASTRA,4,E01026804,0,-1
2021543312621,2021,543312621,2,9,0,9,9,8,6,0,0,6,0,0,0,0,4,1,6,6,2,33,6,1399,1,2,VAUXHALL ASTRA,9,E01031922,0,-1
2021170H10891,2021,170H10891,2,9,0,4,4,5,1,0,0,0,0,0,0,0,2,1,6,6,2,29,6,1398,1,10,VAUXHALL ASTRA,1,E01011953,0,-1
202131C005721,2021,31C005721,2,9,0,18,19,1,5,0,0,4,0,0,0,0,0,1,6,6,3,-1,-1,1364,1,6,VAUXHALL ASTRA,-1,-1,0,-1
2021461034589,2021,461034589,2,9,0,5,5,1,5,0,0,0,0,0,0,0,3,1,6,6,2,35,6,1956,2,10,VAUXHALL ASTRA,3,E01024552,0,-1
2021461102475,2021,461102475,4,9,0,18,19,1,5,0,0,0,0,0,0,0,2,1,6,6,3,-1,-1,1598,1,13,VAUXHALL ASTRA,-1,-1,0,-1
2021010296711,2021,010296711,1,9,0,3,3,1,5,0,0,1,0,0,0,0,1,1,1,1,1,24,5,1598,1,10,VAUXHALL ASTRA,3,E01004735,0,-1