collision_index,collision_year,collision_ref_no,vehicle_reference,vehicle_type,towing_and_articulation,vehicle_manoeuvre_historic,vehicle_manoeuvre,vehicle_direction_from,vehicle_direction_to,vehicle_location_restricted_lane_historic,vehicle_location_restricted_lane,junction_location,skidding_and_overturning,hit_object_in_carriageway,vehicle_leaving_carriageway,hit_object_off_carriageway,first_point_of_impact,vehicle_left_hand_drive,journey_purpose_of_driver_historic,journey_purpose_of_driver,sex_of_driver,age_of_driver,age_band_of_driver,engine_capacity_cc,propulsion_code,age_of_vehicle,generic_make_model,driver_imd_decile,lsoa_of_driver,escooter_flag,driver_distance_banding
202131C024421,2021,31C024421,1,9,0,18,19,1,5,0,0,8,0,0,0,0,1,1,6,6,1,23,5,1598,1,17,VAUXHALL ASTRA,1,E01033396,0,-1
2021122100930,2021,122100930,1,9,0,18,19,6,2,0,0,0,1,0,8,4,3,1,6,6,1,17,4,1598,1,16,VAUXHALL ASTRA,7,E01013406,0,-1
2021461022841,2021,461022841,1,9,0,16,19,7,2,0,0,0,1,0,0,0,1,1,1,1,1,30,6,1598,2,2,VAUXHALL ASTRA,8,E01024779,0,-1
2021991119449,2021,991119449,1,9,0,1,1,8,4,6,6,0,0,0,0,0,2,1,6,6,1,40,7,1686,2,10,VAUXHALL ASTRA,2,-1,0,-1
2021401070569,2021,401070569,1,9,-1,-1,-1,-1,-1,-1,-1,-1,-1,-1,-1,0,-1,1,6,6,1,50,8,1796,1,16,VAUXHALL ASTRA,-1,-1,0,-1
2021231051212,2021,231051212,1,9,0,9,9,1,3,0,0,5,0,0,0,0,1,1,5,6,1,45,7,1598,1,14,VAUXHALL ASTRA,1,E01031118,0,-1
2021991021251,2021,991021251,1,9,0,3,3,3,6,0,0,0,0,0,0,0,2,1,5,6,2,21,5,1398,1,6,VAUXHALL ASTRA,-1,-1,0,-1
2021141039183,2021,141039183,1,9,0,15,15,3,7,0,0,0,0,0,0,0,1,1,6,6,1,73,10,1598,1,10,VAUXHALL ASTRA,7,E01007553,0,-1
2021010294525,2021,010294525,1,9,0,4,4,3,7,0,0,1,0,0,0,0,1,1,6,6,3,31,6,1796,1,13,VAUXHALL ASTRA,-1,-1,0,-1
2021991103453,2021,991103453,1,9,0,16,19,7,3,0,0,0,1,0,1,4,1,1,6,6,2,53,8,1248,2,11,VAUXHALL ASTRA,4,-1,0,-1
2021070846684,2021,070846684,2,9,0,9,9,5,3,0,0,1,0,0,0,0,1,1,1,1,2,32,6,1399,1,4,VAUXHALL ASTRA,5,E01007243,0,-1
2021221026704,2021,221026704,1,9,0,11,11,2,6,0,0,3,1,0,1,4,1,1,5,6,1,21,5,1364,1,13,VAUXHALL ASTRA,9,E01016272,0,-1
2021010290116,2021,010290116,1,9,0,18,19,7,3,0,0,0,0,0,0,0,1,1,6,6,2,34,6,1796,1,15,VAUXHALL ASTRA,3,E01000094,0,-1
2021440236638,2021,440236638,3,9,0,18,19,7,3,0,0,0,0,0,0,0,1,1,6,6,2,44,7,1598,2,7,VAUXHALL ASTRA,3,E01023205,0,-1
2021471124396,2021,471124396,4,9,0,4,4,5,1,0,0,0,0,0,0,0,0,1,5,6,1,-1,-1,1956,2,10,VAUXHALL ASTRA,7,E01031396,0,-1
2021201060640,2021,201060640,1,9,0,5,5,2,6,0,0,6,0,0,0,0,1,1,6,6,2,29,6,1686,2,17,VAUXHALL ASTRA,5,E01031102,0,-1
202131C079121,2021,31C079121,2,9,0,5,5,4,8,0,0,1,0,0,0,0,2,1,3,7,2,46,8,1598,1,17,VAUXHALL ASTRA,3,E01013830,0,-1
2021201068375,2021,201068375,1,9,0,9,9,6,4,0,0,6,0,0,0,0,3,1,6,6,2,36,7,1956,2,9,VAUXHALL ASTRA,4,E01029002,0,-1
2021010323594,2021,010323594,1,9,0,3,3,5,1,0,0,0,0,4,0,0,1,1,6,6,2,29,6,1598,1,8,VAUXHALL ASTRA,4,E01000921,0,-1
2021010307845,2021,010307845,1,9,0,4,4,7,3,0,0,1,0,0,0,0,4,1,6,6,1,29,6,1399,1,2,VAUXHALL ASTRA,2,E01033587,0,-1
2021031114942,2021,031114942,1,8,0,18,19,0,0,0,0,0,0,0,0,0,1,1,1,1,1,64,9,1686,2,13,VAUXHALL ASTRA,5,E01019170,0,-1
2021161051968,2021,161051968,1,9,0,3,3,3,7,0,0,1,0,0,0,0,2,1,5,6,1,19,4,1598,1,14,VAUXHALL ASTRA,6,E01013302,0,-1
2021141051575,2021,141051575,1,9,0,3,3,1,5,0,0,3,0,0,0,0,1,1,1,1,2,40,7,1598,1,2,VAUXHALL ASTRA,2,E01007440,0,-1
2021430317843,2021,430317843,1,9,0,18,19,1,5,0,0,0,0,0,0,0,1,1,6,6,2,29,6,1398,1,7,VAUXHALL ASTRA,-1,-1,0,-1
2021461146817,2021,461146817,1,9,0,18,19,1,5,0,0,0,1,0,0,0,3,1,6,6,1,32,6,1364,1,7,VAUXHALL ASTRA,3,E01024399,0,-1
2021320618588,2021,320618588,2,9,0,18,19,8,4,0,0,8,0,0,0,0,3,1,6,6,1,54,8,1686,2,12,VAUXHALL ASTRA,5,E01026264,0,-1
2021010347124,2021,010347124,1,9,0,99,99,9,9,99,99,9,9,99,9,99,2,9,6,6,2,-1,-1,1598,1,11,VAUXHALL ASTRA,4,E01023337,0,-1
2021552100054,2021,552100054,1,9,0,9,9,2,8,0,0,6,0,0,0,0,3,1,1,1,2,59,9,1910,2,13,VAUXHALL ASTRA,3,E01015305,0,-1
2021010320225,2021,010320225,2,9,0,3,3,7,3,0,0,8,0,0,0,0,1,1,6,6,1,18,4,1364,1,11,VAUXHALL ASTRA,-1,-1,0,-1
2021421067064,2021,421067064,1,9,0,17,19,7,8,0,0,0,0,0,0,0,1,1,6,6,3,-1,-1,1598,1,22,VAUXHALL ASTRA,3,E01023346,0,-1
2021061101735,2021,061101735,2,9,0,18,19,2,6,0,0,8,0,0,0,0,2,1,6,6,2,72,10,1364,1,14,VAUXHALL ASTRA,2,E01005026,0,-1
2021201041701,2021,201041701,1,9,0,16,19,6,1,0,0,0,0,0,0,0,0,1,6,6,2,37,7,1598,1,10,VAUXHALL ASTRA,6,E01010232,0,-1
2021461059683,2021,461059683,2,9,0,9,9,5,3,0,0,6,0,0,0,0,3,1,2,2,1,35,6,1598,1,10,VAUXHALL ASTRA,2,E01024128,0,-1
2021371088615,2021,371088615,1,9,0,18,19,6,3,0,0,0,0,4,0,0,1,1,6,6,1,38,7,1910,2,15,VAUXHALL ASTRA,6,E01030097,0,-1
2021471048180,2021,471048180,2,9,0,18,19,6,4,0,0,0,0,0,0,0,1,1,2,2,1,43,7,1598,1,14,VAUXHALL ASTRA,3,E01031548,0,-1
2021010299599,2021,010299599,1,9,0,9,9,7,5,0,0,1,0,0,0,0,1,1,6,6,1,30,6,1399,1,4,VAUXHALL ASTRA,3,E01002030,0,-1
2021461065504,2021,461065504,1,9,0,18,19,8,4,0,0,1,0,0,0,0,1,1,6,6,1,-1,-1,1598,1,17,VAUXHALL ASTRA,-1,-1,0,-1
2021401105569,2021,401105569,1,9,0,17,19,4,1,0,0,0,0,0,0,0,1,1,6,6,1,21,5,1598,1,8,VAUXHALL ASTRA,10,E01017625,0,-1
2021010332092,2021,010332092,1,9,0,18,19,7,3,0,0,0,0,0,0,0,1,1,6,6,1,23,5,1956,2,8,VAUXHALL ASTRA,-1,-1,0,-1
2021320634639,2021,320634639,1,9,0,18,19,4,8,0,0,0,0,0,1,4,1,1,6,6,1,18,4,1956,2,9,VAUXHALL ASTRA,6,E01028037,0,-1
2021421113900,2021,421113900,1,9,0,5,5,7,3,0,0,0,0,0,0,0,1,1,6,6,1,25,5,1998,1,14,VAUXHALL ASTRA,-1,-1,0,-1
2021131120294,2021,131120294,2,9,0,18,19,2,5,0,0,1,0,0,0,0,1,1,5,6,1,36,7,1598,2,6,VAUXHALL ASTRA,3,E01011670,0,-1
2021522102396,2021,522102396,1,9,0,18,19,3,6,0,0,8,0,0,0,0,1,1,6,6,1,30,6,1686,2,10,VAUXHALL ASTRA,9,E01014440,0,-1
2021421018667,2021,421018667,2,9,0,18,19,7,3,0,0,0,0,0,0,0,3,1,6,6,2,22,5,1399,1,5,VAUXHALL ASTRA,3,E01000010,0,-1
2021421061188,2021,421061188,2,9,0,18,19,3,7,0,0,0,0,0,0,0,2,1,5,6,1,37,7,1399,1,2,VAUXHALL ASTRA,4,E01021277,0,-1
2021461160176,2021,461160176,1,9,0,5,5,3,7,0,0,4,0,0,0,0,1,1,6,6,1,76,11,1364,1,12,VAUXHALL ASTRA,8,E01016179,0,-1
2021361055199,2021,361055199,1,9,0,18,19,6,3,0,0,0,2,0,7,0,1,1,6,6,1,52,8,1598,1,15,VAUXHALL ASTRA,4,E01033037,0,-1
2021522104351,2021,522104351,1,9,0,8,8,3,7,0,0,0,0,0,0,0,2,1,6,6,1,31,6,999,1,5,VAUXHALL ASTRA,10,E01014410,0,-1
2021201097963,2021,201097963,1,9,0,9,9,5,4,0,0,6,0,0,0,0,1,1,6,6,1,-1,-1,1398,1,10,VAUXHALL ASTRA,-1,-1,0,-1
2021421034218,2021,421034218,3,9,0,17,19,7,3,0,0,0,0,0,1,0,1,1,2,2,1,55,8,1686,2,10,VAUXHALL ASTRA,4,E01002346,0,-1
2021201084386,2021,201084386,2,9,0,3,3,6,2,0,0,0,0,0,0,0,2,1,2,2,1,34,6,1956,2,8,VAUXHALL ASTRA,3,E01009887,0,-1
2021461079688,2021,461079688,1,9,0,9,9,3,7,0,0,0,0,0,0,0,4,1,6,6,1,62,9,-1,-1,-1,VAUXHALL ASTRA,9,E01000751,0,-1
2021010322290,2021,010322290,2,9,0,18,19,5,1,0,0,0,0,0,0,0,1,1,2,2,1,22,5,1598,1,11,VAUXHALL ASTRA,6,E01000187,0,-1
2021201144771,2021,201144771,1,9,0,7,7,1,3,0,0,6,0,0,0,0,1,1,6,6,1,22,5,1399,1,6,VAUXHALL ASTRA,1,E01009097,0,-1
2021522102345,2021,522102345,2,9,0,1,1,7,3,0,0,0,0,0,0,0,2,1,6,6,2,33,6,1598,1,19,VAUXHALL ASTRA,9,E01014943,0,-1
2021451037548,2021,451037548,1,9,0,18,19,1,5,0,0,1,5,0,0,0,1,1,6,6,1,80,11,1796,1,14,VAUXHALL ASTRA,8,E01030390,0,-1
2021221107784,2021,221107784,1,9,0,18,19,4,8,0,0,0,0,0,0,0,1,1,2,2,1,26,6,1598,1,16,VAUXHALL ASTRA,7,E01014150,0,-1
2021302101822,2021,302101822,1,9,0,5,5,7,2,0,0,4,0,0,0,0,3,1,1,1,1,26,6,1686,2,11,VAUXHALL ASTRA,5,E01029464,0,-1
2021061093302,2021,061093302,1,9,0,1,1,5,1,0,0,0,0,4,0,0,2,1,6,6,3,30,6,1364,1,6,VAUXHALL ASTRA,-1,-1,0,-1
2021010319509,2021,010319509,1,9,0,99,99,9,9,99,99,0,9,99,9,99,2,9,6,6,2,25,5,1399,1,3,VAUXHALL ASTRA,5,E01001685,0,-1
2021010338268,2021,010338268,1,9,0,99,99,9,9,99,99,0,9,99,9,99,1,9,6,6,2,37,7,1598,1,10,VAUXHALL ASTRA,3,E01002589,0,-1
2021201080672,2021,201080672,1,9,0,18,19,7,3,0,0,0,0,10,7,11,1,1,2,2,1,25,5,1598,2,4,VAUXHALL ASTRA,1,E01009203,0,-1
2021010320082,2021,010320082,2,9,9,99,99,9,9,99,99,9,9,99,9,99,9,9,6,6,2,-1,-1,1364,1,13,VAUXHALL ASTRA,2,E01000901,0,-1
2021161049980,2021,161049980,2,9,0,18,19,2,6,0,0,1,0,0,0,0,1,1,6,6,1,34,6,1364,1,13,VAUXHALL ASTRA,1,E01013221,0,-1
2021361076332,2021,361076332,1,9,0,9,9,2,7,0,0,8,0,0,0,0,4,1,5,6,1,72,10,1598,1,16,VAUXHALL ASTRA,6,E01026529,0,-1
2021170M10131,2021,170M10131,2,9,0,18,19,4,8,0,0,8,0,0,0,0,1,1,6,6,1,42,7,1598,1,6,VAUXHALL ASTRA,-1,-1,0,-1
2021052100597,2021,052100597,1,9,0,18,19,3,7,0,0,0,0,0,0,0,4,1,6,6,1,35,6,1598,2,5,VAUXHALL ASTRA,2,E01006862,0,-1
2021371039961,2021,371039961,1,9,0,18,19,4,7,0,0,4,0,0,0,0,1,1,5,6,1,29,6,1364,1,7,VAUXHALL ASTRA,6,E01030003,0,-1
2021061045473,2021,061045473,1,9,0,18,19,5,1,0,0,0,0,0,0,0,1,1,6,6,1,30,6,1598,2,3,VAUXHALL ASTRA,8,E01024939,0,-1
2021010349333,2021,010349333,2,9,0,99,99,9,9,99,99,9,9,99,9,99,1,9,6,6,3,29,6,1598,1,9,VAUXHALL ASTRA,1,E01004198,0,-1
2021520101571,2021,520101571,1,9,0,18,19,3,7,0,0,8,1,0,7,1,1,1,2,2,2,27,6,1598,1,14,VAUXHALL ASTRA,5,E01029071,0,-1
2021501022358,2021,501022358,1,9,0,9,9,8,4,0,0,1,0,0,7,0,1,1,5,6,1,84,11,1364,1,15,VAUXHALL ASTRA,6,E01020326,0,-1
2021052101880,2021,052101880,1,9,0,9,9,5,3,0,0,4,0,0,0,0,1,1,6,6,1,64,9,1598,1,7,VAUXHALL ASTRA,1,E01006849,0,-1
2021451052517,2021,451052517,1,9,0,4,4,6,2,0,0,0,1,0,0,0,2,1,5,6,1,46,8,1598,2,7,VAUXHALL ASTRA,9,E01030964,0,-1
2021041080038,2021,041080038,1,9,0,2,2,1,5,0,0,1,0,0,0,0,3,1,6,6,1,33,6,1398,1,7,VAUXHALL ASTRA,-1,-1,0,-1
2021440248964,2021,440248964,1,9,0,18,19,6,2,0,0,8,0,0,0,0,3,1,6,6,2,50,8,1398,1,7,VAUXHALL ASTRA,5,E01023015,0,-1
2021401118850,2021,401118850,1,9,-1,-1,-1,6,2,-1,-1,0,-1,-1,-1,0,-1,1,6,6,2,46,8,1796,1,13,VAUXHALL ASTRA,3,E01015813,0,-1
2021548733621,2021,548733621,1,9,0,18,19,4,1,0,0,0,5,0,7,11,4,1,6,6,1,25,5,1598,1,22,VAUXHALL ASTRA,5,E01031869,0,-1
2021201070482,2021,201070482,1,9,0,7,7,1,3,0,0,2,0,4,0,0,1,1,5,6,1,-1,-1,1686,2,12,VAUXHALL ASTRA,-1,-1,0,-1
2021122100264,2021,122100264,1,9,0,3,3,1,5,0,0,1,0,0,0,0,2,1,6,6,1,55,8,1598,1,14,VAUXHALL ASTRA,3,E01027837,0,-1
2021320469504,2021,320469504,1,9,0,18,19,8,4,0,0,2,0,0,0,0,1,1,6,6,2,42,7,1598,1,15,VAUXHALL ASTRA,3,E01026123,0,-1
2021010305542,2021,010305542,2,9,9,18,19,3,7,99,99,1,9,99,9,99,1,9,6,6,1,32,6,1399,1,4,VAUXHALL ASTRA,-1,-1,0,-1
2021010336224,2021,010336224,2,9,0,99,99,9,9,99,99,9,9,99,9,99,1,9,6,6,3,-1,-1,1796,1,14,VAUXHALL ASTRA,-1,-1,0,-1
2021411082311,2021,411082311,1,9,0,9,9,8,5,0,0,0,0,0,0,0,1,1,6,6,1,18,4,1796,1,13,VAUXHALL ASTRA,5,E01023358,0,-1
2021501112540,2021,501112540,2,9,0,18,19,3,7,0,0,0,1,0,0,0,2,1,5,6,1,35,6,1598,1,13,VAUXHALL ASTRA,1,E01015151,0,-1
2021201043955,2021,201043955,1,9,0,18,19,4,8,0,0,0,0,4,0,0,1,1,6,6,3,-1,-1,1364,1,15,VAUXHALL ASTRA,-1,-1,0,-1
2021010337600,2021,010337600,2,9,0,99,99,9,9,99,99,9,9,99,9,99,1,9,6,6,3,-1,-1,1796,1,16,VAUXHALL ASTRA,-1,-1,0,-1
2021061074163,2021,061074163,1,9,0,18,19,1,5,0,0,8,0,0,0,0,4,1,2,2,1,20,4,-1,-1,-1,VAUXHALL ASTRA,3,E01006253,0,-1
2021531127258,2021,531127258,1,9,0,5,5,8,2,0,0,0,0,0,0,0,3,1,6,6,2,32,6,1598,1,16,VAUXHALL ASTRA,9,E01022119,0,-1
2021320263993,2021,320263993,2,9,0,18,19,8,4,0,0,8,0,0,0,0,1,1,2,2,1,31,6,1598,1,14,VAUXHALL ASTRA,10,E01026215,0,-1
2021010335121,2021,010335121,1,9,0,18,19,5,1,9,9,8,0,10,0,0,1,1,2,2,1,19,4,1398,1,10,VAUXHALL ASTRA,1,E01004399,0,-1
2021461120799,2021,461120799,1,9,0,5,5,3,7,0,0,4,0,0,0,0,1,1,6,6,1,33,6,1686,2,10,VAUXHALL ASTRA,1,E01024148,0,-1
2021131075578,2021,131075578,1,9,0,-1,-1,-1,-1,-1,-1,0,-1,-1,-1,-1,-1,1,6,6,3,-1,-1,1796,1,15,VAUXHALL ASTRA,-1,-1,0,-1
2021302100624,2021,302100624,2,9,0,2,2,0,0,0,0,0,0,0,0,0,3,1,6,6,3,-1,-1,1796,1,19,VAUXHALL ASTRA,-1,-1,0,-1
2021041096524,2021,041096524,2,9,0,2,2,1,5,0,0,0,0,0,0,0,4,1,6,6,3,-1,-1,1998,1,6,VAUXHALL ASTRA,-1,-1,0,-1
2021440186667,2021,440186667,1,9,0,18,19,3,7,0,0,1,0,0,0,0,1,1,6,6,2,40,7,1598,1,19,VAUXHALL ASTRA,2,E01023119,0,-1
2021461034307,2021,461034307,1,9,0,9,9,3,1,0,0,8,0,0,1,0,1,1,5,6,1,15,3,1598,1,12,VAUXHALL ASTRA,-1,-1,0,-1
2021622100857,2021,622100857,1,9,0,9,9,8,6,0,0,1,0,0,0,0,1,1,2,2,2,42,7,1364,1,7,VAUXHALL ASTRA,3,W01000907,0,-1
2021070238228,2021,070238228,1,9,0,17,19,8,6,0,0,1,0,0,0,0,3,1,6,6,1,38,7,1686,2,8,VAUXHALL ASTRA,2,E01005111,0,-1
2021161052507,2021,161052507,2,9,0,18,19,7,3,0,0,0,1,0,0,0,1,1,6,6,1,26,6,1598,1,15,VAUXHALL ASTRA,-1,-1,0,-1
2021471101110,2021,471101110,1,9,0,10,10,7,5,0,0,1,0,0,0,0,2,1,3,7,2,33,6,1598,2,5,VAUXHALL ASTRA,5,E01031570,0,-1
2021461052740,2021,461052740,2,9,0,18,19,7,3,0,0,0,0,0,0,0,2,1,5,6,1,37,7,1399,1,3,VAUXHALL ASTRA,10,E01000445,0,-1
2021440334458,2021,440334458,2,9,0,9,9,5,1,0,0,8,0,0,0,0,1,1,6,6,2,28,6,1364,1,11,VAUXHALL ASTRA,10,E01022714,0,-1
2021461033997,2021,461033997,2,9,0,18,19,5,6,0,0,0,0,0,0,0,4,1,3,7,2,32,6,1598,2,4,VAUXHALL ASTRA,3,E01016022,0,-1
2021010295182,2021,010295182,1,9,0,7,7,6,1,0,0,6,0,0,0,0,3,1,6,6,2,22,5,1398,1,9,VAUXHALL ASTRA,4,E01004016,0,-1
2021501124174,2021,501124174,1,9,0,18,19,1,4,0,0,0,0,0,7,11,1,1,5,6,1,32,6,1796,1,11,VAUXHALL ASTRA,6,E01015264,0,-1
2021351073947,2021,351073947,1,9,0,17,19,5,2,0,0,0,2,0,1,0,1,1,6,6,2,20,4,1598,1,12,VAUXHALL ASTRA,4,E01018096,0,-1
2021471031055,2021,471031055,2,9,0,18,19,7,3,0,0,0,0,0,0,0,0,1,6,6,1,22,5,1598,1,14,VAUXHALL ASTRA,7,E01021112,0,-1
202131B040721,2021,31B040721,1,9,0,13,13,8,4,0,0,8,1,10,0,0,4,1,6,6,1,26,6,1998,1,14,VAUXHALL ASTRA,3,E01028019,0,-1
2021411062008,2021,411062008,2,9,0,18,19,8,5,0,0,4,0,0,0,0,4,1,6,6,3,51,8,1364,1,13,VAUXHALL ASTRA,4,E01000134,0,-1
2021522201654,2021,522201654,1,9,0,7,7,1,3,0,0,6,0,0,0,0,3,1,6,6,2,67,10,1796,1,15,VAUXHALL ASTRA,4,E01016357,0,-1
2021131083771,2021,131083771,1,9,0,18,19,7,3,0,0,8,1,10,1,2,1,1,6,6,3,-1,-1,1598,1,14,VAUXHALL ASTRA,-1,-1,0,-1
2021471103988,2021,471103988,2,9,0,9,9,5,1,0,0,0,0,0,0,0,1,1,5,6,1,21,5,1364,1,6,VAUXHALL ASTRA,4,E01028228,0,-1
2021320623905,2021,320623905,1,9,0,18,19,4,8,0,0,0,5,0,7,3,1,1,6,6,1,18,4,1389,1,18,VAUXHALL ASTRA,8,E01013149,0,-1
2021131069317,2021,131069317,1,9,0,5,5,5,1,0,0,6,0,0,0,0,2,1,6,6,1,72,10,1598,1,7,VAUXHALL ASTRA,4,E01032498,0,-1
2021991125464,2021,991125464,1,9,0,18,19,4,8,0,0,2,0,0,0,0,1,1,3,7,1,34,6,1598,1,8,VAUXHALL ASTRA,3,-1,0,-1
2021991019748,2021,991019748,1,9,0,15,15,6,2,0,0,0,2,0,0,0,1,1,1,1,1,29,6,1364,1,11,VAUXHALL ASTRA,6,-1,0,-1
2021010299673,2021,010299673,1,9,0,18,19,7,3,0,0,1,0,0,0,0,1,1,6,6,1,29,6,1686,2,11,VAUXHALL ASTRA,8,E01024784,0,-1
2021201048318,2021,201048318,1,9,0,18,19,5,1,0,0,0,0,0,0,0,0,1,1,1,1,22,5,1686,2,11,VAUXHALL ASTRA,1,E01010482,0,-1
2021052101324,2021,052101324,6,9,0,2,2,0,0,0,0,2,0,0,0,0,1,1,6,6,3,-1,-1,1364,1,10,VAUXHALL ASTRA,-1,-1,0,-1
2021231076161,2021,231076161,1,9,0,18,19,2,6,0,0,8,1,0,1,0,3,1,6,6,2,26,6,1686,2,16,VAUXHALL ASTRA,3,E01031053,0,-1
2021471111674,2021,471111674,1,9,0,7,7,2,5,0,0,6,0,0,0,0,3,1,5,6,2,43,7,1598,1,16,VAUXHALL ASTRA,5,E01021114,0,-1
2021471124450,2021,471124450,1,9,0,1,1,1,5,0,0,0,0,0,0,0,2,1,5,6,1,22,5,1598,2,2,VAUXHALL ASTRA,6,E01021034,0,-1
2021451041837,2021,451041837,2,9,0,5,5,1,5,0,0,6,0,0,0,0,3,1,1,1,2,22,5,1598,1,10,VAUXHALL ASTRA,6,E01030618,0,-1
2021010300461,2021,010300461,2,9,0,3,3,1,5,0,0,1,0,0,0,0,2,1,6,6,1,22,5,1956,2,8,VAUXHALL ASTRA,6,E01032567,0,-1
2021430405001,2021,430405001,1,9,0,18,19,8,4,0,0,8,0,0,0,0,1,1,6,6,1,79,11,1598,1,10,VAUXHALL ASTRA,8,E01027101,0,-1
2021541501221,2021,541501221,3,9,0,18,19,2,6,0,0,0,0,0,0,0,0,1,1,1,1,-1,-1,1598,2,4,VAUXHALL ASTRA,-1,-1,0,-1
2021461085695,2021,461085695,2,9,0,18,19,1,5,0,0,1,0,0,0,0,4,1,6,6,2,25,5,1796,1,15,VAUXHALL ASTRA,5,E01024692,0,-1
2021131079491,2021,131079491,2,9,0,18,19,4,8,0,0,0,1,0,1,0,1,1,5,6,1,17,4,1796,1,14,VAUXHALL ASTRA,1,E01011292,0,-1
2021302101352,2021,302101352,1,9,0,18,19,6,2,0,0,0,0,0,0,0,3,1,6,6,1,23,5,1686,2,15,VAUXHALL ASTRA,3,E01013531,0,-1
2021461110317,2021,461110317,1,9,0,18,19,5,1,0,0,0,0,0,0,0,4,1,3,7,2,72,10,1399,1,3,VAUXHALL ASTRA,4,E01024582,0,-1
2021010293323,2021,010293323,2,9,0,9,9,5,4,0,0,5,0,0,0,0,4,1,6,6,2,45,7,1398,1,11,VAUXHALL ASTRA,-1,-1,0,-1
2021461065524,2021,461065524,1,9,0,18,19,2,8,0,0,1,0,0,0,0,4,1,6,6,1,76,11,1399,1,2,VAUXHALL ASTRA,9,E01024300,0,-1
2021451018256,2021,451018256,1,9,0,18,19,7,3,0,0,8,0,0,0,0,4,1,5,6,1,29,6,1598,2,4,VAUXHALL ASTRA,6,E01030737,0,-1
2021010311282,2021,010311282,1,9,0,18,19,5,1,0,0,2,0,0,0,0,2,1,6,6,1,59,9,1598,1,11,VAUXHALL ASTRA,3,E01001004,0,-1
2021411119254,2021,411119254,3,9,0,2,2,0,0,0,0,0,0,0,0,0,0,1,1,1,1,34,6,1598,2,3,VAUXHALL ASTRA,-1,-1,0,-1
2021010334639,2021,010334639,1,9,0,13,13,3,7,0,0,1,0,0,0,0,4,1,4,7,1,56,9,1398,1,10,VAUXHALL ASTRA,3,E01002841,0,-1
202134WNC2741,2021,34WNC2741,1,9,0,18,19,2,6,0,0,6,0,0,0,0,1,1,6,6,1,19,4,1364,1,15,VAUXHALL ASTRA,10,E01031155,0,-1
2021141127435,2021,141127435,3,9,0,8,8,2,6,0,0,1,0,0,0,0,1,1,1,1,1,63,9,1598,2,4,VAUXHALL ASTRA,1,E01008059,0,-1
2021461024548,2021,461024548,1,9,0,9,9,6,2,0,0,0,0,0,0,0,0,1,1,1,1,22,5,1598,2,4,VAUXHALL ASTRA,6,E01032798,0,-1
2021440087745,2021,440087745,2,9,0,18,19,3,5,0,0,8,0,0,0,0,1,1,6,6,2,27,6,1399,1,5,VAUXHALL ASTRA,6,E01017138,0,-1
202154A048321,2021,54A048321,1,9,0,18,19,8,4,0,0,0,5,4,0,0,1,1,6,6,1,82,11,1686,2,17,VAUXHALL ASTRA,7,E01031852,0,-1
2021010341181,2021,010341181,1,9,0,18,19,1,5,0,0,8,0,0,1,11,1,1,6,6,1,21,5,1598,1,11,VAUXHALL ASTRA,5,E01002739,0,-1
202131B039421,2021,31B039421,2,9,0,17,19,7,4,0,0,8,0,0,0,0,4,1,6,6,1,35,6,1686,2,9,VAUXHALL ASTRA,5,E01028012,0,-1
2021622100914,2021,622100914,1,9,0,13,13,8,4,0,0,0,0,0,0,0,1,1,2,2,2,53,8,1399,1,3,VAUXHALL ASTRA,10,W01001106,0,-1
2021451081714,2021,451081714,3,9,0,18,19,4,8,0,0,0,0,0,0,0,2,1,2,2,1,36,7,1496,2,0,VAUXHALL ASTRA,7,E01016812,0,-1
2021221117024,2021,221117024,2,9,0,5,5,5,8,0,0,6,0,0,0,0,1,1,5,6,1,32,6,1686,2,16,VAUXHALL ASTRA,1,W01001459,0,-1
2021411077399,2021,411077399,2,9,0,5,5,1,5,0,0,3,0,0,0,0,1,1,5,6,1,29,6,1598,1,13,VAUXHALL ASTRA,-1,-1,0,-1
2021061126400,2021,061126400,2,9,0,18,19,6,2,0,0,0,0,0,0,0,3,1,5,6,1,36,7,1598,1,9,VAUXHALL ASTRA,5,E01006387,0,-1
2021991071560,2021,991071560,1,9,0,16,19,7,3,0,0,0,0,0,0,0,1,1,2,2,1,22,5,1598,1,11,VAUXHALL ASTRA,3,-1,0,-1
2021010288868,2021,010288868,1,9,0,99,99,9,9,99,99,9,9,99,9,99,2,9,6,6,1,30,6,999,1,5,VAUXHALL ASTRA,10,E01022884,0,-1
2021070727941,2021,070727941,2,9,0,3,3,5,1,0,0,0,0,0,0,0,2,1,6,6,2,43,7,1364,1,12,VAUXHALL ASTRA,4,E01018535,0,-1
2021010305456,2021,010305456,2,9,0,7,7,5,6,0,0,3,0,0,0,0,3,2,1,1,1,39,7,1598,1,14,VAUXHALL ASTRA,5,E01002515,0,-1
2021451071304,2021,451071304,1,9,0,18,19,1,5,0,0,0,0,0,0,0,3,1,2,2,2,21,5,1364,1,13,VAUXHALL ASTRA,5,E01030640,0,-1
2021461029023,2021,461029023,2,9,0,2,2,0,0,0,0,1,0,4,0,0,3,1,6,6,1,74,10,1598,1,18,VAUXHALL ASTRA,9,E01024298,0,-1
2021010322332,2021,010322332,1,9,0,99,99,9,9,99,99,9,9,99,9,99,1,9,6,6,2,-1,-1,1598,1,11,VAUXHALL ASTRA,2,E01004033,0,-1
2021131108980,2021,131108980,2,9,0,2,2,0,0,0,0,0,0,0,0,0,0,1,6,6,3,-1,-1,1956,2,8,VAUXHALL ASTRA,-1,-1,0,-1
2021371075727,2021,371075727,1,9,0,18,19,1,7,0,0,1,0,0,1,11,1,1,6,6,1,25,5,-1,-1,-1,VAUXHALL ASTRA,8,E01013166,0,-1