collision_index,collision_year,collision_ref_no,vehicle_reference,vehicle_type,towing_and_articulation,vehicle_manoeuvre_historic,vehicle_manoeuvre,vehicle_direction_from,vehicle_direction_to,vehicle_location_restricted_lane_historic,vehicle_location_restricted_lane,junction_location,skidding_and_overturning,hit_object_in_carriageway,vehicle_leaving_carriageway,hit_object_off_carriageway,first_point_of_impact,vehicle_left_hand_drive,journey_purpose_of_driver_historic,journey_purpose_of_driver,sex_of_driver,age_of_driver,age_band_of_driver,engine_capacity_cc,propulsion_code,age_of_vehicle,generic_make_model,driver_imd_decile,lsoa_of_driver,escooter_flag,driver_distance_banding
2021041018191,2021,041018191,1,9,0,18,19,1,5,0,0,0,5,10,7,7,1,1,6,6,1,28,6,1910,2,13,VAUXHALL ASTRA,1,E01025248,0,-1
2021101029372,2021,101029372,2,9,0,2,2,7,1,0,0,0,0,0,0,0,4,1,5,6,1,23,5,1598,1,14,VAUXHALL ASTRA,-1,-1,0,-1
2021552100928,2021,552100928,2,9,0,18,19,5,1,0,0,8,1,0,1,3,1,1,1,1,1,33,6,1598,2,2,VAUXHALL ASTRA,9,E01020391,0,-1
2021440162679,2021,440162679,1,9,0,18,19,2,6,0,0,1,0,0,7,0,1,1,2,2,1,18,4,1796,1,16,VAUXHALL ASTRA,8,E01032871,0,-1
2021010343734,2021,010343734,3,9,0,18,19,3,7,0,0,8,0,0,0,0,4,1,6,6,1,25,5,1598,1,11,VAUXHALL ASTRA,5,E01003701,0,-1
2021010351843,2021,010351843,2,9,0,99,99,9,9,99,99,9,9,99,9,99,1,9,6,6,3,-1,-1,1796,1,14,VAUXHALL ASTRA,-1,-1,0,-1
2021430415207,2021,430415207,1,9,0,9,9,6,4,0,0,2,0,0,0,0,4,1,6,6,1,22,5,1686,2,11,VAUXHALL ASTRA,9,E01028629,0,-1
2021221043693,2021,221043693,1,9,0,9,9,5,3,0,0,6,0,0,0,0,1,1,5,6,1,20,4,1399,1,4,VAUXHALL ASTRA,-1,-1,0,-1
2021451038175,2021,451038175,1,9,0,17,19,5,3,0,0,0,5,0,1,1,1,1,5,6,1,20,4,1686,2,13,VAUXHALL ASTRA,4,E01031549,0,-1
2021122100646,2021,122100646,1,9,0,3,3,1,5,0,0,1,0,0,0,0,2,1,6,6,2,50,8,1796,1,16,VAUXHALL ASTRA,1,E01027806,0,-1
202134NNC1721,2021,34NNC1721,1,9,0,11,11,7,3,0,0,0,0,0,1,4,3,1,2,2,1,24,5,-1,-1,-1,VAUXHALL ASTRA,7,E01017437,0,-1
2021161060104,2021,161060104,2,9,0,4,4,4,8,0,0,0,0,0,0,0,1,1,6,6,1,28,6,1398,1,7,VAUXHALL ASTRA,1,E01013219,0,-1
2021010325355,2021,010325355,2,9,0,18,19,5,1,0,0,2,0,0,0,0,1,1,6,6,1,29,6,1598,1,11,VAUXHALL ASTRA,2,E01004242,0,-1
2021010342182,2021,010342182,1,9,0,18,19,5,1,0,0,1,0,4,0,0,1,1,6,6,1,41,7,1598,1,15,VAUXHALL ASTRA,2,E01001006,0,-1
2021122200113,2021,122200113,1,9,0,18,19,5,1,0,0,4,0,0,0,0,1,1,6,6,2,61,9,1796,1,14,VAUXHALL ASTRA,7,E01007743,0,-1
2021161021607,2021,161021607,2,9,0,4,4,6,8,0,0,3,0,0,0,0,2,1,6,6,2,28,6,1598,1,8,VAUXHALL ASTRA,1,E01013220,0,-1
2021471086462,2021,471086462,1,9,0,18,19,2,6,0,0,1,0,0,0,0,1,1,2,2,2,20,4,1686,2,11,VAUXHALL ASTRA,4,E01020971,0,-1
2021070577743,2021,070577743,2,9,0,2,2,0,0,0,0,0,0,0,0,0,2,1,6,6,2,54,8,1956,2,9,VAUXHALL ASTRA,-1,-1,0,-1
2021010351046,2021,010351046,2,9,0,99,99,9,9,99,99,9,9,99,9,99,2,9,6,6,3,-1,-1,1598,1,15,VAUXHALL ASTRA,-1,-1,0,-1
2021101039470,2021,101039470,2,9,0,4,4,3,7,0,0,0,0,0,0,0,2,1,2,2,1,31,6,1398,1,9,VAUXHALL ASTRA,2,E01008300,0,-1
2021131034207,2021,131034207,1,9,0,18,19,4,8,0,0,8,0,0,0,0,4,1,2,2,1,22,5,1598,1,11,VAUXHALL ASTRA,4,E01011089,0,-1
2021991089769,2021,991089769,1,9,0,17,19,2,7,0,0,0,0,0,1,0,1,1,6,6,1,32,6,1364,1,15,VAUXHALL ASTRA,1,-1,0,-1
2021041090407,2021,041090407,1,9,0,18,19,6,8,0,0,8,0,0,0,0,1,1,2,2,2,54,8,1598,2,4,VAUXHALL ASTRA,8,E01025539,0,-1
2021320283443,2021,320283443,1,9,0,9,9,5,2,0,0,6,0,0,0,0,3,1,6,6,1,80,11,1796,1,18,VAUXHALL ASTRA,3,E01026123,0,-1
2021351035818,2021,351035818,2,9,0,12,12,5,1,0,0,1,0,0,7,0,1,1,1,1,1,30,6,1598,2,2,VAUXHALL ASTRA,-1,-1,0,-1
2021010303752,2021,010303752,2,9,3,18,19,5,1,0,0,3,1,0,0,0,1,1,1,1,1,33,6,1598,2,6,VAUXHALL ASTRA,-1,-1,0,-1
2021440480200,2021,440480200,3,9,0,9,9,7,4,0,0,8,0,0,0,0,3,1,6,6,1,72,10,1598,1,6,VAUXHALL ASTRA,10,E01022467,0,-1
2021440238142,2021,440238142,1,9,0,9,9,6,4,0,0,8,0,0,0,0,3,1,2,2,2,40,7,1598,1,11,VAUXHALL ASTRA,2,E01032879,0,-1
2021201135751,2021,201135751,2,9,0,7,7,7,2,0,0,8,0,0,0,0,3,1,2,2,1,31,6,1956,2,10,VAUXHALL ASTRA,1,E01009480,0,-1
2021201093895,2021,201093895,1,9,0,9,9,6,4,0,0,6,0,0,0,0,1,1,6,6,1,48,8,1598,2,3,VAUXHALL ASTRA,-1,-1,0,-1
2021161118098,2021,161118098,1,9,0,18,19,7,3,0,0,4,0,0,0,0,1,1,1,1,1,52,8,1686,2,11,VAUXHALL ASTRA,1,E01013298,0,-1
2021070483211,2021,070483211,1,9,0,9,9,1,7,0,0,8,0,0,0,0,4,1,6,6,1,-1,-1,1598,2,4,VAUXHALL ASTRA,7,E01007225,0,-1
2021531030587,2021,531030587,3,9,0,13,13,6,2,0,0,0,0,0,0,0,4,1,1,1,1,-1,-1,1598,2,4,VAUXHALL ASTRA,-1,-1,0,-1
2021430279029,2021,430279029,2,9,0,18,19,8,4,0,0,8,0,0,0,0,4,1,6,6,1,26,6,1598,2,4,VAUXHALL ASTRA,2,E01016835,0,-1
2021471076217,2021,471076217,2,9,0,2,2,0,0,6,6,2,0,0,0,0,2,1,6,6,3,-1,-1,1956,2,9,VAUXHALL ASTRA,-1,-1,0,-1
2021010337058,2021,010337058,2,9,0,99,99,9,9,99,99,9,9,99,9,99,1,9,6,6,3,-1,-1,1398,1,8,VAUXHALL ASTRA,5,E01001157,0,-1
2021101118189,2021,101118189,1,9,0,18,19,3,7,0,0,4,0,0,0,0,1,1,2,2,1,43,7,1598,1,11,VAUXHALL ASTRA,3,E01008851,0,-1
2021010325561,2021,010325561,2,9,0,7,7,3,6,0,0,1,0,0,0,0,4,1,2,2,1,21,5,1598,1,8,VAUXHALL ASTRA,1,E01004300,0,-1
2021010310862,2021,010310862,1,9,0,18,19,3,7,0,0,1,0,0,0,0,1,1,6,6,1,27,6,1248,2,13,VAUXHALL ASTRA,4,E01000031,0,-1
2021411066773,2021,411066773,2,9,0,18,19,5,1,0,0,1,0,0,0,0,4,1,6,6,1,34,6,1598,1,8,VAUXHALL ASTRA,10,E01023505,0,-1
2021401064172,2021,401064172,1,9,0,9,9,4,8,0,0,8,0,0,0,0,1,1,6,6,2,36,7,1598,1,11,VAUXHALL ASTRA,3,E01017580,0,-1
202131B010821,2021,31B010821,2,9,0,9,9,6,5,0,0,6,0,0,0,0,3,1,6,6,2,20,4,1686,2,10,VAUXHALL ASTRA,1,E01028318,0,-1
2021010331589,2021,010331589,1,9,0,99,99,9,9,99,99,9,9,99,9,99,4,9,2,2,1,32,6,1598,2,5,VAUXHALL ASTRA,2,E01001011,0,-1
2021131119583,2021,131119583,1,9,0,18,19,1,5,0,0,0,0,0,0,0,4,1,5,6,1,90,11,1399,1,3,VAUXHALL ASTRA,10,E01011554,0,-1
2021471034288,2021,471034288,2,9,0,18,19,2,6,0,0,1,0,0,0,0,3,1,5,6,1,31,6,1686,2,9,VAUXHALL ASTRA,7,E01017008,0,-1
2021461021760,2021,461021760,1,9,0,18,19,7,3,0,0,2,0,0,0,0,4,1,6,6,1,55,8,-1,-1,-1,VAUXHALL ASTRA,6,E01024557,0,-1
2021320675957,2021,320675957,1,9,0,17,19,1,5,0,0,0,1,0,1,0,1,1,1,1,1,29,6,1686,2,17,VAUXHALL ASTRA,3,E01015652,0,-1
2021421062889,2021,421062889,1,9,0,18,19,5,7,0,0,3,0,0,0,0,1,1,1,1,1,19,4,1686,2,19,VAUXHALL ASTRA,-1,-1,0,-1
2021201082438,2021,201082438,1,9,0,18,19,8,4,0,0,0,1,10,1,5,4,1,6,6,1,26,6,1248,2,15,VAUXHALL ASTRA,2,E01010268,0,-1
2021531062336,2021,531062336,1,9,0,16,19,6,6,0,0,2,0,0,0,0,1,1,6,6,2,54,8,1598,2,6,VAUXHALL ASTRA,7,E01022273,0,-1
2021010306999,2021,010306999,2,9,0,99,99,9,9,99,99,9,9,99,9,99,9,9,6,6,3,-1,-1,1399,1,4,VAUXHALL ASTRA,-1,-1,0,-1
2021411071519,2021,411071519,3,9,0,2,2,0,0,0,0,0,0,0,0,0,1,1,6,6,3,-1,-1,1598,1,16,VAUXHALL ASTRA,-1,-1,0,-1
2021041104238,2021,041104238,1,9,0,18,19,8,4,0,0,0,0,11,1,0,1,1,6,6,1,24,5,1364,1,16,VAUXHALL ASTRA,2,E01025274,0,-1
2021010330350,2021,010330350,1,9,0,18,19,5,1,0,0,8,0,0,0,0,1,1,6,6,1,59,9,1796,1,16,VAUXHALL ASTRA,4,E01003453,0,-1
2021430569073,2021,430569073,1,9,0,18,19,6,2,0,0,0,0,0,1,10,4,1,6,6,2,24,5,1686,2,7,VAUXHALL ASTRA,10,E01016338,0,-1
2021430058982,2021,430058982,1,9,0,9,9,8,6,0,0,5,0,0,0,0,4,1,2,2,2,40,7,1598,1,14,VAUXHALL ASTRA,4,E01016448,0,-1
2021060377807,2021,060377807,1,19,0,10,10,3,8,0,0,6,0,0,0,0,1,1,6,6,1,39,7,1686,2,19,VAUXHALL ASTRA,9,E01018601,0,-1
2021141078798,2021,141078798,2,9,0,18,19,2,6,0,0,0,0,0,1,0,1,1,5,6,2,32,6,1598,1,9,VAUXHALL ASTRA,1,E01007941,0,-1
2021131116074,2021,131116074,3,9,0,2,2,0,0,0,0,8,0,0,0,0,1,1,6,6,3,-1,-1,1796,1,11,VAUXHALL ASTRA,-1,-1,0,-1
2021010324161,2021,010324161,1,9,0,18,19,5,1,0,0,1,0,0,3,0,1,1,6,6,1,71,10,1598,1,20,VAUXHALL ASTRA,9,E01004053,0,-1
2021302100565,2021,302100565,2,9,0,18,19,4,8,0,0,1,0,0,7,11,4,1,2,2,1,30,6,1364,1,13,VAUXHALL ASTRA,7,E01019770,0,-1
202134NNC2841,2021,34NNC2841,1,9,0,18,19,7,3,0,0,1,0,0,0,0,1,1,2,2,1,31,6,1598,1,18,VAUXHALL ASTRA,8,E01027337,0,-1
2021010338971,2021,010338971,2,9,0,99,99,9,9,99,99,9,9,99,9,99,1,9,6,6,3,-1,-1,1364,1,14,VAUXHALL ASTRA,5,E01000927,0,-1
2021010320758,2021,010320758,2,9,0,18,19,7,3,0,0,1,0,0,7,0,3,1,6,6,1,25,5,1796,1,12,VAUXHALL ASTRA,-1,-1,0,-1
2021231162855,2021,231162855,2,9,0,18,19,4,8,0,0,1,0,0,0,0,0,1,5,6,1,63,9,1598,2,7,VAUXHALL ASTRA,4,E01008973,0,-1
2021010338296,2021,010338296,5,9,0,4,4,5,1,0,0,0,0,0,0,0,1,1,6,6,1,26,6,1598,2,5,VAUXHALL ASTRA,2,E01004402,0,-1
2021010352161,2021,010352161,2,9,0,99,99,9,9,99,99,9,9,99,9,99,1,9,6,6,3,-1,-1,1598,1,8,VAUXHALL ASTRA,-1,-1,0,-1
2021211060483,2021,211060483,2,9,0,9,9,2,7,0,0,0,0,0,0,0,1,1,5,6,1,27,6,1796,1,14,VAUXHALL ASTRA,-1,-1,0,-1
2021010333962,2021,010333962,2,9,0,99,99,9,9,99,99,9,9,99,9,99,2,9,6,6,3,-1,-1,1598,1,16,VAUXHALL ASTRA,5,E01000593,0,-1
2021501015866,2021,501015866,3,9,0,18,19,3,7,0,0,0,0,0,0,0,1,1,1,1,1,-1,-1,1598,2,3,VAUXHALL ASTRA,-1,-1,0,-1
2021201142102,2021,201142102,1,9,0,18,19,3,7,0,0,0,0,0,0,0,2,1,6,6,2,25,5,1199,1,1,VAUXHALL ASTRA,2,E01009304,0,-1
2021041070279,2021,041070279,1,9,0,18,19,3,7,0,0,4,0,0,0,0,4,1,6,6,1,29,6,1364,1,5,VAUXHALL ASTRA,3,E01025492,0,-1
2021052102407,2021,052102407,2,9,0,9,9,5,3,0,0,5,0,0,0,0,4,1,6,6,1,45,7,1910,2,14,VAUXHALL ASTRA,4,E01007001,0,-1
2021010289631,2021,010289631,2,9,0,18,19,5,1,0,0,1,0,0,0,0,0,1,1,1,1,31,6,1399,1,2,VAUXHALL ASTRA,7,E01002514,0,-1
2021201062867,2021,201062867,1,9,0,18,19,8,4,0,0,1,0,0,0,0,1,1,6,6,2,53,8,1364,1,12,VAUXHALL ASTRA,1,E01009051,0,-1
2021440167492,2021,440167492,3,9,0,18,19,2,6,0,0,0,0,0,0,0,2,1,6,6,1,23,5,1598,1,14,VAUXHALL ASTRA,8,E01023084,0,-1
2021201136241,2021,201136241,2,9,0,3,3,4,8,0,0,0,0,0,0,0,2,1,6,6,2,28,6,1598,1,11,VAUXHALL ASTRA,8,E01010553,0,-1
2021351047250,2021,351047250,2,9,0,18,19,1,5,0,0,0,0,0,0,0,1,1,6,6,1,46,8,1598,1,14,VAUXHALL ASTRA,1,E01015658,0,-1
2021131099476,2021,131099476,1,9,0,-1,-1,-1,-1,-1,-1,8,-1,-1,-1,0,-1,1,6,6,3,-1,-1,1796,1,12,VAUXHALL ASTRA,-1,-1,0,-1
2021430150100,2021,430150100,1,9,0,18,19,1,5,0,0,0,0,0,0,0,0,1,1,1,1,31,6,1598,2,2,VAUXHALL ASTRA,-1,-1,0,-1
2021421043223,2021,421043223,2,9,0,2,2,0,0,0,0,0,0,0,0,0,2,1,1,1,1,40,7,1598,2,4,VAUXHALL ASTRA,2,E01021318,0,-1
2021201040229,2021,201040229,2,9,0,18,19,2,6,0,0,0,0,0,0,0,0,1,1,1,1,38,7,1598,2,2,VAUXHALL ASTRA,-1,-1,0,-1
2021010296646,2021,010296646,1,9,0,99,99,9,9,99,99,9,9,99,9,99,9,9,6,6,2,22,5,1598,1,8,VAUXHALL ASTRA,2,E01003502,0,-1
2021010312681,2021,010312681,1,9,9,99,99,9,9,99,99,9,9,99,9,99,9,9,6,6,1,25,5,1796,1,13,VAUXHALL ASTRA,6,E01002422,0,-1
2021430263558,2021,430263558,2,9,0,9,9,5,3,0,0,6,0,0,0,0,1,1,6,6,1,-1,-1,999,1,5,VAUXHALL ASTRA,-1,-1,0,-1
2021401022706,2021,401022706,2,9,0,16,19,2,6,0,0,0,0,4,0,0,1,1,1,1,1,33,6,1598,2,4,VAUXHALL ASTRA,-1,-1,0,-1
2021302100501,2021,302100501,2,9,0,16,19,4,2,0,0,3,0,0,0,0,4,1,2,2,1,28,6,1389,1,18,VAUXHALL ASTRA,4,E01013493,0,-1
2021991089285,2021,991089285,1,9,0,18,19,1,5,0,0,0,0,0,0,0,1,1,5,6,1,34,6,1398,1,7,VAUXHALL ASTRA,7,-1,0,-1
2021010313097,2021,010313097,2,9,0,99,99,9,9,99,99,0,9,99,9,99,2,9,6,6,3,-1,-1,1598,1,10,VAUXHALL ASTRA,-1,-1,0,-1
2021231052045,2021,231052045,2,9,0,2,2,0,0,9,9,8,0,0,0,0,4,1,1,1,2,30,6,1598,2,4,VAUXHALL ASTRA,3,E01031064,0,-1
202154C133121,2021,54C133121,2,9,0,2,2,0,0,0,0,0,0,0,0,0,2,1,6,6,2,50,8,1598,2,7,VAUXHALL ASTRA,8,E01015487,0,-1
2021041025792,2021,041025792,1,9,0,9,9,4,8,0,0,1,5,0,0,0,1,1,6,6,3,-1,-1,1796,1,17,VAUXHALL ASTRA,-1,-1,0,-1
2021010327509,2021,010327509,2,9,0,12,12,1,5,0,0,0,0,0,0,0,1,1,6,6,1,25,5,1598,2,5,VAUXHALL ASTRA,3,E01003348,0,-1
2021371078303,2021,371078303,2,9,0,18,19,5,1,0,0,0,0,0,0,0,1,1,1,1,1,21,5,1598,2,2,VAUXHALL ASTRA,-1,-1,0,-1
2021531041357,2021,531041357,3,9,0,9,9,3,1,0,0,8,0,0,7,1,4,1,5,6,2,26,6,1598,1,12,VAUXHALL ASTRA,6,E01022338,0,-1
2021302101829,2021,302101829,1,9,0,18,19,2,6,0,0,0,1,0,1,11,3,1,2,2,1,25,5,1598,1,12,VAUXHALL ASTRA,3,E01029452,0,-1
2021010311697,2021,010311697,1,9,0,18,19,3,7,0,0,7,0,0,0,0,1,1,6,6,1,22,5,1398,1,10,VAUXHALL ASTRA,7,E01001882,0,-1
202134WNC1931,2021,34WNC1931,3,9,0,18,19,7,3,0,0,0,0,0,0,0,2,1,2,2,1,42,7,1686,2,8,VAUXHALL ASTRA,2,E01027105,0,-1
2021201110362,2021,201110362,1,9,0,18,19,4,8,0,0,0,0,0,0,0,1,1,6,6,1,48,8,1598,1,6,VAUXHALL ASTRA,8,E01009437,0,-1
2021138451238,2021,138451238,1,9,0,18,19,7,3,0,0,0,0,0,0,0,2,1,6,6,2,28,6,1399,1,5,VAUXHALL ASTRA,1,E01011737,0,-1
2021401073931,2021,401073931,3,9,0,4,4,4,8,0,0,0,0,0,0,0,2,1,2,2,2,41,7,1598,1,11,VAUXHALL ASTRA,6,E01015775,0,-1
2021122101385,2021,122101385,2,9,0,4,4,3,7,0,0,1,0,0,0,0,1,1,6,6,1,25,5,1686,2,10,VAUXHALL ASTRA,1,E01012021,0,-1
2021221061068,2021,221061068,2,9,0,18,19,5,1,0,0,6,0,0,0,0,1,1,5,6,1,26,6,1598,1,11,VAUXHALL ASTRA,2,E01013994,0,-1
2021141124787,2021,141124787,1,9,0,2,2,0,0,0,0,0,0,0,0,0,2,1,5,6,1,52,8,1910,2,14,VAUXHALL ASTRA,2,E01019483,0,-1
2021221126909,2021,221126909,2,9,0,18,19,8,4,0,0,0,0,0,0,0,1,1,6,6,1,30,6,1796,1,16,VAUXHALL ASTRA,2,E01009786,0,-1
2021522104838,2021,522104838,2,9,0,18,19,5,1,0,0,1,0,0,0,0,1,1,6,6,1,25,5,1796,1,16,VAUXHALL ASTRA,3,E01014502,0,-1
2021010342830,2021,010342830,2,9,9,99,99,9,9,0,0,8,9,0,0,0,9,9,6,6,2,-1,-1,1796,1,15,VAUXHALL ASTRA,-1,-1,0,-1
2021010313636,2021,010313636,3,9,0,18,19,7,3,0,0,4,0,0,0,0,0,1,6,6,1,32,6,1598,2,6,VAUXHALL ASTRA,6,E01000330,0,-1
2021010324493,2021,010324493,2,9,0,7,7,1,3,0,0,1,0,0,0,0,2,1,1,1,1,52,8,1598,1,6,VAUXHALL ASTRA,1,E01000521,0,-1
2021991051110,2021,991051110,1,9,0,18,19,5,1,0,0,0,0,0,0,0,1,1,5,6,2,36,7,1399,1,5,VAUXHALL ASTRA,1,-1,0,-1
2021131043617,2021,131043617,2,9,0,5,5,5,1,0,0,1,0,0,0,0,1,1,5,6,2,57,9,1598,1,8,VAUXHALL ASTRA,2,E01011284,0,-1
2021302101533,2021,302101533,3,9,0,2,2,0,0,0,0,0,0,4,0,0,2,1,6,6,3,-1,-1,1398,1,10,VAUXHALL ASTRA,-1,-1,0,-1
2021552101095,2021,552101095,2,9,0,18,19,4,8,0,0,1,0,0,0,0,1,1,6,6,1,55,8,1598,1,7,VAUXHALL ASTRA,6,E01015460,0,-1
2021031121288,2021,031121288,2,9,0,17,19,8,4,0,0,0,0,0,0,0,1,1,5,6,1,32,6,1956,2,8,VAUXHALL ASTRA,10,E01012558,0,-1
2021461127823,2021,461127823,1,9,0,17,19,6,2,0,0,0,0,0,2,0,4,1,5,6,2,26,6,1796,1,13,VAUXHALL ASTRA,4,E01016070,0,-1
2021010303601,2021,010303601,2,9,0,9,9,1,7,0,0,1,0,0,0,0,3,1,1,1,1,30,6,1796,1,15,VAUXHALL ASTRA,2,E01004024,0,-1
2021010319779,2021,010319779,1,9,0,3,3,8,4,0,0,2,0,0,0,0,0,1,1,1,1,31,6,1341,1,1,VAUXHALL ASTRA,1,E01003047,0,-1
2021010339091,2021,010339091,2,9,0,2,2,0,0,6,6,0,0,4,0,0,2,1,6,6,3,-1,-1,1399,1,2,VAUXHALL ASTRA,-1,-1,0,-1
2021010318566,2021,010318566,1,9,0,16,19,7,3,0,0,0,0,0,1,7,2,1,6,6,1,26,6,1398,1,9,VAUXHALL ASTRA,1,E01001426,0,-1
2021320596263,2021,320596263,1,9,0,18,19,8,4,0,0,0,0,0,1,0,0,1,1,1,1,31,6,1496,2,1,VAUXHALL ASTRA,2,E01033182,0,-1
2021401109977,2021,401109977,1,9,-1,-1,-1,3,1,-1,-1,-1,-1,-1,-1,0,-1,1,6,6,1,30,6,1399,1,4,VAUXHALL ASTRA,7,E01017584,0,-1
2021411051914,2021,411051914,1,9,0,5,5,8,4,0,0,1,1,0,0,0,1,1,5,6,2,32,6,1796,1,15,VAUXHALL ASTRA,6,E01023554,0,-1
2021471034365,2021,471034365,1,9,0,18,19,1,5,0,0,0,0,0,0,0,1,1,5,6,2,52,8,1364,1,10,VAUXHALL ASTRA,6,E01030912,0,-1
2021451034914,2021,451034914,1,9,0,9,9,1,7,0,0,1,0,0,1,0,3,1,6,6,2,44,7,1598,1,8,VAUXHALL ASTRA,5,E01030974,0,-1
2021010321342,2021,010321342,1,9,0,9,9,3,1,0,0,1,0,0,0,0,2,1,6,6,2,39,7,1362,1,9,VAUXHALL ASTRA,-1,-1,0,-1
2021501064935,2021,501064935,2,9,0,3,3,4,8,0,0,0,0,0,0,0,2,1,5,6,1,59,9,1399,1,4,VAUXHALL ASTRA,1,E01006863,0,-1
2021061043161,2021,061043161,2,9,0,18,19,5,1,0,0,1,0,0,0,0,1,1,2,2,1,63,9,1399,1,5,VAUXHALL ASTRA,8,E01005415,0,-1
2021440260642,2021,440260642,2,9,0,10,10,6,3,0,0,8,0,0,0,0,2,1,6,6,2,34,6,1598,2,4,VAUXHALL ASTRA,9,E01022857,0,-1
2021522201061,2021,522201061,1,9,0,9,9,7,5,0,0,8,0,0,0,0,4,1,6,6,1,28,6,1598,1,12,VAUXHALL ASTRA,9,E01014710,0,-1
2021041022301,2021,041022301,2,9,0,7,7,8,2,0,0,2,0,0,0,0,3,1,5,6,2,60,9,1364,1,14,VAUXHALL ASTRA,9,E01025451,0,-1
2021991068663,2021,991068663,1,9,0,9,9,2,8,0,0,8,0,0,0,0,1,1,5,6,1,53,8,1796,1,15,VAUXHALL ASTRA,1,-1,0,-1
2021010336989,2021,010336989,2,9,0,18,19,5,1,2,2,1,0,0,0,0,1,1,1,1,1,36,7,1341,11,1,VAUXHALL ASTRA,2,E01033587,0,-1
2021122100263,2021,122100263,2,9,0,18,19,1,7,0,0,1,0,0,0,0,1,1,6,6,2,45,7,1598,1,14,VAUXHALL ASTRA,8,E01027896,0,-1
2021302100863,2021,302100863,1,9,0,13,13,6,2,0,0,0,0,0,4,6,4,1,6,6,1,25,5,1248,2,16,VAUXHALL ASTRA,-1,-1,0,-1
2021461060604,2021,461060604,1,9,0,18,19,4,8,0,0,0,0,0,0,0,3,1,6,6,3,-1,-1,1598,1,17,VAUXHALL ASTRA,-1,-1,0,-1
2021320537035,2021,320537035,1,9,0,4,4,7,3,0,0,1,0,0,0,0,0,1,6,6,3,40,7,1598,1,13,VAUXHALL ASTRA,-1,-1,0,-1
2021141012055,2021,141012055,1,9,0,7,7,5,8,0,0,0,0,7,0,0,1,1,6,6,1,29,6,1399,1,2,VAUXHALL ASTRA,2,E01007784,0,-1
2021010323789,2021,010323789,1,9,0,18,19,7,3,0,0,0,0,0,0,0,1,1,6,6,2,31,6,1364,1,15,VAUXHALL ASTRA,4,E01004141,0,-1
2021430114733,2021,430114733,1,9,0,17,19,4,2,0,0,2,0,0,0,0,0,1,1,1,1,-1,-1,1598,2,2,VAUXHALL ASTRA,-1,-1,0,-1
2021221074963,2021,221074963,1,9,0,5,5,3,7,0,0,0,0,0,7,0,4,1,5,6,1,32,6,1796,1,12,VAUXHALL ASTRA,2,E01009291,0,-1
2021991127320,2021,991127320,1,9,0,5,5,6,2,0,0,1,0,0,0,0,1,1,5,6,2,23,5,1598,1,11,VAUXHALL ASTRA,7,-1,0,-1
2021131093625,2021,131093625,1,9,0,18,19,1,5,0,0,1,0,0,0,0,1,1,6,6,1,23,5,1598,1,10,VAUXHALL ASTRA,9,E01010953,0,-1
2021052100178,2021,052100178,2,9,0,18,19,8,4,0,0,8,0,0,0,0,1,1,6,6,1,42,7,1598,2,5,VAUXHALL ASTRA,3,E01006671,0,-1
2021010316843,2021,010316843,1,9,0,3,3,7,3,0,0,1,1,0,0,0,1,1,2,2,2,33,6,1956,2,8,VAUXHALL ASTRA,3,E01002808,0,-1
2021451070250,2021,451070250,2,9,0,18,19,3,7,0,0,0,0,0,0,0,2,1,1,1,1,25,5,1598,1,13,VAUXHALL ASTRA,7,E01020859,0,-1
2021531038858,2021,531038858,1,9,0,18,19,6,2,0,0,2,2,0,2,2,1,1,6,6,1,30,6,-1,-1,-1,VAUXHALL ASTRA,6,E01022235,0,-1
2021141052022,2021,141052022,1,9,0,6,6,2,6,0,0,0,0,0,0,0,3,1,1,1,1,51,8,1598,2,7,VAUXHALL ASTRA,8,E01007713,0,-1
2021131094885,2021,131094885,2,9,0,9,9,1,4,0,0,6,0,0,0,0,3,1,2,2,1,18,4,1686,2,11,VAUXHALL ASTRA,1,E01011344,0,-1
2021101104243,2021,101104243,1,9,0,5,5,1,5,0,0,6,0,0,0,0,1,1,5,6,1,81,11,1598,1,17,VAUXHALL ASTRA,-1,-1,0,-1
2021320396735,2021,320396735,2,9,0,7,7,6,8,0,0,1,0,0,0,0,1,1,6,6,2,35,6,1598,1,11,VAUXHALL ASTRA,2,E01026170,0,-1
2021070312336,2021,070312336,1,9,0,17,19,2,6,0,0,0,2,0,1,0,1,1,6,6,1,21,5,1598,1,13,VAUXHALL ASTRA,7,E01018360,0,-1
2021302100374,2021,302100374,2,9,0,18,19,5,1,0,0,0,0,0,0,0,1,1,6,6,1,43,7,1364,1,12,VAUXHALL ASTRA,1,E01013824,0,-1
2021201118725,2021,201118725,2,9,0,18,19,4,8,0,0,1,0,0,0,0,1,1,6,6,1,25,5,1998,1,9,VAUXHALL ASTRA,7,E01032425,0,-1
2021471029075,2021,471029075,1,9,0,18,19,2,6,0,0,1,0,0,0,0,1,1,2,2,1,27,6,1364,1,11,VAUXHALL ASTRA,7,E01024378,0,-1
2021430573203,2021,430573203,3,9,0,10,10,7,5,0,0,1,0,0,0,0,2,1,6,6,1,25,5,1598,1,11,VAUXHALL ASTRA,10,E01017883,0,-1
2021010352013,2021,010352013,1,9,0,18,19,1,5,0,0,0,0,0,0,0,1,1,6,6,1,41,7,1910,2,14,VAUXHALL ASTRA,-1,-1,0,-1
2021430165345,2021,430165345,2,9,0,18,19,2,6,0,0,0,0,0,0,0,2,1,2,2,1,24,5,1956,2,9,VAUXHALL ASTRA,7,E01016293,0,-1
2021461028074,2021,461028074,2,9,0,9,9,7,5,0,0,5,0,0,0,0,3,1,5,6,1,44,7,1398,1,10,VAUXHALL ASTRA,6,E01024161,0,-1
2021430206727,2021,430206727,1,9,0,18,19,7,3,0,0,0,0,0,1,4,1,1,2,2,2,58,9,1598,1,9,VAUXHALL ASTRA,8,E01015553,0,-1