collision_index,collision_year,collision_ref_no,vehicle_reference,vehicle_type,towing_and_articulation,vehicle_manoeuvre_historic,vehicle_manoeuvre,vehicle_direction_from,vehicle_direction_to,vehicle_location_restricted_lane_historic,vehicle_location_restricted_lane,junction_location,skidding_and_overturning,hit_object_in_carriageway,vehicle_leaving_carriageway,hit_object_off_carriageway,first_point_of_impact,vehicle_left_hand_drive,journey_purpose_of_driver_historic,journey_purpose_of_driver,sex_of_driver,age_of_driver,age_band_of_driver,engine_capacity_cc,propulsion_code,age_of_vehicle,generic_make_model,driver_imd_decile,lsoa_of_driver,escooter_flag,driver_distance_banding
2021111130730,2021,111130730,1,9,0,9,9,7,5,0,0,8,0,0,0,0,3,1,5,6,1,20,4,1398,1,8,VAUXHALL ASTRA,1,E01012359,0,-1
2021010335981,2021,010335981,1,9,0,18,19,7,3,0,0,0,0,4,0,0,1,1,6,6,1,55,8,1598,1,9,VAUXHALL ASTRA,4,E01001142,0,-1
2021111109149,2021,111109149,2,9,0,18,19,5,1,0,0,1,0,0,0,0,3,1,5,6,1,63,9,1598,1,22,VAUXHALL ASTRA,2,E01012362,0,-1
2021010308157,2021,010308157,2,9,9,18,19,5,1,0,0,0,9,99,0,0,3,1,6,6,1,40,7,1598,1,9,VAUXHALL ASTRA,3,E01003567,0,-1
2021201078570,2021,201078570,2,9,0,9,9,4,2,0,0,5,0,0,0,0,4,1,6,6,2,19,4,1796,1,14,VAUXHALL ASTRA,1,E01009074,0,-1
2021501165222,2021,501165222,2,9,0,2,2,0,0,0,0,1,0,0,0,0,0,1,6,6,1,43,7,1364,1,12,VAUXHALL ASTRA,2,E01020280,0,-1
2021471096793,2021,471096793,2,9,0,18,19,3,7,0,0,1,0,0,0,0,4,1,5,6,2,35,6,1796,1,11,VAUXHALL ASTRA,4,E01031836,0,-1
2021111032460,2021,111032460,2,9,0,2,2,1,5,0,0,0,0,0,0,0,4,1,5,6,1,55,8,1364,1,6,VAUXHALL ASTRA,2,E01020792,0,-1
2021041086022,2021,041086022,2,9,0,18,19,3,7,0,0,8,0,0,0,0,1,1,5,6,1,19,4,1910,2,14,VAUXHALL ASTRA,2,E01025124,0,-1
2021991102574,2021,991102574,2,9,0,3,3,5,1,0,0,0,0,0,0,0,2,1,6,6,1,27,6,1399,1,5,VAUXHALL ASTRA,3,-1,0,-1
2021461029287,2021,461029287,1,9,0,14,14,7,4,0,0,0,0,0,0,0,1,1,2,2,1,22,5,1598,1,13,VAUXHALL ASTRA,7,E01024035,0,-1
2021371148243,2021,371148243,2,9,0,18,19,5,1,0,0,0,0,0,0,0,1,1,5,6,2,19,4,1598,1,15,VAUXHALL ASTRA,-1,-1,0,-1
2021010309120,2021,010309120,2,9,0,5,5,5,1,0,0,6,1,0,0,0,1,1,6,6,1,26,6,1598,1,15,VAUXHALL ASTRA,5,E01001677,0,-1
2021411037371,2021,411037371,2,9,0,16,19,6,1,0,0,0,1,0,0,0,1,1,6,6,1,25,5,1399,1,2,VAUXHALL ASTRA,10,E01023724,0,-1
2021161045082,2021,161045082,3,9,0,4,4,6,2,0,0,0,0,0,0,0,2,1,2,2,2,26,6,999,1,2,VAUXHALL ASTRA,2,E01013038,0,-1
2021622100992,2021,622100992,1,9,0,18,19,3,7,0,0,8,0,0,0,0,4,1,6,6,1,64,9,1364,1,14,VAUXHALL ASTRA,9,W01001770,0,-1
2021531031102,2021,531031102,1,9,0,16,19,5,1,0,0,0,1,0,0,0,3,1,6,6,2,31,6,1598,1,11,VAUXHALL ASTRA,5,E01003018,0,-1
2021201072804,2021,201072804,2,9,0,18,19,8,5,0,0,0,0,0,0,0,2,1,5,6,1,45,7,1598,1,6,VAUXHALL ASTRA,-1,-1,0,-1
2021010315005,2021,010315005,1,9,0,18,19,7,3,0,0,2,0,0,0,0,1,1,1,1,2,41,7,1341,1,1,VAUXHALL ASTRA,3,E01004734,0,-1
2021010344165,2021,010344165,1,9,0,18,19,6,2,0,0,2,0,0,0,0,1,1,1,1,1,30,6,1796,1,14,VAUXHALL ASTRA,4,E01001974,0,-1
2021461066395,2021,461066395,1,9,0,8,8,5,7,0,0,4,0,0,0,0,0,1,1,1,1,-1,-1,1598,2,2,VAUXHALL ASTRA,2,E01024477,0,-1
2021101025667,2021,101025667,1,9,0,18,19,5,1,0,0,0,0,0,2,0,1,1,1,1,1,56,9,1956,2,8,VAUXHALL ASTRA,8,E01027438,0,-1
2021440406192,2021,440406192,1,9,0,12,12,7,3,0,0,8,0,0,2,1,3,1,6,6,2,36,7,1398,1,10,VAUXHALL ASTRA,6,E01023155,0,-1
2021101059338,2021,101059338,2,9,0,18,19,2,6,0,0,8,0,0,0,0,3,1,5,6,1,26,6,1598,1,6,VAUXHALL ASTRA,2,E01008662,0,-1
20211382F1580,2021,1382F1580,1,9,0,9,9,4,3,0,0,1,0,0,0,0,4,1,6,6,1,23,5,1686,2,10,VAUXHALL ASTRA,8,E01011687,0,-1
2021421013834,2021,421013834,142,9,0,4,4,5,1,0,0,1,0,0,0,0,1,1,6,6,1,30,6,1598,1,8,VAUXHALL ASTRA,6,E01023518,0,-1
2021010306453,2021,010306453,1,9,0,99,99,9,9,99,99,9,9,99,9,99,2,9,2,2,2,42,7,1956,2,8,VAUXHALL ASTRA,4,E01002180,0,-1
2021430140577,2021,430140577,1,9,0,3,3,8,4,0,0,0,0,0,0,0,1,1,6,6,1,36,7,1399,1,2,VAUXHALL ASTRA,7,E01017705,0,-1
2021361135698,2021,361135698,1,9,0,9,9,5,2,0,0,8,0,0,0,0,4,1,5,6,1,28,6,1399,1,3,VAUXHALL ASTRA,1,E01016810,0,-1
2021010309064,2021,010309064,1,9,0,18,19,7,3,0,0,1,0,0,0,0,1,1,1,1,2,29,6,1341,1,1,VAUXHALL ASTRA,-1,-1,0,-1
2021302101396,2021,302101396,2,9,0,14,14,2,6,0,0,0,0,8,0,0,4,1,2,2,1,34,6,1598,1,16,VAUXHALL ASTRA,1,E01010288,0,-1
2021361022006,2021,361022006,2,9,0,18,19,3,7,0,0,8,0,0,0,0,4,1,2,2,1,41,7,1598,1,21,VAUXHALL ASTRA,3,E01026663,0,-1
2021430073029,2021,430073029,1,9,0,18,19,5,1,0,0,0,0,0,0,0,1,1,1,1,1,61,9,-1,-1,-1,VAUXHALL ASTRA,1,E01010481,0,-1
2021041061999,2021,041061999,1,9,0,18,19,3,7,0,0,1,0,0,0,0,4,1,6,6,2,61,9,1686,2,14,VAUXHALL ASTRA,1,E01025230,0,-1
2021501062628,2021,501062628,1,8,0,18,19,1,5,0,0,0,0,0,0,0,1,1,5,6,1,72,10,1686,2,7,VAUXHALL ASTRA,5,E01015202,0,-1
2021361043976,2021,361043976,1,9,0,18,19,7,3,0,0,8,1,0,0,0,1,1,2,2,1,67,10,1686,2,15,VAUXHALL ASTRA,5,E01026443,0,-1
20211383T0800,2021,1383T0800,1,9,0,18,19,1,4,0,0,0,0,0,0,0,1,1,6,6,2,36,7,-1,-1,-1,VAUXHALL ASTRA,1,E01010872,0,-1
2021010340487,2021,010340487,1,9,0,7,7,5,8,0,0,6,0,0,0,0,1,2,6,6,1,32,6,1796,1,11,VAUXHALL ASTRA,2,E01033578,0,-1
2021010338081,2021,010338081,1,9,0,4,4,1,5,0,0,0,0,4,0,0,1,1,6,6,1,46,8,1398,1,7,VAUXHALL ASTRA,6,E01005397,0,-1
2021540110021,2021,540110021,2,9,0,18,19,4,8,0,0,1,0,0,0,0,2,1,2,2,1,38,7,1686,2,15,VAUXHALL ASTRA,7,E01015582,0,-1
2021141040552,2021,141040552,1,9,0,18,19,4,8,0,0,1,0,0,0,0,1,1,5,6,2,30,6,1598,2,4,VAUXHALL ASTRA,1,E01008102,0,-1
2021461103317,2021,461103317,2,9,0,4,4,3,7,0,0,0,0,0,0,0,2,1,6,6,1,46,8,1598,1,10,VAUXHALL ASTRA,2,E01003514,0,-1
2021440190865,2021,440190865,2,9,0,18,19,6,2,0,0,8,0,0,0,0,1,1,2,2,2,42,7,1686,2,11,VAUXHALL ASTRA,8,E01023245,0,-1
2021010306372,2021,010306372,1,9,0,5,5,0,1,0,0,6,0,0,0,0,1,1,6,6,2,38,7,1796,1,13,VAUXHALL ASTRA,8,E01003001,0,-1
2021471078126,2021,471078126,3,9,0,18,19,7,3,0,0,0,0,0,0,0,1,1,2,2,2,28,6,1398,1,9,VAUXHALL ASTRA,10,E01031627,0,-1
2021070632957,2021,070632957,2,9,0,3,3,5,1,0,0,1,1,0,0,0,1,1,6,6,2,32,6,1598,1,11,VAUXHALL ASTRA,6,E01014474,0,-1
2021991021406,2021,991021406,2,9,0,18,19,8,4,0,0,0,0,0,0,0,1,1,2,2,2,42,7,1796,1,15,VAUXHALL ASTRA,1,-1,0,-1
2021622100305,2021,622100305,1,9,0,18,19,1,5,0,0,0,0,0,0,0,2,1,6,6,2,46,8,1956,2,9,VAUXHALL ASTRA,5,W01001291,0,-1
2021440450943,2021,440450943,1,9,0,18,19,2,6,0,0,0,0,0,1,9,1,1,6,6,1,50,8,1364,1,12,VAUXHALL ASTRA,9,E01021397,0,-1
2021131079408,2021,131079408,2,9,0,18,19,5,5,0,0,4,0,0,0,0,4,1,5,6,1,55,8,1796,1,18,VAUXHALL ASTRA,1,E01011621,0,-1
2021010288273,2021,010288273,1,9,0,7,7,4,6,0,0,6,0,0,0,0,1,1,6,6,3,-1,-1,1956,2,8,VAUXHALL ASTRA,-1,-1,0,-1
2021451019669,2021,451019669,2,9,0,10,10,1,5,0,0,1,0,0,0,0,2,1,6,6,1,31,6,1598,1,9,VAUXHALL ASTRA,8,E01030611,0,-1
202134WNC0841,2021,34WNC0841,2,9,0,18,19,5,1,0,0,0,0,0,0,0,2,1,6,6,1,22,5,1364,1,5,VAUXHALL ASTRA,-1,-1,0,-1
2021111071218,2021,111071218,6,9,0,18,19,7,3,0,0,1,0,0,0,0,3,1,6,6,2,42,7,1686,2,7,VAUXHALL ASTRA,-1,-1,0,-1
2021991064356,2021,991064356,1,9,0,18,19,8,4,0,0,0,0,0,1,11,4,1,5,6,2,41,7,1598,1,18,VAUXHALL ASTRA,2,-1,0,-1
2021131083351,2021,131083351,2,9,0,18,19,1,5,0,0,8,0,0,0,0,3,1,6,6,1,33,6,1598,1,9,VAUXHALL ASTRA,1,E01011434,0,-1
2021461080291,2021,461080291,1,9,0,9,9,7,5,0,0,0,0,0,0,0,0,1,6,6,1,32,6,1496,2,0,VAUXHALL ASTRA,-1,-1,0,-1
2021010333609,2021,010333609,2,9,0,99,99,9,9,99,99,9,9,99,9,99,1,9,6,6,3,55,8,1796,1,13,VAUXHALL ASTRA,2,E01000484,0,-1
2021131113912,2021,131113912,1,9,0,18,19,-1,-1,0,0,1,-1,-1,-1,0,-1,1,6,6,3,-1,-1,1910,2,14,VAUXHALL ASTRA,-1,-1,0,-1
2021010287252,2021,010287252,1,9,0,3,3,1,5,0,0,1,0,0,0,0,2,1,6,6,1,28,6,1364,1,14,VAUXHALL ASTRA,5,E01000474,0,-1
2021061052528,2021,061052528,1,9,0,18,19,8,4,0,0,2,0,0,0,0,1,1,6,6,1,30,6,1796,1,14,VAUXHALL ASTRA,10,E01006094,0,-1
2021231021586,2021,231021586,1,9,0,7,7,8,2,0,0,6,0,0,0,0,3,1,5,6,1,18,4,1598,1,11,VAUXHALL ASTRA,10,E01032895,0,-1
2021061089418,2021,061089418,2,9,0,18,19,6,2,0,0,0,0,0,0,0,1,1,6,6,3,30,6,1796,1,14,VAUXHALL ASTRA,5,E01004888,0,-1
2021302101409,2021,302101409,1,9,0,18,19,8,4,0,0,0,1,0,0,0,1,1,6,6,1,51,8,1598,1,19,VAUXHALL ASTRA,2,E01013581,0,-1
2021010330911,2021,010330911,2,9,0,99,99,9,9,99,99,0,9,99,9,99,1,9,6,6,3,-1,-1,1686,2,8,VAUXHALL ASTRA,-1,-1,0,-1
2021302101512,2021,302101512,1,9,0,5,5,0,0,0,0,0,0,0,0,0,1,1,6,6,2,55,8,1598,2,5,VAUXHALL ASTRA,9,E01033531,0,-1
2021320254764,2021,320254764,1,9,0,12,12,6,2,0,0,0,0,0,0,0,1,1,6,6,1,34,6,1248,2,14,VAUXHALL ASTRA,1,E01026010,0,-1
2021070020404,2021,070020404,1,9,0,5,5,3,1,0,0,4,0,0,0,0,1,1,6,6,2,-1,-1,1598,1,11,VAUXHALL ASTRA,9,E01018383,0,-1
2021010290952,2021,010290952,2,9,0,99,99,9,9,99,99,9,9,99,9,99,1,9,6,6,2,24,5,1956,2,6,VAUXHALL ASTRA,1,E01000605,0,-1
2021302101240,2021,302101240,1,9,0,16,19,2,6,0,0,7,1,10,1,1,1,1,6,6,1,19,4,1364,1,12,VAUXHALL ASTRA,3,E01019797,0,-1
2021131038239,2021,131038239,2,9,0,18,19,3,7,0,0,0,0,0,0,0,0,1,6,6,2,25,5,1598,1,16,VAUXHALL ASTRA,4,E01011606,0,-1
2021170L30141,2021,170L30141,1,9,0,7,7,4,6,0,0,4,0,0,0,0,1,1,6,6,1,25,5,1956,2,8,VAUXHALL ASTRA,-1,-1,0,-1
2021440115448,2021,440115448,2,9,0,4,4,5,1,0,0,1,0,0,0,0,1,1,6,6,3,-1,-1,1686,2,16,VAUXHALL ASTRA,-1,-1,0,-1
2021351092172,2021,351092172,1,9,0,5,5,4,8,0,0,0,1,0,0,0,1,1,5,6,1,36,7,1910,2,13,VAUXHALL ASTRA,2,E01015632,0,-1
2021010325559,2021,010325559,1,9,0,9,9,7,4,0,0,2,0,0,0,0,1,1,6,6,2,61,9,1598,1,14,VAUXHALL ASTRA,4,E01004338,0,-1
2021141034214,2021,141034214,2,9,0,18,19,7,3,0,0,1,1,0,1,1,1,1,5,6,2,38,7,1686,2,14,VAUXHALL ASTRA,1,E01007597,0,-1
2021471073144,2021,471073144,1,9,0,18,19,3,7,0,0,1,0,0,0,0,1,1,6,6,1,33,6,1398,1,11,VAUXHALL ASTRA,9,E01021208,0,-1
2021010336804,2021,010336804,1,9,0,18,19,5,1,0,0,5,0,0,0,0,3,1,6,6,2,66,10,1686,2,10,VAUXHALL ASTRA,-1,-1,0,-1
2021170H10501,2021,170H10501,2,9,0,18,19,6,2,0,0,1,0,0,0,0,1,1,6,6,1,21,5,1910,2,13,VAUXHALL ASTRA,1,E01033466,0,-1
2021052101500,2021,052101500,2,9,0,9,9,1,5,0,0,5,0,0,0,0,3,1,2,2,2,32,6,1598,1,15,VAUXHALL ASTRA,3,E01007058,0,-1
2021131098804,2021,131098804,2,9,0,17,19,3,7,0,0,0,0,0,0,0,1,1,6,6,1,40,7,1598,1,15,VAUXHALL ASTRA,7,E01011309,0,-1
2021041120076,2021,041120076,3,9,0,3,3,3,7,0,0,1,0,0,0,0,1,1,5,6,1,30,6,1598,2,4,VAUXHALL ASTRA,2,E01025292,0,-1
2021401030278,2021,401030278,3,9,0,4,4,5,1,0,0,8,0,0,0,0,0,1,1,1,1,25,5,1598,2,2,VAUXHALL ASTRA,2,E01017539,0,-1
2021991086385,2021,991086385,1,9,0,17,19,6,2,0,0,0,0,0,0,0,3,1,5,6,1,28,6,1399,1,5,VAUXHALL ASTRA,10,-1,0,-1
2021170M10971,2021,170M10971,2,9,0,18,19,8,4,0,0,1,0,0,0,0,1,1,6,6,1,77,11,1364,1,12,VAUXHALL ASTRA,8,E01032594,0,-1
2021522106215,2021,522106215,2,9,0,1,1,1,5,0,0,2,0,0,0,0,2,1,6,6,1,30,6,-1,-1,-1,VAUXHALL ASTRA,-1,-1,0,-1
2021201080341,2021,201080341,1,9,0,18,19,4,8,0,0,3,0,0,0,0,1,1,6,6,1,-1,-1,1598,1,11,VAUXHALL ASTRA,-1,-1,0,-1
2021170S11261,2021,170S11261,4,9,0,18,19,4,8,0,0,0,0,0,0,0,1,1,6,6,2,63,9,1598,1,9,VAUXHALL ASTRA,9,E01012138,0,-1
2021031085587,2021,031085587,1,9,0,5,5,6,3,0,0,2,0,0,0,0,1,1,6,6,1,33,6,1796,1,13,VAUXHALL ASTRA,1,E01019141,0,-1
2021041039261,2021,041039261,1,9,0,18,19,2,6,0,0,3,0,0,0,0,3,1,5,6,2,34,6,1598,2,5,VAUXHALL ASTRA,7,E01025048,0,-1
2021070610904,2021,070610904,3,9,0,4,4,5,1,0,0,0,0,0,0,0,2,1,6,6,2,41,7,1598,1,8,VAUXHALL ASTRA,10,E01006103,0,-1
2021501098113,2021,501098113,2,9,0,4,4,4,8,0,0,1,0,0,0,0,2,1,2,2,2,57,9,1399,1,2,VAUXHALL ASTRA,2,E01020016,0,-1
2021320302984,2021,320302984,1,9,0,18,19,8,4,0,0,4,0,0,0,0,1,1,6,6,1,32,6,1956,2,5,VAUXHALL ASTRA,7,E01026202,0,-1
2021010308276,2021,010308276,1,9,0,99,99,9,9,99,99,9,9,99,9,99,1,9,6,6,2,31,6,1686,2,16,VAUXHALL ASTRA,1,E01001427,0,-1
2021361076328,2021,361076328,3,19,0,10,10,3,8,0,0,1,0,0,0,0,0,1,1,1,1,46,8,1910,2,14,VAUXHALL ASTRA,6,E01026893,0,-1
2021070666517,2021,070666517,2,9,0,17,19,6,2,0,0,8,0,0,0,0,3,1,6,6,1,23,5,1598,2,5,VAUXHALL ASTRA,5,E01012398,0,-1
2021010312774,2021,010312774,1,9,0,18,19,1,5,0,0,1,0,0,0,0,0,1,6,6,1,42,7,1399,1,2,VAUXHALL ASTRA,4,E01024570,0,-1
2021010336565,2021,010336565,1,9,0,7,7,1,3,0,0,3,0,0,0,0,3,1,6,6,2,50,8,1399,1,5,VAUXHALL ASTRA,3,E01000062,0,-1
2021221062368,2021,221062368,1,9,0,1,1,8,4,0,0,0,0,10,7,11,2,1,2,2,1,23,5,1364,1,15,VAUXHALL ASTRA,7,E01032130,0,-1
2021201026660,2021,201026660,1,9,0,2,2,0,0,0,0,0,0,0,0,0,3,1,1,1,1,45,7,1598,2,2,VAUXHALL ASTRA,-1,-1,0,-1
2021010319400,2021,010319400,1,9,0,3,3,1,5,0,0,3,0,10,0,0,1,1,6,6,1,55,8,1399,1,3,VAUXHALL ASTRA,2,E01030013,0,-1
2021201064083,2021,201064083,2,9,0,18,19,2,6,0,0,0,0,0,0,0,2,1,1,1,2,30,6,1399,1,3,VAUXHALL ASTRA,1,E01010029,0,-1
2021201084084,2021,201084084,2,9,0,18,19,-1,-1,0,0,0,0,0,0,0,1,1,6,6,2,46,8,1910,2,14,VAUXHALL ASTRA,2,E01010077,0,-1
2021031120280,2021,031120280,1,9,0,18,19,6,2,0,0,1,0,0,0,0,3,1,6,6,1,60,9,1956,2,8,VAUXHALL ASTRA,2,E01019230,0,-1
2021131035762,2021,131035762,1,9,0,9,9,1,3,0,0,8,0,0,0,0,1,1,6,6,1,50,8,1399,1,3,VAUXHALL ASTRA,7,E01011193,0,-1
202134WNC0231,2021,34WNC0231,2,9,0,5,5,3,1,0,0,8,0,0,0,0,4,1,6,6,1,52,8,1956,2,8,VAUXHALL ASTRA,8,E01015500,0,-1
2021010315117,2021,010315117,1,9,0,99,99,9,9,99,99,9,9,99,9,99,1,9,6,6,1,23,5,1598,1,9,VAUXHALL ASTRA,4,E01003410,0,-1
2021221067970,2021,221067970,1,9,0,2,2,0,0,0,0,0,0,0,0,0,2,1,5,6,2,29,6,1598,2,2,VAUXHALL ASTRA,7,E01028856,0,-1
2021010325430,2021,010325430,1,9,0,6,6,1,1,0,0,2,0,0,0,0,0,1,2,2,2,31,6,1341,1,1,VAUXHALL ASTRA,3,E01000922,0,-1
2021061048885,2021,061048885,1,9,0,18,19,1,5,0,0,0,0,0,0,0,1,1,6,6,1,75,10,1796,1,15,VAUXHALL ASTRA,10,E01006135,0,-1
2021131125085,2021,131125085,1,9,0,18,19,1,5,0,0,0,0,11,0,0,1,1,5,6,1,28,6,1956,2,10,VAUXHALL ASTRA,1,E01011616,0,-1
2021041063157,2021,041063157,2,9,0,4,4,7,3,0,0,0,0,0,0,0,2,1,5,6,2,35,6,1686,2,10,VAUXHALL ASTRA,1,E01025528,0,-1
2021401019283,2021,401019283,2,9,0,16,19,3,7,0,0,8,0,0,0,0,1,1,2,2,2,45,7,1956,2,8,VAUXHALL ASTRA,5,E01017617,0,-1
2021991061454,2021,991061454,1,9,0,7,7,5,7,0,0,6,0,0,0,0,1,1,5,6,1,38,7,1956,2,9,VAUXHALL ASTRA,4,-1,0,-1
2021010304842,2021,010304842,1,9,0,7,7,7,1,0,0,6,0,0,0,0,1,1,6,6,1,22,5,1398,1,9,VAUXHALL ASTRA,3,E01003521,0,-1
2021411068836,2021,411068836,4,9,0,18,19,2,6,0,0,1,0,12,0,0,2,1,6,6,1,55,8,1598,2,3,VAUXHALL ASTRA,4,E01021812,0,-1
2021361067602,2021,361067602,1,9,0,18,19,1,4,0,0,0,0,0,0,0,3,1,1,1,1,41,7,1598,1,12,VAUXHALL ASTRA,2,E01026803,0,-1
2021170H10011,2021,170H10011,1,9,0,18,19,1,5,0,0,8,0,0,0,0,3,1,6,6,2,39,7,1598,1,11,VAUXHALL ASTRA,1,E01011999,0,-1
2021101126480,2021,101126480,1,9,0,16,19,1,5,0,0,0,0,0,0,0,1,1,6,6,2,30,6,1686,2,15,VAUXHALL ASTRA,7,E01008179,0,-1
2021440299814,2021,440299814,3,9,0,4,4,6,2,0,0,0,0,0,0,0,2,1,6,6,1,31,6,1598,1,12,VAUXHALL ASTRA,5,E01032840,0,-1
2021010299079,2021,010299079,2,9,0,9,9,7,4,0,0,1,0,0,0,0,4,1,2,2,1,56,9,1598,1,13,VAUXHALL ASTRA,5,E01024638,0,-1
2021361107262,2021,361107262,1,9,0,9,9,7,5,0,0,2,0,0,0,0,1,1,6,6,1,57,9,1598,1,19,VAUXHALL ASTRA,6,E01026893,0,-1
2021552101321,2021,552101321,2,9,0,4,4,5,1,0,0,0,0,0,0,0,2,1,6,6,2,30,6,1686,2,17,VAUXHALL ASTRA,5,E01020427,0,-1
2021031089180,2021,031089180,2,9,0,7,7,3,1,0,0,6,0,0,0,0,1,1,5,6,1,77,11,999,1,5,VAUXHALL ASTRA,3,E01012676,0,-1
2021010328258,2021,010328258,1,9,0,9,9,1,6,0,0,5,0,0,0,0,4,1,6,6,1,35,6,1399,1,4,VAUXHALL ASTRA,-1,-1,0,-1
2021501019051,2021,501019051,1,9,0,1,1,3,7,0,0,2,0,0,0,0,2,1,1,1,1,-1,-1,1686,2,8,VAUXHALL ASTRA,4,E01015029,0,-1
2021101070696,2021,101070696,2,9,0,5,5,7,5,0,0,6,0,0,0,0,1,1,6,6,1,41,7,1956,2,10,VAUXHALL ASTRA,1,E01008390,0,-1
2021991178917,2021,991178917,1,9,0,10,10,8,6,0,0,1,0,0,0,0,1,1,5,6,2,64,9,1598,2,3,VAUXHALL ASTRA,3,-1,0,-1
2021131103393,2021,131103393,1,9,0,18,19,2,6,0,0,1,0,0,0,0,1,1,6,6,1,33,6,999,1,5,VAUXHALL ASTRA,2,E01011082,0,-1
202154C524221,2021,54C524221,1,9,0,13,13,8,4,0,0,0,0,0,0,0,1,1,6,6,1,30,6,1998,1,8,VAUXHALL ASTRA,8,E01015472,0,-1
2021010344971,2021,010344971,2,9,0,99,99,9,9,99,99,9,9,99,9,99,1,9,6,6,2,19,4,1598,1,11,VAUXHALL ASTRA,-1,-1,0,-1
2021501134267,2021,501134267,1,9,0,18,19,3,7,0,0,0,0,0,0,0,1,1,1,1,2,24,5,1398,1,9,VAUXHALL ASTRA,5,E01019887,0,-1
2021461034802,2021,461034802,1,9,0,18,19,1,5,0,0,0,0,0,0,0,1,1,6,6,2,-1,-1,1598,1,9,VAUXHALL ASTRA,9,E01016172,0,-1
2021501019561,2021,501019561,2,9,0,18,19,2,6,0,0,1,0,0,0,0,1,1,6,6,2,52,8,1248,2,8,VAUXHALL ASTRA,2,E01020014,0,-1
2021170M21441,2021,170M21441,1,9,0,18,19,3,7,0,0,0,0,0,0,0,1,1,6,6,1,25,5,1362,1,9,VAUXHALL ASTRA,1,E01012150,0,-1
2021501104090,2021,501104090,1,9,0,18,19,7,3,0,0,0,1,0,0,0,1,1,5,6,1,32,6,1598,1,11,VAUXHALL ASTRA,1,E01004318,0,-1
2021010318262,2021,010318262,1,9,0,3,3,1,5,0,0,1,0,0,0,0,2,1,6,6,1,73,10,999,1,5,VAUXHALL ASTRA,6,E01021772,0,-1
2021131038712,2021,131038712,1,9,0,18,19,2,6,0,0,8,0,0,0,0,1,1,1,1,2,23,5,1399,1,4,VAUXHALL ASTRA,5,E01011818,0,-1
2021501064040,2021,501064040,2,9,0,1,1,3,7,0,0,0,0,0,0,0,2,1,6,6,2,33,6,1598,1,12,VAUXHALL ASTRA,6,E01015107,0,-1
2021052101380,2021,052101380,1,9,0,18,19,7,3,0,0,0,0,0,0,0,1,1,2,2,1,26,6,1598,1,12,VAUXHALL ASTRA,1,E01007295,0,-1
2021471083955,2021,471083955,2,9,0,3,3,8,6,0,0,0,0,0,0,0,2,1,6,6,2,22,5,1598,2,6,VAUXHALL ASTRA,6,E01016972,0,-1
2021101101752,2021,101101752,1,9,0,18,19,5,1,0,0,6,0,0,0,0,1,1,5,6,1,37,7,1598,1,14,VAUXHALL ASTRA,2,E01008633,0,-1
2021141060768,2021,141060768,1,9,0,1,1,6,2,0,0,0,0,0,0,0,2,1,6,6,1,-1,-1,1686,2,15,VAUXHALL ASTRA,-1,-1,0,-1
2021201017351,2021,201017351,1,9,0,9,9,5,3,0,0,6,0,0,0,0,1,1,6,6,2,25,5,1248,2,9,VAUXHALL ASTRA,1,E01009079,0,-1
2021010328867,2021,010328867,1,9,0,99,99,9,9,99,99,9,9,99,9,99,9,9,6,6,1,25,5,1364,1,14,VAUXHALL ASTRA,4,E01004569,0,-1
2021010315232,2021,010315232,2,9,0,4,4,3,7,0,0,0,0,0,0,0,1,1,2,2,1,52,8,1796,1,14,VAUXHALL ASTRA,2,E01000023,0,-1
2021520104064,2021,520104064,1,9,0,9,9,5,3,0,0,8,0,0,0,0,2,1,6,6,2,59,9,1598,1,21,VAUXHALL ASTRA,3,E01029117,0,-1
2021440400832,2021,440400832,1,9,0,18,19,3,7,0,0,0,0,0,0,0,2,1,2,2,2,33,6,1398,1,9,VAUXHALL ASTRA,3,E01022899,0,-1
2021161032660,2021,161032660,1,9,0,17,19,6,3,0,0,2,1,0,7,9,4,1,6,6,1,37,7,1598,1,11,VAUXHALL ASTRA,8,E01013102,0,-1
2021302101293,2021,302101293,1,9,0,4,4,2,6,0,0,1,0,0,0,0,1,1,2,2,1,31,6,1364,1,11,VAUXHALL ASTRA,7,E01019746,0,-1
2021010351371,2021,010351371,2,9,0,3,3,3,7,0,0,1,0,0,0,0,1,1,6,6,2,22,5,1364,1,11,VAUXHALL ASTRA,4,E01003344,0,-1
2021542265621,2021,542265621,3,9,0,3,3,6,2,0,0,1,0,0,0,0,2,1,6,6,1,44,7,1956,2,8,VAUXHALL ASTRA,3,E01031963,0,-1
2021141059058,2021,141059058,1,9,0,9,9,4,2,0,0,1,0,0,0,0,4,1,2,2,1,30,6,1686,2,9,VAUXHALL ASTRA,2,E01008016,0,-1
2021010332375,2021,010332375,1,9,0,18,19,5,1,0,0,8,0,0,0,0,1,1,6,6,2,33,6,1364,1,10,VAUXHALL ASTRA,3,E01000385,0,-1
2021401092954,2021,401092954,1,9,0,4,4,3,7,0,0,8,0,0,0,0,1,1,6,6,1,86,11,1598,1,13,VAUXHALL ASTRA,2,E01015720,0,-1
2021010293551,2021,010293551,3,9,0,18,19,1,5,0,0,8,0,0,0,0,1,1,6,6,1,39,7,1598,1,6,VAUXHALL ASTRA,7,E01024466,0,-1
2021401161672,2021,401161672,1,9,0,9,9,8,6,0,0,8,0,0,0,0,1,1,5,6,1,26,6,1598,2,4,VAUXHALL ASTRA,3,E01015757,0,-1
2021302101014,2021,302101014,2,9,0,17,19,6,8,0,0,1,0,0,0,0,3,1,6,6,1,68,10,1399,1,3,VAUXHALL ASTRA,3,E01019531,0,-1