collision_index,collision_year,collision_ref_no,vehicle_reference,vehicle_type,towing_and_articulation,vehicle_manoeuvre_historic,vehicle_manoeuvre,vehicle_direction_from,vehicle_direction_to,vehicle_location_restricted_lane_historic,vehicle_location_restricted_lane,junction_location,skidding_and_overturning,hit_object_in_carriageway,vehicle_leaving_carriageway,hit_object_off_carriageway,first_point_of_impact,vehicle_left_hand_drive,journey_purpose_of_driver_historic,journey_purpose_of_driver,sex_of_driver,age_of_driver,age_band_of_driver,engine_capacity_cc,propulsion_code,age_of_vehicle,generic_make_model,driver_imd_decile,lsoa_of_driver,escooter_flag,driver_distance_banding
2021501098068,2021,501098068,2,9,0,5,5,5,1,0,0,0,0,0,0,0,1,1,5,6,2,24,5,1398,1,8,VAUXHALL ASTRA,9,E01020038,0,-1
2021141051570,2021,141051570,3,9,0,18,19,5,1,0,0,0,0,0,1,0,0,1,5,6,2,31,6,1598,1,10,VAUXHALL ASTRA,3,E01007429,0,-1
202163A059121,2021,63A059121,2,9,0,9,9,6,4,0,0,6,0,0,0,0,3,1,2,2,1,37,7,1956,2,6,VAUXHALL ASTRA,5,W01000696,0,-1
2021221104964,2021,221104964,1,9,0,18,19,4,8,0,0,0,1,0,7,10,1,1,5,6,1,22,5,1598,1,15,VAUXHALL ASTRA,5,E01028890,0,-1
2021010297503,2021,010297503,2,9,0,5,5,1,5,0,0,1,0,0,0,0,1,1,6,6,1,42,7,1598,1,8,VAUXHALL ASTRA,2,E01003726,0,-1
2021501100961,2021,501100961,2,9,0,18,19,1,5,0,0,1,0,0,0,0,1,1,6,6,2,26,6,1686,2,9,VAUXHALL ASTRA,1,E01015149,0,-1
2021302100461,2021,302100461,2,9,0,2,2,0,0,0,0,0,0,0,0,0,4,1,6,6,3,-1,-1,999,1,2,VAUXHALL ASTRA,-1,-1,0,-1
2021430506970,2021,430506970,1,9,0,18,19,8,4,0,0,0,0,0,0,0,3,1,6,6,1,25,5,1399,1,4,VAUXHALL ASTRA,1,E01001430,0,-1
2021201059203,2021,201059203,1,9,0,18,19,2,6,0,0,2,0,0,0,0,1,1,6,6,1,27,6,1398,1,11,VAUXHALL ASTRA,1,E01009347,0,-1
2021052101941,2021,052101941,3,9,0,2,2,0,0,0,0,0,0,0,0,0,2,1,6,6,3,-1,-1,1598,1,10,VAUXHALL ASTRA,-1,-1,0,-1
2021231066124,2021,231066124,1,9,0,18,19,8,4,0,0,1,0,0,0,0,1,1,6,6,1,25,5,1598,1,7,VAUXHALL ASTRA,9,E01031306,0,-1
2021991029004,2021,991029004,1,9,0,9,9,1,6,0,0,4,0,0,0,0,3,1,6,6,1,50,8,1598,1,10,VAUXHALL ASTRA,1,-1,0,-1
2021520101299,2021,520101299,2,9,0,18,19,2,6,0,0,0,0,0,0,0,1,1,6,6,2,28,6,1910,2,15,VAUXHALL ASTRA,5,E01029314,0,-1
2021302102126,2021,302102126,2,9,0,2,2,0,0,9,9,0,0,0,0,0,4,1,6,6,3,-1,-1,1364,1,12,VAUXHALL ASTRA,-1,-1,0,-1
2021231014420,2021,231014420,1,9,0,18,19,6,2,0,0,1,0,0,1,0,3,1,1,1,1,38,7,1364,1,11,VAUXHALL ASTRA,1,E01009639,0,-1
2021010308346,2021,010308346,2,9,0,2,2,0,0,4,4,8,0,0,0,0,0,2,6,6,3,-1,-1,1598,1,21,VAUXHALL ASTRA,-1,-1,0,-1
2021201020294,2021,201020294,1,9,0,18,19,7,3,0,0,8,1,4,0,0,2,1,6,6,2,20,4,1399,1,5,VAUXHALL ASTRA,2,E01009538,0,-1
2021991026584,2021,991026584,1,9,0,5,5,7,3,0,0,1,0,0,0,0,1,1,5,6,1,27,6,1398,1,6,VAUXHALL ASTRA,1,-1,0,-1
2021131055105,2021,131055105,1,9,0,18,19,8,2,0,0,0,0,0,0,0,-1,1,6,6,3,-1,-1,1399,1,5,VAUXHALL ASTRA,-1,-1,0,-1
2021501109570,2021,501109570,2,9,0,5,5,3,7,0,0,8,0,0,0,0,3,1,2,2,1,50,8,1910,2,12,VAUXHALL ASTRA,1,E01015217,0,-1
2021622100891,2021,622100891,1,9,0,18,19,2,6,0,0,0,0,0,0,0,0,1,6,6,1,76,11,1686,2,10,VAUXHALL ASTRA,4,W01001688,0,-1
2021231111002,2021,231111002,1,9,0,18,19,2,6,0,0,0,0,0,0,0,1,1,6,6,1,55,8,1910,2,13,VAUXHALL ASTRA,-1,-1,0,-1
2021010337663,2021,010337663,1,9,0,99,99,9,9,99,99,9,9,99,9,99,9,9,6,6,1,38,7,1364,1,11,VAUXHALL ASTRA,4,E01003685,0,-1
2021991047016,2021,991047016,1,9,0,17,19,6,2,0,0,0,2,0,7,0,1,1,1,1,1,30,6,1364,1,13,VAUXHALL ASTRA,9,-1,0,-1
2021991080176,2021,991080176,2,9,0,18,19,5,1,0,0,0,0,0,0,0,3,1,5,6,1,56,9,1598,2,5,VAUXHALL ASTRA,2,-1,0,-1
2021531116283,2021,531116283,2,9,0,18,19,7,3,0,0,2,0,0,0,0,4,1,2,2,2,35,6,1956,2,9,VAUXHALL ASTRA,1,E01022122,0,-1
2021010326049,2021,010326049,3,9,0,18,19,8,4,0,0,0,0,0,0,0,1,1,6,6,1,42,7,1364,1,15,VAUXHALL ASTRA,-1,-1,0,-1
2021010316853,2021,010316853,2,9,0,99,99,9,9,99,99,9,9,99,9,99,2,9,6,6,3,-1,-1,1956,2,10,VAUXHALL ASTRA,5,E01002682,0,-1
2021361095652,2021,361095652,2,9,4,18,19,2,6,0,0,0,0,0,0,0,2,1,5,6,1,75,10,1796,1,12,VAUXHALL ASTRA,5,E01026715,0,-1
2021010349879,2021,010349879,1,9,0,7,7,1,4,0,0,8,0,0,0,0,2,1,6,6,1,27,6,1399,1,4,VAUXHALL ASTRA,7,E01000198,0,-1
2021010314401,2021,010314401,1,9,0,3,3,5,1,0,0,2,0,0,0,0,1,1,6,6,1,30,6,1796,1,11,VAUXHALL ASTRA,5,E01000146,0,-1
2021522103956,2021,522103956,1,9,0,18,19,1,5,0,0,0,5,0,0,0,4,1,6,6,1,21,5,1364,1,11,VAUXHALL ASTRA,4,E01014676,0,-1
202134NNC3631,2021,34NNC3631,2,9,0,18,19,3,7,0,0,1,0,0,0,0,4,1,6,6,1,68,10,1598,1,16,VAUXHALL ASTRA,7,E01027090,0,-1
2021221053033,2021,221053033,1,9,0,18,19,6,2,0,0,3,0,0,0,0,1,1,5,6,2,71,10,1598,1,18,VAUXHALL ASTRA,2,E01014143,0,-1
2021440356505,2021,440356505,1,9,0,18,19,4,8,0,0,2,0,0,0,0,3,1,2,2,1,-1,-1,1598,1,15,VAUXHALL ASTRA,-1,-1,0,-1
2021371046364,2021,371046364,1,9,0,18,19,2,6,0,0,0,0,0,0,0,1,1,2,2,2,43,7,1796,1,12,VAUXHALL ASTRA,1,E01030250,0,-1
2021451073207,2021,451073207,1,9,0,18,19,8,4,0,0,0,0,0,0,0,1,1,1,1,1,39,7,1796,1,16,VAUXHALL ASTRA,1,E01022915,0,-1
2021010307818,2021,010307818,1,9,0,18,19,5,1,0,0,8,0,0,0,0,1,1,6,6,2,62,9,1399,1,3,VAUXHALL ASTRA,3,E01024149,0,-1
2021501071751,2021,501071751,1,9,0,5,5,1,4,0,0,1,0,0,0,0,1,1,5,6,1,83,11,1598,1,6,VAUXHALL ASTRA,7,E01014112,0,-1
2021201050059,2021,201050059,1,9,0,18,19,2,6,0,0,1,0,0,0,0,1,1,5,6,1,49,8,1398,1,10,VAUXHALL ASTRA,4,E01009394,0,-1
2021361094005,2021,361094005,1,9,0,7,7,4,3,0,0,1,5,0,3,1,1,1,5,6,2,20,4,1686,2,11,VAUXHALL ASTRA,2,E01015599,0,-1
2021010331045,2021,010331045,1,9,0,99,99,9,9,99,99,9,9,99,9,99,3,9,6,6,1,29,6,1362,1,8,VAUXHALL ASTRA,2,E01003578,0,-1
2021302100603,2021,302100603,3,9,0,18,19,8,4,0,0,0,0,0,0,0,1,1,6,6,3,-1,-1,1686,2,17,VAUXHALL ASTRA,5,E01019456,0,-1
2021122101509,2021,122101509,1,9,0,10,10,5,2,0,0,6,0,0,0,0,1,1,6,6,1,63,9,1598,1,15,VAUXHALL ASTRA,2,E01011856,0,-1
2021010313272,2021,010313272,2,9,0,18,19,1,5,0,0,8,5,7,0,0,3,1,6,6,1,19,4,1598,1,11,VAUXHALL ASTRA,6,E01003393,0,-1
2021041069126,2021,041069126,2,9,0,18,19,3,7,0,0,1,0,0,0,0,3,2,6,6,1,34,6,1598,1,11,VAUXHALL ASTRA,1,E01012572,0,-1
2021440177696,2021,440177696,1,9,0,5,5,1,5,0,0,8,0,0,0,0,1,1,6,6,2,28,6,1598,1,9,VAUXHALL ASTRA,5,E01017113,0,-1
2021401111898,2021,401111898,1,9,0,18,19,5,1,0,0,4,0,0,0,0,3,1,6,6,1,26,6,1598,2,5,VAUXHALL ASTRA,4,E01015717,0,-1
2021161028394,2021,161028394,2,9,0,18,19,3,7,0,0,8,0,0,0,0,4,1,6,6,2,-1,-1,1598,1,13,VAUXHALL ASTRA,9,E01013304,0,-1
2021471037400,2021,471037400,1,9,0,13,13,1,5,0,0,1,0,0,0,0,2,1,6,6,1,-1,-1,1399,1,3,VAUXHALL ASTRA,7,E01021022,0,-1
2021361094761,2021,361094761,1,9,0,7,7,3,2,0,0,3,0,0,0,0,1,1,5,6,1,45,7,1598,1,13,VAUXHALL ASTRA,3,E01026596,0,-1
202131C080221,2021,31C080221,1,9,0,5,5,8,4,9,9,1,0,0,0,0,1,1,3,7,2,38,7,1796,1,13,VAUXHALL ASTRA,1,E01013862,0,-1
2021501048857,2021,501048857,6,9,0,18,19,3,7,0,0,0,1,0,0,0,0,1,6,6,2,26,6,1598,2,5,VAUXHALL ASTRA,4,E01018914,0,-1
2021522102173,2021,522102173,1,9,0,2,2,0,0,0,0,0,0,0,0,0,1,1,6,6,1,88,11,1796,1,16,VAUXHALL ASTRA,7,E01014403,0,-1
2021401059237,2021,401059237,2,9,0,4,4,3,7,0,0,0,0,0,0,0,2,1,2,2,1,60,9,1796,1,15,VAUXHALL ASTRA,1,E01015699,0,-1
2021501128973,2021,501128973,1,9,0,18,19,2,5,0,0,0,1,4,0,0,3,1,6,6,1,-1,-1,1796,1,13,VAUXHALL ASTRA,-1,-1,0,-1
2021361085303,2021,361085303,2,9,0,18,19,4,8,0,0,0,0,0,0,0,2,1,5,6,2,36,7,1399,1,5,VAUXHALL ASTRA,2,E01026829,0,-1
2021430169399,2021,430169399,1,9,0,9,9,2,1,0,0,8,0,0,0,0,4,1,6,6,1,22,5,1399,1,5,VAUXHALL ASTRA,-1,-1,0,-1
2021430200092,2021,430200092,3,9,0,18,19,4,8,0,0,2,0,0,0,0,1,1,1,1,1,36,7,1598,2,3,VAUXHALL ASTRA,-1,-1,0,-1
2021440278638,2021,440278638,1,9,0,17,19,7,3,0,0,0,0,0,0,0,1,1,6,6,2,41,7,1956,2,7,VAUXHALL ASTRA,9,E01022639,0,-1
2021010299615,2021,010299615,1,9,0,1,1,5,3,0,0,0,0,0,0,0,2,1,6,6,2,67,10,1598,1,18,VAUXHALL ASTRA,-1,-1,0,-1
2021131074454,2021,131074454,1,9,0,9,9,3,7,0,0,6,0,0,0,0,1,2,2,2,1,33,6,1248,2,7,VAUXHALL ASTRA,4,E01011717,0,-1
2021131079046,2021,131079046,1,9,0,18,19,3,7,7,6,8,0,0,0,0,4,1,6,6,3,-1,-1,1598,1,10,VAUXHALL ASTRA,-1,-1,0,-1
2021440383881,2021,440383881,2,9,0,18,19,3,7,0,0,8,0,0,0,0,1,1,6,6,1,-1,-1,1956,2,9,VAUXHALL ASTRA,-1,-1,0,-1
2021041112939,2021,041112939,3,9,0,2,2,5,1,0,0,0,0,4,0,0,1,1,6,6,3,-1,-1,1796,1,12,VAUXHALL ASTRA,-1,-1,0,-1
2021010351159,2021,010351159,2,9,0,99,99,9,9,99,99,9,9,99,9,99,1,9,6,6,1,-1,-1,1364,1,16,VAUXHALL ASTRA,-1,-1,0,-1
2021430494113,2021,430494113,1,9,0,18,19,4,8,0,0,3,2,9,3,7,1,1,6,6,1,41,7,1364,1,16,VAUXHALL ASTRA,7,E01017839,0,-1
2021451124473,2021,451124473,1,9,0,18,19,1,5,9,9,0,1,10,2,11,1,1,2,2,1,28,6,1598,1,14,VAUXHALL ASTRA,4,E01031551,0,-1
2021052101930,2021,052101930,2,8,0,18,19,2,6,0,0,5,0,0,0,0,1,1,1,1,1,36,7,1248,2,7,VAUXHALL ASTRA,1,E01006505,0,-1
2021161014920,2021,161014920,1,9,0,9,9,7,5,0,0,2,0,0,0,0,1,1,6,6,2,45,7,1956,2,10,VAUXHALL ASTRA,8,E01013264,0,-1
2021440107305,2021,440107305,2,9,0,2,2,0,0,0,0,0,0,0,0,0,3,1,6,6,3,-1,-1,1364,1,7,VAUXHALL ASTRA,-1,-1,0,-1
2021361067728,2021,361067728,1,9,0,18,19,5,1,0,0,0,0,0,0,0,1,1,5,6,2,20,4,1598,1,15,VAUXHALL ASTRA,4,E01026787,0,-1
2021552100586,2021,552100586,2,9,0,9,9,7,4,0,0,8,0,0,0,0,3,1,6,6,2,24,5,1398,1,9,VAUXHALL ASTRA,6,E01020493,0,-1
2021201113345,2021,201113345,1,9,0,5,5,8,4,0,0,1,0,0,0,0,1,1,6,6,1,24,5,1248,2,15,VAUXHALL ASTRA,1,E01010142,0,-1
2021010351158,2021,010351158,1,9,0,99,99,9,9,99,99,9,9,99,9,99,2,9,6,6,1,31,6,1796,1,14,VAUXHALL ASTRA,9,E01003838,0,-1
2021421077625,2021,421077625,1,9,0,18,19,7,3,0,0,0,0,0,0,0,1,1,6,6,1,20,4,1598,1,9,VAUXHALL ASTRA,10,E01002254,0,-1
2021411083327,2021,411083327,1,9,0,16,19,6,2,0,0,1,5,4,0,0,4,1,5,6,1,22,5,1796,1,15,VAUXHALL ASTRA,6,E01023414,0,-1
202134NNC1671,2021,34NNC1671,1,9,0,5,5,7,3,0,0,4,0,0,0,0,1,1,6,6,1,60,9,1398,1,7,VAUXHALL ASTRA,4,E01026952,0,-1
2021991051097,2021,991051097,2,9,0,10,10,6,4,0,0,8,0,0,0,0,3,1,6,6,2,33,6,1796,1,14,VAUXHALL ASTRA,1,-1,0,-1
2021361064503,2021,361064503,2,9,0,18,19,7,3,0,0,1,0,0,0,0,1,1,5,6,2,24,5,1598,1,11,VAUXHALL ASTRA,6,E01026446,0,-1
2021430411419,2021,430411419,2,9,0,18,19,2,6,0,0,1,1,0,0,0,1,1,6,6,1,-1,-1,1364,1,12,VAUXHALL ASTRA,-1,-1,0,-1
2021430530476,2021,430530476,1,9,0,17,19,6,3,0,0,8,0,0,7,9,1,1,6,6,1,46,8,1364,1,12,VAUXHALL ASTRA,10,E01016270,0,-1
2021010343083,2021,010343083,1,9,0,5,5,4,8,0,0,2,0,0,0,0,1,1,6,6,1,46,8,1399,1,3,VAUXHALL ASTRA,2,E01001722,0,-1
2021070677712,2021,070677712,1,9,0,12,12,1,3,0,0,3,0,0,0,0,3,1,6,6,1,19,4,1398,1,7,VAUXHALL ASTRA,2,E01006624,0,-1
2021010349111,2021,010349111,1,9,0,10,10,8,6,0,0,1,1,0,0,0,1,1,6,6,1,31,6,1796,1,15,VAUXHALL ASTRA,2,E01002776,0,-1
2021010327882,2021,010327882,1,9,0,1,1,5,1,9,9,0,0,0,0,0,2,1,6,6,1,21,5,1598,1,11,VAUXHALL ASTRA,2,E01001795,0,-1
2021440449772,2021,440449772,1,9,0,18,19,6,2,0,0,0,0,0,0,0,1,1,6,6,2,49,8,1398,1,8,VAUXHALL ASTRA,7,E01023137,0,-1
2021111020891,2021,111020891,2,9,0,18,19,8,4,0,0,1,0,0,0,0,1,1,1,1,1,46,8,1910,2,16,VAUXHALL ASTRA,1,E01020873,0,-1
202131C105821,2021,31C105821,2,9,0,18,19,5,1,0,0,1,0,0,0,0,0,1,6,6,1,28,6,1686,2,7,VAUXHALL ASTRA,1,E01013825,0,-1
2021052102408,2021,052102408,2,9,0,18,19,1,5,0,0,8,0,0,1,0,1,1,1,1,1,52,8,1496,2,0,VAUXHALL ASTRA,9,E01018568,0,-1
2021010334600,2021,010334600,1,9,0,7,7,5,7,0,0,6,1,0,0,0,1,1,6,6,2,88,11,1598,1,16,VAUXHALL ASTRA,3,E01002568,0,-1
2021010299224,2021,010299224,2,9,0,99,99,9,9,99,99,9,9,99,9,99,9,9,6,6,3,48,8,999,1,4,VAUXHALL ASTRA,2,E01002810,0,-1
2021522106181,2021,522106181,2,9,0,18,19,6,2,0,0,1,0,0,0,0,1,1,6,6,1,28,6,999,1,5,VAUXHALL ASTRA,-1,-1,0,-1
2021041106856,2021,041106856,1,9,0,9,9,3,1,0,0,6,0,0,0,0,1,1,2,2,1,32,6,1598,2,2,VAUXHALL ASTRA,5,E01024873,0,-1
2021361110189,2021,361110189,1,9,0,13,13,3,7,0,0,0,0,0,1,9,4,1,6,6,1,-1,-1,1910,2,15,VAUXHALL ASTRA,-1,-1,0,-1
2021070497050,2021,070497050,1,9,0,18,19,1,5,0,0,2,0,0,0,0,1,1,6,6,2,35,6,1399,1,3,VAUXHALL ASTRA,3,E01018746,0,-1
2021471089217,2021,471089217,1,9,0,18,19,4,1,0,0,8,0,0,0,0,1,1,5,6,1,23,5,1399,1,4,VAUXHALL ASTRA,9,E01020939,0,-1
2021131100422,2021,131100422,1,9,0,18,19,4,8,0,0,0,1,0,0,0,1,1,6,6,1,31,6,1598,1,13,VAUXHALL ASTRA,4,E01010949,0,-1
2021461146834,2021,461146834,1,9,0,16,19,1,5,0,0,0,1,0,1,0,1,1,6,6,1,25,5,1598,1,11,VAUXHALL ASTRA,4,E01024444,0,-1
2021622100816,2021,622100816,2,9,0,3,3,4,8,0,0,0,0,0,0,0,2,1,1,1,2,44,7,1598,2,4,VAUXHALL ASTRA,8,W01001190,0,-1
2021161045019,2021,161045019,2,9,0,18,19,2,6,0,0,1,0,0,0,0,2,1,5,6,2,62,9,1998,1,13,VAUXHALL ASTRA,9,E01012770,0,-1
2021461048423,2021,461048423,2,9,0,18,19,6,2,0,0,1,0,0,0,0,0,1,1,1,1,31,6,1598,2,2,VAUXHALL ASTRA,5,E01024281,0,-1
2021010349589,2021,010349589,2,9,0,99,99,9,9,99,99,9,9,99,9,99,1,9,6,6,3,29,6,1598,1,9,VAUXHALL ASTRA,2,E01000544,0,-1
2021201083524,2021,201083524,1,9,0,9,9,6,4,0,0,4,0,0,0,0,2,1,6,6,2,37,7,1956,2,10,VAUXHALL ASTRA,7,E01009974,0,-1
2021010300935,2021,010300935,2,9,0,99,99,9,9,99,99,9,9,99,0,0,1,9,6,6,3,-1,-1,1399,1,5,VAUXHALL ASTRA,5,E01000663,0,-1
2021041088926,2021,041088926,2,9,0,18,19,5,3,0,0,4,0,0,0,0,3,1,5,6,2,53,8,1796,1,16,VAUXHALL ASTRA,3,E01012588,0,-1
2021991065128,2021,991065128,2,9,0,2,2,0,0,0,0,0,1,4,1,11,1,1,6,6,3,-1,-1,1796,1,13,VAUXHALL ASTRA,-1,-1,0,-1
2021061109797,2021,061109797,2,9,0,18,19,8,4,0,0,1,0,0,0,0,1,1,6,6,1,40,7,1598,2,4,VAUXHALL ASTRA,1,E01005586,0,-1
2021010317425,2021,010317425,2,9,0,1,1,5,8,0,0,3,0,0,0,0,2,1,6,6,3,-1,-1,1364,1,15,VAUXHALL ASTRA,-1,-1,0,-1
2021461073488,2021,461073488,2,9,0,18,19,3,7,0,0,0,1,4,1,9,1,1,1,1,2,21,5,1364,1,13,VAUXHALL ASTRA,7,E01024635,0,-1
2021531054067,2021,531054067,1,9,0,4,4,5,1,0,0,8,0,0,0,0,4,1,6,6,1,-1,-1,1598,2,4,VAUXHALL ASTRA,4,E01022365,0,-1
2021010333392,2021,010333392,1,9,0,3,3,1,5,0,0,2,0,0,0,0,0,1,6,6,1,37,7,1598,1,7,VAUXHALL ASTRA,9,E01001103,0,-1
2021991095273,2021,991095273,3,9,0,4,4,3,7,0,0,1,0,0,0,0,2,1,6,6,1,78,11,1399,1,4,VAUXHALL ASTRA,8,-1,0,-1
2021141032676,2021,141032676,5,9,0,18,19,1,5,0,0,0,0,0,0,0,1,1,5,6,1,27,6,1956,2,7,VAUXHALL ASTRA,1,E01007723,0,-1
2021161024337,2021,161024337,2,9,0,5,5,3,7,0,0,4,0,0,0,0,1,1,6,6,1,66,10,1398,1,10,VAUXHALL ASTRA,9,E01013077,0,-1
2021401080634,2021,401080634,1,9,0,18,19,1,5,0,0,0,0,0,0,0,4,1,6,6,1,53,8,1598,1,11,VAUXHALL ASTRA,9,E01015797,0,-1
2021991121206,2021,991121206,2,9,0,2,2,0,0,0,0,0,0,0,1,0,1,1,6,6,3,-1,-1,1598,1,10,VAUXHALL ASTRA,-1,-1,0,-1
2021501061516,2021,501061516,1,9,0,18,19,7,3,0,0,5,5,10,3,11,1,1,6,6,1,32,6,1796,1,13,VAUXHALL ASTRA,5,E01020969,0,-1
2021010321700,2021,010321700,1,9,0,18,19,5,1,0,0,3,1,0,7,11,1,1,6,6,1,29,6,1364,1,12,VAUXHALL ASTRA,2,E01001130,0,-1
2021430127052,2021,430127052,1,9,0,18,19,7,3,0,0,6,0,0,0,0,1,1,2,2,2,38,7,1399,1,2,VAUXHALL ASTRA,7,E01028756,0,-1
2021302101055,2021,302101055,1,9,0,18,19,6,2,0,0,8,0,0,0,0,1,1,6,6,1,46,8,1598,1,12,VAUXHALL ASTRA,6,E01019873,0,-1
202131C190421,2021,31C190421,2,9,0,18,19,4,8,0,0,8,0,0,0,0,1,1,6,6,1,78,11,1598,1,15,VAUXHALL ASTRA,1,E01013948,0,-1
2021101031581,2021,101031581,1,9,0,9,9,1,3,0,0,6,0,0,0,0,-1,1,5,6,2,28,6,1796,1,14,VAUXHALL ASTRA,-1,-1,0,-1
2021991118059,2021,991118059,1,9,0,17,19,4,8,0,0,1,1,0,8,11,1,1,5,6,1,22,5,1956,2,8,VAUXHALL ASTRA,5,-1,0,-1
2021010310564,2021,010310564,2,9,0,18,19,1,5,0,0,1,0,0,0,0,1,1,6,6,2,26,6,1362,1,8,VAUXHALL ASTRA,3,E01001117,0,-1
2021161092632,2021,161092632,2,9,0,2,2,0,0,0,0,0,0,0,0,0,1,1,6,6,3,-1,-1,1796,1,12,VAUXHALL ASTRA,-1,-1,0,-1
2021010330255,2021,010330255,1,9,0,16,19,3,7,9,9,1,1,4,3,0,1,1,6,6,1,21,5,999,1,3,VAUXHALL ASTRA,10,E01002961,0,-1
202131C042721,2021,31C042721,4,9,0,18,19,4,8,0,0,0,0,0,0,0,1,1,1,1,2,31,6,1686,2,14,VAUXHALL ASTRA,2,E01013907,0,-1
2021201069328,2021,201069328,2,9,0,3,3,1,5,0,0,1,0,0,0,0,3,1,3,7,2,59,9,1796,1,16,VAUXHALL ASTRA,2,E01010500,0,-1
2021440425169,2021,440425169,1,9,0,16,19,1,5,0,0,8,0,0,0,0,1,1,6,6,1,55,8,1796,1,15,VAUXHALL ASTRA,9,E01023009,0,-1
2021061045925,2021,061045925,1,9,0,18,19,2,6,0,0,1,0,0,0,0,1,1,5,6,3,30,6,1956,2,9,VAUXHALL ASTRA,-1,-1,0,-1
2021010351820,2021,010351820,2,9,0,18,19,3,7,9,9,8,0,0,1,11,1,1,6,6,2,23,5,1364,1,8,VAUXHALL ASTRA,-1,-1,0,-1
2021440036435,2021,440036435,1,9,0,16,19,8,4,0,0,0,0,0,7,2,1,1,2,2,1,37,7,1389,1,18,VAUXHALL ASTRA,9,E01022611,0,-1
2021440014241,2021,440014241,1,9,0,18,19,2,6,0,0,0,1,0,0,0,1,1,6,6,1,57,9,1686,2,19,VAUXHALL ASTRA,3,E01017170,0,-1
2021302101695,2021,302101695,1,9,0,4,4,4,8,0,0,2,0,0,0,0,3,1,6,6,1,68,10,1956,2,9,VAUXHALL ASTRA,3,E01019562,0,-1
2021161115037,2021,161115037,2,9,0,4,4,7,3,0,0,3,0,0,0,0,2,1,6,6,1,52,8,1248,2,9,VAUXHALL ASTRA,1,E01012906,0,-1
2021010319689,2021,010319689,1,9,0,13,13,7,3,0,0,0,0,0,0,0,0,1,6,6,1,19,4,1364,1,14,VAUXHALL ASTRA,3,E01000515,0,-1
2021430155047,2021,430155047,3,9,0,18,19,1,5,0,0,0,0,0,0,0,4,1,2,2,1,45,7,1364,1,14,VAUXHALL ASTRA,1,E01016372,0,-1
2021211116994,2021,211116994,2,9,0,9,9,7,6,0,0,0,0,0,0,0,1,1,1,1,1,56,9,1686,2,9,VAUXHALL ASTRA,1,E01014305,0,-1
2021122101209,2021,122101209,2,9,0,18,19,3,7,0,0,0,5,0,1,9,3,1,2,2,1,53,8,1364,1,7,VAUXHALL ASTRA,7,E01010587,0,-1
2021411049178,2021,411049178,1,9,0,18,19,-1,-1,0,0,0,0,0,0,0,1,1,6,6,3,-1,-1,1364,1,12,VAUXHALL ASTRA,-1,-1,0,-1
2021547276021,2021,547276021,1,9,0,18,19,7,3,0,0,1,0,0,0,0,1,1,2,2,1,25,5,1796,1,14,VAUXHALL ASTRA,5,E01031933,0,-1
2021010303626,2021,010303626,1,9,0,4,4,7,3,0,0,1,0,0,0,0,4,1,6,6,1,22,5,1399,1,4,VAUXHALL ASTRA,1,E01004757,0,-1
2021010324900,2021,010324900,2,9,0,16,19,5,1,0,0,0,0,0,7,0,1,1,6,6,3,-1,-1,1686,2,8,VAUXHALL ASTRA,-1,-1,0,-1
2021991081885,2021,991081885,1,9,0,5,5,6,2,0,0,0,0,0,0,0,3,1,2,2,1,22,5,1364,1,12,VAUXHALL ASTRA,2,-1,0,-1
2021430395417,2021,430395417,2,19,0,2,2,0,0,0,0,0,0,0,0,0,1,1,6,6,1,-1,-1,1248,2,14,VAUXHALL ASTRA,9,E01016324,0,-1
2021010315445,2021,010315445,1,9,0,5,5,7,3,0,0,1,0,0,0,0,4,1,6,6,1,25,5,1399,1,5,VAUXHALL ASTRA,4,E01002179,0,-1
2021122200047,2021,122200047,1,9,0,18,19,1,5,0,0,0,0,0,0,0,1,1,6,6,1,24,5,1248,2,13,VAUXHALL ASTRA,6,E01027570,0,-1
2021461083990,2021,461083990,2,9,0,11,11,7,3,0,0,0,1,0,0,0,4,1,2,2,2,43,7,1598,1,11,VAUXHALL ASTRA,1,E01016007,0,-1
2021351126097,2021,351126097,1,9,0,18,19,4,8,0,0,1,0,4,0,0,1,1,2,2,1,33,6,1686,2,10,VAUXHALL ASTRA,8,E01018206,0,-1
2021361064458,2021,361064458,1,9,0,18,19,5,1,0,0,0,0,0,0,0,3,1,6,6,1,64,9,1399,1,2,VAUXHALL ASTRA,4,E01026790,0,-1
2021070839044,2021,070839044,1,9,0,9,9,3,1,0,0,1,0,0,0,0,3,1,3,7,2,38,7,1364,1,7,VAUXHALL ASTRA,7,E01012560,0,-1
2021010341846,2021,010341846,1,9,0,4,4,3,7,0,0,2,0,0,0,0,2,1,6,6,1,34,6,1598,1,15,VAUXHALL ASTRA,5,E01003217,0,-1
2021401046132,2021,401046132,1,9,0,18,19,4,8,0,0,0,0,0,0,0,0,1,1,1,1,-1,-1,1598,2,3,VAUXHALL ASTRA,-1,-1,0,-1
2021052100493,2021,052100493,3,9,0,18,19,3,7,0,0,1,0,0,0,0,4,1,6,6,1,49,8,1248,2,10,VAUXHALL ASTRA,2,E01006586,0,-1
2021371035526,2021,371035526,1,9,0,9,9,1,8,0,0,0,0,0,0,0,1,1,5,6,1,47,8,1598,1,6,VAUXHALL ASTRA,9,E01021654,0,-1
2021161117243,2021,161117243,2,9,0,2,2,0,0,0,0,0,0,0,0,0,2,1,6,6,3,-1,-1,1364,1,5,VAUXHALL ASTRA,-1,-1,0,-1
2021991056469,2021,991056469,2,9,0,9,9,3,8,0,0,1,1,0,0,0,3,1,2,2,2,31,6,1364,1,11,VAUXHALL ASTRA,5,-1,0,-1