collision_index,collision_year,collision_ref_no,vehicle_reference,vehicle_type,towing_and_articulation,vehicle_manoeuvre_historic,vehicle_manoeuvre,vehicle_direction_from,vehicle_direction_to,vehicle_location_restricted_lane_historic,vehicle_location_restricted_lane,junction_location,skidding_and_overturning,hit_object_in_carriageway,vehicle_leaving_carriageway,hit_object_off_carriageway,first_point_of_impact,vehicle_left_hand_drive,journey_purpose_of_driver_historic,journey_purpose_of_driver,sex_of_driver,age_of_driver,age_band_of_driver,engine_capacity_cc,propulsion_code,age_of_vehicle,generic_make_model,driver_imd_decile,lsoa_of_driver,escooter_flag,driver_distance_banding
2021440238553,2021,440238553,1,9,0,18,19,2,6,0,0,0,0,0,2,7,4,1,6,6,1,33,6,1598,1,12,VAUXHALL ASTRA,5,E01022567,0,-1
202131C184121,2021,31C184121,1,9,0,13,13,4,8,0,0,8,0,0,0,0,4,1,1,1,1,35,6,1598,2,3,VAUXHALL ASTRA,-1,-1,0,-1
2021471126638,2021,471126638,2,9,0,18,19,1,5,0,0,0,0,0,0,0,1,1,5,6,1,32,6,1598,1,7,VAUXHALL ASTRA,5,E01031355,0,-1
2021471120712,2021,471120712,1,9,0,7,7,1,3,0,0,0,0,0,1,0,1,1,5,6,1,36,7,1248,2,14,VAUXHALL ASTRA,4,E01020974,0,-1
202131D108621,2021,31D108621,1,9,0,18,19,4,8,0,0,1,0,0,0,0,3,1,6,6,2,29,6,1362,1,9,VAUXHALL ASTRA,7,E01028107,0,-1
2021052100269,2021,052100269,1,9,0,17,19,1,5,0,0,8,0,0,1,2,1,2,6,6,1,70,10,1598,1,17,VAUXHALL ASTRA,6,E01006894,0,-1
202131B185521,2021,31B185521,1,9,0,18,19,4,8,0,0,0,0,10,7,3,1,1,6,6,1,21,5,1956,2,10,VAUXHALL ASTRA,5,E01008034,0,-1
2021052100537,2021,052100537,1,9,0,18,19,5,1,0,0,8,0,0,0,0,1,1,6,6,2,33,6,1399,1,5,VAUXHALL ASTRA,1,E01006676,0,-1
2021010333676,2021,010333676,1,9,0,9,9,2,8,0,0,7,0,0,0,0,1,1,6,6,2,30,6,1398,1,7,VAUXHALL ASTRA,8,E01002499,0,-1
2021320515081,2021,320515081,1,9,0,17,19,4,2,0,0,1,0,0,0,0,1,1,6,6,3,40,7,1364,1,15,VAUXHALL ASTRA,-1,-1,0,-1
20211382M1255,2021,1382M1255,1,9,0,18,19,3,7,0,0,0,0,0,0,0,1,1,6,6,2,72,10,1910,2,16,VAUXHALL ASTRA,8,E01011171,0,-1
2021010289585,2021,010289585,3,9,0,18,19,5,1,0,0,0,0,0,0,0,2,1,6,6,2,27,6,1598,2,4,VAUXHALL ASTRA,1,E01003535,0,-1
2021231080961,2021,231080961,2,9,0,17,19,3,8,0,0,8,0,0,0,0,4,1,6,6,1,22,5,1598,1,19,VAUXHALL ASTRA,4,E01029501,0,-1
2021302101070,2021,302101070,2,9,0,3,3,2,6,0,0,0,0,0,0,0,2,1,6,6,1,27,6,1598,1,16,VAUXHALL ASTRA,6,E01019680,0,-1
2021430043846,2021,430043846,2,9,0,18,19,4,8,0,0,0,0,0,0,0,4,1,6,6,2,29,6,1598,2,5,VAUXHALL ASTRA,2,E01016726,0,-1
2021351096941,2021,351096941,1,9,0,5,5,5,1,0,0,1,0,0,0,0,1,1,6,6,3,-1,-1,1398,1,6,VAUXHALL ASTRA,-1,-1,0,-1
2021011049221,2021,011049221,1,9,0,14,14,0,0,0,0,0,0,0,0,0,0,1,5,6,2,36,7,1364,1,8,VAUXHALL ASTRA,4,E01001463,0,-1
2021010331736,2021,010331736,2,9,9,99,99,9,9,99,99,6,9,99,9,99,1,9,6,6,1,38,7,-1,-1,-1,VAUXHALL ASTRA,5,E01002249,0,-1
2021131114613,2021,131114613,2,9,0,4,4,5,1,0,0,2,0,0,0,0,1,1,5,6,1,31,6,1910,2,12,VAUXHALL ASTRA,1,E01011494,0,-1
2021201149151,2021,201149151,1,9,0,18,19,1,5,0,0,0,0,0,0,0,1,1,6,6,1,24,5,1686,2,11,VAUXHALL ASTRA,1,E01009203,0,-1
2021211132265,2021,211132265,1,9,0,18,19,5,1,0,0,0,1,10,1,0,3,1,2,2,1,36,7,1598,2,4,VAUXHALL ASTRA,1,E01014212,0,-1
2021320339984,2021,320339984,1,9,0,17,19,4,1,0,0,2,0,0,0,0,1,1,6,6,1,40,7,1998,1,12,VAUXHALL ASTRA,7,E01028856,0,-1
2021070667261,2021,070667261,2,19,0,18,19,5,1,0,0,8,0,0,0,0,1,1,6,6,1,20,4,1686,2,9,VAUXHALL ASTRA,2,E01018596,0,-1
2021471069167,2021,471069167,2,9,0,17,19,6,2,0,0,2,0,0,0,0,1,1,2,2,1,31,6,-1,-1,-1,VAUXHALL ASTRA,10,E01031754,0,-1
2021471070770,2021,471070770,1,9,0,18,19,1,1,0,0,0,0,0,0,0,1,1,6,6,1,-1,-1,1910,2,13,VAUXHALL ASTRA,1,E01021136,0,-1
2021221102510,2021,221102510,2,9,0,18,19,1,5,0,0,0,0,0,0,0,0,1,1,1,1,34,6,1598,2,3,VAUXHALL ASTRA,8,E01032400,0,-1
2021461113947,2021,461113947,1,9,0,18,19,6,2,0,0,0,0,0,0,0,1,1,6,6,2,23,5,1598,1,12,VAUXHALL ASTRA,10,E01024325,0,-1
2021430529491,2021,430529491,1,9,0,18,19,3,7,0,0,0,5,0,0,0,1,1,6,6,1,80,11,1598,1,9,VAUXHALL ASTRA,10,E01016412,0,-1
2021302101938,2021,302101938,2,9,0,18,19,2,6,0,0,0,0,0,0,0,4,1,6,6,2,71,10,1598,1,6,VAUXHALL ASTRA,9,E01019627,0,-1
2021471043995,2021,471043995,1,9,0,18,19,5,1,0,0,2,0,0,0,0,1,1,1,1,1,47,8,1598,1,10,VAUXHALL ASTRA,7,E01031701,0,-1
2021170M30361,2021,170M30361,2,9,0,18,19,5,1,0,0,8,0,0,0,0,1,1,6,6,1,27,6,1398,1,9,VAUXHALL ASTRA,1,E01012044,0,-1
2021111076557,2021,111076557,1,9,0,18,19,5,1,0,0,0,0,0,0,0,1,1,6,6,3,30,6,1910,2,15,VAUXHALL ASTRA,-1,-1,0,-1
2021170S21421,2021,170S21421,2,9,0,2,2,0,0,0,0,1,0,0,0,0,2,1,6,6,1,34,6,1598,1,13,VAUXHALL ASTRA,9,E01012255,0,-1
2021451104420,2021,451104420,1,9,0,17,19,7,3,0,0,0,0,0,1,4,1,1,5,6,1,21,5,1364,1,13,VAUXHALL ASTRA,3,E01032784,0,-1
2021010288173,2021,010288173,1,9,0,6,6,5,5,0,0,8,0,10,0,0,3,1,6,6,1,33,6,1398,1,9,VAUXHALL ASTRA,1,E01004675,0,-1
2021221118178,2021,221118178,1,9,0,9,9,7,5,0,0,5,0,0,0,0,4,1,2,2,2,27,6,1598,1,16,VAUXHALL ASTRA,1,E01032318,0,-1
2021010293827,2021,010293827,3,9,0,4,4,1,5,0,0,2,0,0,0,0,3,1,1,1,1,33,6,1399,1,4,VAUXHALL ASTRA,9,E01002535,0,-1
2021421124647,2021,421124647,1,19,0,7,7,1,7,0,0,8,1,0,0,0,3,1,6,6,1,-1,-1,1686,2,18,VAUXHALL ASTRA,6,E01021372,0,-1
2021010313297,2021,010313297,2,9,0,7,7,1,3,0,0,1,0,0,0,0,1,1,6,6,1,22,5,1598,1,9,VAUXHALL ASTRA,1,E01002038,0,-1
2021131047552,2021,131047552,1,9,0,13,13,5,1,-1,-1,1,-1,-1,-1,-1,4,1,6,6,3,-1,-1,-1,-1,-1,VAUXHALL ASTRA,-1,-1,0,-1
2021371018326,2021,371018326,2,9,0,3,3,3,8,0,0,0,0,0,0,0,2,1,6,6,2,39,7,1598,1,18,VAUXHALL ASTRA,7,E01021993,0,-1
2021991055766,2021,991055766,1,9,0,18,19,3,7,0,0,2,0,0,0,0,1,1,5,6,2,30,6,1598,1,12,VAUXHALL ASTRA,10,-1,0,-1
2021221056325,2021,221056325,1,9,0,16,19,1,3,0,0,3,1,10,7,9,1,1,5,6,1,29,6,1364,1,11,VAUXHALL ASTRA,6,E01014146,0,-1
2021052100192,2021,052100192,2,9,0,18,19,2,6,0,0,1,0,0,0,0,4,1,6,6,1,64,9,1686,2,13,VAUXHALL ASTRA,6,E01006595,0,-1
2021010309441,2021,010309441,2,9,0,9,9,3,1,0,0,2,0,0,0,0,1,1,6,6,2,42,7,1598,1,6,VAUXHALL ASTRA,-1,-1,0,-1
2021501049911,2021,501049911,1,9,0,18,19,3,7,0,0,0,1,0,0,0,1,1,6,6,2,62,9,1796,1,11,VAUXHALL ASTRA,6,E01015106,0,-1
2021320112955,2021,320112955,2,9,0,18,19,7,3,0,0,1,0,0,0,0,1,1,6,6,1,36,7,1998,1,14,VAUXHALL ASTRA,2,E01026101,0,-1
2021501072127,2021,501072127,2,9,0,18,19,5,1,0,0,8,0,0,0,0,1,1,6,6,2,32,6,1956,2,11,VAUXHALL ASTRA,4,E01029857,0,-1
2021991105221,2021,991105221,2,9,0,18,19,4,8,0,0,1,0,0,0,0,3,1,5,6,1,59,9,1598,2,5,VAUXHALL ASTRA,-1,-1,0,-1
2021430256397,2021,430256397,2,9,0,9,9,7,5,0,0,6,0,0,0,0,2,1,6,6,1,18,4,1398,1,11,VAUXHALL ASTRA,10,E01028727,0,-1
2021320613392,2021,320613392,1,9,0,18,19,3,7,0,0,0,0,0,0,0,1,1,6,6,2,33,6,1364,1,13,VAUXHALL ASTRA,10,E01026139,0,-1
2021122100649,2021,122100649,2,9,0,18,19,6,2,0,0,8,0,0,0,0,1,1,2,2,1,31,6,-1,-1,-1,VAUXHALL ASTRA,7,E01027653,0,-1
2021010318985,2021,010318985,1,19,9,7,7,1,3,0,0,8,9,0,0,0,1,9,6,6,1,44,7,1686,2,13,VAUXHALL ASTRA,3,E01001045,0,-1
2021010336317,2021,010336317,2,9,0,99,99,9,9,99,99,9,9,99,9,99,4,9,6,6,3,-1,-1,1796,1,14,VAUXHALL ASTRA,2,E01001128,0,-1
2021430489240,2021,430489240,2,9,0,4,4,8,4,0,0,0,0,0,0,0,2,1,6,6,2,44,7,1598,1,8,VAUXHALL ASTRA,8,E01016339,0,-1
2021010323872,2021,010323872,1,9,0,18,19,3,7,0,0,1,0,0,0,0,1,1,6,6,1,64,9,-1,-1,-1,VAUXHALL ASTRA,9,E01003880,0,-1
2021440292421,2021,440292421,2,9,0,9,9,7,5,0,0,6,0,0,0,0,3,1,6,6,3,-1,-1,1598,1,11,VAUXHALL ASTRA,-1,-1,0,-1
2021161095931,2021,161095931,1,9,0,5,5,1,5,0,0,8,0,0,0,0,3,1,2,2,1,34,6,1598,2,7,VAUXHALL ASTRA,4,E01013314,0,-1
2021440373778,2021,440373778,2,9,0,18,19,2,6,0,0,0,0,0,0,0,1,1,6,6,3,-1,-1,1364,1,11,VAUXHALL ASTRA,-1,-1,0,-1
202131D067621,2021,31D067621,1,9,0,5,5,0,6,0,0,0,0,0,0,0,1,1,6,6,2,39,7,1364,1,12,VAUXHALL ASTRA,-1,-1,0,-1
2021031115065,2021,031115065,1,9,0,18,19,6,2,0,0,4,0,0,0,0,1,1,6,6,2,41,7,1956,2,8,VAUXHALL ASTRA,2,E01019159,0,-1
2021141033980,2021,141033980,2,9,0,18,19,3,3,0,0,8,0,0,0,0,1,1,2,2,2,26,6,1398,1,8,VAUXHALL ASTRA,7,E01008134,0,-1
2021070760730,2021,070760730,1,9,0,9,9,1,5,0,0,1,0,0,0,0,1,1,2,2,1,61,9,1398,1,10,VAUXHALL ASTRA,2,E01018538,0,-1
2021461038460,2021,461038460,1,9,0,18,19,3,7,0,0,0,0,0,0,0,4,1,5,6,2,83,11,1598,2,26,VAUXHALL ASTRA,4,E01024591,0,-1
2021170S11651,2021,170S11651,1,9,0,10,10,6,3,0,0,1,0,0,0,0,4,1,6,6,1,23,5,1956,2,9,VAUXHALL ASTRA,8,E01012189,0,-1
2021461117914,2021,461117914,1,9,0,5,5,4,2,0,0,1,0,0,0,0,1,1,6,6,2,52,8,1598,1,9,VAUXHALL ASTRA,9,E01024832,0,-1
2021401102610,2021,401102610,1,9,0,18,19,1,5,0,0,0,0,0,0,0,1,1,6,6,3,-1,-1,1598,2,4,VAUXHALL ASTRA,-1,-1,0,-1
2021461133596,2021,461133596,1,9,0,18,19,3,5,0,0,8,0,0,0,0,1,1,6,6,3,-1,-1,1598,1,13,VAUXHALL ASTRA,-1,-1,0,-1
2021991015442,2021,991015442,2,9,0,3,3,5,1,0,0,0,0,0,0,0,2,1,6,6,1,36,7,1364,1,12,VAUXHALL ASTRA,9,-1,0,-1
2021070392909,2021,070392909,1,9,0,3,3,2,6,0,0,1,0,9,0,0,1,1,6,6,1,42,7,1364,1,11,VAUXHALL ASTRA,1,E01018550,0,-1
2021041022469,2021,041022469,2,9,0,18,19,1,5,0,0,8,0,0,0,0,3,1,2,2,1,19,4,1598,1,11,VAUXHALL ASTRA,10,E01025464,0,-1
2021461038389,2021,461038389,2,9,0,4,4,1,5,0,0,0,0,0,0,0,3,1,2,2,2,35,6,1598,2,3,VAUXHALL ASTRA,4,E01024669,0,-1
2021991126605,2021,991126605,2,9,0,15,15,2,6,0,0,0,0,0,0,0,4,1,5,6,1,36,7,1956,2,6,VAUXHALL ASTRA,6,-1,0,-1
2021010322886,2021,010322886,2,9,0,99,99,9,9,0,0,8,0,0,0,0,1,9,6,6,3,-1,-1,1398,1,7,VAUXHALL ASTRA,-1,-1,0,-1
2021010295421,2021,010295421,1,9,0,8,8,7,2,0,0,8,0,0,0,0,1,1,2,2,1,36,7,1399,1,2,VAUXHALL ASTRA,2,E01004083,0,-1
2021430563692,2021,430563692,1,9,0,7,7,2,4,0,0,8,0,0,0,0,0,1,6,6,1,68,10,1956,2,7,VAUXHALL ASTRA,10,E01023711,0,-1
2021461058548,2021,461058548,1,9,0,18,19,3,5,0,0,0,1,10,4,0,3,1,5,6,2,39,7,1364,1,12,VAUXHALL ASTRA,4,E01016143,0,-1
2021211114962,2021,211114962,1,9,0,18,19,6,2,0,0,1,0,0,0,0,1,1,6,6,2,44,7,999,1,5,VAUXHALL ASTRA,4,E01014219,0,-1
2021010322537,2021,010322537,1,9,0,9,9,5,2,0,0,1,0,0,0,0,4,1,6,6,2,25,5,1598,1,16,VAUXHALL ASTRA,6,E01003641,0,-1
2021421117418,2021,421117418,2,9,0,2,2,7,3,0,0,0,0,0,0,0,3,1,6,6,3,-1,-1,1956,2,6,VAUXHALL ASTRA,-1,-1,0,-1
2021411031671,2021,411031671,1,9,0,7,7,5,1,0,0,3,0,0,0,0,1,1,6,6,1,-1,-1,1398,1,10,VAUXHALL ASTRA,-1,-1,0,-1
2021221017989,2021,221017989,1,9,0,17,19,6,3,0,0,0,2,0,7,11,4,1,2,2,1,40,7,1248,2,13,VAUXHALL ASTRA,2,W01001506,0,-1
202134NNC3801,2021,34NNC3801,2,9,0,18,19,1,5,0,0,0,0,0,0,0,3,1,2,2,2,49,8,1364,1,7,VAUXHALL ASTRA,8,E01032966,0,-1
2021070812347,2021,070812347,2,9,0,9,9,5,2,0,0,6,0,0,0,0,4,1,6,6,2,45,7,1598,1,9,VAUXHALL ASTRA,10,E01018530,0,-1
2021010306102,2021,010306102,1,9,0,18,19,7,3,0,0,2,0,0,0,0,1,1,1,1,1,35,6,1341,1,1,VAUXHALL ASTRA,4,E01004401,0,-1
2021501068800,2021,501068800,2,9,0,10,10,0,0,0,0,8,0,0,0,0,0,1,5,6,2,64,9,1399,1,3,VAUXHALL ASTRA,1,E01018870,0,-1
2021010305518,2021,010305518,2,9,0,4,4,5,1,0,0,0,0,0,0,0,3,1,3,7,2,34,6,1598,1,9,VAUXHALL ASTRA,8,E01004144,0,-1
2021010307759,2021,010307759,2,9,0,9,9,8,4,0,0,1,0,0,0,0,1,1,6,6,1,31,6,1796,1,11,VAUXHALL ASTRA,3,E01001362,0,-1
202131C201521,2021,31C201521,1,9,0,17,19,4,8,0,0,2,0,0,0,0,1,1,6,6,1,29,6,1796,1,15,VAUXHALL ASTRA,2,E01013963,0,-1
2021411031793,2021,411031793,1,9,0,2,2,0,0,0,0,0,0,0,0,0,3,1,5,6,1,24,5,1598,1,13,VAUXHALL ASTRA,6,E01023855,0,-1
2021991063886,2021,991063886,2,9,0,18,19,4,7,0,0,0,0,0,0,0,1,1,5,6,1,70,10,1598,1,15,VAUXHALL ASTRA,6,E01023830,0,-1
2021161038043,2021,161038043,1,9,0,18,19,8,4,0,0,0,0,0,0,0,4,1,1,1,1,56,9,1598,2,5,VAUXHALL ASTRA,3,E01011341,0,-1
2021430171730,2021,430171730,1,9,0,18,19,1,5,0,0,0,0,0,0,0,1,1,6,6,2,40,7,1598,2,2,VAUXHALL ASTRA,10,E01016648,0,-1
2021501136341,2021,501136341,2,9,0,5,5,1,5,0,0,0,0,0,0,0,1,1,6,6,2,32,6,1796,1,14,VAUXHALL ASTRA,2,E01018949,0,-1
202131C109721,2021,31C109721,1,9,0,9,9,8,7,0,0,5,0,0,0,0,1,1,6,6,2,21,5,1364,1,11,VAUXHALL ASTRA,2,E01028147,0,-1
2021010289747,2021,010289747,1,9,0,18,19,5,1,0,0,4,0,0,0,0,1,1,6,6,2,34,6,1398,1,11,VAUXHALL ASTRA,5,E01003751,0,-1
2021161018321,2021,161018321,1,9,0,18,19,1,5,0,0,0,1,0,6,4,3,1,1,1,1,23,5,1910,2,16,VAUXHALL ASTRA,1,E01012944,0,-1
202134WNC6421,2021,34WNC6421,2,9,0,12,12,5,1,0,0,5,0,0,0,0,2,1,6,6,1,74,10,999,1,3,VAUXHALL ASTRA,7,E01027011,0,-1
2021052102013,2021,052102013,2,9,0,18,19,2,6,0,0,8,0,0,0,0,1,1,6,6,1,38,7,1364,1,10,VAUXHALL ASTRA,6,E01007213,0,-1
2021041062874,2021,041062874,1,9,0,18,19,5,1,0,0,0,0,0,0,0,1,1,2,2,1,23,5,1398,1,10,VAUXHALL ASTRA,8,E01019375,0,-1
2021440087309,2021,440087309,2,9,0,4,4,2,6,0,0,8,0,0,0,0,1,1,6,6,1,29,6,1598,1,16,VAUXHALL ASTRA,4,E01023033,0,-1
2021052102191,2021,052102191,1,9,0,18,19,5,1,0,0,8,0,0,1,0,3,1,6,6,1,32,6,1796,1,12,VAUXHALL ASTRA,1,E01006599,0,-1
2021010345833,2021,010345833,1,9,3,5,5,5,1,0,0,7,0,0,0,0,4,1,6,6,1,29,6,1399,1,3,VAUXHALL ASTRA,2,E01002784,0,-1
2021010338652,2021,010338652,1,9,0,14,14,7,3,0,0,6,0,0,0,0,1,2,2,2,2,46,8,1364,1,14,VAUXHALL ASTRA,2,E01000059,0,-1
2021451028848,2021,451028848,1,9,0,9,9,1,1,0,0,1,0,0,0,0,3,1,1,1,1,21,5,1598,1,9,VAUXHALL ASTRA,6,E01030586,0,-1
2021501111343,2021,501111343,1,9,0,4,4,3,7,0,0,0,0,0,0,0,1,1,5,6,1,27,6,1598,1,11,VAUXHALL ASTRA,8,E01015111,0,-1
2021622100714,2021,622100714,2,9,0,18,19,4,8,0,0,0,0,0,1,4,1,1,6,6,1,56,9,1399,1,2,VAUXHALL ASTRA,1,W01001279,0,-1
2021052100469,2021,052100469,1,9,0,18,19,1,5,0,0,1,0,0,0,0,1,1,2,2,2,28,6,1598,1,15,VAUXHALL ASTRA,4,E01007302,0,-1
2021010313362,2021,010313362,1,9,0,2,2,0,0,99,99,0,9,99,9,99,9,9,6,6,3,-1,-1,1796,1,14,VAUXHALL ASTRA,-1,-1,0,-1
2021371017417,2021,371017417,2,9,0,18,19,5,1,0,0,1,0,0,0,0,1,1,5,6,1,34,6,-1,-1,-1,VAUXHALL ASTRA,5,E01030092,0,-1
2021522101596,2021,522101596,1,9,0,5,5,7,3,0,0,4,0,0,0,0,1,1,6,6,2,57,9,1598,1,11,VAUXHALL ASTRA,6,E01014633,0,-1
2021010330658,2021,010330658,1,9,0,9,9,1,6,0,0,8,0,0,0,0,4,1,6,6,1,28,6,1956,2,8,VAUXHALL ASTRA,5,E01002118,0,-1
2021122101480,2021,122101480,1,9,0,18,19,4,8,0,0,0,0,0,0,0,1,1,2,2,1,66,10,1248,2,14,VAUXHALL ASTRA,4,E01013382,0,-1
2021010331440,2021,010331440,4,9,0,3,3,5,1,0,0,0,0,0,0,0,2,1,6,6,1,31,6,1598,1,9,VAUXHALL ASTRA,3,E01002645,0,-1
2021010287149,2021,010287149,2,9,0,18,19,5,1,0,0,1,0,0,0,0,1,1,6,6,1,21,5,1598,1,11,VAUXHALL ASTRA,3,E01004202,0,-1
2021041112222,2021,041112222,1,9,0,9,9,1,8,0,0,6,0,0,0,0,3,1,1,1,1,19,4,1686,2,11,VAUXHALL ASTRA,2,E01004852,0,-1
202134NNC5171,2021,34NNC5171,1,9,0,18,19,7,3,0,0,0,0,0,0,0,1,1,6,6,1,46,8,1598,1,12,VAUXHALL ASTRA,7,E01025620,0,-1
2021548171321,2021,548171321,1,9,0,18,19,6,2,0,0,1,1,0,0,0,1,1,6,6,1,31,6,1399,1,2,VAUXHALL ASTRA,7,E01015474,0,-1
2021161073553,2021,161073553,1,9,0,18,19,1,5,0,0,4,0,0,0,0,1,1,6,6,1,43,7,-1,-1,-1,VAUXHALL ASTRA,5,E01013009,0,-1
2021201070722,2021,201070722,2,9,0,2,2,0,0,0,0,0,0,0,0,0,3,1,5,6,2,31,6,1598,1,6,VAUXHALL ASTRA,-1,-1,0,-1
2021501104875,2021,501104875,1,9,0,18,19,7,3,0,0,0,0,0,0,0,1,1,6,6,1,27,6,1598,2,4,VAUXHALL ASTRA,-1,-1,0,-1
2021351064154,2021,351064154,1,9,0,3,3,7,2,0,0,0,0,0,0,0,2,1,5,6,2,19,4,1248,2,8,VAUXHALL ASTRA,1,E01015661,0,-1
2021421062519,2021,421062519,2,9,0,18,19,5,1,0,0,0,1,0,0,0,3,1,6,6,1,24,5,1598,1,11,VAUXHALL ASTRA,10,E01021452,0,-1
2021070752793,2021,070752793,1,9,0,18,19,3,6,0,0,0,0,10,0,0,1,2,6,6,3,-1,-1,1956,2,11,VAUXHALL ASTRA,-1,-1,0,-1
2021010298397,2021,010298397,1,9,0,2,2,0,0,0,0,0,0,0,0,0,2,1,6,6,3,-1,-1,1398,1,7,VAUXHALL ASTRA,-1,-1,0,-1
2021461119070,2021,461119070,3,9,0,3,3,5,1,0,0,0,0,0,0,0,2,1,6,6,1,31,6,1598,1,8,VAUXHALL ASTRA,4,E01024624,0,-1
2021221070534,2021,221070534,1,9,0,13,13,8,4,0,0,0,0,0,0,0,1,1,5,6,1,80,11,1910,2,13,VAUXHALL ASTRA,5,E01028869,0,-1
2021131068246,2021,131068246,1,9,0,18,19,2,5,0,0,8,0,0,0,0,3,1,2,2,1,44,7,1910,2,13,VAUXHALL ASTRA,1,E01011317,0,-1
2021010337500,2021,010337500,2,9,0,99,99,9,9,99,99,0,9,99,9,99,9,9,6,6,3,-1,-1,1796,1,16,VAUXHALL ASTRA,-1,-1,0,-1
2021471057157,2021,471057157,2,9,0,16,19,7,2,0,0,0,0,0,0,0,3,1,1,1,2,62,9,1686,2,15,VAUXHALL ASTRA,4,E01020924,0,-1
2021041067875,2021,041067875,1,9,0,5,5,5,5,0,0,1,0,0,0,0,3,1,5,6,1,20,4,1398,1,10,VAUXHALL ASTRA,9,E01025064,0,-1
2021320707375,2021,320707375,1,9,0,17,19,8,6,0,0,0,1,0,0,11,1,1,6,6,1,19,4,1248,2,11,VAUXHALL ASTRA,1,E01026069,0,-1
2021461046295,2021,461046295,2,9,0,4,4,3,7,0,0,0,0,0,0,0,2,1,6,6,1,35,6,1598,2,5,VAUXHALL ASTRA,1,E01024683,0,-1
2021061121320,2021,061121320,2,9,0,2,2,0,0,0,0,8,0,0,0,0,2,1,6,6,3,30,6,1796,1,15,VAUXHALL ASTRA,-1,-1,0,-1
202163D096121,2021,63D096121,2,9,0,2,2,0,0,0,0,0,0,0,7,10,1,1,6,6,2,44,7,1956,2,8,VAUXHALL ASTRA,3,W01000454,0,-1
2021141024056,2021,141024056,1,9,0,-1,-1,-1,-1,-1,-1,8,-1,-1,-1,0,1,1,6,6,3,-1,-1,1364,1,11,VAUXHALL ASTRA,-1,-1,0,-1
2021371011364,2021,371011364,1,9,0,16,19,5,1,0,0,0,2,0,7,0,2,1,2,2,2,21,5,1598,1,15,VAUXHALL ASTRA,5,E01026649,0,-1
2021440371827,2021,440371827,2,9,0,9,9,2,6,0,0,8,0,0,0,0,1,1,6,6,1,51,8,1598,1,18,VAUXHALL ASTRA,4,E01017258,0,-1
202131C047621,2021,31C047621,2,9,0,8,8,8,4,0,0,1,0,0,0,0,2,1,6,6,2,52,8,1598,1,14,VAUXHALL ASTRA,3,E01013830,0,-1
2021141117053,2021,141117053,2,9,0,18,19,7,3,0,0,2,0,0,0,0,3,1,5,6,1,80,11,1598,1,11,VAUXHALL ASTRA,7,E01007384,0,-1
2021061035342,2021,061035342,2,9,0,18,19,5,1,0,0,0,0,0,0,0,1,1,6,6,1,65,9,1598,1,17,VAUXHALL ASTRA,-1,-1,0,-1
2021320625195,2021,320625195,1,9,0,5,5,4,8,0,0,8,0,0,0,0,1,1,6,6,1,34,6,1364,1,14,VAUXHALL ASTRA,4,E01026253,0,-1
2021010318763,2021,010318763,2,9,0,9,9,8,6,0,0,5,0,0,0,0,1,1,6,6,3,-1,-1,1598,1,10,VAUXHALL ASTRA,-1,-1,0,-1
2021501078095,2021,501078095,3,9,0,18,19,7,3,0,0,0,0,0,0,0,1,1,5,6,2,30,6,1398,1,11,VAUXHALL ASTRA,3,E01022132,0,-1
2021440145544,2021,440145544,1,9,0,4,4,4,8,0,0,0,0,0,0,0,2,1,6,6,1,57,9,1399,1,5,VAUXHALL ASTRA,7,E01017316,0,-1
2021010340163,2021,010340163,2,9,0,99,99,9,9,99,99,9,9,99,9,99,2,9,6,6,3,-1,-1,1364,1,11,VAUXHALL ASTRA,-1,-1,0,-1
2021061138261,2021,061138261,2,9,-1,9,9,1,7,0,0,8,0,0,0,0,1,1,6,6,3,-1,-1,1686,2,18,VAUXHALL ASTRA,-1,-1,0,-1
2021401103756,2021,401103756,3,9,0,18,19,1,5,0,0,0,0,0,0,0,0,1,5,6,1,-1,-1,1598,2,2,VAUXHALL ASTRA,3,E01017514,0,-1
2021170S20021,2021,170S20021,1,9,0,4,4,6,2,0,0,0,0,0,0,0,2,1,6,6,1,29,6,1686,2,12,VAUXHALL ASTRA,9,E01012299,0,-1
2021461053780,2021,461053780,1,9,0,9,9,5,3,0,0,1,1,0,0,0,3,1,6,6,1,24,5,1598,1,15,VAUXHALL ASTRA,6,E01024022,0,-1
2021052101287,2021,052101287,1,9,0,18,19,4,8,0,0,0,0,0,0,0,3,1,1,1,1,46,8,1956,2,7,VAUXHALL ASTRA,5,E01007221,0,-1
2021461110984,2021,461110984,1,9,0,9,9,3,8,0,0,0,0,0,0,0,3,1,6,6,2,18,4,1398,1,8,VAUXHALL ASTRA,5,E01004127,0,-1
2021501099227,2021,501099227,1,9,0,7,7,8,4,0,0,1,5,7,1,10,1,1,2,2,1,38,7,1686,2,10,VAUXHALL ASTRA,5,E01019887,0,-1
2021131042549,2021,131042549,2,9,0,14,14,5,6,0,0,6,0,0,1,0,2,2,6,6,2,36,7,1686,2,10,VAUXHALL ASTRA,8,E01010901,0,-1
2021522106211,2021,522106211,2,9,0,9,9,5,3,0,0,5,0,0,0,0,1,1,6,6,3,99,11,1598,1,7,VAUXHALL ASTRA,-1,-1,0,-1
2021451038965,2021,451038965,3,9,0,18,19,3,7,0,0,0,0,0,0,0,1,1,3,7,2,37,7,1796,1,13,VAUXHALL ASTRA,7,E01030647,0,-1
2021401131637,2021,401131637,2,9,0,18,19,4,8,0,0,1,0,0,0,0,4,1,6,6,1,19,4,1398,1,9,VAUXHALL ASTRA,3,E01017518,0,-1
2021070064029,2021,070064029,1,9,0,9,9,7,3,0,0,1,0,0,0,0,1,1,6,6,1,72,10,1598,1,18,VAUXHALL ASTRA,1,E01012526,0,-1