collision_index,collision_year,collision_ref_no,vehicle_reference,vehicle_type,towing_and_articulation,vehicle_manoeuvre_historic,vehicle_manoeuvre,vehicle_direction_from,vehicle_direction_to,vehicle_location_restricted_lane_historic,vehicle_location_restricted_lane,junction_location,skidding_and_overturning,hit_object_in_carriageway,vehicle_leaving_carriageway,hit_object_off_carriageway,first_point_of_impact,vehicle_left_hand_drive,journey_purpose_of_driver_historic,journey_purpose_of_driver,sex_of_driver,age_of_driver,age_band_of_driver,engine_capacity_cc,propulsion_code,age_of_vehicle,generic_make_model,driver_imd_decile,lsoa_of_driver,escooter_flag,driver_distance_banding
2021010308606,2021,010308606,2,9,0,6,6,5,5,0,0,0,0,0,0,0,3,1,6,6,2,55,8,1598,1,18,VAUXHALL ASTRA,4,E01001023,0,-1
2021010298901,2021,010298901,1,9,0,99,99,9,9,99,99,0,9,99,9,99,9,9,6,6,2,32,6,1598,1,7,VAUXHALL ASTRA,7,E01024141,0,-1
2021552100060,2021,552100060,2,9,0,4,4,5,1,0,0,0,0,0,0,0,2,1,1,1,1,33,6,1686,2,7,VAUXHALL ASTRA,5,E01015374,0,-1
2021211077232,2021,211077232,1,9,0,18,19,2,6,0,0,0,1,0,0,0,1,1,5,6,1,17,4,1398,1,7,VAUXHALL ASTRA,8,E01029441,0,-1
2021010325591,2021,010325591,2,9,0,99,99,9,9,99,99,9,9,99,9,99,1,9,6,6,3,33,6,1399,1,4,VAUXHALL ASTRA,1,E01001013,0,-1
202131B163521,2021,31B163521,1,9,0,18,19,1,5,0,0,0,0,0,0,0,1,1,6,6,2,26,6,1598,1,13,VAUXHALL ASTRA,5,E01027932,0,-1
2021471046844,2021,471046844,1,9,0,16,19,6,1,0,0,0,0,0,0,0,1,2,5,6,1,64,9,1686,2,9,VAUXHALL ASTRA,3,E01021137,0,-1
2021010289276,2021,010289276,2,9,0,18,19,7,3,0,0,1,0,0,0,0,1,1,6,6,2,52,8,1364,1,6,VAUXHALL ASTRA,7,E01000657,0,-1
2021201141235,2021,201141235,1,9,0,18,19,6,2,0,0,2,0,0,0,0,1,1,6,6,1,20,4,1598,1,12,VAUXHALL ASTRA,4,E01033634,0,-1
2021010300936,2021,010300936,2,9,0,99,99,9,9,99,99,0,9,99,9,99,4,9,6,6,2,43,7,1598,2,6,VAUXHALL ASTRA,2,E01033712,0,-1
2021010318989,2021,010318989,3,9,0,2,2,0,0,0,0,0,0,0,0,0,1,1,6,6,3,-1,-1,1496,2,1,VAUXHALL ASTRA,-1,-1,0,-1
202134WNC4361,2021,34WNC4361,2,9,0,18,19,3,7,0,0,0,1,0,0,0,3,1,2,2,2,46,8,1496,2,1,VAUXHALL ASTRA,8,E01027024,0,-1
2021461113055,2021,461113055,1,9,0,18,19,3,7,0,0,0,2,0,0,0,1,1,1,1,1,25,5,1598,1,16,VAUXHALL ASTRA,6,E01023978,0,-1
2021141088037,2021,141088037,2,9,0,9,9,7,5,0,0,0,0,0,0,0,1,1,6,6,1,38,7,1956,2,7,VAUXHALL ASTRA,4,E01007396,0,-1
2021545721221,2021,545721221,4,9,0,18,19,4,8,0,0,1,0,0,0,0,1,1,6,6,2,40,7,1956,2,9,VAUXHALL ASTRA,3,E01031851,0,-1
2021131041888,2021,131041888,2,9,0,18,19,3,3,0,0,2,0,0,0,0,4,1,5,6,2,33,6,1398,1,10,VAUXHALL ASTRA,1,E01010960,0,-1
2021010313059,2021,010313059,2,9,0,18,19,1,5,0,0,8,1,0,0,0,1,1,1,1,1,26,6,1341,1,1,VAUXHALL ASTRA,9,E01022099,0,-1
2021302102000,2021,302102000,1,9,0,18,19,4,8,0,0,0,2,0,7,1,4,1,2,2,1,28,6,1598,1,12,VAUXHALL ASTRA,9,E01025917,0,-1
2021501086327,2021,501086327,1,9,0,7,7,3,7,9,9,5,0,0,0,0,2,1,5,6,2,27,6,1399,1,3,VAUXHALL ASTRA,6,E01020241,0,-1
2021010351594,2021,010351594,2,9,9,99,99,9,9,99,99,9,9,99,9,99,9,9,6,6,3,-1,-1,1364,1,14,VAUXHALL ASTRA,2,E01002561,0,-1
2021371129536,2021,371129536,3,9,0,4,4,4,8,0,0,8,0,0,0,0,1,1,5,6,1,25,5,1598,1,17,VAUXHALL ASTRA,4,E01030028,0,-1
2021211067761,2021,211067761,2,9,0,4,4,4,8,0,0,0,0,0,0,0,1,1,5,6,2,39,7,1598,2,4,VAUXHALL ASTRA,4,E01029541,0,-1
2021010335144,2021,010335144,2,9,0,18,19,7,3,0,0,1,0,0,0,0,1,1,6,6,1,23,5,1598,1,13,VAUXHALL ASTRA,4,E01001684,0,-1
2021501109190,2021,501109190,2,9,0,2,2,0,0,0,0,0,0,0,0,0,3,1,6,6,1,60,9,1956,2,8,VAUXHALL ASTRA,8,E01015035,0,-1
2021010288712,2021,010288712,2,9,0,18,19,1,5,0,0,2,0,0,0,0,1,1,6,6,1,24,5,1362,1,8,VAUXHALL ASTRA,10,E01004120,0,-1
2021231076195,2021,231076195,1,9,0,5,5,3,7,0,0,6,0,0,0,0,4,1,5,6,2,69,10,1598,1,11,VAUXHALL ASTRA,9,E01009557,0,-1
2021501111832,2021,501111832,1,9,0,13,13,2,5,0,0,0,0,0,0,0,3,1,6,6,1,50,8,1598,2,5,VAUXHALL ASTRA,2,E01018770,0,-1
202134WNC4531,2021,34WNC4531,2,9,0,4,4,7,3,0,0,0,0,0,0,0,2,1,6,6,1,35,6,1364,1,12,VAUXHALL ASTRA,1,E01032979,0,-1
2021430452511,2021,430452511,2,9,0,18,19,3,7,0,0,4,0,0,0,0,1,1,6,6,1,49,8,1598,1,19,VAUXHALL ASTRA,-1,-1,0,-1
2021010296564,2021,010296564,1,9,0,18,19,3,7,0,0,2,0,0,0,0,3,1,6,6,1,26,6,1598,1,10,VAUXHALL ASTRA,6,E01003228,0,-1
2021138250461,2021,138250461,1,9,0,11,11,3,7,0,0,0,0,0,0,0,4,1,6,6,2,-1,-1,1598,1,10,VAUXHALL ASTRA,1,E01011662,0,-1
2021401026845,2021,401026845,1,9,0,5,5,8,4,0,0,4,0,0,0,0,1,1,5,6,2,53,8,1398,1,11,VAUXHALL ASTRA,9,E01017573,0,-1
2021320034374,2021,320034374,1,9,0,4,4,2,6,0,0,0,1,0,1,3,1,2,2,2,1,37,7,1598,1,14,VAUXHALL ASTRA,5,E01026034,0,-1
2021421014061,2021,421014061,2,9,0,18,19,2,6,0,0,0,0,0,1,0,1,1,5,6,1,40,7,1956,2,9,VAUXHALL ASTRA,4,E01021392,0,-1
2021010306209,2021,010306209,1,9,0,9,9,4,2,0,0,2,0,0,3,0,1,1,6,6,1,29,6,1399,1,2,VAUXHALL ASTRA,3,E01003589,0,-1
2021440147854,2021,440147854,2,9,0,18,19,4,8,0,0,8,0,0,0,0,1,1,6,6,2,31,6,1598,1,14,VAUXHALL ASTRA,-1,-1,0,-1
202131C085921,2021,31C085921,1,9,0,18,19,5,1,0,0,2,0,0,0,0,4,1,6,6,1,49,8,1598,2,5,VAUXHALL ASTRA,2,E01013933,0,-1
2021411071595,2021,411071595,2,9,0,18,19,3,7,0,0,8,0,0,0,0,3,1,5,6,1,21,5,1398,1,10,VAUXHALL ASTRA,7,E01023618,0,-1
2021430121100,2021,430121100,3,9,0,2,2,0,0,9,9,0,0,0,0,0,0,1,6,6,3,-1,-1,1398,1,11,VAUXHALL ASTRA,-1,-1,0,-1
2021141013215,2021,141013215,2,9,0,18,19,5,1,0,0,2,0,0,0,0,4,1,5,6,1,24,5,1796,1,15,VAUXHALL ASTRA,4,E01007344,0,-1
2021161075642,2021,161075642,1,9,0,18,19,8,4,0,0,0,0,4,0,0,1,1,6,6,1,38,7,1796,1,14,VAUXHALL ASTRA,1,E01012846,0,-1
2021010313403,2021,010313403,1,9,0,13,13,3,7,0,0,1,0,0,0,0,1,1,6,6,1,29,6,1399,1,5,VAUXHALL ASTRA,4,E01000588,0,-1
2021131094234,2021,131094234,1,9,0,5,5,1,5,0,0,0,0,0,0,0,1,1,2,2,1,35,6,1796,1,14,VAUXHALL ASTRA,7,E01011394,0,-1
2021501027560,2021,501027560,2,9,0,17,19,7,3,0,0,0,5,0,0,0,1,1,6,6,2,31,6,1910,2,13,VAUXHALL ASTRA,8,E01019898,0,-1
2021201089397,2021,201089397,4,9,0,18,19,1,5,0,0,0,0,0,0,0,4,1,6,6,2,27,6,1956,2,9,VAUXHALL ASTRA,1,E01009588,0,-1
2021061088536,2021,061088536,1,9,0,17,19,5,1,0,0,0,0,0,0,0,1,1,5,6,1,75,10,1399,1,4,VAUXHALL ASTRA,-1,-1,0,-1
2021991016436,2021,991016436,1,9,0,9,9,1,7,0,0,0,0,0,0,0,1,1,5,6,1,32,6,1796,1,13,VAUXHALL ASTRA,1,-1,0,-1
2021520103948,2021,520103948,1,9,0,18,19,3,7,0,0,0,0,0,0,0,1,1,6,6,2,27,6,1398,1,9,VAUXHALL ASTRA,8,E01029225,0,-1
2021010317832,2021,010317832,2,9,9,99,99,9,9,99,99,9,9,99,9,99,9,9,6,6,3,-1,-1,1598,1,14,VAUXHALL ASTRA,-1,-1,0,-1
2021461116144,2021,461116144,1,9,0,18,19,3,7,0,0,1,0,0,0,0,1,1,6,6,1,23,5,1796,1,13,VAUXHALL ASTRA,9,E01016053,0,-1
2021401037644,2021,401037644,1,9,0,18,19,-1,-1,0,0,1,0,0,0,0,1,1,6,6,1,26,6,1598,1,10,VAUXHALL ASTRA,-1,-1,0,-1
2021041036479,2021,041036479,1,9,0,5,5,7,1,0,0,2,0,0,0,0,0,1,6,6,3,-1,-1,1598,1,20,VAUXHALL ASTRA,-1,-1,0,-1
2021471115020,2021,471115020,1,9,0,13,13,1,6,0,0,0,5,0,0,0,1,1,6,6,1,-1,-1,1598,1,16,VAUXHALL ASTRA,-1,-1,0,-1
2021371115829,2021,371115829,1,9,0,18,19,1,5,0,0,0,0,0,0,0,1,1,6,6,1,77,11,-1,-1,-1,VAUXHALL ASTRA,8,E01030294,0,-1
2021010314164,2021,010314164,2,9,0,99,99,9,9,99,99,9,9,99,9,99,1,9,6,6,3,-1,-1,1956,2,10,VAUXHALL ASTRA,-1,-1,0,-1
2021351061649,2021,351061649,1,9,0,5,5,1,7,0,0,5,0,0,0,0,3,1,2,2,1,26,6,1399,1,6,VAUXHALL ASTRA,10,E01018177,0,-1
2021010339144,2021,010339144,2,9,0,3,3,3,7,0,0,1,0,0,0,0,2,1,6,6,2,57,9,1796,1,11,VAUXHALL ASTRA,5,E01004127,0,-1
2021411092493,2021,411092493,3,9,0,4,4,6,2,0,0,0,0,0,0,0,0,1,5,6,1,21,5,1364,1,11,VAUXHALL ASTRA,9,E01023319,0,-1
2021552100842,2021,552100842,1,9,0,18,19,6,2,0,0,0,0,0,1,0,1,1,6,6,2,77,11,1364,1,11,VAUXHALL ASTRA,7,E01015330,0,-1
2021411089526,2021,411089526,5,9,0,2,2,0,0,9,9,2,0,0,0,0,1,1,6,6,3,-1,-1,1598,1,14,VAUXHALL ASTRA,-1,-1,0,-1
2021991074436,2021,991074436,1,9,0,17,19,4,8,0,0,0,0,0,0,0,4,1,6,6,2,18,4,1598,1,15,VAUXHALL ASTRA,10,-1,0,-1
2021221056691,2021,221056691,2,9,0,16,19,6,2,0,0,0,0,0,0,0,1,1,5,6,1,52,8,1598,1,14,VAUXHALL ASTRA,7,E01028918,0,-1
2021430307412,2021,430307412,1,9,0,1,1,5,1,0,0,0,0,0,0,0,2,1,6,6,1,-1,-1,1956,2,10,VAUXHALL ASTRA,-1,-1,0,-1
2021461093648,2021,461093648,1,9,0,18,19,4,8,0,0,1,0,7,8,10,1,1,6,6,2,33,6,1910,2,14,VAUXHALL ASTRA,8,E01024605,0,-1
2021991103039,2021,991103039,2,9,0,18,19,4,8,0,0,8,2,0,3,0,1,1,2,2,1,32,6,1399,1,2,VAUXHALL ASTRA,6,-1,0,-1
2021010344165,2021,010344165,2,9,0,18,19,6,2,0,0,2,0,0,0,0,2,1,6,6,1,40,7,1364,1,12,VAUXHALL ASTRA,3,E01004426,0,-1
2021430537028,2021,430537028,2,9,0,18,19,7,3,0,0,8,0,0,0,0,1,1,6,6,1,25,5,1398,1,9,VAUXHALL ASTRA,8,E01016711,0,-1
2021501048234,2021,501048234,1,9,0,18,19,3,7,0,0,0,0,0,0,0,1,1,5,6,2,77,11,1598,1,14,VAUXHALL ASTRA,2,E01020216,0,-1
2021501120347,2021,501120347,1,9,0,18,19,5,1,0,0,0,0,0,0,0,1,1,1,1,1,33,6,-1,-1,-1,VAUXHALL ASTRA,5,E01019065,0,-1
2021131063605,2021,131063605,1,9,0,18,19,7,3,0,0,0,0,0,0,0,4,1,5,6,1,51,8,1796,1,14,VAUXHALL ASTRA,4,E01011319,0,-1
2021302101487,2021,302101487,1,9,0,3,3,2,6,0,0,0,0,0,0,0,3,1,6,6,2,-1,-1,1956,2,8,VAUXHALL ASTRA,7,E01013511,0,-1
2021541231421,2021,541231421,1,9,0,18,19,7,3,0,0,0,5,0,8,4,3,1,6,6,1,47,8,-1,-1,-1,VAUXHALL ASTRA,6,E01031991,0,-1
2021461097187,2021,461097187,1,9,0,18,19,1,5,0,0,0,1,0,0,0,1,1,5,6,1,29,6,1598,1,14,VAUXHALL ASTRA,7,E01024375,0,-1
2021010307185,2021,010307185,1,9,0,9,9,1,7,0,0,1,0,0,0,0,4,1,6,6,1,26,6,1598,1,14,VAUXHALL ASTRA,2,E01000018,0,-1
2021461022080,2021,461022080,2,9,0,2,2,0,0,0,0,1,0,0,0,0,1,1,6,6,1,-1,-1,1686,2,12,VAUXHALL ASTRA,-1,-1,0,-1
2021010294618,2021,010294618,1,9,0,9,9,1,7,0,0,8,0,0,0,0,1,1,6,6,1,35,6,1364,1,14,VAUXHALL ASTRA,1,E01011869,0,-1
2021131047281,2021,131047281,1,9,0,18,19,4,8,0,0,0,0,0,0,0,1,1,6,6,3,-1,-1,1598,1,11,VAUXHALL ASTRA,-1,-1,0,-1
202134NNC5061,2021,34NNC5061,1,8,0,9,9,7,5,0,0,5,0,0,0,0,1,1,1,1,1,47,8,1598,2,6,VAUXHALL ASTRA,1,E01027334,0,-1
2021221016813,2021,221016813,2,9,0,2,2,0,0,0,0,0,0,0,0,0,2,1,1,1,1,34,6,1598,2,3,VAUXHALL ASTRA,-1,-1,0,-1
2021201143634,2021,201143634,1,9,0,6,6,-1,-1,9,9,1,0,0,0,0,2,1,6,6,1,46,8,1398,1,11,VAUXHALL ASTRA,5,E01010014,0,-1
2021010330792,2021,010330792,1,9,0,99,99,9,9,99,99,9,9,99,9,99,2,9,6,6,2,22,5,1398,1,9,VAUXHALL ASTRA,3,E01001045,0,-1
2021031037029,2021,031037029,3,9,0,4,4,7,4,0,0,0,0,0,0,0,2,1,2,2,1,51,8,1598,1,13,VAUXHALL ASTRA,1,E01007055,0,-1
2021010351996,2021,010351996,2,9,0,18,19,1,5,0,0,8,0,0,0,0,1,1,1,1,1,53,8,1341,1,1,VAUXHALL ASTRA,1,E01003047,0,-1
2021361044386,2021,361044386,1,9,0,13,13,8,4,0,0,1,0,0,0,0,3,1,2,2,1,36,7,1598,2,5,VAUXHALL ASTRA,8,E01026563,0,-1
2021430101172,2021,430101172,1,9,0,18,19,8,4,0,0,8,0,0,0,0,4,1,6,6,1,52,8,2198,1,17,VAUXHALL ASTRA,6,E01016332,0,-1
2021361087894,2021,361087894,2,9,-1,-1,-1,-1,-1,-1,-1,0,-1,-1,-1,0,2,1,5,6,2,27,6,1686,2,11,VAUXHALL ASTRA,5,E01026774,0,-1
2021361058032,2021,361058032,2,9,0,3,3,7,3,0,0,0,0,0,0,0,2,1,5,6,2,34,6,1248,2,10,VAUXHALL ASTRA,9,E01026933,0,-1
202131A078221,2021,31A078221,3,9,0,18,19,8,4,0,0,0,0,0,0,0,1,1,6,6,1,55,8,1398,1,6,VAUXHALL ASTRA,7,E01027988,0,-1
2021031120422,2021,031120422,1,9,0,18,19,1,5,0,0,0,0,0,0,0,1,1,2,2,1,45,7,1399,1,3,VAUXHALL ASTRA,4,E01019080,0,-1
2021461035799,2021,461035799,1,9,0,18,19,3,7,0,0,0,0,0,0,0,1,1,5,6,2,28,6,1598,2,3,VAUXHALL ASTRA,8,E01024511,0,-1
2021461111509,2021,461111509,2,9,0,18,19,8,4,0,0,8,0,0,0,0,1,1,6,6,1,18,4,999,1,5,VAUXHALL ASTRA,5,E01024640,0,-1
2021201078594,2021,201078594,2,9,0,3,3,4,8,0,0,1,0,0,0,0,2,1,6,6,1,36,7,1248,2,13,VAUXHALL ASTRA,1,E01010062,0,-1
2021010333956,2021,010333956,1,9,0,3,3,6,2,0,0,2,0,0,0,0,4,1,6,6,1,32,6,1796,1,15,VAUXHALL ASTRA,-1,-1,0,-1
2021461026247,2021,461026247,3,9,0,5,5,6,2,0,0,1,0,0,0,0,2,1,1,1,1,48,8,1598,2,3,VAUXHALL ASTRA,1,E01024678,0,-1
2021010290432,2021,010290432,1,9,0,18,19,7,3,0,0,0,0,0,0,0,4,1,2,2,2,29,6,1598,1,10,VAUXHALL ASTRA,2,E01003297,0,-1
2021061108233,2021,061108233,1,9,0,9,9,2,8,0,0,1,0,0,0,0,1,1,6,6,3,30,6,1598,1,11,VAUXHALL ASTRA,-1,-1,0,-1
2021061095861,2021,061095861,2,9,0,18,19,1,5,0,0,8,0,0,0,0,3,1,6,6,1,21,5,1398,1,11,VAUXHALL ASTRA,2,E01005886,0,-1
2021061099042,2021,061099042,2,9,0,18,19,7,3,0,0,0,0,0,0,0,1,1,5,6,1,30,6,1686,2,9,VAUXHALL ASTRA,2,E01005487,0,-1
2021010316011,2021,010316011,1,9,0,18,19,5,1,0,0,0,2,4,0,0,0,1,6,6,1,26,6,1796,1,14,VAUXHALL ASTRA,7,E01021765,0,-1
2021161019877,2021,161019877,1,9,0,18,19,5,1,0,0,0,0,0,0,0,1,1,5,6,1,49,8,1598,1,11,VAUXHALL ASTRA,6,E01013302,0,-1
2021061091763,2021,061091763,1,9,0,18,19,1,5,0,0,1,0,0,0,0,4,1,6,6,1,33,6,1598,1,10,VAUXHALL ASTRA,2,E01005105,0,-1
2021061104608,2021,061104608,2,9,0,5,5,7,3,0,0,1,0,0,0,0,4,1,5,6,2,29,6,1598,2,5,VAUXHALL ASTRA,1,E01006168,0,-1
2021501099564,2021,501099564,3,9,0,2,2,0,0,0,0,0,0,4,0,0,1,1,6,6,1,61,9,1956,2,6,VAUXHALL ASTRA,2,E01015081,0,-1
2021041053698,2021,041053698,2,9,0,5,5,1,5,0,0,0,0,0,0,0,2,1,5,6,1,50,8,1598,1,13,VAUXHALL ASTRA,2,E01012654,0,-1
2021991036673,2021,991036673,1,9,0,18,19,6,1,0,0,8,0,0,0,0,3,1,6,6,1,31,6,1598,2,6,VAUXHALL ASTRA,1,-1,0,-1
2021471126306,2021,471126306,1,9,0,9,9,6,4,0,0,6,0,0,0,0,1,1,5,6,1,84,11,1598,1,12,VAUXHALL ASTRA,5,E01031832,0,-1
2021070274093,2021,070274093,1,9,0,15,15,4,8,0,0,0,0,0,0,0,1,1,2,2,1,53,8,1598,1,6,VAUXHALL ASTRA,1,E01006334,0,-1
2021401125249,2021,401125249,3,9,0,2,2,0,0,9,9,1,0,0,0,0,2,1,6,6,3,-1,-1,1598,1,11,VAUXHALL ASTRA,-1,-1,0,-1
2021401064803,2021,401064803,1,9,0,5,5,5,6,0,0,6,0,0,0,0,1,1,6,6,1,29,6,1956,2,10,VAUXHALL ASTRA,4,E01017482,0,-1
2021141027494,2021,141027494,1,9,0,18,19,6,2,0,0,2,0,0,0,0,0,1,6,6,2,23,5,1364,1,14,VAUXHALL ASTRA,9,E01019805,0,-1
2021010313423,2021,010313423,3,9,0,9,9,1,6,0,0,1,0,0,0,0,0,1,6,6,1,27,6,1796,1,17,VAUXHALL ASTRA,3,E01000577,0,-1
2021451021260,2021,451021260,6,9,0,18,19,2,6,0,0,0,0,0,0,0,0,1,1,1,1,28,6,1598,2,2,VAUXHALL ASTRA,6,E01030737,0,-1
2021170S20271,2021,170S20271,2,9,0,18,19,3,7,0,0,8,0,0,1,11,1,1,6,6,1,27,6,1598,1,3,VAUXHALL ASTRA,7,E01012244,0,-1
2021451062226,2021,451062226,1,9,0,18,19,1,5,0,0,8,1,11,0,0,3,1,2,2,2,31,6,1398,1,6,VAUXHALL ASTRA,10,E01016208,0,-1
2021461117497,2021,461117497,2,9,0,16,19,2,6,0,0,0,5,0,1,0,2,1,5,6,2,47,8,1686,2,9,VAUXHALL ASTRA,3,E01016084,0,-1
202163D031621,2021,63D031621,2,9,0,4,4,6,2,0,0,2,0,0,0,0,2,1,6,6,1,39,7,1686,2,10,VAUXHALL ASTRA,7,E01028856,0,-1
2021010312148,2021,010312148,1,9,0,18,19,7,3,9,9,0,0,4,1,0,1,1,1,1,2,29,6,1399,1,4,VAUXHALL ASTRA,3,E01003536,0,-1
2021010319106,2021,010319106,3,9,0,2,2,0,0,0,0,0,0,0,0,0,1,1,6,6,3,-1,-1,1910,2,14,VAUXHALL ASTRA,-1,-1,0,-1
2021421100075,2021,421100075,2,9,0,18,19,3,7,0,0,4,0,0,0,0,2,1,6,6,2,33,6,1398,1,9,VAUXHALL ASTRA,4,E01021496,0,-1
2021361034561,2021,361034561,2,9,0,18,19,2,7,0,0,0,0,0,0,0,0,1,1,1,1,29,6,1598,2,2,VAUXHALL ASTRA,-1,-1,0,-1
202131A011321,2021,31A011321,1,9,0,18,19,3,7,0,0,0,0,0,0,0,1,1,6,6,2,34,6,1598,1,14,VAUXHALL ASTRA,3,E01019506,0,-1
2021010337820,2021,010337820,2,9,0,3,3,6,2,0,0,0,0,0,0,0,2,1,6,6,2,46,8,1598,1,19,VAUXHALL ASTRA,9,E01030713,0,-1
2021061113453,2021,061113453,1,9,0,9,9,4,8,0,0,1,0,0,0,0,1,1,1,1,1,32,6,1364,1,12,VAUXHALL ASTRA,1,E01011423,0,-1
2021461120948,2021,461120948,3,9,0,18,19,1,5,0,0,0,0,0,0,0,4,1,5,6,1,-1,-1,1598,2,5,VAUXHALL ASTRA,7,E01024388,0,-1
2021461052246,2021,461052246,1,9,0,9,9,1,5,0,0,1,0,0,0,0,1,1,5,6,1,20,4,1956,2,10,VAUXHALL ASTRA,7,E01024302,0,-1
2021052101281,2021,052101281,1,9,0,18,19,1,5,0,0,0,0,0,0,0,4,1,6,6,2,57,9,1398,1,6,VAUXHALL ASTRA,6,E01025495,0,-1
2021401120932,2021,401120932,1,9,0,9,9,7,3,0,0,8,0,0,0,0,4,1,6,6,2,43,7,1686,2,9,VAUXHALL ASTRA,4,E01017600,0,-1
2021501128108,2021,501128108,1,9,0,4,4,3,7,0,0,0,0,0,1,4,1,1,5,6,1,50,8,1956,2,9,VAUXHALL ASTRA,4,E01020134,0,-1
2021201066733,2021,201066733,1,9,0,18,19,2,6,0,0,0,0,10,1,11,1,1,6,6,1,34,6,1598,1,10,VAUXHALL ASTRA,7,E01009805,0,-1
2021010328172,2021,010328172,2,9,0,6,6,7,7,0,0,0,0,0,0,0,4,1,1,1,1,48,8,1598,1,6,VAUXHALL ASTRA,3,E01003978,0,-1
2021430218876,2021,430218876,1,9,0,18,19,-1,-1,0,0,8,0,0,0,0,-1,1,6,6,1,-1,-1,1598,1,11,VAUXHALL ASTRA,-1,-1,0,-1
2021070146245,2021,070146245,1,9,0,3,3,8,4,0,0,0,0,0,0,0,1,1,6,6,1,-1,-1,1956,2,9,VAUXHALL ASTRA,4,E01018744,0,-1
2021361043965,2021,361043965,1,9,0,18,19,6,2,0,0,0,0,0,1,0,4,1,5,6,1,29,6,1686,2,7,VAUXHALL ASTRA,7,E01029991,0,-1
2021430022136,2021,430022136,3,9,0,18,19,3,7,0,0,0,0,0,0,0,1,1,6,6,1,-1,-1,1686,2,18,VAUXHALL ASTRA,-1,-1,0,-1
2021461021821,2021,461021821,3,9,0,18,19,2,6,0,0,8,0,0,0,0,0,1,1,1,1,58,9,1496,2,1,VAUXHALL ASTRA,1,E01024678,0,-1
2021231063090,2021,231063090,1,9,0,18,19,5,1,0,0,4,2,10,7,1,4,1,5,6,3,23,5,1398,1,10,VAUXHALL ASTRA,-1,-1,0,-1
2021101105768,2021,101105768,2,9,0,2,2,0,0,9,9,8,0,4,0,0,1,1,6,6,3,-1,-1,1956,2,9,VAUXHALL ASTRA,-1,-1,0,-1
2021010310709,2021,010310709,1,9,0,9,9,2,7,0,0,8,0,0,0,0,1,1,1,1,1,37,7,1341,1,1,VAUXHALL ASTRA,4,E01033589,0,-1
2021440321221,2021,440321221,1,9,0,18,19,1,5,0,0,0,0,0,0,0,1,1,6,6,1,74,10,1598,1,14,VAUXHALL ASTRA,10,E01023209,0,-1
2021401110696,2021,401110696,1,9,0,17,19,7,4,0,0,0,0,0,1,4,1,1,1,1,1,23,5,1598,2,3,VAUXHALL ASTRA,-1,-1,0,-1
2021411038456,2021,411038456,1,9,0,14,14,5,1,0,0,0,0,0,0,0,3,1,5,6,1,45,7,1598,2,3,VAUXHALL ASTRA,-1,-1,0,-1
2021131094328,2021,131094328,1,9,0,9,9,1,5,0,0,8,0,0,0,0,2,1,5,6,1,52,8,1598,2,5,VAUXHALL ASTRA,4,E01010791,0,-1
2021161054173,2021,161054173,2,9,0,2,2,0,0,0,0,0,0,0,0,0,1,1,6,6,3,-1,-1,999,1,2,VAUXHALL ASTRA,-1,-1,0,-1
2021010308872,2021,010308872,1,9,0,99,99,9,9,99,99,9,9,99,9,99,9,9,6,6,3,-1,-1,1598,1,8,VAUXHALL ASTRA,4,E01003690,0,-1
2021131059998,2021,131059998,1,9,0,18,19,2,6,0,0,1,0,0,0,0,1,1,6,6,1,19,4,1364,1,7,VAUXHALL ASTRA,2,E01011925,0,-1
2021010311111,2021,010311111,1,9,0,18,19,5,1,0,0,1,1,0,0,0,1,1,6,6,2,24,5,1364,1,13,VAUXHALL ASTRA,2,E01033151,0,-1
2021031073564,2021,031073564,1,9,0,6,6,5,3,0,0,1,0,7,0,0,1,1,5,6,2,19,4,1364,1,12,VAUXHALL ASTRA,1,-1,0,-1
2021471058604,2021,471058604,1,9,0,18,19,1,5,0,0,1,0,0,0,0,4,1,5,6,1,20,4,999,1,4,VAUXHALL ASTRA,5,E01016884,0,-1
2021010331866,2021,010331866,1,9,0,99,99,9,9,99,99,9,9,99,9,99,2,9,6,6,2,31,6,1398,1,9,VAUXHALL ASTRA,1,E01002034,0,-1
2021052100539,2021,052100539,2,9,0,18,19,5,1,0,0,2,0,0,0,0,3,1,6,6,1,54,8,1598,1,22,VAUXHALL ASTRA,7,E01007305,0,-1
2021061079499,2021,061079499,1,9,0,18,19,3,7,0,0,1,0,0,0,0,1,1,6,6,1,81,11,1598,1,19,VAUXHALL ASTRA,9,E01006154,0,-1
2021461038039,2021,461038039,1,9,0,18,19,5,1,0,0,0,0,2,0,0,4,1,6,6,1,31,6,1686,2,13,VAUXHALL ASTRA,1,E01020993,0,-1
2021221068773,2021,221068773,1,9,0,5,5,5,3,0,0,6,0,0,0,0,3,1,5,6,1,64,9,999,1,4,VAUXHALL ASTRA,4,E01029015,0,-1
2021421117469,2021,421117469,1,9,0,18,19,5,1,0,0,0,0,0,7,11,1,1,5,6,2,33,6,1399,1,4,VAUXHALL ASTRA,4,E01021785,0,-1
2021131109729,2021,131109729,1,9,0,17,19,7,3,0,0,8,0,10,2,2,1,1,5,6,1,26,6,1796,1,12,VAUXHALL ASTRA,2,E01005563,0,-1
2021061055565,2021,061055565,2,9,0,18,19,1,5,0,0,8,0,0,0,0,1,1,6,6,3,30,6,1598,1,14,VAUXHALL ASTRA,-1,-1,0,-1
202134NNC3771,2021,34NNC3771,2,9,0,18,19,5,1,0,0,1,1,0,1,0,3,1,6,6,1,33,6,1598,2,7,VAUXHALL ASTRA,1,E01027110,0,-1
2021371136336,2021,371136336,1,9,0,1,1,4,8,9,9,1,0,0,7,10,2,1,5,6,2,26,6,1598,1,17,VAUXHALL ASTRA,2,E01029988,0,-1