collision_index,collision_year,collision_ref_no,vehicle_reference,vehicle_type,towing_and_articulation,vehicle_manoeuvre_historic,vehicle_manoeuvre,vehicle_direction_from,vehicle_direction_to,vehicle_location_restricted_lane_historic,vehicle_location_restricted_lane,junction_location,skidding_and_overturning,hit_object_in_carriageway,vehicle_leaving_carriageway,hit_object_off_carriageway,first_point_of_impact,vehicle_left_hand_drive,journey_purpose_of_driver_historic,journey_purpose_of_driver,sex_of_driver,age_of_driver,age_band_of_driver,engine_capacity_cc,propulsion_code,age_of_vehicle,generic_make_model,driver_imd_decile,lsoa_of_driver,escooter_flag,driver_distance_banding
2021111038342,2021,111038342,2,9,0,4,4,4,7,0,0,0,0,0,0,0,2,1,2,2,2,38,7,1956,2,7,VAUXHALL ASTRA,3,E01020856,0,-1
2021010329359,2021,010329359,1,9,0,5,5,5,1,0,0,1,0,0,0,0,1,1,6,6,1,20,4,1398,1,11,VAUXHALL ASTRA,9,E01002271,0,-1
2021122100550,2021,122100550,1,9,0,18,19,1,5,0,0,8,0,4,0,0,1,1,6,6,1,20,4,1686,2,9,VAUXHALL ASTRA,5,E01027789,0,-1
2021201131356,2021,201131356,2,9,0,2,2,0,0,0,0,0,0,4,0,0,2,1,6,6,3,-1,-1,1956,2,6,VAUXHALL ASTRA,-1,-1,0,-1
2021010289462,2021,010289462,1,9,0,99,99,9,9,99,99,9,9,99,9,99,9,9,2,2,2,68,10,1598,2,8,VAUXHALL ASTRA,5,E01002219,0,-1
2021351117118,2021,351117118,1,9,0,9,9,3,1,0,0,5,0,0,0,0,1,1,5,6,2,52,8,999,1,5,VAUXHALL ASTRA,10,E01018248,0,-1
2021361135646,2021,361135646,1,9,0,18,19,2,7,0,0,0,0,0,0,0,1,1,5,6,1,21,5,1598,1,14,VAUXHALL ASTRA,2,E01026796,0,-1
2021010325889,2021,010325889,2,9,0,18,19,7,3,0,0,0,0,0,0,0,3,1,6,6,2,22,5,1598,1,15,VAUXHALL ASTRA,5,E01003233,0,-1
2021221087060,2021,221087060,2,9,0,3,3,1,5,0,0,0,0,0,0,0,2,1,5,6,1,55,8,1956,2,6,VAUXHALL ASTRA,8,E01028877,0,-1
2021161136167,2021,161136167,2,9,0,3,3,6,2,0,0,1,0,0,0,0,2,1,6,6,1,70,10,1598,1,6,VAUXHALL ASTRA,7,E01012935,0,-1
2021471025121,2021,471025121,1,9,0,5,5,1,3,0,0,4,0,0,0,0,3,1,6,6,2,63,9,1598,1,10,VAUXHALL ASTRA,7,E01031398,0,-1
2021041110293,2021,041110293,1,9,0,18,19,5,1,0,0,0,0,0,0,0,1,1,1,1,1,25,5,1364,1,11,VAUXHALL ASTRA,3,E01012750,0,-1
2021471039400,2021,471039400,2,9,0,2,2,0,0,0,0,0,0,0,0,0,2,1,5,6,1,26,6,1598,1,11,VAUXHALL ASTRA,4,E01031785,0,-1
2021351078123,2021,351078123,2,9,0,9,9,2,8,0,0,1,0,11,0,0,4,1,6,6,1,29,6,1686,2,14,VAUXHALL ASTRA,3,E01015615,0,-1
2021010323549,2021,010323549,1,9,0,8,8,3,4,99,99,9,9,0,0,0,1,9,6,6,2,32,6,1598,1,16,VAUXHALL ASTRA,2,E01003580,0,-1
2021010348077,2021,010348077,2,9,0,99,99,9,9,99,99,9,9,99,9,99,1,9,6,6,3,-1,-1,1598,1,15,VAUXHALL ASTRA,-1,-1,0,-1
2021010310278,2021,010310278,1,9,0,9,9,7,4,0,0,5,0,0,0,0,1,1,6,6,1,32,6,1598,1,13,VAUXHALL ASTRA,1,E01004209,0,-1
2021201142488,2021,201142488,3,9,0,3,3,2,6,0,0,1,0,0,0,0,0,1,1,1,1,-1,-1,1598,2,2,VAUXHALL ASTRA,-1,-1,0,-1
2021010296854,2021,010296854,2,9,0,99,99,9,9,99,99,9,9,99,9,99,9,9,6,6,3,-1,-1,1399,1,2,VAUXHALL ASTRA,3,E01001391,0,-1
2021131114382,2021,131114382,1,9,0,9,9,1,1,0,0,8,0,0,0,0,1,1,2,2,1,57,9,1398,1,11,VAUXHALL ASTRA,3,E01011014,0,-1
2021010292648,2021,010292648,1,9,0,3,3,3,7,0,0,1,0,0,0,0,1,1,6,6,2,41,7,1364,1,15,VAUXHALL ASTRA,2,E01002604,0,-1
2021531074849,2021,531074849,1,9,0,9,9,8,2,0,0,1,0,0,0,0,1,1,5,6,2,19,4,1362,1,9,VAUXHALL ASTRA,10,E01031934,0,-1
2021231032256,2021,231032256,2,9,0,3,3,2,6,0,0,1,0,0,0,0,2,1,1,1,1,21,5,1998,1,7,VAUXHALL ASTRA,6,E01028283,0,-1
2021547696921,2021,547696921,2,9,0,4,4,1,6,0,0,0,0,0,0,0,1,1,1,1,1,41,7,1598,2,4,VAUXHALL ASTRA,7,E01031850,0,-1
2021501074228,2021,501074228,1,9,0,3,3,1,5,0,0,1,0,0,0,0,2,1,2,2,1,39,7,1598,1,14,VAUXHALL ASTRA,2,E01018897,0,-1
2021161061249,2021,161061249,1,9,0,18,19,6,2,0,0,4,0,0,0,0,1,1,2,2,1,57,9,1598,2,5,VAUXHALL ASTRA,1,E01012849,0,-1
2021991035924,2021,991035924,1,9,0,18,19,1,5,0,0,0,0,0,0,0,1,1,6,6,1,25,5,1686,2,11,VAUXHALL ASTRA,5,-1,0,-1
2021010301469,2021,010301469,2,9,0,99,99,9,9,99,99,9,9,99,9,99,1,9,6,6,3,-1,-1,1686,2,13,VAUXHALL ASTRA,-1,-1,0,-1
2021421104728,2021,421104728,1,9,0,5,5,1,5,0,0,0,0,0,0,0,1,1,3,7,2,31,6,999,1,5,VAUXHALL ASTRA,6,E01021659,0,-1
2021421039456,2021,421039456,1,9,0,18,19,3,7,0,0,0,1,10,7,4,4,1,5,6,1,19,4,1598,1,14,VAUXHALL ASTRA,2,E01016004,0,-1
2021552101276,2021,552101276,1,9,0,18,19,2,6,0,0,0,0,11,0,0,1,1,6,6,2,42,7,1796,1,14,VAUXHALL ASTRA,5,E01029154,0,-1
2021070786738,2021,070786738,1,9,0,17,19,1,6,0,0,2,1,10,0,10,4,2,6,6,2,34,6,1910,2,13,VAUXHALL ASTRA,2,E01018467,0,-1
2021231030939,2021,231030939,1,9,0,9,9,3,1,0,0,6,0,0,0,0,3,1,5,6,1,79,11,1956,2,9,VAUXHALL ASTRA,7,E01031334,0,-1
2021010311529,2021,010311529,2,9,0,99,99,9,9,99,99,8,9,99,9,99,1,9,6,6,3,-1,-1,1399,1,4,VAUXHALL ASTRA,-1,-1,0,-1
2021401091448,2021,401091448,1,9,0,17,19,4,8,0,0,0,0,0,0,0,4,1,1,1,2,34,6,1598,2,3,VAUXHALL ASTRA,3,E01017514,0,-1
2021544224821,2021,544224821,2,9,0,4,4,7,3,0,0,4,0,0,0,0,2,1,2,2,2,37,7,1248,2,12,VAUXHALL ASTRA,10,E01015564,0,-1
2021010348327,2021,010348327,1,9,0,99,99,9,9,99,99,9,9,99,9,99,2,9,6,6,1,23,5,1598,1,13,VAUXHALL ASTRA,6,E01030618,0,-1
2021231116656,2021,231116656,2,9,0,18,19,2,6,0,0,0,1,0,0,0,1,1,5,6,1,32,6,1598,2,6,VAUXHALL ASTRA,7,E01031140,0,-1
2021052102594,2021,052102594,1,9,0,9,9,2,8,0,0,8,0,0,0,0,4,1,6,6,1,56,9,1796,1,15,VAUXHALL ASTRA,1,E01012403,0,-1
2021430300923,2021,430300923,1,9,0,3,3,4,8,0,0,1,0,0,0,0,2,1,6,6,1,32,6,1686,2,15,VAUXHALL ASTRA,5,E01016392,0,-1
2021101024467,2021,101024467,1,9,0,16,19,2,6,0,0,0,2,0,8,0,1,1,6,6,1,24,5,1910,2,12,VAUXHALL ASTRA,-1,-1,0,-1
2021461046679,2021,461046679,2,9,0,2,2,0,0,0,0,0,0,0,0,0,2,1,6,6,1,28,6,1956,2,9,VAUXHALL ASTRA,8,E01024354,0,-1
2021010334594,2021,010334594,1,19,0,99,99,9,9,99,99,9,9,99,9,99,1,9,1,1,1,41,7,1686,2,15,VAUXHALL ASTRA,6,E01001539,0,-1
2021421077053,2021,421077053,2,9,0,4,4,8,4,0,0,8,0,0,0,0,2,1,5,6,1,48,8,1686,2,13,VAUXHALL ASTRA,7,E01029875,0,-1
2021101064883,2021,101064883,1,9,0,1,1,3,7,0,0,1,0,0,0,0,2,1,6,6,2,25,5,1956,2,9,VAUXHALL ASTRA,2,E01008840,0,-1
2021010323591,2021,010323591,2,9,0,99,99,9,9,99,99,9,9,99,9,99,9,9,6,6,3,31,6,1398,1,11,VAUXHALL ASTRA,-1,-1,0,-1
2021061106678,2021,061106678,3,9,0,18,19,4,8,0,0,8,0,0,0,0,1,1,6,6,1,54,8,1686,2,10,VAUXHALL ASTRA,2,E01005967,0,-1
2021522200016,2021,522200016,2,9,0,18,19,4,8,0,0,0,0,0,0,0,0,1,1,1,1,50,8,1399,1,3,VAUXHALL ASTRA,1,E01014658,0,-1
2021041036516,2021,041036516,1,9,0,9,9,8,2,0,0,5,1,0,0,0,1,1,5,6,1,65,9,1686,2,12,VAUXHALL ASTRA,2,E01012579,0,-1
2021471040976,2021,471040976,4,9,0,4,4,7,4,0,0,2,0,0,0,0,0,1,1,1,1,33,6,1598,2,2,VAUXHALL ASTRA,1,E01020992,0,-1
2021531052907,2021,531052907,2,9,0,5,5,4,8,0,0,6,0,0,0,0,1,1,5,6,1,30,6,1956,2,9,VAUXHALL ASTRA,5,E01022158,0,-1
2021991048514,2021,991048514,1,9,0,18,19,1,6,0,0,0,0,0,1,0,3,1,5,6,1,55,8,1598,2,3,VAUXHALL ASTRA,6,-1,0,-1
2021201128962,2021,201128962,1,9,0,3,3,6,2,0,0,1,0,0,0,0,2,1,6,6,2,50,8,1341,1,0,VAUXHALL ASTRA,4,E01009228,0,-1
2021231020395,2021,231020395,2,9,0,18,19,3,7,0,0,8,1,0,1,10,1,1,1,1,1,35,6,1598,2,4,VAUXHALL ASTRA,3,E01031064,0,-1
2021041073705,2021,041073705,1,9,0,18,19,3,7,0,0,0,1,4,0,0,1,1,5,6,1,48,8,1598,1,17,VAUXHALL ASTRA,1,E01005919,0,-1
2021010307704,2021,010307704,1,9,0,99,99,9,9,99,99,9,9,99,9,99,1,9,6,6,2,33,6,1686,2,8,VAUXHALL ASTRA,5,E01003142,0,-1
2021471032506,2021,471032506,2,9,0,2,2,0,0,0,0,0,0,0,0,0,4,1,6,6,3,-1,-1,1686,2,8,VAUXHALL ASTRA,-1,-1,0,-1
2021010346533,2021,010346533,1,9,0,9,9,4,2,0,0,4,0,0,0,0,4,1,6,6,2,40,7,1598,1,10,VAUXHALL ASTRA,1,E01004241,0,-1
2021451126355,2021,451126355,1,9,0,18,19,5,1,0,0,0,0,0,0,0,2,1,5,6,1,27,6,1398,1,11,VAUXHALL ASTRA,7,E01004553,0,-1
2021351026795,2021,351026795,2,9,0,18,19,5,1,0,0,0,0,0,1,0,1,1,6,6,1,50,8,1399,1,4,VAUXHALL ASTRA,10,E01018293,0,-1
2021461022524,2021,461022524,1,9,0,18,19,6,2,0,0,8,0,0,0,0,4,1,1,1,1,29,6,1598,2,4,VAUXHALL ASTRA,8,E01024044,0,-1
2021231025344,2021,231025344,1,9,0,18,19,8,4,0,0,0,0,4,0,0,4,1,5,6,1,87,11,1598,1,11,VAUXHALL ASTRA,10,E01031298,0,-1
2021461110313,2021,461110313,1,9,0,18,19,5,1,0,0,1,5,4,0,0,1,1,2,2,1,42,7,1598,2,5,VAUXHALL ASTRA,3,E01024641,0,-1
2021461035368,2021,461035368,1,9,0,5,5,1,7,0,0,1,0,0,0,0,1,1,6,6,2,46,8,1998,1,14,VAUXHALL ASTRA,4,E01024702,0,-1
2021052100886,2021,052100886,2,9,0,18,19,7,3,0,0,0,0,0,0,0,3,1,6,6,1,83,11,1598,1,16,VAUXHALL ASTRA,2,E01012406,0,-1
2021052102301,2021,052102301,2,9,0,18,19,8,4,0,0,8,0,0,1,10,3,1,6,6,1,64,9,1248,2,10,VAUXHALL ASTRA,1,E01006633,0,-1
2021061047486,2021,061047486,3,9,0,18,19,7,3,0,0,8,0,0,0,0,2,1,6,6,2,28,6,1956,2,10,VAUXHALL ASTRA,9,E01005738,0,-1
2021161046003,2021,161046003,1,8,0,2,2,0,0,0,0,0,0,0,0,0,0,1,1,1,1,-1,-1,1956,2,9,VAUXHALL ASTRA,-1,-1,0,-1
2021141077020,2021,141077020,2,9,0,18,19,1,4,0,0,8,0,0,1,1,1,1,5,6,1,26,6,1796,1,14,VAUXHALL ASTRA,3,E01007488,0,-1
2021411111529,2021,411111529,2,9,0,18,19,8,4,0,0,4,0,0,0,0,1,1,5,6,1,38,7,1364,1,14,VAUXHALL ASTRA,3,E01015757,0,-1
2021231090015,2021,231090015,1,9,0,17,19,7,3,0,0,0,1,0,7,4,1,1,5,6,1,21,5,1598,1,13,VAUXHALL ASTRA,5,E01025858,0,-1
2021361095822,2021,361095822,1,9,0,18,19,1,6,0,0,2,5,0,0,0,1,1,5,6,1,27,6,1910,2,14,VAUXHALL ASTRA,4,E01026458,0,-1
2021010351724,2021,010351724,2,9,0,18,19,5,1,0,0,8,0,0,1,11,1,1,6,6,1,35,6,1598,1,16,VAUXHALL ASTRA,6,E01001496,0,-1
2021010287157,2021,010287157,4,9,0,2,2,0,0,0,0,2,0,0,0,0,1,1,6,6,3,-1,-1,1598,1,11,VAUXHALL ASTRA,-1,-1,0,-1
2021991125316,2021,991125316,1,9,0,5,5,7,6,0,0,6,0,0,0,0,3,1,6,6,1,23,5,1398,1,9,VAUXHALL ASTRA,8,-1,0,-1
2021101080721,2021,101080721,1,9,0,4,4,8,6,0,0,1,0,0,0,0,1,1,6,6,2,34,6,1598,1,11,VAUXHALL ASTRA,6,E01027517,0,-1
202131D159921,2021,31D159921,1,9,0,18,19,6,2,0,0,4,0,0,0,0,1,1,6,6,1,40,7,1686,2,14,VAUXHALL ASTRA,6,E01028188,0,-1
2021451058625,2021,451058625,3,9,0,2,2,1,1,0,0,0,0,0,0,0,1,1,6,6,3,-1,-1,1598,1,16,VAUXHALL ASTRA,-1,-1,0,-1
2021101069731,2021,101069731,2,9,0,18,19,3,7,0,0,8,0,0,0,0,1,1,5,6,2,40,7,1598,1,12,VAUXHALL ASTRA,5,E01008496,0,-1
2021122100251,2021,122100251,2,9,0,16,19,3,8,0,0,1,0,0,0,0,1,1,2,2,1,32,6,1956,2,11,VAUXHALL ASTRA,10,E01032549,0,-1
2021141024522,2021,141024522,1,9,0,18,19,5,1,0,0,1,0,0,0,0,2,1,5,6,1,19,4,1956,2,6,VAUXHALL ASTRA,7,E01007827,0,-1
2021010300872,2021,010300872,2,9,0,7,7,1,3,0,0,8,0,0,0,0,4,1,6,6,2,24,5,1598,1,11,VAUXHALL ASTRA,1,E01001978,0,-1
2021991094013,2021,991094013,1,9,0,18,19,8,4,0,0,0,1,0,1,0,4,1,5,6,2,30,6,1956,2,10,VAUXHALL ASTRA,7,-1,0,-1
2021361095820,2021,361095820,1,9,0,18,19,2,6,0,0,0,0,0,0,0,4,1,5,6,2,39,7,2198,1,18,VAUXHALL ASTRA,4,E01015798,0,-1
2021201118880,2021,201118880,1,9,0,12,12,6,2,0,0,0,0,7,0,0,1,1,6,6,1,46,8,1598,2,6,VAUXHALL ASTRA,1,E01008907,0,-1
2021361135346,2021,361135346,1,9,0,18,19,8,4,0,0,0,0,0,0,0,1,1,5,6,2,55,8,1686,2,9,VAUXHALL ASTRA,1,E01026869,0,-1
2021101106936,2021,101106936,2,9,0,1,1,7,3,0,0,0,0,0,0,0,4,1,5,6,1,56,9,1686,2,8,VAUXHALL ASTRA,3,E01008163,0,-1
2021221033054,2021,221033054,1,9,0,5,5,1,5,0,0,1,0,0,0,0,1,1,6,6,1,56,9,1364,1,14,VAUXHALL ASTRA,3,E01032131,0,-1
2021440170431,2021,440170431,5,9,0,4,4,7,3,0,0,0,0,0,0,0,1,1,6,6,1,47,8,1364,1,16,VAUXHALL ASTRA,4,E01017172,0,-1
2021041040295,2021,041040295,1,9,0,9,9,5,7,0,0,5,0,0,0,0,1,1,5,6,1,80,11,1598,1,21,VAUXHALL ASTRA,2,E01025285,0,-1
2021111108889,2021,111108889,1,9,0,13,13,3,7,0,0,0,0,0,0,0,1,1,6,6,1,51,8,1598,1,11,VAUXHALL ASTRA,2,E01012318,0,-1
2021311154793,2021,311154793,1,9,0,4,4,5,1,0,0,1,0,0,0,0,1,1,2,2,1,40,7,1686,2,14,VAUXHALL ASTRA,6,E01028188,0,-1
2021451046013,2021,451046013,1,9,0,8,8,1,5,0,0,0,0,0,0,0,2,1,2,2,1,64,9,1399,1,3,VAUXHALL ASTRA,10,E01030635,0,-1
2021430441657,2021,430441657,3,9,0,18,19,8,4,0,0,0,0,0,0,0,3,1,6,6,1,21,5,1199,1,0,VAUXHALL ASTRA,10,E01016693,0,-1
2021010326022,2021,010326022,2,9,0,2,2,0,0,0,0,1,0,0,0,0,0,1,6,6,3,-1,-1,1399,1,2,VAUXHALL ASTRA,-1,-1,0,-1
2021201116047,2021,201116047,2,9,0,18,19,7,3,0,0,8,0,0,0,0,0,1,1,1,2,64,9,1796,1,11,VAUXHALL ASTRA,2,E01009746,0,-1
2021131056183,2021,131056183,2,9,0,12,12,4,8,0,0,0,0,0,0,0,0,1,2,2,1,27,6,1998,1,11,VAUXHALL ASTRA,3,E01010779,0,-1
2021010324632,2021,010324632,2,9,0,99,99,9,9,99,99,9,9,99,9,99,1,9,6,6,3,-1,-1,1399,1,5,VAUXHALL ASTRA,1,E01000552,0,-1
2021052101363,2021,052101363,2,9,0,18,19,3,7,0,0,0,0,0,0,0,2,1,6,6,1,27,6,1398,1,8,VAUXHALL ASTRA,7,E01007098,0,-1
2021471012976,2021,471012976,1,9,0,18,19,7,3,0,0,4,0,0,0,0,3,1,5,6,2,43,7,1686,2,10,VAUXHALL ASTRA,10,E01031720,0,-1
2021161084739,2021,161084739,2,9,0,13,13,5,1,0,0,0,0,0,0,0,0,1,1,1,1,25,5,1362,1,8,VAUXHALL ASTRA,-1,-1,0,-1
2021501098113,2021,501098113,1,9,0,18,19,4,8,0,0,1,0,10,0,0,1,1,6,6,1,79,11,1796,1,16,VAUXHALL ASTRA,8,E01020023,0,-1
2021041079292,2021,041079292,1,9,0,18,19,7,3,0,0,0,0,0,0,0,1,1,5,6,2,50,8,-1,-1,-1,VAUXHALL ASTRA,8,E01027586,0,-1
2021421028562,2021,421028562,2,9,0,7,7,7,1,0,0,3,0,0,0,0,2,1,3,7,2,49,8,1398,1,10,VAUXHALL ASTRA,5,E01021680,0,-1
2021052101321,2021,052101321,2,9,0,18,19,5,1,0,0,0,0,0,0,0,2,1,6,6,2,39,7,1598,1,9,VAUXHALL ASTRA,1,E01006672,0,-1
2021010315900,2021,010315900,2,9,0,4,4,3,7,0,0,1,0,4,0,0,1,1,6,6,2,56,9,1364,1,15,VAUXHALL ASTRA,5,E01002490,0,-1
2021421021444,2021,421021444,7,9,0,18,19,6,2,0,0,0,0,0,0,0,0,1,1,1,1,31,6,1496,2,1,VAUXHALL ASTRA,8,E01021544,0,-1
2021010292612,2021,010292612,2,9,9,99,99,9,9,0,0,2,0,99,0,0,4,9,6,6,1,34,6,1598,1,10,VAUXHALL ASTRA,5,E01003262,0,-1
2021430218629,2021,430218629,1,9,0,9,9,5,3,0,0,5,0,0,0,0,1,1,2,2,2,39,7,1598,1,8,VAUXHALL ASTRA,6,E01017832,0,-1
2021122101465,2021,122101465,2,9,0,18,19,7,3,0,0,1,0,0,0,0,1,1,6,6,2,36,7,1910,2,16,VAUXHALL ASTRA,5,E01027802,0,-1
2021052102917,2021,052102917,1,9,0,3,3,8,6,0,0,1,0,0,0,0,1,1,6,6,3,-1,-1,1796,1,20,VAUXHALL ASTRA,-1,-1,0,-1
2021010351134,2021,010351134,2,9,0,18,19,5,1,0,0,6,0,0,0,0,1,1,6,6,1,29,6,1598,1,11,VAUXHALL ASTRA,2,E01003044,0,-1
2021010351713,2021,010351713,2,9,0,9,9,7,5,0,0,2,0,0,0,0,3,1,6,6,1,22,5,1398,1,11,VAUXHALL ASTRA,3,E01001267,0,-1
2021451034234,2021,451034234,2,9,0,16,19,5,4,0,0,1,1,0,7,0,1,1,5,6,2,29,6,1686,2,19,VAUXHALL ASTRA,5,E01030493,0,-1
2021302101276,2021,302101276,2,9,0,10,10,6,4,0,0,1,0,0,0,0,1,1,2,2,1,60,9,1248,2,7,VAUXHALL ASTRA,7,E01019656,0,-1
2021401021623,2021,401021623,2,9,0,18,19,-1,-1,0,0,0,0,0,0,0,2,1,6,6,1,36,7,1686,2,14,VAUXHALL ASTRA,3,E01015728,0,-1
2021010305075,2021,010305075,1,9,0,5,5,5,1,0,0,8,0,0,0,0,1,1,6,6,1,35,6,1598,1,6,VAUXHALL ASTRA,5,E01001998,0,-1
2021211119332,2021,211119332,1,9,-1,-1,-1,-1,-1,-1,-1,0,-1,-1,-1,0,-1,1,6,6,1,22,5,1598,1,11,VAUXHALL ASTRA,3,E01017242,0,-1
2021302100238,2021,302100238,2,9,0,18,19,2,6,0,0,0,0,0,0,0,1,1,6,6,1,36,7,1956,2,7,VAUXHALL ASTRA,1,E01013535,0,-1
2021061092750,2021,061092750,1,9,0,18,19,3,3,0,0,1,0,0,0,0,1,1,5,6,1,39,7,1956,2,6,VAUXHALL ASTRA,5,E01005700,0,-1
2021010312771,2021,010312771,5,9,0,2,2,0,0,0,0,0,0,0,0,0,1,1,6,6,3,-1,-1,1364,1,14,VAUXHALL ASTRA,-1,-1,0,-1
2021991081862,2021,991081862,1,9,0,5,5,3,7,0,0,2,1,0,7,0,1,1,5,6,2,77,11,1796,1,13,VAUXHALL ASTRA,7,-1,0,-1
2021101120790,2021,101120790,3,9,0,2,2,0,0,6,6,0,0,0,1,0,1,1,6,6,3,-1,-1,1686,2,17,VAUXHALL ASTRA,-1,-1,0,-1
2021010300955,2021,010300955,1,9,0,99,99,9,9,99,99,9,9,99,9,99,9,9,6,6,2,27,6,1598,1,8,VAUXHALL ASTRA,5,E01001293,0,-1
2021201094490,2021,201094490,1,9,0,9,9,1,7,0,0,6,0,0,0,0,1,1,1,1,1,31,6,1796,1,11,VAUXHALL ASTRA,9,E01010334,0,-1
202131A120821,2021,31A120821,2,9,0,4,4,8,4,0,0,0,0,0,0,0,2,1,3,7,1,36,7,999,1,5,VAUXHALL ASTRA,4,E01027969,0,-1
2021010322628,2021,010322628,1,9,0,18,19,5,1,0,0,1,0,10,0,0,2,1,6,6,1,44,7,1598,1,21,VAUXHALL ASTRA,5,E01004086,0,-1
2021991125715,2021,991125715,3,9,0,2,2,0,0,6,6,0,0,0,0,0,1,1,6,6,3,-1,-1,1796,1,15,VAUXHALL ASTRA,-1,-1,0,-1
2021201113171,2021,201113171,1,9,0,18,19,2,6,0,0,0,0,10,1,2,1,1,6,6,1,-1,-1,1796,1,15,VAUXHALL ASTRA,-1,-1,0,-1
2021010349351,2021,010349351,1,9,0,18,19,3,7,0,0,0,0,10,0,0,1,2,6,6,1,28,6,1598,1,17,VAUXHALL ASTRA,6,E01003707,0,-1
2021351017089,2021,351017089,1,9,0,18,19,7,3,0,0,0,1,0,1,0,4,1,1,1,1,47,8,1598,1,12,VAUXHALL ASTRA,10,E01018301,0,-1
2021010313363,2021,010313363,2,9,0,2,2,0,0,0,0,1,0,0,0,0,3,2,6,6,3,-1,-1,1364,1,12,VAUXHALL ASTRA,-1,-1,0,-1
2021361111842,2021,361111842,2,9,0,4,4,8,4,0,0,0,0,0,0,0,1,1,5,6,1,52,8,1598,2,6,VAUXHALL ASTRA,8,E01026839,0,-1
2021451087562,2021,451087562,1,9,0,17,19,1,5,0,0,0,1,0,1,11,1,1,5,6,2,29,6,1995,2,19,VAUXHALL ASTRA,9,E01030875,0,-1
2021221050120,2021,221050120,2,9,0,10,10,2,8,0,0,8,0,0,0,0,2,1,5,6,1,24,5,1796,1,15,VAUXHALL ASTRA,7,E01028976,0,-1
2021451104239,2021,451104239,1,9,0,9,9,3,1,0,0,0,0,0,0,0,3,1,5,6,2,46,8,1796,1,16,VAUXHALL ASTRA,4,E01030816,0,-1
2021122100612,2021,122100612,1,9,0,18,19,1,5,0,0,1,0,0,7,1,3,1,6,6,2,26,6,1598,1,7,VAUXHALL ASTRA,3,E01012181,0,-1
2021231054435,2021,231054435,2,9,0,4,4,8,4,0,0,1,0,0,0,0,1,1,1,1,1,30,6,1956,2,9,VAUXHALL ASTRA,9,E01031136,0,-1
2021141036028,2021,141036028,1,9,0,13,13,3,7,0,0,0,0,0,0,0,4,1,5,6,1,48,8,1598,1,9,VAUXHALL ASTRA,2,E01007759,0,-1
2021501102047,2021,501102047,9,9,0,17,19,3,7,0,0,0,0,0,0,0,1,1,6,6,1,27,6,1598,1,11,VAUXHALL ASTRA,8,E01015111,0,-1
2021543145121,2021,543145121,1,9,0,18,19,3,7,0,0,4,1,9,3,1,1,1,6,6,1,24,5,1796,1,13,VAUXHALL ASTRA,7,E01032082,0,-1
2021320541832,2021,320541832,3,9,0,3,3,6,2,0,0,0,0,0,0,0,2,1,6,6,2,50,8,1598,1,15,VAUXHALL ASTRA,3,E01026032,0,-1
2021010349067,2021,010349067,1,9,0,5,5,7,3,0,0,5,0,4,0,0,1,1,6,6,1,65,9,1686,2,12,VAUXHALL ASTRA,4,E01016013,0,-1
2021101046188,2021,101046188,2,9,0,3,3,2,6,0,0,0,0,0,4,0,2,1,6,6,1,49,8,1248,2,8,VAUXHALL ASTRA,9,E01027549,0,-1
2021501037519,2021,501037519,1,9,0,18,19,7,3,0,0,0,2,0,1,4,1,1,5,6,1,61,9,-1,-1,-1,VAUXHALL ASTRA,10,E01022367,0,-1
2021041074576,2021,041074576,2,9,0,16,19,1,2,0,0,5,0,0,0,0,2,1,5,6,2,50,8,1399,1,5,VAUXHALL ASTRA,5,E01025212,0,-1
2021010322753,2021,010322753,5,9,0,18,19,3,7,0,0,0,0,0,0,0,0,1,6,6,1,20,4,1362,1,9,VAUXHALL ASTRA,6,E01002335,0,-1
2021131048534,2021,131048534,1,9,0,11,11,1,5,0,0,0,0,0,0,0,-1,1,6,6,3,40,7,1364,1,12,VAUXHALL ASTRA,-1,-1,0,-1
2021501059616,2021,501059616,1,9,0,5,5,8,4,0,0,1,0,0,0,0,4,1,5,6,1,72,10,1796,1,15,VAUXHALL ASTRA,4,E01019071,0,-1
2021061110291,2021,061110291,1,9,0,6,6,2,6,0,0,8,0,0,0,0,3,1,3,7,2,31,6,1598,1,9,VAUXHALL ASTRA,4,E01005500,0,-1
2021201071150,2021,201071150,2,9,0,5,5,4,6,0,0,1,0,0,0,0,4,1,6,6,2,21,5,1598,1,16,VAUXHALL ASTRA,1,E01010342,0,-1
2021430144341,2021,430144341,1,9,0,18,19,8,4,0,0,8,0,0,0,0,1,1,2,2,1,36,7,1796,1,16,VAUXHALL ASTRA,5,E01016405,0,-1
2021501107168,2021,501107168,1,9,0,9,9,3,1,0,0,1,0,0,0,0,3,1,5,6,2,25,5,1796,1,15,VAUXHALL ASTRA,2,E01018774,0,-1
2021320459721,2021,320459721,1,9,0,18,19,3,7,0,0,0,0,0,0,0,1,1,6,6,1,30,6,1598,1,14,VAUXHALL ASTRA,8,E01007839,0,-1
2021061077587,2021,061077587,1,9,0,18,19,7,3,0,0,0,0,0,0,0,1,1,6,6,1,20,4,1398,1,6,VAUXHALL ASTRA,-1,-1,0,-1
2021361071863,2021,361071863,2,9,0,18,19,5,1,0,0,8,0,0,0,0,1,1,5,6,2,29,6,1598,1,6,VAUXHALL ASTRA,6,E01026512,0,-1
2021401021127,2021,401021127,1,9,0,18,19,1,5,0,0,0,0,0,0,0,1,1,6,6,1,41,7,1686,2,8,VAUXHALL ASTRA,7,E01017457,0,-1
2021122101290,2021,122101290,3,9,0,3,3,5,1,0,0,1,0,0,0,0,1,1,6,6,2,24,5,1598,1,14,VAUXHALL ASTRA,9,E01027690,0,-1