collision_index,collision_year,collision_ref_no,vehicle_reference,vehicle_type,towing_and_articulation,vehicle_manoeuvre_historic,vehicle_manoeuvre,vehicle_direction_from,vehicle_direction_to,vehicle_location_restricted_lane_historic,vehicle_location_restricted_lane,junction_location,skidding_and_overturning,hit_object_in_carriageway,vehicle_leaving_carriageway,hit_object_off_carriageway,first_point_of_impact,vehicle_left_hand_drive,journey_purpose_of_driver_historic,journey_purpose_of_driver,sex_of_driver,age_of_driver,age_band_of_driver,engine_capacity_cc,propulsion_code,age_of_vehicle,generic_make_model,driver_imd_decile,lsoa_of_driver,escooter_flag,driver_distance_banding
2021010331221,2021,010331221,2,9,0,5,5,3,7,0,0,0,0,0,0,0,1,1,2,2,1,50,8,1598,2,4,VAUXHALL ASTRA,3,E01000441,0,-1
2021211040237,2021,211040237,2,9,0,3,3,2,6,0,0,0,0,0,0,0,1,1,6,6,2,60,9,1598,1,6,VAUXHALL ASTRA,3,E01029404,0,-1
2021010317182,2021,010317182,1,9,0,13,13,1,5,0,0,1,0,0,0,0,4,1,6,6,1,50,8,1598,1,19,VAUXHALL ASTRA,6,E01000492,0,-1
2021461124733,2021,461124733,2,9,0,4,4,1,5,0,0,0,1,0,0,0,2,1,6,6,1,49,8,1598,2,4,VAUXHALL ASTRA,1,E01016063,0,-1
2021401106411,2021,401106411,1,9,0,18,19,6,2,0,0,1,0,0,0,0,1,1,6,6,1,-1,-1,1598,1,14,VAUXHALL ASTRA,8,-1,0,-1
2021302100231,2021,302100231,2,9,0,18,19,4,8,0,0,8,0,0,0,0,1,1,6,6,3,-1,-1,1598,1,14,VAUXHALL ASTRA,5,E01019456,0,-1
2021471115856,2021,471115856,1,9,0,18,19,3,7,0,0,0,0,0,0,0,1,1,2,2,1,19,4,1248,2,7,VAUXHALL ASTRA,1,E01016885,0,-1
2021361089866,2021,361089866,1,9,0,18,19,8,4,0,0,1,0,0,0,0,1,1,1,1,1,29,6,1598,2,3,VAUXHALL ASTRA,-1,-1,0,-1
2021461015130,2021,461015130,2,9,0,4,4,1,4,0,0,1,0,0,0,0,2,1,1,1,1,38,7,1598,2,2,VAUXHALL ASTRA,1,E01024678,0,-1
2021361029900,2021,361029900,1,9,0,9,9,5,3,0,0,1,0,0,0,0,3,1,5,6,1,61,9,1598,1,8,VAUXHALL ASTRA,4,E01026884,0,-1
2021501036735,2021,501036735,1,9,0,18,19,4,8,0,0,8,0,0,0,0,1,1,1,1,1,23,5,1598,1,9,VAUXHALL ASTRA,6,E01019920,0,-1
202134NNC2031,2021,34NNC2031,1,9,0,18,19,5,1,0,0,1,0,0,0,0,1,1,3,7,1,21,5,1598,1,14,VAUXHALL ASTRA,3,E01027035,0,-1
2021010324842,2021,010324842,2,9,0,99,99,9,9,99,99,1,9,99,9,99,1,9,6,6,3,-1,-1,1796,1,16,VAUXHALL ASTRA,8,E01002382,0,-1
2021010305007,2021,010305007,2,9,0,18,19,2,6,0,0,0,0,0,0,0,3,1,6,6,1,21,5,1598,1,8,VAUXHALL ASTRA,4,E01004418,0,-1
2021131095277,2021,131095277,1,9,0,18,19,8,2,0,0,1,0,0,0,0,1,1,6,6,1,34,6,999,1,5,VAUXHALL ASTRA,4,E01011839,0,-1
2021010309898,2021,010309898,1,9,0,18,19,7,3,0,0,1,0,0,0,0,0,1,1,1,2,25,5,1399,1,2,VAUXHALL ASTRA,-1,-1,0,-1
2021430030846,2021,430030846,1,9,0,9,9,6,4,0,0,5,0,0,0,0,1,1,1,1,1,35,6,1598,1,15,VAUXHALL ASTRA,9,E01017702,0,-1
2021401047277,2021,401047277,3,9,0,4,4,1,5,0,0,0,0,0,0,0,2,1,5,6,1,60,9,1598,2,2,VAUXHALL ASTRA,9,E01018531,0,-1
2021131068262,2021,131068262,2,9,0,18,19,5,8,0,0,1,0,0,0,0,1,1,5,6,1,60,9,1598,1,13,VAUXHALL ASTRA,8,E01011684,0,-1
2021061082152,2021,061082152,2,9,0,18,19,5,1,0,0,8,0,0,0,0,3,1,5,6,1,28,6,1598,1,11,VAUXHALL ASTRA,1,E01005513,0,-1
2021010334833,2021,010334833,2,9,0,8,8,5,8,0,0,1,0,0,0,0,3,1,2,2,1,25,5,1364,1,8,VAUXHALL ASTRA,1,E01001517,0,-1
2021520104094,2021,520104094,1,9,0,18,19,6,1,0,0,2,5,10,6,0,1,1,6,6,1,24,5,1364,1,13,VAUXHALL ASTRA,2,E01029099,0,-1
2021010307592,2021,010307592,1,9,0,7,7,5,8,0,0,1,0,0,0,0,4,1,6,6,1,60,9,1796,1,12,VAUXHALL ASTRA,5,E01003312,0,-1
2021451038731,2021,451038731,2,9,0,4,4,5,1,0,0,0,0,0,0,0,2,1,5,6,2,34,6,1910,2,13,VAUXHALL ASTRA,8,E01030602,0,-1
2021010326507,2021,010326507,2,9,0,17,19,1,5,0,0,0,1,10,7,7,1,1,6,6,1,20,4,1398,1,11,VAUXHALL ASTRA,1,E01002751,0,-1
2021010349515,2021,010349515,1,9,0,2,2,0,0,0,0,2,0,0,0,0,2,1,6,6,3,-1,-1,1598,1,13,VAUXHALL ASTRA,-1,-1,0,-1
2021061048930,2021,061048930,1,9,0,18,19,5,1,0,0,1,0,0,0,0,1,1,6,6,1,27,6,1398,1,9,VAUXHALL ASTRA,-1,-1,0,-1
202134WNC7601,2021,34WNC7601,2,9,0,18,19,5,1,0,0,8,0,0,0,0,4,1,6,6,1,38,7,1598,1,11,VAUXHALL ASTRA,3,E01027245,0,-1
2021201034513,2021,201034513,2,9,0,18,19,8,4,0,0,8,0,0,0,0,4,1,6,6,1,25,5,1796,1,12,VAUXHALL ASTRA,2,E01010338,0,-1
2021138320220,2021,138320220,1,9,0,18,19,2,6,0,0,0,0,0,0,0,2,1,6,6,1,26,6,1399,1,4,VAUXHALL ASTRA,6,E01010797,0,-1
2021520105849,2021,520105849,3,9,0,18,19,7,3,0,0,0,0,0,0,0,1,1,6,6,2,61,9,1598,1,6,VAUXHALL ASTRA,10,E01029172,0,-1
202154C097521,2021,54C097521,1,9,0,18,19,7,3,0,0,2,0,0,0,0,2,1,2,2,1,32,6,1598,1,11,VAUXHALL ASTRA,9,E01032706,0,-1
2021041045534,2021,041045534,1,9,0,7,7,7,1,0,0,0,0,0,0,0,1,1,2,2,2,24,5,1956,2,10,VAUXHALL ASTRA,8,E01025165,0,-1
2021221117102,2021,221117102,1,9,0,7,7,8,2,0,0,5,5,0,1,0,2,1,5,6,2,24,5,1796,1,18,VAUXHALL ASTRA,6,E01028850,0,-1
2021991040293,2021,991040293,3,9,0,18,19,3,7,0,0,1,0,0,0,0,1,1,6,6,2,70,10,1199,1,1,VAUXHALL ASTRA,8,-1,0,-1
2021361084324,2021,361084324,1,9,0,18,19,7,3,0,0,0,0,0,0,0,4,1,6,6,3,82,11,1399,1,3,VAUXHALL ASTRA,1,E01026688,0,-1
2021101031063,2021,101031063,1,9,0,10,10,7,5,0,0,1,0,0,0,0,1,1,5,6,1,78,11,1598,1,13,VAUXHALL ASTRA,5,E01008431,0,-1
2021311114657,2021,311114657,2,9,0,4,4,5,1,0,0,0,0,0,0,0,2,1,6,6,1,31,6,1598,2,6,VAUXHALL ASTRA,8,E01013151,0,-1
2021010340861,2021,010340861,1,9,0,14,14,1,5,0,0,0,0,0,0,0,4,1,6,6,1,22,5,999,1,3,VAUXHALL ASTRA,2,E01001367,0,-1
2021411047581,2021,411047581,3,9,0,18,19,1,5,0,0,7,0,0,0,0,0,1,1,1,3,-1,-1,1598,2,4,VAUXHALL ASTRA,-1,-1,0,-1
2021161018818,2021,161018818,2,9,0,3,3,5,1,0,0,8,0,0,0,0,2,1,2,2,1,59,9,1598,1,11,VAUXHALL ASTRA,1,E01012779,0,-1
2021351025265,2021,351025265,1,9,0,18,19,5,1,0,0,0,0,0,0,0,1,1,5,6,1,20,4,1956,2,9,VAUXHALL ASTRA,9,E01018278,0,-1
2021201133386,2021,201133386,1,9,0,9,9,2,8,0,0,6,0,0,0,0,1,1,3,7,2,33,6,1364,1,15,VAUXHALL ASTRA,2,E01008942,0,-1
2021501081476,2021,501081476,1,9,0,18,19,4,8,0,0,0,0,0,0,0,1,1,5,6,1,24,5,1956,2,8,VAUXHALL ASTRA,10,E01025259,0,-1
2021461019915,2021,461019915,1,9,0,18,19,4,8,0,0,0,1,11,1,4,1,1,1,1,1,37,7,1364,1,12,VAUXHALL ASTRA,8,E01024448,0,-1
2021549525821,2021,549525821,1,9,0,17,19,5,1,0,0,0,2,10,1,10,4,1,6,6,1,30,6,1598,1,15,VAUXHALL ASTRA,8,E01032021,0,-1
2021031133827,2021,031133827,2,9,0,18,19,4,8,0,0,8,0,0,0,0,4,1,6,6,2,69,10,1598,1,14,VAUXHALL ASTRA,7,E01018597,0,-1
2021411108806,2021,411108806,2,9,0,4,4,5,1,0,0,0,0,0,0,0,2,1,6,6,2,32,6,1598,1,10,VAUXHALL ASTRA,1,E01000528,0,-1
2021991091686,2021,991091686,1,9,0,18,19,5,1,0,0,0,0,0,0,0,3,1,6,6,1,39,7,1598,1,10,VAUXHALL ASTRA,1,-1,0,-1
2021010322478,2021,010322478,2,9,0,7,7,7,1,0,0,6,0,0,0,0,1,1,6,6,1,18,4,1362,1,10,VAUXHALL ASTRA,2,E01003241,0,-1
2021010351181,2021,010351181,1,9,0,18,19,5,1,0,0,1,0,0,0,0,1,1,6,6,1,54,8,1399,1,4,VAUXHALL ASTRA,-1,-1,0,-1
2021991124131,2021,991124131,2,9,0,9,9,7,4,0,0,3,0,0,0,0,4,1,5,6,1,22,5,1399,1,2,VAUXHALL ASTRA,7,-1,0,-1
2021010302060,2021,010302060,1,9,0,13,13,5,1,0,0,0,1,0,0,0,1,1,6,6,1,19,4,1364,1,12,VAUXHALL ASTRA,2,E01001151,0,-1
2021161053891,2021,161053891,1,9,0,18,19,4,8,0,0,0,0,0,0,0,1,1,6,6,1,-1,-1,1364,1,13,VAUXHALL ASTRA,-1,-1,0,-1
2021231032002,2021,231032002,1,9,0,9,9,2,8,0,0,6,0,0,0,0,0,1,1,1,1,28,6,1598,2,4,VAUXHALL ASTRA,3,E01031064,0,-1
2021440406456,2021,440406456,1,9,0,18,19,7,3,0,0,0,5,0,0,0,1,1,6,6,1,19,4,1598,1,18,VAUXHALL ASTRA,9,E01022767,0,-1
2021111128189,2021,111128189,1,9,0,9,9,7,1,0,0,1,0,0,0,0,1,1,6,6,1,27,6,1910,2,12,VAUXHALL ASTRA,6,E01012331,0,-1
2021501091356,2021,501091356,1,9,0,18,19,5,1,0,0,1,0,0,0,0,1,1,6,6,2,47,8,1598,2,7,VAUXHALL ASTRA,8,E01015165,0,-1
2021010305561,2021,010305561,1,9,0,18,19,7,3,0,0,3,0,0,0,0,1,1,6,6,1,32,6,1686,2,10,VAUXHALL ASTRA,3,E01001481,0,-1
2021010346748,2021,010346748,1,9,0,5,5,7,3,0,0,2,0,0,0,0,4,1,6,6,2,43,7,1364,1,13,VAUXHALL ASTRA,5,E01004165,0,-1
2021451059803,2021,451059803,2,9,0,18,19,1,5,0,0,0,0,0,0,0,2,1,5,6,2,43,7,1598,2,6,VAUXHALL ASTRA,9,E01002953,0,-1
2021061097525,2021,061097525,2,9,0,18,19,1,5,0,0,1,0,0,0,0,4,1,6,6,2,34,6,1598,2,2,VAUXHALL ASTRA,2,E01018645,0,-1
202131C138821,2021,31C138821,2,9,0,18,19,1,5,0,0,8,0,0,0,0,1,1,6,6,1,50,8,1998,1,14,VAUXHALL ASTRA,1,E01013818,0,-1
2021141115889,2021,141115889,3,9,0,4,4,1,5,0,0,0,0,0,0,0,1,1,6,6,3,-1,-1,1364,1,15,VAUXHALL ASTRA,-1,-1,0,-1
2021031011925,2021,031011925,1,9,0,1,1,3,7,0,0,0,0,0,0,0,2,1,5,6,1,22,5,1598,1,15,VAUXHALL ASTRA,-1,-1,0,-1
2021351116107,2021,351116107,1,9,0,4,4,2,5,0,0,0,0,0,0,0,2,1,5,6,1,25,5,1399,1,4,VAUXHALL ASTRA,7,E01018269,0,-1
202154B044621,2021,54B044621,1,8,0,18,19,1,5,0,0,4,0,0,0,0,3,1,1,1,1,42,7,1598,2,7,VAUXHALL ASTRA,8,E01032088,0,-1
2021201143366,2021,201143366,1,9,0,5,5,2,7,0,0,5,5,0,0,0,2,1,6,6,1,-1,-1,1598,2,2,VAUXHALL ASTRA,1,E01009988,0,-1
2021302100156,2021,302100156,1,9,0,9,9,6,4,0,0,0,0,0,0,0,4,1,6,6,1,67,10,1686,2,13,VAUXHALL ASTRA,10,E01019881,0,-1
2021440232518,2021,440232518,1,9,0,18,19,3,7,0,0,0,0,0,0,0,1,1,6,6,2,29,6,1956,2,8,VAUXHALL ASTRA,6,E01001195,0,-1
2021201043955,2021,201043955,2,9,0,2,2,0,0,0,0,0,0,0,0,0,2,1,6,6,2,47,8,1598,1,13,VAUXHALL ASTRA,6,E01009614,0,-1
2021010351103,2021,010351103,1,9,0,3,3,5,1,0,0,1,0,0,0,0,2,1,6,6,1,43,7,1598,1,13,VAUXHALL ASTRA,5,E01002394,0,-1
2021421057419,2021,421057419,1,9,0,9,9,5,1,0,0,5,1,0,0,0,1,1,2,2,1,21,5,1364,1,11,VAUXHALL ASTRA,10,E01021590,0,-1
2021010311484,2021,010311484,1,9,0,99,99,9,9,99,99,8,9,99,9,99,2,9,6,6,1,30,6,1598,1,11,VAUXHALL ASTRA,2,E01000025,0,-1
2021430529005,2021,430529005,1,9,0,4,4,2,6,0,0,8,0,0,0,0,2,1,1,1,2,31,6,1910,2,13,VAUXHALL ASTRA,7,E01016236,0,-1
2021401015914,2021,401015914,2,9,0,18,19,7,3,0,0,0,0,0,0,0,1,1,6,6,1,29,6,1598,2,4,VAUXHALL ASTRA,9,E01017454,0,-1
2021461085043,2021,461085043,1,9,0,5,5,3,3,0,0,0,5,0,0,0,1,1,6,6,1,32,6,1598,1,15,VAUXHALL ASTRA,2,E01032799,0,-1
2021451047747,2021,451047747,3,9,0,18,19,7,3,0,0,1,0,0,0,0,0,1,1,1,1,35,6,1598,2,3,VAUXHALL ASTRA,6,E01030737,0,-1
2021440208292,2021,440208292,1,9,0,18,19,2,6,0,0,0,0,0,0,0,1,1,6,6,1,42,7,1956,2,10,VAUXHALL ASTRA,5,E01023285,0,-1
2021991076902,2021,991076902,1,9,0,18,19,3,7,0,0,1,0,0,0,0,1,1,5,6,1,23,5,1398,1,8,VAUXHALL ASTRA,2,-1,0,-1
2021170M11721,2021,170M11721,1,9,0,9,9,6,4,0,0,2,0,0,0,0,1,1,6,6,2,20,4,1598,1,7,VAUXHALL ASTRA,1,E01012093,0,-1
2021461083101,2021,461083101,1,9,0,9,9,5,3,0,0,1,0,0,0,0,1,1,2,2,1,46,8,1364,1,11,VAUXHALL ASTRA,4,E01016128,0,-1
2021401030211,2021,401030211,1,9,0,5,5,6,2,0,0,0,0,0,0,0,1,1,5,6,1,21,5,1956,2,9,VAUXHALL ASTRA,4,E01017581,0,-1
20211381U1471,2021,1381U1471,2,8,0,18,19,8,4,0,0,0,0,0,0,0,1,1,1,1,1,46,8,999,1,4,VAUXHALL ASTRA,4,E01011908,0,-1
2021991115655,2021,991115655,1,9,0,18,19,2,6,0,0,0,1,4,0,0,1,1,5,6,2,24,5,1399,1,3,VAUXHALL ASTRA,1,-1,0,-1
2021041143173,2021,041143173,1,9,0,4,4,1,1,0,0,1,0,0,0,0,1,1,2,2,1,27,6,1399,1,3,VAUXHALL ASTRA,1,E01005292,0,-1
2021552100322,2021,552100322,2,9,0,9,9,5,3,0,0,6,0,0,0,0,2,1,6,6,2,34,6,1598,1,14,VAUXHALL ASTRA,9,E01020352,0,-1
2021430529914,2021,430529914,2,9,0,18,19,1,5,0,0,0,0,0,0,0,1,1,6,6,1,58,9,1796,1,14,VAUXHALL ASTRA,3,E01031459,0,-1
2021401015687,2021,401015687,1,9,0,18,19,3,7,0,0,0,0,0,0,0,0,1,1,1,1,25,5,1598,2,2,VAUXHALL ASTRA,-1,-1,0,-1
2021351111161,2021,351111161,3,9,0,3,3,3,7,0,0,2,0,0,0,0,2,1,2,2,1,40,7,1398,1,7,VAUXHALL ASTRA,6,E01015675,0,-1
2021201130972,2021,201130972,1,9,0,4,4,3,7,0,0,0,0,0,0,0,1,1,6,6,1,26,6,1598,1,15,VAUXHALL ASTRA,2,E01010472,0,-1
2021401022706,2021,401022706,1,9,0,16,19,6,2,0,0,0,0,10,0,0,3,1,6,6,1,20,4,1686,2,9,VAUXHALL ASTRA,4,E01015804,0,-1
2021991097551,2021,991097551,1,9,0,7,7,5,7,0,0,2,1,0,0,0,1,1,5,6,1,23,5,-1,-1,-1,VAUXHALL ASTRA,5,-1,0,-1
2021552100628,2021,552100628,1,9,0,16,19,2,4,0,0,0,0,0,0,0,1,1,6,6,1,19,4,1598,1,14,VAUXHALL ASTRA,4,E01030496,0,-1
2021010347904,2021,010347904,3,9,0,4,4,5,1,0,0,0,0,0,0,0,2,1,6,6,1,36,7,1796,1,14,VAUXHALL ASTRA,2,E01003636,0,-1
2021010288897,2021,010288897,1,9,0,18,19,3,7,0,0,1,0,0,0,0,4,1,6,6,2,63,9,1598,1,7,VAUXHALL ASTRA,5,E01001520,0,-1
2021622100673,2021,622100673,1,9,0,18,19,5,1,0,0,4,0,0,0,0,1,1,6,6,2,26,6,1598,1,11,VAUXHALL ASTRA,4,W01000809,0,-1
2021201122123,2021,201122123,3,9,0,18,19,6,2,0,0,0,0,0,0,0,2,1,5,6,2,29,6,1796,1,12,VAUXHALL ASTRA,4,W01000221,0,-1
2021401102319,2021,401102319,2,9,0,3,3,6,2,0,0,0,0,0,0,0,2,1,5,6,1,43,7,1598,1,11,VAUXHALL ASTRA,10,E01017732,0,-1
2021010335368,2021,010335368,2,9,0,99,99,9,9,99,99,9,9,99,9,99,9,9,6,6,3,-1,-1,1399,1,5,VAUXHALL ASTRA,-1,-1,0,-1
2021061072901,2021,061072901,1,9,0,3,3,1,5,0,0,8,0,0,0,0,2,1,6,6,2,33,6,1598,1,15,VAUXHALL ASTRA,3,E01005003,0,-1
2021161108978,2021,161108978,1,9,0,9,9,3,7,0,0,0,0,0,0,0,1,1,6,6,2,40,7,1598,1,13,VAUXHALL ASTRA,1,E01013083,0,-1
2021320424122,2021,320424122,2,9,0,18,19,4,2,0,0,0,0,0,0,0,0,1,6,6,1,25,5,1598,2,2,VAUXHALL ASTRA,1,E01026114,0,-1
202131A040421,2021,31A040421,1,9,0,5,5,6,2,0,0,0,0,4,0,0,1,1,6,6,2,21,5,1598,1,19,VAUXHALL ASTRA,7,E01028250,0,-1
2021547983221,2021,547983221,2,9,0,4,4,3,7,0,0,8,0,0,0,0,2,1,6,6,2,41,7,1956,2,9,VAUXHALL ASTRA,5,E01015554,0,-1
2021201085669,2021,201085669,1,9,0,9,9,1,7,0,0,6,0,0,0,0,1,1,2,2,2,44,7,1598,1,6,VAUXHALL ASTRA,8,E01010561,0,-1
2021070340896,2021,070340896,1,9,0,9,9,4,3,0,0,5,0,0,0,0,1,1,6,6,1,45,7,1796,1,14,VAUXHALL ASTRA,4,E01018672,0,-1
2021010290606,2021,010290606,1,9,0,99,99,9,9,99,99,9,9,99,9,99,1,9,6,6,3,-1,-1,1598,1,7,VAUXHALL ASTRA,1,E01002782,0,-1
202131C160421,2021,31C160421,2,9,0,18,19,2,6,0,0,1,0,0,0,0,2,1,6,6,2,32,6,1399,1,3,VAUXHALL ASTRA,8,E01028177,0,-1
2021010308272,2021,010308272,1,9,0,18,19,7,3,0,0,0,0,0,0,0,4,1,6,6,1,52,8,1399,1,4,VAUXHALL ASTRA,1,E01003047,0,-1
2021141082599,2021,141082599,2,9,0,8,8,3,5,0,0,8,0,0,0,0,1,1,1,1,1,27,6,1598,2,6,VAUXHALL ASTRA,7,E01008033,0,-1
2021201094466,2021,201094466,1,9,0,9,9,7,4,0,0,6,0,0,0,0,1,1,6,6,1,36,7,1364,1,7,VAUXHALL ASTRA,1,E01009361,0,-1
2021131043804,2021,131043804,1,9,0,2,2,5,3,0,0,8,0,0,0,0,4,1,2,2,2,63,9,1364,1,16,VAUXHALL ASTRA,1,E01011803,0,-1
2021451032701,2021,451032701,1,9,0,18,19,7,3,0,0,0,1,10,1,10,1,1,6,6,1,20,4,1598,1,14,VAUXHALL ASTRA,7,E01030741,0,-1
2021547673921,2021,547673921,1,9,0,18,19,5,1,0,0,2,0,0,0,0,1,1,6,6,2,54,8,1598,1,11,VAUXHALL ASTRA,5,E01031986,0,-1
2021501101377,2021,501101377,2,9,0,17,19,3,7,0,0,0,1,0,0,0,3,1,5,6,1,20,4,1686,2,9,VAUXHALL ASTRA,4,E01020311,0,-1
2021461047660,2021,461047660,1,9,0,17,19,3,6,0,0,0,5,0,1,4,1,1,5,6,1,32,6,1364,1,14,VAUXHALL ASTRA,6,E01023978,0,-1
2021231104746,2021,231104746,1,9,0,4,4,2,6,0,0,0,0,0,0,0,3,1,6,6,2,63,9,1598,1,9,VAUXHALL ASTRA,-1,-1,0,-1
2021131047394,2021,131047394,1,9,0,5,5,7,3,0,0,0,0,0,0,0,3,1,5,6,1,46,8,1364,1,13,VAUXHALL ASTRA,1,E01011144,0,-1
2021052100573,2021,052100573,1,9,0,3,3,3,7,0,0,6,0,0,0,0,1,1,6,6,1,64,9,1364,1,15,VAUXHALL ASTRA,5,E01006640,0,-1
2021010294449,2021,010294449,2,9,0,18,19,1,5,0,0,0,0,0,0,0,2,1,6,6,1,45,7,1598,1,8,VAUXHALL ASTRA,5,E01002395,0,-1
2021461024008,2021,461024008,2,9,0,2,2,0,0,9,9,0,0,0,0,0,4,1,5,6,1,34,6,1598,2,5,VAUXHALL ASTRA,5,E01024478,0,-1
2021010346189,2021,010346189,2,9,0,99,99,9,9,99,99,9,9,99,9,99,9,9,6,6,3,24,5,1399,1,2,VAUXHALL ASTRA,9,E01004132,0,-1
2021401044502,2021,401044502,2,9,0,3,3,7,3,0,0,4,0,0,0,0,4,1,5,6,2,63,9,1598,1,15,VAUXHALL ASTRA,3,E01017609,0,-1
2021010333962,2021,010333962,1,9,0,99,99,9,9,99,99,9,9,99,9,99,1,9,6,6,1,38,7,1598,1,14,VAUXHALL ASTRA,4,E01000591,0,-1
2021991072302,2021,991072302,4,9,0,3,3,1,5,0,0,2,0,0,0,0,3,1,5,6,2,48,8,1399,1,5,VAUXHALL ASTRA,2,-1,0,-1
2021221058781,2021,221058781,1,9,0,9,9,1,7,0,0,2,0,0,0,0,3,1,5,6,1,76,11,1598,1,15,VAUXHALL ASTRA,7,W01000497,0,-1
2021451064771,2021,451064771,2,9,0,18,19,1,3,0,0,0,0,0,0,0,2,1,6,6,2,35,6,1598,1,7,VAUXHALL ASTRA,5,E01033030,0,-1
2021371023605,2021,371023605,1,9,0,9,9,3,8,0,0,8,0,0,0,0,4,1,5,6,1,58,9,1686,2,17,VAUXHALL ASTRA,1,E01029980,0,-1
2021430323826,2021,430323826,2,9,0,18,19,5,1,0,0,1,0,0,0,0,4,1,6,6,2,49,8,1686,2,10,VAUXHALL ASTRA,2,E01016726,0,-1
2021320533135,2021,320533135,2,9,0,18,19,3,7,0,0,8,0,0,0,0,1,1,6,6,1,24,5,1956,2,9,VAUXHALL ASTRA,6,E01028307,0,-1
2021421120187,2021,421120187,1,9,0,1,1,1,6,0,0,2,0,0,0,0,2,1,6,6,1,28,6,1364,1,11,VAUXHALL ASTRA,2,E01021711,0,-1
2021522104006,2021,522104006,2,9,0,18,19,1,5,0,0,2,0,0,0,0,1,1,6,6,1,30,6,1998,1,16,VAUXHALL ASTRA,-1,-1,0,-1
2021461015736,2021,461015736,1,9,0,17,19,1,5,0,0,0,1,0,0,0,3,1,2,2,1,29,6,1598,1,11,VAUXHALL ASTRA,7,E01024689,0,-1
2021991056637,2021,991056637,1,9,0,2,2,6,2,6,6,0,1,0,0,0,3,1,1,1,1,53,8,1399,1,5,VAUXHALL ASTRA,-1,-1,0,-1
2021421110259,2021,421110259,1,9,0,17,19,2,6,0,0,0,0,0,0,0,1,1,6,6,1,43,7,1364,1,4,VAUXHALL ASTRA,-1,-1,0,-1
2021552100729,2021,552100729,1,9,0,18,19,6,8,0,0,4,0,0,0,0,0,1,1,1,2,44,7,1598,2,5,VAUXHALL ASTRA,5,E01020500,0,-1
2021320336922,2021,320336922,2,9,0,18,19,5,1,0,0,0,0,0,0,0,0,1,1,1,1,40,7,1598,2,2,VAUXHALL ASTRA,1,E01026114,0,-1
2021320716800,2021,320716800,1,9,0,18,19,5,1,0,0,0,0,0,0,0,1,1,6,6,1,22,5,1364,1,11,VAUXHALL ASTRA,3,E01026146,0,-1
2021041054613,2021,041054613,2,9,0,2,2,0,0,6,6,0,0,0,0,0,2,1,6,6,3,-1,-1,1598,1,12,VAUXHALL ASTRA,-1,-1,0,-1
2021010331675,2021,010331675,2,9,0,5,5,5,1,0,0,1,0,0,0,0,3,1,6,6,1,21,5,1598,1,10,VAUXHALL ASTRA,2,E01001753,0,-1
2021101111228,2021,101111228,1,9,0,18,19,3,6,0,0,6,0,0,0,0,1,1,6,6,1,75,10,1598,1,18,VAUXHALL ASTRA,3,E01008804,0,-1
2021501022091,2021,501022091,2,9,0,18,19,5,1,0,0,1,1,0,0,0,1,1,5,6,2,50,8,1598,1,11,VAUXHALL ASTRA,9,E01019998,0,-1
2021122100538,2021,122100538,2,9,0,18,19,3,7,0,0,3,0,0,0,0,1,1,6,6,1,24,5,1910,2,13,VAUXHALL ASTRA,4,E01027853,0,-1
2021010289233,2021,010289233,4,9,0,10,10,1,7,0,0,1,0,0,0,0,0,1,1,1,1,34,6,1399,1,2,VAUXHALL ASTRA,3,E01002612,0,-1
2021421021297,2021,421021297,1,9,0,18,19,5,1,0,0,0,1,0,1,7,1,1,6,6,1,19,4,1598,1,16,VAUXHALL ASTRA,7,E01021620,0,-1
2021131042685,2021,131042685,2,9,0,5,5,1,5,0,0,8,1,0,0,0,3,1,2,2,1,37,7,1598,2,5,VAUXHALL ASTRA,2,E01011760,0,-1
2021221057888,2021,221057888,2,9,0,18,19,3,7,0,0,1,0,0,0,0,0,1,1,1,1,26,6,1598,2,5,VAUXHALL ASTRA,8,E01014157,0,-1
2021052102500,2021,052102500,2,9,0,3,3,3,5,0,0,1,0,0,0,0,2,1,6,6,1,36,7,1399,1,5,VAUXHALL ASTRA,4,E01006617,0,-1
2021471039872,2021,471039872,1,9,0,18,19,5,1,0,0,0,0,12,0,0,1,1,6,6,1,21,5,1686,2,7,VAUXHALL ASTRA,6,E01024807,0,-1
2021111048154,2021,111048154,2,9,0,2,2,0,0,0,0,0,0,0,0,0,2,1,6,6,3,-1,-1,1598,1,10,VAUXHALL ASTRA,-1,-1,0,-1
2021991061884,2021,991061884,2,9,0,9,9,7,5,0,0,1,5,0,7,0,3,1,6,6,1,91,11,1956,2,8,VAUXHALL ASTRA,6,-1,0,-1
2021991024780,2021,991024780,1,9,0,5,5,5,1,0,0,4,0,0,0,0,1,1,6,6,1,40,7,1598,1,9,VAUXHALL ASTRA,-1,-1,0,-1
2021501130598,2021,501130598,1,9,0,18,19,3,7,0,0,0,1,12,4,0,3,1,2,2,1,21,5,1364,1,15,VAUXHALL ASTRA,1,E01015263,0,-1
202131A059721,2021,31A059721,4,9,0,14,14,6,2,0,0,1,0,0,0,0,0,1,1,1,1,31,6,1598,2,2,VAUXHALL ASTRA,2,E01028269,0,-1
2021520200716,2021,520200716,1,9,0,18,19,3,7,0,0,0,0,0,6,0,1,1,6,6,2,41,7,1686,2,17,VAUXHALL ASTRA,2,E01017108,0,-1
2021161114519,2021,161114519,2,9,0,5,5,1,5,0,0,1,0,0,0,0,3,1,6,6,1,-1,-1,1956,2,10,VAUXHALL ASTRA,5,E01013313,0,-1
2021401022530,2021,401022530,1,9,0,17,19,4,1,0,0,0,1,0,1,4,1,1,6,6,1,21,5,1598,2,4,VAUXHALL ASTRA,4,E01015804,0,-1