collision_index,collision_year,collision_ref_no,vehicle_reference,vehicle_type,towing_and_articulation,vehicle_manoeuvre_historic,vehicle_manoeuvre,vehicle_direction_from,vehicle_direction_to,vehicle_location_restricted_lane_historic,vehicle_location_restricted_lane,junction_location,skidding_and_overturning,hit_object_in_carriageway,vehicle_leaving_carriageway,hit_object_off_carriageway,first_point_of_impact,vehicle_left_hand_drive,journey_purpose_of_driver_historic,journey_purpose_of_driver,sex_of_driver,age_of_driver,age_band_of_driver,engine_capacity_cc,propulsion_code,age_of_vehicle,generic_make_model,driver_imd_decile,lsoa_of_driver,escooter_flag,driver_distance_banding
2021411066478,2021,411066478,1,9,0,18,19,4,8,6,6,0,1,0,0,0,1,1,5,6,2,43,7,1598,1,13,VAUXHALL ASTRA,5,E01023869,0,-1
2021010331391,2021,010331391,6,9,0,18,19,1,5,0,0,0,0,0,0,0,1,1,2,2,1,44,7,1598,7,6,VAUXHALL ASTRA,4,E01000799,0,-1
2021111090044,2021,111090044,4,9,0,18,19,1,5,0,0,2,0,0,0,0,1,1,5,6,1,80,11,1598,1,7,VAUXHALL ASTRA,7,E01008789,0,-1
2021411060696,2021,411060696,2,9,0,18,19,5,1,0,0,0,0,0,0,0,4,1,6,6,2,22,5,1364,1,6,VAUXHALL ASTRA,6,E01023621,0,-1
2021070800209,2021,070800209,2,9,0,18,19,6,2,0,0,1,1,0,4,1,4,1,2,2,1,52,8,1399,1,2,VAUXHALL ASTRA,3,E01012511,0,-1
2021141075261,2021,141075261,1,9,0,18,19,7,2,0,0,1,0,0,0,0,1,1,6,6,1,37,7,1796,1,12,VAUXHALL ASTRA,2,E01008081,0,-1
2021161067045,2021,161067045,1,9,0,18,19,2,7,0,0,1,0,10,0,0,3,1,6,6,2,26,6,1598,1,14,VAUXHALL ASTRA,3,E01007494,0,-1
2021520104773,2021,520104773,2,9,0,3,3,6,2,0,0,4,0,0,0,0,1,1,6,6,3,30,6,1598,1,17,VAUXHALL ASTRA,-1,-1,0,-1
2021041147276,2021,041147276,1,9,0,5,5,1,5,0,0,0,0,0,0,0,1,1,6,6,1,27,6,1686,2,8,VAUXHALL ASTRA,3,E01024866,0,-1
2021061144824,2021,061144824,2,9,0,4,4,1,1,0,0,1,0,0,0,0,1,1,6,6,2,39,7,1364,1,13,VAUXHALL ASTRA,7,E01005983,0,-1
2021546557521,2021,546557521,2,9,0,18,19,8,4,0,0,1,0,0,0,0,1,1,6,6,1,41,7,1598,1,21,VAUXHALL ASTRA,6,E01032011,0,-1
2021010288396,2021,010288396,2,9,0,99,99,9,9,99,99,9,9,99,9,99,1,9,6,6,1,24,5,1598,1,16,VAUXHALL ASTRA,4,E01002224,0,-1
2021141016111,2021,141016111,1,9,0,18,19,0,0,0,0,0,0,0,0,0,2,1,6,6,1,24,5,1248,2,9,VAUXHALL ASTRA,3,E01007351,0,-1
2021451117752,2021,451117752,1,9,0,4,4,1,5,0,0,0,0,0,0,0,1,1,3,7,1,49,8,1598,2,7,VAUXHALL ASTRA,8,E01030390,0,-1
2021010296044,2021,010296044,3,9,0,4,4,3,7,0,0,1,0,0,0,0,0,1,1,1,2,28,6,1399,1,2,VAUXHALL ASTRA,7,E01000877,0,-1
2021010307355,2021,010307355,1,9,0,7,7,3,5,0,0,1,0,8,0,0,1,1,2,2,2,76,11,1598,1,12,VAUXHALL ASTRA,7,E01000909,0,-1
2021010345718,2021,010345718,2,9,0,99,99,9,9,99,99,9,9,99,9,99,1,9,6,6,3,21,5,1796,1,15,VAUXHALL ASTRA,3,E01003617,0,-1
2021430321485,2021,430321485,2,9,0,18,19,8,4,0,0,1,0,0,0,0,1,1,6,6,2,30,6,1686,2,12,VAUXHALL ASTRA,-1,-1,0,-1
2021221096816,2021,221096816,2,9,0,18,19,1,5,0,0,0,0,0,7,0,1,1,5,6,2,77,11,999,1,5,VAUXHALL ASTRA,9,E01029009,0,-1
2021401121927,2021,401121927,2,9,0,4,4,2,6,0,0,0,0,0,0,0,1,1,6,6,1,58,9,1364,1,5,VAUXHALL ASTRA,3,E01017514,0,-1
2021211046615,2021,211046615,1,9,0,4,4,4,5,0,0,8,0,0,0,0,1,1,1,1,1,30,6,1686,2,15,VAUXHALL ASTRA,9,E01029848,0,-1
2021010340311,2021,010340311,1,9,0,18,19,5,1,0,0,8,5,0,0,0,1,1,6,6,1,54,8,1598,1,6,VAUXHALL ASTRA,-1,-1,0,-1
2021041030673,2021,041030673,2,9,0,18,19,5,4,0,0,1,0,0,0,0,1,1,1,1,1,32,6,1910,2,14,VAUXHALL ASTRA,2,E01025305,0,-1
2021991074706,2021,991074706,1,9,0,4,4,8,4,0,0,8,1,0,0,0,2,1,5,6,1,21,5,999,1,5,VAUXHALL ASTRA,7,-1,0,-1
2021451050403,2021,451050403,1,9,0,16,19,3,7,0,0,4,0,0,0,0,2,1,5,6,2,68,10,999,1,5,VAUXHALL ASTRA,9,E01000266,0,-1
2021430421057,2021,430421057,1,9,0,18,19,6,2,0,0,8,0,0,0,0,0,1,1,1,1,50,8,1598,2,3,VAUXHALL ASTRA,7,E01033500,0,-1
2021421109857,2021,421109857,2,9,0,7,7,1,3,0,0,1,0,0,0,0,0,1,1,1,1,38,7,1598,2,4,VAUXHALL ASTRA,-1,-1,0,-1
202134WNC2341,2021,34WNC2341,1,9,0,18,19,2,6,0,0,0,0,0,0,0,1,1,3,7,1,33,6,1398,1,9,VAUXHALL ASTRA,10,E01027205,0,-1
2021320647058,2021,320647058,1,9,0,18,19,5,1,0,0,8,0,0,3,10,1,1,6,6,1,57,9,1686,2,10,VAUXHALL ASTRA,4,E01026009,0,-1
2021052100507,2021,052100507,1,9,0,18,19,2,6,0,0,1,0,0,0,0,4,1,6,6,1,23,5,1598,1,9,VAUXHALL ASTRA,5,E01006337,0,-1
2021010323797,2021,010323797,2,9,0,99,99,9,9,99,99,9,9,99,9,99,1,9,6,6,3,-1,-1,1362,1,9,VAUXHALL ASTRA,-1,-1,0,-1
2021131040519,2021,131040519,1,9,0,18,19,3,7,0,0,8,0,0,0,0,1,1,5,6,2,26,6,1598,1,17,VAUXHALL ASTRA,8,E01011185,0,-1
2021010334118,2021,010334118,2,9,9,99,99,9,9,99,99,9,9,99,9,99,9,9,6,6,3,-1,-1,1796,1,13,VAUXHALL ASTRA,3,E01004200,0,-1
2021010297230,2021,010297230,2,9,0,9,9,1,7,0,0,1,0,0,0,0,1,1,6,6,1,23,5,1796,1,16,VAUXHALL ASTRA,6,E01004497,0,-1
20211381C0312,2021,1381C0312,2,9,0,18,19,8,4,0,0,0,0,0,0,0,1,1,6,6,1,28,6,1910,2,14,VAUXHALL ASTRA,-1,-1,0,-1
2021471088029,2021,471088029,1,9,0,5,5,5,1,0,0,8,0,0,0,0,1,1,5,6,1,35,6,1398,1,9,VAUXHALL ASTRA,8,E01028715,0,-1
2021041083995,2021,041083995,2,9,0,4,4,4,2,0,0,0,0,0,0,0,2,1,5,6,1,60,9,1598,1,12,VAUXHALL ASTRA,1,E01025260,0,-1
2021221105553,2021,221105553,1,9,0,18,19,7,3,0,0,0,0,0,0,0,1,1,2,2,2,58,9,1598,1,16,VAUXHALL ASTRA,6,E01032350,0,-1
2021052101271,2021,052101271,1,9,0,9,9,2,8,0,0,5,0,0,0,0,1,1,6,6,1,28,6,1598,1,8,VAUXHALL ASTRA,1,E01006548,0,-1
2021440146381,2021,440146381,1,9,0,17,19,8,4,0,0,0,1,0,7,4,1,1,6,6,1,49,8,1796,1,15,VAUXHALL ASTRA,9,E01015419,0,-1
2021451118891,2021,451118891,2,9,0,18,19,8,4,0,0,1,0,0,0,0,1,1,6,6,1,64,9,1598,1,22,VAUXHALL ASTRA,6,E01030300,0,-1
2021052100109,2021,052100109,1,9,0,18,19,5,1,0,0,0,5,0,0,0,1,1,2,2,1,29,6,1398,1,7,VAUXHALL ASTRA,4,E01006466,0,-1
2021010343026,2021,010343026,1,9,0,99,99,9,9,99,99,9,9,99,9,99,2,9,6,6,1,28,6,1399,1,5,VAUXHALL ASTRA,4,E01003212,0,-1
2021061040865,2021,061040865,1,9,0,18,19,1,5,0,0,8,0,0,0,0,1,1,6,6,2,25,5,1398,1,11,VAUXHALL ASTRA,8,E01005858,0,-1
2021991050085,2021,991050085,1,9,0,18,19,4,8,0,0,0,0,0,0,0,1,1,5,6,1,35,6,1399,1,2,VAUXHALL ASTRA,5,-1,0,-1
2021138261702,2021,138261702,1,9,0,18,19,4,8,0,0,0,2,10,2,4,1,1,6,6,1,42,7,1998,1,14,VAUXHALL ASTRA,8,E01011536,0,-1
2021351014412,2021,351014412,1,9,0,11,11,3,7,0,0,3,0,10,4,0,1,1,6,6,1,27,6,1199,1,1,VAUXHALL ASTRA,8,E01026342,0,-1
2021371043580,2021,371043580,1,9,0,18,19,8,4,0,0,1,0,0,0,0,1,1,5,6,1,21,5,1598,1,13,VAUXHALL ASTRA,2,E01030246,0,-1
2021101046359,2021,101046359,2,9,0,3,3,2,6,0,0,1,0,0,0,0,2,1,6,6,1,51,8,1598,2,5,VAUXHALL ASTRA,8,E01020725,0,-1
2021010320699,2021,010320699,1,9,0,18,19,1,5,0,0,2,0,0,0,0,1,1,1,1,1,32,6,999,1,4,VAUXHALL ASTRA,-1,-1,0,-1
2021991042559,2021,991042559,1,9,0,15,15,7,3,0,0,0,0,0,0,0,1,1,6,6,1,53,8,1796,1,14,VAUXHALL ASTRA,1,-1,0,-1
2021131113420,2021,131113420,1,9,0,18,19,1,1,0,0,0,0,0,0,0,1,1,6,6,2,23,5,1686,2,8,VAUXHALL ASTRA,1,E01033691,0,-1
2021010304169,2021,010304169,1,9,9,99,99,9,9,0,0,9,9,0,0,0,3,9,6,6,2,29,6,1796,1,16,VAUXHALL ASTRA,3,E01000578,0,-1
2021991079483,2021,991079483,1,9,0,18,19,4,7,0,0,1,0,0,0,0,1,1,6,6,1,45,7,1364,1,12,VAUXHALL ASTRA,1,-1,0,-1
2021461042009,2021,461042009,1,9,0,18,19,7,3,0,0,0,0,0,0,0,1,1,5,6,1,34,6,1364,1,12,VAUXHALL ASTRA,5,E01024194,0,-1
2021361069447,2021,361069447,2,9,0,18,19,4,3,0,0,0,0,0,0,0,1,1,5,6,2,49,8,1796,1,14,VAUXHALL ASTRA,4,E01026728,0,-1
2021421103596,2021,421103596,1,9,0,6,6,7,6,0,0,0,0,0,0,0,2,1,1,1,1,20,4,1598,2,2,VAUXHALL ASTRA,7,E01021657,0,-1
2021421119903,2021,421119903,1,9,0,18,19,1,5,0,0,0,1,0,1,0,4,1,1,1,1,29,6,1598,2,3,VAUXHALL ASTRA,3,E01015956,0,-1
202131D195421,2021,31D195421,1,9,0,7,7,8,2,0,0,5,0,0,0,0,4,1,6,6,1,23,5,1598,1,8,VAUXHALL ASTRA,8,E01028119,0,-1
2021201029283,2021,201029283,1,9,0,9,9,2,8,0,0,8,0,0,0,0,1,1,6,6,1,41,7,1364,1,16,VAUXHALL ASTRA,1,E01009379,0,-1
2021401090171,2021,401090171,1,9,0,4,4,5,1,0,0,4,0,0,0,0,1,1,5,6,2,44,7,1248,2,14,VAUXHALL ASTRA,5,E01015768,0,-1
2021471054951,2021,471054951,1,9,0,16,19,6,1,0,0,0,0,4,0,0,1,1,5,6,1,92,11,1389,1,26,VAUXHALL ASTRA,10,E01031729,0,-1
2021540739121,2021,540739121,2,9,0,3,3,6,2,0,0,1,0,0,0,0,2,1,6,6,1,35,6,1686,2,11,VAUXHALL ASTRA,6,E01015579,0,-1
2021111112544,2021,111112544,2,9,0,18,19,1,6,0,0,1,1,0,0,0,1,1,5,6,1,42,7,1686,2,9,VAUXHALL ASTRA,1,E01020673,0,-1
2021351118830,2021,351118830,2,19,0,18,19,-1,-1,0,0,0,0,0,0,0,2,1,6,6,1,55,8,1686,2,18,VAUXHALL ASTRA,3,E01018072,0,-1
2021161037898,2021,161037898,2,9,0,18,19,6,1,0,0,8,0,0,0,0,4,1,1,1,1,30,6,1686,2,8,VAUXHALL ASTRA,1,E01013221,0,-1
2021991027882,2021,991027882,1,9,0,2,2,0,0,0,0,8,0,0,0,0,4,1,5,6,1,51,8,1956,2,10,VAUXHALL ASTRA,6,-1,0,-1
2021131098809,2021,131098809,1,9,0,9,9,1,5,0,0,1,0,0,0,0,1,1,3,7,1,73,10,1399,1,4,VAUXHALL ASTRA,10,E01011461,0,-1
2021161093976,2021,161093976,1,9,0,18,19,1,5,0,0,3,0,10,1,11,1,1,6,6,1,25,5,1598,1,13,VAUXHALL ASTRA,2,E01007491,0,-1
2021161117835,2021,161117835,2,9,0,9,9,5,1,0,0,1,0,0,0,0,1,1,6,6,1,-1,-1,1598,1,13,VAUXHALL ASTRA,1,E01012876,0,-1
2021421056411,2021,421056411,1,9,0,18,19,7,3,0,0,0,0,0,0,0,4,1,6,6,1,-1,-1,1796,1,14,VAUXHALL ASTRA,-1,-1,0,-1
2021052101899,2021,052101899,1,9,0,16,19,5,1,0,0,0,1,0,0,0,3,1,6,6,1,44,7,1399,1,3,VAUXHALL ASTRA,4,E01007114,0,-1
2021010311263,2021,010311263,2,9,0,99,99,9,9,99,99,9,9,99,9,99,2,9,6,6,3,50,8,1364,1,14,VAUXHALL ASTRA,4,E01003077,0,-1
2021010341568,2021,010341568,1,9,0,3,3,6,2,0,0,0,0,4,0,0,3,1,6,6,1,27,6,1796,1,13,VAUXHALL ASTRA,2,E01003490,0,-1
2021010348378,2021,010348378,2,9,0,99,99,9,9,99,99,9,9,99,9,99,1,9,6,6,3,-1,-1,1796,1,13,VAUXHALL ASTRA,3,E01003583,0,-1
2021501113656,2021,501113656,2,9,0,18,19,2,6,0,0,1,1,0,0,0,1,1,6,6,2,22,5,1598,1,7,VAUXHALL ASTRA,7,E01019948,0,-1
2021221109389,2021,221109389,2,9,0,18,19,8,4,0,0,2,0,0,0,0,1,1,2,2,1,27,6,1364,1,15,VAUXHALL ASTRA,3,E01014139,0,-1
2021221097045,2021,221097045,1,9,0,18,19,5,1,0,0,0,0,0,0,0,1,1,6,6,2,53,8,1364,1,14,VAUXHALL ASTRA,5,E01014051,0,-1
202131P032721,2021,31P032721,1,9,0,18,19,2,8,0,0,0,0,0,5,6,3,1,6,6,1,56,9,1598,1,14,VAUXHALL ASTRA,3,E01019856,0,-1
2021010331281,2021,010331281,1,9,0,18,19,1,5,0,0,1,0,0,0,0,1,1,2,2,2,30,6,1598,1,6,VAUXHALL ASTRA,1,E01002713,0,-1
2021461099171,2021,461099171,1,9,0,18,19,1,5,0,0,0,0,0,0,0,1,1,5,6,1,23,5,1998,1,13,VAUXHALL ASTRA,2,E01024214,0,-1
2021010337875,2021,010337875,1,9,0,9,9,1,7,0,0,6,0,0,1,0,1,9,6,6,1,51,8,1598,1,12,VAUXHALL ASTRA,-1,-1,0,-1
2021991019622,2021,991019622,1,9,0,9,9,4,2,0,0,6,0,0,0,0,1,1,1,1,1,51,8,1956,2,8,VAUXHALL ASTRA,1,-1,0,-1
2021401076653,2021,401076653,4,9,0,2,2,0,0,9,9,0,0,0,0,0,4,1,6,6,3,-1,-1,1399,1,2,VAUXHALL ASTRA,-1,-1,0,-1
2021401051839,2021,401051839,1,9,0,7,7,8,2,0,0,6,0,0,0,0,1,1,6,6,1,20,4,1598,1,11,VAUXHALL ASTRA,4,E01017600,0,-1
2021401091511,2021,401091511,1,9,0,18,19,8,3,0,0,1,0,0,0,0,1,1,2,2,1,30,6,1598,1,20,VAUXHALL ASTRA,3,E01023873,0,-1
2021320408855,2021,320408855,4,9,0,18,19,1,5,0,0,0,0,0,1,0,1,1,2,2,1,39,7,-1,-1,-1,VAUXHALL ASTRA,4,E01026389,0,-1
2021440317706,2021,440317706,1,9,0,3,3,4,6,0,0,1,0,0,0,0,1,1,6,6,1,77,11,1598,1,13,VAUXHALL ASTRA,-1,-1,0,-1
2021201116202,2021,201116202,2,9,0,3,3,4,8,0,0,1,0,0,0,0,2,1,1,1,1,38,7,999,1,2,VAUXHALL ASTRA,4,E01009460,0,-1
2021041044868,2021,041044868,1,9,0,18,19,3,7,0,0,8,0,0,0,0,3,1,5,6,2,37,7,1598,1,14,VAUXHALL ASTRA,5,E01012700,0,-1
2021552101246,2021,552101246,1,9,0,5,5,7,3,0,0,6,0,0,0,0,4,1,6,6,1,53,8,1998,1,8,VAUXHALL ASTRA,7,E01015450,0,-1
2021991023212,2021,991023212,1,9,0,7,7,6,5,0,0,8,0,0,0,0,1,1,5,6,1,33,6,1686,2,9,VAUXHALL ASTRA,3,-1,0,-1
2021461060126,2021,461060126,1,9,0,18,19,2,6,0,0,1,0,4,0,0,1,1,5,6,2,42,7,1796,1,17,VAUXHALL ASTRA,7,E01024101,0,-1
2021461032139,2021,461032139,2,9,0,18,19,5,8,0,0,0,0,0,0,0,0,1,1,1,1,22,5,1598,2,2,VAUXHALL ASTRA,2,E01033090,0,-1
2021430137960,2021,430137960,1,9,0,18,19,5,1,0,0,4,0,0,0,0,1,1,6,6,1,20,4,1399,1,2,VAUXHALL ASTRA,10,E01016410,0,-1
2021991107404,2021,991107404,4,9,0,4,4,6,3,0,0,1,0,0,0,0,2,1,2,2,1,24,5,1399,1,3,VAUXHALL ASTRA,8,-1,0,-1
2021201117066,2021,201117066,2,9,0,3,3,1,5,0,0,8,0,0,0,0,3,1,6,6,2,87,11,1598,1,20,VAUXHALL ASTRA,10,E01009457,0,-1
2021501028761,2021,501028761,4,9,0,2,2,0,0,0,0,0,0,0,0,0,3,1,5,6,1,65,9,1796,1,12,VAUXHALL ASTRA,1,E01015087,0,-1
2021010302382,2021,010302382,2,9,0,18,19,7,3,0,0,1,0,0,0,0,1,1,2,2,1,32,6,1796,1,14,VAUXHALL ASTRA,10,E01021447,0,-1
2021010296375,2021,010296375,4,9,0,2,2,0,0,0,0,1,0,0,0,0,0,1,6,6,3,-1,-1,1796,1,17,VAUXHALL ASTRA,-1,-1,0,-1
2021041034869,2021,041034869,2,9,0,18,19,2,4,0,0,1,0,0,0,0,1,1,5,6,2,55,8,1399,1,5,VAUXHALL ASTRA,8,E01025233,0,-1
2021141016561,2021,141016561,1,9,0,9,9,4,2,0,0,2,0,0,0,0,2,1,6,6,2,29,6,1796,1,11,VAUXHALL ASTRA,7,E01007582,0,-1
2021010312694,2021,010312694,1,9,0,6,6,5,5,0,0,0,0,0,0,0,3,1,3,7,1,48,8,1399,1,3,VAUXHALL ASTRA,9,E01024438,0,-1
2021131078890,2021,131078890,1,9,0,18,19,5,1,0,0,0,0,0,0,0,3,1,5,6,1,31,6,1362,1,8,VAUXHALL ASTRA,7,E01010908,0,-1
2021991063400,2021,991063400,2,9,0,18,19,5,1,0,0,8,0,0,0,0,1,1,6,6,1,47,8,1956,2,9,VAUXHALL ASTRA,5,-1,0,-1
2021552100465,2021,552100465,1,9,0,18,19,8,4,0,0,8,0,0,0,0,1,1,6,6,2,42,7,1796,1,13,VAUXHALL ASTRA,3,E01015308,0,-1
202134WNC2251,2021,34WNC2251,1,9,0,5,5,7,3,0,0,6,0,0,0,0,1,1,6,6,2,33,6,1956,2,7,VAUXHALL ASTRA,3,E01027191,0,-1
2021231108425,2021,231108425,2,9,0,13,13,6,2,0,0,0,0,0,0,0,2,1,5,6,1,59,9,1399,1,4,VAUXHALL ASTRA,7,E01032253,0,-1
2021010348365,2021,010348365,1,9,0,18,19,3,7,0,0,1,0,7,0,0,1,1,6,6,1,18,4,1364,1,7,VAUXHALL ASTRA,3,E01003405,0,-1
2021010309195,2021,010309195,1,9,0,99,99,9,9,99,99,9,9,99,9,99,2,9,6,6,1,44,7,1364,1,12,VAUXHALL ASTRA,2,E01004423,0,-1
2021010345888,2021,010345888,2,9,0,9,9,8,6,0,0,6,0,0,0,0,4,1,6,6,2,30,6,1598,1,16,VAUXHALL ASTRA,10,E01030407,0,-1
2021221099151,2021,221099151,1,9,0,9,9,7,4,0,0,6,0,0,0,0,1,1,5,6,1,53,8,1686,2,7,VAUXHALL ASTRA,1,E01032318,0,-1
2021991108012,2021,991108012,1,9,0,17,19,5,1,0,0,0,0,0,1,0,1,1,5,6,2,33,6,1686,2,13,VAUXHALL ASTRA,4,-1,0,-1
2021061079821,2021,061079821,1,9,0,17,19,7,3,0,0,1,0,0,0,0,1,1,6,6,1,41,7,-1,-1,-1,VAUXHALL ASTRA,1,E01005513,0,-1
2021010317860,2021,010317860,2,9,0,99,99,9,9,0,0,0,0,0,0,0,1,1,6,6,1,24,5,1399,1,4,VAUXHALL ASTRA,1,E01033585,0,-1
2021010329116,2021,010329116,1,9,0,9,9,3,1,0,0,1,0,0,0,0,1,1,6,6,1,30,6,1598,1,11,VAUXHALL ASTRA,3,E01001262,0,-1
2021101102766,2021,101102766,2,9,0,3,3,4,1,0,0,0,0,0,0,0,3,1,6,6,2,59,9,1398,1,7,VAUXHALL ASTRA,6,E01008539,0,-1
2021520105000,2021,520105000,1,9,0,17,19,8,4,0,0,1,5,0,1,10,4,1,6,6,1,35,6,1364,1,13,VAUXHALL ASTRA,3,E01029339,0,-1
2021010307110,2021,010307110,3,9,0,2,2,0,0,0,0,2,0,0,0,0,2,1,6,6,3,-1,-1,1248,2,11,VAUXHALL ASTRA,-1,-1,0,-1
2021421113637,2021,421113637,2,9,0,18,19,1,5,0,0,8,0,0,0,0,4,1,6,6,1,27,6,1598,1,11,VAUXHALL ASTRA,2,E01021327,0,-1
2021010304221,2021,010304221,1,9,0,9,9,1,6,0,0,6,0,0,0,0,1,2,6,6,1,28,6,1598,2,4,VAUXHALL ASTRA,3,E01033132,0,-1
2021320524802,2021,320524802,1,9,0,7,7,8,4,0,0,8,0,0,0,0,2,1,6,6,2,56,9,999,1,4,VAUXHALL ASTRA,7,E01026185,0,-1
2021201142534,2021,201142534,2,9,0,18,19,4,8,0,0,8,0,0,0,0,1,1,6,6,3,36,7,1364,1,14,VAUXHALL ASTRA,2,E01009935,0,-1
2021201028785,2021,201028785,1,9,0,18,19,8,4,0,0,1,0,0,0,0,1,1,6,6,3,-1,-1,1796,1,12,VAUXHALL ASTRA,-1,-1,0,-1
2021010308268,2021,010308268,2,9,0,9,9,5,3,0,0,6,0,0,0,0,1,1,6,6,1,53,8,1598,1,17,VAUXHALL ASTRA,4,E01002594,0,-1
2021141081289,2021,141081289,2,9,0,18,19,8,4,0,0,8,0,0,0,0,4,1,5,6,1,46,8,1598,1,15,VAUXHALL ASTRA,7,E01007400,0,-1
2021010345238,2021,010345238,1,9,0,99,99,9,9,99,99,0,9,99,9,99,1,9,6,6,1,21,5,1364,1,14,VAUXHALL ASTRA,2,E01002969,0,-1
2021302100895,2021,302100895,2,8,0,5,5,2,6,0,0,4,0,0,0,0,1,1,1,1,1,60,9,1598,2,6,VAUXHALL ASTRA,9,E01019409,0,-1
2021161082986,2021,161082986,3,9,0,17,19,1,5,0,0,0,0,0,0,0,0,1,1,1,1,25,5,1686,2,7,VAUXHALL ASTRA,1,E01013221,0,-1
2021010329870,2021,010329870,2,9,0,18,19,5,1,0,0,4,0,0,0,0,1,1,6,6,1,50,8,1686,2,9,VAUXHALL ASTRA,3,E01024481,0,-1
2021010315351,2021,010315351,1,9,0,99,99,9,9,99,99,9,9,99,9,99,2,9,6,6,2,40,7,1598,1,9,VAUXHALL ASTRA,2,E01001555,0,-1
2021501111819,2021,501111819,2,9,0,4,4,3,7,0,0,3,0,0,0,0,2,1,5,6,1,30,6,1998,1,15,VAUXHALL ASTRA,5,E01020308,0,-1
2021421025333,2021,421025333,1,9,0,16,19,3,6,0,0,0,1,0,0,0,1,1,2,2,1,22,5,1796,1,14,VAUXHALL ASTRA,3,E01021840,0,-1
2021041127806,2021,041127806,1,9,0,5,5,5,1,0,0,0,0,0,0,0,1,1,6,6,1,62,9,1796,1,14,VAUXHALL ASTRA,3,E01012750,0,-1
2021141015078,2021,141015078,2,9,0,4,4,5,1,0,0,1,0,0,0,0,2,1,2,2,1,39,7,-1,-1,-1,VAUXHALL ASTRA,9,E01028222,0,-1
202131A186621,2021,31A186621,1,9,0,9,9,5,3,0,0,4,0,0,0,0,1,1,6,6,1,21,5,1956,2,7,VAUXHALL ASTRA,1,E01028301,0,-1
2021401138549,2021,401138549,2,9,0,2,2,0,0,0,0,0,0,0,0,0,2,1,5,6,1,-1,-1,1598,2,2,VAUXHALL ASTRA,-1,-1,0,-1
202134WNC5081,2021,34WNC5081,1,9,0,18,19,3,7,0,0,8,0,0,0,0,1,1,6,6,2,34,6,1598,1,19,VAUXHALL ASTRA,3,E01027188,0,-1
2021041038646,2021,041038646,1,19,0,2,2,8,4,9,9,0,0,0,0,0,2,1,1,1,1,-1,-1,1248,2,13,VAUXHALL ASTRA,-1,-1,0,-1
2021111022992,2021,111022992,2,9,0,3,3,3,7,0,0,1,0,0,0,0,2,1,5,6,2,61,9,1598,2,4,VAUXHALL ASTRA,9,E01008863,0,-1
2021302101398,2021,302101398,1,9,0,5,5,0,0,0,0,0,0,0,0,0,1,1,6,6,1,17,4,1364,1,14,VAUXHALL ASTRA,9,E01007749,0,-1
202106K079841,2021,06K079841,1,9,0,9,9,4,8,0,0,1,0,0,0,0,4,1,6,6,1,58,9,1398,1,8,VAUXHALL ASTRA,3,E01005512,0,-1
2021041019718,2021,041019718,1,9,0,9,9,1,5,0,0,2,0,0,0,0,1,1,6,6,2,-1,-1,1598,1,9,VAUXHALL ASTRA,10,E01025403,0,-1
2021471028628,2021,471028628,1,9,0,18,19,3,7,0,0,2,0,0,0,0,1,1,2,2,2,46,8,1686,2,11,VAUXHALL ASTRA,4,E01016977,0,-1
2021991015480,2021,991015480,1,9,0,8,8,1,3,0,0,1,0,0,0,0,1,1,6,6,1,44,7,1796,1,11,VAUXHALL ASTRA,1,-1,0,-1
2021430404712,2021,430404712,2,9,0,9,9,4,2,0,0,8,0,0,0,0,1,1,6,6,1,42,7,1598,1,12,VAUXHALL ASTRA,2,E01016839,0,-1
2021010348910,2021,010348910,1,9,0,10,10,3,1,0,0,2,0,0,0,0,1,1,6,6,1,73,10,1686,2,15,VAUXHALL ASTRA,3,E01002283,0,-1
2021010294768,2021,010294768,3,9,0,18,19,1,5,0,0,8,0,0,0,0,0,1,1,1,1,-1,-1,1598,2,5,VAUXHALL ASTRA,2,E01003092,0,-1
202134WNC2671,2021,34WNC2671,1,9,0,1,1,0,0,0,0,0,0,0,0,0,2,1,6,6,1,-1,-1,1598,2,5,VAUXHALL ASTRA,7,E01027204,0,-1
2021471126650,2021,471126650,2,9,0,18,19,4,8,0,0,0,1,0,0,0,3,1,5,6,2,60,9,1598,1,6,VAUXHALL ASTRA,-1,-1,0,-1
2021031138545,2021,031138545,1,9,0,18,19,5,1,0,0,0,0,7,7,0,1,1,5,6,1,77,11,1399,1,5,VAUXHALL ASTRA,6,E01019346,0,-1
2021430219013,2021,430219013,2,9,0,18,19,4,8,0,0,0,0,0,0,0,1,1,6,6,1,-1,-1,1598,1,6,VAUXHALL ASTRA,5,E01016369,0,-1
2021010343689,2021,010343689,1,9,0,99,99,9,9,99,99,9,9,99,9,99,9,9,6,6,1,28,6,1956,2,10,VAUXHALL ASTRA,6,E01023600,0,-1
2021552100106,2021,552100106,1,9,0,7,7,3,5,0,0,6,0,0,0,0,1,1,2,2,2,38,7,1398,1,8,VAUXHALL ASTRA,2,E01015341,0,-1
2021501072473,2021,501072473,2,9,0,18,19,5,1,0,0,0,0,0,0,0,0,1,1,1,1,29,6,1496,2,1,VAUXHALL ASTRA,-1,-1,0,-1
2021141027035,2021,141027035,1,9,0,18,19,1,5,0,0,0,0,0,0,0,2,1,5,6,2,36,7,1598,2,5,VAUXHALL ASTRA,1,E01007629,0,-1
2021302101769,2021,302101769,2,9,0,18,19,2,6,0,0,8,0,0,0,0,3,1,1,1,1,33,6,1956,2,7,VAUXHALL ASTRA,-1,-1,0,-1
2021421078330,2021,421078330,2,9,0,5,5,5,1,0,0,1,0,0,0,0,1,1,1,1,2,21,5,1598,2,5,VAUXHALL ASTRA,1,E01015895,0,-1