collision_index,collision_year,collision_ref_no,vehicle_reference,vehicle_type,towing_and_articulation,vehicle_manoeuvre_historic,vehicle_manoeuvre,vehicle_direction_from,vehicle_direction_to,vehicle_location_restricted_lane_historic,vehicle_location_restricted_lane,junction_location,skidding_and_overturning,hit_object_in_carriageway,vehicle_leaving_carriageway,hit_object_off_carriageway,first_point_of_impact,vehicle_left_hand_drive,journey_purpose_of_driver_historic,journey_purpose_of_driver,sex_of_driver,age_of_driver,age_band_of_driver,engine_capacity_cc,propulsion_code,age_of_vehicle,generic_make_model,driver_imd_decile,lsoa_of_driver,escooter_flag,driver_distance_banding
2021471030698,2021,471030698,1,9,0,1,1,7,5,0,0,6,0,0,0,0,0,1,6,6,1,27,6,1389,1,18,VAUXHALL ASTRA,2,E01016944,0,-1
2021201132960,2021,201132960,1,9,0,18,19,1,5,0,0,0,0,4,1,3,1,1,6,6,1,33,6,1598,1,7,VAUXHALL ASTRA,1,E01009570,0,-1
2021141087725,2021,141087725,3,9,0,18,19,1,5,0,0,1,0,0,0,0,1,1,6,6,2,41,7,1399,1,5,VAUXHALL ASTRA,3,E01007490,0,-1
2021351066237,2021,351066237,1,9,-1,10,10,4,3,0,0,1,0,0,0,0,2,1,5,6,2,38,7,1364,1,16,VAUXHALL ASTRA,4,E01015622,0,-1
2021440013197,2021,440013197,2,19,0,5,5,8,3,0,0,8,0,0,0,0,1,1,6,6,1,70,10,1686,2,9,VAUXHALL ASTRA,6,E01032884,0,-1
2021010320552,2021,010320552,3,9,0,10,10,3,8,0,0,1,0,0,0,0,1,1,6,6,2,49,8,1796,1,15,VAUXHALL ASTRA,4,E01001185,0,-1
2021061053966,2021,061053966,3,9,0,3,3,7,3,0,0,0,0,0,0,0,2,1,2,2,1,30,6,1598,2,5,VAUXHALL ASTRA,1,E01005197,0,-1
2021010292817,2021,010292817,1,9,0,18,19,3,1,0,0,0,0,0,0,0,1,1,2,2,1,40,7,1399,1,3,VAUXHALL ASTRA,4,E01024162,0,-1
2021501049613,2021,501049613,1,9,0,9,9,6,4,0,0,8,0,0,0,0,0,1,1,1,1,74,10,1686,2,7,VAUXHALL ASTRA,2,E01020018,0,-1
2021522104251,2021,522104251,1,9,0,18,19,2,6,0,0,0,0,0,1,4,1,1,6,6,2,24,5,1598,1,14,VAUXHALL ASTRA,4,E01032936,0,-1
2021421062134,2021,421062134,2,9,0,8,8,3,5,0,0,0,0,0,0,0,4,1,6,6,1,31,6,1686,2,19,VAUXHALL ASTRA,3,E01021588,0,-1
2021010310015,2021,010310015,2,9,0,99,99,9,9,99,99,9,9,99,9,99,9,9,6,6,3,-1,-1,1796,1,13,VAUXHALL ASTRA,-1,-1,0,-1
2021061070993,2021,061070993,2,9,0,4,4,5,1,0,0,1,0,0,0,0,2,1,6,6,1,30,6,1598,1,14,VAUXHALL ASTRA,-1,-1,0,-1
2021141026193,2021,141026193,1,9,0,5,5,8,4,0,0,2,0,0,0,0,1,1,5,6,2,43,7,1598,2,5,VAUXHALL ASTRA,1,E01008055,0,-1
2021010296111,2021,010296111,3,9,0,4,4,3,7,0,0,0,0,0,0,0,0,1,2,2,1,44,7,1341,1,1,VAUXHALL ASTRA,6,E01001065,0,-1
2021010314560,2021,010314560,1,9,0,5,5,3,7,0,0,1,0,0,0,0,4,1,6,6,2,30,6,1598,2,6,VAUXHALL ASTRA,5,E01000071,0,-1
2021201083472,2021,201083472,2,9,0,18,19,8,4,0,0,8,0,0,0,0,1,1,2,2,1,28,6,1598,2,6,VAUXHALL ASTRA,7,E01009643,0,-1
2021471094724,2021,471094724,1,19,0,7,7,5,8,0,0,8,0,0,0,0,1,1,5,6,1,-1,-1,1248,2,14,VAUXHALL ASTRA,-1,-1,0,-1
2021991066666,2021,991066666,1,9,0,18,19,2,5,0,0,0,1,0,0,0,1,1,1,1,1,37,7,1686,2,11,VAUXHALL ASTRA,2,-1,0,-1
202154C031321,2021,54C031321,2,9,0,18,19,8,4,0,0,0,0,0,1,0,3,1,6,6,2,50,8,1598,2,6,VAUXHALL ASTRA,8,E01032110,0,-1
202131D047421,2021,31D047421,1,9,0,5,5,2,6,0,0,1,0,0,0,0,4,1,2,2,1,55,8,1598,1,12,VAUXHALL ASTRA,5,E01013913,0,-1
2021010341179,2021,010341179,1,9,0,99,99,9,9,99,99,9,9,99,9,99,1,9,6,6,3,-1,-1,1362,1,9,VAUXHALL ASTRA,4,E01001476,0,-1
2021161125923,2021,161125923,2,9,0,18,19,7,3,0,0,1,0,0,0,0,4,1,5,6,2,50,8,1398,1,9,VAUXHALL ASTRA,1,E01012805,0,-1
2021622100784,2021,622100784,3,9,0,2,2,0,0,0,0,2,0,0,0,0,3,1,6,6,3,-1,-1,1598,1,13,VAUXHALL ASTRA,-1,-1,0,-1
2021201144722,2021,201144722,2,9,0,2,2,5,1,9,9,0,0,0,0,0,1,1,6,6,1,42,7,1598,1,12,VAUXHALL ASTRA,4,E01009119,0,-1
2021461019442,2021,461019442,3,9,0,4,4,0,0,0,0,0,0,0,0,0,2,1,6,6,1,31,6,1248,2,15,VAUXHALL ASTRA,3,E01024218,0,-1
2021471054856,2021,471054856,1,9,0,3,3,5,8,0,0,3,0,0,0,0,-1,1,6,6,2,59,9,1956,2,10,VAUXHALL ASTRA,4,E01031550,0,-1
2021991095169,2021,991095169,1,9,0,17,19,6,2,0,0,0,1,0,0,0,3,1,5,6,1,25,5,1796,1,13,VAUXHALL ASTRA,2,-1,0,-1
2021371127273,2021,371127273,2,9,0,18,19,1,5,0,0,8,0,0,0,0,4,1,5,6,2,32,6,1956,2,10,VAUXHALL ASTRA,10,E01030104,0,-1
2021010345304,2021,010345304,2,9,0,3,3,3,7,0,0,2,0,0,0,0,1,1,1,1,1,38,7,1341,1,0,VAUXHALL ASTRA,1,E01003047,0,-1
20211382O1197,2021,1382O1197,1,9,0,5,5,2,6,0,0,1,0,0,0,0,3,1,6,6,1,27,6,1399,1,4,VAUXHALL ASTRA,1,E01011357,0,-1
2021010299349,2021,010299349,1,9,0,2,2,0,0,0,0,1,0,0,0,0,3,1,6,6,3,-1,-1,1399,1,5,VAUXHALL ASTRA,-1,-1,0,-1
2021302100575,2021,302100575,1,9,0,18,19,6,2,0,0,0,0,0,7,11,1,1,6,6,1,85,11,1598,1,12,VAUXHALL ASTRA,8,E01019781,0,-1
202134WNC2781,2021,34WNC2781,1,9,0,7,7,3,5,0,0,6,0,0,0,0,1,1,6,6,2,32,6,1248,2,13,VAUXHALL ASTRA,1,E01027249,0,-1
202131C200921,2021,31C200921,1,9,0,3,3,3,7,0,0,1,0,0,0,0,2,1,1,1,2,50,8,1598,2,5,VAUXHALL ASTRA,3,E01013930,0,-1
2021520102943,2021,520102943,2,9,0,18,19,8,4,0,0,8,0,0,0,0,1,1,6,6,1,20,4,1686,2,16,VAUXHALL ASTRA,3,E01029333,0,-1
2021010310843,2021,010310843,2,9,0,9,9,4,1,0,0,1,1,0,0,0,1,1,6,6,1,30,6,1598,1,11,VAUXHALL ASTRA,2,E01002807,0,-1
2021421070611,2021,421070611,1,9,0,18,19,8,4,0,0,1,0,0,7,0,4,1,5,6,2,53,8,1598,1,10,VAUXHALL ASTRA,5,E01021982,0,-1
2021201131143,2021,201131143,1,9,0,9,9,2,8,0,0,5,0,0,0,0,4,1,6,6,1,-1,-1,1910,2,12,VAUXHALL ASTRA,1,E01010286,0,-1
2021010289896,2021,010289896,1,9,0,4,4,7,3,0,0,0,0,0,0,0,3,1,1,1,1,32,6,1341,1,1,VAUXHALL ASTRA,-1,-1,0,-1
2021111046145,2021,111046145,2,9,0,3,3,1,5,0,0,0,0,0,1,10,2,1,5,6,1,28,6,1364,1,12,VAUXHALL ASTRA,7,E01020684,0,-1
2021010290851,2021,010290851,1,9,0,18,19,7,3,0,0,3,0,0,0,0,1,1,2,2,1,26,6,1598,1,15,VAUXHALL ASTRA,4,E01003482,0,-1
2021991064956,2021,991064956,1,9,0,18,19,7,3,0,0,0,0,0,0,0,3,1,1,1,1,34,6,1598,1,15,VAUXHALL ASTRA,1,-1,0,-1
2021451126313,2021,451126313,3,9,0,2,2,0,0,0,0,0,0,0,0,0,1,1,6,6,1,35,6,1956,2,7,VAUXHALL ASTRA,3,E01030354,0,-1
2021070375804,2021,070375804,2,9,0,16,19,6,3,0,0,0,0,0,0,0,3,1,6,6,1,38,7,1598,2,4,VAUXHALL ASTRA,5,E01009719,0,-1
2021010324237,2021,010324237,1,9,0,99,99,9,9,99,99,0,9,99,9,99,2,9,2,2,1,34,6,1598,1,16,VAUXHALL ASTRA,4,E01000731,0,-1
2021471051445,2021,471051445,1,9,0,5,5,7,1,0,0,0,0,4,0,0,1,1,5,6,1,80,11,1796,1,14,VAUXHALL ASTRA,9,E01031458,0,-1
2021430076916,2021,430076916,1,9,0,4,4,5,8,0,0,0,0,0,0,0,0,1,1,1,1,42,7,1598,2,4,VAUXHALL ASTRA,9,E01017637,0,-1
2021440448655,2021,440448655,1,9,0,18,19,8,4,0,0,1,0,0,0,0,1,1,6,6,1,66,10,1598,1,7,VAUXHALL ASTRA,9,E01023009,0,-1
2021070314024,2021,070314024,1,9,0,18,19,2,6,0,0,2,0,0,0,0,1,1,6,6,2,35,6,1796,1,13,VAUXHALL ASTRA,2,E01006879,0,-1
2021010290335,2021,010290335,1,9,0,4,4,5,1,0,0,1,0,0,1,10,1,1,1,1,1,28,6,1399,1,2,VAUXHALL ASTRA,3,E01003567,0,-1
2021141068078,2021,141068078,2,9,0,4,4,3,7,0,0,1,0,0,0,0,1,1,6,6,1,20,4,1598,1,14,VAUXHALL ASTRA,2,E01007443,0,-1
2021201119543,2021,201119543,1,9,0,9,9,6,3,0,0,5,0,0,0,0,1,1,6,6,2,32,6,1686,2,14,VAUXHALL ASTRA,2,E01008883,0,-1
2021440014385,2021,440014385,1,9,0,17,19,6,2,0,0,0,1,0,1,9,1,1,2,2,2,22,5,1399,1,5,VAUXHALL ASTRA,6,E01023216,0,-1
2021061134023,2021,061134023,1,9,0,10,10,1,1,0,0,1,0,0,0,0,1,1,6,6,2,39,7,1399,1,4,VAUXHALL ASTRA,4,E01006187,0,-1
202134WNC3631,2021,34WNC3631,1,9,0,17,19,1,5,0,0,1,0,0,0,0,1,1,6,6,1,26,6,1686,2,15,VAUXHALL ASTRA,6,E01027025,0,-1
2021010333179,2021,010333179,2,9,0,99,99,9,9,99,99,9,9,99,9,99,1,9,6,6,3,-1,-1,1399,1,5,VAUXHALL ASTRA,2,E01003174,0,-1
2021401107158,2021,401107158,1,9,0,18,19,5,1,0,0,0,1,0,0,0,1,1,6,6,1,45,7,1598,1,19,VAUXHALL ASTRA,10,E01017419,0,-1
2021440115089,2021,440115089,2,9,0,18,19,8,4,0,0,0,0,0,0,0,1,1,6,6,1,61,9,1686,2,11,VAUXHALL ASTRA,1,E01022967,0,-1
2021461128374,2021,461128374,1,9,0,7,7,3,7,0,0,2,0,0,0,0,1,1,1,1,1,62,9,1598,1,17,VAUXHALL ASTRA,6,E01024276,0,-1
2021501109181,2021,501109181,2,9,0,18,19,1,5,0,0,0,0,0,0,0,1,1,6,6,1,21,5,1686,2,9,VAUXHALL ASTRA,9,E01032231,0,-1
2021430526736,2021,430526736,1,9,0,18,19,6,2,0,0,4,0,0,0,0,3,1,6,6,2,25,5,1686,2,10,VAUXHALL ASTRA,8,E01016232,0,-1
2021201025452,2021,201025452,1,9,0,18,19,-1,-1,0,0,1,0,0,0,0,1,1,6,6,1,21,5,999,1,4,VAUXHALL ASTRA,4,E01009205,0,-1
2021070155664,2021,070155664,1,9,4,18,19,3,7,0,0,0,3,6,0,0,4,1,1,1,1,17,4,1686,2,13,VAUXHALL ASTRA,4,E01029797,0,-1
2021201087900,2021,201087900,2,9,0,9,9,3,1,0,0,6,0,0,0,0,3,1,6,6,1,49,8,1686,2,16,VAUXHALL ASTRA,2,E01009999,0,-1
2021371063128,2021,371063128,2,9,0,18,19,4,1,0,0,8,5,0,0,0,4,1,2,2,1,42,7,1910,2,14,VAUXHALL ASTRA,6,E01030194,0,-1
2021122101542,2021,122101542,2,9,0,18,19,7,3,0,0,8,0,0,0,0,1,1,6,6,1,18,4,1956,2,10,VAUXHALL ASTRA,4,E01027803,0,-1
2021221030077,2021,221030077,1,9,0,5,5,8,1,0,0,4,0,0,0,0,4,1,5,6,2,50,8,1399,1,4,VAUXHALL ASTRA,2,E01014071,0,-1
2021041062574,2021,041062574,2,9,0,18,19,3,7,0,0,0,0,0,0,0,4,1,5,6,1,20,4,1399,1,4,VAUXHALL ASTRA,9,E01029402,0,-1
2021991029716,2021,991029716,1,9,0,7,7,1,4,0,0,0,0,0,7,0,1,1,5,6,2,31,6,1364,1,14,VAUXHALL ASTRA,1,-1,0,-1
2021161063348,2021,161063348,2,9,0,4,4,4,8,0,0,2,0,0,0,0,2,1,5,6,2,42,7,1598,1,15,VAUXHALL ASTRA,1,E01013220,0,-1
2021010331461,2021,010331461,2,9,0,99,99,9,9,99,99,9,9,99,9,99,1,9,6,6,3,-1,-1,1598,1,12,VAUXHALL ASTRA,-1,-1,0,-1
2021041021089,2021,041021089,2,9,0,7,7,4,6,0,0,8,0,0,0,0,3,1,2,2,1,35,6,1598,1,12,VAUXHALL ASTRA,1,E01024856,0,-1
2021421071935,2021,421071935,2,8,0,18,19,7,3,0,0,1,0,0,0,0,3,1,1,1,2,46,8,1598,2,7,VAUXHALL ASTRA,3,E01033051,0,-1
2021131113466,2021,131113466,2,9,0,18,19,1,5,0,0,0,0,0,0,0,1,1,2,2,1,47,8,1598,2,4,VAUXHALL ASTRA,1,E01011811,0,-1
2021501089366,2021,501089366,1,9,0,18,19,4,8,0,0,8,0,0,0,0,1,1,6,6,2,62,9,1399,1,2,VAUXHALL ASTRA,5,E01019886,0,-1
2021131124297,2021,131124297,2,9,0,18,19,7,3,0,0,0,0,0,0,0,1,1,6,6,1,48,8,1364,1,17,VAUXHALL ASTRA,2,E01011104,0,-1
2021461054653,2021,461054653,1,9,0,5,5,3,7,0,0,6,0,0,0,0,1,1,6,6,1,18,4,1686,2,11,VAUXHALL ASTRA,3,E01004563,0,-1
2021461061579,2021,461061579,1,9,0,18,19,1,5,-1,-1,1,0,0,1,0,1,1,6,6,2,55,8,1364,1,12,VAUXHALL ASTRA,6,E01016178,0,-1
2021221075989,2021,221075989,1,9,0,16,19,6,1,0,0,0,0,0,0,0,1,1,5,6,2,32,6,1598,1,17,VAUXHALL ASTRA,4,E01013991,0,-1
2021461072735,2021,461072735,3,9,0,18,19,7,3,0,0,0,0,0,0,0,0,1,5,6,1,27,6,1598,2,3,VAUXHALL ASTRA,1,E01024678,0,-1
2021351129499,2021,351129499,1,9,0,18,19,5,3,0,0,8,0,0,0,0,4,1,5,6,1,30,6,1598,1,9,VAUXHALL ASTRA,3,E01015643,0,-1
2021461093587,2021,461093587,1,9,0,9,9,3,1,0,0,8,0,0,0,0,2,1,5,6,2,28,6,1598,1,11,VAUXHALL ASTRA,2,E01016025,0,-1
2021010343964,2021,010343964,2,9,0,99,99,9,9,99,99,9,9,99,9,99,9,9,6,6,3,-1,-1,1598,1,8,VAUXHALL ASTRA,-1,-1,0,-1
2021041063805,2021,041063805,1,9,0,18,19,6,2,0,0,0,0,0,1,0,1,1,2,2,1,34,6,1364,1,14,VAUXHALL ASTRA,6,E01025222,0,-1
2021141059394,2021,141059394,2,9,0,2,2,7,3,0,0,0,0,0,0,0,2,1,6,6,3,-1,-1,1364,1,12,VAUXHALL ASTRA,-1,-1,0,-1
2021371121701,2021,371121701,1,9,0,18,19,1,5,0,0,0,0,0,0,0,1,1,2,2,1,24,5,1998,1,15,VAUXHALL ASTRA,2,E01030289,0,-1
2021070571097,2021,070571097,1,9,0,7,7,7,1,0,0,4,0,0,0,0,1,1,6,6,1,63,9,1598,1,19,VAUXHALL ASTRA,2,E01006869,0,-1
202131B150521,2021,31B150521,1,9,0,4,4,8,3,0,0,1,0,0,0,0,1,1,6,6,1,33,6,1598,1,13,VAUXHALL ASTRA,1,E01028055,0,-1
2021010306101,2021,010306101,2,9,0,99,99,9,9,99,99,9,9,99,9,99,9,9,6,6,3,-1,-1,1598,1,13,VAUXHALL ASTRA,4,E01015742,0,-1
2021421113181,2021,421113181,1,9,0,7,7,5,7,0,0,1,0,0,0,0,1,1,6,6,1,39,7,1598,1,6,VAUXHALL ASTRA,5,E01021905,0,-1
2021461102107,2021,461102107,2,9,0,5,5,8,7,0,0,4,0,0,0,0,4,1,5,6,1,48,8,1796,1,11,VAUXHALL ASTRA,8,E01024043,0,-1
2021451126015,2021,451126015,1,9,0,18,19,7,3,9,9,0,1,10,2,2,4,1,6,6,1,22,5,1796,1,15,VAUXHALL ASTRA,10,E01030792,0,-1
2021010312942,2021,010312942,2,9,0,18,19,3,7,0,0,8,0,0,0,0,2,1,6,6,1,26,6,1910,2,13,VAUXHALL ASTRA,-1,-1,0,-1
2021201079720,2021,201079720,2,9,0,18,19,3,7,0,0,8,0,0,0,0,1,1,6,6,2,29,6,1398,1,9,VAUXHALL ASTRA,2,E01009151,0,-1
2021440421329,2021,440421329,1,9,0,7,7,8,4,0,0,4,0,0,1,0,1,1,6,6,2,49,8,1598,1,8,VAUXHALL ASTRA,3,E01022803,0,-1
2021522103632,2021,522103632,1,9,5,18,19,4,8,0,0,8,0,0,0,0,1,1,6,6,2,27,6,1956,2,9,VAUXHALL ASTRA,1,E01033348,0,-1
2021991048150,2021,991048150,1,9,0,18,19,7,3,0,0,0,1,0,0,0,1,1,6,6,1,42,7,1364,1,11,VAUXHALL ASTRA,3,-1,0,-1
2021122100542,2021,122100542,2,9,0,18,19,5,1,0,0,0,0,0,0,0,2,1,2,2,1,27,6,1796,1,13,VAUXHALL ASTRA,1,E01008735,0,-1
2021302100966,2021,302100966,1,9,0,4,4,8,4,0,0,1,0,0,0,0,2,1,6,6,1,65,9,1796,1,19,VAUXHALL ASTRA,1,E01013479,0,-1
2021201147449,2021,201147449,1,9,0,9,9,2,8,0,0,6,0,0,0,0,2,1,6,6,1,48,8,999,1,3,VAUXHALL ASTRA,1,E01010370,0,-1
2021451062277,2021,451062277,2,9,0,18,19,2,6,0,0,0,0,0,0,0,2,1,5,6,2,55,8,1796,1,15,VAUXHALL ASTRA,8,E01000859,0,-1
2021010303785,2021,010303785,2,9,0,99,99,9,9,99,99,9,9,99,9,99,9,9,6,6,3,-1,-1,1364,1,6,VAUXHALL ASTRA,-1,-1,0,-1
2021101096718,2021,101096718,1,9,0,9,9,3,1,0,0,8,0,0,0,0,1,1,5,6,1,36,7,1686,2,10,VAUXHALL ASTRA,1,E01008305,0,-1
2021991028620,2021,991028620,2,9,0,4,4,5,1,0,0,0,0,0,0,0,2,1,6,6,1,34,6,1956,2,8,VAUXHALL ASTRA,8,-1,0,-1
2021440262086,2021,440262086,1,9,0,9,9,3,1,0,0,8,0,0,0,0,1,1,6,6,2,58,9,1399,1,5,VAUXHALL ASTRA,9,E01022766,0,-1
2021430306974,2021,430306974,1,9,0,2,2,3,7,0,0,0,0,0,0,0,2,1,6,6,2,60,9,1598,1,19,VAUXHALL ASTRA,9,E01016542,0,-1
2021170S11631,2021,170S11631,2,9,0,18,19,4,8,0,0,0,0,0,0,0,0,1,6,6,2,65,9,1399,1,4,VAUXHALL ASTRA,-1,-1,0,-1
2021471096796,2021,471096796,2,9,0,4,4,2,6,0,0,1,0,0,0,0,2,1,5,6,1,43,7,1686,2,18,VAUXHALL ASTRA,1,E01020982,0,-1
2021010318852,2021,010318852,1,9,0,18,19,1,5,0,0,1,0,0,0,0,3,1,6,6,1,52,8,1598,1,10,VAUXHALL ASTRA,2,E01000102,0,-1
2021010295423,2021,010295423,1,9,0,6,6,1,1,0,0,1,0,0,0,0,0,1,6,6,1,21,5,1598,1,6,VAUXHALL ASTRA,5,E01004549,0,-1
2021052102215,2021,052102215,2,9,0,5,5,5,1,0,0,8,0,0,0,0,1,1,6,6,1,28,6,1399,1,3,VAUXHALL ASTRA,9,E01007068,0,-1
2021010308482,2021,010308482,1,9,0,9,9,5,3,0,0,2,0,0,0,0,1,1,6,6,1,28,6,1364,1,12,VAUXHALL ASTRA,3,E01001874,0,-1
2021501135785,2021,501135785,2,9,0,18,19,7,3,0,0,0,0,0,0,0,2,1,2,2,2,54,8,1686,2,14,VAUXHALL ASTRA,4,E01015071,0,-1
2021010319402,2021,010319402,1,9,0,18,19,1,5,0,0,1,0,0,0,0,1,1,2,2,1,26,6,1598,1,13,VAUXHALL ASTRA,5,E01001646,0,-1
2021302101768,2021,302101768,1,9,0,9,9,4,2,0,0,8,0,0,7,0,3,1,2,2,2,29,6,1598,2,5,VAUXHALL ASTRA,5,E01033413,0,-1
202134NNC2981,2021,34NNC2981,1,9,0,18,19,4,8,0,0,8,0,0,0,0,3,1,6,6,1,28,6,1686,2,10,VAUXHALL ASTRA,5,E01016877,0,-1
2021411086337,2021,411086337,2,9,0,18,19,8,4,0,0,8,1,7,1,2,1,1,1,1,2,32,6,1399,1,2,VAUXHALL ASTRA,6,E01000844,0,-1
2021320340265,2021,320340265,1,9,0,17,19,5,1,0,0,0,0,0,0,0,1,1,6,6,1,40,7,1998,1,12,VAUXHALL ASTRA,7,E01028856,0,-1
2021061068266,2021,061068266,2,9,0,6,6,1,5,0,0,0,0,0,0,0,3,1,5,6,2,49,8,1398,1,9,VAUXHALL ASTRA,9,E01005017,0,-1
2021211071712,2021,211071712,2,9,0,18,19,5,1,0,0,8,0,0,0,0,4,1,6,6,2,52,8,1796,1,16,VAUXHALL ASTRA,3,E01029597,0,-1
2021531033495,2021,531033495,1,9,0,5,5,1,5,0,0,1,0,0,0,0,1,1,1,1,1,29,6,-1,-1,-1,VAUXHALL ASTRA,4,E01016357,0,-1
2021010334008,2021,010334008,1,9,0,99,99,9,9,99,99,9,9,99,9,99,3,9,6,6,2,32,6,1598,1,10,VAUXHALL ASTRA,7,E01002888,0,-1
2021440495484,2021,440495484,1,9,0,18,19,2,6,0,0,0,0,0,0,0,1,1,6,6,2,40,7,1598,2,5,VAUXHALL ASTRA,9,E01016272,0,-1
2021131068253,2021,131068253,2,9,0,18,19,2,6,0,0,0,0,0,0,0,4,1,5,6,2,45,7,1364,1,13,VAUXHALL ASTRA,3,E01011834,0,-1
2021471110710,2021,471110710,1,9,0,18,19,3,7,0,0,1,0,0,0,0,1,1,6,6,1,57,9,-1,-1,-1,VAUXHALL ASTRA,5,E01031826,0,-1
2021101051069,2021,101051069,2,9,0,9,9,8,6,0,0,8,0,0,0,0,1,1,5,6,1,34,6,1598,2,7,VAUXHALL ASTRA,3,E01008748,0,-1
2021411108375,2021,411108375,1,9,0,18,19,5,1,0,0,1,1,4,1,0,1,1,6,6,1,74,10,1398,1,6,VAUXHALL ASTRA,6,E01023359,0,-1
2021991049440,2021,991049440,1,9,0,10,10,7,5,0,0,0,0,0,0,0,4,1,5,6,1,62,9,1199,1,1,VAUXHALL ASTRA,9,-1,0,-1
2021221060437,2021,221060437,1,9,0,14,14,6,3,0,0,0,0,0,0,0,3,1,5,6,1,21,5,1364,1,15,VAUXHALL ASTRA,5,E01028979,0,-1
2021201047261,2021,201047261,1,9,0,1,1,4,8,0,0,8,0,0,0,0,2,1,6,6,1,19,4,1796,1,16,VAUXHALL ASTRA,3,E01009255,0,-1
2021141034847,2021,141034847,2,9,0,18,19,2,6,0,0,8,0,0,0,0,1,1,5,6,2,29,6,1364,1,14,VAUXHALL ASTRA,2,E01007871,0,-1
2021411108370,2021,411108370,2,9,0,18,19,8,4,0,0,0,0,0,0,0,2,1,2,2,2,56,9,1796,1,15,VAUXHALL ASTRA,4,E01015793,0,-1
2021411111347,2021,411111347,3,9,0,2,2,0,0,0,0,2,0,0,0,0,3,1,6,6,3,-1,-1,1598,1,7,VAUXHALL ASTRA,-1,-1,0,-1
2021351120500,2021,351120500,2,9,0,18,19,7,3,0,0,0,0,0,0,0,2,1,1,1,2,32,6,1496,2,1,VAUXHALL ASTRA,-1,-1,0,-1
2021041061003,2021,041061003,2,9,0,4,4,3,7,0,0,4,0,0,0,0,2,1,2,2,1,18,4,1398,1,9,VAUXHALL ASTRA,10,E01025403,0,-1
2021401035923,2021,401035923,1,9,0,18,19,1,1,0,0,1,0,0,0,0,1,1,6,6,1,28,6,1956,2,9,VAUXHALL ASTRA,6,E01017589,0,-1
202134NNC7251,2021,34NNC7251,1,9,0,18,19,5,1,0,0,0,0,0,0,0,1,1,6,6,1,36,7,1598,1,13,VAUXHALL ASTRA,-1,-1,0,-1
2021041197240,2021,041197240,1,9,0,4,4,1,1,0,0,1,0,0,0,0,1,1,6,6,3,-1,-1,1364,1,12,VAUXHALL ASTRA,-1,-1,0,-1
2021031085617,2021,031085617,2,9,0,18,19,5,7,0,0,0,0,4,0,0,2,1,6,6,1,-1,-1,1598,1,2,VAUXHALL ASTRA,-1,-1,0,-1
2021461072909,2021,461072909,1,9,0,18,19,7,3,0,0,0,0,0,0,0,1,1,6,6,2,20,4,1399,1,5,VAUXHALL ASTRA,7,E01029216,0,-1
2021440033811,2021,440033811,1,9,0,17,19,2,8,0,0,0,0,0,1,11,1,1,6,6,1,23,5,1598,1,11,VAUXHALL ASTRA,3,E01023142,0,-1
2021101109885,2021,101109885,2,9,0,2,2,1,1,0,0,0,0,0,0,0,0,1,6,6,1,23,5,1910,2,13,VAUXHALL ASTRA,7,E01008273,0,-1
2021440396442,2021,440396442,1,9,0,17,19,5,1,0,0,0,0,0,0,0,1,1,6,6,2,37,7,999,1,4,VAUXHALL ASTRA,9,E01022837,0,-1
2021010317536,2021,010317536,2,9,0,99,99,9,9,99,99,0,9,99,9,99,1,9,6,6,3,31,6,1364,1,15,VAUXHALL ASTRA,2,E01001010,0,-1
2021501070048,2021,501070048,1,9,0,18,19,3,7,0,0,0,0,0,0,0,4,1,6,6,2,76,11,1598,1,15,VAUXHALL ASTRA,2,E01018911,0,-1
2021501023166,2021,501023166,1,9,0,4,4,4,8,0,0,0,0,0,0,0,1,1,1,1,1,32,6,1598,2,3,VAUXHALL ASTRA,4,E01015029,0,-1
2021010329996,2021,010329996,2,9,9,99,99,9,9,99,99,9,9,99,9,99,1,9,6,6,3,-1,-1,1796,1,16,VAUXHALL ASTRA,-1,-1,0,-1
2021070216465,2021,070216465,1,9,0,9,9,4,2,0,0,8,0,0,0,0,4,1,6,6,1,38,7,1686,2,16,VAUXHALL ASTRA,6,E01018749,0,-1
2021430236703,2021,430236703,1,9,0,18,19,1,5,0,0,0,0,0,0,0,4,1,6,6,1,45,7,1796,1,12,VAUXHALL ASTRA,-1,-1,0,-1
2021461088143,2021,461088143,1,9,0,13,13,5,1,0,0,0,0,0,0,0,1,1,1,1,1,35,6,1598,2,4,VAUXHALL ASTRA,8,E01024044,0,-1
2021552100603,2021,552100603,2,9,0,18,19,2,6,0,0,1,1,0,0,0,2,1,2,2,2,46,8,1364,1,13,VAUXHALL ASTRA,7,E01023066,0,-1
2021501105404,2021,501105404,1,9,0,18,19,1,5,0,0,0,0,0,0,0,1,1,1,1,1,68,10,1248,2,14,VAUXHALL ASTRA,3,E01018953,0,-1
2021531054180,2021,531054180,1,9,0,16,19,1,5,0,0,0,5,0,7,11,4,1,5,6,2,22,5,1598,1,10,VAUXHALL ASTRA,5,E01022379,0,-1
2021131050177,2021,131050177,1,9,0,18,19,3,7,0,0,0,0,0,0,0,-1,1,6,6,3,-1,-1,1598,1,10,VAUXHALL ASTRA,-1,-1,0,-1
2021161092739,2021,161092739,2,9,0,7,7,3,5,0,0,1,0,0,3,0,1,1,6,6,1,44,7,1796,1,15,VAUXHALL ASTRA,3,E01012907,0,-1
2021061103101,2021,061103101,1,9,0,12,12,6,2,0,0,1,0,0,0,0,1,1,1,1,1,68,10,1598,2,4,VAUXHALL ASTRA,2,E01005678,0,-1
2021430170629,2021,430170629,1,9,0,17,19,8,5,0,0,8,0,0,0,0,1,1,1,1,1,45,7,1598,2,2,VAUXHALL ASTRA,-1,-1,0,-1