collision_index,collision_year,collision_ref_no,vehicle_reference,vehicle_type,towing_and_articulation,vehicle_manoeuvre_historic,vehicle_manoeuvre,vehicle_direction_from,vehicle_direction_to,vehicle_location_restricted_lane_historic,vehicle_location_restricted_lane,junction_location,skidding_and_overturning,hit_object_in_carriageway,vehicle_leaving_carriageway,hit_object_off_carriageway,first_point_of_impact,vehicle_left_hand_drive,journey_purpose_of_driver_historic,journey_purpose_of_driver,sex_of_driver,age_of_driver,age_band_of_driver,engine_capacity_cc,propulsion_code,age_of_vehicle,generic_make_model,driver_imd_decile,lsoa_of_driver,escooter_flag,driver_distance_banding
2021010303921,2021,010303921,2,19,0,99,99,9,9,99,99,9,9,99,9,99,2,9,6,6,3,82,11,2500,2,16,LDV MAXUS,8,E01001987,0,-1
202131B018121,2021,31B018121,1,19,0,9,9,2,8,0,0,5,0,0,0,0,1,1,1,1,1,52,8,2500,2,14,LDV MAXUS,2,E01013917,0,-1
2021440481059,2021,440481059,1,19,0,10,10,8,7,0,0,1,0,0,0,0,2,1,2,2,1,26,6,2500,2,14,LDV MAXUS,7,E01022592,0,-1
2021201117695,2021,201117695,1,19,0,9,9,8,6,0,0,6,0,0,0,0,3,1,2,2,1,63,9,2500,2,13,LDV MAXUS,2,E01010470,0,-1
2021201099551,2021,201099551,1,19,0,18,19,3,7,0,0,8,0,0,0,0,1,1,6,6,1,-1,-1,2500,2,13,LDV MAXUS,-1,-1,0,-1
2021421024909,2021,421024909,1,19,0,18,19,8,4,0,0,0,0,0,0,0,1,1,6,6,1,24,5,2500,2,14,LDV MAXUS,6,E01022002,0,-1
2021451105761,2021,451105761,1,11,0,18,19,1,5,0,0,0,5,0,0,0,1,1,1,1,1,37,7,2500,2,13,LDV MAXUS,4,E01030650,0,-1
2021070871183,2021,070871183,1,19,0,18,19,5,1,0,0,1,0,0,0,0,1,1,6,6,1,-1,-1,2500,2,13,LDV MAXUS,-1,-1,0,-1
2021471037010,2021,471037010,1,19,0,9,9,1,7,0,0,6,0,0,0,0,4,1,1,1,1,51,8,2500,2,13,LDV MAXUS,8,E01031664,0,-1
2021010296829,2021,010296829,2,19,0,99,99,9,9,99,99,9,9,99,9,99,9,9,6,6,3,-1,-1,2500,2,15,LDV MAXUS,6,E01016927,0,-1
2021201149475,2021,201149475,1,10,0,18,19,4,8,0,0,0,0,10,4,0,1,1,1,1,1,40,7,2500,2,13,LDV MAXUS,4,E01008920,0,-1
2021302100269,2021,302100269,1,2,0,18,19,2,6,0,0,0,0,0,0,0,3,1,6,6,1,16,4,50,1,3,-1,9,E01013514,0,-1
202131C168921,2021,31C168921,1,2,0,9,9,8,7,0,0,5,1,11,0,0,3,1,2,2,1,52,8,50,1,4,-1,6,E01028074,0,-1
2021010330436,2021,010330436,1,2,0,15,15,7,3,0,0,0,1,0,0,0,1,1,6,6,1,21,5,50,1,3,-1,2,E01001152,0,-1
2021070557810,2021,070557810,2,2,0,9,9,7,5,0,0,1,0,0,0,0,2,1,6,6,1,17,4,50,1,4,-1,1,E01012480,0,-1
2021542059121,2021,542059121,5,9,0,18,19,2,6,0,0,0,0,0,0,0,2,1,4,7,1,63,9,3456,8,3,LEXUS RX 450,9,E01014382,0,-1
2021010319232,2021,010319232,2,9,0,99,99,9,9,99,99,9,9,99,9,99,1,9,6,6,3,-1,-1,3456,8,8,LEXUS RX 450,-1,-1,0,-1
2021010325090,2021,010325090,1,9,0,5,5,6,2,0,0,0,0,0,0,0,3,1,1,1,1,41,7,3456,8,10,LEXUS RX 450,4,E01003767,0,-1
2021361087527,2021,361087527,2,9,0,4,4,4,8,0,0,8,0,0,0,0,2,1,5,6,1,42,7,3456,8,5,LEXUS RX 450,6,-1,0,-1
2021549008021,2021,549008021,1,9,0,18,19,3,7,0,0,8,0,0,0,0,4,1,6,6,1,67,10,3456,8,5,LEXUS RX 450,7,E01031942,0,-1
2021010314518,2021,010314518,2,9,0,1,1,5,7,0,0,8,0,0,0,0,1,1,6,6,2,30,6,3456,8,2,LEXUS RX 450,4,E01003757,0,-1
2021010333341,2021,010333341,1,9,0,5,5,1,5,0,0,5,0,0,0,0,1,1,2,2,1,67,10,3456,8,6,LEXUS RX 450,4,E01001007,0,-1
2021041030646,2021,041030646,1,9,0,6,6,5,3,8,6,0,0,0,0,0,1,1,5,6,2,36,7,3456,8,3,LEXUS RX 450,8,E01025012,0,-1
2021430338797,2021,430338797,4,9,0,3,3,7,3,0,0,0,0,0,0,0,2,1,6,6,1,63,9,3456,8,0,LEXUS RX 450,9,E01001521,0,-1
2021010314092,2021,010314092,1,9,0,18,19,7,3,0,0,1,0,0,0,0,2,1,6,6,1,55,8,3456,8,3,LEXUS RX 450,1,E01001730,0,-1
2021161104080,2021,161104080,2,9,0,18,19,6,2,0,0,8,0,0,0,0,4,1,6,6,1,52,8,3456,8,8,LEXUS RX 450,4,E01013146,0,-1
2021361062156,2021,361062156,4,9,0,18,19,7,3,0,0,0,0,0,0,0,1,1,5,6,1,71,10,3456,8,1,LEXUS RX 450,4,W01000194,0,-1
2021010330639,2021,010330639,1,9,0,6,6,7,7,0,0,1,0,0,0,0,3,1,6,6,2,44,7,3456,8,10,LEXUS RX 450,5,E01004641,0,-1
2021010288454,2021,010288454,1,9,0,99,99,9,9,99,99,0,0,0,0,0,3,1,6,6,1,60,9,3456,8,2,LEXUS RX 450,9,E01030760,0,-1
2021010346072,2021,010346072,3,9,0,6,6,5,5,0,0,0,0,0,0,0,1,1,2,2,1,62,9,3456,8,5,LEXUS RX 450,6,E01001496,0,-1
2021010322166,2021,010322166,1,9,0,99,99,9,9,99,99,9,9,99,9,99,9,9,6,6,3,-1,-1,3456,8,10,LEXUS RX 450,3,E01001808,0,-1
2021161074709,2021,161074709,1,9,0,15,15,3,7,0,0,2,0,0,0,0,3,1,6,6,1,56,9,3456,8,1,LEXUS RX 450,5,E01013329,0,-1
2021061109580,2021,061109580,1,9,0,7,7,7,1,0,0,8,0,0,0,0,1,1,6,6,1,30,6,3456,8,7,LEXUS RX 450,-1,-1,0,-1
2021231025745,2021,231025745,1,9,0,18,19,6,2,0,0,1,0,0,0,0,3,1,2,2,1,40,7,3456,8,1,LEXUS RX 450,10,E01028461,0,-1
2021221053274,2021,221053274,2,9,0,7,7,8,3,0,0,6,0,0,0,0,3,1,6,6,2,44,7,3456,8,10,LEXUS RX 450,6,E01031206,0,-1
2021010311767,2021,010311767,1,9,0,18,19,1,5,0,0,0,0,0,0,0,3,1,6,6,2,58,9,3456,8,10,LEXUS RX 450,5,E01000892,0,-1
2021010292013,2021,010292013,2,9,0,9,9,2,1,0,0,6,0,0,0,0,1,1,6,6,1,-1,-1,3456,8,10,LEXUS RX 450,-1,-1,0,-1
2021010351255,2021,010351255,1,9,0,3,3,1,5,0,0,5,0,0,0,0,0,1,6,6,1,36,7,3456,8,11,LEXUS RX 450,7,E01003395,0,-1
2021421054354,2021,421054354,2,9,0,9,9,7,4,0,0,3,0,0,0,0,3,1,5,6,1,48,8,3456,8,11,LEXUS RX 450,2,E01000008,0,-1
2021010351583,2021,010351583,1,9,0,9,9,5,3,2,2,1,0,0,0,0,1,1,6,6,1,65,9,3456,8,10,LEXUS RX 450,4,E01004358,0,-1
2021010313725,2021,010313725,2,9,0,99,99,9,9,99,99,9,9,99,9,99,9,9,6,6,2,-1,-1,3456,8,5,LEXUS RX 450,-1,-1,0,-1
2021010335757,2021,010335757,1,9,9,99,99,9,9,0,0,9,9,99,0,0,9,9,6,6,3,-1,-1,3456,8,11,LEXUS RX 450,-1,-1,0,-1
2021991077069,2021,991077069,2,9,0,17,19,7,4,0,0,0,0,0,0,0,3,1,5,6,2,37,7,3456,8,7,LEXUS RX 450,8,-1,0,-1
2021010331089,2021,010331089,1,9,0,18,19,5,1,0,0,0,0,0,0,0,1,1,2,2,2,54,8,3456,8,11,LEXUS RX 450,6,E01001572,0,-1
2021622100462,2021,622100462,2,9,0,18,19,6,2,0,0,1,0,0,0,0,1,1,6,6,2,44,7,3456,8,9,LEXUS RX 450,10,W01001843,0,-1
2021991047301,2021,991047301,2,9,0,4,4,4,8,0,0,0,0,0,0,0,2,1,6,6,2,50,8,3456,8,9,LEXUS RX 450,7,-1,0,-1
2021010320125,2021,010320125,2,9,0,18,19,1,5,0,0,0,0,0,0,0,2,1,6,6,1,45,7,3456,8,8,LEXUS RX 450,-1,-1,0,-1
2021010304044,2021,010304044,2,9,0,18,19,5,1,0,0,0,9,0,0,0,3,9,6,6,3,-1,-1,3456,8,12,LEXUS RX 450,-1,-1,0,-1
2021010300840,2021,010300840,2,9,0,4,4,1,5,0,0,8,0,0,0,0,1,1,6,6,2,50,8,3456,8,10,LEXUS RX 450,5,E01001200,0,-1
2021201142288,2021,201142288,1,9,0,9,9,6,4,0,0,6,0,0,0,0,3,1,6,6,1,63,9,3456,8,12,LEXUS RX 450,3,E01009837,0,-1
2021411073606,2021,411073606,2,9,0,18,19,5,1,0,0,1,0,0,6,0,4,1,2,2,1,58,9,3456,8,5,LEXUS RX 450,10,E01023926,0,-1
2021201131084,2021,201131084,1,9,0,14,14,8,4,0,0,2,0,0,0,0,1,1,6,6,1,49,8,3456,8,7,LEXUS RX 450,4,E01008997,0,-1
2021010301542,2021,010301542,1,9,0,14,14,1,5,0,0,8,0,0,0,0,4,1,1,1,1,75,10,3456,8,4,LEXUS RX 450,10,E01017739,0,-1
2021010339617,2021,010339617,1,9,0,10,10,1,7,0,0,8,0,0,0,0,1,1,6,6,1,48,8,3456,8,11,LEXUS RX 450,3,E01001242,0,-1
2021010340639,2021,010340639,2,9,0,99,99,9,9,99,99,9,9,99,9,99,1,9,6,6,3,-1,-1,3456,8,5,LEXUS RX 450,3,E01000499,0,-1
2021451115146,2021,451115146,4,9,0,18,19,5,3,0,0,0,0,0,0,0,2,1,5,6,1,36,7,3456,8,8,LEXUS RX 450,3,E01004183,0,-1
2021010320386,2021,010320386,2,9,0,99,99,9,9,99,99,9,9,99,9,99,1,9,6,6,3,-1,-1,3456,8,1,LEXUS RX 450,3,E01001779,0,-1
2021061061350,2021,061061350,1,9,0,16,19,2,6,0,0,0,5,0,1,4,1,1,5,6,1,26,6,3456,8,1,LEXUS RX 450,6,E01005898,0,-1
2021010314945,2021,010314945,1,9,0,9,9,8,4,0,0,8,0,0,0,0,1,1,2,2,2,34,6,3456,8,11,LEXUS RX 450,3,E01003348,0,-1
2021010339302,2021,010339302,1,9,0,18,19,6,2,0,0,1,2,4,0,0,4,1,2,2,2,42,7,3456,8,4,LEXUS RX 450,5,E01000277,0,-1
2021010342336,2021,010342336,2,9,0,99,99,9,9,99,99,9,9,99,9,99,2,9,6,6,3,-1,-1,3456,8,11,LEXUS RX 450,-1,-1,0,-1
2021461025068,2021,461025068,2,9,0,18,19,4,8,0,0,0,0,0,7,0,1,1,6,6,1,73,10,2497,1,19,-1,7,E01024789,0,-1
2021471042635,2021,471042635,1,9,0,9,9,2,8,0,0,0,0,0,0,0,1,1,5,6,2,32,6,1951,2,16,-1,1,E01021005,0,-1
2021221053371,2021,221053371,2,9,0,3,3,6,2,0,0,0,0,0,0,0,2,1,5,6,2,62,9,1796,1,19,-1,6,E01028973,0,-1
2021430283938,2021,430283938,2,9,0,18,19,3,7,0,0,0,0,0,0,0,1,1,2,2,2,40,7,-1,3,0,-1,4,E01016514,0,-1
2021501083486,2021,501083486,1,9,0,18,19,5,2,0,0,8,0,0,0,0,1,1,6,6,1,35,6,-1,3,0,-1,6,E01019061,0,-1
2021010305287,2021,010305287,2,9,0,99,99,9,9,0,0,8,0,0,0,0,9,1,6,6,3,-1,-1,-1,3,0,-1,-1,-1,0,-1
2021461098180,2021,461098180,2,3,0,4,4,1,5,0,0,0,0,0,0,0,0,1,6,6,1,19,4,125,1,3,-1,1,E01024611,0,-1
2021010344866,2021,010344866,1,3,0,99,99,9,9,99,99,9,9,99,9,99,9,1,6,6,1,26,6,125,1,1,-1,1,E01004088,0,-1
2021320040131,2021,320040131,1,3,0,18,19,7,3,0,0,0,0,0,1,0,4,1,6,6,1,26,6,125,1,3,-1,1,E01026083,0,-1
2021401090395,2021,401090395,2,2,0,18,19,4,8,0,0,8,0,0,0,0,4,1,2,2,1,38,7,125,1,0,-1,1,E01015795,0,-1
2021461084152,2021,461084152,2,3,0,18,19,1,5,0,0,1,0,0,0,0,1,1,5,6,1,38,7,125,1,2,-1,7,E01024732,0,-1
2021010316498,2021,010316498,2,3,0,18,19,5,1,0,0,1,0,0,0,0,1,1,6,6,1,33,6,125,1,2,-1,4,E01003023,0,-1
2021461102703,2021,461102703,1,3,0,18,19,3,7,0,0,8,2,0,0,0,3,1,6,6,1,19,4,125,1,3,-1,2,E01016035,0,-1
2021211145712,2021,211145712,3,3,0,14,14,1,5,0,0,0,0,0,0,0,1,1,6,6,1,42,7,125,1,1,-1,-1,-1,0,-1
2021421027218,2021,421027218,1,3,0,11,11,1,5,0,0,1,0,0,0,0,4,1,5,6,1,24,5,125,1,3,-1,4,E01021598,0,-1
2021122100738,2021,122100738,1,4,0,18,19,5,1,0,0,8,0,0,0,0,1,1,6,6,1,17,4,125,1,1,-1,8,E01013409,0,-1
2021070738653,2021,070738653,2,3,0,18,19,5,1,0,0,8,0,0,0,0,1,1,2,2,1,26,6,125,1,2,-1,6,E01018373,0,-1
2021221076001,2021,221076001,2,3,0,18,19,8,4,0,0,8,0,0,0,0,1,1,5,6,1,23,5,125,1,8,-1,1,E01032368,0,-1
2021520200237,2021,520200237,2,4,0,18,19,7,3,0,0,0,0,0,0,0,2,1,6,6,1,33,6,49,1,17,-1,7,E01002998,0,-1
2021552100498,2021,552100498,1,5,0,17,19,7,3,0,0,0,0,0,0,0,0,1,2,2,1,24,5,656,1,15,SUZUKI GSF 650,7,E01020549,0,-1
2021461037549,2021,461037549,1,5,0,18,19,8,4,0,0,0,0,0,0,0,3,1,6,6,1,35,6,656,1,14,SUZUKI GSF 650,4,E01016163,0,-1
2021361077546,2021,361077546,2,5,0,18,19,4,8,0,0,0,2,0,0,0,0,1,1,1,1,26,6,656,1,14,SUZUKI GSF 650,4,E01026728,0,-1
2021211040085,2021,211040085,2,5,0,3,3,6,2,0,0,1,0,0,0,0,2,1,6,6,1,66,10,656,1,9,SUZUKI GSF 650,2,E01029356,0,-1
2021201054022,2021,201054022,2,3,0,4,4,6,2,0,0,2,0,0,0,0,2,1,6,6,1,40,7,656,1,5,-1,3,E01009001,0,-1
2021061080768,2021,061080768,2,5,0,18,19,3,7,0,0,2,0,0,0,0,1,1,6,6,1,23,5,656,1,13,SUZUKI GSF 650,4,E01006399,0,-1
2021991068154,2021,991068154,1,5,0,18,19,6,2,0,0,0,2,11,1,0,1,1,5,6,1,56,9,656,1,15,SUZUKI GSF 650,-1,-1,0,-1
2021201049504,2021,201049504,1,5,0,18,19,4,8,0,0,8,0,7,0,0,3,1,1,1,1,59,9,656,1,15,SUZUKI GSF 650,8,E01029517,0,-1
2021061090130,2021,061090130,2,5,0,18,19,3,3,0,0,1,2,0,0,0,1,1,2,2,1,43,7,656,1,16,SUZUKI GSF 650,1,E01005624,0,-1
2021201077206,2021,201077206,2,5,0,14,14,8,4,0,0,8,0,0,0,0,1,1,2,2,1,33,6,656,1,15,SUZUKI GSF 650,2,E01009985,0,-1
2021302100538,2021,302100538,1,5,0,18,19,4,2,0,0,1,0,0,7,7,4,1,6,6,1,53,8,656,1,16,SUZUKI GSF 650,4,E01005358,0,-1
2021451055656,2021,451055656,1,5,0,18,19,5,1,0,0,0,1,0,0,0,1,1,5,6,1,30,6,656,1,15,SUZUKI GSF 650,9,E01030425,0,-1
2021101106841,2021,101106841,2,5,0,18,19,2,6,0,0,8,2,0,0,0,1,1,6,6,1,26,6,656,1,12,SUZUKI GSF 650,5,E01008431,0,-1
2021421074527,2021,421074527,2,5,0,18,19,4,8,0,0,1,0,0,1,0,3,1,5,6,1,20,4,656,1,15,SUZUKI GSF 650,4,E01021637,0,-1
2021010335922,2021,010335922,1,5,0,16,19,5,1,0,0,1,1,0,0,0,4,1,2,2,1,55,8,656,1,13,SUZUKI GSF 650,8,E01002348,0,-1
2021991077963,2021,991077963,1,5,0,18,19,7,3,0,0,8,2,0,0,0,4,1,6,6,1,58,9,656,1,13,SUZUKI GSF 650,2,-1,0,-1
2021421053473,2021,421053473,2,5,0,18,19,3,7,0,0,1,0,0,7,0,4,1,5,6,1,46,8,656,1,14,SUZUKI GSF 650,3,E01021437,0,-1
2021461071114,2021,461071114,2,5,0,4,4,3,7,0,0,0,0,0,0,0,3,1,6,6,1,47,8,656,1,14,SUZUKI GSF 650,6,E01024276,0,-1
2021010339944,2021,010339944,2,5,0,15,15,7,3,0,0,1,0,0,0,0,1,1,6,6,1,45,7,656,1,14,SUZUKI GSF 650,4,E01003672,0,-1
2021211153350,2021,211153350,2,5,0,18,19,5,1,0,0,0,0,0,0,0,1,1,1,1,1,45,7,656,1,15,SUZUKI GSF 650,9,E01029712,0,-1
2021451045052,2021,451045052,2,5,0,18,19,4,8,0,0,0,0,0,0,0,3,1,2,2,1,49,8,656,1,14,SUZUKI GSF 650,9,E01002983,0,-1
2021052101239,2021,052101239,1,5,0,18,19,1,5,0,0,2,0,0,0,0,1,1,6,6,1,34,6,656,1,14,SUZUKI GSF 650,1,E01006739,0,-1
2021471055422,2021,471055422,2,5,0,13,13,5,1,0,0,1,0,0,0,0,1,1,2,2,1,43,7,656,1,13,SUZUKI GSF 650,10,E01021219,0,-1
202131A164821,2021,31A164821,1,5,0,16,19,2,6,0,0,0,0,10,0,0,1,1,6,6,1,21,5,656,1,7,SUZUKI GSF 650,5,E01027949,0,-1
2021501016919,2021,501016919,1,3,0,18,19,7,3,0,0,0,1,0,0,0,4,1,6,6,1,41,7,124,1,5,-1,1,E01015232,0,-1
2021131055098,2021,131055098,2,11,0,4,4,7,3,0,0,8,0,0,8,0,1,1,1,1,1,49,8,6700,2,2,-1,5,E01011129,0,-1
202131A059721,2021,31A059721,2,9,0,4,4,2,6,0,0,1,0,0,0,0,2,1,6,6,1,63,9,2500,1,50,-1,6,E01029821,0,-1
2021421056178,2021,421056178,2,9,0,18,19,6,2,0,0,0,0,0,0,0,2,1,5,6,1,59,9,2500,1,-1,-1,10,E01021643,0,-1
2021552101330,2021,552101330,2,9,0,4,4,5,1,0,0,8,0,0,0,0,2,1,6,6,2,48,8,1968,2,6,VOLKSWAGEN CARAVELLE,-1,-1,0,-1
2021052100739,2021,052100739,3,9,0,18,19,1,5,0,0,0,0,0,0,0,2,1,6,6,1,55,8,2460,2,13,VOLKSWAGEN CARAVELLE,8,E01012435,0,-1
2021501063555,2021,501063555,1,19,0,9,9,4,6,0,0,8,0,0,0,0,0,1,5,6,1,36,7,2461,2,20,VOLKSWAGEN CARAVELLE,1,E01015256,0,-1
2021461069967,2021,461069967,2,9,0,18,19,5,1,0,0,0,0,0,0,0,2,1,6,6,1,42,7,1968,2,11,VOLKSWAGEN CARAVELLE,7,E01001580,0,-1
2021531057318,2021,531057318,3,9,0,18,19,1,5,0,0,1,0,0,0,0,0,1,5,6,2,40,7,1968,2,8,VOLKSWAGEN CARAVELLE,10,E01022466,0,-1
20211382I1132,2021,1382I1132,2,9,0,18,19,3,7,0,0,0,0,0,0,0,1,1,6,6,2,37,7,1968,2,15,VOLKSWAGEN CARAVELLE,8,E01010901,0,-1
2021411138746,2021,411138746,1,9,0,2,2,1,5,0,0,0,0,0,0,0,3,1,5,6,1,53,8,1968,2,4,VOLKSWAGEN CARAVELLE,9,E01023717,0,-1
2021010338831,2021,010338831,4,9,0,4,4,5,1,0,0,0,0,0,0,0,2,1,6,6,2,42,7,3189,1,17,VOLKSWAGEN CARAVELLE,4,E01024622,0,-1
202163C064521,2021,63C064521,2,9,0,17,19,3,8,0,0,0,0,0,0,0,3,1,6,6,1,46,8,1968,2,10,VOLKSWAGEN CARAVELLE,-1,-1,0,-1
2021552100540,2021,552100540,1,19,0,18,19,6,2,0,0,0,0,0,0,0,1,1,6,6,1,40,7,2460,2,15,VOLKSWAGEN CARAVELLE,3,E01020572,0,-1
2021501090325,2021,501090325,2,10,0,18,19,7,3,0,0,1,0,0,0,0,1,1,6,6,1,33,6,1915,1,36,-1,8,E01018805,0,-1
2021471089536,2021,471089536,1,9,0,9,9,7,5,4,4,1,0,0,0,0,4,1,3,7,2,50,8,2460,2,12,VOLKSWAGEN CARAVELLE,7,E01017006,0,-1
2021440375250,2021,440375250,2,9,0,4,4,5,1,0,0,0,0,0,0,0,2,1,6,6,2,56,9,1968,2,11,VOLKSWAGEN CARAVELLE,4,E01017122,0,-1
2021010325922,2021,010325922,2,19,0,99,99,9,9,99,99,9,9,99,9,99,9,9,6,6,3,74,10,2792,7,19,VOLKSWAGEN CARAVELLE,2,E01000030,0,-1
2021471114904,2021,471114904,2,9,0,9,9,5,3,0,0,6,0,0,0,0,1,1,5,6,2,55,8,3189,7,15,VOLKSWAGEN CARAVELLE,2,E01021020,0,-1
2021440472964,2021,440472964,2,9,0,2,2,0,0,0,0,2,0,0,0,0,4,1,6,6,3,-1,-1,2460,2,13,VOLKSWAGEN CARAVELLE,-1,-1,0,-1
2021501040407,2021,501040407,2,9,0,17,19,8,5,0,0,0,0,0,0,0,1,1,6,6,1,29,6,2461,2,22,VOLKSWAGEN CARAVELLE,4,E01018812,0,-1
2021461076290,2021,461076290,3,9,0,10,10,8,4,0,0,1,0,0,0,0,2,1,5,6,1,25,5,1368,1,3,-1,8,E01016131,0,-1
2021131057376,2021,131057376,1,9,0,18,19,8,4,0,0,1,0,0,0,0,1,1,5,6,2,49,8,1368,1,3,-1,8,E01011553,0,-1
2021548387221,2021,548387221,2,9,0,18,19,7,3,0,0,0,0,0,0,0,1,1,6,6,1,42,7,1368,1,4,-1,8,E01003856,0,-1
2021411088305,2021,411088305,1,9,0,1,1,-1,-1,0,0,0,0,0,0,0,2,1,6,6,3,-1,-1,1998,1,1,BMW M1,-1,-1,0,-1
2021161100746,2021,161100746,1,9,0,9,9,5,1,0,0,8,0,0,0,0,1,1,5,6,1,42,7,1998,1,0,BMW M1,7,E01013032,0,-1
2021421042657,2021,421042657,1,9,0,18,19,3,7,0,0,0,0,0,0,0,1,1,5,6,1,21,5,2979,1,6,BMW M1,4,E01021802,0,-1
2021320303581,2021,320303581,1,9,0,17,19,5,2,0,0,0,0,0,0,0,1,1,6,6,2,52,8,2979,1,6,BMW M1,6,E01026399,0,-1
2021010335172,2021,010335172,2,9,0,18,19,5,1,0,0,1,0,0,0,0,1,1,6,6,1,20,4,1998,1,1,BMW M1,-1,-1,0,-1
2021440513549,2021,440513549,1,9,0,18,19,3,7,0,0,0,2,0,1,2,1,1,6,6,1,21,5,2998,1,4,BMW M1,10,E01022776,0,-1
2021461087268,2021,461087268,2,9,0,5,5,4,7,0,0,1,0,0,0,0,2,1,5,6,1,29,6,1998,1,2,BMW M1,7,E01032829,0,-1
2021221060326,2021,221060326,2,9,0,18,19,8,4,0,0,1,1,0,1,1,1,1,5,6,1,25,5,2979,1,8,BMW M1,-1,-1,0,-1
2021451029545,2021,451029545,1,9,0,18,19,5,1,0,0,2,1,0,1,11,4,1,5,6,1,24,5,2998,1,4,BMW M1,8,E01001072,0,-1
2021552101314,2021,552101314,1,9,0,18,19,7,3,0,0,0,0,0,0,0,1,1,2,2,1,20,4,2998,1,4,BMW M1,9,E01023041,0,-1
2021041037992,2021,041037992,1,9,0,18,19,3,7,0,0,0,0,0,0,0,1,1,5,6,1,34,6,2998,1,2,BMW M1,9,E01025074,0,-1
2021421057658,2021,421057658,1,9,0,9,9,7,4,0,0,6,0,0,0,0,3,1,6,6,1,28,6,1998,1,0,BMW M1,8,E01021959,0,-1
2021302100407,2021,302100407,2,9,0,13,13,6,2,0,0,0,1,0,0,0,4,1,6,6,1,25,5,2998,1,3,BMW M1,2,E01008457,0,-1
2021161038615,2021,161038615,2,9,0,18,19,1,5,0,0,1,0,0,7,11,4,1,5,6,1,42,7,1998,1,0,BMW M1,1,E01012852,0,-1
2021131070329,2021,131070329,2,9,0,18,19,3,7,0,0,8,0,0,0,0,1,1,1,1,1,36,7,2998,1,3,BMW M1,6,E01011885,0,-1
2021320683484,2021,320683484,2,9,0,2,2,0,0,0,0,0,0,0,7,9,2,1,6,6,2,52,8,2998,1,4,BMW M1,3,E01026246,0,-1
2021041115418,2021,041115418,1,9,0,18,19,3,5,0,0,1,0,0,0,0,1,2,5,6,1,40,7,1998,1,0,BMW M1,7,E01025400,0,-1
2021131106632,2021,131106632,2,9,0,18,19,3,7,0,0,0,0,0,0,0,1,1,1,1,1,25,5,2998,1,3,BMW M1,6,E01011885,0,-1
2021221071769,2021,221071769,1,9,0,18,19,2,6,0,0,0,0,0,0,0,1,1,5,6,1,49,8,2998,1,5,BMW M1,7,E01032412,0,-1
2021131057597,2021,131057597,5,9,0,5,5,7,3,0,0,0,0,0,0,0,0,1,5,6,2,51,8,2998,1,2,BMW M1,8,E01011694,0,-1
2021501096834,2021,501096834,2,9,0,18,19,5,1,0,0,0,0,0,0,0,3,1,6,6,1,55,8,1998,1,2,BMW M1,10,E01009827,0,-1
2021320252118,2021,320252118,1,9,0,18,19,6,2,0,0,0,0,0,0,0,1,1,6,6,1,43,7,2979,1,8,BMW M1,6,E01026153,0,-1
2021141117603,2021,141117603,5,9,0,18,19,1,5,0,0,2,0,0,0,0,0,1,1,1,1,42,7,1998,1,0,BMW M1,1,E01007902,0,-1
2021010302922,2021,010302922,2,9,0,4,4,3,7,0,0,0,0,0,0,0,2,1,6,6,1,24,5,2979,1,8,BMW M1,8,E01023311,0,-1
2021061046072,2021,061046072,2,9,0,18,19,5,1,0,0,0,0,0,0,0,0,1,1,1,1,30,6,1998,1,1,BMW M1,-1,-1,0,-1
2021010297562,2021,010297562,3,9,0,18,19,5,1,0,0,0,0,0,0,0,2,1,6,6,1,29,6,2979,1,7,BMW M1,5,E01003760,0,-1
2021010336063,2021,010336063,1,9,0,5,5,0,1,0,0,1,0,0,0,0,4,1,1,1,1,27,6,1998,1,1,BMW M1,2,E01001603,0,-1
2021430032084,2021,430032084,1,9,0,18,19,2,6,0,0,8,1,9,7,9,1,1,6,6,1,32,6,2998,1,3,BMW M1,-1,-1,0,-1
2021041081110,2021,041081110,1,9,0,18,19,8,5,0,0,1,0,0,0,0,0,1,6,6,1,37,7,2979,1,7,BMW M1,1,E01024987,0,-1
2021010305320,2021,010305320,1,9,0,3,3,1,5,6,6,1,0,0,0,0,2,1,6,6,1,24,5,2998,1,5,BMW M1,5,E01001471,0,-1
2021131063003,2021,131063003,2,9,0,13,13,1,4,0,0,1,0,0,1,10,4,1,5,6,1,25,5,2998,1,2,BMW M1,2,E01011167,0,-1
2021440387063,2021,440387063,1,9,0,18,19,1,5,0,0,0,0,0,7,4,1,1,2,2,1,21,5,2998,1,4,BMW M1,8,E01032704,0,-1
2021522101458,2021,522101458,1,9,0,18,19,8,4,0,0,8,0,10,1,1,1,1,6,6,2,21,5,2998,1,5,BMW M1,6,E01014708,0,-1
2021451024020,2021,451024020,1,9,0,18,19,7,3,0,0,0,0,0,0,0,1,1,5,6,1,42,7,2998,1,3,BMW M1,7,E01029140,0,-1
2021351028893,2021,351028893,1,9,0,18,19,1,5,0,0,1,0,0,0,0,1,1,6,6,1,30,6,2998,1,3,BMW M1,5,E01026284,0,-1
2021131053151,2021,131053151,3,9,0,18,19,1,5,0,0,1,0,0,0,0,0,1,1,1,1,38,7,2998,1,3,BMW M1,6,E01011885,0,-1