collision_index,collision_year,collision_ref_no,vehicle_reference,vehicle_type,towing_and_articulation,vehicle_manoeuvre_historic,vehicle_manoeuvre,vehicle_direction_from,vehicle_direction_to,vehicle_location_restricted_lane_historic,vehicle_location_restricted_lane,junction_location,skidding_and_overturning,hit_object_in_carriageway,vehicle_leaving_carriageway,hit_object_off_carriageway,first_point_of_impact,vehicle_left_hand_drive,journey_purpose_of_driver_historic,journey_purpose_of_driver,sex_of_driver,age_of_driver,age_band_of_driver,engine_capacity_cc,propulsion_code,age_of_vehicle,generic_make_model,driver_imd_decile,lsoa_of_driver,escooter_flag,driver_distance_banding
2021361033453,2021,361033453,1,19,0,7,7,1,7,0,0,2,0,0,0,0,1,1,2,2,1,44,7,1995,2,1,FORD TRANSIT,8,E01026886,0,-1
2021471023425,2021,471023425,1,20,0,18,19,5,1,0,0,0,0,0,0,0,4,1,6,6,1,-1,-1,-1,-1,-1,FORD TRANSIT,8,E01031659,0,-1
2021010313733,2021,010313733,2,19,0,99,99,9,9,99,99,9,9,99,9,99,9,9,6,6,3,-1,-1,2402,2,19,FORD TRANSIT,2,E01002281,0,-1
2021471031229,2021,471031229,1,19,0,18,19,1,5,0,0,8,0,0,0,0,1,1,1,1,1,54,8,2198,2,8,FORD TRANSIT,3,E01016911,0,-1
2021061072112,2021,061072112,2,19,0,18,19,6,2,0,0,2,2,0,0,0,4,1,1,1,1,60,9,1995,2,3,FORD TRANSIT,2,E01004798,0,-1
2021010289602,2021,010289602,2,19,0,4,4,1,5,0,0,3,0,0,0,0,1,1,6,6,1,40,7,1995,2,4,FORD TRANSIT,7,E01030402,0,-1
2021430278484,2021,430278484,2,19,0,18,19,3,5,0,0,8,0,0,0,0,1,1,2,2,1,58,9,2198,2,5,FORD TRANSIT,9,E01028784,0,-1
2021361029502,2021,361029502,2,19,1,18,19,1,5,0,0,1,0,0,0,0,3,1,2,2,1,33,6,2402,2,15,FORD TRANSIT,4,E01026483,0,-1
2021131121093,2021,131121093,1,19,0,-1,-1,-1,-1,0,0,8,-1,-1,-1,0,-1,1,6,6,3,-1,-1,2198,2,14,FORD TRANSIT,-1,-1,0,-1
2021991015781,2021,991015781,2,19,0,3,3,6,2,0,0,1,0,0,0,0,2,1,1,1,1,60,9,2198,2,5,FORD TRANSIT,2,-1,0,-1
2021471113276,2021,471113276,2,10,0,6,6,3,3,0,0,0,0,0,0,0,2,1,5,6,1,53,8,2198,2,12,FORD TRANSIT,2,E01017011,0,-1
2021010316216,2021,010316216,2,19,0,99,99,9,9,99,99,9,9,99,9,99,9,9,6,6,3,31,6,2198,2,8,FORD TRANSIT,-1,-1,0,-1
2021440511898,2021,440511898,2,19,0,9,9,1,4,0,0,1,0,0,0,0,1,1,6,6,1,52,8,2198,2,7,FORD TRANSIT,2,E01017115,0,-1
2021440419859,2021,440419859,2,19,0,13,13,5,1,0,0,0,0,0,0,0,3,1,6,6,1,-1,-1,2496,2,21,FORD TRANSIT,-1,-1,0,-1
2021010327875,2021,010327875,2,19,0,9,9,7,5,0,0,1,0,0,0,0,3,1,2,2,1,39,7,1995,2,2,FORD TRANSIT,2,E01001654,0,-1
202131D197821,2021,31D197821,2,19,0,18,19,6,2,0,0,1,0,0,0,0,4,1,2,2,1,52,8,1995,2,0,FORD TRANSIT,4,E01028335,0,-1
2021430165345,2021,430165345,1,19,0,18,19,2,6,0,0,0,1,0,0,0,1,1,1,1,1,26,6,1995,2,1,FORD TRANSIT,6,E01015555,0,-1
2021201148582,2021,201148582,1,19,0,18,19,4,8,0,0,1,0,0,0,0,1,1,6,6,1,52,8,2198,2,12,FORD TRANSIT,1,E01010238,0,-1
2021131071737,2021,131071737,1,19,0,18,19,5,1,0,0,1,0,0,0,0,4,1,1,1,1,37,7,2198,2,5,FORD TRANSIT,1,E01011660,0,-1
2021010337588,2021,010337588,1,19,0,18,19,7,3,0,0,6,0,0,0,0,1,1,1,1,1,24,5,2198,2,5,FORD TRANSIT,5,E01023800,0,-1
2021421116391,2021,421116391,1,19,0,18,19,8,4,0,0,2,0,0,0,0,1,1,1,1,1,26,6,1995,2,0,FORD TRANSIT,10,E01023503,0,-1
2021461081431,2021,461081431,2,19,0,16,19,3,7,0,0,1,0,0,7,0,4,1,1,1,1,48,8,2198,2,13,FORD TRANSIT,2,E01024476,0,-1
2021471114112,2021,471114112,2,19,0,5,5,3,7,0,0,2,0,0,0,0,1,1,1,1,1,-1,-1,1995,2,2,FORD TRANSIT,-1,-1,0,-1
2021161070936,2021,161070936,2,19,0,18,19,8,4,0,0,0,0,0,0,0,3,1,1,1,1,-1,-1,1995,2,0,FORD TRANSIT,-1,-1,0,-1
2021461095724,2021,461095724,1,19,0,6,6,1,5,0,0,8,0,0,0,0,1,1,6,6,2,52,8,2198,2,13,FORD TRANSIT,1,E01016063,0,-1
2021131069413,2021,131069413,4,19,0,18,19,7,3,0,0,1,0,0,0,0,1,1,6,6,3,-1,-1,2402,2,13,FORD TRANSIT,-1,-1,0,-1
202131B028321,2021,31B028321,2,19,0,2,2,0,0,0,0,2,0,4,0,0,2,1,6,6,3,-1,-1,2402,2,11,FORD TRANSIT,-1,-1,0,-1
2021440041282,2021,440041282,1,19,0,9,9,1,7,0,0,8,0,0,0,0,4,1,1,1,1,26,6,2295,7,18,FORD TRANSIT,8,E01022722,0,-1
2021221054324,2021,221054324,3,19,0,18,19,7,3,0,0,8,0,0,0,0,0,1,1,1,1,35,6,1995,2,2,FORD TRANSIT,5,E01014051,0,-1
2021131122072,2021,131122072,1,19,0,-1,-1,-1,-1,-1,-1,0,-1,-1,-1,-1,-1,1,6,6,3,-1,-1,2198,2,5,FORD TRANSIT,-1,-1,0,-1
2021141022918,2021,141022918,2,19,0,18,19,1,5,0,0,4,0,0,0,0,1,1,1,1,1,50,8,2198,2,6,FORD TRANSIT,2,E01007654,0,-1
2021221042233,2021,221042233,1,19,0,5,5,2,6,0,0,6,0,0,0,0,3,1,5,6,1,42,7,2198,2,14,FORD TRANSIT,4,E01014128,0,-1
2021010316358,2021,010316358,1,19,0,1,1,3,1,0,0,1,0,0,0,0,2,1,1,1,1,50,8,2198,2,10,FORD TRANSIT,5,E01023869,0,-1
2021991113217,2021,991113217,1,19,0,1,1,1,5,0,0,0,0,0,0,0,2,1,1,1,1,32,6,2402,2,13,FORD TRANSIT,4,-1,0,-1
2021351025302,2021,351025302,1,19,0,18,19,2,6,0,0,0,0,0,0,0,2,1,2,2,1,37,7,2198,2,10,FORD TRANSIT,5,E01018102,0,-1
2021201092867,2021,201092867,2,19,0,18,19,2,6,0,0,0,0,0,0,0,4,1,6,6,1,39,7,1995,2,4,FORD TRANSIT,1,E01009493,0,-1
2021451069177,2021,451069177,1,19,0,4,4,7,3,0,0,0,0,0,0,0,1,1,1,1,1,28,6,1995,2,4,FORD TRANSIT,3,E01002104,0,-1
2021991020939,2021,991020939,2,19,0,2,2,0,0,0,0,0,0,0,0,0,2,1,1,1,1,21,5,1995,2,4,FORD TRANSIT,2,-1,0,-1
2021440152886,2021,440152886,1,19,0,18,19,2,6,0,0,8,0,0,0,0,1,1,1,1,1,31,6,1995,2,1,FORD TRANSIT,4,E01016357,0,-1
2021010337053,2021,010337053,2,19,0,99,99,9,9,99,99,9,9,99,9,99,4,9,6,6,3,-1,-1,2402,2,10,FORD TRANSIT,-1,-1,0,-1
2021131113388,2021,131113388,2,19,0,5,5,8,1,0,0,1,0,0,0,0,1,1,1,1,1,31,6,2198,2,7,FORD TRANSIT,4,E01027581,0,-1
2021010295826,2021,010295826,2,19,0,9,9,7,5,0,0,0,0,0,0,0,3,1,1,1,1,31,6,1995,2,4,FORD TRANSIT,2,E01003500,0,-1
2021421117270,2021,421117270,2,19,0,18,19,5,1,0,0,8,0,0,1,2,3,1,1,1,1,36,7,1995,2,3,FORD TRANSIT,5,E01021362,0,-1
2021141021149,2021,141021149,2,19,0,6,6,1,5,0,0,8,0,0,0,0,4,1,6,6,1,-1,-1,1995,2,2,FORD TRANSIT,-1,-1,0,-1
2021010297134,2021,010297134,1,19,0,9,9,7,4,0,0,0,0,0,0,0,3,1,1,1,1,47,8,2402,2,13,FORD TRANSIT,-1,-1,0,-1
2021622100123,2021,622100123,3,19,0,18,19,4,8,0,0,1,0,0,0,0,1,1,6,6,1,34,6,1995,2,0,FORD TRANSIT,3,W01001353,0,-1
2021010302563,2021,010302563,2,19,0,18,19,3,7,0,0,0,0,0,0,0,2,1,6,6,1,39,7,2198,2,7,FORD TRANSIT,7,E01024317,0,-1
2021421068247,2021,421068247,1,19,0,2,2,0,0,9,9,0,0,0,0,0,0,1,5,6,1,56,9,2402,2,18,FORD TRANSIT,7,E01021882,0,-1
2021141015865,2021,141015865,2,19,0,9,9,7,3,0,0,1,0,0,0,0,1,1,2,2,1,34,6,2198,2,13,FORD TRANSIT,5,E01007489,0,-1
2021041029256,2021,041029256,1,19,0,18,19,5,1,0,0,1,0,0,0,0,1,1,1,1,1,79,11,2198,2,11,FORD TRANSIT,5,E01025288,0,-1
2021471017323,2021,471017323,1,19,0,5,5,2,6,0,0,7,0,0,0,0,1,1,6,6,1,26,6,2198,2,8,FORD TRANSIT,-1,-1,0,-1
2021622100585,2021,622100585,2,19,0,18,19,6,2,0,0,8,0,0,2,11,3,1,1,1,1,44,7,2402,2,9,FORD TRANSIT,2,W01001885,0,-1
2021010315011,2021,010315011,1,19,0,18,19,3,7,0,0,8,0,0,0,0,1,1,1,1,1,28,6,2198,2,6,FORD TRANSIT,4,E01002964,0,-1
2021010349413,2021,010349413,1,19,0,6,6,4,4,0,0,0,0,0,0,0,1,1,1,1,1,32,6,1995,2,0,FORD TRANSIT,1,E01015282,0,-1
2021010319919,2021,010319919,2,19,0,9,9,7,4,0,0,0,0,0,0,0,1,2,6,6,1,53,8,2198,2,12,FORD TRANSIT,4,E01000745,0,-1
2021101058472,2021,101058472,2,19,0,2,2,1,5,0,0,1,0,0,0,0,1,1,1,1,1,18,4,2198,2,8,FORD TRANSIT,4,E01020636,0,-1
2021440307208,2021,440307208,2,19,0,18,19,1,5,0,0,8,0,0,1,1,3,1,6,6,1,35,6,2198,2,14,FORD TRANSIT,6,E01022736,0,-1
2021041067482,2021,041067482,1,19,0,5,5,3,7,0,0,4,0,0,0,0,1,1,1,1,1,25,5,2198,2,8,FORD TRANSIT,3,E01024892,0,-1
2021371118982,2021,371118982,6,19,0,16,19,7,6,0,0,0,0,0,0,0,1,1,5,6,1,63,9,2198,2,13,FORD TRANSIT,7,E01030155,0,-1
2021471081314,2021,471081314,2,19,0,18,19,3,7,0,0,8,1,0,0,0,1,1,2,2,1,37,7,2198,2,14,FORD TRANSIT,8,E01031659,0,-1
2021170M11541,2021,170M11541,1,19,0,18,19,6,2,0,0,8,0,0,0,0,1,1,1,1,1,27,6,1998,2,15,FORD TRANSIT,5,E01012054,0,-1
2021430327429,2021,430327429,2,19,0,11,11,4,8,0,0,0,0,0,0,0,4,1,6,6,1,-1,-1,1995,2,3,FORD TRANSIT,-1,-1,0,-1
2021430426222,2021,430426222,1,19,0,18,19,4,8,0,0,0,0,0,0,0,4,1,2,2,1,24,5,2198,2,7,FORD TRANSIT,4,E01016360,0,-1
2021430171487,2021,430171487,2,20,0,7,7,3,5,0,0,5,0,0,0,0,4,1,1,1,1,55,8,2198,2,6,FORD TRANSIT,-1,-1,0,-1
2021201060215,2021,201060215,1,19,0,11,11,4,7,0,0,4,0,0,0,0,4,1,1,1,1,27,6,2198,2,10,FORD TRANSIT,1,E01009114,0,-1
2021231097608,2021,231097608,1,19,0,1,1,6,2,0,0,6,0,0,0,0,0,1,1,1,1,30,6,2198,2,9,FORD TRANSIT,4,E01031054,0,-1
2021131126234,2021,131126234,1,19,0,18,19,5,1,0,0,0,0,0,7,7,3,1,5,6,1,36,7,2198,2,9,FORD TRANSIT,7,E01028163,0,-1
2021070329677,2021,070329677,1,19,0,5,5,7,3,0,0,4,0,0,0,0,1,1,2,2,1,48,8,2402,2,13,FORD TRANSIT,8,E01012385,0,-1
2021430221570,2021,430221570,3,19,0,18,19,8,4,0,0,0,0,0,0,0,0,1,6,6,1,-1,-1,2198,2,8,FORD TRANSIT,-1,-1,0,-1
2021010337328,2021,010337328,1,19,0,9,9,3,2,0,0,5,0,0,0,0,1,1,1,1,1,35,6,1995,2,3,FORD TRANSIT,9,E01000199,0,-1
2021052100586,2021,052100586,2,19,0,18,19,2,6,0,0,0,0,0,0,0,4,1,6,6,1,23,5,2198,2,9,FORD TRANSIT,3,E01006788,0,-1
2021010317173,2021,010317173,1,19,0,99,99,9,9,99,99,9,9,99,9,99,9,9,2,2,1,36,7,2198,2,13,FORD TRANSIT,3,E01000577,0,-1
2021471111311,2021,471111311,2,19,0,2,2,0,0,0,0,0,0,0,0,0,3,1,6,6,3,-1,-1,-1,-1,-1,FORD TRANSIT,-1,-1,0,-1
2021010344294,2021,010344294,1,19,0,14,14,4,8,0,0,0,0,0,0,0,3,1,6,6,1,62,9,2402,2,17,FORD TRANSIT,3,E01003154,0,-1
2021010345595,2021,010345595,2,19,0,18,19,1,5,0,0,1,0,0,0,0,4,1,6,6,1,30,6,1995,2,4,FORD TRANSIT,8,E01031732,0,-1
202134NNC0391,2021,34NNC0391,1,20,0,5,5,1,5,0,0,0,0,0,0,0,1,1,6,6,1,22,5,-1,-1,-1,FORD TRANSIT,6,E01027311,0,-1
2021501053563,2021,501053563,1,19,0,18,19,1,5,0,0,1,0,0,0,0,1,1,6,6,3,-1,-1,1998,2,16,FORD TRANSIT,-1,-1,0,-1
2021111078836,2021,111078836,1,19,0,6,6,3,7,0,0,2,0,0,0,0,4,1,1,1,1,29,6,2198,2,8,FORD TRANSIT,2,E01008385,0,-1
2021501049955,2021,501049955,2,19,0,18,19,7,3,0,0,0,0,0,1,11,1,1,1,1,1,35,6,1995,2,3,FORD TRANSIT,5,E01018920,0,-1
202131D076921,2021,31D076921,1,10,0,18,19,8,4,0,0,1,0,4,0,0,1,1,1,1,1,63,9,2198,2,6,FORD TRANSIT,1,E01013868,0,-1
2021991053190,2021,991053190,1,19,0,18,19,7,3,0,0,0,0,0,0,0,1,1,1,1,1,23,5,1995,2,1,FORD TRANSIT,1,-1,0,-1
2021311084899,2021,311084899,2,19,-1,3,3,6,1,0,0,2,0,0,0,0,2,1,1,1,1,72,10,2402,2,16,FORD TRANSIT,2,E01028313,0,-1
2021201147078,2021,201147078,2,19,0,2,2,0,0,0,0,0,0,0,0,0,1,1,1,1,1,29,6,1995,2,2,FORD TRANSIT,7,E01028835,0,-1
2021010317327,2021,010317327,2,19,0,99,99,9,9,99,99,0,9,99,9,99,9,9,6,6,3,31,6,1995,2,4,FORD TRANSIT,-1,-1,0,-1
2021221049407,2021,221049407,2,19,0,18,19,2,6,0,0,1,0,0,0,0,2,1,5,6,1,35,6,2198,2,6,FORD TRANSIT,7,E01008949,0,-1
2021141033022,2021,141033022,5,19,0,18,19,5,1,0,0,0,0,0,0,0,1,1,6,6,1,25,5,2198,2,11,FORD TRANSIT,4,E01019570,0,-1
2021052100739,2021,052100739,2,19,0,18,19,1,5,0,0,0,0,0,0,0,2,1,1,1,1,56,9,2198,2,8,FORD TRANSIT,5,E01006942,0,-1
2021221039161,2021,221039161,2,19,0,18,19,7,3,0,0,1,0,0,0,0,1,1,2,2,1,30,6,2402,2,11,FORD TRANSIT,8,E01032190,0,-1
2021471054393,2021,471054393,1,19,0,18,19,5,1,0,0,4,0,0,0,0,2,1,1,1,1,53,8,2402,2,10,FORD TRANSIT,6,E01031777,0,-1
2021070280519,2021,070280519,1,19,0,4,4,4,8,0,0,0,0,0,0,0,0,1,1,1,1,30,6,2402,2,11,FORD TRANSIT,1,E01006706,0,-1
2021010336203,2021,010336203,2,19,0,99,99,9,9,99,99,9,9,99,9,99,1,9,6,6,3,-1,-1,1995,2,4,FORD TRANSIT,7,E01001131,0,-1
2021010313781,2021,010313781,3,19,0,3,3,5,1,0,0,1,0,0,0,0,2,1,1,1,1,38,7,1995,2,4,FORD TRANSIT,7,E01023540,0,-1
2021010315269,2021,010315269,1,19,0,99,99,9,9,99,99,8,9,0,0,0,3,9,6,6,1,21,5,2402,2,19,FORD TRANSIT,4,E01001396,0,-1
2021201056231,2021,201056231,1,19,0,18,19,8,4,0,0,0,0,0,0,0,1,1,1,1,1,53,8,2198,2,12,FORD TRANSIT,1,E01009146,0,-1
2021010301182,2021,010301182,2,20,0,18,19,1,5,0,0,1,0,0,0,0,1,2,6,6,1,20,4,1995,2,3,FORD TRANSIT,10,E01000325,0,-1
2021010336966,2021,010336966,1,19,0,7,7,2,3,0,0,5,0,0,1,0,4,1,1,1,1,34,6,1995,2,2,FORD TRANSIT,1,E01004927,0,-1
2021010347442,2021,010347442,2,19,0,9,9,1,6,0,0,8,0,0,0,0,1,1,1,1,1,61,9,1995,2,4,FORD TRANSIT,5,E01002347,0,-1
20211382O0867,2021,1382O0867,1,19,0,7,7,7,1,0,0,5,2,0,0,0,3,1,6,6,1,-1,-1,2402,2,17,FORD TRANSIT,-1,-1,0,-1
2021010330621,2021,010330621,1,10,0,99,99,9,9,0,0,0,0,0,0,0,2,1,6,6,1,60,9,2198,2,3,FORD TRANSIT,2,E01003128,0,-1
2021010321650,2021,010321650,2,19,0,9,9,1,6,0,0,8,0,0,0,0,1,1,6,6,3,-1,-1,2198,2,7,FORD TRANSIT,-1,-1,0,-1
2021522100628,2021,522100628,1,19,0,2,2,0,0,0,0,2,0,0,0,0,2,1,6,6,1,44,7,2198,2,5,FORD TRANSIT,9,W01001398,0,-1
2021052100734,2021,052100734,1,19,0,18,19,7,3,0,0,0,0,0,0,0,1,1,6,6,1,66,10,2402,2,18,FORD TRANSIT,5,E01007109,0,-1
2021302100342,2021,302100342,1,19,0,18,19,4,8,0,0,0,0,0,0,0,1,1,6,6,1,-1,-1,2198,2,5,FORD TRANSIT,-1,-1,0,-1
2021411084129,2021,411084129,2,19,0,2,2,0,0,6,6,8,0,0,0,0,3,1,2,2,1,32,6,2198,2,5,FORD TRANSIT,10,E01023464,0,-1
2021991102151,2021,991102151,1,19,0,18,19,2,7,0,0,1,0,0,0,0,3,1,1,1,1,21,5,1995,2,4,FORD TRANSIT,2,-1,0,-1
2021451124584,2021,451124584,1,19,0,18,19,5,1,0,0,0,0,0,0,0,2,1,2,2,1,50,8,1995,2,2,FORD TRANSIT,3,E01001141,0,-1
2021131114431,2021,131114431,1,19,0,18,19,2,6,0,0,1,0,0,0,0,-1,1,6,6,3,-1,-1,2198,2,5,FORD TRANSIT,-1,-1,0,-1
2021010316799,2021,010316799,2,19,3,5,5,7,3,0,0,8,0,0,0,0,1,1,6,6,1,39,7,1995,2,2,FORD TRANSIT,3,E01004430,0,-1
2021231013967,2021,231013967,2,19,0,7,7,8,2,0,0,5,0,0,1,0,2,1,1,1,1,31,6,2198,2,11,FORD TRANSIT,4,E01032397,0,-1
2021211079275,2021,211079275,1,19,0,17,19,1,7,0,0,0,0,0,1,9,1,1,2,2,1,66,10,2198,2,10,FORD TRANSIT,4,E01029526,0,-1
2021010331273,2021,010331273,1,10,0,99,99,9,9,99,99,9,9,99,9,99,9,9,6,6,3,58,9,1995,2,1,FORD TRANSIT,6,E01002656,0,-1
2021552101220,2021,552101220,2,19,0,4,4,6,2,0,0,0,0,0,0,0,2,1,1,1,1,56,9,2198,2,5,FORD TRANSIT,1,E01022968,0,-1
2021461046150,2021,461046150,2,19,0,11,11,2,6,0,0,0,0,0,1,0,2,1,2,2,1,24,5,2198,2,7,FORD TRANSIT,1,E01027140,0,-1
2021471069139,2021,471069139,1,19,0,16,19,1,4,0,0,0,0,0,0,0,0,1,6,6,1,33,6,2402,2,13,FORD TRANSIT,6,E01031792,0,-1
2021010301501,2021,010301501,1,19,0,3,3,1,5,0,0,0,0,0,0,0,2,1,2,2,1,27,6,1995,2,0,FORD TRANSIT,8,E01030538,0,-1
2021401105327,2021,401105327,1,19,0,18,19,3,7,0,0,0,0,0,0,0,1,1,1,1,1,27,6,2198,2,8,FORD TRANSIT,10,E01018175,0,-1
2021010303142,2021,010303142,1,19,0,7,7,1,3,0,0,6,0,0,0,0,3,1,6,6,1,39,7,1995,2,4,FORD TRANSIT,5,E01001652,0,-1
2021351046106,2021,351046106,2,19,0,18,19,5,1,0,0,8,0,0,0,0,3,1,1,1,1,47,8,2198,2,14,FORD TRANSIT,5,E01033176,0,-1
2021451035594,2021,451035594,2,19,0,1,1,1,5,0,0,8,0,0,0,0,2,1,6,6,1,25,5,2402,2,14,FORD TRANSIT,4,E01016447,0,-1
2021131127128,2021,131127128,3,19,0,7,7,5,3,0,0,5,0,0,0,0,2,1,1,1,1,34,6,1995,2,3,FORD TRANSIT,2,E01005026,0,-1
2021010325846,2021,010325846,2,19,0,1,1,3,8,0,0,5,0,0,0,0,3,1,6,6,3,-1,-1,1995,2,0,FORD TRANSIT,-1,-1,0,-1
2021010340087,2021,010340087,2,19,0,18,19,3,7,0,0,1,0,0,0,0,1,1,2,2,1,21,5,1995,2,1,FORD TRANSIT,5,E01002232,0,-1
2021010344649,2021,010344649,2,19,0,99,99,9,9,99,99,9,9,99,9,99,9,9,6,6,3,37,7,2402,2,14,FORD TRANSIT,8,E01003422,0,-1
2021131057288,2021,131057288,1,19,0,7,7,4,2,0,0,1,0,0,0,0,4,1,5,6,1,35,6,2198,2,13,FORD TRANSIT,4,E01010591,0,-1
2021451062224,2021,451062224,2,19,0,18,19,1,5,0,0,0,1,0,0,0,1,1,2,2,1,38,7,1995,2,2,FORD TRANSIT,4,E01016512,0,-1
2021010319347,2021,010319347,1,19,0,1,1,1,5,0,0,1,0,0,0,0,2,1,1,1,1,30,6,1995,2,3,FORD TRANSIT,3,E01000114,0,-1
2021461127030,2021,461127030,3,19,0,4,4,7,3,0,0,0,0,0,0,0,1,1,5,6,1,48,8,1995,2,3,FORD TRANSIT,8,E01032571,0,-1
202134NNC6401,2021,34NNC6401,1,19,0,18,19,3,7,0,0,0,0,0,1,4,1,1,1,1,1,21,5,1995,2,2,FORD TRANSIT,9,E01021682,0,-1
2021131105771,2021,131105771,2,20,0,18,19,7,3,0,0,0,0,0,0,0,2,1,1,1,1,29,6,2198,2,8,FORD TRANSIT,4,E01011320,0,-1
2021461051834,2021,461051834,3,19,0,4,4,6,2,0,0,0,0,0,0,0,2,1,2,2,1,37,7,1995,2,4,FORD TRANSIT,10,E01021609,0,-1
2021070204346,2021,070204346,2,19,0,18,19,4,8,0,0,1,0,0,0,0,1,1,1,1,1,60,9,1995,2,3,FORD TRANSIT,7,E01006303,0,-1
2021302100036,2021,302100036,1,20,0,9,9,4,2,0,0,1,0,0,0,0,4,1,1,1,1,50,8,1995,2,1,FORD TRANSIT,3,E01013508,0,-1
2021141012633,2021,141012633,1,19,0,18,19,7,3,0,0,0,0,6,7,4,1,1,6,6,1,27,6,1998,2,15,FORD TRANSIT,2,E01007336,0,-1
2021031068116,2021,031068116,3,19,0,18,19,1,5,0,0,0,0,0,4,0,4,1,1,1,1,61,9,1995,2,4,FORD TRANSIT,9,E01019255,0,-1
2021451108932,2021,451108932,3,19,0,4,4,1,5,0,0,0,0,0,0,0,1,1,1,1,1,25,5,2198,2,6,FORD TRANSIT,10,E01022882,0,-1
2021622100600,2021,622100600,2,19,0,18,19,3,7,0,0,1,0,0,0,0,1,1,6,6,1,57,9,1995,2,1,FORD TRANSIT,6,W01001564,0,-1
2021991052759,2021,991052759,1,20,0,9,9,7,4,0,0,6,0,0,0,0,1,1,1,1,1,54,8,1995,2,0,FORD TRANSIT,1,-1,0,-1
2021440187932,2021,440187932,2,19,0,2,2,0,0,6,6,2,0,0,0,0,2,1,6,6,1,45,7,2402,2,15,FORD TRANSIT,5,E01023015,0,-1
2021052200014,2021,052200014,2,19,0,3,3,3,7,0,0,0,0,0,0,0,2,1,1,1,1,38,7,1995,2,0,FORD TRANSIT,1,E01006765,0,-1
2021371093489,2021,371093489,1,19,0,18,19,7,3,0,0,0,0,0,0,0,0,1,1,1,1,42,7,2198,2,14,FORD TRANSIT,5,E01030215,0,-1
2021440322287,2021,440322287,3,19,0,18,19,3,7,0,0,0,0,0,0,0,2,1,1,1,1,57,9,2198,2,8,FORD TRANSIT,-1,-1,0,-1
202131D017021,2021,31D017021,2,19,0,18,19,2,6,0,0,0,0,0,0,0,1,1,6,6,1,50,8,1998,2,17,FORD TRANSIT,5,E01027941,0,-1
2021522102295,2021,522102295,1,19,4,18,19,5,1,0,0,2,0,0,0,0,4,1,6,6,3,-1,-1,1995,2,2,FORD TRANSIT,-1,-1,0,-1
2021010300918,2021,010300918,2,19,0,99,99,9,9,0,0,0,0,0,0,0,9,9,6,6,3,-1,-1,2402,2,15,FORD TRANSIT,-1,-1,0,-1
2021461041536,2021,461041536,1,19,0,7,7,5,7,0,0,6,0,0,0,0,1,1,6,6,1,38,7,2198,2,10,FORD TRANSIT,7,E01024558,0,-1
202131C149121,2021,31C149121,1,19,0,7,7,2,3,0,0,6,0,0,0,0,1,1,6,6,1,46,8,1995,2,1,FORD TRANSIT,1,E01013812,0,-1
2021131100881,2021,131100881,1,19,0,18,19,5,1,0,0,0,1,0,0,0,1,1,2,2,1,29,6,2198,2,10,FORD TRANSIT,2,E01008089,0,-1
2021471091773,2021,471091773,1,19,0,6,6,7,7,0,0,1,0,0,0,0,4,1,1,1,1,49,8,2198,2,13,FORD TRANSIT,4,E01033329,0,-1
2021131037023,2021,131037023,1,19,0,18,19,7,7,6,6,0,0,0,0,0,1,1,2,2,1,29,6,2198,2,6,FORD TRANSIT,7,E01010897,0,-1
2021010326761,2021,010326761,1,19,0,99,99,9,9,99,99,0,9,99,0,0,2,9,6,6,3,-1,-1,2402,2,13,FORD TRANSIT,-1,-1,0,-1
2021138170404,2021,138170404,2,19,0,18,19,4,8,0,0,8,1,0,1,10,3,1,1,1,1,49,8,2198,2,9,FORD TRANSIT,4,E01011841,0,-1
2021991119495,2021,991119495,2,19,0,10,10,3,1,0,0,8,0,0,0,0,1,1,1,1,1,35,6,2198,2,7,FORD TRANSIT,3,-1,0,-1
2021111034250,2021,111034250,3,19,0,18,19,3,7,0,0,1,0,0,0,0,1,1,1,1,1,55,8,1995,2,4,FORD TRANSIT,-1,-1,0,-1
2021440145541,2021,440145541,2,19,0,2,2,0,0,0,0,0,0,0,0,0,2,1,6,6,3,-1,-1,2198,2,7,FORD TRANSIT,-1,-1,0,-1
2021471054555,2021,471054555,2,19,0,9,9,1,7,0,0,1,0,0,0,0,3,1,1,1,1,32,6,1995,2,0,FORD TRANSIT,4,E01001683,0,-1
2021221031478,2021,221031478,2,19,0,7,7,5,7,0,0,6,0,0,0,0,3,1,1,1,1,29,6,2198,2,7,FORD TRANSIT,8,W01000472,0,-1
2021010328083,2021,010328083,2,19,9,99,99,9,9,99,99,9,0,99,9,99,9,9,6,6,1,20,4,2198,2,5,FORD TRANSIT,2,E01000072,0,-1
2021131079121,2021,131079121,2,19,0,18,19,7,3,0,0,8,0,0,0,0,1,1,1,1,1,67,10,1995,2,5,FORD TRANSIT,7,E01011531,0,-1
2021010324567,2021,010324567,2,19,0,2,2,0,0,0,0,0,0,0,0,0,3,1,6,6,3,-1,-1,2198,2,14,FORD TRANSIT,-1,-1,0,-1
2021122101045,2021,122101045,3,19,0,4,4,6,2,0,0,0,0,0,0,0,1,1,6,6,1,32,6,2402,2,11,FORD TRANSIT,8,E01013073,0,-1