collision_index,collision_year,collision_ref_no,vehicle_reference,vehicle_type,towing_and_articulation,vehicle_manoeuvre_historic,vehicle_manoeuvre,vehicle_direction_from,vehicle_direction_to,vehicle_location_restricted_lane_historic,vehicle_location_restricted_lane,junction_location,skidding_and_overturning,hit_object_in_carriageway,vehicle_leaving_carriageway,hit_object_off_carriageway,first_point_of_impact,vehicle_left_hand_drive,journey_purpose_of_driver_historic,journey_purpose_of_driver,sex_of_driver,age_of_driver,age_band_of_driver,engine_capacity_cc,propulsion_code,age_of_vehicle,generic_make_model,driver_imd_decile,lsoa_of_driver,escooter_flag,driver_distance_banding
2021351080311,2021,351080311,1,19,0,18,19,-1,-1,0,0,0,0,0,0,0,1,1,1,1,1,43,7,1995,2,4,FORD TRANSIT,3,E01021840,0,-1
2021421101809,2021,421101809,2,19,0,10,10,1,5,0,0,1,0,0,0,0,1,1,1,1,1,41,7,1995,2,2,FORD TRANSIT,-1,-1,0,-1
2021010292669,2021,010292669,1,19,9,99,99,9,9,0,0,9,9,99,9,99,9,9,2,2,1,48,8,1995,2,4,FORD TRANSIT,4,E01002869,0,-1
2021170S41391,2021,170S41391,4,19,0,18,19,8,4,0,0,1,0,0,0,0,1,1,1,1,1,28,6,1995,2,0,FORD TRANSIT,-1,-1,0,-1
2021010336490,2021,010336490,2,19,0,99,99,9,9,99,99,0,9,99,9,99,2,9,6,6,1,-1,-1,2198,2,13,FORD TRANSIT,1,E01003070,0,-1
2021622100490,2021,622100490,1,19,0,15,15,8,4,0,0,0,0,0,0,0,2,1,1,1,1,50,8,1995,2,0,FORD TRANSIT,6,E01007029,0,-1
2021471020525,2021,471020525,2,19,0,5,5,5,4,0,0,2,0,0,0,0,1,1,2,2,1,30,6,2402,2,12,FORD TRANSIT,4,E01031795,0,-1
2021010309256,2021,010309256,2,19,0,9,9,1,7,0,0,5,1,0,0,0,3,1,2,2,1,20,4,2402,2,9,FORD TRANSIT,7,E01003003,0,-1
2021010300237,2021,010300237,1,19,0,1,1,1,6,0,0,1,0,0,0,0,2,2,1,1,1,55,8,1995,2,3,FORD TRANSIT,3,E01024166,0,-1
2021302100106,2021,302100106,5,19,0,18,19,6,2,0,0,0,1,0,0,0,1,1,1,1,1,51,8,1995,2,3,FORD TRANSIT,5,E01019791,0,-1
2021141082599,2021,141082599,3,19,0,2,2,0,0,0,0,2,0,0,0,0,4,1,6,6,3,-1,-1,2198,2,9,FORD TRANSIT,-1,-1,0,-1
2021421096492,2021,421096492,2,19,0,18,19,3,3,0,0,0,0,0,0,0,3,1,5,6,1,73,10,2198,2,9,FORD TRANSIT,2,E01021507,0,-1
2021991061031,2021,991061031,2,19,0,9,9,4,2,0,0,6,0,0,0,0,1,1,6,6,1,28,6,2198,2,13,FORD TRANSIT,1,-1,0,-1
2021471086443,2021,471086443,1,19,0,18,19,1,5,0,0,0,0,0,0,0,1,1,1,1,1,32,6,2402,2,14,FORD TRANSIT,9,E01031340,0,-1
2021131056971,2021,131056971,2,19,0,9,9,3,1,0,0,6,0,0,0,0,3,1,5,6,1,31,6,2402,2,14,FORD TRANSIT,1,E01011910,0,-1
2021010340818,2021,010340818,2,19,0,99,99,9,9,99,99,9,9,99,9,99,1,9,6,6,3,-1,-1,1998,2,18,FORD TRANSIT,1,E01001196,0,-1
2021101059871,2021,101059871,2,19,0,18,19,7,3,0,0,0,0,0,0,0,3,1,5,6,1,49,8,1995,2,2,FORD TRANSIT,7,-1,0,-1
2021361145522,2021,361145522,2,19,0,18,19,2,6,0,0,0,0,0,0,0,4,1,1,1,1,37,7,2402,2,15,FORD TRANSIT,5,E01018067,0,-1
2021010335426,2021,010335426,2,19,0,99,99,9,9,99,99,9,9,99,9,99,1,9,6,6,3,-1,-1,2402,2,16,FORD TRANSIT,2,E01031808,0,-1
2021061113904,2021,061113904,1,19,0,5,5,3,8,0,0,8,0,0,0,0,3,1,1,1,1,27,6,1995,2,0,FORD TRANSIT,4,E01006187,0,-1
2021010304793,2021,010304793,2,10,0,18,19,3,7,0,0,1,0,0,0,0,0,1,1,1,1,39,7,-1,-1,-1,FORD TRANSIT,4,E01001883,0,-1
2021122200096,2021,122200096,1,19,0,9,9,8,2,0,0,1,0,0,0,0,1,1,2,2,1,32,6,2402,2,9,FORD TRANSIT,5,E01013437,0,-1
2021061052414,2021,061052414,2,19,0,18,19,4,6,0,0,0,0,0,0,0,1,1,6,6,1,30,6,-1,-1,-1,FORD TRANSIT,9,E01033219,0,-1
2021991113074,2021,991113074,1,19,0,18,19,6,2,0,0,0,0,0,0,0,1,1,1,1,1,38,7,1995,2,4,FORD TRANSIT,4,-1,0,-1
2021501080181,2021,501080181,1,19,0,9,9,3,1,0,0,8,0,0,0,0,1,1,6,6,1,35,6,2198,2,15,FORD TRANSIT,1,E01018997,0,-1
2021430511847,2021,430511847,1,19,0,18,19,4,1,0,0,8,0,0,0,0,4,1,6,6,1,32,6,1995,2,0,FORD TRANSIT,-1,-1,0,-1
2021010333272,2021,010333272,2,19,0,9,9,5,2,0,0,2,0,0,0,0,3,1,6,6,1,22,5,1995,2,0,FORD TRANSIT,2,E01003832,0,-1
2021552100218,2021,552100218,1,20,4,18,19,2,6,0,0,0,0,0,0,0,3,1,1,1,1,47,8,-1,-1,-1,FORD TRANSIT,2,E01015430,0,-1
2021361041688,2021,361041688,1,19,0,18,19,-1,-1,0,0,0,0,0,0,0,4,1,6,6,1,31,6,1995,2,3,FORD TRANSIT,10,E01026506,0,-1
2021622100466,2021,622100466,2,19,0,18,19,3,7,0,0,0,0,0,0,0,1,1,6,6,1,40,7,2402,2,15,FORD TRANSIT,4,W01001610,0,-1
2021201141341,2021,201141341,1,19,0,18,19,3,7,0,0,1,0,0,0,0,1,1,6,6,1,-1,-1,2402,2,18,FORD TRANSIT,-1,-1,0,-1
2021122100253,2021,122100253,1,19,0,5,5,8,4,0,0,6,5,0,1,1,4,1,6,6,1,54,8,2198,2,11,FORD TRANSIT,10,E01013361,0,-1
2021421059411,2021,421059411,2,19,0,4,4,3,7,0,0,0,0,0,0,0,2,1,5,6,1,57,9,1995,2,4,FORD TRANSIT,9,E01021682,0,-1
2021031016776,2021,031016776,1,19,0,11,11,6,6,0,0,1,0,0,0,0,1,1,1,1,1,55,8,1995,2,2,FORD TRANSIT,1,E01019097,0,-1
2021041027200,2021,041027200,1,19,0,18,19,5,1,0,0,8,0,0,0,0,1,1,5,6,1,28,6,2402,2,19,FORD TRANSIT,8,E01025437,0,-1
2021010316802,2021,010316802,2,19,0,99,99,9,9,99,99,9,9,99,9,99,9,9,6,6,3,-1,-1,2198,2,13,FORD TRANSIT,-1,-1,0,-1
2021041024991,2021,041024991,1,19,0,4,4,1,5,0,0,5,0,0,0,0,2,1,2,2,1,55,8,2198,2,9,FORD TRANSIT,8,E01024957,0,-1
2021010329417,2021,010329417,1,19,0,10,10,3,1,0,0,2,0,0,0,0,1,1,6,6,1,76,11,1998,2,15,FORD TRANSIT,4,E01002607,0,-1
2021430510352,2021,430510352,1,20,0,18,19,7,3,0,0,0,0,0,0,0,3,1,1,1,1,20,4,1995,2,2,FORD TRANSIT,8,E01009530,0,-1
2021411053812,2021,411053812,2,19,0,7,7,7,5,0,0,1,0,0,0,0,0,1,6,6,1,55,8,2198,2,5,FORD TRANSIT,9,E01015806,0,-1
2021010341025,2021,010341025,2,19,0,3,3,2,6,0,0,0,0,0,0,0,2,1,1,1,1,44,7,1995,2,2,FORD TRANSIT,7,E01000400,0,-1
2021010289355,2021,010289355,2,19,0,2,2,0,0,0,0,0,0,0,0,0,2,1,6,6,3,-1,-1,2198,2,9,FORD TRANSIT,-1,-1,0,-1
2021010331620,2021,010331620,2,19,0,3,3,1,5,0,0,0,0,0,0,0,0,1,1,1,1,39,7,1995,2,3,FORD TRANSIT,5,E01016554,0,-1
2021231031495,2021,231031495,2,19,0,2,2,0,0,0,0,0,0,0,0,0,2,1,1,1,1,37,7,2198,2,5,FORD TRANSIT,7,E01029937,0,-1
2021070230779,2021,070230779,1,19,0,1,1,5,1,0,0,1,0,0,0,0,2,1,1,1,1,23,5,2198,2,5,FORD TRANSIT,1,E01006108,0,-1
2021430341108,2021,430341108,1,19,0,18,19,6,2,0,0,0,0,0,0,0,4,1,1,1,1,30,6,1995,2,1,FORD TRANSIT,6,E01023155,0,-1
2021010351682,2021,010351682,1,19,9,99,99,9,9,99,99,0,9,99,9,99,9,9,6,6,3,-1,-1,2198,2,8,FORD TRANSIT,-1,-1,0,-1
2021221046788,2021,221046788,1,19,0,9,9,4,2,0,0,6,0,0,0,0,3,1,5,6,1,54,8,1995,2,3,FORD TRANSIT,7,E01032399,0,-1
2021010345476,2021,010345476,1,20,1,18,19,2,6,0,0,0,0,0,0,0,1,1,1,1,1,53,8,1995,2,2,FORD TRANSIT,10,E01002978,0,-1
2021131064342,2021,131064342,2,19,0,18,19,6,6,0,0,1,0,0,0,0,1,1,2,2,1,31,6,2198,2,9,FORD TRANSIT,5,E01011218,0,-1
202131C194321,2021,31C194321,1,19,5,1,1,1,5,0,0,0,0,0,0,0,2,1,1,1,1,33,6,2402,2,11,FORD TRANSIT,1,E01013876,0,-1
2021061091103,2021,061091103,2,19,0,7,7,7,1,0,0,0,0,0,0,0,1,1,5,6,3,30,6,2402,2,15,FORD TRANSIT,-1,-1,0,-1
2021010309907,2021,010309907,1,19,0,99,99,9,9,99,99,0,9,99,9,99,9,1,1,1,1,47,8,2402,2,11,FORD TRANSIT,3,E01003588,0,-1
2021371070552,2021,371070552,1,19,0,18,19,2,6,0,0,0,0,0,0,0,3,1,1,1,1,29,6,1995,2,5,FORD TRANSIT,-1,-1,0,-1
2021041038243,2021,041038243,2,19,0,4,4,1,5,0,0,0,0,0,0,0,2,1,1,1,1,36,7,2198,2,6,FORD TRANSIT,7,E01025417,0,-1
2021440174546,2021,440174546,2,19,0,13,13,1,5,0,0,1,0,0,0,0,4,1,1,1,1,33,6,2198,2,8,FORD TRANSIT,4,E01022817,0,-1
2021501085287,2021,501085287,3,19,0,17,19,3,7,0,0,0,0,0,0,0,1,1,1,1,1,55,8,2198,2,9,FORD TRANSIT,9,E01019017,0,-1
2021411030100,2021,411030100,2,19,0,16,19,5,1,0,0,1,1,0,1,0,1,1,1,1,1,48,8,1995,2,0,FORD TRANSIT,5,E01023939,0,-1
2021451037053,2021,451037053,1,19,0,18,19,1,5,0,0,0,0,0,0,0,1,1,1,1,1,24,5,2402,2,12,FORD TRANSIT,10,E01030319,0,-1
2021061053611,2021,061053611,1,19,0,3,3,6,2,9,9,1,0,0,0,0,3,1,1,1,1,28,6,1998,2,17,FORD TRANSIT,8,E01005913,0,-1
2021101042275,2021,101042275,2,19,0,3,3,3,7,0,0,1,0,0,0,0,1,1,1,1,1,37,7,2198,2,13,FORD TRANSIT,6,E01008386,0,-1
2021622100966,2021,622100966,1,19,0,7,7,6,8,0,0,1,0,0,0,0,1,1,6,6,1,31,6,1995,2,0,FORD TRANSIT,6,W01001147,0,-1
2021122100733,2021,122100733,1,19,0,18,19,5,1,0,0,1,1,0,1,0,1,1,1,1,1,26,6,2198,2,6,FORD TRANSIT,2,E01011235,0,-1
2021010338250,2021,010338250,1,19,0,4,4,7,3,0,0,1,0,0,0,0,1,1,6,6,1,25,5,2198,2,9,FORD TRANSIT,3,E01002595,0,-1
2021622100205,2021,622100205,1,19,0,9,9,6,4,0,0,2,0,0,0,0,1,1,1,1,1,48,8,2198,2,7,FORD TRANSIT,6,W01001000,0,-1
2021070498470,2021,070498470,1,19,0,9,9,2,6,0,0,8,0,0,0,0,1,1,1,1,1,42,7,2198,2,6,FORD TRANSIT,4,E01018647,0,-1
2021201096313,2021,201096313,3,19,0,2,2,0,0,0,0,1,0,0,0,0,0,1,1,1,1,50,8,2198,2,5,FORD TRANSIT,8,E01009958,0,-1
2021010328686,2021,010328686,1,19,0,18,19,3,7,0,0,0,0,0,0,0,4,1,6,6,1,48,8,2198,2,12,FORD TRANSIT,2,E01001331,0,-1
2021010348032,2021,010348032,2,19,0,99,99,9,9,99,99,9,9,99,9,99,1,9,6,6,3,-1,-1,2198,2,14,FORD TRANSIT,-1,-1,0,-1
2021421087650,2021,421087650,1,19,0,18,19,5,1,0,0,0,1,0,0,0,1,1,1,1,1,29,6,2198,2,6,FORD TRANSIT,5,E01003773,0,-1
2021371072496,2021,371072496,2,19,0,18,19,7,3,0,0,1,0,0,0,0,1,1,1,1,1,23,5,1995,2,0,FORD TRANSIT,6,E01029877,0,-1
2021991024427,2021,991024427,1,19,0,9,9,5,3,0,0,6,0,0,0,0,2,1,2,2,1,57,9,1995,2,3,FORD TRANSIT,7,-1,0,-1
2021010341216,2021,010341216,2,11,0,99,99,9,9,99,99,9,9,99,9,99,1,9,6,6,3,74,10,2198,2,4,FORD TRANSIT,3,E01001446,0,-1
2021010297290,2021,010297290,1,19,0,2,2,0,0,0,0,0,0,0,0,0,2,1,6,6,3,-1,-1,2198,2,7,FORD TRANSIT,-1,-1,0,-1
2021201036294,2021,201036294,1,19,4,5,5,6,2,0,0,0,0,0,0,0,0,1,1,1,1,57,9,1995,2,3,FORD TRANSIT,7,E01031068,0,-1
2021052102426,2021,052102426,1,19,0,4,4,5,1,0,0,1,0,0,0,0,1,1,1,1,1,59,9,1995,2,0,FORD TRANSIT,3,E01012505,0,-1
2021031086450,2021,031086450,1,19,0,18,19,1,5,0,0,0,5,0,1,0,1,1,1,1,1,31,6,1995,2,2,FORD TRANSIT,3,E01013510,0,-1
2021320543599,2021,320543599,1,19,0,18,19,2,6,0,0,0,5,0,0,0,1,1,6,6,1,19,4,2402,2,19,FORD TRANSIT,5,E01013211,0,-1
2021010346228,2021,010346228,2,19,0,99,99,9,9,99,99,9,9,99,9,99,9,9,6,6,3,-1,-1,1995,2,0,FORD TRANSIT,6,E01030586,0,-1
2021440362471,2021,440362471,3,19,0,18,19,1,5,0,0,0,0,0,0,0,3,1,6,6,1,43,7,2198,2,10,FORD TRANSIT,7,E01017329,0,-1
2021610057621,2021,610057621,1,19,0,2,2,0,0,6,6,0,0,0,0,0,2,1,1,1,1,27,6,2198,2,9,FORD TRANSIT,2,W01001385,0,-1
2021501117636,2021,501117636,1,19,0,5,5,2,6,0,0,8,0,0,0,0,4,1,1,1,1,32,6,1995,2,3,FORD TRANSIT,10,E01020062,0,-1
2021501089801,2021,501089801,2,19,0,18,19,8,4,0,0,1,0,0,7,2,1,1,1,1,1,57,9,1995,2,1,FORD TRANSIT,3,E01015193,0,-1
2021070628273,2021,070628273,1,19,0,18,19,6,2,0,0,1,0,0,0,0,1,1,6,6,1,-1,-1,2198,2,8,FORD TRANSIT,-1,-1,0,-1
2021010307214,2021,010307214,2,19,0,99,99,9,9,99,99,9,9,99,9,99,2,9,6,6,3,-1,-1,2402,2,13,FORD TRANSIT,-1,-1,0,-1
2021101019201,2021,101019201,1,19,0,17,19,7,7,0,0,0,0,0,0,0,1,1,1,1,1,26,6,1995,2,4,FORD TRANSIT,-1,-1,0,-1
2021070342469,2021,070342469,3,19,0,3,3,4,8,0,0,0,0,0,0,0,2,1,1,1,1,56,9,2198,2,9,FORD TRANSIT,8,E01006809,0,-1
2021471050415,2021,471050415,1,19,0,16,19,7,2,0,0,0,1,0,1,4,1,1,6,6,1,49,8,2402,2,15,FORD TRANSIT,5,E01021114,0,-1
2021010351058,2021,010351058,1,19,0,7,7,5,7,0,0,5,0,0,0,0,3,1,6,6,1,54,8,1995,2,3,FORD TRANSIT,9,E01000827,0,-1
2021101032307,2021,101032307,1,19,0,15,15,6,2,0,0,0,0,4,0,0,1,1,1,1,1,32,6,2198,2,6,FORD TRANSIT,5,E01020650,0,-1
2021010333021,2021,010333021,1,19,0,3,3,1,5,0,0,3,0,0,0,0,4,1,2,2,1,45,7,2402,2,15,FORD TRANSIT,10,E01002430,0,-1
2021010315078,2021,010315078,2,19,0,99,99,9,9,99,99,0,9,99,9,99,9,9,6,6,3,-1,-1,2198,2,13,FORD TRANSIT,-1,-1,0,-1
2021552100281,2021,552100281,1,19,0,6,6,7,7,0,0,8,0,0,0,0,3,1,6,6,1,24,5,1998,2,17,FORD TRANSIT,-1,-1,0,-1
2021451103449,2021,451103449,2,19,0,18,19,7,3,0,0,0,0,0,0,0,4,1,6,6,1,32,6,1995,2,4,FORD TRANSIT,9,E01016576,0,-1
2021161113749,2021,161113749,2,19,0,18,19,6,2,0,0,8,0,0,0,0,4,1,1,1,1,35,6,1995,2,2,FORD TRANSIT,7,E01033106,0,-1
2021061088163,2021,061088163,2,19,0,18,19,1,5,0,0,1,0,0,0,0,1,1,1,1,1,32,6,1995,2,2,FORD TRANSIT,9,E01018727,0,-1
2021010331756,2021,010331756,1,19,0,18,19,1,5,0,0,1,0,12,0,0,1,1,2,2,1,22,5,2198,2,13,FORD TRANSIT,5,E01021800,0,-1
2021221108982,2021,221108982,1,19,0,1,1,2,6,0,0,0,0,0,0,0,2,1,6,6,1,35,6,2198,2,15,FORD TRANSIT,-1,-1,0,-1
2021141077017,2021,141077017,1,19,0,18,19,1,5,0,0,1,1,0,0,0,1,1,6,6,1,35,6,2198,2,12,FORD TRANSIT,1,E01007574,0,-1
2021421058974,2021,421058974,2,19,0,18,19,3,7,0,0,0,0,0,0,0,2,1,1,1,1,59,9,1995,2,3,FORD TRANSIT,10,E01026294,0,-1
2021552101274,2021,552101274,2,19,0,18,19,2,6,0,0,0,0,0,0,0,1,1,1,1,1,46,8,1995,2,3,FORD TRANSIT,6,E01020529,0,-1
2021991117921,2021,991117921,1,19,0,16,19,3,6,0,0,1,0,0,7,0,1,1,1,1,1,60,9,1995,2,0,FORD TRANSIT,5,-1,0,-1
2021991039874,2021,991039874,1,19,0,18,19,6,2,0,0,2,0,0,1,11,1,1,1,1,1,54,8,1995,2,1,FORD TRANSIT,5,-1,0,-1
2021421095262,2021,421095262,1,19,0,18,19,7,3,0,0,4,0,0,0,0,1,1,1,1,1,21,5,1995,2,3,FORD TRANSIT,-1,-1,0,-1
2021010332737,2021,010332737,2,19,0,99,99,9,9,99,99,9,9,99,9,99,1,9,6,6,3,-1,-1,2402,2,16,FORD TRANSIT,-1,-1,0,-1
2021542975521,2021,542975521,1,19,0,18,19,7,3,0,0,1,0,0,0,0,1,1,1,1,1,29,6,2198,2,5,FORD TRANSIT,2,E01015539,0,-1
2021501074935,2021,501074935,1,19,0,18,19,3,7,0,0,8,0,0,0,0,1,1,1,1,1,47,8,1995,2,0,FORD TRANSIT,3,E01015206,0,-1
2021991111360,2021,991111360,2,19,0,2,2,0,0,0,0,8,0,0,0,0,2,1,6,6,3,-1,-1,2198,2,11,FORD TRANSIT,-1,-1,0,-1
2021161082024,2021,161082024,2,19,0,2,2,0,0,9,9,2,0,0,0,0,3,1,6,6,3,-1,-1,2496,2,22,FORD TRANSIT,-1,-1,0,-1
2021991075174,2021,991075174,2,19,0,2,2,3,7,6,6,0,0,0,0,0,2,1,1,1,1,54,8,1995,2,3,FORD TRANSIT,4,-1,0,-1
2021421097473,2021,421097473,1,19,0,18,19,7,3,0,0,2,0,0,0,0,4,1,6,6,1,21,5,2198,2,5,FORD TRANSIT,3,E01015956,0,-1
2021201077192,2021,201077192,3,19,0,2,2,0,0,0,0,0,0,0,0,0,1,1,6,6,1,55,8,2402,2,15,FORD TRANSIT,10,E01010227,0,-1
2021411133809,2021,411133809,1,20,0,18,19,5,1,0,0,7,0,4,1,0,1,1,1,1,1,30,6,1995,2,0,FORD TRANSIT,5,E01023331,0,-1
2021421058539,2021,421058539,2,19,0,5,5,1,4,0,0,3,0,0,0,0,2,1,1,1,1,30,6,1995,2,3,FORD TRANSIT,9,E01023460,0,-1
2021351128563,2021,351128563,2,19,0,18,19,6,2,0,0,0,0,0,1,0,3,1,1,1,1,35,6,2198,2,7,FORD TRANSIT,6,E01018052,0,-1
2021501088985,2021,501088985,2,20,0,18,19,3,7,0,0,0,0,0,0,0,1,1,5,6,1,75,10,-1,-1,-1,FORD TRANSIT,8,E01024057,0,-1
2021041113880,2021,041113880,1,19,0,18,19,1,5,0,0,0,0,0,0,0,1,1,5,6,1,-1,-1,2198,2,8,FORD TRANSIT,1,E01012595,0,-1
2021010321701,2021,010321701,1,19,0,18,19,1,5,0,0,0,0,0,0,0,0,1,1,1,1,28,6,2402,2,13,FORD TRANSIT,6,E01001662,0,-1
2021010314369,2021,010314369,1,19,0,18,19,5,1,0,0,1,0,0,0,0,1,1,1,1,1,59,9,1995,2,2,FORD TRANSIT,6,E01021794,0,-1
2021440141698,2021,440141698,1,19,0,9,9,6,4,0,0,6,0,0,0,0,3,1,2,2,1,32,6,2198,2,11,FORD TRANSIT,4,E01017258,0,-1
2021231065965,2021,231065965,1,19,0,18,19,2,6,0,0,0,0,0,4,6,1,1,1,1,1,23,5,2198,2,10,FORD TRANSIT,7,E01025618,0,-1
2021430071291,2021,430071291,1,19,0,9,9,7,5,0,0,5,0,0,0,0,1,1,6,6,3,-1,-1,2402,2,9,FORD TRANSIT,-1,-1,0,-1
2021131092877,2021,131092877,1,19,0,18,19,5,1,0,0,1,0,0,0,0,4,1,2,2,1,36,7,2198,2,5,FORD TRANSIT,2,E01011943,0,-1
2021501109584,2021,501109584,1,20,4,18,19,1,5,0,0,1,1,0,0,0,1,1,1,1,1,38,7,-1,-1,-1,FORD TRANSIT,2,E01020280,0,-1
202131D053321,2021,31D053321,2,19,0,1,1,8,4,0,0,1,0,0,0,0,2,1,1,1,1,31,6,1995,2,0,FORD TRANSIT,5,E01019470,0,-1
2021061055861,2021,061055861,2,19,0,18,19,3,7,0,0,0,0,0,0,0,1,1,6,6,3,30,6,2198,2,11,FORD TRANSIT,-1,-1,0,-1
2021371047226,2021,371047226,2,19,0,4,4,5,1,0,0,0,0,0,0,0,2,1,2,2,1,30,6,2402,2,14,FORD TRANSIT,6,E01029944,0,-1
2021141050189,2021,141050189,1,19,0,4,4,5,1,0,0,0,0,0,0,0,2,1,1,1,1,55,8,2402,2,10,FORD TRANSIT,1,E01007718,0,-1
2021451021174,2021,451021174,1,19,0,7,7,7,3,0,0,3,1,0,0,0,0,1,2,2,1,32,6,2402,2,15,FORD TRANSIT,7,E01030858,0,-1
2021302100981,2021,302100981,1,19,0,18,19,4,8,0,0,0,0,0,0,0,1,1,2,2,1,68,10,2198,2,11,FORD TRANSIT,4,E01033171,0,-1
2021320756511,2021,320756511,1,19,0,4,4,6,2,0,0,1,0,0,0,0,1,1,1,1,1,26,6,1995,2,3,FORD TRANSIT,3,E01026142,0,-1
202134WNC1621,2021,34WNC1621,3,19,0,4,4,7,3,0,0,0,0,0,0,0,2,1,1,1,1,67,10,2198,2,5,FORD TRANSIT,10,E01027255,0,-1
202163D090321,2021,63D090321,1,19,0,9,9,3,2,0,0,6,0,0,3,10,4,1,6,6,1,32,6,1995,2,1,FORD TRANSIT,3,W01000479,0,-1
2021141096093,2021,141096093,3,19,0,18,19,1,5,0,0,0,0,0,0,0,2,1,1,1,1,41,7,2198,2,9,FORD TRANSIT,1,E01008223,0,-1
2021211052326,2021,211052326,1,19,0,4,4,6,2,0,0,0,0,0,0,0,2,1,1,1,1,24,5,2496,2,23,FORD TRANSIT,1,E01014368,0,-1
2021010343252,2021,010343252,2,19,0,99,99,9,9,99,99,9,9,99,9,99,1,9,6,6,3,-1,-1,1995,2,3,FORD TRANSIT,3,E01003081,0,-1
2021401118109,2021,401118109,2,19,0,18,19,5,1,0,0,1,0,0,0,0,1,1,2,2,1,36,7,1995,2,2,FORD TRANSIT,10,E01017483,0,-1
2021231060638,2021,231060638,1,19,0,18,19,4,8,0,0,0,0,0,0,0,4,1,5,6,1,30,6,2198,2,10,FORD TRANSIT,8,E01025793,0,-1
2021010291534,2021,010291534,2,19,0,18,19,1,5,0,0,2,0,0,0,0,1,1,6,6,1,47,8,2402,2,15,FORD TRANSIT,5,E01004188,0,-1
2021010292593,2021,010292593,2,20,0,1,1,3,7,0,0,2,0,0,0,0,2,9,6,6,1,46,8,1995,2,3,FORD TRANSIT,3,E01003688,0,-1
2021141087623,2021,141087623,3,19,0,18,19,4,8,0,0,1,0,0,0,0,1,1,1,1,1,42,7,1995,2,0,FORD TRANSIT,4,-1,0,-1
2021302100746,2021,302100746,1,19,0,18,19,4,8,0,0,4,0,0,0,0,1,1,6,6,1,40,7,2402,2,20,FORD TRANSIT,2,E01013504,0,-1
2021041040025,2021,041040025,1,19,0,17,19,4,5,0,0,1,0,0,0,0,4,1,1,1,1,29,6,1995,2,1,FORD TRANSIT,3,E01025429,0,-1
2021371143873,2021,371143873,1,19,0,9,9,1,6,0,0,8,0,0,0,0,1,1,2,2,1,36,7,2198,2,10,FORD TRANSIT,1,E01029982,0,-1
2021361076143,2021,361076143,1,19,4,2,2,6,6,0,0,0,0,0,0,0,0,1,5,6,1,40,7,2402,2,14,FORD TRANSIT,10,E01030292,0,-1
2021461127381,2021,461127381,1,19,0,9,9,7,4,0,0,0,0,0,0,0,4,1,1,1,1,44,7,2402,2,10,FORD TRANSIT,2,E01024677,0,-1
2021161082986,2021,161082986,2,19,0,17,19,1,5,0,0,0,0,0,0,0,1,1,6,6,3,-1,-1,1998,2,15,FORD TRANSIT,-1,-1,0,-1
2021010309703,2021,010309703,1,19,0,99,99,9,9,99,99,2,9,99,9,99,2,9,6,6,3,41,7,2198,2,6,FORD TRANSIT,2,E01033705,0,-1
2021010293488,2021,010293488,1,19,0,18,19,3,7,0,0,0,0,0,0,0,3,1,6,6,1,40,7,2402,2,14,FORD TRANSIT,2,E01003735,0,-1
2021010324954,2021,010324954,1,19,0,99,99,9,9,99,99,9,9,99,9,99,1,9,6,6,1,24,5,2198,2,8,FORD TRANSIT,4,E01004447,0,-1
2021302100329,2021,302100329,2,19,0,8,8,6,8,0,0,4,0,0,0,0,2,1,6,6,1,57,9,2198,2,8,FORD TRANSIT,2,E01013854,0,-1
2021501110982,2021,501110982,2,19,0,2,2,0,0,0,0,0,0,0,0,0,3,1,5,6,1,-1,-1,1998,2,16,FORD TRANSIT,7,E01015250,0,-1
2021501018626,2021,501018626,1,19,0,1,1,-1,-1,0,0,0,0,0,0,0,2,1,1,1,1,68,10,2198,2,5,FORD TRANSIT,8,E01019976,0,-1
2021231045347,2021,231045347,2,19,0,4,4,7,3,0,0,0,0,0,0,0,2,1,5,6,1,32,6,2400,2,20,FORD TRANSIT,1,E01009129,0,-1
2021371064651,2021,371064651,1,19,-1,-1,-1,-1,-1,-1,-1,-1,-1,-1,-1,0,-1,1,5,6,2,29,6,2402,2,12,FORD TRANSIT,8,E01030042,0,-1
2021231031320,2021,231031320,1,19,0,7,7,1,7,0,0,6,0,0,0,0,1,1,6,6,1,27,6,2496,2,21,FORD TRANSIT,2,E01031092,0,-1
2021440310859,2021,440310859,1,19,4,18,19,3,2,0,0,0,0,0,0,0,4,1,1,1,1,36,7,1995,2,3,FORD TRANSIT,8,E01016323,0,-1
2021010301480,2021,010301480,2,19,0,99,99,9,9,99,99,9,9,99,9,99,1,9,6,6,3,32,6,2402,2,19,FORD TRANSIT,2,E01003239,0,-1
2021221056890,2021,221056890,1,19,0,18,19,4,8,0,0,0,0,0,0,0,4,1,3,7,1,46,8,2198,2,11,FORD TRANSIT,7,E01028856,0,-1