collision_index,collision_year,collision_ref_no,vehicle_reference,vehicle_type,towing_and_articulation,vehicle_manoeuvre_historic,vehicle_manoeuvre,vehicle_direction_from,vehicle_direction_to,vehicle_location_restricted_lane_historic,vehicle_location_restricted_lane,junction_location,skidding_and_overturning,hit_object_in_carriageway,vehicle_leaving_carriageway,hit_object_off_carriageway,first_point_of_impact,vehicle_left_hand_drive,journey_purpose_of_driver_historic,journey_purpose_of_driver,sex_of_driver,age_of_driver,age_band_of_driver,engine_capacity_cc,propulsion_code,age_of_vehicle,generic_make_model,driver_imd_decile,lsoa_of_driver,escooter_flag,driver_distance_banding
2021421107667,2021,421107667,1,19,0,18,19,4,7,0,0,0,0,0,0,0,1,1,1,1,1,40,7,2402,2,17,FORD TRANSIT,6,E01021373,0,-1
2021010292338,2021,010292338,2,19,0,2,2,0,0,0,0,8,0,0,0,0,3,1,6,6,3,-1,-1,1995,2,3,FORD TRANSIT,-1,-1,0,-1
2021991013607,2021,991013607,1,19,0,18,19,3,7,0,0,0,0,0,0,0,1,1,2,2,1,30,6,2198,2,5,FORD TRANSIT,9,-1,0,-1
2021411052189,2021,411052189,3,19,0,10,10,4,8,9,9,1,1,11,1,11,2,1,1,1,1,51,8,1995,2,2,FORD TRANSIT,5,E01000131,0,-1
2021101040912,2021,101040912,2,19,0,2,2,3,7,0,0,0,0,0,0,0,2,1,6,6,3,-1,-1,2198,2,10,FORD TRANSIT,-1,-1,0,-1
2021010298020,2021,010298020,1,19,0,18,19,3,7,0,0,8,0,0,0,0,1,2,1,1,1,49,8,2198,2,9,FORD TRANSIT,7,E01023585,0,-1
2021991099132,2021,991099132,2,19,0,15,15,6,2,0,0,8,0,0,7,0,1,1,2,2,1,48,8,2198,2,9,FORD TRANSIT,4,-1,0,-1
2021991125445,2021,991125445,1,19,0,14,14,6,2,0,0,0,0,11,0,0,4,1,6,6,1,58,9,2198,2,8,FORD TRANSIT,6,-1,0,-1
2021440028338,2021,440028338,1,19,0,18,19,8,4,0,0,0,0,0,0,0,1,1,1,1,1,33,6,1995,2,4,FORD TRANSIT,3,E01002502,0,-1
2021302100078,2021,302100078,1,19,0,9,9,2,6,0,0,8,0,0,0,0,4,1,1,1,1,59,9,1995,2,3,FORD TRANSIT,7,E01019681,0,-1
2021522102396,2021,522102396,2,20,0,18,19,4,8,0,0,8,0,0,1,10,1,1,6,6,1,38,7,1995,2,1,FORD TRANSIT,8,E01029034,0,-1
20211383A0954,2021,1383A0954,1,19,0,18,19,5,1,0,0,0,0,0,0,0,1,1,6,6,1,42,7,2198,2,10,FORD TRANSIT,7,E01012024,0,-1
2021440118650,2021,440118650,4,19,0,4,4,7,3,0,0,8,0,0,0,0,2,1,1,1,1,38,7,2198,2,6,FORD TRANSIT,1,E01016908,0,-1
2021461073800,2021,461073800,1,19,0,16,19,4,7,0,0,0,0,0,0,0,3,1,1,1,1,62,9,1995,2,2,FORD TRANSIT,1,E01024666,0,-1
2021501048234,2021,501048234,2,19,0,2,2,0,0,0,0,0,0,0,0,0,2,1,6,6,1,50,8,2402,2,12,FORD TRANSIT,2,E01020216,0,-1
2021122100721,2021,122100721,2,19,0,18,19,5,1,0,0,0,1,0,0,0,1,1,6,6,1,48,8,1995,2,4,FORD TRANSIT,3,E01028209,0,-1
2021161035286,2021,161035286,2,19,0,5,5,3,7,0,0,1,0,0,0,0,1,1,1,1,1,28,6,1995,2,1,FORD TRANSIT,4,E01027910,0,-1
2021421086831,2021,421086831,1,20,0,5,5,7,1,0,0,6,0,0,0,0,1,1,1,1,1,32,6,-1,-1,-1,FORD TRANSIT,4,E01000162,0,-1
2021010348229,2021,010348229,1,19,0,4,4,3,7,0,0,1,1,0,0,0,1,1,1,1,1,19,4,2198,2,10,FORD TRANSIT,9,E01021161,0,-1
2021401025080,2021,401025080,1,19,0,4,4,1,7,0,0,1,0,0,0,0,1,1,1,1,1,61,9,2198,2,13,FORD TRANSIT,3,E01015701,0,-1
2021991081842,2021,991081842,2,19,0,4,4,3,7,5,5,1,0,0,0,0,1,1,5,6,1,36,7,1995,2,0,FORD TRANSIT,4,-1,0,-1
2021161064138,2021,161064138,1,19,0,5,5,4,8,0,0,0,0,0,0,0,0,1,1,1,1,33,6,2402,2,17,FORD TRANSIT,4,E01012901,0,-1
2021430215321,2021,430215321,1,19,0,18,19,3,7,0,0,1,0,0,0,0,1,1,6,6,1,59,9,2402,2,13,FORD TRANSIT,-1,-1,0,-1
2021471026063,2021,471026063,3,19,0,2,2,0,0,0,0,0,0,0,0,0,3,1,6,6,3,-1,-1,2198,2,13,FORD TRANSIT,-1,-1,0,-1
2021161018746,2021,161018746,3,19,0,18,19,5,1,0,0,0,0,0,0,0,3,2,1,1,1,42,7,1995,2,3,FORD TRANSIT,6,E01013285,0,-1
2021010310923,2021,010310923,2,19,0,7,7,3,5,0,0,1,0,0,0,0,1,1,6,6,1,29,6,1995,2,3,FORD TRANSIT,4,E01000617,0,-1
2021471036187,2021,471036187,1,19,0,5,5,1,6,0,0,6,0,0,3,0,1,1,1,1,1,36,7,1995,2,2,FORD TRANSIT,3,E01022739,0,-1
2021411128186,2021,411128186,1,19,0,18,19,6,2,0,0,0,0,0,0,0,1,1,1,1,1,47,8,1995,2,3,FORD TRANSIT,6,E01003752,0,-1
2021371030973,2021,371030973,2,19,0,9,9,5,3,0,0,1,0,0,7,10,1,1,5,6,2,29,6,2198,2,12,FORD TRANSIT,2,E01021872,0,-1
2021101056914,2021,101056914,1,19,4,18,19,5,1,0,0,2,0,0,0,0,0,1,1,1,1,63,9,2198,2,9,FORD TRANSIT,9,E01008526,0,-1
2021543774321,2021,543774321,1,19,0,18,19,0,0,0,0,0,0,0,0,0,4,1,6,6,1,45,7,2198,2,9,FORD TRANSIT,3,E01027058,0,-1
2021052100664,2021,052100664,1,19,0,1,1,7,3,0,0,1,5,0,1,11,3,1,1,1,3,-1,-1,2198,2,8,FORD TRANSIT,-1,-1,0,-1
2021351059641,2021,351059641,2,19,0,4,4,5,1,0,0,0,0,0,0,0,2,1,1,1,1,27,6,1995,2,3,FORD TRANSIT,7,E01015659,0,-1
2021010293838,2021,010293838,1,19,0,1,1,5,1,0,0,8,0,0,0,0,2,1,1,1,1,31,6,2198,2,13,FORD TRANSIT,7,E01000574,0,-1
2021401025732,2021,401025732,1,19,0,1,1,-1,-1,0,0,0,0,0,0,0,2,1,6,6,1,41,7,2198,2,12,FORD TRANSIT,6,E01017578,0,-1
2021991115039,2021,991115039,3,19,0,18,19,8,4,0,0,0,0,0,0,0,2,1,1,1,1,48,8,1995,2,0,FORD TRANSIT,2,-1,0,-1
2021111017115,2021,111017115,1,19,0,18,19,3,7,0,0,0,0,0,0,0,1,1,1,1,1,45,7,2198,2,6,FORD TRANSIT,3,E01027411,0,-1
2021161019466,2021,161019466,1,19,0,18,19,7,3,0,0,1,0,0,0,0,1,1,6,6,1,-1,-1,2198,2,11,FORD TRANSIT,-1,-1,0,-1
2021201075466,2021,201075466,2,19,0,1,1,6,2,0,0,0,0,0,0,0,2,1,6,6,1,-1,-1,2400,2,19,FORD TRANSIT,1,E01009092,0,-1
202134NNC1571,2021,34NNC1571,1,19,0,18,19,1,5,0,0,8,0,0,0,0,1,1,6,6,1,25,5,2198,2,8,FORD TRANSIT,9,E01027122,0,-1
2021552100057,2021,552100057,2,19,0,9,9,2,1,0,0,5,0,0,0,0,2,1,1,1,1,52,8,2402,2,10,FORD TRANSIT,2,E01017186,0,-1
2021461116327,2021,461116327,2,19,0,9,9,6,2,0,0,0,0,0,0,0,3,1,2,2,1,37,7,2198,2,5,FORD TRANSIT,6,E01024568,0,-1
2021471092413,2021,471092413,2,19,0,4,4,3,7,0,0,0,0,0,0,0,2,1,1,1,1,26,6,2198,2,5,FORD TRANSIT,7,E01031500,0,-1
2021041020996,2021,041020996,1,19,0,18,19,1,5,0,0,0,0,0,0,0,1,1,6,6,1,25,5,2198,2,13,FORD TRANSIT,5,E01025415,0,-1
2021311070955,2021,311070955,1,19,0,3,3,8,4,0,0,0,0,0,0,0,3,1,1,1,1,25,5,2198,2,5,FORD TRANSIT,-1,-1,0,-1
2021010319973,2021,010319973,1,19,0,5,5,7,3,0,0,1,0,0,0,0,1,1,1,1,1,37,7,1995,2,3,FORD TRANSIT,2,E01003947,0,-1
202131B024121,2021,31B024121,1,19,0,18,19,3,7,0,0,0,0,0,0,0,1,1,2,2,1,30,6,2402,2,15,FORD TRANSIT,7,E01027961,0,-1
2021461082450,2021,461082450,1,19,0,3,3,4,8,0,0,1,0,0,0,0,1,1,6,6,1,27,6,2198,2,10,FORD TRANSIT,7,E01024318,0,-1
2021131036588,2021,131036588,1,20,0,18,19,3,8,0,0,4,0,0,0,0,1,1,5,6,1,62,9,-1,-1,-1,FORD TRANSIT,6,E01011425,0,-1
2021421081417,2021,421081417,1,19,0,7,7,1,3,0,0,2,0,0,0,0,1,1,1,1,1,38,7,2198,2,9,FORD TRANSIT,2,E01021638,0,-1
2021471091136,2021,471091136,2,19,0,2,2,0,0,0,0,2,0,0,0,0,2,1,6,6,3,-1,-1,2496,2,25,FORD TRANSIT,-1,-1,0,-1
2021440024907,2021,440024907,3,19,0,18,19,8,4,0,0,0,0,0,0,0,1,1,2,2,1,40,7,2198,2,5,FORD TRANSIT,7,E01022858,0,-1
2021010301005,2021,010301005,1,10,0,18,19,5,1,0,0,0,1,0,1,9,1,1,6,6,1,54,8,2198,2,11,FORD TRANSIT,5,E01003480,0,-1
2021501086148,2021,501086148,1,19,0,17,19,1,5,0,0,0,1,10,7,4,1,1,5,6,1,23,5,2198,2,9,FORD TRANSIT,4,E01020305,0,-1
2021302101305,2021,302101305,1,19,0,18,19,4,8,0,0,0,0,0,0,0,0,1,6,6,3,-1,-1,2198,2,6,FORD TRANSIT,5,E01019456,0,-1
2021451032455,2021,451032455,1,19,0,18,19,3,7,0,0,0,0,0,0,0,4,1,6,6,1,71,10,2198,2,13,FORD TRANSIT,3,E01017019,0,-1
2021371133357,2021,371133357,1,19,0,7,7,6,1,0,0,8,0,0,0,0,1,1,5,6,1,50,8,2198,2,14,FORD TRANSIT,2,E01030032,0,-1
2021461049630,2021,461049630,2,19,0,18,19,7,5,0,0,8,0,0,0,0,1,1,2,2,1,21,5,2402,2,10,FORD TRANSIT,6,E01024401,0,-1
2021451056991,2021,451056991,1,19,0,7,7,1,5,0,0,5,0,0,0,0,4,1,1,1,1,37,7,2198,2,9,FORD TRANSIT,5,E01016519,0,-1
2021131106036,2021,131106036,2,19,0,17,19,5,1,0,0,0,0,0,0,0,1,1,1,1,1,33,6,2402,2,14,FORD TRANSIT,2,E01011032,0,-1
2021101055283,2021,101055283,1,19,0,18,19,1,5,0,0,0,0,0,0,0,1,1,6,6,1,-1,-1,1998,2,18,FORD TRANSIT,-1,-1,0,-1
2021010294116,2021,010294116,1,20,4,7,7,5,8,0,0,1,0,0,3,0,2,1,1,1,1,31,6,1995,2,3,FORD TRANSIT,4,E01021342,0,-1
2021052102844,2021,052102844,2,19,0,18,19,7,3,0,0,8,0,0,1,7,1,1,6,6,1,24,5,2402,2,13,FORD TRANSIT,1,E01006871,0,-1
2021461055368,2021,461055368,1,19,0,18,19,2,6,0,0,0,0,0,0,0,1,1,6,6,1,47,8,2198,2,13,FORD TRANSIT,5,E01024032,0,-1
2021052102726,2021,052102726,1,10,0,9,9,4,1,0,0,6,0,0,0,0,1,1,1,1,1,64,9,2402,2,14,FORD TRANSIT,1,E01006646,0,-1
2021010318331,2021,010318331,2,19,1,18,19,7,3,0,0,1,0,0,7,0,4,1,1,1,1,35,6,1995,2,4,FORD TRANSIT,2,E01002881,0,-1
2021471107976,2021,471107976,3,19,0,3,3,6,2,0,0,0,0,0,0,0,0,1,6,6,1,30,6,2402,2,20,FORD TRANSIT,1,E01016915,0,-1
2021010319763,2021,010319763,1,19,0,18,19,3,7,0,0,0,0,0,0,0,1,1,6,6,1,61,9,2198,2,14,FORD TRANSIT,4,E01016013,0,-1
2021320742989,2021,320742989,1,10,0,9,9,4,2,0,0,1,0,0,0,0,1,1,1,1,1,36,7,2198,2,9,FORD TRANSIT,3,E01026025,0,-1
2021302100266,2021,302100266,4,19,0,9,9,6,2,0,0,4,0,0,0,0,1,1,6,6,3,-1,-1,2198,2,5,FORD TRANSIT,5,E01019456,0,-1
2021461026654,2021,461026654,1,19,0,1,1,1,5,0,0,0,0,0,0,0,2,1,6,6,3,-1,-1,2402,2,17,FORD TRANSIT,-1,-1,0,-1
2021451080760,2021,451080760,1,19,0,12,12,7,3,0,0,0,0,0,0,0,0,1,1,1,1,54,8,2198,2,10,FORD TRANSIT,5,E01030981,0,-1
2021010348383,2021,010348383,1,19,0,7,7,3,6,0,0,0,0,0,0,0,4,1,2,2,1,56,9,1995,2,1,FORD TRANSIT,9,E01016575,0,-1
2021170M20121,2021,170M20121,2,19,0,18,19,2,6,0,0,1,0,0,0,0,1,1,6,6,1,36,7,2402,2,18,FORD TRANSIT,1,E01033468,0,-1
2021440495064,2021,440495064,1,10,0,18,19,5,1,0,0,1,0,0,0,0,0,1,1,1,1,58,9,2198,2,4,FORD TRANSIT,2,E01017032,0,-1
2021201149342,2021,201149342,1,19,0,18,19,8,4,0,0,0,0,0,0,0,4,1,6,6,3,-1,-1,1995,2,3,FORD TRANSIT,-1,-1,0,-1
2021991036770,2021,991036770,1,19,0,1,1,2,2,0,0,2,0,0,0,0,2,1,1,1,1,44,7,1995,2,2,FORD TRANSIT,4,-1,0,-1
2021010301261,2021,010301261,1,19,0,9,9,1,6,0,0,5,0,0,0,0,4,1,6,6,1,50,8,2198,2,14,FORD TRANSIT,1,E01002713,0,-1
2021461042733,2021,461042733,1,19,0,1,1,5,1,0,0,0,0,0,0,0,1,1,6,6,1,50,8,2198,2,13,FORD TRANSIT,2,E01001710,0,-1
2021031053103,2021,031053103,1,19,0,18,19,7,3,0,0,1,0,0,0,0,1,1,5,6,1,50,8,2402,2,12,FORD TRANSIT,1,E01019245,0,-1
2021471114281,2021,471114281,1,20,0,9,9,2,6,0,0,5,0,0,0,0,1,1,1,1,1,33,6,-1,-1,-1,FORD TRANSIT,6,E01024357,0,-1
2021041052405,2021,041052405,1,19,0,1,1,7,3,0,0,0,1,0,0,0,4,1,5,6,1,34,6,2499,2,13,FORD TRANSIT,2,E01006813,0,-1
2021531085581,2021,531085581,2,19,0,18,19,5,1,0,0,1,0,0,0,0,-1,1,6,6,1,71,10,2198,2,7,FORD TRANSIT,7,E01022169,0,-1
2021010322809,2021,010322809,1,19,0,18,19,7,3,0,0,0,0,0,0,0,4,1,1,1,1,37,7,1995,2,2,FORD TRANSIT,2,E01002068,0,-1
202134WNC3591,2021,34WNC3591,2,19,0,10,10,1,5,0,0,1,0,0,0,0,2,1,6,6,1,-1,-1,2198,2,7,FORD TRANSIT,3,E01027124,0,-1
2021010305705,2021,010305705,5,19,0,2,2,0,0,0,0,0,0,0,0,0,0,1,6,6,3,-1,-1,1995,2,2,FORD TRANSIT,-1,-1,0,-1
2021371111968,2021,371111968,2,19,0,4,4,7,3,0,0,0,0,0,0,0,2,1,1,1,2,46,8,1995,2,2,FORD TRANSIT,8,E01029921,0,-1
2021101037073,2021,101037073,2,19,0,4,4,5,1,0,0,0,0,0,0,0,2,1,2,2,1,30,6,1995,2,2,FORD TRANSIT,-1,-1,0,-1
2021440045813,2021,440045813,1,19,0,18,19,5,2,0,0,8,0,0,0,0,1,1,6,6,1,36,7,2198,2,11,FORD TRANSIT,1,E01017053,0,-1
2021101016413,2021,101016413,2,19,0,3,3,4,8,0,0,1,0,0,0,0,2,1,1,1,1,34,6,2402,2,13,FORD TRANSIT,-1,-1,0,-1
2021101087746,2021,101087746,2,19,0,2,2,0,0,0,0,8,0,0,0,0,2,1,6,6,3,-1,-1,2402,2,14,FORD TRANSIT,-1,-1,0,-1
2021430096900,2021,430096900,1,19,0,1,1,3,7,0,0,0,0,0,0,0,2,1,1,1,1,49,8,1995,2,1,FORD TRANSIT,10,E01022455,0,-1
2021201031439,2021,201031439,1,19,0,18,19,8,4,0,0,0,0,0,0,0,4,1,6,6,1,-1,-1,2198,2,12,FORD TRANSIT,-1,-1,0,-1
2021461097890,2021,461097890,1,19,0,9,9,7,3,0,0,8,0,0,0,0,3,1,5,6,1,62,9,2402,2,10,FORD TRANSIT,2,E01024584,0,-1
2021421103909,2021,421103909,1,19,0,18,19,3,7,0,0,1,0,4,0,0,1,1,2,2,1,54,8,1995,2,2,FORD TRANSIT,4,E01016008,0,-1
2021201071150,2021,201071150,1,19,0,7,7,4,6,0,0,1,0,0,0,0,1,1,6,6,1,-1,-1,2198,2,7,FORD TRANSIT,-1,-1,0,-1
2021411095964,2021,411095964,1,19,0,18,19,6,2,0,0,3,0,0,0,0,1,1,6,6,1,-1,-1,2402,2,14,FORD TRANSIT,-1,-1,0,-1
2021411134812,2021,411134812,2,19,0,18,19,5,1,0,0,0,0,0,0,0,2,1,6,6,1,33,6,1995,2,3,FORD TRANSIT,9,E01017447,0,-1
2021010319867,2021,010319867,1,19,0,4,4,3,7,0,0,1,0,0,0,0,1,1,1,1,1,27,6,1995,2,2,FORD TRANSIT,6,E01002117,0,-1
2021461109107,2021,461109107,1,19,0,9,9,1,2,0,0,1,0,0,0,0,1,1,1,1,1,65,9,1995,2,3,FORD TRANSIT,2,E01016041,0,-1
2021052100515,2021,052100515,2,19,0,16,19,7,3,0,0,1,0,0,0,0,2,1,1,1,1,56,9,2198,2,13,FORD TRANSIT,4,E01007229,0,-1
2021501083297,2021,501083297,2,19,0,18,19,7,3,0,0,8,0,0,0,0,3,1,6,6,1,40,7,2402,2,14,FORD TRANSIT,4,E01020131,0,-1
2021010289648,2021,010289648,1,10,0,17,19,1,5,0,0,8,0,0,0,0,1,1,1,1,1,73,10,2198,2,3,FORD TRANSIT,5,E01003083,0,-1
2021131107225,2021,131107225,2,19,0,18,19,8,4,0,0,8,0,0,0,0,1,1,1,1,1,38,7,2198,2,13,FORD TRANSIT,1,E01010720,0,-1
2021041118598,2021,041118598,1,19,0,18,19,3,7,0,0,6,0,0,0,0,1,1,6,6,3,-1,-1,2198,2,10,FORD TRANSIT,-1,-1,0,-1
2021991019112,2021,991019112,2,19,0,18,19,5,1,0,0,1,0,0,0,0,4,1,1,1,1,55,8,1995,2,2,FORD TRANSIT,7,-1,0,-1
2021401106050,2021,401106050,1,19,0,18,19,6,2,0,0,0,0,0,0,0,1,1,1,1,1,27,6,1995,2,4,FORD TRANSIT,6,E01033525,0,-1
2021211041704,2021,211041704,1,19,0,18,19,3,7,0,0,0,0,0,0,0,0,1,1,1,1,56,9,1995,2,2,FORD TRANSIT,3,E01014156,0,-1
2021010323594,2021,010323594,2,19,0,4,4,5,1,0,0,0,0,0,0,0,2,1,1,1,1,34,6,1995,2,0,FORD TRANSIT,7,E01000574,0,-1
2021122101055,2021,122101055,1,19,0,5,5,7,3,0,0,2,0,0,0,0,1,1,1,1,1,61,9,1995,2,0,FORD TRANSIT,6,E01008770,0,-1
202134WNC7301,2021,34WNC7301,1,19,0,18,19,3,7,0,0,0,0,0,0,0,1,1,2,2,1,22,5,2198,2,6,FORD TRANSIT,3,E01032251,0,-1
2021302101223,2021,302101223,1,19,0,4,4,6,2,0,0,1,0,0,0,0,3,1,6,6,1,34,6,2198,2,4,FORD TRANSIT,6,E01019862,0,-1
2021010343257,2021,010343257,2,19,0,9,9,7,5,0,0,5,0,0,0,0,3,1,6,6,1,-1,-1,1995,2,3,FORD TRANSIT,8,E01004081,0,-1
2021131098590,2021,131098590,1,19,0,18,19,1,5,0,0,0,0,0,0,0,1,1,1,1,1,22,5,1995,2,0,FORD TRANSIT,1,E01011375,0,-1
2021070563210,2021,070563210,3,19,0,18,19,8,5,0,0,0,0,0,0,0,2,1,2,2,1,58,9,2198,2,9,FORD TRANSIT,8,E01004773,0,-1
2021101085916,2021,101085916,1,19,0,15,15,7,3,0,0,0,0,0,0,0,4,1,1,1,1,36,7,2402,2,11,FORD TRANSIT,3,E01008401,0,-1
2021010292281,2021,010292281,2,19,0,18,19,5,1,0,0,1,0,0,0,0,1,1,2,2,1,45,7,2402,2,11,FORD TRANSIT,7,E01017382,0,-1
2021122101254,2021,122101254,5,19,0,2,2,0,0,0,0,0,0,0,0,0,0,1,6,6,1,70,10,1998,2,16,FORD TRANSIT,4,E01011606,0,-1
2021010317851,2021,010317851,2,10,0,16,19,5,1,0,0,0,0,0,0,0,3,1,1,1,1,57,9,1995,2,2,FORD TRANSIT,1,E01001364,0,-1
2021991066043,2021,991066043,2,19,4,18,19,1,5,0,0,0,0,0,0,0,1,1,2,2,1,26,6,2402,2,14,FORD TRANSIT,1,-1,0,-1
2021461057717,2021,461057717,1,10,0,9,9,6,2,0,0,6,0,0,0,0,3,1,2,2,1,52,8,2198,2,9,FORD TRANSIT,5,E01023905,0,-1
202131A168621,2021,31A168621,2,19,0,18,19,5,1,0,0,0,0,0,0,0,1,1,6,6,1,-1,-1,2198,2,12,FORD TRANSIT,-1,-1,0,-1
2021421096333,2021,421096333,1,19,0,17,19,1,5,0,0,1,0,0,0,0,1,1,6,6,1,49,8,1995,2,4,FORD TRANSIT,-1,-1,0,-1
2021010319329,2021,010319329,1,19,0,7,7,6,8,0,0,1,0,0,0,0,1,1,2,2,1,45,7,2198,2,12,FORD TRANSIT,3,E01001673,0,-1
2021552100346,2021,552100346,1,19,0,18,19,3,7,0,0,0,0,0,0,0,1,1,1,1,1,42,7,2198,2,9,FORD TRANSIT,8,E01033612,0,-1
2021122100275,2021,122100275,1,20,0,18,19,4,8,0,0,0,0,0,0,0,1,1,1,1,1,57,9,1995,2,3,FORD TRANSIT,9,E01013061,0,-1
2021052102326,2021,052102326,1,19,0,18,19,8,4,0,0,8,0,0,0,0,1,1,6,6,1,28,6,2198,2,12,FORD TRANSIT,3,E01006627,0,-1
2021471083668,2021,471083668,2,19,0,4,4,8,4,0,0,0,0,0,0,0,1,1,6,6,1,53,8,2198,2,7,FORD TRANSIT,4,E01031572,0,-1
2021010340937,2021,010340937,2,19,0,4,4,7,3,99,99,9,9,99,9,99,1,9,6,6,3,-1,-1,2198,2,7,FORD TRANSIT,9,E01000409,0,-1
2021371014942,2021,371014942,1,19,0,18,19,5,1,0,0,1,0,0,0,0,1,1,6,6,1,52,8,1998,2,16,FORD TRANSIT,4,E01030276,0,-1
2021371114416,2021,371114416,1,19,0,18,19,-1,-1,0,0,1,0,0,0,0,-1,1,6,6,3,-1,-1,2198,2,5,FORD TRANSIT,-1,-1,0,-1
2021010290227,2021,010290227,1,19,0,9,9,1,6,0,0,2,0,0,0,0,0,1,1,1,1,33,6,1995,2,3,FORD TRANSIT,4,E01016120,0,-1
2021201065942,2021,201065942,1,19,0,12,12,4,8,0,0,1,0,0,0,0,1,1,6,6,1,44,7,-1,-1,-1,FORD TRANSIT,3,E01009112,0,-1
2021401100731,2021,401100731,2,19,0,4,4,6,2,0,0,0,1,0,0,0,1,1,6,6,1,41,7,2198,2,12,FORD TRANSIT,5,E01006038,0,-1
2021010344816,2021,010344816,2,19,0,5,5,3,7,0,0,1,0,0,0,0,1,1,1,1,1,30,6,1995,2,3,FORD TRANSIT,-1,-1,0,-1
2021471055042,2021,471055042,2,19,0,2,2,0,0,0,0,0,0,0,0,0,2,1,6,6,3,-1,-1,2402,2,17,FORD TRANSIT,-1,-1,0,-1
2021501043899,2021,501043899,1,19,0,5,5,6,2,0,0,0,0,0,0,0,1,1,6,6,1,64,9,2402,2,13,FORD TRANSIT,4,E01018885,0,-1
2021010346263,2021,010346263,1,19,0,4,4,7,3,0,0,0,0,0,0,0,3,1,1,1,1,35,6,1995,2,0,FORD TRANSIT,2,E01001980,0,-1
202131B029721,2021,31B029721,2,19,0,17,19,4,8,0,0,0,0,0,0,0,3,1,1,1,1,20,4,2402,2,14,FORD TRANSIT,5,E01028042,0,-1
2021440060323,2021,440060323,1,19,0,1,1,5,1,0,0,0,0,0,0,0,3,1,1,1,2,83,11,1998,2,17,FORD TRANSIT,10,E01032870,0,-1
2021010322080,2021,010322080,2,19,0,5,5,5,1,0,0,8,0,0,0,0,4,1,1,1,1,41,7,1995,2,3,FORD TRANSIT,8,E01010860,0,-1
2021371023858,2021,371023858,2,19,0,2,2,0,0,0,0,0,0,0,0,0,2,1,1,1,1,32,6,1995,2,1,FORD TRANSIT,10,E01029908,0,-1
2021991108974,2021,991108974,1,19,0,18,19,5,1,0,0,0,0,0,0,0,1,1,5,6,1,55,8,1995,2,0,FORD TRANSIT,8,-1,0,-1
2021522103563,2021,522103563,1,20,0,1,1,5,1,0,0,5,0,0,1,11,2,1,1,1,3,-1,-1,-1,-1,-1,FORD TRANSIT,-1,-1,0,-1
2021170S20601,2021,170S20601,1,19,0,1,1,0,4,0,0,0,0,0,0,0,2,1,1,1,1,-1,-1,1995,2,1,FORD TRANSIT,-1,-1,0,-1
2021440258433,2021,440258433,1,19,0,4,4,7,3,0,0,0,0,0,0,0,2,1,2,2,1,43,7,2198,2,11,FORD TRANSIT,3,E01022901,0,-1
2021052101841,2021,052101841,2,19,0,4,4,8,4,0,0,1,0,0,0,0,3,1,1,1,1,31,6,2402,2,11,FORD TRANSIT,1,E01033228,0,-1
2021010327913,2021,010327913,1,19,0,1,1,5,1,0,0,1,0,0,0,0,2,1,6,6,3,-1,-1,1995,2,1,FORD TRANSIT,-1,-1,0,-1
2021421096652,2021,421096652,1,19,0,4,4,7,3,0,0,0,0,0,0,0,1,1,1,1,1,55,8,2198,2,7,FORD TRANSIT,4,E01021957,0,-1
2021010343697,2021,010343697,1,19,0,4,4,8,4,0,0,8,0,0,0,0,2,1,1,1,1,20,4,1995,2,0,FORD TRANSIT,8,E01000989,0,-1
2021201141241,2021,201141241,1,98,0,18,19,-1,-1,0,0,0,0,0,0,0,4,1,6,6,1,40,7,2198,2,7,-1,1,E01009507,0,-1
2021430073360,2021,430073360,1,19,0,18,19,8,4,0,0,6,0,0,0,0,1,1,6,6,1,28,6,2198,2,8,FORD TRANSIT,2,E01016480,0,-1
2021351058834,2021,351058834,1,19,0,9,9,2,6,0,0,8,0,0,0,0,3,1,5,6,1,30,6,2402,2,20,FORD TRANSIT,5,E01018273,0,-1
2021430512637,2021,430512637,2,19,0,1,1,6,2,0,0,1,0,0,0,0,2,1,6,6,1,-1,-1,2198,2,6,FORD TRANSIT,-1,-1,0,-1
2021010292239,2021,010292239,2,19,0,18,19,1,5,0,0,1,0,0,0,0,0,1,6,6,1,53,8,2198,2,13,FORD TRANSIT,1,E01000643,0,-1
2021302101885,2021,302101885,2,19,0,18,19,8,6,0,0,1,0,0,7,9,1,1,2,2,1,26,6,2198,2,5,FORD TRANSIT,-1,-1,0,-1
2021421120509,2021,421120509,2,19,0,18,19,5,1,0,0,8,0,0,0,0,1,1,1,1,1,56,9,1995,2,0,FORD TRANSIT,10,E01021643,0,-1
2021131127174,2021,131127174,2,19,0,2,2,0,0,0,0,2,0,0,0,0,2,1,6,6,3,-1,-1,1995,2,1,FORD TRANSIT,-1,-1,0,-1
2021440211488,2021,440211488,2,19,0,18,19,4,8,0,0,8,0,0,0,0,1,1,6,6,3,-1,-1,2198,2,10,FORD TRANSIT,-1,-1,0,-1
2021010304471,2021,010304471,1,19,0,18,19,1,5,0,0,0,0,0,0,0,1,1,6,6,1,26,6,2402,2,14,FORD TRANSIT,2,E01000065,0,-1
2021471024403,2021,471024403,1,19,0,18,19,2,6,0,0,0,0,0,0,0,1,1,1,1,1,26,6,2198,2,6,FORD TRANSIT,8,E01021176,0,-1