collision_index,collision_year,collision_ref_no,vehicle_reference,vehicle_type,towing_and_articulation,vehicle_manoeuvre_historic,vehicle_manoeuvre,vehicle_direction_from,vehicle_direction_to,vehicle_location_restricted_lane_historic,vehicle_location_restricted_lane,junction_location,skidding_and_overturning,hit_object_in_carriageway,vehicle_leaving_carriageway,hit_object_off_carriageway,first_point_of_impact,vehicle_left_hand_drive,journey_purpose_of_driver_historic,journey_purpose_of_driver,sex_of_driver,age_of_driver,age_band_of_driver,engine_capacity_cc,propulsion_code,age_of_vehicle,generic_make_model,driver_imd_decile,lsoa_of_driver,escooter_flag,driver_distance_banding
2021401028807,2021,401028807,1,19,0,18,19,5,1,0,0,1,0,0,0,0,1,1,2,2,1,39,7,1995,2,1,FORD TRANSIT,10,E01017459,0,-1
2021461114866,2021,461114866,1,19,0,18,19,4,8,9,9,0,0,0,1,0,1,1,6,6,1,25,5,2402,2,11,FORD TRANSIT,-1,-1,0,-1
2021010297120,2021,010297120,2,19,0,1,1,7,3,0,0,1,0,0,0,0,2,1,1,1,1,32,6,2198,2,13,FORD TRANSIT,1,E01001425,0,-1
2021552100712,2021,552100712,1,19,0,6,6,5,5,0,0,0,0,0,0,0,3,1,1,1,1,34,6,2402,2,11,FORD TRANSIT,4,E01017211,0,-1
2021461040327,2021,461040327,1,19,0,7,7,3,7,0,0,1,0,0,0,0,1,1,6,6,1,-1,-1,2198,2,9,FORD TRANSIT,8,E01024448,0,-1
2021010328510,2021,010328510,2,19,0,99,99,9,9,99,99,9,9,99,9,99,1,9,6,6,3,-1,-1,2198,2,9,FORD TRANSIT,1,E01004206,0,-1
2021421060547,2021,421060547,1,19,0,12,12,3,7,0,0,0,0,0,0,0,3,1,6,6,1,22,5,1995,2,4,FORD TRANSIT,2,E01033591,0,-1
2021991046346,2021,991046346,3,19,0,18,19,3,7,0,0,0,0,0,0,0,4,1,1,1,1,28,6,1995,2,3,FORD TRANSIT,-1,-1,0,-1
2021010339724,2021,010339724,1,19,0,7,7,1,3,0,0,1,0,0,0,0,4,1,6,6,1,56,9,1995,2,0,FORD TRANSIT,3,E01003315,0,-1
2021010345434,2021,010345434,1,19,0,9,9,7,4,0,0,8,0,0,0,0,3,1,1,1,1,25,5,2198,2,10,FORD TRANSIT,4,E01020135,0,-1
2021302100334,2021,302100334,1,19,0,9,9,2,6,0,0,8,5,0,0,0,4,1,1,1,1,34,6,1995,2,2,FORD TRANSIT,5,E01018626,0,-1
2021421026435,2021,421026435,1,19,0,18,19,3,7,0,0,6,-1,-1,-1,0,3,1,6,6,1,49,8,2198,2,6,FORD TRANSIT,5,E01015818,0,-1
2021440459294,2021,440459294,1,19,0,18,19,3,7,0,0,6,0,0,0,0,1,1,2,2,1,28,6,2402,2,13,FORD TRANSIT,2,E01017219,0,-1
2021010340621,2021,010340621,2,19,0,99,99,9,9,99,99,9,9,99,9,99,1,9,6,6,3,-1,-1,2402,2,11,FORD TRANSIT,-1,-1,0,-1
2021052100132,2021,052100132,3,19,0,2,2,0,0,0,0,0,0,0,0,0,3,1,6,6,3,-1,-1,2198,2,10,FORD TRANSIT,-1,-1,0,-1
2021201110255,2021,201110255,1,19,0,18,19,4,8,0,0,0,0,0,0,0,1,1,2,2,1,56,9,2402,2,10,FORD TRANSIT,2,E01009782,0,-1
2021547104921,2021,547104921,1,19,0,18,19,3,7,0,0,0,0,0,0,0,1,1,1,1,1,74,10,1995,2,2,FORD TRANSIT,4,E01003440,0,-1
2021552101389,2021,552101389,1,19,0,18,19,6,2,0,0,0,0,0,0,0,1,1,1,1,3,-1,-1,2198,2,8,FORD TRANSIT,-1,-1,0,-1
2021461059120,2021,461059120,2,19,0,4,4,1,5,0,0,0,0,0,0,0,2,1,5,6,1,61,9,2198,2,5,FORD TRANSIT,10,E01032655,0,-1
2021201060557,2021,201060557,1,19,0,18,19,6,2,0,0,0,0,0,0,0,1,1,1,1,1,-1,-1,1995,2,2,FORD TRANSIT,-1,-1,0,-1
2021421023098,2021,421023098,1,19,0,1,1,4,8,0,0,0,0,0,0,0,2,1,1,1,1,13,3,1995,2,1,FORD TRANSIT,2,E01021370,0,-1
2021501025984,2021,501025984,1,19,0,18,19,7,3,0,0,1,0,0,0,0,1,1,1,1,1,58,9,2198,2,10,FORD TRANSIT,7,W01001409,0,-1
202131B167221,2021,31B167221,1,19,0,18,19,7,3,0,0,0,0,0,0,0,4,1,1,1,1,50,8,2402,2,11,FORD TRANSIT,1,E01006027,0,-1
20211382M1491,2021,1382M1491,2,19,0,18,19,8,2,0,0,6,0,0,0,0,1,1,6,6,1,35,6,2402,2,16,FORD TRANSIT,3,E01010793,0,-1
2021031084245,2021,031084245,2,19,0,17,19,4,8,0,0,0,0,0,1,0,1,1,1,1,1,59,9,2198,2,9,FORD TRANSIT,8,E01019253,0,-1
2021010289698,2021,010289698,1,19,0,4,4,5,1,0,0,1,0,0,0,0,4,1,6,6,1,43,7,1995,2,4,FORD TRANSIT,3,E01003105,0,-1
2021122200102,2021,122200102,2,19,0,2,2,0,0,0,0,0,0,0,0,0,3,1,6,6,3,-1,-1,1995,2,2,FORD TRANSIT,-1,-1,0,-1
2021201055541,2021,201055541,2,19,0,9,9,6,4,0,0,5,0,0,0,0,3,1,6,6,3,-1,-1,2402,2,17,FORD TRANSIT,-1,-1,0,-1
2021141047792,2021,141047792,1,19,0,17,19,1,5,0,0,0,2,0,1,10,4,1,6,6,1,46,8,2198,2,14,FORD TRANSIT,2,E01007579,0,-1
2021622100786,2021,622100786,2,10,0,9,9,8,6,0,0,8,0,0,0,0,4,1,6,6,1,56,9,2198,2,12,FORD TRANSIT,3,W01000654,0,-1
2021440470181,2021,440470181,3,19,0,9,9,3,1,0,0,8,0,0,0,0,1,1,1,1,1,54,8,2402,2,11,FORD TRANSIT,4,E01017157,0,-1
2021351029208,2021,351029208,1,19,0,18,19,5,1,0,0,1,0,0,3,1,1,1,6,6,1,19,4,2198,2,5,FORD TRANSIT,5,E01018214,0,-1
2021201070722,2021,201070722,1,19,0,15,15,8,4,0,0,0,5,4,0,0,1,1,6,6,1,26,6,1995,2,3,FORD TRANSIT,-1,-1,0,-1
2021010301461,2021,010301461,1,19,0,18,19,5,1,0,0,1,0,0,0,0,1,1,1,1,1,62,9,1995,2,2,FORD TRANSIT,3,E01001733,0,-1
2021991103716,2021,991103716,1,19,0,18,19,3,7,0,0,6,5,0,3,0,1,1,1,1,1,49,8,2198,2,6,FORD TRANSIT,8,-1,0,-1
2021471023203,2021,471023203,1,19,0,18,19,6,3,0,0,0,0,-1,-1,-1,1,1,6,6,1,-1,-1,1995,2,1,FORD TRANSIT,3,E01031430,0,-1
2021501083546,2021,501083546,2,19,0,18,19,5,1,0,0,1,0,0,1,0,2,1,1,1,1,50,8,2402,2,11,FORD TRANSIT,4,E01018887,0,-1
2021131098603,2021,131098603,1,19,0,5,5,6,2,0,0,0,0,0,0,0,2,1,6,6,3,-1,-1,1998,2,19,FORD TRANSIT,-1,-1,0,-1
2021010303162,2021,010303162,1,19,0,7,7,3,6,0,0,5,0,0,0,0,4,1,1,1,1,31,6,2402,2,11,FORD TRANSIT,2,E01020648,0,-1
2021440025750,2021,440025750,1,19,0,18,19,5,1,0,0,8,0,0,0,0,4,1,2,2,1,28,6,2198,2,5,FORD TRANSIT,6,E01023075,0,-1
2021451025785,2021,451025785,2,19,0,5,5,4,2,0,0,2,0,0,0,0,3,1,6,6,1,58,9,1995,2,4,FORD TRANSIT,6,E01033462,0,-1
2021302101955,2021,302101955,1,19,0,9,9,6,4,0,0,8,0,0,0,0,3,1,1,1,2,24,5,1995,2,2,FORD TRANSIT,5,E01013595,0,-1
2021430468006,2021,430468006,1,19,0,4,4,3,7,0,0,0,0,0,0,0,1,1,1,1,1,25,5,1995,2,1,FORD TRANSIT,5,W01001229,0,-1
2021161023639,2021,161023639,2,19,4,2,2,0,0,9,9,2,0,0,0,0,3,1,6,6,3,-1,-1,2198,2,8,FORD TRANSIT,-1,-1,0,-1
202154B445121,2021,54B445121,2,19,0,17,19,3,1,0,0,0,0,0,1,1,1,1,1,1,1,25,5,2402,2,13,FORD TRANSIT,7,E01031849,0,-1
2021010346364,2021,010346364,2,19,9,99,99,9,9,99,99,9,9,99,9,99,1,9,6,6,3,22,5,1995,2,4,FORD TRANSIT,4,E01003482,0,-1
2021461021967,2021,461021967,2,19,0,2,2,0,0,0,0,0,0,0,0,0,0,1,6,6,1,51,8,2198,2,6,FORD TRANSIT,7,E01000326,0,-1
2021991025866,2021,991025866,1,19,0,18,19,3,7,0,0,1,0,0,0,0,1,1,1,1,1,57,9,1995,2,2,FORD TRANSIT,3,-1,0,-1
2021440151759,2021,440151759,1,19,0,18,19,8,4,0,0,8,0,0,0,0,1,1,6,6,1,55,8,2198,2,14,FORD TRANSIT,4,E01017211,0,-1
2021501021912,2021,501021912,1,20,0,18,19,4,8,0,0,0,0,0,0,0,1,1,1,1,1,20,4,2402,2,11,FORD TRANSIT,8,E01020192,0,-1
2021411087530,2021,411087530,2,19,0,18,19,7,3,0,0,0,0,0,0,0,1,1,6,6,1,29,6,2402,2,14,FORD TRANSIT,1,E01016742,0,-1
2021010330936,2021,010330936,2,19,0,99,99,9,9,99,99,9,9,99,9,99,1,9,6,6,3,-1,-1,2198,2,7,FORD TRANSIT,-1,-1,0,-1
2021010338080,2021,010338080,1,19,0,18,19,2,6,0,0,1,0,12,0,0,1,1,1,1,1,22,5,2198,2,5,FORD TRANSIT,9,W01000943,0,-1
2021061100660,2021,061100660,2,19,0,1,1,7,3,0,0,0,0,0,0,0,2,1,5,6,3,30,6,2198,2,8,FORD TRANSIT,-1,-1,0,-1
2021052100815,2021,052100815,1,19,0,13,13,7,3,0,0,0,0,0,0,0,3,1,1,1,1,34,6,2198,2,8,FORD TRANSIT,1,E01004861,0,-1
2021440103165,2021,440103165,2,19,0,18,19,8,4,0,0,0,0,0,0,0,1,1,6,6,1,31,6,1998,2,17,FORD TRANSIT,3,E01017360,0,-1
2021430170110,2021,430170110,1,19,0,9,9,8,6,0,0,5,0,0,0,0,1,1,1,1,1,56,9,2402,2,20,FORD TRANSIT,3,E01016249,0,-1
2021010301409,2021,010301409,1,19,0,9,9,7,6,0,0,6,0,0,0,0,1,1,2,2,1,48,8,1995,2,4,FORD TRANSIT,4,E01001085,0,-1
2021010321832,2021,010321832,3,19,0,18,19,8,4,0,0,8,0,0,0,0,1,1,6,6,3,-1,-1,2198,2,6,FORD TRANSIT,-1,-1,0,-1
2021122101201,2021,122101201,1,20,0,1,1,7,3,9,9,0,0,0,0,0,2,1,1,1,1,31,6,1995,2,0,FORD TRANSIT,9,E01013408,0,-1
2021010321971,2021,010321971,2,20,0,99,99,9,9,99,99,9,9,99,9,99,9,9,6,6,3,-1,-1,2402,2,16,FORD TRANSIT,-1,-1,0,-1
2021622100396,2021,622100396,1,19,0,18,19,1,6,0,0,0,0,0,0,0,4,1,1,1,1,39,7,2198,2,9,FORD TRANSIT,3,W01001034,0,-1
2021440044395,2021,440044395,2,19,0,3,3,5,1,0,0,1,0,0,0,0,2,1,1,1,1,42,7,1995,2,4,FORD TRANSIT,3,E01023157,0,-1
2021421105854,2021,421105854,2,19,0,17,19,5,1,0,0,0,0,0,0,0,4,1,1,1,1,64,9,1995,2,3,FORD TRANSIT,4,E01021984,0,-1
2021451048513,2021,451048513,1,19,0,18,19,5,1,0,0,0,1,0,0,0,1,1,1,1,1,40,7,2402,2,15,FORD TRANSIT,9,E01032625,0,-1
2021451030364,2021,451030364,2,19,0,4,4,3,7,0,0,0,0,0,0,0,2,1,1,1,1,36,7,2198,2,5,FORD TRANSIT,4,E01030364,0,-1
2021141047748,2021,141047748,1,19,0,18,19,6,2,0,0,1,0,0,0,0,1,1,2,2,1,32,6,2198,2,15,FORD TRANSIT,1,E01008061,0,-1
2021052100848,2021,052100848,1,19,0,18,19,1,5,0,0,0,0,0,0,0,3,1,1,1,1,27,6,2198,2,9,FORD TRANSIT,1,E01006697,0,-1
2021991114696,2021,991114696,1,19,0,1,1,7,3,0,0,2,0,0,0,0,2,1,1,1,1,32,6,2402,2,13,FORD TRANSIT,-1,-1,0,-1
2021010346502,2021,010346502,3,19,0,2,2,0,0,0,0,2,0,0,1,0,3,1,6,6,3,-1,-1,2198,2,14,FORD TRANSIT,-1,-1,0,-1
2021520104675,2021,520104675,1,19,0,4,4,7,3,0,0,0,0,0,0,0,1,1,6,6,2,22,5,2198,2,9,FORD TRANSIT,9,E01023275,0,-1
2021010292355,2021,010292355,1,10,0,18,19,7,3,0,0,1,0,0,0,0,1,1,1,1,1,51,8,1995,2,1,FORD TRANSIT,6,E01003273,0,-1
2021201054013,2021,201054013,1,19,0,18,19,2,6,0,0,0,0,0,0,0,3,1,6,6,2,45,7,1995,2,1,FORD TRANSIT,9,E01008990,0,-1
2021010335551,2021,010335551,2,19,9,99,99,9,9,99,99,0,9,99,9,99,9,9,6,6,3,-1,-1,2198,2,8,FORD TRANSIT,-1,-1,0,-1
2021010344828,2021,010344828,3,10,0,2,2,0,0,0,0,0,0,0,0,0,3,2,6,6,3,-1,-1,2198,2,8,FORD TRANSIT,-1,-1,0,-1
2021041113279,2021,041113279,2,19,0,18,19,3,7,0,0,1,0,0,0,0,1,1,5,6,1,44,7,2496,2,21,FORD TRANSIT,7,E01012592,0,-1
2021031033120,2021,031033120,2,19,0,4,4,1,5,0,0,0,0,0,0,0,2,1,1,1,1,48,8,2496,2,25,FORD TRANSIT,4,E01025170,0,-1
2021010345424,2021,010345424,2,19,9,99,99,9,9,99,99,0,9,99,9,99,9,9,6,6,3,-1,-1,1998,2,16,FORD TRANSIT,-1,-1,0,-1
2021231056825,2021,231056825,1,19,0,9,9,8,6,0,0,6,0,0,7,0,3,1,1,1,1,31,6,1995,2,1,FORD TRANSIT,2,E01009317,0,-1
2021010304038,2021,010304038,1,19,0,9,9,3,1,0,0,2,1,0,0,0,1,1,1,1,1,43,7,2402,2,15,FORD TRANSIT,3,E01002243,0,-1
2021991084040,2021,991084040,2,19,0,2,2,0,0,0,0,1,0,0,0,0,1,1,6,6,3,-1,-1,1995,2,2,FORD TRANSIT,-1,-1,0,-1
2021052100691,2021,052100691,3,19,0,18,19,7,3,0,0,8,0,0,0,0,1,1,6,6,1,52,8,2198,2,14,FORD TRANSIT,1,E01007055,0,-1
2021122101240,2021,122101240,2,19,0,18,19,7,3,0,0,8,0,0,0,0,4,1,6,6,1,37,7,2400,2,19,FORD TRANSIT,7,E01027860,0,-1
202131A022621,2021,31A022621,1,19,0,18,19,8,4,0,0,0,0,0,0,0,1,1,6,6,1,48,8,1995,2,1,FORD TRANSIT,1,E01028268,0,-1
2021010299698,2021,010299698,2,19,0,99,99,9,9,99,99,9,9,99,9,99,1,9,6,6,3,31,6,2198,2,9,FORD TRANSIT,-1,-1,0,-1
2021010322162,2021,010322162,2,19,0,3,3,5,1,0,0,1,0,0,0,0,2,1,1,1,1,35,6,1995,2,4,FORD TRANSIT,7,E01001314,0,-1
2021231092948,2021,231092948,1,19,0,18,19,6,2,0,0,0,1,0,0,0,1,1,6,6,1,33,6,2198,2,13,FORD TRANSIT,5,E01031274,0,-1
2021991032523,2021,991032523,1,19,0,1,1,8,4,9,9,0,0,0,0,0,2,1,1,1,1,69,10,2198,2,6,FORD TRANSIT,10,-1,0,-1
2021421062861,2021,421062861,3,19,0,1,1,3,7,9,9,0,0,0,0,0,0,1,5,6,1,35,6,2198,2,7,FORD TRANSIT,6,E01021730,0,-1
2021320166071,2021,320166071,2,19,0,2,2,0,0,0,0,0,0,0,0,0,0,1,6,6,3,40,7,2198,2,13,FORD TRANSIT,-1,-1,0,-1
2021141050377,2021,141050377,1,19,0,18,19,4,8,0,0,0,0,0,0,0,0,1,6,6,2,-1,-1,2198,2,12,FORD TRANSIT,1,E01007790,0,-1
2021010296085,2021,010296085,2,19,9,18,19,3,7,0,0,9,0,99,9,99,1,1,6,6,1,38,7,2402,2,11,FORD TRANSIT,2,E01004403,0,-1
2021991024040,2021,991024040,2,19,0,3,3,6,1,0,0,0,0,0,0,0,2,1,1,1,1,55,8,1995,2,4,FORD TRANSIT,2,-1,0,-1
2021471031696,2021,471031696,1,19,0,17,19,5,3,0,0,0,0,0,0,0,1,1,6,6,1,-1,-1,1995,2,4,FORD TRANSIT,10,E01031635,0,-1
2021101108102,2021,101108102,1,19,0,18,19,3,7,0,0,8,0,0,1,0,4,1,1,1,1,31,6,1995,2,1,FORD TRANSIT,4,E01019679,0,-1
2021531030537,2021,531030537,1,19,0,18,19,5,1,0,0,0,0,0,0,0,1,1,1,1,1,24,5,2198,2,13,FORD TRANSIT,2,E01022328,0,-1
2021622100355,2021,622100355,1,19,0,6,6,2,2,0,0,8,0,0,0,0,2,1,1,1,1,26,6,2402,2,10,FORD TRANSIT,2,W01001097,0,-1
2021451038731,2021,451038731,3,19,0,18,19,5,1,0,0,0,0,0,0,0,1,1,1,1,1,39,7,2198,2,9,FORD TRANSIT,3,E01009865,0,-1
2021010301066,2021,010301066,1,19,0,17,19,3,1,0,0,1,0,0,0,0,1,1,1,1,1,28,6,2198,2,9,FORD TRANSIT,7,E01001058,0,-1
202163D050021,2021,63D050021,3,19,4,17,19,5,2,0,0,0,0,0,0,0,3,1,6,6,1,48,8,2295,7,19,FORD TRANSIT,3,E01018953,0,-1
2021471064374,2021,471064374,1,10,0,12,12,1,7,0,0,8,0,0,0,0,3,1,1,1,1,56,9,1995,2,1,FORD TRANSIT,7,E01031525,0,-1
2021010307276,2021,010307276,2,19,0,9,9,1,7,0,0,0,0,0,0,0,1,1,6,6,3,-1,-1,2198,2,10,FORD TRANSIT,-1,-1,0,-1
2021471036288,2021,471036288,2,19,0,3,3,3,7,0,0,2,0,0,0,0,4,1,1,1,1,47,8,2198,2,6,FORD TRANSIT,3,E01031811,0,-1
2021211126255,2021,211126255,2,19,0,7,7,7,1,0,0,1,0,0,0,0,2,1,1,1,1,54,8,1995,2,1,FORD TRANSIT,2,E01029734,0,-1
2021991024281,2021,991024281,2,20,0,18,19,4,8,0,0,0,0,10,7,0,4,1,6,6,1,33,6,-1,-1,-1,FORD TRANSIT,9,-1,0,-1
2021010337767,2021,010337767,2,19,0,99,99,9,9,99,99,9,9,99,9,99,1,9,6,6,1,57,9,2402,2,13,FORD TRANSIT,3,E01002064,0,-1
2021461088694,2021,461088694,1,19,0,4,4,4,8,0,0,0,0,0,0,0,4,1,5,6,1,30,6,1995,2,1,FORD TRANSIT,3,E01016150,0,-1
2021411098328,2021,411098328,2,19,0,18,19,2,8,0,0,0,0,0,0,0,4,1,1,1,1,42,7,1995,2,1,FORD TRANSIT,3,E01015751,0,-1
2021010288720,2021,010288720,2,19,0,18,19,6,2,0,0,1,0,0,0,0,2,1,6,6,1,30,6,2198,2,11,FORD TRANSIT,4,E01003409,0,-1
2021131038255,2021,131038255,2,19,0,2,2,0,0,0,0,0,0,0,0,0,2,1,6,6,3,-1,-1,2198,2,8,FORD TRANSIT,-1,-1,0,-1
2021010342170,2021,010342170,1,19,0,17,19,1,5,0,0,0,0,0,0,0,4,1,6,6,1,44,7,1995,2,3,FORD TRANSIT,5,E01001664,0,-1
2021010306075,2021,010306075,1,19,0,18,19,1,5,0,0,8,0,0,0,0,4,1,6,6,1,69,10,2402,2,18,FORD TRANSIT,2,E01001057,0,-1
2021440417539,2021,440417539,1,19,0,17,19,2,6,0,0,0,1,0,1,11,1,1,6,6,1,28,6,2198,2,10,FORD TRANSIT,6,E01022520,0,-1
2021041088872,2021,041088872,1,19,4,18,19,7,3,0,0,0,0,0,0,0,1,1,1,1,1,32,6,2402,2,12,FORD TRANSIT,7,E01025164,0,-1
2021061083774,2021,061083774,2,19,0,18,19,8,4,0,0,0,0,0,0,0,1,1,2,2,1,28,6,1995,2,3,FORD TRANSIT,4,E01005284,0,-1
2021111078384,2021,111078384,1,19,0,18,19,1,1,0,0,2,0,0,0,0,1,1,5,6,1,41,7,2198,2,5,FORD TRANSIT,2,E01020842,0,-1
2021122100280,2021,122100280,1,19,0,18,19,5,1,0,0,0,0,0,0,0,0,1,1,1,1,45,7,1995,2,3,FORD TRANSIT,7,E01025195,0,-1
2021041115902,2021,041115902,1,19,0,18,19,6,2,0,0,1,0,0,0,0,1,1,5,6,1,20,4,2198,2,8,FORD TRANSIT,1,E01012643,0,-1
2021010296475,2021,010296475,2,20,0,99,99,9,9,99,99,8,9,99,9,99,1,1,6,6,1,42,7,2198,2,7,FORD TRANSIT,3,E01024481,0,-1
2021371086894,2021,371086894,2,19,0,2,2,0,0,0,0,0,0,0,0,0,1,1,6,6,1,36,7,2496,2,24,FORD TRANSIT,5,E01030222,0,-1
2021451067651,2021,451067651,2,19,0,18,19,3,7,0,0,8,5,0,0,0,4,1,1,1,1,67,10,2198,2,6,FORD TRANSIT,3,E01024169,0,-1
2021546853921,2021,546853921,3,19,0,3,3,6,2,0,0,0,0,0,0,0,2,1,1,1,1,61,9,2402,2,10,FORD TRANSIT,7,E01031961,0,-1
2021320200209,2021,320200209,1,19,0,18,19,1,5,0,0,1,0,0,0,0,1,1,6,6,1,25,5,2198,2,12,FORD TRANSIT,7,E01026275,0,-1
2021170S10041,2021,170S10041,1,19,0,18,19,5,1,0,0,6,0,0,0,0,1,1,6,6,1,57,9,2198,2,13,FORD TRANSIT,-1,-1,0,-1
2021010343908,2021,010343908,1,19,0,16,19,3,7,8,6,6,1,0,0,0,1,1,1,1,1,46,8,1995,2,2,FORD TRANSIT,7,E01002269,0,-1
2021430088425,2021,430088425,2,19,0,7,7,4,5,0,0,5,0,0,0,0,4,1,6,6,1,-1,-1,2198,2,6,FORD TRANSIT,4,E01016406,0,-1
2021010303125,2021,010303125,1,19,0,18,19,5,1,4,4,1,0,4,0,0,3,1,1,1,1,40,7,1995,2,1,FORD TRANSIT,6,E01003641,0,-1
2021221120230,2021,221120230,1,19,0,1,1,1,5,0,0,0,0,0,0,0,2,1,5,6,1,26,6,2402,2,19,FORD TRANSIT,2,E01009495,0,-1
2021211017955,2021,211017955,1,19,0,18,19,4,8,0,0,0,5,0,1,4,1,1,6,6,1,38,7,2198,2,11,FORD TRANSIT,1,E01014361,0,-1
2021122100321,2021,122100321,1,19,0,4,4,5,1,0,0,8,1,0,0,0,1,1,1,1,1,32,6,1995,2,1,FORD TRANSIT,4,E01027905,0,-1
2021501028211,2021,501028211,1,19,0,18,19,5,1,0,0,0,0,0,0,0,1,1,1,1,1,57,9,2198,2,12,FORD TRANSIT,5,E01018992,0,-1
2021201070017,2021,201070017,1,19,0,1,1,8,4,0,0,5,0,0,0,0,4,1,1,1,1,34,6,2198,2,13,FORD TRANSIT,2,E01010261,0,-1
2021991043423,2021,991043423,2,10,0,18,19,7,3,0,0,8,0,0,0,0,4,1,1,1,1,65,9,2402,2,11,FORD TRANSIT,5,-1,0,-1
2021549680021,2021,549680021,1,19,0,18,19,8,4,0,0,0,0,0,0,0,1,1,1,1,1,76,11,1998,2,15,FORD TRANSIT,-1,-1,0,-1
2021451055539,2021,451055539,1,19,0,18,19,3,7,0,0,0,0,0,0,0,1,1,1,1,1,67,10,1995,2,3,FORD TRANSIT,1,E01002041,0,-1
2021991077447,2021,991077447,1,20,0,4,4,8,3,0,0,0,0,0,0,0,1,1,1,1,1,22,5,-1,-1,-1,FORD TRANSIT,10,-1,0,-1
2021041106041,2021,041106041,1,19,0,18,19,8,6,0,0,2,0,0,0,0,1,1,1,1,1,66,10,1995,2,1,FORD TRANSIT,5,E01012701,0,-1
2021122100404,2021,122100404,2,19,0,2,2,0,0,6,6,0,0,0,0,0,0,1,1,1,1,27,6,1995,2,2,FORD TRANSIT,10,E01027565,0,-1
2021161063192,2021,161063192,2,19,0,18,19,2,6,0,0,1,0,0,0,0,4,1,6,6,1,31,6,2402,2,19,FORD TRANSIT,2,E01012884,0,-1
2021440464931,2021,440464931,1,19,0,9,9,5,2,0,0,8,0,0,0,0,1,1,6,6,1,62,9,2198,2,9,FORD TRANSIT,3,E01032745,0,-1
2021552100196,2021,552100196,2,19,0,2,2,0,0,0,0,0,0,0,0,0,2,1,1,1,1,39,7,1995,2,3,FORD TRANSIT,2,E01009265,0,-1
2021010333354,2021,010333354,2,19,0,99,99,9,9,99,99,9,9,99,9,99,0,9,6,6,3,-1,-1,2198,2,10,FORD TRANSIT,2,E01003079,0,-1
2021010314345,2021,010314345,1,19,0,99,99,9,9,99,99,9,9,99,9,99,9,9,6,6,3,-1,-1,1995,2,4,FORD TRANSIT,-1,-1,0,-1
2021131057428,2021,131057428,1,19,0,5,5,3,6,0,0,4,0,0,0,0,4,1,1,1,1,32,6,1995,2,0,FORD TRANSIT,3,E01011028,0,-1
2021622100852,2021,622100852,1,19,0,18,19,5,1,0,0,0,0,0,0,0,3,1,1,1,1,33,6,2198,2,12,FORD TRANSIT,3,W01001317,0,-1
2021052102208,2021,052102208,2,19,0,3,3,1,5,0,0,1,0,0,0,0,2,1,1,1,1,64,9,1995,2,2,FORD TRANSIT,8,E01006683,0,-1
2021361042183,2021,361042183,3,19,0,2,2,0,0,0,0,1,0,0,0,0,1,1,6,6,1,32,6,1995,2,3,FORD TRANSIT,1,E01026819,0,-1
2021501056273,2021,501056273,1,19,0,18,19,4,8,0,0,1,0,0,1,0,4,1,1,1,1,36,7,1995,2,1,FORD TRANSIT,7,E01020156,0,-1
2021111050369,2021,111050369,1,19,0,18,19,7,1,0,0,2,0,0,0,0,4,1,5,6,1,34,6,2402,2,12,FORD TRANSIT,2,E01020716,0,-1
202131B198821,2021,31B198821,1,19,0,6,6,7,7,0,0,0,5,0,0,0,3,1,1,1,1,44,7,1995,2,2,FORD TRANSIT,5,E01004934,0,-1
2021161031385,2021,161031385,1,19,0,7,7,7,8,0,0,5,0,0,0,0,4,1,6,6,1,-1,-1,1995,2,2,FORD TRANSIT,-1,-1,0,-1
2021991085423,2021,991085423,1,19,0,7,7,2,4,0,0,1,0,0,0,0,1,1,6,6,1,55,8,1995,2,0,FORD TRANSIT,7,-1,0,-1
2021070280519,2021,070280519,2,19,0,4,4,4,8,0,0,0,0,0,0,0,2,1,1,1,1,36,7,2402,2,14,FORD TRANSIT,1,E01006445,0,-1
2021421101592,2021,421101592,1,19,0,17,19,5,1,0,0,0,0,0,0,0,1,1,5,6,1,25,5,1995,2,3,FORD TRANSIT,2,E01015839,0,-1
2021471038020,2021,471038020,2,19,0,18,19,1,5,0,0,1,0,0,0,0,1,1,2,2,1,34,6,2402,2,18,FORD TRANSIT,3,E01031360,0,-1
2021211080782,2021,211080782,1,19,0,18,19,6,2,0,0,0,0,0,0,0,1,1,1,1,1,41,7,2198,2,9,FORD TRANSIT,5,E01010418,0,-1
2021101036092,2021,101036092,1,19,0,18,19,1,5,0,0,0,0,0,0,0,4,1,1,1,1,34,6,2198,2,5,FORD TRANSIT,9,E01008292,0,-1
2021411119294,2021,411119294,2,19,0,16,19,7,3,0,0,0,1,0,0,0,3,1,1,1,1,19,4,1995,2,0,FORD TRANSIT,7,E01015695,0,-1
2021440101358,2021,440101358,1,19,0,18,19,5,1,0,0,0,0,0,0,0,1,1,2,2,1,43,7,2402,2,12,FORD TRANSIT,5,E01017283,0,-1
2021991090779,2021,991090779,1,19,0,14,14,4,7,0,0,0,0,0,0,0,1,1,1,1,1,54,8,1995,2,3,FORD TRANSIT,1,-1,0,-1