collision_index,collision_year,collision_ref_no,vehicle_reference,vehicle_type,towing_and_articulation,vehicle_manoeuvre_historic,vehicle_manoeuvre,vehicle_direction_from,vehicle_direction_to,vehicle_location_restricted_lane_historic,vehicle_location_restricted_lane,junction_location,skidding_and_overturning,hit_object_in_carriageway,vehicle_leaving_carriageway,hit_object_off_carriageway,first_point_of_impact,vehicle_left_hand_drive,journey_purpose_of_driver_historic,journey_purpose_of_driver,sex_of_driver,age_of_driver,age_band_of_driver,engine_capacity_cc,propulsion_code,age_of_vehicle,generic_make_model,driver_imd_decile,lsoa_of_driver,escooter_flag,driver_distance_banding
2021461097466,2021,461097466,1,19,0,5,5,1,5,0,0,1,0,0,0,0,3,1,1,1,1,31,6,1995,2,3,FORD TRANSIT,2,E01003932,0,-1
2021991034813,2021,991034813,3,19,0,18,19,2,6,0,0,0,0,0,0,0,2,1,2,2,1,31,6,1995,2,1,FORD TRANSIT,-1,-1,0,-1
2021201077872,2021,201077872,1,19,0,11,11,4,8,0,0,4,0,0,0,0,4,1,6,6,1,67,10,2402,2,18,FORD TRANSIT,8,E01009506,0,-1
2021411020833,2021,411020833,1,19,0,13,13,4,8,0,0,0,0,0,0,0,4,1,1,1,1,60,9,1995,2,1,FORD TRANSIT,1,E01001957,0,-1
2021401063717,2021,401063717,2,19,4,18,19,1,4,0,0,0,2,0,5,0,2,1,1,1,1,50,8,1995,2,3,FORD TRANSIT,1,-1,0,-1
2021440248299,2021,440248299,1,19,0,6,6,3,3,0,0,0,0,0,0,0,3,1,1,1,1,52,8,1995,2,1,FORD TRANSIT,3,E01017228,0,-1
2021421018120,2021,421018120,1,19,-1,13,13,2,6,0,0,0,0,0,0,0,1,1,6,6,1,42,7,2198,2,9,FORD TRANSIT,9,E01021446,0,-1
2021991113829,2021,991113829,2,19,0,18,19,5,1,0,0,0,0,4,1,0,1,1,2,2,1,24,5,2198,2,11,FORD TRANSIT,4,-1,0,-1
2021440028479,2021,440028479,2,19,0,11,11,3,7,0,0,0,0,0,0,0,0,1,6,6,3,-1,-1,2198,2,12,FORD TRANSIT,-1,-1,0,-1
2021622100404,2021,622100404,1,19,0,18,19,8,4,0,0,8,0,0,0,0,1,1,2,2,1,28,6,1995,2,0,FORD TRANSIT,2,W01001885,0,-1
2021010308108,2021,010308108,2,19,0,7,7,3,6,0,0,1,0,0,0,0,3,1,2,2,1,62,9,2198,2,11,FORD TRANSIT,5,E01002613,0,-1
2021010320670,2021,010320670,1,19,0,3,3,8,4,0,0,1,0,0,0,0,4,1,1,1,1,51,8,2198,2,6,FORD TRANSIT,2,E01000018,0,-1
2021531079373,2021,531079373,2,19,0,5,5,3,1,0,0,6,0,0,0,0,1,1,1,1,1,58,9,2198,2,5,FORD TRANSIT,6,E01032462,0,-1
2021991063548,2021,991063548,3,10,0,8,8,4,6,0,0,1,0,0,0,0,3,1,5,6,1,71,10,2198,2,6,FORD TRANSIT,1,-1,0,-1
2021531077095,2021,531077095,3,19,0,18,19,7,3,0,0,0,0,0,0,0,1,1,1,1,1,34,6,2198,2,9,FORD TRANSIT,8,E01022432,0,-1
2021010288147,2021,010288147,2,19,0,18,19,1,5,0,0,8,0,0,0,0,1,1,1,1,1,45,7,1995,2,3,FORD TRANSIT,5,E01021522,0,-1
2021991074264,2021,991074264,2,19,0,18,19,4,8,0,0,0,0,0,0,0,1,1,1,1,1,39,7,1995,2,3,FORD TRANSIT,1,-1,0,-1
2021231052045,2021,231052045,1,19,0,1,1,1,5,9,9,6,0,4,0,0,2,1,5,6,3,22,5,1995,2,4,FORD TRANSIT,-1,-1,0,-1
2021010309631,2021,010309631,1,19,0,11,11,5,1,0,0,0,1,0,0,0,3,1,1,1,1,52,8,2402,2,12,FORD TRANSIT,4,E01001618,0,-1
2021221066232,2021,221066232,2,19,0,9,9,4,2,0,0,6,0,0,0,0,4,1,6,6,2,48,8,2198,2,9,FORD TRANSIT,6,E01032174,0,-1
2021010335149,2021,010335149,2,19,0,99,99,9,9,99,99,9,9,99,9,99,0,9,6,6,3,-1,-1,1995,2,4,FORD TRANSIT,-1,-1,0,-1
2021061084913,2021,061084913,1,19,0,7,7,1,5,0,0,5,0,0,0,0,3,1,1,1,1,50,8,1995,2,0,FORD TRANSIT,1,E01032558,0,-1
202106P079388,2021,06P079388,1,19,0,18,19,3,7,0,0,1,0,0,3,10,1,1,6,6,1,35,6,2198,2,13,FORD TRANSIT,1,E01005551,0,-1
2021440492549,2021,440492549,3,19,0,18,19,4,8,0,0,1,0,0,0,0,1,1,6,6,1,21,5,2198,2,14,FORD TRANSIT,9,E01032625,0,-1
2021010301932,2021,010301932,2,19,9,99,99,9,9,99,99,9,9,99,9,99,9,9,6,6,1,34,6,2402,2,13,FORD TRANSIT,8,E01017818,0,-1
2021421019654,2021,421019654,1,19,0,18,19,5,1,0,0,3,0,0,0,0,1,1,6,6,1,73,10,2198,2,14,FORD TRANSIT,-1,-1,0,-1
2021546308821,2021,546308821,3,19,0,2,2,0,0,0,0,0,0,0,0,0,0,1,6,6,1,39,7,2402,2,15,FORD TRANSIT,4,E01015509,0,-1
2021010289544,2021,010289544,2,19,0,5,5,1,5,0,0,4,0,0,0,0,1,1,6,6,3,-1,-1,2402,2,13,FORD TRANSIT,-1,-1,0,-1
2021547773621,2021,547773621,1,19,0,1,1,5,1,0,0,2,0,4,0,0,2,1,1,1,1,58,9,2402,2,13,FORD TRANSIT,3,E01015491,0,-1
2021440182339,2021,440182339,2,19,0,18,19,6,2,0,0,8,0,0,0,0,1,1,1,1,1,28,6,2402,2,11,FORD TRANSIT,9,E01022998,0,-1
2021010324695,2021,010324695,1,10,0,18,19,3,7,0,0,2,0,0,0,0,4,1,6,6,1,63,9,2198,2,9,FORD TRANSIT,-1,-1,0,-1
2021421096881,2021,421096881,1,19,0,9,9,1,1,0,0,1,0,0,0,0,1,1,1,1,1,77,11,1995,2,3,FORD TRANSIT,8,E01021468,0,-1
2021010305530,2021,010305530,2,19,0,18,19,1,5,0,0,0,0,0,0,0,2,1,1,1,2,55,8,2198,2,13,FORD TRANSIT,3,E01003406,0,-1
2021461078079,2021,461078079,1,19,0,18,19,5,1,0,0,0,0,11,0,0,4,1,5,6,1,26,6,2198,2,15,FORD TRANSIT,8,E01024053,0,-1
2021010294898,2021,010294898,1,19,0,18,19,5,1,0,0,1,0,0,0,0,1,1,1,1,1,34,6,2198,2,9,FORD TRANSIT,4,E01002593,0,-1
2021111130944,2021,111130944,1,19,0,9,9,7,3,0,0,8,0,0,0,0,3,1,6,6,1,49,8,2402,2,13,FORD TRANSIT,8,E01012316,0,-1
2021010303323,2021,010303323,2,19,0,7,7,7,8,0,0,2,5,0,0,0,0,2,1,1,1,39,7,1995,2,1,FORD TRANSIT,3,E01002325,0,-1
2021010333916,2021,010333916,1,10,0,99,99,9,9,99,99,9,9,99,9,99,9,9,6,6,1,34,6,2198,2,3,FORD TRANSIT,3,E01004212,0,-1
2021451021932,2021,451021932,1,19,0,1,1,5,1,0,0,0,0,0,0,0,2,1,1,1,1,58,9,2198,2,10,FORD TRANSIT,9,E01022859,0,-1
2021052100445,2021,052100445,2,10,0,18,19,5,1,0,0,1,0,0,0,0,1,1,6,6,1,58,9,2198,2,12,FORD TRANSIT,1,E01033228,0,-1
2021991046095,2021,991046095,1,19,0,2,2,0,0,9,9,0,0,0,7,11,1,1,1,1,1,51,8,2402,2,11,FORD TRANSIT,7,-1,0,-1
202163C089721,2021,63C089721,1,19,0,18,19,7,3,0,0,0,1,0,0,0,1,1,2,2,1,56,9,2198,2,5,FORD TRANSIT,4,W01000586,0,-1
2021552100920,2021,552100920,1,19,0,9,9,7,5,0,0,6,0,0,0,0,3,1,1,1,1,26,6,2198,2,9,FORD TRANSIT,4,E01020551,0,-1
2021010306894,2021,010306894,1,20,0,18,19,1,5,0,0,1,0,0,0,0,1,1,1,1,1,57,9,-1,-1,-1,FORD TRANSIT,3,E01000043,0,-1
2021552100158,2021,552100158,2,19,0,18,19,4,8,9,9,8,0,0,0,0,4,1,6,6,1,26,6,2402,2,18,FORD TRANSIT,3,E01020502,0,-1
2021010299538,2021,010299538,2,19,9,99,99,9,9,99,99,9,9,99,9,99,9,9,6,6,3,25,5,2198,2,9,FORD TRANSIT,3,E01003372,0,-1
2021501113059,2021,501113059,2,19,0,15,15,3,8,0,0,0,0,0,0,0,3,1,1,1,1,60,9,2198,2,7,FORD TRANSIT,8,E01020061,0,-1
2021411103341,2021,411103341,1,19,0,9,9,3,7,0,0,8,0,0,0,0,1,1,6,6,2,24,5,2402,2,12,FORD TRANSIT,6,E01023499,0,-1
2021010300810,2021,010300810,2,19,0,99,99,9,9,99,99,9,9,99,9,99,2,9,6,6,1,65,9,2198,2,5,FORD TRANSIT,3,E01002070,0,-1
2021401013285,2021,401013285,1,19,4,18,19,-1,-1,9,9,0,0,0,7,0,3,1,1,1,1,58,9,1995,2,2,FORD TRANSIT,2,E01015733,0,-1
2021010305188,2021,010305188,2,19,0,18,19,5,1,0,0,1,0,0,0,0,1,1,6,6,1,36,7,1995,2,1,FORD TRANSIT,3,E01001045,0,-1
2021991014612,2021,991014612,2,19,0,18,19,2,6,0,0,1,1,0,0,0,1,1,1,1,1,23,5,2402,2,10,FORD TRANSIT,2,-1,0,-1
2021010352504,2021,010352504,1,19,0,99,99,9,9,0,0,1,0,0,0,0,1,1,6,6,3,-1,-1,1995,2,4,FORD TRANSIT,-1,-1,0,-1
2021221032953,2021,221032953,1,19,0,18,19,3,7,0,0,8,0,0,0,0,1,1,2,2,1,57,9,2402,2,16,FORD TRANSIT,5,E01014031,0,-1
2021131036521,2021,131036521,2,19,0,18,19,5,1,0,0,0,0,0,0,0,3,1,2,2,1,26,6,2402,2,10,FORD TRANSIT,1,E01010612,0,-1
2021131091338,2021,131091338,1,19,0,5,5,4,8,0,0,0,0,0,0,0,2,1,6,6,3,-1,-1,2198,2,8,FORD TRANSIT,-1,-1,0,-1
2021451096301,2021,451096301,2,19,0,11,11,6,2,0,0,1,0,0,0,0,1,1,6,6,1,29,6,1998,2,16,FORD TRANSIT,3,E01001508,0,-1
2021552101373,2021,552101373,1,19,0,2,2,0,0,0,0,0,0,0,0,0,2,1,6,6,3,-1,-1,2198,2,5,FORD TRANSIT,-1,-1,0,-1
2021010334935,2021,010334935,2,19,0,99,99,9,9,99,99,0,9,99,9,99,9,9,6,6,3,33,6,1995,2,1,FORD TRANSIT,1,E01005315,0,-1
202163DF01621,2021,63DF01621,1,19,0,17,19,2,7,0,0,0,0,0,1,10,1,1,6,6,1,34,6,2198,2,9,FORD TRANSIT,6,W01000433,0,-1
2021010288463,2021,010288463,2,19,9,99,99,9,9,99,99,9,9,99,9,99,2,9,6,6,3,-1,-1,1995,2,3,FORD TRANSIT,-1,-1,0,-1
2021991110325,2021,991110325,1,19,0,4,4,1,5,6,6,0,1,4,0,0,1,1,6,6,1,36,7,1995,2,0,FORD TRANSIT,4,-1,0,-1
2021141032010,2021,141032010,1,19,0,18,19,8,4,0,0,1,0,0,0,0,3,1,1,1,1,72,10,2198,2,13,FORD TRANSIT,6,E01019816,0,-1
2021061052437,2021,061052437,1,19,0,8,8,8,2,0,0,1,0,0,0,0,3,1,6,6,3,30,6,2198,2,10,FORD TRANSIT,-1,-1,0,-1
2021010335478,2021,010335478,3,19,0,2,2,0,0,0,0,1,0,4,0,0,3,1,6,6,3,-1,-1,2402,2,13,FORD TRANSIT,-1,-1,0,-1
2021010311007,2021,010311007,2,19,0,9,9,3,1,0,0,2,0,0,0,0,0,1,1,1,1,51,8,1995,2,3,FORD TRANSIT,10,E01023591,0,-1
2021141024293,2021,141024293,2,19,0,18,19,1,1,0,0,0,0,0,0,0,2,1,6,6,1,77,11,2198,2,5,FORD TRANSIT,5,E01007823,0,-1
2021411106502,2021,411106502,1,19,0,9,9,-1,-1,0,0,8,0,0,0,0,4,1,6,6,1,-1,-1,1995,2,2,FORD TRANSIT,-1,-1,0,-1
2021401090173,2021,401090173,1,19,0,3,3,7,3,0,0,1,0,0,0,0,4,1,6,6,1,32,6,2198,2,14,FORD TRANSIT,4,E01015792,0,-1
2021122100373,2021,122100373,1,19,0,18,19,1,5,0,0,1,0,0,0,0,1,1,1,1,1,19,4,2198,2,8,FORD TRANSIT,5,E01027802,0,-1
2021991103240,2021,991103240,1,19,0,18,19,1,5,0,0,4,0,0,1,0,1,1,6,6,1,50,8,2198,2,9,FORD TRANSIT,-1,-1,0,-1
2021221055919,2021,221055919,1,19,0,3,3,2,6,0,0,0,0,0,0,0,2,1,1,1,1,30,6,2402,2,11,FORD TRANSIT,7,E01014070,0,-1
2021131073734,2021,131073734,2,19,0,9,9,3,7,0,0,0,0,0,1,7,4,1,1,1,1,44,7,1995,2,1,FORD TRANSIT,2,E01007767,0,-1
2021361064646,2021,361064646,3,19,0,4,4,1,5,0,0,0,0,0,0,0,2,1,1,1,1,60,9,2198,2,8,FORD TRANSIT,6,E01018264,0,-1
2021141045385,2021,141045385,1,19,0,18,19,5,1,0,0,0,0,0,0,0,2,1,1,1,1,47,8,1995,2,2,FORD TRANSIT,1,E01012113,0,-1
2021010290029,2021,010290029,2,19,0,99,99,9,9,99,99,9,9,99,9,99,1,9,6,6,3,-1,-1,2402,2,18,FORD TRANSIT,-1,-1,0,-1
2021361070397,2021,361070397,2,19,0,4,4,8,4,0,0,0,0,0,0,0,2,1,1,1,1,47,8,1995,2,4,FORD TRANSIT,8,E01030237,0,-1
2021052100842,2021,052100842,2,19,0,9,9,3,1,0,0,1,0,0,0,0,2,1,6,6,1,22,5,2198,2,13,FORD TRANSIT,6,E01007029,0,-1
2021122200081,2021,122200081,1,20,0,18,19,8,4,0,0,1,0,0,0,0,1,1,1,1,1,47,8,1995,2,4,FORD TRANSIT,5,E01027828,0,-1
2021361048248,2021,361048248,1,19,0,6,6,1,6,0,0,0,0,0,0,0,3,1,2,2,1,27,6,1995,2,3,FORD TRANSIT,4,E01026864,0,-1
2021302100677,2021,302100677,2,19,0,18,19,2,6,0,0,1,0,0,0,0,3,1,6,6,1,32,6,2402,2,16,FORD TRANSIT,7,E01028090,0,-1
2021461119255,2021,461119255,1,19,0,18,19,5,1,0,0,0,0,0,0,0,2,1,6,6,1,43,7,1995,2,2,FORD TRANSIT,5,E01024831,0,-1
2021430132710,2021,430132710,1,19,0,18,19,1,5,0,0,1,0,0,0,0,2,1,2,2,1,37,7,2198,2,10,FORD TRANSIT,6,E01016366,0,-1
2021991078854,2021,991078854,1,19,0,1,1,4,7,0,0,0,0,0,0,0,2,1,5,6,1,36,7,2198,2,8,FORD TRANSIT,2,-1,0,-1
2021991084494,2021,991084494,1,19,0,1,1,3,7,0,0,1,0,0,0,0,2,1,1,1,1,33,6,2198,2,6,FORD TRANSIT,9,-1,0,-1
2021421080527,2021,421080527,1,19,0,18,19,6,2,0,0,0,0,0,0,0,0,1,6,6,1,53,8,2402,2,20,FORD TRANSIT,3,E01015877,0,-1
2021052102408,2021,052102408,3,19,0,18,19,1,5,0,0,1,0,0,1,11,1,1,1,1,2,42,7,2402,2,13,FORD TRANSIT,6,E01007076,0,-1
2021161066914,2021,161066914,2,19,0,18,19,4,8,0,0,0,0,0,0,0,0,1,1,1,1,64,9,2198,2,7,FORD TRANSIT,1,E01027907,0,-1
2021461089740,2021,461089740,1,10,0,18,19,1,5,0,0,1,0,0,0,0,1,1,5,6,1,56,9,2198,2,9,FORD TRANSIT,-1,-1,0,-1
2021070305041,2021,070305041,2,20,0,18,19,7,3,0,0,5,2,0,0,0,3,1,1,1,1,60,9,-1,-1,-1,FORD TRANSIT,2,E01012537,0,-1
2021010305492,2021,010305492,1,19,0,5,5,1,5,0,0,1,0,0,0,0,0,1,6,6,2,55,8,1995,2,0,FORD TRANSIT,2,E01000627,0,-1
2021451101256,2021,451101256,1,19,0,10,10,3,7,0,0,5,0,0,0,0,3,1,5,6,1,31,6,2198,2,9,FORD TRANSIT,10,E01030500,0,-1
2021111046328,2021,111046328,1,19,0,7,7,1,3,0,0,2,0,0,0,0,3,1,1,1,1,51,8,2198,2,8,FORD TRANSIT,2,E01020626,0,-1
2021052102085,2021,052102085,1,19,0,18,19,3,7,0,0,1,0,4,0,0,1,1,6,6,1,63,9,1998,2,16,FORD TRANSIT,2,E01006725,0,-1
2021010339114,2021,010339114,3,19,0,2,2,0,0,0,0,1,0,0,0,0,4,1,6,6,3,-1,-1,2198,2,4,FORD TRANSIT,-1,-1,0,-1
2021471118122,2021,471118122,3,19,0,7,7,3,6,0,0,8,0,0,0,0,0,1,2,2,1,33,6,2198,2,12,FORD TRANSIT,6,E01021198,0,-1
2021440504391,2021,440504391,1,19,0,18,19,6,2,0,0,0,0,0,0,0,1,1,1,1,1,32,6,2402,2,10,FORD TRANSIT,2,E01017340,0,-1
2021461027559,2021,461027559,1,19,0,18,19,4,8,0,0,0,1,0,0,0,1,1,1,1,1,27,6,2198,2,7,FORD TRANSIT,4,E01024591,0,-1
2021161040706,2021,161040706,3,19,0,18,19,6,2,0,0,8,0,0,0,0,3,1,6,6,1,39,7,2402,2,10,FORD TRANSIT,3,E01007550,0,-1
2021361080756,2021,361080756,3,19,0,18,19,7,3,0,0,0,0,0,0,0,2,1,1,1,1,47,8,1995,2,0,FORD TRANSIT,4,E01026499,0,-1
2021361122357,2021,361122357,1,19,0,4,4,6,1,0,0,0,0,0,0,0,2,1,1,1,1,39,7,1995,2,0,FORD TRANSIT,10,E01026572,0,-1
2021201081061,2021,201081061,1,19,0,6,6,5,1,0,0,6,0,0,0,0,1,1,6,6,1,-1,-1,2198,2,14,FORD TRANSIT,-1,-1,0,-1
2021041031113,2021,041031113,1,19,0,18,19,5,1,0,0,0,0,0,0,0,1,2,1,1,1,27,6,1995,2,1,FORD TRANSIT,4,E01024945,0,-1
2021031023338,2021,031023338,1,10,0,9,9,3,5,0,0,0,0,0,0,0,3,1,1,1,1,67,10,2198,2,4,FORD TRANSIT,1,E01019112,0,-1
2021461093644,2021,461093644,1,19,0,15,15,4,8,0,0,0,0,0,0,0,4,1,6,6,1,32,6,2198,2,13,FORD TRANSIT,3,E01003525,0,-1
2021430390274,2021,430390274,3,19,0,18,19,1,5,0,0,1,0,0,0,0,1,1,6,6,1,50,8,2198,2,14,FORD TRANSIT,6,E01016530,0,-1
2021052101928,2021,052101928,1,19,0,1,1,5,1,0,0,0,0,0,0,0,2,1,1,1,1,62,9,1995,2,3,FORD TRANSIT,8,E01006383,0,-1
2021520105623,2021,520105623,2,19,0,18,19,2,6,0,0,1,0,0,0,0,1,1,6,6,1,35,6,2198,2,5,FORD TRANSIT,-1,-1,0,-1
2021501124193,2021,501124193,2,20,0,2,2,0,0,0,0,0,0,0,0,0,2,1,5,6,2,34,6,-1,-1,-1,FORD TRANSIT,5,E01019026,0,-1
2021010310773,2021,010310773,2,19,0,99,99,9,9,99,99,9,9,99,9,99,1,9,6,6,3,-1,-1,2198,2,7,FORD TRANSIT,-1,-1,0,-1
2021131053163,2021,131053163,3,19,0,18,19,3,7,0,0,0,0,0,0,0,2,1,1,1,1,68,10,2402,2,14,FORD TRANSIT,9,E01010875,0,-1
2021991031053,2021,991031053,1,19,0,18,19,2,6,0,0,0,5,4,0,0,1,1,1,1,1,43,7,1995,2,3,FORD TRANSIT,5,-1,0,-1
2021471075126,2021,471075126,1,19,0,9,9,1,3,0,0,6,0,0,0,0,1,1,1,1,1,42,7,2198,2,5,FORD TRANSIT,5,E01031771,0,-1
2021471076832,2021,471076832,1,19,0,18,19,6,2,0,0,0,0,0,0,0,1,1,2,2,1,40,7,2198,2,5,FORD TRANSIT,4,E01021004,0,-1
2021201026904,2021,201026904,2,19,0,2,2,0,0,9,9,0,0,0,0,0,2,1,6,6,3,-1,-1,2402,2,11,FORD TRANSIT,-1,-1,0,-1
202131B128821,2021,31B128821,1,19,0,18,19,4,8,0,0,1,0,0,0,0,1,1,1,1,1,39,7,2402,2,10,FORD TRANSIT,7,E01025911,0,-1
2021351046956,2021,351046956,1,19,0,5,5,1,5,0,0,0,0,0,0,0,1,1,5,6,1,46,8,2198,2,8,FORD TRANSIT,1,E01015664,0,-1
2021471084220,2021,471084220,2,19,0,4,4,8,4,0,0,0,0,0,0,0,2,1,1,1,1,35,6,1995,2,4,FORD TRANSIT,4,E01014573,0,-1
2021161083206,2021,161083206,1,20,0,18,19,1,4,0,0,1,0,0,0,0,1,1,6,6,1,-1,-1,2198,2,6,FORD TRANSIT,-1,-1,0,-1
2021010335603,2021,010335603,2,19,0,99,99,9,9,99,99,9,9,99,9,99,1,9,6,6,3,-1,-1,1995,2,0,FORD TRANSIT,-1,-1,0,-1
2021991031790,2021,991031790,1,19,0,13,13,8,3,0,0,4,1,0,0,0,1,1,1,1,1,55,8,2198,2,6,FORD TRANSIT,3,-1,0,-1
2021211053922,2021,211053922,2,19,0,9,9,4,2,0,0,0,0,0,0,0,3,1,6,6,1,74,10,1995,2,3,FORD TRANSIT,8,E01029749,0,-1
2021401030799,2021,401030799,1,19,0,18,19,3,3,0,0,8,0,0,0,0,1,1,1,1,1,38,7,2198,2,5,FORD TRANSIT,4,E01017552,0,-1
2021122100290,2021,122100290,1,20,0,16,19,5,1,0,0,0,0,0,0,0,4,1,6,6,1,63,9,-1,-1,-1,FORD TRANSIT,6,E01013418,0,-1
2021070657450,2021,070657450,1,19,0,1,1,5,1,0,0,1,0,0,0,0,2,1,6,6,3,-1,-1,2400,2,19,FORD TRANSIT,-1,-1,0,-1
2021010293784,2021,010293784,2,19,4,99,99,9,9,99,99,0,9,99,9,99,2,9,6,6,3,-1,-1,1995,2,1,FORD TRANSIT,-1,-1,0,-1
2021451096837,2021,451096837,1,19,0,18,19,7,7,0,0,0,0,0,0,0,1,1,1,1,1,32,6,2198,2,13,FORD TRANSIT,8,E01001100,0,-1
202131A014021,2021,31A014021,2,19,0,18,19,5,1,0,0,0,0,0,0,0,2,1,6,6,1,32,6,2198,2,5,FORD TRANSIT,6,E01027971,0,-1
2021061047422,2021,061047422,3,19,0,2,2,0,0,6,6,0,0,0,0,0,3,1,1,1,1,38,7,1995,2,2,FORD TRANSIT,9,E01005357,0,-1
2021010292360,2021,010292360,2,19,9,99,99,9,9,99,99,9,9,99,9,99,9,9,6,6,3,-1,-1,2198,2,11,FORD TRANSIT,-1,-1,0,-1
2021141033915,2021,141033915,1,19,0,4,4,5,1,0,0,0,0,0,0,0,2,1,5,6,1,36,7,2198,2,14,FORD TRANSIT,2,E01007440,0,-1
202134WNC5001,2021,34WNC5001,1,19,0,18,19,5,1,0,0,4,1,0,1,9,4,1,2,2,1,22,5,1995,2,3,FORD TRANSIT,9,E01007752,0,-1
2021111034248,2021,111034248,2,19,0,4,4,1,5,0,0,4,0,0,0,0,2,1,1,1,1,58,9,1995,2,2,FORD TRANSIT,1,E01008841,0,-1
2021991077447,2021,991077447,2,19,0,8,8,8,3,0,0,0,0,0,0,0,2,1,1,1,1,21,5,1995,2,1,FORD TRANSIT,2,-1,0,-1
202163A093521,2021,63A093521,2,19,0,18,19,2,6,0,0,0,0,0,0,0,1,1,1,1,1,46,8,1995,2,0,FORD TRANSIT,6,W01001318,0,-1
2021031068651,2021,031068651,1,20,0,18,19,3,7,0,0,1,0,0,0,0,1,1,6,6,1,28,6,-1,-1,-1,FORD TRANSIT,3,-1,0,-1
2021991069043,2021,991069043,1,10,0,13,13,4,8,0,0,0,0,0,5,6,1,1,5,6,1,45,7,1998,2,18,FORD TRANSIT,3,E01005614,0,-1
2021401071183,2021,401071183,2,19,0,18,19,-1,-1,0,0,0,0,0,0,0,3,1,6,6,2,39,7,2198,2,13,FORD TRANSIT,6,E01017898,0,-1
2021231082832,2021,231082832,1,19,0,4,4,5,1,0,0,0,0,0,0,0,1,1,5,6,1,31,6,2198,2,8,FORD TRANSIT,6,E01025824,0,-1
2021311077942,2021,311077942,1,19,0,18,19,6,2,0,0,0,0,0,7,0,1,1,6,6,1,47,8,1995,2,0,FORD TRANSIT,6,E01027962,0,-1
2021010313158,2021,010313158,2,19,0,18,19,3,7,0,0,4,0,0,0,0,1,1,1,1,1,38,7,1995,2,1,FORD TRANSIT,9,E01023912,0,-1
2021010316010,2021,010316010,2,10,0,99,99,9,9,99,99,9,9,99,9,99,9,9,6,6,3,-1,-1,2198,2,6,FORD TRANSIT,-1,-1,0,-1
2021440034302,2021,440034302,2,19,0,18,19,8,4,0,0,0,0,0,0,0,1,1,2,2,1,62,9,2198,2,12,FORD TRANSIT,1,E01023029,0,-1
202163A029121,2021,63A029121,3,19,0,18,19,2,6,0,0,0,0,0,0,0,1,1,6,6,2,67,10,-1,-1,-1,FORD TRANSIT,7,W01000878,0,-1
2021421103440,2021,421103440,1,19,0,7,7,7,2,0,0,3,0,0,0,0,1,1,1,1,1,63,9,2198,2,5,FORD TRANSIT,5,E01021551,0,-1
2021041076585,2021,041076585,2,19,0,18,19,5,1,0,0,0,0,0,0,0,3,1,1,1,1,26,6,1995,2,3,FORD TRANSIT,4,E01025460,0,-1
2021010312269,2021,010312269,2,19,0,6,6,7,7,0,0,1,0,0,0,0,3,1,6,6,1,35,6,2198,2,11,FORD TRANSIT,3,E01003586,0,-1
2021010298331,2021,010298331,1,19,0,7,7,5,8,4,4,8,0,0,0,0,4,1,2,2,1,35,6,2198,2,6,FORD TRANSIT,9,E01000751,0,-1
2021302101208,2021,302101208,1,19,0,9,9,6,2,0,0,8,0,0,0,0,1,1,1,1,1,47,8,2198,2,5,FORD TRANSIT,3,E01019468,0,-1
2021170S10041,2021,170S10041,2,19,0,18,19,3,7,0,0,8,0,0,0,0,1,1,6,6,1,23,5,2402,2,17,FORD TRANSIT,-1,-1,0,-1
2021461105502,2021,461105502,2,19,0,2,2,0,0,0,0,0,0,0,0,0,2,1,5,6,1,26,6,2198,2,5,FORD TRANSIT,4,E01024384,0,-1
2021440218024,2021,440218024,1,19,0,4,4,2,6,0,0,1,0,0,0,0,1,1,1,1,1,34,6,1995,2,1,FORD TRANSIT,8,E01017196,0,-1
2021010332506,2021,010332506,1,19,0,9,9,3,1,0,0,5,0,11,7,0,3,1,1,1,1,32,6,1995,2,2,FORD TRANSIT,4,E01016003,0,-1
2021211055341,2021,211055341,3,19,0,-1,-1,2,6,0,0,1,1,0,0,0,1,1,6,6,3,-1,-1,2402,2,10,FORD TRANSIT,-1,-1,0,-1
2021010335333,2021,010335333,2,19,0,7,7,1,3,0,0,1,0,0,0,0,9,1,6,6,1,-1,-1,2402,2,10,FORD TRANSIT,5,E01003435,0,-1
2021010300568,2021,010300568,1,19,0,99,99,9,9,99,99,9,9,99,9,99,4,9,2,2,1,43,7,1995,2,3,FORD TRANSIT,6,E01033458,0,-1
2021501037981,2021,501037981,2,19,0,10,10,1,3,0,0,1,0,0,0,0,1,1,1,1,1,59,9,1995,2,2,FORD TRANSIT,5,E01018837,0,-1
2021991018692,2021,991018692,2,19,0,16,19,5,1,0,0,0,0,0,0,0,3,1,1,1,1,65,9,2198,2,5,FORD TRANSIT,6,-1,0,-1
2021501133218,2021,501133218,3,20,0,2,2,0,0,0,0,2,0,0,0,0,0,1,1,1,1,48,8,-1,-1,-1,FORD TRANSIT,2,E01015044,0,-1
2021031019014,2021,031019014,2,20,0,2,2,0,0,0,0,0,0,0,0,0,4,1,1,1,1,17,4,2198,2,7,FORD TRANSIT,5,E01019226,0,-1