collision_index,collision_year,collision_ref_no,vehicle_reference,vehicle_type,towing_and_articulation,vehicle_manoeuvre_historic,vehicle_manoeuvre,vehicle_direction_from,vehicle_direction_to,vehicle_location_restricted_lane_historic,vehicle_location_restricted_lane,junction_location,skidding_and_overturning,hit_object_in_carriageway,vehicle_leaving_carriageway,hit_object_off_carriageway,first_point_of_impact,vehicle_left_hand_drive,journey_purpose_of_driver_historic,journey_purpose_of_driver,sex_of_driver,age_of_driver,age_band_of_driver,engine_capacity_cc,propulsion_code,age_of_vehicle,generic_make_model,driver_imd_decile,lsoa_of_driver,escooter_flag,driver_distance_banding
2021421054354,2021,421054354,1,19,0,12,12,7,4,0,0,3,0,0,0,0,1,1,6,6,1,27,6,2198,2,7,FORD TRANSIT,7,E01015849,0,-1
2021010291808,2021,010291808,1,19,0,9,9,1,7,0,0,8,0,0,0,0,1,1,6,6,1,39,7,2402,2,11,FORD TRANSIT,1,E01033153,0,-1
2021010289664,2021,010289664,2,19,0,18,19,3,7,0,0,8,0,0,0,0,1,1,1,1,1,61,9,2402,2,9,FORD TRANSIT,10,E01000463,0,-1
2021461084583,2021,461084583,2,19,0,2,2,0,0,0,0,0,0,0,0,0,2,1,1,1,1,26,6,2402,2,13,FORD TRANSIT,7,E01024740,0,-1
2021041116325,2021,041116325,1,19,4,18,19,5,1,0,0,0,0,0,0,0,0,1,1,1,1,60,9,2198,2,13,FORD TRANSIT,8,E01025550,0,-1
2021411138526,2021,411138526,1,19,0,7,7,8,2,0,0,1,0,0,0,0,1,1,1,1,1,52,8,1995,2,2,FORD TRANSIT,2,E01002029,0,-1
202131B111221,2021,31B111221,1,19,0,9,9,4,2,0,0,5,0,0,0,0,0,1,1,1,1,32,6,1995,2,2,FORD TRANSIT,7,E01010955,0,-1
2021471118642,2021,471118642,1,19,0,18,19,7,3,0,0,0,0,0,0,0,1,1,1,1,1,24,5,1995,2,1,FORD TRANSIT,5,E01004343,0,-1
2021201067567,2021,201067567,1,19,0,18,19,-1,-1,0,0,0,0,0,0,0,2,1,6,6,1,-1,-1,2198,2,12,FORD TRANSIT,-1,-1,0,-1
2021421051979,2021,421051979,3,19,0,18,19,2,6,0,0,0,0,0,1,0,1,1,5,6,1,44,7,2402,2,14,FORD TRANSIT,9,E01021615,0,-1
2021010306867,2021,010306867,1,19,0,18,19,3,7,0,0,0,0,0,0,0,2,1,1,1,1,35,6,2198,2,5,FORD TRANSIT,2,E01000133,0,-1
2021141042332,2021,141042332,2,19,0,18,19,7,1,0,0,4,0,0,0,0,2,1,1,1,1,51,8,2198,2,5,FORD TRANSIT,6,E01008143,0,-1
2021010316379,2021,010316379,1,19,0,2,2,0,0,9,9,2,0,0,0,0,3,1,6,6,3,-1,-1,1995,2,3,FORD TRANSIT,-1,-1,0,-1
2021351054316,2021,351054316,1,19,0,13,13,5,8,0,0,0,0,0,0,0,4,1,1,1,1,20,4,2402,2,15,FORD TRANSIT,9,E01018037,0,-1
2021070051894,2021,070051894,3,19,0,10,10,8,4,0,0,1,0,0,0,0,1,1,1,1,1,63,9,1995,2,0,FORD TRANSIT,3,E01005079,0,-1
2021010348685,2021,010348685,1,19,0,9,9,4,1,0,0,8,0,0,0,0,1,1,2,2,1,44,7,2198,2,11,FORD TRANSIT,-1,-1,0,-1
2021161022872,2021,161022872,1,19,0,16,19,6,2,0,0,1,0,0,7,0,1,1,1,1,1,49,8,2198,2,15,FORD TRANSIT,7,E01012966,0,-1
2021070062519,2021,070062519,3,19,0,18,19,7,3,6,6,0,0,0,0,0,3,1,2,2,1,43,7,2198,2,10,FORD TRANSIT,3,E01018497,0,-1
2021371063179,2021,371063179,2,10,0,8,8,4,8,0,0,8,0,0,0,0,2,1,1,1,1,62,9,2198,2,3,FORD TRANSIT,6,E01030212,0,-1
2021622100376,2021,622100376,1,19,0,5,5,2,6,0,0,0,0,0,0,0,3,1,1,1,1,40,7,2198,2,11,FORD TRANSIT,3,W01001167,0,-1
20211381G0630,2021,1381G0630,1,19,0,9,9,8,6,0,0,1,0,0,0,0,1,1,1,1,1,28,6,2402,2,9,FORD TRANSIT,1,E01025224,0,-1
2021221117507,2021,221117507,2,19,0,4,4,3,8,0,0,0,0,0,0,0,3,1,1,1,1,37,7,2198,2,6,FORD TRANSIT,7,W01000354,0,-1
2021061065843,2021,061065843,1,19,0,18,19,7,3,0,0,0,0,0,1,6,1,1,5,6,1,58,9,2402,2,16,FORD TRANSIT,-1,-1,0,-1
2021471049406,2021,471049406,1,19,0,5,5,8,3,0,0,4,0,0,0,0,1,1,1,1,1,58,9,2198,2,10,FORD TRANSIT,6,E01031676,0,-1
2021010294079,2021,010294079,2,19,0,5,5,3,7,0,0,4,0,0,0,0,1,1,1,1,1,54,8,2402,2,14,FORD TRANSIT,3,E01017619,0,-1
2021101027516,2021,101027516,2,19,0,3,3,1,5,0,0,3,0,0,0,0,2,1,1,1,1,54,8,2198,2,5,FORD TRANSIT,3,E01008780,0,-1
2021421041127,2021,421041127,1,19,0,18,19,3,7,0,0,1,1,0,7,0,1,1,2,2,1,46,8,2402,2,10,FORD TRANSIT,3,E01021307,0,-1
2021141051470,2021,141051470,3,19,0,18,19,7,3,0,0,0,0,0,0,0,1,1,6,6,1,36,7,2402,2,11,FORD TRANSIT,7,E01008033,0,-1
2021061028404,2021,061028404,1,19,0,4,4,7,3,0,0,0,0,0,0,0,1,1,1,1,1,28,6,2198,2,9,FORD TRANSIT,7,E01005701,0,-1
2021010328596,2021,010328596,2,19,0,18,19,3,7,0,0,6,0,0,0,0,1,9,6,6,3,20,4,2198,2,5,FORD TRANSIT,2,E01000072,0,-1
2021221111730,2021,221111730,1,19,0,6,6,4,4,0,0,8,0,0,1,0,3,1,1,1,1,67,10,1995,2,0,FORD TRANSIT,8,E01022451,0,-1
2021141115771,2021,141115771,2,19,0,16,19,3,6,0,0,0,0,0,0,0,1,1,1,1,1,20,4,1995,2,1,FORD TRANSIT,1,E01008062,0,-1
2021010312956,2021,010312956,2,19,0,99,99,9,9,99,99,9,9,99,9,99,2,9,6,6,3,-1,-1,2198,2,9,FORD TRANSIT,-1,-1,0,-1
2021010351178,2021,010351178,2,19,0,99,99,9,9,0,0,8,0,0,0,0,3,1,1,1,1,21,5,2198,2,14,FORD TRANSIT,7,E01022597,0,-1
2021122100175,2021,122100175,1,19,0,18,19,4,8,0,0,0,0,0,0,0,1,1,6,6,1,25,5,2198,2,8,FORD TRANSIT,9,E01013426,0,-1
2021411036076,2021,411036076,1,19,0,4,4,4,8,0,0,1,0,0,0,0,1,1,6,6,1,61,9,1995,2,3,FORD TRANSIT,4,E01026474,0,-1
2021141011359,2021,141011359,2,19,0,18,19,2,6,0,0,1,1,0,0,0,1,1,1,1,1,40,7,2198,2,6,FORD TRANSIT,-1,-1,0,-1
2021471095960,2021,471095960,1,19,0,18,19,2,6,0,0,2,0,0,0,0,0,1,1,1,1,54,8,1995,2,2,FORD TRANSIT,8,E01016901,0,-1
2021070189894,2021,070189894,1,19,0,4,4,8,4,0,0,1,0,0,0,0,1,1,1,1,1,31,6,2198,2,9,FORD TRANSIT,5,E01006346,0,-1
2021010304068,2021,010304068,1,19,0,3,3,5,1,0,0,1,0,0,0,0,9,9,6,6,1,28,6,1995,2,5,FORD TRANSIT,2,E01002708,0,-1
2021501063768,2021,501063768,1,19,0,16,19,1,5,0,0,0,1,0,7,0,1,1,2,2,1,35,6,2198,2,14,FORD TRANSIT,2,E01020297,0,-1
2021461056669,2021,461056669,1,19,0,3,3,2,6,0,0,0,0,0,0,0,1,1,6,6,1,-1,-1,2198,2,15,FORD TRANSIT,8,E01024053,0,-1
2021010294228,2021,010294228,2,19,0,99,99,9,9,99,99,9,9,99,9,99,9,9,6,6,3,34,6,2402,2,13,FORD TRANSIT,7,E01002918,0,-1
2021471046241,2021,471046241,2,19,0,10,10,6,4,0,0,0,0,0,0,0,2,1,5,6,1,38,7,2402,2,11,FORD TRANSIT,5,E01031467,0,-1
2021101061401,2021,101061401,1,8,0,4,4,1,5,0,0,1,0,0,0,0,1,1,1,1,1,22,5,2198,2,8,FORD TRANSIT,2,E01008812,0,-1
2021141107407,2021,141107407,2,19,0,4,4,2,6,0,0,0,0,0,0,0,1,1,6,6,1,53,8,2198,2,9,FORD TRANSIT,7,E01007834,0,-1
202163A084921,2021,63A084921,1,19,0,18,19,8,4,0,0,1,0,0,1,10,1,1,1,1,1,41,7,2198,2,5,FORD TRANSIT,8,W01000649,0,-1
2021010341625,2021,010341625,2,19,0,5,5,7,3,0,0,2,0,0,0,0,1,1,1,1,1,31,6,1995,2,2,FORD TRANSIT,4,E01004538,0,-1
2021211143062,2021,211143062,1,19,0,4,4,1,3,0,0,0,0,0,0,0,1,1,1,1,1,57,9,1995,2,4,FORD TRANSIT,6,E01010079,0,-1
2021070458626,2021,070458626,2,19,0,18,19,5,1,0,0,0,0,0,0,0,0,1,6,6,1,56,9,2198,2,12,FORD TRANSIT,8,E01005810,0,-1
2021010314250,2021,010314250,2,19,9,99,99,9,9,99,99,9,9,99,9,99,9,9,6,6,1,-1,-1,2198,2,9,FORD TRANSIT,6,E01002601,0,-1
2021161037898,2021,161037898,1,19,0,9,9,8,6,0,0,6,0,0,0,0,1,1,6,6,3,-1,-1,2402,2,11,FORD TRANSIT,-1,-1,0,-1
2021351026810,2021,351026810,2,19,0,18,19,1,5,0,0,0,0,0,0,0,1,1,6,6,1,21,5,1998,2,16,FORD TRANSIT,8,E01018000,0,-1
2021440024951,2021,440024951,1,19,0,18,19,6,2,0,0,0,0,4,0,0,1,1,1,1,1,41,7,1995,2,5,FORD TRANSIT,7,E01032039,0,-1
2021031115062,2021,031115062,1,19,0,18,19,3,3,0,0,0,0,0,0,0,1,1,1,1,1,32,6,1995,2,3,FORD TRANSIT,3,-1,0,-1
2021430107380,2021,430107380,2,19,0,18,19,8,4,0,0,0,0,0,0,0,3,1,1,1,1,56,9,1995,2,2,FORD TRANSIT,4,W01000145,0,-1
2021501095777,2021,501095777,1,20,0,18,19,5,1,0,0,4,0,0,3,2,1,1,6,6,1,32,6,-1,-1,-1,FORD TRANSIT,4,E01018994,0,-1
2021991053499,2021,991053499,1,19,0,18,19,6,2,0,0,0,0,0,0,0,1,1,1,1,1,52,8,1995,2,3,FORD TRANSIT,2,-1,0,-1
2021991027820,2021,991027820,2,19,0,18,19,8,4,0,0,0,1,0,0,0,2,1,2,2,1,70,10,1995,2,1,FORD TRANSIT,9,-1,0,-1
2021201119335,2021,201119335,1,19,0,7,7,3,5,0,0,6,0,0,0,0,3,1,1,1,1,46,8,2402,2,18,FORD TRANSIT,1,E01009083,0,-1
2021061027469,2021,061027469,1,19,0,17,19,1,6,0,0,1,0,0,0,0,1,1,6,6,1,53,8,2402,2,17,FORD TRANSIT,5,E01006121,0,-1
2021320367574,2021,320367574,1,19,0,4,4,8,6,0,0,1,0,0,0,0,1,1,2,2,1,24,5,2198,2,11,FORD TRANSIT,8,E01026171,0,-1
2021111116333,2021,111116333,3,19,0,18,19,3,7,0,0,0,1,0,0,0,1,1,6,6,1,53,8,2198,2,14,FORD TRANSIT,3,E01020658,0,-1
2021440223924,2021,440223924,2,10,0,18,19,8,4,0,0,2,0,0,0,0,1,1,2,2,1,69,10,2198,2,7,FORD TRANSIT,2,E01017165,0,-1
2021010323626,2021,010323626,1,19,0,18,19,5,1,0,0,8,0,0,0,0,1,1,1,1,1,47,8,1995,2,5,FORD TRANSIT,2,E01001693,0,-1
2021622100763,2021,622100763,3,19,0,18,19,2,6,0,0,1,0,0,0,0,4,1,1,1,1,60,9,1995,2,1,FORD TRANSIT,1,W01000993,0,-1
2021031073638,2021,031073638,1,20,0,13,13,1,5,0,0,0,0,0,0,0,1,1,1,1,1,40,7,-1,-1,-1,FORD TRANSIT,4,-1,0,-1
2021401033079,2021,401033079,2,19,0,18,19,3,4,0,0,0,0,0,0,0,3,1,1,1,1,45,7,2198,2,11,FORD TRANSIT,5,E01017615,0,-1
2021010343388,2021,010343388,2,19,0,99,99,9,9,99,99,9,9,99,9,99,9,9,6,6,3,-1,-1,2402,2,13,FORD TRANSIT,4,E01004576,0,-1
2021991037030,2021,991037030,2,19,0,18,19,3,7,0,0,1,0,0,1,0,1,1,1,1,1,33,6,1995,2,1,FORD TRANSIT,-1,-1,0,-1
2021451035656,2021,451035656,1,19,0,5,5,3,7,0,0,1,0,0,0,0,1,1,1,1,1,37,7,2198,2,14,FORD TRANSIT,-1,-1,0,-1
2021201053814,2021,201053814,3,19,0,3,3,6,2,0,0,1,0,0,0,0,2,1,6,6,1,39,7,2402,2,10,FORD TRANSIT,2,E01010077,0,-1
2021461022356,2021,461022356,1,19,0,17,19,7,4,0,0,0,0,0,0,0,4,1,2,2,1,43,7,2198,2,7,FORD TRANSIT,7,E01024361,0,-1
2021211145365,2021,211145365,2,19,-1,-1,-1,5,7,-1,-1,-1,-1,-1,-1,0,-1,1,1,1,1,36,7,2198,2,7,FORD TRANSIT,9,E01014349,0,-1
2021201120452,2021,201120452,2,19,0,18,19,8,4,0,0,0,0,0,0,0,2,1,1,1,1,51,8,2198,2,5,FORD TRANSIT,7,E01009318,0,-1
2021010329591,2021,010329591,1,19,0,14,14,3,7,0,0,1,0,0,0,0,2,1,1,1,1,33,6,2198,2,5,FORD TRANSIT,5,E01002591,0,-1
2021131041461,2021,131041461,2,19,0,5,5,1,5,0,0,1,0,11,0,0,1,1,5,6,1,54,8,2402,2,18,FORD TRANSIT,1,E01010654,0,-1
2021430090474,2021,430090474,1,19,0,18,19,6,2,0,0,0,0,0,0,0,3,1,6,6,1,-1,-1,2198,2,8,FORD TRANSIT,-1,-1,0,-1
202163B085521,2021,63B085521,1,19,0,13,13,2,6,0,0,8,0,0,0,0,1,1,6,6,1,53,8,-1,-1,-1,FORD TRANSIT,8,W01000183,0,-1
2021061060267,2021,061060267,2,19,0,13,13,8,5,0,0,1,0,0,0,0,1,1,5,6,3,30,6,2198,2,7,FORD TRANSIT,-1,-1,0,-1
2021421093184,2021,421093184,1,19,0,18,19,2,6,0,0,0,0,0,0,0,1,1,1,1,1,24,5,1995,2,5,FORD TRANSIT,8,E01021729,0,-1
2021440299563,2021,440299563,2,19,0,3,3,1,5,0,0,1,0,0,0,0,2,1,2,2,2,61,9,1995,2,1,FORD TRANSIT,-1,-1,0,-1
2021111048346,2021,111048346,1,19,0,7,7,1,3,0,0,2,0,0,0,0,1,1,6,6,1,25,5,2198,2,11,FORD TRANSIT,-1,-1,0,-1
2021010302613,2021,010302613,2,19,0,18,19,1,5,0,0,2,0,0,0,0,2,1,1,1,1,42,7,2198,2,9,FORD TRANSIT,8,E01002274,0,-1
2021170L10821,2021,170L10821,1,19,0,18,19,5,1,0,0,0,0,0,0,0,1,1,1,1,1,32,6,2198,2,8,FORD TRANSIT,2,E01012165,0,-1
2021010313697,2021,010313697,2,19,0,99,99,9,9,99,99,9,9,99,9,99,9,9,6,6,1,25,5,1995,2,4,FORD TRANSIT,6,E01001284,0,-1
2021010312726,2021,010312726,1,19,0,18,19,3,7,0,0,0,0,0,0,0,1,1,1,1,1,36,7,1995,2,0,FORD TRANSIT,2,E01002784,0,-1
2021421031041,2021,421031041,1,19,0,18,19,8,4,0,0,0,0,0,1,0,1,1,2,2,1,43,7,1995,2,1,FORD TRANSIT,5,E01021647,0,-1
2021302101975,2021,302101975,1,19,0,14,14,4,8,0,0,0,0,0,0,0,4,1,3,7,1,40,7,2198,2,8,FORD TRANSIT,1,E01013570,0,-1
2021131071086,2021,131071086,2,19,0,4,4,1,5,0,0,0,0,0,0,0,2,1,6,6,1,53,8,1995,2,3,FORD TRANSIT,8,E01027746,0,-1
2021421087462,2021,421087462,1,19,0,9,9,3,1,0,0,3,0,0,0,0,3,1,6,6,1,64,9,1995,2,4,FORD TRANSIT,3,E01021307,0,-1
2021440493272,2021,440493272,2,19,0,5,5,1,0,0,0,6,0,0,0,0,0,1,6,6,3,-1,-1,2198,2,9,FORD TRANSIT,-1,-1,0,-1
2021010326209,2021,010326209,1,20,0,9,9,5,3,0,0,2,0,0,0,0,4,1,1,1,1,34,6,2402,2,15,FORD TRANSIT,5,E01024319,0,-1
2021052100805,2021,052100805,1,19,0,18,19,1,5,0,0,1,0,0,0,0,1,1,1,1,1,32,6,2198,2,5,FORD TRANSIT,1,E01006755,0,-1
2021010316759,2021,010316759,1,19,0,14,14,1,5,0,0,2,0,0,0,0,4,1,1,1,1,41,7,2198,2,5,FORD TRANSIT,-1,-1,0,-1
2021010313618,2021,010313618,1,19,0,5,5,2,6,0,0,5,0,0,0,0,4,1,2,2,1,50,8,1995,2,4,FORD TRANSIT,2,E01003160,0,-1
2021501109549,2021,501109549,1,19,0,18,19,1,5,0,0,0,1,0,7,11,1,1,1,1,1,31,6,2198,2,14,FORD TRANSIT,2,E01020216,0,-1
2021010345437,2021,010345437,2,19,0,99,99,9,9,99,99,9,9,99,9,99,1,9,6,6,3,-1,-1,2198,2,9,FORD TRANSIT,-1,-1,0,-1
2021041090160,2021,041090160,3,19,0,3,3,1,5,0,0,0,0,0,0,0,0,1,6,6,1,35,6,2402,2,11,FORD TRANSIT,1,E01025283,0,-1
2021010291221,2021,010291221,1,19,0,1,1,7,3,2,2,1,0,0,0,0,2,1,1,1,1,25,5,1995,2,2,FORD TRANSIT,2,E01004295,0,-1
2021421022280,2021,421022280,2,19,0,18,19,7,3,0,0,0,1,0,0,0,2,1,1,1,1,59,9,2198,2,6,FORD TRANSIT,7,E01021416,0,-1
2021201084230,2021,201084230,1,19,0,18,19,2,6,0,0,1,0,12,0,0,1,1,6,6,1,30,6,2198,2,5,FORD TRANSIT,2,E01009742,0,-1
2021622100128,2021,622100128,1,19,0,18,19,4,7,0,0,0,0,0,0,0,1,1,6,6,1,24,5,1995,2,4,FORD TRANSIT,1,W01001307,0,-1
2021545696221,2021,545696221,2,19,0,2,2,0,0,0,0,1,0,0,0,0,3,1,6,6,1,27,6,2198,2,6,FORD TRANSIT,8,E01032102,0,-1
2021061089049,2021,061089049,2,19,0,18,19,1,5,0,0,8,0,0,0,0,3,1,6,6,3,30,6,2198,2,14,FORD TRANSIT,-1,-1,0,-1
2021531115840,2021,531115840,3,19,0,18,19,5,7,0,0,2,0,0,0,0,0,1,1,1,1,53,8,1995,2,0,FORD TRANSIT,9,E01022279,0,-1
2021440119654,2021,440119654,2,19,0,9,9,1,7,0,0,8,0,0,0,0,4,1,6,6,3,-1,-1,2402,2,12,FORD TRANSIT,-1,-1,0,-1
2021501119624,2021,501119624,1,19,0,12,12,1,5,0,0,0,0,0,0,0,4,1,6,6,1,46,8,2198,2,15,FORD TRANSIT,7,E01015253,0,-1
2021421107973,2021,421107973,1,19,4,17,19,2,6,0,0,1,0,0,0,0,1,1,1,1,1,62,9,2198,2,5,FORD TRANSIT,10,E01021611,0,-1
2021522103716,2021,522103716,2,19,0,18,19,7,3,0,0,2,0,0,0,0,1,1,6,6,1,25,5,1995,2,0,FORD TRANSIT,-1,-1,0,-1
2021991108535,2021,991108535,1,19,0,18,19,6,2,0,0,0,0,0,0,0,4,1,2,2,1,33,6,2402,2,16,FORD TRANSIT,3,-1,0,-1
2021461042783,2021,461042783,1,19,0,18,19,5,1,0,0,0,0,0,0,0,3,1,6,6,1,-1,-1,1995,2,2,FORD TRANSIT,4,E01024377,0,-1
2021161079845,2021,161079845,1,19,0,7,7,3,7,0,0,1,0,0,0,0,3,1,1,1,1,42,7,1995,2,1,FORD TRANSIT,1,E01012895,0,-1
2021430004781,2021,430004781,1,19,0,3,3,7,3,0,0,0,0,0,0,0,2,1,6,6,1,-1,-1,1998,2,17,FORD TRANSIT,-1,-1,0,-1
2021061053440,2021,061053440,1,19,0,18,19,4,6,0,0,0,0,0,0,0,3,1,6,6,3,30,6,2198,2,10,FORD TRANSIT,-1,-1,0,-1
2021451116351,2021,451116351,1,19,0,9,9,6,2,0,0,1,0,0,0,0,4,1,1,1,1,32,6,1995,2,3,FORD TRANSIT,3,E01023145,0,-1
2021421095316,2021,421095316,1,19,0,17,19,5,3,0,0,0,0,0,0,0,3,1,6,6,1,30,6,2198,2,6,FORD TRANSIT,-1,-1,0,-1
2021421115946,2021,421115946,1,19,0,18,19,1,5,0,0,0,0,0,0,0,3,1,1,1,1,48,8,2402,2,12,FORD TRANSIT,3,E01003719,0,-1
2021141040286,2021,141040286,1,19,0,-1,-1,-1,-1,-1,-1,0,-1,-1,-1,0,-1,1,6,6,3,-1,-1,2198,2,5,FORD TRANSIT,-1,-1,0,-1
2021411068659,2021,411068659,2,19,0,18,19,1,5,0,0,0,0,0,0,0,1,1,5,6,1,36,7,2198,2,6,FORD TRANSIT,5,E01023761,0,-1
2021011131091,2021,011131091,2,19,0,18,19,6,2,0,0,0,0,0,0,0,1,1,2,2,1,30,6,1995,2,4,FORD TRANSIT,5,E01023575,0,-1
2021451074737,2021,451074737,3,19,0,2,2,1,5,0,0,0,0,0,0,0,3,1,6,6,1,33,6,2198,2,12,FORD TRANSIT,7,E01030332,0,-1
202134NNC3531,2021,34NNC3531,3,19,0,18,19,5,1,0,0,1,0,0,1,4,1,1,2,2,1,31,6,2198,2,13,FORD TRANSIT,8,E01027348,0,-1
2021461097646,2021,461097646,1,19,0,18,19,5,1,0,0,0,0,0,0,0,1,1,1,1,1,40,7,2198,2,9,FORD TRANSIT,9,E01016172,0,-1
2021101029794,2021,101029794,1,19,0,9,9,6,5,0,0,4,0,0,0,0,2,1,1,1,1,29,6,2198,2,5,FORD TRANSIT,8,E01012360,0,-1
2021010291937,2021,010291937,2,19,0,4,4,3,7,0,0,8,1,0,0,0,1,1,6,6,1,56,9,1995,2,0,FORD TRANSIT,3,E01002120,0,-1
2021440071455,2021,440071455,2,19,0,7,7,5,1,0,0,6,0,0,0,0,1,1,6,6,1,-1,-1,2402,2,12,FORD TRANSIT,-1,-1,0,-1
2021991057908,2021,991057908,1,19,4,17,19,3,8,0,0,6,0,0,0,0,1,1,1,1,1,55,8,1995,2,1,FORD TRANSIT,3,-1,0,-1
2021522102011,2021,522102011,1,19,0,1,1,1,5,0,0,8,0,0,0,0,2,1,1,1,1,53,8,1995,2,2,FORD TRANSIT,10,E01014718,0,-1
2021421073702,2021,421073702,2,10,0,16,19,2,5,0,0,8,0,0,0,0,2,1,1,1,1,30,6,2198,2,11,FORD TRANSIT,6,E01021369,0,-1
2021010349950,2021,010349950,1,19,0,18,19,3,7,0,0,8,0,99,0,0,9,9,6,6,1,54,8,1995,2,3,FORD TRANSIT,5,E01004086,0,-1
2021361120571,2021,361120571,2,19,0,7,7,5,1,0,0,0,5,0,0,0,3,1,5,6,1,29,6,2402,2,10,FORD TRANSIT,3,E01030234,0,-1
2021010333416,2021,010333416,2,20,0,18,19,5,1,0,0,4,0,0,0,0,1,1,1,1,1,55,8,2198,2,9,FORD TRANSIT,-1,-1,0,-1
2021471115115,2021,471115115,2,19,0,9,9,8,6,0,0,5,0,0,0,0,3,1,1,1,1,40,7,1995,2,0,FORD TRANSIT,4,E01024164,0,-1
2021552100952,2021,552100952,1,19,0,9,9,5,3,0,0,6,0,0,7,0,3,1,2,2,1,75,10,2198,2,8,FORD TRANSIT,10,E01020402,0,-1
2021010296859,2021,010296859,1,19,0,18,19,7,3,0,0,6,0,0,0,0,2,1,1,1,1,44,7,2402,2,13,FORD TRANSIT,5,E01002237,0,-1
2021440382369,2021,440382369,2,19,0,18,19,0,0,0,0,0,0,0,0,0,2,1,1,1,1,55,8,2402,2,9,FORD TRANSIT,10,E01022883,0,-1
2021010310624,2021,010310624,2,19,0,99,99,9,9,99,99,9,9,99,9,99,1,9,6,6,3,-1,-1,2198,2,11,FORD TRANSIT,-1,-1,0,-1
202163A068921,2021,63A068921,2,19,4,18,19,-1,-1,0,0,0,0,0,0,0,1,1,1,1,1,34,6,2198,2,10,FORD TRANSIT,9,W01000722,0,-1
2021010313097,2021,010313097,1,19,0,99,99,9,9,99,99,0,9,99,9,99,2,9,6,6,1,41,7,1995,2,2,FORD TRANSIT,1,E01021665,0,-1
2021401050808,2021,401050808,1,20,0,5,5,5,3,0,0,6,0,0,0,0,1,1,6,6,1,36,7,1995,2,0,FORD TRANSIT,5,E01017615,0,-1
2021010323140,2021,010323140,2,19,0,4,4,1,5,0,0,0,0,0,0,0,2,1,6,6,1,46,8,2402,2,20,FORD TRANSIT,3,E01001440,0,-1
2021471029598,2021,471029598,3,19,0,7,7,2,5,0,0,5,0,0,0,0,0,1,5,6,1,40,7,2198,2,14,FORD TRANSIT,2,E01020929,0,-1
2021440200737,2021,440200737,1,19,0,1,1,1,0,0,0,0,0,0,0,0,2,1,1,1,1,60,9,1995,2,3,FORD TRANSIT,9,E01022697,0,-1
202106K079377,2021,06K079377,1,20,0,1,1,0,0,0,0,0,0,0,0,0,1,1,6,6,1,30,6,-1,-1,-1,FORD TRANSIT,-1,-1,0,-1
2021070124647,2021,070124647,1,19,0,18,19,8,4,0,0,1,0,4,0,0,1,1,2,2,1,27,6,2198,2,15,FORD TRANSIT,1,E01012380,0,-1
2021552100685,2021,552100685,1,19,4,7,7,4,2,0,0,5,0,0,0,0,4,1,1,1,1,60,9,2198,2,9,FORD TRANSIT,2,E01015384,0,-1
2021041064888,2021,041064888,1,19,0,18,19,1,5,0,0,1,0,0,0,0,4,1,5,6,1,27,6,1998,2,19,FORD TRANSIT,5,E01012723,0,-1
2021041023097,2021,041023097,1,19,0,4,4,5,1,0,0,0,0,0,0,0,1,1,1,1,1,51,8,1995,2,3,FORD TRANSIT,10,E01025408,0,-1
2021052101681,2021,052101681,1,19,0,18,19,1,5,0,0,8,0,0,0,0,1,1,1,1,1,32,6,2402,2,14,FORD TRANSIT,-1,-1,0,-1
2021622100502,2021,622100502,2,19,0,9,9,2,8,0,0,3,0,0,0,0,2,1,2,2,1,54,8,2198,2,5,FORD TRANSIT,9,W01000769,0,-1
2021131048395,2021,131048395,1,19,0,2,2,2,6,0,0,0,0,0,0,0,1,1,1,1,1,49,8,1995,2,4,FORD TRANSIT,4,E01010601,0,-1
2021061040498,2021,061040498,2,19,0,18,19,1,5,0,0,0,0,0,0,0,4,1,6,6,1,23,5,1995,2,4,FORD TRANSIT,9,E01025364,0,-1
2021010323589,2021,010323589,2,19,0,99,99,9,9,99,99,9,9,99,9,99,0,9,6,6,3,-1,-1,1995,2,4,FORD TRANSIT,5,E01015740,0,-1
2021361080756,2021,361080756,2,19,0,18,19,7,3,0,0,0,0,0,0,0,2,1,1,1,1,26,6,2198,2,14,FORD TRANSIT,3,E01026740,0,-1
2021501116029,2021,501116029,2,19,0,2,2,0,0,0,0,0,0,0,0,0,0,1,6,6,1,40,7,2198,2,8,FORD TRANSIT,5,E01018831,0,-1
2021421033160,2021,421033160,2,19,0,18,19,2,6,0,0,0,0,0,0,0,4,1,5,6,1,77,11,1998,2,19,FORD TRANSIT,9,E01021767,0,-1
2021320206709,2021,320206709,2,19,0,10,10,2,1,0,0,8,0,0,0,0,2,1,1,1,1,48,8,1995,2,2,FORD TRANSIT,4,E01026183,0,-1
2021421031407,2021,421031407,1,19,0,18,19,7,3,0,0,0,0,0,0,0,3,1,1,1,1,32,6,1995,2,2,FORD TRANSIT,5,E01021262,0,-1
2021991047366,2021,991047366,1,19,0,5,5,6,2,0,0,0,0,0,0,0,1,1,1,1,1,54,8,1995,2,2,FORD TRANSIT,3,-1,0,-1