collision_index,collision_year,collision_ref_no,vehicle_reference,vehicle_type,towing_and_articulation,vehicle_manoeuvre_historic,vehicle_manoeuvre,vehicle_direction_from,vehicle_direction_to,vehicle_location_restricted_lane_historic,vehicle_location_restricted_lane,junction_location,skidding_and_overturning,hit_object_in_carriageway,vehicle_leaving_carriageway,hit_object_off_carriageway,first_point_of_impact,vehicle_left_hand_drive,journey_purpose_of_driver_historic,journey_purpose_of_driver,sex_of_driver,age_of_driver,age_band_of_driver,engine_capacity_cc,propulsion_code,age_of_vehicle,generic_make_model,driver_imd_decile,lsoa_of_driver,escooter_flag,driver_distance_banding
2021501049592,2021,501049592,1,19,0,4,4,3,1,0,0,8,0,0,0,0,1,1,5,6,1,65,9,2402,2,16,FORD TRANSIT,6,E01020181,0,-1
2021131096056,2021,131096056,1,10,0,18,19,1,5,0,0,3,0,0,0,0,1,1,4,7,2,34,6,-1,-1,-1,FORD TRANSIT,8,E01010859,0,-1
2021991061788,2021,991061788,2,19,0,3,3,5,8,0,0,0,0,0,0,0,2,1,1,1,1,41,7,2198,2,6,FORD TRANSIT,3,-1,0,-1
2021411039221,2021,411039221,3,19,0,3,3,5,1,0,0,0,0,0,0,0,1,1,6,6,1,65,9,1995,2,1,FORD TRANSIT,7,E01021413,0,-1
202163A037821,2021,63A037821,1,19,0,13,13,8,3,0,0,0,0,0,0,0,4,1,6,6,1,59,9,2402,2,15,FORD TRANSIT,1,W01000812,0,-1
2021549248121,2021,549248121,1,19,0,4,4,4,8,0,0,1,0,0,0,0,2,1,1,1,1,56,9,2198,2,13,FORD TRANSIT,2,E01015570,0,-1
2021440362913,2021,440362913,1,19,0,9,9,3,1,0,0,5,0,0,0,0,4,1,1,1,1,38,7,2402,2,12,FORD TRANSIT,6,E01017142,0,-1
2021401126765,2021,401126765,1,19,0,5,5,8,3,0,0,0,0,0,0,0,1,1,5,6,1,33,6,-1,-1,-1,FORD TRANSIT,2,E01017519,0,-1
2021010342802,2021,010342802,1,19,0,9,9,5,3,0,0,2,0,0,0,0,1,1,1,1,1,40,7,1995,2,5,FORD TRANSIT,3,E01002048,0,-1
2021201071905,2021,201071905,2,19,0,3,3,4,8,0,0,1,0,0,0,0,0,1,6,6,3,-1,-1,2198,2,14,FORD TRANSIT,-1,-1,0,-1
2021991091352,2021,991091352,1,19,0,18,19,4,8,0,0,1,0,0,0,0,4,1,1,1,1,46,8,2402,2,10,FORD TRANSIT,1,-1,0,-1
20211382Q0752,2021,1382Q0752,2,19,0,18,19,3,7,0,0,0,0,0,0,0,0,1,1,1,1,32,6,1995,2,4,FORD TRANSIT,3,E01011028,0,-1
2021010309192,2021,010309192,1,19,0,4,4,7,3,0,0,1,0,0,0,0,1,1,1,1,1,36,7,1995,2,0,FORD TRANSIT,6,E01004359,0,-1
2021161073473,2021,161073473,1,19,0,7,7,7,1,0,0,3,0,0,0,0,2,1,2,2,1,37,7,2402,2,13,FORD TRANSIT,7,E01033108,0,-1
2021501015826,2021,501015826,5,19,0,2,2,0,0,0,0,0,0,0,0,0,0,1,6,6,1,45,7,2198,2,9,FORD TRANSIT,4,E01020129,0,-1
2021070204252,2021,070204252,2,19,0,18,19,8,6,0,0,1,0,0,0,0,2,1,6,6,1,29,6,1998,2,18,FORD TRANSIT,3,E01018715,0,-1
2021010344407,2021,010344407,1,19,0,16,19,1,5,0,0,3,0,0,0,0,1,1,1,1,1,30,6,2198,2,5,FORD TRANSIT,2,E01001115,0,-1
2021221070367,2021,221070367,1,19,0,18,19,6,2,0,0,2,0,0,0,0,1,1,5,6,1,26,6,1995,2,3,FORD TRANSIT,2,E01032265,0,-1
2021010306833,2021,010306833,1,19,0,2,2,0,0,0,0,1,0,0,0,0,3,1,6,6,3,-1,-1,2198,2,13,FORD TRANSIT,-1,-1,0,-1
2021010318796,2021,010318796,1,19,0,5,5,0,3,0,0,1,0,0,0,0,0,2,1,1,1,34,6,1995,2,0,FORD TRANSIT,5,E01023687,0,-1
2021052101903,2021,052101903,1,10,0,18,19,5,1,0,0,0,0,0,0,0,4,1,1,1,1,81,11,2198,2,12,FORD TRANSIT,1,E01006779,0,-1
2021041092428,2021,041092428,2,19,0,17,19,7,3,0,0,0,0,0,0,0,1,1,1,1,1,37,7,2198,2,7,FORD TRANSIT,5,E01006669,0,-1
2021361111235,2021,361111235,2,19,0,17,19,5,1,0,0,0,0,0,1,0,4,1,2,2,1,59,9,1995,2,1,FORD TRANSIT,2,E01033436,0,-1
202106A079290,2021,06A079290,2,19,0,18,19,7,3,0,0,8,0,0,0,0,3,1,1,1,1,47,8,2198,2,9,FORD TRANSIT,2,E01005143,0,-1
2021461042358,2021,461042358,1,19,0,6,6,7,3,0,0,0,0,0,0,0,1,1,1,1,3,-1,-1,2198,2,8,FORD TRANSIT,-1,-1,0,-1
2021122100186,2021,122100186,1,19,0,14,14,8,4,0,0,0,0,0,0,0,4,1,6,6,1,32,6,1998,2,16,FORD TRANSIT,9,E01013304,0,-1
2021070828696,2021,070828696,2,20,0,4,4,7,3,0,0,0,0,0,0,0,2,1,1,1,1,-1,-1,1995,2,4,FORD TRANSIT,-1,-1,0,-1
2021991037874,2021,991037874,2,19,0,4,4,5,1,0,0,2,0,0,0,0,2,1,1,1,1,32,6,1995,2,3,FORD TRANSIT,-1,-1,0,-1
2021461086900,2021,461086900,2,19,0,10,10,2,6,0,0,1,0,0,0,0,2,1,1,1,1,43,7,2198,2,13,FORD TRANSIT,4,E01016135,0,-1
2021471025726,2021,471025726,1,19,0,18,19,3,7,0,0,1,0,0,0,0,1,1,2,2,1,24,5,2402,2,14,FORD TRANSIT,6,E01021149,0,-1
202163A022321,2021,63A022321,1,19,0,18,19,2,6,0,0,8,0,0,7,10,1,1,6,6,1,33,6,2198,2,8,FORD TRANSIT,6,W01000667,0,-1
2021430203171,2021,430203171,2,19,0,4,4,3,7,0,0,0,0,0,0,0,2,1,1,1,1,30,6,2198,2,6,FORD TRANSIT,3,E01023876,0,-1
2021421061044,2021,421061044,1,19,0,9,9,3,7,0,0,8,0,0,0,0,3,1,1,1,1,41,7,2402,2,14,FORD TRANSIT,3,E01001434,0,-1
2021421103588,2021,421103588,1,19,4,18,19,2,6,0,0,0,0,0,0,0,1,1,1,1,1,59,9,2198,2,6,FORD TRANSIT,6,E01024571,0,-1
2021010340810,2021,010340810,2,19,0,18,19,2,6,0,0,0,0,0,0,0,2,1,1,1,1,21,5,1995,2,3,FORD TRANSIT,3,E01003730,0,-1
2021010299379,2021,010299379,2,19,1,99,99,9,9,99,99,9,9,99,9,99,2,9,6,6,3,-1,-1,1995,2,4,FORD TRANSIT,2,E01003636,0,-1
2021471076879,2021,471076879,1,19,0,18,19,7,3,0,0,1,0,0,0,0,2,1,1,1,1,48,8,1995,2,3,FORD TRANSIT,4,E01031435,0,-1
2021991014846,2021,991014846,1,19,0,17,19,5,1,0,0,0,2,0,7,0,1,1,1,1,1,52,8,2402,2,19,FORD TRANSIT,6,-1,0,-1
2021201078027,2021,201078027,1,19,0,18,19,5,1,0,0,6,0,0,0,0,3,1,6,6,1,-1,-1,2402,2,12,FORD TRANSIT,-1,-1,0,-1
2021421091926,2021,421091926,1,19,0,9,9,6,4,0,0,0,0,0,0,0,2,1,5,6,1,75,10,2496,2,24,FORD TRANSIT,4,E01021984,0,-1
2021010297894,2021,010297894,1,19,0,7,7,1,2,0,0,1,0,0,0,0,4,1,6,6,1,31,6,1995,2,4,FORD TRANSIT,2,E01000023,0,-1
2021371061614,2021,371061614,2,19,0,18,19,3,7,0,0,0,0,0,0,0,4,1,1,1,1,22,5,1995,2,0,FORD TRANSIT,5,E01030073,0,-1
2021471092346,2021,471092346,1,19,0,18,19,3,7,0,0,1,0,0,0,0,1,1,6,6,2,34,6,2198,2,11,FORD TRANSIT,7,E01031396,0,-1
2021010345846,2021,010345846,1,19,0,5,5,5,1,9,9,4,0,0,0,0,3,1,6,6,2,39,7,-1,-1,-1,FORD TRANSIT,3,E01003439,0,-1
2021201139726,2021,201139726,1,19,0,9,9,4,2,0,0,5,0,10,0,0,1,1,6,6,1,51,8,2402,2,15,FORD TRANSIT,4,E01009030,0,-1
2021010338495,2021,010338495,1,20,0,4,4,5,1,0,0,3,0,0,0,0,1,1,1,1,1,37,7,-1,-1,-1,FORD TRANSIT,-1,-1,0,-1
2021010302241,2021,010302241,1,19,0,7,7,8,3,0,0,0,0,0,0,0,4,1,1,1,1,66,10,1995,2,1,FORD TRANSIT,3,E01003372,0,-1
202134NNC2271,2021,34NNC2271,1,19,0,18,19,1,5,0,0,3,0,0,0,0,1,1,1,1,1,40,7,1995,2,0,FORD TRANSIT,2,E01027214,0,-1
2021361111235,2021,361111235,1,19,0,16,19,8,4,0,0,0,0,0,7,4,4,1,2,2,1,60,9,2198,2,15,FORD TRANSIT,9,E01030875,0,-1
2021010312433,2021,010312433,2,19,0,99,99,9,9,99,99,9,9,99,9,99,2,9,6,6,1,56,9,1995,2,3,FORD TRANSIT,7,E01030851,0,-1
2021141053685,2021,141053685,2,19,0,1,1,1,3,0,0,1,0,0,0,0,3,1,2,2,1,58,9,2198,2,9,FORD TRANSIT,5,E01008139,0,-1
2021010342308,2021,010342308,1,19,0,4,4,1,5,0,0,1,0,0,0,0,1,1,1,1,1,29,6,1995,2,4,FORD TRANSIT,2,E01000533,0,-1
2021010339009,2021,010339009,2,19,0,18,19,6,2,0,0,0,1,0,0,0,2,1,1,1,1,26,6,1995,2,1,FORD TRANSIT,2,E01001959,0,-1
2021991041290,2021,991041290,1,19,0,4,4,4,8,0,0,1,0,0,0,0,1,1,6,6,1,59,9,1995,2,0,FORD TRANSIT,6,-1,0,-1
2021461045921,2021,461045921,1,19,0,13,13,4,8,0,0,0,0,0,1,0,2,1,6,6,1,18,4,1996,2,8,-1,9,E01024754,0,-1
2021531044125,2021,531044125,1,5,0,14,14,1,1,0,0,8,0,0,0,0,1,1,5,6,1,60,9,1200,1,14,-1,8,E01022166,0,-1
2021501087468,2021,501087468,2,5,0,16,19,6,1,0,0,2,0,0,0,0,1,1,6,6,1,65,9,1200,1,21,-1,3,E01019052,0,-1
2021010290271,2021,010290271,2,5,0,11,11,2,6,0,0,1,0,0,0,0,1,1,1,1,1,39,7,999,1,5,-1,5,E01033573,0,-1
2021461073377,2021,461073377,2,3,0,3,3,5,1,0,0,5,0,0,0,0,1,1,6,6,1,20,4,125,1,7,HONDA CBF125M,4,E01024747,0,-1
2021070703713,2021,070703713,1,3,0,18,19,7,3,0,0,1,0,0,0,0,1,1,2,2,1,25,5,125,1,12,HONDA CBF125M,8,W01000252,0,-1
2021471019457,2021,471019457,1,3,0,18,19,1,5,0,0,0,1,0,1,0,1,1,2,2,1,18,4,125,1,12,HONDA CBF125M,5,E01021116,0,-1
2021421019978,2021,421019978,2,3,0,18,19,3,7,0,0,0,0,0,0,0,0,1,6,6,1,54,8,125,1,12,HONDA CBF125M,9,E01021727,0,-1
2021131048165,2021,131048165,1,3,0,18,19,2,5,0,0,8,0,12,0,0,1,1,5,6,1,18,4,125,1,12,HONDA CBF125M,3,E01010725,0,-1
2021052102112,2021,052102112,1,4,0,18,19,1,5,0,0,0,1,0,0,0,1,1,2,2,1,40,7,125,1,6,-1,5,E01007030,0,-1
2021430447741,2021,430447741,1,3,0,4,4,2,6,0,0,0,1,0,0,0,3,1,2,2,1,28,6,125,1,12,HONDA CBF125M,2,E01002797,0,-1
2021010292167,2021,010292167,1,3,0,7,7,3,6,0,0,1,0,0,0,0,1,1,6,6,1,25,5,125,1,12,HONDA CBF125M,4,E01004254,0,-1
2021501124087,2021,501124087,2,3,0,13,13,5,2,0,0,8,5,0,0,0,1,1,5,6,1,34,6,125,1,8,HONDA CBF125M,3,E01019009,0,-1
2021430316208,2021,430316208,2,97,0,18,19,8,4,2,2,8,0,0,0,0,3,1,2,2,1,63,9,125,1,7,-1,4,E01000965,0,-1
2021501064235,2021,501064235,1,3,0,12,12,1,5,0,0,0,0,0,0,0,1,1,6,6,1,18,4,125,1,12,HONDA CBF125M,2,E01015218,0,-1
2021501087969,2021,501087969,1,3,0,17,19,1,5,0,0,0,1,0,0,0,3,1,2,2,1,25,5,125,1,6,HONDA CBF125M,3,E01018788,0,-1
2021451058242,2021,451058242,2,3,0,18,19,3,1,0,0,3,0,0,0,0,1,1,2,2,1,56,9,125,1,8,HONDA CBF125M,10,E01030769,0,-1
2021061061862,2021,061061862,2,3,0,8,8,3,5,2,2,6,0,0,0,0,2,1,2,2,1,55,8,125,1,12,HONDA CBF125M,2,E01005371,0,-1
2021161067337,2021,161067337,1,3,0,18,19,6,2,0,0,0,0,0,0,0,1,1,6,6,1,31,6,125,1,13,HONDA CBF125M,3,E01012839,0,-1
2021440239203,2021,440239203,2,3,0,4,4,7,3,0,0,0,1,0,0,0,0,1,6,6,1,18,4,125,1,12,HONDA CBF125M,5,E01022800,0,-1
202131D057321,2021,31D057321,2,3,0,18,19,4,8,0,0,1,0,0,0,0,3,1,2,2,1,27,6,125,1,12,HONDA CBF125M,10,E01028359,0,-1
2021122101307,2021,122101307,1,3,0,4,4,5,1,0,0,1,1,0,0,0,4,1,6,6,2,28,6,125,1,7,HONDA CBF125M,-1,-1,0,-1
2021552101421,2021,552101421,2,3,0,18,19,1,5,0,0,1,0,0,0,0,0,1,2,2,1,31,6,125,1,12,HONDA CBF125M,6,E01015349,0,-1
2021552101354,2021,552101354,2,2,0,18,19,4,8,0,0,8,0,0,0,0,1,1,6,6,1,47,8,125,1,12,HONDA CBF125M,1,E01015290,0,-1
2021440344505,2021,440344505,1,3,0,18,19,2,6,0,0,0,0,0,0,0,1,1,6,6,1,21,5,125,1,12,HONDA CBF125M,6,E01023081,0,-1
2021052101700,2021,052101700,1,4,0,9,9,1,7,0,0,8,1,0,0,0,3,1,2,2,1,30,6,125,1,12,-1,1,E01033094,0,-1
2021010329406,2021,010329406,1,3,0,99,99,9,9,99,99,9,9,99,9,99,1,1,2,2,1,30,6,125,1,12,HONDA CBF125M,3,E01000725,0,-1
2021351056086,2021,351056086,2,4,0,18,19,8,4,0,0,1,0,0,0,0,1,1,2,2,1,27,6,125,1,7,-1,6,E01018151,0,-1
2021010298203,2021,010298203,1,3,0,99,99,9,9,99,99,9,9,99,9,99,1,1,6,6,1,52,8,125,1,12,HONDA CBF125M,1,E01002081,0,-1
202134NNC6331,2021,34NNC6331,1,3,0,4,4,7,3,0,0,1,1,0,0,0,1,1,2,2,1,18,4,125,1,12,HONDA CBF125M,3,E01027319,0,-1
2021010342200,2021,010342200,2,3,0,18,19,3,7,0,0,1,2,10,0,0,1,1,6,6,1,30,6,125,1,12,HONDA CBF125M,2,E01003783,0,-1
2021501044267,2021,501044267,2,3,0,18,19,7,2,0,0,8,0,0,0,0,1,1,6,6,1,29,6,125,1,7,HONDA CBF125M,4,E01018919,0,-1
2021302100512,2021,302100512,1,5,0,18,19,7,3,0,0,0,1,0,1,11,1,1,6,6,1,46,8,125,1,12,HONDA CBF125M,5,E01033537,0,-1
2021041047665,2021,041047665,2,3,0,18,19,1,5,0,0,8,0,0,0,0,3,1,2,2,1,48,8,125,1,6,HONDA CBF125M,9,E01025439,0,-1
2021010292386,2021,010292386,2,3,0,13,13,5,1,0,0,1,0,0,0,0,1,1,1,1,1,29,6,125,1,12,HONDA CBF125M,2,E01002049,0,-1
2021430497447,2021,430497447,2,3,0,18,19,1,5,0,0,8,0,0,0,0,1,1,6,6,1,18,4,125,1,12,HONDA CBF125M,9,E01028469,0,-1
2021451022860,2021,451022860,2,3,0,18,19,1,5,0,0,1,0,0,0,0,1,1,2,2,1,19,4,125,1,12,HONDA CBF125M,9,E01030970,0,-1
2021622100973,2021,622100973,1,3,0,14,14,5,1,0,0,0,0,0,0,0,1,1,6,6,1,33,6,125,1,12,HONDA CBF125M,4,W01000787,0,-1
2021440411700,2021,440411700,1,3,0,18,19,5,1,0,0,0,0,0,0,0,1,1,6,6,1,23,5,125,1,12,HONDA CBF125M,-1,-1,0,-1
2021320527287,2021,320527287,1,3,0,16,19,3,7,0,0,1,2,0,0,0,0,1,2,2,1,32,6,125,1,12,HONDA CBF125M,4,E01026019,0,-1
202131C122821,2021,31C122821,1,3,0,9,9,4,2,0,0,6,0,0,0,0,4,1,1,1,1,31,6,108,1,7,HONDA NSC,2,E01013814,0,-1
2021010297613,2021,010297613,1,3,0,99,99,9,9,99,99,9,9,99,9,99,2,1,6,6,2,25,5,49,1,8,HONDA NSC,3,E01002030,0,-1
2021010347997,2021,010347997,2,3,0,18,19,1,5,0,0,6,1,0,0,0,1,1,1,1,1,33,6,108,1,5,HONDA NSC,3,E01004261,0,-1
2021622100255,2021,622100255,1,2,0,5,5,2,6,0,0,1,0,0,0,0,1,1,1,1,1,34,6,108,1,9,HONDA NSC,7,W01001722,0,-1
2021010322197,2021,010322197,1,3,0,15,15,5,1,0,0,8,2,0,0,0,1,1,1,1,1,21,5,108,1,2,HONDA NSC,2,E01001357,0,-1
2021010295345,2021,010295345,1,3,0,13,13,3,7,9,9,8,0,0,7,11,1,1,6,6,1,19,4,108,1,7,HONDA NSC,3,E01015963,0,-1
2021010317820,2021,010317820,1,3,0,18,19,5,1,0,0,0,0,7,0,0,1,1,1,1,1,19,4,108,1,2,HONDA NSC,3,E01001368,0,-1
2021010332838,2021,010332838,2,3,0,18,19,3,7,0,0,1,0,0,0,0,4,1,2,2,1,24,5,108,1,5,HONDA NSC,5,E01001091,0,-1
2021010348627,2021,010348627,2,3,0,18,19,5,1,0,0,8,0,0,0,0,3,1,2,2,1,33,6,108,1,6,HONDA NSC,5,E01033288,0,-1
2021540330221,2021,540330221,2,2,0,18,19,1,5,0,0,0,0,0,0,0,3,1,6,6,1,30,6,108,1,1,HONDA NSC,8,E01015536,0,-1
2021010289869,2021,010289869,1,3,0,17,19,1,5,0,0,0,0,0,0,0,1,1,6,6,1,23,5,108,1,4,HONDA NSC,3,E01000515,0,-1
2021010301240,2021,010301240,1,3,0,99,99,9,9,99,99,9,9,99,9,99,1,1,2,2,1,20,4,108,1,8,HONDA NSC,3,E01001466,0,-1
2021010350818,2021,010350818,1,3,0,99,99,9,9,99,99,9,9,99,9,99,9,9,1,1,1,36,7,108,1,5,HONDA NSC,5,E01001068,0,-1
2021010316425,2021,010316425,2,3,0,18,19,5,1,0,0,8,0,0,0,0,1,1,6,6,1,44,7,108,1,4,HONDA NSC,2,E01001868,0,-1
2021010335568,2021,010335568,1,3,0,18,19,2,6,0,0,1,0,0,0,0,1,1,6,6,1,23,5,108,1,1,HONDA NSC,4,E01003147,0,-1
2021010296288,2021,010296288,1,3,0,18,19,5,1,0,0,8,0,0,0,0,0,1,6,6,1,37,7,108,1,6,HONDA NSC,5,E01003342,0,-1
2021201101163,2021,201101163,2,3,0,18,19,6,2,0,0,2,0,0,0,0,1,1,6,6,1,43,7,108,1,4,HONDA NSC,2,E01009348,0,-1
2021421052656,2021,421052656,1,3,0,14,14,1,5,0,0,1,1,0,0,0,1,1,1,1,1,21,5,108,1,1,HONDA NSC,9,E01021745,0,-1
2021010327625,2021,010327625,1,3,0,18,19,5,1,0,0,0,0,4,0,0,1,1,6,6,1,37,7,108,1,4,HONDA NSC,4,E01033606,0,-1
2021010324360,2021,010324360,2,3,0,18,19,5,1,0,0,8,0,0,0,0,4,1,6,6,1,31,6,108,1,8,HONDA NSC,4,E01000557,0,-1
2021371036177,2021,371036177,2,2,0,18,19,1,3,0,0,2,0,0,0,0,1,1,1,1,2,29,6,108,1,1,HONDA NSC,2,E01030032,0,-1
2021010321983,2021,010321983,1,3,0,99,99,9,9,99,99,0,9,99,9,99,1,1,1,1,1,26,6,108,1,3,HONDA NSC,9,E01003363,0,-1
2021010289016,2021,010289016,2,3,0,13,13,3,7,0,0,1,5,0,0,0,1,1,1,1,1,41,7,108,1,5,HONDA NSC,3,E01003926,0,-1
2021010341375,2021,010341375,1,3,0,9,9,5,3,0,0,2,0,0,0,0,0,1,1,1,1,20,4,108,1,8,HONDA NSC,2,E01003176,0,-1
2021010288025,2021,010288025,1,3,0,14,14,1,5,0,0,1,0,0,0,0,2,1,1,1,1,22,5,108,1,1,HONDA NSC,2,E01003988,0,-1
2021010335657,2021,010335657,2,2,0,18,19,1,5,0,0,1,0,0,0,0,1,1,6,6,1,18,4,49,1,4,HONDA NSC,8,E01000319,0,-1
2021010342348,2021,010342348,1,3,0,18,19,5,1,0,0,1,0,0,0,0,4,1,6,6,3,21,5,108,1,3,HONDA NSC,-1,-1,0,-1
2021010348889,2021,010348889,2,3,0,3,3,3,7,0,0,1,0,0,0,0,2,1,6,6,1,29,6,108,1,4,HONDA NSC,-1,-1,0,-1
2021010328674,2021,010328674,1,3,0,10,10,3,1,0,0,6,5,10,0,0,1,1,1,1,1,25,5,110,1,0,HONDA NSC,1,E01000061,0,-1
2021010300814,2021,010300814,1,2,0,14,14,7,3,0,0,1,0,0,0,0,1,1,6,6,1,20,4,108,1,7,HONDA NSC,5,E01000337,0,-1
2021461048384,2021,461048384,2,2,0,17,19,1,5,0,0,4,0,0,0,0,2,1,2,2,1,36,7,49,1,8,HONDA NSC,2,E01024091,0,-1
2021010351467,2021,010351467,1,3,0,99,99,9,9,99,99,9,9,99,9,99,1,1,1,1,1,27,6,108,1,2,HONDA NSC,3,E01000947,0,-1
2021061084261,2021,061084261,2,3,0,5,5,4,3,0,0,7,0,0,0,0,2,1,5,6,1,31,6,108,1,9,HONDA NSC,3,E01005614,0,-1
2021010298765,2021,010298765,1,2,0,18,19,5,1,0,0,1,0,0,0,0,1,1,2,2,1,19,4,49,1,6,HONDA NSC,4,E01000997,0,-1
2021411097432,2021,411097432,2,3,0,12,12,4,8,0,0,0,1,0,0,0,1,1,6,6,1,48,8,108,1,5,HONDA NSC,8,E01023365,0,-1
2021010337255,2021,010337255,1,3,0,18,19,7,3,0,0,1,0,0,0,0,3,1,1,1,1,31,6,108,1,7,HONDA NSC,-1,-1,0,-1
2021010348781,2021,010348781,2,3,0,18,19,1,5,0,0,1,2,0,0,0,1,1,1,1,1,24,5,108,1,1,HONDA NSC,2,E01004740,0,-1
2021010348636,2021,010348636,1,3,0,18,19,1,5,0,0,1,5,0,0,0,4,1,2,2,1,19,4,108,1,1,HONDA NSC,3,E01001779,0,-1
2021010319912,2021,010319912,1,3,0,18,19,3,7,0,0,2,0,0,0,0,3,1,1,1,1,20,4,108,1,2,HONDA NSC,1,E01004222,0,-1
2021010310085,2021,010310085,1,3,0,3,3,1,5,0,0,8,9,0,0,0,2,1,6,6,1,31,6,108,1,4,HONDA NSC,5,E01001149,0,-1
2021010317220,2021,010317220,1,3,0,18,19,5,1,0,0,8,0,0,0,0,1,1,6,6,3,22,5,108,1,3,HONDA NSC,-1,-1,0,-1
2021010302450,2021,010302450,1,3,0,99,99,9,9,99,99,9,9,99,9,99,1,1,6,6,1,27,6,108,1,6,HONDA NSC,3,E01003493,0,-1
2021010329792,2021,010329792,2,3,0,18,19,1,5,0,0,6,0,0,0,0,3,1,6,6,1,25,5,108,1,2,HONDA NSC,3,E01003295,0,-1
2021440328432,2021,440328432,1,2,0,18,19,3,7,0,0,1,0,0,0,0,1,1,6,6,1,28,6,108,1,4,HONDA NSC,7,E01017344,0,-1
2021430049756,2021,430049756,1,3,0,18,19,4,8,0,0,2,0,0,0,0,1,1,6,6,2,24,5,49,1,9,HONDA NSC,1,E01016372,0,-1
2021010317435,2021,010317435,1,3,0,99,99,9,9,99,99,9,9,99,9,99,9,1,6,6,1,32,6,108,1,1,HONDA NSC,2,E01001181,0,-1
2021010333922,2021,010333922,1,3,0,99,99,9,9,99,99,9,9,99,9,99,1,1,1,1,1,24,5,108,1,2,HONDA NSC,3,E01004430,0,-1
2021010350758,2021,010350758,1,3,0,18,19,7,3,0,0,8,0,0,0,0,0,1,6,6,1,37,7,108,1,4,HONDA NSC,3,E01000222,0,-1
2021010336555,2021,010336555,1,3,0,9,9,7,6,0,0,6,0,0,0,0,1,1,1,1,1,20,4,108,1,1,HONDA NSC,2,E01003176,0,-1
2021010290295,2021,010290295,1,2,0,18,19,7,3,0,0,3,5,0,0,0,0,1,1,1,1,28,6,108,1,9,HONDA NSC,2,E01004242,0,-1
2021010303584,2021,010303584,1,3,0,99,99,9,9,99,99,0,9,99,9,99,1,1,6,6,1,25,5,108,1,7,HONDA NSC,4,E01000554,0,-1
2021010315653,2021,010315653,2,3,0,13,13,1,5,0,0,8,0,0,0,0,1,1,1,1,1,36,7,108,1,1,HONDA NSC,4,E01000229,0,-1
2021201049644,2021,201049644,1,3,0,18,19,6,2,1,1,0,0,0,0,0,1,1,1,1,1,27,6,108,1,4,HONDA NSC,3,E01009049,0,-1
2021010307761,2021,010307761,1,3,0,99,99,9,9,99,99,0,9,99,9,99,9,1,6,6,2,31,6,108,1,6,HONDA NSC,3,E01001941,0,-1
2021010313117,2021,010313117,1,2,5,18,19,1,5,0,0,2,0,0,0,0,1,1,1,1,1,25,5,108,1,6,HONDA NSC,7,E01002127,0,-1
2021371144560,2021,371144560,1,3,0,4,4,8,4,0,0,1,5,0,0,0,1,1,2,2,2,18,4,108,1,4,HONDA NSC,1,E01030035,0,-1
2021010343642,2021,010343642,1,2,0,18,19,7,3,0,0,2,0,0,0,0,1,1,6,6,1,23,5,108,1,8,HONDA NSC,2,E01004323,0,-1
2021010306518,2021,010306518,2,2,0,18,19,1,5,9,9,1,2,10,1,11,1,1,6,6,1,14,3,108,1,6,HONDA NSC,5,E01004076,0,-1
2021010342947,2021,010342947,2,3,0,13,13,1,5,0,0,0,0,0,0,0,4,1,2,2,1,31,6,108,1,5,HONDA NSC,2,E01001703,0,-1
2021010307560,2021,010307560,1,2,0,99,99,9,9,99,99,9,9,99,9,99,9,1,6,6,1,37,7,49,1,4,HONDA NSC,4,E01003186,0,-1
2021543284121,2021,543284121,1,3,0,4,4,1,5,0,0,1,0,0,0,0,1,1,2,2,2,35,6,108,1,6,HONDA NSC,5,E01032716,0,-1
2021010329022,2021,010329022,2,2,0,18,19,3,7,0,0,1,0,0,0,0,1,1,1,1,1,63,9,108,1,2,HONDA NSC,2,E01003121,0,-1
2021010347056,2021,010347056,1,2,0,99,99,9,9,99,99,9,9,99,9,99,1,1,1,1,1,24,5,110,1,0,HONDA NSC,5,E01002234,0,-1
2021440231819,2021,440231819,1,3,0,7,7,5,8,0,0,8,0,0,0,0,3,1,1,1,1,28,6,108,1,6,HONDA NSC,5,E01017030,0,-1
2021010297749,2021,010297749,1,3,0,3,3,1,5,0,0,1,0,0,0,0,2,1,6,6,2,30,6,108,1,4,HONDA NSC,4,E01000634,0,-1
2021361024283,2021,361024283,1,3,0,18,19,1,5,0,0,0,0,12,0,0,1,1,1,1,1,21,5,108,1,4,HONDA NSC,-1,-1,0,-1
2021010352422,2021,010352422,2,3,0,4,4,1,5,0,0,0,0,0,0,0,1,1,1,1,1,36,7,108,1,5,HONDA NSC,3,E01003025,0,-1
2021010309455,2021,010309455,1,3,0,10,10,3,1,99,99,0,9,99,9,99,9,1,6,6,1,37,7,108,1,3,HONDA NSC,3,E01003606,0,-1
2021010347899,2021,010347899,2,3,0,18,19,7,3,0,0,0,0,0,0,0,0,1,1,1,1,47,8,108,1,9,HONDA NSC,3,E01000945,0,-1