collision_index,collision_year,collision_ref_no,vehicle_reference,vehicle_type,towing_and_articulation,vehicle_manoeuvre_historic,vehicle_manoeuvre,vehicle_direction_from,vehicle_direction_to,vehicle_location_restricted_lane_historic,vehicle_location_restricted_lane,junction_location,skidding_and_overturning,hit_object_in_carriageway,vehicle_leaving_carriageway,hit_object_off_carriageway,first_point_of_impact,vehicle_left_hand_drive,journey_purpose_of_driver_historic,journey_purpose_of_driver,sex_of_driver,age_of_driver,age_band_of_driver,engine_capacity_cc,propulsion_code,age_of_vehicle,generic_make_model,driver_imd_decile,lsoa_of_driver,escooter_flag,driver_distance_banding
2021010287304,2021,010287304,2,2,0,18,19,5,1,0,0,8,0,0,0,0,1,1,6,6,1,21,5,49,1,7,HONDA NSC,-1,-1,0,-1
2021010333611,2021,010333611,2,3,0,9,9,3,8,0,0,1,0,0,0,0,1,1,1,1,1,31,6,110,1,0,HONDA NSC,2,E01033702,0,-1
2021010290750,2021,010290750,1,3,0,18,19,5,1,0,0,8,0,0,0,0,1,1,1,1,1,19,4,108,1,7,HONDA NSC,-1,-1,0,-1
2021440168913,2021,440168913,1,2,0,18,19,7,3,0,0,8,0,0,0,0,1,1,6,6,2,27,6,49,1,5,HONDA NSC,1,E01017077,0,-1
2021010347670,2021,010347670,1,3,0,18,19,7,3,0,0,1,5,0,0,0,2,1,2,2,1,23,5,108,1,3,HONDA NSC,3,E01003627,0,-1
2021471099901,2021,471099901,1,3,0,18,19,4,8,0,0,1,0,0,7,11,1,1,1,1,1,18,4,110,1,0,HONDA NSC,4,E01024429,0,-1
2021010325204,2021,010325204,2,3,0,18,19,1,5,0,0,0,0,0,0,0,1,1,1,1,1,29,6,108,1,4,HONDA NSC,1,E01000105,0,-1
2021010315446,2021,010315446,2,3,0,18,19,3,7,0,0,1,0,0,0,0,1,1,1,1,2,23,5,108,1,2,HONDA NSC,2,E01003137,0,-1
2021010293430,2021,010293430,1,3,0,99,99,9,9,99,99,9,9,99,9,99,9,1,6,6,2,21,5,108,1,6,HONDA NSC,5,E01001086,0,-1
2021010338843,2021,010338843,1,2,0,4,4,8,4,0,0,0,0,0,0,0,1,1,1,1,1,39,7,108,1,1,HONDA NSC,3,E01000531,0,-1
2021010343509,2021,010343509,1,3,0,18,19,3,7,0,0,1,0,4,0,0,1,1,1,1,1,17,4,110,1,0,HONDA NSC,7,E01000909,0,-1
2021010319727,2021,010319727,1,2,0,15,15,6,2,0,0,1,0,0,0,0,4,1,1,1,1,21,5,108,1,2,HONDA NSC,2,E01004615,0,-1
2021010297659,2021,010297659,1,4,0,5,5,0,7,0,0,0,0,0,0,0,3,1,1,1,1,42,7,108,1,3,HONDA NSC,2,E01004615,0,-1
2021361139884,2021,361139884,1,3,0,18,19,2,6,0,0,0,0,0,0,0,4,1,1,1,2,28,6,108,1,4,HONDA NSC,3,E01026747,0,-1
2021010293257,2021,010293257,2,3,0,18,19,1,5,0,0,0,1,0,0,0,2,1,1,1,1,30,6,108,1,3,HONDA NSC,2,E01003330,0,-1
2021010341581,2021,010341581,1,3,0,18,19,3,7,0,0,1,0,0,0,0,1,1,1,1,1,23,5,108,1,3,HONDA NSC,5,E01001214,0,-1
2021010299445,2021,010299445,2,3,0,99,99,9,9,99,99,9,9,99,9,99,1,9,6,6,3,-1,-1,108,1,4,HONDA NSC,-1,-1,0,-1
2021010288131,2021,010288131,1,3,0,14,14,7,3,0,0,1,0,0,0,0,1,1,1,1,1,44,7,108,1,7,HONDA NSC,2,E01004290,0,-1
2021010329050,2021,010329050,2,3,0,99,99,9,9,99,99,9,9,99,9,99,9,1,6,6,3,-1,-1,108,1,5,HONDA NSC,-1,-1,0,-1
2021010342225,2021,010342225,1,3,0,18,19,2,6,0,0,0,0,0,0,0,1,1,1,1,1,27,6,108,1,5,HONDA NSC,1,E01004721,0,-1
2021010298816,2021,010298816,1,3,0,14,14,3,7,0,0,8,0,0,0,0,1,1,6,6,1,18,4,108,1,6,HONDA NSC,3,E01002429,0,-1
2021010334522,2021,010334522,1,3,0,18,19,1,5,0,0,1,0,0,0,0,1,1,1,1,1,36,7,108,1,6,HONDA NSC,3,E01001000,0,-1
2021361067566,2021,361067566,1,3,0,18,19,7,3,0,0,4,2,0,0,0,3,1,5,6,2,33,6,108,1,9,HONDA NSC,2,E01026844,0,-1
2021010294154,2021,010294154,1,3,0,18,19,1,5,0,0,1,0,0,0,0,1,1,2,2,1,24,5,108,1,6,HONDA NSC,3,E01002532,0,-1
2021101028645,2021,101028645,1,3,0,18,19,5,1,0,0,0,0,0,0,0,1,1,1,1,1,39,7,108,1,1,HONDA NSC,1,E01008439,0,-1
2021440475797,2021,440475797,1,3,0,17,19,1,5,0,0,0,0,0,1,0,0,1,1,1,1,21,5,110,1,0,HONDA NSC,3,E01022485,0,-1
2021010329193,2021,010329193,1,3,0,18,19,3,7,0,0,8,0,0,0,0,4,1,1,1,1,27,6,108,1,2,HONDA NSC,6,E01002655,0,-1
2021010346007,2021,010346007,2,3,0,16,19,7,3,0,0,0,1,0,0,0,1,1,1,1,1,18,4,110,1,0,HONDA NSC,2,E01000100,0,-1
2021361030928,2021,361030928,1,3,0,18,19,7,3,0,0,1,0,0,0,0,1,1,5,6,1,20,4,108,1,2,HONDA NSC,2,E01033040,0,-1
2021010288490,2021,010288490,1,3,0,99,99,9,9,99,99,8,9,99,9,99,1,1,6,6,1,28,6,108,1,2,HONDA NSC,2,E01000079,0,-1
2021010351760,2021,010351760,1,3,0,99,99,9,9,99,99,0,9,99,9,99,2,1,1,1,1,28,6,108,1,1,HONDA NSC,1,E01004247,0,-1
2021010335427,2021,010335427,1,2,0,18,19,1,5,0,0,8,0,0,0,0,1,1,1,1,1,27,6,49,1,5,HONDA NSC,2,E01001151,0,-1
2021430413828,2021,430413828,1,3,0,8,8,6,1,0,0,1,0,0,0,0,2,1,1,1,1,39,7,108,1,7,HONDA NSC,5,E01017901,0,-1
2021010319994,2021,010319994,2,3,0,18,19,1,5,0,0,4,0,0,0,0,2,1,1,1,1,34,6,108,1,4,HONDA NSC,2,E01001860,0,-1
2021471114076,2021,471114076,2,3,0,18,19,6,2,0,0,0,0,0,0,0,1,1,6,6,1,44,7,108,1,4,HONDA NSC,7,E01020938,0,-1
2021010339194,2021,010339194,1,3,0,99,99,9,9,99,99,9,9,99,9,99,9,1,1,1,1,31,6,108,1,4,HONDA NSC,2,E01002056,0,-1
2021010320760,2021,010320760,1,3,0,7,7,5,8,0,0,1,0,0,0,0,1,1,1,1,1,27,6,108,1,2,HONDA NSC,2,E01002633,0,-1
2021010342770,2021,010342770,1,3,0,99,99,9,9,99,99,9,9,99,9,99,9,1,1,1,1,44,7,110,1,0,HONDA NSC,5,E01004601,0,-1
2021010303058,2021,010303058,2,3,0,18,19,1,5,0,0,8,0,0,0,0,1,1,6,6,2,31,6,108,1,5,HONDA NSC,2,E01000548,0,-1
2021010340929,2021,010340929,2,3,0,4,4,7,3,0,0,1,0,0,0,0,3,1,6,6,1,19,4,108,1,2,HONDA NSC,3,E01022739,0,-1
2021010295838,2021,010295838,1,3,0,3,3,3,7,0,0,1,0,0,0,0,1,1,6,6,1,51,8,108,1,8,HONDA NSC,3,E01004037,0,-1
2021010331275,2021,010331275,1,3,9,99,99,9,9,99,99,0,9,99,9,99,1,1,6,6,3,-1,-1,108,1,6,HONDA NSC,2,E01003151,0,-1
2021010324141,2021,010324141,1,2,0,9,9,1,6,0,0,6,0,0,0,0,1,1,1,1,1,23,5,110,1,0,HONDA NSC,2,E01003111,0,-1
2021010296401,2021,010296401,1,3,0,13,13,1,5,0,0,8,5,0,0,0,4,1,6,6,1,36,7,108,1,4,HONDA NSC,2,E01001012,0,-1
2021010325051,2021,010325051,1,2,0,18,19,1,5,0,0,0,0,0,0,0,2,1,1,1,1,22,5,108,1,2,HONDA NSC,4,E01001586,0,-1
2021010313137,2021,010313137,1,3,0,99,99,9,9,99,99,9,9,99,9,99,9,1,6,6,1,35,6,108,1,6,HONDA NSC,5,E01000224,0,-1
2021010331312,2021,010331312,1,3,0,18,19,2,6,0,0,1,0,0,0,0,1,1,6,6,1,26,6,108,1,4,HONDA NSC,3,E01001190,0,-1
2021010325307,2021,010325307,1,3,0,16,19,1,5,0,0,0,2,0,1,0,0,1,2,2,1,38,7,108,1,6,HONDA NSC,5,E01003217,0,-1
2021010301115,2021,010301115,2,3,0,18,19,5,1,0,0,8,0,0,0,0,1,1,6,6,1,28,6,108,1,6,HONDA NSC,2,E01020016,0,-1
2021010324977,2021,010324977,2,2,0,14,14,5,1,0,0,1,0,0,0,0,1,1,1,1,1,20,4,108,1,5,HONDA NSC,4,E01001216,0,-1
2021010325252,2021,010325252,1,3,0,99,99,9,9,99,99,9,9,99,9,99,1,1,1,1,1,36,7,108,1,3,HONDA NSC,6,E01003416,0,-1
2021010291223,2021,010291223,2,4,0,99,99,9,9,99,99,9,9,99,9,99,9,1,6,6,3,-1,-1,108,1,4,HONDA NSC,-1,-1,0,-1
2021010291854,2021,010291854,1,3,0,99,99,9,9,99,99,9,9,99,9,99,9,1,6,6,2,44,7,108,1,3,HONDA NSC,2,E01003964,0,-1
2021010307483,2021,010307483,1,3,0,99,99,9,9,99,99,0,9,99,9,99,9,1,6,6,1,34,6,108,1,9,HONDA NSC,5,E01004610,0,-1
2021031060868,2021,031060868,1,2,0,7,7,5,1,0,0,1,0,0,0,0,1,1,5,6,1,16,4,49,1,7,HONDA NSC,2,E01019110,0,-1
2021010298394,2021,010298394,2,3,0,99,99,9,9,99,99,9,9,99,9,99,1,1,6,6,3,-1,-1,108,1,2,HONDA NSC,-1,-1,0,-1
2021010332339,2021,010332339,1,3,0,15,15,1,5,2,2,1,0,0,0,0,1,1,6,6,1,28,6,108,1,2,HONDA NSC,7,E01003396,0,-1
2021010339286,2021,010339286,1,3,0,4,4,7,3,0,0,1,0,0,0,0,4,1,6,6,1,18,4,110,1,0,HONDA NSC,4,E01001296,0,-1
2021010336815,2021,010336815,1,3,0,14,14,5,1,0,0,0,2,0,0,0,0,1,2,2,1,25,5,108,1,6,HONDA NSC,7,E01000339,0,-1
2021010288218,2021,010288218,1,3,0,99,99,9,9,99,99,9,9,99,9,99,2,1,6,6,2,25,5,108,1,6,HONDA NSC,4,E01000621,0,-1
2021231069046,2021,231069046,1,3,0,18,19,2,6,0,0,3,0,0,0,0,4,1,5,6,1,48,8,108,1,7,HONDA NSC,1,E01031118,0,-1
2021010349097,2021,010349097,2,3,0,18,19,7,3,0,0,1,0,0,0,0,4,1,1,1,1,31,6,108,1,5,HONDA NSC,3,E01003570,0,-1
2021010332189,2021,010332189,2,2,0,18,19,3,7,0,0,1,0,0,0,0,3,1,1,1,1,25,5,110,1,0,HONDA NSC,8,E01001031,0,-1
2021010298267,2021,010298267,2,3,0,18,19,5,1,0,0,2,0,0,0,0,4,1,6,6,1,41,7,108,1,7,HONDA NSC,1,E01033701,0,-1
2021010308764,2021,010308764,1,3,0,4,4,1,5,0,0,4,1,11,0,0,1,1,1,1,1,23,5,108,1,2,HONDA NSC,5,E01002546,0,-1
2021351046106,2021,351046106,1,3,0,7,7,5,1,0,0,3,0,0,0,0,4,1,1,1,2,54,8,108,1,2,HONDA NSC,4,E01015655,0,-1
2021010322907,2021,010322907,1,3,0,5,5,6,2,0,0,0,2,10,1,2,1,1,6,6,1,17,4,108,1,4,HONDA NSC,1,E01033456,0,-1
2021010346851,2021,010346851,1,3,0,99,99,9,9,99,99,0,9,99,9,99,1,1,6,6,2,33,6,108,1,6,HONDA NSC,3,E01003136,0,-1
2021010306416,2021,010306416,2,3,0,18,19,5,1,0,0,4,2,0,0,0,2,1,6,6,1,18,4,108,1,6,HONDA NSC,3,E01002542,0,-1
2021010314327,2021,010314327,1,3,0,5,5,7,3,0,0,0,0,0,0,0,4,1,2,2,1,24,5,108,1,3,HONDA NSC,4,E01001503,0,-1
2021010303966,2021,010303966,2,3,0,13,13,5,1,0,0,5,0,0,0,0,3,1,6,6,1,26,6,108,1,5,HONDA NSC,3,E01004408,0,-1
2021010299601,2021,010299601,1,3,0,18,19,1,5,0,0,2,0,0,0,0,4,1,1,1,1,47,8,108,1,3,HONDA NSC,-1,-1,0,-1
2021010308630,2021,010308630,2,3,0,18,19,5,1,0,0,1,0,0,0,0,4,1,1,1,1,29,6,108,1,4,HONDA NSC,2,E01001193,0,-1
2021010336651,2021,010336651,1,2,0,9,9,3,2,0,0,5,0,0,0,0,1,1,2,2,1,28,6,108,1,5,HONDA NSC,2,E01001249,0,-1
2021440440452,2021,440440452,1,2,0,18,19,8,4,0,0,0,0,0,1,10,4,1,1,1,1,24,5,108,1,2,HONDA NSC,5,E01022616,0,-1
2021010336767,2021,010336767,1,3,0,3,3,5,1,0,0,1,0,0,0,0,1,1,6,6,2,45,7,108,1,4,HONDA NSC,4,E01000999,0,-1
2021520105228,2021,520105228,1,3,0,18,19,4,8,0,0,1,1,0,0,0,1,1,6,6,1,36,7,108,1,10,HONDA NSC,-1,-1,0,-1
2021010317041,2021,010317041,2,2,0,99,99,9,9,99,99,9,9,99,9,99,9,1,6,6,3,-1,-1,108,1,8,HONDA NSC,-1,-1,0,-1
2021010342616,2021,010342616,1,3,0,99,99,9,9,99,99,9,9,99,9,99,1,1,1,1,2,28,6,108,1,5,HONDA NSC,3,E01003969,0,-1
2021501137636,2021,501137636,1,3,0,16,19,5,8,0,0,2,0,10,0,0,0,1,5,6,2,18,4,108,1,8,HONDA NSC,4,E01018994,0,-1
2021010315731,2021,010315731,1,2,0,7,7,3,5,0,0,1,0,0,0,0,2,1,1,1,1,29,6,49,1,8,HONDA NSC,1,E01002067,0,-1
2021161115285,2021,161115285,1,2,0,18,19,1,5,0,0,0,1,0,0,0,1,1,6,6,1,16,4,49,1,4,HONDA NSC,5,E01013225,0,-1
2021010325041,2021,010325041,2,3,0,18,19,1,5,0,0,3,5,0,0,0,4,1,6,6,1,18,4,108,1,3,HONDA NSC,1,E01033456,0,-1
2021010313962,2021,010313962,2,2,0,99,99,9,9,99,99,8,9,99,9,99,2,1,6,6,3,26,6,108,1,4,HONDA NSC,6,E01004529,0,-1
2021471093379,2021,471093379,2,2,0,18,19,8,4,0,0,0,0,0,0,0,3,1,5,6,1,30,6,49,1,3,HONDA NSC,2,E01021183,0,-1
2021010294178,2021,010294178,1,2,0,99,99,9,9,99,99,9,9,99,9,99,1,1,6,6,1,20,4,49,1,9,HONDA NSC,3,E01003405,0,-1
2021010340528,2021,010340528,1,3,0,18,19,5,1,0,0,1,0,0,0,0,4,1,6,6,1,31,6,108,1,6,HONDA NSC,5,E01004370,0,-1
2021440322969,2021,440322969,1,2,0,18,19,0,0,0,0,1,0,0,0,0,1,1,1,1,1,18,4,108,1,2,HONDA NSC,4,E01022817,0,-1
2021421029587,2021,421029587,1,3,0,18,19,8,4,0,0,1,2,0,0,0,1,1,1,1,1,32,6,108,1,5,HONDA NSC,5,E01004374,0,-1
2021010315624,2021,010315624,2,2,0,99,99,9,9,99,99,9,9,99,9,99,9,1,6,6,3,-1,-1,108,1,2,HONDA NSC,3,E01004430,0,-1
2021010336798,2021,010336798,1,3,0,18,19,5,1,0,0,8,0,0,0,0,2,1,6,6,1,19,4,108,1,6,HONDA NSC,5,E01002232,0,-1
2021401074365,2021,401074365,1,3,0,18,19,4,8,0,0,0,1,11,0,0,1,1,2,2,1,19,4,108,1,2,HONDA NSC,2,E01015791,0,-1
2021010315885,2021,010315885,1,4,0,99,99,9,9,99,99,9,9,99,9,99,1,1,6,6,2,28,6,108,1,4,HONDA NSC,4,E01000875,0,-1
2021010345623,2021,010345623,2,3,0,18,19,1,5,0,0,1,0,0,0,0,3,1,6,6,1,25,5,108,1,2,HONDA NSC,-1,-1,0,-1
2021010334054,2021,010334054,1,3,0,18,19,3,7,0,0,2,1,0,0,0,0,1,1,1,1,19,4,108,1,5,HONDA NSC,2,E01000955,0,-1
2021010337886,2021,010337886,1,3,0,99,99,9,9,99,99,9,9,99,9,99,2,1,1,1,1,32,6,108,1,5,HONDA NSC,4,E01000155,0,-1
2021411124634,2021,411124634,2,3,0,18,19,7,3,0,0,8,0,0,0,0,2,1,5,6,1,22,5,108,1,2,HONDA NSC,5,E01023546,0,-1
2021471126229,2021,471126229,1,3,0,18,19,3,7,0,0,2,0,0,2,10,1,1,1,1,1,21,5,110,1,0,HONDA NSC,1,E01004674,0,-1
2021010344259,2021,010344259,1,3,0,99,99,9,9,99,99,9,9,99,9,99,1,1,6,6,1,22,5,108,1,4,HONDA NSC,4,E01004652,0,-1
2021010320302,2021,010320302,1,3,0,18,19,7,3,0,0,0,0,0,0,0,0,1,1,1,1,60,9,108,1,7,HONDA NSC,1,E01000153,0,-1
2021010338049,2021,010338049,2,3,0,9,9,5,3,0,0,2,0,4,0,0,1,1,1,1,1,26,6,108,1,2,HONDA NSC,3,E01033464,0,-1
2021010346798,2021,010346798,1,3,9,99,99,9,9,99,99,9,9,99,9,99,9,1,6,6,1,-1,-1,108,1,6,HONDA NSC,-1,-1,0,-1
2021010329195,2021,010329195,1,2,0,18,19,5,1,0,0,1,2,11,1,0,1,1,1,1,2,32,6,108,1,1,HONDA NSC,8,E01004131,0,-1
2021010301995,2021,010301995,1,3,0,5,5,3,7,0,0,1,0,0,0,0,1,1,1,1,1,34,6,108,1,2,HONDA NSC,2,E01004251,0,-1
2021010329061,2021,010329061,1,3,0,4,4,5,1,0,0,0,0,0,0,0,1,1,1,1,1,20,4,110,1,0,HONDA NSC,9,E01002192,0,-1
2021010301413,2021,010301413,2,3,9,15,15,7,3,0,0,1,0,0,0,0,1,1,1,1,1,20,4,108,1,2,HONDA NSC,1,E01001461,0,-1
2021010290875,2021,010290875,2,3,0,13,13,1,5,0,0,0,0,0,0,0,1,1,6,6,1,20,4,108,1,4,HONDA NSC,4,E01001230,0,-1
2021010313146,2021,010313146,1,3,0,15,15,3,7,0,0,8,0,0,1,0,1,1,2,2,1,19,4,110,1,0,HONDA NSC,3,E01003091,0,-1
2021010334272,2021,010334272,2,3,0,18,19,3,7,4,4,8,0,0,0,0,3,1,2,2,1,27,6,110,1,0,HONDA NSC,3,E01003263,0,-1
2021010314145,2021,010314145,2,2,0,18,19,3,7,0,0,0,2,0,0,0,4,1,1,1,1,19,4,108,1,2,HONDA NSC,2,E01004242,0,-1
2021471057844,2021,471057844,1,3,0,18,19,7,3,0,0,0,0,0,0,0,1,1,2,2,1,44,7,108,1,9,HONDA NSC,2,E01016873,0,-1
2021010324863,2021,010324863,2,3,0,99,99,9,9,99,99,0,9,99,9,99,9,1,6,6,1,18,4,108,1,4,HONDA NSC,1,E01000153,0,-1
2021010338954,2021,010338954,2,3,0,9,9,7,5,0,0,1,0,0,0,0,4,1,1,1,1,19,4,110,1,0,HONDA NSC,4,E01004572,0,-1
2021010291273,2021,010291273,2,3,0,14,14,5,1,0,0,1,0,0,0,0,1,1,1,1,1,24,5,108,1,2,HONDA NSC,-1,-1,0,-1
2021010318276,2021,010318276,1,3,9,99,99,9,9,99,99,9,9,99,9,99,9,1,6,6,2,42,7,108,1,5,HONDA NSC,2,E01002002,0,-1
2021622100063,2021,622100063,2,2,0,18,19,4,8,0,0,1,0,0,0,0,4,1,1,1,1,40,7,49,1,4,HONDA NSC,3,W01001830,0,-1
2021010293133,2021,010293133,1,3,0,99,99,9,9,99,99,9,9,99,9,99,1,1,6,6,2,26,6,108,1,6,HONDA NSC,2,E01003066,0,-1
2021010307890,2021,010307890,1,3,0,18,19,3,7,0,0,0,2,0,0,0,1,1,6,6,1,20,4,108,1,4,HONDA NSC,2,E01001553,0,-1
2021070751300,2021,070751300,1,2,0,16,19,8,4,0,0,0,2,0,0,0,1,1,2,2,1,16,4,49,1,8,HONDA NSC,6,E01006900,0,-1
2021010300521,2021,010300521,2,3,0,13,13,3,7,0,0,1,0,0,0,0,1,1,6,6,1,24,5,108,1,1,HONDA NSC,4,E01001176,0,-1
2021010294536,2021,010294536,2,3,0,4,4,5,1,0,0,8,0,0,0,0,3,1,1,1,1,41,7,108,1,5,HONDA NSC,3,E01001836,0,-1
2021010320722,2021,010320722,1,3,0,18,19,7,3,0,0,0,5,0,0,99,4,1,6,6,1,34,6,108,1,10,HONDA NSC,4,E01001376,0,-1
2021010288902,2021,010288902,2,3,0,18,19,6,2,0,0,0,0,0,0,0,1,1,1,1,1,20,4,108,1,3,HONDA NSC,3,E01003686,0,-1
2021010317115,2021,010317115,1,3,0,4,4,6,2,0,0,1,0,0,0,0,2,1,2,2,1,42,7,108,1,9,HONDA NSC,5,E01001201,0,-1
2021010341931,2021,010341931,1,2,0,99,99,9,9,0,0,9,0,99,0,0,9,1,1,1,1,24,5,110,1,0,HONDA NSC,5,E01002234,0,-1
2021010319788,2021,010319788,2,3,0,18,19,3,7,0,0,0,2,0,0,0,2,1,1,1,1,34,6,108,1,7,HONDA NSC,5,E01001277,0,-1
2021010325192,2021,010325192,1,3,0,99,99,9,9,99,99,9,0,0,9,0,9,1,1,1,1,20,4,108,1,2,HONDA NSC,3,E01001970,0,-1
2021010315632,2021,010315632,1,3,0,9,9,7,4,0,0,5,0,0,0,0,1,1,2,2,1,24,5,108,1,4,HONDA NSC,1,E01002073,0,-1
2021010331921,2021,010331921,1,3,0,99,99,9,9,99,99,9,9,99,9,99,9,1,6,6,1,19,4,108,1,3,HONDA NSC,8,E01003446,0,-1
2021010288749,2021,010288749,1,3,0,4,4,1,5,0,0,1,1,0,0,0,1,1,1,1,1,39,7,108,1,7,HONDA NSC,6,E01000324,0,-1
2021010319294,2021,010319294,2,3,0,18,19,1,5,0,0,1,1,0,0,0,1,1,6,6,1,24,5,108,1,8,HONDA NSC,6,E01004485,0,-1
2021010295275,2021,010295275,2,3,0,18,19,1,5,0,0,1,0,0,0,0,1,1,1,1,1,20,4,108,1,4,HONDA NSC,-1,-1,0,-1
2021010312526,2021,010312526,1,3,0,99,99,9,9,0,0,8,0,0,0,0,1,1,6,6,1,28,6,108,1,7,HONDA NSC,1,E01003488,0,-1
2021221061153,2021,221061153,2,3,0,17,19,7,5,0,0,8,0,0,0,0,3,1,1,1,1,18,4,108,1,2,HONDA NSC,2,E01013993,0,-1
2021010339127,2021,010339127,2,3,0,99,99,9,9,99,99,9,9,99,9,99,9,9,6,6,3,-1,-1,110,1,0,HONDA NSC,-1,-1,0,-1
2021010311175,2021,010311175,1,3,0,99,99,9,9,99,99,9,9,99,9,99,2,1,6,6,1,25,5,108,1,9,HONDA NSC,3,E01001832,0,-1
2021361110551,2021,361110551,1,2,0,18,19,7,3,0,0,0,5,0,0,0,3,1,5,6,1,21,5,49,1,4,HONDA NSC,4,E01026466,0,-1
2021010347442,2021,010347442,1,3,0,7,7,7,2,0,0,8,0,0,0,0,3,1,2,2,1,34,6,108,1,3,HONDA NSC,5,E01000632,0,-1
2021010335271,2021,010335271,1,3,0,18,19,1,5,0,0,0,0,0,0,0,0,1,6,6,1,21,5,110,1,0,HONDA NSC,3,E01001327,0,-1
2021371128490,2021,371128490,1,3,0,18,19,6,2,0,0,0,1,0,0,0,1,1,5,6,1,41,7,108,1,5,HONDA NSC,6,E01030063,0,-1
2021010348960,2021,010348960,1,3,0,15,15,1,5,0,0,5,0,0,0,0,4,1,1,1,1,35,6,108,1,3,HONDA NSC,6,E01003755,0,-1
2021010301127,2021,010301127,2,3,0,18,19,1,5,0,0,3,0,0,0,0,1,1,1,1,2,24,5,108,1,1,HONDA NSC,2,E01003162,0,-1
2021010311563,2021,010311563,1,3,0,18,19,7,3,0,0,1,0,0,0,0,0,1,6,6,2,21,5,108,1,3,HONDA NSC,5,E01001086,0,-1
2021010336358,2021,010336358,1,2,0,18,19,6,2,0,0,8,1,0,0,0,1,1,6,6,1,43,7,108,1,6,HONDA NSC,2,E01002807,0,-1
2021010319016,2021,010319016,1,3,0,99,99,9,9,99,99,9,9,99,9,99,9,1,6,6,2,34,6,108,1,5,HONDA NSC,2,E01002033,0,-1
2021010319616,2021,010319616,1,3,0,18,19,7,3,0,0,1,0,0,0,0,1,1,1,1,1,20,4,110,1,0,HONDA NSC,3,E01003734,0,-1
2021440063151,2021,440063151,1,3,0,4,4,1,5,0,0,0,1,0,0,0,0,1,6,6,2,42,7,108,1,6,HONDA NSC,4,E01017160,0,-1
2021010297736,2021,010297736,1,3,0,18,19,7,3,0,0,8,0,0,0,0,2,1,1,1,1,25,5,108,1,6,HONDA NSC,2,E01004410,0,-1
2021010330053,2021,010330053,2,2,0,18,19,5,1,0,0,0,0,0,0,0,1,1,1,1,1,32,6,108,1,1,HONDA NSC,1,E01003051,0,-1
2021010349609,2021,010349609,1,3,0,17,19,7,3,0,0,8,0,0,0,0,3,1,1,1,1,24,5,108,1,3,HONDA NSC,6,E01003753,0,-1
2021010289160,2021,010289160,1,3,0,99,99,9,9,99,99,0,9,99,9,99,1,1,2,2,1,32,6,108,1,8,HONDA NSC,5,E01004527,0,-1
2021010340255,2021,010340255,1,3,0,99,99,9,9,99,99,9,9,99,9,99,1,1,6,6,1,27,6,108,1,5,HONDA NSC,6,E01000492,0,-1
2021161031807,2021,161031807,1,2,0,18,19,2,6,0,0,1,0,0,0,0,1,1,1,1,1,26,6,108,1,2,HONDA NSC,2,E01012869,0,-1
2021010333272,2021,010333272,1,3,0,13,13,1,5,0,0,2,0,0,0,0,4,1,6,6,1,19,4,108,1,3,HONDA NSC,3,E01002560,0,-1
2021010294587,2021,010294587,2,3,0,14,14,5,1,0,0,1,0,0,0,0,1,1,1,1,1,22,5,108,1,6,HONDA NSC,2,E01002031,0,-1
2021010292376,2021,010292376,2,3,0,18,19,1,5,0,0,8,0,0,0,0,1,1,2,2,1,49,8,108,1,1,HONDA NSC,1,E01000595,0,-1
2021010296133,2021,010296133,1,3,0,18,19,3,7,2,2,0,5,0,0,0,4,1,1,1,1,26,6,108,1,1,HONDA NSC,2,E01003932,0,-1
2021010339712,2021,010339712,1,3,0,99,99,9,9,99,99,9,9,99,9,99,9,1,6,6,1,35,6,108,1,1,HONDA NSC,2,E01000509,0,-1
2021320663630,2021,320663630,1,3,0,18,19,5,1,0,0,2,0,0,1,9,1,1,6,6,1,18,4,108,1,5,HONDA NSC,8,E01026212,0,-1
2021010317024,2021,010317024,1,3,0,13,13,5,1,0,0,1,0,0,1,0,4,1,6,6,1,19,4,108,1,9,HONDA NSC,5,E01001345,0,-1
2021010344829,2021,010344829,2,2,0,9,9,5,3,0,0,1,0,0,0,0,1,1,6,6,1,36,7,108,1,5,HONDA NSC,8,E01002499,0,-1
2021010295134,2021,010295134,2,2,0,18,19,5,1,0,0,1,0,0,0,0,1,1,6,6,1,40,7,108,1,5,HONDA NSC,1,E01032512,0,-1
2021010302926,2021,010302926,2,3,0,15,15,7,3,0,0,1,1,0,0,0,1,1,2,2,1,25,5,108,1,2,HONDA NSC,2,E01002712,0,-1
2021010291886,2021,010291886,2,3,0,18,19,3,7,0,0,8,0,0,0,0,1,1,1,1,1,24,5,108,1,1,HONDA NSC,-1,-1,0,-1
2021010342681,2021,010342681,2,2,0,3,3,1,5,0,0,1,5,0,0,0,2,1,6,6,2,33,6,108,1,8,HONDA NSC,7,E01000198,0,-1