collision_index,collision_year,collision_ref_no,vehicle_reference,vehicle_type,towing_and_articulation,vehicle_manoeuvre_historic,vehicle_manoeuvre,vehicle_direction_from,vehicle_direction_to,vehicle_location_restricted_lane_historic,vehicle_location_restricted_lane,junction_location,skidding_and_overturning,hit_object_in_carriageway,vehicle_leaving_carriageway,hit_object_off_carriageway,first_point_of_impact,vehicle_left_hand_drive,journey_purpose_of_driver_historic,journey_purpose_of_driver,sex_of_driver,age_of_driver,age_band_of_driver,engine_capacity_cc,propulsion_code,age_of_vehicle,generic_make_model,driver_imd_decile,lsoa_of_driver,escooter_flag,driver_distance_banding
2021010291115,2021,010291115,1,3,0,18,19,5,1,0,0,2,0,0,0,0,3,1,1,1,1,39,7,108,1,1,HONDA NSC,6,E01001527,0,-1
2021522101959,2021,522101959,1,4,0,18,19,2,6,0,0,2,0,0,0,0,1,1,6,6,1,34,6,108,1,4,HONDA NSC,5,E01014414,0,-1
2021471048166,2021,471048166,1,3,0,18,19,3,7,0,0,1,0,0,0,0,3,1,2,2,1,30,6,108,1,6,HONDA NSC,3,E01016881,0,-1
2021010299593,2021,010299593,2,2,0,7,7,5,8,0,0,1,0,0,0,0,1,1,6,6,1,33,6,108,1,3,HONDA NSC,5,E01000265,0,-1
2021010335169,2021,010335169,2,3,0,13,13,1,5,0,0,8,2,0,0,0,1,1,6,6,1,33,6,108,1,8,HONDA NSC,5,E01004523,0,-1
2021361056198,2021,361056198,1,2,0,18,19,1,1,0,0,0,0,0,1,4,1,1,2,2,1,16,4,49,1,7,HONDA NSC,4,E01026733,0,-1
2021010341712,2021,010341712,1,3,9,99,99,9,9,99,99,9,9,99,9,99,9,1,1,1,1,30,6,108,1,8,HONDA NSC,3,E01003565,0,-1
2021010331690,2021,010331690,1,3,0,99,99,9,9,99,99,9,9,99,9,99,1,1,1,1,1,50,8,108,1,5,HONDA NSC,3,E01001970,0,-1
2021010331505,2021,010331505,1,3,9,99,99,9,9,99,99,9,9,99,9,99,9,1,1,1,1,26,6,108,1,7,HONDA NSC,4,E01001241,0,-1
2021010346543,2021,010346543,2,3,0,18,19,7,3,0,0,1,0,0,0,0,1,1,6,6,1,49,8,108,1,4,HONDA NSC,3,E01002030,0,-1
2021010309975,2021,010309975,1,3,0,99,99,9,9,99,99,9,9,99,9,99,9,1,6,6,1,35,6,108,1,3,HONDA NSC,2,E01001812,0,-1
2021010346755,2021,010346755,1,2,0,3,3,3,7,0,0,1,0,0,0,0,2,1,1,1,1,27,6,108,1,4,HONDA NSC,3,E01004329,0,-1
2021010343032,2021,010343032,1,3,0,18,19,3,7,0,0,8,2,0,0,0,3,1,6,6,2,40,7,108,1,8,HONDA NSC,3,E01000511,0,-1
2021010341286,2021,010341286,2,3,0,4,4,7,3,0,0,1,0,0,0,0,1,1,6,6,1,31,6,108,1,3,HONDA NSC,3,E01003584,0,-1
2021010319419,2021,010319419,1,3,9,99,99,9,9,99,99,9,0,99,0,0,9,1,6,6,1,30,6,108,1,9,HONDA NSC,2,E01001553,0,-1
2021010320886,2021,010320886,1,3,0,18,19,3,7,0,0,1,1,0,0,0,1,1,1,1,1,23,5,108,1,6,HONDA NSC,1,E01001798,0,-1
2021010340445,2021,010340445,1,3,0,99,99,9,9,99,99,9,9,99,9,99,9,1,1,1,1,30,6,108,1,2,HONDA NSC,5,E01000142,0,-1
2021031065847,2021,031065847,1,3,0,18,19,1,5,0,0,2,0,0,0,0,1,1,5,6,1,16,4,49,1,3,HONDA NSC,-1,-1,0,-1
2021010316615,2021,010316615,2,2,0,99,99,9,9,99,99,9,9,99,9,99,9,1,6,6,3,29,6,49,1,9,HONDA NSC,5,E01001278,0,-1
2021010287239,2021,010287239,2,3,0,18,19,3,7,0,0,8,1,0,0,0,0,1,6,6,1,39,7,108,1,7,HONDA NSC,5,E01003742,0,-1
2021010350004,2021,010350004,1,3,0,99,99,9,9,99,99,9,9,99,9,99,2,1,1,1,2,34,6,108,1,5,HONDA NSC,3,E01002085,0,-1
2021010328332,2021,010328332,1,3,0,18,19,7,3,0,0,8,0,0,0,0,3,1,1,1,1,20,4,108,1,4,HONDA NSC,3,E01002084,0,-1
2021010310456,2021,010310456,1,3,0,5,5,1,5,0,0,1,0,0,0,0,3,1,6,6,1,18,4,108,1,4,HONDA NSC,4,E01001727,0,-1
2021010300063,2021,010300063,2,3,0,9,9,5,3,0,0,8,0,0,0,0,1,1,6,6,1,33,6,108,1,8,HONDA NSC,4,E01032742,0,-1
2021010332171,2021,010332171,2,3,0,13,13,7,3,0,0,8,0,0,0,0,1,1,1,1,1,40,7,110,1,0,HONDA NSC,4,E01004576,0,-1
2021010344280,2021,010344280,1,3,9,99,99,9,9,99,99,9,9,99,9,99,9,1,6,6,1,43,7,110,1,0,HONDA NSC,4,E01000921,0,-1
2021010302870,2021,010302870,1,4,0,99,99,9,9,99,99,0,9,99,9,99,1,1,2,2,1,41,7,108,1,4,HONDA NSC,6,E01000160,0,-1
2021440443186,2021,440443186,1,3,0,18,19,1,5,0,0,1,0,0,0,0,1,1,6,6,1,20,4,108,1,5,HONDA NSC,7,E01017247,0,-1
2021010289035,2021,010289035,1,3,3,99,99,9,9,99,99,9,9,99,9,99,9,1,2,2,1,32,6,108,1,4,HONDA NSC,3,E01004202,0,-1
2021010323545,2021,010323545,1,3,0,99,99,9,9,99,99,9,9,99,9,99,1,1,1,1,1,27,6,108,1,6,HONDA NSC,4,E01003117,0,-1
2021010301084,2021,010301084,1,3,0,2,2,0,0,0,0,9,0,0,0,0,0,1,6,6,3,-1,-1,108,1,1,HONDA NSC,-1,-1,0,-1
2021010317034,2021,010317034,1,3,0,3,3,5,1,0,0,5,0,0,0,0,1,1,1,1,2,36,7,108,1,2,HONDA NSC,2,E01000743,0,-1
2021010342637,2021,010342637,1,3,0,18,19,7,3,0,0,8,2,7,0,0,1,1,6,6,1,18,4,108,1,2,HONDA NSC,2,E01001351,0,-1
2021010352379,2021,010352379,1,3,0,99,99,9,9,99,99,9,9,99,9,99,1,1,1,1,2,25,5,108,1,2,HONDA NSC,9,E01000667,0,-1
2021010340940,2021,010340940,2,2,0,18,19,3,7,0,0,1,0,0,0,0,3,1,6,6,1,37,7,108,1,3,HONDA NSC,3,E01001391,0,-1
2021010309693,2021,010309693,2,3,0,15,15,6,2,0,0,1,0,0,0,0,1,1,1,1,1,41,7,108,1,4,HONDA NSC,8,E01002132,0,-1
2021622100509,2021,622100509,1,2,0,18,19,6,2,0,0,0,0,0,0,0,1,1,6,6,1,16,4,49,1,9,HONDA NSC,6,W01000949,0,-1
2021010291687,2021,010291687,2,3,0,9,9,2,7,0,0,6,0,0,0,0,4,1,6,6,1,47,8,108,1,6,HONDA NSC,2,E01002316,0,-1
2021010297679,2021,010297679,2,2,0,14,14,7,3,0,0,1,5,0,0,0,4,1,1,1,1,29,6,108,1,7,HONDA NSC,1,E01004459,0,-1
2021411022634,2021,411022634,2,3,0,5,5,4,1,0,0,6,5,0,0,0,2,1,1,1,1,28,6,108,1,1,HONDA NSC,4,E01000475,0,-1
2021501161739,2021,501161739,1,3,0,18,19,3,7,0,0,1,0,0,0,0,4,1,1,1,1,23,5,108,1,4,HONDA NSC,1,E01015256,0,-1
2021411100251,2021,411100251,2,3,0,18,19,4,8,0,0,0,1,0,0,0,1,1,1,1,1,25,5,108,1,3,HONDA NSC,6,E01033308,0,-1
2021010334865,2021,010334865,2,3,0,18,19,8,4,0,0,1,0,0,0,0,1,1,1,1,1,30,6,108,1,3,HONDA NSC,3,E01007217,0,-1
2021010342658,2021,010342658,1,3,0,18,19,1,5,0,0,8,2,0,0,0,1,1,6,6,1,38,7,108,1,5,HONDA NSC,2,E01004000,0,-1
2021010346315,2021,010346315,2,3,0,18,19,3,7,0,0,1,0,0,0,0,4,1,6,6,1,30,6,108,1,1,HONDA NSC,5,E01001895,0,-1
2021010308375,2021,010308375,2,3,0,18,19,5,1,0,0,1,0,0,0,0,0,1,6,6,2,41,7,108,1,6,HONDA NSC,5,E01001157,0,-1
2021010336248,2021,010336248,1,3,0,99,99,9,9,99,99,0,9,99,9,99,1,1,1,1,1,52,8,108,1,4,HONDA NSC,3,E01033709,0,-1
2021010287855,2021,010287855,1,3,0,7,7,3,5,0,0,1,1,0,0,0,0,1,6,6,1,45,7,108,1,4,HONDA NSC,3,E01000638,0,-1
2021010292875,2021,010292875,1,3,0,99,99,9,9,99,99,9,9,99,9,99,9,1,2,2,2,36,7,108,1,3,HONDA NSC,2,E01002056,0,-1
2021361094577,2021,361094577,2,3,0,18,19,7,3,0,0,1,0,0,1,11,1,1,5,6,1,20,4,110,1,0,HONDA NSC,5,E01026866,0,-1
2021010290196,2021,010290196,2,4,0,18,19,7,3,0,0,1,0,0,0,0,1,1,1,1,1,18,4,108,1,5,HONDA NSC,4,E01003527,0,-1
2021010309345,2021,010309345,2,3,0,5,5,7,3,0,0,1,0,0,0,0,3,1,6,6,1,29,6,108,1,4,HONDA NSC,6,E01003754,0,-1
2021010316863,2021,010316863,1,3,0,8,8,7,2,0,0,4,5,0,0,0,2,1,6,6,1,24,5,108,1,1,HONDA NSC,1,E01000508,0,-1
2021010299821,2021,010299821,1,2,0,18,19,3,7,0,0,0,0,0,0,0,4,1,2,2,1,18,4,108,1,4,HONDA NSC,7,E01001851,0,-1
2021421062012,2021,421062012,2,3,0,18,19,4,8,0,0,1,5,0,0,0,0,1,6,6,1,20,4,108,1,9,HONDA NSC,8,E01015991,0,-1
2021547713121,2021,547713121,1,3,0,18,19,7,3,0,0,0,0,0,0,0,1,1,1,1,1,33,6,108,1,8,HONDA NSC,4,E01032714,0,-1
2021010336523,2021,010336523,2,3,0,18,19,2,6,0,0,1,0,0,0,0,1,1,2,2,1,26,6,108,1,4,HONDA NSC,3,E01001360,0,-1
2021351116115,2021,351116115,1,5,0,18,19,1,5,0,0,3,5,0,0,0,3,1,1,1,2,55,8,108,1,2,HONDA NSC,4,E01015655,0,-1
2021010288802,2021,010288802,1,3,9,99,99,9,9,99,99,9,9,99,9,99,9,1,2,2,1,31,6,108,1,6,HONDA NSC,3,E01004202,0,-1
2021302101123,2021,302101123,2,3,0,18,19,4,8,0,0,1,0,0,0,0,4,1,6,6,1,22,5,108,1,4,HONDA NSC,3,E01019569,0,-1
2021010336285,2021,010336285,1,3,0,18,19,5,1,0,0,8,0,0,0,0,1,1,6,6,1,24,5,108,1,1,HONDA NSC,5,E01002586,0,-1
2021010301456,2021,010301456,2,3,0,18,19,7,3,0,0,1,2,0,0,0,1,1,6,6,1,19,4,108,1,7,HONDA NSC,7,E01000572,0,-1
2021010344733,2021,010344733,1,3,0,5,5,7,3,0,0,8,0,0,0,0,1,1,1,1,1,21,5,108,1,1,HONDA NSC,2,E01001316,0,-1
2021010317595,2021,010317595,2,3,0,18,19,7,3,0,0,8,0,0,0,0,1,1,6,6,1,51,8,108,1,9,HONDA NSC,5,E01000159,0,-1
2021010322555,2021,010322555,1,3,0,13,13,7,3,0,0,1,0,0,0,0,3,1,1,1,1,38,7,108,1,4,HONDA NSC,1,E01002071,0,-1
2021201149020,2021,201149020,2,3,0,14,14,5,1,0,0,0,0,0,0,0,1,1,6,6,1,36,7,108,1,2,HONDA NSC,2,E01033641,0,-1
2021010306578,2021,010306578,2,3,0,3,3,7,3,0,0,1,0,0,0,0,2,1,1,1,1,26,6,108,1,3,HONDA NSC,4,E01000612,0,-1
2021010315958,2021,010315958,2,3,0,13,13,1,5,0,0,0,0,0,0,0,2,1,6,6,1,19,4,108,1,2,HONDA NSC,4,E01000802,0,-1
2021010318357,2021,010318357,2,2,0,18,19,1,5,0,0,1,0,0,0,0,1,1,1,1,1,27,6,108,1,1,HONDA NSC,8,E01000181,0,-1
2021010335441,2021,010335441,2,3,0,99,99,9,9,99,99,9,9,99,9,99,1,1,6,6,3,-1,-1,108,1,4,HONDA NSC,-1,-1,0,-1
2021010293791,2021,010293791,1,3,0,99,99,9,9,99,99,9,9,99,9,99,1,1,2,2,1,26,6,108,1,8,HONDA NSC,3,E01001747,0,-1
2021430452669,2021,430452669,1,3,0,9,9,8,6,0,0,8,0,0,0,0,1,1,6,6,2,24,5,108,1,7,HONDA NSC,9,E01027307,0,-1
2021010338929,2021,010338929,1,3,0,14,14,5,1,0,0,1,0,4,0,0,4,1,1,1,1,24,5,108,1,3,HONDA NSC,4,E01016448,0,-1
2021010346293,2021,010346293,1,3,0,18,19,3,7,0,0,2,0,0,0,0,4,1,2,2,1,17,4,108,1,1,HONDA NSC,1,E01002082,0,-1
2021010312251,2021,010312251,1,3,0,99,99,9,9,99,99,9,9,99,9,99,9,1,2,2,2,23,5,108,1,4,HONDA NSC,5,E01003067,0,-1
2021010310564,2021,010310564,1,2,0,18,19,5,1,0,0,8,0,0,1,0,1,1,6,6,2,39,7,108,1,9,HONDA NSC,6,E01001064,0,-1
2021010296601,2021,010296601,1,3,0,18,19,1,5,0,0,0,0,0,0,0,3,1,6,6,1,21,5,108,1,4,HONDA NSC,8,E01021574,0,-1
2021010322812,2021,010322812,2,3,0,6,6,5,5,0,0,8,5,0,0,0,1,1,1,1,2,18,4,110,1,0,HONDA NSC,4,E01000171,0,-1
2021010288260,2021,010288260,1,3,0,18,19,7,3,0,0,8,0,0,0,0,4,1,1,1,1,26,6,108,1,2,HONDA NSC,2,E01000544,0,-1
2021010321639,2021,010321639,1,3,0,18,19,1,5,0,0,1,0,0,0,0,1,1,6,6,1,32,6,108,1,4,HONDA NSC,5,E01001914,0,-1
2021010343010,2021,010343010,1,3,0,99,99,9,9,99,99,9,9,99,9,99,1,1,1,1,1,19,4,108,1,2,HONDA NSC,2,E01003128,0,-1
2021010331396,2021,010331396,2,3,0,18,19,1,5,0,0,0,0,0,0,0,2,1,6,6,1,19,4,108,1,5,HONDA NSC,2,E01003290,0,-1
2021010295985,2021,010295985,1,3,0,18,19,1,5,0,0,2,0,0,0,0,1,1,1,1,1,22,5,108,1,5,HONDA NSC,5,E01000593,0,-1
2021010296854,2021,010296854,1,3,0,99,99,9,9,99,99,9,9,99,9,99,1,1,6,6,1,39,7,108,1,8,HONDA NSC,4,E01002088,0,-1
2021010314634,2021,010314634,2,3,0,99,99,9,9,99,99,9,9,99,9,99,1,1,6,6,3,-1,-1,108,1,9,HONDA NSC,-1,-1,0,-1
2021010323368,2021,010323368,2,2,4,99,99,9,9,99,99,9,9,99,9,99,1,1,6,6,3,-1,-1,49,1,8,HONDA NSC,5,E01021518,0,-1
2021010320904,2021,010320904,2,3,0,18,19,1,5,0,0,8,0,0,0,0,4,1,1,1,1,22,5,108,1,3,HONDA NSC,5,E01003435,0,-1
2021010314071,2021,010314071,1,3,0,17,19,3,7,0,0,1,0,0,0,0,1,1,1,1,1,25,5,108,1,3,HONDA NSC,3,E01000740,0,-1
2021010294281,2021,010294281,2,3,0,18,19,3,7,0,0,8,0,0,0,0,1,1,1,1,1,21,5,108,1,3,HONDA NSC,5,E01004560,0,-1
2021010299862,2021,010299862,1,3,0,99,99,9,9,99,99,0,9,99,9,99,1,1,6,6,1,26,6,108,1,9,HONDA NSC,4,E01004016,0,-1
2021010343986,2021,010343986,2,3,0,4,4,1,5,0,0,1,0,0,0,0,1,1,6,6,2,39,7,108,1,4,HONDA NSC,2,E01001560,0,-1
2021010325569,2021,010325569,1,3,0,18,19,8,4,0,0,8,0,0,0,0,1,1,6,6,1,25,5,108,1,8,HONDA NSC,4,E01000799,0,-1
2021010345616,2021,010345616,1,3,0,99,99,9,9,99,99,9,9,99,9,99,1,1,6,6,1,42,7,108,1,4,HONDA NSC,5,E01003345,0,-1
2021010312420,2021,010312420,1,3,0,99,99,9,9,99,99,9,9,99,9,99,1,1,6,6,1,26,6,108,1,8,HONDA NSC,4,E01003441,0,-1
2021010342556,2021,010342556,2,3,0,99,99,9,9,99,99,9,9,99,9,99,9,1,6,6,3,-1,-1,110,1,0,HONDA NSC,-1,-1,0,-1
2021010332842,2021,010332842,1,3,0,18,19,1,5,0,0,1,0,0,0,0,1,1,1,1,1,32,6,108,1,2,HONDA NSC,2,E01001754,0,-1
2021010294577,2021,010294577,2,3,0,99,99,9,9,0,0,8,0,0,0,0,1,9,6,6,3,-1,-1,108,1,3,HONDA NSC,-1,-1,0,-1
2021010333361,2021,010333361,2,3,0,18,19,1,5,0,0,8,0,0,0,0,4,1,1,1,1,31,6,108,1,4,HONDA NSC,6,E01003393,0,-1
2021010288441,2021,010288441,1,3,0,99,99,9,9,99,99,9,9,99,9,99,9,1,6,6,1,47,8,108,1,4,HONDA NSC,6,E01002555,0,-1
2021010292259,2021,010292259,2,3,0,18,19,1,5,0,0,1,0,0,0,0,1,1,1,1,1,44,7,108,1,4,HONDA NSC,5,E01001294,0,-1
2021010295761,2021,010295761,1,3,0,99,99,9,9,99,99,9,9,99,9,99,1,1,6,6,1,26,6,108,1,6,HONDA NSC,3,E01002044,0,-1
2021010344239,2021,010344239,1,3,0,99,99,9,9,99,99,9,9,99,9,99,1,1,1,1,1,21,5,108,1,2,HONDA NSC,3,E01003295,0,-1
2021010327151,2021,010327151,1,3,0,99,99,9,9,0,0,8,0,0,0,0,4,1,6,6,1,20,4,108,1,1,HONDA NSC,2,E01003239,0,-1
2021010310789,2021,010310789,2,2,0,18,19,4,8,0,0,2,0,0,0,0,1,1,1,1,1,27,6,108,1,2,HONDA NSC,2,E01001367,0,-1
2021440308713,2021,440308713,1,2,0,17,19,1,1,0,0,4,0,0,0,0,4,1,1,1,1,43,7,108,1,3,HONDA NSC,8,E01023132,0,-1
2021010314797,2021,010314797,1,3,0,17,19,5,1,0,0,1,0,0,0,0,4,1,1,1,1,25,5,108,1,1,HONDA NSC,3,E01002429,0,-1
2021010310869,2021,010310869,2,3,0,13,13,1,5,0,0,1,0,0,0,0,1,1,1,1,1,25,5,108,1,1,HONDA NSC,6,E01000250,0,-1
2021010321833,2021,010321833,2,2,0,13,13,5,1,0,0,8,0,0,0,0,3,1,1,1,1,18,4,108,1,4,HONDA NSC,5,E01003247,0,-1
2021010347900,2021,010347900,2,3,0,18,19,3,7,0,0,1,0,0,0,0,1,1,2,2,1,38,7,108,1,2,HONDA NSC,2,E01003191,0,-1
2021010289732,2021,010289732,2,3,0,16,19,4,8,0,0,8,0,0,0,0,0,1,6,6,2,32,6,108,1,5,HONDA NSC,3,E01002393,0,-1
2021010343559,2021,010343559,1,3,0,18,19,5,1,0,0,0,5,0,0,0,1,1,1,1,1,27,6,108,1,3,HONDA NSC,2,E01003509,0,-1
2021010300023,2021,010300023,2,3,0,4,4,5,1,0,0,1,0,0,0,0,4,1,6,6,1,34,6,108,1,4,HONDA NSC,5,E01004601,0,-1
2021161096787,2021,161096787,1,2,0,7,7,7,1,9,9,0,0,0,0,0,3,1,5,6,2,52,8,49,1,8,HONDA NSC,4,E01013320,0,-1
2021461073829,2021,461073829,2,3,0,18,19,7,3,0,0,0,0,0,0,0,1,1,6,6,1,20,4,108,1,1,HONDA NSC,4,E01024029,0,-1
2021010351739,2021,010351739,1,3,0,9,9,7,4,0,0,8,0,0,0,0,1,1,2,2,1,25,5,108,1,3,HONDA NSC,3,E01001338,0,-1
2021501039691,2021,501039691,2,3,0,17,19,3,7,0,0,1,0,0,0,0,1,1,1,1,1,17,4,108,1,2,HONDA NSC,5,E01015091,0,-1
2021010350939,2021,010350939,1,3,0,5,5,0,7,0,0,0,0,0,0,0,3,1,1,1,1,23,5,108,1,3,HONDA NSC,6,E01000623,0,-1
2021010295560,2021,010295560,2,3,0,8,8,1,3,0,0,5,0,0,0,0,2,1,1,1,1,24,5,108,1,4,HONDA NSC,3,E01001749,0,-1
2021010304356,2021,010304356,1,3,0,99,99,9,9,99,99,0,9,99,9,99,9,1,6,6,1,32,6,108,1,2,HONDA NSC,4,E01004414,0,-1
2021010306819,2021,010306819,2,3,0,15,15,1,5,2,2,8,0,0,0,0,4,1,2,2,2,25,5,108,1,3,HONDA NSC,4,E01000617,0,-1
2021010336253,2021,010336253,1,3,0,18,19,5,1,9,9,3,0,0,0,0,0,1,1,1,1,19,4,108,1,2,HONDA NSC,3,E01001327,0,-1
2021010338954,2021,010338954,1,3,0,9,9,7,5,0,0,1,0,0,0,0,1,1,1,1,1,19,4,108,1,1,HONDA NSC,6,E01004626,0,-1
2021010291570,2021,010291570,2,3,0,13,13,1,5,0,0,8,0,0,7,0,4,1,6,6,1,57,9,108,1,8,HONDA NSC,5,E01004346,0,-1
2021010330639,2021,010330639,2,3,0,18,19,5,1,0,0,1,0,0,0,0,1,1,2,2,1,43,7,108,1,3,HONDA NSC,2,E01003290,0,-1
2021010331846,2021,010331846,1,3,0,13,13,1,5,0,0,1,0,10,0,0,1,1,1,1,1,19,4,108,1,3,HONDA NSC,3,E01003182,0,-1
2021010306475,2021,010306475,1,3,0,13,13,6,2,0,0,8,0,0,0,0,1,1,1,1,1,25,5,108,1,5,HONDA NSC,3,E01002560,0,-1
2021501130147,2021,501130147,1,3,0,11,11,6,2,0,0,3,0,0,0,0,1,1,5,6,1,28,6,108,1,6,HONDA NSC,1,E01015048,0,-1
2021010305553,2021,010305553,1,3,0,99,99,9,9,99,99,9,9,99,9,99,9,1,6,6,1,36,7,108,1,1,HONDA NSC,3,E01002548,0,-1
2021010320132,2021,010320132,1,3,0,99,99,9,9,0,0,9,9,0,0,0,9,1,1,1,1,25,5,108,1,5,HONDA NSC,5,E01003340,0,-1
2021010310983,2021,010310983,2,3,0,99,99,9,9,99,99,0,9,99,9,99,9,1,6,6,3,42,7,108,1,5,HONDA NSC,3,E01004630,0,-1
2021010295662,2021,010295662,1,3,0,99,99,9,9,99,99,9,9,99,9,99,9,1,6,6,1,57,9,108,1,3,HONDA NSC,4,E01003029,0,-1
2021010295729,2021,010295729,1,3,0,18,19,3,7,99,99,9,9,99,9,99,9,1,6,6,1,21,5,108,1,5,HONDA NSC,7,E01002986,0,-1
2021481048783,2021,481048783,2,3,0,18,19,5,1,0,0,1,0,0,0,0,3,1,1,1,1,40,7,108,1,8,HONDA NSC,2,E01003490,0,-1
2021010297383,2021,010297383,3,3,0,3,3,3,7,0,0,1,0,0,0,0,0,1,6,6,1,21,5,108,1,5,HONDA NSC,7,E01004597,0,-1
2021010349612,2021,010349612,1,2,0,99,99,9,9,99,99,9,9,99,9,99,9,1,1,1,1,21,5,108,1,1,HONDA NSC,4,E01001645,0,-1
2021010303569,2021,010303569,1,3,0,18,19,3,7,0,0,0,1,0,0,0,1,1,1,1,1,41,7,108,1,6,HONDA NSC,3,E01000032,0,-1
2021010295264,2021,010295264,1,2,0,3,3,4,8,0,0,8,0,0,0,0,2,1,6,6,1,38,7,108,1,3,HONDA NSC,3,E01002084,0,-1
2021010325467,2021,010325467,1,3,0,99,99,9,9,99,99,9,9,99,9,99,9,1,6,6,1,24,5,108,1,2,HONDA NSC,3,E01003916,0,-1
2021010309554,2021,010309554,2,3,0,18,19,3,7,0,0,1,0,0,0,0,1,1,6,6,1,24,5,108,1,5,HONDA NSC,5,E01001644,0,-1
2021010309648,2021,010309648,1,3,0,99,99,9,9,99,99,9,9,99,9,99,9,1,6,6,2,39,7,108,1,3,HONDA NSC,4,E01002576,0,-1
2021010339767,2021,010339767,2,3,0,15,15,1,5,2,2,8,1,0,0,0,1,1,1,1,1,21,5,108,1,4,HONDA NSC,2,E01000863,0,-1
2021010347810,2021,010347810,1,3,0,3,3,5,1,0,0,1,0,0,0,0,0,1,6,6,1,43,7,108,1,2,HONDA NSC,8,E01004587,0,-1
2021010325530,2021,010325530,1,3,0,18,19,1,5,9,9,0,0,10,0,0,3,1,1,1,1,26,6,108,1,4,HONDA NSC,2,E01003502,0,-1
2021430088425,2021,430088425,1,3,0,18,19,4,8,2,2,8,0,0,0,0,2,1,2,2,2,26,6,108,1,8,HONDA NSC,4,E01016359,0,-1
2021010345407,2021,010345407,2,3,0,18,19,7,3,0,0,0,0,0,0,0,4,1,1,1,1,26,6,110,1,0,HONDA NSC,1,E01000595,0,-1
2021010347875,2021,010347875,2,3,0,13,13,7,3,0,0,1,0,0,0,0,1,1,1,1,2,18,4,108,1,1,HONDA NSC,1,E01004244,0,-1
2021010329029,2021,010329029,1,3,0,18,19,1,5,0,0,3,1,0,0,0,4,1,1,1,1,33,6,108,1,2,HONDA NSC,-1,-1,0,-1
2021010340609,2021,010340609,2,3,0,11,11,7,3,0,0,2,0,0,0,0,1,1,1,1,1,20,4,108,1,3,HONDA NSC,3,E01002645,0,-1
2021010288038,2021,010288038,2,3,0,18,19,1,5,0,0,1,2,0,0,0,1,1,6,6,1,32,6,108,1,8,HONDA NSC,4,E01003412,0,-1
2021010296434,2021,010296434,1,3,9,99,99,9,9,99,99,9,9,99,9,99,9,1,6,6,1,25,5,108,1,8,HONDA NSC,4,E01000609,0,-1
2021010304657,2021,010304657,1,3,0,99,99,9,9,99,99,0,9,99,9,99,1,1,2,2,1,20,4,108,1,8,HONDA NSC,2,E01004238,0,-1
2021010347386,2021,010347386,1,3,0,99,99,9,9,99,99,9,9,99,9,99,1,1,2,2,2,30,6,108,1,6,HONDA NSC,2,E01001977,0,-1
2021302100087,2021,302100087,1,3,0,18,19,8,4,0,0,0,0,12,0,0,4,1,2,2,1,18,4,108,1,1,HONDA NSC,6,E01019774,0,-1
2021010306677,2021,010306677,1,3,0,18,19,5,1,2,2,0,0,0,0,0,3,1,6,6,1,41,7,108,1,4,HONDA NSC,4,E01004642,0,-1
2021010306868,2021,010306868,2,3,0,13,13,7,3,0,0,1,2,0,0,0,4,1,1,1,1,19,4,108,1,3,HONDA NSC,2,E01001114,0,-1
2021351022697,2021,351022697,2,3,0,18,19,1,5,-1,-1,0,0,0,1,0,2,1,1,1,1,59,9,108,1,3,HONDA NSC,7,E01032795,0,-1
2021010329427,2021,010329427,2,4,0,16,19,5,7,0,0,2,1,0,0,0,1,1,1,1,1,31,6,108,1,4,HONDA NSC,3,E01001629,0,-1
2021010309810,2021,010309810,2,3,0,18,19,7,3,0,0,8,1,0,0,0,1,1,2,2,1,26,6,108,1,8,HONDA NSC,2,E01001428,0,-1
2021010318067,2021,010318067,1,3,0,7,7,1,4,0,0,3,0,0,0,0,1,1,6,6,1,14,3,108,1,8,HONDA NSC,2,E01002031,0,-1
2021010334365,2021,010334365,1,3,0,18,19,5,1,0,0,1,1,0,0,0,1,1,2,2,1,20,4,108,1,6,HONDA NSC,2,E01032787,0,-1
2021361127388,2021,361127388,1,3,0,4,4,5,1,0,0,0,1,0,0,0,4,1,5,6,1,20,4,108,1,4,HONDA NSC,4,E01026733,0,-1
2021010333703,2021,010333703,2,3,0,18,19,1,5,0,0,1,0,0,0,0,1,1,1,1,1,27,6,110,1,0,HONDA NSC,6,E01002968,0,-1
2021320056099,2021,320056099,2,3,0,18,19,6,2,0,0,1,0,0,0,0,3,1,1,1,2,31,6,108,1,5,HONDA NSC,6,E01026213,0,-1
2021421100907,2021,421100907,1,3,0,18,19,7,3,0,0,2,0,0,0,0,1,1,6,6,1,18,4,108,1,1,HONDA NSC,4,E01015990,0,-1
2021010329181,2021,010329181,1,3,0,9,9,3,1,0,0,5,0,0,0,0,3,1,1,1,1,28,6,108,1,1,HONDA NSC,4,E01001087,0,-1