collision_index,collision_year,collision_ref_no,vehicle_reference,vehicle_type,towing_and_articulation,vehicle_manoeuvre_historic,vehicle_manoeuvre,vehicle_direction_from,vehicle_direction_to,vehicle_location_restricted_lane_historic,vehicle_location_restricted_lane,junction_location,skidding_and_overturning,hit_object_in_carriageway,vehicle_leaving_carriageway,hit_object_off_carriageway,first_point_of_impact,vehicle_left_hand_drive,journey_purpose_of_driver_historic,journey_purpose_of_driver,sex_of_driver,age_of_driver,age_band_of_driver,engine_capacity_cc,propulsion_code,age_of_vehicle,generic_make_model,driver_imd_decile,lsoa_of_driver,escooter_flag,driver_distance_banding
2021320519592,2021,320519592,2,3,0,18,19,3,7,0,0,1,2,0,0,0,3,1,2,2,1,26,6,108,1,4,HONDA NSC,4,E01026250,0,-1
2021010289772,2021,010289772,1,3,0,4,4,5,1,0,0,8,0,0,0,0,1,1,1,1,1,18,4,108,1,6,HONDA NSC,7,E01002653,0,-1
2021010305277,2021,010305277,1,3,0,13,13,5,1,0,0,2,2,0,0,0,1,1,1,1,1,19,4,108,1,5,HONDA NSC,3,E01004006,0,-1
2021351093005,2021,351093005,2,3,0,18,19,1,5,0,0,1,0,0,0,0,1,1,5,6,1,23,5,108,1,4,HONDA NSC,1,E01033112,0,-1
2021010290752,2021,010290752,2,3,0,18,19,3,7,0,0,1,0,0,0,0,0,1,6,6,1,31,6,108,1,10,HONDA NSC,-1,-1,0,-1
2021361087111,2021,361087111,1,3,0,18,19,5,1,0,0,0,2,0,0,0,1,1,1,1,1,23,5,108,1,2,HONDA NSC,4,E01026780,0,-1
2021010308593,2021,010308593,1,3,0,18,19,5,1,0,0,1,0,0,0,0,1,1,6,6,1,33,6,108,1,3,HONDA NSC,4,E01000497,0,-1
2021010307823,2021,010307823,1,3,9,99,99,9,9,99,99,9,9,99,9,99,9,9,6,6,1,19,4,108,1,9,HONDA NSC,3,E01003391,0,-1
2021010320639,2021,010320639,1,3,0,10,10,3,8,0,0,5,0,0,0,0,2,1,1,1,1,28,6,108,1,6,HONDA NSC,-1,-1,0,-1
2021010297105,2021,010297105,1,3,0,99,99,9,9,99,99,0,9,99,9,99,1,1,6,6,1,21,5,108,1,5,HONDA NSC,7,E01002986,0,-1
2021010302732,2021,010302732,1,3,0,18,19,1,5,0,0,0,0,0,0,0,0,1,6,6,1,25,5,108,1,5,HONDA NSC,6,E01000193,0,-1
2021010301915,2021,010301915,1,3,0,15,15,5,1,0,0,0,5,0,0,0,3,1,6,6,3,-1,-1,108,1,2,HONDA NSC,-1,-1,0,-1
2021010320874,2021,010320874,1,3,0,18,19,5,1,0,0,1,0,0,0,0,1,1,1,1,1,41,7,108,1,9,HONDA NSC,1,E01001431,0,-1
2021351021130,2021,351021130,2,4,0,18,19,2,6,0,0,8,5,0,0,0,3,1,1,1,1,27,6,108,1,1,HONDA NSC,4,E01015655,0,-1
2021010312222,2021,010312222,2,3,0,18,19,6,2,0,0,0,0,0,0,0,1,1,1,1,1,35,6,108,1,9,HONDA NSC,3,E01004573,0,-1
2021010312123,2021,010312123,2,3,0,18,19,5,1,0,0,0,0,0,0,0,1,1,1,1,2,18,4,108,1,5,HONDA NSC,1,E01003087,0,-1
2021440174096,2021,440174096,2,3,0,18,19,5,1,0,0,8,0,0,0,0,1,1,1,1,1,18,4,108,1,2,HONDA NSC,10,E01022790,0,-1
2021010309123,2021,010309123,2,3,0,9,9,7,5,0,0,1,0,0,0,0,1,1,6,6,1,31,6,108,1,4,HONDA NSC,2,E01004365,0,-1
2021010298262,2021,010298262,2,3,0,14,14,5,1,0,0,8,0,0,0,0,4,1,1,1,1,23,5,108,1,2,HONDA NSC,5,E01000824,0,-1
2021471022541,2021,471022541,2,3,0,18,19,6,2,0,0,0,5,0,0,0,2,1,6,6,1,34,6,108,1,7,HONDA NSC,2,E01016909,0,-1
2021010305237,2021,010305237,1,3,0,99,99,9,9,99,99,0,9,99,9,99,9,1,6,6,2,36,7,108,1,4,HONDA NSC,3,E01004037,0,-1
2021010339671,2021,010339671,2,3,0,99,99,9,9,99,99,9,9,99,9,99,1,9,6,6,3,-1,-1,125,1,5,-1,-1,-1,0,-1
2021010292615,2021,010292615,2,5,0,13,13,1,5,0,0,0,0,0,0,0,1,1,6,6,1,35,6,782,1,17,-1,4,E01003114,0,-1
2021111046099,2021,111046099,2,5,0,8,8,1,5,0,0,1,0,0,1,0,2,1,5,6,1,35,6,649,1,8,KAWASAKI KLE,1,E01008645,0,-1
2021440495605,2021,440495605,2,4,0,18,19,3,7,0,0,0,0,0,0,0,1,1,6,6,1,50,8,500,1,16,KAWASAKI KLE,10,E01022863,0,-1
202131D108121,2021,31D108121,1,4,0,18,19,8,4,0,0,1,1,0,0,0,1,1,6,6,1,35,6,649,1,8,KAWASAKI KLE,2,E01013858,0,-1
2021131053185,2021,131053185,1,4,0,18,19,3,7,0,0,1,0,0,0,0,1,1,1,1,1,43,7,649,1,7,KAWASAKI KLE,2,E01011223,0,-1
2021543437221,2021,543437221,3,4,0,18,19,7,3,0,0,0,5,0,0,0,1,1,6,6,1,79,11,649,1,6,KAWASAKI KLE,6,E01032027,0,-1
2021991060087,2021,991060087,2,5,0,14,14,6,2,0,0,1,1,4,7,0,1,1,5,6,1,38,7,649,1,14,KAWASAKI KLE,4,-1,0,-1
2021010303672,2021,010303672,1,5,0,18,19,1,5,0,0,2,0,0,0,0,1,1,2,2,1,56,9,649,1,6,KAWASAKI KLE,3,E01003352,0,-1
2021010340818,2021,010340818,1,5,0,99,99,9,9,99,99,9,9,99,9,99,2,1,6,6,1,26,6,649,1,4,KAWASAKI KLE,2,E01000902,0,-1
2021010337497,2021,010337497,2,5,9,99,99,9,9,99,99,9,9,99,9,99,9,1,6,6,1,22,5,649,1,14,KAWASAKI KLE,5,E01004548,0,-1
2021544381821,2021,544381821,2,5,0,4,4,8,5,0,0,1,0,0,0,0,3,1,6,6,1,78,11,649,1,6,KAWASAKI KLE,4,E01023033,0,-1
2021221051891,2021,221051891,1,5,0,16,19,4,6,0,0,2,1,0,7,0,3,1,5,6,1,41,7,649,1,10,KAWASAKI KLE,8,E01031181,0,-1
2021461086692,2021,461086692,1,5,0,4,4,7,3,0,0,1,5,0,0,0,1,1,6,6,1,74,10,296,1,2,KAWASAKI KLE,9,E01024376,0,-1
2021552101186,2021,552101186,2,2,0,18,19,3,7,0,0,8,0,0,0,0,1,1,2,2,1,32,6,649,1,9,KAWASAKI KLE,6,E01015331,0,-1
2021552101159,2021,552101159,1,5,0,18,19,1,6,0,0,8,0,0,0,0,1,1,2,2,1,27,6,649,1,4,KAWASAKI KLE,3,E01015308,0,-1
2021122101499,2021,122101499,1,4,0,9,9,3,7,0,0,3,1,0,0,0,4,1,6,6,2,23,5,649,1,5,KAWASAKI KLE,8,E01027750,0,-1
2021010341386,2021,010341386,1,5,0,18,19,5,1,0,0,8,0,0,0,0,1,1,2,2,1,58,9,649,1,12,KAWASAKI KLE,2,E01001982,0,-1
2021211043570,2021,211043570,2,3,0,18,19,6,2,0,0,0,0,0,0,0,1,1,6,6,1,19,4,124,1,10,-1,4,E01029729,0,-1
2021361019303,2021,361019303,2,3,0,18,19,8,3,0,0,1,2,0,0,0,1,1,5,6,1,28,6,124,1,14,-1,1,E01026809,0,-1
2021231030341,2021,231030341,1,9,0,18,19,8,4,0,0,0,5,0,1,0,4,1,5,6,1,31,6,2495,2,32,-1,6,E01031206,0,-1
2021451083762,2021,451083762,1,9,0,18,19,1,5,0,0,6,0,0,0,0,1,1,6,6,3,24,5,2494,2,33,-1,7,E01030943,0,-1
2021010341688,2021,010341688,1,3,0,4,4,3,7,0,0,0,2,0,0,0,1,1,2,2,1,31,6,125,1,1,LEXMOTO AURA,3,E01024280,0,-1
2021122100717,2021,122100717,1,3,0,9,9,7,3,0,0,8,0,0,0,0,1,1,6,6,1,26,6,125,1,1,LEXMOTO AURA,3,E01027625,0,-1
2021010346178,2021,010346178,2,3,0,18,19,3,7,0,0,0,0,0,0,0,4,1,6,6,1,41,7,125,1,1,LEXMOTO AURA,-1,-1,0,-1
2021451019628,2021,451019628,1,3,0,18,19,3,7,0,0,0,0,0,0,0,3,1,5,6,1,19,4,125,1,1,LEXMOTO AURA,4,E01003203,0,-1
2021501064435,2021,501064435,2,3,0,18,19,1,1,0,0,1,0,0,0,0,1,1,6,6,1,18,4,125,1,1,LEXMOTO AURA,5,E01015164,0,-1
2021201017905,2021,201017905,1,3,0,4,4,8,4,0,0,2,0,0,0,0,1,1,6,6,1,25,5,125,1,1,LEXMOTO AURA,1,E01009201,0,-1
2021501116036,2021,501116036,1,2,0,16,19,3,7,0,0,0,1,0,0,0,1,1,6,6,1,36,7,125,1,0,LEXMOTO AURA,4,E01020313,0,-1
2021010342644,2021,010342644,1,3,9,99,99,9,9,99,99,0,9,99,9,99,9,1,6,6,1,19,4,125,1,1,LEXMOTO AURA,4,E01003203,0,-1
2021201079741,2021,201079741,2,3,0,7,7,-1,-1,0,0,0,0,0,0,0,4,1,6,6,1,25,5,125,1,1,LEXMOTO AURA,1,E01009201,0,-1
2021991042244,2021,991042244,1,3,0,16,19,4,8,0,0,0,1,0,0,0,3,1,5,6,1,35,6,125,1,1,LEXMOTO AURA,9,-1,0,-1
2021010349132,2021,010349132,1,3,0,3,3,7,3,0,0,1,0,0,0,0,1,1,1,1,1,31,6,125,1,1,LEXMOTO AURA,3,E01004575,0,-1
2021010319105,2021,010319105,1,3,0,5,5,1,5,0,0,1,5,0,0,0,4,1,1,1,1,33,6,125,1,0,LEXMOTO AURA,6,E01002834,0,-1
2021010308195,2021,010308195,1,3,0,99,99,9,9,99,99,9,9,99,9,99,1,1,6,6,1,30,6,125,1,1,LEXMOTO AURA,2,E01003190,0,-1
2021552100007,2021,552100007,1,3,0,4,4,1,5,0,0,0,1,0,0,0,3,1,2,2,1,35,6,125,1,1,LEXMOTO AURA,3,E01015292,0,-1
2021010306225,2021,010306225,1,3,0,18,19,5,1,0,0,1,0,0,0,0,1,1,1,1,1,32,6,125,1,1,LEXMOTO AURA,9,E01002242,0,-1
2021010342559,2021,010342559,1,3,0,99,99,9,9,99,99,9,9,99,9,99,1,1,1,1,1,27,6,125,1,1,LEXMOTO AURA,4,E01001087,0,-1
2021010301919,2021,010301919,2,3,0,14,14,3,7,0,0,1,5,0,0,0,1,1,1,1,1,21,5,125,1,1,LEXMOTO AURA,-1,-1,0,-1
2021451071328,2021,451071328,2,3,0,18,19,4,8,0,0,1,2,0,0,0,4,1,2,2,1,18,4,125,1,1,LEXMOTO AURA,10,E01030780,0,-1
2021010330916,2021,010330916,2,3,0,8,8,1,3,0,0,1,0,0,0,0,4,1,2,2,1,53,8,125,1,0,LEXMOTO AURA,4,E01004128,0,-1
2021451098120,2021,451098120,1,3,0,18,19,4,8,0,0,1,0,0,0,0,4,1,1,1,1,27,6,125,1,0,LEXMOTO AURA,8,E01030449,0,-1
2021430558340,2021,430558340,1,3,0,18,19,3,7,0,0,0,0,0,0,0,4,1,6,6,1,32,6,125,1,0,LEXMOTO AURA,8,E01017836,0,-1
2021010308191,2021,010308191,1,3,0,99,99,9,9,99,99,0,9,99,9,99,2,1,6,6,1,30,6,125,1,1,LEXMOTO AURA,2,E01003190,0,-1
2021552100796,2021,552100796,1,4,0,13,13,3,7,0,0,8,0,0,0,0,4,1,2,2,1,47,8,125,1,1,LEXMOTO AURA,6,E01020561,0,-1
2021451041363,2021,451041363,2,2,0,15,15,7,3,0,0,4,2,0,0,0,1,1,6,6,1,16,4,50,1,21,-1,4,E01030503,0,-1
2021010347279,2021,010347279,1,11,0,18,19,3,7,0,0,2,0,0,0,0,0,1,6,6,1,50,8,-1,3,0,-1,2,E01001961,0,-1
2021010322730,2021,010322730,1,11,0,14,14,5,1,0,0,0,0,0,0,0,4,1,1,1,1,36,7,-1,3,0,-1,3,E01003438,0,-1
2021010325492,2021,010325492,1,11,0,9,9,3,1,0,0,8,0,0,0,0,3,1,1,1,1,42,7,-1,3,0,-1,7,E01000237,0,-1
2021122101220,2021,122101220,2,11,0,18,19,7,3,0,0,1,0,0,0,0,1,1,6,6,1,-1,-1,-1,3,1,-1,-1,-1,0,-1
2021010330986,2021,010330986,1,11,0,4,4,5,1,2,2,1,0,0,0,0,0,1,1,1,1,64,9,-1,3,0,-1,4,E01004531,0,-1
2021122101166,2021,122101166,3,11,0,18,19,3,7,0,0,0,0,0,0,0,3,1,1,1,1,46,8,-1,3,1,-1,9,E01013397,0,-1
2021010320836,2021,010320836,2,11,0,3,3,7,3,0,0,0,0,0,0,0,3,1,1,1,1,64,9,-1,3,0,-1,3,E01000918,0,-1
2021010350022,2021,010350022,1,11,0,9,9,5,3,0,0,8,0,0,0,0,4,1,1,1,1,53,8,-1,3,0,-1,3,E01002620,0,-1
2021411120440,2021,411120440,1,11,0,5,5,5,1,0,0,5,0,0,0,0,0,1,1,1,1,55,8,-1,3,2,-1,3,E01001548,0,-1
2021991031329,2021,991031329,1,19,0,7,7,7,1,0,0,1,0,0,0,0,1,1,1,1,1,65,9,1598,2,4,RENAULT TRAFIC,-1,-1,0,-1
2021610059321,2021,610059321,2,19,0,18,19,8,4,0,0,3,0,0,0,0,1,1,1,1,1,59,9,1995,2,7,RENAULT TRAFIC,7,W01001399,0,-1
2021440305920,2021,440305920,1,8,0,9,9,1,5,0,0,6,0,0,0,0,1,1,1,1,1,50,8,1598,2,5,RENAULT TRAFIC,5,E01017113,0,-1
2021991026945,2021,991026945,2,19,0,18,19,1,5,0,0,0,0,0,0,0,1,1,1,1,1,58,9,1997,2,1,RENAULT TRAFIC,10,-1,0,-1
2021430552128,2021,430552128,1,19,0,17,19,5,2,0,0,0,0,0,0,0,1,1,1,1,1,55,8,1598,2,4,RENAULT TRAFIC,2,E01002506,0,-1
202131C044421,2021,31C044421,2,8,0,18,19,4,8,0,0,1,0,0,0,0,1,1,1,1,1,35,6,1995,2,12,RENAULT TRAFIC,7,E01028417,0,-1
2021221054089,2021,221054089,1,19,0,6,6,7,7,0,0,6,0,0,0,0,3,1,5,6,1,43,7,1598,2,5,RENAULT TRAFIC,1,E01028957,0,-1
2021471051553,2021,471051553,1,19,0,9,9,7,5,0,0,6,0,0,0,0,3,1,1,1,1,53,8,1870,2,15,RENAULT TRAFIC,3,E01017105,0,-1
2021991067782,2021,991067782,1,19,0,9,9,4,2,0,0,8,0,0,0,0,4,1,1,1,1,36,7,1997,2,1,RENAULT TRAFIC,5,-1,0,-1
2021471055558,2021,471055558,1,19,0,3,3,1,5,0,0,0,0,0,0,0,3,1,6,6,1,59,9,1598,2,5,RENAULT TRAFIC,9,E01031395,0,-1
2021010313446,2021,010313446,2,19,0,12,12,3,7,0,0,1,0,0,0,0,3,1,2,2,1,43,7,1997,2,1,RENAULT TRAFIC,2,E01003189,0,-1
2021991037962,2021,991037962,3,19,0,2,2,0,0,0,0,0,0,4,0,0,2,1,6,6,3,-1,-1,1598,2,4,RENAULT TRAFIC,-1,-1,0,-1
2021010329008,2021,010329008,2,19,0,18,19,5,1,0,0,8,0,0,0,0,1,1,1,1,1,30,6,1598,2,2,RENAULT TRAFIC,5,E01000264,0,-1
2021010321210,2021,010321210,3,19,9,99,99,9,9,99,99,9,9,99,9,99,9,9,6,6,1,35,6,1997,2,1,RENAULT TRAFIC,-1,-1,0,-1
2021221087051,2021,221087051,1,19,0,18,19,2,6,0,0,8,1,0,0,0,1,1,6,6,1,34,6,1598,2,5,RENAULT TRAFIC,-1,-1,0,-1
2021122100507,2021,122100507,1,8,0,18,19,4,8,0,0,0,0,4,0,0,1,1,1,1,1,72,10,1598,2,5,RENAULT TRAFIC,6,E01027871,0,-1
2021010322825,2021,010322825,1,19,0,18,19,6,2,0,0,6,0,0,0,0,4,1,6,6,1,33,6,1997,2,0,RENAULT TRAFIC,6,E01024245,0,-1
2021991037962,2021,991037962,2,19,0,2,2,0,0,0,0,0,0,4,0,0,3,1,6,6,3,-1,-1,1996,2,9,RENAULT TRAFIC,-1,-1,0,-1
2021461089437,2021,461089437,3,19,0,18,19,5,1,0,0,0,0,0,0,0,2,1,5,6,1,54,8,1598,2,6,RENAULT TRAFIC,5,E01024537,0,-1
2021351031726,2021,351031726,1,10,0,18,19,7,7,0,0,0,1,0,7,4,1,1,6,6,1,41,7,-1,-1,-1,RENAULT TRAFIC,2,E01018068,0,-1
2021010309707,2021,010309707,1,19,0,17,19,5,1,0,0,1,0,11,7,11,1,1,1,1,1,58,9,1870,2,15,RENAULT TRAFIC,4,E01023333,0,-1
202106X079265,2021,06X079265,2,19,0,18,19,5,1,0,0,0,5,0,4,6,3,1,6,6,1,46,8,1598,2,3,RENAULT TRAFIC,1,E01005602,0,-1
2021991061108,2021,991061108,1,8,0,16,19,5,8,0,0,0,0,0,0,0,4,1,1,1,1,57,9,1598,2,3,RENAULT TRAFIC,4,-1,0,-1
2021010294270,2021,010294270,2,19,0,18,19,7,3,0,0,8,0,0,0,0,1,1,2,2,1,22,5,1996,2,10,RENAULT TRAFIC,6,E01017911,0,-1
202163A034421,2021,63A034421,2,19,0,18,19,4,8,0,0,0,0,0,0,0,1,1,6,6,2,63,9,1598,2,4,RENAULT TRAFIC,4,W01000703,0,-1
2021548138621,2021,548138621,1,19,0,5,5,1,5,0,0,6,0,0,0,0,3,1,6,6,1,30,6,1995,2,11,RENAULT TRAFIC,8,E01032071,0,-1
2021010348509,2021,010348509,1,19,0,18,19,3,7,0,0,8,0,0,3,10,3,1,1,1,1,23,5,1598,2,5,RENAULT TRAFIC,9,E01021947,0,-1
2021361046750,2021,361046750,1,19,0,18,19,7,8,0,0,1,1,0,0,0,1,1,2,2,1,34,6,1996,2,7,RENAULT TRAFIC,6,E01026616,0,-1
2021010341458,2021,010341458,1,19,0,18,19,7,3,0,0,1,0,0,0,0,1,1,1,1,1,35,6,1997,2,0,RENAULT TRAFIC,8,E01024185,0,-1
2021010297292,2021,010297292,2,19,0,99,99,9,9,99,99,0,9,99,9,99,2,9,6,6,3,-1,-1,1598,2,5,RENAULT TRAFIC,-1,-1,0,-1
2021010311588,2021,010311588,2,19,0,5,5,8,4,0,0,6,0,0,0,0,3,1,1,1,1,33,6,1598,2,4,RENAULT TRAFIC,3,E01002303,0,-1
2021201092837,2021,201092837,2,19,0,18,19,8,4,0,0,0,0,0,0,0,1,1,1,1,1,55,8,1598,2,4,RENAULT TRAFIC,5,E01010267,0,-1
2021041051076,2021,041051076,1,19,0,18,19,7,3,0,0,0,0,0,0,0,4,1,1,1,1,57,9,1598,2,5,RENAULT TRAFIC,4,E01025518,0,-1
2021461059482,2021,461059482,1,19,0,12,12,3,7,0,0,0,0,0,0,0,3,1,1,1,1,46,8,1598,2,5,RENAULT TRAFIC,6,E01006900,0,-1
2021010293212,2021,010293212,1,19,0,18,19,7,3,0,0,8,5,0,3,1,4,1,1,1,1,32,6,1598,2,4,RENAULT TRAFIC,5,E01004076,0,-1
2021481116682,2021,481116682,1,19,0,1,1,7,3,0,0,0,0,0,0,0,2,1,1,1,1,37,7,1598,2,2,RENAULT TRAFIC,2,E01000012,0,-1
2021471022779,2021,471022779,1,19,0,18,19,3,7,0,0,0,0,0,0,0,1,1,1,1,1,27,6,1598,2,5,RENAULT TRAFIC,2,E01022966,0,-1
2021471096981,2021,471096981,1,19,0,7,7,2,4,0,0,6,0,0,0,0,1,1,2,2,1,63,9,1598,2,7,RENAULT TRAFIC,5,E01021195,0,-1
2021010315239,2021,010315239,2,19,0,99,99,9,9,99,99,9,9,99,9,99,9,9,6,6,3,-1,-1,1995,2,13,RENAULT TRAFIC,-1,-1,0,-1
2021201094402,2021,201094402,1,19,0,4,4,6,2,0,0,6,0,0,0,0,1,1,6,6,1,41,7,1997,2,1,RENAULT TRAFIC,4,E01009139,0,-1
2021041033894,2021,041033894,2,19,0,2,2,0,0,0,0,1,0,4,0,0,2,1,6,6,3,-1,-1,1995,2,9,RENAULT TRAFIC,-1,-1,0,-1
202131B006521,2021,31B006521,2,19,0,12,12,1,5,0,0,0,0,0,0,0,2,1,1,1,1,34,6,1870,2,15,RENAULT TRAFIC,4,E01028294,0,-1
2021052100204,2021,052100204,1,19,0,6,6,8,8,0,0,0,0,0,0,0,1,1,1,1,1,55,8,1598,2,5,RENAULT TRAFIC,2,E01007054,0,-1
2021461055521,2021,461055521,1,20,0,18,19,7,3,0,0,0,0,0,0,0,4,1,6,6,1,33,6,-1,-1,-1,RENAULT TRAFIC,4,E01003333,0,-1
2021991115855,2021,991115855,1,19,0,9,9,1,6,0,0,8,0,0,0,0,1,1,1,1,1,80,11,1598,2,4,RENAULT TRAFIC,7,-1,0,-1
2021440500705,2021,440500705,2,19,0,3,3,6,2,0,0,8,0,0,0,0,1,1,1,1,1,36,7,1598,2,3,RENAULT TRAFIC,6,E01017204,0,-1
2021131115155,2021,131115155,2,19,0,4,4,3,7,0,0,0,0,0,0,0,2,1,1,1,1,43,7,1870,2,15,RENAULT TRAFIC,1,E01011662,0,-1
2021320579218,2021,320579218,3,19,0,2,2,0,0,0,0,0,0,0,0,0,2,1,6,6,3,-1,-1,1598,2,6,RENAULT TRAFIC,-1,-1,0,-1
2021041037080,2021,041037080,1,19,0,17,19,5,1,0,0,0,0,0,8,4,1,1,1,1,1,57,9,1996,2,8,RENAULT TRAFIC,10,E01006321,0,-1
2021010303762,2021,010303762,1,19,0,9,9,3,1,0,0,2,0,0,0,0,1,1,2,2,1,27,6,1598,2,3,RENAULT TRAFIC,10,E01000325,0,-1
2021471059869,2021,471059869,1,19,0,1,1,3,7,0,0,1,0,0,0,0,2,1,6,6,1,30,6,1598,2,5,RENAULT TRAFIC,4,E01031469,0,-1
2021141016218,2021,141016218,2,19,0,18,19,5,1,0,0,1,0,0,0,0,3,1,1,1,1,59,9,1598,2,2,RENAULT TRAFIC,3,E01033403,0,-1
2021548387221,2021,548387221,3,9,0,18,19,7,3,0,0,0,1,0,0,0,1,1,1,1,1,60,9,1997,2,1,RENAULT TRAFIC,6,E01018803,0,-1
2021201145451,2021,201145451,1,19,0,9,9,7,5,0,0,6,0,0,0,0,1,1,6,6,1,-1,-1,1995,2,14,RENAULT TRAFIC,-1,-1,0,-1
2021201091442,2021,201091442,3,19,0,2,2,0,0,0,0,8,0,0,0,0,4,1,6,6,3,-1,-1,1996,2,10,RENAULT TRAFIC,-1,-1,0,-1
2021061101692,2021,061101692,2,19,0,9,9,5,3,0,0,6,0,0,0,0,1,1,6,6,3,30,6,1598,2,6,RENAULT TRAFIC,-1,-1,0,-1
2021461018917,2021,461018917,3,19,0,18,19,3,7,0,0,0,0,0,0,0,2,1,2,2,1,38,7,1996,2,8,RENAULT TRAFIC,9,E01002384,0,-1
2021161030053,2021,161030053,1,20,0,9,9,8,6,0,0,1,0,0,0,0,2,1,1,1,1,50,8,-1,-1,-1,RENAULT TRAFIC,1,E01013279,0,-1
2021211156244,2021,211156244,3,19,0,18,19,2,5,0,0,0,0,0,0,0,3,1,6,6,1,52,8,1996,2,10,RENAULT TRAFIC,2,E01029390,0,-1
2021010328788,2021,010328788,1,19,0,18,19,7,3,0,0,1,0,0,0,0,1,1,1,1,1,52,8,1996,2,9,RENAULT TRAFIC,-1,-1,0,-1
2021010341361,2021,010341361,1,19,0,18,19,1,5,0,0,8,0,0,0,0,1,1,6,6,1,30,6,1598,2,2,RENAULT TRAFIC,1,E01022045,0,-1
2021131086108,2021,131086108,2,19,0,5,5,2,6,0,0,6,0,0,0,0,2,1,1,1,1,29,6,1598,2,2,RENAULT TRAFIC,1,E01011737,0,-1
2021010297016,2021,010297016,2,19,0,99,99,9,9,99,99,9,9,99,9,99,2,9,6,6,3,-1,-1,1995,2,8,RENAULT TRAFIC,-1,-1,0,-1
2021522201297,2021,522201297,1,19,0,18,19,3,7,0,0,8,0,0,0,0,1,1,6,6,1,40,7,1598,2,6,RENAULT TRAFIC,2,E01014568,0,-1
2021010302458,2021,010302458,2,19,0,99,99,9,9,99,99,0,9,99,9,99,2,9,6,6,3,57,9,1870,2,15,RENAULT TRAFIC,10,E01024725,0,-1
2021622100810,2021,622100810,1,19,0,1,1,2,6,0,0,1,0,0,0,0,2,1,1,1,1,57,9,1598,2,6,RENAULT TRAFIC,2,W01001067,0,-1
2021461037260,2021,461037260,3,19,0,18,19,5,1,0,0,0,0,0,0,0,3,1,1,1,1,47,8,1598,2,3,RENAULT TRAFIC,2,E01024081,0,-1
2021471085986,2021,471085986,3,19,0,3,3,7,3,0,0,0,0,0,0,0,0,1,6,6,1,50,8,1870,2,17,RENAULT TRAFIC,3,E01021126,0,-1
2021061050621,2021,061050621,1,19,0,16,19,2,2,0,0,1,1,0,0,0,1,1,6,6,1,38,7,1870,2,15,RENAULT TRAFIC,9,E01005049,0,-1
2021552101299,2021,552101299,2,19,0,18,19,7,3,0,0,0,0,0,0,0,2,1,1,1,1,35,6,1997,2,0,RENAULT TRAFIC,4,E01017270,0,-1
202163C077021,2021,63C077021,1,19,0,18,19,2,6,0,0,0,0,0,0,0,1,1,1,1,1,31,6,1997,2,1,RENAULT TRAFIC,-1,-1,0,-1
2021421054168,2021,421054168,1,19,0,9,9,2,8,0,0,0,0,0,0,0,4,1,1,1,1,34,6,1995,2,14,RENAULT TRAFIC,5,E01021880,0,-1
2021010301092,2021,010301092,1,10,0,7,7,3,6,4,4,1,0,0,0,0,4,1,6,6,1,48,8,-1,-1,-1,RENAULT TRAFIC,3,E01004425,0,-1
2021421098327,2021,421098327,2,19,0,-1,-1,1,5,0,0,0,0,11,0,0,1,1,1,1,1,47,8,1996,2,11,RENAULT TRAFIC,9,E01022099,0,-1
2021320526958,2021,320526958,2,19,0,18,19,8,4,0,0,1,0,0,0,0,1,1,6,6,3,40,7,1995,2,9,RENAULT TRAFIC,-1,-1,0,-1
202131D124621,2021,31D124621,3,19,0,18,19,2,6,0,0,0,0,0,0,0,1,1,1,1,1,28,6,1598,2,2,RENAULT TRAFIC,3,E01026012,0,-1
2021101069462,2021,101069462,2,19,0,17,19,3,1,0,0,0,0,0,1,0,1,1,1,1,1,60,9,1996,2,8,RENAULT TRAFIC,7,E01008518,0,-1
2021421045427,2021,421045427,2,19,0,18,19,4,1,0,0,0,0,0,0,0,1,1,5,6,1,57,9,1996,2,10,RENAULT TRAFIC,4,E01021815,0,-1
2021471096670,2021,471096670,1,19,0,1,1,5,1,0,0,0,0,0,0,0,2,1,1,1,1,51,8,1598,2,5,RENAULT TRAFIC,7,E01031351,0,-1
2021061049745,2021,061049745,1,19,0,9,9,1,6,0,0,8,0,0,0,0,4,1,6,6,1,42,7,1995,2,8,RENAULT TRAFIC,2,E01005967,0,-1
2021010288290,2021,010288290,2,19,0,18,19,3,7,0,0,1,0,0,0,0,1,1,6,6,1,53,8,1997,2,1,RENAULT TRAFIC,8,E01000453,0,-1
202134NNC3481,2021,34NNC3481,3,19,0,4,4,7,3,0,0,0,0,0,0,0,1,1,2,2,1,65,9,1995,2,11,RENAULT TRAFIC,5,E01026724,0,-1
2021201118172,2021,201118172,3,9,0,18,19,8,4,0,0,0,0,0,0,0,2,1,6,6,1,-1,-1,1598,2,3,RENAULT TRAFIC,1,E01033650,0,-1
2021221026706,2021,221026706,2,19,0,4,4,2,6,0,0,0,0,0,0,0,2,1,1,1,1,32,6,1996,2,7,RENAULT TRAFIC,4,E01014161,0,-1
2021501068427,2021,501068427,3,19,0,18,19,4,8,0,0,0,0,0,0,0,1,1,2,2,1,27,6,1995,2,12,RENAULT TRAFIC,8,E01018811,0,-1
2021302100184,2021,302100184,1,19,0,17,19,3,8,0,0,0,5,0,1,2,1,1,6,6,1,33,6,1996,2,11,RENAULT TRAFIC,2,E01033172,0,-1