collision_index,collision_year,collision_ref_no,vehicle_reference,vehicle_type,towing_and_articulation,vehicle_manoeuvre_historic,vehicle_manoeuvre,vehicle_direction_from,vehicle_direction_to,vehicle_location_restricted_lane_historic,vehicle_location_restricted_lane,junction_location,skidding_and_overturning,hit_object_in_carriageway,vehicle_leaving_carriageway,hit_object_off_carriageway,first_point_of_impact,vehicle_left_hand_drive,journey_purpose_of_driver_historic,journey_purpose_of_driver,sex_of_driver,age_of_driver,age_band_of_driver,engine_capacity_cc,propulsion_code,age_of_vehicle,generic_make_model,driver_imd_decile,lsoa_of_driver,escooter_flag,driver_distance_banding
2021010344365,2021,010344365,2,19,0,4,4,3,7,0,0,0,0,0,0,0,1,1,2,2,1,25,5,1598,2,4,RENAULT TRAFIC,9,E01031592,0,-1
2021201075779,2021,201075779,1,19,0,18,19,-1,-1,0,0,0,0,0,0,0,2,1,6,6,3,-1,-1,1870,2,15,RENAULT TRAFIC,-1,-1,0,-1
2021421102864,2021,421102864,1,19,0,5,5,5,1,9,9,1,1,0,3,0,1,1,6,6,3,-1,-1,1995,2,12,RENAULT TRAFIC,-1,-1,0,-1
2021302101277,2021,302101277,2,19,0,9,9,8,6,0,0,8,0,0,0,0,3,1,1,1,1,37,7,1996,2,8,RENAULT TRAFIC,2,E01028026,0,-1
2021622100081,2021,622100081,2,19,0,18,19,6,2,0,0,0,0,0,0,0,1,1,6,6,1,70,10,1996,2,10,RENAULT TRAFIC,1,W01000836,0,-1
2021010332271,2021,010332271,1,19,0,9,9,3,1,0,0,5,0,0,0,0,4,1,6,6,1,42,7,1996,2,9,RENAULT TRAFIC,2,E01001331,0,-1
2021501074197,2021,501074197,2,19,0,18,19,2,6,0,0,0,0,0,0,0,2,1,5,6,1,40,7,1598,2,5,RENAULT TRAFIC,5,E01015070,0,-1
2021471055181,2021,471055181,2,8,0,9,9,7,5,0,0,1,0,0,0,0,1,1,3,7,1,45,7,1995,2,9,RENAULT TRAFIC,5,E01032836,0,-1
2021371102906,2021,371102906,2,19,0,4,4,8,4,0,0,1,0,0,0,0,2,1,1,1,1,26,6,1598,2,5,RENAULT TRAFIC,8,E01015472,0,-1
2021461082618,2021,461082618,2,19,0,4,4,3,7,0,0,1,0,0,0,0,2,1,5,6,1,33,6,1995,2,7,RENAULT TRAFIC,7,E01016166,0,-1
2021010304967,2021,010304967,1,19,0,9,9,5,2,0,0,8,0,0,0,0,1,1,6,6,2,24,5,1997,2,1,RENAULT TRAFIC,6,E01002628,0,-1
2021421069192,2021,421069192,1,19,0,18,19,3,7,0,0,0,0,0,0,0,1,1,6,6,1,-1,-1,1995,2,8,RENAULT TRAFIC,-1,-1,0,-1
2021451095074,2021,451095074,2,19,0,4,4,1,5,0,0,0,1,0,0,0,3,1,6,6,1,25,5,1598,2,3,RENAULT TRAFIC,8,E01030565,0,-1
2021371115447,2021,371115447,1,19,0,18,19,5,1,0,0,0,0,0,0,0,4,1,1,1,1,54,8,1598,2,4,RENAULT TRAFIC,5,E01029874,0,-1
2021371075013,2021,371075013,1,19,0,18,19,1,5,0,0,1,0,0,0,0,1,1,1,1,1,24,5,1598,2,4,RENAULT TRAFIC,6,E01026876,0,-1
2021010289243,2021,010289243,2,19,9,99,99,9,9,99,99,9,9,99,9,99,9,9,6,6,3,-1,-1,1598,2,3,RENAULT TRAFIC,-1,-1,0,-1
2021461112963,2021,461112963,1,9,0,12,12,1,5,0,0,0,0,0,0,0,4,1,3,7,1,69,10,1598,2,4,RENAULT TRAFIC,4,E01024582,0,-1
2021461083339,2021,461083339,3,19,0,2,2,0,0,0,0,0,0,0,0,0,2,1,6,6,1,43,7,1995,2,11,RENAULT TRAFIC,2,E01024214,0,-1
2021991060919,2021,991060919,1,19,0,9,9,3,1,0,0,8,0,0,0,0,1,1,1,1,1,51,8,1598,2,5,RENAULT TRAFIC,6,-1,0,-1
2021010304892,2021,010304892,1,19,0,12,12,3,7,0,0,8,0,0,0,0,3,1,1,1,1,34,6,1995,2,7,RENAULT TRAFIC,5,E01001038,0,-1
2021122100634,2021,122100634,1,19,0,18,19,6,2,0,0,1,0,0,0,0,1,1,6,6,1,25,5,1870,2,16,RENAULT TRAFIC,9,E01027792,0,-1
2021421041849,2021,421041849,2,19,0,3,3,5,4,0,0,0,0,0,0,0,2,1,2,2,1,53,8,1995,2,14,RENAULT TRAFIC,2,E01015839,0,-1
202154C187721,2021,54C187721,2,19,0,18,19,3,7,0,0,1,0,0,0,0,2,1,2,2,1,51,8,1870,2,16,RENAULT TRAFIC,3,E01031963,0,-1
2021451094818,2021,451094818,2,19,0,18,19,5,1,0,0,0,0,0,0,0,2,1,1,1,1,34,6,1598,2,5,RENAULT TRAFIC,10,E01028801,0,-1
2021351072786,2021,351072786,1,19,0,5,5,3,7,0,0,1,0,0,0,0,1,1,6,6,1,-1,-1,1996,2,10,RENAULT TRAFIC,8,E01018224,0,-1
2021052101460,2021,052101460,2,10,0,18,19,5,1,0,0,1,0,0,0,0,1,1,1,1,1,28,6,-1,-1,-1,-1,2,E01006713,0,-1
2021041025345,2021,041025345,1,19,0,13,13,3,7,0,0,0,0,0,0,0,4,1,1,1,1,24,5,1995,2,14,RENAULT TRAFIC,4,E01025556,0,-1
2021351084262,2021,351084262,1,19,0,10,10,2,1,0,0,1,0,0,0,0,4,1,1,1,1,25,5,1870,2,16,RENAULT TRAFIC,1,E01015664,0,-1
2021221024916,2021,221024916,1,19,0,3,3,5,1,0,0,4,0,0,0,0,1,1,2,2,1,24,5,1995,2,8,RENAULT TRAFIC,8,E01014147,0,-1
2021010314613,2021,010314613,1,19,0,9,9,3,2,0,0,8,0,0,0,0,3,1,1,1,1,34,6,1995,2,12,RENAULT TRAFIC,2,E01001695,0,-1
2021544735921,2021,544735921,1,19,0,14,14,7,3,0,0,2,1,0,0,0,1,1,2,2,1,53,8,1995,2,11,RENAULT TRAFIC,9,E01031870,0,-1
2021991079255,2021,991079255,1,19,0,18,19,6,8,0,0,1,0,0,0,0,3,1,6,6,1,38,7,1598,2,5,RENAULT TRAFIC,2,-1,0,-1
202134WNC7231,2021,34WNC7231,3,19,0,18,19,1,5,0,0,0,0,0,0,0,1,1,1,1,2,23,5,1997,2,0,RENAULT TRAFIC,2,E01026992,0,-1
2021031017336,2021,031017336,2,19,0,18,19,3,7,0,0,0,0,0,0,0,1,1,2,2,1,44,7,1995,2,9,RENAULT TRAFIC,6,E01019131,0,-1
2021010324879,2021,010324879,2,19,0,99,99,9,9,99,99,9,9,99,9,99,9,9,6,6,3,-1,-1,1997,2,0,RENAULT TRAFIC,-1,-1,0,-1
2021061087419,2021,061087419,3,19,0,9,9,4,3,0,0,8,0,0,0,0,1,1,6,6,3,30,6,1598,2,2,RENAULT TRAFIC,-1,-1,0,-1
2021440396310,2021,440396310,2,19,0,18,19,6,2,0,0,4,0,0,0,0,1,1,1,1,1,25,5,1997,2,0,RENAULT TRAFIC,4,E01023202,0,-1
2021221108633,2021,221108633,3,19,3,4,4,8,4,0,0,0,0,0,0,0,1,1,2,2,1,21,5,1598,2,2,RENAULT TRAFIC,6,E01021380,0,-1
2021041016642,2021,041016642,4,19,0,18,19,1,5,0,0,0,0,11,0,0,3,2,5,6,1,63,9,1995,2,13,RENAULT TRAFIC,7,E01025585,0,-1
2021041023415,2021,041023415,2,19,0,2,2,0,0,0,0,0,0,0,0,0,2,1,6,6,3,-1,-1,-1,-1,-1,RENAULT TRAFIC,-1,-1,0,-1
2021361042553,2021,361042553,2,19,0,4,4,4,8,0,0,8,0,0,0,0,2,1,1,1,2,22,5,1598,2,2,RENAULT TRAFIC,6,E01026549,0,-1
2021052101216,2021,052101216,1,19,0,13,13,1,5,0,0,8,0,0,0,0,1,1,1,1,1,32,6,1598,2,6,RENAULT TRAFIC,2,E01006656,0,-1
2021481095610,2021,481095610,1,19,0,18,19,5,1,9,9,2,0,0,0,0,3,1,6,6,3,40,7,1598,2,4,RENAULT TRAFIC,-1,-1,0,-1
2021501125632,2021,501125632,1,19,0,7,7,7,1,0,0,4,0,0,0,0,1,1,5,6,1,30,6,1598,2,3,RENAULT TRAFIC,2,E01015044,0,-1
2021170S11611,2021,170S11611,2,19,0,7,7,4,6,0,0,1,0,0,0,0,4,1,6,6,1,36,7,1870,2,18,RENAULT TRAFIC,2,E01012274,0,-1
2021320740165,2021,320740165,1,19,0,9,9,4,2,0,0,6,0,0,0,0,3,1,6,6,2,55,8,1996,2,10,RENAULT TRAFIC,8,E01026229,0,-1
2021131074637,2021,131074637,3,19,0,4,4,5,1,0,0,0,0,0,0,0,1,1,1,1,1,22,5,1997,2,2,RENAULT TRAFIC,7,E01027616,0,-1
2021010318751,2021,010318751,3,19,0,2,2,0,0,0,0,1,0,0,0,0,2,1,6,6,3,-1,-1,1598,2,5,RENAULT TRAFIC,-1,-1,0,-1
2021010335500,2021,010335500,2,19,0,9,9,4,1,0,0,8,0,0,0,0,3,1,2,2,1,41,7,1598,2,7,RENAULT TRAFIC,3,E01002100,0,-1
2021501120786,2021,501120786,2,19,0,2,2,0,0,0,0,0,0,0,0,0,1,1,5,6,1,61,9,-1,-1,-1,RENAULT TRAFIC,6,E01020121,0,-1
2021061028173,2021,061028173,1,8,0,10,10,4,2,0,0,1,0,0,0,0,3,1,1,1,1,51,8,1995,2,9,RENAULT TRAFIC,4,E01006110,0,-1
2021122100487,2021,122100487,2,19,0,2,2,0,0,9,9,0,0,0,0,0,2,1,1,1,1,43,7,1598,2,5,RENAULT TRAFIC,4,E01027608,0,-1
2021010328599,2021,010328599,2,19,9,18,19,1,5,0,0,1,9,0,0,0,1,9,6,6,1,-1,-1,1997,2,2,RENAULT TRAFIC,5,E01003359,0,-1
2021401117084,2021,401117084,1,19,0,18,19,6,2,0,0,0,2,0,1,0,4,1,1,1,1,29,6,1996,2,10,RENAULT TRAFIC,7,E01017527,0,-1
2021552100526,2021,552100526,4,19,0,2,2,0,0,0,0,1,0,0,0,0,0,1,6,6,3,-1,-1,1870,2,16,RENAULT TRAFIC,-1,-1,0,-1
2021010338460,2021,010338460,3,19,0,4,4,1,5,0,0,3,0,0,0,0,1,1,1,1,1,53,8,1598,2,2,RENAULT TRAFIC,9,E01030425,0,-1
2021010302014,2021,010302014,1,19,0,6,6,1,1,0,0,0,0,0,7,0,3,1,1,1,1,52,8,1996,2,10,RENAULT TRAFIC,3,E01000947,0,-1
2021010328400,2021,010328400,3,19,0,4,4,1,5,0,0,1,0,0,0,0,2,1,1,1,1,52,8,1995,2,13,RENAULT TRAFIC,4,E01003353,0,-1
2021201143764,2021,201143764,1,9,0,18,19,2,6,0,0,8,0,0,0,0,1,1,6,6,3,-1,-1,1996,2,11,RENAULT TRAFIC,-1,-1,0,-1
202134WNC7231,2021,34WNC7231,1,19,0,18,19,1,5,0,0,0,0,0,0,0,1,1,1,1,1,32,6,1997,2,0,RENAULT TRAFIC,2,E01026992,0,-1
2021010347482,2021,010347482,2,19,0,99,99,9,9,99,99,0,9,99,9,99,2,9,6,6,1,-1,-1,1996,2,11,RENAULT TRAFIC,5,E01003084,0,-1
2021501087518,2021,501087518,2,19,0,17,19,5,1,0,0,0,1,0,0,0,1,1,5,6,2,52,8,1598,2,6,RENAULT TRAFIC,6,E01020145,0,-1
2021061097465,2021,061097465,1,19,0,18,19,5,1,5,5,0,0,0,0,0,4,1,6,6,3,30,6,1598,2,2,RENAULT TRAFIC,-1,-1,0,-1
2021041061471,2021,041061471,1,19,0,18,19,7,3,0,0,0,0,0,7,0,1,1,6,6,3,-1,-1,1870,2,17,RENAULT TRAFIC,-1,-1,0,-1
2021401015417,2021,401015417,2,19,0,2,2,0,0,0,0,0,0,0,0,0,2,1,6,6,1,26,6,1870,2,16,RENAULT TRAFIC,4,E01015810,0,-1
2021421052947,2021,421052947,1,19,0,7,7,3,6,0,0,7,0,0,0,0,1,1,2,2,2,60,9,1997,2,0,RENAULT TRAFIC,8,E01021389,0,-1
202134NNC2291,2021,34NNC2291,2,19,0,17,19,1,5,0,0,0,0,0,0,0,3,1,6,6,1,57,9,1995,2,8,RENAULT TRAFIC,8,E01027074,0,-1
2021122101284,2021,122101284,2,19,0,4,4,7,3,0,0,1,0,0,1,10,1,1,2,2,2,47,8,1598,2,5,RENAULT TRAFIC,4,E01027599,0,-1
2021991020939,2021,991020939,1,19,0,18,19,8,5,0,0,0,0,4,0,0,1,1,2,2,1,57,9,1598,2,6,RENAULT TRAFIC,3,-1,0,-1
2021991038262,2021,991038262,1,19,0,16,19,2,6,0,0,0,5,10,0,0,1,1,6,6,1,21,5,1870,2,17,RENAULT TRAFIC,9,-1,0,-1
2021031049148,2021,031049148,1,9,0,4,4,1,5,0,0,1,0,0,0,0,1,1,5,6,1,37,7,1598,2,3,RENAULT TRAFIC,7,E01025123,0,-1
2021010289497,2021,010289497,2,19,0,7,7,5,7,0,0,5,0,0,0,0,4,9,6,6,1,-1,-1,1598,2,5,RENAULT TRAFIC,8,E01004135,0,-1
2021411078200,2021,411078200,2,19,0,2,2,0,0,0,0,1,0,0,0,0,1,1,6,6,2,59,9,1870,2,16,RENAULT TRAFIC,8,E01022057,0,-1
2021471118111,2021,471118111,2,20,0,4,4,6,2,0,0,0,0,0,0,0,1,1,6,6,1,34,6,-1,-1,-1,RENAULT TRAFIC,7,E01031388,0,-1
2021302101359,2021,302101359,2,19,0,17,19,4,8,0,0,0,0,0,0,0,1,1,6,6,1,67,10,1598,2,5,RENAULT TRAFIC,6,E01019774,0,-1
2021622100718,2021,622100718,1,19,0,14,14,6,2,0,0,0,0,4,0,0,3,1,1,1,1,20,4,1598,2,5,RENAULT TRAFIC,10,W01001624,0,-1
2021411039231,2021,411039231,2,19,0,2,2,0,0,0,0,0,0,0,0,0,2,1,1,1,1,40,7,1870,2,15,RENAULT TRAFIC,10,E01017732,0,-1
202134WNC0561,2021,34WNC0561,1,19,0,18,19,7,3,0,0,0,0,0,0,0,1,1,6,6,2,33,6,1996,2,8,RENAULT TRAFIC,8,E01027183,0,-1
2021440496248,2021,440496248,1,19,0,18,19,8,4,0,0,0,0,0,0,0,1,1,6,6,1,43,7,1997,2,0,RENAULT TRAFIC,10,E01022888,0,-1
2021461043160,2021,461043160,1,19,0,7,7,2,4,0,0,2,0,0,0,0,1,1,2,2,1,52,8,1598,2,5,RENAULT TRAFIC,3,E01016043,0,-1
2021461048210,2021,461048210,1,19,0,18,19,4,8,0,0,0,0,0,0,0,3,1,6,6,1,-1,-1,1598,2,3,RENAULT TRAFIC,3,E01024696,0,-1
2021010325429,2021,010325429,2,9,0,4,4,5,1,0,0,0,0,0,0,0,2,1,1,1,1,36,7,1997,2,1,RENAULT TRAFIC,7,E01023569,0,-1
2021501016771,2021,501016771,3,19,0,18,19,1,5,0,0,0,0,0,1,0,1,1,2,2,1,42,7,1598,2,6,RENAULT TRAFIC,5,E01018756,0,-1
2021461022204,2021,461022204,2,19,0,18,19,7,3,0,0,0,0,0,0,0,1,1,1,1,1,23,5,1996,2,9,RENAULT TRAFIC,9,E01023999,0,-1
2021531098140,2021,531098140,2,19,0,18,19,1,5,0,0,8,0,0,0,0,1,1,6,6,1,35,6,1598,2,4,RENAULT TRAFIC,4,E01028809,0,-1
2021010330633,2021,010330633,1,19,0,5,5,1,5,2,2,6,0,4,0,0,1,1,6,6,1,41,7,1997,2,1,RENAULT TRAFIC,-1,-1,0,-1
2021351021953,2021,351021953,1,19,0,18,19,5,1,0,0,0,0,4,7,0,1,1,6,6,1,22,5,1598,2,6,RENAULT TRAFIC,7,E01018057,0,-1
2021440004225,2021,440004225,2,19,0,4,4,6,2,0,0,1,0,0,0,0,1,1,1,1,1,29,6,1598,2,4,RENAULT TRAFIC,3,E01022801,0,-1
2021501021214,2021,501021214,2,19,0,18,19,7,3,0,0,0,0,0,0,0,1,1,2,2,1,39,7,1997,2,1,RENAULT TRAFIC,3,E01020104,0,-1
2021131066995,2021,131066995,2,19,0,18,19,7,3,0,0,0,0,0,0,0,1,1,6,6,1,33,6,1870,2,17,RENAULT TRAFIC,3,E01007374,0,-1
202163B023921,2021,63B023921,1,19,0,18,19,6,2,0,0,0,0,0,1,4,1,1,6,6,1,39,7,1870,2,17,RENAULT TRAFIC,6,W01000540,0,-1
2021041016590,2021,041016590,2,19,0,18,19,3,7,0,0,2,0,0,0,0,3,1,2,2,1,52,8,1996,2,10,RENAULT TRAFIC,7,E01024962,0,-1
2021010340617,2021,010340617,1,19,0,1,1,5,1,6,6,0,0,0,0,0,2,1,1,1,1,52,8,1997,2,1,RENAULT TRAFIC,7,E01000657,0,-1
2021501048656,2021,501048656,1,19,0,18,19,1,5,0,0,1,0,0,0,0,1,1,6,6,1,26,6,1996,2,10,RENAULT TRAFIC,8,E01015230,0,-1
2021531024390,2021,531024390,1,19,0,2,2,1,5,0,0,0,0,0,0,0,3,1,6,6,1,48,8,1996,2,8,RENAULT TRAFIC,8,E01022140,0,-1
2021010348310,2021,010348310,1,10,0,18,19,2,6,0,0,0,1,0,0,0,1,1,1,1,2,55,8,-1,-1,-1,RENAULT TRAFIC,6,E01002523,0,-1
2021522105543,2021,522105543,2,19,0,18,19,3,7,0,0,0,0,0,0,0,2,1,6,6,1,34,6,1598,2,6,RENAULT TRAFIC,7,E01014838,0,-1
2021401062046,2021,401062046,2,19,0,18,19,4,8,0,0,0,0,0,0,0,1,1,6,6,1,41,7,1996,2,7,RENAULT TRAFIC,1,E01015729,0,-1
202163D089021,2021,63D089021,1,19,0,18,19,8,4,0,0,0,2,0,8,10,3,1,6,6,1,25,5,1870,2,17,RENAULT TRAFIC,7,W01000494,0,-1
2021061073519,2021,061073519,2,19,0,18,19,3,7,0,0,0,0,0,0,0,4,1,6,6,1,30,6,1598,2,5,RENAULT TRAFIC,1,E01005706,0,-1
2021430357416,2021,430357416,1,19,0,18,19,5,1,0,0,0,0,0,0,0,1,1,1,1,1,56,9,1598,2,3,RENAULT TRAFIC,9,E01016313,0,-1
2021141086406,2021,141086406,1,19,0,18,19,4,8,0,0,1,0,0,0,0,2,1,5,6,1,62,9,1598,2,2,RENAULT TRAFIC,5,E01013699,0,-1
2021201049632,2021,201049632,1,19,0,18,19,3,7,0,0,8,0,0,0,0,1,1,6,6,1,37,7,1598,2,6,RENAULT TRAFIC,7,E01029396,0,-1
2021041107177,2021,041107177,2,19,0,18,19,5,7,0,0,2,0,0,0,0,2,1,1,1,1,44,7,1598,2,6,RENAULT TRAFIC,-1,-1,0,-1
2021101031626,2021,101031626,1,8,0,1,1,3,7,9,9,0,0,0,0,0,2,1,1,1,1,71,10,1996,2,10,RENAULT TRAFIC,6,E01027488,0,-1
2021010315279,2021,010315279,1,19,0,4,4,3,7,0,0,0,0,4,0,0,1,1,6,6,1,31,6,1598,2,5,RENAULT TRAFIC,3,E01002251,0,-1
2021501086286,2021,501086286,2,19,0,18,19,7,3,0,0,1,0,0,0,0,4,1,5,6,1,32,6,1870,2,15,RENAULT TRAFIC,3,E01015093,0,-1
2021320576674,2021,320576674,1,19,0,18,19,4,2,0,0,0,1,0,1,4,1,1,6,6,1,37,7,1995,2,13,RENAULT TRAFIC,5,E01026367,0,-1
2021010290596,2021,010290596,2,19,0,99,99,9,9,99,99,0,9,99,9,99,9,9,6,6,1,31,6,1995,2,8,RENAULT TRAFIC,6,E01001598,0,-1
2021991119133,2021,991119133,1,19,0,18,19,3,7,0,0,0,0,0,0,0,1,1,2,2,1,30,6,1598,2,4,RENAULT TRAFIC,7,-1,0,-1
202131B017921,2021,31B017921,1,19,0,14,14,6,2,0,0,0,0,0,0,0,4,1,6,6,1,56,9,1997,2,0,RENAULT TRAFIC,8,E01028348,0,-1
2021061087418,2021,061087418,1,19,0,18,19,3,7,0,0,1,0,0,0,0,1,1,6,6,3,30,6,1996,2,10,RENAULT TRAFIC,2,E01005143,0,-1
2021221018754,2021,221018754,1,19,0,7,7,1,2,0,0,6,0,0,0,0,0,1,5,6,1,34,6,1997,2,1,RENAULT TRAFIC,1,E01032252,0,-1
2021010299101,2021,010299101,2,19,9,5,5,7,3,99,99,9,0,99,0,0,1,9,6,6,3,-1,-1,1598,2,3,RENAULT TRAFIC,-1,-1,0,-1
2021421100445,2021,421100445,1,19,0,13,13,5,1,0,0,0,0,0,0,0,3,1,2,2,1,45,7,1997,2,0,RENAULT TRAFIC,4,E01021698,0,-1
2021122100780,2021,122100780,2,19,0,13,13,5,1,0,0,8,0,0,0,0,1,1,1,1,1,35,6,1598,2,5,RENAULT TRAFIC,-1,-1,0,-1
2021111062473,2021,111062473,1,19,0,18,19,7,3,0,0,0,0,0,1,0,4,1,6,6,2,26,6,1598,2,2,RENAULT TRAFIC,1,E01020724,0,-1
2021010310901,2021,010310901,2,19,0,99,99,9,9,99,99,0,9,99,9,99,1,9,6,6,3,-1,-1,1995,2,9,RENAULT TRAFIC,3,E01001282,0,-1
2021211039300,2021,211039300,2,19,0,18,19,1,5,0,0,1,0,0,0,0,1,1,1,1,1,50,8,1870,2,18,RENAULT TRAFIC,9,E01029508,0,-1
2021471040976,2021,471040976,1,19,0,1,1,7,3,0,0,2,0,11,4,1,2,1,6,6,3,-1,-1,1870,2,17,RENAULT TRAFIC,-1,-1,0,-1
2021010320795,2021,010320795,2,19,0,18,19,1,5,0,0,1,0,0,0,0,9,9,6,6,1,-1,-1,1598,2,5,RENAULT TRAFIC,8,E01003710,0,-1
2021010303658,2021,010303658,2,19,0,7,7,5,6,0,0,5,0,0,0,0,4,1,1,1,1,31,6,1598,2,2,RENAULT TRAFIC,5,E01000243,0,-1
2021991081367,2021,991081367,2,19,0,18,19,8,5,0,0,0,0,0,0,0,2,1,2,2,1,48,8,1598,2,6,RENAULT TRAFIC,9,-1,0,-1
2021010322315,2021,010322315,1,19,0,4,4,1,5,5,5,0,0,0,0,0,0,1,1,1,1,47,8,1598,2,3,RENAULT TRAFIC,2,E01002053,0,-1
2021451089311,2021,451089311,2,19,0,18,19,5,1,0,0,1,0,0,0,0,3,1,2,2,1,31,6,1598,2,6,RENAULT TRAFIC,7,E01011309,0,-1
2021991126633,2021,991126633,2,19,0,17,19,1,6,0,0,0,0,0,4,0,1,1,1,1,1,37,7,1598,2,3,RENAULT TRAFIC,3,-1,0,-1
2021010298064,2021,010298064,1,19,0,1,1,6,2,0,0,1,0,11,0,0,2,1,1,1,1,37,7,1995,2,8,RENAULT TRAFIC,5,E01003941,0,-1
2021451017996,2021,451017996,1,19,0,18,19,1,5,0,0,8,0,0,0,0,1,1,1,1,1,29,6,1598,2,6,RENAULT TRAFIC,3,E01002532,0,-1
2021501119084,2021,501119084,1,19,0,18,19,7,3,0,0,0,5,10,1,11,4,1,1,1,1,63,9,1598,2,4,RENAULT TRAFIC,4,E01018784,0,-1
2021461068775,2021,461068775,1,19,0,4,4,7,3,0,0,1,0,0,0,0,1,1,6,6,1,-1,-1,1598,2,6,RENAULT TRAFIC,-1,-1,0,-1
2021131050178,2021,131050178,1,19,0,18,19,6,2,0,0,0,5,0,0,0,1,1,1,1,1,36,7,1995,2,13,RENAULT TRAFIC,5,E01033016,0,-1
2021991052794,2021,991052794,1,19,0,18,19,7,3,0,0,1,0,0,0,0,1,1,1,1,1,42,7,1598,2,2,RENAULT TRAFIC,3,-1,0,-1
2021440160408,2021,440160408,2,19,0,18,19,1,5,0,0,0,0,0,0,0,1,1,2,2,1,58,9,1995,2,14,RENAULT TRAFIC,5,E01017369,0,-1
2021421015906,2021,421015906,2,19,0,18,19,3,7,0,0,0,1,0,2,0,4,1,1,1,1,23,5,1598,2,2,RENAULT TRAFIC,8,E01021521,0,-1
2021622100276,2021,622100276,2,19,0,2,2,0,0,0,0,1,0,0,0,0,3,1,6,6,1,33,6,1598,2,6,RENAULT TRAFIC,1,W01001326,0,-1
2021010331489,2021,010331489,1,19,0,18,19,6,2,0,0,8,0,0,0,0,1,1,1,1,1,50,8,1598,2,6,RENAULT TRAFIC,3,E01024307,0,-1
2021161071426,2021,161071426,1,19,0,9,9,2,2,0,0,1,0,0,0,0,3,1,1,1,1,57,9,1997,2,1,RENAULT TRAFIC,6,E01012818,0,-1
2021471029598,2021,471029598,2,19,0,18,19,7,2,0,0,8,0,0,0,0,1,1,6,6,1,43,7,1870,2,16,RENAULT TRAFIC,7,E01020938,0,-1
2021430573984,2021,430573984,1,19,0,1,1,4,8,6,6,0,0,0,0,0,2,1,6,6,1,48,8,1995,2,12,RENAULT TRAFIC,10,E01028669,0,-1
2021401131015,2021,401131015,1,19,0,4,4,5,1,0,0,6,0,0,0,0,1,1,1,1,1,20,4,1598,2,4,RENAULT TRAFIC,9,E01017422,0,-1
2021061069559,2021,061069559,3,8,0,18,19,7,3,0,0,8,0,0,0,0,1,1,1,1,1,51,8,1598,2,3,RENAULT TRAFIC,1,E01005386,0,-1
2021461109121,2021,461109121,2,19,0,4,4,7,3,0,0,0,0,0,0,0,2,1,5,6,1,46,8,1996,2,11,RENAULT TRAFIC,3,E01024608,0,-1
2021041049780,2021,041049780,1,2,0,18,19,3,7,0,0,8,0,0,0,0,1,1,5,6,1,16,4,50,1,1,-1,9,E01025596,0,-1
2021170M10491,2021,170M10491,1,9,0,18,19,8,4,0,0,0,0,0,0,0,1,1,6,6,2,30,6,1598,2,6,VOLKSWAGEN GOLF,-1,-1,0,-1
2021010296202,2021,010296202,2,9,0,99,99,9,9,99,99,0,9,99,9,99,2,9,6,6,3,29,6,1598,1,15,VOLKSWAGEN GOLF,7,E01001204,0,-1
2021041101879,2021,041101879,2,9,0,18,19,7,3,0,0,1,0,0,0,0,4,1,5,6,2,44,7,1968,2,9,VOLKSWAGEN GOLF,-1,-1,0,-1
2021010299164,2021,010299164,5,9,0,18,19,1,5,0,0,0,0,0,0,0,1,1,6,6,1,26,6,1984,1,8,VOLKSWAGEN GOLF,1,E01000596,0,-1
2021010322203,2021,010322203,1,9,0,99,99,9,9,99,99,9,9,99,9,99,2,9,6,6,2,25,5,1598,2,6,VOLKSWAGEN GOLF,2,E01003483,0,-1
2021010350806,2021,010350806,2,9,0,18,19,5,1,0,0,8,0,0,0,0,1,1,6,6,3,-1,-1,1984,1,2,VOLKSWAGEN GOLF,-1,-1,0,-1
2021010309666,2021,010309666,1,9,0,1,1,3,7,0,0,1,0,4,0,0,2,1,6,6,2,33,6,1984,1,7,VOLKSWAGEN GOLF,4,E01002600,0,-1
2021010317074,2021,010317074,1,9,0,99,99,9,9,99,99,9,9,99,9,99,9,9,6,6,1,20,4,1390,1,14,VOLKSWAGEN GOLF,5,E01003156,0,-1
2021010344910,2021,010344910,1,9,0,4,4,7,3,0,0,0,0,0,0,0,2,1,6,6,2,71,10,1498,1,3,VOLKSWAGEN GOLF,-1,-1,0,-1
2021201104508,2021,201104508,2,9,0,5,5,8,4,0,0,6,1,0,0,0,1,1,6,6,1,21,5,1390,1,10,VOLKSWAGEN GOLF,1,E01033637,0,-1
2021010312388,2021,010312388,2,9,0,99,99,9,9,99,99,9,9,99,9,99,9,9,6,6,3,-1,-1,1395,1,4,VOLKSWAGEN GOLF,10,E01023410,0,-1
2021501022173,2021,501022173,1,9,0,3,3,3,7,0,0,0,0,0,0,0,1,1,6,6,1,55,8,1896,2,17,VOLKSWAGEN GOLF,5,E01015062,0,-1
2021991024395,2021,991024395,2,9,0,4,4,2,6,0,0,0,0,0,0,0,2,1,5,6,1,40,7,1896,2,16,VOLKSWAGEN GOLF,1,-1,0,-1
2021501147561,2021,501147561,5,9,0,2,2,0,0,0,0,0,0,0,0,0,0,1,6,6,1,-1,-1,1900,2,16,VOLKSWAGEN GOLF,6,E01019912,0,-1