collision_index,collision_year,collision_ref_no,vehicle_reference,vehicle_type,towing_and_articulation,vehicle_manoeuvre_historic,vehicle_manoeuvre,vehicle_direction_from,vehicle_direction_to,vehicle_location_restricted_lane_historic,vehicle_location_restricted_lane,junction_location,skidding_and_overturning,hit_object_in_carriageway,vehicle_leaving_carriageway,hit_object_off_carriageway,first_point_of_impact,vehicle_left_hand_drive,journey_purpose_of_driver_historic,journey_purpose_of_driver,sex_of_driver,age_of_driver,age_band_of_driver,engine_capacity_cc,propulsion_code,age_of_vehicle,generic_make_model,driver_imd_decile,lsoa_of_driver,escooter_flag,driver_distance_banding
2021991125113,2021,991125113,1,9,0,18,19,2,6,0,0,0,1,0,7,4,1,1,5,6,2,21,5,1968,2,0,VOLKSWAGEN GOLF,6,-1,0,-1
2021131112110,2021,131112110,1,9,0,18,19,5,1,0,0,6,0,0,0,0,1,1,5,6,1,25,5,1896,2,18,VOLKSWAGEN GOLF,2,E01010667,0,-1
2021041073687,2021,041073687,1,9,0,18,19,5,1,0,0,2,0,0,0,0,1,1,5,6,1,73,10,2000,2,16,VOLKSWAGEN GOLF,2,E01012589,0,-1
2021440460946,2021,440460946,1,9,0,18,19,5,1,0,0,8,0,0,0,0,1,1,6,6,2,36,7,1984,1,15,VOLKSWAGEN GOLF,4,E01017339,0,-1
2021451091853,2021,451091853,2,9,0,18,19,4,6,0,0,1,0,0,0,0,3,1,6,6,1,24,5,1598,1,14,VOLKSWAGEN GOLF,-1,-1,0,-1
2021061049707,2021,061049707,1,9,0,18,19,4,8,0,0,0,0,0,0,0,1,1,6,6,2,46,8,1896,2,14,VOLKSWAGEN GOLF,1,E01005475,0,-1
2021211072466,2021,211072466,2,9,0,18,19,1,5,0,0,0,0,0,0,0,0,1,1,1,1,47,8,1984,1,6,VOLKSWAGEN GOLF,-1,-1,0,-1
2021010335426,2021,010335426,1,9,0,99,99,9,9,99,99,9,9,99,9,99,2,9,6,6,2,56,9,999,1,3,VOLKSWAGEN GOLF,10,E01000753,0,-1
2021401129365,2021,401129365,1,9,0,18,19,6,2,0,0,0,0,0,0,0,1,1,2,2,1,24,5,1498,1,2,VOLKSWAGEN GOLF,4,E01017469,0,-1
2021440366074,2021,440366074,1,9,0,18,19,7,3,0,0,2,0,0,0,0,1,1,6,6,1,18,4,1390,1,12,VOLKSWAGEN GOLF,8,E01017293,0,-1
2021010315987,2021,010315987,2,9,9,99,99,9,9,99,99,9,9,99,9,99,9,9,6,6,3,-1,-1,2000,2,15,VOLKSWAGEN GOLF,-1,-1,0,-1
2021501062846,2021,501062846,1,9,0,18,19,4,8,0,0,0,1,0,2,10,4,1,5,6,2,25,5,1598,1,15,VOLKSWAGEN GOLF,1,E01015196,0,-1
2021430478261,2021,430478261,1,9,0,18,19,3,7,0,0,0,1,0,1,4,1,1,6,6,3,-1,-1,2000,1,16,VOLKSWAGEN GOLF,-1,-1,0,-1
2021552100719,2021,552100719,2,9,0,4,4,4,8,0,0,0,0,0,0,0,0,1,6,6,1,20,4,1968,2,6,VOLKSWAGEN GOLF,-1,-1,0,-1
2021201088455,2021,201088455,2,9,0,18,19,8,4,0,0,8,0,0,0,0,3,1,6,6,1,27,6,1598,1,13,VOLKSWAGEN GOLF,5,E01008981,0,-1
2021361087211,2021,361087211,2,9,0,18,19,2,6,0,0,0,0,0,0,0,1,1,5,6,1,35,6,1598,2,6,VOLKSWAGEN GOLF,7,E01026885,0,-1
2021131080354,2021,131080354,1,9,0,18,19,3,7,0,0,0,0,0,0,0,2,1,5,6,1,27,6,1598,2,1,VOLKSWAGEN GOLF,1,E01010748,0,-1
2021010325801,2021,010325801,2,9,0,2,2,0,0,0,0,0,0,0,0,0,3,1,6,6,3,-1,-1,1390,1,17,VOLKSWAGEN GOLF,-1,-1,0,-1
2021131074131,2021,131074131,2,9,0,2,2,0,0,9,9,0,0,0,0,0,2,1,6,6,3,-1,-1,1968,2,7,VOLKSWAGEN GOLF,-1,-1,0,-1
2021430236121,2021,430236121,2,9,0,18,19,6,2,0,0,1,0,0,0,0,1,1,6,6,1,44,7,1968,2,14,VOLKSWAGEN GOLF,4,E01028445,0,-1
2021451086823,2021,451086823,1,9,0,3,3,3,7,0,0,0,0,0,0,0,1,1,2,2,1,27,6,2000,2,16,VOLKSWAGEN GOLF,6,E01001519,0,-1
2021501116398,2021,501116398,2,9,0,9,9,7,3,0,0,6,0,0,0,0,2,1,5,6,2,76,11,1968,2,7,VOLKSWAGEN GOLF,8,E01020023,0,-1
2021421057525,2021,421057525,1,9,0,13,13,1,5,0,0,0,1,0,0,0,3,1,5,6,1,19,4,1896,2,13,VOLKSWAGEN GOLF,2,E01021998,0,-1
2021991106956,2021,991106956,1,9,0,18,19,8,4,0,0,8,0,0,0,0,1,1,6,6,2,51,8,1395,1,6,VOLKSWAGEN GOLF,9,-1,0,-1
2021547338021,2021,547338021,2,9,0,18,19,5,1,0,0,1,0,0,0,0,1,1,6,6,2,24,5,1390,1,13,VOLKSWAGEN GOLF,7,E01014621,0,-1
2021430390274,2021,430390274,2,9,0,18,19,1,5,0,0,1,1,0,7,11,3,1,1,1,2,69,10,1598,2,11,VOLKSWAGEN GOLF,6,E01016530,0,-1
2021161026149,2021,161026149,2,9,0,2,2,0,0,0,0,0,0,4,0,0,2,1,6,6,3,-1,-1,1598,2,9,VOLKSWAGEN GOLF,-1,-1,0,-1
2021401041865,2021,401041865,1,9,0,1,1,3,7,0,0,1,0,0,0,0,2,1,1,1,1,47,8,1595,1,19,VOLKSWAGEN GOLF,3,E01015788,0,-1
2021061077005,2021,061077005,1,9,0,18,19,1,5,0,0,0,0,0,0,0,3,1,5,6,1,37,7,1598,2,8,VOLKSWAGEN GOLF,1,E01004841,0,-1
2021451098043,2021,451098043,2,9,0,18,19,7,3,0,0,1,0,0,0,0,1,1,6,6,2,30,6,1896,2,19,VOLKSWAGEN GOLF,5,E01030481,0,-1
2021041025536,2021,041025536,1,9,0,18,19,5,1,0,0,1,0,0,0,0,1,1,5,6,1,27,6,1896,2,13,VOLKSWAGEN GOLF,4,E01012725,0,-1
2021201141300,2021,201141300,1,9,0,9,9,1,8,0,0,2,0,0,0,0,1,1,3,7,2,56,9,1598,2,9,VOLKSWAGEN GOLF,-1,-1,0,-1
2021471089704,2021,471089704,1,9,0,17,19,4,1,0,0,0,0,0,0,0,1,1,5,6,2,30,6,3200,1,15,VOLKSWAGEN GOLF,8,E01021086,0,-1
2021430416808,2021,430416808,2,9,0,11,11,2,6,0,0,1,0,0,0,0,4,1,6,6,1,20,4,1600,1,17,VOLKSWAGEN GOLF,-1,-1,0,-1
2021522103866,2021,522103866,2,9,0,9,9,7,5,0,0,8,0,0,0,0,3,1,6,6,2,60,9,1395,1,7,VOLKSWAGEN GOLF,10,E01016333,0,-1
2021552100672,2021,552100672,2,9,0,3,3,3,6,0,0,8,0,0,0,0,2,1,2,2,1,26,6,1598,2,8,VOLKSWAGEN GOLF,2,E01015341,0,-1
2021061052411,2021,061052411,1,9,0,8,8,7,1,0,0,1,0,0,0,0,1,1,6,6,1,35,6,1598,2,7,VOLKSWAGEN GOLF,9,E01006204,0,-1
2021041096391,2021,041096391,1,9,0,18,19,5,1,0,0,0,0,2,0,0,3,1,6,6,1,21,5,1900,2,16,VOLKSWAGEN GOLF,5,E01012633,0,-1
202163A017321,2021,63A017321,2,9,0,4,4,6,2,0,0,0,0,0,0,0,1,1,6,6,1,57,9,1896,2,18,VOLKSWAGEN GOLF,6,W01000689,0,-1
2021320456693,2021,320456693,2,9,0,13,13,1,5,0,0,0,0,0,0,0,1,1,6,6,1,38,7,2000,2,17,VOLKSWAGEN GOLF,3,E01026025,0,-1
2021010342227,2021,010342227,5,9,0,18,19,7,3,0,0,0,0,0,0,0,1,1,6,6,1,52,8,1598,1,18,VOLKSWAGEN GOLF,1,E01001426,0,-1
2021041067007,2021,041067007,1,9,0,2,2,0,0,0,0,0,0,0,0,0,4,1,5,6,1,45,7,1598,2,9,VOLKSWAGEN GOLF,1,-1,0,-1
2021010342381,2021,010342381,2,9,0,5,5,0,5,9,9,0,0,0,0,0,4,1,6,6,1,31,6,1598,2,7,VOLKSWAGEN GOLF,6,E01002602,0,-1
202154C133821,2021,54C133821,3,9,0,18,19,7,3,0,0,0,0,0,0,0,3,1,2,2,2,54,8,1896,2,19,VOLKSWAGEN GOLF,6,E01032117,0,-1
2021161070328,2021,161070328,1,9,0,18,19,5,1,0,0,6,0,0,1,10,3,1,5,6,1,24,5,1984,1,7,VOLKSWAGEN GOLF,6,E01007688,0,-1
2021471097255,2021,471097255,1,9,0,18,19,8,4,0,0,1,0,0,0,0,3,1,6,6,1,-1,-1,1984,1,7,VOLKSWAGEN GOLF,7,E01032717,0,-1
2021451054568,2021,451054568,2,9,0,3,3,1,5,0,0,0,0,0,0,0,1,1,6,6,2,75,10,1896,2,14,VOLKSWAGEN GOLF,6,E01021110,0,-1
2021010290342,2021,010290342,2,9,0,99,99,9,9,99,99,9,9,99,9,99,9,9,6,6,3,-1,-1,1595,1,18,VOLKSWAGEN GOLF,3,E01001213,0,-1
2021052100366,2021,052100366,1,9,0,16,19,5,1,0,0,0,0,0,0,0,3,1,2,2,1,59,9,1197,1,7,VOLKSWAGEN GOLF,4,E01006641,0,-1
2021401077263,2021,401077263,1,9,0,5,5,-1,-1,0,0,8,0,0,0,0,1,1,6,6,1,-1,-1,1598,2,8,VOLKSWAGEN GOLF,3,E01015788,0,-1
2021010291347,2021,010291347,2,9,0,99,99,9,9,99,99,9,9,99,9,99,9,9,6,6,3,-1,-1,1896,2,18,VOLKSWAGEN GOLF,-1,-1,0,-1
2021461116396,2021,461116396,1,9,0,9,9,2,7,0,0,0,0,0,0,0,3,1,6,6,1,24,5,1498,1,1,VOLKSWAGEN GOLF,10,E01024453,0,-1
2021471037195,2021,471037195,2,9,0,6,6,1,1,0,0,0,0,0,0,0,3,1,2,2,1,32,6,1896,2,14,VOLKSWAGEN GOLF,8,E01031776,0,-1
2021501089341,2021,501089341,2,9,0,18,19,2,8,0,0,0,0,0,1,0,1,1,1,1,2,47,8,2000,2,15,VOLKSWAGEN GOLF,4,E01018754,0,-1
2021010296275,2021,010296275,1,9,0,18,19,3,7,0,0,8,0,0,0,0,1,1,6,6,1,41,7,1984,1,11,VOLKSWAGEN GOLF,2,E01003069,0,-1
2021041080066,2021,041080066,1,9,0,18,19,1,5,0,0,0,0,0,0,0,4,1,2,2,1,31,6,2000,2,15,VOLKSWAGEN GOLF,3,E01025571,0,-1
2021471033874,2021,471033874,1,9,0,4,4,4,8,0,0,8,0,0,0,0,1,1,1,1,1,35,6,1600,1,22,VOLKSWAGEN GOLF,3,E01016952,0,-1
2021471072452,2021,471072452,2,9,0,9,9,8,5,0,0,7,0,0,0,0,1,1,5,6,1,80,11,1896,2,17,VOLKSWAGEN GOLF,-1,-1,0,-1
2021201075399,2021,201075399,1,9,0,9,9,1,7,0,0,5,0,0,0,0,3,1,6,6,1,20,4,1984,1,15,VOLKSWAGEN GOLF,2,E01009508,0,-1
202131C023321,2021,31C023321,1,9,0,3,3,5,1,0,0,0,0,0,0,0,2,1,6,6,1,49,8,1968,2,2,VOLKSWAGEN GOLF,4,E01028185,0,-1
2021371144064,2021,371144064,2,9,0,18,19,5,1,0,0,0,0,0,0,0,2,1,5,6,2,36,7,1598,2,6,VOLKSWAGEN GOLF,2,E01024091,0,-1
2021411028149,2021,411028149,1,9,0,9,9,3,1,0,0,5,0,0,0,0,1,1,6,6,1,30,6,2324,1,17,VOLKSWAGEN GOLF,6,E01023369,0,-1
2021991034858,2021,991034858,2,9,0,18,19,5,1,0,0,0,0,0,1,0,3,1,5,6,1,31,6,1968,2,5,VOLKSWAGEN GOLF,3,-1,0,-1
2021010308039,2021,010308039,2,9,0,99,99,9,9,99,99,9,9,99,9,99,2,9,6,6,3,-1,-1,1968,2,6,VOLKSWAGEN GOLF,-1,-1,0,-1
202106Q078990,2021,06Q078990,2,9,0,18,19,8,4,0,0,0,0,0,0,0,2,1,6,6,1,34,6,2000,1,13,VOLKSWAGEN GOLF,-1,-1,0,-1
2021010316931,2021,010316931,1,9,0,18,19,5,1,0,0,0,0,0,0,0,4,1,6,6,2,89,11,1498,1,2,VOLKSWAGEN GOLF,6,E01001065,0,-1
2021440392151,2021,440392151,1,9,0,10,10,5,1,0,0,8,0,0,0,0,4,1,6,6,1,-1,-1,1598,2,2,VOLKSWAGEN GOLF,-1,-1,0,-1
2021320604992,2021,320604992,2,9,0,3,3,5,1,0,0,1,0,0,0,0,2,1,6,6,1,22,5,1598,2,6,VOLKSWAGEN GOLF,10,E01026413,0,-1
2021991049379,2021,991049379,2,9,0,18,19,7,2,0,0,0,0,0,0,0,2,1,5,6,1,64,9,1395,1,6,VOLKSWAGEN GOLF,9,-1,0,-1
2021131077551,2021,131077551,1,9,0,7,7,1,7,0,0,4,0,0,0,0,3,2,2,2,2,28,6,1390,1,11,VOLKSWAGEN GOLF,2,E01011448,0,-1
2021010305930,2021,010305930,1,9,0,7,7,2,5,0,0,6,0,0,0,0,1,1,6,6,1,35,6,1390,1,15,VOLKSWAGEN GOLF,3,E01003531,0,-1
2021041076456,2021,041076456,1,9,0,18,19,4,8,9,9,2,0,0,0,0,3,1,5,6,1,19,4,1598,2,7,VOLKSWAGEN GOLF,1,E01025083,0,-1
2021041109653,2021,041109653,3,9,0,3,3,5,1,0,0,1,0,0,0,0,2,1,5,6,2,18,4,1395,1,4,VOLKSWAGEN GOLF,3,E01012587,0,-1
2021531126992,2021,531126992,1,9,0,18,19,5,1,0,0,0,2,0,8,11,3,1,1,1,2,49,8,1968,2,9,VOLKSWAGEN GOLF,10,E01014885,0,-1
2021010347056,2021,010347056,2,9,9,99,99,9,9,99,99,9,9,99,9,99,9,9,6,6,3,-1,-1,1498,1,1,VOLKSWAGEN GOLF,10,E01002155,0,-1
2021201114106,2021,201114106,2,9,0,10,10,7,5,0,0,1,0,0,0,0,2,1,6,6,1,66,10,1390,1,8,VOLKSWAGEN GOLF,10,E01010214,0,-1
2021131048138,2021,131048138,1,9,0,16,19,7,3,0,0,0,5,0,0,0,1,1,6,6,1,26,6,1984,1,7,VOLKSWAGEN GOLF,5,E01011820,0,-1
2021061145532,2021,061145532,1,9,0,18,19,5,1,0,0,1,0,0,0,0,3,1,5,6,1,29,6,1390,1,16,VOLKSWAGEN GOLF,1,E01005142,0,-1
2021201168295,2021,201168295,2,9,0,17,19,1,6,0,0,1,0,10,1,10,1,1,6,6,2,28,6,1498,1,3,VOLKSWAGEN GOLF,1,E01033645,0,-1
2021543953921,2021,543953921,1,9,0,5,5,2,6,0,0,0,0,0,0,0,0,1,6,6,2,70,10,1968,2,12,VOLKSWAGEN GOLF,10,E01031864,0,-1
2021371045318,2021,371045318,1,9,0,18,19,2,6,0,0,0,0,0,0,0,1,1,1,1,1,-1,-1,1598,1,17,VOLKSWAGEN GOLF,5,E01030001,0,-1
2021991069742,2021,991069742,1,9,0,16,19,2,4,0,0,0,0,0,7,2,1,1,6,6,1,30,6,1896,2,19,VOLKSWAGEN GOLF,5,-1,0,-1
2021430192525,2021,430192525,2,9,0,1,1,2,6,0,0,0,0,0,0,0,3,1,6,6,2,29,6,1896,2,18,VOLKSWAGEN GOLF,4,E01032942,0,-1
2021201139999,2021,201139999,2,9,0,2,2,0,0,0,0,1,0,0,0,0,3,1,6,6,1,34,6,1968,2,8,VOLKSWAGEN GOLF,2,E01009233,0,-1
2021122100276,2021,122100276,1,9,0,18,19,7,3,0,0,1,0,0,0,0,4,1,6,6,1,60,9,1598,2,9,VOLKSWAGEN GOLF,10,E01013379,0,-1
2021131053574,2021,131053574,1,9,0,13,13,7,3,9,9,0,1,0,6,11,4,1,6,6,1,34,6,1984,1,7,VOLKSWAGEN GOLF,4,E01010599,0,-1
2021501134272,2021,501134272,1,9,0,17,19,7,5,0,0,1,2,0,0,0,1,1,5,6,1,19,4,1390,1,14,VOLKSWAGEN GOLF,6,E01015252,0,-1
2021010319557,2021,010319557,1,9,0,4,4,1,5,0,0,0,0,0,0,0,2,1,6,6,1,20,4,1390,1,9,VOLKSWAGEN GOLF,2,E01015702,0,-1
2021131094796,2021,131094796,2,9,0,5,5,1,3,0,0,0,0,0,0,0,1,1,5,6,1,20,4,1598,2,8,VOLKSWAGEN GOLF,7,E01011402,0,-1
2021201128038,2021,201128038,2,9,0,18,19,5,1,0,0,0,0,0,0,0,4,1,2,2,2,37,7,1968,2,0,VOLKSWAGEN GOLF,8,E01028172,0,-1
2021221026523,2021,221026523,1,9,0,18,19,2,6,0,0,4,0,0,0,0,1,1,6,6,1,-1,-1,1390,1,19,VOLKSWAGEN GOLF,4,E01032440,0,-1
2021201109306,2021,201109306,1,9,0,9,9,7,3,0,0,1,0,0,0,0,1,1,6,6,2,41,7,1968,2,3,VOLKSWAGEN GOLF,7,E01028437,0,-1
2021061110527,2021,061110527,1,9,0,18,19,3,7,0,0,1,0,0,0,0,1,1,6,6,2,45,7,1968,2,4,VOLKSWAGEN GOLF,3,E01033663,0,-1
2021430352702,2021,430352702,1,9,0,18,19,3,7,0,0,8,0,0,0,0,1,1,6,6,1,48,8,1395,8,6,VOLKSWAGEN GOLF,7,E01016713,0,-1
2021010336639,2021,010336639,1,9,0,99,99,9,9,99,99,9,9,99,9,99,9,9,6,6,2,33,6,1800,1,22,VOLKSWAGEN GOLF,8,E01002990,0,-1
2021161089474,2021,161089474,1,9,0,4,4,8,4,0,0,0,0,0,0,0,2,1,1,1,2,24,5,1498,1,1,VOLKSWAGEN GOLF,3,E01012986,0,-1
2021201105632,2021,201105632,1,9,0,9,9,5,3,0,0,6,0,0,0,0,1,1,6,6,1,28,6,1968,2,13,VOLKSWAGEN GOLF,1,E01009361,0,-1
2021991025537,2021,991025537,1,9,0,9,9,7,4,0,0,2,1,10,1,11,1,1,6,6,1,23,5,1896,2,19,VOLKSWAGEN GOLF,-1,-1,0,-1
2021201116181,2021,201116181,2,9,0,10,10,2,8,0,0,1,0,0,0,0,2,1,6,6,1,29,6,1968,2,12,VOLKSWAGEN GOLF,2,E01009100,0,-1
2021201116181,2021,201116181,3,9,0,18,19,6,2,0,0,8,0,0,0,0,3,1,6,6,1,23,5,999,1,4,VOLKSWAGEN GOLF,1,E01009131,0,-1
2021461072531,2021,461072531,2,9,0,2,2,0,0,0,0,0,0,4,1,0,3,1,6,6,2,22,5,1598,2,6,VOLKSWAGEN GOLF,3,E01024149,0,-1
2021320371804,2021,320371804,1,9,0,17,19,8,6,0,0,0,0,0,7,9,1,1,6,6,1,22,5,1390,1,11,VOLKSWAGEN GOLF,9,E01026182,0,-1
2021010318888,2021,010318888,1,9,0,9,9,5,3,0,0,8,0,0,0,0,4,1,6,6,1,40,7,1896,2,13,VOLKSWAGEN GOLF,3,E01001784,0,-1
2021401045246,2021,401045246,1,9,0,18,19,5,2,0,0,0,0,4,0,0,1,1,6,6,1,31,6,1390,1,17,VOLKSWAGEN GOLF,3,E01015701,0,-1
2021131067232,2021,131067232,1,9,0,18,19,3,7,0,0,0,0,0,0,0,1,1,5,6,1,45,7,1968,2,14,VOLKSWAGEN GOLF,10,E01027670,0,-1
2021501121128,2021,501121128,1,9,0,14,14,2,6,0,0,8,2,0,3,1,4,1,6,6,1,33,6,1800,1,22,VOLKSWAGEN GOLF,1,E01018933,0,-1
2021471036545,2021,471036545,3,9,0,10,10,1,7,0,0,1,0,0,0,0,2,1,5,6,2,59,9,1781,1,21,VOLKSWAGEN GOLF,10,E01031717,0,-1
2021131050572,2021,131050572,2,9,0,18,19,3,7,0,0,8,0,0,0,0,3,1,5,6,2,32,6,1598,2,10,VOLKSWAGEN GOLF,1,E01011364,0,-1
2021221019013,2021,221019013,1,9,0,18,19,8,4,0,0,0,5,0,7,11,1,1,2,2,1,67,10,1984,1,6,VOLKSWAGEN GOLF,5,E01014059,0,-1
2021010346346,2021,010346346,1,9,0,3,3,1,5,0,0,0,0,0,0,0,2,1,6,6,1,37,7,1395,1,6,VOLKSWAGEN GOLF,2,E01003089,0,-1
2021401087862,2021,401087862,1,9,0,18,19,1,5,0,0,8,0,11,0,0,1,1,6,6,1,26,6,1598,2,8,VOLKSWAGEN GOLF,7,E01015800,0,-1
2021201125112,2021,201125112,1,9,0,18,19,1,5,0,0,1,0,0,0,0,1,1,6,6,1,-1,-1,1600,2,12,VOLKSWAGEN GOLF,-1,-1,0,-1
2021211120635,2021,211120635,2,9,0,3,3,4,8,0,0,1,0,0,0,0,2,1,1,1,1,34,6,1395,8,0,VOLKSWAGEN GOLF,-1,-1,0,-1
2021361087190,2021,361087190,2,9,0,18,19,5,1,0,0,8,1,0,0,0,1,1,5,6,2,32,6,1968,2,7,VOLKSWAGEN GOLF,9,E01026503,0,-1
2021411064626,2021,411064626,2,9,0,3,3,7,3,0,0,0,0,0,0,0,1,1,3,7,2,31,6,1598,2,5,VOLKSWAGEN GOLF,4,E01023447,0,-1
2021451027532,2021,451027532,1,9,0,18,19,2,6,0,0,2,0,0,0,0,1,1,5,6,1,18,4,1598,2,10,VOLKSWAGEN GOLF,10,E01030770,0,-1
2021161041772,2021,161041772,1,9,0,18,19,4,8,0,0,8,0,7,0,0,4,1,6,6,1,27,6,1984,1,7,VOLKSWAGEN GOLF,6,E01013175,0,-1
2021010308043,2021,010308043,2,9,9,99,99,9,9,99,99,9,9,99,9,99,2,9,6,6,1,33,6,1390,1,15,VOLKSWAGEN GOLF,3,E01000977,0,-1
2021010343891,2021,010343891,2,9,0,99,99,9,9,99,99,9,9,99,0,0,3,9,6,6,3,25,5,1600,1,17,VOLKSWAGEN GOLF,6,E01002351,0,-1
2021010299811,2021,010299811,2,9,0,99,99,9,9,99,99,9,0,99,9,99,9,1,6,6,3,-1,-1,1896,2,19,VOLKSWAGEN GOLF,-1,-1,0,-1
2021552101242,2021,552101242,1,9,0,18,19,1,5,0,0,0,0,0,0,0,3,1,6,6,1,37,7,1600,1,16,VOLKSWAGEN GOLF,4,E01015385,0,-1
202131A034221,2021,31A034221,1,9,0,18,19,3,7,0,0,1,0,0,0,0,1,1,6,6,3,-1,-1,1600,1,17,VOLKSWAGEN GOLF,-1,-1,0,-1
2021138391420,2021,138391420,1,9,0,18,19,5,1,0,0,1,0,0,0,0,1,1,6,6,1,25,5,1968,2,3,VOLKSWAGEN GOLF,9,E01011507,0,-1
2021440251363,2021,440251363,1,9,0,18,19,2,6,0,0,0,0,4,0,0,1,1,6,6,2,75,10,1598,1,13,VOLKSWAGEN GOLF,8,E01017293,0,-1
2021401110603,2021,401110603,2,9,0,4,4,8,4,0,0,0,0,0,0,0,2,1,6,6,1,60,9,1598,2,9,VOLKSWAGEN GOLF,9,E01017454,0,-1
2021451059838,2021,451059838,1,9,0,9,9,1,5,0,0,1,0,0,0,0,1,1,3,7,2,46,8,1390,1,11,VOLKSWAGEN GOLF,5,E01030482,0,-1
2021361077265,2021,361077265,2,9,-1,-1,-1,-1,-1,-1,-1,0,-1,-1,-1,0,-1,1,6,6,1,21,5,1968,2,12,VOLKSWAGEN GOLF,3,E01015652,0,-1
2021501100083,2021,501100083,2,9,0,18,19,1,5,0,0,8,0,0,0,0,1,1,6,6,1,27,6,1968,2,12,VOLKSWAGEN GOLF,2,E01033292,0,-1
2021361130647,2021,361130647,1,9,0,4,4,1,5,0,0,0,2,0,0,0,1,1,2,2,1,36,7,2000,1,16,VOLKSWAGEN GOLF,7,E01026773,0,-1
202163D065121,2021,63D065121,1,9,0,18,19,8,4,0,0,0,5,0,8,10,1,1,6,6,1,26,6,1598,2,11,VOLKSWAGEN GOLF,2,W01001476,0,-1
2021010305700,2021,010305700,2,9,0,99,99,9,9,99,99,9,9,99,9,99,1,9,6,6,3,-1,-1,1896,2,20,VOLKSWAGEN GOLF,-1,-1,0,-1
20211382C1355,2021,1382C1355,3,9,0,4,4,3,7,0,0,7,0,0,0,0,1,1,6,6,1,28,6,1598,2,8,VOLKSWAGEN GOLF,1,E01010840,0,-1
2021010302596,2021,010302596,2,9,0,9,9,5,2,0,0,0,0,0,0,0,9,9,6,6,3,-1,-1,1395,1,4,VOLKSWAGEN GOLF,-1,-1,0,-1
2021471103587,2021,471103587,2,9,0,9,9,6,4,0,0,5,0,0,0,0,4,1,2,2,1,34,6,1900,2,15,VOLKSWAGEN GOLF,1,E01016904,0,-1
2021622100618,2021,622100618,3,9,0,2,2,0,0,0,0,0,0,0,0,0,4,1,6,6,3,-1,-1,1968,2,11,VOLKSWAGEN GOLF,-1,-1,0,-1
202131B153821,2021,31B153821,2,9,0,6,6,2,2,0,0,1,0,0,0,0,4,1,6,6,1,35,6,1968,2,5,VOLKSWAGEN GOLF,2,E01033400,0,-1
2021531076090,2021,531076090,2,9,0,10,10,1,1,0,0,1,0,0,0,0,2,1,5,6,1,66,10,1498,1,3,VOLKSWAGEN GOLF,7,E01033243,0,-1
2021010329218,2021,010329218,1,9,0,17,19,1,5,0,0,8,0,0,1,7,1,1,6,6,1,20,4,1598,2,11,VOLKSWAGEN GOLF,-1,-1,0,-1
2021010296550,2021,010296550,1,9,0,7,7,6,7,9,9,6,0,0,0,0,1,1,6,6,3,-1,-1,1968,2,1,VOLKSWAGEN GOLF,-1,-1,0,-1
2021501060251,2021,501060251,1,9,0,17,19,8,5,0,0,0,0,0,0,0,1,1,6,6,3,-1,-1,2000,1,16,VOLKSWAGEN GOLF,-1,-1,0,-1
2021141097021,2021,141097021,2,9,0,9,9,6,4,0,0,8,0,0,0,0,2,1,5,6,1,73,10,1781,1,19,VOLKSWAGEN GOLF,8,E01007362,0,-1
2021552100704,2021,552100704,1,9,0,18,19,2,6,0,0,6,0,0,7,0,4,1,6,6,2,90,11,1896,2,13,VOLKSWAGEN GOLF,8,E01015333,0,-1
2021101062403,2021,101062403,1,9,0,18,19,5,1,0,0,8,0,0,0,0,1,1,5,6,1,26,6,1984,1,6,VOLKSWAGEN GOLF,5,E01008787,0,-1
2021010288652,2021,010288652,1,9,0,99,99,9,9,99,99,2,9,99,9,99,2,9,6,6,1,24,5,1390,1,12,VOLKSWAGEN GOLF,3,E01003571,0,-1
2021010293570,2021,010293570,2,9,0,18,19,6,2,0,0,1,0,0,0,0,3,1,6,6,1,22,5,1395,1,7,VOLKSWAGEN GOLF,7,E01023398,0,-1
2021371067948,2021,371067948,1,9,0,18,19,1,4,0,0,8,0,0,0,0,1,1,5,6,1,59,9,1598,2,7,VOLKSWAGEN GOLF,4,E01030201,0,-1
2021010320269,2021,010320269,1,9,0,18,19,5,1,0,0,2,0,0,0,0,1,1,6,6,2,45,7,2000,2,15,VOLKSWAGEN GOLF,9,E01004111,0,-1
2021421042901,2021,421042901,1,9,0,18,19,3,7,0,0,0,0,0,0,0,0,1,6,6,3,-1,-1,1968,2,2,VOLKSWAGEN GOLF,-1,-1,0,-1
2021451107425,2021,451107425,1,9,0,18,19,1,5,0,0,1,0,0,0,0,0,1,6,6,2,40,7,1395,1,7,VOLKSWAGEN GOLF,10,E01030906,0,-1
2021522104034,2021,522104034,1,9,0,5,5,3,7,0,0,1,0,0,0,0,1,1,6,6,1,30,6,1390,1,14,VOLKSWAGEN GOLF,5,E01014678,0,-1
2021010297154,2021,010297154,2,9,0,18,19,5,1,0,0,0,0,0,0,0,2,1,6,6,2,52,8,1197,1,11,VOLKSWAGEN GOLF,-1,-1,0,-1
2021010315154,2021,010315154,3,9,0,3,3,5,1,0,0,1,0,0,0,0,3,1,2,2,1,45,7,1395,1,8,VOLKSWAGEN GOLF,5,E01000071,0,-1
2021010347094,2021,010347094,1,9,0,9,9,6,5,0,0,1,0,0,0,0,3,1,6,6,1,19,4,1390,1,12,VOLKSWAGEN GOLF,2,E01004289,0,-1
2021520101538,2021,520101538,1,9,0,5,5,1,5,0,0,8,0,0,0,0,1,1,6,6,1,45,7,1395,1,3,VOLKSWAGEN GOLF,8,E01029319,0,-1
2021451036116,2021,451036116,2,9,0,9,9,1,5,0,0,6,0,0,0,0,3,1,6,6,3,30,6,1900,2,16,VOLKSWAGEN GOLF,10,E01016548,0,-1
2021010314455,2021,010314455,1,9,0,99,99,9,9,99,99,9,9,99,9,99,1,9,6,6,2,65,9,1395,1,5,VOLKSWAGEN GOLF,10,E01000263,0,-1
2021302100195,2021,302100195,1,9,0,2,2,0,0,0,0,0,0,0,0,0,3,1,6,6,3,-1,-1,1390,1,11,VOLKSWAGEN GOLF,-1,-1,0,-1