collision_index,collision_year,collision_ref_no,vehicle_reference,vehicle_type,towing_and_articulation,vehicle_manoeuvre_historic,vehicle_manoeuvre,vehicle_direction_from,vehicle_direction_to,vehicle_location_restricted_lane_historic,vehicle_location_restricted_lane,junction_location,skidding_and_overturning,hit_object_in_carriageway,vehicle_leaving_carriageway,hit_object_off_carriageway,first_point_of_impact,vehicle_left_hand_drive,journey_purpose_of_driver_historic,journey_purpose_of_driver,sex_of_driver,age_of_driver,age_band_of_driver,engine_capacity_cc,propulsion_code,age_of_vehicle,generic_make_model,driver_imd_decile,lsoa_of_driver,escooter_flag,driver_distance_banding
2021991101994,2021,991101994,3,9,0,2,2,3,3,0,0,0,0,0,0,0,4,1,6,6,3,-1,-1,1197,1,6,VOLKSWAGEN GOLF,-1,-1,0,-1
2021471124448,2021,471124448,3,9,0,18,19,3,7,0,0,0,0,0,0,0,1,1,5,6,1,46,8,1395,1,3,VOLKSWAGEN GOLF,3,E01020996,0,-1
2021170M11091,2021,170M11091,2,9,0,9,9,8,7,0,0,8,0,0,0,0,1,1,6,6,1,26,6,1968,2,10,VOLKSWAGEN GOLF,1,E01012089,0,-1
2021522100608,2021,522100608,2,9,0,16,19,5,8,0,0,8,0,0,0,0,1,1,6,6,3,-1,-1,1968,2,14,VOLKSWAGEN GOLF,-1,-1,0,-1
2021471075256,2021,471075256,2,9,0,18,19,1,5,0,0,0,0,0,0,0,4,1,6,6,3,-1,-1,1968,2,14,VOLKSWAGEN GOLF,-1,-1,0,-1
2021221044801,2021,221044801,2,9,0,9,9,4,2,0,0,6,0,0,0,0,3,1,5,6,2,29,6,1598,2,9,VOLKSWAGEN GOLF,8,E01032182,0,-1
2021411104996,2021,411104996,2,9,0,18,19,7,3,0,0,4,0,0,0,0,4,1,6,6,2,39,7,1598,2,9,VOLKSWAGEN GOLF,10,E01023702,0,-1
2021451090803,2021,451090803,1,9,0,18,19,1,5,0,0,0,0,0,0,0,1,1,2,2,1,24,5,1598,2,10,VOLKSWAGEN GOLF,4,E01031576,0,-1
2021430481019,2021,430481019,1,9,0,3,3,8,4,0,0,0,0,0,0,0,2,1,6,6,2,33,6,1600,1,16,VOLKSWAGEN GOLF,10,E01028634,0,-1
2021070654883,2021,070654883,3,9,0,2,2,0,0,0,0,1,0,0,0,0,3,1,6,6,3,-1,-1,1390,1,13,VOLKSWAGEN GOLF,-1,-1,0,-1
2021522200785,2021,522200785,1,9,0,18,19,8,4,0,0,2,0,0,0,0,1,1,6,6,1,29,6,1598,1,18,VOLKSWAGEN GOLF,3,W01001010,0,-1
2021010325498,2021,010325498,1,9,0,18,19,3,7,0,0,8,0,0,0,0,1,1,6,6,1,37,7,1390,1,12,VOLKSWAGEN GOLF,2,E01004287,0,-1
2021010321243,2021,010321243,1,9,0,7,7,3,5,5,5,5,0,0,0,0,1,1,2,2,2,63,9,1390,1,12,VOLKSWAGEN GOLF,1,E01002071,0,-1
2021041040297,2021,041040297,1,9,0,18,19,5,1,0,0,0,0,0,0,0,3,1,3,7,2,31,6,1498,1,0,VOLKSWAGEN GOLF,4,E01025034,0,-1
2021440376560,2021,440376560,1,9,0,18,19,8,4,0,0,1,0,0,0,0,4,1,6,6,1,57,9,1598,2,4,VOLKSWAGEN GOLF,9,E01030428,0,-1
2021351022692,2021,351022692,2,9,0,18,19,1,5,0,0,0,0,0,0,0,1,1,2,2,1,27,6,1896,2,18,VOLKSWAGEN GOLF,3,E01018081,0,-1
2021041085514,2021,041085514,1,9,0,7,7,3,7,0,0,1,0,0,0,0,2,1,5,6,2,30,6,1896,2,13,VOLKSWAGEN GOLF,3,E01025371,0,-1
2021170H11171,2021,170H11171,1,9,0,3,3,5,1,0,0,0,0,0,0,0,2,1,6,6,2,30,6,1390,1,13,VOLKSWAGEN GOLF,1,E01011979,0,-1
2021201083178,2021,201083178,1,9,0,18,19,2,6,0,0,2,0,0,0,0,2,1,6,6,1,23,5,1984,1,9,VOLKSWAGEN GOLF,2,E01010263,0,-1
2021131081906,2021,131081906,1,8,0,18,19,1,1,0,0,1,0,0,0,0,4,1,2,2,1,35,6,1598,2,8,VOLKSWAGEN GOLF,1,E01011084,0,-1
2021231076195,2021,231076195,3,9,0,10,10,7,6,0,0,1,0,0,0,0,1,1,5,6,2,34,6,1395,1,8,VOLKSWAGEN GOLF,9,E01031222,0,-1
2021010318915,2021,010318915,1,9,0,5,5,7,3,0,0,8,0,0,0,0,1,1,6,6,2,28,6,1598,2,4,VOLKSWAGEN GOLF,3,E01004562,0,-1
2021221034694,2021,221034694,2,9,0,2,2,0,0,0,0,0,0,0,0,0,2,1,5,6,2,73,10,1896,2,17,VOLKSWAGEN GOLF,6,E01014095,0,-1
2021440312634,2021,440312634,2,9,0,18,19,1,5,0,0,8,1,0,0,0,2,1,6,6,2,33,6,1968,2,6,VOLKSWAGEN GOLF,3,E01017111,0,-1
2021010325688,2021,010325688,3,9,0,4,4,1,5,0,0,0,0,0,0,0,1,1,6,6,1,51,8,1984,1,13,VOLKSWAGEN GOLF,4,E01017579,0,-1
2021430409249,2021,430409249,2,9,0,4,4,7,3,0,0,2,0,0,0,0,0,1,6,6,1,31,6,1984,1,4,VOLKSWAGEN GOLF,4,E01032215,0,-1
2021122100293,2021,122100293,1,9,0,18,19,3,7,0,0,0,2,0,2,11,4,1,2,2,1,39,7,1968,2,14,VOLKSWAGEN GOLF,1,E01010720,0,-1
2021520201060,2021,520201060,1,9,0,4,4,5,1,0,0,0,0,0,0,0,2,1,6,6,2,74,10,1395,8,3,VOLKSWAGEN GOLF,10,E01014482,0,-1
2021010325893,2021,010325893,1,9,0,3,3,5,1,0,0,0,0,0,0,0,2,1,6,6,1,24,5,1395,8,6,VOLKSWAGEN GOLF,-1,-1,0,-1
2021461013888,2021,461013888,1,9,0,17,19,7,4,0,0,0,1,0,1,1,1,1,6,6,1,55,8,1984,1,5,VOLKSWAGEN GOLF,10,E01024365,0,-1
202163A049721,2021,63A049721,1,9,0,18,19,1,5,0,0,1,0,0,0,0,3,1,6,6,2,78,11,999,1,5,VOLKSWAGEN GOLF,6,W01000673,0,-1
2021122100296,2021,122100296,2,9,0,18,19,3,7,0,0,8,0,0,1,0,1,1,6,6,2,39,7,1598,2,9,VOLKSWAGEN GOLF,4,E01002020,0,-1
2021131108384,2021,131108384,1,9,0,18,19,5,1,0,0,8,0,4,0,0,1,1,5,6,1,21,5,1598,2,9,VOLKSWAGEN GOLF,4,E01010599,0,-1
2021141014732,2021,141014732,2,9,0,18,19,7,3,0,0,0,1,0,0,0,1,1,6,6,3,27,6,1598,2,10,VOLKSWAGEN GOLF,9,E01007691,0,-1
2021610057121,2021,610057121,2,9,0,1,1,3,7,6,6,0,0,0,0,0,2,1,6,6,2,33,6,1598,2,6,VOLKSWAGEN GOLF,3,W01001363,0,-1
2021010303478,2021,010303478,1,9,0,18,19,3,7,0,0,0,0,4,0,0,1,1,6,6,1,63,9,1595,1,21,VOLKSWAGEN GOLF,3,E01003135,0,-1
2021131110286,2021,131110286,1,9,0,9,9,7,3,0,0,0,0,0,0,0,3,1,5,6,1,32,6,1598,2,8,VOLKSWAGEN GOLF,1,E01010677,0,-1
2021440410841,2021,440410841,2,9,0,18,19,1,5,0,0,0,0,0,0,0,3,1,2,2,2,34,6,1598,2,7,VOLKSWAGEN GOLF,10,E01023209,0,-1
2021471013024,2021,471013024,2,9,0,18,19,3,7,0,0,0,0,0,1,0,3,1,5,6,2,51,8,1600,2,11,VOLKSWAGEN GOLF,5,E01031498,0,-1
2021061053545,2021,061053545,2,9,0,18,19,4,8,0,0,2,0,0,0,0,1,1,6,6,3,30,6,1896,2,21,VOLKSWAGEN GOLF,-1,-1,0,-1
2021411114484,2021,411114484,2,9,0,18,19,8,4,0,0,1,0,0,0,0,1,1,6,6,3,-1,-1,1600,2,11,VOLKSWAGEN GOLF,-1,-1,0,-1
2021201057959,2021,201057959,1,9,0,18,19,-1,-1,0,0,0,0,0,0,0,1,1,6,6,1,-1,-1,1600,1,17,VOLKSWAGEN GOLF,-1,-1,0,-1
2021141056110,2021,141056110,1,9,0,8,8,1,5,0,0,1,0,0,0,0,0,1,2,2,2,40,7,1968,2,13,VOLKSWAGEN GOLF,1,E01008055,0,-1
2021010302523,2021,010302523,2,9,0,99,99,9,9,99,99,9,9,99,9,99,9,9,6,6,3,-1,-1,2000,1,15,VOLKSWAGEN GOLF,-1,-1,0,-1
2021430462121,2021,430462121,1,9,0,18,19,4,8,0,0,8,0,0,0,0,1,1,6,6,1,64,9,1984,1,8,VOLKSWAGEN GOLF,8,E01028796,0,-1
2021522103535,2021,522103535,1,9,0,9,9,3,8,0,0,8,0,0,0,0,1,1,6,6,1,19,4,1800,1,21,VOLKSWAGEN GOLF,5,E01014961,0,-1
2021010312251,2021,010312251,2,9,0,99,99,9,9,99,99,9,9,99,9,99,1,9,6,6,3,-1,-1,1598,1,14,VOLKSWAGEN GOLF,-1,-1,0,-1
2021131055098,2021,131055098,1,9,0,7,7,1,3,0,0,8,0,0,0,0,1,1,5,6,2,65,9,1598,2,9,VOLKSWAGEN GOLF,6,E01011651,0,-1
2021201141198,2021,201141198,2,9,0,9,9,5,4,0,0,6,0,0,0,0,1,1,6,6,1,26,6,1390,1,9,VOLKSWAGEN GOLF,1,E01009194,0,-1
2021131085407,2021,131085407,2,9,0,18,19,3,7,0,0,8,0,0,0,0,1,1,6,6,1,38,7,1598,2,8,VOLKSWAGEN GOLF,1,E01010730,0,-1
2021411061830,2021,411061830,1,9,0,16,19,4,8,0,0,8,0,0,0,0,1,1,2,2,1,29,6,1598,2,4,VOLKSWAGEN GOLF,3,E01017609,0,-1
2021010327800,2021,010327800,2,9,0,18,19,5,1,0,0,1,0,0,0,0,1,1,6,6,3,-1,-1,-1,3,3,VOLKSWAGEN GOLF,-1,-1,0,-1
202131C145121,2021,31C145121,2,9,0,18,19,2,7,0,0,8,0,0,0,0,4,1,6,6,1,38,7,1968,2,13,VOLKSWAGEN GOLF,1,E01013813,0,-1
2021421125027,2021,421125027,3,9,0,4,4,6,2,0,0,0,0,0,0,0,2,1,2,2,2,29,6,1598,2,10,VOLKSWAGEN GOLF,3,E01022055,0,-1
202154A904521,2021,54A904521,1,9,0,18,19,8,4,0,0,1,0,0,0,0,1,1,6,6,1,29,6,1598,2,9,VOLKSWAGEN GOLF,8,E01015565,0,-1
2021320532402,2021,320532402,1,9,0,5,5,7,3,0,0,5,0,0,7,0,4,1,6,6,1,78,11,1395,1,6,VOLKSWAGEN GOLF,7,E01026281,0,-1
2021010328576,2021,010328576,1,9,0,18,19,7,3,0,0,1,0,0,0,0,1,1,1,1,1,29,6,2000,2,16,VOLKSWAGEN GOLF,8,E01033063,0,-1
202163B074421,2021,63B074421,1,9,0,17,19,8,5,0,0,0,1,6,1,10,1,1,6,6,1,17,4,1600,2,11,VOLKSWAGEN GOLF,6,W01000519,0,-1
2021111034925,2021,111034925,2,9,0,18,19,3,6,0,0,1,0,0,0,0,0,1,5,6,1,30,6,999,1,2,VOLKSWAGEN GOLF,10,E01012315,0,-1
2021010323434,2021,010323434,1,9,0,18,19,5,1,0,0,0,0,0,0,0,3,1,6,6,1,18,4,1395,1,4,VOLKSWAGEN GOLF,4,E01001297,0,-1
2021061041535,2021,061041535,1,9,0,10,10,3,1,0,0,5,0,0,0,0,1,1,1,1,1,40,7,1781,1,27,VOLKSWAGEN GOLF,5,E01006074,0,-1
2021201043843,2021,201043843,1,9,0,9,9,1,6,0,0,6,0,4,0,0,1,1,6,6,1,-1,-1,2000,1,16,VOLKSWAGEN GOLF,-1,-1,0,-1
2021161099495,2021,161099495,2,9,0,4,4,8,4,0,0,0,0,0,0,0,2,1,6,6,3,30,6,1984,1,6,VOLKSWAGEN GOLF,-1,-1,0,-1
2021461082803,2021,461082803,2,9,0,2,2,0,0,0,0,0,0,0,0,0,2,1,6,6,2,20,4,1968,2,6,VOLKSWAGEN GOLF,10,E01024341,0,-1
2021010287415,2021,010287415,1,9,0,18,19,3,7,0,0,8,5,0,6,0,4,1,6,6,1,22,5,1598,2,6,VOLKSWAGEN GOLF,-1,-1,0,-1
2021170H10271,2021,170H10271,4,9,0,18,19,6,2,0,0,0,0,0,0,0,0,1,6,6,1,20,4,1395,1,8,VOLKSWAGEN GOLF,8,E01032594,0,-1
2021522200129,2021,522200129,1,9,0,5,5,5,1,0,0,1,0,0,0,0,1,1,6,6,2,26,6,1600,2,11,VOLKSWAGEN GOLF,2,E01014624,0,-1
2021010333046,2021,010333046,1,9,0,99,99,9,9,99,99,9,9,99,9,99,9,9,6,6,1,31,6,1498,1,2,VOLKSWAGEN GOLF,5,E01000277,0,-1
2021010343229,2021,010343229,2,9,0,99,99,9,9,99,99,9,9,99,9,99,1,9,6,6,2,40,7,1390,1,12,VOLKSWAGEN GOLF,9,E01023299,0,-1
2021991076085,2021,991076085,2,9,0,17,19,4,8,0,0,0,0,0,0,0,4,1,6,6,2,23,5,1498,1,1,VOLKSWAGEN GOLF,2,-1,0,-1
2021421045439,2021,421045439,1,9,0,18,19,6,2,0,0,0,2,7,0,0,1,1,5,6,1,39,7,1498,1,1,VOLKSWAGEN GOLF,6,E01001415,0,-1
2021010345293,2021,010345293,1,9,0,18,19,1,5,0,0,0,0,10,0,0,1,1,6,6,1,23,5,1598,2,5,VOLKSWAGEN GOLF,2,E01004000,0,-1
2021010298565,2021,010298565,1,9,0,11,11,1,5,0,0,0,1,0,0,0,4,1,6,6,1,26,6,1395,1,5,VOLKSWAGEN GOLF,7,E01003643,0,-1
2021111048730,2021,111048730,1,9,0,18,19,7,3,0,0,1,0,0,0,0,1,1,6,6,1,30,6,1598,2,10,VOLKSWAGEN GOLF,6,E01012049,0,-1
2021221043720,2021,221043720,2,9,0,10,10,7,5,0,0,8,0,0,0,0,2,1,5,6,1,81,11,1896,2,18,VOLKSWAGEN GOLF,5,E01014023,0,-1
2021010327760,2021,010327760,2,9,0,9,9,1,7,0,0,1,0,0,0,0,3,1,6,6,1,25,5,1395,1,6,VOLKSWAGEN GOLF,2,E01000141,0,-1
2021131117515,2021,131117515,1,9,0,-1,-1,-1,-1,-1,-1,8,-1,-1,-1,0,-1,1,6,6,3,-1,-1,1984,1,9,VOLKSWAGEN GOLF,-1,-1,0,-1
2021010320123,2021,010320123,2,9,0,99,99,9,9,99,99,0,9,99,9,99,1,9,6,6,3,-1,-1,1390,1,17,VOLKSWAGEN GOLF,-1,-1,0,-1
2021421037310,2021,421037310,1,9,0,18,19,7,3,0,0,1,0,0,0,0,1,1,5,6,2,33,6,1390,1,12,VOLKSWAGEN GOLF,4,E01021651,0,-1
2021010346107,2021,010346107,4,9,0,2,2,0,0,0,0,1,0,4,0,0,1,1,6,6,3,-1,-1,1595,1,19,VOLKSWAGEN GOLF,-1,-1,0,-1
2021010309811,2021,010309811,1,9,0,18,19,5,1,0,0,1,0,0,0,0,1,1,2,2,1,42,7,1390,1,11,VOLKSWAGEN GOLF,-1,-1,0,-1
2021010333585,2021,010333585,1,9,0,99,99,9,9,0,0,1,0,0,0,0,9,1,6,6,3,-1,-1,1968,2,0,VOLKSWAGEN GOLF,-1,-1,0,-1
2021351119655,2021,351119655,2,9,0,18,19,7,3,0,0,1,0,0,0,0,1,1,5,6,1,-1,-1,1595,1,20,VOLKSWAGEN GOLF,5,E01018033,0,-1
2021351129048,2021,351129048,1,9,0,17,19,3,7,0,0,5,5,0,1,0,0,1,6,6,1,55,8,1896,2,19,VOLKSWAGEN GOLF,9,E01026422,0,-1
2021010304839,2021,010304839,2,9,0,99,99,9,9,99,99,1,9,99,9,99,9,9,6,6,1,22,5,1984,1,4,VOLKSWAGEN GOLF,5,E01003772,0,-1
2021141110511,2021,141110511,1,9,0,4,4,1,1,0,0,0,0,0,0,0,2,1,5,6,2,41,7,1984,1,6,VOLKSWAGEN GOLF,5,E01007681,0,-1
2021010300172,2021,010300172,1,9,0,4,4,3,7,0,0,0,0,4,0,0,1,1,6,6,1,37,7,1984,1,4,VOLKSWAGEN GOLF,-1,-1,0,-1
2021522103791,2021,522103791,1,9,0,18,19,8,4,0,0,4,0,0,0,0,2,1,6,6,1,23,5,1197,1,9,VOLKSWAGEN GOLF,8,E01014391,0,-1
2021201116062,2021,201116062,3,9,0,3,3,4,8,0,0,1,0,0,0,0,3,1,6,6,1,32,6,1390,1,17,VOLKSWAGEN GOLF,8,E01010124,0,-1
2021421113838,2021,421113838,1,9,0,9,9,3,3,0,0,6,0,0,0,0,1,1,6,6,2,35,6,1598,2,9,VOLKSWAGEN GOLF,4,E01021841,0,-1
2021138421874,2021,138421874,1,9,0,18,19,6,1,0,0,8,2,0,0,0,4,1,6,6,2,18,4,1896,2,16,VOLKSWAGEN GOLF,1,E01010713,0,-1
2021471051422,2021,471051422,5,9,0,2,2,0,0,6,6,0,0,0,0,0,3,1,6,6,3,-1,-1,1498,1,1,VOLKSWAGEN GOLF,-1,-1,0,-1
2021010347344,2021,010347344,2,9,0,18,19,3,7,0,0,0,0,0,0,0,1,1,6,6,2,33,6,1598,1,14,VOLKSWAGEN GOLF,3,E01001970,0,-1
2021131111171,2021,131111171,1,9,0,18,19,5,1,0,0,1,0,0,0,0,-1,1,6,6,3,-1,-1,1984,1,6,VOLKSWAGEN GOLF,-1,-1,0,-1
2021131121260,2021,131121260,1,9,0,18,19,5,1,0,0,8,0,0,0,0,1,1,5,6,1,26,6,1395,1,4,VOLKSWAGEN GOLF,9,E01011209,0,-1
2021061115325,2021,061115325,1,9,0,18,19,2,6,0,0,1,0,0,0,0,1,1,6,6,3,30,6,1896,2,13,VOLKSWAGEN GOLF,-1,-1,0,-1
2021010307007,2021,010307007,1,9,0,18,19,7,3,0,0,8,0,0,0,0,1,1,3,7,2,49,8,1390,1,12,VOLKSWAGEN GOLF,7,E01030569,0,-1
2021430258412,2021,430258412,1,9,0,18,19,6,2,0,0,1,0,0,0,0,1,1,6,6,1,20,4,1390,1,18,VOLKSWAGEN GOLF,10,E01016706,0,-1
2021041057251,2021,041057251,2,9,0,18,19,7,3,0,0,1,0,0,0,0,4,1,5,6,1,68,10,1896,2,17,VOLKSWAGEN GOLF,8,E01025280,0,-1
2021471022319,2021,471022319,2,9,0,2,2,0,0,0,0,0,0,0,0,0,3,1,6,6,3,-1,-1,1968,2,10,VOLKSWAGEN GOLF,-1,-1,0,-1
2021131056977,2021,131056977,3,9,0,18,19,4,8,0,0,0,0,0,0,0,3,1,5,6,2,24,5,1968,2,8,VOLKSWAGEN GOLF,2,E01010792,0,-1
2021471077139,2021,471077139,1,9,0,16,19,4,8,0,0,0,0,0,7,4,1,1,5,6,1,25,5,1781,1,20,VOLKSWAGEN GOLF,4,E01016977,0,-1
2021010302300,2021,010302300,1,9,0,99,99,9,9,99,99,9,9,99,9,99,2,9,2,2,2,42,7,1395,1,5,VOLKSWAGEN GOLF,2,E01002493,0,-1
2021010335913,2021,010335913,1,9,0,18,19,3,7,0,0,0,0,0,0,0,1,1,2,2,2,39,7,1598,2,10,VOLKSWAGEN GOLF,4,E01001317,0,-1
2021010324534,2021,010324534,2,9,0,10,10,3,2,0,0,1,0,0,0,0,2,1,6,6,1,39,7,999,1,2,VOLKSWAGEN GOLF,1,E01004449,0,-1
2021041069800,2021,041069800,2,9,0,18,19,5,1,0,0,1,0,0,0,0,3,1,5,6,1,39,7,1600,2,12,VOLKSWAGEN GOLF,10,E01025103,0,-1
2021061087488,2021,061087488,2,9,0,18,19,6,2,0,0,8,0,0,0,0,1,1,6,6,3,30,6,1598,2,3,VOLKSWAGEN GOLF,-1,-1,0,-1
202154A098321,2021,54A098321,1,9,0,18,19,5,1,0,0,0,0,0,0,0,3,1,6,6,1,47,8,1984,1,20,VOLKSWAGEN GOLF,8,E01031939,0,-1
2021401092909,2021,401092909,3,9,0,5,5,4,8,0,0,2,0,0,0,0,1,1,6,6,1,40,7,1968,2,11,VOLKSWAGEN GOLF,2,E01015735,0,-1
2021141088516,2021,141088516,1,9,0,18,19,2,6,0,0,0,0,0,0,0,3,1,2,2,1,24,5,1968,2,11,VOLKSWAGEN GOLF,5,E01008153,0,-1
2021440334809,2021,440334809,2,9,0,14,14,3,7,0,0,0,0,0,0,0,3,1,6,6,1,28,6,2000,1,12,VOLKSWAGEN GOLF,3,E01017350,0,-1
2021501056043,2021,501056043,1,9,0,18,19,4,8,0,0,0,0,4,0,0,1,1,6,6,1,42,7,1781,1,21,VOLKSWAGEN GOLF,5,E01018947,0,-1
2021430292228,2021,430292228,1,9,0,4,4,5,1,0,0,0,0,0,0,0,2,1,6,6,3,22,5,1598,2,4,VOLKSWAGEN GOLF,7,E01022513,0,-1
2021461143231,2021,461143231,1,9,0,18,19,4,8,0,0,2,0,0,0,0,1,1,6,6,1,80,11,1395,1,5,VOLKSWAGEN GOLF,7,E01021160,0,-1
2021471120031,2021,471120031,1,9,0,9,9,2,8,0,0,8,0,0,0,0,1,1,5,6,1,79,11,1598,2,2,VOLKSWAGEN GOLF,7,E01021166,0,-1
2021201143268,2021,201143268,2,9,0,18,19,6,2,0,0,8,0,10,1,11,4,1,6,6,3,-1,-1,1968,2,10,VOLKSWAGEN GOLF,-1,-1,0,-1
2021161033716,2021,161033716,2,9,0,9,9,1,5,0,0,6,0,0,0,0,1,1,2,2,1,30,6,1968,2,9,VOLKSWAGEN GOLF,5,E01007588,0,-1
2021010322046,2021,010322046,2,9,0,11,11,2,6,0,0,0,0,0,0,0,2,1,6,6,2,28,6,1984,1,6,VOLKSWAGEN GOLF,1,E01003291,0,-1
2021141018141,2021,141018141,1,9,0,3,3,5,7,0,0,8,0,0,0,0,2,2,6,6,2,31,6,1598,2,8,VOLKSWAGEN GOLF,4,E01007641,0,-1
2021522200394,2021,522200394,1,9,0,18,19,6,1,0,0,4,5,0,0,0,4,1,1,1,1,29,6,1093,1,39,VOLKSWAGEN GOLF,8,E01014896,0,-1
2021991094142,2021,991094142,1,9,0,18,19,1,5,0,0,0,0,0,0,0,1,1,5,6,1,23,5,1896,2,18,VOLKSWAGEN GOLF,1,-1,0,-1
2021991072536,2021,991072536,1,9,0,18,19,1,5,0,0,0,0,11,0,0,1,1,5,6,1,26,6,1968,2,2,VOLKSWAGEN GOLF,9,-1,0,-1
2021161058117,2021,161058117,1,9,0,18,19,7,3,0,0,1,0,0,0,0,4,1,6,6,2,56,9,1598,2,10,VOLKSWAGEN GOLF,6,E01013318,0,-1
2021131117256,2021,131117256,3,9,0,2,2,0,0,0,0,0,0,0,0,0,3,1,6,6,3,-1,-1,1896,2,13,VOLKSWAGEN GOLF,-1,-1,0,-1
2021041103024,2021,041103024,1,9,0,18,19,5,5,0,0,1,0,0,1,0,1,1,5,6,1,42,7,1598,2,9,VOLKSWAGEN GOLF,-1,-1,0,-1
2021010322618,2021,010322618,1,9,0,99,99,9,9,99,99,9,9,99,9,99,1,9,6,6,3,-1,-1,1595,1,12,VOLKSWAGEN GOLF,-1,-1,0,-1
2021041044839,2021,041044839,5,9,0,18,19,1,5,0,0,1,0,0,0,0,2,1,1,1,1,58,9,1598,2,10,VOLKSWAGEN GOLF,3,E01005536,0,-1
2021010334365,2021,010334365,2,9,0,18,19,5,1,0,0,1,0,0,0,0,2,1,2,2,1,35,6,999,1,3,VOLKSWAGEN GOLF,4,E01001672,0,-1
2021221065953,2021,221065953,1,9,0,4,4,7,3,0,0,0,0,0,1,0,2,1,5,6,2,20,4,1896,2,16,VOLKSWAGEN GOLF,6,E01032217,0,-1
2021201060686,2021,201060686,2,9,0,2,2,0,0,9,9,0,0,4,0,0,2,1,6,6,3,-1,-1,1896,2,16,VOLKSWAGEN GOLF,-1,-1,0,-1
2021010292507,2021,010292507,4,9,0,2,2,0,0,0,0,2,0,10,0,0,2,1,6,6,3,-1,-1,2000,1,17,VOLKSWAGEN GOLF,-1,-1,0,-1
2021440239775,2021,440239775,2,9,0,18,19,2,6,0,0,8,0,0,0,0,1,1,2,2,1,57,9,2000,2,16,VOLKSWAGEN GOLF,2,E01017106,0,-1
2021622100780,2021,622100780,2,9,0,3,3,4,8,0,0,2,0,0,0,0,2,1,6,6,1,43,7,1968,2,9,VOLKSWAGEN GOLF,7,W01001108,0,-1
2021201116525,2021,201116525,2,9,0,18,19,4,8,0,0,8,0,0,0,0,2,1,6,6,2,26,6,1598,2,8,VOLKSWAGEN GOLF,5,E01009432,0,-1
2021010322290,2021,010322290,3,9,0,4,4,5,1,0,0,0,0,0,0,0,0,1,6,6,1,-1,-1,1896,2,17,VOLKSWAGEN GOLF,5,E01000516,0,-1
2021052101703,2021,052101703,2,9,0,18,19,1,5,0,0,1,0,0,0,0,1,1,6,6,1,34,6,1968,2,2,VOLKSWAGEN GOLF,1,E01006676,0,-1
2021361074373,2021,361074373,1,9,0,17,19,4,8,0,0,1,0,0,7,4,1,1,5,6,1,31,6,1800,1,21,VOLKSWAGEN GOLF,8,E01026918,0,-1
2021361132121,2021,361132121,2,9,0,18,19,7,4,0,0,8,0,0,1,0,4,1,5,6,1,45,7,1598,2,2,VOLKSWAGEN GOLF,7,E01026526,0,-1
2021131074120,2021,131074120,1,9,0,18,19,3,7,0,0,0,0,0,0,0,1,1,5,6,1,19,4,1598,1,20,VOLKSWAGEN GOLF,8,E01011418,0,-1
2021010350193,2021,010350193,1,9,0,7,7,1,3,0,0,6,0,0,0,0,1,1,6,6,1,19,4,1390,1,13,VOLKSWAGEN GOLF,3,E01003201,0,-1
2021991024368,2021,991024368,1,9,0,18,19,6,2,0,0,0,0,0,1,11,1,1,6,6,1,32,6,1598,2,11,VOLKSWAGEN GOLF,3,-1,0,-1
2021101057656,2021,101057656,2,9,0,3,3,3,7,0,0,4,0,0,0,0,2,1,2,2,2,43,7,1598,2,7,VOLKSWAGEN GOLF,7,E01008850,0,-1
2021991018434,2021,991018434,1,9,0,13,13,1,5,0,0,0,0,0,0,0,3,1,5,6,1,32,6,1968,2,9,VOLKSWAGEN GOLF,2,-1,0,-1
2021010304655,2021,010304655,2,9,0,18,19,3,7,99,99,0,0,0,9,99,4,1,6,6,1,25,5,2000,1,16,VOLKSWAGEN GOLF,4,E01001675,0,-1
2021010312870,2021,010312870,1,9,0,99,99,9,9,99,99,9,9,99,9,99,9,9,6,6,1,27,6,1598,2,7,VOLKSWAGEN GOLF,6,E01001923,0,-1
2021411027323,2021,411027323,1,9,0,4,4,3,7,0,0,5,0,0,0,0,0,1,2,2,1,22,5,1598,2,7,VOLKSWAGEN GOLF,10,E01023476,0,-1
2021421026279,2021,421026279,2,9,0,18,19,5,1,0,0,0,0,0,0,0,4,1,5,6,1,19,4,1896,2,19,VOLKSWAGEN GOLF,1,E01022026,0,-1
2021201119572,2021,201119572,1,9,0,16,19,6,8,0,0,0,5,7,7,10,1,1,5,6,1,21,5,1390,1,15,VOLKSWAGEN GOLF,4,E01009522,0,-1
2021471104134,2021,471104134,1,9,0,18,19,7,3,0,0,0,1,0,0,0,1,1,5,6,2,36,7,1984,1,3,VOLKSWAGEN GOLF,2,E01004129,0,-1
2021010316585,2021,010316585,1,9,0,5,5,0,1,0,0,0,0,0,0,0,2,1,1,1,1,22,5,999,1,2,VOLKSWAGEN GOLF,6,E01001565,0,-1
2021522102039,2021,522102039,1,9,0,4,4,3,7,0,0,0,0,0,0,0,4,1,6,6,1,42,7,1896,2,14,VOLKSWAGEN GOLF,10,E01014479,0,-1
2021131050572,2021,131050572,4,9,0,18,19,5,1,0,0,8,0,0,0,0,0,1,1,1,1,32,6,1984,1,3,VOLKSWAGEN GOLF,6,E01011885,0,-1
2021010305031,2021,010305031,1,9,0,18,19,8,4,0,0,2,1,4,0,0,4,1,6,6,1,35,6,1498,1,2,VOLKSWAGEN GOLF,5,E01001354,0,-1
2021991040277,2021,991040277,1,9,0,18,19,4,8,0,0,0,0,0,0,0,1,1,6,6,1,36,7,1968,2,12,VOLKSWAGEN GOLF,4,-1,0,-1
2021211084401,2021,211084401,1,9,0,4,4,2,5,0,0,0,0,0,0,0,1,1,6,6,2,36,7,1968,2,15,VOLKSWAGEN GOLF,6,E01029389,0,-1
2021361029479,2021,361029479,1,9,0,18,19,7,3,0,0,0,0,0,0,0,1,1,5,6,1,40,7,1968,2,5,VOLKSWAGEN GOLF,8,E01007839,0,-1
2021010306517,2021,010306517,1,9,0,6,6,3,3,0,0,8,0,0,0,0,1,1,6,6,1,31,6,1395,8,1,VOLKSWAGEN GOLF,2,E01033726,0,-1