collision_index,collision_year,collision_ref_no,vehicle_reference,vehicle_type,towing_and_articulation,vehicle_manoeuvre_historic,vehicle_manoeuvre,vehicle_direction_from,vehicle_direction_to,vehicle_location_restricted_lane_historic,vehicle_location_restricted_lane,junction_location,skidding_and_overturning,hit_object_in_carriageway,vehicle_leaving_carriageway,hit_object_off_carriageway,first_point_of_impact,vehicle_left_hand_drive,journey_purpose_of_driver_historic,journey_purpose_of_driver,sex_of_driver,age_of_driver,age_band_of_driver,engine_capacity_cc,propulsion_code,age_of_vehicle,generic_make_model,driver_imd_decile,lsoa_of_driver,escooter_flag,driver_distance_banding
2021131082186,2021,131082186,3,9,0,2,2,0,0,0,0,0,0,0,0,0,3,1,6,6,3,-1,-1,1984,1,14,VOLKSWAGEN GOLF,-1,-1,0,-1
2021010333189,2021,010333189,1,9,0,4,4,5,1,0,0,1,0,0,0,0,1,1,6,6,1,23,5,1498,1,0,VOLKSWAGEN GOLF,4,E01004737,0,-1
2021430151208,2021,430151208,1,9,0,17,19,2,6,0,0,0,0,0,0,0,1,1,6,6,1,39,7,1598,2,9,VOLKSWAGEN GOLF,-1,-1,0,-1
2021101104529,2021,101104529,1,9,0,18,19,7,3,0,0,0,2,7,0,0,3,1,2,2,1,59,9,1968,2,12,VOLKSWAGEN GOLF,-1,-1,0,-1
2021461098330,2021,461098330,1,9,0,3,3,1,5,0,0,0,0,0,0,0,3,1,6,6,1,27,6,1390,1,19,VOLKSWAGEN GOLF,7,E01024801,0,-1
2021411103659,2021,411103659,1,9,0,9,9,4,8,0,0,0,0,0,0,0,4,1,5,6,1,73,10,2000,2,15,VOLKSWAGEN GOLF,9,E01023292,0,-1
2021010343989,2021,010343989,1,9,0,7,7,6,1,0,0,6,0,0,0,0,1,1,6,6,1,60,9,1390,1,10,VOLKSWAGEN GOLF,5,E01001933,0,-1
2021461108697,2021,461108697,1,9,0,18,19,5,3,0,0,0,0,0,0,0,1,1,6,6,1,41,7,1896,2,14,VOLKSWAGEN GOLF,4,E01024698,0,-1
2021010339897,2021,010339897,2,9,0,99,99,9,9,99,99,9,9,99,9,99,9,9,6,6,3,-1,-1,1598,2,6,VOLKSWAGEN GOLF,10,E01002476,0,-1
2021070562296,2021,070562296,1,9,0,18,19,3,1,0,0,1,0,0,0,0,1,1,2,2,2,24,5,1598,2,10,VOLKSWAGEN GOLF,2,E01018542,0,-1
2021201066072,2021,201066072,3,9,0,2,2,0,0,0,0,0,0,0,0,0,3,1,6,6,2,-1,-1,1896,2,15,VOLKSWAGEN GOLF,2,E01009044,0,-1
2021520102592,2021,520102592,2,9,0,18,19,3,7,0,0,0,0,0,0,0,1,1,6,6,2,55,8,1600,2,11,VOLKSWAGEN GOLF,5,E01029336,0,-1
2021010300469,2021,010300469,1,9,0,9,9,5,3,0,0,8,0,0,0,0,4,1,6,6,1,20,4,1390,1,10,VOLKSWAGEN GOLF,5,E01004377,0,-1
2021141074474,2021,141074474,1,9,0,16,19,1,6,0,0,1,0,0,0,0,1,1,2,2,1,24,5,1598,1,27,VOLKSWAGEN GOLF,2,E01008016,0,-1
2021544362521,2021,544362521,1,9,0,5,5,5,6,0,0,8,0,0,0,0,3,1,6,6,1,19,4,1600,1,17,VOLKSWAGEN GOLF,5,E01031933,0,-1
202131D105421,2021,31D105421,2,9,0,18,19,1,5,0,0,2,0,0,0,0,2,1,6,6,1,27,6,1968,2,14,VOLKSWAGEN GOLF,2,E01019469,0,-1
2021451044878,2021,451044878,1,9,0,11,11,8,5,0,0,0,0,0,0,0,1,1,2,2,1,36,7,1968,2,13,VOLKSWAGEN GOLF,6,E01001272,0,-1
2021010341860,2021,010341860,2,9,0,18,19,7,3,0,0,0,0,0,0,0,3,1,6,6,1,27,6,1968,2,4,VOLKSWAGEN GOLF,2,E01000049,0,-1
2021010303554,2021,010303554,1,9,5,18,19,5,1,0,0,8,1,0,0,0,1,1,6,6,1,29,6,1781,1,30,VOLKSWAGEN GOLF,3,E01001742,0,-1
2021131066291,2021,131066291,1,9,0,18,19,3,7,0,0,8,0,0,0,0,1,1,6,6,3,-1,-1,1896,2,13,VOLKSWAGEN GOLF,-1,-1,0,-1
2021201125294,2021,201125294,2,9,0,4,4,4,2,0,0,0,0,0,0,0,2,1,6,6,1,26,6,1197,1,9,VOLKSWAGEN GOLF,5,E01008885,0,-1
2021991076985,2021,991076985,1,9,0,9,9,1,7,0,0,8,0,0,0,0,4,1,2,2,1,28,6,1598,2,9,VOLKSWAGEN GOLF,10,-1,0,-1
2021051041463,2021,051041463,2,9,0,4,4,8,4,0,0,8,0,0,0,0,2,1,5,6,2,26,6,1598,2,4,VOLKSWAGEN GOLF,4,E01010669,0,-1
2021451107045,2021,451107045,2,9,0,7,7,5,1,0,0,6,0,0,0,0,3,1,2,2,1,48,8,1968,2,10,VOLKSWAGEN GOLF,7,E01030858,0,-1
2021010341997,2021,010341997,1,9,0,99,99,9,9,99,99,9,9,99,9,99,2,9,6,6,1,41,7,1395,1,6,VOLKSWAGEN GOLF,5,E01016088,0,-1
2021531031849,2021,531031849,2,9,0,9,9,5,1,0,0,0,0,0,0,0,4,1,6,6,2,59,9,1390,1,11,VOLKSWAGEN GOLF,10,E01022316,0,-1
2021411110716,2021,411110716,2,9,0,12,12,1,5,0,0,0,0,0,0,0,3,1,5,6,1,27,6,1395,1,7,VOLKSWAGEN GOLF,5,E01001322,0,-1
2021371062839,2021,371062839,2,9,0,4,4,2,6,0,0,0,0,0,0,0,2,1,5,6,2,63,9,1498,1,3,VOLKSWAGEN GOLF,8,E01029957,0,-1
2021411030882,2021,411030882,1,9,0,18,19,5,1,0,0,0,0,0,0,0,4,1,6,6,3,-1,-1,1896,2,13,VOLKSWAGEN GOLF,-1,-1,0,-1
2021070407203,2021,070407203,1,9,0,16,19,6,2,0,0,0,1,0,7,10,1,1,6,6,1,18,4,1498,8,0,VOLKSWAGEN GOLF,-1,-1,0,-1
2021411113985,2021,411113985,1,9,0,16,19,2,5,0,0,0,1,0,0,0,1,1,1,1,2,24,5,1968,2,1,VOLKSWAGEN GOLF,10,E01023697,0,-1
2021451119300,2021,451119300,2,9,0,18,19,1,5,0,0,1,0,0,0,0,1,1,2,2,1,25,5,1896,2,19,VOLKSWAGEN GOLF,4,E01016447,0,-1
2021991016891,2021,991016891,1,9,0,14,14,5,1,0,0,0,0,0,0,0,1,1,2,2,1,46,8,999,1,2,VOLKSWAGEN GOLF,4,-1,0,-1
2021010290465,2021,010290465,1,9,0,9,9,7,5,0,0,8,0,0,0,0,4,1,6,6,2,39,7,1390,1,12,VOLKSWAGEN GOLF,3,E01032774,0,-1
2021061103477,2021,061103477,4,9,0,3,3,6,2,0,0,1,0,0,0,0,2,1,5,6,1,29,6,1598,2,9,VOLKSWAGEN GOLF,3,E01005308,0,-1
2021401074365,2021,401074365,2,9,0,2,2,0,0,0,0,0,0,0,0,0,1,1,6,6,1,64,9,1896,2,16,VOLKSWAGEN GOLF,-1,-1,0,-1
2021010348530,2021,010348530,2,9,0,18,19,5,1,0,0,1,0,0,0,0,1,1,3,7,2,27,6,1600,1,17,VOLKSWAGEN GOLF,3,E01002084,0,-1
2021401078053,2021,401078053,1,9,0,18,19,5,1,0,0,0,0,0,0,0,1,1,1,1,1,27,6,1781,1,18,VOLKSWAGEN GOLF,2,E01015802,0,-1
2021131072132,2021,131072132,6,9,0,2,2,0,0,0,0,0,0,0,0,0,1,1,6,6,3,-1,-1,1598,2,10,VOLKSWAGEN GOLF,-1,-1,0,-1
2021010309403,2021,010309403,1,9,0,18,19,1,5,4,4,1,0,0,0,0,0,1,6,6,1,35,6,3200,1,14,VOLKSWAGEN GOLF,2,E01004389,0,-1
2021991074145,2021,991074145,1,9,0,18,19,6,2,0,0,8,0,0,0,0,4,1,2,2,1,32,6,1197,1,10,VOLKSWAGEN GOLF,6,-1,0,-1
2021070633933,2021,070633933,2,9,0,18,19,1,5,0,0,0,0,0,1,0,3,1,6,6,2,42,7,1896,2,12,VOLKSWAGEN GOLF,10,E01014177,0,-1
2021141167772,2021,141167772,1,9,0,9,9,7,5,0,0,1,0,0,0,0,1,1,6,6,2,-1,-1,1600,1,17,VOLKSWAGEN GOLF,1,E01007406,0,-1
2021430446436,2021,430446436,2,9,0,9,9,8,6,0,0,8,0,0,0,0,3,1,6,6,2,-1,-1,1968,2,9,VOLKSWAGEN GOLF,9,E01028213,0,-1
2021421067088,2021,421067088,1,9,0,18,19,7,4,0,0,8,0,0,0,0,4,1,6,6,1,65,9,1984,1,5,VOLKSWAGEN GOLF,10,E01021960,0,-1
2021010349431,2021,010349431,2,9,0,99,99,9,9,99,99,9,9,99,9,99,3,9,6,6,3,-1,-1,1498,1,0,VOLKSWAGEN GOLF,-1,-1,0,-1
2021401107685,2021,401107685,2,9,0,18,19,1,5,0,0,0,0,0,0,0,1,1,6,6,1,59,9,1390,1,17,VOLKSWAGEN GOLF,5,E01015748,0,-1
2021451054106,2021,451054106,2,9,0,18,19,1,5,0,0,0,0,0,0,0,2,1,5,6,2,35,6,1197,1,9,VOLKSWAGEN GOLF,1,E01024658,0,-1
2021052100568,2021,052100568,2,9,0,3,3,7,3,0,0,8,0,0,0,0,2,1,2,2,1,29,6,1598,2,10,VOLKSWAGEN GOLF,3,E01007137,0,-1
2021010310826,2021,010310826,2,9,0,99,99,9,9,99,99,9,9,99,9,99,1,9,6,6,3,-1,-1,1598,2,7,VOLKSWAGEN GOLF,-1,-1,0,-1
2021201072911,2021,201072911,1,9,0,7,7,2,4,0,0,5,0,7,0,0,2,1,2,2,1,26,6,1968,2,1,VOLKSWAGEN GOLF,1,E01033645,0,-1
2021201122262,2021,201122262,1,9,0,18,19,1,6,0,0,8,0,0,0,0,1,1,6,6,1,41,7,1600,1,16,VOLKSWAGEN GOLF,5,E01009615,0,-1
2021302101208,2021,302101208,2,9,5,18,19,2,6,0,0,8,0,0,0,0,4,1,6,6,1,70,10,1395,1,5,VOLKSWAGEN GOLF,6,E01019411,0,-1
2021411036764,2021,411036764,3,9,0,3,3,-1,-1,0,0,0,0,0,0,0,2,1,6,6,1,58,9,1968,2,6,VOLKSWAGEN GOLF,10,E01023610,0,-1
2021141105525,2021,141105525,2,9,0,18,19,5,1,0,0,0,0,0,0,0,1,1,6,6,1,-1,-1,1598,2,9,VOLKSWAGEN GOLF,1,E01007883,0,-1
2021351054074,2021,351054074,1,9,0,10,10,5,3,0,0,8,0,0,0,0,1,1,2,2,1,35,6,1598,2,6,VOLKSWAGEN GOLF,9,E01018029,0,-1
2021010344400,2021,010344400,2,9,0,9,9,8,6,0,0,1,0,0,0,0,1,1,6,6,2,41,7,999,1,4,VOLKSWAGEN GOLF,5,E01003134,0,-1
2021201042414,2021,201042414,4,9,0,2,2,0,0,0,0,0,0,0,0,0,2,1,6,6,2,-1,-1,1968,2,8,VOLKSWAGEN GOLF,5,E01009230,0,-1
20211381M1309,2021,1381M1309,1,9,0,18,19,5,1,0,0,0,0,0,0,0,1,1,6,6,1,20,4,1968,2,9,VOLKSWAGEN GOLF,9,E01010764,0,-1
2021010287960,2021,010287960,1,9,0,7,7,3,6,0,0,5,0,0,0,0,2,1,6,6,2,20,4,1598,1,14,VOLKSWAGEN GOLF,1,E01004272,0,-1
2021421020220,2021,421020220,1,9,0,17,19,5,2,0,0,8,1,10,1,11,1,1,2,2,1,31,6,1896,2,14,VOLKSWAGEN GOLF,3,E01033051,0,-1
2021451065460,2021,451065460,3,9,0,18,19,1,5,0,0,0,0,0,0,0,2,1,6,6,1,38,7,1896,2,13,VOLKSWAGEN GOLF,7,E01023116,0,-1
2021010296452,2021,010296452,2,9,0,10,10,1,7,0,0,2,0,0,0,0,1,1,3,7,2,43,7,1600,2,12,VOLKSWAGEN GOLF,2,E01003196,0,-1
2021131045695,2021,131045695,1,9,0,18,19,1,5,0,0,1,0,0,0,0,1,2,6,6,1,22,5,1984,1,5,VOLKSWAGEN GOLF,1,E01011624,0,-1
2021010324464,2021,010324464,1,9,0,9,9,5,3,0,0,8,0,0,0,0,1,1,6,6,1,20,4,1984,1,5,VOLKSWAGEN GOLF,2,E01003097,0,-1
2021061041627,2021,061041627,2,9,0,16,19,3,7,0,0,8,0,0,0,0,0,1,1,1,2,37,7,1984,1,2,VOLKSWAGEN GOLF,-1,-1,0,-1
2021041113163,2021,041113163,1,9,0,9,9,5,3,0,0,8,0,0,0,0,3,1,5,6,1,46,8,1984,1,4,VOLKSWAGEN GOLF,10,E01025403,0,-1
2021522106151,2021,522106151,1,9,0,18,19,3,7,0,0,3,0,0,0,0,3,1,6,6,1,22,5,1595,1,12,VOLKSWAGEN GOLF,6,E01032519,0,-1
2021010291129,2021,010291129,2,9,0,99,99,9,9,99,99,0,9,99,9,99,9,9,6,6,3,-1,-1,1598,2,10,VOLKSWAGEN GOLF,2,E01003489,0,-1
2021010349900,2021,010349900,2,9,0,9,9,3,8,0,0,5,0,0,0,0,3,1,6,6,1,26,6,1598,2,8,VOLKSWAGEN GOLF,8,E01023141,0,-1
2021451022304,2021,451022304,4,9,0,10,10,5,3,0,0,1,0,0,0,0,2,1,5,6,2,35,6,1390,1,12,VOLKSWAGEN GOLF,8,E01030928,0,-1
2021201114398,2021,201114398,1,9,0,18,19,4,8,0,0,0,1,4,0,0,2,1,5,6,1,19,4,1968,2,0,VOLKSWAGEN GOLF,2,E01009391,0,-1
2021221032896,2021,221032896,1,9,0,17,19,8,5,0,0,0,0,0,0,0,1,1,5,6,1,53,8,1968,2,12,VOLKSWAGEN GOLF,4,E01021177,0,-1
2021061094058,2021,061094058,1,9,0,14,14,3,7,0,0,8,0,0,0,0,1,1,6,6,2,52,8,1968,2,10,VOLKSWAGEN GOLF,10,E01006139,0,-1
2021991011456,2021,991011456,1,9,0,18,19,1,5,0,0,0,2,0,8,11,1,1,5,6,1,31,6,1968,2,6,VOLKSWAGEN GOLF,1,-1,0,-1
2021451067017,2021,451067017,1,9,0,3,3,5,4,0,0,0,0,0,0,0,2,1,5,6,2,54,8,1498,1,1,VOLKSWAGEN GOLF,10,E01025641,0,-1
2021131098668,2021,131098668,1,9,0,18,19,5,1,0,0,2,0,0,0,0,4,1,6,6,2,20,4,1598,2,11,VOLKSWAGEN GOLF,7,E01011595,0,-1
2021170L10241,2021,170L10241,1,9,0,16,19,4,6,0,0,0,0,0,8,7,1,1,6,6,1,22,5,1598,2,6,VOLKSWAGEN GOLF,1,E01012074,0,-1
2021302100265,2021,302100265,3,9,0,18,19,6,2,0,0,3,0,0,0,0,1,1,6,6,2,23,5,1197,1,8,VOLKSWAGEN GOLF,4,E01013537,0,-1
2021451064634,2021,451064634,2,9,0,3,3,6,2,0,0,0,0,0,0,0,2,1,5,6,2,25,5,1600,2,12,VOLKSWAGEN GOLF,4,E01030816,0,-1
2021991083963,2021,991083963,1,9,0,12,12,7,3,0,0,0,0,0,0,0,1,1,5,6,1,32,6,999,1,4,VOLKSWAGEN GOLF,6,-1,0,-1
2021010345258,2021,010345258,2,9,0,2,2,0,0,0,0,0,0,0,0,0,1,1,6,6,3,-1,-1,1390,1,12,VOLKSWAGEN GOLF,-1,-1,0,-1
2021401017620,2021,401017620,1,9,0,5,5,1,2,0,0,8,0,0,0,0,1,1,5,6,1,51,8,1600,2,11,VOLKSWAGEN GOLF,2,E01015720,0,-1
2021201095781,2021,201095781,3,9,0,18,19,2,6,0,0,1,0,0,0,0,1,1,6,6,1,19,4,1390,1,10,VOLKSWAGEN GOLF,1,E01008916,0,-1
2021361078199,2021,361078199,1,9,0,18,19,5,1,0,0,0,0,0,1,4,1,1,5,6,1,25,5,1598,2,1,VOLKSWAGEN GOLF,1,E01030250,0,-1
2021010320911,2021,010320911,2,9,0,3,3,7,3,0,0,8,0,0,0,0,2,1,2,2,1,62,9,1968,2,15,VOLKSWAGEN GOLF,3,E01002030,0,-1
2021451085008,2021,451085008,1,9,0,9,9,3,1,0,0,6,0,0,0,0,2,1,5,6,2,35,6,2000,2,17,VOLKSWAGEN GOLF,10,E01030378,0,-1
2021231119296,2021,231119296,2,9,0,3,3,5,1,0,0,8,0,0,0,0,2,1,5,6,1,41,7,1984,1,11,VOLKSWAGEN GOLF,1,E01009564,0,-1
2021010289340,2021,010289340,2,9,0,9,9,3,1,0,0,8,0,0,0,0,4,1,4,7,2,25,5,1498,1,1,VOLKSWAGEN GOLF,3,E01033150,0,-1
2021401085605,2021,401085605,2,9,0,2,2,0,0,0,0,0,0,0,0,0,1,1,6,6,3,-1,-1,1598,2,10,VOLKSWAGEN GOLF,-1,-1,0,-1
2021010328103,2021,010328103,2,9,0,18,19,3,7,0,0,1,0,0,0,0,1,9,6,6,1,23,5,1598,2,10,VOLKSWAGEN GOLF,3,E01002623,0,-1
2021471014567,2021,471014567,1,9,0,18,19,6,2,0,0,1,0,0,0,0,1,1,5,6,1,28,6,1390,1,16,VOLKSWAGEN GOLF,10,E01031775,0,-1
2021302101552,2021,302101552,1,9,0,16,19,4,6,0,0,2,0,0,7,11,1,1,6,6,1,37,7,1390,1,17,VOLKSWAGEN GOLF,5,E01007980,0,-1
2021522104534,2021,522104534,1,9,0,7,7,2,6,0,0,6,0,0,0,0,2,1,6,6,2,42,7,1390,1,12,VOLKSWAGEN GOLF,10,E01031949,0,-1
2021201065512,2021,201065512,1,9,0,18,19,2,5,0,0,6,0,4,0,0,1,1,6,6,1,18,4,1598,2,1,VOLKSWAGEN GOLF,1,E01009570,0,-1
2021501070120,2021,501070120,1,9,0,18,19,6,2,0,0,0,0,4,0,0,4,1,6,6,2,18,4,1968,2,6,VOLKSWAGEN GOLF,5,E01018923,0,-1
2021461078438,2021,461078438,1,9,0,18,19,1,5,0,0,0,1,0,0,0,3,1,6,6,1,21,5,2000,2,16,VOLKSWAGEN GOLF,5,E01033089,0,-1
2021440238021,2021,440238021,1,9,0,9,9,6,8,0,0,8,0,0,0,0,1,1,2,2,1,44,7,1968,2,11,VOLKSWAGEN GOLF,2,E01017117,0,-1
2021201073023,2021,201073023,2,9,0,2,2,0,0,0,0,2,0,0,0,0,1,1,6,6,2,26,6,1598,2,6,VOLKSWAGEN GOLF,3,E01009969,0,-1
2021131033591,2021,131033591,1,9,0,18,19,7,3,0,0,8,0,0,0,0,1,1,6,6,2,-1,-1,1598,2,5,VOLKSWAGEN GOLF,-1,-1,0,-1
2021531093220,2021,531093220,2,9,0,16,19,4,6,0,0,1,0,0,0,0,1,1,5,6,1,56,9,1968,2,15,VOLKSWAGEN GOLF,4,E01032936,0,-1
2021010313240,2021,010313240,3,9,0,3,3,5,1,0,0,1,0,0,0,0,2,1,6,6,1,30,6,1498,8,1,VOLKSWAGEN GOLF,-1,-1,0,-1
2021010311686,2021,010311686,2,9,0,99,99,9,9,99,99,9,9,99,9,99,2,9,6,6,3,-1,-1,1395,1,7,VOLKSWAGEN GOLF,7,E01002199,0,-1
2021461035539,2021,461035539,1,9,0,9,9,1,5,0,0,1,0,0,0,0,1,1,6,6,1,25,5,1900,2,16,VOLKSWAGEN GOLF,7,E01016078,0,-1
2021141096755,2021,141096755,2,9,0,11,11,1,5,0,0,1,0,0,1,0,1,1,6,6,2,-1,-1,1968,2,7,VOLKSWAGEN GOLF,7,E01007700,0,-1
202131C000321,2021,31C000321,1,9,0,13,13,5,1,0,0,0,0,0,0,0,0,1,6,6,1,-1,-1,1968,2,9,VOLKSWAGEN GOLF,-1,-1,0,-1
2021201044031,2021,201044031,2,9,0,18,19,5,1,0,0,0,0,0,0,0,2,1,6,6,2,28,6,1498,1,1,VOLKSWAGEN GOLF,7,E01029379,0,-1
2021201028606,2021,201028606,3,9,0,2,2,0,0,0,0,0,0,0,0,0,1,1,6,6,1,26,6,1598,2,4,VOLKSWAGEN GOLF,1,E01010367,0,-1
2021421112432,2021,421112432,1,9,0,18,19,6,2,0,0,0,0,0,0,0,3,1,5,6,1,23,5,1498,1,1,VOLKSWAGEN GOLF,9,E01021721,0,-1
2021411032078,2021,411032078,2,9,0,18,19,1,5,0,0,0,0,0,0,0,2,1,6,6,2,38,7,1390,1,8,VOLKSWAGEN GOLF,3,E01015801,0,-1
2021201065172,2021,201065172,2,9,0,18,19,3,7,0,0,8,0,0,0,0,3,1,6,6,2,29,6,1598,2,7,VOLKSWAGEN GOLF,7,E01009039,0,-1
2021991097992,2021,991097992,1,9,0,17,19,1,5,0,0,0,1,0,5,0,1,1,6,6,1,27,6,1968,2,12,VOLKSWAGEN GOLF,1,-1,0,-1
2021201032880,2021,201032880,1,9,0,9,9,8,6,0,0,6,0,0,0,0,1,1,6,6,2,36,7,1896,2,19,VOLKSWAGEN GOLF,1,E01009957,0,-1
2021451047372,2021,451047372,1,9,0,18,19,5,1,0,0,0,1,0,0,0,1,1,2,2,1,22,5,1390,1,14,VOLKSWAGEN GOLF,8,E01031732,0,-1
2021010298312,2021,010298312,4,9,0,2,2,0,0,0,0,2,0,0,0,0,3,1,6,6,3,-1,-1,1896,2,18,VOLKSWAGEN GOLF,-1,-1,0,-1
2021302101538,2021,302101538,2,9,0,14,14,2,6,0,0,0,0,0,0,0,1,1,6,6,3,-1,-1,2000,2,16,VOLKSWAGEN GOLF,5,E01019456,0,-1
2021991011635,2021,991011635,2,9,0,18,19,2,6,0,0,0,0,0,0,0,1,1,2,2,1,51,8,999,1,2,VOLKSWAGEN GOLF,7,-1,0,-1
2021010342619,2021,010342619,1,9,0,99,99,9,9,99,99,9,9,99,9,99,2,9,6,6,1,25,5,1984,1,6,VOLKSWAGEN GOLF,4,E01002448,0,-1
2021010333245,2021,010333245,2,9,0,99,99,9,9,99,99,9,9,99,9,99,9,9,6,6,3,-1,-1,1600,1,22,VOLKSWAGEN GOLF,-1,-1,0,-1
2021302101562,2021,302101562,2,9,0,2,2,0,0,9,9,0,0,0,0,0,2,1,6,6,3,-1,-1,1598,1,16,VOLKSWAGEN GOLF,-1,-1,0,-1
2021010348866,2021,010348866,2,9,0,18,19,5,1,0,0,0,0,0,0,0,1,1,2,2,1,36,7,1498,1,1,VOLKSWAGEN GOLF,6,E01023306,0,-1
2021302101777,2021,302101777,2,9,0,18,19,8,4,0,0,0,0,0,0,0,3,1,6,6,1,31,6,1968,2,6,VOLKSWAGEN GOLF,1,E01013566,0,-1
2021010347272,2021,010347272,1,9,0,1,1,1,5,8,6,6,0,0,0,0,2,1,3,7,1,27,6,1390,1,10,VOLKSWAGEN GOLF,4,E01001323,0,-1
2021440270422,2021,440270422,2,9,0,18,19,4,8,0,0,1,0,0,0,0,1,1,6,6,2,24,5,1390,1,17,VOLKSWAGEN GOLF,4,E01023192,0,-1
202154A164821,2021,54A164821,1,9,0,18,19,4,1,0,0,3,0,0,0,0,1,1,1,1,2,28,6,1390,1,14,VOLKSWAGEN GOLF,8,E01032110,0,-1
2021421099463,2021,421099463,1,9,0,9,9,5,1,0,0,0,2,0,0,0,4,1,5,6,1,24,5,1968,2,8,VOLKSWAGEN GOLF,6,E01021769,0,-1
2021471114076,2021,471114076,1,9,0,1,1,2,6,0,0,0,0,0,0,0,2,1,6,6,3,-1,-1,1968,2,13,VOLKSWAGEN GOLF,-1,-1,0,-1
20211383T0730,2021,1383T0730,2,9,0,18,19,6,2,0,0,1,0,0,7,0,4,1,6,6,2,41,7,1968,2,6,VOLKSWAGEN GOLF,2,E01010740,0,-1
2021010333615,2021,010333615,2,9,0,18,19,7,3,0,0,1,0,0,0,0,1,1,6,6,1,42,7,1395,8,6,VOLKSWAGEN GOLF,2,E01003983,0,-1
2021131105343,2021,131105343,1,9,0,18,19,3,3,0,0,0,0,0,0,0,4,1,6,6,1,45,7,1598,1,18,VOLKSWAGEN GOLF,2,E01011010,0,-1
2021421101774,2021,421101774,2,9,0,18,19,5,1,0,0,0,0,0,0,0,0,1,5,6,2,35,6,1395,1,4,VOLKSWAGEN GOLF,2,E01001976,0,-1
2021010297506,2021,010297506,2,9,9,99,99,9,9,99,99,9,9,99,9,99,9,9,6,6,3,-1,-1,1598,2,10,VOLKSWAGEN GOLF,-1,-1,0,-1
2021010328187,2021,010328187,1,9,0,9,9,2,1,2,2,1,0,0,0,0,1,1,6,6,2,27,6,999,1,4,VOLKSWAGEN GOLF,3,E01004012,0,-1
2021131078415,2021,131078415,6,9,0,2,2,0,0,0,0,0,0,0,0,0,2,1,6,6,3,-1,-1,1896,2,12,VOLKSWAGEN GOLF,-1,-1,0,-1
2021010313880,2021,010313880,2,9,0,9,9,1,7,1,1,6,1,0,0,0,1,1,6,6,1,34,6,1498,8,1,VOLKSWAGEN GOLF,3,E01001349,0,-1
2021461044430,2021,461044430,1,9,0,18,19,5,1,0,0,0,0,0,0,0,3,1,6,6,1,-1,-1,1600,1,17,VOLKSWAGEN GOLF,7,E01024636,0,-1
2021010299820,2021,010299820,2,9,9,99,99,9,9,99,99,9,9,99,9,99,9,9,6,6,3,47,8,1968,2,13,VOLKSWAGEN GOLF,2,E01002031,0,-1
2021122100772,2021,122100772,2,9,0,3,3,3,7,0,0,0,0,0,0,0,2,1,6,6,1,23,5,1984,1,16,VOLKSWAGEN GOLF,10,E01013375,0,-1
2021461048186,2021,461048186,3,9,0,2,2,0,0,0,0,1,0,0,0,0,0,1,6,6,2,26,6,999,1,3,VOLKSWAGEN GOLF,6,E01024674,0,-1
2021010348946,2021,010348946,2,9,0,2,2,0,0,99,99,9,0,99,9,99,9,9,6,6,3,-1,-1,1498,1,1,VOLKSWAGEN GOLF,-1,-1,0,-1
2021010320340,2021,010320340,1,9,0,2,2,0,0,0,0,8,0,0,0,0,2,1,6,6,3,-1,-1,1395,8,0,VOLKSWAGEN GOLF,-1,-1,0,-1
2021302100003,2021,302100003,1,9,0,13,13,4,8,0,0,8,0,4,0,0,1,1,6,6,3,-1,-1,2000,2,16,VOLKSWAGEN GOLF,5,E01019456,0,-1
2021231018492,2021,231018492,1,9,0,17,19,4,1,0,0,0,1,0,1,9,1,1,5,6,1,19,4,1390,1,17,VOLKSWAGEN GOLF,9,E01031222,0,-1
2021541473421,2021,541473421,1,9,0,18,19,4,8,0,0,0,0,0,0,0,1,1,6,6,1,44,7,999,1,4,VOLKSWAGEN GOLF,5,E01031611,0,-1
2021010345879,2021,010345879,1,9,0,5,5,3,7,0,0,1,0,0,0,0,1,1,6,6,2,28,6,1390,1,13,VOLKSWAGEN GOLF,2,E01002090,0,-1
2021991088545,2021,991088545,1,9,0,6,6,3,3,0,0,0,0,0,0,0,4,1,5,6,1,84,11,1968,2,11,VOLKSWAGEN GOLF,10,-1,0,-1
202131D100121,2021,31D100121,1,9,0,3,3,2,6,8,6,0,0,0,0,0,3,1,6,6,1,26,6,1984,1,7,VOLKSWAGEN GOLF,7,E01028387,0,-1
2021010339767,2021,010339767,1,9,0,10,10,5,3,0,0,5,0,0,0,0,4,1,6,6,1,35,6,1395,1,5,VOLKSWAGEN GOLF,2,E01000951,0,-1
2021101109749,2021,101109749,2,9,0,18,19,1,5,0,0,8,0,0,1,0,1,1,2,2,2,54,8,1968,2,2,VOLKSWAGEN GOLF,6,E01027368,0,-1
2021010318109,2021,010318109,3,9,0,2,2,0,0,0,0,0,0,0,0,0,1,1,6,6,3,-1,-1,1395,1,6,VOLKSWAGEN GOLF,-1,-1,0,-1
20211381E0275,2021,1381E0275,2,9,0,18,19,4,8,0,0,0,0,0,0,0,1,1,6,6,2,-1,-1,1598,2,9,VOLKSWAGEN GOLF,3,E01010789,0,-1
2021451117818,2021,451117818,2,9,0,7,7,3,7,0,0,1,0,0,1,0,2,1,6,6,2,68,10,1598,2,7,VOLKSWAGEN GOLF,8,E01030838,0,-1
2021010318491,2021,010318491,1,9,0,4,4,7,3,0,0,0,0,0,0,0,2,1,2,2,1,37,7,1390,1,11,VOLKSWAGEN GOLF,4,E01030745,0,-1
2021451081949,2021,451081949,1,9,0,4,4,5,1,0,0,1,0,0,0,0,2,1,2,2,2,56,9,1390,1,10,VOLKSWAGEN GOLF,10,E01030807,0,-1
2021430139737,2021,430139737,2,9,0,2,2,0,0,0,0,0,0,0,0,0,2,1,6,6,3,-1,-1,1900,2,16,VOLKSWAGEN GOLF,-1,-1,0,-1
2021010295565,2021,010295565,1,9,0,18,19,5,1,0,0,1,0,10,0,0,1,1,6,6,1,54,8,1896,2,18,VOLKSWAGEN GOLF,5,E01000975,0,-1
2021061138788,2021,061138788,1,9,0,3,3,6,2,0,0,0,0,0,0,0,1,1,6,6,3,30,6,1968,2,14,VOLKSWAGEN GOLF,-1,-1,0,-1