collision_index,collision_year,collision_ref_no,vehicle_reference,vehicle_type,towing_and_articulation,vehicle_manoeuvre_historic,vehicle_manoeuvre,vehicle_direction_from,vehicle_direction_to,vehicle_location_restricted_lane_historic,vehicle_location_restricted_lane,junction_location,skidding_and_overturning,hit_object_in_carriageway,vehicle_leaving_carriageway,hit_object_off_carriageway,first_point_of_impact,vehicle_left_hand_drive,journey_purpose_of_driver_historic,journey_purpose_of_driver,sex_of_driver,age_of_driver,age_band_of_driver,engine_capacity_cc,propulsion_code,age_of_vehicle,generic_make_model,driver_imd_decile,lsoa_of_driver,escooter_flag,driver_distance_banding
2021361082134,2021,361082134,2,9,0,5,5,3,2,0,0,0,0,0,0,0,4,1,5,6,2,27,6,2000,2,16,VOLKSWAGEN GOLF,4,E01026705,0,-1
2021131111321,2021,131111321,2,9,0,18,19,1,5,0,0,8,0,0,0,0,1,1,5,6,2,25,5,1968,2,4,VOLKSWAGEN GOLF,3,E01011257,0,-1
2021010313763,2021,010313763,1,9,0,99,99,9,9,99,99,9,9,99,9,99,1,9,6,6,2,25,5,1598,2,10,VOLKSWAGEN GOLF,6,E01030134,0,-1
2021010319681,2021,010319681,1,9,0,99,99,9,9,99,99,0,9,99,9,99,2,9,6,6,1,29,6,1390,1,17,VOLKSWAGEN GOLF,3,E01003025,0,-1
2021061077747,2021,061077747,1,9,0,9,9,7,4,0,0,0,0,0,0,0,1,1,6,6,1,25,5,1598,2,8,VOLKSWAGEN GOLF,-1,-1,0,-1
2021991079264,2021,991079264,1,9,0,18,19,5,1,0,0,1,0,0,0,0,1,1,5,6,1,25,5,1598,2,3,VOLKSWAGEN GOLF,2,-1,0,-1
2021201098493,2021,201098493,1,8,0,4,4,2,6,0,0,1,0,0,0,0,2,1,1,1,1,40,7,1598,2,6,VOLKSWAGEN GOLF,1,E01009374,0,-1
2021161043992,2021,161043992,1,9,0,18,19,1,5,0,0,8,0,0,0,0,3,1,6,6,2,35,6,1968,2,10,VOLKSWAGEN GOLF,5,E01013236,0,-1
2021451075986,2021,451075986,1,9,0,18,19,1,5,0,0,8,0,0,0,0,1,1,5,6,2,74,10,1395,1,5,VOLKSWAGEN GOLF,10,E01030396,0,-1
202134WNC2491,2021,34WNC2491,2,9,0,18,19,5,1,0,0,0,0,0,0,0,2,1,6,6,1,63,9,2000,2,12,VOLKSWAGEN GOLF,2,E01016726,0,-1
2021161043203,2021,161043203,1,9,0,18,19,2,6,0,0,1,0,0,0,0,1,1,5,6,1,50,8,1896,2,13,VOLKSWAGEN GOLF,1,E01033110,0,-1
2021461103731,2021,461103731,1,9,0,18,19,3,7,0,0,1,0,0,0,0,1,1,6,6,2,-1,-1,2000,2,14,VOLKSWAGEN GOLF,-1,-1,0,-1
2021461065301,2021,461065301,1,9,0,18,19,2,6,0,0,0,0,0,0,0,1,1,6,6,1,29,6,1598,2,8,VOLKSWAGEN GOLF,6,E01016075,0,-1
2021461059828,2021,461059828,1,9,0,18,19,5,2,0,0,8,0,9,1,0,1,1,5,6,2,84,11,1781,1,24,VOLKSWAGEN GOLF,4,E01024510,0,-1
2021010303226,2021,010303226,1,9,9,99,99,9,9,99,99,0,9,99,9,99,9,9,6,6,1,35,6,1598,1,15,VOLKSWAGEN GOLF,1,E01004312,0,-1
2021010315572,2021,010315572,1,9,0,99,99,9,9,99,99,9,9,99,9,99,2,9,6,6,1,26,6,1968,2,7,VOLKSWAGEN GOLF,6,E01001519,0,-1
2021061095891,2021,061095891,1,9,0,18,19,3,7,0,0,1,0,0,0,0,1,1,6,6,3,30,6,1968,2,10,VOLKSWAGEN GOLF,-1,-1,0,-1
2021991071376,2021,991071376,1,9,0,9,9,4,1,0,0,1,0,0,0,0,3,1,6,6,2,45,7,1598,2,10,VOLKSWAGEN GOLF,3,-1,0,-1
2021010315851,2021,010315851,1,9,0,9,9,3,2,0,0,5,0,0,7,0,3,1,6,6,1,34,6,1896,2,13,VOLKSWAGEN GOLF,8,E01023446,0,-1
2021041042939,2021,041042939,2,9,0,17,19,1,7,0,0,1,0,0,0,0,1,1,5,6,1,28,6,1598,2,10,VOLKSWAGEN GOLF,1,E01012594,0,-1
2021501102203,2021,501102203,2,9,0,18,19,3,7,0,0,0,0,0,0,0,3,1,1,1,1,41,7,1984,1,5,VOLKSWAGEN GOLF,4,E01015029,0,-1
202134NNC6101,2021,34NNC6101,1,9,0,18,19,1,5,0,0,0,0,0,1,4,4,1,6,6,2,34,6,1598,2,10,VOLKSWAGEN GOLF,7,E01027078,0,-1
2021421100826,2021,421100826,1,9,0,4,4,5,1,0,0,0,0,0,0,0,2,1,5,6,1,49,8,1197,1,7,VOLKSWAGEN GOLF,-1,-1,0,-1
2021111110558,2021,111110558,3,9,0,18,19,6,2,0,0,0,2,0,1,4,3,1,6,6,2,37,7,1395,1,3,VOLKSWAGEN GOLF,3,E01020836,0,-1
2021361019465,2021,361019465,1,9,0,9,9,1,7,0,0,1,0,0,0,0,2,1,5,6,2,73,10,1498,1,2,VOLKSWAGEN GOLF,7,E01026669,0,-1
2021501036049,2021,501036049,2,9,0,4,4,1,5,0,0,1,0,0,0,0,2,1,6,6,2,28,6,1900,2,17,VOLKSWAGEN GOLF,6,E01019027,0,-1
2021010319926,2021,010319926,2,9,0,14,14,8,4,0,0,1,0,0,0,0,1,1,6,6,1,-1,-1,1900,2,14,VOLKSWAGEN GOLF,-1,-1,0,-1
2021010305283,2021,010305283,2,9,0,18,19,3,7,0,0,1,0,0,0,0,1,9,6,6,3,-1,-1,1600,1,17,VOLKSWAGEN GOLF,-1,-1,0,-1
2021430230460,2021,430230460,1,9,0,9,9,4,2,0,0,5,0,0,0,0,1,1,6,6,1,30,6,1968,2,13,VOLKSWAGEN GOLF,4,E01017905,0,-1
2021010329071,2021,010329071,1,9,0,1,1,1,5,0,0,0,0,4,0,0,2,1,6,6,1,22,5,1968,2,5,VOLKSWAGEN GOLF,-1,-1,0,-1
2021010295552,2021,010295552,2,9,0,4,4,1,5,0,0,0,0,0,0,0,2,1,6,6,1,22,5,1968,2,7,VOLKSWAGEN GOLF,1,E01003488,0,-1
2021221124139,2021,221124139,1,9,0,13,13,4,8,0,0,0,5,10,8,11,1,1,1,1,1,27,6,1800,1,22,VOLKSWAGEN GOLF,5,E01014065,0,-1
2021010343302,2021,010343302,2,9,0,9,9,3,1,0,0,1,0,0,0,0,1,1,6,6,1,80,11,1968,2,9,VOLKSWAGEN GOLF,6,E01003157,0,-1
2021010319686,2021,010319686,3,9,0,2,2,0,0,0,0,1,0,0,0,0,2,1,6,6,3,-1,-1,1395,1,7,VOLKSWAGEN GOLF,-1,-1,0,-1
2021401059237,2021,401059237,3,9,0,18,19,3,7,0,0,0,0,0,0,0,1,1,5,6,1,22,5,1598,2,8,VOLKSWAGEN GOLF,4,E01015712,0,-1
2021421120302,2021,421120302,1,9,0,17,19,2,4,0,0,0,0,11,0,0,1,1,5,6,2,18,4,1896,2,18,VOLKSWAGEN GOLF,6,E01021796,0,-1
202134NNC2631,2021,34NNC2631,1,9,0,18,19,1,5,0,0,0,0,0,7,7,1,1,6,6,1,17,4,1968,2,0,VOLKSWAGEN GOLF,1,E01007508,0,-1
2021131085499,2021,131085499,1,9,0,11,11,5,7,0,0,0,2,11,2,1,1,1,5,6,1,20,4,1968,2,14,VOLKSWAGEN GOLF,1,E01010622,0,-1
2021061101394,2021,061101394,2,9,0,18,19,8,4,0,0,1,0,0,0,0,1,1,5,6,2,47,8,1598,2,5,VOLKSWAGEN GOLF,5,E01005944,0,-1
2021010306552,2021,010306552,1,9,0,18,19,1,5,0,0,3,1,10,1,2,3,1,6,6,1,23,5,1896,2,18,VOLKSWAGEN GOLF,1,-1,0,-1
2021361089813,2021,361089813,2,9,0,2,2,0,0,0,0,0,0,0,0,0,3,1,5,6,1,22,5,3200,1,14,VOLKSWAGEN GOLF,3,E01026453,0,-1
2021991023184,2021,991023184,1,9,0,5,5,2,8,0,0,6,0,0,0,0,3,1,5,6,2,17,4,1598,2,8,VOLKSWAGEN GOLF,8,-1,0,-1
2021221021708,2021,221021708,1,9,0,9,9,6,4,0,0,7,0,0,0,0,1,1,5,6,2,22,5,1896,2,13,VOLKSWAGEN GOLF,6,W01000524,0,-1
20211382B0194,2021,1382B0194,1,9,0,18,19,6,2,0,0,0,0,0,0,0,1,1,2,2,1,34,6,1498,8,1,VOLKSWAGEN GOLF,2,E01011740,0,-1
2021041141504,2021,041141504,4,9,0,2,2,0,0,0,0,0,0,0,0,0,4,1,6,6,3,-1,-1,1395,8,0,VOLKSWAGEN GOLF,-1,-1,0,-1
2021101096639,2021,101096639,1,9,0,18,19,1,5,0,0,0,0,0,0,0,1,1,6,6,1,-1,-1,1968,2,7,VOLKSWAGEN GOLF,3,E01020621,0,-1
2021010330465,2021,010330465,1,9,0,99,99,9,9,99,99,9,9,99,9,99,1,9,6,6,1,34,6,1968,2,4,VOLKSWAGEN GOLF,2,E01004207,0,-1
2021201057958,2021,201057958,1,9,0,14,14,6,2,0,0,0,0,0,0,0,1,1,6,6,2,26,6,1598,2,6,VOLKSWAGEN GOLF,2,E01010563,0,-1
2021010295915,2021,010295915,3,9,0,2,2,0,0,0,0,0,0,0,0,0,3,1,6,6,3,-1,-1,1390,1,10,VOLKSWAGEN GOLF,-1,-1,0,-1
2021131038290,2021,131038290,2,9,0,18,19,1,5,0,0,8,0,0,0,0,3,1,6,6,3,-1,-1,1984,1,7,VOLKSWAGEN GOLF,-1,-1,0,-1
2021010306702,2021,010306702,1,9,0,99,99,9,9,99,99,9,9,99,9,99,2,9,6,6,1,41,7,1390,1,14,VOLKSWAGEN GOLF,4,E01003259,0,-1
2021010299561,2021,010299561,1,9,0,17,19,1,5,0,0,0,5,10,1,2,4,1,6,6,1,27,6,1197,1,7,VOLKSWAGEN GOLF,3,E01003569,0,-1
2021991011310,2021,991011310,1,9,0,17,19,8,4,0,0,0,2,10,0,0,1,1,2,2,2,24,5,1896,2,19,VOLKSWAGEN GOLF,10,-1,0,-1
2021010299166,2021,010299166,3,9,0,18,19,7,3,0,0,0,0,0,0,0,1,1,6,6,1,39,7,1395,8,3,VOLKSWAGEN GOLF,3,E01001942,0,-1
2021201115787,2021,201115787,2,9,0,5,5,-1,-1,0,0,6,0,0,0,0,1,1,6,6,3,-1,-1,1984,1,4,VOLKSWAGEN GOLF,-1,-1,0,-1
2021471074113,2021,471074113,2,9,0,9,9,8,5,0,0,8,0,0,0,0,1,1,5,6,1,43,7,1395,1,5,VOLKSWAGEN GOLF,3,E01031372,0,-1
2021451026086,2021,451026086,2,9,0,5,5,5,1,0,0,0,0,0,0,0,1,1,6,6,1,19,4,1390,1,16,VOLKSWAGEN GOLF,4,E01030503,0,-1
2021010341128,2021,010341128,1,9,0,99,99,9,9,0,0,0,0,0,0,0,1,1,6,6,2,55,8,1598,1,20,VOLKSWAGEN GOLF,7,E01032573,0,-1
2021531018127,2021,531018127,4,9,0,3,3,6,2,0,0,8,0,0,0,0,2,1,5,6,2,41,7,1395,1,4,VOLKSWAGEN GOLF,9,E01022282,0,-1
2021131093590,2021,131093590,3,9,0,2,2,0,0,0,0,8,0,0,0,0,2,1,6,6,3,-1,-1,1395,1,4,VOLKSWAGEN GOLF,-1,-1,0,-1
2021131071824,2021,131071824,3,9,0,18,19,8,2,0,0,0,0,0,0,0,4,1,6,6,2,24,5,1896,2,13,VOLKSWAGEN GOLF,1,E01025227,0,-1
2021161024270,2021,161024270,2,9,0,5,5,4,8,0,0,2,0,0,0,0,3,1,5,6,1,28,6,1896,2,19,VOLKSWAGEN GOLF,1,E01013208,0,-1
2021302100827,2021,302100827,1,9,0,14,14,0,0,0,0,0,0,0,0,0,1,1,6,6,2,25,5,1968,2,3,VOLKSWAGEN GOLF,6,E01019846,0,-1
2021461013845,2021,461013845,1,9,0,1,1,2,6,0,0,2,0,4,0,0,2,1,6,6,2,24,5,1968,2,5,VOLKSWAGEN GOLF,10,E01024722,0,-1
2021052101460,2021,052101460,1,9,0,10,10,7,3,0,0,1,0,0,0,0,4,1,6,6,3,-1,-1,1598,2,6,VOLKSWAGEN GOLF,-1,-1,0,-1
202131A098221,2021,31A098221,5,9,0,2,2,0,0,0,0,2,0,4,0,0,2,1,6,6,3,-1,-1,1598,2,10,VOLKSWAGEN GOLF,-1,-1,0,-1
2021361071402,2021,361071402,1,9,0,9,9,7,5,0,0,1,0,0,0,0,4,1,5,6,1,21,5,2000,2,17,VOLKSWAGEN GOLF,4,E01026846,0,-1
2021451039362,2021,451039362,2,9,0,4,4,1,5,0,0,0,0,0,0,0,2,1,3,7,2,47,8,1598,2,2,VOLKSWAGEN GOLF,6,E01030399,0,-1
2021552101200,2021,552101200,1,9,0,17,19,3,8,0,0,8,0,0,1,4,1,1,2,2,1,20,4,1595,1,30,VOLKSWAGEN GOLF,8,E01020455,0,-1
2021501086098,2021,501086098,2,9,0,4,4,7,3,0,0,0,0,0,0,0,2,1,5,6,1,71,10,1968,2,8,VOLKSWAGEN GOLF,8,E01029682,0,-1
2021531047404,2021,531047404,1,9,0,17,19,1,5,0,0,0,2,0,1,9,1,1,5,6,2,22,5,1598,2,9,VOLKSWAGEN GOLF,5,E01022265,0,-1
2021351051388,2021,351051388,1,9,0,18,19,6,2,0,0,0,0,0,0,0,4,1,5,6,2,46,8,1395,1,6,VOLKSWAGEN GOLF,8,E01033118,0,-1
2021461097780,2021,461097780,1,9,0,9,9,7,3,0,0,5,0,0,0,0,1,1,6,6,2,39,7,1600,1,16,VOLKSWAGEN GOLF,9,E01024409,0,-1
2021991036559,2021,991036559,1,9,0,14,14,2,6,0,0,0,0,0,0,0,1,1,6,6,1,31,6,1984,1,4,VOLKSWAGEN GOLF,3,-1,0,-1
2021461071822,2021,461071822,2,9,0,7,7,7,1,0,0,1,0,0,0,0,4,1,6,6,2,32,6,1390,1,12,VOLKSWAGEN GOLF,2,E01024505,0,-1
2021010323601,2021,010323601,2,9,0,99,99,9,9,99,99,9,9,99,9,99,1,9,6,6,1,23,5,1198,1,11,VOLKSWAGEN GOLF,2,E01033599,0,-1
2021122101365,2021,122101365,2,9,0,9,9,2,8,0,0,8,0,0,0,0,2,1,6,6,2,85,11,1598,1,19,VOLKSWAGEN GOLF,9,E01013432,0,-1
2021131085368,2021,131085368,1,9,0,18,19,3,7,0,0,0,0,0,0,0,1,1,5,6,1,35,6,1968,2,13,VOLKSWAGEN GOLF,3,E01010794,0,-1
2021010322119,2021,010322119,2,9,0,18,19,3,7,0,0,1,0,0,0,0,1,1,6,6,1,23,5,1390,1,12,VOLKSWAGEN GOLF,-1,-1,0,-1
2021430269197,2021,430269197,1,9,0,18,19,1,5,0,0,1,0,0,0,0,1,1,6,6,1,31,6,1984,1,15,VOLKSWAGEN GOLF,-1,-1,0,-1
2021520200931,2021,520200931,2,9,0,9,9,1,8,0,0,8,0,0,1,10,1,1,6,6,1,58,9,1896,2,14,VOLKSWAGEN GOLF,8,E01029319,0,-1
2021421052413,2021,421052413,1,9,0,18,19,3,7,0,0,3,1,0,7,10,1,1,5,6,1,21,5,1598,2,10,VOLKSWAGEN GOLF,6,E01002555,0,-1
2021010346081,2021,010346081,2,9,0,99,99,9,9,99,99,9,0,0,9,0,9,9,6,6,3,-1,-1,1390,1,9,VOLKSWAGEN GOLF,-1,-1,0,-1
2021010329808,2021,010329808,1,9,0,99,99,9,9,99,99,9,9,99,9,99,9,9,6,6,1,38,7,1197,1,9,VOLKSWAGEN GOLF,2,E01003335,0,-1
2021371062862,2021,371062862,1,9,0,9,9,6,4,0,0,1,0,0,0,0,1,1,2,2,1,27,6,2000,2,15,VOLKSWAGEN GOLF,4,E01029920,0,-1
2021141033930,2021,141033930,1,9,0,17,19,1,5,0,0,2,0,0,0,0,1,1,5,6,1,26,6,1598,1,20,VOLKSWAGEN GOLF,1,E01007718,0,-1
2021461108733,2021,461108733,1,9,0,18,19,3,6,0,0,0,5,0,8,10,1,1,6,6,1,24,5,1598,1,18,VOLKSWAGEN GOLF,8,E01016119,0,-1
2021501113523,2021,501113523,2,9,0,18,19,2,6,0,0,0,0,0,0,0,1,1,6,6,2,29,6,1598,2,7,VOLKSWAGEN GOLF,8,E01015111,0,-1
2021010313757,2021,010313757,2,9,0,4,4,1,5,0,0,1,0,0,0,0,2,1,6,6,1,36,7,1395,1,3,VOLKSWAGEN GOLF,3,E01004028,0,-1
2021101068959,2021,101068959,2,9,0,18,19,2,6,0,0,0,0,0,0,0,3,1,6,6,2,46,8,1968,2,7,VOLKSWAGEN GOLF,-1,-1,0,-1
2021041100802,2021,041100802,1,9,0,18,19,3,5,0,0,3,0,0,0,0,1,1,6,6,3,-1,-1,1598,2,9,VOLKSWAGEN GOLF,-1,-1,0,-1
2021010297827,2021,010297827,2,9,9,13,13,9,9,0,0,0,9,0,0,99,4,9,6,6,1,-1,-1,1390,1,14,VOLKSWAGEN GOLF,-1,-1,0,-1
2021461113975,2021,461113975,1,9,0,4,4,1,5,0,0,0,0,0,0,0,1,1,6,6,1,36,7,1395,1,4,VOLKSWAGEN GOLF,4,E01004128,0,-1
202163D019821,2021,63D019821,1,9,0,18,19,4,8,0,0,8,1,0,7,10,1,1,2,2,2,24,5,1896,2,13,VOLKSWAGEN GOLF,7,W01001893,0,-1
2021302101416,2021,302101416,2,9,0,18,19,4,8,0,0,1,0,0,0,0,3,1,6,6,1,23,5,1900,2,16,VOLKSWAGEN GOLF,10,E01019855,0,-1
2021451117599,2021,451117599,1,9,0,18,19,3,7,0,0,0,1,10,0,0,3,1,5,6,1,20,4,1588,2,30,VOLKSWAGEN GOLF,10,E01022892,0,-1
2021440480952,2021,440480952,2,9,0,9,9,4,2,0,0,8,0,0,0,0,3,1,2,2,1,35,6,1800,1,21,VOLKSWAGEN GOLF,4,E01017339,0,-1
2021430104677,2021,430104677,2,9,0,18,19,8,4,9,9,6,0,0,1,0,3,1,2,2,1,22,5,1498,8,1,VOLKSWAGEN GOLF,5,E01028538,0,-1
2021010346593,2021,010346593,1,9,0,18,19,5,1,0,0,0,0,4,0,0,1,1,6,6,1,24,5,999,1,2,VOLKSWAGEN GOLF,1,E01001554,0,-1
2021070466243,2021,070466243,2,9,0,4,4,3,7,0,0,0,0,0,0,0,2,1,6,6,1,40,7,1600,2,11,VOLKSWAGEN GOLF,9,W01001041,0,-1
2021141044375,2021,141044375,1,9,0,9,9,1,5,0,0,0,0,0,0,0,1,1,5,6,1,34,6,1598,2,7,VOLKSWAGEN GOLF,3,E01033263,0,-1
2021010325265,2021,010325265,1,9,0,18,19,1,5,0,0,1,0,0,0,0,0,1,6,6,1,26,6,1598,2,3,VOLKSWAGEN GOLF,2,E01000626,0,-1
202131D168821,2021,31D168821,2,9,0,18,19,7,3,0,0,0,0,0,0,0,1,1,1,1,1,43,7,2000,2,15,VOLKSWAGEN GOLF,2,E01013963,0,-1
2021131091586,2021,131091586,2,9,0,18,19,3,7,0,0,0,0,0,0,0,1,1,5,6,2,24,5,1498,1,1,VOLKSWAGEN GOLF,8,E01032503,0,-1
2021131121298,2021,131121298,2,9,0,12,12,1,1,0,0,2,0,0,4,0,3,1,2,2,1,36,7,1968,2,5,VOLKSWAGEN GOLF,2,E01011034,0,-1
2021010292346,2021,010292346,1,9,0,3,3,7,3,0,0,8,0,0,0,0,4,1,6,6,2,45,7,1498,1,1,VOLKSWAGEN GOLF,3,E01004259,0,-1
2021101038959,2021,101038959,1,9,0,5,5,1,5,0,0,1,0,0,0,0,1,1,6,6,1,26,6,1598,2,6,VOLKSWAGEN GOLF,4,E01008353,0,-1
2021131041965,2021,131041965,1,9,0,18,19,7,3,0,0,1,0,10,3,0,1,2,6,6,3,30,6,1598,2,9,VOLKSWAGEN GOLF,-1,-1,0,-1
2021461104495,2021,461104495,2,9,0,13,13,7,3,0,0,0,0,0,0,0,3,1,5,6,2,49,8,1197,1,4,VOLKSWAGEN GOLF,10,E01024817,0,-1
2021411100721,2021,411100721,2,9,0,4,4,7,3,0,0,4,0,0,0,0,4,1,5,6,2,18,4,1598,2,6,VOLKSWAGEN GOLF,6,E01022090,0,-1
2021101119584,2021,101119584,2,9,0,9,9,7,5,0,0,1,0,0,0,0,3,1,2,2,1,37,7,1390,1,9,VOLKSWAGEN GOLF,2,E01008697,0,-1
2021010289097,2021,010289097,1,9,0,9,9,1,6,0,0,2,0,0,0,0,4,1,6,6,1,32,6,1390,1,9,VOLKSWAGEN GOLF,1,E01004040,0,-1
2021211048145,2021,211048145,1,9,0,13,13,3,7,0,0,0,0,0,0,0,4,1,6,6,1,22,5,1984,1,2,VOLKSWAGEN GOLF,-1,-1,0,-1
2021351095366,2021,351095366,1,9,0,18,19,7,3,0,0,0,5,4,0,0,1,1,6,6,1,50,8,1390,1,16,VOLKSWAGEN GOLF,7,E01018064,0,-1
2021471043776,2021,471043776,2,9,0,18,19,5,1,0,0,2,0,0,0,0,1,1,5,6,1,19,4,1900,2,22,VOLKSWAGEN GOLF,6,E01021047,0,-1
2021371086233,2021,371086233,1,9,0,18,19,1,5,0,0,0,0,0,0,0,1,1,2,2,1,43,7,1900,2,17,VOLKSWAGEN GOLF,1,E01033129,0,-1
2021991114320,2021,991114320,2,9,0,18,19,6,3,0,0,1,0,0,0,0,1,1,6,6,1,28,6,1968,2,7,VOLKSWAGEN GOLF,1,-1,0,-1
202131C117421,2021,31C117421,1,9,0,3,3,6,2,0,0,1,0,0,0,0,2,1,6,6,2,38,7,1968,2,13,VOLKSWAGEN GOLF,4,E01013936,0,-1
2021201118354,2021,201118354,2,9,0,18,19,6,2,0,0,8,0,10,1,10,1,1,6,6,1,27,6,2000,2,16,VOLKSWAGEN GOLF,8,E01009464,0,-1
2021131093732,2021,131093732,2,9,0,3,3,5,1,0,0,0,0,0,0,0,2,1,5,6,1,26,6,1968,2,9,VOLKSWAGEN GOLF,10,E01011196,0,-1
2021421019387,2021,421019387,1,9,0,9,9,7,5,0,0,8,0,0,0,0,4,1,6,6,2,22,5,1598,2,5,VOLKSWAGEN GOLF,1,E01002094,0,-1
2021991116843,2021,991116843,2,9,0,3,3,1,2,0,0,1,0,0,0,0,2,1,2,2,2,48,8,999,1,4,VOLKSWAGEN GOLF,-1,-1,0,-1
2021010306534,2021,010306534,4,9,0,3,3,3,7,0,0,0,0,0,0,0,1,2,6,6,2,54,8,1600,2,11,VOLKSWAGEN GOLF,10,E01002190,0,-1
2021351134035,2021,351134035,1,9,0,17,19,5,1,0,0,0,0,0,0,0,2,1,5,6,1,33,6,1598,1,18,VOLKSWAGEN GOLF,6,E01017999,0,-1
2021010325711,2021,010325711,1,9,0,18,19,1,5,0,0,0,0,0,0,0,1,1,6,6,2,49,8,1598,1,16,VOLKSWAGEN GOLF,7,E01004516,0,-1
202131D159721,2021,31D159721,1,9,0,5,5,7,3,0,0,4,0,0,0,0,1,1,2,2,1,24,5,1968,2,4,VOLKSWAGEN GOLF,2,E01013571,0,-1
2021991065128,2021,991065128,1,9,0,18,19,8,4,0,0,0,5,4,0,0,1,1,6,6,1,30,6,1984,1,14,VOLKSWAGEN GOLF,-1,-1,0,-1
2021010318031,2021,010318031,1,9,0,99,99,9,9,99,99,9,9,99,9,99,2,9,2,2,1,28,6,1498,1,0,VOLKSWAGEN GOLF,10,E01032826,0,-1
2021520200254,2021,520200254,2,9,0,9,9,1,7,0,0,8,0,0,0,0,1,1,6,6,2,37,7,1390,1,14,VOLKSWAGEN GOLF,7,E01029130,0,-1
2021421067410,2021,421067410,1,9,0,18,19,4,8,0,0,3,0,0,0,0,4,1,6,6,1,33,6,1197,1,8,VOLKSWAGEN GOLF,4,E01015952,0,-1
202131C125021,2021,31C125021,2,9,0,7,7,4,6,0,0,6,0,0,0,0,2,1,6,6,1,31,6,2000,2,14,VOLKSWAGEN GOLF,2,E01013907,0,-1
2021141074125,2021,141074125,2,9,0,18,19,1,5,0,0,1,0,0,0,0,1,1,6,6,1,47,8,1896,2,13,VOLKSWAGEN GOLF,1,E01007851,0,-1
2021430428392,2021,430428392,2,9,0,3,3,8,4,0,0,8,0,0,0,0,2,1,6,6,1,29,6,1781,1,20,VOLKSWAGEN GOLF,7,E01017577,0,-1
2021320502759,2021,320502759,1,9,0,18,19,1,6,0,0,0,0,0,1,0,1,1,6,6,1,75,10,1598,2,4,VOLKSWAGEN GOLF,4,E01026044,0,-1
2021010305698,2021,010305698,1,9,0,4,4,1,5,6,6,0,0,0,0,0,2,1,6,6,1,33,6,1598,1,14,VOLKSWAGEN GOLF,4,E01001672,0,-1
2021991083978,2021,991083978,2,9,0,18,19,8,3,0,0,8,0,0,0,0,4,1,5,6,2,44,7,1598,2,6,VOLKSWAGEN GOLF,3,-1,0,-1
2021131098720,2021,131098720,1,9,0,18,19,5,1,0,0,1,0,0,0,0,1,1,5,6,1,20,4,1900,2,15,VOLKSWAGEN GOLF,1,E01010620,0,-1
2021622100300,2021,622100300,2,9,0,18,19,6,2,0,0,1,0,0,0,0,1,1,6,6,2,55,8,-1,3,1,VOLKSWAGEN GOLF,10,W01001586,0,-1
2021522106046,2021,522106046,2,9,0,18,19,1,5,0,0,0,0,0,0,0,3,1,6,6,3,-1,-1,1600,1,17,VOLKSWAGEN GOLF,-1,-1,0,-1
2021010309789,2021,010309789,2,9,0,12,12,7,3,0,0,1,0,0,0,0,1,1,6,6,1,21,5,1598,1,15,VOLKSWAGEN GOLF,4,E01003662,0,-1
2021371045909,2021,371045909,2,9,0,18,19,7,3,0,0,1,0,0,0,0,4,1,2,2,2,56,9,1968,2,5,VOLKSWAGEN GOLF,5,E01030285,0,-1
2021061060848,2021,061060848,2,9,0,5,5,6,2,0,0,8,0,0,0,0,1,1,6,6,1,20,4,1968,2,11,VOLKSWAGEN GOLF,1,E01005578,0,-1
2021010299975,2021,010299975,3,9,0,18,19,3,7,0,0,1,0,0,0,0,1,1,6,6,1,26,6,1968,2,3,VOLKSWAGEN GOLF,5,E01002613,0,-1
2021411124764,2021,411124764,2,9,0,2,2,0,0,0,0,0,0,0,0,0,1,1,5,6,3,-1,-1,1390,1,9,VOLKSWAGEN GOLF,-1,-1,0,-1
2021430396146,2021,430396146,2,9,0,18,19,1,5,0,0,8,0,0,0,0,3,1,1,1,2,32,6,1498,1,2,VOLKSWAGEN GOLF,-1,-1,0,-1
2021351100668,2021,351100668,1,9,0,9,9,2,6,0,0,0,1,0,7,0,4,1,5,6,1,69,10,1498,1,1,VOLKSWAGEN GOLF,5,E01001407,0,-1
2021471028010,2021,471028010,3,9,0,18,19,3,6,0,0,0,0,0,0,0,2,1,5,6,1,46,8,-1,3,2,VOLKSWAGEN GOLF,8,E01031411,0,-1
2021010311321,2021,010311321,1,9,0,10,10,3,1,0,0,6,0,0,0,0,1,1,2,2,2,36,7,1598,1,16,VOLKSWAGEN GOLF,5,E01033098,0,-1
2021471107982,2021,471107982,2,9,0,3,3,6,2,0,0,0,0,0,0,0,2,1,5,6,1,17,4,1598,2,6,VOLKSWAGEN GOLF,5,E01016884,0,-1
2021131044613,2021,131044613,1,9,0,18,19,1,1,0,0,0,0,0,0,0,1,1,5,6,1,26,6,1598,2,8,VOLKSWAGEN GOLF,1,E01010964,0,-1
2021471051287,2021,471051287,2,9,0,18,19,8,4,0,0,1,0,0,0,0,4,1,6,6,1,26,6,1896,2,19,VOLKSWAGEN GOLF,4,E01031799,0,-1
20211381M0482,2021,1381M0482,2,9,0,18,19,8,4,0,0,0,0,0,0,0,2,1,1,1,2,45,7,1598,2,2,VOLKSWAGEN GOLF,1,E01011423,0,-1
2021302101765,2021,302101765,1,9,0,9,9,2,8,0,0,5,0,0,0,0,3,1,6,6,2,35,6,2000,2,15,VOLKSWAGEN GOLF,5,E01019719,0,-1
2021131052696,2021,131052696,1,9,0,12,12,2,2,0,0,0,0,0,0,0,3,1,6,6,1,38,7,1600,2,12,VOLKSWAGEN GOLF,1,E01010620,0,-1
2021411119367,2021,411119367,1,9,0,17,19,4,8,0,0,4,2,9,1,7,4,1,5,6,1,18,4,1598,1,16,VOLKSWAGEN GOLF,2,E01023758,0,-1
2021991100844,2021,991100844,2,9,0,18,19,3,8,0,0,1,0,0,0,0,1,1,6,6,1,57,9,1896,2,18,VOLKSWAGEN GOLF,1,-1,0,-1
2021501056264,2021,501056264,1,9,0,18,19,7,3,0,0,1,0,0,0,0,1,1,5,6,2,28,6,2000,2,15,VOLKSWAGEN GOLF,5,E01020137,0,-1