collision_index,collision_year,collision_ref_no,vehicle_reference,vehicle_type,towing_and_articulation,vehicle_manoeuvre_historic,vehicle_manoeuvre,vehicle_direction_from,vehicle_direction_to,vehicle_location_restricted_lane_historic,vehicle_location_restricted_lane,junction_location,skidding_and_overturning,hit_object_in_carriageway,vehicle_leaving_carriageway,hit_object_off_carriageway,first_point_of_impact,vehicle_left_hand_drive,journey_purpose_of_driver_historic,journey_purpose_of_driver,sex_of_driver,age_of_driver,age_band_of_driver,engine_capacity_cc,propulsion_code,age_of_vehicle,generic_make_model,driver_imd_decile,lsoa_of_driver,escooter_flag,driver_distance_banding
2021101039527,2021,101039527,1,9,0,18,19,1,6,0,0,4,0,0,0,0,1,1,6,6,1,21,5,2000,1,16,VOLKSWAGEN GOLF,2,E01027534,0,-1
2021061112145,2021,061112145,2,9,0,18,19,8,8,0,0,0,0,0,0,0,0,1,1,1,1,39,7,1984,1,2,VOLKSWAGEN GOLF,1,E01005108,0,-1
2021522201131,2021,522201131,1,9,0,9,9,6,3,0,0,5,0,0,0,0,1,1,6,6,3,36,7,1390,1,12,VOLKSWAGEN GOLF,5,E01014504,0,-1
2021131115482,2021,131115482,1,9,0,-1,-1,-1,-1,-1,-1,-1,-1,-1,-1,-1,-1,1,6,6,3,-1,-1,1984,1,5,VOLKSWAGEN GOLF,-1,-1,0,-1
2021010340739,2021,010340739,1,9,0,9,9,5,2,0,0,8,0,0,0,0,0,1,6,6,1,25,5,1598,1,14,VOLKSWAGEN GOLF,2,E01003578,0,-1
2021170L20651,2021,170L20651,1,9,0,18,19,6,8,0,0,8,0,0,0,0,1,1,6,6,2,49,8,1598,1,13,VOLKSWAGEN GOLF,3,E01012109,0,-1
2021351039621,2021,351039621,1,9,0,13,13,8,4,0,0,1,5,0,0,0,3,1,6,6,1,32,6,1896,2,14,VOLKSWAGEN GOLF,2,E01015634,0,-1
2021101070083,2021,101070083,2,9,0,3,3,3,7,0,0,1,0,0,0,0,3,1,5,6,1,36,7,1395,1,6,VOLKSWAGEN GOLF,1,E01008331,0,-1
2021351130964,2021,351130964,1,9,0,18,19,4,8,0,0,1,0,0,0,0,1,1,2,2,2,48,8,1400,1,15,VOLKSWAGEN GOLF,1,E01015609,0,-1
2021041095680,2021,041095680,1,9,0,18,19,1,5,0,0,1,1,0,0,0,1,1,6,6,1,23,5,1984,1,6,VOLKSWAGEN GOLF,1,E01025046,0,-1
2021010345106,2021,010345106,1,9,0,9,9,8,5,0,0,6,0,0,0,0,1,1,6,6,1,34,6,2000,2,15,VOLKSWAGEN GOLF,2,E01004613,0,-1
2021131086593,2021,131086593,1,9,0,5,5,2,4,0,0,0,0,0,0,0,1,1,6,6,1,27,6,1598,2,6,VOLKSWAGEN GOLF,1,E01011473,0,-1
2021101112683,2021,101112683,2,9,0,18,19,7,3,0,0,0,0,0,0,0,1,1,1,1,2,31,6,1598,2,4,VOLKSWAGEN GOLF,9,E01008292,0,-1
202131D014921,2021,31D014921,1,9,0,18,19,8,4,0,0,1,0,0,0,0,1,1,6,6,1,28,6,1896,2,19,VOLKSWAGEN GOLF,4,E01026148,0,-1
2021201080677,2021,201080677,1,9,0,5,5,5,1,0,0,6,0,0,0,0,1,1,6,6,3,-1,-1,1968,2,7,VOLKSWAGEN GOLF,-1,-1,0,-1
2021461030421,2021,461030421,1,9,0,18,19,3,1,0,0,4,0,9,0,0,4,1,5,6,1,19,4,2000,2,17,VOLKSWAGEN GOLF,3,E01016044,0,-1
202106K078679,2021,06K078679,2,9,0,18,19,6,2,0,0,1,0,0,0,0,1,1,6,6,3,30,6,1968,2,14,VOLKSWAGEN GOLF,-1,-1,0,-1
2021170S40881,2021,170S40881,1,9,0,9,9,4,2,0,0,6,0,0,0,0,1,1,6,6,1,28,6,1968,2,8,VOLKSWAGEN GOLF,3,E01012282,0,-1
2021111034250,2021,111034250,4,9,0,18,19,7,3,0,0,1,0,0,0,0,1,1,6,6,1,50,8,1984,1,1,VOLKSWAGEN GOLF,2,E01020892,0,-1
2021421022829,2021,421022829,1,9,0,18,19,5,1,0,0,0,5,0,1,2,1,1,6,6,1,25,5,1896,2,14,VOLKSWAGEN GOLF,-1,-1,0,-1
2021430577513,2021,430577513,1,9,0,18,19,2,6,0,0,1,0,0,0,0,1,1,6,6,2,58,9,1395,1,6,VOLKSWAGEN GOLF,10,E01028461,0,-1
2021461049616,2021,461049616,1,9,0,17,19,7,3,0,0,0,2,0,1,0,1,1,6,6,2,22,5,1395,1,5,VOLKSWAGEN GOLF,5,E01024014,0,-1
2021421037958,2021,421037958,4,9,0,18,19,7,3,0,0,0,0,0,0,0,2,1,3,7,2,48,8,1197,1,7,VOLKSWAGEN GOLF,10,E01002387,0,-1
202131C087021,2021,31C087021,1,9,0,18,19,7,3,0,0,2,0,0,0,0,1,1,6,6,2,29,6,1395,1,8,VOLKSWAGEN GOLF,3,E01028166,0,-1
2021440032170,2021,440032170,2,9,0,2,2,0,0,0,0,0,0,0,0,0,2,1,6,6,2,49,8,1598,2,4,VOLKSWAGEN GOLF,7,E01022513,0,-1
2021010312771,2021,010312771,1,9,0,18,19,7,3,0,0,0,0,0,0,0,1,1,6,6,1,41,7,1968,2,5,VOLKSWAGEN GOLF,-1,-1,0,-1
2021451124156,2021,451124156,1,9,0,18,19,4,8,0,0,0,0,0,0,0,4,1,5,6,1,42,7,1968,2,14,VOLKSWAGEN GOLF,4,E01026183,0,-1
2021010294278,2021,010294278,1,9,0,5,5,3,7,6,6,0,1,0,0,0,1,1,6,6,1,26,6,1896,2,19,VOLKSWAGEN GOLF,3,E01002612,0,-1
20211382R0225,2021,1382R0225,1,9,0,17,19,6,2,9,9,3,1,0,1,4,1,1,6,6,1,31,6,1968,2,14,VOLKSWAGEN GOLF,1,E01011659,0,-1
2021440350924,2021,440350924,1,9,0,18,19,2,6,0,0,0,0,0,0,0,4,1,6,6,2,21,5,1968,2,12,VOLKSWAGEN GOLF,3,E01023256,0,-1
2021131109511,2021,131109511,1,9,0,18,19,5,1,-1,-1,1,0,0,0,0,1,1,6,6,3,-1,-1,1968,2,7,VOLKSWAGEN GOLF,-1,-1,0,-1
2021010350285,2021,010350285,1,9,0,99,99,9,9,99,99,9,9,99,9,99,1,9,6,6,1,24,5,1984,1,5,VOLKSWAGEN GOLF,8,E01016217,0,-1
2021547153321,2021,547153321,1,9,0,18,19,3,7,0,0,0,0,0,0,0,1,1,6,6,1,30,6,1896,2,14,VOLKSWAGEN GOLF,1,E01015545,0,-1
2021131112175,2021,131112175,1,9,0,-1,-1,-1,-1,-1,-1,0,-1,-1,-1,-1,-1,1,6,6,3,-1,-1,1984,1,5,VOLKSWAGEN GOLF,-1,-1,0,-1
2021371080995,2021,371080995,1,9,0,18,19,4,1,0,0,0,0,0,0,0,3,1,6,6,1,-1,-1,1984,1,2,VOLKSWAGEN GOLF,-1,-1,0,-1
2021111109546,2021,111109546,1,9,0,7,7,3,7,0,0,0,0,0,0,0,3,1,5,6,1,34,6,1598,2,11,VOLKSWAGEN GOLF,1,E01008731,0,-1
2021201133469,2021,201133469,1,9,0,9,9,5,2,0,0,3,0,0,0,0,1,1,6,6,1,21,5,1395,1,8,VOLKSWAGEN GOLF,1,E01033648,0,-1
2021461033833,2021,461033833,3,9,0,10,10,4,1,0,0,1,0,0,0,0,4,1,5,6,1,50,8,1395,1,3,VOLKSWAGEN GOLF,6,E01015942,0,-1
2021221042056,2021,221042056,2,9,0,10,10,5,3,0,0,8,0,0,0,0,2,1,5,6,1,81,11,1968,2,11,VOLKSWAGEN GOLF,2,E01028908,0,-1
2021041014617,2021,041014617,1,9,0,18,19,6,4,0,0,4,0,4,0,0,1,1,6,6,1,50,8,1968,2,12,VOLKSWAGEN GOLF,1,E01025236,0,-1
2021010297847,2021,010297847,1,9,0,99,99,9,9,99,99,0,9,99,9,99,9,9,6,6,1,30,6,-1,3,3,VOLKSWAGEN GOLF,2,E01001693,0,-1
2021501135143,2021,501135143,2,9,0,10,10,1,7,0,0,1,0,0,0,0,2,1,6,6,2,59,9,1598,2,2,VOLKSWAGEN GOLF,8,E01019898,0,-1
2021320261885,2021,320261885,1,9,0,3,3,8,2,0,0,2,0,0,0,0,4,1,6,6,1,43,7,999,1,2,VOLKSWAGEN GOLF,7,E01026066,0,-1
2021141049867,2021,141049867,1,9,0,9,9,6,3,9,9,2,0,0,3,11,1,1,6,6,1,20,4,1896,2,14,VOLKSWAGEN GOLF,1,E01007869,0,-1
2021010324093,2021,010324093,2,9,0,99,99,9,9,99,99,1,9,99,9,99,9,9,6,6,3,-1,-1,1395,1,4,VOLKSWAGEN GOLF,-1,-1,0,-1
2021520102749,2021,520102749,1,9,0,18,19,1,5,0,0,0,0,0,0,0,3,1,6,6,1,18,4,1390,1,10,VOLKSWAGEN GOLF,7,E01029063,0,-1
2021552100872,2021,552100872,2,9,0,18,19,5,1,0,0,0,0,0,0,0,1,1,6,6,1,64,9,1498,8,1,VOLKSWAGEN GOLF,2,E01020499,0,-1
2021991108009,2021,991108009,1,9,0,18,19,3,7,0,0,1,0,0,0,0,1,1,5,6,2,45,7,1968,2,8,VOLKSWAGEN GOLF,3,-1,0,-1
2021061029857,2021,061029857,1,9,0,4,4,8,4,0,0,0,0,0,0,0,2,1,5,6,2,23,5,1896,2,13,VOLKSWAGEN GOLF,6,E01005861,0,-1
2021010351819,2021,010351819,1,9,0,18,19,8,4,0,0,2,0,0,0,0,1,1,6,6,3,-1,-1,999,1,2,VOLKSWAGEN GOLF,-1,-1,0,-1
2021061083651,2021,061083651,2,9,0,18,19,5,1,0,0,1,0,0,0,0,0,1,1,1,1,42,7,1984,1,2,VOLKSWAGEN GOLF,1,E01005202,0,-1
2021440508954,2021,440508954,1,9,0,16,19,7,1,0,0,0,0,0,0,0,1,1,6,6,1,26,6,1984,1,5,VOLKSWAGEN GOLF,6,E01022672,0,-1
202163D078921,2021,63D078921,1,9,0,17,19,6,4,0,0,8,0,0,1,1,1,1,6,6,1,83,11,1390,1,12,VOLKSWAGEN GOLF,8,E01029616,0,-1
2021061105473,2021,061105473,1,9,0,18,19,2,6,0,0,1,0,0,0,0,1,1,6,6,3,30,6,1390,1,14,VOLKSWAGEN GOLF,-1,-1,0,-1
2021430210887,2021,430210887,1,9,0,18,19,5,1,0,0,1,1,0,0,0,1,1,6,6,2,20,4,1390,1,11,VOLKSWAGEN GOLF,8,E01028614,0,-1
202131A078121,2021,31A078121,1,9,0,7,7,8,2,0,0,5,0,0,7,11,1,1,6,6,1,-1,-1,1968,2,3,VOLKSWAGEN GOLF,-1,-1,0,-1
2021010345540,2021,010345540,1,9,0,18,19,3,7,0,0,1,0,0,0,0,1,1,6,6,1,26,6,1984,1,4,VOLKSWAGEN GOLF,7,E01000317,0,-1
2021010315383,2021,010315383,1,9,0,11,11,3,7,0,0,1,0,0,0,0,3,1,6,6,1,25,5,2000,1,13,VOLKSWAGEN GOLF,-1,-1,0,-1
2021401067637,2021,401067637,2,9,-1,-1,-1,7,5,-1,-1,-1,-1,-1,-1,0,-1,1,6,6,2,22,5,1896,2,14,VOLKSWAGEN GOLF,1,E01015773,0,-1
2021520200293,2021,520200293,4,9,0,2,2,0,0,0,0,0,0,0,0,0,2,1,6,6,1,35,6,1968,2,4,VOLKSWAGEN GOLF,4,E01029241,0,-1
2021401084298,2021,401084298,1,9,0,18,19,8,4,0,0,0,0,0,0,0,1,1,6,6,1,35,6,1598,2,11,VOLKSWAGEN GOLF,5,E01017525,0,-1
2021131119859,2021,131119859,2,9,0,2,2,1,1,0,0,8,0,0,0,0,3,2,3,7,2,37,7,1598,2,10,VOLKSWAGEN GOLF,3,E01011298,0,-1
2021471077019,2021,471077019,1,9,0,17,19,8,5,0,0,2,1,10,2,7,4,1,6,6,1,20,4,1598,2,7,VOLKSWAGEN GOLF,6,E01031529,0,-1
2021010345642,2021,010345642,1,9,0,18,19,7,3,0,0,0,1,0,0,0,1,1,6,6,1,42,7,2792,1,25,VOLKSWAGEN GOLF,8,E01000451,0,-1
2021501135515,2021,501135515,2,9,0,18,19,6,2,0,0,0,0,0,0,0,1,1,5,6,2,24,5,1896,2,21,VOLKSWAGEN GOLF,4,E01019054,0,-1
2021440113634,2021,440113634,1,9,0,18,19,1,5,0,0,0,0,0,0,0,1,1,6,6,1,35,6,1896,2,20,VOLKSWAGEN GOLF,3,E01023142,0,-1
2021361071887,2021,361071887,1,9,0,18,19,6,2,0,0,1,0,0,0,0,1,1,5,6,1,81,11,1984,1,25,VOLKSWAGEN GOLF,6,E01026516,0,-1
2021201113698,2021,201113698,1,9,0,11,11,2,8,0,0,8,0,0,0,0,1,1,6,6,1,-1,-1,1390,1,18,VOLKSWAGEN GOLF,-1,-1,0,-1
2021131098650,2021,131098650,2,9,0,14,14,6,2,0,0,1,0,0,0,0,3,1,5,6,1,30,6,1395,1,5,VOLKSWAGEN GOLF,1,E01011622,0,-1
2021010315339,2021,010315339,1,9,0,3,3,5,1,0,0,8,0,0,0,0,4,9,6,6,1,36,7,1390,1,8,VOLKSWAGEN GOLF,4,E01002973,0,-1
2021501087778,2021,501087778,2,9,0,16,19,5,1,0,0,8,0,0,1,0,1,1,2,2,2,64,9,1600,1,14,VOLKSWAGEN GOLF,9,E01020173,0,-1
2021010298433,2021,010298433,2,9,0,9,9,7,6,0,0,1,0,0,0,0,1,1,6,6,2,43,7,1197,1,8,VOLKSWAGEN GOLF,6,E01001236,0,-1
2021991111284,2021,991111284,3,9,0,3,3,5,1,0,0,1,0,0,0,0,2,1,6,6,1,30,6,1598,2,7,VOLKSWAGEN GOLF,1,-1,0,-1
2021548894321,2021,548894321,1,9,0,16,19,6,1,0,0,0,0,0,0,0,0,1,6,6,2,25,5,1395,1,5,VOLKSWAGEN GOLF,8,E01031939,0,-1
2021552100152,2021,552100152,2,9,0,9,9,5,3,0,0,8,1,10,7,0,1,1,1,1,1,23,5,1781,1,31,VOLKSWAGEN GOLF,9,E01020370,0,-1
2021010311116,2021,010311116,3,9,0,2,2,0,0,9,9,1,0,4,0,0,2,1,6,6,3,-1,-1,1984,1,11,VOLKSWAGEN GOLF,-1,-1,0,-1
2021430522647,2021,430522647,1,9,0,18,19,3,7,0,0,0,0,0,0,0,1,1,6,6,1,57,9,1498,1,1,VOLKSWAGEN GOLF,10,E01028698,0,-1
2021010347874,2021,010347874,2,9,0,18,19,3,7,0,0,1,0,1,0,0,1,1,6,6,1,21,5,1968,2,4,VOLKSWAGEN GOLF,7,E01000675,0,-1
2021549576121,2021,549576121,2,9,0,2,2,0,0,0,0,1,0,0,0,0,3,1,6,6,2,39,7,1600,2,11,VOLKSWAGEN GOLF,6,E01015496,0,-1
2021170L10951,2021,170L10951,1,9,0,9,9,5,2,0,0,8,0,0,0,0,3,1,6,6,2,35,6,1968,2,14,VOLKSWAGEN GOLF,3,E01012137,0,-1
2021430365330,2021,430365330,1,9,0,18,19,1,5,0,0,0,2,0,2,4,1,1,6,6,1,40,7,1896,2,13,VOLKSWAGEN GOLF,4,E01016809,0,-1
2021131063858,2021,131063858,2,9,0,2,2,0,0,0,0,8,0,0,0,0,1,1,6,6,3,-1,-1,1900,2,15,VOLKSWAGEN GOLF,-1,-1,0,-1
2021471055688,2021,471055688,2,9,0,7,7,1,7,0,0,3,0,0,0,0,4,1,5,6,1,60,9,1968,2,6,VOLKSWAGEN GOLF,5,E01031705,0,-1
2021520101061,2021,520101061,1,9,0,18,19,1,4,0,0,8,0,10,1,1,1,1,6,6,2,25,5,2000,2,16,VOLKSWAGEN GOLF,9,E01029145,0,-1
2021161072740,2021,161072740,2,9,0,5,5,3,7,0,0,0,0,0,0,0,3,1,6,6,2,50,8,1968,2,11,VOLKSWAGEN GOLF,-1,-1,0,-1
2021010338091,2021,010338091,2,9,0,18,19,8,4,0,0,0,2,10,0,0,1,1,6,6,2,60,9,1968,2,11,VOLKSWAGEN GOLF,2,E01000484,0,-1
2021501022113,2021,501022113,1,9,0,4,4,7,3,0,0,1,0,0,0,0,2,1,1,1,1,47,8,1968,2,4,VOLKSWAGEN GOLF,5,E01018906,0,-1
2021010333205,2021,010333205,1,9,0,18,19,5,1,0,0,0,0,0,0,0,1,1,1,1,2,31,6,1395,1,5,VOLKSWAGEN GOLF,5,E01001035,0,-1
2021010326012,2021,010326012,1,9,0,18,19,5,1,0,0,1,0,0,0,0,1,1,2,2,1,29,6,1395,1,6,VOLKSWAGEN GOLF,6,E01004173,0,-1
2021371070920,2021,371070920,1,9,0,18,19,7,3,0,0,0,0,0,0,0,1,1,5,6,2,81,11,1598,2,11,VOLKSWAGEN GOLF,9,E01030190,0,-1
2021010320304,2021,010320304,2,9,0,18,19,3,7,0,0,0,0,0,0,0,3,1,2,2,1,46,8,1600,2,11,VOLKSWAGEN GOLF,5,E01002616,0,-1
2021041035994,2021,041035994,4,9,0,2,2,0,0,0,0,0,0,0,0,0,3,2,6,6,3,-1,-1,1968,2,7,VOLKSWAGEN GOLF,-1,-1,0,-1
2021531072199,2021,531072199,2,9,0,18,19,1,5,0,0,8,1,0,0,0,2,1,6,6,2,62,9,1395,8,5,VOLKSWAGEN GOLF,8,E01031959,0,-1
2021451117986,2021,451117986,2,9,0,1,1,1,5,5,5,0,0,0,0,0,2,1,6,6,1,18,4,1598,1,14,VOLKSWAGEN GOLF,4,E01023778,0,-1
2021131048500,2021,131048500,2,9,0,4,4,7,3,0,0,0,0,0,1,4,3,1,6,6,1,26,6,1984,1,2,VOLKSWAGEN GOLF,5,E01007489,0,-1
2021411105946,2021,411105946,1,9,0,18,19,2,6,0,0,0,0,0,0,0,2,1,6,6,1,67,10,1598,2,8,VOLKSWAGEN GOLF,8,E01023277,0,-1
2021471018725,2021,471018725,3,9,0,18,19,5,1,0,0,0,0,0,0,0,1,1,2,2,2,46,8,1395,1,4,VOLKSWAGEN GOLF,9,E01031592,0,-1
2021041115589,2021,041115589,1,9,0,10,10,1,5,0,0,1,0,0,0,0,3,1,2,2,1,48,8,2000,2,16,VOLKSWAGEN GOLF,3,E01024891,0,-1
2021010315791,2021,010315791,1,9,0,99,99,9,9,99,99,9,9,99,9,99,9,9,6,6,1,26,6,1598,2,10,VOLKSWAGEN GOLF,5,E01000636,0,-1
2021430220728,2021,430220728,1,9,0,18,19,3,7,0,0,2,0,0,0,0,1,1,6,6,1,79,11,1595,1,13,VOLKSWAGEN GOLF,10,E01016533,0,-1
2021421113495,2021,421113495,2,9,0,4,4,2,5,0,0,0,0,0,0,0,2,1,6,6,2,51,8,999,1,1,VOLKSWAGEN GOLF,7,E01021679,0,-1
2021201073890,2021,201073890,2,9,0,9,9,4,8,0,0,0,0,0,0,0,2,1,6,6,2,34,6,1598,2,8,VOLKSWAGEN GOLF,4,E01010112,0,-1
2021201034764,2021,201034764,1,9,0,18,19,8,4,0,0,1,0,0,0,0,4,1,6,6,1,-1,-1,1900,2,15,VOLKSWAGEN GOLF,-1,-1,0,-1
2021010344901,2021,010344901,1,9,0,9,9,3,1,0,0,5,0,0,0,0,1,1,6,6,1,20,4,1498,8,1,VOLKSWAGEN GOLF,7,E01023344,0,-1
2021610040521,2021,610040521,1,9,0,14,14,6,2,0,0,0,0,11,0,0,2,1,2,2,2,32,6,1968,2,7,VOLKSWAGEN GOLF,5,E01014059,0,-1
2021991064026,2021,991064026,2,9,0,18,19,8,4,0,0,0,0,0,0,0,1,1,2,2,1,49,8,1968,2,5,VOLKSWAGEN GOLF,1,-1,0,-1
2021131057628,2021,131057628,2,9,0,18,19,1,5,0,0,1,0,0,0,0,0,1,5,6,2,23,5,1968,2,4,VOLKSWAGEN GOLF,1,E01011138,0,-1
202134NNC9111,2021,34NNC9111,3,9,0,18,19,1,5,0,0,0,1,0,0,0,1,1,6,6,1,50,8,1598,1,14,VOLKSWAGEN GOLF,3,E01027104,0,-1
202106A078760,2021,06A078760,1,9,0,18,19,7,3,0,0,0,0,4,0,0,1,1,6,6,2,21,5,1598,2,7,VOLKSWAGEN GOLF,3,E01012350,0,-1
2021010333963,2021,010333963,1,9,0,11,11,5,1,0,0,4,0,0,9,99,1,1,6,6,1,34,6,1390,1,14,VOLKSWAGEN GOLF,-1,-1,0,-1
2021471082947,2021,471082947,2,9,0,18,19,5,1,0,0,0,0,0,0,0,3,1,6,6,1,24,5,1900,2,15,VOLKSWAGEN GOLF,7,E01031354,0,-1
2021401092909,2021,401092909,2,9,0,5,5,4,8,0,0,2,0,0,0,0,1,1,6,6,1,60,9,1600,1,17,VOLKSWAGEN GOLF,3,E01015757,0,-1
2021031052788,2021,031052788,1,9,0,18,19,7,3,0,0,0,2,0,1,0,1,1,5,6,1,27,6,1968,2,13,VOLKSWAGEN GOLF,4,E01019202,0,-1
2021461025283,2021,461025283,1,9,0,9,9,3,5,0,0,0,0,0,0,0,2,1,2,2,1,25,5,1896,2,18,VOLKSWAGEN GOLF,6,E01024065,0,-1
2021010303768,2021,010303768,1,9,0,16,19,7,3,0,0,6,0,0,2,2,1,1,6,6,1,20,4,1968,2,7,VOLKSWAGEN GOLF,3,E01003627,0,-1
2021991062494,2021,991062494,2,9,0,4,4,6,4,0,0,1,0,0,0,0,3,1,5,6,1,53,8,1968,2,1,VOLKSWAGEN GOLF,8,-1,0,-1
2021010330072,2021,010330072,1,9,0,18,19,7,3,0,0,8,0,0,0,0,1,1,2,2,1,38,7,1390,1,13,VOLKSWAGEN GOLF,7,E01002436,0,-1
2021430273652,2021,430273652,1,9,0,3,3,3,7,0,0,2,0,0,0,0,1,1,6,6,2,20,4,1197,1,7,VOLKSWAGEN GOLF,7,E01016510,0,-1
2021411042842,2021,411042842,1,9,0,18,19,5,1,0,0,1,0,0,3,2,3,1,6,6,1,80,11,1390,1,12,VOLKSWAGEN GOLF,5,E01023661,0,-1
2021010307120,2021,010307120,2,9,0,99,99,9,9,99,99,9,9,99,9,99,1,9,6,6,1,-1,-1,1600,2,12,VOLKSWAGEN GOLF,5,E01001086,0,-1
202134NNC0191,2021,34NNC0191,2,9,0,18,19,7,3,0,0,0,0,0,0,0,1,1,1,1,1,41,7,1598,2,6,VOLKSWAGEN GOLF,-1,-1,0,-1
2021430502585,2021,430502585,1,9,0,18,19,8,4,0,0,8,1,0,3,11,1,1,6,6,3,-1,-1,1600,2,12,VOLKSWAGEN GOLF,-1,-1,0,-1
2021520106016,2021,520106016,1,9,0,18,19,5,1,0,0,1,0,0,0,0,3,1,6,6,2,29,6,1896,2,19,VOLKSWAGEN GOLF,5,E01029287,0,-1
2021010319587,2021,010319587,1,9,0,99,99,9,9,99,99,9,9,99,9,99,1,9,6,6,2,29,6,1390,1,10,VOLKSWAGEN GOLF,5,E01000639,0,-1
2021522102352,2021,522102352,3,9,0,18,19,6,2,0,0,0,0,0,0,0,2,1,6,6,1,31,6,1968,2,8,VOLKSWAGEN GOLF,10,E01032675,0,-1
202163A039721,2021,63A039721,1,9,0,18,19,3,7,0,0,0,0,0,0,0,1,1,6,6,1,77,11,1395,8,4,VOLKSWAGEN GOLF,10,W01001936,0,-1
2021010309992,2021,010309992,1,9,0,99,99,9,9,99,99,9,9,99,9,99,9,9,6,6,1,26,6,1984,1,14,VOLKSWAGEN GOLF,4,E01032773,0,-1
2021131100393,2021,131100393,1,9,0,6,6,1,1,0,0,0,0,0,0,0,3,2,6,6,1,52,8,1896,2,14,VOLKSWAGEN GOLF,2,E01010799,0,-1
2021010331566,2021,010331566,2,9,0,99,99,9,9,0,0,8,0,0,0,0,1,1,6,6,3,-1,-1,999,1,2,VOLKSWAGEN GOLF,-1,-1,0,-1
2021440334988,2021,440334988,2,9,0,18,19,3,7,0,0,8,0,0,0,0,2,1,6,6,1,51,8,1896,2,12,VOLKSWAGEN GOLF,6,E01023028,0,-1
2021010336588,2021,010336588,2,9,0,99,99,9,9,99,99,9,9,99,9,99,1,9,6,6,3,41,7,1395,1,8,VOLKSWAGEN GOLF,6,E01000259,0,-1
2021131111709,2021,131111709,2,9,0,2,2,2,6,0,0,0,0,0,0,0,0,1,5,6,1,22,5,1598,2,11,VOLKSWAGEN GOLF,1,E01010826,0,-1
2021061038649,2021,061038649,2,9,0,18,19,1,5,0,0,0,0,0,0,0,1,1,6,6,1,30,6,1600,1,17,VOLKSWAGEN GOLF,1,E01005107,0,-1
2021361121153,2021,361121153,2,9,0,17,19,8,5,0,0,8,0,0,0,0,2,1,1,1,2,36,7,1600,2,11,VOLKSWAGEN GOLF,9,E01026503,0,-1
2021061074916,2021,061074916,3,9,0,5,5,2,6,0,0,0,0,0,0,0,1,1,5,6,3,30,6,1968,2,12,VOLKSWAGEN GOLF,-1,-1,0,-1
2021041112393,2021,041112393,2,9,0,9,9,1,3,0,0,5,0,0,0,0,2,1,5,6,2,57,9,1968,2,5,VOLKSWAGEN GOLF,4,E01012740,0,-1
2021501105919,2021,501105919,1,9,0,13,13,4,8,0,0,1,0,0,7,10,1,1,2,2,1,63,9,1896,2,17,VOLKSWAGEN GOLF,4,E01020135,0,-1
2021501074185,2021,501074185,1,9,0,9,9,6,4,0,0,6,1,0,1,7,2,1,6,6,3,-1,-1,1896,2,19,VOLKSWAGEN GOLF,-1,-1,0,-1
2021371059621,2021,371059621,2,9,0,9,9,8,6,0,0,1,0,0,0,0,3,1,5,6,1,19,4,1968,2,7,VOLKSWAGEN GOLF,6,E01029930,0,-1
2021451070265,2021,451070265,2,9,0,9,9,3,3,0,0,0,0,0,0,0,1,1,6,6,2,25,5,1390,1,13,VOLKSWAGEN GOLF,7,E01030865,0,-1
2021542248921,2021,542248921,3,9,0,9,9,7,5,0,0,1,0,0,0,0,1,1,6,6,2,87,11,1900,2,23,VOLKSWAGEN GOLF,8,E01032033,0,-1
2021221063394,2021,221063394,1,9,0,13,13,3,7,0,0,0,0,0,0,0,4,1,6,6,1,89,11,1598,2,8,VOLKSWAGEN GOLF,6,E01032401,0,-1
2021501036832,2021,501036832,2,9,0,18,19,1,5,0,0,0,0,0,7,0,1,1,5,6,2,83,11,1395,1,4,VOLKSWAGEN GOLF,5,E01020050,0,-1
202134NNC3201,2021,34NNC3201,1,9,0,8,8,2,6,0,0,5,0,0,0,0,3,1,6,6,2,21,5,1968,2,12,VOLKSWAGEN GOLF,1,E01027110,0,-1
2021991099789,2021,991099789,1,9,0,18,19,7,4,0,0,3,0,0,0,0,4,1,5,6,1,61,9,1598,2,6,VOLKSWAGEN GOLF,6,-1,0,-1
2021010329576,2021,010329576,2,9,0,16,19,3,7,0,0,8,0,0,0,0,2,2,6,6,1,34,6,-1,3,2,VOLKSWAGEN GOLF,2,E01002314,0,-1
2021991119037,2021,991119037,1,9,0,17,19,4,8,0,0,0,0,0,1,10,1,1,5,6,1,75,10,1395,1,6,VOLKSWAGEN GOLF,6,-1,0,-1
2021041027436,2021,041027436,1,9,0,1,1,1,5,0,0,0,0,0,0,0,0,1,6,6,1,55,8,1984,1,5,VOLKSWAGEN GOLF,5,E01012701,0,-1
2021622100178,2021,622100178,2,9,0,18,19,6,2,0,0,8,0,0,0,0,1,1,6,6,1,41,7,1896,2,13,VOLKSWAGEN GOLF,1,W01001276,0,-1
2021041059418,2021,041059418,2,9,0,18,19,3,7,0,0,0,1,0,1,4,3,1,5,6,1,22,5,1598,2,10,VOLKSWAGEN GOLF,4,E01025011,0,-1
2021010295729,2021,010295729,2,9,0,6,6,7,7,99,99,9,9,99,9,99,1,9,6,6,1,22,5,1395,1,6,VOLKSWAGEN GOLF,4,E01000559,0,-1
2021421034309,2021,421034309,2,9,0,18,19,8,4,0,0,1,0,0,0,0,1,1,5,6,2,42,7,1595,1,21,VOLKSWAGEN GOLF,4,E01021822,0,-1
202134WNC5351,2021,34WNC5351,2,9,0,18,19,3,7,0,0,8,0,0,0,0,1,1,6,6,1,71,10,1598,2,7,VOLKSWAGEN GOLF,9,E01027020,0,-1
2021610054921,2021,610054921,1,9,0,16,19,5,8,0,0,0,0,0,8,7,1,1,6,6,1,39,7,1598,2,8,VOLKSWAGEN GOLF,6,W01001564,0,-1
2021131086405,2021,131086405,1,9,0,18,19,4,2,0,0,0,0,0,0,0,3,1,6,6,1,36,7,1968,2,2,VOLKSWAGEN GOLF,3,E01010665,0,-1
2021991131742,2021,991131742,1,9,0,9,9,5,4,0,0,1,0,0,0,0,4,1,5,6,1,20,4,2000,1,15,VOLKSWAGEN GOLF,7,-1,0,-1