collision_index,collision_year,collision_ref_no,vehicle_reference,vehicle_type,towing_and_articulation,vehicle_manoeuvre_historic,vehicle_manoeuvre,vehicle_direction_from,vehicle_direction_to,vehicle_location_restricted_lane_historic,vehicle_location_restricted_lane,junction_location,skidding_and_overturning,hit_object_in_carriageway,vehicle_leaving_carriageway,hit_object_off_carriageway,first_point_of_impact,vehicle_left_hand_drive,journey_purpose_of_driver_historic,journey_purpose_of_driver,sex_of_driver,age_of_driver,age_band_of_driver,engine_capacity_cc,propulsion_code,age_of_vehicle,generic_make_model,driver_imd_decile,lsoa_of_driver,escooter_flag,driver_distance_banding
2021201090457,2021,201090457,1,9,0,18,19,2,6,0,0,3,1,0,0,0,1,1,6,6,1,36,7,1896,2,13,VOLKSWAGEN GOLF,1,E01009572,0,-1
2021461126861,2021,461126861,1,9,0,18,19,6,2,0,0,0,0,0,8,0,3,1,6,6,1,-1,-1,1984,1,6,VOLKSWAGEN GOLF,3,E01000432,0,-1
2021547750121,2021,547750121,1,9,0,18,19,4,8,0,0,0,0,0,0,0,1,1,6,6,1,24,5,1968,2,1,VOLKSWAGEN GOLF,10,E01016299,0,-1
2021010290868,2021,010290868,1,9,0,8,8,5,7,0,0,1,0,0,0,0,3,1,6,6,1,27,6,1598,1,15,VOLKSWAGEN GOLF,4,E01004258,0,-1
2021010305695,2021,010305695,2,9,0,18,19,5,1,0,0,1,0,0,1,0,1,1,6,6,1,-1,-1,2000,2,17,VOLKSWAGEN GOLF,-1,-1,0,-1
2021201029446,2021,201029446,3,9,0,-1,-1,-1,-1,-1,-1,-1,-1,0,-1,0,-1,1,6,6,3,-1,-1,1896,2,19,VOLKSWAGEN GOLF,-1,-1,0,-1
2021131050441,2021,131050441,1,9,0,10,10,1,5,0,0,8,0,0,0,0,4,1,5,6,1,29,6,1598,2,2,VOLKSWAGEN GOLF,4,E01011052,0,-1
2021131121883,2021,131121883,2,9,0,6,6,5,7,0,0,5,0,0,0,0,3,1,5,6,1,29,6,1968,2,13,VOLKSWAGEN GOLF,5,E01011409,0,-1
2021010331993,2021,010331993,3,9,0,99,99,9,9,99,99,9,9,99,9,99,2,9,6,6,3,-1,-1,1598,2,5,VOLKSWAGEN GOLF,5,E01033592,0,-1
2021552100879,2021,552100879,1,9,0,9,9,3,2,0,0,6,0,0,0,0,1,1,6,6,1,25,5,1968,2,15,VOLKSWAGEN GOLF,7,E01020526,0,-1
2021471026063,2021,471026063,2,9,0,2,2,0,0,0,0,0,0,0,0,0,2,1,6,6,3,-1,-1,1598,1,13,VOLKSWAGEN GOLF,-1,-1,0,-1
2021451067370,2021,451067370,1,9,0,7,7,3,1,8,6,0,0,0,0,0,2,1,6,6,2,62,9,1896,2,13,VOLKSWAGEN GOLF,9,E01030836,0,-1
2021211047806,2021,211047806,1,9,0,4,4,8,4,0,0,1,0,0,0,0,1,1,5,6,1,38,7,1896,2,13,VOLKSWAGEN GOLF,1,E01014254,0,-1
2021471094111,2021,471094111,1,9,0,18,19,4,8,0,0,0,0,0,0,0,3,1,5,6,2,33,6,1598,2,6,VOLKSWAGEN GOLF,6,E01031743,0,-1
2021548286321,2021,548286321,1,9,0,18,19,3,7,0,0,0,0,0,0,0,1,1,2,2,1,20,4,1968,2,7,VOLKSWAGEN GOLF,9,E01031953,0,-1
2021421062283,2021,421062283,2,9,0,6,6,7,7,0,0,8,0,0,0,0,1,1,5,6,1,19,4,1395,1,3,VOLKSWAGEN GOLF,9,E01015857,0,-1
2021010302275,2021,010302275,1,9,0,4,4,1,5,0,0,0,0,0,0,0,3,1,6,6,1,24,5,1600,2,11,VOLKSWAGEN GOLF,7,E01002203,0,-1
2021201078510,2021,201078510,1,9,0,18,19,2,6,0,0,8,1,10,7,0,4,1,6,6,3,20,4,1395,1,7,VOLKSWAGEN GOLF,1,E01009132,0,-1
2021041105895,2021,041105895,1,9,0,18,19,8,4,0,0,4,0,0,0,0,3,1,6,6,1,26,6,1390,1,10,VOLKSWAGEN GOLF,1,E01004853,0,-1
2021010318015,2021,010318015,2,9,0,99,99,9,9,99,99,9,9,99,9,99,2,9,6,6,3,22,5,1395,8,3,VOLKSWAGEN GOLF,1,E01001772,0,-1
2021501064675,2021,501064675,1,9,0,4,4,7,3,0,0,0,0,0,0,0,1,1,1,1,1,34,6,1984,1,2,VOLKSWAGEN GOLF,1,E01032318,0,-1
2021440217363,2021,440217363,1,9,0,3,3,3,7,0,0,2,0,0,0,0,2,1,2,2,1,23,5,1598,2,5,VOLKSWAGEN GOLF,-1,-1,0,-1
2021041094802,2021,041094802,2,9,0,8,8,0,5,0,0,6,0,0,0,0,0,1,2,2,1,40,7,1598,1,14,VOLKSWAGEN GOLF,9,E01025558,0,-1
2021501097078,2021,501097078,2,9,0,10,10,3,7,0,0,2,0,0,0,0,2,1,5,6,2,42,7,1968,2,10,VOLKSWAGEN GOLF,4,E01019063,0,-1
2021622100976,2021,622100976,1,9,0,18,19,1,5,0,0,1,0,0,0,0,1,1,6,6,1,24,5,1598,2,6,VOLKSWAGEN GOLF,10,W01000985,0,-1
2021010332351,2021,010332351,1,9,0,99,99,9,9,99,99,9,9,99,9,99,3,9,6,6,2,33,6,1390,1,16,VOLKSWAGEN GOLF,6,E01001064,0,-1
2021141103604,2021,141103604,1,9,0,15,15,2,6,0,0,1,0,0,0,0,1,1,5,6,2,31,6,1968,2,13,VOLKSWAGEN GOLF,1,E01007914,0,-1
202131D131121,2021,31D131121,1,9,0,11,11,3,7,0,0,0,0,10,5,11,4,1,6,6,1,22,5,1968,2,14,VOLKSWAGEN GOLF,1,E01013535,0,-1
202163B019321,2021,63B019321,3,9,0,18,19,6,2,0,0,0,0,0,0,0,0,1,6,6,2,30,6,1968,2,6,VOLKSWAGEN GOLF,6,E01029707,0,-1
2021471094338,2021,471094338,2,9,0,18,19,6,2,0,0,0,0,0,1,9,0,1,1,1,1,48,8,1395,8,3,VOLKSWAGEN GOLF,9,E01031625,0,-1
2021131039919,2021,131039919,1,9,0,18,19,2,6,0,0,1,0,0,0,0,1,1,2,2,1,37,7,1598,2,10,VOLKSWAGEN GOLF,3,E01032923,0,-1
2021401119185,2021,401119185,2,9,0,10,10,2,6,0,0,0,0,0,0,0,4,1,6,6,1,59,9,1598,2,10,VOLKSWAGEN GOLF,7,E01017673,0,-1
2021061060403,2021,061060403,2,9,0,5,5,3,5,0,0,1,1,0,0,0,1,1,6,6,2,30,6,1598,2,10,VOLKSWAGEN GOLF,9,E01004837,0,-1
2021430254383,2021,430254383,1,9,0,16,19,3,6,0,0,0,1,0,0,0,1,1,6,6,1,36,7,1984,1,3,VOLKSWAGEN GOLF,6,E01016574,0,-1
2021552100744,2021,552100744,1,9,0,17,19,1,5,0,0,0,5,0,7,9,4,1,6,6,1,18,4,1390,1,15,VOLKSWAGEN GOLF,6,E01020462,0,-1
2021141033907,2021,141033907,1,9,0,18,19,4,2,0,0,1,2,0,7,11,4,1,5,6,1,25,5,1896,2,20,VOLKSWAGEN GOLF,6,E01007455,0,-1
2021010300390,2021,010300390,2,9,0,99,99,9,9,99,99,9,9,99,9,99,1,9,6,6,3,-1,-1,1395,1,8,VOLKSWAGEN GOLF,2,E01003124,0,-1
2021161128750,2021,161128750,2,9,0,13,13,5,1,0,0,0,0,4,0,0,3,1,5,6,1,30,6,1968,2,14,VOLKSWAGEN GOLF,1,E01012851,0,-1
2021430455816,2021,430455816,1,8,0,18,19,2,8,0,0,0,0,0,0,0,3,1,1,1,1,50,8,1598,2,5,VOLKSWAGEN GOLF,9,E01023834,0,-1
2021451073218,2021,451073218,2,9,0,2,2,0,0,0,0,1,0,0,0,0,2,1,6,6,3,-1,-1,1598,2,7,VOLKSWAGEN GOLF,-1,-1,0,-1
2021302101465,2021,302101465,1,9,0,18,19,8,4,0,0,0,0,10,0,0,1,1,6,6,1,79,11,1896,2,14,VOLKSWAGEN GOLF,7,E01019539,0,-1
2021010310878,2021,010310878,1,9,0,14,14,3,7,0,0,2,0,0,0,0,3,1,1,1,1,28,6,1984,1,9,VOLKSWAGEN GOLF,3,E01004317,0,-1
2021141112915,2021,141112915,1,9,0,7,7,6,1,0,0,8,0,0,8,1,1,1,6,6,1,30,6,1984,1,3,VOLKSWAGEN GOLF,1,E01007906,0,-1
2021531046495,2021,531046495,2,9,0,18,19,5,1,0,0,1,1,0,1,0,3,1,5,6,1,48,8,1900,2,21,VOLKSWAGEN GOLF,6,E01022227,0,-1
2021010298286,2021,010298286,2,9,0,9,9,7,5,0,0,8,0,0,0,0,3,1,6,6,1,24,5,1896,2,19,VOLKSWAGEN GOLF,10,E01002460,0,-1
2021471076999,2021,471076999,1,9,0,9,9,5,3,0,0,8,0,0,0,0,3,1,5,6,1,23,5,1600,1,16,VOLKSWAGEN GOLF,10,E01016984,0,-1
2021131081667,2021,131081667,2,9,0,18,19,2,6,0,0,8,0,0,0,0,1,1,5,6,1,20,4,1598,2,4,VOLKSWAGEN GOLF,1,E01010617,0,-1
2021471069705,2021,471069705,2,9,0,4,4,2,6,0,0,0,0,0,0,0,3,1,5,6,1,70,10,1896,2,14,VOLKSWAGEN GOLF,9,E01031497,0,-1
2021421112596,2021,421112596,2,9,0,18,19,2,6,0,0,0,0,0,0,0,2,1,5,6,2,90,11,1395,1,7,VOLKSWAGEN GOLF,6,E01021398,0,-1
2021061070893,2021,061070893,1,9,0,9,9,2,7,0,0,0,0,0,7,0,1,1,5,6,1,29,6,1598,2,4,VOLKSWAGEN GOLF,2,E01005950,0,-1
202106P078975,2021,06P078975,1,9,0,16,19,7,1,0,0,0,0,0,0,0,1,1,6,6,3,30,6,1896,2,21,VOLKSWAGEN GOLF,-1,-1,0,-1
2021440270589,2021,440270589,1,9,0,4,4,5,1,0,0,0,0,0,0,0,2,1,6,6,1,40,7,1498,1,4,VOLKSWAGEN GOLF,9,E01023227,0,-1
2021351039695,2021,351039695,2,9,0,9,9,8,6,0,0,0,0,0,0,0,1,1,6,6,1,83,11,1896,2,14,VOLKSWAGEN GOLF,10,E01018303,0,-1
2021041126970,2021,041126970,1,9,0,11,11,5,7,0,0,3,0,0,0,0,4,1,5,6,1,24,5,1598,2,6,VOLKSWAGEN GOLF,1,E01025084,0,-1
20211383V0675,2021,1383V0675,1,9,0,9,9,7,5,0,0,5,0,0,0,0,4,1,6,6,2,36,7,1598,2,10,VOLKSWAGEN GOLF,1,E01010627,0,-1
2021010311806,2021,010311806,2,9,0,9,9,3,1,0,0,2,0,0,0,0,1,2,6,6,1,55,8,1390,1,12,VOLKSWAGEN GOLF,3,E01002502,0,-1
2021421021444,2021,421021444,1,9,0,13,13,6,2,0,0,0,0,0,0,0,3,1,6,6,3,24,5,1984,1,6,VOLKSWAGEN GOLF,-1,-1,0,-1
2021201033928,2021,201033928,1,9,0,18,19,8,4,0,0,8,0,0,0,0,1,1,6,6,1,26,6,3200,1,13,VOLKSWAGEN GOLF,2,E01010344,0,-1
2021201087403,2021,201087403,1,9,0,14,14,8,4,0,0,1,0,4,0,0,1,1,6,6,1,-1,-1,1390,1,12,VOLKSWAGEN GOLF,-1,-1,0,-1
2021061104241,2021,061104241,2,9,0,18,19,5,1,0,0,8,0,0,0,0,1,1,6,6,3,30,6,1390,1,15,VOLKSWAGEN GOLF,-1,-1,0,-1
2021010307096,2021,010307096,1,9,0,18,19,1,5,0,0,8,0,0,0,0,3,1,6,6,1,25,5,1390,1,12,VOLKSWAGEN GOLF,3,E01000163,0,-1
2021451090240,2021,451090240,2,9,0,5,5,2,6,0,0,0,0,0,0,0,2,1,5,6,1,78,11,1598,2,11,VOLKSWAGEN GOLF,7,E01023125,0,-1
2021471103007,2021,471103007,2,9,0,14,14,7,3,0,0,0,0,0,0,0,4,1,5,6,2,77,11,1395,1,8,VOLKSWAGEN GOLF,10,E01021219,0,-1
2021010350435,2021,010350435,1,9,0,18,19,8,4,0,0,1,0,0,0,0,4,1,6,6,1,28,6,1598,2,3,VOLKSWAGEN GOLF,3,E01004592,0,-1
2021320457420,2021,320457420,1,9,0,6,6,4,4,0,0,0,0,0,0,0,3,1,6,6,2,54,8,1968,2,5,VOLKSWAGEN GOLF,-1,-1,0,-1
2021320208951,2021,320208951,4,9,0,2,2,0,0,0,0,2,0,0,0,0,4,1,6,6,2,36,7,1968,2,8,VOLKSWAGEN GOLF,1,E01009133,0,-1
2021041045579,2021,041045579,1,9,0,18,19,1,5,0,0,0,0,0,0,0,1,1,6,6,1,29,6,1968,2,14,VOLKSWAGEN GOLF,9,E01022730,0,-1
2021501069918,2021,501069918,1,9,0,18,19,7,3,0,0,3,0,0,0,0,1,1,6,6,3,-1,-1,1968,2,14,VOLKSWAGEN GOLF,-1,-1,0,-1
2021991028361,2021,991028361,2,9,0,18,19,6,2,0,0,0,0,0,0,0,2,1,3,7,2,39,7,1598,2,5,VOLKSWAGEN GOLF,9,-1,0,-1
2021320411046,2021,320411046,2,9,0,18,19,5,1,0,0,0,0,0,1,0,2,1,6,6,2,17,4,1984,1,2,VOLKSWAGEN GOLF,9,E01026196,0,-1
2021421068715,2021,421068715,2,9,0,17,19,3,8,0,0,0,0,0,0,0,4,1,5,6,2,65,9,1197,1,4,VOLKSWAGEN GOLF,3,E01021490,0,-1
2021010289721,2021,010289721,1,9,0,18,19,8,4,0,0,0,0,0,0,0,1,1,6,6,1,54,8,1600,1,22,VOLKSWAGEN GOLF,5,E01000589,0,-1
2021211097141,2021,211097141,1,9,-1,-1,-1,-1,-1,-1,-1,-1,-1,-1,-1,0,-1,1,6,6,1,25,5,1600,1,17,VOLKSWAGEN GOLF,5,E01029647,0,-1
202131A149421,2021,31A149421,1,9,0,2,2,0,0,0,0,0,0,0,7,11,2,1,6,6,2,50,8,1968,2,7,VOLKSWAGEN GOLF,9,E01028219,0,-1
2021421019981,2021,421019981,2,9,0,18,19,4,8,0,0,0,0,0,0,0,4,1,6,6,1,27,6,1600,2,11,VOLKSWAGEN GOLF,7,E01021791,0,-1
2021010289739,2021,010289739,1,9,0,4,4,1,5,0,0,0,0,0,0,0,1,1,6,6,1,20,4,1390,1,12,VOLKSWAGEN GOLF,1,E01004256,0,-1
2021161122383,2021,161122383,2,9,0,9,9,1,7,0,0,8,0,0,0,0,3,1,5,6,1,83,11,1968,2,1,VOLKSWAGEN GOLF,8,E01013065,0,-1
2021010292693,2021,010292693,1,9,0,4,4,3,7,0,0,0,0,0,0,0,2,1,6,6,1,30,6,1896,2,16,VOLKSWAGEN GOLF,3,E01003521,0,-1
2021010297372,2021,010297372,1,9,0,18,19,3,7,0,0,2,0,0,0,0,1,1,6,6,1,19,4,1598,1,15,VOLKSWAGEN GOLF,7,E01026228,0,-1
2021221054671,2021,221054671,2,9,0,10,10,2,8,0,0,8,0,0,0,0,4,1,5,6,1,20,4,1968,2,7,VOLKSWAGEN GOLF,7,E01028941,0,-1
2021522102674,2021,522102674,1,9,0,2,2,0,0,0,0,0,0,0,0,0,2,1,3,7,2,37,7,2000,1,16,VOLKSWAGEN GOLF,5,E01014662,0,-1
2021131071450,2021,131071450,1,9,0,4,4,1,1,0,0,1,0,0,0,0,1,1,6,6,2,34,6,1968,2,12,VOLKSWAGEN GOLF,1,E01010829,0,-1
2021161064757,2021,161064757,2,9,0,18,19,7,3,0,0,8,0,0,1,0,1,1,5,6,1,43,7,999,1,4,VOLKSWAGEN GOLF,3,E01013282,0,-1
2021010298067,2021,010298067,1,9,0,9,9,8,5,0,0,1,0,0,0,0,4,1,6,6,1,39,7,1968,2,12,VOLKSWAGEN GOLF,1,W01000864,0,-1
2021010307380,2021,010307380,1,9,0,7,7,5,7,0,0,1,0,0,0,0,2,1,6,6,2,47,8,1390,1,12,VOLKSWAGEN GOLF,8,E01000216,0,-1
2021010306241,2021,010306241,1,9,0,18,19,5,1,0,0,1,0,0,0,0,1,1,6,6,1,42,7,1498,1,1,VOLKSWAGEN GOLF,10,E01030820,0,-1
2021201133946,2021,201133946,2,9,0,18,19,6,2,0,0,0,0,0,0,0,2,1,2,2,1,32,6,1598,2,9,VOLKSWAGEN GOLF,9,E01031129,0,-1
2021138340025,2021,138340025,1,9,0,17,19,3,7,0,0,0,1,0,2,11,1,1,6,6,3,-1,-1,1896,2,13,VOLKSWAGEN GOLF,-1,-1,0,-1
2021131127326,2021,131127326,1,9,0,7,7,3,5,0,0,8,0,0,0,0,3,1,6,6,3,-1,-1,1598,2,10,VOLKSWAGEN GOLF,-1,-1,0,-1
2021531069337,2021,531069337,2,9,0,9,9,-1,-1,0,0,0,0,0,0,0,4,1,4,7,2,31,6,1598,2,9,VOLKSWAGEN GOLF,3,W01001592,0,-1
2021041036516,2021,041036516,2,9,0,18,19,2,4,0,0,1,1,7,3,10,1,1,2,2,1,20,4,1598,2,11,VOLKSWAGEN GOLF,1,E01012578,0,-1
2021311154776,2021,311154776,1,9,0,6,6,1,5,0,0,0,0,0,0,0,1,1,6,6,1,29,6,1600,2,12,VOLKSWAGEN GOLF,1,E01033396,0,-1
2021552101377,2021,552101377,3,9,0,3,3,2,6,0,0,1,0,0,0,0,2,1,6,6,2,30,6,1968,2,10,VOLKSWAGEN GOLF,4,E01015343,0,-1
2021061025246,2021,061025246,1,9,0,8,8,8,2,0,0,1,0,0,0,0,1,1,6,6,1,22,5,1197,1,11,VOLKSWAGEN GOLF,2,E01005233,0,-1
2021041120739,2021,041120739,2,9,0,18,19,3,7,0,0,0,0,0,0,0,1,1,2,2,1,37,7,1390,1,12,VOLKSWAGEN GOLF,8,E01025165,0,-1
2021401079752,2021,401079752,2,9,0,9,9,5,1,0,0,8,0,0,0,0,3,1,6,6,1,22,5,1197,1,8,VOLKSWAGEN GOLF,5,E01015777,0,-1
2021101101650,2021,101101650,1,9,0,16,19,5,1,0,0,0,0,0,7,0,1,1,5,6,1,21,5,1598,2,5,VOLKSWAGEN GOLF,3,E01027530,0,-1
2021201078706,2021,201078706,1,9,0,18,19,5,1,0,0,1,0,0,0,0,1,1,6,6,3,-1,-1,1896,2,12,VOLKSWAGEN GOLF,-1,-1,0,-1
2021440197419,2021,440197419,1,9,0,1,1,7,3,0,0,1,0,0,0,0,2,1,6,6,3,-1,-1,2000,2,14,VOLKSWAGEN GOLF,-1,-1,0,-1
2021501114571,2021,501114571,1,9,0,16,19,1,4,0,0,0,1,0,0,0,1,1,6,6,1,29,6,1896,2,19,VOLKSWAGEN GOLF,2,E01018836,0,-1
2021471086431,2021,471086431,2,9,0,4,4,1,5,0,0,0,0,0,0,0,2,1,2,2,2,30,6,1968,2,9,VOLKSWAGEN GOLF,6,E01031604,0,-1
2021451095186,2021,451095186,3,9,0,11,11,1,5,0,0,0,0,0,0,0,0,1,6,6,3,52,8,1984,1,5,VOLKSWAGEN GOLF,7,E01030469,0,-1
2021501063074,2021,501063074,1,9,0,9,9,3,1,0,0,4,0,0,0,0,1,1,5,6,1,30,6,1598,1,18,VOLKSWAGEN GOLF,7,E01019010,0,-1
2021461033801,2021,461033801,1,9,0,9,9,5,3,0,0,8,0,0,0,0,3,1,1,1,1,46,8,1598,2,6,VOLKSWAGEN GOLF,2,E01001575,0,-1
2021461075410,2021,461075410,1,9,0,18,19,1,5,0,0,0,0,0,0,0,3,1,5,6,1,24,5,1896,2,18,VOLKSWAGEN GOLF,3,E01024534,0,-1
2021010346499,2021,010346499,2,9,0,99,99,9,9,99,99,9,9,99,9,99,1,9,6,6,3,-1,-1,1984,1,5,VOLKSWAGEN GOLF,-1,-1,0,-1
2021430518888,2021,430518888,1,9,0,7,7,1,3,0,0,6,0,0,0,0,1,1,6,6,2,34,6,1598,2,11,VOLKSWAGEN GOLF,10,E01028820,0,-1
2021622100223,2021,622100223,3,9,0,18,19,4,8,0,0,0,0,0,0,0,1,1,6,6,1,38,7,1598,2,7,VOLKSWAGEN GOLF,5,W01001161,0,-1
2021141023568,2021,141023568,1,9,0,3,3,4,6,0,0,0,0,0,0,0,2,1,6,6,1,34,6,1968,2,8,VOLKSWAGEN GOLF,9,E01007752,0,-1
2021010315922,2021,010315922,1,9,0,99,99,9,9,99,99,9,9,99,9,99,9,9,6,6,2,29,6,1598,1,15,VOLKSWAGEN GOLF,2,E01000785,0,-1
2021141022783,2021,141022783,2,9,0,1,1,3,6,0,0,2,0,0,0,0,2,1,6,6,3,-1,-1,1968,2,13,VOLKSWAGEN GOLF,-1,-1,0,-1
2021131091082,2021,131091082,1,9,0,18,19,7,3,0,0,1,0,0,0,0,1,1,6,6,3,-1,-1,2000,2,15,VOLKSWAGEN GOLF,-1,-1,0,-1
2021061092933,2021,061092933,2,8,0,15,15,5,1,0,0,8,0,0,0,0,3,1,1,1,1,61,9,1598,2,9,VOLKSWAGEN GOLF,-1,-1,0,-1
2021501083818,2021,501083818,1,9,0,18,19,1,5,0,0,0,0,0,0,0,0,1,5,6,2,69,10,1395,1,4,VOLKSWAGEN GOLF,4,E01015147,0,-1
2021010321012,2021,010321012,2,9,0,99,99,9,9,99,99,9,9,99,9,99,1,9,6,6,3,-1,-1,1781,1,26,VOLKSWAGEN GOLF,-1,-1,0,-1
2021201118136,2021,201118136,1,9,0,9,9,6,4,0,0,6,0,0,0,0,1,1,6,6,1,18,4,1896,2,14,VOLKSWAGEN GOLF,5,E01010354,0,-1
2021131098628,2021,131098628,1,9,0,9,9,5,1,0,0,1,0,0,0,0,1,1,1,1,1,37,7,1598,2,9,VOLKSWAGEN GOLF,6,E01032499,0,-1
2021320360496,2021,320360496,1,9,0,13,13,8,4,0,0,3,0,0,0,0,3,1,6,6,1,25,5,1598,2,9,VOLKSWAGEN GOLF,5,E01026306,0,-1
2021221076022,2021,221076022,2,9,0,18,19,3,7,0,0,1,0,0,0,0,1,1,5,6,1,53,8,1595,1,14,VOLKSWAGEN GOLF,4,E01014003,0,-1
2021052100119,2021,052100119,2,9,0,18,19,4,8,0,0,8,0,7,1,1,3,1,2,2,1,37,7,-1,3,1,VOLKSWAGEN GOLF,2,E01006953,0,-1
2021471057463,2021,471057463,1,9,0,18,19,7,3,0,0,0,1,0,7,4,1,1,5,6,1,22,5,1272,1,35,VOLKSWAGEN GOLF,8,E01029212,0,-1
2021221049175,2021,221049175,2,9,0,18,19,5,1,0,0,0,1,0,1,0,1,1,5,6,1,40,7,1968,2,11,VOLKSWAGEN GOLF,5,E01014069,0,-1
2021201125306,2021,201125306,1,9,0,18,19,8,4,0,0,0,0,0,0,0,0,1,6,6,1,19,4,1498,1,4,VOLKSWAGEN GOLF,2,E01009997,0,-1
2021061077668,2021,061077668,1,9,0,18,19,7,3,0,0,1,0,0,0,0,1,1,6,6,1,24,5,1968,2,6,VOLKSWAGEN GOLF,4,E01005298,0,-1
2021361129541,2021,361129541,1,9,0,18,19,4,8,0,0,0,5,0,7,0,1,1,2,2,2,31,6,2000,1,15,VOLKSWAGEN GOLF,-1,-1,0,-1
202131P013721,2021,31P013721,1,9,0,18,19,1,5,0,0,0,0,0,0,0,2,1,1,1,2,36,7,999,1,2,VOLKSWAGEN GOLF,1,E01007566,0,-1
2021052101638,2021,052101638,1,9,0,18,19,5,1,0,0,8,0,0,0,0,1,1,6,6,2,67,10,1896,2,14,VOLKSWAGEN GOLF,6,E01007194,0,-1
2021041057286,2021,041057286,1,9,0,18,19,7,7,0,0,0,0,0,0,0,1,1,3,7,2,47,8,1984,1,4,VOLKSWAGEN GOLF,3,E01024943,0,-1
2021010296585,2021,010296585,2,9,0,9,9,1,7,0,0,8,0,0,0,0,1,1,6,6,1,29,6,1390,1,12,VOLKSWAGEN GOLF,7,E01000572,0,-1
2021070635466,2021,070635466,1,9,0,18,19,1,6,0,0,1,0,0,0,0,1,1,6,6,2,41,7,1598,2,9,VOLKSWAGEN GOLF,2,E01008053,0,-1
2021131047702,2021,131047702,1,9,0,9,9,7,3,0,0,0,0,0,0,0,2,1,5,6,1,24,5,1968,2,8,VOLKSWAGEN GOLF,4,E01010599,0,-1
2021440491159,2021,440491159,2,9,0,18,19,6,2,0,0,0,0,0,0,0,1,1,6,6,1,27,6,1600,1,17,VOLKSWAGEN GOLF,7,E01016209,0,-1
2021010296231,2021,010296231,2,9,0,99,99,9,9,99,99,9,9,99,9,99,0,9,6,6,3,-1,-1,1390,1,13,VOLKSWAGEN GOLF,6,E01001272,0,-1
2021010291818,2021,010291818,2,9,0,18,19,5,1,0,0,8,0,0,0,0,1,1,6,6,1,30,6,2000,2,16,VOLKSWAGEN GOLF,6,E01002523,0,-1
2021302101540,2021,302101540,1,9,0,17,19,2,6,0,0,0,0,0,0,0,1,1,6,6,1,64,9,2000,1,16,VOLKSWAGEN GOLF,7,E01019771,0,-1
2021540362321,2021,540362321,1,9,0,17,19,1,5,0,0,0,1,0,1,0,3,1,1,1,2,45,7,1800,1,22,VOLKSWAGEN GOLF,5,E01031982,0,-1
2021501090607,2021,501090607,2,9,0,18,19,1,5,0,0,0,0,0,0,0,1,1,5,6,2,60,9,1498,1,2,VOLKSWAGEN GOLF,8,E01020333,0,-1
2021010328294,2021,010328294,2,9,0,18,19,7,3,0,0,0,0,0,0,0,1,1,6,6,1,24,5,1896,2,18,VOLKSWAGEN GOLF,4,E01004591,0,-1
2021010349903,2021,010349903,2,9,0,99,99,9,9,99,99,0,9,99,9,99,9,9,6,6,1,41,7,1197,1,10,VOLKSWAGEN GOLF,3,E01024396,0,-1
2021061074493,2021,061074493,2,9,0,18,19,2,2,0,0,0,0,0,0,0,2,1,6,6,1,29,6,1598,2,7,VOLKSWAGEN GOLF,3,E01004867,0,-1
2021501096179,2021,501096179,1,9,0,9,9,2,6,0,0,1,0,0,0,0,1,1,6,6,2,71,10,1598,2,3,VOLKSWAGEN GOLF,6,E01018832,0,-1
2021141044623,2021,141044623,1,9,0,18,19,7,3,0,0,0,1,0,2,4,1,1,6,6,1,20,4,1968,2,12,VOLKSWAGEN GOLF,5,E01013244,0,-1
2021010311111,2021,010311111,3,9,0,5,5,0,5,0,0,2,0,0,0,0,3,1,6,6,1,21,5,1498,1,4,VOLKSWAGEN GOLF,3,E01001446,0,-1
2021231027306,2021,231027306,1,9,0,18,19,7,3,0,0,0,0,0,3,11,1,1,5,6,2,42,7,1498,1,1,VOLKSWAGEN GOLF,8,E01031103,0,-1
2021401046880,2021,401046880,2,9,-1,3,3,-1,-1,0,0,1,-1,-1,-1,0,2,1,5,6,2,32,6,1598,2,9,VOLKSWAGEN GOLF,3,E01015724,0,-1
2021430459537,2021,430459537,1,9,0,9,9,7,5,0,0,5,0,0,0,0,4,1,6,6,1,21,5,1390,1,9,VOLKSWAGEN GOLF,4,E01016215,0,-1
2021010341494,2021,010341494,2,9,0,99,99,9,9,99,99,9,9,99,9,99,1,9,6,6,3,-1,-1,1896,2,14,VOLKSWAGEN GOLF,-1,-1,0,-1
2021430328865,2021,430328865,2,9,0,18,19,8,4,0,0,0,0,0,0,0,4,1,6,6,1,64,9,1968,2,2,VOLKSWAGEN GOLF,5,E01005402,0,-1
2021010349832,2021,010349832,1,9,0,99,99,9,9,99,99,9,9,99,9,99,2,9,2,2,1,27,6,1390,1,11,VOLKSWAGEN GOLF,2,E01021318,0,-1
2021451032540,2021,451032540,1,9,0,18,19,1,5,0,0,2,1,0,1,1,1,1,5,6,1,35,6,1598,2,1,VOLKSWAGEN GOLF,3,E01023120,0,-1
2021101109026,2021,101109026,1,9,0,18,19,5,1,0,0,0,0,2,0,0,1,1,2,2,2,29,6,1968,2,8,VOLKSWAGEN GOLF,2,E01008336,0,-1
2021552100436,2021,552100436,1,9,0,5,5,2,8,0,0,6,0,0,0,0,4,1,6,6,1,81,11,1395,1,8,VOLKSWAGEN GOLF,6,E01020411,0,-1
2021131091082,2021,131091082,2,9,0,4,4,7,3,0,0,1,0,0,0,0,2,1,2,2,2,38,7,1390,1,11,VOLKSWAGEN GOLF,6,E01010754,0,-1
2021991014812,2021,991014812,1,9,0,18,19,1,5,0,0,0,1,10,0,0,3,1,2,2,1,20,4,1390,1,11,VOLKSWAGEN GOLF,10,-1,0,-1
2021101064391,2021,101064391,1,9,0,9,9,8,1,0,0,8,0,0,0,0,1,1,5,6,1,70,10,1498,1,3,VOLKSWAGEN GOLF,5,E01008615,0,-1
2021991115879,2021,991115879,2,9,0,3,3,7,4,0,0,0,0,0,0,0,1,1,6,6,1,46,8,1968,2,14,VOLKSWAGEN GOLF,9,-1,0,-1