collision_index,collision_year,collision_ref_no,vehicle_reference,vehicle_type,towing_and_articulation,vehicle_manoeuvre_historic,vehicle_manoeuvre,vehicle_direction_from,vehicle_direction_to,vehicle_location_restricted_lane_historic,vehicle_location_restricted_lane,junction_location,skidding_and_overturning,hit_object_in_carriageway,vehicle_leaving_carriageway,hit_object_off_carriageway,first_point_of_impact,vehicle_left_hand_drive,journey_purpose_of_driver_historic,journey_purpose_of_driver,sex_of_driver,age_of_driver,age_band_of_driver,engine_capacity_cc,propulsion_code,age_of_vehicle,generic_make_model,driver_imd_decile,lsoa_of_driver,escooter_flag,driver_distance_banding
2021161051584,2021,161051584,4,9,0,2,2,0,0,0,0,0,0,0,0,0,2,1,6,6,3,-1,-1,1968,2,14,VOLKSWAGEN GOLF,-1,-1,0,-1
2021549134621,2021,549134621,1,9,0,17,19,3,7,0,0,0,2,10,0,10,1,1,6,6,1,18,4,1390,1,14,VOLKSWAGEN GOLF,8,E01022189,0,-1
2021201070013,2021,201070013,1,9,0,18,19,7,3,0,0,4,0,0,0,0,1,1,6,6,1,41,7,2000,2,15,VOLKSWAGEN GOLF,2,E01010315,0,-1
20211382F1808,2021,1382F1808,1,9,0,18,19,5,1,0,0,0,0,0,0,0,1,1,2,2,1,28,6,1600,2,12,VOLKSWAGEN GOLF,1,E01010620,0,-1
2021201065939,2021,201065939,4,9,0,13,13,1,5,0,0,0,0,0,0,0,3,1,5,6,1,23,5,1781,1,19,VOLKSWAGEN GOLF,10,E01009670,0,-1
2021522105471,2021,522105471,2,9,0,12,12,3,7,0,0,2,0,0,0,0,2,1,6,6,1,28,6,1598,1,16,VOLKSWAGEN GOLF,3,E01014687,0,-1
2021041024502,2021,041024502,1,9,0,13,13,5,1,0,0,2,0,0,1,0,1,1,6,6,1,30,6,1896,2,21,VOLKSWAGEN GOLF,-1,-1,0,-1
2021010291279,2021,010291279,2,9,9,18,19,3,7,0,0,0,9,99,0,0,9,1,6,6,1,-1,-1,2000,1,21,VOLKSWAGEN GOLF,-1,-1,0,-1
2021201146962,2021,201146962,2,9,0,2,2,0,0,0,0,1,0,4,0,0,1,1,6,6,3,44,7,1896,2,13,VOLKSWAGEN GOLF,3,E01010055,0,-1
2021351025949,2021,351025949,2,9,0,18,19,2,2,0,0,0,0,0,0,0,1,1,5,6,2,55,8,1598,2,10,VOLKSWAGEN GOLF,10,E01018244,0,-1
2021010339244,2021,010339244,1,9,0,7,7,7,2,0,0,1,0,0,0,0,1,1,6,6,1,67,10,1395,1,4,VOLKSWAGEN GOLF,8,E01002207,0,-1
2021010300823,2021,010300823,2,9,0,99,99,9,9,99,99,9,9,99,9,99,1,9,6,6,3,-1,-1,1600,1,16,VOLKSWAGEN GOLF,-1,-1,0,-1
2021622100304,2021,622100304,1,9,0,18,19,2,6,0,0,0,1,4,0,0,1,1,6,6,1,37,7,1968,2,14,VOLKSWAGEN GOLF,7,W01000888,0,-1
2021010292153,2021,010292153,1,9,0,18,19,7,3,9,9,0,0,0,0,0,1,1,6,6,1,29,6,1968,2,4,VOLKSWAGEN GOLF,8,E01002238,0,-1
2021061084020,2021,061084020,1,9,0,18,19,3,7,0,0,0,1,0,0,0,1,1,6,6,1,23,5,1984,1,3,VOLKSWAGEN GOLF,2,E01005233,0,-1
2021430540715,2021,430540715,2,9,0,18,19,2,6,0,0,8,0,0,0,0,3,1,2,2,1,42,7,1968,2,8,VOLKSWAGEN GOLF,5,E01016369,0,-1
202131D165921,2021,31D165921,1,9,0,9,9,8,6,0,0,5,0,10,0,0,3,1,6,6,2,22,5,2000,2,15,VOLKSWAGEN GOLF,4,E01028210,0,-1
2021991121482,2021,991121482,2,9,0,17,19,2,7,0,0,2,0,0,0,0,1,1,6,6,2,71,10,1498,1,2,VOLKSWAGEN GOLF,10,-1,0,-1
2021622100459,2021,622100459,2,9,0,4,4,6,2,0,0,0,0,0,0,0,2,1,6,6,1,19,4,1197,1,6,VOLKSWAGEN GOLF,10,E01017727,0,-1
2021052100768,2021,052100768,1,9,0,9,9,7,5,0,0,2,0,0,0,0,1,1,6,6,1,31,6,1968,2,12,VOLKSWAGEN GOLF,4,E01012428,0,-1
202134NNC7311,2021,34NNC7311,2,9,0,10,10,5,1,0,0,8,0,0,0,0,2,1,6,6,1,39,7,1598,2,4,VOLKSWAGEN GOLF,5,E01027328,0,-1
2021522104378,2021,522104378,1,9,0,10,10,5,3,0,0,1,0,0,0,0,2,1,6,6,2,30,6,1498,1,3,VOLKSWAGEN GOLF,10,E01014980,0,-1
2021201036783,2021,201036783,1,9,0,5,5,8,4,0,0,0,0,0,0,0,4,1,6,6,3,-1,-1,1984,1,5,VOLKSWAGEN GOLF,-1,-1,0,-1
2021471050404,2021,471050404,1,9,0,6,6,3,3,0,0,2,0,0,0,0,3,1,6,6,3,25,5,1896,2,13,VOLKSWAGEN GOLF,-1,-1,0,-1
2021320647189,2021,320647189,2,9,0,18,19,7,3,0,0,1,0,0,0,0,3,1,6,6,1,67,10,1498,1,2,VOLKSWAGEN GOLF,2,E01026156,0,-1
2021451034498,2021,451034498,1,9,0,18,19,7,3,0,0,0,1,0,0,0,1,1,5,6,2,25,5,1395,1,5,VOLKSWAGEN GOLF,7,E01024378,0,-1
2021201118711,2021,201118711,2,9,0,18,19,3,7,0,0,8,0,0,0,0,1,1,6,6,1,25,5,1598,1,15,VOLKSWAGEN GOLF,2,E01009090,0,-1
2021061070993,2021,061070993,3,9,0,3,3,5,1,0,0,1,0,0,0,0,2,1,5,6,1,31,6,1598,2,7,VOLKSWAGEN GOLF,9,E01004971,0,-1
2021010339638,2021,010339638,2,9,0,99,99,9,9,99,99,9,9,99,9,99,9,9,6,6,3,70,10,1390,1,11,VOLKSWAGEN GOLF,1,E01004286,0,-1
2021545595321,2021,545595321,1,9,0,18,19,7,3,0,0,3,0,0,0,0,1,1,6,6,1,19,4,1896,2,19,VOLKSWAGEN GOLF,9,E01015523,0,-1
2021201119601,2021,201119601,1,9,0,9,9,2,7,0,0,6,0,0,0,0,1,1,5,6,1,45,7,1896,2,18,VOLKSWAGEN GOLF,2,E01010309,0,-1
2021552100973,2021,552100973,1,9,0,18,19,8,4,0,0,4,0,0,0,0,1,1,2,2,1,33,6,1896,2,17,VOLKSWAGEN GOLF,1,E01015281,0,-1
2021430577936,2021,430577936,2,9,0,16,19,5,8,0,0,8,0,0,0,0,1,1,6,6,2,28,6,1896,2,18,VOLKSWAGEN GOLF,10,E01028680,0,-1
202134WNC7571,2021,34WNC7571,1,9,0,18,19,2,6,0,0,8,0,0,0,0,1,1,6,6,2,-1,-1,1598,2,10,VOLKSWAGEN GOLF,-1,-1,0,-1
2021141040701,2021,141040701,1,9,0,18,19,3,7,0,0,0,0,0,0,0,1,1,2,2,1,38,7,1598,2,6,VOLKSWAGEN GOLF,4,E01007513,0,-1
2021471018253,2021,471018253,2,9,0,18,19,5,1,0,0,0,0,0,1,10,1,1,6,6,1,20,4,1390,1,17,VOLKSWAGEN GOLF,10,E01031641,0,-1
2021201119079,2021,201119079,1,9,0,18,19,6,2,0,0,0,0,0,0,0,1,1,6,6,1,30,6,1390,1,12,VOLKSWAGEN GOLF,2,E01010073,0,-1
2021141036009,2021,141036009,1,9,0,18,19,6,2,0,0,1,0,0,0,0,3,1,5,6,2,34,6,1395,1,7,VOLKSWAGEN GOLF,2,E01007343,0,-1
2021010338045,2021,010338045,2,9,0,4,4,5,1,0,0,1,0,0,0,0,2,1,6,6,2,20,4,1197,1,6,VOLKSWAGEN GOLF,1,E01001730,0,-1
2021122100318,2021,122100318,1,9,0,18,19,3,7,0,0,0,0,0,0,0,1,1,6,6,2,53,8,1197,1,7,VOLKSWAGEN GOLF,9,E01027665,0,-1
2021221048450,2021,221048450,3,9,0,18,19,5,1,0,0,0,0,4,0,0,1,1,5,6,1,18,4,999,1,4,VOLKSWAGEN GOLF,8,E01014111,0,-1
2021351095366,2021,351095366,2,9,0,2,2,0,0,0,0,0,0,0,0,0,3,1,5,6,1,-1,-1,1598,1,16,VOLKSWAGEN GOLF,-1,-1,0,-1
2021138211296,2021,138211296,1,9,0,18,19,3,7,0,0,1,0,0,0,0,1,1,2,2,1,25,5,1896,2,19,VOLKSWAGEN GOLF,1,E01011660,0,-1
2021440366684,2021,440366684,1,9,0,5,5,6,2,0,0,6,0,0,0,0,1,1,6,6,1,21,5,1598,2,2,VOLKSWAGEN GOLF,10,E01022645,0,-1
2021411033992,2021,411033992,1,9,0,10,10,5,2,0,0,1,0,0,0,0,1,1,5,6,1,47,8,1598,2,5,VOLKSWAGEN GOLF,5,E01023630,0,-1
2021201113166,2021,201113166,1,9,0,18,19,1,5,0,0,4,0,0,0,0,4,1,6,6,2,44,7,1598,1,14,VOLKSWAGEN GOLF,1,E01010456,0,-1
2021430068711,2021,430068711,1,9,0,18,19,3,7,0,0,1,0,0,0,0,4,1,6,6,2,20,4,1968,2,8,VOLKSWAGEN GOLF,-1,-1,0,-1
2021351018680,2021,351018680,2,9,0,16,19,5,1,0,0,0,0,0,0,0,3,1,1,1,1,38,7,1900,2,17,VOLKSWAGEN GOLF,9,E01018221,0,-1
2021010334506,2021,010334506,1,9,0,99,99,9,9,99,99,9,9,99,9,99,2,9,6,6,1,43,7,1395,1,5,VOLKSWAGEN GOLF,6,E01003646,0,-1
2021131089689,2021,131089689,1,9,0,-1,-1,-1,-1,-1,-1,-1,-1,-1,-1,-1,-1,1,6,6,3,-1,-1,1598,2,2,VOLKSWAGEN GOLF,-1,-1,0,-1
2021061085995,2021,061085995,1,9,0,9,9,5,1,0,0,2,0,0,0,0,4,1,6,6,1,42,7,1595,1,18,VOLKSWAGEN GOLF,1,E01005245,0,-1
2021522200730,2021,522200730,1,9,0,18,19,7,3,0,0,6,0,0,0,0,1,1,6,6,2,49,8,1390,1,12,VOLKSWAGEN GOLF,4,E01014906,0,-1
2021010350608,2021,010350608,1,9,0,3,3,1,5,0,0,1,0,0,0,0,1,1,6,6,1,33,6,1390,1,12,VOLKSWAGEN GOLF,-1,-1,0,-1
2021070144149,2021,070144149,2,9,0,18,19,8,4,0,0,0,0,0,0,0,2,1,6,6,1,66,10,1984,1,4,VOLKSWAGEN GOLF,7,E01001380,0,-1
2021461027246,2021,461027246,1,9,0,18,19,4,8,0,0,1,0,0,0,0,1,1,2,2,2,21,5,1498,1,1,VOLKSWAGEN GOLF,9,E01024826,0,-1
2021552100942,2021,552100942,1,9,0,5,5,6,2,0,0,6,0,0,0,0,1,1,6,6,1,33,6,1598,1,14,VOLKSWAGEN GOLF,-1,-1,0,-1
2021371038364,2021,371038364,1,9,0,18,19,3,7,0,0,1,0,0,0,0,2,1,2,2,1,20,4,1390,1,9,VOLKSWAGEN GOLF,6,E01030099,0,-1
2021440216049,2021,440216049,1,9,0,9,9,3,8,0,0,8,0,0,0,0,1,1,6,6,2,56,9,1598,1,20,VOLKSWAGEN GOLF,10,E01023043,0,-1
2021471108560,2021,471108560,3,9,0,4,4,7,3,0,0,0,0,0,0,0,1,1,2,2,2,57,9,1598,2,8,VOLKSWAGEN GOLF,9,E01031582,0,-1
2021531055322,2021,531055322,1,9,0,18,19,2,4,0,0,0,1,0,0,0,3,1,5,6,1,53,8,1896,2,18,VOLKSWAGEN GOLF,5,E01014065,0,-1
2021501023368,2021,501023368,1,9,0,5,5,5,8,0,0,1,0,0,0,0,1,1,1,1,2,31,6,1968,2,14,VOLKSWAGEN GOLF,6,E01020533,0,-1
2021430483469,2021,430483469,1,9,0,18,19,5,1,0,0,0,1,0,1,0,1,1,1,1,1,55,8,1780,1,38,VOLKSWAGEN GOLF,10,E01028674,0,-1
2021010299154,2021,010299154,1,9,0,99,99,9,9,99,99,9,9,99,9,99,9,9,6,6,2,34,6,1197,1,8,VOLKSWAGEN GOLF,3,E01000381,0,-1
2021041194614,2021,041194614,1,9,0,18,19,1,5,0,0,1,0,0,0,0,1,2,1,1,1,36,7,1395,1,8,VOLKSWAGEN GOLF,1,E01025296,0,-1
2021421121459,2021,421121459,2,9,0,4,4,4,8,0,0,1,0,0,0,0,2,1,2,2,2,30,6,1968,2,12,VOLKSWAGEN GOLF,-1,-1,0,-1
2021542993921,2021,542993921,1,9,0,18,19,1,5,0,0,0,5,0,7,4,1,1,6,6,1,22,5,1968,2,12,VOLKSWAGEN GOLF,8,E01031946,0,-1
2021161047793,2021,161047793,1,9,0,18,19,7,3,0,0,0,0,0,2,7,1,1,6,6,2,17,4,1390,1,18,VOLKSWAGEN GOLF,-1,-1,0,-1
2021302101326,2021,302101326,1,9,0,17,19,4,8,0,0,8,0,0,0,0,4,1,6,6,1,-1,-1,1395,1,6,VOLKSWAGEN GOLF,10,E01013577,0,-1
2021531043347,2021,531043347,2,9,0,18,19,5,1,0,0,8,0,0,0,0,1,1,5,6,1,18,4,1390,1,12,VOLKSWAGEN GOLF,6,E01020056,0,-1
2021522102204,2021,522102204,1,9,0,3,3,4,8,0,0,1,0,0,0,0,2,1,6,6,1,19,4,1197,1,8,VOLKSWAGEN GOLF,3,E01032517,0,-1
202131B172121,2021,31B172121,2,9,0,18,19,8,4,0,0,1,0,0,0,0,1,1,6,6,1,31,6,2000,2,15,VOLKSWAGEN GOLF,6,E01028016,0,-1
2021991072258,2021,991072258,2,9,0,18,19,7,3,0,0,0,1,4,0,0,1,1,6,6,1,18,4,1900,2,16,VOLKSWAGEN GOLF,8,-1,0,-1
2021010344971,2021,010344971,1,9,0,99,99,9,9,99,99,9,9,99,9,99,9,9,6,6,1,46,8,1598,1,13,VOLKSWAGEN GOLF,2,E01032765,0,-1
2021552100228,2021,552100228,2,9,0,10,10,6,2,0,0,5,0,0,0,0,2,1,3,7,2,40,7,1896,2,13,VOLKSWAGEN GOLF,9,E01020421,0,-1
2021010324815,2021,010324815,1,9,0,99,99,9,9,99,99,9,9,99,9,99,2,9,6,6,2,39,7,1390,1,9,VOLKSWAGEN GOLF,4,E01000497,0,-1
2021010341660,2021,010341660,2,9,0,99,99,9,9,99,99,9,9,99,9,99,9,9,6,6,1,23,5,1390,1,9,VOLKSWAGEN GOLF,2,E01004302,0,-1
2021010294270,2021,010294270,1,9,0,18,19,3,7,0,0,8,0,0,0,0,1,1,2,2,1,25,5,1600,1,17,VOLKSWAGEN GOLF,1,E01000601,0,-1
2021010322184,2021,010322184,1,9,0,10,10,3,1,0,0,1,0,0,0,0,3,1,6,6,1,71,10,1395,1,5,VOLKSWAGEN GOLF,8,E01021141,0,-1
2021131094740,2021,131094740,1,9,0,-1,-1,-1,-1,-1,-1,0,-1,-1,-1,-1,-1,1,6,6,2,36,7,1896,2,13,VOLKSWAGEN GOLF,2,E01010583,0,-1
2021540673521,2021,540673521,3,9,0,4,4,5,1,0,0,0,0,0,0,0,2,1,2,2,1,35,6,1598,2,9,VOLKSWAGEN GOLF,3,E01014622,0,-1
2021010304530,2021,010304530,2,9,0,3,3,7,3,0,0,2,0,0,0,0,2,1,2,2,1,25,5,1390,1,12,VOLKSWAGEN GOLF,4,E01000316,0,-1
2021010296478,2021,010296478,2,9,0,99,99,9,9,99,99,9,9,99,9,99,9,9,6,6,3,-1,-1,1390,1,12,VOLKSWAGEN GOLF,-1,-1,0,-1
2021061154700,2021,061154700,2,9,0,2,2,0,0,0,0,0,0,0,0,0,1,1,6,6,1,36,7,2000,2,15,VOLKSWAGEN GOLF,5,E01005229,0,-1
2021440037418,2021,440037418,1,9,0,9,9,5,2,0,0,5,0,0,0,0,1,1,6,6,1,22,5,1390,1,12,VOLKSWAGEN GOLF,4,E01017308,0,-1
2021010287966,2021,010287966,2,9,0,9,9,4,1,0,0,5,0,10,1,10,3,1,6,6,2,29,6,-1,3,3,VOLKSWAGEN GOLF,1,E01003070,0,-1
2021201124830,2021,201124830,1,9,0,5,5,6,4,0,0,1,0,0,0,0,1,1,2,2,1,56,9,1896,2,13,VOLKSWAGEN GOLF,7,E01010394,0,-1
2021401047592,2021,401047592,2,9,0,5,5,7,3,0,0,1,0,0,0,0,1,1,5,6,1,20,4,1598,1,16,VOLKSWAGEN GOLF,5,E01033139,0,-1
2021010308971,2021,010308971,1,9,0,99,99,9,9,99,99,9,9,99,9,99,9,9,6,6,2,26,6,1600,1,17,VOLKSWAGEN GOLF,2,E01000954,0,-1
2021320334982,2021,320334982,2,9,0,18,19,4,8,0,0,1,0,0,0,0,1,1,6,6,2,31,6,1896,2,13,VOLKSWAGEN GOLF,3,E01026310,0,-1
2021201125363,2021,201125363,1,9,0,9,9,7,6,0,0,6,0,0,0,0,1,1,6,6,2,-1,-1,1395,1,8,VOLKSWAGEN GOLF,-1,-1,0,-1
2021411040225,2021,411040225,1,9,0,4,4,7,3,0,0,0,0,0,0,0,1,1,1,1,2,19,4,1896,2,20,VOLKSWAGEN GOLF,7,E01023776,0,-1
2021131109560,2021,131109560,1,9,0,13,13,1,5,0,0,0,1,0,0,0,1,1,6,6,1,30,6,1968,2,12,VOLKSWAGEN GOLF,2,E01011136,0,-1
2021010295861,2021,010295861,2,9,0,18,19,3,7,0,0,0,0,0,0,0,2,1,1,1,2,62,9,1395,1,4,VOLKSWAGEN GOLF,2,E01001557,0,-1
2021991041231,2021,991041231,1,9,0,13,13,1,6,0,0,0,0,0,0,0,4,1,5,6,1,81,11,1896,2,13,VOLKSWAGEN GOLF,7,-1,0,-1
2021010309116,2021,010309116,1,9,0,8,8,4,7,0,0,1,0,0,0,0,1,1,6,6,1,21,5,1390,1,14,VOLKSWAGEN GOLF,5,E01002501,0,-1
2021430304040,2021,430304040,2,9,0,4,4,5,1,0,0,0,0,0,0,0,2,1,2,2,1,30,6,1598,1,14,VOLKSWAGEN GOLF,1,E01001840,0,-1
2021061088923,2021,061088923,3,9,0,18,19,7,3,0,0,0,0,0,0,0,2,1,6,6,2,29,6,1395,1,3,VOLKSWAGEN GOLF,9,E01005047,0,-1
2021041113306,2021,041113306,1,9,0,18,19,8,4,0,0,6,0,0,0,0,1,1,2,2,1,19,4,1498,1,3,VOLKSWAGEN GOLF,9,E01025211,0,-1
2021061049998,2021,061049998,2,9,0,18,19,2,6,0,0,1,0,0,0,0,1,1,6,6,2,30,6,1900,2,16,VOLKSWAGEN GOLF,2,W01000016,0,-1
2021991094033,2021,991094033,3,9,0,2,2,3,3,0,0,1,0,0,0,0,2,1,6,6,3,-1,-1,1498,1,0,VOLKSWAGEN GOLF,-1,-1,0,-1
2021010300743,2021,010300743,1,9,0,1,1,1,5,0,0,8,0,0,0,0,4,1,6,6,2,35,6,1395,1,8,VOLKSWAGEN GOLF,3,E01001832,0,-1
2021010346550,2021,010346550,2,9,0,4,4,7,3,7,6,0,0,0,0,0,0,1,6,6,1,31,6,1395,1,6,VOLKSWAGEN GOLF,2,E01003299,0,-1
2021131121551,2021,131121551,1,9,0,18,19,5,1,0,0,0,1,0,0,0,1,1,5,6,1,19,4,1896,2,14,VOLKSWAGEN GOLF,3,E01010867,0,-1
2021201136187,2021,201136187,1,9,0,18,19,4,8,0,0,8,0,0,0,0,1,1,6,6,2,-1,-1,1900,2,16,VOLKSWAGEN GOLF,-1,-1,0,-1
2021131052798,2021,131052798,1,9,0,18,19,1,5,0,0,8,1,7,0,0,4,2,6,6,1,17,4,1900,2,16,VOLKSWAGEN GOLF,1,E01010607,0,-1
2021010311319,2021,010311319,1,9,0,3,3,5,1,0,0,1,0,0,0,0,1,1,6,6,1,58,9,1984,1,20,VOLKSWAGEN GOLF,3,E01003520,0,-1
2021138130299,2021,138130299,1,9,0,18,19,1,5,0,0,0,1,0,0,0,4,1,6,6,1,36,7,1598,1,15,VOLKSWAGEN GOLF,3,E01010776,0,-1
2021052101312,2021,052101312,1,9,0,4,4,5,1,0,0,0,0,0,0,0,1,1,6,6,2,41,7,1390,1,9,VOLKSWAGEN GOLF,8,E01007268,0,-1
2021061065770,2021,061065770,2,9,0,18,19,8,6,0,0,0,0,0,0,0,1,1,6,6,2,59,9,1395,8,4,VOLKSWAGEN GOLF,9,E01006140,0,-1
2021010349077,2021,010349077,2,9,0,9,9,3,1,0,0,1,1,0,1,11,1,1,6,6,1,22,5,1390,1,10,VOLKSWAGEN GOLF,3,E01001244,0,-1
2021991100411,2021,991100411,2,9,0,18,19,8,4,0,0,4,0,0,0,0,1,1,6,6,2,62,9,1600,1,15,VOLKSWAGEN GOLF,6,-1,0,-1
2021010309892,2021,010309892,1,9,0,8,8,1,3,0,0,1,0,0,0,0,0,1,6,6,2,39,7,1600,1,16,VOLKSWAGEN GOLF,4,E01000229,0,-1
2021041194614,2021,041194614,2,9,0,5,5,5,1,0,0,1,0,0,0,0,2,2,1,1,2,37,7,1390,1,16,VOLKSWAGEN GOLF,1,E01025293,0,-1
2021471059877,2021,471059877,1,9,0,10,10,6,4,0,0,4,0,0,0,0,1,1,5,6,1,27,6,1968,2,10,VOLKSWAGEN GOLF,4,E01031453,0,-1
2021430025459,2021,430025459,2,9,0,9,9,8,6,0,0,6,0,0,0,0,1,1,6,6,1,45,7,1896,2,12,VOLKSWAGEN GOLF,8,E01028614,0,-1
2021361042941,2021,361042941,1,9,0,18,19,3,7,0,0,0,0,0,0,0,4,1,5,6,1,33,6,2000,2,17,VOLKSWAGEN GOLF,5,E01026911,0,-1
2021440290632,2021,440290632,2,9,0,18,19,4,8,0,0,0,0,0,0,0,4,1,2,2,1,37,7,1968,2,4,VOLKSWAGEN GOLF,7,E01029140,0,-1
2021010317044,2021,010317044,1,9,0,5,5,7,3,0,0,0,0,0,0,0,2,1,6,6,1,39,7,1390,1,18,VOLKSWAGEN GOLF,3,E01002030,0,-1
2021131053154,2021,131053154,2,9,0,9,9,1,1,0,0,2,0,0,0,0,1,1,6,6,2,50,8,1498,1,2,VOLKSWAGEN GOLF,6,E01011425,0,-1
2021201090056,2021,201090056,1,9,0,18,19,8,4,0,0,0,5,10,1,4,4,1,6,6,1,21,5,1896,2,13,VOLKSWAGEN GOLF,-1,-1,0,-1
202106X079525,2021,06X079525,4,9,0,18,19,6,2,0,0,0,1,0,0,6,1,1,6,6,2,47,8,1395,1,6,VOLKSWAGEN GOLF,2,E01010929,0,-1
2021311074761,2021,311074761,1,9,0,2,2,0,0,0,0,8,1,10,7,0,3,1,5,6,1,36,7,1968,2,11,VOLKSWAGEN GOLF,7,W01000131,0,-1
2021421124417,2021,421124417,4,9,0,3,3,7,3,0,0,0,0,0,0,0,1,1,6,6,3,-1,-1,1498,1,1,VOLKSWAGEN GOLF,-1,-1,0,-1
2021411096373,2021,411096373,2,9,0,5,5,2,7,0,0,2,0,0,0,0,3,1,6,6,1,43,7,1968,2,11,VOLKSWAGEN GOLF,10,E01023483,0,-1
2021430452190,2021,430452190,1,9,0,17,19,5,2,0,0,0,0,0,0,0,2,1,2,2,2,55,8,1896,2,14,VOLKSWAGEN GOLF,10,E01016386,0,-1
2021440399322,2021,440399322,4,9,0,4,4,5,1,0,0,0,1,0,0,0,2,1,1,1,1,54,8,1598,2,6,VOLKSWAGEN GOLF,2,E01022970,0,-1
2021131082293,2021,131082293,1,9,0,16,19,1,7,0,0,2,0,0,0,0,3,1,5,6,2,27,6,1598,2,11,VOLKSWAGEN GOLF,2,E01010804,0,-1
2021161084117,2021,161084117,2,9,0,18,19,6,2,0,0,2,0,0,0,0,1,1,5,6,2,28,6,1900,2,16,VOLKSWAGEN GOLF,7,E01012835,0,-1
2021622100949,2021,622100949,1,9,0,18,19,8,5,0,0,4,0,0,0,0,3,1,6,6,1,48,8,1598,1,20,VOLKSWAGEN GOLF,1,W01000884,0,-1
2021421109677,2021,421109677,1,9,0,18,19,3,7,0,0,0,0,0,0,0,1,1,6,6,1,33,6,1900,2,22,VOLKSWAGEN GOLF,1,E01021288,0,-1
2021522101229,2021,522101229,2,9,0,1,1,5,1,0,0,1,0,0,0,0,2,1,6,6,1,22,5,1598,2,11,VOLKSWAGEN GOLF,5,E01014455,0,-1
2021122101357,2021,122101357,2,9,0,12,12,1,5,0,0,4,0,0,0,0,3,1,6,6,2,68,10,1498,1,3,VOLKSWAGEN GOLF,9,E01013120,0,-1
2021131036034,2021,131036034,2,9,0,18,19,7,3,0,0,8,0,0,0,0,4,1,6,6,1,32,6,1600,2,12,VOLKSWAGEN GOLF,1,E01010617,0,-1
2021302101085,2021,302101085,1,9,0,18,19,4,8,0,0,8,0,0,0,0,1,1,6,6,1,27,6,1968,2,13,VOLKSWAGEN GOLF,8,E01033535,0,-1
2021161020271,2021,161020271,1,9,0,18,19,7,3,0,0,1,1,0,1,0,4,1,6,6,1,58,9,1968,2,10,VOLKSWAGEN GOLF,7,E01013062,0,-1
2021522103714,2021,522103714,2,9,0,18,19,7,3,0,0,8,0,0,0,0,4,1,6,6,1,36,7,1968,2,12,VOLKSWAGEN GOLF,4,E01014603,0,-1
202131D091621,2021,31D091621,2,9,0,2,2,0,0,0,0,0,0,4,0,0,2,1,2,2,2,24,5,1598,2,2,VOLKSWAGEN GOLF,3,E01028030,0,-1
2021471029184,2021,471029184,3,9,0,18,19,6,2,0,0,0,0,1,0,0,1,1,5,6,2,35,6,1984,1,4,VOLKSWAGEN GOLF,8,E01021170,0,-1
2021101125130,2021,101125130,1,9,0,1,1,4,8,0,0,0,0,0,0,0,3,1,6,6,3,-1,-1,1968,2,12,VOLKSWAGEN GOLF,-1,-1,0,-1
2021131036354,2021,131036354,1,9,0,18,19,1,5,0,0,0,1,0,1,11,1,1,5,6,1,18,4,1598,1,15,VOLKSWAGEN GOLF,3,E01010717,0,-1
2021161041768,2021,161041768,1,9,0,7,7,4,7,0,0,8,0,0,0,0,1,1,6,6,1,32,6,1968,2,6,VOLKSWAGEN GOLF,8,E01010709,0,-1
2021440261611,2021,440261611,1,9,0,17,19,3,7,0,0,0,5,0,1,10,1,1,6,6,1,22,5,1390,1,18,VOLKSWAGEN GOLF,8,E01023049,0,-1
2021010314177,2021,010314177,1,9,0,3,3,5,1,0,0,0,0,0,0,0,2,1,2,2,2,24,5,1598,2,9,VOLKSWAGEN GOLF,3,E01003430,0,-1
2021010341079,2021,010341079,2,9,0,9,9,7,5,0,0,8,0,0,0,0,1,1,6,6,1,41,7,1896,2,14,VOLKSWAGEN GOLF,4,E01016446,0,-1
2021141090195,2021,141090195,1,9,0,9,9,5,2,0,0,1,0,0,0,0,3,1,6,6,1,22,5,1968,2,6,VOLKSWAGEN GOLF,1,E01007943,0,-1
2021991020124,2021,991020124,1,9,0,9,9,3,1,0,0,0,1,0,1,11,1,1,5,6,1,41,7,1395,1,3,VOLKSWAGEN GOLF,1,-1,0,-1
2021401079924,2021,401079924,2,9,0,4,4,3,7,0,0,3,0,0,0,0,2,1,6,6,1,57,9,1598,2,3,VOLKSWAGEN GOLF,8,E01028743,0,-1
2021201138796,2021,201138796,1,9,0,12,12,6,2,0,0,0,0,0,0,0,4,1,1,1,1,-1,-1,1390,1,12,VOLKSWAGEN GOLF,-1,-1,0,-1
2021461085702,2021,461085702,1,9,0,18,19,2,6,0,0,0,5,0,0,0,1,1,6,6,1,55,8,1984,1,19,VOLKSWAGEN GOLF,9,E01000765,0,-1
2021070652736,2021,070652736,1,9,0,4,4,8,4,0,0,0,0,0,0,0,2,1,6,6,1,32,6,1968,2,12,VOLKSWAGEN GOLF,1,E01018748,0,-1
2021991021251,2021,991021251,2,9,0,7,7,1,6,0,0,0,0,0,0,0,1,1,5,6,1,22,5,1598,2,5,VOLKSWAGEN GOLF,-1,-1,0,-1
2021041103241,2021,041103241,3,9,0,2,2,8,4,9,9,5,0,0,0,0,2,1,6,6,3,-1,-1,1896,2,13,VOLKSWAGEN GOLF,-1,-1,0,-1
2021010348710,2021,010348710,2,9,0,99,99,9,9,99,99,9,9,99,9,99,9,9,6,6,3,-1,-1,1395,1,6,VOLKSWAGEN GOLF,-1,-1,0,-1
202131C183621,2021,31C183621,1,9,0,18,19,7,3,0,0,0,0,0,0,0,4,1,2,2,2,25,5,1598,2,7,VOLKSWAGEN GOLF,5,E01013931,0,-1
2021201029176,2021,201029176,2,9,0,18,19,1,5,0,0,8,0,0,0,0,2,1,6,6,1,-1,-1,1598,2,9,VOLKSWAGEN GOLF,-1,-1,0,-1
2021122101374,2021,122101374,2,9,0,8,8,1,5,0,0,1,0,0,0,0,2,1,6,6,2,52,8,1498,1,1,VOLKSWAGEN GOLF,-1,-1,0,-1
2021622200006,2021,622200006,1,9,0,13,13,8,4,0,0,0,0,0,0,0,1,1,6,6,1,43,7,1896,2,17,VOLKSWAGEN GOLF,1,W01001202,0,-1