collision_index,collision_year,collision_ref_no,vehicle_reference,vehicle_type,towing_and_articulation,vehicle_manoeuvre_historic,vehicle_manoeuvre,vehicle_direction_from,vehicle_direction_to,vehicle_location_restricted_lane_historic,vehicle_location_restricted_lane,junction_location,skidding_and_overturning,hit_object_in_carriageway,vehicle_leaving_carriageway,hit_object_off_carriageway,first_point_of_impact,vehicle_left_hand_drive,journey_purpose_of_driver_historic,journey_purpose_of_driver,sex_of_driver,age_of_driver,age_band_of_driver,engine_capacity_cc,propulsion_code,age_of_vehicle,generic_make_model,driver_imd_decile,lsoa_of_driver,escooter_flag,driver_distance_banding
2021141052004,2021,141052004,1,9,0,18,19,1,7,0,0,4,0,0,0,0,1,1,6,6,1,21,5,1598,2,5,VOLKSWAGEN GOLF,1,E01007652,0,-1
2021991127787,2021,991127787,2,9,0,18,19,2,5,0,0,0,0,0,0,0,0,1,5,6,1,42,7,1968,2,13,VOLKSWAGEN GOLF,4,-1,0,-1
2021041097456,2021,041097456,1,9,0,18,19,7,5,0,0,8,0,0,0,0,1,1,5,6,2,52,8,1968,2,13,VOLKSWAGEN GOLF,4,E01012665,0,-1
2021471027226,2021,471027226,1,9,0,9,9,3,7,0,0,1,1,0,1,0,3,1,5,6,2,23,5,1498,1,3,VOLKSWAGEN GOLF,4,E01030816,0,-1
2021010338445,2021,010338445,2,9,0,99,99,9,9,99,99,9,9,99,9,99,1,9,6,6,3,-1,-1,1395,8,4,VOLKSWAGEN GOLF,8,E01000175,0,-1
2021010315546,2021,010315546,1,9,0,18,19,7,3,0,0,2,0,0,0,0,1,1,6,6,1,29,6,1390,1,9,VOLKSWAGEN GOLF,-1,-1,0,-1
2021131109205,2021,131109205,1,9,0,9,9,1,5,0,0,8,0,0,7,1,3,1,2,2,1,41,7,1390,1,13,VOLKSWAGEN GOLF,1,E01011626,0,-1
2021471099930,2021,471099930,2,9,0,18,19,3,7,0,0,8,0,0,0,0,1,1,1,1,1,47,8,1900,2,16,VOLKSWAGEN GOLF,4,E01031576,0,-1
2021221031014,2021,221031014,2,9,0,18,19,5,1,0,0,8,0,0,0,0,4,1,5,6,1,25,5,2000,2,15,VOLKSWAGEN GOLF,8,E01031239,0,-1
2021131101882,2021,131101882,1,9,0,-1,-1,-1,-1,-1,-1,0,-1,-1,-1,-1,-1,1,5,6,1,37,7,1900,2,21,VOLKSWAGEN GOLF,1,E01010802,0,-1
202134WNC2301,2021,34WNC2301,1,9,0,18,19,5,1,0,0,0,0,0,0,0,1,1,2,2,1,35,6,1968,2,12,VOLKSWAGEN GOLF,9,E01032982,0,-1
2021991109447,2021,991109447,1,9,0,18,19,2,6,0,0,1,0,0,0,0,3,1,5,6,1,18,4,1968,2,10,VOLKSWAGEN GOLF,3,-1,0,-1
2021411068540,2021,411068540,1,9,0,18,19,5,1,0,0,0,0,0,0,0,1,1,6,6,1,24,5,1984,1,10,VOLKSWAGEN GOLF,2,E01004284,0,-1
2021201081511,2021,201081511,2,9,0,18,19,1,5,0,0,8,0,10,7,0,1,1,1,1,1,41,7,1498,1,1,VOLKSWAGEN GOLF,1,E01009311,0,-1
2021440406192,2021,440406192,3,9,0,13,13,7,3,0,0,8,0,0,2,1,4,1,6,6,1,39,7,1598,2,2,VOLKSWAGEN GOLF,5,E01023201,0,-1
2021401120648,2021,401120648,2,9,0,12,12,2,6,0,0,7,0,0,0,0,3,1,3,7,2,40,7,1390,1,9,VOLKSWAGEN GOLF,5,E01017486,0,-1
2021010331661,2021,010331661,2,9,0,7,7,5,7,0,0,8,1,0,0,0,3,1,6,6,3,-1,-1,1984,1,5,VOLKSWAGEN GOLF,-1,-1,0,-1
2021440365370,2021,440365370,2,9,0,4,4,1,5,0,0,7,0,0,0,0,1,1,6,6,1,32,6,1598,1,20,VOLKSWAGEN GOLF,6,E01022956,0,-1
2021471126162,2021,471126162,1,9,0,17,19,2,6,0,0,0,1,0,0,0,1,1,5,6,2,30,6,1390,1,15,VOLKSWAGEN GOLF,5,E01031519,0,-1
2021061086713,2021,061086713,1,9,0,18,19,2,6,0,0,0,0,0,0,0,1,1,6,6,1,19,4,1390,1,15,VOLKSWAGEN GOLF,2,E01005553,0,-1
2021010324648,2021,010324648,2,9,0,99,99,9,9,99,99,9,9,99,9,99,1,9,6,6,1,40,7,1395,1,4,VOLKSWAGEN GOLF,3,E01004752,0,-1
2021320559338,2021,320559338,5,9,0,18,19,4,8,0,0,0,0,0,0,0,2,1,6,6,1,46,8,1598,2,11,VOLKSWAGEN GOLF,7,E01024789,0,-1
2021131088938,2021,131088938,1,9,0,16,19,5,3,0,0,3,0,0,0,0,1,1,5,6,1,19,4,1900,2,15,VOLKSWAGEN GOLF,1,E01010620,0,-1
2021010317044,2021,010317044,2,9,0,18,19,7,3,0,0,0,0,0,0,0,1,1,6,6,2,50,8,-1,3,3,VOLKSWAGEN GOLF,-1,-1,0,-1
2021131083986,2021,131083986,2,9,0,9,9,8,4,0,0,1,0,0,0,0,4,1,5,6,1,45,7,1896,2,19,VOLKSWAGEN GOLF,1,E01011484,0,-1
2021131088978,2021,131088978,2,9,0,18,19,5,1,0,0,0,1,0,0,0,1,1,2,2,1,27,6,1968,2,7,VOLKSWAGEN GOLF,4,E01011823,0,-1
2021622100258,2021,622100258,2,9,0,18,19,1,8,0,0,1,0,0,0,0,1,1,6,6,2,19,4,1968,2,4,VOLKSWAGEN GOLF,1,W01001453,0,-1
2021302101526,2021,302101526,1,9,0,18,19,6,2,0,0,0,1,0,1,3,1,1,2,2,1,24,5,1984,1,8,VOLKSWAGEN GOLF,9,E01013556,0,-1
2021010346726,2021,010346726,2,9,0,2,2,0,0,0,0,0,0,0,0,0,2,1,6,6,3,-1,-1,1984,1,7,VOLKSWAGEN GOLF,-1,-1,0,-1
2021451094221,2021,451094221,2,9,0,17,19,1,5,0,0,0,1,0,0,0,1,1,5,6,1,41,7,1197,1,9,VOLKSWAGEN GOLF,7,E01030741,0,-1
2021461117500,2021,461117500,1,9,0,18,19,3,7,0,0,0,2,0,1,0,1,1,5,6,2,47,8,1598,2,3,VOLKSWAGEN GOLF,6,E01024084,0,-1
2021141093977,2021,141093977,2,9,0,9,9,5,3,0,0,6,0,0,0,0,1,1,6,6,1,30,6,2000,1,15,VOLKSWAGEN GOLF,1,E01007737,0,-1
2021430333827,2021,430333827,2,9,0,18,19,2,6,0,0,8,0,0,0,0,1,1,6,6,2,22,5,1598,1,14,VOLKSWAGEN GOLF,8,E01016508,0,-1
2021430455936,2021,430455936,1,9,0,4,4,3,7,7,6,0,0,0,1,0,4,1,6,6,2,49,8,1598,2,6,VOLKSWAGEN GOLF,-1,-1,0,-1
2021101109569,2021,101109569,1,9,0,5,5,5,1,0,0,0,0,0,0,0,1,1,6,6,1,41,7,1968,2,5,VOLKSWAGEN GOLF,10,E01027401,0,-1
2021041071976,2021,041071976,3,9,0,18,19,7,3,0,0,1,1,0,0,0,1,1,6,6,1,42,7,1598,2,8,VOLKSWAGEN GOLF,8,E01025437,0,-1
2021221076201,2021,221076201,1,9,0,16,19,8,3,0,0,0,0,0,0,0,1,1,2,2,1,33,6,1968,2,13,VOLKSWAGEN GOLF,2,E01010087,0,-1
2021461092817,2021,461092817,1,9,0,5,5,7,1,0,0,0,0,0,0,0,4,1,6,6,1,37,7,1390,1,17,VOLKSWAGEN GOLF,1,E01024148,0,-1
2021548345521,2021,548345521,2,9,0,4,4,2,6,0,0,4,0,0,0,0,2,1,2,2,1,50,8,1968,2,11,VOLKSWAGEN GOLF,8,E01032071,0,-1
2021131124338,2021,131124338,1,9,0,16,19,4,8,0,0,1,5,0,0,0,1,1,6,6,2,43,7,1968,2,6,VOLKSWAGEN GOLF,7,E01010976,0,-1
2021010318551,2021,010318551,1,9,0,9,9,4,2,0,0,2,0,10,1,11,1,1,6,6,1,20,4,1984,1,7,VOLKSWAGEN GOLF,5,E01004188,0,-1
2021010343506,2021,010343506,2,9,0,99,99,9,9,99,99,9,9,99,9,99,9,9,6,6,3,21,5,1390,1,14,VOLKSWAGEN GOLF,2,E01004283,0,-1
2021061139351,2021,061139351,1,9,0,18,19,1,1,0,0,0,0,0,0,0,1,1,6,6,1,17,4,1896,2,19,VOLKSWAGEN GOLF,-1,-1,0,-1
2021351024226,2021,351024226,1,9,0,18,19,3,6,0,0,4,0,0,0,0,1,1,6,6,1,21,5,1600,1,17,VOLKSWAGEN GOLF,7,E01032795,0,-1
2021061028390,2021,061028390,1,9,0,18,19,7,3,0,0,1,0,0,0,0,1,1,5,6,1,21,5,1968,2,8,VOLKSWAGEN GOLF,1,E01004827,0,-1
2021010329408,2021,010329408,2,9,0,18,19,3,7,0,0,0,0,0,0,0,2,1,3,7,2,38,7,1390,1,12,VOLKSWAGEN GOLF,10,E01030319,0,-1
2021991050435,2021,991050435,1,9,0,17,19,6,2,0,0,0,1,0,1,0,1,1,5,6,1,29,6,1984,1,6,VOLKSWAGEN GOLF,2,-1,0,-1
2021201044749,2021,201044749,1,9,0,18,19,2,6,0,0,8,0,0,0,0,1,1,6,6,1,27,6,1984,1,7,VOLKSWAGEN GOLF,4,E01009139,0,-1
2021101115942,2021,101115942,1,9,0,18,19,1,5,0,0,8,0,0,0,0,1,1,5,6,1,18,4,1390,1,13,VOLKSWAGEN GOLF,4,E01008174,0,-1
2021231100786,2021,231100786,1,9,0,16,19,4,7,0,0,6,0,10,1,11,3,1,5,6,1,22,5,1968,2,12,VOLKSWAGEN GOLF,8,E01031284,0,-1
2021421075053,2021,421075053,4,9,0,4,4,7,6,0,0,0,0,0,0,0,2,1,6,6,1,33,6,-1,3,2,VOLKSWAGEN GOLF,3,E01002370,0,-1
2021070855119,2021,070855119,1,9,0,14,14,5,1,0,0,0,0,0,0,0,4,1,6,6,2,78,11,1968,2,9,VOLKSWAGEN GOLF,6,E01018610,0,-1
2021520104846,2021,520104846,1,9,0,15,15,4,8,0,0,6,0,0,0,0,4,1,6,6,2,20,4,1900,2,21,VOLKSWAGEN GOLF,6,E01029213,0,-1
2021501039906,2021,501039906,1,9,-1,18,19,3,7,0,0,0,2,0,1,0,1,1,1,1,1,50,8,1984,1,14,VOLKSWAGEN GOLF,4,E01019932,0,-1
2021461038490,2021,461038490,1,9,0,9,9,3,7,0,0,1,0,0,0,0,3,1,5,6,1,29,6,1968,2,8,VOLKSWAGEN GOLF,8,E01024519,0,-1
2021461049021,2021,461049021,1,9,0,18,19,1,5,0,0,1,0,0,0,0,1,1,6,6,1,21,5,1968,2,12,VOLKSWAGEN GOLF,3,E01024372,0,-1
2021010315450,2021,010315450,1,9,0,18,19,5,1,0,0,2,0,0,0,0,4,1,1,1,1,39,7,1395,8,5,VOLKSWAGEN GOLF,5,E01000467,0,-1
2021421124667,2021,421124667,4,9,0,4,4,2,4,0,0,1,0,0,0,0,2,1,5,6,1,26,6,2000,1,16,VOLKSWAGEN GOLF,-1,-1,0,-1
2021221121727,2021,221121727,2,9,0,18,19,1,5,0,0,8,0,0,0,0,1,1,5,6,1,20,4,1896,2,13,VOLKSWAGEN GOLF,7,E01032147,0,-1
202134WNC2371,2021,34WNC2371,2,9,0,18,19,3,7,0,0,0,0,0,0,0,1,1,6,6,1,30,6,1598,2,9,VOLKSWAGEN GOLF,1,E01027231,0,-1
2021131046199,2021,131046199,2,9,0,5,5,1,5,0,0,6,0,0,0,0,3,1,5,6,1,43,7,1390,1,13,VOLKSWAGEN GOLF,1,E01011430,0,-1
2021231049129,2021,231049129,2,9,0,18,19,5,1,0,0,8,0,0,0,0,3,1,5,6,1,69,10,1598,2,7,VOLKSWAGEN GOLF,6,E01009708,0,-1
2021430424749,2021,430424749,1,9,0,18,19,4,8,0,0,8,0,0,0,0,2,1,6,6,2,31,6,1395,1,4,VOLKSWAGEN GOLF,4,E01016447,0,-1
2021010287897,2021,010287897,1,9,0,99,99,9,9,99,99,0,9,99,9,99,1,9,6,6,1,39,7,1968,2,1,VOLKSWAGEN GOLF,2,E01000096,0,-1
2021471053173,2021,471053173,1,9,0,9,9,7,4,0,0,8,0,0,0,0,2,1,1,1,2,30,6,1968,2,5,VOLKSWAGEN GOLF,7,E01013490,0,-1
202163A057721,2021,63A057721,3,9,0,2,2,0,0,0,0,1,0,4,0,0,1,1,6,6,1,27,6,2000,2,17,VOLKSWAGEN GOLF,3,W01000670,0,-1
2021010308292,2021,010308292,2,9,0,3,3,5,1,9,9,0,0,0,0,0,3,1,6,6,1,44,7,1968,2,6,VOLKSWAGEN GOLF,7,E01000183,0,-1
2021061039162,2021,061039162,1,9,0,10,10,1,1,0,0,1,0,0,0,0,1,1,6,6,3,-1,-1,1984,1,15,VOLKSWAGEN GOLF,-1,-1,0,-1
2021131036198,2021,131036198,1,9,0,9,9,5,7,0,0,1,0,0,0,0,1,1,5,6,1,43,7,1896,2,14,VOLKSWAGEN GOLF,8,E01010672,0,-1
2021161106236,2021,161106236,1,9,0,9,9,1,7,0,0,6,0,0,0,0,4,1,5,6,1,21,5,1598,2,10,VOLKSWAGEN GOLF,1,E01012851,0,-1
2021401087035,2021,401087035,1,9,0,3,3,3,8,0,0,1,0,0,0,0,2,1,2,2,1,37,7,1598,2,6,VOLKSWAGEN GOLF,1,E01015729,0,-1
2021131056954,2021,131056954,2,9,0,18,19,3,7,0,0,1,0,0,0,0,3,1,2,2,1,31,6,1598,2,5,VOLKSWAGEN GOLF,4,E01027581,0,-1
2021451095629,2021,451095629,1,9,0,9,9,8,5,0,0,5,0,0,0,0,1,1,5,6,2,75,10,1197,1,10,VOLKSWAGEN GOLF,10,E01030930,0,-1
2021010346465,2021,010346465,2,9,0,3,3,5,1,0,0,1,0,0,0,0,2,1,6,6,2,42,7,1598,1,20,VOLKSWAGEN GOLF,9,E01000808,0,-1
2021131080794,2021,131080794,2,9,0,3,3,0,0,0,0,1,0,0,0,0,2,1,6,6,2,33,6,1498,1,3,VOLKSWAGEN GOLF,4,E01011073,0,-1
2021010308126,2021,010308126,1,9,0,18,19,7,3,0,0,1,0,0,0,0,1,1,2,2,2,38,7,1968,2,10,VOLKSWAGEN GOLF,6,E01003641,0,-1
2021461050251,2021,461050251,2,9,0,10,10,3,1,0,0,0,0,0,0,0,3,1,5,6,1,29,6,1600,1,17,VOLKSWAGEN GOLF,2,E01016159,0,-1
2021501062019,2021,501062019,1,9,0,18,19,8,4,0,0,0,0,0,0,0,1,1,5,6,1,26,6,1968,2,7,VOLKSWAGEN GOLF,2,E01027226,0,-1
2021052100752,2021,052100752,4,9,0,3,3,5,1,0,0,1,0,0,0,0,2,1,6,6,1,56,9,1900,2,21,VOLKSWAGEN GOLF,5,E01006550,0,-1
2021201146632,2021,201146632,2,9,0,18,19,4,8,0,0,8,1,0,0,0,1,1,6,6,1,38,7,2000,1,15,VOLKSWAGEN GOLF,3,E01009086,0,-1
2021421071935,2021,421071935,1,9,0,9,9,5,1,0,0,6,0,0,0,0,1,1,5,6,2,20,4,1598,2,9,VOLKSWAGEN GOLF,2,E01022006,0,-1
2021201066812,2021,201066812,1,9,0,14,14,3,7,0,0,0,0,0,0,0,-1,1,6,6,1,-1,-1,1896,2,13,VOLKSWAGEN GOLF,-1,-1,0,-1
2021010289659,2021,010289659,1,9,0,18,19,8,4,0,0,0,0,0,0,0,1,1,6,6,1,24,5,1390,1,9,VOLKSWAGEN GOLF,8,E01002207,0,-1
2021522103317,2021,522103317,2,9,0,18,19,3,7,0,0,4,0,0,0,0,1,1,6,6,1,-1,-1,1390,1,11,VOLKSWAGEN GOLF,-1,-1,0,-1
2021552100350,2021,552100350,1,9,0,18,19,1,5,0,0,0,5,0,0,0,3,1,6,6,1,22,5,1390,1,17,VOLKSWAGEN GOLF,6,E01020462,0,-1
2021141051027,2021,141051027,2,9,0,18,19,1,5,0,0,0,0,0,0,0,1,1,6,6,1,47,8,1968,2,9,VOLKSWAGEN GOLF,5,E01007644,0,-1
2021201059251,2021,201059251,2,9,0,18,19,7,3,0,0,8,0,0,0,0,3,1,5,6,1,38,7,1498,1,2,VOLKSWAGEN GOLF,2,E01010417,0,-1
2021010327636,2021,010327636,2,9,0,99,99,9,9,99,99,9,9,99,9,99,9,9,6,6,3,-1,-1,1498,1,3,VOLKSWAGEN GOLF,9,E01016600,0,-1
2021471073988,2021,471073988,2,9,0,9,9,4,3,0,0,0,0,0,0,0,1,1,5,6,1,91,11,1781,1,31,VOLKSWAGEN GOLF,5,E01020932,0,-1
2021471032174,2021,471032174,1,9,0,18,19,2,6,0,0,0,1,0,0,0,1,1,5,6,1,27,6,1900,2,21,VOLKSWAGEN GOLF,3,E01026123,0,-1
2021471032484,2021,471032484,1,9,0,9,9,6,4,0,0,6,0,0,0,0,1,1,5,6,2,31,6,1498,1,2,VOLKSWAGEN GOLF,6,E01031514,0,-1
2021421038580,2021,421038580,1,9,0,18,19,5,1,0,0,0,0,0,0,0,1,1,2,2,1,58,9,1498,1,1,VOLKSWAGEN GOLF,9,E01021973,0,-1
2021411121029,2021,411121029,1,9,0,7,7,3,8,0,0,0,0,0,0,0,2,1,6,6,2,72,10,1395,1,6,VOLKSWAGEN GOLF,10,E01023675,0,-1
2021010328916,2021,010328916,2,9,0,99,99,9,9,99,99,9,9,99,9,99,2,9,6,6,3,-1,-1,999,1,4,VOLKSWAGEN GOLF,-1,-1,0,-1
2021201066030,2021,201066030,1,9,0,18,19,5,2,0,0,8,0,0,3,0,1,1,6,6,3,-1,-1,1900,2,16,VOLKSWAGEN GOLF,-1,-1,0,-1
2021010332517,2021,010332517,2,9,0,99,99,9,9,99,99,9,9,99,9,99,1,9,6,6,3,-1,-1,1390,1,10,VOLKSWAGEN GOLF,5,E01003413,0,-1
2021522200897,2021,522200897,2,9,0,18,19,3,7,0,0,8,0,0,0,0,4,1,6,6,1,34,6,1968,2,14,VOLKSWAGEN GOLF,9,E01031897,0,-1
2021302101777,2021,302101777,1,9,0,11,11,8,4,0,0,0,0,0,0,0,4,1,6,6,2,29,6,1968,2,14,VOLKSWAGEN GOLF,1,E01013590,0,-1
2021320398554,2021,320398554,2,9,0,18,19,8,4,0,0,0,0,0,1,0,1,1,3,7,2,31,6,1968,2,9,VOLKSWAGEN GOLF,9,E01026355,0,-1
2021461022067,2021,461022067,3,9,0,2,2,0,0,0,0,0,0,0,0,0,0,1,6,6,3,-1,-1,1968,2,3,VOLKSWAGEN GOLF,-1,-1,0,-1
2021010293426,2021,010293426,2,9,0,18,19,5,1,0,0,2,0,0,0,0,2,1,1,1,1,53,8,1598,2,6,VOLKSWAGEN GOLF,10,E01024720,0,-1
2021010349527,2021,010349527,2,9,9,18,19,1,5,9,9,6,9,99,9,99,9,2,6,6,1,-1,-1,1390,1,10,VOLKSWAGEN GOLF,4,E01019918,0,-1
2021131112134,2021,131112134,1,9,0,18,19,3,7,0,0,8,0,0,7,1,1,1,2,2,1,22,5,1498,1,1,VOLKSWAGEN GOLF,4,E01011647,0,-1
2021221083021,2021,221083021,1,9,0,17,19,4,1,0,0,0,5,0,1,0,1,1,5,6,1,21,5,1395,1,7,VOLKSWAGEN GOLF,5,E01009159,0,-1
2021411068887,2021,411068887,2,9,-1,-1,-1,-1,-1,-1,-1,0,-1,-1,-1,0,-1,1,6,6,2,32,6,1395,1,4,VOLKSWAGEN GOLF,6,E01017616,0,-1
2021430564843,2021,430564843,1,9,0,4,4,2,6,0,0,1,0,0,0,0,2,1,6,6,1,67,10,1600,2,12,VOLKSWAGEN GOLF,3,E01001368,0,-1
2021041095238,2021,041095238,2,9,0,9,9,7,5,0,0,4,0,0,0,0,1,1,1,1,2,37,7,1390,1,11,VOLKSWAGEN GOLF,8,E01012581,0,-1
2021122100152,2021,122100152,2,9,0,18,19,2,6,0,0,1,0,0,0,0,2,1,6,6,2,52,8,1395,1,5,VOLKSWAGEN GOLF,8,E01027695,0,-1
2021461067891,2021,461067891,1,9,0,18,19,5,1,0,0,0,0,0,0,0,1,1,6,6,3,-1,-1,1781,1,19,VOLKSWAGEN GOLF,-1,-1,0,-1
2021411033992,2021,411033992,2,9,0,9,9,7,5,0,0,1,0,0,0,0,3,1,5,6,1,32,6,1984,1,5,VOLKSWAGEN GOLF,10,E01023642,0,-1
2021221059599,2021,221059599,2,9,0,17,19,4,1,2,2,0,1,4,0,0,1,1,2,2,1,42,7,1598,1,15,VOLKSWAGEN GOLF,2,E01032262,0,-1
202154B225621,2021,54B225621,1,9,0,18,19,7,3,0,0,0,0,0,0,0,1,1,6,6,1,23,5,1984,1,13,VOLKSWAGEN GOLF,9,E01015566,0,-1
2021010303578,2021,010303578,1,9,0,99,99,9,9,99,99,9,9,99,9,99,9,9,6,6,1,39,7,1984,1,13,VOLKSWAGEN GOLF,4,E01001420,0,-1
2021010307899,2021,010307899,2,9,0,99,99,9,9,99,99,9,9,99,9,99,9,9,6,6,3,-1,-1,2000,1,16,VOLKSWAGEN GOLF,1,E01004298,0,-1
2021221041879,2021,221041879,1,9,0,9,9,7,6,0,0,6,0,0,0,0,3,1,5,6,2,37,7,1984,1,1,VOLKSWAGEN GOLF,7,E01014092,0,-1
2021231020221,2021,231020221,1,9,0,18,19,4,8,0,0,0,1,0,2,1,4,1,5,6,1,48,8,1896,2,13,VOLKSWAGEN GOLF,2,E01031075,0,-1
2021201053886,2021,201053886,1,9,0,18,19,4,8,0,0,6,0,10,1,4,1,1,6,6,1,24,5,1968,2,5,VOLKSWAGEN GOLF,2,E01009314,0,-1
2021131055193,2021,131055193,1,9,0,13,13,8,4,0,0,8,1,0,7,10,1,1,6,6,3,-1,-1,1984,1,3,VOLKSWAGEN GOLF,-1,-1,0,-1
2021010313749,2021,010313749,1,9,0,99,99,9,9,99,99,9,9,99,9,99,9,9,6,6,2,31,6,1498,1,1,VOLKSWAGEN GOLF,8,E01000246,0,-1
202131C102821,2021,31C102821,1,9,0,18,19,3,7,0,0,1,0,0,0,0,1,1,6,6,3,-1,-1,1390,1,16,VOLKSWAGEN GOLF,-1,-1,0,-1
2021010304691,2021,010304691,1,9,0,7,7,3,5,0,0,2,0,0,0,0,1,1,6,6,1,20,4,1390,1,11,VOLKSWAGEN GOLF,-1,-1,0,-1
2021052101108,2021,052101108,2,9,0,2,2,0,0,0,0,0,0,0,1,11,2,1,6,6,3,-1,-1,1395,1,3,VOLKSWAGEN GOLF,-1,-1,0,-1
2021461039435,2021,461039435,2,9,0,9,9,3,1,0,0,1,0,0,0,0,3,1,6,6,2,37,7,1598,2,8,VOLKSWAGEN GOLF,4,E01016072,0,-1
2021622100834,2021,622100834,1,9,0,18,19,4,8,0,0,0,0,4,0,0,1,1,1,1,1,26,6,1984,1,19,VOLKSWAGEN GOLF,5,W01000765,0,-1
2021231085076,2021,231085076,1,9,0,18,19,1,5,0,0,0,0,0,0,0,3,1,5,6,1,35,6,1968,2,13,VOLKSWAGEN GOLF,9,E01027212,0,-1
2021430237192,2021,430237192,2,9,0,18,19,4,8,0,0,0,0,0,0,0,1,1,6,6,1,20,4,1896,2,17,VOLKSWAGEN GOLF,-1,-1,0,-1
2021010305007,2021,010305007,1,9,0,18,19,2,6,0,0,0,0,0,0,0,4,1,6,6,1,24,5,1968,2,11,VOLKSWAGEN GOLF,4,E01000612,0,-1
2021221115896,2021,221115896,1,9,0,17,19,4,2,0,0,2,0,0,1,9,1,1,5,6,1,45,7,1968,2,6,VOLKSWAGEN GOLF,5,E01028858,0,-1
20211381R1015,2021,1381R1015,1,9,0,18,19,3,7,0,0,1,0,0,0,0,3,1,2,2,1,29,6,1984,1,8,VOLKSWAGEN GOLF,6,E01010922,0,-1
2021991108473,2021,991108473,1,9,0,14,14,7,3,0,0,8,0,0,0,0,3,1,5,6,2,43,7,1600,2,12,VOLKSWAGEN GOLF,8,-1,0,-1
2021141095278,2021,141095278,2,9,0,13,13,1,5,0,0,8,0,0,0,0,1,1,5,6,2,21,5,1984,1,3,VOLKSWAGEN GOLF,6,E01007771,0,-1
2021522106101,2021,522106101,1,9,0,18,19,1,5,0,0,8,0,0,0,0,4,1,6,6,1,49,8,1390,1,14,VOLKSWAGEN GOLF,3,E01014690,0,-1
2021010302856,2021,010302856,2,9,0,7,7,1,4,0,0,5,0,0,0,0,3,1,6,6,2,22,5,999,1,3,VOLKSWAGEN GOLF,4,E01002233,0,-1
2021471069434,2021,471069434,1,9,0,18,19,3,7,4,4,8,0,0,0,0,4,1,6,6,1,-1,-1,2000,2,15,VOLKSWAGEN GOLF,3,E01016860,0,-1
2021302100747,2021,302100747,2,9,0,18,19,2,6,0,0,8,0,0,0,0,1,1,6,6,1,41,7,1900,2,16,VOLKSWAGEN GOLF,1,E01027978,0,-1
2021031050647,2021,031050647,1,9,0,18,19,3,7,0,0,0,0,0,7,0,1,1,5,6,1,17,4,1598,1,16,VOLKSWAGEN GOLF,5,E01019168,0,-1
2021461090636,2021,461090636,2,9,0,18,19,3,7,0,0,8,0,0,0,0,1,1,1,1,2,24,5,1968,2,5,VOLKSWAGEN GOLF,10,E01024722,0,-1
2021041094204,2021,041094204,1,9,0,5,5,1,5,0,0,0,0,0,0,0,1,1,5,6,1,-1,-1,2000,1,12,VOLKSWAGEN GOLF,-1,-1,0,-1
2021010346897,2021,010346897,1,9,0,99,99,9,9,99,99,9,9,99,9,99,1,9,6,6,3,-1,-1,1598,1,14,VOLKSWAGEN GOLF,3,E01003526,0,-1
2021351116103,2021,351116103,1,9,0,13,13,1,4,0,0,0,0,0,7,10,1,1,2,2,1,18,4,1598,1,20,VOLKSWAGEN GOLF,3,E01018072,0,-1
2021010313848,2021,010313848,2,9,0,9,9,3,1,0,0,6,0,10,0,0,0,1,6,6,2,26,6,1390,1,10,VOLKSWAGEN GOLF,5,E01002490,0,-1
2021461126694,2021,461126694,1,9,-1,18,19,1,5,0,0,0,0,0,0,0,1,1,6,6,1,51,8,1968,2,11,VOLKSWAGEN GOLF,9,E01032735,0,-1
2021501040522,2021,501040522,2,9,0,4,4,3,7,0,0,1,0,0,0,0,2,1,2,2,2,27,6,1598,2,10,VOLKSWAGEN GOLF,6,E01019888,0,-1
2021131107373,2021,131107373,1,9,0,18,19,1,4,0,0,0,0,0,0,0,2,1,1,1,1,49,8,1984,1,3,VOLKSWAGEN GOLF,10,E01011888,0,-1
2021201142265,2021,201142265,1,9,0,18,19,-1,-1,0,0,0,0,0,0,0,1,1,6,6,2,-1,-1,1595,1,20,VOLKSWAGEN GOLF,-1,-1,0,-1
2021411103032,2021,411103032,1,9,0,11,11,1,5,0,0,0,0,0,0,0,0,1,2,2,1,45,7,2000,2,17,VOLKSWAGEN GOLF,6,E01023932,0,-1
2021170H10271,2021,170H10271,5,9,0,18,19,6,2,0,0,0,0,0,0,0,0,1,6,6,1,25,5,1968,2,4,VOLKSWAGEN GOLF,1,E01020767,0,-1
2021070732962,2021,070732962,1,9,0,18,19,5,1,0,0,0,0,0,0,0,1,1,6,6,1,20,4,1984,1,4,VOLKSWAGEN GOLF,8,E01012471,0,-1
2021411067571,2021,411067571,2,9,0,4,4,-1,-1,0,0,1,0,0,0,0,2,1,5,6,1,49,8,1984,1,9,VOLKSWAGEN GOLF,5,E01023304,0,-1
2021440439410,2021,440439410,1,9,0,9,9,7,5,0,0,8,0,0,0,0,1,1,6,6,2,77,11,1896,2,14,VOLKSWAGEN GOLF,7,E01022760,0,-1
2021141067227,2021,141067227,1,9,0,18,19,3,7,0,0,8,5,7,2,4,4,1,5,6,2,31,6,1598,2,6,VOLKSWAGEN GOLF,9,E01007749,0,-1
2021010333560,2021,010333560,1,9,0,99,99,9,9,99,99,9,9,99,9,99,2,9,6,6,1,20,4,1390,1,11,VOLKSWAGEN GOLF,4,E01001476,0,-1
2021010305300,2021,010305300,1,9,9,99,99,9,9,99,99,0,9,99,9,99,9,9,6,6,3,23,5,1598,1,14,VOLKSWAGEN GOLF,8,E01002581,0,-1
2021010291702,2021,010291702,1,9,0,17,19,3,7,9,9,8,0,0,1,10,1,1,6,6,2,27,6,1968,2,9,VOLKSWAGEN GOLF,-1,-1,0,-1
2021531069875,2021,531069875,2,9,0,9,9,5,1,0,0,1,0,0,0,0,3,1,5,6,1,58,9,1598,2,4,VOLKSWAGEN GOLF,10,E01022366,0,-1