collision_index,collision_year,collision_ref_no,vehicle_reference,vehicle_type,towing_and_articulation,vehicle_manoeuvre_historic,vehicle_manoeuvre,vehicle_direction_from,vehicle_direction_to,vehicle_location_restricted_lane_historic,vehicle_location_restricted_lane,junction_location,skidding_and_overturning,hit_object_in_carriageway,vehicle_leaving_carriageway,hit_object_off_carriageway,first_point_of_impact,vehicle_left_hand_drive,journey_purpose_of_driver_historic,journey_purpose_of_driver,sex_of_driver,age_of_driver,age_band_of_driver,engine_capacity_cc,propulsion_code,age_of_vehicle,generic_make_model,driver_imd_decile,lsoa_of_driver,escooter_flag,driver_distance_banding
2021201146327,2021,201146327,1,9,0,18,19,8,4,0,0,0,0,10,1,0,1,1,1,1,1,21,5,1900,2,17,VOLKSWAGEN GOLF,4,E01010259,0,-1
2021622100510,2021,622100510,1,9,0,18,19,4,8,0,0,1,0,0,0,0,1,1,6,6,1,51,8,2792,1,20,VOLKSWAGEN GOLF,5,W01001186,0,-1
2021430182314,2021,430182314,1,9,0,18,19,4,8,9,9,0,0,0,0,10,3,1,6,6,1,70,10,1498,1,3,VOLKSWAGEN GOLF,10,E01028777,0,-1
2021010341998,2021,010341998,2,9,0,7,7,1,4,0,0,1,1,0,7,11,1,1,6,6,2,24,5,1390,1,12,VOLKSWAGEN GOLF,2,E01001130,0,-1
20211382G1077,2021,1382G1077,2,9,0,18,19,5,1,0,0,1,0,0,0,0,2,1,6,6,1,22,5,1968,2,4,VOLKSWAGEN GOLF,1,E01010807,0,-1
2021371103381,2021,371103381,1,9,0,4,4,1,6,0,0,0,0,0,0,0,1,1,6,6,1,22,5,1390,1,10,VOLKSWAGEN GOLF,6,E01030198,0,-1
2021031121020,2021,031121020,1,9,0,18,19,7,3,0,0,0,0,0,1,9,1,1,5,6,1,18,4,1984,1,5,VOLKSWAGEN GOLF,5,E01020657,0,-1
2021010314619,2021,010314619,1,9,0,5,5,2,6,0,0,3,0,0,0,0,3,1,3,7,1,45,7,1390,1,14,VOLKSWAGEN GOLF,2,E01000901,0,-1
2021141042100,2021,141042100,2,9,0,18,19,7,4,0,0,8,0,0,0,0,3,1,6,6,2,34,6,1900,2,15,VOLKSWAGEN GOLF,2,E01008016,0,-1
2021052101147,2021,052101147,1,9,0,18,19,5,1,0,0,8,0,0,0,0,3,1,6,6,1,31,6,1272,1,32,VOLKSWAGEN GOLF,6,E01012554,0,-1
2021991113474,2021,991113474,1,9,0,16,19,1,5,0,0,0,2,0,1,11,1,1,5,6,1,18,4,1968,2,13,VOLKSWAGEN GOLF,-1,-1,0,-1
2021440409078,2021,440409078,1,9,0,7,7,6,8,0,0,8,1,0,7,0,3,1,6,6,1,20,4,2000,2,15,VOLKSWAGEN GOLF,5,E01023258,0,-1
202154A101421,2021,54A101421,1,9,0,17,19,7,3,0,0,0,5,0,8,3,4,1,6,6,1,21,5,1968,2,14,VOLKSWAGEN GOLF,9,E01032041,0,-1
2021138330448,2021,138330448,1,9,0,18,19,8,4,0,0,0,0,4,0,0,1,1,6,6,3,-1,-1,1968,2,10,VOLKSWAGEN GOLF,-1,-1,0,-1
2021201103674,2021,201103674,1,9,0,18,19,4,8,0,0,1,0,0,0,0,1,1,6,6,1,-1,-1,1968,2,7,VOLKSWAGEN GOLF,7,E01001405,0,-1
2021010320448,2021,010320448,2,9,0,9,9,5,2,0,0,6,0,0,0,0,1,1,6,6,1,30,6,2000,1,16,VOLKSWAGEN GOLF,2,E01033341,0,-1
2021421014050,2021,421014050,2,9,0,18,19,6,2,0,0,0,1,0,0,0,4,1,2,2,1,21,5,1984,1,2,VOLKSWAGEN GOLF,9,E01021654,0,-1
2021131066686,2021,131066686,1,9,0,18,19,4,8,0,0,1,0,0,0,0,4,1,2,2,1,52,8,1498,1,2,VOLKSWAGEN GOLF,1,E01011721,0,-1
2021501127602,2021,501127602,2,9,0,18,19,5,2,0,0,0,1,0,1,4,1,1,6,6,1,39,7,1896,2,15,VOLKSWAGEN GOLF,6,E01020241,0,-1
2021461104942,2021,461104942,1,9,0,18,19,7,3,0,0,0,0,0,0,0,1,1,2,2,1,26,6,1968,2,11,VOLKSWAGEN GOLF,10,E01028752,0,-1
2021010307516,2021,010307516,2,9,0,99,99,9,9,99,99,9,9,99,9,99,1,9,6,6,3,-1,-1,1598,2,7,VOLKSWAGEN GOLF,-1,-1,0,-1
2021501113052,2021,501113052,1,9,0,13,13,5,1,0,0,0,0,0,1,0,1,1,5,6,1,24,5,1968,2,14,VOLKSWAGEN GOLF,4,E01018952,0,-1
2021141091676,2021,141091676,1,9,0,18,19,2,6,0,0,0,0,0,0,0,3,1,2,2,1,25,5,1968,2,11,VOLKSWAGEN GOLF,9,E01007863,0,-1
2021201084096,2021,201084096,1,9,0,9,9,7,5,0,0,1,0,0,0,0,1,1,2,2,2,36,7,1968,2,2,VOLKSWAGEN GOLF,1,E01009881,0,-1
2021520101840,2021,520101840,1,9,0,1,1,6,2,0,0,6,0,0,0,0,2,1,6,6,2,-1,-1,1896,2,13,VOLKSWAGEN GOLF,8,E01029113,0,-1
2021201111341,2021,201111341,4,9,0,8,8,7,1,0,0,1,0,0,0,0,0,1,6,6,1,51,8,1498,1,3,VOLKSWAGEN GOLF,7,E01009726,0,-1
2021010297244,2021,010297244,2,9,0,18,19,5,1,9,9,8,0,10,3,11,1,1,6,6,3,21,5,1984,1,3,VOLKSWAGEN GOLF,-1,-1,0,-1
2021031058747,2021,031058747,2,9,0,2,2,0,0,0,0,0,0,0,1,0,3,1,2,2,1,48,8,1896,2,17,VOLKSWAGEN GOLF,3,E01020658,0,-1
2021101057671,2021,101057671,2,9,0,3,3,3,7,0,0,0,0,0,0,0,2,1,5,6,1,26,6,1598,2,6,VOLKSWAGEN GOLF,5,E01027448,0,-1
2021430128908,2021,430128908,1,9,0,18,19,8,4,0,0,4,0,0,0,0,1,1,6,6,3,-1,-1,1968,2,11,VOLKSWAGEN GOLF,-1,-1,0,-1
2021131119389,2021,131119389,1,9,0,-1,-1,-1,-1,-1,-1,-1,-1,-1,-1,-1,-1,1,6,6,3,-1,-1,1984,1,14,VOLKSWAGEN GOLF,-1,-1,0,-1
2021010330501,2021,010330501,1,9,0,18,19,3,7,0,0,0,5,4,0,0,3,1,6,6,1,24,5,1498,1,0,VOLKSWAGEN GOLF,4,E01002180,0,-1
2021401076638,2021,401076638,2,9,0,18,19,1,1,0,0,1,0,0,1,0,2,1,5,6,1,27,6,1968,2,10,VOLKSWAGEN GOLF,4,E01015784,0,-1
2021461040171,2021,461040171,2,9,0,18,19,1,5,0,0,0,0,0,0,0,4,1,4,7,1,18,4,1197,1,10,VOLKSWAGEN GOLF,10,E01024720,0,-1
2021302100535,2021,302100535,1,9,0,13,13,8,4,0,0,1,0,0,0,0,1,1,2,2,1,18,4,1598,2,6,VOLKSWAGEN GOLF,9,E01013544,0,-1
2021501101377,2021,501101377,1,9,0,16,19,7,3,0,0,0,1,0,7,9,1,1,4,7,1,18,4,1598,2,3,VOLKSWAGEN GOLF,8,E01020080,0,-1
2021131126486,2021,131126486,1,9,0,18,19,1,3,0,0,5,0,0,0,0,1,1,6,6,3,-1,-1,1395,8,5,VOLKSWAGEN GOLF,-1,-1,0,-1
2021501052820,2021,501052820,1,9,0,10,10,3,8,0,0,1,0,0,0,0,3,1,6,6,1,33,6,1598,2,10,VOLKSWAGEN GOLF,3,E01018815,0,-1
2021430295052,2021,430295052,1,9,0,2,2,0,0,0,0,0,0,0,0,0,3,1,6,6,1,33,6,1896,2,14,VOLKSWAGEN GOLF,5,E01020319,0,-1
2021070291644,2021,070291644,1,9,0,5,5,3,4,0,0,1,0,0,0,0,3,1,2,2,2,20,4,999,1,2,VOLKSWAGEN GOLF,6,E01018355,0,-1
2021061119943,2021,061119943,2,9,0,9,9,6,4,0,0,6,0,0,0,0,1,1,6,6,1,19,4,1390,1,12,VOLKSWAGEN GOLF,10,E01012452,0,-1
2021010309036,2021,010309036,2,9,0,18,19,1,5,0,0,1,0,0,0,0,1,1,6,6,2,31,6,1197,1,7,VOLKSWAGEN GOLF,7,E01000413,0,-1
2021440363859,2021,440363859,2,9,0,5,5,1,5,0,0,8,0,0,0,0,1,1,6,6,1,-1,-1,1968,2,3,VOLKSWAGEN GOLF,-1,-1,0,-1
2021351129305,2021,351129305,1,9,0,18,19,3,7,0,0,0,0,0,5,6,3,1,6,6,1,28,6,1498,1,1,VOLKSWAGEN GOLF,9,E01013429,0,-1
2021010339226,2021,010339226,1,9,0,99,99,9,9,99,99,9,9,99,9,99,9,9,6,6,1,25,5,1390,1,9,VOLKSWAGEN GOLF,10,E01023614,0,-1
2021451090242,2021,451090242,2,9,0,4,4,3,7,0,0,0,1,0,0,0,1,1,6,6,2,25,5,1390,1,11,VOLKSWAGEN GOLF,10,E01030754,0,-1
2021461056209,2021,461056209,2,9,0,3,3,3,7,0,0,0,0,0,0,0,2,1,2,2,1,50,8,1598,1,20,VOLKSWAGEN GOLF,7,E01024317,0,-1
2021552200254,2021,552200254,1,9,0,18,19,7,3,0,0,0,0,0,0,0,1,1,2,2,1,21,5,1900,2,15,VOLKSWAGEN GOLF,8,E01020458,0,-1
2021131068986,2021,131068986,1,9,0,-1,-1,-1,-1,-1,-1,-1,-1,-1,-1,-1,-1,1,6,6,3,-1,-1,1968,2,2,VOLKSWAGEN GOLF,-1,-1,0,-1
2021010352176,2021,010352176,2,9,0,18,19,7,3,0,0,0,0,0,0,0,3,1,6,6,1,47,8,1498,1,0,VOLKSWAGEN GOLF,10,E01003468,0,-1
2021010343781,2021,010343781,1,9,0,5,5,0,3,0,0,0,0,0,0,0,3,1,6,6,2,22,5,1598,1,14,VOLKSWAGEN GOLF,10,E01002960,0,-1
2021061073164,2021,061073164,2,9,0,18,19,1,5,0,0,1,0,0,0,0,1,1,6,6,1,25,5,1390,1,13,VOLKSWAGEN GOLF,-1,-1,0,-1
2021010331463,2021,010331463,1,9,0,17,19,1,5,0,0,2,5,0,1,11,1,1,6,6,2,20,4,1395,1,6,VOLKSWAGEN GOLF,7,E01000748,0,-1
2021101111325,2021,101111325,1,9,0,12,12,1,5,0,0,2,0,0,0,0,3,1,5,6,1,34,6,1984,1,4,VOLKSWAGEN GOLF,3,E01008298,0,-1
2021461052054,2021,461052054,1,9,0,18,19,1,5,0,0,1,0,0,0,0,1,1,5,6,1,-1,-1,1390,1,17,VOLKSWAGEN GOLF,2,E01016064,0,-1
2021010329523,2021,010329523,2,9,0,99,99,9,9,99,99,9,9,99,9,99,1,9,6,6,3,69,10,1390,1,14,VOLKSWAGEN GOLF,2,E01002049,0,-1
2021010352572,2021,010352572,2,9,0,99,99,9,9,99,99,9,9,99,9,99,9,9,6,6,3,42,7,1197,1,8,VOLKSWAGEN GOLF,2,E01004014,0,-1
2021430315156,2021,430315156,1,9,0,18,19,7,3,0,0,0,0,0,0,0,1,1,6,6,2,-1,-1,1395,1,3,VOLKSWAGEN GOLF,-1,-1,0,-1
2021361097070,2021,361097070,2,9,0,18,19,2,6,0,0,0,0,0,0,0,1,1,5,6,1,17,4,1598,2,4,VOLKSWAGEN GOLF,6,E01026580,0,-1
2021991057420,2021,991057420,1,9,0,17,19,7,3,0,0,0,2,0,1,0,4,1,5,6,1,17,4,1600,2,12,VOLKSWAGEN GOLF,-1,-1,0,-1
2021010301317,2021,010301317,2,9,0,99,99,9,9,99,99,9,9,99,9,99,9,9,6,6,3,-1,-1,1390,1,15,VOLKSWAGEN GOLF,-1,-1,0,-1
2021461110343,2021,461110343,1,9,0,18,19,5,1,0,0,0,1,4,7,0,1,1,6,6,1,27,6,1598,1,15,VOLKSWAGEN GOLF,5,E01016165,0,-1
2021131053722,2021,131053722,1,9,0,13,13,2,6,0,0,0,2,0,0,0,4,1,6,6,1,26,6,1968,2,5,VOLKSWAGEN GOLF,3,E01010810,0,-1
2021549931421,2021,549931421,1,9,0,9,9,4,2,0,0,1,0,0,0,0,1,1,1,1,1,19,4,1984,1,21,VOLKSWAGEN GOLF,8,E01024407,0,-1
2021451110212,2021,451110212,1,9,0,13,13,3,7,0,0,0,0,0,0,0,4,1,3,7,2,45,7,1390,1,13,VOLKSWAGEN GOLF,10,E01030641,0,-1
2021010303973,2021,010303973,2,9,0,9,9,1,7,0,0,9,0,0,0,0,9,9,6,6,1,19,4,1390,1,15,VOLKSWAGEN GOLF,4,E01032773,0,-1
2021010313024,2021,010313024,1,9,0,99,99,9,9,99,99,9,9,99,9,99,1,9,6,6,1,27,6,1197,1,10,VOLKSWAGEN GOLF,3,E01000465,0,-1
2021201118773,2021,201118773,2,9,0,18,19,1,5,0,0,0,0,0,0,0,2,1,6,6,1,23,5,1598,2,8,VOLKSWAGEN GOLF,8,E01019951,0,-1
2021211055980,2021,211055980,2,9,-1,-1,-1,-1,-1,-1,-1,0,-1,-1,-1,0,-1,1,6,6,2,25,5,1968,2,7,VOLKSWAGEN GOLF,2,E01029717,0,-1
2021061126322,2021,061126322,1,9,0,17,19,1,5,0,0,0,0,0,0,0,1,1,6,6,1,20,4,1968,2,14,VOLKSWAGEN GOLF,3,E01006145,0,-1
2021131076383,2021,131076383,1,9,0,18,19,4,8,0,0,8,0,0,0,0,1,1,5,6,1,40,7,1968,2,9,VOLKSWAGEN GOLF,1,E01010617,0,-1
202134NNC0521,2021,34NNC0521,2,9,0,2,2,0,0,0,0,0,0,0,0,0,1,1,6,6,3,-1,-1,1984,1,4,VOLKSWAGEN GOLF,-1,-1,0,-1
2021070518723,2021,070518723,1,9,0,18,19,8,4,0,0,0,0,0,0,0,1,1,6,6,1,28,6,1984,1,6,VOLKSWAGEN GOLF,9,E01018430,0,-1
2021320680351,2021,320680351,2,9,0,18,19,2,6,0,0,1,0,0,0,0,1,1,4,7,1,17,4,1498,1,4,VOLKSWAGEN GOLF,6,E01026391,0,-1
2021501027329,2021,501027329,1,9,0,18,19,5,1,0,0,3,0,0,7,0,1,1,5,6,3,-1,-1,3200,1,14,VOLKSWAGEN GOLF,-1,-1,0,-1
2021010302380,2021,010302380,1,9,0,99,99,9,9,99,99,9,9,99,9,99,2,9,6,6,2,51,8,1390,1,15,VOLKSWAGEN GOLF,3,E01003127,0,-1
2021101048703,2021,101048703,2,9,0,18,19,5,1,0,0,1,0,0,0,0,1,1,6,6,2,36,7,1600,2,11,VOLKSWAGEN GOLF,10,E01008365,0,-1
2021010313191,2021,010313191,2,9,0,18,19,4,8,0,0,0,0,0,0,0,1,1,6,6,2,28,6,1395,1,3,VOLKSWAGEN GOLF,5,E01002515,0,-1
2021451028662,2021,451028662,1,9,0,18,19,1,3,0,0,8,0,0,0,0,3,1,1,1,2,53,8,1968,2,9,VOLKSWAGEN GOLF,9,E01030713,0,-1
2021070541070,2021,070541070,2,9,0,18,19,6,2,0,0,1,1,0,0,0,1,1,6,6,1,42,7,1900,2,17,VOLKSWAGEN GOLF,6,E01018674,0,-1
2021141096536,2021,141096536,2,9,4,18,19,3,7,0,0,0,1,0,1,0,1,1,1,1,1,64,9,1896,2,18,VOLKSWAGEN GOLF,8,E01011857,0,-1
2021440190590,2021,440190590,2,9,0,18,19,6,2,0,0,8,0,0,0,0,1,1,6,6,2,20,4,1390,1,11,VOLKSWAGEN GOLF,2,E01023156,0,-1
2021351055870,2021,351055870,2,9,0,9,9,6,5,0,0,1,0,0,0,0,1,1,2,2,1,57,9,1984,1,0,VOLKSWAGEN GOLF,7,E01013787,0,-1
2021401044398,2021,401044398,1,9,0,9,9,8,6,7,6,0,0,0,0,0,1,1,5,6,1,40,7,1968,2,13,VOLKSWAGEN GOLF,2,E01015726,0,-1
2021471026754,2021,471026754,2,9,0,4,4,5,1,0,0,0,0,12,0,0,2,1,2,2,1,48,8,1984,1,8,VOLKSWAGEN GOLF,10,E01032839,0,-1
202131B014221,2021,31B014221,2,9,0,18,19,4,8,0,0,0,1,0,0,0,1,1,6,6,3,-1,-1,1984,1,1,VOLKSWAGEN GOLF,-1,-1,0,-1
2021010339358,2021,010339358,1,9,0,18,19,5,1,0,0,2,0,0,0,0,4,1,2,2,2,38,7,1598,1,19,VOLKSWAGEN GOLF,2,E01001110,0,-1
2021501104502,2021,501104502,2,9,0,10,10,7,3,0,0,1,0,0,0,0,2,1,6,6,2,33,6,1197,1,6,VOLKSWAGEN GOLF,5,E01019901,0,-1
2021010343690,2021,010343690,1,9,0,99,99,9,9,99,99,9,9,99,9,99,2,9,6,6,1,34,6,1598,2,7,VOLKSWAGEN GOLF,7,E01018185,0,-1
2021061048363,2021,061048363,1,9,0,3,3,5,7,0,0,0,1,0,1,0,1,1,5,6,1,21,5,1598,2,7,VOLKSWAGEN GOLF,4,E01005059,0,-1
2021302100181,2021,302100181,1,9,0,18,19,8,2,0,0,3,0,0,0,0,3,1,6,6,1,20,4,1498,1,1,VOLKSWAGEN GOLF,6,E01028923,0,-1
2021010313334,2021,010313334,3,9,9,99,99,9,9,99,99,0,9,99,9,99,9,9,6,6,3,-1,-1,1600,2,12,VOLKSWAGEN GOLF,-1,-1,0,-1
2021531121610,2021,531121610,1,9,0,4,4,5,1,0,0,0,0,0,0,0,1,1,2,2,1,30,6,1900,2,17,VOLKSWAGEN GOLF,6,E01014459,0,-1
2021010303663,2021,010303663,2,9,0,99,99,9,9,99,99,0,9,99,9,99,9,9,6,6,1,33,6,1896,2,18,VOLKSWAGEN GOLF,2,E01001651,0,-1
2021421080085,2021,421080085,1,9,0,15,15,2,6,0,0,1,0,0,1,0,4,1,6,6,1,34,6,2000,2,16,VOLKSWAGEN GOLF,6,E01021879,0,-1
2021991050651,2021,991050651,1,9,0,18,19,7,3,0,0,0,1,4,0,0,1,1,5,6,1,20,4,1896,2,14,VOLKSWAGEN GOLF,3,-1,0,-1
2021161039640,2021,161039640,2,9,0,18,19,5,1,0,0,2,0,0,0,0,1,1,1,1,2,40,7,1896,2,13,VOLKSWAGEN GOLF,10,E01012973,0,-1
2021041093201,2021,041093201,2,9,0,18,19,2,4,0,0,0,0,0,0,0,3,1,6,6,2,48,8,1598,2,6,VOLKSWAGEN GOLF,10,E01025502,0,-1
2021351089831,2021,351089831,3,9,0,3,3,5,7,0,0,8,0,1,0,0,1,1,6,6,1,24,5,1984,1,5,VOLKSWAGEN GOLF,8,E01015682,0,-1
2021320337953,2021,320337953,1,9,0,9,9,8,6,0,0,8,0,0,0,0,1,1,4,7,1,27,6,1598,2,7,VOLKSWAGEN GOLF,4,E01026057,0,-1
2021440202112,2021,440202112,3,9,0,18,19,5,1,0,0,1,0,0,0,0,1,1,6,6,3,-1,-1,1197,1,8,VOLKSWAGEN GOLF,-1,-1,0,-1
2021351035786,2021,351035786,2,9,0,5,5,3,6,0,0,4,0,0,0,0,2,1,2,2,2,36,7,1598,2,9,VOLKSWAGEN GOLF,10,E01018266,0,-1
2021041063762,2021,041063762,1,9,0,14,14,5,1,0,0,1,0,4,0,0,3,1,5,6,1,66,10,1598,2,9,VOLKSWAGEN GOLF,1,E01010743,0,-1
2021010331879,2021,010331879,2,9,0,18,19,5,1,0,0,8,0,0,0,0,1,1,6,6,3,-1,-1,1896,2,16,VOLKSWAGEN GOLF,-1,-1,0,-1
2021010324573,2021,010324573,1,9,0,9,9,7,5,0,0,1,0,0,0,0,3,1,6,6,1,40,7,1968,2,5,VOLKSWAGEN GOLF,4,E01000006,0,-1
2021991079617,2021,991079617,1,9,0,14,14,3,7,0,0,1,0,0,0,0,4,1,5,6,2,61,9,1498,1,1,VOLKSWAGEN GOLF,8,-1,0,-1
2021131070320,2021,131070320,1,9,0,9,9,1,7,0,0,2,0,0,0,0,1,1,2,2,1,44,7,1598,2,9,VOLKSWAGEN GOLF,1,E01010677,0,-1
2021549002821,2021,549002821,2,9,0,4,4,3,7,0,0,0,0,0,0,0,2,1,6,6,1,69,10,1395,1,6,VOLKSWAGEN GOLF,10,E01032017,0,-1
2021101087316,2021,101087316,2,9,0,4,4,3,7,0,0,0,0,0,0,0,2,1,5,6,2,24,5,1395,1,3,VOLKSWAGEN GOLF,6,E01008196,0,-1
2021010305039,2021,010305039,1,9,0,9,9,3,2,0,0,1,0,0,0,0,1,1,6,6,1,22,5,1390,1,16,VOLKSWAGEN GOLF,6,E01000479,0,-1
2021141127747,2021,141127747,1,9,0,18,19,5,1,0,0,1,0,0,0,0,1,1,2,2,1,37,7,2000,1,16,VOLKSWAGEN GOLF,2,E01007849,0,-1
2021061044397,2021,061044397,1,9,0,18,19,8,4,0,0,1,0,0,0,0,1,1,6,6,3,30,6,1984,1,5,VOLKSWAGEN GOLF,-1,-1,0,-1
2021320568060,2021,320568060,2,9,0,18,19,5,1,0,0,8,0,0,1,0,1,1,2,2,1,41,7,1598,2,8,VOLKSWAGEN GOLF,3,E01015624,0,-1
2021430040400,2021,430040400,2,9,0,18,19,8,4,0,0,1,1,0,0,0,1,1,6,6,1,36,7,1598,1,19,VOLKSWAGEN GOLF,7,E01033500,0,-1
2021501086190,2021,501086190,1,9,0,18,19,6,2,0,0,0,0,0,0,0,4,1,5,6,2,27,6,999,1,3,VOLKSWAGEN GOLF,4,E01019043,0,-1
2021401129330,2021,401129330,2,9,0,18,19,1,5,0,0,8,0,0,0,0,1,1,2,2,1,39,7,1968,2,12,VOLKSWAGEN GOLF,7,E01033511,0,-1
2021141049006,2021,141049006,1,9,0,18,19,1,5,0,0,0,0,0,0,0,1,1,5,6,2,27,6,1900,2,16,VOLKSWAGEN GOLF,1,E01007634,0,-1
2021501039518,2021,501039518,1,9,0,16,19,1,4,0,0,1,1,0,0,0,1,1,5,6,1,21,5,2000,2,16,VOLKSWAGEN GOLF,6,E01018852,0,-1
2021622100210,2021,622100210,2,9,0,1,1,7,3,0,0,0,0,0,0,0,2,1,6,6,2,59,9,1968,2,14,VOLKSWAGEN GOLF,9,W01000795,0,-1
2021531099393,2021,531099393,1,9,0,9,9,1,8,0,0,1,0,0,0,0,0,1,2,2,1,23,5,1598,2,9,VOLKSWAGEN GOLF,6,E01022222,0,-1
2021131044234,2021,131044234,1,9,0,17,19,7,5,0,0,6,0,10,0,0,1,1,5,6,1,20,4,1598,2,6,VOLKSWAGEN GOLF,5,E01010729,0,-1
2021552101190,2021,552101190,1,9,0,9,9,3,1,0,0,2,0,0,0,0,1,1,6,6,1,62,9,1390,1,12,VOLKSWAGEN GOLF,6,E01015363,0,-1
2021170S41891,2021,170S41891,1,9,0,18,19,5,1,0,0,0,0,0,0,0,1,1,6,6,2,41,7,1498,1,3,VOLKSWAGEN GOLF,10,E01012301,0,-1
2021010339534,2021,010339534,1,9,0,99,99,9,9,99,99,0,9,99,9,99,2,9,6,6,3,-1,-1,1395,1,6,VOLKSWAGEN GOLF,-1,-1,0,-1
2021440158695,2021,440158695,2,9,0,18,19,8,4,0,0,8,0,0,0,0,1,1,6,6,3,-1,-1,2000,2,15,VOLKSWAGEN GOLF,-1,-1,0,-1
2021041114927,2021,041114927,2,9,0,18,19,8,4,0,0,1,0,0,0,0,1,1,5,6,1,28,6,1598,2,8,VOLKSWAGEN GOLF,2,E01012642,0,-1
2021991099438,2021,991099438,1,9,0,18,19,3,7,0,0,0,1,0,0,0,1,1,6,6,2,37,7,1968,2,4,VOLKSWAGEN GOLF,5,-1,0,-1
2021411033100,2021,411033100,1,9,0,18,19,8,4,0,0,0,1,0,1,9,1,1,2,2,2,24,5,1598,2,11,VOLKSWAGEN GOLF,4,E01023681,0,-1
2021010315295,2021,010315295,3,9,0,5,5,0,7,0,0,1,0,0,0,0,0,1,6,6,1,28,6,1498,1,0,VOLKSWAGEN GOLF,3,E01001804,0,-1
2021421064740,2021,421064740,2,9,0,18,19,1,5,0,0,1,0,0,0,0,3,1,5,6,2,74,10,1598,2,9,VOLKSWAGEN GOLF,6,E01021509,0,-1
2021052101108,2021,052101108,3,9,0,2,2,0,0,0,0,0,0,0,0,0,3,1,6,6,3,-1,-1,1395,1,6,VOLKSWAGEN GOLF,-1,-1,0,-1
2021131053659,2021,131053659,2,9,0,14,14,7,3,0,0,8,0,0,0,0,3,1,6,6,1,53,8,1390,1,17,VOLKSWAGEN GOLF,2,E01032502,0,-1
2021101118822,2021,101118822,2,9,0,3,3,6,2,0,0,8,0,0,0,0,1,1,6,6,2,38,7,1598,2,10,VOLKSWAGEN GOLF,4,E01008347,0,-1
2021010294478,2021,010294478,2,9,0,99,99,9,9,99,99,0,9,99,9,99,9,9,6,6,1,33,6,1395,1,7,VOLKSWAGEN GOLF,1,E01004214,0,-1
2021991118420,2021,991118420,1,9,0,9,9,6,4,0,0,8,0,0,0,0,3,1,6,6,1,28,6,1968,2,11,VOLKSWAGEN GOLF,2,-1,0,-1
2021131086797,2021,131086797,2,9,0,18,19,1,5,0,0,0,0,0,0,0,1,1,5,6,2,48,8,1968,2,12,VOLKSWAGEN GOLF,10,E01011845,0,-1
2021061122225,2021,061122225,2,9,0,3,3,7,3,0,0,1,0,0,0,0,2,1,5,6,1,38,7,1498,1,1,VOLKSWAGEN GOLF,4,E01009085,0,-1
2021430083989,2021,430083989,2,9,0,9,9,2,8,0,0,5,0,0,7,10,1,1,6,6,1,42,7,1968,2,11,VOLKSWAGEN GOLF,10,E01028616,0,-1
2021440464997,2021,440464997,2,9,0,13,13,3,7,0,0,8,0,0,0,0,4,1,6,6,1,61,9,1395,8,3,VOLKSWAGEN GOLF,6,E01023162,0,-1
2021440372821,2021,440372821,2,9,0,4,4,6,2,0,0,0,0,0,0,0,2,1,6,6,1,26,6,1390,1,18,VOLKSWAGEN GOLF,8,E01030979,0,-1
2021041013022,2021,041013022,1,9,0,1,1,1,5,9,9,0,0,0,7,0,2,1,2,2,1,58,9,1498,1,2,VOLKSWAGEN GOLF,4,E01024975,0,-1
2021411022176,2021,411022176,3,9,0,4,4,5,1,0,0,1,0,0,0,0,1,1,5,6,1,51,8,1390,1,10,VOLKSWAGEN GOLF,10,E01023458,0,-1
2021421113461,2021,421113461,1,9,0,7,7,5,8,0,0,8,0,0,0,0,1,1,5,6,2,72,10,2000,2,14,VOLKSWAGEN GOLF,-1,-1,0,-1
2021131084672,2021,131084672,1,9,0,18,19,4,8,0,0,1,0,0,0,0,4,1,5,6,2,24,5,1600,2,12,VOLKSWAGEN GOLF,1,E01011312,0,-1
2021461121760,2021,461121760,1,9,0,11,11,3,7,0,0,0,0,0,1,0,1,1,6,6,1,21,5,1968,2,7,VOLKSWAGEN GOLF,5,E01024191,0,-1
2021991067776,2021,991067776,3,9,0,2,2,0,0,0,0,0,0,0,0,0,4,1,6,6,3,-1,-1,1598,2,10,VOLKSWAGEN GOLF,-1,-1,0,-1
2021061052408,2021,061052408,1,9,0,18,19,7,3,0,0,0,0,0,0,0,3,1,6,6,1,65,9,1498,1,2,VOLKSWAGEN GOLF,8,E01005676,0,-1
2021138432204,2021,138432204,2,9,0,5,5,5,1,0,0,4,0,0,0,0,1,1,6,6,1,26,6,1984,1,2,VOLKSWAGEN GOLF,1,E01010964,0,-1
2021010293687,2021,010293687,1,9,0,7,7,5,8,0,0,6,0,0,0,0,1,1,6,6,2,22,5,1390,1,12,VOLKSWAGEN GOLF,3,E01003570,0,-1
2021440062877,2021,440062877,2,9,0,9,9,6,4,0,0,8,0,0,0,0,3,1,2,2,1,27,6,1595,1,20,VOLKSWAGEN GOLF,4,E01017192,0,-1
2021010327758,2021,010327758,1,9,0,9,9,1,7,0,0,1,0,0,0,0,1,1,6,6,1,37,7,2000,2,16,VOLKSWAGEN GOLF,4,E01002000,0,-1
2021451077870,2021,451077870,3,9,0,18,19,4,8,0,0,0,0,0,0,0,2,1,5,6,1,36,7,1968,2,4,VOLKSWAGEN GOLF,8,E01030347,0,-1
2021041116614,2021,041116614,1,9,0,17,19,1,5,0,0,2,0,0,0,0,1,1,5,6,1,24,5,1984,1,8,VOLKSWAGEN GOLF,1,E01033231,0,-1
2021201069172,2021,201069172,1,9,0,9,9,4,1,0,0,6,1,0,0,0,4,1,2,2,2,39,7,-1,3,2,VOLKSWAGEN GOLF,6,E01009278,0,-1
2021111059144,2021,111059144,2,9,0,10,10,3,1,0,0,1,0,0,0,0,2,1,6,6,2,27,6,1968,2,6,VOLKSWAGEN GOLF,3,E01012350,0,-1
2021522200548,2021,522200548,2,9,0,18,19,5,1,0,0,0,0,0,0,0,1,1,6,6,1,37,7,1968,2,3,VOLKSWAGEN GOLF,9,W01001625,0,-1
2021451080087,2021,451080087,1,9,0,17,19,7,5,0,0,0,0,0,1,11,1,1,6,6,1,16,4,1800,1,21,VOLKSWAGEN GOLF,-1,-1,0,-1