collision_index,collision_year,collision_ref_no,vehicle_reference,vehicle_type,towing_and_articulation,vehicle_manoeuvre_historic,vehicle_manoeuvre,vehicle_direction_from,vehicle_direction_to,vehicle_location_restricted_lane_historic,vehicle_location_restricted_lane,junction_location,skidding_and_overturning,hit_object_in_carriageway,vehicle_leaving_carriageway,hit_object_off_carriageway,first_point_of_impact,vehicle_left_hand_drive,journey_purpose_of_driver_historic,journey_purpose_of_driver,sex_of_driver,age_of_driver,age_band_of_driver,engine_capacity_cc,propulsion_code,age_of_vehicle,generic_make_model,driver_imd_decile,lsoa_of_driver,escooter_flag,driver_distance_banding
2021041033898,2021,041033898,1,9,0,18,19,2,4,0,0,1,0,0,0,0,2,1,2,2,2,42,7,1896,2,14,VOLKSWAGEN GOLF,4,E01012651,0,-1
2021131114714,2021,131114714,2,9,0,-1,-1,-1,-1,-1,-1,8,-1,-1,-1,0,-1,1,6,6,3,-1,-1,1498,1,2,VOLKSWAGEN GOLF,-1,-1,0,-1
2021461085779,2021,461085779,2,9,0,4,4,5,1,0,0,1,0,0,0,0,2,1,6,6,2,24,5,1390,1,13,VOLKSWAGEN GOLF,1,E01024155,0,-1
2021371025982,2021,371025982,1,9,0,5,5,7,3,0,0,1,0,0,0,0,1,1,2,2,1,41,7,1968,2,9,VOLKSWAGEN GOLF,3,E01030139,0,-1
2021440149298,2021,440149298,1,9,0,18,19,6,2,0,0,0,0,4,1,7,1,1,6,6,1,68,10,1498,1,3,VOLKSWAGEN GOLF,4,E01017071,0,-1
2021302101053,2021,302101053,1,9,0,18,19,4,8,0,0,1,0,0,0,0,1,1,6,6,1,43,7,1968,2,13,VOLKSWAGEN GOLF,1,E01013566,0,-1
2021421084035,2021,421084035,3,9,0,2,2,0,0,9,9,0,0,0,0,0,1,1,5,6,2,66,10,1968,2,7,VOLKSWAGEN GOLF,-1,-1,0,-1
2021201131371,2021,201131371,1,9,0,18,19,1,5,0,0,1,5,10,0,0,1,1,6,6,1,29,6,1598,2,8,VOLKSWAGEN GOLF,1,E01009301,0,-1
2021131109345,2021,131109345,1,9,0,9,9,4,8,0,0,1,0,0,0,0,0,2,6,6,2,35,6,1598,2,8,VOLKSWAGEN GOLF,2,E01011230,0,-1
2021201112709,2021,201112709,1,9,0,18,19,4,8,0,0,2,1,0,0,0,1,1,6,6,1,20,4,1395,1,7,VOLKSWAGEN GOLF,2,E01010001,0,-1
2021061074163,2021,061074163,2,9,0,18,19,3,7,0,0,8,0,0,0,0,1,1,2,2,2,29,6,1498,1,3,VOLKSWAGEN GOLF,9,E01024964,0,-1
2021401096263,2021,401096263,1,9,0,18,19,4,8,0,0,0,0,0,0,0,1,1,4,7,2,38,7,1968,2,12,VOLKSWAGEN GOLF,3,E01017596,0,-1
202163A009921,2021,63A009921,1,9,0,5,5,4,8,0,0,0,0,0,0,0,1,1,6,6,2,35,6,1968,2,14,VOLKSWAGEN GOLF,2,W01000660,0,-1
202134WNC7181,2021,34WNC7181,2,9,0,18,19,7,3,0,0,0,0,0,0,0,3,1,1,1,1,39,7,1598,1,14,VOLKSWAGEN GOLF,8,E01016795,0,-1
2021138441458,2021,138441458,1,9,0,7,7,4,6,0,0,6,0,0,0,0,1,1,6,6,1,27,6,1896,2,13,VOLKSWAGEN GOLF,1,E01010732,0,-1
2021201079034,2021,201079034,2,9,0,9,9,6,4,0,0,3,0,0,0,0,1,1,6,6,1,23,5,1968,2,9,VOLKSWAGEN GOLF,6,E01010339,0,-1
2021052102176,2021,052102176,2,9,0,18,19,5,1,0,0,1,0,0,0,0,2,1,2,2,1,23,5,1598,2,6,VOLKSWAGEN GOLF,3,E01007181,0,-1
2021010315997,2021,010315997,2,9,0,99,99,9,9,99,99,0,9,99,9,99,1,9,6,6,3,-1,-1,1390,1,10,VOLKSWAGEN GOLF,3,E01001941,0,-1
2021101036293,2021,101036293,2,9,0,18,19,5,1,0,0,1,0,0,0,0,3,1,5,6,2,33,6,1395,1,4,VOLKSWAGEN GOLF,2,E01008253,0,-1
2021440437388,2021,440437388,3,9,0,4,4,8,4,0,0,0,0,0,0,0,2,1,6,6,1,42,7,1498,1,3,VOLKSWAGEN GOLF,-1,-1,0,-1
2021231047612,2021,231047612,3,9,0,18,19,1,5,0,0,8,0,0,0,0,3,1,5,6,1,71,10,1498,1,1,VOLKSWAGEN GOLF,6,E01031207,0,-1
2021010298130,2021,010298130,1,9,0,5,5,3,7,0,0,6,0,0,0,0,3,1,1,1,1,45,7,1900,2,15,VOLKSWAGEN GOLF,3,E01001000,0,-1
2021440420862,2021,440420862,1,9,0,16,19,1,5,0,0,3,0,0,3,1,1,1,6,6,2,32,6,1600,1,17,VOLKSWAGEN GOLF,9,E01022929,0,-1
2021131041942,2021,131041942,2,9,0,4,4,4,8,0,0,0,0,0,0,0,2,1,5,6,1,53,8,1395,1,5,VOLKSWAGEN GOLF,8,E01032945,0,-1
2021131124224,2021,131124224,1,9,0,17,19,2,6,0,0,0,0,0,0,0,1,1,6,6,1,38,7,1598,2,10,VOLKSWAGEN GOLF,2,E01010799,0,-1
2021031017602,2021,031017602,2,9,0,2,2,0,0,0,0,0,0,0,0,0,1,1,5,6,1,27,6,1896,2,18,VOLKSWAGEN GOLF,6,E01019146,0,-1
2021010315002,2021,010315002,1,9,0,99,99,9,9,99,99,9,9,99,9,99,1,9,6,6,1,26,6,1984,1,5,VOLKSWAGEN GOLF,5,E01003312,0,-1
2021010319325,2021,010319325,1,9,0,99,99,9,9,99,99,9,9,99,9,99,9,9,6,6,3,25,5,1197,1,7,VOLKSWAGEN GOLF,2,E01000550,0,-1
2021351124729,2021,351124729,2,9,0,9,9,4,1,0,0,1,0,0,0,0,1,1,5,6,1,60,9,1968,2,15,VOLKSWAGEN GOLF,5,E01015669,0,-1
202134WNC6161,2021,34WNC6161,2,9,0,9,9,7,5,0,0,8,0,0,0,0,1,1,6,6,1,35,6,1390,1,18,VOLKSWAGEN GOLF,2,E01027248,0,-1
2021010288529,2021,010288529,1,9,0,15,15,5,1,0,0,0,0,0,0,0,2,1,2,2,1,20,4,1395,1,7,VOLKSWAGEN GOLF,3,E01003431,0,-1
2021201044891,2021,201044891,2,9,0,18,19,8,4,0,0,8,0,0,0,0,1,1,6,6,1,29,6,2000,1,16,VOLKSWAGEN GOLF,1,E01009202,0,-1
2021131115510,2021,131115510,1,9,0,18,19,5,1,0,0,0,0,0,0,0,4,1,6,6,2,33,6,1968,2,10,VOLKSWAGEN GOLF,1,E01010826,0,-1
2021010338507,2021,010338507,2,9,0,99,99,9,9,99,99,9,9,99,9,99,9,9,6,6,3,-1,-1,1598,1,14,VOLKSWAGEN GOLF,-1,-1,0,-1
2021351020594,2021,351020594,2,9,0,4,4,1,4,0,0,7,0,0,0,0,2,1,5,6,2,38,7,1598,1,15,VOLKSWAGEN GOLF,8,E01033116,0,-1
2021991017058,2021,991017058,2,9,0,18,19,8,3,0,0,1,1,0,0,0,1,1,6,6,2,32,6,1968,2,3,VOLKSWAGEN GOLF,2,-1,0,-1
2021131047043,2021,131047043,1,9,0,18,19,5,5,0,0,0,1,0,2,11,1,1,5,6,1,40,7,1598,2,9,VOLKSWAGEN GOLF,1,E01010938,0,-1
2021221038576,2021,221038576,5,9,0,4,4,4,7,0,0,1,0,0,0,0,0,1,5,6,1,52,8,1598,2,10,VOLKSWAGEN GOLF,4,E01014019,0,-1
2021361033974,2021,361033974,2,9,0,18,19,5,1,0,0,1,0,0,0,0,0,1,5,6,1,52,8,1984,1,3,VOLKSWAGEN GOLF,7,E01026754,0,-1
2021542059121,2021,542059121,3,9,0,18,19,2,6,0,0,0,0,0,0,0,4,1,6,6,1,22,5,1984,1,3,VOLKSWAGEN GOLF,7,E01014577,0,-1
2021461085651,2021,461085651,2,9,0,4,4,5,1,0,0,0,0,0,0,0,2,1,6,6,2,69,10,1390,1,12,VOLKSWAGEN GOLF,6,E01002298,0,-1
2021522105398,2021,522105398,2,9,0,9,9,4,2,0,0,8,0,0,0,0,1,1,6,6,1,46,8,1390,1,19,VOLKSWAGEN GOLF,8,E01014509,0,-1
2021010316048,2021,010316048,2,9,0,18,19,7,3,0,0,1,0,0,0,0,1,1,6,6,1,33,6,2000,1,17,VOLKSWAGEN GOLF,2,E01000079,0,-1
202131B052121,2021,31B052121,1,9,0,18,19,3,7,0,0,8,0,0,0,0,1,1,6,6,1,-1,-1,1968,2,13,VOLKSWAGEN GOLF,-1,-1,0,-1
2021101088493,2021,101088493,2,9,0,18,19,6,2,0,0,3,0,0,0,0,4,1,5,6,2,43,7,1968,2,9,VOLKSWAGEN GOLF,1,E01008544,0,-1
2021461014524,2021,461014524,1,9,0,18,19,3,7,0,0,0,0,0,7,0,1,1,6,6,1,20,4,1896,2,12,VOLKSWAGEN GOLF,7,E01024743,0,-1
2021361135636,2021,361135636,1,9,0,18,19,3,7,0,0,4,0,0,0,0,1,1,6,6,1,-1,-1,1390,1,13,VOLKSWAGEN GOLF,3,E01018809,0,-1
2021010304593,2021,010304593,5,9,0,18,19,3,7,0,0,6,0,0,0,0,1,1,6,6,2,28,6,1390,1,12,VOLKSWAGEN GOLF,3,E01003221,0,-1
2021371043513,2021,371043513,1,9,0,18,19,1,5,0,0,0,0,0,0,0,1,1,2,2,1,32,6,1896,2,17,VOLKSWAGEN GOLF,5,E01029960,0,-1
2021061040520,2021,061040520,1,9,0,18,19,5,1,0,0,1,0,0,0,0,1,1,5,6,1,23,5,1968,2,4,VOLKSWAGEN GOLF,1,E01032921,0,-1
2021010345613,2021,010345613,4,9,0,2,2,0,0,0,0,1,0,0,0,0,2,1,6,6,3,-1,-1,1598,2,5,VOLKSWAGEN GOLF,-1,-1,0,-1
2021061110268,2021,061110268,1,9,0,18,19,7,3,0,0,0,0,0,0,0,1,1,6,6,2,28,6,1598,2,11,VOLKSWAGEN GOLF,1,E01005826,0,-1
2021201082312,2021,201082312,1,9,0,17,19,1,6,0,0,0,1,10,1,11,1,1,6,6,1,60,9,1598,2,10,VOLKSWAGEN GOLF,2,E01010036,0,-1
2021070624485,2021,070624485,1,9,0,15,15,6,2,0,0,0,0,0,0,0,1,1,2,2,1,31,6,1896,2,18,VOLKSWAGEN GOLF,3,E01029597,0,-1
2021201066767,2021,201066767,1,9,0,7,7,6,2,0,0,5,0,0,1,0,4,1,6,6,1,25,5,1896,2,14,VOLKSWAGEN GOLF,3,E01009140,0,-1
2021061130261,2021,061130261,2,9,0,18,19,5,1,0,0,1,0,0,0,0,2,1,5,6,1,20,4,1598,2,7,VOLKSWAGEN GOLF,3,E01005310,0,-1
2021201070456,2021,201070456,2,9,0,18,19,6,2,0,0,8,0,7,0,0,1,1,6,6,1,22,5,1984,1,3,VOLKSWAGEN GOLF,6,E01009278,0,-1
2021141115771,2021,141115771,1,9,0,17,19,7,4,0,0,0,0,0,0,0,1,1,5,6,2,62,9,1968,2,3,VOLKSWAGEN GOLF,7,E01007614,0,-1
2021371142257,2021,371142257,2,9,0,17,19,2,6,0,0,8,0,0,0,0,1,1,5,6,1,24,5,1968,2,9,VOLKSWAGEN GOLF,8,E01030237,0,-1
2021061130316,2021,061130316,2,9,0,18,19,5,1,0,0,1,0,0,0,0,1,1,6,6,3,-1,-1,1968,2,15,VOLKSWAGEN GOLF,-1,-1,0,-1
2021010318128,2021,010318128,1,9,0,7,7,7,2,0,0,1,0,0,0,0,1,1,6,6,2,31,6,1395,1,6,VOLKSWAGEN GOLF,-1,-1,0,-1
2021041026172,2021,041026172,1,9,0,18,19,5,1,0,0,1,0,0,0,0,2,1,6,6,3,-1,-1,1968,2,4,VOLKSWAGEN GOLF,-1,-1,0,-1
202134WNC2941,2021,34WNC2941,2,9,0,13,13,3,7,0,0,1,1,0,0,0,4,1,6,6,1,40,7,1598,2,10,VOLKSWAGEN GOLF,8,E01027089,0,-1
2021101077117,2021,101077117,1,9,0,5,5,3,7,0,0,4,0,0,0,0,1,1,5,6,1,19,4,1598,2,8,VOLKSWAGEN GOLF,3,E01008318,0,-1
2021201106489,2021,201106489,1,9,0,18,19,2,6,0,0,0,0,0,0,0,1,1,6,6,1,20,4,1598,2,12,VOLKSWAGEN GOLF,1,E01009514,0,-1
2021041194456,2021,041194456,1,9,0,18,19,1,7,0,0,8,0,0,0,0,1,1,5,6,1,34,6,1598,2,11,VOLKSWAGEN GOLF,6,E01025587,0,-1
2021010332191,2021,010332191,2,9,0,99,99,9,9,99,99,9,9,99,9,99,1,9,6,6,3,-1,-1,2792,1,25,VOLKSWAGEN GOLF,4,E01003333,0,-1
202134WNC4411,2021,34WNC4411,2,9,0,18,19,3,7,0,0,8,0,0,0,0,1,1,6,6,1,49,8,-1,3,2,VOLKSWAGEN GOLF,10,E01025800,0,-1
2021010342880,2021,010342880,2,9,0,4,4,8,4,0,0,1,0,0,0,0,2,1,6,6,1,23,5,1395,1,9,VOLKSWAGEN GOLF,1,E01002093,0,-1
2021131115851,2021,131115851,1,9,0,18,19,5,1,0,0,1,0,0,0,0,1,1,2,2,2,56,9,1968,2,8,VOLKSWAGEN GOLF,10,E01011173,0,-1
2021461106081,2021,461106081,1,9,0,9,9,5,1,0,0,1,0,0,0,0,1,1,5,6,1,21,5,1968,2,12,VOLKSWAGEN GOLF,3,E01024372,0,-1
2021010342367,2021,010342367,7,9,0,2,2,0,0,0,0,1,0,0,0,0,4,1,6,6,3,-1,-1,1395,8,4,VOLKSWAGEN GOLF,-1,-1,0,-1
2021201137069,2021,201137069,1,9,0,18,19,8,4,0,0,8,0,0,0,0,1,1,6,6,2,53,8,1896,2,13,VOLKSWAGEN GOLF,2,E01009487,0,-1
2021010308732,2021,010308732,2,9,0,99,99,9,9,99,99,0,9,99,9,99,1,9,6,6,3,-1,-1,1395,1,6,VOLKSWAGEN GOLF,-1,-1,0,-1
2021201051378,2021,201051378,1,9,0,18,19,4,8,0,0,0,0,0,0,0,2,1,1,1,1,28,6,1900,2,15,VOLKSWAGEN GOLF,1,E01010235,0,-1
2021411042161,2021,411042161,1,9,0,18,19,6,2,0,0,0,0,0,0,0,1,1,6,6,1,32,6,1390,1,11,VOLKSWAGEN GOLF,4,E01023538,0,-1
2021041032433,2021,041032433,1,9,0,18,19,1,5,0,0,4,0,7,5,6,1,1,6,6,3,-1,-1,1968,2,13,VOLKSWAGEN GOLF,-1,-1,0,-1
2021522104923,2021,522104923,1,9,0,18,19,6,2,0,0,3,0,0,0,0,4,1,6,6,1,51,8,1968,2,11,VOLKSWAGEN GOLF,6,E01014952,0,-1
2021141061790,2021,141061790,2,9,0,18,19,-1,7,0,0,8,0,0,0,0,-1,1,6,6,2,41,7,1598,2,9,VOLKSWAGEN GOLF,5,E01006160,0,-1
2021010299868,2021,010299868,2,9,0,99,99,9,9,0,0,9,9,99,9,99,1,9,6,6,3,-1,-1,1984,1,5,VOLKSWAGEN GOLF,2,E01000785,0,-1
2021430332319,2021,430332319,1,9,0,18,19,8,4,0,0,1,0,0,0,0,3,1,6,6,2,36,7,1968,2,4,VOLKSWAGEN GOLF,8,E01016610,0,-1
2021101094494,2021,101094494,2,9,0,2,2,0,0,0,0,0,0,0,0,0,1,1,5,6,2,23,5,1390,1,11,VOLKSWAGEN GOLF,4,E01008583,0,-1
2021371031459,2021,371031459,1,9,0,-1,-1,-1,-1,-1,-1,-1,-1,-1,-1,0,-1,1,6,6,2,17,4,1598,2,10,VOLKSWAGEN GOLF,5,E01030176,0,-1
2021138260008,2021,138260008,2,9,0,6,6,5,1,0,0,1,0,0,0,0,3,1,6,6,1,50,8,1598,2,11,VOLKSWAGEN GOLF,4,E01010637,0,-1
2021010290413,2021,010290413,2,9,0,5,5,3,7,0,0,1,0,0,0,0,1,1,6,6,1,66,10,1968,2,13,VOLKSWAGEN GOLF,2,E01003557,0,-1
2021320496651,2021,320496651,1,9,0,18,19,2,6,0,0,0,0,0,0,0,1,1,2,2,1,21,5,1968,2,14,VOLKSWAGEN GOLF,5,E01026243,0,-1
2021361042183,2021,361042183,1,9,0,18,19,1,5,0,0,1,0,0,1,0,1,1,5,6,1,31,6,1968,2,6,VOLKSWAGEN GOLF,10,E01026305,0,-1
2021010338086,2021,010338086,2,9,0,99,99,9,9,99,99,9,9,99,9,99,9,9,6,6,3,-1,-1,1984,1,7,VOLKSWAGEN GOLF,8,E01021436,0,-1
2021010291784,2021,010291784,1,9,0,99,99,9,9,99,99,9,9,99,9,99,1,9,6,6,1,22,5,1984,1,9,VOLKSWAGEN GOLF,2,E01002096,0,-1
2021461076130,2021,461076130,2,9,0,3,3,1,5,0,0,0,0,0,0,0,2,1,6,6,1,43,7,1598,2,10,VOLKSWAGEN GOLF,7,E01016170,0,-1
2021041019801,2021,041019801,1,9,0,16,19,3,7,0,0,8,0,0,0,0,1,1,6,6,1,23,5,1598,2,6,VOLKSWAGEN GOLF,8,E01012611,0,-1
2021320186014,2021,320186014,1,9,0,18,19,6,2,0,0,4,0,0,0,0,1,1,6,6,1,31,6,1896,2,15,VOLKSWAGEN GOLF,4,E01026019,0,-1
2021161026518,2021,161026518,1,9,0,3,3,8,4,0,0,1,0,0,0,0,2,1,6,6,2,22,5,1984,1,5,VOLKSWAGEN GOLF,1,E01012837,0,-1
2021010314741,2021,010314741,2,9,0,11,11,7,3,0,0,0,0,0,0,0,4,1,6,6,1,21,5,1390,1,14,VOLKSWAGEN GOLF,5,E01002501,0,-1
2021543122021,2021,543122021,2,9,0,9,9,1,5,0,0,1,0,0,0,0,3,1,6,6,1,41,7,1498,1,2,VOLKSWAGEN GOLF,6,E01015478,0,-1
2021131081371,2021,131081371,3,9,0,18,19,7,3,0,0,0,0,0,0,0,2,1,5,6,1,25,5,1600,2,11,VOLKSWAGEN GOLF,2,E01011236,0,-1
2021501063789,2021,501063789,1,9,0,18,19,5,1,0,0,0,1,0,1,0,3,1,5,6,1,26,6,1968,2,12,VOLKSWAGEN GOLF,4,E01019012,0,-1
2021010318819,2021,010318819,2,9,0,99,99,9,9,99,99,9,9,99,9,99,1,9,6,6,3,51,8,1390,1,13,VOLKSWAGEN GOLF,2,E01004615,0,-1
2021101045463,2021,101045463,2,9,0,7,7,3,5,0,0,2,0,0,0,0,1,1,5,6,2,22,5,1498,1,2,VOLKSWAGEN GOLF,8,E01033717,0,-1
2021141064678,2021,141064678,1,9,0,4,4,8,4,0,0,0,0,0,0,0,1,1,6,6,1,27,6,1984,1,7,VOLKSWAGEN GOLF,2,E01008057,0,-1
2021411055995,2021,411055995,1,9,0,4,4,7,3,0,0,1,0,0,0,0,2,1,5,6,1,42,7,1968,2,2,VOLKSWAGEN GOLF,9,E01023833,0,-1
2021471090170,2021,471090170,1,9,0,5,5,5,1,0,0,8,0,0,0,0,1,1,6,6,2,-1,-1,1390,1,14,VOLKSWAGEN GOLF,8,E01016931,0,-1
2021201125716,2021,201125716,2,9,0,9,9,6,2,0,0,0,0,0,0,0,4,1,2,2,1,33,6,1598,2,8,VOLKSWAGEN GOLF,1,E01009951,0,-1
2021371083507,2021,371083507,1,9,0,16,19,2,5,0,0,1,0,0,7,10,1,1,5,6,1,87,11,1968,2,12,VOLKSWAGEN GOLF,7,E01029901,0,-1
2021010306004,2021,010306004,1,9,0,99,99,9,9,99,99,9,9,99,9,99,9,9,6,6,2,58,9,1598,1,14,VOLKSWAGEN GOLF,3,E01000128,0,-1
2021201021599,2021,201021599,2,9,0,9,9,4,2,0,0,5,0,0,0,0,1,1,2,2,1,24,5,1968,2,13,VOLKSWAGEN GOLF,1,E01010453,0,-1
2021522101654,2021,522101654,2,9,0,2,2,0,0,0,0,2,0,0,0,0,2,1,6,6,1,30,6,1968,2,12,VOLKSWAGEN GOLF,9,E01014943,0,-1
2021131052696,2021,131052696,2,9,0,11,11,2,2,0,0,0,0,0,0,0,4,1,6,6,1,23,5,1390,1,10,VOLKSWAGEN GOLF,1,E01011429,0,-1
2021052101374,2021,052101374,2,9,0,18,19,6,2,0,0,8,0,10,0,0,4,1,6,6,1,69,10,1598,2,2,VOLKSWAGEN GOLF,1,E01007296,0,-1
2021401058673,2021,401058673,1,9,0,18,19,6,2,0,0,0,0,0,0,0,0,1,6,6,2,26,6,1896,2,14,VOLKSWAGEN GOLF,8,E01017583,0,-1
2021522100266,2021,522100266,1,9,0,18,19,1,5,0,0,0,0,0,0,0,1,1,6,6,2,-1,-1,1390,1,9,VOLKSWAGEN GOLF,-1,-1,0,-1
2021010293502,2021,010293502,1,9,0,99,99,9,9,99,99,9,9,99,9,99,1,9,6,6,1,21,5,999,1,2,VOLKSWAGEN GOLF,4,E01000612,0,-1
2021010296142,2021,010296142,2,9,0,2,2,0,0,6,6,0,0,0,0,0,3,1,6,6,3,-1,-1,1598,1,18,VOLKSWAGEN GOLF,-1,-1,0,-1
2021201060648,2021,201060648,2,9,0,3,3,7,3,9,9,8,0,0,0,0,1,1,1,1,1,34,6,1598,2,9,VOLKSWAGEN GOLF,3,E01009763,0,-1
202134WNC0281,2021,34WNC0281,1,9,0,18,19,7,1,0,0,0,0,0,0,0,4,1,6,6,1,23,5,1390,1,12,VOLKSWAGEN GOLF,9,E01027018,0,-1
202131D069421,2021,31D069421,2,9,0,18,19,5,1,0,0,0,0,0,0,0,1,1,2,2,1,36,7,1900,2,15,VOLKSWAGEN GOLF,4,E01013939,0,-1
2021471126850,2021,471126850,1,9,0,1,1,1,5,0,0,0,0,0,0,0,2,1,6,6,1,-1,-1,1900,2,15,VOLKSWAGEN GOLF,-1,-1,0,-1
2021430543566,2021,430543566,2,9,0,4,4,5,1,0,0,4,0,0,0,0,2,1,2,2,2,48,8,1781,1,27,VOLKSWAGEN GOLF,9,E01017895,0,-1
2021052100791,2021,052100791,2,9,0,3,3,3,7,0,0,0,0,0,0,0,2,1,6,6,2,27,6,1896,2,19,VOLKSWAGEN GOLF,2,E01006713,0,-1
2021471040291,2021,471040291,1,9,0,18,19,1,5,0,0,4,0,0,1,7,1,1,2,2,1,46,8,1968,2,11,VOLKSWAGEN GOLF,7,E01020938,0,-1
2021010290623,2021,010290623,1,9,0,17,19,5,1,0,0,1,0,7,0,0,1,1,6,6,1,17,4,1498,1,1,VOLKSWAGEN GOLF,1,E01032512,0,-1
2021320739184,2021,320739184,1,9,0,9,9,6,4,0,0,5,0,0,0,0,1,1,6,6,1,39,7,1896,2,13,VOLKSWAGEN GOLF,6,E01026380,0,-1
2021320112955,2021,320112955,1,9,0,9,9,3,1,0,0,8,0,0,0,0,1,1,3,7,1,43,7,999,1,2,VOLKSWAGEN GOLF,3,E01026024,0,-1
2021010325246,2021,010325246,1,9,0,99,99,9,9,99,99,9,9,99,9,99,2,9,2,2,1,27,6,1390,1,14,VOLKSWAGEN GOLF,4,E01000307,0,-1
2021061026930,2021,061026930,1,9,0,18,19,1,5,0,0,1,0,0,0,0,3,1,6,6,2,27,6,1598,2,6,VOLKSWAGEN GOLF,1,E01005448,0,-1
2021141112767,2021,141112767,2,9,0,18,19,7,3,0,0,0,0,0,0,0,1,1,6,6,2,47,8,1968,2,9,VOLKSWAGEN GOLF,7,E01007523,0,-1
2021440081158,2021,440081158,1,9,0,3,3,6,2,0,0,4,0,0,0,0,2,1,6,6,2,35,6,1598,2,11,VOLKSWAGEN GOLF,7,E01023066,0,-1
2021991065033,2021,991065033,2,9,0,18,19,3,7,0,0,1,0,0,0,0,1,1,6,6,1,30,6,1395,1,4,VOLKSWAGEN GOLF,8,-1,0,-1
2021622100479,2021,622100479,3,9,0,18,19,8,4,0,0,3,0,0,0,0,0,1,6,6,2,53,8,1968,2,2,VOLKSWAGEN GOLF,2,W01001385,0,-1
2021351124534,2021,351124534,4,9,0,18,19,2,6,0,0,0,0,0,0,0,1,1,6,6,1,30,6,1968,2,13,VOLKSWAGEN GOLF,2,E01026689,0,-1
2021421036515,2021,421036515,3,9,0,3,3,1,5,0,0,0,0,0,0,0,2,1,5,6,1,50,8,2000,1,15,VOLKSWAGEN GOLF,-1,-1,0,-1
2021411027008,2021,411027008,1,9,0,18,19,-1,-1,0,0,0,-1,-1,0,0,-1,1,6,6,1,26,6,1984,1,3,VOLKSWAGEN GOLF,8,E01023528,0,-1
2021041039200,2021,041039200,1,9,0,9,9,1,7,0,0,8,0,0,0,0,1,1,5,6,1,36,7,1390,1,18,VOLKSWAGEN GOLF,3,E01012617,0,-1
2021201077605,2021,201077605,1,9,0,18,19,6,2,0,0,0,0,0,0,0,3,1,1,1,2,61,9,1395,1,4,VOLKSWAGEN GOLF,10,E01033061,0,-1
2021430379105,2021,430379105,1,9,0,18,19,2,6,0,0,5,0,0,1,7,4,1,6,6,2,32,6,1595,1,21,VOLKSWAGEN GOLF,3,E01002401,0,-1
2021471100920,2021,471100920,1,9,0,18,19,4,8,0,0,0,0,0,7,4,1,1,5,6,1,22,5,1395,1,4,VOLKSWAGEN GOLF,2,E01020990,0,-1
2021041077087,2021,041077087,1,9,0,9,9,5,1,0,0,3,0,0,0,0,1,1,5,6,2,46,8,1900,2,15,VOLKSWAGEN GOLF,7,E01006883,0,-1
2021501133768,2021,501133768,1,9,0,16,19,5,1,0,0,0,1,0,0,0,1,1,5,6,1,17,4,1896,2,14,VOLKSWAGEN GOLF,4,E01018916,0,-1
2021461122025,2021,461122025,1,9,0,18,19,1,5,0,0,0,5,0,2,0,4,1,6,6,1,20,4,2000,1,14,VOLKSWAGEN GOLF,10,E01024326,0,-1
2021440271661,2021,440271661,1,9,0,9,9,5,3,0,0,8,0,0,0,0,3,1,6,6,1,47,8,1395,1,5,VOLKSWAGEN GOLF,10,E01003401,0,-1
2021401014445,2021,401014445,1,9,0,18,19,2,6,0,0,0,1,0,0,0,1,1,6,6,1,73,10,1900,2,16,VOLKSWAGEN GOLF,10,E01017452,0,-1
2021991084022,2021,991084022,1,9,0,18,19,2,6,0,0,0,0,0,0,0,1,1,5,6,2,29,6,1598,2,7,VOLKSWAGEN GOLF,9,-1,0,-1
2021211046615,2021,211046615,2,9,0,4,4,2,5,0,0,8,0,0,0,0,2,1,3,7,2,37,7,1598,2,8,VOLKSWAGEN GOLF,10,E01029868,0,-1
2021010303757,2021,010303757,2,9,0,18,19,4,8,0,0,1,0,0,0,0,1,1,1,1,2,31,6,1498,8,1,VOLKSWAGEN GOLF,2,E01004567,0,-1
2021131069786,2021,131069786,1,9,0,17,19,2,6,0,0,0,1,0,8,11,3,1,6,6,1,44,7,1896,2,12,VOLKSWAGEN GOLF,8,E01007418,0,-1
2021010318386,2021,010318386,1,9,0,99,99,9,9,99,99,9,9,99,9,99,2,9,6,6,1,50,8,1984,1,2,VOLKSWAGEN GOLF,6,E01000726,0,-1
2021141103844,2021,141103844,2,9,0,4,4,3,6,0,0,0,0,0,0,0,1,1,1,1,1,22,5,1896,2,13,VOLKSWAGEN GOLF,6,E01028050,0,-1
2021440337963,2021,440337963,1,9,0,4,4,3,7,0,0,1,0,0,0,0,1,1,6,6,2,37,7,1896,2,14,VOLKSWAGEN GOLF,9,E01023152,0,-1
2021131072212,2021,131072212,1,9,0,7,7,1,5,0,0,0,0,0,0,0,3,1,5,6,2,52,8,1984,1,2,VOLKSWAGEN GOLF,2,E01011025,0,-1
2021440480131,2021,440480131,1,9,0,18,19,6,2,0,0,1,0,0,0,0,1,1,1,1,1,47,8,1595,1,21,VOLKSWAGEN GOLF,3,E01017111,0,-1
2021010324501,2021,010324501,1,9,0,1,1,5,1,9,9,0,0,0,0,0,2,1,6,6,1,82,11,1395,1,8,VOLKSWAGEN GOLF,4,E01004765,0,-1
2021010334284,2021,010334284,1,9,0,99,99,9,9,99,99,0,9,99,9,99,9,9,6,6,2,51,8,1395,1,5,VOLKSWAGEN GOLF,6,E01003107,0,-1
202134NNC2111,2021,34NNC2111,1,9,0,18,19,7,3,0,0,0,0,11,0,0,1,1,2,2,2,26,6,2000,2,15,VOLKSWAGEN GOLF,8,E01027097,0,-1
2021461051617,2021,461051617,2,9,0,18,19,5,1,0,0,0,0,0,7,0,4,1,6,6,1,53,8,1968,2,10,VOLKSWAGEN GOLF,7,E01024355,0,-1
2021301127723,2021,301127723,3,9,0,18,19,5,1,0,0,0,1,0,0,0,3,1,5,6,2,36,7,1968,2,3,VOLKSWAGEN GOLF,8,E01019806,0,-1