collision_index,collision_year,collision_ref_no,vehicle_reference,vehicle_type,towing_and_articulation,vehicle_manoeuvre_historic,vehicle_manoeuvre,vehicle_direction_from,vehicle_direction_to,vehicle_location_restricted_lane_historic,vehicle_location_restricted_lane,junction_location,skidding_and_overturning,hit_object_in_carriageway,vehicle_leaving_carriageway,hit_object_off_carriageway,first_point_of_impact,vehicle_left_hand_drive,journey_purpose_of_driver_historic,journey_purpose_of_driver,sex_of_driver,age_of_driver,age_band_of_driver,engine_capacity_cc,propulsion_code,age_of_vehicle,generic_make_model,driver_imd_decile,lsoa_of_driver,escooter_flag,driver_distance_banding
2021010289585,2021,010289585,4,9,0,18,19,5,1,0,0,0,0,0,0,0,1,1,6,6,1,21,5,1968,2,4,VOLKSWAGEN GOLF,3,E01003733,0,-1
2021544885721,2021,544885721,1,9,0,16,19,5,1,0,0,0,0,10,1,0,1,1,1,1,1,27,6,1498,1,0,VOLKSWAGEN GOLF,-1,-1,0,-1
2021501062176,2021,501062176,1,9,0,9,9,5,3,0,0,0,0,0,0,0,1,1,5,6,2,22,5,1600,2,12,VOLKSWAGEN GOLF,5,E01018834,0,-1
2021061100673,2021,061100673,2,9,0,18,19,2,6,0,0,8,0,0,0,0,1,1,6,6,3,30,6,1900,2,15,VOLKSWAGEN GOLF,-1,-1,0,-1
2021010320840,2021,010320840,1,9,0,9,9,7,5,0,0,6,0,0,0,0,1,1,6,6,1,36,7,1896,2,13,VOLKSWAGEN GOLF,-1,-1,0,-1
2021010331086,2021,010331086,2,9,0,18,19,5,1,0,0,6,0,0,0,0,1,1,6,6,1,52,8,1598,1,16,VOLKSWAGEN GOLF,4,E01000997,0,-1
2021552200063,2021,552200063,1,9,0,9,9,8,4,0,0,5,0,0,0,0,4,1,6,6,1,47,8,1968,2,15,VOLKSWAGEN GOLF,3,E01015285,0,-1
2021991062397,2021,991062397,1,9,0,1,1,4,7,0,0,1,0,0,2,0,2,1,6,6,1,84,11,1498,1,2,VOLKSWAGEN GOLF,6,-1,0,-1
2021451087849,2021,451087849,1,9,0,18,19,2,6,0,0,0,0,0,1,4,1,1,5,6,1,21,5,1984,1,2,VOLKSWAGEN GOLF,8,E01002915,0,-1
2021061084210,2021,061084210,2,9,0,3,3,1,5,0,0,0,0,0,0,0,2,1,1,1,1,22,5,1598,2,2,VOLKSWAGEN GOLF,-1,-1,0,-1
2021131085082,2021,131085082,1,9,0,9,9,5,3,0,0,6,0,0,0,0,1,1,5,6,1,39,7,1598,2,11,VOLKSWAGEN GOLF,3,E01028011,0,-1
2021461055773,2021,461055773,1,9,0,18,19,4,8,0,0,1,0,0,0,0,1,1,6,6,1,30,6,1896,2,14,VOLKSWAGEN GOLF,7,E01024058,0,-1
2021131035296,2021,131035296,2,9,0,7,7,2,4,0,0,8,0,0,0,0,1,1,5,6,1,17,4,1968,2,10,VOLKSWAGEN GOLF,1,E01010838,0,-1
2021531024768,2021,531024768,1,9,0,18,19,5,6,0,0,0,0,0,0,0,4,1,5,6,2,64,9,1390,1,9,VOLKSWAGEN GOLF,9,E01022108,0,-1
20211383A0819,2021,1383A0819,3,9,0,4,4,3,7,0,0,7,0,0,0,0,2,1,6,6,2,21,5,1395,1,8,VOLKSWAGEN GOLF,7,E01011744,0,-1
2021451104423,2021,451104423,1,9,0,18,19,1,5,0,0,1,0,0,7,4,1,1,5,6,2,20,4,1395,1,8,VOLKSWAGEN GOLF,10,E01030606,0,-1
202163D053421,2021,63D053421,1,9,0,18,19,5,1,0,0,6,1,0,3,10,1,1,6,6,1,22,5,1598,2,7,VOLKSWAGEN GOLF,9,W01000440,0,-1
2021010312311,2021,010312311,1,9,0,99,99,9,9,99,99,9,9,99,9,99,2,9,6,6,1,37,7,1390,1,12,VOLKSWAGEN GOLF,2,E01004287,0,-1
2021430252492,2021,430252492,1,9,0,13,13,6,2,0,0,0,0,0,0,0,1,1,6,6,1,32,6,1395,1,8,VOLKSWAGEN GOLF,7,E01001307,0,-1
2021552200119,2021,552200119,2,9,0,18,19,8,4,0,0,8,0,0,0,0,2,1,6,6,2,19,4,1598,1,14,VOLKSWAGEN GOLF,8,E01020495,0,-1
2021522104932,2021,522104932,1,9,0,9,9,6,4,0,0,5,0,0,0,0,1,1,6,6,1,42,7,1896,2,14,VOLKSWAGEN GOLF,8,E01029126,0,-1
2021544969821,2021,544969821,4,9,0,2,2,0,0,0,0,0,0,0,0,0,4,1,6,6,1,40,7,1598,2,9,VOLKSWAGEN GOLF,10,E01032045,0,-1
2021221096816,2021,221096816,5,9,0,18,19,1,5,0,0,0,0,0,0,0,1,1,5,6,2,51,8,1600,2,12,VOLKSWAGEN GOLF,5,E01014026,0,-1
2021052100066,2021,052100066,4,9,0,18,19,8,4,0,0,2,0,0,0,0,0,1,6,6,3,-1,-1,1984,1,6,VOLKSWAGEN GOLF,-1,-1,0,-1
2021131079633,2021,131079633,2,9,0,18,19,3,7,0,0,8,0,0,0,0,1,1,6,6,1,27,6,1968,2,10,VOLKSWAGEN GOLF,10,E01027725,0,-1
2021010307457,2021,010307457,1,9,0,6,6,1,1,0,0,1,0,0,0,0,3,1,6,6,2,38,7,1390,1,16,VOLKSWAGEN GOLF,6,E01000795,0,-1
2021371025122,2021,371025122,1,9,0,18,19,6,2,0,0,0,0,0,0,0,3,1,6,6,1,73,10,1395,1,7,VOLKSWAGEN GOLF,6,E01030273,0,-1
2021122101232,2021,122101232,1,9,0,11,11,3,7,0,0,7,0,0,1,11,4,1,6,6,1,38,7,1896,2,18,VOLKSWAGEN GOLF,5,E01027829,0,-1
2021010313877,2021,010313877,6,9,0,2,2,0,0,9,9,0,1,0,0,0,2,1,6,6,3,-1,-1,1598,2,2,VOLKSWAGEN GOLF,-1,-1,0,-1
2021461070935,2021,461070935,1,9,0,9,9,3,4,0,0,0,0,0,0,0,4,1,1,1,2,38,7,1968,2,11,VOLKSWAGEN GOLF,7,E01024318,0,-1
2021302100778,2021,302100778,1,9,0,4,4,6,2,0,0,0,0,0,0,0,1,2,6,6,1,40,7,2000,1,15,VOLKSWAGEN GOLF,4,E01019499,0,-1
2021552101227,2021,552101227,2,9,0,3,3,3,7,0,0,1,0,0,0,0,2,1,6,6,1,46,8,1781,1,21,VOLKSWAGEN GOLF,4,E01032645,0,-1
2021421069527,2021,421069527,1,9,0,6,6,4,8,0,0,0,5,0,0,0,4,1,5,6,2,64,9,1395,1,4,VOLKSWAGEN GOLF,5,E01021415,0,-1
2021010337674,2021,010337674,2,9,0,5,5,3,7,0,0,8,0,0,0,0,1,1,6,6,1,50,8,1498,1,2,VOLKSWAGEN GOLF,9,E01017759,0,-1
2021010318550,2021,010318550,2,9,0,9,9,4,2,0,0,1,0,0,0,0,3,2,6,6,1,23,5,1395,1,6,VOLKSWAGEN GOLF,6,E01003038,0,-1
2021010330469,2021,010330469,1,9,0,18,19,3,7,0,0,6,0,0,0,0,1,1,6,6,1,25,5,1984,1,5,VOLKSWAGEN GOLF,5,E01000036,0,-1
2021170H10301,2021,170H10301,1,9,0,18,19,7,3,0,0,0,0,0,0,0,1,1,6,6,1,19,4,1598,2,4,VOLKSWAGEN GOLF,9,E01011983,0,-1
2021471025525,2021,471025525,2,9,0,18,19,3,7,0,0,1,1,0,1,0,2,1,5,6,2,61,9,1395,1,4,VOLKSWAGEN GOLF,10,E01023265,0,-1
2021111093451,2021,111093451,1,9,0,18,19,7,3,0,0,0,0,0,0,0,1,1,5,6,1,27,6,1896,2,18,VOLKSWAGEN GOLF,3,E01020662,0,-1
2021522105500,2021,522105500,1,9,0,16,19,5,8,0,0,8,0,0,0,0,1,1,6,6,1,25,5,1896,2,16,VOLKSWAGEN GOLF,4,E01014946,0,-1
202131B123621,2021,31B123621,1,9,0,4,4,7,3,0,0,1,0,0,0,0,2,1,6,6,2,26,6,1900,2,17,VOLKSWAGEN GOLF,2,E01028319,0,-1
2021231076213,2021,231076213,2,9,0,18,19,4,8,0,0,8,0,0,1,0,1,1,2,2,2,42,7,1395,1,8,VOLKSWAGEN GOLF,7,E01031212,0,-1
2021531070208,2021,531070208,1,9,0,18,19,7,3,0,0,0,0,0,0,0,2,1,5,6,1,66,10,2000,2,17,VOLKSWAGEN GOLF,6,E01022445,0,-1
2021131084009,2021,131084009,1,9,0,18,19,2,6,0,0,1,0,0,0,0,1,1,6,6,3,-1,-1,1968,2,7,VOLKSWAGEN GOLF,-1,-1,0,-1
2021991056693,2021,991056693,2,9,0,2,2,8,4,0,0,0,0,0,0,0,2,1,5,6,1,43,7,1395,8,4,VOLKSWAGEN GOLF,9,E01029466,0,-1
2021471082839,2021,471082839,1,9,0,13,13,6,2,0,0,0,5,0,0,0,4,1,5,6,1,20,4,1984,1,4,VOLKSWAGEN GOLF,10,E01031744,0,-1
2021010343283,2021,010343283,1,9,0,99,99,9,9,99,99,9,9,99,9,99,2,9,6,6,2,-1,-1,1598,2,6,VOLKSWAGEN GOLF,5,E01032734,0,-1
2021010314223,2021,010314223,1,9,0,99,99,9,9,99,99,9,9,99,9,99,1,9,2,2,1,46,8,1395,1,6,VOLKSWAGEN GOLF,7,E01002220,0,-1
2021451060890,2021,451060890,1,9,0,9,9,3,7,0,0,8,0,0,1,1,4,1,2,2,1,61,9,1395,1,6,VOLKSWAGEN GOLF,6,E01017809,0,-1
2021010320136,2021,010320136,1,9,0,7,7,7,1,0,0,3,0,7,0,0,1,1,6,6,1,20,4,1390,1,14,VOLKSWAGEN GOLF,2,E01004284,0,-1
2021041086767,2021,041086767,1,9,0,18,19,1,5,0,0,1,0,0,0,0,1,1,5,6,2,18,4,1598,2,12,VOLKSWAGEN GOLF,8,E01025375,0,-1
2021991106840,2021,991106840,1,9,0,18,19,3,7,0,0,0,0,0,0,0,1,1,2,2,2,60,9,1598,2,7,VOLKSWAGEN GOLF,7,-1,0,-1
2021010324723,2021,010324723,2,9,0,18,19,1,5,0,0,8,1,0,0,0,1,1,2,2,1,52,8,1968,2,12,VOLKSWAGEN GOLF,2,E01003832,0,-1
2021041062515,2021,041062515,1,9,0,7,7,1,5,0,0,8,1,0,0,0,1,1,6,6,3,-1,-1,2000,2,16,VOLKSWAGEN GOLF,-1,-1,0,-1
2021991112317,2021,991112317,1,9,0,18,19,8,4,0,0,2,0,0,1,5,1,1,6,6,1,19,4,1498,1,2,VOLKSWAGEN GOLF,7,-1,0,-1
2021010317050,2021,010317050,1,9,0,18,19,7,3,0,0,8,0,0,0,0,1,1,6,6,1,27,6,1984,1,6,VOLKSWAGEN GOLF,9,E01001453,0,-1
2021401128160,2021,401128160,3,9,0,18,19,1,5,0,0,8,0,0,0,0,0,1,2,2,1,20,4,1598,2,11,VOLKSWAGEN GOLF,3,E01015788,0,-1
2021010325885,2021,010325885,1,9,0,99,99,9,9,99,99,0,9,99,9,99,2,9,6,6,1,29,6,1390,1,11,VOLKSWAGEN GOLF,2,E01004306,0,-1
202163D055821,2021,63D055821,1,9,0,16,19,6,1,0,0,0,0,0,0,0,1,1,6,6,1,22,5,999,1,3,VOLKSWAGEN GOLF,8,W01000429,0,-1
2021371020728,2021,371020728,2,9,0,17,19,4,1,0,0,0,0,0,0,0,3,1,6,6,2,58,9,1900,2,16,VOLKSWAGEN GOLF,5,E01030199,0,-1
2021010347331,2021,010347331,2,9,0,99,99,9,9,99,99,9,9,99,9,99,1,9,6,6,3,-1,-1,1968,2,5,VOLKSWAGEN GOLF,3,E01032743,0,-1
2021201138296,2021,201138296,1,9,0,7,7,8,2,0,0,3,0,0,0,0,4,1,2,2,1,41,7,3200,1,14,VOLKSWAGEN GOLF,4,E01021674,0,-1
2021371039960,2021,371039960,1,9,0,9,9,8,4,0,0,1,0,0,0,0,1,1,5,6,2,57,9,1900,2,23,VOLKSWAGEN GOLF,10,E01030158,0,-1
2021451052400,2021,451052400,1,9,0,14,14,3,7,0,0,8,0,0,0,0,1,1,5,6,1,55,8,1598,1,18,VOLKSWAGEN GOLF,10,E01030797,0,-1
2021221020879,2021,221020879,1,9,0,4,4,3,7,0,0,1,0,0,0,0,1,1,5,6,2,23,5,1968,2,12,VOLKSWAGEN GOLF,4,E01022568,0,-1
2021052102738,2021,052102738,1,9,0,12,12,3,7,0,0,2,0,0,0,0,1,1,6,6,1,21,5,1900,2,16,VOLKSWAGEN GOLF,1,E01006556,0,-1
2021371086187,2021,371086187,1,9,0,18,19,6,3,0,0,0,0,0,1,6,4,1,5,6,1,22,5,2000,2,16,VOLKSWAGEN GOLF,6,E01032612,0,-1
2021302100545,2021,302100545,2,9,0,18,19,2,8,0,0,8,0,0,0,0,0,1,6,6,1,69,10,1390,1,14,VOLKSWAGEN GOLF,4,E01019824,0,-1
2021131098831,2021,131098831,1,9,0,2,2,0,0,0,0,0,0,0,0,0,2,1,6,6,3,-1,-1,1598,2,8,VOLKSWAGEN GOLF,-1,-1,0,-1
2021991162911,2021,991162911,2,9,0,18,19,1,5,0,0,0,0,0,0,0,2,1,5,6,2,30,6,1900,2,14,VOLKSWAGEN GOLF,2,-1,0,-1
2021351075828,2021,351075828,2,9,0,4,4,-1,-1,0,0,1,0,0,0,0,2,1,6,6,2,49,8,2000,2,16,VOLKSWAGEN GOLF,10,E01018234,0,-1
2021010328594,2021,010328594,3,9,0,2,2,0,0,0,0,1,0,0,0,0,0,1,6,6,3,-1,-1,1390,1,9,VOLKSWAGEN GOLF,-1,-1,0,-1
2021010312986,2021,010312986,1,9,0,18,19,3,7,0,0,8,0,0,0,0,0,1,6,6,2,48,8,1395,8,3,VOLKSWAGEN GOLF,9,E01030712,0,-1
2021401159980,2021,401159980,1,9,0,4,4,6,2,0,0,8,0,0,0,0,1,1,5,6,1,29,6,1984,1,4,VOLKSWAGEN GOLF,8,E01017411,0,-1
2021010332463,2021,010332463,2,9,0,9,9,1,6,0,0,8,0,0,0,0,1,1,6,6,3,31,6,1498,1,1,VOLKSWAGEN GOLF,5,E01003703,0,-1
2021430389758,2021,430389758,1,9,0,18,19,7,3,0,0,4,1,0,0,0,1,1,6,6,1,48,8,1896,2,14,VOLKSWAGEN GOLF,5,E01016488,0,-1
2021351085216,2021,351085216,2,9,0,18,19,3,7,0,0,1,0,0,0,0,4,1,6,6,1,19,4,1896,2,18,VOLKSWAGEN GOLF,3,E01018081,0,-1
2021320536267,2021,320536267,2,9,0,17,19,6,2,0,0,1,0,0,1,2,4,1,6,6,1,39,7,1984,1,7,VOLKSWAGEN GOLF,2,E01018068,0,-1
2021061048030,2021,061048030,1,9,0,18,19,7,3,0,0,0,0,0,0,0,1,1,6,6,2,42,7,1968,2,7,VOLKSWAGEN GOLF,-1,-1,0,-1
2021141013784,2021,141013784,2,9,0,18,19,8,4,0,0,1,0,0,0,0,1,1,2,2,1,30,6,2000,2,16,VOLKSWAGEN GOLF,1,E01007461,0,-1
2021061059218,2021,061059218,3,9,0,18,19,2,6,0,0,1,0,0,0,0,1,1,6,6,3,30,6,2000,1,16,VOLKSWAGEN GOLF,-1,-1,0,-1
2021991071334,2021,991071334,2,9,0,3,3,4,8,0,0,0,0,0,0,0,2,1,5,6,1,32,6,1598,2,5,VOLKSWAGEN GOLF,2,-1,0,-1
2021061143658,2021,061143658,1,9,0,18,19,1,7,0,0,8,0,0,0,0,1,1,2,2,1,22,5,1598,2,6,VOLKSWAGEN GOLF,3,E01006341,0,-1
2021010293000,2021,010293000,1,9,0,18,19,7,3,0,0,1,0,0,0,0,1,1,6,6,1,30,6,1390,1,16,VOLKSWAGEN GOLF,3,E01000545,0,-1
2021501086105,2021,501086105,1,9,0,17,19,3,7,0,0,1,1,0,1,0,4,1,6,6,1,26,6,1390,1,14,VOLKSWAGEN GOLF,5,E01019021,0,-1
2021991040986,2021,991040986,2,9,0,18,19,2,6,0,0,0,0,0,0,0,1,1,5,6,2,33,6,1390,1,13,VOLKSWAGEN GOLF,5,-1,0,-1
2021010329869,2021,010329869,1,9,0,12,12,7,3,0,0,1,0,0,0,0,3,1,6,6,1,21,5,1598,1,14,VOLKSWAGEN GOLF,3,E01002102,0,-1
2021302100967,2021,302100967,1,9,0,9,9,4,2,0,0,0,0,0,0,0,3,1,1,1,1,30,6,1968,2,10,VOLKSWAGEN GOLF,4,E01013458,0,-1
2021991126894,2021,991126894,2,9,0,18,19,4,8,0,0,1,0,0,0,0,3,1,6,6,1,59,9,1598,1,18,VOLKSWAGEN GOLF,5,-1,0,-1
2021421056395,2021,421056395,2,9,0,18,19,3,7,0,0,0,0,0,0,0,4,1,5,6,2,59,9,1968,2,8,VOLKSWAGEN GOLF,9,E01021963,0,-1
2021101054577,2021,101054577,1,9,0,14,14,7,3,0,0,0,0,0,0,0,0,1,1,1,1,-1,-1,1984,1,6,VOLKSWAGEN GOLF,-1,-1,0,-1
2021170M10581,2021,170M10581,1,9,0,4,4,7,3,0,0,4,0,0,0,0,2,1,6,6,1,38,7,1984,1,9,VOLKSWAGEN GOLF,-1,-1,0,-1
2021131095231,2021,131095231,2,9,0,18,19,5,1,0,0,8,0,0,0,0,1,1,5,6,2,23,5,1984,1,0,VOLKSWAGEN GOLF,3,E01010717,0,-1
2021122100379,2021,122100379,1,9,0,7,7,1,2,0,0,6,0,7,0,0,1,1,6,6,2,32,6,1395,8,1,VOLKSWAGEN GOLF,10,E01013427,0,-1
2021131089727,2021,131089727,2,9,0,5,5,4,6,0,0,0,0,0,0,0,2,1,2,2,2,44,7,999,1,5,VOLKSWAGEN GOLF,3,E01011222,0,-1
2021131109812,2021,131109812,1,9,0,18,19,7,3,0,0,8,0,0,0,0,3,1,5,6,2,33,6,1598,2,9,VOLKSWAGEN GOLF,7,E01011800,0,-1
2021010298108,2021,010298108,1,9,0,11,11,3,7,0,0,0,0,0,0,0,4,1,6,6,2,26,6,1598,2,7,VOLKSWAGEN GOLF,9,E01002270,0,-1
2021131120137,2021,131120137,2,9,0,9,9,3,5,0,0,6,0,0,1,0,3,1,6,6,1,64,9,1896,2,14,VOLKSWAGEN GOLF,2,E01010738,0,-1
2021471091517,2021,471091517,1,9,0,16,19,5,8,0,0,1,1,0,1,0,1,1,5,6,1,78,11,1390,1,10,VOLKSWAGEN GOLF,4,E01031434,0,-1
2021161022056,2021,161022056,1,9,0,16,19,5,1,0,0,0,0,0,7,3,1,1,5,6,1,50,8,1390,1,12,VOLKSWAGEN GOLF,4,E01012934,0,-1
2021010328074,2021,010328074,2,9,0,5,5,1,5,0,0,2,0,0,0,0,1,1,6,6,1,58,9,1984,1,3,VOLKSWAGEN GOLF,-1,-1,0,-1
2021010351089,2021,010351089,1,9,0,5,5,3,7,0,0,8,0,0,0,0,1,1,6,6,1,18,4,1395,1,8,VOLKSWAGEN GOLF,2,E01002530,0,-1
2021010294593,2021,010294593,1,9,0,18,19,4,8,0,0,6,0,0,0,0,1,1,1,1,1,19,4,-1,3,1,VOLKSWAGEN GOLF,10,E01003746,0,-1
202163A103821,2021,63A103821,1,9,0,18,19,4,8,0,0,1,0,0,0,0,1,1,6,6,1,46,8,1598,2,6,VOLKSWAGEN GOLF,4,W01000927,0,-1
2021201024762,2021,201024762,1,9,0,18,19,3,7,0,0,0,0,0,1,7,1,1,1,1,2,63,9,1896,2,18,VOLKSWAGEN GOLF,2,E01010300,0,-1
2021010313398,2021,010313398,1,9,0,9,9,4,1,0,0,8,0,0,0,0,3,1,6,6,1,61,9,1968,2,10,VOLKSWAGEN GOLF,6,E01001163,0,-1
2021041047412,2021,041047412,1,9,0,18,19,7,3,0,0,0,1,0,2,7,1,1,3,7,1,28,6,1968,2,5,VOLKSWAGEN GOLF,1,E01024875,0,-1
2021041098472,2021,041098472,1,9,0,18,19,3,7,0,0,1,0,12,0,0,1,1,5,6,1,62,9,1598,2,2,VOLKSWAGEN GOLF,1,E01012743,0,-1
2021221027568,2021,221027568,2,9,0,16,19,7,2,0,0,0,0,0,0,0,1,1,6,6,1,23,5,1896,2,14,VOLKSWAGEN GOLF,-1,-1,0,-1
2021041030541,2021,041030541,1,9,0,18,19,5,4,0,0,0,0,0,0,0,1,1,5,6,1,21,5,1598,2,7,VOLKSWAGEN GOLF,6,E01006143,0,-1
2021544954721,2021,544954721,1,9,0,18,19,1,5,0,0,4,0,0,0,0,3,1,2,2,1,44,7,1598,2,7,VOLKSWAGEN GOLF,-1,-1,0,-1
2021131073263,2021,131073263,2,9,0,9,9,4,8,0,0,5,0,0,0,0,4,1,6,6,1,60,9,1390,1,9,VOLKSWAGEN GOLF,2,E01032494,0,-1
2021131048002,2021,131048002,1,9,0,18,19,5,1,0,0,6,0,0,7,11,4,1,6,6,1,26,6,1984,1,7,VOLKSWAGEN GOLF,1,E01011292,0,-1
2021201087508,2021,201087508,1,9,0,15,15,8,4,0,0,0,0,0,0,0,1,1,6,6,1,-1,-1,1984,1,6,VOLKSWAGEN GOLF,-1,-1,0,-1
2021302101837,2021,302101837,2,9,0,4,4,6,2,0,0,1,0,0,0,0,2,1,6,6,1,22,5,1598,2,8,VOLKSWAGEN GOLF,1,E01013590,0,-1
2021531055200,2021,531055200,2,9,0,18,19,3,7,0,0,1,0,0,0,0,1,1,5,6,2,24,5,1968,2,7,VOLKSWAGEN GOLF,8,E01031894,0,-1
2021141093215,2021,141093215,1,9,0,18,19,1,5,0,0,8,0,0,0,0,1,1,1,1,1,28,6,1968,2,10,VOLKSWAGEN GOLF,4,E01010591,0,-1
2021451117677,2021,451117677,2,9,0,18,19,7,3,0,0,0,0,0,0,0,2,1,5,6,2,67,10,1390,1,10,VOLKSWAGEN GOLF,9,E01030536,0,-1
2021010312983,2021,010312983,2,9,0,18,19,1,5,0,0,8,0,0,0,0,1,1,6,6,2,27,6,1896,2,17,VOLKSWAGEN GOLF,2,E01000901,0,-1
2021010308712,2021,010308712,2,9,0,99,99,9,9,99,99,9,9,99,9,99,1,9,6,6,2,19,4,1498,1,3,VOLKSWAGEN GOLF,2,E01004729,0,-1
2021070839607,2021,070839607,2,9,0,18,19,5,1,0,0,0,0,0,0,0,3,1,6,6,1,28,6,1498,1,0,VOLKSWAGEN GOLF,-1,-1,0,-1
2021221071076,2021,221071076,2,9,0,18,19,4,8,0,0,8,0,0,0,0,4,1,2,2,2,44,7,1896,2,20,VOLKSWAGEN GOLF,8,E01028861,0,-1
2021201086211,2021,201086211,1,9,0,18,19,7,3,0,0,1,0,0,0,0,1,1,6,6,3,-1,-1,1598,1,15,VOLKSWAGEN GOLF,-1,-1,0,-1
2021061042428,2021,061042428,2,9,0,18,19,4,8,0,0,1,0,0,0,0,1,1,6,6,3,30,6,1984,1,7,VOLKSWAGEN GOLF,-1,-1,0,-1
2021471110762,2021,471110762,2,9,0,3,3,7,3,0,0,0,0,0,0,0,2,1,2,2,1,40,7,1598,2,10,VOLKSWAGEN GOLF,6,E01032833,0,-1
2021061061498,2021,061061498,1,9,0,6,6,1,5,0,0,0,0,0,0,0,3,1,6,6,1,46,8,1968,2,9,VOLKSWAGEN GOLF,3,E01005271,0,-1
2021201037758,2021,201037758,1,9,0,18,19,-1,-1,0,0,0,0,10,1,0,1,1,6,6,1,31,6,1400,1,15,VOLKSWAGEN GOLF,-1,-1,0,-1
2021231076195,2021,231076195,2,9,0,18,19,6,1,0,0,8,0,0,0,0,1,1,6,6,2,49,8,1598,2,3,VOLKSWAGEN GOLF,8,E01025791,0,-1
2021052102703,2021,052102703,2,8,0,5,5,0,1,0,0,1,0,0,0,0,1,1,1,1,1,33,6,1598,2,6,VOLKSWAGEN GOLF,1,E01007008,0,-1
2021101112414,2021,101112414,1,9,0,16,19,3,7,0,0,0,0,0,0,0,1,1,1,1,1,24,5,1600,2,11,VOLKSWAGEN GOLF,2,E01008339,0,-1
2021411076261,2021,411076261,3,9,0,3,3,3,7,0,0,1,0,0,0,0,2,1,5,6,1,22,5,1390,1,10,VOLKSWAGEN GOLF,7,E01023506,0,-1
2021461109283,2021,461109283,2,9,0,3,3,1,5,0,0,2,0,0,0,0,2,1,2,2,2,25,5,1598,2,3,VOLKSWAGEN GOLF,10,E01024348,0,-1
2021201133225,2021,201133225,1,9,0,5,5,6,2,0,0,0,0,0,0,0,3,1,6,6,3,-1,-1,1968,2,8,VOLKSWAGEN GOLF,-1,-1,0,-1
2021320697424,2021,320697424,1,9,0,9,9,2,8,0,0,6,0,0,0,0,1,1,6,6,1,68,10,1968,2,6,VOLKSWAGEN GOLF,9,E01026182,0,-1
2021061039475,2021,061039475,2,9,0,13,13,4,8,0,0,1,0,0,0,0,4,1,6,6,2,30,6,1598,2,8,VOLKSWAGEN GOLF,7,E01025155,0,-1
2021010352056,2021,010352056,2,9,0,18,19,5,1,0,0,0,0,0,0,0,0,1,6,6,1,27,6,1395,1,4,VOLKSWAGEN GOLF,10,E01021158,0,-1
202131B192921,2021,31B192921,1,9,0,17,19,8,4,0,0,8,1,0,1,4,3,1,6,6,1,20,4,2000,1,16,VOLKSWAGEN GOLF,8,E01028182,0,-1
2021501111064,2021,501111064,2,9,0,2,2,0,0,0,0,0,0,0,0,0,2,1,5,6,1,22,5,1968,2,10,VOLKSWAGEN GOLF,3,E01020272,0,-1
2021141054621,2021,141054621,1,9,0,18,19,1,5,0,0,0,0,0,0,0,1,1,2,2,2,29,6,1598,2,10,VOLKSWAGEN GOLF,1,E01007734,0,-1
2021010298137,2021,010298137,1,9,0,9,9,7,4,0,0,5,0,0,0,0,1,1,6,6,1,42,7,1400,1,11,VOLKSWAGEN GOLF,3,E01001513,0,-1
2021231127283,2021,231127283,1,9,0,9,9,6,4,0,0,5,0,0,3,11,1,1,5,6,1,90,11,1900,2,15,VOLKSWAGEN GOLF,9,E01031288,0,-1
2021041047417,2021,041047417,3,9,0,4,4,1,5,0,0,0,0,0,0,0,2,1,5,6,2,34,6,1395,1,5,VOLKSWAGEN GOLF,4,E01025359,0,-1
2021041029738,2021,041029738,1,9,0,18,19,5,1,0,0,1,0,0,0,0,1,1,6,6,1,-1,-1,1598,2,11,VOLKSWAGEN GOLF,-1,-1,0,-1
2021010316898,2021,010316898,2,9,9,99,99,9,9,99,99,9,5,99,9,99,9,9,6,6,3,-1,-1,1598,2,4,VOLKSWAGEN GOLF,6,E01000259,0,-1
2021461127431,2021,461127431,1,9,0,7,7,1,3,0,0,6,0,0,0,0,3,1,6,6,1,20,4,1900,2,21,VOLKSWAGEN GOLF,-1,-1,0,-1
2021010351559,2021,010351559,1,9,0,2,2,0,0,9,9,0,0,0,0,0,3,1,6,6,3,-1,-1,1984,1,8,VOLKSWAGEN GOLF,-1,-1,0,-1
2021401121778,2021,401121778,1,9,0,18,19,6,2,0,0,1,0,0,0,0,1,1,6,6,3,-1,-1,1984,1,2,VOLKSWAGEN GOLF,-1,-1,0,-1
2021141031666,2021,141031666,1,8,0,5,5,6,2,0,0,0,0,0,0,0,3,1,1,1,1,50,8,1598,2,7,VOLKSWAGEN GOLF,1,E01033269,0,-1
2021010339316,2021,010339316,1,9,0,18,19,3,7,1,1,0,0,0,0,0,4,1,6,6,1,43,7,1390,1,11,VOLKSWAGEN GOLF,4,E01001259,0,-1
2021010306155,2021,010306155,2,9,0,18,19,4,8,0,0,1,0,4,0,0,1,1,6,6,1,21,5,1598,2,8,VOLKSWAGEN GOLF,4,E01002454,0,-1
2021070702786,2021,070702786,1,9,0,18,19,1,5,0,0,0,0,0,2,7,1,1,6,6,1,20,4,1968,2,7,VOLKSWAGEN GOLF,9,E01029659,0,-1
2021122101507,2021,122101507,1,9,0,4,4,2,6,0,0,1,1,0,1,11,1,1,2,2,1,38,7,2000,2,16,VOLKSWAGEN GOLF,6,E01027562,0,-1
2021141077711,2021,141077711,2,9,0,18,19,7,3,0,0,0,0,0,0,0,1,1,6,6,3,-1,-1,1968,2,13,VOLKSWAGEN GOLF,-1,-1,0,-1
2021430179743,2021,430179743,1,9,0,18,19,7,3,0,0,2,0,0,0,0,4,1,2,2,1,32,6,1595,1,18,VOLKSWAGEN GOLF,10,E01016621,0,-1
2021461072024,2021,461072024,2,9,0,3,3,4,8,0,0,0,0,0,0,0,2,1,6,6,1,32,6,1598,2,9,VOLKSWAGEN GOLF,3,E01024169,0,-1
2021302100036,2021,302100036,2,9,0,9,9,2,8,0,0,1,0,0,0,0,1,1,6,6,1,34,6,1984,1,2,VOLKSWAGEN GOLF,1,E01013485,0,-1
202163A089121,2021,63A089121,1,9,0,18,19,4,8,0,0,0,0,0,0,0,1,1,6,6,1,25,5,1598,2,11,VOLKSWAGEN GOLF,8,W01001940,0,-1