collision_index,collision_year,collision_ref_no,vehicle_reference,vehicle_type,towing_and_articulation,vehicle_manoeuvre_historic,vehicle_manoeuvre,vehicle_direction_from,vehicle_direction_to,vehicle_location_restricted_lane_historic,vehicle_location_restricted_lane,junction_location,skidding_and_overturning,hit_object_in_carriageway,vehicle_leaving_carriageway,hit_object_off_carriageway,first_point_of_impact,vehicle_left_hand_drive,journey_purpose_of_driver_historic,journey_purpose_of_driver,sex_of_driver,age_of_driver,age_band_of_driver,engine_capacity_cc,propulsion_code,age_of_vehicle,generic_make_model,driver_imd_decile,lsoa_of_driver,escooter_flag,driver_distance_banding
2021010331460,2021,010331460,1,9,0,18,19,7,3,0,0,1,0,0,0,0,1,1,6,6,1,23,5,1600,1,17,VOLKSWAGEN GOLF,3,E01004393,0,-1
2021131035691,2021,131035691,2,9,0,17,19,5,1,0,0,0,0,0,0,0,1,1,5,6,1,28,6,1968,2,8,VOLKSWAGEN GOLF,1,E01011143,0,-1
2021430170614,2021,430170614,2,9,0,1,1,3,7,8,6,0,0,4,0,0,2,1,6,6,2,34,6,1598,2,8,VOLKSWAGEN GOLF,-1,-1,0,-1
2021070259275,2021,070259275,1,9,0,7,7,3,5,0,0,4,0,0,0,0,3,1,6,6,1,28,6,2000,2,16,VOLKSWAGEN GOLF,3,E01018446,0,-1
2021010332662,2021,010332662,2,9,0,17,19,1,6,0,0,1,0,0,0,0,3,1,6,6,1,20,4,1968,2,3,VOLKSWAGEN GOLF,-1,-1,0,-1
2021430197822,2021,430197822,1,9,0,18,19,5,1,0,0,8,1,10,0,0,1,1,6,6,1,21,5,1984,1,4,VOLKSWAGEN GOLF,10,E01016707,0,-1
2021201027310,2021,201027310,1,9,0,18,19,2,6,0,0,0,0,0,0,0,1,1,6,6,1,26,6,1968,2,7,VOLKSWAGEN GOLF,10,E01010392,0,-1
2021320702039,2021,320702039,1,9,0,18,19,8,4,0,0,0,0,0,0,0,1,1,6,6,1,53,8,1598,2,7,VOLKSWAGEN GOLF,7,E01026397,0,-1
202134NNC2081,2021,34NNC2081,2,9,0,18,19,7,3,0,0,1,0,0,0,0,2,1,6,6,2,26,6,1896,2,15,VOLKSWAGEN GOLF,6,E01027107,0,-1
2021131099416,2021,131099416,1,9,0,18,19,7,3,0,0,0,0,0,0,0,1,1,2,2,1,25,5,1968,2,7,VOLKSWAGEN GOLF,2,E01011002,0,-1
2021101132784,2021,101132784,1,9,0,18,19,5,1,0,0,8,0,0,0,0,4,1,5,6,2,30,6,1968,2,8,VOLKSWAGEN GOLF,4,E01027550,0,-1
20211383B1237,2021,1383B1237,2,9,0,7,7,6,2,0,0,0,0,0,0,0,1,1,6,6,1,20,4,1968,2,14,VOLKSWAGEN GOLF,6,E01019350,0,-1
2021548594721,2021,548594721,1,9,0,9,9,8,6,0,0,1,0,0,0,0,1,1,6,6,1,27,6,2000,2,16,VOLKSWAGEN GOLF,3,E01015477,0,-1
2021471124472,2021,471124472,2,9,0,18,19,8,4,0,0,8,0,0,0,0,2,1,1,1,1,48,8,1984,1,4,VOLKSWAGEN GOLF,3,E01031366,0,-1
2021411060696,2021,411060696,1,9,0,15,15,5,1,0,0,0,0,0,0,0,3,1,6,6,1,20,4,1598,2,2,VOLKSWAGEN GOLF,3,E01023865,0,-1
2021361080774,2021,361080774,3,9,0,4,4,6,2,0,0,0,0,0,1,10,1,1,5,6,2,24,5,1598,2,7,VOLKSWAGEN GOLF,5,E01026501,0,-1
2021010351103,2021,010351103,3,9,0,18,19,5,1,0,0,1,0,0,0,0,1,1,6,6,1,46,8,1197,1,11,VOLKSWAGEN GOLF,5,E01001294,0,-1
2021421105387,2021,421105387,1,9,0,4,4,3,7,0,0,4,0,0,0,0,1,1,6,6,1,-1,-1,1600,1,15,VOLKSWAGEN GOLF,-1,-1,0,-1
2021421091791,2021,421091791,1,9,0,18,19,5,2,0,0,8,0,0,0,0,1,1,6,6,1,24,5,1395,1,4,VOLKSWAGEN GOLF,10,E01021590,0,-1
2021161103255,2021,161103255,2,9,0,7,7,4,6,0,0,0,1,0,0,0,1,1,5,6,1,27,6,1395,8,5,VOLKSWAGEN GOLF,-1,-1,0,-1
2021542059121,2021,542059121,1,9,0,12,12,2,6,0,0,0,1,0,4,0,1,1,6,6,1,62,9,1984,1,6,VOLKSWAGEN GOLF,3,W01001898,0,-1
2021221055652,2021,221055652,3,9,0,18,19,8,4,0,0,8,0,0,0,0,1,1,5,6,1,55,8,1498,1,1,VOLKSWAGEN GOLF,3,E01014153,0,-1
2021221055794,2021,221055794,2,9,0,18,19,5,1,0,0,2,0,0,0,0,1,1,6,6,1,18,4,1968,2,5,VOLKSWAGEN GOLF,4,E01032409,0,-1
2021052100792,2021,052100792,2,9,0,18,19,6,2,0,0,8,0,0,0,0,3,1,6,6,1,34,6,3200,1,14,VOLKSWAGEN GOLF,8,E01006680,0,-1
2021010327627,2021,010327627,2,9,0,2,2,0,0,0,0,0,0,0,0,0,2,1,6,6,3,-1,-1,1600,1,17,VOLKSWAGEN GOLF,-1,-1,0,-1
2021170M10841,2021,170M10841,2,9,0,16,19,1,4,0,0,2,0,0,0,0,3,1,6,6,1,20,4,1968,2,8,VOLKSWAGEN GOLF,8,E01012009,0,-1
2021070392943,2021,070392943,1,9,0,2,2,0,0,0,0,0,0,0,0,0,0,1,6,6,1,73,10,1968,2,7,VOLKSWAGEN GOLF,7,E01018606,0,-1
2021161104188,2021,161104188,2,9,0,12,12,5,1,0,0,0,0,0,0,0,3,1,5,6,1,21,5,1968,2,15,VOLKSWAGEN GOLF,6,E01026391,0,-1
20211383D1440,2021,1383D1440,3,9,0,3,3,3,7,0,0,1,0,0,0,0,3,1,6,6,1,26,6,1968,2,15,VOLKSWAGEN GOLF,1,E01010677,0,-1
2021131081868,2021,131081868,2,9,0,3,3,3,1,0,0,0,0,0,0,0,2,1,5,6,1,25,5,1968,2,5,VOLKSWAGEN GOLF,6,E01007620,0,-1
2021061030132,2021,061030132,1,9,0,13,13,3,7,0,0,0,5,0,0,0,4,1,5,6,1,18,4,1968,2,11,VOLKSWAGEN GOLF,1,E01033258,0,-1
2021070443635,2021,070443635,1,9,0,1,1,3,7,9,9,0,0,0,0,0,3,1,6,6,1,46,8,1968,2,5,VOLKSWAGEN GOLF,4,E01033373,0,-1
2021010306816,2021,010306816,2,9,0,18,19,5,1,0,0,1,0,0,0,0,4,1,6,6,2,54,8,1498,1,1,VOLKSWAGEN GOLF,2,E01000021,0,-1
2021461043898,2021,461043898,1,9,0,18,19,1,5,0,0,0,0,0,0,0,1,1,6,6,1,65,9,1598,2,9,VOLKSWAGEN GOLF,8,E01024085,0,-1
2021320724928,2021,320724928,2,9,0,18,19,8,4,0,0,3,0,0,0,0,4,1,6,6,1,33,6,1896,2,13,VOLKSWAGEN GOLF,2,E01026277,0,-1
2021010302296,2021,010302296,2,9,0,17,19,3,7,0,0,4,0,0,0,0,4,1,6,6,1,27,6,1968,2,6,VOLKSWAGEN GOLF,4,E01016448,0,-1
2021201034766,2021,201034766,1,9,0,4,4,7,3,0,0,1,0,0,0,0,1,1,6,6,1,-1,-1,1984,1,7,VOLKSWAGEN GOLF,2,E01010447,0,-1
2021010316411,2021,010316411,1,9,0,14,14,5,1,0,0,8,0,0,0,0,1,1,6,6,1,23,5,1390,1,12,VOLKSWAGEN GOLF,2,E01003187,0,-1
2021170S11901,2021,170S11901,1,9,0,7,7,6,8,0,0,2,0,0,0,0,4,1,6,6,1,36,7,1390,1,15,VOLKSWAGEN GOLF,1,E01012262,0,-1
2021471096110,2021,471096110,1,9,0,18,19,5,1,0,0,1,1,0,7,11,4,1,2,2,2,36,7,1390,1,17,VOLKSWAGEN GOLF,3,E01031787,0,-1
2021161090244,2021,161090244,1,9,0,5,5,3,7,0,0,6,0,0,0,0,1,1,6,6,1,75,10,1197,1,5,VOLKSWAGEN GOLF,7,E01012814,0,-1
2021010333417,2021,010333417,1,9,0,99,99,9,9,99,99,9,9,99,9,99,9,9,6,6,1,39,7,1395,1,7,VOLKSWAGEN GOLF,2,E01002809,0,-1
2021201085118,2021,201085118,1,9,0,18,19,8,4,0,0,1,0,0,0,0,4,1,6,6,3,-1,-1,1598,2,8,VOLKSWAGEN GOLF,-1,-1,0,-1
2021061111254,2021,061111254,2,9,0,18,19,3,7,0,0,8,0,0,0,0,4,1,6,6,1,40,7,1968,2,8,VOLKSWAGEN GOLF,1,E01005613,0,-1
2021041076204,2021,041076204,2,9,0,4,4,1,5,0,0,1,0,0,0,0,1,1,6,6,1,68,10,1896,2,18,VOLKSWAGEN GOLF,4,E01025267,0,-1
202163D012921,2021,63D012921,1,9,0,18,19,2,6,0,0,4,1,0,3,1,3,1,6,6,1,23,5,1896,2,18,VOLKSWAGEN GOLF,-1,-1,0,-1
2021501088816,2021,501088816,2,9,0,4,4,1,5,0,0,0,0,0,0,0,3,1,2,2,1,34,6,1896,2,18,VOLKSWAGEN GOLF,5,E01019982,0,-1
202134WNC4131,2021,34WNC4131,2,9,0,4,4,5,1,0,0,2,0,0,0,0,2,1,6,6,1,52,8,2000,2,16,VOLKSWAGEN GOLF,5,E01027123,0,-1
2021371035580,2021,371035580,3,9,0,4,4,6,2,0,0,1,0,0,0,0,2,1,5,6,2,57,9,1390,1,12,VOLKSWAGEN GOLF,5,E01030229,0,-1
2021131050704,2021,131050704,2,9,0,18,19,3,7,0,0,8,0,0,0,0,1,1,5,6,1,37,7,1896,2,19,VOLKSWAGEN GOLF,1,E01011432,0,-1
2021421056189,2021,421056189,1,9,0,18,19,7,3,0,0,0,0,0,0,0,1,1,5,6,1,20,4,1595,1,24,VOLKSWAGEN GOLF,6,E01021398,0,-1
2021010288884,2021,010288884,2,9,0,99,99,9,9,99,99,9,9,99,9,99,1,9,6,6,3,53,8,1968,2,13,VOLKSWAGEN GOLF,8,E01000447,0,-1
2021010340209,2021,010340209,1,9,0,18,19,1,5,0,0,8,0,0,0,0,1,1,6,6,1,20,4,1984,1,6,VOLKSWAGEN GOLF,3,E01001397,0,-1
2021010310170,2021,010310170,2,9,0,99,99,9,9,99,99,0,9,99,9,99,9,9,6,6,1,19,4,1600,1,14,VOLKSWAGEN GOLF,2,E01001833,0,-1
2021351016333,2021,351016333,1,9,0,9,9,7,5,0,0,0,0,0,0,0,1,1,6,6,2,73,10,1968,2,14,VOLKSWAGEN GOLF,9,E01018299,0,-1
2021201043461,2021,201043461,1,9,0,9,9,2,6,0,0,5,0,0,0,0,3,1,6,6,2,35,6,1390,1,11,VOLKSWAGEN GOLF,5,E01009245,0,-1
2021041072850,2021,041072850,1,9,0,18,19,3,7,0,0,0,0,0,0,0,1,1,5,6,1,34,6,1900,2,16,VOLKSWAGEN GOLF,5,E01025415,0,-1
2021061067325,2021,061067325,2,9,0,8,8,1,4,0,0,1,0,0,0,0,4,1,6,6,1,28,6,1984,1,0,VOLKSWAGEN GOLF,3,E01006114,0,-1
2021531072126,2021,531072126,1,9,0,18,19,7,3,0,0,0,2,0,2,10,1,1,5,6,1,31,6,1600,1,17,VOLKSWAGEN GOLF,6,E01022194,0,-1
2021061035739,2021,061035739,3,9,0,2,2,0,0,0,0,8,0,0,0,0,1,1,6,6,1,30,6,1968,2,13,VOLKSWAGEN GOLF,9,E01027595,0,-1
2021461079678,2021,461079678,1,9,0,9,9,6,2,0,0,0,0,0,0,0,3,1,6,6,1,30,6,1968,2,9,VOLKSWAGEN GOLF,5,E01024692,0,-1
2021010330514,2021,010330514,1,9,0,5,5,4,8,0,0,0,0,0,0,0,4,1,6,6,1,83,11,1395,8,6,VOLKSWAGEN GOLF,10,E01002480,0,-1
2021201090919,2021,201090919,1,9,0,5,5,4,2,0,0,1,0,0,0,0,1,1,6,6,2,27,6,1984,1,14,VOLKSWAGEN GOLF,10,E01032230,0,-1
2021201063439,2021,201063439,1,9,0,18,19,3,7,0,0,0,0,7,2,0,1,1,6,6,1,22,5,1896,2,14,VOLKSWAGEN GOLF,1,E01010367,0,-1
2021461073377,2021,461073377,1,9,0,9,9,5,7,0,0,1,0,0,0,0,4,1,6,6,1,50,8,1900,2,16,VOLKSWAGEN GOLF,5,E01024815,0,-1
2021371148243,2021,371148243,1,9,0,18,19,5,1,0,0,0,0,0,0,0,1,1,5,6,2,33,6,1595,1,12,VOLKSWAGEN GOLF,9,E01030062,0,-1
2021041069207,2021,041069207,1,9,0,9,9,1,5,0,0,1,0,0,0,0,4,1,5,6,1,82,11,1896,2,20,VOLKSWAGEN GOLF,-1,-1,0,-1
2021991174258,2021,991174258,2,9,0,18,19,6,2,0,0,1,0,0,0,0,1,1,5,6,2,34,6,1598,2,8,VOLKSWAGEN GOLF,6,-1,0,-1
2021041045632,2021,041045632,1,9,0,6,6,5,1,0,0,8,0,0,0,0,3,1,5,6,1,31,6,999,1,4,VOLKSWAGEN GOLF,7,E01005492,0,-1
2021371144394,2021,371144394,2,9,0,18,19,8,4,0,0,8,0,0,0,0,1,1,5,6,2,60,9,-1,3,2,VOLKSWAGEN GOLF,5,E01030151,0,-1
2021991015801,2021,991015801,1,9,0,16,19,7,3,0,0,0,1,0,0,0,1,1,2,2,1,41,7,1896,2,17,VOLKSWAGEN GOLF,-1,-1,0,-1
2021201156527,2021,201156527,1,9,0,18,19,7,3,0,0,0,0,0,0,0,1,1,6,6,1,40,7,1498,1,0,VOLKSWAGEN GOLF,1,E01009836,0,-1
20211383G0599,2021,1383G0599,1,9,0,18,19,4,8,0,0,2,0,4,0,0,1,1,6,6,1,19,4,1600,2,11,VOLKSWAGEN GOLF,1,E01010833,0,-1
2021440228829,2021,440228829,1,9,0,9,9,1,7,0,0,6,0,0,0,0,1,1,6,6,1,30,6,1968,2,10,VOLKSWAGEN GOLF,10,E01016183,0,-1
2021522102245,2021,522102245,1,9,0,18,19,5,1,0,0,0,0,4,0,0,4,1,6,6,2,26,6,1896,2,13,VOLKSWAGEN GOLF,10,E01014434,0,-1
2021050818606,2021,050818606,1,9,0,18,19,1,5,9,9,0,2,10,0,2,4,1,6,6,1,31,6,1968,2,13,VOLKSWAGEN GOLF,1,E01012382,0,-1
2021421012999,2021,421012999,1,9,0,17,19,5,8,0,0,0,0,0,0,0,0,1,5,6,1,23,5,1968,2,4,VOLKSWAGEN GOLF,4,E01015871,0,-1
2021471029525,2021,471029525,2,9,0,17,19,6,3,0,0,1,0,0,0,0,1,1,6,6,1,25,5,2000,1,16,VOLKSWAGEN GOLF,4,E01023154,0,-1
2021545800621,2021,545800621,2,9,0,18,19,5,1,0,0,0,1,0,1,0,1,1,1,1,1,26,6,1598,2,9,VOLKSWAGEN GOLF,6,E01032109,0,-1
2021141015453,2021,141015453,2,9,0,12,12,3,7,0,0,2,0,0,0,0,1,1,2,2,1,26,6,1896,2,14,VOLKSWAGEN GOLF,8,E01007811,0,-1
2021430042614,2021,430042614,1,9,0,18,19,4,8,0,0,8,0,0,0,0,3,1,6,6,1,25,5,1984,1,6,VOLKSWAGEN GOLF,9,E01016696,0,-1
2021351021975,2021,351021975,2,9,0,8,8,4,8,0,0,1,0,0,0,0,3,1,5,6,2,36,7,1197,1,8,VOLKSWAGEN GOLF,7,E01015686,0,-1
2021501061952,2021,501061952,2,9,0,18,19,7,3,0,0,0,1,0,0,0,3,1,6,6,2,32,6,1600,2,11,VOLKSWAGEN GOLF,4,E01020052,0,-1
2021041047719,2021,041047719,2,9,0,7,7,3,7,0,0,8,0,0,0,0,2,1,1,1,1,22,5,1395,1,7,VOLKSWAGEN GOLF,6,E01025591,0,-1
2021010311972,2021,010311972,1,9,0,99,99,9,9,99,99,9,9,99,9,99,2,9,6,6,1,31,6,1600,1,16,VOLKSWAGEN GOLF,6,E01000906,0,-1
2021451014636,2021,451014636,2,9,0,3,3,1,1,0,0,8,0,0,0,0,1,1,6,6,1,20,4,2000,2,16,VOLKSWAGEN GOLF,9,E01030072,0,-1
2021991125619,2021,991125619,2,9,0,3,3,7,2,0,0,1,0,0,0,0,2,1,6,6,1,27,6,1498,1,2,VOLKSWAGEN GOLF,2,-1,0,-1
2021131104593,2021,131104593,1,9,0,1,1,3,7,0,0,8,0,0,0,0,2,1,6,6,1,29,6,1598,2,9,VOLKSWAGEN GOLF,4,E01010664,0,-1
2021451039541,2021,451039541,2,9,0,5,5,3,1,0,0,6,0,0,0,0,3,1,2,2,1,19,4,1390,1,10,VOLKSWAGEN GOLF,7,E01030938,0,-1
2021471120445,2021,471120445,1,9,0,9,9,2,8,0,0,5,0,0,0,0,1,1,6,6,1,55,8,1900,2,15,VOLKSWAGEN GOLF,9,E01016940,0,-1
2021010336892,2021,010336892,2,9,0,99,99,9,9,99,99,9,9,99,9,99,1,9,6,6,3,-1,-1,1395,1,8,VOLKSWAGEN GOLF,-1,-1,0,-1
2021371146227,2021,371146227,2,9,0,2,2,0,0,0,0,0,0,0,0,0,2,1,6,6,3,-1,-1,1900,2,15,VOLKSWAGEN GOLF,-1,-1,0,-1
2021401051768,2021,401051768,1,9,0,17,19,1,5,0,0,1,0,0,0,0,0,1,6,6,1,-1,-1,1896,2,17,VOLKSWAGEN GOLF,-1,-1,0,-1
2021211078401,2021,211078401,4,9,0,4,4,1,5,0,0,0,0,0,0,0,1,1,5,6,1,27,6,1598,1,15,VOLKSWAGEN GOLF,2,E01010428,0,-1
2021101105794,2021,101105794,1,9,0,18,19,5,1,0,0,0,0,0,0,0,1,1,6,6,3,-1,-1,1968,2,15,VOLKSWAGEN GOLF,-1,-1,0,-1
2021010314206,2021,010314206,2,9,0,99,99,9,9,99,99,6,9,99,9,99,2,9,6,6,1,28,6,1984,1,7,VOLKSWAGEN GOLF,10,E01002952,0,-1
2021471068847,2021,471068847,2,9,0,18,19,3,7,0,0,1,0,0,0,0,0,1,2,2,1,36,7,1395,1,5,VOLKSWAGEN GOLF,6,E01031513,0,-1
2021010299544,2021,010299544,2,9,0,99,99,9,9,99,99,9,9,99,9,99,1,9,6,6,3,19,4,999,1,4,VOLKSWAGEN GOLF,3,E01001489,0,-1
2021010307666,2021,010307666,2,9,0,99,99,9,9,0,0,1,0,0,0,0,4,9,6,6,3,-1,-1,-1,3,3,VOLKSWAGEN GOLF,-1,-1,0,-1
2021201021572,2021,201021572,3,9,0,10,10,4,1,0,0,2,0,7,6,0,2,1,1,1,1,42,7,1395,1,7,VOLKSWAGEN GOLF,5,E01009923,0,-1
2021501111616,2021,501111616,1,9,0,7,7,1,5,0,0,2,1,4,0,0,1,1,5,6,1,34,6,1896,2,20,VOLKSWAGEN GOLF,1,E01015263,0,-1
2021131116321,2021,131116321,1,9,0,4,4,5,1,0,0,0,0,0,0,0,1,1,6,6,3,-1,-1,1968,2,0,VOLKSWAGEN GOLF,-1,-1,0,-1
2021302101544,2021,302101544,1,9,0,1,1,1,7,0,0,6,0,0,0,0,2,1,6,6,1,33,6,1900,2,14,VOLKSWAGEN GOLF,3,E01019506,0,-1
2021010296138,2021,010296138,1,9,0,18,19,7,3,0,0,0,0,4,0,0,3,1,6,6,2,20,4,1968,2,1,VOLKSWAGEN GOLF,3,E01030744,0,-1
2021201141834,2021,201141834,1,9,0,18,19,6,2,0,0,0,0,0,0,0,1,1,6,6,1,-1,-1,1968,2,7,VOLKSWAGEN GOLF,-1,-1,0,-1
2021061093204,2021,061093204,1,9,0,7,7,6,4,0,0,8,0,0,0,0,4,1,2,2,2,50,8,1600,1,16,VOLKSWAGEN GOLF,1,E01005733,0,-1
2021010340403,2021,010340403,1,9,0,9,9,7,4,0,0,1,0,0,0,0,3,1,6,6,1,47,8,1395,1,6,VOLKSWAGEN GOLF,10,E01022350,0,-1
2021131068606,2021,131068606,1,9,0,5,5,7,5,0,0,6,0,0,0,0,1,1,1,1,1,28,6,1968,2,0,VOLKSWAGEN GOLF,5,E01027943,0,-1
2021543961821,2021,543961821,1,9,0,18,19,8,4,0,0,0,0,0,0,0,1,1,2,2,1,47,8,1968,2,1,VOLKSWAGEN GOLF,7,E01032015,0,-1
2021461098302,2021,461098302,1,9,0,18,19,2,6,0,0,1,0,0,3,0,1,1,5,6,1,18,4,1400,1,22,VOLKSWAGEN GOLF,9,E01024734,0,-1
2021430404743,2021,430404743,1,9,0,18,19,2,6,0,0,1,0,0,0,0,0,1,6,6,2,50,8,1968,2,13,VOLKSWAGEN GOLF,-1,-1,0,-1
202163CF00221,2021,63CF00221,1,9,0,18,19,2,6,0,0,0,2,0,2,10,1,1,6,6,1,26,6,1800,1,22,VOLKSWAGEN GOLF,-1,-1,0,-1
2021361065718,2021,361065718,2,9,5,18,19,3,7,0,0,0,0,0,0,0,4,1,5,6,1,70,10,1598,2,5,VOLKSWAGEN GOLF,6,E01026549,0,-1
2021421028165,2021,421028165,1,9,0,18,19,7,3,0,0,8,0,0,0,0,1,1,6,6,1,32,6,1395,1,6,VOLKSWAGEN GOLF,8,E01021621,0,-1
2021010354579,2021,010354579,3,9,0,18,19,7,3,0,0,1,0,0,0,0,1,1,6,6,1,53,8,3180,1,13,VOLKSWAGEN GOLF,3,E01003235,0,-1
2021430430602,2021,430430602,2,9,0,18,19,5,1,0,0,0,0,0,0,0,1,1,6,6,2,36,7,1600,2,11,VOLKSWAGEN GOLF,7,E01017910,0,-1
2021201080649,2021,201080649,4,9,0,2,2,0,0,9,9,0,0,0,0,0,1,1,5,6,2,-1,-1,1968,2,14,VOLKSWAGEN GOLF,4,E01008973,0,-1
2021221087230,2021,221087230,1,9,0,18,19,8,4,0,0,0,0,0,0,0,4,1,5,6,1,37,7,1781,1,19,VOLKSWAGEN GOLF,1,E01009117,0,-1
2021010335628,2021,010335628,2,9,0,99,99,9,9,99,99,6,9,99,9,99,2,9,6,6,1,-1,-1,1390,1,12,VOLKSWAGEN GOLF,7,E01020576,0,-1
2021101089064,2021,101089064,2,9,0,10,10,8,5,0,0,1,0,-1,0,0,2,1,5,6,1,30,6,1900,2,16,VOLKSWAGEN GOLF,1,E01008603,0,-1
2021430472372,2021,430472372,1,9,0,18,19,3,7,0,0,0,0,0,0,0,1,1,6,6,2,82,11,1896,2,14,VOLKSWAGEN GOLF,7,E01028678,0,-1
2021440418092,2021,440418092,2,9,0,18,19,4,8,0,0,0,0,0,0,0,1,1,6,6,1,36,7,1984,1,10,VOLKSWAGEN GOLF,1,E01017237,0,-1
2021371116461,2021,371116461,2,9,0,18,19,3,7,0,0,0,0,0,0,0,3,1,2,2,2,45,7,1598,2,7,VOLKSWAGEN GOLF,8,E01033044,0,-1
2021201133468,2021,201133468,1,9,0,18,19,6,2,0,0,1,0,0,0,0,1,1,6,6,1,24,5,1600,2,12,VOLKSWAGEN GOLF,8,E01010395,0,-1
2021010349088,2021,010349088,1,9,0,99,99,9,9,99,99,9,9,99,9,99,2,9,6,6,3,-1,-1,1498,1,3,VOLKSWAGEN GOLF,3,E01001264,0,-1
2021351044903,2021,351044903,1,9,0,17,19,1,5,0,0,0,0,0,1,4,1,1,6,6,1,25,5,1896,2,16,VOLKSWAGEN GOLF,10,E01018295,0,-1
2021548867321,2021,548867321,1,9,0,18,19,3,7,0,0,0,0,0,0,0,1,1,6,6,1,28,6,1600,1,17,VOLKSWAGEN GOLF,6,E01022225,0,-1
2021041072142,2021,041072142,1,9,0,17,19,7,3,0,0,0,0,0,1,0,3,1,5,6,1,29,6,2000,2,17,VOLKSWAGEN GOLF,6,E01005556,0,-1
2021451031438,2021,451031438,1,9,0,18,19,5,1,0,0,2,0,0,0,0,1,1,5,6,1,71,10,1395,1,6,VOLKSWAGEN GOLF,9,E01030568,0,-1
2021061098236,2021,061098236,2,9,0,18,19,1,1,0,0,0,0,0,0,0,3,1,6,6,2,52,8,1390,1,17,VOLKSWAGEN GOLF,6,E01004998,0,-1
2021010312204,2021,010312204,1,9,0,16,19,3,4,0,0,3,0,0,0,0,1,1,6,6,3,-1,-1,1390,1,12,VOLKSWAGEN GOLF,-1,-1,0,-1
2021010295938,2021,010295938,1,9,0,99,99,9,9,99,99,9,9,99,9,99,1,9,6,6,1,43,7,1598,2,5,VOLKSWAGEN GOLF,2,E01004436,0,-1
202134WNC9171,2021,34WNC9171,1,9,0,10,10,3,1,0,0,6,0,0,0,0,3,1,6,6,1,93,11,1900,2,16,VOLKSWAGEN GOLF,8,E01027297,0,-1
2021302100745,2021,302100745,1,9,0,10,10,4,8,0,0,0,0,0,0,0,2,1,6,6,1,36,7,1900,2,15,VOLKSWAGEN GOLF,9,E01019632,0,-1
2021371020582,2021,371020582,2,9,0,4,4,1,5,0,0,1,0,0,0,0,1,1,5,6,1,32,6,1598,1,16,VOLKSWAGEN GOLF,7,E01030184,0,-1
2021221126909,2021,221126909,1,9,0,4,4,8,4,0,0,0,0,0,0,0,2,1,6,6,1,34,6,2000,1,16,VOLKSWAGEN GOLF,5,E01009765,0,-1
2021010306959,2021,010306959,1,9,0,4,4,7,3,0,0,1,0,0,0,0,1,1,6,6,1,30,6,1984,1,2,VOLKSWAGEN GOLF,6,E01024174,0,-1
2021440460877,2021,440460877,1,9,0,18,19,5,1,0,0,0,5,0,1,4,0,1,6,6,1,18,4,1896,2,19,VOLKSWAGEN GOLF,5,E01017321,0,-1
202131A096421,2021,31A096421,2,9,0,18,19,8,4,0,0,0,0,0,0,0,1,1,6,6,1,-1,-1,1968,2,13,VOLKSWAGEN GOLF,4,E01027996,0,-1
2021131115691,2021,131115691,2,9,0,18,19,7,3,0,0,1,0,0,0,0,1,1,6,6,1,19,4,1598,2,10,VOLKSWAGEN GOLF,2,E01011015,0,-1
2021131121877,2021,131121877,1,9,0,18,19,3,7,0,0,8,0,0,0,0,1,1,5,6,1,36,7,1968,2,10,VOLKSWAGEN GOLF,1,E01011695,0,-1
2021041070848,2021,041070848,2,9,0,17,19,3,1,0,0,0,0,0,0,0,3,1,2,2,2,52,8,1968,2,3,VOLKSWAGEN GOLF,1,E01012578,0,-1
2021471071088,2021,471071088,1,9,0,18,19,8,4,0,0,0,0,0,0,0,2,1,6,6,3,20,4,1598,1,14,VOLKSWAGEN GOLF,2,E01003175,0,-1
2021471116787,2021,471116787,1,9,0,18,19,1,5,0,0,8,0,0,0,0,1,1,4,7,2,46,8,1598,2,9,VOLKSWAGEN GOLF,7,E01021029,0,-1
2021320537555,2021,320537555,1,9,0,18,19,6,2,0,0,1,0,0,0,0,3,1,6,6,1,23,5,1896,2,13,VOLKSWAGEN GOLF,2,E01026328,0,-1
2021010300871,2021,010300871,1,9,0,18,19,7,3,9,9,1,0,0,1,2,1,1,6,6,1,23,5,1598,2,6,VOLKSWAGEN GOLF,2,E01002054,0,-1
2021010305209,2021,010305209,1,9,0,18,19,5,1,9,9,8,0,0,1,1,1,1,6,6,1,31,6,1984,1,5,VOLKSWAGEN GOLF,3,E01004203,0,-1
20211383D0825,2021,1383D0825,1,9,0,18,19,5,1,0,0,8,0,0,0,0,1,1,6,6,3,-1,-1,1900,2,15,VOLKSWAGEN GOLF,-1,-1,0,-1
2021201117121,2021,201117121,3,9,0,18,19,5,1,0,0,0,0,0,0,0,2,1,6,6,1,21,5,1598,1,13,VOLKSWAGEN GOLF,7,E01009645,0,-1
2021010294503,2021,010294503,2,9,0,99,99,9,9,99,99,9,9,99,9,99,0,9,6,6,3,24,5,1598,2,7,VOLKSWAGEN GOLF,9,E01017830,0,-1
2021411077438,2021,411077438,2,9,0,5,5,3,6,0,0,1,0,0,0,0,3,1,6,6,1,36,7,1900,2,16,VOLKSWAGEN GOLF,7,E01023594,0,-1
2021201115689,2021,201115689,1,9,0,18,19,7,3,0,0,8,0,0,0,0,2,1,6,6,1,-1,-1,1984,1,9,VOLKSWAGEN GOLF,-1,-1,0,-1
2021010297479,2021,010297479,1,9,0,9,9,5,3,0,0,5,0,0,0,0,3,1,3,7,1,37,7,1498,1,1,VOLKSWAGEN GOLF,3,E01004676,0,-1
2021411078171,2021,411078171,1,9,0,4,4,1,5,0,0,0,1,0,0,0,1,1,1,1,2,52,8,1390,1,11,VOLKSWAGEN GOLF,8,E01030042,0,-1
2021010303366,2021,010303366,2,9,0,4,4,3,7,0,0,8,0,0,0,0,2,1,6,6,2,30,6,1395,1,3,VOLKSWAGEN GOLF,4,E01003914,0,-1
2021522103692,2021,522103692,2,9,5,18,19,5,1,0,0,0,0,0,0,0,1,1,6,6,1,33,6,1498,1,3,VOLKSWAGEN GOLF,8,E01020251,0,-1