collision_index,collision_year,collision_ref_no,vehicle_reference,vehicle_type,towing_and_articulation,vehicle_manoeuvre_historic,vehicle_manoeuvre,vehicle_direction_from,vehicle_direction_to,vehicle_location_restricted_lane_historic,vehicle_location_restricted_lane,junction_location,skidding_and_overturning,hit_object_in_carriageway,vehicle_leaving_carriageway,hit_object_off_carriageway,first_point_of_impact,vehicle_left_hand_drive,journey_purpose_of_driver_historic,journey_purpose_of_driver,sex_of_driver,age_of_driver,age_band_of_driver,engine_capacity_cc,propulsion_code,age_of_vehicle,generic_make_model,driver_imd_decile,lsoa_of_driver,escooter_flag,driver_distance_banding
2021141041392,2021,141041392,2,9,0,18,19,1,5,0,0,0,0,0,0,0,1,1,6,6,1,20,4,1598,2,10,VOLKSWAGEN GOLF,1,E01007352,0,-1
2021201120486,2021,201120486,1,9,0,18,19,-1,-1,0,0,0,0,0,0,0,2,1,6,6,2,20,4,1395,1,7,VOLKSWAGEN GOLF,1,E01010103,0,-1
2021052102178,2021,052102178,1,9,0,5,5,3,7,0,0,2,0,0,0,0,1,1,6,6,2,69,10,1896,2,14,VOLKSWAGEN GOLF,2,E01006842,0,-1
2021061039634,2021,061039634,1,9,0,16,19,8,3,0,0,1,0,0,0,0,1,1,6,6,3,30,6,1968,2,5,VOLKSWAGEN GOLF,-1,-1,0,-1
2021061030873,2021,061030873,1,9,0,18,19,7,7,0,0,3,0,0,0,0,1,1,6,6,1,18,4,1390,1,12,VOLKSWAGEN GOLF,2,E01006112,0,-1
2021461082803,2021,461082803,4,9,0,18,19,5,1,0,0,0,0,0,0,0,0,1,1,1,1,-1,-1,1395,1,3,VOLKSWAGEN GOLF,3,E01024717,0,-1
2021010337237,2021,010337237,2,9,0,99,99,9,9,99,99,9,9,99,9,99,1,9,6,6,1,28,6,1598,2,4,VOLKSWAGEN GOLF,3,E01004562,0,-1
2021161019464,2021,161019464,2,9,0,9,9,6,2,0,0,8,0,0,0,0,0,1,6,6,2,-1,-1,1598,1,14,VOLKSWAGEN GOLF,9,E01013031,0,-1
2021531064371,2021,531064371,1,9,0,18,19,3,7,9,9,3,1,10,1,11,1,1,6,6,2,30,6,2000,2,15,VOLKSWAGEN GOLF,1,E01032932,0,-1
2021161124713,2021,161124713,2,9,0,18,19,7,3,9,9,0,0,0,0,0,4,1,5,6,1,23,5,1968,2,9,VOLKSWAGEN GOLF,6,E01013247,0,-1
2021302101215,2021,302101215,2,9,0,18,19,2,6,0,0,8,0,0,0,0,3,1,6,6,1,23,5,1984,1,3,VOLKSWAGEN GOLF,2,E01013504,0,-1
2021221089823,2021,221089823,2,9,0,4,4,5,1,0,0,0,0,0,0,0,2,1,5,6,1,30,6,1984,1,4,VOLKSWAGEN GOLF,10,E01013465,0,-1
2021131083933,2021,131083933,2,9,0,16,19,1,1,0,0,3,0,0,0,0,4,1,6,6,1,35,6,1598,2,9,VOLKSWAGEN GOLF,1,E01010841,0,-1
2021371093026,2021,371093026,3,9,0,18,19,3,6,0,0,8,0,0,0,0,1,1,5,6,2,66,10,1598,2,7,VOLKSWAGEN GOLF,8,E01030152,0,-1
2021010327470,2021,010327470,2,9,0,18,19,1,5,0,0,0,0,0,0,0,2,1,6,6,1,75,10,1395,1,6,VOLKSWAGEN GOLF,9,E01000771,0,-1
2021522105869,2021,522105869,1,9,0,9,9,5,3,0,0,5,0,0,0,0,1,1,6,6,1,20,4,1390,1,13,VOLKSWAGEN GOLF,7,E01025125,0,-1
2021451064634,2021,451064634,3,9,0,3,3,4,8,0,0,0,0,0,0,0,2,1,5,6,1,55,8,1598,2,1,VOLKSWAGEN GOLF,8,E01029019,0,-1
2021010305692,2021,010305692,1,9,0,18,19,3,7,0,0,1,0,9,0,0,1,1,6,6,1,19,4,1390,1,11,VOLKSWAGEN GOLF,1,E01004222,0,-1
2021622100412,2021,622100412,2,9,0,3,3,4,8,0,0,0,0,0,0,0,2,1,6,6,1,18,4,999,1,4,VOLKSWAGEN GOLF,7,W01001005,0,-1
2021471073157,2021,471073157,2,9,0,18,19,6,4,0,0,1,0,0,0,0,1,1,6,6,1,26,6,1896,2,19,VOLKSWAGEN GOLF,8,E01016920,0,-1
202163C097721,2021,63C097721,3,9,0,18,19,4,8,0,0,1,0,0,0,0,1,1,6,6,1,27,6,1395,1,5,VOLKSWAGEN GOLF,7,W01000618,0,-1
2021070629891,2021,070629891,1,9,0,16,19,1,5,0,0,0,0,0,0,0,2,1,6,6,2,21,5,1498,1,1,VOLKSWAGEN GOLF,1,E01005101,0,-1
2021131077947,2021,131077947,1,9,0,9,9,1,7,0,0,0,0,0,0,0,1,1,6,6,1,-1,-1,1598,2,10,VOLKSWAGEN GOLF,-1,-1,0,-1
2021061040355,2021,061040355,1,9,0,18,19,3,7,0,0,0,0,0,0,0,1,1,6,6,1,33,6,1598,2,11,VOLKSWAGEN GOLF,5,E01005991,0,-1
2021440227582,2021,440227582,2,9,0,18,19,6,2,0,0,8,0,0,0,0,1,1,6,6,2,32,6,1598,2,4,VOLKSWAGEN GOLF,2,W01001885,0,-1
2021010297490,2021,010297490,1,9,0,4,4,5,1,0,0,1,0,0,0,0,2,1,6,6,1,49,8,2000,2,15,VOLKSWAGEN GOLF,2,E01000012,0,-1
2021010290291,2021,010290291,1,9,0,18,19,5,1,0,0,5,0,0,0,0,1,1,6,6,3,-1,-1,999,1,2,VOLKSWAGEN GOLF,-1,-1,0,-1
2021320577227,2021,320577227,1,9,0,16,19,8,4,0,0,0,1,0,7,3,1,1,6,6,1,30,6,1896,2,14,VOLKSWAGEN GOLF,-1,-1,0,-1
2021421072743,2021,421072743,1,9,0,18,19,2,2,0,0,1,0,0,0,0,1,1,2,2,1,30,6,1390,1,16,VOLKSWAGEN GOLF,2,E01000905,0,-1
2021010333915,2021,010333915,2,9,0,99,99,9,9,99,99,9,9,99,9,99,9,9,6,6,3,54,8,1390,1,15,VOLKSWAGEN GOLF,3,E01000163,0,-1
2021231053596,2021,231053596,4,9,0,10,10,5,3,0,0,8,0,0,0,0,3,1,5,6,1,44,7,1197,1,8,VOLKSWAGEN GOLF,6,E01009526,0,-1
2021131086540,2021,131086540,1,9,0,5,5,7,7,0,0,0,0,0,0,0,3,2,6,6,1,26,6,1598,2,8,VOLKSWAGEN GOLF,10,E01011213,0,-1
2021010338219,2021,010338219,1,9,0,18,19,3,7,0,0,9,0,0,0,0,0,1,6,6,1,52,8,1598,1,15,VOLKSWAGEN GOLF,3,E01000640,0,-1
2021351068856,2021,351068856,1,9,0,7,7,5,7,0,0,2,0,0,0,0,1,1,6,6,1,62,9,1598,2,5,VOLKSWAGEN GOLF,5,E01018009,0,-1
2021622100799,2021,622100799,1,9,0,5,5,2,6,0,0,0,0,0,0,0,3,1,6,6,1,22,5,1598,2,8,VOLKSWAGEN GOLF,2,W01001705,0,-1
2021471035984,2021,471035984,2,9,0,18,19,7,3,0,0,0,0,0,0,0,1,1,2,2,1,32,6,1896,2,16,VOLKSWAGEN GOLF,6,E01031516,0,-1
2021061065805,2021,061065805,2,9,0,18,19,1,5,0,0,0,0,0,0,0,0,1,6,6,1,30,6,1968,2,6,VOLKSWAGEN GOLF,4,E01006186,0,-1
202134WNC0461,2021,34WNC0461,2,9,0,18,19,1,5,0,0,0,0,0,0,0,2,1,1,1,1,30,6,1968,2,5,VOLKSWAGEN GOLF,-1,-1,0,-1
2021010331663,2021,010331663,2,9,0,4,4,5,1,0,0,1,0,0,0,0,1,1,6,6,2,27,6,1984,1,14,VOLKSWAGEN GOLF,8,E01003830,0,-1
2021991080176,2021,991080176,1,9,0,18,19,1,5,0,0,0,1,0,0,0,1,1,5,6,1,19,4,1984,1,4,VOLKSWAGEN GOLF,5,-1,0,-1
2021552101239,2021,552101239,1,9,0,11,11,2,6,0,0,3,0,0,0,0,4,1,6,6,1,75,10,1598,1,14,VOLKSWAGEN GOLF,8,E01017183,0,-1
202163C014421,2021,63C014421,1,9,0,4,4,4,8,0,0,0,0,0,0,0,2,1,6,6,2,36,7,1598,2,9,VOLKSWAGEN GOLF,5,W01000621,0,-1
2021471066963,2021,471066963,1,9,0,18,19,5,1,0,0,2,0,0,0,0,4,1,5,6,1,68,10,1984,1,6,VOLKSWAGEN GOLF,10,E01021202,0,-1
2021471037885,2021,471037885,1,9,0,18,19,3,7,0,0,2,0,0,0,0,4,1,3,7,2,32,6,1600,1,21,VOLKSWAGEN GOLF,8,E01031778,0,-1
2021010346727,2021,010346727,1,9,0,18,19,2,6,0,0,0,0,0,0,0,1,1,6,6,3,-1,-1,1598,2,4,VOLKSWAGEN GOLF,-1,-1,0,-1
2021122101108,2021,122101108,1,9,0,18,19,8,6,0,0,0,5,0,1,0,0,1,6,6,1,18,4,1391,1,26,VOLKSWAGEN GOLF,9,E01027783,0,-1
2021421064612,2021,421064612,1,9,0,16,19,7,2,0,0,0,0,0,0,0,1,1,5,6,2,64,9,1896,2,19,VOLKSWAGEN GOLF,5,E01026491,0,-1
2021010351986,2021,010351986,2,9,0,11,11,7,3,0,0,8,0,0,0,0,4,1,6,6,1,26,6,1598,1,15,VOLKSWAGEN GOLF,4,E01004465,0,-1
2021061081800,2021,061081800,1,9,0,18,19,3,7,0,0,8,0,0,0,0,1,1,6,6,3,30,6,1896,2,13,VOLKSWAGEN GOLF,-1,-1,0,-1
2021131114788,2021,131114788,1,9,0,9,9,5,3,0,0,5,0,0,0,0,1,1,5,6,1,26,6,1400,1,15,VOLKSWAGEN GOLF,5,E01010668,0,-1
2021552100999,2021,552100999,1,9,0,18,19,7,3,0,0,0,0,0,0,0,4,1,6,6,1,28,6,3200,1,12,VOLKSWAGEN GOLF,6,E01015460,0,-1
2021471097069,2021,471097069,1,9,0,7,7,1,3,0,0,1,0,0,0,0,1,1,6,6,1,56,9,2000,2,16,VOLKSWAGEN GOLF,8,E01016992,0,-1
2021421086811,2021,421086811,1,9,0,18,19,3,7,0,0,0,0,4,0,0,1,1,6,6,1,-1,-1,2000,2,16,VOLKSWAGEN GOLF,-1,-1,0,-1
2021201029307,2021,201029307,1,9,0,18,19,8,4,0,0,4,0,0,0,0,3,1,1,1,1,31,6,1984,1,5,VOLKSWAGEN GOLF,7,E01010359,0,-1
202131A116921,2021,31A116921,2,9,0,9,9,1,8,0,0,5,0,0,0,0,4,1,6,6,2,28,6,1598,2,10,VOLKSWAGEN GOLF,1,E01007652,0,-1
2021991050160,2021,991050160,1,9,0,9,9,3,1,0,0,8,0,0,0,0,4,1,5,6,1,60,9,1395,1,6,VOLKSWAGEN GOLF,9,-1,0,-1
2021010324272,2021,010324272,2,9,0,14,14,3,7,0,0,0,0,4,0,0,1,1,6,6,2,43,7,1600,1,16,VOLKSWAGEN GOLF,1,E01004399,0,-1
2021471062209,2021,471062209,2,9,0,2,2,0,0,0,0,0,0,0,0,0,3,1,6,6,3,-1,-1,1984,1,5,VOLKSWAGEN GOLF,-1,-1,0,-1
2021451080124,2021,451080124,1,9,0,4,4,3,7,0,0,0,0,0,0,0,2,1,5,6,1,21,5,1197,1,10,VOLKSWAGEN GOLF,9,E01030673,0,-1
2021010298953,2021,010298953,1,9,0,9,9,3,8,0,0,1,0,0,0,0,1,1,6,6,1,86,11,1600,1,17,VOLKSWAGEN GOLF,3,E01000689,0,-1
2021411039778,2021,411039778,1,9,0,2,2,6,2,0,0,0,0,0,0,0,3,1,6,6,1,30,6,1598,2,8,VOLKSWAGEN GOLF,10,E01017436,0,-1
2021131076439,2021,131076439,1,9,0,11,11,7,3,0,0,0,0,0,0,0,1,1,5,6,1,21,5,1498,1,1,VOLKSWAGEN GOLF,5,E01011733,0,-1
2021010312601,2021,010312601,1,9,5,9,9,2,7,4,4,8,0,0,0,0,3,1,6,6,1,32,6,-1,3,3,VOLKSWAGEN GOLF,2,E01000060,0,-1
2021131110219,2021,131110219,1,9,0,18,19,1,1,0,0,8,0,0,0,0,1,1,6,6,1,21,5,1968,2,8,VOLKSWAGEN GOLF,2,E01010804,0,-1
2021201132091,2021,201132091,2,9,0,3,3,8,4,0,0,1,0,0,0,0,2,1,5,6,1,44,7,1598,2,9,VOLKSWAGEN GOLF,5,E01008917,0,-1
2021131053185,2021,131053185,2,9,0,9,9,7,1,0,0,8,0,0,0,0,1,1,3,7,1,30,6,1598,2,9,VOLKSWAGEN GOLF,2,E01011262,0,-1
2021451069177,2021,451069177,3,9,0,3,3,3,7,0,0,0,0,0,0,0,4,1,5,6,1,44,7,1395,1,4,VOLKSWAGEN GOLF,1,E01004722,0,-1
2021201135548,2021,201135548,1,9,0,4,4,2,4,0,0,8,0,0,0,0,4,1,3,7,1,33,6,1968,2,1,VOLKSWAGEN GOLF,1,E01033647,0,-1
2021170S31881,2021,170S31881,2,9,0,10,10,5,3,0,0,1,0,0,0,0,2,1,6,6,1,64,9,1900,2,20,VOLKSWAGEN GOLF,-1,-1,0,-1
2021221049802,2021,221049802,1,9,0,9,9,4,2,0,0,6,0,0,0,0,1,1,5,6,2,21,5,2000,2,16,VOLKSWAGEN GOLF,4,E01014016,0,-1
2021131099277,2021,131099277,2,9,0,9,9,1,5,0,0,6,0,0,0,0,1,1,5,6,1,41,7,1968,2,13,VOLKSWAGEN GOLF,8,E01011605,0,-1
2021061060287,2021,061060287,2,9,0,18,19,3,7,0,0,1,0,0,0,0,1,1,6,6,1,30,6,1984,1,6,VOLKSWAGEN GOLF,4,E01005672,0,-1
2021531077095,2021,531077095,2,9,0,13,13,7,3,0,0,0,0,0,1,4,1,1,6,6,2,21,5,1598,2,5,VOLKSWAGEN GOLF,9,E01022453,0,-1
2021131037015,2021,131037015,1,9,0,5,5,1,5,0,0,2,0,0,0,0,1,1,6,6,2,30,6,1390,1,12,VOLKSWAGEN GOLF,4,E01011087,0,-1
2021531086738,2021,531086738,1,9,0,17,19,7,7,0,0,0,1,0,0,0,1,1,6,6,1,21,5,1968,2,15,VOLKSWAGEN GOLF,7,E01022180,0,-1
2021061103916,2021,061103916,1,9,0,18,19,6,2,0,0,1,0,0,0,0,1,1,5,6,2,71,10,1390,1,16,VOLKSWAGEN GOLF,2,E01006069,0,-1
2021549815121,2021,549815121,1,9,0,18,19,7,4,0,0,0,0,0,0,0,1,1,6,6,1,20,4,1390,1,12,VOLKSWAGEN GOLF,7,E01031852,0,-1
2021010307589,2021,010307589,1,9,0,18,19,3,7,0,0,1,1,0,0,0,1,1,6,6,1,37,7,1598,2,7,VOLKSWAGEN GOLF,4,E01000864,0,-1
2021138190738,2021,138190738,2,9,0,2,2,0,0,0,0,0,0,0,0,0,1,1,6,6,3,-1,-1,1390,1,12,VOLKSWAGEN GOLF,-1,-1,0,-1
2021010322046,2021,010322046,1,9,0,13,13,2,6,0,0,0,2,0,0,0,1,1,6,6,1,20,4,1390,1,13,VOLKSWAGEN GOLF,-1,-1,0,-1
2021031092288,2021,031092288,2,9,0,18,19,3,7,0,0,1,0,0,0,0,1,1,5,6,2,29,6,2000,2,16,VOLKSWAGEN GOLF,3,E01011482,0,-1
2021430410395,2021,430410395,2,9,0,6,6,2,2,0,0,0,0,0,0,0,3,1,6,6,2,26,6,1984,1,0,VOLKSWAGEN GOLF,10,E01017885,0,-1
2021201023399,2021,201023399,1,9,0,18,19,6,2,0,0,0,1,10,1,0,4,1,6,6,1,22,5,1984,1,4,VOLKSWAGEN GOLF,5,E01009863,0,-1
2021302102024,2021,302102024,1,9,0,18,19,8,4,0,0,0,0,0,0,0,3,1,2,2,1,20,4,1598,2,10,VOLKSWAGEN GOLF,2,E01013569,0,-1
2021010317354,2021,010317354,1,9,0,9,9,1,6,0,0,1,0,0,0,0,1,1,6,6,3,-1,-1,1598,2,6,VOLKSWAGEN GOLF,-1,-1,0,-1
2021440456392,2021,440456392,2,9,0,18,19,5,1,0,0,0,0,0,0,0,1,1,1,1,2,54,8,1390,1,13,VOLKSWAGEN GOLF,9,E01022492,0,-1
2021320727628,2021,320727628,3,9,0,3,3,1,8,0,0,8,0,0,0,0,1,1,2,2,1,44,7,-1,3,2,VOLKSWAGEN GOLF,9,E01026209,0,-1
2021440479170,2021,440479170,1,9,0,18,19,1,5,0,0,1,0,0,0,0,1,1,6,6,1,33,6,1900,2,19,VOLKSWAGEN GOLF,-1,-1,0,-1
2021421056189,2021,421056189,2,9,0,18,19,3,7,0,0,0,0,0,0,0,1,1,5,6,1,74,10,1896,2,21,VOLKSWAGEN GOLF,7,E01021407,0,-1
2021201034584,2021,201034584,1,9,0,18,19,6,2,0,0,0,0,4,0,0,1,1,6,6,1,39,7,1968,2,5,VOLKSWAGEN GOLF,1,E01009400,0,-1
2021231050920,2021,231050920,1,9,0,18,19,3,7,0,0,8,0,0,7,11,1,1,5,6,1,29,6,2000,1,14,VOLKSWAGEN GOLF,4,E01031027,0,-1
2021401113183,2021,401113183,2,9,0,9,9,5,2,0,0,4,1,0,0,0,3,1,6,6,1,25,5,1598,2,9,VOLKSWAGEN GOLF,9,E01017447,0,-1
2021440517912,2021,440517912,1,9,0,18,19,4,8,0,0,8,0,0,0,0,4,1,6,6,2,45,7,1395,1,4,VOLKSWAGEN GOLF,2,E01017363,0,-1
2021531083753,2021,531083753,2,9,0,9,9,1,2,0,0,8,0,0,0,0,2,1,5,6,2,63,9,1900,2,14,VOLKSWAGEN GOLF,6,E01022264,0,-1
2021141121857,2021,141121857,1,9,0,3,3,3,7,0,0,1,0,0,0,0,2,1,6,6,1,27,6,1395,1,8,VOLKSWAGEN GOLF,9,E01008137,0,-1
202131C067721,2021,31C067721,1,9,0,18,19,4,8,0,0,8,0,0,0,0,1,1,6,6,1,-1,-1,1968,2,13,VOLKSWAGEN GOLF,1,E01013844,0,-1
2021061060224,2021,061060224,1,9,0,18,19,8,4,0,0,0,0,0,0,0,1,1,6,6,1,30,6,1598,1,14,VOLKSWAGEN GOLF,6,E01013642,0,-1
202131D201221,2021,31D201221,1,9,0,9,9,8,6,0,0,5,0,0,0,0,4,1,6,6,1,34,6,1984,1,7,VOLKSWAGEN GOLF,-1,-1,0,-1
2021010331792,2021,010331792,2,9,0,99,99,9,9,99,99,9,9,99,9,99,1,9,6,6,2,-1,-1,1595,1,17,VOLKSWAGEN GOLF,9,E01015995,0,-1
2021010291740,2021,010291740,1,9,0,9,9,5,2,0,0,8,0,0,0,0,1,1,6,6,2,53,8,2000,2,17,VOLKSWAGEN GOLF,1,E01000551,0,-1
2021010295600,2021,010295600,1,9,0,6,6,1,1,9,9,0,0,11,1,5,1,1,6,6,1,72,10,1598,2,8,VOLKSWAGEN GOLF,10,E01003859,0,-1
2021302100617,2021,302100617,1,9,0,18,19,8,4,0,0,1,0,0,7,11,1,1,6,6,1,29,6,1900,2,15,VOLKSWAGEN GOLF,3,E01013454,0,-1
2021052101096,2021,052101096,2,9,0,18,19,5,1,0,0,0,0,0,0,0,1,1,6,6,2,24,5,1498,1,0,VOLKSWAGEN GOLF,1,E01006661,0,-1
2021991059963,2021,991059963,1,9,0,18,19,5,8,0,0,0,2,0,1,0,1,1,5,6,1,19,4,1984,1,18,VOLKSWAGEN GOLF,-1,-1,0,-1
2021170M11451,2021,170M11451,1,9,0,10,10,5,2,0,0,1,0,0,0,0,2,1,6,6,1,47,8,1598,2,5,VOLKSWAGEN GOLF,3,E01012253,0,-1
2021440176792,2021,440176792,1,9,0,9,9,2,7,0,0,8,0,0,0,0,4,1,6,6,1,30,6,1598,1,14,VOLKSWAGEN GOLF,7,E01032746,0,-1
2021101113588,2021,101113588,1,9,0,18,19,5,3,0,0,1,0,0,0,0,1,1,6,6,1,23,5,1598,2,7,VOLKSWAGEN GOLF,-1,-1,0,-1
2021440437715,2021,440437715,1,9,0,18,19,8,3,0,0,0,0,0,0,0,1,1,6,6,1,26,6,1395,1,4,VOLKSWAGEN GOLF,9,E01023163,0,-1
2021421096127,2021,421096127,2,9,0,18,19,6,2,0,0,0,0,0,0,0,1,1,1,1,2,51,8,1900,2,15,VOLKSWAGEN GOLF,7,E01021617,0,-1
2021461095078,2021,461095078,1,9,0,18,19,3,7,0,0,0,0,0,0,0,1,1,6,6,1,89,11,1598,1,15,VOLKSWAGEN GOLF,7,E01024378,0,-1
2021201062655,2021,201062655,2,9,0,2,2,0,0,0,0,8,0,0,0,0,3,1,6,6,1,36,7,1896,2,19,VOLKSWAGEN GOLF,2,E01010004,0,-1
2021548885321,2021,548885321,1,9,0,18,19,3,7,0,0,0,0,0,1,4,1,1,6,6,1,34,6,1395,1,7,VOLKSWAGEN GOLF,1,E01032096,0,-1
2021131043695,2021,131043695,3,9,0,4,4,7,3,0,0,0,0,0,0,0,2,1,5,6,2,52,8,1598,2,10,VOLKSWAGEN GOLF,4,E01011647,0,-1
2021141031829,2021,141031829,2,9,0,9,9,1,5,0,0,8,0,0,4,10,4,1,5,6,1,29,6,1390,1,12,VOLKSWAGEN GOLF,2,E01032787,0,-1
2021010323210,2021,010323210,2,9,0,99,99,9,9,99,99,9,9,99,9,99,9,9,6,6,1,21,5,1390,1,14,VOLKSWAGEN GOLF,1,E01004285,0,-1
2021201083227,2021,201083227,1,9,0,12,12,5,1,0,0,0,0,4,0,0,1,1,6,6,1,51,8,1598,2,9,VOLKSWAGEN GOLF,4,E01008982,0,-1
2021010324373,2021,010324373,2,9,0,18,19,5,1,0,0,0,5,4,0,0,3,1,6,6,1,37,7,1600,2,11,VOLKSWAGEN GOLF,7,E01030729,0,-1
2021430139265,2021,430139265,1,9,0,9,9,4,2,0,0,8,0,0,0,0,2,1,6,6,1,44,7,1968,2,12,VOLKSWAGEN GOLF,5,E01016436,0,-1
2021161019483,2021,161019483,2,9,0,3,3,3,7,0,0,1,0,0,0,0,2,1,6,6,2,24,5,1896,2,13,VOLKSWAGEN GOLF,-1,-1,0,-1
2021041112022,2021,041112022,1,9,0,18,19,6,1,0,0,0,0,0,0,0,4,1,5,6,1,23,5,1896,2,19,VOLKSWAGEN GOLF,2,E01012711,0,-1
2021430428216,2021,430428216,1,9,0,18,19,4,8,0,0,0,0,0,0,0,1,1,6,6,1,45,7,2000,1,12,VOLKSWAGEN GOLF,9,E01016600,0,-1
202131B085421,2021,31B085421,2,9,0,7,7,1,3,0,0,6,0,0,0,0,3,1,1,1,2,25,5,1598,2,10,VOLKSWAGEN GOLF,9,E01028063,0,-1
2021101080516,2021,101080516,4,9,0,2,2,0,0,0,0,0,0,0,0,0,2,1,6,6,3,-1,-1,1896,2,13,VOLKSWAGEN GOLF,-1,-1,0,-1
2021141038754,2021,141038754,3,9,0,18,19,3,7,0,0,0,0,11,0,0,1,1,6,6,1,31,6,1598,2,11,VOLKSWAGEN GOLF,1,E01007645,0,-1
2021010296055,2021,010296055,1,9,0,99,99,9,9,99,99,9,9,99,9,99,9,9,6,6,1,67,10,1598,2,11,VOLKSWAGEN GOLF,3,E01001493,0,-1
2021131069147,2021,131069147,3,9,0,18,19,7,3,0,0,0,0,0,0,0,1,1,2,2,1,31,6,1598,2,7,VOLKSWAGEN GOLF,9,E01028398,0,-1
2021010332242,2021,010332242,1,9,0,99,99,9,9,99,99,9,9,99,9,99,1,9,6,6,3,26,6,1395,1,4,VOLKSWAGEN GOLF,5,E01003140,0,-1
2021411066088,2021,411066088,2,9,0,2,2,0,0,0,0,2,0,0,0,0,2,1,6,6,1,68,10,1968,2,2,VOLKSWAGEN GOLF,4,E01023756,0,-1
2021010319660,2021,010319660,2,9,0,10,10,5,3,0,0,8,0,0,0,0,1,1,1,1,1,40,7,1498,1,2,VOLKSWAGEN GOLF,6,E01002380,0,-1
2021010300331,2021,010300331,1,9,0,9,9,7,5,0,0,1,0,0,0,0,1,1,6,6,1,62,9,1896,2,14,VOLKSWAGEN GOLF,5,E01004644,0,-1
2021122100791,2021,122100791,3,9,0,18,19,1,5,0,0,8,0,0,0,0,1,1,1,1,1,19,4,1600,2,11,VOLKSWAGEN GOLF,6,E01012242,0,-1
2021991031838,2021,991031838,3,9,0,18,19,5,1,0,0,0,0,0,0,0,1,1,6,6,1,32,6,1968,2,12,VOLKSWAGEN GOLF,5,-1,0,-1
2021101074672,2021,101074672,1,9,0,5,5,7,3,0,0,0,0,11,0,0,1,1,5,6,1,31,6,1968,2,10,VOLKSWAGEN GOLF,1,E01008641,0,-1
2021010336721,2021,010336721,2,9,0,9,9,1,7,0,0,5,0,0,1,11,2,1,6,6,1,21,5,1598,1,14,VOLKSWAGEN GOLF,7,E01001593,0,-1
2021201060675,2021,201060675,1,9,0,4,4,8,4,0,0,1,0,0,0,0,1,1,6,6,1,-1,-1,1598,1,14,VOLKSWAGEN GOLF,-1,-1,0,-1
2021041042472,2021,041042472,2,9,0,3,3,1,1,0,0,1,0,0,0,0,1,1,5,6,2,63,9,1984,1,4,VOLKSWAGEN GOLF,9,E01012598,0,-1
2021141086020,2021,141086020,2,9,0,18,19,6,2,0,0,0,0,0,0,0,2,1,5,6,2,24,5,1498,1,3,VOLKSWAGEN GOLF,5,E01011537,0,-1
2021201094548,2021,201094548,3,9,0,18,19,8,4,0,0,1,0,0,0,0,3,1,6,6,1,18,4,999,1,3,VOLKSWAGEN GOLF,4,E01009089,0,-1
2021131091244,2021,131091244,1,9,0,17,19,3,7,0,0,6,0,11,0,0,1,1,6,6,3,-1,-1,1968,2,5,VOLKSWAGEN GOLF,-1,-1,0,-1
2021221022150,2021,221022150,1,9,0,7,7,8,2,0,0,6,0,0,0,0,1,1,6,6,1,27,6,1390,1,10,VOLKSWAGEN GOLF,7,E01009040,0,-1
2021161104196,2021,161104196,3,9,0,2,2,0,0,0,0,0,0,0,0,0,2,1,6,6,3,30,6,1598,2,8,VOLKSWAGEN GOLF,-1,-1,0,-1
2021041094008,2021,041094008,1,9,0,18,19,8,4,0,0,0,0,0,0,0,1,1,5,6,1,38,7,1598,2,10,VOLKSWAGEN GOLF,1,E01012603,0,-1
2021991063527,2021,991063527,1,9,0,7,7,6,1,0,0,0,1,0,0,0,1,1,6,6,1,22,5,1598,2,8,VOLKSWAGEN GOLF,8,-1,0,-1
2021061081517,2021,061081517,2,9,0,18,19,1,1,0,0,1,0,0,0,0,1,1,5,6,1,31,6,1598,2,6,VOLKSWAGEN GOLF,4,E01005231,0,-1
2021201152254,2021,201152254,1,9,0,18,19,3,7,0,0,2,0,0,0,0,1,1,6,6,3,-1,-1,1498,1,3,VOLKSWAGEN GOLF,-1,-1,0,-1
2021461057927,2021,461057927,2,9,0,3,3,7,3,0,0,0,0,0,1,0,2,1,2,2,2,23,5,1498,1,4,VOLKSWAGEN GOLF,7,E01024727,0,-1
2021122100350,2021,122100350,2,9,0,18,19,3,7,0,0,1,0,0,1,7,1,1,6,6,1,62,9,1498,1,1,VOLKSWAGEN GOLF,6,E01010786,0,-1
2021440196424,2021,440196424,1,9,0,3,3,7,3,0,0,0,0,0,0,0,2,1,2,2,2,46,8,1598,2,2,VOLKSWAGEN GOLF,10,E01022602,0,-1
2021221108624,2021,221108624,1,9,0,16,19,4,8,0,0,0,2,0,2,11,4,1,1,1,1,30,6,1984,1,20,VOLKSWAGEN GOLF,-1,-1,0,-1
2021061079134,2021,061079134,1,9,0,18,19,7,3,0,0,1,0,0,0,0,1,1,6,6,1,27,6,1390,1,12,VOLKSWAGEN GOLF,2,E01004849,0,-1
2021411073179,2021,411073179,1,9,0,3,3,-1,-1,0,0,0,0,0,0,0,2,1,5,6,2,55,8,1498,1,3,VOLKSWAGEN GOLF,5,E01023843,0,-1
2021070261568,2021,070261568,1,9,0,4,4,6,2,0,0,1,0,0,0,0,1,1,1,1,1,27,6,1968,2,1,VOLKSWAGEN GOLF,2,E01006956,0,-1
2021371030360,2021,371030360,1,9,0,17,19,8,4,0,0,0,0,0,1,9,1,1,1,1,1,42,7,1595,1,21,VOLKSWAGEN GOLF,4,E01015796,0,-1
2021991099806,2021,991099806,3,9,0,3,3,3,7,0,0,0,0,0,0,0,2,1,5,6,1,54,8,1498,1,0,VOLKSWAGEN GOLF,-1,-1,0,-1
2021440193373,2021,440193373,1,9,0,5,5,1,5,9,9,8,0,0,0,0,1,1,6,6,1,87,11,1395,1,6,VOLKSWAGEN GOLF,8,E01022975,0,-1
2021302101293,2021,302101293,2,9,0,3,3,2,4,0,0,1,0,0,0,0,2,1,6,6,2,27,6,1400,1,12,VOLKSWAGEN GOLF,3,E01019768,0,-1
2021302100566,2021,302100566,1,9,0,5,5,8,2,0,0,4,0,0,0,0,1,1,6,6,2,67,10,1390,1,11,VOLKSWAGEN GOLF,9,E01013544,0,-1