collision_index,collision_year,collision_ref_no,vehicle_reference,vehicle_type,towing_and_articulation,vehicle_manoeuvre_historic,vehicle_manoeuvre,vehicle_direction_from,vehicle_direction_to,vehicle_location_restricted_lane_historic,vehicle_location_restricted_lane,junction_location,skidding_and_overturning,hit_object_in_carriageway,vehicle_leaving_carriageway,hit_object_off_carriageway,first_point_of_impact,vehicle_left_hand_drive,journey_purpose_of_driver_historic,journey_purpose_of_driver,sex_of_driver,age_of_driver,age_band_of_driver,engine_capacity_cc,propulsion_code,age_of_vehicle,generic_make_model,driver_imd_decile,lsoa_of_driver,escooter_flag,driver_distance_banding
2021991111697,2021,991111697,1,9,0,18,19,7,3,0,0,1,0,0,0,0,1,1,5,6,1,37,7,1600,2,11,VOLKSWAGEN GOLF,1,-1,0,-1
2021501070642,2021,501070642,2,9,0,18,19,6,2,0,0,1,0,0,0,0,1,1,5,6,1,27,6,1395,1,8,VOLKSWAGEN GOLF,3,E01019028,0,-1
2021052100275,2021,052100275,2,9,0,18,19,1,5,0,0,8,0,0,7,0,1,1,6,6,1,29,6,1968,2,6,VOLKSWAGEN GOLF,1,E01006638,0,-1
2021061092848,2021,061092848,1,9,0,13,13,8,4,0,0,8,0,0,0,0,1,1,6,6,1,21,5,1968,2,4,VOLKSWAGEN GOLF,8,E01006046,0,-1
2021201030889,2021,201030889,1,9,0,18,19,4,8,0,0,0,0,0,0,0,1,1,6,6,1,-1,-1,1598,2,10,VOLKSWAGEN GOLF,-1,-1,0,-1
2021010296281,2021,010296281,1,9,0,99,99,9,9,99,99,0,9,99,9,99,1,9,6,6,2,22,5,1598,2,7,VOLKSWAGEN GOLF,4,E01001176,0,-1
2021131113939,2021,131113939,1,9,0,16,19,5,1,0,0,0,0,0,0,0,1,1,5,6,1,19,4,1598,2,7,VOLKSWAGEN GOLF,10,E01011386,0,-1
2021501088960,2021,501088960,1,9,0,6,6,7,5,0,0,1,0,0,0,0,2,1,5,6,2,35,6,1598,1,15,VOLKSWAGEN GOLF,5,E01015163,0,-1
2021010345252,2021,010345252,1,9,0,9,9,7,4,0,0,0,0,0,0,0,1,1,6,6,1,38,7,1197,1,8,VOLKSWAGEN GOLF,3,E01003036,0,-1
2021052100204,2021,052100204,2,9,0,18,19,4,8,0,0,0,0,0,0,0,1,1,6,6,2,46,8,1390,1,9,VOLKSWAGEN GOLF,2,E01006508,0,-1
2021010342169,2021,010342169,1,9,0,6,6,5,5,0,0,1,0,0,0,0,2,1,6,6,1,25,5,1390,1,9,VOLKSWAGEN GOLF,4,E01001023,0,-1
2021440479792,2021,440479792,2,9,0,5,5,8,4,0,0,1,0,0,0,0,1,1,2,2,1,22,5,1598,1,16,VOLKSWAGEN GOLF,8,E01022758,0,-1
2021170H10821,2021,170H10821,1,9,0,9,9,8,6,0,0,4,0,0,0,0,1,1,2,2,1,30,6,1598,2,5,VOLKSWAGEN GOLF,3,E01011964,0,-1
2021520106035,2021,520106035,1,9,0,18,19,5,1,0,0,8,0,0,0,0,1,1,6,6,1,26,6,1984,1,19,VOLKSWAGEN GOLF,9,E01029145,0,-1
2021501086961,2021,501086961,2,9,0,3,3,3,7,0,0,1,0,0,0,0,2,1,5,6,2,48,8,1598,2,10,VOLKSWAGEN GOLF,6,E01019945,0,-1
2021010343404,2021,010343404,2,9,0,17,19,5,1,0,0,8,0,0,0,0,4,1,6,6,2,38,7,1390,1,9,VOLKSWAGEN GOLF,7,E01002198,0,-1
2021440290514,2021,440290514,1,9,0,18,19,6,4,0,0,2,0,0,0,0,3,1,6,6,2,27,6,1900,2,15,VOLKSWAGEN GOLF,6,E01020443,0,-1
2021461051141,2021,461051141,1,9,0,18,19,4,8,0,0,0,0,0,0,0,1,1,6,6,1,35,6,1968,2,8,VOLKSWAGEN GOLF,3,E01024059,0,-1
2021991060874,2021,991060874,1,9,0,18,19,2,7,0,0,2,2,0,0,0,1,1,5,6,2,51,8,2000,2,16,VOLKSWAGEN GOLF,3,-1,0,-1
2021461072592,2021,461072592,1,9,0,18,19,6,2,0,0,0,5,0,1,0,1,1,6,6,1,24,5,1390,1,18,VOLKSWAGEN GOLF,8,E01024057,0,-1
2021061042021,2021,061042021,2,9,0,18,19,2,6,0,0,1,0,0,0,0,1,1,6,6,1,20,4,1598,1,14,VOLKSWAGEN GOLF,1,E01033678,0,-1
2021211100800,2021,211100800,5,9,0,4,4,2,8,0,0,0,0,0,0,0,1,1,1,1,1,-1,-1,1984,1,6,VOLKSWAGEN GOLF,-1,-1,0,-1
2021010319070,2021,010319070,1,9,0,9,9,3,8,0,0,8,0,0,0,0,1,1,6,6,2,36,7,1390,1,12,VOLKSWAGEN GOLF,4,E01004016,0,-1
2021131107904,2021,131107904,1,9,0,7,7,2,4,0,0,2,0,0,0,0,1,2,3,7,2,42,7,1390,1,10,VOLKSWAGEN GOLF,3,E01011024,0,-1
2021461096851,2021,461096851,2,9,0,3,3,8,4,0,0,0,0,0,0,0,2,1,2,2,2,54,8,1598,2,4,VOLKSWAGEN GOLF,5,E01024366,0,-1
2021010328338,2021,010328338,1,9,0,9,9,5,3,0,0,5,0,0,0,0,4,1,6,6,1,29,6,1598,2,3,VOLKSWAGEN GOLF,9,E01003418,0,-1
2021302101431,2021,302101431,1,9,0,18,19,6,2,0,0,0,0,0,0,0,4,1,6,6,1,28,6,1598,2,5,VOLKSWAGEN GOLF,2,E01013585,0,-1
2021501024959,2021,501024959,1,9,0,9,9,6,4,0,0,0,0,0,0,0,3,1,6,6,2,54,8,1896,2,18,VOLKSWAGEN GOLF,4,E01018880,0,-1
2021430251772,2021,430251772,2,9,0,3,3,5,1,0,0,0,0,0,0,0,2,1,6,6,1,65,9,1800,1,22,VOLKSWAGEN GOLF,10,E01017882,0,-1
2021010343626,2021,010343626,1,9,0,3,3,7,3,1,1,1,0,0,0,0,2,1,6,6,1,38,7,1598,1,14,VOLKSWAGEN GOLF,7,E01002197,0,-1
2021061068937,2021,061068937,1,9,0,18,19,5,1,0,0,0,0,0,0,0,0,1,5,6,2,38,7,1896,2,13,VOLKSWAGEN GOLF,-1,-1,0,-1
2021991094301,2021,991094301,1,9,0,9,9,7,5,0,0,1,0,0,0,0,3,1,6,6,1,25,5,1984,1,2,VOLKSWAGEN GOLF,7,-1,0,-1
2021010324377,2021,010324377,1,9,9,99,99,9,9,99,99,0,9,99,9,99,9,9,6,6,1,32,6,1595,1,12,VOLKSWAGEN GOLF,4,E01003784,0,-1
2021211034698,2021,211034698,1,9,0,18,19,6,2,0,0,0,0,10,1,10,2,1,6,6,1,49,8,1598,2,9,VOLKSWAGEN GOLF,2,E01029410,0,-1
2021461023202,2021,461023202,1,9,0,18,19,4,8,0,0,0,1,0,0,0,1,1,2,2,1,24,5,1968,2,8,VOLKSWAGEN GOLF,2,E01023973,0,-1
2021010343307,2021,010343307,2,9,0,2,2,0,0,0,0,1,0,0,0,0,1,1,6,6,3,-1,-1,1390,1,11,VOLKSWAGEN GOLF,-1,-1,0,-1
2021451069336,2021,451069336,1,9,0,17,19,1,5,0,0,0,0,0,0,0,1,1,5,6,1,78,11,2000,1,15,VOLKSWAGEN GOLF,6,E01030598,0,-1
2021430185089,2021,430185089,1,9,0,18,19,5,1,0,0,0,0,0,0,0,1,1,6,6,1,25,5,1984,1,10,VOLKSWAGEN GOLF,7,E01016221,0,-1
2021201126093,2021,201126093,1,9,0,13,13,6,2,0,0,0,0,0,0,0,1,1,6,6,1,24,5,1984,1,14,VOLKSWAGEN GOLF,1,E01010342,0,-1
2021010345081,2021,010345081,1,9,0,99,99,9,9,99,99,9,9,99,9,99,2,9,6,6,2,40,7,1781,1,19,VOLKSWAGEN GOLF,2,E01033702,0,-1
2021010332921,2021,010332921,1,9,9,99,99,9,9,0,0,9,9,0,0,0,9,1,6,6,1,24,5,1498,1,0,VOLKSWAGEN GOLF,5,E01004127,0,-1
2021211105134,2021,211105134,2,9,0,-1,-1,-1,-1,0,0,-1,0,0,-1,0,-1,1,1,1,3,-1,-1,1984,1,6,VOLKSWAGEN GOLF,-1,-1,0,-1
202154C587821,2021,54C587821,1,9,0,18,19,3,6,0,0,0,0,0,7,2,1,1,6,6,2,18,4,1390,1,11,VOLKSWAGEN GOLF,2,E01015537,0,-1
202134NNC1731,2021,34NNC1731,2,9,0,18,19,3,7,0,0,8,0,0,0,0,4,1,3,7,2,45,7,1598,2,10,VOLKSWAGEN GOLF,7,E01027129,0,-1
2021041022314,2021,041022314,1,9,0,18,19,7,3,0,0,0,0,0,0,0,4,1,5,6,1,26,6,1968,2,1,VOLKSWAGEN GOLF,-1,-1,0,-1
2021201137509,2021,201137509,2,9,0,18,19,2,6,0,0,1,0,0,0,0,2,1,6,6,1,22,5,1598,2,5,VOLKSWAGEN GOLF,1,E01010454,0,-1
2021161119251,2021,161119251,2,9,0,7,7,1,3,0,0,1,0,0,0,0,1,1,6,6,1,27,6,2000,2,16,VOLKSWAGEN GOLF,2,E01007633,0,-1
2021501063103,2021,501063103,3,9,0,18,19,3,7,0,0,1,0,0,0,0,1,1,6,6,2,32,6,1968,2,5,VOLKSWAGEN GOLF,5,E01015215,0,-1
2021471050139,2021,471050139,2,9,0,18,19,8,4,0,0,1,0,0,0,0,4,1,5,6,1,55,8,1968,2,3,VOLKSWAGEN GOLF,9,E01030510,0,-1
2021201142030,2021,201142030,2,9,0,7,7,5,7,0,0,5,0,0,0,0,1,1,6,6,1,27,6,1598,2,4,VOLKSWAGEN GOLF,1,E01009099,0,-1
2021421032201,2021,421032201,1,9,0,1,1,7,3,0,0,1,0,0,0,0,2,1,6,6,1,21,5,1598,2,10,VOLKSWAGEN GOLF,6,E01021331,0,-1
2021991100382,2021,991100382,1,9,0,9,9,6,3,0,0,6,0,0,0,0,3,1,5,6,1,73,10,1395,1,7,VOLKSWAGEN GOLF,10,-1,0,-1
2021451050164,2021,451050164,1,9,0,10,10,4,3,0,0,0,0,0,0,0,2,1,1,1,2,55,8,1598,2,4,VOLKSWAGEN GOLF,10,E01017807,0,-1
2021991086697,2021,991086697,1,9,0,16,19,4,7,0,0,0,0,0,0,0,1,1,6,6,1,29,6,1598,1,15,VOLKSWAGEN GOLF,5,-1,0,-1
2021501049640,2021,501049640,1,9,0,18,19,5,1,0,0,1,0,0,3,4,1,1,6,6,1,23,5,1968,2,14,VOLKSWAGEN GOLF,10,E01019909,0,-1
2021161029522,2021,161029522,2,9,0,18,19,4,8,0,0,1,0,0,0,0,1,1,5,6,2,27,6,1984,1,2,VOLKSWAGEN GOLF,5,E01012991,0,-1
2021201111515,2021,201111515,1,9,0,9,9,7,8,0,0,8,0,0,0,0,1,1,6,6,1,20,4,1968,2,6,VOLKSWAGEN GOLF,3,E01009995,0,-1
2021010306832,2021,010306832,2,9,0,99,99,9,9,99,99,9,0,99,0,0,9,9,6,6,3,-1,-1,1390,1,9,VOLKSWAGEN GOLF,-1,-1,0,-1
2021471031783,2021,471031783,1,9,0,18,19,6,2,0,0,1,0,0,0,0,1,1,6,6,1,-1,-1,1598,1,17,VOLKSWAGEN GOLF,-1,-1,0,-1
2021411075871,2021,411075871,1,9,0,5,5,5,1,0,0,1,0,0,0,0,1,1,5,6,1,17,4,1197,1,7,VOLKSWAGEN GOLF,9,E01023676,0,-1
2021141037882,2021,141037882,2,9,0,5,5,3,7,0,0,0,0,0,0,0,4,1,5,6,1,29,6,1600,1,17,VOLKSWAGEN GOLF,3,E01007903,0,-1
2021170S10951,2021,170S10951,2,9,0,18,19,5,1,0,0,8,0,0,0,0,1,1,6,6,1,22,5,1390,1,11,VOLKSWAGEN GOLF,2,E01012193,0,-1
2021010303168,2021,010303168,2,9,0,9,9,8,7,0,0,8,0,0,0,0,0,1,6,6,1,34,6,-1,3,3,VOLKSWAGEN GOLF,6,E01003228,0,-1
2021471056531,2021,471056531,2,9,0,9,9,8,6,0,0,8,0,0,0,0,3,1,5,6,1,28,6,2000,2,17,VOLKSWAGEN GOLF,5,E01031826,0,-1
2021201107677,2021,201107677,2,9,0,3,3,2,6,0,0,0,0,0,0,0,1,1,6,6,2,37,7,1395,8,1,VOLKSWAGEN GOLF,1,E01009341,0,-1
2021522200418,2021,522200418,1,9,0,18,19,2,6,0,0,0,0,0,0,0,3,1,6,6,1,21,5,1390,1,14,VOLKSWAGEN GOLF,3,E01014830,0,-1
2021141036145,2021,141036145,2,9,0,5,5,1,1,0,0,0,0,0,0,0,2,1,6,6,2,28,6,1598,1,13,VOLKSWAGEN GOLF,2,E01007324,0,-1
2021320692921,2021,320692921,2,9,0,18,19,8,4,0,0,0,0,0,0,0,2,1,2,2,1,21,5,1598,2,9,VOLKSWAGEN GOLF,6,E01025677,0,-1
2021061062654,2021,061062654,1,9,0,4,4,1,5,0,0,1,0,0,0,0,2,1,5,6,1,49,8,1598,2,2,VOLKSWAGEN GOLF,10,E01005021,0,-1
2021041044405,2021,041044405,1,9,0,6,6,1,5,0,0,0,0,0,0,0,4,1,5,6,1,26,6,1598,2,10,VOLKSWAGEN GOLF,5,E01012645,0,-1
2021461102821,2021,461102821,1,9,0,16,19,7,3,0,0,0,0,0,0,0,3,1,6,6,1,49,8,1896,2,16,VOLKSWAGEN GOLF,4,E01000408,0,-1
2021061112886,2021,061112886,1,9,0,18,19,2,6,0,0,1,0,0,0,0,1,1,5,6,1,65,9,1984,1,2,VOLKSWAGEN GOLF,7,E01018673,0,-1
2021010323595,2021,010323595,2,9,0,4,4,5,1,0,0,0,0,0,0,0,2,1,6,6,1,25,5,1395,1,8,VOLKSWAGEN GOLF,-1,-1,0,-1
2021010301384,2021,010301384,3,9,0,4,4,5,1,0,0,0,0,0,7,0,2,1,6,6,2,62,9,1395,1,6,VOLKSWAGEN GOLF,10,E01001416,0,-1
2021010290432,2021,010290432,2,9,0,4,4,7,3,0,0,0,0,0,0,0,3,1,6,6,1,29,6,1395,1,4,VOLKSWAGEN GOLF,10,E01002146,0,-1
2021122100337,2021,122100337,2,9,0,3,3,3,1,0,0,1,0,0,0,0,2,1,6,6,2,66,10,1968,2,12,VOLKSWAGEN GOLF,8,E01027650,0,-1
2021010321879,2021,010321879,1,9,0,18,19,5,1,0,0,0,0,0,0,0,1,1,6,6,1,32,6,1968,2,11,VOLKSWAGEN GOLF,10,E01030377,0,-1
2021101038900,2021,101038900,1,9,0,18,19,1,2,0,0,0,0,4,0,0,1,1,2,2,1,29,6,2000,2,15,VOLKSWAGEN GOLF,1,E01008827,0,-1
2021451098085,2021,451098085,1,9,0,7,7,5,1,0,0,1,0,0,0,0,0,1,2,2,1,46,8,1896,2,13,VOLKSWAGEN GOLF,3,E01030793,0,-1
2021141107264,2021,141107264,2,9,0,18,19,3,7,0,0,0,0,0,0,0,1,1,6,6,3,-1,-1,1896,2,13,VOLKSWAGEN GOLF,-1,-1,0,-1
2021101101971,2021,101101971,1,9,0,5,5,7,3,0,0,6,0,0,0,0,4,1,5,6,1,75,10,1968,2,2,VOLKSWAGEN GOLF,10,E01027468,0,-1
2021010348049,2021,010348049,2,9,0,99,99,9,9,99,99,9,9,99,9,99,9,9,6,6,3,57,9,1395,8,4,VOLKSWAGEN GOLF,2,E01004230,0,-1
2021461112994,2021,461112994,2,9,0,4,4,5,1,0,0,0,0,0,0,0,1,1,6,6,2,25,5,1598,2,9,VOLKSWAGEN GOLF,8,E01032016,0,-1
2021010309606,2021,010309606,2,9,0,99,99,9,9,0,0,1,0,0,0,0,1,1,6,6,3,-1,-1,1598,2,6,VOLKSWAGEN GOLF,6,E01016469,0,-1
2021440352784,2021,440352784,1,9,0,18,19,7,3,0,0,1,0,0,0,0,4,1,6,6,2,60,9,1984,1,19,VOLKSWAGEN GOLF,1,E01017118,0,-1
2021041055330,2021,041055330,1,9,0,16,19,6,2,0,0,0,0,0,0,0,1,1,5,6,1,40,7,1968,2,14,VOLKSWAGEN GOLF,8,E01019372,0,-1
2021041027487,2021,041027487,2,9,0,18,19,3,7,0,0,1,0,0,0,0,4,1,5,6,1,24,5,1900,2,14,VOLKSWAGEN GOLF,-1,-1,0,-1
202134WNC4021,2021,34WNC4021,1,9,0,5,5,3,7,0,0,6,0,0,0,0,1,1,6,6,1,31,6,1968,2,13,VOLKSWAGEN GOLF,9,E01017644,0,-1
202163B097021,2021,63B097021,2,9,0,4,4,3,7,0,0,0,0,0,1,10,2,1,6,6,2,50,8,1598,2,6,VOLKSWAGEN GOLF,7,W01000545,0,-1
202134NNC3031,2021,34NNC3031,1,9,0,9,9,3,1,0,0,6,0,0,0,0,1,1,6,6,1,23,5,1498,1,3,VOLKSWAGEN GOLF,6,E01027085,0,-1
2021010332092,2021,010332092,2,9,0,18,19,7,3,0,0,0,0,0,1,0,1,1,1,1,1,41,7,1390,1,12,VOLKSWAGEN GOLF,-1,-1,0,-1
2021320620302,2021,320620302,1,9,0,13,13,8,5,0,0,0,0,0,0,0,4,2,6,6,3,-1,-1,1984,1,21,VOLKSWAGEN GOLF,-1,-1,0,-1
2021010343575,2021,010343575,1,9,0,11,11,1,5,0,0,8,0,0,0,0,1,1,6,6,1,24,5,1498,1,0,VOLKSWAGEN GOLF,2,E01002793,0,-1
2021122101294,2021,122101294,4,9,0,2,2,0,0,0,0,0,0,0,0,0,4,1,6,6,3,-1,-1,1600,2,11,VOLKSWAGEN GOLF,-1,-1,0,-1
2021461173484,2021,461173484,1,9,0,1,1,2,6,0,0,1,0,0,0,0,2,1,6,6,1,37,7,2324,1,18,VOLKSWAGEN GOLF,3,E01016046,0,-1
2021430560878,2021,430560878,1,9,0,9,9,8,6,0,0,1,0,0,0,0,1,1,6,6,1,20,4,1390,1,19,VOLKSWAGEN GOLF,6,E01028700,0,-1
2021371060475,2021,371060475,1,9,0,5,5,7,3,0,0,2,0,0,1,10,4,1,1,1,1,31,6,2000,2,16,VOLKSWAGEN GOLF,2,E01030246,0,-1
2021991054914,2021,991054914,1,9,0,2,2,0,0,6,6,0,0,0,0,0,2,1,5,6,1,36,7,1498,1,1,VOLKSWAGEN GOLF,2,E01003578,0,-1
2021131106205,2021,131106205,1,9,0,17,19,4,2,0,0,0,0,0,1,9,1,1,5,6,1,18,4,999,1,3,VOLKSWAGEN GOLF,3,E01011834,0,-1
2021141031458,2021,141031458,1,9,0,18,19,5,1,0,0,1,0,0,0,0,1,1,5,6,1,18,4,1498,1,2,VOLKSWAGEN GOLF,4,E01007390,0,-1
2021302101000,2021,302101000,1,9,0,18,19,5,1,0,0,0,1,0,1,4,3,1,6,6,1,27,6,1598,1,15,VOLKSWAGEN GOLF,-1,-1,0,-1
2021010309212,2021,010309212,2,9,0,99,99,9,9,99,99,9,9,99,9,99,2,9,6,6,1,51,8,1600,1,17,VOLKSWAGEN GOLF,2,E01003325,0,-1
2021111024875,2021,111024875,1,9,0,18,19,5,1,0,0,0,0,0,1,0,1,1,5,6,2,21,5,1968,2,6,VOLKSWAGEN GOLF,-1,-1,0,-1
2021010340072,2021,010340072,1,9,0,14,14,1,5,2,2,0,0,0,0,0,1,1,6,6,1,48,8,1395,8,6,VOLKSWAGEN GOLF,3,E01001676,0,-1
2021010287185,2021,010287185,1,9,0,17,19,7,4,0,0,0,0,10,2,10,4,1,6,6,1,41,7,2000,1,14,VOLKSWAGEN GOLF,-1,-1,0,-1
2021010344532,2021,010344532,1,9,0,7,7,1,3,0,0,5,0,0,0,0,1,1,6,6,3,-1,-1,1390,1,18,VOLKSWAGEN GOLF,-1,-1,0,-1
2021221029889,2021,221029889,1,9,0,18,19,1,5,0,0,0,5,0,2,0,1,1,2,2,1,44,7,1968,2,10,VOLKSWAGEN GOLF,6,E01022233,0,-1
2021101040704,2021,101040704,2,9,0,9,9,7,3,0,0,1,0,0,0,0,1,1,6,6,1,18,4,1598,2,2,VOLKSWAGEN GOLF,3,E01008186,0,-1
20211381G1275,2021,1381G1275,1,9,0,18,19,2,6,0,0,0,0,0,0,0,1,1,6,6,1,45,7,1896,2,13,VOLKSWAGEN GOLF,5,E01011006,0,-1
2021231110888,2021,231110888,1,9,0,18,19,6,2,0,0,0,0,0,0,0,1,1,5,6,1,33,6,1598,2,7,VOLKSWAGEN GOLF,9,E01016793,0,-1
2021061113762,2021,061113762,1,9,0,7,7,6,1,0,0,1,0,0,0,0,-1,1,6,6,1,-1,-1,1968,2,8,VOLKSWAGEN GOLF,-1,-1,0,-1
2021010287148,2021,010287148,1,9,0,17,19,1,5,0,0,1,2,4,0,0,1,1,6,6,1,19,4,999,1,3,VOLKSWAGEN GOLF,10,E01023551,0,-1
2021549600221,2021,549600221,1,9,0,18,19,1,5,0,0,0,0,0,2,1,1,1,6,6,1,18,4,1968,2,7,VOLKSWAGEN GOLF,4,E01008891,0,-1
2021211101236,2021,211101236,1,9,0,13,13,7,3,0,0,0,0,0,0,0,1,1,5,6,1,42,7,1595,1,18,VOLKSWAGEN GOLF,7,E01014362,0,-1
2021991055176,2021,991055176,1,9,0,16,19,1,4,0,0,1,5,0,1,11,1,1,6,6,1,18,4,1390,1,12,VOLKSWAGEN GOLF,9,-1,0,-1
2021141034372,2021,141034372,1,9,0,17,19,5,3,0,0,0,2,0,0,0,4,1,6,6,2,26,6,1600,1,16,VOLKSWAGEN GOLF,9,E01028200,0,-1
2021302100794,2021,302100794,2,9,0,11,11,8,2,0,0,8,0,0,0,0,4,1,6,6,2,-1,-1,1598,1,16,VOLKSWAGEN GOLF,3,E01019569,0,-1
2021101065339,2021,101065339,1,9,0,1,1,8,3,0,0,0,0,0,0,0,2,1,6,6,1,-1,-1,1598,1,17,VOLKSWAGEN GOLF,-1,-1,0,-1
2021101109780,2021,101109780,2,9,0,18,19,3,3,0,0,8,0,0,0,0,1,1,5,6,1,61,9,1968,2,4,VOLKSWAGEN GOLF,3,E01008780,0,-1
2021544166021,2021,544166021,2,9,0,5,5,5,3,0,0,1,0,0,0,0,2,1,6,6,1,66,10,1968,2,2,VOLKSWAGEN GOLF,9,E01032703,0,-1
2021461110323,2021,461110323,2,9,0,4,4,7,5,0,0,1,0,0,1,7,4,1,2,2,2,39,7,1598,1,14,VOLKSWAGEN GOLF,6,E01024314,0,-1
2021451104320,2021,451104320,2,9,0,16,19,7,3,0,0,0,0,0,0,0,1,1,5,6,2,42,7,1395,1,6,VOLKSWAGEN GOLF,9,E01030567,0,-1
2021991096777,2021,991096777,1,9,0,4,4,1,6,0,0,0,0,0,0,0,4,1,5,6,2,56,9,1598,2,3,VOLKSWAGEN GOLF,10,-1,0,-1
2021440009483,2021,440009483,1,9,0,18,19,3,7,0,0,1,0,0,0,0,4,1,6,6,3,-1,-1,1896,2,16,VOLKSWAGEN GOLF,-1,-1,0,-1
202131C131321,2021,31C131321,1,9,0,18,19,3,7,0,0,1,0,0,0,0,1,1,1,1,1,33,6,1598,1,14,VOLKSWAGEN GOLF,-1,-1,0,-1
2021201095362,2021,201095362,1,9,0,9,9,3,1,0,0,6,0,0,0,0,1,1,1,1,1,29,6,1896,2,14,VOLKSWAGEN GOLF,1,E01009195,0,-1
2021411024265,2021,411024265,2,9,0,18,19,5,1,0,0,0,0,0,0,0,4,1,2,2,2,25,5,1395,1,6,VOLKSWAGEN GOLF,10,E01023767,0,-1
2021440009683,2021,440009683,2,9,0,18,19,3,7,0,0,8,0,0,0,0,4,1,2,2,1,32,6,1197,1,10,VOLKSWAGEN GOLF,4,E01017074,0,-1
2021010348515,2021,010348515,1,9,0,18,19,5,1,0,0,4,1,9,0,0,1,1,6,6,1,21,5,1395,1,8,VOLKSWAGEN GOLF,7,E01002199,0,-1
2021211054183,2021,211054183,1,9,0,18,19,6,2,0,0,0,0,0,0,0,1,1,5,6,1,38,7,1498,1,3,VOLKSWAGEN GOLF,8,E01029347,0,-1
2021411124535,2021,411124535,2,9,0,3,3,5,1,0,0,0,0,0,0,0,2,1,5,6,2,31,6,1900,2,15,VOLKSWAGEN GOLF,9,E01023525,0,-1
2021010328908,2021,010328908,1,9,0,18,19,3,7,0,0,8,0,0,0,0,4,1,6,6,1,34,6,-1,3,3,VOLKSWAGEN GOLF,5,E01004056,0,-1
2021501073011,2021,501073011,2,9,0,8,8,1,4,0,0,3,0,0,0,0,3,1,5,6,1,49,8,1968,2,8,VOLKSWAGEN GOLF,3,E01015041,0,-1
2021211052778,2021,211052778,1,9,0,18,19,4,3,0,0,1,0,0,0,0,1,1,1,1,1,25,5,1968,2,15,VOLKSWAGEN GOLF,-1,-1,0,-1
2021991043624,2021,991043624,1,9,0,5,5,6,2,0,0,0,0,0,0,0,1,1,5,6,1,40,7,1896,2,19,VOLKSWAGEN GOLF,7,-1,0,-1
2021421080949,2021,421080949,1,9,0,18,19,5,1,0,0,0,0,0,0,0,1,1,6,6,1,29,6,1781,1,20,VOLKSWAGEN GOLF,-1,-1,0,-1
2021440329367,2021,440329367,1,9,0,18,19,7,3,0,0,0,1,0,0,0,1,1,6,6,2,32,6,1896,2,12,VOLKSWAGEN GOLF,6,E01017018,0,-1
2021061041157,2021,061041157,2,9,0,18,19,2,6,0,0,0,0,0,0,0,1,1,6,6,1,32,6,1598,2,8,VOLKSWAGEN GOLF,2,E01004931,0,-1
2021302101802,2021,302101802,1,9,0,7,7,8,3,0,0,3,0,0,0,0,1,1,6,6,1,27,6,1598,2,4,VOLKSWAGEN GOLF,3,E01019404,0,-1
2021131118795,2021,131118795,1,9,0,5,5,1,3,0,0,0,0,0,0,0,1,1,5,6,2,22,5,1598,2,3,VOLKSWAGEN GOLF,9,E01010681,0,-1
2021010318566,2021,010318566,2,9,0,18,19,7,3,0,0,0,1,0,0,0,1,1,6,6,1,23,5,1390,1,12,VOLKSWAGEN GOLF,1,E01003577,0,-1
202131C045921,2021,31C045921,1,9,0,3,3,6,4,0,0,1,0,0,0,0,4,1,6,6,1,31,6,1900,2,17,VOLKSWAGEN GOLF,4,E01013937,0,-1
2021131041457,2021,131041457,3,9,0,4,4,4,8,0,0,1,0,0,0,0,2,1,6,6,2,47,8,1598,2,5,VOLKSWAGEN GOLF,7,E01011719,0,-1
2021161115237,2021,161115237,2,9,0,5,5,1,5,0,0,4,0,0,0,0,1,1,6,6,1,37,7,2000,2,17,VOLKSWAGEN GOLF,4,E01007761,0,-1
2021170S10331,2021,170S10331,1,9,0,5,5,7,3,0,0,0,0,0,0,0,4,1,6,6,1,63,9,1498,1,2,VOLKSWAGEN GOLF,9,E01011983,0,-1
2021010329968,2021,010329968,1,9,0,11,11,5,1,0,0,3,0,0,0,0,1,1,6,6,2,50,8,1598,2,4,VOLKSWAGEN GOLF,2,E01000626,0,-1
2021131111638,2021,131111638,1,9,0,18,19,1,3,0,0,4,0,0,0,0,1,1,6,6,1,22,5,1896,2,14,VOLKSWAGEN GOLF,1,E01010702,0,-1
2021440392674,2021,440392674,1,9,5,16,19,6,2,0,0,4,0,0,0,0,2,1,2,2,1,23,5,1395,1,6,VOLKSWAGEN GOLF,2,E01017328,0,-1
2021010294755,2021,010294755,1,9,9,99,99,9,9,99,99,0,9,99,9,99,2,9,6,6,1,30,6,1390,1,13,VOLKSWAGEN GOLF,3,E01003637,0,-1
2021041069562,2021,041069562,1,9,0,17,19,3,7,0,0,0,0,0,1,4,4,1,5,6,1,33,6,1984,1,2,VOLKSWAGEN GOLF,8,E01025348,0,-1
2021010315063,2021,010315063,1,9,0,99,99,9,9,99,99,9,9,99,9,99,9,9,6,6,1,24,5,1390,1,14,VOLKSWAGEN GOLF,8,E01001568,0,-1
2021061055695,2021,061055695,1,9,0,18,19,3,7,0,0,0,0,0,0,0,2,1,2,2,1,20,4,1598,2,4,VOLKSWAGEN GOLF,10,E01005048,0,-1
2021461062829,2021,461062829,2,9,0,3,3,7,3,0,0,1,0,0,0,0,2,1,6,6,1,-1,-1,1896,2,19,VOLKSWAGEN GOLF,4,E01024195,0,-1
2021440229335,2021,440229335,1,9,0,18,19,8,4,0,0,0,0,0,0,0,4,1,6,6,1,25,5,1968,2,12,VOLKSWAGEN GOLF,6,E01015331,0,-1
2021138390310,2021,138390310,1,9,0,7,7,2,6,0,0,1,0,0,0,0,1,1,1,1,1,-1,-1,1968,2,14,VOLKSWAGEN GOLF,-1,-1,0,-1
2021138451410,2021,138451410,1,9,0,16,19,7,3,0,0,0,0,0,0,0,1,1,6,6,2,22,5,1968,2,4,VOLKSWAGEN GOLF,1,E01010626,0,-1
2021501077599,2021,501077599,1,9,0,5,5,5,1,0,0,4,0,0,0,0,1,1,6,6,1,24,5,1896,2,13,VOLKSWAGEN GOLF,9,E01033233,0,-1