collision_index,collision_year,collision_ref_no,vehicle_reference,vehicle_type,towing_and_articulation,vehicle_manoeuvre_historic,vehicle_manoeuvre,vehicle_direction_from,vehicle_direction_to,vehicle_location_restricted_lane_historic,vehicle_location_restricted_lane,junction_location,skidding_and_overturning,hit_object_in_carriageway,vehicle_leaving_carriageway,hit_object_off_carriageway,first_point_of_impact,vehicle_left_hand_drive,journey_purpose_of_driver_historic,journey_purpose_of_driver,sex_of_driver,age_of_driver,age_band_of_driver,engine_capacity_cc,propulsion_code,age_of_vehicle,generic_make_model,driver_imd_decile,lsoa_of_driver,escooter_flag,driver_distance_banding
2021161054986,2021,161054986,2,9,0,17,19,7,3,0,0,1,0,0,0,0,4,1,6,6,1,30,6,1390,1,15,VOLKSWAGEN GOLF,8,E01013292,0,-1
2021070862830,2021,070862830,1,9,0,18,19,2,6,0,0,0,0,0,0,0,1,1,6,6,2,-1,-1,1498,1,1,VOLKSWAGEN GOLF,-1,-1,0,-1
2021430008241,2021,430008241,1,9,0,18,19,2,6,0,0,1,0,0,0,0,1,1,6,6,1,57,9,1896,2,14,VOLKSWAGEN GOLF,10,E01016182,0,-1
2021421042434,2021,421042434,1,9,0,18,19,5,1,9,9,1,0,0,0,0,4,1,6,6,1,27,6,1390,1,17,VOLKSWAGEN GOLF,2,E01015779,0,-1
2021061087551,2021,061087551,1,9,0,6,6,1,1,0,0,8,0,0,0,0,1,1,1,1,1,21,5,1598,2,8,VOLKSWAGEN GOLF,1,E01005240,0,-1
2021122100231,2021,122100231,2,9,0,18,19,1,3,0,0,1,0,0,0,0,1,1,6,6,2,44,7,1598,2,3,VOLKSWAGEN GOLF,9,E01010589,0,-1
2021010290630,2021,010290630,1,9,0,9,9,1,6,0,0,1,0,0,0,0,4,1,1,1,2,30,6,999,1,3,VOLKSWAGEN GOLF,7,E01000786,0,-1
2021010333466,2021,010333466,1,9,0,4,4,7,3,0,0,1,0,0,0,0,1,1,6,6,2,28,6,1390,1,11,VOLKSWAGEN GOLF,3,E01002932,0,-1
2021010347091,2021,010347091,2,9,0,99,99,9,9,99,99,9,9,99,9,99,9,9,6,6,1,25,5,1498,1,1,VOLKSWAGEN GOLF,4,E01025093,0,-1
2021010311613,2021,010311613,1,9,0,9,9,8,5,0,0,1,0,0,0,0,4,1,1,1,2,27,6,1598,1,15,VOLKSWAGEN GOLF,6,E01001207,0,-1
2021430304726,2021,430304726,2,9,0,16,19,2,5,0,0,0,0,0,0,0,1,1,6,6,1,37,7,1968,2,6,VOLKSWAGEN GOLF,10,E01023287,0,-1
202131D075821,2021,31D075821,1,9,0,4,4,1,5,0,0,0,0,0,0,0,2,1,6,6,1,28,6,1498,1,2,VOLKSWAGEN GOLF,6,E01019674,0,-1
202134WNC0611,2021,34WNC0611,1,9,0,9,9,7,5,0,0,8,0,0,0,0,3,1,2,2,2,30,6,1498,1,2,VOLKSWAGEN GOLF,-1,-1,0,-1
2021031032448,2021,031032448,1,9,0,18,19,5,1,0,0,0,0,0,5,0,3,1,2,2,1,60,9,1984,1,8,VOLKSWAGEN GOLF,9,-1,0,-1
2021552100442,2021,552100442,2,9,0,18,19,1,5,0,0,8,0,0,0,0,1,1,6,6,2,29,6,999,1,2,VOLKSWAGEN GOLF,8,E01015407,0,-1
2021552101070,2021,552101070,2,9,0,18,19,5,1,0,0,0,0,0,0,0,1,1,6,6,1,20,4,1968,2,12,VOLKSWAGEN GOLF,2,E01033200,0,-1
2021111073447,2021,111073447,1,9,0,18,19,3,7,0,0,0,0,0,0,0,1,1,5,6,2,25,5,1968,2,10,VOLKSWAGEN GOLF,3,E01020621,0,-1
2021622100486,2021,622100486,3,9,0,18,19,6,2,0,0,2,0,0,0,0,2,1,6,6,1,40,7,1968,2,11,VOLKSWAGEN GOLF,1,W01001879,0,-1
2021302101131,2021,302101131,2,9,0,18,19,8,4,0,0,0,0,0,0,0,1,1,6,6,1,57,9,1968,2,8,VOLKSWAGEN GOLF,10,E01013520,0,-1
20211383J0275,2021,1383J0275,2,9,0,2,2,0,0,0,0,0,0,0,0,0,2,1,6,6,3,-1,-1,1984,1,14,VOLKSWAGEN GOLF,-1,-1,0,-1
2021302101009,2021,302101009,1,9,0,13,13,4,8,0,0,0,5,0,0,0,1,1,6,6,1,25,5,1984,1,6,VOLKSWAGEN GOLF,6,E01025925,0,-1
2021010352316,2021,010352316,2,9,0,6,6,7,7,0,0,8,0,0,0,0,3,1,6,6,2,26,6,1390,1,12,VOLKSWAGEN GOLF,2,E01002530,0,-1
2021010289463,2021,010289463,1,9,0,5,5,0,1,0,0,5,0,0,0,0,1,1,6,6,1,20,4,1390,1,13,VOLKSWAGEN GOLF,4,E01002409,0,-1
2021471026234,2021,471026234,1,9,0,18,19,8,4,0,0,0,1,0,1,7,1,1,5,6,2,31,6,2000,2,17,VOLKSWAGEN GOLF,8,E01030335,0,-1
2021131072179,2021,131072179,2,9,0,9,9,6,4,0,0,5,0,0,0,0,1,1,6,6,1,21,5,1598,2,8,VOLKSWAGEN GOLF,3,E01011313,0,-1
2021430312927,2021,430312927,2,9,0,9,9,3,8,0,0,8,0,0,0,0,1,1,6,6,1,19,4,1598,2,8,VOLKSWAGEN GOLF,-1,-1,0,-1
2021061077596,2021,061077596,1,9,0,17,19,1,1,0,0,0,1,10,0,0,1,1,6,6,1,21,5,1598,2,3,VOLKSWAGEN GOLF,1,E01012639,0,-1
2021461022095,2021,461022095,2,9,0,18,19,5,1,0,0,0,0,0,0,0,3,1,6,6,1,21,5,1900,2,16,VOLKSWAGEN GOLF,2,E01024019,0,-1
2021041018187,2021,041018187,1,9,0,18,19,7,3,0,0,1,5,4,0,0,3,1,5,6,1,22,5,1900,2,16,VOLKSWAGEN GOLF,4,E01025213,0,-1
2021061058024,2021,061058024,2,9,0,4,4,1,5,0,0,1,0,0,0,0,1,1,5,6,3,30,6,1968,2,9,VOLKSWAGEN GOLF,-1,-1,0,-1
2021010294900,2021,010294900,1,9,0,11,11,3,7,0,0,5,0,7,0,0,1,1,6,6,1,29,6,999,1,5,VOLKSWAGEN GOLF,1,E01002099,0,-1
2021131082166,2021,131082166,1,9,0,18,19,1,5,0,0,1,0,0,0,0,4,1,6,6,3,-1,-1,1598,2,9,VOLKSWAGEN GOLF,-1,-1,0,-1
2021991140611,2021,991140611,1,9,0,18,19,3,7,0,0,8,0,0,1,11,3,1,6,6,1,21,5,1598,2,6,VOLKSWAGEN GOLF,8,-1,0,-1
2021201046114,2021,201046114,1,9,0,18,19,6,2,0,0,0,0,10,1,1,1,1,6,6,1,22,5,1984,1,4,VOLKSWAGEN GOLF,10,E01010197,0,-1
2021141047395,2021,141047395,1,9,0,7,7,1,5,0,0,4,1,0,0,0,1,1,5,6,1,27,6,1598,2,8,VOLKSWAGEN GOLF,2,E01007517,0,-1
2021451059789,2021,451059789,2,9,0,5,5,3,5,0,0,6,0,0,3,0,3,1,5,6,2,71,10,1395,1,7,VOLKSWAGEN GOLF,8,E01030611,0,-1
2021461098514,2021,461098514,1,9,0,18,19,3,7,0,0,0,0,0,0,0,1,1,6,6,1,31,6,1498,1,4,VOLKSWAGEN GOLF,3,E01016036,0,-1
2021471032943,2021,471032943,3,9,0,4,4,3,7,0,0,0,0,0,0,0,2,1,5,6,2,69,10,1598,2,6,VOLKSWAGEN GOLF,5,E01021011,0,-1
2021522104312,2021,522104312,1,9,0,2,2,0,0,0,0,1,0,0,0,0,3,1,6,6,1,25,5,1598,1,16,VOLKSWAGEN GOLF,4,E01014573,0,-1
2021461036204,2021,461036204,1,9,0,14,14,7,3,0,0,1,1,0,0,0,1,1,6,6,1,19,4,1598,1,16,VOLKSWAGEN GOLF,8,E01033210,0,-1
2021991103595,2021,991103595,1,9,0,9,9,5,2,0,0,8,0,0,0,0,1,1,5,6,2,24,5,1896,2,18,VOLKSWAGEN GOLF,4,-1,0,-1
2021010292204,2021,010292204,2,9,9,99,99,9,9,99,99,9,9,99,9,99,9,9,6,6,3,-1,-1,1390,1,10,VOLKSWAGEN GOLF,-1,-1,0,-1
2021411066011,2021,411066011,1,9,0,18,19,-1,-1,0,0,0,0,0,0,0,1,1,6,6,1,57,9,1896,2,14,VOLKSWAGEN GOLF,4,E01001450,0,-1
2021131080090,2021,131080090,2,9,0,18,19,1,5,9,9,0,0,0,0,0,1,1,5,6,1,39,7,1598,2,10,VOLKSWAGEN GOLF,1,E01010841,0,-1
2021061028286,2021,061028286,1,9,0,18,19,5,1,0,0,0,0,0,0,0,1,1,2,2,1,78,11,1498,1,2,VOLKSWAGEN GOLF,9,E01005926,0,-1
2021421044638,2021,421044638,1,9,0,1,1,8,4,9,9,0,0,0,0,0,2,1,6,6,2,51,8,1498,1,3,VOLKSWAGEN GOLF,10,E01021941,0,-1
2021010305433,2021,010305433,1,9,0,18,19,1,5,0,0,1,0,0,7,0,1,1,6,6,1,84,11,1498,1,3,VOLKSWAGEN GOLF,10,E01002437,0,-1
2021201098344,2021,201098344,1,9,0,16,19,4,6,0,0,1,1,0,0,0,1,1,6,6,3,-1,-1,1900,2,17,VOLKSWAGEN GOLF,-1,-1,0,-1
2021201095486,2021,201095486,2,9,0,18,19,7,3,0,0,2,0,0,0,0,1,1,2,2,1,46,8,1390,1,15,VOLKSWAGEN GOLF,4,E01015071,0,-1
2021430460887,2021,430460887,2,9,0,18,19,5,1,0,0,0,0,4,0,0,1,1,6,6,1,21,5,1896,2,19,VOLKSWAGEN GOLF,3,E01016490,0,-1
2021061112069,2021,061112069,2,9,0,18,19,1,5,0,0,8,0,0,7,10,1,1,5,6,1,30,6,1968,2,4,VOLKSWAGEN GOLF,5,E01006008,0,-1
2021401071060,2021,401071060,1,9,0,3,3,8,5,0,0,0,0,0,0,0,1,1,5,6,1,43,7,1598,2,10,VOLKSWAGEN GOLF,6,E01015766,0,-1
2021471108564,2021,471108564,1,9,0,2,2,0,0,0,0,1,0,0,0,0,3,1,5,6,2,49,8,1598,2,2,VOLKSWAGEN GOLF,7,E01016997,0,-1
2021010308728,2021,010308728,1,9,0,9,9,1,7,0,0,6,0,0,0,0,1,1,6,6,1,32,6,1984,1,2,VOLKSWAGEN GOLF,-1,-1,0,-1
2021471082973,2021,471082973,1,9,0,7,7,2,4,0,0,1,5,0,0,0,4,1,6,6,3,38,7,1896,2,16,VOLKSWAGEN GOLF,2,E01016944,0,-1
2021141046603,2021,141046603,1,9,0,18,19,5,1,0,0,8,0,0,1,11,3,1,1,1,1,26,6,1968,2,9,VOLKSWAGEN GOLF,4,E01007879,0,-1
2021430586632,2021,430586632,2,9,0,18,19,4,8,0,0,8,0,0,0,0,1,1,6,6,1,-1,-1,1498,1,2,VOLKSWAGEN GOLF,-1,-1,0,-1
2021302100984,2021,302100984,1,9,0,18,19,8,4,0,0,0,0,0,0,0,1,1,2,2,1,20,4,1598,2,7,VOLKSWAGEN GOLF,9,E01033168,0,-1
2021421093972,2021,421093972,2,9,0,17,19,4,1,0,0,1,0,0,0,0,4,1,5,6,1,22,5,1900,2,16,VOLKSWAGEN GOLF,2,E01021977,0,-1
2021010330467,2021,010330467,2,9,0,3,3,1,5,0,0,0,0,0,0,0,1,1,6,6,1,29,6,1598,1,16,VOLKSWAGEN GOLF,1,E01004247,0,-1
202131D069421,2021,31D069421,1,9,0,18,19,1,5,0,0,0,0,0,0,0,1,1,6,6,2,48,8,1498,1,1,VOLKSWAGEN GOLF,10,E01028373,0,-1
2021991062930,2021,991062930,2,9,0,18,19,5,1,0,0,8,0,0,0,0,1,1,5,6,1,31,6,1598,2,9,VOLKSWAGEN GOLF,1,-1,0,-1
2021010326088,2021,010326088,1,9,0,18,19,6,2,0,0,8,0,0,0,0,1,1,6,6,1,30,6,1984,1,4,VOLKSWAGEN GOLF,1,E01033153,0,-1
2021070629762,2021,070629762,3,9,0,2,2,0,0,0,0,2,0,0,0,0,3,1,3,7,1,38,7,2000,2,16,VOLKSWAGEN GOLF,-1,-1,0,-1
2021201079070,2021,201079070,3,9,0,3,3,8,4,0,0,0,0,0,0,0,2,1,6,6,1,51,8,1598,1,15,VOLKSWAGEN GOLF,1,E01009507,0,-1
2021010297489,2021,010297489,1,9,0,99,99,9,9,99,99,9,9,99,9,99,2,9,6,6,2,35,6,1598,1,15,VOLKSWAGEN GOLF,6,E01030363,0,-1
202134WNC1671,2021,34WNC1671,2,9,0,18,19,7,3,0,0,8,0,0,0,0,4,1,6,6,2,32,6,1968,2,7,VOLKSWAGEN GOLF,9,E01027163,0,-1
2021451115905,2021,451115905,1,9,0,4,4,3,7,0,0,0,0,0,0,0,3,1,5,6,1,38,7,1968,2,13,VOLKSWAGEN GOLF,10,E01030891,0,-1
2021302102099,2021,302102099,2,9,0,18,19,4,8,0,0,0,1,0,1,4,3,1,2,2,2,32,6,1896,2,14,VOLKSWAGEN GOLF,3,E01013457,0,-1
202131B201021,2021,31B201021,1,9,0,17,19,5,2,0,0,0,2,10,1,9,1,1,6,6,1,19,4,1598,2,7,VOLKSWAGEN GOLF,7,E01028285,0,-1
2021131045825,2021,131045825,2,9,0,18,19,3,7,0,0,0,0,0,0,0,1,1,5,6,1,30,6,1598,2,10,VOLKSWAGEN GOLF,3,E01012658,0,-1
2021010299835,2021,010299835,1,9,0,99,99,9,9,99,99,9,9,99,9,99,2,9,6,6,1,53,8,1197,1,10,VOLKSWAGEN GOLF,2,E01004615,0,-1
202131A175921,2021,31A175921,2,9,0,18,19,2,6,0,0,1,0,0,0,0,2,1,1,1,1,50,8,1598,1,16,VOLKSWAGEN GOLF,3,E01028339,0,-1
2021010327628,2021,010327628,2,9,0,18,19,3,7,0,0,1,0,0,0,0,1,1,6,6,1,21,5,1984,1,14,VOLKSWAGEN GOLF,1,E01004285,0,-1
2021061024994,2021,061024994,1,9,0,18,19,2,6,0,0,8,0,0,0,0,1,1,6,6,1,23,5,1984,1,7,VOLKSWAGEN GOLF,3,E01005139,0,-1
2021451061335,2021,451061335,1,9,0,18,19,1,5,0,0,0,0,0,0,0,1,1,6,6,1,25,5,1984,1,5,VOLKSWAGEN GOLF,10,E01030589,0,-1
2021010330801,2021,010330801,1,9,0,7,7,7,2,5,5,5,0,10,1,11,1,1,6,6,1,18,4,999,1,4,VOLKSWAGEN GOLF,6,E01002380,0,-1
2021010331886,2021,010331886,5,9,0,2,2,0,0,0,0,0,0,0,0,0,2,1,6,6,3,-1,-1,1598,1,16,VOLKSWAGEN GOLF,-1,-1,0,-1
2021231109235,2021,231109235,1,9,0,16,19,5,8,0,0,0,0,0,7,0,1,1,5,6,1,25,5,1984,1,0,VOLKSWAGEN GOLF,-1,-1,0,-1
2021440292127,2021,440292127,2,9,0,9,9,2,6,0,0,8,0,0,0,0,1,1,6,6,1,66,10,1598,1,14,VOLKSWAGEN GOLF,8,E01032871,0,-1
2021138190738,2021,138190738,4,9,0,2,2,0,0,0,0,0,0,0,0,0,2,1,6,6,3,-1,-1,1896,2,18,VOLKSWAGEN GOLF,-1,-1,0,-1
2021411016233,2021,411016233,6,9,0,18,19,5,1,0,0,0,0,0,0,0,2,1,2,2,1,26,6,1498,1,2,VOLKSWAGEN GOLF,6,E01023970,0,-1
2021041094755,2021,041094755,1,9,0,9,9,5,2,0,0,2,0,0,0,0,1,1,5,6,2,35,6,1896,2,16,VOLKSWAGEN GOLF,1,E01012639,0,-1
2021131103253,2021,131103253,2,9,0,18,19,7,3,0,0,0,0,0,1,1,1,1,5,6,1,21,5,1984,1,3,VOLKSWAGEN GOLF,2,E01010837,0,-1
2021231040076,2021,231040076,1,9,0,18,19,6,2,0,0,0,0,0,0,0,3,1,5,6,1,24,5,1598,2,3,VOLKSWAGEN GOLF,8,E01033255,0,-1
2021041013503,2021,041013503,2,9,0,18,19,3,7,0,0,0,1,0,0,0,2,1,6,6,1,34,6,1600,2,11,VOLKSWAGEN GOLF,2,E01012580,0,-1
2021010332446,2021,010332446,1,9,0,99,99,9,9,99,99,0,9,99,9,99,4,9,6,6,1,27,6,999,1,3,VOLKSWAGEN GOLF,2,E01000076,0,-1
2021141090276,2021,141090276,1,9,0,18,19,8,5,0,0,1,0,0,0,0,1,1,2,2,1,31,6,1968,2,0,VOLKSWAGEN GOLF,1,E01007370,0,-1
2021461097331,2021,461097331,1,9,0,18,19,8,4,0,0,0,0,0,0,0,1,1,6,6,1,36,7,2000,2,17,VOLKSWAGEN GOLF,1,E01024660,0,-1
2021010293455,2021,010293455,2,9,0,18,19,4,8,0,0,7,0,0,0,0,1,1,6,6,1,37,7,1395,1,5,VOLKSWAGEN GOLF,5,E01017835,0,-1
2021061052445,2021,061052445,1,9,0,18,19,5,1,0,0,0,0,0,0,0,2,1,6,6,1,28,6,1598,1,14,VOLKSWAGEN GOLF,3,E01006145,0,-1
20211383N0273,2021,1383N0273,1,9,0,18,19,5,1,0,0,6,0,0,0,0,1,1,6,6,2,34,6,1395,1,6,VOLKSWAGEN GOLF,7,E01011155,0,-1
2021010351477,2021,010351477,1,9,0,11,11,3,7,0,0,1,5,10,1,1,1,1,6,6,1,23,5,1984,1,4,VOLKSWAGEN GOLF,4,E01000005,0,-1
2021031032165,2021,031032165,1,9,0,18,19,7,3,0,0,0,0,0,7,0,1,1,6,6,1,21,5,1896,2,18,VOLKSWAGEN GOLF,2,E01019206,0,-1
2021201078483,2021,201078483,2,9,0,18,19,5,7,0,0,1,0,0,0,0,1,1,6,6,1,20,4,1390,1,12,VOLKSWAGEN GOLF,3,E01010105,0,-1
2021010287336,2021,010287336,1,9,0,18,19,5,1,0,0,2,0,0,0,0,4,1,6,6,2,18,4,2000,2,17,VOLKSWAGEN GOLF,2,E01009348,0,-1
2021041038082,2021,041038082,2,9,0,18,19,5,1,0,0,8,0,0,0,0,3,1,5,6,1,23,5,2000,1,12,VOLKSWAGEN GOLF,1,E01012571,0,-1
2021041024946,2021,041024946,1,9,0,5,5,5,1,9,9,0,0,0,0,0,3,1,5,6,1,50,8,1984,1,2,VOLKSWAGEN GOLF,4,E01024871,0,-1
2021201149167,2021,201149167,2,9,0,18,19,7,3,0,0,8,0,0,0,0,1,1,6,6,1,27,6,1598,1,14,VOLKSWAGEN GOLF,2,E01010314,0,-1
2021131093588,2021,131093588,2,9,0,18,19,8,2,0,0,8,0,0,0,0,1,1,5,6,1,20,4,1598,2,9,VOLKSWAGEN GOLF,6,E01010578,0,-1
2021361018812,2021,361018812,1,9,0,18,19,6,2,0,0,1,0,0,1,0,1,1,5,6,1,76,11,1395,1,7,VOLKSWAGEN GOLF,5,E01026674,0,-1
2021131073664,2021,131073664,1,9,0,-1,-1,-1,-1,-1,-1,1,-1,-1,-1,-1,-1,1,6,6,1,29,6,1896,2,16,VOLKSWAGEN GOLF,2,E01011552,0,-1
202134WNC5171,2021,34WNC5171,2,9,0,18,19,5,1,0,0,0,0,0,0,0,1,1,6,6,2,33,6,1598,2,7,VOLKSWAGEN GOLF,5,E01009703,0,-1
2021010328153,2021,010328153,1,9,0,18,19,5,1,0,0,1,0,0,0,0,1,1,6,6,1,29,6,1984,1,11,VOLKSWAGEN GOLF,3,E01033583,0,-1
2021501096180,2021,501096180,1,9,0,9,9,6,4,0,0,5,0,0,0,0,1,1,6,6,1,19,4,1598,2,9,VOLKSWAGEN GOLF,5,E01020208,0,-1
2021430204628,2021,430204628,1,9,0,7,7,5,6,0,0,2,0,0,0,0,4,1,6,6,1,22,5,1390,1,8,VOLKSWAGEN GOLF,9,E01028463,0,-1
2021451120002,2021,451120002,1,9,0,18,19,1,5,0,0,2,0,0,0,0,1,1,1,1,1,43,7,1900,2,17,VOLKSWAGEN GOLF,9,E01031589,0,-1
2021522102157,2021,522102157,1,9,0,18,19,5,1,0,0,8,1,0,1,3,3,1,6,6,1,20,4,2792,1,31,VOLKSWAGEN GOLF,7,E01014763,0,-1
2021010332167,2021,010332167,2,9,0,5,5,5,1,0,0,0,0,4,0,0,1,1,6,6,3,-1,-1,1598,1,16,VOLKSWAGEN GOLF,-1,-1,0,-1
2021131080410,2021,131080410,2,9,0,18,19,3,7,0,0,0,0,0,0,0,3,1,2,2,2,25,5,1968,2,8,VOLKSWAGEN GOLF,6,E01007981,0,-1
2021451018252,2021,451018252,1,9,0,5,5,5,1,9,9,6,0,0,0,0,0,1,5,6,1,35,6,1598,2,5,VOLKSWAGEN GOLF,10,E01030874,0,-1
2021010336332,2021,010336332,2,9,0,18,19,7,3,0,0,0,0,0,0,0,3,1,2,2,1,25,5,1598,2,4,VOLKSWAGEN GOLF,3,E01004006,0,-1
2021122100911,2021,122100911,1,9,0,10,10,2,8,0,0,1,0,0,0,0,2,1,1,1,1,33,6,1598,2,2,VOLKSWAGEN GOLF,5,E01027789,0,-1
20211383U1662,2021,1383U1662,2,9,0,4,4,2,6,0,0,4,0,0,0,0,2,1,6,6,1,22,5,1896,2,13,VOLKSWAGEN GOLF,1,E01010626,0,-1
2021061085420,2021,061085420,2,9,0,18,19,2,6,0,0,1,0,0,0,0,1,1,6,6,3,30,6,1600,2,11,VOLKSWAGEN GOLF,-1,-1,0,-1
2021991119379,2021,991119379,1,9,0,9,9,7,5,0,0,1,0,0,0,0,1,1,5,6,2,76,11,1968,2,8,VOLKSWAGEN GOLF,3,-1,0,-1
2021041041506,2021,041041506,2,9,0,4,4,7,3,0,0,0,0,0,0,0,2,1,6,6,2,38,7,2000,2,17,VOLKSWAGEN GOLF,2,E01025124,0,-1
2021041111655,2021,041111655,1,9,0,18,19,5,1,0,0,1,0,0,0,0,1,1,6,6,3,-1,-1,1968,2,11,VOLKSWAGEN GOLF,-1,-1,0,-1
202131B110521,2021,31B110521,3,9,0,18,19,6,2,0,0,0,0,0,1,0,1,1,6,6,1,55,8,1968,2,5,VOLKSWAGEN GOLF,5,E01007361,0,-1
202131B039621,2021,31B039621,1,8,0,18,19,6,2,0,0,1,0,0,0,0,1,1,6,6,1,51,8,1984,1,4,VOLKSWAGEN GOLF,2,E01028227,0,-1
2021201084734,2021,201084734,2,9,0,17,19,8,6,0,0,0,0,0,0,0,1,1,6,6,1,24,5,1598,2,9,VOLKSWAGEN GOLF,1,E01009025,0,-1
2021141056616,2021,141056616,1,9,0,18,19,2,4,0,0,1,0,0,0,0,1,1,5,6,1,20,4,1390,1,10,VOLKSWAGEN GOLF,3,E01007964,0,-1
2021371018986,2021,371018986,2,9,0,18,19,6,2,0,0,1,0,0,0,0,3,1,5,6,1,46,8,1896,2,18,VOLKSWAGEN GOLF,1,E01030021,0,-1
2021010318181,2021,010318181,1,9,0,1,1,9,9,9,9,0,9,0,0,99,2,9,6,6,3,-1,-1,2000,2,17,VOLKSWAGEN GOLF,-1,-1,0,-1
2021201061291,2021,201061291,1,9,0,18,19,4,8,0,0,8,0,10,1,0,1,1,6,6,1,20,4,2000,1,16,VOLKSWAGEN GOLF,7,E01009915,0,-1
2021451117983,2021,451117983,4,9,0,18,19,5,1,0,0,0,0,0,0,0,2,1,5,6,2,38,7,1598,2,5,VOLKSWAGEN GOLF,5,E01017097,0,-1
2021111022992,2021,111022992,3,9,0,10,10,3,7,0,0,1,0,0,0,0,0,1,3,7,1,38,7,1598,2,9,VOLKSWAGEN GOLF,-1,-1,0,-1
2021471083841,2021,471083841,1,9,0,4,4,5,1,0,0,0,0,0,0,0,1,1,5,6,1,39,7,1598,2,6,VOLKSWAGEN GOLF,5,E01031798,0,-1
2021430473711,2021,430473711,2,9,0,14,14,5,1,0,0,0,0,8,0,0,4,1,6,6,1,67,10,1896,2,18,VOLKSWAGEN GOLF,9,E01028422,0,-1
2021041060540,2021,041060540,3,9,0,17,19,1,5,0,0,0,0,0,0,0,1,1,2,2,1,25,5,1968,2,4,VOLKSWAGEN GOLF,7,E01025362,0,-1
2021371091368,2021,371091368,1,9,0,18,19,6,2,0,0,2,0,0,0,0,1,1,2,2,1,43,7,2000,2,17,VOLKSWAGEN GOLF,6,E01030002,0,-1
2021161055926,2021,161055926,1,9,0,18,19,7,3,0,0,8,0,0,0,0,1,1,6,6,2,47,8,1968,2,12,VOLKSWAGEN GOLF,9,E01013252,0,-1
20211382A0976,2021,1382A0976,1,9,0,18,19,2,6,0,0,0,0,0,0,0,1,1,6,6,1,19,4,1900,2,16,VOLKSWAGEN GOLF,5,E01010708,0,-1
2021061074032,2021,061074032,2,9,0,18,19,4,8,0,0,8,0,0,0,0,2,1,6,6,1,27,6,1968,2,11,VOLKSWAGEN GOLF,3,E01006235,0,-1
2021131038601,2021,131038601,1,9,0,16,19,1,1,0,0,8,1,0,0,0,1,1,5,6,1,21,5,1968,2,8,VOLKSWAGEN GOLF,3,E01010759,0,-1
2021201119755,2021,201119755,1,9,0,9,9,8,6,0,0,6,0,0,0,0,1,1,2,2,1,35,6,1984,1,9,VOLKSWAGEN GOLF,1,E01010450,0,-1
2021421104475,2021,421104475,1,9,0,18,19,1,5,0,0,0,1,0,0,0,1,1,2,2,1,21,5,1390,1,18,VOLKSWAGEN GOLF,6,E01021979,0,-1
2021041029520,2021,041029520,1,9,0,18,19,1,5,0,0,1,5,11,1,0,1,1,2,2,1,22,5,1598,2,6,VOLKSWAGEN GOLF,1,E01025295,0,-1
2021440242192,2021,440242192,1,9,0,10,10,4,2,0,0,1,0,0,0,0,2,1,6,6,1,62,9,1598,1,14,VOLKSWAGEN GOLF,10,E01023180,0,-1
2021141084432,2021,141084432,2,9,0,18,19,5,1,0,0,0,0,0,0,0,1,1,5,6,1,76,11,1598,2,6,VOLKSWAGEN GOLF,10,E01030158,0,-1
2021010301531,2021,010301531,1,9,0,99,99,9,9,99,99,9,9,99,9,99,3,9,6,6,2,29,6,999,1,3,VOLKSWAGEN GOLF,6,E01001033,0,-1
2021421044611,2021,421044611,1,9,0,4,4,1,1,0,0,1,0,0,0,0,1,1,5,6,1,31,6,2000,2,15,VOLKSWAGEN GOLF,1,E01022042,0,-1
2021552100741,2021,552100741,1,9,0,18,19,5,1,0,0,0,0,0,1,11,1,1,6,6,1,23,5,1595,1,17,VOLKSWAGEN GOLF,4,E01029238,0,-1
2021170M20111,2021,170M20111,1,9,0,18,19,2,6,0,0,1,0,0,0,0,1,1,6,6,1,23,5,1968,2,15,VOLKSWAGEN GOLF,1,E01012085,0,-1
2021141068929,2021,141068929,1,9,0,9,9,2,1,0,0,2,0,0,0,0,1,1,6,6,1,-1,-1,2000,1,14,VOLKSWAGEN GOLF,10,E01007928,0,-1
2021010320431,2021,010320431,1,9,0,18,19,5,1,2,2,1,0,0,0,0,1,1,6,6,1,29,6,1598,2,5,VOLKSWAGEN GOLF,1,E01004204,0,-1
2021161038782,2021,161038782,2,9,0,5,5,2,6,0,0,1,0,0,0,0,0,1,5,6,2,32,6,1598,2,5,VOLKSWAGEN GOLF,8,E01012909,0,-1
2021131050166,2021,131050166,1,9,0,18,19,6,8,0,0,0,0,0,0,0,3,1,5,6,2,22,5,1598,2,5,VOLKSWAGEN GOLF,3,E01010846,0,-1
2021361137236,2021,361137236,1,9,0,18,19,3,8,0,0,8,0,0,0,0,3,1,5,6,1,19,4,1598,2,9,VOLKSWAGEN GOLF,5,E01026647,0,-1
2021471012874,2021,471012874,2,9,0,18,19,5,1,0,0,8,1,0,1,10,2,1,5,6,2,52,8,1390,1,13,VOLKSWAGEN GOLF,9,E01031588,0,-1
202163A102521,2021,63A102521,2,9,0,4,4,1,4,0,0,1,0,0,0,0,2,1,6,6,2,46,8,1598,2,9,VOLKSWAGEN GOLF,8,W01000557,0,-1
2021371093493,2021,371093493,1,9,0,12,12,8,4,0,0,0,0,0,8,6,4,1,5,6,1,77,11,1395,1,7,VOLKSWAGEN GOLF,10,E01031256,0,-1
2021131089185,2021,131089185,2,9,0,3,3,3,7,0,0,0,0,0,0,0,2,1,5,6,1,69,10,1598,2,8,VOLKSWAGEN GOLF,7,E01011112,0,-1
2021131032730,2021,131032730,1,9,0,18,19,6,1,0,0,8,2,0,0,0,4,1,5,6,2,18,4,1896,2,16,VOLKSWAGEN GOLF,1,E01010713,0,-1
2021461075273,2021,461075273,2,9,0,17,19,7,3,0,0,1,0,0,0,0,1,1,6,6,2,58,9,1896,2,17,VOLKSWAGEN GOLF,9,E01021167,0,-1
2021131050616,2021,131050616,1,9,0,18,19,7,3,0,0,8,1,0,1,2,1,1,6,6,3,-1,-1,1984,1,1,VOLKSWAGEN GOLF,-1,-1,0,-1
2021201134282,2021,201134282,1,9,0,5,5,2,6,0,0,4,0,0,0,0,2,1,6,6,1,24,5,1598,2,6,VOLKSWAGEN GOLF,1,E01010142,0,-1