collision_index,collision_year,collision_ref_no,vehicle_reference,vehicle_type,towing_and_articulation,vehicle_manoeuvre_historic,vehicle_manoeuvre,vehicle_direction_from,vehicle_direction_to,vehicle_location_restricted_lane_historic,vehicle_location_restricted_lane,junction_location,skidding_and_overturning,hit_object_in_carriageway,vehicle_leaving_carriageway,hit_object_off_carriageway,first_point_of_impact,vehicle_left_hand_drive,journey_purpose_of_driver_historic,journey_purpose_of_driver,sex_of_driver,age_of_driver,age_band_of_driver,engine_capacity_cc,propulsion_code,age_of_vehicle,generic_make_model,driver_imd_decile,lsoa_of_driver,escooter_flag,driver_distance_banding
2021302100764,2021,302100764,2,9,0,2,2,0,0,0,0,0,0,0,1,11,1,1,6,6,3,-1,-1,1984,1,0,VOLKSWAGEN GOLF,-1,-1,0,-1
2021471104738,2021,471104738,1,9,0,18,19,2,6,0,0,1,0,0,0,0,1,1,6,6,3,-1,-1,1984,1,13,VOLKSWAGEN GOLF,-1,-1,0,-1
2021122100785,2021,122100785,1,9,0,13,13,4,1,0,0,0,0,0,1,4,3,1,3,7,2,42,7,1896,2,14,VOLKSWAGEN GOLF,5,E01010729,0,-1
2021010289937,2021,010289937,1,9,0,11,11,3,7,0,0,0,1,0,1,2,1,1,6,6,1,28,6,1984,1,4,VOLKSWAGEN GOLF,2,E01032565,0,-1
2021430405417,2021,430405417,1,9,0,18,19,7,3,0,0,8,0,0,0,0,1,1,1,1,3,48,8,1598,2,8,VOLKSWAGEN GOLF,-1,-1,0,-1
202134WNC1581,2021,34WNC1581,2,9,0,4,4,5,1,0,0,1,0,0,0,0,2,1,6,6,2,30,6,1896,2,16,VOLKSWAGEN GOLF,2,E01027233,0,-1
2021461125236,2021,461125236,1,9,0,18,19,1,5,0,0,4,0,0,0,0,1,1,6,6,3,-1,-1,1968,2,8,VOLKSWAGEN GOLF,-1,-1,0,-1
2021141050198,2021,141050198,2,9,0,3,3,5,1,0,0,1,0,0,0,0,2,1,5,6,1,74,10,1984,1,2,VOLKSWAGEN GOLF,5,E01007588,0,-1
2021141028029,2021,141028029,1,9,0,9,9,5,1,0,0,1,0,0,0,0,1,1,5,6,1,20,4,1598,2,10,VOLKSWAGEN GOLF,2,E01008112,0,-1
2021010297485,2021,010297485,1,9,0,10,10,1,7,0,0,1,0,0,0,0,1,1,6,6,2,33,6,1390,1,13,VOLKSWAGEN GOLF,4,E01000699,0,-1
2021131122427,2021,131122427,2,9,0,5,5,7,3,0,0,8,0,0,0,0,1,1,6,6,2,90,11,1395,1,6,VOLKSWAGEN GOLF,7,E01011214,0,-1
2021421101304,2021,421101304,2,9,0,18,19,5,1,0,0,0,0,0,0,0,1,1,5,6,1,35,6,1968,2,1,VOLKSWAGEN GOLF,10,E01021896,0,-1
2021010318135,2021,010318135,1,9,9,99,99,9,9,99,99,9,9,99,9,99,9,9,6,6,3,-1,-1,1390,1,16,VOLKSWAGEN GOLF,-1,-1,0,-1
2021440512772,2021,440512772,1,9,0,3,3,3,7,0,0,0,0,0,0,0,2,1,6,6,1,47,8,2000,2,13,VOLKSWAGEN GOLF,2,E01022949,0,-1
2021361064248,2021,361064248,1,9,0,18,19,8,4,0,0,1,0,0,0,0,1,1,1,1,1,43,7,1968,2,14,VOLKSWAGEN GOLF,4,E01029927,0,-1
2021070348556,2021,070348556,3,9,0,2,2,0,0,9,9,0,0,0,0,0,1,2,6,6,3,-1,-1,1800,1,22,VOLKSWAGEN GOLF,-1,-1,0,-1
2021010309958,2021,010309958,2,9,0,5,5,3,7,0,0,0,0,0,0,0,3,1,6,6,3,-1,-1,1600,2,11,VOLKSWAGEN GOLF,-1,-1,0,-1
2021610052921,2021,610052921,2,9,0,18,19,3,7,0,0,8,0,0,0,0,1,1,1,1,1,27,6,1896,2,14,VOLKSWAGEN GOLF,6,W01001492,0,-1
2021221068950,2021,221068950,1,9,0,18,19,8,4,0,0,0,0,0,1,0,1,1,2,2,1,50,8,1896,2,19,VOLKSWAGEN GOLF,5,E01014045,0,-1
2021371040153,2021,371040153,1,9,0,18,19,5,1,0,0,2,0,10,0,0,3,1,5,6,2,79,11,1395,1,6,VOLKSWAGEN GOLF,10,E01030011,0,-1
2021010330146,2021,010330146,2,9,0,99,99,9,9,99,99,9,9,99,9,99,9,9,6,6,3,-1,-1,1390,1,18,VOLKSWAGEN GOLF,2,E01002068,0,-1
2021411038330,2021,411038330,1,9,0,9,9,8,6,0,0,3,0,0,0,0,3,1,5,6,1,77,11,1498,1,3,VOLKSWAGEN GOLF,6,E01023970,0,-1
2021320144040,2021,320144040,2,9,0,3,3,2,6,0,0,0,0,0,0,0,2,1,2,2,2,41,7,1598,2,3,VOLKSWAGEN GOLF,6,E01026147,0,-1
2021371079007,2021,371079007,1,9,0,18,19,3,7,0,0,1,5,10,0,0,1,1,5,6,1,24,5,1896,2,18,VOLKSWAGEN GOLF,7,E01030239,0,-1
2021010340251,2021,010340251,2,9,0,99,99,9,9,99,99,0,9,99,9,99,2,9,6,6,3,-1,-1,1395,8,3,VOLKSWAGEN GOLF,-1,-1,0,-1
2021451058398,2021,451058398,1,9,0,18,19,5,1,0,0,1,0,0,0,0,4,1,6,6,3,35,6,1896,2,14,VOLKSWAGEN GOLF,-1,-1,0,-1
2021061046436,2021,061046436,1,9,0,18,19,4,8,0,0,8,0,0,1,0,3,1,5,6,2,26,6,1598,2,8,VOLKSWAGEN GOLF,2,E01033675,0,-1
2021131052700,2021,131052700,1,9,0,18,19,7,3,0,0,0,0,0,0,0,4,1,5,6,2,23,5,1598,2,4,VOLKSWAGEN GOLF,10,E01011711,0,-1
202131C138521,2021,31C138521,2,9,0,18,19,6,2,0,0,1,0,0,0,0,1,1,6,6,1,19,4,1900,2,15,VOLKSWAGEN GOLF,2,E01013916,0,-1
2021201016984,2021,201016984,1,9,0,5,5,5,1,0,0,0,0,0,0,0,4,1,6,6,1,21,5,1968,2,11,VOLKSWAGEN GOLF,1,E01008938,0,-1
2021131087284,2021,131087284,2,9,0,18,19,3,7,0,0,8,0,0,0,0,1,1,5,6,1,23,5,1598,2,9,VOLKSWAGEN GOLF,9,E01011522,0,-1
2021421114764,2021,421114764,1,9,0,16,19,7,3,0,0,1,0,0,0,0,1,1,6,6,1,29,6,2000,2,16,VOLKSWAGEN GOLF,3,E01021834,0,-1
2021010319681,2021,010319681,2,9,0,99,99,9,9,99,99,0,9,99,9,99,1,9,6,6,3,-1,-1,1598,2,7,VOLKSWAGEN GOLF,6,E01003427,0,-1
2021401047644,2021,401047644,2,9,0,9,9,7,3,0,0,8,1,0,1,0,4,1,5,6,1,25,5,1598,1,21,VOLKSWAGEN GOLF,7,E01017431,0,-1
2021461077182,2021,461077182,2,9,0,18,19,5,3,0,0,8,0,0,0,0,1,1,5,6,2,54,8,1598,2,6,VOLKSWAGEN GOLF,5,E01016118,0,-1
2021010292615,2021,010292615,1,9,0,6,6,5,5,0,0,0,0,0,0,0,4,1,2,2,1,23,5,1984,1,5,VOLKSWAGEN GOLF,3,E01003164,0,-1
2021430044725,2021,430044725,1,9,0,9,9,2,8,0,0,6,0,0,0,0,1,1,6,6,1,79,11,1595,1,20,VOLKSWAGEN GOLF,6,E01017743,0,-1
2021010296322,2021,010296322,1,9,0,99,99,9,9,99,99,9,9,99,9,99,1,9,2,2,2,51,8,1595,1,18,VOLKSWAGEN GOLF,9,E01001532,0,-1
2021052101974,2021,052101974,2,9,0,18,19,8,4,0,0,8,0,0,0,0,2,1,6,6,2,69,10,1498,1,2,VOLKSWAGEN GOLF,9,E01006594,0,-1
2021031107387,2021,031107387,1,8,0,18,19,2,5,0,0,0,0,0,0,0,1,1,1,1,3,-1,-1,1598,2,5,VOLKSWAGEN GOLF,-1,-1,0,-1
20211381M1338,2021,1381M1338,1,9,0,7,7,4,6,0,0,0,0,0,0,0,4,1,6,6,1,-1,-1,1900,2,16,VOLKSWAGEN GOLF,-1,-1,0,-1
2021061137866,2021,061137866,1,9,0,9,9,6,4,0,0,8,0,0,0,0,1,1,6,6,2,23,5,1968,2,8,VOLKSWAGEN GOLF,2,E01012579,0,-1
20211383A0954,2021,1383A0954,2,9,0,18,19,5,1,0,0,0,0,0,0,0,2,1,6,6,1,34,6,2000,2,17,VOLKSWAGEN GOLF,-1,-1,0,-1
2021522104838,2021,522104838,1,9,0,4,4,5,1,0,0,1,0,0,0,0,2,1,6,6,1,39,7,1900,2,22,VOLKSWAGEN GOLF,8,E01014723,0,-1
2021010323658,2021,010323658,1,9,0,99,99,9,9,99,99,9,9,99,9,99,2,9,6,6,2,31,6,1598,2,2,VOLKSWAGEN GOLF,10,E01030341,0,-1
2021320335346,2021,320335346,3,9,0,18,19,6,2,0,0,0,0,0,0,0,1,1,2,2,1,27,6,2000,2,15,VOLKSWAGEN GOLF,4,E01026183,0,-1
2021131053015,2021,131053015,1,9,0,18,19,4,8,0,0,2,0,0,0,0,4,1,6,6,1,34,6,1968,2,0,VOLKSWAGEN GOLF,4,E01011153,0,-1
2021061061059,2021,061061059,2,9,0,18,19,1,1,0,0,8,0,0,0,0,1,1,5,6,1,25,5,1968,2,4,VOLKSWAGEN GOLF,8,E01005452,0,-1
2021361069767,2021,361069767,1,9,0,18,19,4,8,0,0,1,0,0,0,0,1,1,6,6,1,91,11,1598,1,13,VOLKSWAGEN GOLF,6,E01026436,0,-1
2021430555067,2021,430555067,1,9,0,18,19,2,6,0,0,8,0,0,0,0,4,1,6,6,1,51,8,1598,2,10,VOLKSWAGEN GOLF,5,E01016405,0,-1
2021131062596,2021,131062596,1,9,0,17,19,5,2,0,0,0,1,0,1,4,1,1,2,2,2,37,7,1984,1,3,VOLKSWAGEN GOLF,5,E01011787,0,-1
2021401111013,2021,401111013,1,9,0,17,19,4,8,0,0,0,0,0,0,0,1,1,5,6,1,22,5,1390,1,12,VOLKSWAGEN GOLF,6,E01015778,0,-1
2021201023986,2021,201023986,1,9,0,12,12,6,2,0,0,0,1,4,0,0,1,1,2,2,1,32,6,1390,1,14,VOLKSWAGEN GOLF,1,E01009353,0,-1
2021131114779,2021,131114779,1,9,0,18,19,5,1,0,0,0,0,0,0,0,3,1,2,2,1,39,7,1598,2,8,VOLKSWAGEN GOLF,5,E01010678,0,-1
2021351036207,2021,351036207,1,9,0,5,5,3,7,0,0,8,0,0,0,0,1,1,2,2,1,43,7,1595,1,19,VOLKSWAGEN GOLF,6,E01030091,0,-1
2021010300818,2021,010300818,2,9,0,9,9,1,7,0,0,6,0,0,0,0,4,1,6,6,1,40,7,1498,1,3,VOLKSWAGEN GOLF,7,E01000292,0,-1
2021010290499,2021,010290499,2,9,0,5,5,0,6,0,0,1,0,0,0,0,3,1,6,6,1,20,4,1598,2,4,VOLKSWAGEN GOLF,2,E01000992,0,-1
2021131047702,2021,131047702,2,9,0,18,19,6,2,0,0,0,0,0,0,0,3,1,6,6,2,49,8,1896,2,15,VOLKSWAGEN GOLF,1,E01010737,0,-1
2021440152990,2021,440152990,2,9,0,18,19,6,2,0,0,8,0,0,0,0,1,1,6,6,2,47,8,1390,1,10,VOLKSWAGEN GOLF,9,E01022787,0,-1
2021201118441,2021,201118441,1,9,0,9,9,4,2,0,0,8,0,0,0,0,1,1,6,6,1,58,9,1896,2,14,VOLKSWAGEN GOLF,3,E01009876,0,-1
2021101124648,2021,101124648,1,9,0,18,19,7,3,0,0,0,0,0,0,0,1,1,6,6,1,-1,-1,1984,1,5,VOLKSWAGEN GOLF,-1,-1,0,-1
2021430478261,2021,430478261,2,9,0,18,19,3,7,0,0,0,1,0,0,0,2,1,2,2,1,42,7,1968,2,17,VOLKSWAGEN GOLF,5,E01023358,0,-1
2021461078692,2021,461078692,2,9,0,5,5,7,1,0,0,6,0,0,0,0,3,1,6,6,1,31,6,-1,3,1,VOLKSWAGEN GOLF,10,E01024386,0,-1
2021991070166,2021,991070166,3,9,0,18,19,1,5,0,0,0,0,0,0,0,2,1,5,6,1,28,6,1984,1,10,VOLKSWAGEN GOLF,10,-1,0,-1
2021010358891,2021,010358891,1,9,9,99,99,9,9,99,99,0,9,99,9,99,9,1,6,6,3,36,7,2000,1,15,VOLKSWAGEN GOLF,8,E01000985,0,-1
2021361027663,2021,361027663,1,9,0,18,19,7,3,0,0,1,0,0,7,0,1,1,6,6,1,22,5,1984,1,2,VOLKSWAGEN GOLF,4,E01012947,0,-1
2021351048768,2021,351048768,2,9,0,18,19,3,7,0,0,1,0,0,0,0,4,1,6,6,1,73,10,1498,1,1,VOLKSWAGEN GOLF,7,E01018168,0,-1
2021131076654,2021,131076654,2,9,0,3,3,2,6,0,0,8,0,0,0,0,2,1,6,6,1,44,7,1968,2,10,VOLKSWAGEN GOLF,1,E01011130,0,-1
2021430149682,2021,430149682,2,9,0,18,19,2,6,0,0,8,0,0,0,0,3,1,1,1,1,40,7,1598,2,10,VOLKSWAGEN GOLF,4,E01016406,0,-1
2021070241784,2021,070241784,1,9,0,16,19,2,6,0,0,1,1,11,7,1,1,1,2,2,1,29,6,1598,2,7,VOLKSWAGEN GOLF,2,E01012413,0,-1
2021440254470,2021,440254470,4,9,0,18,19,6,2,0,0,0,0,0,0,0,1,1,6,6,1,54,8,1600,2,11,VOLKSWAGEN GOLF,9,E01022879,0,-1
2021451095294,2021,451095294,1,9,0,16,19,6,2,0,0,5,5,0,1,7,4,1,5,6,2,60,9,1390,1,12,VOLKSWAGEN GOLF,8,E01030884,0,-1
202134NNC6021,2021,34NNC6021,1,8,0,18,19,3,7,0,0,8,0,0,0,0,1,1,2,2,2,44,7,1598,1,21,VOLKSWAGEN GOLF,2,E01027330,0,-1
2021141117603,2021,141117603,2,9,0,9,9,1,5,0,0,5,0,0,0,0,3,1,6,6,2,23,5,1197,1,6,VOLKSWAGEN GOLF,4,E01007567,0,-1
2021302101239,2021,302101239,2,9,0,18,19,8,4,0,0,1,1,0,0,0,1,1,6,6,1,25,5,1968,2,12,VOLKSWAGEN GOLF,7,E01019539,0,-1
2021010296317,2021,010296317,1,9,0,9,9,1,7,0,0,5,0,0,0,0,1,1,6,6,1,47,8,999,1,2,VOLKSWAGEN GOLF,9,E01004079,0,-1
2021041038870,2021,041038870,3,9,0,18,19,3,7,0,0,1,0,0,0,0,1,1,5,6,1,27,6,1968,2,0,VOLKSWAGEN GOLF,2,E01012642,0,-1
2021061115405,2021,061115405,3,9,0,7,7,6,8,0,0,8,0,0,0,0,4,1,6,6,1,63,9,1390,1,11,VOLKSWAGEN GOLF,4,E01005171,0,-1
2021010293893,2021,010293893,1,9,0,99,99,9,9,0,0,8,0,0,0,0,2,1,2,2,1,51,8,1395,1,6,VOLKSWAGEN GOLF,3,E01004183,0,-1
2021430570418,2021,430570418,1,9,0,18,19,3,7,0,0,0,1,0,1,11,1,1,6,6,1,25,5,1984,1,5,VOLKSWAGEN GOLF,7,E01022180,0,-1
2021070765402,2021,070765402,2,9,0,18,19,1,5,0,0,8,0,0,0,0,3,1,6,6,2,50,8,1968,2,5,VOLKSWAGEN GOLF,6,E01018382,0,-1
2021111108828,2021,111108828,1,9,0,18,19,1,5,0,0,0,0,0,0,0,1,1,2,2,1,32,6,2000,2,16,VOLKSWAGEN GOLF,3,E01020599,0,-1
2021451033879,2021,451033879,1,9,0,7,7,8,4,0,0,8,0,0,0,0,3,1,1,1,2,27,6,1498,1,2,VOLKSWAGEN GOLF,6,E01030751,0,-1
2021101034529,2021,101034529,1,9,0,18,19,1,5,0,0,0,0,0,0,0,4,1,5,6,1,30,6,1896,2,17,VOLKSWAGEN GOLF,2,E01008699,0,-1
2021141109790,2021,141109790,3,9,0,18,19,7,2,0,0,1,0,0,0,0,1,1,5,6,1,25,5,1900,2,15,VOLKSWAGEN GOLF,8,E01007527,0,-1
2021010325652,2021,010325652,1,9,0,18,19,1,5,0,0,1,0,0,0,0,3,1,6,6,1,35,6,1598,1,16,VOLKSWAGEN GOLF,3,E01003639,0,-1
202106A079856,2021,06A079856,5,9,0,18,19,6,6,0,0,1,0,0,0,0,0,1,1,1,1,30,6,1395,1,4,VOLKSWAGEN GOLF,-1,-1,0,-1
2021211070821,2021,211070821,2,9,0,10,10,7,4,0,0,1,0,0,0,0,2,1,2,2,1,26,6,999,1,3,VOLKSWAGEN GOLF,6,E01009828,0,-1
2021010346092,2021,010346092,1,9,0,99,99,9,9,99,99,9,9,99,9,99,9,9,6,6,1,19,4,1390,1,12,VOLKSWAGEN GOLF,7,E01030833,0,-1
2021101096498,2021,101096498,2,9,0,18,19,7,3,0,0,0,0,0,0,0,0,1,5,6,2,24,5,1598,1,16,VOLKSWAGEN GOLF,3,E01020770,0,-1
2021430468734,2021,430468734,1,9,0,9,9,1,7,0,0,6,0,0,0,0,1,1,6,6,2,73,10,1968,2,7,VOLKSWAGEN GOLF,9,E01028749,0,-1
2021451108389,2021,451108389,1,9,0,18,19,3,7,0,0,0,0,0,0,0,3,1,2,2,2,37,7,1498,1,0,VOLKSWAGEN GOLF,10,E01030437,0,-1
2021141094376,2021,141094376,2,9,0,2,2,1,1,0,0,0,0,0,0,0,2,1,6,6,1,32,6,1395,1,5,VOLKSWAGEN GOLF,2,E01007654,0,-1
2021131075657,2021,131075657,1,9,0,18,19,7,3,0,0,0,1,10,5,1,-1,1,6,6,3,-1,-1,1896,2,12,VOLKSWAGEN GOLF,-1,-1,0,-1
2021010290100,2021,010290100,2,9,0,18,19,1,5,0,0,1,0,0,0,0,1,1,6,6,2,20,4,999,1,2,VOLKSWAGEN GOLF,9,E01003849,0,-1
2021520104467,2021,520104467,1,9,0,18,19,8,4,0,0,8,0,0,0,0,3,1,6,6,2,52,8,1395,1,5,VOLKSWAGEN GOLF,8,E01029019,0,-1
2021131042996,2021,131042996,1,9,0,4,4,8,6,0,0,8,0,0,0,0,1,1,1,1,1,36,7,1390,1,17,VOLKSWAGEN GOLF,1,E01011431,0,-1
2021201075096,2021,201075096,1,9,0,9,9,3,5,0,0,1,0,0,0,0,4,1,6,6,3,-1,-1,2000,2,13,VOLKSWAGEN GOLF,-1,-1,0,-1
2021010329572,2021,010329572,2,9,0,9,9,1,7,0,0,1,0,0,0,0,1,1,6,6,1,32,6,1595,1,19,VOLKSWAGEN GOLF,7,E01021381,0,-1
2021430445675,2021,430445675,1,9,0,18,19,4,8,0,0,6,0,7,1,0,3,1,6,6,1,18,4,1968,2,7,VOLKSWAGEN GOLF,4,E01016516,0,-1
2021201169937,2021,201169937,1,9,0,7,7,7,2,0,0,5,1,10,7,11,1,1,6,6,1,19,4,1598,2,3,VOLKSWAGEN GOLF,1,E01009182,0,-1
2021320128009,2021,320128009,1,9,0,18,19,7,3,0,0,0,1,0,1,0,1,1,6,6,1,51,8,1968,2,10,VOLKSWAGEN GOLF,-1,-1,0,-1
2021411055557,2021,411055557,1,9,0,18,19,1,5,0,0,0,0,4,0,0,1,1,6,6,1,19,4,1984,1,6,VOLKSWAGEN GOLF,9,E01023706,0,-1
2021421093126,2021,421093126,1,9,0,5,5,1,5,0,0,4,0,0,0,0,1,1,6,6,1,31,6,1390,1,11,VOLKSWAGEN GOLF,4,E01015930,0,-1
2021991027844,2021,991027844,1,9,0,7,7,7,1,0,0,5,1,0,3,1,1,1,6,6,1,18,4,1600,1,17,VOLKSWAGEN GOLF,5,-1,0,-1
2021501145413,2021,501145413,2,9,0,17,19,4,8,0,0,3,0,0,0,0,1,1,6,6,2,25,5,1598,2,10,VOLKSWAGEN GOLF,6,E01015132,0,-1
2021471063196,2021,471063196,1,9,0,18,19,7,3,0,0,8,0,0,0,0,3,1,6,6,1,-1,-1,2000,1,16,VOLKSWAGEN GOLF,-1,-1,0,-1
2021201163645,2021,201163645,2,9,0,7,7,1,3,0,0,1,0,0,0,0,2,1,6,6,2,45,7,1498,1,1,VOLKSWAGEN GOLF,1,E01010526,0,-1
2021991019307,2021,991019307,2,9,0,18,19,2,6,0,0,8,0,0,0,0,3,1,5,6,2,57,9,1598,2,6,VOLKSWAGEN GOLF,-1,-1,0,-1
2021010300151,2021,010300151,2,9,0,99,99,9,9,99,99,9,9,99,9,99,9,9,6,6,3,-1,-1,1390,1,12,VOLKSWAGEN GOLF,-1,-1,0,-1
2021351090417,2021,351090417,2,9,0,18,19,3,7,0,0,0,0,0,0,0,1,1,6,6,1,43,7,1968,2,8,VOLKSWAGEN GOLF,8,E01018228,0,-1
2021351096347,2021,351096347,1,9,0,15,15,2,6,0,0,0,5,4,0,0,1,1,2,2,1,19,4,1390,1,12,VOLKSWAGEN GOLF,9,E01018120,0,-1
2021411097403,2021,411097403,1,9,0,4,4,2,6,0,0,1,0,0,0,0,1,1,6,6,1,-1,-1,1498,1,1,VOLKSWAGEN GOLF,-1,-1,0,-1
202134NNC1851,2021,34NNC1851,2,9,0,18,19,1,5,0,0,0,0,0,0,0,2,1,2,2,2,45,7,1968,2,7,VOLKSWAGEN GOLF,8,E01027101,0,-1
2021010321026,2021,010321026,1,9,0,99,99,9,9,99,99,9,9,99,9,99,9,9,6,6,2,41,7,1395,1,5,VOLKSWAGEN GOLF,9,E01002225,0,-1
2021501061945,2021,501061945,1,9,0,18,19,3,7,0,0,1,0,0,0,0,4,1,5,6,2,47,8,1498,1,2,VOLKSWAGEN GOLF,6,E01023369,0,-1
2021991017790,2021,991017790,1,9,0,9,9,7,5,0,0,1,0,0,0,0,1,1,1,1,2,27,6,1968,2,2,VOLKSWAGEN GOLF,9,-1,0,-1
2021061114587,2021,061114587,1,9,0,4,4,1,1,0,0,2,0,0,0,0,1,1,6,6,3,30,6,1598,2,7,VOLKSWAGEN GOLF,5,E01028189,0,-1
2021201063830,2021,201063830,3,9,0,18,19,6,2,0,0,0,0,0,0,0,3,1,6,6,1,31,6,1968,2,9,VOLKSWAGEN GOLF,1,E01010466,0,-1
2021131057393,2021,131057393,1,9,0,18,19,1,5,0,0,1,0,0,7,11,1,1,5,6,1,22,5,1968,2,10,VOLKSWAGEN GOLF,8,E01011527,0,-1
2021991074022,2021,991074022,1,9,0,13,13,7,2,0,0,0,1,0,8,1,1,1,2,2,1,49,8,1968,2,4,VOLKSWAGEN GOLF,6,-1,0,-1
2021430557437,2021,430557437,1,9,0,18,19,2,6,0,0,8,0,0,0,0,3,1,6,6,1,33,6,1968,2,3,VOLKSWAGEN GOLF,6,E01023388,0,-1
2021430579571,2021,430579571,1,9,0,18,19,6,2,0,0,8,0,0,0,0,1,1,6,6,3,-1,-1,1598,2,6,VOLKSWAGEN GOLF,-1,-1,0,-1
2021131088877,2021,131088877,1,9,0,3,3,0,0,0,0,4,0,0,0,0,2,1,5,6,1,32,6,1598,2,9,VOLKSWAGEN GOLF,2,E01025229,0,-1
2021010310408,2021,010310408,1,9,0,18,19,8,4,9,9,0,1,10,0,0,1,1,1,1,2,21,5,1390,1,10,VOLKSWAGEN GOLF,4,E01004368,0,-1
2021461077181,2021,461077181,1,9,0,9,9,3,7,0,0,8,0,0,0,0,1,1,6,6,1,25,5,1968,2,5,VOLKSWAGEN GOLF,-1,-1,0,-1
2021131062262,2021,131062262,1,9,0,18,19,5,1,0,0,4,0,0,0,0,3,1,5,6,1,23,5,1968,2,12,VOLKSWAGEN GOLF,2,E01011082,0,-1
2021141071620,2021,141071620,1,9,0,9,9,3,7,0,0,1,0,0,7,0,1,1,1,1,2,35,6,999,1,2,VOLKSWAGEN GOLF,9,E01028264,0,-1
2021302100480,2021,302100480,1,9,0,18,19,6,2,0,0,0,1,0,0,0,3,1,6,6,1,88,11,1395,1,4,VOLKSWAGEN GOLF,9,E01013556,0,-1
2021552101037,2021,552101037,2,9,0,18,19,4,7,0,0,0,0,0,0,0,1,1,6,6,2,31,6,1598,2,6,VOLKSWAGEN GOLF,4,E01020551,0,-1
2021430533282,2021,430533282,1,9,0,3,3,5,1,0,0,0,0,0,0,0,2,1,2,2,1,31,6,-1,3,2,VOLKSWAGEN GOLF,5,E01032734,0,-1
2021320532499,2021,320532499,2,9,0,17,19,4,8,0,0,1,0,0,0,0,3,1,1,1,1,56,9,1968,2,13,VOLKSWAGEN GOLF,6,E01026213,0,-1
202131B132021,2021,31B132021,1,9,0,18,19,6,2,0,0,0,0,7,0,0,1,1,6,6,1,21,5,1968,2,6,VOLKSWAGEN GOLF,5,E01028049,0,-1
2021991085205,2021,991085205,1,9,0,18,19,3,7,0,0,0,0,0,0,0,1,1,2,2,2,41,7,1968,2,5,VOLKSWAGEN GOLF,3,-1,0,-1
2021201096917,2021,201096917,3,9,0,2,2,0,0,0,0,0,0,0,0,0,2,1,5,6,2,-1,-1,1968,2,3,VOLKSWAGEN GOLF,-1,-1,0,-1
2021522201347,2021,522201347,1,9,0,3,3,8,6,0,0,8,0,0,0,0,2,1,6,6,1,35,6,1800,1,21,VOLKSWAGEN GOLF,10,E01014457,0,-1
2021430128908,2021,430128908,2,9,0,18,19,6,4,0,0,3,0,0,0,0,2,1,6,6,1,46,8,1598,2,9,VOLKSWAGEN GOLF,6,E01016732,0,-1
2021401087985,2021,401087985,2,9,0,17,19,-1,-1,0,0,0,0,0,-1,0,-1,1,5,6,1,32,6,1390,1,11,VOLKSWAGEN GOLF,4,E01015712,0,-1
2021461071157,2021,461071157,1,9,0,18,19,8,4,0,0,1,0,0,0,0,1,1,6,6,1,39,7,1598,2,5,VOLKSWAGEN GOLF,3,E01032815,0,-1
2021131057622,2021,131057622,1,9,0,5,5,5,1,0,0,0,0,0,0,0,3,1,1,1,1,73,10,1900,2,15,VOLKSWAGEN GOLF,8,E01010698,0,-1
2021991103998,2021,991103998,3,9,0,4,4,3,7,0,0,0,0,0,0,0,2,1,6,6,2,41,7,1984,1,2,VOLKSWAGEN GOLF,-1,-1,0,-1
2021010297412,2021,010297412,1,9,0,99,99,9,9,99,99,9,9,99,9,99,2,9,6,6,1,21,5,1984,1,3,VOLKSWAGEN GOLF,10,E01023194,0,-1
2021221080712,2021,221080712,1,9,0,9,9,3,1,0,0,5,0,0,0,0,1,1,5,6,1,75,10,1390,1,15,VOLKSWAGEN GOLF,5,E01014045,0,-1
2021201116460,2021,201116460,2,9,0,18,19,4,8,0,0,0,0,0,0,0,4,1,6,6,1,35,6,2000,2,16,VOLKSWAGEN GOLF,2,E01032450,0,-1
2021320529094,2021,320529094,1,9,0,18,19,4,8,0,0,0,1,0,0,0,1,1,6,6,1,30,6,1968,2,15,VOLKSWAGEN GOLF,5,E01026255,0,-1
2021991065033,2021,991065033,1,9,0,9,9,6,3,0,0,6,0,0,0,0,1,1,6,6,1,30,6,1984,1,16,VOLKSWAGEN GOLF,7,-1,0,-1
2021531073328,2021,531073328,1,9,0,18,19,5,1,0,0,0,0,0,0,0,1,1,5,6,1,20,4,1598,1,14,VOLKSWAGEN GOLF,6,E01022414,0,-1
2021302102116,2021,302102116,2,9,0,18,19,6,2,0,0,0,0,0,0,0,1,1,6,6,1,84,11,1598,2,10,VOLKSWAGEN GOLF,9,E01019447,0,-1
2021451036431,2021,451036431,4,9,0,18,19,7,3,0,0,0,0,0,0,0,1,1,5,6,2,30,6,1390,1,12,VOLKSWAGEN GOLF,4,E01001873,0,-1
2021131048073,2021,131048073,2,9,0,18,19,1,1,0,0,0,0,0,0,0,1,1,6,6,2,76,11,1395,1,3,VOLKSWAGEN GOLF,10,E01010691,0,-1
2021170S10441,2021,170S10441,2,9,0,4,4,4,8,0,0,0,0,0,0,0,2,1,2,2,2,42,7,1395,1,3,VOLKSWAGEN GOLF,8,E01012067,0,-1
2021070599004,2021,070599004,1,9,0,9,9,7,1,0,0,3,0,7,4,1,1,1,6,6,1,26,6,1896,2,16,VOLKSWAGEN GOLF,9,E01020580,0,-1
2021010308573,2021,010308573,1,9,0,4,4,7,3,0,0,2,0,4,0,0,4,1,3,7,2,35,6,1900,2,16,VOLKSWAGEN GOLF,1,E01004399,0,-1
2021041038236,2021,041038236,1,9,0,18,19,1,5,0,0,2,0,0,0,0,3,1,6,6,1,35,6,1900,2,15,VOLKSWAGEN GOLF,1,E01012655,0,-1
2021351121360,2021,351121360,1,9,0,9,9,1,7,0,0,8,0,0,0,0,3,1,6,6,2,19,4,1498,1,1,VOLKSWAGEN GOLF,9,E01018209,0,-1
2021320198560,2021,320198560,1,9,0,18,19,4,8,0,0,0,0,0,0,0,4,1,6,6,1,19,4,2000,2,16,VOLKSWAGEN GOLF,10,E01026187,0,-1