collision_index,collision_year,collision_ref_no,vehicle_reference,vehicle_type,towing_and_articulation,vehicle_manoeuvre_historic,vehicle_manoeuvre,vehicle_direction_from,vehicle_direction_to,vehicle_location_restricted_lane_historic,vehicle_location_restricted_lane,junction_location,skidding_and_overturning,hit_object_in_carriageway,vehicle_leaving_carriageway,hit_object_off_carriageway,first_point_of_impact,vehicle_left_hand_drive,journey_purpose_of_driver_historic,journey_purpose_of_driver,sex_of_driver,age_of_driver,age_band_of_driver,engine_capacity_cc,propulsion_code,age_of_vehicle,generic_make_model,driver_imd_decile,lsoa_of_driver,escooter_flag,driver_distance_banding
2021501066755,2021,501066755,1,9,0,16,19,2,5,0,0,5,0,0,0,0,1,1,6,6,2,75,10,1896,2,14,VOLKSWAGEN GOLF,6,E01020195,0,-1
2021041100123,2021,041100123,2,9,0,10,10,5,5,0,0,6,0,0,0,0,3,1,3,7,2,39,7,1395,1,6,VOLKSWAGEN GOLF,-1,-1,0,-1
2021010297439,2021,010297439,1,9,0,5,5,7,3,0,0,1,0,0,0,0,1,1,6,6,2,59,9,1395,1,7,VOLKSWAGEN GOLF,10,E01030343,0,-1
2021320326118,2021,320326118,2,9,0,18,19,7,3,0,0,1,0,0,0,0,2,1,6,6,1,25,5,1968,2,7,VOLKSWAGEN GOLF,3,E01026123,0,-1
202163A045321,2021,63A045321,2,9,0,4,4,3,7,0,0,1,0,0,0,0,2,1,6,6,2,28,6,1898,2,18,VOLKSWAGEN GOLF,7,W01000690,0,-1
2021201028918,2021,201028918,1,9,0,18,19,5,1,0,0,0,0,0,0,0,1,1,6,6,1,26,6,1968,2,12,VOLKSWAGEN GOLF,1,E01009483,0,-1
2021041038786,2021,041038786,2,9,0,2,2,0,0,0,0,0,0,4,0,0,1,1,6,6,3,-1,-1,1968,2,11,VOLKSWAGEN GOLF,-1,-1,0,-1
2021461068740,2021,461068740,1,9,0,18,19,7,3,0,0,0,0,0,0,0,3,1,6,6,1,-1,-1,1968,2,4,VOLKSWAGEN GOLF,-1,-1,0,-1
202134WNC0491,2021,34WNC0491,1,9,0,17,19,2,6,0,0,6,0,0,0,0,3,1,6,6,1,29,6,1598,2,5,VOLKSWAGEN GOLF,-1,-1,0,-1
2021471080065,2021,471080065,1,9,0,5,5,6,1,0,0,6,0,0,0,0,1,1,5,6,2,67,10,1598,1,12,VOLKSWAGEN GOLF,6,E01031392,0,-1
2021010348825,2021,010348825,2,9,0,10,10,5,3,0,0,8,0,0,0,0,1,1,6,6,2,43,7,1598,1,16,VOLKSWAGEN GOLF,2,E01001110,0,-1
2021430183437,2021,430183437,1,9,0,9,9,8,5,0,0,8,0,0,0,0,3,1,6,6,1,31,6,1598,2,8,VOLKSWAGEN GOLF,-1,-1,0,-1
2021471041186,2021,471041186,1,9,0,18,19,1,6,0,0,0,0,0,0,0,1,1,6,6,1,32,6,1900,2,17,VOLKSWAGEN GOLF,5,E01016849,0,-1
2021010300653,2021,010300653,1,9,0,4,4,3,7,0,0,8,2,0,0,0,2,1,6,6,1,51,8,1984,1,3,VOLKSWAGEN GOLF,4,E01015793,0,-1
2021501112986,2021,501112986,2,9,0,5,5,7,2,0,0,4,0,0,0,0,2,1,5,6,2,37,7,1968,2,4,VOLKSWAGEN GOLF,5,E01020127,0,-1
2021061025246,2021,061025246,2,9,0,18,19,2,8,0,0,1,0,0,0,0,2,1,6,6,1,30,6,1968,2,13,VOLKSWAGEN GOLF,3,E01022132,0,-1
2021361066639,2021,361066639,1,9,0,18,19,8,4,0,0,0,0,0,0,0,1,1,5,6,1,50,8,1968,2,14,VOLKSWAGEN GOLF,3,E01026843,0,-1
2021041116802,2021,041116802,1,9,0,18,19,5,1,0,0,1,1,0,0,0,1,1,6,6,1,31,6,2000,2,15,VOLKSWAGEN GOLF,-1,-1,0,-1
2021010337226,2021,010337226,1,9,0,18,19,5,1,0,0,8,0,0,0,0,1,1,6,6,1,27,6,1598,2,4,VOLKSWAGEN GOLF,4,E01033572,0,-1
2021010295781,2021,010295781,2,9,0,99,99,9,9,99,99,9,9,99,9,99,9,9,6,6,3,-1,-1,1896,2,14,VOLKSWAGEN GOLF,-1,-1,0,-1
2021302101814,2021,302101814,1,9,0,9,9,4,8,0,0,1,0,0,0,0,4,1,6,6,1,45,7,1896,2,14,VOLKSWAGEN GOLF,1,E01013487,0,-1
2021010302918,2021,010302918,2,9,0,99,99,9,9,99,99,9,9,99,9,99,1,9,6,6,3,-1,-1,1390,1,12,VOLKSWAGEN GOLF,-1,-1,0,-1
2021451076131,2021,451076131,1,9,0,18,19,8,4,0,0,0,5,0,0,0,1,1,2,2,1,19,4,1390,1,16,VOLKSWAGEN GOLF,6,E01030570,0,-1
2021440305226,2021,440305226,2,9,0,16,19,5,1,0,0,0,0,0,0,0,1,1,6,6,2,57,9,1598,2,8,VOLKSWAGEN GOLF,10,E01022629,0,-1
2021471110610,2021,471110610,2,9,0,18,19,5,1,0,0,1,0,0,0,0,1,1,5,6,1,29,6,1390,1,12,VOLKSWAGEN GOLF,3,E01004563,0,-1
2021471073152,2021,471073152,1,9,0,18,19,7,3,0,0,0,0,0,0,0,1,1,6,6,1,29,6,1900,2,15,VOLKSWAGEN GOLF,9,E01031769,0,-1
2021201023852,2021,201023852,2,9,0,4,4,4,8,0,0,2,1,0,0,0,1,1,5,6,1,45,7,1896,2,18,VOLKSWAGEN GOLF,7,E01009039,0,-1
2021170M11371,2021,170M11371,2,9,0,18,19,8,4,0,0,8,0,0,0,0,1,1,6,6,3,-1,-1,1968,2,14,VOLKSWAGEN GOLF,-1,-1,0,-1
2021211138080,2021,211138080,2,9,0,7,7,4,7,0,0,6,1,0,0,0,3,1,6,6,1,23,5,1968,2,14,VOLKSWAGEN GOLF,1,E01014286,0,-1
2021351026810,2021,351026810,1,9,0,3,3,1,5,0,0,0,0,0,0,0,2,1,6,6,1,24,5,1984,1,4,VOLKSWAGEN GOLF,5,E01018047,0,-1
2021411027054,2021,411027054,1,9,0,18,19,1,5,0,0,0,0,0,0,0,1,1,2,2,2,23,5,1395,1,5,VOLKSWAGEN GOLF,7,E01023886,0,-1
2021520200300,2021,520200300,1,9,0,18,19,2,6,0,0,0,1,0,7,10,1,1,6,6,1,26,6,1896,2,18,VOLKSWAGEN GOLF,6,E01029061,0,-1
2021010325890,2021,010325890,2,9,0,99,99,9,9,99,99,2,9,99,9,99,9,9,6,6,1,32,6,1600,1,17,VOLKSWAGEN GOLF,1,E01004288,0,-1
2021991050191,2021,991050191,2,9,0,16,19,4,7,0,0,1,0,0,0,0,1,1,6,6,2,40,7,1968,2,8,VOLKSWAGEN GOLF,9,-1,0,-1
2021351117826,2021,351117826,1,9,0,18,19,-1,-1,0,0,0,0,0,1,11,1,1,5,6,1,38,7,2000,2,17,VOLKSWAGEN GOLF,-1,-1,0,-1
2021311128342,2021,311128342,1,9,0,18,19,5,1,0,0,1,1,0,7,4,2,1,5,6,1,20,4,2000,1,16,VOLKSWAGEN GOLF,6,E01013838,0,-1
2021430580640,2021,430580640,1,9,0,18,19,7,3,0,0,0,0,0,0,0,1,1,6,6,1,43,7,1896,2,14,VOLKSWAGEN GOLF,-1,-1,0,-1
2021131069491,2021,131069491,2,9,0,18,19,1,5,0,0,8,0,0,0,0,3,1,5,6,2,26,6,1598,2,9,VOLKSWAGEN GOLF,4,E01010848,0,-1
2021141061806,2021,141061806,1,9,0,18,19,1,5,0,0,0,0,0,0,0,4,1,5,6,2,24,5,1896,2,18,VOLKSWAGEN GOLF,9,E01015710,0,-1
2021991049839,2021,991049839,3,9,0,18,19,4,8,0,0,1,0,0,0,0,1,1,2,2,2,35,6,1598,2,2,VOLKSWAGEN GOLF,1,-1,0,-1
20211381E1325,2021,1381E1325,2,9,0,18,19,1,7,0,0,0,0,0,0,0,1,1,6,6,1,43,7,1984,1,7,VOLKSWAGEN GOLF,-1,-1,0,-1
2021041078418,2021,041078418,1,9,0,18,19,6,2,0,0,0,0,0,0,0,1,1,5,6,1,20,4,1390,1,16,VOLKSWAGEN GOLF,5,E01012645,0,-1
20211381A1452,2021,1381A1452,1,9,0,18,19,3,7,0,0,8,0,0,0,1,1,1,6,6,1,18,4,1395,1,7,VOLKSWAGEN GOLF,-1,-1,0,-1
2021371121289,2021,371121289,1,9,0,18,19,7,3,0,0,0,0,0,7,4,3,1,5,6,1,52,8,1968,2,14,VOLKSWAGEN GOLF,4,E01029900,0,-1
2021991032526,2021,991032526,1,9,0,18,19,8,4,0,0,0,0,0,0,0,3,1,6,6,1,36,7,1896,2,13,VOLKSWAGEN GOLF,1,-1,0,-1
2021010339884,2021,010339884,2,9,0,4,4,1,5,0,0,2,0,0,0,0,1,1,6,6,1,26,6,1900,2,16,VOLKSWAGEN GOLF,5,E01001294,0,-1
2021201085318,2021,201085318,1,9,0,18,19,6,2,0,0,0,0,0,0,0,1,1,6,6,1,-1,-1,2000,2,16,VOLKSWAGEN GOLF,-1,-1,0,-1
2021201073455,2021,201073455,2,9,0,3,3,8,2,0,0,8,0,0,0,0,2,1,2,2,2,56,9,1498,1,1,VOLKSWAGEN GOLF,6,E01009802,0,-1
2021520103882,2021,520103882,1,9,0,18,19,7,3,0,0,3,0,0,0,0,4,1,6,6,1,28,6,1896,2,13,VOLKSWAGEN GOLF,5,E01029208,0,-1
2021101027138,2021,101027138,1,9,0,18,19,1,5,0,0,4,0,0,0,0,1,1,2,2,1,47,8,1984,1,2,VOLKSWAGEN GOLF,3,E01008576,0,-1
2021501091475,2021,501091475,1,9,0,17,19,6,2,0,0,0,1,10,1,2,1,1,5,6,2,42,7,1400,1,21,VOLKSWAGEN GOLF,3,E01019028,0,-1
2021131064848,2021,131064848,1,9,0,18,19,5,1,0,0,1,0,0,0,0,3,1,5,6,2,45,7,999,1,2,VOLKSWAGEN GOLF,2,E01025244,0,-1
2021061060784,2021,061060784,2,9,0,7,7,5,3,0,0,2,0,0,0,0,1,1,6,6,3,30,6,2000,2,15,VOLKSWAGEN GOLF,-1,-1,0,-1
2021010352176,2021,010352176,4,9,0,18,19,7,3,0,0,0,0,0,0,0,1,1,6,6,1,22,5,1900,2,17,VOLKSWAGEN GOLF,8,E01003422,0,-1
2021471124393,2021,471124393,1,9,0,9,9,6,3,0,0,5,0,0,0,0,3,1,5,6,1,39,7,1390,1,17,VOLKSWAGEN GOLF,9,E01021208,0,-1
2021471054847,2021,471054847,2,9,0,18,19,4,8,0,0,1,0,0,0,0,1,1,6,6,1,23,5,1968,2,5,VOLKSWAGEN GOLF,7,E01031766,0,-1
2021411102943,2021,411102943,1,9,0,18,19,7,3,0,0,0,0,0,0,0,1,1,3,7,2,31,6,1390,1,18,VOLKSWAGEN GOLF,7,E01023636,0,-1
2021010340127,2021,010340127,1,9,0,99,99,9,9,99,99,9,9,99,9,99,2,9,6,6,2,39,7,1598,2,5,VOLKSWAGEN GOLF,2,E01004830,0,-1
2021041093185,2021,041093185,1,9,0,18,19,1,5,0,0,1,0,0,0,0,1,1,2,2,1,43,7,1896,2,14,VOLKSWAGEN GOLF,6,E01006157,0,-1
2021041076434,2021,041076434,2,9,0,18,19,5,1,0,0,1,0,0,1,2,3,1,5,6,1,31,6,1390,1,9,VOLKSWAGEN GOLF,1,E01025293,0,-1
2021010338731,2021,010338731,2,9,0,99,99,9,9,99,99,9,9,99,9,99,1,9,6,6,1,41,7,1390,1,11,VOLKSWAGEN GOLF,7,E01000198,0,-1
2021010335956,2021,010335956,1,9,0,18,19,5,1,0,0,0,0,0,0,0,1,1,1,1,1,57,9,2000,2,15,VOLKSWAGEN GOLF,6,E01003469,0,-1
2021430198762,2021,430198762,1,9,0,18,19,3,7,0,0,1,0,0,0,0,1,1,6,6,1,21,5,1598,1,16,VOLKSWAGEN GOLF,-1,-1,0,-1
2021522101923,2021,522101923,1,9,0,18,19,2,6,0,0,1,0,0,0,0,1,1,2,2,1,44,7,1896,2,18,VOLKSWAGEN GOLF,3,E01014807,0,-1
2021041017475,2021,041017475,2,9,0,18,19,7,3,0,0,0,0,0,0,0,1,1,5,6,1,27,6,1968,2,8,VOLKSWAGEN GOLF,8,E01012584,0,-1
202131C052921,2021,31C052921,1,9,0,18,19,2,6,0,0,0,0,0,0,0,1,1,6,6,1,27,6,1984,1,7,VOLKSWAGEN GOLF,1,E01013860,0,-1
2021061051912,2021,061051912,2,9,0,3,3,3,7,0,0,0,0,0,0,0,2,1,3,7,1,41,7,1984,1,4,VOLKSWAGEN GOLF,-1,-1,0,-1
2021552100483,2021,552100483,1,9,0,18,19,3,7,0,0,0,0,0,0,0,4,1,6,6,1,24,5,1968,2,7,VOLKSWAGEN GOLF,6,E01015331,0,-1
2021371090079,2021,371090079,4,9,0,2,2,0,0,0,0,2,0,0,0,0,2,1,6,6,3,-1,-1,1598,2,4,VOLKSWAGEN GOLF,-1,-1,0,-1
2021010304883,2021,010304883,2,9,0,99,99,9,9,99,99,9,9,99,9,99,2,9,6,6,3,-1,-1,1984,1,13,VOLKSWAGEN GOLF,-1,-1,0,-1
2021451124370,2021,451124370,1,9,0,5,5,5,1,0,0,6,1,0,0,0,3,1,5,6,2,35,6,1984,1,2,VOLKSWAGEN GOLF,3,E01003250,0,-1
2021552100754,2021,552100754,1,9,0,16,19,2,6,0,0,1,0,0,0,0,1,1,6,6,1,22,5,1598,1,17,VOLKSWAGEN GOLF,4,E01029232,0,-1
2021201103090,2021,201103090,1,9,0,18,19,6,2,0,0,0,0,4,0,0,1,1,2,2,1,43,7,1598,1,18,VOLKSWAGEN GOLF,6,E01009598,0,-1
2021451078061,2021,451078061,1,9,0,17,19,6,2,0,0,0,5,0,7,11,1,1,5,6,1,29,6,1395,1,5,VOLKSWAGEN GOLF,3,E01003109,0,-1
2021131115482,2021,131115482,2,9,0,-1,-1,-1,-1,-1,-1,-1,-1,-1,-1,-1,-1,1,5,6,2,32,6,1598,2,7,VOLKSWAGEN GOLF,5,E01011356,0,-1
2021010321501,2021,010321501,1,9,0,16,19,1,5,0,0,1,0,0,0,0,1,1,1,1,2,45,7,1598,2,6,VOLKSWAGEN GOLF,-1,-1,0,-1
2021010306453,2021,010306453,2,9,0,99,99,9,9,99,99,9,9,99,9,99,1,9,6,6,3,-1,-1,1390,1,13,VOLKSWAGEN GOLF,-1,-1,0,-1
2021061083728,2021,061083728,2,9,0,18,19,3,7,0,0,8,0,0,0,0,3,1,2,2,1,31,6,2000,2,16,VOLKSWAGEN GOLF,1,E01005196,0,-1
202131C013421,2021,31C013421,1,9,0,7,7,1,3,0,0,5,0,0,0,0,2,1,6,6,1,21,5,1984,1,8,VOLKSWAGEN GOLF,4,E01013941,0,-1
2021010298676,2021,010298676,2,9,0,5,5,5,1,0,0,1,0,0,0,0,1,1,6,6,1,36,7,1598,2,10,VOLKSWAGEN GOLF,6,E01003386,0,-1
2021371064667,2021,371064667,1,9,0,9,9,7,3,0,0,1,0,0,0,0,0,1,1,1,1,25,5,1395,1,3,VOLKSWAGEN GOLF,3,E01000586,0,-1
2021010295561,2021,010295561,2,9,3,2,2,0,0,0,0,1,0,4,0,0,2,1,6,6,3,-1,-1,1968,2,13,VOLKSWAGEN GOLF,-1,-1,0,-1
2021622100177,2021,622100177,2,9,0,18,19,8,4,0,0,8,1,0,0,0,1,1,6,6,1,45,7,1984,1,7,VOLKSWAGEN GOLF,10,W01001892,0,-1
2021231100326,2021,231100326,2,9,0,18,19,1,5,0,0,0,0,0,0,0,1,1,5,6,1,22,5,1498,1,0,VOLKSWAGEN GOLF,8,E01022123,0,-1
2021010292143,2021,010292143,2,9,0,99,99,9,9,0,0,8,0,0,0,0,2,9,6,6,3,-1,-1,1598,1,14,VOLKSWAGEN GOLF,-1,-1,0,-1
2021221044141,2021,221044141,1,9,0,3,3,6,2,0,0,0,0,0,0,0,3,1,5,6,2,67,10,1598,2,9,VOLKSWAGEN GOLF,7,E01032380,0,-1
2021131098560,2021,131098560,3,9,0,18,19,6,2,0,0,8,0,0,0,0,4,1,2,2,1,40,7,1896,2,12,VOLKSWAGEN GOLF,8,E01011653,0,-1
2021501053276,2021,501053276,1,9,0,17,19,6,2,0,0,0,1,0,0,0,1,1,2,2,1,18,4,1598,2,11,VOLKSWAGEN GOLF,8,E01019889,0,-1
2021201148142,2021,201148142,1,9,0,18,19,8,4,0,0,8,0,0,0,0,1,1,2,2,1,27,6,1598,1,20,VOLKSWAGEN GOLF,8,E01010134,0,-1
2021461026633,2021,461026633,2,9,0,18,19,5,1,0,0,0,0,0,0,0,1,1,6,6,3,37,7,2000,2,17,VOLKSWAGEN GOLF,-1,-1,0,-1
2021131085941,2021,131085941,2,9,0,7,7,1,7,0,0,0,0,0,0,0,0,1,5,6,2,22,5,1968,2,11,VOLKSWAGEN GOLF,1,E01011360,0,-1
2021041112689,2021,041112689,1,9,0,18,19,3,7,0,0,1,0,0,0,0,1,1,5,6,1,78,11,1968,2,10,VOLKSWAGEN GOLF,10,E01025278,0,-1
2021552101240,2021,552101240,1,9,0,4,4,2,6,0,0,0,0,0,0,0,0,1,6,6,1,63,9,1498,1,2,VOLKSWAGEN GOLF,10,E01015399,0,-1
2021070467790,2021,070467790,1,9,0,18,19,2,6,0,0,1,0,4,0,0,1,1,6,6,1,32,6,1781,1,20,VOLKSWAGEN GOLF,8,E01018403,0,-1
2021131071961,2021,131071961,1,9,0,-1,-1,-1,-1,-1,-1,8,-1,-1,-1,0,-1,1,6,6,1,19,4,1598,2,10,VOLKSWAGEN GOLF,1,E01010736,0,-1
2021010299890,2021,010299890,2,9,0,99,99,9,9,99,99,9,9,99,9,99,0,9,6,6,3,34,6,1598,2,10,VOLKSWAGEN GOLF,4,E01004232,0,-1
2021411068540,2021,411068540,2,9,0,18,19,5,1,0,0,0,0,0,0,0,1,1,6,6,1,25,5,1984,1,7,VOLKSWAGEN GOLF,2,E01004403,0,-1
2021061112524,2021,061112524,2,9,0,6,6,8,8,0,0,1,0,0,0,0,2,1,5,6,1,19,4,1390,1,14,VOLKSWAGEN GOLF,2,E01033675,0,-1
2021041120742,2021,041120742,1,9,0,7,7,1,1,0,0,0,0,0,0,0,3,1,5,6,2,53,8,1598,2,7,VOLKSWAGEN GOLF,8,E01024993,0,-1
2021440137048,2021,440137048,2,9,0,17,19,2,6,0,0,0,0,0,0,0,3,1,6,6,1,35,6,1968,2,14,VOLKSWAGEN GOLF,6,E01022701,0,-1
2021461086115,2021,461086115,1,9,0,18,19,8,4,0,0,0,0,7,0,0,1,1,6,6,1,-1,-1,1968,2,5,VOLKSWAGEN GOLF,-1,-1,0,-1
2021302101613,2021,302101613,1,9,0,18,19,8,4,0,0,0,0,0,0,0,1,1,2,2,1,22,5,1968,2,5,VOLKSWAGEN GOLF,5,E01013519,0,-1
2021041016642,2021,041016642,1,9,0,18,19,1,5,0,0,0,1,0,5,6,3,1,2,2,1,49,8,1968,2,5,VOLKSWAGEN GOLF,6,E01025107,0,-1
2021451031178,2021,451031178,1,9,0,18,19,5,1,0,0,4,1,0,3,4,1,1,5,6,1,36,7,1395,1,5,VOLKSWAGEN GOLF,-1,-1,0,-1
2021461058688,2021,461058688,3,9,0,10,10,3,7,0,0,1,0,0,0,0,1,1,5,6,1,78,11,1395,1,3,VOLKSWAGEN GOLF,9,E01024415,0,-1
2021201115261,2021,201115261,1,9,0,18,19,8,2,0,0,6,0,0,0,0,1,1,6,6,3,-1,-1,1600,2,11,VOLKSWAGEN GOLF,-1,-1,0,-1
2021221021654,2021,221021654,1,9,0,14,14,8,4,0,0,1,0,0,0,0,1,1,5,6,1,33,6,2000,2,16,VOLKSWAGEN GOLF,2,E01014074,0,-1
2021041116374,2021,041116374,1,9,0,18,19,2,8,0,0,1,0,0,0,0,4,1,5,6,1,23,5,1598,2,5,VOLKSWAGEN GOLF,3,E01024904,0,-1
2021622100834,2021,622100834,3,9,0,2,2,0,0,0,0,0,0,0,0,0,2,1,6,6,3,-1,-1,1395,1,5,VOLKSWAGEN GOLF,-1,-1,0,-1
20211381M1788,2021,1381M1788,1,9,0,18,19,5,1,0,0,8,0,0,0,0,1,1,6,6,1,30,6,1896,2,14,VOLKSWAGEN GOLF,1,E01010676,0,-1
2021061039220,2021,061039220,4,9,0,7,7,1,3,0,0,8,0,0,0,0,1,1,6,6,2,30,6,1395,1,6,VOLKSWAGEN GOLF,10,E01006079,0,-1
2021371076624,2021,371076624,1,9,0,18,19,5,1,0,0,0,0,0,0,0,1,1,5,6,2,35,6,1390,1,8,VOLKSWAGEN GOLF,5,E01030146,0,-1
2021161083781,2021,161083781,5,9,0,18,19,3,7,0,0,0,0,0,0,0,1,1,6,6,3,-1,-1,1984,1,3,VOLKSWAGEN GOLF,-1,-1,0,-1
2021141054984,2021,141054984,1,9,0,9,9,1,7,0,0,5,0,0,0,0,3,1,5,6,1,21,5,1600,2,12,VOLKSWAGEN GOLF,10,E01007927,0,-1
2021070133609,2021,070133609,1,9,0,16,19,2,6,0,0,8,1,10,1,2,1,1,6,6,1,26,6,1968,2,12,VOLKSWAGEN GOLF,1,E01004823,0,-1
2021501083463,2021,501083463,2,9,0,9,9,5,1,0,0,1,0,0,0,0,3,1,5,6,1,29,6,1896,2,14,VOLKSWAGEN GOLF,8,E01014705,0,-1
2021070543519,2021,070543519,2,9,0,13,13,5,2,0,0,0,0,0,0,0,4,1,2,2,1,27,6,1968,2,4,VOLKSWAGEN GOLF,8,E01018493,0,-1
2021421076921,2021,421076921,3,9,0,18,19,7,3,0,0,0,0,0,0,0,0,1,6,6,1,25,5,1984,1,16,VOLKSWAGEN GOLF,7,E01032776,0,-1
2021010335779,2021,010335779,2,9,0,18,19,4,8,0,0,0,0,0,0,0,1,1,2,2,2,77,11,1498,1,3,VOLKSWAGEN GOLF,4,E01030914,0,-1
2021552101159,2021,552101159,2,9,0,9,9,3,1,0,0,8,0,0,0,0,3,1,6,6,2,42,7,1598,1,14,VOLKSWAGEN GOLF,3,E01015293,0,-1
2021170H10741,2021,170H10741,2,9,0,18,19,5,1,0,0,0,0,0,0,0,2,1,6,6,1,42,7,1598,2,9,VOLKSWAGEN GOLF,1,E01011989,0,-1
2021131052707,2021,131052707,2,9,0,3,3,1,5,0,0,0,0,0,0,0,2,1,5,6,2,42,7,1498,1,4,VOLKSWAGEN GOLF,2,E01010889,0,-1
2021461051180,2021,461051180,1,9,0,17,19,7,3,0,0,1,0,0,0,0,1,1,6,6,1,75,10,1968,2,1,VOLKSWAGEN GOLF,5,E01024223,0,-1
2021471052280,2021,471052280,1,9,0,4,4,2,8,0,0,0,0,0,0,0,1,1,5,6,2,53,8,1781,1,25,VOLKSWAGEN GOLF,6,E01021033,0,-1
202134WNC0841,2021,34WNC0841,1,9,0,18,19,5,1,0,0,0,0,0,0,0,1,1,6,6,1,-1,-1,1968,2,14,VOLKSWAGEN GOLF,10,E01017700,0,-1
2021141050192,2021,141050192,2,9,0,17,19,1,6,0,0,1,0,1,0,0,4,1,2,2,1,23,5,1968,2,4,VOLKSWAGEN GOLF,9,E01007602,0,-1
2021010306381,2021,010306381,2,9,0,18,19,7,3,0,0,1,0,0,0,0,1,1,6,6,1,56,9,1598,1,14,VOLKSWAGEN GOLF,2,E01000958,0,-1
2021141106215,2021,141106215,1,9,0,18,19,7,3,0,0,1,0,7,0,0,1,1,6,6,3,-1,-1,1984,1,4,VOLKSWAGEN GOLF,-1,-1,0,-1
2021010302234,2021,010302234,2,9,0,18,19,5,1,0,0,0,1,0,0,0,1,1,6,6,1,22,5,2000,2,15,VOLKSWAGEN GOLF,6,E01021460,0,-1
2021231027196,2021,231027196,4,9,0,18,19,5,1,0,0,0,0,0,0,0,1,1,2,2,1,33,6,1395,1,8,VOLKSWAGEN GOLF,6,E01031207,0,-1
202134NNC3701,2021,34NNC3701,2,9,0,18,19,3,7,0,0,0,1,0,1,0,1,1,6,6,2,19,4,1968,2,8,VOLKSWAGEN GOLF,8,E01027273,0,-1
2021430351114,2021,430351114,3,9,0,4,4,5,1,0,0,0,0,0,0,0,2,1,6,6,1,39,7,1968,2,3,VOLKSWAGEN GOLF,8,E01030580,0,-1
2021351100071,2021,351100071,1,9,0,5,5,3,7,0,0,1,0,0,0,0,4,1,6,6,2,51,8,1896,2,18,VOLKSWAGEN GOLF,5,E01018163,0,-1
2021041102794,2021,041102794,1,9,0,12,12,5,1,9,9,0,0,11,0,0,1,1,5,6,1,42,7,1390,1,9,VOLKSWAGEN GOLF,3,E01012588,0,-1
2021421101304,2021,421101304,1,9,0,15,15,1,5,0,0,0,0,0,7,9,1,1,6,6,1,20,4,999,1,3,VOLKSWAGEN GOLF,6,E01021886,0,-1
2021430408476,2021,430408476,1,9,0,16,19,4,7,0,0,1,0,0,3,1,1,1,6,6,1,24,5,1968,2,7,VOLKSWAGEN GOLF,6,E01023624,0,-1
2021010332881,2021,010332881,2,9,0,5,5,5,1,0,0,1,0,0,0,0,1,1,2,2,2,29,6,1896,2,20,VOLKSWAGEN GOLF,3,E01001602,0,-1
2021201111442,2021,201111442,1,9,0,18,19,7,3,0,0,6,0,10,3,11,1,1,6,6,1,29,6,1395,8,6,VOLKSWAGEN GOLF,1,E01009978,0,-1
2021440308886,2021,440308886,2,9,0,14,14,7,3,0,0,0,0,0,0,0,4,1,2,2,1,-1,-1,1390,1,9,VOLKSWAGEN GOLF,5,E01017025,0,-1
2021041052565,2021,041052565,3,9,0,4,4,5,1,0,0,0,0,0,0,0,2,1,5,6,1,48,8,1984,1,6,VOLKSWAGEN GOLF,6,E01025535,0,-1
2021010289604,2021,010289604,1,9,0,99,99,9,9,99,99,9,9,99,9,99,1,9,6,6,1,26,6,1595,1,12,VOLKSWAGEN GOLF,3,E01002185,0,-1
2021041030032,2021,041030032,1,9,0,18,19,3,7,0,0,0,0,0,0,0,1,1,5,6,2,76,11,1598,1,13,VOLKSWAGEN GOLF,8,E01025163,0,-1
2021451052646,2021,451052646,4,9,0,2,2,0,0,0,0,0,0,0,0,0,3,1,6,6,3,-1,-1,1896,2,13,VOLKSWAGEN GOLF,-1,-1,0,-1
2021610052921,2021,610052921,1,9,0,9,9,7,4,0,0,8,0,0,0,0,1,1,1,1,2,39,7,1968,2,5,VOLKSWAGEN GOLF,-1,-1,0,-1
2021430378763,2021,430378763,2,9,0,4,4,3,7,0,0,0,0,0,0,0,2,1,6,6,1,41,7,1968,2,4,VOLKSWAGEN GOLF,7,E01016402,0,-1
2021041119628,2021,041119628,1,9,0,18,19,6,2,0,0,0,0,0,0,0,1,1,5,6,1,19,4,1598,2,5,VOLKSWAGEN GOLF,9,E01025158,0,-1
202134NNC3761,2021,34NNC3761,2,9,0,9,9,8,2,0,0,8,0,0,0,0,3,1,6,6,1,57,9,999,1,2,VOLKSWAGEN GOLF,7,E01032967,0,-1
2021138451484,2021,138451484,1,9,0,18,19,3,7,0,0,4,0,0,0,0,1,1,6,6,3,-1,-1,1598,2,6,VOLKSWAGEN GOLF,-1,-1,0,-1
2021549485721,2021,549485721,1,9,0,1,1,7,3,0,0,0,0,0,0,0,2,1,6,6,1,17,4,1390,1,9,VOLKSWAGEN GOLF,8,E01015472,0,-1
2021010340299,2021,010340299,1,9,0,7,7,2,4,0,0,1,0,0,0,0,4,1,6,6,2,31,6,1395,1,7,VOLKSWAGEN GOLF,9,E01023553,0,-1
2021010303998,2021,010303998,2,9,0,99,99,9,9,0,0,6,0,0,0,0,9,9,6,6,3,44,7,1197,1,8,VOLKSWAGEN GOLF,2,E01000604,0,-1
2021061053519,2021,061053519,2,9,0,18,19,4,8,0,0,1,0,0,0,0,1,1,6,6,3,30,6,1896,2,19,VOLKSWAGEN GOLF,-1,-1,0,-1
2021010331037,2021,010331037,1,9,0,18,19,7,3,0,0,2,0,0,0,0,1,1,6,6,1,20,4,1395,1,5,VOLKSWAGEN GOLF,1,E01002041,0,-1
2021622100078,2021,622100078,1,9,0,9,9,4,2,0,0,5,0,0,0,0,1,1,6,6,1,19,4,1598,2,9,VOLKSWAGEN GOLF,2,W01001862,0,-1
2021131052798,2021,131052798,2,9,0,18,19,3,7,0,0,8,1,0,0,0,1,2,5,6,1,28,6,1968,2,10,VOLKSWAGEN GOLF,1,E01010833,0,-1
2021010349445,2021,010349445,2,9,0,4,4,3,7,0,0,0,0,0,0,0,2,1,6,6,1,38,7,1498,1,2,VOLKSWAGEN GOLF,4,E01004416,0,-1
2021010318768,2021,010318768,1,9,0,18,19,7,3,0,0,0,0,10,1,2,1,1,6,6,1,21,5,1984,1,7,VOLKSWAGEN GOLF,2,E01004238,0,-1