collision_index,collision_year,collision_ref_no,vehicle_reference,vehicle_type,towing_and_articulation,vehicle_manoeuvre_historic,vehicle_manoeuvre,vehicle_direction_from,vehicle_direction_to,vehicle_location_restricted_lane_historic,vehicle_location_restricted_lane,junction_location,skidding_and_overturning,hit_object_in_carriageway,vehicle_leaving_carriageway,hit_object_off_carriageway,first_point_of_impact,vehicle_left_hand_drive,journey_purpose_of_driver_historic,journey_purpose_of_driver,sex_of_driver,age_of_driver,age_band_of_driver,engine_capacity_cc,propulsion_code,age_of_vehicle,generic_make_model,driver_imd_decile,lsoa_of_driver,escooter_flag,driver_distance_banding
2021430053398,2021,430053398,1,9,0,3,3,4,8,0,0,0,0,0,0,1,2,1,6,6,2,48,8,1896,2,14,VOLKSWAGEN GOLF,5,E01016416,0,-1
2021041074584,2021,041074584,1,9,0,9,9,5,1,0,0,0,0,0,0,0,1,1,2,2,1,21,5,1598,2,11,VOLKSWAGEN GOLF,8,E01012613,0,-1
2021041042472,2021,041042472,3,9,0,18,19,1,1,0,0,1,0,0,0,0,1,1,5,6,1,44,7,1598,2,11,VOLKSWAGEN GOLF,8,E01012581,0,-1
2021302101269,2021,302101269,2,9,0,18,19,5,8,0,0,8,0,0,0,0,1,1,6,6,1,18,4,1598,2,10,VOLKSWAGEN GOLF,6,E01019774,0,-1
2021010323037,2021,010323037,1,9,0,99,99,9,9,99,99,9,9,99,9,99,0,9,6,6,2,62,9,1395,1,4,VOLKSWAGEN GOLF,6,E01001989,0,-1
2021531094379,2021,531094379,2,9,0,9,9,1,5,0,0,8,0,0,0,0,1,1,2,2,1,29,6,1968,2,12,VOLKSWAGEN GOLF,3,E01022256,0,-1
2021131119890,2021,131119890,1,9,0,17,19,8,4,0,0,0,1,10,2,11,2,1,5,6,2,24,5,1896,2,16,VOLKSWAGEN GOLF,1,E01010845,0,-1
2021991069133,2021,991069133,2,9,0,18,19,2,6,0,0,0,0,0,0,0,2,1,5,6,1,29,6,1598,2,7,VOLKSWAGEN GOLF,5,-1,0,-1
2021421029497,2021,421029497,1,9,0,18,19,1,5,0,0,0,0,0,0,0,1,1,5,6,1,63,9,1968,2,6,VOLKSWAGEN GOLF,7,E01021983,0,-1
2021552101057,2021,552101057,3,9,0,18,19,8,4,0,0,0,0,0,0,0,2,1,2,2,1,31,6,1498,1,2,VOLKSWAGEN GOLF,6,E01015353,0,-1
2021041017810,2021,041017810,1,9,0,18,19,7,3,0,0,1,0,0,0,0,3,2,5,6,1,44,7,1896,2,20,VOLKSWAGEN GOLF,8,E01025597,0,-1
2021440435798,2021,440435798,2,9,0,2,2,0,0,0,0,0,0,0,0,0,2,1,6,6,3,-1,-1,1395,1,3,VOLKSWAGEN GOLF,-1,-1,0,-1
2021010298469,2021,010298469,1,3,0,18,19,7,3,0,0,2,2,0,0,0,3,1,6,6,1,29,6,125,1,4,-1,3,E01001807,0,-1
2021401101459,2021,401101459,1,3,0,18,19,2,6,0,0,0,0,4,0,0,1,1,5,6,1,23,5,124,1,8,-1,9,E01017495,0,-1
2021430534773,2021,430534773,2,9,0,18,19,6,2,0,0,0,0,0,0,0,1,1,2,2,1,29,6,1970,1,16,-1,-1,-1,0,-1
2021010313608,2021,010313608,4,9,0,18,19,1,5,0,0,2,0,0,0,0,2,1,6,6,1,36,7,2998,1,1,BMW 8 SERIES,6,E01003694,0,-1
2021010344318,2021,010344318,2,9,0,18,19,2,6,0,0,8,0,0,0,0,4,1,6,6,1,24,5,2998,1,2,BMW 8 SERIES,8,E01030302,0,-1
2021070644854,2021,070644854,2,9,0,16,19,7,3,0,0,1,0,0,0,0,1,1,3,7,1,44,7,2998,1,0,BMW 8 SERIES,10,E01018694,0,-1
2021461048692,2021,461048692,2,9,0,10,10,3,7,0,0,1,0,0,0,0,2,1,5,6,2,49,8,2993,2,2,BMW 8 SERIES,6,E01024568,0,-1
2021010339944,2021,010339944,1,9,0,3,3,7,3,0,0,1,0,0,0,0,4,1,6,6,1,45,7,2998,1,1,BMW 8 SERIES,8,E01003710,0,-1
2021991110203,2021,991110203,1,9,0,2,2,4,8,0,0,0,0,0,0,0,1,1,1,1,1,60,9,2998,1,0,BMW 8 SERIES,-1,-1,0,-1
2021430543486,2021,430543486,2,9,0,18,19,7,3,0,0,8,0,0,0,0,1,1,2,2,1,31,6,2998,1,1,BMW 8 SERIES,9,E01017693,0,-1
2021010343724,2021,010343724,1,9,0,18,19,1,5,0,0,1,0,0,1,1,1,1,6,6,1,36,7,2993,2,0,BMW 8 SERIES,8,E01033612,0,-1
2021430541858,2021,430541858,1,9,0,10,10,5,3,0,0,1,0,0,0,0,2,1,2,2,1,47,8,2998,1,0,BMW 8 SERIES,7,E01016734,0,-1
2021010324336,2021,010324336,5,9,0,3,3,1,5,0,0,0,0,0,0,0,1,1,6,6,1,58,9,2993,12,0,BMW 8 SERIES,9,E01023375,0,-1
2021070826231,2021,070826231,1,9,0,18,19,3,7,0,0,0,0,0,0,0,1,1,6,6,1,51,8,2998,1,2,BMW 8 SERIES,5,E01018319,0,-1
2021451055247,2021,451055247,1,9,0,13,13,1,5,0,0,2,0,0,0,0,4,1,5,6,1,58,9,2993,2,2,BMW 8 SERIES,3,E01003280,0,-1
2021501055658,2021,501055658,1,9,0,5,5,3,1,0,0,6,0,0,0,0,1,1,3,7,1,37,7,2993,2,2,BMW 8 SERIES,4,E01020252,0,-1
2021010334075,2021,010334075,1,9,0,18,19,3,7,0,0,1,0,0,0,0,3,1,1,1,1,51,8,2998,1,1,BMW 8 SERIES,8,E01024133,0,-1
2021010342729,2021,010342729,2,9,0,99,99,9,9,99,99,9,9,99,9,99,9,9,6,6,3,-1,-1,2998,1,0,BMW 8 SERIES,-1,-1,0,-1
2021010292771,2021,010292771,1,9,0,18,19,7,3,0,0,2,0,0,0,0,0,1,6,6,1,25,5,2998,1,1,BMW 8 SERIES,4,E01033490,0,-1
2021010320587,2021,010320587,1,3,0,18,19,1,5,0,0,1,0,0,0,0,2,1,6,6,1,25,5,125,1,14,-1,3,E01001043,0,-1
2021010287597,2021,010287597,1,3,0,99,99,9,9,99,99,0,9,99,9,99,9,1,2,2,1,36,7,125,1,14,-1,10,E01004112,0,-1
2021010331957,2021,010331957,1,3,0,99,99,9,9,99,99,9,9,99,9,99,1,1,6,6,1,39,7,125,1,0,HONDA NSS,5,E01023780,0,-1
2021010343092,2021,010343092,1,3,0,99,99,9,9,99,99,9,9,99,9,99,1,1,6,6,1,42,7,125,1,0,HONDA NSS,5,E01016392,0,-1
2021451106222,2021,451106222,2,3,0,18,19,1,5,0,0,0,0,0,0,0,1,1,5,6,1,41,7,125,1,1,HONDA NSS,5,E01030834,0,-1
2021131108674,2021,131108674,2,4,0,3,3,2,6,0,0,0,0,0,0,0,2,1,2,2,1,32,6,279,1,1,HONDA NSS,1,E01011671,0,-1
2021010297916,2021,010297916,1,3,0,15,15,1,5,2,2,1,0,0,0,0,3,1,2,2,1,32,6,125,1,2,HONDA NSS,3,E01001327,0,-1
2021010346630,2021,010346630,2,3,0,3,3,5,1,0,0,1,0,0,0,0,1,1,1,1,1,33,6,125,1,0,HONDA NSS,7,E01000462,0,-1
2021010342391,2021,010342391,2,3,0,15,15,5,1,0,0,1,0,0,0,0,1,1,6,6,1,47,8,125,1,1,HONDA NSS,7,E01001307,0,-1
2021010335055,2021,010335055,2,3,0,15,15,8,4,0,0,5,0,0,0,0,1,1,6,6,1,43,7,125,1,3,HONDA NSS,4,E01004330,0,-1
2021010323230,2021,010323230,1,4,0,18,19,1,5,0,0,2,0,0,0,0,1,1,1,1,1,33,6,279,1,3,HONDA NSS,3,E01002043,0,-1
2021010298676,2021,010298676,1,3,0,3,3,5,1,0,0,1,0,0,0,0,2,1,1,1,1,37,7,125,1,4,HONDA NSS,8,E01003399,0,-1
2021522105248,2021,522105248,1,5,0,18,19,8,4,0,0,8,0,0,0,0,1,1,6,6,1,33,6,125,1,1,HONDA NSS,7,E01014554,0,-1
2021010320180,2021,010320180,1,3,0,99,99,9,9,0,0,0,0,0,0,0,9,1,6,6,1,48,8,125,1,2,HONDA NSS,3,E01000032,0,-1
2021461035742,2021,461035742,2,4,0,18,19,8,4,0,0,1,0,0,0,0,4,1,1,1,1,43,7,330,1,0,HONDA NSS,5,E01024191,0,-1
2021010288105,2021,010288105,2,3,0,99,99,9,9,99,99,9,9,99,9,99,0,1,6,6,1,34,6,125,1,5,HONDA NSS,2,E01004201,0,-1
2021010328894,2021,010328894,1,3,0,99,99,9,9,99,99,9,9,99,9,99,9,1,6,6,3,66,10,125,1,0,HONDA NSS,8,E01002322,0,-1
2021010322863,2021,010322863,1,3,0,99,99,9,9,99,99,9,9,99,9,99,1,1,1,1,1,32,6,125,1,0,HONDA NSS,6,E01015331,0,-1
2021010307336,2021,010307336,1,3,0,99,99,9,9,99,99,9,9,99,9,99,9,1,6,6,1,28,6,125,1,5,HONDA NSS,3,E01000586,0,-1
2021552101104,2021,552101104,2,3,0,18,19,2,6,0,0,8,0,0,0,0,1,1,6,6,1,35,6,125,1,3,HONDA NSS,2,E01015288,0,-1
2021010329698,2021,010329698,2,4,0,18,19,1,5,0,0,0,2,0,0,0,1,1,1,1,1,40,7,279,1,2,HONDA NSS,9,E01002286,0,-1
2021010352075,2021,010352075,1,4,0,18,19,3,7,0,0,5,2,0,0,0,1,1,1,1,1,33,6,279,1,4,HONDA NSS,-1,-1,0,-1
2021010339532,2021,010339532,1,3,0,99,99,9,9,99,99,9,9,99,9,99,1,1,6,6,1,35,6,125,1,0,HONDA NSS,2,E01003604,0,-1
2021010306528,2021,010306528,2,3,0,13,13,5,1,0,0,8,0,0,0,0,4,1,6,6,1,25,5,125,1,6,HONDA NSS,6,E01000584,0,-1
2021010324969,2021,010324969,1,4,0,12,12,2,6,0,0,2,2,0,5,6,2,1,2,2,1,51,8,125,1,1,HONDA NSS,10,E01004104,0,-1
2021010328501,2021,010328501,2,3,0,18,19,3,7,0,0,1,0,0,0,0,1,1,6,6,1,42,7,125,1,2,HONDA NSS,4,E01002425,0,-1
2021010351098,2021,010351098,2,4,0,18,19,1,5,0,0,0,0,4,0,0,1,1,1,1,1,27,6,125,1,1,HONDA NSS,4,E01002973,0,-1
2021010351046,2021,010351046,1,3,0,99,99,9,9,99,99,9,9,99,9,99,1,1,6,6,1,35,6,125,1,1,HONDA NSS,4,E01002236,0,-1
2021440271552,2021,440271552,1,3,0,18,19,2,6,0,0,0,0,12,0,0,1,1,2,2,1,58,9,125,1,1,HONDA NSS,6,E01017142,0,-1
2021010352035,2021,010352035,1,3,0,99,99,9,9,99,99,9,9,99,9,99,1,1,1,1,1,34,6,125,1,1,HONDA NSS,2,E01000603,0,-1
2021010322618,2021,010322618,2,3,0,99,99,9,9,99,99,9,9,99,9,99,1,1,1,1,1,34,6,125,1,0,HONDA NSS,4,E01000171,0,-1
2021052100551,2021,052100551,2,3,0,18,19,5,1,0,0,8,0,0,0,0,3,1,6,6,1,22,5,125,1,0,HONDA NSS,1,E01006548,0,-1
2021010331973,2021,010331973,1,4,0,13,13,1,5,0,0,6,0,0,0,0,4,1,2,2,1,40,7,125,1,5,HONDA NSS,4,E01000746,0,-1
2021010327588,2021,010327588,1,4,0,18,19,8,4,2,2,5,0,0,0,0,3,1,6,6,1,30,6,125,1,3,HONDA NSS,2,E01000483,0,-1
2021010321712,2021,010321712,1,3,0,99,99,9,9,99,99,9,9,99,9,99,9,1,6,6,1,40,7,125,1,4,HONDA NSS,1,E01000602,0,-1
2021010330588,2021,010330588,2,3,0,99,99,9,9,99,99,9,9,99,9,99,9,1,6,6,1,-1,-1,125,1,5,HONDA NSS,4,E01004495,0,-1
2021010335043,2021,010335043,2,4,0,99,99,9,9,0,0,8,0,0,0,0,3,1,6,6,1,30,6,125,1,4,HONDA NSS,2,E01003046,0,-1
2021010330843,2021,010330843,1,4,0,3,3,3,7,0,0,1,0,4,0,0,1,1,1,1,1,31,6,279,1,2,HONDA NSS,5,E01000994,0,-1
2021010343310,2021,010343310,1,3,0,99,99,9,9,99,99,9,9,99,9,99,1,1,6,6,1,22,5,125,1,0,HONDA NSS,9,E01016616,0,-1
2021010318372,2021,010318372,1,3,0,99,99,9,9,99,99,9,9,99,9,99,9,1,6,6,1,27,6,125,1,5,HONDA NSS,3,E01002731,0,-1
2021010302743,2021,010302743,1,3,0,18,19,1,5,0,0,0,0,0,0,0,4,1,6,6,1,32,6,125,1,5,HONDA NSS,2,E01001553,0,-1
2021010339675,2021,010339675,1,3,0,99,99,9,9,99,99,9,9,99,9,99,1,1,6,6,1,38,7,279,1,1,HONDA NSS,5,E01016404,0,-1
2021522106183,2021,522106183,1,4,0,2,2,0,0,0,0,0,0,0,0,0,4,1,6,6,1,29,6,279,1,7,HONDA NSS,3,E01014684,0,-1
2021010342830,2021,010342830,1,3,0,99,99,9,9,99,99,9,9,99,9,99,9,1,6,6,1,55,8,125,1,1,HONDA NSS,5,E01003411,0,-1
2021552100464,2021,552100464,2,3,0,18,19,2,6,0,0,8,0,0,0,0,1,1,1,1,1,34,6,125,1,5,HONDA NSS,3,E01015283,0,-1
2021010297292,2021,010297292,1,3,0,99,99,9,9,99,99,0,9,99,9,99,1,1,6,6,1,33,6,125,1,5,HONDA NSS,9,E01003884,0,-1
2021440496359,2021,440496359,2,2,0,18,19,3,7,0,0,8,0,0,0,0,1,1,1,1,1,27,6,125,1,5,HONDA NSS,5,E01017025,0,-1
2021520101920,2021,520101920,2,3,0,18,19,1,5,0,0,2,0,0,0,0,3,1,6,6,1,44,7,125,1,1,HONDA NSS,8,E01032630,0,-1
2021440270057,2021,440270057,1,3,0,4,4,5,1,0,0,0,0,0,0,0,2,1,2,2,1,40,7,125,1,4,HONDA NSS,3,E01023157,0,-1
2021161077056,2021,161077056,2,3,0,18,19,3,7,0,0,3,0,0,0,0,1,1,6,6,1,88,11,125,1,3,HONDA NSS,8,E01013409,0,-1
2021010320159,2021,010320159,1,3,0,99,99,9,9,99,99,0,9,99,9,99,1,1,1,1,1,27,6,125,1,4,HONDA NSS,2,E01003545,0,-1
2021010341806,2021,010341806,1,3,0,99,99,9,9,99,99,9,9,99,9,99,1,1,6,6,1,30,6,125,1,1,HONDA NSS,1,E01000508,0,-1
2021010342969,2021,010342969,1,3,0,99,99,9,9,99,99,9,9,99,9,99,9,1,1,1,1,39,7,125,1,6,HONDA NSS,6,E01003366,0,-1
2021010293063,2021,010293063,1,3,0,99,99,9,9,99,99,9,9,99,9,99,2,1,6,6,1,28,6,125,1,3,HONDA NSS,5,E01001859,0,-1
2021010329705,2021,010329705,2,3,9,99,99,9,9,99,99,0,9,99,9,99,9,1,6,6,3,-1,-1,125,1,4,HONDA NSS,2,E01003089,0,-1
2021010313725,2021,010313725,1,3,0,99,99,9,9,99,99,9,9,99,9,99,9,1,6,6,1,34,6,125,1,4,HONDA NSS,1,E01002073,0,-1
2021010329126,2021,010329126,1,3,9,99,99,9,9,99,99,9,0,0,9,0,9,1,6,6,1,20,4,125,1,0,HONDA NSS,3,E01000506,0,-1
2021430574891,2021,430574891,1,4,0,18,19,2,6,0,0,8,0,0,0,0,4,1,2,2,1,35,6,279,1,1,HONDA NSS,4,E01016378,0,-1
2021010320594,2021,010320594,1,3,0,99,99,9,9,99,99,9,9,99,9,99,1,1,1,1,1,29,6,125,1,4,HONDA NSS,3,E01015289,0,-1
2021010308437,2021,010308437,1,3,0,99,99,9,9,99,99,9,9,99,9,99,9,1,6,6,1,26,6,125,1,4,HONDA NSS,5,E01002590,0,-1
2021010348367,2021,010348367,1,3,0,99,99,9,9,99,99,0,9,99,9,99,2,9,2,2,1,53,8,279,1,5,HONDA NSS,4,E01002684,0,-1
2021010324076,2021,010324076,1,3,0,99,99,9,9,99,99,9,9,99,9,99,9,1,6,6,1,30,6,125,1,6,HONDA NSS,6,E01015331,0,-1
2021010298076,2021,010298076,1,3,0,99,99,9,9,99,99,9,9,99,9,99,1,1,6,6,1,33,6,125,1,4,HONDA NSS,6,E01001741,0,-1
2021010330499,2021,010330499,1,3,0,99,99,9,9,99,99,9,9,99,9,99,1,1,2,2,3,25,5,125,1,6,HONDA NSS,3,E01003081,0,-1
2021010345806,2021,010345806,1,3,0,99,99,9,9,99,99,0,9,99,9,99,9,1,1,1,1,37,7,125,1,5,HONDA NSS,4,E01003249,0,-1
2021161032477,2021,161032477,1,3,0,18,19,8,4,0,0,8,0,0,0,0,3,1,5,6,1,56,9,125,1,3,HONDA NSS,1,E01012849,0,-1
2021010321349,2021,010321349,1,3,0,99,99,9,9,99,99,0,9,99,9,99,9,1,1,1,1,47,8,125,1,2,HONDA NSS,5,E01004517,0,-1
2021010297340,2021,010297340,2,4,0,13,13,1,5,0,0,1,0,0,0,0,4,1,2,2,1,63,9,279,1,3,HONDA NSS,10,E01003887,0,-1
2021522105636,2021,522105636,2,4,0,18,19,1,5,0,0,1,0,0,0,0,1,1,6,6,1,23,5,279,1,1,HONDA NSS,3,E01014646,0,-1
2021010329134,2021,010329134,1,3,0,5,5,3,7,0,0,8,0,0,0,0,4,1,6,6,1,40,7,125,1,5,HONDA NSS,-1,-1,0,-1
2021010294386,2021,010294386,1,3,0,99,99,9,9,99,99,9,9,99,9,99,2,1,6,6,1,41,7,125,1,1,HONDA NSS,5,E01001248,0,-1
2021010336505,2021,010336505,1,4,0,18,19,1,5,0,0,2,0,0,0,0,1,1,1,1,1,22,5,125,1,1,HONDA NSS,2,E01003933,0,-1
2021010330489,2021,010330489,1,3,0,99,99,9,9,99,99,9,9,99,9,99,1,1,6,6,1,34,6,125,1,4,HONDA NSS,5,E01015301,0,-1
2021010315234,2021,010315234,1,3,0,99,99,9,9,99,99,9,9,99,9,99,9,1,6,6,1,40,7,125,1,0,HONDA NSS,3,E01001239,0,-1
2021010311403,2021,010311403,3,3,0,18,19,5,1,0,0,2,0,0,0,0,4,1,6,6,1,30,6,125,1,4,HONDA NSS,6,E01001251,0,-1
2021010321325,2021,010321325,1,3,0,99,99,9,9,99,99,9,9,99,9,99,2,1,1,1,1,34,6,125,1,2,HONDA NSS,2,E01000141,0,-1
2021010348989,2021,010348989,1,4,0,99,99,9,9,0,0,8,0,0,0,0,4,1,6,6,1,-1,-1,279,1,7,HONDA NSS,4,E01003452,0,-1
2021010291428,2021,010291428,2,3,0,99,99,9,9,99,99,9,9,99,9,99,1,9,6,6,3,-1,-1,125,1,3,HONDA NSS,-1,-1,0,-1
2021421064705,2021,421064705,1,3,0,4,4,6,2,0,0,0,0,0,0,0,0,1,5,6,1,18,4,125,1,0,HONDA NSS,10,E01021351,0,-1
2021010338705,2021,010338705,1,3,0,99,99,9,9,99,99,9,9,99,9,99,1,1,1,1,1,30,6,125,1,4,HONDA NSS,3,E01015289,0,-1
2021010300258,2021,010300258,1,3,0,99,99,9,9,99,99,9,9,99,9,99,2,1,6,6,1,30,6,125,1,4,HONDA NSS,4,E01001005,0,-1
2021010294227,2021,010294227,1,3,0,99,99,9,9,99,99,2,9,99,9,99,9,1,6,6,1,46,8,125,1,1,HONDA NSS,3,E01003143,0,-1
2021161083571,2021,161083571,1,4,0,3,3,2,6,0,0,0,0,0,0,0,2,1,2,2,1,23,5,125,1,0,HONDA NSS,7,E01033105,0,-1
2021010319547,2021,010319547,1,3,0,99,99,9,9,99,99,9,9,99,9,99,1,1,6,6,1,41,7,125,1,3,HONDA NSS,8,E01023576,0,-1
2021010323509,2021,010323509,1,3,0,99,99,9,9,99,99,0,9,99,9,99,1,1,1,1,1,31,6,125,1,2,HONDA NSS,8,E01002157,0,-1
2021010312879,2021,010312879,1,4,0,99,99,9,9,99,99,9,9,99,9,99,2,1,6,6,1,59,9,279,1,1,HONDA NSS,5,E01000530,0,-1
2021010333069,2021,010333069,1,2,0,18,19,3,7,0,0,1,0,0,0,0,1,1,6,6,2,28,6,125,1,0,HONDA NSS,9,E01004155,0,-1
2021010308478,2021,010308478,2,4,0,14,14,1,5,0,0,1,5,0,0,0,1,1,6,6,1,41,7,279,1,2,HONDA NSS,6,E01001347,0,-1
2021010289600,2021,010289600,1,3,0,99,99,9,9,99,99,9,9,99,9,99,9,1,6,6,1,44,7,125,1,1,HONDA NSS,4,E01001087,0,-1
2021430327429,2021,430327429,1,3,0,18,19,4,8,0,0,0,0,0,0,0,3,1,6,6,1,19,4,125,1,4,HONDA NSS,2,E01000525,0,-1
2021010330577,2021,010330577,1,2,0,18,19,1,5,1,1,6,0,0,0,0,1,1,6,6,1,25,5,125,1,4,HONDA NSS,8,E01003420,0,-1
2021010291993,2021,010291993,1,3,0,99,99,9,9,99,99,9,9,99,9,99,1,1,6,6,1,34,6,125,1,1,HONDA NSS,4,E01002236,0,-1
2021070474947,2021,070474947,1,4,0,5,5,4,8,0,0,6,0,0,0,0,3,1,2,2,1,43,7,125,1,0,HONDA NSS,1,E01018317,0,-1
2021010318807,2021,010318807,1,4,0,99,99,9,9,99,99,9,9,99,9,99,2,1,6,6,1,44,7,125,1,0,HONDA NSS,4,E01001087,0,-1
2021010352052,2021,010352052,1,4,0,18,19,7,3,2,2,1,2,0,0,0,3,1,2,2,1,39,7,125,1,1,HONDA NSS,4,E01000472,0,-1
2021010305355,2021,010305355,1,3,0,99,99,9,9,99,99,9,9,99,9,99,1,1,6,6,1,45,7,125,1,4,HONDA NSS,7,E01000197,0,-1
2021010307621,2021,010307621,1,3,0,14,14,3,7,0,0,0,0,0,0,0,1,1,2,2,1,23,5,125,1,1,HONDA NSS,3,E01001892,0,-1
2021010305999,2021,010305999,1,3,0,18,19,2,6,0,0,1,0,0,0,0,0,1,1,1,1,28,6,125,1,4,HONDA NSS,4,E01004612,0,-1
2021010321482,2021,010321482,1,3,0,99,99,9,9,99,99,9,9,99,9,99,1,1,6,6,1,31,6,125,1,4,HONDA NSS,6,E01016388,0,-1
2021010316965,2021,010316965,1,3,0,15,15,5,1,0,0,5,0,0,0,0,1,1,6,6,1,25,5,125,1,2,HONDA NSS,3,E01001240,0,-1
2021010340122,2021,010340122,1,3,0,99,99,9,9,99,99,9,9,99,9,99,1,1,1,1,1,36,7,125,1,0,HONDA NSS,2,E01016443,0,-1
2021522106223,2021,522106223,1,3,0,3,3,8,2,0,0,0,0,0,0,0,2,1,6,6,1,28,6,125,1,6,HONDA NSS,6,E01032519,0,-1
2021010344970,2021,010344970,2,4,0,2,2,0,0,9,9,1,5,0,0,0,2,1,6,6,3,-1,-1,125,1,0,HONDA NSS,-1,-1,0,-1
2021010329481,2021,010329481,1,3,0,99,99,9,9,99,99,0,9,99,9,99,1,1,1,1,1,37,7,125,1,6,HONDA NSS,5,E01003058,0,-1
2021010313246,2021,010313246,1,3,0,99,99,9,9,99,99,9,9,99,9,99,9,1,6,6,1,38,7,125,1,3,HONDA NSS,3,E01004203,0,-1
2021010342548,2021,010342548,1,3,0,7,7,1,3,0,0,1,0,0,0,0,2,1,1,1,1,32,6,125,1,0,HONDA NSS,6,E01000575,0,-1
2021010308421,2021,010308421,1,3,0,18,19,4,8,2,2,1,0,0,0,0,1,1,6,6,1,47,8,125,1,3,HONDA NSS,7,E01000297,0,-1
2021010335495,2021,010335495,1,3,0,18,19,2,6,0,0,0,0,0,0,0,4,1,2,2,1,31,6,125,1,0,HONDA NSS,7,E01002927,0,-1
2021471104186,2021,471104186,2,4,0,13,13,8,4,0,0,1,0,0,0,0,4,1,2,2,1,32,6,745,1,0,HONDA NSS,5,E01021011,0,-1
2021010350094,2021,010350094,1,3,0,18,19,1,5,0,0,0,2,0,0,0,4,1,6,6,1,49,8,125,1,4,HONDA NSS,5,E01003144,0,-1
2021010292210,2021,010292210,1,3,0,99,99,9,9,99,99,0,9,99,9,99,1,1,2,2,1,29,6,125,1,1,HONDA NSS,1,E01000508,0,-1
2021010318347,2021,010318347,1,3,0,14,14,5,1,0,0,1,0,0,0,0,4,1,6,6,1,37,7,125,1,5,HONDA NSS,3,E01004430,0,-1
2021451028297,2021,451028297,1,3,0,18,19,1,5,0,0,0,1,0,0,0,1,1,2,2,2,33,6,125,1,1,HONDA NSS,5,E01030494,0,-1
2021010294592,2021,010294592,1,3,0,18,19,7,3,0,0,0,0,0,0,0,3,1,1,1,1,51,8,125,1,0,HONDA NSS,4,E01003919,0,-1
2021411102525,2021,411102525,2,3,0,18,19,5,1,0,0,0,0,0,0,0,1,1,1,1,1,31,6,125,1,2,HONDA NSS,8,E01002157,0,-1
2021010317775,2021,010317775,1,3,0,18,19,7,3,0,0,1,5,0,0,99,3,1,6,6,1,40,7,125,1,1,HONDA NSS,7,E01002203,0,-1
2021430557927,2021,430557927,1,4,0,18,19,6,2,0,0,0,0,0,0,0,1,1,2,2,1,53,8,125,1,2,HONDA NSS,10,E01016617,0,-1
2021010345693,2021,010345693,1,3,0,99,99,9,9,99,99,9,9,99,9,99,1,1,6,6,1,36,7,125,1,2,HONDA NSS,8,E01023576,0,-1
2021010303313,2021,010303313,2,3,0,99,99,9,9,99,99,9,9,99,9,99,9,1,6,6,3,-1,-1,125,1,4,HONDA NSS,-1,-1,0,-1
2021010324932,2021,010324932,2,3,0,14,14,3,7,0,0,1,0,0,0,0,4,1,6,6,1,45,7,125,1,5,HONDA NSS,5,E01003941,0,-1
2021010350561,2021,010350561,1,3,0,99,99,9,9,99,99,9,9,99,9,99,1,1,1,1,1,23,5,125,1,4,HONDA NSS,2,E01001625,0,-1
2021010296122,2021,010296122,1,3,0,18,19,8,4,0,0,8,0,0,0,0,1,1,2,2,1,19,4,125,1,1,HONDA NSS,2,E01033085,0,-1
2021010352056,2021,010352056,1,3,0,17,19,5,1,0,0,0,2,0,0,0,1,1,1,1,1,35,6,125,1,0,HONDA NSS,2,E01003037,0,-1
2021010340916,2021,010340916,1,3,0,99,99,9,9,99,99,9,9,99,9,99,9,1,6,6,1,33,6,125,1,6,HONDA NSS,3,E01003091,0,-1
2021010317297,2021,010317297,1,4,0,99,99,9,9,99,99,9,9,99,9,99,1,1,6,6,1,37,7,330,1,0,HONDA NSS,7,E01002954,0,-1
2021161014743,2021,161014743,1,3,0,16,19,7,3,0,0,0,1,0,1,9,1,1,2,2,1,32,6,125,1,6,HONDA NSS,10,E01013060,0,-1
2021010320519,2021,010320519,1,3,0,99,99,9,9,99,99,9,9,99,9,99,9,1,2,2,1,41,7,125,1,2,HONDA NSS,2,E01002051,0,-1
2021010318304,2021,010318304,1,3,0,17,19,2,6,0,0,1,0,0,0,0,3,1,6,6,1,31,6,125,1,1,HONDA NSS,2,E01003128,0,-1
2021010301209,2021,010301209,1,3,0,14,14,7,3,0,0,9,0,0,1,0,3,1,6,6,1,37,7,125,1,4,HONDA NSS,3,E01001887,0,-1
2021010301238,2021,010301238,1,4,0,99,99,9,9,99,99,9,9,99,9,99,9,9,6,6,1,28,6,125,1,5,HONDA NSS,4,E01001975,0,-1
2021010327404,2021,010327404,2,3,0,99,99,9,9,99,99,9,9,99,9,99,1,1,2,2,1,46,8,125,1,1,HONDA NSS,5,E01002692,0,-1