collision_index,collision_year,collision_ref_no,vehicle_reference,vehicle_type,towing_and_articulation,vehicle_manoeuvre_historic,vehicle_manoeuvre,vehicle_direction_from,vehicle_direction_to,vehicle_location_restricted_lane_historic,vehicle_location_restricted_lane,junction_location,skidding_and_overturning,hit_object_in_carriageway,vehicle_leaving_carriageway,hit_object_off_carriageway,first_point_of_impact,vehicle_left_hand_drive,journey_purpose_of_driver_historic,journey_purpose_of_driver,sex_of_driver,age_of_driver,age_band_of_driver,engine_capacity_cc,propulsion_code,age_of_vehicle,generic_make_model,driver_imd_decile,lsoa_of_driver,escooter_flag,driver_distance_banding
2021010333037,2021,010333037,1,3,0,99,99,9,9,99,99,0,9,99,9,99,1,1,2,2,1,35,6,125,1,2,HONDA NSS,2,E01001491,0,-1
2021430478706,2021,430478706,1,3,0,18,19,1,5,0,0,0,0,4,0,0,3,1,1,1,2,45,7,125,1,0,HONDA NSS,3,E01016389,0,-1
2021010325156,2021,010325156,1,3,0,99,99,9,9,99,99,9,9,99,9,99,1,1,6,6,1,37,7,125,1,0,HONDA NSS,4,E01023828,0,-1
2021010306390,2021,010306390,1,3,0,18,19,5,1,0,0,8,0,0,0,0,1,1,1,1,1,32,6,125,1,0,HONDA NSS,4,E01002233,0,-1
2021010345559,2021,010345559,1,3,0,99,99,9,9,99,99,9,9,99,9,99,1,1,6,6,3,-1,-1,125,1,4,HONDA NSS,-1,-1,0,-1
2021010333812,2021,010333812,1,3,0,9,9,5,3,0,0,1,2,0,0,0,0,1,6,6,1,23,5,125,1,6,HONDA NSS,1,E01004285,0,-1
2021010350973,2021,010350973,2,4,0,15,15,3,7,0,0,8,2,0,0,0,2,1,2,2,1,60,9,279,1,5,HONDA NSS,8,E01021783,0,-1
2021440434458,2021,440434458,2,3,0,18,19,1,5,0,0,0,0,0,0,0,4,1,1,1,1,25,5,125,1,2,HONDA NSS,4,E01022524,0,-1
2021010296679,2021,010296679,1,3,0,99,99,9,9,99,99,9,9,99,9,99,9,1,6,6,1,24,5,125,1,2,HONDA NSS,3,E01033704,0,-1
2021010331537,2021,010331537,1,3,0,99,99,9,9,99,99,0,9,99,9,99,1,1,2,2,1,36,7,125,1,0,HONDA NSS,3,E01003141,0,-1
2021010353392,2021,010353392,2,4,9,99,99,9,9,99,99,0,9,99,9,99,9,1,6,6,1,37,7,125,1,4,HONDA NSS,9,E01003824,0,-1
2021010318718,2021,010318718,2,3,0,18,19,1,5,0,0,0,0,0,1,0,1,1,1,1,1,21,5,125,1,5,HONDA NSS,4,E01003715,0,-1
2021411075871,2021,411075871,2,3,0,3,3,5,1,4,4,1,0,0,0,0,2,1,6,6,1,31,6,125,1,3,HONDA NSS,10,E01023684,0,-1
2021010301715,2021,010301715,1,3,9,99,99,9,9,0,0,8,0,0,0,0,4,1,6,6,1,44,7,125,1,5,HONDA NSS,2,E01001877,0,-1
2021010344643,2021,010344643,1,3,0,5,5,3,7,0,0,1,1,0,0,0,4,1,2,2,1,21,5,125,1,4,HONDA NSS,5,E01000571,0,-1
2021010287607,2021,010287607,1,3,0,7,7,7,2,0,0,1,0,0,0,0,3,1,2,2,1,39,7,125,1,1,HONDA NSS,1,E01001765,0,-1
2021010325698,2021,010325698,1,4,0,9,9,5,2,0,0,1,0,0,0,0,0,1,1,1,1,34,6,125,1,3,HONDA NSS,2,E01000627,0,-1
2021552101023,2021,552101023,2,3,0,2,2,0,0,0,0,0,0,0,0,0,1,1,1,1,1,25,5,125,1,1,HONDA NSS,8,E01015320,0,-1
2021010288318,2021,010288318,1,3,0,99,99,9,9,99,99,0,9,99,9,99,1,1,6,6,1,29,6,125,1,1,HONDA NSS,1,E01000601,0,-1
2021010337436,2021,010337436,1,3,0,99,99,9,9,99,99,9,9,99,9,99,1,1,1,1,1,30,6,125,1,1,HONDA NSS,1,E01000508,0,-1
2021522103172,2021,522103172,2,2,0,18,19,5,1,0,0,8,0,0,0,0,1,1,6,6,1,36,7,125,1,1,HONDA NSS,5,E01015005,0,-1
2021010318987,2021,010318987,1,3,0,13,13,5,1,0,0,1,0,0,1,0,1,1,6,6,1,43,7,279,1,5,HONDA NSS,5,E01023304,0,-1
2021010349821,2021,010349821,1,3,0,99,99,9,9,99,99,0,9,99,9,99,1,1,1,1,1,32,6,125,1,4,HONDA NSS,3,E01003609,0,-1
2021010335254,2021,010335254,1,3,0,18,19,1,5,0,0,2,0,0,0,0,2,1,6,6,1,54,8,125,1,4,HONDA NSS,6,E01003223,0,-1
2021010296361,2021,010296361,1,3,0,99,99,9,9,99,99,0,9,99,9,99,2,1,6,6,1,23,5,125,1,1,HONDA NSS,6,E01001245,0,-1
2021010318816,2021,010318816,2,3,0,18,19,7,3,0,0,1,0,0,0,0,1,1,1,1,1,38,7,125,1,0,HONDA NSS,6,E01002240,0,-1
2021231030931,2021,231030931,2,3,0,18,19,5,1,0,0,8,0,0,0,0,4,1,5,6,1,48,8,125,1,1,HONDA NSS,10,E01031134,0,-1
2021622100951,2021,622100951,1,3,0,18,19,8,4,0,0,2,0,0,0,0,1,1,2,2,2,27,6,125,1,0,HONDA NSS,1,W01001698,0,-1
2021010343484,2021,010343484,2,4,0,18,19,1,5,0,0,1,0,0,0,0,1,1,2,2,1,30,6,125,1,0,HONDA NSS,4,E01000805,0,-1
2021010289379,2021,010289379,2,3,0,8,8,5,6,0,0,4,0,0,0,0,2,1,6,6,1,45,7,125,1,6,HONDA NSS,6,E01000624,0,-1
2021471059085,2021,471059085,2,4,0,18,19,7,3,0,0,8,0,0,0,0,1,1,5,6,1,28,6,279,1,8,HONDA NSS,2,E01016873,0,-1
2021010346468,2021,010346468,1,4,0,99,99,9,9,99,99,9,9,99,9,99,9,1,6,6,1,21,5,125,1,0,HONDA NSS,6,E01016476,0,-1
2021010313424,2021,010313424,1,3,0,99,99,9,9,99,99,9,9,99,9,99,9,1,6,6,1,33,6,125,1,6,HONDA NSS,4,E01004339,0,-1
2021010327392,2021,010327392,1,3,0,18,19,1,5,0,0,8,0,0,0,0,1,1,6,6,1,28,6,125,1,0,HONDA NSS,2,E01001010,0,-1
2021010335679,2021,010335679,1,3,0,99,99,9,9,99,99,0,9,99,9,99,9,1,1,1,1,50,8,125,1,6,HONDA NSS,2,E01002637,0,-1
2021010322613,2021,010322613,1,3,0,99,99,9,9,99,99,9,9,99,9,99,1,1,1,1,1,41,7,125,1,2,HONDA NSS,6,E01001309,0,-1
2021122100900,2021,122100900,2,3,0,18,19,1,5,1,1,6,0,0,0,0,1,1,1,1,1,37,7,125,1,0,HONDA NSS,-1,-1,0,-1
2021471040708,2021,471040708,2,3,0,18,19,3,7,0,0,8,0,0,0,0,3,1,6,6,1,20,4,125,1,2,HONDA NSS,2,E01016941,0,-1
2021421103440,2021,421103440,2,3,0,5,5,2,4,0,0,4,0,0,0,0,1,1,5,6,1,45,7,279,1,1,HONDA NSS,8,E01022058,0,-1
2021010315915,2021,010315915,1,3,0,18,19,3,7,0,0,1,0,0,0,0,2,1,6,6,1,23,5,125,1,1,HONDA NSS,3,E01003094,0,-1
2021010318933,2021,010318933,2,3,0,13,13,3,7,0,0,1,0,0,0,0,1,1,6,6,1,39,7,125,1,3,HONDA NSS,9,E01001281,0,-1
2021010323745,2021,010323745,1,3,0,99,99,9,9,99,99,9,9,99,9,99,9,1,6,6,1,26,6,125,1,2,HONDA NSS,9,E01003882,0,-1
2021552100971,2021,552100971,2,3,0,18,19,2,6,0,0,8,1,0,1,11,1,1,1,1,1,31,6,125,1,2,HONDA NSS,4,E01015327,0,-1
2021522105455,2021,522105455,2,3,0,13,13,1,5,0,0,0,0,0,0,0,4,1,6,6,1,21,5,125,1,1,HONDA NSS,7,E01014712,0,-1
2021430499740,2021,430499740,1,3,0,3,3,4,8,0,0,0,0,0,0,0,1,1,1,1,2,42,7,125,1,2,HONDA NSS,10,E01017868,0,-1
2021622100492,2021,622100492,2,3,0,3,3,4,8,0,0,0,0,0,0,0,3,1,6,6,1,24,5,125,1,0,HONDA NSS,1,W01001699,0,-1
2021471024476,2021,471024476,2,4,0,16,19,1,4,0,0,0,1,0,0,0,4,1,2,2,1,53,8,279,1,7,HONDA NSS,10,E01031686,0,-1
2021010338590,2021,010338590,1,3,0,99,99,9,9,99,99,9,9,99,9,99,2,1,1,1,1,42,7,125,1,0,HONDA NSS,5,E01003413,0,-1
2021010339431,2021,010339431,1,2,0,18,19,1,5,0,0,1,0,0,0,0,4,1,1,1,1,28,6,125,1,6,HONDA NSS,2,E01003351,0,-1
2021010342938,2021,010342938,1,3,0,99,99,9,9,99,99,9,9,99,9,99,9,1,6,6,1,23,5,125,1,3,HONDA NSS,1,E01033456,0,-1
2021010323593,2021,010323593,1,3,0,99,99,9,9,99,99,0,9,99,9,99,2,1,6,6,1,43,7,125,1,0,HONDA NSS,5,E01003368,0,-1
2021010310979,2021,010310979,1,3,0,99,99,9,9,99,99,9,9,99,9,99,1,1,6,6,1,37,7,125,1,1,HONDA NSS,4,E01000497,0,-1
2021430528751,2021,430528751,2,3,0,10,10,6,4,0,0,8,0,0,0,0,1,1,6,6,1,39,7,125,1,3,HONDA NSS,3,E01016733,0,-1
2021010293679,2021,010293679,1,3,0,13,13,3,7,0,0,1,0,11,0,0,1,1,1,1,1,43,7,125,1,1,HONDA NSS,1,E01000917,0,-1
2021010309388,2021,010309388,1,4,0,3,3,7,3,0,0,0,1,0,0,0,1,1,2,2,1,44,7,745,1,0,HONDA NSS,4,E01023877,0,-1
2021010296235,2021,010296235,2,4,0,15,15,5,1,0,0,1,0,0,0,0,4,1,1,1,1,27,6,125,1,1,HONDA NSS,2,E01001862,0,-1
2021552101173,2021,552101173,2,3,0,18,19,6,2,0,0,8,1,0,0,0,1,1,1,1,1,50,8,125,1,0,HONDA NSS,3,E01015292,0,-1
2021010290540,2021,010290540,1,3,0,99,99,9,9,99,99,9,9,99,9,99,9,1,2,2,1,51,8,125,1,0,HONDA NSS,2,E01004010,0,-1
2021552101114,2021,552101114,1,3,0,18,19,8,4,0,0,0,0,0,0,0,1,1,1,1,1,25,5,125,1,1,HONDA NSS,5,E01015286,0,-1
2021010351688,2021,010351688,1,3,0,99,99,9,9,99,99,9,9,99,9,99,1,1,6,6,1,44,7,125,1,3,HONDA NSS,6,E01004146,0,-1
2021010352451,2021,010352451,1,3,0,99,99,9,9,99,99,9,9,99,9,99,1,1,6,6,1,28,6,125,1,3,HONDA NSS,3,E01016353,0,-1
2021010295194,2021,010295194,1,4,0,99,99,9,9,99,99,9,9,99,9,99,2,1,6,6,1,-1,-1,279,1,1,HONDA NSS,3,E01003969,0,-1
2021010318362,2021,010318362,2,4,0,18,19,1,5,0,0,1,0,0,0,0,1,1,6,6,1,25,5,125,1,0,HONDA NSS,7,E01002111,0,-1
2021010331336,2021,010331336,1,3,0,99,99,9,9,99,99,9,9,99,9,99,9,1,1,1,1,30,6,125,1,1,HONDA NSS,6,E01015331,0,-1
2021010347363,2021,010347363,1,3,0,99,99,9,9,99,99,9,9,99,9,99,9,1,2,2,1,33,6,125,1,0,HONDA NSS,3,E01002105,0,-1
2021010332392,2021,010332392,1,3,4,99,99,9,9,99,99,9,9,99,9,99,1,1,6,6,1,23,5,125,1,2,HONDA NSS,2,E01001553,0,-1
2021010330605,2021,010330605,1,3,0,13,13,1,5,0,0,1,0,0,0,0,4,1,6,6,1,19,4,125,1,3,HONDA NSS,2,E01003377,0,-1
2021161077928,2021,161077928,1,3,0,18,19,6,2,0,0,0,5,0,0,0,1,1,5,6,2,66,10,125,1,0,HONDA NSS,3,E01012992,0,-1
2021010352385,2021,010352385,1,3,0,99,99,9,9,99,99,9,9,99,9,99,9,1,1,1,1,19,4,125,1,0,HONDA NSS,5,E01003737,0,-1
2021010303090,2021,010303090,1,3,0,99,99,9,9,99,99,9,9,99,9,99,1,1,6,6,1,41,7,125,1,3,HONDA NSS,8,E01023576,0,-1
2021451034058,2021,451034058,1,3,0,18,19,1,1,0,0,6,0,0,0,0,2,1,5,6,1,41,7,125,1,3,HONDA NSS,10,E01030627,0,-1
2021010302651,2021,010302651,1,3,0,99,99,9,9,99,99,9,9,99,9,99,1,1,2,2,1,32,6,125,1,4,HONDA NSS,4,E01003409,0,-1
2021010323738,2021,010323738,1,3,0,99,99,9,9,99,99,9,9,99,9,99,9,1,1,1,1,27,6,125,1,2,HONDA NSS,7,E01023682,0,-1
2021010313427,2021,010313427,1,2,0,18,19,2,6,1,1,1,0,0,0,0,3,1,2,2,1,19,4,125,1,5,HONDA NSS,1,E01004702,0,-1
2021010355170,2021,010355170,1,3,0,99,99,9,9,99,99,9,9,99,9,99,9,1,6,6,1,43,7,125,1,5,HONDA NSS,5,E01001859,0,-1
2021440375312,2021,440375312,2,4,0,8,8,2,6,0,0,1,0,0,0,0,2,1,6,6,1,57,9,125,1,0,HONDA NSS,2,E01017139,0,-1
2021010343293,2021,010343293,2,4,0,15,15,1,5,0,0,1,0,0,0,0,1,1,1,1,1,56,9,125,1,2,HONDA NSS,2,E01003162,0,-1
2021010306717,2021,010306717,1,4,0,99,99,9,9,99,99,9,9,99,9,99,9,1,6,6,1,33,6,279,1,1,HONDA NSS,3,E01003688,0,-1
2021010316809,2021,010316809,1,3,0,99,99,9,9,99,99,9,9,99,9,99,1,1,6,6,1,57,9,125,1,0,HONDA NSS,6,E01000160,0,-1
2021010314347,2021,010314347,2,3,0,9,9,5,3,0,0,8,0,0,1,10,3,1,1,1,1,29,6,125,1,4,HONDA NSS,5,E01002347,0,-1
2021010318863,2021,010318863,2,3,0,13,13,1,5,0,0,2,0,0,0,0,1,1,6,6,1,31,6,125,1,1,HONDA NSS,-1,-1,0,-1
2021010351242,2021,010351242,2,3,0,4,4,3,7,0,0,0,0,4,0,0,1,1,2,2,1,29,6,125,1,6,HONDA NSS,10,E01022884,0,-1
2021010352464,2021,010352464,1,4,0,99,99,9,9,99,99,9,9,99,9,99,9,1,6,6,1,33,6,330,1,0,HONDA NSS,3,E01016358,0,-1
2021010304247,2021,010304247,1,3,0,99,99,9,9,99,99,9,9,99,9,99,1,1,6,6,1,28,6,125,1,3,HONDA NSS,5,E01001859,0,-1
2021010298509,2021,010298509,2,3,0,4,4,1,5,0,0,1,0,0,0,0,1,1,1,1,1,41,7,125,1,2,HONDA NSS,6,E01001309,0,-1
2021010341031,2021,010341031,1,3,0,15,15,3,7,0,0,0,2,0,0,0,4,1,6,6,1,57,9,125,1,3,HONDA NSS,3,E01000473,0,-1
2021010322208,2021,010322208,2,4,0,5,5,1,5,0,0,4,0,0,0,0,0,1,6,6,1,52,8,279,1,2,HONDA NSS,5,E01002692,0,-1
2021471058935,2021,471058935,2,3,0,3,3,5,1,0,0,1,0,0,0,0,2,1,1,1,1,26,6,125,1,3,HONDA NSS,6,E01016953,0,-1
2021430166074,2021,430166074,2,4,0,18,19,5,1,0,0,8,0,0,0,0,4,1,2,2,1,35,6,279,1,8,HONDA NSS,5,E01016766,0,-1
2021010308645,2021,010308645,2,3,0,10,10,3,8,0,0,1,0,0,0,0,4,1,6,6,1,31,6,125,1,1,HONDA NSS,2,E01004326,0,-1
2021010293099,2021,010293099,1,3,0,99,99,9,9,99,99,0,9,99,9,99,2,1,6,6,1,44,7,125,1,2,HONDA NSS,8,E01004582,0,-1
2021010343229,2021,010343229,1,3,0,99,99,9,9,99,99,9,9,99,9,99,1,1,6,6,1,25,5,125,1,4,HONDA NSS,5,E01017907,0,-1
2021010306211,2021,010306211,2,4,0,13,13,3,7,0,0,8,1,0,1,11,1,1,6,6,3,-1,-1,279,1,2,HONDA NSS,-1,-1,0,-1
2021010331346,2021,010331346,1,4,0,4,4,5,1,0,0,2,0,0,3,0,2,1,6,6,1,46,8,279,1,8,HONDA NSS,4,E01002101,0,-1
2021201139195,2021,201139195,1,3,0,18,19,4,8,0,0,8,0,0,0,0,1,1,1,1,1,54,8,125,1,0,HONDA NSS,2,E01010279,0,-1
2021522104034,2021,522104034,2,4,0,3,3,3,7,0,0,1,0,0,0,0,4,1,6,6,1,34,6,279,1,1,HONDA NSS,4,E01014946,0,-1
2021010347331,2021,010347331,1,3,0,99,99,9,9,99,99,9,9,99,9,99,1,1,6,6,1,31,6,125,1,2,HONDA NSS,2,E01000533,0,-1
2021161071271,2021,161071271,1,3,0,18,19,5,1,0,0,8,0,0,0,0,1,1,2,2,1,54,8,125,1,4,HONDA NSS,3,E01012817,0,-1
2021010289338,2021,010289338,1,3,0,15,15,7,3,0,0,8,0,0,0,0,3,1,2,2,1,29,6,125,1,2,HONDA NSS,3,E01002587,0,-1
2021010324175,2021,010324175,2,3,0,14,14,5,1,0,0,1,0,0,0,0,4,1,1,1,1,51,8,125,1,0,HONDA NSS,2,E01004010,0,-1
2021471106114,2021,471106114,2,4,0,18,19,8,4,0,0,8,0,0,0,0,1,1,1,1,1,48,8,125,1,1,HONDA NSS,4,E01021076,0,-1
2021010338824,2021,010338824,2,3,0,13,13,1,5,0,0,1,5,0,0,0,1,1,2,2,1,41,7,125,1,4,HONDA NSS,-1,-1,0,-1
2021010311383,2021,010311383,2,3,0,13,13,7,3,0,0,1,0,0,0,0,1,1,2,2,1,23,5,125,1,6,HONDA NSS,5,E01000564,0,-1
2021010336869,2021,010336869,1,3,0,99,99,9,9,99,99,9,9,99,9,99,9,1,1,1,1,27,6,125,1,2,HONDA NSS,7,E01023682,0,-1
2021010339636,2021,010339636,1,3,4,99,99,9,9,99,99,9,9,99,9,99,9,1,1,1,1,38,7,125,1,6,HONDA NSS,2,E01004067,0,-1
2021010330937,2021,010330937,1,3,0,99,99,9,9,99,99,9,9,99,9,99,9,1,1,1,2,21,5,125,1,0,HONDA NSS,4,E01001087,0,-1
2021010304867,2021,010304867,1,3,9,99,99,9,9,99,99,9,9,99,9,99,1,1,6,6,1,39,7,125,1,0,HONDA NSS,7,E01001472,0,-1
2021010288956,2021,010288956,1,3,0,99,99,9,9,99,99,9,9,99,9,99,1,1,6,6,1,45,7,125,1,1,HONDA NSS,3,E01003143,0,-1
2021010332682,2021,010332682,1,3,0,99,99,9,9,99,99,9,9,99,9,99,9,1,3,7,1,43,7,125,1,5,HONDA NSS,2,E01003150,0,-1
2021430504547,2021,430504547,1,3,0,18,19,3,7,0,0,0,0,0,0,0,1,1,6,6,1,49,8,125,1,0,HONDA NSS,-1,-1,0,-1
2021010328037,2021,010328037,1,3,0,13,13,7,3,0,0,8,0,0,0,0,1,1,1,1,1,18,4,125,1,4,HONDA NSS,5,E01002682,0,-1
2021010348458,2021,010348458,1,3,0,18,19,7,3,0,0,2,0,0,0,0,4,1,1,1,1,37,7,125,1,6,HONDA NSS,6,E01004581,0,-1
2021010298137,2021,010298137,2,3,0,16,19,3,7,0,0,6,0,0,0,0,1,1,6,6,1,44,7,279,1,7,HONDA NSS,7,E01001411,0,-1
2021451102768,2021,451102768,2,3,0,18,19,7,3,0,0,1,0,0,0,0,1,1,1,1,1,22,5,125,1,0,HONDA NSS,5,E01030493,0,-1
2021010332978,2021,010332978,1,3,0,99,99,9,9,99,99,0,9,99,9,99,1,1,1,1,1,32,6,125,1,0,HONDA NSS,6,E01015331,0,-1
2021010319554,2021,010319554,1,3,0,18,19,3,7,0,0,8,0,0,0,0,1,1,6,6,1,37,7,125,1,0,HONDA NSS,3,E01003616,0,-1
2021010345711,2021,010345711,1,3,0,99,99,9,9,99,99,9,9,99,9,99,1,1,6,6,1,29,6,125,1,0,HONDA NSS,6,E01023855,0,-1
2021010310233,2021,010310233,1,3,0,99,99,9,9,99,99,9,9,99,9,99,1,1,6,6,1,36,7,125,1,5,HONDA NSS,6,E01000492,0,-1
2021070815733,2021,070815733,1,3,0,16,19,1,5,0,0,0,1,0,0,0,1,1,2,2,1,42,7,125,1,5,HONDA NSS,10,E01018653,0,-1
2021010318385,2021,010318385,1,3,0,99,99,9,9,99,99,9,9,99,9,99,9,1,2,2,1,35,6,125,1,2,HONDA NSS,2,E01001113,0,-1
2021010317252,2021,010317252,2,3,0,7,7,6,1,0,0,3,5,4,7,0,1,1,2,2,1,36,7,125,1,4,HONDA NSS,-1,-1,0,-1
2021552200063,2021,552200063,2,2,0,13,13,4,8,0,0,8,0,0,0,0,1,1,6,6,1,47,8,125,1,2,HONDA NSS,6,E01015355,0,-1
2021010303372,2021,010303372,5,3,0,4,4,7,3,0,0,7,0,0,0,0,1,1,6,6,1,28,6,125,1,1,HONDA NSS,3,E01001287,0,-1
2021351012871,2021,351012871,1,3,0,5,5,3,7,0,0,2,5,0,1,0,3,1,2,2,1,35,6,125,1,4,HONDA NSS,5,E01017974,0,-1
2021411103803,2021,411103803,1,4,0,18,19,4,8,0,0,8,0,0,0,0,1,1,1,1,1,42,7,279,1,7,HONDA NSS,7,E01023880,0,-1
2021010301939,2021,010301939,2,4,0,18,19,3,7,0,0,1,0,0,0,0,3,1,6,6,1,36,7,279,1,7,HONDA NSS,7,E01001346,0,-1
2021010311359,2021,010311359,1,4,0,99,99,9,9,99,99,9,9,99,9,99,9,1,6,6,1,34,6,279,1,6,HONDA NSS,4,E01002775,0,-1
2021010304725,2021,010304725,1,3,0,13,13,5,1,0,0,8,0,0,0,0,2,1,2,2,1,45,7,125,1,1,HONDA NSS,8,E01004193,0,-1
2021471036633,2021,471036633,2,4,0,4,4,3,7,0,0,0,0,0,0,0,2,1,6,6,1,32,6,279,1,5,HONDA NSS,6,E01016938,0,-1
2021010324632,2021,010324632,1,3,0,99,99,9,9,99,99,9,9,99,9,99,1,1,1,1,1,42,7,125,1,0,HONDA NSS,4,E01000633,0,-1
2021451111675,2021,451111675,2,5,0,18,19,1,5,0,0,2,0,0,0,0,3,1,5,6,1,72,10,745,1,0,-1,7,E01004130,0,-1
2021010349171,2021,010349171,1,3,0,99,99,9,9,99,99,9,9,99,9,99,1,1,2,2,1,31,6,125,1,1,HONDA NSS,2,E01002045,0,-1
2021010301180,2021,010301180,1,4,0,13,13,5,1,0,0,1,0,0,0,0,4,1,1,1,1,21,5,125,1,6,HONDA NSS,5,E01000142,0,-1
2021430363862,2021,430363862,1,3,0,18,19,2,6,0,0,8,0,0,0,0,3,1,6,6,1,28,6,125,1,3,HONDA NSS,3,E01016353,0,-1
2021010303331,2021,010303331,1,3,0,99,99,9,9,99,99,9,9,99,9,99,1,1,6,6,1,37,7,125,1,5,HONDA NSS,2,E01001078,0,-1
2021010296660,2021,010296660,2,2,0,4,4,7,3,0,0,1,0,0,0,0,2,1,6,6,1,33,6,125,1,4,HONDA NSS,-1,-1,0,-1
2021010333502,2021,010333502,1,3,0,99,99,9,9,99,99,0,9,99,9,99,9,1,6,6,1,30,6,125,1,1,HONDA NSS,2,E01004239,0,-1
2021010300380,2021,010300380,1,4,0,18,19,3,7,0,0,0,0,0,0,0,4,1,2,2,1,38,7,279,1,6,HONDA NSS,3,E01003372,0,-1
2021010336994,2021,010336994,1,3,0,5,5,1,5,0,0,1,0,0,0,0,1,1,6,6,1,21,5,125,1,0,HONDA NSS,2,E01001428,0,-1
202131D104121,2021,31D104121,1,3,0,18,19,4,8,0,0,1,0,0,0,0,1,1,6,6,1,40,7,125,1,5,HONDA NSS,1,E01013810,0,-1
2021411112246,2021,411112246,2,3,0,18,19,3,6,0,0,3,0,0,0,0,4,1,1,1,1,36,7,125,1,0,HONDA NSS,7,E01023880,0,-1
2021010317706,2021,010317706,2,3,0,99,99,9,9,99,99,9,9,99,9,99,9,1,6,6,3,-1,-1,125,1,2,HONDA NSS,8,E01002657,0,-1
2021552101106,2021,552101106,2,3,0,18,19,8,4,0,0,0,0,0,0,0,3,1,1,1,1,49,8,125,1,1,HONDA NSS,3,E01015292,0,-1
2021421044317,2021,421044317,1,3,0,18,19,2,6,0,0,0,0,0,1,0,2,1,5,6,1,54,8,279,1,3,HONDA NSS,3,E01021823,0,-1
2021471057220,2021,471057220,2,3,0,18,19,5,1,0,0,1,0,0,0,0,1,1,1,1,1,35,6,125,1,4,HONDA NSS,5,E01016876,0,-1
2021010337557,2021,010337557,1,3,0,99,99,9,9,99,99,9,9,99,9,99,9,1,1,1,1,37,7,125,1,6,HONDA NSS,2,E01003297,0,-1
2021010329367,2021,010329367,1,3,0,99,99,9,9,99,99,9,9,99,9,99,9,1,6,6,1,25,5,125,1,4,HONDA NSS,3,E01001832,0,-1
2021461058854,2021,461058854,2,3,0,17,19,8,4,0,0,1,0,0,0,0,0,1,5,6,1,32,6,125,1,1,HONDA NSS,3,E01024047,0,-1
2021010288288,2021,010288288,1,3,9,99,99,9,9,99,99,9,9,99,9,99,1,1,6,6,1,52,8,279,1,5,HONDA NSS,6,E01003427,0,-1
2021010337642,2021,010337642,1,5,0,5,5,3,7,0,0,8,0,0,0,0,1,1,2,2,1,38,7,745,1,0,HONDA NSS,3,E01000336,0,-1
2021010334611,2021,010334611,2,3,0,4,4,4,8,0,0,1,0,0,0,0,1,1,2,2,1,34,6,125,1,3,HONDA NSS,-1,-1,0,-1
2021010334350,2021,010334350,1,3,0,18,19,7,3,0,0,8,1,0,0,0,2,1,1,1,1,40,7,125,1,2,HONDA NSS,3,E01000114,0,-1
2021461085582,2021,461085582,2,4,0,18,19,6,2,0,0,4,5,0,0,0,3,1,1,1,1,43,7,330,1,0,HONDA NSS,5,E01024191,0,-1
2021522101790,2021,522101790,1,3,0,18,19,6,1,0,0,1,0,0,0,0,2,1,6,6,1,21,5,125,1,6,HONDA NSS,7,E01014847,0,-1
2021010310242,2021,010310242,1,3,0,99,99,9,9,99,99,9,9,99,9,99,9,1,6,6,1,26,6,125,1,4,HONDA NSS,4,E01003518,0,-1
2021361078857,2021,361078857,2,2,0,9,9,4,2,0,0,8,0,0,0,0,3,1,6,6,1,57,9,49,1,31,-1,4,E01026891,0,-1
2021351085831,2021,351085831,1,5,0,18,19,1,5,0,0,0,0,0,1,0,1,1,5,6,1,20,4,647,1,10,-1,9,E01018013,0,-1
2021010329596,2021,010329596,1,4,0,4,4,1,5,0,0,1,0,0,0,0,1,1,6,6,1,21,5,647,1,11,-1,3,E01002645,0,-1
2021440501628,2021,440501628,2,9,0,18,19,1,5,0,0,1,0,0,0,0,1,1,6,6,1,76,11,1396,2,11,HYUNDAI I20,2,E01017363,0,-1
2021471087267,2021,471087267,1,9,0,18,19,3,7,0,0,1,0,0,0,0,3,1,5,6,1,79,11,1248,1,6,HYUNDAI I20,10,E01031768,0,-1
2021411043462,2021,411043462,1,9,0,18,19,1,1,0,0,0,0,0,0,0,1,1,5,6,2,35,6,998,1,3,HYUNDAI I20,-1,-1,0,-1
2021131065730,2021,131065730,2,9,0,9,9,2,4,0,0,6,1,0,1,6,1,1,1,1,2,40,7,1368,1,4,HYUNDAI I20,4,E01010602,0,-1
2021070778902,2021,070778902,1,9,0,5,5,8,3,0,0,6,0,0,0,0,1,1,6,6,1,-1,-1,1248,1,5,HYUNDAI I20,-1,-1,0,-1
2021522104575,2021,522104575,2,9,0,9,9,1,7,0,0,6,0,4,0,0,4,1,6,6,1,84,11,1248,1,7,HYUNDAI I20,10,E01014903,0,-1
2021451059256,2021,451059256,2,9,0,18,19,3,3,0,0,0,0,0,0,0,2,1,6,6,2,42,7,1368,1,4,HYUNDAI I20,1,E01024155,0,-1