collision_index,collision_year,collision_ref_no,vehicle_reference,vehicle_type,towing_and_articulation,vehicle_manoeuvre_historic,vehicle_manoeuvre,vehicle_direction_from,vehicle_direction_to,vehicle_location_restricted_lane_historic,vehicle_location_restricted_lane,junction_location,skidding_and_overturning,hit_object_in_carriageway,vehicle_leaving_carriageway,hit_object_off_carriageway,first_point_of_impact,vehicle_left_hand_drive,journey_purpose_of_driver_historic,journey_purpose_of_driver,sex_of_driver,age_of_driver,age_band_of_driver,engine_capacity_cc,propulsion_code,age_of_vehicle,generic_make_model,driver_imd_decile,lsoa_of_driver,escooter_flag,driver_distance_banding
2021501027746,2021,501027746,2,9,0,5,5,8,4,0,0,4,0,0,0,0,2,1,5,6,2,80,11,1248,1,8,HYUNDAI I20,8,E01015090,0,-1
2021361115431,2021,361115431,1,9,0,18,19,2,6,0,0,4,0,0,3,0,1,1,5,6,1,70,10,1248,1,6,HYUNDAI I20,4,E01026268,0,-1
202131A078821,2021,31A078821,2,9,0,18,19,1,5,0,0,3,0,0,7,0,3,1,6,6,2,57,9,1248,1,3,HYUNDAI I20,-1,-1,0,-1
2021061062088,2021,061062088,1,9,0,18,19,7,1,0,0,4,0,0,0,0,1,1,6,6,3,30,6,1248,1,6,HYUNDAI I20,-1,-1,0,-1
2021531037854,2021,531037854,2,9,0,18,19,4,8,0,0,1,0,0,7,9,1,1,5,6,1,88,11,1248,1,10,HYUNDAI I20,9,E01022363,0,-1
2021302100193,2021,302100193,3,9,0,18,19,4,8,0,0,0,0,0,0,0,1,1,6,6,1,28,6,1248,1,5,HYUNDAI I20,2,E01019453,0,-1
2021461067497,2021,461067497,3,9,0,18,19,3,7,0,0,0,0,0,0,0,4,1,6,6,2,62,9,1248,1,9,HYUNDAI I20,6,E01003786,0,-1
2021440206401,2021,440206401,2,9,0,13,13,8,4,0,0,8,0,0,0,0,1,1,6,6,2,38,7,998,1,3,HYUNDAI I20,6,E01023081,0,-1
2021622100272,2021,622100272,2,9,0,2,2,0,0,0,0,0,0,4,0,0,2,1,6,6,3,-1,-1,998,1,5,HYUNDAI I20,-1,-1,0,-1
2021501028712,2021,501028712,2,9,0,18,19,7,3,0,0,1,0,0,0,0,2,1,6,6,2,40,7,1248,1,8,HYUNDAI I20,5,E01019982,0,-1
2021440190223,2021,440190223,2,9,0,9,9,8,6,0,0,8,0,0,0,0,4,1,2,2,2,40,7,1368,1,6,HYUNDAI I20,3,E01017195,0,-1
2021522200428,2021,522200428,2,9,0,12,12,1,5,0,0,1,0,0,0,0,0,1,6,6,3,-1,-1,998,8,0,HYUNDAI I20,-1,-1,0,-1
2021361116570,2021,361116570,1,9,0,9,9,5,3,0,0,1,0,0,0,0,4,1,5,6,2,74,10,1396,1,9,HYUNDAI I20,8,E01026929,0,-1
2021170S11011,2021,170S11011,1,9,0,18,19,6,2,0,0,8,0,0,0,0,4,1,6,6,2,62,9,1248,1,8,HYUNDAI I20,5,E01012054,0,-1
2021440437451,2021,440437451,1,9,0,18,19,1,5,0,0,0,2,0,1,0,0,1,6,6,1,18,4,1248,1,6,HYUNDAI I20,10,E01020380,0,-1
2021010289330,2021,010289330,2,9,9,99,99,9,9,99,99,2,9,99,9,99,9,9,6,6,3,-1,-1,1248,1,7,HYUNDAI I20,-1,-1,0,-1
2021430097207,2021,430097207,2,9,0,3,3,3,7,0,0,0,0,0,0,0,2,1,6,6,2,30,6,1396,1,11,HYUNDAI I20,4,E01017905,0,-1
2021010301487,2021,010301487,2,9,0,18,19,1,5,0,0,9,0,0,0,0,9,9,6,6,1,78,11,1248,1,5,HYUNDAI I20,-1,-1,0,-1
2021070641393,2021,070641393,2,9,0,18,19,3,7,0,0,1,0,0,0,0,1,1,1,1,1,52,8,1396,2,4,HYUNDAI I20,1,E01005935,0,-1
2021461048593,2021,461048593,2,9,0,18,19,7,3,0,0,0,0,0,0,0,2,1,6,6,2,64,9,1368,1,5,HYUNDAI I20,5,E01032654,0,-1
2021211076443,2021,211076443,1,9,0,18,19,5,1,0,0,8,0,0,0,0,3,1,6,6,1,66,10,1248,1,5,HYUNDAI I20,3,E01029701,0,-1
2021010301884,2021,010301884,1,9,0,99,99,9,9,99,99,9,9,99,9,99,9,9,6,6,1,32,6,1248,1,12,HYUNDAI I20,2,E01001191,0,-1
2021211083865,2021,211083865,1,9,-1,-1,-1,0,0,-1,-1,0,-1,-1,-1,0,3,1,5,6,1,85,11,1248,1,3,HYUNDAI I20,4,E01029807,0,-1
2021991069028,2021,991069028,1,9,0,7,7,4,7,0,0,2,0,0,0,0,2,1,5,6,2,38,7,1368,1,6,HYUNDAI I20,10,-1,0,-1
2021421087650,2021,421087650,2,9,0,18,19,5,1,0,0,0,0,0,0,0,2,1,6,6,2,49,8,1248,1,7,HYUNDAI I20,8,E01030132,0,-1
2021471054716,2021,471054716,1,9,0,5,5,7,3,0,0,0,0,0,0,0,1,1,1,1,1,26,6,1248,1,12,HYUNDAI I20,9,E01031800,0,-1
2021221100277,2021,221100277,2,9,0,18,19,8,4,0,0,8,0,0,0,0,1,1,5,6,2,83,11,1248,1,9,HYUNDAI I20,8,E01032441,0,-1
2021501133798,2021,501133798,2,9,0,3,3,1,5,0,0,4,0,0,0,0,2,1,6,6,1,75,10,1248,1,2,HYUNDAI I20,1,E01015266,0,-1
2021440493773,2021,440493773,2,9,0,18,19,3,7,0,0,1,0,0,0,0,1,1,6,6,2,-1,-1,1368,1,4,HYUNDAI I20,-1,-1,0,-1
2021052100325,2021,052100325,1,9,0,18,19,6,2,0,0,0,0,0,1,11,3,1,6,6,1,25,5,1248,1,3,HYUNDAI I20,3,E01033760,0,-1
2021991119133,2021,991119133,2,9,0,2,2,5,7,0,0,0,0,0,0,0,3,1,5,6,2,26,6,1248,1,8,HYUNDAI I20,4,-1,0,-1
2021041045435,2021,041045435,2,9,0,7,7,5,1,0,0,0,0,0,1,11,2,1,1,1,2,47,8,1368,1,5,HYUNDAI I20,5,E01005677,0,-1
2021070149097,2021,070149097,3,9,0,18,19,7,3,0,0,1,0,0,0,0,1,1,2,2,1,41,7,1248,1,4,HYUNDAI I20,10,E01029565,0,-1
2021991048520,2021,991048520,2,9,0,9,9,5,4,0,0,8,0,0,0,0,4,1,2,2,2,49,8,1248,1,4,HYUNDAI I20,6,-1,0,-1
2021061104266,2021,061104266,1,9,0,18,19,3,7,0,0,0,0,0,0,0,1,1,6,6,1,26,6,1248,1,8,HYUNDAI I20,1,E01005655,0,-1
202163B056121,2021,63B056121,1,9,0,18,19,4,8,0,0,0,0,0,7,4,1,1,6,6,1,48,8,1248,1,11,HYUNDAI I20,7,W01001937,0,-1
2021501096581,2021,501096581,1,9,0,18,19,1,5,0,0,3,0,0,5,0,3,1,2,2,1,23,5,1248,1,2,HYUNDAI I20,2,E01018911,0,-1
2021061119860,2021,061119860,1,9,0,18,19,7,3,0,0,0,0,0,0,0,1,1,6,6,1,25,5,1248,1,9,HYUNDAI I20,1,E01005568,0,-1
2021440448894,2021,440448894,2,9,0,18,19,8,4,0,0,0,0,0,0,0,1,1,1,1,1,-1,-1,1248,1,10,HYUNDAI I20,-1,-1,0,-1
2021010331529,2021,010331529,1,9,0,3,3,3,7,0,0,0,0,0,0,0,1,1,2,2,2,28,6,1248,1,9,HYUNDAI I20,3,E01004568,0,-1
202131C133121,2021,31C133121,1,9,0,18,19,7,3,0,0,8,0,0,0,0,3,1,6,6,1,32,6,1368,1,5,HYUNDAI I20,2,E01013886,0,-1
2021201149479,2021,201149479,2,9,0,5,5,6,2,0,0,0,0,0,0,0,2,1,6,6,1,34,6,1248,1,9,HYUNDAI I20,-1,-1,0,-1
2021351124729,2021,351124729,1,9,0,18,19,7,3,0,0,1,0,0,0,0,1,1,5,6,1,73,10,1248,1,7,HYUNDAI I20,6,E01015672,0,-1
2021131091919,2021,131091919,1,9,0,11,11,1,4,0,0,8,-1,-1,-1,0,-1,1,6,6,3,-1,-1,1248,1,6,HYUNDAI I20,-1,-1,0,-1
2021161061570,2021,161061570,1,9,0,18,19,5,1,0,0,8,0,0,0,0,1,1,5,6,2,-1,-1,1248,1,11,HYUNDAI I20,8,E01012812,0,-1
2021610051221,2021,610051221,1,9,0,18,19,7,4,0,0,1,0,0,0,0,1,1,6,6,2,29,6,1248,1,6,HYUNDAI I20,1,W01001364,0,-1
2021010347649,2021,010347649,1,9,0,99,99,9,9,99,99,9,9,99,9,99,2,9,6,6,2,29,6,1248,1,9,HYUNDAI I20,5,E01009179,0,-1
2021211125047,2021,211125047,1,9,0,17,19,3,5,0,0,0,0,0,1,0,1,1,6,6,2,26,6,1248,1,7,HYUNDAI I20,5,E01014280,0,-1
2021501103525,2021,501103525,1,9,0,7,7,1,5,0,0,3,0,0,0,0,1,1,5,6,2,41,7,1248,1,8,HYUNDAI I20,-1,-1,0,-1
2021201142161,2021,201142161,1,9,0,10,10,2,8,0,0,8,0,0,0,0,4,1,6,6,1,32,6,1368,1,6,HYUNDAI I20,9,E01009435,0,-1
2021451069362,2021,451069362,1,9,0,18,19,3,7,0,0,1,0,0,7,0,1,1,6,6,1,40,7,1248,1,6,HYUNDAI I20,6,E01007750,0,-1
2021471019865,2021,471019865,1,9,0,18,19,1,5,0,0,8,0,0,0,0,1,1,5,6,2,26,6,1248,1,9,HYUNDAI I20,2,E01016854,0,-1
2021501060128,2021,501060128,2,9,0,17,19,3,8,0,0,1,0,0,0,0,1,1,5,6,2,70,10,1248,1,4,HYUNDAI I20,4,E01015236,0,-1
2021131114675,2021,131114675,1,9,0,18,19,7,3,0,0,1,0,0,0,0,1,1,6,6,1,71,10,998,1,1,HYUNDAI I20,3,E01011519,0,-1
2021421060040,2021,421060040,2,9,0,3,3,1,5,0,0,1,0,0,0,0,2,1,5,6,2,31,6,1248,1,6,HYUNDAI I20,-1,-1,0,-1
2021371102261,2021,371102261,1,9,0,18,19,7,3,0,0,0,5,0,0,0,1,1,5,6,2,76,11,1248,1,9,HYUNDAI I20,10,E01018288,0,-1
2021501083192,2021,501083192,1,9,0,18,19,5,1,0,0,1,0,12,0,0,1,1,5,6,1,58,9,1248,1,0,HYUNDAI I20,3,E01020048,0,-1
2021010340732,2021,010340732,1,9,0,10,10,2,7,0,0,1,0,0,0,0,0,1,6,6,1,71,10,1248,1,4,HYUNDAI I20,3,E01032581,0,-1
2021471019295,2021,471019295,1,9,0,18,19,7,3,0,0,0,0,0,0,0,1,1,5,6,2,72,10,1396,1,12,HYUNDAI I20,4,E01031598,0,-1
2021451024661,2021,451024661,1,9,0,3,3,7,3,0,0,1,0,4,0,0,2,1,2,2,2,23,5,1248,1,6,HYUNDAI I20,9,E01024814,0,-1
2021201085764,2021,201085764,2,9,0,18,19,8,3,0,0,3,0,0,0,0,4,1,6,6,1,55,8,1396,2,6,HYUNDAI I20,3,E01009781,0,-1
2021031116457,2021,031116457,1,9,0,18,19,6,2,0,0,0,0,0,0,0,1,1,6,6,1,24,5,1248,1,11,HYUNDAI I20,6,E01019381,0,-1
2021131088913,2021,131088913,1,9,0,3,3,1,1,0,0,0,0,0,0,0,2,2,5,6,2,45,7,1248,1,1,HYUNDAI I20,8,E01011200,0,-1
2021351047282,2021,351047282,2,9,0,-1,-1,-1,-1,-1,-1,0,-1,-1,-1,0,-1,1,6,6,1,96,11,1248,1,7,HYUNDAI I20,10,E01018245,0,-1
2021552100615,2021,552100615,1,9,0,18,19,3,7,0,0,8,0,0,0,0,3,1,6,6,1,67,10,1396,2,8,HYUNDAI I20,8,E01020504,0,-1
2021351040435,2021,351040435,1,9,0,2,2,0,0,0,0,0,0,0,0,0,3,1,5,6,2,44,7,1248,1,5,HYUNDAI I20,8,E01017992,0,-1
2021451103180,2021,451103180,3,9,0,18,19,1,5,0,0,0,0,0,0,0,2,1,5,6,2,17,4,1248,1,4,HYUNDAI I20,9,E01030679,0,-1
2021131108590,2021,131108590,1,9,0,5,5,1,5,0,0,0,0,0,0,0,3,1,5,6,1,28,6,1248,1,9,HYUNDAI I20,2,E01011502,0,-1
2021122100897,2021,122100897,2,9,0,4,4,3,7,0,0,2,0,0,0,0,2,1,6,6,1,53,8,998,8,0,HYUNDAI I20,6,E01011607,0,-1
2021041154952,2021,041154952,1,9,0,18,19,1,5,0,0,6,0,0,0,0,0,1,5,6,1,25,5,1396,1,10,HYUNDAI I20,-1,-1,0,-1
2021010330155,2021,010330155,1,9,0,12,12,5,1,0,0,0,0,0,0,0,1,1,6,6,1,46,8,1396,1,8,HYUNDAI I20,3,E01002585,0,-1
2021371125538,2021,371125538,1,9,0,18,19,6,3,0,0,0,0,0,1,4,1,1,6,6,1,33,6,998,8,0,HYUNDAI I20,5,E01030285,0,-1
2021552100571,2021,552100571,2,9,0,9,9,4,2,0,0,5,0,0,0,0,3,1,6,6,1,42,7,1396,2,12,HYUNDAI I20,5,E01015286,0,-1
2021010298678,2021,010298678,1,9,0,99,99,9,9,99,99,9,9,99,9,99,1,9,6,6,2,19,4,1248,1,11,HYUNDAI I20,6,E01003459,0,-1
2021501073192,2021,501073192,1,9,0,9,9,3,1,0,0,6,0,0,0,0,3,1,6,6,1,77,11,1396,1,9,HYUNDAI I20,5,E01022543,0,-1
202131C174121,2021,31C174121,2,9,0,18,19,6,2,0,0,3,0,0,0,0,1,1,6,6,2,50,8,1248,1,4,HYUNDAI I20,7,E01025890,0,-1
2021041104260,2021,041104260,3,9,0,18,19,3,7,0,0,0,0,0,0,0,2,1,6,6,3,-1,-1,1248,1,12,HYUNDAI I20,-1,-1,0,-1
2021052100782,2021,052100782,1,9,0,2,2,0,0,0,0,0,0,0,0,0,3,1,6,6,3,-1,-1,1248,1,7,HYUNDAI I20,-1,-1,0,-1
202106A080110,2021,06A080110,1,9,0,18,19,8,4,0,0,1,0,0,0,0,2,1,6,6,1,44,7,1248,1,12,HYUNDAI I20,4,E01006805,0,-1
2021221113023,2021,221113023,1,9,0,5,5,1,6,0,0,4,0,0,0,0,1,1,5,6,2,34,6,1396,2,6,HYUNDAI I20,10,E01032298,0,-1
2021302100615,2021,302100615,1,9,0,9,9,2,6,0,0,0,0,0,0,0,3,1,2,2,1,52,8,1248,1,7,HYUNDAI I20,3,E01019484,0,-1
2021302100495,2021,302100495,2,9,0,9,9,2,8,0,0,6,0,0,0,0,3,1,6,6,2,35,6,1248,1,8,HYUNDAI I20,6,E01013491,0,-1
2021351092941,2021,351092941,1,9,0,5,5,3,1,0,0,6,0,1,0,0,1,1,6,6,2,78,11,998,1,1,HYUNDAI I20,10,E01017996,0,-1
2021010297723,2021,010297723,3,9,0,18,19,6,2,0,0,0,0,0,0,0,1,1,6,6,2,77,11,1396,1,7,HYUNDAI I20,5,E01004527,0,-1
2021622100486,2021,622100486,2,9,0,4,4,6,2,0,0,2,0,0,1,0,2,1,6,6,2,55,8,1248,1,7,HYUNDAI I20,5,W01001101,0,-1
2021461085558,2021,461085558,1,9,0,18,19,5,1,0,0,1,0,0,0,0,1,1,6,6,1,73,10,1368,1,6,HYUNDAI I20,5,E01024654,0,-1
2021221049552,2021,221049552,2,9,0,18,19,3,7,0,0,8,0,0,0,0,1,1,5,6,2,29,6,1248,1,6,HYUNDAI I20,9,E01032183,0,-1
2021547181121,2021,547181121,2,9,0,4,4,3,7,0,0,1,0,0,0,0,2,1,6,6,1,-1,-1,1248,1,11,HYUNDAI I20,7,E01031447,0,-1
2021221125897,2021,221125897,1,9,0,18,19,7,3,0,0,5,0,0,1,0,3,1,3,7,1,36,7,1248,1,4,HYUNDAI I20,5,E01032264,0,-1
2021131041147,2021,131041147,2,9,0,10,10,3,1,0,0,2,0,0,0,0,3,1,2,2,2,27,6,1396,1,9,HYUNDAI I20,1,E01010807,0,-1
2021522201177,2021,522201177,1,9,0,18,19,6,2,0,0,0,0,0,0,0,1,1,6,6,2,44,7,1248,1,2,HYUNDAI I20,6,E01014641,0,-1
2021552100312,2021,552100312,1,9,0,7,7,1,3,0,0,1,0,0,0,0,1,1,6,6,1,77,11,1396,1,11,HYUNDAI I20,-1,-1,0,-1
2021501137109,2021,501137109,1,9,0,18,19,6,2,0,0,1,0,0,0,0,1,1,1,1,2,50,8,1248,1,8,HYUNDAI I20,5,E01019923,0,-1
2021010317625,2021,010317625,3,9,0,2,2,0,0,0,0,0,0,4,0,0,2,1,6,6,3,-1,-1,1368,1,4,HYUNDAI I20,-1,-1,0,-1
2021031056124,2021,031056124,1,9,0,18,19,6,2,0,0,8,0,0,0,0,1,1,5,6,2,22,5,1248,1,8,HYUNDAI I20,4,E01019274,0,-1
2021131055193,2021,131055193,2,9,0,18,19,8,4,0,0,8,0,0,2,2,2,1,6,6,1,28,6,1248,1,10,HYUNDAI I20,3,E01011137,0,-1
2021451067737,2021,451067737,1,9,0,18,19,3,7,0,0,0,5,4,0,0,1,1,5,6,2,18,4,1248,1,6,HYUNDAI I20,10,E01030355,0,-1
2021471076964,2021,471076964,1,9,0,3,3,8,4,0,0,4,0,0,0,0,2,1,5,6,2,19,4,1248,1,8,HYUNDAI I20,4,E01031608,0,-1
2021440463944,2021,440463944,1,9,0,4,4,1,5,0,0,0,0,0,0,0,1,1,6,6,1,26,6,1248,1,8,HYUNDAI I20,3,E01017078,0,-1
2021211052316,2021,211052316,1,9,0,9,9,7,8,0,0,2,0,0,0,0,1,1,5,6,2,57,9,1248,1,11,HYUNDAI I20,6,E01014299,0,-1
2021461052734,2021,461052734,1,9,0,9,9,5,2,0,0,8,0,0,0,0,4,1,5,6,1,49,8,1248,1,6,HYUNDAI I20,7,E01021112,0,-1
2021201024746,2021,201024746,2,9,0,18,19,8,4,0,0,1,0,0,0,0,2,1,6,6,2,61,9,1248,1,10,HYUNDAI I20,1,E01009507,0,-1
2021010291146,2021,010291146,1,9,0,5,5,5,1,0,0,2,0,0,0,0,1,1,1,1,2,28,6,1248,1,7,HYUNDAI I20,4,E01003062,0,-1
2021010315113,2021,010315113,1,9,0,4,4,5,1,0,0,1,5,0,0,0,2,1,6,6,1,32,6,1248,1,12,HYUNDAI I20,2,E01033587,0,-1
2021552100405,2021,552100405,1,9,0,17,19,1,5,0,0,0,2,0,1,10,1,1,1,1,2,23,5,1396,1,12,HYUNDAI I20,6,E01015324,0,-1
2021991081390,2021,991081390,1,9,0,9,9,4,2,0,0,8,0,0,0,0,3,1,5,6,1,18,4,1248,1,4,HYUNDAI I20,7,-1,0,-1
2021010338491,2021,010338491,1,9,0,18,19,7,3,0,0,5,0,0,0,0,3,1,2,2,2,63,9,1396,1,11,HYUNDAI I20,9,E01004087,0,-1
2021421095146,2021,421095146,1,9,0,18,19,7,3,0,0,0,0,7,6,0,1,1,5,6,2,77,11,1248,1,2,HYUNDAI I20,4,E01022011,0,-1
202131B147621,2021,31B147621,1,9,0,18,19,2,6,0,0,1,0,0,0,0,1,1,6,6,1,34,6,1248,1,6,HYUNDAI I20,5,E01028314,0,-1
2021461051155,2021,461051155,2,9,0,3,3,7,3,0,0,0,0,0,0,0,3,1,6,6,1,38,7,1248,1,3,HYUNDAI I20,1,E01024305,0,-1
2021201124411,2021,201124411,2,9,0,18,19,4,8,0,0,8,0,0,0,0,4,1,6,6,2,31,6,1248,1,0,HYUNDAI I20,2,E01010419,0,-1
2021010306601,2021,010306601,2,9,0,99,99,9,9,99,99,0,9,99,9,99,1,9,6,6,3,-1,-1,1248,1,9,HYUNDAI I20,3,E01003146,0,-1
2021351118920,2021,351118920,1,9,0,18,19,5,1,0,0,0,0,0,0,0,1,1,5,6,2,43,7,1248,1,3,HYUNDAI I20,1,E01015597,0,-1
2021461048486,2021,461048486,2,9,0,18,19,7,3,0,0,0,0,0,0,0,2,1,6,6,2,57,9,1248,1,8,HYUNDAI I20,3,E01016038,0,-1
2021061047809,2021,061047809,1,9,0,18,19,2,6,0,0,3,5,7,0,0,3,1,6,6,1,19,4,1248,1,6,HYUNDAI I20,1,E01005485,0,-1
2021010339198,2021,010339198,1,9,0,18,19,1,5,0,0,2,0,0,0,0,3,1,6,6,2,38,7,1248,1,2,HYUNDAI I20,4,E01001137,0,-1
2021201136142,2021,201136142,3,9,0,5,5,5,1,0,0,1,0,0,0,0,4,1,6,6,2,42,7,1248,1,6,HYUNDAI I20,1,E01010062,0,-1
2021122100960,2021,122100960,2,9,0,5,5,3,7,0,0,0,0,0,0,0,1,1,6,6,1,40,7,1248,1,9,HYUNDAI I20,5,E01013446,0,-1
20211381L1343,2021,1381L1343,1,9,0,5,5,2,6,0,0,0,0,0,0,0,3,1,6,6,2,28,6,1248,1,12,HYUNDAI I20,3,E01011229,0,-1
2021201048193,2021,201048193,1,9,0,7,7,2,4,0,0,0,0,0,0,0,1,1,6,6,1,24,5,1248,1,11,HYUNDAI I20,-1,-1,0,-1
2021138432181,2021,138432181,1,9,0,6,6,7,3,9,9,0,0,0,1,11,1,1,6,6,1,18,4,1248,1,7,HYUNDAI I20,2,E01011034,0,-1
2021041101230,2021,041101230,1,9,0,9,9,1,5,0,0,6,0,0,0,0,3,1,6,6,2,46,8,1248,1,2,HYUNDAI I20,7,E01025417,0,-1
2021430401130,2021,430401130,1,9,0,9,9,4,2,0,0,5,0,0,0,0,4,1,6,6,2,58,9,1248,1,5,HYUNDAI I20,9,E01017940,0,-1
2021522102648,2021,522102648,2,9,0,9,9,1,8,0,0,5,0,0,0,0,3,1,6,6,1,56,9,998,1,3,HYUNDAI I20,5,E01014720,0,-1
2021320566272,2021,320566272,1,9,0,7,7,6,8,0,0,6,0,0,0,0,1,1,6,6,1,91,11,998,1,2,HYUNDAI I20,9,E01026160,0,-1
2021041059108,2021,041059108,1,9,0,18,19,1,5,0,0,1,0,0,0,0,4,2,5,6,2,78,11,1368,1,6,HYUNDAI I20,-1,-1,0,-1
2021010328153,2021,010328153,2,9,0,9,9,7,5,0,0,6,0,0,0,0,3,1,6,6,1,20,4,998,1,2,HYUNDAI I20,3,E01000506,0,-1
2021201111353,2021,201111353,2,9,0,3,3,2,6,0,0,8,0,0,0,0,4,1,6,6,2,23,5,998,1,3,HYUNDAI I20,-1,-1,0,-1
2021302100603,2021,302100603,2,9,0,4,4,8,4,0,0,0,0,0,0,0,2,1,6,6,1,40,7,1248,1,12,HYUNDAI I20,4,E01019715,0,-1
2021141093876,2021,141093876,1,9,0,9,9,7,5,0,0,1,0,0,0,0,1,1,6,6,1,83,11,1396,2,11,HYUNDAI I20,2,E01007592,0,-1
2021201065324,2021,201065324,2,9,0,18,19,2,6,0,0,0,0,0,0,0,1,1,6,6,2,71,10,1248,1,6,HYUNDAI I20,5,E01009432,0,-1
2021471112913,2021,471112913,2,9,0,2,2,0,0,0,0,1,0,0,0,0,2,1,6,6,3,-1,-1,1248,1,5,HYUNDAI I20,-1,-1,0,-1
2021440434394,2021,440434394,1,9,0,3,3,1,5,0,0,1,0,0,0,0,2,1,6,6,2,63,9,1248,1,6,HYUNDAI I20,4,E01017193,0,-1
2021010325861,2021,010325861,1,9,0,9,9,4,1,0,0,6,0,0,0,0,3,1,6,6,2,22,5,1248,1,8,HYUNDAI I20,9,E01004080,0,-1
2021131126486,2021,131126486,2,9,0,10,10,1,3,0,0,5,0,0,0,0,2,1,5,6,1,34,6,1248,1,9,HYUNDAI I20,-1,-1,0,-1
2021052102302,2021,052102302,2,9,0,18,19,7,3,0,0,8,0,0,0,0,1,1,6,6,3,-1,-1,1248,1,7,HYUNDAI I20,-1,-1,0,-1
2021161080830,2021,161080830,1,9,0,9,9,8,8,0,0,1,0,0,0,0,3,1,5,6,1,66,10,1396,1,7,HYUNDAI I20,3,E01012825,0,-1
2021440464931,2021,440464931,2,9,0,18,19,3,2,0,0,8,0,0,0,0,4,1,6,6,2,24,5,998,1,5,HYUNDAI I20,2,E01017202,0,-1
2021461032734,2021,461032734,2,9,0,2,2,0,0,0,0,8,0,4,0,0,4,1,6,6,1,-1,-1,1368,1,6,HYUNDAI I20,-1,-1,0,-1
2021991126563,2021,991126563,1,9,0,9,9,1,7,0,0,8,0,0,0,0,1,1,5,6,1,32,6,1248,1,10,HYUNDAI I20,6,-1,0,-1
2021010296502,2021,010296502,2,9,0,99,99,9,9,99,99,9,9,99,9,99,1,9,6,6,1,43,7,1248,1,12,HYUNDAI I20,5,E01001933,0,-1
2021052101061,2021,052101061,1,9,0,18,19,3,7,0,0,1,0,0,0,0,1,1,6,6,2,18,4,1248,1,10,HYUNDAI I20,2,E01012399,0,-1
202134NNC0441,2021,34NNC0441,2,9,0,18,19,1,5,0,0,8,0,0,0,0,1,1,2,2,2,62,9,1248,1,7,HYUNDAI I20,-1,-1,0,-1
2021546282121,2021,546282121,1,9,0,18,19,2,6,0,0,0,0,0,0,0,1,1,2,2,1,59,9,998,1,5,HYUNDAI I20,8,E01015484,0,-1
2021430117125,2021,430117125,2,9,0,18,19,1,5,0,0,8,0,0,0,0,4,1,6,6,2,22,5,1248,1,11,HYUNDAI I20,4,E01016716,0,-1
2021201050724,2021,201050724,2,9,0,7,7,5,2,0,0,8,0,0,0,0,2,1,6,6,2,27,6,1396,1,12,HYUNDAI I20,6,E01010233,0,-1
2021501189714,2021,501189714,2,9,0,2,2,0,0,0,0,1,0,0,0,0,2,1,6,6,2,21,5,1248,1,8,HYUNDAI I20,5,E01018851,0,-1
2021041027968,2021,041027968,2,9,0,18,19,5,1,0,0,1,0,0,6,0,1,1,5,6,1,19,4,1120,2,5,HYUNDAI I20,8,E01025321,0,-1
2021361093545,2021,361093545,1,9,0,18,19,-1,-1,0,0,0,0,0,0,0,-1,1,1,1,2,20,4,1248,1,7,HYUNDAI I20,9,E01026548,0,-1
2021401091505,2021,401091505,3,9,0,4,4,8,4,0,0,0,0,0,4,6,2,1,5,6,1,21,5,998,1,2,HYUNDAI I20,4,E01017567,0,-1
2021170M21471,2021,170M21471,3,9,0,18,19,6,2,0,0,1,0,0,0,0,1,1,6,6,1,58,9,1248,1,6,HYUNDAI I20,3,E01012109,0,-1
2021371056020,2021,371056020,1,9,0,18,19,7,3,0,0,1,0,0,0,0,1,1,5,6,2,23,5,1248,1,8,HYUNDAI I20,7,E01030054,0,-1
2021430400698,2021,430400698,1,9,0,18,19,1,5,0,0,6,0,0,0,0,1,1,3,7,2,51,8,1248,1,3,HYUNDAI I20,10,E01016687,0,-1
2021101111228,2021,101111228,2,9,0,18,19,8,4,0,0,8,0,0,5,11,4,1,6,6,1,29,6,1248,1,4,HYUNDAI I20,5,E01008741,0,-1
2021010299077,2021,010299077,1,9,0,4,4,3,7,0,0,1,0,0,0,0,2,1,6,6,1,35,6,1248,1,12,HYUNDAI I20,4,E01003662,0,-1
2021201137361,2021,201137361,2,9,0,3,3,-1,-1,0,0,0,0,0,0,0,2,1,6,6,2,66,10,1248,1,12,HYUNDAI I20,2,E01008964,0,-1
2021101089107,2021,101089107,1,9,0,18,19,3,7,0,0,4,1,0,0,0,1,1,1,1,1,36,7,1396,2,12,HYUNDAI I20,3,E01008508,0,-1
2021471019616,2021,471019616,1,9,0,18,19,8,4,0,0,0,0,0,0,0,4,1,6,6,1,83,11,998,1,2,HYUNDAI I20,10,E01031703,0,-1
202131A199521,2021,31A199521,2,9,0,9,9,8,6,0,0,5,0,0,0,0,4,1,6,6,1,23,5,1248,1,5,HYUNDAI I20,4,E01028260,0,-1
2021101037526,2021,101037526,2,9,0,4,4,6,2,0,0,0,0,0,0,0,2,1,5,6,1,49,8,1248,1,4,HYUNDAI I20,8,E01008531,0,-1
2021461095735,2021,461095735,1,9,0,8,8,3,7,0,0,0,0,0,0,0,3,1,6,6,2,-1,-1,1248,1,8,HYUNDAI I20,7,E01024355,0,-1
2021201141662,2021,201141662,1,9,0,5,5,2,6,0,0,1,0,0,0,0,1,1,2,2,2,64,9,1248,1,10,HYUNDAI I20,8,E01029651,0,-1