collision_index,collision_year,collision_ref_no,vehicle_reference,vehicle_type,towing_and_articulation,vehicle_manoeuvre_historic,vehicle_manoeuvre,vehicle_direction_from,vehicle_direction_to,vehicle_location_restricted_lane_historic,vehicle_location_restricted_lane,junction_location,skidding_and_overturning,hit_object_in_carriageway,vehicle_leaving_carriageway,hit_object_off_carriageway,first_point_of_impact,vehicle_left_hand_drive,journey_purpose_of_driver_historic,journey_purpose_of_driver,sex_of_driver,age_of_driver,age_band_of_driver,engine_capacity_cc,propulsion_code,age_of_vehicle,generic_make_model,driver_imd_decile,lsoa_of_driver,escooter_flag,driver_distance_banding
2021549708221,2021,549708221,2,19,0,4,4,3,7,7,6,0,0,0,1,0,2,1,1,1,2,-1,-1,1598,2,5,VAUXHALL VIVARO,7,E01031850,0,-1
2021010289683,2021,010289683,1,19,0,18,19,5,1,0,0,0,0,0,0,0,2,1,2,2,1,48,8,1598,2,2,VAUXHALL VIVARO,2,E01004570,0,-1
2021501068723,2021,501068723,2,19,0,2,2,0,0,0,0,0,0,0,0,0,3,1,6,6,1,-1,-1,1870,2,15,VAUXHALL VIVARO,7,E01020011,0,-1
2021501104875,2021,501104875,2,19,0,4,4,7,3,0,0,0,0,0,1,0,2,1,6,6,1,36,7,1995,2,15,VAUXHALL VIVARO,6,E01020338,0,-1
2021461093274,2021,461093274,3,19,0,18,19,4,8,0,0,0,0,0,0,0,1,1,2,2,1,31,6,1995,2,10,VAUXHALL VIVARO,6,E01024452,0,-1
2021430271427,2021,430271427,1,19,0,7,7,8,2,0,0,8,0,0,0,0,2,1,1,1,1,29,6,1995,2,8,VAUXHALL VIVARO,6,E01032288,0,-1
2021031065273,2021,031065273,2,19,0,5,5,3,2,0,0,4,0,0,0,0,1,1,6,6,1,36,7,1598,2,3,VAUXHALL VIVARO,6,E01019096,0,-1
2021010306625,2021,010306625,1,19,0,9,9,7,5,0,0,5,0,0,0,0,1,1,1,1,1,60,9,1598,2,4,VAUXHALL VIVARO,-1,-1,0,-1
202131D025421,2021,31D025421,1,19,0,18,19,6,2,0,0,0,0,0,7,9,1,1,6,6,1,49,8,1995,2,10,VAUXHALL VIVARO,7,E01028387,0,-1
2021010301984,2021,010301984,2,19,0,99,99,9,9,0,0,0,9,99,9,99,9,9,6,6,3,-1,-1,1598,2,5,VAUXHALL VIVARO,-1,-1,0,-1
2021010315094,2021,010315094,1,19,0,5,5,1,5,0,0,8,0,0,0,0,4,1,6,6,1,32,6,1598,2,6,VAUXHALL VIVARO,2,E01002716,0,-1
2021545113521,2021,545113521,2,19,0,18,19,1,5,0,0,1,0,0,0,0,1,1,1,1,2,41,7,1598,2,6,VAUXHALL VIVARO,4,E01017234,0,-1
2021010338836,2021,010338836,2,19,0,7,7,1,3,1,1,2,0,0,0,0,1,1,1,1,1,46,8,1995,2,7,VAUXHALL VIVARO,3,E01002589,0,-1
2021010343861,2021,010343861,1,19,0,18,19,5,1,0,0,0,5,0,0,0,1,1,6,6,1,49,8,1598,2,4,VAUXHALL VIVARO,2,E01029095,0,-1
2021543994921,2021,543994921,1,19,0,5,5,6,8,0,0,0,0,0,0,0,3,1,1,1,1,32,6,1598,2,4,VAUXHALL VIVARO,8,E01032704,0,-1
2021501086358,2021,501086358,3,20,0,18,19,7,3,0,0,0,1,0,0,0,1,1,1,1,1,48,8,-1,-1,-1,VAUXHALL VIVARO,6,E01015207,0,-1
2021061045533,2021,061045533,1,19,0,6,6,2,2,0,0,0,0,0,0,0,3,1,1,1,1,61,9,1598,2,3,VAUXHALL VIVARO,5,E01005402,0,-1
2021211076784,2021,211076784,1,19,0,4,4,3,3,0,0,0,0,0,0,0,1,1,2,2,1,26,6,1995,2,7,VAUXHALL VIVARO,4,E01029811,0,-1
2021302100278,2021,302100278,1,19,0,18,19,1,5,0,0,0,0,0,0,0,1,1,2,2,1,59,9,1598,2,6,VAUXHALL VIVARO,6,E01029620,0,-1
2021231093353,2021,231093353,1,19,0,18,19,8,4,0,0,0,0,0,0,0,4,1,5,6,1,40,7,1598,2,6,VAUXHALL VIVARO,5,E01031163,0,-1
202134WNC0291,2021,34WNC0291,2,10,0,8,8,5,7,0,0,1,0,0,0,0,1,1,6,6,1,44,7,1995,2,13,VAUXHALL VIVARO,-1,-1,0,-1
2021161089653,2021,161089653,1,19,0,9,9,7,5,0,0,0,0,0,0,0,1,1,1,1,1,48,8,1598,2,4,VAUXHALL VIVARO,7,E01027924,0,-1
2021361023693,2021,361023693,1,19,0,18,19,7,3,0,0,0,0,0,0,0,1,1,5,6,1,29,6,1870,2,17,VAUXHALL VIVARO,1,E01018107,0,-1
2021440122725,2021,440122725,3,19,0,18,19,3,7,0,0,0,0,0,0,0,1,1,1,1,1,52,8,1598,2,5,VAUXHALL VIVARO,6,E01020160,0,-1
2021052102385,2021,052102385,1,9,0,18,19,3,7,0,0,8,0,0,4,1,4,1,4,7,1,55,8,1598,2,4,VAUXHALL VIVARO,10,E01024965,0,-1
2021522105073,2021,522105073,2,9,0,9,9,2,7,0,0,5,0,0,0,0,1,1,6,6,1,40,7,1598,2,6,VAUXHALL VIVARO,-1,-1,0,-1
2021421082093,2021,421082093,2,19,0,2,2,0,0,0,0,0,0,0,0,0,2,1,6,6,3,-1,-1,1499,2,0,VAUXHALL VIVARO,-1,-1,0,-1
2021010303768,2021,010303768,2,19,0,18,19,1,5,0,0,2,0,0,0,0,3,1,1,1,1,54,8,1995,2,8,VAUXHALL VIVARO,-1,-1,0,-1
2021440252115,2021,440252115,1,19,0,18,19,4,8,0,0,8,0,0,0,0,1,1,6,6,2,33,6,1997,2,1,VAUXHALL VIVARO,4,E01022681,0,-1
2021461071822,2021,461071822,5,19,0,2,2,0,0,0,0,1,0,0,0,0,4,1,6,6,1,45,7,2464,2,13,VAUXHALL VIVARO,2,E01024505,0,-1
2021361095381,2021,361095381,1,19,0,2,2,0,0,0,0,1,0,0,0,0,3,1,6,6,1,61,9,1997,2,2,VAUXHALL VIVARO,5,E01026496,0,-1
2021501128146,2021,501128146,2,20,0,18,19,5,1,0,0,0,0,0,0,0,1,1,1,1,1,24,5,-1,-1,-1,VAUXHALL VIVARO,8,E01029246,0,-1
2021991043423,2021,991043423,1,19,0,9,9,5,1,0,0,8,0,0,0,0,1,1,1,1,1,26,6,1598,2,3,VAUXHALL VIVARO,9,-1,0,-1
2021010346872,2021,010346872,1,19,0,4,4,1,5,0,0,1,0,0,0,0,2,1,2,2,2,27,6,1499,2,1,VAUXHALL VIVARO,2,E01004033,0,-1
2021361086367,2021,361086367,2,19,0,8,8,5,1,0,0,1,0,0,0,0,2,1,6,6,1,58,9,1598,2,6,VAUXHALL VIVARO,6,E01026769,0,-1
2021440228676,2021,440228676,1,19,0,9,9,4,1,0,0,5,0,0,0,0,4,1,6,6,2,27,6,1995,2,13,VAUXHALL VIVARO,9,E01030477,0,-1
2021451045289,2021,451045289,1,9,0,5,5,1,1,0,0,0,0,0,0,0,2,1,5,6,1,52,8,1598,2,4,VAUXHALL VIVARO,6,E01030842,0,-1
2021041028212,2021,041028212,2,9,0,18,19,3,7,0,0,1,0,0,0,0,1,1,1,1,1,55,8,1995,2,8,VAUXHALL VIVARO,7,E01012718,0,-1
2021061118783,2021,061118783,1,19,0,9,9,1,5,0,0,0,0,0,0,0,1,1,1,1,1,30,6,1598,2,2,VAUXHALL VIVARO,1,E01012480,0,-1
2021010296117,2021,010296117,2,19,0,99,99,9,9,99,99,9,9,99,9,99,9,9,6,6,1,47,8,1598,2,3,VAUXHALL VIVARO,1,E01002782,0,-1
2021010313705,2021,010313705,5,19,0,2,2,0,0,0,0,1,0,0,0,0,3,1,6,6,3,-1,-1,1598,2,5,VAUXHALL VIVARO,-1,-1,0,-1
2021231061207,2021,231061207,2,19,0,4,4,6,2,0,0,0,0,0,0,0,2,1,5,6,1,60,9,1598,2,2,VAUXHALL VIVARO,5,E01028237,0,-1
2021430349528,2021,430349528,1,19,0,18,19,4,8,0,0,0,0,0,0,0,1,1,2,2,1,27,6,1995,2,10,VAUXHALL VIVARO,10,E01028487,0,-1
2021010299477,2021,010299477,2,19,0,99,99,9,9,99,99,0,9,99,9,99,2,9,6,6,3,-1,-1,1870,2,16,VAUXHALL VIVARO,-1,-1,0,-1
2021131036592,2021,131036592,1,19,0,18,19,5,1,0,0,0,0,0,0,0,1,1,6,6,1,30,6,1870,2,18,VAUXHALL VIVARO,1,E01010710,0,-1
2021010291408,2021,010291408,1,19,0,9,9,2,7,0,0,2,0,0,0,0,1,1,2,2,1,57,9,1598,2,6,VAUXHALL VIVARO,2,E01001687,0,-1
2021010333178,2021,010333178,1,19,0,4,4,1,5,6,6,1,0,0,0,0,4,1,1,1,1,64,9,1870,2,16,VAUXHALL VIVARO,3,E01000644,0,-1
2021351060786,2021,351060786,1,19,0,18,19,1,5,0,0,0,0,0,0,0,1,1,2,2,2,52,8,1995,2,8,VAUXHALL VIVARO,3,E01018081,0,-1
2021161097878,2021,161097878,2,19,0,4,4,7,3,0,0,0,0,0,1,0,2,1,2,2,1,57,9,1995,2,11,VAUXHALL VIVARO,7,E01013321,0,-1
2021010305101,2021,010305101,2,19,0,99,99,9,9,99,99,9,9,99,9,99,9,9,6,6,1,40,7,1995,2,9,VAUXHALL VIVARO,2,E01000533,0,-1
2021501086042,2021,501086042,2,19,0,18,19,3,7,0,0,0,0,0,0,0,1,1,5,6,1,48,8,1598,2,5,VAUXHALL VIVARO,7,E01015198,0,-1
2021010351716,2021,010351716,1,19,0,18,19,5,1,0,0,0,0,0,0,0,4,1,6,6,1,50,8,1598,2,6,VAUXHALL VIVARO,8,E01000540,0,-1
2021010309372,2021,010309372,1,19,0,3,3,1,5,0,0,2,0,0,0,0,2,1,1,1,1,28,6,1598,2,5,VAUXHALL VIVARO,2,E01000007,0,-1
2021991082983,2021,991082983,1,19,0,18,19,7,3,0,0,0,0,0,1,0,1,1,2,2,1,42,7,1598,2,6,VAUXHALL VIVARO,5,-1,0,-1
2021010307528,2021,010307528,1,19,0,4,4,7,3,0,0,1,0,0,0,0,3,1,1,1,1,35,6,1598,2,6,VAUXHALL VIVARO,5,E01024191,0,-1
2021010336290,2021,010336290,2,19,0,99,99,9,9,99,99,9,9,99,9,99,1,9,6,6,3,-1,-1,1499,2,0,VAUXHALL VIVARO,-1,-1,0,-1
2021471046172,2021,471046172,1,19,0,-1,-1,-1,-1,-1,-1,-1,-1,-1,-1,0,-1,1,6,6,3,-1,-1,1995,2,8,VAUXHALL VIVARO,-1,-1,0,-1
2021231125153,2021,231125153,1,19,0,18,19,8,5,0,0,0,1,6,2,11,1,1,1,1,1,28,6,1499,2,1,VAUXHALL VIVARO,2,E01009575,0,-1
202131A098221,2021,31A098221,4,19,0,2,2,0,0,0,0,2,0,4,0,0,2,1,6,6,3,-1,-1,1995,2,7,VAUXHALL VIVARO,-1,-1,0,-1
2021991036319,2021,991036319,1,19,0,18,19,5,1,0,0,8,0,0,0,0,1,1,1,1,1,56,9,1995,2,11,VAUXHALL VIVARO,9,-1,0,-1
2021010337808,2021,010337808,2,19,9,99,99,9,9,99,99,0,9,99,9,99,9,9,6,6,3,-1,-1,1598,2,3,VAUXHALL VIVARO,-1,-1,0,-1
2021010305468,2021,010305468,2,9,0,9,9,5,3,0,0,1,0,0,0,0,1,1,1,1,1,22,5,1598,2,5,VAUXHALL VIVARO,2,E01033700,0,-1
2021471051898,2021,471051898,1,19,0,18,19,3,7,0,0,0,0,0,0,0,1,1,6,6,3,-1,-1,1598,2,6,VAUXHALL VIVARO,-1,-1,0,-1
2021131099284,2021,131099284,2,19,0,18,19,5,1,0,0,0,0,0,0,0,3,1,1,1,1,38,7,1598,2,5,VAUXHALL VIVARO,1,E01008084,0,-1
2021320726186,2021,320726186,2,19,0,4,4,6,2,0,0,0,0,0,0,0,2,1,1,1,1,49,8,1598,2,6,VAUXHALL VIVARO,1,E01026073,0,-1
2021211103541,2021,211103541,2,19,0,17,19,7,3,0,0,0,0,0,0,0,1,1,1,1,1,58,9,1598,2,3,VAUXHALL VIVARO,10,E01009897,0,-1
2021371059635,2021,371059635,1,19,0,18,19,5,1,0,0,1,0,0,0,0,1,1,1,1,1,21,5,1499,2,1,VAUXHALL VIVARO,5,E01026894,0,-1
2021010327915,2021,010327915,2,19,0,99,99,9,9,99,99,0,9,99,9,99,1,9,6,6,3,-1,-1,1598,2,2,VAUXHALL VIVARO,3,E01002104,0,-1
2021440189065,2021,440189065,2,19,0,2,2,0,0,0,0,0,0,0,0,0,2,1,6,6,1,29,6,1598,2,7,VAUXHALL VIVARO,6,E01022736,0,-1
2021622100075,2021,622100075,2,19,0,18,19,3,7,0,0,0,0,0,0,0,3,1,6,6,1,41,7,1997,2,2,VAUXHALL VIVARO,3,W01001875,0,-1
2021461097118,2021,461097118,3,19,0,18,19,5,3,0,0,0,0,0,0,0,1,1,5,6,1,51,8,1598,2,3,VAUXHALL VIVARO,10,E01024402,0,-1
2021070789703,2021,070789703,3,19,0,1,1,0,0,0,0,0,0,0,0,0,2,1,6,6,1,51,8,1598,2,5,VAUXHALL VIVARO,8,E01012495,0,-1
2021010338312,2021,010338312,2,19,0,9,9,2,8,0,0,0,0,0,0,0,3,1,6,6,1,58,9,1598,2,2,VAUXHALL VIVARO,7,E01024572,0,-1
2021010297185,2021,010297185,1,19,0,9,9,3,1,0,0,6,0,0,0,0,1,1,2,2,1,54,8,1995,2,13,VAUXHALL VIVARO,3,E01003583,0,-1
2021471019764,2021,471019764,1,19,0,1,1,7,3,0,0,0,0,0,0,0,2,1,1,1,1,73,10,1995,2,14,VAUXHALL VIVARO,8,E01031840,0,-1
2021440294832,2021,440294832,2,19,0,5,5,5,1,0,0,1,0,0,0,0,3,1,6,6,3,29,6,1870,2,16,VAUXHALL VIVARO,9,E01022699,0,-1
202131D036921,2021,31D036921,2,19,0,18,19,8,4,0,0,0,0,0,0,0,1,1,1,1,1,55,8,1995,2,10,VAUXHALL VIVARO,2,E01019646,0,-1
2021122100346,2021,122100346,1,19,0,17,19,1,5,0,0,0,0,0,1,4,1,1,1,1,1,51,8,1598,2,6,VAUXHALL VIVARO,9,E01010681,0,-1
2021471022596,2021,471022596,1,19,0,7,7,4,6,0,0,1,0,0,0,0,3,1,2,2,1,29,6,1598,2,3,VAUXHALL VIVARO,4,E01020957,0,-1
202106Q078912,2021,06Q078912,3,19,0,18,19,5,1,0,0,8,0,0,0,0,4,1,1,1,1,23,5,1598,2,3,VAUXHALL VIVARO,8,E01029651,0,-1
2021010322124,2021,010322124,1,19,0,9,9,7,4,0,0,6,0,0,0,0,1,1,1,1,1,30,6,1995,2,8,VAUXHALL VIVARO,-1,-1,0,-1
2021440508961,2021,440508961,2,19,0,18,19,1,4,0,0,1,0,0,0,0,1,1,1,1,1,34,6,1870,2,16,VAUXHALL VIVARO,5,E01015468,0,-1
2021552100375,2021,552100375,1,19,0,9,9,2,8,0,0,8,0,0,0,0,4,1,1,1,1,40,7,1598,2,5,VAUXHALL VIVARO,3,E01015439,0,-1
2021552101134,2021,552101134,1,19,0,18,19,3,7,0,0,0,0,0,0,0,1,1,6,6,1,33,6,1995,2,7,VAUXHALL VIVARO,3,E01015308,0,-1
2021010339521,2021,010339521,1,19,0,18,19,3,7,0,0,1,0,0,0,0,1,1,6,6,1,35,6,1870,2,16,VAUXHALL VIVARO,4,E01016512,0,-1
2021010304511,2021,010304511,1,19,0,18,19,3,7,0,0,0,0,0,0,0,0,1,2,2,1,29,6,1598,2,6,VAUXHALL VIVARO,-1,-1,0,-1
2021201133471,2021,201133471,2,19,0,9,9,6,3,0,0,5,0,0,0,0,3,1,4,7,1,56,9,1598,2,5,VAUXHALL VIVARO,10,E01010391,0,-1
2021471050546,2021,471050546,2,19,0,18,19,3,7,0,0,1,0,0,0,0,1,1,5,6,1,45,7,1598,2,6,VAUXHALL VIVARO,4,E01031469,0,-1
2021481128502,2021,481128502,1,19,0,18,19,3,7,0,0,2,0,0,0,0,4,1,1,1,1,40,7,1598,2,3,VAUXHALL VIVARO,-1,-1,0,-1
2021131037683,2021,131037683,1,19,0,9,9,7,4,0,0,5,0,0,0,0,1,1,1,1,1,32,6,1598,2,3,VAUXHALL VIVARO,1,E01011723,0,-1
2021161068093,2021,161068093,2,19,0,4,4,4,8,0,0,1,0,0,0,0,0,1,1,1,1,23,5,1870,2,17,VAUXHALL VIVARO,3,E01013192,0,-1
2021451041908,2021,451041908,2,19,0,18,19,1,1,0,0,0,0,0,0,0,1,1,6,6,1,30,6,1995,2,13,VAUXHALL VIVARO,3,E01015273,0,-1
2021302101716,2021,302101716,1,19,0,18,19,4,8,0,0,1,0,0,0,0,1,1,6,6,3,-1,-1,1870,2,15,VAUXHALL VIVARO,5,E01019456,0,-1
2021010351668,2021,010351668,1,19,0,18,19,3,7,0,0,2,0,0,0,0,1,1,1,1,1,36,7,1870,2,16,VAUXHALL VIVARO,1,E01001458,0,-1
2021531016292,2021,531016292,2,19,0,18,19,6,2,0,0,0,0,0,0,0,1,1,1,1,1,56,9,2464,2,13,VAUXHALL VIVARO,7,E01022252,0,-1
2021411080286,2021,411080286,3,19,0,4,4,1,5,0,0,0,0,0,0,0,1,1,1,1,1,29,6,1995,2,8,VAUXHALL VIVARO,4,E01000543,0,-1
2021010322203,2021,010322203,2,19,0,99,99,9,9,99,99,9,9,99,9,99,1,9,6,6,3,-1,-1,1995,2,7,VAUXHALL VIVARO,-1,-1,0,-1
2021461069298,2021,461069298,1,19,0,1,1,7,3,0,0,0,0,0,0,0,2,1,6,6,1,-1,-1,1598,2,5,VAUXHALL VIVARO,5,E01000375,0,-1
2021010330605,2021,010330605,2,19,0,9,9,2,7,0,0,1,0,0,0,0,1,1,1,1,1,42,7,1870,2,17,VAUXHALL VIVARO,-1,-1,0,-1
2021461143231,2021,461143231,2,19,0,2,2,0,0,0,0,2,0,4,0,0,2,1,6,6,3,-1,-1,1598,2,2,VAUXHALL VIVARO,-1,-1,0,-1
2021010339299,2021,010339299,1,19,0,99,99,9,9,99,99,9,9,99,9,99,1,9,6,6,1,50,8,1598,2,4,VAUXHALL VIVARO,9,E01023309,0,-1
2021010302884,2021,010302884,2,19,0,99,99,9,9,99,99,9,9,99,9,99,1,9,6,6,3,-1,-1,1499,2,1,VAUXHALL VIVARO,-1,-1,0,-1
2021401097856,2021,401097856,2,19,0,7,7,1,4,0,0,6,0,0,0,0,3,1,1,1,1,-1,-1,1598,2,5,VAUXHALL VIVARO,2,E01015794,0,-1
2021161062876,2021,161062876,1,19,0,5,5,3,1,0,0,4,0,0,0,0,1,1,1,1,1,38,7,1598,2,2,VAUXHALL VIVARO,4,E01013258,0,-1
2021141073934,2021,141073934,1,19,0,18,19,8,6,9,9,6,0,0,0,0,4,1,2,2,1,40,7,1995,2,14,VAUXHALL VIVARO,4,E01007330,0,-1
2021031103130,2021,031103130,1,19,0,4,4,3,7,0,0,2,1,0,0,0,1,1,1,1,1,27,6,1598,2,5,VAUXHALL VIVARO,8,E01019101,0,-1
2021302100264,2021,302100264,1,19,0,18,19,8,4,0,0,0,0,0,0,0,1,1,1,1,1,40,7,1598,2,6,VAUXHALL VIVARO,9,E01019839,0,-1
2021010319835,2021,010319835,1,19,0,3,3,1,5,0,0,0,0,0,0,0,2,1,1,1,1,47,8,1598,2,4,VAUXHALL VIVARO,3,E01002753,0,-1
2021010325475,2021,010325475,1,19,0,99,99,9,9,99,99,9,9,99,9,99,2,9,1,1,1,36,7,1499,2,1,VAUXHALL VIVARO,6,E01002662,0,-1
2021010332496,2021,010332496,1,19,0,7,7,5,7,0,0,6,0,0,0,0,1,1,6,6,1,68,10,1995,2,12,VAUXHALL VIVARO,8,E01002322,0,-1
202134NNC0091,2021,34NNC0091,1,19,0,18,19,3,7,0,0,0,0,0,5,7,1,1,6,6,1,41,7,1499,2,2,VAUXHALL VIVARO,4,E01025962,0,-1
2021010341227,2021,010341227,1,9,0,18,19,1,5,0,0,8,0,0,0,0,1,1,6,6,3,-1,-1,1598,2,5,VAUXHALL VIVARO,-1,-1,0,-1
2021461095108,2021,461095108,2,19,0,18,19,1,5,0,0,0,0,0,0,0,1,1,5,6,1,36,7,1598,2,6,VAUXHALL VIVARO,9,E01024409,0,-1
2021052101519,2021,052101519,2,19,0,2,2,0,0,0,0,0,0,0,0,0,3,1,6,6,1,42,7,1870,2,19,VAUXHALL VIVARO,2,E01013331,0,-1
2021430421141,2021,430421141,1,19,0,18,19,6,2,0,0,0,0,0,0,0,1,1,6,6,1,34,6,1995,2,7,VAUXHALL VIVARO,10,E01028714,0,-1
2021041031113,2021,041031113,3,19,0,4,4,5,1,0,0,0,0,0,0,0,2,2,5,6,1,66,10,1995,2,10,VAUXHALL VIVARO,6,E01025121,0,-1
2021622100848,2021,622100848,2,19,0,18,19,4,8,0,0,8,0,0,0,0,1,1,1,1,1,58,9,1598,2,6,VAUXHALL VIVARO,1,W01001788,0,-1
2021070727416,2021,070727416,2,19,0,3,3,8,4,0,0,1,0,0,0,0,3,1,2,2,1,20,4,1995,2,8,VAUXHALL VIVARO,3,E01018552,0,-1
2021041063805,2021,041063805,2,19,0,18,19,2,6,0,0,0,0,0,1,0,1,1,2,2,1,57,9,1499,2,2,VAUXHALL VIVARO,10,E01027561,0,-1
2021622100135,2021,622100135,1,19,0,5,5,2,6,0,0,6,0,0,0,0,1,1,6,6,1,40,7,1870,2,15,VAUXHALL VIVARO,1,W01000921,0,-1
2021010291876,2021,010291876,2,19,0,99,99,9,9,99,99,9,9,99,9,99,1,9,6,6,3,-1,-1,1598,2,3,VAUXHALL VIVARO,8,E01027859,0,-1
202131D166321,2021,31D166321,1,19,0,18,19,6,2,0,0,8,0,0,0,0,1,1,1,1,1,54,8,1598,2,5,VAUXHALL VIVARO,6,E01028102,0,-1
2021070632957,2021,070632957,3,19,0,3,3,5,1,0,0,1,1,0,0,0,1,1,1,1,1,21,5,1598,2,2,VAUXHALL VIVARO,-1,-1,0,-1
2021421022303,2021,421022303,3,19,4,4,4,4,8,0,0,0,0,0,0,0,2,1,1,1,1,56,9,1995,2,11,VAUXHALL VIVARO,10,E01023266,0,-1
2021161059009,2021,161059009,2,19,0,2,2,0,0,0,0,0,0,0,0,0,2,1,6,6,3,-1,-1,1499,2,1,VAUXHALL VIVARO,-1,-1,0,-1
2021411079826,2021,411079826,3,19,0,2,2,2,6,0,0,0,0,0,0,0,4,1,6,6,1,34,6,1598,2,5,VAUXHALL VIVARO,9,E01023811,0,-1
2021552100030,2021,552100030,1,19,0,9,9,7,5,0,0,6,0,0,0,0,4,1,1,1,1,50,8,1499,2,1,VAUXHALL VIVARO,5,E01023258,0,-1
2021010320545,2021,010320545,1,19,0,99,99,9,9,99,99,9,9,99,9,99,2,9,6,6,3,-1,-1,1598,2,5,VAUXHALL VIVARO,-1,-1,0,-1
2021070730356,2021,070730356,1,19,0,5,5,2,8,0,0,8,0,0,0,0,1,1,6,6,1,34,6,1598,2,6,VAUXHALL VIVARO,9,E01018529,0,-1
2021547843621,2021,547843621,1,19,0,18,19,2,6,0,0,1,0,0,0,0,1,1,6,6,1,-1,-1,1598,2,7,VAUXHALL VIVARO,-1,-1,0,-1
2021421124608,2021,421124608,1,19,0,18,19,5,1,0,0,4,0,0,0,0,1,1,1,1,1,38,7,1995,2,9,VAUXHALL VIVARO,8,E01021520,0,-1
2021421024359,2021,421024359,2,19,0,9,9,3,1,0,0,1,0,0,0,0,3,1,1,1,1,46,8,1598,2,5,VAUXHALL VIVARO,9,E01021654,0,-1
2021501067884,2021,501067884,1,19,0,9,9,5,3,0,0,6,0,0,0,0,1,1,1,1,2,46,8,1499,2,2,VAUXHALL VIVARO,8,E01015119,0,-1
2021302101896,2021,302101896,1,19,0,9,9,1,6,0,0,1,0,0,0,0,4,1,2,2,1,42,7,1995,2,10,VAUXHALL VIVARO,5,E01019837,0,-1
2021531031785,2021,531031785,1,19,0,9,9,1,5,0,0,6,0,0,0,0,1,1,1,1,1,56,9,1598,2,7,VAUXHALL VIVARO,6,E01022222,0,-1
2021231089805,2021,231089805,1,19,0,13,13,4,8,0,0,0,0,0,0,0,3,1,5,6,1,38,7,1995,2,7,VAUXHALL VIVARO,3,E01031265,0,-1
2021010344401,2021,010344401,1,19,0,9,9,1,6,0,0,6,0,0,0,0,3,1,1,1,1,53,8,1995,2,8,VAUXHALL VIVARO,6,E01003219,0,-1
2021461046875,2021,461046875,1,19,0,18,19,3,6,0,0,0,0,0,0,0,4,1,1,1,1,59,9,1995,2,10,VAUXHALL VIVARO,8,E01024761,0,-1
2021471016487,2021,471016487,1,19,0,16,19,2,4,0,0,0,2,0,1,9,1,1,1,1,1,50,8,1995,2,14,VAUXHALL VIVARO,10,E01021052,0,-1
2021101080462,2021,101080462,1,19,0,18,19,1,5,0,0,0,0,0,0,0,1,1,1,1,2,24,5,1997,2,1,VAUXHALL VIVARO,3,E01027541,0,-1
2021010313110,2021,010313110,2,19,0,18,19,3,7,0,0,0,0,0,0,0,1,1,1,1,1,20,4,1598,2,3,VAUXHALL VIVARO,3,E01000740,0,-1
2021010341809,2021,010341809,1,19,0,18,19,6,2,0,0,0,0,0,0,0,4,1,1,1,1,64,9,1598,2,6,VAUXHALL VIVARO,7,E01005819,0,-1
2021371046021,2021,371046021,2,19,0,3,3,3,7,0,0,1,0,0,0,0,3,1,1,1,1,47,8,1995,2,8,VAUXHALL VIVARO,3,E01029998,0,-1
202131B090921,2021,31B090921,1,19,0,4,4,2,6,0,0,0,0,0,0,0,2,1,1,1,1,40,7,1995,2,13,VAUXHALL VIVARO,2,E01007815,0,-1
2021361027171,2021,361027171,1,19,0,5,5,1,7,0,0,6,0,0,0,0,1,1,5,6,1,43,7,1995,2,7,VAUXHALL VIVARO,8,E01026929,0,-1
2021141021359,2021,141021359,1,19,0,18,19,8,4,0,0,2,0,0,0,0,1,1,1,1,1,52,8,1995,2,9,VAUXHALL VIVARO,1,E01007333,0,-1
2021461100137,2021,461100137,1,10,0,13,13,6,2,0,0,0,0,0,7,10,1,1,1,1,1,62,9,-1,-1,-1,VAUXHALL VIVARO,1,E01024615,0,-1
2021010302496,2021,010302496,2,19,9,99,99,9,9,99,99,9,9,99,9,99,9,9,6,6,3,-1,-1,1995,2,8,VAUXHALL VIVARO,3,E01016474,0,-1
202131C177921,2021,31C177921,1,19,0,7,7,4,6,0,0,6,0,0,0,0,3,1,1,1,1,43,7,1598,2,6,VAUXHALL VIVARO,3,E01028187,0,-1
2021622200058,2021,622200058,2,19,0,2,2,0,0,0,0,2,0,0,0,0,1,1,6,6,3,-1,-1,1995,2,9,VAUXHALL VIVARO,-1,-1,0,-1
2021170S11331,2021,170S11331,3,19,0,2,2,0,0,0,0,1,0,0,0,0,1,1,6,6,1,-1,-1,1995,2,8,VAUXHALL VIVARO,-1,-1,0,-1
2021320097816,2021,320097816,3,19,0,18,19,6,2,0,0,1,0,0,0,0,3,1,1,1,1,34,6,1598,2,3,VAUXHALL VIVARO,2,E01026108,0,-1
2021010323667,2021,010323667,1,19,0,18,19,3,7,0,0,0,0,4,0,0,1,1,6,6,1,49,8,1598,2,4,VAUXHALL VIVARO,7,E01000764,0,-1
2021161090748,2021,161090748,3,9,0,3,3,7,3,0,0,0,0,0,0,0,2,1,1,1,1,61,9,1598,2,5,VAUXHALL VIVARO,2,E01013071,0,-1
2021622100408,2021,622100408,1,19,0,9,9,6,4,0,0,8,0,0,0,0,3,1,1,1,1,26,6,1995,2,9,VAUXHALL VIVARO,4,W01000968,0,-1
2021201025838,2021,201025838,5,19,0,2,2,0,0,0,0,2,0,0,0,0,4,1,6,6,1,-1,-1,1598,2,5,VAUXHALL VIVARO,-1,-1,0,-1