collision_index,collision_year,collision_ref_no,vehicle_reference,vehicle_type,towing_and_articulation,vehicle_manoeuvre_historic,vehicle_manoeuvre,vehicle_direction_from,vehicle_direction_to,vehicle_location_restricted_lane_historic,vehicle_location_restricted_lane,junction_location,skidding_and_overturning,hit_object_in_carriageway,vehicle_leaving_carriageway,hit_object_off_carriageway,first_point_of_impact,vehicle_left_hand_drive,journey_purpose_of_driver_historic,journey_purpose_of_driver,sex_of_driver,age_of_driver,age_band_of_driver,engine_capacity_cc,propulsion_code,age_of_vehicle,generic_make_model,driver_imd_decile,lsoa_of_driver,escooter_flag,driver_distance_banding
2021131079262,2021,131079262,1,19,0,18,19,3,7,0,0,0,0,0,0,0,1,1,1,1,1,28,6,1598,2,6,VAUXHALL VIVARO,3,E01010846,0,-1
2021041101012,2021,041101012,2,19,0,18,19,1,5,0,0,1,0,0,0,0,2,1,3,7,1,30,6,1995,2,13,VAUXHALL VIVARO,7,E01025028,0,-1
2021052100015,2021,052100015,1,19,0,18,19,6,2,0,0,1,1,0,0,0,1,1,1,1,1,40,7,1499,2,2,VAUXHALL VIVARO,5,E01007042,0,-1
2021361138942,2021,361138942,1,19,0,18,19,3,7,0,0,0,0,0,0,0,1,1,6,6,1,24,5,1499,2,2,VAUXHALL VIVARO,2,E01015594,0,-1
2021010331528,2021,010331528,1,19,0,3,3,7,3,0,0,1,0,0,0,0,1,1,1,1,1,56,9,1997,2,0,VAUXHALL VIVARO,4,E01004396,0,-1
2021522102005,2021,522102005,7,19,0,18,19,6,2,0,0,0,0,0,0,0,1,1,6,6,1,25,5,1598,2,4,VAUXHALL VIVARO,1,W01001871,0,-1
2021010325429,2021,010325429,4,19,0,4,4,5,1,0,0,0,0,0,0,0,2,1,6,6,1,45,7,1598,2,5,VAUXHALL VIVARO,3,E01001338,0,-1
2021440118650,2021,440118650,2,19,0,18,19,7,3,0,0,1,0,0,0,0,2,1,1,1,1,27,6,1598,2,4,VAUXHALL VIVARO,5,E01017013,0,-1
2021430488925,2021,430488925,3,19,0,18,19,5,1,0,0,0,0,0,0,0,1,1,6,6,1,36,7,1499,2,0,VAUXHALL VIVARO,7,E01006801,0,-1
2021061121320,2021,061121320,1,19,0,18,19,5,1,0,0,1,0,0,0,0,1,1,6,6,3,30,6,1598,2,4,VAUXHALL VIVARO,-1,-1,0,-1
2021401100645,2021,401100645,1,19,0,18,19,5,1,0,0,0,0,0,0,0,2,1,1,1,1,39,7,1598,2,6,VAUXHALL VIVARO,4,E01002583,0,-1
2021520200970,2021,520200970,4,19,0,2,2,0,0,0,0,0,0,0,0,0,2,1,6,6,3,-1,-1,1995,2,9,VAUXHALL VIVARO,-1,-1,0,-1
2021010311172,2021,010311172,2,19,0,99,99,9,9,99,99,9,9,99,9,99,9,9,6,6,3,-1,-1,1598,2,7,VAUXHALL VIVARO,8,E01030732,0,-1
2021161053578,2021,161053578,1,19,0,4,4,8,4,0,0,0,0,0,0,0,2,1,1,1,1,30,6,1598,2,5,VAUXHALL VIVARO,2,E01007784,0,-1
2021440475008,2021,440475008,2,19,0,11,11,5,7,0,0,8,0,0,0,0,0,1,6,6,3,-1,-1,1499,2,1,VAUXHALL VIVARO,-1,-1,0,-1
2021010297333,2021,010297333,2,19,0,99,99,9,9,99,99,9,9,99,9,99,2,9,6,6,3,-1,-1,1995,2,12,VAUXHALL VIVARO,-1,-1,0,-1
2021451078317,2021,451078317,2,19,0,18,19,1,5,0,0,0,0,0,0,0,2,1,1,1,1,34,6,1598,2,4,VAUXHALL VIVARO,4,E01023106,0,-1
2021622100564,2021,622100564,1,19,0,1,1,4,7,0,0,0,0,0,0,0,2,1,1,1,1,33,6,1995,2,8,VAUXHALL VIVARO,3,W01001021,0,-1
2021421106123,2021,421106123,2,19,0,3,3,7,3,0,0,0,0,0,0,0,3,1,5,6,2,51,8,1499,2,0,VAUXHALL VIVARO,9,E01021526,0,-1
2021141019828,2021,141019828,4,19,0,18,19,4,8,0,0,0,0,0,0,0,1,1,1,1,1,29,6,1598,2,6,VAUXHALL VIVARO,8,E01032924,0,-1
2021201071101,2021,201071101,1,19,0,4,4,4,8,0,0,0,0,0,0,0,1,1,6,6,1,59,9,1499,2,1,VAUXHALL VIVARO,1,E01010454,0,-1
2021201142618,2021,201142618,1,19,0,6,6,8,8,0,0,0,0,0,0,0,0,1,1,1,1,-1,-1,1997,2,1,VAUXHALL VIVARO,-1,-1,0,-1
2021501164880,2021,501164880,2,19,0,2,2,0,0,0,0,0,0,0,0,0,3,1,5,6,1,31,6,1995,2,10,VAUXHALL VIVARO,1,E01015028,0,-1
2021201134786,2021,201134786,1,19,0,18,19,4,8,0,0,0,1,0,0,0,1,1,1,1,1,25,5,1598,2,3,VAUXHALL VIVARO,8,E01014147,0,-1
2021552100249,2021,552100249,1,19,0,18,19,6,2,0,0,0,0,4,7,0,1,1,1,1,1,55,8,1598,2,6,VAUXHALL VIVARO,4,E01017233,0,-1
2021010339229,2021,010339229,2,19,0,99,99,9,9,99,99,0,9,99,9,99,2,9,6,6,1,36,7,1997,2,1,VAUXHALL VIVARO,2,E01033578,0,-1
2021221020402,2021,221020402,1,19,0,2,2,0,0,0,0,0,0,0,1,9,2,1,1,1,1,46,8,1870,2,16,VAUXHALL VIVARO,1,E01022347,0,-1
2021549431821,2021,549431821,1,19,0,18,19,7,3,0,0,0,0,0,0,0,1,1,1,1,1,51,8,1499,2,1,VAUXHALL VIVARO,7,E01023159,0,-1
2021501033553,2021,501033553,2,19,0,7,7,3,5,0,0,2,0,4,0,0,1,1,1,1,1,40,7,1995,2,8,VAUXHALL VIVARO,1,E01015058,0,-1
2021371044473,2021,371044473,2,19,0,4,4,4,7,0,0,0,0,0,0,0,2,1,2,2,1,32,6,1995,2,13,VAUXHALL VIVARO,1,E01029980,0,-1
2021041053202,2021,041053202,1,19,0,18,19,7,3,0,0,0,0,11,1,0,1,1,6,6,1,26,6,1995,2,13,VAUXHALL VIVARO,1,E01025224,0,-1
2021302101138,2021,302101138,1,19,0,18,19,2,6,0,0,1,0,0,0,0,1,1,6,6,1,43,7,1598,2,4,VAUXHALL VIVARO,6,E01013476,0,-1
2021221061617,2021,221061617,1,19,0,14,14,3,7,0,0,2,0,0,0,0,4,1,2,2,1,43,7,1995,2,12,VAUXHALL VIVARO,4,E01032365,0,-1
2021131069130,2021,131069130,1,19,0,5,5,1,5,0,0,6,0,0,0,0,1,1,1,1,1,55,8,1598,2,6,VAUXHALL VIVARO,10,E01011516,0,-1
2021430033097,2021,430033097,2,19,0,1,1,3,7,0,0,0,0,0,0,0,2,1,6,6,1,-1,-1,1995,2,14,VAUXHALL VIVARO,-1,-1,0,-1
2021461025349,2021,461025349,2,19,0,18,19,7,3,0,0,0,0,0,0,0,1,1,6,6,1,46,8,1598,2,4,VAUXHALL VIVARO,4,E01024579,0,-1
2021170H10831,2021,170H10831,3,19,0,18,19,2,6,0,0,8,0,0,0,0,1,1,1,1,1,63,9,1598,2,2,VAUXHALL VIVARO,4,E01033467,0,-1
202163A011421,2021,63A011421,1,19,0,18,19,7,3,0,0,0,0,0,0,0,4,1,1,1,1,21,5,1598,2,6,VAUXHALL VIVARO,5,W01000643,0,-1
2021991126254,2021,991126254,2,19,0,9,9,5,3,0,0,1,0,0,0,0,2,1,1,1,1,28,6,1499,2,1,VAUXHALL VIVARO,2,-1,0,-1
2021440059768,2021,440059768,2,19,0,4,4,8,4,0,0,0,0,0,0,0,2,1,6,6,1,48,8,1598,2,3,VAUXHALL VIVARO,5,E01031585,0,-1
2021421063515,2021,421063515,1,19,0,5,5,5,1,0,0,1,0,0,0,0,1,1,6,6,1,40,7,1870,2,16,VAUXHALL VIVARO,4,E01021642,0,-1
2021320222485,2021,320222485,1,19,0,18,19,2,6,0,0,2,0,0,0,0,3,1,6,6,1,32,6,1870,2,18,VAUXHALL VIVARO,8,E01026065,0,-1
2021531036289,2021,531036289,1,19,0,10,10,1,3,0,0,8,0,0,0,0,3,1,1,1,1,35,6,1995,2,13,VAUXHALL VIVARO,8,E01028796,0,-1
2021471116277,2021,471116277,2,19,0,2,2,0,0,0,0,0,0,0,0,0,2,1,6,6,3,-1,-1,1598,2,3,VAUXHALL VIVARO,-1,-1,0,-1
2021141085457,2021,141085457,3,19,0,18,19,6,2,0,0,0,0,0,0,0,1,1,5,6,1,34,6,1598,2,6,VAUXHALL VIVARO,5,E01012219,0,-1
2021421077964,2021,421077964,1,19,0,5,5,5,1,0,0,2,0,0,0,0,3,1,1,1,1,27,6,1995,2,7,VAUXHALL VIVARO,5,E01021420,0,-1
2021010309274,2021,010309274,1,19,0,4,4,1,5,0,0,0,0,0,0,0,2,1,1,1,1,31,6,1598,2,3,VAUXHALL VIVARO,6,E01015821,0,-1
2021161013742,2021,161013742,1,19,0,18,19,4,8,0,0,0,0,0,0,0,2,1,1,1,1,28,6,1499,2,1,VAUXHALL VIVARO,3,E01012866,0,-1
2021471083730,2021,471083730,2,19,0,2,2,0,0,0,0,0,0,0,0,0,1,1,6,6,3,-1,-1,1598,2,3,VAUXHALL VIVARO,-1,-1,0,-1
2021302100548,2021,302100548,2,19,0,18,19,4,8,0,0,1,5,0,7,9,4,1,6,6,1,37,7,1995,2,8,VAUXHALL VIVARO,2,E01019571,0,-1
2021041114345,2021,041114345,1,19,0,17,19,1,5,0,0,1,0,0,0,0,1,1,1,1,1,46,8,1499,2,2,VAUXHALL VIVARO,3,E01025306,0,-1
2021221094474,2021,221094474,1,19,0,13,13,4,7,0,0,3,0,0,0,0,1,1,6,6,1,24,5,1598,2,6,VAUXHALL VIVARO,5,E01028979,0,-1
2021221048427,2021,221048427,4,19,0,2,2,0,0,0,0,0,0,0,0,0,3,1,5,6,1,56,9,-1,-1,-1,VAUXHALL VIVARO,2,E01032470,0,-1
2021451037443,2021,451037443,1,19,0,16,19,1,5,0,0,1,0,0,0,0,2,1,1,1,1,54,8,1598,2,5,VAUXHALL VIVARO,10,E01016245,0,-1
2021010351466,2021,010351466,3,19,0,4,4,7,3,0,0,0,0,0,0,0,2,1,2,2,1,43,7,1870,2,16,VAUXHALL VIVARO,2,E01008077,0,-1
2021622100419,2021,622100419,1,19,0,18,19,2,6,0,0,1,0,0,0,0,4,1,1,1,1,33,6,1995,2,8,VAUXHALL VIVARO,2,W01001766,0,-1
2021421084742,2021,421084742,1,10,0,18,19,5,1,0,0,0,0,0,0,0,3,1,3,7,1,52,8,-1,-1,-1,VAUXHALL VIVARO,3,E01021276,0,-1
2021461051257,2021,461051257,2,19,0,18,19,2,6,0,0,1,0,0,0,0,1,1,2,2,1,41,7,1995,2,8,VAUXHALL VIVARO,10,E01024725,0,-1
2021010313988,2021,010313988,1,19,0,5,5,0,7,0,0,5,0,0,0,0,4,1,1,1,1,50,8,1598,2,5,VAUXHALL VIVARO,3,E01003716,0,-1
2021122100385,2021,122100385,1,19,0,18,19,1,5,0,0,0,0,0,0,0,1,1,6,6,1,42,7,1598,2,6,VAUXHALL VIVARO,4,E01027906,0,-1
2021451043096,2021,451043096,1,19,0,4,4,1,1,0,0,0,0,0,0,0,2,1,1,1,1,59,9,1995,2,9,VAUXHALL VIVARO,8,E01004081,0,-1
2021070396912,2021,070396912,2,19,0,18,19,8,4,0,0,0,0,0,0,0,2,1,1,1,1,23,5,1598,2,6,VAUXHALL VIVARO,-1,-1,0,-1
2021471033776,2021,471033776,4,19,0,2,2,0,0,0,0,0,0,4,0,0,2,1,6,6,3,-1,-1,1995,2,9,VAUXHALL VIVARO,-1,-1,0,-1
2021622100418,2021,622100418,2,19,0,18,19,2,6,0,0,1,0,0,0,0,1,1,2,2,1,38,7,1598,2,4,VAUXHALL VIVARO,10,W01001843,0,-1
2021010319152,2021,010319152,2,19,0,18,19,3,7,0,0,1,0,0,0,0,4,1,6,6,1,36,7,1995,2,8,VAUXHALL VIVARO,2,E01004305,0,-1
2021141062056,2021,141062056,2,19,0,18,19,2,6,0,0,8,0,0,1,11,3,1,5,6,1,39,7,1598,2,6,VAUXHALL VIVARO,3,E01011868,0,-1
2021010343098,2021,010343098,1,19,0,99,99,9,9,99,99,9,9,99,9,99,2,9,1,1,1,32,6,1598,2,4,VAUXHALL VIVARO,7,E01023125,0,-1
2021131118823,2021,131118823,1,19,0,18,19,7,3,0,0,0,1,0,1,0,1,1,1,1,1,65,9,1499,2,1,VAUXHALL VIVARO,8,E01010572,0,-1
2021061116151,2021,061116151,1,19,0,18,19,5,1,0,0,0,0,0,0,0,1,1,2,2,1,59,9,1598,2,6,VAUXHALL VIVARO,4,E01025149,0,-1
2021070861065,2021,070861065,1,19,0,1,1,3,7,0,0,2,0,0,0,0,2,1,6,6,1,-1,-1,1598,2,4,VAUXHALL VIVARO,-1,-1,0,-1
2021430439867,2021,430439867,2,19,0,18,19,3,7,0,0,4,0,0,0,0,1,1,6,6,1,-1,-1,1995,2,11,VAUXHALL VIVARO,8,E01016302,0,-1
2021371125841,2021,371125841,1,19,0,18,19,4,8,0,0,0,0,0,0,0,1,1,1,1,1,22,5,1598,2,4,VAUXHALL VIVARO,10,E01030166,0,-1
2021430213016,2021,430213016,1,19,0,4,4,6,2,0,0,7,0,0,0,0,0,1,1,1,1,30,6,1598,2,4,VAUXHALL VIVARO,6,E01016574,0,-1
2021461035699,2021,461035699,2,19,0,2,2,0,0,0,0,0,0,0,0,0,0,1,6,6,1,-1,-1,1995,2,10,VAUXHALL VIVARO,4,E01024377,0,-1
2021010327694,2021,010327694,2,19,0,99,99,9,9,99,99,9,9,99,9,99,2,9,6,6,1,33,6,1598,2,2,VAUXHALL VIVARO,3,E01002104,0,-1
2021010320911,2021,010320911,1,19,0,3,3,7,3,0,0,8,0,0,0,0,2,1,2,2,1,55,8,1598,2,4,VAUXHALL VIVARO,6,E01015943,0,-1
2021131093156,2021,131093156,1,19,0,18,19,1,5,0,0,8,0,0,0,0,4,1,1,1,1,47,8,1997,2,1,VAUXHALL VIVARO,6,E01011517,0,-1
2021141033022,2021,141033022,6,19,0,5,5,1,1,0,0,0,0,0,0,0,0,1,6,6,3,-1,-1,1598,2,5,VAUXHALL VIVARO,-1,-1,0,-1
2021141090295,2021,141090295,1,19,0,9,9,5,3,0,0,1,0,0,0,0,3,1,2,2,1,65,9,1870,2,15,VAUXHALL VIVARO,8,E01007599,0,-1
2021421068358,2021,421068358,2,19,0,4,4,7,3,0,0,0,0,0,0,0,2,1,2,2,1,24,5,1499,2,2,VAUXHALL VIVARO,6,E01021714,0,-1
2021010296146,2021,010296146,1,19,0,18,19,7,3,0,0,0,0,0,0,0,2,1,1,1,1,53,8,1499,2,1,VAUXHALL VIVARO,9,E01021428,0,-1
2021302100122,2021,302100122,2,19,0,2,2,0,0,6,6,0,0,0,0,0,2,1,6,6,1,52,8,1598,2,2,VAUXHALL VIVARO,9,E01019412,0,-1
2021101086615,2021,101086615,1,19,0,17,19,3,7,0,0,0,2,0,7,0,1,1,1,1,1,44,7,1995,2,9,VAUXHALL VIVARO,5,-1,0,-1
2021991077557,2021,991077557,1,19,0,18,19,3,7,0,0,0,0,4,0,0,1,1,6,6,1,22,5,1499,2,2,VAUXHALL VIVARO,6,-1,0,-1
202154A164821,2021,54A164821,3,19,0,4,4,1,4,0,0,1,0,0,0,0,1,1,1,1,1,59,9,1598,2,4,VAUXHALL VIVARO,1,E01014583,0,-1
2021320600177,2021,320600177,2,19,0,2,2,0,0,0,0,0,0,0,1,0,2,1,1,1,1,21,5,1598,2,6,VAUXHALL VIVARO,4,E01026071,0,-1
2021010321663,2021,010321663,1,19,0,18,19,5,1,0,0,2,0,0,0,0,1,1,1,1,1,54,8,1598,2,4,VAUXHALL VIVARO,-1,-1,0,-1
2021991103903,2021,991103903,3,19,0,3,3,6,8,0,0,1,0,0,0,0,1,1,2,2,1,30,6,1499,2,2,VAUXHALL VIVARO,1,-1,0,-1
2021440026384,2021,440026384,1,19,0,9,9,6,4,0,0,8,1,0,0,0,4,1,2,2,1,26,6,2000,2,13,VAUXHALL VIVARO,2,E01017253,0,-1
2021201087982,2021,201087982,2,19,0,3,3,2,6,0,0,0,0,0,0,0,2,1,1,1,1,42,7,1598,2,6,VAUXHALL VIVARO,5,E01010026,0,-1
2021010348396,2021,010348396,1,19,0,99,99,9,9,99,99,0,9,99,9,99,4,9,6,6,3,-1,-1,1995,2,13,VAUXHALL VIVARO,5,E01001498,0,-1
2021010316642,2021,010316642,2,19,0,7,7,3,6,0,0,2,0,0,0,0,0,1,6,6,1,36,7,1598,2,6,VAUXHALL VIVARO,-1,-1,0,-1
2021141127331,2021,141127331,1,19,0,9,9,3,8,0,0,8,0,0,0,0,3,1,6,6,1,31,6,1995,2,10,VAUXHALL VIVARO,10,E01007933,0,-1
2021361029430,2021,361029430,3,19,0,18,19,4,7,0,0,1,0,0,0,0,0,1,5,6,1,49,8,1598,2,5,VAUXHALL VIVARO,8,E01026532,0,-1
2021461053221,2021,461053221,3,19,0,3,3,7,3,0,0,0,0,0,0,0,2,1,1,1,1,36,7,1499,2,1,VAUXHALL VIVARO,4,E01024387,0,-1
2021552101068,2021,552101068,2,19,0,4,4,3,7,0,0,0,0,0,0,0,2,1,1,1,1,41,7,1499,2,1,VAUXHALL VIVARO,-1,-1,0,-1
2021361048345,2021,361048345,2,19,0,3,3,4,8,0,0,0,0,0,0,0,2,1,1,1,1,29,6,1598,2,4,VAUXHALL VIVARO,10,E01026507,0,-1
2021221047206,2021,221047206,1,19,0,9,9,3,8,0,0,6,0,0,0,0,1,1,1,1,1,29,6,1598,2,4,VAUXHALL VIVARO,3,E01009049,0,-1
2021351072734,2021,351072734,1,19,0,8,8,2,6,0,0,1,0,0,0,0,1,1,1,1,1,20,4,1598,2,3,VAUXHALL VIVARO,6,E01030087,0,-1
2021061097543,2021,061097543,1,19,0,18,19,6,2,5,5,0,0,0,0,0,1,1,6,6,3,30,6,1598,2,6,VAUXHALL VIVARO,-1,-1,0,-1
2021543303721,2021,543303721,2,19,0,3,3,8,4,0,0,1,0,0,0,0,2,1,1,1,1,56,9,1499,2,2,VAUXHALL VIVARO,8,E01032704,0,-1
2021010316892,2021,010316892,1,19,0,9,9,1,7,0,0,6,0,0,0,0,3,1,1,1,1,55,8,1598,2,3,VAUXHALL VIVARO,-1,-1,0,-1
2021451052420,2021,451052420,2,19,0,7,7,4,8,0,0,4,0,0,0,0,3,1,1,1,1,47,8,1499,2,0,VAUXHALL VIVARO,10,E01030473,0,-1
2021471117980,2021,471117980,1,19,0,14,14,1,5,0,0,0,0,0,0,0,1,1,1,1,1,55,8,1499,2,0,VAUXHALL VIVARO,2,E01021183,0,-1
2021471080915,2021,471080915,2,19,0,18,19,3,7,0,0,0,0,0,0,0,1,1,2,2,1,48,8,1499,2,1,VAUXHALL VIVARO,8,E01001100,0,-1
2021010325235,2021,010325235,2,19,0,99,99,9,9,99,99,0,9,99,9,99,9,9,6,6,3,-1,-1,1995,2,14,VAUXHALL VIVARO,4,E01004412,0,-1
2021471014345,2021,471014345,3,19,0,18,19,8,4,0,0,0,0,0,0,0,1,1,2,2,1,29,6,1995,2,9,VAUXHALL VIVARO,9,E01030574,0,-1
2021520102636,2021,520102636,1,19,0,18,19,1,5,0,0,8,0,0,0,0,4,1,6,6,1,32,6,1995,2,14,VAUXHALL VIVARO,3,E01029304,0,-1
2021010332332,2021,010332332,2,19,0,99,99,9,9,99,99,9,9,99,9,99,9,9,6,6,3,-1,-1,1995,2,9,VAUXHALL VIVARO,9,E01004558,0,-1
2021070830572,2021,070830572,2,19,0,17,19,5,2,0,0,3,0,0,1,2,1,1,1,1,1,34,6,1598,2,6,VAUXHALL VIVARO,-1,-1,0,-1
2021401079848,2021,401079848,2,19,0,4,4,3,7,0,0,0,0,0,0,0,2,1,1,1,1,64,9,1499,2,1,VAUXHALL VIVARO,5,E01015767,0,-1
2021411098258,2021,411098258,1,19,0,13,13,2,6,0,0,0,0,0,0,0,4,1,1,1,1,-1,-1,1995,2,7,VAUXHALL VIVARO,4,E01023955,0,-1
2021471093752,2021,471093752,2,19,0,10,10,6,3,0,0,0,0,0,0,0,1,1,1,1,1,40,7,1995,2,8,VAUXHALL VIVARO,2,E01015931,0,-1
2021010307182,2021,010307182,2,19,0,4,4,7,3,0,0,1,0,4,0,0,1,1,1,1,1,63,9,1598,2,4,VAUXHALL VIVARO,1,E01002036,0,-1
2021010352357,2021,010352357,2,19,0,99,99,9,9,99,99,9,9,99,9,99,3,9,6,6,3,-1,-1,1598,2,5,VAUXHALL VIVARO,-1,-1,0,-1
2021010308936,2021,010308936,2,19,0,99,99,9,9,99,99,0,9,99,9,99,2,9,6,6,3,-1,-1,1995,2,11,VAUXHALL VIVARO,4,E01002594,0,-1
2021061125285,2021,061125285,2,19,0,2,2,0,0,0,0,2,0,0,0,0,2,1,6,6,3,-1,-1,1499,2,0,VAUXHALL VIVARO,-1,-1,0,-1
202134WNC1721,2021,34WNC1721,2,19,0,18,19,1,5,0,0,0,0,0,0,0,1,1,2,2,1,47,8,1499,2,2,VAUXHALL VIVARO,9,E01027303,0,-1
2021211068140,2021,211068140,2,19,0,10,10,5,2,0,0,8,0,0,0,0,0,1,1,1,1,29,6,1598,2,2,VAUXHALL VIVARO,4,E01029541,0,-1
2021440212116,2021,440212116,1,19,0,4,4,7,3,0,0,0,0,0,0,0,2,1,6,6,1,23,5,1499,2,2,VAUXHALL VIVARO,10,E01022752,0,-1
2021101103583,2021,101103583,2,19,0,18,19,4,8,0,0,8,0,0,0,0,1,1,1,1,1,62,9,1598,2,5,VAUXHALL VIVARO,5,E01027384,0,-1
2021010343210,2021,010343210,2,19,0,99,99,9,9,99,99,9,9,99,9,99,9,9,6,6,3,-1,-1,1598,2,4,VAUXHALL VIVARO,-1,-1,0,-1
2021302100536,2021,302100536,2,19,0,9,9,4,2,0,0,2,0,0,0,0,1,1,2,2,1,27,6,1995,2,8,VAUXHALL VIVARO,9,E01019684,0,-1
2021302102137,2021,302102137,1,19,0,18,19,3,7,0,0,0,0,0,1,0,4,1,6,6,1,48,8,1598,2,2,VAUXHALL VIVARO,2,E01019579,0,-1
2021361030339,2021,361030339,3,19,0,18,19,8,3,0,0,0,0,0,0,0,-1,1,2,2,1,33,6,1598,2,5,VAUXHALL VIVARO,7,E01026810,0,-1
2021552100096,2021,552100096,1,19,0,13,13,4,8,0,0,0,0,0,7,0,3,1,1,1,1,69,10,1995,2,8,VAUXHALL VIVARO,10,E01014384,0,-1
2021101026290,2021,101026290,1,19,0,1,1,2,6,0,0,1,0,0,0,0,2,1,1,1,1,42,7,1499,2,1,VAUXHALL VIVARO,6,E01027483,0,-1
2021010317008,2021,010317008,1,19,0,2,2,0,0,6,6,2,0,0,0,0,2,1,6,6,3,-1,-1,1995,2,10,VAUXHALL VIVARO,-1,-1,0,-1
2021201092447,2021,201092447,2,19,0,18,19,1,5,0,0,1,0,0,0,0,1,1,6,6,1,-1,-1,1598,2,2,VAUXHALL VIVARO,-1,-1,0,-1
2021010329412,2021,010329412,1,19,0,18,19,1,5,0,0,1,0,0,0,0,1,1,1,1,1,52,8,1870,2,15,VAUXHALL VIVARO,9,E01002967,0,-1
2021061099985,2021,061099985,1,19,0,18,19,7,3,0,0,0,0,0,0,0,1,1,2,2,1,28,6,1995,2,8,VAUXHALL VIVARO,1,E01006698,0,-1
2021421094813,2021,421094813,2,19,0,2,2,1,1,0,0,0,0,0,0,0,2,1,6,6,3,-1,-1,1598,2,6,VAUXHALL VIVARO,-1,-1,0,-1
2021461127129,2021,461127129,1,19,0,18,19,7,3,0,0,0,2,0,0,0,0,1,5,6,1,52,8,1995,2,8,VAUXHALL VIVARO,9,E01000765,0,-1
2021501128384,2021,501128384,1,19,0,18,19,6,2,0,0,0,0,0,0,0,4,1,5,6,1,45,7,1598,2,6,VAUXHALL VIVARO,6,E01020241,0,-1
2021010331582,2021,010331582,1,19,0,5,5,3,7,0,0,1,0,0,0,0,4,1,2,2,1,56,9,1499,2,1,VAUXHALL VIVARO,6,E01001741,0,-1
2021201023804,2021,201023804,2,19,0,18,19,2,6,0,0,6,0,0,0,0,3,1,1,1,1,47,8,1598,2,4,VAUXHALL VIVARO,10,E01009780,0,-1
2021471101489,2021,471101489,2,19,0,7,7,8,2,0,0,8,0,0,1,0,4,1,1,1,1,46,8,1598,2,1,VAUXHALL VIVARO,-1,-1,0,-1
2021052101293,2021,052101293,4,19,0,2,2,0,0,0,0,0,0,0,0,0,2,1,6,6,3,-1,-1,1995,2,8,VAUXHALL VIVARO,-1,-1,0,-1
2021320715879,2021,320715879,1,19,0,13,13,8,4,0,0,0,0,0,0,0,1,1,2,2,1,30,6,1598,2,4,VAUXHALL VIVARO,7,E01026202,0,-1
2021421072075,2021,421072075,1,19,0,18,19,7,3,0,0,0,0,0,0,0,1,1,1,1,1,31,6,1598,2,3,VAUXHALL VIVARO,3,E01029968,0,-1
2021501030108,2021,501030108,1,19,0,18,19,1,5,9,9,0,0,0,0,0,1,1,3,7,1,49,8,1995,2,14,VAUXHALL VIVARO,3,E01018893,0,-1
2021421026096,2021,421026096,1,19,0,18,19,1,4,0,0,2,0,0,0,0,1,1,5,6,1,54,8,1870,2,16,VAUXHALL VIVARO,9,E01021543,0,-1
2021141063340,2021,141063340,2,19,0,18,19,7,3,0,0,0,1,0,7,2,3,1,5,6,1,61,9,1870,2,15,VAUXHALL VIVARO,10,E01007954,0,-1
2021070291587,2021,070291587,1,19,0,16,19,7,3,0,0,0,1,0,1,11,4,1,1,1,1,53,8,1995,2,11,VAUXHALL VIVARO,2,E01018716,0,-1
2021552101220,2021,552101220,1,19,4,18,19,6,2,0,0,0,0,0,0,0,1,1,6,6,1,52,8,1995,2,8,VAUXHALL VIVARO,8,E01022984,0,-1
2021501116755,2021,501116755,1,19,0,17,19,1,5,0,0,1,0,10,1,4,1,1,1,1,1,31,6,1499,2,1,VAUXHALL VIVARO,1,E01015231,0,-1
202134NNC0301,2021,34NNC0301,1,19,0,18,19,7,3,0,0,8,0,0,0,0,1,1,6,6,1,26,6,1995,2,13,VAUXHALL VIVARO,3,E01026984,0,-1
2021371086065,2021,371086065,1,19,0,18,19,1,3,0,0,0,0,0,0,0,1,1,5,6,1,52,8,1995,2,8,VAUXHALL VIVARO,3,E01022007,0,-1
2021010305745,2021,010305745,2,19,0,99,99,9,9,99,99,9,9,99,9,99,1,9,6,6,3,-1,-1,1995,2,11,VAUXHALL VIVARO,-1,-1,0,-1
2021010293447,2021,010293447,1,19,0,18,19,7,3,0,0,0,0,0,0,0,2,1,1,1,1,41,7,2000,2,13,VAUXHALL VIVARO,4,E01002611,0,-1
2021201115789,2021,201115789,1,19,0,3,3,8,4,0,0,0,0,0,0,0,2,1,1,1,1,32,6,1598,2,5,VAUXHALL VIVARO,5,E01009248,0,-1
2021131059006,2021,131059006,1,19,0,13,13,1,5,0,0,1,0,0,0,0,4,1,6,6,3,-1,-1,1598,2,6,VAUXHALL VIVARO,-1,-1,0,-1
2021201023562,2021,201023562,1,19,0,9,9,2,7,0,0,5,0,0,0,0,1,1,1,1,1,53,8,1499,2,1,VAUXHALL VIVARO,9,E01031268,0,-1
2021501036688,2021,501036688,1,19,0,7,7,3,7,0,0,0,0,0,0,0,1,1,6,6,1,49,8,1499,2,1,VAUXHALL VIVARO,6,E01015252,0,-1
2021201118413,2021,201118413,2,19,0,9,9,1,7,0,0,1,0,0,0,0,1,1,6,6,1,-1,-1,1997,2,0,VAUXHALL VIVARO,-1,-1,0,-1
202131D063121,2021,31D063121,2,19,0,18,19,4,8,0,0,8,5,0,0,0,1,1,6,6,1,45,7,1598,2,7,VAUXHALL VIVARO,8,E01028177,0,-1