collision_index,collision_year,collision_ref_no,vehicle_reference,vehicle_type,towing_and_articulation,vehicle_manoeuvre_historic,vehicle_manoeuvre,vehicle_direction_from,vehicle_direction_to,vehicle_location_restricted_lane_historic,vehicle_location_restricted_lane,junction_location,skidding_and_overturning,hit_object_in_carriageway,vehicle_leaving_carriageway,hit_object_off_carriageway,first_point_of_impact,vehicle_left_hand_drive,journey_purpose_of_driver_historic,journey_purpose_of_driver,sex_of_driver,age_of_driver,age_band_of_driver,engine_capacity_cc,propulsion_code,age_of_vehicle,generic_make_model,driver_imd_decile,lsoa_of_driver,escooter_flag,driver_distance_banding
2021361045596,2021,361045596,4,19,0,4,4,5,1,0,0,1,0,0,0,0,2,1,1,1,1,45,7,1598,2,7,VAUXHALL VIVARO,2,E01026614,0,-1
2021471042678,2021,471042678,2,19,0,18,19,1,5,0,0,0,0,0,4,4,1,2,1,1,1,45,7,1598,2,3,VAUXHALL VIVARO,3,E01031548,0,-1
2021010290952,2021,010290952,1,19,0,99,99,9,9,99,99,9,9,99,9,99,2,9,6,6,1,22,5,1598,2,4,VAUXHALL VIVARO,6,E01000192,0,-1
2021501021685,2021,501021685,1,19,0,5,5,7,3,0,0,4,0,0,0,0,1,1,6,6,1,48,8,1870,2,17,VAUXHALL VIVARO,5,E01018837,0,-1
2021991032704,2021,991032704,2,9,0,5,5,7,8,9,9,0,0,0,0,0,1,1,1,1,2,63,9,1995,2,9,VAUXHALL VIVARO,-1,-1,0,-1
2021031056071,2021,031056071,3,19,0,16,19,5,1,0,0,0,0,0,0,0,3,1,1,1,1,54,8,1995,2,7,VAUXHALL VIVARO,7,E01019129,0,-1
2021501134719,2021,501134719,1,19,0,18,19,7,3,0,0,1,0,0,0,0,1,1,6,6,1,53,8,1995,2,12,VAUXHALL VIVARO,3,E01015095,0,-1
2021991026588,2021,991026588,2,19,0,18,19,3,7,0,0,2,0,0,0,0,4,1,1,1,2,19,4,1598,2,3,VAUXHALL VIVARO,1,-1,0,-1
2021421083289,2021,421083289,1,19,0,18,19,3,7,0,0,0,0,0,0,0,1,1,6,6,1,33,6,1598,2,6,VAUXHALL VIVARO,10,E01021929,0,-1
2021101021410,2021,101021410,2,19,-1,2,2,0,0,0,0,1,0,0,0,0,4,1,1,1,1,53,8,1598,2,5,VAUXHALL VIVARO,5,E01008499,0,-1
2021451095570,2021,451095570,2,19,0,18,19,5,1,0,0,0,0,0,0,0,3,1,2,2,1,66,10,1995,2,7,VAUXHALL VIVARO,7,E01032717,0,-1
2021552100968,2021,552100968,1,19,0,18,19,1,5,0,0,4,0,0,0,0,4,1,6,6,1,56,9,1598,2,5,VAUXHALL VIVARO,3,E01015273,0,-1
2021991031734,2021,991031734,1,19,0,9,9,8,6,0,0,1,0,0,0,0,1,1,6,6,1,24,5,1997,2,1,VAUXHALL VIVARO,8,-1,0,-1
2021010291466,2021,010291466,1,19,0,99,99,9,9,99,99,1,9,99,9,99,1,1,6,6,1,-1,-1,1870,2,17,VAUXHALL VIVARO,-1,-1,0,-1
2021052100244,2021,052100244,1,19,0,13,13,3,7,0,0,0,0,0,0,0,4,1,6,6,1,31,6,1598,2,6,VAUXHALL VIVARO,4,E01006998,0,-1
2021451024423,2021,451024423,2,19,0,18,19,1,6,0,0,0,0,0,0,0,1,1,5,6,1,27,6,1995,2,14,VAUXHALL VIVARO,10,E01030331,0,-1
2021010292841,2021,010292841,1,19,0,18,19,7,3,0,0,1,0,0,0,0,4,1,1,1,1,30,6,1598,2,5,VAUXHALL VIVARO,7,E01001534,0,-1
2021430296029,2021,430296029,1,19,0,18,19,6,2,0,0,1,0,0,0,0,1,1,6,6,1,25,5,1499,2,2,VAUXHALL VIVARO,-1,-1,0,-1
2021161097859,2021,161097859,1,19,0,4,4,7,3,0,0,0,0,0,0,0,2,1,5,6,1,32,6,1499,2,1,VAUXHALL VIVARO,8,E01013037,0,-1
2021501114603,2021,501114603,1,19,0,18,19,2,6,0,0,1,0,0,0,0,1,1,1,1,1,21,5,1870,2,16,VAUXHALL VIVARO,7,E01020403,0,-1
202134NNC0301,2021,34NNC0301,2,19,0,10,10,7,5,0,0,8,0,0,0,0,2,1,1,1,1,27,6,1598,2,2,VAUXHALL VIVARO,-1,-1,0,-1
2021231056824,2021,231056824,2,19,0,18,19,8,4,0,0,0,1,0,1,7,3,1,5,6,1,59,9,1598,2,2,VAUXHALL VIVARO,7,E01025365,0,-1
2021052101647,2021,052101647,1,19,0,4,4,1,5,0,0,0,0,0,0,0,1,1,2,2,1,57,9,1598,2,6,VAUXHALL VIVARO,4,E01006982,0,-1
2021122100646,2021,122100646,2,19,0,3,3,1,5,0,0,1,0,0,0,0,1,1,6,6,1,47,8,1995,2,14,VAUXHALL VIVARO,6,E01027868,0,-1
2021501069924,2021,501069924,1,19,0,1,1,7,3,0,0,0,0,0,0,0,2,1,6,6,1,21,5,1499,2,0,VAUXHALL VIVARO,6,E01020154,0,-1
202134WNC7341,2021,34WNC7341,1,19,0,18,19,5,1,0,0,0,0,0,0,0,1,1,6,6,1,65,9,1997,2,0,VAUXHALL VIVARO,9,E01032985,0,-1
2021141085469,2021,141085469,1,19,0,18,19,1,5,0,0,8,0,0,7,10,4,1,1,1,1,25,5,1870,2,15,VAUXHALL VIVARO,2,E01008158,0,-1
2021461050446,2021,461050446,4,19,0,18,19,1,5,0,0,0,1,0,0,0,1,1,1,1,1,37,7,1499,2,2,VAUXHALL VIVARO,4,E01021266,0,-1
2021052102306,2021,052102306,1,8,0,18,19,3,7,0,0,0,0,0,0,0,2,1,1,1,1,66,10,1598,2,6,-1,3,W01000287,0,-1
2021161082751,2021,161082751,1,19,0,17,19,6,2,0,0,0,1,0,7,0,1,1,1,1,1,56,9,1997,2,0,VAUXHALL VIVARO,-1,-1,0,-1
2021501128903,2021,501128903,2,19,0,18,19,1,5,0,0,0,1,0,0,0,1,1,2,2,1,37,7,1995,2,14,VAUXHALL VIVARO,4,E01014567,0,-1
2021461094387,2021,461094387,1,19,0,4,4,7,3,0,0,0,0,0,0,0,1,1,5,6,1,41,7,1870,2,15,VAUXHALL VIVARO,5,E01024191,0,-1
2021501068701,2021,501068701,1,19,0,18,19,5,1,0,0,6,0,0,0,0,1,1,5,6,1,40,7,1995,2,8,VAUXHALL VIVARO,6,E01019023,0,-1
2021622200037,2021,622200037,1,19,0,18,19,2,5,0,0,3,0,0,0,0,1,1,1,1,1,32,6,1598,2,4,VAUXHALL VIVARO,5,W01001291,0,-1
2021141075979,2021,141075979,1,19,0,18,19,1,5,0,0,8,0,0,0,0,3,1,2,2,1,39,7,1870,2,18,VAUXHALL VIVARO,2,E01007767,0,-1
2021421022280,2021,421022280,1,19,0,18,19,7,3,0,0,0,0,0,0,0,2,1,1,1,1,50,8,1499,2,1,VAUXHALL VIVARO,8,E01015833,0,-1
2021231098489,2021,231098489,1,19,0,18,19,6,2,0,0,0,0,0,0,0,2,1,2,2,1,53,8,1995,2,13,VAUXHALL VIVARO,1,E01011977,0,-1
2021552100452,2021,552100452,1,19,0,18,19,6,2,0,0,8,0,0,0,0,1,1,2,2,1,34,6,1870,2,17,VAUXHALL VIVARO,2,E01020553,0,-1
2021010316393,2021,010316393,1,19,0,7,7,5,7,0,0,8,0,0,0,0,4,1,2,2,1,46,8,1499,2,2,VAUXHALL VIVARO,4,E01003186,0,-1
202131C015121,2021,31C015121,1,19,0,7,7,4,5,0,0,6,0,0,0,0,0,1,6,6,1,36,7,1995,2,13,VAUXHALL VIVARO,1,E01013866,0,-1
2021471075647,2021,471075647,2,19,0,2,2,0,0,9,9,1,0,0,0,0,3,1,6,6,3,-1,-1,1995,2,7,VAUXHALL VIVARO,-1,-1,0,-1
2021061023867,2021,061023867,2,19,0,13,13,7,5,0,0,3,0,0,0,0,1,1,6,6,1,21,5,1499,2,2,VAUXHALL VIVARO,1,E01005317,0,-1
2021302102088,2021,302102088,1,19,0,14,14,2,6,0,0,0,1,0,0,0,3,1,6,6,1,59,9,1995,2,7,VAUXHALL VIVARO,2,E01028101,0,-1
2021461052729,2021,461052729,1,19,0,4,4,4,8,0,0,1,1,0,0,0,1,1,2,2,1,41,7,1598,2,6,VAUXHALL VIVARO,5,E01024640,0,-1
202163D007621,2021,63D007621,2,19,0,4,4,1,3,0,0,8,0,0,0,0,3,1,6,6,1,57,9,1995,2,9,VAUXHALL VIVARO,2,E01028906,0,-1
2021170L11391,2021,170L11391,1,19,0,16,19,1,4,0,0,0,0,0,0,0,4,1,1,1,1,25,5,1598,2,7,VAUXHALL VIVARO,2,E01012132,0,-1
2021552101297,2021,552101297,1,19,0,18,19,6,1,0,0,0,0,0,0,0,1,1,2,2,1,31,6,1995,2,11,VAUXHALL VIVARO,5,E01020469,0,-1
2021361110627,2021,361110627,1,19,0,5,5,4,2,0,0,1,0,0,0,0,1,1,6,6,1,70,10,1995,2,7,VAUXHALL VIVARO,4,E01026660,0,-1
2021421127550,2021,421127550,2,19,0,9,9,1,6,0,0,2,0,0,0,0,4,1,5,6,1,61,9,1598,2,2,VAUXHALL VIVARO,1,E01021970,0,-1
2021122100971,2021,122100971,1,19,0,2,2,0,0,0,0,2,0,0,0,0,3,1,1,1,1,48,8,1995,2,9,VAUXHALL VIVARO,9,E01032546,0,-1
2021010309399,2021,010309399,1,19,0,4,4,7,3,0,0,1,0,0,0,0,1,1,6,6,1,29,6,1995,2,9,VAUXHALL VIVARO,2,E01000429,0,-1
2021131115117,2021,131115117,2,19,0,-1,-1,-1,-1,-1,-1,-1,-1,-1,-1,-1,4,1,5,6,1,45,7,1598,2,4,VAUXHALL VIVARO,2,E01010778,0,-1
2021991117742,2021,991117742,1,9,0,18,19,2,7,0,0,8,0,0,1,10,1,1,1,1,1,77,11,1598,2,5,VAUXHALL VIVARO,7,-1,0,-1
202163B005122,2021,63B005122,1,19,0,1,1,4,2,0,0,6,0,0,0,0,2,1,6,6,1,48,8,1995,2,9,VAUXHALL VIVARO,10,W01001936,0,-1
2021052102085,2021,052102085,3,19,0,3,3,3,7,0,0,1,0,4,0,0,2,1,6,6,1,22,5,1499,2,1,VAUXHALL VIVARO,4,E01006543,0,-1
2021041089723,2021,041089723,1,19,0,9,9,5,3,0,0,5,0,0,0,0,1,1,2,2,1,53,8,1598,2,6,VAUXHALL VIVARO,-1,-1,0,-1
2021031046452,2021,031046452,1,19,0,4,4,1,5,0,0,1,0,0,0,0,2,1,6,6,1,60,9,1598,2,2,VAUXHALL VIVARO,5,E01019380,0,-1
2021440480835,2021,440480835,1,19,0,18,19,6,2,0,0,0,0,0,0,0,1,1,6,6,1,-1,-1,1598,2,4,VAUXHALL VIVARO,-1,-1,0,-1
2021221106766,2021,221106766,2,19,0,2,2,0,0,0,0,8,0,0,0,0,1,1,1,1,2,26,6,1598,2,7,VAUXHALL VIVARO,-1,-1,0,-1
2021201064509,2021,201064509,4,19,0,2,2,0,0,9,9,1,0,0,0,0,4,1,5,6,1,-1,-1,1995,2,9,VAUXHALL VIVARO,-1,-1,0,-1
2021010340445,2021,010340445,2,19,0,99,99,9,9,99,99,9,9,99,9,99,9,9,6,6,3,21,5,1499,2,0,VAUXHALL VIVARO,-1,-1,0,-1
2021451104329,2021,451104329,2,19,0,18,19,7,3,0,0,0,0,0,0,0,2,1,5,6,1,54,8,1995,2,12,VAUXHALL VIVARO,2,E01022655,0,-1
2021141063363,2021,141063363,3,19,0,4,4,1,5,0,0,0,0,0,0,0,1,1,1,1,1,54,8,1997,2,1,VAUXHALL VIVARO,1,E01007913,0,-1
2021141034875,2021,141034875,2,19,0,18,19,1,5,0,0,1,1,0,1,0,1,1,1,1,1,48,8,1598,2,5,VAUXHALL VIVARO,3,E01007487,0,-1
2021440371233,2021,440371233,1,19,0,11,11,3,7,0,0,0,0,0,1,7,4,1,1,1,1,61,9,1499,2,1,VAUXHALL VIVARO,1,E01017207,0,-1
2021421041890,2021,421041890,1,19,0,18,19,5,1,0,0,0,0,0,0,0,1,1,1,1,1,36,7,1598,2,5,VAUXHALL VIVARO,6,E01021380,0,-1
2021471028672,2021,471028672,1,19,0,9,9,6,6,0,0,1,0,0,0,0,4,1,6,6,1,65,9,1598,2,6,VAUXHALL VIVARO,6,E01031362,0,-1
202163A006421,2021,63A006421,1,19,0,5,5,5,2,0,0,0,0,0,0,0,4,1,6,6,1,20,4,1995,2,13,VAUXHALL VIVARO,4,W01000636,0,-1
2021211148180,2021,211148180,2,19,-1,-1,-1,1,6,-1,-1,-1,-1,-1,-1,0,4,1,1,1,1,35,6,1995,2,14,VAUXHALL VIVARO,4,E01014259,0,-1
2021471037338,2021,471037338,1,19,0,1,1,6,2,9,9,6,0,0,0,0,2,1,2,2,1,27,6,1995,2,7,VAUXHALL VIVARO,8,E01016981,0,-1
2021471125572,2021,471125572,1,8,0,18,19,6,2,0,0,0,0,0,0,0,4,1,1,1,1,51,8,1598,2,4,VAUXHALL VIVARO,7,E01024805,0,-1
2021552101215,2021,552101215,2,19,0,18,19,7,2,0,0,4,0,0,0,0,2,1,6,6,1,28,6,1870,2,15,VAUXHALL VIVARO,8,E01015332,0,-1
2021991070166,2021,991070166,4,19,0,18,19,1,5,0,0,0,0,0,0,0,2,1,1,1,1,23,5,1598,2,6,VAUXHALL VIVARO,10,-1,0,-1
2021991104424,2021,991104424,1,19,0,1,1,1,5,0,0,1,0,0,0,0,2,1,1,1,1,51,8,1499,2,2,VAUXHALL VIVARO,4,-1,0,-1
2021440194719,2021,440194719,1,19,0,18,19,5,1,0,0,0,0,0,0,0,3,1,2,2,1,36,7,1499,2,2,VAUXHALL VIVARO,10,E01023073,0,-1
2021461013980,2021,461013980,2,19,0,18,19,1,2,0,0,0,0,0,0,0,2,1,2,2,1,22,5,1499,2,2,VAUXHALL VIVARO,8,E01016121,0,-1
2021451027994,2021,451027994,1,19,0,18,19,3,7,0,0,1,0,0,0,0,3,1,6,6,1,51,8,1499,2,1,VAUXHALL VIVARO,5,E01030572,0,-1
2021010290935,2021,010290935,2,19,0,18,19,3,7,0,0,1,0,0,0,0,1,1,2,2,1,28,6,1995,2,9,VAUXHALL VIVARO,4,E01002247,0,-1
2021622100977,2021,622100977,2,20,0,3,3,1,5,0,0,1,0,0,0,0,2,1,6,6,1,47,8,-1,-1,-1,VAUXHALL VIVARO,2,W01001020,0,-1
2021052101735,2021,052101735,2,19,0,18,19,4,8,0,0,0,0,0,0,0,2,1,1,1,1,21,5,1598,2,4,VAUXHALL VIVARO,9,-1,0,-1
2021061081373,2021,061081373,1,19,0,18,19,2,6,0,0,0,0,0,0,0,1,1,6,6,1,42,7,1995,2,13,VAUXHALL VIVARO,1,E01006248,0,-1
2021361052140,2021,361052140,2,19,0,3,3,5,1,0,0,0,0,0,0,0,2,1,1,1,1,66,10,1598,2,5,VAUXHALL VIVARO,6,E01026553,0,-1
2021122101143,2021,122101143,1,19,0,3,3,3,6,0,0,1,0,0,0,0,2,1,2,2,1,33,6,1995,2,7,VAUXHALL VIVARO,5,E01010795,0,-1
2021549731721,2021,549731721,5,19,0,2,2,0,0,0,0,0,0,0,0,0,0,1,6,6,1,53,8,1995,2,10,VAUXHALL VIVARO,8,E01015472,0,-1
2021430062579,2021,430062579,2,19,0,18,19,6,2,0,0,0,0,0,0,0,1,1,1,1,2,25,5,1598,2,3,VAUXHALL VIVARO,4,E01016347,0,-1
2021010301689,2021,010301689,2,19,0,10,10,1,6,0,0,5,0,0,0,0,2,1,1,1,1,29,6,1598,2,7,VAUXHALL VIVARO,8,E01030302,0,-1
2021471081504,2021,471081504,1,19,0,13,13,5,1,0,0,0,0,0,0,0,4,1,6,6,1,49,8,1870,2,16,VAUXHALL VIVARO,8,E01021176,0,-1
2021010350279,2021,010350279,1,19,0,6,6,3,3,0,0,1,0,0,0,0,4,1,1,1,1,39,7,1598,2,3,VAUXHALL VIVARO,5,E01001381,0,-1
2021010307009,2021,010307009,1,19,0,5,5,6,2,0,0,0,0,0,0,0,1,1,1,1,1,30,6,1598,2,5,VAUXHALL VIVARO,3,E01016005,0,-1
2021461052082,2021,461052082,1,19,0,18,19,7,3,0,0,0,0,0,0,0,1,1,6,6,1,-1,-1,1598,2,6,VAUXHALL VIVARO,3,E01000009,0,-1
2021411113664,2021,411113664,1,19,0,4,4,8,4,0,0,1,0,0,0,0,1,1,1,1,1,42,7,1598,2,6,VAUXHALL VIVARO,9,E01023896,0,-1
2021010339041,2021,010339041,1,19,0,5,5,2,6,0,0,8,0,0,0,0,2,1,1,1,2,47,8,1499,2,1,VAUXHALL VIVARO,5,E01004475,0,-1
2021471094150,2021,471094150,1,19,0,18,19,5,1,0,0,0,0,0,0,0,4,1,1,1,1,57,9,1995,2,8,VAUXHALL VIVARO,4,E01031836,0,-1
2021461082618,2021,461082618,1,19,0,10,10,3,7,0,0,1,0,0,0,0,1,1,5,6,1,54,8,1995,2,9,VAUXHALL VIVARO,7,E01016166,0,-1
2021101125569,2021,101125569,1,19,-1,16,19,3,7,0,0,0,0,4,1,0,1,1,1,1,1,39,7,1598,2,6,VAUXHALL VIVARO,3,E01019135,0,-1
2021070322443,2021,070322443,3,19,0,2,2,0,0,0,0,0,0,0,0,0,3,1,6,6,3,-1,-1,1995,2,9,VAUXHALL VIVARO,-1,-1,0,-1
2021471082857,2021,471082857,1,19,0,2,2,0,0,0,0,0,0,0,0,0,4,1,6,6,1,31,6,1870,2,17,VAUXHALL VIVARO,10,E01031805,0,-1
2021461046763,2021,461046763,2,19,0,17,19,7,3,0,0,0,0,0,0,0,1,1,1,1,1,25,5,1598,2,6,VAUXHALL VIVARO,4,E01024624,0,-1
2021421013148,2021,421013148,2,19,0,3,3,3,7,0,0,0,0,0,0,0,2,1,1,1,1,39,7,1995,2,10,VAUXHALL VIVARO,3,E01024166,0,-1
2021320463544,2021,320463544,1,19,0,18,19,1,5,0,0,0,0,0,0,0,4,1,1,1,1,52,8,1598,2,2,VAUXHALL VIVARO,7,E01032989,0,-1
2021440073982,2021,440073982,2,19,0,18,19,6,2,0,0,0,0,0,0,0,4,1,6,6,1,32,6,1870,2,17,VAUXHALL VIVARO,2,E01017108,0,-1
2021010317046,2021,010317046,2,19,0,14,14,5,1,0,0,0,0,4,0,0,4,1,6,6,1,35,6,1499,2,1,VAUXHALL VIVARO,5,E01003414,0,-1
2021010350406,2021,010350406,1,19,0,1,1,1,5,0,0,3,0,0,0,0,2,1,6,6,3,-1,-1,1598,2,3,VAUXHALL VIVARO,-1,-1,0,-1
2021471042949,2021,471042949,1,19,0,16,19,3,7,0,0,0,0,0,0,0,4,1,2,2,1,38,7,1995,2,13,VAUXHALL VIVARO,6,E01031452,0,-1
2021430437092,2021,430437092,1,19,0,18,19,4,8,0,0,0,0,0,0,0,1,1,6,6,1,-1,-1,1870,2,18,VAUXHALL VIVARO,-1,-1,0,-1
2021010304064,2021,010304064,1,19,0,7,7,7,1,4,4,5,0,0,0,0,4,1,1,1,1,26,6,1870,2,15,VAUXHALL VIVARO,7,E01003003,0,-1
2021061025267,2021,061025267,1,19,0,3,3,2,6,0,0,0,0,0,0,0,3,1,6,6,1,30,6,1499,2,1,VAUXHALL VIVARO,9,E01019749,0,-1
202134NNC1961,2021,34NNC1961,1,19,0,18,19,4,8,0,0,3,0,0,0,0,1,1,6,6,1,38,7,1870,2,18,VAUXHALL VIVARO,9,E01027053,0,-1
2021461059667,2021,461059667,1,19,0,5,5,7,3,0,0,6,0,0,0,0,2,1,2,2,1,73,10,1995,2,14,VAUXHALL VIVARO,8,E01021444,0,-1
2021461018239,2021,461018239,1,19,0,5,5,7,3,0,0,4,0,0,0,0,3,1,5,6,1,33,6,1995,2,7,VAUXHALL VIVARO,3,E01000403,0,-1
2021461089437,2021,461089437,1,19,0,18,19,5,1,0,0,0,0,0,0,0,1,1,5,6,1,22,5,1499,2,2,VAUXHALL VIVARO,3,E01024497,0,-1
2021010345098,2021,010345098,1,19,0,5,5,5,1,0,0,6,0,0,0,0,1,1,6,6,1,49,8,1870,2,15,VAUXHALL VIVARO,8,E01000654,0,-1
2021320696891,2021,320696891,2,8,0,18,19,6,2,0,0,8,0,4,0,0,1,1,3,7,2,51,8,1598,2,4,-1,5,E01026285,0,-1
2021010334071,2021,010334071,1,19,0,99,99,9,9,99,99,9,9,99,9,99,9,9,1,1,1,30,6,1995,2,8,VAUXHALL VIVARO,2,E01003377,0,-1
202134WNC0661,2021,34WNC0661,1,19,0,9,9,3,1,0,0,6,0,0,0,0,1,1,6,6,1,32,6,1995,2,13,VAUXHALL VIVARO,2,E01027230,0,-1
2021161045063,2021,161045063,3,19,0,18,19,2,6,0,0,0,0,0,0,0,3,1,5,6,1,41,7,1598,2,6,VAUXHALL VIVARO,10,E01013110,0,-1
2021471039382,2021,471039382,3,19,0,2,2,0,0,0,0,0,0,0,0,0,0,1,6,6,3,-1,-1,1995,2,7,VAUXHALL VIVARO,-1,-1,0,-1
2021520104283,2021,520104283,3,19,0,18,19,8,4,0,0,0,0,0,0,0,1,1,6,6,1,60,9,1995,2,8,VAUXHALL VIVARO,5,E01029101,0,-1
2021541498321,2021,541498321,3,19,0,2,2,0,0,0,0,0,0,0,0,0,3,1,6,6,1,-1,-1,1598,2,5,VAUXHALL VIVARO,-1,-1,0,-1
2021471100113,2021,471100113,1,19,0,18,19,3,7,0,0,0,0,0,0,0,1,1,1,1,1,26,6,1499,2,2,VAUXHALL VIVARO,1,E01020995,0,-1
2021101041332,2021,101041332,2,19,0,9,9,1,7,0,0,8,0,0,0,0,3,1,5,6,1,51,8,1870,2,16,VAUXHALL VIVARO,8,E01012365,0,-1
2021451104303,2021,451104303,1,19,0,18,19,8,4,0,0,1,0,0,0,0,1,1,1,1,1,48,8,1499,2,1,VAUXHALL VIVARO,8,E01030994,0,-1
2021231073538,2021,231073538,2,19,0,18,19,1,5,0,0,8,5,0,0,0,3,1,1,1,1,33,6,1598,2,2,VAUXHALL VIVARO,1,E01008976,0,-1
2021010351668,2021,010351668,2,19,0,4,4,3,7,0,0,2,0,0,0,0,1,1,1,1,1,27,6,1598,2,4,VAUXHALL VIVARO,2,E01002076,0,-1
2021010314218,2021,010314218,2,19,0,99,99,9,9,99,99,9,9,99,9,99,9,9,6,6,3,45,7,1598,2,4,VAUXHALL VIVARO,5,E01002183,0,-1
2021451083762,2021,451083762,4,19,0,18,19,6,2,0,0,1,0,0,0,0,3,1,1,1,1,59,9,1598,2,4,VAUXHALL VIVARO,10,E01016208,0,-1
2021991105002,2021,991105002,2,19,0,10,10,2,8,0,0,1,0,0,0,0,3,1,1,1,1,30,6,1598,2,4,VAUXHALL VIVARO,6,-1,0,-1
2021440347645,2021,440347645,1,19,0,4,4,5,1,0,0,1,0,0,0,0,4,1,1,1,1,53,8,1995,2,8,VAUXHALL VIVARO,10,E01022972,0,-1
2021991105123,2021,991105123,1,19,0,9,9,5,3,0,0,2,0,0,0,0,1,1,1,1,1,58,9,1997,2,1,VAUXHALL VIVARO,4,-1,0,-1
2021547149621,2021,547149621,2,19,0,18,19,1,5,0,0,0,0,0,0,0,1,1,6,6,1,45,7,1995,2,7,VAUXHALL VIVARO,5,E01031952,0,-1
2021371051495,2021,371051495,2,19,0,11,11,5,1,0,0,0,0,0,0,0,1,1,1,1,1,26,6,1995,2,13,VAUXHALL VIVARO,10,E01030205,0,-1
2021471059629,2021,471059629,2,19,0,18,19,7,3,0,0,0,0,0,0,0,1,1,2,2,1,63,9,1598,2,5,VAUXHALL VIVARO,2,E01020925,0,-1
2021161021728,2021,161021728,2,19,0,6,6,5,5,0,0,0,0,0,0,0,4,1,1,1,1,32,6,1499,2,1,VAUXHALL VIVARO,10,E01012919,0,-1
2021141117287,2021,141117287,1,19,0,9,9,8,5,0,0,6,0,0,0,0,1,1,1,1,1,55,8,1499,2,1,VAUXHALL VIVARO,2,E01011227,0,-1
2021471037885,2021,471037885,2,9,0,2,2,0,0,0,0,2,0,0,0,0,0,1,1,1,1,52,8,1598,2,4,VAUXHALL VIVARO,4,E01031799,0,-1
2021122100842,2021,122100842,1,19,0,18,19,4,8,0,0,0,0,0,0,0,1,1,6,6,1,38,7,1499,2,1,VAUXHALL VIVARO,1,E01012018,0,-1
2021010339254,2021,010339254,2,19,0,4,4,5,1,0,0,1,0,0,1,0,1,1,6,6,1,31,6,1995,2,10,VAUXHALL VIVARO,-1,-1,0,-1
2021401118312,2021,401118312,1,19,0,18,19,8,4,0,0,3,0,0,0,0,0,1,1,1,1,25,5,1598,2,6,VAUXHALL VIVARO,4,E01017469,0,-1
2021471029008,2021,471029008,1,19,0,18,19,8,4,0,0,8,0,0,0,0,2,1,6,6,1,43,7,1995,2,13,VAUXHALL VIVARO,4,E01020928,0,-1
2021320578954,2021,320578954,1,19,0,18,19,2,6,0,0,0,0,0,0,0,1,1,2,2,1,33,6,1870,2,15,VAUXHALL VIVARO,-1,-1,0,-1
2021010293562,2021,010293562,3,19,0,3,3,7,3,0,0,0,0,0,0,0,1,1,1,1,1,46,8,1995,2,8,VAUXHALL VIVARO,5,E01001973,0,-1
2021991052369,2021,991052369,2,19,0,4,4,8,4,0,0,0,0,0,0,0,2,1,5,6,1,46,8,1995,2,8,VAUXHALL VIVARO,1,E01009951,0,-1
2021421044251,2021,421044251,1,19,0,1,1,1,5,0,0,0,0,0,0,0,2,1,6,6,3,-1,-1,1995,2,14,VAUXHALL VIVARO,-1,-1,0,-1
2021471034220,2021,471034220,1,19,0,18,19,5,1,0,0,0,0,0,0,0,1,1,1,1,2,35,6,1870,2,18,VAUXHALL VIVARO,1,E01020995,0,-1
2021211028927,2021,211028927,1,19,0,4,4,5,1,0,0,0,0,0,0,0,1,1,1,1,1,42,7,1598,2,5,VAUXHALL VIVARO,1,E01004857,0,-1
2021451053209,2021,451053209,1,19,0,18,19,3,1,0,0,1,0,0,0,0,1,1,6,6,3,38,7,1995,2,13,VAUXHALL VIVARO,-1,-1,0,-1
2021471098301,2021,471098301,2,19,0,18,19,1,5,0,0,0,0,0,0,0,1,1,1,1,1,37,7,1598,2,3,VAUXHALL VIVARO,7,E01021029,0,-1
2021610047621,2021,610047621,1,19,0,8,8,7,3,0,0,1,0,0,7,0,3,1,1,1,1,24,5,1598,2,6,VAUXHALL VIVARO,5,W01001649,0,-1
2021501150462,2021,501150462,1,19,0,5,5,1,5,0,0,0,0,0,0,0,0,1,6,6,1,49,8,1598,2,4,VAUXHALL VIVARO,6,E01019938,0,-1
2021010287986,2021,010287986,1,19,0,1,1,3,7,0,0,8,0,0,0,0,2,1,1,1,1,25,5,1598,2,2,VAUXHALL VIVARO,5,E01004056,0,-1
2021221114425,2021,221114425,1,19,0,18,19,7,3,0,0,0,0,0,0,0,4,1,1,1,1,53,8,1598,2,2,VAUXHALL VIVARO,2,E01032161,0,-1
2021010292491,2021,010292491,2,19,0,1,1,3,7,0,0,0,9,0,0,0,2,9,6,6,3,-1,-1,1995,2,10,VAUXHALL VIVARO,-1,-1,0,-1
2021361037746,2021,361037746,1,19,0,18,19,6,2,0,0,0,0,0,0,0,1,1,2,2,1,40,7,1598,2,6,VAUXHALL VIVARO,1,E01026830,0,-1
2021141056616,2021,141056616,2,19,0,18,19,4,2,0,0,1,0,0,0,0,1,1,6,6,1,27,6,1870,2,18,VAUXHALL VIVARO,1,E01007970,0,-1
2021111049112,2021,111049112,2,19,0,18,19,1,5,0,0,0,0,0,0,0,4,1,1,1,1,28,6,1598,2,6,VAUXHALL VIVARO,1,E01020736,0,-1
202131B134621,2021,31B134621,1,19,0,2,2,0,0,0,0,0,0,0,0,0,0,1,6,6,3,-1,-1,1995,2,9,VAUXHALL VIVARO,-1,-1,0,-1