collision_index,collision_year,collision_ref_no,vehicle_reference,vehicle_type,towing_and_articulation,vehicle_manoeuvre_historic,vehicle_manoeuvre,vehicle_direction_from,vehicle_direction_to,vehicle_location_restricted_lane_historic,vehicle_location_restricted_lane,junction_location,skidding_and_overturning,hit_object_in_carriageway,vehicle_leaving_carriageway,hit_object_off_carriageway,first_point_of_impact,vehicle_left_hand_drive,journey_purpose_of_driver_historic,journey_purpose_of_driver,sex_of_driver,age_of_driver,age_band_of_driver,engine_capacity_cc,propulsion_code,age_of_vehicle,generic_make_model,driver_imd_decile,lsoa_of_driver,escooter_flag,driver_distance_banding
2021111099402,2021,111099402,4,9,0,2,2,0,0,0,0,8,0,0,0,0,2,1,6,6,3,-1,-1,-1,-1,-1,-1,-1,-1,0,-1
2021101102086,2021,101102086,2,1,0,7,7,5,1,0,0,8,0,10,1,0,4,1,5,6,1,48,8,-1,-1,-1,-1,7,E01008586,0,-1
2021131079410,2021,131079410,1,9,0,5,5,-1,-1,0,0,8,-1,-1,-1,-1,-1,1,6,6,3,-1,-1,-1,-1,-1,-1,-1,-1,0,-1
2021010338678,2021,010338678,2,1,0,18,19,5,1,5,5,1,0,0,0,0,1,1,2,2,1,40,7,-1,-1,-1,-1,1,E01001517,0,-1
2021471022934,2021,471022934,2,1,0,18,19,1,5,0,0,1,0,0,0,0,1,1,6,6,1,43,7,-1,-1,-1,-1,5,E01021195,0,-1
2021430151839,2021,430151839,2,9,0,10,10,1,5,0,0,1,0,0,0,0,2,1,6,6,2,56,9,-1,-1,-1,-1,10,E01028606,0,-1
2021522104774,2021,522104774,2,9,0,6,6,3,3,0,0,0,0,0,0,0,1,1,6,6,2,60,9,-1,-1,-1,-1,5,E01014732,0,-1
2021351018965,2021,351018965,1,19,-1,-1,-1,-1,-1,-1,-1,0,-1,-1,-1,0,-1,1,6,6,3,-1,-1,-1,-1,-1,-1,-1,-1,0,-1
2021052102020,2021,052102020,2,-1,0,18,19,3,7,0,0,8,0,0,0,0,3,1,6,6,2,19,4,-1,-1,-1,-1,1,E01006746,1,-1
2021010322520,2021,010322520,1,97,0,99,99,9,9,99,99,0,9,99,9,99,9,1,6,6,3,-1,-1,-1,-1,-1,-1,-1,-1,0,-1
2021031059005,2021,031059005,1,9,0,15,15,6,1,0,0,2,0,0,0,0,0,1,6,6,3,-1,-1,-1,-1,-1,-1,-1,-1,0,-1
2021461060832,2021,461060832,1,9,0,9,9,3,7,0,0,0,0,0,0,0,1,1,6,6,3,-1,-1,-1,-1,-1,-1,-1,-1,0,-1
2021421034859,2021,421034859,2,1,0,18,19,4,8,0,0,0,0,0,0,0,3,1,5,6,2,28,6,-1,-1,-1,-1,10,E01021645,0,-1
2021010290868,2021,010290868,2,9,0,7,7,3,5,0,0,1,0,0,0,0,1,1,6,6,3,-1,-1,-1,-1,-1,-1,-1,-1,0,-1
202160Z101568,2021,60Z101568,1,9,0,9,9,4,8,0,0,1,0,0,0,0,4,1,6,6,2,44,7,-1,-1,-1,-1,-1,-1,0,-1
2021471050150,2021,471050150,2,1,0,5,5,3,7,0,0,0,0,0,0,0,1,1,6,6,1,20,4,-1,-1,-1,-1,1,E01020920,0,-1
2021010318649,2021,010318649,1,1,9,99,99,9,9,99,99,9,9,99,9,99,1,1,2,2,2,36,7,-1,-1,-1,-1,1,E01003921,0,-1
2021351058834,2021,351058834,2,1,0,18,19,2,6,9,9,8,0,0,0,0,1,1,5,6,1,14,3,-1,-1,-1,-1,8,E01018003,0,-1
2021010339226,2021,010339226,3,9,9,99,99,9,9,99,99,9,9,99,9,99,9,9,6,6,3,-1,-1,-1,-1,-1,-1,-1,-1,0,-1
2021201121239,2021,201121239,2,1,0,18,19,5,1,0,0,1,0,0,0,0,3,1,6,6,2,57,9,-1,-1,-1,-1,2,E01009933,0,-1
2021440499378,2021,440499378,1,9,0,4,4,1,4,0,0,7,0,0,0,0,2,1,2,2,2,47,8,-1,-1,-1,-1,5,E01022567,0,-1
2021531026040,2021,531026040,2,1,0,18,19,7,3,9,9,0,1,0,0,0,1,1,4,7,1,16,4,-1,-1,-1,-1,1,E01022152,0,-1
2021010351542,2021,010351542,3,10,0,18,19,1,5,0,0,0,0,0,0,0,2,1,6,6,3,-1,-1,-1,-1,-1,-1,-1,-1,0,-1
2021302101550,2021,302101550,2,22,0,18,19,4,8,0,0,2,0,0,0,0,3,1,6,6,2,39,7,-1,-1,-1,-1,5,E01019861,0,-1
2021552100641,2021,552100641,2,1,0,18,19,8,4,9,9,8,0,0,0,0,1,1,6,6,1,33,6,-1,-1,-1,-1,1,E01015290,0,-1
2021010341793,2021,010341793,2,9,0,9,9,1,6,0,0,5,0,0,0,0,1,1,6,6,3,-1,-1,-1,-1,-1,-1,-1,-1,0,-1
202160Z070126,2021,60Z070126,3,9,0,10,10,6,3,0,0,1,0,0,0,0,3,1,6,6,2,77,11,-1,-1,-1,-1,-1,-1,0,-1
2021430259608,2021,430259608,2,1,0,7,7,7,3,0,0,3,0,0,0,0,3,1,6,6,2,14,3,-1,-1,-1,-1,3,E01028522,0,-1
2021501067581,2021,501067581,1,1,0,18,19,1,5,0,0,1,0,0,0,0,1,1,5,6,1,13,3,-1,-1,-1,-1,2,E01018996,0,-1
2021041143541,2021,041143541,1,97,0,18,19,6,2,0,0,0,0,0,0,0,1,1,6,6,3,-1,-1,-1,-1,-1,-1,-1,-1,0,-1
2021451119491,2021,451119491,2,9,0,12,12,1,5,0,0,0,0,0,0,0,0,1,6,6,3,30,6,-1,-1,-1,-1,-1,-1,0,-1
2021520100516,2021,520100516,2,1,0,18,19,6,2,0,0,0,0,0,0,0,1,1,6,6,2,58,9,-1,-1,-1,-1,5,E01029108,0,-1
2021522104560,2021,522104560,2,9,0,17,19,7,4,0,0,8,0,0,0,0,3,1,6,6,2,57,9,-1,-1,-1,-1,10,E01014873,0,-1
2021170S12041,2021,170S12041,1,2,0,18,19,6,2,0,0,1,0,0,0,0,1,1,6,6,1,16,4,-1,-1,-1,-1,1,E01012252,0,-1
2021451052275,2021,451052275,1,9,0,9,9,5,1,0,0,1,0,0,0,0,4,1,5,6,1,38,7,-1,-1,-1,-1,7,E01030361,0,-1
2021070434455,2021,070434455,2,1,0,9,9,6,4,0,0,8,2,0,0,0,4,1,6,6,1,30,6,-1,-1,-1,-1,9,E01012566,0,-1
2021332100509,2021,332100509,2,9,0,18,19,3,7,0,0,1,0,0,0,0,2,1,6,6,1,20,4,-1,-1,-1,-1,10,E01025783,0,-1
2021010329459,2021,010329459,2,1,0,18,19,3,7,5,5,1,0,0,0,0,1,1,6,6,1,62,9,-1,-1,-1,-1,9,E01003864,0,-1
2021010315569,2021,010315569,2,1,9,99,99,9,9,99,99,9,9,99,9,99,1,1,6,6,3,-1,-1,-1,-1,-1,-1,-1,-1,0,-1
2021010340064,2021,010340064,1,1,9,99,99,9,9,99,99,9,9,99,9,99,9,1,2,2,1,33,6,-1,-1,-1,-1,3,E01002768,0,-1
2021430362046,2021,430362046,2,1,0,9,9,4,2,0,0,8,0,0,0,0,3,1,2,2,1,62,9,-1,-1,-1,-1,7,E01032846,0,-1
2021552101404,2021,552101404,2,90,0,18,19,7,3,0,0,8,0,0,0,0,4,1,4,7,1,11,3,-1,-1,-1,-1,4,E01020483,0,-1
2021501067504,2021,501067504,2,1,0,18,19,3,7,0,0,0,0,0,0,0,1,1,6,6,1,31,6,-1,-1,-1,-1,6,E01015051,0,-1
202160Z169715,2021,60Z169715,1,9,0,4,4,1,5,0,0,0,0,0,0,0,2,1,2,2,1,49,8,-1,-1,-1,-1,-1,-1,0,-1
2021201077619,2021,201077619,2,1,0,9,9,8,5,0,0,5,0,0,0,0,3,1,6,6,1,17,4,-1,-1,-1,-1,10,E01010173,0,-1
2021610017521,2021,610017521,1,9,0,18,19,2,6,0,0,0,0,0,0,0,1,1,1,1,2,33,6,-1,-1,-1,-1,-1,-1,0,-1
2021332100510,2021,332100510,1,9,0,18,19,6,2,0,0,8,0,0,0,0,1,1,6,6,1,49,8,-1,-1,-1,-1,1,E01013754,0,-1
2021010320713,2021,010320713,2,9,0,99,99,9,9,99,99,9,9,99,9,99,9,9,6,6,3,-1,-1,-1,-1,-1,-1,-1,-1,0,-1
2021010316830,2021,010316830,2,9,0,18,19,1,5,0,0,1,0,0,0,0,2,1,6,6,1,21,5,-1,-1,-1,-1,-1,-1,0,-1
202160Z090861,2021,60Z090861,1,9,0,18,19,3,7,0,0,1,0,0,0,0,1,1,6,6,2,52,8,-1,-1,-1,-1,-1,-1,0,-1
2021010304387,2021,010304387,2,1,0,9,9,1,7,0,0,1,5,0,0,0,3,1,2,2,2,26,6,-1,-1,-1,-1,3,E01032764,0,-1
2021010303318,2021,010303318,2,1,0,18,19,3,7,0,0,8,0,0,0,0,1,1,1,1,1,29,6,-1,-1,-1,-1,4,E01003914,0,-1
2021522200562,2021,522200562,2,9,0,9,9,7,5,0,0,8,0,0,0,0,4,1,6,6,1,24,5,-1,-1,-1,-1,10,W01001673,0,-1
2021101112948,2021,101112948,2,1,0,18,19,7,3,0,0,0,0,0,0,0,1,1,2,2,1,57,9,-1,-1,-1,-1,-1,-1,0,-1
2021421064836,2021,421064836,1,1,0,18,19,8,3,0,0,0,0,0,0,0,4,1,5,6,1,33,6,-1,-1,-1,-1,3,E01001806,0,-1
2021010307586,2021,010307586,2,1,0,18,19,5,1,0,0,0,0,0,0,0,1,1,6,6,1,27,6,-1,-1,-1,-1,4,E01001953,0,-1
2021221059378,2021,221059378,2,1,0,18,19,5,1,0,0,6,0,0,0,0,1,1,5,6,1,59,9,-1,-1,-1,-1,3,E01008953,0,-1
2021101031115,2021,101031115,1,9,0,5,5,2,8,0,0,0,0,0,0,0,2,1,6,6,1,16,4,-1,-1,-1,-1,-1,-1,0,-1
2021440020565,2021,440020565,1,9,0,18,19,8,2,0,0,8,1,0,1,7,1,1,6,6,1,18,4,-1,-1,-1,-1,6,E01022640,0,-1
2021061067749,2021,061067749,1,19,0,18,19,5,1,0,0,0,0,11,0,0,0,1,6,6,3,40,7,-1,-1,-1,-1,-1,-1,0,-1
2021070528553,2021,070528553,1,1,0,2,2,4,8,0,0,0,0,4,0,0,1,1,6,6,1,18,4,-1,-1,-1,-1,2,E01018739,0,-1
2021010293161,2021,010293161,1,1,0,18,19,5,1,9,9,0,2,0,0,0,2,1,6,6,1,16,4,-1,-1,-1,-1,4,E01004468,0,-1
2021430234661,2021,430234661,1,21,0,17,19,6,3,0,0,1,0,0,0,0,3,2,1,1,1,41,7,-1,-1,-1,-1,-1,-1,0,-1
2021522102500,2021,522102500,1,90,0,18,19,2,6,0,0,0,0,0,0,0,1,1,6,6,1,40,7,-1,-1,-1,-1,10,E01014513,0,-1
2021010329638,2021,010329638,1,1,9,99,99,9,9,99,99,9,9,99,9,99,1,1,1,1,1,34,6,-1,-1,-1,-1,2,E01000556,0,-1
2021421085978,2021,421085978,1,3,0,18,19,3,3,0,0,8,0,0,0,0,1,1,6,6,1,19,4,-1,-1,-1,-1,-1,-1,0,-1
2021010334597,2021,010334597,2,9,0,99,99,9,9,99,99,9,9,99,9,99,9,9,6,6,3,-1,-1,-1,-1,-1,-1,-1,-1,0,-1
2021622200015,2021,622200015,2,1,0,18,19,6,1,0,0,0,0,0,0,0,3,1,6,6,2,27,6,-1,-1,-1,-1,2,W01000942,0,-1
2021010318486,2021,010318486,1,1,9,99,99,9,9,99,99,9,9,99,9,99,9,1,2,2,1,18,4,-1,-1,-1,-1,4,E01000503,0,-1
2021010292467,2021,010292467,1,1,9,99,99,9,9,99,99,9,9,99,9,99,1,1,2,2,1,22,5,-1,-1,-1,-1,2,E01002002,0,-1
2021351098931,2021,351098931,2,1,0,5,5,3,7,0,0,0,0,0,0,0,1,1,6,6,1,12,3,-1,-1,-1,-1,2,E01018068,0,-1
2021052102222,2021,052102222,1,3,0,5,5,1,5,0,0,6,0,0,0,0,1,1,6,6,3,-1,-1,-1,-1,-1,-1,-1,-1,0,-1
2021610009221,2021,610009221,1,9,0,2,2,0,0,0,0,0,0,0,0,0,2,1,6,6,1,35,6,-1,-1,-1,-1,-1,-1,0,-1
2021010350596,2021,010350596,2,1,0,18,19,5,1,0,0,6,0,0,0,0,1,1,1,1,1,19,4,-1,-1,-1,-1,3,E01004411,0,-1
2021138391097,2021,138391097,2,1,0,18,19,3,7,0,0,0,0,0,0,0,3,1,6,6,1,25,5,-1,-1,-1,-1,1,E01011780,0,-1
2021010302385,2021,010302385,2,9,0,99,99,9,9,99,99,9,9,99,9,99,9,9,6,6,3,64,9,-1,-1,-1,-1,3,E01002795,0,-1
2021361060359,2021,361060359,2,1,0,18,19,5,1,9,9,1,0,0,0,0,0,1,6,6,1,39,7,-1,-1,-1,-1,1,E01026699,0,-1
2021411030345,2021,411030345,1,9,0,5,5,1,5,0,0,1,0,0,0,0,1,1,1,1,1,64,9,-1,-1,-1,-1,5,E01023796,0,-1
2021010351216,2021,010351216,1,9,0,3,3,3,7,0,0,2,0,0,0,0,2,1,6,6,2,49,8,-1,-1,-1,-1,3,E01000644,0,-1
2021332100228,2021,332100228,2,9,0,18,19,3,7,0,0,8,0,0,0,0,1,1,2,2,2,58,9,-1,-1,-1,-1,3,E01013698,0,-1
2021031140943,2021,031140943,1,9,0,18,19,5,1,0,0,1,0,0,0,0,4,1,3,7,2,32,6,-1,-1,-1,-1,8,E01019334,0,-1
2021552101043,2021,552101043,1,1,0,18,19,3,7,0,0,6,0,0,0,0,1,1,6,6,1,21,5,-1,-1,-1,-1,2,E01015341,0,-1
2021332100498,2021,332100498,2,9,0,18,19,6,2,0,0,8,1,0,7,0,1,1,6,6,2,67,10,-1,-1,-1,-1,9,E01009671,0,-1
2021010343819,2021,010343819,1,9,0,99,99,9,9,99,99,0,9,99,9,99,1,9,6,6,3,-1,-1,-1,-1,-1,-1,-1,-1,0,-1
2021010290646,2021,010290646,1,-1,9,18,19,1,5,0,0,1,9,0,0,0,2,9,6,6,1,36,7,-1,-1,-1,-1,2,E01000951,1,-1
2021161124972,2021,161124972,2,1,0,12,12,8,4,0,0,4,0,0,0,0,1,1,6,6,1,56,9,-1,-1,-1,-1,3,E01012817,0,-1
2021531023850,2021,531023850,1,19,0,-1,-1,-1,-1,-1,-1,0,-1,-1,-1,0,-1,2,6,6,3,-1,-1,-1,-1,-1,-1,-1,-1,0,-1
2021010341620,2021,010341620,2,9,9,1,1,1,5,99,99,9,9,99,9,99,9,9,6,6,3,-1,-1,-1,-1,-1,-1,-1,-1,0,-1
2021170L40641,2021,170L40641,2,9,0,9,9,8,4,0,0,6,0,0,0,0,1,1,6,6,1,33,6,-1,-1,-1,-1,3,E01012181,0,-1
2021231028870,2021,231028870,1,1,0,18,19,5,1,0,0,8,0,0,0,0,3,1,5,6,1,75,10,-1,-1,-1,-1,9,E01031235,0,-1
2021010353088,2021,010353088,1,1,9,99,99,9,9,99,99,9,9,99,9,99,0,1,2,2,1,56,9,-1,-1,-1,-1,7,E01000710,0,-1
2021010323586,2021,010323586,2,9,0,99,99,9,9,99,99,0,9,99,9,99,4,9,6,6,3,-1,-1,-1,-1,-1,-1,-1,-1,0,-1
2021201056427,2021,201056427,2,1,0,18,19,3,7,0,0,8,0,0,0,0,1,1,6,6,2,48,8,-1,-1,-1,-1,2,E01009317,0,-1
202160Z109192,2021,60Z109192,1,9,0,3,3,3,7,0,0,0,0,0,0,0,1,1,6,6,2,23,5,-1,-1,-1,-1,-1,-1,0,-1
2021010302274,2021,010302274,1,9,0,9,9,6,5,0,0,1,0,0,0,0,1,1,6,6,3,-1,-1,-1,-1,-1,-1,-1,-1,0,-1
2021061026782,2021,061026782,2,9,0,18,19,1,5,0,0,1,0,0,0,0,3,1,1,1,1,30,6,-1,-1,-1,-1,3,E01005160,0,-1
2021440138870,2021,440138870,2,1,0,14,14,6,2,0,0,1,0,0,0,0,1,1,6,6,1,58,9,-1,-1,-1,-1,4,E01017306,0,-1
2021131041457,2021,131041457,1,90,0,18,19,4,8,0,0,1,0,0,0,0,1,1,5,6,1,33,6,-1,-1,-1,-1,5,E01011300,0,-1
2021201082244,2021,201082244,2,1,0,18,19,1,5,0,0,0,0,0,0,0,3,1,2,2,1,51,8,-1,-1,-1,-1,3,E01010262,0,-1
2021332100064,2021,332100064,3,98,0,18,19,4,8,0,0,0,0,0,0,0,0,1,1,1,1,33,6,-1,-1,-1,-1,3,E01033092,0,-1
2021010321997,2021,010321997,2,1,0,10,10,5,3,0,0,2,2,0,0,0,2,1,6,6,1,33,6,-1,-1,-1,-1,4,E01002088,0,-1
2021010295247,2021,010295247,2,1,0,9,9,1,6,0,0,1,0,0,0,0,0,1,6,6,1,16,4,-1,-1,-1,-1,2,E01004011,0,-1
2021221091405,2021,221091405,2,1,0,5,5,1,5,0,0,0,0,0,0,0,3,1,4,7,2,11,3,-1,-1,-1,-1,2,E01014074,0,-1
2021010309626,2021,010309626,3,1,0,18,19,3,7,0,0,6,0,0,0,0,0,1,3,7,1,46,8,-1,-1,-1,-1,9,E01002980,0,-1
2021461052135,2021,461052135,2,1,0,18,19,1,5,0,0,0,0,0,1,0,0,1,5,6,1,36,7,-1,-1,-1,-1,7,E01024037,0,-1
2021501053374,2021,501053374,3,19,0,18,19,3,7,0,0,0,0,0,0,0,2,1,6,6,1,38,7,-1,-1,-1,-1,1,E01018870,0,-1
2021010329799,2021,010329799,1,97,0,9,9,1,6,0,0,1,0,0,0,0,0,1,6,6,3,-1,-1,-1,-1,-1,-1,-1,-1,0,-1
2021010328121,2021,010328121,1,1,9,99,99,9,9,99,99,9,9,99,9,99,2,1,6,6,1,26,6,-1,-1,-1,-1,2,E01004404,0,-1
202160Z115366,2021,60Z115366,2,9,0,18,19,8,4,0,0,8,0,0,0,0,1,1,6,6,2,19,4,-1,-1,-1,-1,-1,-1,0,-1
2021201068344,2021,201068344,1,9,0,11,11,8,4,0,0,0,0,0,0,0,4,1,2,2,2,55,8,-1,-1,-1,-1,7,E01010544,0,-1
2021010308737,2021,010308737,2,-1,0,4,4,1,5,0,0,1,0,4,0,0,1,1,6,6,1,28,6,-1,-1,-1,-1,-1,-1,1,-1
2021361035428,2021,361035428,1,9,0,9,9,5,3,0,0,0,0,0,0,0,2,1,1,1,1,27,6,-1,-1,-1,-1,8,E01026561,0,-1
2021131036332,2021,131036332,1,22,0,18,19,0,7,0,0,0,0,0,0,0,1,1,6,6,1,86,11,-1,-1,-1,-1,2,E01011665,0,-1
2021440374078,2021,440374078,2,1,0,18,19,3,7,0,0,8,0,0,0,0,4,1,6,6,1,53,8,-1,-1,-1,-1,6,E01023216,0,-1
2021141047176,2021,141047176,1,9,0,18,19,7,3,0,0,1,0,0,0,0,4,1,6,6,3,-1,-1,-1,-1,-1,-1,-1,-1,0,-1
2021430502499,2021,430502499,1,3,0,3,3,5,1,0,0,1,0,0,0,0,2,1,6,6,1,42,7,-1,-1,-1,-1,7,E01016370,0,-1
2021010295879,2021,010295879,2,9,0,18,19,3,7,0,0,0,0,0,0,0,4,1,6,6,3,-1,-1,-1,-1,-1,-1,-1,-1,0,-1
2021010321809,2021,010321809,1,1,9,99,99,9,9,99,99,9,9,99,9,99,9,1,6,6,1,26,6,-1,-1,-1,-1,5,E01003131,0,-1
2021451077216,2021,451077216,2,1,0,18,19,3,7,0,0,8,0,0,0,0,1,1,6,6,1,15,3,-1,-1,-1,-1,4,E01030551,0,-1
2021141081289,2021,141081289,1,98,0,18,19,2,6,0,0,8,0,0,0,0,1,1,1,1,1,26,6,-1,-1,-1,-1,2,E01007395,0,-1
2021430586632,2021,430586632,3,9,0,18,19,2,6,0,0,6,0,0,0,0,0,1,6,6,3,-1,-1,-1,-1,-1,-1,-1,-1,0,-1
2021061042048,2021,061042048,2,1,0,18,19,6,2,0,0,0,0,0,0,0,1,1,5,6,1,39,7,-1,-1,-1,-1,1,E01004851,0,-1
2021010319236,2021,010319236,1,1,9,99,99,9,9,99,99,9,9,99,9,99,1,1,6,6,3,-1,-1,-1,-1,-1,-1,-1,-1,0,-1
202160Z090097,2021,60Z090097,2,9,0,9,9,5,3,0,0,5,0,0,0,0,4,1,6,6,2,30,6,-1,-1,-1,-1,-1,-1,0,-1
2021440506257,2021,440506257,3,9,0,8,8,3,7,0,0,1,0,0,0,0,1,1,6,6,1,61,9,-1,-1,-1,-1,3,E01022811,0,-1
2021010290325,2021,010290325,2,1,0,18,19,3,7,4,4,1,5,0,0,0,1,1,6,6,1,23,5,-1,-1,-1,-1,3,E01001932,0,-1
2021010316889,2021,010316889,1,1,9,99,99,9,9,99,99,0,9,99,9,99,9,1,2,2,1,27,6,-1,-1,-1,-1,4,E01033579,0,-1
2021201057750,2021,201057750,1,9,0,9,9,5,2,0,0,6,0,0,0,0,1,1,6,6,3,-1,-1,-1,-1,-1,-1,-1,-1,0,-1
2021201149524,2021,201149524,2,9,0,3,3,2,6,0,0,1,0,0,0,0,2,1,6,6,1,70,10,-1,-1,-1,-1,3,E01009781,0,-1
2021231108847,2021,231108847,1,21,1,18,19,5,1,0,0,8,0,0,0,0,1,1,1,1,1,29,6,-1,-1,-1,-1,-1,-1,0,-1
2021430352023,2021,430352023,2,1,0,18,19,2,6,0,0,0,0,0,0,0,3,1,6,6,2,41,7,-1,-1,-1,-1,9,E01014714,0,-1
202160Z119294,2021,60Z119294,2,9,0,18,19,3,7,0,0,3,0,0,0,0,1,1,6,6,1,20,4,-1,-1,-1,-1,-1,-1,0,-1
202160Z177661,2021,60Z177661,2,9,0,12,12,3,7,0,0,3,0,0,0,0,4,1,6,6,1,55,8,-1,-1,-1,-1,-1,-1,0,-1
2021010303847,2021,010303847,1,11,9,99,99,9,9,99,99,9,9,99,9,99,9,1,6,6,3,-1,-1,-1,-1,-1,-1,-1,-1,0,-1
2021010309462,2021,010309462,2,1,0,18,19,1,5,0,0,1,0,0,0,0,1,1,6,6,1,39,7,-1,-1,-1,-1,3,E01004448,0,-1
2021221076070,2021,221076070,2,1,0,18,19,8,4,4,4,8,0,0,0,0,3,1,2,2,1,23,5,-1,-1,-1,-1,1,E01009173,0,-1
2021070544640,2021,070544640,2,1,0,18,19,5,1,0,0,2,0,0,0,0,2,1,6,6,1,56,9,-1,-1,-1,-1,1,E01012436,0,-1
2021421114797,2021,421114797,1,-1,0,9,9,6,2,0,0,8,0,0,0,0,3,1,5,6,1,17,4,-1,-1,-1,-1,10,E01021580,1,-1
2021201142155,2021,201142155,1,9,0,13,13,1,5,0,0,8,5,0,0,0,4,1,6,6,3,31,6,-1,-1,-1,-1,2,E01010309,0,-1
2021440088145,2021,440088145,1,1,0,18,19,2,6,0,0,0,0,0,0,0,1,1,6,6,1,23,5,-1,-1,-1,-1,6,E01030426,0,-1
202160Z118815,2021,60Z118815,1,3,0,18,19,2,6,0,0,0,0,0,1,2,1,1,6,6,1,17,4,-1,-1,-1,-1,-1,-1,0,-1
2021552100471,2021,552100471,2,1,0,5,5,8,4,0,0,0,0,0,0,0,3,1,4,7,1,17,4,-1,-1,-1,-1,8,E01020477,0,-1
2021430507964,2021,430507964,1,9,0,9,9,2,8,0,0,5,0,0,0,0,1,1,2,2,1,37,7,-1,-1,-1,-1,1,E01006328,0,-1
2021161128966,2021,161128966,2,9,0,7,7,1,5,0,0,2,0,0,0,0,3,1,6,6,2,-1,-1,-1,-1,-1,-1,-1,-1,0,-1
2021131114677,2021,131114677,1,97,0,-1,-1,-1,-1,-1,-1,0,-1,-1,-1,-1,-1,1,6,6,3,-1,-1,-1,-1,-1,-1,-1,-1,0,-1
2021332100951,2021,332100951,1,5,0,16,19,5,8,0,0,0,1,0,7,4,1,1,6,6,1,27,6,-1,-1,-1,-1,7,E01028370,0,-1
202106F079434,2021,06F079434,2,9,0,18,19,3,7,0,0,0,0,0,0,0,1,1,6,6,3,30,6,-1,-1,-1,-1,-1,-1,0,-1
2021010338798,2021,010338798,1,9,4,18,19,1,5,0,0,1,9,99,0,0,9,9,2,2,1,-1,-1,-1,-1,-1,-1,-1,-1,0,-1
2021991055268,2021,991055268,2,1,0,18,19,5,8,0,0,1,1,0,0,0,3,1,6,6,1,26,6,-1,-1,-1,-1,9,-1,0,-1
2021221055331,2021,221055331,2,9,0,3,3,1,5,0,0,0,0,0,0,0,1,1,1,1,1,23,5,-1,-1,-1,-1,1,E01010316,0,-1
2021010288093,2021,010288093,1,19,0,99,99,9,9,99,99,9,9,99,9,99,9,9,6,6,3,-1,-1,-1,-1,-1,-1,-1,-1,0,-1
2021010333394,2021,010333394,2,1,0,18,19,7,3,0,0,8,0,0,0,0,4,1,6,6,1,31,6,-1,-1,-1,-1,2,E01003506,0,-1
2021010329672,2021,010329672,1,9,0,99,99,9,9,99,99,9,9,99,9,99,9,9,6,6,3,-1,-1,-1,-1,-1,-1,6,E01001964,0,-1
2021451035011,2021,451035011,1,1,0,16,19,4,8,4,4,0,0,0,0,0,1,1,2,2,1,33,6,-1,-1,-1,-1,10,E01030998,0,-1
2021131103218,2021,131103218,1,8,0,9,9,3,7,0,0,6,0,0,0,0,-1,1,6,6,3,-1,-1,-1,-1,-1,-1,-1,-1,0,-1
2021201104628,2021,201104628,2,1,0,18,19,8,4,0,0,6,0,0,0,0,3,1,6,6,1,12,3,-1,-1,-1,-1,1,E01010318,0,-1
202163B041621,2021,63B041621,3,9,0,2,2,0,0,6,6,0,0,0,0,0,3,1,6,6,1,34,6,-1,-1,-1,-1,8,W01000552,0,-1
2021031134123,2021,031134123,1,9,0,1,1,3,7,0,0,0,0,0,0,0,2,1,5,6,1,56,9,-1,-1,-1,-1,8,E01019370,0,-1
2021010304173,2021,010304173,2,1,0,18,19,1,5,0,0,8,0,0,0,0,1,1,2,2,1,32,6,-1,-1,-1,-1,1,E01001740,0,-1
2021451023262,2021,451023262,2,9,0,18,19,3,1,0,0,3,0,0,0,0,1,1,6,6,2,30,6,-1,-1,-1,-1,-1,-1,0,-1
2021010341075,2021,010341075,2,9,0,99,99,9,9,99,99,9,9,99,9,99,9,9,6,6,1,-1,-1,-1,-1,-1,-1,2,E01003302,0,-1
2021471024387,2021,471024387,2,1,0,9,9,4,2,0,0,1,0,0,0,0,3,1,6,6,1,72,10,-1,-1,-1,-1,2,E01020998,0,-1
2021122100830,2021,122100830,2,1,0,18,19,5,1,0,0,8,0,0,0,0,2,1,6,6,2,55,8,-1,-1,-1,-1,3,E01013410,0,-1
2021332100187,2021,332100187,2,1,0,18,19,7,3,0,0,0,0,0,0,0,2,1,2,2,1,57,9,-1,-1,-1,-1,10,E01025904,0,-1
202131C089521,2021,31C089521,1,1,0,9,9,4,3,0,0,6,0,0,0,0,4,1,1,1,1,19,4,-1,-1,-1,-1,5,E01028142,0,-1
2021302100829,2021,302100829,1,19,0,18,19,2,6,0,0,0,0,0,0,0,4,1,6,6,3,-1,-1,-1,-1,-1,-1,5,E01019456,0,-1
2021170H10761,2021,170H10761,2,9,0,9,9,3,1,0,0,1,0,0,0,0,1,1,6,6,3,-1,-1,-1,-1,-1,-1,-1,-1,0,-1
2021010319414,2021,010319414,2,1,0,18,19,1,5,0,0,2,0,0,0,0,4,1,6,6,2,23,5,-1,-1,-1,-1,3,E01003127,0,-1
2021052101736,2021,052101736,1,9,0,18,19,1,5,0,0,1,0,0,0,0,1,1,1,1,3,-1,-1,-1,-1,-1,-1,-1,-1,0,-1
2021041088097,2021,041088097,2,1,0,18,19,2,6,0,0,8,0,0,0,0,1,1,2,2,1,-1,-1,-1,-1,-1,-1,8,E01024934,0,-1
2021010331326,2021,010331326,2,1,0,5,5,5,1,9,9,8,5,0,0,0,1,1,6,6,1,39,7,-1,-1,-1,-1,3,E01001715,0,-1
2021170M11781,2021,170M11781,1,9,0,18,19,6,2,0,0,8,0,0,0,0,1,1,6,6,3,-1,-1,-1,-1,-1,-1,-1,-1,0,-1
2021332100275,2021,332100275,1,9,0,18,19,8,4,0,0,0,0,0,0,0,4,1,6,6,3,-1,-1,-1,-1,-1,-1,-1,-1,0,-1
2021010298692,2021,010298692,1,1,0,9,9,2,7,5,5,1,0,0,0,0,1,1,6,6,2,-1,-1,-1,-1,-1,-1,-1,-1,0,-1
2021332100730,2021,332100730,1,19,0,9,9,1,7,0,0,5,0,0,0,0,4,1,6,6,1,39,7,-1,-1,-1,-1,8,E01025681,0,-1
2021201027206,2021,201027206,2,1,0,18,19,8,4,0,0,1,0,0,0,0,1,1,6,6,1,-1,-1,-1,-1,-1,-1,8,E01009644,0,-1
2021471023572,2021,471023572,1,9,0,18,19,2,6,0,0,0,0,0,0,0,1,1,6,6,3,-1,-1,-1,-1,-1,-1,-1,-1,0,-1
2021010332473,2021,010332473,1,1,0,18,19,7,3,9,9,1,0,10,0,0,3,1,2,2,1,38,7,-1,-1,-1,-1,2,E01000096,0,-1