collision_index,collision_year,collision_ref_no,vehicle_reference,vehicle_type,towing_and_articulation,vehicle_manoeuvre_historic,vehicle_manoeuvre,vehicle_direction_from,vehicle_direction_to,vehicle_location_restricted_lane_historic,vehicle_location_restricted_lane,junction_location,skidding_and_overturning,hit_object_in_carriageway,vehicle_leaving_carriageway,hit_object_off_carriageway,first_point_of_impact,vehicle_left_hand_drive,journey_purpose_of_driver_historic,journey_purpose_of_driver,sex_of_driver,age_of_driver,age_band_of_driver,engine_capacity_cc,propulsion_code,age_of_vehicle,generic_make_model,driver_imd_decile,lsoa_of_driver,escooter_flag,driver_distance_banding
2021010343877,2021,010343877,1,9,0,18,19,3,7,0,0,1,0,0,0,0,1,1,1,1,1,35,6,-1,-1,-1,-1,7,E01004761,0,-1
2021451097125,2021,451097125,1,1,0,18,19,1,5,0,0,0,0,0,0,0,1,1,5,6,1,72,10,-1,-1,-1,-1,8,E01004144,0,-1
2021501081486,2021,501081486,2,1,0,18,19,3,7,0,0,0,0,0,0,0,3,1,6,6,1,42,7,-1,-1,-1,-1,10,E01018569,0,-1
2021991120201,2021,991120201,2,9,0,16,19,5,1,0,0,0,0,0,0,0,3,1,1,1,1,55,8,-1,-1,-1,-1,3,-1,0,-1
2021411052156,2021,411052156,1,90,0,-1,-1,5,1,0,0,0,0,0,-1,0,1,1,1,1,1,56,9,-1,-1,-1,-1,1,E01002037,0,-1
2021991032490,2021,991032490,1,17,0,4,4,2,5,7,6,0,1,0,3,9,1,1,1,1,1,31,6,-1,-1,-1,-1,6,-1,0,-1
2021471078870,2021,471078870,1,9,0,18,19,1,5,0,0,0,1,0,1,4,3,1,6,6,1,28,6,-1,-1,-1,-1,10,E01031822,0,-1
2021122101045,2021,122101045,1,19,0,3,3,6,2,0,0,0,0,0,0,0,2,1,6,6,1,31,6,-1,-1,-1,-1,10,E01027912,0,-1
2021131099434,2021,131099434,1,23,0,7,7,1,3,0,0,0,0,0,0,0,3,1,5,6,1,15,3,-1,-1,-1,-1,5,E01011233,0,-1
2021440344865,2021,440344865,2,9,0,7,7,3,5,0,0,6,0,0,0,0,1,1,6,6,3,-1,-1,-1,-1,-1,-1,-1,-1,0,-1
2021421036295,2021,421036295,2,1,0,9,9,7,5,9,9,2,0,0,0,0,0,1,6,6,1,17,4,-1,-1,-1,-1,-1,-1,0,-1
2021141037437,2021,141037437,2,9,0,1,1,5,-1,0,0,1,0,0,0,0,-1,1,6,6,3,-1,-1,-1,-1,-1,-1,-1,-1,0,-1
2021122200071,2021,122200071,1,8,0,5,5,1,5,0,0,0,0,0,0,0,0,1,1,1,3,-1,-1,-1,-1,-1,-1,-1,-1,0,-1
2021010293580,2021,010293580,1,-1,0,15,15,3,7,0,0,1,0,0,0,0,1,1,6,6,2,37,7,-1,-1,-1,-1,2,E01003576,1,-1
2021221077563,2021,221077563,1,9,0,16,19,1,4,9,9,0,0,10,1,0,4,1,6,6,1,28,6,-1,-1,-1,-1,-1,-1,0,-1
202134WNC5631,2021,34WNC5631,1,9,0,18,19,5,1,0,0,0,0,0,0,0,3,1,6,6,1,-1,-1,-1,-1,-1,-1,-1,-1,0,-1
2021052101801,2021,052101801,1,4,0,13,13,3,7,0,0,1,0,0,0,0,3,1,6,6,3,-1,-1,-1,-1,-1,-1,-1,-1,0,-1
2021991032511,2021,991032511,2,1,0,17,19,7,3,0,0,1,0,0,0,0,1,1,5,6,2,38,7,-1,-1,-1,-1,9,-1,0,-1
202160Z056071,2021,60Z056071,2,9,0,4,4,4,8,0,0,1,0,0,0,0,2,1,6,6,1,64,9,-1,-1,-1,-1,-1,-1,0,-1
2021052101245,2021,052101245,2,9,0,18,19,1,5,0,0,6,0,0,0,0,1,1,6,6,3,-1,-1,-1,-1,-1,-1,-1,-1,0,-1
2021061073904,2021,061073904,1,1,0,18,19,1,1,0,0,0,0,0,0,0,0,1,6,6,1,78,11,-1,-1,-1,-1,9,E01004791,0,-1
2021122100991,2021,122100991,2,19,0,8,8,3,5,6,6,6,0,0,0,0,1,1,6,6,1,71,10,-1,-1,-1,-1,4,E01020808,0,-1
2021052102468,2021,052102468,2,1,0,9,9,7,5,0,0,8,0,0,0,0,4,1,2,2,1,24,5,-1,-1,-1,-1,2,E01006660,0,-1
2021010347369,2021,010347369,1,1,0,99,99,9,9,0,0,1,0,0,0,0,9,1,2,2,2,43,7,-1,-1,-1,-1,5,E01004347,0,-1
2021170S11011,2021,170S11011,2,1,0,9,9,1,6,0,0,8,0,0,0,0,1,1,6,6,1,58,9,-1,-1,-1,-1,-1,-1,0,-1
2021622100540,2021,622100540,2,1,0,18,19,6,2,0,0,1,0,0,0,0,1,1,6,6,1,35,6,-1,-1,-1,-1,4,W01000922,0,-1
2021170M11151,2021,170M11151,2,1,0,18,19,3,7,0,0,0,0,0,0,0,1,1,6,6,2,7,2,-1,-1,-1,-1,1,E01012011,0,-1
2021332101015,2021,332101015,2,9,0,4,4,7,3,0,0,0,0,0,0,0,1,1,6,6,2,46,8,-1,-1,-1,-1,3,E01025894,0,-1
202160Z115400,2021,60Z115400,1,8,0,4,4,1,5,0,0,1,0,0,0,0,3,1,6,6,1,44,7,-1,-1,-1,-1,-1,-1,0,-1
2021031084686,2021,031084686,2,98,1,3,3,3,7,0,0,0,0,0,0,0,2,1,1,1,1,24,5,-1,-1,-1,-1,2,E01028334,0,-1
2021610009921,2021,610009921,3,9,0,14,14,2,6,0,0,1,0,4,0,0,1,1,6,6,1,-1,-1,-1,-1,-1,-1,-1,-1,0,-1
2021201128627,2021,201128627,1,1,0,18,19,4,8,0,0,8,0,0,0,0,1,1,6,6,1,19,4,-1,-1,-1,-1,1,E01009130,0,-1
2021101091938,2021,101091938,2,-1,0,18,19,1,5,5,5,0,0,0,0,0,1,1,6,6,1,-1,-1,-1,-1,-1,-1,-1,-1,1,-1
2021010351563,2021,010351563,1,9,0,9,9,5,3,0,0,1,0,0,0,0,1,1,6,6,1,36,7,-1,-1,-1,-1,2,E01001860,0,-1
2021610009021,2021,610009021,1,9,0,17,19,8,5,0,0,1,0,0,0,0,1,1,1,1,2,27,6,-1,-1,-1,-1,-1,-1,0,-1
2021351075934,2021,351075934,2,1,-1,-1,-1,3,7,-1,-1,-1,-1,-1,-1,0,-1,1,6,6,1,38,7,-1,-1,-1,-1,6,E01018101,0,-1
202163D083821,2021,63D083821,2,1,0,18,19,4,8,0,0,8,0,0,0,0,1,1,6,6,1,56,9,-1,-1,-1,-1,9,W01001903,0,-1
2021501067929,2021,501067929,2,9,0,18,19,5,1,0,0,0,0,0,7,0,1,1,5,6,1,21,5,-1,-1,-1,-1,10,E01020042,0,-1
2021010302790,2021,010302790,1,1,9,99,99,9,9,99,99,9,9,99,9,99,9,1,2,2,1,38,7,-1,-1,-1,-1,1,E01002041,0,-1
2021471061490,2021,471061490,2,1,0,16,19,4,7,0,0,8,0,0,0,0,1,1,5,6,1,25,5,-1,-1,-1,-1,7,E01020537,0,-1
2021522103488,2021,522103488,1,1,0,17,19,2,8,0,0,1,0,0,0,0,1,1,6,6,1,28,6,-1,-1,-1,-1,1,E01033366,0,-1
2021170S10031,2021,170S10031,1,9,0,18,19,4,8,0,0,0,0,0,0,0,1,1,6,6,1,51,8,-1,-1,-1,-1,1,E01033477,0,-1
2021010299212,2021,010299212,2,9,0,99,99,9,9,99,99,9,9,99,9,99,9,9,6,6,3,38,7,-1,-1,-1,-1,3,E01002407,0,-1
2021010348402,2021,010348402,2,1,0,5,5,1,5,0,0,0,0,0,0,0,1,1,1,1,1,-1,-1,-1,-1,-1,-1,4,E01004294,0,-1
2021461078934,2021,461078934,1,90,0,18,19,1,5,0,0,0,1,0,0,0,0,1,6,6,1,58,9,-1,-1,-1,-1,6,E01024756,0,-1
202160Z022899,2021,60Z022899,1,9,0,18,19,6,2,0,0,1,0,0,7,10,3,1,6,6,1,48,8,-1,-1,-1,-1,-1,-1,0,-1
2021141049277,2021,141049277,2,98,0,18,19,5,1,0,0,0,0,0,0,0,1,2,1,1,1,29,6,-1,-1,-1,-1,-1,-1,0,-1
2021070284487,2021,070284487,1,9,0,18,19,4,8,0,0,0,0,0,0,0,1,1,6,6,1,41,7,-1,-1,-1,-1,7,E01012547,0,-1
2021141029628,2021,141029628,1,9,0,-1,-1,-1,-1,-1,-1,0,-1,-1,-1,0,-1,1,6,6,3,-1,-1,-1,-1,-1,-1,-1,-1,0,-1
2021522103015,2021,522103015,1,90,0,10,10,5,1,0,0,0,0,0,0,0,1,1,6,6,1,19,4,-1,-1,-1,-1,9,E01014725,0,-1
2021311109841,2021,311109841,2,1,0,4,4,4,8,0,0,0,0,2,0,0,2,1,6,6,1,32,6,-1,-1,-1,-1,2,E01013966,0,-1
2021101036789,2021,101036789,2,9,0,4,4,5,1,0,0,1,0,0,0,0,4,1,1,1,1,21,5,-1,-1,-1,-1,5,E01008830,0,-1
2021170S10801,2021,170S10801,3,9,0,2,2,0,0,0,0,2,0,0,0,0,2,1,6,6,1,28,6,-1,-1,-1,-1,5,E01012259,0,-1
2021481141678,2021,481141678,2,1,0,18,19,3,7,5,5,0,0,0,0,0,1,1,2,2,1,41,7,-1,-1,-1,-1,4,E01004642,0,-1
202163D086721,2021,63D086721,2,9,0,16,19,6,1,0,0,0,0,0,0,0,1,1,6,6,1,36,7,-1,-1,-1,-1,-1,-1,0,-1
2021170M10221,2021,170M10221,1,9,0,18,19,2,7,0,0,4,0,0,0,0,0,1,6,6,3,-1,-1,-1,-1,-1,-1,-1,-1,0,-1
2021440343934,2021,440343934,2,9,0,18,19,5,1,0,0,1,0,0,0,0,2,1,6,6,1,-1,-1,-1,-1,-1,-1,-1,-1,0,-1
2021010324840,2021,010324840,1,1,9,99,99,9,9,99,99,0,9,99,9,99,9,1,2,2,1,55,8,-1,-1,-1,-1,2,E01033586,0,-1
2021061029275,2021,061029275,1,1,0,18,19,2,6,0,0,1,0,0,0,0,1,1,6,6,3,30,6,-1,-1,-1,-1,-1,-1,0,-1
2021991061466,2021,991061466,2,98,0,13,13,7,3,0,0,1,0,0,4,0,4,1,1,1,1,22,5,-1,-1,-1,-1,1,-1,0,-1
2021451088071,2021,451088071,2,1,0,18,19,7,3,0,0,4,0,0,0,0,4,1,6,6,1,63,9,-1,-1,-1,-1,6,E01002928,0,-1
2021440513208,2021,440513208,1,9,0,5,5,4,8,0,0,4,0,0,0,0,1,1,6,6,2,43,7,-1,-1,-1,-1,1,E01032882,0,-1
2021070618001,2021,070618001,3,9,0,2,2,7,3,0,0,0,0,0,0,0,2,1,6,6,3,-1,-1,-1,-1,-1,-1,-1,-1,0,-1
2021411092138,2021,411092138,1,1,0,18,19,3,7,0,0,8,0,0,0,0,1,1,4,7,1,13,3,-1,-1,-1,-1,8,E01023808,0,-1
2021430183521,2021,430183521,1,9,0,4,4,1,5,0,0,0,0,0,0,0,2,1,6,6,1,33,6,-1,-1,-1,-1,7,E01022214,0,-1
2021131065846,2021,131065846,1,9,0,-1,-1,-1,-1,-1,-1,0,-1,-1,-1,-1,-1,1,6,6,3,-1,-1,-1,-1,-1,-1,-1,-1,0,-1
2021041036287,2021,041036287,1,9,0,18,19,1,5,0,0,8,0,0,0,0,4,1,6,6,3,-1,-1,-1,-1,-1,-1,-1,-1,0,-1
2021041143172,2021,041143172,1,9,0,18,19,5,1,0,0,1,0,0,0,0,1,1,6,6,3,-1,-1,-1,-1,-1,-1,-1,-1,0,-1
2021440082642,2021,440082642,1,9,0,5,5,1,5,0,0,0,0,0,0,0,1,1,6,6,1,60,9,-1,-1,-1,-1,1,E01017031,0,-1
2021010319042,2021,010319042,1,1,9,99,99,9,9,0,0,9,0,0,0,0,2,1,6,6,1,56,9,-1,-1,-1,-1,5,E01003955,0,-1
2021010351559,2021,010351559,2,1,0,14,14,2,6,0,0,0,0,0,0,0,1,1,2,2,1,50,8,-1,-1,-1,-1,3,E01001661,0,-1
2021010317798,2021,010317798,1,1,9,99,99,9,9,99,99,9,9,99,9,99,9,1,2,2,1,44,7,-1,-1,-1,-1,9,E01000765,0,-1
202131C127621,2021,31C127621,1,-1,0,18,19,3,7,9,9,0,0,0,0,0,1,1,6,6,3,-1,-1,-1,-1,-1,-1,-1,-1,1,-1
202160Z006020,2021,60Z006020,1,9,0,5,5,4,5,0,0,4,0,0,0,0,3,1,6,6,1,63,9,-1,-1,-1,-1,-1,-1,0,-1
2021471113210,2021,471113210,1,19,0,11,11,3,7,0,0,2,0,0,0,0,3,1,6,6,1,57,9,-1,-1,-1,-1,6,E01030827,0,-1
2021610004621,2021,610004621,2,1,0,18,19,8,4,0,0,1,0,0,0,0,3,1,6,6,1,26,6,-1,-1,-1,-1,-1,-1,0,-1
2021610016821,2021,610016821,1,19,0,4,4,7,3,0,0,1,0,0,0,0,2,1,6,6,1,71,10,-1,-1,-1,-1,-1,-1,0,-1
2021010303247,2021,010303247,2,3,0,99,99,9,9,99,99,9,9,99,9,99,0,1,6,6,3,-1,-1,-1,-1,-1,-1,-1,-1,0,-1
2021430052058,2021,430052058,1,1,0,18,19,1,5,0,0,8,0,0,0,0,1,1,6,6,1,68,10,-1,-1,-1,-1,8,E01017843,0,-1
20211381P1178,2021,1381P1178,2,19,0,18,19,2,6,0,0,8,0,0,1,10,1,1,2,2,1,55,8,-1,-1,-1,-1,7,E01011119,0,-1
2021201045129,2021,201045129,1,9,0,18,19,6,2,0,0,2,0,10,1,0,1,1,6,6,1,-1,-1,-1,-1,-1,-1,-1,-1,0,-1
2021201103131,2021,201103131,2,9,0,18,19,7,3,0,0,0,0,0,0,0,0,1,6,6,3,-1,-1,-1,-1,-1,-1,-1,-1,0,-1
2021451031488,2021,451031488,3,9,0,18,19,1,6,0,0,0,0,0,0,0,0,1,6,6,2,54,8,-1,-1,-1,-1,10,E01030448,0,-1
202163D081121,2021,63D081121,1,9,0,5,5,6,2,0,0,6,0,0,0,0,0,1,6,6,3,-1,-1,-1,-1,-1,-1,-1,-1,0,-1
2021552100852,2021,552100852,2,1,0,18,19,7,6,0,0,8,0,0,0,0,1,1,6,6,1,35,6,-1,-1,-1,-1,4,E01015385,0,-1
2021430175279,2021,430175279,2,9,0,10,10,3,7,0,0,1,0,0,0,0,1,1,2,2,2,33,6,-1,-1,-1,-1,8,E01031192,0,-1
2021052101206,2021,052101206,1,9,0,3,3,7,3,0,0,0,0,0,0,0,3,2,6,6,3,-1,-1,-1,-1,-1,-1,-1,-1,0,-1
2021010295962,2021,010295962,2,1,0,18,19,1,5,0,0,8,0,0,0,0,4,1,4,7,2,13,3,-1,-1,-1,-1,7,E01001204,0,-1
2021010340224,2021,010340224,2,8,0,99,99,9,9,99,99,9,9,99,9,99,9,9,6,6,3,-1,-1,-1,-1,-1,-1,-1,-1,0,-1
2021201138654,2021,201138654,2,1,0,18,19,7,3,0,0,1,0,0,0,0,4,1,6,6,1,64,9,-1,-1,-1,-1,1,E01009500,0,-1
2021471017812,2021,471017812,4,9,0,2,2,0,0,0,0,0,0,0,0,0,2,1,6,6,3,-1,-1,-1,-1,-1,-1,-1,-1,0,-1
2021461027425,2021,461027425,1,9,0,18,19,1,5,0,0,1,0,0,0,0,1,1,5,6,3,-1,-1,-1,-1,-1,-1,-1,-1,0,-1
2021332100692,2021,332100692,3,9,0,18,19,7,3,0,0,0,1,0,1,9,1,1,2,2,2,26,6,-1,-1,-1,-1,9,E01026301,0,-1
2021440280306,2021,440280306,1,1,0,17,19,6,2,0,0,8,0,0,0,0,3,1,2,2,1,51,8,-1,-1,-1,-1,-1,-1,0,-1
2021010310013,2021,010310013,2,1,0,18,19,1,5,0,0,0,0,4,0,0,1,1,6,6,1,45,7,-1,-1,-1,-1,7,E01003796,0,-1
2021411079932,2021,411079932,1,9,0,18,19,-1,-1,0,0,8,0,0,0,0,1,1,6,6,3,-1,-1,-1,-1,-1,-1,-1,-1,0,-1
2021061121423,2021,061121423,2,9,0,6,6,3,7,0,0,0,0,0,0,0,1,1,5,6,1,56,9,-1,-1,-1,-1,1,E01005092,0,-1
2021201141592,2021,201141592,1,9,0,18,19,7,3,0,0,0,0,0,0,0,4,1,6,6,3,-1,-1,-1,-1,-1,-1,-1,-1,0,-1
202160Z133522,2021,60Z133522,2,98,0,18,19,7,3,0,0,0,0,10,0,0,3,1,1,1,1,32,6,-1,-1,-1,-1,-1,-1,0,-1
2021471096494,2021,471096494,2,1,0,18,19,5,1,9,9,0,1,0,0,0,1,1,4,7,1,11,3,-1,-1,-1,-1,8,E01031732,0,-1
2021010322317,2021,010322317,1,1,9,99,99,9,9,99,99,9,9,99,9,99,0,1,6,6,2,53,8,-1,-1,-1,-1,2,E01003037,0,-1
2021522200099,2021,522200099,2,-1,0,18,19,2,6,5,5,8,0,0,0,0,1,1,6,6,2,12,3,-1,-1,-1,-1,5,E01014973,1,-1
2021201136759,2021,201136759,1,9,0,18,19,-1,-1,0,0,0,0,0,0,0,1,1,6,6,3,-1,-1,-1,-1,-1,-1,-1,-1,0,-1
2021010326703,2021,010326703,1,3,0,18,19,3,7,0,0,0,0,0,0,0,0,1,6,6,1,33,6,-1,-1,-1,-1,2,E01033737,0,-1
2021141116361,2021,141116361,1,98,0,9,9,6,4,0,0,4,0,0,0,0,1,2,1,1,1,26,6,-1,-1,-1,-1,-1,-1,0,-1
2021440426504,2021,440426504,2,19,0,9,9,1,5,0,0,8,0,0,0,0,3,1,6,6,1,59,9,-1,-1,-1,-1,3,E01022902,0,-1
2021101066617,2021,101066617,1,9,0,18,19,4,8,0,0,0,0,0,0,0,1,1,6,6,1,-1,-1,-1,-1,-1,-1,-1,-1,0,-1
2021421033908,2021,421033908,1,-1,0,17,19,3,8,5,5,1,0,0,0,0,1,1,2,2,1,27,6,-1,-1,-1,-1,4,E01021274,1,-1
2021991064296,2021,991064296,1,9,0,13,13,7,3,0,0,8,0,0,0,0,1,1,2,2,1,54,8,-1,-1,-1,-1,7,-1,0,-1
2021371136235,2021,371136235,1,9,0,18,19,1,5,0,0,2,0,0,0,0,1,1,6,6,3,-1,-1,-1,-1,-1,-1,-1,-1,0,-1
2021332100017,2021,332100017,3,9,0,18,19,5,1,0,0,8,0,0,0,0,1,1,6,6,1,71,10,-1,-1,-1,-1,7,E01025808,0,-1
2021052200120,2021,052200120,1,8,0,5,5,3,7,0,0,0,0,0,0,0,3,1,1,1,3,-1,-1,-1,-1,-1,-1,-1,-1,0,-1
2021421036048,2021,421036048,2,1,0,18,19,3,7,0,0,1,0,0,0,0,4,1,5,6,1,54,8,-1,-1,-1,-1,1,E01022032,0,-1
2021401104555,2021,401104555,1,9,0,18,19,4,8,0,0,0,0,0,0,0,1,1,6,6,1,-1,-1,-1,-1,-1,-1,-1,-1,0,-1
2021440280167,2021,440280167,1,1,0,18,19,8,4,0,0,8,0,0,0,0,4,1,6,6,1,45,7,-1,-1,-1,-1,4,E01017121,0,-1
2021010319895,2021,010319895,1,1,0,18,19,3,7,0,0,0,0,0,0,0,1,1,1,1,1,31,6,-1,-1,-1,-1,3,E01004677,0,-1
2021332100383,2021,332100383,1,9,0,18,19,2,6,0,0,0,0,0,0,0,1,1,6,6,2,69,10,-1,-1,-1,-1,10,E01025676,0,-1
202160Z121836,2021,60Z121836,1,22,0,18,19,2,6,9,9,0,0,0,0,0,1,1,6,6,2,-1,-1,-1,-1,-1,-1,-1,-1,0,-1
2021430574164,2021,430574164,2,-1,0,18,19,5,1,0,0,2,0,0,0,0,1,1,6,6,1,20,4,-1,-1,-1,-1,6,E01016473,1,-1
2021201141300,2021,201141300,2,1,0,18,19,1,5,0,0,2,0,0,0,0,1,1,6,6,1,13,3,-1,-1,-1,-1,1,E01010364,0,-1
2021010287861,2021,010287861,1,1,9,99,99,9,9,99,99,9,9,99,9,99,2,1,2,2,1,37,7,-1,-1,-1,-1,4,E01003543,0,-1
2021010296613,2021,010296613,2,9,0,99,99,9,9,99,99,9,9,99,9,99,1,9,6,6,3,-1,-1,-1,-1,-1,-1,-1,-1,0,-1
2021471029330,2021,471029330,1,98,1,18,19,2,6,6,6,0,0,0,0,0,2,2,1,1,1,63,9,-1,-1,-1,-1,-1,-1,0,-1
2021440497499,2021,440497499,2,9,0,18,19,4,8,0,0,1,0,0,0,0,1,1,6,6,2,35,6,-1,-1,-1,-1,10,E01022573,0,-1
2021440245751,2021,440245751,1,21,0,18,19,5,1,0,0,0,0,0,0,0,4,1,6,6,3,-1,-1,-1,-1,-1,-1,-1,-1,0,-1
2021201085596,2021,201085596,2,8,0,18,19,-1,-1,0,0,8,0,0,0,0,4,1,1,1,1,-1,-1,-1,-1,-1,-1,-1,-1,0,-1
2021131088993,2021,131088993,2,1,0,18,19,3,7,0,0,1,0,0,0,0,3,1,2,2,1,25,5,-1,-1,-1,-1,1,E01010659,0,-1
2021010316304,2021,010316304,2,9,0,99,99,9,9,99,99,9,9,99,9,99,9,9,6,6,3,-1,-1,-1,-1,-1,-1,-1,-1,0,-1
2021991125952,2021,991125952,1,9,0,18,19,7,4,0,0,0,1,11,1,9,1,1,1,1,1,46,8,-1,-1,-1,-1,-1,-1,0,-1
2021430427322,2021,430427322,2,9,0,7,7,1,3,0,0,6,0,0,0,0,3,1,6,6,2,45,7,-1,-1,-1,-1,-1,-1,0,-1
2021010335020,2021,010335020,2,9,9,99,99,9,9,99,99,0,9,99,9,99,9,9,6,6,3,-1,-1,-1,-1,-1,-1,-1,-1,0,-1
202106A079392,2021,06A079392,1,3,0,18,19,5,1,0,0,8,0,0,0,0,1,1,6,6,1,16,4,-1,-1,-1,-1,1,E01033672,0,-1
2021010329599,2021,010329599,2,21,1,18,19,5,1,0,0,8,0,0,0,0,1,2,1,1,1,43,7,-1,-1,-1,-1,-1,-1,0,-1
2021430329495,2021,430329495,1,20,0,7,7,4,6,0,0,8,0,0,0,0,3,1,6,6,3,-1,-1,-1,-1,-1,-1,-1,-1,0,-1
2021010316955,2021,010316955,2,97,0,13,13,5,1,0,0,8,0,0,0,0,1,1,6,6,3,-1,-1,-1,-1,-1,-1,-1,-1,0,-1
2021421038872,2021,421038872,2,9,0,18,19,6,2,0,0,1,1,0,0,0,0,1,6,6,3,98,11,-1,-1,-1,-1,-1,-1,0,-1
2021010331628,2021,010331628,3,9,0,16,19,3,7,0,0,1,0,0,0,0,3,1,6,6,1,51,8,-1,-1,-1,-1,4,E01001321,0,-1
2021622100237,2021,622100237,1,9,0,18,19,6,2,0,0,6,0,0,0,0,1,1,6,6,3,-1,-1,-1,-1,-1,-1,-1,-1,0,-1
2021332100716,2021,332100716,1,9,0,9,9,6,4,0,0,6,0,0,0,0,3,1,6,6,2,34,6,-1,-1,-1,-1,4,E01013623,0,-1
2021131107359,2021,131107359,2,1,0,7,7,3,5,0,0,1,0,0,0,0,4,1,4,7,1,9,2,-1,-1,-1,-1,2,E01011618,0,-1
2021471064985,2021,471064985,2,1,0,18,19,8,4,4,4,0,0,0,7,0,3,1,6,6,1,27,6,-1,-1,-1,-1,5,E01016853,0,-1
2021041094100,2021,041094100,2,1,0,18,19,1,5,0,0,1,0,0,0,0,1,1,6,6,1,17,4,-1,-1,-1,-1,1,E01024895,0,-1
2021041128314,2021,041128314,2,1,0,17,19,2,7,0,0,8,5,0,0,0,1,1,6,6,2,57,9,-1,-1,-1,-1,9,E01025455,0,-1
2021010295097,2021,010295097,1,1,0,18,19,3,7,0,0,1,0,0,0,0,1,1,6,6,1,37,7,-1,-1,-1,-1,1,E01002782,0,-1
2021421087802,2021,421087802,2,1,0,18,19,3,7,5,5,0,0,0,0,0,3,1,6,6,1,21,5,-1,-1,-1,-1,3,E01033722,0,-1
2021401034183,2021,401034183,1,9,0,18,19,7,3,0,0,3,0,0,0,0,1,1,6,6,3,-1,-1,-1,-1,-1,-1,-1,-1,0,-1
2021010325235,2021,010325235,1,1,9,99,99,9,9,99,99,0,9,99,9,99,9,1,1,1,1,21,5,-1,-1,-1,-1,3,E01002283,0,-1
2021010297404,2021,010297404,1,1,9,99,99,9,9,99,99,0,9,99,9,99,1,1,6,6,2,25,5,-1,-1,-1,-1,3,E01003406,0,-1
2021010324460,2021,010324460,1,9,0,5,5,5,1,0,0,0,0,0,0,0,1,1,6,6,2,31,6,-1,-1,-1,-1,2,E01002634,0,-1
202160Z023597,2021,60Z023597,1,9,0,9,9,1,7,0,0,1,0,0,0,0,4,1,6,6,2,-1,-1,-1,-1,-1,-1,-1,-1,0,-1
202163B005821,2021,63B005821,2,9,0,16,19,4,7,0,0,2,0,0,0,0,0,1,6,6,3,-1,-1,-1,-1,-1,-1,-1,-1,0,-1
202160Z163252,2021,60Z163252,1,5,0,17,19,2,7,0,0,0,1,0,1,0,4,1,6,6,1,31,6,-1,-1,-1,-1,-1,-1,0,-1
2021201103479,2021,201103479,1,9,0,18,19,4,8,0,0,0,0,0,0,0,1,1,6,6,3,-1,-1,-1,-1,-1,-1,-1,-1,0,-1
2021010325162,2021,010325162,1,1,9,99,99,9,9,99,99,1,9,99,9,99,1,1,2,2,1,28,6,-1,-1,-1,-1,4,E01004016,0,-1
2021010319575,2021,010319575,1,1,0,17,19,2,6,4,4,1,0,0,0,0,1,1,6,6,1,54,8,-1,-1,-1,-1,2,E01002029,0,-1
2021991033890,2021,991033890,1,1,0,18,19,8,4,0,0,0,0,0,0,0,0,1,5,6,1,55,8,-1,-1,-1,-1,6,-1,0,-1
2021052100102,2021,052100102,1,9,0,13,13,3,7,0,0,0,0,0,0,0,3,1,6,6,3,-1,-1,-1,-1,-1,-1,-1,-1,0,-1
2021461096302,2021,461096302,1,9,0,4,4,4,8,0,0,0,0,0,0,0,2,1,5,6,1,57,9,-1,-1,-1,-1,7,E01016078,0,-1
2021332100944,2021,332100944,1,11,0,18,19,8,4,0,0,0,0,0,0,0,1,1,1,1,1,42,7,-1,-1,-1,-1,3,E01013786,0,-1
2021131112736,2021,131112736,1,9,0,-1,-1,-1,-1,-1,-1,-1,-1,-1,-1,-1,-1,1,6,6,3,-1,-1,-1,-1,-1,-1,-1,-1,0,-1
2021070258045,2021,070258045,2,1,0,3,3,2,6,0,0,1,1,0,0,0,1,1,6,6,1,50,8,-1,-1,-1,-1,10,E01007186,0,-1
2021501060141,2021,501060141,1,9,0,18,19,8,4,0,0,0,0,0,0,0,1,1,6,6,3,-1,-1,-1,-1,-1,-1,-1,-1,0,-1
2021440300709,2021,440300709,1,9,0,13,13,6,8,0,0,0,0,0,0,0,3,1,6,6,2,77,11,-1,-1,-1,-1,4,E01017362,0,-1
2021451024729,2021,451024729,2,3,0,13,13,7,7,0,0,0,0,0,0,0,2,1,6,6,1,29,6,-1,-1,-1,-1,-1,-1,0,-1
2021010310211,2021,010310211,2,9,0,99,99,9,9,99,99,9,9,99,9,99,9,9,6,6,3,-1,-1,-1,-1,-1,-1,-1,-1,0,-1
2021302100242,2021,302100242,2,1,0,18,19,4,8,4,4,0,0,0,0,0,2,1,6,6,1,39,7,-1,-1,-1,-1,1,E01013566,0,-1
2021332100967,2021,332100967,1,9,0,9,9,5,3,0,0,5,0,0,0,0,3,1,6,6,2,75,10,-1,-1,-1,-1,10,E01025813,0,-1
2021010327828,2021,010327828,1,1,9,99,99,9,9,99,99,9,9,99,9,99,9,1,6,6,1,22,5,-1,-1,-1,-1,4,E01000498,0,-1
20211383H2091,2021,1383H2091,1,9,0,7,7,7,1,0,0,8,0,0,0,0,0,1,6,6,3,-1,-1,-1,-1,-1,-1,-1,-1,0,-1
202160Z077347,2021,60Z077347,1,3,0,17,19,3,7,0,0,1,1,0,1,11,4,1,6,6,2,25,5,-1,-1,-1,-1,-1,-1,0,-1
2021440296593,2021,440296593,1,1,0,18,19,4,8,0,0,0,0,0,0,0,4,1,6,6,2,57,9,-1,-1,-1,-1,6,E01017016,0,-1
2021461097395,2021,461097395,1,5,0,18,19,5,1,9,9,0,0,0,6,0,1,1,6,6,1,52,8,-1,-1,-1,-1,7,E01024288,0,-1
2021122101495,2021,122101495,1,9,0,7,7,8,2,0,0,5,0,0,0,0,4,1,6,6,1,31,6,-1,-1,-1,-1,-1,-1,0,-1
2021440315226,2021,440315226,1,9,0,12,12,2,6,0,0,0,0,0,0,0,4,1,6,6,2,60,9,-1,-1,-1,-1,8,E01022631,0,-1
2021010290738,2021,010290738,2,1,0,18,19,3,7,0,0,8,0,4,0,0,1,1,6,6,1,41,7,-1,-1,-1,-1,4,E01002650,0,-1
2021201080393,2021,201080393,1,19,0,18,19,8,4,0,0,0,0,0,0,0,4,1,6,6,3,-1,-1,-1,-1,-1,-1,-1,-1,0,-1
2021201031801,2021,201031801,1,9,0,18,19,3,7,0,0,1,0,0,0,0,1,1,6,6,1,-1,-1,-1,-1,-1,-1,-1,-1,0,-1
2021471060849,2021,471060849,2,1,-1,18,19,2,7,0,0,8,0,0,0,0,1,1,6,6,1,22,5,-1,-1,-1,-1,5,E01031585,0,-1