collision_index,collision_year,collision_ref_no,vehicle_reference,vehicle_type,towing_and_articulation,vehicle_manoeuvre_historic,vehicle_manoeuvre,vehicle_direction_from,vehicle_direction_to,vehicle_location_restricted_lane_historic,vehicle_location_restricted_lane,junction_location,skidding_and_overturning,hit_object_in_carriageway,vehicle_leaving_carriageway,hit_object_off_carriageway,first_point_of_impact,vehicle_left_hand_drive,journey_purpose_of_driver_historic,journey_purpose_of_driver,sex_of_driver,age_of_driver,age_band_of_driver,engine_capacity_cc,propulsion_code,age_of_vehicle,generic_make_model,driver_imd_decile,lsoa_of_driver,escooter_flag,driver_distance_banding
2021201132829,2021,201132829,2,1,0,18,19,5,1,0,0,2,0,0,0,0,1,1,6,6,1,11,3,-1,-1,-1,-1,2,E01009751,0,-1
2021010324799,2021,010324799,1,11,0,4,4,5,1,0,0,0,0,0,0,0,0,1,1,1,1,60,9,-1,-1,-1,-1,2,E01003175,0,-1
2021471059687,2021,471059687,1,9,0,17,19,1,6,0,0,1,0,0,0,0,1,1,6,6,3,-1,-1,-1,-1,-1,-1,-1,-1,0,-1
2021010309695,2021,010309695,1,97,0,99,99,9,9,99,99,0,9,99,9,99,1,1,6,6,3,-1,-1,-1,-1,-1,-1,-1,-1,0,-1
2021010339968,2021,010339968,2,1,0,9,9,5,2,4,4,1,0,0,1,0,3,1,6,6,1,19,4,-1,-1,-1,-1,2,E01032787,0,-1
2021610004821,2021,610004821,1,9,0,18,19,3,7,0,0,0,0,0,0,0,1,1,6,6,2,18,4,-1,-1,-1,-1,-1,-1,0,-1
2021010314748,2021,010314748,1,8,0,99,99,9,9,99,99,9,9,99,9,99,9,9,6,6,3,-1,-1,-1,-1,-1,-1,-1,-1,0,-1
2021440196667,2021,440196667,1,5,0,18,19,1,5,0,0,0,0,0,0,0,0,1,6,6,1,40,7,-1,-1,-1,-1,4,E01017277,0,-1
2021545091621,2021,545091621,2,1,0,9,9,2,8,0,0,8,0,0,0,0,2,1,6,6,1,31,6,-1,-1,-1,-1,4,E01032019,0,-1
2021421014923,2021,421014923,2,1,0,3,3,5,1,0,0,1,0,0,0,0,0,1,6,6,1,27,6,-1,-1,-1,-1,6,E01021380,0,-1
202163D014921,2021,63D014921,1,9,0,13,13,7,2,0,0,0,0,0,0,0,4,1,6,6,3,-1,-1,-1,-1,-1,-1,-1,-1,0,-1
2021610038221,2021,610038221,1,9,0,18,19,5,8,0,0,1,0,0,0,0,1,1,6,6,1,31,6,-1,-1,-1,-1,-1,-1,0,-1
2021010343377,2021,010343377,1,9,0,17,19,1,7,0,0,5,0,0,0,0,1,1,6,6,2,21,5,-1,-1,-1,-1,5,E01002011,0,-1
2021522102517,2021,522102517,1,9,0,18,19,7,3,0,0,0,0,0,0,0,0,1,6,6,1,84,11,-1,-1,-1,-1,9,E01014825,0,-1
2021522200846,2021,522200846,1,1,0,18,19,1,5,0,0,8,0,0,0,0,1,1,6,6,2,59,9,-1,-1,-1,-1,9,E01014898,0,-1
2021070748548,2021,070748548,1,9,0,18,19,1,5,0,0,0,0,0,0,0,1,1,6,6,2,34,6,-1,-1,-1,-1,9,E01018537,0,-1
202160Z135142,2021,60Z135142,2,9,0,13,13,4,8,0,0,0,0,0,0,0,1,1,2,2,1,39,7,-1,-1,-1,-1,-1,-1,0,-1
2021471080829,2021,471080829,2,1,0,18,19,3,7,9,9,0,0,0,0,0,3,1,2,2,2,24,5,-1,-1,-1,-1,6,E01031792,0,-1
2021201148514,2021,201148514,1,9,0,16,19,2,5,0,0,0,0,0,0,0,1,1,6,6,1,-1,-1,-1,-1,-1,-1,-1,-1,0,-1
2021610024921,2021,610024921,3,9,0,2,2,0,0,0,0,1,0,0,0,0,2,1,6,6,2,24,5,-1,-1,-1,-1,-1,-1,0,-1
2021052100039,2021,052100039,1,9,0,9,9,6,4,0,0,1,0,0,0,0,2,1,1,1,1,30,6,-1,-1,-1,-1,1,E01012396,0,-1
2021302101324,2021,302101324,2,1,0,18,19,4,8,4,4,0,0,0,0,0,4,1,6,6,2,16,4,-1,-1,-1,-1,2,E01013585,0,-1
2021170H10481,2021,170H10481,2,1,0,18,19,6,2,0,0,6,0,0,0,0,1,1,6,6,2,12,3,-1,-1,-1,-1,9,E01012003,0,-1
2021010333542,2021,010333542,2,1,9,99,99,9,9,99,99,9,9,99,9,99,1,1,6,6,3,-1,-1,-1,-1,-1,-1,-1,-1,0,-1
2021122101160,2021,122101160,1,1,0,18,19,6,2,0,0,8,0,0,0,0,3,1,6,6,1,53,8,-1,-1,-1,-1,7,E01013419,0,-1
2021061137854,2021,061137854,1,9,0,18,19,5,1,0,0,0,0,0,0,0,1,1,6,6,3,30,6,-1,-1,-1,-1,-1,-1,0,-1
2021371088761,2021,371088761,1,98,1,18,19,3,7,0,0,0,0,0,0,0,3,1,1,1,3,-1,-1,-1,-1,-1,-1,-1,-1,0,-1
2021010342253,2021,010342253,2,9,0,99,99,9,9,99,99,0,9,99,9,99,1,9,6,6,3,-1,-1,-1,-1,-1,-1,-1,-1,0,-1
2021031149171,2021,031149171,1,1,0,18,19,1,3,0,0,2,0,0,0,0,3,1,6,6,1,14,3,-1,-1,-1,-1,1,E01019111,0,-1
2021461121040,2021,461121040,3,9,0,2,2,0,0,0,0,0,0,0,0,0,0,1,6,6,3,-1,-1,-1,-1,-1,-1,-1,-1,0,-1
2021332100409,2021,332100409,1,98,0,12,12,1,5,0,0,0,0,0,0,0,3,1,1,1,2,54,8,-1,-1,-1,-1,10,E01025665,0,-1
2021010343781,2021,010343781,2,1,0,18,19,7,3,0,0,0,0,0,0,0,1,1,2,2,1,40,7,-1,-1,-1,-1,8,E01002946,0,-1
202160Z110660,2021,60Z110660,1,19,0,4,4,4,8,0,0,1,0,0,0,0,1,1,1,1,1,55,8,-1,-1,-1,-1,-1,-1,0,-1
2021052102372,2021,052102372,2,1,0,18,19,7,3,0,0,0,0,0,0,0,3,1,6,6,1,54,8,-1,-1,-1,-1,10,E01007188,0,-1
2021061064818,2021,061064818,1,9,0,18,19,6,2,0,0,1,0,0,0,0,1,1,6,6,3,30,6,-1,-1,-1,-1,-1,-1,0,-1
2021101061461,2021,101061461,1,9,0,3,3,7,5,0,0,1,0,0,0,0,1,1,6,6,1,30,6,-1,-1,-1,-1,-1,-1,0,-1
202106F079017,2021,06F079017,1,1,0,18,19,4,8,0,0,0,0,0,0,0,2,1,6,6,1,37,7,-1,-1,-1,-1,3,E01005704,0,-1
2021101028161,2021,101028161,2,1,0,18,19,2,6,0,0,8,0,0,0,0,1,1,6,6,1,50,8,-1,-1,-1,-1,10,E01032647,0,-1
2021041038923,2021,041038923,2,1,0,18,19,7,3,0,0,8,0,0,0,0,4,1,6,6,1,67,10,-1,-1,-1,-1,5,E01012700,0,-1
2021351020823,2021,351020823,2,1,0,18,19,5,1,9,9,6,0,0,1,0,0,1,6,6,1,21,5,-1,-1,-1,-1,3,E01017978,0,-1
2021471083445,2021,471083445,1,-1,0,18,19,5,1,0,0,0,0,0,0,0,1,1,2,2,1,18,4,-1,-1,-1,-1,8,E01031603,1,-1
2021421083002,2021,421083002,1,9,0,16,19,7,2,0,0,0,0,0,0,0,4,1,6,6,1,30,6,-1,-1,-1,-1,-1,-1,0,-1
2021010344886,2021,010344886,2,97,0,18,19,7,3,0,0,0,0,0,0,0,3,1,2,2,1,26,6,-1,-1,-1,-1,2,E01015954,0,-1
2021122101006,2021,122101006,2,1,0,18,19,3,7,0,0,0,0,0,0,0,3,1,2,2,1,17,4,-1,-1,-1,-1,-1,-1,0,-1
2021070483211,2021,070483211,2,1,0,18,19,5,1,0,0,8,5,0,0,0,1,1,6,6,1,31,6,-1,-1,-1,-1,4,E01018624,0,-1
2021061102991,2021,061102991,1,9,0,18,19,2,2,0,0,0,0,0,0,0,1,1,6,6,3,-1,-1,-1,-1,-1,-1,-1,-1,0,-1
2021010337996,2021,010337996,1,1,9,99,99,9,9,99,99,9,9,99,9,99,9,1,2,2,1,34,6,-1,-1,-1,-1,6,E01001138,0,-1
2021010335126,2021,010335126,1,9,0,99,99,9,9,99,99,9,9,99,9,99,9,9,6,6,3,-1,-1,-1,-1,-1,-1,4,E01001736,0,-1
2021010346774,2021,010346774,1,9,0,18,19,8,4,0,0,1,0,10,1,0,1,1,6,6,1,29,6,-1,-1,-1,-1,-1,-1,0,-1
2021061071406,2021,061071406,2,1,0,18,19,3,3,4,4,0,0,0,0,0,1,1,5,6,2,34,6,-1,-1,-1,-1,-1,-1,0,-1
202160Z161948,2021,60Z161948,1,9,0,17,19,2,6,0,0,0,2,0,7,10,1,1,6,6,1,19,4,-1,-1,-1,-1,-1,-1,0,-1
2021522105206,2021,522105206,2,9,0,9,9,6,4,0,0,8,0,0,0,0,3,1,6,6,2,30,6,-1,-1,-1,-1,-1,-1,0,-1
2021010329896,2021,010329896,1,9,0,5,5,3,7,0,0,5,0,0,0,0,1,1,1,1,2,27,6,-1,-1,-1,-1,7,E01002514,0,-1
2021070780597,2021,070780597,1,9,0,4,4,6,4,0,0,1,0,0,0,0,1,1,6,6,1,-1,-1,-1,-1,-1,-1,-1,-1,0,-1
2021501117747,2021,501117747,2,1,0,18,19,1,5,0,0,1,0,0,0,0,1,1,6,6,1,21,5,-1,-1,-1,-1,2,E01015052,0,-1
2021461128514,2021,461128514,2,-1,0,18,19,1,5,0,0,0,0,0,0,0,1,1,6,6,1,12,3,-1,-1,-1,-1,7,E01024064,1,-1
2021411029439,2021,411029439,2,1,0,18,19,7,3,0,0,1,0,0,0,0,1,1,6,6,1,62,9,-1,-1,-1,-1,10,E01023512,0,-1
2021411029455,2021,411029455,2,1,0,3,3,3,6,0,0,4,0,0,0,0,2,1,6,6,1,53,8,-1,-1,-1,-1,10,E01023452,0,-1
2021010326082,2021,010326082,3,9,0,18,19,1,5,0,0,1,0,0,0,0,0,1,6,6,1,-1,-1,-1,-1,-1,-1,-1,-1,0,-1
2021031011962,2021,031011962,1,9,0,17,19,3,1,0,0,0,0,0,0,0,1,1,5,6,1,18,4,-1,-1,-1,-1,1,E01019139,0,-1
202163C022821,2021,63C022821,1,1,0,16,19,3,5,0,0,8,1,0,0,0,4,1,6,6,1,42,7,-1,-1,-1,-1,7,W01000692,0,-1
2021332100587,2021,332100587,2,9,0,9,9,1,7,0,0,5,1,0,0,0,3,1,6,6,1,28,6,-1,-1,-1,-1,1,E01013674,0,-1
2021201081216,2021,201081216,2,1,0,18,19,4,8,0,0,1,0,0,0,0,4,1,6,6,1,43,7,-1,-1,-1,-1,1,E01009498,0,-1
2021010294599,2021,010294599,4,9,0,99,99,9,9,99,99,9,9,99,9,99,9,9,6,6,3,-1,-1,-1,-1,-1,-1,-1,-1,0,-1
2021010331603,2021,010331603,2,1,0,15,15,5,1,0,0,8,0,0,0,0,1,1,2,2,1,29,6,-1,-1,-1,-1,2,E01000550,0,-1
2021401047657,2021,401047657,2,9,0,18,19,5,1,0,0,0,0,0,0,0,4,1,6,6,3,-1,-1,-1,-1,-1,-1,-1,-1,0,-1
2021141109468,2021,141109468,1,9,0,18,19,1,1,0,0,1,0,0,0,0,1,1,6,6,3,-1,-1,-1,-1,-1,-1,-1,-1,0,-1
202160Z109182,2021,60Z109182,1,9,0,5,5,8,4,0,0,0,0,0,0,0,1,1,6,6,1,51,8,-1,-1,-1,-1,-1,-1,0,-1
2021010301911,2021,010301911,1,1,9,99,99,9,9,99,99,9,9,99,9,99,9,1,6,6,1,24,5,-1,-1,-1,-1,-1,-1,0,-1
2021411054003,2021,411054003,2,1,0,18,19,1,5,0,0,8,0,0,0,0,2,1,6,6,1,30,6,-1,-1,-1,-1,4,E01023337,0,-1
202163CF01521,2021,63CF01521,2,9,0,18,19,6,2,0,0,0,1,0,7,10,2,1,6,6,2,23,5,-1,-1,-1,-1,-1,-1,0,-1
2021221108791,2021,221108791,2,3,0,18,19,5,3,0,0,8,0,0,0,0,4,1,5,6,1,20,4,-1,-1,-1,-1,2,E01013994,0,-1
2021471090210,2021,471090210,1,9,0,11,11,6,2,0,0,0,0,0,0,0,4,1,5,6,1,40,7,-1,-1,-1,-1,9,E01030421,0,-1
2021552100629,2021,552100629,2,1,0,18,19,2,6,5,5,0,0,0,0,0,0,1,4,7,1,12,3,-1,-1,-1,-1,-1,-1,0,-1
2021211094781,2021,211094781,2,21,4,12,12,5,3,0,0,0,0,0,0,0,3,1,1,1,1,55,8,-1,-1,-1,-1,-1,-1,0,-1
2021010336458,2021,010336458,1,1,9,99,99,9,9,99,99,9,9,99,9,99,1,1,6,6,1,25,5,-1,-1,-1,-1,3,E01003525,0,-1
2021471022765,2021,471022765,1,9,0,9,9,7,4,0,0,8,0,0,0,0,0,1,6,6,3,-1,-1,-1,-1,-1,-1,-1,-1,0,-1
2021531066173,2021,531066173,2,1,0,5,5,-1,-1,0,0,8,2,0,0,0,-1,1,5,6,1,36,7,-1,-1,-1,-1,2,E01022120,0,-1
2021010295755,2021,010295755,2,1,0,18,19,3,7,0,0,2,2,0,0,0,3,1,6,6,1,39,7,-1,-1,-1,-1,2,E01003538,0,-1
2021421053935,2021,421053935,3,9,0,3,3,5,1,0,0,8,0,0,0,0,0,1,6,6,3,-1,-1,-1,-1,-1,-1,-1,-1,0,-1
202160Z112023,2021,60Z112023,1,9,0,18,19,6,2,0,0,0,0,0,0,0,3,1,6,6,2,61,9,-1,-1,-1,-1,-1,-1,0,-1
2021430141269,2021,430141269,2,5,0,18,19,6,2,0,0,8,0,0,0,0,1,1,6,6,1,57,9,-1,-1,-1,-1,10,E01016637,0,-1
2021061067445,2021,061067445,1,98,-1,5,5,3,7,5,5,0,0,0,2,0,1,1,6,6,1,30,6,-1,-1,-1,-1,-1,-1,0,-1
2021351064428,2021,351064428,2,1,0,18,19,8,4,0,0,1,0,0,0,0,1,1,5,6,1,37,7,-1,-1,-1,-1,4,E01018024,0,-1
2021401130622,2021,401130622,1,9,0,9,9,6,4,0,0,2,0,0,0,0,4,1,6,6,2,-1,-1,-1,-1,-1,-1,-1,-1,0,-1
2021010325130,2021,010325130,2,1,0,5,5,6,2,0,0,1,0,0,0,0,1,1,6,6,1,42,7,-1,-1,-1,-1,4,E01002754,0,-1
2021332100034,2021,332100034,1,9,0,9,9,2,8,0,0,5,0,0,0,0,4,1,2,2,1,40,7,-1,-1,-1,-1,8,E01025622,0,-1
2021430211326,2021,430211326,1,9,0,18,19,2,6,0,0,0,0,0,0,0,1,1,6,6,1,-1,-1,-1,-1,-1,-1,-1,-1,0,-1
2021522100886,2021,522100886,3,9,0,2,2,0,0,0,0,0,0,0,0,0,3,1,6,6,1,65,9,-1,-1,-1,-1,-1,-1,0,-1
2021010289437,2021,010289437,1,1,0,4,4,1,5,0,0,1,0,0,0,0,0,1,2,2,1,25,5,-1,-1,-1,-1,6,E01003153,0,-1
2021211074303,2021,211074303,2,1,-1,-1,-1,-1,-1,-1,-1,-1,-1,-1,-1,-1,-1,1,2,2,1,25,5,-1,-1,-1,-1,9,E01029723,0,-1
2021231033454,2021,231033454,2,1,0,9,9,6,4,0,0,8,0,0,0,0,2,1,5,6,2,43,7,-1,-1,-1,-1,8,E01031230,0,-1
202160Z159500,2021,60Z159500,3,9,0,18,19,3,7,0,0,0,0,0,0,0,0,1,6,6,2,39,7,-1,-1,-1,-1,-1,-1,0,-1
2021010294182,2021,010294182,1,1,9,99,99,9,9,99,99,9,9,99,9,99,2,1,2,2,2,55,8,-1,-1,-1,-1,8,E01003428,0,-1
2021332100909,2021,332100909,2,9,0,18,19,2,6,0,0,1,0,0,0,0,1,1,6,6,3,-1,-1,-1,-1,-1,-1,-1,-1,0,-1
2021610033521,2021,610033521,1,9,0,5,5,3,7,0,0,3,0,0,0,0,2,1,6,6,1,42,7,-1,-1,-1,-1,-1,-1,0,-1
2021471110762,2021,471110762,1,9,0,4,4,7,3,0,0,0,0,0,0,0,1,1,6,6,3,-1,-1,-1,-1,-1,-1,-1,-1,0,-1
2021361045349,2021,361045349,2,9,0,18,19,2,6,0,0,1,0,0,0,0,0,1,5,6,1,55,8,-1,-1,-1,-1,5,E01026727,0,-1
2021101055737,2021,101055737,1,-1,0,18,19,5,1,5,5,8,0,0,0,0,1,1,6,6,2,10,2,-1,-1,-1,-1,-1,-1,1,-1
2021201132065,2021,201132065,1,9,0,9,9,3,1,0,0,6,0,0,0,0,0,1,6,6,3,30,6,-1,-1,-1,-1,-1,-1,0,-1
2021010330621,2021,010330621,2,9,0,99,99,9,9,0,0,0,0,0,0,0,1,2,6,6,3,-1,-1,-1,-1,-1,-1,-1,-1,0,-1
2021522101757,2021,522101757,2,9,0,1,1,3,7,0,0,0,0,0,0,0,2,1,6,6,1,30,6,-1,-1,-1,-1,-1,-1,0,-1
2021010297025,2021,010297025,2,9,0,99,99,9,9,99,99,9,9,99,9,99,1,9,6,6,3,-1,-1,-1,-1,-1,-1,-1,-1,0,-1
2021131109925,2021,131109925,2,1,0,14,14,7,3,0,0,8,0,0,0,0,1,1,2,2,1,48,8,-1,-1,-1,-1,5,E01011409,0,-1
2021320525670,2021,320525670,1,9,0,18,19,4,8,0,0,0,0,0,0,0,1,1,6,6,3,40,7,-1,-1,-1,-1,-1,-1,0,-1
2021221050758,2021,221050758,2,1,0,18,19,4,8,0,0,0,0,0,0,0,1,1,5,6,1,52,8,-1,-1,-1,-1,8,E01031230,0,-1
2021010340843,2021,010340843,2,1,0,9,9,1,6,0,0,2,0,0,0,0,1,1,6,6,1,17,4,-1,-1,-1,-1,1,E01001410,0,-1
2021461101419,2021,461101419,2,9,0,5,5,5,1,0,0,0,0,0,0,0,4,1,6,6,1,39,7,-1,-1,-1,-1,5,E01024168,0,-1
2021481066480,2021,481066480,2,1,0,18,19,5,1,0,0,8,0,0,0,0,1,1,2,2,1,27,6,-1,-1,-1,-1,6,E01003226,0,-1
2021010288078,2021,010288078,1,1,9,99,99,9,9,99,99,9,9,99,9,99,9,1,2,2,1,55,8,-1,-1,-1,-1,7,E01001657,0,-1
2021010311524,2021,010311524,1,9,0,18,19,7,3,0,0,0,0,0,0,0,1,1,6,6,2,33,6,-1,-1,-1,-1,2,E01001439,0,-1
2021332100771,2021,332100771,1,9,0,5,5,8,4,0,0,0,0,0,0,0,2,1,1,1,1,82,11,-1,-1,-1,-1,8,E01025768,0,-1
2021471054386,2021,471054386,1,9,0,-1,-1,-1,-1,0,0,8,-1,-1,-1,0,-1,1,6,6,3,-1,-1,-1,-1,-1,-1,-1,-1,0,-1
2021161127240,2021,161127240,1,19,0,18,19,1,5,0,0,4,0,0,0,0,1,1,6,6,3,-1,-1,-1,-1,-1,-1,-1,-1,0,-1
2021010317459,2021,010317459,2,9,9,99,99,9,9,99,99,9,9,99,9,99,9,9,6,6,3,-1,-1,-1,-1,-1,-1,-1,-1,0,-1
2021501130047,2021,501130047,3,9,0,3,3,1,5,0,0,1,0,0,0,0,3,1,6,6,1,35,6,-1,-1,-1,-1,10,E01015133,0,-1
2021201142096,2021,201142096,2,9,0,7,7,5,8,0,0,1,0,0,0,0,1,1,6,6,3,-1,-1,-1,-1,-1,-1,-1,-1,0,-1
2021010287366,2021,010287366,1,1,9,99,99,9,9,99,99,9,9,99,9,99,9,1,6,6,2,24,5,-1,-1,-1,-1,5,E01001866,0,-1
2021440476363,2021,440476363,2,9,0,18,19,3,7,0,0,8,0,0,0,0,0,1,6,6,1,-1,-1,-1,-1,-1,-1,-1,-1,0,-1
2021010332141,2021,010332141,2,1,9,99,99,9,9,99,99,0,9,99,9,99,1,1,6,6,2,-1,-1,-1,-1,-1,-1,-1,-1,0,-1
2021332100159,2021,332100159,2,1,0,16,19,1,4,0,0,1,0,0,0,0,1,1,6,6,1,47,8,-1,-1,-1,-1,10,E01033103,0,-1
2021061041078,2021,061041078,2,9,-1,9,9,8,5,0,0,8,0,0,0,0,1,1,6,6,1,-1,-1,-1,-1,-1,-1,-1,-1,0,-1
2021332100726,2021,332100726,1,2,0,18,19,4,8,0,0,2,0,0,0,0,1,1,6,6,2,16,4,-1,-1,-1,-1,1,E01013652,0,-1
2021052101296,2021,052101296,1,1,0,18,19,7,3,0,0,8,0,0,0,0,1,1,6,6,1,76,11,-1,-1,-1,-1,6,E01025507,0,-1
2021010318784,2021,010318784,2,1,0,18,19,3,7,0,0,1,0,0,0,0,3,1,2,2,2,22,5,-1,-1,-1,-1,4,E01004663,0,-1
2021201107642,2021,201107642,1,9,0,9,9,6,4,0,0,6,0,0,0,0,1,1,6,6,3,-1,-1,-1,-1,-1,-1,-1,-1,0,-1
2021471012043,2021,471012043,3,9,0,18,19,8,4,0,0,8,0,0,0,0,0,1,6,6,3,-1,-1,-1,-1,-1,-1,-1,-1,0,-1
2021010332883,2021,010332883,2,1,0,12,12,1,5,0,0,6,0,0,0,0,2,1,2,2,1,33,6,-1,-1,-1,-1,4,E01004338,0,-1
2021070801514,2021,070801514,1,9,0,5,5,6,2,0,0,1,0,12,0,0,1,1,6,6,3,-1,-1,-1,-1,-1,-1,-1,-1,0,-1
2021010296426,2021,010296426,1,9,9,99,99,9,9,99,99,9,9,99,9,99,9,9,6,6,3,-1,-1,-1,-1,-1,-1,-1,-1,0,-1
2021201137139,2021,201137139,2,9,0,18,19,6,2,0,0,4,0,0,0,0,2,1,6,6,3,-1,-1,-1,-1,-1,-1,-1,-1,0,-1
2021332100316,2021,332100316,1,5,0,18,19,6,2,0,0,1,0,0,4,6,1,1,6,6,1,33,6,-1,-1,-1,-1,4,E01013617,0,-1
2021430536479,2021,430536479,1,9,0,18,19,6,2,0,0,1,0,0,0,0,1,1,1,1,1,20,4,-1,-1,-1,-1,8,E01024012,0,-1
2021221036557,2021,221036557,2,1,0,10,10,4,2,0,0,8,0,0,0,0,2,1,5,6,1,43,7,-1,-1,-1,-1,2,E01032262,0,-1
202160Z058875,2021,60Z058875,3,1,0,18,19,1,5,0,0,3,0,0,0,0,1,1,6,6,1,26,6,-1,-1,-1,-1,-1,-1,0,-1
2021061027007,2021,061027007,1,9,0,18,19,3,7,0,0,0,0,0,0,0,-1,1,6,6,3,30,6,-1,-1,-1,-1,-1,-1,0,-1
202160Z138844,2021,60Z138844,2,1,0,18,19,2,6,0,0,2,0,0,0,0,2,1,6,6,1,51,8,-1,-1,-1,-1,-1,-1,0,-1
2021332101061,2021,332101061,1,9,0,7,7,1,3,0,0,3,5,0,4,1,3,1,6,6,1,27,6,-1,-1,-1,-1,8,E01025748,0,-1
2021010347695,2021,010347695,1,9,0,3,3,3,7,0,0,1,0,0,0,0,4,2,6,6,1,36,7,-1,-1,-1,-1,4,E01000408,0,-1
202160Z112023,2021,60Z112023,2,5,0,18,19,2,6,0,0,0,0,0,0,0,3,1,6,6,1,48,8,-1,-1,-1,-1,-1,-1,0,-1
2021610032621,2021,610032621,2,9,0,18,19,7,3,0,0,1,0,0,0,0,1,1,6,6,1,24,5,-1,-1,-1,-1,-1,-1,0,-1
2021010342387,2021,010342387,1,97,0,99,99,9,9,99,99,9,9,99,9,99,1,1,6,6,3,-1,-1,-1,-1,-1,-1,-1,-1,0,-1
2021010316928,2021,010316928,1,1,0,13,13,4,8,0,0,0,0,0,0,0,3,1,2,2,1,25,5,-1,-1,-1,-1,2,E01003162,0,-1
2021231029185,2021,231029185,2,1,0,18,19,7,3,0,0,8,0,0,0,0,2,1,5,6,1,17,4,-1,-1,-1,-1,6,E01031322,0,-1
2021430423767,2021,430423767,2,98,0,18,19,1,5,0,0,0,0,0,0,0,3,1,6,6,3,-1,-1,-1,-1,-1,-1,-1,-1,0,-1
2021221046780,2021,221046780,2,1,0,17,19,6,3,0,0,8,0,0,0,0,4,1,5,6,2,42,7,-1,-1,-1,-1,10,E01028949,0,-1
2021131048550,2021,131048550,2,1,0,18,19,1,5,0,0,0,0,0,0,0,1,1,5,6,1,12,3,-1,-1,-1,-1,1,E01011510,0,-1
2021201042218,2021,201042218,1,9,0,9,9,2,8,0,0,5,0,0,0,0,1,1,6,6,3,-1,-1,-1,-1,-1,-1,-1,-1,0,-1
2021302100140,2021,302100140,2,1,0,18,19,3,8,0,0,1,0,0,0,0,4,1,6,6,1,38,7,-1,-1,-1,-1,8,E01019423,0,-1
2021010294991,2021,010294991,2,1,0,18,19,2,6,4,4,8,0,0,0,0,1,1,2,2,1,35,6,-1,-1,-1,-1,3,E01004489,0,-1
2021010348994,2021,010348994,2,1,0,18,19,5,1,0,0,1,2,0,0,0,1,1,1,1,1,33,6,-1,-1,-1,-1,1,E01002694,0,-1
202134WNC7661,2021,34WNC7661,1,9,0,18,19,3,7,0,0,0,0,0,0,0,1,1,6,6,3,-1,-1,-1,-1,-1,-1,-1,-1,0,-1
2021170S11131,2021,170S11131,2,9,0,9,9,7,1,0,0,7,0,0,0,0,3,1,1,1,2,19,4,-1,-1,-1,-1,1,E01012262,0,-1
2021991067630,2021,991067630,2,1,0,12,12,7,3,0,0,5,0,0,0,0,4,1,5,6,2,9,2,-1,-1,-1,-1,5,-1,0,-1
2021991039843,2021,991039843,1,1,0,18,19,3,6,0,0,0,1,11,0,0,4,1,5,6,1,18,4,-1,-1,-1,-1,2,-1,0,-1
2021052102814,2021,052102814,2,9,0,18,19,5,1,0,0,0,0,0,0,0,3,1,6,6,3,-1,-1,-1,-1,-1,-1,-1,-1,0,-1
2021332101578,2021,332101578,2,9,0,18,19,3,7,0,0,8,0,0,0,0,0,1,6,6,2,42,7,-1,-1,-1,-1,-1,-1,0,-1
2021302100281,2021,302100281,2,9,0,7,7,8,2,0,0,5,0,0,0,0,1,1,6,6,2,34,6,-1,-1,-1,-1,8,E01019540,0,-1
2021010321430,2021,010321430,1,1,0,18,19,4,8,0,0,1,5,0,0,0,1,1,2,2,1,27,6,-1,-1,-1,-1,3,E01003728,0,-1
2021440368699,2021,440368699,1,1,0,18,19,6,2,0,0,0,0,0,1,0,1,1,6,6,2,55,8,-1,-1,-1,-1,-1,-1,0,-1
2021430007167,2021,430007167,1,22,0,18,19,5,1,9,9,0,0,0,0,0,1,1,6,6,2,-1,-1,-1,-1,-1,-1,-1,-1,0,-1
2021461062355,2021,461062355,1,9,0,9,9,7,3,0,0,0,0,0,0,0,4,1,1,1,1,29,6,-1,-1,-1,-1,6,E01024022,0,-1
2021622100696,2021,622100696,1,9,0,18,19,6,2,0,0,0,0,0,0,0,1,1,6,6,3,-1,-1,-1,-1,-1,-1,-1,-1,0,-1
202160Z018332,2021,60Z018332,1,9,0,4,4,2,6,0,0,0,0,0,0,0,1,1,6,6,1,33,6,-1,-1,-1,-1,-1,-1,0,-1
2021332100390,2021,332100390,1,19,0,18,19,6,2,0,0,0,0,0,1,4,1,1,1,1,1,36,7,-1,-1,-1,-1,7,E01025623,0,-1
2021041100097,2021,041100097,1,1,0,18,19,5,1,5,5,0,0,0,0,0,1,1,2,2,2,51,8,-1,-1,-1,-1,-1,-1,0,-1
2021201049244,2021,201049244,2,1,0,18,19,2,6,0,0,1,0,0,0,0,2,1,5,6,1,14,3,-1,-1,-1,-1,3,E01009209,0,-1
2021010303780,2021,010303780,1,1,9,99,99,9,9,99,99,9,9,99,9,99,9,1,6,6,2,35,6,-1,-1,-1,-1,2,E01004067,0,-1
2021010317661,2021,010317661,1,1,9,99,99,9,9,99,99,9,9,99,9,99,9,1,6,6,1,26,6,-1,-1,-1,-1,3,E01001805,0,-1
2021320527287,2021,320527287,2,9,0,9,9,3,2,0,0,1,0,0,0,0,0,1,6,6,3,40,7,-1,-1,-1,-1,-1,-1,0,-1
2021010300469,2021,010300469,2,-1,0,18,19,1,5,0,0,8,5,0,0,0,1,1,6,6,1,31,6,-1,-1,-1,-1,3,E01001794,1,-1
2021052101298,2021,052101298,1,-1,0,18,19,6,2,0,0,0,0,0,0,0,1,1,6,6,3,-1,-1,-1,-1,-1,-1,-1,-1,1,-1
202134NNC3691,2021,34NNC3691,1,1,0,18,19,6,3,0,0,0,0,0,0,0,3,1,6,6,1,13,3,-1,-1,-1,-1,4,E01026962,0,-1
2021471024512,2021,471024512,1,9,0,18,19,1,5,0,0,1,0,0,0,0,1,1,6,6,2,20,4,-1,-1,-1,-1,-1,-1,0,-1
2021471079964,2021,471079964,2,1,0,9,9,1,7,0,0,8,0,0,0,0,1,1,5,6,1,43,7,-1,-1,-1,-1,9,E01021023,0,-1
2021010338766,2021,010338766,2,1,0,9,9,3,1,0,0,5,0,0,0,0,3,1,2,2,1,51,8,-1,-1,-1,-1,7,E01004516,0,-1
2021010314709,2021,010314709,1,9,0,18,19,2,6,0,0,1,0,0,0,0,1,1,6,6,3,-1,-1,-1,-1,-1,-1,-1,-1,0,-1
2021201017864,2021,201017864,1,9,0,1,1,3,7,9,9,6,0,0,0,0,1,1,6,6,1,41,7,-1,-1,-1,-1,1,E01009329,0,-1
2021010349979,2021,010349979,2,1,0,5,5,7,3,0,0,8,0,0,0,0,1,1,6,6,1,32,6,-1,-1,-1,-1,1,E01003488,0,-1
2021451045919,2021,451045919,1,1,0,18,19,1,3,0,0,4,0,0,0,0,4,1,2,2,1,42,7,-1,-1,-1,-1,10,E01031003,0,-1