collision_index,collision_year,collision_ref_no,vehicle_reference,vehicle_type,towing_and_articulation,vehicle_manoeuvre_historic,vehicle_manoeuvre,vehicle_direction_from,vehicle_direction_to,vehicle_location_restricted_lane_historic,vehicle_location_restricted_lane,junction_location,skidding_and_overturning,hit_object_in_carriageway,vehicle_leaving_carriageway,hit_object_off_carriageway,first_point_of_impact,vehicle_left_hand_drive,journey_purpose_of_driver_historic,journey_purpose_of_driver,sex_of_driver,age_of_driver,age_band_of_driver,engine_capacity_cc,propulsion_code,age_of_vehicle,generic_make_model,driver_imd_decile,lsoa_of_driver,escooter_flag,driver_distance_banding
2021302101088,2021,302101088,1,9,4,9,9,2,8,0,0,2,0,0,0,0,3,1,6,6,1,25,5,-1,-1,-1,-1,4,E01031231,0,-1
2021141089505,2021,141089505,2,8,0,6,6,-1,-1,0,0,8,0,0,0,0,-1,1,6,6,3,-1,-1,-1,-1,-1,-1,-1,-1,0,-1
2021471056953,2021,471056953,1,9,0,9,9,1,7,0,0,8,0,0,0,0,1,1,6,6,1,-1,-1,-1,-1,-1,-1,-1,-1,0,-1
2021010351757,2021,010351757,2,3,9,99,99,9,9,99,99,9,9,99,9,99,9,1,6,6,3,-1,-1,-1,-1,-1,-1,-1,-1,0,-1
2021320033462,2021,320033462,1,9,0,18,19,1,5,0,0,2,0,4,0,0,1,1,6,6,2,74,10,-1,-1,-1,-1,4,E01026345,0,-1
2021010325039,2021,010325039,1,9,0,13,13,3,7,0,0,0,0,0,0,0,1,1,6,6,3,-1,-1,-1,-1,-1,-1,-1,-1,0,-1
2021052101038,2021,052101038,1,1,0,18,19,5,1,0,0,6,0,0,1,11,4,1,6,6,1,21,5,-1,-1,-1,-1,1,E01006909,0,-1
2021131105438,2021,131105438,1,8,0,1,1,3,7,0,0,0,0,0,0,0,2,1,6,6,3,-1,-1,-1,-1,-1,-1,-1,-1,0,-1
2021610029521,2021,610029521,2,5,0,18,19,2,6,0,0,0,0,0,0,0,1,1,2,2,1,48,8,-1,-1,-1,-1,-1,-1,0,-1
2021010328657,2021,010328657,2,9,0,99,99,9,9,99,99,9,9,99,9,99,9,9,6,6,3,-1,-1,-1,-1,-1,-1,-1,-1,0,-1
2021010297708,2021,010297708,1,1,9,99,99,9,9,99,99,9,9,99,9,99,1,1,6,6,2,31,6,-1,-1,-1,-1,2,E01003253,0,-1
2021052102596,2021,052102596,2,1,0,18,19,3,7,0,0,0,0,0,0,0,3,1,6,6,2,33,6,-1,-1,-1,-1,2,E01032506,0,-1
2021010298757,2021,010298757,1,3,0,18,19,5,1,0,0,0,0,0,0,0,1,1,6,6,1,18,4,-1,-1,-1,-1,3,E01003269,0,-1
2021471091978,2021,471091978,2,1,0,18,19,1,5,0,0,8,2,0,0,0,0,1,6,6,1,-1,-1,-1,-1,-1,-1,5,E01016950,0,-1
20211381E1107,2021,1381E1107,1,19,0,18,19,5,1,0,0,0,0,0,0,0,1,1,6,6,3,-1,-1,-1,-1,-1,-1,-1,-1,0,-1
202160Z044626,2021,60Z044626,1,9,0,1,1,5,1,0,0,1,0,0,0,0,2,1,6,6,2,32,6,-1,-1,-1,-1,-1,-1,0,-1
2021010299224,2021,010299224,1,1,9,99,99,9,9,99,99,9,9,99,9,99,9,1,6,6,2,26,6,-1,-1,-1,-1,1,E01002694,0,-1
2021010330060,2021,010330060,1,1,0,18,19,1,5,0,0,0,2,0,0,0,2,1,2,2,1,58,9,-1,-1,-1,-1,6,E01002023,0,-1
2021211128991,2021,211128991,2,9,0,18,19,7,3,0,0,0,0,0,0,0,1,1,4,7,2,65,9,-1,-1,-1,-1,7,E01029694,0,-1
202134WNC3141,2021,34WNC3141,1,19,0,18,19,5,1,0,0,0,0,0,0,0,1,1,6,6,1,-1,-1,-1,-1,-1,-1,-1,-1,0,-1
2021332100662,2021,332100662,1,9,0,11,11,6,2,0,0,1,0,0,0,0,1,1,1,1,1,25,5,-1,-1,-1,-1,1,E01013730,0,-1
2021332100784,2021,332100784,1,9,0,18,19,8,4,0,0,2,0,0,0,0,1,1,6,6,3,-1,-1,-1,-1,-1,-1,-1,-1,0,-1
2021451090007,2021,451090007,2,1,0,18,19,3,7,0,0,1,0,0,0,0,1,1,1,1,1,58,9,-1,-1,-1,-1,4,E01003166,0,-1
2021010318555,2021,010318555,1,9,0,18,19,1,5,0,0,8,0,0,0,0,4,1,6,6,3,-1,-1,-1,-1,-1,-1,-1,-1,0,-1
2021332100660,2021,332100660,1,9,0,9,9,5,3,0,0,6,0,0,3,11,3,1,6,6,2,18,4,-1,-1,-1,-1,3,E01013731,0,-1
2021131034823,2021,131034823,1,9,0,18,19,6,2,0,0,8,0,0,0,0,3,1,1,1,1,55,8,-1,-1,-1,-1,2,E01011914,0,-1
2021010336748,2021,010336748,1,1,9,99,99,9,9,99,99,9,9,99,9,99,9,1,2,2,1,45,7,-1,-1,-1,-1,4,E01002247,0,-1
2021010303373,2021,010303373,1,11,0,99,99,9,9,2,2,1,0,99,0,0,9,1,6,6,3,-1,-1,-1,-1,-1,-1,-1,-1,0,-1
2021101047908,2021,101047908,1,9,0,18,19,7,3,0,0,8,0,0,0,0,1,1,6,6,3,17,4,-1,-1,-1,-1,-1,-1,0,-1
2021221097429,2021,221097429,1,9,0,16,19,4,7,0,0,0,0,0,0,0,1,1,6,6,3,34,6,-1,-1,-1,-1,-1,-1,0,-1
2021332100159,2021,332100159,3,1,0,16,19,1,4,0,0,1,0,0,0,0,1,1,6,6,1,17,4,-1,-1,-1,-1,10,E01033103,0,-1
2021332100701,2021,332100701,2,19,0,18,19,3,7,0,0,8,0,0,1,1,1,1,6,6,1,42,7,-1,-1,-1,-1,9,E01025916,0,-1
2021070281000,2021,070281000,1,11,0,2,2,4,8,0,0,0,0,0,0,0,0,1,1,1,3,-1,-1,-1,-1,-1,-1,-1,-1,0,-1
2021421069508,2021,421069508,2,9,0,18,19,1,5,0,0,8,0,0,7,0,4,1,1,1,1,53,8,-1,-1,-1,-1,5,E01021694,0,-1
2021332100781,2021,332100781,1,9,0,9,9,1,7,0,0,5,0,0,7,1,3,1,6,6,1,83,11,-1,-1,-1,-1,8,E01028350,0,-1
2021332100242,2021,332100242,1,9,0,18,19,8,4,0,0,0,0,0,0,0,1,1,2,2,1,58,9,-1,-1,-1,-1,5,E01013790,0,-1
2021061105744,2021,061105744,2,1,0,18,19,6,2,0,0,1,0,0,0,0,2,1,6,6,2,36,7,-1,-1,-1,-1,1,E01005755,0,-1
2021010337443,2021,010337443,1,9,0,7,7,3,4,0,0,8,0,11,1,0,1,1,6,6,3,-1,-1,-1,-1,-1,-1,-1,-1,0,-1
2021010309541,2021,010309541,1,1,9,99,99,9,9,99,99,9,9,99,9,99,9,1,2,2,2,35,6,-1,-1,-1,-1,4,E01003056,0,-1
2021201127465,2021,201127465,2,9,0,18,19,-1,-1,0,0,0,0,0,0,0,1,1,6,6,3,-1,-1,-1,-1,-1,-1,-1,-1,0,-1
202131A187821,2021,31A187821,1,9,0,16,19,6,2,0,0,8,0,0,0,0,1,1,1,1,2,57,9,-1,-1,-1,-1,5,E01027998,0,-1
2021122100228,2021,122100228,2,9,0,4,4,4,8,0,0,0,0,0,0,0,1,1,6,6,1,83,11,-1,-1,-1,-1,6,E01027637,0,-1
2021041037897,2021,041037897,1,9,0,18,19,5,1,0,0,0,0,0,0,0,1,1,6,6,3,-1,-1,-1,-1,-1,-1,-1,-1,0,-1
2021332100937,2021,332100937,2,22,0,18,19,4,8,0,0,8,0,0,0,0,1,1,6,6,1,40,7,-1,-1,-1,-1,3,E01013765,0,-1
202134WNC0931,2021,34WNC0931,2,9,0,18,19,2,6,0,0,8,0,0,0,0,1,1,6,6,2,63,9,-1,-1,-1,-1,-1,-1,0,-1
2021010339588,2021,010339588,2,1,0,10,10,1,6,0,0,0,0,0,0,0,2,1,1,1,2,28,6,-1,-1,-1,-1,3,E01000984,0,-1
2021501052090,2021,501052090,2,9,0,18,19,4,8,0,0,8,0,0,0,0,3,1,1,1,1,35,6,-1,-1,-1,-1,6,E01018826,0,-1
2021461058659,2021,461058659,2,1,0,18,19,3,7,0,0,1,5,0,0,0,3,1,6,6,1,50,8,-1,-1,-1,-1,6,E01024432,0,-1
2021371077207,2021,371077207,1,19,0,18,19,7,3,0,0,8,0,0,0,0,0,1,6,6,3,-1,-1,-1,-1,-1,-1,-1,-1,0,-1
2021471104430,2021,471104430,1,-1,0,18,19,1,5,0,0,4,0,0,0,0,1,1,5,6,1,36,7,-1,-1,-1,-1,6,E01031827,1,-1
2021201062645,2021,201062645,2,9,0,4,4,4,8,0,0,0,0,0,0,0,2,1,2,2,1,31,6,-1,-1,-1,-1,8,E01010119,0,-1
2021421086626,2021,421086626,1,9,0,18,19,5,1,0,0,1,0,0,0,0,1,1,6,6,1,20,4,-1,-1,-1,-1,-1,-1,0,-1
2021010347529,2021,010347529,1,1,0,5,5,5,1,0,0,1,0,0,0,0,1,1,6,6,1,13,3,-1,-1,-1,-1,1,E01001427,0,-1
2021332100830,2021,332100830,1,9,0,18,19,5,1,0,0,0,2,0,0,0,1,1,6,6,2,33,6,-1,-1,-1,-1,7,E01025635,0,-1
2021010325192,2021,010325192,2,9,0,99,99,9,9,99,99,9,0,0,9,0,9,9,6,6,3,-1,-1,-1,-1,-1,-1,2,E01033085,0,-1
2021461130687,2021,461130687,1,9,-1,-1,-1,-1,-1,-1,-1,-1,-1,-1,-1,0,4,1,6,6,1,-1,-1,-1,-1,-1,-1,-1,-1,0,-1
2021010288108,2021,010288108,3,1,0,18,19,5,1,0,0,0,0,0,0,0,0,1,6,6,2,37,7,-1,-1,-1,-1,6,E01004476,0,-1
2021010300750,2021,010300750,1,1,0,18,19,5,1,0,0,0,0,4,0,0,1,1,6,6,1,15,3,-1,-1,-1,-1,4,E01003672,0,-1
2021061078941,2021,061078941,1,9,0,7,7,1,1,0,0,0,0,0,0,0,4,1,6,6,3,30,6,-1,-1,-1,-1,-1,-1,0,-1
2021411117015,2021,411117015,1,1,0,18,19,8,4,4,4,0,0,0,0,0,1,1,6,6,3,-1,-1,-1,-1,-1,-1,-1,-1,0,-1
2021131047991,2021,131047991,2,9,0,9,9,6,3,0,0,8,0,0,0,0,1,1,6,6,3,-1,-1,-1,-1,-1,-1,-1,-1,0,-1
2021552101157,2021,552101157,3,9,0,3,3,7,3,0,0,0,0,0,0,0,2,1,1,1,1,45,7,-1,-1,-1,-1,-1,-1,0,-1
2021041120041,2021,041120041,1,9,0,18,19,2,6,0,0,1,0,0,0,0,1,1,6,6,3,-1,-1,-1,-1,-1,-1,-1,-1,0,-1
2021451028330,2021,451028330,1,1,0,18,19,3,7,9,9,0,0,0,0,0,4,1,5,6,1,12,3,-1,-1,-1,-1,5,E01030481,0,-1
2021170M10701,2021,170M10701,1,9,0,18,19,7,3,0,0,8,0,0,0,0,1,1,6,6,1,27,6,-1,-1,-1,-1,1,E01012039,0,-1
2021010338725,2021,010338725,2,1,0,18,19,7,3,0,0,1,5,0,0,0,1,1,2,2,2,23,5,-1,-1,-1,-1,1,E01004311,0,-1
2021170H11071,2021,170H11071,1,19,0,14,14,4,8,0,0,0,0,0,0,0,1,1,6,6,1,49,8,-1,-1,-1,-1,4,E01020754,0,-1
2021201014912,2021,201014912,1,8,0,13,13,6,2,0,0,0,0,4,0,0,1,1,6,6,1,30,6,-1,-1,-1,-1,1,E01009328,0,-1
2021052100623,2021,052100623,1,9,0,5,5,2,7,0,0,0,0,0,0,0,1,1,6,6,3,-1,-1,-1,-1,-1,-1,-1,-1,0,-1
2021010289564,2021,010289564,2,1,0,18,19,1,5,0,0,1,0,0,0,0,1,1,6,6,1,26,6,-1,-1,-1,-1,6,E01004070,0,-1
2021141050618,2021,141050618,2,9,0,18,19,1,5,0,0,0,0,0,0,0,0,1,6,6,3,-1,-1,-1,-1,-1,-1,-1,-1,0,-1
2021440259647,2021,440259647,2,9,0,18,19,5,1,0,0,1,0,0,0,0,1,1,6,6,3,-1,-1,-1,-1,-1,-1,-1,-1,0,-1
2021010307995,2021,010307995,2,1,0,5,5,3,7,0,0,1,0,0,0,0,2,1,2,2,2,17,4,-1,-1,-1,-1,9,E01003810,0,-1
2021041024035,2021,041024035,2,1,0,18,19,1,5,0,0,1,0,0,0,0,1,1,6,6,1,64,9,-1,-1,-1,-1,-1,-1,0,-1
2021010287832,2021,010287832,1,9,0,18,19,4,8,0,0,0,0,0,0,0,1,1,6,6,3,-1,-1,-1,-1,-1,-1,-1,-1,0,-1
202131C125721,2021,31C125721,1,9,0,9,9,4,2,0,0,6,0,0,0,0,1,1,6,6,1,30,6,-1,-1,-1,-1,2,E01013829,0,-1
2021522200982,2021,522200982,2,1,0,10,10,8,6,0,0,1,0,0,0,0,1,1,6,6,1,51,8,-1,-1,-1,-1,3,E01014976,0,-1
2021440075941,2021,440075941,2,9,0,9,9,7,5,0,0,8,0,0,0,0,4,1,6,6,1,54,8,-1,-1,-1,-1,9,E01022653,0,-1
2021610038921,2021,610038921,2,9,0,18,19,4,8,0,0,3,0,0,0,0,4,1,6,6,1,37,7,-1,-1,-1,-1,-1,-1,0,-1
2021010287435,2021,010287435,1,1,0,18,19,6,2,0,0,1,0,0,0,0,2,1,2,2,1,58,9,-1,-1,-1,-1,8,E01004543,0,-1
2021010350509,2021,010350509,1,1,5,18,19,2,6,0,0,0,0,0,0,0,0,1,6,6,1,33,6,-1,-1,-1,-1,3,E01003978,0,-1
2021010306411,2021,010306411,1,1,9,99,99,9,9,99,99,9,9,99,0,0,9,1,6,6,1,-1,-1,-1,-1,-1,-1,-1,-1,0,-1
202134WNC2951,2021,34WNC2951,1,9,0,18,19,1,5,0,0,1,0,0,0,0,1,1,6,6,1,30,6,-1,-1,-1,-1,2,E01027243,0,-1
2021010296138,2021,010296138,2,9,0,2,2,0,0,0,0,0,0,4,0,0,0,1,6,6,3,-1,-1,-1,-1,-1,-1,-1,-1,0,-1
2021221036872,2021,221036872,2,1,0,14,14,3,7,0,0,8,0,0,0,0,3,1,2,2,1,42,7,-1,-1,-1,-1,8,E01014077,0,-1
2021052100319,2021,052100319,1,9,0,7,7,6,8,0,0,1,0,0,1,11,1,1,6,6,1,28,6,-1,-1,-1,-1,1,E01006436,0,-1
2021421067359,2021,421067359,1,1,0,18,19,1,5,0,0,1,2,0,0,0,1,1,6,6,1,16,4,-1,-1,-1,-1,8,E01021340,0,-1
2021411040201,2021,411040201,1,9,0,18,19,4,8,0,0,8,0,0,0,0,1,1,1,1,1,23,5,-1,-1,-1,-1,2,E01023339,0,-1
2021010287648,2021,010287648,2,9,0,18,19,7,3,0,0,4,0,9,3,4,1,1,6,6,1,31,6,-1,-1,-1,-1,-1,-1,0,-1
2021201090901,2021,201090901,1,9,0,18,19,8,4,0,0,1,1,7,7,2,1,1,6,6,1,29,6,-1,-1,-1,-1,-1,-1,0,-1
2021302100694,2021,302100694,3,9,0,2,2,0,0,0,0,0,0,0,0,0,0,1,6,6,3,-1,-1,-1,-1,-1,-1,5,E01019456,0,-1
2021201076733,2021,201076733,1,9,0,13,13,4,8,0,0,0,0,0,0,0,4,1,6,6,1,-1,-1,-1,-1,-1,-1,-1,-1,0,-1
2021221119593,2021,221119593,2,1,0,17,19,3,8,0,0,8,0,0,0,0,1,1,5,6,1,68,10,-1,-1,-1,-1,5,E01014057,0,-1
2021371105605,2021,371105605,2,1,0,18,19,1,5,0,0,0,0,0,0,0,2,1,5,6,1,47,8,-1,-1,-1,-1,3,E01029914,0,-1
2021451117125,2021,451117125,1,9,0,18,19,5,5,0,0,1,0,0,0,0,4,1,6,6,1,55,8,-1,-1,-1,-1,-1,-1,0,-1
2021421044225,2021,421044225,2,1,0,5,5,5,1,9,9,0,0,0,0,0,3,1,6,6,1,13,3,-1,-1,-1,-1,9,E01021937,0,-1
2021622100633,2021,622100633,1,-1,0,18,19,8,4,0,0,1,0,0,0,0,3,1,1,1,1,36,7,-1,-1,-1,-1,5,W01001710,1,-1
2021201053894,2021,201053894,1,9,0,18,19,7,3,0,0,1,0,0,0,0,1,1,6,6,3,-1,-1,-1,-1,-1,-1,-1,-1,0,-1
2021201144008,2021,201144008,2,11,0,2,2,0,0,0,0,1,0,0,0,0,2,1,1,1,1,68,10,-1,-1,-1,-1,-1,-1,0,-1
2021401119365,2021,401119365,1,-1,0,5,5,8,4,0,0,0,0,0,0,0,2,1,5,6,1,40,7,-1,-1,-1,-1,4,E01017599,1,-1
2021520102013,2021,520102013,2,1,0,18,19,1,5,0,0,8,0,0,0,0,1,1,6,6,2,61,9,-1,-1,-1,-1,10,E01029172,0,-1
2021411131138,2021,411131138,2,9,0,16,19,4,8,0,0,0,0,0,0,0,1,1,5,6,1,70,10,-1,-1,-1,-1,8,E01026577,0,-1
2021430004781,2021,430004781,2,9,0,3,3,7,3,0,0,0,0,0,0,0,1,1,6,6,1,32,6,-1,-1,-1,-1,8,E01028531,0,-1
2021430428425,2021,430428425,1,1,0,18,19,2,6,0,0,8,0,0,0,0,2,1,2,2,1,65,9,-1,-1,-1,-1,9,E01016424,0,-1
2021052101676,2021,052101676,1,1,0,18,19,3,7,0,0,0,0,0,0,0,1,1,6,6,3,-1,-1,-1,-1,-1,-1,-1,-1,0,-1
2021041063522,2021,041063522,1,97,0,18,19,7,3,0,0,2,0,10,3,10,1,1,5,6,1,35,6,-1,-1,-1,-1,2,E01012745,0,-1
2021440416878,2021,440416878,1,1,0,18,19,1,5,0,0,0,0,0,0,0,3,1,6,6,1,72,10,-1,-1,-1,-1,9,E01022718,0,-1
2021010309179,2021,010309179,1,1,9,99,99,9,9,99,99,9,9,99,9,99,9,1,2,2,1,37,7,-1,-1,-1,-1,6,E01002113,0,-1
2021010349713,2021,010349713,2,1,9,99,99,9,9,99,99,9,9,99,9,99,1,1,2,2,1,22,5,-1,-1,-1,-1,4,E01003117,0,-1
2021430062531,2021,430062531,2,1,0,18,19,7,3,0,0,8,0,0,0,0,1,1,6,6,1,50,8,-1,-1,-1,-1,10,E01030350,0,-1
2021010307687,2021,010307687,1,1,9,99,99,9,9,99,99,9,9,99,9,99,9,1,2,2,1,32,6,-1,-1,-1,-1,8,E01004058,0,-1
2021201058874,2021,201058874,2,1,0,9,9,6,4,0,0,3,0,0,0,0,3,1,2,2,1,-1,-1,-1,-1,-1,-1,5,E01010022,0,-1
2021332100514,2021,332100514,2,98,0,18,19,6,2,0,0,6,0,0,0,0,2,1,1,1,1,28,6,-1,-1,-1,-1,-1,-1,0,-1
2021211079401,2021,211079401,1,9,-1,-1,-1,1,3,-1,-1,-1,-1,-1,-1,-1,-1,1,1,1,3,-1,-1,-1,-1,-1,-1,-1,-1,0,-1
2021610038121,2021,610038121,1,9,0,18,19,5,1,0,0,0,0,0,0,0,3,1,2,2,2,30,6,-1,-1,-1,-1,-1,-1,0,-1
2021501068769,2021,501068769,2,9,4,16,19,8,4,0,0,0,0,0,0,0,1,1,1,1,1,22,5,-1,-1,-1,-1,7,E01020317,0,-1
2021461017551,2021,461017551,1,21,1,1,1,7,3,0,0,4,0,0,0,0,2,1,6,6,3,-1,-1,-1,-1,-1,-1,-1,-1,0,-1
2021010320488,2021,010320488,1,1,0,18,19,1,5,0,0,1,0,0,0,0,9,1,6,6,2,31,6,-1,-1,-1,-1,2,E01001943,0,-1
202163D060021,2021,63D060021,2,9,0,16,19,2,5,0,0,2,1,0,0,0,1,1,6,6,1,19,4,-1,-1,-1,-1,9,E01033528,0,-1
2021111024342,2021,111024342,1,9,0,1,1,1,5,0,0,3,0,0,0,0,2,1,6,6,1,30,6,-1,-1,-1,-1,-1,-1,0,-1
2021320434094,2021,320434094,1,9,0,18,19,3,7,0,0,4,0,0,0,0,3,1,6,6,3,40,7,-1,-1,-1,-1,-1,-1,0,-1
2021411105639,2021,411105639,2,1,0,18,19,6,2,0,0,8,0,0,0,0,3,1,2,2,1,50,8,-1,-1,-1,-1,9,E01017573,0,-1
2021010315033,2021,010315033,1,1,9,99,99,9,9,99,99,9,9,99,9,99,1,1,6,6,1,27,6,-1,-1,-1,-1,3,E01001836,0,-1
2021010306835,2021,010306835,2,1,0,18,19,6,2,0,0,1,0,0,0,0,2,1,6,6,2,50,8,-1,-1,-1,-1,3,E01003182,0,-1
2021231029060,2021,231029060,2,22,0,18,19,6,2,9,9,8,0,0,0,0,2,1,3,7,2,32,6,-1,-1,-1,-1,4,E01031086,0,-1
2021451078821,2021,451078821,2,9,0,18,19,5,1,0,0,1,0,0,0,0,1,1,1,1,1,66,10,-1,-1,-1,-1,4,E01030709,0,-1
2021010315907,2021,010315907,2,1,0,4,4,5,1,0,0,1,5,0,0,0,2,1,6,6,1,33,6,-1,-1,-1,-1,2,E01001487,0,-1
2021010329612,2021,010329612,2,4,0,5,5,3,7,0,0,2,0,0,0,0,1,1,6,6,1,23,5,-1,-1,-1,-1,2,E01003299,0,-1
2021041041313,2021,041041313,1,9,0,16,19,5,8,0,0,4,0,0,0,0,1,1,6,6,3,-1,-1,-1,-1,-1,-1,-1,-1,0,-1
2021332100768,2021,332100768,3,9,0,18,19,5,1,0,0,0,0,0,0,0,1,1,6,6,2,35,6,-1,-1,-1,-1,7,E01025909,0,-1
2021010338175,2021,010338175,1,1,9,99,99,9,9,99,99,9,9,99,9,99,2,1,6,6,1,50,8,-1,-1,-1,-1,2,E01003069,0,-1
2021010312004,2021,010312004,1,1,9,99,99,9,9,99,99,9,9,99,9,99,9,1,6,6,1,43,7,-1,-1,-1,-1,4,E01033490,0,-1
2021141075622,2021,141075622,2,9,0,13,13,-1,-1,-1,-1,0,-1,-1,-1,0,-1,1,6,6,3,-1,-1,-1,-1,-1,-1,-1,-1,0,-1
2021461025865,2021,461025865,1,98,1,18,19,1,5,0,0,0,0,0,0,0,3,1,6,6,3,-1,-1,-1,-1,-1,-1,-1,-1,0,-1
2021010297361,2021,010297361,1,1,9,99,99,9,9,99,99,9,9,99,9,99,9,1,2,2,1,25,5,-1,-1,-1,-1,4,E01004765,0,-1
2021010334946,2021,010334946,1,9,9,99,99,9,9,99,99,9,9,99,9,0,1,9,6,6,3,-1,-1,-1,-1,-1,-1,-1,-1,0,-1
2021010310424,2021,010310424,1,1,0,18,19,4,8,0,0,0,0,0,0,0,1,1,2,2,1,56,9,-1,-1,-1,-1,9,E01002107,0,-1
2021501019331,2021,501019331,2,3,0,18,19,1,5,0,0,0,0,0,0,0,0,1,6,6,1,43,7,-1,-1,-1,-1,1,E01015266,0,-1
2021141024143,2021,141024143,2,9,0,-1,-1,-1,-1,-1,-1,0,-1,-1,-1,0,-1,1,6,6,3,-1,-1,-1,-1,-1,-1,-1,-1,0,-1
2021131095474,2021,131095474,1,17,0,18,19,8,4,0,0,1,0,0,0,0,1,1,1,1,1,30,6,-1,-1,-1,-1,1,E01010830,0,-1
2021440285960,2021,440285960,2,-1,0,12,12,2,6,0,0,0,0,0,0,0,4,1,6,6,1,20,4,-1,-1,-1,-1,8,E01023245,1,-1
2021010309894,2021,010309894,2,1,9,99,99,9,9,99,99,9,9,99,9,99,9,1,6,6,1,-1,-1,-1,-1,-1,-1,3,E01002806,0,-1
2021010343924,2021,010343924,2,8,0,99,99,9,9,99,99,9,9,99,9,99,4,9,6,6,3,-1,-1,-1,-1,-1,-1,-1,-1,0,-1
2021421112187,2021,421112187,2,1,0,18,19,7,3,0,0,0,5,0,1,9,1,1,6,6,1,42,7,-1,-1,-1,-1,6,E01022090,0,-1
2021461030419,2021,461030419,2,9,0,3,3,1,5,0,0,1,0,0,0,0,2,1,1,1,1,32,6,-1,-1,-1,-1,3,E01024552,0,-1
2021010296739,2021,010296739,2,1,0,17,19,1,6,0,0,1,0,0,0,0,1,1,6,6,1,25,5,-1,-1,-1,-1,8,E01021436,0,-1
2021531055437,2021,531055437,2,1,0,16,19,-1,-1,0,0,0,0,0,2,0,1,1,2,2,1,37,7,-1,-1,-1,-1,6,E01022454,0,-1
2021332100078,2021,332100078,2,1,0,18,19,4,8,0,0,8,0,0,0,0,1,1,1,1,1,35,6,-1,-1,-1,-1,3,E01013613,0,-1
2021461016277,2021,461016277,2,9,0,18,19,5,1,0,0,8,0,0,7,0,4,1,1,1,2,53,8,-1,-1,-1,-1,2,E01024633,0,-1
2021010323124,2021,010323124,1,9,0,18,19,3,7,0,0,0,0,0,0,0,1,1,6,6,3,-1,-1,-1,-1,-1,-1,-1,-1,0,-1
2021461121890,2021,461121890,1,19,0,18,19,5,1,0,0,1,0,0,0,0,4,1,5,6,3,-1,-1,-1,-1,-1,-1,-1,-1,0,-1
2021332100919,2021,332100919,2,9,0,5,5,8,2,0,0,1,1,0,0,0,3,1,6,6,2,54,8,-1,-1,-1,-1,10,E01025707,0,-1
2021161065284,2021,161065284,1,19,0,18,19,3,7,0,0,0,0,0,0,0,1,1,1,1,1,-1,-1,-1,-1,-1,-1,-1,-1,0,-1
2021010345665,2021,010345665,1,1,9,99,99,9,9,99,99,9,9,99,9,99,1,1,1,1,2,37,7,-1,-1,-1,-1,4,E01004234,0,-1
2021070515730,2021,070515730,1,97,0,18,19,6,2,0,0,0,0,0,0,0,1,1,6,6,3,-1,-1,-1,-1,-1,-1,-1,-1,0,-1
2021332100389,2021,332100389,1,9,0,4,4,3,8,0,0,1,0,0,0,0,1,1,6,6,1,35,6,-1,-1,-1,-1,9,E01025630,0,-1
202160Z098567,2021,60Z098567,1,9,0,18,19,6,2,0,0,0,1,0,4,6,1,1,1,1,1,27,6,-1,-1,-1,-1,-1,-1,0,-1
2021010305198,2021,010305198,1,1,0,18,19,3,7,0,0,6,2,0,0,0,1,1,6,6,1,12,3,-1,-1,-1,-1,6,E01000259,0,-1
2021332100152,2021,332100152,1,9,0,14,14,6,2,0,0,0,0,0,0,0,1,1,6,6,1,27,6,-1,-1,-1,-1,1,E01013673,0,-1
2021610039521,2021,610039521,1,9,0,6,6,2,2,0,0,0,0,0,0,0,3,1,6,6,1,36,7,-1,-1,-1,-1,-1,-1,0,-1
202163C097421,2021,63C097421,2,9,0,18,19,4,8,0,0,0,0,0,0,0,2,1,6,6,1,36,7,-1,-1,-1,-1,-1,-1,0,-1
2021440272504,2021,440272504,2,9,0,18,19,4,8,0,0,0,0,0,0,0,1,1,1,1,1,60,9,-1,-1,-1,-1,4,E01023154,0,-1
2021332100264,2021,332100264,2,3,0,18,19,7,3,0,0,0,0,0,0,0,4,1,6,6,1,22,5,-1,-1,-1,-1,10,E01025869,0,-1
2021010343430,2021,010343430,2,19,0,18,19,3,7,0,0,1,0,0,0,0,4,1,6,6,3,-1,-1,-1,-1,-1,-1,-1,-1,0,-1
2021201118383,2021,201118383,2,9,0,18,19,-1,-1,0,0,0,0,0,0,0,2,1,6,6,1,-1,-1,-1,-1,-1,-1,-1,-1,0,-1
2021401024005,2021,401024005,2,1,0,18,19,8,4,0,0,0,0,0,0,0,4,1,6,6,1,43,7,-1,-1,-1,-1,3,E01017518,0,-1
2021010304719,2021,010304719,2,9,0,99,99,9,9,99,99,9,9,99,9,99,1,9,6,6,3,-1,-1,-1,-1,-1,-1,-1,-1,0,-1
2021052101686,2021,052101686,1,9,0,18,19,1,5,0,0,0,2,4,0,0,1,1,6,6,1,17,4,-1,-1,-1,-1,1,E01006820,0,-1
2021010299545,2021,010299545,1,1,9,99,99,9,9,99,99,9,9,99,9,99,1,1,6,6,3,-1,-1,-1,-1,-1,-1,-1,-1,0,-1
2021201072726,2021,201072726,2,9,0,9,9,8,6,0,0,8,0,0,0,0,0,1,6,6,3,-1,-1,-1,-1,-1,-1,-1,-1,0,-1
2021041060991,2021,041060991,2,9,0,2,2,0,0,0,0,0,0,0,0,0,2,1,1,1,1,39,7,-1,-1,-1,-1,9,E01012566,0,-1
2021201138917,2021,201138917,1,9,0,6,6,8,8,0,0,1,0,0,0,0,4,1,6,6,3,-1,-1,-1,-1,-1,-1,-1,-1,0,-1
2021041114350,2021,041114350,1,22,0,7,7,1,5,0,0,1,0,1,1,0,1,1,5,6,1,15,3,-1,-1,-1,-1,3,E01025063,0,-1
2021010303677,2021,010303677,2,9,0,99,99,9,9,99,99,9,9,99,9,99,9,9,6,6,3,-1,-1,-1,-1,-1,-1,-1,-1,0,-1
2021041115418,2021,041115418,2,90,0,18,19,3,5,0,0,1,0,0,0,0,1,1,6,6,1,13,3,-1,-1,-1,-1,8,E01025443,0,-1
2021201141978,2021,201141978,3,98,1,2,2,0,0,0,0,1,0,0,0,0,2,1,6,6,3,-1,-1,-1,-1,-1,-1,-1,-1,0,-1
2021332100681,2021,332100681,2,1,0,18,19,4,8,9,9,0,0,0,0,0,1,1,1,1,1,36,7,-1,-1,-1,-1,2,E01032873,0,-1