collision_index,collision_year,collision_ref_no,vehicle_reference,vehicle_type,towing_and_articulation,vehicle_manoeuvre_historic,vehicle_manoeuvre,vehicle_direction_from,vehicle_direction_to,vehicle_location_restricted_lane_historic,vehicle_location_restricted_lane,junction_location,skidding_and_overturning,hit_object_in_carriageway,vehicle_leaving_carriageway,hit_object_off_carriageway,first_point_of_impact,vehicle_left_hand_drive,journey_purpose_of_driver_historic,journey_purpose_of_driver,sex_of_driver,age_of_driver,age_band_of_driver,engine_capacity_cc,propulsion_code,age_of_vehicle,generic_make_model,driver_imd_decile,lsoa_of_driver,escooter_flag,driver_distance_banding
2021010288822,2021,010288822,1,1,9,99,99,9,9,99,99,0,9,99,9,99,9,1,6,6,1,41,7,-1,-1,-1,-1,2,E01000063,0,-1
2021010313327,2021,010313327,1,1,9,99,99,9,9,99,99,0,9,99,9,99,9,1,6,6,1,22,5,-1,-1,-1,-1,3,E01004575,0,-1
2021101060670,2021,101060670,1,1,-1,18,19,6,2,0,0,2,0,0,0,0,1,1,6,6,1,16,4,-1,-1,-1,-1,-1,-1,0,-1
202163B078421,2021,63B078421,1,9,0,17,19,1,6,0,0,0,5,0,2,10,4,1,6,6,2,31,6,-1,-1,-1,-1,-1,-1,0,-1
2021351083523,2021,351083523,1,1,0,18,19,3,7,0,0,0,0,0,0,0,1,1,6,6,1,52,8,-1,-1,-1,-1,4,E01017542,0,-1
2021440056629,2021,440056629,1,1,0,18,19,7,3,0,0,4,0,0,0,0,1,1,2,2,1,46,8,-1,-1,-1,-1,-1,-1,0,-1
202160Z025540,2021,60Z025540,1,90,0,18,19,3,7,0,0,0,1,0,0,0,1,1,1,1,1,52,8,-1,-1,-1,-1,-1,-1,0,-1
2021211202764,2021,211202764,1,21,1,12,12,8,4,0,0,0,0,0,0,0,1,1,1,1,1,58,9,-1,-1,-1,-1,-1,-1,0,-1
2021421082630,2021,421082630,1,9,0,11,11,1,6,0,0,3,0,0,0,0,4,1,1,1,1,45,7,-1,-1,-1,-1,4,E01033127,0,-1
2021010307338,2021,010307338,2,9,0,99,99,9,9,99,99,9,9,99,9,99,0,9,6,6,3,-1,-1,-1,-1,-1,-1,-1,-1,0,-1
2021471025188,2021,471025188,1,9,0,9,9,3,8,0,0,8,0,0,0,0,3,1,6,6,3,-1,-1,-1,-1,-1,-1,-1,-1,0,-1
2021010312293,2021,010312293,2,9,0,99,99,9,9,99,99,9,9,99,9,99,9,9,6,6,3,-1,-1,-1,-1,-1,-1,-1,-1,0,-1
2021010312806,2021,010312806,1,1,0,18,19,3,7,0,0,1,0,0,0,0,3,1,6,6,1,28,6,-1,-1,-1,-1,2,E01004341,0,-1
2021201072978,2021,201072978,2,1,0,18,19,2,6,0,0,8,0,0,0,0,1,1,6,6,1,20,4,-1,-1,-1,-1,1,E01008998,0,-1
2021010320644,2021,010320644,1,-1,0,18,19,3,7,0,0,0,0,0,0,0,1,1,6,6,1,-1,-1,-1,-1,-1,-1,-1,-1,1,-1
2021221032896,2021,221032896,2,1,0,16,19,5,8,0,0,0,0,0,0,0,1,1,5,6,2,42,7,-1,-1,-1,-1,4,E01014017,0,-1
202160Z129923,2021,60Z129923,1,1,0,18,19,6,2,0,0,0,0,0,0,0,1,1,6,6,1,15,3,-1,-1,-1,-1,-1,-1,0,-1
2021161091762,2021,161091762,2,1,0,18,19,6,2,0,0,8,0,0,0,0,4,1,6,6,1,53,8,-1,-1,-1,-1,9,E01013304,0,-1
2021111084818,2021,111084818,1,9,0,18,19,5,2,0,0,2,0,0,0,0,1,1,6,6,1,30,6,-1,-1,-1,-1,-1,-1,0,-1
2021010328757,2021,010328757,1,1,9,99,99,9,9,99,99,9,9,99,9,99,0,1,6,6,1,27,6,-1,-1,-1,-1,4,E01000155,0,-1
2021010338288,2021,010338288,1,1,9,99,99,9,9,99,99,9,9,99,9,99,2,1,6,6,2,36,7,-1,-1,-1,-1,3,E01004047,0,-1
202160Z076830,2021,60Z076830,1,8,0,18,19,8,5,0,0,8,0,0,0,0,1,1,6,6,1,52,8,-1,-1,-1,-1,-1,-1,0,-1
2021430258383,2021,430258383,2,1,0,18,19,8,4,0,0,0,0,0,0,0,3,1,6,6,1,48,8,-1,-1,-1,-1,10,E01028779,0,-1
2021430457583,2021,430457583,2,9,0,13,13,3,7,0,0,8,0,0,0,0,1,1,6,6,3,-1,-1,-1,-1,-1,-1,-1,-1,0,-1
2021041080071,2021,041080071,2,1,0,18,19,4,8,0,0,1,0,0,0,0,1,1,6,6,1,47,8,-1,-1,-1,-1,1,E01012622,0,-1
2021061029490,2021,061029490,1,11,0,7,7,5,3,0,0,0,1,0,0,0,3,1,1,1,1,53,8,-1,-1,-1,-1,3,E01005966,0,-1
2021302100902,2021,302100902,2,1,0,18,19,3,7,0,0,8,0,0,0,0,1,1,6,6,1,20,4,-1,-1,-1,-1,-1,-1,0,-1
2021010337681,2021,010337681,2,4,0,18,19,3,7,0,0,8,2,0,0,0,4,1,6,6,1,60,9,-1,-1,-1,-1,4,E01003148,0,-1
2021552101393,2021,552101393,1,1,0,9,9,2,8,0,0,8,0,0,0,0,1,1,2,2,1,58,9,-1,-1,-1,-1,5,E01015461,0,-1
202134WNC6401,2021,34WNC6401,2,9,0,3,3,1,5,0,0,0,0,0,0,0,2,1,2,2,1,39,7,-1,-1,-1,-1,9,E01027289,0,-1
2021411107630,2021,411107630,1,9,0,18,19,8,4,0,0,8,0,0,0,0,1,1,6,6,3,-1,-1,-1,-1,-1,-1,-1,-1,0,-1
2021991067630,2021,991067630,1,8,0,18,19,7,3,0,0,5,0,0,0,0,3,1,6,6,3,30,6,-1,-1,-1,-1,-1,-1,0,-1
2021010315573,2021,010315573,2,98,0,99,99,9,9,99,99,9,9,99,9,99,9,9,6,6,3,-1,-1,-1,-1,-1,-1,-1,-1,0,-1
2021010314265,2021,010314265,1,3,0,18,19,6,2,0,0,1,0,0,0,0,1,1,6,6,3,-1,-1,-1,-1,-1,-1,-1,-1,0,-1
2021061092796,2021,061092796,1,97,0,18,19,5,1,0,0,8,1,0,0,0,1,1,5,6,1,18,4,-1,-1,-1,-1,1,E01006336,0,-1
2021010322527,2021,010322527,2,1,0,9,9,3,1,4,4,1,0,0,0,0,1,1,6,6,2,16,4,-1,-1,-1,-1,8,E01001094,0,-1
2021211089067,2021,211089067,2,1,0,18,19,-1,-1,0,0,0,5,0,0,0,4,1,2,2,1,27,6,-1,-1,-1,-1,1,E01014250,0,-1
2021471033720,2021,471033720,1,9,0,18,19,3,7,0,0,0,0,0,0,0,1,1,6,6,3,-1,-1,-1,-1,-1,-1,-1,-1,0,-1
2021540241921,2021,540241921,2,9,0,9,9,1,5,0,0,0,1,0,0,0,2,1,6,6,1,54,8,-1,-1,-1,-1,9,E01032052,0,-1
2021351024142,2021,351024142,1,9,0,18,19,0,0,0,0,0,0,0,0,0,0,1,6,6,1,-1,-1,-1,-1,-1,-1,-1,-1,0,-1
2021221020509,2021,221020509,1,9,0,18,19,2,6,0,0,8,0,10,1,11,1,1,2,2,1,37,7,-1,-1,-1,-1,1,E01032368,0,-1
2021010310931,2021,010310931,2,98,1,99,99,9,9,99,99,9,9,99,9,99,1,9,6,6,3,-1,-1,-1,-1,-1,-1,-1,-1,0,-1
2021320411312,2021,320411312,1,9,0,18,19,2,6,0,0,0,0,0,0,0,4,1,6,6,3,-1,-1,-1,-1,-1,-1,-1,-1,0,-1
2021010330926,2021,010330926,2,1,0,5,5,3,7,0,0,0,0,0,0,0,1,1,6,6,2,38,7,-1,-1,-1,-1,-1,-1,0,-1
2021320387322,2021,320387322,1,9,0,18,19,4,8,0,0,0,0,0,0,0,0,1,6,6,3,40,7,-1,-1,-1,-1,-1,-1,0,-1
2021141024485,2021,141024485,1,9,0,18,19,1,5,0,0,0,0,0,0,0,1,2,1,1,1,29,6,-1,-1,-1,-1,2,E01007414,0,-1
2021010342317,2021,010342317,2,1,0,18,19,5,1,0,0,8,2,0,1,0,3,1,6,6,1,65,9,-1,-1,-1,-1,10,E01003474,0,-1
2021010317470,2021,010317470,2,19,0,18,19,2,6,0,0,1,0,0,0,0,4,1,6,6,3,-1,-1,-1,-1,-1,-1,-1,-1,0,-1
2021010320232,2021,010320232,1,9,0,99,99,9,9,99,99,9,9,99,9,99,1,9,6,6,3,-1,-1,-1,-1,-1,-1,-1,-1,0,-1
2021552100183,2021,552100183,1,9,0,5,5,5,1,9,9,6,0,0,0,0,1,1,6,6,3,-1,-1,-1,-1,-1,-1,-1,-1,0,-1
2021221059129,2021,221059129,1,9,0,18,19,1,4,0,0,8,0,0,0,0,1,1,6,6,1,64,9,-1,-1,-1,-1,6,E01029623,0,-1
2021211144268,2021,211144268,1,90,0,3,3,1,5,0,0,1,0,0,0,0,0,1,1,1,1,42,7,-1,-1,-1,-1,7,E01029732,0,-1
2021302100248,2021,302100248,1,1,0,18,19,4,2,0,0,0,0,0,0,0,3,1,2,2,1,21,5,-1,-1,-1,-1,4,E01019555,0,-1
2021010330010,2021,010330010,1,1,0,18,19,1,5,0,0,1,0,0,0,0,1,1,6,6,1,37,7,-1,-1,-1,-1,3,E01002781,0,-1
2021010300479,2021,010300479,2,9,0,99,99,9,9,99,99,9,9,99,9,99,9,9,6,6,3,-1,-1,-1,-1,-1,-1,-1,-1,0,-1
2021010304888,2021,010304888,1,8,0,18,19,5,1,0,0,0,0,0,0,0,1,1,6,6,3,-1,-1,-1,-1,-1,-1,-1,-1,0,-1
2021451031582,2021,451031582,1,1,0,17,19,7,3,0,0,8,0,0,0,0,2,1,6,6,2,26,6,-1,-1,-1,-1,9,E01030453,0,-1
2021010347185,2021,010347185,1,1,9,99,99,9,9,99,99,9,9,99,9,99,9,1,2,2,1,33,6,-1,-1,-1,-1,5,E01001659,0,-1
2021430236370,2021,430236370,2,9,0,18,19,2,6,0,0,1,0,0,0,0,1,1,6,6,1,-1,-1,-1,-1,-1,-1,-1,-1,0,-1
2021170M10161,2021,170M10161,1,-1,0,18,19,5,1,9,9,8,0,0,0,0,1,1,6,6,1,10,2,-1,-1,-1,-1,6,E01012046,1,-1
2021010350885,2021,010350885,1,1,9,99,99,9,9,99,99,9,9,99,9,99,9,1,6,6,1,23,5,-1,-1,-1,-1,9,E01003821,0,-1
2021131091873,2021,131091873,2,1,0,18,19,6,2,0,0,8,0,0,0,0,1,1,6,6,1,30,6,-1,-1,-1,-1,4,E01010834,0,-1
2021461053273,2021,461053273,1,19,0,18,19,1,5,0,0,0,0,0,0,0,4,1,6,6,3,-1,-1,-1,-1,-1,-1,-1,-1,0,-1
2021122100116,2021,122100116,1,9,0,18,19,1,5,0,0,0,1,0,0,0,4,1,1,1,1,23,5,-1,-1,-1,-1,9,E01012998,0,-1
2021041080900,2021,041080900,2,1,0,14,14,3,7,0,0,8,0,0,0,0,3,1,5,6,1,60,9,-1,-1,-1,-1,8,E01012613,0,-1
2021440431088,2021,440431088,2,19,0,18,19,7,3,0,0,8,0,0,0,0,4,1,6,6,1,-1,-1,-1,-1,-1,-1,5,E01022728,0,-1
2021430374025,2021,430374025,1,1,0,18,19,8,4,9,9,0,0,0,0,0,3,1,6,6,1,60,9,-1,-1,-1,-1,10,E01028820,0,-1
2021061137058,2021,061137058,1,1,0,18,19,3,7,0,0,0,0,0,0,0,4,1,6,6,1,57,9,-1,-1,-1,-1,3,E01004874,0,-1
2021010338170,2021,010338170,1,1,0,99,99,9,9,0,0,8,0,0,0,0,3,1,6,6,1,50,8,-1,-1,-1,-1,10,E01003891,0,-1
2021010295917,2021,010295917,1,1,9,99,99,9,9,99,99,1,9,99,9,99,1,1,2,2,2,41,7,-1,-1,-1,-1,9,E01004559,0,-1
2021052101030,2021,052101030,2,1,0,12,12,2,6,0,0,0,0,0,0,0,3,1,6,6,2,19,4,-1,-1,-1,-1,10,E01025532,0,-1
2021610034921,2021,610034921,1,9,0,17,19,6,3,6,6,0,0,0,1,0,1,1,1,1,1,21,5,-1,-1,-1,-1,-1,-1,0,-1
2021010345824,2021,010345824,1,1,0,99,99,9,9,0,0,9,0,0,0,0,1,1,6,6,1,42,7,-1,-1,-1,-1,3,E01032786,0,-1
2021610021821,2021,610021821,1,19,0,18,19,1,0,0,0,0,0,0,0,0,2,1,6,6,3,-1,-1,-1,-1,-1,-1,-1,-1,0,-1
2021010312433,2021,010312433,1,1,9,99,99,9,9,99,99,9,9,99,9,99,1,1,6,6,1,46,8,-1,-1,-1,-1,7,E01001965,0,-1
2021471073101,2021,471073101,1,19,0,6,6,8,8,0,0,1,0,0,0,0,2,1,1,1,1,42,7,-1,-1,-1,-1,6,E01017009,0,-1
2021552100876,2021,552100876,1,9,0,5,5,4,7,0,0,4,0,0,0,0,1,1,6,6,3,-1,-1,-1,-1,-1,-1,-1,-1,0,-1
2021351046372,2021,351046372,2,1,0,18,19,1,5,0,0,0,0,0,0,0,3,1,5,6,1,21,5,-1,-1,-1,-1,5,E01017997,0,-1
2021430506052,2021,430506052,1,10,0,4,4,6,2,0,0,0,0,0,0,0,2,1,1,1,1,29,6,-1,-1,-1,-1,4,E01016400,0,-1
2021411078066,2021,411078066,1,1,0,18,19,4,8,9,9,6,0,0,0,0,4,1,4,7,1,11,3,-1,-1,-1,-1,6,E01023943,0,-1
2021471033509,2021,471033509,2,1,0,18,19,4,8,0,0,1,0,0,0,0,3,1,6,6,1,44,7,-1,-1,-1,-1,2,E01031558,0,-1
2021010292606,2021,010292606,2,9,9,99,99,9,9,99,99,0,9,99,9,99,1,1,6,6,3,-1,-1,-1,-1,-1,-1,-1,-1,0,-1
2021411132074,2021,411132074,2,9,0,18,19,3,7,0,0,1,1,0,0,0,1,1,6,6,2,45,7,-1,-1,-1,-1,10,E01023768,0,-1
2021401085646,2021,401085646,4,9,0,3,3,8,4,0,0,0,0,0,0,0,3,1,6,6,1,30,6,-1,-1,-1,-1,1,E01017502,0,-1
202131B050621,2021,31B050621,1,22,0,18,19,4,8,9,9,0,5,0,0,0,3,1,6,6,1,56,9,-1,-1,-1,-1,3,E01028014,0,-1
2021010292241,2021,010292241,2,1,0,3,3,5,1,0,0,0,0,0,0,0,1,1,6,6,1,33,6,-1,-1,-1,-1,2,E01003179,0,-1
202160Z131413,2021,60Z131413,1,1,0,13,13,5,1,0,0,8,0,0,0,0,1,1,6,6,1,36,7,-1,-1,-1,-1,-1,-1,0,-1
20211383Q0285,2021,1383Q0285,1,1,0,18,19,1,5,0,0,0,0,0,0,0,1,1,6,6,1,59,9,-1,-1,-1,-1,7,E01011768,0,-1
2021371067617,2021,371067617,1,9,0,18,19,6,2,0,0,0,0,0,0,0,4,1,1,1,1,32,6,-1,-1,-1,-1,-1,-1,0,-1
2021161052211,2021,161052211,3,9,0,18,19,1,5,0,0,1,0,0,0,0,1,1,5,6,1,42,7,-1,-1,-1,-1,10,E01013171,0,-1
202160Z156430,2021,60Z156430,2,1,4,18,19,2,6,4,4,1,0,0,0,0,2,1,6,6,1,40,7,-1,-1,-1,-1,-1,-1,0,-1
2021332101010,2021,332101010,1,9,0,18,19,8,4,0,0,8,0,0,0,0,1,1,6,6,1,25,5,-1,-1,-1,-1,8,E01025793,0,-1
2021061100233,2021,061100233,1,9,0,18,19,5,1,0,0,8,0,0,0,0,1,1,6,6,3,30,6,-1,-1,-1,-1,-1,-1,0,-1
2021010334510,2021,010334510,1,1,9,99,99,9,9,99,99,9,9,99,9,99,1,1,2,2,2,55,8,-1,-1,-1,-1,3,E01001930,0,-1
2021070579499,2021,070579499,1,1,0,18,19,1,5,5,5,0,5,0,0,0,1,1,6,6,1,42,7,-1,-1,-1,-1,4,W01000332,0,-1
2021141069568,2021,141069568,3,9,0,2,2,0,0,9,9,8,0,0,0,0,2,1,6,6,3,-1,-1,-1,-1,-1,-1,-1,-1,0,-1
2021610027321,2021,610027321,1,19,0,5,5,3,7,0,0,1,0,0,0,0,1,1,1,1,1,58,9,-1,-1,-1,-1,-1,-1,0,-1
2021371071852,2021,371071852,1,9,0,-1,-1,-1,-1,-1,-1,0,-1,-1,-1,0,-1,1,6,6,2,65,9,-1,-1,-1,-1,-1,-1,0,-1
2021141056753,2021,141056753,2,1,0,18,19,5,1,0,0,1,0,0,0,0,1,1,6,6,1,68,10,-1,-1,-1,-1,5,E01007505,0,-1
2021010354413,2021,010354413,1,1,9,99,99,9,9,99,99,0,9,99,9,99,1,1,1,1,1,38,7,-1,-1,-1,-1,4,E01003683,0,-1
2021010288998,2021,010288998,1,1,0,18,19,1,5,0,0,8,0,0,0,0,1,1,6,6,1,31,6,-1,-1,-1,-1,-1,-1,0,-1
2021010301298,2021,010301298,2,9,0,99,99,9,9,99,99,0,9,99,9,99,1,9,6,6,3,-1,-1,-1,-1,-1,-1,-1,-1,0,-1
2021991069917,2021,991069917,2,1,0,18,19,8,4,0,0,3,0,0,0,0,2,1,2,2,1,43,7,-1,-1,-1,-1,3,-1,0,-1
2021010303987,2021,010303987,1,2,9,18,19,1,5,99,99,9,9,99,9,99,9,1,6,6,1,-1,-1,-1,-1,-1,-1,-1,-1,0,-1
202131A031821,2021,31A031821,1,9,0,7,7,4,6,0,0,5,0,0,0,0,4,1,6,6,3,-1,-1,-1,-1,-1,-1,-1,-1,0,-1
202131D092321,2021,31D092321,1,9,0,5,5,6,2,0,0,0,0,0,0,0,1,1,6,6,2,-1,-1,-1,-1,-1,-1,-1,-1,0,-1
2021320432931,2021,320432931,1,9,0,7,7,4,6,0,0,1,0,0,0,0,1,1,6,6,3,40,7,-1,-1,-1,-1,-1,-1,0,-1
2021010343015,2021,010343015,1,1,0,18,19,1,5,0,0,0,9,0,0,0,9,1,6,6,1,54,8,-1,-1,-1,-1,5,E01004695,0,-1
2021471074529,2021,471074529,1,9,0,18,19,2,6,0,0,1,0,0,0,0,1,1,6,6,3,-1,-1,-1,-1,-1,-1,-1,-1,0,-1
2021471092917,2021,471092917,2,1,0,18,19,4,1,0,0,1,0,0,0,0,1,1,1,1,2,62,9,-1,-1,-1,-1,7,E01021081,0,-1
2021131059051,2021,131059051,1,1,0,18,19,2,6,9,9,1,5,0,0,0,1,1,5,6,1,12,3,-1,-1,-1,-1,2,E01011815,0,-1
2021320359863,2021,320359863,1,9,0,18,19,8,4,0,0,4,0,0,0,0,1,1,6,6,1,26,6,-1,-1,-1,-1,2,E01012884,0,-1
2021991070139,2021,991070139,2,1,0,18,19,2,8,0,0,4,0,0,0,0,1,1,5,6,1,61,9,-1,-1,-1,-1,7,-1,0,-1
2021522100431,2021,522100431,1,1,0,18,19,1,5,0,0,1,0,0,0,0,1,1,6,6,1,53,8,-1,-1,-1,-1,10,E01014988,0,-1
2021010300963,2021,010300963,2,1,0,18,19,1,5,4,4,1,0,0,0,0,1,1,6,6,2,25,5,-1,-1,-1,-1,4,E01003029,0,-1
202131C008921,2021,31C008921,2,1,0,18,19,5,1,0,0,0,0,0,0,0,1,1,6,6,1,20,4,-1,-1,-1,-1,5,E01032522,0,-1
2021052100564,2021,052100564,1,19,0,18,19,3,7,0,0,0,0,0,0,0,1,1,1,1,1,64,9,-1,-1,-1,-1,4,E01025525,0,-1
2021501029761,2021,501029761,1,1,0,18,19,1,5,0,0,0,0,4,0,0,1,1,6,6,1,40,7,-1,-1,-1,-1,2,E01015171,0,-1
2021991067783,2021,991067783,2,9,0,18,19,2,6,0,0,0,0,0,0,0,2,1,1,1,1,26,6,-1,-1,-1,-1,4,-1,0,-1
2021351020594,2021,351020594,1,9,0,4,4,1,4,0,0,7,0,0,0,0,1,1,6,6,2,23,5,-1,-1,-1,-1,7,E01018255,0,-1
2021440352731,2021,440352731,1,1,0,18,19,5,1,0,0,6,0,0,0,0,3,1,4,7,2,12,3,-1,-1,-1,-1,2,E01022913,0,-1
2021201134844,2021,201134844,2,9,0,10,10,4,2,0,0,1,1,10,2,7,3,1,6,6,1,29,6,-1,-1,-1,-1,1,E01009343,0,-1
202106K079258,2021,06K079258,2,1,0,18,19,7,3,0,0,5,0,0,0,0,1,1,6,6,1,15,3,-1,-1,-1,-1,3,E01004766,0,-1
2021221013800,2021,221013800,1,9,0,16,19,8,3,0,0,0,5,0,0,0,1,1,2,2,1,31,6,-1,-1,-1,-1,2,E01032481,0,-1
2021610035921,2021,610035921,1,5,0,18,19,5,7,0,0,3,0,0,0,1,4,1,6,6,2,60,9,-1,-1,-1,-1,-1,-1,0,-1
2021421041590,2021,421041590,4,9,0,18,19,8,4,0,0,0,0,0,0,0,2,1,2,2,1,65,9,-1,-1,-1,-1,8,E01001400,0,-1
2021101073694,2021,101073694,2,1,-1,-1,-1,-1,-1,0,0,0,0,0,0,0,2,1,6,6,1,18,4,-1,-1,-1,-1,6,E01008539,0,-1
2021461058646,2021,461058646,2,9,0,18,19,8,6,0,0,0,0,0,0,0,1,1,6,6,3,-1,-1,-1,-1,-1,-1,-1,-1,0,-1
2021052101225,2021,052101225,1,1,0,18,19,3,7,0,0,0,0,0,0,0,1,1,6,6,3,-1,-1,-1,-1,-1,-1,-1,-1,0,-1
2021471014268,2021,471014268,1,-1,0,18,19,2,6,0,0,8,0,0,0,0,1,1,6,6,1,46,8,-1,-1,-1,-1,2,E01020910,1,-1
2021522101602,2021,522101602,2,9,0,18,19,6,2,0,0,8,0,0,0,0,1,1,6,6,2,30,6,-1,-1,-1,-1,-1,-1,0,-1
2021361130520,2021,361130520,1,9,0,13,13,3,6,0,0,0,0,0,0,0,0,1,5,6,1,63,9,-1,-1,-1,-1,9,E01031973,0,-1
2021522104936,2021,522104936,2,9,0,18,19,8,4,0,0,0,0,0,0,0,1,1,6,6,1,40,7,-1,-1,-1,-1,8,E01014444,0,-1
2021141028995,2021,141028995,2,1,0,18,19,5,1,0,0,8,1,0,0,0,1,1,6,6,1,9,2,-1,-1,-1,-1,1,E01007790,0,-1
2021552100695,2021,552100695,1,9,0,18,19,6,2,0,0,0,0,0,0,0,3,1,6,6,3,33,6,-1,-1,-1,-1,-1,-1,0,-1
2021101041100,2021,101041100,3,9,0,2,2,7,3,0,0,1,0,0,0,0,1,1,6,6,3,-1,-1,-1,-1,-1,-1,-1,-1,0,-1
2021111112331,2021,111112331,1,1,0,5,5,5,1,0,0,0,0,0,0,0,1,1,6,6,1,14,3,-1,-1,-1,-1,4,E01012319,0,-1
2021430384403,2021,430384403,2,1,0,18,19,3,7,0,0,8,0,0,0,0,4,1,2,2,2,29,6,-1,-1,-1,-1,6,E01028586,0,-1
2021010299479,2021,010299479,2,1,9,99,99,9,9,99,99,9,9,99,9,99,9,1,6,6,2,34,6,-1,-1,-1,-1,1,E01003188,0,-1
2021552101168,2021,552101168,2,1,0,18,19,8,4,0,0,8,0,0,0,0,4,1,6,6,1,20,4,-1,-1,-1,-1,5,E01015468,0,-1
2021610030021,2021,610030021,1,9,0,18,19,8,4,0,0,0,0,11,0,0,1,1,6,6,1,81,11,-1,-1,-1,-1,-1,-1,0,-1
2021302100740,2021,302100740,2,1,0,18,19,8,4,0,0,0,0,0,0,0,2,1,6,6,1,36,7,-1,-1,-1,-1,3,E01013471,0,-1
2021041022964,2021,041022964,1,9,0,18,19,3,7,0,0,1,0,0,0,0,1,1,1,1,1,51,8,-1,-1,-1,-1,4,E01012607,0,-1
2021031092485,2021,031092485,2,22,0,18,19,3,7,0,0,1,0,0,0,0,1,1,5,6,1,28,6,-1,-1,-1,-1,5,E01019327,0,-1
2021547719621,2021,547719621,1,1,0,7,7,7,1,0,0,8,0,0,0,0,1,1,2,2,1,35,6,-1,-1,-1,-1,4,E01015511,0,-1
2021141066152,2021,141066152,2,9,0,18,19,7,3,0,0,0,1,0,0,0,3,1,2,2,2,48,8,-1,-1,-1,-1,3,E01007702,0,-1
2021440217215,2021,440217215,1,1,0,18,19,1,5,5,5,0,0,0,1,11,4,1,6,6,1,33,6,-1,-1,-1,-1,4,E01022681,0,-1
2021111013762,2021,111013762,1,9,0,16,19,1,5,0,0,1,1,0,8,0,3,1,6,6,1,31,6,-1,-1,-1,-1,4,E01020638,0,-1
2021440125460,2021,440125460,1,1,0,18,19,5,1,0,0,0,0,0,0,0,3,1,6,6,1,19,4,-1,-1,-1,-1,-1,-1,0,-1
2021010311802,2021,010311802,2,9,0,99,99,9,9,99,99,9,9,99,9,99,2,9,6,6,3,-1,-1,-1,-1,-1,-1,-1,-1,0,-1
2021302100778,2021,302100778,2,1,0,13,13,2,6,0,0,0,0,0,0,0,1,1,6,6,1,24,5,-1,-1,-1,-1,5,E01019501,0,-1
2021471082973,2021,471082973,2,1,0,18,19,2,6,0,0,1,0,0,0,0,1,1,6,6,1,27,6,-1,-1,-1,-1,3,E01016894,0,-1
2021161017986,2021,161017986,2,1,0,7,7,7,2,0,0,0,0,0,0,0,1,1,6,6,1,-1,-1,-1,-1,-1,-1,-1,-1,0,-1
2021622100111,2021,622100111,2,1,0,18,19,5,1,0,0,0,0,0,0,0,1,1,6,6,1,8,2,-1,-1,-1,-1,6,W01000806,0,-1
2021332100081,2021,332100081,3,9,0,18,19,3,7,0,0,1,0,0,0,0,0,1,6,6,2,46,8,-1,-1,-1,-1,10,E01025872,0,-1
2021170L30891,2021,170L30891,1,19,0,4,4,4,8,0,0,0,0,0,0,0,2,1,1,1,2,27,6,-1,-1,-1,-1,-1,-1,0,-1
2021201148329,2021,201148329,1,9,0,18,19,7,3,0,0,0,0,4,0,0,1,1,6,6,3,-1,-1,-1,-1,-1,-1,-1,-1,0,-1
2021010302410,2021,010302410,2,9,0,99,99,9,9,99,99,0,9,99,9,99,0,1,6,6,3,-1,-1,-1,-1,-1,-1,-1,-1,0,-1
2021010303538,2021,010303538,1,1,0,18,19,3,7,0,0,1,0,0,0,0,1,1,6,6,1,21,5,-1,-1,-1,-1,-1,-1,0,-1
2021211101396,2021,211101396,2,1,0,18,19,1,4,9,9,1,0,0,0,0,3,1,2,2,1,49,8,-1,-1,-1,-1,2,E01029593,0,-1
2021451105095,2021,451105095,1,9,0,18,19,1,5,0,0,0,0,0,0,0,2,1,6,6,3,34,6,-1,-1,-1,-1,-1,-1,0,-1
2021010331907,2021,010331907,1,1,9,99,99,9,9,99,99,9,9,99,9,99,9,1,2,2,1,30,6,-1,-1,-1,-1,4,E01003023,0,-1
2021170M11731,2021,170M11731,2,1,0,18,19,7,3,0,0,0,0,0,0,0,3,1,6,6,1,27,6,-1,-1,-1,-1,1,E01012037,0,-1
2021010327343,2021,010327343,1,1,9,99,99,9,9,99,99,9,9,99,9,99,9,1,2,2,2,24,5,-1,-1,-1,-1,3,E01004259,0,-1
2021430353791,2021,430353791,1,9,0,18,19,4,8,0,0,1,0,0,0,0,1,1,6,6,3,-1,-1,-1,-1,-1,-1,-1,-1,0,-1
2021522201454,2021,522201454,1,9,0,18,19,4,8,0,0,0,0,0,0,0,1,1,6,6,1,28,6,-1,-1,-1,-1,2,E01014660,0,-1
2021430276722,2021,430276722,2,1,0,3,3,2,6,0,0,1,0,0,0,0,2,1,6,6,1,33,6,-1,-1,-1,-1,9,E01016616,0,-1
2021101030409,2021,101030409,1,1,0,5,5,7,3,0,0,1,0,0,0,0,1,1,2,2,1,31,6,-1,-1,-1,-1,5,E01033556,0,-1
2021471078316,2021,471078316,1,9,0,16,19,3,7,0,0,0,0,0,0,0,1,1,1,1,1,46,8,-1,-1,-1,-1,7,E01020538,0,-1
2021471076398,2021,471076398,1,1,0,18,19,8,4,0,0,0,0,0,0,0,1,1,1,1,1,25,5,-1,-1,-1,-1,7,E01020964,0,-1
2021461061861,2021,461061861,2,1,0,18,19,7,3,0,0,0,0,0,0,0,0,1,6,6,2,61,9,-1,-1,-1,-1,7,E01024073,0,-1
2021351056717,2021,351056717,1,9,0,18,19,7,3,0,0,0,0,0,0,0,1,1,6,6,3,-1,-1,-1,-1,-1,-1,-1,-1,0,-1
2021461030487,2021,461030487,2,1,0,18,19,8,4,0,0,8,0,0,0,0,4,1,5,6,1,50,8,-1,-1,-1,-1,6,E01024136,0,-1
2021610006821,2021,610006821,1,9,0,18,19,4,8,0,0,8,1,0,0,7,1,1,6,6,1,39,7,-1,-1,-1,-1,-1,-1,0,-1
2021522102110,2021,522102110,2,9,0,9,9,8,6,0,0,7,0,0,0,0,1,1,6,6,1,60,9,-1,-1,-1,-1,9,E01014470,0,-1
2021010321045,2021,010321045,2,1,0,18,19,1,5,0,0,1,5,0,0,0,2,1,6,6,1,32,6,-1,-1,-1,-1,3,E01001794,0,-1
2021421087858,2021,421087858,1,19,0,18,19,5,1,0,0,0,0,0,0,0,1,1,6,6,3,-1,-1,-1,-1,-1,-1,-1,-1,0,-1
2021332100823,2021,332100823,1,9,0,9,9,4,2,0,0,6,0,0,0,0,3,1,6,6,2,25,5,-1,-1,-1,-1,4,E01013711,0,-1