collision_index,collision_year,collision_ref_no,vehicle_reference,vehicle_type,towing_and_articulation,vehicle_manoeuvre_historic,vehicle_manoeuvre,vehicle_direction_from,vehicle_direction_to,vehicle_location_restricted_lane_historic,vehicle_location_restricted_lane,junction_location,skidding_and_overturning,hit_object_in_carriageway,vehicle_leaving_carriageway,hit_object_off_carriageway,first_point_of_impact,vehicle_left_hand_drive,journey_purpose_of_driver_historic,journey_purpose_of_driver,sex_of_driver,age_of_driver,age_band_of_driver,engine_capacity_cc,propulsion_code,age_of_vehicle,generic_make_model,driver_imd_decile,lsoa_of_driver,escooter_flag,driver_distance_banding
2021052100850,2021,052100850,1,1,0,18,19,3,7,0,0,1,0,0,0,0,1,1,2,2,1,53,8,-1,-1,-1,-1,1,E01006761,0,-1
2021131050235,2021,131050235,2,4,0,5,5,5,1,9,9,1,0,0,0,0,4,1,2,2,1,23,5,-1,-1,-1,-1,5,E01011006,0,-1
2021010346786,2021,010346786,2,1,0,7,7,3,5,0,0,5,0,0,0,0,1,1,6,6,1,20,4,-1,-1,-1,-1,2,E01002764,0,-1
202106E079320,2021,06E079320,1,9,0,18,19,1,5,0,0,0,0,0,0,0,1,1,6,6,3,30,6,-1,-1,-1,-1,-1,-1,0,-1
2021010334707,2021,010334707,2,1,0,9,9,1,7,0,0,2,5,0,0,0,1,1,2,2,1,54,8,-1,-1,-1,-1,9,E01001993,0,-1
2021101101777,2021,101101777,1,9,-1,1,1,3,7,0,0,8,0,0,0,0,2,1,6,6,2,40,7,-1,-1,-1,-1,9,E01008207,0,-1
202134WNC1971,2021,34WNC1971,2,-1,0,18,19,5,1,0,0,1,0,0,0,0,4,1,6,6,1,10,2,-1,-1,-1,-1,2,E01027314,1,-1
2021041040303,2021,041040303,2,1,0,18,19,5,1,0,0,1,5,0,0,0,3,1,5,6,2,43,7,-1,-1,-1,-1,6,E01025129,0,-1
2021131121169,2021,131121169,2,21,0,12,12,3,7,0,0,0,0,0,0,0,1,2,1,1,1,39,7,-1,-1,-1,-1,-1,-1,0,-1
2021010325726,2021,010325726,2,1,0,13,13,3,7,0,0,1,0,4,0,0,0,1,1,1,1,26,6,-1,-1,-1,-1,6,E01004749,0,-1
2021010340018,2021,010340018,2,9,0,5,5,7,3,0,0,1,0,0,0,0,1,1,6,6,3,-1,-1,-1,-1,-1,-1,-1,-1,0,-1
2021520100513,2021,520100513,2,9,0,2,2,0,0,0,0,0,0,0,0,0,3,1,6,6,2,30,6,-1,-1,-1,-1,-1,-1,0,-1
2021010338671,2021,010338671,1,11,0,17,19,5,1,0,0,2,0,0,0,0,1,1,1,1,3,22,5,-1,-1,-1,-1,-1,-1,0,-1
2021552100948,2021,552100948,1,-1,0,18,19,6,2,9,9,0,0,0,0,0,1,1,6,6,3,-1,-1,-1,-1,-1,-1,-1,-1,1,-1
2021552100772,2021,552100772,2,1,0,18,19,2,6,0,0,1,0,0,0,0,1,1,6,6,2,33,6,-1,-1,-1,-1,3,E01015285,0,-1
2021522101901,2021,522101901,2,9,0,2,2,0,0,0,0,2,0,0,0,0,2,1,6,6,3,-1,-1,-1,-1,-1,-1,-1,-1,0,-1
2021471084725,2021,471084725,1,19,0,13,13,7,3,0,0,1,0,0,0,0,4,1,6,6,3,-1,-1,-1,-1,-1,-1,-1,-1,0,-1
2021010301165,2021,010301165,2,1,5,9,9,1,6,0,0,2,0,0,0,0,3,1,6,6,1,83,11,-1,-1,-1,-1,5,E01002882,0,-1
2021320616448,2021,320616448,2,1,0,18,19,6,2,0,0,1,0,0,0,0,1,1,6,6,2,46,8,-1,-1,-1,-1,4,E01026148,0,-1
2021332100017,2021,332100017,1,9,0,18,19,7,3,0,0,6,0,0,1,9,3,1,6,6,2,33,6,-1,-1,-1,-1,8,E01013643,0,-1
2021440422084,2021,440422084,1,1,0,18,19,1,5,0,0,8,0,0,0,0,1,1,2,2,2,23,5,-1,-1,-1,-1,10,E01022869,0,-1
2021010308685,2021,010308685,2,5,0,99,99,9,9,99,99,9,9,99,9,99,0,1,6,6,3,-1,-1,-1,-1,-1,-1,-1,-1,0,-1
2021461106060,2021,461106060,1,-1,0,18,19,5,1,0,0,1,0,0,0,0,1,1,6,6,1,-1,-1,-1,-1,-1,-1,-1,-1,1,-1
2021520201979,2021,520201979,1,9,0,18,19,6,2,0,0,8,0,0,0,0,1,1,6,6,1,49,8,-1,-1,-1,-1,5,E01029053,0,-1
2021061081163,2021,061081163,2,1,0,18,19,1,1,4,4,0,0,0,0,0,2,1,6,6,1,42,7,-1,-1,-1,-1,-1,-1,0,-1
2021010341720,2021,010341720,1,1,0,99,99,9,9,0,0,8,0,0,0,0,4,1,6,6,1,58,9,-1,-1,-1,-1,8,E01003873,0,-1
2021461109937,2021,461109937,1,9,0,18,19,3,7,0,0,0,0,4,0,0,4,1,6,6,1,81,11,-1,-1,-1,-1,5,E01024654,0,-1
2021052101096,2021,052101096,1,90,0,18,19,4,8,0,0,0,0,0,0,0,3,1,6,6,1,22,5,-1,-1,-1,-1,9,E01004542,0,-1
202163A032621,2021,63A032621,1,9,0,18,19,2,6,0,0,1,5,4,0,0,4,1,6,6,1,35,6,-1,-1,-1,-1,1,W01000733,0,-1
2021461091064,2021,461091064,1,9,0,18,19,1,5,0,0,0,0,0,0,0,4,1,6,6,1,-1,-1,-1,-1,-1,-1,-1,-1,0,-1
2021430244234,2021,430244234,2,19,0,1,1,7,3,0,0,1,0,0,0,0,2,1,6,6,1,-1,-1,-1,-1,-1,-1,-1,-1,0,-1
2021991121618,2021,991121618,1,9,0,13,13,6,2,0,0,0,0,0,0,0,4,1,6,6,3,-1,-1,-1,-1,-1,-1,-1,-1,0,-1
2021061065840,2021,061065840,2,1,-1,18,19,1,5,0,0,1,0,0,0,0,1,1,3,7,1,13,3,-1,-1,-1,-1,-1,-1,0,-1
2021010321669,2021,010321669,1,9,0,5,5,3,7,0,0,6,0,0,0,0,1,1,6,6,3,-1,-1,-1,-1,-1,-1,-1,-1,0,-1
2021010343285,2021,010343285,2,1,0,9,9,1,7,0,0,1,5,0,0,0,3,1,2,2,1,44,7,-1,-1,-1,-1,9,E01002571,0,-1
202134NNC7151,2021,34NNC7151,1,9,0,18,19,2,6,0,0,0,0,0,0,0,4,1,6,6,3,-1,-1,-1,-1,-1,-1,-1,-1,0,-1
2021201107687,2021,201107687,2,1,0,18,19,8,4,0,0,3,1,0,0,0,4,1,1,1,1,28,6,-1,-1,-1,-1,1,E01008913,0,-1
2021061050261,2021,061050261,2,1,0,18,19,3,7,0,0,1,0,0,0,0,1,1,6,6,1,33,6,-1,-1,-1,-1,1,E01005501,0,-1
2021302101925,2021,302101925,2,98,0,18,19,6,2,0,0,0,0,0,0,0,0,1,6,6,3,-1,-1,-1,-1,-1,-1,5,E01019456,0,-1
2021010317060,2021,010317060,2,1,0,18,19,7,3,0,0,2,0,0,0,0,2,1,1,1,1,24,5,-1,-1,-1,-1,4,E01032778,0,-1
202160Z153572,2021,60Z153572,1,9,0,18,19,3,7,0,0,6,0,0,3,0,3,1,6,6,1,75,10,-1,-1,-1,-1,-1,-1,0,-1
2021010333376,2021,010333376,2,1,0,18,19,5,1,0,0,4,0,0,0,0,1,1,6,6,1,29,6,-1,-1,-1,-1,4,E01003626,0,-1
2021010341101,2021,010341101,1,9,0,18,19,3,7,0,0,0,0,0,0,0,1,1,6,6,3,-1,-1,-1,-1,-1,-1,-1,-1,0,-1
2021501016919,2021,501016919,2,9,0,18,19,7,3,0,0,0,0,10,0,0,0,1,6,6,3,-1,-1,-1,-1,-1,-1,-1,-1,0,-1
2021010296273,2021,010296273,1,9,0,8,8,6,7,0,0,1,0,0,0,0,4,1,2,2,1,38,7,-1,-1,-1,-1,4,E01003410,0,-1
202160Z052974,2021,60Z052974,1,9,0,3,3,3,7,0,0,1,0,0,0,0,2,1,6,6,1,63,9,-1,-1,-1,-1,-1,-1,0,-1
2021461030532,2021,461030532,1,9,0,1,1,1,5,0,0,0,0,0,0,0,2,1,1,1,1,37,7,-1,-1,-1,-1,2,E01024604,0,-1
2021010311571,2021,010311571,1,1,9,99,99,9,9,99,99,0,9,99,9,99,9,1,6,6,1,20,4,-1,-1,-1,-1,3,E01004280,0,-1
2021332100292,2021,332100292,2,98,0,18,19,2,6,0,0,1,0,0,0,0,4,1,1,1,1,54,8,-1,-1,-1,-1,1,E01025725,0,-1
2021332100583,2021,332100583,2,9,0,11,11,7,3,0,0,3,1,10,0,0,2,1,2,2,1,25,5,-1,-1,-1,-1,3,E01013508,0,-1
2021010342653,2021,010342653,1,19,0,4,4,7,3,0,0,0,0,0,0,0,3,1,1,1,1,53,8,-1,-1,-1,-1,6,E01000851,0,-1
2021451023451,2021,451023451,2,1,0,9,9,3,7,0,0,1,0,0,0,0,1,1,6,6,1,23,5,-1,-1,-1,-1,10,E01030319,0,-1
2021461030865,2021,461030865,1,9,0,18,19,7,3,0,0,3,0,0,0,0,3,1,6,6,3,-1,-1,-1,-1,-1,-1,-1,-1,0,-1
2021471058998,2021,471058998,1,1,0,18,19,8,4,9,9,1,0,0,0,0,1,1,4,7,1,13,3,-1,-1,-1,-1,1,E01020972,0,-1
202163C018321,2021,63C018321,2,9,0,18,19,1,1,0,0,4,0,0,0,0,2,1,6,6,2,38,7,-1,-1,-1,-1,6,W01000595,0,-1
2021421112187,2021,421112187,4,1,0,18,19,7,3,0,0,0,5,0,1,9,1,1,6,6,1,58,9,-1,-1,-1,-1,10,E01023453,0,-1
2021610032421,2021,610032421,2,9,0,6,6,3,3,0,0,1,0,0,8,11,3,1,6,6,1,31,6,-1,-1,-1,-1,-1,-1,0,-1
2021332100297,2021,332100297,1,9,0,18,19,2,6,0,0,8,0,0,0,0,4,1,6,6,1,75,10,-1,-1,-1,-1,10,E01025991,0,-1
2021201063683,2021,201063683,2,9,0,4,4,1,5,0,0,0,0,0,0,0,2,1,6,6,1,55,8,-1,-1,-1,-1,5,E01009135,0,-1
2021221105045,2021,221105045,2,9,0,18,19,5,1,0,0,4,0,0,0,0,1,1,5,6,1,45,7,-1,-1,-1,-1,7,E01032130,0,-1
2021461017174,2021,461017174,1,9,0,18,19,1,5,0,0,0,2,0,0,0,4,1,1,1,1,32,6,-1,-1,-1,-1,4,E01024142,0,-1
2021010308591,2021,010308591,2,9,0,99,99,9,9,99,99,9,9,99,9,99,9,9,6,6,3,-1,-1,-1,-1,-1,-1,-1,-1,0,-1
2021010338648,2021,010338648,2,9,0,6,6,3,3,0,0,2,0,0,0,0,1,1,6,6,3,-1,-1,-1,-1,-1,-1,-1,-1,0,-1
2021052100452,2021,052100452,1,9,0,9,9,7,5,0,0,5,0,0,0,0,1,1,6,6,3,-1,-1,-1,-1,-1,-1,-1,-1,0,-1
2021552100509,2021,552100509,2,1,0,18,19,3,7,0,0,8,0,0,0,0,2,1,6,6,1,60,9,-1,-1,-1,-1,5,E01020512,0,-1
2021010348204,2021,010348204,2,98,4,99,99,9,9,0,0,0,9,99,9,99,9,9,6,6,3,-1,-1,-1,-1,-1,-1,-1,-1,0,-1
2021411110718,2021,411110718,1,98,0,7,7,5,1,0,0,0,0,0,0,0,1,1,5,6,1,34,6,-1,-1,-1,-1,5,E01008788,0,-1
2021371096894,2021,371096894,1,9,0,18,19,8,4,0,0,0,0,0,0,0,4,1,6,6,3,-1,-1,-1,-1,-1,-1,-1,-1,0,-1
20211383F0982,2021,1383F0982,1,9,0,18,19,1,5,0,0,1,0,0,0,0,0,1,6,6,3,-1,-1,-1,-1,-1,-1,-1,-1,0,-1
2021010303299,2021,010303299,1,1,9,99,99,9,9,99,99,9,9,99,9,99,9,1,6,6,2,25,5,-1,-1,-1,-1,4,E01001645,0,-1
2021101103216,2021,101103216,2,90,-1,-1,-1,-1,-1,-1,-1,0,-1,-1,-1,0,-1,1,6,6,2,55,8,-1,-1,-1,-1,3,E01008511,0,-1
2021332100705,2021,332100705,2,9,0,2,2,0,0,6,6,0,0,0,0,0,3,1,2,2,1,51,8,-1,-1,-1,-1,8,E01025923,0,-1
202163D014921,2021,63D014921,2,1,0,16,19,7,2,0,0,0,0,0,1,10,3,1,6,6,1,26,6,-1,-1,-1,-1,1,W01000414,0,-1
2021547267021,2021,547267021,2,1,0,9,9,7,5,0,0,8,0,0,0,0,4,1,6,6,1,58,9,-1,-1,-1,-1,7,E01032699,0,-1
2021522105678,2021,522105678,1,90,0,18,19,6,2,2,2,0,0,0,0,0,2,1,6,6,1,21,5,-1,-1,-1,-1,1,E01014655,0,-1
202134NNC1821,2021,34NNC1821,1,1,0,18,19,1,5,0,0,0,0,0,0,0,1,1,4,7,1,14,3,-1,-1,-1,-1,4,E01026982,0,-1
2021332100221,2021,332100221,1,9,0,18,19,3,7,0,0,4,0,0,0,0,1,1,6,6,1,71,10,-1,-1,-1,-1,3,E01013665,0,-1
2021421109614,2021,421109614,3,19,0,2,2,0,0,0,0,0,0,0,0,0,1,1,6,6,3,-1,-1,-1,-1,-1,-1,-1,-1,0,-1
2021010339336,2021,010339336,2,1,0,9,9,7,5,0,0,1,0,0,1,0,1,1,6,6,1,36,7,-1,-1,-1,-1,2,E01004224,0,-1
2021302100243,2021,302100243,1,9,0,13,13,2,6,0,0,0,0,0,0,0,4,1,6,6,1,51,8,-1,-1,-1,-1,7,E01019754,0,-1
2021010289837,2021,010289837,1,1,9,99,99,9,9,99,99,9,9,99,9,99,1,1,6,6,1,23,5,-1,-1,-1,-1,3,E01004426,0,-1
2021122101226,2021,122101226,2,9,0,18,19,6,2,0,0,1,0,0,1,0,1,1,6,6,1,45,7,-1,-1,-1,-1,5,E01027613,0,-1
2021010303478,2021,010303478,2,9,0,2,2,0,0,0,0,0,0,0,0,0,1,1,6,6,3,-1,-1,-1,-1,-1,-1,-1,-1,0,-1
2021991116829,2021,991116829,2,1,0,18,19,4,1,0,0,8,0,0,0,0,3,1,2,2,1,65,9,-1,-1,-1,-1,4,-1,0,-1
2021010295573,2021,010295573,2,19,0,99,99,9,9,99,99,0,9,99,9,99,9,9,6,6,1,51,8,-1,-1,-1,-1,6,E01001989,0,-1
2021411120886,2021,411120886,2,1,0,18,19,3,7,0,0,0,0,0,0,0,1,1,5,6,1,28,6,-1,-1,-1,-1,5,E01023829,0,-1
2021302100086,2021,302100086,1,9,0,18,19,2,6,0,0,0,0,0,0,0,1,1,6,6,3,-1,-1,-1,-1,-1,-1,5,E01019456,0,-1
2021010308394,2021,010308394,1,1,0,18,19,3,7,0,0,2,0,0,0,0,1,1,2,2,1,37,7,-1,-1,-1,-1,10,E01000707,0,-1
2021552100304,2021,552100304,1,17,5,9,9,8,7,0,0,5,0,0,0,0,2,1,1,1,3,-1,-1,-1,-1,-1,-1,-1,-1,0,-1
2021430502476,2021,430502476,1,19,0,18,19,8,4,0,0,0,0,0,0,0,1,2,6,6,1,39,7,-1,-1,-1,-1,7,E01016326,0,-1
2021131104805,2021,131104805,1,9,0,18,19,1,1,0,0,0,0,0,0,0,1,1,2,2,2,54,8,-1,-1,-1,-1,2,E01011686,0,-1
2021010352562,2021,010352562,2,1,0,18,19,7,3,0,0,1,0,0,0,0,4,1,6,6,1,18,4,-1,-1,-1,-1,2,E01001820,0,-1
2021010324939,2021,010324939,2,1,0,18,19,1,5,0,0,3,0,0,0,0,3,1,6,6,1,49,8,-1,-1,-1,-1,5,E01023862,0,-1
2021201147484,2021,201147484,1,9,0,18,19,3,7,0,0,0,0,0,0,0,1,1,6,6,1,-1,-1,-1,-1,-1,-1,-1,-1,0,-1
202163C061221,2021,63C061221,2,9,0,18,19,5,1,0,0,8,0,0,0,0,1,1,6,6,1,61,9,-1,-1,-1,-1,6,W01000579,0,-1
2021201118114,2021,201118114,2,5,0,18,19,6,2,0,0,1,0,0,0,0,1,1,6,6,1,63,9,-1,-1,-1,-1,2,E01008984,0,-1
2021991038838,2021,991038838,1,1,0,16,19,1,4,9,9,0,0,0,0,0,4,1,6,6,1,34,6,-1,-1,-1,-1,1,-1,0,-1
2021010291480,2021,010291480,1,9,0,99,99,9,9,99,99,9,9,99,9,99,1,1,6,6,3,-1,-1,-1,-1,-1,-1,-1,-1,0,-1
2021421026619,2021,421026619,1,90,0,18,19,7,3,0,0,0,0,0,0,0,1,1,6,6,3,-1,-1,-1,-1,-1,-1,-1,-1,0,-1
2021522106142,2021,522106142,2,9,0,7,7,6,1,0,0,5,0,0,0,0,3,1,6,6,1,40,7,-1,-1,-1,-1,-1,-1,0,-1
2021010351002,2021,010351002,1,9,0,99,99,9,9,99,99,9,9,99,9,99,1,9,6,6,3,-1,-1,-1,-1,-1,-1,-1,-1,0,-1
2021010323182,2021,010323182,2,1,0,18,19,5,1,0,0,0,0,0,0,0,1,1,1,1,1,19,4,-1,-1,-1,-1,4,E01001903,0,-1
2021440228373,2021,440228373,2,22,0,18,19,3,7,0,0,1,1,0,0,0,3,1,6,6,1,67,10,-1,-1,-1,-1,1,E01014223,0,-1
2021131103938,2021,131103938,1,9,0,11,11,4,8,0,0,8,1,0,0,0,1,1,5,6,2,23,5,-1,-1,-1,-1,5,E01007608,0,-1
2021302100695,2021,302100695,1,1,0,18,19,8,4,0,0,0,0,0,0,0,3,1,6,6,1,20,4,-1,-1,-1,-1,2,E01019647,0,-1
2021201079794,2021,201079794,1,-1,0,18,19,8,4,9,9,0,0,0,0,0,1,1,6,6,2,-1,-1,-1,-1,-1,-1,-1,-1,1,-1
2021010319257,2021,010319257,1,1,0,18,19,1,5,0,0,1,0,0,0,0,3,1,1,1,1,20,4,-1,-1,-1,-1,2,E01003125,0,-1
2021010317825,2021,010317825,1,11,0,18,19,7,3,0,0,9,0,0,0,0,9,1,1,1,1,-1,-1,-1,-1,-1,-1,-1,-1,0,-1
2021010339655,2021,010339655,2,98,0,99,99,9,9,0,0,0,0,0,0,0,9,9,6,6,3,-1,-1,-1,-1,-1,-1,-1,-1,0,-1
2021010337754,2021,010337754,2,9,0,9,9,3,1,0,0,5,0,0,0,0,3,1,1,1,1,59,9,-1,-1,-1,-1,-1,-1,0,-1
2021070241772,2021,070241772,2,1,0,18,19,1,5,0,0,0,0,0,0,0,3,1,6,6,1,48,8,-1,-1,-1,-1,5,E01018501,0,-1
2021481153478,2021,481153478,2,1,0,18,19,7,3,0,0,0,0,0,0,0,1,1,2,2,1,17,4,-1,-1,-1,-1,-1,-1,0,-1
2021010289570,2021,010289570,2,98,0,99,99,9,9,99,99,9,9,99,9,99,9,9,6,6,3,-1,-1,-1,-1,-1,-1,-1,-1,0,-1
202131C002821,2021,31C002821,1,9,0,18,19,8,4,0,0,2,0,0,0,0,1,1,6,6,1,-1,-1,-1,-1,-1,-1,-1,-1,0,-1
2021610004121,2021,610004121,1,3,0,9,9,1,6,0,0,1,0,0,0,0,1,1,6,6,2,20,4,-1,-1,-1,-1,-1,-1,0,-1
202131D073221,2021,31D073221,1,1,0,18,19,7,3,0,0,1,0,0,0,0,4,1,6,6,1,19,4,-1,-1,-1,-1,2,E01028271,0,-1
2021010350530,2021,010350530,2,1,9,99,99,9,9,99,99,9,9,99,9,99,9,1,6,6,1,37,7,-1,-1,-1,-1,1,E01002066,0,-1
2021320274036,2021,320274036,1,9,0,4,4,4,8,0,0,0,0,0,0,0,1,1,1,1,2,54,8,-1,-1,-1,-1,9,E01013194,0,-1
2021010310483,2021,010310483,2,1,0,18,19,5,1,0,0,1,0,0,0,0,1,1,6,6,1,28,6,-1,-1,-1,-1,5,E01033708,0,-1
2021371053990,2021,371053990,1,11,0,18,19,7,3,0,0,1,0,0,0,0,-1,1,1,1,1,-1,-1,-1,-1,-1,-1,-1,-1,0,-1
2021451059576,2021,451059576,2,19,0,3,3,2,2,0,0,0,0,0,0,0,1,1,6,6,1,35,6,-1,-1,-1,-1,6,E01030717,0,-1
2021010316573,2021,010316573,2,9,0,99,99,9,9,99,99,9,9,99,9,99,1,9,6,6,3,-1,-1,-1,-1,-1,-1,-1,-1,0,-1
2021991101326,2021,991101326,2,1,0,18,19,5,1,0,0,8,0,0,0,0,1,1,2,2,1,51,8,-1,-1,-1,-1,10,-1,0,-1
2021010332008,2021,010332008,1,1,0,18,19,5,1,0,0,1,0,11,0,0,1,1,1,1,2,26,6,-1,-1,-1,-1,2,E01003305,0,-1
2021201088702,2021,201088702,1,9,0,9,9,6,4,0,0,5,0,0,0,0,1,1,6,6,1,30,6,-1,-1,-1,-1,3,E01028546,0,-1
2021010347152,2021,010347152,1,97,0,13,13,2,6,0,0,0,0,0,0,0,1,1,6,6,3,-1,-1,-1,-1,-1,-1,-1,-1,0,-1
2021052102705,2021,052102705,1,-1,0,18,19,8,4,0,0,0,0,0,0,0,1,1,6,6,3,-1,-1,-1,-1,-1,-1,-1,-1,1,-1
2021131118575,2021,131118575,2,1,0,18,19,3,7,0,0,0,0,0,0,0,2,1,6,6,1,34,6,-1,-1,-1,-1,6,E01010948,0,-1
2021010304445,2021,010304445,2,1,0,18,19,3,7,0,0,1,0,0,0,0,1,1,6,6,1,60,9,-1,-1,-1,-1,10,E01003454,0,-1
2021010320720,2021,010320720,2,9,0,13,13,5,1,0,0,1,0,0,0,0,0,1,6,6,1,-1,-1,-1,-1,-1,-1,-1,-1,0,-1
2021122100269,2021,122100269,2,1,0,18,19,5,1,9,9,8,0,0,0,0,1,1,6,6,1,14,3,-1,-1,-1,-1,6,E01027916,0,-1
2021440255204,2021,440255204,2,1,0,18,19,7,3,0,0,0,0,0,0,0,1,1,6,6,3,-1,-1,-1,-1,-1,-1,-1,-1,0,-1
2021332100049,2021,332100049,1,9,0,18,19,7,3,0,0,0,0,0,0,0,4,1,6,6,2,47,8,-1,-1,-1,-1,10,E01025814,0,-1
2021010338742,2021,010338742,1,1,0,18,19,3,7,0,0,2,0,0,0,0,1,1,1,1,1,30,6,-1,-1,-1,-1,3,E01003014,0,-1
202134NNC6431,2021,34NNC6431,2,1,0,18,19,7,3,0,0,0,5,0,0,0,2,1,2,2,1,18,4,-1,-1,-1,-1,8,E01027040,0,-1
2021010335568,2021,010335568,2,22,0,18,19,7,3,0,0,1,0,0,0,0,3,1,6,6,1,23,5,-1,-1,-1,-1,5,E01004549,0,-1
2021351104709,2021,351104709,1,98,0,11,11,7,3,0,0,0,0,0,0,0,1,1,6,6,3,-1,-1,-1,-1,-1,-1,-1,-1,0,-1
202163A093121,2021,63A093121,1,9,0,18,19,8,4,0,0,1,0,0,0,0,1,1,6,6,3,-1,-1,-1,-1,-1,-1,-1,-1,0,-1
2021010302643,2021,010302643,2,1,0,18,19,7,3,0,0,1,0,0,0,0,1,1,6,6,1,36,7,-1,-1,-1,-1,3,E01001267,0,-1
2021201109896,2021,201109896,2,1,0,5,5,-1,-1,0,0,0,0,0,0,0,1,1,6,6,1,12,3,-1,-1,-1,-1,3,E01010018,0,-1
2021201135608,2021,201135608,2,1,0,18,19,7,3,0,0,1,0,0,0,0,3,1,6,6,1,13,3,-1,-1,-1,-1,6,E01010135,0,-1
2021170S11201,2021,170S11201,1,1,0,18,19,7,3,0,0,0,0,0,0,0,1,1,6,6,1,15,3,-1,-1,-1,-1,1,E01012266,0,-1
202163C052121,2021,63C052121,2,9,0,3,3,8,4,0,0,1,0,0,0,0,2,1,6,6,1,36,7,-1,-1,-1,-1,6,W01000509,0,-1
202134WNC7581,2021,34WNC7581,1,-1,0,18,19,2,6,0,0,0,0,0,0,0,3,1,6,6,1,19,4,-1,-1,-1,-1,-1,-1,1,-1
2021421021430,2021,421021430,1,90,0,4,4,2,6,0,0,0,0,0,0,0,0,1,6,6,3,40,7,-1,-1,-1,-1,-1,-1,0,-1
202134WNC0331,2021,34WNC0331,2,9,0,18,19,5,1,0,0,0,0,0,0,0,3,1,6,6,1,47,8,-1,-1,-1,-1,-1,-1,0,-1
2021010313242,2021,010313242,2,9,0,99,99,9,9,99,99,9,9,99,9,99,1,9,6,6,3,-1,-1,-1,-1,-1,-1,-1,-1,0,-1
2021010301089,2021,010301089,2,1,0,18,19,5,1,0,0,1,0,0,0,0,1,1,6,6,1,64,9,-1,-1,-1,-1,2,E01002831,0,-1
2021332101525,2021,332101525,4,9,0,2,2,5,1,0,0,0,0,0,0,0,0,1,6,6,1,61,9,-1,-1,-1,-1,-1,-1,0,-1
2021010323750,2021,010323750,1,9,0,9,9,5,3,0,0,1,0,0,0,0,1,1,6,6,1,34,6,-1,-1,-1,-1,7,E01030049,0,-1
2021361077186,2021,361077186,1,1,0,18,19,5,1,0,0,8,0,0,0,0,0,1,5,6,1,19,4,-1,-1,-1,-1,10,E01026507,0,-1
202131B116321,2021,31B116321,2,1,0,18,19,4,8,9,9,1,0,0,0,0,4,1,6,6,1,39,7,-1,-1,-1,-1,-1,-1,0,-1
2021010289874,2021,010289874,2,9,0,99,99,9,9,99,99,1,9,99,9,99,3,9,6,6,3,-1,-1,-1,-1,-1,-1,-1,-1,0,-1
2021201055910,2021,201055910,3,9,0,9,9,1,6,0,0,5,0,0,0,0,2,1,6,6,1,-1,-1,-1,-1,-1,-1,-1,-1,0,-1
2021371128672,2021,371128672,3,9,4,3,3,8,4,0,0,8,0,0,0,0,2,1,1,1,1,63,9,-1,-1,-1,-1,6,E01021406,0,-1
2021371039026,2021,371039026,2,9,5,18,19,3,7,0,0,0,0,0,0,0,2,1,2,2,1,58,9,-1,-1,-1,-1,10,E01033319,0,-1
2021440085273,2021,440085273,1,9,0,13,13,6,2,0,0,1,1,0,0,0,0,1,6,6,1,35,6,-1,-1,-1,-1,1,E01017166,0,-1
2021520104484,2021,520104484,2,9,0,18,19,6,2,0,0,1,0,0,0,0,1,1,6,6,1,60,9,-1,-1,-1,-1,5,E01029193,0,-1
2021010344650,2021,010344650,1,2,0,18,19,3,7,0,0,0,0,0,0,0,1,1,6,6,3,-1,-1,-1,-1,-1,-1,-1,-1,0,-1
2021010321972,2021,010321972,2,9,5,18,19,5,1,0,0,0,0,0,0,0,1,1,1,1,1,48,8,-1,-1,-1,-1,1,E01003535,0,-1
2021161024169,2021,161024169,1,1,0,18,19,7,3,0,0,8,5,0,0,0,4,1,5,6,1,16,4,-1,-1,-1,-1,8,E01012909,0,-1
2021411095889,2021,411095889,1,9,0,4,4,8,3,0,0,0,0,0,0,0,2,1,1,1,1,44,7,-1,-1,-1,-1,8,E01023466,0,-1
2021061028788,2021,061028788,2,1,0,18,19,3,3,0,0,1,0,0,0,0,4,1,6,6,1,29,6,-1,-1,-1,-1,-1,-1,0,-1
202160Z007741,2021,60Z007741,1,9,0,5,5,6,8,0,0,7,0,0,0,0,1,1,6,6,1,83,11,-1,-1,-1,-1,-1,-1,0,-1
2021010312619,2021,010312619,2,1,9,18,19,7,3,99,99,9,9,99,9,99,1,1,6,6,1,35,6,-1,-1,-1,-1,7,E01002579,0,-1
202163C030521,2021,63C030521,1,9,0,7,7,2,4,0,0,6,0,0,0,0,1,1,6,6,3,-1,-1,-1,-1,-1,-1,-1,-1,0,-1
2021522104169,2021,522104169,2,1,0,18,19,6,2,0,0,8,0,0,0,0,1,1,6,6,1,58,9,-1,-1,-1,-1,8,E01014553,0,-1
2021332100956,2021,332100956,1,9,0,18,19,1,5,0,0,8,0,7,4,1,4,1,6,6,1,61,9,-1,-1,-1,-1,4,E01013733,0,-1
2021010308688,2021,010308688,1,9,0,15,15,7,3,0,0,8,0,0,0,0,1,1,6,6,3,-1,-1,-1,-1,-1,-1,-1,-1,0,-1
2021430280247,2021,430280247,1,1,0,18,19,2,6,0,0,8,0,0,0,0,4,1,6,6,1,-1,-1,-1,-1,-1,-1,-1,-1,0,-1
2021061085271,2021,061085271,2,1,0,9,9,1,7,0,0,2,0,0,0,0,2,1,2,2,1,29,6,-1,-1,-1,-1,3,E01033654,0,-1
2021548636421,2021,548636421,2,1,0,18,19,2,6,0,0,0,0,0,0,0,2,1,6,6,1,58,9,-1,-1,-1,-1,10,E01031924,0,-1
2021010324121,2021,010324121,1,1,9,99,99,9,9,99,99,9,9,99,9,99,9,1,2,2,2,41,7,-1,-1,-1,-1,4,E01000780,0,-1
2021010309975,2021,010309975,2,9,0,99,99,9,9,99,99,9,9,99,9,99,9,9,6,6,1,44,7,-1,-1,-1,-1,6,E01002200,0,-1
2021221066219,2021,221066219,1,9,0,13,13,5,1,0,0,0,0,0,0,0,4,1,6,6,3,34,6,-1,-1,-1,-1,-1,-1,0,-1
2021231049725,2021,231049725,2,1,0,5,5,6,2,0,0,6,0,0,0,0,1,1,5,6,2,27,6,-1,-1,-1,-1,8,E01031230,0,-1
2021161055961,2021,161055961,1,97,0,18,19,5,1,4,4,0,0,0,0,0,1,1,6,6,1,-1,-1,-1,-1,-1,-1,-1,-1,0,-1
2021461090890,2021,461090890,2,1,0,18,19,3,7,0,0,0,0,0,0,0,2,1,6,6,1,44,7,-1,-1,-1,-1,4,E01024099,0,-1