collision_index,collision_year,collision_ref_no,vehicle_reference,vehicle_type,towing_and_articulation,vehicle_manoeuvre_historic,vehicle_manoeuvre,vehicle_direction_from,vehicle_direction_to,vehicle_location_restricted_lane_historic,vehicle_location_restricted_lane,junction_location,skidding_and_overturning,hit_object_in_carriageway,vehicle_leaving_carriageway,hit_object_off_carriageway,first_point_of_impact,vehicle_left_hand_drive,journey_purpose_of_driver_historic,journey_purpose_of_driver,sex_of_driver,age_of_driver,age_band_of_driver,engine_capacity_cc,propulsion_code,age_of_vehicle,generic_make_model,driver_imd_decile,lsoa_of_driver,escooter_flag,driver_distance_banding
2021461081026,2021,461081026,2,1,0,18,19,2,6,0,0,0,0,0,1,0,3,1,5,6,1,57,9,-1,-1,-1,-1,7,E01032822,0,-1
2021031133347,2021,031133347,1,9,0,16,19,7,3,0,0,0,2,0,2,11,1,1,2,2,1,21,5,-1,-1,-1,-1,5,E01019132,0,-1
2021010350152,2021,010350152,2,1,0,4,4,1,5,4,4,1,0,0,0,0,1,1,1,1,2,31,6,-1,-1,-1,-1,5,E01033731,0,-1
2021131121996,2021,131121996,2,1,0,18,19,6,2,0,0,1,0,0,0,0,1,1,6,6,1,67,10,-1,-1,-1,-1,5,E01011741,0,-1
2021170H11171,2021,170H11171,2,9,0,18,19,5,1,0,0,0,0,0,0,0,1,1,6,6,1,-1,-1,-1,-1,-1,-1,-1,-1,0,-1
2021520101600,2021,520101600,1,9,0,18,19,7,3,0,0,8,0,0,0,0,4,1,6,6,1,56,9,-1,-1,-1,-1,10,E01029083,0,-1
2021451032761,2021,451032761,1,1,0,18,19,5,1,0,0,0,0,0,0,0,2,1,5,6,1,51,8,-1,-1,-1,-1,9,E01003837,0,-1
202134WNC4361,2021,34WNC4361,3,9,0,18,19,7,3,0,0,0,1,0,0,7,1,1,2,2,1,30,6,-1,-1,-1,-1,4,E01027007,0,-1
2021010290228,2021,010290228,1,19,9,99,99,9,9,99,99,9,9,99,9,99,9,9,6,6,3,-1,-1,-1,-1,-1,-1,-1,-1,0,-1
2021070234619,2021,070234619,1,9,0,2,2,1,5,0,0,0,0,0,1,0,2,1,1,1,1,58,9,-1,-1,-1,-1,1,E01014358,0,-1
2021610047121,2021,610047121,2,1,0,17,19,5,2,0,0,1,0,0,1,0,3,1,6,6,1,42,7,-1,-1,-1,-1,-1,-1,0,-1
2021991068297,2021,991068297,1,9,0,3,3,8,4,0,0,1,0,0,0,0,1,1,6,6,1,21,5,-1,-1,-1,-1,-1,-1,0,-1
2021161049574,2021,161049574,1,11,0,18,19,0,7,0,0,0,0,0,0,0,1,1,1,1,1,-1,-1,-1,-1,-1,-1,-1,-1,0,-1
2021010309671,2021,010309671,1,97,9,14,14,3,7,0,0,9,9,99,9,99,9,1,6,6,3,-1,-1,-1,-1,-1,-1,-1,-1,0,-1
2021041032728,2021,041032728,2,1,0,18,19,5,5,0,0,1,0,0,0,0,4,1,5,6,1,61,9,-1,-1,-1,-1,9,E01007096,0,-1
2021351053088,2021,351053088,2,1,0,9,9,6,8,9,9,5,0,0,0,0,3,1,6,6,2,70,10,-1,-1,-1,-1,9,E01018205,0,-1
2021610033421,2021,610033421,2,1,0,18,19,8,4,0,0,0,0,0,0,0,1,1,6,6,1,63,9,-1,-1,-1,-1,-1,-1,0,-1
2021361106292,2021,361106292,2,1,0,4,4,7,4,0,0,0,0,0,0,0,2,1,6,6,1,58,9,-1,-1,-1,-1,7,E01026539,0,-1
2021010341617,2021,010341617,2,1,0,12,12,1,5,0,0,8,1,0,0,0,2,1,1,1,1,30,6,-1,-1,-1,-1,2,E01001848,0,-1
2021131092479,2021,131092479,1,9,0,-1,-1,-1,-1,-1,-1,-1,-1,-1,-1,-1,-1,1,6,6,3,-1,-1,-1,-1,-1,-1,-1,-1,0,-1
2021481048279,2021,481048279,2,9,0,9,9,7,5,0,0,8,0,0,0,0,0,1,6,6,1,40,7,-1,-1,-1,-1,-1,-1,0,-1
2021430461550,2021,430461550,1,1,0,18,19,4,8,0,0,1,0,10,0,0,4,1,6,6,1,44,7,-1,-1,-1,-1,9,E01016276,0,-1
2021010344183,2021,010344183,2,11,9,99,99,9,9,99,99,9,9,99,9,99,9,1,6,6,1,66,10,-1,-1,-1,-1,2,E01003126,0,-1
2021201072650,2021,201072650,1,1,0,6,6,7,3,0,0,1,0,0,0,0,3,1,6,6,1,38,7,-1,-1,-1,-1,-1,-1,0,-1
2021010322435,2021,010322435,1,1,0,99,99,9,9,0,0,0,0,0,0,0,1,1,6,6,1,-1,-1,-1,-1,-1,-1,-1,-1,0,-1
2021461130970,2021,461130970,5,98,0,2,2,0,0,0,0,0,0,0,0,0,4,1,6,6,1,72,10,-1,-1,-1,-1,1,E01016063,0,-1
2021041122011,2021,041122011,1,9,0,18,19,3,7,0,0,1,0,0,0,0,1,1,6,6,3,-1,-1,-1,-1,-1,-1,-1,-1,0,-1
2021311083973,2021,311083973,1,5,0,7,7,5,8,0,0,0,2,0,0,0,4,1,5,6,1,35,6,-1,-1,-1,-1,2,E01013834,0,-1
2021131056877,2021,131056877,2,9,0,18,19,7,3,0,0,0,0,0,0,0,-1,1,6,6,3,-1,-1,-1,-1,-1,-1,-1,-1,0,-1
2021010318463,2021,010318463,2,9,0,99,99,9,9,99,99,1,9,99,9,99,9,1,6,6,3,-1,-1,-1,-1,-1,-1,-1,-1,0,-1
2021451073220,2021,451073220,1,1,0,4,4,1,5,0,0,8,0,0,0,0,2,1,5,6,1,48,8,-1,-1,-1,-1,8,E01030735,0,-1
2021501085037,2021,501085037,1,9,0,5,5,3,7,0,0,0,0,0,0,0,1,1,6,6,3,-1,-1,-1,-1,-1,-1,-1,-1,0,-1
2021471063175,2021,471063175,1,19,0,18,19,3,8,0,0,1,0,0,0,0,4,1,6,6,1,-1,-1,-1,-1,-1,-1,-1,-1,0,-1
2021052102299,2021,052102299,2,1,0,18,19,8,4,0,0,1,0,0,0,0,1,1,6,6,1,27,6,-1,-1,-1,-1,4,E01033756,0,-1
2021010325540,2021,010325540,1,19,0,18,19,7,3,0,0,0,0,0,0,0,4,1,6,6,3,-1,-1,-1,-1,-1,-1,-1,-1,0,-1
2021141101906,2021,141101906,2,11,0,5,5,5,6,0,0,6,0,0,0,0,1,1,1,1,3,-1,-1,-1,-1,-1,-1,-1,-1,0,-1
2021131036533,2021,131036533,1,1,0,5,5,3,7,9,9,0,0,0,0,0,3,1,6,6,1,48,8,-1,-1,-1,-1,1,E01010676,0,-1
2021461109232,2021,461109232,1,2,-1,-1,-1,-1,-1,-1,-1,-1,-1,-1,-1,0,-1,1,6,6,3,-1,-1,-1,-1,-1,-1,-1,-1,0,-1
202131C162021,2021,31C162021,1,-1,0,18,19,1,5,9,9,2,0,0,0,0,1,1,6,6,1,-1,-1,-1,-1,-1,-1,-1,-1,1,-1
2021010323801,2021,010323801,2,1,0,15,15,7,3,0,0,2,5,4,0,0,1,1,6,6,1,40,7,-1,-1,-1,-1,2,E01004013,0,-1
202163B076721,2021,63B076721,3,1,0,18,19,5,1,0,0,8,0,0,0,0,0,1,6,6,1,9,2,-1,-1,-1,-1,5,W01000531,0,-1
2021351090504,2021,351090504,2,1,0,18,19,1,5,0,0,0,0,0,0,0,1,1,6,6,1,74,10,-1,-1,-1,-1,1,E01015616,0,-1
2021991113319,2021,991113319,1,1,0,7,7,7,2,0,0,2,0,0,0,0,2,1,2,2,1,48,8,-1,-1,-1,-1,10,-1,0,-1
2021501023807,2021,501023807,2,9,0,18,19,1,5,0,0,0,0,0,0,0,3,1,5,6,3,-1,-1,-1,-1,-1,-1,-1,-1,0,-1
2021411110632,2021,411110632,7,9,0,4,4,2,6,0,0,0,0,0,0,0,1,1,6,6,1,23,5,-1,-1,-1,-1,2,E01015741,0,-1
2021010300486,2021,010300486,1,1,0,18,19,1,5,0,0,1,0,0,0,0,1,1,6,6,1,52,8,-1,-1,-1,-1,3,E01001825,0,-1
202131C015921,2021,31C015921,2,9,0,18,19,6,2,0,0,0,0,0,0,0,1,1,6,6,3,-1,-1,-1,-1,-1,-1,-1,-1,0,-1
2021201040378,2021,201040378,1,9,0,18,19,6,2,0,0,8,0,0,0,0,0,1,1,1,1,30,6,-1,-1,-1,-1,4,E01033617,0,-1
2021010291112,2021,010291112,2,8,0,7,7,3,6,0,0,1,0,0,0,0,4,1,6,6,3,-1,-1,-1,-1,-1,-1,-1,-1,0,-1
2021010298098,2021,010298098,2,1,0,9,9,2,8,0,0,8,5,0,0,0,1,1,2,2,1,41,7,-1,-1,-1,-1,5,E01000994,0,-1
2021461029907,2021,461029907,2,9,0,18,19,5,1,0,0,0,0,11,0,0,1,1,5,6,1,47,8,-1,-1,-1,-1,4,E01024570,0,-1
2021010328274,2021,010328274,1,1,9,99,99,9,9,99,99,9,9,99,9,99,9,1,6,6,3,-1,-1,-1,-1,-1,-1,-1,-1,0,-1
2021070041536,2021,070041536,1,9,0,15,15,3,7,0,0,0,0,0,0,0,4,1,6,6,3,-1,-1,-1,-1,-1,-1,-1,-1,0,-1
2021440499993,2021,440499993,1,22,0,18,19,7,3,9,9,2,0,0,0,0,1,1,6,6,2,77,11,-1,-1,-1,-1,6,E01022814,0,-1
2021201133855,2021,201133855,1,9,0,18,19,4,8,0,0,0,0,0,0,0,0,1,6,6,3,30,6,-1,-1,-1,-1,-1,-1,0,-1
2021622100416,2021,622100416,2,1,0,18,19,8,4,0,0,1,0,0,0,0,1,1,6,6,1,35,6,-1,-1,-1,-1,6,W01001000,0,-1
2021501064935,2021,501064935,1,1,0,4,4,4,8,0,0,0,1,0,0,0,1,1,5,6,1,66,10,-1,-1,-1,-1,5,E01019039,0,-1
2021101118769,2021,101118769,1,9,0,18,19,7,3,0,0,4,0,0,0,0,3,1,6,6,3,-1,-1,-1,-1,-1,-1,-1,-1,0,-1
2021461084171,2021,461084171,1,9,0,18,19,8,4,0,0,0,0,0,0,0,1,1,6,6,1,-1,-1,-1,-1,-1,-1,-1,-1,0,-1
2021010304732,2021,010304732,2,1,0,18,19,1,5,0,0,8,0,0,0,0,1,1,2,2,2,46,8,-1,-1,-1,-1,7,E01003815,0,-1
2021610008621,2021,610008621,2,9,0,2,2,0,0,0,0,0,0,4,0,0,1,1,6,6,3,-1,-1,-1,-1,-1,-1,-1,-1,0,-1
2021332100369,2021,332100369,1,9,0,9,9,5,3,0,0,6,0,0,1,0,3,1,1,1,1,20,4,-1,-1,-1,-1,9,E01025661,0,-1
2021522106210,2021,522106210,1,1,0,18,19,3,7,0,0,4,0,0,0,0,4,1,6,6,1,38,7,-1,-1,-1,-1,1,E01014688,0,-1
2021010287612,2021,010287612,1,9,0,99,99,9,9,99,99,9,9,99,9,99,9,9,6,6,3,-1,-1,-1,-1,-1,-1,-1,-1,0,-1
2021161034509,2021,161034509,1,9,0,1,1,1,1,0,0,0,0,0,0,0,2,1,6,6,3,-1,-1,-1,-1,-1,-1,-1,-1,0,-1
2021010317807,2021,010317807,1,1,0,5,5,7,3,0,0,2,1,10,7,0,2,1,2,2,1,37,7,-1,-1,-1,-1,2,E01001432,0,-1
2021421049893,2021,421049893,1,9,0,9,9,5,3,0,0,1,0,0,0,0,4,1,6,6,1,20,4,-1,-1,-1,-1,-1,-1,0,-1
2021451015057,2021,451015057,1,9,0,18,19,7,3,0,0,0,0,0,0,0,1,1,5,6,1,32,6,-1,-1,-1,-1,9,E01030431,0,-1
2021361104212,2021,361104212,1,9,0,16,19,7,3,0,0,0,5,0,1,10,1,1,5,6,2,50,8,-1,-1,-1,-1,5,E01026435,0,-1
2021411099651,2021,411099651,2,1,0,18,19,-1,-1,0,0,1,0,0,0,0,1,1,5,6,1,60,9,-1,-1,-1,-1,10,E01023551,0,-1
2021501108144,2021,501108144,1,9,0,13,13,7,4,0,0,0,0,0,0,0,1,1,2,2,1,49,8,-1,-1,-1,-1,3,E01015162,0,-1
2021991038847,2021,991038847,1,9,0,4,4,1,5,0,0,0,0,0,0,0,1,1,2,2,1,58,9,-1,-1,-1,-1,5,-1,0,-1
2021201072585,2021,201072585,2,9,0,18,19,6,2,0,0,1,0,0,0,0,0,1,6,6,3,-1,-1,-1,-1,-1,-1,-1,-1,0,-1
2021161119680,2021,161119680,2,1,0,18,19,3,7,0,0,1,0,0,0,0,1,1,6,6,1,16,4,-1,-1,-1,-1,1,E01013201,0,-1
2021552100945,2021,552100945,2,9,0,18,19,2,6,0,0,8,0,0,0,0,1,1,6,6,1,33,6,-1,-1,-1,-1,6,E01015355,0,-1
2021010320730,2021,010320730,2,-1,0,18,19,1,5,0,0,8,0,0,0,0,1,1,1,1,2,20,4,-1,-1,-1,-1,2,E01003179,1,-1
2021471108480,2021,471108480,1,-1,0,5,5,2,6,4,4,8,0,0,0,0,3,1,6,6,1,15,3,-1,-1,-1,-1,3,E01016907,1,-1
2021131036792,2021,131036792,2,1,0,18,19,7,3,0,0,0,0,0,1,0,3,1,2,2,1,32,6,-1,-1,-1,-1,10,E01010580,0,-1
2021351095404,2021,351095404,2,-1,0,18,19,4,8,0,0,0,0,0,0,0,1,1,6,6,1,21,5,-1,-1,-1,-1,3,E01033092,1,-1
2021332100821,2021,332100821,2,98,0,18,19,4,8,0,0,0,0,0,0,0,1,1,2,2,1,54,8,-1,-1,-1,-1,8,E01025792,0,-1
2021161131117,2021,161131117,2,9,0,18,19,4,8,0,0,0,0,0,0,0,3,1,6,6,1,57,9,-1,-1,-1,-1,-1,-1,0,-1
2021461080567,2021,461080567,1,9,0,18,19,7,3,0,0,0,0,0,0,0,1,1,6,6,1,-1,-1,-1,-1,-1,-1,-1,-1,0,-1
202163D062421,2021,63D062421,1,9,4,16,19,2,5,0,0,0,0,0,0,0,0,1,6,6,1,19,4,-1,-1,-1,-1,8,W01000453,0,-1
2021361096065,2021,361096065,1,5,0,9,9,8,5,0,0,0,2,0,0,0,1,1,5,6,1,25,5,-1,-1,-1,-1,-1,-1,0,-1
2021010306110,2021,010306110,1,9,0,18,19,1,5,0,0,0,0,0,0,0,1,1,6,6,1,79,11,-1,-1,-1,-1,4,E01001671,0,-1
2021070663823,2021,070663823,1,9,0,4,4,8,6,0,0,2,0,0,0,0,0,1,6,6,3,-1,-1,-1,-1,-1,-1,9,E01018405,0,-1
2021361109287,2021,361109287,1,9,0,18,19,4,8,0,0,0,0,0,0,0,0,1,6,6,3,-1,-1,-1,-1,-1,-1,-1,-1,0,-1
2021522102092,2021,522102092,1,1,0,18,19,7,3,0,0,8,0,0,0,0,2,1,6,6,1,36,7,-1,-1,-1,-1,5,E01014548,0,-1
2021201116583,2021,201116583,2,1,0,7,7,4,6,0,0,5,0,0,0,0,2,1,5,6,1,25,5,-1,-1,-1,-1,1,E01009372,0,-1
2021471035574,2021,471035574,1,9,0,9,9,5,3,0,0,4,0,0,0,0,0,1,6,6,3,-1,-1,-1,-1,-1,-1,-1,-1,0,-1
2021010337602,2021,010337602,2,9,0,18,19,5,1,0,0,1,0,0,0,0,4,1,1,1,1,57,9,-1,-1,-1,-1,9,E01002953,0,-1
2021361092076,2021,361092076,3,19,0,18,19,4,8,0,0,0,0,0,0,0,0,1,1,1,1,-1,-1,-1,-1,-1,-1,-1,-1,0,-1
2021101026641,2021,101026641,1,9,0,18,19,6,2,0,0,1,1,7,0,0,1,1,5,6,1,32,6,-1,-1,-1,-1,8,E01027457,0,-1
2021052100812,2021,052100812,2,1,0,18,19,5,1,0,0,8,0,0,0,0,1,1,6,6,1,21,5,-1,-1,-1,-1,5,E01006550,0,-1
2021010306851,2021,010306851,2,1,0,5,5,7,3,0,0,1,0,0,0,0,1,1,6,6,1,47,8,-1,-1,-1,-1,2,E01002703,0,-1
2021010321593,2021,010321593,1,8,0,18,19,7,3,0,0,5,0,0,0,0,2,1,1,1,1,55,8,-1,-1,-1,-1,4,E01003527,0,-1
2021461030424,2021,461030424,1,9,0,18,19,4,8,0,0,0,0,11,0,0,1,1,1,1,1,29,6,-1,-1,-1,-1,7,E01024417,0,-1
2021131064770,2021,131064770,1,23,0,18,19,3,7,0,0,0,5,4,0,0,1,1,5,6,2,27,6,-1,-1,-1,-1,1,E01010653,0,-1
2021010317302,2021,010317302,2,1,0,3,3,1,5,0,0,1,0,0,0,0,1,1,1,1,1,24,5,-1,-1,-1,-1,1,E01033603,0,-1
2021010334606,2021,010334606,1,1,9,99,99,9,9,99,99,9,9,99,9,99,2,1,6,6,1,24,5,-1,-1,-1,-1,3,E01032582,0,-1
202160Z129148,2021,60Z129148,1,9,0,18,19,7,3,0,0,0,0,0,0,0,1,1,6,6,2,21,5,-1,-1,-1,-1,-1,-1,0,-1
2021471094596,2021,471094596,1,-1,0,18,19,6,2,0,0,5,0,0,0,0,1,1,6,6,1,17,4,-1,-1,-1,-1,3,E01016869,1,-1
2021010345148,2021,010345148,2,-1,0,18,19,3,7,0,0,6,0,0,0,0,1,1,6,6,1,28,6,-1,-1,-1,-1,2,E01002735,1,-1
2021161028993,2021,161028993,2,1,0,18,19,7,3,4,4,1,0,0,0,0,4,1,6,6,2,45,7,-1,-1,-1,-1,10,E01013012,0,-1
2021131085023,2021,131085023,2,1,0,12,12,7,3,0,0,0,0,0,0,0,2,1,5,6,1,18,4,-1,-1,-1,-1,-1,-1,0,-1
2021010349716,2021,010349716,2,1,0,18,19,7,3,0,0,8,0,0,0,0,1,1,1,1,1,26,6,-1,-1,-1,-1,6,E01033083,0,-1
2021010287859,2021,010287859,3,9,0,3,3,7,3,0,0,2,0,0,0,0,2,1,6,6,1,45,7,-1,-1,-1,-1,7,E01024554,0,-1
2021101067741,2021,101067741,2,1,0,9,9,3,7,0,0,1,0,0,0,0,1,1,6,6,1,-1,-1,-1,-1,-1,-1,-1,-1,0,-1
2021010306490,2021,010306490,1,9,0,99,99,9,9,99,99,9,9,99,9,99,3,9,2,2,1,42,7,-1,-1,-1,-1,4,E01016453,0,-1
2021522105276,2021,522105276,2,1,0,18,19,2,6,0,0,8,0,0,0,0,1,1,6,6,2,38,7,-1,-1,-1,-1,4,E01033364,0,-1
2021141022002,2021,141022002,1,9,0,-1,-1,-1,-1,-1,-1,8,-1,-1,-1,0,-1,1,6,6,3,-1,-1,-1,-1,-1,-1,-1,-1,0,-1
2021161019490,2021,161019490,1,1,-1,-1,-1,-1,-1,-1,-1,-1,-1,-1,-1,0,-1,1,2,2,1,45,7,-1,-1,-1,-1,2,E01013130,0,-1
2021041119976,2021,041119976,1,98,0,18,19,5,1,0,0,0,0,0,0,0,1,1,6,6,3,-1,-1,-1,-1,-1,-1,-1,-1,0,-1
2021070191212,2021,070191212,1,1,0,18,19,4,8,9,9,1,0,0,0,0,1,1,6,6,2,26,6,-1,-1,-1,-1,4,E01012523,0,-1
2021201132776,2021,201132776,2,1,0,18,19,1,5,0,0,8,0,0,0,0,4,1,6,6,1,25,5,-1,-1,-1,-1,6,E01009278,0,-1
202154B522421,2021,54B522421,2,1,0,5,5,5,1,0,0,3,0,0,0,0,2,1,6,6,2,60,9,-1,-1,-1,-1,7,E01032024,0,-1
2021010313696,2021,010313696,1,9,0,18,19,5,1,0,0,1,0,0,0,0,1,1,6,6,3,21,5,-1,-1,-1,-1,5,E01001880,0,-1
2021010318593,2021,010318593,1,9,0,18,19,4,8,0,0,0,0,0,0,0,1,1,6,6,3,-1,-1,-1,-1,-1,-1,-1,-1,0,-1
202160Z105914,2021,60Z105914,2,98,0,18,19,7,3,0,0,0,0,0,0,0,3,1,6,6,1,44,7,-1,-1,-1,-1,-1,-1,0,-1
2021531046118,2021,531046118,2,1,0,18,19,-1,-1,0,0,2,0,0,1,0,3,1,5,6,1,50,8,-1,-1,-1,-1,9,E01022372,0,-1
202131C097421,2021,31C097421,2,90,0,11,11,3,7,0,0,0,0,0,0,0,0,1,6,6,3,-1,-1,-1,-1,-1,-1,-1,-1,0,-1
2021302100392,2021,302100392,2,1,0,18,19,4,8,0,0,1,0,0,0,0,4,1,6,6,1,26,6,-1,-1,-1,-1,1,E01013591,0,-1
2021041117183,2021,041117183,1,9,0,1,1,5,1,2,2,0,0,0,0,0,2,1,5,6,1,26,6,-1,-1,-1,-1,2,E01025305,0,-1
2021010322585,2021,010322585,2,9,9,99,99,9,9,99,99,9,9,0,9,99,3,9,2,2,1,29,6,-1,-1,-1,-1,4,E01001097,0,-1
2021052102308,2021,052102308,1,9,0,18,19,1,5,0,0,0,0,0,0,0,4,1,6,6,1,-1,-1,-1,-1,-1,-1,-1,-1,0,-1
2021361054961,2021,361054961,2,20,0,18,19,5,5,0,0,8,0,0,7,0,1,1,1,1,1,25,5,-1,-1,-1,-1,8,E01026714,0,-1
2021320724712,2021,320724712,2,1,0,18,19,4,8,0,0,0,0,0,0,0,3,1,6,6,2,18,4,-1,-1,-1,-1,1,E01026176,0,-1
2021430236889,2021,430236889,1,1,0,16,19,5,1,0,0,0,1,0,0,0,1,1,6,6,1,56,9,-1,-1,-1,-1,10,W01000855,0,-1
2021440092107,2021,440092107,1,5,0,18,19,1,5,0,0,0,0,0,0,0,4,1,6,6,1,53,8,-1,-1,-1,-1,2,E01022966,0,-1
2021161116400,2021,161116400,1,1,0,18,19,2,6,0,0,0,0,0,0,0,3,1,6,6,1,64,9,-1,-1,-1,-1,10,E01012927,0,-1
202131C073421,2021,31C073421,1,19,0,18,19,4,8,0,0,1,0,0,0,0,1,1,6,6,3,-1,-1,-1,-1,-1,-1,-1,-1,0,-1
2021010317473,2021,010317473,2,8,0,99,99,9,9,99,99,0,9,99,9,99,2,9,6,6,3,-1,-1,-1,-1,-1,-1,-1,-1,0,-1
2021351105728,2021,351105728,1,11,0,7,7,8,4,0,0,2,0,0,0,0,0,1,1,1,1,45,7,-1,-1,-1,-1,8,E01033119,0,-1
2021430579945,2021,430579945,3,9,0,2,2,0,0,0,0,0,0,0,0,0,9,1,6,6,3,-1,-1,-1,-1,-1,-1,-1,-1,0,-1
2021332101575,2021,332101575,1,9,0,18,19,0,0,0,0,0,0,0,0,0,1,1,6,6,1,28,6,-1,-1,-1,-1,-1,-1,0,-1
2021461126694,2021,461126694,2,1,0,18,19,1,5,0,0,0,0,0,0,0,1,1,6,6,1,-1,-1,-1,-1,-1,-1,1,E01024613,0,-1
2021361047141,2021,361047141,2,1,0,18,19,7,4,0,0,8,5,0,0,0,1,1,2,2,1,21,5,-1,-1,-1,-1,1,E01026826,0,-1
2021010324132,2021,010324132,2,9,9,99,99,9,9,99,99,1,9,99,9,99,9,1,6,6,3,-1,-1,-1,-1,-1,-1,-1,-1,0,-1
2021070296925,2021,070296925,1,9,0,18,19,4,8,0,0,1,0,0,0,0,1,1,6,6,1,-1,-1,-1,-1,-1,-1,-1,-1,0,-1
2021201104546,2021,201104546,2,9,0,18,19,7,3,0,0,8,0,0,0,0,1,1,6,6,3,-1,-1,-1,-1,-1,-1,-1,-1,0,-1
2021451084184,2021,451084184,2,-1,0,18,19,3,7,0,0,6,0,0,0,0,1,1,6,6,1,13,3,-1,-1,-1,-1,-1,-1,1,-1
2021501100201,2021,501100201,2,1,0,9,9,1,7,0,0,8,0,0,0,0,3,1,5,6,1,14,3,-1,-1,-1,-1,9,E01030828,0,-1
2021061078941,2021,061078941,2,1,0,18,19,1,1,0,0,0,0,0,0,0,4,1,5,6,1,16,4,-1,-1,-1,-1,9,E01005776,0,-1
2021361017870,2021,361017870,1,1,0,18,19,1,5,9,9,0,0,0,0,0,0,1,6,6,1,-1,-1,-1,-1,-1,-1,1,E01033437,0,-1
2021552101406,2021,552101406,1,3,0,4,4,7,3,0,0,8,0,10,0,0,0,1,1,1,1,35,6,-1,-1,-1,-1,2,E01015384,0,-1
2021522104249,2021,522104249,1,9,0,1,1,6,2,0,0,1,0,0,0,0,2,1,6,6,1,35,6,-1,-1,-1,-1,3,E01027152,0,-1
2021052101009,2021,052101009,2,-1,0,18,19,6,2,0,0,8,0,0,0,0,4,1,6,6,1,36,7,-1,-1,-1,-1,1,E01006515,1,-1
2021101066353,2021,101066353,2,1,0,18,19,6,2,0,0,1,0,0,0,0,1,1,5,6,1,9,2,-1,-1,-1,-1,5,E01008346,0,-1
2021010339113,2021,010339113,1,97,0,99,99,9,9,99,99,9,9,99,9,99,9,9,6,6,3,-1,-1,-1,-1,-1,-1,-1,-1,0,-1
2021010315631,2021,010315631,2,9,0,99,99,9,9,99,99,9,9,99,9,99,1,9,6,6,3,-1,-1,-1,-1,-1,-1,-1,-1,0,-1
2021332100232,2021,332100232,1,9,0,1,1,3,1,0,0,0,0,0,0,0,2,1,6,6,1,79,11,-1,-1,-1,-1,2,E01013742,0,-1
2021451069610,2021,451069610,2,1,0,7,7,1,5,0,0,1,0,0,0,0,2,1,5,6,2,68,10,-1,-1,-1,-1,9,E01030539,0,-1
2021471017812,2021,471017812,3,9,0,2,2,0,0,0,0,0,0,0,0,0,2,1,6,6,3,-1,-1,-1,-1,-1,-1,-1,-1,0,-1
2021522201271,2021,522201271,1,9,0,18,19,1,5,0,0,8,0,0,0,0,4,1,6,6,1,49,8,-1,-1,-1,-1,8,W01001616,0,-1
2021010336732,2021,010336732,1,90,0,18,19,1,5,0,0,0,0,99,0,0,9,1,6,6,2,45,7,-1,-1,-1,-1,3,E01004454,0,-1
2021221066051,2021,221066051,1,1,0,18,19,6,2,0,0,0,0,0,0,0,1,1,5,6,1,50,8,-1,-1,-1,-1,5,E01032294,0,-1
2021041014658,2021,041014658,2,1,0,4,4,7,3,0,0,0,0,0,1,0,3,1,5,6,1,74,10,-1,-1,-1,-1,4,E01025150,0,-1
2021610002221,2021,610002221,1,9,0,16,19,2,5,0,0,0,0,0,0,9,1,1,6,6,1,39,7,-1,-1,-1,-1,-1,-1,0,-1
2021010323194,2021,010323194,1,1,9,99,99,9,9,99,99,9,9,99,9,99,9,1,6,6,1,51,8,-1,-1,-1,-1,2,E01002002,0,-1
2021061104055,2021,061104055,2,16,0,18,19,1,5,0,0,0,0,0,0,0,0,1,6,6,2,51,8,-1,-1,-1,-1,7,E01005356,0,-1
2021010305715,2021,010305715,2,9,0,99,99,9,9,99,99,9,9,99,9,99,2,9,6,6,3,-1,-1,-1,-1,-1,-1,-1,-1,0,-1
2021991065926,2021,991065926,1,1,0,7,7,7,1,0,0,0,5,0,0,0,2,1,1,1,1,16,4,-1,-1,-1,-1,4,-1,0,-1
2021991079646,2021,991079646,1,9,0,18,19,2,5,0,0,8,0,0,0,0,4,1,5,6,2,37,7,-1,-1,-1,-1,5,-1,0,-1
2021141062069,2021,141062069,1,1,0,18,19,5,1,0,0,0,0,0,0,0,3,1,6,6,1,30,6,-1,-1,-1,-1,-1,-1,0,-1
2021061040580,2021,061040580,2,-1,0,18,19,1,5,0,0,1,0,0,0,0,1,1,6,6,1,30,6,-1,-1,-1,-1,7,E01018592,1,-1
2021201120341,2021,201120341,1,9,0,18,19,8,4,0,0,1,0,0,0,0,1,1,6,6,1,31,6,-1,-1,-1,-1,2,E01010311,0,-1
2021552100792,2021,552100792,4,19,0,9,9,5,3,0,0,5,0,0,0,0,0,1,6,6,3,-1,-1,-1,-1,-1,-1,-1,-1,0,-1
2021010334406,2021,010334406,2,1,0,7,7,5,7,0,0,2,0,0,0,0,1,1,6,6,1,24,5,-1,-1,-1,-1,2,E01002722,0,-1
2021221034057,2021,221034057,1,1,0,18,19,3,7,0,0,0,0,4,0,0,1,1,5,6,1,50,8,-1,-1,-1,-1,10,E01014090,0,-1
2021201061573,2021,201061573,1,9,0,5,5,3,7,0,0,0,0,0,0,0,1,1,6,6,1,55,8,-1,-1,-1,-1,2,E01009937,0,-1
2021430559460,2021,430559460,1,9,0,18,19,2,6,0,0,0,0,0,0,0,3,1,6,6,1,-1,-1,-1,-1,-1,-1,-1,-1,0,-1
2021440437237,2021,440437237,1,1,0,18,19,6,2,0,0,1,0,0,0,0,4,1,6,6,1,70,10,-1,-1,-1,-1,5,E01017131,0,-1
2021010345326,2021,010345326,2,9,0,99,99,9,9,99,99,0,9,99,9,99,2,9,6,6,3,-1,-1,-1,-1,-1,-1,-1,-1,0,-1
2021041121900,2021,041121900,3,1,0,18,19,3,7,0,0,1,0,0,0,0,0,1,6,6,1,62,9,-1,-1,-1,-1,7,E01025029,0,-1
2021010350888,2021,010350888,2,9,9,99,99,9,9,99,99,2,9,99,9,99,1,9,6,6,3,-1,-1,-1,-1,-1,-1,-1,-1,0,-1
2021061088874,2021,061088874,2,1,0,18,19,3,7,0,0,8,0,0,0,0,1,1,6,6,1,62,9,-1,-1,-1,-1,-1,-1,0,-1
2021101132891,2021,101132891,1,1,0,18,19,7,3,0,0,3,0,0,0,0,3,1,6,6,1,74,10,-1,-1,-1,-1,1,E01008544,0,-1
2021131039744,2021,131039744,1,9,0,14,14,8,4,0,0,8,0,0,0,0,-1,1,6,6,3,40,7,-1,-1,-1,-1,-1,-1,0,-1