collision_index,collision_year,collision_ref_no,vehicle_reference,vehicle_type,towing_and_articulation,vehicle_manoeuvre_historic,vehicle_manoeuvre,vehicle_direction_from,vehicle_direction_to,vehicle_location_restricted_lane_historic,vehicle_location_restricted_lane,junction_location,skidding_and_overturning,hit_object_in_carriageway,vehicle_leaving_carriageway,hit_object_off_carriageway,first_point_of_impact,vehicle_left_hand_drive,journey_purpose_of_driver_historic,journey_purpose_of_driver,sex_of_driver,age_of_driver,age_band_of_driver,engine_capacity_cc,propulsion_code,age_of_vehicle,generic_make_model,driver_imd_decile,lsoa_of_driver,escooter_flag,driver_distance_banding
2021010299772,2021,010299772,1,1,9,99,99,9,9,99,99,0,9,99,9,99,9,1,6,6,1,22,5,-1,-1,-1,-1,3,E01004408,0,-1
2021010304688,2021,010304688,1,1,0,99,99,9,9,5,5,8,0,99,0,99,9,1,2,2,1,24,5,-1,-1,-1,-1,3,E01004743,0,-1
2021010301549,2021,010301549,2,1,0,18,19,3,7,0,0,8,0,0,0,0,3,1,2,2,1,20,4,-1,-1,-1,-1,6,E01003665,0,-1
2021101089211,2021,101089211,1,11,0,4,4,8,4,0,0,0,0,0,0,0,4,1,1,1,3,-1,-1,-1,-1,-1,-1,-1,-1,0,-1
2021161096075,2021,161096075,2,1,0,18,19,7,3,0,0,1,0,0,0,0,1,1,6,6,1,45,7,-1,-1,-1,-1,-1,-1,0,-1
2021201144808,2021,201144808,2,9,0,5,5,3,1,0,0,6,0,0,0,0,1,1,6,6,1,72,10,-1,-1,-1,-1,4,E01009767,0,-1
2021371075886,2021,371075886,1,9,0,18,19,4,8,0,0,8,0,0,0,0,1,1,6,6,3,-1,-1,-1,-1,-1,-1,-1,-1,0,-1
2021320274570,2021,320274570,3,9,0,18,19,2,6,0,0,0,0,0,0,0,3,1,6,6,2,45,7,-1,-1,-1,-1,9,E01026234,0,-1
2021221103810,2021,221103810,1,17,4,9,9,6,4,0,0,5,0,0,0,0,0,1,1,1,3,27,6,-1,-1,-1,-1,-1,-1,0,-1
2021010324225,2021,010324225,1,1,0,18,19,1,5,0,0,0,0,4,0,0,1,1,6,6,1,25,5,-1,-1,-1,-1,8,E01004707,0,-1
2021010320566,2021,010320566,2,1,0,18,19,1,5,99,99,9,0,0,0,0,1,1,6,6,1,28,6,-1,-1,-1,-1,3,E01004453,0,-1
2021520103452,2021,520103452,1,1,0,3,3,1,5,0,0,0,0,0,0,0,1,1,6,6,2,35,6,-1,-1,-1,-1,8,E01029201,0,-1
2021411060266,2021,411060266,2,1,0,18,19,1,5,0,0,0,0,0,0,0,0,1,6,6,1,47,8,-1,-1,-1,-1,7,E01023594,0,-1
2021010348194,2021,010348194,1,9,0,99,99,9,9,99,99,9,9,99,9,99,1,9,6,6,3,-1,-1,-1,-1,-1,-1,-1,-1,0,-1
2021052100947,2021,052100947,2,1,0,18,19,3,7,0,0,1,0,0,0,0,1,1,6,6,1,14,3,-1,-1,-1,-1,5,E01006488,0,-1
2021371054090,2021,371054090,2,1,0,18,19,3,8,0,0,8,0,0,0,0,1,1,5,6,1,61,9,-1,-1,-1,-1,10,E01030204,0,-1
202106N079543,2021,06N079543,1,9,0,18,19,8,4,0,0,3,0,0,0,0,1,1,6,6,1,48,8,-1,-1,-1,-1,4,E01005511,0,-1
2021471088029,2021,471088029,2,1,0,18,19,7,3,0,0,8,0,0,0,0,4,1,6,6,1,-1,-1,-1,-1,-1,-1,8,E01021073,0,-1
2021430224806,2021,430224806,2,98,0,11,11,4,8,0,0,0,0,0,0,0,1,1,6,6,1,26,6,-1,-1,-1,-1,-1,-1,0,-1
2021610007421,2021,610007421,1,97,0,13,13,2,5,0,0,1,0,0,0,0,4,1,6,6,1,-1,-1,-1,-1,-1,-1,-1,-1,0,-1
2021131050567,2021,131050567,1,16,0,18,19,4,8,0,0,0,0,0,0,0,0,1,5,6,1,13,3,-1,-1,-1,-1,2,E01010815,0,-1
2021201094644,2021,201094644,1,9,0,5,5,-1,-1,9,9,0,0,0,0,0,1,1,6,6,1,-1,-1,-1,-1,-1,-1,-1,-1,0,-1
2021010331698,2021,010331698,2,1,9,99,99,9,9,99,99,0,9,99,9,99,1,1,6,6,1,25,5,-1,-1,-1,-1,3,E01004228,0,-1
2021320178571,2021,320178571,1,1,0,18,19,6,2,0,0,0,5,0,0,0,1,1,6,6,1,48,8,-1,-1,-1,-1,9,E01013154,0,-1
2021991027321,2021,991027321,2,1,0,12,12,7,3,9,9,0,0,0,0,0,3,1,5,6,1,43,7,-1,-1,-1,-1,6,-1,0,-1
2021201141995,2021,201141995,6,9,0,2,2,0,0,9,9,0,0,0,0,0,1,1,6,6,1,-1,-1,-1,-1,-1,-1,-1,-1,0,-1
2021131076040,2021,131076040,1,9,0,18,19,6,2,0,0,3,0,0,0,0,1,1,6,6,3,-1,-1,-1,-1,-1,-1,-1,-1,0,-1
2021010333473,2021,010333473,4,9,0,18,19,1,5,0,0,0,0,0,0,0,2,1,6,6,2,49,8,-1,-1,-1,-1,6,E01002117,0,-1
2021430545286,2021,430545286,1,19,0,1,1,6,2,0,0,5,0,0,0,0,2,1,6,6,1,-1,-1,-1,-1,-1,-1,-1,-1,0,-1
2021010303788,2021,010303788,2,19,0,99,99,9,9,99,99,9,9,99,0,0,9,9,6,6,3,-1,-1,-1,-1,-1,-1,4,E01003409,0,-1
2021010309544,2021,010309544,1,1,9,99,99,9,9,99,99,9,9,99,9,99,9,1,2,2,1,45,7,-1,-1,-1,-1,1,E01000953,0,-1
2021010315816,2021,010315816,2,1,0,18,19,4,8,0,0,8,5,0,0,0,1,1,2,2,1,45,7,-1,-1,-1,-1,5,E01004483,0,-1
2021991201030,2021,991201030,1,9,0,18,19,2,6,0,0,0,1,2,0,0,1,1,6,6,1,28,6,-1,-1,-1,-1,5,-1,0,-1
202163D019021,2021,63D019021,2,9,0,13,13,4,8,0,0,0,0,0,7,10,4,1,6,6,1,22,5,-1,-1,-1,-1,8,E01014107,0,-1
2021052100623,2021,052100623,2,1,0,18,19,3,7,0,0,0,0,0,0,0,3,1,6,6,1,72,10,-1,-1,-1,-1,7,E01006973,0,-1
2021141102556,2021,141102556,2,9,0,18,19,2,6,0,0,1,1,0,0,0,1,1,6,6,3,-1,-1,-1,-1,-1,-1,-1,-1,0,-1
2021471093179,2021,471093179,2,1,0,18,19,4,1,0,0,0,0,0,0,0,3,1,5,6,1,64,9,-1,-1,-1,-1,10,E01031367,0,-1
2021041068392,2021,041068392,2,9,0,18,19,1,5,0,0,8,0,0,0,0,1,1,1,1,1,59,9,-1,-1,-1,-1,8,E01024869,0,-1
2021131034781,2021,131034781,1,23,0,9,9,4,2,0,0,0,5,0,0,0,1,1,5,6,1,13,3,-1,-1,-1,-1,1,E01011348,0,-1
2021010297932,2021,010297932,2,1,0,15,15,7,3,9,9,1,1,0,0,0,3,1,4,7,1,12,3,-1,-1,-1,-1,2,E01004185,0,-1
2021010329621,2021,010329621,2,1,0,3,3,5,1,0,0,1,0,0,0,0,1,1,2,2,2,25,5,-1,-1,-1,-1,5,E01004610,0,-1
2021031111048,2021,031111048,2,9,0,10,10,-1,-1,0,0,1,0,0,7,0,2,1,6,6,1,54,8,-1,-1,-1,-1,4,E01019218,0,-1
2021010290643,2021,010290643,2,9,0,99,99,9,9,99,99,9,9,99,9,99,9,9,6,6,3,-1,-1,-1,-1,-1,-1,-1,-1,0,-1
2021061035479,2021,061035479,2,1,0,18,19,7,7,0,0,0,0,0,0,0,-1,1,6,6,1,44,7,-1,-1,-1,-1,9,E01005785,0,-1
2021010324108,2021,010324108,1,1,0,18,19,3,7,0,0,6,0,0,0,0,1,1,6,6,1,6,2,-1,-1,-1,-1,3,E01003485,0,-1
2021010322787,2021,010322787,1,1,9,99,99,9,9,99,99,9,9,99,9,99,9,1,1,1,1,49,8,-1,-1,-1,-1,1,E01011626,0,-1
2021440056657,2021,440056657,2,1,0,3,3,7,3,0,0,8,0,0,0,0,1,1,6,6,1,51,8,-1,-1,-1,-1,4,E01017121,0,-1
2021010318970,2021,010318970,2,1,0,18,19,2,6,0,0,1,0,0,0,0,1,1,1,1,2,35,6,-1,-1,-1,-1,4,E01002017,0,-1
2021440332743,2021,440332743,1,9,0,3,3,1,5,0,0,0,0,0,0,0,2,1,2,2,2,58,9,-1,-1,-1,-1,5,E01017152,0,-1
2021481153891,2021,481153891,2,9,0,18,19,7,3,0,0,8,0,0,0,0,3,1,1,1,1,40,7,-1,-1,-1,-1,-1,-1,0,-1
2021131081745,2021,131081745,3,9,0,4,4,3,7,0,0,0,0,0,0,0,2,1,6,6,1,62,9,-1,-1,-1,-1,1,E01011295,0,-1
2021010325117,2021,010325117,2,8,0,99,99,9,9,99,99,0,9,99,9,99,9,9,6,6,1,37,7,-1,-1,-1,-1,3,E01033464,0,-1
2021010337566,2021,010337566,2,1,0,18,19,5,1,0,0,1,5,0,0,0,0,1,2,2,1,25,5,-1,-1,-1,-1,3,E01004430,0,-1
2021031058840,2021,031058840,2,1,0,18,19,7,3,0,0,0,0,0,0,0,1,1,6,6,1,37,7,-1,-1,-1,-1,7,E01019279,0,-1
2021010300038,2021,010300038,1,9,0,5,5,7,3,0,0,1,0,0,0,0,1,1,6,6,3,-1,-1,-1,-1,-1,-1,-1,-1,0,-1
2021010313572,2021,010313572,2,1,9,99,99,9,9,99,99,9,9,99,9,99,9,1,6,6,1,-1,-1,-1,-1,-1,-1,-1,-1,0,-1
2021231121432,2021,231121432,2,5,0,18,19,6,2,0,0,8,0,0,0,0,3,1,5,6,1,49,8,-1,-1,-1,-1,5,E01017486,0,-1
2021010319181,2021,010319181,1,1,9,99,99,9,9,99,99,0,9,99,9,99,9,1,6,6,2,22,5,-1,-1,-1,-1,2,E01000429,0,-1
2021201089914,2021,201089914,2,9,0,18,19,2,6,0,0,8,0,0,0,0,2,1,6,6,2,60,9,-1,-1,-1,-1,2,E01008942,0,-1
202160Z125520,2021,60Z125520,2,4,0,10,10,4,2,0,0,8,0,0,7,0,1,1,2,2,1,21,5,-1,-1,-1,-1,-1,-1,0,-1
2021540695821,2021,540695821,1,9,0,18,19,8,4,0,0,8,0,0,0,0,1,2,1,1,1,41,7,-1,-1,-1,-1,3,E01031956,0,-1
2021221094430,2021,221094430,2,1,0,18,19,6,2,0,0,2,0,0,0,0,4,1,4,7,2,16,4,-1,-1,-1,-1,5,E01028933,0,-1
2021201116190,2021,201116190,1,9,0,5,5,-1,-1,0,0,0,0,0,0,0,1,1,6,6,2,56,9,-1,-1,-1,-1,5,E01009042,0,-1
2021161076057,2021,161076057,2,1,0,18,19,6,2,0,0,1,0,0,0,0,3,1,6,6,2,46,8,-1,-1,-1,-1,1,E01013208,0,-1
2021010310851,2021,010310851,2,1,9,99,99,9,9,99,99,0,9,99,9,99,1,1,6,6,3,-1,-1,-1,-1,-1,-1,8,E01002922,0,-1
202163D037421,2021,63D037421,2,19,0,4,4,2,5,0,0,1,0,0,0,0,2,1,6,6,1,29,6,-1,-1,-1,-1,3,W01001363,0,-1
202163D084721,2021,63D084721,3,1,0,4,4,2,6,0,0,1,0,0,1,10,0,1,6,6,1,79,11,-1,-1,-1,-1,8,E01022184,0,-1
2021161082157,2021,161082157,1,98,0,18,19,7,3,0,0,8,0,0,0,0,1,1,6,6,3,-1,-1,-1,-1,-1,-1,-1,-1,0,-1
2021010299349,2021,010299349,5,1,0,18,19,1,5,0,0,1,5,0,0,0,1,1,6,6,2,36,7,-1,-1,-1,-1,2,E01003176,0,-1
2021351097537,2021,351097537,1,9,0,1,1,3,1,0,0,1,0,0,0,0,2,1,6,6,3,-1,-1,-1,-1,-1,-1,-1,-1,0,-1
2021501059506,2021,501059506,2,1,0,18,19,5,1,0,0,0,0,0,0,0,2,1,6,6,1,77,11,-1,-1,-1,-1,7,E01020300,0,-1
2021320455332,2021,320455332,1,1,0,5,5,7,3,0,0,8,0,0,0,0,1,1,6,6,1,18,4,-1,-1,-1,-1,8,E01026322,0,-1
2021411068503,2021,411068503,2,9,0,5,5,4,8,0,0,4,0,0,0,0,1,1,6,6,3,-1,-1,-1,-1,-1,-1,-1,-1,0,-1
2021371058982,2021,371058982,1,1,0,18,19,4,8,0,0,1,2,0,0,0,3,1,4,7,1,15,3,-1,-1,-1,-1,5,E01030286,0,-1
20211383N0883,2021,1383N0883,2,1,0,15,15,4,1,0,0,0,0,0,0,0,4,1,6,6,1,19,4,-1,-1,-1,-1,4,E01011669,0,-1
2021201099533,2021,201099533,1,9,0,4,4,8,4,0,0,2,0,0,0,0,2,1,6,6,2,54,8,-1,-1,-1,-1,1,E01009881,0,-1
2021161036501,2021,161036501,2,1,0,18,19,8,4,0,0,8,0,0,0,0,1,1,5,6,1,15,3,-1,-1,-1,-1,8,E01012911,0,-1
2021522103202,2021,522103202,2,9,0,11,11,3,7,0,0,0,0,0,0,0,4,1,6,6,3,-1,-1,-1,-1,-1,-1,-1,-1,0,-1
2021010304967,2021,010304967,2,-1,0,18,19,1,5,0,0,8,0,0,0,0,1,1,6,6,1,25,5,-1,-1,-1,-1,6,E01002628,1,-1
2021622100699,2021,622100699,1,1,0,18,19,2,6,1,1,1,1,0,0,0,1,1,6,6,1,29,6,-1,-1,-1,-1,5,W01000871,0,-1
2021231117974,2021,231117974,2,1,0,17,19,8,5,0,0,8,0,0,0,0,4,1,2,2,1,45,7,-1,-1,-1,-1,7,E01031233,0,-1
2021010291531,2021,010291531,1,9,0,5,5,3,7,0,0,6,0,0,0,0,3,1,6,6,2,25,5,-1,-1,-1,-1,6,E01004017,0,-1
2021010298903,2021,010298903,1,9,0,7,7,1,3,0,0,1,0,0,0,0,1,1,6,6,3,-1,-1,-1,-1,-1,-1,-1,-1,0,-1
2021610058921,2021,610058921,1,9,0,18,19,2,6,0,0,4,0,10,3,4,1,1,2,2,2,19,4,-1,-1,-1,-1,-1,-1,0,-1
2021070408148,2021,070408148,1,20,0,6,6,3,7,0,0,0,0,0,0,0,3,2,1,1,1,54,8,-1,-1,-1,-1,-1,-1,0,-1
2021010339426,2021,010339426,2,9,0,18,19,7,3,0,0,1,0,0,0,0,4,1,6,6,3,21,5,-1,-1,-1,-1,-1,-1,0,-1
2021471091670,2021,471091670,1,9,0,18,19,8,4,0,0,1,0,0,1,0,1,1,2,2,1,46,8,-1,-1,-1,-1,3,E01016926,0,-1
2021351065141,2021,351065141,2,9,0,3,3,1,5,0,0,0,0,0,0,0,2,1,6,6,2,65,9,-1,-1,-1,-1,-1,-1,0,-1
2021421113796,2021,421113796,1,9,0,18,19,6,1,0,0,0,0,0,0,0,3,1,6,6,3,-1,-1,-1,-1,-1,-1,-1,-1,0,-1
202160Z083962,2021,60Z083962,2,9,0,18,19,7,3,0,0,0,1,0,0,0,1,1,6,6,2,24,5,-1,-1,-1,-1,-1,-1,0,-1
2021010339564,2021,010339564,2,-1,0,18,19,3,7,9,9,1,0,0,0,0,1,1,6,6,2,24,5,-1,-1,-1,-1,6,E01024180,1,-1
2021332100403,2021,332100403,3,9,0,2,2,0,0,0,0,0,0,0,0,0,3,1,6,6,2,55,8,-1,-1,-1,-1,3,E01013765,0,-1
202131C048121,2021,31C048121,1,9,0,18,19,3,7,0,0,2,0,0,0,0,1,1,6,6,3,-1,-1,-1,-1,-1,-1,-1,-1,0,-1
2021201078093,2021,201078093,2,9,0,7,7,8,2,0,0,1,0,0,0,0,1,1,6,6,3,-1,-1,-1,-1,-1,-1,-1,-1,0,-1
2021010317724,2021,010317724,1,1,0,18,19,4,8,0,0,1,5,0,0,0,1,1,2,2,1,40,7,-1,-1,-1,-1,4,E01004338,0,-1
2021411120889,2021,411120889,2,1,0,18,19,3,7,0,0,1,0,0,0,0,1,1,6,6,1,19,4,-1,-1,-1,-1,7,E01023532,0,-1
2021010349390,2021,010349390,1,19,0,99,99,9,9,0,0,0,0,0,0,0,1,1,6,6,1,62,9,-1,-1,-1,-1,3,E01003586,0,-1
202131B071921,2021,31B071921,2,11,0,4,4,3,7,0,0,0,0,0,0,0,0,1,1,1,3,-1,-1,-1,-1,-1,-1,-1,-1,0,-1
2021361071977,2021,361071977,2,22,0,-1,-1,-1,-1,0,0,8,0,0,0,0,1,1,6,6,1,61,9,-1,-1,-1,-1,1,E01026624,0,-1
2021332100602,2021,332100602,1,9,0,18,19,2,6,0,0,0,0,0,0,0,1,1,6,6,3,-1,-1,-1,-1,-1,-1,-1,-1,0,-1
202160Z116873,2021,60Z116873,1,1,0,18,19,3,7,0,0,0,0,4,0,0,1,1,6,6,1,77,11,-1,-1,-1,-1,-1,-1,0,-1
2021471055558,2021,471055558,2,1,0,14,14,1,5,0,0,0,0,0,0,0,4,1,5,6,1,17,4,-1,-1,-1,-1,9,E01031395,0,-1
2021332100750,2021,332100750,1,9,0,4,4,5,1,0,0,1,0,0,0,0,4,1,6,6,1,39,7,-1,-1,-1,-1,3,E01013697,0,-1
2021501039731,2021,501039731,2,1,0,17,19,7,5,0,0,8,0,0,0,0,3,1,1,1,1,61,9,-1,-1,-1,-1,1,E01015144,0,-1
202131C080321,2021,31C080321,1,4,0,18,19,8,4,0,0,0,0,10,1,11,1,1,6,6,1,22,5,-1,-1,-1,-1,1,E01013868,0,-1
2021361046148,2021,361046148,2,-1,0,18,19,5,3,0,0,8,0,0,0,0,1,1,6,6,1,17,4,-1,-1,-1,-1,1,E01026598,1,-1
2021430532770,2021,430532770,1,9,0,18,19,7,3,0,0,0,0,0,1,7,4,1,1,1,1,51,8,-1,-1,-1,-1,1,E01013661,0,-1
2021101024573,2021,101024573,1,1,0,18,19,5,1,0,0,0,0,0,0,0,3,1,5,6,2,76,11,-1,-1,-1,-1,-1,-1,0,-1
2021010332967,2021,010332967,2,1,0,18,19,5,1,0,0,1,0,0,0,0,1,1,6,6,1,58,9,-1,-1,-1,-1,10,E01000448,0,-1
2021411107998,2021,411107998,3,1,0,18,19,5,1,0,0,0,5,10,1,0,0,1,5,6,2,59,9,-1,-1,-1,-1,8,E01018268,0,-1
2021061054980,2021,061054980,2,1,0,18,19,6,2,0,0,8,0,0,0,0,1,1,6,6,1,44,7,-1,-1,-1,-1,1,E01033679,0,-1
2021201149266,2021,201149266,1,9,0,17,19,6,2,0,0,0,0,0,0,0,4,1,6,6,3,-1,-1,-1,-1,-1,-1,-1,-1,0,-1
2021991052017,2021,991052017,1,5,0,18,19,5,1,0,0,8,0,0,0,0,4,1,6,6,1,41,7,-1,-1,-1,-1,-1,-1,0,-1
2021101087509,2021,101087509,2,9,0,18,19,1,5,0,0,3,0,0,0,0,1,1,1,1,1,40,7,-1,-1,-1,-1,-1,-1,0,-1
2021101091245,2021,101091245,1,1,0,18,19,5,1,0,0,8,0,0,0,0,3,1,6,6,1,29,6,-1,-1,-1,-1,1,E01008607,0,-1
2021332100508,2021,332100508,2,9,0,4,4,5,1,0,0,1,0,0,0,0,2,1,6,6,2,85,11,-1,-1,-1,-1,6,E01013609,0,-1
2021332100780,2021,332100780,1,8,0,18,19,5,1,0,0,6,0,0,0,0,4,1,1,1,1,48,8,-1,-1,-1,-1,6,E01025704,0,-1
2021161013747,2021,161013747,2,1,0,18,19,4,8,0,0,1,0,0,0,0,1,1,5,6,1,50,8,-1,-1,-1,-1,10,E01013215,0,-1
2021332100790,2021,332100790,1,9,0,9,9,7,5,0,0,5,0,0,0,0,1,1,3,7,2,37,7,-1,-1,-1,-1,3,E01013732,0,-1
2021501090655,2021,501090655,1,19,0,18,19,7,3,0,0,0,0,0,0,0,1,1,6,6,1,29,6,-1,-1,-1,-1,5,E01018835,0,-1
2021010312452,2021,010312452,2,1,0,5,5,1,5,0,0,2,0,0,0,0,2,1,6,6,2,44,7,-1,-1,-1,-1,8,E01002287,0,-1
2021440311223,2021,440311223,1,1,0,18,19,4,8,0,0,1,0,0,0,0,1,1,6,6,1,46,8,-1,-1,-1,-1,6,E01023252,0,-1
2021010319306,2021,010319306,2,1,0,18,19,7,3,0,0,1,0,0,0,0,0,1,1,1,2,38,7,-1,-1,-1,-1,4,E01003914,0,-1
2021332101053,2021,332101053,2,9,0,17,19,4,1,0,0,0,0,0,0,0,1,1,6,6,1,42,7,-1,-1,-1,-1,5,E01017151,0,-1
2021545620621,2021,545620621,1,9,0,13,13,2,6,0,0,0,0,0,0,0,1,1,6,6,3,-1,-1,-1,-1,-1,-1,-1,-1,0,-1
202131C046921,2021,31C046921,1,1,0,18,19,4,8,0,0,8,0,0,0,0,1,1,6,6,1,31,6,-1,-1,-1,-1,8,E01028104,0,-1
2021010328968,2021,010328968,2,90,0,18,19,3,7,0,0,8,0,0,0,0,0,1,1,1,1,41,7,-1,-1,-1,-1,3,E01002133,0,-1
2021010294341,2021,010294341,2,1,0,18,19,5,1,0,0,8,0,0,0,0,1,1,6,6,1,21,5,-1,-1,-1,-1,-1,-1,0,-1
2021131080896,2021,131080896,2,1,0,18,19,5,1,0,0,1,5,0,1,0,1,1,5,6,1,30,6,-1,-1,-1,-1,7,E01010775,0,-1
202160Z019182,2021,60Z019182,1,98,0,18,19,8,6,0,0,2,0,0,0,0,3,1,2,2,1,26,6,-1,-1,-1,-1,-1,-1,0,-1
2021451014359,2021,451014359,2,9,0,16,19,5,7,0,0,1,0,0,0,0,1,1,5,6,1,18,4,-1,-1,-1,-1,9,E01030672,0,-1
2021070528553,2021,070528553,2,9,0,18,19,0,0,0,0,0,0,0,0,0,2,1,6,6,3,-1,-1,-1,-1,-1,-1,-1,-1,0,-1
2021010288288,2021,010288288,2,9,9,99,99,9,9,99,99,9,9,99,9,99,9,9,6,6,1,59,9,-1,-1,-1,-1,6,E01003449,0,-1
2021461019318,2021,461019318,1,9,0,9,9,5,3,0,0,6,0,0,0,0,3,1,5,6,1,36,7,-1,-1,-1,-1,7,E01032822,0,-1
2021201054108,2021,201054108,2,1,0,5,5,5,1,0,0,2,0,0,0,0,1,1,6,6,2,6,2,-1,-1,-1,-1,1,E01009117,0,-1
2021451079442,2021,451079442,1,9,0,18,19,5,1,0,0,0,0,0,0,0,1,1,2,2,1,33,6,-1,-1,-1,-1,6,E01023855,0,-1
2021332100657,2021,332100657,2,16,0,18,19,8,4,0,0,0,0,0,0,0,0,1,6,6,2,-1,-1,-1,-1,-1,-1,-1,-1,0,-1
2021332100699,2021,332100699,1,98,0,18,19,5,1,0,0,0,0,0,1,3,3,1,1,1,1,64,9,-1,-1,-1,-1,1,E01033646,0,-1
2021010323623,2021,010323623,1,9,0,18,19,1,5,0,0,8,0,0,0,0,1,1,6,6,3,-1,-1,-1,-1,-1,-1,-1,-1,0,-1
202160Z065973,2021,60Z065973,2,9,0,2,2,0,0,0,0,0,0,0,0,0,1,1,6,6,3,-1,-1,-1,-1,-1,-1,-1,-1,0,-1
2021411118252,2021,411118252,2,1,0,18,19,7,3,5,5,0,0,0,0,0,1,1,1,1,1,52,8,-1,-1,-1,-1,8,E01023478,0,-1
2021010342961,2021,010342961,2,1,0,18,19,1,5,0,0,1,0,0,0,0,1,1,6,6,1,51,8,-1,-1,-1,-1,8,E01001544,0,-1
2021201113773,2021,201113773,2,9,0,3,3,6,2,0,0,1,0,0,0,0,2,1,5,6,1,30,6,-1,-1,-1,-1,-1,-1,0,-1
2021440133800,2021,440133800,2,1,0,18,19,6,3,0,0,8,0,0,0,0,1,1,6,6,1,54,8,-1,-1,-1,-1,10,E01022759,0,-1
2021161119246,2021,161119246,1,1,0,18,19,5,1,0,0,0,0,0,0,0,1,1,6,6,2,42,7,-1,-1,-1,-1,1,E01012888,0,-1
2021131045278,2021,131045278,1,98,0,18,19,5,1,0,0,0,0,0,0,0,4,1,6,6,3,50,8,-1,-1,-1,-1,-1,-1,0,-1
2021440288586,2021,440288586,2,9,0,2,2,0,0,0,0,0,0,0,0,0,0,1,6,6,3,-1,-1,-1,-1,-1,-1,-1,-1,0,-1
2021371087204,2021,371087204,1,-1,0,18,19,2,6,0,0,1,0,0,0,0,1,1,6,6,1,-1,-1,-1,-1,-1,-1,-1,-1,1,-1
2021351111584,2021,351111584,2,1,0,7,7,1,3,0,0,8,0,0,0,0,4,1,5,6,1,16,4,-1,-1,-1,-1,2,E01015596,0,-1
2021211035389,2021,211035389,2,1,0,18,19,2,4,0,0,8,0,0,0,0,1,1,1,1,1,34,6,-1,-1,-1,-1,3,E01029408,0,-1
2021332101549,2021,332101549,2,11,0,18,19,3,7,0,0,0,0,0,0,0,3,1,6,6,1,65,9,-1,-1,-1,-1,-1,-1,0,-1
2021522105596,2021,522105596,2,19,0,8,8,8,3,0,0,7,0,0,0,0,1,1,6,6,1,40,7,-1,-1,-1,-1,-1,-1,0,-1
2021361022238,2021,361022238,2,1,0,18,19,1,5,0,0,8,0,0,0,0,1,1,1,1,1,51,8,-1,-1,-1,-1,6,E01026430,0,-1
2021351128658,2021,351128658,1,19,4,13,13,4,8,0,0,1,0,0,0,0,0,1,6,6,3,-1,-1,-1,-1,-1,-1,-1,-1,0,-1
2021010353933,2021,010353933,2,19,0,99,99,9,9,99,99,9,9,99,9,99,4,9,6,6,3,-1,-1,-1,-1,-1,-1,-1,-1,0,-1
2021461026720,2021,461026720,2,1,0,18,19,8,4,0,0,0,0,0,0,0,3,1,6,6,1,15,3,-1,-1,-1,-1,10,E01032809,0,-1
2021052102886,2021,052102886,1,9,0,18,19,1,5,0,0,0,0,0,0,0,1,1,6,6,3,-1,-1,-1,-1,-1,-1,-1,-1,0,-1
2021221053468,2021,221053468,1,1,0,9,9,5,3,0,0,6,0,0,0,0,1,1,4,7,1,12,3,-1,-1,-1,-1,5,E01028931,0,-1
2021010315102,2021,010315102,2,1,0,18,19,1,5,0,0,1,5,0,0,0,3,1,1,1,1,20,4,-1,-1,-1,-1,4,E01002762,0,-1
2021010300979,2021,010300979,2,9,0,18,19,1,5,0,0,2,0,0,0,0,3,1,1,1,1,61,9,-1,-1,-1,-1,2,E01000556,0,-1
2021010320303,2021,010320303,1,1,9,99,99,9,9,99,99,9,9,99,9,99,1,1,2,2,1,52,8,-1,-1,-1,-1,4,E01004396,0,-1
2021010296504,2021,010296504,2,19,0,6,6,4,4,0,0,0,9,0,0,99,3,9,6,6,3,21,5,-1,-1,-1,-1,2,E01004251,0,-1
202160Z090525,2021,60Z090525,1,9,0,18,19,5,1,0,0,8,0,0,0,0,1,1,6,6,2,41,7,-1,-1,-1,-1,-1,-1,0,-1
2021161077048,2021,161077048,2,1,0,5,5,6,2,0,0,4,0,0,0,0,2,1,6,6,1,71,10,-1,-1,-1,-1,2,E01013147,0,-1
2021430024381,2021,430024381,2,1,0,18,19,7,3,0,0,8,0,0,0,0,4,1,6,6,1,45,7,-1,-1,-1,-1,7,E01016293,0,-1
2021010326041,2021,010326041,1,1,9,99,99,9,9,99,99,9,9,99,9,99,2,1,6,6,1,19,4,-1,-1,-1,-1,2,E01001911,0,-1
2021371145107,2021,371145107,2,9,0,18,19,2,6,0,0,8,0,0,0,0,1,1,5,6,1,59,9,-1,-1,-1,-1,6,E01029876,0,-1
2021991047039,2021,991047039,2,1,0,18,19,4,8,0,0,0,5,0,0,0,1,1,5,6,1,46,8,-1,-1,-1,-1,9,-1,0,-1
2021371018986,2021,371018986,3,9,0,2,2,0,0,0,0,1,0,0,0,0,3,1,6,6,3,-1,-1,-1,-1,-1,-1,-1,-1,0,-1
2021622100918,2021,622100918,1,9,0,7,7,7,1,0,0,2,0,0,0,0,1,1,6,6,1,27,6,-1,-1,-1,-1,4,W01000750,0,-1
2021041109036,2021,041109036,1,1,0,18,19,1,5,1,1,0,0,0,0,0,1,1,6,6,1,13,3,-1,-1,-1,-1,1,E01012739,0,-1
2021522201297,2021,522201297,2,1,0,18,19,1,5,0,0,6,0,0,0,0,1,1,6,6,1,25,5,-1,-1,-1,-1,1,E01032514,0,-1
2021543101121,2021,543101121,1,9,0,18,19,4,1,0,0,2,0,0,0,0,1,1,6,6,1,27,6,-1,-1,-1,-1,9,E01031880,0,-1
2021041053674,2021,041053674,1,9,0,18,19,1,5,0,0,1,0,0,0,0,0,1,6,6,3,-1,-1,-1,-1,-1,-1,-1,-1,0,-1
2021440299331,2021,440299331,2,1,0,18,19,7,3,0,0,8,0,0,0,1,4,1,2,2,1,58,9,-1,-1,-1,-1,1,E01017077,0,-1
2021010328795,2021,010328795,2,1,0,18,19,7,3,4,4,1,0,0,0,0,4,1,2,2,2,55,8,-1,-1,-1,-1,10,E01003468,0,-1
2021131116305,2021,131116305,2,9,0,18,19,4,8,0,0,8,0,0,0,0,1,1,2,2,1,26,6,-1,-1,-1,-1,4,E01011390,0,-1
2021440442294,2021,440442294,1,3,0,18,19,4,8,0,0,0,0,0,0,0,1,1,2,2,1,31,6,-1,-1,-1,-1,3,E01022811,0,-1