collision_index,collision_year,collision_ref_no,vehicle_reference,vehicle_type,towing_and_articulation,vehicle_manoeuvre_historic,vehicle_manoeuvre,vehicle_direction_from,vehicle_direction_to,vehicle_location_restricted_lane_historic,vehicle_location_restricted_lane,junction_location,skidding_and_overturning,hit_object_in_carriageway,vehicle_leaving_carriageway,hit_object_off_carriageway,first_point_of_impact,vehicle_left_hand_drive,journey_purpose_of_driver_historic,journey_purpose_of_driver,sex_of_driver,age_of_driver,age_band_of_driver,engine_capacity_cc,propulsion_code,age_of_vehicle,generic_make_model,driver_imd_decile,lsoa_of_driver,escooter_flag,driver_distance_banding
2021440343356,2021,440343356,1,9,0,9,9,5,3,0,0,8,0,0,0,0,1,1,6,6,3,-1,-1,-1,-1,-1,-1,-1,-1,0,-1
2021430473479,2021,430473479,4,8,0,4,4,2,6,0,0,0,0,0,0,0,2,1,1,1,1,58,9,-1,-1,-1,-1,3,E01004344,0,-1
2021010302440,2021,010302440,2,1,0,15,15,3,7,0,0,0,0,0,1,0,2,1,4,7,2,17,4,-1,-1,-1,-1,3,E01000088,0,-1
2021522102780,2021,522102780,1,-1,0,18,19,1,5,9,9,0,0,0,0,0,1,1,6,6,1,30,6,-1,-1,-1,-1,-1,-1,1,-1
202160Z188277,2021,60Z188277,1,9,0,16,19,2,5,0,0,0,0,0,0,0,1,1,6,6,2,50,8,-1,-1,-1,-1,-1,-1,0,-1
2021031068418,2021,031068418,1,1,0,17,19,5,3,0,0,1,0,0,0,0,1,1,5,6,2,14,3,-1,-1,-1,-1,5,E01019188,0,-1
2021061043021,2021,061043021,1,1,0,18,19,7,3,0,0,1,0,0,0,0,1,1,6,6,2,68,10,-1,-1,-1,-1,-1,-1,0,-1
2021332100557,2021,332100557,2,9,0,9,9,6,4,0,0,6,0,0,0,0,1,1,6,6,2,41,7,-1,-1,-1,-1,9,E01013703,0,-1
2021010349743,2021,010349743,1,1,9,99,99,9,9,99,99,9,9,99,9,99,1,1,2,2,1,35,6,-1,-1,-1,-1,4,E01000745,0,-1
2021320366623,2021,320366623,2,1,0,18,19,6,2,0,0,8,5,0,0,0,3,1,6,6,2,12,3,-1,-1,-1,-1,2,E01026011,0,-1
2021991105623,2021,991105623,2,1,0,18,19,4,8,0,0,8,0,0,0,0,1,1,1,1,1,47,8,-1,-1,-1,-1,10,-1,0,-1
202106L079230,2021,06L079230,1,90,0,18,19,8,4,0,0,1,0,0,0,0,2,1,6,6,3,30,6,-1,-1,-1,-1,-1,-1,0,-1
2021052101717,2021,052101717,2,1,0,18,19,1,5,0,0,0,0,0,0,0,3,1,6,6,1,11,3,-1,-1,-1,-1,1,E01006734,0,-1
2021010312270,2021,010312270,1,1,9,99,99,9,9,99,99,9,9,99,9,99,9,1,6,6,1,31,6,-1,-1,-1,-1,2,E01033578,0,-1
2021161090623,2021,161090623,2,1,0,4,4,3,8,0,0,1,0,0,0,0,1,1,5,6,1,65,9,-1,-1,-1,-1,8,E01013226,0,-1
2021440122652,2021,440122652,2,9,0,18,19,6,1,0,0,8,0,0,0,0,3,1,6,6,1,67,10,-1,-1,-1,-1,10,E01022742,0,-1
2021041090584,2021,041090584,2,1,0,18,19,1,5,0,0,0,0,0,0,0,4,1,5,6,1,18,4,-1,-1,-1,-1,1,E01012679,0,-1
2021522201021,2021,522201021,1,9,0,18,19,7,3,0,0,8,0,0,0,0,1,1,6,6,1,45,7,-1,-1,-1,-1,1,E01014589,0,-1
2021131036298,2021,131036298,2,1,0,18,19,1,5,0,0,8,0,0,0,0,1,1,5,6,1,34,6,-1,-1,-1,-1,6,E01010689,0,-1
2021201149698,2021,201149698,2,1,0,17,19,2,7,0,0,8,1,0,0,0,2,1,6,6,1,37,7,-1,-1,-1,-1,1,E01010364,0,-1
2021010336683,2021,010336683,2,1,0,13,13,3,7,0,0,1,0,0,0,0,3,1,1,1,1,22,5,-1,-1,-1,-1,1,E01002758,0,-1
2021401105006,2021,401105006,2,90,0,18,19,6,2,0,0,0,0,0,0,0,0,1,6,6,3,-1,-1,-1,-1,-1,-1,-1,-1,0,-1
20211382B0920,2021,1382B0920,1,9,0,5,5,6,2,0,0,1,0,0,0,0,1,1,1,1,1,36,7,-1,-1,-1,-1,-1,-1,0,-1
2021041076974,2021,041076974,1,97,0,18,19,1,5,0,0,0,0,0,0,0,1,1,6,6,3,-1,-1,-1,-1,-1,-1,-1,-1,0,-1
2021201081495,2021,201081495,2,9,0,16,19,4,6,0,0,0,0,0,0,0,3,1,6,6,2,82,11,-1,-1,-1,-1,1,E01010383,0,-1
2021371019452,2021,371019452,2,90,0,18,19,3,7,0,0,0,0,0,0,0,1,1,6,6,3,-1,-1,-1,-1,-1,-1,-1,-1,0,-1
2021061105036,2021,061105036,1,19,0,1,1,-1,-1,0,0,0,0,0,0,0,2,1,6,6,1,-1,-1,-1,-1,-1,-1,-1,-1,0,-1
2021010319329,2021,010319329,2,1,0,18,19,6,2,0,0,1,0,0,0,0,1,1,2,2,2,29,6,-1,-1,-1,-1,4,E01003212,0,-1
2021010340567,2021,010340567,2,1,0,5,5,6,2,0,0,4,0,0,0,0,2,1,6,6,1,32,6,-1,-1,-1,-1,5,E01001782,0,-1
2021451124098,2021,451124098,2,9,0,18,19,3,7,0,0,0,0,0,0,0,2,1,1,1,1,51,8,-1,-1,-1,-1,10,E01017865,0,-1
2021010328099,2021,010328099,2,9,0,99,99,9,9,99,99,9,9,99,9,99,0,9,6,6,3,-1,-1,-1,-1,-1,-1,-1,-1,0,-1
2021010346832,2021,010346832,2,-1,0,18,19,8,4,0,0,1,0,0,0,0,1,1,6,6,1,34,6,-1,-1,-1,-1,1,E01001839,1,-1
2021332100831,2021,332100831,1,9,0,7,7,7,1,0,0,4,0,0,0,0,4,1,6,6,3,-1,-1,-1,-1,-1,-1,-1,-1,0,-1
2021010328386,2021,010328386,1,1,9,99,99,9,9,99,99,9,9,99,9,99,1,1,6,6,1,23,5,-1,-1,-1,-1,10,E01014742,0,-1
2021231087125,2021,231087125,1,9,0,7,7,8,2,0,0,0,0,0,0,0,4,1,5,6,3,21,5,-1,-1,-1,-1,-1,-1,0,-1
2021421097783,2021,421097783,1,1,0,18,19,5,1,0,0,1,0,0,0,0,1,1,6,6,1,15,3,-1,-1,-1,-1,6,E01021573,0,-1
2021010289521,2021,010289521,2,1,9,99,99,9,9,99,99,9,9,99,9,99,1,1,6,6,1,31,6,-1,-1,-1,-1,-1,-1,0,-1
202163B099921,2021,63B099921,2,9,0,10,10,1,6,0,0,1,0,0,0,0,1,1,1,1,1,22,5,-1,-1,-1,-1,7,W01000545,0,-1
2021231027742,2021,231027742,1,19,0,13,13,1,5,0,0,0,0,0,0,0,4,1,5,6,3,38,7,-1,-1,-1,-1,-1,-1,0,-1
2021371043887,2021,371043887,2,90,0,4,4,5,0,0,0,0,0,0,0,0,4,1,1,1,1,35,6,-1,-1,-1,-1,5,E01030093,0,-1
202160Z068447,2021,60Z068447,1,9,0,4,4,3,1,0,0,1,0,0,0,0,1,1,6,6,1,75,10,-1,-1,-1,-1,-1,-1,0,-1
2021201023493,2021,201023493,2,1,0,18,19,2,6,0,0,0,0,0,0,0,1,1,6,6,1,8,2,-1,-1,-1,-1,4,E01009617,0,-1
2021010293755,2021,010293755,2,9,0,99,99,9,9,99,99,9,9,99,9,99,2,9,6,6,3,31,6,-1,-1,-1,-1,-1,-1,0,-1
2021031088595,2021,031088595,1,1,0,17,19,7,3,0,0,0,0,0,0,0,0,1,5,6,2,27,6,-1,-1,-1,-1,-1,-1,0,-1
2021010318149,2021,010318149,1,1,0,99,99,9,9,0,0,8,0,0,0,0,9,1,6,6,1,47,8,-1,-1,-1,-1,5,E01002671,0,-1
2021131098588,2021,131098588,1,9,0,5,5,1,5,0,0,2,0,0,0,0,2,1,6,6,3,-1,-1,-1,-1,-1,-1,-1,-1,0,-1
2021440150567,2021,440150567,3,9,0,18,19,6,2,0,0,8,0,0,0,0,3,1,1,1,1,38,7,-1,-1,-1,-1,2,E01010477,0,-1
2021170H10221,2021,170H10221,2,9,0,18,19,7,3,0,0,2,0,0,0,0,1,1,6,6,1,-1,-1,-1,-1,-1,-1,-1,-1,0,-1
2021401102105,2021,401102105,1,9,0,2,2,0,0,0,0,0,0,0,0,0,3,1,5,6,1,-1,-1,-1,-1,-1,-1,1,E01001052,0,-1
2021430347373,2021,430347373,1,1,0,18,19,3,7,0,0,8,0,0,0,0,4,1,6,6,1,73,10,-1,-1,-1,-1,10,E01028791,0,-1
2021070677816,2021,070677816,2,1,0,5,5,5,1,0,0,2,0,0,0,0,4,1,6,6,2,25,5,-1,-1,-1,-1,10,E01018641,0,-1
2021031106499,2021,031106499,1,9,0,18,19,8,4,0,0,1,0,0,0,0,4,1,6,6,2,63,9,-1,-1,-1,-1,4,E01019389,0,-1
2021332100564,2021,332100564,1,9,0,13,13,6,3,0,0,0,1,0,0,0,1,1,6,6,2,37,7,-1,-1,-1,-1,6,E01026349,0,-1
2021421100922,2021,421100922,1,1,0,5,5,7,3,0,0,0,5,0,0,0,2,1,5,6,1,15,3,-1,-1,-1,-1,2,E01021699,0,-1
2021430209562,2021,430209562,1,20,0,18,19,7,3,0,0,4,5,0,1,0,3,1,6,6,1,29,6,-1,-1,-1,-1,6,E01028526,0,-1
2021522106007,2021,522106007,2,9,0,12,12,6,2,0,0,0,0,0,0,0,3,1,6,6,3,25,5,-1,-1,-1,-1,-1,-1,0,-1
2021520100016,2021,520100016,1,1,0,18,19,2,6,4,4,1,0,0,0,0,1,1,6,6,2,32,6,-1,-1,-1,-1,10,E01029302,0,-1
2021141055101,2021,141055101,1,9,0,18,19,1,1,0,0,1,0,0,0,0,1,1,5,6,1,28,6,-1,-1,-1,-1,1,E01007509,0,-1
2021010324363,2021,010324363,2,9,0,99,99,9,9,99,99,9,9,99,9,99,2,9,6,6,3,-1,-1,-1,-1,-1,-1,-1,-1,0,-1
2021332100675,2021,332100675,1,3,0,17,19,4,1,0,0,0,1,0,1,1,1,1,6,6,1,20,4,-1,-1,-1,-1,1,E01013583,0,-1
2021451041120,2021,451041120,1,1,0,10,10,1,1,0,0,1,0,0,0,0,1,1,5,6,1,50,8,-1,-1,-1,-1,9,E01003885,0,-1
2021010327448,2021,010327448,1,5,0,4,4,5,1,0,0,1,0,0,0,0,0,1,6,6,1,43,7,-1,-1,-1,-1,5,E01002010,0,-1
2021351095868,2021,351095868,2,1,0,3,3,2,8,4,4,1,0,0,0,0,1,1,5,6,1,31,6,-1,-1,-1,-1,8,E01017966,0,-1
2021522200730,2021,522200730,2,1,0,18,19,1,5,0,0,8,0,0,0,0,1,1,6,6,1,53,8,-1,-1,-1,-1,10,E01014618,0,-1
2021320142942,2021,320142942,1,9,0,18,19,4,8,0,0,0,0,0,7,9,3,1,6,6,1,20,4,-1,-1,-1,-1,5,E01026283,0,-1
2021430200804,2021,430200804,2,1,0,18,19,3,7,0,0,0,0,0,0,0,0,1,6,6,1,39,7,-1,-1,-1,-1,6,E01028570,0,-1
2021052102559,2021,052102559,1,9,0,18,19,3,7,0,0,0,0,0,0,0,1,1,6,6,3,-1,-1,-1,-1,-1,-1,-1,-1,0,-1
2021451127707,2021,451127707,2,9,0,18,19,1,5,0,0,0,0,0,0,0,1,1,6,6,3,30,6,-1,-1,-1,-1,-1,-1,0,-1
202160Z118517,2021,60Z118517,1,9,0,18,19,3,7,0,0,0,0,0,1,7,4,1,6,6,2,79,11,-1,-1,-1,-1,-1,-1,0,-1
2021430375799,2021,430375799,2,3,0,18,19,2,6,0,0,0,0,0,0,0,1,1,6,6,1,19,4,-1,-1,-1,-1,-1,-1,0,-1
2021320310329,2021,320310329,2,9,0,18,19,2,6,0,0,0,0,0,0,0,2,1,6,6,1,34,6,-1,-1,-1,-1,6,E01026128,0,-1
2021010340052,2021,010340052,1,5,0,99,99,9,9,99,99,9,9,99,9,99,9,1,6,6,1,42,7,-1,-1,-1,-1,2,E01003298,0,-1
2021471014324,2021,471014324,1,19,0,5,5,-1,-1,0,0,1,0,0,0,0,4,1,6,6,3,-1,-1,-1,-1,-1,-1,-1,-1,0,-1
2021170M10241,2021,170M10241,2,1,0,18,19,7,3,0,0,1,0,0,0,0,1,1,6,6,1,40,7,-1,-1,-1,-1,2,E01012081,0,-1
2021361136330,2021,361136330,1,9,0,18,19,8,3,0,0,8,0,0,0,0,0,1,6,6,2,50,8,-1,-1,-1,-1,-1,-1,0,-1
2021451092497,2021,451092497,2,1,0,18,19,7,3,0,0,1,0,0,0,0,1,1,4,7,1,14,3,-1,-1,-1,-1,8,E01030556,0,-1
2021430301704,2021,430301704,2,1,0,18,19,3,6,0,0,6,0,0,0,0,1,1,6,6,1,56,9,-1,-1,-1,-1,5,E01028430,0,-1
2021430519089,2021,430519089,1,9,0,18,19,8,4,0,0,1,0,0,0,0,4,1,6,6,3,-1,-1,-1,-1,-1,-1,-1,-1,0,-1
2021522103438,2021,522103438,1,9,0,18,19,3,7,0,0,8,0,0,0,0,1,1,6,6,1,30,6,-1,-1,-1,-1,-1,-1,0,-1
2021430157962,2021,430157962,1,1,0,18,19,2,4,0,0,8,0,0,0,0,1,1,6,6,1,34,6,-1,-1,-1,-1,-1,-1,0,-1
2021401091505,2021,401091505,4,9,0,4,4,8,4,0,0,0,0,0,0,0,1,1,6,6,3,-1,-1,-1,-1,-1,-1,-1,-1,0,-1
2021041157431,2021,041157431,1,1,0,18,19,5,1,0,0,0,5,0,0,0,3,1,6,6,1,70,10,-1,-1,-1,-1,4,E01024933,0,-1
2021471036288,2021,471036288,1,1,0,15,15,3,7,0,0,2,0,0,0,0,1,1,6,6,1,46,8,-1,-1,-1,-1,3,E01031830,0,-1
2021010323520,2021,010323520,2,9,0,99,99,9,9,99,99,9,9,99,9,99,1,9,6,6,2,49,8,-1,-1,-1,-1,5,E01003307,0,-1
2021351106015,2021,351106015,3,9,0,3,3,3,7,0,0,1,0,0,0,0,3,1,2,2,1,32,6,-1,-1,-1,-1,8,E01017983,0,-1
2021010334709,2021,010334709,1,9,0,2,2,0,0,9,9,0,0,0,0,0,1,1,6,6,3,-1,-1,-1,-1,-1,-1,-1,-1,0,-1
2021302100134,2021,302100134,1,9,0,5,5,8,2,0,0,3,5,10,3,2,1,1,6,6,1,23,5,-1,-1,-1,-1,7,E01013488,0,-1
2021351117115,2021,351117115,1,9,0,15,15,5,1,0,0,0,0,0,0,0,1,1,6,6,3,-1,-1,-1,-1,-1,-1,-1,-1,0,-1
2021351021983,2021,351021983,2,1,0,17,19,5,3,0,0,8,0,0,0,0,4,1,6,6,2,32,6,-1,-1,-1,-1,8,E01017984,0,-1
2021361087001,2021,361087001,1,9,0,18,19,1,5,0,0,0,0,0,0,0,1,1,6,6,3,-1,-1,-1,-1,-1,-1,-1,-1,0,-1
202134WNC6081,2021,34WNC6081,1,19,0,18,19,5,1,0,0,0,0,0,7,0,1,1,2,2,1,32,6,-1,-1,-1,-1,4,E01009626,0,-1
2021101091382,2021,101091382,1,1,-1,13,13,5,1,0,0,0,0,0,0,0,4,1,6,6,1,-1,-1,-1,-1,-1,-1,8,E01008409,0,-1
2021010333923,2021,010333923,1,9,0,14,14,3,7,0,0,0,0,0,0,0,1,1,1,1,1,42,7,-1,-1,-1,-1,8,E01002160,0,-1
2021201086338,2021,201086338,2,1,0,3,3,6,2,0,0,1,0,0,0,0,0,1,1,1,1,34,6,-1,-1,-1,-1,3,E01010127,0,-1
2021010330513,2021,010330513,2,9,9,99,99,9,9,99,99,9,9,99,9,99,9,9,6,6,3,20,4,-1,-1,-1,-1,8,E01030697,0,-1
2021052101839,2021,052101839,2,9,0,2,2,0,0,0,0,0,0,0,0,0,2,1,6,6,3,-1,-1,-1,-1,-1,-1,-1,-1,0,-1
2021501101362,2021,501101362,1,9,0,4,4,3,7,0,0,0,1,0,0,0,3,1,1,1,1,39,7,-1,-1,-1,-1,6,E01020237,0,-1
202131C095621,2021,31C095621,1,-1,0,18,19,2,6,9,9,2,0,0,0,0,4,1,6,6,3,-1,-1,-1,-1,-1,-1,-1,-1,1,-1
2021141076958,2021,141076958,2,9,0,18,19,5,1,0,0,0,0,0,0,0,1,1,5,6,1,19,4,-1,-1,-1,-1,5,E01007608,0,-1
2021010287717,2021,010287717,1,1,9,99,99,9,9,99,99,9,9,99,9,99,9,1,6,6,1,37,7,-1,-1,-1,-1,5,E01004486,0,-1
2021610000721,2021,610000721,2,9,0,18,19,2,6,0,0,0,0,0,0,0,1,1,6,6,1,31,6,-1,-1,-1,-1,-1,-1,0,-1
202160Z175439,2021,60Z175439,2,9,0,3,3,3,7,0,0,1,0,0,0,0,2,1,6,6,2,-1,-1,-1,-1,-1,-1,-1,-1,0,-1
2021231079177,2021,231079177,1,1,0,18,19,6,2,0,0,4,0,0,0,0,1,1,1,1,1,50,8,-1,-1,-1,-1,9,E01031184,0,-1
2021010340476,2021,010340476,2,1,0,18,19,5,1,0,0,8,0,0,0,0,4,1,6,6,2,60,9,-1,-1,-1,-1,5,E01000920,0,-1
2021430490843,2021,430490843,2,1,0,7,7,2,6,0,0,8,0,0,0,0,1,1,6,6,1,25,5,-1,-1,-1,-1,-1,-1,0,-1
2021351077385,2021,351077385,2,1,0,18,19,3,8,0,0,8,0,0,0,0,3,1,5,6,2,29,6,-1,-1,-1,-1,8,E01018003,0,-1
2021101109872,2021,101109872,1,9,0,17,19,2,7,0,0,2,0,0,0,0,4,1,6,6,3,30,6,-1,-1,-1,-1,-1,-1,0,-1
2021061140360,2021,061140360,2,19,0,18,19,6,2,0,0,0,0,0,0,0,1,1,6,6,3,30,6,-1,-1,-1,-1,-1,-1,0,-1
2021010311237,2021,010311237,2,1,0,18,19,1,5,0,0,6,0,0,0,0,3,1,6,6,2,59,9,-1,-1,-1,-1,2,E01001796,0,-1
2021010353805,2021,010353805,2,1,9,99,99,9,9,99,99,9,9,99,9,99,1,1,6,6,3,-1,-1,-1,-1,-1,-1,-1,-1,0,-1
2021010308270,2021,010308270,2,1,0,18,19,3,7,0,0,8,0,0,0,0,3,1,6,6,1,22,5,-1,-1,-1,-1,7,E01002220,0,-1
2021221049939,2021,221049939,1,9,0,9,9,5,3,0,0,5,0,0,0,0,3,1,5,6,1,48,8,-1,-1,-1,-1,7,E01028835,0,-1
2021440282440,2021,440282440,1,-1,0,18,19,6,2,0,0,0,0,10,0,0,1,1,6,6,1,36,7,-1,-1,-1,-1,4,E01017158,1,-1
2021031111214,2021,031111214,1,9,0,9,9,3,7,0,0,0,0,0,0,0,-1,1,6,6,3,-1,-1,-1,-1,-1,-1,-1,-1,0,-1
2021361061805,2021,361061805,1,9,0,18,19,6,2,0,0,0,0,0,0,0,0,1,6,6,3,-1,-1,-1,-1,-1,-1,-1,-1,0,-1
2021430341789,2021,430341789,1,9,0,18,19,2,6,0,0,0,0,0,0,0,1,1,6,6,1,45,7,-1,-1,-1,-1,7,E01015560,0,-1
2021610065421,2021,610065421,2,1,0,18,19,6,2,0,0,8,0,0,0,0,4,1,6,6,1,68,10,-1,-1,-1,-1,9,W01001514,0,-1
2021332100452,2021,332100452,1,3,0,3,3,2,6,0,0,1,0,0,0,0,2,1,6,6,1,17,4,-1,-1,-1,-1,8,E01025883,0,-1
2021010301623,2021,010301623,1,4,0,99,99,9,9,99,99,9,9,99,9,99,1,1,6,6,3,-1,-1,-1,-1,-1,-1,-1,-1,0,-1
2021520105098,2021,520105098,2,1,0,18,19,3,7,0,0,8,0,0,0,0,3,1,6,6,3,-1,-1,-1,-1,-1,-1,-1,-1,0,-1
2021052102866,2021,052102866,1,8,0,18,19,1,5,0,0,0,0,0,0,0,1,1,6,6,3,-1,-1,-1,-1,-1,-1,-1,-1,0,-1
2021546152221,2021,546152221,2,1,0,18,19,1,5,0,0,0,0,0,0,0,3,1,6,6,1,50,8,-1,-1,-1,-1,4,E01015580,0,-1
2021430278641,2021,430278641,2,1,0,9,9,6,4,0,0,8,0,0,0,0,1,1,2,2,1,26,6,-1,-1,-1,-1,10,E01032962,0,-1
202163C010221,2021,63C010221,1,9,0,17,19,8,6,0,0,0,0,0,1,10,1,1,6,6,1,78,11,-1,-1,-1,-1,7,W01000565,0,-1
2021170M11341,2021,170M11341,2,1,0,18,19,3,7,0,0,6,0,0,0,0,1,1,6,6,1,47,8,-1,-1,-1,-1,-1,-1,0,-1
2021320057088,2021,320057088,2,1,0,18,19,6,2,0,0,8,5,0,0,0,1,1,6,6,1,59,9,-1,-1,-1,-1,5,E01026232,0,-1
2021201023618,2021,201023618,2,1,0,18,19,3,7,0,0,4,0,0,0,0,1,1,6,6,1,66,10,-1,-1,-1,-1,1,E01009307,0,-1
2021332100502,2021,332100502,1,9,0,18,19,7,3,0,0,0,1,0,0,0,1,1,6,6,2,37,7,-1,-1,-1,-1,3,E01025949,0,-1
2021552101343,2021,552101343,1,8,0,7,7,4,8,0,0,5,0,0,0,0,4,1,6,6,3,-1,-1,-1,-1,-1,-1,-1,-1,0,-1
2021552101138,2021,552101138,2,1,0,7,7,6,8,0,0,5,0,0,0,0,1,1,2,2,2,40,7,-1,-1,-1,-1,6,E01020528,0,-1
2021201017948,2021,201017948,2,1,0,18,19,6,2,0,0,8,0,0,0,0,1,1,1,1,1,45,7,-1,-1,-1,-1,4,E01009205,0,-1
20211381L0758,2021,1381L0758,1,9,0,7,7,5,6,0,0,8,0,0,0,0,4,1,6,6,1,-1,-1,-1,-1,-1,-1,-1,-1,0,-1
2021991067277,2021,991067277,2,1,0,16,19,3,6,0,0,0,0,0,1,0,3,1,6,6,1,46,8,-1,-1,-1,-1,-1,-1,0,-1
2021432049471,2021,432049471,2,1,0,18,19,8,4,0,0,1,0,8,0,0,4,1,6,6,1,54,8,-1,-1,-1,-1,7,E01028658,0,-1
2021421109017,2021,421109017,1,9,0,18,19,2,6,0,0,0,0,0,0,0,1,1,5,6,1,62,9,-1,-1,-1,-1,3,E01021861,0,-1
2021411111070,2021,411111070,1,98,0,18,19,1,5,0,0,0,0,0,0,0,1,1,6,6,1,-1,-1,-1,-1,-1,-1,-1,-1,0,-1
2021010340706,2021,010340706,1,3,0,99,99,9,9,99,99,9,9,99,9,99,1,1,6,6,3,-1,-1,-1,-1,-1,-1,-1,-1,0,-1
2021010339120,2021,010339120,2,9,0,99,99,9,9,99,99,9,9,99,9,99,1,9,6,6,3,19,4,-1,-1,-1,-1,3,E01001203,0,-1
2021411118909,2021,411118909,1,1,0,18,19,-1,-1,9,9,0,0,0,0,0,1,1,6,6,3,-1,-1,-1,-1,-1,-1,-1,-1,0,-1
2021522105236,2021,522105236,1,9,0,1,1,7,3,6,6,0,0,0,0,0,0,1,6,6,3,30,6,-1,-1,-1,-1,-1,-1,0,-1
2021010300348,2021,010300348,2,9,0,99,99,9,9,99,99,0,9,99,9,99,2,9,6,6,3,-1,-1,-1,-1,-1,-1,-1,-1,0,-1
2021221071860,2021,221071860,2,1,0,18,19,4,7,0,0,4,0,0,0,0,3,1,5,6,1,47,8,-1,-1,-1,-1,9,E01032261,0,-1
2021061047435,2021,061047435,1,9,0,-1,-1,-1,-1,-1,-1,0,-1,-1,-1,0,-1,1,6,6,3,30,6,-1,-1,-1,-1,-1,-1,0,-1
2021122100185,2021,122100185,2,9,0,18,19,1,5,0,0,8,0,0,0,0,4,1,6,6,1,36,7,-1,-1,-1,-1,6,E01027720,0,-1
202160Z052352,2021,60Z052352,1,5,0,6,6,8,8,0,0,0,5,0,0,0,0,1,6,6,1,50,8,-1,-1,-1,-1,-1,-1,0,-1
2021010316181,2021,010316181,1,9,9,10,10,3,1,99,99,9,9,99,9,99,9,1,6,6,2,27,6,-1,-1,-1,-1,9,E01002994,0,-1
202131D027721,2021,31D027721,1,9,0,5,5,5,1,0,0,0,0,0,0,0,0,1,6,6,2,52,8,-1,-1,-1,-1,9,E01028099,0,-1
2021361032850,2021,361032850,1,2,0,18,19,1,5,9,9,0,0,0,0,0,1,1,6,6,3,-1,-1,-1,-1,-1,-1,-1,-1,0,-1
2021052102558,2021,052102558,2,1,0,18,19,7,3,0,0,8,0,0,0,0,1,1,2,2,1,35,6,-1,-1,-1,-1,4,E01025508,0,-1
2021141095096,2021,141095096,2,1,0,18,19,1,5,0,0,0,0,0,0,0,0,1,4,7,1,15,3,-1,-1,-1,-1,1,E01008011,0,-1
2021201088696,2021,201088696,1,9,0,9,9,8,6,0,0,6,0,0,0,0,1,1,6,6,3,-1,-1,-1,-1,-1,-1,-1,-1,0,-1
2021010321047,2021,010321047,2,1,0,18,19,1,5,0,0,8,0,0,0,0,4,1,6,6,1,26,6,-1,-1,-1,-1,2,E01003299,0,-1
2021552101419,2021,552101419,2,1,0,18,19,2,6,9,9,8,0,0,0,0,3,1,6,6,1,60,9,-1,-1,-1,-1,7,E01015348,0,-1
2021010320858,2021,010320858,1,1,9,99,99,9,9,99,99,9,9,99,9,99,9,1,6,6,1,33,6,-1,-1,-1,-1,1,E01002755,0,-1
2021332100202,2021,332100202,2,21,1,18,19,8,4,0,0,0,1,0,4,0,1,2,1,1,1,36,7,-1,-1,-1,-1,-1,-1,0,-1
2021010319245,2021,010319245,1,1,0,99,99,9,9,0,0,8,0,0,0,0,1,1,6,6,1,24,5,-1,-1,-1,-1,3,E01004012,0,-1
2021440357655,2021,440357655,1,1,0,18,19,1,5,0,0,0,0,0,0,0,4,1,6,6,1,60,9,-1,-1,-1,-1,6,E01022824,0,-1
2021010328582,2021,010328582,2,9,0,99,99,9,9,99,99,0,9,99,9,99,1,9,6,6,3,22,5,-1,-1,-1,-1,4,E01033424,0,-1
2021430035444,2021,430035444,1,9,0,18,19,3,7,0,0,0,0,0,0,0,4,1,6,6,3,-1,-1,-1,-1,-1,-1,-1,-1,0,-1
2021141097285,2021,141097285,1,1,0,18,19,7,4,0,0,1,0,0,0,0,1,1,2,2,1,54,8,-1,-1,-1,-1,1,E01007453,0,-1
202106L079761,2021,06L079761,1,9,0,15,15,8,4,0,0,2,0,0,7,10,1,1,6,6,1,35,6,-1,-1,-1,-1,2,E01006274,0,-1
2021201058650,2021,201058650,2,1,0,9,9,2,7,0,0,6,0,0,0,0,1,1,6,6,1,44,7,-1,-1,-1,-1,1,E01009056,0,-1
202160Z119823,2021,60Z119823,5,9,0,2,2,0,0,0,0,0,0,0,0,0,1,1,6,6,1,61,9,-1,-1,-1,-1,-1,-1,0,-1
2021122100643,2021,122100643,1,1,0,18,19,5,1,0,0,0,0,12,0,0,1,1,6,6,3,-1,-1,-1,-1,-1,-1,-1,-1,0,-1
2021141029172,2021,141029172,2,9,0,9,9,5,3,0,0,1,0,0,0,0,3,1,1,1,1,66,10,-1,-1,-1,-1,3,E01007375,0,-1
2021010294597,2021,010294597,3,9,0,9,9,7,5,0,0,8,0,0,0,0,1,1,6,6,3,-1,-1,-1,-1,-1,-1,-1,-1,0,-1
2021010347952,2021,010347952,1,1,9,99,99,9,9,99,99,0,9,99,9,99,9,1,6,6,2,73,10,-1,-1,-1,-1,4,E01002063,0,-1
2021991081960,2021,991081960,2,9,0,18,19,1,5,0,0,0,0,0,0,0,3,1,6,6,1,76,11,-1,-1,-1,-1,-1,-1,0,-1
202131A166821,2021,31A166821,1,1,0,18,19,7,3,0,0,0,0,0,0,0,2,1,6,6,1,25,5,-1,-1,-1,-1,7,E01028323,0,-1
2021332100218,2021,332100218,2,9,0,2,2,0,0,0,0,0,0,0,0,0,2,1,6,6,1,25,5,-1,-1,-1,-1,6,E01025656,0,-1
2021141093944,2021,141093944,2,1,0,18,19,7,3,0,0,8,5,0,1,0,1,1,6,6,1,32,6,-1,-1,-1,-1,6,E01008154,0,-1
2021061102961,2021,061102961,1,9,0,11,11,2,6,0,0,1,0,0,0,0,1,1,6,6,3,30,6,-1,-1,-1,-1,-1,-1,0,-1
2021131110090,2021,131110090,2,90,0,-1,-1,-1,-1,-1,-1,-1,-1,-1,-1,-1,-1,1,2,2,2,25,5,-1,-1,-1,-1,1,E01011916,0,-1
2021201059203,2021,201059203,2,1,0,11,11,8,4,0,0,2,0,0,0,0,4,1,1,1,1,23,5,-1,-1,-1,-1,1,E01008995,0,-1
2021101021450,2021,101021450,1,19,0,18,19,6,2,0,0,0,0,0,0,0,4,1,6,6,3,-1,-1,-1,-1,-1,-1,-1,-1,0,-1
2021522101782,2021,522101782,2,19,0,2,2,0,0,0,0,2,0,0,0,0,1,1,6,6,1,56,9,-1,-1,-1,-1,2,E01014806,0,-1
2021541563921,2021,541563921,2,22,0,2,2,6,2,0,0,2,0,0,0,0,0,1,6,6,2,20,4,-1,-1,-1,-1,1,E01032096,0,-1
202160Z003269,2021,60Z003269,1,19,0,18,19,5,1,0,0,0,0,0,0,0,1,1,2,2,1,33,6,-1,-1,-1,-1,-1,-1,0,-1