collision_index,collision_year,collision_ref_no,vehicle_reference,vehicle_type,towing_and_articulation,vehicle_manoeuvre_historic,vehicle_manoeuvre,vehicle_direction_from,vehicle_direction_to,vehicle_location_restricted_lane_historic,vehicle_location_restricted_lane,junction_location,skidding_and_overturning,hit_object_in_carriageway,vehicle_leaving_carriageway,hit_object_off_carriageway,first_point_of_impact,vehicle_left_hand_drive,journey_purpose_of_driver_historic,journey_purpose_of_driver,sex_of_driver,age_of_driver,age_band_of_driver,engine_capacity_cc,propulsion_code,age_of_vehicle,generic_make_model,driver_imd_decile,lsoa_of_driver,escooter_flag,driver_distance_banding
2021052101850,2021,052101850,2,1,0,18,19,3,7,0,0,0,0,0,0,0,3,1,6,6,2,10,2,-1,-1,-1,-1,2,E01006497,0,-1
2021010289686,2021,010289686,2,-1,0,5,5,7,3,0,0,1,0,0,0,0,2,1,6,6,1,17,4,-1,-1,-1,-1,8,E01002318,1,-1
2021221051165,2021,221051165,1,9,0,13,13,4,8,0,0,0,2,0,1,7,4,1,5,6,1,49,8,-1,-1,-1,-1,3,E01032236,0,-1
2021201089397,2021,201089397,6,19,0,18,19,5,1,0,0,0,0,0,0,0,3,1,6,6,1,40,7,-1,-1,-1,-1,-1,-1,0,-1
2021010331969,2021,010331969,2,1,0,7,7,7,2,0,0,1,0,0,0,0,1,1,6,6,1,21,5,-1,-1,-1,-1,-1,-1,0,-1
2021451038968,2021,451038968,2,9,0,1,1,5,1,0,0,0,0,0,0,0,3,1,5,6,1,61,9,-1,-1,-1,-1,9,E01030854,0,-1
2021440471191,2021,440471191,2,9,0,18,19,2,6,0,0,0,0,0,0,0,0,1,6,6,3,-1,-1,-1,-1,-1,-1,-1,-1,0,-1
2021061078541,2021,061078541,2,9,0,18,19,5,1,0,0,1,0,0,0,0,1,1,6,6,3,30,6,-1,-1,-1,-1,-1,-1,0,-1
2021430266441,2021,430266441,1,9,0,18,19,8,4,0,0,1,0,0,0,0,1,1,2,2,1,23,5,-1,-1,-1,-1,8,E01016815,0,-1
2021351073227,2021,351073227,2,9,0,11,11,5,1,0,0,4,0,0,0,0,0,1,6,6,3,-1,-1,-1,-1,-1,-1,-1,-1,0,-1
2021161115145,2021,161115145,1,1,0,18,19,7,3,0,0,3,0,0,0,0,1,1,2,2,1,27,6,-1,-1,-1,-1,1,E01013139,0,-1
2021332100100,2021,332100100,1,8,0,18,19,5,1,0,0,0,0,0,0,0,4,1,1,1,1,66,10,-1,-1,-1,-1,7,E01013669,0,-1
2021052100410,2021,052100410,2,1,0,18,19,7,3,0,0,6,0,0,0,0,1,1,6,6,1,24,5,-1,-1,-1,-1,1,E01006875,0,-1
2021010315795,2021,010315795,1,1,0,99,99,9,9,0,0,0,0,0,0,0,4,1,6,6,2,23,5,-1,-1,-1,-1,3,E01003328,0,-1
2021302100190,2021,302100190,1,1,0,18,19,2,6,0,0,6,0,0,0,0,3,1,6,6,1,24,5,-1,-1,-1,-1,2,E01013523,0,-1
2021010339994,2021,010339994,2,9,0,18,19,1,5,0,0,6,0,0,0,0,1,1,6,6,1,25,5,-1,-1,-1,-1,1,E01000153,0,-1
202131D047421,2021,31D047421,2,1,0,18,19,4,8,0,0,8,0,0,0,0,1,1,6,6,1,14,3,-1,-1,-1,-1,2,E01013965,0,-1
2021010334597,2021,010334597,1,1,9,99,99,9,9,99,99,9,9,99,9,99,9,1,2,2,1,37,7,-1,-1,-1,-1,1,E01001145,0,-1
2021302100089,2021,302100089,2,1,0,18,19,4,2,0,0,1,0,0,0,0,1,1,2,2,1,19,4,-1,-1,-1,-1,4,E01019693,0,-1
202160Z137513,2021,60Z137513,1,9,0,18,19,1,5,0,0,0,0,0,0,0,1,1,6,6,1,-1,-1,-1,-1,-1,-1,-1,-1,0,-1
2021332100931,2021,332100931,3,9,0,18,19,5,1,0,0,1,0,0,0,0,1,1,6,6,1,77,11,-1,-1,-1,-1,8,E01025640,0,-1
2021010348394,2021,010348394,1,-1,0,18,19,7,3,0,0,1,0,0,0,0,4,1,2,2,1,24,5,-1,-1,-1,-1,1,E01001876,1,-1
2021451090184,2021,451090184,2,1,0,18,19,3,7,0,0,8,0,0,0,0,1,1,5,6,2,21,5,-1,-1,-1,-1,10,E01030996,0,-1
2021302101712,2021,302101712,2,1,0,18,19,8,4,0,0,8,0,0,0,0,2,1,2,2,1,19,4,-1,-1,-1,-1,10,E01013576,0,-1
2021332100718,2021,332100718,1,19,0,9,9,8,6,0,0,4,0,0,0,0,4,1,1,1,1,76,11,-1,-1,-1,-1,8,E01025771,0,-1
2021052101541,2021,052101541,1,9,0,18,19,5,1,0,0,1,0,0,0,0,1,1,6,6,3,-1,-1,-1,-1,-1,-1,-1,-1,0,-1
2021531013372,2021,531013372,1,9,0,18,19,-1,-1,0,0,0,0,10,2,4,1,1,6,6,1,32,6,-1,-1,-1,-1,8,E01029624,0,-1
2021520200816,2021,520200816,1,9,0,18,19,6,4,0,0,6,0,0,0,0,1,1,6,6,1,34,6,-1,-1,-1,-1,6,E01029321,0,-1
2021070268589,2021,070268589,1,9,0,7,7,1,3,0,0,8,0,0,0,0,0,1,6,6,3,21,5,-1,-1,-1,-1,-1,-1,0,-1
202131C127921,2021,31C127921,1,1,0,18,19,5,1,0,0,0,0,11,0,0,1,1,6,6,2,26,6,-1,-1,-1,-1,2,E01013906,0,-1
2021010322477,2021,010322477,3,9,0,99,99,9,9,99,99,0,9,99,9,99,1,9,6,6,3,-1,-1,-1,-1,-1,-1,-1,-1,0,-1
2021522103577,2021,522103577,2,9,0,18,19,6,2,0,0,1,0,0,0,0,1,1,6,6,3,-1,-1,-1,-1,-1,-1,-1,-1,0,-1
2021010345919,2021,010345919,2,1,0,14,14,3,7,0,0,2,0,0,0,0,1,1,1,1,1,26,6,-1,-1,-1,-1,2,E01032720,0,-1
2021461093453,2021,461093453,1,9,0,12,12,7,3,0,0,0,0,0,0,0,4,1,6,6,2,-1,-1,-1,-1,-1,-1,-1,-1,0,-1
2021610052521,2021,610052521,3,9,0,18,19,0,0,0,0,0,0,0,0,0,1,1,6,6,2,-1,-1,-1,-1,-1,-1,-1,-1,0,-1
202160Z174507,2021,60Z174507,1,3,0,18,19,1,5,0,0,4,0,0,0,0,0,1,1,1,1,20,4,-1,-1,-1,-1,-1,-1,0,-1
2021332100818,2021,332100818,1,9,0,13,13,3,8,0,0,0,1,0,1,10,4,1,2,2,1,29,6,-1,-1,-1,-1,3,E01025950,0,-1
2021302100791,2021,302100791,2,1,0,18,19,6,2,0,0,0,0,0,0,0,4,1,6,6,1,7,2,-1,-1,-1,-1,8,E01019734,0,-1
2021332100445,2021,332100445,2,9,0,3,3,1,5,0,0,0,0,0,0,0,0,1,6,6,2,19,4,-1,-1,-1,-1,9,E01025816,0,-1
2021320302984,2021,320302984,2,1,0,18,19,6,2,0,0,3,0,0,0,0,1,1,6,6,1,45,7,-1,-1,-1,-1,9,E01026118,0,-1
2021111106128,2021,111106128,1,2,0,14,14,8,3,0,0,0,0,0,0,0,1,1,2,2,1,18,4,-1,-1,-1,-1,5,E01020641,0,-1
2021010342584,2021,010342584,1,19,0,8,8,7,1,0,0,1,0,0,0,0,0,1,2,2,1,25,5,-1,-1,-1,-1,4,E01002001,0,-1
2021010349825,2021,010349825,2,9,0,99,99,9,9,99,99,9,9,99,9,99,1,9,6,6,3,-1,-1,-1,-1,-1,-1,-1,-1,0,-1
202160Z094675,2021,60Z094675,1,9,0,18,19,3,7,0,0,1,0,0,0,0,1,1,6,6,2,34,6,-1,-1,-1,-1,-1,-1,0,-1
2021052102229,2021,052102229,1,8,0,1,1,5,1,0,0,0,0,0,0,0,3,1,1,1,3,-1,-1,-1,-1,-1,-1,-1,-1,0,-1
2021461071830,2021,461071830,1,9,0,18,19,2,7,0,0,4,0,0,0,0,3,1,6,6,1,50,8,-1,-1,-1,-1,-1,-1,0,-1
2021010305855,2021,010305855,1,23,0,99,99,9,9,99,99,9,9,99,9,99,1,1,6,6,3,-1,-1,-1,-1,-1,-1,-1,-1,0,-1
2021010320895,2021,010320895,1,1,9,99,99,9,9,99,99,9,9,99,9,99,1,1,6,6,1,16,4,-1,-1,-1,-1,10,E01001124,0,-1
2021440220336,2021,440220336,2,9,0,18,19,6,2,0,0,1,0,0,0,0,1,1,6,6,3,-1,-1,-1,-1,-1,-1,-1,-1,0,-1
2021430268348,2021,430268348,2,90,0,18,19,2,6,0,0,4,0,0,0,0,1,1,6,6,3,-1,-1,-1,-1,-1,-1,-1,-1,0,-1
2021010345150,2021,010345150,2,1,0,9,9,7,5,0,0,8,0,0,0,0,1,1,6,6,1,44,7,-1,-1,-1,-1,3,E01001445,0,-1
2021111022320,2021,111022320,1,19,4,18,19,6,2,0,0,0,0,0,0,0,4,1,6,6,1,50,8,-1,-1,-1,-1,-1,-1,0,-1
2021010334350,2021,010334350,2,9,9,99,99,9,9,99,99,1,9,99,9,99,9,9,6,6,3,-1,-1,-1,-1,-1,-1,-1,-1,0,-1
202160Z188277,2021,60Z188277,2,98,0,17,19,5,2,0,0,0,0,0,0,0,1,1,6,6,1,28,6,-1,-1,-1,-1,-1,-1,0,-1
2021522100028,2021,522100028,2,9,0,18,19,7,3,0,0,0,0,0,0,0,4,1,6,6,2,35,6,-1,-1,-1,-1,-1,-1,0,-1
2021052100727,2021,052100727,1,90,0,18,19,4,8,0,0,1,0,0,0,0,1,1,6,6,1,-1,-1,-1,-1,-1,-1,-1,-1,0,-1
2021332100982,2021,332100982,1,9,0,4,4,1,5,0,0,0,0,0,0,0,2,1,3,7,2,51,8,-1,-1,-1,-1,8,E01025812,0,-1
2021610047321,2021,610047321,1,9,0,14,14,1,5,0,0,0,0,0,0,0,4,1,6,6,2,22,5,-1,-1,-1,-1,-1,-1,0,-1
2021161111565,2021,161111565,1,1,0,18,19,6,2,0,0,0,0,0,0,0,3,1,6,6,1,65,9,-1,-1,-1,-1,5,E01012767,0,-1
2021010335410,2021,010335410,1,1,9,99,99,9,9,99,99,9,9,99,9,99,0,1,2,2,1,38,7,-1,-1,-1,-1,3,E01003109,0,-1
2021302101243,2021,302101243,2,9,0,18,19,4,8,0,0,0,0,0,0,0,1,1,6,6,3,-1,-1,-1,-1,-1,-1,5,E01019456,0,-1
2021501058755,2021,501058755,1,1,0,4,4,7,3,0,0,0,1,0,0,0,0,1,6,6,2,59,9,-1,-1,-1,-1,6,E01018794,0,-1
2021010297577,2021,010297577,2,1,0,18,19,7,3,4,4,2,0,0,0,0,3,1,1,1,1,33,6,-1,-1,-1,-1,2,E01004319,0,-1
2021332100410,2021,332100410,2,9,0,10,10,4,2,0,0,1,0,0,0,0,1,1,6,6,2,19,4,-1,-1,-1,-1,8,E01025685,0,-1
202163C097721,2021,63C097721,1,9,0,4,4,4,8,0,0,8,0,0,0,0,0,1,6,6,3,-1,-1,-1,-1,-1,-1,-1,-1,0,-1
2021010337683,2021,010337683,3,9,0,18,19,8,4,0,0,1,0,0,0,0,1,1,6,6,3,-1,-1,-1,-1,-1,-1,-1,-1,0,-1
2021010342587,2021,010342587,1,1,9,99,99,9,9,99,99,9,9,99,9,99,9,1,2,2,2,24,5,-1,-1,-1,-1,4,E01002866,0,-1
2021531100773,2021,531100773,1,1,0,18,19,-1,-1,0,0,8,0,0,0,0,3,1,6,6,1,-1,-1,-1,-1,-1,-1,-1,-1,0,-1
2021170S21541,2021,170S21541,1,1,0,18,19,3,7,0,0,8,0,0,0,0,1,1,4,7,2,13,3,-1,-1,-1,-1,1,E01012245,0,-1
2021401052080,2021,401052080,2,1,0,9,9,1,7,0,0,8,0,0,0,0,1,1,6,6,1,36,7,-1,-1,-1,-1,8,E01016760,0,-1
2021010318160,2021,010318160,2,1,0,9,9,7,5,0,0,6,0,0,0,0,3,1,1,1,2,46,8,-1,-1,-1,-1,4,E01003268,0,-1
2021461127532,2021,461127532,2,21,1,17,19,3,1,0,0,7,0,0,0,0,3,1,1,1,1,57,9,-1,-1,-1,-1,-1,-1,0,-1
2021161109921,2021,161109921,1,11,0,18,19,7,3,0,0,1,0,0,0,0,1,1,1,1,1,36,7,-1,-1,-1,-1,1,E01012840,0,-1
2021430140577,2021,430140577,2,9,0,2,2,8,4,0,0,0,0,0,0,0,2,1,6,6,1,-1,-1,-1,-1,-1,-1,-1,-1,0,-1
2021161114073,2021,161114073,2,21,1,13,13,7,3,0,0,0,0,0,0,0,4,1,1,1,3,-1,-1,-1,-1,-1,-1,-1,-1,0,-1
2021010348572,2021,010348572,1,1,9,99,99,9,9,99,99,9,9,99,9,99,9,1,2,2,2,41,7,-1,-1,-1,-1,6,E01003958,0,-1
2021010346124,2021,010346124,2,98,0,99,99,9,9,99,99,9,9,99,9,99,9,9,6,6,3,-1,-1,-1,-1,-1,-1,4,E01004172,0,-1
2021451110067,2021,451110067,2,9,0,18,19,5,1,0,0,0,0,0,0,0,2,1,2,2,1,26,6,-1,-1,-1,-1,6,E01023121,0,-1
2021332100977,2021,332100977,1,9,0,5,5,4,8,0,0,6,0,0,7,0,4,1,6,6,2,60,9,-1,-1,-1,-1,5,E01025965,0,-1
2021010352643,2021,010352643,1,1,0,5,5,1,5,0,0,2,0,7,0,0,1,1,2,2,1,28,6,-1,-1,-1,-1,4,E01001285,0,-1
2021401023141,2021,401023141,1,9,0,13,13,6,2,0,0,0,1,7,5,0,1,1,2,2,1,67,10,-1,-1,-1,-1,4,E01029929,0,-1
2021010324520,2021,010324520,2,9,0,99,99,9,9,99,99,9,9,99,9,99,9,9,6,6,3,-1,-1,-1,-1,-1,-1,-1,-1,0,-1
2021010342932,2021,010342932,1,1,9,99,99,9,9,99,99,9,9,99,9,99,1,1,1,1,1,61,9,-1,-1,-1,-1,4,E01003074,0,-1
2021522105149,2021,522105149,1,-1,0,18,19,7,3,9,9,0,0,0,0,0,1,1,6,6,3,-1,-1,-1,-1,-1,-1,-1,-1,1,-1
2021610032021,2021,610032021,2,9,0,18,19,1,5,0,0,0,0,0,1,4,1,1,6,6,2,23,5,-1,-1,-1,-1,-1,-1,0,-1
2021361085872,2021,361085872,2,9,0,18,19,3,7,0,0,0,0,0,0,0,1,1,6,6,3,-1,-1,-1,-1,-1,-1,-1,-1,0,-1
2021141126398,2021,141126398,2,9,0,18,19,1,5,0,0,2,0,0,0,0,-1,1,6,6,3,-1,-1,-1,-1,-1,-1,-1,-1,0,-1
2021461035711,2021,461035711,1,9,0,18,19,1,5,0,0,0,0,0,0,0,1,1,6,6,2,40,7,-1,-1,-1,-1,3,E01024583,0,-1
2021302100226,2021,302100226,2,-1,0,5,5,4,8,0,0,6,0,0,0,0,3,1,6,6,1,16,4,-1,-1,-1,-1,-1,-1,1,-1
2021361061143,2021,361061143,2,1,0,18,19,6,2,0,0,0,0,0,0,0,1,1,6,6,1,25,5,-1,-1,-1,-1,2,E01026791,0,-1
2021421022595,2021,421022595,1,90,0,9,9,7,5,0,0,2,0,0,0,0,1,1,6,6,2,48,8,-1,-1,-1,-1,-1,-1,0,-1
2021061132327,2021,061132327,2,9,0,13,13,6,2,0,0,8,0,0,0,0,4,1,6,6,3,30,6,-1,-1,-1,-1,-1,-1,0,-1
2021501135533,2021,501135533,1,9,0,18,19,7,3,0,0,6,0,0,0,0,4,1,6,6,3,-1,-1,-1,-1,-1,-1,-1,-1,0,-1
2021461088644,2021,461088644,2,9,0,2,2,0,0,0,0,0,0,0,0,0,3,1,6,6,1,34,6,-1,-1,-1,-1,1,E01024678,0,-1
2021471017317,2021,471017317,1,9,0,1,1,4,8,0,0,0,0,0,0,0,2,1,6,6,3,-1,-1,-1,-1,-1,-1,-1,-1,0,-1
2021302100458,2021,302100458,1,1,0,17,19,2,6,0,0,8,0,0,7,11,1,1,6,6,1,46,8,-1,-1,-1,-1,7,E01019736,0,-1
2021552101149,2021,552101149,2,19,0,9,9,8,4,0,0,5,0,0,0,0,3,1,6,6,1,41,7,-1,-1,-1,-1,10,E01020413,0,-1
2021010287507,2021,010287507,2,1,9,99,99,9,9,99,99,0,9,99,0,0,9,1,6,6,1,25,5,-1,-1,-1,-1,3,E01001733,0,-1
2021201018863,2021,201018863,1,9,0,18,19,8,4,0,0,0,0,0,0,0,1,1,6,6,3,-1,-1,-1,-1,-1,-1,-1,-1,0,-1
2021440212497,2021,440212497,2,1,0,18,19,5,1,0,0,8,0,0,0,0,1,1,6,6,2,47,8,-1,-1,-1,-1,7,E01022795,0,-1
2021010304802,2021,010304802,1,9,0,18,19,3,7,9,9,0,0,10,7,0,1,1,6,6,1,26,6,-1,-1,-1,-1,4,E01003662,0,-1
2021351075036,2021,351075036,1,9,0,4,4,5,1,0,0,1,0,0,0,0,1,1,6,6,2,-1,-1,-1,-1,-1,-1,-1,-1,0,-1
2021041122065,2021,041122065,2,1,0,9,9,3,1,0,0,8,0,0,0,0,1,1,5,6,1,59,9,-1,-1,-1,-1,10,E01025316,0,-1
2021451108891,2021,451108891,2,9,0,18,19,1,3,0,0,2,0,0,0,0,2,1,6,6,2,20,4,-1,-1,-1,-1,-1,-1,0,-1
2021010309509,2021,010309509,2,9,9,99,99,9,9,99,99,9,9,99,9,99,9,9,6,6,3,-1,-1,-1,-1,-1,-1,-1,-1,0,-1
2021010345125,2021,010345125,1,9,0,2,2,0,0,0,0,1,0,0,0,0,4,1,6,6,3,-1,-1,-1,-1,-1,-1,-1,-1,0,-1
2021161119780,2021,161119780,1,1,0,18,19,7,3,0,0,1,0,0,0,0,4,1,6,6,1,44,7,-1,-1,-1,-1,4,E01012776,0,-1
2021471121574,2021,471121574,2,19,0,4,4,7,3,0,0,1,0,0,0,0,2,1,1,1,1,-1,-1,-1,-1,-1,-1,6,E01020136,0,-1
2021522105397,2021,522105397,3,19,0,5,5,3,7,0,0,0,0,0,0,0,0,1,6,6,1,-1,-1,-1,-1,-1,-1,-1,-1,0,-1
2021201133283,2021,201133283,2,9,0,18,19,2,6,0,0,0,0,0,0,0,1,1,6,6,3,-1,-1,-1,-1,-1,-1,-1,-1,0,-1
2021361108525,2021,361108525,2,1,0,18,19,6,2,0,0,0,0,0,0,0,0,1,6,6,1,34,6,-1,-1,-1,-1,2,E01026829,0,-1
2021161072782,2021,161072782,1,97,0,18,19,6,2,0,0,0,0,0,0,0,1,1,6,6,1,17,4,-1,-1,-1,-1,2,E01013240,0,-1
2021371097385,2021,371097385,2,1,0,18,19,7,3,0,0,8,0,0,0,0,2,1,5,6,1,58,9,-1,-1,-1,-1,8,E01029878,0,-1
2021010347590,2021,010347590,1,1,9,99,99,9,9,99,99,9,9,99,9,99,9,1,2,2,1,50,8,-1,-1,-1,-1,2,E01001767,0,-1
2021461076097,2021,461076097,2,98,1,13,13,6,2,0,0,0,0,0,0,0,3,1,6,6,3,-1,-1,-1,-1,-1,-1,-1,-1,0,-1
2021010305895,2021,010305895,1,1,9,99,99,9,9,99,99,0,9,99,9,99,2,1,6,6,1,22,5,-1,-1,-1,-1,2,E01004219,0,-1
2021221065557,2021,221065557,1,9,0,5,5,5,1,0,0,0,0,0,0,0,3,1,6,6,1,26,6,-1,-1,-1,-1,10,E01028972,0,-1
2021170M10771,2021,170M10771,1,9,0,9,9,1,7,0,0,8,0,0,0,0,1,1,6,6,2,-1,-1,-1,-1,-1,-1,-1,-1,0,-1
2021440184384,2021,440184384,1,9,0,10,10,3,1,0,0,1,0,0,0,0,2,1,2,2,2,28,6,-1,-1,-1,-1,2,E01017165,0,-1
2021471059318,2021,471059318,1,9,0,1,1,1,5,0,0,0,0,0,0,0,2,1,6,6,1,44,7,-1,-1,-1,-1,2,E01022900,0,-1
2021010297519,2021,010297519,1,9,0,18,19,5,1,0,0,1,0,0,0,0,4,1,6,6,3,-1,-1,-1,-1,-1,-1,-1,-1,0,-1
2021481146644,2021,481146644,2,1,0,18,19,3,7,0,0,2,0,0,0,0,0,1,2,2,1,55,8,-1,-1,-1,-1,-1,-1,0,-1
2021522200410,2021,522200410,2,1,0,18,19,2,6,0,0,1,0,0,0,0,1,1,6,6,1,17,4,-1,-1,-1,-1,8,E01014556,0,-1
2021010339796,2021,010339796,1,1,0,7,7,2,5,0,0,2,0,0,0,0,1,1,6,6,1,14,3,-1,-1,-1,-1,10,E01017865,0,-1
2021221025755,2021,221025755,1,9,0,5,5,3,6,0,0,8,0,0,0,0,1,1,5,6,1,34,6,-1,-1,-1,-1,9,E01014094,0,-1
2021061085331,2021,061085331,1,9,0,8,8,6,1,0,0,5,0,0,0,0,1,1,6,6,1,30,6,-1,-1,-1,-1,-1,-1,0,-1
2021010294970,2021,010294970,2,1,0,18,19,5,1,2,2,1,0,0,0,0,1,1,6,6,1,27,6,-1,-1,-1,-1,4,E01000787,0,-1
2021010315998,2021,010315998,2,9,9,99,99,9,9,99,99,9,9,99,9,99,9,9,6,6,3,-1,-1,-1,-1,-1,-1,-1,-1,0,-1
2021010317360,2021,010317360,1,1,9,99,99,9,9,99,99,9,9,99,9,99,1,1,6,6,1,39,7,-1,-1,-1,-1,2,E01004024,0,-1
2021131045401,2021,131045401,1,9,0,18,19,1,5,0,0,1,0,0,0,0,-1,1,6,6,3,40,7,-1,-1,-1,-1,-1,-1,0,-1
2021041107525,2021,041107525,2,1,0,17,19,5,4,0,0,0,5,0,0,0,4,1,5,6,2,57,9,-1,-1,-1,-1,7,E01024932,0,-1
20211383R0295,2021,1383R0295,1,9,0,18,19,4,8,0,0,1,1,0,1,5,1,1,6,6,1,23,5,-1,-1,-1,-1,2,E01011281,0,-1
2021610041921,2021,610041921,1,9,0,17,19,2,7,0,0,0,2,0,0,0,4,1,6,6,2,17,4,-1,-1,-1,-1,-1,-1,0,-1
2021052102184,2021,052102184,2,1,0,18,19,1,5,0,0,8,0,0,0,0,1,1,6,6,1,37,7,-1,-1,-1,-1,2,E01006710,0,-1
2021622200021,2021,622200021,1,98,0,9,9,4,2,0,0,6,0,0,0,0,0,1,6,6,3,-1,-1,-1,-1,-1,-1,-1,-1,0,-1
2021070830244,2021,070830244,2,1,0,18,19,8,4,0,0,0,0,0,1,0,3,1,6,6,1,30,6,-1,-1,-1,-1,8,E01012550,0,-1
2021010288640,2021,010288640,2,1,0,5,5,2,6,2,2,1,5,0,0,0,2,1,6,6,1,17,4,-1,-1,-1,-1,3,E01004540,0,-1
2021010342781,2021,010342781,2,9,0,99,99,9,9,99,99,0,9,99,9,99,1,1,6,6,2,-1,-1,-1,-1,-1,-1,-1,-1,0,-1
2021440405339,2021,440405339,2,9,0,18,19,3,7,0,0,2,0,0,0,0,3,1,6,6,3,-1,-1,-1,-1,-1,-1,-1,-1,0,-1
2021401098083,2021,401098083,2,1,-1,-1,-1,-1,-1,-1,-1,-1,-1,-1,-1,0,-1,1,4,7,2,11,3,-1,-1,-1,-1,8,E01015706,0,-1
2021070517288,2021,070517288,1,1,0,6,6,1,3,0,0,0,5,0,0,0,3,1,6,6,2,-1,-1,-1,-1,-1,-1,-1,-1,0,-1
2021201102989,2021,201102989,2,1,0,18,19,8,4,0,0,8,0,0,0,0,3,1,1,1,1,25,5,-1,-1,-1,-1,7,E01008968,0,-1
2021221051323,2021,221051323,2,1,0,18,19,3,7,0,0,0,0,0,0,0,3,1,5,6,1,43,7,-1,-1,-1,-1,10,E01028953,0,-1
2021430036246,2021,430036246,2,19,0,18,19,2,6,0,0,0,0,0,0,0,3,1,6,6,1,-1,-1,-1,-1,-1,-1,-1,-1,0,-1
2021430206637,2021,430206637,1,9,0,17,19,3,8,0,0,0,2,0,0,0,3,1,6,6,2,29,6,-1,-1,-1,-1,4,E01001285,0,-1
2021991082044,2021,991082044,2,1,0,18,19,1,5,0,0,1,0,0,0,0,1,1,5,6,1,44,7,-1,-1,-1,-1,2,-1,0,-1
202134NNC2241,2021,34NNC2241,2,9,0,2,2,0,0,0,0,0,0,0,0,0,3,1,6,6,1,50,8,-1,-1,-1,-1,8,E01032969,0,-1
2021101089477,2021,101089477,2,1,0,18,19,7,3,0,0,8,0,0,0,0,4,1,6,6,1,42,7,-1,-1,-1,-1,-1,-1,0,-1
2021010315390,2021,010315390,1,1,9,99,99,9,9,99,99,9,9,99,9,99,1,1,2,2,1,29,6,-1,-1,-1,-1,7,E01003283,0,-1
2021010343367,2021,010343367,1,1,9,99,99,9,9,99,99,9,9,99,9,99,1,1,2,2,1,52,8,-1,-1,-1,-1,2,E01002851,0,-1
202131B009621,2021,31B009621,1,9,0,16,19,4,7,0,0,0,5,0,1,4,1,1,6,6,1,27,6,-1,-1,-1,-1,-1,-1,0,-1
2021332100212,2021,332100212,1,4,0,18,19,5,1,0,0,4,0,0,0,0,3,1,2,2,1,57,9,-1,-1,-1,-1,5,E01025821,0,-1
2021231086944,2021,231086944,2,1,0,18,19,6,2,0,0,8,0,0,0,0,2,1,5,6,1,23,5,-1,-1,-1,-1,8,E01031241,0,-1
2021991148473,2021,991148473,2,1,0,18,19,6,3,0,0,3,0,0,0,0,2,1,5,6,1,20,4,-1,-1,-1,-1,9,-1,0,-1
2021461014392,2021,461014392,2,1,0,18,19,1,4,0,0,0,0,0,0,0,3,1,5,6,1,-1,-1,-1,-1,-1,-1,-1,-1,0,-1
2021201125370,2021,201125370,1,9,0,18,19,2,6,0,0,1,1,0,0,0,1,1,6,6,1,20,4,-1,-1,-1,-1,10,E01010227,0,-1
2021622100660,2021,622100660,1,1,0,18,19,7,3,0,0,8,0,0,0,0,1,1,6,6,3,-1,-1,-1,-1,-1,-1,-1,-1,0,-1
2021421054724,2021,421054724,1,9,0,18,19,6,2,0,0,1,0,0,0,0,1,1,6,6,1,-1,-1,-1,-1,-1,-1,-1,-1,0,-1
2021320175763,2021,320175763,1,9,0,18,19,3,7,0,0,8,0,0,0,0,1,1,6,6,2,29,6,-1,-1,-1,-1,4,E01026016,0,-1
2021522104444,2021,522104444,1,1,0,18,19,7,3,0,0,1,0,0,0,0,2,1,6,6,1,28,6,-1,-1,-1,-1,5,E01014592,0,-1
2021010337120,2021,010337120,1,1,0,18,19,5,1,0,0,0,0,11,0,0,1,1,6,6,1,30,6,-1,-1,-1,-1,4,E01003919,0,-1
2021010316299,2021,010316299,1,1,9,99,99,9,9,99,99,9,9,99,9,99,2,1,6,6,2,26,6,-1,-1,-1,-1,2,E01002793,0,-1
2021010315125,2021,010315125,1,1,0,18,19,7,3,0,0,0,0,0,0,0,0,1,6,6,2,51,8,-1,-1,-1,-1,5,E01002769,0,-1
2021111106021,2021,111106021,2,1,0,5,5,1,5,0,0,3,0,0,0,0,2,1,5,6,1,52,8,-1,-1,-1,-1,3,E01020799,0,-1
202131A065321,2021,31A065321,1,9,0,18,19,7,3,0,0,0,0,0,0,0,1,1,6,6,3,-1,-1,-1,-1,-1,-1,-1,-1,0,-1
2021451066907,2021,451066907,2,1,0,18,19,1,7,9,9,0,5,0,7,0,1,1,2,2,1,25,5,-1,-1,-1,-1,9,E01030960,0,-1
2021501135866,2021,501135866,2,9,0,7,7,2,4,0,0,1,0,0,0,0,4,1,6,6,1,55,8,-1,-1,-1,-1,7,E01019892,0,-1
2021041096115,2021,041096115,1,10,0,16,19,8,4,0,0,2,0,0,0,0,4,1,6,6,3,-1,-1,-1,-1,-1,-1,-1,-1,0,-1
2021522104404,2021,522104404,2,1,0,4,4,4,2,0,0,0,0,0,0,0,1,1,6,6,1,35,6,-1,-1,-1,-1,8,E01014705,0,-1
2021010304976,2021,010304976,2,1,0,14,14,3,7,0,0,0,0,0,0,0,3,1,2,2,2,33,6,-1,-1,-1,-1,2,E01001777,0,-1
2021070287573,2021,070287573,1,9,0,7,7,6,4,0,0,8,1,0,1,1,1,1,2,2,2,37,7,-1,-1,-1,-1,8,E01012565,0,-1
2021161067940,2021,161067940,1,9,0,18,19,7,3,0,0,0,0,0,0,0,3,1,6,6,2,-1,-1,-1,-1,-1,-1,-1,-1,0,-1
2021010315863,2021,010315863,4,9,0,2,2,0,0,0,0,0,0,0,0,0,3,1,6,6,3,-1,-1,-1,-1,-1,-1,-1,-1,0,-1
2021010291637,2021,010291637,2,9,0,99,99,9,9,99,99,0,9,99,9,99,4,9,6,6,3,-1,-1,-1,-1,-1,-1,-1,-1,0,-1
2021991111996,2021,991111996,2,1,0,9,9,3,5,0,0,6,0,0,0,0,1,1,2,2,1,38,7,-1,-1,-1,-1,4,-1,0,-1
2021010331340,2021,010331340,1,1,9,99,99,9,9,99,99,9,9,99,9,99,2,1,2,2,2,55,8,-1,-1,-1,-1,3,E01004208,0,-1
2021170S10981,2021,170S10981,2,9,0,18,19,5,1,0,0,0,0,0,0,0,1,1,6,6,3,-1,-1,-1,-1,-1,-1,-1,-1,0,-1
2021161071109,2021,161071109,2,9,0,18,19,5,1,0,0,1,0,0,0,0,1,1,6,6,1,-1,-1,-1,-1,-1,-1,-1,-1,0,-1