collision_index,collision_year,collision_ref_no,vehicle_reference,vehicle_type,towing_and_articulation,vehicle_manoeuvre_historic,vehicle_manoeuvre,vehicle_direction_from,vehicle_direction_to,vehicle_location_restricted_lane_historic,vehicle_location_restricted_lane,junction_location,skidding_and_overturning,hit_object_in_carriageway,vehicle_leaving_carriageway,hit_object_off_carriageway,first_point_of_impact,vehicle_left_hand_drive,journey_purpose_of_driver_historic,journey_purpose_of_driver,sex_of_driver,age_of_driver,age_band_of_driver,engine_capacity_cc,propulsion_code,age_of_vehicle,generic_make_model,driver_imd_decile,lsoa_of_driver,escooter_flag,driver_distance_banding
2021430406075,2021,430406075,1,9,0,7,7,4,6,0,0,5,0,0,0,0,1,1,2,2,1,57,9,-1,-1,-1,-1,4,E01016378,0,-1
2021161048295,2021,161048295,2,98,1,18,19,6,2,0,0,0,0,0,0,0,0,1,6,6,3,-1,-1,-1,-1,-1,-1,-1,-1,0,-1
2021371038491,2021,371038491,1,9,0,18,19,5,1,0,0,0,0,0,0,0,0,1,6,6,3,-1,-1,-1,-1,-1,-1,-1,-1,0,-1
2021010334540,2021,010334540,2,1,0,18,19,1,5,4,4,0,0,0,0,0,1,1,1,1,1,18,4,-1,-1,-1,-1,3,E01003544,0,-1
2021010297296,2021,010297296,1,9,0,18,19,5,1,0,0,2,0,0,0,0,3,1,6,6,3,-1,-1,-1,-1,-1,-1,-1,-1,0,-1
2021010288924,2021,010288924,1,9,0,14,14,5,1,0,0,1,1,0,0,0,1,1,6,6,1,28,6,-1,-1,-1,-1,3,E01004259,0,-1
2021451122228,2021,451122228,1,1,0,5,5,1,8,0,0,8,0,0,0,0,3,1,2,2,1,36,7,-1,-1,-1,-1,6,E01030667,0,-1
2021122100690,2021,122100690,2,1,0,18,19,7,3,0,0,0,0,0,0,0,3,1,6,6,2,41,7,-1,-1,-1,-1,10,E01025772,0,-1
2021430535549,2021,430535549,1,9,0,7,7,5,7,0,0,3,0,0,0,0,4,1,6,6,3,-1,-1,-1,-1,-1,-1,-1,-1,0,-1
2021101052736,2021,101052736,2,1,-1,18,19,6,2,0,0,1,0,0,0,0,3,1,6,6,3,46,8,-1,-1,-1,-1,5,E01027361,0,-1
2021010294571,2021,010294571,2,1,0,3,3,4,8,4,4,1,0,0,0,0,3,1,6,6,2,27,6,-1,-1,-1,-1,6,E01000871,0,-1
2021010337525,2021,010337525,2,19,0,99,99,9,9,99,99,9,9,99,9,99,2,9,6,6,3,-1,-1,-1,-1,-1,-1,-1,-1,0,-1
2021010346227,2021,010346227,2,1,9,5,5,6,2,0,0,0,9,99,0,0,4,1,6,6,1,24,5,-1,-1,-1,-1,3,E01003348,0,-1
202160Z122707,2021,60Z122707,1,9,0,17,19,4,8,0,0,0,2,10,0,0,0,1,6,6,1,24,5,-1,-1,-1,-1,-1,-1,0,-1
2021010300396,2021,010300396,2,9,0,18,19,7,3,0,0,1,0,0,0,0,0,1,6,6,1,21,5,-1,-1,-1,-1,-1,-1,0,-1
2021320711744,2021,320711744,2,9,0,17,19,6,3,0,0,0,0,0,0,0,3,1,1,1,2,29,6,-1,-1,-1,-1,5,E01026407,0,-1
2021010328140,2021,010328140,2,1,0,18,19,1,5,0,0,1,0,0,0,0,0,1,6,6,2,52,8,-1,-1,-1,-1,6,E01004703,0,-1
2021010332192,2021,010332192,2,1,0,18,19,7,3,0,0,1,0,0,0,0,1,1,6,6,1,13,3,-1,-1,-1,-1,8,E01024158,0,-1
2021041072389,2021,041072389,1,9,0,1,1,3,7,0,0,0,0,0,0,0,2,1,6,6,1,-1,-1,-1,-1,-1,-1,9,E01006362,0,-1
2021061050037,2021,061050037,2,1,0,18,19,2,6,9,9,0,0,0,0,0,2,1,4,7,1,10,2,-1,-1,-1,-1,5,E01006206,0,-1
2021522201260,2021,522201260,1,9,0,16,19,3,1,0,0,7,0,0,8,7,1,1,6,6,1,33,6,-1,-1,-1,-1,3,E01029093,0,-1
2021471028685,2021,471028685,1,97,0,7,7,3,6,0,0,8,0,0,0,0,1,1,6,6,3,-1,-1,-1,-1,-1,-1,-1,-1,0,-1
2021320522559,2021,320522559,2,1,0,9,9,7,4,0,0,8,5,0,0,0,1,1,6,6,1,17,4,-1,-1,-1,-1,10,E01026395,0,-1
202160Z078630,2021,60Z078630,2,9,0,17,19,2,6,0,0,0,0,0,0,0,3,1,6,6,1,67,10,-1,-1,-1,-1,-1,-1,0,-1
2021010333631,2021,010333631,2,8,0,99,99,9,9,99,99,0,9,99,9,99,9,9,6,6,3,-1,-1,-1,-1,-1,-1,-1,-1,0,-1
2021351118676,2021,351118676,2,1,0,9,9,2,6,0,0,8,0,0,0,0,3,1,2,2,2,55,8,-1,-1,-1,-1,8,E01017992,0,-1
2021332100733,2021,332100733,1,9,0,2,2,0,0,0,0,0,0,0,0,0,3,1,6,6,1,40,7,-1,-1,-1,-1,4,E01013747,0,-1
2021221018768,2021,221018768,2,9,0,16,19,1,4,0,0,0,0,0,0,0,0,1,6,6,3,34,6,-1,-1,-1,-1,-1,-1,0,-1
2021610000621,2021,610000621,2,9,0,16,19,8,3,0,0,0,0,0,0,0,3,1,6,6,2,36,7,-1,-1,-1,-1,-1,-1,0,-1
2021061098309,2021,061098309,2,1,0,18,19,1,1,0,0,0,0,0,0,0,1,1,6,6,1,30,6,-1,-1,-1,-1,-1,-1,0,-1
2021221039794,2021,221039794,1,5,0,16,19,7,2,0,0,0,1,0,0,0,4,1,5,6,1,50,8,-1,-1,-1,-1,9,E01029375,0,-1
2021201057816,2021,201057816,2,1,0,18,19,8,4,0,0,1,0,0,0,0,0,1,6,6,1,23,5,-1,-1,-1,-1,2,E01010261,0,-1
2021122100808,2021,122100808,1,1,0,18,19,3,7,0,0,2,0,0,1,1,1,1,6,6,1,70,10,-1,-1,-1,-1,5,E01027841,0,-1
2021131084863,2021,131084863,2,1,0,17,19,1,7,0,0,8,0,0,0,0,4,1,6,6,1,70,10,-1,-1,-1,-1,9,E01011812,0,-1
2021522103545,2021,522103545,2,2,0,18,19,5,1,0,0,1,0,0,0,0,1,1,6,6,1,30,6,-1,-1,-1,-1,-1,-1,0,-1
2021430037460,2021,430037460,2,9,0,16,19,2,5,0,0,0,0,0,0,0,1,1,2,2,2,69,10,-1,-1,-1,-1,4,E01016727,0,-1
2021010308108,2021,010308108,1,1,0,18,19,3,7,0,0,1,0,0,0,0,1,1,2,2,1,31,6,-1,-1,-1,-1,3,E01002595,0,-1
2021061097666,2021,061097666,3,9,0,7,7,7,1,0,0,1,0,0,0,0,2,1,6,6,2,50,8,-1,-1,-1,-1,-1,-1,0,-1
202160Z127769,2021,60Z127769,2,1,0,18,19,7,3,0,0,0,0,0,0,0,3,1,6,6,2,23,5,-1,-1,-1,-1,-1,-1,0,-1
2021010340452,2021,010340452,2,9,0,99,99,9,9,99,99,9,9,99,9,99,1,9,6,6,3,-1,-1,-1,-1,-1,-1,-1,-1,0,-1
2021610034521,2021,610034521,1,9,0,18,19,5,1,0,0,4,0,0,0,0,1,1,2,2,2,49,8,-1,-1,-1,-1,-1,-1,0,-1
2021122100656,2021,122100656,1,1,0,18,19,5,1,0,0,0,1,4,0,0,1,1,6,6,1,76,11,-1,-1,-1,-1,9,E01013362,0,-1
2021501017237,2021,501017237,1,9,0,13,13,2,7,0,0,1,1,0,8,11,3,1,2,2,1,21,5,-1,-1,-1,-1,5,E01020149,0,-1
2021052101985,2021,052101985,1,9,0,18,19,3,7,0,0,0,0,0,0,0,1,1,6,6,3,-1,-1,-1,-1,-1,-1,-1,-1,0,-1
2021131082967,2021,131082967,2,1,0,-1,-1,-1,-1,-1,-1,8,-1,-1,-1,0,-1,1,2,2,1,46,8,-1,-1,-1,-1,7,E01011800,0,-1
2021201065728,2021,201065728,1,9,0,18,19,3,7,0,0,0,0,0,0,0,1,1,6,6,3,-1,-1,-1,-1,-1,-1,-1,-1,0,-1
2021351084233,2021,351084233,4,9,0,18,19,2,6,0,0,0,0,0,1,0,0,1,6,6,1,71,10,-1,-1,-1,-1,4,E01026667,0,-1
2021101112872,2021,101112872,1,9,0,14,14,4,8,0,0,2,0,0,0,0,1,1,6,6,3,-1,-1,-1,-1,-1,-1,-1,-1,0,-1
2021501073026,2021,501073026,1,9,0,9,9,3,1,0,0,0,0,0,0,0,3,1,5,6,1,47,8,-1,-1,-1,-1,4,E01020131,0,-1
2021440296101,2021,440296101,2,9,0,13,13,1,5,0,0,0,0,0,0,0,4,1,6,6,3,-1,-1,-1,-1,-1,-1,-1,-1,0,-1
2021052101510,2021,052101510,1,-1,0,18,19,4,8,0,0,0,0,0,1,11,1,1,6,6,2,14,3,-1,-1,-1,-1,2,E01006523,1,-1
2021010330006,2021,010330006,2,8,0,99,99,9,9,99,99,9,9,99,9,99,1,9,6,6,3,-1,-1,-1,-1,-1,-1,-1,-1,0,-1
2021421048982,2021,421048982,1,1,0,18,19,4,1,9,9,8,0,0,0,0,4,1,6,6,1,13,3,-1,-1,-1,-1,2,E01021872,0,-1
2021440024925,2021,440024925,1,9,0,18,19,2,6,0,0,0,0,0,7,9,4,1,6,6,1,41,7,-1,-1,-1,-1,8,E01022491,0,-1
2021332100938,2021,332100938,2,9,0,17,19,4,8,0,0,0,0,0,0,0,1,1,6,6,1,49,8,-1,-1,-1,-1,9,E01025831,0,-1
2021221050024,2021,221050024,1,9,0,13,13,2,6,0,0,0,0,0,0,0,0,1,6,6,3,34,6,-1,-1,-1,-1,-1,-1,0,-1
2021332101515,2021,332101515,2,9,0,18,19,3,7,0,0,0,0,0,0,0,0,1,6,6,2,34,6,-1,-1,-1,-1,-1,-1,0,-1
2021052102529,2021,052102529,2,1,0,12,12,5,4,0,0,1,0,0,0,0,1,1,2,2,2,50,8,-1,-1,-1,-1,1,E01033768,0,-1
2021010347831,2021,010347831,2,-1,0,18,19,6,2,9,9,1,0,0,0,0,2,1,6,6,1,13,3,-1,-1,-1,-1,9,E01000382,1,-1
2021522105388,2021,522105388,2,9,0,18,19,1,5,0,0,0,0,0,0,0,1,1,6,6,3,-1,-1,-1,-1,-1,-1,-1,-1,0,-1
2021031038978,2021,031038978,1,9,0,18,19,5,1,0,0,0,2,0,5,6,1,1,5,6,2,60,9,-1,-1,-1,-1,1,E01006430,0,-1
2021411059339,2021,411059339,1,19,1,17,19,1,3,0,0,0,0,0,2,0,1,1,1,1,1,53,8,-1,-1,-1,-1,4,E01023330,0,-1
2021320052922,2021,320052922,1,1,0,18,19,1,5,0,0,8,0,0,0,0,1,1,6,6,1,40,7,-1,-1,-1,-1,-1,-1,0,-1
2021440460944,2021,440460944,2,9,0,7,7,6,2,0,0,1,0,0,0,0,4,1,6,6,3,-1,-1,-1,-1,-1,-1,-1,-1,0,-1
2021041025902,2021,041025902,1,1,0,9,9,6,2,0,0,0,0,11,7,0,3,1,5,6,2,16,4,-1,-1,-1,-1,6,E01025486,0,-1
2021430192463,2021,430192463,1,9,0,18,19,5,1,0,0,3,0,0,0,0,3,1,6,6,1,60,9,-1,-1,-1,-1,7,E01027305,0,-1
2021010344533,2021,010344533,1,1,9,99,99,9,9,99,99,9,9,99,9,99,1,1,6,6,1,30,6,-1,-1,-1,-1,7,E01001537,0,-1
2021371041728,2021,371041728,1,9,0,18,19,2,6,0,0,0,0,0,0,0,1,1,1,1,2,54,8,-1,-1,-1,-1,10,E01030078,0,-1
2021061024967,2021,061024967,2,1,0,17,19,6,3,0,0,8,0,0,0,0,1,1,6,6,1,55,8,-1,-1,-1,-1,1,E01006324,0,-1
2021411119391,2021,411119391,1,98,0,18,19,-1,-1,0,0,0,0,0,0,0,0,1,6,6,3,-1,-1,-1,-1,-1,-1,-1,-1,0,-1
2021010314903,2021,010314903,1,9,0,99,99,9,9,99,99,0,9,99,9,99,1,9,6,6,3,-1,-1,-1,-1,-1,-1,-1,-1,0,-1
2021221078275,2021,221078275,2,1,0,18,19,2,7,0,0,8,0,0,0,0,4,1,2,2,1,57,9,-1,-1,-1,-1,9,E01028929,0,-1
2021440376049,2021,440376049,2,4,0,18,19,5,1,0,0,0,0,0,0,0,1,1,6,6,3,-1,-1,-1,-1,-1,-1,-1,-1,0,-1
2021010352038,2021,010352038,1,19,0,17,19,3,7,0,0,7,0,0,0,0,1,9,6,6,3,-1,-1,-1,-1,-1,-1,-1,-1,0,-1
2021991035567,2021,991035567,2,9,0,18,19,1,5,0,0,4,0,0,0,0,2,1,6,6,3,17,4,-1,-1,-1,-1,-1,-1,0,-1
2021201112510,2021,201112510,1,9,0,18,19,6,2,0,0,1,0,0,0,0,1,1,6,6,3,-1,-1,-1,-1,-1,-1,-1,-1,0,-1
2021010343432,2021,010343432,1,9,9,99,99,9,9,99,99,9,9,99,9,99,9,9,6,6,3,-1,-1,-1,-1,-1,-1,-1,-1,0,-1
2021320127578,2021,320127578,1,20,0,18,19,1,5,0,0,1,0,0,0,0,0,1,1,1,1,31,6,-1,-1,-1,-1,5,E01026034,0,-1
2021101018658,2021,101018658,1,9,0,1,1,1,5,0,0,0,0,0,0,0,3,1,5,6,3,50,8,-1,-1,-1,-1,-1,-1,0,-1
2021010355917,2021,010355917,2,9,9,2,2,0,0,99,99,2,0,0,0,0,0,9,6,6,3,-1,-1,-1,-1,-1,-1,-1,-1,0,-1
2021430227066,2021,430227066,2,1,0,18,19,7,3,4,4,8,0,0,0,0,1,1,6,6,1,23,5,-1,-1,-1,-1,7,E01028541,0,-1
2021302100043,2021,302100043,2,20,0,4,4,7,3,0,0,0,0,0,0,0,2,1,1,1,1,37,7,-1,-1,-1,-1,5,E01032897,0,-1
2021302100735,2021,302100735,2,1,0,18,19,5,1,0,0,6,0,0,0,0,3,1,6,6,1,73,10,-1,-1,-1,-1,2,E01013521,0,-1
2021411093768,2021,411093768,1,98,0,3,3,-1,-1,0,0,0,0,0,0,0,1,1,6,6,1,26,6,-1,-1,-1,-1,6,E01002129,0,-1
2021231035102,2021,231035102,1,9,0,7,7,2,3,0,0,6,0,0,0,0,4,1,5,6,1,54,8,-1,-1,-1,-1,2,E01031044,0,-1
2021101042320,2021,101042320,1,8,0,18,19,5,1,0,0,0,0,0,0,0,1,1,1,1,1,45,7,-1,-1,-1,-1,-1,-1,0,-1
2021010304320,2021,010304320,1,1,9,99,99,9,9,99,99,9,9,99,9,99,2,1,6,6,1,44,7,-1,-1,-1,-1,6,E01000318,0,-1
2021010327363,2021,010327363,2,-1,9,99,99,9,9,0,0,9,9,0,0,0,9,9,6,6,3,-1,-1,-1,-1,-1,-1,-1,-1,1,-1
2021332101565,2021,332101565,1,9,0,18,19,5,1,0,0,0,0,0,0,0,0,1,6,6,1,25,5,-1,-1,-1,-1,-1,-1,0,-1
2021440007219,2021,440007219,2,9,0,18,19,1,5,0,0,0,0,0,7,0,1,1,6,6,1,41,7,-1,-1,-1,-1,4,E01017235,0,-1
2021351111168,2021,351111168,2,1,0,18,19,8,5,0,0,8,0,0,0,0,1,1,5,6,1,58,9,-1,-1,-1,-1,9,E01017998,0,-1
2021101069053,2021,101069053,1,9,0,1,1,3,7,0,0,0,0,0,0,0,0,1,2,2,1,31,6,-1,-1,-1,-1,1,E01027533,0,-1
2021101045590,2021,101045590,2,1,0,18,19,3,7,0,0,8,5,0,0,0,4,1,5,6,1,34,6,-1,-1,-1,-1,1,E01027424,0,-1
2021520200726,2021,520200726,2,4,0,18,19,4,8,0,0,0,0,0,0,0,3,1,6,6,3,-1,-1,-1,-1,-1,-1,-1,-1,0,-1
202131D054921,2021,31D054921,2,1,0,11,11,7,3,0,0,1,0,0,0,0,4,1,6,6,2,20,4,-1,-1,-1,-1,2,E01028186,0,-1
202163C010021,2021,63C010021,2,9,0,10,10,2,8,0,0,8,0,0,0,0,2,1,6,6,2,59,9,-1,-1,-1,-1,5,W01000567,0,-1
202160Z013186,2021,60Z013186,1,90,0,18,19,5,1,0,0,0,0,5,0,0,1,1,6,6,2,20,4,-1,-1,-1,-1,-1,-1,0,-1
2021471064649,2021,471064649,1,9,0,12,12,7,5,0,0,8,0,0,0,0,3,2,6,6,2,-1,-1,-1,-1,-1,-1,-1,-1,0,-1
2021501085167,2021,501085167,2,1,0,18,19,2,6,0,0,0,0,0,0,0,3,1,5,6,2,45,7,-1,-1,-1,-1,7,E01029505,0,-1
2021131057570,2021,131057570,3,17,0,18,19,1,5,0,0,0,0,0,0,0,0,1,1,1,1,34,6,-1,-1,-1,-1,10,E01010936,0,-1
2021010311801,2021,010311801,1,-1,9,18,19,1,5,9,9,0,0,0,9,99,1,1,6,6,3,-1,-1,-1,-1,-1,-1,-1,-1,1,-1
2021070271380,2021,070271380,1,19,0,18,19,5,1,0,0,0,0,0,0,0,0,1,6,6,3,-1,-1,-1,-1,-1,-1,-1,-1,0,-1
2021522105613,2021,522105613,4,9,0,2,2,0,0,0,0,1,0,0,0,0,3,1,6,6,3,-1,-1,-1,-1,-1,-1,-1,-1,0,-1
202163C026821,2021,63C026821,1,1,0,17,19,7,4,0,0,8,0,0,0,0,0,1,6,6,1,81,11,-1,-1,-1,-1,9,W01000611,0,-1
202163A010821,2021,63A010821,3,19,0,13,13,7,4,0,0,0,0,0,0,0,1,1,2,2,1,29,6,-1,-1,-1,-1,-1,-1,0,-1
2021101115531,2021,101115531,1,11,0,14,14,7,2,0,0,0,0,0,0,0,1,1,1,1,1,-1,-1,-1,-1,-1,-1,-1,-1,0,-1
2021010333674,2021,010333674,2,1,0,18,19,7,3,0,0,2,0,0,0,0,4,1,1,1,1,37,7,-1,-1,-1,-1,6,E01001870,0,-1
2021440473552,2021,440473552,1,1,0,18,19,6,2,0,0,1,0,0,0,0,0,1,6,6,2,39,7,-1,-1,-1,-1,4,E01017260,0,-1
2021010294376,2021,010294376,1,19,0,99,99,9,9,99,99,0,9,99,9,99,2,9,6,6,3,-1,-1,-1,-1,-1,-1,-1,-1,0,-1
2021501138257,2021,501138257,2,1,0,4,4,3,7,0,0,0,0,0,0,0,1,1,6,6,1,30,6,-1,-1,-1,-1,1,E01015047,0,-1
2021010317326,2021,010317326,2,1,0,17,19,1,5,0,0,1,1,0,0,0,1,1,6,6,1,41,7,-1,-1,-1,-1,8,E01002574,0,-1
2021010308238,2021,010308238,1,-1,9,99,99,9,9,99,99,9,9,99,9,99,9,9,6,6,3,-1,-1,-1,-1,-1,-1,-1,-1,1,-1
2021010348677,2021,010348677,2,3,0,18,19,4,8,0,0,8,0,0,0,0,1,1,2,2,1,29,6,-1,-1,-1,-1,2,E01000904,0,-1
2021010310138,2021,010310138,1,9,0,18,19,4,8,0,0,1,0,0,0,0,3,1,6,6,3,-1,-1,-1,-1,-1,-1,-1,-1,0,-1
2021010303203,2021,010303203,2,9,0,99,99,9,9,99,99,9,9,99,9,99,2,1,6,6,3,-1,-1,-1,-1,-1,-1,-1,-1,0,-1
2021371097941,2021,371097941,1,1,0,18,19,6,2,0,0,1,0,0,0,0,-1,1,2,2,1,58,9,-1,-1,-1,-1,4,E01029950,0,-1
2021201094412,2021,201094412,2,9,0,18,19,2,6,0,0,8,0,10,1,0,3,1,5,6,1,46,8,-1,-1,-1,-1,3,E01009282,0,-1
2021221050758,2021,221050758,1,1,0,4,4,4,8,0,0,0,0,0,0,0,2,1,5,6,1,52,8,-1,-1,-1,-1,7,E01031248,0,-1
2021471073234,2021,471073234,1,9,0,18,19,5,1,0,0,1,0,0,0,0,1,1,6,6,3,-1,-1,-1,-1,-1,-1,-1,-1,0,-1
2021522101963,2021,522101963,1,9,0,18,19,1,5,0,0,0,0,0,0,0,1,1,6,6,1,52,8,-1,-1,-1,-1,3,E01014841,0,-1
2021440360742,2021,440360742,1,1,0,18,19,4,8,0,0,0,0,0,0,0,4,1,6,6,1,24,5,-1,-1,-1,-1,4,E01017192,0,-1
2021531023764,2021,531023764,1,1,0,18,19,6,2,0,0,0,0,0,0,0,1,1,5,6,1,29,6,-1,-1,-1,-1,6,E01022117,0,-1
202131B102521,2021,31B102521,3,1,0,18,19,8,4,0,0,0,0,0,0,0,3,1,6,6,1,29,6,-1,-1,-1,-1,10,E01009845,0,-1
2021332101569,2021,332101569,1,9,0,7,7,5,7,0,0,7,0,0,0,0,3,1,6,6,1,26,6,-1,-1,-1,-1,-1,-1,0,-1
2021471013024,2021,471013024,4,1,0,18,19,7,3,0,0,0,0,0,0,0,-1,1,6,6,3,-1,-1,-1,-1,-1,-1,-1,-1,0,-1
2021010305689,2021,010305689,1,9,0,18,19,5,1,0,0,1,0,0,0,0,1,1,6,6,3,-1,-1,-1,-1,-1,-1,-1,-1,0,-1
2021430479510,2021,430479510,1,9,0,9,9,6,4,0,0,8,0,0,0,0,1,1,6,6,1,-1,-1,-1,-1,-1,-1,-1,-1,0,-1
2021501048414,2021,501048414,2,1,0,18,19,1,5,0,0,1,0,4,0,0,1,1,6,6,1,11,3,-1,-1,-1,-1,4,E01020130,0,-1
2021041043329,2021,041043329,1,9,0,18,19,7,3,0,0,1,5,0,0,0,1,1,6,6,2,34,6,-1,-1,-1,-1,4,E01024975,0,-1
2021332100627,2021,332100627,1,9,0,17,19,2,7,0,0,0,5,10,7,4,3,1,6,6,1,34,6,-1,-1,-1,-1,7,E01026053,0,-1
2021361066491,2021,361066491,2,1,0,18,19,4,8,0,0,1,2,0,0,0,4,1,5,6,1,45,7,-1,-1,-1,-1,2,E01026802,0,-1
2021332100422,2021,332100422,2,9,0,18,19,1,5,0,0,0,0,0,0,0,3,1,6,6,2,83,11,-1,-1,-1,-1,7,E01025983,0,-1
2021991035670,2021,991035670,1,1,0,14,14,8,4,0,0,1,5,0,0,0,1,1,5,6,1,47,8,-1,-1,-1,-1,5,-1,0,-1
2021041103603,2021,041103603,5,9,0,18,19,7,3,0,0,1,0,0,0,0,4,1,5,6,1,30,6,-1,-1,-1,-1,1,E01012641,0,-1
2021332101045,2021,332101045,2,9,0,18,19,8,4,0,0,0,0,0,1,9,1,1,6,6,2,43,7,-1,-1,-1,-1,9,E01025805,0,-1
2021430280963,2021,430280963,1,1,0,18,19,1,5,9,9,0,0,0,0,0,1,1,6,6,1,32,6,-1,-1,-1,-1,-1,-1,0,-1
202106P078700,2021,06P078700,2,90,0,18,19,4,8,0,0,1,0,0,0,0,1,1,6,6,1,30,6,-1,-1,-1,-1,-1,-1,0,-1
2021010337683,2021,010337683,2,90,0,18,19,8,4,0,0,4,0,0,0,0,0,1,6,6,1,41,7,-1,-1,-1,-1,-1,-1,0,-1
2021010334012,2021,010334012,1,9,0,9,9,3,8,0,0,2,0,0,0,0,1,1,6,6,3,-1,-1,-1,-1,-1,-1,-1,-1,0,-1
2021451077092,2021,451077092,2,9,0,18,19,7,3,0,0,8,0,0,0,0,3,1,6,6,2,30,6,-1,-1,-1,-1,-1,-1,0,-1
2021101018948,2021,101018948,2,1,0,5,5,1,5,9,9,1,0,0,0,0,3,1,6,6,1,53,8,-1,-1,-1,-1,-1,-1,0,-1
2021138120289,2021,138120289,1,9,0,17,19,2,7,0,0,0,1,0,0,0,4,1,6,6,2,45,7,-1,-1,-1,-1,9,E01011848,0,-1
2021332101014,2021,332101014,1,9,0,9,9,1,7,0,0,5,0,0,0,0,1,1,6,6,2,73,10,-1,-1,-1,-1,10,E01022466,0,-1
2021010335473,2021,010335473,2,1,0,18,19,5,1,0,0,1,1,0,0,0,1,1,6,6,1,18,4,-1,-1,-1,-1,1,E01001554,0,-1
2021332100148,2021,332100148,1,19,0,1,1,5,1,0,0,5,0,0,0,0,2,1,2,2,1,50,8,-1,-1,-1,-1,7,E01025765,0,-1
2021461030554,2021,461030554,1,9,0,16,19,5,8,0,0,0,0,10,0,0,4,1,2,2,1,72,10,-1,-1,-1,-1,7,E01000657,0,-1
2021061104019,2021,061104019,2,1,0,18,19,6,2,0,0,0,0,0,0,0,3,1,5,6,1,60,9,-1,-1,-1,-1,1,E01005799,0,-1
2021010337022,2021,010337022,1,1,9,99,99,9,9,99,99,9,9,99,9,99,9,1,6,6,1,65,9,-1,-1,-1,-1,2,E01003334,0,-1
2021201114552,2021,201114552,1,1,0,18,19,8,4,0,0,8,0,0,0,0,4,1,1,1,1,40,7,-1,-1,-1,-1,1,E01009351,0,-1
2021221056543,2021,221056543,1,9,0,17,19,5,2,0,0,0,0,0,0,0,1,1,5,6,1,20,4,-1,-1,-1,-1,9,E01029631,0,-1
2021991115044,2021,991115044,1,1,0,9,9,4,2,0,0,1,0,0,0,0,1,1,5,6,1,15,3,-1,-1,-1,-1,4,-1,0,-1
2021430245784,2021,430245784,1,98,0,14,14,3,7,0,0,1,0,0,0,0,4,1,6,6,3,-1,-1,-1,-1,-1,-1,-1,-1,0,-1
2021010312926,2021,010312926,2,90,0,18,19,5,1,0,0,8,0,0,0,0,3,1,6,6,1,-1,-1,-1,-1,-1,-1,2,E01002906,0,-1
2021141101682,2021,141101682,1,90,0,2,2,0,0,0,0,0,0,0,0,0,0,1,6,6,3,-1,-1,-1,-1,-1,-1,-1,-1,0,-1
2021201156527,2021,201156527,2,9,0,18,19,3,7,0,0,0,0,0,0,0,1,1,1,1,1,60,9,-1,-1,-1,-1,10,E01009903,0,-1
2021440131790,2021,440131790,2,1,0,18,19,8,4,0,0,1,0,0,0,0,1,1,6,6,1,48,8,-1,-1,-1,-1,8,E01022991,0,-1
202134WNC0331,2021,34WNC0331,1,9,0,13,13,5,1,0,0,0,0,0,0,0,4,1,6,6,1,-1,-1,-1,-1,-1,-1,-1,-1,0,-1
2021211193840,2021,211193840,2,1,0,18,19,7,3,0,0,1,0,0,0,0,1,1,2,2,2,50,8,-1,-1,-1,-1,-1,-1,0,-1
2021471017031,2021,471017031,2,-1,0,18,19,8,4,9,9,0,0,0,0,0,2,1,6,6,1,16,4,-1,-1,-1,-1,6,E01021047,1,-1
2021481153967,2021,481153967,2,1,0,18,19,5,1,4,4,8,0,0,0,0,1,1,2,2,2,31,6,-1,-1,-1,-1,-1,-1,0,-1
2021010295541,2021,010295541,1,1,0,99,99,9,9,99,99,9,0,99,9,99,9,1,6,6,1,39,7,-1,-1,-1,-1,4,E01000802,0,-1
2021010295126,2021,010295126,2,1,0,18,19,3,7,4,4,1,0,0,0,0,4,1,6,6,1,35,6,-1,-1,-1,-1,2,E01003557,0,-1
2021501130535,2021,501130535,2,9,0,18,19,5,1,0,0,8,1,0,0,0,4,1,6,6,1,46,8,-1,-1,-1,-1,7,E01020109,0,-1
2021332100286,2021,332100286,2,1,0,18,19,6,2,5,5,0,0,0,0,0,1,1,6,6,1,74,10,-1,-1,-1,-1,10,E01025708,0,-1
2021010290089,2021,010290089,1,1,9,99,99,9,9,99,99,9,9,99,9,99,2,1,2,2,1,50,8,-1,-1,-1,-1,6,E01024460,0,-1
2021010346440,2021,010346440,2,9,9,6,6,5,5,99,99,0,9,99,0,0,3,1,6,6,3,-1,-1,-1,-1,-1,-1,-1,-1,0,-1
2021161084212,2021,161084212,2,9,0,18,19,5,1,0,0,8,0,0,0,0,1,1,6,6,2,-1,-1,-1,-1,-1,-1,-1,-1,0,-1
2021041090405,2021,041090405,1,9,0,18,19,3,7,0,0,1,0,0,0,0,1,1,6,6,3,-1,-1,-1,-1,-1,-1,-1,-1,0,-1
2021522103955,2021,522103955,1,9,0,18,19,7,3,0,0,2,0,0,0,0,1,1,6,6,3,-1,-1,-1,-1,-1,-1,-1,-1,0,-1
2021161068123,2021,161068123,2,90,0,4,4,1,5,0,0,0,0,0,0,0,1,1,6,6,3,-1,-1,-1,-1,-1,-1,-1,-1,0,-1
2021552100287,2021,552100287,2,9,0,3,3,4,8,0,0,1,0,0,0,0,2,1,1,1,1,50,8,-1,-1,-1,-1,5,E01015374,0,-1
2021471064274,2021,471064274,1,9,0,1,1,5,1,0,0,1,0,0,0,0,2,1,6,6,2,-1,-1,-1,-1,-1,-1,-1,-1,0,-1
2021991098393,2021,991098393,1,9,0,13,13,5,1,0,0,1,0,0,0,0,0,1,6,6,3,-1,-1,-1,-1,-1,-1,-1,-1,0,-1
2021610035021,2021,610035021,2,1,0,5,5,1,5,0,0,6,0,0,0,0,2,1,2,2,1,19,4,-1,-1,-1,-1,-1,-1,0,-1
2021401080687,2021,401080687,2,1,0,5,5,5,1,0,0,0,0,0,0,0,2,1,6,6,2,9,2,-1,-1,-1,-1,6,E01017550,0,-1
2021010306101,2021,010306101,1,1,9,99,99,9,9,99,99,9,9,99,9,99,9,1,6,6,1,55,8,-1,-1,-1,-1,6,E01000304,0,-1
2021430477509,2021,430477509,2,4,0,18,19,8,4,0,0,8,0,0,0,0,1,1,1,1,1,21,5,-1,-1,-1,-1,4,E01016207,0,-1
2021010302807,2021,010302807,2,9,9,99,99,9,9,99,99,0,9,99,9,99,2,9,6,6,3,-1,-1,-1,-1,-1,-1,-1,-1,0,-1
2021061146433,2021,061146433,2,1,0,5,5,6,3,0,0,1,0,0,0,0,1,1,5,6,1,18,4,-1,-1,-1,-1,3,E01005817,0,-1