collision_index,collision_year,collision_ref_no,vehicle_reference,vehicle_type,towing_and_articulation,vehicle_manoeuvre_historic,vehicle_manoeuvre,vehicle_direction_from,vehicle_direction_to,vehicle_location_restricted_lane_historic,vehicle_location_restricted_lane,junction_location,skidding_and_overturning,hit_object_in_carriageway,vehicle_leaving_carriageway,hit_object_off_carriageway,first_point_of_impact,vehicle_left_hand_drive,journey_purpose_of_driver_historic,journey_purpose_of_driver,sex_of_driver,age_of_driver,age_band_of_driver,engine_capacity_cc,propulsion_code,age_of_vehicle,generic_make_model,driver_imd_decile,lsoa_of_driver,escooter_flag,driver_distance_banding
2021161039671,2021,161039671,1,9,0,18,19,5,3,0,0,2,0,0,0,0,4,1,6,6,1,-1,-1,-1,-1,-1,-1,-1,-1,0,-1
2021010322364,2021,010322364,1,1,0,18,19,5,1,0,0,2,0,0,0,0,1,1,6,6,1,29,6,-1,-1,-1,-1,6,E01000324,0,-1
2021131124323,2021,131124323,1,9,0,18,19,7,3,0,0,1,0,0,0,0,1,1,6,6,3,-1,-1,-1,-1,-1,-1,-1,-1,0,-1
2021461070915,2021,461070915,2,1,0,18,19,8,4,0,0,3,0,0,0,0,1,1,6,6,1,55,8,-1,-1,-1,-1,8,E01024351,0,-1
2021101045555,2021,101045555,1,9,0,15,15,3,7,0,0,0,0,0,0,0,3,1,6,6,1,40,7,-1,-1,-1,-1,-1,-1,0,-1
2021552100374,2021,552100374,2,9,0,11,11,6,2,0,0,3,0,0,0,0,4,1,2,2,1,41,7,-1,-1,-1,-1,4,E01015343,0,-1
2021501054272,2021,501054272,1,9,0,18,19,7,3,0,0,0,0,0,0,0,2,1,1,1,1,66,10,-1,-1,-1,-1,2,E01018897,0,-1
2021552200024,2021,552200024,2,1,0,18,19,8,4,0,0,8,0,0,0,0,1,1,6,6,2,52,8,-1,-1,-1,-1,3,E01015359,0,-1
2021010315484,2021,010315484,2,9,0,99,99,9,9,99,99,9,9,99,9,99,1,9,6,6,3,-1,-1,-1,-1,-1,-1,-1,-1,0,-1
2021070327383,2021,070327383,2,9,0,16,19,5,3,0,0,0,1,0,0,0,1,1,6,6,1,20,4,-1,-1,-1,-1,8,E01018465,0,-1
202131C186821,2021,31C186821,2,9,0,9,9,7,4,0,0,6,0,0,0,0,3,1,6,6,3,-1,-1,-1,-1,-1,-1,-1,-1,0,-1
2021010320296,2021,010320296,1,-1,9,18,19,3,7,9,9,0,9,0,0,0,9,9,6,6,3,-1,-1,-1,-1,-1,-1,-1,-1,1,-1
2021541851521,2021,541851521,2,1,0,17,19,1,5,0,0,8,0,0,0,0,4,1,6,6,1,28,6,-1,-1,-1,-1,-1,-1,0,-1
2021170M30891,2021,170M30891,2,9,0,4,4,4,8,0,0,1,0,0,0,0,1,1,6,6,1,40,7,-1,-1,-1,-1,1,E01012268,0,-1
2021052101304,2021,052101304,1,9,0,18,19,8,4,0,0,8,0,0,0,0,1,1,6,6,3,-1,-1,-1,-1,-1,-1,-1,-1,0,-1
2021010321112,2021,010321112,2,9,0,99,99,9,9,99,99,9,9,99,9,99,9,9,6,6,3,-1,-1,-1,-1,-1,-1,5,E01000964,0,-1
2021522103971,2021,522103971,1,9,0,18,19,4,8,0,0,8,0,0,0,0,4,1,6,6,1,23,5,-1,-1,-1,-1,2,E01014568,0,-1
2021332100289,2021,332100289,2,9,0,4,4,5,1,0,0,1,0,0,0,0,2,1,2,2,1,20,4,-1,-1,-1,-1,9,E01025971,0,-1
2021451120342,2021,451120342,2,9,0,18,19,3,3,0,0,4,0,0,0,0,2,1,6,6,3,40,7,-1,-1,-1,-1,-1,-1,0,-1
2021552100760,2021,552100760,1,22,0,18,19,3,7,0,0,0,0,0,0,0,4,1,6,6,1,79,11,-1,-1,-1,-1,2,E01015277,0,-1
2021430407202,2021,430407202,1,9,0,18,19,2,6,0,0,2,0,0,0,10,1,1,1,1,1,30,6,-1,-1,-1,-1,10,E01032962,0,-1
2021610038921,2021,610038921,1,9,0,5,5,6,2,0,0,4,0,0,0,0,3,1,6,6,2,23,5,-1,-1,-1,-1,-1,-1,0,-1
2021211051139,2021,211051139,1,-1,0,18,19,4,4,0,0,1,0,0,0,0,1,1,6,6,1,13,3,-1,-1,-1,-1,1,E01014222,1,-1
202154A072221,2021,54A072221,2,1,0,18,19,6,2,0,0,1,0,0,0,0,1,1,4,7,1,17,4,-1,-1,-1,-1,2,E01015570,0,-1
2021070539052,2021,070539052,2,1,0,9,9,5,2,0,0,1,0,0,0,0,1,1,6,6,1,46,8,-1,-1,-1,-1,9,E01006178,0,-1
2021552101383,2021,552101383,1,9,0,18,19,7,3,0,0,8,0,0,0,0,1,1,6,6,3,-1,-1,-1,-1,-1,-1,-1,-1,0,-1
202160Z113147,2021,60Z113147,1,9,0,5,5,3,7,0,0,4,0,0,0,0,1,1,2,2,1,59,9,-1,-1,-1,-1,-1,-1,0,-1
2021991038861,2021,991038861,2,1,0,18,19,8,4,0,0,0,0,0,0,0,3,1,5,6,1,50,8,-1,-1,-1,-1,8,-1,0,-1
2021201076206,2021,201076206,1,1,0,18,19,6,2,0,0,1,0,0,0,0,1,1,6,6,1,24,5,-1,-1,-1,-1,1,E01009494,0,-1
2021052102366,2021,052102366,1,9,0,18,19,6,2,0,0,8,0,0,0,0,4,1,1,1,3,-1,-1,-1,-1,-1,-1,-1,-1,0,-1
2021302100350,2021,302100350,2,9,0,18,19,3,7,0,0,1,0,0,0,0,1,2,1,1,1,45,7,-1,-1,-1,-1,10,E01028396,0,-1
2021141044987,2021,141044987,3,9,0,18,19,1,5,0,0,1,0,0,0,0,1,1,5,6,1,54,8,-1,-1,-1,-1,1,E01007760,0,-1
2021141068271,2021,141068271,2,1,0,18,19,6,2,0,0,1,0,0,0,0,3,1,6,6,1,16,4,-1,-1,-1,-1,1,E01007338,0,-1
2021440218915,2021,440218915,2,9,0,18,19,1,5,0,0,8,0,0,0,0,1,1,6,6,2,-1,-1,-1,-1,-1,-1,-1,-1,0,-1
2021052102400,2021,052102400,1,8,0,18,19,3,7,0,0,8,0,0,0,0,1,1,6,6,3,-1,-1,-1,-1,-1,-1,-1,-1,0,-1
2021052100140,2021,052100140,1,9,0,18,19,1,6,0,0,0,0,0,0,0,1,1,2,2,2,51,8,-1,-1,-1,-1,1,E01007017,0,-1
202131C016921,2021,31C016921,2,1,0,18,19,5,1,0,0,1,0,0,0,0,2,1,6,6,1,24,5,-1,-1,-1,-1,2,E01013845,0,-1
2021201052119,2021,201052119,1,9,0,18,19,3,7,0,0,8,0,0,0,0,1,1,6,6,3,30,6,-1,-1,-1,-1,-1,-1,0,-1
2021061087227,2021,061087227,2,9,0,5,5,7,3,0,0,0,0,0,0,0,1,1,6,6,3,30,6,-1,-1,-1,-1,-1,-1,0,-1
202163A064621,2021,63A064621,1,9,0,17,19,8,5,0,0,8,0,0,0,0,4,1,6,6,3,-1,-1,-1,-1,-1,-1,-1,-1,0,-1
2021141076775,2021,141076775,2,97,0,18,19,6,2,0,0,1,0,0,0,0,1,1,6,6,1,19,4,-1,-1,-1,-1,1,E01007892,0,-1
2021461127007,2021,461127007,2,9,0,18,19,3,7,0,0,0,0,0,0,0,2,1,6,6,1,43,7,-1,-1,-1,-1,4,E01024535,0,-1
2021122101297,2021,122101297,2,1,0,18,19,7,3,0,0,8,0,0,0,0,0,1,6,6,1,59,9,-1,-1,-1,-1,8,E01027875,0,-1
2021552200194,2021,552200194,2,9,0,18,19,3,7,0,0,0,0,0,0,0,1,1,6,6,1,55,8,-1,-1,-1,-1,-1,-1,0,-1
2021010303988,2021,010303988,1,1,9,99,99,9,9,99,99,9,9,99,9,99,9,1,2,2,1,40,7,-1,-1,-1,-1,3,E01003105,0,-1
2021622100849,2021,622100849,2,1,0,18,19,2,6,0,0,0,0,0,0,0,2,1,1,1,1,50,8,-1,-1,-1,-1,5,W01001304,0,-1
2021351121061,2021,351121061,1,1,0,18,19,7,3,0,0,1,5,0,0,0,1,1,6,6,1,-1,-1,-1,-1,-1,-1,-1,-1,0,-1
2021440223924,2021,440223924,1,1,0,18,19,2,6,0,0,1,0,0,0,0,3,1,2,2,1,20,4,-1,-1,-1,-1,3,E01022738,0,-1
2021610019321,2021,610019321,1,9,0,18,19,4,8,0,0,1,0,0,0,0,1,1,1,1,1,63,9,-1,-1,-1,-1,-1,-1,0,-1
2021138171098,2021,138171098,1,9,0,18,19,7,3,0,0,0,0,0,0,0,1,1,6,6,1,20,4,-1,-1,-1,-1,2,E01011223,0,-1
2021161116988,2021,161116988,1,1,0,18,19,7,3,4,4,0,0,0,0,0,3,1,6,6,1,25,5,-1,-1,-1,-1,2,E01012871,0,-1
2021522104510,2021,522104510,1,9,0,18,19,1,5,0,0,1,0,0,0,0,1,1,6,6,1,19,4,-1,-1,-1,-1,3,E01014499,0,-1
2021141118976,2021,141118976,1,1,0,18,19,3,7,0,0,1,0,0,0,0,1,1,2,2,2,38,7,-1,-1,-1,-1,8,E01007983,0,-1
2021122101299,2021,122101299,2,22,0,18,19,3,7,0,0,2,0,0,0,0,4,1,6,6,1,70,10,-1,-1,-1,-1,6,E01027669,0,-1
2021010288914,2021,010288914,2,19,0,3,3,5,1,0,0,0,0,0,0,0,1,1,2,2,1,43,7,-1,-1,-1,-1,5,E01016566,0,-1
2021131109460,2021,131109460,1,9,0,1,1,1,8,0,0,0,0,0,0,0,2,1,6,6,3,-1,-1,-1,-1,-1,-1,-1,-1,0,-1
2021052101344,2021,052101344,1,19,0,18,19,3,7,0,0,5,0,0,0,0,4,1,6,6,3,-1,-1,-1,-1,-1,-1,-1,-1,0,-1
2021361059351,2021,361059351,2,1,0,16,19,6,8,0,0,0,0,0,0,0,1,1,5,6,1,6,2,-1,-1,-1,-1,4,E01026656,0,-1
2021010333521,2021,010333521,1,1,9,99,99,9,9,99,99,9,9,99,9,99,2,1,6,6,1,40,7,-1,-1,-1,-1,3,E01001831,0,-1
2021010345455,2021,010345455,1,1,9,99,99,9,9,99,99,9,9,99,9,99,9,1,2,2,1,39,7,-1,-1,-1,-1,3,E01002550,0,-1
2021332100076,2021,332100076,1,9,0,2,2,0,0,0,0,0,0,0,0,0,3,1,1,1,2,52,8,-1,-1,-1,-1,8,E01013704,0,-1
2021440397525,2021,440397525,2,9,0,18,19,5,1,0,0,0,0,0,0,0,4,1,6,6,1,-1,-1,-1,-1,-1,-1,-1,-1,0,-1
2021610009221,2021,610009221,2,9,0,18,19,9,9,0,0,0,0,0,0,0,1,1,6,6,1,-1,-1,-1,-1,-1,-1,-1,-1,0,-1
2021451037453,2021,451037453,1,9,0,18,19,7,3,0,0,0,2,0,1,11,1,1,5,6,1,24,5,-1,-1,-1,-1,4,E01030752,0,-1
2021010332564,2021,010332564,1,9,0,99,99,9,9,99,99,9,9,99,9,99,9,9,6,6,3,-1,-1,-1,-1,-1,-1,-1,-1,0,-1
2021010298036,2021,010298036,2,9,0,1,1,5,1,0,0,1,0,4,0,0,2,1,6,6,1,36,7,-1,-1,-1,-1,2,E01004013,0,-1
2021010299901,2021,010299901,1,1,0,99,99,9,9,0,0,1,0,0,0,0,1,1,6,6,1,30,6,-1,-1,-1,-1,6,E01003957,0,-1
2021302101567,2021,302101567,2,1,0,5,5,6,2,0,0,0,0,0,0,0,2,1,6,6,3,-1,-1,-1,-1,-1,-1,5,E01019456,0,-1
2021010316463,2021,010316463,2,1,9,99,99,9,9,99,99,1,9,99,9,99,9,1,6,6,1,22,5,-1,-1,-1,-1,5,E01004442,0,-1
2021440312971,2021,440312971,2,19,0,18,19,1,5,0,0,0,0,0,0,0,4,1,6,6,1,35,6,-1,-1,-1,-1,7,E01022963,0,-1
2021401118421,2021,401118421,1,9,0,3,3,-1,-1,0,0,1,0,0,0,0,2,1,6,6,3,-1,-1,-1,-1,-1,-1,-1,-1,0,-1
2021411044524,2021,411044524,2,9,0,18,19,1,5,0,0,8,0,0,0,0,1,1,1,1,1,47,8,-1,-1,-1,-1,10,E01023520,0,-1
2021201146326,2021,201146326,1,1,0,9,9,2,1,0,0,6,0,0,0,0,1,1,6,6,1,26,6,-1,-1,-1,-1,3,E01009629,0,-1
2021320732196,2021,320732196,2,1,0,18,19,6,2,5,5,8,0,0,0,0,1,1,6,6,2,52,8,-1,-1,-1,-1,7,E01026220,0,-1
2021451064411,2021,451064411,2,1,0,17,19,7,4,0,0,8,0,0,0,0,3,1,5,6,1,82,11,-1,-1,-1,-1,10,E01030607,0,-1
2021041057287,2021,041057287,1,9,0,7,7,5,5,0,0,1,0,0,0,0,1,2,6,6,2,-1,-1,-1,-1,-1,-1,-1,-1,0,-1
2021010336346,2021,010336346,2,23,0,13,13,7,3,0,0,1,0,0,0,0,1,1,2,2,1,25,5,-1,-1,-1,-1,2,E01002078,0,-1
2021061040438,2021,061040438,1,9,0,9,9,4,1,0,0,1,0,0,0,0,1,1,5,6,1,20,4,-1,-1,-1,-1,8,E01018655,0,-1
2021332100356,2021,332100356,4,9,0,3,3,6,2,0,0,1,0,0,0,0,3,1,6,6,1,42,7,-1,-1,-1,-1,9,E01025877,0,-1
2021052101976,2021,052101976,2,1,0,18,19,2,6,0,0,0,0,4,0,0,1,1,6,6,2,66,10,-1,-1,-1,-1,-1,-1,0,-1
202131D013021,2021,31D013021,1,9,0,7,7,2,4,0,0,5,0,0,0,0,0,1,6,6,3,-1,-1,-1,-1,-1,-1,-1,-1,0,-1
2021052100545,2021,052100545,2,1,0,18,19,5,1,0,0,0,0,0,0,0,3,1,6,6,2,16,4,-1,-1,-1,-1,1,E01007124,0,-1
2021440439869,2021,440439869,1,9,0,7,7,1,3,0,0,8,0,0,1,0,4,1,6,6,3,-1,-1,-1,-1,-1,-1,-1,-1,0,-1
202106E079079,2021,06E079079,2,9,0,18,19,1,5,0,0,0,0,0,0,0,2,1,6,6,3,30,6,-1,-1,-1,-1,-1,-1,0,-1
2021010348081,2021,010348081,1,9,0,18,19,5,1,0,0,0,0,0,0,0,2,1,6,6,1,62,9,-1,-1,-1,-1,1,E01002039,0,-1
202163D075421,2021,63D075421,3,9,4,15,15,4,8,0,0,8,0,0,0,0,0,1,1,1,1,30,6,-1,-1,-1,-1,10,W01000432,0,-1
2021010319066,2021,010319066,2,11,0,18,19,5,1,0,0,8,0,0,0,0,3,9,6,6,3,-1,-1,-1,-1,-1,-1,6,E01001040,0,-1
2021010340029,2021,010340029,1,1,9,99,99,9,9,99,99,9,9,99,9,99,9,1,2,2,2,51,8,-1,-1,-1,-1,4,E01002642,0,-1
2021461022337,2021,461022337,2,1,0,18,19,1,5,0,0,1,5,0,0,0,3,1,6,6,1,33,6,-1,-1,-1,-1,9,E01024757,0,-1
2021070052898,2021,070052898,1,9,0,18,19,5,1,0,0,1,0,0,0,0,1,1,6,6,1,-1,-1,-1,-1,-1,-1,-1,-1,0,-1
2021320210796,2021,320210796,1,1,0,18,19,7,3,0,0,0,5,0,0,0,0,1,6,6,1,54,8,-1,-1,-1,-1,4,E01026057,0,-1
2021430415107,2021,430415107,1,11,0,18,19,2,6,0,0,1,0,0,0,0,0,1,1,1,1,45,7,-1,-1,-1,-1,-1,-1,0,-1
2021440146862,2021,440146862,3,9,0,2,2,0,0,0,0,0,0,0,0,0,1,1,6,6,3,-1,-1,-1,-1,-1,-1,-1,-1,0,-1
2021332100163,2021,332100163,2,98,0,18,19,1,5,0,0,0,0,0,0,0,2,1,1,1,1,39,7,-1,-1,-1,-1,6,E01005885,0,-1
2021411058036,2021,411058036,2,1,0,18,19,-1,-1,0,0,8,0,0,0,0,2,1,6,6,1,51,8,-1,-1,-1,-1,10,E01023563,0,-1
2021501033069,2021,501033069,2,1,0,18,19,7,3,0,0,1,5,0,0,0,1,1,6,6,1,61,9,-1,-1,-1,-1,8,E01020260,0,-1
2021070118907,2021,070118907,2,1,0,18,19,6,2,9,9,0,0,0,0,0,2,1,6,6,1,25,5,-1,-1,-1,-1,2,E01012536,0,-1
2021141067300,2021,141067300,1,1,0,18,19,1,5,0,0,0,5,0,0,0,3,1,6,6,1,16,4,-1,-1,-1,-1,1,E01007563,0,-1
2021351109364,2021,351109364,1,1,0,18,19,2,6,0,0,0,0,0,1,9,3,1,5,6,2,37,7,-1,-1,-1,-1,2,E01018068,0,-1
2021440397443,2021,440397443,2,1,0,18,19,3,7,0,0,1,0,0,0,0,3,1,6,6,1,23,5,-1,-1,-1,-1,5,E01017044,0,-1
2021010311132,2021,010311132,1,1,9,99,99,9,9,99,99,9,9,99,9,99,9,1,6,6,1,27,6,-1,-1,-1,-1,3,E01003214,0,-1
2021010312077,2021,010312077,2,9,0,99,99,9,9,99,99,9,9,99,9,99,1,9,6,6,3,-1,-1,-1,-1,-1,-1,-1,-1,0,-1
2021430050499,2021,430050499,1,9,0,9,9,6,4,0,0,5,0,0,0,0,4,1,2,2,2,30,6,-1,-1,-1,-1,9,E01028754,0,-1
2021332100345,2021,332100345,1,19,0,18,19,4,8,0,0,0,5,0,1,11,1,1,1,1,1,27,6,-1,-1,-1,-1,9,E01025750,0,-1
2021010339540,2021,010339540,2,9,0,18,19,3,7,0,0,8,0,0,0,0,1,1,6,6,3,-1,-1,-1,-1,-1,-1,-1,-1,0,-1
2021552101279,2021,552101279,1,-1,0,12,12,1,5,0,0,0,0,0,0,0,3,1,6,6,1,21,5,-1,-1,-1,-1,9,E01015356,1,-1
2021010351000,2021,010351000,2,9,0,99,99,9,9,99,99,9,9,99,9,99,9,9,6,6,3,-1,-1,-1,-1,-1,-1,-1,-1,0,-1
202163D032021,2021,63D032021,4,9,0,18,19,8,4,0,0,0,0,0,0,0,3,1,6,6,2,73,10,-1,-1,-1,-1,-1,-1,0,-1
2021041034801,2021,041034801,3,9,0,18,19,5,1,0,0,0,0,0,0,0,2,1,1,1,1,38,7,-1,-1,-1,-1,8,E01024957,0,-1
2021332100493,2021,332100493,1,9,0,17,19,1,7,0,0,0,1,0,1,4,1,1,2,2,1,18,4,-1,-1,-1,-1,5,E01007803,0,-1
2021101039527,2021,101039527,2,1,0,9,9,7,4,0,0,8,0,0,0,0,4,1,6,6,1,61,9,-1,-1,-1,-1,10,E01008365,0,-1
2021501065081,2021,501065081,1,1,0,18,19,2,6,0,0,8,0,0,0,0,3,1,1,1,1,40,7,-1,-1,-1,-1,4,E01018994,0,-1
2021371027634,2021,371027634,1,9,-1,-1,-1,-1,-1,-1,-1,-1,-1,-1,-1,0,-1,1,6,6,2,-1,-1,-1,-1,-1,-1,5,E01033682,0,-1
2021111140721,2021,111140721,1,9,0,18,19,7,3,0,0,0,0,0,0,0,4,1,6,6,1,30,6,-1,-1,-1,-1,-1,-1,0,-1
2021010302948,2021,010302948,2,9,0,99,99,9,9,0,0,1,0,0,0,0,9,1,6,6,1,-1,-1,-1,-1,-1,-1,-1,-1,0,-1
2021522101574,2021,522101574,1,1,0,18,19,5,1,0,0,2,0,0,0,0,3,1,6,6,1,38,7,-1,-1,-1,-1,5,E01014534,0,-1
2021010293827,2021,010293827,4,9,0,18,19,1,5,0,0,2,0,0,0,0,1,1,1,1,1,40,7,-1,-1,-1,-1,7,E01033093,0,-1
2021010332124,2021,010332124,1,1,9,99,99,9,9,0,0,0,0,99,0,0,9,1,6,6,1,20,4,-1,-1,-1,-1,2,E01004584,0,-1
2021010332224,2021,010332224,2,9,0,18,19,8,4,0,0,8,0,0,0,0,1,1,6,6,3,-1,-1,-1,-1,-1,-1,-1,-1,0,-1
2021010315818,2021,010315818,2,9,0,18,19,1,5,0,0,4,0,0,0,0,1,1,6,6,3,-1,-1,-1,-1,-1,-1,-1,-1,0,-1
2021501141576,2021,501141576,1,19,0,18,19,1,5,0,0,0,0,0,0,0,1,1,1,1,1,28,6,-1,-1,-1,-1,5,E01018768,0,-1
2021031099409,2021,031099409,2,1,0,18,19,1,5,4,4,1,2,0,1,0,1,1,6,6,1,49,8,-1,-1,-1,-1,-1,-1,0,-1
2021430273760,2021,430273760,2,1,0,18,19,1,5,0,0,0,0,0,0,0,3,1,4,7,1,11,3,-1,-1,-1,-1,8,E01016468,0,-1
2021221059587,2021,221059587,1,9,0,10,10,3,1,0,0,1,0,0,0,0,3,1,6,6,1,41,7,-1,-1,-1,-1,6,E01032417,0,-1
2021430495978,2021,430495978,2,9,0,12,12,2,6,0,0,8,0,0,0,0,2,1,6,6,1,30,6,-1,-1,-1,-1,-1,-1,0,-1
2021531115043,2021,531115043,4,9,0,3,3,1,5,0,0,0,0,0,0,0,3,1,5,6,1,54,8,-1,-1,-1,-1,8,E01022280,0,-1
2021052102039,2021,052102039,2,-1,0,18,19,3,7,0,0,8,0,0,0,0,4,1,6,6,1,23,5,-1,-1,-1,-1,1,E01006633,1,-1
2021131061840,2021,131061840,2,9,0,2,2,0,0,0,0,8,0,0,0,0,2,1,6,6,3,-1,-1,-1,-1,-1,-1,-1,-1,0,-1
2021010325985,2021,010325985,2,1,9,99,99,9,9,99,99,9,9,99,9,99,1,1,6,6,3,-1,-1,-1,-1,-1,-1,-1,-1,0,-1
2021440171321,2021,440171321,1,1,0,18,19,7,3,0,0,8,0,7,0,0,2,1,4,7,1,16,4,-1,-1,-1,-1,3,E01017228,0,-1
2021010338507,2021,010338507,1,1,9,99,99,9,9,99,99,9,9,99,9,99,9,1,2,2,1,46,8,-1,-1,-1,-1,9,E01002996,0,-1
2021010345557,2021,010345557,2,19,0,99,99,9,9,99,99,9,9,99,9,99,2,9,6,6,3,-1,-1,-1,-1,-1,-1,-1,-1,0,-1
2021471102804,2021,471102804,2,1,0,18,19,2,6,0,0,0,0,0,1,4,2,1,5,6,1,26,6,-1,-1,-1,-1,9,E01031489,0,-1
2021061097579,2021,061097579,2,9,0,1,1,6,2,0,0,1,0,0,0,0,2,1,6,6,3,30,6,-1,-1,-1,-1,-1,-1,0,-1
2021041061554,2021,041061554,1,98,0,18,19,7,3,0,0,1,0,0,1,11,3,1,1,1,1,36,7,-1,-1,-1,-1,-1,-1,0,-1
202131D038421,2021,31D038421,1,4,0,18,19,8,4,0,0,8,1,0,0,0,3,1,1,1,1,20,4,-1,-1,-1,-1,1,E01013871,0,-1
2021010330005,2021,010330005,2,5,0,5,5,7,3,0,0,1,0,0,0,0,4,1,6,6,1,57,9,-1,-1,-1,-1,10,E01000423,0,-1
2021421070358,2021,421070358,2,1,0,18,19,4,8,0,0,4,0,0,0,0,3,1,5,6,1,44,7,-1,-1,-1,-1,10,E01021673,0,-1
2021451099925,2021,451099925,2,9,0,18,19,5,1,0,0,0,0,0,0,0,1,1,1,1,1,35,6,-1,-1,-1,-1,-1,-1,0,-1
202160Z139946,2021,60Z139946,2,1,0,18,19,4,8,0,0,8,0,0,0,0,2,1,6,6,1,12,3,-1,-1,-1,-1,-1,-1,0,-1
2021471125469,2021,471125469,2,1,0,17,19,7,5,4,4,8,0,0,0,0,4,1,5,6,2,20,4,-1,-1,-1,-1,9,E01031475,0,-1
2021010327853,2021,010327853,1,9,0,18,19,2,6,0,0,1,0,0,0,0,1,1,6,6,3,-1,-1,-1,-1,-1,-1,-1,-1,0,-1
2021201097960,2021,201097960,3,9,0,2,2,0,0,0,0,2,0,0,0,0,2,1,6,6,2,-1,-1,-1,-1,-1,-1,9,E01032325,0,-1
2021332100371,2021,332100371,1,9,0,18,19,7,3,0,0,0,0,0,0,0,1,1,6,6,2,24,5,-1,-1,-1,-1,5,E01025858,0,-1
2021010340421,2021,010340421,2,98,4,99,99,9,9,99,99,9,9,99,9,99,9,9,6,6,3,-1,-1,-1,-1,-1,-1,-1,-1,0,-1
202160Z183621,2021,60Z183621,1,9,0,18,19,3,7,0,0,0,0,0,0,0,1,1,6,6,3,-1,-1,-1,-1,-1,-1,-1,-1,0,-1
2021010329686,2021,010329686,1,9,0,2,2,0,0,0,0,0,0,0,0,0,2,1,6,6,3,-1,-1,-1,-1,-1,-1,-1,-1,0,-1
2021461061980,2021,461061980,1,9,0,18,19,1,5,0,0,1,0,0,0,0,4,1,6,6,3,-1,-1,-1,-1,-1,-1,-1,-1,0,-1
2021052100766,2021,052100766,2,-1,0,18,19,7,3,0,0,0,0,0,0,0,4,1,4,7,1,11,3,-1,-1,-1,-1,1,E01006847,1,-1
2021010341819,2021,010341819,1,1,9,99,99,9,9,99,99,9,9,99,9,99,1,1,2,2,1,56,9,-1,-1,-1,-1,4,E01001739,0,-1
2021622100123,2021,622100123,1,9,0,7,7,4,6,0,0,5,0,0,0,0,0,1,6,6,3,-1,-1,-1,-1,-1,-1,-1,-1,0,-1
202163A022721,2021,63A022721,1,4,0,18,19,5,8,0,0,1,1,0,0,0,1,1,6,6,1,30,6,-1,-1,-1,-1,1,W01000833,0,-1
2021201078265,2021,201078265,1,9,0,18,19,3,7,0,0,1,0,0,0,0,1,1,6,6,3,-1,-1,-1,-1,-1,-1,-1,-1,0,-1
2021501021780,2021,501021780,5,9,0,2,2,0,0,0,0,0,0,4,0,0,1,1,5,6,1,22,5,-1,-1,-1,-1,8,E01015251,0,-1
2021010346235,2021,010346235,2,1,0,5,5,1,5,0,0,1,0,0,0,0,1,1,4,7,1,17,4,-1,-1,-1,-1,7,E01000295,0,-1
2021201144747,2021,201144747,1,9,0,18,19,-1,-1,0,0,0,0,0,0,0,4,1,6,6,2,43,7,-1,-1,-1,-1,2,E01009515,0,-1
2021501067082,2021,501067082,1,9,0,3,3,5,1,0,0,1,0,0,0,0,2,1,6,6,2,28,6,-1,-1,-1,-1,3,E01015172,0,-1
2021522103287,2021,522103287,1,9,5,18,19,5,1,0,0,0,0,0,0,0,1,1,6,6,1,63,9,-1,-1,-1,-1,10,E01014930,0,-1
2021440166846,2021,440166846,1,1,0,18,19,4,8,0,0,0,0,0,0,0,3,1,6,6,1,61,9,-1,-1,-1,-1,9,E01033384,0,-1
2021461031283,2021,461031283,1,19,0,18,19,3,7,0,0,2,0,0,0,0,4,1,6,6,3,-1,-1,-1,-1,-1,-1,-1,-1,0,-1
2021201073190,2021,201073190,1,9,0,18,19,8,4,0,0,0,0,0,0,0,1,1,6,6,3,-1,-1,-1,-1,-1,-1,-1,-1,0,-1
2021131086027,2021,131086027,2,17,0,18,19,7,3,0,0,0,0,0,0,0,3,1,5,6,1,36,7,-1,-1,-1,-1,1,E01010702,0,-1
202160Z086787,2021,60Z086787,3,9,0,18,19,6,2,0,0,0,0,0,0,0,0,1,6,6,3,-1,-1,-1,-1,-1,-1,-1,-1,0,-1
2021010338908,2021,010338908,1,1,9,99,99,9,9,99,99,1,9,99,9,99,1,1,6,6,1,36,7,-1,-1,-1,-1,7,E01033133,0,-1
2021201060686,2021,201060686,5,9,0,2,2,0,0,9,9,0,0,4,0,0,2,1,6,6,3,-1,-1,-1,-1,-1,-1,-1,-1,0,-1
2021531037274,2021,531037274,2,1,-1,16,19,5,1,0,0,4,0,0,0,0,3,1,6,6,1,35,6,-1,-1,-1,-1,8,E01022144,0,-1
2021440271956,2021,440271956,2,9,0,18,19,3,7,0,0,0,0,0,0,0,0,1,6,6,3,-1,-1,-1,-1,-1,-1,-1,-1,0,-1
2021421036048,2021,421036048,1,9,0,18,19,3,7,0,0,1,0,0,0,0,3,1,6,6,3,18,4,-1,-1,-1,-1,-1,-1,0,-1
2021061112690,2021,061112690,2,1,0,18,19,2,6,0,0,1,0,0,0,0,3,1,2,2,1,29,6,-1,-1,-1,-1,3,E01005034,0,-1
2021010324619,2021,010324619,1,9,0,9,9,7,4,0,0,1,0,0,0,0,1,1,6,6,3,-1,-1,-1,-1,-1,-1,-1,-1,0,-1
202160Z063599,2021,60Z063599,2,9,0,9,9,6,4,0,0,3,0,0,0,0,4,1,6,6,2,23,5,-1,-1,-1,-1,-1,-1,0,-1
2021351120439,2021,351120439,2,1,-1,18,19,7,3,0,0,2,0,0,0,0,-1,1,4,7,1,10,2,-1,-1,-1,-1,4,E01033174,0,-1
2021201137489,2021,201137489,1,9,0,18,19,-1,-1,0,0,3,0,0,0,0,0,1,6,6,3,-1,-1,-1,-1,-1,-1,-1,-1,0,-1
2021552101308,2021,552101308,2,9,0,3,3,4,8,0,0,1,0,0,0,0,3,1,1,1,2,30,6,-1,-1,-1,-1,5,E01015427,0,-1
20211381O0331,2021,1381O0331,1,9,0,18,19,5,1,0,0,0,1,0,0,0,1,1,6,6,3,-1,-1,-1,-1,-1,-1,-1,-1,0,-1
2021332100794,2021,332100794,1,9,0,18,19,8,4,0,0,2,0,0,0,0,1,1,6,6,1,19,4,-1,-1,-1,-1,10,E01025714,0,-1
2021440460183,2021,440460183,1,22,0,5,5,3,7,9,9,6,5,0,0,0,0,1,6,6,2,91,11,-1,-1,-1,-1,6,E01017066,0,-1
2021440106028,2021,440106028,1,1,0,18,19,5,1,0,0,8,0,0,0,0,2,1,6,6,2,50,8,-1,-1,-1,-1,5,E01017044,0,-1