collision_index,collision_year,collision_ref_no,vehicle_reference,vehicle_type,towing_and_articulation,vehicle_manoeuvre_historic,vehicle_manoeuvre,vehicle_direction_from,vehicle_direction_to,vehicle_location_restricted_lane_historic,vehicle_location_restricted_lane,junction_location,skidding_and_overturning,hit_object_in_carriageway,vehicle_leaving_carriageway,hit_object_off_carriageway,first_point_of_impact,vehicle_left_hand_drive,journey_purpose_of_driver_historic,journey_purpose_of_driver,sex_of_driver,age_of_driver,age_band_of_driver,engine_capacity_cc,propulsion_code,age_of_vehicle,generic_make_model,driver_imd_decile,lsoa_of_driver,escooter_flag,driver_distance_banding
2021522101090,2021,522101090,1,1,0,18,19,3,7,0,0,8,0,0,0,0,1,1,6,6,1,25,5,-1,-1,-1,-1,2,E01033352,0,-1
2021451018549,2021,451018549,1,9,0,18,19,4,8,0,0,4,0,0,1,0,3,1,6,6,3,-1,-1,-1,-1,-1,-1,-1,-1,0,-1
2021010318108,2021,010318108,1,1,9,99,99,9,9,99,99,9,9,99,9,99,1,1,2,2,2,23,5,-1,-1,-1,-1,2,E01003988,0,-1
2021471067146,2021,471067146,2,1,0,18,19,3,7,0,0,8,0,0,0,0,4,1,5,6,2,70,10,-1,-1,-1,-1,6,E01031448,0,-1
2021041088077,2021,041088077,2,1,0,18,19,1,5,0,0,1,0,0,0,0,1,1,2,2,1,20,4,-1,-1,-1,-1,4,E01025567,0,-1
2021070050014,2021,070050014,1,9,0,18,19,4,8,0,0,0,0,0,1,11,2,1,1,1,1,26,6,-1,-1,-1,-1,9,E01018420,0,-1
2021371045380,2021,371045380,1,9,0,18,19,6,2,0,0,0,0,0,0,0,3,1,6,6,3,-1,-1,-1,-1,-1,-1,-1,-1,0,-1
202163D008521,2021,63D008521,1,19,0,4,4,6,2,0,0,1,0,0,0,0,2,1,1,1,1,42,7,-1,-1,-1,-1,1,W01000991,0,-1
2021332100313,2021,332100313,2,22,0,18,19,7,3,0,0,1,0,0,0,0,3,1,6,6,1,57,9,-1,-1,-1,-1,1,E01013674,0,-1
2021440294953,2021,440294953,2,9,0,4,4,5,8,0,0,1,0,0,0,0,1,1,6,6,1,-1,-1,-1,-1,-1,-1,-1,-1,0,-1
2021010303300,2021,010303300,2,1,0,16,19,3,7,0,0,0,0,0,0,0,1,1,2,2,1,28,6,-1,-1,-1,-1,2,E01000152,0,-1
2021520100894,2021,520100894,2,1,0,18,19,8,4,0,0,0,0,0,0,0,2,1,6,6,1,62,9,-1,-1,-1,-1,6,E01029180,0,-1
2021622100181,2021,622100181,1,9,0,18,19,7,3,0,0,1,0,0,0,0,1,1,6,6,3,-1,-1,-1,-1,-1,-1,-1,-1,0,-1
2021451025785,2021,451025785,1,22,0,14,14,4,8,0,0,8,0,0,0,0,4,1,5,6,1,39,7,-1,-1,-1,-1,8,E01002985,0,-1
2021471093757,2021,471093757,2,1,0,18,19,1,5,0,0,8,0,0,0,0,1,1,5,6,2,42,7,-1,-1,-1,-1,2,E01020955,0,-1
2021552200216,2021,552200216,2,1,0,18,19,3,7,0,0,8,0,0,0,0,0,1,6,6,1,11,3,-1,-1,-1,-1,5,E01020472,0,-1
2021010322901,2021,010322901,2,1,0,18,19,3,7,0,0,0,0,0,0,0,1,1,2,2,1,36,7,-1,-1,-1,-1,2,E01004326,0,-1
2021461090946,2021,461090946,1,4,0,18,19,1,5,0,0,0,0,0,0,0,1,1,6,6,1,16,4,-1,-1,-1,-1,4,E01024312,0,-1
2021101058025,2021,101058025,1,9,0,7,7,3,5,0,0,5,0,0,0,0,4,1,6,6,3,21,5,-1,-1,-1,-1,-1,-1,0,-1
2021161068147,2021,161068147,1,1,0,7,7,1,5,0,0,6,0,0,0,0,1,1,2,2,1,58,9,-1,-1,-1,-1,8,E01013101,0,-1
2021010337322,2021,010337322,1,11,0,5,5,3,7,0,0,1,0,0,3,0,3,1,1,1,3,22,5,-1,-1,-1,-1,-1,-1,0,-1
2021501061534,2021,501061534,2,9,0,18,19,8,4,0,0,0,0,0,1,0,1,1,6,6,1,33,6,-1,-1,-1,-1,7,E01020273,0,-1
2021451043381,2021,451043381,1,1,0,4,4,1,5,0,0,0,1,0,0,0,4,1,5,6,1,56,9,-1,-1,-1,-1,3,E01003829,0,-1
202134NNC0391,2021,34NNC0391,2,9,0,2,2,0,0,0,0,0,0,0,0,0,1,1,6,6,1,22,5,-1,-1,-1,-1,4,E01027315,0,-1
2021461107532,2021,461107532,1,19,0,7,7,5,3,0,0,1,0,0,0,0,1,1,1,1,1,51,8,-1,-1,-1,-1,-1,-1,0,-1
2021010289860,2021,010289860,2,1,0,18,19,1,5,0,0,6,0,0,0,0,2,1,6,6,1,11,3,-1,-1,-1,-1,6,E01002327,0,-1
2021010343622,2021,010343622,1,1,9,99,99,9,9,99,99,9,9,99,9,99,9,1,6,6,1,24,5,-1,-1,-1,-1,6,E01003033,0,-1
2021411108856,2021,411108856,2,1,0,9,9,2,6,0,0,0,0,0,0,0,3,1,6,6,2,54,8,-1,-1,-1,-1,10,E01023408,0,-1
2021461093700,2021,461093700,2,9,0,10,10,3,8,0,0,0,0,0,0,0,1,1,6,6,2,76,11,-1,-1,-1,-1,10,E01023996,0,-1
202160Z047528,2021,60Z047528,1,9,0,9,9,5,3,0,0,1,0,0,0,0,4,1,6,6,2,-1,-1,-1,-1,-1,-1,-1,-1,0,-1
2021440142568,2021,440142568,2,9,0,18,19,1,5,0,0,8,0,0,0,0,4,1,6,6,1,48,8,-1,-1,-1,-1,8,E01022935,0,-1
2021461025240,2021,461025240,1,9,0,17,19,5,3,0,0,1,0,0,0,0,1,1,6,6,1,-1,-1,-1,-1,-1,-1,9,E01024818,0,-1
2021361078223,2021,361078223,1,1,0,18,19,4,8,0,0,0,0,0,0,0,3,1,1,1,1,21,5,-1,-1,-1,-1,4,E01030295,0,-1
2021440303944,2021,440303944,1,1,0,18,19,5,1,0,0,0,0,0,0,0,3,1,6,6,1,53,8,-1,-1,-1,-1,10,E01022709,0,-1
2021010313344,2021,010313344,2,9,0,7,7,1,3,0,0,8,0,0,0,0,1,1,6,6,3,-1,-1,-1,-1,-1,-1,-1,-1,0,-1
2021501037536,2021,501037536,2,1,0,7,7,3,7,0,0,1,0,0,0,0,4,1,1,1,1,59,9,-1,-1,-1,-1,10,E01020165,0,-1
2021332100190,2021,332100190,2,9,0,18,19,1,5,0,0,0,1,0,0,0,3,1,2,2,1,29,6,-1,-1,-1,-1,6,E01013672,0,-1
202160Z108534,2021,60Z108534,1,9,0,1,1,2,6,0,0,6,0,4,0,0,2,1,6,6,1,88,11,-1,-1,-1,-1,-1,-1,0,-1
2021351138708,2021,351138708,1,9,0,18,19,8,4,0,0,6,0,0,0,0,1,1,6,6,3,-1,-1,-1,-1,-1,-1,-1,-1,0,-1
2021161109832,2021,161109832,2,1,0,18,19,8,4,0,0,8,0,0,0,0,4,1,6,6,1,23,5,-1,-1,-1,-1,1,E01013201,0,-1
2021501061772,2021,501061772,2,19,0,3,3,1,5,0,0,1,0,0,0,0,1,1,5,6,1,36,7,-1,-1,-1,-1,7,E01020327,0,-1
2021141028858,2021,141028858,2,9,0,6,6,3,3,0,0,0,0,0,0,0,1,1,6,6,2,-1,-1,-1,-1,-1,-1,2,E01008016,0,-1
2021430553145,2021,430553145,1,9,0,13,13,4,8,0,0,0,0,0,0,0,4,1,6,6,3,-1,-1,-1,-1,-1,-1,-1,-1,0,-1
2021201139989,2021,201139989,1,98,0,5,5,4,8,0,0,1,0,0,0,0,4,1,1,1,1,50,8,-1,-1,-1,-1,10,E01032270,0,-1
202160Z139559,2021,60Z139559,1,9,0,16,19,2,5,0,0,1,5,0,1,4,1,1,6,6,1,24,5,-1,-1,-1,-1,-1,-1,0,-1
202131C131521,2021,31C131521,1,-1,0,18,19,8,4,4,4,8,0,0,0,0,2,1,4,7,1,14,3,-1,-1,-1,-1,1,E01013817,1,-1
2021401076690,2021,401076690,1,9,0,18,19,2,6,0,0,1,0,0,1,9,1,1,5,6,1,55,8,-1,-1,-1,-1,7,E01023594,0,-1
2021332100080,2021,332100080,4,9,0,13,13,3,6,0,0,3,0,0,0,0,0,1,6,6,3,-1,-1,-1,-1,-1,-1,-1,-1,0,-1
2021520200138,2021,520200138,1,9,0,18,19,8,4,0,0,0,0,0,0,0,1,1,6,6,1,59,9,-1,-1,-1,-1,3,E01029036,0,-1
2021430271472,2021,430271472,2,10,0,9,9,6,4,0,0,5,0,0,0,0,2,1,6,6,3,-1,-1,-1,-1,-1,-1,-1,-1,0,-1
2021361053796,2021,361053796,2,1,0,18,19,2,6,0,0,8,0,0,0,0,1,1,1,1,1,35,6,-1,-1,-1,-1,3,E01026823,0,-1
2021010303573,2021,010303573,2,9,0,5,5,0,7,0,0,0,0,0,0,0,3,1,6,6,3,-1,-1,-1,-1,-1,-1,-1,-1,0,-1
2021010314955,2021,010314955,1,1,9,99,99,9,9,99,99,9,9,99,9,99,1,1,2,2,1,44,7,-1,-1,-1,-1,4,E01003389,0,-1
2021471054393,2021,471054393,2,1,0,9,9,7,5,0,0,4,0,0,0,0,1,1,5,6,1,58,9,-1,-1,-1,-1,6,E01016987,0,-1
202163A065221,2021,63A065221,2,9,0,18,19,2,6,0,0,8,0,0,0,0,3,1,2,2,1,21,5,-1,-1,-1,-1,4,W01000718,0,-1
2021010322592,2021,010322592,2,1,0,10,10,8,6,0,0,8,0,0,0,0,2,1,6,6,1,65,9,-1,-1,-1,-1,10,E01030395,0,-1
2021010309774,2021,010309774,1,1,9,99,99,9,9,99,99,9,9,99,9,99,9,1,2,2,2,48,8,-1,-1,-1,-1,2,E01004402,0,-1
2021451105095,2021,451105095,3,9,0,18,19,7,3,0,0,0,0,0,0,0,1,1,6,6,1,60,9,-1,-1,-1,-1,7,E01015424,0,-1
202160Z132879,2021,60Z132879,2,9,0,18,19,2,6,0,0,0,0,0,0,0,2,1,1,1,1,60,9,-1,-1,-1,-1,-1,-1,0,-1
2021010302694,2021,010302694,2,1,0,9,9,7,5,0,0,8,5,0,0,0,1,1,6,6,2,29,6,-1,-1,-1,-1,3,E01004270,0,-1
2021991073229,2021,991073229,2,9,0,10,10,1,7,0,0,1,0,0,0,0,2,1,5,6,1,57,9,-1,-1,-1,-1,6,-1,0,-1
2021131122414,2021,131122414,2,1,0,18,19,5,1,0,0,0,5,0,0,0,1,1,5,6,1,43,7,-1,-1,-1,-1,-1,-1,0,-1
2021010329561,2021,010329561,1,1,9,99,99,9,9,99,99,9,9,99,9,99,1,1,6,6,1,54,8,-1,-1,-1,-1,2,E01004409,0,-1
2021010339015,2021,010339015,2,9,0,99,99,9,9,99,99,9,9,99,9,99,9,9,6,6,3,-1,-1,-1,-1,-1,-1,-1,-1,0,-1
2021010310865,2021,010310865,2,1,0,9,9,1,6,0,0,2,0,0,0,0,3,1,6,6,1,17,4,-1,-1,-1,-1,6,E01000924,0,-1
2021991016879,2021,991016879,1,21,1,18,19,7,3,0,0,0,0,0,0,0,1,1,1,1,1,45,7,-1,-1,-1,-1,-1,-1,0,-1
2021201119181,2021,201119181,1,9,0,18,19,2,6,0,0,6,0,0,0,0,1,1,6,6,1,-1,-1,-1,-1,-1,-1,4,E01008920,0,-1
202160Z174908,2021,60Z174908,2,9,0,2,2,0,0,0,0,2,0,0,0,0,1,1,6,6,1,54,8,-1,-1,-1,-1,-1,-1,0,-1
2021070359681,2021,070359681,2,1,0,18,19,4,8,0,0,0,0,0,0,0,1,1,6,6,1,15,3,-1,-1,-1,-1,1,E01018519,0,-1
2021010335596,2021,010335596,1,1,9,99,99,9,9,99,99,9,9,99,9,99,9,1,6,6,1,31,6,-1,-1,-1,-1,6,E01001573,0,-1
2021332101518,2021,332101518,1,9,0,18,19,1,5,0,0,0,0,0,0,0,0,1,6,6,2,25,5,-1,-1,-1,-1,-1,-1,0,-1
2021201134414,2021,201134414,2,1,0,18,19,3,7,0,0,3,0,0,0,0,1,1,6,6,1,30,6,-1,-1,-1,-1,1,E01010478,0,-1
2021010288674,2021,010288674,2,1,0,18,19,5,1,0,0,1,0,0,0,0,1,1,6,6,2,25,5,-1,-1,-1,-1,2,E01003920,0,-1
2021010320575,2021,010320575,1,1,9,99,99,9,9,99,99,9,9,99,9,99,0,1,6,6,1,32,6,-1,-1,-1,-1,4,E01004369,0,-1
2021320515081,2021,320515081,2,1,0,18,19,4,2,0,0,1,5,0,0,0,2,1,6,6,1,59,9,-1,-1,-1,-1,6,E01013167,0,-1
2021320588097,2021,320588097,1,9,0,18,19,4,8,0,0,0,0,0,0,0,4,1,6,6,1,-1,-1,-1,-1,-1,-1,-1,-1,0,-1
2021010353720,2021,010353720,1,97,9,18,19,1,5,0,0,9,9,99,0,0,4,1,6,6,3,-1,-1,-1,-1,-1,-1,-1,-1,0,-1
2021540360121,2021,540360121,1,9,0,5,5,1,5,0,0,0,0,0,0,0,1,1,1,1,1,29,6,-1,-1,-1,-1,7,E01031865,0,-1
2021552101125,2021,552101125,2,1,0,18,19,2,6,0,0,4,0,0,0,0,1,1,2,2,1,21,5,-1,-1,-1,-1,4,E01015328,0,-1
2021440339959,2021,440339959,1,1,0,9,9,5,3,0,0,6,0,0,0,0,1,1,6,6,1,22,5,-1,-1,-1,-1,3,E01017073,0,-1
2021522103852,2021,522103852,1,9,0,2,2,0,0,0,0,2,0,0,0,0,3,1,6,6,1,31,6,-1,-1,-1,-1,10,E01014966,0,-1
2021411110640,2021,411110640,2,1,0,18,19,7,3,0,0,8,0,0,0,0,2,1,6,6,1,58,9,-1,-1,-1,-1,6,E01001656,0,-1
2021401118683,2021,401118683,1,9,0,18,19,7,5,0,0,3,0,10,0,0,1,1,6,6,3,-1,-1,-1,-1,-1,-1,-1,-1,0,-1
2021361056263,2021,361056263,2,1,0,18,19,-1,-1,0,0,0,0,0,0,0,2,1,6,6,1,13,3,-1,-1,-1,-1,2,E01026633,0,-1
2021010316733,2021,010316733,2,9,0,99,99,9,9,99,99,9,9,99,9,99,9,9,6,6,3,-1,-1,-1,-1,-1,-1,-1,-1,0,-1
2021522105788,2021,522105788,1,1,0,5,5,7,3,0,0,4,0,0,0,0,1,1,6,6,1,43,7,-1,-1,-1,-1,4,E01014401,0,-1
2021070669743,2021,070669743,1,1,0,18,19,5,1,0,0,0,0,0,0,0,3,1,6,6,2,8,2,-1,-1,-1,-1,5,E01018418,0,-1
2021991099168,2021,991099168,2,1,0,18,19,3,7,0,0,0,0,0,0,0,2,1,5,6,1,56,9,-1,-1,-1,-1,9,-1,0,-1
2021010290457,2021,010290457,1,-1,0,18,19,3,7,99,99,8,9,0,0,0,3,1,6,6,2,31,6,-1,-1,-1,-1,2,E01003089,1,-1
2021451074288,2021,451074288,2,9,0,1,1,1,3,0,0,0,0,4,0,0,2,1,6,6,1,45,7,-1,-1,-1,-1,8,E01030825,0,-1
2021010350140,2021,010350140,1,1,9,99,99,9,9,99,99,9,9,99,9,99,9,1,2,2,1,48,8,-1,-1,-1,-1,2,E01003243,0,-1
2021010314592,2021,010314592,2,9,0,99,99,9,9,99,99,9,9,99,9,99,1,9,6,6,3,-1,-1,-1,-1,-1,-1,-1,-1,0,-1
2021451034380,2021,451034380,1,9,0,18,19,8,4,0,0,4,0,0,7,10,1,1,5,6,1,34,6,-1,-1,-1,-1,10,E01030876,0,-1
2021010304302,2021,010304302,2,1,0,18,19,5,1,0,0,1,0,0,0,0,1,1,2,2,1,18,4,-1,-1,-1,-1,3,E01001282,0,-1
2021161143328,2021,161143328,2,9,0,7,7,8,2,0,0,8,0,0,0,0,1,1,6,6,2,-1,-1,-1,-1,-1,-1,-1,-1,0,-1
2021010321659,2021,010321659,2,1,0,18,19,5,1,0,0,8,0,0,0,0,3,1,2,2,1,25,5,-1,-1,-1,-1,2,E01004211,0,-1
2021010291507,2021,010291507,1,1,9,99,99,9,9,99,99,9,9,99,9,99,1,1,2,2,1,25,5,-1,-1,-1,-1,3,E01003997,0,-1
2021010326034,2021,010326034,2,-1,0,18,19,7,3,0,0,8,0,0,0,0,1,1,6,6,1,31,6,-1,-1,-1,-1,3,E01003688,1,-1
2021221071602,2021,221071602,1,97,0,18,19,5,1,0,0,0,0,0,0,0,3,1,5,6,1,33,6,-1,-1,-1,-1,4,E01032473,0,-1
2021522103213,2021,522103213,2,9,0,18,19,3,7,0,0,1,0,0,0,0,1,1,6,6,3,25,5,-1,-1,-1,-1,-1,-1,0,-1
2021411025065,2021,411025065,1,19,0,16,19,5,1,0,0,0,0,0,1,7,1,1,1,1,1,20,4,-1,-1,-1,-1,2,E01015704,0,-1
2021010323750,2021,010323750,2,1,0,18,19,3,7,0,0,1,0,0,0,0,3,1,2,2,1,37,7,-1,-1,-1,-1,8,E01001927,0,-1
2021311083939,2021,311083939,1,9,0,18,19,1,3,0,0,1,0,0,7,0,1,1,5,6,1,77,11,-1,-1,-1,-1,7,E01013875,0,-1
202154A298121,2021,54A298121,1,9,0,18,19,1,5,0,0,4,0,0,0,0,1,1,6,6,3,-1,-1,-1,-1,-1,-1,-1,-1,0,-1
2021201092581,2021,201092581,1,11,0,7,7,6,8,0,0,5,0,0,0,0,0,1,6,6,3,-1,-1,-1,-1,-1,-1,-1,-1,0,-1
202160Z158151,2021,60Z158151,1,98,0,18,19,8,4,0,0,0,0,0,0,0,3,1,2,2,1,53,8,-1,-1,-1,-1,-1,-1,0,-1
2021010303324,2021,010303324,2,1,0,18,19,5,1,0,0,8,0,0,0,0,1,1,1,1,2,31,6,-1,-1,-1,-1,2,E01033341,0,-1
20211383M2015,2021,1383M2015,1,1,0,5,5,7,3,0,0,0,0,0,0,0,1,1,6,6,2,16,4,-1,-1,-1,-1,-1,-1,0,-1
202163A039821,2021,63A039821,1,1,0,18,19,4,8,0,0,0,0,4,1,0,1,1,6,6,1,13,3,-1,-1,-1,-1,3,W01000654,0,-1
2021552200134,2021,552200134,2,1,0,18,19,6,2,0,0,8,0,0,0,0,1,1,2,2,1,18,4,-1,-1,-1,-1,1,E01015281,0,-1
2021201098507,2021,201098507,1,9,0,18,19,2,6,0,0,8,0,0,0,0,1,1,6,6,3,-1,-1,-1,-1,-1,-1,-1,-1,0,-1
2021010338775,2021,010338775,2,1,0,18,19,2,6,0,0,2,0,0,0,0,1,1,2,2,1,30,6,-1,-1,-1,-1,2,E01004718,0,-1
2021451092435,2021,451092435,3,9,0,18,19,1,5,0,0,0,0,11,0,0,1,1,5,6,1,34,6,-1,-1,-1,-1,10,E01022892,0,-1
2021302100393,2021,302100393,2,9,0,16,19,4,8,0,0,0,0,0,0,0,1,1,6,6,1,32,6,-1,-1,-1,-1,5,E01019605,0,-1
2021201116215,2021,201116215,2,9,0,2,2,0,0,9,9,0,0,0,0,0,0,1,1,1,1,58,9,-1,-1,-1,-1,3,E01009777,0,-1
2021010290131,2021,010290131,1,9,0,99,99,9,9,99,99,9,9,99,9,99,0,9,6,6,3,-1,-1,-1,-1,-1,-1,-1,-1,0,-1
2021201101120,2021,201101120,1,9,0,9,9,6,4,0,0,6,0,0,0,0,0,1,6,6,3,-1,-1,-1,-1,-1,-1,-1,-1,0,-1
2021061097969,2021,061097969,1,9,0,18,19,3,7,0,0,0,0,0,0,0,1,1,6,6,3,30,6,-1,-1,-1,-1,-1,-1,0,-1
2021010309894,2021,010309894,1,9,0,99,99,9,9,99,99,9,9,99,9,99,1,9,6,6,3,-1,-1,-1,-1,-1,-1,-1,-1,0,-1
2021332100248,2021,332100248,2,9,0,2,2,0,0,9,9,0,0,0,0,0,4,1,6,6,1,54,8,-1,-1,-1,-1,9,E01025820,0,-1
202163C048821,2021,63C048821,3,9,0,18,19,4,8,0,0,0,0,0,0,0,1,1,6,6,2,32,6,-1,-1,-1,-1,7,W01000572,0,-1
2021010293357,2021,010293357,2,9,0,99,99,9,9,99,99,9,9,99,9,99,4,9,6,6,3,-1,-1,-1,-1,-1,-1,-1,-1,0,-1
2021552100039,2021,552100039,2,1,0,18,19,7,3,0,0,8,0,0,0,0,1,1,6,6,1,23,5,-1,-1,-1,-1,7,E01032641,0,-1
2021461025551,2021,461025551,1,9,0,2,2,0,0,0,0,0,0,11,0,0,2,1,5,6,1,36,7,-1,-1,-1,-1,9,E01024100,0,-1
2021010332676,2021,010332676,2,9,0,99,99,9,9,99,99,9,9,99,9,99,9,9,6,6,3,-1,-1,-1,-1,-1,-1,7,E01002161,0,-1
202131B115621,2021,31B115621,1,1,0,18,19,4,8,5,5,2,0,0,0,0,1,1,6,6,3,-1,-1,-1,-1,-1,-1,-1,-1,0,-1
2021201068073,2021,201068073,2,1,0,18,19,4,8,0,0,0,0,0,0,0,2,1,6,6,1,40,7,-1,-1,-1,-1,1,E01010053,0,-1
2021471025998,2021,471025998,2,1,0,10,10,3,7,0,0,0,1,0,5,0,1,1,6,6,2,20,4,-1,-1,-1,-1,3,E01031556,0,-1
2021070618498,2021,070618498,1,19,0,11,11,1,5,0,0,1,0,0,0,0,1,1,6,6,3,-1,-1,-1,-1,-1,-1,-1,-1,0,-1
2021440230710,2021,440230710,1,1,0,4,4,5,1,0,0,1,0,0,0,0,0,1,6,6,1,51,8,-1,-1,-1,-1,3,E01017111,0,-1
2021010304284,2021,010304284,1,1,9,99,99,9,9,99,99,9,9,99,9,99,9,1,6,6,1,-1,-1,-1,-1,-1,-1,3,E01003923,0,-1
2021430482886,2021,430482886,1,1,0,18,19,6,2,0,0,1,0,0,0,0,3,1,2,2,1,58,9,-1,-1,-1,-1,5,E01017805,0,-1
2021361017761,2021,361017761,1,1,0,-1,-1,-1,-1,-1,-1,-1,-1,-1,-1,0,-1,1,6,6,2,13,3,-1,-1,-1,-1,9,E01026908,0,-1
2021010301485,2021,010301485,1,9,0,99,99,9,9,99,99,9,9,99,9,99,9,9,6,6,3,-1,-1,-1,-1,-1,-1,-1,-1,0,-1
2021461119141,2021,461119141,1,9,0,18,19,5,1,0,0,1,0,0,0,0,1,1,6,6,3,-1,-1,-1,-1,-1,-1,-1,-1,0,-1
202154C090721,2021,54C090721,1,1,0,4,4,1,5,0,0,1,1,0,0,0,1,1,6,6,1,37,7,-1,-1,-1,-1,-1,-1,0,-1
2021101026100,2021,101026100,2,11,0,18,19,3,7,0,0,8,0,0,0,0,0,1,1,1,1,48,8,-1,-1,-1,-1,-1,-1,0,-1
2021440491104,2021,440491104,2,9,0,11,11,1,5,0,0,3,0,0,0,0,4,1,6,6,1,60,9,-1,-1,-1,-1,1,E01017031,0,-1
2021070462091,2021,070462091,1,9,0,18,19,5,1,0,0,0,0,0,0,0,3,1,6,6,3,-1,-1,-1,-1,-1,-1,-1,-1,0,-1
2021371095614,2021,371095614,1,1,0,18,19,1,5,0,0,1,2,0,0,0,3,1,6,6,1,-1,-1,-1,-1,-1,-1,-1,-1,0,-1
2021122100812,2021,122100812,2,1,0,18,19,9,9,0,0,1,0,0,1,10,4,9,6,6,2,60,9,-1,-1,-1,-1,9,E01027913,0,-1
2021471024400,2021,471024400,2,1,0,7,7,5,7,0,0,6,0,0,0,0,3,1,6,6,1,42,7,-1,-1,-1,-1,3,E01031752,0,-1
2021161128966,2021,161128966,1,1,0,18,19,8,4,0,0,8,0,0,0,0,4,1,6,6,1,28,6,-1,-1,-1,-1,4,E01012995,0,-1
2021010338221,2021,010338221,1,1,9,99,99,9,9,99,99,0,9,99,9,99,9,1,6,6,1,67,10,-1,-1,-1,-1,10,E01000766,0,-1
2021522102137,2021,522102137,1,1,0,9,9,3,1,0,0,5,0,0,0,0,3,1,6,6,1,26,6,-1,-1,-1,-1,5,E01015005,0,-1
2021010319883,2021,010319883,1,1,9,99,99,9,9,99,99,9,9,99,9,99,9,1,6,6,1,55,8,-1,-1,-1,-1,3,E01002070,0,-1
2021440178332,2021,440178332,2,-1,0,18,19,1,5,0,0,8,0,0,0,0,1,1,6,6,1,17,4,-1,-1,-1,-1,4,E01017022,1,-1
2021451057003,2021,451057003,1,-1,0,18,19,2,6,0,0,0,0,0,0,0,0,1,5,6,1,40,7,-1,-1,-1,-1,5,E01030459,1,-1
2021520103920,2021,520103920,1,19,0,18,19,6,2,0,0,0,0,0,0,0,1,1,6,6,1,49,8,-1,-1,-1,-1,-1,-1,0,-1
2021552100900,2021,552100900,1,1,0,18,19,2,6,9,9,8,0,0,0,0,1,1,6,6,1,63,9,-1,-1,-1,-1,1,E01015307,0,-1
202160Z018279,2021,60Z018279,2,9,0,4,4,5,1,0,0,0,0,0,0,0,1,1,6,6,1,35,6,-1,-1,-1,-1,-1,-1,0,-1
2021052102604,2021,052102604,1,9,0,18,19,4,8,0,0,0,0,0,0,0,1,1,6,6,3,-1,-1,-1,-1,-1,-1,-1,-1,0,-1
2021440275798,2021,440275798,1,1,0,18,19,8,4,0,0,8,0,0,0,0,3,1,4,7,1,12,3,-1,-1,-1,-1,5,E01017095,0,-1
2021991052663,2021,991052663,1,9,0,18,19,4,8,0,0,0,0,0,0,0,1,1,6,6,2,40,7,-1,-1,-1,-1,-1,-1,0,-1
2021041110835,2021,041110835,1,1,0,16,19,6,2,0,0,6,0,0,1,0,1,1,2,2,1,55,8,-1,-1,-1,-1,10,E01025408,0,-1
2021031065174,2021,031065174,2,1,0,18,19,6,8,0,0,0,0,0,0,0,2,1,5,6,2,62,9,-1,-1,-1,-1,2,E01033160,0,-1
2021161047168,2021,161047168,2,21,1,5,5,6,2,0,0,1,0,0,0,0,1,1,1,1,1,39,7,-1,-1,-1,-1,5,E01027807,0,-1
2021170H10461,2021,170H10461,1,21,1,18,19,5,1,0,0,8,0,0,0,0,1,1,1,1,1,30,6,-1,-1,-1,-1,1,E01033269,0,-1
2021122101067,2021,122101067,1,9,0,18,19,4,8,0,0,1,0,0,0,0,1,1,6,6,3,-1,-1,-1,-1,-1,-1,-1,-1,0,-1
2021520201128,2021,520201128,2,9,0,18,19,1,5,0,0,8,0,0,0,0,1,1,6,6,3,30,6,-1,-1,-1,-1,-1,-1,0,-1
2021552100979,2021,552100979,1,90,0,18,19,7,3,0,0,0,0,0,0,0,4,1,6,6,3,-1,-1,-1,-1,-1,-1,-1,-1,0,-1
2021052102159,2021,052102159,1,1,0,18,19,1,5,0,0,2,0,0,0,0,1,1,1,1,1,20,4,-1,-1,-1,-1,1,E01006647,0,-1
2021440187819,2021,440187819,2,9,0,13,13,5,1,0,0,0,0,0,0,0,1,1,6,6,3,-1,-1,-1,-1,-1,-1,-1,-1,0,-1
2021010336687,2021,010336687,2,1,0,18,19,5,1,4,4,1,5,0,0,0,4,1,2,2,2,42,7,-1,-1,-1,-1,2,E01001550,0,-1
2021010298169,2021,010298169,1,-1,0,13,13,2,6,2,2,2,0,0,0,0,1,1,1,1,1,35,6,-1,-1,-1,-1,3,E01001465,1,-1
2021320322593,2021,320322593,1,1,0,18,19,8,4,0,0,0,5,0,0,0,0,1,6,6,1,66,10,-1,-1,-1,-1,5,E01007753,0,-1
202160Z082882,2021,60Z082882,1,-1,0,18,19,3,7,0,0,1,0,0,0,0,1,1,6,6,2,16,4,-1,-1,-1,-1,-1,-1,1,-1
2021221058006,2021,221058006,2,1,0,18,19,4,8,0,0,0,0,8,0,0,1,1,5,6,1,49,8,-1,-1,-1,-1,9,E01032402,0,-1
2021161039868,2021,161039868,1,9,0,18,19,1,5,0,0,8,0,10,1,3,1,1,5,6,1,77,11,-1,-1,-1,-1,1,E01013205,0,-1
2021010319996,2021,010319996,1,1,9,99,99,9,9,99,99,9,9,99,9,99,2,1,2,2,2,26,6,-1,-1,-1,-1,2,E01001755,0,-1
2021010293558,2021,010293558,1,1,9,99,99,9,9,99,99,9,9,99,9,99,2,1,6,6,1,36,7,-1,-1,-1,-1,1,E01004257,0,-1
2021010325375,2021,010325375,2,9,0,99,99,9,9,99,99,9,9,99,9,99,9,9,6,6,1,86,11,-1,-1,-1,-1,6,E01003958,0,-1
2021991052755,2021,991052755,1,4,0,18,19,5,1,9,9,0,2,0,0,0,1,1,6,6,1,25,5,-1,-1,-1,-1,2,-1,0,-1
2021010319019,2021,010319019,2,1,0,14,14,1,5,0,0,0,0,0,0,0,1,1,6,6,1,59,9,-1,-1,-1,-1,8,E01004582,0,-1
2021131038769,2021,131038769,1,9,0,18,19,2,6,0,0,8,0,0,0,0,-1,1,6,6,3,30,6,-1,-1,-1,-1,-1,-1,0,-1
2021010329441,2021,010329441,1,9,0,9,9,1,7,0,0,5,0,0,0,0,1,1,6,6,3,-1,-1,-1,-1,-1,-1,-1,-1,0,-1
2021010330964,2021,010330964,2,9,0,99,99,9,9,0,0,8,0,0,0,0,3,1,6,6,3,-1,-1,-1,-1,-1,-1,-1,-1,0,-1
2021010311602,2021,010311602,3,9,0,99,99,9,9,99,99,9,9,99,9,99,9,9,6,6,3,-1,-1,-1,-1,-1,-1,-1,-1,0,-1