collision_index,collision_year,collision_ref_no,vehicle_reference,vehicle_type,towing_and_articulation,vehicle_manoeuvre_historic,vehicle_manoeuvre,vehicle_direction_from,vehicle_direction_to,vehicle_location_restricted_lane_historic,vehicle_location_restricted_lane,junction_location,skidding_and_overturning,hit_object_in_carriageway,vehicle_leaving_carriageway,hit_object_off_carriageway,first_point_of_impact,vehicle_left_hand_drive,journey_purpose_of_driver_historic,journey_purpose_of_driver,sex_of_driver,age_of_driver,age_band_of_driver,engine_capacity_cc,propulsion_code,age_of_vehicle,generic_make_model,driver_imd_decile,lsoa_of_driver,escooter_flag,driver_distance_banding
2021332100366,2021,332100366,2,9,0,18,19,2,6,0,0,0,0,0,0,0,1,1,6,6,1,29,6,-1,-1,-1,-1,10,E01025780,0,-1
2021552100783,2021,552100783,2,1,0,16,19,5,1,4,4,0,0,0,0,0,1,1,6,6,1,64,9,-1,-1,-1,-1,3,E01015386,0,-1
2021430564025,2021,430564025,2,1,0,18,19,2,6,0,0,8,0,0,1,0,2,1,4,7,1,16,4,-1,-1,-1,-1,9,E01016679,0,-1
2021430252154,2021,430252154,1,1,0,18,19,6,2,0,0,8,0,0,0,0,3,1,6,6,2,47,8,-1,-1,-1,-1,4,E01016378,0,-1
2021522102563,2021,522102563,2,8,0,18,19,7,3,0,0,0,0,0,0,0,1,1,6,6,3,-1,-1,-1,-1,-1,-1,-1,-1,0,-1
2021471124422,2021,471124422,2,98,0,17,19,8,5,0,0,0,0,0,0,0,1,1,1,1,2,31,6,-1,-1,-1,-1,6,E01031777,0,-1
2021061078683,2021,061078683,2,9,0,18,19,1,1,0,0,0,0,0,0,0,2,1,2,2,1,33,6,-1,-1,-1,-1,7,E01005912,0,-1
202131A185321,2021,31A185321,2,9,0,7,7,8,2,0,0,5,0,0,0,0,0,1,6,6,3,-1,-1,-1,-1,-1,-1,-1,-1,0,-1
202160Z097341,2021,60Z097341,1,5,0,16,19,5,1,0,0,0,5,0,0,0,1,1,6,6,1,38,7,-1,-1,-1,-1,-1,-1,0,-1
2021520102774,2021,520102774,2,9,0,18,19,2,6,0,0,0,0,0,0,0,4,1,6,6,1,66,10,-1,-1,-1,-1,6,E01029285,0,-1
2021522104313,2021,522104313,1,9,0,18,19,1,5,0,0,3,0,0,0,0,3,1,6,6,2,23,5,-1,-1,-1,-1,2,E01032474,0,-1
2021351100071,2021,351100071,2,9,0,5,5,7,5,0,0,1,0,0,0,0,4,1,1,1,1,34,6,-1,-1,-1,-1,3,E01010089,0,-1
2021010303353,2021,010303353,2,1,0,9,9,1,7,4,4,1,0,7,0,0,2,1,2,2,2,30,6,-1,-1,-1,-1,3,E01002564,0,-1
2021461072310,2021,461072310,1,1,0,18,19,5,1,9,9,0,0,0,0,0,0,1,5,6,1,13,3,-1,-1,-1,-1,8,E01024434,0,-1
2021010344375,2021,010344375,2,1,0,18,19,5,1,0,0,2,0,4,0,0,1,1,2,2,1,38,7,-1,-1,-1,-1,2,E01003086,0,-1
2021301127723,2021,301127723,1,9,0,12,12,5,1,0,0,0,0,0,0,0,3,1,6,6,3,-1,-1,-1,-1,-1,-1,-1,-1,0,-1
2021622100363,2021,622100363,1,9,0,18,19,4,8,0,0,0,0,0,0,0,1,1,6,6,1,34,6,-1,-1,-1,-1,5,W01000522,0,-1
2021320346307,2021,320346307,2,90,0,18,19,2,6,0,0,1,0,0,0,0,1,1,6,6,2,29,6,-1,-1,-1,-1,1,E01026150,0,-1
2021052101536,2021,052101536,1,19,0,1,1,7,3,0,0,1,0,0,0,0,2,1,6,6,3,-1,-1,-1,-1,-1,-1,-1,-1,0,-1
2021010348752,2021,010348752,1,3,9,3,3,6,2,99,99,1,9,0,0,0,1,1,6,6,1,-1,-1,-1,-1,-1,-1,4,E01003133,0,-1
2021411133918,2021,411133918,1,9,-1,18,19,1,7,-1,-1,0,0,0,-1,0,1,1,6,6,3,-1,-1,-1,-1,-1,-1,-1,-1,0,-1
2021041055027,2021,041055027,2,1,0,18,19,7,3,0,0,8,0,0,0,0,1,1,1,1,1,56,9,-1,-1,-1,-1,2,E01025381,0,-1
2021522200286,2021,522200286,2,1,0,18,19,5,1,0,0,0,0,0,0,0,1,1,6,6,1,53,8,-1,-1,-1,-1,8,E01014709,0,-1
2021010294453,2021,010294453,1,9,0,5,5,7,3,0,0,8,0,0,0,0,1,1,6,6,3,-1,-1,-1,-1,-1,-1,-1,-1,0,-1
2021991015781,2021,991015781,1,9,0,18,19,6,2,0,0,1,0,0,0,0,1,1,6,6,1,44,7,-1,-1,-1,-1,2,-1,0,-1
2021141038483,2021,141038483,3,16,0,18,19,1,5,5,5,0,0,0,0,0,0,1,6,6,2,15,3,-1,-1,-1,-1,6,E01007912,0,-1
2021501040752,2021,501040752,1,9,0,4,4,3,7,0,0,0,0,0,0,0,1,1,6,6,1,-1,-1,-1,-1,-1,-1,-1,-1,0,-1
2021361021506,2021,361021506,1,9,0,18,19,7,3,0,0,0,2,0,7,0,1,1,5,6,1,20,4,-1,-1,-1,-1,7,E01026673,0,-1
2021430134697,2021,430134697,1,1,0,18,19,4,8,0,0,4,0,0,0,0,2,1,6,6,1,31,6,-1,-1,-1,-1,10,E01016693,0,-1
2021520104051,2021,520104051,2,9,0,13,13,1,5,0,0,0,0,0,0,0,4,1,6,6,3,-1,-1,-1,-1,-1,-1,-1,-1,0,-1
2021010335698,2021,010335698,1,1,0,18,19,1,5,99,99,9,0,0,9,0,9,1,6,6,1,-1,-1,-1,-1,-1,-1,-1,-1,0,-1
2021161058531,2021,161058531,2,1,0,18,19,1,5,0,0,1,0,0,0,0,1,1,6,6,1,36,7,-1,-1,-1,-1,1,E01012833,0,-1
2021361046311,2021,361046311,2,1,0,-1,-1,1,5,0,0,0,0,0,0,0,1,1,4,7,1,15,3,-1,-1,-1,-1,10,E01026546,0,-1
2021451088638,2021,451088638,1,19,0,18,19,1,4,0,0,6,0,0,0,0,4,1,6,6,3,35,6,-1,-1,-1,-1,-1,-1,0,-1
202163C034721,2021,63C034721,1,9,0,18,19,3,7,0,0,8,0,0,3,2,1,1,2,2,1,20,4,-1,-1,-1,-1,4,W01000605,0,-1
2021061109602,2021,061109602,2,1,0,18,19,7,3,0,0,8,0,0,0,0,3,1,6,6,2,41,7,-1,-1,-1,-1,4,E01006110,0,-1
202160Z173419,2021,60Z173419,2,9,0,18,19,2,6,0,0,0,0,0,1,0,3,1,1,1,1,22,5,-1,-1,-1,-1,-1,-1,0,-1
2021522102550,2021,522102550,2,1,0,18,19,4,8,0,0,8,0,0,0,0,1,1,6,6,1,32,6,-1,-1,-1,-1,8,E01014374,0,-1
202160Z034167,2021,60Z034167,2,98,0,3,3,6,2,0,0,1,0,0,0,0,2,1,1,1,1,26,6,-1,-1,-1,-1,-1,-1,0,-1
2021430558099,2021,430558099,1,9,0,18,19,4,8,0,0,0,0,0,0,0,1,1,2,2,1,21,5,-1,-1,-1,-1,4,E01019639,0,-1
2021501112586,2021,501112586,1,9,0,18,19,7,3,0,0,0,0,0,0,0,1,1,5,6,1,58,9,-1,-1,-1,-1,9,E01020128,0,-1
2021010348650,2021,010348650,2,1,0,18,19,5,1,0,0,2,0,0,0,0,2,1,2,2,1,32,6,-1,-1,-1,-1,2,E01033712,0,-1
202160Z108508,2021,60Z108508,2,1,0,18,19,8,4,0,0,0,0,0,0,0,0,1,6,6,1,54,8,-1,-1,-1,-1,-1,-1,0,-1
2021451100592,2021,451100592,2,9,0,18,19,5,5,0,0,0,0,0,0,0,1,1,6,6,1,35,6,-1,-1,-1,-1,-1,-1,0,-1
2021170M11841,2021,170M11841,2,9,0,3,3,3,7,0,0,1,0,0,0,0,1,1,6,6,2,20,4,-1,-1,-1,-1,3,E01012239,0,-1
2021221112634,2021,221112634,2,1,0,18,19,8,4,0,0,8,0,0,0,0,2,1,2,2,1,62,9,-1,-1,-1,-1,3,E01014141,0,-1
2021302100339,2021,302100339,2,1,0,18,19,6,2,0,0,8,0,0,0,0,1,1,6,6,1,30,6,-1,-1,-1,-1,2,E01013512,0,-1
2021052101167,2021,052101167,3,9,0,18,19,1,5,0,0,0,0,0,0,0,2,1,6,6,2,29,6,-1,-1,-1,-1,3,E01007253,0,-1
2021211130710,2021,211130710,2,9,-1,-1,-1,1,5,-1,-1,-1,-1,0,-1,0,-1,1,1,1,1,49,8,-1,-1,-1,-1,3,E01014257,0,-1
2021610029021,2021,610029021,2,9,0,2,2,0,0,0,0,0,0,0,0,0,2,1,6,6,2,54,8,-1,-1,-1,-1,-1,-1,0,-1
2021531064057,2021,531064057,1,9,0,18,19,-1,-1,0,0,0,0,0,0,0,1,1,6,6,3,-1,-1,-1,-1,-1,-1,-1,-1,0,-1
2021991141965,2021,991141965,1,9,0,18,19,1,5,0,0,0,0,0,0,0,1,1,6,6,2,50,8,-1,-1,-1,-1,-1,-1,0,-1
2021211030317,2021,211030317,2,22,0,18,19,1,5,0,0,0,0,0,0,0,2,1,6,6,2,76,11,-1,-1,-1,-1,3,E01029691,0,-1
2021211089067,2021,211089067,1,9,0,18,19,-1,-1,0,0,0,0,0,0,0,1,1,6,6,3,-1,-1,-1,-1,-1,-1,-1,-1,0,-1
2021332100803,2021,332100803,1,9,0,5,5,8,4,0,0,0,0,0,0,0,1,1,6,6,2,28,6,-1,-1,-1,-1,4,E01025957,0,-1
2021522102483,2021,522102483,2,9,0,18,19,7,5,0,0,8,0,0,0,0,1,1,6,6,3,-1,-1,-1,-1,-1,-1,-1,-1,0,-1
202160Z093926,2021,60Z093926,1,9,0,18,19,5,6,0,0,8,0,0,0,0,1,1,2,2,2,52,8,-1,-1,-1,-1,-1,-1,0,-1
2021070155218,2021,070155218,2,9,0,2,2,0,0,0,0,0,0,4,0,0,2,1,3,7,2,52,8,-1,-1,-1,-1,1,E01018520,0,-1
2021520104463,2021,520104463,2,9,0,18,19,5,1,0,0,0,0,0,0,0,1,1,6,6,2,25,5,-1,-1,-1,-1,6,E01029231,0,-1
2021320383627,2021,320383627,1,22,0,18,19,4,8,9,9,0,0,0,0,0,1,1,6,6,1,60,9,-1,-1,-1,-1,-1,-1,0,-1
2021471023233,2021,471023233,1,98,0,18,19,6,2,0,0,1,0,0,0,0,-1,1,6,6,3,-1,-1,-1,-1,-1,-1,-1,-1,0,-1
2021552100971,2021,552100971,1,9,0,9,9,6,4,0,0,5,0,0,0,0,1,1,6,6,3,-1,-1,-1,-1,-1,-1,-1,-1,0,-1
202160Z040817,2021,60Z040817,1,9,0,1,1,7,3,0,0,0,0,0,0,0,2,1,6,6,1,32,6,-1,-1,-1,-1,-1,-1,0,-1
2021041025345,2021,041025345,2,1,0,18,19,3,7,0,0,0,2,0,0,0,3,1,5,6,1,16,4,-1,-1,-1,-1,6,E01025031,0,-1
2021111073536,2021,111073536,1,9,0,9,9,6,2,0,0,1,0,0,0,0,3,1,6,6,3,-1,-1,-1,-1,-1,-1,-1,-1,0,-1
2021351039758,2021,351039758,2,9,0,4,4,7,3,0,0,0,0,0,0,0,2,1,1,1,2,27,6,-1,-1,-1,-1,2,E01015660,0,-1
2021332100897,2021,332100897,2,8,0,18,19,6,2,2,2,8,0,0,0,0,1,1,1,1,1,62,9,-1,-1,-1,-1,7,E01013783,0,-1
2021131051116,2021,131051116,2,1,0,18,19,5,1,0,0,1,0,0,0,0,1,1,5,6,1,27,6,-1,-1,-1,-1,1,E01010813,0,-1
2021111018250,2021,111018250,4,9,0,2,2,1,5,0,0,1,0,0,0,0,2,1,6,6,3,-1,-1,-1,-1,-1,-1,-1,-1,0,-1
2021361085792,2021,361085792,2,1,0,18,19,1,5,0,0,0,5,0,0,0,3,1,5,6,1,17,4,-1,-1,-1,-1,2,E01026633,0,-1
2021101022340,2021,101022340,1,1,0,18,19,2,7,0,0,0,0,0,0,0,1,1,1,1,1,35,6,-1,-1,-1,-1,1,E01008392,0,-1
2021111096294,2021,111096294,2,16,0,18,19,5,1,0,0,0,0,0,0,0,0,1,5,6,2,16,4,-1,-1,-1,-1,3,E01020591,0,-1
2021221021654,2021,221021654,4,9,0,3,3,8,4,0,0,1,0,0,0,0,3,1,5,6,2,50,8,-1,-1,-1,-1,4,E01014009,0,-1
2021522102119,2021,522102119,1,90,0,18,19,1,5,4,4,0,0,0,0,0,1,1,6,6,2,20,4,-1,-1,-1,-1,-1,-1,0,-1
2021430502499,2021,430502499,2,9,0,18,19,5,1,0,0,1,0,0,0,0,1,1,6,6,3,-1,-1,-1,-1,-1,-1,-1,-1,0,-1
2021332100941,2021,332100941,1,9,0,18,19,2,6,0,0,0,0,0,1,0,3,1,6,6,2,49,8,-1,-1,-1,-1,7,E01025909,0,-1
2021010331203,2021,010331203,1,9,0,4,4,5,1,9,9,1,0,0,7,11,1,1,1,1,1,30,6,-1,-1,-1,-1,2,E01004129,0,-1
2021201130714,2021,201130714,1,9,0,7,7,2,4,0,0,6,0,0,0,0,1,1,6,6,1,-1,-1,-1,-1,-1,-1,-1,-1,0,-1
2021010318326,2021,010318326,2,9,0,99,99,9,9,99,99,9,9,99,9,99,1,9,6,6,3,-1,-1,-1,-1,-1,-1,-1,-1,0,-1
2021122101198,2021,122101198,2,1,0,18,19,3,7,0,0,1,0,0,0,0,3,1,6,6,1,17,4,-1,-1,-1,-1,10,E01027639,0,-1
2021061130146,2021,061130146,1,1,0,18,19,5,1,5,5,8,1,0,0,0,3,1,2,2,2,24,5,-1,-1,-1,-1,6,E01005159,0,-1
2021440188397,2021,440188397,1,1,0,18,19,1,5,0,0,0,0,0,0,0,2,1,6,6,1,19,4,-1,-1,-1,-1,6,E01022673,0,-1
2021041043717,2021,041043717,1,-1,0,18,19,1,5,0,0,8,0,0,0,0,4,1,5,6,2,10,2,-1,-1,-1,-1,5,E01025153,1,-1
2021131044605,2021,131044605,2,9,0,4,4,1,5,0,0,0,0,0,0,0,2,1,6,6,1,44,7,-1,-1,-1,-1,1,E01010839,0,-1
2021440010543,2021,440010543,2,1,0,9,9,2,8,0,0,8,0,0,0,0,3,1,6,6,1,28,6,-1,-1,-1,-1,5,E01022800,0,-1
2021010345257,2021,010345257,2,8,0,99,99,9,9,99,99,9,9,99,9,99,1,9,6,6,3,-1,-1,-1,-1,-1,-1,-1,-1,0,-1
2021010339409,2021,010339409,2,9,9,99,99,9,9,99,99,9,9,99,9,99,9,9,6,6,3,-1,-1,-1,-1,-1,-1,-1,-1,0,-1
2021052101342,2021,052101342,2,1,0,18,19,7,3,0,0,0,0,0,0,0,1,1,6,6,1,40,7,-1,-1,-1,-1,5,E01007057,0,-1
2021332100286,2021,332100286,1,90,0,6,6,2,2,5,5,0,0,0,0,0,4,1,1,1,2,-1,-1,-1,-1,-1,-1,-1,-1,0,-1
202131D156521,2021,31D156521,2,1,0,18,19,5,1,9,9,8,0,0,0,0,3,1,6,6,1,53,8,-1,-1,-1,-1,4,E01028130,0,-1
2021332100564,2021,332100564,2,9,0,16,19,3,6,0,0,0,5,0,1,9,1,1,6,6,1,76,11,-1,-1,-1,-1,9,E01013800,0,-1
2021430192588,2021,430192588,1,-1,0,18,19,3,7,0,0,0,0,0,0,0,1,1,6,6,3,-1,-1,-1,-1,-1,-1,-1,-1,1,-1
2021010324170,2021,010324170,2,1,0,15,15,3,7,0,0,8,0,0,0,0,2,1,1,1,1,23,5,-1,-1,-1,-1,1,E01004300,0,-1
2021010339638,2021,010339638,1,1,9,99,99,9,9,99,99,9,9,99,9,99,9,1,2,2,1,48,8,-1,-1,-1,-1,7,E01001968,0,-1
2021351066510,2021,351066510,1,9,-1,-1,-1,-1,-1,-1,-1,-1,-1,-1,-1,0,-1,1,6,6,3,-1,-1,-1,-1,-1,-1,-1,-1,0,-1
2021211113809,2021,211113809,1,9,0,18,19,1,5,0,0,0,0,0,0,0,4,1,6,6,3,-1,-1,-1,-1,-1,-1,-1,-1,0,-1
2021501107135,2021,501107135,2,1,0,18,19,2,6,0,0,1,0,0,0,0,3,1,2,2,1,48,8,-1,-1,-1,-1,2,E01015086,0,-1
2021131105899,2021,131105899,1,98,0,-1,-1,-1,-1,-1,-1,0,-1,-1,-1,-1,-1,1,6,6,3,-1,-1,-1,-1,-1,-1,-1,-1,0,-1
2021501085599,2021,501085599,1,9,3,16,19,1,5,0,0,0,0,0,0,0,3,1,5,6,3,-1,-1,-1,-1,-1,-1,-1,-1,0,-1
2021430556196,2021,430556196,1,8,0,18,19,4,8,0,0,0,0,0,0,0,0,1,1,1,1,-1,-1,-1,-1,-1,-1,-1,-1,0,-1
2021481026736,2021,481026736,1,19,0,9,9,7,5,0,0,8,0,0,0,0,4,1,5,6,1,45,7,-1,-1,-1,-1,5,E01028533,0,-1
2021991075184,2021,991075184,2,1,0,16,19,7,4,0,0,0,0,0,0,0,3,1,5,6,1,60,9,-1,-1,-1,-1,10,-1,0,-1
2021351114841,2021,351114841,1,9,0,18,19,6,2,0,0,0,-1,0,0,0,3,1,6,6,3,-1,-1,-1,-1,-1,-1,-1,-1,0,-1
2021549329621,2021,549329621,2,16,0,18,19,1,5,0,0,2,0,0,0,0,3,1,6,6,2,26,6,-1,-1,-1,-1,9,E01032026,0,-1
2021991086744,2021,991086744,3,9,0,3,3,1,5,0,0,2,0,0,0,0,4,1,1,1,1,67,10,-1,-1,-1,-1,2,-1,0,-1
2021010319505,2021,010319505,1,9,9,99,99,9,9,99,99,9,9,99,9,99,9,9,6,6,3,-1,-1,-1,-1,-1,-1,-1,-1,0,-1
2021481132799,2021,481132799,1,1,0,18,19,5,1,0,0,8,0,0,0,0,1,1,5,6,1,34,6,-1,-1,-1,-1,1,E01004204,0,-1
2021520102930,2021,520102930,2,9,0,5,5,0,7,0,0,0,0,0,0,0,3,1,6,6,2,20,4,-1,-1,-1,-1,-1,-1,0,-1
2021010310584,2021,010310584,1,1,9,99,99,9,9,99,99,9,9,99,9,99,2,1,6,6,1,37,7,-1,-1,-1,-1,7,E01002111,0,-1
2021361065336,2021,361065336,5,9,0,18,19,2,6,0,0,0,0,0,0,0,2,1,1,1,1,39,7,-1,-1,-1,-1,8,E01033538,0,-1
2021430492629,2021,430492629,2,5,0,18,19,6,2,0,0,8,0,0,0,0,1,1,2,2,1,41,7,-1,-1,-1,-1,10,E01016598,0,-1
2021320718821,2021,320718821,2,19,0,18,19,4,8,0,0,1,0,0,0,0,4,2,1,1,1,49,8,-1,-1,-1,-1,-1,-1,0,-1
2021552101404,2021,552101404,1,9,0,18,19,2,5,0,0,5,0,0,0,0,1,1,6,6,3,-1,-1,-1,-1,-1,-1,-1,-1,0,-1
2021522104657,2021,522104657,1,9,0,18,19,1,5,0,0,0,0,0,0,0,1,1,6,6,1,30,6,-1,-1,-1,-1,7,W01001407,0,-1
2021010331012,2021,010331012,1,1,9,99,99,9,9,99,99,9,9,99,9,99,9,1,2,2,3,27,6,-1,-1,-1,-1,2,E01033578,0,-1
2021010342980,2021,010342980,2,1,0,18,19,7,3,0,0,1,0,0,0,0,1,1,6,6,1,41,7,-1,-1,-1,-1,1,E01001788,0,-1
2021991052702,2021,991052702,2,1,0,9,9,3,1,0,0,3,0,0,0,0,1,1,6,6,1,17,4,-1,-1,-1,-1,2,-1,0,-1
202160Z101942,2021,60Z101942,1,11,0,13,13,5,1,0,0,0,0,0,0,0,1,1,1,1,1,44,7,-1,-1,-1,-1,-1,-1,0,-1
2021052100849,2021,052100849,2,1,0,18,19,1,5,0,0,1,0,0,0,0,4,1,6,6,1,57,9,-1,-1,-1,-1,2,E01006565,0,-1
2021471050991,2021,471050991,2,1,0,3,3,1,5,0,0,1,0,0,0,0,2,1,6,6,2,49,8,-1,-1,-1,-1,3,E01031830,0,-1
202154A184121,2021,54A184121,2,1,0,18,19,4,8,9,9,1,0,0,0,0,1,1,6,6,1,16,4,-1,-1,-1,-1,10,E01032097,0,-1
2021421025961,2021,421025961,1,9,0,18,19,3,7,0,0,0,0,0,0,0,1,1,6,6,3,-1,-1,-1,-1,-1,-1,-1,-1,0,-1
2021141081387,2021,141081387,1,97,0,-1,-1,-1,-1,-1,-1,1,-1,-1,-1,0,-1,1,6,6,3,-1,-1,-1,-1,-1,-1,-1,-1,0,-1
202106A080107,2021,06A080107,2,9,0,18,19,5,7,0,0,1,0,0,0,0,1,1,6,6,3,30,6,-1,-1,-1,-1,-1,-1,0,-1
2021332100418,2021,332100418,1,9,0,9,9,4,2,0,0,5,0,0,0,0,1,1,6,6,1,19,4,-1,-1,-1,-1,9,E01013703,0,-1
2021361130520,2021,361130520,2,9,0,18,19,6,3,0,0,0,5,0,1,10,1,1,5,6,1,46,8,-1,-1,-1,-1,6,E01026764,0,-1
2021221117814,2021,221117814,2,1,0,18,19,5,1,0,0,8,0,9,0,0,4,1,2,2,1,23,5,-1,-1,-1,-1,2,E01014125,0,-1
2021010304356,2021,010304356,2,90,9,99,99,9,9,99,99,0,9,99,9,99,9,9,6,6,3,-1,-1,-1,-1,-1,-1,-1,-1,0,-1
2021302101617,2021,302101617,3,9,0,18,19,8,4,0,0,2,0,0,0,0,0,1,6,6,3,-1,-1,-1,-1,-1,-1,5,E01019456,0,-1
202134NNC3661,2021,34NNC3661,2,-1,0,18,19,3,7,0,0,2,0,0,0,0,3,1,6,6,2,18,4,-1,-1,-1,-1,7,E01026978,1,-1
2021552100787,2021,552100787,1,19,0,18,19,5,1,0,0,1,0,0,0,0,1,1,1,1,1,-1,-1,-1,-1,-1,-1,-1,-1,0,-1
2021991042072,2021,991042072,2,1,0,18,19,8,4,0,0,1,0,0,0,0,1,1,6,6,1,56,9,-1,-1,-1,-1,1,-1,0,-1
2021522103167,2021,522103167,2,1,0,18,19,3,7,0,0,8,0,0,0,0,1,1,6,6,2,57,9,-1,-1,-1,-1,2,E01014810,0,-1
2021411114166,2021,411114166,2,1,0,18,19,1,5,0,0,0,0,0,0,0,1,1,5,6,1,19,4,-1,-1,-1,-1,7,E01033023,0,-1
2021430321973,2021,430321973,1,1,0,18,19,8,2,0,0,0,0,0,0,0,3,1,2,2,1,49,8,-1,-1,-1,-1,10,E01017737,0,-1
2021010343273,2021,010343273,3,1,0,18,19,2,6,0,0,1,0,0,0,0,1,1,6,6,1,31,6,-1,-1,-1,-1,5,E01033494,0,-1
2021610025921,2021,610025921,1,9,0,18,19,8,4,0,0,0,0,0,0,0,1,1,6,6,1,34,6,-1,-1,-1,-1,-1,-1,0,-1
2021421011366,2021,421011366,1,9,0,18,19,3,7,0,0,0,0,0,7,0,1,1,5,6,1,57,9,-1,-1,-1,-1,10,E01033053,0,-1
2021610022721,2021,610022721,2,1,0,18,19,8,4,0,0,5,0,0,0,0,1,1,6,6,1,14,3,-1,-1,-1,-1,-1,-1,0,-1
2021010322596,2021,010322596,2,9,0,99,99,9,9,99,99,0,9,99,9,99,0,9,6,6,3,-1,-1,-1,-1,-1,-1,-1,-1,0,-1
202160Z082354,2021,60Z082354,2,5,0,17,19,1,5,0,0,0,0,0,0,0,3,1,6,6,1,36,7,-1,-1,-1,-1,-1,-1,0,-1
2021221042056,2021,221042056,1,9,0,18,19,5,1,0,0,8,0,0,0,0,1,1,6,6,3,-1,-1,-1,-1,-1,-1,-1,-1,0,-1
2021010298239,2021,010298239,2,-1,0,18,19,7,3,0,0,9,0,0,0,0,9,9,6,6,1,34,6,-1,-1,-1,-1,5,E01003276,1,-1
2021461050818,2021,461050818,1,-1,0,18,19,5,1,0,0,0,0,0,0,0,1,1,6,6,1,-1,-1,-1,-1,-1,-1,-1,-1,1,-1
202163A048321,2021,63A048321,2,5,0,17,19,8,5,0,0,0,0,0,2,7,1,1,6,6,1,25,5,-1,-1,-1,-1,1,W01001381,0,-1
202160Z140796,2021,60Z140796,1,9,0,18,19,6,2,0,0,2,0,0,0,0,1,1,6,6,3,-1,-1,-1,-1,-1,-1,-1,-1,0,-1
2021332100615,2021,332100615,1,9,0,11,11,5,1,2,2,0,0,0,0,0,1,1,2,2,2,39,7,-1,-1,-1,-1,10,E01025624,0,-1
2021010306147,2021,010306147,1,1,9,99,99,9,9,99,99,9,9,99,9,99,1,1,6,6,1,24,5,-1,-1,-1,-1,3,E01001969,0,-1
2021351088309,2021,351088309,2,1,0,18,19,6,3,9,9,0,0,0,0,0,1,1,5,6,1,52,8,-1,-1,-1,-1,3,E01018066,0,-1
2021010304913,2021,010304913,1,1,9,99,99,9,9,99,99,9,9,99,9,99,9,1,6,6,1,18,4,-1,-1,-1,-1,7,E01002474,0,-1
2021320300446,2021,320300446,1,5,0,16,19,2,5,0,0,0,5,0,0,0,4,1,6,6,1,56,9,-1,-1,-1,-1,7,E01026185,0,-1
2021070075587,2021,070075587,2,9,0,9,9,1,7,0,0,6,0,0,0,0,3,1,6,6,1,50,8,-1,-1,-1,-1,-1,-1,0,-1
2021552100494,2021,552100494,2,1,0,18,19,6,2,0,0,8,0,0,0,0,1,1,6,6,1,52,8,-1,-1,-1,-1,9,E01020505,0,-1
202160Z028124,2021,60Z028124,2,1,0,18,19,5,1,0,0,1,0,0,0,0,1,1,6,6,1,62,9,-1,-1,-1,-1,-1,-1,0,-1
2021052101754,2021,052101754,3,9,0,2,2,0,0,0,0,0,0,0,0,0,2,1,6,6,2,25,5,-1,-1,-1,-1,1,E01006542,0,-1
2021010300357,2021,010300357,1,1,9,99,99,9,9,99,99,9,9,99,9,99,1,1,6,6,1,44,7,-1,-1,-1,-1,2,E01033491,0,-1
2021161064948,2021,161064948,1,3,0,18,19,5,1,0,0,8,0,0,0,0,3,1,5,6,1,24,5,-1,-1,-1,-1,3,E01012913,0,-1
202163A085621,2021,63A085621,2,1,0,18,19,4,8,0,0,0,0,0,0,0,2,1,6,6,1,12,3,-1,-1,-1,-1,-1,-1,0,-1
2021430310795,2021,430310795,1,-1,0,18,19,3,7,0,0,0,0,0,0,0,1,1,6,6,1,19,4,-1,-1,-1,-1,5,E01016766,1,-1
2021201041774,2021,201041774,1,1,0,17,19,3,1,0,0,0,0,0,0,0,1,1,4,7,1,13,3,-1,-1,-1,-1,5,E01009712,0,-1
2021430261114,2021,430261114,1,1,0,18,19,5,1,0,0,0,0,0,0,0,1,1,6,6,1,50,8,-1,-1,-1,-1,-1,-1,0,-1
2021991115947,2021,991115947,2,1,0,18,19,6,2,0,0,1,0,0,0,0,4,1,5,6,2,23,5,-1,-1,-1,-1,4,-1,0,-1
2021101114522,2021,101114522,1,9,0,3,3,1,5,0,0,1,0,0,0,0,1,1,6,6,2,-1,-1,-1,-1,-1,-1,-1,-1,0,-1
2021122100479,2021,122100479,1,1,0,18,19,6,2,0,0,0,1,0,0,0,0,1,6,6,1,43,7,-1,-1,-1,-1,10,E01023919,0,-1
2021041047037,2021,041047037,1,9,0,18,19,-1,-1,0,0,2,0,0,0,0,1,1,6,6,3,-1,-1,-1,-1,-1,-1,-1,-1,0,-1
2021991084222,2021,991084222,2,19,0,7,7,7,3,0,0,2,0,0,0,0,1,1,6,6,2,18,4,-1,-1,-1,-1,-1,-1,0,-1
2021070339245,2021,070339245,2,1,0,18,19,6,4,0,0,3,0,0,0,0,2,1,6,6,1,74,10,-1,-1,-1,-1,9,E01012376,0,-1
2021451039693,2021,451039693,1,9,0,18,19,3,1,0,0,4,0,0,0,0,0,1,6,6,3,40,7,-1,-1,-1,-1,-1,-1,0,-1
2021522101494,2021,522101494,2,1,0,18,19,4,8,0,0,1,0,0,0,0,1,1,6,6,1,29,6,-1,-1,-1,-1,3,E01014499,0,-1
2021201081579,2021,201081579,1,9,0,18,19,2,6,0,0,8,0,0,0,0,1,1,6,6,1,58,9,-1,-1,-1,-1,1,E01010062,0,-1
2021010296942,2021,010296942,1,1,9,99,99,9,9,99,99,9,9,99,9,99,1,1,6,6,1,38,7,-1,-1,-1,-1,6,E01001401,0,-1
2021430065257,2021,430065257,1,1,0,17,19,5,2,0,0,1,1,0,0,0,4,1,6,6,1,45,7,-1,-1,-1,-1,-1,-1,0,-1
2021622100696,2021,622100696,2,1,0,18,19,6,2,0,0,0,0,0,0,0,2,1,6,6,1,19,4,-1,-1,-1,-1,2,W01001751,0,-1
2021430226718,2021,430226718,2,9,0,13,13,2,6,0,0,1,0,0,0,0,4,1,6,6,1,-1,-1,-1,-1,-1,-1,-1,-1,0,-1
2021430211379,2021,430211379,1,1,0,18,19,3,7,0,0,0,0,0,0,0,2,1,6,6,1,40,7,-1,-1,-1,-1,5,E01023677,0,-1
2021010306443,2021,010306443,1,1,9,99,99,9,9,99,99,9,9,99,9,99,9,1,2,2,1,41,7,-1,-1,-1,-1,4,E01000769,0,-1
2021052102293,2021,052102293,1,1,0,18,19,3,7,0,0,0,0,0,0,0,1,1,6,6,3,-1,-1,-1,-1,-1,-1,-1,-1,0,-1
2021041033622,2021,041033622,2,1,0,18,19,5,1,4,4,1,0,0,0,0,1,1,5,6,1,60,9,-1,-1,-1,-1,1,E01024987,0,-1