collision_index,collision_year,collision_ref_no,vehicle_reference,vehicle_type,towing_and_articulation,vehicle_manoeuvre_historic,vehicle_manoeuvre,vehicle_direction_from,vehicle_direction_to,vehicle_location_restricted_lane_historic,vehicle_location_restricted_lane,junction_location,skidding_and_overturning,hit_object_in_carriageway,vehicle_leaving_carriageway,hit_object_off_carriageway,first_point_of_impact,vehicle_left_hand_drive,journey_purpose_of_driver_historic,journey_purpose_of_driver,sex_of_driver,age_of_driver,age_band_of_driver,engine_capacity_cc,propulsion_code,age_of_vehicle,generic_make_model,driver_imd_decile,lsoa_of_driver,escooter_flag,driver_distance_banding
2021141074458,2021,141074458,2,19,0,12,12,1,5,0,0,0,0,0,0,0,2,1,6,6,3,-1,-1,-1,-1,-1,-1,-1,-1,0,-1
202163C104921,2021,63C104921,1,9,0,18,19,2,6,0,0,1,0,0,0,0,1,1,6,6,1,61,9,-1,-1,-1,-1,5,E01004522,0,-1
2021070359983,2021,070359983,1,9,0,18,19,5,1,0,0,6,0,0,0,0,1,1,6,6,1,-1,-1,-1,-1,-1,-1,-1,-1,0,-1
2021101125337,2021,101125337,1,90,-1,18,19,7,3,0,0,0,0,0,0,0,1,1,6,6,3,-1,-1,-1,-1,-1,-1,-1,-1,0,-1
2021031097454,2021,031097454,1,9,0,5,5,3,7,0,0,6,0,0,0,0,1,1,3,7,1,32,6,-1,-1,-1,-1,2,E01033160,0,-1
2021161068068,2021,161068068,1,9,0,7,7,8,2,0,0,6,0,0,0,0,0,1,6,6,3,-1,-1,-1,-1,-1,-1,-1,-1,0,-1
2021010331175,2021,010331175,1,9,0,99,99,9,9,99,99,9,9,99,9,99,9,9,6,6,3,-1,-1,-1,-1,-1,-1,-1,-1,0,-1
2021991098135,2021,991098135,2,9,0,10,10,1,6,0,0,6,0,0,0,0,1,1,6,6,3,17,4,-1,-1,-1,-1,-1,-1,0,-1
2021052101089,2021,052101089,2,1,0,17,19,3,8,0,0,1,0,0,0,0,1,1,2,2,1,45,7,-1,-1,-1,-1,3,E01007038,0,-1
2021522105113,2021,522105113,1,9,0,18,19,7,3,0,0,8,0,0,0,0,1,1,6,6,1,46,8,-1,-1,-1,-1,6,E01014539,0,-1
2021332100455,2021,332100455,2,9,0,4,4,5,1,0,0,0,0,0,0,0,2,1,6,6,2,39,7,-1,-1,-1,-1,7,E01013685,0,-1
2021548028521,2021,548028521,1,9,0,18,19,1,5,0,0,0,0,0,0,0,9,1,6,6,3,-1,-1,-1,-1,-1,-1,-1,-1,0,-1
2021451049429,2021,451049429,1,1,0,18,19,1,5,0,0,0,1,0,0,0,0,1,5,6,1,49,8,-1,-1,-1,-1,10,E01030597,0,-1
2021070757575,2021,070757575,2,1,0,5,5,1,5,0,0,0,5,0,7,0,0,1,6,6,1,57,9,-1,-1,-1,-1,2,E01012433,0,-1
2021101019771,2021,101019771,1,1,0,16,19,3,7,0,0,0,0,0,0,0,1,1,1,1,1,14,3,-1,-1,-1,-1,10,E01027458,0,-1
2021161126070,2021,161126070,1,11,0,4,4,3,7,2,2,0,0,0,0,0,1,1,1,1,1,61,9,-1,-1,-1,-1,1,E01012834,0,-1
2021010341203,2021,010341203,2,1,0,9,9,7,5,0,0,6,0,0,0,0,3,1,6,6,2,26,6,-1,-1,-1,-1,2,E01003299,0,-1
2021010310095,2021,010310095,3,8,0,3,3,3,7,0,0,0,0,0,0,0,4,1,1,1,1,42,7,-1,-1,-1,-1,3,E01001548,0,-1
2021061035103,2021,061035103,2,1,0,15,15,3,7,0,0,1,0,0,0,0,1,1,1,1,1,30,6,-1,-1,-1,-1,7,E01005701,0,-1
2021010312011,2021,010312011,1,1,0,15,15,5,1,4,4,1,0,0,1,0,1,1,2,2,1,33,6,-1,-1,-1,-1,5,E01003072,0,-1
2021010336154,2021,010336154,1,1,9,18,19,7,3,99,99,9,9,99,9,99,1,1,6,6,1,43,7,-1,-1,-1,-1,2,E01004327,0,-1
2021531116149,2021,531116149,1,9,0,5,5,-1,-1,0,0,0,0,0,0,0,4,1,6,6,2,-1,-1,-1,-1,-1,-1,-1,-1,0,-1
2021041024946,2021,041024946,2,1,0,18,19,3,7,0,0,0,0,0,0,0,1,1,6,6,1,15,3,-1,-1,-1,-1,4,E01024871,0,-1
2021201092923,2021,201092923,1,1,0,18,19,8,4,0,0,8,5,0,0,0,3,1,6,6,1,46,8,-1,-1,-1,-1,5,E01010402,0,-1
2021471110279,2021,471110279,2,-1,0,18,19,1,5,4,4,0,0,0,0,0,4,1,6,6,1,18,4,-1,-1,-1,-1,2,E01016909,1,-1
2021430177851,2021,430177851,2,19,0,18,19,7,3,0,0,8,0,0,0,0,3,1,6,6,3,-1,-1,-1,-1,-1,-1,-1,-1,0,-1
2021111046071,2021,111046071,2,1,0,18,19,3,7,0,0,1,0,0,0,0,1,1,5,6,1,12,3,-1,-1,-1,-1,4,E01012311,0,-1
2021451048960,2021,451048960,2,98,0,18,19,5,1,0,0,0,1,0,0,0,1,2,1,1,1,37,7,-1,-1,-1,-1,-1,-1,0,-1
2021430499666,2021,430499666,2,1,0,3,3,8,2,0,0,0,0,0,0,0,3,1,6,6,1,61,9,-1,-1,-1,-1,10,E01028764,0,-1
2021610002521,2021,610002521,1,9,0,9,9,7,4,0,0,1,1,0,0,0,1,1,2,2,1,22,5,-1,-1,-1,-1,-1,-1,0,-1
2021451037878,2021,451037878,1,1,0,18,19,2,6,0,0,0,0,0,0,0,0,1,5,6,1,64,9,-1,-1,-1,-1,8,E01030735,0,-1
2021010338436,2021,010338436,2,1,0,18,19,5,1,0,0,2,0,0,0,0,1,1,6,6,1,26,6,-1,-1,-1,-1,3,E01000948,0,-1
2021501068478,2021,501068478,1,9,0,18,19,5,1,0,0,8,0,0,0,0,1,1,6,6,1,74,10,-1,-1,-1,-1,3,E01015095,0,-1
2021010328249,2021,010328249,1,11,0,5,5,3,7,0,0,1,0,0,0,0,0,1,1,1,1,32,6,-1,-1,-1,-1,2,E01001339,0,-1
2021052102612,2021,052102612,1,9,0,18,19,1,5,0,0,8,0,0,0,0,1,1,6,6,3,-1,-1,-1,-1,-1,-1,-1,-1,0,-1
2021201081245,2021,201081245,1,9,0,18,19,2,6,0,0,1,5,7,0,0,3,1,6,6,1,20,4,-1,-1,-1,-1,9,E01029617,0,-1
2021010304926,2021,010304926,1,1,0,15,15,4,8,4,4,2,0,0,0,0,1,1,6,6,2,23,5,-1,-1,-1,-1,5,E01002740,0,-1
2021411125263,2021,411125263,1,9,0,1,1,4,8,0,0,0,0,0,0,0,2,1,6,6,3,-1,-1,-1,-1,-1,-1,-1,-1,0,-1
202134WNC6481,2021,34WNC6481,2,1,0,18,19,1,5,0,0,1,0,0,2,10,3,1,6,6,1,17,4,-1,-1,-1,-1,2,E01027161,0,-1
2021010350597,2021,010350597,1,1,9,99,99,9,9,99,99,9,9,99,9,99,1,1,2,2,1,38,7,-1,-1,-1,-1,2,E01003229,0,-1
2021421016669,2021,421016669,1,9,0,18,19,2,6,0,0,0,0,0,0,0,4,1,6,6,3,-1,-1,-1,-1,-1,-1,-1,-1,0,-1
2021010330287,2021,010330287,2,1,0,18,19,7,3,4,4,1,0,0,1,0,3,1,2,2,2,49,8,-1,-1,-1,-1,2,E01004013,0,-1
2021010331499,2021,010331499,2,10,0,99,99,9,9,99,99,9,9,99,9,99,9,9,6,6,3,-1,-1,-1,-1,-1,-1,2,E01003187,0,-1
2021010312211,2021,010312211,3,1,0,3,3,3,7,0,0,1,0,0,0,0,4,1,6,6,2,28,6,-1,-1,-1,-1,2,E01003181,0,-1
2021161087547,2021,161087547,1,11,0,4,4,7,3,0,0,0,0,0,0,0,0,1,1,1,1,29,6,-1,-1,-1,-1,1,E01012945,0,-1
2021332100460,2021,332100460,1,9,0,9,9,7,5,0,0,5,0,0,0,0,1,1,6,6,1,27,6,-1,-1,-1,-1,3,E01013665,0,-1
2021010298179,2021,010298179,2,-1,0,18,19,3,7,0,0,8,0,0,0,0,1,1,2,2,1,18,4,-1,-1,-1,-1,9,E01033101,1,-1
202131A089121,2021,31A089121,1,1,0,18,19,2,6,9,9,0,0,0,0,0,1,1,6,6,3,-1,-1,-1,-1,-1,-1,-1,-1,0,-1
2021010322350,2021,010322350,2,9,0,4,4,5,1,0,0,1,0,0,0,0,2,1,6,6,1,20,4,-1,-1,-1,-1,-1,-1,0,-1
2021061062089,2021,061062089,2,1,0,18,19,5,1,0,0,1,0,0,0,0,1,1,6,6,1,30,6,-1,-1,-1,-1,5,E01005833,0,-1
2021061132314,2021,061132314,1,9,0,18,19,1,5,0,0,8,0,0,0,0,4,1,6,6,1,59,9,-1,-1,-1,-1,10,E01006395,0,-1
2021522200099,2021,522200099,1,1,0,18,19,8,4,5,5,8,0,0,0,0,1,1,6,6,1,40,7,-1,-1,-1,-1,6,E01014708,0,-1
2021101117311,2021,101117311,1,9,-1,9,9,3,1,0,0,8,0,0,0,0,4,1,6,6,2,30,6,-1,-1,-1,-1,3,E01008344,0,-1
2021302100821,2021,302100821,1,19,0,9,9,2,8,0,0,6,0,0,0,0,0,1,6,6,3,-1,-1,-1,-1,-1,-1,5,E01019456,0,-1
2021010320097,2021,010320097,1,19,0,4,4,5,1,0,0,1,0,0,0,0,2,1,1,1,1,27,6,-1,-1,-1,-1,4,E01000928,0,-1
2021440221896,2021,440221896,1,-1,0,18,19,1,5,4,4,8,0,0,0,0,3,1,6,6,1,32,6,-1,-1,-1,-1,3,E01017082,1,-1
2021010297966,2021,010297966,2,1,9,18,19,3,7,0,0,0,5,0,0,99,1,1,6,6,3,-1,-1,-1,-1,-1,-1,5,E01004515,0,-1
2021471024305,2021,471024305,2,1,0,18,19,4,8,0,0,0,0,0,0,0,-1,1,6,6,1,17,4,-1,-1,-1,-1,-1,-1,0,-1
2021161108221,2021,161108221,1,1,0,12,12,6,2,0,0,0,0,0,0,0,3,1,6,6,1,19,4,-1,-1,-1,-1,1,E01012850,0,-1
2021131111359,2021,131111359,2,1,0,5,5,3,7,0,0,8,0,0,0,0,4,1,1,1,1,52,8,-1,-1,-1,-1,6,E01011005,0,-1
2021440389665,2021,440389665,1,1,0,9,9,1,7,0,0,5,0,0,0,0,1,1,4,7,2,11,3,-1,-1,-1,-1,-1,-1,0,-1
2021430396180,2021,430396180,1,9,0,18,19,4,8,0,0,0,0,0,0,0,1,1,6,6,2,40,7,-1,-1,-1,-1,3,E01016474,0,-1
2021052100475,2021,052100475,1,9,0,9,9,7,5,0,0,5,0,0,0,0,2,1,6,6,3,-1,-1,-1,-1,-1,-1,-1,-1,0,-1
2021010331229,2021,010331229,1,1,9,99,99,9,9,99,99,9,9,99,9,99,1,1,1,1,1,24,5,-1,-1,-1,-1,3,E01003533,0,-1
2021552101420,2021,552101420,2,1,0,18,19,1,5,4,4,8,0,0,0,0,1,1,6,6,1,31,6,-1,-1,-1,-1,8,E01015335,0,-1
2021141014669,2021,141014669,1,1,0,18,19,3,2,4,4,0,0,0,0,0,4,1,6,6,1,38,7,-1,-1,-1,-1,1,E01007645,0,-1
2021010320009,2021,010320009,1,1,9,99,99,9,9,99,99,9,9,99,9,99,2,1,6,6,1,46,8,-1,-1,-1,-1,6,E01003272,0,-1
2021101051990,2021,101051990,1,8,0,18,19,1,5,0,0,0,0,0,0,0,-1,1,1,1,3,-1,-1,-1,-1,-1,-1,-1,-1,0,-1
2021610024121,2021,610024121,1,9,0,9,9,7,4,0,0,8,1,0,0,0,1,1,6,6,1,36,7,-1,-1,-1,-1,-1,-1,0,-1
2021010339587,2021,010339587,1,1,0,18,19,3,7,0,0,2,0,0,0,0,1,1,6,6,1,42,7,-1,-1,-1,-1,1,E01001955,0,-1
2021131078756,2021,131078756,3,9,0,18,19,3,7,0,0,0,0,0,0,0,4,1,1,1,1,59,9,-1,-1,-1,-1,1,E01006779,0,-1
2021122101149,2021,122101149,1,1,0,16,19,3,5,0,0,0,1,0,0,0,0,1,6,6,2,62,9,-1,-1,-1,-1,6,E01010882,0,-1
2021010334427,2021,010334427,1,9,0,18,19,3,7,0,0,1,0,0,0,0,1,1,6,6,3,-1,-1,-1,-1,-1,-1,-1,-1,0,-1
2021440025262,2021,440025262,2,1,0,18,19,7,4,0,0,8,0,0,0,0,4,1,6,6,2,54,8,-1,-1,-1,-1,6,E01022939,0,-1
2021141022783,2021,141022783,1,1,0,18,19,5,1,0,0,1,0,0,0,0,1,1,5,6,2,26,6,-1,-1,-1,-1,4,E01033264,0,-1
2021471101205,2021,471101205,1,98,0,7,7,5,7,0,0,0,0,0,0,0,4,1,6,6,1,40,7,-1,-1,-1,-1,7,E01031354,0,-1
2021010303968,2021,010303968,1,9,0,7,7,5,8,0,0,5,0,0,0,0,4,1,6,6,1,-1,-1,-1,-1,-1,-1,-1,-1,0,-1
2021622100915,2021,622100915,2,1,0,18,19,2,8,0,0,0,0,0,0,0,3,1,6,6,1,28,6,-1,-1,-1,-1,9,W01001072,0,-1
2021371111079,2021,371111079,2,9,0,18,19,5,1,0,0,8,0,0,0,0,1,1,2,2,1,44,7,-1,-1,-1,-1,7,E01030054,0,-1
2021010351014,2021,010351014,2,19,0,99,99,9,9,99,99,9,9,99,9,99,0,9,6,6,3,-1,-1,-1,-1,-1,-1,-1,-1,0,-1
2021430150854,2021,430150854,1,9,0,18,19,3,7,0,0,0,0,0,0,0,1,1,6,6,1,-1,-1,-1,-1,-1,-1,-1,-1,0,-1
2021052101593,2021,052101593,1,1,0,18,19,2,6,0,0,1,0,0,0,0,3,1,6,6,1,36,7,-1,-1,-1,-1,1,E01006573,0,-1
2021401062015,2021,401062015,1,9,0,2,2,2,6,0,0,4,0,10,0,0,2,1,5,6,1,20,4,-1,-1,-1,-1,9,E01017603,0,-1
2021010287481,2021,010287481,1,1,9,99,99,9,9,99,99,9,9,99,9,99,9,1,2,2,2,29,6,-1,-1,-1,-1,9,E01000201,0,-1
2021141018552,2021,141018552,2,97,0,18,19,1,5,0,0,0,2,0,0,0,1,1,5,6,1,17,4,-1,-1,-1,-1,1,E01007775,0,-1
2021010304867,2021,010304867,2,9,0,99,99,9,9,99,99,9,9,99,9,99,9,9,6,6,3,-1,-1,-1,-1,-1,-1,-1,-1,0,-1
2021031061374,2021,031061374,2,16,0,18,19,1,5,0,0,0,0,0,0,0,0,1,6,6,2,72,10,-1,-1,-1,-1,-1,-1,0,-1
2021332101521,2021,332101521,1,9,0,18,19,5,1,0,0,8,0,0,0,0,0,1,6,6,1,41,7,-1,-1,-1,-1,-1,-1,0,-1
2021122100518,2021,122100518,2,9,4,5,5,1,3,0,0,4,0,0,0,0,1,1,6,6,1,27,6,-1,-1,-1,-1,8,E01013037,0,-1
2021520104426,2021,520104426,1,9,0,18,19,8,4,0,0,4,0,0,0,0,1,1,6,6,2,40,7,-1,-1,-1,-1,2,E01029248,0,-1
2021201141583,2021,201141583,1,9,0,18,19,-1,-1,0,0,0,0,0,0,0,1,1,6,6,1,-1,-1,-1,-1,-1,-1,-1,-1,0,-1
2021440304998,2021,440304998,1,9,0,3,3,3,2,0,0,0,0,0,0,0,2,1,6,6,1,46,8,-1,-1,-1,-1,5,E01017279,0,-1
2021411096959,2021,411096959,1,1,0,18,19,3,7,0,0,0,0,0,0,0,2,1,5,6,1,51,8,-1,-1,-1,-1,9,E01023917,0,-1
2021010342044,2021,010342044,2,1,0,18,19,3,7,0,0,0,0,11,0,0,2,1,2,2,1,40,7,-1,-1,-1,-1,3,E01001799,0,-1
2021010330230,2021,010330230,2,1,0,18,19,4,8,4,4,8,0,10,0,0,1,1,2,2,1,48,8,-1,-1,-1,-1,6,E01001236,0,-1
2021332100025,2021,332100025,1,9,0,9,9,3,1,4,4,6,0,0,0,0,3,1,2,2,2,63,9,-1,-1,-1,-1,2,E01013781,0,-1
2021010333644,2021,010333644,2,1,0,18,19,4,8,0,0,2,0,0,0,0,1,1,6,6,2,32,6,-1,-1,-1,-1,4,E01003129,0,-1
2021991012076,2021,991012076,2,1,0,18,19,5,1,0,0,0,0,0,1,0,2,1,5,6,1,19,4,-1,-1,-1,-1,9,-1,0,-1
2021122100872,2021,122100872,1,1,0,18,19,1,5,2,2,1,1,0,0,0,3,1,6,6,1,8,2,-1,-1,-1,-1,8,E01027568,0,-1
2021131090678,2021,131090678,2,1,0,18,19,5,1,0,0,1,0,0,0,0,1,1,6,6,1,45,7,-1,-1,-1,-1,3,E01007490,0,-1
2021421112960,2021,421112960,2,1,0,18,19,1,5,0,0,8,5,0,0,0,2,1,2,2,1,30,6,-1,-1,-1,-1,5,E01021680,0,-1
2021161090773,2021,161090773,1,9,0,3,3,7,3,0,0,4,0,0,0,0,3,1,6,6,3,-1,-1,-1,-1,-1,-1,-1,-1,0,-1
2021061052028,2021,061052028,2,9,-1,-1,-1,-1,-1,-1,-1,0,-1,-1,-1,0,-1,1,1,1,1,60,9,-1,-1,-1,-1,1,E01005595,0,-1
2021520104417,2021,520104417,1,9,0,18,19,6,2,0,0,8,0,0,0,0,1,1,6,6,1,31,6,-1,-1,-1,-1,9,E01014957,0,-1
202160Z128440,2021,60Z128440,1,9,4,3,3,3,7,0,0,0,0,0,0,0,1,1,6,6,1,71,10,-1,-1,-1,-1,-1,-1,0,-1
2021332101510,2021,332101510,2,22,0,18,19,5,1,0,0,0,0,0,0,0,0,1,6,6,1,51,8,-1,-1,-1,-1,-1,-1,0,-1
2021471025464,2021,471025464,1,19,0,18,19,7,3,0,0,0,0,0,0,0,0,1,1,1,1,61,9,-1,-1,-1,-1,7,E01028827,0,-1
2021501021524,2021,501021524,2,1,0,5,5,8,5,0,0,6,0,0,0,0,1,1,5,6,1,37,7,-1,-1,-1,-1,3,E01020139,0,-1
2021440496795,2021,440496795,1,9,0,18,19,1,5,0,0,0,0,0,0,0,1,1,6,6,3,-1,-1,-1,-1,-1,-1,-1,-1,0,-1
2021430507971,2021,430507971,2,1,0,18,19,5,1,0,0,0,0,0,0,0,3,1,6,6,2,28,6,-1,-1,-1,-1,8,E01028547,0,-1
2021332100495,2021,332100495,1,9,0,18,19,6,2,0,0,0,0,0,0,0,2,1,1,1,1,36,7,-1,-1,-1,-1,4,E01031176,0,-1
2021031100619,2021,031100619,1,9,0,18,19,7,3,0,0,0,0,0,0,0,1,1,6,6,3,-1,-1,-1,-1,-1,-1,-1,-1,0,-1
2021201033772,2021,201033772,1,9,0,18,19,8,4,0,0,1,0,0,0,0,1,1,6,6,3,-1,-1,-1,-1,-1,-1,-1,-1,0,-1
2021101087058,2021,101087058,1,1,0,18,19,3,7,0,0,0,0,0,0,0,1,1,4,7,1,10,2,-1,-1,-1,-1,5,E01008490,0,-1
202160Z173874,2021,60Z173874,2,9,0,5,5,2,4,0,0,7,0,0,0,0,2,1,6,6,1,38,7,-1,-1,-1,-1,-1,-1,0,-1
2021010321834,2021,010321834,1,9,0,5,5,1,5,0,0,6,0,0,0,0,1,1,6,6,3,-1,-1,-1,-1,-1,-1,-1,-1,0,-1
2021101068708,2021,101068708,1,9,0,18,19,3,7,0,0,1,0,0,0,0,1,1,6,6,3,-1,-1,-1,-1,-1,-1,-1,-1,0,-1
2021471072454,2021,471072454,2,1,0,14,14,3,7,0,0,0,0,8,0,0,4,1,6,6,2,22,5,-1,-1,-1,-1,4,E01016890,0,-1
2021552100791,2021,552100791,2,1,0,18,19,6,4,0,0,8,0,0,0,0,4,1,6,6,1,27,6,-1,-1,-1,-1,4,E01020483,0,-1
2021351105728,2021,351105728,2,1,0,18,19,4,7,0,0,1,0,0,0,0,0,1,6,6,2,50,8,-1,-1,-1,-1,-1,-1,0,-1
2021361096397,2021,361096397,1,1,0,18,19,6,2,0,0,0,0,0,0,0,0,1,5,6,1,25,5,-1,-1,-1,-1,7,E01026914,0,-1
2021010334643,2021,010334643,1,9,0,9,9,1,7,0,0,1,0,0,3,0,4,1,6,6,1,22,5,-1,-1,-1,-1,1,E01002089,0,-1
2021052100229,2021,052100229,2,9,0,7,7,1,5,0,0,2,0,0,0,0,3,1,6,6,3,-1,-1,-1,-1,-1,-1,-1,-1,0,-1
2021010294277,2021,010294277,2,9,0,99,99,9,9,99,99,9,9,99,9,99,1,9,6,6,3,-1,-1,-1,-1,-1,-1,-1,-1,0,-1
2021161084399,2021,161084399,2,9,0,18,19,3,7,0,0,0,0,0,0,0,4,1,6,6,3,-1,-1,-1,-1,-1,-1,-1,-1,0,-1
2021440065400,2021,440065400,1,9,0,4,4,7,3,0,0,1,0,0,0,0,2,1,6,6,1,53,8,-1,-1,-1,-1,10,E01022790,0,-1
202160Z162153,2021,60Z162153,2,9,0,18,19,3,7,0,0,8,0,0,0,0,1,1,6,6,2,50,8,-1,-1,-1,-1,-1,-1,0,-1
2021501072940,2021,501072940,1,9,0,18,19,2,6,0,0,1,0,0,0,0,4,1,1,1,1,52,8,-1,-1,-1,-1,6,E01018753,0,-1
2021010308219,2021,010308219,1,1,9,99,99,9,9,99,99,9,9,99,9,99,9,1,6,6,1,36,7,-1,-1,-1,-1,3,E01003969,0,-1
2021052101070,2021,052101070,1,1,0,18,19,8,4,0,0,0,0,0,0,0,1,1,6,6,1,18,4,-1,-1,-1,-1,6,E01006935,0,-1
2021522102426,2021,522102426,1,9,0,18,19,7,3,0,0,8,0,0,0,0,1,1,6,6,1,45,7,-1,-1,-1,-1,-1,-1,0,-1
2021170M11001,2021,170M11001,1,9,0,13,13,2,6,0,0,1,0,0,0,0,1,1,6,6,3,-1,-1,-1,-1,-1,-1,-1,-1,0,-1
2021061069824,2021,061069824,1,4,0,18,19,2,6,0,0,8,0,10,3,6,1,1,6,6,1,28,6,-1,-1,-1,-1,1,E01005256,0,-1
2021201102545,2021,201102545,2,-1,0,18,19,3,7,9,9,8,0,0,0,0,2,1,6,6,1,39,7,-1,-1,-1,-1,1,E01009406,1,-1
2021122200182,2021,122200182,1,1,0,18,19,7,3,0,0,0,0,0,0,0,3,1,6,6,1,13,3,-1,-1,-1,-1,7,E01013449,0,-1
202163D081121,2021,63D081121,2,9,0,18,19,4,8,0,0,1,1,0,0,0,0,1,6,6,2,40,7,-1,-1,-1,-1,6,W01000431,0,-1
2021501052077,2021,501052077,2,9,0,18,19,4,2,0,0,0,0,0,0,0,0,1,6,6,3,-1,-1,-1,-1,-1,-1,-1,-1,0,-1
202131C092721,2021,31C092721,1,1,0,18,19,2,6,9,9,0,0,0,0,0,1,1,6,6,1,-1,-1,-1,-1,-1,-1,-1,-1,0,-1
2021201026703,2021,201026703,2,9,0,18,19,6,2,0,0,0,0,0,0,0,4,1,1,1,1,-1,-1,-1,-1,-1,-1,-1,-1,0,-1
2021010303590,2021,010303590,1,1,9,99,99,9,9,99,99,9,9,99,9,99,9,1,6,6,1,18,4,-1,-1,-1,-1,10,E01003007,0,-1
2021161063364,2021,161063364,1,1,0,7,7,6,2,2,2,0,0,0,0,0,3,1,6,6,2,-1,-1,-1,-1,-1,-1,-1,-1,0,-1
2021991091530,2021,991091530,1,9,0,18,19,6,2,0,0,0,0,4,0,0,1,1,1,1,1,30,6,-1,-1,-1,-1,1,-1,0,-1
2021471094631,2021,471094631,1,-1,0,18,19,8,4,0,0,1,0,0,0,0,1,1,6,6,1,-1,-1,-1,-1,-1,-1,2,E01016906,1,-1
2021332100009,2021,332100009,1,9,0,18,19,3,7,0,0,0,1,0,0,0,1,1,2,2,2,33,6,-1,-1,-1,-1,10,E01025744,0,-1
2021461021421,2021,461021421,1,21,1,18,19,1,5,0,0,0,0,0,0,0,3,1,6,6,1,-1,-1,-1,-1,-1,-1,-1,-1,0,-1
2021531120406,2021,531120406,2,1,0,18,19,7,3,0,0,8,0,0,0,0,1,1,2,2,1,25,5,-1,-1,-1,-1,6,E01022117,0,-1
2021010346003,2021,010346003,1,9,0,4,4,5,1,0,0,1,0,0,0,0,0,9,1,1,1,-1,-1,-1,-1,-1,-1,3,E01002030,0,-1
2021361044099,2021,361044099,2,1,0,18,19,1,5,0,0,0,0,0,0,0,1,1,4,7,2,12,3,-1,-1,-1,-1,1,E01026868,0,-1
2021501022682,2021,501022682,2,22,0,18,19,1,5,0,0,1,0,0,0,0,2,1,5,6,2,75,10,-1,-1,-1,-1,9,E01019952,0,-1
2021010337078,2021,010337078,2,9,0,99,99,9,9,99,99,9,9,99,9,99,9,9,6,6,3,-1,-1,-1,-1,-1,-1,-1,-1,0,-1
2021031032165,2021,031032165,2,17,0,5,5,7,3,6,6,0,0,0,0,0,3,1,1,1,1,25,5,-1,-1,-1,-1,5,E01020889,0,-1
2021141012910,2021,141012910,2,9,0,16,19,5,1,0,0,0,0,0,0,0,1,1,5,6,2,68,10,-1,-1,-1,-1,2,E01007495,0,-1
2021332100067,2021,332100067,2,1,0,18,19,2,6,0,0,1,0,0,0,0,4,1,6,6,1,64,9,-1,-1,-1,-1,4,E01013607,0,-1
2021010328654,2021,010328654,2,1,0,18,19,4,8,0,0,5,0,0,0,0,1,1,6,6,2,30,6,-1,-1,-1,-1,4,E01000932,0,-1
2021010318820,2021,010318820,2,9,0,99,99,9,9,99,99,9,9,99,9,99,1,9,6,6,3,62,9,-1,-1,-1,-1,2,E01000544,0,-1
2021401052221,2021,401052221,1,97,0,18,19,6,2,2,2,1,0,0,0,0,1,1,1,1,1,19,4,-1,-1,-1,-1,4,E01017535,0,-1
202163C076521,2021,63C076521,2,1,0,18,19,3,7,0,0,0,0,0,1,10,3,1,6,6,1,75,10,-1,-1,-1,-1,8,E01030847,0,-1
202160Z003263,2021,60Z003263,1,9,0,13,13,8,4,0,0,0,1,0,1,0,1,1,2,2,1,62,9,-1,-1,-1,-1,-1,-1,0,-1
2021010335570,2021,010335570,3,90,0,18,19,3,7,0,0,0,0,0,0,0,0,1,1,1,1,23,5,-1,-1,-1,-1,4,E01001252,0,-1
2021010294212,2021,010294212,1,1,0,5,5,5,1,0,0,1,0,4,0,0,1,1,1,1,2,31,6,-1,-1,-1,-1,5,E01002791,0,-1
2021010312904,2021,010312904,2,9,0,99,99,9,9,99,99,9,9,99,9,99,9,9,6,6,3,-1,-1,-1,-1,-1,-1,-1,-1,0,-1
2021430436853,2021,430436853,1,1,0,18,19,2,6,0,0,2,0,0,0,0,1,1,6,6,1,20,4,-1,-1,-1,-1,-1,-1,0,-1
2021991049923,2021,991049923,1,19,0,1,1,1,3,0,0,8,0,0,0,0,2,1,1,1,1,38,7,-1,-1,-1,-1,-1,-1,0,-1
2021070805806,2021,070805806,1,9,0,9,9,2,6,0,0,1,0,0,0,0,3,1,6,6,2,43,7,-1,-1,-1,-1,5,E01018622,0,-1
2021010290169,2021,010290169,3,9,9,99,99,9,9,0,0,0,9,99,9,99,9,9,6,6,3,-1,-1,-1,-1,-1,-1,-1,-1,0,-1
202163D089521,2021,63D089521,1,21,1,18,19,-1,-1,0,0,0,0,0,0,0,1,1,6,6,1,-1,-1,-1,-1,-1,-1,1,W01001202,0,-1
2021131082145,2021,131082145,1,8,0,-1,-1,-1,-1,-1,-1,0,-1,-1,-1,-1,-1,1,6,6,3,-1,-1,-1,-1,-1,-1,-1,-1,0,-1
2021302101740,2021,302101740,1,9,0,18,19,4,8,0,0,8,0,0,0,0,1,1,6,6,3,-1,-1,-1,-1,-1,-1,5,E01019456,0,-1
2021010319833,2021,010319833,1,1,9,99,99,9,9,99,99,9,9,99,9,99,1,1,6,6,3,-1,-1,-1,-1,-1,-1,-1,-1,0,-1
2021440138617,2021,440138617,2,1,0,18,19,8,6,0,0,8,0,0,0,0,1,1,2,2,1,28,6,-1,-1,-1,-1,4,E01017233,0,-1
2021471039380,2021,471039380,1,9,0,18,19,5,1,0,0,0,0,0,0,0,4,1,6,6,3,-1,-1,-1,-1,-1,-1,-1,-1,0,-1
2021451089486,2021,451089486,1,1,0,18,19,5,1,0,0,0,0,0,0,0,3,1,5,6,1,37,7,-1,-1,-1,-1,8,E01003897,0,-1
2021070701298,2021,070701298,1,1,0,18,19,7,3,0,0,6,0,0,0,0,1,1,6,6,1,50,8,-1,-1,-1,-1,10,E01018507,0,-1
2021170M11241,2021,170M11241,1,9,0,9,9,3,1,0,0,2,0,0,0,0,1,1,6,6,1,-1,-1,-1,-1,-1,-1,-1,-1,0,-1
2021320469642,2021,320469642,1,3,0,18,19,2,6,0,0,0,1,0,7,0,1,1,6,6,2,45,7,-1,-1,-1,-1,10,E01010954,0,-1
2021430085478,2021,430085478,1,-1,0,14,14,7,3,0,0,0,0,0,0,0,0,1,2,2,2,19,4,-1,-1,-1,-1,6,E01028528,1,-1
2021052101401,2021,052101401,1,19,0,18,19,3,7,0,0,1,0,0,0,0,1,1,2,2,1,28,6,-1,-1,-1,-1,2,E01012886,0,-1
2021010342473,2021,010342473,2,1,0,14,14,3,7,0,0,0,0,0,0,0,1,1,6,6,1,40,7,-1,-1,-1,-1,4,E01003344,0,-1