collision_index,collision_year,collision_ref_no,vehicle_reference,vehicle_type,towing_and_articulation,vehicle_manoeuvre_historic,vehicle_manoeuvre,vehicle_direction_from,vehicle_direction_to,vehicle_location_restricted_lane_historic,vehicle_location_restricted_lane,junction_location,skidding_and_overturning,hit_object_in_carriageway,vehicle_leaving_carriageway,hit_object_off_carriageway,first_point_of_impact,vehicle_left_hand_drive,journey_purpose_of_driver_historic,journey_purpose_of_driver,sex_of_driver,age_of_driver,age_band_of_driver,engine_capacity_cc,propulsion_code,age_of_vehicle,generic_make_model,driver_imd_decile,lsoa_of_driver,escooter_flag,driver_distance_banding
2021320355056,2021,320355056,1,9,0,18,19,2,5,0,0,1,5,0,1,0,1,1,6,6,1,18,4,-1,-1,-1,-1,9,E01032999,0,-1
2021201089539,2021,201089539,2,-1,0,18,19,2,6,9,9,1,0,0,0,0,1,1,6,6,1,12,3,-1,-1,-1,-1,1,E01009096,1,-1
2021471042689,2021,471042689,1,1,0,4,4,3,7,0,0,1,0,0,0,0,1,1,2,2,1,47,8,-1,-1,-1,-1,6,E01016933,0,-1
2021320664070,2021,320664070,1,9,0,1,1,3,7,0,0,0,0,0,0,0,2,1,6,6,3,-1,-1,-1,-1,-1,-1,-1,-1,0,-1
2021010339374,2021,010339374,2,9,9,99,99,9,9,99,99,9,9,0,9,0,9,9,6,6,3,-1,-1,-1,-1,-1,-1,-1,-1,0,-1
2021070618001,2021,070618001,1,9,0,18,19,7,3,0,0,0,0,0,0,0,0,1,6,6,3,-1,-1,-1,-1,-1,-1,-1,-1,0,-1
2021061109192,2021,061109192,1,9,0,18,19,5,7,0,0,1,0,0,0,0,4,1,6,6,3,-1,-1,-1,-1,-1,-1,-1,-1,0,-1
2021161055163,2021,161055163,3,1,0,5,5,8,4,0,0,1,0,0,3,0,4,1,5,6,1,15,3,-1,-1,-1,-1,3,E01013158,0,-1
2021332101533,2021,332101533,2,1,0,18,19,7,3,0,0,0,0,0,0,0,0,1,6,6,1,54,8,-1,-1,-1,-1,-1,-1,0,-1
2021221121908,2021,221121908,1,9,0,18,19,3,7,0,0,3,0,0,0,0,1,1,6,6,3,34,6,-1,-1,-1,-1,-1,-1,0,-1
2021440080717,2021,440080717,1,1,0,7,7,1,5,0,0,6,0,0,0,0,3,1,6,6,1,41,7,-1,-1,-1,-1,3,E01022976,0,-1
2021461098162,2021,461098162,1,9,0,18,19,1,5,0,0,0,0,0,0,0,1,1,6,6,1,52,8,-1,-1,-1,-1,3,E01030163,0,-1
2021610022621,2021,610022621,1,19,0,5,5,5,2,0,0,0,0,0,0,0,1,1,1,1,1,27,6,-1,-1,-1,-1,-1,-1,0,-1
2021010343021,2021,010343021,1,1,9,99,99,9,9,99,99,0,9,99,9,99,9,1,2,2,1,46,8,-1,-1,-1,-1,7,E01000139,0,-1
2021031100748,2021,031100748,2,9,0,18,19,3,7,0,0,1,0,0,0,0,2,1,6,6,2,30,6,-1,-1,-1,-1,3,E01019236,0,-1
2021111023215,2021,111023215,1,9,0,17,19,1,5,9,9,8,0,7,7,10,1,1,5,6,3,20,4,-1,-1,-1,-1,-1,-1,0,-1
202134WNC6511,2021,34WNC6511,2,8,0,11,11,1,5,0,0,3,0,0,0,0,4,1,6,6,2,24,5,-1,-1,-1,-1,6,E01016393,0,-1
2021010300535,2021,010300535,1,1,9,99,99,9,9,99,99,9,9,99,9,99,9,1,2,2,1,67,10,-1,-1,-1,-1,8,E01000210,0,-1
2021332100089,2021,332100089,2,19,0,18,19,7,3,0,0,0,0,0,0,0,1,1,1,1,1,49,8,-1,-1,-1,-1,6,E01025767,0,-1
2021540023821,2021,540023821,1,1,0,18,19,6,2,0,0,0,0,0,0,0,0,1,6,6,1,58,9,-1,-1,-1,-1,8,E01032071,0,-1
202160Z076329,2021,60Z076329,3,5,0,16,19,2,5,0,0,0,0,0,0,0,0,1,6,6,1,44,7,-1,-1,-1,-1,-1,-1,0,-1
202160Z145183,2021,60Z145183,1,3,0,4,4,4,8,0,0,4,1,0,0,0,0,1,2,2,1,53,8,-1,-1,-1,-1,-1,-1,0,-1
2021211055219,2021,211055219,1,2,0,18,19,1,5,9,9,1,0,0,0,0,1,1,6,6,1,25,5,-1,-1,-1,-1,-1,-1,0,-1
2021010300135,2021,010300135,1,1,9,99,99,9,9,99,99,9,9,99,9,99,1,1,6,6,3,27,6,-1,-1,-1,-1,4,E01003914,0,-1
2021461037249,2021,461037249,2,1,0,9,9,5,3,0,0,1,5,0,0,0,1,1,5,6,1,45,7,-1,-1,-1,-1,9,E01032735,0,-1
2021451110156,2021,451110156,4,1,0,18,19,3,1,0,0,1,0,0,0,0,1,1,6,6,1,30,6,-1,-1,-1,-1,8,E01030867,0,-1
2021471024370,2021,471024370,2,1,0,18,19,7,3,0,0,8,0,0,0,0,2,1,5,6,1,89,11,-1,-1,-1,-1,2,E01031808,0,-1
2021052101614,2021,052101614,1,1,0,18,19,3,7,0,0,0,0,0,0,0,1,1,1,1,3,-1,-1,-1,-1,-1,-1,-1,-1,0,-1
2021332100930,2021,332100930,1,9,0,5,5,5,1,0,0,6,0,0,0,0,1,1,2,2,1,48,8,-1,-1,-1,-1,4,E01013750,0,-1
2021332100561,2021,332100561,1,9,0,16,19,2,5,0,0,0,0,0,0,0,1,1,6,6,1,25,5,-1,-1,-1,-1,3,E01025943,0,-1
2021070495567,2021,070495567,2,9,0,3,3,2,6,0,0,1,0,0,0,0,2,1,6,6,1,27,6,-1,-1,-1,-1,-1,-1,0,-1
2021010332904,2021,010332904,1,1,0,15,15,5,1,0,0,0,0,10,0,0,0,1,6,6,1,20,4,-1,-1,-1,-1,4,E01002704,0,-1
2021052102327,2021,052102327,1,9,0,18,19,3,7,0,0,1,0,0,0,0,1,1,6,6,3,-1,-1,-1,-1,-1,-1,-1,-1,0,-1
2021052102130,2021,052102130,1,19,0,7,7,2,4,0,0,6,0,0,0,0,1,1,6,6,3,-1,-1,-1,-1,-1,-1,-1,-1,0,-1
2021122100921,2021,122100921,2,98,1,18,19,5,1,0,0,0,0,0,0,0,3,2,1,1,1,51,8,-1,-1,-1,-1,-1,-1,0,-1
2021010339278,2021,010339278,2,9,0,4,4,5,1,0,0,1,0,0,0,0,0,1,1,1,1,47,8,-1,-1,-1,-1,2,E01030599,0,-1
2021161119842,2021,161119842,2,1,0,4,4,5,1,4,4,1,0,0,0,0,0,1,6,6,2,62,9,-1,-1,-1,-1,9,E01013194,0,-1
2021332100918,2021,332100918,2,9,0,18,19,5,2,0,0,8,0,0,0,0,1,1,1,1,1,23,5,-1,-1,-1,-1,2,E01031010,0,-1
2021430111112,2021,430111112,2,9,0,18,19,6,2,0,0,2,0,0,0,0,1,1,6,6,1,-1,-1,-1,-1,-1,-1,-1,-1,0,-1
2021461096804,2021,461096804,2,98,0,11,11,7,3,0,0,0,0,0,1,0,3,1,5,6,1,49,8,-1,-1,-1,-1,-1,-1,0,-1
202160Z108632,2021,60Z108632,2,1,0,18,19,6,2,0,0,0,0,0,0,0,1,1,6,6,1,30,6,-1,-1,-1,-1,-1,-1,0,-1
2021430525644,2021,430525644,2,1,0,18,19,3,7,0,0,1,0,0,0,0,4,1,2,2,2,26,6,-1,-1,-1,-1,7,E01028521,0,-1
2021451089252,2021,451089252,1,9,0,5,5,1,5,0,0,0,0,0,0,0,1,1,6,6,3,30,6,-1,-1,-1,-1,-1,-1,0,-1
2021010320101,2021,010320101,1,1,9,99,99,9,9,99,99,0,9,99,9,99,9,1,1,1,1,47,8,-1,-1,-1,-1,4,E01001974,0,-1
2021440239788,2021,440239788,1,1,0,4,4,5,1,0,0,0,0,10,0,0,1,1,6,6,2,19,4,-1,-1,-1,-1,2,E01033237,0,-1
2021070226530,2021,070226530,2,19,0,18,19,4,8,0,0,0,0,0,0,0,1,1,6,6,1,35,6,-1,-1,-1,-1,3,E01003688,0,-1
2021201124678,2021,201124678,2,-1,0,18,19,5,1,9,9,3,5,0,0,0,2,1,2,2,1,28,6,-1,-1,-1,-1,1,E01009399,1,-1
2021010313799,2021,010313799,2,-1,9,99,99,9,9,99,99,9,9,99,9,99,9,9,6,6,1,-1,-1,-1,-1,-1,-1,-1,-1,1,-1
2021010347830,2021,010347830,2,22,0,99,99,9,9,0,0,9,0,0,0,0,3,1,6,6,1,29,6,-1,-1,-1,-1,4,E01003914,0,-1
2021061056047,2021,061056047,1,23,0,18,19,5,7,9,9,1,0,0,1,1,4,1,6,6,1,27,6,-1,-1,-1,-1,2,E01006297,0,-1
2021061052097,2021,061052097,1,9,0,18,19,5,3,0,0,0,0,0,0,0,2,1,6,6,1,29,6,-1,-1,-1,-1,1,E01005599,0,-1
2021401028403,2021,401028403,3,9,0,2,2,0,0,0,0,0,0,0,0,0,1,1,5,6,1,56,9,-1,-1,-1,-1,6,E01017554,0,-1
2021991121019,2021,991121019,2,1,0,18,19,1,5,0,0,2,0,0,0,0,4,1,5,6,1,24,5,-1,-1,-1,-1,4,-1,0,-1
2021010302797,2021,010302797,2,-1,0,18,19,3,7,0,0,8,0,0,0,0,0,1,6,6,1,20,4,-1,-1,-1,-1,5,E01004483,1,-1
2021411161385,2021,411161385,1,1,0,18,19,1,5,0,0,0,0,0,0,0,1,1,5,6,1,43,7,-1,-1,-1,-1,4,E01023350,0,-1
2021430515833,2021,430515833,2,9,0,18,19,8,4,0,0,1,0,0,0,0,1,1,6,6,2,-1,-1,-1,-1,-1,-1,-1,-1,0,-1
2021471072014,2021,471072014,3,9,0,16,19,4,7,0,0,0,0,0,0,0,0,1,6,6,3,-1,-1,-1,-1,-1,-1,-1,-1,0,-1
2021361125759,2021,361125759,2,9,0,18,19,3,6,0,0,8,0,0,0,0,1,1,1,1,1,33,6,-1,-1,-1,-1,4,E01026694,0,-1
2021052100277,2021,052100277,2,1,0,18,19,7,3,0,0,0,0,0,0,0,3,1,6,6,1,50,8,-1,-1,-1,-1,4,E01006805,0,-1
2021010291287,2021,010291287,2,19,0,99,99,9,9,0,0,0,0,0,0,0,4,9,6,6,3,48,8,-1,-1,-1,-1,3,E01014323,0,-1
2021161087875,2021,161087875,1,2,0,18,19,3,7,0,0,1,0,0,0,0,1,1,6,6,1,-1,-1,-1,-1,-1,-1,-1,-1,0,-1
202131A117621,2021,31A117621,1,1,0,18,19,6,2,0,0,8,0,0,0,0,1,1,6,6,1,24,5,-1,-1,-1,-1,3,E01028229,0,-1
2021010332335,2021,010332335,1,1,9,99,99,9,9,99,99,0,9,99,9,99,1,1,2,2,2,34,6,-1,-1,-1,-1,4,E01033725,0,-1
2021010289322,2021,010289322,2,1,0,18,19,1,5,0,0,1,0,0,0,0,1,1,6,6,1,34,6,-1,-1,-1,-1,2,E01003634,0,-1
2021546779621,2021,546779621,2,1,0,18,19,1,5,0,0,2,0,0,0,0,1,1,6,6,2,7,2,-1,-1,-1,-1,7,E01031849,0,-1
2021070311942,2021,070311942,2,1,0,16,19,5,1,0,0,0,0,0,0,0,4,1,6,6,1,49,8,-1,-1,-1,-1,5,E01032931,0,-1
2021421025955,2021,421025955,2,9,0,18,19,8,4,0,0,8,0,0,0,0,1,1,1,1,1,40,7,-1,-1,-1,-1,4,E01030022,0,-1
2021141060041,2021,141060041,1,9,0,18,19,6,2,0,0,2,0,0,0,0,0,1,6,6,3,-1,-1,-1,-1,-1,-1,-1,-1,0,-1
2021010341665,2021,010341665,2,1,0,9,9,5,2,0,0,0,0,0,0,0,4,1,1,1,1,20,4,-1,-1,-1,-1,1,E01003048,0,-1
2021031097573,2021,031097573,1,90,0,9,9,3,1,0,0,6,0,0,0,0,1,1,6,6,3,-1,-1,-1,-1,-1,-1,-1,-1,0,-1
2021351133514,2021,351133514,2,1,0,18,19,2,6,0,0,3,0,0,0,0,2,1,1,1,1,50,8,-1,-1,-1,-1,9,E01018298,0,-1
2021010365510,2021,010365510,1,1,9,99,99,9,9,99,99,9,9,99,9,99,1,1,2,2,1,23,5,-1,-1,-1,-1,8,E01004073,0,-1
2021610040121,2021,610040121,1,9,0,18,19,8,4,0,0,4,0,0,0,0,1,1,6,6,2,39,7,-1,-1,-1,-1,-1,-1,0,-1
2021010298250,2021,010298250,2,1,0,5,5,5,1,0,0,6,0,0,0,0,1,1,6,6,1,36,7,-1,-1,-1,-1,2,E01004570,0,-1
2021010291568,2021,010291568,2,9,0,18,19,3,7,0,0,9,0,0,0,0,3,1,6,6,3,-1,-1,-1,-1,-1,-1,-1,-1,0,-1
2021501026624,2021,501026624,2,1,0,18,19,7,3,0,0,0,2,0,0,0,1,1,5,6,1,27,6,-1,-1,-1,-1,1,E01019995,0,-1
2021041069539,2021,041069539,1,1,0,18,19,3,7,0,0,6,5,0,0,0,4,1,5,6,1,13,3,-1,-1,-1,-1,8,E01024957,0,-1
2021440067853,2021,440067853,1,1,0,7,7,4,6,5,5,8,0,0,0,0,0,1,6,6,1,66,10,-1,-1,-1,-1,8,E01022623,0,-1
202163B062321,2021,63B062321,1,9,0,9,9,8,6,0,0,5,0,0,0,0,3,1,6,6,1,55,8,-1,-1,-1,-1,-1,-1,0,-1
2021101049803,2021,101049803,2,90,0,18,19,1,5,0,0,1,0,0,0,0,1,1,1,1,1,-1,-1,-1,-1,-1,-1,-1,-1,0,-1
2021161073052,2021,161073052,2,9,0,13,13,5,2,0,0,2,0,0,0,0,1,1,6,6,3,-1,-1,-1,-1,-1,-1,-1,-1,0,-1
2021201136903,2021,201136903,1,8,0,2,2,0,0,0,0,0,0,0,0,0,0,1,6,6,3,-1,-1,-1,-1,-1,-1,-1,-1,0,-1
2021161028059,2021,161028059,2,1,0,18,19,5,1,0,0,3,5,0,0,0,4,1,5,6,1,28,6,-1,-1,-1,-1,8,E01012977,0,-1
2021131049822,2021,131049822,2,1,0,18,19,2,6,0,0,8,0,0,0,0,1,1,5,6,1,26,6,-1,-1,-1,-1,6,E01010588,0,-1
2021991076485,2021,991076485,2,1,0,18,19,6,2,0,0,8,2,0,0,0,0,1,6,6,1,33,6,-1,-1,-1,-1,7,-1,0,-1
2021221053530,2021,221053530,2,1,0,18,19,1,5,0,0,0,0,10,1,10,2,1,5,6,1,21,5,-1,-1,-1,-1,3,E01014010,0,-1
2021540299921,2021,540299921,2,1,0,18,19,7,3,0,0,7,0,0,0,0,2,1,6,6,1,67,10,-1,-1,-1,-1,10,E01032700,0,-1
2021451050157,2021,451050157,1,9,0,18,19,1,1,0,0,4,0,0,0,0,2,1,1,1,2,28,6,-1,-1,-1,-1,5,E01016519,0,-1
2021332100764,2021,332100764,1,9,0,18,19,5,1,0,0,1,0,0,0,0,1,1,2,2,1,28,6,-1,-1,-1,-1,4,E01025918,0,-1
2021010312437,2021,010312437,1,1,9,99,99,9,9,99,99,9,9,99,9,99,9,1,6,6,1,48,8,-1,-1,-1,-1,3,E01001000,0,-1
202160Z152408,2021,60Z152408,1,9,0,17,19,1,6,0,0,0,0,0,7,10,1,1,2,2,2,19,4,-1,-1,-1,-1,-1,-1,0,-1
2021221093141,2021,221093141,2,9,0,7,7,6,8,0,0,5,0,0,0,0,0,1,6,6,3,34,6,-1,-1,-1,-1,-1,-1,0,-1
2021501072907,2021,501072907,1,-1,0,18,19,4,8,0,0,0,0,0,0,0,0,1,5,6,1,18,4,-1,-1,-1,-1,3,E01015093,1,-1
2021010352999,2021,010352999,2,11,0,99,99,9,9,99,99,7,9,99,9,99,9,1,6,6,1,-1,-1,-1,-1,-1,-1,3,E01001048,0,-1
202131C093521,2021,31C093521,1,-1,0,18,19,2,6,9,9,1,0,0,0,0,1,1,6,6,1,-1,-1,-1,-1,-1,-1,-1,-1,1,-1
2021201064011,2021,201064011,2,1,0,18,19,-1,-1,0,0,8,0,0,0,0,4,1,6,6,1,22,5,-1,-1,-1,-1,6,E01010132,0,-1
2021421055775,2021,421055775,1,1,0,18,19,1,7,0,0,1,0,0,0,0,4,1,6,6,1,-1,-1,-1,-1,-1,-1,-1,-1,0,-1
2021010350010,2021,010350010,1,1,9,99,99,9,9,99,99,9,9,99,9,99,9,1,1,1,1,32,6,-1,-1,-1,-1,4,E01002744,0,-1
2021111113149,2021,111113149,2,1,0,18,19,5,1,0,0,1,0,0,0,0,1,1,5,6,1,14,3,-1,-1,-1,-1,2,E01020602,0,-1
2021161048847,2021,161048847,1,1,0,3,3,7,3,0,0,1,0,0,0,0,3,1,4,7,1,15,3,-1,-1,-1,-1,9,E01013157,0,-1
2021141122167,2021,141122167,1,9,0,7,7,3,5,0,0,8,0,0,0,0,1,1,2,2,1,30,6,-1,-1,-1,-1,3,E01008108,0,-1
2021440179664,2021,440179664,2,9,0,7,7,5,8,0,0,8,0,0,0,0,3,1,6,6,2,25,5,-1,-1,-1,-1,6,E01022677,0,-1
2021010315172,2021,010315172,1,1,0,18,19,5,1,0,0,2,0,0,0,0,1,1,6,6,1,39,7,-1,-1,-1,-1,2,E01002033,0,-1
2021610033221,2021,610033221,1,9,0,15,15,5,3,0,0,1,0,0,0,0,1,1,6,6,2,54,8,-1,-1,-1,-1,-1,-1,0,-1
2021302101143,2021,302101143,2,19,0,18,19,8,4,0,0,0,0,0,0,0,1,1,6,6,3,-1,-1,-1,-1,-1,-1,5,E01019456,0,-1
2021471015797,2021,471015797,2,1,0,14,14,5,1,0,0,0,0,0,0,0,1,1,2,2,1,46,8,-1,-1,-1,-1,8,E01020953,0,-1
2021461075685,2021,461075685,1,98,1,18,19,-1,-1,0,0,0,0,0,0,0,-1,1,1,1,1,-1,-1,-1,-1,-1,-1,-1,-1,0,-1
2021411068186,2021,411068186,1,1,0,7,7,-1,-1,0,0,1,0,0,0,0,4,1,4,7,1,13,3,-1,-1,-1,-1,6,E01023845,0,-1
2021411100262,2021,411100262,1,9,0,18,19,6,2,0,0,3,1,0,1,0,1,1,1,1,1,34,6,-1,-1,-1,-1,2,E01015794,0,-1
2021010324773,2021,010324773,2,1,9,99,99,9,9,99,99,9,9,99,9,99,1,1,6,6,3,-1,-1,-1,-1,-1,-1,-1,-1,0,-1
2021332100506,2021,332100506,1,9,0,18,19,7,3,0,0,3,5,7,8,2,1,1,6,6,1,-1,-1,-1,-1,-1,-1,-1,-1,0,-1
2021430211360,2021,430211360,2,9,0,9,9,2,8,0,0,5,0,0,0,0,3,1,6,6,1,30,6,-1,-1,-1,-1,-1,-1,0,-1
2021440161681,2021,440161681,1,9,0,18,19,8,4,0,0,8,5,0,0,0,4,1,2,2,1,21,5,-1,-1,-1,-1,5,E01017353,0,-1
2021302100155,2021,302100155,2,1,0,18,19,4,8,0,0,4,0,0,0,0,2,1,6,6,1,58,9,-1,-1,-1,-1,8,E01013546,0,-1
2021052101679,2021,052101679,1,9,0,18,19,1,5,0,0,8,0,0,0,0,1,1,1,1,1,37,7,-1,-1,-1,-1,-1,-1,0,-1
2021010318885,2021,010318885,2,-1,0,12,12,5,1,0,0,2,5,0,0,0,1,1,6,6,1,21,5,-1,-1,-1,-1,2,E01001860,1,-1
2021010317680,2021,010317680,2,9,0,99,99,9,9,99,99,0,9,99,9,99,9,9,6,6,3,-1,-1,-1,-1,-1,-1,-1,-1,0,-1
202163D045921,2021,63D045921,1,9,0,5,5,6,2,0,0,4,0,0,0,0,1,1,6,6,1,45,7,-1,-1,-1,-1,6,W01000502,0,-1
2021545138821,2021,545138821,2,1,0,18,19,5,1,0,0,0,0,0,0,0,3,1,6,6,1,27,6,-1,-1,-1,-1,3,W01000695,0,-1
2021371051423,2021,371051423,2,1,0,18,19,2,6,0,0,0,0,0,0,0,1,1,5,6,1,49,8,-1,-1,-1,-1,5,E01030267,0,-1
2021461065208,2021,461065208,2,1,0,18,19,-1,-1,0,0,0,0,0,0,0,1,1,6,6,1,42,7,-1,-1,-1,-1,5,E01024651,0,-1
2021010303019,2021,010303019,1,9,0,5,5,0,1,0,0,5,0,0,0,0,9,1,6,6,3,-1,-1,-1,-1,-1,-1,-1,-1,0,-1
2021991064195,2021,991064195,2,9,0,10,10,1,1,0,0,0,0,0,0,0,0,1,1,1,2,60,9,-1,-1,-1,-1,3,-1,0,-1
2021010306039,2021,010306039,1,1,0,18,19,7,3,4,4,8,0,0,0,0,1,1,6,6,1,-1,-1,-1,-1,-1,-1,-1,-1,0,-1
2021010300021,2021,010300021,2,1,0,5,5,3,7,0,0,1,0,0,0,0,4,1,6,6,1,22,5,-1,-1,-1,-1,9,E01004632,0,-1
2021991072185,2021,991072185,2,1,0,18,19,6,2,0,0,0,0,0,0,0,2,1,5,6,1,18,4,-1,-1,-1,-1,7,-1,0,-1
202160Z157485,2021,60Z157485,2,1,0,18,19,1,5,0,0,1,2,10,0,0,0,1,6,6,1,54,8,-1,-1,-1,-1,-1,-1,0,-1
2021332100198,2021,332100198,1,9,0,4,4,4,8,0,0,1,0,0,0,0,2,1,6,6,3,-1,-1,-1,-1,-1,-1,-1,-1,0,-1
2021501083535,2021,501083535,1,10,0,10,10,5,1,0,0,0,0,0,1,0,1,1,1,1,2,51,8,-1,-1,-1,-1,5,E01020157,0,-1
2021440397737,2021,440397737,1,1,0,18,19,4,8,4,4,1,0,0,0,0,1,1,2,2,1,66,10,-1,-1,-1,-1,9,E01022788,0,-1
2021010310113,2021,010310113,2,3,0,9,9,3,1,0,0,1,0,0,0,0,1,1,6,6,1,18,4,-1,-1,-1,-1,4,E01000155,0,-1
2021010288234,2021,010288234,2,1,0,99,99,9,9,0,0,0,0,0,0,0,1,1,6,6,2,-1,-1,-1,-1,-1,-1,-1,-1,0,-1
2021401054422,2021,401054422,3,9,0,2,2,0,0,0,0,1,0,4,0,0,3,1,5,6,3,-1,-1,-1,-1,-1,-1,-1,-1,0,-1
2021201036887,2021,201036887,1,98,0,18,19,-1,-1,0,0,0,0,0,0,0,2,1,6,6,3,-1,-1,-1,-1,-1,-1,-1,-1,0,-1
2021131069669,2021,131069669,2,9,0,18,19,3,7,0,0,0,5,0,1,0,1,1,6,6,1,75,10,-1,-1,-1,-1,4,E01011839,0,-1
2021440210498,2021,440210498,1,1,0,18,19,3,7,0,0,1,0,0,0,0,1,1,6,6,1,58,9,-1,-1,-1,-1,4,E01017081,0,-1
2021010298143,2021,010298143,1,1,0,18,19,5,1,0,0,1,0,0,0,0,1,1,1,1,1,58,9,-1,-1,-1,-1,3,E01002711,0,-1
2021522103150,2021,522103150,1,-1,0,14,14,7,3,0,0,0,0,0,0,0,2,1,6,6,1,34,6,-1,-1,-1,-1,5,E01014925,1,-1
2021622100491,2021,622100491,2,1,0,18,19,7,3,0,0,0,0,0,0,0,1,1,6,6,1,26,6,-1,-1,-1,-1,3,W01001764,0,-1
2021161113560,2021,161113560,1,90,0,2,2,0,0,0,0,0,0,0,0,0,2,1,5,6,3,-1,-1,-1,-1,-1,-1,-1,-1,0,-1
2021332100608,2021,332100608,3,9,0,3,3,6,2,0,0,2,0,0,0,0,2,1,6,6,1,64,9,-1,-1,-1,-1,9,E01025737,0,-1
2021991097027,2021,991097027,2,1,0,18,19,8,4,0,0,0,0,0,0,0,2,1,2,2,1,36,7,-1,-1,-1,-1,-1,-1,0,-1
2021052102505,2021,052102505,2,1,0,18,19,4,8,0,0,8,0,0,0,0,3,1,4,7,1,11,3,-1,-1,-1,-1,2,E01007214,0,-1
2021622100728,2021,622100728,2,1,0,15,15,4,8,0,0,0,0,0,0,0,1,1,6,6,1,15,3,-1,-1,-1,-1,2,W01001697,0,-1
2021041094808,2021,041094808,1,9,0,17,19,4,8,0,0,0,2,0,1,11,1,1,5,6,1,19,4,-1,-1,-1,-1,8,E01024944,0,-1
2021052101860,2021,052101860,2,1,0,5,5,3,7,0,0,1,0,0,0,0,1,1,6,6,1,13,3,-1,-1,-1,-1,9,E01006828,0,-1
202131A133621,2021,31A133621,1,9,0,4,4,1,5,0,0,1,0,0,0,0,1,1,6,6,1,-1,-1,-1,-1,-1,-1,-1,-1,0,-1
2021061078629,2021,061078629,1,-1,0,18,19,8,4,0,0,8,0,0,0,0,3,1,6,6,3,30,6,-1,-1,-1,-1,-1,-1,0,-1
2021501066730,2021,501066730,2,9,0,18,19,1,5,0,0,0,0,0,0,0,1,1,6,6,1,75,10,-1,-1,-1,-1,1,E01015075,0,-1
2021010315157,2021,010315157,1,1,0,2,2,0,0,0,0,2,0,0,0,0,0,1,6,6,1,24,5,-1,-1,-1,-1,2,E01001750,0,-1
2021161042778,2021,161042778,2,9,0,9,9,2,6,0,0,8,0,0,0,0,1,1,6,6,3,-1,-1,-1,-1,-1,-1,-1,-1,0,-1
2021231068510,2021,231068510,2,1,0,18,19,2,6,5,5,1,0,0,0,0,2,1,5,6,2,50,8,-1,-1,-1,-1,3,E01010137,0,-1
2021052100352,2021,052100352,2,1,0,18,19,4,8,0,0,8,0,0,0,0,4,1,6,6,1,50,8,-1,-1,-1,-1,6,E01006864,0,-1
2021131069122,2021,131069122,1,9,0,10,10,5,1,0,0,8,0,0,0,0,2,1,6,6,2,31,6,-1,-1,-1,-1,1,E01010608,0,-1
2021161073718,2021,161073718,1,9,0,4,4,5,1,0,0,0,0,0,0,0,1,1,1,1,1,51,8,-1,-1,-1,-1,9,E01012962,0,-1
2021010305077,2021,010305077,2,9,0,99,99,9,9,99,99,9,9,99,9,99,1,9,6,6,3,31,6,-1,-1,-1,-1,4,E01000155,0,-1
2021041034819,2021,041034819,1,9,0,7,7,5,8,0,0,1,0,0,0,0,1,1,6,6,3,-1,-1,-1,-1,-1,-1,-1,-1,0,-1
2021371081494,2021,371081494,2,1,0,18,19,6,2,0,0,0,0,0,0,0,3,1,2,2,1,26,6,-1,-1,-1,-1,5,E01022014,0,-1
2021010319446,2021,010319446,1,-1,9,99,99,9,9,99,99,1,9,99,9,99,9,1,6,6,2,25,5,-1,-1,-1,-1,5,E01001086,1,-1
2021031100212,2021,031100212,2,9,0,4,4,4,8,0,0,1,0,0,0,0,2,1,2,2,1,36,7,-1,-1,-1,-1,5,E01019233,0,-1
2021332100680,2021,332100680,1,3,0,18,19,1,5,0,0,0,0,10,0,0,4,1,6,6,1,18,4,-1,-1,-1,-1,4,E01013662,0,-1
2021010321253,2021,010321253,1,9,0,18,19,3,7,0,0,0,0,0,0,0,1,1,6,6,3,-1,-1,-1,-1,-1,-1,-1,-1,0,-1
2021010289991,2021,010289991,1,9,0,3,3,5,1,0,0,1,1,0,0,0,2,1,6,6,2,30,6,-1,-1,-1,-1,4,E01002845,0,-1
2021501066426,2021,501066426,2,-1,0,18,19,7,3,0,0,0,0,4,0,0,1,1,6,6,1,22,5,-1,-1,-1,-1,1,E01015058,1,-1
2021361088276,2021,361088276,1,1,0,18,19,7,3,0,0,0,0,4,0,0,1,1,5,6,1,44,7,-1,-1,-1,-1,1,E01026662,0,-1
2021361121783,2021,361121783,2,1,0,7,7,3,5,0,0,4,0,0,0,0,0,1,6,6,1,53,8,-1,-1,-1,-1,9,E01026550,0,-1
2021010338510,2021,010338510,2,1,0,18,19,5,1,0,0,0,0,0,0,0,1,1,6,6,1,10,2,-1,-1,-1,-1,3,E01004378,0,-1
2021141111558,2021,141111558,3,1,0,18,19,4,8,5,5,1,5,0,4,0,4,1,6,6,1,55,8,-1,-1,-1,-1,1,E01007530,0,-1
2021010289317,2021,010289317,3,9,0,18,19,7,3,0,0,0,0,0,0,0,1,1,6,6,1,-1,-1,-1,-1,-1,-1,3,E01000148,0,-1
2021010339441,2021,010339441,2,9,0,18,19,7,3,0,0,2,0,0,0,0,1,1,6,6,3,-1,-1,-1,-1,-1,-1,-1,-1,0,-1
2021221090720,2021,221090720,2,1,0,18,19,5,1,0,0,0,0,0,0,0,4,1,5,6,1,48,8,-1,-1,-1,-1,5,E01032354,0,-1
2021471034287,2021,471034287,3,9,0,4,4,5,7,0,0,1,0,0,0,0,2,1,1,1,1,19,4,-1,-1,-1,-1,9,E01021056,0,-1
2021010306723,2021,010306723,1,19,0,18,19,1,5,0,0,0,0,0,0,0,1,1,1,1,1,22,5,-1,-1,-1,-1,3,E01002400,0,-1
2021010305602,2021,010305602,2,1,9,99,99,9,9,99,99,9,9,99,9,99,1,1,6,6,2,41,7,-1,-1,-1,-1,5,E01000964,0,-1
2021010333064,2021,010333064,2,1,0,18,19,3,7,0,0,8,0,0,0,0,1,1,2,2,1,29,6,-1,-1,-1,-1,4,E01004682,0,-1
2021010349308,2021,010349308,2,19,9,99,99,9,9,99,99,9,9,99,0,0,9,9,6,6,3,-1,-1,-1,-1,-1,-1,3,E01001338,0,-1
2021122100718,2021,122100718,2,1,0,18,19,2,6,0,0,0,0,0,0,0,2,1,6,6,3,-1,-1,-1,-1,-1,-1,-1,-1,0,-1
2021221027000,2021,221027000,2,5,0,17,19,1,6,0,0,8,0,0,0,0,4,1,5,6,1,28,6,-1,-1,-1,-1,6,E01029006,0,-1