collision_index,collision_year,collision_ref_no,vehicle_reference,vehicle_type,towing_and_articulation,vehicle_manoeuvre_historic,vehicle_manoeuvre,vehicle_direction_from,vehicle_direction_to,vehicle_location_restricted_lane_historic,vehicle_location_restricted_lane,junction_location,skidding_and_overturning,hit_object_in_carriageway,vehicle_leaving_carriageway,hit_object_off_carriageway,first_point_of_impact,vehicle_left_hand_drive,journey_purpose_of_driver_historic,journey_purpose_of_driver,sex_of_driver,age_of_driver,age_band_of_driver,engine_capacity_cc,propulsion_code,age_of_vehicle,generic_make_model,driver_imd_decile,lsoa_of_driver,escooter_flag,driver_distance_banding
2021061098047,2021,061098047,1,97,0,18,19,5,5,0,0,1,5,0,0,0,1,1,6,6,1,20,4,-1,-1,-1,-1,-1,-1,0,-1
202163D048521,2021,63D048521,1,90,0,16,19,6,1,0,0,0,0,0,2,10,4,1,1,1,1,49,8,-1,-1,-1,-1,4,E01028914,0,-1
2021010301959,2021,010301959,2,1,0,18,19,7,3,9,9,0,0,0,0,0,1,1,6,6,1,18,4,-1,-1,-1,-1,8,E01001208,0,-1
2021221126183,2021,221126183,1,19,0,7,7,3,5,0,0,2,0,0,0,0,1,1,6,6,2,36,7,-1,-1,-1,-1,1,E01032204,0,-1
2021041045198,2021,041045198,2,1,0,18,19,3,7,0,0,0,5,0,0,0,3,1,6,6,1,20,4,-1,-1,-1,-1,6,E01025031,0,-1
2021010316317,2021,010316317,1,1,9,99,99,9,9,99,99,9,9,99,9,99,1,1,2,2,1,27,6,-1,-1,-1,-1,4,E01000928,0,-1
2021401076621,2021,401076621,3,9,0,3,3,3,7,0,0,0,0,0,0,0,1,1,2,2,2,24,5,-1,-1,-1,-1,8,E01017526,0,-1
2021141094064,2021,141094064,2,9,0,18,19,3,7,0,0,0,0,0,0,0,1,1,1,1,3,-1,-1,-1,-1,-1,-1,-1,-1,0,-1
2021430071032,2021,430071032,4,9,0,4,4,5,1,0,0,0,0,0,0,0,2,1,6,6,1,24,5,-1,-1,-1,-1,5,E01023843,0,-1
2021522102660,2021,522102660,1,9,0,9,9,1,7,0,0,1,0,0,0,0,1,1,6,6,3,-1,-1,-1,-1,-1,-1,-1,-1,0,-1
2021302101869,2021,302101869,1,9,0,18,19,7,3,0,0,0,0,0,0,0,4,1,6,6,3,-1,-1,-1,-1,-1,-1,5,E01019456,0,-1
2021010333050,2021,010333050,1,1,9,99,99,9,9,99,99,9,9,99,9,99,1,1,1,1,1,31,6,-1,-1,-1,-1,1,E01001944,0,-1
2021221075294,2021,221075294,1,9,0,18,19,5,1,0,0,1,0,0,0,0,1,1,5,6,1,30,6,-1,-1,-1,-1,-1,-1,0,-1
20211383P1123,2021,1383P1123,2,1,0,18,19,2,6,0,0,6,1,0,0,0,1,1,6,6,1,13,3,-1,-1,-1,-1,1,E01010868,0,-1
2021421050271,2021,421050271,1,1,0,18,19,5,1,5,5,0,0,0,0,0,1,1,6,6,1,30,6,-1,-1,-1,-1,-1,-1,0,-1
2021430506924,2021,430506924,1,9,0,18,19,1,5,0,0,8,0,0,0,0,3,1,6,6,1,63,9,-1,-1,-1,-1,-1,-1,0,-1
2021010306495,2021,010306495,2,90,9,18,19,7,3,99,99,9,9,99,0,0,9,9,6,6,1,16,4,-1,-1,-1,-1,2,E01003150,0,-1
202134WNC2171,2021,34WNC2171,2,1,0,18,19,3,7,0,0,8,0,0,0,0,1,1,6,6,1,54,8,-1,-1,-1,-1,10,E01027355,0,-1
2021010287591,2021,010287591,2,1,0,18,19,7,3,0,0,8,0,0,0,0,3,1,1,1,1,20,4,-1,-1,-1,-1,-1,-1,0,-1
2021041071574,2021,041071574,2,1,0,18,19,7,3,0,0,1,0,0,0,0,1,1,6,6,2,21,5,-1,-1,-1,-1,2,E01025115,0,-1
202160Z138350,2021,60Z138350,1,9,0,18,19,8,4,0,0,1,0,0,1,10,1,1,6,6,1,25,5,-1,-1,-1,-1,-1,-1,0,-1
2021231154686,2021,231154686,2,9,0,12,12,8,4,0,0,7,0,0,0,0,2,1,5,6,2,26,6,-1,-1,-1,-1,7,E01020390,0,-1
2021430349099,2021,430349099,1,19,0,11,11,4,8,0,0,8,0,0,0,0,2,1,1,1,1,47,8,-1,-1,-1,-1,4,E01028525,0,-1
2021430312945,2021,430312945,1,9,0,18,19,8,4,0,0,0,0,0,0,0,1,1,6,6,3,-1,-1,-1,-1,-1,-1,-1,-1,0,-1
2021052101906,2021,052101906,1,1,0,18,19,2,6,0,0,8,0,0,0,0,2,1,2,2,1,30,6,-1,-1,-1,-1,1,E01007009,0,-1
2021421067668,2021,421067668,1,98,0,17,19,1,6,0,0,0,0,0,0,0,0,1,6,6,3,40,7,-1,-1,-1,-1,-1,-1,0,-1
2021010311715,2021,010311715,2,1,0,15,15,7,3,0,0,1,0,11,0,0,4,1,6,6,1,54,8,-1,-1,-1,-1,4,E01000557,0,-1
2021010334249,2021,010334249,2,9,0,99,99,9,9,99,99,9,9,99,9,99,1,9,6,6,1,-1,-1,-1,-1,-1,-1,1,E01001507,0,-1
2021542160421,2021,542160421,1,9,0,1,1,4,8,0,0,0,0,0,0,0,2,1,6,6,2,-1,-1,-1,-1,-1,-1,-1,-1,0,-1
2021061033988,2021,061033988,2,1,0,18,19,3,7,0,0,8,0,0,0,0,2,1,3,7,1,16,4,-1,-1,-1,-1,5,E01006304,0,-1
2021320653173,2021,320653173,2,98,0,9,9,1,5,0,0,0,0,0,0,0,2,1,1,1,1,56,9,-1,-1,-1,-1,2,E01026095,0,-1
2021991089075,2021,991089075,2,1,0,14,14,5,1,0,0,0,0,4,0,0,3,1,6,6,1,49,8,-1,-1,-1,-1,10,-1,0,-1
2021471040970,2021,471040970,1,1,0,18,19,8,4,9,9,2,0,0,0,0,1,1,6,6,2,13,3,-1,-1,-1,-1,5,E01021116,0,-1
2021231061761,2021,231061761,2,1,0,18,19,3,7,0,0,8,0,0,0,0,3,1,6,6,1,57,9,-1,-1,-1,-1,9,E01031136,0,-1
2021010328601,2021,010328601,2,-1,0,18,19,5,1,9,9,1,1,0,0,0,4,1,6,6,1,32,6,-1,-1,-1,-1,-1,-1,1,-1
2021010336560,2021,010336560,3,9,0,2,2,0,0,0,0,2,0,0,0,0,2,1,6,6,3,-1,-1,-1,-1,-1,-1,-1,-1,0,-1
2021430323735,2021,430323735,2,1,0,18,19,4,8,0,0,8,0,0,0,0,1,1,2,2,1,33,6,-1,-1,-1,-1,4,E01017708,0,-1
2021610034221,2021,610034221,2,9,0,18,19,2,6,0,0,0,0,0,0,0,1,1,6,6,3,-1,-1,-1,-1,-1,-1,-1,-1,0,-1
2021061055068,2021,061055068,1,9,0,12,12,2,6,0,0,0,0,0,0,0,3,1,6,6,3,30,6,-1,-1,-1,-1,-1,-1,0,-1
202131B000521,2021,31B000521,1,9,4,2,2,0,0,0,0,0,0,0,0,0,1,1,6,6,1,-1,-1,-1,-1,-1,-1,-1,-1,0,-1
2021471115392,2021,471115392,1,9,0,18,19,7,2,0,0,1,0,0,0,0,1,1,6,6,3,-1,-1,-1,-1,-1,-1,-1,-1,0,-1
2021531061921,2021,531061921,2,90,0,18,19,1,5,0,0,0,0,0,0,0,2,1,1,1,1,50,8,-1,-1,-1,-1,9,E01031953,0,-1
2021440175445,2021,440175445,2,1,0,18,19,4,8,0,0,8,0,0,0,0,1,1,6,6,1,58,9,-1,-1,-1,-1,8,E01016674,0,-1
2021161093399,2021,161093399,1,1,0,18,19,4,8,0,0,0,0,0,0,0,0,1,6,6,1,53,8,-1,-1,-1,-1,3,E01013192,0,-1
2021010312693,2021,010312693,1,19,0,1,1,1,5,0,0,0,0,0,0,0,2,1,6,6,3,-1,-1,-1,-1,-1,-1,-1,-1,0,-1
2021010291681,2021,010291681,1,19,0,5,5,1,5,9,9,1,0,0,0,0,4,9,6,6,3,-1,-1,-1,-1,-1,-1,-1,-1,0,-1
2021451070784,2021,451070784,2,9,0,1,1,5,1,0,0,0,0,0,0,0,2,1,6,6,2,30,6,-1,-1,-1,-1,-1,-1,0,-1
2021010290708,2021,010290708,2,1,0,18,19,1,5,0,0,8,0,0,0,0,4,1,6,6,1,40,7,-1,-1,-1,-1,7,E01000983,0,-1
202160Z087132,2021,60Z087132,1,3,0,18,19,3,7,0,0,1,0,0,0,0,1,1,6,6,1,19,4,-1,-1,-1,-1,-1,-1,0,-1
2021991192626,2021,991192626,1,9,0,18,19,5,8,0,0,0,0,0,0,0,3,1,5,6,1,43,7,-1,-1,-1,-1,8,-1,0,-1
2021010294170,2021,010294170,1,1,9,99,99,9,9,99,99,9,9,99,9,99,1,1,2,2,1,28,6,-1,-1,-1,-1,2,E01004062,0,-1
2021522101845,2021,522101845,2,-1,0,18,19,1,5,9,9,8,0,0,0,0,1,1,6,6,2,28,6,-1,-1,-1,-1,2,E01014660,1,-1
2021471072455,2021,471072455,2,1,0,18,19,3,7,9,9,2,5,0,0,0,1,1,5,6,1,14,3,-1,-1,-1,-1,-1,-1,0,-1
2021141059637,2021,141059637,2,1,0,18,19,1,5,9,9,0,0,0,0,0,1,1,6,6,1,44,7,-1,-1,-1,-1,-1,-1,0,-1
2021010310931,2021,010310931,1,1,9,99,99,9,9,99,99,9,9,99,9,99,9,1,6,6,1,83,11,-1,-1,-1,-1,5,E01001641,0,-1
2021010339856,2021,010339856,1,3,9,99,99,9,9,99,99,9,9,99,9,99,9,1,6,6,1,33,6,-1,-1,-1,-1,-1,-1,0,-1
2021552101035,2021,552101035,1,1,0,18,19,5,1,0,0,8,0,0,0,0,4,1,6,6,1,19,4,-1,-1,-1,-1,6,E01015355,0,-1
2021101107256,2021,101107256,1,9,0,5,5,3,7,0,0,0,0,0,0,0,4,1,6,6,3,-1,-1,-1,-1,-1,-1,-1,-1,0,-1
2021138372040,2021,138372040,1,90,0,18,19,7,3,0,0,2,0,0,0,0,1,1,6,6,1,24,5,-1,-1,-1,-1,3,E01011903,0,-1
2021010350504,2021,010350504,1,1,9,99,99,9,9,99,99,9,9,99,9,99,9,1,6,6,1,64,9,-1,-1,-1,-1,3,E01002841,0,-1
2021991153356,2021,991153356,1,1,0,18,19,7,4,0,0,1,1,0,0,0,0,1,2,2,1,58,9,-1,-1,-1,-1,9,-1,0,-1
2021031115065,2021,031115065,2,1,0,18,19,4,8,0,0,8,0,0,0,0,4,1,6,6,1,52,8,-1,-1,-1,-1,3,E01019184,0,-1
2021440409025,2021,440409025,1,1,0,18,19,5,1,0,0,1,0,0,0,0,1,1,6,6,2,66,10,-1,-1,-1,-1,5,E01017097,0,-1
2021010343381,2021,010343381,1,1,9,99,99,9,9,99,99,0,9,99,9,99,1,1,2,2,2,30,6,-1,-1,-1,-1,4,E01004065,0,-1
202131B038921,2021,31B038921,2,1,0,14,14,1,5,0,0,0,0,0,0,0,1,1,6,6,1,65,9,-1,-1,-1,-1,8,E01028350,0,-1
2021201085709,2021,201085709,1,9,0,13,13,1,5,0,0,0,0,0,0,0,1,1,6,6,3,-1,-1,-1,-1,-1,-1,-1,-1,0,-1
2021010297519,2021,010297519,2,1,0,4,4,3,7,5,5,1,0,0,0,0,1,1,6,6,1,21,5,-1,-1,-1,-1,9,E01002421,0,-1
2021010310645,2021,010310645,1,1,9,99,99,9,9,99,99,9,9,99,9,99,9,1,6,6,1,37,7,-1,-1,-1,-1,3,E01003544,0,-1
2021411114024,2021,411114024,2,1,0,18,19,7,8,0,0,0,0,0,0,0,4,1,1,1,1,42,7,-1,-1,-1,-1,7,E01023398,0,-1
2021201070486,2021,201070486,1,9,0,7,7,6,8,0,0,6,0,0,0,0,1,1,6,6,3,-1,-1,-1,-1,-1,-1,-1,-1,0,-1
2021991053197,2021,991053197,1,1,0,18,19,4,8,0,0,0,0,0,0,0,1,1,5,6,1,15,3,-1,-1,-1,-1,3,-1,0,-1
202160Z072610,2021,60Z072610,3,9,0,4,4,3,7,0,0,0,0,0,0,0,2,1,6,6,1,37,7,-1,-1,-1,-1,-1,-1,0,-1
202160Z040817,2021,60Z040817,2,97,0,3,3,4,8,0,0,0,0,0,0,0,1,1,6,6,1,28,6,-1,-1,-1,-1,-1,-1,0,-1
2021061062567,2021,061062567,1,9,0,18,19,1,5,0,0,2,0,0,0,0,1,1,6,6,3,30,6,-1,-1,-1,-1,-1,-1,0,-1
2021010295293,2021,010295293,2,8,9,99,99,9,9,99,99,9,9,99,9,99,9,9,6,6,3,-1,-1,-1,-1,-1,-1,-1,-1,0,-1
2021201145966,2021,201145966,2,1,0,18,19,8,4,0,0,8,0,0,0,0,4,1,6,6,1,18,4,-1,-1,-1,-1,10,E01010227,0,-1
2021991110145,2021,991110145,2,1,0,18,19,5,1,0,0,8,0,0,0,0,1,1,6,6,2,34,6,-1,-1,-1,-1,6,-1,0,-1
2021201147484,2021,201147484,3,9,0,2,2,0,0,0,0,0,0,0,0,0,4,1,6,6,1,20,4,-1,-1,-1,-1,4,E01009658,0,-1
2021451065040,2021,451065040,1,1,0,18,19,3,7,0,0,1,0,0,0,0,1,1,5,6,1,23,5,-1,-1,-1,-1,7,E01030729,0,-1
2021010338752,2021,010338752,2,1,0,18,19,4,8,0,0,1,0,2,0,0,3,1,6,6,1,35,6,-1,-1,-1,-1,2,E01033586,0,-1
2021522106107,2021,522106107,2,3,0,18,19,7,3,0,0,8,0,0,0,0,1,1,6,6,1,18,4,-1,-1,-1,-1,6,E01014846,0,-1
2021052102497,2021,052102497,1,9,0,5,5,6,2,0,0,1,0,0,0,0,4,1,6,6,3,-1,-1,-1,-1,-1,-1,-1,-1,0,-1
2021332100823,2021,332100823,2,9,0,18,19,2,6,0,0,8,0,0,0,0,1,1,1,1,1,21,5,-1,-1,-1,-1,9,E01025777,0,-1
2021010339445,2021,010339445,2,97,0,99,99,9,9,99,99,9,9,99,9,99,9,1,6,6,3,-1,-1,-1,-1,-1,-1,-1,-1,0,-1
2021461080175,2021,461080175,2,1,0,18,19,3,7,0,0,4,0,0,0,0,4,1,5,6,2,40,7,-1,-1,-1,-1,6,E01024062,0,-1
2021622100450,2021,622100450,1,97,0,18,19,4,8,0,0,0,0,0,0,0,1,1,6,6,3,-1,-1,-1,-1,-1,-1,-1,-1,0,-1
2021161093298,2021,161093298,2,1,0,18,19,1,5,9,9,1,0,0,0,0,1,1,4,7,1,12,3,-1,-1,-1,-1,1,E01013229,0,-1
2021010348370,2021,010348370,2,20,0,11,11,5,1,0,0,2,0,0,0,0,1,2,1,1,1,41,7,-1,-1,-1,-1,-1,-1,0,-1
2021010289060,2021,010289060,1,9,9,99,99,9,9,99,99,9,9,99,9,99,9,1,6,6,1,20,4,-1,-1,-1,-1,5,E01001499,0,-1
2021010305931,2021,010305931,2,9,0,10,10,6,4,0,0,1,0,0,0,0,3,1,6,6,3,-1,-1,-1,-1,-1,-1,-1,-1,0,-1
2021101020146,2021,101020146,2,1,0,18,19,1,5,0,0,8,0,0,0,0,2,1,1,1,1,45,7,-1,-1,-1,-1,3,E01008258,0,-1
2021010302154,2021,010302154,1,9,0,9,9,6,4,0,0,8,0,0,0,0,3,1,1,1,1,35,6,-1,-1,-1,-1,4,E01033739,0,-1
2021111035348,2021,111035348,1,1,0,12,12,3,7,0,0,1,0,0,0,0,1,1,6,6,1,73,10,-1,-1,-1,-1,3,E01011964,0,-1
2021421033155,2021,421033155,1,9,0,18,19,4,1,0,0,8,0,0,0,0,1,1,6,6,1,-1,-1,-1,-1,-1,-1,-1,-1,0,-1
2021461014102,2021,461014102,2,9,0,5,5,4,2,0,0,1,0,0,0,0,4,1,1,1,1,35,6,-1,-1,-1,-1,9,E01024074,0,-1
2021231042894,2021,231042894,2,2,0,18,19,6,2,0,0,8,0,10,1,11,2,1,5,6,3,25,5,-1,-1,-1,-1,-1,-1,0,-1
2021010334078,2021,010334078,2,8,0,99,99,9,9,99,99,9,9,99,9,99,9,9,6,6,3,-1,-1,-1,-1,-1,-1,-1,-1,0,-1
2021522200054,2021,522200054,2,1,0,18,19,1,5,0,0,0,0,0,0,0,1,1,6,6,1,9,2,-1,-1,-1,-1,3,E01032517,0,-1
2021010301000,2021,010301000,1,9,0,18,19,5,1,0,0,0,0,0,0,0,1,1,1,1,1,35,6,-1,-1,-1,-1,-1,-1,0,-1
2021332100433,2021,332100433,1,9,0,5,5,5,2,0,0,2,0,0,0,0,1,1,6,6,2,35,6,-1,-1,-1,-1,1,E01013653,0,-1
2021061038165,2021,061038165,4,19,0,18,19,3,7,0,0,1,0,0,0,0,1,1,1,1,3,30,6,-1,-1,-1,-1,-1,-1,0,-1
2021010348027,2021,010348027,2,8,0,99,99,9,9,99,99,9,9,99,9,99,9,9,6,6,3,-1,-1,-1,-1,-1,-1,-1,-1,0,-1
2021010313323,2021,010313323,2,-1,0,18,19,1,5,0,0,1,0,0,0,0,1,1,6,6,1,16,4,-1,-1,-1,-1,6,E01001270,1,-1
2021070351967,2021,070351967,1,9,0,15,15,2,6,0,0,0,0,0,0,0,2,1,6,6,3,-1,-1,-1,-1,-1,-1,-1,-1,0,-1
2021052102139,2021,052102139,1,9,0,18,19,4,8,0,0,8,0,0,0,0,1,1,1,1,3,-1,-1,-1,-1,-1,-1,-1,-1,0,-1
2021461051834,2021,461051834,1,9,0,18,19,6,2,0,0,0,0,0,0,0,2,1,6,6,3,-1,-1,-1,-1,-1,-1,-1,-1,0,-1
2021010312581,2021,010312581,1,-1,0,18,19,3,7,0,0,8,0,0,0,0,1,1,6,6,3,-1,-1,-1,-1,-1,-1,-1,-1,1,-1
2021411092601,2021,411092601,3,9,0,4,4,6,2,0,0,0,0,0,0,0,2,1,5,6,1,43,7,-1,-1,-1,-1,10,E01029514,0,-1
2021522102521,2021,522102521,1,9,0,18,19,2,6,0,0,0,0,0,0,0,1,1,6,6,3,-1,-1,-1,-1,-1,-1,-1,-1,0,-1
2021010337732,2021,010337732,2,1,0,14,14,3,7,0,0,0,0,8,0,0,3,1,2,2,1,27,6,-1,-1,-1,-1,-1,-1,0,-1
2021440394636,2021,440394636,2,9,0,18,19,2,6,0,0,1,0,0,0,0,1,1,6,6,3,-1,-1,-1,-1,-1,-1,-1,-1,0,-1
2021061069368,2021,061069368,1,-1,0,18,19,2,6,0,0,8,0,0,0,0,1,1,6,6,1,11,3,-1,-1,-1,-1,-1,-1,1,-1
2021332100364,2021,332100364,1,9,0,18,19,4,8,0,0,2,5,0,0,0,1,1,6,6,2,79,11,-1,-1,-1,-1,7,E01013787,0,-1
2021320592270,2021,320592270,2,9,0,9,9,5,2,0,0,1,0,0,0,0,2,1,1,1,1,30,6,-1,-1,-1,-1,1,E01007668,0,-1
2021421089291,2021,421089291,1,9,0,16,19,7,3,0,0,0,1,0,1,9,2,1,6,6,1,59,9,-1,-1,-1,-1,6,E01021903,0,-1
2021411042804,2021,411042804,2,1,0,18,19,1,5,0,0,3,0,0,0,0,4,1,6,6,1,48,8,-1,-1,-1,-1,8,E01033029,0,-1
2021010297487,2021,010297487,2,1,0,18,19,5,1,0,0,8,0,0,0,0,3,1,6,6,2,57,9,-1,-1,-1,-1,4,E01004142,0,-1
2021052101600,2021,052101600,2,1,0,5,5,2,6,0,0,0,0,0,0,0,3,1,6,6,1,41,7,-1,-1,-1,-1,4,E01006839,0,-1
2021501144786,2021,501144786,1,9,0,18,19,1,5,0,0,0,0,0,0,0,1,1,1,1,1,58,9,-1,-1,-1,-1,5,E01029253,0,-1
2021052100159,2021,052100159,2,1,0,18,19,3,7,0,0,8,0,0,0,0,3,1,1,1,1,58,9,-1,-1,-1,-1,9,E01006394,0,-1
202160Z139059,2021,60Z139059,1,21,1,18,19,4,8,0,0,0,0,0,0,0,0,1,6,6,3,-1,-1,-1,-1,-1,-1,-1,-1,0,-1
2021010340871,2021,010340871,2,2,0,99,99,9,9,99,99,9,9,99,9,99,9,1,6,6,3,-1,-1,-1,-1,-1,-1,-1,-1,0,-1
2021010318263,2021,010318263,2,1,0,13,13,5,1,0,0,1,0,0,0,0,4,1,2,2,1,61,9,-1,-1,-1,-1,4,E01003249,0,-1
2021010346590,2021,010346590,2,9,0,3,3,7,3,0,0,0,0,0,0,0,1,1,6,6,3,-1,-1,-1,-1,-1,-1,-1,-1,0,-1
2021010333192,2021,010333192,2,1,0,18,19,1,5,0,0,8,0,0,1,0,1,1,6,6,1,51,8,-1,-1,-1,-1,1,E01004420,0,-1
2021010357938,2021,010357938,1,1,9,99,99,9,9,99,99,9,9,99,9,99,9,9,6,6,1,-1,-1,-1,-1,-1,-1,4,E01000864,0,-1
2021461037901,2021,461037901,2,9,0,18,19,3,7,0,0,2,0,0,0,0,1,1,6,6,1,65,9,-1,-1,-1,-1,7,E01032656,0,-1
2021010330279,2021,010330279,2,9,0,99,99,9,9,99,99,9,9,99,9,99,1,9,6,6,3,-1,-1,-1,-1,-1,-1,-1,-1,0,-1
2021010344666,2021,010344666,2,1,0,3,3,2,6,4,4,1,0,0,0,0,2,1,6,6,1,45,7,-1,-1,-1,-1,4,E01000864,0,-1
2021010357938,2021,010357938,2,9,9,99,99,9,9,99,99,9,9,99,9,99,9,9,6,6,3,-1,-1,-1,-1,-1,-1,-1,-1,0,-1
2021010321824,2021,010321824,1,1,9,99,99,9,9,99,99,9,9,99,9,99,9,1,6,6,1,56,9,-1,-1,-1,-1,3,E01004575,0,-1
2021010310512,2021,010310512,2,9,0,2,2,0,0,0,0,8,0,0,0,0,3,1,6,6,3,-1,-1,-1,-1,-1,-1,-1,-1,0,-1
2021430073798,2021,430073798,2,1,0,7,7,5,8,0,0,5,0,0,0,0,2,1,6,6,1,26,6,-1,-1,-1,-1,6,E01017781,0,-1
2021052102346,2021,052102346,2,1,0,18,19,3,7,0,0,5,0,0,0,0,4,1,2,2,1,21,5,-1,-1,-1,-1,1,E01006919,0,-1
2021061097657,2021,061097657,1,9,0,18,19,5,1,0,0,1,0,0,0,0,2,1,6,6,3,30,6,-1,-1,-1,-1,-1,-1,0,-1
2021131070641,2021,131070641,1,9,0,7,7,3,6,0,0,8,0,-1,-1,-1,4,1,6,6,3,-1,-1,-1,-1,-1,-1,-1,-1,0,-1
2021332100882,2021,332100882,1,5,0,18,19,7,3,0,0,0,0,0,1,0,1,1,6,6,1,49,8,-1,-1,-1,-1,7,E01026005,0,-1
2021061120154,2021,061120154,2,1,0,18,19,6,6,0,0,1,0,0,0,0,1,1,6,6,1,64,9,-1,-1,-1,-1,1,E01005071,0,-1
2021201127124,2021,201127124,1,9,0,17,19,8,6,0,0,0,0,0,0,0,1,1,6,6,2,-1,-1,-1,-1,-1,-1,-1,-1,0,-1
2021430505909,2021,430505909,2,9,0,18,19,7,3,0,0,1,0,0,0,0,1,1,6,6,3,-1,-1,-1,-1,-1,-1,-1,-1,0,-1
2021111096203,2021,111096203,1,9,0,18,19,4,2,0,0,0,0,0,0,0,1,1,6,6,1,40,7,-1,-1,-1,-1,-1,-1,0,-1
2021451059079,2021,451059079,2,1,0,18,19,1,4,0,0,1,0,0,0,0,1,1,6,6,1,27,6,-1,-1,-1,-1,8,E01030708,0,-1
2021991116613,2021,991116613,2,9,0,3,3,7,7,0,0,0,0,0,0,0,2,1,2,2,1,25,5,-1,-1,-1,-1,1,-1,0,-1
2021332100802,2021,332100802,2,3,0,18,19,3,7,0,0,8,0,0,0,0,1,1,6,6,1,35,6,-1,-1,-1,-1,4,E01025933,0,-1
2021332100015,2021,332100015,2,9,0,18,19,4,8,0,0,0,0,0,0,0,1,1,6,6,1,25,5,-1,-1,-1,-1,3,E01013752,0,-1
2021501045891,2021,501045891,2,1,0,18,19,1,5,0,0,0,0,0,0,0,1,1,5,6,1,57,9,-1,-1,-1,-1,2,E01015170,0,-1
2021610054021,2021,610054021,1,9,0,16,19,3,6,0,0,0,0,0,0,0,1,1,6,6,2,32,6,-1,-1,-1,-1,-1,-1,0,-1
202131D086521,2021,31D086521,1,1,0,7,7,6,2,0,0,5,0,0,0,0,1,1,1,1,1,20,4,-1,-1,-1,-1,4,E01028208,0,-1
2021351097679,2021,351097679,2,1,0,18,19,1,6,0,0,8,0,0,0,0,3,1,2,2,2,22,5,-1,-1,-1,-1,-1,-1,0,-1
2021351119575,2021,351119575,1,9,-1,-1,-1,-1,-1,-1,-1,0,-1,-1,-1,0,-1,1,6,6,3,-1,-1,-1,-1,-1,-1,-1,-1,0,-1
2021302101117,2021,302101117,2,9,0,11,11,6,2,0,0,0,0,0,0,0,4,1,6,6,3,-1,-1,-1,-1,-1,-1,5,E01019456,0,-1
202134NNC0191,2021,34NNC0191,1,9,0,18,19,3,7,0,0,0,0,0,0,0,0,1,6,6,3,-1,-1,-1,-1,-1,-1,-1,-1,0,-1
202131C170321,2021,31C170321,2,1,0,18,19,2,6,0,0,0,0,0,0,0,1,1,6,6,1,55,8,-1,-1,-1,-1,1,E01013920,0,-1
2021010332555,2021,010332555,1,97,0,1,1,5,1,9,9,1,0,0,0,0,1,1,6,6,3,-1,-1,-1,-1,-1,-1,-1,-1,0,-1
2021010331776,2021,010331776,2,9,0,99,99,9,9,99,99,0,9,99,9,99,2,9,6,6,3,-1,-1,-1,-1,-1,-1,-1,-1,0,-1
2021041120217,2021,041120217,4,9,0,9,9,3,5,0,0,8,0,0,0,0,0,1,6,6,3,-1,-1,-1,-1,-1,-1,-1,-1,0,-1
2021430562648,2021,430562648,1,9,0,18,19,6,2,0,0,1,0,0,0,0,0,1,6,6,2,31,6,-1,-1,-1,-1,-1,-1,0,-1
2021440185853,2021,440185853,2,1,0,18,19,7,3,0,0,8,0,0,0,0,3,1,6,6,1,68,10,-1,-1,-1,-1,3,E01017020,0,-1
2021440409550,2021,440409550,2,1,0,18,19,5,1,0,0,8,0,0,0,0,2,1,6,6,2,57,9,-1,-1,-1,-1,10,E01022863,0,-1
2021332100555,2021,332100555,1,5,0,18,19,3,7,0,0,8,1,10,0,0,1,1,6,6,1,43,7,-1,-1,-1,-1,3,E01025703,0,-1
2021052102623,2021,052102623,1,9,0,18,19,3,7,0,0,0,0,0,0,0,1,1,6,6,1,27,6,-1,-1,-1,-1,2,E01006907,0,-1
2021302101101,2021,302101101,2,9,0,18,19,6,2,0,0,1,0,0,0,0,1,1,6,6,3,-1,-1,-1,-1,-1,-1,5,E01019456,0,-1
2021610038521,2021,610038521,2,9,0,18,19,5,1,0,0,1,0,0,0,0,1,1,1,1,2,53,8,-1,-1,-1,-1,-1,-1,0,-1
2021010338058,2021,010338058,2,1,0,18,19,5,1,0,0,0,0,0,0,0,1,1,6,6,2,38,7,-1,-1,-1,-1,6,E01001292,0,-1
2021061102992,2021,061102992,2,1,0,18,19,2,6,0,0,8,0,0,0,0,1,1,6,6,1,26,6,-1,-1,-1,-1,7,E01025096,0,-1
2021122101316,2021,122101316,1,9,0,18,19,5,8,0,0,0,0,0,0,0,1,1,6,6,3,-1,-1,-1,-1,-1,-1,-1,-1,0,-1
2021052100876,2021,052100876,2,1,0,18,19,4,8,0,0,0,0,0,0,0,1,1,6,6,1,25,5,-1,-1,-1,-1,2,E01012506,0,-1
2021010291665,2021,010291665,2,1,0,18,19,7,3,0,0,8,5,0,0,0,2,1,6,6,2,23,5,-1,-1,-1,-1,2,E01032805,0,-1
2021010290580,2021,010290580,1,1,9,99,99,9,9,99,99,9,9,99,9,99,1,1,6,6,1,36,7,-1,-1,-1,-1,9,E01000382,0,-1
2021131109344,2021,131109344,2,1,0,18,19,7,3,0,0,8,0,0,0,0,1,1,5,6,2,23,5,-1,-1,-1,-1,5,E01033019,0,-1
2021041196244,2021,041196244,1,9,0,7,7,7,3,0,0,0,0,0,0,0,1,1,6,6,3,-1,-1,-1,-1,-1,-1,-1,-1,0,-1
2021201133251,2021,201133251,2,1,0,14,14,8,4,0,0,0,0,8,0,0,4,1,1,1,1,44,7,-1,-1,-1,-1,1,E01009511,0,-1
2021332100411,2021,332100411,1,9,0,5,5,6,2,0,0,1,0,0,0,0,1,1,6,6,1,-1,-1,-1,-1,-1,-1,-1,-1,0,-1
2021440080969,2021,440080969,1,9,0,18,19,2,6,0,0,1,0,0,0,0,1,1,6,6,2,31,6,-1,-1,-1,-1,7,E01023185,0,-1
2021010309529,2021,010309529,1,1,9,99,99,9,9,99,99,9,9,99,9,99,9,1,6,6,2,38,7,-1,-1,-1,-1,6,E01004218,0,-1
2021201115674,2021,201115674,2,1,0,18,19,3,7,0,0,1,0,0,0,0,1,1,2,2,1,52,8,-1,-1,-1,-1,1,E01010076,0,-1
2021430273689,2021,430273689,1,9,0,13,13,2,6,0,0,0,0,0,0,0,1,1,2,2,1,23,5,-1,-1,-1,-1,3,E01016353,0,-1
2021481054853,2021,481054853,1,9,0,18,19,3,7,0,0,2,0,0,0,0,4,1,6,6,3,-1,-1,-1,-1,-1,-1,-1,-1,0,-1
2021451020701,2021,451020701,1,9,0,18,19,1,5,0,0,0,1,0,0,0,1,1,2,2,1,33,6,-1,-1,-1,-1,6,E01003862,0,-1