collision_index,collision_year,collision_ref_no,vehicle_reference,vehicle_type,towing_and_articulation,vehicle_manoeuvre_historic,vehicle_manoeuvre,vehicle_direction_from,vehicle_direction_to,vehicle_location_restricted_lane_historic,vehicle_location_restricted_lane,junction_location,skidding_and_overturning,hit_object_in_carriageway,vehicle_leaving_carriageway,hit_object_off_carriageway,first_point_of_impact,vehicle_left_hand_drive,journey_purpose_of_driver_historic,journey_purpose_of_driver,sex_of_driver,age_of_driver,age_band_of_driver,engine_capacity_cc,propulsion_code,age_of_vehicle,generic_make_model,driver_imd_decile,lsoa_of_driver,escooter_flag,driver_distance_banding
2021170M11321,2021,170M11321,1,4,0,7,7,5,7,0,0,2,1,0,4,6,1,1,6,6,1,55,8,-1,-1,-1,-1,1,E01012121,0,-1
2021131092385,2021,131092385,1,9,0,9,9,7,3,0,0,0,0,0,0,0,-1,1,6,6,3,-1,-1,-1,-1,-1,-1,-1,-1,0,-1
2021041038644,2021,041038644,2,1,0,18,19,5,1,0,0,8,5,0,0,0,2,1,6,6,2,69,10,-1,-1,-1,-1,5,E01025201,0,-1
2021010328967,2021,010328967,2,9,0,99,99,9,9,99,99,9,9,99,9,99,1,9,6,6,3,-1,-1,-1,-1,-1,-1,-1,-1,0,-1
2021101016886,2021,101016886,1,19,0,5,5,3,5,0,0,0,0,0,0,0,0,1,6,6,1,40,7,-1,-1,-1,-1,-1,-1,0,-1
2021010308370,2021,010308370,2,9,0,7,7,7,1,0,0,1,0,0,0,0,1,1,6,6,1,-1,-1,-1,-1,-1,-1,-1,-1,0,-1
2021010297624,2021,010297624,2,1,0,5,5,0,5,9,9,6,1,0,0,0,1,1,1,1,1,49,8,-1,-1,-1,-1,5,E01004515,0,-1
2021231058265,2021,231058265,2,1,0,18,19,1,4,9,9,0,0,0,0,0,2,1,5,6,1,70,10,-1,-1,-1,-1,6,E01031049,0,-1
2021010346290,2021,010346290,2,9,0,4,4,1,5,0,0,0,0,0,0,0,2,1,2,2,1,45,7,-1,-1,-1,-1,7,E01033093,0,-1
2021052101128,2021,052101128,1,9,0,11,11,3,7,0,0,0,0,0,0,0,4,1,6,6,3,-1,-1,-1,-1,-1,-1,-1,-1,0,-1
2021522104524,2021,522104524,2,5,0,18,19,3,7,0,0,4,0,0,0,0,3,1,6,6,1,60,9,-1,-1,-1,-1,-1,-1,0,-1
202163A007521,2021,63A007521,2,9,0,18,19,4,8,0,0,0,0,0,0,0,1,1,2,2,2,29,6,-1,-1,-1,-1,1,W01001924,0,-1
2021610045021,2021,610045021,2,9,0,18,19,3,7,0,0,0,0,0,0,0,1,1,6,6,1,29,6,-1,-1,-1,-1,-1,-1,0,-1
2021332100153,2021,332100153,2,9,0,18,19,0,0,0,0,8,0,0,1,1,1,1,2,2,2,26,6,-1,-1,-1,-1,2,E01025701,0,-1
2021061097830,2021,061097830,2,9,0,18,19,1,5,0,0,0,0,0,0,0,1,1,6,6,3,30,6,-1,-1,-1,-1,2,E01005652,0,-1
2021070515842,2021,070515842,2,1,0,16,19,8,3,0,0,0,0,0,0,0,3,1,6,6,1,51,8,-1,-1,-1,-1,10,E01018667,0,-1
2021010316494,2021,010316494,2,9,0,99,99,9,9,99,99,9,9,99,9,99,9,9,6,6,3,-1,-1,-1,-1,-1,-1,-1,-1,0,-1
2021010341913,2021,010341913,2,9,0,99,99,9,9,99,99,9,9,99,9,99,9,9,6,6,3,-1,-1,-1,-1,-1,-1,-1,-1,0,-1
2021141036028,2021,141036028,3,1,0,18,19,3,7,0,0,0,0,0,1,0,3,1,1,1,2,50,8,-1,-1,-1,-1,1,E01007737,0,-1
2021052102817,2021,052102817,1,9,0,18,19,5,1,0,0,4,0,0,0,0,3,1,6,6,2,67,10,-1,-1,-1,-1,7,E01007198,0,-1
2021991029731,2021,991029731,2,1,0,18,19,5,2,0,0,1,5,0,0,0,1,1,1,1,1,53,8,-1,-1,-1,-1,4,-1,0,-1
2021010310934,2021,010310934,2,1,0,18,19,3,7,0,0,0,0,0,0,0,3,1,6,6,1,12,3,-1,-1,-1,-1,2,E01003194,0,-1
202160Z094843,2021,60Z094843,2,9,0,16,19,3,7,0,0,0,0,0,1,10,1,1,6,6,2,55,8,-1,-1,-1,-1,-1,-1,0,-1
2021010318219,2021,010318219,1,8,0,99,99,9,9,99,99,0,9,99,9,99,9,9,6,6,1,40,7,-1,-1,-1,-1,3,E01003035,0,-1
2021311135155,2021,311135155,1,9,0,6,6,2,2,0,0,0,0,0,0,0,3,1,5,6,2,30,6,-1,-1,-1,-1,9,E01019486,0,-1
2021221105600,2021,221105600,1,1,0,18,19,8,4,0,0,8,0,0,0,0,4,1,2,2,1,37,7,-1,-1,-1,-1,6,E01032403,0,-1
2021010290214,2021,010290214,1,1,0,18,19,5,1,0,0,1,0,0,0,0,1,1,6,6,2,31,6,-1,-1,-1,-1,-1,-1,0,-1
202160Z048250,2021,60Z048250,2,98,0,3,3,7,3,0,0,2,0,0,0,0,2,1,1,1,1,56,9,-1,-1,-1,-1,-1,-1,0,-1
2021522102146,2021,522102146,2,1,0,18,19,7,3,0,0,0,0,0,0,0,1,1,6,6,1,20,4,-1,-1,-1,-1,-1,-1,0,-1
2021052101563,2021,052101563,1,4,0,17,19,-1,-1,0,0,0,0,0,0,0,1,1,6,6,1,22,5,-1,-1,-1,-1,4,E01006846,0,-1
2021440420317,2021,440420317,1,1,0,18,19,7,3,0,0,8,0,0,0,0,1,1,2,2,1,44,7,-1,-1,-1,-1,6,E01017029,0,-1
2021031119442,2021,031119442,1,9,0,10,10,3,8,0,0,1,0,0,0,0,3,1,6,6,3,-1,-1,-1,-1,-1,-1,-1,-1,0,-1
2021010351853,2021,010351853,1,1,9,99,99,9,9,99,99,9,9,99,9,99,1,1,6,6,1,40,7,-1,-1,-1,-1,4,E01000745,0,-1
2021461128841,2021,461128841,1,9,0,18,19,8,7,0,0,0,2,0,1,9,1,1,6,6,1,49,8,-1,-1,-1,-1,-1,-1,0,-1
2021010313222,2021,010313222,2,1,0,9,9,7,4,0,0,1,0,0,0,0,1,1,6,6,2,52,8,-1,-1,-1,-1,5,E01003340,0,-1
2021411024120,2021,411024120,2,1,-1,18,19,5,2,0,0,8,0,0,0,0,-1,1,5,6,1,56,9,-1,-1,-1,-1,7,E01033314,0,-1
2021332101504,2021,332101504,2,19,0,18,19,1,5,0,0,0,0,0,0,0,0,1,6,6,1,24,5,-1,-1,-1,-1,-1,-1,0,-1
2021451092598,2021,451092598,1,9,0,1,1,1,5,9,9,1,0,0,0,0,1,1,6,6,1,40,7,-1,-1,-1,-1,-1,-1,0,-1
2021010326823,2021,010326823,1,11,9,99,99,9,9,99,99,0,9,99,9,99,9,1,6,6,3,-1,-1,-1,-1,-1,-1,-1,-1,0,-1
2021052100096,2021,052100096,2,1,0,18,19,5,1,0,0,8,0,0,0,0,4,1,2,2,1,39,7,-1,-1,-1,-1,5,E01007299,0,-1
2021010337078,2021,010337078,1,1,9,99,99,9,9,99,99,9,9,99,9,99,1,1,2,2,1,32,6,-1,-1,-1,-1,1,E01001857,0,-1
2021320056099,2021,320056099,1,9,0,11,11,6,2,0,0,1,0,0,0,0,4,1,1,1,1,32,6,-1,-1,-1,-1,4,E01026268,0,-1
2021451077449,2021,451077449,1,1,0,18,19,6,4,0,0,0,0,0,0,0,0,1,1,1,1,31,6,-1,-1,-1,-1,10,E01030489,0,-1
2021061074728,2021,061074728,1,9,0,18,19,1,1,0,0,1,0,0,0,0,1,1,6,6,1,30,6,-1,-1,-1,-1,-1,-1,0,-1
2021161122367,2021,161122367,2,1,0,18,19,7,3,4,4,8,0,0,0,0,4,1,6,6,1,65,9,-1,-1,-1,-1,1,E01026109,0,-1
202131A016121,2021,31A016121,2,1,0,18,19,8,4,9,9,0,0,0,0,0,1,1,6,6,2,49,8,-1,-1,-1,-1,3,E01028254,0,-1
2021052100249,2021,052100249,1,9,0,18,19,3,7,0,0,8,0,0,0,0,4,1,6,6,3,-1,-1,-1,-1,-1,-1,-1,-1,0,-1
202163A027721,2021,63A027721,2,1,0,18,19,1,5,0,0,0,0,0,0,0,3,1,6,6,1,59,9,-1,-1,-1,-1,10,W01000665,0,-1
2021010314019,2021,010314019,2,9,0,99,99,9,9,99,99,9,9,99,9,99,2,9,6,6,1,31,6,-1,-1,-1,-1,9,E01030612,0,-1
2021010331701,2021,010331701,1,1,9,99,99,9,9,99,99,0,9,99,9,99,1,1,2,2,2,20,4,-1,-1,-1,-1,2,E01004524,0,-1
2021041058939,2021,041058939,2,9,0,4,4,1,5,0,0,0,0,0,0,0,2,1,5,6,1,48,8,-1,-1,-1,-1,-1,-1,0,-1
2021421044638,2021,421044638,2,1,0,18,19,6,2,9,9,0,0,0,0,0,1,1,2,2,1,52,8,-1,-1,-1,-1,7,E01021952,0,-1
2021610039721,2021,610039721,1,9,0,18,19,1,6,0,0,1,0,0,0,0,1,1,6,6,2,25,5,-1,-1,-1,-1,-1,-1,0,-1
2021361016972,2021,361016972,1,9,0,18,19,2,6,0,0,0,0,0,0,0,1,1,5,6,2,73,10,-1,-1,-1,-1,4,E01026695,0,-1
2021010315647,2021,010315647,2,1,0,18,19,4,8,9,9,1,0,0,0,0,1,1,4,7,1,17,4,-1,-1,-1,-1,10,E01030327,0,-1
2021430443273,2021,430443273,2,9,0,1,1,8,4,0,0,0,0,0,0,0,2,1,6,6,1,-1,-1,-1,-1,-1,-1,-1,-1,0,-1
2021440064737,2021,440064737,1,9,0,18,19,2,8,0,0,0,0,10,7,4,4,1,6,6,1,29,6,-1,-1,-1,-1,5,E01017324,0,-1
2021522103773,2021,522103773,2,19,0,9,9,5,3,0,0,8,0,0,0,0,3,1,6,6,3,30,6,-1,-1,-1,-1,-1,-1,0,-1
2021010296388,2021,010296388,2,19,9,99,99,9,9,99,99,9,9,99,9,99,9,1,6,6,3,-1,-1,-1,-1,-1,-1,-1,-1,0,-1
2021010313215,2021,010313215,2,1,0,18,19,3,7,0,0,4,0,0,0,0,1,1,6,6,1,29,6,-1,-1,-1,-1,4,E01033579,0,-1
202134NNC0191,2021,34NNC0191,3,9,0,2,2,0,0,0,0,0,0,0,0,0,2,1,6,6,3,-1,-1,-1,-1,-1,-1,-1,-1,0,-1
2021010302283,2021,010302283,2,9,0,99,99,9,9,99,99,9,9,99,9,99,1,9,6,6,3,-1,-1,-1,-1,-1,-1,-1,-1,0,-1
2021201070962,2021,201070962,1,9,0,18,19,-1,-1,0,0,0,0,0,0,0,1,1,6,6,3,-1,-1,-1,-1,-1,-1,-1,-1,0,-1
2021421093331,2021,421093331,1,98,1,18,19,1,5,0,0,0,0,0,0,0,3,1,6,6,3,-1,-1,-1,-1,-1,-1,-1,-1,0,-1
2021471054855,2021,471054855,1,-1,0,18,19,7,3,9,9,1,0,0,0,0,1,1,6,6,3,-1,-1,-1,-1,-1,-1,-1,-1,1,-1
2021070471507,2021,070471507,2,9,0,7,7,7,1,0,0,1,0,0,0,0,0,1,6,6,3,-1,-1,-1,-1,-1,-1,-1,-1,0,-1
2021010298839,2021,010298839,1,1,9,99,99,9,9,99,99,9,9,99,9,99,1,1,6,6,1,28,6,-1,-1,-1,-1,6,E01003100,0,-1
2021501119556,2021,501119556,1,19,0,18,19,3,7,0,0,0,0,0,0,0,3,1,1,1,1,54,8,-1,-1,-1,-1,-1,-1,0,-1
2021211065762,2021,211065762,3,19,0,18,19,7,3,0,0,0,0,0,0,0,2,1,6,6,1,32,6,-1,-1,-1,-1,8,E01029577,0,-1
2021052102393,2021,052102393,1,-1,0,18,19,4,8,0,0,8,0,0,0,0,4,1,6,6,2,36,7,-1,-1,-1,-1,1,E01006540,1,-1
202160Z053540,2021,60Z053540,1,98,0,18,19,6,2,0,0,0,0,4,0,0,1,1,1,1,1,26,6,-1,-1,-1,-1,-1,-1,0,-1
2021141055008,2021,141055008,2,9,0,-1,-1,4,6,-1,-1,0,-1,-1,-1,0,-1,1,6,6,3,-1,-1,-1,-1,-1,-1,-1,-1,0,-1
2021052102036,2021,052102036,1,19,0,18,19,5,1,0,0,8,0,0,0,0,0,1,1,1,1,23,5,-1,-1,-1,-1,1,E01004818,0,-1
2021010305870,2021,010305870,2,1,9,99,99,9,9,99,99,9,9,99,9,99,1,1,2,2,2,26,6,-1,-1,-1,-1,-1,-1,0,-1
2021430000885,2021,430000885,1,9,0,9,9,3,1,0,0,8,0,0,0,0,3,1,6,6,1,-1,-1,-1,-1,-1,-1,-1,-1,0,-1
2021161018006,2021,161018006,1,1,0,18,19,7,3,0,0,0,5,0,0,0,0,1,2,2,2,35,6,-1,-1,-1,-1,2,E01012775,0,-1
2021201104886,2021,201104886,1,9,0,18,19,8,4,0,0,0,0,0,0,0,1,1,6,6,3,-1,-1,-1,-1,-1,-1,-1,-1,0,-1
2021041059948,2021,041059948,1,9,0,18,19,1,5,0,0,0,0,0,0,0,0,1,6,6,3,-1,-1,-1,-1,-1,-1,-1,-1,0,-1
2021052101448,2021,052101448,1,9,0,4,4,3,7,0,0,0,0,0,0,0,2,1,6,6,3,-1,-1,-1,-1,-1,-1,-1,-1,0,-1
2021471039238,2021,471039238,1,9,0,9,9,4,2,0,0,1,0,0,0,0,1,1,6,6,2,34,6,-1,-1,-1,-1,2,E01021049,0,-1
2021010306531,2021,010306531,1,1,9,99,99,9,9,99,99,9,9,99,9,99,9,1,6,6,2,23,5,-1,-1,-1,-1,2,E01004233,0,-1
202160Z116159,2021,60Z116159,2,9,0,17,19,1,6,0,0,0,0,0,0,0,3,1,6,6,1,61,9,-1,-1,-1,-1,-1,-1,0,-1
2021471054616,2021,471054616,1,1,0,18,19,2,6,0,0,1,0,0,0,0,1,1,1,1,1,54,8,-1,-1,-1,-1,-1,-1,0,-1
2021101085900,2021,101085900,1,9,0,9,9,7,3,0,0,0,0,0,0,0,0,1,6,6,1,-1,-1,-1,-1,-1,-1,-1,-1,0,-1
2021501129575,2021,501129575,2,9,0,3,3,2,6,0,0,0,0,0,0,0,2,1,5,6,1,49,8,-1,-1,-1,-1,8,E01015035,0,-1
2021052102424,2021,052102424,2,1,0,14,14,7,3,0,0,0,0,0,0,0,1,1,1,1,1,26,6,-1,-1,-1,-1,1,E01006675,0,-1
2021401100667,2021,401100667,2,98,1,18,19,5,1,0,0,0,0,0,0,0,3,1,1,1,1,64,9,-1,-1,-1,-1,-1,-1,0,-1
202160Z132469,2021,60Z132469,4,9,0,18,19,8,4,0,0,0,0,0,0,0,0,1,6,6,3,-1,-1,-1,-1,-1,-1,-1,-1,0,-1
2021471113473,2021,471113473,2,1,0,17,19,8,5,0,0,0,0,0,0,0,1,1,5,6,1,55,8,-1,-1,-1,-1,6,E01021204,0,-1
2021010344381,2021,010344381,1,1,9,99,99,9,9,99,99,9,9,99,9,99,1,1,2,2,3,25,5,-1,-1,-1,-1,4,E01001945,0,-1
2021371087039,2021,371087039,2,1,0,17,19,1,5,0,0,0,0,0,0,0,2,1,5,6,1,66,10,-1,-1,-1,-1,10,E01014617,0,-1
2021471105103,2021,471105103,1,9,0,11,11,1,5,0,0,3,0,0,0,0,-1,1,6,6,3,-1,-1,-1,-1,-1,-1,-1,-1,0,-1
2021010294215,2021,010294215,1,23,0,2,2,0,0,3,2,0,0,0,0,0,0,1,6,6,3,-1,-1,-1,-1,-1,-1,-1,-1,0,-1
2021041052586,2021,041052586,1,1,0,18,19,1,5,0,0,0,0,0,0,0,0,1,5,6,2,56,9,-1,-1,-1,-1,4,E01025523,0,-1
2021430183626,2021,430183626,3,9,0,18,19,2,6,0,0,0,0,0,0,0,0,1,6,6,3,-1,-1,-1,-1,-1,-1,-1,-1,0,-1
2021010299290,2021,010299290,2,19,9,99,99,9,9,99,99,9,9,99,9,99,9,9,6,6,3,31,6,-1,-1,-1,-1,-1,-1,0,-1
2021010309084,2021,010309084,1,-1,0,18,19,1,5,0,0,1,2,0,0,0,0,1,6,6,2,21,5,-1,-1,-1,-1,-1,-1,1,-1
2021161068261,2021,161068261,1,1,0,18,19,3,7,0,0,0,0,0,0,0,1,1,5,6,1,36,7,-1,-1,-1,-1,1,E01012805,0,-1
2021122101350,2021,122101350,1,9,0,18,19,1,5,0,0,1,0,0,0,0,1,1,6,6,3,-1,-1,-1,-1,-1,-1,-1,-1,0,-1
2021010328685,2021,010328685,1,1,9,99,99,9,9,99,99,9,9,99,9,99,1,1,1,1,1,24,5,-1,-1,-1,-1,3,E01000010,0,-1
2021531030056,2021,531030056,1,98,0,18,19,1,5,0,0,0,0,0,0,0,0,1,6,6,3,-1,-1,-1,-1,-1,-1,-1,-1,0,-1
2021010299136,2021,010299136,2,1,0,18,19,2,6,0,0,8,0,0,0,0,3,1,2,2,2,33,6,-1,-1,-1,-1,5,E01004225,0,-1
2021461088300,2021,461088300,1,19,0,9,9,2,6,0,0,8,0,0,0,0,3,1,6,6,1,27,6,-1,-1,-1,-1,-1,-1,0,-1
2021622100533,2021,622100533,2,1,0,18,19,6,2,0,0,0,0,0,0,0,2,1,6,6,2,16,4,-1,-1,-1,-1,2,W01001885,0,-1
2021131087601,2021,131087601,2,1,0,18,19,7,3,0,0,1,0,0,0,0,1,1,2,2,1,28,6,-1,-1,-1,-1,5,E01033008,0,-1
2021010325103,2021,010325103,1,1,9,99,99,9,9,99,99,9,9,99,9,99,9,1,6,6,2,27,6,-1,-1,-1,-1,-1,-1,0,-1
202160Z070165,2021,60Z070165,1,98,0,5,5,6,2,0,0,1,0,0,0,0,1,1,1,1,1,35,6,-1,-1,-1,-1,-1,-1,0,-1
2021522200235,2021,522200235,2,1,0,15,15,5,1,0,0,8,0,0,0,0,3,1,6,6,1,24,5,-1,-1,-1,-1,7,E01014701,0,-1
2021010323578,2021,010323578,1,1,9,99,99,9,9,99,99,9,9,99,9,99,9,1,1,1,1,18,4,-1,-1,-1,-1,6,E01004621,0,-1
2021052101504,2021,052101504,1,1,0,18,19,5,1,0,0,8,0,0,0,0,3,1,6,6,1,76,11,-1,-1,-1,-1,1,E01006950,0,-1
2021010325254,2021,010325254,1,1,9,99,99,9,9,99,99,9,9,99,9,99,1,1,2,2,1,33,6,-1,-1,-1,-1,-1,-1,0,-1
2021010308318,2021,010308318,1,2,0,18,19,1,5,0,0,1,0,0,0,0,1,1,6,6,3,-1,-1,-1,-1,-1,-1,-1,-1,0,-1
2021991095082,2021,991095082,1,-1,0,18,19,2,6,0,0,0,1,0,1,7,4,1,5,6,1,20,4,-1,-1,-1,-1,3,-1,1,-1
2021440439410,2021,440439410,2,1,0,18,19,3,7,0,0,8,0,0,0,0,1,1,2,2,1,48,8,-1,-1,-1,-1,6,E01022761,0,-1
202131C055321,2021,31C055321,1,9,0,18,19,7,3,0,0,0,0,0,0,0,1,1,6,6,1,-1,-1,-1,-1,-1,-1,-1,-1,0,-1
2021010335666,2021,010335666,2,-1,0,18,19,8,4,0,0,1,0,0,0,0,1,1,6,6,1,49,8,-1,-1,-1,-1,-1,-1,1,-1
2021141104264,2021,141104264,2,-1,0,-1,-1,-1,-1,-1,-1,0,0,0,0,0,-1,1,6,6,1,13,3,-1,-1,-1,-1,3,E01007480,1,-1
2021201086273,2021,201086273,1,9,0,16,19,7,2,0,0,0,0,0,0,0,1,1,6,6,3,-1,-1,-1,-1,-1,-1,-1,-1,0,-1
2021070422148,2021,070422148,3,17,0,10,10,1,5,0,0,1,0,0,0,0,0,1,1,1,1,21,5,-1,-1,-1,-1,-1,-1,0,-1
2021520104191,2021,520104191,2,1,0,18,19,5,1,0,0,8,0,0,0,0,1,1,6,6,1,72,10,-1,-1,-1,-1,5,E01029108,0,-1
2021010350150,2021,010350150,1,1,9,99,99,9,9,99,99,9,9,99,9,99,9,1,1,1,1,20,4,-1,-1,-1,-1,2,E01002877,0,-1
2021543280621,2021,543280621,1,9,0,18,19,3,7,0,0,0,0,0,0,0,-1,1,6,6,3,-1,-1,-1,-1,-1,-1,-1,-1,0,-1
2021010306733,2021,010306733,2,1,0,15,15,8,4,0,0,1,0,0,0,0,4,1,6,6,1,30,6,-1,-1,-1,-1,9,E01004094,0,-1
2021170H10971,2021,170H10971,1,2,0,18,19,8,4,0,0,1,0,0,0,0,1,1,6,6,3,-1,-1,-1,-1,-1,-1,-1,-1,0,-1
202160Z181015,2021,60Z181015,1,9,0,18,19,6,2,0,0,8,0,0,0,0,1,1,1,1,2,61,9,-1,-1,-1,-1,-1,-1,0,-1
2021610030621,2021,610030621,1,9,0,18,19,8,4,0,0,0,0,0,0,0,1,1,6,6,1,42,7,-1,-1,-1,-1,-1,-1,0,-1
202163A102721,2021,63A102721,1,9,0,18,19,4,7,0,0,0,0,0,0,0,1,1,6,6,1,39,7,-1,-1,-1,-1,-1,-1,0,-1
2021461066368,2021,461066368,2,9,0,4,4,3,7,0,0,0,0,0,0,0,2,1,6,6,1,44,7,-1,-1,-1,-1,9,E01024754,0,-1
2021451096763,2021,451096763,2,1,0,16,19,5,1,0,0,1,5,0,0,0,1,1,5,6,1,52,8,-1,-1,-1,-1,2,E01000901,0,-1
2021430129022,2021,430129022,2,9,0,18,19,4,8,0,0,0,0,0,0,0,1,1,6,6,3,-1,-1,-1,-1,-1,-1,-1,-1,0,-1
2021440075259,2021,440075259,1,1,0,9,9,6,4,0,0,8,0,0,0,0,4,1,6,6,1,26,6,-1,-1,-1,-1,4,E01032756,0,-1
2021461058371,2021,461058371,1,9,0,4,4,2,6,0,0,1,0,0,7,0,1,1,6,6,1,26,6,-1,-1,-1,-1,10,E01021228,0,-1
2021010313950,2021,010313950,2,9,0,99,99,9,9,99,99,9,9,99,9,99,9,9,6,6,3,-1,-1,-1,-1,-1,-1,-1,-1,0,-1
2021041043136,2021,041043136,2,9,0,18,19,3,7,0,0,0,0,0,1,0,1,1,5,6,1,20,4,-1,-1,-1,-1,7,E01025609,0,-1
2021010333384,2021,010333384,2,97,9,5,5,5,1,99,99,0,9,99,0,0,1,1,6,6,3,-1,-1,-1,-1,-1,-1,-1,-1,0,-1
2021610047221,2021,610047221,1,9,0,18,19,4,8,0,0,0,2,0,0,0,1,1,6,6,1,45,7,-1,-1,-1,-1,3,E01009302,0,-1
2021061046382,2021,061046382,1,1,0,18,19,2,6,0,0,1,0,0,0,0,1,1,5,6,1,25,5,-1,-1,-1,-1,7,E01005156,0,-1
2021010348261,2021,010348261,2,1,0,12,12,1,5,2,2,5,0,0,0,0,1,1,1,1,1,30,6,-1,-1,-1,-1,2,E01000556,0,-1
2021010317002,2021,010317002,1,1,9,99,99,9,9,99,99,9,9,99,9,99,9,1,6,6,1,53,8,-1,-1,-1,-1,4,E01002718,0,-1
2021010340932,2021,010340932,1,3,0,99,99,9,9,99,99,9,9,99,9,99,1,1,6,6,1,43,7,-1,-1,-1,-1,3,E01002058,0,-1
2021430391758,2021,430391758,2,9,0,18,19,3,7,0,0,8,0,0,0,0,4,1,6,6,1,75,10,-1,-1,-1,-1,-1,-1,0,-1
2021471077396,2021,471077396,2,1,0,11,11,6,2,0,0,8,0,0,0,0,1,1,2,2,1,26,6,-1,-1,-1,-1,7,E01016997,0,-1
2021421028278,2021,421028278,1,9,0,18,19,5,1,0,0,0,0,0,1,0,1,1,5,6,1,81,11,-1,-1,-1,-1,5,E01022014,0,-1
2021031072203,2021,031072203,1,1,0,9,9,7,5,0,0,8,0,0,0,0,1,1,5,6,2,62,9,-1,-1,-1,-1,-1,-1,0,-1
2021451064695,2021,451064695,1,1,0,18,19,3,7,0,0,1,2,0,0,0,0,1,2,2,1,31,6,-1,-1,-1,-1,4,E01003332,0,-1
202160Z037198,2021,60Z037198,1,9,0,16,19,5,1,0,0,0,1,0,0,0,1,1,6,6,1,19,4,-1,-1,-1,-1,-1,-1,0,-1
2021010325656,2021,010325656,1,1,0,99,99,9,9,0,0,8,0,0,0,0,3,1,6,6,1,13,3,-1,-1,-1,-1,9,E01001382,0,-1
2021451035157,2021,451035157,2,9,0,18,19,1,6,0,0,0,0,0,0,0,1,1,1,1,1,48,8,-1,-1,-1,-1,8,E01030927,0,-1
2021010303346,2021,010303346,2,1,0,18,19,5,1,2,2,1,0,0,0,0,1,1,6,6,2,27,6,-1,-1,-1,-1,4,E01003114,0,-1
2021061124676,2021,061124676,2,1,0,18,19,5,1,0,0,1,0,0,0,0,3,1,6,6,1,20,4,-1,-1,-1,-1,3,E01005312,0,-1
2021471016863,2021,471016863,2,1,0,18,19,5,1,0,0,8,0,0,0,0,2,1,5,6,1,53,8,-1,-1,-1,-1,4,E01031562,0,-1
2021010313006,2021,010313006,2,19,0,16,19,1,3,0,0,8,0,0,0,0,2,1,6,6,3,-1,-1,-1,-1,-1,-1,-1,-1,0,-1
2021332100689,2021,332100689,2,3,0,18,19,7,3,0,0,8,0,0,0,0,1,1,2,2,1,30,6,-1,-1,-1,-1,1,E01013722,0,-1
2021501083333,2021,501083333,1,9,0,18,19,1,5,0,0,1,0,0,0,0,1,1,6,6,3,-1,-1,-1,-1,-1,-1,-1,-1,0,-1
2021070073020,2021,070073020,2,1,0,18,19,6,2,0,0,8,0,0,0,0,4,1,6,6,2,11,3,-1,-1,-1,-1,2,E01012537,0,-1
2021302101059,2021,302101059,2,1,0,18,19,4,1,0,0,1,0,0,0,0,1,1,6,6,2,52,8,-1,-1,-1,-1,10,E01013520,0,-1
2021061077869,2021,061077869,2,1,0,-1,-1,-1,-1,-1,-1,-1,-1,-1,-1,0,-1,1,6,6,1,19,4,-1,-1,-1,-1,4,E01005896,0,-1
2021170S10491,2021,170S10491,1,9,0,7,7,3,5,0,0,8,0,0,0,0,0,1,6,6,3,-1,-1,-1,-1,-1,-1,-1,-1,0,-1
2021010300707,2021,010300707,2,1,0,13,13,1,5,0,0,0,0,0,7,0,1,1,1,1,1,46,8,-1,-1,-1,-1,7,E01001538,0,-1
2021201132113,2021,201132113,2,1,0,18,19,4,8,0,0,0,0,0,0,0,1,1,6,6,1,53,8,-1,-1,-1,-1,1,E01008929,0,-1
2021010328653,2021,010328653,1,-1,0,18,19,1,5,0,0,1,0,0,1,0,1,2,2,2,1,59,9,-1,-1,-1,-1,4,E01001009,1,-1
2021520103909,2021,520103909,1,9,0,18,19,6,4,0,0,8,0,0,0,0,4,1,6,6,1,49,8,-1,-1,-1,-1,2,E01029299,0,-1
2021351030654,2021,351030654,2,22,0,18,19,8,4,0,0,1,0,0,0,0,3,1,6,6,1,42,7,-1,-1,-1,-1,3,E01018083,0,-1
2021461097457,2021,461097457,2,1,0,18,19,3,7,0,0,0,0,0,0,0,1,1,5,6,1,73,10,-1,-1,-1,-1,-1,-1,0,-1
2021010291517,2021,010291517,1,9,0,18,19,1,5,0,0,0,0,0,0,0,1,1,6,6,2,-1,-1,-1,-1,-1,-1,-1,-1,0,-1
2021052102096,2021,052102096,2,1,0,18,19,1,5,0,0,1,0,0,0,0,4,1,6,6,1,18,4,-1,-1,-1,-1,1,E01006903,0,-1
202154C394721,2021,54C394721,2,1,0,18,19,4,8,0,0,1,0,0,0,0,3,1,6,6,1,72,10,-1,-1,-1,-1,2,E01032023,0,-1
2021430274572,2021,430274572,1,1,0,18,19,5,1,0,0,1,0,10,0,0,3,1,6,6,2,79,11,-1,-1,-1,-1,6,E01016388,0,-1
2021010304429,2021,010304429,2,1,0,15,15,7,3,0,0,0,0,0,0,0,3,1,6,6,2,28,6,-1,-1,-1,-1,3,E01003182,0,-1
2021421102385,2021,421102385,2,1,0,9,9,5,1,0,0,6,0,0,0,0,1,1,6,6,1,15,3,-1,-1,-1,-1,9,E01022073,0,-1
2021461070597,2021,461070597,1,9,0,18,19,3,7,0,0,1,0,0,0,0,4,1,6,6,1,-1,-1,-1,-1,-1,-1,-1,-1,0,-1
2021010331521,2021,010331521,2,1,0,7,7,5,7,0,0,8,0,0,0,0,1,1,2,2,2,56,9,-1,-1,-1,-1,3,E01004676,0,-1
2021531079621,2021,531079621,1,9,0,-1,-1,-1,-1,-1,-1,2,0,-1,-1,0,-1,1,6,6,3,-1,-1,-1,-1,-1,-1,-1,-1,0,-1
2021070110815,2021,070110815,1,90,0,18,19,5,1,0,0,0,1,0,7,2,4,1,2,2,1,22,5,-1,-1,-1,-1,2,E01012379,0,-1
2021201077990,2021,201077990,2,9,0,18,19,4,8,0,0,0,0,0,0,0,3,1,1,1,1,47,8,-1,-1,-1,-1,1,E01013755,0,-1
2021161119744,2021,161119744,2,1,0,18,19,-1,-1,0,0,8,0,0,0,0,1,1,6,6,3,-1,-1,-1,-1,-1,-1,-1,-1,0,-1
2021010305151,2021,010305151,1,1,9,99,99,9,9,99,99,9,9,99,9,99,9,1,6,6,1,36,7,-1,-1,-1,-1,1,E01001979,0,-1
202160Z044749,2021,60Z044749,1,9,0,1,1,3,1,0,0,2,0,0,0,0,2,1,6,6,1,49,8,-1,-1,-1,-1,-1,-1,0,-1