collision_index,collision_year,collision_ref_no,vehicle_reference,vehicle_type,towing_and_articulation,vehicle_manoeuvre_historic,vehicle_manoeuvre,vehicle_direction_from,vehicle_direction_to,vehicle_location_restricted_lane_historic,vehicle_location_restricted_lane,junction_location,skidding_and_overturning,hit_object_in_carriageway,vehicle_leaving_carriageway,hit_object_off_carriageway,first_point_of_impact,vehicle_left_hand_drive,journey_purpose_of_driver_historic,journey_purpose_of_driver,sex_of_driver,age_of_driver,age_band_of_driver,engine_capacity_cc,propulsion_code,age_of_vehicle,generic_make_model,driver_imd_decile,lsoa_of_driver,escooter_flag,driver_distance_banding
2021061037229,2021,061037229,1,1,0,-1,-1,-1,-1,-1,-1,0,-1,-1,-1,0,1,1,2,2,1,44,7,-1,-1,-1,-1,1,E01033687,0,-1
2021430371113,2021,430371113,2,2,0,18,19,7,3,0,0,0,0,0,0,0,1,1,6,6,1,23,5,-1,-1,-1,-1,-1,-1,0,-1
2021302101101,2021,302101101,1,1,0,4,4,6,2,0,0,1,0,0,0,0,2,1,6,6,1,42,7,-1,-1,-1,-1,2,E01019441,0,-1
2021471115698,2021,471115698,2,1,0,5,5,2,6,0,0,4,0,0,0,0,2,1,5,6,1,57,9,-1,-1,-1,-1,3,E01020922,0,-1
2021161064475,2021,161064475,1,9,0,18,19,5,1,0,0,0,0,0,0,0,1,1,6,6,1,-1,-1,-1,-1,-1,-1,-1,-1,0,-1
2021041024268,2021,041024268,1,9,0,18,19,1,5,0,0,4,0,0,0,0,1,1,6,6,3,-1,-1,-1,-1,-1,-1,-1,-1,0,-1
2021061034135,2021,061034135,1,1,0,18,19,7,3,0,0,0,0,0,0,0,2,1,6,6,1,40,7,-1,-1,-1,-1,10,E01005048,0,-1
2021101050046,2021,101050046,1,9,0,18,19,7,3,0,0,1,0,0,0,0,1,1,1,1,1,57,9,-1,-1,-1,-1,9,E01008443,0,-1
2021501017234,2021,501017234,1,9,0,1,1,1,2,9,9,0,0,0,0,0,2,1,5,6,1,78,11,-1,-1,-1,-1,2,E01015096,0,-1
2021052100215,2021,052100215,1,19,0,9,9,8,6,0,0,3,0,0,0,0,4,1,6,6,1,46,8,-1,-1,-1,-1,5,E01004899,0,-1
2021610006421,2021,610006421,1,9,0,12,12,5,1,0,0,0,0,0,0,0,1,1,6,6,2,35,6,-1,-1,-1,-1,-1,-1,0,-1
2021991110747,2021,991110747,1,9,0,18,19,6,1,0,0,1,0,0,0,0,1,1,6,6,3,18,4,-1,-1,-1,-1,-1,-1,0,-1
2021201143313,2021,201143313,1,98,0,13,13,4,8,0,0,1,5,0,0,0,1,1,6,6,1,19,4,-1,-1,-1,-1,2,E01009495,0,-1
2021041151140,2021,041151140,1,9,0,-1,-1,-1,-1,-1,-1,-1,-1,-1,-1,-1,1,1,6,6,1,-1,-1,-1,-1,-1,-1,-1,-1,0,-1
2021010304011,2021,010304011,2,1,9,99,99,9,9,99,99,0,9,99,9,99,9,1,6,6,1,-1,-1,-1,-1,-1,-1,-1,-1,0,-1
2021440467729,2021,440467729,1,1,0,18,19,7,3,0,0,0,0,0,0,0,1,1,6,6,1,26,6,-1,-1,-1,-1,-1,-1,0,-1
2021991050557,2021,991050557,1,9,0,13,13,5,1,0,0,0,0,0,0,0,4,1,6,6,3,40,7,-1,-1,-1,-1,-1,-1,0,-1
2021221103810,2021,221103810,2,19,0,4,4,6,2,0,0,8,0,0,0,0,2,1,5,6,1,40,7,-1,-1,-1,-1,7,E01029746,0,-1
2021461031975,2021,461031975,2,1,0,9,9,5,3,0,0,6,0,0,0,0,2,1,2,2,1,30,6,-1,-1,-1,-1,4,E01032800,0,-1
2021501152407,2021,501152407,2,9,0,16,19,1,5,0,0,0,1,0,0,0,1,1,5,6,1,74,10,-1,-1,-1,-1,7,E01020273,0,-1
2021421096676,2021,421096676,2,9,0,5,5,3,6,0,0,3,0,0,0,0,1,1,6,6,3,-1,-1,-1,-1,-1,-1,-1,-1,0,-1
2021010293983,2021,010293983,2,9,0,18,19,1,5,0,0,1,0,0,0,0,1,1,6,6,3,-1,-1,-1,-1,-1,-1,-1,-1,0,-1
2021461046291,2021,461046291,1,4,0,17,19,8,4,0,0,0,0,0,0,0,1,1,6,6,1,26,6,-1,-1,-1,-1,3,E01024263,0,-1
2021332100481,2021,332100481,1,1,0,18,19,5,1,0,0,8,0,0,0,0,1,1,6,6,1,33,6,-1,-1,-1,-1,2,E01013776,0,-1
2021461081026,2021,461081026,1,9,0,18,19,6,2,0,0,0,0,0,0,0,3,1,6,6,3,-1,-1,-1,-1,-1,-1,-1,-1,0,-1
2021201080811,2021,201080811,1,9,-1,-1,-1,-1,-1,-1,-1,0,-1,-1,-1,0,-1,1,6,6,3,-1,-1,-1,-1,-1,-1,-1,-1,0,-1
2021052102038,2021,052102038,2,1,0,18,19,5,1,0,0,0,0,0,0,0,0,1,2,2,1,35,6,-1,-1,-1,-1,1,E01006646,0,-1
2021351073674,2021,351073674,2,1,0,18,19,3,7,0,0,0,0,0,0,0,1,1,2,2,2,23,5,-1,-1,-1,-1,8,E01018000,0,-1
2021131061472,2021,131061472,2,9,0,7,7,3,4,0,0,1,0,0,0,0,1,1,6,6,3,-1,-1,-1,-1,-1,-1,-1,-1,0,-1
2021010343674,2021,010343674,2,9,9,99,99,9,9,99,99,9,9,99,9,99,9,9,6,6,3,-1,-1,-1,-1,-1,-1,-1,-1,0,-1
2021430213440,2021,430213440,1,9,0,2,2,0,0,6,6,2,0,0,0,0,1,1,6,6,1,-1,-1,-1,-1,-1,-1,-1,-1,0,-1
2021010325030,2021,010325030,1,1,0,99,99,9,9,0,0,8,0,0,0,0,2,1,2,2,1,38,7,-1,-1,-1,-1,1,E01001957,0,-1
2021610004121,2021,610004121,2,9,0,18,19,4,6,0,0,1,0,0,0,0,4,1,6,6,2,64,9,-1,-1,-1,-1,-1,-1,0,-1
2021010297042,2021,010297042,2,-1,0,5,5,1,5,0,0,1,0,0,0,0,3,1,6,6,2,42,7,-1,-1,-1,-1,5,E01000488,1,-1
2021101049738,2021,101049738,1,90,0,18,19,-1,-1,0,0,0,0,0,0,0,1,1,6,6,2,-1,-1,-1,-1,-1,-1,-1,-1,0,-1
2021421108302,2021,421108302,2,1,0,18,19,3,7,0,0,0,0,0,0,0,1,1,5,6,1,77,11,-1,-1,-1,-1,5,E01015992,0,-1
2021141093969,2021,141093969,2,9,0,-1,-1,-1,-1,-1,-1,0,-1,-1,-1,0,-1,1,6,6,3,-1,-1,-1,-1,-1,-1,-1,-1,0,-1
2021332100785,2021,332100785,2,9,0,4,4,6,2,0,0,0,0,0,0,0,2,1,6,6,1,19,4,-1,-1,-1,-1,8,E01025663,0,-1
2021451022731,2021,451022731,2,9,0,18,19,1,2,0,0,0,0,0,0,0,0,1,6,6,2,62,9,-1,-1,-1,-1,-1,-1,0,-1
2021411073944,2021,411073944,2,-1,0,18,19,1,5,0,0,0,0,0,0,0,1,1,6,6,1,40,7,-1,-1,-1,-1,9,E01023299,1,-1
2021010299779,2021,010299779,1,1,9,99,99,9,9,99,99,9,9,99,9,99,9,1,6,6,1,24,5,-1,-1,-1,-1,6,E01004653,0,-1
2021010311104,2021,010311104,1,1,0,99,99,9,9,99,99,8,9,99,9,99,9,1,6,6,1,21,5,-1,-1,-1,-1,9,E01000899,0,-1
202160Z160429,2021,60Z160429,1,9,0,18,19,7,2,0,0,4,0,0,0,0,2,1,6,6,2,40,7,-1,-1,-1,-1,-1,-1,0,-1
2021320544746,2021,320544746,1,9,0,18,19,4,8,0,0,0,0,0,0,0,3,1,6,6,3,40,7,-1,-1,-1,-1,-1,-1,0,-1
2021010318798,2021,010318798,1,1,0,9,9,3,1,0,0,2,1,0,0,0,3,1,1,1,2,36,7,-1,-1,-1,-1,3,E01002771,0,-1
202160Z054455,2021,60Z054455,1,9,0,7,7,3,7,0,0,8,0,0,0,0,4,1,6,6,2,82,11,-1,-1,-1,-1,-1,-1,0,-1
2021430244368,2021,430244368,2,1,0,14,14,1,5,0,0,1,0,0,0,0,4,1,6,6,1,57,9,-1,-1,-1,-1,10,E01016591,0,-1
2021320226235,2021,320226235,1,9,0,18,19,6,2,0,0,0,0,0,0,0,1,1,6,6,1,40,7,-1,-1,-1,-1,-1,-1,0,-1
2021052100586,2021,052100586,1,1,0,18,19,4,8,0,0,0,0,0,0,0,1,1,6,6,1,5,1,-1,-1,-1,-1,1,E01006572,0,-1
2021440362915,2021,440362915,1,1,0,17,19,8,6,0,0,2,1,0,0,0,1,1,4,7,1,13,3,-1,-1,-1,-1,-1,-1,0,-1
2021010337097,2021,010337097,1,19,0,99,99,9,9,99,99,9,9,99,9,99,9,9,1,1,1,56,9,-1,-1,-1,-1,8,E01030654,0,-1
2021010343735,2021,010343735,2,2,0,18,19,1,5,0,0,8,0,0,0,0,1,1,6,6,3,-1,-1,-1,-1,-1,-1,-1,-1,0,-1
2021421105759,2021,421105759,2,1,0,18,19,3,7,0,0,1,0,0,0,0,1,1,2,2,1,31,6,-1,-1,-1,-1,7,E01021412,0,-1
2021461067539,2021,461067539,1,9,0,7,7,3,6,0,0,0,1,0,0,0,1,1,6,6,1,62,9,-1,-1,-1,-1,2,E01024775,0,-1
202134WNC6341,2021,34WNC6341,1,9,0,18,19,1,5,0,0,8,0,0,0,0,1,1,6,6,3,-1,-1,-1,-1,-1,-1,-1,-1,0,-1
2021052102886,2021,052102886,2,1,0,18,19,1,5,0,0,0,0,0,0,0,1,1,6,6,1,34,6,-1,-1,-1,-1,1,E01007295,0,-1
2021010347472,2021,010347472,2,1,0,4,4,6,2,0,0,8,0,0,0,0,1,1,6,6,1,59,9,-1,-1,-1,-1,4,E01003685,0,-1
2021451028342,2021,451028342,2,1,0,13,13,3,1,0,0,0,0,0,0,0,1,1,6,6,1,26,6,-1,-1,-1,-1,10,E01030999,0,-1
2021332100296,2021,332100296,2,9,0,2,2,0,0,9,9,0,0,0,0,0,2,1,6,6,2,34,6,-1,-1,-1,-1,1,E01013728,0,-1
2021991089297,2021,991089297,1,9,0,9,9,3,1,0,0,5,0,0,0,0,4,1,6,6,1,40,7,-1,-1,-1,-1,-1,-1,0,-1
2021320401497,2021,320401497,1,9,0,5,5,6,8,0,0,6,0,0,0,0,0,1,6,6,3,40,7,-1,-1,-1,-1,-1,-1,0,-1
2021010291470,2021,010291470,1,1,9,99,99,9,9,99,99,0,9,99,9,99,9,1,6,6,2,48,8,-1,-1,-1,-1,1,E01033598,0,-1
2021332100497,2021,332100497,1,18,0,18,19,3,7,0,0,8,0,0,0,0,4,1,6,6,1,25,5,-1,-1,-1,-1,3,E01025992,0,-1
2021010302013,2021,010302013,2,1,9,99,99,9,9,99,99,9,9,99,9,99,9,1,6,6,2,-1,-1,-1,-1,-1,-1,3,E01001238,0,-1
2021010296459,2021,010296459,1,9,9,99,99,9,9,0,0,5,9,99,9,99,9,9,6,6,3,-1,-1,-1,-1,-1,-1,-1,-1,0,-1
2021332100920,2021,332100920,1,9,0,7,7,5,7,0,0,4,0,0,0,0,1,1,6,6,2,18,4,-1,-1,-1,-1,6,E01013757,0,-1
2021332100115,2021,332100115,2,19,0,5,5,6,2,0,0,4,0,0,0,0,1,1,1,1,2,62,9,-1,-1,-1,-1,6,E01025867,0,-1
2021531064728,2021,531064728,2,90,0,18,19,8,4,0,0,1,0,0,0,0,1,1,6,6,1,9,2,-1,-1,-1,-1,5,E01022218,0,-1
2021010313132,2021,010313132,1,1,0,5,5,0,5,0,0,1,0,0,0,0,1,1,6,6,1,31,6,-1,-1,-1,-1,4,E01002754,0,-1
2021440106671,2021,440106671,2,1,0,18,19,6,2,0,0,1,0,0,0,0,4,1,6,6,1,24,5,-1,-1,-1,-1,9,E01033384,0,-1
202160Z182511,2021,60Z182511,1,9,0,18,19,1,5,0,0,0,0,0,0,0,0,1,6,6,1,84,11,-1,-1,-1,-1,-1,-1,0,-1
2021010314501,2021,010314501,2,1,0,18,19,4,8,0,0,0,0,0,0,0,4,1,1,1,1,25,5,-1,-1,-1,-1,2,E01002002,0,-1
202160Z056896,2021,60Z056896,1,9,0,18,19,1,5,0,0,1,0,0,0,0,0,1,6,6,3,-1,-1,-1,-1,-1,-1,-1,-1,0,-1
2021170S30171,2021,170S30171,1,9,0,9,9,1,7,0,0,8,0,0,0,0,1,1,6,6,2,23,5,-1,-1,-1,-1,10,E01020829,0,-1
202163B093021,2021,63B093021,1,19,0,18,19,1,5,0,0,0,1,0,1,4,4,1,6,6,1,27,6,-1,-1,-1,-1,1,W01000511,0,-1
2021010311751,2021,010311751,1,1,0,18,19,7,3,0,0,1,0,0,0,0,0,1,6,6,2,30,6,-1,-1,-1,-1,3,E01004430,0,-1
2021131037857,2021,131037857,1,9,0,9,9,3,1,0,0,5,0,0,0,0,-1,1,6,6,3,30,6,-1,-1,-1,-1,-1,-1,0,-1
2021010334914,2021,010334914,1,9,0,13,13,3,7,0,0,1,0,0,7,4,1,1,6,6,1,28,6,-1,-1,-1,-1,5,E01004347,0,-1
2021122100628,2021,122100628,1,1,0,18,19,1,5,0,0,8,0,0,0,0,4,1,2,2,1,35,6,-1,-1,-1,-1,7,E01013419,0,-1
2021010295839,2021,010295839,2,90,0,99,99,9,9,99,99,0,9,99,9,99,1,1,6,6,3,31,6,-1,-1,-1,-1,4,E01001615,0,-1
2021320716636,2021,320716636,1,19,0,18,19,4,8,0,0,0,0,0,0,0,1,1,6,6,3,-1,-1,-1,-1,-1,-1,-1,-1,0,-1
2021010304935,2021,010304935,1,1,9,99,99,9,9,99,99,9,9,99,9,99,9,1,6,6,1,31,6,-1,-1,-1,-1,9,E01004640,0,-1
2021010330761,2021,010330761,1,1,9,99,99,9,9,99,99,9,9,99,9,99,9,1,6,6,1,37,7,-1,-1,-1,-1,5,E01033711,0,-1
202131C061821,2021,31C061821,3,9,0,11,11,8,4,0,0,8,0,0,0,0,0,1,6,6,3,-1,-1,-1,-1,-1,-1,-1,-1,0,-1
2021010311786,2021,010311786,2,9,0,15,15,1,5,0,0,0,0,0,0,0,1,1,6,6,3,-1,-1,-1,-1,-1,-1,-1,-1,0,-1
202163A054121,2021,63A054121,1,19,0,9,9,7,4,0,0,8,0,0,0,0,2,1,6,6,1,50,8,-1,-1,-1,-1,3,W01001923,0,-1
2021302101839,2021,302101839,1,19,0,18,19,8,4,0,0,0,0,0,0,0,4,1,6,6,3,-1,-1,-1,-1,-1,-1,5,E01019456,0,-1
2021010344758,2021,010344758,1,1,9,99,99,9,9,99,99,9,9,99,9,99,1,1,2,2,1,46,8,-1,-1,-1,-1,8,E01001211,0,-1
2021371015913,2021,371015913,2,9,0,18,19,2,6,0,0,1,0,0,7,0,1,1,1,1,1,43,7,-1,-1,-1,-1,5,E01026911,0,-1
2021552100795,2021,552100795,1,9,0,18,19,2,6,0,0,0,0,4,0,0,1,1,1,1,1,44,7,-1,-1,-1,-1,7,E01020357,0,-1
2021201056019,2021,201056019,1,98,1,18,19,7,3,0,0,0,0,0,0,0,3,2,1,1,1,38,7,-1,-1,-1,-1,-1,-1,0,-1
2021010325835,2021,010325835,3,9,9,18,19,1,5,99,99,9,9,99,0,0,2,9,6,6,3,-1,-1,-1,-1,-1,-1,8,E01001596,0,-1
202160Z142792,2021,60Z142792,1,9,0,9,9,8,6,0,0,1,0,0,0,0,1,1,6,6,2,36,7,-1,-1,-1,-1,-1,-1,0,-1
2021052100608,2021,052100608,2,1,0,14,14,1,5,0,0,0,0,0,0,0,1,1,6,6,2,29,6,-1,-1,-1,-1,3,E01033401,0,-1
2021161076796,2021,161076796,2,1,0,18,19,8,4,9,9,1,0,0,0,0,4,1,5,6,1,14,3,-1,-1,-1,-1,1,E01012786,0,-1
2021991060212,2021,991060212,2,90,0,3,3,5,1,0,0,0,0,0,0,0,2,1,1,1,1,30,6,-1,-1,-1,-1,10,-1,0,-1
2021131066630,2021,131066630,1,9,0,18,19,3,7,0,0,0,0,0,0,0,1,1,1,1,1,34,6,-1,-1,-1,-1,3,E01011322,0,-1
2021052101554,2021,052101554,1,19,0,13,13,5,1,0,0,8,0,0,0,0,4,1,6,6,3,-1,-1,-1,-1,-1,-1,-1,-1,0,-1
2021061105905,2021,061105905,2,1,0,18,19,1,5,0,0,1,0,0,0,0,-1,1,6,6,2,34,6,-1,-1,-1,-1,6,E01004983,0,-1
2021010290568,2021,010290568,2,1,0,16,19,1,5,0,0,1,2,0,0,0,0,1,6,6,1,33,6,-1,-1,-1,-1,3,E01002695,0,-1
2021610029321,2021,610029321,1,19,0,18,19,1,5,0,0,0,0,0,0,0,0,1,6,6,1,38,7,-1,-1,-1,-1,-1,-1,0,-1
2021371125462,2021,371125462,1,-1,0,18,19,8,4,0,0,8,5,0,0,0,1,1,5,6,1,15,3,-1,-1,-1,-1,1,E01029994,1,-1
2021361130520,2021,361130520,3,1,0,18,19,3,7,0,0,0,0,0,0,0,0,1,5,6,1,22,5,-1,-1,-1,-1,6,E01019321,0,-1
2021520104511,2021,520104511,2,1,0,18,19,5,2,0,0,8,0,0,0,0,3,1,6,6,1,25,5,-1,-1,-1,-1,1,E01029297,0,-1
2021010320690,2021,010320690,1,1,0,18,19,5,1,4,4,1,0,0,0,0,1,1,1,1,1,31,6,-1,-1,-1,-1,3,E01004028,0,-1
2021010318013,2021,010318013,1,97,0,15,15,5,1,0,0,1,0,0,0,0,1,1,6,6,3,-1,-1,-1,-1,-1,-1,-1,-1,0,-1
2021332100278,2021,332100278,1,9,0,9,9,7,5,0,0,5,0,0,7,2,1,1,6,6,1,54,8,-1,-1,-1,-1,6,E01013771,0,-1
2021430415432,2021,430415432,2,1,0,18,19,4,8,0,0,8,0,0,0,0,0,1,6,6,2,51,8,-1,-1,-1,-1,7,E01028720,0,-1
2021610062921,2021,610062921,2,9,0,2,2,0,0,0,0,0,0,0,0,0,4,1,6,6,3,-1,-1,-1,-1,-1,-1,-1,-1,0,-1
2021010290017,2021,010290017,1,1,9,99,99,9,9,99,99,9,9,99,9,99,1,1,2,2,1,40,7,-1,-1,-1,-1,8,E01030845,0,-1
2021221028030,2021,221028030,1,9,0,18,19,3,7,0,0,0,2,0,1,1,2,1,5,6,1,19,4,-1,-1,-1,-1,10,E01032549,0,-1
2021070650409,2021,070650409,1,4,0,18,19,7,3,0,0,2,0,0,0,0,1,1,6,6,1,29,6,-1,-1,-1,-1,2,E01018388,0,-1
2021622100759,2021,622100759,5,9,0,2,2,0,0,0,0,1,0,0,0,0,2,1,6,6,3,-1,-1,-1,-1,-1,-1,-1,-1,0,-1
2021302101844,2021,302101844,3,11,0,18,19,6,2,0,0,1,0,0,0,0,0,1,1,1,3,-1,-1,-1,-1,-1,-1,5,E01019456,0,-1
2021221025244,2021,221025244,1,1,0,18,19,5,1,0,0,0,0,0,0,0,3,1,5,6,1,77,11,-1,-1,-1,-1,3,E01009209,0,-1
202160Z138166,2021,60Z138166,2,9,0,18,19,6,2,0,0,1,0,0,0,0,1,1,6,6,1,59,9,-1,-1,-1,-1,-1,-1,0,-1
202131C045821,2021,31C045821,2,-1,0,18,19,6,2,2,2,8,0,0,0,0,3,2,6,6,1,19,4,-1,-1,-1,-1,2,E01013843,1,-1
2021501039762,2021,501039762,2,1,0,18,19,5,1,0,0,3,0,0,0,0,3,1,6,6,1,38,7,-1,-1,-1,-1,4,E01020130,0,-1
2021531049859,2021,531049859,1,98,0,18,19,1,5,0,0,0,0,0,0,0,4,1,6,6,3,-1,-1,-1,-1,-1,-1,-1,-1,0,-1
2021320332149,2021,320332149,2,1,0,18,19,2,6,-1,-1,8,5,0,0,0,1,1,6,6,1,66,10,-1,-1,-1,-1,6,E01026404,0,-1
2021501098113,2021,501098113,3,9,0,3,3,4,8,0,0,1,0,0,0,0,2,1,3,7,2,39,7,-1,-1,-1,-1,4,E01019980,0,-1
2021332100847,2021,332100847,1,9,0,9,9,7,5,0,0,5,0,0,0,0,1,1,2,2,2,58,9,-1,-1,-1,-1,1,E01013638,0,-1
2021451107231,2021,451107231,1,19,0,18,19,5,1,0,0,0,0,0,0,0,4,1,6,6,3,40,7,-1,-1,-1,-1,-1,-1,0,-1
2021501068427,2021,501068427,1,9,0,16,19,8,4,0,0,0,1,0,0,0,1,1,2,2,1,17,4,-1,-1,-1,-1,1,E01018870,0,-1
2021201130469,2021,201130469,1,9,0,18,19,6,2,0,0,0,0,0,0,0,1,1,6,6,1,-1,-1,-1,-1,-1,-1,-1,-1,0,-1
2021122200384,2021,122200384,2,1,0,18,19,8,4,0,0,4,0,0,0,0,3,1,6,6,1,42,7,-1,-1,-1,-1,9,E01013356,0,-1
2021461069160,2021,461069160,2,9,0,2,2,0,0,0,0,0,0,0,0,0,2,1,6,6,3,-1,-1,-1,-1,-1,-1,-1,-1,0,-1
2021501162278,2021,501162278,1,9,0,2,2,0,0,0,0,0,0,0,0,0,0,1,1,1,2,54,8,-1,-1,-1,-1,6,E01020241,0,-1
2021170L20661,2021,170L20661,1,9,0,3,3,2,6,0,0,2,0,0,0,0,2,1,6,6,1,36,7,-1,-1,-1,-1,1,E01012074,0,-1
2021361075097,2021,361075097,1,9,0,13,13,4,8,0,0,0,0,0,0,0,1,1,6,6,3,-1,-1,-1,-1,-1,-1,-1,-1,0,-1
2021361058251,2021,361058251,3,1,0,18,19,1,5,9,9,0,0,0,0,0,0,1,5,6,2,46,8,-1,-1,-1,-1,2,E01018070,0,-1
202160Z076837,2021,60Z076837,2,4,0,18,19,6,2,0,0,4,0,0,0,0,3,1,1,1,1,19,4,-1,-1,-1,-1,-1,-1,0,-1
2021320258041,2021,320258041,2,1,0,18,19,3,7,0,0,1,5,0,0,0,3,1,4,7,2,15,3,-1,-1,-1,-1,4,E01026028,0,-1
2021991019285,2021,991019285,2,22,0,18,19,7,3,0,0,8,0,0,0,0,1,1,5,6,2,46,8,-1,-1,-1,-1,1,-1,0,-1
2021221095560,2021,221095560,2,1,0,18,19,6,2,0,0,8,0,0,0,0,1,1,5,6,1,31,6,-1,-1,-1,-1,5,E01014154,0,-1
2021991084015,2021,991084015,2,1,0,18,19,8,4,0,0,8,5,0,0,0,1,1,6,6,2,67,10,-1,-1,-1,-1,9,-1,0,-1
2021520101897,2021,520101897,1,9,0,18,19,5,2,0,0,1,0,0,0,0,1,1,6,6,1,73,10,-1,-1,-1,-1,9,E01029076,0,-1
2021430250398,2021,430250398,1,9,0,18,19,8,4,0,0,0,0,0,0,0,1,1,6,6,3,-1,-1,-1,-1,-1,-1,-1,-1,0,-1
2021010305146,2021,010305146,1,3,0,99,99,9,9,99,99,0,9,99,9,99,1,1,6,6,1,18,4,-1,-1,-1,-1,1,E01004399,0,-1
2021041107012,2021,041107012,1,9,0,18,19,1,2,0,0,0,5,0,0,0,1,1,5,6,1,17,4,-1,-1,-1,-1,3,E01006359,0,-1
2021522102092,2021,522102092,2,5,0,18,19,7,3,0,0,8,0,0,0,0,1,1,6,6,3,-1,-1,-1,-1,-1,-1,-1,-1,0,-1
2021101040223,2021,101040223,1,1,-1,18,19,1,5,0,0,0,0,0,0,0,-1,1,6,6,1,-1,-1,-1,-1,-1,-1,-1,-1,0,-1
2021461116411,2021,461116411,2,9,0,9,9,1,7,0,0,1,0,0,0,0,1,1,6,6,1,63,9,-1,-1,-1,-1,8,E01024828,0,-1
202163A100821,2021,63A100821,1,9,0,7,7,8,4,0,0,5,0,0,0,0,1,1,6,6,2,39,7,-1,-1,-1,-1,6,W01000630,0,-1
2021010317014,2021,010317014,2,1,0,18,19,8,4,0,0,1,5,0,0,0,1,1,1,1,1,26,6,-1,-1,-1,-1,4,E01002088,0,-1
2021010307177,2021,010307177,2,90,0,18,19,1,5,0,0,1,0,0,0,0,3,1,6,6,1,24,5,-1,-1,-1,-1,2,E01002810,0,-1
2021010303374,2021,010303374,1,-1,0,15,15,2,6,4,4,1,0,0,0,0,1,1,4,7,2,14,3,-1,-1,-1,-1,4,E01004612,1,-1
2021361036121,2021,361036121,2,1,0,18,19,1,5,0,0,8,5,0,0,0,2,1,6,6,1,35,6,-1,-1,-1,-1,-1,-1,0,-1
2021141115150,2021,141115150,2,9,0,17,19,7,4,0,0,0,0,0,0,0,1,1,5,6,1,38,7,-1,-1,-1,-1,8,E01007672,0,-1
2021211144232,2021,211144232,3,90,0,18,19,1,5,0,0,0,0,0,0,0,1,1,6,6,1,33,6,-1,-1,-1,-1,5,E01029702,0,-1
2021991055048,2021,991055048,2,1,0,18,19,7,4,0,0,0,0,0,0,0,2,1,5,6,1,59,9,-1,-1,-1,-1,1,-1,0,-1
2021010310769,2021,010310769,1,1,0,18,19,2,6,0,0,8,0,0,0,0,1,1,2,2,1,52,8,-1,-1,-1,-1,3,E01004329,0,-1
2021461128542,2021,461128542,2,1,0,18,19,1,5,0,0,0,0,0,0,0,1,1,5,6,1,14,3,-1,-1,-1,-1,2,E01024315,0,-1
2021430538383,2021,430538383,1,9,0,16,19,3,5,0,0,8,1,0,0,0,4,1,6,6,2,67,10,-1,-1,-1,-1,10,E01028736,0,-1
2021161116121,2021,161116121,1,9,0,18,19,1,5,0,0,1,0,0,0,0,2,1,6,6,2,41,7,-1,-1,-1,-1,7,E01012989,0,-1
2021170S10771,2021,170S10771,1,1,0,18,19,6,2,0,0,1,0,0,0,0,4,1,4,7,1,16,4,-1,-1,-1,-1,5,E01012191,0,-1
2021010325646,2021,010325646,2,9,0,99,99,9,9,99,99,9,9,99,9,99,1,9,6,6,3,-1,-1,-1,-1,-1,-1,2,E01003256,0,-1
2021221032416,2021,221032416,2,1,0,18,19,7,3,0,0,0,0,0,4,6,3,1,5,6,2,13,3,-1,-1,-1,-1,-1,-1,0,-1
2021101052730,2021,101052730,1,9,0,18,19,6,2,0,0,0,0,0,0,0,3,1,6,6,1,-1,-1,-1,-1,-1,-1,-1,-1,0,-1
2021302100146,2021,302100146,2,1,0,18,19,6,2,0,0,1,0,0,0,0,1,1,6,6,1,67,10,-1,-1,-1,-1,8,E01019426,0,-1
2021010336223,2021,010336223,2,-1,0,18,19,3,7,0,0,8,0,0,0,0,4,1,6,6,2,25,5,-1,-1,-1,-1,6,E01002789,1,-1
2021061052416,2021,061052416,1,1,0,18,19,1,5,0,0,8,0,0,0,0,4,1,4,7,1,12,3,-1,-1,-1,-1,1,E01005070,0,-1
2021471086501,2021,471086501,2,1,0,18,19,3,7,0,0,0,0,0,0,0,2,1,6,6,1,13,3,-1,-1,-1,-1,7,E01031782,0,-1
2021141074177,2021,141074177,1,9,0,18,19,3,7,0,0,4,0,0,0,0,1,1,1,1,1,32,6,-1,-1,-1,-1,2,E01007651,0,-1
2021991083976,2021,991083976,2,90,0,3,3,3,7,0,0,2,0,0,0,0,2,1,6,6,3,60,9,-1,-1,-1,-1,-1,-1,0,-1
2021991075959,2021,991075959,2,8,0,18,19,6,2,0,0,1,0,0,0,0,4,1,6,6,1,30,6,-1,-1,-1,-1,-1,-1,0,-1
2021421093417,2021,421093417,2,1,0,18,19,1,5,0,0,2,0,0,0,0,1,1,2,2,1,43,7,-1,-1,-1,-1,7,E01021898,0,-1
2021351061139,2021,351061139,2,1,0,9,9,5,1,0,0,1,0,0,0,0,4,1,2,2,1,42,7,-1,-1,-1,-1,9,E01018032,0,-1
2021221124983,2021,221124983,1,9,0,18,19,4,8,0,0,8,0,0,0,0,1,1,2,2,1,64,9,-1,-1,-1,-1,6,E01022303,0,-1
2021440498855,2021,440498855,2,19,0,16,19,5,1,0,0,0,0,0,0,0,0,1,6,6,1,-1,-1,-1,-1,-1,-1,-1,-1,0,-1
2021430214430,2021,430214430,1,9,0,16,19,2,4,0,0,0,0,0,0,0,3,1,1,1,1,27,6,-1,-1,-1,-1,3,E01016454,0,-1
2021520105640,2021,520105640,1,9,0,18,19,8,4,0,0,8,0,0,0,0,1,1,6,6,1,21,5,-1,-1,-1,-1,4,E01029196,0,-1
2021201141995,2021,201141995,7,9,0,2,2,0,0,9,9,0,0,0,0,0,1,1,6,6,3,-1,-1,-1,-1,-1,-1,-1,-1,0,-1
2021440100335,2021,440100335,1,-1,0,18,19,7,7,0,0,0,0,0,0,0,3,1,6,6,2,26,6,-1,-1,-1,-1,5,E01017126,1,-1
2021332101059,2021,332101059,2,-1,0,18,19,1,5,0,0,0,0,0,0,0,2,1,6,6,2,11,3,-1,-1,-1,-1,1,E01013679,1,-1
2021361062237,2021,361062237,2,1,0,18,19,2,6,0,0,1,0,0,0,0,2,1,6,6,1,20,4,-1,-1,-1,-1,8,E01026860,0,-1
2021221125344,2021,221125344,2,1,0,18,19,1,5,0,0,0,0,0,0,0,3,1,2,2,2,34,6,-1,-1,-1,-1,7,E01028988,0,-1
2021991095091,2021,991095091,2,1,0,18,19,1,5,0,0,1,0,0,0,0,4,1,5,6,1,11,3,-1,-1,-1,-1,4,-1,0,-1